url,city
https://www.ubereats.com/san-francisco/food-delivery/nations-giant-hamburgers-el-cerrito/BRfAcJJXRfyZoX_Y8HU0MQ,hercules-california
https://www.ubereats.com/san-francisco/food-delivery/pho-craze/WQDdKP-xSBW6_8NRwkH9Gg,hercules-california
https://www.ubereats.com/san-francisco/food-delivery/jack-in-the-box-2689-pinole-valley-rd/agsTjMRRShyGbevEbFJGGA,hercules-california
https://www.ubereats.com/san-francisco/food-delivery/krispy-krunchy-chicken-richmond-3/DxgHEdK1T2WKQKVBZi2wzA,hercules-california
https://www.ubereats.com/san-francisco/food-delivery/krispy-krunchy-chicken-1474-broadway-ave/c0ki4hVYRV-tMJk_uxOM4A,hercules-california
https://www.ubereats.com/san-francisco/food-delivery/cinco-de-mayo-center/gFxecPImQFaqfBePyPyqCA,hercules-california
https://www.ubereats.com/san-francisco/food-delivery/mr-pickles-sandwich-shop-el-cerrito/QOYitDwhRt2EFpSLXO6yDw,hercules-california
https://www.ubereats.com/san-francisco/food-delivery/mcdonalds-14480-san-pablo/u2OnLBunSVKw1v8ZF1M7OQ,hercules-california
https://www.ubereats.com/san-francisco/food-delivery/red-lobster-1180-admiral-callaghan-lane/ZnHw3Q2sTYqVNMgTRIXUDg,hercules-california
https://www.ubereats.com/san-francisco/food-delivery/finas-pizza/YuTPqDeHQZKkuuY6phqDsQ,hercules-california
https://www.ubereats.com/san-francisco/food-delivery/jamba-juice-804a-southampton-rd/7pzT05TOTXWDe0-65rr_DA,hercules-california
https://www.ubereats.com/san-francisco/food-delivery/tsing-tao/F1bMgKe8T9mY6MZQ512d_A,hercules-california
https://www.ubereats.com/san-francisco/food-delivery/isshin-ramen-house/Jpz3JMoCQ1C-XXLksMr5Rg,hercules-california
https://www.ubereats.com/san-francisco/food-delivery/chevys-157-plaza-drive/zCZWGrRTTpyr3aUN2JSV_g,hercules-california
https://www.ubereats.com/san-francisco/food-delivery/tjs-cafe/7bfkTumORsO4_pbRd3J2kA,hercules-california
https://www.ubereats.com/san-francisco/food-delivery/la-vals-pizza-albany/wb7pa0AiTViogc4ejAVxkQ,hercules-california
https://www.ubereats.com/san-francisco/food-delivery/ohana-hawaiian-bbq/SyqFKz_JR4CgE3vi5EL0Kg,hercules-california
https://www.ubereats.com/san-francisco/food-delivery/starbucks-fitzgerald-%26-appian-pinole/PCv0d7hfTKKL0WzYcERi7g,hercules-california
https://www.ubereats.com/san-francisco/food-delivery/taco-bell-40-san-pablo-towne-ctr/RBqJo-CKSYqqFPexA_GP6A,hercules-california
https://www.ubereats.com/san-francisco/food-delivery/starbucks-pinole-valley-rd-%26-i-80/rzHaDP8VSEqn0mDwTxPi_w,hercules-california
https://www.ubereats.com/san-francisco/food-delivery/kfc-1544-fitzgerald-dr/CHyzZntDRficnhGRik2arA,hercules-california
https://www.ubereats.com/san-francisco/food-delivery/sushi-29/Ng2Pz752RuihacBpnztyNg,hercules-california
https://www.ubereats.com/san-francisco/food-delivery/your-way-pizza/CaKmNLbjTnSQyqSJmtbGyg,hercules-california
https://www.ubereats.com/san-francisco/food-delivery/nations-giant-hamburgers-vallejo/LtNJhifATXmR62ia2_8yaQ,hercules-california
https://www.ubereats.com/san-francisco/food-delivery/zomsa/1FYUmdHvTrKi85U74dDkDQ,hercules-california
https://www.ubereats.com/san-francisco/food-delivery/subway-2768-pinole-valley-rd/MHcl8UnhSkmIauxIlYLZWw,hercules-california
https://www.ubereats.com/san-francisco/food-delivery/bualuang-thai-cuisine/K54fe40CTTe0l7BF8p2-CA,hercules-california
https://www.ubereats.com/san-francisco/food-delivery/giant-new-york-pizza/XzKITs3FQsSmA_vwOZ6Xtg,hercules-california
https://www.ubereats.com/san-francisco/food-delivery/macaroni-grill-el-cerrito/KG8b1rFZSfybQtcknFcuyQ,hercules-california
https://www.ubereats.com/san-francisco/food-delivery/qs-halal-pizza/Xk42wjhRT-OWsWM7VwtAZQ,hercules-california
https://www.ubereats.com/san-francisco/food-delivery/jamba-juice-2794-pinole-valley-rd/KicCfMvORPG0dDoqV01pXg,hercules-california
https://www.ubereats.com/san-francisco/food-delivery/samraj-sweets-n-chat-hut/FgtG8BbiR561TXNTuMwsxw,hercules-california
https://www.ubereats.com/san-francisco/food-delivery/jack-in-the-box-14395-san-pablo-ave/_S9UxliGRcmYZaVTcZzePA,hercules-california
https://www.ubereats.com/san-francisco/food-delivery/qq-express-chinese-food/SzUdGLhQTFWZd24AjPzHwg,hercules-california
https://www.ubereats.com/san-francisco/food-delivery/vanessas-bistro/6sc2FsX6Q3-tsQxIS5sNsA,hercules-california
https://www.ubereats.com/san-francisco/food-delivery/koi-sushi/TUyFDUjBQbCoDpdNYBhfAQ,hercules-california
https://www.ubereats.com/san-francisco/food-delivery/sushi-grill/C28CvFWIQ-SkSKqKnrkVBA,hercules-california
https://www.ubereats.com/san-francisco/food-delivery/starbucks-benicia/rzqwxFEEReyvuwaH1gZt2Q,hercules-california
https://www.ubereats.com/san-francisco/food-delivery/brasil-bistro/9-g6zpo3Q4-joeduA7d6Dw,hercules-california
https://www.ubereats.com/san-francisco/food-delivery/mexican-corner/ViuN3FHSR2O1ffAwT5UMSw,hercules-california
https://www.ubereats.com/san-francisco/food-delivery/kfc-1300-georgia-street/UH9pF9mjSHeYWPP5x3IYfQ,hercules-california
https://www.ubereats.com/san-francisco/food-delivery/the-original-mels-1441-fitzgerald-dr-pinole/2ldF3AtFSW2i8v8qNL1UIw,hercules-california
https://www.ubereats.com/san-francisco/food-delivery/delhi-diner/c_LletboR1GcXq91MFKNYA,hercules-california
https://www.ubereats.com/san-francisco/food-delivery/lumpia-n-desserts/7fgCEdALQsuuTIWBuPazJA,hercules-california
https://www.ubereats.com/san-francisco/food-delivery/pasquallys-pizza-%26-wings-1470-fitzgerald-drive/NxeE46p4STajs1n_Qd_RBQ,hercules-california
https://www.ubereats.com/san-francisco/food-delivery/uncle-wongs-restaurant/Ea0jqTfmS72Sz_6XxwJ1lQ,hercules-california
https://www.ubereats.com/san-francisco/food-delivery/hummingbird-bakery-%26-dessert-bar/HI9UeS_lRQCa50nWmbkOjw,hercules-california
https://www.ubereats.com/san-francisco/food-delivery/menchies-frozen-yogurt-1358-fitzgerald-drive/isSkVGUMSlSkFKTwXoTLdw,hercules-california
https://www.ubereats.com/san-francisco/food-delivery/maya-thai-laos-restaurant/wUjG2Kl9RVOsv4ajDvIFyA,hercules-california
https://www.ubereats.com/san-francisco/food-delivery/mingles-pizza/3vlIO_tjTfetcV-tee5WMg,hercules-california
https://www.ubereats.com/san-francisco/food-delivery/tacos-el-rulas/AVxJ3TJVSfmHf2dGUQQnUA,hercules-california
https://www.ubereats.com/san-francisco/food-delivery/los-cantaros-taqueria-american-canyon-ca/VIGCz1bZR4iFUQhOw_NJ6w,hercules-california
https://www.ubereats.com/san-francisco/food-delivery/four-corners-pizza-and-pasta/-43tSMVpSeu6avvNP9zCKg,hercules-california
https://www.ubereats.com/san-francisco/food-delivery/panda-express-5020-el-cerrito-plaza/FtrDIkSqRxuLWW83sc8eDQ,hercules-california
https://www.ubereats.com/san-francisco/food-delivery/wings-and-things-express/czk8sBxPRoKLS9SpVL7eTw,hercules-california
https://www.ubereats.com/san-francisco/food-delivery/burgerim-2300-el-portal-dr-unit-d/Mbi56Q_nQhSpKkaKjJHrFw,hercules-california
https://www.ubereats.com/san-francisco/food-delivery/famiglia-italian-restaurant/Wf_NxL4MTWuLQFZ1w5kINQ,hercules-california
https://www.ubereats.com/san-francisco/food-delivery/papis-pizza-roma/GXXVp_GPTZauLKeaw6542A,hercules-california
https://www.ubereats.com/san-francisco/food-delivery/chipotle-mexican-grill-2696-pinole-valley-rd/A107R-hMTmGvvrzH12Q4SQ,hercules-california
https://www.ubereats.com/san-francisco/food-delivery/dennys-250-fairgrounds-dr/su1FrcMiT6maT4ci6fnvaQ,hercules-california
https://www.ubereats.com/san-francisco/food-delivery/mountain-mikes-pizza-3340-san-pablo-dam-rd/Fv_b8r6eQBuzN4rjJ-fRKQ,hercules-california
https://www.ubereats.com/san-francisco/food-delivery/vietnam-grille/I2CtzQGLSfO3Zvz0Xe6UCA,hercules-california
https://www.ubereats.com/san-francisco/food-delivery/taqueria-morena/O0Hchsx5Scmv5I-oWURVwA,hercules-california
https://www.ubereats.com/san-francisco/food-delivery/taqueria-y-carniceria-martinez/bKgVyJMJTDeXxCFXTW-DsQ,hercules-california
https://www.ubereats.com/san-francisco/food-delivery/krispy-krunchy-chicken-pinole-2/S69qrIFoRFe1llqsxEpXLw,hercules-california
https://www.ubereats.com/san-francisco/food-delivery/americana-pizza-%26-taqueria/RTa99vt9SFK_68Rty0nd_A,hercules-california
https://www.ubereats.com/san-francisco/food-delivery/mountain-mikes-pizza-10750-san-pablo-ave/s5FHDcLCRGic0RVvLWEq6Q,hercules-california
https://www.ubereats.com/san-francisco/food-delivery/the-noodle-house/2777gLwqTkeIKzL_gZSkXA,hercules-california
https://www.ubereats.com/san-francisco/food-delivery/starbucks-san-pablo-%26-sycamore-hercules/6VDVN8LWQc2k5mzF01Wgvw,hercules-california
https://www.ubereats.com/san-francisco/food-delivery/bella-pasta/HbwzaPFCSzKreZ_67DHyYw,hercules-california
https://www.ubereats.com/san-francisco/food-delivery/subway-2315-cutting-blvd/cjz6eYS7QNWq8bebTHA9iQ,hercules-california
https://www.ubereats.com/san-francisco/food-delivery/black-bear-diner-980-admiral-callaghan-lane/d0Y5jjlBScygdX2Eq08GVQ,hercules-california
https://www.ubereats.com/san-francisco/food-delivery/a%26w-all-american-food-15555-san-pablo-ave/Xx9IUgG9TaCJiAZ2q9DmJw,hercules-california
https://www.ubereats.com/san-francisco/food-delivery/kfc-15555-san-pablo-ave/W23HTqUzS5ONFuo6d2rv7Q,hercules-california
https://www.ubereats.com/san-francisco/food-delivery/islice/KtX8Kc8TQCOrCQJk9JU2Rw,hercules-california
https://www.ubereats.com/san-francisco/food-delivery/taqueria-limon-2/OxOctZ2ZTEino58AJHI_zA,hercules-california
https://www.ubereats.com/san-francisco/food-delivery/yummy-pizza-and-sandwiches/wnS7ddPcSm25tfqpDnvKtA,hercules-california
https://www.ubereats.com/san-francisco/food-delivery/mcdonalds-richmond/5k3hQQIlSZGz-ZmEvz4qOQ,hercules-california
https://www.ubereats.com/san-francisco/food-delivery/burger-king-1571-fitzgerald-drive/iM8cw5ddRluTU7QWZ6-JtA,hercules-california
https://www.ubereats.com/san-francisco/food-delivery/curry-me-up/tazKcuz9Qu6xpLfZAxvI0g,hercules-california
https://www.ubereats.com/san-francisco/food-delivery/kfc-14400-san-pablo-avenue/N7E1iJLDTP688FvVH3P0jA,hercules-california
https://www.ubereats.com/san-francisco/food-delivery/joy-cafe/9ToNFEpVTViooDzpzulLOw,hercules-california
https://www.ubereats.com/san-francisco/food-delivery/burger-king-12999-san-pablo-avenue/fch1LcaMSB2cW4DSLhnGdA,hercules-california
https://www.ubereats.com/san-francisco/food-delivery/subway-10398-san-pablo-ave/IlGMfI1kQ32v8NBktLlxow,hercules-california
https://www.ubereats.com/san-francisco/food-delivery/hk-home-kitchen/vepMaf-UT_GvtYHmy08zEQ,hercules-california
https://www.ubereats.com/san-francisco/food-delivery/taj-grill/L33J_dMySfqmhAd-74nnxw,hercules-california
https://www.ubereats.com/san-francisco/food-delivery/el-pollo-loco-13139-san-pablo-ave3472/JEgS53wuTNCURI-PBfI8aA,hercules-california
https://www.ubereats.com/san-francisco/food-delivery/tinas-place/Dm0CvxEHRiKZwjddhjlyyQ,hercules-california
https://www.ubereats.com/san-francisco/food-delivery/portumex/Z3BsMvBtRwi8TN6PF445WA,hercules-california
https://www.ubereats.com/san-francisco/food-delivery/chicagos-pizza-with-a-twist-el-sobrante/N4wPGlf-Q5eKBW80vLORew,hercules-california
https://www.ubereats.com/san-francisco/food-delivery/mountain-mikes-pizza-848-willow-ave-suite-c-d/WK1fxV_QRt-Hrftxc12nFw,hercules-california
https://www.ubereats.com/san-francisco/food-delivery/pizzavsburrito/RKXhfwqiTGyZ5NgPUk9vRg,hercules-california
https://www.ubereats.com/san-francisco/food-delivery/sala-thai-richmond/YDf743bNR-Sv01hcJR0KfA,hercules-california
https://www.ubereats.com/san-francisco/food-delivery/subway-3800-f-klose-way/hGQC0EkKRSm-WhNDoYbJig,hercules-california
https://www.ubereats.com/san-francisco/food-delivery/dennys-2526-san-pablo/2JWcXWSdRXuC4EQK0tumEQ,hercules-california
https://www.ubereats.com/san-francisco/food-delivery/starbucks-san-pablo-dam-%26-i-80/2CXwVUKFQuu0xbbLUjuJow,hercules-california
https://www.ubereats.com/san-francisco/food-delivery/la-strada-italian-restaurant/870MivukRlqMhxZLYGrKpw,hercules-california
https://www.ubereats.com/san-francisco/food-delivery/kaliente-restaurant/4gtX5HE6QvCcBwSNgV2q7g,hercules-california
https://www.ubereats.com/san-francisco/food-delivery/ajanta-restaurant/QZTtHy57TpGzS6mA7AbeYA,hercules-california
https://www.ubereats.com/san-francisco/food-delivery/starbucks-marina-bay-%26-580/Q2ignrw9QdqgGT1PPuUN8Q,hercules-california
https://www.ubereats.com/san-francisco/food-delivery/sasa-kitchen/2A_xCeajRL-2-1tz2Bs2FA,hercules-california
https://www.ubereats.com/san-francisco/food-delivery/house-of-curries-albany/GMj_jX4nSYKj9ns0mT9ySQ,hercules-california
https://www.ubereats.com/san-francisco/food-delivery/taco-bell-700-military-west/8kOaUX6HSpSQDpWQuuM_RA,hercules-california
https://www.ubereats.com/san-francisco/food-delivery/jersey-mikes-subs-30-san-pablo-towne-ctr/bINUbxcJRuO-4ke6LHr9Gw,hercules-california
https://www.ubereats.com/san-francisco/food-delivery/zaiqa-indian-and-pakistani-cuisine/2k-0EXwIQ7eL3Rb4vUUBuA,hercules-california
https://www.ubereats.com/san-francisco/food-delivery/raymonds-pizzeria/g-QQ9fL5TM2qiFn6a_7T1g,hercules-california
https://www.ubereats.com/san-francisco/food-delivery/que-onda-tacobar/WHn2GaSWRDSBJTuZfvDGlg,hercules-california
https://www.ubereats.com/san-francisco/food-delivery/mountain-mikes-pizza-2130-columbus-pkwy/eaJgNttpQOy6xkHzqVIO2A,hercules-california
https://www.ubereats.com/san-francisco/food-delivery/kfc-12319-san-pablo-avenue/kz0lxb5EQiWAJ0LefHjOyQ,hercules-california
https://www.ubereats.com/san-francisco/food-delivery/papa-murphys-1502a-fitzgerald-drive/BHEQaaBRTf6DwYbiEd2L9g,hercules-california
https://www.ubereats.com/san-francisco/food-delivery/churchs-chicken-1920-solano-avenue/9n21yeV8S5CfeAaJ-q03hg,hercules-california
https://www.ubereats.com/san-francisco/food-delivery/snapper-seafood/tqrlHsPcT8yAEle-x0Vkqw,hercules-california
https://www.ubereats.com/san-francisco/food-delivery/subway-1572-sycamore-ave/7amu_l3ySXma-oG57oaDjw,hercules-california
https://www.ubereats.com/san-francisco/food-delivery/panda-express-4250-macdonald-ave/azrGzZgTQTOKrJ805cfjMg,hercules-california
https://www.ubereats.com/san-francisco/food-delivery/extreme-pizza-hercules/S0Me2JKtRXObvpuStIVG2Q,hercules-california
https://www.ubereats.com/san-francisco/food-delivery/taqueria-la-costa-del-sol/OEEFmPZzSZixOERxKrIJmg,hercules-california
https://www.ubereats.com/san-francisco/food-delivery/sweet-basil-thai-berkeley/tfyEx2reTfKHRo2YTMn0OQ,hercules-california
https://www.ubereats.com/san-francisco/food-delivery/aangan-indo-nepalese-cuisine/0xi36VDGSl-zo5VPVFY-7Q,hercules-california
https://www.ubereats.com/san-francisco/food-delivery/cookie-dough-parlor/dPcRYNlqR3WRN46rEmrHcA,hercules-california
https://www.ubereats.com/san-francisco/food-delivery/el-cuscatlan/M6BZuc4MSqSYVlyum2Q3BQ,hercules-california
https://www.ubereats.com/san-francisco/food-delivery/nations-giant-hamburgers-san-pablo/MJRBTwoNSeaJAXZjMDlRLw,hercules-california
https://www.ubereats.com/san-francisco/food-delivery/tempero-goiano/sraqWTLGR_SfJ9fPn8HbmQ,hercules-california
https://www.ubereats.com/san-francisco/food-delivery/sichuan-style-restaurant/u-Cb3e5xSH24URcKRh2zMw,hercules-california
https://www.ubereats.com/san-francisco/food-delivery/assemble-restaurant/roPJL2WOSXWuqEiQkQUtWw,hercules-california
https://www.ubereats.com/san-francisco/food-delivery/togos-1356-fitzgerald-dr/wnFHMrlNTdajlna8N0PagA,hercules-california
https://www.ubereats.com/san-francisco/food-delivery/pizza-guys-san-pablo/6i0uTflhSK6eWLihJKtrNw,hercules-california
https://www.ubereats.com/san-francisco/food-delivery/krispy-krunchy-chicken/MRuMtb00TtyJiAeE3kHLeQ,hercules-california
https://www.ubereats.com/san-francisco/food-delivery/silver-ocean-restaurant/v6o-neH5SOOoKljppgtCRA,hercules-california
https://www.ubereats.com/san-francisco/food-delivery/organic-meals-to-go/O8h4ezWlSBa2g2i-BDLpMA,hercules-california
https://www.ubereats.com/san-francisco/food-delivery/albany-pizza-company/ci0L5GfKQraw0ScUeKh1Sw,hercules-california
https://www.ubereats.com/san-francisco/food-delivery/mariscos-el-sinaloense/3oYsR7shSIGn1ECNdpTzjg,hercules-california
https://www.ubereats.com/san-francisco/food-delivery/harbour-way-mart/tRA6ZwKcR3emwhu1uHUwEA,hercules-california
https://www.ubereats.com/san-francisco/food-delivery/alibertos-jr-fresh-mexican-food/cjMkN1npS0m8mXbAOX5YRw,hercules-california
https://www.ubereats.com/san-francisco/food-delivery/pho-hoa-pinole/QyE7x4mXQAi7qpsOf-6hBQ,hercules-california
https://www.ubereats.com/san-francisco/food-delivery/starbucks-i-80-%26-magazine-vallejo/4JQhSnh0SseR6rEX_ctyTg,hercules-california
https://www.ubereats.com/san-francisco/food-delivery/starbucks-lincoln-%26-benicia-vallejo/IEFrjC5HRIu04aY0zJZfhQ,hercules-california
https://www.ubereats.com/san-francisco/food-delivery/chuck-e-cheese-1470-fitzgerald-dr/ibCb2vy0RIyQ3T89kQ0PAA,hercules-california
https://www.ubereats.com/san-francisco/food-delivery/five-guys-ca-1585-2782-pinole-valley-rd/Gwgbbo2WRHeVqxq_u847EQ,hercules-california
https://www.ubereats.com/san-francisco/food-delivery/round-table-pizza-1511-d-sycamore-avenue/X4C6Vq7ZRsmiFfVlE1ZSEw,hercules-california
https://www.ubereats.com/san-francisco/food-delivery/la-estrella-food-truck/1S1RJ9zXQC23uwBxwtXR3A,hercules-california
https://www.ubereats.com/san-francisco/food-delivery/katana-ya-ramen-restaurant/Rby4O9XSQaqFgTddjUfeJg,hercules-california
https://www.ubereats.com/san-francisco/food-delivery/blue-bay-thai-cuisine-san-pablo-ave/NPPfpI0OTiSSpf5vhKHWAw,hercules-california
https://www.ubereats.com/san-francisco/food-delivery/popeyes-louisiana-kitchen-10-san-pablo-town-center/1WntpUi7RxmpwGabplQDSQ,hercules-california
https://www.ubereats.com/san-francisco/food-delivery/pollos-asados-don-rafa/OzF47HUhQ0yIhLq1Vjda-Q,hercules-california
https://www.ubereats.com/san-francisco/food-delivery/churchs-chicken-11575-san-pablo-avenue/dICUiK2TTnGh_wWYKcIMww,hercules-california
https://www.ubereats.com/san-francisco/food-delivery/nations-giant-hamburgers-tara-hills/ffHQvAKqS7mVvbj3r_C4ow,hercules-california
https://www.ubereats.com/san-francisco/food-delivery/round-table-pizza-pinole/eNRRUcR-R56ILX7x9w6Saw,hercules-california
https://www.ubereats.com/san-francisco/food-delivery/mountain-mikes-pizza-1516-fitzgerald-dr/33mF2s_0Q2uyrE0N4SZxSw,hercules-california
https://www.ubereats.com/san-francisco/food-delivery/taj-express-ordermark/IibSHUGdSH-e6DbOag1-fA,hercules-california
https://www.ubereats.com/san-francisco/food-delivery/rendez-vous-cafe-bistro/oWVqwKn7TPyJSPiSs3_diQ,hercules-california
https://www.ubereats.com/san-francisco/food-delivery/cheese-steak-shop-pinole/ACe85cWIR_CEWpgN1mqVlw,hercules-california
https://www.ubereats.com/san-francisco/food-delivery/la-quetzalteca/E-E1iLrGRJaBKHhBJlylAQ,hercules-california
https://www.ubereats.com/san-francisco/food-delivery/krispy-krunchy-chicken/ABkqQ4BNTr2OmUiLMBWJiw,hercules-california
https://www.ubereats.com/san-francisco/food-delivery/panda-express-1041-arnold-drive/7-NZAOl-QXiumdd_z3QgoQ,hercules-california
https://www.ubereats.com/san-francisco/food-delivery/quetzal-taqueria-and-antojitos/O2wcPNxwSKyAIBJZJN_TnA,hercules-california
https://www.ubereats.com/san-francisco/food-delivery/cafe-soleil/VvMBrlRNRg6x1he_LZ1PZQ,hercules-california
https://www.ubereats.com/san-francisco/food-delivery/the-junket/gJz2Z4ixQZO7yRka4zev6g,hercules-california
https://www.ubereats.com/san-francisco/food-delivery/tropical-smoothie-cafe-1424-pinole-valley-road/qoav8i9oSyabHCVftTbprQ,hercules-california
https://www.ubereats.com/san-francisco/food-delivery/wendys-12201-san-pablo-avenue/wJ2YLle0TL62AD2_8tHAVA,hercules-california
https://www.ubereats.com/san-francisco/food-delivery/el-mono-%7C-fresh-flavors-of-peru/n-67xP2nTd614gPiK0a4tw,hercules-california
https://www.ubereats.com/san-francisco/food-delivery/spicy-bite/_dFPSHEjRfyP_p1Z3VIodQ,hercules-california
https://www.ubereats.com/san-francisco/food-delivery/the-pearl-house/HfsEFbDTStCTr-EmXf_wkw,hercules-california
https://www.ubereats.com/san-francisco/food-delivery/mod-pizza-pinole-valley/ZJOx71YsRNCU67c2Br_11g,hercules-california
https://www.ubereats.com/san-francisco/food-delivery/krispy-krunchy-chicken-1655-tennessee/Dbm2UItIRNG5nzKpwkrsyQ,hercules-california
https://www.ubereats.com/san-francisco/food-delivery/dennys-4355-sonoma-blvd/F6J88fkBT0WlnSJuEChQXQ,hercules-california
https://www.ubereats.com/san-francisco/food-delivery/mr-pickles-sandwich-shop-martinez/uIOzq0vNR6uoyCCNGEw9OA,hercules-california
https://www.ubereats.com/san-francisco/food-delivery/nannys-caribbean-eats/dnYYt1SSRUO8BQKB7eK__g,hercules-california
https://www.ubereats.com/san-francisco/food-delivery/hunan-villa/FtVYY2TWSTGC5NriMKOV1w,hercules-california
https://www.ubereats.com/san-francisco/food-delivery/the-grind-cafe/Wl-FiPO8T9ieHF02Rr6t1Q,hercules-california
https://www.ubereats.com/san-francisco/food-delivery/szechuan-chinese-cuisine/hmeIryfBRom3cqTLaVje_g,hercules-california
https://www.ubereats.com/san-francisco/food-delivery/jack-in-the-box-3800-san-pablo-ave-bldg-a/ByXniMYOTPeB0BVstPZsbg,hercules-california
https://www.ubereats.com/san-francisco/food-delivery/burger-king-828-southampton-rd/BJKdss9iQB2m1VrQC5gj8w,hercules-california
https://www.ubereats.com/san-francisco/food-delivery/pacifica-pizza-inc/5gkbbE1XS4C7RbG6YFJHcA,hercules-california
https://www.ubereats.com/san-francisco/food-delivery/mirchi-indian-grill/ivNOHEULQtmvwaB__ZgyzA,hercules-california
https://www.ubereats.com/san-francisco/food-delivery/krispy-krunchy-chicken/Zqj8VvoFS_e7AV5t8iPnTg,hercules-california
https://www.ubereats.com/san-francisco/food-delivery/everest-kitchen/NIWGRlDaQH24bNmOgRzK3A,hercules-california
https://www.ubereats.com/san-francisco/food-delivery/genesis-mexican-restaurant/9lnw1tsPRnafGhA2tFlIYQ,hercules-california
https://www.ubereats.com/san-francisco/food-delivery/outback-steakhouse-1361-fitzgerald-drive/Uwbc8qhSQ5OZ4-ctqmP3KQ,hercules-california
https://www.ubereats.com/san-francisco/food-delivery/subway-685-parker-ave/mv8FpADcTsOC8OQ_tI3iCQ,hercules-california
https://www.ubereats.com/san-francisco/food-delivery/mountain-mikes-pizza-1160-arnold-drive/Ka_I0wTxRASxLGevTuWoYg,hercules-california
https://www.ubereats.com/san-francisco/food-delivery/mcdonalds-hercules/LhSyPcS0TBG5ByEMqoSMpA,hercules-california
https://www.ubereats.com/san-francisco/food-delivery/sa-wad-dee-thai-restaurant/cRb4wDHeQfaW_hwC0w2Q3g,hercules-california
https://www.ubereats.com/san-francisco/food-delivery/daimo-chinese-restaurant/fAzfiy1CQRmifZ8ldEJcqg,hercules-california
https://www.ubereats.com/san-francisco/food-delivery/mountain-mikes-pizza-4380-sonoma-blvd/9SRCqHXYSxuHCKT1O009ZQ,hercules-california
https://www.ubereats.com/san-francisco/food-delivery/bear-claw-bakery/Y-7HTyX7Ssm-CLlkXngbcQ,hercules-california
https://www.ubereats.com/san-francisco/food-delivery/curbside-kitchen/_cyE-8dzSf6t6xAeMfHX8w,hercules-california
https://www.ubereats.com/san-francisco/food-delivery/krispy-kreme-pinole-valley-rd-e-%26-creekside/R15XA9_OQHmZKDZueiCIDA,hercules-california
https://www.ubereats.com/san-francisco/food-delivery/blue-market/5ulcpzNnQ8yp67helA1j4w,hercules-california
https://www.ubereats.com/san-francisco/food-delivery/mcdonalds-tara-hills-dr/AOly2I5SRqe0eX9vnq9zHg,hercules-california
https://www.ubereats.com/san-francisco/food-delivery/punjabi-kitchen/pnBESYqXRo6AT1CDXAg4qQ,hercules-california
https://www.ubereats.com/san-francisco/food-delivery/mountain-mikes-pizza-972-admiral-callaghan-ln/m6aPejBzT7WMTnR_rbu55g,hercules-california
https://www.ubereats.com/san-francisco/food-delivery/grill-city-vallejo/i6oFV7guSPG_hQra-av5vA,hercules-california
https://www.ubereats.com/san-francisco/food-delivery/diannas-bakery-cafe-and-deli-1st-street/BD7MfK_FRiW5J0Eud4JqCA,hercules-california
https://www.ubereats.com/san-francisco/food-delivery/leila-by-the-bay/cXl5YyjMTumpGAZXnHmVBw,hercules-california
https://www.ubereats.com/san-francisco/food-delivery/pear-street-bistro/KUtLsnp4SDGf836FOkYrgQ,hercules-california
https://www.ubereats.com/san-francisco/food-delivery/happy-chin-eating/tQ3ayj1bSWe4jM7oqHTbvg,hercules-california
https://www.ubereats.com/san-francisco/food-delivery/palacio-latino-restaurant/Py2uDXHVRMWv0GGgIK4teg,hercules-california
https://www.ubereats.com/san-francisco/food-delivery/mcdonalds-11821-san-pablo/TyiUl9BlQimSC_yjc1tI7g,hercules-california
https://www.ubereats.com/san-francisco/food-delivery/jack-in-the-box-4080-san-pablo-dam-rd/tqAdYAgNQX2g53KulG3Eyg,hercules-california
https://www.ubereats.com/san-francisco/food-delivery/warrior-new-york-pizza/qLDQ7d9jST-JQ1Ru6QOkpw,hercules-california
https://www.ubereats.com/san-francisco/food-delivery/south-villa-chinese-restaurant/5WQHI-VwTZiZNiSlkSpMog,hercules-california
https://www.ubereats.com/san-francisco/food-delivery/noonies-place/cF_p__fuS0ip9jHGoX1dvg,hercules-california
https://www.ubereats.com/san-francisco/food-delivery/panda-express-1473-fitzgerald-dr/oUARUPEsRhq5O2OVqBp6pA,hercules-california
https://www.ubereats.com/san-francisco/food-delivery/krispy-krunchy-chicken-richmond-2/CcjacVrWSTeVKmxjlL8Yxg,hercules-california
https://www.ubereats.com/san-francisco/food-delivery/smooth-season/Rsvab765Qdub9iY7V09rSw,hercules-california
https://www.ubereats.com/san-francisco/food-delivery/kebab-express/kVq504WKST-bZgUkj0HjxA,hercules-california
https://www.ubereats.com/san-francisco/food-delivery/pacifica-pizza-vallejo/y6cofeSqQlCGFxCozaiqiw,hercules-california
https://www.ubereats.com/san-francisco/food-delivery/subway-454-appian-way-ste-b/cCiwXDiBRZ2-hD_Kbj0wWg,hercules-california
https://www.ubereats.com/san-francisco/food-delivery/extreme-pizza/4ZAQ8qG6RTGxNPiVWCf1nQ,hercules-california
https://www.ubereats.com/san-francisco/food-delivery/nori-roll/KFkrMCFlQ7y9fuF5QCANsA,hercules-california
https://www.ubereats.com/san-francisco/food-delivery/san-francisco-pizza-%26-restaurant/cncUrRVFSP-aJBX3N4bB7w,hercules-california
https://www.ubereats.com/san-francisco/food-delivery/burgerim/tdh1smyJQ6WUe6-VrC8R3g,hercules-california
https://www.ubereats.com/san-francisco/food-delivery/subway-14350-laurie-ln/99YPDzt1SeWNcM3oIr1u-Q,hercules-california
https://www.ubereats.com/san-francisco/food-delivery/panera-1376-fitzgerald-drive/r7jOOndzTAKfF6xp_hzpqg,hercules-california
https://www.ubereats.com/san-francisco/food-delivery/sizzler-1515-fitzgerald-dr/QmDCRXpgRr6DoYoycBJx4Q,hercules-california
https://www.ubereats.com/san-francisco/food-delivery/organic-greens-solano/LRITO9nKStiVDEtUboUCPA,hercules-california
https://www.ubereats.com/san-francisco/food-delivery/burger-king-844-willow-avenue/yVW50hqYTqahhSIyO0e0yw,hercules-california
https://www.ubereats.com/san-francisco/food-delivery/the-habit-burger-grill-1412-pinole-valley-road/gcKyj-fxRJSTV1Pkf1aKzg,hercules-california
https://www.ubereats.com/san-francisco/food-delivery/mcdonalds-hilltop-plaza/WaqjS0C1RzO0aWeDCPX8tQ,hercules-california
https://www.ubereats.com/san-francisco/food-delivery/nations-giant-hamburgers-benicia/0zSyTu0vRTOovemBEeVdwA,hercules-california
https://www.ubereats.com/san-francisco/food-delivery/maggies/hAPiPKXrQH-K7eR_gWGoeg,hercules-california
