url,city
https://www.ubereats.com/inland-empire/food-delivery/del-taco-272-e-40th-st/P-bLlfYtT-qTpRezWXcA_A,highland-california
https://www.ubereats.com/inland-empire/food-delivery/farmer-boys-highland-w-5th-st/54Oy713aRbGm6JeR8XZB2g,highland-california
https://www.ubereats.com/inland-empire/food-delivery/kfc-%2302-808-w-highland-ave/Td0UFnGfR8m9WEgb0FPjZA,highland-california
https://www.ubereats.com/inland-empire/food-delivery/waba-grill-24940-redlands-blvd-loma-linda/DK7LUX9CQie1CBDOWqq1ng,highland-california
https://www.ubereats.com/inland-empire/food-delivery/wendys-27879-baseline-avenue/ypXN0yI7QAOHNwiWnJmxRQ,highland-california
https://www.ubereats.com/inland-empire/food-delivery/damasco-mediterranean-cuisine/Nv7aCPZOS9OgpM7iQWwJJQ,highland-california
https://www.ubereats.com/inland-empire/food-delivery/aibetos-fresh-mexican-food/9Xg0RPA3SjS-WebhRM57-Q,highland-california
https://www.ubereats.com/inland-empire/food-delivery/dennys-5975-n-palm-ave/6Lx3AU8JQMeKGv8zSj459g,highland-california
https://www.ubereats.com/inland-empire/food-delivery/waba-grill-33492-oak-glen-rd-%23l/Imf0x7GsREetVpr_QAUf3w,highland-california
https://www.ubereats.com/inland-empire/food-delivery/gus-jr-restaurants/AQIbGQ3LQtOdkM6-74nVfA,highland-california
https://www.ubereats.com/inland-empire/food-delivery/papa-johns-redlands/uWbDuAomQLy4-C2Rbrd-OA,highland-california
https://www.ubereats.com/inland-empire/food-delivery/yogurtland-27511-san-bernardino-ave/NpFS3POfTDaPP5BMyfOIjw,highland-california
https://www.ubereats.com/inland-empire/food-delivery/ihop-2575-highland-ave/xi5ttCaiTa2YaMdaRK5DZg,highland-california
https://www.ubereats.com/inland-empire/food-delivery/mcdonalds-25775-barton-road/5jSs0BmLSM6E9n0A9k34wA,highland-california
https://www.ubereats.com/inland-empire/food-delivery/del-taco-3702-highland-ave/s5VQAJJ7SSqlHW4Kk2JAfw,highland-california
https://www.ubereats.com/inland-empire/food-delivery/family-homestyle-cafe/R_8V-CplQ2amXtoGjA3Wdw,highland-california
https://www.ubereats.com/inland-empire/food-delivery/dennys-702-e-highland-ave/Q-VBzaoGTDi2jIEsQawzPg,highland-california
https://www.ubereats.com/inland-empire/food-delivery/rok-n-fondue/y1ywuV5aTlyVyQAIX1Y07g,highland-california
https://www.ubereats.com/inland-empire/food-delivery/del-taco-24898-redlands-blvd/eVLWhYPFSP6xt9WFW57VJQ,highland-california
https://www.ubereats.com/inland-empire/food-delivery/popeyes-27617-baseline-st/VD15LqmNTxqaRJYFwKZrKg,highland-california
https://www.ubereats.com/inland-empire/food-delivery/el-pollo-loco-san-bernardino/uRvNaLTQS6OC_oH5RGxpQw,highland-california
https://www.ubereats.com/inland-empire/food-delivery/jack-in-the-box-2062-w-redlands-blvd/gY_eqmulSfSa-qvmmq7e3Q,highland-california
https://www.ubereats.com/inland-empire/food-delivery/ajs-bagels/bECzcvqiSF2SItKI8YCOJQ,highland-california
https://www.ubereats.com/inland-empire/food-delivery/black-angus-steakhouse-san-bernardino/_JEU2sMCRhKJcHScBYqyxA,highland-california
https://www.ubereats.com/inland-empire/food-delivery/jack-in-the-box-193-e-40th-st/q3sq0tklTHWjE-6Ktc9udw,highland-california
https://www.ubereats.com/inland-empire/food-delivery/pappasitos-mexican-grill-%26-seafood/OZaiWJ2rQvCvpEI_8_F9Fw,highland-california
https://www.ubereats.com/inland-empire/food-delivery/yoshinoya-2072-west-redlands-blvd/fsCT6wkOSrGt-C3HguD0Kg,highland-california
https://www.ubereats.com/inland-empire/food-delivery/mcdonalds-27774-baseline-ave/DNFEUBpaSpa4bS99yGWyJg,highland-california
https://www.ubereats.com/inland-empire/food-delivery/dairy-queen-grill-%26-chill-664-e-redlands-blvd/Yv0KYqCWTU6xbLLUwYv3tw,highland-california
https://www.ubereats.com/inland-empire/food-delivery/el-pollo-loco-33478-yucaipa-blvd3499/7vK3XUdhRMK7fjQkZ4Q3kg,highland-california
https://www.ubereats.com/inland-empire/food-delivery/panda-star/wvs6aRBvTiKlflFgg0D5QQ,highland-california
https://www.ubereats.com/inland-empire/food-delivery/karma-burger/6kM6OVVzT8OXlhdoOzUtpg,highland-california
https://www.ubereats.com/inland-empire/food-delivery/rogers-burgers/fcyaL3wbRgm06uNQluosDg,highland-california
https://www.ubereats.com/inland-empire/food-delivery/burgerim/6YSFG0msQAup7sX_0wMDRQ,highland-california
https://www.ubereats.com/inland-empire/food-delivery/bluewater-poke/FmWlX5KSRByiEs15fJdzRA,highland-california
https://www.ubereats.com/inland-empire/food-delivery/don-orange-tacos/H0s0Cm0CTf69U7LkXf-gHA,highland-california
https://www.ubereats.com/inland-empire/food-delivery/la-concha-coastal-mexican-grill/La_JW31dSCOWbyznBVPBGw,highland-california
https://www.ubereats.com/inland-empire/food-delivery/mill-creek-cattle-company/pnRycds9TzuUct07ZmG3HA,highland-california
https://www.ubereats.com/inland-empire/food-delivery/the-redlands-underground-restaurant-and-bar/wGGrCodWT4abKhv5rB0QYQ,highland-california
https://www.ubereats.com/inland-empire/food-delivery/krispy-krunchy-chicken-605-north-h-street/zJ3rXOHnTgGJP0G25DvO6w,highland-california
https://www.ubereats.com/inland-empire/food-delivery/applebees-2046-w-redlands-blvd/STVS4X1nQuyD-4hKUNiQgg,highland-california
https://www.ubereats.com/inland-empire/food-delivery/farmer-boys-san-bernadino-ave/ZSXTbLnAR529vdXoq_dtEQ,highland-california
https://www.ubereats.com/inland-empire/food-delivery/o-mai-grill/SqIw1UduQjaNp0mJ_Awvww,highland-california
https://www.ubereats.com/inland-empire/food-delivery/the-fat-greek-yucaipa-boulevard/Rn5oIf-6TSS7-PnoQDy0qQ,highland-california
https://www.ubereats.com/inland-empire/food-delivery/dinos-pizza-wings-subs/VKVoSJeWS_eSUNDNO_4O5Q,highland-california
https://www.ubereats.com/inland-empire/food-delivery/jack-in-the-box-3653-e-highland-ave/q_pPZd3nRdiJ8w_A3E6szQ,highland-california
https://www.ubereats.com/inland-empire/food-delivery/plant-power-fast-food/SEkazwGnTsG1A7BpGuBT8Q,highland-california
https://www.ubereats.com/inland-empire/food-delivery/panda-express-500-inland-center-drive/IhUaoNOrSdiOiurEw0L5dg,highland-california
https://www.ubereats.com/inland-empire/food-delivery/starbucks-1755-e-lugonia-avenue/zIoeesWNT8CYXILzgKv6Wg,highland-california
https://www.ubereats.com/inland-empire/food-delivery/del-taco-2855-del-rosa-ave/ZNX0EzJ5RBe66LwD0hpZTQ,highland-california
https://www.ubereats.com/inland-empire/food-delivery/waba-grill-27511-san-bernardino/eagUPl35TFK3RPfagvsDww,highland-california
https://www.ubereats.com/inland-empire/food-delivery/rgs-american-grill/LT2GbhPyQp-aV50n_ShHNQ,highland-california
https://www.ubereats.com/inland-empire/food-delivery/bella-and-yang/xGJgYGG7THGa332jxR8pxQ,highland-california
https://www.ubereats.com/inland-empire/food-delivery/dennys-2442-highland-ave/ef-rzqbuRzSRtl5tpWAprQ,highland-california
https://www.ubereats.com/inland-empire/food-delivery/wendys-1991-redlands-blvd/iIZFFnVPSvydgghurovBjA,highland-california
https://www.ubereats.com/inland-empire/food-delivery/jersey-mikes-subs-1755-e-lugonia-ave/xiKNEQjHS9ebngiMWfdswQ,highland-california
https://www.ubereats.com/inland-empire/food-delivery/rubios-633-orange-st/bmsLVd5UTp6drOuO4U3zPQ,highland-california
https://www.ubereats.com/inland-empire/food-delivery/burger-king-1320-industrial-park-avenue/uxlgLuYURSe55gjUUbY1xA,highland-california
https://www.ubereats.com/inland-empire/food-delivery/jack-in-the-box-605-e-redlands-blvd/uvrn5b5jRAWYFJKvmkj4SQ,highland-california
https://www.ubereats.com/inland-empire/food-delivery/jack-in-the-box-4020-university-pkwy/dV_0-ZYuRYKZpJKvz4MvIw,highland-california
https://www.ubereats.com/inland-empire/food-delivery/subway-27923-greenspot-rd/35VqvUBFRW-PfOPezTSXDw,highland-california
https://www.ubereats.com/inland-empire/food-delivery/del-taco-1624-w-redlands-blvd/v3hQqt03Qfe0S3i1JUaeIg,highland-california
https://www.ubereats.com/inland-empire/food-delivery/jade-inn-chinese-restaurant/hPuQDi1iQrashYD4hTI4ug,highland-california
https://www.ubereats.com/inland-empire/food-delivery/five-guys-ca-1271-10060-alabama-street/7Hu0tqrZTHiRzUiukV6Esw,highland-california
https://www.ubereats.com/inland-empire/food-delivery/garden-thai-cuisine/Wh1reSjeTV-0fM7yVuUYBg,highland-california
https://www.ubereats.com/inland-empire/food-delivery/yogurtland-631-orange-st/pOJeZm8ZQUaX7G_-SHvwiw,highland-california
https://www.ubereats.com/inland-empire/food-delivery/jack-in-the-box-495-n-d-st/zVYjMUXLQhCI0NjsBkiHNg,highland-california
https://www.ubereats.com/inland-empire/food-delivery/carls-jr-33505-yucaipa-blvd/ghMQQ6BhSnyun96FZoREvA,highland-california
https://www.ubereats.com/inland-empire/food-delivery/jack-in-the-box-303-e-base-line-st/8XMuY3RUQ4iEwnehZeBEdQ,highland-california
https://www.ubereats.com/inland-empire/food-delivery/kung-fu-pho/Rf_Ko2YXQue4tTymfZfWnA,highland-california
https://www.ubereats.com/inland-empire/food-delivery/surfer-joes-pizza/lhby7feWT9W2hoY5pMrIpw,highland-california
https://www.ubereats.com/inland-empire/food-delivery/kings-rotisserie-chicken/9FEyRCJ7Sx-mdq1k48qfDQ,highland-california
https://www.ubereats.com/inland-empire/food-delivery/luna-grill-redlands/dqNoOcSpToKGwWgXd1K5Cg,highland-california
https://www.ubereats.com/inland-empire/food-delivery/dos-amigos-tortas/kI-5tsRmRWOj09lqzFlLjw,highland-california
https://www.ubereats.com/inland-empire/food-delivery/american-pizza-co/cTAy32koSIetlSVGmNBIWg,highland-california
https://www.ubereats.com/inland-empire/food-delivery/toms-%231-worlds-famous-chiliburgers/YXSc97JfSG-csp83Gc5w-A,highland-california
https://www.ubereats.com/inland-empire/food-delivery/subway-3a-boulder-ave/2i544SYJT4ycTI6S3Krg8A,highland-california
https://www.ubereats.com/inland-empire/food-delivery/mountain-mikes-pizza-605-n-eureka-street-suite-100/3b8dX-9JRlOSQmgfGCVwcg,highland-california
https://www.ubereats.com/inland-empire/food-delivery/baja-fresh-745-e-hospitality-ln-ste-c/Y1bJcr8NTTidI1aaiaPcTw,highland-california
https://www.ubereats.com/inland-empire/food-delivery/la-michoacana-delicious-ice-cream/5JXCDM1cR1GY2RkNPc6oxA,highland-california
https://www.ubereats.com/inland-empire/food-delivery/el-pollo-loco-1210-w-colton-ave5790/bl-2IuEHRCOkEmTBqWPyYQ,highland-california
https://www.ubereats.com/inland-empire/food-delivery/subway-1971-w-redlands-blvd/7u8m_TMTQ2W25xUUKLsL4A,highland-california
https://www.ubereats.com/inland-empire/food-delivery/celebrities-sports-bar-and-grill/9fYVAz-DRsaj3XS-No1b2w,highland-california
https://www.ubereats.com/inland-empire/food-delivery/waba-grill-4077-university-pkwy-san-bernardino/ti9nK2C2S8q5ZRqjqyUJPw,highland-california
https://www.ubereats.com/inland-empire/food-delivery/waba-grill-27923-greenspot-road-suite-d/rch79OnET52LDbNSVfvZbA,highland-california
https://www.ubereats.com/inland-empire/food-delivery/jack-in-the-box-1605-e-highland-ave/agCnteqOTn6E0__l2ly5Ng,highland-california
https://www.ubereats.com/inland-empire/food-delivery/subway-1752-e-lugonia-ave/PjsJ19HHRfKTAw96GIxb_w,highland-california
https://www.ubereats.com/inland-empire/food-delivery/golden-pizza/thz64CdwQuquVN2_PSdzrA,highland-california
https://www.ubereats.com/inland-empire/food-delivery/surfer-joes-pizza-eatery/8CkieTdCQ9uesc7KqTlhDA,highland-california
https://www.ubereats.com/inland-empire/food-delivery/yogurtland-33694-yucaipa-blvd/5aWWdtIRTgaHvZ4rDu6PeA,highland-california
https://www.ubereats.com/inland-empire/food-delivery/la-michoacana-n-sierra-way/_kVYGYPBSMG-KJWABxVE6Q,highland-california
https://www.ubereats.com/inland-empire/food-delivery/mcdonalds-718-w-highland-ave/I7jLSFgeQTC9tozsPsS8RQ,highland-california
https://www.ubereats.com/inland-empire/food-delivery/goodys/t2mpai7ATiCSWPpJMkkgQA,highland-california
https://www.ubereats.com/inland-empire/food-delivery/pieology-pizzeria-623-orange-st/BegqtLBDQn6a0q4R3zwulg,highland-california
https://www.ubereats.com/inland-empire/food-delivery/dickeys-barbecue-pit/FkUwtbfLQIyQIs0MdGT8_w,highland-california
https://www.ubereats.com/inland-empire/food-delivery/naan-cafe/MIs7eUErTYKKVmty5Sm4bQ,highland-california
https://www.ubereats.com/inland-empire/food-delivery/jersey-mikes-subs-10040-alabama-street/Q8DJvrd-RzO5WTWujjYSXA,highland-california
https://www.ubereats.com/inland-empire/food-delivery/wienerschnitzel-4394-university-parkway/UXnSUul0TLa52PuWWAMfgg,highland-california
https://www.ubereats.com/inland-empire/food-delivery/kfc-%2314-2007-e-highland-ave/heFrQnFCTC6ZonkU9d6OrQ,highland-california
https://www.ubereats.com/inland-empire/food-delivery/burger-king-4150-e-highland-ave/6Bx4_MCZTVWr2G7cDN14cg,highland-california
https://www.ubereats.com/inland-empire/food-delivery/carls-jr-green-burrito-192-e-redlands-blvd/4k4JDidwQ86kare8-pExqw,highland-california
https://www.ubereats.com/inland-empire/food-delivery/churchs-chicken-299-east-baseline/6bxSiBgdQAS77KHw4sinYA,highland-california
https://www.ubereats.com/inland-empire/food-delivery/the-wall-restaurant-redlands/Sy0yZUhaRyWD0R1VmQky7g,highland-california
https://www.ubereats.com/inland-empire/food-delivery/el-super-san-bernardino-9th-37/W2TJELUSSy2gTox2G6lljg,highland-california
https://www.ubereats.com/inland-empire/food-delivery/subway-28936-greenspot-rd/T2Q-U6RtTBSR7V8qfgfutQ,highland-california
https://www.ubereats.com/inland-empire/food-delivery/jamba-juice-27993-greenspot-rd-ste-20/XNWX6QXhQdS1JOwrQvyTAA,highland-california
https://www.ubereats.com/inland-empire/food-delivery/la-michoacana-s-mt-vernon-ave/BHcYY_ccQbS16dlGCgbn-g,highland-california
https://www.ubereats.com/inland-empire/food-delivery/kfc-%2316-24866-redlands-blvd/Ko4U4Et2R4K_DQceadyonQ,highland-california
https://www.ubereats.com/inland-empire/food-delivery/chipotle-mexican-grill-1092-e-hospitality-ln-ste-b/XTA2-4gaRleQsx2rIDig4Q,highland-california
https://www.ubereats.com/inland-empire/food-delivery/panda-express-2005-w-redlands-blvd/2pkDo2hBS5aqL3uIBBAs3A,highland-california
https://www.ubereats.com/inland-empire/food-delivery/sushi-train/J_Pws-JcRamRvxW6eunJUQ,highland-california
https://www.ubereats.com/inland-empire/food-delivery/bobos-pizza/w9pbHDiAS5y7FrRQKut3NA,highland-california
https://www.ubereats.com/inland-empire/food-delivery/del-taco-602-e-redlands-blvd/lSjaW8cITE6mbH87sNFJfw,highland-california
https://www.ubereats.com/inland-empire/food-delivery/mcdonalds-240-e-40th-st/GKP-3Xz3QU-Roc1kPT2cag,highland-california
https://www.ubereats.com/inland-empire/food-delivery/cold-stone-creamery-5244-university-pkwy/oMNstQNLQcmEkycbTdMcZw,highland-california
https://www.ubereats.com/inland-empire/food-delivery/papa-johns-highland/xwKbMWJpRZ694HZev2C7qw,highland-california
https://www.ubereats.com/inland-empire/food-delivery/noyes-bakery/T_9RFZkRSgmd9Mvdi79wcg,highland-california
https://www.ubereats.com/inland-empire/food-delivery/jack-in-the-box-34504-yucaipa-blvd/Ibj_FPuORjKpB1OIoX9u1w,highland-california
https://www.ubereats.com/inland-empire/food-delivery/jersey-mikes-subs-400-w-stuart-avenue/7ATyrFo5QYytz6cowrORMw,highland-california
https://www.ubereats.com/inland-empire/food-delivery/pollo-campero-san-bernardino-harriman-place/R6K33o9cRdO13Z9tQLjlYA,highland-california
https://www.ubereats.com/inland-empire/food-delivery/el-pollo-loco-758-west-highland-avenue3669/mfVHTMYlSU6r7V7GVwhxcA,highland-california
https://www.ubereats.com/inland-empire/food-delivery/ihop-san-bernardino/D5Il6fS6RYmgkUj5qPd0Sw,highland-california
https://www.ubereats.com/inland-empire/food-delivery/carls-jr-293-e-40th-st/K2Rmu4lUTO2nYPmk2JkGlQ,highland-california
https://www.ubereats.com/inland-empire/food-delivery/jack-in-the-box-25699-baseline-st/0KzhPJ0OQRODAcEUXnKvJg,highland-california
https://www.ubereats.com/inland-empire/food-delivery/el-pollo-loco-1066-harriman-place3613/TPQ7S2LIQuq-z6PYGHpAMQ,highland-california
https://www.ubereats.com/inland-empire/food-delivery/chipotle-mexican-grill-27511-san-bernardino-ave/_Y7xvcfjQfG2p6J32R367Q,highland-california
https://www.ubereats.com/inland-empire/food-delivery/papa-johns-san-bernardino/o8Gakv59SPuWvck7BEYsAA,highland-california
https://www.ubereats.com/inland-empire/food-delivery/mod-pizza-redlands/UC3bX1OxQKa_eJzz-XxoKQ,highland-california
https://www.ubereats.com/inland-empire/food-delivery/kays-cafe/XeOgPGQeSEug2sbskj4YVQ,highland-california
https://www.ubereats.com/inland-empire/food-delivery/seattles-best-teriyaki/E5CS36tJRrCbiW7ToLgzhg,highland-california
https://www.ubereats.com/inland-empire/food-delivery/subway-33676-e-yucaipa-blvd/wQGNLWT0Sn2z0E1W--eyTg,highland-california
https://www.ubereats.com/inland-empire/food-delivery/pizza-xpress/pJo78D_FSuiyNAYIi3vqxg,highland-california
https://www.ubereats.com/inland-empire/food-delivery/culichis-%26-beer-colton/t2yH3oQBRqKdtsotO9GFPQ,highland-california
https://www.ubereats.com/inland-empire/food-delivery/burgerim/hrZHdrhPQmyeHBQhuXdlYQ,highland-california
https://www.ubereats.com/inland-empire/food-delivery/falafel-express/Mb6FNEnZTY22reG3QPWqrA,highland-california
https://www.ubereats.com/inland-empire/food-delivery/la-fuente-mexican-bakery/L_CDq_4uRBW4DQ-7XEAuUQ,highland-california
https://www.ubereats.com/inland-empire/food-delivery/simplee-boba-loma-linda/7ZcYknzMQwm9qccfTCYmZA,highland-california
https://www.ubereats.com/inland-empire/food-delivery/bjs-restaurant-%26-brewhouse-1045-e-harriman-place/cqTssynqRMizLTEI9pFP2Q,highland-california
https://www.ubereats.com/inland-empire/food-delivery/jade-inn/R6l8mEzCT8qmwdpr0F5m3w,highland-california
https://www.ubereats.com/inland-empire/food-delivery/american-road-trip-bar-%26-grill/r4JgFCUkRoe20Zdp_upR1Q,highland-california
https://www.ubereats.com/inland-empire/food-delivery/ihop-4023-university/YV930X7HQjuS-82KNJQ3Xw,highland-california
https://www.ubereats.com/inland-empire/food-delivery/panda-express-27720-base-line-street/BasIQpD8TN6b7phaHLiPdA,highland-california
https://www.ubereats.com/inland-empire/food-delivery/eureka!-redlands/oqlIEz4-SzSvr3yYCpu6Aw,highland-california
https://www.ubereats.com/inland-empire/food-delivery/tgi-fridays-1917-san-bernardino-ca/wRbfC7FkRL2hBAiMaKlzGw,highland-california
https://www.ubereats.com/inland-empire/food-delivery/tams-burger-yucaipa/B-DeXKq3QtySdQae5nRUSQ,highland-california
https://www.ubereats.com/inland-empire/food-delivery/la-michoacana-signature-treats/3in4GNcySXeetr-p3_hzzw,highland-california
https://www.ubereats.com/inland-empire/food-delivery/the-gourmet-pizza-shoppe/H3iBPttIRK6621_bjTr-Hw,highland-california
https://www.ubereats.com/inland-empire/food-delivery/queen-bean-caffe/IdraDpUdSySuqWfkfvxzYg,highland-california
https://www.ubereats.com/inland-empire/food-delivery/macaroni-grill-redlands/ddIAzv6BRma_6S7PFpuLIA,highland-california
https://www.ubereats.com/inland-empire/food-delivery/del-taco-2002-e-highland-ave/bwWTij3RTjqNTcf3m8ay6g,highland-california
https://www.ubereats.com/inland-empire/food-delivery/five-guys-ca-1271-10060-alabama-street/fY4rXyYCToSu9RpYywGrmQ,highland-california
https://www.ubereats.com/inland-empire/food-delivery/pick-up-stix-san-bernardino/XS8633fYTkityogLHXZ2Fg,highland-california
https://www.ubereats.com/inland-empire/food-delivery/mi-casita-taqueria/urEKjlucQuiPjx7phdA9sA,highland-california
https://www.ubereats.com/inland-empire/food-delivery/hiccups-loma-linda/45-_wOuyROK6OAtXKmYMiw,highland-california
https://www.ubereats.com/inland-empire/food-delivery/culichi-town-rialto/5gwx5hmrTv6MW8ueg9fikw,highland-california
https://www.ubereats.com/inland-empire/food-delivery/carls-jr-1205-colton-ave/nh-bXG1sSLuHcuAV29FrGQ,highland-california
https://www.ubereats.com/inland-empire/food-delivery/del-taco-27923-greenspot-road/MpY_69nHRE6skVA-Iu9_Dg,highland-california
https://www.ubereats.com/inland-empire/food-delivery/kfc-33911-yucaipa-boulevard/NJlvwnLfQnme9fh8hJTZbw,highland-california
https://www.ubereats.com/inland-empire/food-delivery/farmer-boys-mountain-view-ave/oDGzgbG3QX-zKe85F_DJpA,highland-california
https://www.ubereats.com/inland-empire/food-delivery/mollys-cafe/HyUvZgPyQBegByD9m88j7w,highland-california
https://www.ubereats.com/inland-empire/food-delivery/ramenkoko/rHUTFwegSvu4E1m9QriggQ,highland-california
https://www.ubereats.com/inland-empire/food-delivery/delhi-palace/OFesaDm3TxiHzQANegKirA,highland-california
https://www.ubereats.com/inland-empire/food-delivery/starbucks-25775-barton-road/62XVOEX5R0mF4nKWxuUQEw,highland-california
https://www.ubereats.com/inland-empire/food-delivery/mcdonalds-1208-n-mt-vernon-blvd/xmHpZrDxTrOVQupRkr1How,highland-california
https://www.ubereats.com/inland-empire/food-delivery/chapala-restaurant/0EAyh6TQRtyu8_wJusskGw,highland-california
https://www.ubereats.com/inland-empire/food-delivery/honey-baked-ham-san-bernardino/-UuDHpA7RM-eSSFC6h65vg,highland-california
https://www.ubereats.com/inland-empire/food-delivery/gazzolos-sausage-co-restaurant-%26-delicatessen/Z5WA7rWVT-SbbvyGrfU8ew,highland-california
https://www.ubereats.com/inland-empire/food-delivery/el-pollo-loco-1695-kendall-dr3284/EaMSBjEYQgirVCDYMqLhzA,highland-california
https://www.ubereats.com/inland-empire/food-delivery/subway-4130-east-highland-ave/Smy__YkETKuath_oKzmsKw,highland-california
https://www.ubereats.com/inland-empire/food-delivery/family-fusion-cocina/5DpWl5JAT0mi_AnGe_HRNg,highland-california
https://www.ubereats.com/inland-empire/food-delivery/juanitos-taco/EWE9W3zvQm-l2uezbALeUA,highland-california
https://www.ubereats.com/inland-empire/food-delivery/all-star-pizza/95V9uWVPRBSwSzgU4TZhog,highland-california
https://www.ubereats.com/inland-empire/food-delivery/taste-of-thai/s_gXac6PQnSgk7rPUrY5cQ,highland-california
https://www.ubereats.com/inland-empire/food-delivery/taco-bell-2525-highland-ave/L9qlDw_lTS2Lb7BoCqYTDQ,highland-california
https://www.ubereats.com/inland-empire/food-delivery/jersey-mikes-subs-27993-greenspot-rd/X9SLQO81RDOwSFdgZ6JiPA,highland-california
https://www.ubereats.com/inland-empire/food-delivery/famous-daves-27500-lugonia-avenue/BCMmSyURSKa90RjqAQlxSQ,highland-california
https://www.ubereats.com/inland-empire/food-delivery/mcdonalds-1796-e-lugonia-ave/viJlz1jqQcSnX4AjGzbTQQ,highland-california
https://www.ubereats.com/inland-empire/food-delivery/johnnys-tacos-%26-sports/NtjPblQVQzWJOg5THn0Qjg,highland-california
https://www.ubereats.com/inland-empire/food-delivery/jamba-juice-27510-lugonia-ave-ste-f/l3ISNSBsSG6PIOG_nQxCag,highland-california
https://www.ubereats.com/inland-empire/food-delivery/red-robin-598-27476-lugonia-ave/iyYh_a0QTiKZLlNvQCT0fw,highland-california
https://www.ubereats.com/inland-empire/food-delivery/starbucks-34050-yucaipa-blvd/Wa9LqxU5SyCoH0gfW0E_Yw,highland-california
https://www.ubereats.com/inland-empire/food-delivery/jojos-grill-a-dog-redlands/jqrxz-pkT9WEcl9I_hX_HA,highland-california
https://www.ubereats.com/inland-empire/food-delivery/golden-pizza/-Mn-_oKbSi6efEX5IO4czA,highland-california
https://www.ubereats.com/inland-empire/food-delivery/carls-jr-4424-university-parkway/FIxQTgHpQWuCljT4GstIzQ,highland-california
https://www.ubereats.com/inland-empire/food-delivery/starbucks-1265-alabama-street/4P2-oW5sR3iV7ieT6a6Dow,highland-california
https://www.ubereats.com/inland-empire/food-delivery/mcdonalds-1575-e-highland-ave/oXRAwQuJT_2cN1uVucd0Qg,highland-california
https://www.ubereats.com/inland-empire/food-delivery/the-habit-burger-grill-27511-san-bernardino-ave-suite-100/KiyTkGgKTG-26QFCdQmpPw,highland-california
https://www.ubereats.com/inland-empire/food-delivery/taco-bell-797-2nd-street/WhecXDXbRompevTr6_TEAA,highland-california
https://www.ubereats.com/inland-empire/food-delivery/burger-king-487-west-highland/TEc7yuX7RB23H7Az1W4uWg,highland-california
https://www.ubereats.com/inland-empire/food-delivery/jack-in-the-box-1148-coulston-st/gQld26Q6SMaf3dMhSLqY-A,highland-california
https://www.ubereats.com/inland-empire/food-delivery/applebees-4070-e-highland-avenue-%2379051/JBk3ophpSHqtHWzWaO0vZg,highland-california
https://www.ubereats.com/inland-empire/food-delivery/mcdonalds-612-e-redlands-blvd/JhehMfbGQVyyuMBFlsgufA,highland-california
https://www.ubereats.com/inland-empire/food-delivery/outback-steakhouse-620-e-hospitality-lane/Eq32F5WqQemJo6XrhD78ow,highland-california
https://www.ubereats.com/inland-empire/food-delivery/ocean-pho-san-bernardino-ave/puUB3yCBSv6vEUurrCEvFw,highland-california
https://www.ubereats.com/inland-empire/food-delivery/miguels-jr-redlands/EV3tQs-ISrysgtd8f8cuBw,highland-california
https://www.ubereats.com/inland-empire/food-delivery/chipotle-mexican-grill-635-orange-st/BiwcDV98THWpN0BUCzvoyQ,highland-california
https://www.ubereats.com/inland-empire/food-delivery/taco-bell-295-w-highland/cXAzZK89Sw-Tw-ZoiEs-sg,highland-california
https://www.ubereats.com/inland-empire/food-delivery/the-cookie-plug/SXB2UUFfSl60FO3PyOtkQw,highland-california
https://www.ubereats.com/inland-empire/food-delivery/wienerschnitzel-34852-yucaipa-blvd/px2L6qDoSl6gPmrkzutwQg,highland-california
https://www.ubereats.com/inland-empire/food-delivery/mariscos-el-chapo/xIlCQQ19R7mOm9OCQegeew,highland-california
https://www.ubereats.com/inland-empire/food-delivery/taco-bell-1225-w-colton/w0JZqxgMSyaHCXJ4xoq8Qg,highland-california
https://www.ubereats.com/inland-empire/food-delivery/lotus-garden/FXrzY0A2Tfu7COQ6IRpJxg,highland-california
https://www.ubereats.com/inland-empire/food-delivery/carls-jr-1505-e-highland-ave/hFcKl9uLTqmF9xmLuIFRbw,highland-california
https://www.ubereats.com/inland-empire/food-delivery/tea-terminals/z9X1L6TDQr6KPPyBJIe7Tw,highland-california
https://www.ubereats.com/inland-empire/food-delivery/cinnabon-500-inland-center-dr/Z7z8_pNWSXuQ3BJE0CyTgw,highland-california
https://www.ubereats.com/inland-empire/food-delivery/waba-grill-25717-barton-rd-loma-linda/GjvUf6t6SIyJi6fLtD8nxw,highland-california
https://www.ubereats.com/inland-empire/food-delivery/poke-tology/djfIXi1NRXyrVBtIiN5EKw,highland-california
https://www.ubereats.com/inland-empire/food-delivery/jack-in-the-box-27734-baseline-st/by94PpkKQ7GavHKf9M37Kg,highland-california
https://www.ubereats.com/inland-empire/food-delivery/nekter-juice-bar-redlands/w-EtiCX7RKu0Syd54U5rng,highland-california
https://www.ubereats.com/inland-empire/food-delivery/chronic-tacos-400-w-stuart-ave/rS5ZTq_PQ1SKr8ETIM1Bqw,highland-california
https://www.ubereats.com/inland-empire/food-delivery/mcdonalds-4210-highland-ave/s70WK_izTuCS-pKK628UwA,highland-california
https://www.ubereats.com/inland-empire/food-delivery/tacos-mexico-san-bernardino-ca/RckxIVShTSS8V3Z6rFl2WQ,highland-california
https://www.ubereats.com/inland-empire/food-delivery/waba-grill-1920-e-highland-ave-san-bernardino/ndAIvqoNTmKwzAo4mCVgAQ,highland-california
https://www.ubereats.com/inland-empire/food-delivery/waba-grill-3993-north-sierra-way-san-bernardino/yzk0okvwQ6WILfbSwzloVA,highland-california
https://www.ubereats.com/inland-empire/food-delivery/arbys-670-se-st/t43ea-bzSnGiCPesXtPK3A,highland-california
https://www.ubereats.com/inland-empire/food-delivery/carls-jr-green-burrito-25536-barton-rd/tap06vmXTnWv4sUZE58k7A,highland-california
https://www.ubereats.com/inland-empire/food-delivery/kfc-%2339-645-e-redlands-blvd/TY6YR8ByRtK25A0IMH2AAA,highland-california
https://www.ubereats.com/inland-empire/food-delivery/wienerschnitzel-1961-redlands-blvd/5TZoYxEoSqC6rk2uA_iI1w,highland-california
https://www.ubereats.com/inland-empire/food-delivery/pizza-fuego-san-bernardino/kGN85WD6StmSgRaU9WkMIw,highland-california
https://www.ubereats.com/inland-empire/food-delivery/starbucks-27615-baseline-street/2M4d6o9_TO21Xwfen24sRg,highland-california
https://www.ubereats.com/inland-empire/food-delivery/carls-jr-7261-boulder-ave/PeVgPkuvSqC6FegO0bDW2Q,highland-california
https://www.ubereats.com/inland-empire/food-delivery/the-old-spaghetti-factory-redlands/iyG1zS4wTnKp9lu-EwQAmg,highland-california
https://www.ubereats.com/inland-empire/food-delivery/amampola-rico-taco-27627-baseline/42DsMrdSTUuC0cd0XQZInA,highland-california
https://www.ubereats.com/inland-empire/food-delivery/miguels-jr-rialto/_DIVMR4MSJm0cIAK05ogWg,highland-california
https://www.ubereats.com/inland-empire/food-delivery/king-kebab/Z4weHhkwRHemnYAkxbGLgQ,highland-california
https://www.ubereats.com/inland-empire/food-delivery/farmer-boys-kendall-drive/3EL62pmaRp6U2UDF6iPjRg,highland-california
https://www.ubereats.com/inland-empire/food-delivery/jasmine-thai-cuisine/dZkE_lLHQ16CQHPG4okn_Q,highland-california
https://www.ubereats.com/inland-empire/food-delivery/ihop-1630-industrial-park-ave/pA7nNfldQkqltMy_fSuV-A,highland-california
https://www.ubereats.com/inland-empire/food-delivery/liquid-tea-bar/m_7I94CSTxWq1F-0xTlpFw,highland-california
https://www.ubereats.com/inland-empire/food-delivery/verve-taco/m1X4rqDoSUS7OkjDPAoyOg,highland-california
https://www.ubereats.com/inland-empire/food-delivery/kfc-taco-bell-7347-boulder-ave/CP6k1KVpSq-SS4acpIn1rg,highland-california
https://www.ubereats.com/inland-empire/food-delivery/isabellas-ristorante-italiano/7pIoZ9YRSMSUGGe4pyJNAA,highland-california
https://www.ubereats.com/inland-empire/food-delivery/mcdonalds-100-e-redlands-blvd/IHkddYRVSDydIIvwgyPj3g,highland-california
https://www.ubereats.com/inland-empire/food-delivery/green-shack-market/EnCNwbxrRd-VhZZtCxzjLQ,highland-california
https://www.ubereats.com/inland-empire/food-delivery/napoli-italian-restaurant/psSGGf5vSZGAq0L_aTc6iA,highland-california
https://www.ubereats.com/inland-empire/food-delivery/antonios-pizza-highland/PliZGfIXSS6kgE8fwDcADA,highland-california
https://www.ubereats.com/inland-empire/food-delivery/machete-taqueria/V3eW68NwRyGF-pJuD2JJNQ,highland-california
https://www.ubereats.com/inland-empire/food-delivery/jack-in-the-box-1141-w-lugonia-ave/_B2Mg_xXTfWUYUZ0rcO3rw,highland-california
