url,city
https://www.ubereats.com/palm-springs/food-delivery/frice/gumQpWcbTB-Kl4BwSlo04A,inland-empire
https://www.ubereats.com/inland-empire/food-delivery/el-pollo-loco-680-s-e-st3842/sPjL7SXeTVCVZgZ53dcn3w,inland-empire
https://www.ubereats.com/palm-springs/food-delivery/chapter-two/jRH0F2PjRSGmmmLAVGC5Jw,inland-empire
https://www.ubereats.com/palm-springs/food-delivery/pick-up-stix-san-bernardino/XS8633fYTkityogLHXZ2Fg,inland-empire
https://www.ubereats.com/inland-empire/food-delivery/dennys-5975-n-palm-ave/6Lx3AU8JQMeKGv8zSj459g,inland-empire
https://www.ubereats.com/inland-empire/food-delivery/family-homestyle-cafe/R_8V-CplQ2amXtoGjA3Wdw,inland-empire
https://www.ubereats.com/inland-empire/food-delivery/dennys-702-e-highland-ave/Q-VBzaoGTDi2jIEsQawzPg,inland-empire
https://www.ubereats.com/inland-empire/food-delivery/del-taco-24898-redlands-blvd/eVLWhYPFSP6xt9WFW57VJQ,inland-empire
https://www.ubereats.com/inland-empire/food-delivery/popeyes-27617-baseline-st/VD15LqmNTxqaRJYFwKZrKg,inland-empire
https://www.ubereats.com/inland-empire/food-delivery/tacos-gavilan-rialto/BURDOUabTuOJJF56FEdkzA,inland-empire
https://www.ubereats.com/inland-empire/food-delivery/ajs-bagels/bECzcvqiSF2SItKI8YCOJQ,inland-empire
https://www.ubereats.com/inland-empire/food-delivery/black-angus-steakhouse-san-bernardino/_JEU2sMCRhKJcHScBYqyxA,inland-empire
https://www.ubereats.com/inland-empire/food-delivery/pappasitos-mexican-grill-%26-seafood/OZaiWJ2rQvCvpEI_8_F9Fw,inland-empire
https://www.ubereats.com/inland-empire/food-delivery/dairy-queen-grill-%26-chill-664-e-redlands-blvd/Yv0KYqCWTU6xbLLUwYv3tw,inland-empire
https://www.ubereats.com/inland-empire/food-delivery/mr-taco-fresh-mexican-grill-main-st/z8PTh1JMR56c6d8fhRkxhQ,inland-empire
https://www.ubereats.com/palm-springs/food-delivery/dennys-5975-n-palm-ave/6Lx3AU8JQMeKGv8zSj459g,inland-empire
https://www.ubereats.com/inland-empire/food-delivery/rogers-burgers/fcyaL3wbRgm06uNQluosDg,inland-empire
https://www.ubereats.com/palm-springs/food-delivery/sushi-train/J_Pws-JcRamRvxW6eunJUQ,inland-empire
https://www.ubereats.com/palm-springs/food-delivery/applebees-4070-e-highland-avenue-%2379051/JBk3ophpSHqtHWzWaO0vZg,inland-empire
https://www.ubereats.com/inland-empire/food-delivery/waba-grill-1059-n-mt-vernon/D7wWE55rT7GEdmTZvspnzw,inland-empire
https://www.ubereats.com/inland-empire/food-delivery/celebrities-sports-grill/-ON56JygTA-RRlIe41CELA,inland-empire
https://www.ubereats.com/inland-empire/food-delivery/del-taco-2855-del-rosa-ave/ZNX0EzJ5RBe66LwD0hpZTQ,inland-empire
https://www.ubereats.com/inland-empire/food-delivery/waba-grill-27511-san-bernardino/eagUPl35TFK3RPfagvsDww,inland-empire
https://www.ubereats.com/inland-empire/food-delivery/rgs-american-grill/LT2GbhPyQp-aV50n_ShHNQ,inland-empire
https://www.ubereats.com/inland-empire/food-delivery/island-breeze-jamaican-cuisine/g-wvMuCyTHSUXXCJrTmNew,inland-empire
https://www.ubereats.com/inland-empire/food-delivery/burger-king-1320-industrial-park-avenue/uxlgLuYURSe55gjUUbY1xA,inland-empire
https://www.ubereats.com/inland-empire/food-delivery/el-puerto-escondido/cILVRjEzQ3KQUOLxQsSaTQ,inland-empire
https://www.ubereats.com/inland-empire/food-delivery/panda-express-745-e-hospitality-lane/qkVtX6v8Tp2HP0EmpqzUqQ,inland-empire
https://www.ubereats.com/inland-empire/food-delivery/subway-27923-greenspot-rd/35VqvUBFRW-PfOPezTSXDw,inland-empire
https://www.ubereats.com/inland-empire/food-delivery/jack-in-the-box-303-e-base-line-st/8XMuY3RUQ4iEwnehZeBEdQ,inland-empire
https://www.ubereats.com/inland-empire/food-delivery/papa-johns-colton/PQRg0zLLSJW5bDSjSCelug,inland-empire
https://www.ubereats.com/inland-empire/food-delivery/surfer-joes-pizza/lhby7feWT9W2hoY5pMrIpw,inland-empire
https://www.ubereats.com/palm-springs/food-delivery/golden-corral-325-e-hospitality-lane/HoqI2zIGSpOAVx2na3iBCA,inland-empire
https://www.ubereats.com/palm-springs/food-delivery/ihop-1630-industrial-park-ave/pA7nNfldQkqltMy_fSuV-A,inland-empire
https://www.ubereats.com/inland-empire/food-delivery/subway-3a-boulder-ave/2i544SYJT4ycTI6S3Krg8A,inland-empire
https://www.ubereats.com/inland-empire/food-delivery/baja-fresh-745-e-hospitality-ln-ste-c/Y1bJcr8NTTidI1aaiaPcTw,inland-empire
https://www.ubereats.com/inland-empire/food-delivery/jack-in-the-box-1605-e-highland-ave/agCnteqOTn6E0__l2ly5Ng,inland-empire
https://www.ubereats.com/inland-empire/food-delivery/del-taco-2665-s-waterman-ave/CuOyaMpKSq6PQjjkAEy--g,inland-empire
https://www.ubereats.com/inland-empire/food-delivery/golden-pizza/thz64CdwQuquVN2_PSdzrA,inland-empire
https://www.ubereats.com/inland-empire/food-delivery/mcdonalds-718-w-highland-ave/I7jLSFgeQTC9tozsPsS8RQ,inland-empire
https://www.ubereats.com/inland-empire/food-delivery/goodys/t2mpai7ATiCSWPpJMkkgQA,inland-empire
https://www.ubereats.com/inland-empire/food-delivery/naan-cafe/MIs7eUErTYKKVmty5Sm4bQ,inland-empire
https://www.ubereats.com/inland-empire/food-delivery/kfc-%2314-2007-e-highland-ave/heFrQnFCTC6ZonkU9d6OrQ,inland-empire
https://www.ubereats.com/inland-empire/food-delivery/jovis-diner/TxNSTpiqS_CcsEa04W306Q,inland-empire
https://www.ubereats.com/inland-empire/food-delivery/burger-king-4150-e-highland-ave/6Bx4_MCZTVWr2G7cDN14cg,inland-empire
https://www.ubereats.com/inland-empire/food-delivery/subway-466-w-5th-st/wMwyRsmUTsyWxzpQqcsVhg,inland-empire
https://www.ubereats.com/inland-empire/food-delivery/cold-stone-creamery-5244-university-pkwy/oMNstQNLQcmEkycbTdMcZw,inland-empire
https://www.ubereats.com/palm-springs/food-delivery/dennys-1180-alabama-st/RuveKbR0TyeKiDZmHTmXHw,inland-empire
https://www.ubereats.com/inland-empire/food-delivery/waba-grill-1594-w-base-line-st/q1qwrABsR4ChouB1WsAnUA,inland-empire
https://www.ubereats.com/inland-empire/food-delivery/el-pollo-loco-758-west-highland-avenue3669/mfVHTMYlSU6r7V7GVwhxcA,inland-empire
https://www.ubereats.com/inland-empire/food-delivery/panda-express-1170-w-renaissance-pkwy/J684kWVHQVe_Y_Sa9_wV4A,inland-empire
https://www.ubereats.com/inland-empire/food-delivery/chipotle-mexican-grill-186-e-easton-st-ste-a/88Gg7K6URZupjApFp_T6uA,inland-empire
https://www.ubereats.com/inland-empire/food-delivery/starbucks-601-w-2nd-st/Mlrdiza4RA2xZ4YqJbnGXg,inland-empire
https://www.ubereats.com/inland-empire/food-delivery/el-pollo-loco-1066-harriman-place3613/TPQ7S2LIQuq-z6PYGHpAMQ,inland-empire
https://www.ubereats.com/palm-springs/food-delivery/dennys-1190-s-mt-vernon/XCmZ_IAeTgSTlRdtyCXgkA,inland-empire
https://www.ubereats.com/inland-empire/food-delivery/mod-pizza-redlands/UC3bX1OxQKa_eJzz-XxoKQ,inland-empire
https://www.ubereats.com/inland-empire/food-delivery/el-pollo-loco-1090-s-mount-vernon3506/UmSijGqwTyy4KTUcBSnAow,inland-empire
https://www.ubereats.com/inland-empire/food-delivery/seattles-best-teriyaki/E5CS36tJRrCbiW7ToLgzhg,inland-empire
https://www.ubereats.com/inland-empire/food-delivery/burger-king-205-east-redlands/vgZeUBbpRIu0J4hafq1j0A,inland-empire
https://www.ubereats.com/inland-empire/food-delivery/pizza-xpress/pJo78D_FSuiyNAYIi3vqxg,inland-empire
https://www.ubereats.com/inland-empire/food-delivery/dennys-1190-s-mt-vernon/XCmZ_IAeTgSTlRdtyCXgkA,inland-empire
https://www.ubereats.com/inland-empire/food-delivery/la-fuente-mexican-bakery/L_CDq_4uRBW4DQ-7XEAuUQ,inland-empire
https://www.ubereats.com/inland-empire/food-delivery/bjs-restaurant-%26-brewhouse-1045-e-harriman-place/cqTssynqRMizLTEI9pFP2Q,inland-empire
https://www.ubereats.com/inland-empire/food-delivery/subway-25685-redlands-blvd/1CHG2MLWSuu0MbradFjIUw,inland-empire
https://www.ubereats.com/inland-empire/food-delivery/ihop-4023-university/YV930X7HQjuS-82KNJQ3Xw,inland-empire
https://www.ubereats.com/palm-springs/food-delivery/dennys-2442-highland-ave/ef-rzqbuRzSRtl5tpWAprQ,inland-empire
https://www.ubereats.com/inland-empire/food-delivery/mercado-don-juan/GWk7lrUbQcCyxK9cX6gsoA,inland-empire
https://www.ubereats.com/inland-empire/food-delivery/la-casa-del-taco/OpeyVZ53QrC7Uxpsbcf0jA,inland-empire
https://www.ubereats.com/inland-empire/food-delivery/perris-burgers/o6tPDK5mQCidj6vNRRlVtg,inland-empire
https://www.ubereats.com/inland-empire/food-delivery/rallys-300-south-riverside-avenue/zKGHLzRlSHaBVUhINw_Eww,inland-empire
https://www.ubereats.com/inland-empire/food-delivery/sonic-1060-west-renaissance-parkway/yhvGP-IQSfaLYzo_SznReQ,inland-empire
https://www.ubereats.com/inland-empire/food-delivery/subway-444-s-waterman-ave/otNuoMjUQt-ejr_PjvebRw,inland-empire
https://www.ubereats.com/inland-empire/food-delivery/subway-291-e-valley-blvd/v9r1SV8jTpuNB_oVeAF6eA,inland-empire
https://www.ubereats.com/inland-empire/food-delivery/cafe-%26-deli-el-rancho/5p6nUnWkRqiPFnr7TUE_wg,inland-empire
https://www.ubereats.com/inland-empire/food-delivery/del-taco-27923-greenspot-road/MpY_69nHRE6skVA-Iu9_Dg,inland-empire
https://www.ubereats.com/inland-empire/food-delivery/ramenkoko/rHUTFwegSvu4E1m9QriggQ,inland-empire
https://www.ubereats.com/inland-empire/food-delivery/chapala-restaurant/0EAyh6TQRtyu8_wJusskGw,inland-empire
https://www.ubereats.com/inland-empire/food-delivery/jersey-mikes-subs-27993-greenspot-rd/X9SLQO81RDOwSFdgZ6JiPA,inland-empire
https://www.ubereats.com/inland-empire/food-delivery/juanitos-taco/EWE9W3zvQm-l2uezbALeUA,inland-empire
https://www.ubereats.com/inland-empire/food-delivery/michoacana-colton/tZM5xkwrRVKl-QWaP5FSzw,inland-empire
https://www.ubereats.com/inland-empire/food-delivery/all-star-pizza/95V9uWVPRBSwSzgU4TZhog,inland-empire
https://www.ubereats.com/inland-empire/food-delivery/taqueria-mi-ranchito-alegre/DSh820WfTtqG2ydBVg760w,inland-empire
https://www.ubereats.com/inland-empire/food-delivery/johnnys-tacos-%26-sports/NtjPblQVQzWJOg5THn0Qjg,inland-empire
https://www.ubereats.com/inland-empire/food-delivery/jamba-juice-27510-lugonia-ave-ste-f/l3ISNSBsSG6PIOG_nQxCag,inland-empire
https://www.ubereats.com/inland-empire/food-delivery/churchs-chicken-912-east-foothill-blvd/clbRhB4FS2qF_Ztkvc9TeQ,inland-empire
https://www.ubereats.com/inland-empire/food-delivery/la-pizza-loca-san-bernardino/011ucI1nR_GxLPokrdMHnA,inland-empire
https://www.ubereats.com/inland-empire/food-delivery/mcdonalds-4155-university-pkwy/m34IEazdTYO1y7jcow96uA,inland-empire
https://www.ubereats.com/inland-empire/food-delivery/applebees-4070-e-highland-avenue-%2379051/JBk3ophpSHqtHWzWaO0vZg,inland-empire
https://www.ubereats.com/inland-empire/food-delivery/lucians-pizza/zefg4fq5Ry2WUzANRFjamA,inland-empire
https://www.ubereats.com/inland-empire/food-delivery/popeyes-198-e-redlands-blvd/Nzoh8KU8QiSwINWgZAEzPw,inland-empire
https://www.ubereats.com/inland-empire/food-delivery/mr-rice/-W1FTV-tSfu5uKRNDjLqIw,inland-empire
https://www.ubereats.com/inland-empire/food-delivery/subway-1619-west-lugonia-ave/9P1jnk0pSBOtzl9K7r90vA,inland-empire
https://www.ubereats.com/inland-empire/food-delivery/taco-bell-1225-w-colton/w0JZqxgMSyaHCXJ4xoq8Qg,inland-empire
https://www.ubereats.com/inland-empire/food-delivery/tea-terminals/z9X1L6TDQr6KPPyBJIe7Tw,inland-empire
https://www.ubereats.com/inland-empire/food-delivery/poke-tology/djfIXi1NRXyrVBtIiN5EKw,inland-empire
https://www.ubereats.com/inland-empire/food-delivery/del-taco-770-w-2nd-st/6RCiU8pfTGK0ExqlFlCEvQ,inland-empire
https://www.ubereats.com/inland-empire/food-delivery/crest-cafe-riverside/p_bYgUPLRk-mMQEnAe_A6g,inland-empire
https://www.ubereats.com/inland-empire/food-delivery/chronic-tacos-400-w-stuart-ave/rS5ZTq_PQ1SKr8ETIM1Bqw,inland-empire
https://www.ubereats.com/inland-empire/food-delivery/arbys-670-se-st/t43ea-bzSnGiCPesXtPK3A,inland-empire
https://www.ubereats.com/inland-empire/food-delivery/wienerschnitzel-1961-redlands-blvd/5TZoYxEoSqC6rk2uA_iI1w,inland-empire
https://www.ubereats.com/inland-empire/food-delivery/starbucks-27615-baseline-street/2M4d6o9_TO21Xwfen24sRg,inland-empire
https://www.ubereats.com/inland-empire/food-delivery/subway-525-w-highland-ave/6gQa_YHaRNKojRpXB2tgyA,inland-empire
https://www.ubereats.com/inland-empire/food-delivery/miguels-jr-rialto/_DIVMR4MSJm0cIAK05ogWg,inland-empire
https://www.ubereats.com/inland-empire/food-delivery/mcdonalds-100-e-redlands-blvd/IHkddYRVSDydIIvwgyPj3g,inland-empire
https://www.ubereats.com/inland-empire/food-delivery/amapola-rico-taco-baseline/NuQAI9waRtu7nrYAHvUrfQ,inland-empire
https://www.ubereats.com/inland-empire/food-delivery/jack-in-the-box-1141-w-lugonia-ave/_B2Mg_xXTfWUYUZ0rcO3rw,inland-empire
https://www.ubereats.com/inland-empire/food-delivery/wendys-27879-baseline-avenue/ypXN0yI7QAOHNwiWnJmxRQ,inland-empire
https://www.ubereats.com/palm-springs/food-delivery/ie-vegan-thai-chinese/1_odNEkTS_Wn3idXzkQx9w,inland-empire
https://www.ubereats.com/inland-empire/food-delivery/papa-johns-redlands/uWbDuAomQLy4-C2Rbrd-OA,inland-empire
https://www.ubereats.com/inland-empire/food-delivery/yogurtland-27511-san-bernardino-ave/NpFS3POfTDaPP5BMyfOIjw,inland-empire
https://www.ubereats.com/inland-empire/food-delivery/del-taco-3702-highland-ave/s5VQAJJ7SSqlHW4Kk2JAfw,inland-empire
https://www.ubereats.com/inland-empire/food-delivery/rok-n-fondue/y1ywuV5aTlyVyQAIX1Y07g,inland-empire
https://www.ubereats.com/inland-empire/food-delivery/la-baja-burger/RnXZrs58SriiPnrrirOnZQ,inland-empire
https://www.ubereats.com/inland-empire/food-delivery/pizza-q/7TAItND-Qrez5SmsVgEfyw,inland-empire
https://www.ubereats.com/palm-springs/food-delivery/matsuri-japanese-restaurant/fm478QNaST2aSsmF1nUeCQ,inland-empire
https://www.ubereats.com/inland-empire/food-delivery/bluewater-poke/FmWlX5KSRByiEs15fJdzRA,inland-empire
https://www.ubereats.com/inland-empire/food-delivery/don-orange-tacos/H0s0Cm0CTf69U7LkXf-gHA,inland-empire
https://www.ubereats.com/palm-springs/food-delivery/dennys-702-e-highland-ave/Q-VBzaoGTDi2jIEsQawzPg,inland-empire
https://www.ubereats.com/inland-empire/food-delivery/original-mona-lisa/i9GZksr9QK6pI1yiz9zicg,inland-empire
https://www.ubereats.com/inland-empire/food-delivery/jersey-mikes-subs-1310-s-riverside-avenue/FKDC2st-RVKw4sDVtGBVfg,inland-empire
https://www.ubereats.com/inland-empire/food-delivery/the-redlands-underground-restaurant-and-bar/wGGrCodWT4abKhv5rB0QYQ,inland-empire
https://www.ubereats.com/palm-springs/food-delivery/red-panka/mpU8lXuyQDid3kkpYBy7Fw,inland-empire
https://www.ubereats.com/inland-empire/food-delivery/applebees-2046-w-redlands-blvd/STVS4X1nQuyD-4hKUNiQgg,inland-empire
https://www.ubereats.com/inland-empire/food-delivery/farmer-boys-san-bernadino-ave/ZSXTbLnAR529vdXoq_dtEQ,inland-empire
https://www.ubereats.com/inland-empire/food-delivery/dinos-pizza-wings-subs/VKVoSJeWS_eSUNDNO_4O5Q,inland-empire
https://www.ubereats.com/inland-empire/food-delivery/subway-766-tennessee-ave/ydZsZO7JTDGfqpBOqDuGkQ,inland-empire
https://www.ubereats.com/inland-empire/food-delivery/culichis-%26-beer-colton/L_9pCchsTAKYaKIEt8zCcg,inland-empire
https://www.ubereats.com/inland-empire/food-delivery/plant-power-fast-food/SEkazwGnTsG1A7BpGuBT8Q,inland-empire
https://www.ubereats.com/inland-empire/food-delivery/wendys-1991-redlands-blvd/iIZFFnVPSvydgghurovBjA,inland-empire
https://www.ubereats.com/inland-empire/food-delivery/subway-1353-w-mill-st/cApdZxUkR_qnjXmmnxFPwQ,inland-empire
https://www.ubereats.com/inland-empire/food-delivery/dennys-2442-highland-ave/ef-rzqbuRzSRtl5tpWAprQ,inland-empire
https://www.ubereats.com/inland-empire/food-delivery/kfc-taco-bell-792-w-valley-blvd/vfB6447fRQqCf2sulRc5WA,inland-empire
https://www.ubereats.com/inland-empire/food-delivery/jack-in-the-box-605-e-redlands-blvd/uvrn5b5jRAWYFJKvmkj4SQ,inland-empire
https://www.ubereats.com/inland-empire/food-delivery/alamillas-mexican-food/fvD6I-J2TGS0hXxJT0lFbQ,inland-empire
https://www.ubereats.com/inland-empire/food-delivery/five-guys-ca-1271-10060-alabama-street/7Hu0tqrZTHiRzUiukV6Esw,inland-empire
https://www.ubereats.com/inland-empire/food-delivery/yogurtland-631-orange-st/pOJeZm8ZQUaX7G_-SHvwiw,inland-empire
https://www.ubereats.com/inland-empire/food-delivery/subway-297-e-highland-aveue/iQOniFxOTPqQOhQ4OR-JMg,inland-empire
https://www.ubereats.com/inland-empire/food-delivery/carnitas-michoacan/2REWmxFMRGqWFok_YT8eOg,inland-empire
https://www.ubereats.com/inland-empire/food-delivery/culichi-town-moreno-valley/4Z6Oqa_QQ8aenWtBADEgOQ,inland-empire
https://www.ubereats.com/inland-empire/food-delivery/toms-%231-worlds-famous-chiliburgers/YXSc97JfSG-csp83Gc5w-A,inland-empire
https://www.ubereats.com/palm-springs/food-delivery/bostons-restaurant-%26-sports-bar-16927-sierra-lakes-pkwy/odk13SRTR6KHXhfvs03G5A,inland-empire
https://www.ubereats.com/inland-empire/food-delivery/mountain-mikes-pizza-605-n-eureka-street-suite-100/3b8dX-9JRlOSQmgfGCVwcg,inland-empire
https://www.ubereats.com/inland-empire/food-delivery/la-michoacana-delicious-ice-cream/5JXCDM1cR1GY2RkNPc6oxA,inland-empire
https://www.ubereats.com/inland-empire/food-delivery/celebrities-sports-bar-and-grill/9fYVAz-DRsaj3XS-No1b2w,inland-empire
https://www.ubereats.com/inland-empire/food-delivery/waba-grill-27923-greenspot-road-suite-d/rch79OnET52LDbNSVfvZbA,inland-empire
https://www.ubereats.com/inland-empire/food-delivery/la-morenita-tacos-y-jugos/i97YIBZkRzyobCJQOYgcSg,inland-empire
https://www.ubereats.com/inland-empire/food-delivery/wienerschnitzel-4394-university-parkway/UXnSUul0TLa52PuWWAMfgg,inland-empire
https://www.ubereats.com/inland-empire/food-delivery/jack-in-the-box-497-s-e-st/qxEQSyluRBG2r2DuCg9eNg,inland-empire
https://www.ubereats.com/inland-empire/food-delivery/subway-1588-west-base-line-road/Yffuzk0gT7aBFDgai1kb3w,inland-empire
https://www.ubereats.com/inland-empire/food-delivery/churchs-chicken-299-east-baseline/6bxSiBgdQAS77KHw4sinYA,inland-empire
https://www.ubereats.com/inland-empire/food-delivery/chipotle-mexican-grill-1092-e-hospitality-ln-ste-b/XTA2-4gaRleQsx2rIDig4Q,inland-empire
https://www.ubereats.com/inland-empire/food-delivery/bobos-pizza/w9pbHDiAS5y7FrRQKut3NA,inland-empire
https://www.ubereats.com/inland-empire/food-delivery/pollo-campero-san-bernardino-harriman-place/R6K33o9cRdO13Z9tQLjlYA,inland-empire
https://www.ubereats.com/inland-empire/food-delivery/ihop-san-bernardino/D5Il6fS6RYmgkUj5qPd0Sw,inland-empire
https://www.ubereats.com/inland-empire/food-delivery/carls-jr-293-e-40th-st/K2Rmu4lUTO2nYPmk2JkGlQ,inland-empire
https://www.ubereats.com/inland-empire/food-delivery/jack-in-the-box-25699-baseline-st/0KzhPJ0OQRODAcEUXnKvJg,inland-empire
https://www.ubereats.com/inland-empire/food-delivery/papa-johns-san-bernardino/o8Gakv59SPuWvck7BEYsAA,inland-empire
https://www.ubereats.com/inland-empire/food-delivery/carls-jr-524-inland-center-dr/Diye6J3uTZKyn4UBZHPbVQ,inland-empire
https://www.ubereats.com/inland-empire/food-delivery/culichis-%26-beer-colton/t2yH3oQBRqKdtsotO9GFPQ,inland-empire
https://www.ubereats.com/inland-empire/food-delivery/burgerim/hrZHdrhPQmyeHBQhuXdlYQ,inland-empire
https://www.ubereats.com/inland-empire/food-delivery/popeyes-1064-west-highland-avenue/NRdXSKa-RCq93cQesDfkHQ,inland-empire
https://www.ubereats.com/inland-empire/food-delivery/simplee-boba-loma-linda/7ZcYknzMQwm9qccfTCYmZA,inland-empire
https://www.ubereats.com/inland-empire/food-delivery/claim-jumper-1905-south-commercenter-east/GM4pAvWiRvqgDlE2lhZ_vA,inland-empire
https://www.ubereats.com/palm-springs/food-delivery/poke-bar-891-e-harriman-pl-suite-a/Lmtu7O6dSnSdVmzwGnM6Ug,inland-empire
https://www.ubereats.com/inland-empire/food-delivery/panda-express-27720-base-line-street/BasIQpD8TN6b7phaHLiPdA,inland-empire
https://www.ubereats.com/inland-empire/food-delivery/tgi-fridays-1917-san-bernardino-ca/wRbfC7FkRL2hBAiMaKlzGw,inland-empire
https://www.ubereats.com/inland-empire/food-delivery/ding-tea-loma-linda/uD1yXkrHQ862O_3nKgjk0g,inland-empire
https://www.ubereats.com/inland-empire/food-delivery/farmer-boys/K2qdcD3yQXqcPi6MJLyhHA,inland-empire
https://www.ubereats.com/inland-empire/food-delivery/helmands-pizzeria-%26-restaurant/nexyWXixTwyrVKJ9cmR3JQ,inland-empire
https://www.ubereats.com/inland-empire/food-delivery/waba-grill-1040-s-mt-vernon-ave/5q_c0sQsQsWX48t9yiIkHA,inland-empire
https://www.ubereats.com/inland-empire/food-delivery/blaze-pizza-1155-w-renaissance-pkwy-%23500/NgcOnXhyQqyr6ulU4eSpVw,inland-empire
https://www.ubereats.com/inland-empire/food-delivery/pick-up-stix-san-bernardino/XS8633fYTkityogLHXZ2Fg,inland-empire
https://www.ubereats.com/inland-empire/food-delivery/hiccups-loma-linda/45-_wOuyROK6OAtXKmYMiw,inland-empire
https://www.ubereats.com/inland-empire/food-delivery/farmer-boys-mountain-view-ave/oDGzgbG3QX-zKe85F_DJpA,inland-empire
https://www.ubereats.com/inland-empire/food-delivery/delhi-palace/OFesaDm3TxiHzQANegKirA,inland-empire
https://www.ubereats.com/inland-empire/food-delivery/starbucks-25775-barton-road/62XVOEX5R0mF4nKWxuUQEw,inland-empire
https://www.ubereats.com/inland-empire/food-delivery/mcdonalds-1208-n-mt-vernon-blvd/xmHpZrDxTrOVQupRkr1How,inland-empire
https://www.ubereats.com/inland-empire/food-delivery/bostons-restaurant-%26-sports-bar-16927-sierra-lakes-pkwy/odk13SRTR6KHXhfvs03G5A,inland-empire
https://www.ubereats.com/inland-empire/food-delivery/jersey-mikes-subs-186-e-easton-st/tPUMXV8NSK-9_q8Vk9QHDQ,inland-empire
https://www.ubereats.com/inland-empire/food-delivery/honey-baked-ham-san-bernardino/-UuDHpA7RM-eSSFC6h65vg,inland-empire
https://www.ubereats.com/inland-empire/food-delivery/ie-vegan-thai-chinese/1_odNEkTS_Wn3idXzkQx9w,inland-empire
https://www.ubereats.com/inland-empire/food-delivery/el-pollo-loco-1695-kendall-dr3284/EaMSBjEYQgirVCDYMqLhzA,inland-empire
https://www.ubereats.com/inland-empire/food-delivery/jack-in-the-box-1191-s-mt-vernon-ave/RlfH7MxKRuycEqYddg-dtw,inland-empire
https://www.ubereats.com/inland-empire/food-delivery/famous-daves-27500-lugonia-avenue/BCMmSyURSKa90RjqAQlxSQ,inland-empire
https://www.ubereats.com/inland-empire/food-delivery/starbucks-2726-s-iowa-ave/-r-KPV4xRRK31dwH00itug,inland-empire
https://www.ubereats.com/inland-empire/food-delivery/starbucks-1265-alabama-street/4P2-oW5sR3iV7ieT6a6Dow,inland-empire
https://www.ubereats.com/palm-springs/food-delivery/nekter-juice-bar-riverside/15FQIWPPQhG3HiaZRzMpYw,inland-empire
https://www.ubereats.com/inland-empire/food-delivery/miyagi-sushi/ADxLllz_TtOIvQIK4a4ZSw,inland-empire
https://www.ubereats.com/inland-empire/food-delivery/panda-express-1605-s-riverside-ave/t7KzEaCGSbGqtAZ3eI02CQ,inland-empire
https://www.ubereats.com/inland-empire/food-delivery/jack-in-the-box-1148-coulston-st/gQld26Q6SMaf3dMhSLqY-A,inland-empire
https://www.ubereats.com/palm-springs/food-delivery/culichis-%26-beer-colton/t2yH3oQBRqKdtsotO9GFPQ,inland-empire
https://www.ubereats.com/inland-empire/food-delivery/chipotle-mexican-grill-635-orange-st/BiwcDV98THWpN0BUCzvoyQ,inland-empire
https://www.ubereats.com/inland-empire/food-delivery/taco-bell-295-w-highland/cXAzZK89Sw-Tw-ZoiEs-sg,inland-empire
https://www.ubereats.com/inland-empire/food-delivery/the-cookie-plug/SXB2UUFfSl60FO3PyOtkQw,inland-empire
https://www.ubereats.com/inland-empire/food-delivery/star-buffet-colton/n-UF_pdhQruUr5iLSvOepg,inland-empire
https://www.ubereats.com/inland-empire/food-delivery/kfc-%2346-4694-university-pkwy/XcWqpEoyRuWolMnUWY3x3Q,inland-empire
https://www.ubereats.com/inland-empire/food-delivery/kimchichanga/kPVbSwv8Smqt4UHhJnX9RQ,inland-empire
https://www.ubereats.com/inland-empire/food-delivery/kfc-%2339-645-e-redlands-blvd/TY6YR8ByRtK25A0IMH2AAA,inland-empire
https://www.ubereats.com/palm-springs/food-delivery/yoshinoya-2072-west-redlands-blvd/fsCT6wkOSrGt-C3HguD0Kg,inland-empire
https://www.ubereats.com/inland-empire/food-delivery/the-old-spaghetti-factory-redlands/iyG1zS4wTnKp9lu-EwQAmg,inland-empire
https://www.ubereats.com/inland-empire/food-delivery/hot-dog-on-a-stick-110-inland-ctr/C8P92-wTTpWSHUnWXs6bAA,inland-empire
https://www.ubereats.com/inland-empire/food-delivery/jamba-juice-1725-northpark-blvd-unit-2/G17iP9nbScOI8nrsginGcg,inland-empire
https://www.ubereats.com/inland-empire/food-delivery/liquid-tea-bar/m_7I94CSTxWq1F-0xTlpFw,inland-empire
https://www.ubereats.com/palm-springs/food-delivery/kimchichanga/kPVbSwv8Smqt4UHhJnX9RQ,inland-empire
https://www.ubereats.com/inland-empire/food-delivery/carls-jr-green-burrito-1180-s-mount-vernon-ave/aqbtjJt0SlSXorlloib4jQ,inland-empire
https://www.ubereats.com/inland-empire/food-delivery/napoli-italian-restaurant/psSGGf5vSZGAq0L_aTc6iA,inland-empire
https://www.ubereats.com/inland-empire/food-delivery/yum-yum-donuts-932-w-highland-avenue/_gj_XCq2Rx6mEZVcj7yrgA,inland-empire
https://www.ubereats.com/palm-springs/food-delivery/jade-inn/R6l8mEzCT8qmwdpr0F5m3w,inland-empire
https://www.ubereats.com/inland-empire/food-delivery/antonios-pizza-highland/PliZGfIXSS6kgE8fwDcADA,inland-empire
https://www.ubereats.com/inland-empire/food-delivery/mcdonalds-1620-redlands-blvd/3wxbDDatRmuTQLfSD820HQ,inland-empire
https://www.ubereats.com/inland-empire/food-delivery/machete-taqueria/V3eW68NwRyGF-pJuD2JJNQ,inland-empire
https://www.ubereats.com/inland-empire/food-delivery/del-taco-272-e-40th-st/P-bLlfYtT-qTpRezWXcA_A,inland-empire
https://www.ubereats.com/inland-empire/food-delivery/farmer-boys-highland-w-5th-st/54Oy713aRbGm6JeR8XZB2g,inland-empire
https://www.ubereats.com/inland-empire/food-delivery/kfc-%2302-808-w-highland-ave/Td0UFnGfR8m9WEgb0FPjZA,inland-empire
https://www.ubereats.com/inland-empire/food-delivery/wienerschnitzel-1102-n-waterman/iovcjWqtRWyOAIEGKigITg,inland-empire
https://www.ubereats.com/inland-empire/food-delivery/chesters-chicken-2300-e-steel-st/NJe5aR9VR4CtEwKAq37Abw,inland-empire
https://www.ubereats.com/inland-empire/food-delivery/gus-jr-restaurants/AQIbGQ3LQtOdkM6-74nVfA,inland-empire
https://www.ubereats.com/palm-springs/food-delivery/applebees-2046-w-redlands-blvd/STVS4X1nQuyD-4hKUNiQgg,inland-empire
https://www.ubereats.com/inland-empire/food-delivery/hidden-paradise-el-salvador/NA5rB9XiTfihIDzDndzhrA,inland-empire
https://www.ubereats.com/inland-empire/food-delivery/mcdonalds-25775-barton-road/5jSs0BmLSM6E9n0A9k34wA,inland-empire
https://www.ubereats.com/inland-empire/food-delivery/starbucks-292-e-40th-street/NZWaKky_R3a_3K4vxXwM0w,inland-empire
https://www.ubereats.com/palm-springs/food-delivery/ocean-pho-san-bernardino-ave/puUB3yCBSv6vEUurrCEvFw,inland-empire
https://www.ubereats.com/inland-empire/food-delivery/jack-in-the-box-193-e-40th-st/q3sq0tklTHWjE-6Ktc9udw,inland-empire
https://www.ubereats.com/inland-empire/food-delivery/yoshinoya-2072-west-redlands-blvd/fsCT6wkOSrGt-C3HguD0Kg,inland-empire
https://www.ubereats.com/inland-empire/food-delivery/the-ice-cream-shop/OB15eIIJQ2GKrw9gjP6XMw,inland-empire
https://www.ubereats.com/inland-empire/food-delivery/jack-in-the-box-11020-s-highland-avenue/jaD9_qxhRHWslgv4_BRRJw,inland-empire
https://www.ubereats.com/inland-empire/food-delivery/la-michoacana-ice-cream-parlor-colton/oG7LtZvMR86kRVDD_cSJbg,inland-empire
https://www.ubereats.com/inland-empire/food-delivery/panda-star/wvs6aRBvTiKlflFgg0D5QQ,inland-empire
https://www.ubereats.com/inland-empire/food-delivery/burgerim/6YSFG0msQAup7sX_0wMDRQ,inland-empire
https://www.ubereats.com/inland-empire/food-delivery/tios-mexican-food-fontana/In8Wmq80RIyXAH7e1HKRmw,inland-empire
https://www.ubereats.com/inland-empire/food-delivery/jack-in-the-box-3653-e-highland-ave/q_pPZd3nRdiJ8w_A3E6szQ,inland-empire
https://www.ubereats.com/inland-empire/food-delivery/indias-clay-oven-san-bernardino/SneAhFjtROKW8CXuHZGx-A,inland-empire
https://www.ubereats.com/palm-springs/food-delivery/bravos-california-fresh-moreno-valley/OHrI7zQeSCSnCJz_Y-ZlsQ,inland-empire
https://www.ubereats.com/inland-empire/food-delivery/panda-express-500-inland-center-drive/IhUaoNOrSdiOiurEw0L5dg,inland-empire
https://www.ubereats.com/inland-empire/food-delivery/chick-fil-a-27520-w-lugonia-ave/EXhKuo7XRT2fswGQp4ykLg,inland-empire
https://www.ubereats.com/inland-empire/food-delivery/starbucks-1755-e-lugonia-avenue/zIoeesWNT8CYXILzgKv6Wg,inland-empire
https://www.ubereats.com/inland-empire/food-delivery/jack-in-the-box-1199-n-mt-vernon-ave/K_y6K6EeShWmqS_IzwMViQ,inland-empire
https://www.ubereats.com/palm-springs/food-delivery/panera-1056-e-hospitality-lane/a8izKi1sRreJtXoSeF1L8A,inland-empire
https://www.ubereats.com/inland-empire/food-delivery/jersey-mikes-subs-12625-frederick-street/N9c5w0OlTvKagO-GIW-YBw,inland-empire
https://www.ubereats.com/palm-springs/food-delivery/ocean-pho-barton-rd/2Es7C4WjQeKVM8RGfFi98g,inland-empire
https://www.ubereats.com/inland-empire/food-delivery/rubios-633-orange-st/bmsLVd5UTp6drOuO4U3zPQ,inland-empire
https://www.ubereats.com/inland-empire/food-delivery/tortas-sinaloa/sgBy_E5uTHicPUFJemQB4A,inland-empire
https://www.ubereats.com/inland-empire/food-delivery/del-taco-1624-w-redlands-blvd/v3hQqt03Qfe0S3i1JUaeIg,inland-empire
https://www.ubereats.com/inland-empire/food-delivery/golden-dragon/A9nCVgLeRJysf4fpXQyW_A,inland-empire
https://www.ubereats.com/inland-empire/food-delivery/ocean-pho-barton-rd/2Es7C4WjQeKVM8RGfFi98g,inland-empire
https://www.ubereats.com/inland-empire/food-delivery/margaritas-grill-restaurant/Ri3Bl5jdRyeqiER87LVL3w,inland-empire
https://www.ubereats.com/inland-empire/food-delivery/kings-rotisserie-chicken/9FEyRCJ7Sx-mdq1k48qfDQ,inland-empire
https://www.ubereats.com/inland-empire/food-delivery/luna-grill-redlands/dqNoOcSpToKGwWgXd1K5Cg,inland-empire
https://www.ubereats.com/inland-empire/food-delivery/dos-amigos-tortas/kI-5tsRmRWOj09lqzFlLjw,inland-empire
https://www.ubereats.com/inland-empire/food-delivery/american-pizza-co/cTAy32koSIetlSVGmNBIWg,inland-empire
https://www.ubereats.com/inland-empire/food-delivery/mi-casita-purepecha/HrRPDzvJSeCCaqqDmj0reA,inland-empire
https://www.ubereats.com/inland-empire/food-delivery/poke-bar-891-e-harriman-pl-suite-a/Lmtu7O6dSnSdVmzwGnM6Ug,inland-empire
https://www.ubereats.com/palm-springs/food-delivery/culichi-town-rialto/5gwx5hmrTv6MW8ueg9fikw,inland-empire
https://www.ubereats.com/inland-empire/food-delivery/subway-1971-w-redlands-blvd/7u8m_TMTQ2W25xUUKLsL4A,inland-empire
https://www.ubereats.com/palm-springs/food-delivery/krispy-krunchy-chicken-605-north-h-street/zJ3rXOHnTgGJP0G25DvO6w,inland-empire
https://www.ubereats.com/palm-springs/food-delivery/taste-of-thai/s_gXac6PQnSgk7rPUrY5cQ,inland-empire
https://www.ubereats.com/inland-empire/food-delivery/surfer-joes-pizza-eatery/8CkieTdCQ9uesc7KqTlhDA,inland-empire
https://www.ubereats.com/inland-empire/food-delivery/tacos-la-morena/gttzSIdDTPi0-i873I_MBQ,inland-empire
https://www.ubereats.com/inland-empire/food-delivery/la-michoacana-n-sierra-way/_kVYGYPBSMG-KJWABxVE6Q,inland-empire
https://www.ubereats.com/inland-empire/food-delivery/carls-jr-green-burrito-192-e-redlands-blvd/4k4JDidwQ86kare8-pExqw,inland-empire
https://www.ubereats.com/inland-empire/food-delivery/kfc-%2316-24866-redlands-blvd/Ko4U4Et2R4K_DQceadyonQ,inland-empire
https://www.ubereats.com/inland-empire/food-delivery/oggis-sports-%7C-brewhouse-%7C-pizza-fontana/JZzakotMQeWiIz1o_NPhrg,inland-empire
https://www.ubereats.com/inland-empire/food-delivery/mcdonalds-240-e-40th-st/GKP-3Xz3QU-Roc1kPT2cag,inland-empire
https://www.ubereats.com/inland-empire/food-delivery/noyes-bakery/T_9RFZkRSgmd9Mvdi79wcg,inland-empire
https://www.ubereats.com/inland-empire/food-delivery/chuck-e-cheese-777-e-hospitality-ln/sQN0xdUMTJ2NQ7cwZ-2Y3Q,inland-empire
https://www.ubereats.com/inland-empire/food-delivery/golden-pizza/_hTdzS7AR-qu-LX8kv51Zg,inland-empire
https://www.ubereats.com/inland-empire/food-delivery/del-taco-834-w-valley-blvd/2r0FAafHSMudXmoiB5xiYQ,inland-empire
https://www.ubereats.com/inland-empire/food-delivery/chipotle-mexican-grill-27511-san-bernardino-ave/_Y7xvcfjQfG2p6J32R367Q,inland-empire
https://www.ubereats.com/inland-empire/food-delivery/kays-cafe/XeOgPGQeSEug2sbskj4YVQ,inland-empire
https://www.ubereats.com/inland-empire/food-delivery/taco-bell-240-w-base-line-rd/JIJ04TT1SPmMj5yegiBfzA,inland-empire
https://www.ubereats.com/inland-empire/food-delivery/new-delhi-palace-cuisine-of-india/fQhkpFH6QtKkQ0J5a6LQsw,inland-empire
https://www.ubereats.com/inland-empire/food-delivery/falafel-express/Mb6FNEnZTY22reG3QPWqrA,inland-empire
https://www.ubereats.com/inland-empire/food-delivery/jade-inn/R6l8mEzCT8qmwdpr0F5m3w,inland-empire
https://www.ubereats.com/inland-empire/food-delivery/sizzler/n2YwPL4SSB6N7QsnF4sobA,inland-empire
https://www.ubereats.com/inland-empire/food-delivery/la-michoacana-signature-treats/3in4GNcySXeetr-p3_hzzw,inland-empire
https://www.ubereats.com/inland-empire/food-delivery/the-gourmet-pizza-shoppe/H3iBPttIRK6621_bjTr-Hw,inland-empire
https://www.ubereats.com/inland-empire/food-delivery/starbucks-202-e-valley-blvd/gvKA-plZT-qFNeUqya2vKw,inland-empire
https://www.ubereats.com/inland-empire/food-delivery/bk-subs-loma-linda/VexN3bu0QkCKhLUq3vm68g,inland-empire
https://www.ubereats.com/inland-empire/food-delivery/krispy-krunchy-chicken-rialto/0iedXe2lRc-Xq5yF01Vwdg,inland-empire
https://www.ubereats.com/inland-empire/food-delivery/papa-johns-loma-linda/WoI-ekM2RSeFcNN-kBcQUQ,inland-empire
https://www.ubereats.com/inland-empire/food-delivery/culichi-town-rialto/5gwx5hmrTv6MW8ueg9fikw,inland-empire
https://www.ubereats.com/inland-empire/food-delivery/carls-jr-1205-colton-ave/nh-bXG1sSLuHcuAV29FrGQ,inland-empire
https://www.ubereats.com/inland-empire/food-delivery/mollys-cafe/HyUvZgPyQBegByD9m88j7w,inland-empire
https://www.ubereats.com/inland-empire/food-delivery/hong-kong-express/5yDAjbZCQ3OUTbUR5xaTQw,inland-empire
https://www.ubereats.com/inland-empire/food-delivery/golden-corral-325-e-hospitality-lane/HoqI2zIGSpOAVx2na3iBCA,inland-empire
https://www.ubereats.com/inland-empire/food-delivery/taste-of-thai/s_gXac6PQnSgk7rPUrY5cQ,inland-empire
https://www.ubereats.com/palm-springs/food-delivery/ihop-2575-highland-ave/xi5ttCaiTa2YaMdaRK5DZg,inland-empire
https://www.ubereats.com/inland-empire/food-delivery/bakery-sweetpea-%26-me/1Hzs7YwiQ4KWHUCrVjqvRQ,inland-empire
https://www.ubereats.com/inland-empire/food-delivery/jojos-grill-a-dog-redlands/jqrxz-pkT9WEcl9I_hX_HA,inland-empire
https://www.ubereats.com/inland-empire/food-delivery/mcdonalds-1575-e-highland-ave/oXRAwQuJT_2cN1uVucd0Qg,inland-empire
https://www.ubereats.com/inland-empire/food-delivery/burger-king-487-west-highland/TEc7yuX7RB23H7Az1W4uWg,inland-empire
https://www.ubereats.com/inland-empire/food-delivery/red-panka/mpU8lXuyQDid3kkpYBy7Fw,inland-empire
https://www.ubereats.com/inland-empire/food-delivery/mcdonalds-612-e-redlands-blvd/JhehMfbGQVyyuMBFlsgufA,inland-empire
https://www.ubereats.com/inland-empire/food-delivery/red-lobster-195-e-hospitality-lane/bvzWXz6GRPGYB151OxAjYQ,inland-empire
https://www.ubereats.com/inland-empire/food-delivery/lotus-garden/FXrzY0A2Tfu7COQ6IRpJxg,inland-empire
https://www.ubereats.com/inland-empire/food-delivery/cinnabon-500-inland-center-dr/Z7z8_pNWSXuQ3BJE0CyTgw,inland-empire
https://www.ubereats.com/inland-empire/food-delivery/jack-in-the-box-27734-baseline-st/by94PpkKQ7GavHKf9M37Kg,inland-empire
https://www.ubereats.com/inland-empire/food-delivery/burger-king-935-north-waterman/JlVSGhfYS7aj94PSpLTv1A,inland-empire
https://www.ubereats.com/inland-empire/food-delivery/nekter-juice-bar-redlands/w-EtiCX7RKu0Syd54U5rng,inland-empire
https://www.ubereats.com/inland-empire/food-delivery/pasquallys-pizza-%26-wings-777-east-hospitality-lane/c2m5yL2XRYanuwYqzQYvNQ,inland-empire
https://www.ubereats.com/inland-empire/food-delivery/five-guys-ca-1447-525-e-hospitality-ln/tKsYRknTRoWJOb1DHmxU_A,inland-empire
https://www.ubereats.com/inland-empire/food-delivery/waba-grill-1920-e-highland-ave-san-bernardino/ndAIvqoNTmKwzAo4mCVgAQ,inland-empire
https://www.ubereats.com/inland-empire/food-delivery/mcdonalds-1201-s-mount-vernon-ave/Fu9PkdNaQ92pfIGFG-KJiQ,inland-empire
https://www.ubereats.com/inland-empire/food-delivery/carls-jr-green-burrito-25536-barton-rd/tap06vmXTnWv4sUZE58k7A,inland-empire
https://www.ubereats.com/inland-empire/food-delivery/starbucks-126-e-redlands-blvd/akfjXw_sQZmQGc872nYSiA,inland-empire
https://www.ubereats.com/inland-empire/food-delivery/cracker-barrel-old-country-store-1080-west-renaissance-pwky/vuEEGAVaTIGPDPgffeSDvg,inland-empire
https://www.ubereats.com/inland-empire/food-delivery/wienerschnitzel-2011-e-washington-street/uBjBtSJZTwu5TmBhnHcVTA,inland-empire
https://www.ubereats.com/inland-empire/food-delivery/amampola-rico-taco-27627-baseline/42DsMrdSTUuC0cd0XQZInA,inland-empire
https://www.ubereats.com/inland-empire/food-delivery/king-kebab/Z4weHhkwRHemnYAkxbGLgQ,inland-empire
https://www.ubereats.com/inland-empire/food-delivery/kfc-taco-bell-7347-boulder-ave/CP6k1KVpSq-SS4acpIn1rg,inland-empire
https://www.ubereats.com/inland-empire/food-delivery/del-taco-1010-e-washington-st/7BAIWM34S5Cj6PeUAuarMA,inland-empire
https://www.ubereats.com/inland-empire/food-delivery/bravos-california-fresh-moreno-valley/OHrI7zQeSCSnCJz_Y-ZlsQ,inland-empire
https://www.ubereats.com/inland-empire/food-delivery/el-super-san-bernardino-9th-37/W2TJELUSSy2gTox2G6lljg,inland-empire
https://www.ubereats.com/inland-empire/food-delivery/frice/gumQpWcbTB-Kl4BwSlo04A,inland-empire
https://www.ubereats.com/inland-empire/food-delivery/waba-grill-24940-redlands-blvd-loma-linda/DK7LUX9CQie1CBDOWqq1ng,inland-empire
https://www.ubereats.com/inland-empire/food-delivery/mill-creek-bbq-%26-burger/INCdXdIGQGGAeDcBWMy4TA,inland-empire
https://www.ubereats.com/inland-empire/food-delivery/ihop-2575-highland-ave/xi5ttCaiTa2YaMdaRK5DZg,inland-empire
https://www.ubereats.com/inland-empire/food-delivery/miguels-jr-grand-terrace/Gzhwpc_5R06JNPfewKjGTQ,inland-empire
https://www.ubereats.com/inland-empire/food-delivery/jack-in-the-box-2062-w-redlands-blvd/gY_eqmulSfSa-qvmmq7e3Q,inland-empire
https://www.ubereats.com/inland-empire/food-delivery/mcdonalds-27774-baseline-ave/DNFEUBpaSpa4bS99yGWyJg,inland-empire
https://www.ubereats.com/inland-empire/food-delivery/karma-burger/6kM6OVVzT8OXlhdoOzUtpg,inland-empire
https://www.ubereats.com/inland-empire/food-delivery/mcdonalds-699-2nd-st/VgqgQzvJRXeKLb6d2v5W5g,inland-empire
https://www.ubereats.com/palm-springs/food-delivery/mr-rice/-W1FTV-tSfu5uKRNDjLqIw,inland-empire
https://www.ubereats.com/inland-empire/food-delivery/la-concha-coastal-mexican-grill/La_JW31dSCOWbyznBVPBGw,inland-empire
https://www.ubereats.com/inland-empire/food-delivery/mcdonalds-22257-barton-rd/u3mZzCC5RNyOm6kq1U6Mqw,inland-empire
https://www.ubereats.com/inland-empire/food-delivery/mill-creek-cattle-company/pnRycds9TzuUct07ZmG3HA,inland-empire
https://www.ubereats.com/inland-empire/food-delivery/krispy-krunchy-chicken-605-north-h-street/zJ3rXOHnTgGJP0G25DvO6w,inland-empire
https://www.ubereats.com/inland-empire/food-delivery/kabab-el-basha/J90dn71sQDOeLIwYaIX_Wg,inland-empire
https://www.ubereats.com/palm-springs/food-delivery/kung-fu-pho/Rf_Ko2YXQue4tTymfZfWnA,inland-empire
https://www.ubereats.com/inland-empire/food-delivery/jack-in-the-box-4020-university-pkwy/dV_0-ZYuRYKZpJKvz4MvIw,inland-empire
https://www.ubereats.com/inland-empire/food-delivery/jade-inn-chinese-restaurant/hPuQDi1iQrashYD4hTI4ug,inland-empire
https://www.ubereats.com/inland-empire/food-delivery/el-super-san-bernardino-baseline-38/ADHI0TSkTlqw-0V3Hbc3GA,inland-empire
https://www.ubereats.com/inland-empire/food-delivery/garden-thai-cuisine/Wh1reSjeTV-0fM7yVuUYBg,inland-empire
https://www.ubereats.com/inland-empire/food-delivery/albertacos-mexican-food/9fyLY2ApS5CdABL4pbXW3A,inland-empire
https://www.ubereats.com/inland-empire/food-delivery/jack-in-the-box-495-n-d-st/zVYjMUXLQhCI0NjsBkiHNg,inland-empire
https://www.ubereats.com/inland-empire/food-delivery/kung-fu-pho/Rf_Ko2YXQue4tTymfZfWnA,inland-empire
https://www.ubereats.com/inland-empire/food-delivery/el-torito-118-e-hospitality-lane/1SADsnvhRbSOzalEoS76Nw,inland-empire
https://www.ubereats.com/inland-empire/food-delivery/el-pollo-loco-1210-w-colton-ave5790/bl-2IuEHRCOkEmTBqWPyYQ,inland-empire
https://www.ubereats.com/inland-empire/food-delivery/chapter-two/jRH0F2PjRSGmmmLAVGC5Jw,inland-empire
https://www.ubereats.com/inland-empire/food-delivery/waba-grill-4077-university-pkwy-san-bernardino/ti9nK2C2S8q5ZRqjqyUJPw,inland-empire
https://www.ubereats.com/inland-empire/food-delivery/pieology-pizzeria-623-orange-st/BegqtLBDQn6a0q4R3zwulg,inland-empire
https://www.ubereats.com/inland-empire/food-delivery/coffee-nutzz/B6-pE6wzQc2kyjaQYvXZpw,inland-empire
https://www.ubereats.com/inland-empire/food-delivery/jersey-mikes-subs-10040-alabama-street/Q8DJvrd-RzO5WTWujjYSXA,inland-empire
https://www.ubereats.com/palm-springs/food-delivery/hiccups-loma-linda/45-_wOuyROK6OAtXKmYMiw,inland-empire
https://www.ubereats.com/inland-empire/food-delivery/the-wall-restaurant-redlands/Sy0yZUhaRyWD0R1VmQky7g,inland-empire
https://www.ubereats.com/inland-empire/food-delivery/jamba-juice-27993-greenspot-rd-ste-20/XNWX6QXhQdS1JOwrQvyTAA,inland-empire
https://www.ubereats.com/inland-empire/food-delivery/la-michoacana-s-mt-vernon-ave/BHcYY_ccQbS16dlGCgbn-g,inland-empire
https://www.ubereats.com/inland-empire/food-delivery/panda-express-2005-w-redlands-blvd/2pkDo2hBS5aqL3uIBBAs3A,inland-empire
https://www.ubereats.com/inland-empire/food-delivery/sushi-train/J_Pws-JcRamRvxW6eunJUQ,inland-empire
https://www.ubereats.com/inland-empire/food-delivery/del-taco-602-e-redlands-blvd/lSjaW8cITE6mbH87sNFJfw,inland-empire
https://www.ubereats.com/palm-springs/food-delivery/plant-power-fast-food/SEkazwGnTsG1A7BpGuBT8Q,inland-empire
https://www.ubereats.com/inland-empire/food-delivery/el-super-san-bernardino-mt-vernon-39/TGmCVba0RDmx-MSkU_tiVw,inland-empire
https://www.ubereats.com/inland-empire/food-delivery/jack-in-the-box-1141-w-highland-ave/VL3TPkX6SJ-65-f8cZZXWg,inland-empire
https://www.ubereats.com/inland-empire/food-delivery/papa-johns-highland/xwKbMWJpRZ694HZev2C7qw,inland-empire
https://www.ubereats.com/palm-springs/food-delivery/seattles-best-teriyaki/E5CS36tJRrCbiW7ToLgzhg,inland-empire
https://www.ubereats.com/inland-empire/food-delivery/jersey-mikes-subs-400-w-stuart-avenue/7ATyrFo5QYytz6cowrORMw,inland-empire
https://www.ubereats.com/inland-empire/food-delivery/woodys-classic-grill/kq6qcnUaQd2MsNmvCJ_syQ,inland-empire
https://www.ubereats.com/inland-empire/food-delivery/firehouse-subs-loma-linda/53vRfIE_T6ykbysOFXaVcg,inland-empire
https://www.ubereats.com/inland-empire/food-delivery/subway-1760-tippecanoe-ave/t8O1OY3vSgegM3kAIK4wWQ,inland-empire
https://www.ubereats.com/inland-empire/food-delivery/nickelodeon-pizza/yZMHxMXITP-Qq8leBtwqdQ,inland-empire
https://www.ubereats.com/inland-empire/food-delivery/eureka!-redlands/oqlIEz4-SzSvr3yYCpu6Aw,inland-empire
https://www.ubereats.com/inland-empire/food-delivery/charleys-philly-steaks-inland-center-mall/dWCDIepgSrSs6JPsGRrX6A,inland-empire
https://www.ubereats.com/inland-empire/food-delivery/hooters-6225-valley-springs-pkwy/CYM-cgETTA6nGqxofjbxtA,inland-empire
https://www.ubereats.com/inland-empire/food-delivery/macaroni-grill-redlands/ddIAzv6BRma_6S7PFpuLIA,inland-empire
https://www.ubereats.com/inland-empire/food-delivery/del-taco-2002-e-highland-ave/bwWTij3RTjqNTcf3m8ay6g,inland-empire
https://www.ubereats.com/inland-empire/food-delivery/five-guys-ca-1271-10060-alabama-street/fY4rXyYCToSu9RpYywGrmQ,inland-empire
https://www.ubereats.com/inland-empire/food-delivery/panera-1056-e-hospitality-lane/a8izKi1sRreJtXoSeF1L8A,inland-empire
https://www.ubereats.com/inland-empire/food-delivery/mi-casita-taqueria/urEKjlucQuiPjx7phdA9sA,inland-empire
https://www.ubereats.com/inland-empire/food-delivery/waba-grill-2999-w-kendall-dr-unit-b-20-san-bernardino/iHVyG5WtS12y2-dGVO9SNA,inland-empire
https://www.ubereats.com/inland-empire/food-delivery/bk-subs-redlands/bxqBpA31ShyBXa2XphrCWQ,inland-empire
https://www.ubereats.com/inland-empire/food-delivery/nekter-juice-bar-riverside/15FQIWPPQhG3HiaZRzMpYw,inland-empire
https://www.ubereats.com/inland-empire/food-delivery/gazzolos-sausage-co-restaurant-%26-delicatessen/Z5WA7rWVT-SbbvyGrfU8ew,inland-empire
https://www.ubereats.com/palm-springs/food-delivery/green-shack-market/EnCNwbxrRd-VhZZtCxzjLQ,inland-empire
https://www.ubereats.com/inland-empire/food-delivery/taco-bell-2525-highland-ave/L9qlDw_lTS2Lb7BoCqYTDQ,inland-empire
https://www.ubereats.com/inland-empire/food-delivery/red-robin-598-27476-lugonia-ave/iyYh_a0QTiKZLlNvQCT0fw,inland-empire
https://www.ubereats.com/inland-empire/food-delivery/jamba-juice-1078-east-hospitality-lane-ste-f/5Kg6sXusS72g9iiWEPvZcA,inland-empire
https://www.ubereats.com/inland-empire/food-delivery/golden-pizza/-Mn-_oKbSi6efEX5IO4czA,inland-empire
https://www.ubereats.com/inland-empire/food-delivery/carls-jr-4424-university-parkway/FIxQTgHpQWuCljT4GstIzQ,inland-empire
https://www.ubereats.com/inland-empire/food-delivery/the-habit-burger-grill-27511-san-bernardino-ave-suite-100/KiyTkGgKTG-26QFCdQmpPw,inland-empire
https://www.ubereats.com/inland-empire/food-delivery/wendys-1110-s-mt-vernon-ave/8VacwdP_SFuc-XhZdPRyOw,inland-empire
https://www.ubereats.com/palm-springs/food-delivery/culichi-town-moreno-valley/4Z6Oqa_QQ8aenWtBADEgOQ,inland-empire
https://www.ubereats.com/palm-springs/food-delivery/miyagi-sushi/ADxLllz_TtOIvQIK4a4ZSw,inland-empire
https://www.ubereats.com/inland-empire/food-delivery/taco-bell-797-2nd-street/WhecXDXbRompevTr6_TEAA,inland-empire
https://www.ubereats.com/inland-empire/food-delivery/outback-steakhouse-620-e-hospitality-lane/Eq32F5WqQemJo6XrhD78ow,inland-empire
https://www.ubereats.com/inland-empire/food-delivery/ocean-pho-san-bernardino-ave/puUB3yCBSv6vEUurrCEvFw,inland-empire
https://www.ubereats.com/inland-empire/food-delivery/miguels-jr-redlands/EV3tQs-ISrysgtd8f8cuBw,inland-empire
https://www.ubereats.com/inland-empire/food-delivery/mariscos-el-chapo/xIlCQQ19R7mOm9OCQegeew,inland-empire
https://www.ubereats.com/inland-empire/food-delivery/carls-jr-1505-e-highland-ave/hFcKl9uLTqmF9xmLuIFRbw,inland-empire
https://www.ubereats.com/inland-empire/food-delivery/waba-grill-25717-barton-rd-loma-linda/GjvUf6t6SIyJi6fLtD8nxw,inland-empire
https://www.ubereats.com/inland-empire/food-delivery/the-habit-burger-grill-1550-w-valley-blvd-unit-a/LXTgN02lTji3YY9KkCDJNg,inland-empire
https://www.ubereats.com/inland-empire/food-delivery/mcdonalds-568-s-mt-vernon-ave/J-HweiruTB-pXONgMEVYQw,inland-empire
https://www.ubereats.com/inland-empire/food-delivery/dennys-1180-alabama-st/RuveKbR0TyeKiDZmHTmXHw,inland-empire
https://www.ubereats.com/inland-empire/food-delivery/tacos-mexico-san-bernardino-ca/RckxIVShTSS8V3Z6rFl2WQ,inland-empire
https://www.ubereats.com/inland-empire/food-delivery/waba-grill-3993-north-sierra-way-san-bernardino/yzk0okvwQ6WILfbSwzloVA,inland-empire
https://www.ubereats.com/inland-empire/food-delivery/pizza-fuego-san-bernardino/kGN85WD6StmSgRaU9WkMIw,inland-empire
https://www.ubereats.com/inland-empire/food-delivery/mcdonalds-111-w-baseline-rd/ME1lEYB2RZKBHNKn13Tsjw,inland-empire
https://www.ubereats.com/inland-empire/food-delivery/carls-jr-7261-boulder-ave/PeVgPkuvSqC6FegO0bDW2Q,inland-empire
https://www.ubereats.com/inland-empire/food-delivery/golden-china-restaurant/OVQR82v4RsCoCxis9yxCvg,inland-empire
https://www.ubereats.com/inland-empire/food-delivery/black-bear-diner-24949-sunnymead-boulevard/fJ2sJAAWR9iYCs1-UHisoQ,inland-empire
https://www.ubereats.com/inland-empire/food-delivery/farmer-boys-kendall-drive/3EL62pmaRp6U2UDF6iPjRg,inland-empire
https://www.ubereats.com/inland-empire/food-delivery/ihop-1630-industrial-park-ave/pA7nNfldQkqltMy_fSuV-A,inland-empire
https://www.ubereats.com/inland-empire/food-delivery/jasmine-thai-cuisine/dZkE_lLHQ16CQHPG4okn_Q,inland-empire
https://www.ubereats.com/inland-empire/food-delivery/verve-taco/m1X4rqDoSUS7OkjDPAoyOg,inland-empire
https://www.ubereats.com/inland-empire/food-delivery/isabellas-ristorante-italiano/7pIoZ9YRSMSUGGe4pyJNAA,inland-empire
https://www.ubereats.com/inland-empire/food-delivery/green-shack-market/EnCNwbxrRd-VhZZtCxzjLQ,inland-empire
