url,city
https://www.ubereats.com/san-francisco/food-delivery/red-oak-craft-bar-and-rotisserie/eScCYRnfR4WRXuOhLviWkQ,kentfield-california
https://www.ubereats.com/san-francisco/food-delivery/yuzu-ramen-and-taproom/7E9PtGTmRoiNQ25_G68Mcg,kentfield-california
https://www.ubereats.com/san-francisco/food-delivery/caribbean-spices/MGgozqLkRPuJMNKn3YgxSg,kentfield-california
https://www.ubereats.com/san-francisco/food-delivery/uncle-wing-chinese-restaurant/GnjB5kF3QM-dwAckIWAuew,kentfield-california
https://www.ubereats.com/san-francisco/food-delivery/la-hacienda-taqueria-and-restaurant/4Q5TtoNOQaKZVmswN9OzzA,kentfield-california
https://www.ubereats.com/san-francisco/food-delivery/belcampo-larkspur/IiahUIYBRQSGRlVSk6WaiQ,kentfield-california
https://www.ubereats.com/san-francisco/food-delivery/shelter-bay-cafe/Lefai2-HRNGKFSaO2vK3EQ,kentfield-california
https://www.ubereats.com/san-francisco/food-delivery/baja-fresh-205-corte-madera-town-ctr/BMYzVNAiTrOso8WuShOoQg,kentfield-california
https://www.ubereats.com/san-francisco/food-delivery/ikoi-sushi/aR7s6CFYST-bqJHYcyNpLw,kentfield-california
https://www.ubereats.com/san-francisco/food-delivery/extreme-pizza-san-rafael/jPFEAEswTRCexC-3Aib2vQ,kentfield-california
https://www.ubereats.com/san-francisco/food-delivery/victoria-bakery-and-cafe/WKNSPC4ES-mrNK7HRzxn8g,kentfield-california
https://www.ubereats.com/san-francisco/food-delivery/left-bank-larkspur/jffoGcLFRJ6W0K3nvIrSzw,kentfield-california
https://www.ubereats.com/san-francisco/food-delivery/taj-of-marin/Iyl_Ep3GQuWsCk960Tq_Ww,kentfield-california
https://www.ubereats.com/san-francisco/food-delivery/starbucks-terra-linda-at-northgate/N550v5rgTyOfJntc9ZvfXA,kentfield-california
https://www.ubereats.com/san-francisco/food-delivery/andys-corte-madera-market/-Js5OR7eR5eBH1zil2DukQ,kentfield-california
https://www.ubereats.com/san-francisco/food-delivery/way-station/vv_vgcciRqCwxsH3ehbgqw,kentfield-california
https://www.ubereats.com/san-francisco/food-delivery/piatti-mill-valley/ETNoyZ3nSG24KzGQa54FTA,kentfield-california
https://www.ubereats.com/san-francisco/food-delivery/casa-manana-restaurant/MjBlF0epRhS1loQFaceHEg,kentfield-california
https://www.ubereats.com/san-francisco/food-delivery/victoria-bakery-and-cafe/Nx5knsZoRLCAS8qX3s4x4w,kentfield-california
https://www.ubereats.com/san-francisco/food-delivery/amber-kitchen/OXozV_e8TtOCQqW48mUCkw,kentfield-california
https://www.ubereats.com/san-francisco/food-delivery/stefanos-pizzeria-terra-linda/85dPruivSmGUWFk2TL63gg,kentfield-california
https://www.ubereats.com/san-francisco/food-delivery/woking/ElOQsu0ERs6t-yUoY2MiPg,kentfield-california
https://www.ubereats.com/san-francisco/food-delivery/burger-king-969-east-francisco-blvd/ZCCjJNOUTmmHY_VhrWwV0w,kentfield-california
https://www.ubereats.com/san-francisco/food-delivery/panda-express-100-donahue-st/f9LgGbejQoW2kwmlTeSHqw,kentfield-california
https://www.ubereats.com/san-francisco/food-delivery/kitchen-sunnyside/ZSL_5PL2Tx6HC3FOH1qIKw,kentfield-california
https://www.ubereats.com/san-francisco/food-delivery/mi-pueblo-san-rafael/vf7naCvcS32hw39c00Jtgw,kentfield-california
https://www.ubereats.com/san-francisco/food-delivery/mountain-mikes-pizza-2100-4th-st/TUou7duaQNOQIfKgfDuQDQ,kentfield-california
https://www.ubereats.com/san-francisco/food-delivery/marche-aux-fleurs/bRHFgrQgSN2QWHw_W_9o_g,kentfield-california
https://www.ubereats.com/san-francisco/food-delivery/mr-pickles-sandwich-shop-san-rafael/vvZKRN2nTJecpIfOxeKhFA,kentfield-california
https://www.ubereats.com/san-francisco/food-delivery/falafel-hut/VXEZMzPCQH-qXSNSQE1hAA,kentfield-california
https://www.ubereats.com/san-francisco/food-delivery/chipotle-mexican-grill-345-3rd-st/olFHgGHyTT6-n603u81eCA,kentfield-california
https://www.ubereats.com/san-francisco/food-delivery/ihop-144-vintage-way/V8OC378ITKWUSSYAVNydXA,kentfield-california
https://www.ubereats.com/san-francisco/food-delivery/three-twins-ice-cream-larkspur/PB9Hn8ODTZ2DCKnaU3o8IA,kentfield-california
https://www.ubereats.com/san-francisco/food-delivery/crepevine-san-rafael/DgF7DVoQTEqdOTCRqbBCHw,kentfield-california
https://www.ubereats.com/san-francisco/food-delivery/julies-hummus-bar/Bx8CKz4VQAaG15I84D8AKg,kentfield-california
https://www.ubereats.com/san-francisco/food-delivery/cafe-verde/ET88-5y8RpmbAf1oMtqmWg,kentfield-california
https://www.ubereats.com/san-francisco/food-delivery/starbucks-strawberry-village-shopping/fh5mfOpiTKGW_FDXU56Qtg,kentfield-california
https://www.ubereats.com/san-francisco/food-delivery/mcdonalds-san-rafael/u8-JS9ZTQVmsIAiGEDr1GA,kentfield-california
https://www.ubereats.com/san-francisco/food-delivery/chipotle-mexican-grill-880-de-long-ave/f4qtFY1WQRSOzMwiXniyKA,kentfield-california
https://www.ubereats.com/san-francisco/food-delivery/los-palillos-restaurant/GuAzmyRhSomwkEqME_mbQw,kentfield-california
https://www.ubereats.com/san-francisco/food-delivery/phyllis-giant-burgers-san-rafael/BLYa0c6iTm21bZVkhK174A,kentfield-california
https://www.ubereats.com/san-francisco/food-delivery/burger-king-220-alameda-del-prado/w6d74FU6TH6mbnVEi_4tsw,kentfield-california
https://www.ubereats.com/san-francisco/food-delivery/shake-shack-1401-larkspur-landing-circle/WuHDmT0qQM-c8cCLspkhIQ,kentfield-california
https://www.ubereats.com/san-francisco/food-delivery/red-boy-pizza/90kHkOuMQjCXPYgvF7JZdg,kentfield-california
https://www.ubereats.com/san-francisco/food-delivery/world-wrapps/2IleiCn5QXyEp8vH1nMFDg,kentfield-california
https://www.ubereats.com/san-francisco/food-delivery/halal-indian-cuisine/3b1AjkkWSAOXY9Rxk5V2Ig,kentfield-california
https://www.ubereats.com/san-francisco/food-delivery/gravity-tavern/6tNHrvUWSF6r0oq9eiXaXA,kentfield-california
https://www.ubereats.com/san-francisco/food-delivery/mill-valley-swirl/ld5iGbOzRZqgTvNerBM4Qg,kentfield-california
https://www.ubereats.com/san-francisco/food-delivery/pink-owl-coffee/FHTZnvlSTqGg7tvO11Bo0w,kentfield-california
https://www.ubereats.com/san-francisco/food-delivery/jack-in-the-box-461-1814-2nd-street/tV5HlJ-FTPSk8s4Hfvwxzw,kentfield-california
https://www.ubereats.com/san-francisco/food-delivery/boiadeirus-brazilian-steakhouse/nNqHDDbpRjWdKZhQZZfrBw,kentfield-california
https://www.ubereats.com/san-francisco/food-delivery/pings-mandarin-restaurant/gsVX7eA4QVihyD3Qwu_-iw,kentfield-california
https://www.ubereats.com/san-francisco/food-delivery/the-cantina/mKVBMmEES5qQl-7_pk5SfA,kentfield-california
https://www.ubereats.com/san-francisco/food-delivery/villayork-pizza-and-grill/TTgMhrF9R7mecoVkSWZsfQ,kentfield-california
https://www.ubereats.com/san-francisco/food-delivery/royal-thai-restaurant/fFwSNUGKTGu2nTWO1KwOsg,kentfield-california
https://www.ubereats.com/san-francisco/food-delivery/starbucks-donahue-%26-101/JCHt0YvvTbe7nAJFXa0few,kentfield-california
https://www.ubereats.com/san-francisco/food-delivery/uchiwa-ramen/KP499g8QSxqckE2ILr0OGQ,kentfield-california
https://www.ubereats.com/san-francisco/food-delivery/the-lodge/-9MnKlIqQMexFNcvpMgMlw,kentfield-california
https://www.ubereats.com/san-francisco/food-delivery/shiro-kuma-sushi/zmxpoUrGQ8qlkyMt2ZiYkA,kentfield-california
https://www.ubereats.com/san-francisco/food-delivery/high-tech-burrito-san-anselmo/8lHHBblTQAWmOnv66vTsLw,kentfield-california
https://www.ubereats.com/san-francisco/food-delivery/prabh-indian-kitchen/jJQB8AbmTsKWQAW0NuGdfA,kentfield-california
https://www.ubereats.com/san-francisco/food-delivery/panda-express-5800-northgate-mall/S0iNPRcySBiBlXVq7Z2AXQ,kentfield-california
https://www.ubereats.com/san-francisco/food-delivery/taqueria-mi-pueblo-san-anselmo/f_nBVrcQQ72ObenNdIA23Q,kentfield-california
https://www.ubereats.com/san-francisco/food-delivery/juice-shop/XP36_mdbQcaNaHwi_dOGEg,kentfield-california
https://www.ubereats.com/san-francisco/food-delivery/stefanos-pizza-corte-madera/AwEAO8T3T_i41bahDrFlUw,kentfield-california
https://www.ubereats.com/san-francisco/food-delivery/starbucks-45-camino-alto/5HEd-ADzSVSQtxljENKvOw,kentfield-california
https://www.ubereats.com/san-francisco/food-delivery/chipotle-mexican-grill-5800-northgate-dr-ste-154/s006KL0zR3W-y9NONrItOQ,kentfield-california
https://www.ubereats.com/san-francisco/food-delivery/floodwater/9aNULXYUSXai7V69K15csw,kentfield-california
https://www.ubereats.com/san-francisco/food-delivery/sabor-dominicano/1uopIa0qSq-1LBtLtSY9fQ,kentfield-california
https://www.ubereats.com/san-francisco/food-delivery/gaspares-pizzeria/a8LxLhkdQDOyIQYyNG-ARQ,kentfield-california
https://www.ubereats.com/san-francisco/food-delivery/aloh-o/GiwfklfrQ_OaLi-OCCa3SQ,kentfield-california
https://www.ubereats.com/san-francisco/food-delivery/parranga/9a9rxIktT6ee8GpGHagwQA,kentfield-california
https://www.ubereats.com/san-francisco/food-delivery/red-boy-pizza-san-rafael/cD_TFg6CRSibzTd6158IQA,kentfield-california
https://www.ubereats.com/san-francisco/food-delivery/tam-commons/ehl5rK16RRacj7eJF5ZzSw,kentfield-california
https://www.ubereats.com/san-francisco/food-delivery/sabor-a-mexico/t6Jj_BMeQISdpPkepvwBqg,kentfield-california
https://www.ubereats.com/san-francisco/food-delivery/el-palmar-restaurant-%26-market/y2QRC6eoSlOrIG3ZBTT7lA,kentfield-california
https://www.ubereats.com/san-francisco/food-delivery/sushi-to-dai-for/AbobTRtBRfivKIsPifwzgg,kentfield-california
https://www.ubereats.com/san-francisco/food-delivery/the-hub/3HRkE8TxRKubtS1u6exoEw,kentfield-california
https://www.ubereats.com/san-francisco/food-delivery/creekside-pizza-%26-taproom/Ol7xGkA7RRi5u9T8LVdiqg,kentfield-california
https://www.ubereats.com/san-francisco/food-delivery/kfc-tb-555-second-street/uR8jp7SxQ96P0gq_6zdxyg,kentfield-california
https://www.ubereats.com/san-francisco/food-delivery/mi-casa-cafe/HkC2epnmSG2L4dPIIu-uGA,kentfield-california
https://www.ubereats.com/san-francisco/food-delivery/the-hummingbird/ytpk-jofSjS4PZcpaI7noQ,kentfield-california
https://www.ubereats.com/san-francisco/food-delivery/subway-647-irwin-st/PkzMPkxFTF-wCVMgYz0DaA,kentfield-california
https://www.ubereats.com/san-francisco/food-delivery/taqueria-el-burrito/a1OYL9sLSUyKcXO5-zyXMA,kentfield-california
https://www.ubereats.com/san-francisco/food-delivery/shangri-la-organic-kitchen/Y7DDl82sQT6_AD-H2tSBWw,kentfield-california
https://www.ubereats.com/san-francisco/food-delivery/phyllis-giant-burgers/uMbYnUTwSIG2LrJjp5FoRg,kentfield-california
https://www.ubereats.com/san-francisco/food-delivery/bombay-grill/MUVmG3IjQQGDUJydR8iHqQ,kentfield-california
https://www.ubereats.com/san-francisco/food-delivery/boudin-corte-madera/t8o5LtSlS5C2Spvveavl_w,kentfield-california
https://www.ubereats.com/san-francisco/food-delivery/arigatou-japanese-food-to-go/VPpqk0TFS7etAuGHJbpYpA,kentfield-california
https://www.ubereats.com/san-francisco/food-delivery/stefanos-pizza-san-anselmo/WCAcmTggTMSf4fpCZg6_kA,kentfield-california
https://www.ubereats.com/san-francisco/food-delivery/bangkok-thai-express/KsZTa2dTTVi9O4b2WJzrFg,kentfield-california
https://www.ubereats.com/san-francisco/food-delivery/cold-stone-creamery-1010-court-street/B5nBfIWCSd2r0c87XHE-YQ,kentfield-california
https://www.ubereats.com/san-francisco/food-delivery/starbucks-larkspur-landing-center-court/KbXwH31YTU61cp5w_dIXhg,kentfield-california
https://www.ubereats.com/san-francisco/food-delivery/banh-mi-zon/C141WdSPT6Sh4hToEYxQHg,kentfield-california
https://www.ubereats.com/san-francisco/food-delivery/bjs-restaurant-%26-brewhouse-5800-northgate-mall-suite-159/SHWcnvP7SvOBT2TRur-pJQ,kentfield-california
https://www.ubereats.com/san-francisco/food-delivery/nekter-juice-bar-800-redwood-highway-frontage-rd-ste-114/X7YKQps6TaKUKhuGxkPbWw,kentfield-california
https://www.ubereats.com/san-francisco/food-delivery/my-thai-restaurant/a3F8jAYOTvuLIuiiBcCnvQ,kentfield-california
https://www.ubereats.com/san-francisco/food-delivery/uncle-willies-wings-%26-things-san-rafael/u9gJTKpqQfCn3AoW8Gv3GA,kentfield-california
https://www.ubereats.com/san-francisco/food-delivery/high-tech-burrito-mill-valley/755q6D9SRbO3Pye0emKhtA,kentfield-california
https://www.ubereats.com/san-francisco/food-delivery/tamalpie/6al6it51TNmCm9szNvJaKQ,kentfield-california
https://www.ubereats.com/san-francisco/food-delivery/calgang-thai/L3pGOrQ_QZKa_w-DgtLINw,kentfield-california
https://www.ubereats.com/san-francisco/food-delivery/pressed-juicery-marin-country-mart/IfVJ7-DlQ76EDEQv4J78lg,kentfield-california
https://www.ubereats.com/san-francisco/food-delivery/sbarro-5800-northgate-drive/SywwhsTdSvWLQy-uHyAN6A,kentfield-california
https://www.ubereats.com/san-francisco/food-delivery/starbucks-4th-st-san-rafael/p5YvvlLSSwComkKhmy6MuQ,kentfield-california
https://www.ubereats.com/san-francisco/food-delivery/easy-breezy-frozen-yogurt-%234/WjNMhF8MQmiXctnZPWwloQ,kentfield-california
https://www.ubereats.com/san-francisco/food-delivery/los-moles/4oArgFUNTqapWF3YdPOODw,kentfield-california
https://www.ubereats.com/san-francisco/food-delivery/marin-coffee-roasters/_FIzN2NJTaKpxO-BLGEdNg,kentfield-california
https://www.ubereats.com/san-francisco/food-delivery/philz-coffee-403-corte-madera-town-center/gweVww0pS1aTPDtV7dtmEw,kentfield-california
https://www.ubereats.com/san-francisco/food-delivery/roadside-rotisserie/7PYi94N4RVi5sTlA-ceI4g,kentfield-california
https://www.ubereats.com/san-francisco/food-delivery/new-china-villa/OOfPqjpMTTG1ih_ySd1Wjw,kentfield-california
https://www.ubereats.com/san-francisco/food-delivery/vitality-bowls-765-e-blithedale/xFkgHgTISBSxosCb094C8g,kentfield-california
https://www.ubereats.com/san-francisco/food-delivery/tommys-asian-bistro-and-grill-chinese/Wsqro3zLSpyMGW8ZeCCb3A,kentfield-california
https://www.ubereats.com/san-francisco/food-delivery/patxis-pizza-marin/km4bH8D2TNuFDquFxAtcKQ,kentfield-california
https://www.ubereats.com/san-francisco/food-delivery/depot-garden-restaurant/cNFW5gjzR1WQC4hdh7zoKQ,kentfield-california
https://www.ubereats.com/san-francisco/food-delivery/amicis-east-coast-pizzeria-san-rafael/EkgCD9sQRt-nTSxAQOqUlA,kentfield-california
https://www.ubereats.com/san-francisco/food-delivery/glyka-sweets/Yrw6BZoXQ9aYn-Iq45Hk3w,kentfield-california
https://www.ubereats.com/san-francisco/food-delivery/keto-to-go-by-belcampo-larkspur/_rVxRucNQwySdYC91WVEVA,kentfield-california
https://www.ubereats.com/san-francisco/food-delivery/taortas-anacelis/mFxAzOw9T-m9VxkyX_CewQ,kentfield-california
https://www.ubereats.com/san-francisco/food-delivery/iron-springs-public-house/LUfx4ZROShORAjAQd_kFPA,kentfield-california
https://www.ubereats.com/san-francisco/food-delivery/mini-market-store-inc/uyZJcVuKST-XhyugrOwKnw,kentfield-california
https://www.ubereats.com/san-francisco/food-delivery/bua-thai-kitchen/bvKo5twdQfWDCgSwwxzrRw,kentfield-california
https://www.ubereats.com/san-francisco/food-delivery/sakura-sushi/NXWYRISpSOmAA_4SXHWOEA,kentfield-california
https://www.ubereats.com/san-francisco/food-delivery/baja-fresh-mexican-grill-corte-madera/s8VNYx1bRhqxiN2-bg5JlQ,kentfield-california
https://www.ubereats.com/san-francisco/food-delivery/jamba-juice-301-bon-air-shopping-center/p5FVFMdYQBiuECh9imWsYg,kentfield-california
https://www.ubereats.com/san-francisco/food-delivery/darios-restaurant/xBculncMTyuJ4P4I96sESg,kentfield-california
https://www.ubereats.com/san-francisco/food-delivery/tha-siam-express/AmmDvgl_TdWVCnh1g3f5cg,kentfield-california
https://www.ubereats.com/san-francisco/food-delivery/black-bear-diner-490-las-gallinas-ave/uPVkHGvBT8CLOaap5Avo6Q,kentfield-california
https://www.ubereats.com/san-francisco/food-delivery/loving-cup/Q5jJGY8WSj6Z-zRt4nr3MQ,kentfield-california
https://www.ubereats.com/san-francisco/food-delivery/extreme-pizza/aChyR8ThSUmv6HIFfa932w,kentfield-california
https://www.ubereats.com/san-francisco/food-delivery/boo-koo/-3j4MLvaTTyc_2hVZMp9tA,kentfield-california
https://www.ubereats.com/san-francisco/food-delivery/stefanos-pizza-mill-valley/F9q1B8P7TCS1OP6OB3VsxA,kentfield-california
https://www.ubereats.com/san-francisco/food-delivery/the-club-restaurant-at-mcinnis-park/nNuT5_OMRkeubUhSAZ6CfA,kentfield-california
https://www.ubereats.com/san-francisco/food-delivery/burritoville-cafe/3hzr99w5Rra6wzxEUYEbLw,kentfield-california
https://www.ubereats.com/san-francisco/food-delivery/hulu-wa-cuisine/L24DNIHhQB6EQrbbzaymrw,kentfield-california
https://www.ubereats.com/san-francisco/food-delivery/tha-siam/8rQjyTTfRkatYMi-YgNEKg,kentfield-california
https://www.ubereats.com/san-francisco/food-delivery/sakura-sushi/-iK7jYjWR6eRmESUdbljig,kentfield-california
https://www.ubereats.com/san-francisco/food-delivery/el-pollo-loco-910-andersen-dr3853/a4dITwBrSwqgwqRk_r3FEQ,kentfield-california
https://www.ubereats.com/san-francisco/food-delivery/roma-antica/pliaTyxnTei2R8vi-0DOOw,kentfield-california
https://www.ubereats.com/san-francisco/food-delivery/revel-%26-roost-brick-oven-kitchen/RLeGFE_1SG2yJ4c5i8ON-w,kentfield-california
https://www.ubereats.com/san-francisco/food-delivery/veggie-grill-corte-madera/s9hheveTRpukMJemEp1fOA,kentfield-california
https://www.ubereats.com/san-francisco/food-delivery/amberjack-sushi/sSp5zKxuR_qhBhbFS36fJw,kentfield-california
https://www.ubereats.com/san-francisco/food-delivery/arrivederci-cafe/nJ_02cjAQf27EHl02gAMOw,kentfield-california
https://www.ubereats.com/san-francisco/food-delivery/rio-rock-acai-cafe/Q51XXKWcSYq5gSWDuELi_Q,kentfield-california
https://www.ubereats.com/san-francisco/food-delivery/cheese-steak-shop-larkspur/IqO5z_abS6qRZ2Wd475iYg,kentfield-california
https://www.ubereats.com/san-francisco/food-delivery/original-buffalo-wings-san-rafael/1ELELBuKTfGsjw093HQrXw,kentfield-california
https://www.ubereats.com/san-francisco/food-delivery/subway-55-bellam-blvd/2_uqGFCaRaaDD0_G__Uumw,kentfield-california
https://www.ubereats.com/san-francisco/food-delivery/lavier-latin-fusion/429FjI9KTL-Z_dnAQ1HMCQ,kentfield-california
https://www.ubereats.com/san-francisco/food-delivery/oyama-sushi-282-bon-air-center/kV6y3-7ZSHqtGxWBBJEbUg,kentfield-california
https://www.ubereats.com/san-francisco/food-delivery/freddie-parkers-pasta-%2B-salad-shop-san-rafael/4rRVTsSzSgO4hhazQD48mQ,kentfield-california
https://www.ubereats.com/san-francisco/food-delivery/piazza-dangelo/86rMQUAiR-OBQIHz9ztvDg,kentfield-california
https://www.ubereats.com/san-francisco/food-delivery/jamba-juice-266-northgate-one/QjPr0RJ2RS-AWabkjwK8Kw,kentfield-california
https://www.ubereats.com/san-francisco/food-delivery/iron-springs-pub-%26-brewery/YoR3L1TrS8-lneeG6dES3w,kentfield-california
https://www.ubereats.com/san-francisco/food-delivery/java-detour/_BG-hPVARtGIB-Q8oIoZFg,kentfield-california
