url,city
https://www.ubereats.com/orange-county/food-delivery/zpizza-25522-marguerite-pkwy-mission-viejo/Xit1wpG0TROC1PEBxxVKHg,ladera-ranch-california
https://www.ubereats.com/orange-county/food-delivery/nekter-juice-bar-23612-rockfield-blvd-ste-b/Api-dOi0ToGBuZ77jH0_Vg,ladera-ranch-california
https://www.ubereats.com/orange-county/food-delivery/waba-grill-26771-portola-pkwy-lake-forest/JzbqxnutQ2OMBtMmfKC8EA,ladera-ranch-california
https://www.ubereats.com/orange-county/food-delivery/yangs-braised-chicken-rice-lake-forest/ihOzy3GST4aBEPIrR8Zx_g,ladera-ranch-california
https://www.ubereats.com/orange-county/food-delivery/mangi-con-amore/5waSOgNjSMGOLe8rksJ1Dw,ladera-ranch-california
https://www.ubereats.com/orange-county/food-delivery/zpizza-25672-crown-valley-pkwy-ladera-ranch/0BkewTqOT4W6FaQF-wswBg,ladera-ranch-california
https://www.ubereats.com/orange-county/food-delivery/jalapenos-ladera-ranch/XzDyzoxhTK2mKadeOJQoig,ladera-ranch-california
https://www.ubereats.com/orange-county/food-delivery/the-pizza-store/CobcPMngTJKPE_j5yOZHJg,ladera-ranch-california
https://www.ubereats.com/orange-county/food-delivery/public/O1RIhzrsT3eQtuN7KSJfhQ,ladera-ranch-california
https://www.ubereats.com/orange-county/food-delivery/chelas-mexican-grill/v6Kffs2ZQVeZULTLSajseg,ladera-ranch-california
https://www.ubereats.com/orange-county/food-delivery/zpizza-32371-street-of-the-golden-lantern-laguna-niguel/FNhB3f_KRD-_HCl1qDggHA,ladera-ranch-california
https://www.ubereats.com/orange-county/food-delivery/chronic-tacos-28241-crown-valley-pkwy-ste-c/wrf2_H3fSHKXssV5t2ceIg,ladera-ranch-california
https://www.ubereats.com/orange-county/food-delivery/shou-men-kan-ramen-%26-poke/r0fHvT0ASRqUt6Zsf2781A,ladera-ranch-california
https://www.ubereats.com/orange-county/food-delivery/veggie-grill-laguna-niguel/aHqecZZlRaeDesYPyu5jDg,ladera-ranch-california
https://www.ubereats.com/orange-county/food-delivery/villa-roma/qZw0cPxbQzWtoAq8SXjcIQ,ladera-ranch-california
https://www.ubereats.com/orange-county/food-delivery/mcdonalds-laguna-hills/vm2G-Z0eSyuG685fVTPqzA,ladera-ranch-california
https://www.ubereats.com/orange-county/food-delivery/creamistry-26841-aliso-creek-rd/DF52qONNSvaSLwvr4Cf1QQ,ladera-ranch-california
https://www.ubereats.com/orange-county/food-delivery/belgium-waffle-haus/JgFYdU68Sj6e4vcBx2nuTQ,ladera-ranch-california
https://www.ubereats.com/orange-county/food-delivery/pick-up-stix-las-flores/xn7TMsi-Req6vaQ7om2RzA,ladera-ranch-california
https://www.ubereats.com/orange-county/food-delivery/adonis-mediterranean-grill/oRGqXsViSb28SSYK6fwEcg,ladera-ranch-california
https://www.ubereats.com/orange-county/food-delivery/del-taco-23781-el-toro-rd/lpAa1WBGQMKeL1JIg36URg,ladera-ranch-california
https://www.ubereats.com/orange-county/food-delivery/tik-tok-pizza/MqNRat2KRwyB2jp2M6QDYw,ladera-ranch-california
https://www.ubereats.com/orange-county/food-delivery/buffalo-wild-wings-23600-rockfield-blvd/tiZrGr_YT5urujDCpGKlJg,ladera-ranch-california
https://www.ubereats.com/orange-county/food-delivery/the-flame-broiler-30622-santa-margarita/uBRXeiycSsKNFiNy5W7V_g,ladera-ranch-california
https://www.ubereats.com/orange-county/food-delivery/dunkin-donuts-25242-mcintyre-st/385cVi_hQCe1gpfMXXaDRw,ladera-ranch-california
https://www.ubereats.com/orange-county/food-delivery/krispy-kreme-el-paseo-%26-cabot-rd/5AOmX6_qTHejS_7k7KaWHA,ladera-ranch-california
https://www.ubereats.com/orange-county/food-delivery/simply-the-cupcake-store/hXNMqc_ZSqSju2fR8hqFIQ,ladera-ranch-california
https://www.ubereats.com/orange-county/food-delivery/olamendis-mission-viejo/IabT3vdtSiGEbEyhY4RqYg,ladera-ranch-california
https://www.ubereats.com/orange-county/food-delivery/chipotle-mexican-grill-25523-marguerite-pkwy-ste-a/NDk31ndlQS23MqSP2v1exA,ladera-ranch-california
https://www.ubereats.com/orange-county/food-delivery/bueno-bueno-verdugo/leJqT3I3Q06jRS_ceMtUCA,ladera-ranch-california
https://www.ubereats.com/orange-county/food-delivery/surfin-souvlaki/HcMU7_odRkm8Xb3DD457NQ,ladera-ranch-california
https://www.ubereats.com/orange-county/food-delivery/sushi-ramen-house/xF3WIRg9QqaE1FcEW9ZZZw,ladera-ranch-california
https://www.ubereats.com/orange-county/food-delivery/ball-park-pizza-laguna-nigel/RRD_NVxBTMmK_fS92eXZEw,ladera-ranch-california
https://www.ubereats.com/orange-county/food-delivery/barbonzai/SdtAF-8uRQWp86JffUe6Eg,ladera-ranch-california
https://www.ubereats.com/orange-county/food-delivery/kings-donuts/0Z3MBysGRqivO0u1mCcqpQ,ladera-ranch-california
https://www.ubereats.com/orange-county/food-delivery/pinos-cucina/4bFiSyUgQxa9Vs9cnG8yng,ladera-ranch-california
https://www.ubereats.com/orange-county/food-delivery/kish-cuisine/zcUdG2VnQB21Mz0tXj2bVQ,ladera-ranch-california
https://www.ubereats.com/orange-county/food-delivery/el-pollo-loco-32535-golden-lantern3273/CULMCZkuQgO-Lj4fi5jt7g,ladera-ranch-california
https://www.ubereats.com/orange-county/food-delivery/harbor-deli-dana-point/i4DVI2YOSNO3lus-L9HNag,ladera-ranch-california
https://www.ubereats.com/orange-county/food-delivery/lulus-cafe/6sggjxsoSBeBowEmcooNcQ,ladera-ranch-california
https://www.ubereats.com/orange-county/food-delivery/round-table-pizza-25290-marguerite-parkway/aZ3jeODfS46Q7FpNEPzSeQ,ladera-ranch-california
https://www.ubereats.com/orange-county/food-delivery/pho-tung-%26-cafe/X6gFdbOSTkmoM2t-dofh-A,ladera-ranch-california
https://www.ubereats.com/orange-county/food-delivery/the-parkway-american-grill/5K8jraKESGSRrEote7Zp0A,ladera-ranch-california
https://www.ubereats.com/orange-county/food-delivery/tommy-pastrami-new-york-delicatessen-laguna-hills/9sDfbpNUS1uWoA5jbv0VtA,ladera-ranch-california
https://www.ubereats.com/orange-county/food-delivery/starbucks-25630-alicia-parkway/zvSIEKR7S9ibhr56Eirv9w,ladera-ranch-california
https://www.ubereats.com/orange-county/food-delivery/dennys-529-avenida-pico/olAbHgAoQ6qPqACaxziNMg,ladera-ranch-california
https://www.ubereats.com/orange-county/food-delivery/board-%26-brew-rancho-santa-margarita/Jrjt9oYCSxyzD7frLt-5FQ,ladera-ranch-california
https://www.ubereats.com/orange-county/food-delivery/mod-pizza-nellie-gail/fCW2tkJzTf2vh0TSkDotJg,ladera-ranch-california
https://www.ubereats.com/orange-county/food-delivery/acai-republic-laguna-niguel/PTSxPG5ZRAGo6WPh8oy9-Q,ladera-ranch-california
https://www.ubereats.com/orange-county/food-delivery/starbucks-25912-la-paz-road/EQhVzeP2Q6SyFV197NddNw,ladera-ranch-california
https://www.ubereats.com/orange-county/food-delivery/poki-cat-plaza-alicia/dEYwDB9DSTGlzf1LeaikRQ,ladera-ranch-california
https://www.ubereats.com/orange-county/food-delivery/wendys-30471-avenida-de-las-flores/TzjzWLaDRCepFvGQf9zfkQ,ladera-ranch-california
https://www.ubereats.com/orange-county/food-delivery/stefanos/d1ovRCKsTEqhGQH84HJzOA,ladera-ranch-california
https://www.ubereats.com/orange-county/food-delivery/starbucks-30835-gateway-place/M96bYYEQRP23wu1URmB3Ag,ladera-ranch-california
https://www.ubereats.com/orange-county/food-delivery/taco-bell-31771-del-obispo/GoQ525bGTj61z8vRYoJIZg,ladera-ranch-california
https://www.ubereats.com/orange-county/food-delivery/subway-31882-del-obispo-st/b704HiuATEeey8r9j5offQ,ladera-ranch-california
https://www.ubereats.com/orange-county/food-delivery/el-pollo-loco-22381-antonio-pkwy3432/x46QgfoUQ6aKl_T19Dyp_w,ladera-ranch-california
https://www.ubereats.com/orange-county/food-delivery/l%26l-hawaiian-bbq-25800-jeronimo-rd/1kx6O9pwTumIWYhqv9xydA,ladera-ranch-california
https://www.ubereats.com/orange-county/food-delivery/bowlology-laguna-niguel/TFisInAWQCK8Y4qwUHbHnQ,ladera-ranch-california
https://www.ubereats.com/orange-county/food-delivery/sonic-drive-in-jeronimo-rd/7lsfChRNTfCXBSdl7UZ34w,ladera-ranch-california
https://www.ubereats.com/orange-county/food-delivery/chipotle-mexican-grill-22379-el-toro-rd/-QyrYvvETMuXkKI5fVjgAA,ladera-ranch-california
https://www.ubereats.com/orange-county/food-delivery/bella-roma-pasta-%26-pizza/RAyJz373TuKTwZaLgRmrkA,ladera-ranch-california
https://www.ubereats.com/orange-county/food-delivery/nekter-juice-bar-27726-santa-margarita-pkwy/AtE79-IrRQa3F0HsLfRTZQ,ladera-ranch-california
https://www.ubereats.com/orange-county/food-delivery/morenas-mexican-cuisine/6QCvpvD7TISC3Z1__H_-1Q,ladera-ranch-california
https://www.ubereats.com/orange-county/food-delivery/oggis-mission-viejo/G4_epkg1Tx6nqDO-6Kz7gA,ladera-ranch-california
https://www.ubereats.com/orange-county/food-delivery/panera-bread-25523-marguerite-parkway/P7D-yU9aTK284zQDgjclpQ,ladera-ranch-california
https://www.ubereats.com/orange-county/food-delivery/ritas-italian-ice-24845-del-prado-ave/BwifWr6KSqOd2mtWZBK8Aw,ladera-ranch-california
https://www.ubereats.com/orange-county/food-delivery/the-krave-kobe-burger-grill/rsSfncq0TcC2o2ZlMZw6BQ,ladera-ranch-california
https://www.ubereats.com/orange-county/food-delivery/five-guys-ca-1287-32341-golden-lantern/RKpp-bM2T0eMm36eAwuW3A,ladera-ranch-california
https://www.ubereats.com/orange-county/food-delivery/pick-up-stix-aliso-viejo/UEB78QPNRema4HxE7e1kUA,ladera-ranch-california
https://www.ubereats.com/orange-county/food-delivery/tropical-smoothie-cafe-27412-antonio-parkwaysuite-r2/pjHte9M_StiJ0v03R51EYw,ladera-ranch-california
https://www.ubereats.com/orange-county/food-delivery/pita-pita-aliso-viejo/AzH7TOQfQ3mIblqJCK9UXA,ladera-ranch-california
https://www.ubereats.com/orange-county/food-delivery/starbucks-28391-marguerite-parkway/8ZNmzgmXToyKJ-urqB6mLQ,ladera-ranch-california
https://www.ubereats.com/orange-county/food-delivery/kfc-29840-santa-margarita/6xCxdUzpQniTfVzOIp4IPg,ladera-ranch-california
https://www.ubereats.com/orange-county/food-delivery/sabatino/TLCFh218TsuZ2iV3v56ofA,ladera-ranch-california
https://www.ubereats.com/orange-county/food-delivery/sushi-plantation/m-7bxW0hRVuPssytRgGI_g,ladera-ranch-california
https://www.ubereats.com/orange-county/food-delivery/el-conejito-mexican-restaurant/aWmikajnSzy8rTVK-PRhJw,ladera-ranch-california
https://www.ubereats.com/orange-county/food-delivery/panini-kabob-grill-mission-viejo/0Nh5i0DvQBGvWOXyWBbNUw,ladera-ranch-california
https://www.ubereats.com/orange-county/food-delivery/scarlet-kitchen-%26-lounge/ClBSaQ1-RTmLzXjM1xYVPw,ladera-ranch-california
https://www.ubereats.com/orange-county/food-delivery/thai-fix/z1sT8nGXRGeSJKIkypy0EQ,ladera-ranch-california
https://www.ubereats.com/orange-county/food-delivery/ihop-rockfield/6PKysUOjQcye0PilYSkFmg,ladera-ranch-california
https://www.ubereats.com/orange-county/food-delivery/taco-900/j6NJn3IiSa2TJAwt_IDqXw,ladera-ranch-california
https://www.ubereats.com/orange-county/food-delivery/green-burrito-23002-lake-forest-dr/LrWsIKTmQzqc1g2i3yl9_w,ladera-ranch-california
https://www.ubereats.com/orange-county/food-delivery/el-pollo-loco-23601-el-toro-rd3753/AOL3avQZQsSpdRUknMVfPA,ladera-ranch-california
https://www.ubereats.com/orange-county/food-delivery/el-toro-bravo-laguna-hills/QLTmbLX3Tqu3sUuGkvlFUQ,ladera-ranch-california
https://www.ubereats.com/orange-county/food-delivery/el-maguey-restaurant/id4fBf0XTKOkGG_3bULw0A,ladera-ranch-california
https://www.ubereats.com/orange-county/food-delivery/shwack-beach-grill-dana-point/nAq7wRZnR5mnQwNblwr0Mw,ladera-ranch-california
https://www.ubereats.com/orange-county/food-delivery/jack-in-the-box-23562-moulton-parkway/JVNR3AkETIK7Iys1dpKuIQ,ladera-ranch-california
https://www.ubereats.com/orange-county/food-delivery/urban-plates-aliso-viejo/KSqCw0rWS2GQeP7QcZLOFw,ladera-ranch-california
https://www.ubereats.com/orange-county/food-delivery/skewers-fresh-mediterranean-grill/gcbcDDRBR_u6JXyWAZLBtg,ladera-ranch-california
https://www.ubereats.com/orange-county/food-delivery/ciao-pasta/AyyTiAZRR4e-8I_tIjhPfA,ladera-ranch-california
https://www.ubereats.com/orange-county/food-delivery/yogis-grill/hxV_P8lcQhO_713PVAapIA,ladera-ranch-california
https://www.ubereats.com/orange-county/food-delivery/las-fajitas-mexican-grill/0iqkpFaQS1-mV1PFMRZ1Iw,ladera-ranch-california
https://www.ubereats.com/orange-county/food-delivery/old-camp-bar-and-grill/Awi6QxlsRZqEbhf0jkmVOg,ladera-ranch-california
https://www.ubereats.com/orange-county/food-delivery/california-fish-grill-lake-forest/ZQjw_KSuSo23_sflrGucBQ,ladera-ranch-california
https://www.ubereats.com/orange-county/food-delivery/chili-chutney-afghan-cuisine/PhHEHuP8Tjqae7V_FZZbgg,ladera-ranch-california
https://www.ubereats.com/orange-county/food-delivery/manila-kusina-grill/uB3o3OUPQuitzOCMgv4yYw,ladera-ranch-california
https://www.ubereats.com/orange-county/food-delivery/the-bagel-shack-el-toro/QLk-8mfcQxWTovWTs4sHCg,ladera-ranch-california
https://www.ubereats.com/orange-county/food-delivery/the-flame-broiler-27020-alicia/Wh39-y_cQKCq9ai5VY_zLA,ladera-ranch-california
https://www.ubereats.com/orange-county/food-delivery/euro-caffe-aliso-viejo/S6WVNdJnQ7uOy6dQAFHUiA,ladera-ranch-california
https://www.ubereats.com/orange-county/food-delivery/chuck-e-cheese-26538-moulton-pkwy-st-h/Ddi1TFz9Re6hlwZfr4jTnA,ladera-ranch-california
https://www.ubereats.com/orange-county/food-delivery/ronaldos-taco-shop/ZLz3eTfNQGi1tL3-_h48pA,ladera-ranch-california
https://www.ubereats.com/orange-county/food-delivery/chronic-tacos-415-avenida-pico/yoMscbiAS6-fUuZPH_aw2Q,ladera-ranch-california
https://www.ubereats.com/orange-county/food-delivery/california-pizza-kitchen-24155-laguna-hills-mall-suite-1000/63P-x8foQDaxEQcUj8agqQ,ladera-ranch-california
https://www.ubereats.com/orange-county/food-delivery/ameci-pizza-%26-pasta-lake-forest/Iidb0F5aTYm2junZALQXAQ,ladera-ranch-california
https://www.ubereats.com/orange-county/food-delivery/donerg-lake-forest/tT6HdCbzSn2H2Pjh38iTvA,ladera-ranch-california
https://www.ubereats.com/orange-county/food-delivery/taco-bell-28532-oso-parkway/QRi39AAgSTqaMWP9GzL6Bg,ladera-ranch-california
https://www.ubereats.com/orange-county/food-delivery/world-class-pizza/y1gc2ZGiRjKXApVyPOapqw,ladera-ranch-california
https://www.ubereats.com/orange-county/food-delivery/hendrix-restaurant/d5iSqPRAQdKvP8WhAOK5Nw,ladera-ranch-california
https://www.ubereats.com/orange-county/food-delivery/which-wich-ladera-ranch/eDHMgvz7SQqU1sTCnWH1wQ,ladera-ranch-california
https://www.ubereats.com/orange-county/food-delivery/la-michoacana-premier-lake-forest/SHsGKWqWQEWhekKezj5STQ,ladera-ranch-california
https://www.ubereats.com/orange-county/food-delivery/menchies-frozen-yogurt-30211-golden-lantern-suite-a/MkIq1gsUSYGWpJqbCw0v7g,ladera-ranch-california
https://www.ubereats.com/orange-county/food-delivery/high-park-taphouse/ISnfoWSuQWKg9e_t77-QFg,ladera-ranch-california
https://www.ubereats.com/orange-county/food-delivery/bjs-restaurant-%26-brewhouse-280-s-coast-highway/k25QCBjFS--QELZx5r8vHw,ladera-ranch-california
https://www.ubereats.com/orange-county/food-delivery/zpizza-1021-avenida-pico-san-clemente/tLhXdIulQl2Seq3LzSAq0g,ladera-ranch-california
https://www.ubereats.com/orange-county/food-delivery/wienerschnitzel-25202-cabot-rd/i_KQ4QuBT_OFIn1EI9OfPQ,ladera-ranch-california
https://www.ubereats.com/orange-county/food-delivery/kamea-poke/cfIbiI2AQ4mF4zFPzEpJoA,ladera-ranch-california
https://www.ubereats.com/orange-county/food-delivery/shish-taouk-restaurant/So7Blt6DQ2SHUGzB-9I3gw,ladera-ranch-california
https://www.ubereats.com/orange-county/food-delivery/el-torito-34521-golden-lantern-street/e7fmhhocQLOl40W-KOFQgg,ladera-ranch-california
https://www.ubereats.com/orange-county/food-delivery/el-torito-24301-avenida-de-la-carlota/yfIdIsB8TsemBFlmuxXbDg,ladera-ranch-california
https://www.ubereats.com/orange-county/food-delivery/prime-shabu-and-ramen/uu1u9wt0TuC-JguroGTtRg,ladera-ranch-california
https://www.ubereats.com/orange-county/food-delivery/the-ice-cream-shop/C329IgtXR1qZB9jOPSGkBg,ladera-ranch-california
https://www.ubereats.com/orange-county/food-delivery/pania-pizzaria/cdZBaBkORVK62zObQijHJQ,ladera-ranch-california
https://www.ubereats.com/orange-county/food-delivery/project-juice-laguna-beach/fYp-b_9LT7WzhgWz2w7llQ,ladera-ranch-california
https://www.ubereats.com/orange-county/food-delivery/natrajs-indian-bistro/fTW380yrTkOlWmXLi7Stsg,ladera-ranch-california
https://www.ubereats.com/orange-county/food-delivery/yangs-braised-chicken-rice-aliso-viejo/LMc9j9vWQamDInIfG5020Q,ladera-ranch-california
https://www.ubereats.com/orange-county/food-delivery/juicy-way/xA9Db1P9R_WA-u5eh-EhNg,ladera-ranch-california
https://www.ubereats.com/orange-county/food-delivery/spikes-fish-house-rancho-santa-margarita/AiZUGwd0Sg-H5xOp6w2-CQ,ladera-ranch-california
https://www.ubereats.com/orange-county/food-delivery/dunkin-donuts-23981-alicia-pkwy/CVC-PWnZQkuefbsHSMjfvg,ladera-ranch-california
https://www.ubereats.com/orange-county/food-delivery/luna-grill-aliso-viejo/Ff4ffDg4SVGFe3tEYoynIg,ladera-ranch-california
https://www.ubereats.com/orange-county/food-delivery/burgerim-26741-aliso-creek-dr/EiCeSYTBRv-10HQHh_AKAQ,ladera-ranch-california
https://www.ubereats.com/orange-county/food-delivery/olive-oil-mediterranean-grill-express/tfbMEqcVS2Sv_fxTkhodGQ,ladera-ranch-california
https://www.ubereats.com/orange-county/food-delivery/del-taco-22401-el-toro-rd/cLMXk2_WTS2iAJqm4LJO8w,ladera-ranch-california
https://www.ubereats.com/orange-county/food-delivery/inka-grill-lake-forest/8EHWP5WBQliDQiUlRiBfeA,ladera-ranch-california
https://www.ubereats.com/orange-county/food-delivery/cafe-mint/fZ5ca6uZRyuIt3FtkQBG3w,ladera-ranch-california
https://www.ubereats.com/orange-county/food-delivery/chipotle-mexican-grill-27221-la-paz-rd-ste-h/DFdAN1sdSb2Ixe4Byu_qyA,ladera-ranch-california
https://www.ubereats.com/orange-county/food-delivery/togos-24751-alicia-pkwy-laguna-hills-ca/LwljM56IRyyJWO1nvpVstQ,ladera-ranch-california
https://www.ubereats.com/orange-county/food-delivery/jamba-juice-23628-el-toro-rd/zO-nO4R0RO6Pof2RS4nRvA,ladera-ranch-california
https://www.ubereats.com/orange-county/food-delivery/big-grill-mongolian-barbecue/Cbe2nIiPS1Kv_lTR9N43cg,ladera-ranch-california
https://www.ubereats.com/orange-county/food-delivery/dennys-23515-el-toro-rd/KAtu0L8-R6unH5ew_x8icg,ladera-ranch-california
https://www.ubereats.com/orange-county/food-delivery/starbucks-22421-antonio-parkway/bspfup8jTMWag5HgRpZtMA,ladera-ranch-california
https://www.ubereats.com/orange-county/food-delivery/luna-grill-rancho-santa-margarita/hJLxYCXxSBGVSEG6zPy0EA,ladera-ranch-california
https://www.ubereats.com/orange-county/food-delivery/sushi-%26-roll/Vjh0im5YRfiPwEQoEZH80w,ladera-ranch-california
https://www.ubereats.com/orange-county/food-delivery/tasty-bowl/2dxSV66OTd2MpRJr2zi0cA,ladera-ranch-california
https://www.ubereats.com/orange-county/food-delivery/starbucks-32515-golden-lantern-street/PAjK7rITTyiXpmF7DtDyXg,ladera-ranch-california
https://www.ubereats.com/orange-county/food-delivery/big-fish-little-fish/qCVWULzgSfSsK8N-Fo-cUg,ladera-ranch-california
https://www.ubereats.com/orange-county/food-delivery/the-empanada-maker/s4qyKZ2pTbm18F8kyHbbRQ,ladera-ranch-california
https://www.ubereats.com/orange-county/food-delivery/still-water/PEaAdPxQS4i8GpmTj7Z0jg,ladera-ranch-california
https://www.ubereats.com/orange-county/food-delivery/pick-up-stix-dana-point/iVpKJtYTSMiY98bRFey-vw,ladera-ranch-california
https://www.ubereats.com/orange-county/food-delivery/urban-teriyaki-grill/8maQDCutQdqWXDSimif_Bg,ladera-ranch-california
https://www.ubereats.com/orange-county/food-delivery/hacienda-la-joya/x-J0zfXGTXCB_24mWQXnaA,ladera-ranch-california
https://www.ubereats.com/orange-county/food-delivery/good-choice-sushi-dana-point/1RxA_LguTlqnKlcI1MJizw,ladera-ranch-california
https://www.ubereats.com/orange-county/food-delivery/tutor-%26-spunkys-deli/wl8nhUU7Q46S4ckFVVrbiA,ladera-ranch-california
https://www.ubereats.com/orange-county/food-delivery/dunkin-donuts-23771-el-toro-rd/P5JKtRT7Sz2fa8SrbIwLzA,ladera-ranch-california
https://www.ubereats.com/orange-county/food-delivery/fresh-brothers-laguna-niguel/5DxMe9q2SxmME-Y5Px7rSA,ladera-ranch-california
https://www.ubereats.com/orange-county/food-delivery/subway-27680-marguerite-parkway/9rBS1TCdSV6v0TsHfoXVzg,ladera-ranch-california
https://www.ubereats.com/orange-county/food-delivery/miyako-sushi-inc/KlYFLfoNRCS9U6xruZd0Aw,ladera-ranch-california
https://www.ubereats.com/orange-county/food-delivery/moes-deli/mYPi41bBSga6-ND1VCtI0A,ladera-ranch-california
https://www.ubereats.com/orange-county/food-delivery/thai-juan-on/cGELtYoTS_ux9lMibjIPAA,ladera-ranch-california
https://www.ubereats.com/orange-county/food-delivery/five-guys-ca-1486-24391-alicia-pkwy/XhjZrmXKQTSZcX2-7HQ0aA,ladera-ranch-california
https://www.ubereats.com/orange-county/food-delivery/bricco-pizza-%26-wine-bar-moulton-pkwy/tb6oVTuvQIqqyA-LiJ_LAg,ladera-ranch-california
https://www.ubereats.com/orange-county/food-delivery/panda-express-lake-forest-23572-el-toro-road/yVOiGq-wTpOCQI0XdPVxDg,ladera-ranch-california
https://www.ubereats.com/orange-county/food-delivery/komi-coffee/dovGySkAQFy15M-EK29-_g,ladera-ranch-california
https://www.ubereats.com/orange-county/food-delivery/slice-shabu-mission-viejo/oy3dYL7EShKVoSIw8oALTw,ladera-ranch-california
https://www.ubereats.com/orange-county/food-delivery/deemers-american-grill/Pmg3osy7SB-cKYPPT9NPOg,ladera-ranch-california
https://www.ubereats.com/orange-county/food-delivery/scotts-donuts/HzdpSfxaSnyFawJn7cGUEg,ladera-ranch-california
https://www.ubereats.com/orange-county/food-delivery/pick-up-stix-rancho-santa-margarita/R56brz2FTrKY8da7zYxq5g,ladera-ranch-california
https://www.ubereats.com/orange-county/food-delivery/tacos-%26-co/BDuxYsGdQKq3CfdyJXNWTQ,ladera-ranch-california
https://www.ubereats.com/orange-county/food-delivery/parallel-pizzeria/yqZYn6G6SvqtCwDuRBg7dA,ladera-ranch-california
https://www.ubereats.com/orange-county/food-delivery/todos-santos/t3VcwLZpQ0m1nqUfL3w6yw,ladera-ranch-california
https://www.ubereats.com/orange-county/food-delivery/poki-and-sushi/PLgzYMWgSjuYW7EOLBhIVg,ladera-ranch-california
https://www.ubereats.com/orange-county/food-delivery/east-coast-bagel-laguna/j3X4z5j_QbeKCVUtQU8QwQ,ladera-ranch-california
https://www.ubereats.com/orange-county/food-delivery/bad-to-the-bone-bbq/fYR5jYLGTOyM0bgj39Q-HA,ladera-ranch-california
https://www.ubereats.com/orange-county/food-delivery/lamppost-pizza/B3di6I9mTry-3NlCZTa-vA,ladera-ranch-california
https://www.ubereats.com/orange-county/food-delivery/avenue-bagel/v-xYPgT-QFqTL5Ter67lsA,ladera-ranch-california
https://www.ubereats.com/orange-county/food-delivery/tacos-%26-co-ladera-ranch/nMKDycLLSWquT4wOLC9fHA,ladera-ranch-california
https://www.ubereats.com/orange-county/food-delivery/chipotle-mexican-grill-806-avenida-pico-ste-d/swljY-f1QSOZmslctiK4jQ,ladera-ranch-california
https://www.ubereats.com/orange-county/food-delivery/mcdonalds-ladera-ranch-mission-viejo/PThdC9lQS3m_iQH6HR7Iow,ladera-ranch-california
https://www.ubereats.com/orange-county/food-delivery/smashburger-806-avenida-pico/pvAEoddvQvigYf_5yg3q-Q,ladera-ranch-california
https://www.ubereats.com/orange-county/food-delivery/mountain-mikes-pizza-22942-ridge-route-dr/hSnm1AZtQnmnRLAu1T9xMA,ladera-ranch-california
https://www.ubereats.com/orange-county/food-delivery/subway-25614-alicia-parkway/pUwvOJ-FRz-yOBIvlWRqJQ,ladera-ranch-california
https://www.ubereats.com/orange-county/food-delivery/taqueria-de-anda-mission-viejo/NQYjX8DjQ3GWomZ6oV09Nw,ladera-ranch-california
https://www.ubereats.com/orange-county/food-delivery/jack-in-the-box-28651-marguerite-parkway/jDAKEtdzT0e59GjhdcERjA,ladera-ranch-california
https://www.ubereats.com/orange-county/food-delivery/jack-in-the-box-25800-jeronimo-rd-ste-500/Zo4d5VjFTfuMBLBF93Q5CA,ladera-ranch-california
https://www.ubereats.com/orange-county/food-delivery/solo-ice-cream/lLlbbiC7RHyRW8beIOSeng,ladera-ranch-california
https://www.ubereats.com/orange-county/food-delivery/el-pollo-loco-san-juan-capistrano/LubwkB59Spq1baYHx8cpIw,ladera-ranch-california
https://www.ubereats.com/orange-county/food-delivery/royal-rasoi/kONLP6rGRludTbCLOAfKxA,ladera-ranch-california
https://www.ubereats.com/orange-county/food-delivery/starbucks-28562-oso-parkway/9TIIHY8iSLGE3QD6-ureog,ladera-ranch-california
https://www.ubereats.com/orange-county/food-delivery/burger-boss-mission-viejo/7D73IvsyRX6ReLF7S1GU4g,ladera-ranch-california
https://www.ubereats.com/orange-county/food-delivery/la-cocina-de-ricardo-lake-forest/2ddstw1USKeZJxYQ86WNPw,ladera-ranch-california
https://www.ubereats.com/orange-county/food-delivery/smashburger-26541-aliso-creek-rd/udj7QbsxTImmmWkq4EZk4Q,ladera-ranch-california
https://www.ubereats.com/orange-county/food-delivery/o-fine-japanese-laguna/_V62Xu6gTOuK5IexlJe2GQ,ladera-ranch-california
https://www.ubereats.com/orange-county/food-delivery/pho-hanoi/Zz6L9bCOTme4iTF5PdAuQw,ladera-ranch-california
https://www.ubereats.com/orange-county/food-delivery/subway-27642-antonio-parkway/PH6T_3QxSc-rBPYT8QoQWQ,ladera-ranch-california
https://www.ubereats.com/orange-county/food-delivery/jack-in-the-box-28592-oso-parkway/V_lXAlLzRCu1sKr8QW28pQ,ladera-ranch-california
https://www.ubereats.com/orange-county/food-delivery/little-chopsticks/qe4PVLfATuesHM5CiI9Kig,ladera-ranch-california
https://www.ubereats.com/orange-county/food-delivery/its-a-grind-coffee-house-marguerite-parkway/ALMy98cLQrCvqZZRcvJblg,ladera-ranch-california
https://www.ubereats.com/orange-county/food-delivery/heroes-%26-legends-bar-%26-grill/R_XJ3fHtRZSe9PtGAVTC_w,ladera-ranch-california
https://www.ubereats.com/orange-county/food-delivery/yoon-kee-chinese-kitchen/2MjhiOnxQPqnlcQfzu_MwA,ladera-ranch-california
https://www.ubereats.com/orange-county/food-delivery/jamba-juice-555-the-shops-blvd-%23794a/nHqC0zWyS7G6yVTBZon5KQ,ladera-ranch-california
https://www.ubereats.com/orange-county/food-delivery/nekter-juice-bar-30893-gateway-pl-ste-f-3/7YUTsK6rRj-HzZ8Jw3rLPg,ladera-ranch-california
https://www.ubereats.com/orange-county/food-delivery/papa-johns-22335-el-toro-rd/AE2WCT4gRqa8gPCI-D2UPQ,ladera-ranch-california
https://www.ubereats.com/orange-county/food-delivery/donut-star/1zALKPouRIqhsYNgPUsXnw,ladera-ranch-california
https://www.ubereats.com/orange-county/food-delivery/nalus-hawaiian-fish-grill-%26-tutus-kitchen-san-clemente/40-8294uSM6kKlA-DEoMkA,ladera-ranch-california
https://www.ubereats.com/orange-county/food-delivery/taqueria-de-anda-lake-forest/sfUzciDcRCOCUtZmvTd00g,ladera-ranch-california
https://www.ubereats.com/orange-county/food-delivery/good-choice-sushi-laguna-niguel/zq2Mmy-wQmay63OuCxRCJQ,ladera-ranch-california
https://www.ubereats.com/orange-county/food-delivery/nekter-juice-bar-32371-golden-lantern-ste-g/XybhUF3KRrOHIKgezCDjeA,ladera-ranch-california
https://www.ubereats.com/orange-county/food-delivery/original-tommys-hamburgers-lake-forest/vsW6nJXTRsWgZXD0Wqsd0A,ladera-ranch-california
https://www.ubereats.com/orange-county/food-delivery/del-taco-26241-avery-pkwy/JecbaSfETaOLKhdZRn7frA,ladera-ranch-california
https://www.ubereats.com/orange-county/food-delivery/rubios-25482-marguerite-pkwy/aPdUbRroT9SfaOu5Gprwaw,ladera-ranch-california
https://www.ubereats.com/orange-county/food-delivery/starbucks-27020-alicia-parkway/KVxTu6iCSRquCoQTtG6_Bw,ladera-ranch-california
https://www.ubereats.com/orange-county/food-delivery/godavari/s829AVUbR1i0LSCSyPsD4Q,ladera-ranch-california
https://www.ubereats.com/orange-county/food-delivery/firehouse-subs-laguna-woods/F3CYw21fRUKzEpqAjq30VQ,ladera-ranch-california
https://www.ubereats.com/orange-county/food-delivery/sizzler-23501-el-toro-rd/x7WYqMUSRAmwSP3SfR1rJg,ladera-ranch-california
https://www.ubereats.com/orange-county/food-delivery/dennys-24445-alicia-parkway/7L7Q2CNVSDWZxN9YVdwKFA,ladera-ranch-california
https://www.ubereats.com/orange-county/food-delivery/hayashi-sushi-%26-teriyaki/A5aoyY_IQl60H5k2hFWfdg,ladera-ranch-california
https://www.ubereats.com/orange-county/food-delivery/blaze-pizza-555-the-shops-at-mission-viejo/Jh5hqiFZSR6GNCx1TNgcPA,ladera-ranch-california
https://www.ubereats.com/orange-county/food-delivery/jamba-juice-32585-street-of-the-golden-lantern/W0hgHDxGTACr601PFYG2LQ,ladera-ranch-california
https://www.ubereats.com/orange-county/food-delivery/hatam-restaurant/MEry4GhhT4mR-PriXcNqGw,ladera-ranch-california
https://www.ubereats.com/orange-county/food-delivery/wendys-24761-alicia-pkwy/vMQR-5ipQJ-amNQCEJ6o9A,ladera-ranch-california
https://www.ubereats.com/orange-county/food-delivery/which-wich-aliso-viejo/fJf4YQl8QhSqzN1VyS5TsA,ladera-ranch-california
https://www.ubereats.com/orange-county/food-delivery/wendys-28961-golden-lantern/jEqK3woSS1yl1BMU6e17lw,ladera-ranch-california
https://www.ubereats.com/orange-county/food-delivery/extra-mile-2027/NiooZjbDS7yrOrh6GoREDg,ladera-ranch-california
https://www.ubereats.com/orange-county/food-delivery/slice-of-the-pie-pizza/vCCGpuh7QG6BItvZltkLCw,ladera-ranch-california
https://www.ubereats.com/orange-county/food-delivery/chaupain-bakery/dha2qGmSRnaC58Im1KcZmg,ladera-ranch-california
https://www.ubereats.com/orange-county/food-delivery/bjs-restaurant-%26-brewhouse-22022-el-paseo/gktgpHECRfSWMUYkhs3F-A,ladera-ranch-california
https://www.ubereats.com/orange-county/food-delivery/avilas-el-ranchito-mexican-restaurant/Xg6_AU-cTZWmAPDnVeCTog,ladera-ranch-california
https://www.ubereats.com/orange-county/food-delivery/texas-pit-bbq/sTRa5j3RRXONb5sNOFUweg,ladera-ranch-california
https://www.ubereats.com/orange-county/food-delivery/menchies-frozen-yogurt-25280-marguerite-pkwy/PPzKhqpeSt6X1v0V6ZZT4Q,ladera-ranch-california
https://www.ubereats.com/orange-county/food-delivery/starbucks-638-camino-de-los-mares/62h7nZYqTnq7Ny2IuR8oUg,ladera-ranch-california
https://www.ubereats.com/orange-county/food-delivery/le-peep-restaurant/Gb9lIE90R6uRb9of6tLIng,ladera-ranch-california
https://www.ubereats.com/orange-county/food-delivery/the-ice-cream-shop/4r9FkV4ITtKXWijx8LDmYw,ladera-ranch-california
https://www.ubereats.com/orange-county/food-delivery/pressed-juicery-plaza-de-la-paz/AMCvcMUgRCOiiQRXhKRyhg,ladera-ranch-california
https://www.ubereats.com/orange-county/food-delivery/yudas/Oult8IBgT_igtJEjbgsHOQ,ladera-ranch-california
https://www.ubereats.com/orange-county/food-delivery/rubys-diner-shops-at-mission-viejo/RMDZB_xSQj2fdFXX6uabyw,ladera-ranch-california
https://www.ubereats.com/orange-county/food-delivery/board-%26-brew-san-clemente/RCcme1fbQySKQXSzm6g_jQ,ladera-ranch-california
https://www.ubereats.com/orange-county/food-delivery/del-taco-24465-alicia-parkway/foA4RtplSpaKCjUNp6DrmA,ladera-ranch-california
https://www.ubereats.com/orange-county/food-delivery/el-pollo-loco-san-clemente/LiJi4-1nRwCOb4aILDMDTw,ladera-ranch-california
https://www.ubereats.com/orange-county/food-delivery/jersey-mikes-subs-28051-greenfield-drive/Zm2BegwGQPCb181WY1kHPA,ladera-ranch-california
https://www.ubereats.com/orange-county/food-delivery/panda-express-27000-crown-valley-parkway/HjSwScUZQVCjSgSnGf3ejQ,ladera-ranch-california
https://www.ubereats.com/orange-county/food-delivery/empanada-man-pizzeria/vzZJTs9WQR-bue2GHkMmHA,ladera-ranch-california
https://www.ubereats.com/orange-county/food-delivery/the-habit-burger-grill-23632-el-toro-rd-%23a/NREBP7WuQzadHa-318mjeA,ladera-ranch-california
https://www.ubereats.com/orange-county/food-delivery/taqueros-mexican-restaurant/kWl0TRXKQMmkTBS2VsooPw,ladera-ranch-california
https://www.ubereats.com/orange-county/food-delivery/panda-express-mission-viejo-27670b-santa-margarita-pkwy/ML4nz5mPSS2qlJzyIW5zag,ladera-ranch-california
https://www.ubereats.com/orange-county/food-delivery/starbucks-27622-antonio-pkwy/guog2QrZTsO7-dZvQ4GEOw,ladera-ranch-california
https://www.ubereats.com/orange-county/food-delivery/crepe-de-paris-mission-viejo-mall/_upeaFmJRCCeOSL3KQicpA,ladera-ranch-california
https://www.ubereats.com/orange-county/food-delivery/pengo-drink-station-laguna-hills/lyVytcBoRAmvWwpgtIuQPQ,ladera-ranch-california
https://www.ubereats.com/orange-county/food-delivery/renzos-taste-of-peru/6YmoZyEXSnKoBsa8rjsgVA,ladera-ranch-california
https://www.ubereats.com/orange-county/food-delivery/albertacos-mexican-food-mission-viejo/Oz2DgzIxRnCiBfzqwvT7IA,ladera-ranch-california
https://www.ubereats.com/orange-county/food-delivery/la-michoacana-premier-san-juan/qk7fMh-xSW-jixpj53lsJg,ladera-ranch-california
https://www.ubereats.com/orange-county/food-delivery/nalus-hawaiian-fish-grill-%26-tutus-kitchen-laguna-niguel/nbgbbbxAT4qf7-4Y9trBBA,ladera-ranch-california
https://www.ubereats.com/orange-county/food-delivery/el-pollo-loco-mission-viejo/WXHWzS2-R8ODzTvyUgDqYg,ladera-ranch-california
https://www.ubereats.com/orange-county/food-delivery/fire-breather-bbq/JBjMIij2QkyLY3cEHRoEXg,ladera-ranch-california
https://www.ubereats.com/orange-county/food-delivery/jc-donuts/GPns5tdvTWSs_gKg0Nxt0A,ladera-ranch-california
https://www.ubereats.com/orange-county/food-delivery/surfin-donuts/Fot4tVQmRJq5gueNut6btg,ladera-ranch-california
https://www.ubereats.com/orange-county/food-delivery/jack-in-the-box-25852-el-paseo/QjbIHtSpRdqbR19p9oY-hA,ladera-ranch-california
https://www.ubereats.com/orange-county/food-delivery/el-molino-de-oro-lake-forest/YmocERgERWCZTncSuABECQ,ladera-ranch-california
https://www.ubereats.com/orange-county/food-delivery/bagel-me!-laguna-hills/7EWVZV-3QwyIqUDDH8XKEg,ladera-ranch-california
https://www.ubereats.com/orange-county/food-delivery/taco-bell-26171-la-paz-rd/atWoqCbSTw2QzQnT2D6QhA,ladera-ranch-california
https://www.ubereats.com/orange-county/food-delivery/the-olives-branch/r_uz05XkQ5mqfH7RjLjjXA,ladera-ranch-california
https://www.ubereats.com/orange-county/food-delivery/chipotle-mexican-grill-32391-golden-lantern-ste-a/prlWWdR2TCaEnbcjSF_RUQ,ladera-ranch-california
https://www.ubereats.com/orange-county/food-delivery/starbucks-27211-ortega-hwy/8AGrbXXJS567UPa00gEdGQ,ladera-ranch-california
https://www.ubereats.com/orange-county/food-delivery/starbucks-22331-a-el-toro-road/4TRPivPcQLa-3is3mt5yDQ,ladera-ranch-california
https://www.ubereats.com/orange-county/food-delivery/urbane-cafe-aliso-viejo/9jbN78teTM6X46cFF6sTRw,ladera-ranch-california
https://www.ubereats.com/orange-county/food-delivery/juice-joint-deli/PxQm6UniQNuD44DxKuLntw,ladera-ranch-california
https://www.ubereats.com/orange-county/food-delivery/del-taco-31780-del-obispo/zS5Ua0T_TSiZptCG5Ay3Lg,ladera-ranch-california
https://www.ubereats.com/orange-county/food-delivery/ball-park-pizza-sjc/l1jJGqVmSUawnuAi9SlOzw,ladera-ranch-california
https://www.ubereats.com/orange-county/food-delivery/mothers-market-%26-kitchen-laguna-woods/tcasFDKdQU6hf06fGFQiog,ladera-ranch-california
https://www.ubereats.com/orange-county/food-delivery/flame-broiler/Igsg9_GsRXWmDWori2YTJA,ladera-ranch-california
https://www.ubereats.com/orange-county/food-delivery/cafe-au-lait/IChjsppITNyqhB5EO5I3Yg,ladera-ranch-california
https://www.ubereats.com/orange-county/food-delivery/the-flame-broiler-23411-aliso-viejo-parkway/2N_Z93DST3-ztmih59lP2Q,ladera-ranch-california
https://www.ubereats.com/orange-county/food-delivery/subway-28950-golden-lantern/VIQdgdQ6QOKve2ceJuSLZw,ladera-ranch-california
https://www.ubereats.com/orange-county/food-delivery/new-york-pizzeria-laguna-hills/F6wORj7eS1O4Ni8V-wfwXQ,ladera-ranch-california
https://www.ubereats.com/orange-county/food-delivery/dickeys-bbq-pit-27931-la-paz-rd/gqpXmrXnSS-AELd-QnFrEg,ladera-ranch-california
https://www.ubereats.com/orange-county/food-delivery/charleys-philly-steaks-mission-viejo-mall/Zrgqp0HJS9iRjQUwwxIo9w,ladera-ranch-california
https://www.ubereats.com/orange-county/food-delivery/dunkin-donuts-635-camino-de-los-mares/Ej7tbBsGT7SzR_nYx3SnEw,ladera-ranch-california
https://www.ubereats.com/orange-county/food-delivery/riptide-rockin-sushi-%26-teppan-grills/HPvfuoS3QEaZz2OT0gmz7A,ladera-ranch-california
https://www.ubereats.com/orange-county/food-delivery/panda-express-aliso-viejo-26841-aliso-creek-dr/a3aQ7TtqRwe4H72Pn12kRg,ladera-ranch-california
https://www.ubereats.com/orange-county/food-delivery/jersey-mikes-subs-laguna-niguel-24006-aliso-creek-road/0n92q_NuStO7IQCC067CIg,ladera-ranch-california
https://www.ubereats.com/orange-county/food-delivery/sake-sushi/qBsUNUVtTXqu28HsOVPSgg,ladera-ranch-california
https://www.ubereats.com/orange-county/food-delivery/stacks-pancake-house-mission-viejo/u0GdRJbkTwOtsL1wSNKrhA,ladera-ranch-california
https://www.ubereats.com/orange-county/food-delivery/chatime-mission-viejo/VDnuq6dbTtqzjuTAOhzAWw,ladera-ranch-california
https://www.ubereats.com/orange-county/food-delivery/pasquallys-pizza-%26-wings-26538-moulton-pkwy-st-h/0045wQ7UQO6CpbdnTUpYBw,ladera-ranch-california
https://www.ubereats.com/orange-county/food-delivery/titans-pho-asian-bistro/TrCdQzWQRTy6Xs-mIzpKwg,ladera-ranch-california
https://www.ubereats.com/orange-county/food-delivery/jersey-mikes-subs-30859-gateway-place/286G62hrRnOg--oCS-R_KQ,ladera-ranch-california
https://www.ubereats.com/orange-county/food-delivery/starfish-laguna-south-pacific-coast-highway/PoyWj0rTQ12-EC_Rnoo6nQ,ladera-ranch-california
https://www.ubereats.com/orange-county/food-delivery/the-flame-broiler-24451-alicia/gr0NmveqSUSkGIVORoSL8g,ladera-ranch-california
https://www.ubereats.com/orange-county/food-delivery/jons-fish-market/VqVd5h2pSzqcf8vuado-xQ,ladera-ranch-california
https://www.ubereats.com/orange-county/food-delivery/scratch-bakery-cafe/un1ZO4TGRpS7MMVyiCwHlw,ladera-ranch-california
https://www.ubereats.com/orange-county/food-delivery/knolls-restaurant/qjdMRglNSXeD15SOJ4Yttw,ladera-ranch-california
https://www.ubereats.com/orange-county/food-delivery/spikes-fish-house-laguna-niguel/xqqc0uxtRBGvJwtYD0rbhQ,ladera-ranch-california
https://www.ubereats.com/orange-county/food-delivery/pizzeria-amore/xvoQujFMQFSgcFqWh_lw2A,ladera-ranch-california
https://www.ubereats.com/orange-county/food-delivery/olamendis-mexican-restaurant/FDaBI3kYRC6d9qM3X3hX1g,ladera-ranch-california
https://www.ubereats.com/orange-county/food-delivery/panda-express-ladera-ranch-27602-antionio-pkwy/m3Z2YEG_SCyzRJ_HRYrm_Q,ladera-ranch-california
https://www.ubereats.com/orange-county/food-delivery/oke-poke-23646-rockfield-blvd/71Hsl5vBQwiTft7Wrn7HHQ,ladera-ranch-california
https://www.ubereats.com/orange-county/food-delivery/j-san-ramen/xst0TT7MT8KlGZE7FECvXQ,ladera-ranch-california
https://www.ubereats.com/orange-county/food-delivery/mod-pizza-lake-forest/KkAI1xLiQ-imjNhoQNGQKw,ladera-ranch-california
https://www.ubereats.com/orange-county/food-delivery/pizza-amore-cafe/WWOg_d-GTFa6M_97jIGeBw,ladera-ranch-california
https://www.ubereats.com/orange-county/food-delivery/chart-house-34442-st-of-the-green-lantern/AgoW0VXIQKCLBXJofaDuiw,ladera-ranch-california
https://www.ubereats.com/orange-county/food-delivery/outback-steakhouse-25322-cabot-rd/zWShDzXLS1CIic_gqeMA8w,ladera-ranch-california
https://www.ubereats.com/orange-county/food-delivery/smashburger-1003-shops-at-mission-viejo/f_WM_1ABSDGreo1WEqVr_Q,ladera-ranch-california
https://www.ubereats.com/orange-county/food-delivery/california-pizza-kitchen-25513-marguerite-pkwy/T-duml4ITquNUlDF2w4hYg,ladera-ranch-california
https://www.ubereats.com/orange-county/food-delivery/extra-mile-2032/-o8Tk-O8RuqJYDfKpX7ZHw,ladera-ranch-california
https://www.ubereats.com/orange-county/food-delivery/taco-bell-26521-aliso-creek-road/UdKvZ4mJSn6FDSqECBQTvg,ladera-ranch-california
https://www.ubereats.com/orange-county/food-delivery/mint-restaurant/i_0cYa3aQgSXXtYGP9TpvQ,ladera-ranch-california
https://www.ubereats.com/orange-county/food-delivery/pollys-pies-restaurant-%26-bakery-laguna-hills/OFNrK3l-Tq-2USjqwN7TxA,ladera-ranch-california
https://www.ubereats.com/orange-county/food-delivery/forte-mediterranean-bistro-ladera-ranch/I8CGZKozQwaK1yndFXbmLw,ladera-ranch-california
https://www.ubereats.com/orange-county/food-delivery/the-broken-yolk-cafe-mission-viejo/yCzK844tSMavZJ_TlUb7ZQ,ladera-ranch-california
https://www.ubereats.com/orange-county/food-delivery/panda-express-san-clemente-806-avenida-pico/PIkunswWQn6QZXe_A92lLw,ladera-ranch-california
https://www.ubereats.com/orange-county/food-delivery/ding-tea-mission-viejo/VOuyp1ezRHKaQ17aRPkEJg,ladera-ranch-california
https://www.ubereats.com/orange-county/food-delivery/papa-johns-29941-aventura-suite-a/v9hdE5eeQbWZHj7aJgUfJA,ladera-ranch-california
https://www.ubereats.com/orange-county/food-delivery/farmer-boys-laguna-hills/XtuDpx4QQyaW9d5GeCnRzw,ladera-ranch-california
https://www.ubereats.com/orange-county/food-delivery/eat-thai-cuisine/NQjaYS5TRiihzuUwINQAHw,ladera-ranch-california
https://www.ubereats.com/orange-county/food-delivery/the-flame-broiler-22485-el-toro/-VwRpGdwSI2bgXphfUn__Q,ladera-ranch-california
https://www.ubereats.com/orange-county/food-delivery/bjs-restaurant-%26-brewhouse-24032-el-toro-road/cJSOsqgUSu608tfhf2nvCw,ladera-ranch-california
https://www.ubereats.com/orange-county/food-delivery/el-pollo-loco-28261-crown-valley-pkwy3235/u4HD3wmnRCmaEiWle1G9TQ,ladera-ranch-california
https://www.ubereats.com/orange-county/food-delivery/malulu-sushi/RPBYCIgaTk2GuEgLnKu4ow,ladera-ranch-california
https://www.ubereats.com/orange-county/food-delivery/sundried-tomato-american-bistro-san-juan/aGIxpcIOQVaRg6MqTigWhA,ladera-ranch-california
https://www.ubereats.com/orange-county/food-delivery/pita-pita-laguna-hills/Rkyb8-2MR4W3zbMMquAb4A,ladera-ranch-california
https://www.ubereats.com/orange-county/food-delivery/starbucks-24100-el-toro-road/ud-YB1y-Sl2MCgY_vxSV-w,ladera-ranch-california
https://www.ubereats.com/orange-county/food-delivery/nekter-juice-bar-25672-crown-valley-pkwy-unit-g5/T5hh368WRCid3Co4WIualg,ladera-ranch-california
https://www.ubereats.com/orange-county/food-delivery/locca-churros-%2B-tea/HvDCNs4vTeekF1oAdsJGJw,ladera-ranch-california
https://www.ubereats.com/orange-county/food-delivery/jamba-juice-28241-crown-valley-pkwy/DlsT7rnCR3S7bUeSN70DGQ,ladera-ranch-california
https://www.ubereats.com/orange-county/food-delivery/vibe-organic-kitchen-%26-juice-dana-point/T0rXKBldQgmGx33lRjNwlQ,ladera-ranch-california
https://www.ubereats.com/orange-county/food-delivery/jamba-juice-26781-portola-pkwy-%234b/onC3fZIxRKmPqIlybJwXfQ,ladera-ranch-california
https://www.ubereats.com/orange-county/food-delivery/sushi-wazen/ScW-0vQ4SW-5B3bOW-JKHA,ladera-ranch-california
https://www.ubereats.com/orange-county/food-delivery/the-ice-cream-shop/xQ9kbWpiSeKaQrqHzfM3fQ,ladera-ranch-california
https://www.ubereats.com/orange-county/food-delivery/green-burrito-26338-oso-pkwy/nQQN1mNiRma0legJGa9bww,ladera-ranch-california
https://www.ubereats.com/orange-county/food-delivery/kfc-30071-alicia-parkway/F5NI8QqkTxee_QGwSTKYkQ,ladera-ranch-california
https://www.ubereats.com/orange-county/food-delivery/togos-25432-trabuco-rd-lake-forest-ca/et4c79ZYRb-4sAsnO6Ozuw,ladera-ranch-california
https://www.ubereats.com/orange-county/food-delivery/del-taco-25542-marguerite-pkwy/DbRTYRuGQMaTlInVdXDyjA,ladera-ranch-california
https://www.ubereats.com/orange-county/food-delivery/carls-jr-27092-la-paz-rd/afn5TUDvSFKdazSK-NkklQ,ladera-ranch-california
https://www.ubereats.com/orange-county/food-delivery/pf-changs-800-shops-at-mission-viejo/W_uAQBOLTnmCLj69bvsXHA,ladera-ranch-california
https://www.ubereats.com/orange-county/food-delivery/starbucks-26342-oso-parkway/6r-n9kilRM2_911_6NIOLA,ladera-ranch-california
https://www.ubereats.com/orange-county/food-delivery/starbucks-25473-rancho-niguel-road/Zmzi6H9tRwCY6CKMtTT0og,ladera-ranch-california
https://www.ubereats.com/orange-county/food-delivery/new-york-deli-case/nxgEw-bLQJuY1rzn05vYDQ,ladera-ranch-california
https://www.ubereats.com/orange-county/food-delivery/plumeria-cafe/8yEsRJSxTgambLWIOnu-eA,ladera-ranch-california
https://www.ubereats.com/orange-county/food-delivery/del-taco-26951-aliso-creek-road/EMB6DLKAShOphfosZ2EDag,ladera-ranch-california
https://www.ubereats.com/orange-county/food-delivery/maki-yaki-japanese-restaurant/Z2bXRciuQTWMxA4hHwsuVA,ladera-ranch-california
https://www.ubereats.com/orange-county/food-delivery/7-star-cafe/T26TnD3zQ4mc8wfagebulw,ladera-ranch-california
https://www.ubereats.com/orange-county/food-delivery/pengo-drink-station-lake-forest/VdE4f8jLQnWiK1QpP_wsiw,ladera-ranch-california
https://www.ubereats.com/orange-county/food-delivery/taco-bell-26631-trabuco-road/22U8vciySZ-WdNGn8QBB7g,ladera-ranch-california
https://www.ubereats.com/orange-county/food-delivery/skimmers-panini-grill/JWZCMG9zQUa-Gx7IZPdwXQ,ladera-ranch-california
https://www.ubereats.com/orange-county/food-delivery/boston-market-27100-alicia-parkway/4QlsTYm1TXOW3EIal7tEOA,ladera-ranch-california
https://www.ubereats.com/orange-county/food-delivery/the-habit-burger-grill-32505-golden-lantern-st/6vEgZ4RRQ5iIiJoLtiJ4fA,ladera-ranch-california
https://www.ubereats.com/orange-county/food-delivery/taco-bell-30022-crown-valley-pkwy/OFNoyq-VSxii6CG5_97ynw,ladera-ranch-california
https://www.ubereats.com/orange-county/food-delivery/starbucks-27702-crown-valley-pkwy/WezViboATB6bkJuL9LquIA,ladera-ranch-california
https://www.ubereats.com/orange-county/food-delivery/kin-sushi/3GscRca_QdSWW2g0XlC5Fg,ladera-ranch-california
https://www.ubereats.com/orange-county/food-delivery/javatinis-coffee/oRrku8EGTwCnUJy-QdDCkA,ladera-ranch-california
https://www.ubereats.com/orange-county/food-delivery/luna-grill-dana-point/RaUQmeWmQFW0xFlJlMl3Bg,ladera-ranch-california
https://www.ubereats.com/orange-county/food-delivery/rubys-diner-laguna-hills/59DocJRfTnmCwlOjFiSa_w,ladera-ranch-california
https://www.ubereats.com/orange-county/food-delivery/little-bean-coffee-%26-doughnuts/uHqw6kXpTACdqS4AVZUirw,ladera-ranch-california
https://www.ubereats.com/orange-county/food-delivery/jersey-mikes-subs-641-camino-de-los-mares/QIfgQW7DTama9s7d5NJ3fQ,ladera-ranch-california
https://www.ubereats.com/orange-county/food-delivery/lucilles-smokehouse-bar-b-que-lake-forest/Oi9o9fgFRtawEYR-H8ycxg,ladera-ranch-california
https://www.ubereats.com/orange-county/food-delivery/flame-broiler/C5ojhOAcQTuARu7y2Iu2yg,ladera-ranch-california
https://www.ubereats.com/orange-county/food-delivery/board-%26-brew-laguna-niguel-south/wQ3ikmFNQkOCDTcVIeWaRw,ladera-ranch-california
https://www.ubereats.com/orange-county/food-delivery/sundried-tomato-american-bistro-san-clemente/SYTVaLrcSrSFissLpVzlnw,ladera-ranch-california
https://www.ubereats.com/orange-county/food-delivery/bahar-restaurant/eelu0SktS76KiEmLVwiGeA,ladera-ranch-california
https://www.ubereats.com/orange-county/food-delivery/bawarchi-biryanis/fxVXNdxnTomVQpvLl8jsXw,ladera-ranch-california
https://www.ubereats.com/orange-county/food-delivery/dennys-34242-del-obispo/J3oP51RzSh2OtOKVPqsvrA,ladera-ranch-california
https://www.ubereats.com/orange-county/food-delivery/mas-house-laguna-hills/b33WYo6sROKUOLs9yGMm9g,ladera-ranch-california
https://www.ubereats.com/orange-county/food-delivery/elephant-cafe/LCSrB9fnRQONje14ni7qTA,ladera-ranch-california
https://www.ubereats.com/orange-county/food-delivery/roccos-pizzeria/nF6sTI0nS1qWTejED_WYeQ,ladera-ranch-california
https://www.ubereats.com/orange-county/food-delivery/taco-bell-959-avenida-pico/rAtKiLhPTyWs60UIHc0k3g,ladera-ranch-california
https://www.ubereats.com/orange-county/food-delivery/ricardos-place/klsLqS7ARhi8K7O7_DYcIA,ladera-ranch-california
https://www.ubereats.com/orange-county/food-delivery/hakata-ikkousha-lake-forest/3ADYFtltSIu7-CAv9X2JjQ,ladera-ranch-california
https://www.ubereats.com/orange-county/food-delivery/the-habit-burger-grill-27748-crown-valley-parkway-ste-a/OSNaegMHSge7Jg6mIlmLyQ,ladera-ranch-california
https://www.ubereats.com/orange-county/food-delivery/surfside-pizza/sLorbRmvSOm8U6Jelcn8Og,ladera-ranch-california
https://www.ubereats.com/orange-county/food-delivery/blaze-pizza-225-w-avenida-vista-hermosa-suite-a/gTKUZrt-TO2k4bFrgl6W7A,ladera-ranch-california
https://www.ubereats.com/orange-county/food-delivery/indo-ranch/I4hlNXvoQoiu-6d-DJ1yFA,ladera-ranch-california
https://www.ubereats.com/orange-county/food-delivery/fluffy-bear/5JTYL_EqRB6uoHAFtprJ2Q,ladera-ranch-california
https://www.ubereats.com/orange-county/food-delivery/papa-johns-23582-moulton-pkwy-suite-106/aFhvW0J_TsWMaASVrzZQhw,ladera-ranch-california
https://www.ubereats.com/orange-county/food-delivery/19-restaurant-%26-lounge/3AVXDvvsRf6AkdPKMFOiaw,ladera-ranch-california
https://www.ubereats.com/orange-county/food-delivery/chipotle-mexican-grill-26661-aliso-creek-road/2id-1M47RWaA6rIDAKvEQg,ladera-ranch-california
https://www.ubereats.com/orange-county/food-delivery/cafe-mimosa/o_xxc_ZETgKdgMayNoBh7w,ladera-ranch-california
https://www.ubereats.com/orange-county/food-delivery/selmas-chicago-pizzeria/u3xRh1AKShynMrSPky4n-Q,ladera-ranch-california
https://www.ubereats.com/orange-county/food-delivery/five-guys-ca-4014-30622-santa-margarita-parkway/6vydSBhJSeeGw8wX8Tin1g,ladera-ranch-california
https://www.ubereats.com/orange-county/food-delivery/burger-king-27702-crown-valley-parkway/W3ybquEHRy2ZV-bLyONlVw,ladera-ranch-california
https://www.ubereats.com/orange-county/food-delivery/dunkin-25242-mcintyre-st/WUpQVDPgQyClLSSRYM-Srw,ladera-ranch-california
https://www.ubereats.com/orange-county/food-delivery/yogurtland-25381-alicia-pkwy/3rB-jPRbQrKTU3VikWSOSw,ladera-ranch-california
https://www.ubereats.com/orange-county/food-delivery/new-yorks-upper-crust-pizza-laguna-niguel/3eV4QuFoRju808fHaJR-ww,ladera-ranch-california
https://www.ubereats.com/orange-county/food-delivery/board-%26-brew-laguna-niguel-north/l3CiRx6kS46DavwiMw6xjA,ladera-ranch-california
https://www.ubereats.com/orange-county/food-delivery/del-taco-22349-el-toro-rd/GmVeasw6RGKgUSXSAgGTXg,ladera-ranch-california
https://www.ubereats.com/orange-county/food-delivery/starbucks-32022-camino-capistrano/BZ3b1yRNT2OsfyLmCsriRw,ladera-ranch-california
https://www.ubereats.com/orange-county/food-delivery/earth-bowl-superfoods/VBlFq9BLQuu66loiwE8zgA,ladera-ranch-california
https://www.ubereats.com/orange-county/food-delivery/teriyaki-madness-lake-forest-ca/v8cCCWspRdyGFb8Fm1RNvw,ladera-ranch-california
https://www.ubereats.com/orange-county/food-delivery/chipotle-mexican-grill-27750-crown-valley-pkwy/IUK8Vr1oTDuU_99e1yeFJw,ladera-ranch-california
https://www.ubereats.com/orange-county/food-delivery/the-pizza-press-rancho-santa-margarita/1x4Vj8SvT22YbzgVNdlTrg,ladera-ranch-california
https://www.ubereats.com/orange-county/food-delivery/cava-27750-crown-valley-parkway/W2Vt5qnPSIylFAxVCu1Jug,ladera-ranch-california
https://www.ubereats.com/orange-county/food-delivery/bistro-provincia/zM-q0DNdTgi4wa2eKXz3jw,ladera-ranch-california
https://www.ubereats.com/orange-county/food-delivery/tacos-ensenada/5cnky9rsRRqAk31uosJB1g,ladera-ranch-california
https://www.ubereats.com/orange-county/food-delivery/rodrigos-mexican-grill-laguna-hills/B90mfKtZRiyKij7tgO03dg,ladera-ranch-california
https://www.ubereats.com/orange-county/food-delivery/el-progreso-mexican-restaurant/5VmPEfWXSMO-uR3UzyjQdg,ladera-ranch-california
https://www.ubereats.com/orange-county/food-delivery/romanos-pasta-%26-pizzeria/r_ZaNMUmQE2lLBfByK2EKg,ladera-ranch-california
https://www.ubereats.com/orange-county/food-delivery/natraj-cuisine-of-india/I_9FfjbTS2elcZnZ59svdw,ladera-ranch-california
https://www.ubereats.com/orange-county/food-delivery/taco-bell-27770-santa-margarita-pkwy/fsKse_T5SdaEc_WpOsWFLA,ladera-ranch-california
https://www.ubereats.com/orange-county/food-delivery/harmony-tea-bar/pjqYjDzBQrK98cqycQQ0aw,ladera-ranch-california
https://www.ubereats.com/orange-county/food-delivery/romans-mexican-restaurant-laguna-woods/YVbBtqAQR06Vecyr27GyXA,ladera-ranch-california
https://www.ubereats.com/orange-county/food-delivery/starbucks-26137-la-paz-road/O1S0rM64RXeEES_ewtxlLg,ladera-ranch-california
https://www.ubereats.com/orange-county/food-delivery/little-france-bakery/-FPW6qPATLKDdQK3vkIqaA,ladera-ranch-california
https://www.ubereats.com/orange-county/food-delivery/india-grill/JlQQndTPRzG8qejd3luXCg,ladera-ranch-california
https://www.ubereats.com/orange-county/food-delivery/starbucks-27072-la-paz-road/My29APflT2iHq1Jh17UETg,ladera-ranch-california
https://www.ubereats.com/orange-county/food-delivery/tacos-%26-co-mission-viejo/scJQshReRFmLcBf-wIEbuw,ladera-ranch-california
https://www.ubereats.com/orange-county/food-delivery/carls-jr-26338-oso-pkwy/9gunI4HqS0e4jGjht50Wmg,ladera-ranch-california
https://www.ubereats.com/orange-county/food-delivery/java-bakery-cafe/XtzEmVvpSzSuJOBl2k0iHA,ladera-ranch-california
https://www.ubereats.com/orange-county/food-delivery/raya/P42FIAHjRD6JUk2WwQghHg,ladera-ranch-california
https://www.ubereats.com/orange-county/food-delivery/thrive-juice-lab/G8Kq6RdCQ5--rZPRraUdhQ,ladera-ranch-california
https://www.ubereats.com/orange-county/food-delivery/paradis-ice-cream-pch-highway/v-plMTsHQbGINRgsmJD6zA,ladera-ranch-california
https://www.ubereats.com/orange-county/food-delivery/chipotle-mexican-grill-22245-el-paseo-ste-c/EpEOzqHlSNSWIMxXZb4bLw,ladera-ranch-california
https://www.ubereats.com/orange-county/food-delivery/jack-in-the-box-34297-pacific-coast-hwy/-odssgddTnKYY7-6oyVkiA,ladera-ranch-california
https://www.ubereats.com/orange-county/food-delivery/the-habit-burger-grill-638-camino-de-los-mares-unit-a-100/Ug_sATqET2GrYd0e5fl7iA,ladera-ranch-california
https://www.ubereats.com/orange-county/food-delivery/el-molino-de-oro-san-juan-capistrano/Ajn0KKryScex8mE8DbA2Rw,ladera-ranch-california
https://www.ubereats.com/orange-county/food-delivery/starbucks-23411-aliso-viejo-pkwy/ZUr0h0BaTqiMnPDZafGVTA,ladera-ranch-california
https://www.ubereats.com/orange-county/food-delivery/big-chopsticks-cooker-mission-viejo/xR40If32ROeLWCKfRqN8-w,ladera-ranch-california
https://www.ubereats.com/orange-county/food-delivery/jersey-mikes-subs-mission-viejo-25280-c-marguerite-parkway/Ufi520F_REyiLXrS3mfu6g,ladera-ranch-california
https://www.ubereats.com/orange-county/food-delivery/tikka-curry-bowls/GBOe4f9JSUq27SFpgg8qeQ,ladera-ranch-california
https://www.ubereats.com/orange-county/food-delivery/ihop-23810-aliso-creek-rd/eCFisvrYRMeokkvKU72WgA,ladera-ranch-california
https://www.ubereats.com/orange-county/food-delivery/the-habit-burger-grill-26921-aliso-creek-rd-%23a/6_s7TwItT5238RwqUPPZrg,ladera-ranch-california
https://www.ubereats.com/orange-county/food-delivery/mcdonalds-del-obispo/T6ts8qd_S960vq0_YtzObw,ladera-ranch-california
https://www.ubereats.com/orange-county/food-delivery/panda-express-laguna-niguel-32411-st-of-the-golden-lantern/UWMy08-lSjaQw0pPnetJEg,ladera-ranch-california
https://www.ubereats.com/orange-county/food-delivery/xclusive-taqueria-moderna/oxIaBdHlRYGaEOZDlOEs4Q,ladera-ranch-california
https://www.ubereats.com/orange-county/food-delivery/chipotle-mexican-grill-23645-el-toro-road/LuHybpwlQs6L9sTEVS_0MA,ladera-ranch-california
https://www.ubereats.com/orange-county/food-delivery/claim-jumper-27845-santa-margarita-parkway/TFLikhuDQ1SvAhiwdjuKnw,ladera-ranch-california
https://www.ubereats.com/orange-county/food-delivery/taco-bell-27371-la-paz-rd/8PnTzR8JSeSZLW293jPh7Q,ladera-ranch-california
https://www.ubereats.com/orange-county/food-delivery/north-shore-poke-co-mission-viejo/JpwD8TmyT6W0OZKVKX7T-g,ladera-ranch-california
https://www.ubereats.com/orange-county/food-delivery/starbucks-24012-alicia-parkway/rruyJmg0StuYVl35D76hFw,ladera-ranch-california
https://www.ubereats.com/orange-county/food-delivery/golden-spoon-frozen-yogurt/ywaIB9x1T1eyySXJ1lPwBg,ladera-ranch-california
https://www.ubereats.com/orange-county/food-delivery/kfc-32032-camino-capistrano/STzCb-CQT3SGC25LZJoKyA,ladera-ranch-california
