url,city
https://www.ubereats.com/san-francisco/food-delivery/1800-cafe/lfezRIFKQjOk99eFM7I9Cw,lafayette-california
https://www.ubereats.com/san-francisco/food-delivery/pho-lee-hoa-phat-5/ANU3JmfLRTC4JmIbRVXI9Q,lafayette-california
https://www.ubereats.com/san-francisco/food-delivery/la-pinata-%236-concord/uW8zoh6HSP2vfu5ShhFplA,lafayette-california
https://www.ubereats.com/san-francisco/food-delivery/crumbs-breakfast-%26-lunch/asmLzrniT7uxXAXKfnjxVw,lafayette-california
https://www.ubereats.com/san-francisco/food-delivery/chipotle-mexican-grill-1061-arnold-dr/gZHyPnKbQr-RO1IqSVm_cQ,lafayette-california
https://www.ubereats.com/san-francisco/food-delivery/cinco-de-mayo-center/gFxecPImQFaqfBePyPyqCA,lafayette-california
https://www.ubereats.com/san-francisco/food-delivery/yogurtland-1247-s-california-blvd/T3wmdSa8QjaKO8u9sa5QKg,lafayette-california
https://www.ubereats.com/san-francisco/food-delivery/sichuan-fortune-house/_PQuqZrtROaU0TFisl2yow,lafayette-california
https://www.ubereats.com/san-francisco/food-delivery/perfect-brew-%26-juice/DZoyhze7QDmFjy_3njwt0Q,lafayette-california
https://www.ubereats.com/san-francisco/food-delivery/zacharys-chicago-pizza-pleasant-hill/BG557tiDSEW63xsT6w0fDw,lafayette-california
https://www.ubereats.com/san-francisco/food-delivery/toyosu/Wm_6UCm1Tni4pJQv723mjA,lafayette-california
https://www.ubereats.com/san-francisco/food-delivery/bunbaocom-concord/DP1_ul24TyKDccdpYJcS4w,lafayette-california
https://www.ubereats.com/san-francisco/food-delivery/flemings-prime-steakhouse-%26-wine-bar-walnut-creek/qnRcLKFITmuyGDxd5OLnZQ,lafayette-california
https://www.ubereats.com/san-francisco/food-delivery/taco-bell-410-moraga-rd/_oFlYNj_RDSwZGzeIhMQFA,lafayette-california
https://www.ubereats.com/san-francisco/food-delivery/humphry-slocombe/UwzxY2lBRTSzwC_S0lJ7gw,lafayette-california
https://www.ubereats.com/san-francisco/food-delivery/yalla-mediterranean-catering-1813-ygnacio-valley-rd/NfZg7cOpRoSczRPstjvHhg,lafayette-california
https://www.ubereats.com/san-francisco/food-delivery/teleferic-barcelona-walnut-creek/D4W2sw3aQ-i9BfJC2rH9Ow,lafayette-california
https://www.ubereats.com/san-francisco/food-delivery/panda-express-1100-concord-avenue/mn6G76q8QWiSwHJ7blsH_Q,lafayette-california
https://www.ubereats.com/san-francisco/food-delivery/flippers-gourmet-burgers/U1kxKGHrQEmoc20ybNF7UQ,lafayette-california
https://www.ubereats.com/san-francisco/food-delivery/vitality-bowls-100-crescent-plaza/DLv-Pfr9RMSe-xunbmUHDA,lafayette-california
https://www.ubereats.com/san-francisco/food-delivery/la-morenita-restaurant/AuFY4xsmTmSD6C2vq7t67w,lafayette-california
https://www.ubereats.com/san-francisco/food-delivery/mcdonalds-lafayette/_I9bvwHmR_i74IjGagvBDw,lafayette-california
https://www.ubereats.com/san-francisco/food-delivery/the-cheese-steak-shop-concord/FEGByWpCTk2-pMrr49wqbw,lafayette-california
https://www.ubereats.com/san-francisco/food-delivery/jack-in-the-box-2295-n-main-st/vEApx7oPROOTo2qN7QcFDg,lafayette-california
https://www.ubereats.com/san-francisco/food-delivery/mod-pizza-concord/2eV_RwqfQeKsDxONlujzuA,lafayette-california
https://www.ubereats.com/san-francisco/food-delivery/taco-bell-2400-n-main-st/3c7jjHP2TgCl39BNFqBWMg,lafayette-california
https://www.ubereats.com/san-francisco/food-delivery/taco-bell-3501-mt-diablo-blvd/dLzKy9OMREyscEadQVuYGw,lafayette-california
https://www.ubereats.com/san-francisco/food-delivery/golden-corral-2050-diamond-blvd/zQt5ahl5RSSI_gDejYV2AQ,lafayette-california
https://www.ubereats.com/san-francisco/food-delivery/tjs-cafe/7bfkTumORsO4_pbRd3J2kA,lafayette-california
https://www.ubereats.com/san-francisco/food-delivery/new-york-pizza-and-pasta-pleasant-hill/B2tYil6cQOaMN3cM3OrFEQ,lafayette-california
https://www.ubereats.com/san-francisco/food-delivery/jos-honda-sushi/JpjTqi78S9qxSflxNmVuZA,lafayette-california
https://www.ubereats.com/san-francisco/food-delivery/on-fire-pizza/Zktic7dnR1KiFCDoVVjRow,lafayette-california
https://www.ubereats.com/san-francisco/food-delivery/himalayan-cuisine/ryX63viUSV-ABZ6O1DPasQ,lafayette-california
https://www.ubereats.com/san-francisco/food-delivery/pinkys-pizza/wQWjulfTSruMFf9OLJYAqA,lafayette-california
https://www.ubereats.com/san-francisco/food-delivery/los-cachanillas-taqueria/Lo2IM3mIRoOyvSTAvaMW3g,lafayette-california
https://www.ubereats.com/san-francisco/food-delivery/luna-restaurant/Uh4m81PxTYiOsneSd5pzeg,lafayette-california
https://www.ubereats.com/san-francisco/food-delivery/brass-bear-delicatessen/uCh6QCRERe2pNVM1wssbGA,lafayette-california
https://www.ubereats.com/san-francisco/food-delivery/ramen-hiroshi/T6a1OZ2eR12R_Pe15AMprA,lafayette-california
https://www.ubereats.com/san-francisco/food-delivery/maria-maria-walnut-creek/OlX-yAK8Tv6caB5WxrDxLA,lafayette-california
https://www.ubereats.com/san-francisco/food-delivery/ko-cups/4_WP7LZwSKaFvg79z4meyg,lafayette-california
https://www.ubereats.com/san-francisco/food-delivery/bualuang-thai-cuisine/K54fe40CTTe0l7BF8p2-CA,lafayette-california
https://www.ubereats.com/san-francisco/food-delivery/the-counter-1699-n-california-blvd/al_ltvdMRDOaMrjhkCAxRw,lafayette-california
https://www.ubereats.com/san-francisco/food-delivery/nations-giant-hamburgers-pleasant-hill/YK0clTihQbqBkNbTwm7qeQ,lafayette-california
https://www.ubereats.com/san-francisco/food-delivery/dynasty-bistro/-DNF8bm9QKmJhXvcssNIsw,lafayette-california
https://www.ubereats.com/san-francisco/food-delivery/panda-express-495-san-ramon-valley-blvd/ep13xScDRnOSPMe3i8BVdQ,lafayette-california
https://www.ubereats.com/san-francisco/food-delivery/nations-giant-hamburgers-orinda/D9bkPmu7Q8257jRE71pzlA,lafayette-california
https://www.ubereats.com/san-francisco/food-delivery/the-mediterranean/jHfJ9zGKSG6sZRGwR9h1TA,lafayette-california
https://www.ubereats.com/san-francisco/food-delivery/boudin-walnut-creek/lGFt9hlGSs-6Xgs4jpK7XQ,lafayette-california
https://www.ubereats.com/san-francisco/food-delivery/sunshine-cafe/DNMIGfNyQkCqDxcLO59q1A,lafayette-california
https://www.ubereats.com/san-francisco/food-delivery/emc-seafood-%26-raw-bar-concord/sycbhP8FToCfvw-pFlBaMg,lafayette-california
https://www.ubereats.com/san-francisco/food-delivery/subway-1556-newell-ave/rAt8wP2XRLCqtCXujvXG3g,lafayette-california
https://www.ubereats.com/san-francisco/food-delivery/lazy-dog-restaurant-%26-bar-concord/hNrg0HSNRXaL7a6jB9byBQ,lafayette-california
https://www.ubereats.com/san-francisco/food-delivery/creek-house-dim-sum-restaurant/zEi8v-ROQlSeQ_KMzJDMYA,lafayette-california
https://www.ubereats.com/san-francisco/food-delivery/california-fish-grill-walnut-creek/rNunRrZxRGGZcnqNbpZedg,lafayette-california
https://www.ubereats.com/san-francisco/food-delivery/chipotle-mexican-grill-60-crescent-dr-ste-g/mXP9qPkbTLunDqc9kRz1Mw,lafayette-california
https://www.ubereats.com/san-francisco/food-delivery/oyama-sushi-3651-mt-diablo-blvd/ipgHrEtST4y6FA5v6bU9LQ,lafayette-california
https://www.ubereats.com/san-francisco/food-delivery/fudo-t4/BPXC4bY7Rgyb5nKIUUNCqg,lafayette-california
https://www.ubereats.com/san-francisco/food-delivery/ikes-love-and-sandwiches-concord/r8MZA5t7TkSkgKFIBeoUEw,lafayette-california
https://www.ubereats.com/san-francisco/food-delivery/ramen-101-concord/Qj_qhwe_STmiklA_pzhLdQ,lafayette-california
https://www.ubereats.com/san-francisco/food-delivery/dairy-queen-treat-4463-clayton-rd/DZbeCfJORFyQ0_9Y93n4rw,lafayette-california
https://www.ubereats.com/san-francisco/food-delivery/krispy-kreme-diamond-blvd-%26-willow-pass-rd/6u4irSB7QC2dFi54dRzwMw,lafayette-california
https://www.ubereats.com/san-francisco/food-delivery/taqueria-mariscos/qs-GLZ9vSNe6d_a68X7Q2Q,lafayette-california
https://www.ubereats.com/san-francisco/food-delivery/hot-dog-palace/QSSq3qcvTMa9ZxY5cBPyuQ,lafayette-california
https://www.ubereats.com/san-francisco/food-delivery/round-table-pizza-3637-mt-diablo-blvd/aC-xmFCpRVuxlX5d1N6dPQ,lafayette-california
https://www.ubereats.com/san-francisco/food-delivery/fresh-box/1TJs-eAQTXePRM9fuNmH2g,lafayette-california
https://www.ubereats.com/san-francisco/food-delivery/pizza-my-way/V00kG3kxR7i0g8pCuLHISw,lafayette-california
https://www.ubereats.com/san-francisco/food-delivery/cream-walnut-creek/Lgf27vOeRWGxtspupQYJNw,lafayette-california
https://www.ubereats.com/san-francisco/food-delivery/philz-coffee-1103-s-california-blvd/_Qs-VqElRH6Q3Ga9Lnl2sg,lafayette-california
https://www.ubereats.com/san-francisco/food-delivery/papa-murphys-1577a-palos-verdes-mall/gI-N1qNiRFmsB-LVpkKZig,lafayette-california
https://www.ubereats.com/san-francisco/food-delivery/ok-cafe/d4-n0Dw5QTiwoluV-I7YhQ,lafayette-california
https://www.ubereats.com/san-francisco/food-delivery/noodles-%26-company-1110-concord-ave-ste-e/qsFPF5OLSfOmyrIV3xMiBQ,lafayette-california
https://www.ubereats.com/san-francisco/food-delivery/mingles-pizza/3vlIO_tjTfetcV-tee5WMg,lafayette-california
https://www.ubereats.com/san-francisco/food-delivery/twisted-times-restaurant-sports-%26-spirits/2TyGoFmiQH-VWFNdMPPGJQ,lafayette-california
https://www.ubereats.com/san-francisco/food-delivery/chipotle-mexican-grill-1158-locust-st-%23-d-2a/4EmvyeSmTwS3XMDe_E_5vw,lafayette-california
https://www.ubereats.com/san-francisco/food-delivery/taco-bell-2475-olivera-rd/jqp9OuGPSdC5foFghdcFRg,lafayette-california
https://www.ubereats.com/san-francisco/food-delivery/mr-pickles-sandwich-shop-concord/SmIEnazpTheg8DUzWBKVQg,lafayette-california
https://www.ubereats.com/san-francisco/food-delivery/nations-giant-hamburgers-moraga/OIRisFU2RvyR294MovBVcA,lafayette-california
https://www.ubereats.com/san-francisco/food-delivery/poke-go/9UsTBA8jTDaRlhM8tCIddA,lafayette-california
https://www.ubereats.com/san-francisco/food-delivery/capullo-cocina-mexicana/A45exHWnQl21_bgubI8F_g,lafayette-california
https://www.ubereats.com/san-francisco/food-delivery/slice-house-walnut-creek/u9uS4Y-pRTWARVRtoEd4-A,lafayette-california
https://www.ubereats.com/san-francisco/food-delivery/swad-indian-cuisine/_nw6zkt7T8Sf0STNM-a3ZQ,lafayette-california
https://www.ubereats.com/san-francisco/food-delivery/los-pinos-mexican-food/Exizw1_fR3C-I38nb52CeQ,lafayette-california
https://www.ubereats.com/san-francisco/food-delivery/jacks-restaurant-pleasant-hill/z4HAj-KUQWmyz1H8jqGSQg,lafayette-california
https://www.ubereats.com/san-francisco/food-delivery/taqueria-y-carniceria-martinez/bKgVyJMJTDeXxCFXTW-DsQ,lafayette-california
https://www.ubereats.com/san-francisco/food-delivery/360-gourmet-burritos/d8fqtwGhQh6lQ1-YDbAVpg,lafayette-california
https://www.ubereats.com/san-francisco/food-delivery/roccos-ristorante-pizzeria/b_QGawruSb-B-gEKREqG1g,lafayette-california
https://www.ubereats.com/san-francisco/food-delivery/i-love-teriyaki-and-sushi/iLlCBoc4TuGLvBVInGABpA,lafayette-california
https://www.ubereats.com/san-francisco/food-delivery/mangia-ristorante-pizzeria/V-hBMFHDSqupc3xDgcK2qQ,lafayette-california
https://www.ubereats.com/san-francisco/food-delivery/the-original-mels-1394-n-main-st-walnut-creek/StuZ_T-CR3CxBkOejmbgCw,lafayette-california
https://www.ubereats.com/san-francisco/food-delivery/starbucks-contra-costa-%26-gregory/rLPHdNkwQeWvBUSbYQ7RtQ,lafayette-california
https://www.ubereats.com/san-francisco/food-delivery/lichatea/fjuajiSjS1-zLdqOxXoV-g,lafayette-california
https://www.ubereats.com/san-francisco/food-delivery/vons-chicken-concord/-wxvEQL5TQqSOCqOj-6uZw,lafayette-california
https://www.ubereats.com/san-francisco/food-delivery/agave-grill/fxzbTORNSXGnRi_lIx3-xQ,lafayette-california
https://www.ubereats.com/san-francisco/food-delivery/el-tapatio-restaurant-%26-cantina/jlN6SG_gSlaMS4Y-7JBtww,lafayette-california
https://www.ubereats.com/san-francisco/food-delivery/ihop-1190-arnold-dr/SLZN9aPlSF2fF_G--9h6_w,lafayette-california
https://www.ubereats.com/san-francisco/food-delivery/cinnaholic-concord/YPMTC1XVSKeps1wHJgcIDg,lafayette-california
https://www.ubereats.com/san-francisco/food-delivery/lucilles-smokehouse-bar-b-que-concord/_Hdnb5N4SuWq52Lo3Q7Ltg,lafayette-california
https://www.ubereats.com/san-francisco/food-delivery/magoos-grill/mq3ixe07RKigdkzlEKqXtA,lafayette-california
https://www.ubereats.com/san-francisco/food-delivery/dulces-antojitos/54QMT835T-mploOAQ_M7MA,lafayette-california
https://www.ubereats.com/san-francisco/food-delivery/rubios-2390-monument-blvd/Hk7bE3-nQyK9s5_VM6tu7A,lafayette-california
https://www.ubereats.com/san-francisco/food-delivery/san-francisco-creamery-co/fDdssGtlQ5Wv0K0u7rezAg,lafayette-california
https://www.ubereats.com/san-francisco/food-delivery/subway-1514-geary-rd/ZiMg1X0aTTOX4WmEhyoE7g,lafayette-california
https://www.ubereats.com/san-francisco/food-delivery/amicis-east-coast-pizzeria-danville/ij_MLpTKTx-vMl2-MKoRGQ,lafayette-california
https://www.ubereats.com/san-francisco/food-delivery/taqueria-limon-2/OxOctZ2ZTEino58AJHI_zA,lafayette-california
https://www.ubereats.com/san-francisco/food-delivery/coffee-shop-lafayette/QyNoEoL8TySNc9VY6_j0RQ,lafayette-california
https://www.ubereats.com/san-francisco/food-delivery/saigon-bistro/EWV6q8kpRbmb7QgoWg9qUA,lafayette-california
https://www.ubereats.com/san-francisco/food-delivery/lulus-kitchen/4mMYO9-BRquv28ShwhkKVw,lafayette-california
https://www.ubereats.com/san-francisco/food-delivery/pacific-catch-walnut-creek/Td7ZWYSxRjWg4EX8Sm71Ag,lafayette-california
https://www.ubereats.com/san-francisco/food-delivery/wayback-burgers-4375-clayton-rd/vyQZTiq1TvmA_Xj-jgDkiA,lafayette-california
https://www.ubereats.com/san-francisco/food-delivery/swagat-indian-cuisine-concord/WswjMMdASFyez4QKobPuCg,lafayette-california
https://www.ubereats.com/san-francisco/food-delivery/agave/6l_tuvfnTFGm2gSigiR9Sw,lafayette-california
https://www.ubereats.com/san-francisco/food-delivery/cheese-steak-shop-walnut-creek/8HtUrD3mS06-6IdrmU1CIg,lafayette-california
https://www.ubereats.com/san-francisco/food-delivery/china-chef/jDd6wfMQRxmT3PQTjK8g0A,lafayette-california
https://www.ubereats.com/san-francisco/food-delivery/mr-pickles-sandwich-shop-concord/MHGV08YgQlm_Z6q_AT87hA,lafayette-california
https://www.ubereats.com/san-francisco/food-delivery/taqueria-la-plaza/sgSxjQv9Qg-5ilLsGrAjiQ,lafayette-california
https://www.ubereats.com/san-francisco/food-delivery/chicks-and-love/hZR59ohGQ3SDxzud8_BmOg,lafayette-california
https://www.ubereats.com/san-francisco/food-delivery/damo-sushi/9vn4ib55QVqIjxokwR5rQw,lafayette-california
https://www.ubereats.com/san-francisco/food-delivery/chipotle-mexican-grill-33-railroad-ave/Y-Ut12f9S6uOVfivalDckg,lafayette-california
https://www.ubereats.com/san-francisco/food-delivery/vanessas-bistro-2/YuyXWW0NQ4-i5FHQl_VCRg,lafayette-california
https://www.ubereats.com/san-francisco/food-delivery/new-delhi-bistro/1YpeZ6wWS0S40ckcEUJ11w,lafayette-california
https://www.ubereats.com/san-francisco/food-delivery/p-za-pie/LKIwLvKXTKyU27_c-fPk3Q,lafayette-california
https://www.ubereats.com/san-francisco/food-delivery/california-pizza-kitchen-1325-s-main-st/KZwS-fAfRLCDRaIKJnifsg,lafayette-california
https://www.ubereats.com/san-francisco/food-delivery/red-boy-pizza/NsZCvUXpQuWPMvgMgQMMgg,lafayette-california
https://www.ubereats.com/san-francisco/food-delivery/jack-in-the-box-3407-mt-diablo-blvd/mumYlSDuSZWC2p0C2f1h7A,lafayette-california
https://www.ubereats.com/san-francisco/food-delivery/pomegranate/T4LfDscaSoyKj6IdPE1bmg,lafayette-california
https://www.ubereats.com/san-francisco/food-delivery/skipolinis-pizza-walnut-creek/MUtiw2r5SL2ud4hNVMKlYQ,lafayette-california
https://www.ubereats.com/san-francisco/food-delivery/taco-bell-3535-35th-avenue/J8yXXj1BQUaoPe_czUUktA,lafayette-california
https://www.ubereats.com/san-francisco/food-delivery/bourbon-highway/y4e6UvlIQvqpPs8nlWyC2w,lafayette-california
https://www.ubereats.com/san-francisco/food-delivery/lois-the-pie-queen/-AuSKJtLQs-xex2LehpAyA,lafayette-california
https://www.ubereats.com/san-francisco/food-delivery/sargam-indian-cuisine/8tC35CTESI2nUQfxdJZ0Sw,lafayette-california
https://www.ubereats.com/san-francisco/food-delivery/pizza-oliva/uQTwrqGnRY-dyhZpaAu9IA,lafayette-california
https://www.ubereats.com/san-francisco/food-delivery/american-kitchen-lafayette/3L87pa7cQv2wL_w0t5g3Rg,lafayette-california
https://www.ubereats.com/san-francisco/food-delivery/oriental-food-market/0qyma-5cRFu1jKOq4mFzXw,lafayette-california
https://www.ubereats.com/san-francisco/food-delivery/coffee-shop-walnut-creek/AgtjH0z2QZKr_jImhzbb_w,lafayette-california
https://www.ubereats.com/san-francisco/food-delivery/sushi-island/Z3acgQsLRZWGkSzZE8IYLw,lafayette-california
https://www.ubereats.com/san-francisco/food-delivery/starbucks-park-%26-shop/ByoEqQR1TXyexOKXkLLVVA,lafayette-california
https://www.ubereats.com/san-francisco/food-delivery/pho-saigon-city-pleasant-hill/jD8vUAtxT0e7ArlZ5lXBoA,lafayette-california
https://www.ubereats.com/san-francisco/food-delivery/zenith-pizza-n-wings/elGaFPX2Tky5Mh2112LzuQ,lafayette-california
https://www.ubereats.com/san-francisco/food-delivery/ruths-chris-steak-house-1553-olympic-blvd-bldg-e/6hioljozToiMhumR4rSGAQ,lafayette-california
https://www.ubereats.com/san-francisco/food-delivery/baan-thai-restaurant/44NNHDR_Sii-u54joUuAvg,lafayette-california
https://www.ubereats.com/san-francisco/food-delivery/jr-international/pq2zk7EMTseRFdWoCUa03Q,lafayette-california
https://www.ubereats.com/san-francisco/food-delivery/opa!-authentic-greek-cuisine-walnut-creek/bc7AOT5QQLiPbuvYauP6Cw,lafayette-california
https://www.ubereats.com/san-francisco/food-delivery/lido-bar-%26-grill/KcUbGH28Sk-0x86WW9qYEg,lafayette-california
https://www.ubereats.com/san-francisco/food-delivery/chalogy-tea-bar/masfLjKdRmCVk7FAkNuAtw,lafayette-california
https://www.ubereats.com/san-francisco/food-delivery/barranco-cocina-peruana/zdb2hS2jStSwlsNANPtPxg,lafayette-california
https://www.ubereats.com/san-francisco/food-delivery/new-deli-cafe/pH65xkg6TqSCXMn051Zz2w,lafayette-california
https://www.ubereats.com/san-francisco/food-delivery/the-lettuce-inn/q6Da8uBaRhmagkY6-8AY8w,lafayette-california
https://www.ubereats.com/san-francisco/food-delivery/heritage-eats-walnut-creek/J-ebSSNcQ06DAHBxVvXaQA,lafayette-california
https://www.ubereats.com/san-francisco/food-delivery/djs-bistro/Q3xXyiHlQ-O0aHGFaWtRYA,lafayette-california
https://www.ubereats.com/san-francisco/food-delivery/dragons-spring-restaurant/dIO9uZinTfuKgUwsX6Itkw,lafayette-california
https://www.ubereats.com/san-francisco/food-delivery/el-pollo-loco-1551-monument-blvd3837/Sgz3Ik81TeaDYn-iojep-w,lafayette-california
https://www.ubereats.com/san-francisco/food-delivery/pho-lee-hoa-phat-1/Mht_e8s1RJuxUpVmHw5OvA,lafayette-california
https://www.ubereats.com/san-francisco/food-delivery/chipotle-mexican-grill-3518-mt-diablo-blvd-ste-f/K5PdG5PpQUWd1oPUEZPKgQ,lafayette-california
https://www.ubereats.com/san-francisco/food-delivery/crogans/TR7gAqtSS7Kcta58Q2O03w,lafayette-california
https://www.ubereats.com/san-francisco/food-delivery/reems-steaks/VVjjS5PcTIy2Jh6icE5IAQ,lafayette-california
https://www.ubereats.com/san-francisco/food-delivery/pearl-garden-chinese-restaurant/pidnKX-wTwS0JoOFuuYd6g,lafayette-california
https://www.ubereats.com/san-francisco/food-delivery/southside-station/QWmsWbBNQ9qYeGzntp8_-A,lafayette-california
https://www.ubereats.com/san-francisco/food-delivery/papa-johns-pizza-newell-walnut-creek/ssziNhCARMawHYJyvHrcFg,lafayette-california
https://www.ubereats.com/san-francisco/food-delivery/oyama-sushi-1521-n-main-st/E6CQ30_4Q7Wm9iN5PZoq6g,lafayette-california
https://www.ubereats.com/san-francisco/food-delivery/panda-express-2280-oak-grove-rd/sWEX2rAtROmTHwc3uTnvdQ,lafayette-california
https://www.ubereats.com/san-francisco/food-delivery/pieology-pizzeria-2380-monument-blvd/BWQataQJRMSTfVXW9eACBg,lafayette-california
https://www.ubereats.com/san-francisco/food-delivery/burma-unique/zWje-y0KSsyeQRc23N5nhA,lafayette-california
https://www.ubereats.com/san-francisco/food-delivery/poke-bar/dUBdi3KTQIK02Q7XcD7KSw,lafayette-california
https://www.ubereats.com/san-francisco/food-delivery/havana/0GFY1gUwRmaE9f78Wf0mDA,lafayette-california
https://www.ubereats.com/san-francisco/food-delivery/skyline-pizza/0GuVRO0OTPi_rYatWS9EAA,lafayette-california
https://www.ubereats.com/san-francisco/food-delivery/papa-johns-pizza-clayton-rd/Z957H0OyTiGU12zvTEenEQ,lafayette-california
https://www.ubereats.com/san-francisco/food-delivery/mr-pickles-sandwich-shop-walnut-creek/75nhAmKgQRKsDKlQuRkI5A,lafayette-california
https://www.ubereats.com/san-francisco/food-delivery/pattys-%26-buns-burgers/o_o8MsJtT9e3t6VoeRxHNg,lafayette-california
https://www.ubereats.com/san-francisco/food-delivery/the-ice-cream-shop/NYesjgeIRnuEHEVfatozaA,lafayette-california
https://www.ubereats.com/san-francisco/food-delivery/yans-china-bistro-and-bar/4g_MRwLmRl6UpUqMXUDmKg,lafayette-california
https://www.ubereats.com/san-francisco/food-delivery/ha-la-sushi/xTKACrDaS3qKgA7mSakP5g,lafayette-california
https://www.ubereats.com/san-francisco/food-delivery/mountain-mikes-pizza-504-center-st/7dHWccpcQbWwtfxyry-rwQ,lafayette-california
https://www.ubereats.com/san-francisco/food-delivery/baja-cali-taqueria-%26-grill/35tEau9tTNSQD0U0rboAwA,lafayette-california
https://www.ubereats.com/san-francisco/food-delivery/shelbys/SGkOZgcwRwGg-AGJiYEpZg,lafayette-california
https://www.ubereats.com/san-francisco/food-delivery/stadium-pub/ydSl5akiTZOJd_MhHAcflw,lafayette-california
https://www.ubereats.com/san-francisco/food-delivery/yalla-mediterranean-walnut-creek/4oydNdoXTpeW6BHP2dxTug,lafayette-california
https://www.ubereats.com/san-francisco/food-delivery/wingz-n-thingz/LYb7XmZ9QLuEUvrtmFOHxg,lafayette-california
https://www.ubereats.com/san-francisco/food-delivery/parada/RHrpOm1rSQOCSnESaPMTow,lafayette-california
https://www.ubereats.com/san-francisco/food-delivery/burgerim-2380-monument-blvd-suite-c-2/p8keNjztQQW9lRbiaZNmrA,lafayette-california
https://www.ubereats.com/san-francisco/food-delivery/el-pollo-loco-4401-clayton-rd3481/DPxvQ0MhRSuWmHLw6HNJog,lafayette-california
https://www.ubereats.com/san-francisco/food-delivery/the-habit-burger-grill-1504-geary-road/1OlgbOm-RdWw9bAC5zEqLw,lafayette-california
https://www.ubereats.com/san-francisco/food-delivery/tower-grille/52KbYBuFQzCe-zQ6DNxSRQ,lafayette-california
https://www.ubereats.com/san-francisco/food-delivery/monas-bar-%26-grill-clayton-rd/ozEm-p_ETMGEio3Vj2rt3g,lafayette-california
https://www.ubereats.com/san-francisco/food-delivery/gen-korean-bbq-house-concord/as-XomyZRnyIgJYelROMfQ,lafayette-california
https://www.ubereats.com/san-francisco/food-delivery/babalous-mediterranean/asEkupgsSbmHQHacEGlr4Q,lafayette-california
https://www.ubereats.com/san-francisco/food-delivery/lotus-thai-restaurant/c8wiSSYFRhO1bPtc5PesHg,lafayette-california
https://www.ubereats.com/san-francisco/food-delivery/burger-loft/cd_p8Vj_SoGAsvSJUP9fPA,lafayette-california
https://www.ubereats.com/san-francisco/food-delivery/mcdonalds-arnold-dr/OeVhnSnJTzm3jk8Bvt0GJg,lafayette-california
https://www.ubereats.com/san-francisco/food-delivery/starbucks-hwy-4-%26-center-ave/yC5xmStlSHKi-yrMaMjsww,lafayette-california
https://www.ubereats.com/san-francisco/food-delivery/roam-artisan-burgers-lafayette/-jvNh7aHQjGiUN6-D8eMOQ,lafayette-california
https://www.ubereats.com/san-francisco/food-delivery/cream-concord/a0XadhiDRBeF3Tm9hIWEEA,lafayette-california
https://www.ubereats.com/san-francisco/food-delivery/burger-lounge-walnut-creek/4UPYqasETBOpazF2Vyzj-w,lafayette-california
https://www.ubereats.com/san-francisco/food-delivery/the-original-mels-4391-treat-blvd-concord/kdgE3g40RwCJTfbvEkjglg,lafayette-california
https://www.ubereats.com/san-francisco/food-delivery/skipolinis-pizza-concord/Ys-pw2XIQW2I9d6Jr2urQA,lafayette-california
https://www.ubereats.com/san-francisco/food-delivery/the-habit-burger-grill-1255-s-california-bl/8WBkFpiDQsq8yFQ1rCO7yw,lafayette-california
https://www.ubereats.com/san-francisco/food-delivery/oishi-sushi-%26-grill/2Le8Fc_gTPa45bRWTZLGVA,lafayette-california
https://www.ubereats.com/san-francisco/food-delivery/crepes-a-go-go/cxhCxygHR66acmKzM1GCOg,lafayette-california
https://www.ubereats.com/san-francisco/food-delivery/subway-3322-mt-diablo-blvd-ste-b/-lH5GQULQrqxpVjHtcTDcA,lafayette-california
https://www.ubereats.com/san-francisco/food-delivery/la-estrella-food-truck/1S1RJ9zXQC23uwBxwtXR3A,lafayette-california
https://www.ubereats.com/san-francisco/food-delivery/fuego-tequila-grill/nwRAmFVwQimv7SDCfFBWtQ,lafayette-california
https://www.ubereats.com/san-francisco/food-delivery/dragons-pond/POBY04RqShCcNIb8eW3Stw,lafayette-california
https://www.ubereats.com/san-francisco/food-delivery/naan-n-curry/E8h7cTEUQm-oZTp7NaPeRQ,lafayette-california
https://www.ubereats.com/san-francisco/food-delivery/sams-kebab-%26-gyros/x-xx9KHZRSKHnIgsBXhvUw,lafayette-california
https://www.ubereats.com/san-francisco/food-delivery/broderick-walnut-creek/S8U6it7aQ_2ZqauIhKhLLw,lafayette-california
https://www.ubereats.com/san-francisco/food-delivery/dos-coyotes-border-cafe-concord/MTangRX6QrGQxsJ4VcMpkw,lafayette-california
https://www.ubereats.com/san-francisco/food-delivery/smitten-ice-cream-rockridge/CU6q9wN0Qb2kX9Zkyuf_lg,lafayette-california
https://www.ubereats.com/san-francisco/food-delivery/starbucks-main-%26-treat/TbtEsVTqQV2Idpt_0N-7VQ,lafayette-california
https://www.ubereats.com/san-francisco/food-delivery/tacos-walnut-creek/iv26qsaXTLmNJ3xn3A-MWg,lafayette-california
https://www.ubereats.com/san-francisco/food-delivery/chipotle-mexican-grill-552-contra-costa-blvd-ste-110/wdryHba9SpeWCY-BjGcS0A,lafayette-california
https://www.ubereats.com/san-francisco/food-delivery/chicken-pie-shop-walnut-creek/Yz6ILe-5TEelG7YkycZb4g,lafayette-california
https://www.ubereats.com/san-francisco/food-delivery/uncle-willies-wings-%26-things-danville/7hsrqL9tRBm1tQEFwNtYag,lafayette-california
https://www.ubereats.com/san-francisco/food-delivery/yalla-mediterranean-catering-55-crescent-dr/1FbJr_emRGORbn9YmmbGcw,lafayette-california
https://www.ubereats.com/san-francisco/food-delivery/expectasian/Mgyfm1jNT5qPB9i9IzTG5Q,lafayette-california
https://www.ubereats.com/san-francisco/food-delivery/starbucks-orinda-theatre-square/6ZisbL83Qk-5KoP0v2LTiQ,lafayette-california
https://www.ubereats.com/san-francisco/food-delivery/papa-murphys-1155-arnold-drive-suite-b/ZFYBuTQJRJ-nD7VrqU9Ieg,lafayette-california
https://www.ubereats.com/san-francisco/food-delivery/oke-poke/bWjujmroQZGrfdyVyG2dNQ,lafayette-california
https://www.ubereats.com/san-francisco/food-delivery/five-guys-ca-1791-190-alamo-plaza/SV_0N1-KRuCye9n0EO4CAw,lafayette-california
https://www.ubereats.com/san-francisco/food-delivery/pizza-my-heart-walnut-creek/AY3Y0rCsRQCzFFe1WnXeOg,lafayette-california
https://www.ubereats.com/san-francisco/food-delivery/batch-%26-brine/Gr6MjMrwR3mF2GVyDFgNOw,lafayette-california
https://www.ubereats.com/san-francisco/food-delivery/ikes-love-%26-sandwiches-walnut-creek/fbApYH6zTHysgMHE4zYA7g,lafayette-california
https://www.ubereats.com/san-francisco/food-delivery/alamo-palace-chinese-restaurant/b0BMxmzOR9Sno-pnddJGuw,lafayette-california
https://www.ubereats.com/san-francisco/food-delivery/mixed-grain/DzrXuW2IS1KWT6yO7yYpQA,lafayette-california
https://www.ubereats.com/san-francisco/food-delivery/black-bear-diner-700-bancroft-road/mXcbztMMSQaMDO39UyQVwA,lafayette-california
https://www.ubereats.com/san-francisco/food-delivery/next-level-burger-concord/T7STH-OTShauFKntOKU2zQ,lafayette-california
https://www.ubereats.com/san-francisco/food-delivery/subway-1441-locust-st/8J8kCxnkTJaCwXIsSdTh-Q,lafayette-california
https://www.ubereats.com/san-francisco/food-delivery/manakish-oven-%26-grill/Is06Ko5uQjef47dULVV_zA,lafayette-california
https://www.ubereats.com/san-francisco/food-delivery/limon-rotisserie-walnut-creek/AHznIUHvRdqEL_iPRx9WGw,lafayette-california
https://www.ubereats.com/san-francisco/food-delivery/yogurtland-2390-monument-blvd/sH9hE9NgQcCN2UqiIg8pcw,lafayette-california
https://www.ubereats.com/san-francisco/food-delivery/new-delhi-bistro/x-OxUB1xRrO1qYrB7ffa3Q,lafayette-california
https://www.ubereats.com/san-francisco/food-delivery/amarin-thai-cuisine-lafayette/OmXHmximQsmF-BsOP1Ja-w,lafayette-california
https://www.ubereats.com/san-francisco/food-delivery/honda-sushi/t3-D5O3kQHqNffUN5cxFFw,lafayette-california
https://www.ubereats.com/san-francisco/food-delivery/juns-island-fusion/DcmISI2iQSKvIv5IBYHY9Q,lafayette-california
https://www.ubereats.com/san-francisco/food-delivery/hyderabad-biryani-house/nB4axNZSQW-v7U7G8DfGmA,lafayette-california
https://www.ubereats.com/san-francisco/food-delivery/panda-express-1041-arnold-drive/7-NZAOl-QXiumdd_z3QgoQ,lafayette-california
https://www.ubereats.com/san-francisco/food-delivery/panda-express-3608-mt-diablo-blvd/Knnfjh4wTLumADv6jXs3jQ,lafayette-california
https://www.ubereats.com/san-francisco/food-delivery/veggie-grill-walnut-creek/GIaG9mKfTaK615blFmYpGQ,lafayette-california
https://www.ubereats.com/san-francisco/food-delivery/starbucks-downtown-lafayette-oak-hill/d0fqMc9LSn6liPp89y8sJQ,lafayette-california
https://www.ubereats.com/san-francisco/food-delivery/starbucks-n-california-%26-cole-ave/UnozSAK7RaOKhCDG2HtxJQ,lafayette-california
https://www.ubereats.com/san-francisco/food-delivery/xenia-bistro/IjN61SD6TsmupJJ_TEDnQg,lafayette-california
https://www.ubereats.com/san-francisco/food-delivery/benihana-1989-diamond-blvd/EKP7IuE2QDCN7-6XLeLqLA,lafayette-california
https://www.ubereats.com/san-francisco/food-delivery/gotta-eatta-pita-pleasant-hill/wq1FEpP2TXyIBksMzvbIcA,lafayette-california
https://www.ubereats.com/san-francisco/food-delivery/cafe-teatro/6eZH-BcTQoKWeg7HXlEWqg,lafayette-california
https://www.ubereats.com/san-francisco/food-delivery/jack-in-the-box-414-1817-contra-costa-blvd/fpm0C0quQdWK533tfXVUCw,lafayette-california
https://www.ubereats.com/san-francisco/food-delivery/bombay-indian/e3pAf-l_TVCrY8IW5Vin4w,lafayette-california
https://www.ubereats.com/san-francisco/food-delivery/taco-bell-1700-contra-costa-blvd/KytpjO5YTV-wmmnDilHU9w,lafayette-california
https://www.ubereats.com/san-francisco/food-delivery/haya-ramen/VnXRA4E5S2izjTXOXcBiXw,lafayette-california
https://www.ubereats.com/san-francisco/food-delivery/luna-loca/hBpjnaBxSz-MZUMy-t7FaQ,lafayette-california
https://www.ubereats.com/san-francisco/food-delivery/yalla-mediterranean-55-crescent-dr/up0fXoO8Q-y4Mw3Kj5zsAA,lafayette-california
https://www.ubereats.com/san-francisco/food-delivery/chipotle-mexican-grill-2002-salvio-st-ste-a/NEzdBjqiQiihTj5BDVlGeg,lafayette-california
https://www.ubereats.com/san-francisco/food-delivery/mr-pickles-sandwich-shop-martinez/uIOzq0vNR6uoyCCNGEw9OA,lafayette-california
https://www.ubereats.com/san-francisco/food-delivery/vitality-bowls-3454-mt-diablo-blvd/vNSGaxLzSGGmtaZGJxzcIw,lafayette-california
https://www.ubereats.com/san-francisco/food-delivery/silk-road-mediterranean-cuisine/XRzleUi4RoO-6hkNT7t20w,lafayette-california
https://www.ubereats.com/san-francisco/food-delivery/guacamole-authentic-mexican-grill/-nwezO6zTUSdHXW_ubcMTw,lafayette-california
https://www.ubereats.com/san-francisco/food-delivery/lucky-star-chinese/ZrfkfykBSVmmpQLslbPZnA,lafayette-california
https://www.ubereats.com/san-francisco/food-delivery/extreme-pizza-walnut-creek/mUEzSffKQBCka5DR20hGJw,lafayette-california
https://www.ubereats.com/san-francisco/food-delivery/dunkin-1250-newell-ave-suite-k/6C4SrVbuQI-1VQwG-ssmwQ,lafayette-california
https://www.ubereats.com/san-francisco/food-delivery/pressed-juicery-walnut-creek/fO9IUnCARIOcCDy1yjwdtQ,lafayette-california
https://www.ubereats.com/san-francisco/food-delivery/the-old-spaghetti-factory-concord/sGD3eSOiT7uFUwle0it8SQ,lafayette-california
https://www.ubereats.com/san-francisco/food-delivery/nama-sushi/WZCgP-ZWTpSLKkPQdddD3A,lafayette-california
https://www.ubereats.com/san-francisco/food-delivery/dunkin-4383-clayton-rd-suite-10/L-ZX9PoOTHGBsaP13Q4NAQ,lafayette-california
https://www.ubereats.com/san-francisco/food-delivery/milk-tea-lab/3HwbO2sgSUucdCZUw8FaPA,lafayette-california
https://www.ubereats.com/san-francisco/food-delivery/mountain-mikes-pizza-1817-ygnacio-valley-rd/ctS9r8bmQ6i1F1SiEJKCeA,lafayette-california
https://www.ubereats.com/san-francisco/food-delivery/burgerim-1980-tice-valley-blvd-ste-a/9lFXEJsrQiO-SK2Z6X0VTw,lafayette-california
https://www.ubereats.com/san-francisco/food-delivery/pf-changs-1205-broadway-plaza/GwkLf516Q0C3awHZBymHCg,lafayette-california
https://www.ubereats.com/san-francisco/food-delivery/wendys-2955-north-main-st/v-mgWcTCRDao-vO4klDJNg,lafayette-california
https://www.ubereats.com/san-francisco/food-delivery/pizza-guys-walnut-creek/C0kSSInxRpWC1BDa8SU1GQ,lafayette-california
https://www.ubereats.com/san-francisco/food-delivery/asia-express-chinese-food/01M6A8S-QdmmxxCDrChNgQ,lafayette-california
https://www.ubereats.com/san-francisco/food-delivery/mountain-mikes-pizza-1160-arnold-drive/Ka_I0wTxRASxLGevTuWoYg,lafayette-california
https://www.ubereats.com/san-francisco/food-delivery/lacajou-bakery/STuykOzhSWm1STpKRbClPQ,lafayette-california
https://www.ubereats.com/san-francisco/food-delivery/starbucks-moraga-rd-%26-rheem/Qyft-ny0SuaLlrMzlfZaZw,lafayette-california
https://www.ubereats.com/san-francisco/food-delivery/my-thai/nP7vVlERQ4qJP3xrGCzF9Q,lafayette-california
https://www.ubereats.com/san-francisco/food-delivery/taco-bell-1698-monument-blvd/D1V1EkvXShSoHBKah-r7eg,lafayette-california
https://www.ubereats.com/san-francisco/food-delivery/taqueria-los-gallos-express-contra-costa-boulevard/pXMEhaRNSg6IdrXieC-K_g,lafayette-california
https://www.ubereats.com/san-francisco/food-delivery/nola-poboy-gumbo-kitchen/BVjQR3tpSSCUY_ZEevlf7Q,lafayette-california
https://www.ubereats.com/san-francisco/food-delivery/kfc-635-contra-costa-boulevard/uSplXq9yQmSzV88mAOi7vQ,lafayette-california
https://www.ubereats.com/san-francisco/food-delivery/cybelles-pizza-montclair/tVEL8FuMQl23fZWnLYWuIA,lafayette-california
https://www.ubereats.com/san-francisco/food-delivery/taco-bell-1130-arnold-dr/aw0Nz3Q0RTub3quqMPZx6w,lafayette-california
https://www.ubereats.com/san-francisco/food-delivery/baja-fresh-1251-s-california-blvd/3VFDOdYNTgupfZEH8X1uqQ,lafayette-california
https://www.ubereats.com/san-francisco/food-delivery/mr-green-bubble-walnut-creek/2eHp47FzRDaCbyaTI9dEiw,lafayette-california
https://www.ubereats.com/san-francisco/food-delivery/vitality-bowls-1528-locust-st/mPK8xssOTlGZI_by3su5ew,lafayette-california
https://www.ubereats.com/san-francisco/food-delivery/lavash-mediterranean/jRPIiHfATxKI8r8-DHgbVg,lafayette-california
https://www.ubereats.com/san-francisco/food-delivery/burger-king-1799-north-broadway/5PtpI3P2THGaD6Q8oPuKMg,lafayette-california
https://www.ubereats.com/san-francisco/food-delivery/kfc-2160-monument-boulevard/d4bAtb45QGGDFJtxEPeSRg,lafayette-california
https://www.ubereats.com/san-francisco/food-delivery/high-tech-burrito-alamo/1PlcJaEkTPKcLe-MvhauNw,lafayette-california
https://www.ubereats.com/san-francisco/food-delivery/forli-restaurant/VATiAPmkSmGhYFhvM2UVUw,lafayette-california
https://www.ubereats.com/san-francisco/food-delivery/patxis-pizza-lafayette/UbfafvdYQBKLmAckMfycFA,lafayette-california
https://www.ubereats.com/san-francisco/food-delivery/mcdonalds-pleasant-hill/YjIJzHf7TDaF3LeJx44-QQ,lafayette-california
https://www.ubereats.com/san-francisco/food-delivery/sabores-del-sur/EjwPhcMXRbinYGSmLIlsfQ,lafayette-california
https://www.ubereats.com/san-francisco/food-delivery/panda-express-2380-monument-blvd/vrVmljCdTQi9TSEzBQ_oiw,lafayette-california
https://www.ubereats.com/san-francisco/food-delivery/taqueria-el-molino/pHpbgY-eSGyDHqPfhFu5XQ,lafayette-california
https://www.ubereats.com/san-francisco/food-delivery/blaze-pizza-1110-concord-ave/cPyRtM5vQV2ZJAuot7uyHA,lafayette-california
https://www.ubereats.com/san-francisco/food-delivery/sorrento-italian-restaurant-%26-pizza/EUGSbZ-QRUKvwqk1jPEBmQ,lafayette-california
https://www.ubereats.com/san-francisco/food-delivery/modern-china-cafe/kUgzYyZZQCy0iNWGHdpiOQ,lafayette-california
https://www.ubereats.com/san-francisco/food-delivery/boston-market-2180-contra-costa-blvd/OPpbZMHGQDOnowMccK33kw,lafayette-california
https://www.ubereats.com/san-francisco/food-delivery/mountain-mikes-pizza-30-golf-club-rd-b/6e2CWEPZR5SAoQqxJYCMrw,lafayette-california
https://www.ubereats.com/san-francisco/food-delivery/buffalo-wild-wings-2090-diamond-blvd/KadbYJ0ySmytkNn-6KzwOQ,lafayette-california
https://www.ubereats.com/san-francisco/food-delivery/starbucks-las-trampas-%26-danville-blvd/mhDpdK3PSDigWtgy8ZfJ9Q,lafayette-california
https://www.ubereats.com/san-francisco/food-delivery/main-street-kitchen/qae9ctTaRfyEqUkiUxFSYw,lafayette-california
https://www.ubereats.com/san-francisco/food-delivery/kabob-house/cy788F_-SbKeK5Ak5Uwg2w,lafayette-california
https://www.ubereats.com/san-francisco/food-delivery/nations-giant-hamburgers-concord/APGOkQgySUm2cmrQoGdI9Q,lafayette-california
https://www.ubereats.com/san-francisco/food-delivery/ultimate-grounds-et-al-coffee-%26-tea/ht3_U8AZSpq2GDoYILyVgw,lafayette-california
https://www.ubereats.com/san-francisco/food-delivery/ihop-2910-n-main-st/EQFpd2Z3Sfqtq9Wazv3KCw,lafayette-california
https://www.ubereats.com/san-francisco/food-delivery/smooth-season/Rsvab765Qdub9iY7V09rSw,lafayette-california
https://www.ubereats.com/san-francisco/food-delivery/cafe-oasis/c16ZQKwPTfCbySQWQxIaGw,lafayette-california
https://www.ubereats.com/san-francisco/food-delivery/teapot/-41EMJUuQ1KDdqhbcgvDBw,lafayette-california
https://www.ubereats.com/san-francisco/food-delivery/urban-plates-pleasant-hill/J9cgrLC0RIixIzXz5jF-1w,lafayette-california
https://www.ubereats.com/san-francisco/food-delivery/anarkali/0wCFvOq4TZuvrQi8LhspKg,lafayette-california
https://www.ubereats.com/san-francisco/food-delivery/peters-kettle-corn/KZ6Mt-vqRZml57BnDfpmaw,lafayette-california
https://www.ubereats.com/san-francisco/food-delivery/caffe-california/kR6pmF_HRxuzqle_0dHsFQ,lafayette-california
https://www.ubereats.com/san-francisco/food-delivery/54-mint-forno-italiano/dHD0y0zKSxqvaEZyVRLeSQ,lafayette-california
https://www.ubereats.com/san-francisco/food-delivery/buckhorn-grill-walnut-creek/9yY1bhzoRraEKcLefhhX4w,lafayette-california
https://www.ubereats.com/san-francisco/food-delivery/pizza-guys-concord/XjjkJWKbT6qfiySwRMr_xw,lafayette-california
https://www.ubereats.com/san-francisco/food-delivery/taco-bell-3160-d-danville-blvd/nf3Anij7QkGkS7epufZT2Q,lafayette-california
https://www.ubereats.com/san-francisco/food-delivery/vinnies-pizzeria/CCundlKMRpuQrzRApZLSxQ,lafayette-california
https://www.ubereats.com/san-francisco/food-delivery/freddie-parkers-pasta-%26-salad-shop-danville/0FMiIM63Qjqd-g8W1RTn3w,lafayette-california
https://www.ubereats.com/san-francisco/food-delivery/chopan-kabob-house-concord/L867JE6oTTORZw8xG5Cq-Q,lafayette-california
https://www.ubereats.com/san-francisco/food-delivery/jamba-juice-3518-c-mt-diablo-blvd/6Z2KjELhRb68Prm8Ks7ZQg,lafayette-california
https://www.ubereats.com/san-francisco/food-delivery/parkside-bar-%26-grill/vw-x5KvhS22TQENMfVq1cQ,lafayette-california
https://www.ubereats.com/san-francisco/food-delivery/t4-walnut-creek/dRNaZznOR8ueCJnr2LqfIw,lafayette-california
https://www.ubereats.com/san-francisco/food-delivery/himalayan-curry-house/RQSz0b5HTEGJb_N7h7YBhw,lafayette-california
https://www.ubereats.com/san-francisco/food-delivery/pollo-pollo/PjqjGqb5TDq-uBtcpHdH5g,lafayette-california
https://www.ubereats.com/san-francisco/food-delivery/subway-2166-solano-way/adqLTbtLSiqfgKPEMCcOcQ,lafayette-california
https://www.ubereats.com/san-francisco/food-delivery/ra-sushi-concord/vmRotawjTQaeaBpaHkU6tQ,lafayette-california
https://www.ubereats.com/san-francisco/food-delivery/bjs-restaurant-%26-brewhouse-385-sun-valley-mall/uRq6M5kaRDqjAvCqmHFK1A,lafayette-california
https://www.ubereats.com/san-francisco/food-delivery/santorini/GbuGPvkZTzqtbozPTQ8JPw,lafayette-california
https://www.ubereats.com/san-francisco/food-delivery/mod-pizza-the-orchards/yGbyB6BbRXm9E2a8Hr2tXw,lafayette-california
