url,city
https://www.ubereats.com/san-diego/food-delivery/greek-chicken-graves-ave/cEOeVVk5S0GKfC5D0plH3A,lakeside-california
https://www.ubereats.com/san-diego/food-delivery/menchies-frozen-yogurt-1710-e-main-st/ERYUJijeRtC7z65KdUfOgw,lakeside-california
https://www.ubereats.com/san-diego/food-delivery/jack-in-the-box-1700-e-main-st/hzGvmRbxSWixucHfF60IHw,lakeside-california
https://www.ubereats.com/san-diego/food-delivery/rancho-giant-pizza/AF-rlRa0REGqmtrhyqXyuQ,lakeside-california
https://www.ubereats.com/san-diego/food-delivery/greek-chicken/4S5DJHeFTJ2PSuRTrskA_Q,lakeside-california
https://www.ubereats.com/san-diego/food-delivery/mcdonalds-8770-lake-murray-blvd/WEkfg5sZQvOTReQ0wsCxPA,lakeside-california
https://www.ubereats.com/san-diego/food-delivery/harvest-ranch-el-cajon/6YmHjRbmSJGSbgylYybxCw,lakeside-california
https://www.ubereats.com/san-diego/food-delivery/del-taco-141-broadway-suite-a/Z9VPyFejRqKcJcmd_stUmw,lakeside-california
https://www.ubereats.com/san-diego/food-delivery/burger-king-10130-maine-avenue/pBUPZ6iUSquF8OlaTKFqBQ,lakeside-california
https://www.ubereats.com/san-diego/food-delivery/jack-in-the-box-12155-woodside-ave/pKL6CPT-RNSw2V-gDc5cUg,lakeside-california
https://www.ubereats.com/san-diego/food-delivery/el-charrito-mexican-food/IljHIGeARVWCHb2hVKmrRw,lakeside-california
https://www.ubereats.com/san-diego/food-delivery/the-ice-cream-shop/6a2tYikXSN-233PzUPVUlA,lakeside-california
https://www.ubereats.com/san-diego/food-delivery/dennys-665-n-mollison-ave/TIbo4DQ5S3KAtjY_9HWrvQ,lakeside-california
https://www.ubereats.com/san-diego/food-delivery/zarzour-restaurant/ypQk4065SAe-oanCyr3Jdw,lakeside-california
https://www.ubereats.com/san-diego/food-delivery/elenas-taco-shop/k_06OIpgQz60ZqBNeL7Q2g,lakeside-california
https://www.ubereats.com/san-diego/food-delivery/funky-fries-%26-burgers-w-washington/A_ObwRXiRqyM-EOEop6_-g,lakeside-california
https://www.ubereats.com/san-diego/food-delivery/monavala-pizza/DQVu6VN7QbC4hTqetlX6_w,lakeside-california
https://www.ubereats.com/san-diego/food-delivery/the-ice-cream-shop/U99EvXNySkOLZaepL8RMhQ,lakeside-california
https://www.ubereats.com/san-diego/food-delivery/applebees-2508-jamacha-%2379045/fSmH0raeQCyfWbgwK24h2A,lakeside-california
https://www.ubereats.com/san-diego/food-delivery/taqueria-pepitos/s9RUQYejR4a0w6PWeehRHA,lakeside-california
https://www.ubereats.com/san-diego/food-delivery/el-cilantro-mexican-grill/JSpyfrpWR9mho9_TFWuTiQ,lakeside-california
https://www.ubereats.com/san-diego/food-delivery/fernys-mexican-grill/Lj4ncG2AT3yE1nT7PdoW4w,lakeside-california
https://www.ubereats.com/san-diego/food-delivery/panda-express-131-broadway-ave/hMNz5U5QRheucbe19QNIOQ,lakeside-california
https://www.ubereats.com/san-diego/food-delivery/la-casitas-grill/ZpiQHyK3QhixNoCq7-hngw,lakeside-california
https://www.ubereats.com/san-diego/food-delivery/new-century-buffet/NQzci0IAQd2jtRy2QALGiA,lakeside-california
https://www.ubereats.com/san-diego/food-delivery/el-pollo-loco-494-broadway3562/ALK0PC5mSP2TT0cHsyVTCA,lakeside-california
https://www.ubereats.com/san-diego/food-delivery/369-ramen/QsP8h2VOToOluwiQnKAnGw,lakeside-california
https://www.ubereats.com/san-diego/food-delivery/buckboards-barbecue-%26-brew/1EUJX_jMSMasfz0tYMmxKA,lakeside-california
https://www.ubereats.com/san-diego/food-delivery/dickeys-bbq-pit-jamacha-rd-%26-campo-rd/quENKf8PTSO3ag7LaY3RLw,lakeside-california
https://www.ubereats.com/san-diego/food-delivery/the-ice-cream-shop/McPzeVnPRgO3uIModeMMHw,lakeside-california
https://www.ubereats.com/san-diego/food-delivery/dennys-2691-navajo-rd/0UaaaxNiSEGKBiXwXq0dHg,lakeside-california
https://www.ubereats.com/san-diego/food-delivery/pho-mai-cali/xRy2TX0PSlK6jxEkCW5pCw,lakeside-california
https://www.ubereats.com/san-diego/food-delivery/hilltop-deli/9yT1sv3ZQP-wIV9nAVNmBg,lakeside-california
https://www.ubereats.com/san-diego/food-delivery/pho-superbowl/dwBugR_bQU2tW2jX6n2SBg,lakeside-california
https://www.ubereats.com/san-diego/food-delivery/philly-steak-subs/yO8nl56yQ-iZMzwNJkMpOA,lakeside-california
https://www.ubereats.com/san-diego/food-delivery/jersey-mikes-subs-el-cajon-141-broadway/DtRXbVjHQCeuH6UPfzAjwQ,lakeside-california
https://www.ubereats.com/san-diego/food-delivery/salsa-bravo/LNfRN01JSTuISXCmCQ_mAg,lakeside-california
https://www.ubereats.com/san-diego/food-delivery/starbucks-9760-winter-gardens/dmoY7CMqRi22q9BzIBDdug,lakeside-california
https://www.ubereats.com/san-diego/food-delivery/sultans-bar-%26-grill/WYNrQ0IWSyq7brKhtT9Uag,lakeside-california
https://www.ubereats.com/san-diego/food-delivery/wendys-871-broadway/3txYpEVpSQeqnqe9wWtggQ,lakeside-california
https://www.ubereats.com/san-diego/food-delivery/tak-grill/qRYoltZPSuWWjKgcxI5Bdw,lakeside-california
https://www.ubereats.com/san-diego/food-delivery/las-pinches-tortas/at1dNxBwRyOwmFkkUYPY-A,lakeside-california
https://www.ubereats.com/san-diego/food-delivery/subway-7757-mission-gorge-rd/xWqW6ZcUSIWc5X9CKXFImA,lakeside-california
https://www.ubereats.com/san-diego/food-delivery/panda-express-13624-poway-road/bJjk0k0uQsiyU1eKN_KdDg,lakeside-california
https://www.ubereats.com/san-diego/food-delivery/broadway-pizza-deli/3lPk8HgpTsGZjkxfcilPYw,lakeside-california
https://www.ubereats.com/san-diego/food-delivery/five-guys-ca-0594-345-fletcher-pkwy/T0-K6V2iQpy2Y3RLSSPUeQ,lakeside-california
https://www.ubereats.com/san-diego/food-delivery/city-bistro/bCerJzlYT5q9qlsWd-3IrA,lakeside-california
https://www.ubereats.com/san-diego/food-delivery/sombrero-mexican-food-lakeside/xXGiac8xTTiBi6hoRDwsQQ,lakeside-california
https://www.ubereats.com/san-diego/food-delivery/l%26l-hawaiian-bbq-356-broadway-ave/s2-Ju9hWSAqlXl4T-67lSw,lakeside-california
https://www.ubereats.com/san-diego/food-delivery/wienerschnitzel-9650-mission-gorge-rd/XXOurcN-Tr-8eeYRJA0U-g,lakeside-california
https://www.ubereats.com/san-diego/food-delivery/kfc-724-fletcher-pkwy/9_LVRfxtTJiy2CWtQdW2HA,lakeside-california
https://www.ubereats.com/san-diego/food-delivery/papa-johns-pizza-1201-e-main-st/1atLZKBCSgOLvJ7MFQEJHg,lakeside-california
https://www.ubereats.com/san-diego/food-delivery/lakeside-cafe-%26-bakery/Yz9-3TGTSVy2lRctWdDjjA,lakeside-california
https://www.ubereats.com/san-diego/food-delivery/jamba-12098-fury-lane/_9jv0H-hS2elfAiI11cvDQ,lakeside-california
https://www.ubereats.com/san-diego/food-delivery/leos-mexican-food/fvn3tdHRT_m4q_UbMBhbaw,lakeside-california
https://www.ubereats.com/san-diego/food-delivery/gaetanos-pizza/AZhY9KKITpqQ7Q-gp5VgrA,lakeside-california
https://www.ubereats.com/san-diego/food-delivery/saray-restaurant/LQHww2umSd-05h2Hv29dBg,lakeside-california
https://www.ubereats.com/san-diego/food-delivery/yo-yos-frozen-yogurt/kR999yZRTO-j30rrUqUEQA,lakeside-california
https://www.ubereats.com/san-diego/food-delivery/mal-al-sham/28RIjDWaT9ObZxnNMquQEA,lakeside-california
https://www.ubereats.com/san-diego/food-delivery/finest-thai/c72gNhBKQAqCEC9N7m1zfQ,lakeside-california
https://www.ubereats.com/san-diego/food-delivery/ritas-mexican-food/bnIo0dyXT3OlPumPOGchAA,lakeside-california
https://www.ubereats.com/san-diego/food-delivery/valley-foods/1GAwr0L0SVeoBnd_8jkD0g,lakeside-california
https://www.ubereats.com/san-diego/food-delivery/oskars-mexican-food/ZnL2_oWgTOqoNcxh-Bt6Ng,lakeside-california
https://www.ubereats.com/san-diego/food-delivery/la-lomita-mexican-grill/jZjpc2kvS5OoVy2-5uhvLw,lakeside-california
https://www.ubereats.com/san-diego/food-delivery/rallys-1261-east-main-street/0L-Ev8GMSeqFWWNdawv32Q,lakeside-california
https://www.ubereats.com/san-diego/food-delivery/panchos-mexican-grill-broadway/w-MoQ3RsQ7S16iRsjDHL9A,lakeside-california
https://www.ubereats.com/san-diego/food-delivery/sonic-10515-mission-gorge-road/Ee71zD3GRAK6oNgrp-AD2Q,lakeside-california
https://www.ubereats.com/san-diego/food-delivery/sombrero-mexican-food/guTsnfZ-Sna5vpE1FBUnBQ,lakeside-california
https://www.ubereats.com/san-diego/food-delivery/pioneer-bbq/B5oj9H2wTnia6pLo9IsWpA,lakeside-california
https://www.ubereats.com/san-diego/food-delivery/haciendas-mexican-food/_VE07pU-Sh-csgD5eu-oHw,lakeside-california
https://www.ubereats.com/san-diego/food-delivery/yi-sushi/QqYUwnRyTaWSISwASnCUZA,lakeside-california
https://www.ubereats.com/san-diego/food-delivery/lakes-market-and-deli/zj9I3MWgRYK7cmX1WTx6Kw,lakeside-california
https://www.ubereats.com/san-diego/food-delivery/iron-pan-thai-kitchen/PuBg64ZVSt-F7UgWmpts0w,lakeside-california
https://www.ubereats.com/san-diego/food-delivery/testo-pepesto-italian-restaurant-el-cajon/7jDQ6wCtRMmBM_lk-ZIj0A,lakeside-california
https://www.ubereats.com/san-diego/food-delivery/arbys-12136-woodside-ave/lFmh8SFKTeWRJ8iKUfEo4g,lakeside-california
https://www.ubereats.com/san-diego/food-delivery/panchos-breakfast-greenfield/yqfpsPnSQb2Y7xzCPTerLg,lakeside-california
https://www.ubereats.com/san-diego/food-delivery/marietas/5lxXIwqfSESGsgO5hEr2vg,lakeside-california
https://www.ubereats.com/san-diego/food-delivery/d-wings-%26-ribs-santee/wKfJw0C3SFS8DO0kb0-bFA,lakeside-california
https://www.ubereats.com/san-diego/food-delivery/mcdonalds-13574-camino-canada/c-cbhO2ERXOCuEFR2RJT5Q,lakeside-california
https://www.ubereats.com/san-diego/food-delivery/diegos-calis-%26-fries-el-cajon/n3mNIqq-T8eycUzOVBXijw,lakeside-california
https://www.ubereats.com/san-diego/food-delivery/gor-gai-thai-kitchen/10DRqGQBTIqN6_xs-AKRHQ,lakeside-california
https://www.ubereats.com/san-diego/food-delivery/panda-country/VWFgbT8OTwqSmZ3oKsU-lg,lakeside-california
https://www.ubereats.com/san-diego/food-delivery/taqueria-las-mulas/1dUcqufhQim2tcfdk59fGw,lakeside-california
https://www.ubereats.com/san-diego/food-delivery/broken-yolk-cafe-el-cajon/aU-qiJIWSvK11ARTtl--QQ,lakeside-california
https://www.ubereats.com/san-diego/food-delivery/subway-9562-winter-gardens-blvd/5iICHrs_RFKMKEth7DM8og,lakeside-california
https://www.ubereats.com/san-diego/food-delivery/tabu-sushi-bar-%26-grill-santee/GaJxOMxGS3OHhvOjkPBGLg,lakeside-california
https://www.ubereats.com/san-diego/food-delivery/baba-kabob/jix7924LTU26CdVDd5eH4A,lakeside-california
https://www.ubereats.com/san-diego/food-delivery/anwar-el-cajon/iTJV41oFRimkTbdrQa0AHA,lakeside-california
https://www.ubereats.com/san-diego/food-delivery/ali-baba-family-restaurant/MlVmPZRLTo64XYZlv9OK0w,lakeside-california
https://www.ubereats.com/san-diego/food-delivery/giant-bronx-pizza/odcrM0hESMKJRC2iSw7ADw,lakeside-california
https://www.ubereats.com/san-diego/food-delivery/subway-9890-magnolia-ave/Dv_lsKVwTauCgZh0o9DKSA,lakeside-california
https://www.ubereats.com/san-diego/food-delivery/subway-341-n-second-st/uD9Oo97ySm61hPMLjCCNWA,lakeside-california
https://www.ubereats.com/san-diego/food-delivery/thai-thai/6eoCaor_ShebE_avPtWcKQ,lakeside-california
https://www.ubereats.com/san-diego/food-delivery/starbucks-225-jamacha-road-101/F-e3VUl_QfKng5WmuuvznA,lakeside-california
https://www.ubereats.com/san-diego/food-delivery/dennys-2642-jamacha-rd/US7mnBLoTn6vBQXGUb-e3g,lakeside-california
https://www.ubereats.com/san-diego/food-delivery/wings-empire-el-cajon/FonqWc3DRleFcbq0TShyGQ,lakeside-california
https://www.ubereats.com/san-diego/food-delivery/rubios-399-n-magnolia-ave/o0bYl5l_SeSc9Uu_8cmhKw,lakeside-california
https://www.ubereats.com/san-diego/food-delivery/jack-in-the-box-9337-mission-gorge-rd/lg0YJZ2ATb-SDFdO1n3IHw,lakeside-california
https://www.ubereats.com/san-diego/food-delivery/chipotle-mexican-grill-9828-mission-gorge-rd-ste-c/AZiyZj1uRCWaxS4Ai-wPuw,lakeside-california
https://www.ubereats.com/san-diego/food-delivery/burger-king-13146-olde-highway-80/WJV6NYXrTVKLMEJqdNa6Cw,lakeside-california
https://www.ubereats.com/san-diego/food-delivery/hot-dog-on-a-stick-713-parkway-plz/JEIMBRkxQv2QcwqSEx6kZw,lakeside-california
https://www.ubereats.com/san-diego/food-delivery/omelette-factory/R0cHe5UXReiDTYC5ikOSkw,lakeside-california
https://www.ubereats.com/san-diego/food-delivery/sunshine-pancake-house/eFYnAnb4T5SmPDUbohHHUg,lakeside-california
https://www.ubereats.com/san-diego/food-delivery/gillespie-cafe/QB-M8rY3Q92c6PdnZdLhlQ,lakeside-california
https://www.ubereats.com/san-diego/food-delivery/carlton-oaks-bar-and-grill/8dDNAJJwQlqRIX5JiaIwIw,lakeside-california
https://www.ubereats.com/san-diego/food-delivery/taste-of-the-himalayas-el-cajon/vCt9V8mbQgym7l5maT_3Tg,lakeside-california
https://www.ubereats.com/san-diego/food-delivery/los-chavos-mexican-food/NHqTgIHGTX264oCryD0F5A,lakeside-california
https://www.ubereats.com/san-diego/food-delivery/new-york-giant-pizza/oRx1wVZjQU-lcDsMczFxSg,lakeside-california
https://www.ubereats.com/san-diego/food-delivery/jack-in-the-box-14039-highway-8-business/ktKxCjjoSHyUCMhxWKFk6w,lakeside-california
https://www.ubereats.com/san-diego/food-delivery/madison-mexican-food/95S_jSWwRNu9A7f7pcnPBA,lakeside-california
https://www.ubereats.com/san-diego/food-delivery/sombrero-mexican-food-1215-w-main-st/iPPOuSTNQeuR6q_LPthf6w,lakeside-california
https://www.ubereats.com/san-diego/food-delivery/busy-b-thai-cafe/TfpYCr5iTgqaRHScLLkmcw,lakeside-california
https://www.ubereats.com/san-diego/food-delivery/dennys-1202-w-main-st/ZHwTINZaT8yI65lTYORKbg,lakeside-california
https://www.ubereats.com/san-diego/food-delivery/jamba-9828-mission-gorge-rd/kplQmJg1Rv-lgXdugMft5w,lakeside-california
https://www.ubereats.com/san-diego/food-delivery/the-ice-cream-shop/VTfmVAGuSKmYVFsUOPkZjg,lakeside-california
https://www.ubereats.com/san-diego/food-delivery/mcdonalds-9614-winter-gardens-blvd/yZWJtsSFRjKE2re-GmFYFA,lakeside-california
https://www.ubereats.com/san-diego/food-delivery/burger-king-822-north-johnson-street/m_J0LbXIQzOJquinuyrK0Q,lakeside-california
https://www.ubereats.com/san-diego/food-delivery/panda-express-190-north-magnolia-ave/H-C7qhQJTX2ZD3lnzvDuqw,lakeside-california
https://www.ubereats.com/san-diego/food-delivery/el-cotixan-%233/R-TKiHvrTae4BebfaLChlg,lakeside-california
https://www.ubereats.com/san-diego/food-delivery/chipotle-mexican-grill-225-jamacha-rd/3RPnUmg4QrKqewmtJ2QQsA,lakeside-california
https://www.ubereats.com/san-diego/food-delivery/shinars-pizza-market/FU9DRbzwQ2-thM2ZTwrRWA,lakeside-california
https://www.ubereats.com/san-diego/food-delivery/swedish-royal-bakery/A9c-QBUeSvWpKmgjrGbHjw,lakeside-california
https://www.ubereats.com/san-diego/food-delivery/rosaritos-mexican-food-%232-winter-gardens/PF2FjHt3TVamBvv6mxyTFw,lakeside-california
https://www.ubereats.com/san-diego/food-delivery/kfc-555-n-2nd-st/dza-csoCSMyj6OBN-Ikn0w,lakeside-california
https://www.ubereats.com/san-diego/food-delivery/ritas-of-santee/wrnKTVIfRVait3dV7kXqHQ,lakeside-california
https://www.ubereats.com/san-diego/food-delivery/ochoas-mexican-food/zszLM9yASwmGg-xDU46nbA,lakeside-california
https://www.ubereats.com/san-diego/food-delivery/dennys-13584-camino-canada/DrbpeezSQCaeT7EBsS0Ftw,lakeside-california
https://www.ubereats.com/san-diego/food-delivery/boll-weevil/8-Cyzqs6Q9W7IDNupQKuWA,lakeside-california
https://www.ubereats.com/san-diego/food-delivery/pho-ca-dao-%26-grill/3Ag-uld3RBWxzcZ0zyvJEQ,lakeside-california
https://www.ubereats.com/san-diego/food-delivery/giant-pizza-king/SkPIw0WETNi6Ndx4I9hPOQ,lakeside-california
https://www.ubereats.com/san-diego/food-delivery/panda-express-13465-camino-canada/QZFqBwoYS8aLUFYYcB0hqA,lakeside-california
https://www.ubereats.com/san-diego/food-delivery/kravings-fruit-bar/fBvoCTrOQEms5KYu8-ExvA,lakeside-california
https://www.ubereats.com/san-diego/food-delivery/kings-market-pizza/8PbiyFD0QbK6rLzfGLFZ4Q,lakeside-california
https://www.ubereats.com/san-diego/food-delivery/tortas-y-frutas-locas-pandas/bWbkMYS8Tw6tPgdjkOvxFw,lakeside-california
https://www.ubereats.com/san-diego/food-delivery/crafted-greens/e0njBB2OSAm74vXJqZzFVA,lakeside-california
https://www.ubereats.com/san-diego/food-delivery/the-ice-cream-shop/DzuczGmjTOSNzMKzg3sbLg,lakeside-california
https://www.ubereats.com/san-diego/food-delivery/blendees/V0ZawAP8RvKR-iXZPT3LQw,lakeside-california
https://www.ubereats.com/san-diego/food-delivery/the-ice-cream-shop/yU_qFUcIQA68Raf9wV87aw,lakeside-california
https://www.ubereats.com/san-diego/food-delivery/que-tortas/dbqQ_SFrSHus7vFKWrMwBQ,lakeside-california
https://www.ubereats.com/san-diego/food-delivery/el-cajon-bistro-%26-bakery/bVQZmLNDR26pTIfvOng80w,lakeside-california
https://www.ubereats.com/san-diego/food-delivery/memos-bagel-cafe/jdAfGMsXTH-cKlWmcb-N_g,lakeside-california
https://www.ubereats.com/san-diego/food-delivery/dunkin-350-fletcher-pkwy/u5NvB8H6SiOcXBjr02HmjA,lakeside-california
https://www.ubereats.com/san-diego/food-delivery/jack-in-the-box-10330-mast-blvd/VmkxhcvWQyO9BocXHWiB7g,lakeside-california
https://www.ubereats.com/san-diego/food-delivery/el-cajon-pass-deli/owZuHpk2SIm7GUifkdNjVg,lakeside-california
https://www.ubereats.com/san-diego/food-delivery/cold-stone-creamery-5500-grossmont-center-dr/DmoRlAuvTbWvDr-FDMGoCQ,lakeside-california
https://www.ubereats.com/san-diego/food-delivery/maldinis-pizzeria/j6xEHz0NTWq0_COwuV8smQ,lakeside-california
https://www.ubereats.com/san-diego/food-delivery/kfc-8890-cuyamaca-st/rWUDmItXQBabyTV0_rovNQ,lakeside-california
https://www.ubereats.com/san-diego/food-delivery/pho-olala/wni_n0IWRw2eZiUWNr3kDg,lakeside-california
https://www.ubereats.com/san-diego/food-delivery/greek-chicken-winter-gardens/Xguikr78T3uNRH7MtpQTpQ,lakeside-california
https://www.ubereats.com/san-diego/food-delivery/urbane-cafe-el-cajon/CoX4Wx0qTcqsZn9IRl1t0Q,lakeside-california
https://www.ubereats.com/san-diego/food-delivery/mcdonalds-8876-cuyamaca-street/FKHHrq4pSoK-0dNmwdSbqA,lakeside-california
https://www.ubereats.com/san-diego/food-delivery/wendys-686-jamacha-road/SiEcrTqeQZWnYf0WsMS4zQ,lakeside-california
https://www.ubereats.com/san-diego/food-delivery/kai-sushi-restaurant/jR6Lbcw3ScOi8SzKYZEv-Q,lakeside-california
https://www.ubereats.com/san-diego/food-delivery/al-azayem-restaurant/xaBFEfQ1SjWkAziOmCLyRg,lakeside-california
https://www.ubereats.com/san-diego/food-delivery/mcdonalds-281-n-2nd-st/hFq8pAu8SbigvHxcXx-cAg,lakeside-california
https://www.ubereats.com/san-diego/food-delivery/santanas-mexican-grill-santee/lMHm4gpNRQm73MGJeiKLEg,lakeside-california
https://www.ubereats.com/san-diego/food-delivery/eat-a-pita/BWtF5ZiQQza1FjITNeXg2g,lakeside-california
https://www.ubereats.com/san-diego/food-delivery/the-ice-cream-shop/6xm5TFuHQOuujKoNhVU66Q,lakeside-california
https://www.ubereats.com/san-diego/food-delivery/country-wine-%26-spirits-%26-deli/ANHbJStCRz-VaV33qhBSBQ,lakeside-california
https://www.ubereats.com/san-diego/food-delivery/cetinas-taco-shop/pCBepFc5TwG8LN9u5JfM3A,lakeside-california
https://www.ubereats.com/san-diego/food-delivery/panda-express-705-parkway-plaza/_ZUUqFs9TBCVizov59gd9g,lakeside-california
https://www.ubereats.com/san-diego/food-delivery/darya-grill/XhsSQ5mmROWcgI04jwQMOg,lakeside-california
https://www.ubereats.com/san-diego/food-delivery/wendys-9655-mission-gorge/RijB0MqyRSCYGu5nM7sX1w,lakeside-california
https://www.ubereats.com/san-diego/food-delivery/giant-new-york-pizza/xHUDvcSpQ8y9F5bIglXsmA,lakeside-california
https://www.ubereats.com/san-diego/food-delivery/jamba-225-jamacha-rd-ste-102/oYTzmVodRE-Z23de-rFNtw,lakeside-california
https://www.ubereats.com/san-diego/food-delivery/pick-up-stix-rancho-san-diego/DoJXrp_PT9yOM-Bz_Cu6qg,lakeside-california
https://www.ubereats.com/san-diego/food-delivery/okawa-steak-house-%26-sushi/atvuaJxzQai7FIjnFqj8Mg,lakeside-california
https://www.ubereats.com/san-diego/food-delivery/wienerschnitzel-1601-n-magnolia-ave/qiANPBQaQGyqEZ7EUXsCJQ,lakeside-california
https://www.ubereats.com/san-diego/food-delivery/the-ice-cream-shop/G7xNFWS5SGO6J6OHemQ3hg,lakeside-california
https://www.ubereats.com/san-diego/food-delivery/family-golden-palace-resturant/32GTqNdCTHKE6ELHHK1ADg,lakeside-california
https://www.ubereats.com/san-diego/food-delivery/ihop-1286-oakdale-ave/55X4DqB6SSeP5pI70eHXQw,lakeside-california
https://www.ubereats.com/san-diego/food-delivery/new-york-bakery/WNnlnlPzRd-TKCiHtPxSRQ,lakeside-california
https://www.ubereats.com/san-diego/food-delivery/himalayan-cuisine/Ii7EMUQdRke0am6iBTq16A,lakeside-california
https://www.ubereats.com/san-diego/food-delivery/papa-johns-8665-navajo-rd/pjmCVJr-QsqSo7J1Qixjqg,lakeside-california
https://www.ubereats.com/san-diego/food-delivery/santanas-mexican-food/3EDedYV1Sae36oF5X91xVw,lakeside-california
https://www.ubereats.com/san-diego/food-delivery/dileones-italian-restaurant/a_4aSGNJQhatFBNqWjW62g,lakeside-california
https://www.ubereats.com/san-diego/food-delivery/luluss-international-market/3r3WccJPRpKE81Ja0jiZ4w,lakeside-california
https://www.ubereats.com/san-diego/food-delivery/salsa-bravo/3bP1XA90Qc2caYmpLSYvmA,lakeside-california
https://www.ubereats.com/san-diego/food-delivery/the-ice-cream-shop/SJIJrsBDSh-wHEpthogKyw,lakeside-california
https://www.ubereats.com/san-diego/food-delivery/smokin-js-bbq/DGXgtKtqQQqOHOT74fFj6w,lakeside-california
https://www.ubereats.com/san-diego/food-delivery/janets-cafe/GGgi-8A-QZiIZ_n0pDBM3g,lakeside-california
https://www.ubereats.com/san-diego/food-delivery/ashtons-pizzeria/UNrj5a1rRq-Ea-AxMlbUnA,lakeside-california
https://www.ubereats.com/san-diego/food-delivery/leela-thai-cuisine/fFuOCFPYR-uKRTInyST6Gw,lakeside-california
https://www.ubereats.com/san-diego/food-delivery/chuys-taqueria-y-burritos/ZS4kmh1ARTi0m5L-OW9D4g,lakeside-california
https://www.ubereats.com/san-diego/food-delivery/udderly-yogurt/5-BVx7HwQkyxHfkcBf1r8w,lakeside-california
https://www.ubereats.com/san-diego/food-delivery/panchos-mexican-grill-greenfield/bVYXuX0vRE64GqRwDZkZbQ,lakeside-california
https://www.ubereats.com/san-diego/food-delivery/la-palma-fruteria/IXh9PTgOQ5KNj7FsJUcFZA,lakeside-california
https://www.ubereats.com/san-diego/food-delivery/funky-fries-%26-burgers-jamacha-rd/IoKYNsATRc2xepXj6v9njA,lakeside-california
https://www.ubereats.com/san-diego/food-delivery/dairy-queen-treat-70-town-centre-pkwy-ste-a/QlwU3IXSS4yXhO4R_NwbhA,lakeside-california
https://www.ubereats.com/san-diego/food-delivery/buffalo-wild-wings-254-town-center-pkwy/OTkSE_RZS2yjG7SyKrBI0g,lakeside-california
https://www.ubereats.com/san-diego/food-delivery/oskars-mexican-food-%26-taqueria/BDQslCV5QpGxLRZatwlQmw,lakeside-california
https://www.ubereats.com/san-diego/food-delivery/kfc-12061-woodside-ave/B96e68z_TSOh_A8c7R57Iw,lakeside-california
https://www.ubereats.com/san-diego/food-delivery/los-amigos/yfsBZmcATeqYsAtdgCujhg,lakeside-california
https://www.ubereats.com/san-diego/food-delivery/giant-bambinos-pizza/NZNamCNISauD4Xkqbu6aqw,lakeside-california
https://www.ubereats.com/san-diego/food-delivery/menchies-frozen-yogurt-2471-jamacha-road/uT3RlWELRwisJotpedCD5g,lakeside-california
https://www.ubereats.com/san-diego/food-delivery/sweet-and-green/kJXYLCZASMi0G6cylvBb8Q,lakeside-california
https://www.ubereats.com/san-diego/food-delivery/tacos-el-gallo/jFuioKbySvCbnkH0fVu2ZA,lakeside-california
https://www.ubereats.com/san-diego/food-delivery/junction-52-bar-and-grill/f6uZCBMESHKjMhbXC8l4Bg,lakeside-california
https://www.ubereats.com/san-diego/food-delivery/mcdonalds-1695-e-main-st/M9ErFLgxTpGN2zB2NguSiQ,lakeside-california
https://www.ubereats.com/san-diego/food-delivery/os-american-kitchen-el-cajon/JaliHAafSLOOKDEF6T_z_Q,lakeside-california
https://www.ubereats.com/san-diego/food-delivery/sombrero-mexican-food-washington-ave/7dgQjKy9RiS7eDBYoc42VQ,lakeside-california
https://www.ubereats.com/san-diego/food-delivery/pho-tam-and-grill/qFD0RahoQ0-bdu0RCZdPDg,lakeside-california
https://www.ubereats.com/san-diego/food-delivery/black-bear-diner-1025-fletcher-pkwy/OCf580BIS_6OwBY3krWqRg,lakeside-california
https://www.ubereats.com/san-diego/food-delivery/cali-comfort-bbq/ORMpW_5UTAiBJ-FFG5cf8g,lakeside-california
https://www.ubereats.com/san-diego/food-delivery/round-table-pizza-5999-severin-drive/aI1f2DZ1TlqUDueDvvieMQ,lakeside-california
https://www.ubereats.com/san-diego/food-delivery/players-sports-grill-poway/eCChaIDKRuyFXwAIKRSiaQ,lakeside-california
https://www.ubereats.com/san-diego/food-delivery/deli-belly-%232/TLtt_f7DRu2Ob3e6vqkwyQ,lakeside-california
https://www.ubereats.com/san-diego/food-delivery/tabu-sushi-bar-%26-grill-rancho/gSe8aRRORuKO80XOiKvwvg,lakeside-california
https://www.ubereats.com/san-diego/food-delivery/panda-express-9862-mission-gorge-rd/y6T-g9GfQySCUBtgmBqYtg,lakeside-california
https://www.ubereats.com/san-diego/food-delivery/cotijas-el-cajon-ca/BYRewLzYQm2jtAttQW89uA,lakeside-california
https://www.ubereats.com/san-diego/food-delivery/denalis-pasta-%26-more/-mtxyb0zRyi5mJSeDS6Bng,lakeside-california
https://www.ubereats.com/san-diego/food-delivery/the-ice-cream-shop/UTeJZp7bRa63CtYb531uYQ,lakeside-california
https://www.ubereats.com/san-diego/food-delivery/el-pollo-loco-1145-avocado-ave3793/8uekTO9gSuWOxeIitNNlyw,lakeside-california
https://www.ubereats.com/san-diego/food-delivery/applebees-107-fletcher-parkway-%2379041/yYb2Gm09QIic-eZJwGgP-A,lakeside-california
https://www.ubereats.com/san-diego/food-delivery/deli-belly/UI9fUGD4TLKOzj0HciR47Q,lakeside-california
https://www.ubereats.com/san-diego/food-delivery/jersey-mikes-subs-1299-east-main-street/wbRqUUHDRXe3YTNPc9CYIA,lakeside-california
https://www.ubereats.com/san-diego/food-delivery/starbucks-9325-mission-gorge-rd-ste-101/cbYtdUmaRxaTWVj6vdUyEw,lakeside-california
https://www.ubereats.com/san-diego/food-delivery/arbys-325-n-2nd-street/JXyKX1H5Sn2IgYrn30GLPw,lakeside-california
https://www.ubereats.com/san-diego/food-delivery/panera-9955-mission-gorge-rd/67i3Y2tcRduoWHJiTOTDPg,lakeside-california
https://www.ubereats.com/san-diego/food-delivery/subway-1770-e-main-st/utx6ThhUTiS-vfyQFrmvDA,lakeside-california
https://www.ubereats.com/san-diego/food-delivery/coffee-corner/VYs3eiXxTUCXbl0x21BVug,lakeside-california
https://www.ubereats.com/san-diego/food-delivery/outback-steakhouse-722-jamacha-rd/VpwF9CE0Q-adJ3h9pB4CIg,lakeside-california
https://www.ubereats.com/san-diego/food-delivery/colimas-mexican-food/HOVrtWUVRsWkaxhYOzzrFg,lakeside-california
https://www.ubereats.com/san-diego/food-delivery/jack-in-the-box-8500-n-magnolia-ave/qAqmHoL_QkWzShWnugOJCg,lakeside-california
https://www.ubereats.com/san-diego/food-delivery/baskin-robbins-el-cajon/JIomEC6wTyikSkp8SvtVCw,lakeside-california
https://www.ubereats.com/san-diego/food-delivery/basil-thai-bistro/AfVgSaH-TNqhRum6Z_xX8g,lakeside-california
https://www.ubereats.com/san-diego/food-delivery/d-sotos-mexican-restaurant/aq7vbovQQ9e3f7px5Al2fQ,lakeside-california
https://www.ubereats.com/san-diego/food-delivery/oggis-sports-%7C-brewhouse-%7C-pizza-santee/-kdZTlMBSZSTi8bbW4vkVA,lakeside-california
https://www.ubereats.com/san-diego/food-delivery/subway-13465-camino-canada/eaUH-y8LRQKjvSpimCRoFA,lakeside-california
https://www.ubereats.com/san-diego/food-delivery/bagel-%26-donut-bar/LcFQxZzdSrClWo4bwaBXuw,lakeside-california
https://www.ubereats.com/san-diego/food-delivery/ihop-9708-mission-gorge-rd/DMIJsjheTAeVEKRqebBgDw,lakeside-california
https://www.ubereats.com/san-diego/food-delivery/its-lit-bbq-place/B10j6_vaRQ-Itymg26KtSw,lakeside-california
https://www.ubereats.com/san-diego/food-delivery/bowls-n-brews/YtPg2ZKHTFGFUD_o9iGV-g,lakeside-california
https://www.ubereats.com/san-diego/food-delivery/bff-burgers-fish-and-fries/mxBkLJ2kS0a6JTzWPkCTuw,lakeside-california
https://www.ubereats.com/san-diego/food-delivery/junction-steakhouse-and-sports-bar/OGyoTsTTTR6NuCyhfJhvFA,lakeside-california
https://www.ubereats.com/san-diego/food-delivery/el-pollo-loco-9714-mission-gorge-road3749/9ReBLPc1RTqMcVxY6etkxA,lakeside-california
https://www.ubereats.com/san-diego/food-delivery/panchos-breakfast/emIS6AlPRbCm4Ohs4My9BA,lakeside-california
https://www.ubereats.com/san-diego/food-delivery/starbucks-380-broadway-suite-100/p6P82RBtQQSkpPCFHjToqQ,lakeside-california
https://www.ubereats.com/san-diego/food-delivery/on-the-border-el-cajon/IMrufx1tQSOdZMXWpGS84A,lakeside-california
https://www.ubereats.com/san-diego/food-delivery/adrijanas-restaurant-and-pizza/Azwq1PgeQx67_7uKcuDekQ,lakeside-california
https://www.ubereats.com/san-diego/food-delivery/cafe-88/GMmqPXDaSSeL9ox29TyUWg,lakeside-california
https://www.ubereats.com/san-diego/food-delivery/popeyes-louisiana-kitchen-110-jamacha-rd/2ZSUYb66SvaqwG4p93NaQg,lakeside-california
https://www.ubereats.com/san-diego/food-delivery/the-ice-cream-shop/gvP_5h5XQNujh4isHn0E3A,lakeside-california
https://www.ubereats.com/san-diego/food-delivery/rubios-130-town-center-pkwy/kgDsoE9hTVyuqDDz5U0ymQ,lakeside-california
https://www.ubereats.com/san-diego/food-delivery/little-landos/3hWv52NVSFuCKKOAJG591w,lakeside-california
https://www.ubereats.com/san-diego/food-delivery/jamba-417-pkwy-plaza/CEMNA6TOSQ6e-RGayAR-gw,lakeside-california
