url,city
https://www.ubereats.com/palm-springs/food-delivery/frice/gumQpWcbTB-Kl4BwSlo04A,loma-linda-california
https://www.ubereats.com/inland-empire/food-delivery/el-pollo-loco-680-s-e-st3842/sPjL7SXeTVCVZgZ53dcn3w,loma-linda-california
https://www.ubereats.com/palm-springs/food-delivery/chronic-tacos-400-w-stuart-ave/rS5ZTq_PQ1SKr8ETIM1Bqw,loma-linda-california
https://www.ubereats.com/palm-springs/food-delivery/chapter-two/jRH0F2PjRSGmmmLAVGC5Jw,loma-linda-california
https://www.ubereats.com/palm-springs/food-delivery/mr-taco-fresh-mexican-grill-main-st/z8PTh1JMR56c6d8fhRkxhQ,loma-linda-california
https://www.ubereats.com/palm-springs/food-delivery/pick-up-stix-san-bernardino/XS8633fYTkityogLHXZ2Fg,loma-linda-california
https://www.ubereats.com/inland-empire/food-delivery/dennys-5975-n-palm-ave/6Lx3AU8JQMeKGv8zSj459g,loma-linda-california
https://www.ubereats.com/inland-empire/food-delivery/rising-savor/LUHejbEhQgW5yAKcW7aqhQ,loma-linda-california
https://www.ubereats.com/inland-empire/food-delivery/dukes-bar-and-grill/OZii9b74RwavLtpsg8zFBg,loma-linda-california
https://www.ubereats.com/inland-empire/food-delivery/family-homestyle-cafe/R_8V-CplQ2amXtoGjA3Wdw,loma-linda-california
https://www.ubereats.com/inland-empire/food-delivery/del-taco-24898-redlands-blvd/eVLWhYPFSP6xt9WFW57VJQ,loma-linda-california
https://www.ubereats.com/inland-empire/food-delivery/popeyes-27617-baseline-st/VD15LqmNTxqaRJYFwKZrKg,loma-linda-california
https://www.ubereats.com/inland-empire/food-delivery/tacos-gavilan-rialto/BURDOUabTuOJJF56FEdkzA,loma-linda-california
https://www.ubereats.com/inland-empire/food-delivery/zapatas-mexican-restaurant-moreno-valley/pSiPR33dRLCKOZ1PCP1gYg,loma-linda-california
https://www.ubereats.com/inland-empire/food-delivery/ajs-bagels/bECzcvqiSF2SItKI8YCOJQ,loma-linda-california
https://www.ubereats.com/inland-empire/food-delivery/black-angus-steakhouse-san-bernardino/_JEU2sMCRhKJcHScBYqyxA,loma-linda-california
https://www.ubereats.com/inland-empire/food-delivery/pappasitos-mexican-grill-%26-seafood/OZaiWJ2rQvCvpEI_8_F9Fw,loma-linda-california
https://www.ubereats.com/inland-empire/food-delivery/dairy-queen-grill-%26-chill-664-e-redlands-blvd/Yv0KYqCWTU6xbLLUwYv3tw,loma-linda-california
https://www.ubereats.com/inland-empire/food-delivery/mr-taco-fresh-mexican-grill-main-st/z8PTh1JMR56c6d8fhRkxhQ,loma-linda-california
https://www.ubereats.com/inland-empire/food-delivery/rogers-burgers/fcyaL3wbRgm06uNQluosDg,loma-linda-california
https://www.ubereats.com/palm-springs/food-delivery/castanedas-mexican-food-university-ave-riverside-ca/Kwok3zrBT72TDfz771UwPw,loma-linda-california
https://www.ubereats.com/palm-springs/food-delivery/popeyes-27617-baseline-st/VD15LqmNTxqaRJYFwKZrKg,loma-linda-california
https://www.ubereats.com/palm-springs/food-delivery/kfc-%2339-645-e-redlands-blvd/TY6YR8ByRtK25A0IMH2AAA,loma-linda-california
https://www.ubereats.com/palm-springs/food-delivery/sushi-train/J_Pws-JcRamRvxW6eunJUQ,loma-linda-california
https://www.ubereats.com/palm-springs/food-delivery/applebees-4070-e-highland-avenue-%2379051/JBk3ophpSHqtHWzWaO0vZg,loma-linda-california
https://www.ubereats.com/inland-empire/food-delivery/the-fat-greek-yucaipa-boulevard/Rn5oIf-6TSS7-PnoQDy0qQ,loma-linda-california
https://www.ubereats.com/palm-springs/food-delivery/kfc-taco-bell-7347-boulder-ave/CP6k1KVpSq-SS4acpIn1rg,loma-linda-california
https://www.ubereats.com/inland-empire/food-delivery/waba-grill-1059-n-mt-vernon/D7wWE55rT7GEdmTZvspnzw,loma-linda-california
https://www.ubereats.com/palm-springs/food-delivery/el-pollo-loco-1090-s-mount-vernon3506/UmSijGqwTyy4KTUcBSnAow,loma-linda-california
https://www.ubereats.com/palm-springs/food-delivery/chipotle-mexican-grill-12625-frederick-st/vWM3MOWPRtaqkschryz4Vw,loma-linda-california
https://www.ubereats.com/palm-springs/food-delivery/culichis-%26-beer-colton/L_9pCchsTAKYaKIEt8zCcg,loma-linda-california
https://www.ubereats.com/inland-empire/food-delivery/rgs-american-grill/LT2GbhPyQp-aV50n_ShHNQ,loma-linda-california
https://www.ubereats.com/inland-empire/food-delivery/waba-grill-27511-san-bernardino/eagUPl35TFK3RPfagvsDww,loma-linda-california
https://www.ubereats.com/inland-empire/food-delivery/hong-kong-riverside/xipA1jKjTBexeZAkTk6o6g,loma-linda-california
https://www.ubereats.com/inland-empire/food-delivery/rubios-2694-canyon-spr-pkwy/BfxOynvuSqqvkwpsspQj7g,loma-linda-california
https://www.ubereats.com/inland-empire/food-delivery/island-breeze-jamaican-cuisine/g-wvMuCyTHSUXXCJrTmNew,loma-linda-california
https://www.ubereats.com/inland-empire/food-delivery/jack-in-the-box-3886-chicago-ave/sEkOHRnZR9OXFLs-brJAQg,loma-linda-california
https://www.ubereats.com/inland-empire/food-delivery/burger-king-1320-industrial-park-avenue/uxlgLuYURSe55gjUUbY1xA,loma-linda-california
https://www.ubereats.com/inland-empire/food-delivery/panda-express-745-e-hospitality-lane/qkVtX6v8Tp2HP0EmpqzUqQ,loma-linda-california
https://www.ubereats.com/inland-empire/food-delivery/subway-27923-greenspot-rd/35VqvUBFRW-PfOPezTSXDw,loma-linda-california
https://www.ubereats.com/palm-springs/food-delivery/el-torito-118-e-hospitality-lane/1SADsnvhRbSOzalEoS76Nw,loma-linda-california
https://www.ubereats.com/inland-empire/food-delivery/masters-donuts/AFnmLpUuRhyKUoGds4JCkA,loma-linda-california
https://www.ubereats.com/inland-empire/food-delivery/jack-in-the-box-303-e-base-line-st/8XMuY3RUQ4iEwnehZeBEdQ,loma-linda-california
https://www.ubereats.com/inland-empire/food-delivery/papa-johns-colton/PQRg0zLLSJW5bDSjSCelug,loma-linda-california
https://www.ubereats.com/inland-empire/food-delivery/surfer-joes-pizza/lhby7feWT9W2hoY5pMrIpw,loma-linda-california
https://www.ubereats.com/inland-empire/food-delivery/rubios-1201-university-avenue/d5MTzxoZQ7S0WNFc2PdUpA,loma-linda-california
https://www.ubereats.com/palm-springs/food-delivery/golden-corral-325-e-hospitality-lane/HoqI2zIGSpOAVx2na3iBCA,loma-linda-california
https://www.ubereats.com/palm-springs/food-delivery/margaritas-grill-restaurant/Ri3Bl5jdRyeqiER87LVL3w,loma-linda-california
https://www.ubereats.com/inland-empire/food-delivery/waba-grill-14475-moreno-beach-drive-moreno-valley/VhUlavhGQj-Te20daJfoOg,loma-linda-california
https://www.ubereats.com/palm-springs/food-delivery/mollys-cafe/HyUvZgPyQBegByD9m88j7w,loma-linda-california
https://www.ubereats.com/palm-springs/food-delivery/ihop-1630-industrial-park-ave/pA7nNfldQkqltMy_fSuV-A,loma-linda-california
https://www.ubereats.com/palm-springs/food-delivery/chipotle-mexican-grill-635-orange-st/BiwcDV98THWpN0BUCzvoyQ,loma-linda-california
https://www.ubereats.com/palm-springs/food-delivery/jamba-juice-27993-greenspot-rd-ste-20/XNWX6QXhQdS1JOwrQvyTAA,loma-linda-california
https://www.ubereats.com/inland-empire/food-delivery/baja-fresh-745-e-hospitality-ln-ste-c/Y1bJcr8NTTidI1aaiaPcTw,loma-linda-california
https://www.ubereats.com/palm-springs/food-delivery/cafe-%26-deli-el-rancho/5p6nUnWkRqiPFnr7TUE_wg,loma-linda-california
https://www.ubereats.com/inland-empire/food-delivery/jack-in-the-box-1605-e-highland-ave/agCnteqOTn6E0__l2ly5Ng,loma-linda-california
https://www.ubereats.com/inland-empire/food-delivery/chipotle-mexican-grill-1314-s-riverside-ave/_Tk0ssIRRCWuC2q2mSggkQ,loma-linda-california
https://www.ubereats.com/inland-empire/food-delivery/del-taco-2665-s-waterman-ave/CuOyaMpKSq6PQjjkAEy--g,loma-linda-california
https://www.ubereats.com/palm-springs/food-delivery/greedy-cat-%E9%A6%8B%E7%8C%AB%E7%83%A4%E9%B1%BC/i4TiR6_cQzijWWGSLG3MHQ,loma-linda-california
https://www.ubereats.com/inland-empire/food-delivery/mcdonalds-718-w-highland-ave/I7jLSFgeQTC9tozsPsS8RQ,loma-linda-california
https://www.ubereats.com/inland-empire/food-delivery/wendys-1090-n-pepper-ave/97uqhA1WQVehwsrEoGffRQ,loma-linda-california
https://www.ubereats.com/inland-empire/food-delivery/goodys/t2mpai7ATiCSWPpJMkkgQA,loma-linda-california
https://www.ubereats.com/inland-empire/food-delivery/naan-cafe/MIs7eUErTYKKVmty5Sm4bQ,loma-linda-california
https://www.ubereats.com/inland-empire/food-delivery/cha2o/mkSlUn_7QJWB9-Lz7ghfpw,loma-linda-california
https://www.ubereats.com/palm-springs/food-delivery/el-pollo-loco-680-s-e-st3842/sPjL7SXeTVCVZgZ53dcn3w,loma-linda-california
https://www.ubereats.com/inland-empire/food-delivery/kfc-%2314-2007-e-highland-ave/heFrQnFCTC6ZonkU9d6OrQ,loma-linda-california
https://www.ubereats.com/inland-empire/food-delivery/jovis-diner/TxNSTpiqS_CcsEa04W306Q,loma-linda-california
https://www.ubereats.com/palm-springs/food-delivery/kfc-%2314-2007-e-highland-ave/heFrQnFCTC6ZonkU9d6OrQ,loma-linda-california
https://www.ubereats.com/inland-empire/food-delivery/burger-king-4150-e-highland-ave/6Bx4_MCZTVWr2G7cDN14cg,loma-linda-california
https://www.ubereats.com/palm-springs/food-delivery/don-orange-tacos/H0s0Cm0CTf69U7LkXf-gHA,loma-linda-california
https://www.ubereats.com/palm-springs/food-delivery/dennys-1180-alabama-st/RuveKbR0TyeKiDZmHTmXHw,loma-linda-california
https://www.ubereats.com/inland-empire/food-delivery/waba-grill-1594-w-base-line-st/q1qwrABsR4ChouB1WsAnUA,loma-linda-california
https://www.ubereats.com/inland-empire/food-delivery/el-pollo-loco-758-west-highland-avenue3669/mfVHTMYlSU6r7V7GVwhxcA,loma-linda-california
https://www.ubereats.com/inland-empire/food-delivery/panda-express-1170-w-renaissance-pkwy/J684kWVHQVe_Y_Sa9_wV4A,loma-linda-california
https://www.ubereats.com/palm-springs/food-delivery/juanitos-taco/EWE9W3zvQm-l2uezbALeUA,loma-linda-california
https://www.ubereats.com/inland-empire/food-delivery/chipotle-mexican-grill-186-e-easton-st-ste-a/88Gg7K6URZupjApFp_T6uA,loma-linda-california
https://www.ubereats.com/inland-empire/food-delivery/starbucks-601-w-2nd-st/Mlrdiza4RA2xZ4YqJbnGXg,loma-linda-california
https://www.ubereats.com/inland-empire/food-delivery/dennys-160-w-valley-blvd/7S6qKoPdQB6n2sf049PNEQ,loma-linda-california
https://www.ubereats.com/inland-empire/food-delivery/el-pollo-loco-1066-harriman-place3613/TPQ7S2LIQuq-z6PYGHpAMQ,loma-linda-california
https://www.ubereats.com/inland-empire/food-delivery/the-habit-burger-grill-12560-day-street-ste-a/d0cJ2V3bRQSIGbhrxsp3iw,loma-linda-california
https://www.ubereats.com/palm-springs/food-delivery/dennys-1190-s-mt-vernon/XCmZ_IAeTgSTlRdtyCXgkA,loma-linda-california
https://www.ubereats.com/inland-empire/food-delivery/mod-pizza-redlands/UC3bX1OxQKa_eJzz-XxoKQ,loma-linda-california
https://www.ubereats.com/inland-empire/food-delivery/el-pollo-loco-1090-s-mount-vernon3506/UmSijGqwTyy4KTUcBSnAow,loma-linda-california
https://www.ubereats.com/inland-empire/food-delivery/seattles-best-teriyaki/E5CS36tJRrCbiW7ToLgzhg,loma-linda-california
https://www.ubereats.com/inland-empire/food-delivery/burger-king-205-east-redlands/vgZeUBbpRIu0J4hafq1j0A,loma-linda-california
https://www.ubereats.com/inland-empire/food-delivery/pizza-xpress/pJo78D_FSuiyNAYIi3vqxg,loma-linda-california
https://www.ubereats.com/inland-empire/food-delivery/dennys-1190-s-mt-vernon/XCmZ_IAeTgSTlRdtyCXgkA,loma-linda-california
https://www.ubereats.com/palm-springs/food-delivery/alamillas-mexican-food/fvD6I-J2TGS0hXxJT0lFbQ,loma-linda-california
https://www.ubereats.com/inland-empire/food-delivery/bjs-restaurant-%26-brewhouse-1045-e-harriman-place/cqTssynqRMizLTEI9pFP2Q,loma-linda-california
https://www.ubereats.com/inland-empire/food-delivery/subway-25685-redlands-blvd/1CHG2MLWSuu0MbradFjIUw,loma-linda-california
https://www.ubereats.com/palm-springs/food-delivery/jamba-juice-12430-day-st-ste-c-4/0cyLXIvaQj-ZEHNdcQX7PA,loma-linda-california
https://www.ubereats.com/inland-empire/food-delivery/ihop-4023-university/YV930X7HQjuS-82KNJQ3Xw,loma-linda-california
https://www.ubereats.com/inland-empire/food-delivery/yogurtland-12515-frederick-st/eVvpVDw9Qk6kijiHNU5TEg,loma-linda-california
https://www.ubereats.com/inland-empire/food-delivery/mercado-don-juan/GWk7lrUbQcCyxK9cX6gsoA,loma-linda-california
https://www.ubereats.com/inland-empire/food-delivery/la-casa-del-taco/OpeyVZ53QrC7Uxpsbcf0jA,loma-linda-california
https://www.ubereats.com/inland-empire/food-delivery/perris-burgers/o6tPDK5mQCidj6vNRRlVtg,loma-linda-california
https://www.ubereats.com/inland-empire/food-delivery/rallys-300-south-riverside-avenue/zKGHLzRlSHaBVUhINw_Eww,loma-linda-california
https://www.ubereats.com/palm-springs/food-delivery/la-michoacana-s-mt-vernon-ave/BHcYY_ccQbS16dlGCgbn-g,loma-linda-california
https://www.ubereats.com/palm-springs/food-delivery/island-breeze-jamaican-cuisine/g-wvMuCyTHSUXXCJrTmNew,loma-linda-california
https://www.ubereats.com/inland-empire/food-delivery/sonic-1060-west-renaissance-parkway/yhvGP-IQSfaLYzo_SznReQ,loma-linda-california
https://www.ubereats.com/palm-springs/food-delivery/taco-bell-1225-w-colton/w0JZqxgMSyaHCXJ4xoq8Qg,loma-linda-california
https://www.ubereats.com/inland-empire/food-delivery/subway-291-e-valley-blvd/v9r1SV8jTpuNB_oVeAF6eA,loma-linda-california
https://www.ubereats.com/inland-empire/food-delivery/del-taco-27923-greenspot-road/MpY_69nHRE6skVA-Iu9_Dg,loma-linda-california
https://www.ubereats.com/inland-empire/food-delivery/kfc-33911-yucaipa-boulevard/NJlvwnLfQnme9fh8hJTZbw,loma-linda-california
https://www.ubereats.com/palm-springs/food-delivery/el-pollo-loco-1210-w-colton-ave5790/bl-2IuEHRCOkEmTBqWPyYQ,loma-linda-california
https://www.ubereats.com/inland-empire/food-delivery/ramenkoko/rHUTFwegSvu4E1m9QriggQ,loma-linda-california
https://www.ubereats.com/inland-empire/food-delivery/chapala-restaurant/0EAyh6TQRtyu8_wJusskGw,loma-linda-california
https://www.ubereats.com/inland-empire/food-delivery/jersey-mikes-subs-27993-greenspot-rd/X9SLQO81RDOwSFdgZ6JiPA,loma-linda-california
https://www.ubereats.com/inland-empire/food-delivery/all-star-pizza/95V9uWVPRBSwSzgU4TZhog,loma-linda-california
https://www.ubereats.com/inland-empire/food-delivery/michoacana-colton/tZM5xkwrRVKl-QWaP5FSzw,loma-linda-california
https://www.ubereats.com/inland-empire/food-delivery/juanitos-taco/EWE9W3zvQm-l2uezbALeUA,loma-linda-california
https://www.ubereats.com/inland-empire/food-delivery/taqueria-mi-ranchito-alegre/DSh820WfTtqG2ydBVg760w,loma-linda-california
https://www.ubereats.com/inland-empire/food-delivery/johnnys-tacos-%26-sports/NtjPblQVQzWJOg5THn0Qjg,loma-linda-california
https://www.ubereats.com/palm-springs/food-delivery/jamba-juice-1078-east-hospitality-lane-ste-f/5Kg6sXusS72g9iiWEPvZcA,loma-linda-california
https://www.ubereats.com/inland-empire/food-delivery/carls-jr-27670-eucalyptus-ave/x6SVydZMSjej528uf4aQnQ,loma-linda-california
https://www.ubereats.com/palm-springs/food-delivery/california-pizza-kitchen-3540-riverside-plaza-ste-%23308/xo50G-JZRFaC_h2a4N3DrQ,loma-linda-california
https://www.ubereats.com/inland-empire/food-delivery/la-pizza-loca-san-bernardino/011ucI1nR_GxLPokrdMHnA,loma-linda-california
https://www.ubereats.com/inland-empire/food-delivery/churchs-chicken-912-east-foothill-blvd/clbRhB4FS2qF_Ztkvc9TeQ,loma-linda-california
https://www.ubereats.com/inland-empire/food-delivery/carls-jr-22700-centerpoint-dr/dNvMAYjqRUmXh8mjjcPuCQ,loma-linda-california
https://www.ubereats.com/inland-empire/food-delivery/genkiyaki/aYmKcrBYQvqLRha_J0ZKLw,loma-linda-california
https://www.ubereats.com/palm-springs/food-delivery/jamba-juice-27510-lugonia-ave-ste-f/l3ISNSBsSG6PIOG_nQxCag,loma-linda-california
https://www.ubereats.com/inland-empire/food-delivery/the-cupcake-and-espresso-bar-day-street/WjZOwA1ASnaYiI2GemGSAw,loma-linda-california
https://www.ubereats.com/inland-empire/food-delivery/panda-express-12610-day-street/mc5-AvkDSzeRHqd-rebfqA,loma-linda-california
https://www.ubereats.com/inland-empire/food-delivery/freshii-inland-empire/CanfvMzMTAOpSwvozno6gg,loma-linda-california
https://www.ubereats.com/inland-empire/food-delivery/applebees-4070-e-highland-avenue-%2379051/JBk3ophpSHqtHWzWaO0vZg,loma-linda-california
https://www.ubereats.com/inland-empire/food-delivery/lucians-pizza/zefg4fq5Ry2WUzANRFjamA,loma-linda-california
https://www.ubereats.com/palm-springs/food-delivery/tortas-sinaloa/sgBy_E5uTHicPUFJemQB4A,loma-linda-california
https://www.ubereats.com/inland-empire/food-delivery/popeyes-198-e-redlands-blvd/Nzoh8KU8QiSwINWgZAEzPw,loma-linda-california
https://www.ubereats.com/inland-empire/food-delivery/mr-rice/-W1FTV-tSfu5uKRNDjLqIw,loma-linda-california
https://www.ubereats.com/inland-empire/food-delivery/gandhi-indian-cuisine-%26-banquet/FOIkqKcTSW62ovUy28KKfQ,loma-linda-california
https://www.ubereats.com/inland-empire/food-delivery/taco-bell-1225-w-colton/w0JZqxgMSyaHCXJ4xoq8Qg,loma-linda-california
https://www.ubereats.com/inland-empire/food-delivery/tea-terminals/z9X1L6TDQr6KPPyBJIe7Tw,loma-linda-california
https://www.ubereats.com/inland-empire/food-delivery/applebees-12600-day-street-%2379065/okWwR3IET6yMk6kzZfkuOg,loma-linda-california
https://www.ubereats.com/inland-empire/food-delivery/poke-tology/djfIXi1NRXyrVBtIiN5EKw,loma-linda-california
https://www.ubereats.com/inland-empire/food-delivery/del-taco-770-w-2nd-st/6RCiU8pfTGK0ExqlFlCEvQ,loma-linda-california
https://www.ubereats.com/inland-empire/food-delivery/crest-cafe-riverside/p_bYgUPLRk-mMQEnAe_A6g,loma-linda-california
https://www.ubereats.com/inland-empire/food-delivery/sharetea-3740-iowa/5Ossqjg6RmW43kmxtQrIsw,loma-linda-california
https://www.ubereats.com/inland-empire/food-delivery/chronic-tacos-400-w-stuart-ave/rS5ZTq_PQ1SKr8ETIM1Bqw,loma-linda-california
https://www.ubereats.com/inland-empire/food-delivery/getaway-cafe/t76wziP3SC6S7vHsoWdqSQ,loma-linda-california
https://www.ubereats.com/inland-empire/food-delivery/arbys-670-se-st/t43ea-bzSnGiCPesXtPK3A,loma-linda-california
https://www.ubereats.com/palm-springs/food-delivery/kings-rotisserie-chicken/9FEyRCJ7Sx-mdq1k48qfDQ,loma-linda-california
https://www.ubereats.com/inland-empire/food-delivery/wienerschnitzel-1961-redlands-blvd/5TZoYxEoSqC6rk2uA_iI1w,loma-linda-california
https://www.ubereats.com/inland-empire/food-delivery/starbucks-27615-baseline-street/2M4d6o9_TO21Xwfen24sRg,loma-linda-california
https://www.ubereats.com/inland-empire/food-delivery/churchs-chicken-24440-a-allessandro-blvd/jGf9WA_cQNGL6OY1kBSKSw,loma-linda-california
https://www.ubereats.com/palm-springs/food-delivery/chipotle-mexican-grill-1092-e-hospitality-ln-ste-b/XTA2-4gaRleQsx2rIDig4Q,loma-linda-california
https://www.ubereats.com/inland-empire/food-delivery/miguels-jr-rialto/_DIVMR4MSJm0cIAK05ogWg,loma-linda-california
https://www.ubereats.com/palm-springs/food-delivery/hong-kong-riverside/xipA1jKjTBexeZAkTk6o6g,loma-linda-california
https://www.ubereats.com/palm-springs/food-delivery/mahachai-thai-cuisine/VST576cZQHm1mThy6__K2A,loma-linda-california
https://www.ubereats.com/inland-empire/food-delivery/portillos-hot-dogs-12840-day-street/3WSoPO6tSd2VCTMOLrx83g,loma-linda-california
https://www.ubereats.com/inland-empire/food-delivery/mcdonalds-100-e-redlands-blvd/IHkddYRVSDydIIvwgyPj3g,loma-linda-california
https://www.ubereats.com/palm-springs/food-delivery/kfc-%2302-808-w-highland-ave/Td0UFnGfR8m9WEgb0FPjZA,loma-linda-california
https://www.ubereats.com/inland-empire/food-delivery/amapola-rico-taco-baseline/NuQAI9waRtu7nrYAHvUrfQ,loma-linda-california
https://www.ubereats.com/palm-springs/food-delivery/la-michoacana-ice-cream-parlor-colton/oG7LtZvMR86kRVDD_cSJbg,loma-linda-california
https://www.ubereats.com/inland-empire/food-delivery/jack-in-the-box-1141-w-lugonia-ave/_B2Mg_xXTfWUYUZ0rcO3rw,loma-linda-california
https://www.ubereats.com/inland-empire/food-delivery/wendys-27879-baseline-avenue/ypXN0yI7QAOHNwiWnJmxRQ,loma-linda-california
https://www.ubereats.com/palm-springs/food-delivery/ie-vegan-thai-chinese/1_odNEkTS_Wn3idXzkQx9w,loma-linda-california
https://www.ubereats.com/inland-empire/food-delivery/subway-228-w-hospitality-lane/Z72zrpicS-C2dcnofN8AWg,loma-linda-california
https://www.ubereats.com/inland-empire/food-delivery/papa-johns-redlands/uWbDuAomQLy4-C2Rbrd-OA,loma-linda-california
https://www.ubereats.com/inland-empire/food-delivery/yogurtland-27511-san-bernardino-ave/NpFS3POfTDaPP5BMyfOIjw,loma-linda-california
https://www.ubereats.com/inland-empire/food-delivery/rok-n-fondue/y1ywuV5aTlyVyQAIX1Y07g,loma-linda-california
https://www.ubereats.com/inland-empire/food-delivery/pollys-pies-moreno-valley/FFSFEq6OTEGSnuyjjiRMhA,loma-linda-california
https://www.ubereats.com/inland-empire/food-delivery/pizza-q/7TAItND-Qrez5SmsVgEfyw,loma-linda-california
https://www.ubereats.com/palm-springs/food-delivery/matsuri-japanese-restaurant/fm478QNaST2aSsmF1nUeCQ,loma-linda-california
https://www.ubereats.com/inland-empire/food-delivery/bluewater-poke/FmWlX5KSRByiEs15fJdzRA,loma-linda-california
https://www.ubereats.com/inland-empire/food-delivery/don-orange-tacos/H0s0Cm0CTf69U7LkXf-gHA,loma-linda-california
https://www.ubereats.com/inland-empire/food-delivery/original-mona-lisa/i9GZksr9QK6pI1yiz9zicg,loma-linda-california
https://www.ubereats.com/inland-empire/food-delivery/jersey-mikes-subs-1310-s-riverside-avenue/FKDC2st-RVKw4sDVtGBVfg,loma-linda-california
https://www.ubereats.com/inland-empire/food-delivery/the-redlands-underground-restaurant-and-bar/wGGrCodWT4abKhv5rB0QYQ,loma-linda-california
https://www.ubereats.com/palm-springs/food-delivery/jamba-juice-1242-university-ave-ste-3/eTVDPmyzQgaEOLJbHTcZ8w,loma-linda-california
https://www.ubereats.com/palm-springs/food-delivery/el-super-san-bernardino-9th-37/W2TJELUSSy2gTox2G6lljg,loma-linda-california
https://www.ubereats.com/palm-springs/food-delivery/red-panka/mpU8lXuyQDid3kkpYBy7Fw,loma-linda-california
https://www.ubereats.com/palm-springs/food-delivery/el-pollo-loco-2720-canyon-springs-pkwy6012/-PP_DqOmSEifnQh03TuJgQ,loma-linda-california
https://www.ubereats.com/palm-springs/food-delivery/waba-grill-27923-greenspot-road-suite-d/rch79OnET52LDbNSVfvZbA,loma-linda-california
https://www.ubereats.com/inland-empire/food-delivery/applebees-2046-w-redlands-blvd/STVS4X1nQuyD-4hKUNiQgg,loma-linda-california
https://www.ubereats.com/inland-empire/food-delivery/farmer-boys-san-bernadino-ave/ZSXTbLnAR529vdXoq_dtEQ,loma-linda-california
https://www.ubereats.com/palm-springs/food-delivery/dinos-pizza-wings-subs/VKVoSJeWS_eSUNDNO_4O5Q,loma-linda-california
https://www.ubereats.com/inland-empire/food-delivery/dinos-pizza-wings-subs/VKVoSJeWS_eSUNDNO_4O5Q,loma-linda-california
https://www.ubereats.com/inland-empire/food-delivery/subway-766-tennessee-ave/ydZsZO7JTDGfqpBOqDuGkQ,loma-linda-california
https://www.ubereats.com/inland-empire/food-delivery/culichis-%26-beer-colton/L_9pCchsTAKYaKIEt8zCcg,loma-linda-california
https://www.ubereats.com/inland-empire/food-delivery/plant-power-fast-food/SEkazwGnTsG1A7BpGuBT8Q,loma-linda-california
https://www.ubereats.com/inland-empire/food-delivery/jack-in-the-box-12477-heacock-st/VNqvCkCRQ1OpKTxfD4wjLg,loma-linda-california
https://www.ubereats.com/inland-empire/food-delivery/jack-in-the-box-756-w-valley-blvd/2w7oOrysTPm_1KfXUDBVKg,loma-linda-california
https://www.ubereats.com/inland-empire/food-delivery/the-flame-broiler-1201-university-ave/Di7fjvO1RFiOnFukMz8ytQ,loma-linda-california
https://www.ubereats.com/inland-empire/food-delivery/wendys-1991-redlands-blvd/iIZFFnVPSvydgghurovBjA,loma-linda-california
https://www.ubereats.com/palm-springs/food-delivery/chesters-chicken-2300-e-steel-st/NJe5aR9VR4CtEwKAq37Abw,loma-linda-california
https://www.ubereats.com/inland-empire/food-delivery/kfc-taco-bell-792-w-valley-blvd/vfB6447fRQqCf2sulRc5WA,loma-linda-california
https://www.ubereats.com/inland-empire/food-delivery/jack-in-the-box-605-e-redlands-blvd/uvrn5b5jRAWYFJKvmkj4SQ,loma-linda-california
https://www.ubereats.com/inland-empire/food-delivery/alamillas-mexican-food/fvD6I-J2TGS0hXxJT0lFbQ,loma-linda-california
https://www.ubereats.com/inland-empire/food-delivery/five-guys-ca-1271-10060-alabama-street/7Hu0tqrZTHiRzUiukV6Esw,loma-linda-california
https://www.ubereats.com/inland-empire/food-delivery/yogurtland-631-orange-st/pOJeZm8ZQUaX7G_-SHvwiw,loma-linda-california
https://www.ubereats.com/inland-empire/food-delivery/starbucks-1201-university-avenue/yKOtisgdQd6uU-tepgCr_A,loma-linda-california
https://www.ubereats.com/palm-springs/food-delivery/coffee-nutzz/B6-pE6wzQc2kyjaQYvXZpw,loma-linda-california
https://www.ubereats.com/inland-empire/food-delivery/subway-297-e-highland-aveue/iQOniFxOTPqQOhQ4OR-JMg,loma-linda-california
https://www.ubereats.com/palm-springs/food-delivery/rubios-633-orange-st/bmsLVd5UTp6drOuO4U3zPQ,loma-linda-california
https://www.ubereats.com/inland-empire/food-delivery/carnitas-michoacan/2REWmxFMRGqWFok_YT8eOg,loma-linda-california
https://www.ubereats.com/inland-empire/food-delivery/el-viejon-mariscos-and-sushi/ytR2TtYXTlGxmsZwoZXi6g,loma-linda-california
https://www.ubereats.com/palm-springs/food-delivery/bluewater-poke/FmWlX5KSRByiEs15fJdzRA,loma-linda-california
https://www.ubereats.com/inland-empire/food-delivery/culichi-town-moreno-valley/4Z6Oqa_QQ8aenWtBADEgOQ,loma-linda-california
https://www.ubereats.com/palm-springs/food-delivery/verve-taco/m1X4rqDoSUS7OkjDPAoyOg,loma-linda-california
https://www.ubereats.com/inland-empire/food-delivery/toms-%231-worlds-famous-chiliburgers/YXSc97JfSG-csp83Gc5w-A,loma-linda-california
https://www.ubereats.com/palm-springs/food-delivery/waba-grill-27511-san-bernardino/eagUPl35TFK3RPfagvsDww,loma-linda-california
https://www.ubereats.com/inland-empire/food-delivery/mountain-mikes-pizza-605-n-eureka-street-suite-100/3b8dX-9JRlOSQmgfGCVwcg,loma-linda-california
https://www.ubereats.com/palm-springs/food-delivery/rubios-2694-canyon-spr-pkwy/BfxOynvuSqqvkwpsspQj7g,loma-linda-california
https://www.ubereats.com/inland-empire/food-delivery/la-michoacana-delicious-ice-cream/5JXCDM1cR1GY2RkNPc6oxA,loma-linda-california
https://www.ubereats.com/palm-springs/food-delivery/waba-grill-1059-n-mt-vernon/D7wWE55rT7GEdmTZvspnzw,loma-linda-california
https://www.ubereats.com/palm-springs/food-delivery/tacos-arandas-moreno-valley/bBY7Hmh-QlWeieyZjV8Vdw,loma-linda-california
https://www.ubereats.com/inland-empire/food-delivery/waba-grill-27923-greenspot-road-suite-d/rch79OnET52LDbNSVfvZbA,loma-linda-california
https://www.ubereats.com/inland-empire/food-delivery/subway-1562-b-barton-rd/NL2yLejpROKvEhuDt1vsYA,loma-linda-california
https://www.ubereats.com/inland-empire/food-delivery/pietros-italian-cuisine/X6YNVxrYRge5iGeyMo1_AQ,loma-linda-california
https://www.ubereats.com/inland-empire/food-delivery/la-morenita-tacos-y-jugos/i97YIBZkRzyobCJQOYgcSg,loma-linda-california
https://www.ubereats.com/inland-empire/food-delivery/namaste-indian-kitchen/LMvh10A0RlO5dz61NK2kCQ,loma-linda-california
https://www.ubereats.com/inland-empire/food-delivery/wienerschnitzel-4394-university-parkway/UXnSUul0TLa52PuWWAMfgg,loma-linda-california
https://www.ubereats.com/palm-springs/food-delivery/pappasitos-mexican-grill-%26-seafood/OZaiWJ2rQvCvpEI_8_F9Fw,loma-linda-california
https://www.ubereats.com/inland-empire/food-delivery/jack-in-the-box-497-s-e-st/qxEQSyluRBG2r2DuCg9eNg,loma-linda-california
https://www.ubereats.com/inland-empire/food-delivery/farmer-boys-s-riverside-ave/elaKFyCoSyuY0uwY_zo-8A,loma-linda-california
https://www.ubereats.com/inland-empire/food-delivery/churchs-chicken-299-east-baseline/6bxSiBgdQAS77KHw4sinYA,loma-linda-california
https://www.ubereats.com/inland-empire/food-delivery/chipotle-mexican-grill-1092-e-hospitality-ln-ste-b/XTA2-4gaRleQsx2rIDig4Q,loma-linda-california
https://www.ubereats.com/inland-empire/food-delivery/bobos-pizza/w9pbHDiAS5y7FrRQKut3NA,loma-linda-california
https://www.ubereats.com/inland-empire/food-delivery/plant-power-fast-food-riverside/NPPohEcgSHelNZ73PVmu2w,loma-linda-california
https://www.ubereats.com/inland-empire/food-delivery/bjs-restaurant-%26-brewhouse-22920-centerpoint-drive/4D8nJK94SYCjtQNuJtBp2A,loma-linda-california
https://www.ubereats.com/inland-empire/food-delivery/pollo-campero-san-bernardino-harriman-place/R6K33o9cRdO13Z9tQLjlYA,loma-linda-california
https://www.ubereats.com/inland-empire/food-delivery/ihop-san-bernardino/D5Il6fS6RYmgkUj5qPd0Sw,loma-linda-california
https://www.ubereats.com/inland-empire/food-delivery/jack-in-the-box-25699-baseline-st/0KzhPJ0OQRODAcEUXnKvJg,loma-linda-california
https://www.ubereats.com/inland-empire/food-delivery/papa-johns-san-bernardino/o8Gakv59SPuWvck7BEYsAA,loma-linda-california
https://www.ubereats.com/inland-empire/food-delivery/carls-jr-524-inland-center-dr/Diye6J3uTZKyn4UBZHPbVQ,loma-linda-california
https://www.ubereats.com/inland-empire/food-delivery/burger-king-24800-sunnymead-blvd/DK1KDORqQaaAIwSCSPaVvw,loma-linda-california
https://www.ubereats.com/inland-empire/food-delivery/burgerim/hrZHdrhPQmyeHBQhuXdlYQ,loma-linda-california
https://www.ubereats.com/inland-empire/food-delivery/simplee-boba-loma-linda/7ZcYknzMQwm9qccfTCYmZA,loma-linda-california
https://www.ubereats.com/palm-springs/food-delivery/strawberry-casual-kitchen/S3DKAHLuTVeZYWffvJI9bw,loma-linda-california
https://www.ubereats.com/inland-empire/food-delivery/claim-jumper-1905-south-commercenter-east/GM4pAvWiRvqgDlE2lhZ_vA,loma-linda-california
https://www.ubereats.com/palm-springs/food-delivery/poke-bar-891-e-harriman-pl-suite-a/Lmtu7O6dSnSdVmzwGnM6Ug,loma-linda-california
https://www.ubereats.com/inland-empire/food-delivery/panda-express-27720-base-line-street/BasIQpD8TN6b7phaHLiPdA,loma-linda-california
https://www.ubereats.com/inland-empire/food-delivery/tgi-fridays-1917-san-bernardino-ca/wRbfC7FkRL2hBAiMaKlzGw,loma-linda-california
https://www.ubereats.com/inland-empire/food-delivery/ding-tea-loma-linda/uD1yXkrHQ862O_3nKgjk0g,loma-linda-california
https://www.ubereats.com/palm-springs/food-delivery/mercado-don-juan/GWk7lrUbQcCyxK9cX6gsoA,loma-linda-california
https://www.ubereats.com/inland-empire/food-delivery/china-one-moreno-valley/b9wjtqScQgWS0_p6vcIaLg,loma-linda-california
https://www.ubereats.com/inland-empire/food-delivery/farmer-boys/K2qdcD3yQXqcPi6MJLyhHA,loma-linda-california
https://www.ubereats.com/palm-springs/food-delivery/jamba-juice-1725-northpark-blvd-unit-2/G17iP9nbScOI8nrsginGcg,loma-linda-california
https://www.ubereats.com/inland-empire/food-delivery/ihop-24318-hemlock/CRVGddUBQvK47orCGNoYDQ,loma-linda-california
https://www.ubereats.com/palm-springs/food-delivery/the-habit-burger-grill-1550-w-valley-blvd-unit-a/LXTgN02lTji3YY9KkCDJNg,loma-linda-california
https://www.ubereats.com/inland-empire/food-delivery/waba-grill-1040-s-mt-vernon-ave/5q_c0sQsQsWX48t9yiIkHA,loma-linda-california
https://www.ubereats.com/palm-springs/food-delivery/del-taco-24898-redlands-blvd/eVLWhYPFSP6xt9WFW57VJQ,loma-linda-california
https://www.ubereats.com/inland-empire/food-delivery/antonious-pizza-%26-cafe/kDuvCDL1RJ6FX28FVywrBA,loma-linda-california
https://www.ubereats.com/inland-empire/food-delivery/pick-up-stix-san-bernardino/XS8633fYTkityogLHXZ2Fg,loma-linda-california
https://www.ubereats.com/inland-empire/food-delivery/hiccups-loma-linda/45-_wOuyROK6OAtXKmYMiw,loma-linda-california
https://www.ubereats.com/palm-springs/food-delivery/el-pollo-loco-12821-moreno-beach-dr6023/3-cxkSEuTReVYWVaCh7pUQ,loma-linda-california
https://www.ubereats.com/inland-empire/food-delivery/farmer-boys-mountain-view-ave/oDGzgbG3QX-zKe85F_DJpA,loma-linda-california
https://www.ubereats.com/inland-empire/food-delivery/starbucks-25775-barton-road/62XVOEX5R0mF4nKWxuUQEw,loma-linda-california
https://www.ubereats.com/palm-springs/food-delivery/miguels-jr-rialto/_DIVMR4MSJm0cIAK05ogWg,loma-linda-california
https://www.ubereats.com/inland-empire/food-delivery/mcdonalds-1208-n-mt-vernon-blvd/xmHpZrDxTrOVQupRkr1How,loma-linda-california
https://www.ubereats.com/inland-empire/food-delivery/bostons-restaurant-%26-sports-bar-16927-sierra-lakes-pkwy/odk13SRTR6KHXhfvs03G5A,loma-linda-california
https://www.ubereats.com/inland-empire/food-delivery/jersey-mikes-subs-186-e-easton-st/tPUMXV8NSK-9_q8Vk9QHDQ,loma-linda-california
https://www.ubereats.com/inland-empire/food-delivery/honey-baked-ham-san-bernardino/-UuDHpA7RM-eSSFC6h65vg,loma-linda-california
https://www.ubereats.com/palm-springs/food-delivery/indias-clay-oven-san-bernardino/SneAhFjtROKW8CXuHZGx-A,loma-linda-california
https://www.ubereats.com/inland-empire/food-delivery/ie-vegan-thai-chinese/1_odNEkTS_Wn3idXzkQx9w,loma-linda-california
https://www.ubereats.com/palm-springs/food-delivery/tios-tacos-jr/XmqqYq8tQsC3JpsgoHMO0g,loma-linda-california
https://www.ubereats.com/inland-empire/food-delivery/jack-in-the-box-1191-s-mt-vernon-ave/RlfH7MxKRuycEqYddg-dtw,loma-linda-california
https://www.ubereats.com/inland-empire/food-delivery/family-fusion-cocina/5DpWl5JAT0mi_AnGe_HRNg,loma-linda-california
https://www.ubereats.com/inland-empire/food-delivery/jack-in-the-box-1115-w-la-cadena-dr/Sp-iECYORq6fZeR4E5eg9Q,loma-linda-california
https://www.ubereats.com/inland-empire/food-delivery/famous-daves-27500-lugonia-avenue/BCMmSyURSKa90RjqAQlxSQ,loma-linda-california
https://www.ubereats.com/inland-empire/food-delivery/starbucks-2726-s-iowa-ave/-r-KPV4xRRK31dwH00itug,loma-linda-california
https://www.ubereats.com/palm-springs/food-delivery/burrito-boss-alessandro-blvd/QnGaXuY0R16vz1lwv4msJA,loma-linda-california
https://www.ubereats.com/inland-empire/food-delivery/starbucks-1265-alabama-street/4P2-oW5sR3iV7ieT6a6Dow,loma-linda-california
https://www.ubereats.com/palm-springs/food-delivery/hong-kong-express/5yDAjbZCQ3OUTbUR5xaTQw,loma-linda-california
https://www.ubereats.com/palm-springs/food-delivery/nekter-juice-bar-riverside/15FQIWPPQhG3HiaZRzMpYw,loma-linda-california
https://www.ubereats.com/palm-springs/food-delivery/the-old-spaghetti-factory-redlands/iyG1zS4wTnKp9lu-EwQAmg,loma-linda-california
https://www.ubereats.com/inland-empire/food-delivery/miyagi-sushi/ADxLllz_TtOIvQIK4a4ZSw,loma-linda-california
https://www.ubereats.com/inland-empire/food-delivery/panda-express-1605-s-riverside-ave/t7KzEaCGSbGqtAZ3eI02CQ,loma-linda-california
https://www.ubereats.com/inland-empire/food-delivery/jack-in-the-box-1148-coulston-st/gQld26Q6SMaf3dMhSLqY-A,loma-linda-california
https://www.ubereats.com/palm-springs/food-delivery/culichis-%26-beer-colton/t2yH3oQBRqKdtsotO9GFPQ,loma-linda-california
https://www.ubereats.com/palm-springs/food-delivery/my-hero-subs/PcBzC7bXRwW8JD09BSpy9Q,loma-linda-california
https://www.ubereats.com/inland-empire/food-delivery/jersey-mikes-subs-1201-university-avenue/4GmbVtZETnO4E6BOboF_sA,loma-linda-california
https://www.ubereats.com/inland-empire/food-delivery/chipotle-mexican-grill-635-orange-st/BiwcDV98THWpN0BUCzvoyQ,loma-linda-california
https://www.ubereats.com/inland-empire/food-delivery/the-cookie-plug/SXB2UUFfSl60FO3PyOtkQw,loma-linda-california
https://www.ubereats.com/inland-empire/food-delivery/star-buffet-colton/n-UF_pdhQruUr5iLSvOepg,loma-linda-california
https://www.ubereats.com/inland-empire/food-delivery/the-buffalo-spot-riverside/gspx3kH8Qe6X9tMuxTWkUg,loma-linda-california
https://www.ubereats.com/palm-springs/food-delivery/el-pollo-loco-1066-harriman-place3613/TPQ7S2LIQuq-z6PYGHpAMQ,loma-linda-california
https://www.ubereats.com/inland-empire/food-delivery/kfc-%2346-4694-university-pkwy/XcWqpEoyRuWolMnUWY3x3Q,loma-linda-california
https://www.ubereats.com/palm-springs/food-delivery/del-taco-1010-e-washington-st/7BAIWM34S5Cj6PeUAuarMA,loma-linda-california
https://www.ubereats.com/inland-empire/food-delivery/kimchichanga/kPVbSwv8Smqt4UHhJnX9RQ,loma-linda-california
https://www.ubereats.com/palm-springs/food-delivery/napoli-italian-restaurant/psSGGf5vSZGAq0L_aTc6iA,loma-linda-california
https://www.ubereats.com/palm-springs/food-delivery/tuition-tacos/DbxWzN-9TB6SdK3FftWjuw,loma-linda-california
https://www.ubereats.com/palm-springs/food-delivery/del-taco-770-w-2nd-st/6RCiU8pfTGK0ExqlFlCEvQ,loma-linda-california
https://www.ubereats.com/inland-empire/food-delivery/kfc-%2339-645-e-redlands-blvd/TY6YR8ByRtK25A0IMH2AAA,loma-linda-california
https://www.ubereats.com/palm-springs/food-delivery/yoshinoya-2072-west-redlands-blvd/fsCT6wkOSrGt-C3HguD0Kg,loma-linda-california
https://www.ubereats.com/palm-springs/food-delivery/la-morenita-tacos-y-jugos/i97YIBZkRzyobCJQOYgcSg,loma-linda-california
https://www.ubereats.com/inland-empire/food-delivery/the-old-spaghetti-factory-redlands/iyG1zS4wTnKp9lu-EwQAmg,loma-linda-california
https://www.ubereats.com/palm-springs/food-delivery/claim-jumper-1905-south-commercenter-east/GM4pAvWiRvqgDlE2lhZ_vA,loma-linda-california
https://www.ubereats.com/inland-empire/food-delivery/hot-dog-on-a-stick-110-inland-ctr/C8P92-wTTpWSHUnWXs6bAA,loma-linda-california
https://www.ubereats.com/inland-empire/food-delivery/jamba-juice-1725-northpark-blvd-unit-2/G17iP9nbScOI8nrsginGcg,loma-linda-california
https://www.ubereats.com/palm-springs/food-delivery/el-pollo-loco-2200-university-ave3695/FjfY02KLRUGbVohI2OaOaw,loma-linda-california
https://www.ubereats.com/inland-empire/food-delivery/369-ramen-%26-poke-moreno-valley/z2_x66bXTN-MwwXMN_xIyQ,loma-linda-california
https://www.ubereats.com/inland-empire/food-delivery/liquid-tea-bar/m_7I94CSTxWq1F-0xTlpFw,loma-linda-california
https://www.ubereats.com/palm-springs/food-delivery/kimchichanga/kPVbSwv8Smqt4UHhJnX9RQ,loma-linda-california
https://www.ubereats.com/inland-empire/food-delivery/carls-jr-green-burrito-1180-s-mount-vernon-ave/aqbtjJt0SlSXorlloib4jQ,loma-linda-california
https://www.ubereats.com/inland-empire/food-delivery/napoli-italian-restaurant/psSGGf5vSZGAq0L_aTc6iA,loma-linda-california
https://www.ubereats.com/palm-springs/food-delivery/jade-inn/R6l8mEzCT8qmwdpr0F5m3w,loma-linda-california
https://www.ubereats.com/inland-empire/food-delivery/mcdonalds-1620-redlands-blvd/3wxbDDatRmuTQLfSD820HQ,loma-linda-california
https://www.ubereats.com/inland-empire/food-delivery/machete-taqueria/V3eW68NwRyGF-pJuD2JJNQ,loma-linda-california
https://www.ubereats.com/inland-empire/food-delivery/farmer-boys-highland-w-5th-st/54Oy713aRbGm6JeR8XZB2g,loma-linda-california
https://www.ubereats.com/inland-empire/food-delivery/kfc-%2302-808-w-highland-ave/Td0UFnGfR8m9WEgb0FPjZA,loma-linda-california
https://www.ubereats.com/inland-empire/food-delivery/wienerschnitzel-1102-n-waterman/iovcjWqtRWyOAIEGKigITg,loma-linda-california
https://www.ubereats.com/inland-empire/food-delivery/chesters-chicken-2300-e-steel-st/NJe5aR9VR4CtEwKAq37Abw,loma-linda-california
https://www.ubereats.com/inland-empire/food-delivery/gus-jr-restaurants/AQIbGQ3LQtOdkM6-74nVfA,loma-linda-california
https://www.ubereats.com/palm-springs/food-delivery/applebees-2046-w-redlands-blvd/STVS4X1nQuyD-4hKUNiQgg,loma-linda-california
https://www.ubereats.com/inland-empire/food-delivery/hidden-paradise-el-salvador/NA5rB9XiTfihIDzDndzhrA,loma-linda-california
https://www.ubereats.com/palm-springs/food-delivery/black-bear-diner-24949-sunnymead-boulevard/fJ2sJAAWR9iYCs1-UHisoQ,loma-linda-california
https://www.ubereats.com/inland-empire/food-delivery/mcdonalds-25775-barton-road/5jSs0BmLSM6E9n0A9k34wA,loma-linda-california
https://www.ubereats.com/inland-empire/food-delivery/carls-jr-4282-market-st/SfRGDmJdQOCJzKPmQFv0hg,loma-linda-california
https://www.ubereats.com/palm-springs/food-delivery/ocean-pho-san-bernardino-ave/puUB3yCBSv6vEUurrCEvFw,loma-linda-california
https://www.ubereats.com/inland-empire/food-delivery/jack-in-the-box-193-e-40th-st/q3sq0tklTHWjE-6Ktc9udw,loma-linda-california
https://www.ubereats.com/inland-empire/food-delivery/yoshinoya-2072-west-redlands-blvd/fsCT6wkOSrGt-C3HguD0Kg,loma-linda-california
https://www.ubereats.com/palm-springs/food-delivery/el-pollo-loco-758-west-highland-avenue3669/mfVHTMYlSU6r7V7GVwhxcA,loma-linda-california
https://www.ubereats.com/inland-empire/food-delivery/the-ice-cream-shop/OB15eIIJQ2GKrw9gjP6XMw,loma-linda-california
https://www.ubereats.com/inland-empire/food-delivery/jack-in-the-box-11020-s-highland-avenue/jaD9_qxhRHWslgv4_BRRJw,loma-linda-california
https://www.ubereats.com/inland-empire/food-delivery/la-michoacana-ice-cream-parlor-colton/oG7LtZvMR86kRVDD_cSJbg,loma-linda-california
https://www.ubereats.com/inland-empire/food-delivery/panda-star/wvs6aRBvTiKlflFgg0D5QQ,loma-linda-california
https://www.ubereats.com/palm-springs/food-delivery/the-cali-grub/Tr9XHiLNSjO4KfG1nWZBuw,loma-linda-california
https://www.ubereats.com/inland-empire/food-delivery/burgerim/6YSFG0msQAup7sX_0wMDRQ,loma-linda-california
https://www.ubereats.com/palm-springs/food-delivery/pi-grill/5KZgwxX0QQ2i8BT-gC0Tbg,loma-linda-california
https://www.ubereats.com/inland-empire/food-delivery/starbucks-12515-frederick-street/9sbVUvbfR3S0VP7vEVBZTw,loma-linda-california
https://www.ubereats.com/palm-springs/food-delivery/star-buffet-colton/n-UF_pdhQruUr5iLSvOepg,loma-linda-california
https://www.ubereats.com/palm-springs/food-delivery/yogurtland-27511-san-bernardino-ave/NpFS3POfTDaPP5BMyfOIjw,loma-linda-california
https://www.ubereats.com/inland-empire/food-delivery/jack-in-the-box-3653-e-highland-ave/q_pPZd3nRdiJ8w_A3E6szQ,loma-linda-california
https://www.ubereats.com/inland-empire/food-delivery/my-hero-subs/PcBzC7bXRwW8JD09BSpy9Q,loma-linda-california
https://www.ubereats.com/inland-empire/food-delivery/indias-clay-oven-san-bernardino/SneAhFjtROKW8CXuHZGx-A,loma-linda-california
https://www.ubereats.com/palm-springs/food-delivery/bravos-california-fresh-moreno-valley/OHrI7zQeSCSnCJz_Y-ZlsQ,loma-linda-california
https://www.ubereats.com/inland-empire/food-delivery/auntie-annes-22500-town-cir-ste-1048/w7fx6JQbS-qoOCrbn_gjDw,loma-linda-california
https://www.ubereats.com/inland-empire/food-delivery/panda-express-500-inland-center-drive/IhUaoNOrSdiOiurEw0L5dg,loma-linda-california
https://www.ubereats.com/inland-empire/food-delivery/panda-express-900-university-ave/nKtbPj43Q5ekMq1CiUOlsg,loma-linda-california
https://www.ubereats.com/inland-empire/food-delivery/starbucks-1755-e-lugonia-avenue/zIoeesWNT8CYXILzgKv6Wg,loma-linda-california
https://www.ubereats.com/inland-empire/food-delivery/jack-in-the-box-1199-n-mt-vernon-ave/K_y6K6EeShWmqS_IzwMViQ,loma-linda-california
https://www.ubereats.com/palm-springs/food-delivery/naan-cafe/MIs7eUErTYKKVmty5Sm4bQ,loma-linda-california
https://www.ubereats.com/palm-springs/food-delivery/panera-1056-e-hospitality-lane/a8izKi1sRreJtXoSeF1L8A,loma-linda-california
https://www.ubereats.com/inland-empire/food-delivery/jersey-mikes-subs-12625-frederick-street/N9c5w0OlTvKagO-GIW-YBw,loma-linda-california
https://www.ubereats.com/palm-springs/food-delivery/sharetea-3740-iowa/5Ossqjg6RmW43kmxtQrIsw,loma-linda-california
https://www.ubereats.com/inland-empire/food-delivery/outback-steakhouse-22680-centerpoint-dr/NE4hVPJPSTaolQCyReGgcw,loma-linda-california
https://www.ubereats.com/palm-springs/food-delivery/ocean-pho-barton-rd/2Es7C4WjQeKVM8RGfFi98g,loma-linda-california
https://www.ubereats.com/palm-springs/food-delivery/taqueria-mi-ranchito-alegre/DSh820WfTtqG2ydBVg760w,loma-linda-california
https://www.ubereats.com/inland-empire/food-delivery/rubios-633-orange-st/bmsLVd5UTp6drOuO4U3zPQ,loma-linda-california
https://www.ubereats.com/inland-empire/food-delivery/tortas-sinaloa/sgBy_E5uTHicPUFJemQB4A,loma-linda-california
https://www.ubereats.com/inland-empire/food-delivery/del-taco-1624-w-redlands-blvd/v3hQqt03Qfe0S3i1JUaeIg,loma-linda-california
https://www.ubereats.com/inland-empire/food-delivery/golden-dragon/A9nCVgLeRJysf4fpXQyW_A,loma-linda-california
https://www.ubereats.com/palm-springs/food-delivery/del-taco-602-e-redlands-blvd/lSjaW8cITE6mbH87sNFJfw,loma-linda-california
https://www.ubereats.com/inland-empire/food-delivery/ocean-pho-barton-rd/2Es7C4WjQeKVM8RGfFi98g,loma-linda-california
https://www.ubereats.com/inland-empire/food-delivery/margaritas-grill-restaurant/Ri3Bl5jdRyeqiER87LVL3w,loma-linda-california
https://www.ubereats.com/inland-empire/food-delivery/luna-grill-redlands/dqNoOcSpToKGwWgXd1K5Cg,loma-linda-california
https://www.ubereats.com/inland-empire/food-delivery/krak-boba/U0ZRAkIgQ8aGGeno_vNukw,loma-linda-california
https://www.ubereats.com/inland-empire/food-delivery/poke-bar-891-e-harriman-pl-suite-a/Lmtu7O6dSnSdVmzwGnM6Ug,loma-linda-california
https://www.ubereats.com/palm-springs/food-delivery/369-ramen-%26-poke-moreno-valley/z2_x66bXTN-MwwXMN_xIyQ,loma-linda-california
https://www.ubereats.com/palm-springs/food-delivery/miguels-jr-grand-terrace/Gzhwpc_5R06JNPfewKjGTQ,loma-linda-california
https://www.ubereats.com/palm-springs/food-delivery/culichi-town-rialto/5gwx5hmrTv6MW8ueg9fikw,loma-linda-california
https://www.ubereats.com/inland-empire/food-delivery/subway-1971-w-redlands-blvd/7u8m_TMTQ2W25xUUKLsL4A,loma-linda-california
https://www.ubereats.com/inland-empire/food-delivery/greedy-cat-%E9%A6%8B%E7%8C%AB%E7%83%A4%E9%B1%BC/i4TiR6_cQzijWWGSLG3MHQ,loma-linda-california
https://www.ubereats.com/palm-springs/food-delivery/krispy-krunchy-chicken-605-north-h-street/zJ3rXOHnTgGJP0G25DvO6w,loma-linda-california
https://www.ubereats.com/palm-springs/food-delivery/soho-ramen/aXbKxjK_R6qg1yvMua2lRg,loma-linda-california
https://www.ubereats.com/palm-springs/food-delivery/taste-of-thai/s_gXac6PQnSgk7rPUrY5cQ,loma-linda-california
https://www.ubereats.com/inland-empire/food-delivery/surfer-joes-pizza-eatery/8CkieTdCQ9uesc7KqTlhDA,loma-linda-california
https://www.ubereats.com/inland-empire/food-delivery/carls-jr-green-burrito-192-e-redlands-blvd/4k4JDidwQ86kare8-pExqw,loma-linda-california
https://www.ubereats.com/palm-springs/food-delivery/amapola-rico-taco-baseline/NuQAI9waRtu7nrYAHvUrfQ,loma-linda-california
https://www.ubereats.com/inland-empire/food-delivery/kfc-%2316-24866-redlands-blvd/Ko4U4Et2R4K_DQceadyonQ,loma-linda-california
https://www.ubereats.com/palm-springs/food-delivery/jade-inn-chinese-restaurant/hPuQDi1iQrashYD4hTI4ug,loma-linda-california
https://www.ubereats.com/inland-empire/food-delivery/chuck-e-cheese-777-e-hospitality-ln/sQN0xdUMTJ2NQ7cwZ-2Y3Q,loma-linda-california
https://www.ubereats.com/palm-springs/food-delivery/namaste-indian-kitchen/LMvh10A0RlO5dz61NK2kCQ,loma-linda-california
https://www.ubereats.com/inland-empire/food-delivery/golden-pizza/_hTdzS7AR-qu-LX8kv51Zg,loma-linda-california
https://www.ubereats.com/inland-empire/food-delivery/jack-in-the-box-5700-sycamore-cyn-blvd/cnljUxLqQAmOTG0OKGIp_Q,loma-linda-california
https://www.ubereats.com/palm-springs/food-delivery/tacos-mexico-san-bernardino-ca/RckxIVShTSS8V3Z6rFl2WQ,loma-linda-california
https://www.ubereats.com/inland-empire/food-delivery/del-taco-834-w-valley-blvd/2r0FAafHSMudXmoiB5xiYQ,loma-linda-california
https://www.ubereats.com/palm-springs/food-delivery/del-taco-834-w-valley-blvd/2r0FAafHSMudXmoiB5xiYQ,loma-linda-california
https://www.ubereats.com/palm-springs/food-delivery/carnitas-michoacan/2REWmxFMRGqWFok_YT8eOg,loma-linda-california
https://www.ubereats.com/inland-empire/food-delivery/chipotle-mexican-grill-27511-san-bernardino-ave/_Y7xvcfjQfG2p6J32R367Q,loma-linda-california
https://www.ubereats.com/inland-empire/food-delivery/kays-cafe/XeOgPGQeSEug2sbskj4YVQ,loma-linda-california
https://www.ubereats.com/inland-empire/food-delivery/taco-bell-240-w-base-line-rd/JIJ04TT1SPmMj5yegiBfzA,loma-linda-california
https://www.ubereats.com/palm-springs/food-delivery/hidden-paradise-el-salvador/NA5rB9XiTfihIDzDndzhrA,loma-linda-california
https://www.ubereats.com/inland-empire/food-delivery/starbucks-1280-w-blaine-street-a/QlxL9vsvRD6VgBjWtkPSnQ,loma-linda-california
https://www.ubereats.com/inland-empire/food-delivery/falafel-express/Mb6FNEnZTY22reG3QPWqrA,loma-linda-california
https://www.ubereats.com/inland-empire/food-delivery/new-delhi-palace-cuisine-of-india/fQhkpFH6QtKkQ0J5a6LQsw,loma-linda-california
https://www.ubereats.com/palm-springs/food-delivery/kfc-%2316-24866-redlands-blvd/Ko4U4Et2R4K_DQceadyonQ,loma-linda-california
https://www.ubereats.com/inland-empire/food-delivery/jade-inn/R6l8mEzCT8qmwdpr0F5m3w,loma-linda-california
https://www.ubereats.com/inland-empire/food-delivery/sizzler/n2YwPL4SSB6N7QsnF4sobA,loma-linda-california
https://www.ubereats.com/inland-empire/food-delivery/american-road-trip-bar-%26-grill/r4JgFCUkRoe20Zdp_upR1Q,loma-linda-california
https://www.ubereats.com/palm-springs/food-delivery/rockstar-shrimp/k0So1g9ASk2pOvd8d2Ucsg,loma-linda-california
https://www.ubereats.com/inland-empire/food-delivery/tuition-tacos/DbxWzN-9TB6SdK3FftWjuw,loma-linda-california
https://www.ubereats.com/inland-empire/food-delivery/la-michoacana-signature-treats/3in4GNcySXeetr-p3_hzzw,loma-linda-california
https://www.ubereats.com/inland-empire/food-delivery/the-gourmet-pizza-shoppe/H3iBPttIRK6621_bjTr-Hw,loma-linda-california
https://www.ubereats.com/inland-empire/food-delivery/jamba-juice-12430-day-st-ste-c-4/0cyLXIvaQj-ZEHNdcQX7PA,loma-linda-california
https://www.ubereats.com/palm-springs/food-delivery/hot-dog-on-a-stick-110-inland-ctr/C8P92-wTTpWSHUnWXs6bAA,loma-linda-california
https://www.ubereats.com/inland-empire/food-delivery/starbucks-202-e-valley-blvd/gvKA-plZT-qFNeUqya2vKw,loma-linda-california
https://www.ubereats.com/inland-empire/food-delivery/bk-subs-loma-linda/VexN3bu0QkCKhLUq3vm68g,loma-linda-california
https://www.ubereats.com/inland-empire/food-delivery/krispy-krunchy-chicken-rialto/0iedXe2lRc-Xq5yF01Vwdg,loma-linda-california
https://www.ubereats.com/inland-empire/food-delivery/papa-johns-loma-linda/WoI-ekM2RSeFcNN-kBcQUQ,loma-linda-california
https://www.ubereats.com/inland-empire/food-delivery/el-pollo-loco-12821-moreno-beach-dr6023/3-cxkSEuTReVYWVaCh7pUQ,loma-linda-california
https://www.ubereats.com/inland-empire/food-delivery/culichi-town-rialto/5gwx5hmrTv6MW8ueg9fikw,loma-linda-california
https://www.ubereats.com/inland-empire/food-delivery/carls-jr-1205-colton-ave/nh-bXG1sSLuHcuAV29FrGQ,loma-linda-california
https://www.ubereats.com/inland-empire/food-delivery/sunnymead-burgers/NETFFRNBT2yLroWy1yj75Q,loma-linda-california
https://www.ubereats.com/inland-empire/food-delivery/mollys-cafe/HyUvZgPyQBegByD9m88j7w,loma-linda-california
https://www.ubereats.com/inland-empire/food-delivery/hong-kong-express/5yDAjbZCQ3OUTbUR5xaTQw,loma-linda-california
https://www.ubereats.com/inland-empire/food-delivery/golden-corral-325-e-hospitality-lane/HoqI2zIGSpOAVx2na3iBCA,loma-linda-california
https://www.ubereats.com/inland-empire/food-delivery/taste-of-thai/s_gXac6PQnSgk7rPUrY5cQ,loma-linda-california
https://www.ubereats.com/palm-springs/food-delivery/ihop-2575-highland-ave/xi5ttCaiTa2YaMdaRK5DZg,loma-linda-california
https://www.ubereats.com/inland-empire/food-delivery/bakery-sweetpea-%26-me/1Hzs7YwiQ4KWHUCrVjqvRQ,loma-linda-california
https://www.ubereats.com/inland-empire/food-delivery/jojos-grill-a-dog-redlands/jqrxz-pkT9WEcl9I_hX_HA,loma-linda-california
https://www.ubereats.com/palm-springs/food-delivery/red-lobster-195-e-hospitality-lane/bvzWXz6GRPGYB151OxAjYQ,loma-linda-california
https://www.ubereats.com/inland-empire/food-delivery/mcdonalds-1575-e-highland-ave/oXRAwQuJT_2cN1uVucd0Qg,loma-linda-california
https://www.ubereats.com/inland-empire/food-delivery/burger-king-487-west-highland/TEc7yuX7RB23H7Az1W4uWg,loma-linda-california
https://www.ubereats.com/inland-empire/food-delivery/red-panka/mpU8lXuyQDid3kkpYBy7Fw,loma-linda-california
https://www.ubereats.com/inland-empire/food-delivery/farmer-boys-university-ave/z32CHI7CRwWmkbgdkaGXKA,loma-linda-california
https://www.ubereats.com/inland-empire/food-delivery/mcdonalds-612-e-redlands-blvd/JhehMfbGQVyyuMBFlsgufA,loma-linda-california
https://www.ubereats.com/inland-empire/food-delivery/red-lobster-195-e-hospitality-lane/bvzWXz6GRPGYB151OxAjYQ,loma-linda-california
https://www.ubereats.com/inland-empire/food-delivery/tios-tacos-jr/XmqqYq8tQsC3JpsgoHMO0g,loma-linda-california
https://www.ubereats.com/inland-empire/food-delivery/lotus-garden/FXrzY0A2Tfu7COQ6IRpJxg,loma-linda-california
https://www.ubereats.com/inland-empire/food-delivery/cinnabon-500-inland-center-dr/Z7z8_pNWSXuQ3BJE0CyTgw,loma-linda-california
https://www.ubereats.com/palm-springs/food-delivery/del-taco-2665-s-waterman-ave/CuOyaMpKSq6PQjjkAEy--g,loma-linda-california
https://www.ubereats.com/palm-springs/food-delivery/cha2o/mkSlUn_7QJWB9-Lz7ghfpw,loma-linda-california
https://www.ubereats.com/inland-empire/food-delivery/jack-in-the-box-27734-baseline-st/by94PpkKQ7GavHKf9M37Kg,loma-linda-california
https://www.ubereats.com/palm-springs/food-delivery/kfc-%2346-4694-university-pkwy/XcWqpEoyRuWolMnUWY3x3Q,loma-linda-california
https://www.ubereats.com/palm-springs/food-delivery/la-concha-coastal-mexican-grill/La_JW31dSCOWbyznBVPBGw,loma-linda-california
https://www.ubereats.com/palm-springs/food-delivery/genkiyaki/aYmKcrBYQvqLRha_J0ZKLw,loma-linda-california
https://www.ubereats.com/inland-empire/food-delivery/nekter-juice-bar-redlands/w-EtiCX7RKu0Syd54U5rng,loma-linda-california
https://www.ubereats.com/palm-springs/food-delivery/mod-pizza-redlands/UC3bX1OxQKa_eJzz-XxoKQ,loma-linda-california
https://www.ubereats.com/inland-empire/food-delivery/pasquallys-pizza-%26-wings-777-east-hospitality-lane/c2m5yL2XRYanuwYqzQYvNQ,loma-linda-california
https://www.ubereats.com/inland-empire/food-delivery/five-guys-ca-1447-525-e-hospitality-ln/tKsYRknTRoWJOb1DHmxU_A,loma-linda-california
https://www.ubereats.com/inland-empire/food-delivery/waba-grill-1920-e-highland-ave-san-bernardino/ndAIvqoNTmKwzAo4mCVgAQ,loma-linda-california
https://www.ubereats.com/palm-springs/food-delivery/popeyes-198-e-redlands-blvd/Nzoh8KU8QiSwINWgZAEzPw,loma-linda-california
https://www.ubereats.com/inland-empire/food-delivery/mcdonalds-1201-s-mount-vernon-ave/Fu9PkdNaQ92pfIGFG-KJiQ,loma-linda-california
https://www.ubereats.com/palm-springs/food-delivery/la-casa-del-taco/OpeyVZ53QrC7Uxpsbcf0jA,loma-linda-california
https://www.ubereats.com/inland-empire/food-delivery/carls-jr-green-burrito-25536-barton-rd/tap06vmXTnWv4sUZE58k7A,loma-linda-california
https://www.ubereats.com/inland-empire/food-delivery/starbucks-126-e-redlands-blvd/akfjXw_sQZmQGc872nYSiA,loma-linda-california
https://www.ubereats.com/inland-empire/food-delivery/cracker-barrel-old-country-store-1080-west-renaissance-pwky/vuEEGAVaTIGPDPgffeSDvg,loma-linda-california
https://www.ubereats.com/inland-empire/food-delivery/wienerschnitzel-2011-e-washington-street/uBjBtSJZTwu5TmBhnHcVTA,loma-linda-california
https://www.ubereats.com/palm-springs/food-delivery/miguels-jr-redlands/EV3tQs-ISrysgtd8f8cuBw,loma-linda-california
https://www.ubereats.com/inland-empire/food-delivery/amampola-rico-taco-27627-baseline/42DsMrdSTUuC0cd0XQZInA,loma-linda-california
https://www.ubereats.com/palm-springs/food-delivery/yogurtland-12515-frederick-st/eVvpVDw9Qk6kijiHNU5TEg,loma-linda-california
https://www.ubereats.com/inland-empire/food-delivery/king-kebab/Z4weHhkwRHemnYAkxbGLgQ,loma-linda-california
https://www.ubereats.com/palm-springs/food-delivery/getaway-cafe/t76wziP3SC6S7vHsoWdqSQ,loma-linda-california
https://www.ubereats.com/inland-empire/food-delivery/kfc-taco-bell-7347-boulder-ave/CP6k1KVpSq-SS4acpIn1rg,loma-linda-california
https://www.ubereats.com/inland-empire/food-delivery/bravos-california-fresh-moreno-valley/OHrI7zQeSCSnCJz_Y-ZlsQ,loma-linda-california
https://www.ubereats.com/inland-empire/food-delivery/del-taco-1010-e-washington-st/7BAIWM34S5Cj6PeUAuarMA,loma-linda-california
https://www.ubereats.com/palm-springs/food-delivery/wienerschnitzel-1102-n-waterman/iovcjWqtRWyOAIEGKigITg,loma-linda-california
https://www.ubereats.com/inland-empire/food-delivery/california-pizza-kitchen-3540-riverside-plaza-ste-%23308/xo50G-JZRFaC_h2a4N3DrQ,loma-linda-california
https://www.ubereats.com/inland-empire/food-delivery/el-super-san-bernardino-9th-37/W2TJELUSSy2gTox2G6lljg,loma-linda-california
https://www.ubereats.com/inland-empire/food-delivery/frice/gumQpWcbTB-Kl4BwSlo04A,loma-linda-california
https://www.ubereats.com/inland-empire/food-delivery/waba-grill-24940-redlands-blvd-loma-linda/DK7LUX9CQie1CBDOWqq1ng,loma-linda-california
https://www.ubereats.com/inland-empire/food-delivery/dairy-queen-treat-moreno-valley-mall-2250/zpOpOMmBS5uNu_nfiUFtbw,loma-linda-california
https://www.ubereats.com/inland-empire/food-delivery/dairy-queen-grill-%26-chill-18525-valley-blvd/ZbauseIyR4KWotKhgIIYhA,loma-linda-california
https://www.ubereats.com/palm-springs/food-delivery/the-habit-burger-grill-12560-day-street-ste-a/d0cJ2V3bRQSIGbhrxsp3iw,loma-linda-california
https://www.ubereats.com/palm-springs/food-delivery/river-khwae-thai-cuisine/jtG3icv1Spa0cnjaSGxmMQ,loma-linda-california
https://www.ubereats.com/palm-springs/food-delivery/golden-china-restaurant/OVQR82v4RsCoCxis9yxCvg,loma-linda-california
https://www.ubereats.com/inland-empire/food-delivery/the-tamale-factory/YFs3Hc3iTpWHfySg95GwUA,loma-linda-california
https://www.ubereats.com/inland-empire/food-delivery/mill-creek-bbq-%26-burger/INCdXdIGQGGAeDcBWMy4TA,loma-linda-california
https://www.ubereats.com/inland-empire/food-delivery/ihop-2575-highland-ave/xi5ttCaiTa2YaMdaRK5DZg,loma-linda-california
https://www.ubereats.com/inland-empire/food-delivery/miguels-jr-grand-terrace/Gzhwpc_5R06JNPfewKjGTQ,loma-linda-california
https://www.ubereats.com/inland-empire/food-delivery/subway-2097-e-washington-st/qQi299y1SYSafimXsvJVKA,loma-linda-california
https://www.ubereats.com/inland-empire/food-delivery/jack-in-the-box-2062-w-redlands-blvd/gY_eqmulSfSa-qvmmq7e3Q,loma-linda-california
https://www.ubereats.com/inland-empire/food-delivery/mcdonalds-27774-baseline-ave/DNFEUBpaSpa4bS99yGWyJg,loma-linda-california
https://www.ubereats.com/inland-empire/food-delivery/five-guys-ca-1333-12515-frederick-st/WSgvDTZ1Q-mXsV6suRs9uw,loma-linda-california
https://www.ubereats.com/inland-empire/food-delivery/karma-burger/6kM6OVVzT8OXlhdoOzUtpg,loma-linda-california
https://www.ubereats.com/inland-empire/food-delivery/mcdonalds-699-2nd-st/VgqgQzvJRXeKLb6d2v5W5g,loma-linda-california
https://www.ubereats.com/palm-springs/food-delivery/mr-rice/-W1FTV-tSfu5uKRNDjLqIw,loma-linda-california
https://www.ubereats.com/inland-empire/food-delivery/mcdonalds-22257-barton-rd/u3mZzCC5RNyOm6kq1U6Mqw,loma-linda-california
https://www.ubereats.com/inland-empire/food-delivery/la-concha-coastal-mexican-grill/La_JW31dSCOWbyznBVPBGw,loma-linda-california
https://www.ubereats.com/palm-springs/food-delivery/sizzler/n2YwPL4SSB6N7QsnF4sobA,loma-linda-california
https://www.ubereats.com/inland-empire/food-delivery/mill-creek-cattle-company/pnRycds9TzuUct07ZmG3HA,loma-linda-california
https://www.ubereats.com/palm-springs/food-delivery/panda-express-900-university-ave/nKtbPj43Q5ekMq1CiUOlsg,loma-linda-california
https://www.ubereats.com/inland-empire/food-delivery/el-pollo-loco-2720-canyon-springs-pkwy6012/-PP_DqOmSEifnQh03TuJgQ,loma-linda-california
https://www.ubereats.com/inland-empire/food-delivery/krispy-krunchy-chicken-605-north-h-street/zJ3rXOHnTgGJP0G25DvO6w,loma-linda-california
https://www.ubereats.com/inland-empire/food-delivery/kabab-el-basha/J90dn71sQDOeLIwYaIX_Wg,loma-linda-california
https://www.ubereats.com/palm-springs/food-delivery/amampola-rico-taco-27627-baseline/42DsMrdSTUuC0cd0XQZInA,loma-linda-california
https://www.ubereats.com/inland-empire/food-delivery/dia-de-los-puercos-riverside/_AcbfCqUSaOWfisSCXnXOQ,loma-linda-california
https://www.ubereats.com/palm-springs/food-delivery/kfc-taco-bell-792-w-valley-blvd/vfB6447fRQqCf2sulRc5WA,loma-linda-california
https://www.ubereats.com/palm-springs/food-delivery/pho-shack-noodles-and-grill/7mzsL1V5Q-u_jnXIkgs62g,loma-linda-california
https://www.ubereats.com/palm-springs/food-delivery/chapala-restaurant/0EAyh6TQRtyu8_wJusskGw,loma-linda-california
https://www.ubereats.com/palm-springs/food-delivery/kung-fu-pho/Rf_Ko2YXQue4tTymfZfWnA,loma-linda-california
https://www.ubereats.com/inland-empire/food-delivery/jack-in-the-box-4020-university-pkwy/dV_0-ZYuRYKZpJKvz4MvIw,loma-linda-california
https://www.ubereats.com/palm-springs/food-delivery/dia-de-los-puercos-riverside/_AcbfCqUSaOWfisSCXnXOQ,loma-linda-california
https://www.ubereats.com/palm-springs/food-delivery/la-michoacana-delicious-ice-cream/5JXCDM1cR1GY2RkNPc6oxA,loma-linda-california
https://www.ubereats.com/inland-empire/food-delivery/jade-inn-chinese-restaurant/hPuQDi1iQrashYD4hTI4ug,loma-linda-california
https://www.ubereats.com/inland-empire/food-delivery/el-super-san-bernardino-baseline-38/ADHI0TSkTlqw-0V3Hbc3GA,loma-linda-california
https://www.ubereats.com/inland-empire/food-delivery/jack-in-the-box-495-n-d-st/zVYjMUXLQhCI0NjsBkiHNg,loma-linda-california
https://www.ubereats.com/inland-empire/food-delivery/kung-fu-pho/Rf_Ko2YXQue4tTymfZfWnA,loma-linda-california
https://www.ubereats.com/inland-empire/food-delivery/burgerim-1201-university-ave-%23110/-hvDQmIbQXKsxxIaC0J4vg,loma-linda-california
https://www.ubereats.com/palm-springs/food-delivery/the-wall-restaurant-redlands/Sy0yZUhaRyWD0R1VmQky7g,loma-linda-california
https://www.ubereats.com/palm-springs/food-delivery/carls-jr-25055-elder-ave/kSsyyr8jSECam__cAIf6dA,loma-linda-california
https://www.ubereats.com/inland-empire/food-delivery/el-torito-118-e-hospitality-lane/1SADsnvhRbSOzalEoS76Nw,loma-linda-california
https://www.ubereats.com/inland-empire/food-delivery/el-pollo-loco-1210-w-colton-ave5790/bl-2IuEHRCOkEmTBqWPyYQ,loma-linda-california
https://www.ubereats.com/inland-empire/food-delivery/chapter-two/jRH0F2PjRSGmmmLAVGC5Jw,loma-linda-california
https://www.ubereats.com/inland-empire/food-delivery/waba-grill-4077-university-pkwy-san-bernardino/ti9nK2C2S8q5ZRqjqyUJPw,loma-linda-california
https://www.ubereats.com/inland-empire/food-delivery/pieology-pizzeria-623-orange-st/BegqtLBDQn6a0q4R3zwulg,loma-linda-california
https://www.ubereats.com/inland-empire/food-delivery/coffee-nutzz/B6-pE6wzQc2kyjaQYvXZpw,loma-linda-california
https://www.ubereats.com/inland-empire/food-delivery/waba-grill-2585-canyon-springs-parkway-riverside/-cTFfyY5S4C5NYFHDwiEeQ,loma-linda-california
https://www.ubereats.com/inland-empire/food-delivery/el-pollo-loco-2200-university-ave3695/FjfY02KLRUGbVohI2OaOaw,loma-linda-california
https://www.ubereats.com/palm-springs/food-delivery/sushi-kinoya/BbCdcqwETKyD7be0ZtzxVQ,loma-linda-california
https://www.ubereats.com/inland-empire/food-delivery/jersey-mikes-subs-10040-alabama-street/Q8DJvrd-RzO5WTWujjYSXA,loma-linda-california
https://www.ubereats.com/palm-springs/food-delivery/family-fusion-cocina/5DpWl5JAT0mi_AnGe_HRNg,loma-linda-california
https://www.ubereats.com/palm-springs/food-delivery/kfc-33911-yucaipa-boulevard/NJlvwnLfQnme9fh8hJTZbw,loma-linda-california
https://www.ubereats.com/palm-springs/food-delivery/hiccups-loma-linda/45-_wOuyROK6OAtXKmYMiw,loma-linda-california
https://www.ubereats.com/inland-empire/food-delivery/schooners-burgers-n-beer/d6T_AUBWR46YLOIf7pSU3w,loma-linda-california
https://www.ubereats.com/inland-empire/food-delivery/the-wall-restaurant-redlands/Sy0yZUhaRyWD0R1VmQky7g,loma-linda-california
https://www.ubereats.com/inland-empire/food-delivery/jamba-juice-27993-greenspot-rd-ste-20/XNWX6QXhQdS1JOwrQvyTAA,loma-linda-california
https://www.ubereats.com/inland-empire/food-delivery/la-michoacana-s-mt-vernon-ave/BHcYY_ccQbS16dlGCgbn-g,loma-linda-california
https://www.ubereats.com/inland-empire/food-delivery/panda-express-2005-w-redlands-blvd/2pkDo2hBS5aqL3uIBBAs3A,loma-linda-california
https://www.ubereats.com/inland-empire/food-delivery/burger-king-2167-university-avenue/c8qKMc_ZQ0OKa_QXQT3PxQ,loma-linda-california
https://www.ubereats.com/palm-springs/food-delivery/garden-thai-cuisine/Wh1reSjeTV-0fM7yVuUYBg,loma-linda-california
https://www.ubereats.com/palm-springs/food-delivery/auntie-annes-22500-town-cir-ste-1048/w7fx6JQbS-qoOCrbn_gjDw,loma-linda-california
https://www.ubereats.com/inland-empire/food-delivery/del-taco-602-e-redlands-blvd/lSjaW8cITE6mbH87sNFJfw,loma-linda-california
https://www.ubereats.com/inland-empire/food-delivery/sushi-train/J_Pws-JcRamRvxW6eunJUQ,loma-linda-california
https://www.ubereats.com/palm-springs/food-delivery/plant-power-fast-food/SEkazwGnTsG1A7BpGuBT8Q,loma-linda-california
https://www.ubereats.com/inland-empire/food-delivery/el-super-san-bernardino-mt-vernon-39/TGmCVba0RDmx-MSkU_tiVw,loma-linda-california
https://www.ubereats.com/inland-empire/food-delivery/the-cali-grub/Tr9XHiLNSjO4KfG1nWZBuw,loma-linda-california
https://www.ubereats.com/inland-empire/food-delivery/papa-johns-highland/xwKbMWJpRZ694HZev2C7qw,loma-linda-california
https://www.ubereats.com/palm-springs/food-delivery/baja-fresh-745-e-hospitality-ln-ste-c/Y1bJcr8NTTidI1aaiaPcTw,loma-linda-california
https://www.ubereats.com/inland-empire/food-delivery/tacos-arandas-moreno-valley/bBY7Hmh-QlWeieyZjV8Vdw,loma-linda-california
https://www.ubereats.com/inland-empire/food-delivery/tacos-los-compadres/0a3vBq7YQzamW-oYtHR3gQ,loma-linda-california
https://www.ubereats.com/palm-springs/food-delivery/seattles-best-teriyaki/E5CS36tJRrCbiW7ToLgzhg,loma-linda-california
https://www.ubereats.com/inland-empire/food-delivery/jersey-mikes-subs-400-w-stuart-avenue/7ATyrFo5QYytz6cowrORMw,loma-linda-california
https://www.ubereats.com/palm-springs/food-delivery/rubios-1201-university-avenue/d5MTzxoZQ7S0WNFc2PdUpA,loma-linda-california
https://www.ubereats.com/palm-springs/food-delivery/el-super-san-bernardino-mt-vernon-39/TGmCVba0RDmx-MSkU_tiVw,loma-linda-california
https://www.ubereats.com/inland-empire/food-delivery/winchells-donut-house-1705-university-ave/GJZp2FnoQWmhKxU_zg_qNw,loma-linda-california
https://www.ubereats.com/inland-empire/food-delivery/rockstar-shrimp/k0So1g9ASk2pOvd8d2Ucsg,loma-linda-california
https://www.ubereats.com/inland-empire/food-delivery/woodys-classic-grill/kq6qcnUaQd2MsNmvCJ_syQ,loma-linda-california
https://www.ubereats.com/inland-empire/food-delivery/firehouse-subs-loma-linda/53vRfIE_T6ykbysOFXaVcg,loma-linda-california
https://www.ubereats.com/inland-empire/food-delivery/subway-1760-tippecanoe-ave/t8O1OY3vSgegM3kAIK4wWQ,loma-linda-california
https://www.ubereats.com/palm-springs/food-delivery/jasmine-thai-cuisine/dZkE_lLHQ16CQHPG4okn_Q,loma-linda-california
https://www.ubereats.com/inland-empire/food-delivery/nickelodeon-pizza/yZMHxMXITP-Qq8leBtwqdQ,loma-linda-california
https://www.ubereats.com/inland-empire/food-delivery/jack-in-the-box-14485-moreno-beach-dr/c2j6P2nBR0eYS0N2U9-a3Q,loma-linda-california
https://www.ubereats.com/inland-empire/food-delivery/strawberry-casual-kitchen/S3DKAHLuTVeZYWffvJI9bw,loma-linda-california
https://www.ubereats.com/inland-empire/food-delivery/burrito-boss-alessandro-blvd/QnGaXuY0R16vz1lwv4msJA,loma-linda-california
https://www.ubereats.com/inland-empire/food-delivery/farmer-boys-alessando-blvd/spOqJ2JDReuO2yjVMHuf2w,loma-linda-california
https://www.ubereats.com/inland-empire/food-delivery/eureka!-redlands/oqlIEz4-SzSvr3yYCpu6Aw,loma-linda-california
https://www.ubereats.com/inland-empire/food-delivery/rallys-12721-moreno-beach-dr/YJBGKaaWRMmpolR-ccnsBQ,loma-linda-california
https://www.ubereats.com/inland-empire/food-delivery/hooters-6225-valley-springs-pkwy/CYM-cgETTA6nGqxofjbxtA,loma-linda-california
https://www.ubereats.com/inland-empire/food-delivery/rays-pizza-riverside/KM6qx4LRSbKYsC7QAo-mdQ,loma-linda-california
https://www.ubereats.com/palm-springs/food-delivery/new-delhi-palace-cuisine-of-india/fQhkpFH6QtKkQ0J5a6LQsw,loma-linda-california
https://www.ubereats.com/inland-empire/food-delivery/pi-grill/5KZgwxX0QQ2i8BT-gC0Tbg,loma-linda-california
https://www.ubereats.com/palm-springs/food-delivery/perris-burgers/o6tPDK5mQCidj6vNRRlVtg,loma-linda-california
https://www.ubereats.com/palm-springs/food-delivery/delhi-palace/OFesaDm3TxiHzQANegKirA,loma-linda-california
https://www.ubereats.com/palm-springs/food-delivery/del-taco-1624-w-redlands-blvd/v3hQqt03Qfe0S3i1JUaeIg,loma-linda-california
https://www.ubereats.com/inland-empire/food-delivery/macaroni-grill-redlands/ddIAzv6BRma_6S7PFpuLIA,loma-linda-california
https://www.ubereats.com/palm-springs/food-delivery/chipotle-mexican-grill-27511-san-bernardino-ave/_Y7xvcfjQfG2p6J32R367Q,loma-linda-california
https://www.ubereats.com/inland-empire/food-delivery/del-taco-2002-e-highland-ave/bwWTij3RTjqNTcf3m8ay6g,loma-linda-california
https://www.ubereats.com/inland-empire/food-delivery/five-guys-ca-1271-10060-alabama-street/fY4rXyYCToSu9RpYywGrmQ,loma-linda-california
https://www.ubereats.com/inland-empire/food-delivery/panera-1056-e-hospitality-lane/a8izKi1sRreJtXoSeF1L8A,loma-linda-california
https://www.ubereats.com/inland-empire/food-delivery/bk-subs-redlands/bxqBpA31ShyBXa2XphrCWQ,loma-linda-california
https://www.ubereats.com/palm-springs/food-delivery/del-taco-27923-greenspot-road/MpY_69nHRE6skVA-Iu9_Dg,loma-linda-california
https://www.ubereats.com/inland-empire/food-delivery/nekter-juice-bar-riverside/15FQIWPPQhG3HiaZRzMpYw,loma-linda-california
https://www.ubereats.com/inland-empire/food-delivery/jersey-mikes-subs-26150-iris-ave/xwXSRXpDSjCkKhQPwzFVmA,loma-linda-california
https://www.ubereats.com/inland-empire/food-delivery/gazzolos-sausage-co-restaurant-%26-delicatessen/Z5WA7rWVT-SbbvyGrfU8ew,loma-linda-california
https://www.ubereats.com/inland-empire/food-delivery/subway-23845-sunnymead-blvd/udG-zGt-TuGfgaot3bcNFA,loma-linda-california
https://www.ubereats.com/inland-empire/food-delivery/red-robin-598-27476-lugonia-ave/iyYh_a0QTiKZLlNvQCT0fw,loma-linda-california
https://www.ubereats.com/inland-empire/food-delivery/jamba-juice-1242-university-ave-ste-3/eTVDPmyzQgaEOLJbHTcZ8w,loma-linda-california
https://www.ubereats.com/inland-empire/food-delivery/jamba-juice-1078-east-hospitality-lane-ste-f/5Kg6sXusS72g9iiWEPvZcA,loma-linda-california
https://www.ubereats.com/inland-empire/food-delivery/golden-pizza/-Mn-_oKbSi6efEX5IO4czA,loma-linda-california
https://www.ubereats.com/inland-empire/food-delivery/carls-jr-4424-university-parkway/FIxQTgHpQWuCljT4GstIzQ,loma-linda-california
https://www.ubereats.com/inland-empire/food-delivery/the-habit-burger-grill-27511-san-bernardino-ave-suite-100/KiyTkGgKTG-26QFCdQmpPw,loma-linda-california
https://www.ubereats.com/palm-springs/food-delivery/soho-ramen/YwrBbZBDTfG03ILrso1PmA,loma-linda-california
https://www.ubereats.com/inland-empire/food-delivery/wendys-1110-s-mt-vernon-ave/8VacwdP_SFuc-XhZdPRyOw,loma-linda-california
https://www.ubereats.com/palm-springs/food-delivery/culichi-town-moreno-valley/4Z6Oqa_QQ8aenWtBADEgOQ,loma-linda-california
https://www.ubereats.com/palm-springs/food-delivery/gandhi-indian-cuisine-%26-banquet/FOIkqKcTSW62ovUy28KKfQ,loma-linda-california
https://www.ubereats.com/palm-springs/food-delivery/miyagi-sushi/ADxLllz_TtOIvQIK4a4ZSw,loma-linda-california
https://www.ubereats.com/inland-empire/food-delivery/taco-bell-797-2nd-street/WhecXDXbRompevTr6_TEAA,loma-linda-california
https://www.ubereats.com/inland-empire/food-delivery/mcdonalds-2246-iowa-avenue/QiFXzGtrRQmFkpHro--xkA,loma-linda-california
https://www.ubereats.com/inland-empire/food-delivery/outback-steakhouse-620-e-hospitality-lane/Eq32F5WqQemJo6XrhD78ow,loma-linda-california
https://www.ubereats.com/inland-empire/food-delivery/ocean-pho-san-bernardino-ave/puUB3yCBSv6vEUurrCEvFw,loma-linda-california
https://www.ubereats.com/inland-empire/food-delivery/miguels-jr-redlands/EV3tQs-ISrysgtd8f8cuBw,loma-linda-california
https://www.ubereats.com/inland-empire/food-delivery/carls-jr-1505-e-highland-ave/hFcKl9uLTqmF9xmLuIFRbw,loma-linda-california
https://www.ubereats.com/inland-empire/food-delivery/waba-grill-25717-barton-rd-loma-linda/GjvUf6t6SIyJi6fLtD8nxw,loma-linda-california
https://www.ubereats.com/inland-empire/food-delivery/the-habit-burger-grill-1550-w-valley-blvd-unit-a/LXTgN02lTji3YY9KkCDJNg,loma-linda-california
https://www.ubereats.com/inland-empire/food-delivery/mcdonalds-568-s-mt-vernon-ave/J-HweiruTB-pXONgMEVYQw,loma-linda-california
https://www.ubereats.com/inland-empire/food-delivery/dennys-1180-alabama-st/RuveKbR0TyeKiDZmHTmXHw,loma-linda-california
https://www.ubereats.com/inland-empire/food-delivery/tacos-mexico-san-bernardino-ca/RckxIVShTSS8V3Z6rFl2WQ,loma-linda-california
https://www.ubereats.com/inland-empire/food-delivery/waba-grill-3993-north-sierra-way-san-bernardino/yzk0okvwQ6WILfbSwzloVA,loma-linda-california
https://www.ubereats.com/palm-springs/food-delivery/del-taco-23573-sunnymead-ranch-pkwy/H605Q4EqTP6JerXOqC37kg,loma-linda-california
https://www.ubereats.com/inland-empire/food-delivery/del-taco-23573-sunnymead-ranch-pkwy/H605Q4EqTP6JerXOqC37kg,loma-linda-california
https://www.ubereats.com/palm-springs/food-delivery/applebees-12600-day-street-%2379065/okWwR3IET6yMk6kzZfkuOg,loma-linda-california
https://www.ubereats.com/inland-empire/food-delivery/pizza-fuego-san-bernardino/kGN85WD6StmSgRaU9WkMIw,loma-linda-california
https://www.ubereats.com/inland-empire/food-delivery/carls-jr-7261-boulder-ave/PeVgPkuvSqC6FegO0bDW2Q,loma-linda-california
https://www.ubereats.com/inland-empire/food-delivery/mcdonalds-23831-sunnymead-blvd/wQk26DASRIiljarWdMTLAw,loma-linda-california
https://www.ubereats.com/inland-empire/food-delivery/golden-china-restaurant/OVQR82v4RsCoCxis9yxCvg,loma-linda-california
https://www.ubereats.com/inland-empire/food-delivery/black-bear-diner-24949-sunnymead-boulevard/fJ2sJAAWR9iYCs1-UHisoQ,loma-linda-california
https://www.ubereats.com/palm-springs/food-delivery/machete-taqueria/V3eW68NwRyGF-pJuD2JJNQ,loma-linda-california
https://www.ubereats.com/inland-empire/food-delivery/the-old-spaghetti-factory-riverside/RM5q7ESnSiS-iByX8d-m4A,loma-linda-california
https://www.ubereats.com/inland-empire/food-delivery/farmer-boys-kendall-drive/3EL62pmaRp6U2UDF6iPjRg,loma-linda-california
https://www.ubereats.com/inland-empire/food-delivery/ihop-1630-industrial-park-ave/pA7nNfldQkqltMy_fSuV-A,loma-linda-california
https://www.ubereats.com/inland-empire/food-delivery/jasmine-thai-cuisine/dZkE_lLHQ16CQHPG4okn_Q,loma-linda-california
https://www.ubereats.com/inland-empire/food-delivery/verve-taco/m1X4rqDoSUS7OkjDPAoyOg,loma-linda-california
https://www.ubereats.com/inland-empire/food-delivery/isabellas-ristorante-italiano/7pIoZ9YRSMSUGGe4pyJNAA,loma-linda-california
https://www.ubereats.com/palm-springs/food-delivery/zapatas-mexican-restaurant-moreno-valley/pSiPR33dRLCKOZ1PCP1gYg,loma-linda-california
https://www.ubereats.com/inland-empire/food-delivery/castanedas-mexican-food-university-ave-riverside-ca/Kwok3zrBT72TDfz771UwPw,loma-linda-california
https://www.ubereats.com/palm-springs/food-delivery/yogurtland-631-orange-st/pOJeZm8ZQUaX7G_-SHvwiw,loma-linda-california
https://www.ubereats.com/inland-empire/food-delivery/carls-jr-25055-elder-ave/kSsyyr8jSECam__cAIf6dA,loma-linda-california
