url,city
https://www.ubereats.com/palm-springs/food-delivery/del-taco-6269-pats-ranch-road/QvXbPbUDRsK4x4AWAPAbCg,mira-loma-california
https://www.ubereats.com/palm-springs/food-delivery/frice/gumQpWcbTB-Kl4BwSlo04A,mira-loma-california
https://www.ubereats.com/palm-springs/food-delivery/mr-taco-fresh-mexican-grill-main-st/z8PTh1JMR56c6d8fhRkxhQ,mira-loma-california
https://www.ubereats.com/inland-empire/food-delivery/time-2-taco/Uw_jOHEdTW2Np1IA93vPZg,mira-loma-california
https://www.ubereats.com/palm-springs/food-delivery/california-thai-kitchen/4Gabt7npRjKdWHNifCW_Pg,mira-loma-california
https://www.ubereats.com/inland-empire/food-delivery/waba-grill-577-n-mckinley-st-corona/CLfSOKjjSuOxYSYCd-Hm5A,mira-loma-california
https://www.ubereats.com/palm-springs/food-delivery/the-u-pitas-%26-bowls/EpM6_0wVTmuJTuGZLAoG_g,mira-loma-california
https://www.ubereats.com/palm-springs/food-delivery/chipotle-mexican-grill-1160-e-ontario-ave-ste-101/U8n3E-vcS1-5apkET7i1Vg,mira-loma-california
https://www.ubereats.com/inland-empire/food-delivery/el-torito-2240-griffin-way/zBcs9QK0SOeM9NxaGonHzA,mira-loma-california
https://www.ubereats.com/palm-springs/food-delivery/waba-grill-4834-etiwanda-ave-203/qhXaqPu5TIaaQZcXRXt8fQ,mira-loma-california
https://www.ubereats.com/palm-springs/food-delivery/five-guys-ca-1850-10540-sierra-ave/8hUvhHm0Q_2oxOW9n02R9A,mira-loma-california
https://www.ubereats.com/inland-empire/food-delivery/del-taco-9002-arlington-ave/6yfXWJT5QcGI6cZBzjweMA,mira-loma-california
https://www.ubereats.com/inland-empire/food-delivery/five-guys-ca-1318-2690-tuscany-st/WlvpDzBTSw2fzBaWAJfbaw,mira-loma-california
https://www.ubereats.com/palm-springs/food-delivery/auntie-annes-2057-galleria-at-tyler/iC5XV00VRwCkXuVSajXPbg,mira-loma-california
https://www.ubereats.com/inland-empire/food-delivery/sharetea-riverside/Fmb7lqoASBaQqtprsO5ZVQ,mira-loma-california
https://www.ubereats.com/palm-springs/food-delivery/edible-arrangements-1150-el-camino-ave/KAbx1wOZTRyR-x2mGeI5Iw,mira-loma-california
https://www.ubereats.com/palm-springs/food-delivery/wabi-sabi-sushi-%26-teppan/tDRFoAU6RCCZizgL3TYM0g,mira-loma-california
https://www.ubereats.com/palm-springs/food-delivery/pf-changs-3475-tyler-st/2waPt21URwaLD94HJBor-Q,mira-loma-california
https://www.ubereats.com/palm-springs/food-delivery/crumbles-cookies/q4XnOh8VQZiwhX7NVByrKw,mira-loma-california
https://www.ubereats.com/inland-empire/food-delivery/mr-taco-fresh-mexican-grill-main-st/z8PTh1JMR56c6d8fhRkxhQ,mira-loma-california
https://www.ubereats.com/inland-empire/food-delivery/mr-taco-fresh-mexican-grill-van-buren/wjWzTKbETcO-n3Ur6Wuybg,mira-loma-california
https://www.ubereats.com/inland-empire/food-delivery/brandons-diner-ontario/x7nnQk71Q3SWHeqX0B7HJQ,mira-loma-california
https://www.ubereats.com/palm-springs/food-delivery/miguels-jr-eastvale/KF_ZKcg3RKCzdExND0RswQ,mira-loma-california
https://www.ubereats.com/palm-springs/food-delivery/chipotle-mexican-grill-2560-tuscany-st-ste-102/RAMyGgggSEiycmr7cc38Gg,mira-loma-california
https://www.ubereats.com/inland-empire/food-delivery/shamrocks-pub-and-grill/ysBGsj7xRayy2ZHvlCtzXw,mira-loma-california
https://www.ubereats.com/palm-springs/food-delivery/sonic-9505-magnolia-ave/EwrAAY_lR4GsWpMIBl-6Kw,mira-loma-california
https://www.ubereats.com/palm-springs/food-delivery/carls-jr-4282-market-st/SfRGDmJdQOCJzKPmQFv0hg,mira-loma-california
https://www.ubereats.com/palm-springs/food-delivery/pita-street-limonite/KN8Ks_rYTgiwyIZZs-H1dw,mira-loma-california
https://www.ubereats.com/inland-empire/food-delivery/jamba-juice-1160-hamner-ave-ste-h/UDRPOMzKS_yCGiG1LmCI0Q,mira-loma-california
https://www.ubereats.com/inland-empire/food-delivery/masala-house/LgLGYidrRaqqUs3PzQi9nA,mira-loma-california
https://www.ubereats.com/palm-springs/food-delivery/kountry-folks-homestyle-restaurant/wIX1h-W8Rv6vDszoQFxHrA,mira-loma-california
https://www.ubereats.com/palm-springs/food-delivery/pollys-pies-norco/cWkr9cn3RwS7FP8ZNJ7Y-A,mira-loma-california
https://www.ubereats.com/palm-springs/food-delivery/starbucks-3312-la-sierra-ave/ADYemkqpRnucPXcpbQiChQ,mira-loma-california
https://www.ubereats.com/inland-empire/food-delivery/mcdonalds-8875-limonite-ave/UIubpW5CSHO_B6bodX00wQ,mira-loma-california
https://www.ubereats.com/inland-empire/food-delivery/jack-in-the-box-1491-6th-street/5TMQm51rTISHqUKgoh12gA,mira-loma-california
https://www.ubereats.com/inland-empire/food-delivery/carls-jr-10100-ben-nevis-blvd/_6wi0U8sSLabJpxy_NNyMA,mira-loma-california
https://www.ubereats.com/inland-empire/food-delivery/waba-grill-11637-cherry-ave-fontana/2JEZXfZoSqee5fcotjowIA,mira-loma-california
https://www.ubereats.com/palm-springs/food-delivery/waba-grill-8882-limonite-ave-riverside/AiwCNzZiQZGGRAGx1kgVKQ,mira-loma-california
https://www.ubereats.com/inland-empire/food-delivery/soho-ramen/aXbKxjK_R6qg1yvMua2lRg,mira-loma-california
https://www.ubereats.com/inland-empire/food-delivery/mr-blues-donuts/MWOzQAgqQTGcvEg_3mOWEA,mira-loma-california
https://www.ubereats.com/inland-empire/food-delivery/subway-11683-cherry-ave/a1a5PsI9SSCQoa62sO7MWg,mira-loma-california
https://www.ubereats.com/palm-springs/food-delivery/kpb-asian-bistro/iKDkfGNHTIKRphUu9HyKdA,mira-loma-california
https://www.ubereats.com/palm-springs/food-delivery/jack-in-the-box-2458-s-vineyard-ave/R-T1UzsnQ2qyv7ZHLKXZZA,mira-loma-california
https://www.ubereats.com/inland-empire/food-delivery/taco-bell-12486-limonite-ave/g_nSOEbRRU-0_15mPSQIIw,mira-loma-california
https://www.ubereats.com/palm-springs/food-delivery/mr-taco-fresh-mexican-grill-van-buren/wjWzTKbETcO-n3Ur6Wuybg,mira-loma-california
https://www.ubereats.com/palm-springs/food-delivery/bakers-dozen-donuts-deli-%26-delights/eL3nRB7VTkOjooaUF1VQqw,mira-loma-california
https://www.ubereats.com/palm-springs/food-delivery/boonsee-thai-kitchen-norco/73Ptoif7TPe6GHCH1Ulf7A,mira-loma-california
https://www.ubereats.com/palm-springs/food-delivery/taco-bell-7940-limonite/xZMVuHudShmB0spduzUCsQ,mira-loma-california
https://www.ubereats.com/palm-springs/food-delivery/the-cookie-plug/Hv8b_KESSlqrP7U0vgQqWA,mira-loma-california
https://www.ubereats.com/inland-empire/food-delivery/happy-restaurant/O1uldaX5TBSe3ayMlRMBGQ,mira-loma-california
https://www.ubereats.com/palm-springs/food-delivery/the-flame-broiler/hf9sy6jORRif8I5CYD5N_g,mira-loma-california
https://www.ubereats.com/palm-springs/food-delivery/red-lobster-4413-e-mills-circle/CdBLKyPuRJWMcMOC3dJE3g,mira-loma-california
https://www.ubereats.com/inland-empire/food-delivery/subway-12648-limonte-ave/-ApJD0iXSgi0xkl3abQ6kQ,mira-loma-california
https://www.ubereats.com/inland-empire/food-delivery/krispy-krunchy-chicken-6290-mission-blvd/xXL943FGRuWttaX1oCv02A,mira-loma-california
https://www.ubereats.com/palm-springs/food-delivery/charleys-philly-steaks-ontario-mills-mall/Y7Zj3E2xQKuekkEu5wXodg,mira-loma-california
https://www.ubereats.com/palm-springs/food-delivery/carls-jr-8919-limonite-ave/fEur1ni2QqSGIOIdi16sGQ,mira-loma-california
https://www.ubereats.com/palm-springs/food-delivery/jamba-juice-6253-pats-ranch-rd-ste-c/GzUcqKzHQRm1zGKcOcB9_g,mira-loma-california
https://www.ubereats.com/inland-empire/food-delivery/jersey-mikes-subs-350-n-mckinley-street/wnmg6v7wSHmdsILs9RpDyA,mira-loma-california
https://www.ubereats.com/inland-empire/food-delivery/bjs-restaurant-%26-brewhouse-11520-4th-street/mkydOxUMT2islxOsymQjLQ,mira-loma-california
https://www.ubereats.com/palm-springs/food-delivery/cajun-crab/jl47YrVyT0q5KAK45Dlmmw,mira-loma-california
https://www.ubereats.com/palm-springs/food-delivery/the-original-pancake-house-1750-hamner-ave/Dg0UHpI3SDqnDh1_MjvUQQ,mira-loma-california
https://www.ubereats.com/inland-empire/food-delivery/waba-grill-8882-limonite-ave-riverside/AiwCNzZiQZGGRAGx1kgVKQ,mira-loma-california
https://www.ubereats.com/inland-empire/food-delivery/the-bucket-crabs-%26-crawfish/caTAU848QNyJVF-dHns7Dw,mira-loma-california
https://www.ubereats.com/palm-springs/food-delivery/starbucks-2570-s-vineyard-avenue/fpKeK3WeTY6uDYPqKCzRyw,mira-loma-california
https://www.ubereats.com/palm-springs/food-delivery/carls-jr-4555-e-jurupa-st/lJspHVKmRHiu8jkHmD-ZEw,mira-loma-california
https://www.ubereats.com/palm-springs/food-delivery/jack-in-the-box-10960-limonite-rd/B3wWwGo5Tf6f9Fb19ZX1Qg,mira-loma-california
https://www.ubereats.com/inland-empire/food-delivery/bad-ass-breakfast-burritos-rancho-cucamonga/QRM7BZLIQ_67Lgg0gUp6bA,mira-loma-california
https://www.ubereats.com/inland-empire/food-delivery/acevedos-market/ECHbYToXTeK8Wt1_qUn_Jg,mira-loma-california
https://www.ubereats.com/inland-empire/food-delivery/carls-jr-1199-magnolia-ave/KXMfrEVZTB2T_-Du9zL5Rg,mira-loma-california
https://www.ubereats.com/inland-empire/food-delivery/jack-in-the-box-10960-limonite-rd/B3wWwGo5Tf6f9Fb19ZX1Qg,mira-loma-california
https://www.ubereats.com/inland-empire/food-delivery/subway-6253-pats-ranch-rd-suite-a/vxhyJFs7TRO4w-wRjyn8rQ,mira-loma-california
https://www.ubereats.com/palm-springs/food-delivery/ihop-wardlow-rd/hLxhEU74RHqPpbOzal2RYQ,mira-loma-california
https://www.ubereats.com/inland-empire/food-delivery/taco-villa-mexican-grill/xWZVmqLtQgSWCoGTbRtvyg,mira-loma-california
https://www.ubereats.com/palm-springs/food-delivery/dog-haus-biergarten-rancho-cucamonga/iEbzJcudQYK5BQN5CPjFag,mira-loma-california
https://www.ubereats.com/inland-empire/food-delivery/sushi-asahi/upOnCEcTQ9qWbKQ8fT8GZg,mira-loma-california
https://www.ubereats.com/palm-springs/food-delivery/jasmine-garden/AWE7DUdJSHSUvxnipUHRJA,mira-loma-california
https://www.ubereats.com/palm-springs/food-delivery/taco-bell-12486-limonite-ave/g_nSOEbRRU-0_15mPSQIIw,mira-loma-california
https://www.ubereats.com/inland-empire/food-delivery/bloom-%26-butter/a9NFJEiZQZ2BXJoGPhUedQ,mira-loma-california
https://www.ubereats.com/palm-springs/food-delivery/taco-bell-5225-van-buren-blvd/YvTWN83DQd6dHk_HOOtuWw,mira-loma-california
https://www.ubereats.com/palm-springs/food-delivery/jamba-juice-3747-central-ave-ste-103/yEMUWWF_S_Ka3whSJqbzRQ,mira-loma-california
https://www.ubereats.com/inland-empire/food-delivery/scratch-pizza-riverside/BJcRmyzwQBCN-fVk1eL0mA,mira-loma-california
https://www.ubereats.com/palm-springs/food-delivery/la-bufadora-baja-grill-ontario/qR8lNbmyQCSGy9ZE-db6ag,mira-loma-california
https://www.ubereats.com/inland-empire/food-delivery/dog-haus-biergarten-rancho-cucamonga/iEbzJcudQYK5BQN5CPjFag,mira-loma-california
https://www.ubereats.com/palm-springs/food-delivery/the-bucket-crabs-%26-crawfish/caTAU848QNyJVF-dHns7Dw,mira-loma-california
https://www.ubereats.com/palm-springs/food-delivery/pieology-13394-limonite/ItWIoulNT_eGa0cNcPukjw,mira-loma-california
https://www.ubereats.com/palm-springs/food-delivery/bambinos-pizza-riverside/nSDFtARBSsumgC7q1prfdQ,mira-loma-california
https://www.ubereats.com/inland-empire/food-delivery/del-taco-4850-e-motor-lane/FGmii440R1GxF799sQs91g,mira-loma-california
https://www.ubereats.com/palm-springs/food-delivery/cardenas-market-cocina-s-vineyard-ave/JKYVWD5lQcSwT-bSrNXmcA,mira-loma-california
https://www.ubereats.com/inland-empire/food-delivery/pizza-italia/4i4F83PwTrKmbkz-5H_bQA,mira-loma-california
https://www.ubereats.com/palm-springs/food-delivery/el-pollo-loco-2480-river-rd6168/_efVfK-4RqWputSbQOAcqQ,mira-loma-california
https://www.ubereats.com/palm-springs/food-delivery/applebees-12375-limonite-avenue-%2379063/CiyiNxNWS2SGRICZbZ_vCA,mira-loma-california
https://www.ubereats.com/palm-springs/food-delivery/albertos-mexican-food/S3SfrceWTsucnOsfwyH_vQ,mira-loma-california
https://www.ubereats.com/inland-empire/food-delivery/el-pollo-loco-610-n-main-st5389/IqVsfyCnRaOSG-uj6_1QXg,mira-loma-california
https://www.ubereats.com/inland-empire/food-delivery/carls-jr-1865-w-6th/FeAQQcSXSVazcrO8-qTCKQ,mira-loma-california
https://www.ubereats.com/palm-springs/food-delivery/luna-grill-eastvale/j6UvvEcURNiZu4MUb70caw,mira-loma-california
https://www.ubereats.com/palm-springs/food-delivery/el-pollo-loco-5501-van-buren-blvd3512/cjW8uC0ORt60OvcU7nj0Qg,mira-loma-california
https://www.ubereats.com/palm-springs/food-delivery/punjab-palace-riverside/HVB694sFSuiSSwPcDHBgcQ,mira-loma-california
https://www.ubereats.com/inland-empire/food-delivery/mercado-don-juan/GWk7lrUbQcCyxK9cX6gsoA,mira-loma-california
https://www.ubereats.com/palm-springs/food-delivery/jack-in-the-box-9485-california-ave/DQyW472OR--7jAejLZrJGw,mira-loma-california
https://www.ubereats.com/palm-springs/food-delivery/carls-jr-2896-hamner/uEcAmAejSJuuIaA2KKtTHA,mira-loma-california
https://www.ubereats.com/inland-empire/food-delivery/del-taco-6118-clay-st/P8EramPLR3mFQLWsL5UEcw,mira-loma-california
https://www.ubereats.com/inland-empire/food-delivery/charleys-philly-steaks-ontario-mills-mall/Y7Zj3E2xQKuekkEu5wXodg,mira-loma-california
https://www.ubereats.com/palm-springs/food-delivery/dunkin-4922-la-sierra-ave/kO1r34u0QQCwDPAXv7fHnA,mira-loma-california
https://www.ubereats.com/palm-springs/food-delivery/lazy-dog-restaurant-%26-bar-rancho-cucamonga/wSofzxe-QIqcLT_nFOPhEA,mira-loma-california
https://www.ubereats.com/palm-springs/food-delivery/riverside-cookie-shoppe/rYSbp8NXRyW52TjffDJRaw,mira-loma-california
https://www.ubereats.com/palm-springs/food-delivery/rubios-1297-e-ontario-ave/XcTAkqXsSSKjOwO7GgIbhw,mira-loma-california
https://www.ubereats.com/inland-empire/food-delivery/jack-in-the-box-3500-e-philadelphia-st/ESKY8pcKT264ilPswmUjCQ,mira-loma-california
https://www.ubereats.com/inland-empire/food-delivery/popeyes-louisiana-kitchen-3848-n-mckinley-st/1U2OJAxRQBGCSbCjL_2Qww,mira-loma-california
https://www.ubereats.com/palm-springs/food-delivery/yogurtland-12530-limonite-ave/vOnf6ESKSeO4UNMndoBbaQ,mira-loma-california
https://www.ubereats.com/inland-empire/food-delivery/taco-bell-6970-mission-blvd/A_4AjAR2Se200sDtESLpgg,mira-loma-california
https://www.ubereats.com/palm-springs/food-delivery/carls-jr-6221-pats-ranch-rd/s1MNuayaTTeXEI5FsGJ4eg,mira-loma-california
https://www.ubereats.com/inland-empire/food-delivery/noodle-world-jr-ontario/sWCMOFo7Siq2e8wB6J-vfA,mira-loma-california
https://www.ubereats.com/palm-springs/food-delivery/taco-bell-2544-s-archibald-ave/KFCmT2ZCRreBkt7FXvb59g,mira-loma-california
https://www.ubereats.com/palm-springs/food-delivery/california-pizza-kitchen-3540-riverside-plaza-ste-%23308/xo50G-JZRFaC_h2a4N3DrQ,mira-loma-california
https://www.ubereats.com/inland-empire/food-delivery/farmer-boys-mira-loma/Mzy-s9U4QGKejPum9BbCkA,mira-loma-california
https://www.ubereats.com/palm-springs/food-delivery/plant-power-fast-food-riverside/NPPohEcgSHelNZ73PVmu2w,mira-loma-california
https://www.ubereats.com/inland-empire/food-delivery/logans-roadhouse/9FBe0oAlSJOu64k1kXW0_w,mira-loma-california
https://www.ubereats.com/inland-empire/food-delivery/dunkin-924-e-ontario-ave/eQQ0LOgdS260q-kCp4LPLg,mira-loma-california
https://www.ubereats.com/inland-empire/food-delivery/carls-jr-8919-limonite-ave/fEur1ni2QqSGIOIdi16sGQ,mira-loma-california
https://www.ubereats.com/palm-springs/food-delivery/shamrocks-pub-and-grill/ysBGsj7xRayy2ZHvlCtzXw,mira-loma-california
https://www.ubereats.com/palm-springs/food-delivery/jersey-mikes-subs-1411-hamner-ave/q4iiSXswREOlM8WkO7JZYw,mira-loma-california
https://www.ubereats.com/palm-springs/food-delivery/el-pollo-loco-13340-limonite-ave6176/ta9-UjQYRxCrWWWdU2K5Jg,mira-loma-california
https://www.ubereats.com/palm-springs/food-delivery/subway-6253-pats-ranch-rd-suite-a/vxhyJFs7TRO4w-wRjyn8rQ,mira-loma-california
https://www.ubereats.com/inland-empire/food-delivery/freshii-inland-empire/CanfvMzMTAOpSwvozno6gg,mira-loma-california
https://www.ubereats.com/inland-empire/food-delivery/five-guys-ca-1235-6285-pats-ranch-rd/86-Hx449SSWfQxKRis9H_A,mira-loma-california
https://www.ubereats.com/palm-springs/food-delivery/kfc-taco-bell-4371-ontario-mills-pkwy/WpRY2zXjSIy-VJPpAyftNA,mira-loma-california
https://www.ubereats.com/inland-empire/food-delivery/el-chilitos-mexican-restaurant-fontana/iK7mbXA0RGCR5mrcw6LBXQ,mira-loma-california
https://www.ubereats.com/inland-empire/food-delivery/firehouse-subs-2598-archibald-ave-%23-e3/w32kxZRRS6qu9xnptSgrSg,mira-loma-california
https://www.ubereats.com/inland-empire/food-delivery/carls-jr-2199-sampson/R6wdiYnsSe-TB2AwS-HXgw,mira-loma-california
https://www.ubereats.com/palm-springs/food-delivery/yogurtland-420-mckinley-st/tXZCM9O8T4GpSVsYw4ry5Q,mira-loma-california
https://www.ubereats.com/inland-empire/food-delivery/waba-grill-2450-river-rd-ste-320-norco/-dpXy09cTPauepnZep4hQw,mira-loma-california
https://www.ubereats.com/palm-springs/food-delivery/sonic-1202-magnolia-ave/Td5o9OdNSeaVSMveuNZNTA,mira-loma-california
https://www.ubereats.com/palm-springs/food-delivery/kaza-maza-mediterranean-grill-norco/YMbzmjRKQW-eO_pNeRNu7g,mira-loma-california
https://www.ubereats.com/inland-empire/food-delivery/red-lobster-4413-e-mills-circle/CdBLKyPuRJWMcMOC3dJE3g,mira-loma-california
https://www.ubereats.com/inland-empire/food-delivery/si-como-no!-schleisman-rd/6ntjlKPWR7CpKemx8aBvBQ,mira-loma-california
https://www.ubereats.com/inland-empire/food-delivery/del-taco-6269-pats-ranch-road/QvXbPbUDRsK4x4AWAPAbCg,mira-loma-california
https://www.ubereats.com/palm-springs/food-delivery/ny-bagel-cafe-and-deli/gqslh-tJR82CanAKm5gjFw,mira-loma-california
https://www.ubereats.com/inland-empire/food-delivery/jikan-japanese-restaurant/cIHVsaEJS7-PS9QUfpgsWg,mira-loma-california
https://www.ubereats.com/palm-springs/food-delivery/waba-grill-2450-river-rd-ste-320-norco/-dpXy09cTPauepnZep4hQw,mira-loma-california
https://www.ubereats.com/palm-springs/food-delivery/thank-u-mex/bhTZJqFDSjaX0S9igS6AAA,mira-loma-california
https://www.ubereats.com/inland-empire/food-delivery/mcdonalds-11663-cherry-lane/PjY_-bpbQv-iDrqSx7F4Sg,mira-loma-california
https://www.ubereats.com/inland-empire/food-delivery/the-u-pitas-%26-bowls/EpM6_0wVTmuJTuGZLAoG_g,mira-loma-california
https://www.ubereats.com/inland-empire/food-delivery/mcdonalds-150-hidden-valley-pky/ayIO5QsjR3Smh5iygEKiHw,mira-loma-california
https://www.ubereats.com/inland-empire/food-delivery/the-habit-burger-grill-12569-limonite-ave-%23350/z14K9S3jTmWe_HKHPWUqGg,mira-loma-california
https://www.ubereats.com/inland-empire/food-delivery/chipotle-mexican-grill-1409-hamner-ave/WOhoADI6RnCp0HjgEIJf2g,mira-loma-california
https://www.ubereats.com/inland-empire/food-delivery/zaky-mediterranean-grill-ontario/ZAioC19nSaivLSV90ZIq5g,mira-loma-california
https://www.ubereats.com/inland-empire/food-delivery/jersey-mikes-subs-3540-riverside-plaza-drive/V7lorFVVTLue6QuoEmINPQ,mira-loma-california
https://www.ubereats.com/palm-springs/food-delivery/the-habit-burger-grill-3555-riverside-plaza-dr-suite-100/xhj0Ae0FSbmHnIfO_BTZzw,mira-loma-california
https://www.ubereats.com/palm-springs/food-delivery/acevedos-market/ECHbYToXTeK8Wt1_qUn_Jg,mira-loma-california
https://www.ubereats.com/palm-springs/food-delivery/wow-pho/omNsIrUZTUqSpEcz4-JQLA,mira-loma-california
https://www.ubereats.com/inland-empire/food-delivery/buffalo-wild-wings-12411-limonite-avenue-suite-650/xhCI3RkrSjyfpFHFD3XOMQ,mira-loma-california
https://www.ubereats.com/palm-springs/food-delivery/black-horse-tavern/VUtiDNagTLuYv1QkADn_pQ,mira-loma-california
https://www.ubereats.com/palm-springs/food-delivery/juanchos/mtMlbDo_RE-wgbXkT5CulA,mira-loma-california
https://www.ubereats.com/palm-springs/food-delivery/kabab-el-basha/J90dn71sQDOeLIwYaIX_Wg,mira-loma-california
https://www.ubereats.com/inland-empire/food-delivery/benihana-3760-e-inland-empire-blvd/ZLYf7Y6ATByTMtAeOhOP_g,mira-loma-california
https://www.ubereats.com/inland-empire/food-delivery/the-assda-grill/cyo4EPUDSgSR8m4rehFTRA,mira-loma-california
https://www.ubereats.com/inland-empire/food-delivery/charleys-philly-steaks-2267-galleria-at-tyler/y2tM4XiDTsuK3OIPwaCA5g,mira-loma-california
https://www.ubereats.com/palm-springs/food-delivery/green-taco/rYLDvD8NQv6VkPZXSlef-g,mira-loma-california
https://www.ubereats.com/inland-empire/food-delivery/del-taco-10020-cherry-ave/rjybpaYETOewCte3pyu7pg,mira-loma-california
https://www.ubereats.com/inland-empire/food-delivery/el-pollo-loco-3740-la-sierra-ave5910/RZ8BJrlDTjuXsYFIojARhQ,mira-loma-california
https://www.ubereats.com/inland-empire/food-delivery/luna-grill-rancho-cucamonga/MT4A9-rBS76lv-7NltBorQ,mira-loma-california
https://www.ubereats.com/palm-springs/food-delivery/carls-jr-1865-w-6th/FeAQQcSXSVazcrO8-qTCKQ,mira-loma-california
https://www.ubereats.com/palm-springs/food-delivery/cup-bowl-hot-pot-%26-grill/oQ7RwY0dR6WZ5z47FMUa3w,mira-loma-california
https://www.ubereats.com/inland-empire/food-delivery/fantastic-cafe/RPx9keyWQo2xfnKF-X0f_w,mira-loma-california
https://www.ubereats.com/palm-springs/food-delivery/fazolis-1255-hamner-ave/tt7ePvE_RDWem6BEE8dWNw,mira-loma-california
https://www.ubereats.com/palm-springs/food-delivery/mexico-lindo-restaurants/4DE4S5yBShGqhp9avW1odA,mira-loma-california
https://www.ubereats.com/palm-springs/food-delivery/lucys-diner/xAhVgj9mRzSaPMbYSxotXA,mira-loma-california
https://www.ubereats.com/palm-springs/food-delivery/albertos-mexican-food-5274-arlington/rcaoPSmUQ66yUAlo3b0KCA,mira-loma-california
https://www.ubereats.com/inland-empire/food-delivery/jack-in-the-box-2710-riverside-dr/2mJxD7VqSYOzJiaUJ3Lw4g,mira-loma-california
https://www.ubereats.com/inland-empire/food-delivery/miguels-jr-ontario/srZ-uzCvSGyMtjVJw0N13A,mira-loma-california
https://www.ubereats.com/palm-springs/food-delivery/subway-10255-mission-blvd/mHpLrmXYSFOMbcRJzDLEvQ,mira-loma-california
https://www.ubereats.com/inland-empire/food-delivery/dennys-6285-pats-ranch-road-suite-a/e5kyKVbuT3qVXPAgP8Llig,mira-loma-california
https://www.ubereats.com/palm-springs/food-delivery/jikan-japanese-restaurant/cIHVsaEJS7-PS9QUfpgsWg,mira-loma-california
https://www.ubereats.com/inland-empire/food-delivery/del-taco-4740-la-sierra-ave/WrQD43nmTMWyrdWio6RYLQ,mira-loma-california
https://www.ubereats.com/inland-empire/food-delivery/jack-in-the-box-1315-magnolia-ave-ste-102/bHM-9QR6RbCt9phwUFgmfA,mira-loma-california
https://www.ubereats.com/inland-empire/food-delivery/krispy-krunchy-chicken-10510-sierra-ave/XwG83wyFSGizR3Qge8A0-Q,mira-loma-california
https://www.ubereats.com/palm-springs/food-delivery/farmer-boys-pierce-street/uuAr-vruTxKusMjaRhHo2w,mira-loma-california
https://www.ubereats.com/palm-springs/food-delivery/antonious-pizza-%26-cafe/kDuvCDL1RJ6FX28FVywrBA,mira-loma-california
https://www.ubereats.com/inland-empire/food-delivery/kfc-taco-bell-1300-e-ontario-av/sDqtxxcuQe2at8t-_zZiZw,mira-loma-california
https://www.ubereats.com/palm-springs/food-delivery/ihop-4422-ontario/58nLrtxuQeSf3bJc_vqpOg,mira-loma-california
https://www.ubereats.com/palm-springs/food-delivery/panda-express-1299-galleria-%40tyler/tthIgS37SI2ZdNE5fNvICg,mira-loma-california
https://www.ubereats.com/palm-springs/food-delivery/firehouse-subs-rowland-heights/4R1U2oPjTU6qnAEzmxvPUQ,mira-loma-california
https://www.ubereats.com/palm-springs/food-delivery/hi-family-ii-%E4%BC%90%E6%9C%A8%E5%8B%92/TeXv0FTNSKu2mqbU2MZ53Q,mira-loma-california
https://www.ubereats.com/inland-empire/food-delivery/el-pollo-loco-2480-river-rd6168/_efVfK-4RqWputSbQOAcqQ,mira-loma-california
https://www.ubereats.com/inland-empire/food-delivery/crustys-pizza/e4kFblfKToCW2K5qQRwg0w,mira-loma-california
https://www.ubereats.com/palm-springs/food-delivery/nanos-deli/CwPA5QtRSNWp5HWUwW69nA,mira-loma-california
https://www.ubereats.com/palm-springs/food-delivery/farmer-boys-eastvale/F-4nx_d6QfOdyMJtKRsrHQ,mira-loma-california
https://www.ubereats.com/palm-springs/food-delivery/el-pollo-loco-3487-madison-st5587/JUDrdUT5Rg2X94LfRa4vyw,mira-loma-california
https://www.ubereats.com/palm-springs/food-delivery/ramiros-cocina/dJzzVa9ARkG1ByNYkLh-Aw,mira-loma-california
https://www.ubereats.com/palm-springs/food-delivery/chipotle-mexican-grill-12411-limonite-ave-ste-600/uNQ4iUqQRIaIZWYTGm4bLg,mira-loma-california
https://www.ubereats.com/inland-empire/food-delivery/juanchos/mtMlbDo_RE-wgbXkT5CulA,mira-loma-california
https://www.ubereats.com/palm-springs/food-delivery/jack-in-the-box-4860-la-sierra-ave/9VrVQXMwSNmL83FYId4yEg,mira-loma-california
https://www.ubereats.com/palm-springs/food-delivery/chipotle-mexican-grill-one-mills-cir/tbxU3ulPSY6NBjpPpKtnEg,mira-loma-california
https://www.ubereats.com/inland-empire/food-delivery/waba-grill-1222-magnolia-ave-corona/KYDn0HXvQxywUg_y1Enw5w,mira-loma-california
https://www.ubereats.com/palm-springs/food-delivery/frostbites-crepes-%26-frozen-delights-parent/U9MIok8fS_mxS64WGDMUDQ,mira-loma-california
https://www.ubereats.com/palm-springs/food-delivery/the-assda-grill/cyo4EPUDSgSR8m4rehFTRA,mira-loma-california
https://www.ubereats.com/inland-empire/food-delivery/miguels-jr-galleria/ASs1Oc8STYa-lLOX1smp1w,mira-loma-california
https://www.ubereats.com/palm-springs/food-delivery/los-montes-country-market/LZd7pNItTHmi9Kz12uSQDw,mira-loma-california
https://www.ubereats.com/inland-empire/food-delivery/lucky-kitchen/NW_N8diQQaGvv8OdmaVpOA,mira-loma-california
https://www.ubereats.com/palm-springs/food-delivery/cardellis-italian-deli/ccfNYmYLRJ6Rshzdft2pnA,mira-loma-california
https://www.ubereats.com/palm-springs/food-delivery/jack-in-the-box-1180-e-ontario-ave/w77XbJITSDOxn_JmREqKFw,mira-loma-california
https://www.ubereats.com/inland-empire/food-delivery/red-chilli-house/q0hrRDWZRi-14OvFEHZk3g,mira-loma-california
https://www.ubereats.com/palm-springs/food-delivery/jersey-mikes-subs-3540-riverside-plaza-drive/V7lorFVVTLue6QuoEmINPQ,mira-loma-california
https://www.ubereats.com/inland-empire/food-delivery/rakki-sushi/v9shzmObTbidgSKYrohfww,mira-loma-california
https://www.ubereats.com/palm-springs/food-delivery/brandons-diner-ontario/x7nnQk71Q3SWHeqX0B7HJQ,mira-loma-california
https://www.ubereats.com/inland-empire/food-delivery/pf-changs-3475-tyler-st/2waPt21URwaLD94HJBor-Q,mira-loma-california
https://www.ubereats.com/inland-empire/food-delivery/waba-grill-800-s-milliken-ave-ontario/jR6Sz19ATGawOk9XCRMwUA,mira-loma-california
https://www.ubereats.com/palm-springs/food-delivery/starbucks-960-ontario-mills-drive/PhLrbCGpQzKxu8BQaSsHWw,mira-loma-california
https://www.ubereats.com/palm-springs/food-delivery/carls-jr-6061-van-buren-blvd/_oX-_NhERPuAFiz-IbSjfg,mira-loma-california
https://www.ubereats.com/inland-empire/food-delivery/cup-bowl-hot-pot-%26-grill/oQ7RwY0dR6WZ5z47FMUa3w,mira-loma-california
https://www.ubereats.com/palm-springs/food-delivery/mr-you-chinese-restaurant/ejSpa1AERuqrnPuaHRBn0A,mira-loma-california
https://www.ubereats.com/inland-empire/food-delivery/paradise-donuts/E7EH9GBfRr-FkS6Op4V8Dg,mira-loma-california
https://www.ubereats.com/palm-springs/food-delivery/albertos-mexican-food/WA-mWJp6QZOpeXLISa2uSg,mira-loma-california
https://www.ubereats.com/inland-empire/food-delivery/carls-jr-4555-e-jurupa-st/lJspHVKmRHiu8jkHmD-ZEw,mira-loma-california
https://www.ubereats.com/inland-empire/food-delivery/del-taco-2552-hamner-ave/Uz4_UzJtTt-pucNCRAYmeA,mira-loma-california
https://www.ubereats.com/palm-springs/food-delivery/pieology-pizzeria-norco/0GDXg9B_QEWaX3rBZ--A4g,mira-loma-california
https://www.ubereats.com/inland-empire/food-delivery/azteca-market/ragc5-qpRIyZLv-Y6SmOuQ,mira-loma-california
https://www.ubereats.com/palm-springs/food-delivery/klatch-coffee-ontario/G-zQ6gH1TVGWuNzgBDlZNw,mira-loma-california
https://www.ubereats.com/inland-empire/food-delivery/el-pollo-loco-3655-riverside-plaza6048/ijA_nxvCQmOkbrnemeZjPA,mira-loma-california
https://www.ubereats.com/palm-springs/food-delivery/taco-villa-mexican-grill/xWZVmqLtQgSWCoGTbRtvyg,mira-loma-california
https://www.ubereats.com/palm-springs/food-delivery/sharetea-riverside/Fmb7lqoASBaQqtprsO5ZVQ,mira-loma-california
https://www.ubereats.com/palm-springs/food-delivery/nekter-juice-bar-eastvale/6aWVwV0kSZSD_NeVztfz9A,mira-loma-california
https://www.ubereats.com/inland-empire/food-delivery/wendys-12614-limonite-ave/w_wuljA_Q1GBotmJFqEyuQ,mira-loma-california
https://www.ubereats.com/palm-springs/food-delivery/jamba-juice-990-ontario-mills-dr-ste-b/oIHuNM-ZQUuu-6TlhvDx9w,mira-loma-california
https://www.ubereats.com/inland-empire/food-delivery/boonsee-thai-kitchen-norco/73Ptoif7TPe6GHCH1Ulf7A,mira-loma-california
https://www.ubereats.com/palm-springs/food-delivery/benihana-3760-e-inland-empire-blvd/ZLYf7Y6ATByTMtAeOhOP_g,mira-loma-california
https://www.ubereats.com/inland-empire/food-delivery/popeyes-louisiana-kitchen-9825-magnolia-ave/EuvDdQA7QqOqznv1Ak9Q3g,mira-loma-california
https://www.ubereats.com/inland-empire/food-delivery/kfc-taco-bell-4371-ontario-mills-pkwy/WpRY2zXjSIy-VJPpAyftNA,mira-loma-california
https://www.ubereats.com/palm-springs/food-delivery/sunny-%26-fines-breakfast-burritos/iVtg2GMzTL2tgxV_6TdKRw,mira-loma-california
https://www.ubereats.com/palm-springs/food-delivery/rodrigos-mexican-grill-riverside/RNY-2YNVQ9KjTzlFXi9TKw,mira-loma-california
https://www.ubereats.com/palm-springs/food-delivery/el-pollo-loco-1180-e-philadelphia-st6030/Nmf0e1xBQPyBckzp-t30BA,mira-loma-california
https://www.ubereats.com/inland-empire/food-delivery/miguels-jr-south-corona/46XtGX-6S2utt2ifJpeghQ,mira-loma-california
https://www.ubereats.com/palm-springs/food-delivery/del-taco-4740-la-sierra-ave/WrQD43nmTMWyrdWio6RYLQ,mira-loma-california
https://www.ubereats.com/inland-empire/food-delivery/jack-in-the-box-4860-la-sierra-ave/9VrVQXMwSNmL83FYId4yEg,mira-loma-california
https://www.ubereats.com/palm-springs/food-delivery/power-bowl/KtPp6HXxTwioVg5uS6pv6g,mira-loma-california
https://www.ubereats.com/inland-empire/food-delivery/plant-power-fast-food-riverside/NPPohEcgSHelNZ73PVmu2w,mira-loma-california
https://www.ubereats.com/palm-springs/food-delivery/pirates-kitchen-riverside/MS9x8cNMSPukWQP4rZyXeQ,mira-loma-california
https://www.ubereats.com/inland-empire/food-delivery/kpb-asian-bistro/iKDkfGNHTIKRphUu9HyKdA,mira-loma-california
https://www.ubereats.com/inland-empire/food-delivery/chipotle-mexican-grill-one-mills-cir/tbxU3ulPSY6NBjpPpKtnEg,mira-loma-california
https://www.ubereats.com/palm-springs/food-delivery/carls-jr-1120-hamner-ave/x4ifKePRRse4_0UPKt3gIA,mira-loma-california
https://www.ubereats.com/palm-springs/food-delivery/jack-in-the-box-1315-magnolia-ave-ste-102/bHM-9QR6RbCt9phwUFgmfA,mira-loma-california
https://www.ubereats.com/palm-springs/food-delivery/charleys-philly-steaks-2267-galleria-at-tyler/y2tM4XiDTsuK3OIPwaCA5g,mira-loma-california
https://www.ubereats.com/inland-empire/food-delivery/jack-in-the-box-7810-limonite-ave/BuforwBdTJS64kRsSwPNFA,mira-loma-california
https://www.ubereats.com/palm-springs/food-delivery/los-zarapes-restaurant/Av0AIEm8TX-s8tckcXuwxg,mira-loma-california
https://www.ubereats.com/palm-springs/food-delivery/mantra-indian-cuisine/k47zWi-uRHqGHLG5TTk6Zg,mira-loma-california
https://www.ubereats.com/palm-springs/food-delivery/sultans-mediterranean-grill/g6uMV-W1QxKfTQkXJnkO3w,mira-loma-california
https://www.ubereats.com/inland-empire/food-delivery/og-quesarito/oGTGIa-1Ruq9y-jY_KAJ4Q,mira-loma-california
https://www.ubereats.com/inland-empire/food-delivery/culichis-%26-beer-mira-loma/I4V66w-zSHaRoLIsfajMrw,mira-loma-california
https://www.ubereats.com/palm-springs/food-delivery/california-pizza-kitchen-12517-n-mainstreet/0CqkpU8OQPeDods5pp30Tw,mira-loma-california
https://www.ubereats.com/inland-empire/food-delivery/carls-jr-6061-van-buren-blvd/_oX-_NhERPuAFiz-IbSjfg,mira-loma-california
https://www.ubereats.com/inland-empire/food-delivery/dennys-13479-baseline-ave/P1RU568ORdC9xiHdVm0daQ,mira-loma-california
https://www.ubereats.com/inland-empire/food-delivery/sushi-kingdom/ED6-ABYZSYaESBnUX8FfIQ,mira-loma-california
https://www.ubereats.com/palm-springs/food-delivery/five-guys-ca-1318-2690-tuscany-st/WlvpDzBTSw2fzBaWAJfbaw,mira-loma-california
https://www.ubereats.com/inland-empire/food-delivery/ihop-4422-ontario/58nLrtxuQeSf3bJc_vqpOg,mira-loma-california
https://www.ubereats.com/inland-empire/food-delivery/california-pizza-kitchen-12517-n-mainstreet/0CqkpU8OQPeDods5pp30Tw,mira-loma-california
https://www.ubereats.com/inland-empire/food-delivery/miguels-jr-norco/mN8Kj8dcTeehErWEmiZCCQ,mira-loma-california
https://www.ubereats.com/inland-empire/food-delivery/ny-bagel-cafe-and-deli/gqslh-tJR82CanAKm5gjFw,mira-loma-california
https://www.ubereats.com/palm-springs/food-delivery/the-u-pitas-%26-bowls/hlqd7lM1RiisG7nsk8bx0A,mira-loma-california
https://www.ubereats.com/palm-springs/food-delivery/tomo-7-sushi/68PTkoU2R9KXmOfICoHG6A,mira-loma-california
https://www.ubereats.com/palm-springs/food-delivery/subway-5236-arlington-ave/aJaWoTssQLucL_7P28gQ5A,mira-loma-california
https://www.ubereats.com/palm-springs/food-delivery/mercado-don-juan/GWk7lrUbQcCyxK9cX6gsoA,mira-loma-california
https://www.ubereats.com/palm-springs/food-delivery/paradise-donuts/E7EH9GBfRr-FkS6Op4V8Dg,mira-loma-california
https://www.ubereats.com/palm-springs/food-delivery/jamba-juice-2620-tuscany-st-ste-106/xto9UEBhQMOCmsbGOmsCtw,mira-loma-california
https://www.ubereats.com/inland-empire/food-delivery/applebees-521-n-mckinley-%2379054/6FRkO2jPRkWE_MYEi8jqYg,mira-loma-california
https://www.ubereats.com/inland-empire/food-delivery/farmer-boys/K2qdcD3yQXqcPi6MJLyhHA,mira-loma-california
https://www.ubereats.com/inland-empire/food-delivery/lazy-dog-restaurant-%26-bar-corona/0-6OmMsLTpOvpLfqmfTnyA,mira-loma-california
https://www.ubereats.com/palm-springs/food-delivery/mins-dumpling-house/rqurILmARgys6Wu4aNDJxA,mira-loma-california
https://www.ubereats.com/palm-springs/food-delivery/scratch-pizza-norco/dxIFjU8ERkey8k7gICs74w,mira-loma-california
https://www.ubereats.com/palm-springs/food-delivery/firehouse-subs-2598-archibald-ave-%23-e3/w32kxZRRS6qu9xnptSgrSg,mira-loma-california
https://www.ubereats.com/inland-empire/food-delivery/the-habit-burger-grill-3555-riverside-plaza-dr-suite-100/xhj0Ae0FSbmHnIfO_BTZzw,mira-loma-california
https://www.ubereats.com/palm-springs/food-delivery/farmer-boys-rubidoux/2DNecXAZSfiVqCHP8iXdDg,mira-loma-california
https://www.ubereats.com/inland-empire/food-delivery/jack-in-the-box-4880-motor-ln-bldg-a/wMib2331QGWO6m_5LuDwqA,mira-loma-california
https://www.ubereats.com/inland-empire/food-delivery/albertos-mexican-food-5274-arlington/rcaoPSmUQ66yUAlo3b0KCA,mira-loma-california
https://www.ubereats.com/palm-springs/food-delivery/buffalo-wild-wings-3775-tyler-st-ste-3a/zXPgpAP0TNKAZc4RUOVxYg,mira-loma-california
https://www.ubereats.com/palm-springs/food-delivery/bahia-grill/d9PKOpylQWGh0xoroWj9Nw,mira-loma-california
https://www.ubereats.com/palm-springs/food-delivery/el-pollo-loco-610-n-main-st5389/IqVsfyCnRaOSG-uj6_1QXg,mira-loma-california
https://www.ubereats.com/palm-springs/food-delivery/mod-pizza-eastvale/n1zuzFsNQpuL2PsFvGe98Q,mira-loma-california
https://www.ubereats.com/inland-empire/food-delivery/panda-express-1-mill-circle-space-f3/PWAXhlIzRYygiJc6gCw5Rw,mira-loma-california
https://www.ubereats.com/palm-springs/food-delivery/bakers-dozen-donuts-riverside/MwYqekETRpS4hyiFErFgOw,mira-loma-california
https://www.ubereats.com/inland-empire/food-delivery/pirates-kitchen-riverside/MS9x8cNMSPukWQP4rZyXeQ,mira-loma-california
https://www.ubereats.com/inland-empire/food-delivery/corona-burgers-%26-eats/l0LRm9OsQBu9hvLa1-YwxA,mira-loma-california
https://www.ubereats.com/inland-empire/food-delivery/the-flame-broiler/hf9sy6jORRif8I5CYD5N_g,mira-loma-california
https://www.ubereats.com/inland-empire/food-delivery/dvine-corona/LakFiZo7SeSYDKcEX8ZWFg,mira-loma-california
https://www.ubereats.com/inland-empire/food-delivery/scratch-pizza-jurupa-valley/Jsk6wXF5RpeRCFsJjRlQTg,mira-loma-california
https://www.ubereats.com/inland-empire/food-delivery/black-horse-tavern/VUtiDNagTLuYv1QkADn_pQ,mira-loma-california
https://www.ubereats.com/inland-empire/food-delivery/taco-bell-5225-van-buren-blvd/YvTWN83DQd6dHk_HOOtuWw,mira-loma-california
https://www.ubereats.com/palm-springs/food-delivery/panera-12376-limonite-avenue/Gse1ThdFSeuh7wuizNaxjQ,mira-loma-california
https://www.ubereats.com/palm-springs/food-delivery/burgerim-13394-limonite-ave-ste-110/nChO3BsJRW6WL9GPqDsZXg,mira-loma-california
https://www.ubereats.com/inland-empire/food-delivery/thank-u-mex/bhTZJqFDSjaX0S9igS6AAA,mira-loma-california
https://www.ubereats.com/inland-empire/food-delivery/carls-jr-7028-archibald-st/KWQS6lftQ9qffZ9zCfLgtw,mira-loma-california
https://www.ubereats.com/palm-springs/food-delivery/farmer-boys-south-milliken-ave/r0ppsw9YQtOrwwbLXAxewg,mira-loma-california
https://www.ubereats.com/palm-springs/food-delivery/panda-express-9867-magnolia-ave-suite-a/eathpzkJQEaQLZ2nZLITYw,mira-loma-california
https://www.ubereats.com/inland-empire/food-delivery/el-pollo-loco-1180-e-philadelphia-st6030/Nmf0e1xBQPyBckzp-t30BA,mira-loma-california
https://www.ubereats.com/palm-springs/food-delivery/nekter-juice-bar-riverside/15FQIWPPQhG3HiaZRzMpYw,mira-loma-california
https://www.ubereats.com/inland-empire/food-delivery/la-bufadora-baja-grill-riverside/WuTkFqd2QL-gqGqqz1RPyg,mira-loma-california
https://www.ubereats.com/palm-springs/food-delivery/carls-jr-10100-ben-nevis-blvd/_6wi0U8sSLabJpxy_NNyMA,mira-loma-california
https://www.ubereats.com/inland-empire/food-delivery/klatch-coffee-ontario/G-zQ6gH1TVGWuNzgBDlZNw,mira-loma-california
https://www.ubereats.com/inland-empire/food-delivery/la-bufadora-baja-grill-ontario/qR8lNbmyQCSGy9ZE-db6ag,mira-loma-california
https://www.ubereats.com/palm-springs/food-delivery/macaroni-grill-corona/GC8Dw0XTQHu1y8QScWcmjg,mira-loma-california
https://www.ubereats.com/inland-empire/food-delivery/jack-in-the-box-9485-california-ave/DQyW472OR--7jAejLZrJGw,mira-loma-california
https://www.ubereats.com/palm-springs/food-delivery/subway-11683-cherry-ave/a1a5PsI9SSCQoa62sO7MWg,mira-loma-california
https://www.ubereats.com/inland-empire/food-delivery/arbys-10160-hole-ave/Jbz8Qd-lRFCcVMIbL6K__w,mira-loma-california
https://www.ubereats.com/palm-springs/food-delivery/the-9th-street-eatery/5qk-UU7yQTq92lEo6nXyFw,mira-loma-california
https://www.ubereats.com/inland-empire/food-delivery/applebees-12375-limonite-avenue-%2379063/CiyiNxNWS2SGRICZbZ_vCA,mira-loma-california
https://www.ubereats.com/inland-empire/food-delivery/morefire-thai-cuisine/zlV1hYEuS4SlAkUnGbNatg,mira-loma-california
https://www.ubereats.com/palm-springs/food-delivery/panda-express-441-magnolia-ave/Dd-iAlfzRH2MEkK39bnX4g,mira-loma-california
https://www.ubereats.com/palm-springs/food-delivery/new-york-pizza-department/_ofyyQJITtyXhRawIvJNkQ,mira-loma-california
https://www.ubereats.com/inland-empire/food-delivery/paracho-mexican-and-seafood-restaurant/eMHgNwM3SVSMraV18npfMA,mira-loma-california
https://www.ubereats.com/inland-empire/food-delivery/kimchichanga/kPVbSwv8Smqt4UHhJnX9RQ,mira-loma-california
https://www.ubereats.com/inland-empire/food-delivery/kfc-%2365-7970-limonite-ave/BfkxM52QRo2SWu79nbcu3w,mira-loma-california
https://www.ubereats.com/palm-springs/food-delivery/chipotle-mexican-grill-3510-tyler-st/IwWtB1qLQEWTn6-9EfrGIQ,mira-loma-california
https://www.ubereats.com/inland-empire/food-delivery/carls-jr-2896-hamner/uEcAmAejSJuuIaA2KKtTHA,mira-loma-california
https://www.ubereats.com/inland-empire/food-delivery/edible-arrangements-1150-el-camino-ave/KAbx1wOZTRyR-x2mGeI5Iw,mira-loma-california
https://www.ubereats.com/inland-empire/food-delivery/rubios-12648-limonite-avenue/383eWZOCT5Giy3MmDn8aMQ,mira-loma-california
https://www.ubereats.com/palm-springs/food-delivery/popeyes-louisiana-kitchen-3848-n-mckinley-st/1U2OJAxRQBGCSbCjL_2Qww,mira-loma-california
https://www.ubereats.com/inland-empire/food-delivery/wabi-sabi-sushi-%26-teppan/tDRFoAU6RCCZizgL3TYM0g,mira-loma-california
https://www.ubereats.com/palm-springs/food-delivery/carls-jr-7028-archibald-st/KWQS6lftQ9qffZ9zCfLgtw,mira-loma-california
https://www.ubereats.com/palm-springs/food-delivery/dalias-pizza-corona/ugsMnCPxQUmEXcdKqEKnwQ,mira-loma-california
https://www.ubereats.com/palm-springs/food-delivery/burgerim-2410-river-rd/7oFI8KX5T6O7A_AIQ1LI7g,mira-loma-california
https://www.ubereats.com/inland-empire/food-delivery/little-caesars-riverside/_zKaMB5SS2SA4jGzIjcRIw,mira-loma-california
https://www.ubereats.com/inland-empire/food-delivery/on-the-border-eastvale/M4qUug7tRTKOgSVrKu9R8A,mira-loma-california
https://www.ubereats.com/palm-springs/food-delivery/sombrero-mexican-food-corona/7AfUoBLiR5yGVJkY-qjG4g,mira-loma-california
https://www.ubereats.com/palm-springs/food-delivery/subway-12648-limonte-ave/-ApJD0iXSgi0xkl3abQ6kQ,mira-loma-california
https://www.ubereats.com/palm-springs/food-delivery/waba-grill-800-s-milliken-ave-ontario/jR6Sz19ATGawOk9XCRMwUA,mira-loma-california
https://www.ubereats.com/palm-springs/food-delivery/paracho-mexican-and-seafood-restaurant/eMHgNwM3SVSMraV18npfMA,mira-loma-california
https://www.ubereats.com/palm-springs/food-delivery/the-sandwich-spot-norco/V8dlve4yQcSddrOYe4fY4g,mira-loma-california
https://www.ubereats.com/inland-empire/food-delivery/koyla-indian-restaurant/Q3UXgrIKSViBXc5LnDgWeA,mira-loma-california
https://www.ubereats.com/palm-springs/food-delivery/jack-in-the-box-2710-riverside-dr/2mJxD7VqSYOzJiaUJ3Lw4g,mira-loma-california
https://www.ubereats.com/inland-empire/food-delivery/chipotle-mexican-grill-12411-limonite-ave-ste-600/uNQ4iUqQRIaIZWYTGm4bLg,mira-loma-california
https://www.ubereats.com/inland-empire/food-delivery/carls-jr-4282-market-st/SfRGDmJdQOCJzKPmQFv0hg,mira-loma-california
https://www.ubereats.com/palm-springs/food-delivery/panda-express-1-mill-circle-space-f3/PWAXhlIzRYygiJc6gCw5Rw,mira-loma-california
https://www.ubereats.com/inland-empire/food-delivery/jack-in-the-box-9195-jurupa-rd/YXUC84hSQFGlC96e8yPcDg,mira-loma-california
https://www.ubereats.com/inland-empire/food-delivery/carls-jr-6221-pats-ranch-rd/s1MNuayaTTeXEI5FsGJ4eg,mira-loma-california
https://www.ubereats.com/palm-springs/food-delivery/logans-roadhouse/9FBe0oAlSJOu64k1kXW0_w,mira-loma-california
https://www.ubereats.com/palm-springs/food-delivery/burgerim-riverside/j-hr-dVaTL-qbeZ9ECkg-Q,mira-loma-california
https://www.ubereats.com/inland-empire/food-delivery/tgi-fridays-2177-riverside-ca/gz4vxHMbRr2rqzHu7w9R6w,mira-loma-california
https://www.ubereats.com/inland-empire/food-delivery/jack-in-the-box-10151-ben-nevis-blvd/vkTK_52KQ8KMRVW_a7aLFw,mira-loma-california
https://www.ubereats.com/palm-springs/food-delivery/green-mango-thai-bistro/qRI0gVGxTwukh7oHCG5Rew,mira-loma-california
https://www.ubereats.com/inland-empire/food-delivery/jasmine-garden/AWE7DUdJSHSUvxnipUHRJA,mira-loma-california
https://www.ubereats.com/palm-springs/food-delivery/subway-4880-motor-lane/ILULPvgESy2kX2bxImtjiA,mira-loma-california
https://www.ubereats.com/palm-springs/food-delivery/buffalo-wild-wings-12411-limonite-avenue-suite-650/xhCI3RkrSjyfpFHFD3XOMQ,mira-loma-california
https://www.ubereats.com/inland-empire/food-delivery/diablos-micheladas-mexican-grill/Qc6uJ7JQShueLpnMMYBibQ,mira-loma-california
https://www.ubereats.com/inland-empire/food-delivery/tomo-7-sushi/68PTkoU2R9KXmOfICoHG6A,mira-loma-california
https://www.ubereats.com/palm-springs/food-delivery/scramblers-cafe/gPxLnFdfS2WY5ptdR0WDxA,mira-loma-california
https://www.ubereats.com/palm-springs/food-delivery/plant-b-rancho-cucamonga/oBtDIh2iQsS6yOxNlHqwtA,mira-loma-california
https://www.ubereats.com/palm-springs/food-delivery/panda-express-11090-magnolia-ave/fj1oOau2RV63N_imsaZroQ,mira-loma-california
https://www.ubereats.com/palm-springs/food-delivery/jersey-mikes-subs-12569-limonite-ave/3Jo534z8Rq-be33VbuYgmQ,mira-loma-california
https://www.ubereats.com/palm-springs/food-delivery/blaze-pizza-4410-mills-circle-%231000/kc5owN-wTZG2A7-gy2AgNA,mira-loma-california
https://www.ubereats.com/palm-springs/food-delivery/original-tommys-hamburgers-corona/ra9E1IgfS2aAS_gdccMa0A,mira-loma-california
https://www.ubereats.com/inland-empire/food-delivery/pita-street-limonite/KN8Ks_rYTgiwyIZZs-H1dw,mira-loma-california
https://www.ubereats.com/inland-empire/food-delivery/the-habit-burger-grill-3510-tyler-st-suite-100/RxkLAgviSAeb19hL9xWRFw,mira-loma-california
https://www.ubereats.com/palm-springs/food-delivery/starbucks-2410-river-rd/LD-a1TdXRziF-yXK-LojYQ,mira-loma-california
https://www.ubereats.com/palm-springs/food-delivery/boba-ave-8090/kXMO_Qe-Q-Oyl_X_qP6big,mira-loma-california
https://www.ubereats.com/palm-springs/food-delivery/lazy-dog-restaurant-%26-bar-corona/0-6OmMsLTpOvpLfqmfTnyA,mira-loma-california
https://www.ubereats.com/palm-springs/food-delivery/green-burrito-10100-ben-nevis-blvd/bKqlgobKRYuX6VoRV_uyfg,mira-loma-california
https://www.ubereats.com/palm-springs/food-delivery/scratch-pizza-jurupa-valley/Jsk6wXF5RpeRCFsJjRlQTg,mira-loma-california
https://www.ubereats.com/palm-springs/food-delivery/zekes-eatin-place/515t_BkiQTW24zsEZtQ-UQ,mira-loma-california
https://www.ubereats.com/inland-empire/food-delivery/jersey-mikes-subs-12569-limonite-ave/3Jo534z8Rq-be33VbuYgmQ,mira-loma-california
https://www.ubereats.com/palm-springs/food-delivery/culichis-%26-beer-mira-loma/I4V66w-zSHaRoLIsfajMrw,mira-loma-california
https://www.ubereats.com/palm-springs/food-delivery/kfc-taco-bell-1300-e-ontario-av/sDqtxxcuQe2at8t-_zZiZw,mira-loma-california
https://www.ubereats.com/palm-springs/food-delivery/miguels-jr-norco/mN8Kj8dcTeehErWEmiZCCQ,mira-loma-california
https://www.ubereats.com/palm-springs/food-delivery/azteca-market/ragc5-qpRIyZLv-Y6SmOuQ,mira-loma-california
https://www.ubereats.com/palm-springs/food-delivery/olivias-mexican-restaurant/i_hPo0ozTiWe7mc6PdoEbw,mira-loma-california
https://www.ubereats.com/inland-empire/food-delivery/el-super-van-buren-blvd/qH6-Ios5Sw6KDVNMUWkKxQ,mira-loma-california
https://www.ubereats.com/inland-empire/food-delivery/nanos-deli/CwPA5QtRSNWp5HWUwW69nA,mira-loma-california
https://www.ubereats.com/palm-springs/food-delivery/soho-ramen/aXbKxjK_R6qg1yvMua2lRg,mira-loma-california
https://www.ubereats.com/inland-empire/food-delivery/mantra-indian-cuisine/k47zWi-uRHqGHLG5TTk6Zg,mira-loma-california
https://www.ubereats.com/inland-empire/food-delivery/bjs-restaurant-%26-brewhouse-2520-tuscany-rd/1ZbXBnDrRL6Ay4-x51LFdg,mira-loma-california
https://www.ubereats.com/palm-springs/food-delivery/miguels-jr-norco-village/3kRVjuIASMy5iQ8vzBLKzw,mira-loma-california
https://www.ubereats.com/inland-empire/food-delivery/waba-grill-4834-etiwanda-ave-203/qhXaqPu5TIaaQZcXRXt8fQ,mira-loma-california
https://www.ubereats.com/inland-empire/food-delivery/dono-sushi-cafe/4PEgm8ktRB6jZ_o_N1GCTg,mira-loma-california
https://www.ubereats.com/inland-empire/food-delivery/soho-ramen/YwrBbZBDTfG03ILrso1PmA,mira-loma-california
https://www.ubereats.com/inland-empire/food-delivery/jersey-mikes-subs-1411-hamner-ave/q4iiSXswREOlM8WkO7JZYw,mira-loma-california
https://www.ubereats.com/inland-empire/food-delivery/burrito-clasico/UDQDGid_Rl-tST1gOKVLPQ,mira-loma-california
https://www.ubereats.com/inland-empire/food-delivery/kfc-%2369-6221-van-buren-blvd/ozlOE1XAR3abahqNdVe8Vg,mira-loma-california
https://www.ubereats.com/palm-springs/food-delivery/five-guys-ca-1235-6285-pats-ranch-rd/86-Hx449SSWfQxKRis9H_A,mira-loma-california
https://www.ubereats.com/palm-springs/food-delivery/little-eastern-cafe/x_mmvmoNRniCKUPWEQRPhQ,mira-loma-california
https://www.ubereats.com/inland-empire/food-delivery/olivias-mexican-restaurant/i_hPo0ozTiWe7mc6PdoEbw,mira-loma-california
https://www.ubereats.com/palm-springs/food-delivery/namaste-indian-kitchen/LMvh10A0RlO5dz61NK2kCQ,mira-loma-california
https://www.ubereats.com/palm-springs/food-delivery/happy-restaurant/O1uldaX5TBSe3ayMlRMBGQ,mira-loma-california
https://www.ubereats.com/palm-springs/food-delivery/crepes-de-paris-jurupa-valley/qmWMGRr5SzSWWo1CFhNWrQ,mira-loma-california
https://www.ubereats.com/inland-empire/food-delivery/taco-bell-2544-s-archibald-ave/KFCmT2ZCRreBkt7FXvb59g,mira-loma-california
https://www.ubereats.com/inland-empire/food-delivery/tgi-fridays-1913-ontario-ca/OkhN-0hSSx6YsdO1Bj_3nA,mira-loma-california
https://www.ubereats.com/palm-springs/food-delivery/panda-express-12530-limonite-ave/_f7dybSMSXO44ya0ILNGLw,mira-loma-california
https://www.ubereats.com/palm-springs/food-delivery/miguels-jr-galleria/ASs1Oc8STYa-lLOX1smp1w,mira-loma-california
https://www.ubereats.com/palm-springs/food-delivery/el-torito-2240-griffin-way/zBcs9QK0SOeM9NxaGonHzA,mira-loma-california
https://www.ubereats.com/palm-springs/food-delivery/dunkin-924-e-ontario-ave/eQQ0LOgdS260q-kCp4LPLg,mira-loma-california
https://www.ubereats.com/palm-springs/food-delivery/mcdonalds-5425-arlington-avenue/V3UpQ90fRXyFfNmocRL93g,mira-loma-california
https://www.ubereats.com/inland-empire/food-delivery/kountry-folks-homestyle-restaurant/wIX1h-W8Rv6vDszoQFxHrA,mira-loma-california
https://www.ubereats.com/inland-empire/food-delivery/baja-fresh-ontario/wNKNofi6ShG2KXGFLNZ7DQ,mira-loma-california
https://www.ubereats.com/palm-springs/food-delivery/miguels-jr-south-corona/46XtGX-6S2utt2ifJpeghQ,mira-loma-california
https://www.ubereats.com/palm-springs/food-delivery/time-2-taco/Uw_jOHEdTW2Np1IA93vPZg,mira-loma-california
https://www.ubereats.com/inland-empire/food-delivery/sonic-1202-magnolia-ave/Td5o9OdNSeaVSMveuNZNTA,mira-loma-california
https://www.ubereats.com/palm-springs/food-delivery/kfc-%2370-10061-magnolia-ave/ceI8hYYUThacQQQdkbiiUw,mira-loma-california
https://www.ubereats.com/palm-springs/food-delivery/luna-grill-rancho-cucamonga/MT4A9-rBS76lv-7NltBorQ,mira-loma-california
https://www.ubereats.com/inland-empire/food-delivery/los-zarapes-restaurant/Av0AIEm8TX-s8tckcXuwxg,mira-loma-california
https://www.ubereats.com/palm-springs/food-delivery/yogurtland-3510-tyler-st/ZH_A1CljRzmrQuymsenDyg,mira-loma-california
https://www.ubereats.com/palm-springs/food-delivery/ten-rens-tea-time-eastvale/1FCKYAsLQRWYTYg2ZWip4g,mira-loma-california
https://www.ubereats.com/palm-springs/food-delivery/starbucks-480-n-main-st/ykPGU6LCR1ubyui8wc8xDQ,mira-loma-california
https://www.ubereats.com/palm-springs/food-delivery/dennys-6285-pats-ranch-road-suite-a/e5kyKVbuT3qVXPAgP8Llig,mira-loma-california
https://www.ubereats.com/palm-springs/food-delivery/farmer-boys-slover-ave/PztIsnzhRAm9TL4c3MkqSw,mira-loma-california
https://www.ubereats.com/palm-springs/food-delivery/crustys-pizza/e4kFblfKToCW2K5qQRwg0w,mira-loma-california
https://www.ubereats.com/palm-springs/food-delivery/hot-dog-on-a-stick-1-mills-cir/UnPs9C6LQs2_EMfb22EMRA,mira-loma-california
https://www.ubereats.com/palm-springs/food-delivery/fatburger-%26-buffalos-express-12515-riverside-dr/6tnzCHchTz-ql9SiEJ0Ibg,mira-loma-california
https://www.ubereats.com/inland-empire/food-delivery/carls-jr-1120-hamner-ave/x4ifKePRRse4_0UPKt3gIA,mira-loma-california
https://www.ubereats.com/inland-empire/food-delivery/lazy-dog-restaurant-%26-bar-rancho-cucamonga/wSofzxe-QIqcLT_nFOPhEA,mira-loma-california
https://www.ubereats.com/inland-empire/food-delivery/wabi-sabi-restaurant-group/R4owIpooQtOmOpcpJqAHug,mira-loma-california
https://www.ubereats.com/palm-springs/food-delivery/morefire-thai-cuisine/zlV1hYEuS4SlAkUnGbNatg,mira-loma-california
https://www.ubereats.com/inland-empire/food-delivery/chipotle-mexican-grill-3510-tyler-st/IwWtB1qLQEWTn6-9EfrGIQ,mira-loma-california
https://www.ubereats.com/palm-springs/food-delivery/mcdonalds-150-hidden-valley-pky/ayIO5QsjR3Smh5iygEKiHw,mira-loma-california
https://www.ubereats.com/inland-empire/food-delivery/luna-grill-eastvale/j6UvvEcURNiZu4MUb70caw,mira-loma-california
https://www.ubereats.com/inland-empire/food-delivery/bahia-grill/d9PKOpylQWGh0xoroWj9Nw,mira-loma-california
https://www.ubereats.com/palm-springs/food-delivery/thaibay-cafe/_PSDaDFzRcqWCS3ZoGhzRg,mira-loma-california
https://www.ubereats.com/inland-empire/food-delivery/sonic-9505-magnolia-ave/EwrAAY_lR4GsWpMIBl-6Kw,mira-loma-california
https://www.ubereats.com/palm-springs/food-delivery/hot-dog-on-a-stick-1120-galleria-at-tyler/DVnhVS8pT9aiKWll6eQUog,mira-loma-california
https://www.ubereats.com/inland-empire/food-delivery/green-burrito-10100-ben-nevis-blvd/bKqlgobKRYuX6VoRV_uyfg,mira-loma-california
https://www.ubereats.com/palm-springs/food-delivery/sushi-asahi/upOnCEcTQ9qWbKQ8fT8GZg,mira-loma-california
https://www.ubereats.com/palm-springs/food-delivery/jack-in-the-box-5126-arlington-ave/mKTzdjNfSayNw_a_VeF7xA,mira-loma-california
https://www.ubereats.com/inland-empire/food-delivery/mcdonalds-5425-arlington-avenue/V3UpQ90fRXyFfNmocRL93g,mira-loma-california
https://www.ubereats.com/inland-empire/food-delivery/subway-10255-mission-blvd/mHpLrmXYSFOMbcRJzDLEvQ,mira-loma-california
https://www.ubereats.com/palm-springs/food-delivery/stein-n-beers/Fy1ZmdCGTc6_tveUqwshZw,mira-loma-california
https://www.ubereats.com/palm-springs/food-delivery/rakki-sushi/v9shzmObTbidgSKYrohfww,mira-loma-california
https://www.ubereats.com/palm-springs/food-delivery/waba-grill-577-n-mckinley-st-corona/CLfSOKjjSuOxYSYCd-Hm5A,mira-loma-california
https://www.ubereats.com/palm-springs/food-delivery/fantastic-cafe/RPx9keyWQo2xfnKF-X0f_w,mira-loma-california
https://www.ubereats.com/palm-springs/food-delivery/farmer-boys-lincoln-ave/PPDVrO2mTWq2N95x53fr7g,mira-loma-california
https://www.ubereats.com/inland-empire/food-delivery/the-cookie-plug/Hv8b_KESSlqrP7U0vgQqWA,mira-loma-california
https://www.ubereats.com/palm-springs/food-delivery/el-pollo-loco-3655-riverside-plaza6048/ijA_nxvCQmOkbrnemeZjPA,mira-loma-california
https://www.ubereats.com/inland-empire/food-delivery/plant-b-rancho-cucamonga/oBtDIh2iQsS6yOxNlHqwtA,mira-loma-california
https://www.ubereats.com/palm-springs/food-delivery/cherry-on-top/VzpUCTEtQ061PoES6c7InQ,mira-loma-california
https://www.ubereats.com/inland-empire/food-delivery/the-original-pancake-house-1750-hamner-ave/Dg0UHpI3SDqnDh1_MjvUQQ,mira-loma-california
https://www.ubereats.com/inland-empire/food-delivery/burgerim-riverside/j-hr-dVaTL-qbeZ9ECkg-Q,mira-loma-california
https://www.ubereats.com/inland-empire/food-delivery/ihop-wardlow-rd/hLxhEU74RHqPpbOzal2RYQ,mira-loma-california
https://www.ubereats.com/palm-springs/food-delivery/tacos-los-compadres/0a3vBq7YQzamW-oYtHR3gQ,mira-loma-california
https://www.ubereats.com/palm-springs/food-delivery/dickeys-barbecue-restaurants-inc-12569-limonite-ave-ste-330/9rgIzYq8StelcMa9C0U1qA,mira-loma-california
https://www.ubereats.com/palm-springs/food-delivery/midici-the-neapolitan-pizza-company-riverside/tccWeNf8SHq5ZJU-d5Omfg,mira-loma-california
https://www.ubereats.com/inland-empire/food-delivery/kfc-%2354-2454-s-archibald-ave/ucubSZufSYyuRoTDush1Cg,mira-loma-california
https://www.ubereats.com/inland-empire/food-delivery/subway-12515-riverside-drive/yD1Ftz0bTLmqZ4IweCmM7Q,mira-loma-california
https://www.ubereats.com/palm-springs/food-delivery/subway-12515-riverside-drive/yD1Ftz0bTLmqZ4IweCmM7Q,mira-loma-california
https://www.ubereats.com/inland-empire/food-delivery/norms-riverside/u9fGErugS0iTuRZgyRuKWg,mira-loma-california
https://www.ubereats.com/palm-springs/food-delivery/simply-cakes-etc-bakery/jmFSs-5XTQaBw9x1UX-LlA,mira-loma-california
https://www.ubereats.com/inland-empire/food-delivery/cardenas-market-cocina-s-vineyard-ave/JKYVWD5lQcSwT-bSrNXmcA,mira-loma-california
https://www.ubereats.com/palm-springs/food-delivery/waba-grill-11637-cherry-ave-fontana/2JEZXfZoSqee5fcotjowIA,mira-loma-california
https://www.ubereats.com/inland-empire/food-delivery/dalias-pizza-corona/ugsMnCPxQUmEXcdKqEKnwQ,mira-loma-california
https://www.ubereats.com/inland-empire/food-delivery/california-thai-kitchen/4Gabt7npRjKdWHNifCW_Pg,mira-loma-california
https://www.ubereats.com/palm-springs/food-delivery/the-habit-burger-grill-12569-limonite-ave-%23350/z14K9S3jTmWe_HKHPWUqGg,mira-loma-california
https://www.ubereats.com/palm-springs/food-delivery/mcdonalds-8875-limonite-ave/UIubpW5CSHO_B6bodX00wQ,mira-loma-california
https://www.ubereats.com/inland-empire/food-delivery/bakers-dozen-donuts-riverside/MwYqekETRpS4hyiFErFgOw,mira-loma-california
https://www.ubereats.com/palm-springs/food-delivery/burgerim-1240-east-ontario-avenue-suite-107/bb0nC2GCTFuctOzPLaMYig,mira-loma-california
https://www.ubereats.com/inland-empire/food-delivery/cowboy-burgers-%26-bbq/1Qn4Oj2QTayNSKTm423Qzw,mira-loma-california
https://www.ubereats.com/inland-empire/food-delivery/green-taco/rYLDvD8NQv6VkPZXSlef-g,mira-loma-california
https://www.ubereats.com/palm-springs/food-delivery/el-pollo-loco-3740-la-sierra-ave5910/RZ8BJrlDTjuXsYFIojARhQ,mira-loma-california
https://www.ubereats.com/inland-empire/food-delivery/whichwich-eastvale/KcIuv_VES6udb-HFb4c3Iw,mira-loma-california
https://www.ubereats.com/palm-springs/food-delivery/krispy-krunchy-chicken-10510-sierra-ave/XwG83wyFSGizR3Qge8A0-Q,mira-loma-california
https://www.ubereats.com/inland-empire/food-delivery/the-9th-street-eatery/5qk-UU7yQTq92lEo6nXyFw,mira-loma-california
https://www.ubereats.com/inland-empire/food-delivery/five-guys-ca-1850-10540-sierra-ave/8hUvhHm0Q_2oxOW9n02R9A,mira-loma-california
https://www.ubereats.com/palm-springs/food-delivery/farmer-boys-jurupa-ontario/ibveCyGQRDSRTYPJmdVgZA,mira-loma-california
https://www.ubereats.com/palm-springs/food-delivery/del-taco-4850-e-motor-lane/FGmii440R1GxF799sQs91g,mira-loma-california
https://www.ubereats.com/palm-springs/food-delivery/carls-jr-1199-magnolia-ave/KXMfrEVZTB2T_-Du9zL5Rg,mira-loma-california
https://www.ubereats.com/palm-springs/food-delivery/red-chilli-house/q0hrRDWZRi-14OvFEHZk3g,mira-loma-california
https://www.ubereats.com/inland-empire/food-delivery/scramblers-cafe/gPxLnFdfS2WY5ptdR0WDxA,mira-loma-california
https://www.ubereats.com/palm-springs/food-delivery/popeyes-louisiana-kitchen-9825-magnolia-ave/EuvDdQA7QqOqznv1Ak9Q3g,mira-loma-california
https://www.ubereats.com/palm-springs/food-delivery/bad-ass-breakfast-burritos-rancho-cucamonga/QRM7BZLIQ_67Lgg0gUp6bA,mira-loma-california
https://www.ubereats.com/palm-springs/food-delivery/pizza-italia/4i4F83PwTrKmbkz-5H_bQA,mira-loma-california
https://www.ubereats.com/inland-empire/food-delivery/mins-dumpling-house/rqurILmARgys6Wu4aNDJxA,mira-loma-california
https://www.ubereats.com/inland-empire/food-delivery/california-pizza-kitchen-3540-riverside-plaza-ste-%23308/xo50G-JZRFaC_h2a4N3DrQ,mira-loma-california
https://www.ubereats.com/inland-empire/food-delivery/waba-grill-6390-van-buren-blvd-%23100/SiOkzgVzTba0srKGNEcV0Q,mira-loma-california
https://www.ubereats.com/palm-springs/food-delivery/farmer-boys-mira-loma/Mzy-s9U4QGKejPum9BbCkA,mira-loma-california
https://www.ubereats.com/inland-empire/food-delivery/rubios-110-hidden-valley-parkway/1Dt6nKsqSiKNCWpFdFkFSw,mira-loma-california
https://www.ubereats.com/inland-empire/food-delivery/pollys-pies-norco/cWkr9cn3RwS7FP8ZNJ7Y-A,mira-loma-california
https://www.ubereats.com/palm-springs/food-delivery/lucky-kitchen/NW_N8diQQaGvv8OdmaVpOA,mira-loma-california
https://www.ubereats.com/palm-springs/food-delivery/cowboy-burgers-%26-bbq/1Qn4Oj2QTayNSKTm423Qzw,mira-loma-california
https://www.ubereats.com/palm-springs/food-delivery/waba-grill-6390-van-buren-blvd-%23100/SiOkzgVzTba0srKGNEcV0Q,mira-loma-california
https://www.ubereats.com/inland-empire/food-delivery/frice/gumQpWcbTB-Kl4BwSlo04A,mira-loma-california
https://www.ubereats.com/palm-springs/food-delivery/starbucks-12700-limonite-avenue/2cJkGU2uTPi4yosjz-pbUA,mira-loma-california
https://www.ubereats.com/palm-springs/food-delivery/mr-blues-donuts/MWOzQAgqQTGcvEg_3mOWEA,mira-loma-california
https://www.ubereats.com/palm-springs/food-delivery/carls-jr-2199-sampson/R6wdiYnsSe-TB2AwS-HXgw,mira-loma-california
https://www.ubereats.com/palm-springs/food-delivery/arbys-10160-hole-ave/Jbz8Qd-lRFCcVMIbL6K__w,mira-loma-california
https://www.ubereats.com/palm-springs/food-delivery/copacabana-acai/J2RURW1eRz6d6yl2MYZeeQ,mira-loma-california
https://www.ubereats.com/inland-empire/food-delivery/home-of-yelos-tacos/bF2p0xsuQMmigxgppIhynA,mira-loma-california
https://www.ubereats.com/palm-springs/food-delivery/del-taco-9002-arlington-ave/6yfXWJT5QcGI6cZBzjweMA,mira-loma-california
https://www.ubereats.com/palm-springs/food-delivery/bjs-restaurant-%26-brewhouse-11520-4th-street/mkydOxUMT2islxOsymQjLQ,mira-loma-california
https://www.ubereats.com/palm-springs/food-delivery/tios-mexican-restaurant-eastvale/0VG9W7XVSVmqrjwW_A33Rg,mira-loma-california
https://www.ubereats.com/inland-empire/food-delivery/buffalos-express-3828-hamner-avenue/PZfQcnnNTyeKXPmSA0zEWQ,mira-loma-california
https://www.ubereats.com/inland-empire/food-delivery/buffalo-wild-wings-3775-tyler-st-ste-3a/zXPgpAP0TNKAZc4RUOVxYg,mira-loma-california
https://www.ubereats.com/palm-springs/food-delivery/la-bufadora-baja-grill-riverside/WuTkFqd2QL-gqGqqz1RPyg,mira-loma-california
https://www.ubereats.com/palm-springs/food-delivery/jack-in-the-box-7810-limonite-ave/BuforwBdTJS64kRsSwPNFA,mira-loma-california
https://www.ubereats.com/inland-empire/food-delivery/lucys-diner/xAhVgj9mRzSaPMbYSxotXA,mira-loma-california
https://www.ubereats.com/inland-empire/food-delivery/sultans-mediterranean-grill/g6uMV-W1QxKfTQkXJnkO3w,mira-loma-california
https://www.ubereats.com/inland-empire/food-delivery/taco-bell-7940-limonite/xZMVuHudShmB0spduzUCsQ,mira-loma-california
https://www.ubereats.com/inland-empire/food-delivery/chipotle-mexican-grill-2560-tuscany-st-ste-102/RAMyGgggSEiycmr7cc38Gg,mira-loma-california
https://www.ubereats.com/palm-springs/food-delivery/subway-4955-felspar-st/y3y1UraTSbGN34YFGWEFvA,mira-loma-california
https://www.ubereats.com/palm-springs/food-delivery/jack-in-the-box-4880-motor-ln-bldg-a/wMib2331QGWO6m_5LuDwqA,mira-loma-california
https://www.ubereats.com/palm-springs/food-delivery/baja-fresh-ontario/wNKNofi6ShG2KXGFLNZ7DQ,mira-loma-california
https://www.ubereats.com/palm-springs/food-delivery/basically-just-burrito-bowls/er9MT8ntTW2Qj7wSR8zG0g,mira-loma-california
https://www.ubereats.com/inland-empire/food-delivery/hot-dog-on-a-stick-1120-galleria-at-tyler/DVnhVS8pT9aiKWll6eQUog,mira-loma-california
https://www.ubereats.com/palm-springs/food-delivery/miguels-jr-ontario/srZ-uzCvSGyMtjVJw0N13A,mira-loma-california
https://www.ubereats.com/inland-empire/food-delivery/sombrero-mexican-food-corona/7AfUoBLiR5yGVJkY-qjG4g,mira-loma-california
https://www.ubereats.com/inland-empire/food-delivery/kabab-el-basha/J90dn71sQDOeLIwYaIX_Wg,mira-loma-california
https://www.ubereats.com/inland-empire/food-delivery/dia-de-los-puercos-riverside/_AcbfCqUSaOWfisSCXnXOQ,mira-loma-california
https://www.ubereats.com/palm-springs/food-delivery/jamba-juice-1160-hamner-ave-ste-h/UDRPOMzKS_yCGiG1LmCI0Q,mira-loma-california
https://www.ubereats.com/palm-springs/food-delivery/kfc-%2354-2454-s-archibald-ave/ucubSZufSYyuRoTDush1Cg,mira-loma-california
https://www.ubereats.com/palm-springs/food-delivery/buffalo-wild-wings-2670-tuscany-st/9RLwXR-gRbG_ielCng6gFQ,mira-loma-california
https://www.ubereats.com/palm-springs/food-delivery/starbucks-6390-van-buren-blvd/23YLW1MjSuqaUbsxbUojhA,mira-loma-california
https://www.ubereats.com/inland-empire/food-delivery/waba-grill-5286-arlington-ave/o945cj7nQOCt4nwqJMVJ6Q,mira-loma-california
https://www.ubereats.com/palm-springs/food-delivery/applebees-521-n-mckinley-%2379054/6FRkO2jPRkWE_MYEi8jqYg,mira-loma-california
https://www.ubereats.com/inland-empire/food-delivery/the-sandwich-spot-norco/V8dlve4yQcSddrOYe4fY4g,mira-loma-california
https://www.ubereats.com/palm-springs/food-delivery/kfc-%2369-6221-van-buren-blvd/ozlOE1XAR3abahqNdVe8Vg,mira-loma-california
https://www.ubereats.com/inland-empire/food-delivery/buffalo-wild-wings-2670-tuscany-st/9RLwXR-gRbG_ielCng6gFQ,mira-loma-california
https://www.ubereats.com/palm-springs/food-delivery/dia-de-los-puercos-riverside/_AcbfCqUSaOWfisSCXnXOQ,mira-loma-california
https://www.ubereats.com/palm-springs/food-delivery/the-ice-cream-shop/A3gvNBqcTQ2k6A4eW143SA,mira-loma-california
https://www.ubereats.com/palm-springs/food-delivery/birdies/o35inJ0mT72uTP9UjBxm-Q,mira-loma-california
https://www.ubereats.com/palm-springs/food-delivery/jupiter-juice/DFtq5dqwRvW6Nl5tBf9KaQ,mira-loma-california
https://www.ubereats.com/palm-springs/food-delivery/rubios-12648-limonite-avenue/383eWZOCT5Giy3MmDn8aMQ,mira-loma-california
https://www.ubereats.com/palm-springs/food-delivery/chipotle-mexican-grill-1409-hamner-ave/WOhoADI6RnCp0HjgEIJf2g,mira-loma-california
https://www.ubereats.com/palm-springs/food-delivery/farmer-boys-e-francis-st/UuoFIS7zT160Vr3nGS663A,mira-loma-california
https://www.ubereats.com/inland-empire/food-delivery/gandolfos-new-york-delicatessen/zt8YubGrSb-Gv7VXbXS3NA,mira-loma-california
https://www.ubereats.com/palm-springs/food-delivery/papa-johns-ontario/-soWSrHHSGCmA-7yCrF8kQ,mira-loma-california
https://www.ubereats.com/palm-springs/food-delivery/krispy-krunchy-chicken-6290-mission-blvd/xXL943FGRuWttaX1oCv02A,mira-loma-california
https://www.ubereats.com/palm-springs/food-delivery/lees-sandwiches-corona/XNYbagxTTSeFpSrAfTTJjQ,mira-loma-california
https://www.ubereats.com/inland-empire/food-delivery/thaibay-cafe/_PSDaDFzRcqWCS3ZoGhzRg,mira-loma-california
https://www.ubereats.com/inland-empire/food-delivery/albertos-mexican-food/S3SfrceWTsucnOsfwyH_vQ,mira-loma-california
https://www.ubereats.com/palm-springs/food-delivery/farmer-boys/K2qdcD3yQXqcPi6MJLyhHA,mira-loma-california
https://www.ubereats.com/inland-empire/food-delivery/outback-steakhouse-151-n-mckinley-st/HtKFY3BgTbamYmpr6M11uQ,mira-loma-california
https://www.ubereats.com/palm-springs/food-delivery/masala-house/LgLGYidrRaqqUs3PzQi9nA,mira-loma-california
https://www.ubereats.com/inland-empire/food-delivery/el-pollo-loco-5501-van-buren-blvd3512/cjW8uC0ORt60OvcU7nj0Qg,mira-loma-california
https://www.ubereats.com/inland-empire/food-delivery/basically-just-burrito-bowls/er9MT8ntTW2Qj7wSR8zG0g,mira-loma-california
https://www.ubereats.com/palm-springs/food-delivery/scratch-pizza-riverside/BJcRmyzwQBCN-fVk1eL0mA,mira-loma-california
https://www.ubereats.com/inland-empire/food-delivery/jack-in-the-box-5126-arlington-ave/mKTzdjNfSayNw_a_VeF7xA,mira-loma-california
https://www.ubereats.com/inland-empire/food-delivery/flavor-theory/vYtF1fzVSb-ZwrYfbv629g,mira-loma-california
https://www.ubereats.com/palm-springs/food-delivery/carls-jr-14454-valley-blvd/JhhriQXyRaiNswNx5h5wbg,mira-loma-california
https://www.ubereats.com/palm-springs/food-delivery/pietros-italian-cuisine/X6YNVxrYRge5iGeyMo1_AQ,mira-loma-california
https://www.ubereats.com/palm-springs/food-delivery/pizza-nora/lVvE9CvMScuHdWv7f0cbHg,mira-loma-california
https://www.ubereats.com/palm-springs/food-delivery/og-quesarito/oGTGIa-1Ruq9y-jY_KAJ4Q,mira-loma-california
https://www.ubereats.com/inland-empire/food-delivery/waba-grill-12762-limonite-ave-eastvale/4n_ATA1IR3yuGCEqq1AwTw,mira-loma-california
https://www.ubereats.com/inland-empire/food-delivery/rubios-1297-e-ontario-ave/XcTAkqXsSSKjOwO7GgIbhw,mira-loma-california
https://www.ubereats.com/inland-empire/food-delivery/kfc-%2370-10061-magnolia-ave/ceI8hYYUThacQQQdkbiiUw,mira-loma-california
https://www.ubereats.com/inland-empire/food-delivery/jack-in-the-box-2458-s-vineyard-ave/R-T1UzsnQ2qyv7ZHLKXZZA,mira-loma-california
https://www.ubereats.com/inland-empire/food-delivery/mexico-lindo-restaurants/4DE4S5yBShGqhp9avW1odA,mira-loma-california
https://www.ubereats.com/palm-springs/food-delivery/jamba-juice-9825-magnolia-ave-ste-a/0BN8LP1JTkWA0sUwgy5PmA,mira-loma-california
https://www.ubereats.com/inland-empire/food-delivery/subway-5236-arlington-ave/aJaWoTssQLucL_7P28gQ5A,mira-loma-california
https://www.ubereats.com/inland-empire/food-delivery/la-michoacana-famous-ice-cream/yFxMpenhRx6Wbb-E56UOoQ,mira-loma-california
https://www.ubereats.com/palm-springs/food-delivery/indian-fusion-pizza/kulZSLKTQryr52G0hB-Pmw,mira-loma-california
https://www.ubereats.com/palm-springs/food-delivery/papa-johns-8022-limonite-ave/a2_G9tk3TyeQYUsl3ULmOA,mira-loma-california
https://www.ubereats.com/inland-empire/food-delivery/tacos-los-compadres/0a3vBq7YQzamW-oYtHR3gQ,mira-loma-california
https://www.ubereats.com/palm-springs/food-delivery/flavor-theory/vYtF1fzVSb-ZwrYfbv629g,mira-loma-california
https://www.ubereats.com/inland-empire/food-delivery/hi-family-ii-%E4%BC%90%E6%9C%A8%E5%8B%92/TeXv0FTNSKu2mqbU2MZ53Q,mira-loma-california
https://www.ubereats.com/inland-empire/food-delivery/dickeys-barbecue-restaurants-inc-12569-limonite-ave-ste-330/9rgIzYq8StelcMa9C0U1qA,mira-loma-california
https://www.ubereats.com/inland-empire/food-delivery/outback-steakhouse-4492-ontario-mills-parkway/8G_9K_msSCuPSvbxDVssyg,mira-loma-california
https://www.ubereats.com/palm-springs/food-delivery/spoonful-yogurt-cafe/UalBSlQpRPqyMdu7ywprfA,mira-loma-california
https://www.ubereats.com/inland-empire/food-delivery/power-bowl/KtPp6HXxTwioVg5uS6pv6g,mira-loma-california
https://www.ubereats.com/palm-springs/food-delivery/wendys-12614-limonite-ave/w_wuljA_Q1GBotmJFqEyuQ,mira-loma-california
https://www.ubereats.com/palm-springs/food-delivery/little-caesars-riverside/_zKaMB5SS2SA4jGzIjcRIw,mira-loma-california
https://www.ubereats.com/palm-springs/food-delivery/mcdonalds-6815-valley-way/OpaZNb76QROHLFsdaqAP4w,mira-loma-california
https://www.ubereats.com/palm-springs/food-delivery/gandolfos-new-york-delicatessen/zt8YubGrSb-Gv7VXbXS3NA,mira-loma-california
https://www.ubereats.com/inland-empire/food-delivery/panera-12376-limonite-avenue/Gse1ThdFSeuh7wuizNaxjQ,mira-loma-california
https://www.ubereats.com/inland-empire/food-delivery/panda-express-1299-galleria-%40tyler/tthIgS37SI2ZdNE5fNvICg,mira-loma-california
https://www.ubereats.com/palm-springs/food-delivery/big-catch-seafood-house-ontario/IYyLnQWdR1WH2s0Iu2i_OQ,mira-loma-california
https://www.ubereats.com/palm-springs/food-delivery/taco-bell-6970-mission-blvd/A_4AjAR2Se200sDtESLpgg,mira-loma-california
https://www.ubereats.com/palm-springs/food-delivery/kfc-%2365-7970-limonite-ave/BfkxM52QRo2SWu79nbcu3w,mira-loma-california
https://www.ubereats.com/palm-springs/food-delivery/the-habit-burger-grill-3510-tyler-st-suite-100/RxkLAgviSAeb19hL9xWRFw,mira-loma-california
https://www.ubereats.com/palm-springs/food-delivery/mod-pizza-corona/vIYkDttvQkeM0PyTv5QvgQ,mira-loma-california
https://www.ubereats.com/inland-empire/food-delivery/carls-jr-3370-la-sierra-ave/708ZYlegR7uhFZ2A2ZtZmg,mira-loma-california
https://www.ubereats.com/palm-springs/food-delivery/thai-variety/KvIg639YQhGP-fBDveh76Q,mira-loma-california
https://www.ubereats.com/inland-empire/food-delivery/albertos-mexican-food/WA-mWJp6QZOpeXLISa2uSg,mira-loma-california
https://www.ubereats.com/inland-empire/food-delivery/riverside-cookie-shoppe/rYSbp8NXRyW52TjffDJRaw,mira-loma-california
https://www.ubereats.com/inland-empire/food-delivery/los-montes-country-market/LZd7pNItTHmi9Kz12uSQDw,mira-loma-california
https://www.ubereats.com/palm-springs/food-delivery/jersey-mikes-subs-350-n-mckinley-street/wnmg6v7wSHmdsILs9RpDyA,mira-loma-california
https://www.ubereats.com/inland-empire/food-delivery/sunny-%26-fines-breakfast-burritos/iVtg2GMzTL2tgxV_6TdKRw,mira-loma-california
https://www.ubereats.com/palm-springs/food-delivery/whichwich-eastvale/KcIuv_VES6udb-HFb4c3Iw,mira-loma-california
https://www.ubereats.com/inland-empire/food-delivery/rodrigos-mexican-grill-riverside/RNY-2YNVQ9KjTzlFXi9TKw,mira-loma-california
https://www.ubereats.com/palm-springs/food-delivery/rubios-110-hidden-valley-parkway/1Dt6nKsqSiKNCWpFdFkFSw,mira-loma-california
https://www.ubereats.com/palm-springs/food-delivery/home-of-yelos-tacos/bF2p0xsuQMmigxgppIhynA,mira-loma-california
https://www.ubereats.com/inland-empire/food-delivery/el-pollo-loco-13340-limonite-ave6176/ta9-UjQYRxCrWWWdU2K5Jg,mira-loma-california
https://www.ubereats.com/palm-springs/food-delivery/jack-in-the-box-10151-ben-nevis-blvd/vkTK_52KQ8KMRVW_a7aLFw,mira-loma-california
https://www.ubereats.com/inland-empire/food-delivery/miguels-jr-eastvale/KF_ZKcg3RKCzdExND0RswQ,mira-loma-california
https://www.ubereats.com/palm-springs/food-delivery/starbucks-10988-bellgrave-avenue-unit-100/AZaTYqsLQO2mdXJq-5HYWQ,mira-loma-california
https://www.ubereats.com/inland-empire/food-delivery/el-pollo-loco-3487-madison-st5587/JUDrdUT5Rg2X94LfRa4vyw,mira-loma-california
https://www.ubereats.com/inland-empire/food-delivery/chipotle-mexican-grill-1160-e-ontario-ave-ste-101/U8n3E-vcS1-5apkET7i1Vg,mira-loma-california
https://www.ubereats.com/palm-springs/food-delivery/jack-in-the-box-1491-6th-street/5TMQm51rTISHqUKgoh12gA,mira-loma-california
https://www.ubereats.com/palm-springs/food-delivery/bloom-%26-butter/a9NFJEiZQZ2BXJoGPhUedQ,mira-loma-california
https://www.ubereats.com/palm-springs/food-delivery/tgi-fridays-2177-riverside-ca/gz4vxHMbRr2rqzHu7w9R6w,mira-loma-california
https://www.ubereats.com/inland-empire/food-delivery/johnny-carinos-eastvale/JzZDkSgCRUiBeFih--pSAw,mira-loma-california
https://www.ubereats.com/inland-empire/food-delivery/thai-variety/KvIg639YQhGP-fBDveh76Q,mira-loma-california
https://www.ubereats.com/inland-empire/food-delivery/crumbles-cookies/q4XnOh8VQZiwhX7NVByrKw,mira-loma-california
https://www.ubereats.com/inland-empire/food-delivery/miguels-jr-norco-village/3kRVjuIASMy5iQ8vzBLKzw,mira-loma-california
https://www.ubereats.com/palm-springs/food-delivery/buffalos-express-3828-hamner-avenue/PZfQcnnNTyeKXPmSA0zEWQ,mira-loma-california
https://www.ubereats.com/palm-springs/food-delivery/swagg-daddys-kitchen/tiJ_-d4QRR-tVdlqCw3pPw,mira-loma-california
https://www.ubereats.com/palm-springs/food-delivery/burrito-clasico/UDQDGid_Rl-tST1gOKVLPQ,mira-loma-california
https://www.ubereats.com/palm-springs/food-delivery/char-n-grill/CqbfwqYxRKqHg93XaYJE2A,mira-loma-california
https://www.ubereats.com/inland-empire/food-delivery/ramiros-cocina/dJzzVa9ARkG1ByNYkLh-Aw,mira-loma-california
https://www.ubereats.com/palm-springs/food-delivery/waba-grill-5286-arlington-ave/o945cj7nQOCt4nwqJMVJ6Q,mira-loma-california
https://www.ubereats.com/inland-empire/food-delivery/carls-jr-14454-valley-blvd/JhhriQXyRaiNswNx5h5wbg,mira-loma-california
https://www.ubereats.com/palm-springs/food-delivery/farmer-boys-university-ave/z32CHI7CRwWmkbgdkaGXKA,mira-loma-california
https://www.ubereats.com/palm-springs/food-delivery/soho-ramen/YwrBbZBDTfG03ILrso1PmA,mira-loma-california
https://www.ubereats.com/palm-springs/food-delivery/corona-burgers-%26-eats/l0LRm9OsQBu9hvLa1-YwxA,mira-loma-california
https://www.ubereats.com/inland-empire/food-delivery/jack-in-the-box-1180-e-ontario-ave/w77XbJITSDOxn_JmREqKFw,mira-loma-california
https://www.ubereats.com/palm-springs/food-delivery/rubios-980-n-ontario-mills-drive/9K_gdbgVQzK78ItuIKEnuQ,mira-loma-california
https://www.ubereats.com/palm-springs/food-delivery/mcdonalds-11663-cherry-lane/PjY_-bpbQv-iDrqSx7F4Sg,mira-loma-california
https://www.ubereats.com/palm-springs/food-delivery/jersey-mikes-subs-10515-sierra-ave/ZWLwlqffQMWSKFDvgZS1rg,mira-loma-california
https://www.ubereats.com/palm-springs/food-delivery/dennys-13479-baseline-ave/P1RU568ORdC9xiHdVm0daQ,mira-loma-california
https://www.ubereats.com/palm-springs/food-delivery/del-taco-2552-hamner-ave/Uz4_UzJtTt-pucNCRAYmeA,mira-loma-california
https://www.ubereats.com/inland-empire/food-delivery/tios-mexican-restaurant-eastvale/0VG9W7XVSVmqrjwW_A33Rg,mira-loma-california
https://www.ubereats.com/palm-springs/food-delivery/si-como-no!-schleisman-rd/6ntjlKPWR7CpKemx8aBvBQ,mira-loma-california
https://www.ubereats.com/palm-springs/food-delivery/johnny-carinos-eastvale/JzZDkSgCRUiBeFih--pSAw,mira-loma-california
https://www.ubereats.com/inland-empire/food-delivery/subway-4880-motor-lane/ILULPvgESy2kX2bxImtjiA,mira-loma-california
https://www.ubereats.com/palm-springs/food-delivery/krispy-krunchy-chicken/q4Kz1vSlSiKpLG0ZGugPFA,mira-loma-california
https://www.ubereats.com/palm-springs/food-delivery/koyla-indian-restaurant/Q3UXgrIKSViBXc5LnDgWeA,mira-loma-california
https://www.ubereats.com/palm-springs/food-delivery/diablos-micheladas-mexican-grill/Qc6uJ7JQShueLpnMMYBibQ,mira-loma-california
https://www.ubereats.com/palm-springs/food-delivery/bjs-restaurant-%26-brewhouse-2520-tuscany-rd/1ZbXBnDrRL6Ay4-x51LFdg,mira-loma-california
https://www.ubereats.com/palm-springs/food-delivery/kabob-hutt/S0y7eDxqS5qZCXAGWPdz8Q,mira-loma-california
https://www.ubereats.com/palm-springs/food-delivery/starbucks-3699-hamner-avenue-%23a/to2h-8JIRuCMOL4qb2XahQ,mira-loma-california
https://www.ubereats.com/inland-empire/food-delivery/rubios-980-n-ontario-mills-drive/9K_gdbgVQzK78ItuIKEnuQ,mira-loma-california
https://www.ubereats.com/palm-springs/food-delivery/del-taco-10020-cherry-ave/rjybpaYETOewCte3pyu7pg,mira-loma-california
https://www.ubereats.com/palm-springs/food-delivery/el-super-van-buren-blvd/qH6-Ios5Sw6KDVNMUWkKxQ,mira-loma-california
https://www.ubereats.com/palm-springs/food-delivery/starbucks-12565-cantu-galleano-ranch-road/N28xDCxxQ4K67RQr6o7Vqw,mira-loma-california
https://www.ubereats.com/palm-springs/food-delivery/jack-in-the-box-9195-jurupa-rd/YXUC84hSQFGlC96e8yPcDg,mira-loma-california
https://www.ubereats.com/inland-empire/food-delivery/stein-n-beers/Fy1ZmdCGTc6_tveUqwshZw,mira-loma-california
https://www.ubereats.com/inland-empire/food-delivery/d-grill-boy/d8PiLU9hSn6OVG-8CSGjug,mira-loma-california
https://www.ubereats.com/inland-empire/food-delivery/jersey-mikes-subs-10515-sierra-ave/ZWLwlqffQMWSKFDvgZS1rg,mira-loma-california
https://www.ubereats.com/inland-empire/food-delivery/original-tommys-hamburgers-corona/ra9E1IgfS2aAS_gdccMa0A,mira-loma-california
https://www.ubereats.com/palm-springs/food-delivery/waba-grill-12762-limonite-ave-eastvale/4n_ATA1IR3yuGCEqq1AwTw,mira-loma-california
https://www.ubereats.com/palm-springs/food-delivery/freshii-inland-empire/CanfvMzMTAOpSwvozno6gg,mira-loma-california
https://www.ubereats.com/inland-empire/food-delivery/kaza-maza-mediterranean-grill-norco/YMbzmjRKQW-eO_pNeRNu7g,mira-loma-california
https://www.ubereats.com/palm-springs/food-delivery/waba-grill-1222-magnolia-ave-corona/KYDn0HXvQxywUg_y1Enw5w,mira-loma-california
https://www.ubereats.com/inland-empire/food-delivery/hot-dog-on-a-stick-1-mills-cir/UnPs9C6LQs2_EMfb22EMRA,mira-loma-california
https://www.ubereats.com/palm-springs/food-delivery/starbucks-8042-limonite-blvd/zYO-2wYHRbGy6j-GMpeRCQ,mira-loma-california
https://www.ubereats.com/inland-empire/food-delivery/ten-rens-tea-time-eastvale/1FCKYAsLQRWYTYg2ZWip4g,mira-loma-california
https://www.ubereats.com/palm-springs/food-delivery/carls-jr-3370-la-sierra-ave/708ZYlegR7uhFZ2A2ZtZmg,mira-loma-california
https://www.ubereats.com/palm-springs/food-delivery/jack-in-the-box-3500-e-philadelphia-st/ESKY8pcKT264ilPswmUjCQ,mira-loma-california
https://www.ubereats.com/palm-springs/food-delivery/norms-riverside/u9fGErugS0iTuRZgyRuKWg,mira-loma-california
https://www.ubereats.com/inland-empire/food-delivery/subway-4955-felspar-st/y3y1UraTSbGN34YFGWEFvA,mira-loma-california
https://www.ubereats.com/inland-empire/food-delivery/little-eastern-cafe/x_mmvmoNRniCKUPWEQRPhQ,mira-loma-california
