url,city
https://www.ubereats.com/san-francisco/food-delivery/hanlin-tea-room-cupertino/2Xb6ZKheSeaH9khj1E13BQ,monte-sereno-california
https://www.ubereats.com/san-francisco/food-delivery/el-burritos/AGaov4FpTcaupgc-Ggfj1A,monte-sereno-california
https://www.ubereats.com/san-francisco/food-delivery/mama-chef/_RkfZH9OQF-BSH0qtjXqRA,monte-sereno-california
https://www.ubereats.com/san-francisco/food-delivery/chevys-5305-almaden-expressway/79FWQQt_QW6utvO0sjoaNA,monte-sereno-california
https://www.ubereats.com/san-francisco/food-delivery/wienerschnitzel-1330-camden-ave/O4SHAPGpSxGNi3TA8jxALg,monte-sereno-california
https://www.ubereats.com/san-francisco/food-delivery/asian-box-the-pruneyard/Gzg0RlAwTm68zdrWtGY1Hg,monte-sereno-california
https://www.ubereats.com/san-francisco/food-delivery/apple-green-bistro/4yW17ahuSAqbQYrWMH3iAQ,monte-sereno-california
https://www.ubereats.com/san-francisco/food-delivery/palermo-italian-restaurant-791-auzerais-ave/vTa9GSh7TaKIBdG9gmIubg,monte-sereno-california
https://www.ubereats.com/san-francisco/food-delivery/los-jamaytecos/Qzs2CNuxQEG8Lx0n_h_XhQ,monte-sereno-california
https://www.ubereats.com/san-francisco/food-delivery/seoul-gom-tang/zB-zqNoNRseN1jw5ooabVw,monte-sereno-california
https://www.ubereats.com/san-francisco/food-delivery/rosy-yogurt/sg5weW68R8KuGBt77XehdQ,monte-sereno-california
https://www.ubereats.com/san-francisco/food-delivery/mcdonalds-camden-ave/Tx8i9AZiTQ6pfb8MpHjd1g,monte-sereno-california
https://www.ubereats.com/san-francisco/food-delivery/daily-donuts-santa-clara/zTEyXylKQLWvONxvme3TeA,monte-sereno-california
https://www.ubereats.com/san-francisco/food-delivery/subway-75-s-san-tomas-aquino-rd/itOXkLK8SgScYr8MMzQ7oA,monte-sereno-california
https://www.ubereats.com/san-francisco/food-delivery/ikes-love-and-sandwiches-prospect-road/R9mijzGFSh69Enm8I9i_rQ,monte-sereno-california
https://www.ubereats.com/san-francisco/food-delivery/willow-glen-creamery-campbell/kL1sogfUQJ2ILZ8o0ueh2A,monte-sereno-california
https://www.ubereats.com/san-francisco/food-delivery/suro-sushi-bar-%26-grill/dFFp-MHYSnG0j0ng_-ZR9g,monte-sereno-california
https://www.ubereats.com/san-francisco/food-delivery/buffalo-wild-wings-859-blossom-hill-rd/Z4AsZeLXRRC-qEq7YwBzPA,monte-sereno-california
https://www.ubereats.com/san-francisco/food-delivery/el-amigo-burrito/1C3Mg9-JQb2TbjMo85EPbg,monte-sereno-california
https://www.ubereats.com/san-francisco/food-delivery/stacks-campbell/0SN4jZ13R2WwPxotE7ODOQ,monte-sereno-california
https://www.ubereats.com/san-francisco/food-delivery/ristorante-da-maria/B-rWib4LTCuPZsSeCKhdZQ,monte-sereno-california
https://www.ubereats.com/san-francisco/food-delivery/kfc-983-meridian-avenue/EYZEYIkNS62BXnkeJZ3ecw,monte-sereno-california
https://www.ubereats.com/san-francisco/food-delivery/holders-country-inn-saratoga-ave/eX4nOdKdQQOtF6GsNOzcSw,monte-sereno-california
https://www.ubereats.com/san-francisco/food-delivery/campbell-deli/wDLux1mURb64qQLH1zNzwA,monte-sereno-california
https://www.ubereats.com/san-francisco/food-delivery/coconuts-fish-cafe/rKL4IumDSSSUH7cz_w91rA,monte-sereno-california
https://www.ubereats.com/san-francisco/food-delivery/carls-jr-1101-branham-ln/89F9QXRwR_eEtSbLe5ZaSg,monte-sereno-california
https://www.ubereats.com/san-francisco/food-delivery/nick-the-greek-stevens-creek/bpyWNy_hReyJG1vvRjutfg,monte-sereno-california
https://www.ubereats.com/san-francisco/food-delivery/burger-king-385-south-kiely/NvuENYU-QNStZZ64SujvmQ,monte-sereno-california
https://www.ubereats.com/san-francisco/food-delivery/shang-cafe-san-jose/uRjzq04JRH6BYjYrzCMnsA,monte-sereno-california
https://www.ubereats.com/san-francisco/food-delivery/eriks-delicafe-campbell/3w-Tek4ESEGss3pgK7A2HQ,monte-sereno-california
https://www.ubereats.com/san-francisco/food-delivery/starbucks-foxworthy-%26-cherry/1TTRs-JORfyubFo44w-M7Q,monte-sereno-california
https://www.ubereats.com/san-francisco/food-delivery/sheng-kee-bakery-n-wolfe-rd/3kW48BuKQLaay8PyJAeU8g,monte-sereno-california
https://www.ubereats.com/san-francisco/food-delivery/emc-seafood-santana-row/HDij4MQASj2eqkNbM71nBg,monte-sereno-california
https://www.ubereats.com/san-francisco/food-delivery/thai-chili-cuisine/9WA-qEMyRkezUEfeE2mIUQ,monte-sereno-california
https://www.ubereats.com/san-francisco/food-delivery/fantasia-coffee-%26-tea/Lt0BzT8CT_aG21UiRx256Q,monte-sereno-california
https://www.ubereats.com/san-francisco/food-delivery/smitten-ice-cream-santana-row/8EG5zIDTSt22oWFk-2xKUg,monte-sereno-california
https://www.ubereats.com/san-francisco/food-delivery/boston-market-880-blossom-hill-road/Od5gcYbFTFej9zYMQsPtvw,monte-sereno-california
https://www.ubereats.com/san-francisco/food-delivery/white-elephant-thai-cuisine/e4RSnBftTBCCRBLtSTGlkg,monte-sereno-california
https://www.ubereats.com/san-francisco/food-delivery/hokkaido-buffet/1RW0VhfGSxSBceqC0Y1RVw,monte-sereno-california
https://www.ubereats.com/san-francisco/food-delivery/pizza-my-heart-los-gatos/6dYAHgWxRC-8KBq2umpU0A,monte-sereno-california
https://www.ubereats.com/san-francisco/food-delivery/chaat-bhavan/NpRVPgUGQ42ZKxhogGJF_g,monte-sereno-california
https://www.ubereats.com/san-francisco/food-delivery/dosa-by-dosa-willow-glen/hAITd717TWWgmvH_gROpxg,monte-sereno-california
https://www.ubereats.com/san-francisco/food-delivery/big-chef-toms-belly-burgers-willow-glen/_gqSP67lSEioRmVrKYewIw,monte-sereno-california
https://www.ubereats.com/san-francisco/food-delivery/boudin-west-valley/6W7EQVVwQZ6P4DUXevHiMA,monte-sereno-california
https://www.ubereats.com/san-francisco/food-delivery/amicis-east-coast-pizzeria-willow-glen/9ahNOMifRdCdFYZaBiweEQ,monte-sereno-california
https://www.ubereats.com/san-francisco/food-delivery/kokilas-kitchen/GpTAe_dMSda1vxGbFk6HOQ,monte-sereno-california
https://www.ubereats.com/san-francisco/food-delivery/subway-3586-homestead-rd/CPSN295PRFK0gMEAHXtnPw,monte-sereno-california
https://www.ubereats.com/san-francisco/food-delivery/anjappar-chettinad-santa-clara-ca/9EjAfnCeTHOPCwD2rTCMiQ,monte-sereno-california
https://www.ubereats.com/san-francisco/food-delivery/beijing-restaurant/3eqqXg7STLK7rQ5Mj5SXMQ,monte-sereno-california
https://www.ubereats.com/san-francisco/food-delivery/firehouse-subs-5130-cherry-ave-%2360/F0uXhNPuRBe2h6lKPgfqZw,monte-sereno-california
https://www.ubereats.com/san-francisco/food-delivery/tarim-global-cuisine/Hdk9RzJKTdqKhub7xLEJsQ,monte-sereno-california
https://www.ubereats.com/san-francisco/food-delivery/vegan-hummus-co/WispyJZ9QJSbcxjlck2GwQ,monte-sereno-california
https://www.ubereats.com/san-francisco/food-delivery/tan-cha-cupertino/HXQ2Rq_RQ3-El2iF6DRgJw,monte-sereno-california
https://www.ubereats.com/san-francisco/food-delivery/pizza-my-heart-san-jose-cambrian-park/3onuuCWiQBOQDPfwwWTN1w,monte-sereno-california
https://www.ubereats.com/san-francisco/food-delivery/subway-10525-south-de-anza-blvd/MQ9DE31SSeSk32rxy44zgw,monte-sereno-california
https://www.ubereats.com/san-francisco/food-delivery/flamingos-taqueria/_fEDaHiKQb-eIIZolJOXRA,monte-sereno-california
https://www.ubereats.com/san-francisco/food-delivery/royal-cuisine/aLupC5anQH2KuhdR3sd2Qg,monte-sereno-california
https://www.ubereats.com/san-francisco/food-delivery/poki-bowl-81-curtner-ave-ste-30/v6AOGWzARzKh4ytqV2lAGQ,monte-sereno-california
https://www.ubereats.com/san-francisco/food-delivery/subway-20916-homestead-rd/8v48jLumTwKYLfVrOuMRSw,monte-sereno-california
https://www.ubereats.com/san-francisco/food-delivery/smashburger-1600-saratoga-ave-ste-203/82kV0DS6SweDtCpTA_ABKA,monte-sereno-california
https://www.ubereats.com/san-francisco/food-delivery/poke-nomics/6uPyfrCOT-Cb6t_ToWCFfg,monte-sereno-california
https://www.ubereats.com/san-francisco/food-delivery/el-pollo-loco-1725-branham-ln3326/AxRE2JgpTmSF2vPJmcLSng,monte-sereno-california
https://www.ubereats.com/san-francisco/food-delivery/jang-mo-jip/33DOSVHtQz-5UnAqwyNNZQ,monte-sereno-california
https://www.ubereats.com/san-francisco/food-delivery/cream-stevens-creek-blvd/SLlmS66-Q32j1aSOsHOPhQ,monte-sereno-california
https://www.ubereats.com/san-francisco/food-delivery/pearl-river-chinese-restaurant-lincoln-avenue/CpMRk7w0REKPQ2tk8ojitg,monte-sereno-california
https://www.ubereats.com/san-francisco/food-delivery/shangri-la-chinese-restaurant/lAigypgwQ5m8-i_sSWdgOQ,monte-sereno-california
https://www.ubereats.com/san-francisco/food-delivery/spread-deli-%26-bottles-campbell/Lastm2ddQxGequOjwCYPlQ,monte-sereno-california
https://www.ubereats.com/san-francisco/food-delivery/bel-cool-tasty-pot-%E5%80%8D%E5%84%BF%E7%88%BD%E9%BA%BB%E8%BE%A3%E9%A6%99%E9%94%85-cupertino-village/fwV9LEcUSoWzMo4LAW-Dbw,monte-sereno-california
https://www.ubereats.com/san-francisco/food-delivery/mama-mias/wFJ3Agb-Qv6XNinOWoajsg,monte-sereno-california
https://www.ubereats.com/san-francisco/food-delivery/top-cafe/UvumNZraRx67F3yKiM6WZA,monte-sereno-california
https://www.ubereats.com/san-francisco/food-delivery/nick-the-greek-almaden-expressway/gWh2AdWwT_Cc4jNpwcYEXg,monte-sereno-california
https://www.ubereats.com/san-francisco/food-delivery/ishi-shima-sushi/e5DOqvwPRvKFO8UFQyuR0w,monte-sereno-california
https://www.ubereats.com/san-francisco/food-delivery/sangeetha-restaurant/ugBqOCP_T7q9sB4jel59qg,monte-sereno-california
https://www.ubereats.com/san-francisco/food-delivery/thali-vegetarian/9Ock9ECARNm8pWu88c2bmw,monte-sereno-california
https://www.ubereats.com/san-francisco/food-delivery/one-pot-shabu-shabu/bJM4VRshQLOf1QwyvERk2Q,monte-sereno-california
https://www.ubereats.com/san-francisco/food-delivery/rangoli-india-restaurant/tOEb3Y3USfqRWo7OvrA0xw,monte-sereno-california
https://www.ubereats.com/san-francisco/food-delivery/mod-pizza-campbell/b4Nxs9EuTrSCMzlqBSIBuQ,monte-sereno-california
https://www.ubereats.com/san-francisco/food-delivery/mextizo/slk1sXbrSeq5A8mGwQ1v9A,monte-sereno-california
https://www.ubereats.com/san-francisco/food-delivery/ganesha-indian-cuisine-sweets-%26-catering/8-he9xUSQbSoZdI2wVCJ8g,monte-sereno-california
https://www.ubereats.com/san-francisco/food-delivery/yoshinoya-cupertino/3wWeT3BcShaib7Zwqcnmcw,monte-sereno-california
https://www.ubereats.com/san-francisco/food-delivery/starbucks-camden-%26-curtner-campbell/qmhXXNuVTjql9OVC9VAI4g,monte-sereno-california
https://www.ubereats.com/san-francisco/food-delivery/top-cafe-cupertino/wNbW1hh6Sbme5VMfzq1u4A,monte-sereno-california
https://www.ubereats.com/san-francisco/food-delivery/best-desi-pizza/hv6j6w8IRkyRTy6X3c7c-g,monte-sereno-california
https://www.ubereats.com/san-francisco/food-delivery/water-tower-kitchen/DVAdqdF_RDuLqZ1kIoM2cA,monte-sereno-california
https://www.ubereats.com/san-francisco/food-delivery/mcdonalds-union-ave/W3tSKi7mTiamsQ9enARtvg,monte-sereno-california
https://www.ubereats.com/san-francisco/food-delivery/mamas-bakery/epI-WGEqT4O49d2C-PmxZg,monte-sereno-california
https://www.ubereats.com/san-francisco/food-delivery/kenji-sushi/je7ehJWNSmyJK8VJpyi6kg,monte-sereno-california
https://www.ubereats.com/san-francisco/food-delivery/ippudo-cupertino/q8502PzKTlyV61yTtBOXvg,monte-sereno-california
https://www.ubereats.com/san-francisco/food-delivery/chipotle-mexican-grill-1110-blossom-hill-rd-ste-30/UrXxwOGvS-mmVQBDz_5oiw,monte-sereno-california
https://www.ubereats.com/san-francisco/food-delivery/ritas-italian-ice-1801-pruneridge-avenue/pkpVbGvZQVi20EVjf3W_Jg,monte-sereno-california
https://www.ubereats.com/san-francisco/food-delivery/palamuru-grill/am_mlcUlQ5-M5mFC9LHLxA,monte-sereno-california
https://www.ubereats.com/san-francisco/food-delivery/pizza-my-heart-willow-glen/VJcnGg3LRhiiR-9gB0X8dw,monte-sereno-california
https://www.ubereats.com/san-francisco/food-delivery/britannia-arms-cupertino/-LLexQulTXCetF-IBGLvJQ,monte-sereno-california
https://www.ubereats.com/san-francisco/food-delivery/viets-corner/jiDUF9M4RiyroyDtZWebWg,monte-sereno-california
https://www.ubereats.com/san-francisco/food-delivery/willow-street-pizza-los-gatos/y5nPlp5KQ-Gpj0aOSRJMhQ,monte-sereno-california
https://www.ubereats.com/san-francisco/food-delivery/meso-modern-mediterranean/YIMEztt6RoKw0F2Sv2QyYQ,monte-sereno-california
https://www.ubereats.com/san-francisco/food-delivery/homeroom-willow-glen/RcQY2PqTTuSNrgmn0ls7Uw,monte-sereno-california
https://www.ubereats.com/san-francisco/food-delivery/togos-18574-prospect-rd/JFIOUcmkTWakwtpCl8CAOA,monte-sereno-california
https://www.ubereats.com/san-francisco/food-delivery/ra-sushi-cupertino/GoTJQq1fSFOTQPYSTkettg,monte-sereno-california
https://www.ubereats.com/san-francisco/food-delivery/dories-kitchen/90INN7TVQZ6VdxQvItvVzQ,monte-sereno-california
https://www.ubereats.com/san-francisco/food-delivery/mcdonalds-los-gatos/lDqQZvigT2Kb4L4AAng4BA,monte-sereno-california
https://www.ubereats.com/san-francisco/food-delivery/tacomania-san-jose/jD3SyquqT_SznqvU70x51w,monte-sereno-california
https://www.ubereats.com/san-francisco/food-delivery/left-bank-san-jose/p4atXrteSEiGZNMd7jikFQ,monte-sereno-california
https://www.ubereats.com/san-francisco/food-delivery/la-patisserie/WqfSnU7URoyqVJMcXVy2Uw,monte-sereno-california
https://www.ubereats.com/san-francisco/food-delivery/via-mia-pizza-saratoga/wcTldmrkT62iMM30q2uFMA,monte-sereno-california
https://www.ubereats.com/san-francisco/food-delivery/campbell-pizza/O75GI-JNTmyqWWEvVpuWyA,monte-sereno-california
https://www.ubereats.com/san-francisco/food-delivery/delizias-bakery-campbell/0fesZCgVQYGZqabjBsP6Hg,monte-sereno-california
https://www.ubereats.com/san-francisco/food-delivery/walia-ethiopian-cuisine/vdezcJHzRlK6diyI6d-hNA,monte-sereno-california
https://www.ubereats.com/san-francisco/food-delivery/noobowl/MbXO9o11THSTO3jETpIVVQ,monte-sereno-california
https://www.ubereats.com/san-francisco/food-delivery/iguanas-burritozilla-blossom-hill/jO-uxDUDQQWQ-vwSj7P38Q,monte-sereno-california
https://www.ubereats.com/san-francisco/food-delivery/arya-global-cuisine-cupertino/8Z0CeJN_TZ2Hvk6BpLaMew,monte-sereno-california
https://www.ubereats.com/san-francisco/food-delivery/the-posh-bagel-los-gatos/yTQBxRujToeMA-Dvi2OPvQ,monte-sereno-california
https://www.ubereats.com/san-francisco/food-delivery/the-happy-hound/O7Lj0OLqQSed8REfN01wAg,monte-sereno-california
https://www.ubereats.com/san-francisco/food-delivery/cafe-artemis/BxmGFdHdTV6pceqakCaYoA,monte-sereno-california
https://www.ubereats.com/san-francisco/food-delivery/lanna-thai/UT9DNARgTLmXd2bL25DGkA,monte-sereno-california
https://www.ubereats.com/san-francisco/food-delivery/panera-15200-los-gatos-blvd/ZYpUSUJfQq2lmXFoSovlLg,monte-sereno-california
https://www.ubereats.com/san-francisco/food-delivery/al-castello/sMMdYsLsSJ2CVirDqLV74w,monte-sereno-california
https://www.ubereats.com/san-francisco/food-delivery/back-a-yard-caribbean-american-grill-1740-s-winchester-blvd/BZjf-hD5Rb2rT2m8FdZutw,monte-sereno-california
https://www.ubereats.com/san-francisco/food-delivery/smoke-eaters-almaden/vGWFiWhORjiC9fc26qvqjQ,monte-sereno-california
https://www.ubereats.com/san-francisco/food-delivery/charleys-philly-steaks-oakridge-mall/4lUz6KtWRaGeAsk9NjKN7A,monte-sereno-california
https://www.ubereats.com/san-francisco/food-delivery/poke-house-almaden/ImY8lbkJQ2SQdXVfVnmjOw,monte-sereno-california
https://www.ubereats.com/san-francisco/food-delivery/happy-sushi/0UzutuPRTbaEau3_50YRTQ,monte-sereno-california
https://www.ubereats.com/san-francisco/food-delivery/hometown-noodle/yROqs6U1Tw-UfTj7fm6XZw,monte-sereno-california
https://www.ubereats.com/san-francisco/food-delivery/naschmarkt-restaurant/TdIo-0OtQhi0hiz2e8d86w,monte-sereno-california
https://www.ubereats.com/san-francisco/food-delivery/tea-fermata/H9kVQsFwTAKhf7DBPwkCWA,monte-sereno-california
https://www.ubereats.com/san-francisco/food-delivery/pizza-my-heart-blossom-hill/-5j5n7b4QiirH0dO1r-0iQ,monte-sereno-california
https://www.ubereats.com/san-francisco/food-delivery/pho-hoa-de-anza/OwOVGqYzRiuEpTIKGGEAzA,monte-sereno-california
https://www.ubereats.com/san-francisco/food-delivery/nick-the-greek-santa-clara/fcJFv86cR0adIg_kMQR_Ww,monte-sereno-california
https://www.ubereats.com/san-francisco/food-delivery/causwells-willow-glen/3_v5IuZdQqGuCddC59fz0Q,monte-sereno-california
https://www.ubereats.com/san-francisco/food-delivery/classic-guilin-rice-noodles/d2RWantFRZmxas9hHL5Ejg,monte-sereno-california
https://www.ubereats.com/san-francisco/food-delivery/mod-pizza-almaden-ranch/0-yQXrH_QRSCeBEG-2GBtA,monte-sereno-california
https://www.ubereats.com/san-francisco/food-delivery/buca-di-beppo-campbell/ykZEm9B7RpacKWhXXUDe-Q,monte-sereno-california
https://www.ubereats.com/san-francisco/food-delivery/the-ice-cream-shop/G_u0i4STSVCIjbnTFOh_1Q,monte-sereno-california
https://www.ubereats.com/san-francisco/food-delivery/us-soypresso/dqwDafNtQ6KuQ_ExFGiz7w,monte-sereno-california
https://www.ubereats.com/san-francisco/food-delivery/taco-bell-2600-homestead-rd/ckiA50m4Q96Deqtks4a5cQ,monte-sereno-california
https://www.ubereats.com/san-francisco/food-delivery/raretea/qv_D7XV2SnOil9OSlqOO1Q,monte-sereno-california
https://www.ubereats.com/san-francisco/food-delivery/shan-restaurant/oyuaHlw-S5qocrEdyFcFQg,monte-sereno-california
https://www.ubereats.com/san-francisco/food-delivery/the-ice-cream-shop/2ToB4wjzSJ-aOcj0Lc7A5w,monte-sereno-california
https://www.ubereats.com/san-francisco/food-delivery/panini-dee/R3hGE5c2RaCrXhZlYpzKcQ,monte-sereno-california
https://www.ubereats.com/san-francisco/food-delivery/taco-bell-1680-el-camino-real/3irZ7qILTJ26U1CGwcTK9w,monte-sereno-california
https://www.ubereats.com/san-francisco/food-delivery/the-dons-deli/Bzey0NhSS1yOMC5AnwJhIw,monte-sereno-california
https://www.ubereats.com/san-francisco/food-delivery/nick-the-greek-sunnyvale/c8jVhbg7QiyA4kS-6TvoGA,monte-sereno-california
https://www.ubereats.com/san-francisco/food-delivery/grill-em-steakhouse/uViNuda0TLKZFMCTfIbzzA,monte-sereno-california
https://www.ubereats.com/san-francisco/food-delivery/not-only-nuts-n-mary-avenue/-vYs_5M1Swi0fS4Njppe1Q,monte-sereno-california
https://www.ubereats.com/san-francisco/food-delivery/psycho-donuts/1v7WvDJnTieKn1OIgnCuuQ,monte-sereno-california
https://www.ubereats.com/san-francisco/food-delivery/tacolicious-san-jose/4LsWakw8SnyJIH2fB29M_A,monte-sereno-california
https://www.ubereats.com/san-francisco/food-delivery/ikes-love-and-sandwiches-cupertino/nbBKgQDpR7e5CleN97Pmxg,monte-sereno-california
https://www.ubereats.com/san-francisco/food-delivery/cafe-lattea/eIrawCgMRH2BSmBZuFLbug,monte-sereno-california
https://www.ubereats.com/san-francisco/food-delivery/chipotle-mexican-grill-2007-camden-ave-ste-50/T4dne3vXTpetCdmgWbmWOw,monte-sereno-california
https://www.ubereats.com/san-francisco/food-delivery/meyhouse/YsnOzUtoSm6oY8XWTYkQZg,monte-sereno-california
https://www.ubereats.com/san-francisco/food-delivery/pacific-catch-cupertino/2HxfAuQPSOKTVfIr3yrTkQ,monte-sereno-california
https://www.ubereats.com/san-francisco/food-delivery/teaspoon-campbell/M_muq_A-S_2RS6NpUSWU7g,monte-sereno-california
https://www.ubereats.com/san-francisco/food-delivery/ristorante-fratello/rkPb-3SNQPCrrJchCsDXlw,monte-sereno-california
https://www.ubereats.com/san-francisco/food-delivery/humphry-slocombe-ice-cream-willow-glen/He3TuLlMR1iQCsA6uaN5fQ,monte-sereno-california
https://www.ubereats.com/san-francisco/food-delivery/taco-bell-10710-s-deanza-blvd/UsOtFbKSR4aOrV0yPyI1Pw,monte-sereno-california
https://www.ubereats.com/san-francisco/food-delivery/gyu-kaku-japanese-bbq-cupertino/JWX5peNgRJ-WFzpCIqGslg,monte-sereno-california
https://www.ubereats.com/san-francisco/food-delivery/jasmine-fine-thai-cuisine/_Ktk3OnVTc-MjjUsDvN6kQ,monte-sereno-california
https://www.ubereats.com/san-francisco/food-delivery/mcdonalds-winchester-blvd/6YO16WeMTqWMnI0n-qxOFQ,monte-sereno-california
https://www.ubereats.com/san-francisco/food-delivery/taco-bell-1298-winchester-blvd/NGBJnjkaSIi3STFJDdK6Eg,monte-sereno-california
https://www.ubereats.com/san-francisco/food-delivery/desi-contemporary-%7C-indian-%7C-casual/6R1c-OCFTjGthckNE0-JrA,monte-sereno-california
https://www.ubereats.com/san-francisco/food-delivery/poki-bowl-4750-almaden-expy-suite-100/g0mqUz0FQBCLaX-Bt7LvNw,monte-sereno-california
https://www.ubereats.com/san-francisco/food-delivery/taco-bell-840-s-bascom-ave/cA46INkmT7Wln-KX4fvZhw,monte-sereno-california
https://www.ubereats.com/san-francisco/food-delivery/my-milkshake-almaden/QUAzFrLGQ_yqDyMmulrVMw,monte-sereno-california
https://www.ubereats.com/san-francisco/food-delivery/wendys-2624-s-bascom/m0JT5j4FSQqBMOJpNniIDw,monte-sereno-california
https://www.ubereats.com/san-francisco/food-delivery/the-habit-burger-grill-5018-almaden-expressway-suite-10/stOCY6dZT4m66vvyLPmDEA,monte-sereno-california
https://www.ubereats.com/san-francisco/food-delivery/t4/-2VLZj6iTzuCn6yFrUmKPQ,monte-sereno-california
https://www.ubereats.com/san-francisco/food-delivery/poki-time-willow-glen/N4VAtXFVSeaZIxD-d_7XYA,monte-sereno-california
https://www.ubereats.com/san-francisco/food-delivery/lepi-dor-bakery/HaPMwng6Q6S-5KxRGcM9og,monte-sereno-california
https://www.ubereats.com/san-francisco/food-delivery/one-pot-shabu-shabu/uhtgF_6CSuCgwrejnm5_qA,monte-sereno-california
https://www.ubereats.com/san-francisco/food-delivery/la-costa-del-sol/R1yHDVZoQwOK1j2OMASEsw,monte-sereno-california
https://www.ubereats.com/san-francisco/food-delivery/starbucks-curtner-%26-leigh/Up8zG-fmRGWgb6HAqkbNRQ,monte-sereno-california
https://www.ubereats.com/san-francisco/food-delivery/bagel-bar/XI92-I2jRrKTJNM71BvVAw,monte-sereno-california
https://www.ubereats.com/san-francisco/food-delivery/yopop/afrmJv8iRiilUEG-qA3xPg,monte-sereno-california
https://www.ubereats.com/san-francisco/food-delivery/koja-kitchen-cupertino/SQaCoi_CRbSn4Sn5jOqhdg,monte-sereno-california
https://www.ubereats.com/san-francisco/food-delivery/fosters-freeze-%23247/FiG4bdXGREK-yQoRym1eJw,monte-sereno-california
https://www.ubereats.com/san-francisco/food-delivery/panda-express-1320-el-paseo-de-saratoga/8fA5w3m_SuaR9XINx8ooRw,monte-sereno-california
https://www.ubereats.com/san-francisco/food-delivery/meet-fresh-cupertino/c8dH2SnQRp63nd6JpuGEPQ,monte-sereno-california
https://www.ubereats.com/san-francisco/food-delivery/centonove/mCn2CBZaQTOLbv1PlV--lQ,monte-sereno-california
https://www.ubereats.com/san-francisco/food-delivery/popeyes-1570-w-san-carlos-st/M_FV3MylSCO0DV7UXzVJdg,monte-sereno-california
https://www.ubereats.com/san-francisco/food-delivery/zero/8LYThBc9Qf2ydh6jDkp3kQ,monte-sereno-california
https://www.ubereats.com/san-francisco/food-delivery/restaurant-silla/SB1ehyQTTRWf_eQII_nZHA,monte-sereno-california
https://www.ubereats.com/san-francisco/food-delivery/pizza-my-heart-cupertino/LdMuOzGjRgOVk7cI8cuSrA,monte-sereno-california
https://www.ubereats.com/san-francisco/food-delivery/jamba-juice-628-blossom-hill-rd/GO1UhHzvTLeZyXDlzqZrWg,monte-sereno-california
https://www.ubereats.com/san-francisco/food-delivery/starbucks-homestead-%26-deanza/vNCKEjHeR3WK00kSyzv2-A,monte-sereno-california
https://www.ubereats.com/san-francisco/food-delivery/saratoga-bagels/7JBJS_vQQzGEsJyxn0EmbQ,monte-sereno-california
https://www.ubereats.com/san-francisco/food-delivery/fishs-wild/tTuV_mLHT56uwSr0eMS78g,monte-sereno-california
https://www.ubereats.com/san-francisco/food-delivery/starbucks-meridian-%26-willow-san-jose/tQFVSBpsSb2iVnsuCpmdTA,monte-sereno-california
https://www.ubereats.com/san-francisco/food-delivery/wing-squad-campbell/03-_5kOAQOmc2gnHVRk7iA,monte-sereno-california
https://www.ubereats.com/san-francisco/food-delivery/bamboo-fish/b_WkA_1vT7u5PEfZYksyaA,monte-sereno-california
https://www.ubereats.com/san-francisco/food-delivery/wienerschnitzel-845-branham-lane/3QbpEuMcSduQRMVZCRF7gQ,monte-sereno-california
https://www.ubereats.com/san-francisco/food-delivery/chachos-restaurant-midtown/wGvwYd1mTlSft2eG_6tNRw,monte-sereno-california
https://www.ubereats.com/san-francisco/food-delivery/lovin-cookie/Od5GvIY0QveGTLRXGibl1A,monte-sereno-california
https://www.ubereats.com/san-francisco/food-delivery/mcdonalds-3895-stevens-creek/6QTqbFJ5TWu8Y4gDzPMqlQ,monte-sereno-california
https://www.ubereats.com/san-francisco/food-delivery/momo-grill12100-saratoga/SRZkehapQf6bmdfLL3z3eQ,monte-sereno-california
https://www.ubereats.com/san-francisco/food-delivery/gardino-fresco/N2ACbtBeQg2nOUfptoOrDQ,monte-sereno-california
https://www.ubereats.com/san-francisco/food-delivery/subway-2006-winchester-blvd/t8YBXz-GQXWny18y-TibXw,monte-sereno-california
https://www.ubereats.com/san-francisco/food-delivery/popeyes-1551-saratoga-ave/z1aT_7zwRqG8OxmwlP6MnA,monte-sereno-california
https://www.ubereats.com/san-francisco/food-delivery/opa!-authentic-greek-cuisine-campbell/VAUWy1qgSfGpkroaA9Q0qg,monte-sereno-california
https://www.ubereats.com/san-francisco/food-delivery/taco-bell-5389-prospect-rd/BY65uJELSQ2Ub6sjuKAw-Q,monte-sereno-california
https://www.ubereats.com/san-francisco/food-delivery/hechaa/tDz0wjSLTdGNBaxBLSkjNQ,monte-sereno-california
https://www.ubereats.com/san-francisco/food-delivery/yogurtland-5011-almaden-expy/-eHSaKhqQUyn7cVNnmAIPw,monte-sereno-california
https://www.ubereats.com/san-francisco/food-delivery/the-tea-zone-%26-fruit-bar-winchester/kAtouQ9mR9qQEF2obQHD5A,monte-sereno-california
https://www.ubereats.com/san-francisco/food-delivery/amber-india-restaurant-santana-row/s0tnaL8DTYabU-43EbS47A,monte-sereno-california
https://www.ubereats.com/san-francisco/food-delivery/crepe-made-simple/BEcJH0FoToaPT483gvbfHQ,monte-sereno-california
https://www.ubereats.com/san-francisco/food-delivery/yogurtland-19700-stevens-creek-blvd/7SaueFEfRS2SMCAARgQPKA,monte-sereno-california
https://www.ubereats.com/san-francisco/food-delivery/corner-bakery-cafe-1692-saratoga-ave/6MwkbIyBTxKXl88VAlA1AQ,monte-sereno-california
https://www.ubereats.com/san-francisco/food-delivery/sizzling-gourmet/AbIPKq32TPye6v-IhsUzGQ,monte-sereno-california
https://www.ubereats.com/san-francisco/food-delivery/bonchon-chicken-1375-blossom-hill-rd/S0qEXB1-QxaHMDvA90UOMg,monte-sereno-california
https://www.ubereats.com/san-francisco/food-delivery/five-guys-ca-1828-2007-camden-ave/0u6t_YeCT7C7wf46ppgnnQ,monte-sereno-california
https://www.ubereats.com/san-francisco/food-delivery/dennys-1015-blossom-hill-rd/Z8OH9LXfS02COpRIIPnxXQ,monte-sereno-california
https://www.ubereats.com/san-francisco/food-delivery/jin-li-yuan/ns9BIdwDSnWW-fj0grxB-g,monte-sereno-california
https://www.ubereats.com/san-francisco/food-delivery/legends-pizza-co-cupertino/v5G0yDmRRriKphEeqyacEA,monte-sereno-california
https://www.ubereats.com/san-francisco/food-delivery/teaspoon-san-jose/7jnMVZiYRdCbSnjXbmi7wA,monte-sereno-california
https://www.ubereats.com/san-francisco/food-delivery/adelitas-taqueria-restaurant-%26-bar/0IS58snZRQ-aiE9NHOGpuQ,monte-sereno-california
https://www.ubereats.com/san-francisco/food-delivery/cafe-big-mug/ElS8aAt5SoWxNLXdphVefA,monte-sereno-california
https://www.ubereats.com/san-francisco/food-delivery/hokkaido-ramen-santouka/TkIUlDuAQTyzpBJjFqxlDg,monte-sereno-california
https://www.ubereats.com/san-francisco/food-delivery/una-mas-mexican-grill-blossom-hill-san-jose/lVnsWcTsQjyKrflmvhpXnA,monte-sereno-california
https://www.ubereats.com/san-francisco/food-delivery/blaze-pizza-5353-almaden-expressway/IM33NbS3TOC1LNP0QX37GQ,monte-sereno-california
https://www.ubereats.com/san-francisco/food-delivery/house-of-bagels-stevens-creek/l-5wMQdVS_qrO-0V1K5ekw,monte-sereno-california
https://www.ubereats.com/san-francisco/food-delivery/the-mynt/zDEN_fY6SLKVuXDSxy_rXg,monte-sereno-california
https://www.ubereats.com/san-francisco/food-delivery/willard-hicks/_z3db4JyT4qQYNGROwnQQw,monte-sereno-california
https://www.ubereats.com/san-francisco/food-delivery/ikes-love-and-sandwiches-santana-row/9l-6SXKgRaiEA91Z1ivwxA,monte-sereno-california
https://www.ubereats.com/san-francisco/food-delivery/hunan-impression/L42I6S3nTeyX3e930x-Vtw,monte-sereno-california
https://www.ubereats.com/san-francisco/food-delivery/tacos-tigres/7P-EquidRwqJT73WxWo15w,monte-sereno-california
https://www.ubereats.com/san-francisco/food-delivery/taco-bravo/bYdjBVnfRtmqbYK3HGMexw,monte-sereno-california
https://www.ubereats.com/san-francisco/food-delivery/pizza-guys-1998-homestead-rd-%23101/10n69ZNxR7i_scDZi7SK3A,monte-sereno-california
https://www.ubereats.com/san-francisco/food-delivery/capers-eat-and-drink/KfdsSwXbQR-npuBk97NFMQ,monte-sereno-california
https://www.ubereats.com/san-francisco/food-delivery/carls-jr-1999-camden-ave/gMx69n0ORMaqhUvJF6Yh4g,monte-sereno-california
https://www.ubereats.com/san-francisco/food-delivery/jamba-juice-1030-el-paseo-de-saratoga/Ll0MzPLlRzWW3H9TuoyeiQ,monte-sereno-california
https://www.ubereats.com/san-francisco/food-delivery/mod-pizza-cupertino-village/aofc6G_DQ_6ulaFslqEHqg,monte-sereno-california
https://www.ubereats.com/san-francisco/food-delivery/jersey-mikes-subs-15527-union-ave/MenNLQQ2RouSR7Xz_hrdzA,monte-sereno-california
https://www.ubereats.com/san-francisco/food-delivery/sipan-peruvian-restaurant/Q_jhX506TMeVxVoO-NWKmg,monte-sereno-california
https://www.ubereats.com/san-francisco/food-delivery/kfc-1805-winchester-road/c9qEwL9BScO-IlY1-XKYRw,monte-sereno-california
https://www.ubereats.com/san-francisco/food-delivery/house-of-falafel/WvnUM20ASUiukoZIruzawA,monte-sereno-california
https://www.ubereats.com/san-francisco/food-delivery/poke-paradise/Yh4-z7A4SfOHVVWf9BO3Mg,monte-sereno-california
https://www.ubereats.com/san-francisco/food-delivery/the-tea-zone-%26-fruit-bar-almaden/Et4_BL4CTjyWdfB786UeFw,monte-sereno-california
https://www.ubereats.com/san-francisco/food-delivery/mod-pizza-westgate-west/kq1ONaT2RxGECJedkjFBBA,monte-sereno-california
https://www.ubereats.com/san-francisco/food-delivery/lulus-at-the-pruneyard/Mgp2-JCsTe-GbZolsSOhQQ,monte-sereno-california
https://www.ubereats.com/san-francisco/food-delivery/lazy-dog-restaurant-%26-bar-cupertino/69U5z-0LTbCULgsvuToUiA,monte-sereno-california
https://www.ubereats.com/san-francisco/food-delivery/tamale-barn/amuieMF2QkCZNbZdEpdWdA,monte-sereno-california
https://www.ubereats.com/san-francisco/food-delivery/m-asian-fusion-restaurant/QXFpY3k4RRmQ4qcdYFARWQ,monte-sereno-california
https://www.ubereats.com/san-francisco/food-delivery/yoshida/t5pStLVuRfCYpBSCUW-J8g,monte-sereno-california
https://www.ubereats.com/san-francisco/food-delivery/popeyes-7270-bollinger-road/cKKCxswLQIGJ3O1ry4vJxQ,monte-sereno-california
https://www.ubereats.com/san-francisco/food-delivery/wienerschnitzel-1940-s-bascom-blvd/_oAnMfZNSWW34spG8vwfTQ,monte-sereno-california
https://www.ubereats.com/san-francisco/food-delivery/papermoon-cafe/uh2JlR80RqGa6DdraZj2Vg,monte-sereno-california
https://www.ubereats.com/san-francisco/food-delivery/mcdonalds-prospect-rd/2wUBQ3toTLePzr1MrHnCeg,monte-sereno-california
https://www.ubereats.com/san-francisco/food-delivery/subway-3025-meridian-ave/duK_Zl2iS7WCp6NH2Vh9gg,monte-sereno-california
https://www.ubereats.com/san-francisco/food-delivery/bill-of-fare/1sorlQ5xR8uEcBbM-hZKPw,monte-sereno-california
https://www.ubereats.com/san-francisco/food-delivery/bibos-ny-pizza-san-jose/KTFGGXzPTNqoJBEr5tZzrA,monte-sereno-california
https://www.ubereats.com/san-francisco/food-delivery/milk-tea-lab-san-jose/2ql9WxGTRmuHX449P0yhQA,monte-sereno-california
https://www.ubereats.com/san-francisco/food-delivery/bell-tower-cafe-saratoga/i1L6rHSQR6a8hLCISKMrEg,monte-sereno-california
https://www.ubereats.com/san-francisco/food-delivery/bubble-tea-time/f4VhKnfhQI6O7yclmJ_MCw,monte-sereno-california
https://www.ubereats.com/san-francisco/food-delivery/sweethoney-dessert-cupertino/0B20IG4HRyKdiLftqchWIQ,monte-sereno-california
https://www.ubereats.com/san-francisco/food-delivery/liangs-village-cupertino/k30CGkUOTc-3WCIEvKqefQ,monte-sereno-california
https://www.ubereats.com/san-francisco/food-delivery/main-street-burgers-san-jose/wQVDbkanRFGuwpAkw91Teg,monte-sereno-california
https://www.ubereats.com/san-francisco/food-delivery/zumplings/hhF_pi9vSOuIdk9IdBGpQg,monte-sereno-california
https://www.ubereats.com/san-francisco/food-delivery/le-boulanger-blossom-hill-rd/zrj2xK8BQJq2-uIm0wSBmA,monte-sereno-california
https://www.ubereats.com/san-francisco/food-delivery/tacomania-coleman-ave/7IKixNHIRB2-w0PWh_8ztg,monte-sereno-california
https://www.ubereats.com/san-francisco/food-delivery/burrito-factory-463-blossom-hill/XcsfmR9aR1SHDF0hrITHTw,monte-sereno-california
https://www.ubereats.com/san-francisco/food-delivery/the-yellow-chilli-by-sanjeev-kapoor/A4Kn-NGeQZm6-k4VZ3UatQ,monte-sereno-california
https://www.ubereats.com/san-francisco/food-delivery/firenza-pizza/zYfxDefNQu6rkg9G78bHRw,monte-sereno-california
https://www.ubereats.com/san-francisco/food-delivery/poke-house-winchester-blvd/G8UYrkZVTVGFlcYPCP1G9g,monte-sereno-california
https://www.ubereats.com/san-francisco/food-delivery/nick-the-greek-willow-glen/PrQCtxUuR66q4jfx7-ykUw,monte-sereno-california
https://www.ubereats.com/san-francisco/food-delivery/naan-%26-curry/KHHiHNfnScCKfLjXoQxI7g,monte-sereno-california
https://www.ubereats.com/san-francisco/food-delivery/chipotle-mexican-grill-640-blossom-hill-rd/pRJ82zCZR0WU7jOMc2eLqA,monte-sereno-california
https://www.ubereats.com/san-francisco/food-delivery/mint-%26-basil-cherry-ave/pwVGeLdZQVmfyfSfPtCWFQ,monte-sereno-california
https://www.ubereats.com/san-francisco/food-delivery/extreme-pizza-san-jose/elIYAT9WS3G1TjanyDtiCA,monte-sereno-california
https://www.ubereats.com/san-francisco/food-delivery/pineapple-thai/XTxV5mljRZ-ahGjpLzXWJg,monte-sereno-california
https://www.ubereats.com/san-francisco/food-delivery/ziba-restaurant/kDr1ClBKTlyaF1VI2sTyMw,monte-sereno-california
https://www.ubereats.com/san-francisco/food-delivery/papalote-mexican-grill-willow-glen/B-sDtjSiS5mSy8SZS9j9cw,monte-sereno-california
https://www.ubereats.com/san-francisco/food-delivery/los-dos-compadres-%232/RW594aDuSd6bw6oGu6CmCg,monte-sereno-california
https://www.ubereats.com/san-francisco/food-delivery/pressed-juicery-los-gatos/eso3iQ3jT5GpMNPBw0GtqA,monte-sereno-california
https://www.ubereats.com/san-francisco/food-delivery/ume-tea/apVbKPycSICjC3gVixBg_g,monte-sereno-california
https://www.ubereats.com/san-francisco/food-delivery/carls-jr-1346-saratoga-ave/iyEf7P73QBSaTtk7rQ8Tgw,monte-sereno-california
https://www.ubereats.com/san-francisco/food-delivery/eureka!-cupertino/517LRou0RZONlUKKsjA-eA,monte-sereno-california
https://www.ubereats.com/san-francisco/food-delivery/rose-market-international-saratoga/a9qblEatSsyvf0in1UA8HA,monte-sereno-california
https://www.ubereats.com/san-francisco/food-delivery/van-leeuwen-ice-cream-willow-glen/LpGVLEE2ROWhz7jzcefnXg,monte-sereno-california
https://www.ubereats.com/san-francisco/food-delivery/taste-good-cupertino/luczkIaES8SlAd4cnlw_SA,monte-sereno-california
https://www.ubereats.com/san-francisco/food-delivery/anas-bakery/GA-uQzhcROu0SLH1M6kHcw,monte-sereno-california
https://www.ubereats.com/san-francisco/food-delivery/malibu-grill-and-bbq/DK3riXQ8SAKFDZQQ-23WEw,monte-sereno-california
https://www.ubereats.com/san-francisco/food-delivery/california-fish-grill-almaden-ranch/eJlYAOFYTQaD9r2K61dQnw,monte-sereno-california
https://www.ubereats.com/san-francisco/food-delivery/flights-campbell/TPZKtsXmQmSYPxzHxWttJg,monte-sereno-california
https://www.ubereats.com/san-francisco/food-delivery/mr-pickles-sandwich-shop-bascom-ave/bJ5iA30USriuq7MFGqeLdQ,monte-sereno-california
https://www.ubereats.com/san-francisco/food-delivery/tassos-restaurant-%26-bar/q_VO0HWZRYqc9fT0OyLNHQ,monte-sereno-california
https://www.ubereats.com/san-francisco/food-delivery/golden-triangle-cuisine/yxJp61j9Qemth1n-WU7Vqg,monte-sereno-california
https://www.ubereats.com/san-francisco/food-delivery/sushi-kuni/fRMSWWzZSdOQYEyYiROPmQ,monte-sereno-california
https://www.ubereats.com/san-francisco/food-delivery/kfc-tb-16150-los-gatos-boulevard/jFn_CLXLSN2B8PtRAF24yQ,monte-sereno-california
https://www.ubereats.com/san-francisco/food-delivery/garlic-mediterranean-grill/eX5cM9iBTqG2cMtb8tslyg,monte-sereno-california
https://www.ubereats.com/san-francisco/food-delivery/subway-14777-los-gatos-blvd/fLb4zswrR0WoPuMVmMuMfg,monte-sereno-california
https://www.ubereats.com/san-francisco/food-delivery/kirks-steakburgers/g8krd9uvToekE8O302iUQQ,monte-sereno-california
https://www.ubereats.com/san-francisco/food-delivery/philz-coffee-20686-stevens-creek-blvd/cYC7kjGdQvSimNDhyxD4-Q,monte-sereno-california
https://www.ubereats.com/san-francisco/food-delivery/rubios-5110-cherry-ave/BVt0a5_MQM-vZRx5c07C8g,monte-sereno-california
https://www.ubereats.com/san-francisco/food-delivery/green-bites/9SEpeWkRTlSB-QcVvZGuIw,monte-sereno-california
https://www.ubereats.com/san-francisco/food-delivery/jack-in-the-box-426-1301-camden-ave/fnlMWu9rRyK0Ma64IOamLg,monte-sereno-california
https://www.ubereats.com/san-francisco/food-delivery/ananda-bhavan-cafe-cupertino/_uQblC7BQnmsE3c6XI5a0w,monte-sereno-california
https://www.ubereats.com/san-francisco/food-delivery/subway-6180-bollinger-rd/p_0ux45ATgyTe_ToQK0new,monte-sereno-california
https://www.ubereats.com/san-francisco/food-delivery/burger-king-1305-n-bascom-ave/-xcW6u7nTUewNPYm7dtDGA,monte-sereno-california
https://www.ubereats.com/san-francisco/food-delivery/vitality-bowls-19700-vallco-pkwy/6U8ZlwSfTSOjkq9gnl2bhA,monte-sereno-california
https://www.ubereats.com/san-francisco/food-delivery/bjs-restaurant-%26-brewhouse-925-blossom-hill-road/qC5-4UMvQ3-gFu09AtULCg,monte-sereno-california
https://www.ubereats.com/san-francisco/food-delivery/coup-de-thai-los-gatos/EIZpmTgMSVykvfBxZEzyew,monte-sereno-california
https://www.ubereats.com/san-francisco/food-delivery/una-mas-mexican-grill-campbell/cfkH8iq9RXOBRTGcEjgyAA,monte-sereno-california
https://www.ubereats.com/san-francisco/food-delivery/the-original-pancake-house-2306-almaden-rd-ste-150/mLT7v3eNROqQhWtb-zUbfQ,monte-sereno-california
https://www.ubereats.com/san-francisco/food-delivery/575-yunnan-eatery/NkJRJZLZS9isncxf2YmQjQ,monte-sereno-california
https://www.ubereats.com/san-francisco/food-delivery/express-by-ziba/afpZbDELREuJuf8XimSaew,monte-sereno-california
https://www.ubereats.com/san-francisco/food-delivery/kobe-japanese-restaurant/trHYsyApS_SlePfCwJueHA,monte-sereno-california
https://www.ubereats.com/san-francisco/food-delivery/chelokababi/BK-TL69AS7SishQPTCntsw,monte-sereno-california
https://www.ubereats.com/san-francisco/food-delivery/le-boulanger-cupertino/DGkraDOdTKCe8OdXZBSq9A,monte-sereno-california
https://www.ubereats.com/san-francisco/food-delivery/bikaner-indian-cuisine/PT9iCVy_R86A9MPsom-gyA,monte-sereno-california
https://www.ubereats.com/san-francisco/food-delivery/bills-cafe-stevens-creek/ZAgv-8wGSqOkIcVD7064Qw,monte-sereno-california
https://www.ubereats.com/san-francisco/food-delivery/heypot/i6qAS7gWRWmq-KKk0L0tbQ,monte-sereno-california
https://www.ubereats.com/san-francisco/food-delivery/calibur-express-willow-glen/eQyWZLe4Q7-Q8LsQseC_pQ,monte-sereno-california
https://www.ubereats.com/san-francisco/food-delivery/pho-boba/-9jQCBR9TCCHOrbgvbAOzw,monte-sereno-california
https://www.ubereats.com/san-francisco/food-delivery/dickeys-bbq-pit-1402-camden-ave/CeXS3I-pTjqPMBmm6hgCig,monte-sereno-california
https://www.ubereats.com/san-francisco/food-delivery/the-pastaria-%26-market/sarOQ_VJRN-0p0sTM3t_pw,monte-sereno-california
https://www.ubereats.com/san-francisco/food-delivery/pho-mai-%232/qBMVSOQBSaGx7ZUJXeqi8A,monte-sereno-california
https://www.ubereats.com/san-francisco/food-delivery/starbucks-santa-cruz-%26-hwy-9/15hkeqj5SlWCyhbc8GuS1w,monte-sereno-california
https://www.ubereats.com/san-francisco/food-delivery/emperor-of-india/cvU3Dl76QLGZBtF5YLBEvw,monte-sereno-california
https://www.ubereats.com/san-francisco/food-delivery/rangoli-india-restaurant/ibqezSBpTNWmS1DVbzo2-w,monte-sereno-california
https://www.ubereats.com/san-francisco/food-delivery/taichi-pot-shabu-shabu/keqiCzEUT_aaNCKkUis6ew,monte-sereno-california
https://www.ubereats.com/san-francisco/food-delivery/paradise-biryani-santa-clara/MaTHOdDqSimDZmeRBR75zQ,monte-sereno-california
https://www.ubereats.com/san-francisco/food-delivery/philz-coffee-19439-stevens-creek-blvd/tWaBex5OQcqezQnMptPncA,monte-sereno-california
https://www.ubereats.com/san-francisco/food-delivery/kfc-3144-south-bascom-avenue/_mPSwPg_SSCNHX76XJBOMw,monte-sereno-california
https://www.ubereats.com/san-francisco/food-delivery/tin-pot-creamery-campbell/xL3mM4j0QLaFMH3wPPzIsQ,monte-sereno-california
https://www.ubereats.com/san-francisco/food-delivery/effies-restaurant-%26-lounge/1sVP_X1-Rd6ZmTsg3ZgrNg,monte-sereno-california
https://www.ubereats.com/san-francisco/food-delivery/wicked-chicken/jinBEZZFRcisB-4aAM1T0Q,monte-sereno-california
https://www.ubereats.com/san-francisco/food-delivery/carls-jr-1051-e-el-camino-real/QD-iWFmgSxGJISt_cs4Dqw,monte-sereno-california
https://www.ubereats.com/san-francisco/food-delivery/yopop-yogurt-coffee-%26-tea/mLh_p4jvRXC7sUyWCJpHcg,monte-sereno-california
https://www.ubereats.com/san-francisco/food-delivery/jamba-juice-sunnyvale/0U38FtiHRtGoNzDtNLtXrQ,monte-sereno-california
https://www.ubereats.com/san-francisco/food-delivery/tacomania-stevens-creek/GP70HCusQpiegGcB40NW8Q,monte-sereno-california
https://www.ubereats.com/san-francisco/food-delivery/i-heart-bento/9WO7653GQeCxgib6P53QyQ,monte-sereno-california
https://www.ubereats.com/san-francisco/food-delivery/mountain-mikes-pizza-2011-naglee-ave/gzK98Wu3QZCLwwQayIpHOA,monte-sereno-california
https://www.ubereats.com/san-francisco/food-delivery/so-gong-dong-tofu-house-san-jose/WE-xfPmrTg6JnbPfwxB1lg,monte-sereno-california
https://www.ubereats.com/san-francisco/food-delivery/%E5%B0%8F%E5%88%98%E6%B8%85%E7%B2%A5-taiwan-porridge-cupertino/ikAGoFFgRryz6EEJsuXqzw,monte-sereno-california
https://www.ubereats.com/san-francisco/food-delivery/thaibodia-santa-clara/VA-6ZGk1REeKKWJ0Yo-FHQ,monte-sereno-california
https://www.ubereats.com/san-francisco/food-delivery/chaat-cafe-san-jose/Jz3xFSziRyWzJy2DwITGvw,monte-sereno-california
https://www.ubereats.com/san-francisco/food-delivery/burgerim-1601-branham-ln/lVy6CK9tTfm2xDa5PpX5lA,monte-sereno-california
https://www.ubereats.com/san-francisco/food-delivery/mooyah-burgers-15529-union-ave/ATOcqGO5QgSwuYRS9-M6Eg,monte-sereno-california
https://www.ubereats.com/san-francisco/food-delivery/mos-breakfast-and-burger-joint-campbell/DBBKw5zAQwWL6d4iYuo__w,monte-sereno-california
https://www.ubereats.com/san-francisco/food-delivery/doppio-zero-pizzeria-napoletana/SA3x-OvhSjuw_dBrptKRVg,monte-sereno-california
https://www.ubereats.com/san-francisco/food-delivery/checkers-pizza-%26-ribs/GN2HAegnSnyxEsC-N1n9ug,monte-sereno-california
https://www.ubereats.com/san-francisco/food-delivery/flights-los-gatos/ULKD70XKTdizkJsxmAfHzg,monte-sereno-california
https://www.ubereats.com/san-francisco/food-delivery/mae-pad-thai/lv8KeqMrS4inysnfNp4I0Q,monte-sereno-california
https://www.ubereats.com/san-francisco/food-delivery/fast-pizza-delivery/9xKL2E2ITkellUKpXWif9w,monte-sereno-california
https://www.ubereats.com/san-francisco/food-delivery/freedom-burrito/aw39BHCVRlasERRO0ZJDew,monte-sereno-california
https://www.ubereats.com/san-francisco/food-delivery/el-tule-mexican-restaurant-%26-taqueria/-G8Q045_QD67eA4Azb02aw,monte-sereno-california
https://www.ubereats.com/san-francisco/food-delivery/rice-%2B-noodles-asian-kitchen/YYGWNpTaTcyz0U3prpRUCg,monte-sereno-california
https://www.ubereats.com/san-francisco/food-delivery/jamba-juice-1570-south-bascom-ave/e4SzzHbKQ5OG28vFSe4Vlg,monte-sereno-california
https://www.ubereats.com/san-francisco/food-delivery/stone-stew-1/UNJm60FFTwy4ye6yMnx6mg,monte-sereno-california
https://www.ubereats.com/san-francisco/food-delivery/little-hunan-chinese-restaurant-%E5%B0%8F%E6%B9%96%E5%8D%97/uAPnegQqQFSzU6VbmsnyTA,monte-sereno-california
https://www.ubereats.com/san-francisco/food-delivery/bunbaocom-roasted-coffee-bean/2iZ_4cTpQsOUrE5nsebnxg,monte-sereno-california
https://www.ubereats.com/san-francisco/food-delivery/togos-794-blossom-hill-rd/rmPZ-wnBTKOVGppNeMUjjw,monte-sereno-california
https://www.ubereats.com/san-francisco/food-delivery/mudai-ethiopian-restaurant/SN6SgzEfSBaKXtbZx4viAw,monte-sereno-california
https://www.ubereats.com/san-francisco/food-delivery/chipotle-mexican-grill-10385-s-de-anza-blvd/HyCkJ7PIToms6AIxTsAf6w,monte-sereno-california
https://www.ubereats.com/san-francisco/food-delivery/vitality-bowls-13-n-santa-cruz-ave/KBclr_IdRB-LymUzitJx1Q,monte-sereno-california
https://www.ubereats.com/san-francisco/food-delivery/steins-beer-garden/umrOFI6iR5GrwAVdRqbgpg,monte-sereno-california
https://www.ubereats.com/san-francisco/food-delivery/amatos-cheese-steaks-saratoga-ave/w5Og_tzPQ7Cz6gNeCskE2Q,monte-sereno-california
https://www.ubereats.com/san-francisco/food-delivery/mings-garden/7zofBXh6SW6oyCrk1o3huw,monte-sereno-california
https://www.ubereats.com/san-francisco/food-delivery/la-pizzeria-campbell/Mv3yK0V3RB6vim6Sp_IEow,monte-sereno-california
https://www.ubereats.com/san-francisco/food-delivery/premium-pizza/fmQiwWEkTaeOv4QyXTgJBA,monte-sereno-california
https://www.ubereats.com/san-francisco/food-delivery/sushirrito-2855-stevens-creek-blvd/kuFRMxdIQEqXchuF_XKeZg,monte-sereno-california
https://www.ubereats.com/san-francisco/food-delivery/jack-in-the-box-1450-w-campbell-ave/IHixSY3WQYeWrTRQoTOz7w,monte-sereno-california
https://www.ubereats.com/san-francisco/food-delivery/yiassoo-campbell/44Xyt1MlQGO3AtO8iVOPhA,monte-sereno-california
https://www.ubereats.com/san-francisco/food-delivery/starbucks-267-e-campbell-ave/sgGylxiDRrunXbK_y_CEtg,monte-sereno-california
https://www.ubereats.com/san-francisco/food-delivery/taco-bell-1450-camden-ave/yiVE5mXiSxS7Pqx57y0Mzw,monte-sereno-california
https://www.ubereats.com/san-francisco/food-delivery/pappa-georggeo-pizza/9o2_01ULScibdWDgkyARdg,monte-sereno-california
https://www.ubereats.com/san-francisco/food-delivery/sushi-factory-san-jose/pfJAEAL1SSq35lO7YGUTUg,monte-sereno-california
https://www.ubereats.com/san-francisco/food-delivery/main-st-bagels-blossom-hill/4y78lyXMTgu7mILmqK15HA,monte-sereno-california
https://www.ubereats.com/san-francisco/food-delivery/chipotle-mexican-grill-1815-s-bascom-ave/e8tmW-z2QjCB-OJMF6t-rg,monte-sereno-california
https://www.ubereats.com/san-francisco/food-delivery/kfc-taco-bell-1695-hollenbeck-road/hkRVtoRHQlWLrsYCbP8K2w,monte-sereno-california
https://www.ubereats.com/san-francisco/food-delivery/noodles-%26-company-5130-cherry-ave-unit-10/V4BlFgTsRdSuO7L394oSyA,monte-sereno-california
https://www.ubereats.com/san-francisco/food-delivery/wendys-990-saratoga-ave/896RGqzHSiesZbbO-QThdA,monte-sereno-california
https://www.ubereats.com/san-francisco/food-delivery/taqueria-los-pericos/ZZSwBIsuTk64ZPRrVO468w,monte-sereno-california
https://www.ubereats.com/san-francisco/food-delivery/jersey-mikes-subs-cupertino/0QSrjyuqSX-Nri1ZDJRa6Q,monte-sereno-california
https://www.ubereats.com/san-francisco/food-delivery/the-sandwich-spot-san-jose/aJuPHmTmRuqotGVfVgSo_Q,monte-sereno-california
https://www.ubereats.com/san-francisco/food-delivery/go-fish-poke-bar/mI17jjdCQla5ipZcLm2SgA,monte-sereno-california
https://www.ubereats.com/san-francisco/food-delivery/575-yunnan-eatery/DEYURgkfQI66PszrNPop3A,monte-sereno-california
https://www.ubereats.com/san-francisco/food-delivery/royce-chocolate-mitsuwa-marketplace-in-san-jose/KtRt4ME4Rti2X6w_6GXzsQ,monte-sereno-california
https://www.ubereats.com/san-francisco/food-delivery/saravana-bhavan/Zn5s2fhGS-yK92rUL6QmAQ,monte-sereno-california
https://www.ubereats.com/san-francisco/food-delivery/thaibodia-campbell/bqHY2L-7RguAAs-z32NYiQ,monte-sereno-california
https://www.ubereats.com/san-francisco/food-delivery/lb-steak/YXVR-25ySVCjnpxJKD8cfw,monte-sereno-california
https://www.ubereats.com/san-francisco/food-delivery/the-american-italian-deli-of-los-gatos/T2_A5ijDS26V69YFRjvoRA,monte-sereno-california
https://www.ubereats.com/san-francisco/food-delivery/pho-spot-san-jose/vCYyD5fcTVWSocMuB8uyDg,monte-sereno-california
https://www.ubereats.com/san-francisco/food-delivery/dumpling-capital/02qBjkHFSGi9q-l605UBpg,monte-sereno-california
https://www.ubereats.com/san-francisco/food-delivery/bull-korean-bbq/HYZv_vWXS1eXoLRs-kQKwg,monte-sereno-california
https://www.ubereats.com/san-francisco/food-delivery/veggie-grill-westgate-san-jose/NDQ1frMVQVKG9hiDgg_54A,monte-sereno-california
https://www.ubereats.com/san-francisco/food-delivery/union-chinese-restaurant/feFJ9he-S02o1hTekuyqbQ,monte-sereno-california
https://www.ubereats.com/san-francisco/food-delivery/pedros-restaurant-and-cantina-316-north-santa-cruz-avenue/4pNhISD7TTuSCC0vFDB-PA,monte-sereno-california
https://www.ubereats.com/san-francisco/food-delivery/thaibodia-wings-campbell/JS6MaxWUTfaNhG-t1CWE8A,monte-sereno-california
https://www.ubereats.com/san-francisco/food-delivery/taiwan-taste/ebGPTmV9SPuNVYNJOCnegg,monte-sereno-california
https://www.ubereats.com/san-francisco/food-delivery/taco-bell-3690-stevens-creek-blvd/FePXxbBhRMOGTNW8vefwMw,monte-sereno-california
https://www.ubereats.com/san-francisco/food-delivery/bold-asian-campbell/pqb26wxORE-3Y6zDi9PK5g,monte-sereno-california
https://www.ubereats.com/san-francisco/food-delivery/jamba-juice-1140-lincoln-ave-%23a/avhRnP1ORmCHzqvsbG8l-g,monte-sereno-california
https://www.ubereats.com/san-francisco/food-delivery/chipotle-mexican-grill-1645-saratoga-ave-ste-10/JUMNi61_RzWMOv3g2d5CGw,monte-sereno-california
https://www.ubereats.com/san-francisco/food-delivery/gyros-burgers-%26-more/Xf8vsbCJSAeAfoS_ex_7CA,monte-sereno-california
https://www.ubereats.com/san-francisco/food-delivery/mountain-mikes-pizza-12850-saratoga-sunnyvale-rd/1mh8ZyzdRwSp8UA4qh2dBw,monte-sereno-california
https://www.ubereats.com/san-francisco/food-delivery/red-lobster-5343-almaden-expressway/I-byF58fSDeThuOzA4jWIQ,monte-sereno-california
https://www.ubereats.com/san-francisco/food-delivery/dairy-queen-treat-2255-winchester-blvd/l79Sp8MVSiCn9G6torPqeA,monte-sereno-california
https://www.ubereats.com/san-francisco/food-delivery/bjs-restaurant-%26-brewhouse-10690-north-de-anza-boulevard/47Gr-MjNSIqh7Pq0M9nEmw,monte-sereno-california
https://www.ubereats.com/san-francisco/food-delivery/a%26w-all-american-food-1395-stanwood-dr/-YTc7vvqRJyKv69ByFm29Q,monte-sereno-california
https://www.ubereats.com/san-francisco/food-delivery/willow-street-pizza-willow-glen/TTH9qbG8Q5Gk00e1G488CA,monte-sereno-california
https://www.ubereats.com/san-francisco/food-delivery/soong-soong-chinese-restaurant/G2Tr8pu7RZOD7tjM8Gn-GQ,monte-sereno-california
https://www.ubereats.com/san-francisco/food-delivery/hankow-cuisine/5Z5_lO0rRMqq1nE-UP5UJg,monte-sereno-california
https://www.ubereats.com/san-francisco/food-delivery/panda-express-2855-stevens-creek-blvd/3Afbq2Q7SsiT1fBFVP1AkA,monte-sereno-california
https://www.ubereats.com/san-francisco/food-delivery/chimek/YaYHqxULT3ygNmy5ioAVhA,monte-sereno-california
https://www.ubereats.com/san-francisco/food-delivery/yiassoo-cupertino/aXqjdjqKT92RLQt9Xp_pDQ,monte-sereno-california
https://www.ubereats.com/san-francisco/food-delivery/subway-1317-blossom-hill-rd/Zw2-fFDuT_GvKkSStuYNOw,monte-sereno-california
https://www.ubereats.com/san-francisco/food-delivery/subway-980-s-winchester-blvd/xyRuXuQpR1qIrZUEunIilg,monte-sereno-california
https://www.ubereats.com/san-francisco/food-delivery/glazier/KF3oVHzUTPGo-x05JSQrag,monte-sereno-california
https://www.ubereats.com/san-francisco/food-delivery/olarn-thai-cuisine/fzr6J16UT5q8RtaV6AMw7g,monte-sereno-california
https://www.ubereats.com/san-francisco/food-delivery/main-street-bagel-santa-clara/ZHcu_QQpS0O3DnERdyYlvw,monte-sereno-california
https://www.ubereats.com/san-francisco/food-delivery/starbucks-almaden-%26-curtner-san-jose/0lZVgYwsQRukPHbokDvyCw,monte-sereno-california
https://www.ubereats.com/san-francisco/food-delivery/burrito-factory-almaden/xUQVDrcrQjyGpDI44_3xQQ,monte-sereno-california
https://www.ubereats.com/san-francisco/food-delivery/mojo-burger-foxworthy/TdWGhFjfQKahjkgKjuGgrQ,monte-sereno-california
https://www.ubereats.com/san-francisco/food-delivery/jack-in-the-box-458-4602-almaden-expy/NgvJRVLIReyVi6dDbKyREQ,monte-sereno-california
https://www.ubereats.com/san-francisco/food-delivery/tostadas-w-san-carlos-st/lolOfp74QNG_DHz7vuUj7g,monte-sereno-california
https://www.ubereats.com/san-francisco/food-delivery/alexanders-steakhouse/tAAsJb2nRSaFZOsJxDTCQQ,monte-sereno-california
https://www.ubereats.com/san-francisco/food-delivery/mos-breakfast-%2B-burger-joint/SSIUFTtwQMGV1pTCW7O3Kg,monte-sereno-california
https://www.ubereats.com/san-francisco/food-delivery/pizza-my-heart-saratoga/y4Nt0ACwTMaUyS1JOllFZw,monte-sereno-california
https://www.ubereats.com/san-francisco/food-delivery/ikes-love-and-sandwiches-hillsdale/wF9yRYBRSgyKnZCyGPGiZQ,monte-sereno-california
https://www.ubereats.com/san-francisco/food-delivery/miyakko-japanese-cuisine/RkjwWllyRX6ubEJKUFVTkA,monte-sereno-california
https://www.ubereats.com/san-francisco/food-delivery/starbucks-park-%26-naglee/AYQNOLQHTyuj7jqYsKWeSw,monte-sereno-california
https://www.ubereats.com/san-francisco/food-delivery/mio-vicino/7GZYDesLSk-yjlTPFFULfA,monte-sereno-california
https://www.ubereats.com/san-francisco/food-delivery/starbucks-princeton-plaza-san-jose/0OG0qW-eQkyPXa7opDsh0A,monte-sereno-california
https://www.ubereats.com/san-francisco/food-delivery/five-guys-ca-1533-5205-prospect-ave/3emFdi-0Txq5NsbXUfh-0w,monte-sereno-california
https://www.ubereats.com/san-francisco/food-delivery/azuma-japanese-cuisine/0d5qZOk3S7iXzTLWITpY6A,monte-sereno-california
https://www.ubereats.com/san-francisco/food-delivery/haidilao-hot-pot/FRazC6MySTCYtVyS3pjHKw,monte-sereno-california
https://www.ubereats.com/san-francisco/food-delivery/lillie-maes-bbq/qvGfAdXvTHqc7sZYk8RtzQ,monte-sereno-california
https://www.ubereats.com/san-francisco/food-delivery/bills-cafe-willow-glen/QNe29lRaRxqRf1wxmtf_-g,monte-sereno-california
https://www.ubereats.com/san-francisco/food-delivery/top-this-pizza/n7dcJuhWTLi0xGbd99c48g,monte-sereno-california
https://www.ubereats.com/san-francisco/food-delivery/a%26w-restaurant-south-bascom-avenue/XUhrCLufSLiNMvqjP1bO3A,monte-sereno-california
https://www.ubereats.com/san-francisco/food-delivery/philz-coffee-681-blossom-hill-rd-suite-102/BhxwKU7yRoy9yxsKBwsIQQ,monte-sereno-california
https://www.ubereats.com/san-francisco/food-delivery/annies-vietnamese-sandwiches/KoZvOGKeR5eeMGwJ77YrNw,monte-sereno-california
https://www.ubereats.com/san-francisco/food-delivery/burger-lounge-campbell/Q6jr2VwKQliPq0PgSA5B6A,monte-sereno-california
https://www.ubereats.com/san-francisco/food-delivery/vons-chicken-cupertino/w5Z1-0c2RZuYmSsEZ5dWyQ,monte-sereno-california
https://www.ubereats.com/san-francisco/food-delivery/park-station-hashery/0YglHxhHQMOi3QGtKfVikQ,monte-sereno-california
https://www.ubereats.com/san-francisco/food-delivery/burrito-factory-camden/AVUGtewuQxyeMIpCfIkgYw,monte-sereno-california
https://www.ubereats.com/san-francisco/food-delivery/kfc-6171-santa-teresa-boulevard/4joTuiOwTM6SoJbMx5UEsA,monte-sereno-california
https://www.ubereats.com/san-francisco/food-delivery/kfc-1395-stanwood-avenue/NmH-Y5maRI2OiMYCvmQZNw,monte-sereno-california
https://www.ubereats.com/san-francisco/food-delivery/legends-pizza-co-san-jose/3xkX9spNSaiWsJHg63vXSA,monte-sereno-california
https://www.ubereats.com/san-francisco/food-delivery/maris-delights/9APxOuRmR7yQCF8S9Sl9ZA,monte-sereno-california
https://www.ubereats.com/san-francisco/food-delivery/jovie-cafe-and-pho/tTW5bJPwSLuo-ptD8v20SQ,monte-sereno-california
https://www.ubereats.com/san-francisco/food-delivery/park-gyros-willow-glen/xPkSsnfsQ7egWJk1d-TB3w,monte-sereno-california
https://www.ubereats.com/san-francisco/food-delivery/poke-bar-3055-olin-ave-ste-1045/E1qd_brDT2SPz59PPSlklw,monte-sereno-california
https://www.ubereats.com/san-francisco/food-delivery/wing-boxes/r7TPpDOdQ3-kndow89UTTA,monte-sereno-california
https://www.ubereats.com/san-francisco/food-delivery/eriks-delicafe-branham-square/FLJG86fzQ_avbNaz3nHInQ,monte-sereno-california
https://www.ubereats.com/san-francisco/food-delivery/rasa-sayang-sea/2bLnNwQVSaWP9CYCD0lTTw,monte-sereno-california
https://www.ubereats.com/san-francisco/food-delivery/little-lous-bbq/_xbWcUeYRM6PnDwT1VQgcA,monte-sereno-california
https://www.ubereats.com/san-francisco/food-delivery/jack-in-the-box-434-15771-los-gatos-blvd/881FtqR8S5-puypL1qDtsA,monte-sereno-california
https://www.ubereats.com/san-francisco/food-delivery/gen-korean-bbq-house-1554-saratoga-ave/mcwXy_yVTaagcrp7rABTKQ,monte-sereno-california
https://www.ubereats.com/san-francisco/food-delivery/orens-hummus-shop-cupertino/f0AHwNIlTomhEF_g_nQT2A,monte-sereno-california
https://www.ubereats.com/san-francisco/food-delivery/jersey-mikes-subs/ofN4q-MkRwWuhum8UqR6tA,monte-sereno-california
https://www.ubereats.com/san-francisco/food-delivery/curry-life/LeWjiPfoQqu4Nj5FfugHsQ,monte-sereno-california
https://www.ubereats.com/san-francisco/food-delivery/la-chilanguita/17IQYfZeSTure82TzuB37w,monte-sereno-california
https://www.ubereats.com/san-francisco/food-delivery/mountain-mikes-pizza/yCumjQ0tTxaUn-zQ48sjgQ,monte-sereno-california
https://www.ubereats.com/san-francisco/food-delivery/jamba-juice-2029-camden-ave/eCl7VxR8RoC1rjrY0Oe9wg,monte-sereno-california
https://www.ubereats.com/san-francisco/food-delivery/brown-chicken-brown-cow/XVNvPc1RTIasl0nGu7ezRw,monte-sereno-california
https://www.ubereats.com/san-francisco/food-delivery/starbucks-quito-village/5crphIFFTkCgRzf2X1MFcw,monte-sereno-california
https://www.ubereats.com/san-francisco/food-delivery/tequilas-taqueria/XFYcZLtITFqPJNKvNC6MhA,monte-sereno-california
https://www.ubereats.com/san-francisco/food-delivery/starbucks-argonaut-saratoga/OBApvJCkTtGZtBfKI4Sgdg,monte-sereno-california
https://www.ubereats.com/san-francisco/food-delivery/live-vegan-food/rj1A03LETT-f0szJtS1_2g,monte-sereno-california
https://www.ubereats.com/san-francisco/food-delivery/bills-cafe-the-alameda/h9fSk6WzTGej5bP8kQyeow,monte-sereno-california
https://www.ubereats.com/san-francisco/food-delivery/%E5%9B%9B%E5%A7%90%E9%9D%A2%E9%A6%99-love-my-buns/VQlwqDnZQOC41zzGoSbBEQ,monte-sereno-california
https://www.ubereats.com/san-francisco/food-delivery/main-street-burgers-los-gatos/sXTYsURRQGy_4zA5k6cZqg,monte-sereno-california
https://www.ubereats.com/san-francisco/food-delivery/burma-bistro/MA5MNztsTv2Sb8XrIBEqYA,monte-sereno-california
https://www.ubereats.com/san-francisco/food-delivery/la-victoria-taqueria-almaden-expwy/eUNwHdVpS62WlGQPCkb9Ow,monte-sereno-california
https://www.ubereats.com/san-francisco/food-delivery/kiku-sushi-japanese-restaurant/xZ7hgr4xTfK-gBr0i5G7Jw,monte-sereno-california
https://www.ubereats.com/san-francisco/food-delivery/sole-mio-ristorante-italiano/oZBo8ZJeTqaY2VPaEArxBA,monte-sereno-california
https://www.ubereats.com/san-francisco/food-delivery/casa-teresa/2_ezYu76T6-Hj_Y-fJKkGA,monte-sereno-california
https://www.ubereats.com/san-francisco/food-delivery/mcdonalds-de-anza-blvd/YSOdXv7yRfGQk9oN-fYrbg,monte-sereno-california
https://www.ubereats.com/san-francisco/food-delivery/jx-cuisine-%E5%B7%9D%E9%AD%AF%E4%BA%BA%E5%AE%B6/a-UVmoNaT-2cCscV1byv8Q,monte-sereno-california
https://www.ubereats.com/san-francisco/food-delivery/arusuvai/xIoeOgA8St2kxQyVhz4MDw,monte-sereno-california
https://www.ubereats.com/san-francisco/food-delivery/bills-cafe-kooser-rd/L57_UeXuT8WN1NJN1Nv9Ew,monte-sereno-california
https://www.ubereats.com/san-francisco/food-delivery/real-kabob-persian-restaurant/pX_7yHh4SoGtu91nsIhYow,monte-sereno-california
https://www.ubereats.com/san-francisco/food-delivery/happi-house-famous-teriyaki/s8AmQyh1TnyKBKdvgHK-hQ,monte-sereno-california
https://www.ubereats.com/san-francisco/food-delivery/donut-wheel/-K3B8tHGTLKwD4iANw2hsQ,monte-sereno-california
https://www.ubereats.com/san-francisco/food-delivery/papa-johns-pizza-the-alameda/UP4ciutbR7GIeUIJeBcTGw,monte-sereno-california
https://www.ubereats.com/san-francisco/food-delivery/sogongdong-tofu-town/ONiMLwX5TJCH3gXJW7aCuA,monte-sereno-california
https://www.ubereats.com/san-francisco/food-delivery/dish-n-dash-cupertino/V7kndAWyS8qp2JUwitEA9Q,monte-sereno-california
https://www.ubereats.com/san-francisco/food-delivery/orenchi-ramen-santa-clara/6zPiErknRzuWZkUG7UL4Lg,monte-sereno-california
https://www.ubereats.com/san-francisco/food-delivery/ajito/A_BqZiIXSSulQwDljSYr-A,monte-sereno-california
https://www.ubereats.com/san-francisco/food-delivery/starbucks-blossom-hill-%26-harwood/M6eP4kqZRme0UaUp2LSyHg,monte-sereno-california
https://www.ubereats.com/san-francisco/food-delivery/la-paloma/yl6_UyMSQ86QQouOCiOjdw,monte-sereno-california
https://www.ubereats.com/san-francisco/food-delivery/shanghai-family-restaurant/ShlGW3IPTO2CKnbeiGjXeg,monte-sereno-california
https://www.ubereats.com/san-francisco/food-delivery/grab-a-pita/p68zDX3fR0y8wGM01mb8MQ,monte-sereno-california
https://www.ubereats.com/san-francisco/food-delivery/tarim-global-cuisine/B_BhLiIdSo69U4mP_U5gtw,monte-sereno-california
https://www.ubereats.com/san-francisco/food-delivery/creamistry-wolfe-rd/fl1Dxy-RThiLKfNGbZMpbg,monte-sereno-california
https://www.ubereats.com/san-francisco/food-delivery/575-yunnan-eatery/QW71tUU_TbiFGyBHDl5paQ,monte-sereno-california
https://www.ubereats.com/san-francisco/food-delivery/donut-basket/buwL9s4sTWmquwarEXwpWQ,monte-sereno-california
https://www.ubereats.com/san-francisco/food-delivery/royal-taj/I9jhglKLQ6WNUk5be2s-8g,monte-sereno-california
https://www.ubereats.com/san-francisco/food-delivery/the-happy-hooligans/4Kog387jSpmU9FLJupfgeQ,monte-sereno-california
https://www.ubereats.com/san-francisco/food-delivery/sushi-boat-westgate/khmPtmT3QTyQk00R7c9VYw,monte-sereno-california
https://www.ubereats.com/san-francisco/food-delivery/zeugma-kebab/SNjn960HQdqnUi0aigyVkQ,monte-sereno-california
https://www.ubereats.com/san-francisco/food-delivery/boston-market-1554-s-bascom-avenue/gRl_BXv4RoKjyKsVUkljQw,monte-sereno-california
https://www.ubereats.com/san-francisco/food-delivery/jack-in-the-box-1451-s-de-anza-blvd/OVEkiy6YTAaarPPTYBZhNQ,monte-sereno-california
https://www.ubereats.com/san-francisco/food-delivery/togos-5677-snell-ave/fO4UGLqBSZ28FnKCrsoJAA,monte-sereno-california
https://www.ubereats.com/san-francisco/food-delivery/red-robin-259-1000-el-paseo-de-saratoga/v_st7soqQq2bAjdfb-_3eg,monte-sereno-california
https://www.ubereats.com/san-francisco/food-delivery/papa-murphys-1375-blossom-hill-rd/EhZqqkhgQr6bkiT3Ajc9JQ,monte-sereno-california
https://www.ubereats.com/san-francisco/food-delivery/kategna-ethiopian-restaurant/LmLFGCgsSNSNBAZBFqM5nQ,monte-sereno-california
https://www.ubereats.com/san-francisco/food-delivery/the-new-jerseys/aHk4ZfgZQbu38_s2RPPujA,monte-sereno-california
https://www.ubereats.com/san-francisco/food-delivery/subway-882-w-hamilton-ave/_sfMXLEzRt2hEaAMRNytnQ,monte-sereno-california
https://www.ubereats.com/san-francisco/food-delivery/starbucks-almaden-%26-cherry/nZYJXC0pRwSJ8481Y-xN8w,monte-sereno-california
https://www.ubereats.com/san-francisco/food-delivery/sandwich-spot-san-jose/JCQIqMaUQQyYfzRdWc-AhQ,monte-sereno-california
https://www.ubereats.com/san-francisco/food-delivery/grillbox/am1_M98DRpG5xxQLbjL4kw,monte-sereno-california
https://www.ubereats.com/san-francisco/food-delivery/kabila-santa-clara/mT14asX_Qba5ueld4ibbBQ,monte-sereno-california
https://www.ubereats.com/san-francisco/food-delivery/the-halal-guys-81-curtner-ave-san-jose-ca/QfD2H7EsQEKdWIAaI63dpg,monte-sereno-california
https://www.ubereats.com/san-francisco/food-delivery/pizza-express-san-jose/GlRFTZ9BTXiQCcllBuM1UA,monte-sereno-california
https://www.ubereats.com/san-francisco/food-delivery/yogurtland-5395-prospect-rd/AeXcfOlMRsmJYLeo4yW9PQ,monte-sereno-california
https://www.ubereats.com/san-francisco/food-delivery/patxis-pizza-campbell/_o1r5b5ARiyxcF29S_Qlog,monte-sereno-california
https://www.ubereats.com/san-francisco/food-delivery/panda-express-925-blossom-hill-rd/Vfk2KzPGScCqlOu22gxHrg,monte-sereno-california
https://www.ubereats.com/san-francisco/food-delivery/krispy-kreme-curtner-ave-%26-monterey-hwy/KciGI1KeQUiWSI_KlCdHnw,monte-sereno-california
https://www.ubereats.com/san-francisco/food-delivery/gogo-pho/Ae9kN3xKTE64eCe5i6H_Fw,monte-sereno-california
https://www.ubereats.com/san-francisco/food-delivery/nowhere-bar-%26-grill/HBeK2vzCRwmTPSLuuJOSIQ,monte-sereno-california
https://www.ubereats.com/san-francisco/food-delivery/krispy-krunchy-chicken-campbell-ca/ctsuGc_iREqtGClnXA3mEA,monte-sereno-california
https://www.ubereats.com/san-francisco/food-delivery/togos-6469-60-almaden-expwy/qidyGKHdS4WgyJfCCjWahA,monte-sereno-california
https://www.ubereats.com/san-francisco/food-delivery/una-mas-mexican-grill-los-gatos/nWErr9aBSnO8NJhk-nD-hg,monte-sereno-california
https://www.ubereats.com/san-francisco/food-delivery/burger-king-2390-almaden-road/rYRkZsouQz2dpguus1bnGA,monte-sereno-california
https://www.ubereats.com/san-francisco/food-delivery/curry-roots-westfield-oakridge/uhdN4EZzSpSYoCEwC3GDIA,monte-sereno-california
https://www.ubereats.com/san-francisco/food-delivery/alexanders-patisserie/AQ9M9x7MQxOt1YtfTPwsGg,monte-sereno-california
https://www.ubereats.com/san-francisco/food-delivery/chipotle-mexican-grill-975-the-alameda-ste-10/z-lkh88VT1W-a9clluuZnw,monte-sereno-california
https://www.ubereats.com/san-francisco/food-delivery/avachi-biryani-house/3Co1jb-PQlq91Ve7BQ2s9Q,monte-sereno-california
https://www.ubereats.com/san-francisco/food-delivery/buffalo-wild-wings-1620-saratoga-ave/sM8f3-V0R2C6_j5ILsvbsA,monte-sereno-california
https://www.ubereats.com/san-francisco/food-delivery/clean-juice-1875-south-bascom-avenue/y_9lyj8KQ5eTZnU-o2MsQg,monte-sereno-california
https://www.ubereats.com/san-francisco/food-delivery/pizza-guys-san-jose/bl6jYJfaSiiVPEygIh77Vw,monte-sereno-california
https://www.ubereats.com/san-francisco/food-delivery/viets-corner/3TgLkjz-SDWC3PMhwwhfHQ,monte-sereno-california
https://www.ubereats.com/san-francisco/food-delivery/boston-market-2006-el-camino-real/62-6G_-xSPSNk74CcNYOUg,monte-sereno-california
https://www.ubereats.com/san-francisco/food-delivery/a-bellagio/z1dVcEKrQ6a8ipP0A1niBQ,monte-sereno-california
https://www.ubereats.com/san-francisco/food-delivery/poke-one/icHdj4t5TeecGQZaGdap5w,monte-sereno-california
https://www.ubereats.com/san-francisco/food-delivery/music-tunnel-ktv-cafe/WSPTDUiaRzmhsabC4u2MGw,monte-sereno-california
https://www.ubereats.com/san-francisco/food-delivery/burger-king-936-blossom-hill-road/VH9nJ81ZQUSvpq1szx_oYw,monte-sereno-california
https://www.ubereats.com/san-francisco/food-delivery/negeen-restaurant/JJccCOIMTBuQW3m693Jxsg,monte-sereno-california
https://www.ubereats.com/san-francisco/food-delivery/kfc-1065-east-el-camino-real/bEbErgMrSLOq4zydI93BGg,monte-sereno-california
https://www.ubereats.com/san-francisco/food-delivery/popeyes-louisiana-kitchen-homestead-road/V7JIzea6QnCCnjloT1nouw,monte-sereno-california
https://www.ubereats.com/san-francisco/food-delivery/taqueria-el-ranchito/CiATSu34Q3W14rmS_ndQZQ,monte-sereno-california
https://www.ubereats.com/san-francisco/food-delivery/shan-restaurant/gwyvV1yXQUaDKW9zFrkD-g,monte-sereno-california
https://www.ubereats.com/san-francisco/food-delivery/aappakadai-3075-el-camino-real-santa-clara-ca-95051/XRsea7nZRviKyFLaZcLQQQ,monte-sereno-california
https://www.ubereats.com/san-francisco/food-delivery/iguanas-burritozilla-saratoga-ave/zvb-pvbbQOqEPrkMElGr9Q,monte-sereno-california
https://www.ubereats.com/san-francisco/food-delivery/starbucks-campbell-%26-fulton/h9wswUwEQuWFzH7tH8a6zg,monte-sereno-california
https://www.ubereats.com/san-francisco/food-delivery/thaibodia-bowl-campbell/RUN2-N4QSMGOXr4aS6t4iw,monte-sereno-california
https://www.ubereats.com/san-francisco/food-delivery/philz-coffee-1976-south-bascom-avenue/cvh0zBL1QMK-e49Hr_VTqQ,monte-sereno-california
https://www.ubereats.com/san-francisco/food-delivery/poorboys-cajun-kitchen/JglfcURKSoeImWGyxTroEg,monte-sereno-california
https://www.ubereats.com/san-francisco/food-delivery/rori-rice/dPqBs2ELT8OqlvLfkoqHZg,monte-sereno-california
https://www.ubereats.com/san-francisco/food-delivery/kyusu-burmese-cuisine/LXrcz_WsRaGHF25QWBjKTQ,monte-sereno-california
https://www.ubereats.com/san-francisco/food-delivery/pearl-river-chinese-restaurant-blossom-hill-road/VfZ90K9LSKqAY39S71-u1A,monte-sereno-california
https://www.ubereats.com/san-francisco/food-delivery/pho-hoa-santa-clara/AinSqiLKTEqFufnJ_iI0KQ,monte-sereno-california
https://www.ubereats.com/san-francisco/food-delivery/boudin-almaden/nenoHz9STR-6wJPJnLzn4w,monte-sereno-california
https://www.ubereats.com/san-francisco/food-delivery/street-pizza/rr7XCsTsQ1-DJo5tagmzKg,monte-sereno-california
https://www.ubereats.com/san-francisco/food-delivery/jinya-ramen-blossom-hill-road/LQ-44XJGTtWi5bLQuLz6MA,monte-sereno-california
https://www.ubereats.com/san-francisco/food-delivery/tapsilog-bistro/AV2lm_THStqkpzL2g4YoBg,monte-sereno-california
https://www.ubereats.com/san-francisco/food-delivery/lequy/zED3g8WCTdmM6I_TvnE_cQ,monte-sereno-california
https://www.ubereats.com/san-francisco/food-delivery/panda-express-5150-cherry-ave/9kww_9pUTgOx9rvqMkvFpw,monte-sereno-california
https://www.ubereats.com/san-francisco/food-delivery/masas-sushi-%26-grill/iXf8v0mpSZOCCcTnkK3-1w,monte-sereno-california
https://www.ubereats.com/san-francisco/food-delivery/jersey-mikes-subs/yngbt7eYRaKXdlov_9k5Nw,monte-sereno-california
https://www.ubereats.com/san-francisco/food-delivery/five-guys-ca-1294-5353-almaden-expressway/rgynXBW3TnehWHfOWvO8ZQ,monte-sereno-california
https://www.ubereats.com/san-francisco/food-delivery/gojo-ethiopian-restaurant/gFvsuKfjR_-U0-a0FeCQCQ,monte-sereno-california
https://www.ubereats.com/san-francisco/food-delivery/pza-campbell/ZMGKcmWSSyGC1IP4jV5tWA,monte-sereno-california
https://www.ubereats.com/san-francisco/food-delivery/yas-restaurant-saratoga-ave/Ltp_AuYoRa6JE796NIoctg,monte-sereno-california
https://www.ubereats.com/san-francisco/food-delivery/mountain-mikes-pizza-2306-almaden-rd/XXQY92UzSh-ZRY7akE5Bjg,monte-sereno-california
https://www.ubereats.com/san-francisco/food-delivery/mendocino-farms-santana-row/Uc1EKAwiROGKOfTvOAAOVQ,monte-sereno-california
https://www.ubereats.com/san-francisco/food-delivery/taco-bell-5431-camden-ave/OyaagKSOSemFeViz8OvHjQ,monte-sereno-california
https://www.ubereats.com/san-francisco/food-delivery/vons-chicken-sunnyvale/Tv4V5WCzRJ6wOFDCKB_atg,monte-sereno-california
https://www.ubereats.com/san-francisco/food-delivery/tasty-pot-san-jose/ZwVS1D0lQgeGKozWEy96Bw,monte-sereno-california
https://www.ubereats.com/san-francisco/food-delivery/ijava-almaden-expy/oA_Or00MRnmgL5V5hXMGqw,monte-sereno-california
https://www.ubereats.com/san-francisco/food-delivery/russian-cafe/B6iMkBdaQcKPbr5TfcpQHQ,monte-sereno-california
https://www.ubereats.com/san-francisco/food-delivery/local-food-hall-willow-glen/EhXt2ATBTWOTvsUYLjdnmA,monte-sereno-california
https://www.ubereats.com/san-francisco/food-delivery/togos-1875-s-bascom-ave-ste-113/JABRtTFFRECgpCpks2hWpA,monte-sereno-california
https://www.ubereats.com/san-francisco/food-delivery/new-tandoori-cafe/jJ1QncdKTcWh7Ws40koK6w,monte-sereno-california
https://www.ubereats.com/san-francisco/food-delivery/beard-papas/PnLRk5U8R9-RXzDtrRCNjw,monte-sereno-california
https://www.ubereats.com/san-francisco/food-delivery/us-soypresso/bNoZvgwWRWqAqcj1-e43jw,monte-sereno-california
https://www.ubereats.com/san-francisco/food-delivery/pokeholics/_IUIPhs1THG_6C6jrpYtZw,monte-sereno-california
https://www.ubereats.com/san-francisco/food-delivery/mr-pickles-sandwich-shop-los-gatos/cZwlO_0IT6OW2Xgi6m09CQ,monte-sereno-california
https://www.ubereats.com/san-francisco/food-delivery/must-be-thai-stevens-creek-blvd/GetaqUNAQcmAIM-Rc8LCDA,monte-sereno-california
https://www.ubereats.com/san-francisco/food-delivery/namaste-los-gatos/-5n6w3MDS8uGwgvH8M3E1g,monte-sereno-california
https://www.ubereats.com/san-francisco/food-delivery/mimosas/SbPWdSWdQ_Wq18DSbZKnRw,monte-sereno-california
https://www.ubereats.com/san-francisco/food-delivery/bossmans-pizza/Gu0QtWYGRPuiirqCl4FPyA,monte-sereno-california
https://www.ubereats.com/san-francisco/food-delivery/panda-express-1700-s-bascom-ave/rlst_UALRHazifY2h1TruQ,monte-sereno-california
https://www.ubereats.com/san-francisco/food-delivery/indo-cafe-saratoga/FkFPibGTT-qNalkCyYOfOg,monte-sereno-california
