url,city
https://www.ubereats.com/san-diego/food-delivery/carlsbad-ranch-market/NjZOJKHSQzmslQ4Jhhi1TA,cardiff-by-the-sea-california
https://www.ubereats.com/san-diego/food-delivery/starbucks-1560-leucadia-blvd-ste-b/KJGrW11ORQm1GvElUI5GaA,cardiff-by-the-sea-california
https://www.ubereats.com/san-diego/food-delivery/veggie-grill-carlsbad/-Tsl3OquQBm3FLKKuM1qAw,cardiff-by-the-sea-california
https://www.ubereats.com/san-diego/food-delivery/thai-style/4awABfNlSLC02djh9gFPyw,cardiff-by-the-sea-california
https://www.ubereats.com/san-diego/food-delivery/the-encinitas-cafe/q4fG7A4AQc-azZk8fhAXig,cardiff-by-the-sea-california
https://www.ubereats.com/san-diego/food-delivery/mozy-cafe/3noGUIQ8Rom72bZ_n_iwJQ,cardiff-by-the-sea-california
https://www.ubereats.com/san-diego/food-delivery/flippin-pizza-encinitas/tm3TeoIyQy69MYFFJTumGA,cardiff-by-the-sea-california
https://www.ubereats.com/san-diego/food-delivery/tender-greens-3745-paseo-place-suite-0840/LsIp82mLQiuriaDc2jSxnQ,cardiff-by-the-sea-california
https://www.ubereats.com/san-diego/food-delivery/pho-house-grill/eGu9WNCATCulVKEqCJ0eKQ,cardiff-by-the-sea-california
https://www.ubereats.com/san-diego/food-delivery/manhattan-giant-pizza/fLd6KsINQPesefQpmfH79w,cardiff-by-the-sea-california
https://www.ubereats.com/san-diego/food-delivery/thai-one-on/vFynyJehQZaeRYB7GCWbow,cardiff-by-the-sea-california
https://www.ubereats.com/san-diego/food-delivery/jamba-272-a-n-el-camino-real/s_wer5iCTiimLQqfULfdMw,cardiff-by-the-sea-california
https://www.ubereats.com/san-diego/food-delivery/jamba-3545-del-mar-heights/Rj7Qs9PRTpG2p8gA0yGv6g,cardiff-by-the-sea-california
https://www.ubereats.com/san-diego/food-delivery/robertos-mexican-food-del-mar/ghH9Fv0cSf2l2YxTlwRGag,cardiff-by-the-sea-california
https://www.ubereats.com/san-diego/food-delivery/sidecar-doughnuts-%26-coffee-del-mar/8iM5zSFPR2-JEU4Eqh3uZA,cardiff-by-the-sea-california
https://www.ubereats.com/san-diego/food-delivery/alborz/wzYlYFURT0i57w-HHLQnmQ,cardiff-by-the-sea-california
https://www.ubereats.com/san-diego/food-delivery/fresh-brothers/5w5C_x_mRU-IkcVPuQ6rDg,cardiff-by-the-sea-california
https://www.ubereats.com/san-diego/food-delivery/pf-changs-5621-paseo-del-norte/kcwOG4owR5SKWlnxPzjCoA,cardiff-by-the-sea-california
https://www.ubereats.com/san-diego/food-delivery/starbucks-937-lomas-santa-fe-dr-ste-d/kbFow9j6T6KZi2GMuKMcyQ,cardiff-by-the-sea-california
https://www.ubereats.com/san-diego/food-delivery/bushfire-kitchen-del-mar/grmgJmqGQOiWX7y3fU9Ahw,cardiff-by-the-sea-california
https://www.ubereats.com/san-diego/food-delivery/carin-de-ria/Purd0S2OT8ykIuN1xj5Jjw,cardiff-by-the-sea-california
https://www.ubereats.com/san-diego/food-delivery/the-ice-cream-shop/ewovjutSQFadjbyoGIaVvA,cardiff-by-the-sea-california
https://www.ubereats.com/san-diego/food-delivery/lil-manana/DhQV2kGTSL-1DEzrVdC1vg,cardiff-by-the-sea-california
https://www.ubereats.com/san-diego/food-delivery/nick-%26-gs/ZECkU73TTym3HdrbEuMGzw,cardiff-by-the-sea-california
https://www.ubereats.com/san-diego/food-delivery/toast-gastrobrunch/fOEE0e2KSS-avPXfF1m2zg,cardiff-by-the-sea-california
https://www.ubereats.com/san-diego/food-delivery/the-ice-cream-shop/F-AhcbJkRbqj6_OJqZe7lg,cardiff-by-the-sea-california
https://www.ubereats.com/san-diego/food-delivery/mcdonalds-2705-via-de-la-valle/0Yy2bljkR_-rL_eeBvp6qw,cardiff-by-the-sea-california
https://www.ubereats.com/san-diego/food-delivery/sammys-woodfired-pizza-%26-grill-del-mar/h792uoDxTjik7yTj-I4Twg,cardiff-by-the-sea-california
https://www.ubereats.com/san-diego/food-delivery/ensui-sushi/TzJs1lxiSkicIHh6vOWNeA,cardiff-by-the-sea-california
https://www.ubereats.com/san-diego/food-delivery/naan-n-curry/F8ANUlWyQZCJip6C1yZQkw,cardiff-by-the-sea-california
https://www.ubereats.com/san-diego/food-delivery/mendocino-farms-del-mar/i6cpsJDvTh6i0XP0qIpqUQ,cardiff-by-the-sea-california
https://www.ubereats.com/san-diego/food-delivery/vitality-bowls-6943-el-camino-real/0lA1COc1QEWbGkmIZW_D3Q,cardiff-by-the-sea-california
https://www.ubereats.com/san-diego/food-delivery/villa-capri-cucina-italiana/Z7nBN1n5SEyfY7RyZuu8fA,cardiff-by-the-sea-california
https://www.ubereats.com/san-diego/food-delivery/eve-encinitas/CmbP8vTJRR-2AHFgrY3J7A,cardiff-by-the-sea-california
https://www.ubereats.com/san-diego/food-delivery/corner-bakery-cafe-encinitas/q4t9roBdSZ6CthToZTkoIA,cardiff-by-the-sea-california
https://www.ubereats.com/san-diego/food-delivery/chipotle-mexican-grill-3416-via-mercato-ste-110/hXMlwQt9Qdi-m7WV2cl6JA,cardiff-by-the-sea-california
https://www.ubereats.com/san-diego/food-delivery/los-tacos/jPT8rh5fQfOaFVQltL5TQA,cardiff-by-the-sea-california
https://www.ubereats.com/san-diego/food-delivery/blessed-burrito-bowls/9DRk1TBaR5i27eTBnDC6yg,cardiff-by-the-sea-california
https://www.ubereats.com/san-diego/food-delivery/nekter-juice-bar-3435-del-mar-heights-rd-ste-d9/_u_o7hXDQ-mDc-Pgx-b5Sw,cardiff-by-the-sea-california
https://www.ubereats.com/san-diego/food-delivery/jamba-juice-3427-via-montebello-ste-180/LjsZObE8QaWyVffvMm8RqA,cardiff-by-the-sea-california
https://www.ubereats.com/san-diego/food-delivery/salt-%26-straw-del-mar/_RUoqOOwRPS90osoAHBhWg,cardiff-by-the-sea-california
https://www.ubereats.com/san-diego/food-delivery/jack-in-the-box-2690-del-mar-heights-rd/XUTh9FNSRWWS3nEnzZJXeg,cardiff-by-the-sea-california
https://www.ubereats.com/san-diego/food-delivery/jojos-creamery/PtM9bWU5TTCMtvTHUQgB6w,cardiff-by-the-sea-california
https://www.ubereats.com/san-diego/food-delivery/pick-up-stix-encinitas/YQxI6FuNSrGaIDvsy8J70Q,cardiff-by-the-sea-california
https://www.ubereats.com/san-diego/food-delivery/urban-plates-carlsbad/0v9M1RzbTySm4r_mp3qhXA,cardiff-by-the-sea-california
https://www.ubereats.com/san-diego/food-delivery/beach-plum-kitchen/HcCnEoICQ7WWvhfc_6jlRw,cardiff-by-the-sea-california
https://www.ubereats.com/san-diego/food-delivery/saint-tropez-bistro-%26-beyond/2eOJCS89SGq5s_sxpUoNUw,cardiff-by-the-sea-california
https://www.ubereats.com/san-diego/food-delivery/beeside-balcony/XNtZMgNGQ829a4nI4FdwUw,cardiff-by-the-sea-california
https://www.ubereats.com/san-diego/food-delivery/sabor-de-vida-brazilian-grill/4_dWn6nNQ1qNRO2zraTP4g,cardiff-by-the-sea-california
https://www.ubereats.com/san-diego/food-delivery/panini-kabob-grill-carlsbad/sJrZn5eBQiKMthNYeB53nA,cardiff-by-the-sea-california
https://www.ubereats.com/san-diego/food-delivery/jersey-mikes-subs-solana-beach-915-lomas-santa-fe-dr/gsJggBqUQCubre1P2vE3sg,cardiff-by-the-sea-california
https://www.ubereats.com/san-diego/food-delivery/the-lions-pack-gourmet-vegan-cookie-dough/si20eDOuSUOohIeN-qNdGg,cardiff-by-the-sea-california
https://www.ubereats.com/san-diego/food-delivery/mcdonalds-1271-encinitas-blvd/IYfH03VJSJ-UrXvDeORg1A,cardiff-by-the-sea-california
https://www.ubereats.com/san-diego/food-delivery/sushi-house-encinitas/EMlv5PaAQPmefHDp-KR6aQ,cardiff-by-the-sea-california
https://www.ubereats.com/san-diego/food-delivery/subway-905-orpheus-ave-ste-102/HuCEuyeBQyqxipWXgXc3XA,cardiff-by-the-sea-california
https://www.ubereats.com/san-diego/food-delivery/pick-up-stix-poinsettia/iUn86EnpStSMr3n81sI-sA,cardiff-by-the-sea-california
https://www.ubereats.com/san-diego/food-delivery/cocina-del-rancho/x3IZxO7gT0uhdjAePdKVjQ,cardiff-by-the-sea-california
https://www.ubereats.com/san-diego/food-delivery/jersey-mikes-subs-138-encinitas-blvd/wdNq-0uRSGCPqIoT-8-tZw,cardiff-by-the-sea-california
https://www.ubereats.com/san-diego/food-delivery/express-pie-parlor/2kNN0-9UQ6SJBzcugs9-UQ,cardiff-by-the-sea-california
https://www.ubereats.com/san-diego/food-delivery/green-dragon-tavern-%26-museum/VgJhViY8TTK6Q9TeCLUQnQ,cardiff-by-the-sea-california
https://www.ubereats.com/san-diego/food-delivery/urbane-cafe-encinitas/9-q4xQDST3-LvdHS471ARQ,cardiff-by-the-sea-california
https://www.ubereats.com/san-diego/food-delivery/swamis-cafe-parent/f_L5JlTyRF244wH4c87jnw,cardiff-by-the-sea-california
https://www.ubereats.com/san-diego/food-delivery/fresco-pizzeria-san-diego/iVYQBfqrS_yEwU09i5ICRw,cardiff-by-the-sea-california
https://www.ubereats.com/san-diego/food-delivery/urban-plates-del-mar/Z43MdTydRVSnW1pC0jeVHw,cardiff-by-the-sea-california
https://www.ubereats.com/san-diego/food-delivery/pressed-juicery-torrey-hills/wxJDzlxRR0i5jNFqLGObdQ,cardiff-by-the-sea-california
https://www.ubereats.com/san-diego/food-delivery/subway-417-santa-fe-dr-ste-a/NPIz2vvWRJqK9zsAswYAUg,cardiff-by-the-sea-california
https://www.ubereats.com/san-diego/food-delivery/los-primos-carlsbad-%2320/TKkiD2GATfOsUFDBIgQkSg,cardiff-by-the-sea-california
https://www.ubereats.com/san-diego/food-delivery/notorious-burgers/p2Aqq5ulSDykFWEhrlnbGg,cardiff-by-the-sea-california
https://www.ubereats.com/san-diego/food-delivery/fish-district-solana-beach/cS5bh6nrTAaDBPgUsyUPHQ,cardiff-by-the-sea-california
https://www.ubereats.com/san-diego/food-delivery/subway-124-lomas-santa-fe-dr-ste-101/R4mxp9bHRK2kn2uM0bLfwg,cardiff-by-the-sea-california
https://www.ubereats.com/san-diego/food-delivery/robertos-taco-shop-encinitas/WZ_97pv6QZOoiyTexvLScg,cardiff-by-the-sea-california
https://www.ubereats.com/san-diego/food-delivery/mosaic-restaurant-%26-bar/YZrUafyiRxmygdZGl1W_Hg,cardiff-by-the-sea-california
https://www.ubereats.com/san-diego/food-delivery/board-%26-brew-del-mar/bIyDJGRKS8WXeFauV6Wt5w,cardiff-by-the-sea-california
https://www.ubereats.com/san-diego/food-delivery/hacienda-de-vega-encinitas/v3xciWNsRQ-QLNdNhWKjSg,cardiff-by-the-sea-california
https://www.ubereats.com/san-diego/food-delivery/karl-strauss-brewing-company-carlsbad/nGn160FFQky13E12Wh58ag,cardiff-by-the-sea-california
https://www.ubereats.com/san-diego/food-delivery/maurizio-trattoria-italiana/qQmJlaXpQGuxwrqHvTVuuw,cardiff-by-the-sea-california
https://www.ubereats.com/san-diego/food-delivery/golden-spoon-7670-el-camino-real/aqfNtYS7Teel_bV939yM2A,cardiff-by-the-sea-california
https://www.ubereats.com/san-diego/food-delivery/the-lanai/NnxgdrggSVW-WOCkd6SSOQ,cardiff-by-the-sea-california
https://www.ubereats.com/san-diego/food-delivery/modern-times-far-west-lounge/D-oMPeOSQYmw3zo5b39FDQ,cardiff-by-the-sea-california
https://www.ubereats.com/san-diego/food-delivery/swamis-cafe-encinitas-101/cQ289yUHQiqpwJYCcgALcQ,cardiff-by-the-sea-california
https://www.ubereats.com/san-diego/food-delivery/cava-3722-paseo-place-ste-1440/uWS5qkm9RdKc69Nt4HH90Q,cardiff-by-the-sea-california
https://www.ubereats.com/san-diego/food-delivery/jack-in-the-box-1967-san-elijo-ave/dZo5KCGxQsOk3qQclnc-uA,cardiff-by-the-sea-california
https://www.ubereats.com/san-diego/food-delivery/subway-6994-el-camino-real-ste-100/skvb6Bt3RSGk-mL6sdCBRg,cardiff-by-the-sea-california
https://www.ubereats.com/san-diego/food-delivery/top-choice-fish/eImFSDUTRymxZJ2se3cvHg,cardiff-by-the-sea-california
https://www.ubereats.com/san-diego/food-delivery/hoshi-japanese-steakhouse/c8Ozu4dnRiKqqN8WCIjtDg,cardiff-by-the-sea-california
https://www.ubereats.com/san-diego/food-delivery/chipotle-mexican-grill-3881-valley-centre-dr/9yJJEvlMSb6qVhq5OB5I9A,cardiff-by-the-sea-california
https://www.ubereats.com/san-diego/food-delivery/blaze-pizza-5620-paseo-del-norte-%23126/npYCONoBS06sqN8mzuogvA,cardiff-by-the-sea-california
https://www.ubereats.com/san-diego/food-delivery/bushfire-kitchen-la-costa/AslZNhoRS86qXLsHu_ti0g,cardiff-by-the-sea-california
https://www.ubereats.com/san-diego/food-delivery/toast-cafe/QTq0eCQYQpiKc9GzG9W6uw,cardiff-by-the-sea-california
https://www.ubereats.com/san-diego/food-delivery/french-corner-encinitas/OrhHBTOeRGuPxHmSHKgHTA,cardiff-by-the-sea-california
https://www.ubereats.com/san-diego/food-delivery/chick-fil-a-194-n-el-camino-real/oaho-zj9SG-5d6rIboQbzg,cardiff-by-the-sea-california
https://www.ubereats.com/san-diego/food-delivery/allens-new-york-pizza/VRlZpsiMR5Sv6Z5dhMOYGA,cardiff-by-the-sea-california
https://www.ubereats.com/san-diego/food-delivery/mcdonalds-3505-del-mar-heights-road/e4xX1YfkQT20jPfXFB57Iw,cardiff-by-the-sea-california
https://www.ubereats.com/san-diego/food-delivery/tocaya-organica-del-mar/W5awGshkTmKTtsbzwybNMA,cardiff-by-the-sea-california
https://www.ubereats.com/san-diego/food-delivery/station-sushi/5-pRszWaSpiKW5JCE35Ibw,cardiff-by-the-sea-california
https://www.ubereats.com/san-diego/food-delivery/the-baked-bear-carmel-valley/jix77uVTT5qzzTqes9WAPQ,cardiff-by-the-sea-california
https://www.ubereats.com/san-diego/food-delivery/madeleine-cafe-%26-bakery/UvTswMobQrmr2rrUHpmMuA,cardiff-by-the-sea-california
https://www.ubereats.com/san-diego/food-delivery/buca-di-beppo-carlsbad/NGD_qBv8Slidj_lUydAK2w,cardiff-by-the-sea-california
https://www.ubereats.com/san-diego/food-delivery/cafe-pascale/QSYxmd_aQWSWDNq_lewwYg,cardiff-by-the-sea-california
https://www.ubereats.com/san-diego/food-delivery/zip-fusion-sushi/ybINbjVNTjSXi7t0fgqMnQ,cardiff-by-the-sea-california
https://www.ubereats.com/san-diego/food-delivery/encinitas-ale-house/JO5722hERn-cjnAkyuH6zA,cardiff-by-the-sea-california
https://www.ubereats.com/san-diego/food-delivery/honeys-bistro-%26-bakery/NYdDspCUQeCAysb7R2MRoQ,cardiff-by-the-sea-california
https://www.ubereats.com/san-diego/food-delivery/best-pizza-%26-brew/pV7-LsV5TFSvaMVUVtOAkA,cardiff-by-the-sea-california
https://www.ubereats.com/san-diego/food-delivery/wendys-102-encinites-blvd/DyffTl5UQ2OhAejtZD4Bcw,cardiff-by-the-sea-california
https://www.ubereats.com/san-diego/food-delivery/panera-667-san-rodolfo-drive/svpyclyGQqCrI5yw11Vh8Q,cardiff-by-the-sea-california
https://www.ubereats.com/san-diego/food-delivery/tapatapa-bar-and-kitchen/sGNr-45AThmYoEOpp8x7Tg,cardiff-by-the-sea-california
https://www.ubereats.com/san-diego/food-delivery/chipotle-mexican-grill-2710-via-de-la-valle-ste-290/WKj9T5yeQmOAB5vfAXdb1g,cardiff-by-the-sea-california
https://www.ubereats.com/san-diego/food-delivery/the-crack-shack-encinitas/S_AmjfvXRvGbj0vvyyhSyA,cardiff-by-the-sea-california
https://www.ubereats.com/san-diego/food-delivery/sub-station/RGBJE_2bQqe36B4Ws3uAqQ,cardiff-by-the-sea-california
https://www.ubereats.com/san-diego/food-delivery/cicciottis-trattoria/bvde1CNMR3m_2048qnN3ow,cardiff-by-the-sea-california
https://www.ubereats.com/san-diego/food-delivery/woodsy-coffee/N420qmfzS6eeZbdQvQuCBw,cardiff-by-the-sea-california
https://www.ubereats.com/san-diego/food-delivery/el-pollo-loco-12847-el-camino-real3493/vCSGg6BHQMuRJMOKKDiHyQ,cardiff-by-the-sea-california
https://www.ubereats.com/san-diego/food-delivery/crust-pizzeria-solana-beach/hfSMWXFFSr6zXyIpxeBtTQ,cardiff-by-the-sea-california
https://www.ubereats.com/san-diego/food-delivery/wokou-ramen-%26-yakitori/4n68WKoMRe6mE9Rvie3ScQ,cardiff-by-the-sea-california
https://www.ubereats.com/san-diego/food-delivery/plant-power-encinitas/VOwxzQ7SRoa1H_H4FQc2_A,cardiff-by-the-sea-california
https://www.ubereats.com/san-diego/food-delivery/los-primos-mexican-food-solana-beach/ehKrTHPgQxiNCm2BDU9uEA,cardiff-by-the-sea-california
https://www.ubereats.com/san-diego/food-delivery/michelines-pita-house-solana-beach/cPNs6noVSDe3IsNa2SfmPQ,cardiff-by-the-sea-california
https://www.ubereats.com/san-diego/food-delivery/borrellis-pizza-and-italian-food/-kJEM_hMRdeh1EbulVniyQ,cardiff-by-the-sea-california
https://www.ubereats.com/san-diego/food-delivery/the-ice-cream-shop/hNB1QAFZSZ29tR8riUSfPg,cardiff-by-the-sea-california
https://www.ubereats.com/san-diego/food-delivery/swamis-cafe-encinitas-inland/zx8GybYdTYm7lWByfAzagQ,cardiff-by-the-sea-california
https://www.ubereats.com/san-diego/food-delivery/el-pollo-loco-7120-avenida-encinas-%231043820/pB5vqNuxQ8S-G_-9kkLGrQ,cardiff-by-the-sea-california
https://www.ubereats.com/san-diego/food-delivery/chop-stop-encinitas/k8naCHhRThWaU7ZB7FosgQ,cardiff-by-the-sea-california
https://www.ubereats.com/san-diego/food-delivery/chins-szechwan-restaurant-encinitas-ca/xiGfp7QNQsadDy2sB2accQ,cardiff-by-the-sea-california
https://www.ubereats.com/san-diego/food-delivery/jack-in-the-box-7050-avenida-encinas/wS7xhEHLStKw7R3BKhIONw,cardiff-by-the-sea-california
https://www.ubereats.com/san-diego/food-delivery/the-habit-burger-grill-909-lomas-santa-fe-drive/k-VB5BkQTFiVv7-oOBd2Aw,cardiff-by-the-sea-california
https://www.ubereats.com/san-diego/food-delivery/parioli-bistro/i76K4K3PTqqrufP7Nli7nw,cardiff-by-the-sea-california
https://www.ubereats.com/san-diego/food-delivery/taco-bell-6017-paseo-del-norte/dZLy5Bc7TGip7_eXyfoTLg,cardiff-by-the-sea-california
https://www.ubereats.com/san-diego/food-delivery/burger-king-242-north-el-camino-real/D3m6eYJ3QKSnAK9bNmUHvw,cardiff-by-the-sea-california
https://www.ubereats.com/san-diego/food-delivery/crust-pizzeria/X2rz8g_DRwaeuN3BzU85EA,cardiff-by-the-sea-california
https://www.ubereats.com/san-diego/food-delivery/rimels-bar-and-grill-del-mar/9f4kHdrZRTmvK3QQmXyLSQ,cardiff-by-the-sea-california
https://www.ubereats.com/san-diego/food-delivery/kabob-lounge-carlsbad/zZjQjimSTFWUXgIT6896bg,cardiff-by-the-sea-california
https://www.ubereats.com/san-diego/food-delivery/nekter-juice-bar-127-n-el-camino-real/5Z0YB4teQFCBekGmNSSKqA,cardiff-by-the-sea-california
https://www.ubereats.com/san-diego/food-delivery/wing-squad-carlsbad/5QdGFwx4R9yYvfshtKGu7w,cardiff-by-the-sea-california
https://www.ubereats.com/san-diego/food-delivery/luna-grill-la-costa/tfycobz6Q06TugK6lwDDpA,cardiff-by-the-sea-california
https://www.ubereats.com/san-diego/food-delivery/leucadia-pizzeria-rancho-santa-fe/lcU6BZmgRHmf1LNC8fmyBw,cardiff-by-the-sea-california
https://www.ubereats.com/san-diego/food-delivery/ruths-chris-steak-house-11582-el-camino-real/knC0OT9VTv6IesU4CvydVA,cardiff-by-the-sea-california
https://www.ubereats.com/san-diego/food-delivery/juice-right-solano-beach/yEoQy3kXRfO2xVo155qTPQ,cardiff-by-the-sea-california
https://www.ubereats.com/san-diego/food-delivery/chins-la-costa/R0uAI6loTSuXZXgVWzU62Q,cardiff-by-the-sea-california
https://www.ubereats.com/san-diego/food-delivery/honey-baked-ham-encinitas/71OubUl_Q8aj8Eq3y0Im8w,cardiff-by-the-sea-california
https://www.ubereats.com/san-diego/food-delivery/tin-leaf-fresh-kitchen/PiSvEkJHTcKHRFLkErsICg,cardiff-by-the-sea-california
https://www.ubereats.com/san-diego/food-delivery/burger-lounge-del-mar/YeGPhtFvRUu2ee2VGUVXlQ,cardiff-by-the-sea-california
https://www.ubereats.com/san-diego/food-delivery/pza-carlsbad/bj0xQ8p2SRKnIJvpsAeLYA,cardiff-by-the-sea-california
https://www.ubereats.com/san-diego/food-delivery/robertos-mexican-food-encinitas/fnVfHYdnTgigAGizPd3juA,cardiff-by-the-sea-california
https://www.ubereats.com/san-diego/food-delivery/robertos-mexican-food/ncS0sp9KQwuQDGuQ6xb0pA,cardiff-by-the-sea-california
https://www.ubereats.com/san-diego/food-delivery/starbucks-7130-avenida-encinas-ste-102/ChNDzjnGQJuK8d8WvB98eA,cardiff-by-the-sea-california
https://www.ubereats.com/san-diego/food-delivery/jersey-mikes-subs-encinitas-1070-n-el-camino-real/DWKCZssTR42dD2roAxHOYw,cardiff-by-the-sea-california
https://www.ubereats.com/san-diego/food-delivery/annies-sushi-%26-deli/m1Ya5ci3Ra6Ay7lWdukS-Q,cardiff-by-the-sea-california
https://www.ubereats.com/san-diego/food-delivery/stratford-court-cafe/VEaTwH8rQ42DAXf9NOTHLA,cardiff-by-the-sea-california
https://www.ubereats.com/san-diego/food-delivery/mangia-mangia-mobile/705RCPLeSk6cul9stwbk4g,cardiff-by-the-sea-california
https://www.ubereats.com/san-diego/food-delivery/yogurt-101/rTFk3I9HS-SiKtefeOH3qg,cardiff-by-the-sea-california
https://www.ubereats.com/san-diego/food-delivery/curry-craft/KbWE1sjORRy0TAzOiuitfA,cardiff-by-the-sea-california
https://www.ubereats.com/san-diego/food-delivery/tacobout-breakfast/zkUtAd3jSZCQpzQlqlrwMQ,cardiff-by-the-sea-california
https://www.ubereats.com/san-diego/food-delivery/kotija-jr-del-mar/0AQainQuTVWu7OIAFk4Tow,cardiff-by-the-sea-california
https://www.ubereats.com/san-diego/food-delivery/rubios-252-n-el-camino-real/bLG8oRtVQ6eSzTfHJUN-6w,cardiff-by-the-sea-california
https://www.ubereats.com/san-diego/food-delivery/chicks-natural/x6fgZIvRTom-29Qhqbkb2A,cardiff-by-the-sea-california
https://www.ubereats.com/san-diego/food-delivery/panda-express-3525-del-mar-heights-rd/eVDFOZwBQqCW3g2sUZKnwg,cardiff-by-the-sea-california
https://www.ubereats.com/san-diego/food-delivery/qero-restaurant/UWrg8wmsSXuXB-aqew7ROQ,cardiff-by-the-sea-california
https://www.ubereats.com/san-diego/food-delivery/corner-bakery-carlsbad/kDxUCog9QyCTHUfVS3B8kQ,cardiff-by-the-sea-california
https://www.ubereats.com/san-diego/food-delivery/parakeet-cafe-little-italy/XkzjjydLRmyX95ilalUpAQ,cardiff-by-the-sea-california
https://www.ubereats.com/san-diego/food-delivery/philz-coffee-12873-el-camino-real-suite-m1/6HOU-Z8kS1CQcfzACsAEIA,cardiff-by-the-sea-california
https://www.ubereats.com/san-diego/food-delivery/leucadia-pizzeria-encinitas/hamf6QSSSD2drA-t3MAxEw,cardiff-by-the-sea-california
https://www.ubereats.com/san-diego/food-delivery/getn-go-donuts/Zlpsq-AZSmaphi7Bu3aMLQ,cardiff-by-the-sea-california
https://www.ubereats.com/san-diego/food-delivery/tabu-sushi-bar-%26-grill-del-mar/ul4jcJdJS2i3yxM5O0b9QA,cardiff-by-the-sea-california
https://www.ubereats.com/san-diego/food-delivery/ramen-factory/fO_-N-4cSvOWQGNSDaJiyg,cardiff-by-the-sea-california
https://www.ubereats.com/san-diego/food-delivery/yamariki-sushi/tdM_iWmXRGmkxQoYwi_Nng,cardiff-by-the-sea-california
https://www.ubereats.com/san-diego/food-delivery/panda-express-689-lomas-santa-fe-dr/E6pa3y3zRXumsUI0ZbsG8w,cardiff-by-the-sea-california
https://www.ubereats.com/san-diego/food-delivery/elizabethan-desserts/dvwvoESWT6yH_Pul5abzhg,cardiff-by-the-sea-california
https://www.ubereats.com/san-diego/food-delivery/del-mar-rendezvous/cGhS9EqwSPaB3l-lgcMACA,cardiff-by-the-sea-california
https://www.ubereats.com/san-diego/food-delivery/thai-pasta/n8Q-omMAR0WkcpZuEdyuNA,cardiff-by-the-sea-california
https://www.ubereats.com/san-diego/food-delivery/togos-6943-el-camino-real-carlsbad-ca/8f_fqp_gRlGJLJQ5wwqvRg,cardiff-by-the-sea-california
https://www.ubereats.com/san-diego/food-delivery/seasurf-fish-co/xmJE4p1mSlKVdrKQ_1c0Yg,cardiff-by-the-sea-california
https://www.ubereats.com/san-diego/food-delivery/vigiluccis-trattoria/JbEaW8S5Sh2oYyNMj7rsQw,cardiff-by-the-sea-california
https://www.ubereats.com/san-diego/food-delivery/tandoori-palace/trs9uiKYSRa_WP5kuI6ehw,cardiff-by-the-sea-california
https://www.ubereats.com/san-diego/food-delivery/jersey-mikes-subs-7625-via-campanile/4Zz22toCQ6-lqiI7KXGuAA,cardiff-by-the-sea-california
https://www.ubereats.com/san-diego/food-delivery/pick-up-stix-bressi-ranch/GcjZ_u4tQ9aKB2sIsdncEw,cardiff-by-the-sea-california
https://www.ubereats.com/san-diego/food-delivery/swamis-cafe-encinitas-inland/Vtdf7099QTOcpD8jfneYOQ,cardiff-by-the-sea-california
https://www.ubereats.com/san-diego/food-delivery/hooked-on-sushi/d6gmO0ZSRGOmjmBwXKfGbw,cardiff-by-the-sea-california
https://www.ubereats.com/san-diego/food-delivery/melt-101/BCHU5OV7SP2WToNEoE904w,cardiff-by-the-sea-california
https://www.ubereats.com/san-diego/food-delivery/bettys-pie-whole/dPDCNHJqTwiJ3v_lvQm6RA,cardiff-by-the-sea-california
https://www.ubereats.com/san-diego/food-delivery/brueggers/O3A5F5ZrR7CwvQThEw-D9A,cardiff-by-the-sea-california
https://www.ubereats.com/san-diego/food-delivery/potato-shack-cafe/_qbs1BMnQ968ILBHAuRAdg,cardiff-by-the-sea-california
https://www.ubereats.com/san-diego/food-delivery/luna-grill-encinitas/1_rk2RcsRxOCsIfi13VFnw,cardiff-by-the-sea-california
https://www.ubereats.com/san-diego/food-delivery/cotijas-taco-shop/rZFVqrrGTOqFnZjA3n9-Lw,cardiff-by-the-sea-california
https://www.ubereats.com/san-diego/food-delivery/jamba-689-lomas-santa-fe-dr-ste-d/oTfyGw2zRb69RFCBHBz3yQ,cardiff-by-the-sea-california
https://www.ubereats.com/san-diego/food-delivery/jack-in-the-box-1439-encinitas-blvd/nQKyfYhzSa-zHMoSHie_Fw,cardiff-by-the-sea-california
https://www.ubereats.com/san-diego/food-delivery/kis-restaurant/hNvVEO3yT_u_bCfNhGyEJw,cardiff-by-the-sea-california
https://www.ubereats.com/san-diego/food-delivery/encinitas-fish-shop/wWtJVM1FSduC2mqWoJ586Q,cardiff-by-the-sea-california
https://www.ubereats.com/san-diego/food-delivery/california-pizza-kitchen-437-s-highway-101/XWoxBOiAQfCkohuLiyT-NA,cardiff-by-the-sea-california
https://www.ubereats.com/san-diego/food-delivery/blaze-pizza-127-n-el-camino-real/bA-mX2-NScmyDd_Ab35epQ,cardiff-by-the-sea-california
https://www.ubereats.com/san-diego/food-delivery/rubios-3545-del-mar-heights-road/nGBonIhxT3a3rNdGhIYc_A,cardiff-by-the-sea-california
https://www.ubereats.com/san-diego/food-delivery/oggis-sports-i-brewhouse-i-pizza/lG2yy2zqREyVIYETzfh85Q,cardiff-by-the-sea-california
https://www.ubereats.com/san-diego/food-delivery/maderos/vE293MPKRg63SnTRqnbqOg,cardiff-by-the-sea-california
https://www.ubereats.com/san-diego/food-delivery/philz-coffee-1060-south-coast-highway-101/n0P1xwtlQYCF-p8ppiTOdw,cardiff-by-the-sea-california
https://www.ubereats.com/san-diego/food-delivery/broken-yolk-cafe-del-mar/3Xr7VukxQDC3Wl3G2AYQmg,cardiff-by-the-sea-california
https://www.ubereats.com/san-diego/food-delivery/schooner-station-pizzeria/Vj38-hEwSneQnFX5jAC05Q,cardiff-by-the-sea-california
https://www.ubereats.com/san-diego/food-delivery/sushiya-del-mar/7nx4kEm1SWKWsqzQ0xfvlw,cardiff-by-the-sea-california
https://www.ubereats.com/san-diego/food-delivery/five-guys-ca-0557-130-n-el-camino-real/DlZJAVaJTMeOjNDOtfZ3yQ,cardiff-by-the-sea-california
https://www.ubereats.com/san-diego/food-delivery/cedar-grill-and-cafe/K8nuFknhT8Sb1UtHvaTXtA,cardiff-by-the-sea-california
https://www.ubereats.com/san-diego/food-delivery/pillbox-tavern/DOrcVXBoQraotlhWy0Kgmg,cardiff-by-the-sea-california
https://www.ubereats.com/san-diego/food-delivery/pressed-juicery-carlsbad/hdgC6LPQQymCQdmk-V7YsQ,cardiff-by-the-sea-california
https://www.ubereats.com/san-diego/food-delivery/thai-society/h-b_ghAKQRGKqlSxChGKHA,cardiff-by-the-sea-california
https://www.ubereats.com/san-diego/food-delivery/the-ice-cream-shop/vrRelhf9RJWMUUE76q6Y6A,cardiff-by-the-sea-california
https://www.ubereats.com/san-diego/food-delivery/harvest-ranch-rancho-santa-fe/_b6-IuzDRkiAVmP1uLl7XA,cardiff-by-the-sea-california
https://www.ubereats.com/san-diego/food-delivery/the-broken-yolk-cafe-la-costa/eeGP1yw_Q6O0ArrF_hlJXw,cardiff-by-the-sea-california
https://www.ubereats.com/san-diego/food-delivery/beaming-del-mar/quymqnYqSbWAfjr8_ODl9w,cardiff-by-the-sea-california
https://www.ubereats.com/san-diego/food-delivery/rubios-437-s-hwy-101/xbA4jgGjTlu3f8sAH4SyOQ,cardiff-by-the-sea-california
https://www.ubereats.com/san-diego/food-delivery/chart-house-2588-south-coast-hwy-101/LXnpOJTGS2-aGQbRY4x5Vw,cardiff-by-the-sea-california
https://www.ubereats.com/san-diego/food-delivery/the-kebab-shop-encinitas/xRbYfy1nTGCfT_oQ5uEhCw,cardiff-by-the-sea-california
https://www.ubereats.com/san-diego/food-delivery/el-pollo-loco-1002-n-el-camino-real3431/h7y6lHmkShqX0hlwG2lQpw,cardiff-by-the-sea-california
https://www.ubereats.com/san-diego/food-delivery/the-habit-burger-grill-1446-encinitas-blvd/zkdibGV4T5eRrT1wwCMRkA,cardiff-by-the-sea-california
https://www.ubereats.com/san-diego/food-delivery/serranos-mexican-food/UnZISSksTOaT2ixMcco7jA,cardiff-by-the-sea-california
https://www.ubereats.com/san-diego/food-delivery/california-native/y-bcTuIYSmmX3Kj41HPyCA,cardiff-by-the-sea-california
https://www.ubereats.com/san-diego/food-delivery/shanes-pizza-and-pints/jk665o2iQk-vIYKFsKtxxg,cardiff-by-the-sea-california
https://www.ubereats.com/san-diego/food-delivery/buffalo-wild-wings-1068-n-el-camino-real/_iOdyQVFSGi3BEG2CljuBQ,cardiff-by-the-sea-california
https://www.ubereats.com/san-diego/food-delivery/rubys-diner-carlsbad/1D7hjCZLRjOg63SSB2DO_A,cardiff-by-the-sea-california
https://www.ubereats.com/san-diego/food-delivery/plum-encinitas/H-t-SIZuS_2uOozkKwL0dA,cardiff-by-the-sea-california
https://www.ubereats.com/san-diego/food-delivery/mizukiyama-sushi/x2ORgmosSKm0VBZQntEQYg,cardiff-by-the-sea-california
https://www.ubereats.com/san-diego/food-delivery/burritos-locos-del-mar/4o8OmOv_SxOOcCnGzeXHRA,cardiff-by-the-sea-california
https://www.ubereats.com/san-diego/food-delivery/luna-grill-bressi-ranch/-jaRosp7R-Chm4BtKJKTaQ,cardiff-by-the-sea-california
https://www.ubereats.com/san-diego/food-delivery/elixir-juice-and-food/arp49YOKSH-qQWwHzLrhNg,cardiff-by-the-sea-california
https://www.ubereats.com/san-diego/food-delivery/tomoyama-sushi/f5-8wrShRP26NplFbJYi3g,cardiff-by-the-sea-california
https://www.ubereats.com/san-diego/food-delivery/cava-1010-n-el-camino-real/0t6PJaAvRvmEaforWnYXWw,cardiff-by-the-sea-california
https://www.ubereats.com/san-diego/food-delivery/chipotle-mexican-grill-268-n-el-camino-real/fBql0E0NSbi8kfJgRZKq0A,cardiff-by-the-sea-california
https://www.ubereats.com/san-diego/food-delivery/panda-express-1084-n-el-camino-real/y38N9KbTR5mrBSn2kUSKXQ,cardiff-by-the-sea-california
https://www.ubereats.com/san-diego/food-delivery/sweetfin-del-mar-one-paseo/29AIbWpuReqAJbaH6lDFPQ,cardiff-by-the-sea-california
https://www.ubereats.com/san-diego/food-delivery/benihana-755-raintree-drive-suite-100/1nGkTiDtTeaSBq6O0yjo0Q,cardiff-by-the-sea-california
https://www.ubereats.com/san-diego/food-delivery/international-smoke/e8udvSqoQ1ab05JHiAxi_w,cardiff-by-the-sea-california
https://www.ubereats.com/san-diego/food-delivery/shake-shack-3705-paseo-place/YEUq9uvkRWOSjPl4YpkVMw,cardiff-by-the-sea-california
https://www.ubereats.com/san-diego/food-delivery/the-habit-burger-grill-7610-via-campanile-suite-140/O6cim5y7R_-QcOp6PjBWcQ,cardiff-by-the-sea-california
https://www.ubereats.com/san-diego/food-delivery/one2go-thai/RQMN4gq_SI-bZc0Bcvj_cQ,cardiff-by-the-sea-california
https://www.ubereats.com/san-diego/food-delivery/sushi-lounge-encinitas/CObt8TNSSRCj-_djNZKt7Q,cardiff-by-the-sea-california
https://www.ubereats.com/san-diego/food-delivery/jamba-juice-2505-palomar-airport-rd-ste-101/arsVeXRJQ9qnv-GMEvnr1A,cardiff-by-the-sea-california
https://www.ubereats.com/san-diego/food-delivery/dennys-2203-via-de-la-valle/Dr49Nw1STAmWqjmPhNbFEQ,cardiff-by-the-sea-california
https://www.ubereats.com/san-diego/food-delivery/miltons/WqpWjHkNSmCP102gaEivsg,cardiff-by-the-sea-california
https://www.ubereats.com/san-diego/food-delivery/the-cravory-cookies-carlsbad/ZXKyMxQMQtGNLc4ufWkhSw,cardiff-by-the-sea-california
https://www.ubereats.com/san-diego/food-delivery/pho-ever-encinitas/WRW2oTmsR0qNexST_GwKfA,cardiff-by-the-sea-california
https://www.ubereats.com/san-diego/food-delivery/robertos-taco-shop-solana-beach/rXHg5BjJTuuEs_TU5iWsHA,cardiff-by-the-sea-california
https://www.ubereats.com/san-diego/food-delivery/poki-poki/182Ucb0rQ62d_tYs8RKT0g,cardiff-by-the-sea-california
https://www.ubereats.com/san-diego/food-delivery/haagen-dazs-5620-paseo-de-norte-%23120c/yc7t_x_lRnymvN8oI0TU8A,cardiff-by-the-sea-california
