url,city
https://www.ubereats.com/san-diego/food-delivery/10-barrel-san-diego/T_W-tU8TT6GEdtL4y7dnIQ,chula-vista-california
https://www.ubereats.com/san-diego/food-delivery/starbucks-635-saturn-blvd-ste-b/BbkpXOTcQcibiTKmy3BtFA,chula-vista-california
https://www.ubereats.com/san-diego/food-delivery/menchies-frozen-yogurt-2471-jamacha-road/uT3RlWELRwisJotpedCD5g,chula-vista-california
https://www.ubereats.com/san-diego/food-delivery/wienerschnitzel-4530-el-cajon-blvd/ENdWb1pTQjWJ5rHq1EH_Xw,chula-vista-california
https://www.ubereats.com/san-diego/food-delivery/la-catrina-tapas-%26-cantina/la8RkWqPS3qKB3AeP571IA,chula-vista-california
https://www.ubereats.com/san-diego/food-delivery/los-primos-san-miguel-ranch-%2322/KvOiPJI4Qxil533xBrFQpw,chula-vista-california
https://www.ubereats.com/san-diego/food-delivery/don-roman-taco-shop/zSUMcBcySC6Qv9htwG-9Lw,chula-vista-california
https://www.ubereats.com/san-diego/food-delivery/kingshawarma/3LWa8pJ4Q7-YMajzQMcQJA,chula-vista-california
https://www.ubereats.com/san-diego/food-delivery/culichi-dogs/KhskS89NSRmm3Z6Io5BqIA,chula-vista-california
https://www.ubereats.com/san-diego/food-delivery/el-sabroso-taco-shop/UahMdRAjRcyL-lubYkTX5g,chula-vista-california
https://www.ubereats.com/san-diego/food-delivery/cotixan-mexican-food-terra-nova/IvaVI2a0SmSjo5YbJ3OGmQ,chula-vista-california
https://www.ubereats.com/san-diego/food-delivery/bullchicks/ixSIGBjXS0eBib3mfLlNtg,chula-vista-california
https://www.ubereats.com/san-diego/food-delivery/gk-grill-mongolian-taste/csWAgtArRSKnztrin_hmxQ,chula-vista-california
https://www.ubereats.com/san-diego/food-delivery/rubios-555-broadway-st/PBUUMN0gTJuPH6f4YJQw4w,chula-vista-california
https://www.ubereats.com/san-diego/food-delivery/saranya/oTfNIomLR_G3Noig1UMDdA,chula-vista-california
https://www.ubereats.com/san-diego/food-delivery/ika-sushi/ipQ8qikIS--OBOHYMfOa5Q,chula-vista-california
https://www.ubereats.com/san-diego/food-delivery/senor-pancho/aXSaLvEZR66G85S5LGXswg,chula-vista-california
https://www.ubereats.com/san-diego/food-delivery/el-pollo-grill-bonita/D-60ITDWR9GPsCE88pKnng,chula-vista-california
https://www.ubereats.com/san-diego/food-delivery/pizzeria-el-jefe/C-G8IGHnSIiOPzidVwfsNg,chula-vista-california
https://www.ubereats.com/san-diego/food-delivery/el-tapatio-restaurant/9u_MlDCvQBifxuV70ik3ng,chula-vista-california
https://www.ubereats.com/san-diego/food-delivery/sombrero-mexican-food-imperial-beach/c9dn4S7SSxuC328lVQkyyA,chula-vista-california
https://www.ubereats.com/san-diego/food-delivery/subway-374-e-h-st-ste-1707/gJ0Yfex3Ru-IGSAl3lXo4Q,chula-vista-california
https://www.ubereats.com/san-diego/food-delivery/project-juice-hillcrest/qi80vVaZTOuuyNxQIVzKeg,chula-vista-california
https://www.ubereats.com/san-diego/food-delivery/popeyes-3295-palm-ave/Cokqay_yS-KqJWGhwkG8Kw,chula-vista-california
https://www.ubereats.com/san-diego/food-delivery/starbucks-3047-bonita-road-108/VV5Yo0I-RI-4Z2DW_5wd-w,chula-vista-california
https://www.ubereats.com/san-diego/food-delivery/mcdonalds-1670-millenia-avenue/916OaOQgTju6SMfja9otJA,chula-vista-california
https://www.ubereats.com/san-diego/food-delivery/subway-263-e-orange-ave-%23-4/a64J9vVpQ7ywIJoFZBJfVg,chula-vista-california
https://www.ubereats.com/san-diego/food-delivery/arbys-2244-otay-lakes-road/J36d4Y-WQ7WDqJ56dr5n1g,chula-vista-california
https://www.ubereats.com/san-diego/food-delivery/subway-1555-palm-ave-ste-g/7nQvMSeBRgGE8t8yOUPMSQ,chula-vista-california
https://www.ubereats.com/san-diego/food-delivery/taqueria-revolucion-birch-rd/FaL9LRL6Tj-thKmL_LxDyA,chula-vista-california
https://www.ubereats.com/san-diego/food-delivery/burger-king-1220-south-28th-street/Pn8enUJHTdCCjiBBxIP5zg,chula-vista-california
https://www.ubereats.com/san-diego/food-delivery/baja-giant-pizza/sRf8F_fqRsWRrdQHg25lNg,chula-vista-california
https://www.ubereats.com/san-diego/food-delivery/refill-cafe/Pzv8iD1KT4WuAmbdiiLvFA,chula-vista-california
https://www.ubereats.com/san-diego/food-delivery/mikes-giant-newyork-pizza-2/amFRMkvbTmWMjl8Zes6OzA,chula-vista-california
https://www.ubereats.com/san-diego/food-delivery/chipotle-mexican-grill-569-h-st/0bvLxv29R1i4bwoIuuz86w,chula-vista-california
https://www.ubereats.com/san-diego/food-delivery/canada-steak-burger/pOf5yp-oQNmD_s_oJvShSw,chula-vista-california
https://www.ubereats.com/san-diego/food-delivery/da-south-in-ya-mouth/FOsKH_XxT5m-cOEgtfV1KA,chula-vista-california
https://www.ubereats.com/san-diego/food-delivery/bambinos-pizza-chula-vista/2bKWju8NSXK7Ibpa2dXglw,chula-vista-california
https://www.ubereats.com/san-diego/food-delivery/dickeys-bbq-pit-jamacha-rd-%26-campo-rd/quENKf8PTSO3ag7LaY3RLw,chula-vista-california
https://www.ubereats.com/san-diego/food-delivery/shake-shack-2008-india-st/09jd9rvyQWOVQDlvFrg_iA,chula-vista-california
https://www.ubereats.com/san-diego/food-delivery/del-taco-2804-main-st/zli80rGNRjqK_jScEDSJoQ,chula-vista-california
https://www.ubereats.com/san-diego/food-delivery/bento-%26-noodles-east-lake/kf_Up1eATUOq9XnxgOoOJQ,chula-vista-california
https://www.ubereats.com/san-diego/food-delivery/los-reyes/Wx-drHwfR5SXnU5rzJwEhw,chula-vista-california
https://www.ubereats.com/san-diego/food-delivery/red-house-kitchen/_Dxny82aSOSVX-gdkK-AmA,chula-vista-california
https://www.ubereats.com/san-diego/food-delivery/family-meals-by-simons/laDV_13jTne3LrDnyEaSyQ,chula-vista-california
https://www.ubereats.com/san-diego/food-delivery/d-volada-cafe-%26-smoothies/x7jIujCtTC2h2Htu1VIywg,chula-vista-california
https://www.ubereats.com/san-diego/food-delivery/la-central-urban-grill/pIMMbTdsR9C41pFoe1GHnQ,chula-vista-california
https://www.ubereats.com/san-diego/food-delivery/churchs-chicken-3040-east-8th-street/xQJBfLKbQaGy-w185xGDOg,chula-vista-california
https://www.ubereats.com/san-diego/food-delivery/jamba-555-broadway-ste-135/Sq2dPNt6SgqCVMftxLhbvA,chula-vista-california
https://www.ubereats.com/san-diego/food-delivery/tabu-sushi-bar-%26-grill-rancho/gSe8aRRORuKO80XOiKvwvg,chula-vista-california
https://www.ubereats.com/san-diego/food-delivery/isola-pizza-bar/qTxpEt4AQPef8hiclG0oFw,chula-vista-california
https://www.ubereats.com/san-diego/food-delivery/jack-in-the-box-370-e-h-st/3NZnECTTT4epVKpUCtiMxg,chula-vista-california
https://www.ubereats.com/san-diego/food-delivery/kfc-461-3rd-ave/hA7BSs4dRc-4GzzLUmfP9w,chula-vista-california
https://www.ubereats.com/san-diego/food-delivery/the-greens-on-palm/vXB13J9bSNqtOTsjSY4UzA,chula-vista-california
https://www.ubereats.com/san-diego/food-delivery/starbucks-5030-bonita-rd-ste-a/Ghlh-iXuTCiHrLnBMx2E1g,chula-vista-california
https://www.ubereats.com/san-diego/food-delivery/ny-pizzeria-chula-vista/ElIO8GUMQjyJn_fVZwhzVg,chula-vista-california
https://www.ubereats.com/san-diego/food-delivery/jamba-1451-east-h-st/mfhCoOwOSN6PQ_w4gU6ITg,chula-vista-california
https://www.ubereats.com/san-diego/food-delivery/birreria-negro-durazo/x2xgl9uWQsy_K3Zab6zGzw,chula-vista-california
https://www.ubereats.com/san-diego/food-delivery/dunkin-2139-e-plaza-blvd/MIl_F6twTmW74K5eAvMAbw,chula-vista-california
https://www.ubereats.com/san-diego/food-delivery/dennys-2110-birch-rd/qQb41zYlS5WskdguVazofw,chula-vista-california
https://www.ubereats.com/san-diego/food-delivery/mcdonalds-1280-12th-st/RV3CagyxQ5iK5LAqG6yiqA,chula-vista-california
https://www.ubereats.com/san-diego/food-delivery/churros-el-tigre/gzgUuxTyRc28iigOPfbM8w,chula-vista-california
https://www.ubereats.com/san-diego/food-delivery/circus-man-yummy-ice-cream/VD4cMiK-RmWQlfSf5k2fiQ,chula-vista-california
https://www.ubereats.com/san-diego/food-delivery/wings-empire-h-st/9ejU7LMgSVSpFxviOEbwHg,chula-vista-california
https://www.ubereats.com/san-diego/food-delivery/mongus-grill/sjcAr9NVQn60cBwRlOrKtQ,chula-vista-california
https://www.ubereats.com/san-diego/food-delivery/the-ice-cream-shop/qP60NC7qQMebHNNTgSWgiA,chula-vista-california
https://www.ubereats.com/san-diego/food-delivery/cold-stone-creamery-2295-otay-lakes/sBTX_23vROiylhsZNArfGg,chula-vista-california
https://www.ubereats.com/san-diego/food-delivery/shotcaller-street-soul-food/qSMIp8_rSgqdWb4pR8nhJg,chula-vista-california
https://www.ubereats.com/san-diego/food-delivery/los-burritos/59PmGaooTPiT_7SA2RPsHw,chula-vista-california
https://www.ubereats.com/san-diego/food-delivery/kfc-1361-medical-center-dr/lHznYnc9QMKbRcThGP2hcw,chula-vista-california
https://www.ubereats.com/san-diego/food-delivery/united-pizza-%231-chula-vista/8qW7PO5sT56gMX0b_fDKwA,chula-vista-california
https://www.ubereats.com/san-diego/food-delivery/la-taqueria-tijuana/xsoOW8uFS-6BuHERBdZBHA,chula-vista-california
https://www.ubereats.com/san-diego/food-delivery/papa-johns-1085-3rd-ave/977vFZdWRa6crPYOs6fSrQ,chula-vista-california
https://www.ubereats.com/san-diego/food-delivery/jack-in-the-box-3138-e-plaza-blvd/cXIaY6zoRYaf4CQXFPdqjg,chula-vista-california
https://www.ubereats.com/san-diego/food-delivery/hot-dog-on-a-stick-2015-birch-rd/fQ0CLmW1Rs6rsmWEOwNz-w,chula-vista-california
https://www.ubereats.com/san-diego/food-delivery/jack-in-the-box-5-n-4th-ave/hJ2-omYiSfCcSaxLYhvoYQ,chula-vista-california
https://www.ubereats.com/san-diego/food-delivery/tacos-y-tortas-ahogadas-el-tio-pepe/lGnlr4y6TjO8sdPLp9bbyw,chula-vista-california
https://www.ubereats.com/san-diego/food-delivery/izakaya-naruto/GBbfbWZsT-GpBgw9iKg2Sw,chula-vista-california
https://www.ubereats.com/san-diego/food-delivery/negro-durazo-restaurant/3xzQt-JNQTSZVZfsgWIxEw,chula-vista-california
https://www.ubereats.com/san-diego/food-delivery/luna-grill-eastlake/TBGy-iZJScWVio-5_6RBxg,chula-vista-california
https://www.ubereats.com/san-diego/food-delivery/fresheria-bonita/qZTyYE9ARUCKz4HBfPoXmw,chula-vista-california
https://www.ubereats.com/san-diego/food-delivery/dennys-130-calle-primera/q0Bp0TNVRH-6iy9LJpwBUg,chula-vista-california
https://www.ubereats.com/san-diego/food-delivery/red-lobster-598-h-street/WhLSBghNSFu2GfwMBWYRfw,chula-vista-california
https://www.ubereats.com/san-diego/food-delivery/the-ice-cream-shop/WNTTt_8FS7S5vqLAW2HyVQ,chula-vista-california
https://www.ubereats.com/san-diego/food-delivery/mcdonalds-3400-highland-ave/7Cpyk5AkTuCMZ_EWs3WnAQ,chula-vista-california
https://www.ubereats.com/san-diego/food-delivery/jersey-mikes-subs-404-mile-of-cars-way/Yh0gdjeOTtiYg4tRGRGZ5g,chula-vista-california
https://www.ubereats.com/san-diego/food-delivery/panda-chef/Drr9ECrmRwWhXMIBBlU3xw,chula-vista-california
https://www.ubereats.com/san-diego/food-delivery/ihop-1430-e-plaza-blvd/MbN4K3tKRBaTDp0x22Zo0Q,chula-vista-california
https://www.ubereats.com/san-diego/food-delivery/house-of-smoothies/VPgfBYKiQfiLajqcqcEsHg,chula-vista-california
https://www.ubereats.com/san-diego/food-delivery/calypso-cafe/UV1lZB-7Tymoibf6gD6gGA,chula-vista-california
https://www.ubereats.com/san-diego/food-delivery/chick-fil-a-2089-olympic-pkwy/bX4uMOtYQASsk8YY8eF3cA,chula-vista-california
https://www.ubereats.com/san-diego/food-delivery/rallys-8667-jamacha-road/v2Re7hkpTxSeGrDQTlh32w,chula-vista-california
https://www.ubereats.com/san-diego/food-delivery/mariscos-hergon/gAKKzqALQyeLremA8fVyqQ,chula-vista-california
https://www.ubereats.com/san-diego/food-delivery/ihop-1206-broadway/EYuBEEKxRTC_cV4XClxtKg,chula-vista-california
https://www.ubereats.com/san-diego/food-delivery/kfc-4380-palm-ave/yGNNs5UWR9y5YtT2pc8GzQ,chula-vista-california
https://www.ubereats.com/san-diego/food-delivery/tajima-east-village/F7W0gz-ERe2tQP_T5LaWDA,chula-vista-california
https://www.ubereats.com/san-diego/food-delivery/kaiyo-sushi/BIXIxcG8RNuy-IeGgoJ6oA,chula-vista-california
https://www.ubereats.com/san-diego/food-delivery/the-buffalo-spot-national-city/0HCsYKFyT-q-RvWdcJ8g9Q,chula-vista-california
https://www.ubereats.com/san-diego/food-delivery/tropical-oasis-san-diego/EYWmt_stQIel8pl1OMeI1w,chula-vista-california
https://www.ubereats.com/san-diego/food-delivery/starbucks-1610-millenia-ave-101/QaxMcUdtQ4ednfFGN4PKsQ,chula-vista-california
https://www.ubereats.com/san-diego/food-delivery/legendary-mcdinis/LIdrkjbuS4edhJj8dSBZYQ,chula-vista-california
https://www.ubereats.com/san-diego/food-delivery/mauricios-%233/glugIck_T6SEISnhknkI4Q,chula-vista-california
https://www.ubereats.com/san-diego/food-delivery/birrieria-negro-durazo-broadway/HZ1F5xO6RDiEldHZYs3Ftw,chula-vista-california
https://www.ubereats.com/san-diego/food-delivery/buckaroo-foot-long-tortas/w_U-SR7fTruFWOLr-RYdaA,chula-vista-california
https://www.ubereats.com/san-diego/food-delivery/zappy-pizza/ZTLpopc6Tom7qJuA17ff5w,chula-vista-california
https://www.ubereats.com/san-diego/food-delivery/grill-house/X_fJV_dCTmC6AQHJR-o53Q,chula-vista-california
https://www.ubereats.com/san-diego/food-delivery/mi-pana-latin-american-cuisine/YBCMJCLoQu6SLcsipn1oQw,chula-vista-california
https://www.ubereats.com/san-diego/food-delivery/mcdonalds-687-east-palomar/IjjoG7KNTCikUjEweG0wug,chula-vista-california
https://www.ubereats.com/san-diego/food-delivery/daphnes-california-greek-chula-vista/jfDlD-rqQYK2aM9CmHgRlQ,chula-vista-california
https://www.ubereats.com/san-diego/food-delivery/yo-yos-frozen-yogurt/kR999yZRTO-j30rrUqUEQA,chula-vista-california
https://www.ubereats.com/san-diego/food-delivery/dennys-4365-university-ave/JOUnfWhTT0uHi5EiGeT7Uw,chula-vista-california
https://www.ubereats.com/san-diego/food-delivery/tortas-oasis/Guv-XwdfTl-Zyo7id9DhyQ,chula-vista-california
https://www.ubereats.com/san-diego/food-delivery/rancho-giant-pizza/AF-rlRa0REGqmtrhyqXyuQ,chula-vista-california
https://www.ubereats.com/san-diego/food-delivery/crest-cafe-san-diego/wgdjAMupSLW-Gqy1yR2iGg,chula-vista-california
https://www.ubereats.com/san-diego/food-delivery/wings-empire-federal-blvd/iIkErDMmSjq2KFTP0c-1qw,chula-vista-california
https://www.ubereats.com/san-diego/food-delivery/el-pollo-loco-1305-third-ave3802/ox57L9PASj2xufXWykxwEw,chula-vista-california
https://www.ubereats.com/san-diego/food-delivery/el-pez-kitchen-%26-sushi/KfNJJRTxSMucliGQbUifEg,chula-vista-california
https://www.ubereats.com/san-diego/food-delivery/don-vargas-birrieria-y-menuderia/7rf2psVzQb6nb-cuwBckKA,chula-vista-california
https://www.ubereats.com/san-diego/food-delivery/yi-sushi-2/4zG9O_vqSB2pEEFczKVPag,chula-vista-california
https://www.ubereats.com/san-diego/food-delivery/chipotle-mexican-grill-404-mile-of-cars-way/H4SLAg0xRn2X-XkEY5341A,chula-vista-california
https://www.ubereats.com/san-diego/food-delivery/philhouse-national-city/WdPWrtUhTNafSYLBzVpTvw,chula-vista-california
https://www.ubereats.com/san-diego/food-delivery/bowlegged-bbq/B6d2qI3ITe-bIiVerjntTg,chula-vista-california
https://www.ubereats.com/san-diego/food-delivery/leos-kitchen/BvhUcaM0T1GhK9zhHWdc9g,chula-vista-california
https://www.ubereats.com/san-diego/food-delivery/kfc-5080-bonita-rd/vQWvJ3xDRbm-SpneR2DilQ,chula-vista-california
https://www.ubereats.com/san-diego/food-delivery/panda-express-2295-otay-lakes-rd/kqvKP4VbRrOSiP7LcwbUzw,chula-vista-california
https://www.ubereats.com/san-diego/food-delivery/el-cilantro-mexican-grill-imperial-beach/EWgYs7PuRnq8eo9LW544oQ,chula-vista-california
https://www.ubereats.com/san-diego/food-delivery/cali-comfort-bbq/ORMpW_5UTAiBJ-FFG5cf8g,chula-vista-california
https://www.ubereats.com/san-diego/food-delivery/eriks-fresh-grill/YK1RmamjThKZ2WyB7k7UOw,chula-vista-california
https://www.ubereats.com/san-diego/food-delivery/haciendita-mexican-bakery/AgyuVRZyTIWxU67MdyH_ag,chula-vista-california
https://www.ubereats.com/san-diego/food-delivery/sadaf/v_wWpfGFSpOp_OYO7t-MKg,chula-vista-california
https://www.ubereats.com/san-diego/food-delivery/hectors-mariscos-eastlake/WMpevlFbR22kjMwSBCHXjA,chula-vista-california
https://www.ubereats.com/san-diego/food-delivery/flemings-prime-steakhouse-%26-wine-bar-san-diego/mvGEzMk8RWW9K6DOuF21zw,chula-vista-california
https://www.ubereats.com/san-diego/food-delivery/rosaritos-taco-shop/gUdQhkk_Tp2w5QxohJwPZg,chula-vista-california
https://www.ubereats.com/san-diego/food-delivery/panchos-breakfast-chula-vista/paS0oW8YRIO0yb5pVN9xmg,chula-vista-california
https://www.ubereats.com/san-diego/food-delivery/goodies-bar-%26-grill/99lgCTiSRRCwFEhS_GWd1A,chula-vista-california
https://www.ubereats.com/san-diego/food-delivery/taco-bell-3195-market-st/rz53il8EQzC_B-wL55JIIw,chula-vista-california
https://www.ubereats.com/san-diego/food-delivery/de-kotija-taco-shop/61BiFndmT-yHxL_bX2ZLaw,chula-vista-california
https://www.ubereats.com/san-diego/food-delivery/rubios-1016-tierra-del-rey/fQWPXl8MSTyB25VrYTHuvA,chula-vista-california
https://www.ubereats.com/san-diego/food-delivery/fresheria-logan/UgigePk7QXOP7HzXcnUi-g,chula-vista-california
https://www.ubereats.com/san-diego/food-delivery/mcdonalds-2140-plaza-blvd/zN2dvqS2T4CHhXkZ3AA1Iw,chula-vista-california
https://www.ubereats.com/san-diego/food-delivery/guerrero-taco-shop-no-2/ThHxIqXRQd-viuaNWImCxg,chula-vista-california
https://www.ubereats.com/san-diego/food-delivery/babaz-grill/NBMJ5pEdSL6s7krkUeXTGg,chula-vista-california
https://www.ubereats.com/san-diego/food-delivery/dragon-express/dorfZsSISYOavco9SI7eYw,chula-vista-california
https://www.ubereats.com/san-diego/food-delivery/burger-king-899-east-h-street/z-AtvLxxRDSX0h3gpyLWKQ,chula-vista-california
https://www.ubereats.com/san-diego/food-delivery/mcdonalds-1288-broadway/2zVuZUARQymnPMEulHD-ow,chula-vista-california
https://www.ubereats.com/san-diego/food-delivery/burger-king-1200-highland-ave/Fr4AwWpGRs6LEZYCewZU3A,chula-vista-california
https://www.ubereats.com/san-diego/food-delivery/burros-%26-fries-taco-shop-plaza-bonita-rd/AFYSLja5SFK9SKcuyInY4A,chula-vista-california
https://www.ubereats.com/san-diego/food-delivery/el-super-national-city/FLY7CfSZTgGM1Bfh30h7Xg,chula-vista-california
https://www.ubereats.com/san-diego/food-delivery/ceviche-craft/xUojETcmQTuKxjOoPy1NJA,chula-vista-california
https://www.ubereats.com/san-diego/food-delivery/tapioca-express-4366-bonita-rd/38mcM-SnTzKheI5nVPKjvg,chula-vista-california
https://www.ubereats.com/san-diego/food-delivery/wing-squad-san-diego/LqvqkZgmRz2hoEDdhsIrMQ,chula-vista-california
https://www.ubereats.com/san-diego/food-delivery/tacos-el-paisa-jr/-w4ONbiNR_69Sw8Yi_CRsw,chula-vista-california
https://www.ubereats.com/san-diego/food-delivery/el-amigo-palm/94gJYzLuT8-ZdTuo9_XPUQ,chula-vista-california
https://www.ubereats.com/san-diego/food-delivery/chula-tacos/kPdNkRVmSOq3ZtR_UGtMRA,chula-vista-california
https://www.ubereats.com/san-diego/food-delivery/zoes-place-tacos-%26-seafood/6EEYk8ZVRJavz2yDCvUVhg,chula-vista-california
https://www.ubereats.com/san-diego/food-delivery/tuktan-thai-food/3O5fvJXOQqGdoV0LRPqnZA,chula-vista-california
https://www.ubereats.com/san-diego/food-delivery/otay-sushi-and-crab/Xf0q3PC2SeKrYOqMbq5Ocg,chula-vista-california
https://www.ubereats.com/san-diego/food-delivery/outback-steakhouse-2980-plaza-bonita/wLd8EnJqQCi3d6B-e2LkWw,chula-vista-california
https://www.ubereats.com/san-diego/food-delivery/mcdonalds-6925-paradise-valley-rd/V5Fzdw69QK6VlPBtzYM8HQ,chula-vista-california
https://www.ubereats.com/san-diego/food-delivery/hollywood-market-and-pizza/v900_uraT-OIL5UkUF-5tQ,chula-vista-california
https://www.ubereats.com/san-diego/food-delivery/all-stars-sports-bar-and-grill/GfHQO3oLTyizdRyQ0OwinA,chula-vista-california
https://www.ubereats.com/san-diego/food-delivery/ranchwood-bbq-%26-catering/lxzNoOb7RQGXrWviQ1Etrg,chula-vista-california
https://www.ubereats.com/san-diego/food-delivery/wienerschnitzel-1825-highland-ave/xvEfDqfMQoS2e793lYNaCw,chula-vista-california
https://www.ubereats.com/san-diego/food-delivery/onos-cafe-sushi-and-asian-fusion-cuisine/gK8J8bEASQuxnOzFvYzt5A,chula-vista-california
https://www.ubereats.com/san-diego/food-delivery/tapioca-express-chula-vista/35BrHK1oQXSo9KR5g7JTlw,chula-vista-california
https://www.ubereats.com/san-diego/food-delivery/l%26l-hawaiian-bbq-2260-otay-lakes-rd-ste-105/GkuiVzaTQAKunNOQWygxqw,chula-vista-california
https://www.ubereats.com/san-diego/food-delivery/seafood-la-57/KOKhv8aFRqeHZzPMuG1GHw,chula-vista-california
https://www.ubereats.com/san-diego/food-delivery/pho-mai-cali-%26-grill/f_sFHYt5SjCS6hkvZoex9g,chula-vista-california
https://www.ubereats.com/san-diego/food-delivery/fat-belly-deli-%26-cafe/pQtBqywQRwOqWcjhLXDhjA,chula-vista-california
https://www.ubereats.com/san-diego/food-delivery/dennys-424-west-mile-of-cars/gRKF4plbRieOcvlQBAEOMg,chula-vista-california
https://www.ubereats.com/san-diego/food-delivery/krispy-kreme-otay-lakes-rd-%26-eastlake-pkwy/IOD0ArLdRc2dfW7xOE1_og,chula-vista-california
https://www.ubereats.com/san-diego/food-delivery/doggos-gus/TUGhznl4Sb2W9YVCtwlH5Q,chula-vista-california
https://www.ubereats.com/san-diego/food-delivery/subway-2015-birch-rd/XWElLN5xSMC23JVL9F4ctw,chula-vista-california
https://www.ubereats.com/san-diego/food-delivery/la-quinta-grill-mexican-restaurant-%26-bar/nu0HuiexQvKLm2W-_fgvaA,chula-vista-california
https://www.ubereats.com/san-diego/food-delivery/bad-ass-breakfast-burritos-san-diego/Xp_vg7QdRay0ZOF1nRMVnA,chula-vista-california
https://www.ubereats.com/san-diego/food-delivery/jack-in-the-box-1745-highland-ave/TvGg3mKkRJ6NCBd2VWQ7sw,chula-vista-california
https://www.ubereats.com/san-diego/food-delivery/the-ice-cream-shop/T0BL2XYOSSyU3UagisT4EQ,chula-vista-california
https://www.ubereats.com/san-diego/food-delivery/frutas-100%25-natural-broadway-parent/_eeARRo7Rw-VPC5BZN_evA,chula-vista-california
https://www.ubereats.com/san-diego/food-delivery/the-ice-cream-shop/sTsptCXsSRarfy3GUYbt4Q,chula-vista-california
https://www.ubereats.com/san-diego/food-delivery/citrina-berry-fresh/ByOdomW3T4W_mt_159MRlg,chula-vista-california
https://www.ubereats.com/san-diego/food-delivery/healthy-wiches-%26-wraps-and-roll/2AJHHvivQg6aGaad8oHRiw,chula-vista-california
https://www.ubereats.com/san-diego/food-delivery/romesco-mexiterranean-bistro/ozFRNaegTdCbrugAlNOq_A,chula-vista-california
https://www.ubereats.com/san-diego/food-delivery/3n1-sports-bar-%26-grill/GsB_Ry6ZTcG407_nsUqcAw,chula-vista-california
https://www.ubereats.com/san-diego/food-delivery/pavaraga-hawaiian-espresso-bar-2/lkYp3F5OSWWc4c5958iCqA,chula-vista-california
https://www.ubereats.com/san-diego/food-delivery/chipotle-mexican-grill-720-otay-lakes-rd/f93FSqUYR9uywUWVfRZ9rA,chula-vista-california
https://www.ubereats.com/san-diego/food-delivery/vaqueros-carne-asada-inc/4FtKPAg6R7KS-PQjz0BwZg,chula-vista-california
https://www.ubereats.com/san-diego/food-delivery/the-ice-cream-shop/mRqj6OobS--4S7durQN3KQ,chula-vista-california
https://www.ubereats.com/san-diego/food-delivery/donut-bar/wgx6nGXfRBafR6MHcdGxiQ,chula-vista-california
https://www.ubereats.com/san-diego/food-delivery/el-original-mariscos/i4ahTry_RNGgK9MQydMSDw,chula-vista-california
https://www.ubereats.com/san-diego/food-delivery/la-sinaloense-restaurant/UwShxoc1RQ-YVAQ8rdvaWA,chula-vista-california
https://www.ubereats.com/san-diego/food-delivery/mangia-italiano/KhhGbSBQQsaL_Xjj-nUcGA,chula-vista-california
https://www.ubereats.com/san-diego/food-delivery/tapioca-express-chula-vista-1-ca/w7S-Sk9QTB2g249J_mnqXA,chula-vista-california
https://www.ubereats.com/san-diego/food-delivery/the-ice-cream-shop/Ya_8znUJQOWtz3XqCpEicw,chula-vista-california
https://www.ubereats.com/san-diego/food-delivery/el-pollo-loco-666-h-st3335/icM6VtdGRaOwGic2o77APw,chula-vista-california
https://www.ubereats.com/san-diego/food-delivery/karinas-mexican-seafood/qhhNJDAoTuSssEcqBG8vsw,chula-vista-california
https://www.ubereats.com/san-diego/food-delivery/hooters-plaza-bonita-rd-%26-bonita-mesa-rd/-ZszQQReS9K9ADMkSDvkfg,chula-vista-california
https://www.ubereats.com/san-diego/food-delivery/la-enchilada/XCo2tzkGS42-SYEKpDBM5g,chula-vista-california
https://www.ubereats.com/san-diego/food-delivery/starbucks-4270-main-street/qNiUwXhDQMuLAHtyGdCCqA,chula-vista-california
https://www.ubereats.com/san-diego/food-delivery/foodtruck-sonora-steak-asdero/QVt9lsfUTTWD22o8eXf8ag,chula-vista-california
https://www.ubereats.com/san-diego/food-delivery/los-titos-mexican-food-euclid/xTRgqdyoQEeJDjDtimC4tA,chula-vista-california
https://www.ubereats.com/san-diego/food-delivery/cotijas-egger-highlands-san-diego-ca/L3ZU1143R7CsY6WwO5WjDw,chula-vista-california
https://www.ubereats.com/san-diego/food-delivery/cotijas-bonita-ca/qRiDQh5ITkW4bUrJknunAQ,chula-vista-california
https://www.ubereats.com/san-diego/food-delivery/kfc-taco-bell-8330-paradise-valley-rd/xrZl5YLYTXOzGtfbAeGlJw,chula-vista-california
https://www.ubereats.com/san-diego/food-delivery/mito-pho-%26-sushi/9ptYr7lhSa-EG9Pnl-3XdQ,chula-vista-california
https://www.ubereats.com/san-diego/food-delivery/panda-express-3030-plaza-bonita-fc-4/JvI8hQ51T22gbz1RnXYCAA,chula-vista-california
https://www.ubereats.com/san-diego/food-delivery/power-lunch/5N5VWia7Rl6zEv9i4zf_Bw,chula-vista-california
https://www.ubereats.com/san-diego/food-delivery/all-better-products/zcaPrBY2TSmwMYvB24dSzw,chula-vista-california
https://www.ubereats.com/san-diego/food-delivery/mayas-gourmet-pizza/EYmWpBKISUWDaiRYlu9GXQ,chula-vista-california
https://www.ubereats.com/san-diego/food-delivery/pinata/CwugDx3lSj6r48_IKAdYHw,chula-vista-california
https://www.ubereats.com/san-diego/food-delivery/california-fries-and-wings/IJoZHPCHT7mz1eq3_nlk0g,chula-vista-california
https://www.ubereats.com/san-diego/food-delivery/mcdonalds-1630-highland-ave/glC1jXl4TpuzNYzcmukWCA,chula-vista-california
https://www.ubereats.com/san-diego/food-delivery/jack-in-the-box-802-3rd-ave/1hhwJbErSuWX0gdTFwPX5w,chula-vista-california
https://www.ubereats.com/san-diego/food-delivery/oi-asian-fusion/krS6H-JERyOTRR0XDI5vJQ,chula-vista-california
https://www.ubereats.com/san-diego/food-delivery/lemonade-hillcrest/Xe6KZ1F6QbCqldK6O826kA,chula-vista-california
https://www.ubereats.com/san-diego/food-delivery/firehouse-subs-national-city/KpmY8JokRpa0j8t0ksdiTg,chula-vista-california
https://www.ubereats.com/san-diego/food-delivery/ifeel-gourmet/QIEG5J3KT_qzV6nKw5JM2Q,chula-vista-california
https://www.ubereats.com/san-diego/food-delivery/vega-caffe-chula-vista/GlYB72qdScykElatj77CyQ,chula-vista-california
https://www.ubereats.com/san-diego/food-delivery/green-vine-delicatessen/62PuEKrHRb-HBpG0Jmxq2A,chula-vista-california
https://www.ubereats.com/san-diego/food-delivery/ib-thai-restaurant/Dkflb2wuTgK8DUm1aL5yYQ,chula-vista-california
https://www.ubereats.com/san-diego/food-delivery/culichi-dogs/QOQGluKJQDWvcA2hYgWCuw,chula-vista-california
https://www.ubereats.com/san-diego/food-delivery/grubz-takeout/Ibf2tgLtTGmjwsSbpmKKBQ,chula-vista-california
https://www.ubereats.com/san-diego/food-delivery/taqueria-imperial/4pbRPG33RQS2ImkNPczVGw,chula-vista-california
https://www.ubereats.com/san-diego/food-delivery/flip-kitchen/2MxfJU0kQ_W_8ByBJMDsVw,chula-vista-california
https://www.ubereats.com/san-diego/food-delivery/burger-king-97-bonita-road/jwQLB_O6R4m-ZpTPr6ehsQ,chula-vista-california
https://www.ubereats.com/san-diego/food-delivery/mcdonalds-4340-bonita-rd/kA-qCYIeRpiqt4KkiQMR6w,chula-vista-california
https://www.ubereats.com/san-diego/food-delivery/buffet-house/bfsLu8WiSj2k6xZfKFqEqA,chula-vista-california
https://www.ubereats.com/san-diego/food-delivery/jamba-1690-millennia-ave-ste-101/40l24E8jT9m7QFWOKNgPUA,chula-vista-california
https://www.ubereats.com/san-diego/food-delivery/el-sonorense-mexican-seafood/y-mimOvXRYO62qXxWTuwAg,chula-vista-california
https://www.ubereats.com/san-diego/food-delivery/chamango-mango-deli/eDFURUHbSFiBJj09QiJ8ng,chula-vista-california
https://www.ubereats.com/san-diego/food-delivery/asi-es-jalisco-birrieria/hkAsbgd5Q7yKf-vI1VzNfA,chula-vista-california
https://www.ubereats.com/san-diego/food-delivery/kanpai/MnJUGKEGRJmsFC9DzilaJw,chula-vista-california
https://www.ubereats.com/san-diego/food-delivery/crab-fever-national-city/lt9kiszDTN-JMPPMSnB0Aw,chula-vista-california
https://www.ubereats.com/san-diego/food-delivery/ying-li-restaurant/AdYcbaXGRXq5BHHXAKtrKQ,chula-vista-california
https://www.ubereats.com/san-diego/food-delivery/nicky-rottens-on-coronado/KKOIIQdUSuCmqDVJE5GW1w,chula-vista-california
https://www.ubereats.com/san-diego/food-delivery/panera-bread-555-broadway/vZ23fJLfQ-m7FzfLlP9sGQ,chula-vista-california
https://www.ubereats.com/san-diego/food-delivery/southcali-steak-burger/vvqIZyQvS0SmkXecavjPhA,chula-vista-california
https://www.ubereats.com/san-diego/food-delivery/miss-donuts-lemon-grove/Olw5ywI3SvSvswwGTLcRKw,chula-vista-california
https://www.ubereats.com/san-diego/food-delivery/karl-strauss-brewing-company-downtown/PNoaERZkQeGQshnL8yj5Fw,chula-vista-california
https://www.ubereats.com/san-diego/food-delivery/marios-taco-shop/CZgbENxsQbmaQ9u7yTDs-A,chula-vista-california
https://www.ubereats.com/san-diego/food-delivery/oggis-pizza-%26-brewing-co/ZiGUCmN2SqSiPGgDRdT5Kg,chula-vista-california
https://www.ubereats.com/san-diego/food-delivery/rubios-1480-elake-pkwy/anwno0STSliMzEQY4Y2GbA,chula-vista-california
https://www.ubereats.com/san-diego/food-delivery/mariscos-el-tiburon/jn5f9MlESgC1s2q0E-ej2w,chula-vista-california
https://www.ubereats.com/san-diego/food-delivery/casa-nori/Dqsqpn_GQiiUFxqTymwhdA,chula-vista-california
https://www.ubereats.com/san-diego/food-delivery/jack-in-the-box-4011-bonita-rd/RiDoRsBcSEq-NqCbH8E7UQ,chula-vista-california
https://www.ubereats.com/san-diego/food-delivery/pozoleria-dona-maria/Mg5L7vLlQhKixQZtIjGiJQ,chula-vista-california
https://www.ubereats.com/san-diego/food-delivery/powerhouse-acai/vbxqJ3Q6TY2dhMkZwgxHQQ,chula-vista-california
https://www.ubereats.com/san-diego/food-delivery/holy-paleta/kOGYhxCDRwy56srxY2Nt7A,chula-vista-california
https://www.ubereats.com/san-diego/food-delivery/taqueria-el-poblano/6gwkSbA_T1yBXfmTgYXEUQ,chula-vista-california
https://www.ubereats.com/san-diego/food-delivery/burger-king-599-broadway/qKcr8eqIR8edweNKZne8pQ,chula-vista-california
https://www.ubereats.com/san-diego/food-delivery/kyoto-gift-%26-food/EXPY0X0qTby0j7V4tStNkw,chula-vista-california
https://www.ubereats.com/san-diego/food-delivery/wings-empire-logan-ave/UZYVoDNFT3yq6E3scIGArg,chula-vista-california
https://www.ubereats.com/san-diego/food-delivery/el-pollo-loco-1535-palm-ave/_VqrsBEYSJ-VRy-xuFE4Tw,chula-vista-california
https://www.ubereats.com/san-diego/food-delivery/jamba-3030-plaza-bonita-rd-ste-fc-12/T5DtHGyeR0Oqn1kpNQPejA,chula-vista-california
https://www.ubereats.com/san-diego/food-delivery/mcdonalds-4350-palm-ave/3nL7LsXERSqi29gaXliFhw,chula-vista-california
https://www.ubereats.com/san-diego/food-delivery/yi-sushi/QqYUwnRyTaWSISwASnCUZA,chula-vista-california
https://www.ubereats.com/san-diego/food-delivery/funky-fries/zrKgpPL9RQugHhm_P6JXCg,chula-vista-california
https://www.ubereats.com/san-diego/food-delivery/la-crepe-de-bretagne/AyyLIN7EQLCDpzuiPTb00A,chula-vista-california
https://www.ubereats.com/san-diego/food-delivery/la-carmela/NTveryjbSdCh1JwVys9kEQ,chula-vista-california
https://www.ubereats.com/san-diego/food-delivery/stella-jeans-ice-cream/N8jsRY9_RBSfiCM--UdQkg,chula-vista-california
https://www.ubereats.com/san-diego/food-delivery/grill-city-chula-vista/UfwrgVyRQWKF8Fd3USMlLQ,chula-vista-california
https://www.ubereats.com/san-diego/food-delivery/giant-pizza-king-%2317/qdYcLIysSjSgzkJ8QovNTg,chula-vista-california
https://www.ubereats.com/san-diego/food-delivery/la-central-urban-grill-main-st/HypTodJjSEuieKOfXwqRJg,chula-vista-california
https://www.ubereats.com/san-diego/food-delivery/rallys-1004-3rd-avenue/qVx1fcx_Rq-N-uUVx2C63g,chula-vista-california
https://www.ubereats.com/san-diego/food-delivery/koritas-mexican-tacos-and-sea-food/L4dXYGV9R-m5MsCQha3dgA,chula-vista-california
https://www.ubereats.com/san-diego/food-delivery/california-pizza-kitchen-2015-birch-road-ste-725/7L6O4Mf3RkWQT9WKxFEvQg,chula-vista-california
https://www.ubereats.com/san-diego/food-delivery/jamba-12098-fury-lane/_9jv0H-hS2elfAiI11cvDQ,chula-vista-california
https://www.ubereats.com/san-diego/food-delivery/chipotle-mexican-grill-2290-otay-lakes-rd/CTRQdlsPT6SZkkKMfUopFA,chula-vista-california
https://www.ubereats.com/san-diego/food-delivery/attitude-brewing-company-inc/h5jrpn7uQMCdDzU3zaSIPg,chula-vista-california
https://www.ubereats.com/san-diego/food-delivery/fish-mart/VVeJEVbGS9Wu6GGysbLKYA,chula-vista-california
https://www.ubereats.com/san-diego/food-delivery/ihop-2258-otay-lakes-rd/OmJLg95QTTWcRC5gbC1xuw,chula-vista-california
https://www.ubereats.com/san-diego/food-delivery/joes-wings-n-fries/5PFmwgACTn29B5eohBHNkw,chula-vista-california
https://www.ubereats.com/san-diego/food-delivery/trident-coffee-roasters/Hz3KY8ndQX-4kcUBOJYx9g,chula-vista-california
https://www.ubereats.com/san-diego/food-delivery/negro-durazo/sDNp9hzhR0eFnerwSYkptw,chula-vista-california
https://www.ubereats.com/san-diego/food-delivery/tj-tortas-y-tacos/VYcL-XrYR4GuEKLQ2z9SXg,chula-vista-california
https://www.ubereats.com/san-diego/food-delivery/mi-mate/MijDyUBpSmKelxCvlNQ5Uw,chula-vista-california
https://www.ubereats.com/san-diego/food-delivery/el-paisa-tacos/OT5zi1UnQP-HfKPWqiTyjw,chula-vista-california
https://www.ubereats.com/san-diego/food-delivery/wongs-golden-palace/hVzSmjOVRnaNKPtJwKnfnQ,chula-vista-california
https://www.ubereats.com/san-diego/food-delivery/slappys-burgers-%26-brews/ZSHh8nXPQhe-TmhYVFOe7w,chula-vista-california
https://www.ubereats.com/san-diego/food-delivery/pho-olala/wni_n0IWRw2eZiUWNr3kDg,chula-vista-california
https://www.ubereats.com/san-diego/food-delivery/sunshine-pancake-house/eFYnAnb4T5SmPDUbohHHUg,chula-vista-california
https://www.ubereats.com/san-diego/food-delivery/mango-mango-fresh-and-healthy/k0kg4LNiSeicGKuhk3PJ5g,chula-vista-california
https://www.ubereats.com/san-diego/food-delivery/rambler-coffee-shop/2q1wU04wQmyqv_h-IdOPFA,chula-vista-california
https://www.ubereats.com/san-diego/food-delivery/panda-house-spring-valley/jhGIj9qwSS-inewuZjx_4w,chula-vista-california
https://www.ubereats.com/san-diego/food-delivery/taqueria-revolucion-bonita-rd/hD5jFXTqTXWgH9gSEMI0zA,chula-vista-california
https://www.ubereats.com/san-diego/food-delivery/bubbas-smokehouse-bbq/Xpfw5Z9bTLCoPE-ZMEE4oA,chula-vista-california
https://www.ubereats.com/san-diego/food-delivery/jalisco-cafe/4gH-S3NIQ16tUSAfHInC2w,chula-vista-california
https://www.ubereats.com/san-diego/food-delivery/jack-in-the-box-925-eastlake-parkway/CeyqL9jLTkSq9cshOrXnEg,chula-vista-california
https://www.ubereats.com/san-diego/food-delivery/mi-tierra-super-taco/IzLgFeGgSjCcQkGh_NXkAA,chula-vista-california
https://www.ubereats.com/san-diego/food-delivery/totos-grill/_jnoqOufTPSg8MY2Sozlog,chula-vista-california
https://www.ubereats.com/san-diego/food-delivery/salad-style/MUX8nJqURRivzdQMCH_MhQ,chula-vista-california
https://www.ubereats.com/san-diego/food-delivery/papa-johns-688-hollister-st/U_RS3OETRASu2S5S2XhxwA,chula-vista-california
https://www.ubereats.com/san-diego/food-delivery/the-ice-cream-shop/TiWdbmucQhGPoIjWDac6CA,chula-vista-california
https://www.ubereats.com/san-diego/food-delivery/burger-king-815-highland-avenue/DQoQJp0NR6Kcq5Mx46PHSQ,chula-vista-california
https://www.ubereats.com/san-diego/food-delivery/don-cafeto/RT0ZxvEBT0uehXbpMP79lg,chula-vista-california
https://www.ubereats.com/san-diego/food-delivery/aunt-emmas-pancakes/NPdD9y87RoWDEYYzJZ88Kw,chula-vista-california
https://www.ubereats.com/san-diego/food-delivery/el-pollo-loco-2795-main-st/4UbUgu6XTCeOtLxpOjd4jg,chula-vista-california
https://www.ubereats.com/san-diego/food-delivery/old-gallery-cafe/wgbznaIxSDOtWZgEYD7Ubg,chula-vista-california
https://www.ubereats.com/san-diego/food-delivery/mortons-the-steakhouse-285-j-street/L7RFHFVwQvKyhwSsKUOr_w,chula-vista-california
https://www.ubereats.com/san-diego/food-delivery/antojitos-tenampa/Jfk9fdkQSv2_4lXrCuaNqA,chula-vista-california
https://www.ubereats.com/san-diego/food-delivery/panchos-breakfast/6ztPhSKXQM2sDPufyRHPVA,chula-vista-california
https://www.ubereats.com/san-diego/food-delivery/kfc-4698-border-village-rd/uTG1UTJvTQallWtqGdZQow,chula-vista-california
https://www.ubereats.com/san-diego/food-delivery/himalayan-house-restaurant/iuicxsnBR66J2bYy-kywkw,chula-vista-california
https://www.ubereats.com/san-diego/food-delivery/el-sonorense-mexican-food/3fvSMwXqQxCpuv-Qw3cg5A,chula-vista-california
https://www.ubereats.com/san-diego/food-delivery/dennys-2445-el-cajon-blvd/udU8GDQhRvGrzCMGH52sug,chula-vista-california
https://www.ubereats.com/san-diego/food-delivery/yummy-spoon/C1Yes-UtS4KCsP84nxrhXw,chula-vista-california
https://www.ubereats.com/san-diego/food-delivery/burros-%26-fries-plaza-blvd/B0KiQwW3RMmcNe9LGVBUqA,chula-vista-california
https://www.ubereats.com/san-diego/food-delivery/cafe-bassam-san-diego/_klavWfrTx2Fxw-07jVRWg,chula-vista-california
https://www.ubereats.com/san-diego/food-delivery/siam-imperial-thai-kitchen/ibuiHcOHQ0uATIhOxLDrLw,chula-vista-california
https://www.ubereats.com/san-diego/food-delivery/vitality-bowls-2015-birch-rd/-MAcywS2QoK_xYq-U_jRxw,chula-vista-california
https://www.ubereats.com/san-diego/food-delivery/kfc-1056-13th-st/0CKpuIn8RG65MubgK18VUg,chula-vista-california
https://www.ubereats.com/san-diego/food-delivery/la-lomita-mexican-grill/K1KIZ8L7SkqlWVJUQdYPBQ,chula-vista-california
https://www.ubereats.com/san-diego/food-delivery/laylahs-jamaican-food/Q12b1xEiSrmA-kc-Io74fw,chula-vista-california
https://www.ubereats.com/san-diego/food-delivery/crispy-fried-chicken/hwwqiFP_TOGaeumbo4jjzQ,chula-vista-california
https://www.ubereats.com/san-diego/food-delivery/lai-thai-national-city/fIPKke9ORD6dgMapEWW22w,chula-vista-california
https://www.ubereats.com/san-diego/food-delivery/falafel-california/rJpQWDjNSHqoQ71-29Mjkw,chula-vista-california
https://www.ubereats.com/san-diego/food-delivery/pho-ca-dao-grill/Zu_0-RMNRrubOc60r-FhmQ,chula-vista-california
https://www.ubereats.com/san-diego/food-delivery/rice-garden-san-diego/GKMxhULkRY-jFsHzC6w3AQ,chula-vista-california
https://www.ubereats.com/san-diego/food-delivery/burger-king-6960-broadway/r2pHZjIcTR2ZTDVmhuAdTw,chula-vista-california
https://www.ubereats.com/san-diego/food-delivery/taqueria-los-famosos/xQHfyaxwT_2VrlmLJLxR8w,chula-vista-california
https://www.ubereats.com/san-diego/food-delivery/honey-baked-ham-chula-vista/uFUN6j4mQcCjnfOcgxRTNA,chula-vista-california
https://www.ubereats.com/san-diego/food-delivery/the-ice-cream-shop/V-6zt5SgRj24_fi8vd6JqQ,chula-vista-california
https://www.ubereats.com/san-diego/food-delivery/killer-wings/IB4SzqUoQreCUKEjxb9syA,chula-vista-california
https://www.ubereats.com/san-diego/food-delivery/red-robin-676-3030-plaza-bonita-rd-%232520/ZisS5F6qTkqYG6VKAoHiTA,chula-vista-california
https://www.ubereats.com/san-diego/food-delivery/d-k-che-chula-vista/wm6Jt8-GR3e1yC7bEULozw,chula-vista-california
https://www.ubereats.com/san-diego/food-delivery/asi-es-jalisco-birrieria/c-VrC9DmSOqRZ-uSEY1VoQ,chula-vista-california
https://www.ubereats.com/san-diego/food-delivery/aunt-emmas-pancakes-chula-vista/NYqWYV9hTZ2FBJKfq877-A,chula-vista-california
https://www.ubereats.com/san-diego/food-delivery/big-thyme-sandwich-company/6MLhpmZuSY2KAAtzSKFFQw,chula-vista-california
https://www.ubereats.com/san-diego/food-delivery/esmeralda-fruits/MMDFxYLXSj6Rouc3uRxv9Q,chula-vista-california
https://www.ubereats.com/san-diego/food-delivery/thai-fresh/qy_-N6IXTx6yJ48USdL7cQ,chula-vista-california
https://www.ubereats.com/san-diego/food-delivery/el-pollo-loco-1710-highland-ave/2Jcijf_GSnez9S_eIPHRoQ,chula-vista-california
https://www.ubereats.com/san-diego/food-delivery/cold-stone-creamery-374-east-h-st/RUEt4xG8TqK7BIFl40jlWA,chula-vista-california
https://www.ubereats.com/san-diego/food-delivery/all-american-sandwiches-n-pizza/dbiIfjkYT5CnJymZ8HSG_w,chula-vista-california
https://www.ubereats.com/san-diego/food-delivery/tropical-savor/L1SiPz6cTA2-1lC1Xk9U6Q,chula-vista-california
https://www.ubereats.com/san-diego/food-delivery/cotijas-3rd-ave-chula-vista-ca/CSpHCzShQAqeso9Cxyuegg,chula-vista-california
https://www.ubereats.com/san-diego/food-delivery/el-peladito/hw7RNuNtQTCfxJXspEn6HQ,chula-vista-california
https://www.ubereats.com/san-diego/food-delivery/wendys-960-eastlake-parkway/jpNbKheAQxab0XK53dPgmg,chula-vista-california
https://www.ubereats.com/san-diego/food-delivery/casa-don-diego/yeRThaHTT4y8_bqRskAm9Q,chula-vista-california
https://www.ubereats.com/san-diego/food-delivery/dennys-110-bonita-rd/e3zkQuAmQFmifWykEgFsDQ,chula-vista-california
https://www.ubereats.com/san-diego/food-delivery/baja-lounge/rKbLs0sZSkuphTPkAVDvDg,chula-vista-california
https://www.ubereats.com/san-diego/food-delivery/animal-burger/3hMbEkP-RvGoKzMyf9qeUw,chula-vista-california
https://www.ubereats.com/san-diego/food-delivery/panda-express-1820-main-court/bigMHkuDQtyzV2j_JUxT1w,chula-vista-california
https://www.ubereats.com/san-diego/food-delivery/mjs-fusion-deli/N-Y8W4IxSEa80LDt039a_g,chula-vista-california
https://www.ubereats.com/san-diego/food-delivery/colimas-mexican-foods/dk-_vug2Q1OtX1oNEUC-gw,chula-vista-california
https://www.ubereats.com/san-diego/food-delivery/citrina-berry-fresh/1K79F9zVTB602iCb2kQD8w,chula-vista-california
https://www.ubereats.com/san-diego/food-delivery/fresheria-chula-vista/Ou9ax4OBQyGEv4Yj4cwysQ,chula-vista-california
https://www.ubereats.com/san-diego/food-delivery/babycakes-hillcrest/0LE17RWRSxeyYkk2XRJNPg,chula-vista-california
https://www.ubereats.com/san-diego/food-delivery/iwok-chinese-restaurant/HPWot-iSQVGRKUu7TERC1w,chula-vista-california
https://www.ubereats.com/san-diego/food-delivery/tacos-el-trompo-a-mexican-tradition/1qciBcGbTXCCgOtHoMOxHA,chula-vista-california
https://www.ubereats.com/san-diego/food-delivery/debs-cookie-jar/LwaPk6saQEi2Hn24TJmzKg,chula-vista-california
https://www.ubereats.com/san-diego/food-delivery/los-reyes-2496-broadway/Lq6O9bd-QGOgIfUmn4liPg,chula-vista-california
https://www.ubereats.com/san-diego/food-delivery/figaro-desserts/co6KrH67TvGcxcb3dbe69A,chula-vista-california
https://www.ubereats.com/san-diego/food-delivery/karihan-filipino-food/3cC5lKNzSjWVAGYDCg2shg,chula-vista-california
https://www.ubereats.com/san-diego/food-delivery/hectors-mariscos-broadway/8wGCHdoOTN-EHMJqNwuYeg,chula-vista-california
https://www.ubereats.com/san-diego/food-delivery/the-ice-cream-shop/Khy9JTXyT6eBRm9MandJCw,chula-vista-california
https://www.ubereats.com/san-diego/food-delivery/tambayan-filipino-bbq-%26-grill/f2QxplLcSCinevTjTz3wjg,chula-vista-california
https://www.ubereats.com/san-diego/food-delivery/coyote-ugly-saloon/1LjK0DcYTKK5T-R4jXloOw,chula-vista-california
https://www.ubereats.com/san-diego/food-delivery/pure-lounge-%26-grill/cw89kVlyTrijDNFbnLFeIQ,chula-vista-california
https://www.ubereats.com/san-diego/food-delivery/papa-johns-1020-tierra-del-rey/5yrz7YgKSgyRHAfkZstKGw,chula-vista-california
https://www.ubereats.com/san-diego/food-delivery/subway-601-e-palomar-st-ste-c4/d8Y4n5rNQFWor7I84O5yYQ,chula-vista-california
https://www.ubereats.com/san-diego/food-delivery/applebees-2508-jamacha-%2379045/fSmH0raeQCyfWbgwK24h2A,chula-vista-california
https://www.ubereats.com/san-diego/food-delivery/buffalo-wild-wings-555-broadway-ste-116/tbp31jU9QRm68oqH7vRj3w,chula-vista-california
https://www.ubereats.com/san-diego/food-delivery/burger-king-1265-third-avenue/_HvVAVVdQbyU61HXQex4Yg,chula-vista-california
https://www.ubereats.com/san-diego/food-delivery/subway-1455-e-h-st-ste-202/3-lcB-1QRCup2zLWKUZN3A,chula-vista-california
https://www.ubereats.com/san-diego/food-delivery/mikes-new-york-giant-pizza-picador/TGYdzl-_TLSyxyW_11_GtA,chula-vista-california
https://www.ubereats.com/san-diego/food-delivery/fatumas/kwqtvtyKQHqPW5LORA_I5Q,chula-vista-california
https://www.ubereats.com/san-diego/food-delivery/burger-town/-EWKc8_IQt2F8K5cx-OKCA,chula-vista-california
https://www.ubereats.com/san-diego/food-delivery/popeyes-louisiana-kitchen-2210-e-plaza-blvd/05R98FbFT2ise1s1GZQuFw,chula-vista-california
https://www.ubereats.com/san-diego/food-delivery/adelitas-mexican-food/VkrqaVwRRzOKFFnczaaBtw,chula-vista-california
https://www.ubereats.com/san-diego/food-delivery/tuna-sushi/Tnv4wqrfR7mmguh0QMzpAQ,chula-vista-california
https://www.ubereats.com/san-diego/food-delivery/papagayos-grill-%26-cantina/O1AlW4U-SwSnVuP-tDHxyg,chula-vista-california
https://www.ubereats.com/san-diego/food-delivery/el-huevo-estrellado/ehjPpYI1Ta-AyL230-Br0Q,chula-vista-california
https://www.ubereats.com/san-diego/food-delivery/cotijas-eastlake-pkwy-chula-vista-ca/vRq5JIHQTam3b34uJVElgg,chula-vista-california
https://www.ubereats.com/san-diego/food-delivery/boll-weevil/_TccO3vZSHSGUOjvCUgUwQ,chula-vista-california
https://www.ubereats.com/san-diego/food-delivery/fanboys-cheesesteaks-%26-cheesecakes/GBQGRq3MSmS4GIDXqa4C2w,chula-vista-california
https://www.ubereats.com/san-diego/food-delivery/korean-kitchen/1pTNMdpSSH2SrdcvjEDs6A,chula-vista-california
https://www.ubereats.com/san-diego/food-delivery/boll-weevil/2exRE_UHQQWh1oR_a-_CPA,chula-vista-california
https://www.ubereats.com/san-diego/food-delivery/tapioca-express-san-diego-4-ca/g0XCJq9qTtqbn1cVOmsSxg,chula-vista-california
https://www.ubereats.com/san-diego/food-delivery/starbucks-8299-otay-mesa-rd-ste-d/Eb1I-KyZQkOp5qf_tgl86A,chula-vista-california
https://www.ubereats.com/san-diego/food-delivery/subway-559-telegraph-canyon-rd/uxZb-22xSrKel9rzTtlccQ,chula-vista-california
https://www.ubereats.com/san-diego/food-delivery/sushiya-chula-vista/a8yjrOYHRRaVrkBMYOBvDw,chula-vista-california
https://www.ubereats.com/san-diego/food-delivery/krispy-krunchy-chicken-chula-vista/LV3R4H2JSZeUN099qeXeXw,chula-vista-california
https://www.ubereats.com/san-diego/food-delivery/buffalo-wild-wings-2015-birch-rd-ste-715/dVzl32AvQOOWxDmyBQS4Gw,chula-vista-california
https://www.ubereats.com/san-diego/food-delivery/hodads-downtown/58SAIlQOTiCL2zZ8lBYPcA,chula-vista-california
https://www.ubereats.com/san-diego/food-delivery/dennys-1904-sweetwater-rd/6P7d2StDSuSFZtGU4sLJrg,chula-vista-california
https://www.ubereats.com/san-diego/food-delivery/bjs-restaurant-%26-brewhouse-555-broadway-suite-1019/SvkArp7wRC67xo8gFell9g,chula-vista-california
https://www.ubereats.com/san-diego/food-delivery/smittys-taste-of-the-bayou/f3we0ZusRG2v3A_wSvBnnA,chula-vista-california
https://www.ubereats.com/san-diego/food-delivery/shake-%26-muddle/YZQjjXSiRnKwEQoBshdzLw,chula-vista-california
https://www.ubereats.com/san-diego/food-delivery/rallys-1545-palm-avenue/OePj_vJWSgOUC8yMqCBrNg,chula-vista-california
https://www.ubereats.com/san-diego/food-delivery/five-guys-ca-0686-781-palm-ave/m23CMo4lQvCj6UtKxhO2yQ,chula-vista-california
https://www.ubereats.com/san-diego/food-delivery/khanya-ramen-%26-sushi/ayDVyIwJTKSZSqmtSk7d1w,chula-vista-california
https://www.ubereats.com/san-diego/food-delivery/subway-689-sweetwater-rd/ZJIxb9zQQ8STYfYyGHHlXA,chula-vista-california
https://www.ubereats.com/san-diego/food-delivery/asi-es-jalisco-birrieria-chula-vista/yLInOeQRS6iCTWuaMWp1wQ,chula-vista-california
https://www.ubereats.com/san-diego/food-delivery/mariscos-negro-durazo/j3yrn8OdReG3cVfzwgMsOw,chula-vista-california
https://www.ubereats.com/san-diego/food-delivery/als-burger-and-fries-joint/tUhUpTRDRfu9AWvNggtiYA,chula-vista-california
https://www.ubereats.com/san-diego/food-delivery/blue-poke/Qklg4iBRQ5W7B8erSRS3kA,chula-vista-california
https://www.ubereats.com/san-diego/food-delivery/los-reyes/WuNbtJosQ8-Jvsu6GQB2eg,chula-vista-california
https://www.ubereats.com/san-diego/food-delivery/kotija-taco-shop/iENSZxAeTsKJztkQ4P3OLw,chula-vista-california
https://www.ubereats.com/san-diego/food-delivery/mcdonalds-7382-san-ysidro-ca/hWIBUD5IRkqgbccYtAcK-A,chula-vista-california
https://www.ubereats.com/san-diego/food-delivery/mariscos-la-cacho-chula-vista/PZdGnHpNTtOsVS8LUJKz3Q,chula-vista-california
https://www.ubereats.com/san-diego/food-delivery/fatsos-bunker/aFq_oHXxSlu5NI5qIrf2pw,chula-vista-california
https://www.ubereats.com/san-diego/food-delivery/mendocino-farms-downtown-san-diego/e11vWJvHQnStkspZbLqEgw,chula-vista-california
https://www.ubereats.com/san-diego/food-delivery/subway-925-e-plaza-blvd-ste-a/O7RcXcbLR3W1Cw8LLLSnLw,chula-vista-california
https://www.ubereats.com/san-diego/food-delivery/panda-express-2015-birch-road/UQyScqYSRVGKlBMR3lPPXg,chula-vista-california
https://www.ubereats.com/san-diego/food-delivery/tropi-frutas-national-city/PAZdAlaySpqqRaGY4pP53w,chula-vista-california
https://www.ubereats.com/san-diego/food-delivery/mcdonalds-1110-3rd-st/rZfmhJmpQoy33Em6ReHY8w,chula-vista-california
https://www.ubereats.com/san-diego/food-delivery/teresitas-fruiteria/W-RaFo7WQRq39sa5hO_ZzA,chula-vista-california
https://www.ubereats.com/san-diego/food-delivery/panda-express-1120-broadway/aPd4IIjCToSli8coC3IGDQ,chula-vista-california
https://www.ubereats.com/san-diego/food-delivery/da-chicken-coop/pIa79e7AQqOQ81BJYHkw2g,chula-vista-california
https://www.ubereats.com/san-diego/food-delivery/frutiza/CIVZ5z42RBeuvY5z1wRMJg,chula-vista-california
https://www.ubereats.com/san-diego/food-delivery/rabanitos-mexican-food/BsAWHIECSPiULdgMoWMrwg,chula-vista-california
https://www.ubereats.com/san-diego/food-delivery/dennys-692-e-street/OHCwP1kqSMiJ93o53pPtKw,chula-vista-california
https://www.ubereats.com/san-diego/food-delivery/jack-in-the-box-4751-el-cajon-blvd/9CR8U4paRxyE49wdI3pqTA,chula-vista-california
https://www.ubereats.com/san-diego/food-delivery/jersey-mikes-801-palm-avenue/kEd_xgpFTzeQpTI7rN5mMQ,chula-vista-california
https://www.ubereats.com/san-diego/food-delivery/pasquallys-pizza-%26-wings-1143-highland-ave/a0Vb7ujVTBm6pWSEdv2PjQ,chula-vista-california
https://www.ubereats.com/san-diego/food-delivery/mcdonalds-551-telegraph-canyon-road/tClwQV-4RoyFtreXhMznsQ,chula-vista-california
https://www.ubereats.com/san-diego/food-delivery/negro-durazo/zQxxLIYQRoWOYfhYYdoB7g,chula-vista-california
https://www.ubereats.com/san-diego/food-delivery/los-rios-taco-shop/2Wu5ppDcREiurym2WSeJhg,chula-vista-california
https://www.ubereats.com/san-diego/food-delivery/sizzler-4445-imperial-ave/u3o41RvgRuymYNEH9CyscA,chula-vista-california
https://www.ubereats.com/san-diego/food-delivery/harborside-thai-lao-%26-sushi/l-px1QEQT9eRD2CaNzHR-w,chula-vista-california
https://www.ubereats.com/san-diego/food-delivery/memos-bagel-cafe/jdAfGMsXTH-cKlWmcb-N_g,chula-vista-california
https://www.ubereats.com/san-diego/food-delivery/donna-jean/1hcrMrBLSOaV5yZ7c16BPg,chula-vista-california
https://www.ubereats.com/san-diego/food-delivery/dennys-2642-jamacha-rd/US7mnBLoTn6vBQXGUb-e3g,chula-vista-california
https://www.ubereats.com/san-diego/food-delivery/karinas-mexican-seafood/Gk9LSND1RxyCFDOTJLu-2A,chula-vista-california
https://www.ubereats.com/san-diego/food-delivery/novo-brazil/TGWNrELMRj-xwIpJnxyK6w,chula-vista-california
https://www.ubereats.com/san-diego/food-delivery/burros-%26-fries-chula-vista/tVhO1VfBS1KeZAqcysnsHA,chula-vista-california
https://www.ubereats.com/san-diego/food-delivery/zad-mediterranean-cuisine/DQZ_Z68lSYi5fWhPm1-xFA,chula-vista-california
https://www.ubereats.com/san-diego/food-delivery/churchs-chicken-1005-third-avenue/aWb4D24kSmC5uZIZ4zT4eQ,chula-vista-california
https://www.ubereats.com/san-diego/food-delivery/dlish-california-cuisine/f4qmDILrRQy1ojXJ85wn-w,chula-vista-california
https://www.ubereats.com/san-diego/food-delivery/los-chilaquiles/P4X1fdcrRuCiLJXQhLSZaQ,chula-vista-california
https://www.ubereats.com/san-diego/food-delivery/nitros-sd/P9s3OWsDQ2KzNGS5jnfR2Q,chula-vista-california
https://www.ubereats.com/san-diego/food-delivery/colimas-mexican-food-chula-vista/C5l4fSkaSyuWO7zKZOHgxA,chula-vista-california
https://www.ubereats.com/san-diego/food-delivery/mcdonalds-725-e-st/Z3cFqMQ5RbmQnWMUa-CD0g,chula-vista-california
https://www.ubereats.com/san-diego/food-delivery/luna-grill-rancho-san-diego/5jLyYnt9SPGaNRurPDOOgA,chula-vista-california
https://www.ubereats.com/san-diego/food-delivery/applebees-3030-plaza-bonita-road-%2379046/RYWeIIGwQgCem367uioWsQ,chula-vista-california
https://www.ubereats.com/san-diego/food-delivery/checos/akAZRcecSsmzGC-Y-VJxFQ,chula-vista-california
https://www.ubereats.com/san-diego/food-delivery/big-boyz-tacos/MJ7sVO8HQPmcKM_UxTLZ7g,chula-vista-california
https://www.ubereats.com/san-diego/food-delivery/farm-fresh-market/d8K49f7bTX66WDKZ68BzQg,chula-vista-california
https://www.ubereats.com/san-diego/food-delivery/ihop-615-saturn-blvd/FzQHKzLjSouyuJq-givtIQ,chula-vista-california
https://www.ubereats.com/san-diego/food-delivery/panera-2015-birch-rd/ZkUbmCxTQNKdrACMPnuk_g,chula-vista-california
https://www.ubereats.com/san-diego/food-delivery/ying-li-restaurant-chula-vista/PE-Sm69dS_Kfcpk1ZgJbZQ,chula-vista-california
https://www.ubereats.com/san-diego/food-delivery/el-guero-2/GAKp_fkTTxK7Cb1Mi9dmgg,chula-vista-california
https://www.ubereats.com/san-diego/food-delivery/burros-%26-fries-palm/Ct4x18IGQ8qUZGg3twWE8A,chula-vista-california
https://www.ubereats.com/san-diego/food-delivery/ma-noodle-house/dBuG3X76T3KVeeq7ZgZCrw,chula-vista-california
https://www.ubereats.com/san-diego/food-delivery/asia-wok-euclid-ave/hOkgMNFZRx-UL0YM3z1H4g,chula-vista-california
https://www.ubereats.com/san-diego/food-delivery/subway-609-broadway-ste-a/-Od41b7QSPCunGKm5_KDIA,chula-vista-california
https://www.ubereats.com/san-diego/food-delivery/californias-taco-shop/F6gF1m1vTGGuYFbHN_EQog,chula-vista-california
https://www.ubereats.com/san-diego/food-delivery/imperial-fish-market/_kBXyL8OT7mur9FopMRgxg,chula-vista-california
https://www.ubereats.com/san-diego/food-delivery/the-ice-cream-shop/7hHvVRehQBm9xXX-mALEiQ,chula-vista-california
https://www.ubereats.com/san-diego/food-delivery/ben-%26-jerrys-seaport-village/c0lHKRTyTQWSkBXj81Y0Rg,chula-vista-california
https://www.ubereats.com/san-diego/food-delivery/carnival-grill/q7GHigwgRl2K0jB_YcWgWA,chula-vista-california
https://www.ubereats.com/san-diego/food-delivery/starbucks-670-palomar-st/j5xvyXU0QsWNJ9SUfMsP_g,chula-vista-california
https://www.ubereats.com/san-diego/food-delivery/santanas-carrito/ylh8juMoQUe0V_Bjun_yGw,chula-vista-california
https://www.ubereats.com/san-diego/food-delivery/mikes-ny-giant-pizza/9s_oCA_2QcS6QfpZap4odg,chula-vista-california
https://www.ubereats.com/san-diego/food-delivery/jack-in-the-box-700-roosevelt-ave/0j-jK6THQteXePRMNRlDGQ,chula-vista-california
https://www.ubereats.com/san-diego/food-delivery/applebees-610-palomar-st-%2377062/B_5oJmoBTxObYC0w4yE0MA,chula-vista-california
https://www.ubereats.com/san-diego/food-delivery/pf-changs-2015-birch-rd-suite-1401/4jVqVRIlTVmRv0pKoCdFQQ,chula-vista-california
https://www.ubereats.com/san-diego/food-delivery/aqui-es-texcoco-520-broadway/Wv2-YgkqRfe5pFJp947Izw,chula-vista-california
https://www.ubereats.com/san-diego/food-delivery/kfc-1327-broadway/JYpfsChJRcykcuFBpkSPmw,chula-vista-california
https://www.ubereats.com/san-diego/food-delivery/jack-in-the-box-486-broadway/vc9UOPwrTvCEb7wxFgyAeg,chula-vista-california
https://www.ubereats.com/san-diego/food-delivery/papa-johns-1130-e-plaza-blvd/URu1PlfqT2iiWHu4IonqRw,chula-vista-california
https://www.ubereats.com/san-diego/food-delivery/panda-express-4450-bonita-rd/vd5Rer8ZQ6yeI4aSyxFlSg,chula-vista-california
https://www.ubereats.com/san-diego/food-delivery/grants-market/lp4N1NNkRWShlfVVBhIXAg,chula-vista-california
https://www.ubereats.com/san-diego/food-delivery/sbarro-3030-plaza-bonita-rd/X--XkoH9RlGN2kyD_Qsc9Q,chula-vista-california
https://www.ubereats.com/san-diego/food-delivery/la-morena-taco-shop/zkxzsXruSy6gDmIMSmWJTg,chula-vista-california
https://www.ubereats.com/san-diego/food-delivery/frutas-100%25-natural-national-city/-byi7CjXQ4KdsSyx32UNFw,chula-vista-california
https://www.ubereats.com/san-diego/food-delivery/manna-heaven-bbq-chula-vista/PeIOwj4qQDm6ICGr7EanVA,chula-vista-california
https://www.ubereats.com/san-diego/food-delivery/jersey-mikes-subs-2015-birch-road/SFwY3z2oQZGJkaTrs4kcRA,chula-vista-california
https://www.ubereats.com/san-diego/food-delivery/sonic-3005-highland-ave/zQox_GzeSdeeH1whazzCJQ,chula-vista-california
https://www.ubereats.com/san-diego/food-delivery/captain-sams-fish-%26-chicken/gjGNHMV4RrO2bqnc-UN2ug,chula-vista-california
https://www.ubereats.com/san-diego/food-delivery/plant-b-san-diego/5gpBtROYTZCPEV0JHGWfjQ,chula-vista-california
https://www.ubereats.com/san-diego/food-delivery/tastea-grill/ygujO11yTaeiMiNOAB-PUw,chula-vista-california
https://www.ubereats.com/san-diego/food-delivery/zorbas-greek-restaurant/PywqUtrPROm1okQ900la7Q,chula-vista-california
https://www.ubereats.com/san-diego/food-delivery/subway-1838-coronado-ave/GUp_NR7PTGm9upmd630V9Q,chula-vista-california
https://www.ubereats.com/san-diego/food-delivery/kfc-2030-dairy-mart-rd/vhsshuIsRSeWlZHGRZXNwg,chula-vista-california
https://www.ubereats.com/san-diego/food-delivery/the-broken-yolk-cafe-plaza-bonita/bZ76z_2aT4-5RyMTO6NQ_g,chula-vista-california
https://www.ubereats.com/san-diego/food-delivery/five-guys-ca-4007-555-broadway/skp1HrxCTGWcNwmHReZYbw,chula-vista-california
https://www.ubereats.com/san-diego/food-delivery/delicias-mexican-restaurant/CZUQfp1MQoWXo7f9KWxfkQ,chula-vista-california
https://www.ubereats.com/san-diego/food-delivery/sayulitas-mexican-food-south-43rd-st/gFIT4Rj8Q-ygVAsetZCEqQ,chula-vista-california
https://www.ubereats.com/san-diego/food-delivery/mariscos-el-pulpo-main-st/lSSJ41XrRSWSuGOeWyV_mw,chula-vista-california
https://www.ubereats.com/san-diego/food-delivery/burger-king-3030-plaza-bonita-rd-ste-2075/XZ3Ly75WRVudaGNVZ_JigA,chula-vista-california
https://www.ubereats.com/san-diego/food-delivery/maestro-lounge/DccB160MTmeNnJ5R-sExJQ,chula-vista-california
https://www.ubereats.com/san-diego/food-delivery/el-pollo-grill/ljhLF_ssQ4me7obL-HZX7Q,chula-vista-california
https://www.ubereats.com/san-diego/food-delivery/juice-adventure/JsILCumZToiSHPAR_7SITQ,chula-vista-california
https://www.ubereats.com/san-diego/food-delivery/streetcar-merchants-of-fried-chicken-waffles-%26-pie/no-xfXcPQXCmVCa54Q3IZA,chula-vista-california
https://www.ubereats.com/san-diego/food-delivery/noodles-noodles/qM0d6dY4SOODUJ7MCSCKSQ,chula-vista-california
https://www.ubereats.com/san-diego/food-delivery/sweet-escape-cafe/0xfbc7ArT_KQn503u0wJsg,chula-vista-california
https://www.ubereats.com/san-diego/food-delivery/chocolate/yUeW6hB3SnaLZy3_APONKQ,chula-vista-california
https://www.ubereats.com/san-diego/food-delivery/bento-%26-noodles-terra-nova/UUPssBkjRtmOiymH3tTAnA,chula-vista-california
https://www.ubereats.com/san-diego/food-delivery/puerto-la-boca/eQYxebObQb-i8UWB8Fwyaw,chula-vista-california
https://www.ubereats.com/san-diego/food-delivery/sabrina-cafe-%26-deli/q_kHyqJ0R76WHWgxKnHQNw,chula-vista-california
https://www.ubereats.com/san-diego/food-delivery/el-sabor-de-la-baja-2/HDdudAy7Rna6JjCt3Eojog,chula-vista-california
https://www.ubereats.com/san-diego/food-delivery/sayulitas-mexican-food-1270-picador-blvd/H5x7ygMLRoGHARXiUE6Szg,chula-vista-california
https://www.ubereats.com/san-diego/food-delivery/mcdonalds-2796-main-st/vkAhdKVURKqpUYCKCO9nQg,chula-vista-california
https://www.ubereats.com/san-diego/food-delivery/pho-bo/qXxJqjN7TFOmrv-JscKy2w,chula-vista-california
https://www.ubereats.com/san-diego/food-delivery/wendys-618-e-street/4MDJ_kR4S8yXAIqKqgySfg,chula-vista-california
https://www.ubereats.com/san-diego/food-delivery/tokyo-grill/oFgIT4f5Qwm-LHvuLnKvKA,chula-vista-california
https://www.ubereats.com/san-diego/food-delivery/foodtruck-negro-durazo/eHDEswl0RSm_Fk-FjiSoWQ,chula-vista-california
https://www.ubereats.com/san-diego/food-delivery/the-nood-bar/scXoBf4LSTS0azbFoPLq1g,chula-vista-california
https://www.ubereats.com/san-diego/food-delivery/bonchon-1420-east-plaza-boulevard-d4/Ne0unJVOT5yxf8HxlTSuUQ,chula-vista-california
https://www.ubereats.com/san-diego/food-delivery/china-china/sBvv2UHLRTG1xTwzMbhqBA,chula-vista-california
https://www.ubereats.com/san-diego/food-delivery/the-ice-cream-shop/klKRGEqmQ26-UQSpKhPkfg,chula-vista-california
https://www.ubereats.com/san-diego/food-delivery/el-papas-fritas-tacoshop/_6ZlqkswTGSt0TJPKdHf1A,chula-vista-california
https://www.ubereats.com/san-diego/food-delivery/i-sushi/L2Vfm3JJRdW3xaDnP0OEKw,chula-vista-california
https://www.ubereats.com/san-diego/food-delivery/babycakes-imperial-beach/d2MxmCVRSk6RiPMpyn0I2g,chula-vista-california
https://www.ubereats.com/san-diego/food-delivery/pick-up-stix-rancho-san-diego/DoJXrp_PT9yOM-Bz_Cu6qg,chula-vista-california
https://www.ubereats.com/san-diego/food-delivery/mcdonalds-8730-jamacha-blvd/b23DNwENQgqsHPzt74xPVA,chula-vista-california
https://www.ubereats.com/san-diego/food-delivery/chick-fil-a-400-mile-of-cars-way/MVA2cMdsQSCcFMV8aJU2uQ,chula-vista-california
https://www.ubereats.com/san-diego/food-delivery/board-%26-brew-east-lake/KBSI4Ek1QK6Iqsll-4EOLA,chula-vista-california
https://www.ubereats.com/san-diego/food-delivery/bosnian-grill-%26-mediterranean-cuisine/7a-tJnUQT0KVaDMrmqLY3w,chula-vista-california
https://www.ubereats.com/san-diego/food-delivery/jack-in-the-box-2015-birch-rd-ste-2700/y9tjnlnOTVmlKJtS69LwmQ,chula-vista-california
https://www.ubereats.com/san-diego/food-delivery/burger-king-3676-market-street/BZYL6SMxRACEH1KRUK_9fw,chula-vista-california
https://www.ubereats.com/san-diego/food-delivery/the-buffalo-spot-lemon-grove/V_LV6bDfRcSLZTS3QWOd2A,chula-vista-california
https://www.ubereats.com/san-diego/food-delivery/broken-yolk-cafe-downtown/LzKIdaK_TiaAK5gureIMIA,chula-vista-california
https://www.ubereats.com/san-diego/food-delivery/d-k-che-san-diego/XwLD2yh4SS6oEtQQk9vodg,chula-vista-california
https://www.ubereats.com/san-diego/food-delivery/thai-fresh-2/R3hpqCVmRBOh9S1ONzXuPg,chula-vista-california
https://www.ubereats.com/san-diego/food-delivery/crazy-lokos-snacks/8h5Df6lxTUOwXjnM1g2aUA,chula-vista-california
https://www.ubereats.com/san-diego/food-delivery/bad-mutha-clucka-san-diego/ZBJREc8BQ82JYiefHgZAvg,chula-vista-california
https://www.ubereats.com/san-diego/food-delivery/tropi-frutas-san-ysidro/kTE_qBsaRhyv1Bl6amMzew,chula-vista-california
https://www.ubereats.com/san-diego/food-delivery/jack-in-the-box-1408-3rd-ave/TZIRKnYaShWaoeFaUSNPSg,chula-vista-california
https://www.ubereats.com/san-diego/food-delivery/tavern-at-the-vogue/elTQGJZ7QI6Zr2WTnXOtsw,chula-vista-california
https://www.ubereats.com/san-diego/food-delivery/la-original-casa-del-taco/ulb8W0GZSA-p_B31GzF7KQ,chula-vista-california
https://www.ubereats.com/san-diego/food-delivery/jack-in-the-box-947-otay-lake-rd/YPpSvunhSFOsIIpDHuqdEQ,chula-vista-california
https://www.ubereats.com/san-diego/food-delivery/rock-steady-jamaican-food/DGoOqMq5T4qUhEDCCNFKSQ,chula-vista-california
https://www.ubereats.com/san-diego/food-delivery/agave-coffee-%26-cafe/-eDkyJKwQAGKWE14ZBOx3A,chula-vista-california
https://www.ubereats.com/san-diego/food-delivery/frutas-100%25-natural-bonita/Qn6JPBqRRIyTen9cQBaYQw,chula-vista-california
https://www.ubereats.com/san-diego/food-delivery/yoshinoya-1299-broadway/YxiZ6RtiT_-BPjUCrpdm2w,chula-vista-california
https://www.ubereats.com/san-diego/food-delivery/big-kahunas/RVmall5WTsiQQGQSRB4DjA,chula-vista-california
https://www.ubereats.com/san-diego/food-delivery/la-cachonda/FdNBPlmYRFiUpElPXXJOeg,chula-vista-california
https://www.ubereats.com/san-diego/food-delivery/popeyes-louisiana-kitchen-1561-euclid-ave/msxg2-emQg-IGxZ3thEkJA,chula-vista-california
https://www.ubereats.com/san-diego/food-delivery/de-cabeza/I_JXNHh-QQ6Z3QxNoeBsXA,chula-vista-california
https://www.ubereats.com/san-diego/food-delivery/mcdonalds-619-broadway/UoBzs-H6Q0y3-Z2g7pERfw,chula-vista-california
https://www.ubereats.com/san-diego/food-delivery/the-broken-yolk-cafe-eastlake/wkDQ54QjSa-j9LSrsy0wyA,chula-vista-california
https://www.ubereats.com/san-diego/food-delivery/dennys-2222-coronado-ave/R62Lx53GQ5e7-6NAWW4ylA,chula-vista-california
https://www.ubereats.com/san-diego/food-delivery/subway-4378-bonita-rd/KCp2moU3Sw-3akGGikK4zQ,chula-vista-california
https://www.ubereats.com/san-diego/food-delivery/tacos-el-g/J0DS6yegQY-BK9NsbfnoIQ,chula-vista-california
https://www.ubereats.com/san-diego/food-delivery/el-vaquero-food-truck/88UdM0cIRC6PB-O6kkDAGw,chula-vista-california
https://www.ubereats.com/san-diego/food-delivery/chicos-bakery/pLUA0X_IQiOeiXlLA6rXfQ,chula-vista-california
https://www.ubereats.com/san-diego/food-delivery/salt-%26-straw-little-italy/kmnR5OwjRi6okyPtUgpAxA,chula-vista-california
https://www.ubereats.com/san-diego/food-delivery/jamba-2275-otay-lakes-rd-%23117/GFlKZoV_QBuj0MPP17hemA,chula-vista-california
https://www.ubereats.com/san-diego/food-delivery/taco-lounge/YKk-ORyiRkK1DbwufwpEKw,chula-vista-california
https://www.ubereats.com/san-diego/food-delivery/tapioca-express-chula-vista-2-ca/tJi8KwkNTJuDJD7Cz4INiw,chula-vista-california
https://www.ubereats.com/san-diego/food-delivery/el-sabor-de-la-baja/poqrGKerSA-3av78HDtuhg,chula-vista-california
https://www.ubereats.com/san-diego/food-delivery/panda-express-4463-camino-de-la-plaza-suite-107/id4zErAzQjawsiUyAYxPnw,chula-vista-california
https://www.ubereats.com/san-diego/food-delivery/rad-habits-juice-co/jVNktrayT2i2kY7IKFjVog,chula-vista-california
https://www.ubereats.com/san-diego/food-delivery/pavaraga-hawaiian-espresso-bar/0GB0urTVSBq0S_DDnGMdXA,chula-vista-california
https://www.ubereats.com/san-diego/food-delivery/mcdonalds-2254-otay-lakes-rd/5EAfWQPFS_SKiwoBiYUs0w,chula-vista-california
https://www.ubereats.com/san-diego/food-delivery/delifruits-chula-vista/JMQGFAVCQyGUJcWQc_QeVg,chula-vista-california
https://www.ubereats.com/san-diego/food-delivery/la-finca-de-adobe/7jPJhxsuRvyeJyKx0DGKow,chula-vista-california
https://www.ubereats.com/san-diego/food-delivery/subway-2326-proctor-valley-rd/3BQQm6LaRTGue0A2VG_t6g,chula-vista-california
https://www.ubereats.com/san-diego/food-delivery/jaquin-mexican-grill/brWdIoh7T6WPD51sZnlOjg,chula-vista-california
https://www.ubereats.com/san-diego/food-delivery/jersey-mikes-2315-otay-lakes-rd/dyW7-y2oSaK-e20OwW96uw,chula-vista-california
https://www.ubereats.com/san-diego/food-delivery/mango-mango-fresh-and-healthy-national-city/1um98IbLRsai-Y2t2qswBA,chula-vista-california
https://www.ubereats.com/san-diego/food-delivery/broken-yolk-cafe-el-cajon/aU-qiJIWSvK11ARTtl--QQ,chula-vista-california
https://www.ubereats.com/san-diego/food-delivery/don-john-market-oives-kabob%26tacos/-h3iyI6DTy6wh2LEgLXcQA,chula-vista-california
https://www.ubereats.com/san-diego/food-delivery/pho-mai-cali-%26-grill/HPQx4bplSsWZoXoTGqwvzA,chula-vista-california
https://www.ubereats.com/san-diego/food-delivery/brians-24/4d3aEYQSR5SH4R7CIXh9Ug,chula-vista-california
https://www.ubereats.com/san-diego/food-delivery/chriss-sushi/0PToXDq7TX2lYg16PvPLrw,chula-vista-california
https://www.ubereats.com/san-diego/food-delivery/liberty-giant-pizza/Bxg0yDURR2-bVVc-H4CSpw,chula-vista-california
https://www.ubereats.com/san-diego/food-delivery/jalisco-cafe-bonita/tOssqocJQo-3oeleabglKA,chula-vista-california
https://www.ubereats.com/san-diego/food-delivery/toritos-mexican-grill/rtYCnN4HQv2-nkrVTegtyQ,chula-vista-california
https://www.ubereats.com/san-diego/food-delivery/cocina-35/ywwTT5rLTnm_zxnSGIFXVg,chula-vista-california
https://www.ubereats.com/san-diego/food-delivery/chicos-bakery-3rd-ave/Tfhbke2cR0u6FWSfkT69hw,chula-vista-california
https://www.ubereats.com/san-diego/food-delivery/los-taquitos-mexican-grill/s9aMC7eITTWWnnnD8Of_Ng,chula-vista-california
https://www.ubereats.com/san-diego/food-delivery/jack-in-the-box-585-palomar-st/7KhjVPglQ3KYYyv_aoq2DA,chula-vista-california
https://www.ubereats.com/san-diego/food-delivery/minilicious-donuts/_xpalrJjRKOdvspNhCzu_Q,chula-vista-california
https://www.ubereats.com/san-diego/food-delivery/karinas-mexican-seafood/izjQdblzQ_6gIQcthRa2Qw,chula-vista-california
https://www.ubereats.com/san-diego/food-delivery/don-mauro/SE01oPipTBekenrdr-ExGw,chula-vista-california
https://www.ubereats.com/san-diego/food-delivery/more-life-liquid-juice-bar/QRCq2W7CTnSrQM2WGs5A3w,chula-vista-california
https://www.ubereats.com/san-diego/food-delivery/patrons-wings-%26-ribs/MJ2b5yFaQBCJFKCIPyyHgA,chula-vista-california
https://www.ubereats.com/san-diego/food-delivery/fattes-pizza/yR2ZzZdhRqako3ztd_0AEw,chula-vista-california
https://www.ubereats.com/san-diego/food-delivery/chipotle-mexican-grill-801-palm-ave/uoKaq0nLRv2sngfvKwuuXA,chula-vista-california
https://www.ubereats.com/san-diego/food-delivery/quartyard/DMhv_yUASUqAcU0DcD-S_g,chula-vista-california
https://www.ubereats.com/san-diego/food-delivery/the-kebab-shop-otay-ranch/FxUjQwnZSSSwuo9SZPbtLQ,chula-vista-california
https://www.ubereats.com/san-diego/food-delivery/frutas-100%25-natural-palomar-chula-vista/qoXTIsa_SJub51uo5v1FaA,chula-vista-california
https://www.ubereats.com/san-diego/food-delivery/jack-in-the-box-890-palm-ave/nNPfMRy8SVat_xPeRmkA9w,chula-vista-california
https://www.ubereats.com/san-diego/food-delivery/tu-taco-taco-shop/MxKexLXXT9u-1l8cFxVjBw,chula-vista-california
https://www.ubereats.com/san-diego/food-delivery/wings-empire-spring-valley/ZtbVrAjjSnaMf5ER3R4teA,chula-vista-california
https://www.ubereats.com/san-diego/food-delivery/starbucks-2326-proctor-valley-rd-ste-109/IVGU9yGTQ-S7_QGNR5qxiA,chula-vista-california
https://www.ubereats.com/san-diego/food-delivery/mcdonalds-1135-palm-avenue/HYEWNn30REy0neT0HWfW9w,chula-vista-california
https://www.ubereats.com/san-diego/food-delivery/tapioca-express-national-city-ca/TPLp9rNkQpqrC8oIWzxOTg,chula-vista-california
https://www.ubereats.com/san-diego/food-delivery/the-cake-pop-shop/i7zezPxaTpydCCQs44lnhg,chula-vista-california
https://www.ubereats.com/san-diego/food-delivery/subway-640-dennery-rd-ste-102/EwvtA_nyQH2cM0Xl5yEmBA,chula-vista-california
https://www.ubereats.com/san-diego/food-delivery/the-roost-republic/kjVEKoJkSyC4XPBckYcKbg,chula-vista-california
https://www.ubereats.com/san-diego/food-delivery/ohana-hawaiian-bbq-national-city/ClxPNbzhQDutnmfwCLG66Q,chula-vista-california
https://www.ubereats.com/san-diego/food-delivery/pollos-don-pepe/sY5IXtpaSoaiU1gmvVDPQw,chula-vista-california
https://www.ubereats.com/san-diego/food-delivery/panchos-authentic-mexican-chula-vista/3-kNfiIKSdafKmBecreeJw,chula-vista-california
https://www.ubereats.com/san-diego/food-delivery/stk-san-diego/R_VoPQALSFeYCsXm2CXpHw,chula-vista-california
https://www.ubereats.com/san-diego/food-delivery/savoie-italian-eatery/1ZNz8l61S6qDvheJUk1y1Q,chula-vista-california
https://www.ubereats.com/san-diego/food-delivery/burger-king-1180-palm-ave/hFooWCADQ2SsAKFHwfyVLQ,chula-vista-california
https://www.ubereats.com/san-diego/food-delivery/bobar-liquor-2-palm-ave/Eu-Pq29kSTOeDDKnwzgxUg,chula-vista-california
https://www.ubereats.com/san-diego/food-delivery/antojo-loko-sd/0uELRtcORTi1bY1ApjLBZQ,chula-vista-california
https://www.ubereats.com/san-diego/food-delivery/starbucks-3320-palm-ave/LKPczWwERcOFhr4cxcdmnw,chula-vista-california
https://www.ubereats.com/san-diego/food-delivery/tacos-los-chuchys/geBict6tRESFxvtc8NHqKg,chula-vista-california
https://www.ubereats.com/san-diego/food-delivery/aqui-es-texcoco/1AekqR8rTnePbFHhdMkDIw,chula-vista-california
https://www.ubereats.com/san-diego/food-delivery/aroma-thai/gkysfueaSvKVa1-Rx1mtUg,chula-vista-california
https://www.ubereats.com/san-diego/food-delivery/taco-man/N2OcOU-eR_WSAcTF_dLFvg,chula-vista-california
https://www.ubereats.com/san-diego/food-delivery/el-prieto-mariscos-y-birria/HDxsHxNWReSwEB93Vhahqg,chula-vista-california
https://www.ubereats.com/san-diego/food-delivery/sunset-market/tEEP9frxSu2Nm9lZX5bEsg,chula-vista-california
