url,city
https://www.ubereats.com/palm-springs/food-delivery/carls-jr-45761-dillon-rd/krfu36ybSq2TqjvPKl4dWg,coachella-california
https://www.ubereats.com/palm-springs/food-delivery/mcdonalds-coachella-jackson-%26-48th/h6UHgFFJS8-bE6w1XqEi-w,coachella-california
https://www.ubereats.com/palm-springs/food-delivery/el-ranchito-restaurant/Y2avu866Qv6smx_5gfodkg,coachella-california
https://www.ubereats.com/palm-springs/food-delivery/el-super-indio/EdwplLxoSDe3TgR2k1KCOA,coachella-california
https://www.ubereats.com/palm-springs/food-delivery/los-primos-market-and-taqueria/dcXE4c-eQUWNuMnNAPEVgQ,coachella-california
https://www.ubereats.com/palm-springs/food-delivery/wendys-79-275-highway-111/6bcvH8daQZa0QBEMamji3w,coachella-california
https://www.ubereats.com/palm-springs/food-delivery/jersey-mikes-subs-79-174-ca-111/jZ_ADNTnSryuWgf0QAptmA,coachella-california
https://www.ubereats.com/palm-springs/food-delivery/tkb-bakery-%26-deli/myLT8DS_TpGkNyDHG9ye-g,coachella-california
https://www.ubereats.com/palm-springs/food-delivery/taco-bell-50060-harrison-st/R1KmjaNRTUKH94jnXg3X_g,coachella-california
https://www.ubereats.com/palm-springs/food-delivery/heirloom-craft-kitchen/bq39NvbgQKqlel9ZY-Lopg,coachella-california
https://www.ubereats.com/palm-springs/food-delivery/sloans/YpBNQqDYS4WclTzUfahxgQ,coachella-california
https://www.ubereats.com/palm-springs/food-delivery/asadero-los-corrales-coachella/_FMnL9H4T4OsCq1h5pRRFQ,coachella-california
https://www.ubereats.com/palm-springs/food-delivery/wienerschnitzel-82-608-highway-111/xSjVy2HFRYmlDhbfTkLkYw,coachella-california
https://www.ubereats.com/palm-springs/food-delivery/carls-jr-81770-us-highway-111/FbwlNXXmRJW-vFmCpsZs1Q,coachella-california
https://www.ubereats.com/palm-springs/food-delivery/krispy-krunchy-chicken-43411-monroe-street/Rj1fdKcLRiWt1JOyKZqMzw,coachella-california
https://www.ubereats.com/palm-springs/food-delivery/todo-fresco-market/8ohyQ4YTTG2K2ZaPFpxvrw,coachella-california
https://www.ubereats.com/palm-springs/food-delivery/kitchen-88/Zw-23mXLSSWuEQpQ7aG4uQ,coachella-california
https://www.ubereats.com/palm-springs/food-delivery/steers-bar-%26-grill/22cnLbrRTvWM3UJvcqY2Sg,coachella-california
https://www.ubereats.com/palm-springs/food-delivery/barrel-district-pizza-bar-kitchen/br4P4-9ZTheyGRp2MMzeWw,coachella-california
https://www.ubereats.com/palm-springs/food-delivery/the-broken-yolk-cafe-la-quinta/7EblE02JRFuxv52PFi1l4Q,coachella-california
https://www.ubereats.com/palm-springs/food-delivery/kfc-%2330-42750-a-jackson-st/tMkUv6_KTWaTG9CQnE1BBw,coachella-california
https://www.ubereats.com/palm-springs/food-delivery/starbucks-83073-avenue-48/GvlhLB-pS525elJo7cRpeA,coachella-california
https://www.ubereats.com/palm-springs/food-delivery/taco-mark/dXf9R-y7QPmkXsdSRXk99w,coachella-california
https://www.ubereats.com/palm-springs/food-delivery/dennys-82120-hwy-111/M6CsVzPySM-Fltm9NLZZkg,coachella-california
https://www.ubereats.com/palm-springs/food-delivery/carls-jr-50-087-harrison-st/qtbW682DQj6dXk55vKVcJw,coachella-california
https://www.ubereats.com/palm-springs/food-delivery/mcdonalds-indio-hwy-111/xGOcxrk8QtOSmyGFHZT3tA,coachella-california
https://www.ubereats.com/palm-springs/food-delivery/the-roblero-pit/v0BNHt1LRYqfc58JclMtow,coachella-california
https://www.ubereats.com/palm-springs/food-delivery/rubios-78-447-hwy-111/w0WXjINtTQ6FRcQWIkHiZw,coachella-california
https://www.ubereats.com/palm-springs/food-delivery/fishermans-market-%26-grill-la-quinta/vK8NPjUWSwmGr6LhWeqPKg,coachella-california
https://www.ubereats.com/palm-springs/food-delivery/los-molcajetes/QZlNw6bnQ8WuZWPUMSHAmw,coachella-california
https://www.ubereats.com/palm-springs/food-delivery/arriolas-tortilleria/4-jE0PkjRBi7hDLrVUDwZQ,coachella-california
https://www.ubereats.com/palm-springs/food-delivery/chipotle-mexican-grill-79174-highway-111-ste-101/j2pgctMKTXSntHFDOZEayA,coachella-california
https://www.ubereats.com/palm-springs/food-delivery/mcdonalds-coachella-harrison-%26-50th/4VvvS-e8QYu_OLcxSWysig,coachella-california
https://www.ubereats.com/palm-springs/food-delivery/kfc-%2322-81769-us-highway-111/RzN7tipiR46rAS8VtYwPLA,coachella-california
https://www.ubereats.com/palm-springs/food-delivery/panda-express-82-451-hwy-111-building-b/ykn7FGIwQnqfs8aV3qeskQ,coachella-california
https://www.ubereats.com/palm-springs/food-delivery/el-pollo-loco-81901-state-hwy-1113314/qIBs5nZQQkukx0ogwMViWA,coachella-california
https://www.ubereats.com/palm-springs/food-delivery/carls-jr-78672-highway-111/Wlfo2DqNSdOE68C5OF6lTg,coachella-california
https://www.ubereats.com/palm-springs/food-delivery/cork-%26-fork/PHQRp3bkTqepKKed0HlvJg,coachella-california
https://www.ubereats.com/palm-springs/food-delivery/panda-express-42550-jackson-street/EzfEAvjjTriHWeXyTjczNw,coachella-california
https://www.ubereats.com/palm-springs/food-delivery/el-pollo-loco-78621-highway-1116119/obyPZJD6TK2UxqWDskn_Iw,coachella-california
https://www.ubereats.com/palm-springs/food-delivery/sams-sushi/s7RDmF99Sz2lr_jdCl3lsQ,coachella-california
https://www.ubereats.com/palm-springs/food-delivery/golden-dragon/cssOkg_TTb-tfWb0xjyt7g,coachella-california
https://www.ubereats.com/palm-springs/food-delivery/goodys-cafe/p2stCKerQvmqZbK9cVRrNg,coachella-california
https://www.ubereats.com/palm-springs/food-delivery/macarios-grill/qru6jEgPRUW_v5Vp_SnD-g,coachella-california
https://www.ubereats.com/palm-springs/food-delivery/papa-johns-81-022-us-hwy-111-ste-a/yuT9J-WtRXmDCR3YMEATBg,coachella-california
https://www.ubereats.com/palm-springs/food-delivery/jack-in-the-box-42550-b-jackson-street/NT52I8QETgGWGHNfyH9cCA,coachella-california
https://www.ubereats.com/palm-springs/food-delivery/sushi-on/aACYbSSLRyetTP4g1d9NqQ,coachella-california
https://www.ubereats.com/palm-springs/food-delivery/ihop-79892-hwy-111/2addWTnyRqOwpjGE1IlQeg,coachella-california
https://www.ubereats.com/palm-springs/food-delivery/china-jos/WiSxqt5uRp6hBuDKQOS1dw,coachella-california
https://www.ubereats.com/palm-springs/food-delivery/aldos-mexican-food/8YnWJQNQTsim_C3y-6BoXQ,coachella-california
https://www.ubereats.com/palm-springs/food-delivery/starbucks-81952-us-highway-111-%23a/f-_Q_x2CQTaAKZtMJouSug,coachella-california
https://www.ubereats.com/palm-springs/food-delivery/applebees-45305-seeley-drive/hEWYy36PRaCwM6tCbjvUGw,coachella-california
https://www.ubereats.com/palm-springs/food-delivery/the-brown-bag/rXxIHh5GSo2RMnXch5CkGw,coachella-california
https://www.ubereats.com/palm-springs/food-delivery/sams-korean-bbq/VDeklBGzSpawcQe5zHNofQ,coachella-california
https://www.ubereats.com/palm-springs/food-delivery/jcs-burger-and-grill/eYYf68KZS-iBMOvBTVkqOA,coachella-california
https://www.ubereats.com/palm-springs/food-delivery/cie-sichuan-cuisine/dDnsCAyxTBuilqYkYGxPLg,coachella-california
https://www.ubereats.com/palm-springs/food-delivery/the-ice-cream-shop/8CvNQAKCS5iIo5GHI57mNA,coachella-california
https://www.ubereats.com/palm-springs/food-delivery/jack-in-the-box-79724-highway-111/3dmhDf5RS86r6Sbkl0LjCQ,coachella-california
https://www.ubereats.com/palm-springs/food-delivery/subway-82162-hwy-111/29X3_LuoQH6AZwhM8399Ww,coachella-california
https://www.ubereats.com/palm-springs/food-delivery/taco-bell-83-157-avenue-48/dcyKC09kTOeeQDlTavrz5w,coachella-california
https://www.ubereats.com/palm-springs/food-delivery/jack-in-the-box-52144-harrison-st/Z96HQE6xQQeaWqoyVIayvA,coachella-california
https://www.ubereats.com/palm-springs/food-delivery/subway-83097-avenue-48/SIyBORcnSCGhS1b_vKZOiw,coachella-california
https://www.ubereats.com/palm-springs/food-delivery/las-carretas-taco-shop/LdE6IjnrQLyKWD4cJUTVyw,coachella-california
https://www.ubereats.com/palm-springs/food-delivery/burger-king-81-779-highway-111/r94q1SBPSXuDFr5-781enQ,coachella-california
https://www.ubereats.com/palm-springs/food-delivery/china-bistro/1U8RKqVuS6iKGkjacWz0qQ,coachella-california
https://www.ubereats.com/palm-springs/food-delivery/burger-king-48055-grapefruit-blvd/YjxDOywvRiCVJxquKzlsVA,coachella-california
https://www.ubereats.com/palm-springs/food-delivery/huertas-restaurant/h66Wx-ktS2WMuSwXLa185A,coachella-california
https://www.ubereats.com/palm-springs/food-delivery/red-robin-243-78-722-highway-111/uWRgOV-mTQ2kg6iLkTm1uA,coachella-california
https://www.ubereats.com/palm-springs/food-delivery/subway-43430-monroe-street/_QmCByYpQf23TmLoTAnmLw,coachella-california
https://www.ubereats.com/palm-springs/food-delivery/soul-of-china-washington-st/8C_V5hd6SFCerNb-GziojA,coachella-california
https://www.ubereats.com/palm-springs/food-delivery/panda-express-42175-washington-st/WyIWbjjfQyi0f4OI2879Fg,coachella-california
https://www.ubereats.com/palm-springs/food-delivery/five-guys-ca-1190-78-445-highway-111/chNW6ZyYQJudAgaPASDVGQ,coachella-california
https://www.ubereats.com/palm-springs/food-delivery/carls-jr-42225-jackson-st/_FFML0CGT6-IkuUHHqZA_w,coachella-california
https://www.ubereats.com/palm-springs/food-delivery/mi-lindo-sinaloa-coachella/aOfYK8w5RBu7EJcd-ZhERA,coachella-california
https://www.ubereats.com/palm-springs/food-delivery/andys-4-burgers-indio/-CV5hQ0_QUivv2NHdQxJrg,coachella-california
https://www.ubereats.com/palm-springs/food-delivery/fresh-juice-bar-la-quinta/IBBt9nJxQEGHBSFC1a4mrA,coachella-california
https://www.ubereats.com/palm-springs/food-delivery/casa-de-silvia/KXREwNRaRzKEXJfLprPCGw,coachella-california
https://www.ubereats.com/palm-springs/food-delivery/dingtea/q6gAeOFMR8iET6uAiUS2ig,coachella-california
https://www.ubereats.com/palm-springs/food-delivery/unique-bite-eatery/S8cKWwatQ42WlT2UE5pe8w,coachella-california
https://www.ubereats.com/palm-springs/food-delivery/the-ice-cream-shop/S7LqEbtXRAmI7BSqq9TeIw,coachella-california
https://www.ubereats.com/palm-springs/food-delivery/juice-it-up!-la-quinta/auFSBOjLR5y19UbDtXYpQA,coachella-california
https://www.ubereats.com/palm-springs/food-delivery/round-table-pizza-81637-highway-111/JwKx2b3jQWOT2rScPH_6RQ,coachella-california
https://www.ubereats.com/palm-springs/food-delivery/tack-room-tavern/WUrAvV7iRp2uwSMYbbbDKA,coachella-california
https://www.ubereats.com/palm-springs/food-delivery/santiagos-mexican-food/m6y6t5mZS3y7A6ErsL8SPg,coachella-california
https://www.ubereats.com/palm-springs/food-delivery/your-pie-pizza-indio/Q9RsbyEGRpO-0L8WuikDpA,coachella-california
https://www.ubereats.com/palm-springs/food-delivery/popeyes-louisiana-kitchen-46155-dillon-rd/660pAy98TMyHcfNVK_QFZw,coachella-california
https://www.ubereats.com/palm-springs/food-delivery/kfc-%2324-49950-harrison-st/hB4zs71RQmSUVhMdATGDQg,coachella-california
https://www.ubereats.com/palm-springs/food-delivery/ihop-42150-jackson-st/pRjZAzR4TeWFnDrSpZLvoQ,coachella-california
https://www.ubereats.com/palm-springs/food-delivery/jack-in-the-box-82210-us-highway-111/eWxYSnNFStSPHxOKmRhbBw,coachella-california
https://www.ubereats.com/palm-springs/food-delivery/applebees-82894-us-highway-111/ypYzViJ1TzO74VJU7rLvCA,coachella-california
https://www.ubereats.com/palm-springs/food-delivery/del-taco-82742-state-highway-111/pLm7r1DMQiOFDK2ujPFgDw,coachella-california
https://www.ubereats.com/palm-springs/food-delivery/del-taco-52119-harrison-street/kttX50coTKOKREqahdFXaA,coachella-california
https://www.ubereats.com/palm-springs/food-delivery/the-cantina/I3mEoAY7QO-ydoHAkVQFiw,coachella-california
https://www.ubereats.com/palm-springs/food-delivery/polo-pizza-co/K5pRQYMRT0GrXhFGT9dZmw,coachella-california
https://www.ubereats.com/palm-springs/food-delivery/burgerim-44100-jefferson-st/cfM4D8poQeyQvWUV7ZsM5A,coachella-california
https://www.ubereats.com/palm-springs/food-delivery/subway-49965-harrison-ave/zI9bxHNVSbaRVQ_IgiCqtw,coachella-california
https://www.ubereats.com/palm-springs/food-delivery/the-habit-burger-grill-79174-highway-111/C1eFLhVrQuet74Wuhh_wUg,coachella-california
https://www.ubereats.com/palm-springs/food-delivery/azucenas-raspados-y-ice-cream/yJ9DzZ_WTV2eGqFtsYr4FQ,coachella-california
