url,city
https://www.ubereats.com/los-angeles/food-delivery/wienerschnitzel-13999-francisquito-ave/m1x-DGX1RIC7W2Ym8c2A5Q,duarte-california
https://www.ubereats.com/los-angeles/food-delivery/tasty-goody/7F0V5PqZQy2SOcmuNRdQIg,duarte-california
https://www.ubereats.com/los-angeles/food-delivery/saigon-avenue/1ldSb8mfQACXFoHrJQgLJg,duarte-california
https://www.ubereats.com/los-angeles/food-delivery/burgerim-301-south-glendora-avenue/mplfIo4JSwOmfbUvJpCVRQ,duarte-california
https://www.ubereats.com/los-angeles/food-delivery/ahipoki-bowl-west-covina/B8fukf4XTyyDcf17f6cGhA,duarte-california
https://www.ubereats.com/los-angeles/food-delivery/subway-3127-a-baldwin-park-blvd/09HOlSJqQoKdwZdY6VLc3g,duarte-california
https://www.ubereats.com/los-angeles/food-delivery/churchs-chicken-10967-garvey-avenue/TRWNuuOkTAe5zzJIcWYUuA,duarte-california
https://www.ubereats.com/los-angeles/food-delivery/el-pollo-loco-621-n-azusa-ave3437/p5NUyKeURSmocSar-ZoTqg,duarte-california
https://www.ubereats.com/los-angeles/food-delivery/carls-jr-7362/GYvlGuNpS8CXgBQZB1BnPQ,duarte-california
https://www.ubereats.com/los-angeles/food-delivery/ludingji-noodles-arcadia/LzPAdf7gS_SdbppH0OgQew,duarte-california
https://www.ubereats.com/los-angeles/food-delivery/jack-in-the-box-164-e-live-oak-ave/WETUk3jiShG-4DvbAgZ1gg,duarte-california
https://www.ubereats.com/los-angeles/food-delivery/el-salvadoreno-restaurant/wa6ICKUyTUWgC_ihWtWV8g,duarte-california
https://www.ubereats.com/los-angeles/food-delivery/starbucks-puente-%26-the-10-fwy-baldwin-park/wqddAUdAR_CjgWsAg-99fQ,duarte-california
https://www.ubereats.com/los-angeles/food-delivery/jims-burgers/8rR1-aKUSrOMEj0sqlbisA,duarte-california
https://www.ubereats.com/los-angeles/food-delivery/pollo-brazero/8JErWXN5R7GDmnYwJTM6hw,duarte-california
https://www.ubereats.com/los-angeles/food-delivery/jersey-mikes-monrovia/n5rLpnQBR1yI_WAYzykpBA,duarte-california
https://www.ubereats.com/los-angeles/food-delivery/noors-indian-bistro/TfFgGKrASy2seviUE1S0fA,duarte-california
https://www.ubereats.com/los-angeles/food-delivery/coffeejpg/Lqte30cFTUe_ktfMebteyg,duarte-california
https://www.ubereats.com/los-angeles/food-delivery/rikas-empanadas/aw-UQq6STcOzvJ9ggnGEOA,duarte-california
https://www.ubereats.com/los-angeles/food-delivery/churchs-chicken-701-east-huntington/VMXubYnVR3CKZSHJDMY9vg,duarte-california
https://www.ubereats.com/los-angeles/food-delivery/goldsteins-bagel-bakery-arcadia/4mkNtz3kRYeYtzuzqmDxTQ,duarte-california
https://www.ubereats.com/los-angeles/food-delivery/mcdonalds-duarte-huntingtn/Rg9t9eIOSUmbiZCaGMXpbQ,duarte-california
https://www.ubereats.com/los-angeles/food-delivery/mays-cafe/qDB1XfeWQD6BNgVYEghp7A,duarte-california
https://www.ubereats.com/los-angeles/food-delivery/mcdonalds-219-s-azusa/PyHr8QfkQO6QKrasauBcHg,duarte-california
https://www.ubereats.com/los-angeles/food-delivery/dumpling-house/4Kg3DCwJSh2vK5lMshx7pg,duarte-california
https://www.ubereats.com/los-angeles/food-delivery/baskin-robbins-duarte/nA4thUazQOG4M_rf4WKWxA,duarte-california
https://www.ubereats.com/los-angeles/food-delivery/cafe-bungalow/5r4siIGOTJa40VTzhnwNEA,duarte-california
https://www.ubereats.com/los-angeles/food-delivery/tancca-tea-house/lMzAV7JBTl2W_fvLBCP2nw,duarte-california
https://www.ubereats.com/los-angeles/food-delivery/super-albert-fresh-mexican-food/50_WGMPZQTuzRSzcFR2Eag,duarte-california
https://www.ubereats.com/los-angeles/food-delivery/waba-grill-4138-maine-ave-ste-m1-baldwin-park/nnc8ynx9SjWJuZl6i93PRA,duarte-california
https://www.ubereats.com/los-angeles/food-delivery/boba-ave-express/Xg68TWi-RIif2xBAqjUFMg,duarte-california
https://www.ubereats.com/los-angeles/food-delivery/phoenix-kitchen-temple-city/CLpsukgNTDuP995Q0sIiCQ,duarte-california
https://www.ubereats.com/los-angeles/food-delivery/its-pho-girls/bFkOV9MdRa6MM1aJxYKFOA,duarte-california
https://www.ubereats.com/los-angeles/food-delivery/broiling-pit/hhZKSZM_S4WknsK7LmTGMg,duarte-california
https://www.ubereats.com/los-angeles/food-delivery/zodiac/0BsFCV3NTJ-PUiBtASHKvA,duarte-california
https://www.ubereats.com/los-angeles/food-delivery/garlic-crab-pho-filet/WhRf1giOSC26xn-vfs0B7g,duarte-california
https://www.ubereats.com/los-angeles/food-delivery/menchies-frozen-yogurt-10619-valley-boulevard/bQbCNeuGSRGVpjuKpZAA7w,duarte-california
https://www.ubereats.com/los-angeles/food-delivery/cafe-x2o-glendora/_0i6K4r0ROizyAW8IMlZXw,duarte-california
https://www.ubereats.com/los-angeles/food-delivery/winchells-donut-house-13070-e-valley-blvd/2rlB1duFQRiYeb7unM7_zA,duarte-california
https://www.ubereats.com/los-angeles/food-delivery/laoxi-noodle-house/85JCOf8gR_SNQ1BSMawkaA,duarte-california
https://www.ubereats.com/los-angeles/food-delivery/bento-ya/15ApY_FDSgWAeIJr3V9zKg,duarte-california
https://www.ubereats.com/los-angeles/food-delivery/starbucks-foothill-%26-myrtle-monrovia/HaTVAZBrTeiONfR_3TG5YQ,duarte-california
https://www.ubereats.com/los-angeles/food-delivery/burger-king-1070-north-grand-avenue/1Utk0twfRvKcCCu2YcrpxA,duarte-california
https://www.ubereats.com/los-angeles/food-delivery/bun-street/aKIhGQIjSvGUHlMaIqcF9g,duarte-california
https://www.ubereats.com/los-angeles/food-delivery/bionicos/gWJ71hFxR32CJoB6QvVdEw,duarte-california
https://www.ubereats.com/los-angeles/food-delivery/blazin-chicks/JOlV7oRsR-GGg97g-SBi3A,duarte-california
https://www.ubereats.com/los-angeles/food-delivery/dunkin-13905-francisquito-ave/mhGMpsPQSViEX7TVo7uhuQ,duarte-california
https://www.ubereats.com/los-angeles/food-delivery/blaze-pizza-824-e-alosta-ave/7Ztm5vsETBybVn9L8VdGhg,duarte-california
https://www.ubereats.com/los-angeles/food-delivery/shin-sen-gumi-hakata-ramen-rosemead/BceUNvF7TE-XxGjHv82whw,duarte-california
https://www.ubereats.com/los-angeles/food-delivery/the-reverse-orangutan/Dcj6b9puRQquJX7JNRarqQ,duarte-california
https://www.ubereats.com/los-angeles/food-delivery/tomo-sushi-%26-teriyaki/Oaiuvm60RnG_9qm3QFFeig,duarte-california
https://www.ubereats.com/los-angeles/food-delivery/taco-grill/l5rZBLmBRR26dpcLZka8Ow,duarte-california
https://www.ubereats.com/los-angeles/food-delivery/charleys-philly-steaks-%26-wings-glendora-plaza/c_lPIOv0T_S7ffPq3eEJCg,duarte-california
https://www.ubereats.com/los-angeles/food-delivery/cabreras-arcadia/nOoHDlHMR8GgMtRu_ZEu8w,duarte-california
https://www.ubereats.com/los-angeles/food-delivery/jakes-roadhouse/W7bEtpQHQp-bT9j0ABhSRg,duarte-california
https://www.ubereats.com/los-angeles/food-delivery/sushi-fire-duarte/zXdTPSr9THS22Eze2Mp59w,duarte-california
https://www.ubereats.com/los-angeles/food-delivery/la-cocinita-llc/QQmxH4sUSfS4n9TW6wwMYw,duarte-california
https://www.ubereats.com/los-angeles/food-delivery/mcdonalds-glendora/5WQGP8TbQB-zDJi0HoiHOQ,duarte-california
https://www.ubereats.com/los-angeles/food-delivery/the-cajun-bayou/zXVeQVNTSa-B--nVILDFlQ,duarte-california
https://www.ubereats.com/los-angeles/food-delivery/wazakuraken-ramen/rVDMUUnYQB-v_8a5fThgMA,duarte-california
https://www.ubereats.com/los-angeles/food-delivery/wendys-190-west-foothill-blvd/2KzRFsM_SwCb1YBVGnVq_w,duarte-california
https://www.ubereats.com/los-angeles/food-delivery/shawn-cafe/_2919x8xQsey6YoXezXg1w,duarte-california
https://www.ubereats.com/los-angeles/food-delivery/original-tommys-hamburgers-monrovia/PS7M78VtRpW2Z3nDUzzh2Q,duarte-california
https://www.ubereats.com/los-angeles/food-delivery/five-guys-ca-1432-112-plaza-dr/n3dlOjOmTUuSkxLQeNX3zw,duarte-california
https://www.ubereats.com/los-angeles/food-delivery/the-ice-cream-shop/Yurz656ARSelWHBRDP7V5A,duarte-california
https://www.ubereats.com/los-angeles/food-delivery/papa-johns-west-covina/B4ZiIGqoQ8CwjiEtdZFA5g,duarte-california
https://www.ubereats.com/los-angeles/food-delivery/fantasy-frostings/N3_kTT_aTD-ZHNIYbW8-dw,duarte-california
https://www.ubereats.com/los-angeles/food-delivery/the-derby/bBAGUHpnQSKRinbIKdtPYA,duarte-california
https://www.ubereats.com/los-angeles/food-delivery/hollywood-noodle/-IJwW6FnTguITMrwY4AsUw,duarte-california
https://www.ubereats.com/los-angeles/food-delivery/yoshinoya-420-n-azusa-avenue/70kshOhFSI-KLRfOua48MA,duarte-california
https://www.ubereats.com/los-angeles/food-delivery/panda-express-azusa-856-e-alosta-ave/Fj9Im0-FS7yfBuGG4t2IlQ,duarte-california
https://www.ubereats.com/los-angeles/food-delivery/noodle-stars/W5CrqTYuRfmmyMIG0IAuOA,duarte-california
https://www.ubereats.com/los-angeles/food-delivery/the-patio-mediterranean-cuisine/4_Yfj4ewQyqmZufSFH5_JQ,duarte-california
https://www.ubereats.com/los-angeles/food-delivery/far-east-joint/ZAxPn3_8Rx64l2AeNICcIQ,duarte-california
https://www.ubereats.com/los-angeles/food-delivery/yureka-cafe/tyL2orpAT_O72ds-_CPWJA,duarte-california
https://www.ubereats.com/los-angeles/food-delivery/gin-sushi-pasadena/Iva0p2wzRGW8QrdRQPksYA,duarte-california
https://www.ubereats.com/los-angeles/food-delivery/meizhou-express/yasGoSywT7SeDHpwqo2VZA,duarte-california
https://www.ubereats.com/los-angeles/food-delivery/cabreras-duarte/LiWrxrq_S-eH6vrb1JYsOg,duarte-california
https://www.ubereats.com/los-angeles/food-delivery/new-fusion-restaurant/WKP0e4iLQkKI8pvh5h56AQ,duarte-california
https://www.ubereats.com/los-angeles/food-delivery/taco-king-e-foothill/LdbjMQdCRHWz2A-BDw0kTA,duarte-california
https://www.ubereats.com/los-angeles/food-delivery/lets-go-kebab/zwAmrONdSlm1R--YXg1t2g,duarte-california
https://www.ubereats.com/los-angeles/food-delivery/subway-1225-e-huntington-dr/CTzbfdgfTp6HAoqsZxL-4Q,duarte-california
https://www.ubereats.com/los-angeles/food-delivery/jersey-mikes-subs-glendora-865-w-route-66/J9OOEog1RXKzD7idvEpw0A,duarte-california
https://www.ubereats.com/los-angeles/food-delivery/jack-in-the-box-877-e-alosta-ave/lZMdMrgMRYGR_JRX7hnh0Q,duarte-california
https://www.ubereats.com/los-angeles/food-delivery/subway-2225-east-huntington-dr/4vi_i3A0Scm04pB5Lffn3A,duarte-california
https://www.ubereats.com/los-angeles/food-delivery/yum-yum-donuts-4351-n-maine/gT-_YpZfTDCC7slqS4-uAA,duarte-california
https://www.ubereats.com/los-angeles/food-delivery/miras-grill/oYYkzEMfSIWNXUi9hP9Edg,duarte-california
https://www.ubereats.com/los-angeles/food-delivery/kai-ramen-arcadia/p7sXKoFpRom0PNEysx4MRQ,duarte-california
https://www.ubereats.com/los-angeles/food-delivery/jersey-mikes-subs-3746-e-foothill-blvd/159F6yfTQ8O6iih03xiIiA,duarte-california
https://www.ubereats.com/los-angeles/food-delivery/dollis/0FrOTMy5QAygFKiVrYDgVA,duarte-california
https://www.ubereats.com/los-angeles/food-delivery/la-bufadora-baja-grill-irwindale/hahuepePTMmkBBZp4VL0Cw,duarte-california
https://www.ubereats.com/los-angeles/food-delivery/wangs-place/ytHXN214TH-pOCokGe4vRw,duarte-california
https://www.ubereats.com/los-angeles/food-delivery/lamesa-restaurant-and-bar/KUb8u1p1Q6WWxq002BkUDw,duarte-california
https://www.ubereats.com/los-angeles/food-delivery/shaanxi-lobby-restaurant/CMaE2vceSWm2pa18swOiNg,duarte-california
https://www.ubereats.com/los-angeles/food-delivery/wienerschnitzel-monrovia/vkU_q8TaSzil4pL2uEDa9g,duarte-california
https://www.ubereats.com/los-angeles/food-delivery/jokers-koffee/xJAuRiXSRuqxzSxRQbskPQ,duarte-california
https://www.ubereats.com/los-angeles/food-delivery/bcs-donuts/5mLKV2yIQ0G1Q8XZIavAxw,duarte-california
https://www.ubereats.com/los-angeles/food-delivery/georgias-original-bun-n-burger/coAjBq8MTFKilQ4Lu4phyA,duarte-california
https://www.ubereats.com/los-angeles/food-delivery/waba-grill-186-w-foothill-blvd/EiDQdz38S3yjMe8RZ2zh5Q,duarte-california
https://www.ubereats.com/los-angeles/food-delivery/yogurtland-922-e-alosta-ave/a50V0w1mTwy-esnYjUbW3w,duarte-california
https://www.ubereats.com/los-angeles/food-delivery/la-jamaya/b7z8WfQ6TjSBNYnqfj5pdA,duarte-california
https://www.ubereats.com/los-angeles/food-delivery/am-donut-%26-yogurt/JjrOvWamT7mF4lFb5Ibkrw,duarte-california
https://www.ubereats.com/los-angeles/food-delivery/bambu-desserts-%26-drinks-west-covina/U4UGEw9FQBG2r36K9KC39Q,duarte-california
https://www.ubereats.com/los-angeles/food-delivery/tacos-y-mariscos-tony/_98Se4CASPKoX11YsLB4dA,duarte-california
https://www.ubereats.com/los-angeles/food-delivery/pho-pasteur/BsqHlGe1SPSxbaaBbm0C8A,duarte-california
https://www.ubereats.com/los-angeles/food-delivery/buffalos-express-el-monte/udp2MkvfSaaohDDYdIREfg,duarte-california
https://www.ubereats.com/los-angeles/food-delivery/lb-cake-stop/ENv7-FbvT06cYfVPUGX8Fg,duarte-california
https://www.ubereats.com/los-angeles/food-delivery/taqueria-la-chilanguita/hrcOIjG0TU27C33q08KuPg,duarte-california
https://www.ubereats.com/los-angeles/food-delivery/el-appetiz/zqbrWLQ7Qd-jAlm8QW4x_w,duarte-california
https://www.ubereats.com/los-angeles/food-delivery/ikka-sizzling-pot/nMYOCIgLS4KcU46fqU45CQ,duarte-california
https://www.ubereats.com/los-angeles/food-delivery/ra-sushi-400-south-baldwin-avesuite-901-l/nY4uiDHXTBCIWC6oDa4vPw,duarte-california
https://www.ubereats.com/los-angeles/food-delivery/pho-ha-linh/qVzkC9WuRN-pmP8Tt4cfZw,duarte-california
https://www.ubereats.com/los-angeles/food-delivery/uno-tea-house-monrovia/K1Z7yNejQlCqSMpM_1kXVA,duarte-california
https://www.ubereats.com/los-angeles/food-delivery/tru-bowl-superfood-bar/VDR9TrbcTpOPdz5AQd_3Tg,duarte-california
https://www.ubereats.com/los-angeles/food-delivery/sierra-fusion/VCDBhT1dS9SWKKCsWN9H7g,duarte-california
https://www.ubereats.com/los-angeles/food-delivery/little-caesars-foothill-boulevard/nDioTWZ-Rwq_0uIy6KVPng,duarte-california
https://www.ubereats.com/los-angeles/food-delivery/pick-up-stix-glendora/R2T6iX9tQkWTHTWy5hKQPg,duarte-california
https://www.ubereats.com/los-angeles/food-delivery/gelatissimo/O9Rp5TXuRDqRysbYGsVNIw,duarte-california
https://www.ubereats.com/los-angeles/food-delivery/meet-fresh-temple-city/t-rVHrzvSv-BZsKW7sR0zA,duarte-california
https://www.ubereats.com/los-angeles/food-delivery/sweet-heart-dessert-house/5LF1TGOMSmeegYLJOKGFiQ,duarte-california
https://www.ubereats.com/los-angeles/food-delivery/burgerim-1240-w-foothill-blvd/TkvJtqB4SnmR0uBSj-BoYQ,duarte-california
https://www.ubereats.com/los-angeles/food-delivery/tea-brick-arcadia-inc/D262OVWPRS2Rg7HcE7Is_g,duarte-california
https://www.ubereats.com/los-angeles/food-delivery/pho-licious/OIuXJ22JTDmX7eOpGOP-gQ,duarte-california
https://www.ubereats.com/los-angeles/food-delivery/kiyo-japanese-cuisine/gp6CqwtpSnyURM256m33-Q,duarte-california
https://www.ubereats.com/los-angeles/food-delivery/grano-italian-restaurant/ldTeksMDQ8iGVdPcAeZ6wQ,duarte-california
https://www.ubereats.com/los-angeles/food-delivery/round-table-pizza-w-huntington-dr/OYiUV2KLT5OEqRbzrfm4iQ,duarte-california
https://www.ubereats.com/los-angeles/food-delivery/el-pollo-loco-temple-city/l22cp-MARAqYpmMZvNSZfw,duarte-california
https://www.ubereats.com/los-angeles/food-delivery/hilo-volcano-grill/YUB9Aq2JTDmMGN1ZFbmqag,duarte-california
https://www.ubereats.com/los-angeles/food-delivery/little-caesars-806-arrow-highway/m1Fk1Ss4TNWMtpNz6Hq7zw,duarte-california
https://www.ubereats.com/los-angeles/food-delivery/p%26g-super-burger/OZIYXXnpQT2DRYGcVCNFcg,duarte-california
https://www.ubereats.com/los-angeles/food-delivery/burger-king-245-n-citrus/v9el3cgjQSeHHBnIfANfdQ,duarte-california
https://www.ubereats.com/los-angeles/food-delivery/noodle-st/6YetFsuWSFmZaCC9EBZdgg,duarte-california
https://www.ubereats.com/los-angeles/food-delivery/mooyah-burgers-116-w-foothill-blvd/AJUWqT2ISHSnFq7d6asG3g,duarte-california
https://www.ubereats.com/los-angeles/food-delivery/bbq-indian-cuisine/p7ahgnIORRmGG4Su6ER5WA,duarte-california
https://www.ubereats.com/los-angeles/food-delivery/mu-dan-chinese-food/mRDn-geFTZ-3kEOeflBjgg,duarte-california
https://www.ubereats.com/los-angeles/food-delivery/nest-tea-house/NkGrKw6nQmStdxBMAakr-A,duarte-california
https://www.ubereats.com/los-angeles/food-delivery/pepes-finest-mexican-food/IzlhIOwiQqeSALoBcZqQVA,duarte-california
https://www.ubereats.com/los-angeles/food-delivery/yum-yum-donuts-623-s-citrus-ave/CwJpuMuyRuiJrdZoAxOHhg,duarte-california
https://www.ubereats.com/los-angeles/food-delivery/sharkie-poke/xc6tvuq7QaKsCwVi2Kf4nA,duarte-california
https://www.ubereats.com/los-angeles/food-delivery/outback-steakhouse-166-e-huntington-dr/HUC3vdfZQv6c9e0uXh-cuQ,duarte-california
https://www.ubereats.com/los-angeles/food-delivery/the-deli-box/nHhfXSZcQCKdVRRhSG2eiA,duarte-california
https://www.ubereats.com/los-angeles/food-delivery/mcdonalds-arcadia-foothill/HO1M-d0CSKqGqSDZ8PiYGg,duarte-california
https://www.ubereats.com/los-angeles/food-delivery/chipotle-mexican-grill-608-w-huntington-dr/qOSLYh8pSOGXN5gp2R_2Rg,duarte-california
https://www.ubereats.com/los-angeles/food-delivery/latin-tacos/2sQn598UR8iqb8VjJXhf5Q,duarte-california
https://www.ubereats.com/los-angeles/food-delivery/mariscos-san-isidro/batv_ZvAT4mCM92FafEMXg,duarte-california
https://www.ubereats.com/los-angeles/food-delivery/ihop-702-s-citrus-ave/AS6j9DICSLyndnCMKzXcdA,duarte-california
https://www.ubereats.com/los-angeles/food-delivery/royce-chocolate-westfield-santa-anita/eIxSXRODSjmGNY7FKtYB4A,duarte-california
https://www.ubereats.com/los-angeles/food-delivery/taco-tapatio/AWZqXuVpSgmWfm05YHnwRg,duarte-california
https://www.ubereats.com/los-angeles/food-delivery/universal-donuts/vXOLSybXSLSV-ZlHcIbLiw,duarte-california
https://www.ubereats.com/los-angeles/food-delivery/krispy-krunchy-chicken-13106-valley-blvd/3dEOuCT8QcmcKWz426IT_Q,duarte-california
https://www.ubereats.com/los-angeles/food-delivery/cold-stone-creamery-408-s-myrtle-ave/lyFh83erQs-_jtSV3ee6Hg,duarte-california
https://www.ubereats.com/los-angeles/food-delivery/lemon-zest-cafe/cn-eXwRjROiS6gVDk2Hdhg,duarte-california
https://www.ubereats.com/los-angeles/food-delivery/panda-express-monrovia-682-w-huntington-dr/yiyEsv26RZ-KCfdyDzz7gg,duarte-california
https://www.ubereats.com/los-angeles/food-delivery/papa-johns-20772-e-arrow-hwy/t53d7GygS6KbUNUQomwMQg,duarte-california
https://www.ubereats.com/los-angeles/food-delivery/pressed-juicery-hub-arcadia/Tc_tjR0JR6WXAH7-l9kvBQ,duarte-california
https://www.ubereats.com/los-angeles/food-delivery/veg-street/4IAEZ42KT7K9vkPRFR94pw,duarte-california
https://www.ubereats.com/los-angeles/food-delivery/lan-noodle/4sqhlkicQIWqpANS2MUxhQ,duarte-california
https://www.ubereats.com/los-angeles/food-delivery/jack-in-the-box-126-n-azusa-ave/14DrZvDDSbijCPUDJmLITQ,duarte-california
https://www.ubereats.com/los-angeles/food-delivery/mammas-juicery/ki2is_DHR8uJzxEPqJQTSQ,duarte-california
https://www.ubereats.com/los-angeles/food-delivery/ezze-sushi/HANuFuapSpue6uQ4NuPVmw,duarte-california
https://www.ubereats.com/los-angeles/food-delivery/mcdonalds-wcovina-azusa/ZxJ1idAeSkOZShcDEbKdnA,duarte-california
https://www.ubereats.com/los-angeles/food-delivery/don-alfonsos-mexican-food/lMVaZRk7Tn6oRHyr7DxhQw,duarte-california
https://www.ubereats.com/los-angeles/food-delivery/curry-time-express-indian-food/3ZtKxImBSZWLm9YzfmypMQ,duarte-california
https://www.ubereats.com/los-angeles/food-delivery/osunas-mexican-grill/ZxksJ4goQwyPiTjw4x-AbQ,duarte-california
https://www.ubereats.com/los-angeles/food-delivery/wendys-15732-arrow-highway/1ZkHll6xT4euSUigo_9NfA,duarte-california
https://www.ubereats.com/los-angeles/food-delivery/churchs-chicken-1180-north-hacienda-blvd/KKnyKlsxQE-ddcCOcL_fmA,duarte-california
https://www.ubereats.com/los-angeles/food-delivery/waba-grill-630-s-grand-ave-glendora/hwjUaz5VSJid8dP7rwpNDA,duarte-california
https://www.ubereats.com/los-angeles/food-delivery/sushi-nakata/7sMJYnuBRv2FE8uc4nRK7Q,duarte-california
https://www.ubereats.com/los-angeles/food-delivery/callahans-irish-pub/e4ldl3tPSQSS2Fb0kv4Y7g,duarte-california
https://www.ubereats.com/los-angeles/food-delivery/starbucks-arrow-hwy-%26-4th-irwindale/ety7r1ufSLq-PWKyJ_wYOw,duarte-california
https://www.ubereats.com/los-angeles/food-delivery/taco-bell-116-e-route-66/yFD9xz4URGq4W4nTgNwITQ,duarte-california
https://www.ubereats.com/los-angeles/food-delivery/dear-house-drink-%26-cake/zprMjYwBSWqYkkQsscDu3A,duarte-california
https://www.ubereats.com/los-angeles/food-delivery/mandarin-chinese-and-sushi/rDqYWWowTZeLd5CW6RBi7A,duarte-california
https://www.ubereats.com/los-angeles/food-delivery/india-food-and-spices/7Lc7wkboQJqMOqy4q2K7YQ,duarte-california
https://www.ubereats.com/los-angeles/food-delivery/el-super-baldwin-park/C_RYzvWOQXytCd-goOHJEQ,duarte-california
https://www.ubereats.com/los-angeles/food-delivery/taqueria-el-atacor-%237/ltMHbAZ4RNGQYW3mbcOuAw,duarte-california
https://www.ubereats.com/los-angeles/food-delivery/opus-sushi/SuhVgUonRgWR885oPqCG7A,duarte-california
https://www.ubereats.com/los-angeles/food-delivery/phoenix-food-boutique-arcadia/LRfANftmTCGlccNQxJn-Xg,duarte-california
https://www.ubereats.com/los-angeles/food-delivery/portos-bakery-%26-cafe/B_5btWpUTZCQ8XaSIxcV6Q,duarte-california
https://www.ubereats.com/los-angeles/food-delivery/hon-sushi-monrovia/KqJaRRzZTcGczKwaiptBhg,duarte-california
https://www.ubereats.com/los-angeles/food-delivery/fatburger-%26-buffalos-express-939-w-huntington-drive/NY3hT3qVSmaslo3SB45OVw,duarte-california
https://www.ubereats.com/los-angeles/food-delivery/popbar/dNNLBN1xQoyCkp5K5_4k5A,duarte-california
https://www.ubereats.com/los-angeles/food-delivery/corfu/Na6lSlp7Sf-6GpQQx8kbCQ,duarte-california
https://www.ubereats.com/los-angeles/food-delivery/one-veg-world-glendora-ave/uleoa_ECRyy5LEx_W4RGeA,duarte-california
https://www.ubereats.com/los-angeles/food-delivery/jack-in-the-box-912-n-azusa-ave/t9TsczyZSTKZyohpByGf_A,duarte-california
https://www.ubereats.com/los-angeles/food-delivery/its-boba-time-santa-anita/iqMYXdkuTsaASpL-4rT7XA,duarte-california
https://www.ubereats.com/los-angeles/food-delivery/dennys-546-w-baseline-rd/HKm-M-QRTZKL9-QMkFOk5A,duarte-california
https://www.ubereats.com/los-angeles/food-delivery/delicious-chengdu-%E8%9C%80%E9%A6%99%E5%93%81%E9%B1%BC%E8%BD%A9/rrluyttuSR-7AIcQWhTqWg,duarte-california
https://www.ubereats.com/los-angeles/food-delivery/sands-chinese-restaurant/f5qi4pZrSB-KEryzNTSopg,duarte-california
https://www.ubereats.com/los-angeles/food-delivery/dennys-645-n-azusa/KJ-jYd4HTzWmo7m9CavNHA,duarte-california
https://www.ubereats.com/los-angeles/food-delivery/byob-a-boba-company/QH8nBGdSSl6ziNuWtFhX9w,duarte-california
https://www.ubereats.com/los-angeles/food-delivery/california-seafood-pub/ojRgYRqeRBC1uEv3tMRkAQ,duarte-california
https://www.ubereats.com/los-angeles/food-delivery/tacos-gavilan-la-puente/c6HdjKRVTzOWRjObcyEazw,duarte-california
https://www.ubereats.com/los-angeles/food-delivery/covina-burgers/sLrWlWCJThOzby7UnKrcpQ,duarte-california
https://www.ubereats.com/los-angeles/food-delivery/earth-tone-natural-kitchen-%26-market/X9KN3EcqTjy8-WOtCN975A,duarte-california
https://www.ubereats.com/los-angeles/food-delivery/crawplay/CsqGxSZwTFWM4dtNCEFwVg,duarte-california
https://www.ubereats.com/los-angeles/food-delivery/kfc-1128-huntington-dr/yusYbEShTK6lWwviOhHx-w,duarte-california
https://www.ubereats.com/los-angeles/food-delivery/yoxi-teatime/WXStHWnuTFaOE9fZPVYHBQ,duarte-california
https://www.ubereats.com/los-angeles/food-delivery/carniceria-las-glorias/Jt6XQsI_Rb2Wo5MKh9_Xnw,duarte-california
https://www.ubereats.com/los-angeles/food-delivery/bella-sera-trattoria/LyJlwOROSCapdyxn__0mQA,duarte-california
https://www.ubereats.com/los-angeles/food-delivery/jumping-1-ton-maine-ave/djydc2XcSb2NyNiMiJ4xMg,duarte-california
https://www.ubereats.com/los-angeles/food-delivery/phoenix-wings-arcadia/-0DFZiO2TK2WLldeg5ycow,duarte-california
https://www.ubereats.com/los-angeles/food-delivery/don-reyes-mexican-restaurant/wjKQw5zxSE2VMI2k33WhQw,duarte-california
https://www.ubereats.com/los-angeles/food-delivery/peach-cafe/kYKSZZdfQyaOYkKPfK19Yg,duarte-california
https://www.ubereats.com/los-angeles/food-delivery/mcdonalds-covina-no-grand/ORZK0j_uQYip0v9fv1hvsw,duarte-california
https://www.ubereats.com/los-angeles/food-delivery/zapopanas-cafe/dlN0qJ7OQliqR-otuZeI2Q,duarte-california
https://www.ubereats.com/los-angeles/food-delivery/genes-grinders/pSmiaosjS7-7yo0Y6_EuLg,duarte-california
https://www.ubereats.com/los-angeles/food-delivery/kings-grill/UUsBFkjLTRimgd7CVVNKVQ,duarte-california
https://www.ubereats.com/los-angeles/food-delivery/hana-haru-japanese-restaurant/9S8FZvAOTSK5UxNwVcw-mg,duarte-california
https://www.ubereats.com/los-angeles/food-delivery/starbucks-citrus-%26-alosta/D0CtYGo2TO-GSJbYy2SXsw,duarte-california
https://www.ubereats.com/los-angeles/food-delivery/waba-grill-5200-rivergrade-rd-baldwin-park/eH39X-PXTDeP6H9gGnIp5Q,duarte-california
https://www.ubereats.com/los-angeles/food-delivery/starbucks-monrovia/qZ-j9QaVRQ69greJRCjxDw,duarte-california
https://www.ubereats.com/los-angeles/food-delivery/a-plus-tea-house/-DaF7y_rRcuTkIWOxj57dg,duarte-california
https://www.ubereats.com/los-angeles/food-delivery/san-gabriel-market/eplOz3aiSpe107LfEFMt_w,duarte-california
https://www.ubereats.com/los-angeles/food-delivery/el-pollo-loco-262-s-rosemead-blvd5417/Om_gE9ZMRB-9hnq0PaG7Ag,duarte-california
https://www.ubereats.com/los-angeles/food-delivery/tortas-sinaloa/q9fg9fzVRRSOJZrHaHmcXA,duarte-california
https://www.ubereats.com/los-angeles/food-delivery/the-loose-teas-cafe-and-gifts/fhlNDl5TQqaeqc4nkM9vFA,duarte-california
https://www.ubereats.com/los-angeles/food-delivery/blend-it-healthy/2MUgGd7QRn6IyzEhUMi1oQ,duarte-california
https://www.ubereats.com/los-angeles/food-delivery/taco-bell-768-west-arrow-hwy/1bK4lcXDQy64IfSiZuilLQ,duarte-california
https://www.ubereats.com/los-angeles/food-delivery/claim-jumper-820-w-huntington-drive/6h7boBYuRrOUTkkUG2dCTw,duarte-california
https://www.ubereats.com/los-angeles/food-delivery/apt-li-xiang/sYPkqMFXTleQzKGlC18J-Q,duarte-california
https://www.ubereats.com/los-angeles/food-delivery/jamba-juice-1245-huntington-dr/aJhH6mAYT1mbxBwhDosJTg,duarte-california
https://www.ubereats.com/los-angeles/food-delivery/basil-thai-cooking/lYRbeNzYS9-9qdoteYT-hg,duarte-california
https://www.ubereats.com/los-angeles/food-delivery/farmer-boys-6600-n-irwindale-ave/CJSNfAwPRaaV_fsd4nYvPQ,duarte-california
https://www.ubereats.com/los-angeles/food-delivery/sushi-kuni/0OKXxftuSF2P0H-NcQK26w,duarte-california
https://www.ubereats.com/los-angeles/food-delivery/menchies-frozen-yogurt-4138-maine-ave/RxeXq9nURdqE5thSTvtDjA,duarte-california
https://www.ubereats.com/los-angeles/food-delivery/ikonicks-burgers-%26-brew-co/3UFu6AuBQOWKzfV4xh3aQQ,duarte-california
https://www.ubereats.com/los-angeles/food-delivery/carls-jr-7393/5zNrGnZPS9aEs53ffhQ5dg,duarte-california
https://www.ubereats.com/los-angeles/food-delivery/babylon-cuisine/ABFPpwXxRxqQ1E9bbDDZRw,duarte-california
https://www.ubereats.com/los-angeles/food-delivery/via-mar-seafood-bar-%26-grill/h4POnZnjTQivWASTs0XvAg,duarte-california
https://www.ubereats.com/los-angeles/food-delivery/the-ice-cream-shop/ULC3H6KjTdWdJVHkgMt3Qg,duarte-california
https://www.ubereats.com/los-angeles/food-delivery/baskin-robbins-historic-route-66/SHLZZU9RRRm5im1WQya89Q,duarte-california
https://www.ubereats.com/los-angeles/food-delivery/mydo-pie-%E9%BA%A6%E5%A4%9A%E9%A6%85%E9%A5%BC-arcadia/GpvQj5qYSFyXSwxbdwWfjQ,duarte-california
https://www.ubereats.com/los-angeles/food-delivery/one-veg-world-huntington-drive/mk8uAjSZSwuDWYicJLmMQA,duarte-california
https://www.ubereats.com/los-angeles/food-delivery/duke-bakery-arcadia/f6EmN4L0TpCjNWDa0CDk2w,duarte-california
https://www.ubereats.com/los-angeles/food-delivery/la-parrillada-de-covina-n-citrus-ave/rrPR8W_MT7CSX4bpgjScfA,duarte-california
https://www.ubereats.com/los-angeles/food-delivery/mannys-el-loco/nk6aEsZtQyKCg68JMZupoA,duarte-california
https://www.ubereats.com/los-angeles/food-delivery/sbd-flame/8L1KEp7MRg2cHp2lADOEtw,duarte-california
https://www.ubereats.com/los-angeles/food-delivery/giovannis-covina/BVAnGOdQQNu6o2ZYRTLooQ,duarte-california
https://www.ubereats.com/los-angeles/food-delivery/starbucks-huntington-drive-%26-buena-vista/FKkfDUhmR6mrbqaFuw_zfA,duarte-california
https://www.ubereats.com/los-angeles/food-delivery/88-beef-noodle/XttvBqU_TOC5ALZDjcS8rA,duarte-california
https://www.ubereats.com/los-angeles/food-delivery/burger-king-354-west-huntington-drive/84xztYUSS_Gp_dpqWObr0A,duarte-california
https://www.ubereats.com/los-angeles/food-delivery/baskin-robbins-monrovia/G3Hl2i3kQL20fwZj9NCx_g,duarte-california
https://www.ubereats.com/los-angeles/food-delivery/sushi-damu/GEeB0B81QEmDLqiCdloZfA,duarte-california
https://www.ubereats.com/los-angeles/food-delivery/covina-tasty/BrA44ddARHOL_u8JMUKG5A,duarte-california
https://www.ubereats.com/los-angeles/food-delivery/burgerim-604-w-route-66-suite-102/wn9zARNdTuyUgADyinX8_A,duarte-california
https://www.ubereats.com/los-angeles/food-delivery/sena-on-myrtle/43wo37_RS_Oa3Thy-aG4HA,duarte-california
https://www.ubereats.com/los-angeles/food-delivery/sandys-cocina/gRwQjcY-TL-TytdnmBL2Qg,duarte-california
https://www.ubereats.com/los-angeles/food-delivery/fish-n-more-seafood-%26-grill/hHzbTTmZQcKLaCh02XHzXw,duarte-california
https://www.ubereats.com/los-angeles/food-delivery/baja-fresh-monrovia/Q19ddGzrRoGsfLg0yOHNbA,duarte-california
https://www.ubereats.com/los-angeles/food-delivery/little-caesars-duarte/pqfxGzsfSSmzL6nc7ZMX0g,duarte-california
https://www.ubereats.com/los-angeles/food-delivery/panda-express-duarte-904-hamilton-rd/bPGC5xSUR12hqvJhdMr7jw,duarte-california
https://www.ubereats.com/los-angeles/food-delivery/mo-mo-paradise-arcadia/JxEXy_BLSNqtgwWNOvehdw,duarte-california
https://www.ubereats.com/los-angeles/food-delivery/bella-bottega/qm1Bg_lSTwmqwHg9vYjpSg,duarte-california
https://www.ubereats.com/los-angeles/food-delivery/flames-xpress/sBoo5TXTQYu2o3KTMyPAXQ,duarte-california
https://www.ubereats.com/los-angeles/food-delivery/alfredos-mexican-food/MJnMMw4BRoOpRhKUDhK89A,duarte-california
https://www.ubereats.com/los-angeles/food-delivery/new-yung-ho-restaurant/SqFVgr_gRJqL1oiX9Im03w,duarte-california
https://www.ubereats.com/los-angeles/food-delivery/el-pollo-loco-1405-n-azusa-ave3812/TcAVfj77TxWLnDrBu0Ldhw,duarte-california
https://www.ubereats.com/los-angeles/food-delivery/mr-kuso-cafe/XgRr208fTfmYbugx6iNfNw,duarte-california
https://www.ubereats.com/los-angeles/food-delivery/pho-house-99/tv6iAeFdQyG4zFyjbaWwWA,duarte-california
https://www.ubereats.com/los-angeles/food-delivery/%E5%A5%BD%E5%90%88%E5%AE%9C-%E9%BA%BB%E8%BE%A3%E7%83%AB-haoheyi-spicy-hotpot/YMbuaXq2Qcu0PbMDYkuFMQ,duarte-california
https://www.ubereats.com/los-angeles/food-delivery/zen-buffet/cLwoWBlbRC6XpbL2rgjCWg,duarte-california
https://www.ubereats.com/los-angeles/food-delivery/duarte-pizza/orbKwfiNTqaV_I8Q2SZOSA,duarte-california
https://www.ubereats.com/los-angeles/food-delivery/northern-cafe/-u2CQFOiROeR9zNnka8Mag,duarte-california
https://www.ubereats.com/los-angeles/food-delivery/popeyes-994-east-alosta-avenue/VBkigN3PSyyfg32IGlXP9A,duarte-california
https://www.ubereats.com/los-angeles/food-delivery/the-habit-burger-grill-834-e-alosta-ave/81-bjCM1TbaRSwyqcH57mg,duarte-california
https://www.ubereats.com/los-angeles/food-delivery/yum-yum-donuts-902-e-arrow-hwy/4ez--maYQVeotaNvYuTYDw,duarte-california
https://www.ubereats.com/los-angeles/food-delivery/del-taco-3566-e-foothill-blvd/wFyLnwUZRAWllWhs2J4ojA,duarte-california
https://www.ubereats.com/los-angeles/food-delivery/sharetea-monrovia/dgmTlFCMQ7GGOCUr3o-qSw,duarte-california
https://www.ubereats.com/los-angeles/food-delivery/carls-jr-7491/lPyS0HgTQCyfJHvCZjIqdA,duarte-california
https://www.ubereats.com/los-angeles/food-delivery/1919-lanzhou-beef-noodle/JOfZ__4LTLK-MZ_nk85z0Q,duarte-california
https://www.ubereats.com/los-angeles/food-delivery/wienerschnitzel-649-w-arrow-highway/mZssRl4GTUSib2EHfgXqCg,duarte-california
https://www.ubereats.com/los-angeles/food-delivery/yum-yum-donuts-429-n-vincent-ave/UaNpzFV4R8e8BocxXlm65g,duarte-california
https://www.ubereats.com/los-angeles/food-delivery/626-hawaiian-bbq/ZZjs8iXuSL6TvfURajldUA,duarte-california
https://www.ubereats.com/los-angeles/food-delivery/paradis/RFMwY37ORUCPI59BovgEVQ,duarte-california
https://www.ubereats.com/los-angeles/food-delivery/castanedas-mexican-food-asuza-ca/TYW1ARiMTK6XI9sqpOlJ-A,duarte-california
https://www.ubereats.com/los-angeles/food-delivery/ihop-988-hamilton-road/e5o2JEycRXmhHPAEFINpaA,duarte-california
https://www.ubereats.com/los-angeles/food-delivery/tasty-choice/pB_g3CtES7-G1XwSDSNCJg,duarte-california
https://www.ubereats.com/los-angeles/food-delivery/el-pollo-criollo/VpYMqxTOQuKNa0kZZqT7TA,duarte-california
https://www.ubereats.com/los-angeles/food-delivery/oka-asian-cuisine/44id8Q8lQQeyhYOyAr0xFA,duarte-california
https://www.ubereats.com/los-angeles/food-delivery/mcdonalds-azusa-alosta/e3VzQKaWRZOXHRRjkyoU9w,duarte-california
https://www.ubereats.com/los-angeles/food-delivery/subway-940-hamilton-rd/qs9dF_wiQueEE0dEDfmdlw,duarte-california
https://www.ubereats.com/los-angeles/food-delivery/ruenrom-thai-cuisine/s9GobYUCSmaZThTFaRqetA,duarte-california
https://www.ubereats.com/los-angeles/food-delivery/la-poblana-restaurant/_su0lGokTH-AB8z2YGef0A,duarte-california
https://www.ubereats.com/los-angeles/food-delivery/yiukee-tea-station/qrViH9SiQcCAOQTjgERq6g,duarte-california
https://www.ubereats.com/los-angeles/food-delivery/papa-johns-arcadia/Zlf-5S3eRY6rDpKgskgoVQ,duarte-california
https://www.ubereats.com/los-angeles/food-delivery/taco-bell-105-w-arrow-hwy/zGj3ELczToyKN4_NKseexw,duarte-california
https://www.ubereats.com/los-angeles/food-delivery/carls-jr-8213/pY8Gr7TmSF-dpbWeyTUryA,duarte-california
https://www.ubereats.com/los-angeles/food-delivery/ahipoki-bowl-temple-city/xB3CL5YMQtaYbRn09YlGXA,duarte-california
https://www.ubereats.com/los-angeles/food-delivery/sake-roll-sushi-bar/yRMI8wIBRHiih32Py2Iskw,duarte-california
https://www.ubereats.com/los-angeles/food-delivery/la-cocina-de-gala-by-amapola-market-west-covina/y4cxOiiOSUmFNXGsQEEuGQ,duarte-california
https://www.ubereats.com/los-angeles/food-delivery/la-pizza-azusa/WnCTNFlIRh-tLie-V_F0Tw,duarte-california
https://www.ubereats.com/los-angeles/food-delivery/mikomi-sushi-west-covina/avDBbBK1SWCoCdVG7suUJg,duarte-california
https://www.ubereats.com/los-angeles/food-delivery/foothill-restaurant/0iYxThHYRBmg5HjjjeN_OQ,duarte-california
https://www.ubereats.com/los-angeles/food-delivery/dashiwa-ramen/b085iW9cSBCk2v6OqSTj4g,duarte-california
https://www.ubereats.com/los-angeles/food-delivery/casa-guerrero/9v9ePEqKSpGBHN31LpTahQ,duarte-california
https://www.ubereats.com/los-angeles/food-delivery/del-taco-945-e-huntington-drive/wF2aVswiQgSe5QjMah68Ww,duarte-california
https://www.ubereats.com/los-angeles/food-delivery/tea-bar-azusa/HCQGqbYdS56j87y4TZwl1g,duarte-california
https://www.ubereats.com/los-angeles/food-delivery/super-toms-burgers/G0p4I3gIQBmInNhAe5JzMQ,duarte-california
https://www.ubereats.com/los-angeles/food-delivery/honey-roll-and-sushi/IzWT93qqTDi1YI0yRZAQ2Q,duarte-california
https://www.ubereats.com/los-angeles/food-delivery/dennys-7-east-huntington-dr/w50RjfjfSYKLmGLVpjyfOQ,duarte-california
https://www.ubereats.com/los-angeles/food-delivery/yoshinoya-707-e-huntington-dr/BQld9YurT0q8sP1hfK4WWQ,duarte-california
https://www.ubereats.com/los-angeles/food-delivery/waba-grill-1250-w-foothill-blvd-azusa/UTX9ZX0nTfCel3R_c78peg,duarte-california
https://www.ubereats.com/los-angeles/food-delivery/the-ice-cream-shop/myZzWpyHQ8muvxrusyXXsQ,duarte-california
https://www.ubereats.com/los-angeles/food-delivery/starbucks-santa-anita-%26-live-oak/tip0oIhTSLeVZofVKRznjA,duarte-california
https://www.ubereats.com/los-angeles/food-delivery/peppertree-cafe/wQAdqBqkRTeWN9WmWp3kTQ,duarte-california
https://www.ubereats.com/los-angeles/food-delivery/mich-eladas-mexican-grill/F7O2VPwOSreJqeV0-91gAw,duarte-california
https://www.ubereats.com/los-angeles/food-delivery/juans-super-pollo/eCbFvLSfR9WxstJL1Zou-w,duarte-california
https://www.ubereats.com/los-angeles/food-delivery/el-chivo-birrieria/dDC0xSZvSsyrQArNQdBmVQ,duarte-california
https://www.ubereats.com/los-angeles/food-delivery/applebees-377-n-citrus-ave-%2376099/ma6-HRFgThaLQwsN2cdvVQ,duarte-california
https://www.ubereats.com/los-angeles/food-delivery/399-pizza-co-%235/snnhYQJETES6KOdJZKkb3g,duarte-california
https://www.ubereats.com/los-angeles/food-delivery/waba-grill-1407-n-azusa-ave-covina/p18FxOQLQpKsHfcbUZKxLQ,duarte-california
https://www.ubereats.com/los-angeles/food-delivery/monstrous-pizza/tSHqITxJSHuHmHP8okLJCQ,duarte-california
https://www.ubereats.com/los-angeles/food-delivery/el-pollo-loco-1212-huntington-dr3282/h3xGWt9VTwazPE3446QYJQ,duarte-california
https://www.ubereats.com/los-angeles/food-delivery/juans-super-pollo/QDHX14OsR4G4qKW0tTM7lQ,duarte-california
https://www.ubereats.com/los-angeles/food-delivery/headbangin-noodles/WrJuNczSQ1qPEAztpmldOw,duarte-california
https://www.ubereats.com/los-angeles/food-delivery/ak-pho/LB6d-ZTcTx67kZCVBezfZQ,duarte-california
https://www.ubereats.com/los-angeles/food-delivery/el-taco-nazo-baldwin-park/8V1a7EqISJ2q1R0vkzELLQ,duarte-california
https://www.ubereats.com/los-angeles/food-delivery/poke-bar/L-DriMItQnWqX4c1hyDsHA,duarte-california
https://www.ubereats.com/los-angeles/food-delivery/carls-jr-7386/3R413cDGT2KN5rweiTxdeQ,duarte-california
https://www.ubereats.com/los-angeles/food-delivery/lazy-dog-restaurant-%26-bar-west-covina/o7JQfW3ATC-PRYLhM1_PZw,duarte-california
https://www.ubereats.com/los-angeles/food-delivery/subway-1066-n-citrus-ave/nXPfx0XrTkSIwL6y3UNJ-w,duarte-california
https://www.ubereats.com/los-angeles/food-delivery/tortas-ahogadas-el-rey/wwSRI0iyTDSapnGEF3Ampw,duarte-california
https://www.ubereats.com/los-angeles/food-delivery/subway-160-e-duarte-rd/gjCVUz46T_qlt_oHJr9ovA,duarte-california
https://www.ubereats.com/los-angeles/food-delivery/acai-joint/yE_sLcIWSZqZdyA92l3Scg,duarte-california
https://www.ubereats.com/los-angeles/food-delivery/la-michoacana-premium-baldwin-park/WXprjgiLTHi3qZEUWCG0aQ,duarte-california
https://www.ubereats.com/los-angeles/food-delivery/georgies-mediterranean-323-n-citrus-ave/nwRNvSkAT9Sixe6FMkL6PQ,duarte-california
https://www.ubereats.com/los-angeles/food-delivery/rubios-664-w-huntington-dr/LBo7fQ19Rv27NSxF5dPuDQ,duarte-california
https://www.ubereats.com/los-angeles/food-delivery/janets-mediterranean-cuisine/Xd669rDWS1K-vPjkajByQw,duarte-california
https://www.ubereats.com/los-angeles/food-delivery/president-thai/KQArsGTCTxWGyJAc2Lkrig,duarte-california
https://www.ubereats.com/los-angeles/food-delivery/the-ice-cream-shop/FthW8spkT9SCTOCceOWrUg,duarte-california
https://www.ubereats.com/los-angeles/food-delivery/chicken-king-express/fJoyKA1RQOiy9cgWd7OEKA,duarte-california
https://www.ubereats.com/los-angeles/food-delivery/cajun-fusion-kitchen/CiAWMtHfQTSl5vs8nFKIcw,duarte-california
https://www.ubereats.com/los-angeles/food-delivery/luscious-dumplings/WJhzbvxxS9WkeOK3wLVJBA,duarte-california
https://www.ubereats.com/los-angeles/food-delivery/srisiam-thai-kitchen/iwXx6v7CTPGQCUGgBI1icw,duarte-california
https://www.ubereats.com/los-angeles/food-delivery/bobapop-tea-bar/vKBFNdfnSrKZ0Tv1IRLmUA,duarte-california
https://www.ubereats.com/los-angeles/food-delivery/starbucks-foothill-%26-todd/7FHZAMTvQGWseCWabVzf2w,duarte-california
https://www.ubereats.com/los-angeles/food-delivery/jack-in-the-box-248-w-huntington-dr/m0FYc-zuQsaMokj6ssaeDw,duarte-california
https://www.ubereats.com/los-angeles/food-delivery/sake-roll-sushi/XEz6SDdMQJ25GnCNEQeYbw,duarte-california
https://www.ubereats.com/los-angeles/food-delivery/pari-passu-cafe-%26-art/cPPNRhABQm21Fpc4zxXNPQ,duarte-california
https://www.ubereats.com/los-angeles/food-delivery/dennys-1060-huntington-dr/v2wsr1ZXTEWLZEhtMcag2A,duarte-california
https://www.ubereats.com/los-angeles/food-delivery/genso-sushi/KtApiJvZSseaO6aYwE5x0Q,duarte-california
https://www.ubereats.com/los-angeles/food-delivery/yogurtland-104-s-myrtle-ave/ZjV3DSNGTXqnFZ37jLymyg,duarte-california
https://www.ubereats.com/los-angeles/food-delivery/thai-nary-bbq/5j_vOyLESE2pS0kUhyfl9A,duarte-california
https://www.ubereats.com/los-angeles/food-delivery/guadalajara-xpress/Eas-crXKRIy92rqVnn7iaA,duarte-california
https://www.ubereats.com/los-angeles/food-delivery/tea2o/p-K84URPR3CjSntNoPdExA,duarte-california
https://www.ubereats.com/los-angeles/food-delivery/changs-garden/I5gJAtsLRA6CtbuQUo0fiA,duarte-california
https://www.ubereats.com/los-angeles/food-delivery/hurricane-wings-939-w-huntington-dr/hRKRnS99SQaFaiuN843RTA,duarte-california
https://www.ubereats.com/los-angeles/food-delivery/bjs-restaurant-%26-brewhouse-2917-eastland-center-drive/sbWTaCFDRtuWD_J0j6hFNw,duarte-california
https://www.ubereats.com/los-angeles/food-delivery/the-1776-gastropub-myrtle-ave/ugynf4w5QWucw9C1q2EvfQ,duarte-california
https://www.ubereats.com/los-angeles/food-delivery/jersey-mikes-subs-13916-garvey-avenue/BmSy1X5tR5-bR3Xwn8q8Mw,duarte-california
https://www.ubereats.com/los-angeles/food-delivery/rudys-mexican-restaurant/Tp7jxCaCTGGWRe2d15onMQ,duarte-california
https://www.ubereats.com/los-angeles/food-delivery/poki-blast/WbrPLv4gRJKOIjs5uqD7_A,duarte-california
https://www.ubereats.com/los-angeles/food-delivery/panda-express-400-south-baldwin-ave/9PwSKqAXQBGXQcJu1spwYg,duarte-california
https://www.ubereats.com/los-angeles/food-delivery/papa-johns-baldwin-park/5z6qYWHaQLWCiJ5HBiwkzA,duarte-california
https://www.ubereats.com/los-angeles/food-delivery/wienerschnitzel-glendora/xyS84M21TfqA-IaVKCgryQ,duarte-california
https://www.ubereats.com/los-angeles/food-delivery/starbucks-baldwin-park-%26-francisquito/43H0XmorSGGe8wTvgqYopA,duarte-california
https://www.ubereats.com/los-angeles/food-delivery/monrovia-pizza-company/3BEoC8f8TNGCLNVvvBj2aw,duarte-california
https://www.ubereats.com/los-angeles/food-delivery/el-bukanas-restaurant/Yr8piQCCSauFkHPz-_MU4g,duarte-california
https://www.ubereats.com/los-angeles/food-delivery/farmer-boys-14430-merced-ave/BB6V66x1Tj-LmR-4btFkOQ,duarte-california
https://www.ubereats.com/los-angeles/food-delivery/roheys-soba/S8IRqExtRGCXnzpYvMTCwA,duarte-california
https://www.ubereats.com/los-angeles/food-delivery/charleys-philly-steaks-santa-anita-mall/9J0EykOyRAiR5Wjp2umrIQ,duarte-california
https://www.ubereats.com/los-angeles/food-delivery/chipotle-mexican-grill-860-e-alosta-ave/dwAHgGv3TjKwZNDoln_VTA,duarte-california
https://www.ubereats.com/los-angeles/food-delivery/goki-cafe/0frW66CxQQ6yGZzczQzyxQ,duarte-california
https://www.ubereats.com/los-angeles/food-delivery/tokyo-express/kmwSn1gaR0m8S2JoNGmjhQ,duarte-california
https://www.ubereats.com/los-angeles/food-delivery/chipotle-mexican-grill-400-s-baldwin-ave/saiv9GwaSTWGEW1uMmscRw,duarte-california
https://www.ubereats.com/los-angeles/food-delivery/churchs-chicken-14155-ramona-blvd/8lPlL176Stip_9pOmPX0_g,duarte-california
https://www.ubereats.com/los-angeles/food-delivery/banana-bay-restaurant-temple-city/MwBbpCX2TmuO0oc0L-7WLQ,duarte-california
https://www.ubereats.com/los-angeles/food-delivery/red-lobster-928-w-huntington-ave/MTPsshMmTjSrqAJO9hCKSA,duarte-california
https://www.ubereats.com/los-angeles/food-delivery/panera-600-w-huntington-drive/ORBh7L5sRTSuXFwxLjWMTg,duarte-california
https://www.ubereats.com/los-angeles/food-delivery/kee-wah-bakery-cafe-arcadia/rmlGKzJfRtue0UM4BQABIQ,duarte-california
https://www.ubereats.com/los-angeles/food-delivery/daphnes-california-greek-pasadena/2cFste4nQqSCMJeIbjZ-hA,duarte-california
https://www.ubereats.com/los-angeles/food-delivery/spaghetti-eddies-cucina-italiana/RWbDwi71RPC2diMx1_D8mw,duarte-california
https://www.ubereats.com/los-angeles/food-delivery/momo-paradise/xhJGg_ulTaS6IPPfeIAq2w,duarte-california
https://www.ubereats.com/los-angeles/food-delivery/cafe-x2o-monrovia/lywae6EnTJ-DJV3AU9E02w,duarte-california
https://www.ubereats.com/los-angeles/food-delivery/bumblebee-donut-%232/M8pilhvzRT6s5cobfmoGsg,duarte-california
https://www.ubereats.com/los-angeles/food-delivery/taco-bell-3120-baldwin-park-blvd/ugbWo5QTSf6RijIE11eBdA,duarte-california
https://www.ubereats.com/los-angeles/food-delivery/crazy-rockn-sushi-covina/QqoGntFQTAOmuSAZ_nQzNA,duarte-california
https://www.ubereats.com/los-angeles/food-delivery/el-pollo-loco-14455-ramona-blvd3305/KchG7HTAQSOVk79aYjWdHA,duarte-california
https://www.ubereats.com/los-angeles/food-delivery/mcdonalds-irwindale-irwindale-arrow-relo/w8Hs0IlNTDKKbpqHhMwQcg,duarte-california
https://www.ubereats.com/los-angeles/food-delivery/bjs-restaurant-%26-brewhouse-400-e-huntington-drive/fbNljVL3T12SdIHPVn8Sww,duarte-california
https://www.ubereats.com/los-angeles/food-delivery/siam-casa/QpSLXbLSSNyrCG2LxzjjKA,duarte-california
https://www.ubereats.com/los-angeles/food-delivery/pick-up-stix-pasadena/drAzwTp7TmGwcxYZC44gBQ,duarte-california
https://www.ubereats.com/los-angeles/food-delivery/magic-wok/rU495k5IRVyxoQblaQZo1g,duarte-california
https://www.ubereats.com/los-angeles/food-delivery/o-poke-%26-greens/8t6xwwmcSgK4lAARvQU1hg,duarte-california
https://www.ubereats.com/los-angeles/food-delivery/nano-cafe/mFRjo6D6TTOkQYBfgaONoQ,duarte-california
https://www.ubereats.com/los-angeles/food-delivery/b-nutritious/F0siLJMKSquKGPLvS9yBfg,duarte-california
https://www.ubereats.com/los-angeles/food-delivery/norms-west-covina/HWtvgwTdSjGkR1_sDFo9QQ,duarte-california
https://www.ubereats.com/los-angeles/food-delivery/taco-bell-140-west-huntington-drive/oEfLV8GeRp27ba-FJgipzg,duarte-california
https://www.ubereats.com/los-angeles/food-delivery/koi-thai-cuisine/pWRbRMnTRdyAr02AJZCMuQ,duarte-california
https://www.ubereats.com/los-angeles/food-delivery/subway-443-north-vincent-ave/wJ0bwvWKTnOi9g8VixVarg,duarte-california
https://www.ubereats.com/los-angeles/food-delivery/luca-bella-fine-foods/sURep5YxRSqYUisUVX9JYQ,duarte-california
https://www.ubereats.com/los-angeles/food-delivery/la-michoacana-superior/BQICLGBBSMSBFYFGScsSAw,duarte-california
https://www.ubereats.com/los-angeles/food-delivery/thai-divine-bistro/PuedZEz5SymZKH4xaNsL9A,duarte-california
https://www.ubereats.com/los-angeles/food-delivery/viet-phomula/trZG1-kBRhi54I-RfcTUEA,duarte-california
https://www.ubereats.com/los-angeles/food-delivery/pinkberry-612-s-myrtle-ave/r1qAyztgSRa1fvPf9rqTnQ,duarte-california
https://www.ubereats.com/los-angeles/food-delivery/sakura-sushi-house/wrjRDY8TQ7Km_GNCFDh1vQ,duarte-california
https://www.ubereats.com/los-angeles/food-delivery/del-taco-445-w-foothill-blvd/QvJDs209SQmFkxUn2zoVaw,duarte-california
https://www.ubereats.com/los-angeles/food-delivery/subway-288-east-live-oak-ave/2AEQkiliR6iG2lUQWMkVyA,duarte-california
https://www.ubereats.com/los-angeles/food-delivery/carls-jr-7396/fUE1POcHQUGU1vcK7RLDrQ,duarte-california
https://www.ubereats.com/los-angeles/food-delivery/rallys-4345-maine-ave/1SIFEt80QzuL_-xZlrrYNw,duarte-california
https://www.ubereats.com/los-angeles/food-delivery/dunkin-1955-durfee-ave-suite-e/dLu6fdMNRQuf2k8RjHe9NA,duarte-california
https://www.ubereats.com/los-angeles/food-delivery/jack-in-the-box-16000-arrow-hwy/kwDPFedpQTC2zAeEk1lb9w,duarte-california
https://www.ubereats.com/los-angeles/food-delivery/subway-14417-ramona-blvd/DjmTn0mJSk2tIiplbxzFjA,duarte-california
https://www.ubereats.com/los-angeles/food-delivery/del-taco-12690-ramona-blvd/ubI4I3zHQvKhqHxwlQEDrg,duarte-california
https://www.ubereats.com/los-angeles/food-delivery/tacos-los-desvelados-west-covina/XJOvVhL4SsS-O-n1R-fOLg,duarte-california
https://www.ubereats.com/los-angeles/food-delivery/the-ice-bar/vj0DLFVQRmO9K04cO38LuQ,duarte-california
https://www.ubereats.com/los-angeles/food-delivery/subway-1195-w-foothill-blvd/aG3CkH1lQm6eVvmxDSdRUg,duarte-california
https://www.ubereats.com/los-angeles/food-delivery/london-gastropub-419-s-myrtle-ave/cXqU5ZlGQYuv58Yry4CTnw,duarte-california
https://www.ubereats.com/los-angeles/food-delivery/golden-crust-pizza/PYhYtViTTri8LNaInkFeAA,duarte-california
https://www.ubereats.com/los-angeles/food-delivery/five-guys-ca-0660-390-north-citrus-ave/-wtrbQM8RwqwkTtlo99Fqg,duarte-california
https://www.ubereats.com/los-angeles/food-delivery/dinos-chicken-and-burgers-arrow-hwy/P1SXqjheQu-HfSKwmW9R9w,duarte-california
https://www.ubereats.com/los-angeles/food-delivery/chengdu-impression/BhhsnEA3SO-_ZEFlx6rMCg,duarte-california
https://www.ubereats.com/los-angeles/food-delivery/silver-spoon-restaurant/fS8bGVH6SUGUCEc-ruhhqA,duarte-california
https://www.ubereats.com/los-angeles/food-delivery/tea-station-las-tunas/VDKbQBXXQEiTSWCUnWf5eA,duarte-california
https://www.ubereats.com/los-angeles/food-delivery/lins-club-%E5%B7%9D%E6%88%90%E5%8D%A4%E5%91%B3/Om8C7f15QI6bITkqHg9ksg,duarte-california
https://www.ubereats.com/los-angeles/food-delivery/tacos-gavilan-west-covina/9NxMcSw9TWmaRZBEUh27AA,duarte-california
https://www.ubereats.com/los-angeles/food-delivery/kfc-%2311-806-e-alosta-ave/7Z4nmy--S0uKy2j9HAwteg,duarte-california
https://www.ubereats.com/los-angeles/food-delivery/zelo-gourmet-pizzas/u_kum-6uTySp4OL5OGkHMQ,duarte-california
https://www.ubereats.com/los-angeles/food-delivery/70s-saga-ramen-%26-curry/C6h0uMQVQCGiopKSmiWviw,duarte-california
https://www.ubereats.com/los-angeles/food-delivery/mariscos-el-guero/sdHifJmSTX-Fc-zJNORjRA,duarte-california
https://www.ubereats.com/los-angeles/food-delivery/el-burrito-borracho/ZhF360H8Squ0w8eLJZEXiQ,duarte-california
https://www.ubereats.com/los-angeles/food-delivery/juans-pollo/Z4hywQ_aQ7aaHeNAdXfYKQ,duarte-california
https://www.ubereats.com/los-angeles/food-delivery/el-pescador/HueaGwsfSfam_bpcZCLZNg,duarte-california
https://www.ubereats.com/los-angeles/food-delivery/performance-foodservice-market-so-cal/FJTeSDRxRLWxBL6AP0bIYQ,duarte-california
https://www.ubereats.com/los-angeles/food-delivery/saigon-avenue/TRr5SwiDSquR7rwV4lE9tA,duarte-california
https://www.ubereats.com/los-angeles/food-delivery/el-pavo-bakery-walnut-grove-ave/LFrhTNMFSN-Eo8YT7Z4w8Q,duarte-california
https://www.ubereats.com/los-angeles/food-delivery/old-town-pizza/HwPenlJvTMSERfyCOX_ZxA,duarte-california
https://www.ubereats.com/los-angeles/food-delivery/gengis-khan-809-plaza-drive/-10fR00LTg-fLdg66sca9g,duarte-california
https://www.ubereats.com/los-angeles/food-delivery/sushiholics/G7lyfm6kQLGWz-4mN_risw,duarte-california
https://www.ubereats.com/los-angeles/food-delivery/tsurumaru-udon-honpo-arcadia/jevT5xolQuaoXdmW7Q53Zw,duarte-california
https://www.ubereats.com/los-angeles/food-delivery/charleys-philly-steaks-covina-square/LmkJxxNPRvaYITJ9kG3FBA,duarte-california
https://www.ubereats.com/los-angeles/food-delivery/juice-n-bowls/jb9fGhuXRjSsqzOoPYbopw,duarte-california
https://www.ubereats.com/los-angeles/food-delivery/souper-bowl/Cp7s-b7-RyCnValZKaJB3Q,duarte-california
https://www.ubereats.com/los-angeles/food-delivery/trendy-thai/CAv0mBYoQ-W4zrgWKduOtg,duarte-california
https://www.ubereats.com/los-angeles/food-delivery/tossed/dA3UUbJwRKyJ27E4HLBugA,duarte-california
https://www.ubereats.com/los-angeles/food-delivery/dickeys-bbq-pit-huntington-dr-%26-bradbury-ave/u4IB7gtPR82imO00x9FXGw,duarte-california
https://www.ubereats.com/los-angeles/food-delivery/prik-kee-noo-thai-restaurant/Gd8HS_91SUyeG96weTPDkg,duarte-california
https://www.ubereats.com/los-angeles/food-delivery/frisellas-roastery/OkjXEIj_T1Gos0R3pjkMHA,duarte-california
https://www.ubereats.com/los-angeles/food-delivery/sonic-drive-in-huntington-drive/vSwYp5V2Se23pQS37uR-2w,duarte-california
https://www.ubereats.com/los-angeles/food-delivery/himalayan-cafe-baldwin-park/KIUgr2cIS7OYMQiWBK4krw,duarte-california
https://www.ubereats.com/los-angeles/food-delivery/icho-izakaya-fusion-cuisine/Epo36kQVQ5mQ0Ghsv_m3bQ,duarte-california
https://www.ubereats.com/los-angeles/food-delivery/trendy-thai-2-go/yQdDRXXzRaGjofme9XxUCg,duarte-california
https://www.ubereats.com/los-angeles/food-delivery/papa-pizza-pie-glendora/NJIkrXuLT3mT0K9dfNMUgg,duarte-california
https://www.ubereats.com/los-angeles/food-delivery/taco-king/u2OIJbdGQLCNV9c0_UDvsQ,duarte-california
https://www.ubereats.com/los-angeles/food-delivery/the-red-cafe/hUbV1XcWSam5qfSGjvQ2-g,duarte-california
https://www.ubereats.com/los-angeles/food-delivery/t%25-tea-house/Yxkp2OmXQLid_RrtziUdoQ,duarte-california
https://www.ubereats.com/los-angeles/food-delivery/china-red/jL5E_36YSoemmsjfQbVc0g,duarte-california
https://www.ubereats.com/los-angeles/food-delivery/kfc-taco-bell-849-south-baldwin/jZbbfovPTOyht-yC1yCylw,duarte-california
https://www.ubereats.com/los-angeles/food-delivery/dennys-2627-east-colorado-blvd/176UwuL9Q8qomI7ZUPKBoA,duarte-california
https://www.ubereats.com/los-angeles/food-delivery/quickly-171-e-live-oak-ave/DhguWyK9SlWfbp4gtfVjMg,duarte-california
https://www.ubereats.com/los-angeles/food-delivery/hacienda-diaz-restaurant/OTMGIiMqSHyhrw3_8eiW5Q,duarte-california
https://www.ubereats.com/los-angeles/food-delivery/popeyes-300-w-huntington-dr/wRTHWfooRhqXJdy0hGTuVw,duarte-california
https://www.ubereats.com/los-angeles/food-delivery/sweet-nothings-cake-shop/Qk-UA60bRui7rkGEVCe6kw,duarte-california
https://www.ubereats.com/los-angeles/food-delivery/phang-roy-thai/q3s2M6qYSdWFvumitxH-VQ,duarte-california
https://www.ubereats.com/los-angeles/food-delivery/quickly-8930-mission-dr/sym3FmUyQL6mWuPh0MRIVQ,duarte-california
https://www.ubereats.com/los-angeles/food-delivery/chakaa/1DeVvQNfRsWgx73ki8QWiQ,duarte-california
https://www.ubereats.com/los-angeles/food-delivery/ktown-express/hvYVo6SZRhGksTqiy0yRUw,duarte-california
https://www.ubereats.com/los-angeles/food-delivery/california-pizza-kitchen-400-s-baldwin-ave-suite-115-u/ZLnstzPeQvyaBohjlMlnUg,duarte-california
https://www.ubereats.com/los-angeles/food-delivery/the-only-place-in-town/XOnsaaDITZaWl4RmZTShzQ,duarte-california
https://www.ubereats.com/los-angeles/food-delivery/starbucks-route-66-%26-lone-hill-glendora/y2nRzuV8SVS8hOOAl8MQqw,duarte-california
https://www.ubereats.com/los-angeles/food-delivery/del-taco-440-s-vincent-ave/DJd8opA0SYmlyhV0uXCFwA,duarte-california
https://www.ubereats.com/los-angeles/food-delivery/yu-cake/6lmpF8jbQsm4HvvKvTqSQA,duarte-california
https://www.ubereats.com/los-angeles/food-delivery/dongpo-restaurant-arcadia/no_5IEpoQtyFVN8c4I8B9w,duarte-california
https://www.ubereats.com/los-angeles/food-delivery/starbucks-huntington-%26-2nd/eYQ0-1puSgW6vo3ALCH1rw,duarte-california
https://www.ubereats.com/los-angeles/food-delivery/bread-%26-barley/7b4ymaujSliarx8l4L7QrA,duarte-california
https://www.ubereats.com/los-angeles/food-delivery/sanyo-sushi/xoL0x4T0TBGQB0dAVv6daA,duarte-california
https://www.ubereats.com/los-angeles/food-delivery/buffalo-wild-wings-2548-east-workman-ave/W8GjSVDUTCGaFL9YMSkYIA,duarte-california
https://www.ubereats.com/los-angeles/food-delivery/shrimp-house-arcadia/t_LQNp6-SKSLRNymYbkrRQ,duarte-california
https://www.ubereats.com/los-angeles/food-delivery/togos-3405-e-foothill-blvd-pasadena-ca/GcjPhut_QwSAI_S6Ovi1yw,duarte-california
https://www.ubereats.com/los-angeles/food-delivery/el-llano-mexican-food/-p6MMjalTGa2OrFfvHTrpQ,duarte-california
https://www.ubereats.com/los-angeles/food-delivery/mcdonalds-baldwin-pk-i-10/2QU-jwziS42bducnOkwm5Q,duarte-california
https://www.ubereats.com/los-angeles/food-delivery/jims-famous-charbroiled-burgers/GuoBKuZsSxyVq6y2xv15gw,duarte-california
https://www.ubereats.com/los-angeles/food-delivery/carls-jr-7365/AE_o-P7zR0OB-arlbEGvsw,duarte-california
https://www.ubereats.com/los-angeles/food-delivery/don-gerardoos-restaurant/4-X2I0w-R96vNRROq0uaNA,duarte-california
https://www.ubereats.com/los-angeles/food-delivery/los-chiles-locos/tHaCrzezSsi0w9fzHhMiXw,duarte-california
https://www.ubereats.com/los-angeles/food-delivery/dandana-cafe-and-banquet/Wi4QKbfYQaGkN5iwhIVMCg,duarte-california
https://www.ubereats.com/los-angeles/food-delivery/do-eat-express-mexican-food/vNZcr39QS2ehVM1T6V9HRw,duarte-california
https://www.ubereats.com/los-angeles/food-delivery/nirvana-indian-cuisine/8mN4ur6zQMWC95w8czvKFQ,duarte-california
https://www.ubereats.com/los-angeles/food-delivery/la-pizza-y-mas/tzGZQPcLQuGVp7o7wzQhsA,duarte-california
https://www.ubereats.com/los-angeles/food-delivery/laki-hawaiian-bbq/XIr4o49DRPabTW2KJsXiyQ,duarte-california
https://www.ubereats.com/los-angeles/food-delivery/panda-express-innovation-kitchen/jv8VacLETl-yx7C5utAaTA,duarte-california
https://www.ubereats.com/los-angeles/food-delivery/starbucks-rosemead-%26-del-mar/qafalakIRmGvcEmn49AsBQ,duarte-california
https://www.ubereats.com/los-angeles/food-delivery/veggilicious-west-covina/iE2TIKNVQyeFbZHWERwKXA,duarte-california
https://www.ubereats.com/los-angeles/food-delivery/waba-grill-245-n-barranca-west-covina/XUkMYHGtQn-bE6edRBDw2Q,duarte-california
https://www.ubereats.com/los-angeles/food-delivery/tacos-el-pollo/aChO-_4vR2iYEHZaJzjjSg,duarte-california
https://www.ubereats.com/los-angeles/food-delivery/papa-johns-pizza-glendora/NKLzFTO1Rn2bKsQOqcXkdA,duarte-california
https://www.ubereats.com/los-angeles/food-delivery/ten-rens-tea-time-arcadia/sOgjx3xmT6GJ44kBrUJFHQ,duarte-california
https://www.ubereats.com/los-angeles/food-delivery/tonkotsu-house-ramen/4eFTD_1IRoWUxEeltIgGsg,duarte-california
https://www.ubereats.com/los-angeles/food-delivery/tacos-gavilan-azusa/nmQ_vOsCRZKzDE9lFrr61w,duarte-california
https://www.ubereats.com/los-angeles/food-delivery/the-flame-broiler-10619-valley-blvd/-soKdTb2T_eBnnsK7OFoQA,duarte-california
https://www.ubereats.com/los-angeles/food-delivery/thai-diamond-bbq/Txn4hWyYSoGQ8Zph-JY1dA,duarte-california
https://www.ubereats.com/los-angeles/food-delivery/sushiya/G9mFcZsgSgSoK6YNAJWUrQ,duarte-california
https://www.ubereats.com/los-angeles/food-delivery/mcdonalds-irwindale/nwwxnllATWeF2VWJve4h3w,duarte-california
https://www.ubereats.com/los-angeles/food-delivery/dragon-bowl-z/bQ7D78TbSjWicHPE1OE2XQ,duarte-california
https://www.ubereats.com/los-angeles/food-delivery/village-vault-restaurant/IMy96LZ7QzaP6w1__COHgw,duarte-california
https://www.ubereats.com/los-angeles/food-delivery/mr-wish-teashop/C413NvPbSEyTtsP63e1Ziw,duarte-california
https://www.ubereats.com/los-angeles/food-delivery/mcdonalds-monrovia/QzlLTEyhRcaEKcEDrTXCYA,duarte-california
https://www.ubereats.com/los-angeles/food-delivery/farmer-boys-arrow-highway/4jEVTApXRjWxmy1GO_NFYg,duarte-california
https://www.ubereats.com/los-angeles/food-delivery/jugos-y-tortas-la-tropicana/QAwybpmcQMS6ccuVN0fu0Q,duarte-california
https://www.ubereats.com/los-angeles/food-delivery/the-habit-burger-grill-1155-east-huntington-drive/h5EhZyOoRyiXZ7Vi-Qdw4g,duarte-california
https://www.ubereats.com/los-angeles/food-delivery/star-buffet/kDCWRt9IS8aLZ9cwt1WGkw,duarte-california
https://www.ubereats.com/los-angeles/food-delivery/crispy-and-fluffed/K8qGOdvLT2evJXOLG3MetA,duarte-california
https://www.ubereats.com/los-angeles/food-delivery/surf-city-squeeze-9006-plaza-dr/qJassE1OQSOpDeQ4LkXjTQ,duarte-california
https://www.ubereats.com/los-angeles/food-delivery/el-matador-mexican-restaurant/I5vjyK5JTWCp101t8p3QlA,duarte-california
https://www.ubereats.com/los-angeles/food-delivery/jamba-juice-832-east-alosta-ave/kBn1_5rSSoy9QjfH86jhMw,duarte-california
https://www.ubereats.com/los-angeles/food-delivery/boiling-point-arcadia/550lnIkQSD6rohRgmid38g,duarte-california
https://www.ubereats.com/los-angeles/food-delivery/mahan-indian-restaurant-s-myrtle-ave/46fQpijYQAeBLDhP2iw-Ug,duarte-california
https://www.ubereats.com/los-angeles/food-delivery/jack-in-the-box-100-w-duarte-road/mw8HC8ROQRWWrR28SKo4Ig,duarte-california
https://www.ubereats.com/los-angeles/food-delivery/umebana-maki-yaki/sIf4_XDRQnGfH0lzcww-2g,duarte-california
https://www.ubereats.com/los-angeles/food-delivery/sweety-hut-thai-restaurant/m9ksAiIPQDGuKWWi4zDQlA,duarte-california
https://www.ubereats.com/los-angeles/food-delivery/merengue-bakery-%26-cafe/dYEcAmMKTW2SdTPN3Mw8Xw,duarte-california
https://www.ubereats.com/los-angeles/food-delivery/the-post-pizza/z2HgTWasQdyBpD-ojyzSHA,duarte-california
https://www.ubereats.com/los-angeles/food-delivery/mcdonalds-temple-cty-tunas/JM2rUHSxQZupZNP3WKtUtQ,duarte-california
https://www.ubereats.com/los-angeles/food-delivery/el-pollo-loco-4794-peck-rd3344/_Ya3wVr0Qiq488pwwoIg6w,duarte-california
https://www.ubereats.com/los-angeles/food-delivery/side-chick/2-0gL5q3QPqGT8KLHhvZaA,duarte-california
https://www.ubereats.com/los-angeles/food-delivery/la-bufadora-baja-grill-el-monte/9DQJ9S1XQ2yV3UFcYaIiWg,duarte-california
https://www.ubereats.com/los-angeles/food-delivery/street-foods-of-la/NeoGQ1OzQUCqTXazZ1XbyQ,duarte-california
https://www.ubereats.com/los-angeles/food-delivery/the-broken-yolk-cafe/zU0rgjJlS-W8zp4bU4Mb9Q,duarte-california
https://www.ubereats.com/los-angeles/food-delivery/el-amigo-restaurant/k1vqlpvXQwqT6YGZRrWbvQ,duarte-california
https://www.ubereats.com/los-angeles/food-delivery/del-taco-106-s-azusa-ave/mC7cBlQIS2uDdBS02KSnyg,duarte-california
https://www.ubereats.com/los-angeles/food-delivery/blaze-pizza-108-w-foothill-blvd/WZEIuOu5SZaRAnIiSGb7IA,duarte-california
https://www.ubereats.com/los-angeles/food-delivery/georgies-mediterranean/v88nbhtIRfCyhu7rLA-kxw,duarte-california
https://www.ubereats.com/los-angeles/food-delivery/full-house-seafood-restaurant/OUPpHoryTkC0eSEE2uhzYQ,duarte-california
https://www.ubereats.com/los-angeles/food-delivery/dragon-bowl-z/mCFyGDMjQGi3e1o2X5wW2w,duarte-california
https://www.ubereats.com/los-angeles/food-delivery/5-stars-hue-duarte/l13dqb8AT1KGA9x6AOpw7Q,duarte-california
https://www.ubereats.com/los-angeles/food-delivery/hunan-mao-restaurant/H3u8V-W6S9-m3QBbve96hw,duarte-california
https://www.ubereats.com/los-angeles/food-delivery/dennys-14550-baldwin-park-town-ctr/sTqYMF9BR8Kw2oOU3qX79A,duarte-california
https://www.ubereats.com/los-angeles/food-delivery/outback-steakhouse-1476-n-azusa-ave/qvABcmPNTqeLuLRHSfNKgw,duarte-california
https://www.ubereats.com/los-angeles/food-delivery/chipotle-mexican-grill-13916-garvey-ave/vzrOACGfQZqFC0iwPrbMRA,duarte-california
https://www.ubereats.com/los-angeles/food-delivery/carls-jr-7361/9wX9_bk8SjGPgQm5_NSkLA,duarte-california
https://www.ubereats.com/los-angeles/food-delivery/oke-poke-w-foothill-blvd/wyfHNJKqRtmWWRXdN6xNXw,duarte-california
https://www.ubereats.com/los-angeles/food-delivery/chipotle-mexican-grill-427-plaza-dr/SWiU21SaQTys5lfaG4Nl8Q,duarte-california
https://www.ubereats.com/los-angeles/food-delivery/el-torito-3333-east-foothill-blvd/W6ARmi1cQN2sxSbeQOQlGQ,duarte-california
https://www.ubereats.com/los-angeles/food-delivery/humberto-mexican-food/afEBZXeLR1yf7pCImznPow,duarte-california
https://www.ubereats.com/los-angeles/food-delivery/mariposa-grill-%26-cantina/0CllbMvLSzKS3P5C0NJSQg,duarte-california
https://www.ubereats.com/los-angeles/food-delivery/cup-of-cha-tea-house/JFXzgnvIRXGKrym2aCmz4w,duarte-california
https://www.ubereats.com/los-angeles/food-delivery/guidos-pizza-and-pasta/eTmibXlsTAeoR3aWFPNe6g,duarte-california
https://www.ubereats.com/los-angeles/food-delivery/798house/QHY3UIxOS1uvscy03uD8BA,duarte-california
https://www.ubereats.com/los-angeles/food-delivery/panda-express-baldwin-park-14480-merced-ave/vdZQNKKrR4-3mjaBxJE4Zw,duarte-california
https://www.ubereats.com/los-angeles/food-delivery/flame-broiler-1311-s-grand-ave/An3r1FtPTpOuthmm_-P0fw,duarte-california
https://www.ubereats.com/los-angeles/food-delivery/jack-in-the-box-14611-dalewood-st/2pNrI2RQSC69M6y2si-Yfg,duarte-california
https://www.ubereats.com/los-angeles/food-delivery/subway-11629-lower-azusa-rd-%23i/i6l7XE3PTcKrkmFPbb6tOA,duarte-california
https://www.ubereats.com/los-angeles/food-delivery/el-bukanas/901le6sSQCahbqP1kkwafw,duarte-california
https://www.ubereats.com/los-angeles/food-delivery/aladdins-kitchen/p7IAdftER_ettuAvch7zDg,duarte-california
https://www.ubereats.com/los-angeles/food-delivery/burger-king-1681-w-san-bernardino-rd/T9S3-A9mROKDQVQAsTu08w,duarte-california
https://www.ubereats.com/los-angeles/food-delivery/panda-express-811-plaza-drive/XVSTiYCIQs2bRwbOxAsTmg,duarte-california
https://www.ubereats.com/los-angeles/food-delivery/jessies-mexican-food/FzF04ziHSpSdzLBqHDV7EQ,duarte-california
https://www.ubereats.com/los-angeles/food-delivery/its-pho-girls/Ct9qMs0pSNmea7XRx12z5g,duarte-california
https://www.ubereats.com/los-angeles/food-delivery/subway-1404-n-azusa-ave/ClVO_rStTVqJm1qzZE0nIA,duarte-california
https://www.ubereats.com/los-angeles/food-delivery/porkfolio-korean-bbq/w-G8bK6ESIS7dMVNrc7boA,duarte-california
https://www.ubereats.com/los-angeles/food-delivery/young-dong-tofu-san-gabriel/ca3LO5grQzyHbF7WKqrPCw,duarte-california
https://www.ubereats.com/los-angeles/food-delivery/carls-jr-7358/4Ax6FL5CSFO6en1FaYpHxA,duarte-california
https://www.ubereats.com/los-angeles/food-delivery/kungfu-fried-dumpling/_dEn5gDxTeC0pnvu0XL-dg,duarte-california
https://www.ubereats.com/los-angeles/food-delivery/gardunos-el-monte/qoNQdoQ8QzugznEZlloQlA,duarte-california
https://www.ubereats.com/los-angeles/food-delivery/mikomi-sushi-monrovia/YN63j3wET7SqsZkdrSglww,duarte-california
https://www.ubereats.com/los-angeles/food-delivery/joy-kitchen/FW-AoQbJRlGmdhiJnvoJfQ,duarte-california
https://www.ubereats.com/los-angeles/food-delivery/ding-tea-arcadia/JU26W1mHRy6O4bUtuXFAhw,duarte-california
https://www.ubereats.com/los-angeles/food-delivery/dickeys-bbq-pit-886-e-alosta-ave/1Em9HxYyQGqqoLXAYw45Hg,duarte-california
https://www.ubereats.com/los-angeles/food-delivery/waba-grill-1013-n-grand-ave-covina/9WGFo_FuRpC_PE-VeGmS4w,duarte-california
https://www.ubereats.com/los-angeles/food-delivery/the-ice-cream-shop/LGOVI7GnTiOds-BlBMHDWw,duarte-california
https://www.ubereats.com/los-angeles/food-delivery/el-pollo-loco-750-s-grand-ave5789/1RfyhujsTFyHXW9HJve3Aw,duarte-california
https://www.ubereats.com/los-angeles/food-delivery/west-coast-cheesesteaks/T-TWnu_qSg-NhqoMWSJfVQ,duarte-california
https://www.ubereats.com/los-angeles/food-delivery/burgerim-1108-south-fifth-avenue/2PlOfBUtTFyNyfiXx1bicw,duarte-california
https://www.ubereats.com/los-angeles/food-delivery/el-bukanas-restaurant-azusa/Yro3FXccTbqmjhdB9z1gvg,duarte-california
https://www.ubereats.com/los-angeles/food-delivery/benihana-400-south-baldwin-ave/WDze_51KR4SqG-4cPYXnoQ,duarte-california
https://www.ubereats.com/los-angeles/food-delivery/guadalajara-grill/TgkHKz1mSOeN5xfxKUzZHw,duarte-california
https://www.ubereats.com/los-angeles/food-delivery/seasoning-alley-monrovia/X_z54G4kSC68o-SXcTJ1GQ,duarte-california
https://www.ubereats.com/los-angeles/food-delivery/the-krave-kobe-burger-grill/yXKk7dYbRWGBH0m1EbmrJw,duarte-california
https://www.ubereats.com/los-angeles/food-delivery/el-pollo-loco-west-covina/AWp6nt1ATQWsIrvKoV5wew,duarte-california
https://www.ubereats.com/los-angeles/food-delivery/blaze-pizza-815-w-naomi-ave-%23c/ZDCgG4e_QnWz83WeHN2fxg,duarte-california
https://www.ubereats.com/los-angeles/food-delivery/clubhouse-66/BFwSBuYXSlSjjvFu74yxsw,duarte-california
https://www.ubereats.com/los-angeles/food-delivery/media-noche-cuban-cuisine/JEIiasRmT_iVmgajg1qtxg,duarte-california
https://www.ubereats.com/los-angeles/food-delivery/on-hold-el-pollo-loco-arcadia/hCPOFhskSDS10e30QZgRjg,duarte-california
https://www.ubereats.com/los-angeles/food-delivery/zumo-zuzhi-burrito/YfVXipjdTxaM5BvO9nHPEA,duarte-california
https://www.ubereats.com/los-angeles/food-delivery/baskin-robbins-3657-e-foothill-blvd/4ttcYJ7vT1Ku2aeRfCmBbg,duarte-california
https://www.ubereats.com/los-angeles/food-delivery/raspado-xpress/eP6E7WmSQICcQOhdFehctQ,duarte-california
https://www.ubereats.com/los-angeles/food-delivery/xecora-gastronomia-urbana/W5E6AA6QRKmx2IsHCqR7aA,duarte-california
https://www.ubereats.com/los-angeles/food-delivery/chatime-arcadia/_jxiQ5UQT1aeFFIgStYPOg,duarte-california
https://www.ubereats.com/los-angeles/food-delivery/roll-%26-wich-west-covina/UCKLwUZATG6EbeUtNZL4Pw,duarte-california
https://www.ubereats.com/los-angeles/food-delivery/the-old-spaghetti-factory-duarte/Qv1nE5kUSUmCbxjNMV1Oew,duarte-california
https://www.ubereats.com/los-angeles/food-delivery/tropicana-international-market-inc/3U5SeFFLRB-8RnC0erZrYg,duarte-california
https://www.ubereats.com/los-angeles/food-delivery/thai-chef-cuisine/ILPL8HqdQTObvEuCdPlLww,duarte-california
https://www.ubereats.com/los-angeles/food-delivery/which-wich-830-e-alosta/ysGHUnS0Rs6pnP9Y7jH9Gw,duarte-california
https://www.ubereats.com/los-angeles/food-delivery/pasquallys-pizza-%26-wings-601-azura/VMbsQ87NS0-jnf7RM74EPw,duarte-california
