url,city
https://www.ubereats.com/san-francisco/food-delivery/xushi-bento-house/PC4lB7hbQLqQ5cr5gxip9Q,dublin-california
https://www.ubereats.com/san-francisco/food-delivery/tea-joy/eYuqb-TDQVaM_40rgv-FPA,dublin-california
https://www.ubereats.com/san-francisco/food-delivery/viet-noms/ooDzplTZTSmMNzFrV14vUA,dublin-california
https://www.ubereats.com/san-francisco/food-delivery/taco-bell-4001-santa-rita-rd-ste-6/h_oxM5PLSZ6xx8TMg6L_gQ,dublin-california
https://www.ubereats.com/san-francisco/food-delivery/curry-kona-fusion-food/xosTVF2CQdOVHzl0sQFcdg,dublin-california
https://www.ubereats.com/san-francisco/food-delivery/applebees-4808-dublin-blvd-%2377092/xxaDkMeVSu-hkVJ0If2vjA,dublin-california
https://www.ubereats.com/san-francisco/food-delivery/pasquallys-pizza-%26-wings-7448-amador-valley-blvd/CSduorgST-SPgjPH9CsCxA,dublin-california
https://www.ubereats.com/san-francisco/food-delivery/nishiki-sushi/Hi9UxvPaTe2li1TSJOGYSA,dublin-california
https://www.ubereats.com/san-francisco/food-delivery/shalimar-dublin/BJUPVLBNSPiN_PRlEECr2A,dublin-california
https://www.ubereats.com/san-francisco/food-delivery/starbucks-500-the-marketplace/8MLeOrnnSFGMyLBt9SjBew,dublin-california
https://www.ubereats.com/san-francisco/food-delivery/pho-saigon/dw8sHwYPTNGvmepfUgShlA,dublin-california
https://www.ubereats.com/san-francisco/food-delivery/kabila-san-ramon/k21VQu-HSgadOPzIdeKXBg,dublin-california
https://www.ubereats.com/san-francisco/food-delivery/urban-ka-re-house/XpevuXMLQzis5-fJ3fiE7Q,dublin-california
https://www.ubereats.com/san-francisco/food-delivery/brunos-italian-cuisine/mAS3YQk5ReyDpjC24Bmb0g,dublin-california
https://www.ubereats.com/san-francisco/food-delivery/cha-thai/_ANJiKnkRa-mJ3AVGLlimQ,dublin-california
https://www.ubereats.com/san-francisco/food-delivery/uncle-willies-wings-%26-things-danville/7hsrqL9tRBm1tQEFwNtYag,dublin-california
https://www.ubereats.com/san-francisco/food-delivery/panda-express-4001-santa-rita-rd/AOZ8EJeWRFWoKUvXcyTQxg,dublin-california
https://www.ubereats.com/san-francisco/food-delivery/el-cerrito-taqueria-887-airway-boulevard/EFzNA-cHSjuYuHaHHm5CSg,dublin-california
https://www.ubereats.com/san-francisco/food-delivery/patio/K3DhKevPTkO3lusOcKHIQQ,dublin-california
https://www.ubereats.com/san-francisco/food-delivery/chipotle-mexican-grill-3238-livermore-outlets-dr/WQJVhBNaRUWtKPCELCCxBQ,dublin-california
https://www.ubereats.com/san-francisco/food-delivery/burger-king-6921-regional-street/-4lP0zMLQ6yqkyI4qNm0Rg,dublin-california
https://www.ubereats.com/san-francisco/food-delivery/el-pollo-loco-3898-fallon-rd3851/jlnw0xgKRK-jfwkxIlLOgg,dublin-california
https://www.ubereats.com/san-francisco/food-delivery/mountain-mikes-pizza-vasco-rd/f3t2hg1pShq6L_fXg6mGGg,dublin-california
https://www.ubereats.com/san-francisco/food-delivery/freddie-parkers-pasta-%2B-salad-shop-dublin/vbkOVkNJSeq98mnnLReh0A,dublin-california
https://www.ubereats.com/san-francisco/food-delivery/aappakadai-4555-hopyard-rd-pleasanton-ca-94588/GK6wFR-8T6qTNZV2TRpuoQ,dublin-california
https://www.ubereats.com/san-francisco/food-delivery/indian-hotspot/HKHCsiJlRZ6955xTuopNOQ,dublin-california
https://www.ubereats.com/san-francisco/food-delivery/best-donuts/cjzSXI0nQ1eYrLhfgcgvYw,dublin-california
https://www.ubereats.com/san-francisco/food-delivery/sri-vasantha-bhavan/NqkHlAUQSQKmGIcg_eUYJg,dublin-california
https://www.ubereats.com/san-francisco/food-delivery/lotus-thai-restaurant/c8wiSSYFRhO1bPtc5PesHg,dublin-california
https://www.ubereats.com/san-francisco/food-delivery/bombay-pizza-%26-kabob-house/Puotj_THT5atUT3-CB2XRA,dublin-california
https://www.ubereats.com/san-francisco/food-delivery/the-gluten-free-pizza-%26-vegan-shop-vr/rTMfgj2-RnGek6eyTi-ckg,dublin-california
https://www.ubereats.com/san-francisco/food-delivery/starbucks-main-and-rose/jGHDYKWsRt2zs-sPyr3YWg,dublin-california
https://www.ubereats.com/san-francisco/food-delivery/chipotle-mexican-grill-7020-amador-plaza-rd/GO6L0YapScSeMFLhFwqcgg,dublin-california
https://www.ubereats.com/san-francisco/food-delivery/americano/Jd8X0z8WQHCyNC94WN92_Q,dublin-california
https://www.ubereats.com/san-francisco/food-delivery/ikes-love-and-sandwiches-san-ramon/6D8xOYynQt6jRyMmefYBMg,dublin-california
https://www.ubereats.com/san-francisco/food-delivery/the-habit-burger-grill-6770-bernal-ave-suite-410/-4XbgeDDQI-pm5bT3CH13g,dublin-california
https://www.ubereats.com/san-francisco/food-delivery/chipotle-mexican-grill-5240-dublin-blvd-ste-s2j/3ZuOpJcEQG--NzXVytiszw,dublin-california
https://www.ubereats.com/san-francisco/food-delivery/gobi-mongolian-grill/z6BQFykfQHKBwmfEHPnULg,dublin-california
https://www.ubereats.com/san-francisco/food-delivery/the-habit-burger-grill-7295-amador-plaza-rd/2BNtikGjQL-7mMWVnSvttg,dublin-california
https://www.ubereats.com/san-francisco/food-delivery/mcnamaras-steak-and-chop-house/NhHZ5eHtSwGxBf-dgTtlew,dublin-california
https://www.ubereats.com/san-francisco/food-delivery/strizzis-restaurant-649-main-st/2G0jfqTQThyoVvNZ1Hqz4Q,dublin-california
https://www.ubereats.com/san-francisco/food-delivery/burger-king-5315-hopyard-road/hcOdxwFhSqKLurvUh3P3Ig,dublin-california
https://www.ubereats.com/san-francisco/food-delivery/bangkok-101-thai-cusine/vh1rqgyQRd-MZ9G2EGigog,dublin-california
https://www.ubereats.com/san-francisco/food-delivery/blaze-pizza-4247-rosewood-dr/GhVscTK9T5Cr9uK9UU7duQ,dublin-california
https://www.ubereats.com/san-francisco/food-delivery/cream-livermore/EqgE2Zj3T6aw06xabz85Dg,dublin-california
https://www.ubereats.com/san-francisco/food-delivery/icicles-pleasanton/UnZ4VdfaTZGaM5brmIhRJg,dublin-california
https://www.ubereats.com/san-francisco/food-delivery/uncle-willies-wings-%26-things-dublin/3GHaKwz_Q8qgsocqc2by0g,dublin-california
https://www.ubereats.com/san-francisco/food-delivery/frontier-spice/cm4AQ5c5RW2tDMnUI261vA,dublin-california
https://www.ubereats.com/san-francisco/food-delivery/carls-jr-green-burrito-3131-crow-canyon-pl/LETEgWlfTJq4YWNqEeRxKQ,dublin-california
https://www.ubereats.com/san-francisco/food-delivery/subway-4500-rosewood-dr/nUC1QR4ZTCKwLZYtNPv2QA,dublin-california
https://www.ubereats.com/san-francisco/food-delivery/taqueria-el-gallo/qcm0equITZmtLQJTmHHBCQ,dublin-california
https://www.ubereats.com/san-francisco/food-delivery/sri-ananda-bhavan-pleasanton/Z1i_acwRSoO-fxzjwwqWsA,dublin-california
https://www.ubereats.com/san-francisco/food-delivery/canton-village/0HH3oDHiQt6rwA_oXsaFVw,dublin-california
https://www.ubereats.com/san-francisco/food-delivery/boba-bliss/M7ctoFpFRW-Bcqqi0-pZhg,dublin-california
https://www.ubereats.com/san-francisco/food-delivery/rosemary-cafe/TWuSO5eaToiFR9lxUvg8rQ,dublin-california
https://www.ubereats.com/san-francisco/food-delivery/azteca/DjsohLaWSCmbj_RyTvvwOg,dublin-california
https://www.ubereats.com/san-francisco/food-delivery/mountain-mikes-pizza-livermore-first-street/NlK-WGzHSxGn23hUjIGR5Q,dublin-california
https://www.ubereats.com/san-francisco/food-delivery/thai-basil-express/kd02YWq5Ss-aa0G6qpOz4A,dublin-california
https://www.ubereats.com/san-francisco/food-delivery/california-pizza-kitchen-1328-stoneridge-mall-road-%23d122/LUryPe8eSpa6jpejyJZEFg,dublin-california
https://www.ubereats.com/san-francisco/food-delivery/togos-3120-santa-rita-rd-ste-d/eGG3WTo9TwGWqnxWGfgTqA,dublin-california
https://www.ubereats.com/san-francisco/food-delivery/thai-zapp/MI9zeC6XQrCdfD9NdVDp4w,dublin-california
https://www.ubereats.com/san-francisco/food-delivery/outback-steakhouse-6505-regional-st/iPx_YX2STIO_aG6RNNB4mw,dublin-california
https://www.ubereats.com/san-francisco/food-delivery/kabul-kabob-%26-grill/FVKzsCI7SAumMwYfiSkp-w,dublin-california
https://www.ubereats.com/san-francisco/food-delivery/wild-one-restaurant/mRA_Sa2sQh6EovTO7VLKMg,dublin-california
https://www.ubereats.com/san-francisco/food-delivery/shangrila-chinese-cuisine/mZsFIEHgR62kjWfg0u8dTg,dublin-california
https://www.ubereats.com/san-francisco/food-delivery/bonchon-chicken-2725-stoneridge-dr/z2cBb9zCTO6SB6fEk4nwcA,dublin-california
https://www.ubereats.com/san-francisco/food-delivery/bawarchi-indian-cuisine-pleasonton/GneYbl37Se6vfp7JCjvKWA,dublin-california
https://www.ubereats.com/san-francisco/food-delivery/clay-oven-restaurant-and-bar/YM6CUtpHRoG_2iCRCRcx3w,dublin-california
https://www.ubereats.com/san-francisco/food-delivery/subway-6599-dublin-blvd/UbQYi1sFSDGGQQ_j8jhokA,dublin-california
https://www.ubereats.com/san-francisco/food-delivery/pho-tai-dublin/6otn9TlCSaqjiJDZVMq8nw,dublin-california
https://www.ubereats.com/san-francisco/food-delivery/rigatonis-7350-dublin-blvd/P6nlboZGRT27sLi5-2yFDQ,dublin-california
https://www.ubereats.com/san-francisco/food-delivery/mcdonalds-21001-san-ramon-valley/aPdPdURbQg2cvRyHLgg6IQ,dublin-california
https://www.ubereats.com/san-francisco/food-delivery/the-banana-garden/zFWKxwyBSXChu1BN3iFOCg,dublin-california
https://www.ubereats.com/san-francisco/food-delivery/creamistry-3435-blackhawk-plaza-circle/s_hcTGwTT3mBUs8PePkUfg,dublin-california
https://www.ubereats.com/san-francisco/food-delivery/togos-4325-1st-st-livermore-ca/W_6EUUZFQAy9hE8aWN__GA,dublin-california
https://www.ubereats.com/san-francisco/food-delivery/sajj-san-ramon/hASD-npcQz2bypIJTSKABA,dublin-california
https://www.ubereats.com/san-francisco/food-delivery/new-thai-bistro/tbU2rP56SyG4cZp8yE4aMw,dublin-california
https://www.ubereats.com/san-francisco/food-delivery/the-kebab-shop-san-ramon/QAo9-u_jTY2M7oDxjywOPg,dublin-california
https://www.ubereats.com/san-francisco/food-delivery/pho-monsoon/iULpxtN5QQ6wsgfijEub4A,dublin-california
https://www.ubereats.com/san-francisco/food-delivery/wienerschnitzel-816-n-vasco-road/qs_bXKZMRKK2M217L-C9Eg,dublin-california
https://www.ubereats.com/san-francisco/food-delivery/subway-4555-hopyard-rd/qwSsk2iOQO6jdRV5lDEL9A,dublin-california
https://www.ubereats.com/san-francisco/food-delivery/starbucks-dublin-blvd-%26-regional-st/jcYeLDsXQmSBPuidOqaoUw,dublin-california
https://www.ubereats.com/san-francisco/food-delivery/i-love-thai-food/eGiWAwQJT8i6S_BKgtT_HA,dublin-california
https://www.ubereats.com/san-francisco/food-delivery/fresh-millions-restaurant-san-ramon/iHyXCek_TlOyN7GFxM0O6w,dublin-california
https://www.ubereats.com/san-francisco/food-delivery/santorini/GbuGPvkZTzqtbozPTQ8JPw,dublin-california
https://www.ubereats.com/san-francisco/food-delivery/red-robin-195-4503-rosewood-dr/C10xWEFYTsinTpJLi3W0aA,dublin-california
https://www.ubereats.com/san-francisco/food-delivery/starbucks-hacienda-%26-580/vBkcHf4pQjC-v0oES97e-Q,dublin-california
https://www.ubereats.com/san-francisco/food-delivery/black-bear-diner-5100-hopyard-road/SDXOCILFRDyTzUszHEJQEA,dublin-california
https://www.ubereats.com/san-francisco/food-delivery/chaat-bhavan/RNsoiNlRQBGLiNW6phImHw,dublin-california
https://www.ubereats.com/san-francisco/food-delivery/danas-indo-medi-fusion/fHTVnM9HQWaynavcnDEweA,dublin-california
https://www.ubereats.com/san-francisco/food-delivery/mountain-mikes-pizza-3120-santa-rita-rd/N275hgtzReW1AzJ7udnTNA,dublin-california
https://www.ubereats.com/san-francisco/food-delivery/meiko-sushi-japanese-restaurant/KbNV2Po8SpyUrH7rEKcN9Q,dublin-california
https://www.ubereats.com/san-francisco/food-delivery/taco-bell-7123-village-pkwy/QDWAANDBTKKv_hsu01Ulww,dublin-california
https://www.ubereats.com/san-francisco/food-delivery/thai-taste-restaurant/Jxlq41cpSQO0NXS9vZjgAA,dublin-california
https://www.ubereats.com/san-francisco/food-delivery/patxis-pizza-dublin/UyF7p5DKRFikk6Cg7ydZWA,dublin-california
https://www.ubereats.com/san-francisco/food-delivery/pho-viet/k8AyaANSTMGmbgfJwszJ7g,dublin-california
https://www.ubereats.com/san-francisco/food-delivery/mcdonalds-dublin-ave/83609pfuS5CCX0AAmJfNAw,dublin-california
https://www.ubereats.com/san-francisco/food-delivery/baja-fresh-4550-tassajara-rd/Jd28dWvqTO-DAaIfTlQpvQ,dublin-california
https://www.ubereats.com/san-francisco/food-delivery/mirchi-cafe-dublin/o2fmMIY7TDyE8RBr-JCBhg,dublin-california
https://www.ubereats.com/san-francisco/food-delivery/chipotle-mexican-grill-132-sunset-dr/Q7ObWwQ7QT6XMynwvQHpUg,dublin-california
https://www.ubereats.com/san-francisco/food-delivery/miraku-japanese-restaurant/igIKpez3QSec0hELdHOi9Q,dublin-california
https://www.ubereats.com/san-francisco/food-delivery/panera-7030-amador-plaza-road/6hqju4yOTMmpVz-21ydymA,dublin-california
https://www.ubereats.com/san-francisco/food-delivery/starbucks-fallon-%26-580/xAxNGkFwSxiUB1zfjtSBYA,dublin-california
https://www.ubereats.com/san-francisco/food-delivery/torarenbou-sushi-bistro/okUGbKgCTRq6rJJ68p0sfQ,dublin-california
https://www.ubereats.com/san-francisco/food-delivery/draegers-market/cXRN4KIfToSgeNDMqnTzPw,dublin-california
https://www.ubereats.com/san-francisco/food-delivery/bak-kung-korean-bbq-stoneridge-dr/3bnOBZHBTjyxAtJ6w1aH0A,dublin-california
https://www.ubereats.com/san-francisco/food-delivery/panera-3662-fallon-rd/p990M8eGQxWTdy_gJauktA,dublin-california
https://www.ubereats.com/san-francisco/food-delivery/strizzis-restaurant-2205-1st-st/y9j1LLInRn-SECrh9Ur1mw,dublin-california
https://www.ubereats.com/san-francisco/food-delivery/experience-burma-restaurant-%26-bar/e4zpqjToTe2HEXplErsU6w,dublin-california
https://www.ubereats.com/san-francisco/food-delivery/cuppa-cafe/g0hLtnd-SFq_N507wX16qw,dublin-california
https://www.ubereats.com/san-francisco/food-delivery/wendys-2222-san-ramon-valley-blvd/XmuP9EZGRuuUTFaWxk6RzA,dublin-california
https://www.ubereats.com/san-francisco/food-delivery/tous-les-jours/4TeGHJR-Qzmp6k-7EjNCtA,dublin-california
https://www.ubereats.com/san-francisco/food-delivery/amazing-basil-pho-%26-a-cup-of/OEOtToK6Se-XxtrdC3QaOA,dublin-california
https://www.ubereats.com/san-francisco/food-delivery/cafe-tapioca/DaUVNybgQ6-8HHyWx_tPxw,dublin-california
https://www.ubereats.com/san-francisco/food-delivery/gotta-eatta-pita-pleasanton/FY0tCMxZSYugc6mMa8cOuQ,dublin-california
https://www.ubereats.com/san-francisco/food-delivery/beijing-chef/ZRlgKr9YRQGzlif9u1XZRA,dublin-california
https://www.ubereats.com/san-francisco/food-delivery/subway-6700-santa-rita-rd-ste-l/xjuos0nQT2-7FJ8Ofb4jqA,dublin-california
https://www.ubereats.com/san-francisco/food-delivery/sultans-kebab-pleasanton/XSJMd0RoRyW2xCGqNqiyag,dublin-california
https://www.ubereats.com/san-francisco/food-delivery/fusion-twist-pleasanton/q5llQoB4TaKEhfSXOglVkA,dublin-california
https://www.ubereats.com/san-francisco/food-delivery/on-fire-pizza/Zktic7dnR1KiFCDoVVjRow,dublin-california
https://www.ubereats.com/san-francisco/food-delivery/chocolate-works/jqTum0UYQHiRsKbjeQAVXw,dublin-california
https://www.ubereats.com/san-francisco/food-delivery/jersey-mikes-subs-pleasanton-6654-koll-center-parkway/v4W3KngbTJCsdGsPjuRe-g,dublin-california
https://www.ubereats.com/san-francisco/food-delivery/mcdonalds-p-st/fQO4pdpZTguHqa0csHmd_A,dublin-california
https://www.ubereats.com/san-francisco/food-delivery/ukai-japanese-bistro/DS7DvMD7RoqspeHQYq-0qg,dublin-california
https://www.ubereats.com/san-francisco/food-delivery/starbucks-i680-%26-alcosta-blvd/2QWbAUJfQsK7wojSSN02QQ,dublin-california
https://www.ubereats.com/san-francisco/food-delivery/chaat-cafe-dublin/oYXmgevuRL666Yfi2ogQ4w,dublin-california
https://www.ubereats.com/san-francisco/food-delivery/roam-artisan-burgers-city-center/zfB__vZKSuGxjdNvNF92BA,dublin-california
https://www.ubereats.com/san-francisco/food-delivery/amicis-east-coast-pizzeria-danville/ij_MLpTKTx-vMl2-MKoRGQ,dublin-california
https://www.ubereats.com/san-francisco/food-delivery/the-original-mels-1116-e-stanley-blvd-livermore/HaEgMNf8RLukPpsGXvGF5g,dublin-california
https://www.ubereats.com/san-francisco/food-delivery/pho-saigon-garden/1DeULa-STL2YKbk0yP50eA,dublin-california
https://www.ubereats.com/san-francisco/food-delivery/popeyes-louisiana-kitchen-7122-regional-st/C5Tr_m9VS025fNVMO5sVYg,dublin-california
https://www.ubereats.com/san-francisco/food-delivery/pearl-garden-chinese-restaurant/pidnKX-wTwS0JoOFuuYd6g,dublin-california
https://www.ubereats.com/san-francisco/food-delivery/yalla-mediterranean-catering-5246-dublin-blvd/sUMzD6XhRxqPFC6EqJ18oQ,dublin-california
https://www.ubereats.com/san-francisco/food-delivery/bake-a-wish/D7AJBUiSTtK1xS_ooG5J8w,dublin-california
https://www.ubereats.com/san-francisco/food-delivery/seoul-komtang/dMIaT1FzQ3y3Kxg3DQiEEA,dublin-california
https://www.ubereats.com/san-francisco/food-delivery/nations-giant-hamburgers-livermore/dpnx42VnRAeHbc5g_9RZaw,dublin-california
https://www.ubereats.com/san-francisco/food-delivery/nations-giant-hamburgers-san-ramon/2X_eZgxCQPOPbXfOin6nuw,dublin-california
https://www.ubereats.com/san-francisco/food-delivery/urban-plates-dublin/_6-ACzk6StSN0HeEmmt7gA,dublin-california
https://www.ubereats.com/san-francisco/food-delivery/tea-factory-%26-kitchen/pzNwqXR8TjG0opjmDten5Q,dublin-california
https://www.ubereats.com/san-francisco/food-delivery/sourdough%26co/fAVqtNPDTvaZ9B9ciy9srA,dublin-california
https://www.ubereats.com/san-francisco/food-delivery/bobs-giant-burgers/ezt60V8LRNeVlvXlauzIsQ,dublin-california
https://www.ubereats.com/san-francisco/food-delivery/buffalo-wild-wings-3712-dublin-blvd/FlUDct8lSxK9Xb06_6GpZg,dublin-california
https://www.ubereats.com/san-francisco/food-delivery/chopan-kabob-house-san-ramon/KbmLTbWdSMWDR-U3MftQUw,dublin-california
https://www.ubereats.com/san-francisco/food-delivery/waynes-sushi-bistro/exQaggLyRjyOjpSnWuFybg,dublin-california
https://www.ubereats.com/san-francisco/food-delivery/togos-1414-1st-st-livermore-ca/3Ft9jZiiQQWQWv0Qwxo7Pw,dublin-california
https://www.ubereats.com/san-francisco/food-delivery/jersey-mikes-subs-3740-fallon-road/q8DJfhwLSLa-CKDob0qgew,dublin-california
https://www.ubereats.com/san-francisco/food-delivery/little-madfish-dublin/o0vIatcqTcqLybQ6RRSSGw,dublin-california
https://www.ubereats.com/san-francisco/food-delivery/faz-restaurants-pleasanton/ncgUmMtdRved7PuhFnY51Q,dublin-california
https://www.ubereats.com/san-francisco/food-delivery/bjs-restaurant-%26-brewhouse-3620-fallon-road/2FVpvtEHS0iOCtJsHyyFqg,dublin-california
https://www.ubereats.com/san-francisco/food-delivery/eriks-delicafe-dublin/3f7w4vXiR5W8iE1RFjX_1A,dublin-california
https://www.ubereats.com/san-francisco/food-delivery/panda-express-3010-w-jack-london-blvd/dSJfMsqpR5SYBCOTbz2SDw,dublin-california
https://www.ubereats.com/san-francisco/food-delivery/chuck-e-cheese-7448-amador-valley-blvd/3qzzw_G5TGSgU8BGOjT-DA,dublin-california
https://www.ubereats.com/san-francisco/food-delivery/papa-johns-pizza-dublin/xEQ9jsV8TFWvx3mNWWDhiQ,dublin-california
https://www.ubereats.com/san-francisco/food-delivery/mum-mum-boba-ice-cream-and-snacks/ASbYGi3jQ9GpXR1nmzedSw,dublin-california
https://www.ubereats.com/san-francisco/food-delivery/shihlin-pleasanton/PVBcaV6yQFq4vMvlFbPNOQ,dublin-california
https://www.ubereats.com/san-francisco/food-delivery/brothers-kitchen/p9Xu7hF7Rti4u_9W5vMpnw,dublin-california
https://www.ubereats.com/san-francisco/food-delivery/garlex-pizza-and-ribs/K-9pN3LgSl-cx848aOcsMQ,dublin-california
https://www.ubereats.com/san-francisco/food-delivery/the-kebab-shop-pleasanton/VVQVdwIjTj-bA6wzCZmATA,dublin-california
https://www.ubereats.com/san-francisco/food-delivery/shwe-myanmar/W4CtBfaHSCqXIAjx1twulA,dublin-california
https://www.ubereats.com/san-francisco/food-delivery/peacock-indian-cuisine-6608-dublin/pwOjvMCuRf2WJMBhCkTDlQ,dublin-california
https://www.ubereats.com/san-francisco/food-delivery/panda-express-495-san-ramon-valley-blvd/ep13xScDRnOSPMe3i8BVdQ,dublin-california
https://www.ubereats.com/san-francisco/food-delivery/mcdonalds-santa-rita-rd/QvtmXDnBSLG6f2bRHpG76g,dublin-california
https://www.ubereats.com/san-francisco/food-delivery/sushi-foodie/TV1eHADbSISNfrNE0PXfSw,dublin-california
https://www.ubereats.com/san-francisco/food-delivery/mixt-san-ramon/PTzmij00TD-_-jku8cJlcQ,dublin-california
https://www.ubereats.com/san-francisco/food-delivery/handles-gastropub/TQ9V5jh-RRKfxiwlH1DKJw,dublin-california
https://www.ubereats.com/san-francisco/food-delivery/tommy-katsu/FMqFCWnhSdiMpsYY2SiWYQ,dublin-california
https://www.ubereats.com/san-francisco/food-delivery/curry-cravings-organic-indian-cuisine/svsgAWKmQISNyG4HHIgTqQ,dublin-california
https://www.ubereats.com/san-francisco/food-delivery/buffalo-wild-wings-200-montgomery-st/gyoj357xTP2Rpvu9b7Q5FQ,dublin-california
https://www.ubereats.com/san-francisco/food-delivery/marios-french-dips/d1E2A4-wRbWtOVObVQM86Q,dublin-california
https://www.ubereats.com/san-francisco/food-delivery/high-tech-burrito-danville/Z5jtVOIfRdKkM38GKTMB2w,dublin-california
https://www.ubereats.com/san-francisco/food-delivery/vitality-bowls-2117-stoneridge-dr/BeeFpizdRDCBDxkI-T1eHw,dublin-california
https://www.ubereats.com/san-francisco/food-delivery/lazy-dog-restaurant-%26-bar-dublin/OJP7GoT-T_eTRigw1t2kQQ,dublin-california
https://www.ubereats.com/san-francisco/food-delivery/gong-chalivermore/FPYeF8HeSeKq7TfIaZTLRA,dublin-california
https://www.ubereats.com/san-francisco/food-delivery/koja-kitchen-dublin/k8sN0VVwTMCvKnVd-IJ1rg,dublin-california
https://www.ubereats.com/san-francisco/food-delivery/paradise-biryani-pointe-dublin/1eGa3W37SvyQCB01KjCp6A,dublin-california
https://www.ubereats.com/san-francisco/food-delivery/lv-fusion-eatery/nLaTEGUiQICdpqr6bxQb5Q,dublin-california
https://www.ubereats.com/san-francisco/food-delivery/vitality-bowls-2175-first-st/XWqdpk76Qz-68S8-jT7Hrw,dublin-california
https://www.ubereats.com/san-francisco/food-delivery/baagan/5yT1eRHSRFaQpq-L2nHHwg,dublin-california
https://www.ubereats.com/san-francisco/food-delivery/spicy-indian-snob/4JZ_RWBbTHCOO8rvo0Kj7g,dublin-california
https://www.ubereats.com/san-francisco/food-delivery/almare-gelato-italiano/rHEf87PQQUGgVLb_2MPP2A,dublin-california
https://www.ubereats.com/san-francisco/food-delivery/hana-japan-dublin/-y7M_ABHQO-djjFref1cPQ,dublin-california
https://www.ubereats.com/san-francisco/food-delivery/wendys-7143-dublin-blvd/0HUwaHCGRLOFQbwZTA-SjA,dublin-california
https://www.ubereats.com/san-francisco/food-delivery/the-ice-cream-shop/b59lYu0ZRgq_IH0DQOR9Hg,dublin-california
https://www.ubereats.com/san-francisco/food-delivery/panda-express-4223-first-street/yY_-uaepTvuOmV_-JYdGIg,dublin-california
https://www.ubereats.com/san-francisco/food-delivery/the-ice-cream-shop/DDXvM2czSq6iicxmPi8yBA,dublin-california
https://www.ubereats.com/san-francisco/food-delivery/mountain-mikes-pizza-8951-san-ramon-rd/-KbcBLEJSIqixhemmKIqIA,dublin-california
https://www.ubereats.com/san-francisco/food-delivery/sri-thai-dublin-blvd/p-QqwtTQRyGBSmmBnxZLbA,dublin-california
https://www.ubereats.com/san-francisco/food-delivery/subway-6000-dougherty-rd/qc0wixS-QOaJ6EMDBs6NFg,dublin-california
https://www.ubereats.com/san-francisco/food-delivery/demitris-taverna/prTShHDGTKeQlo_shE5fCw,dublin-california
https://www.ubereats.com/san-francisco/food-delivery/honey-baked-ham-pleasanton/o-oKlzh9TIq6ruGu9lD-dQ,dublin-california
https://www.ubereats.com/san-francisco/food-delivery/chipotle-mexican-grill-4691-1st-st/DegERiGtTHGzBq2GVFKmeA,dublin-california
https://www.ubereats.com/san-francisco/food-delivery/tandoori-pizza/WKbfnkrCRliAA6goToKipQ,dublin-california
https://www.ubereats.com/san-francisco/food-delivery/panda-express-3141-crow-canyon-pl/P4wjgDAGT7u6jo0mbASJOA,dublin-california
https://www.ubereats.com/san-francisco/food-delivery/happy-delights/5hkudMV-RaSz0X5GG9oRwQ,dublin-california
https://www.ubereats.com/san-francisco/food-delivery/wens-baking-studio-organic-bento/0WOtYp99T3eAKrZkyJYMmg,dublin-california
https://www.ubereats.com/san-francisco/food-delivery/buckhorn-grill-pleasanton/nxmtkWrCTDqrNc-ieDP_Dw,dublin-california
https://www.ubereats.com/san-francisco/food-delivery/taco-bell-2415-san-ramon-valley-blvd/a6ke76g6R1iHW9D1g6oZ7g,dublin-california
https://www.ubereats.com/san-francisco/food-delivery/hawaiian-grill-express-dublin/O4lHce6gTx6MCpiiecRwCQ,dublin-california
https://www.ubereats.com/san-francisco/food-delivery/blue-agave-club/prHj0ZYGTo23eu9y3RQUaw,dublin-california
https://www.ubereats.com/san-francisco/food-delivery/fresh-millions-restaurant-dublin/NyC7FsI_Qoiy7UPZERG5Xw,dublin-california
https://www.ubereats.com/san-francisco/food-delivery/new-york-pizza-pleasanton/z2pmwDZ3QC2_kJqQAx3v-g,dublin-california
https://www.ubereats.com/san-francisco/food-delivery/dalian-club-house/j64_ZRLbRUWAbrKScdPa0w,dublin-california
https://www.ubereats.com/san-francisco/food-delivery/the-mix-creamery/cPpwEiXgSCaoklvhO5kRYQ,dublin-california
https://www.ubereats.com/san-francisco/food-delivery/nations-giant-hamburgers-pleasanton/U_4QybR4SYCt7W73uD3O2w,dublin-california
https://www.ubereats.com/san-francisco/food-delivery/jack-in-the-box-7265-village-pkwy/svxiceskTxiIqjct4yKTDQ,dublin-california
https://www.ubereats.com/san-francisco/food-delivery/4001-wings-vr/7EBx8JMyR7meCMe615mUGA,dublin-california
https://www.ubereats.com/san-francisco/food-delivery/india-garden/jfLqJEe2RmSihWQ5SJfHiw,dublin-california
https://www.ubereats.com/san-francisco/food-delivery/cold-stone-4920-dublin-blvd/pssUvKRjQ56A5X6rx5yCug,dublin-california
https://www.ubereats.com/san-francisco/food-delivery/taco-bell-6030-johnson-dr/Ob8ttYjlRv-uPfaG6SDZPg,dublin-california
https://www.ubereats.com/san-francisco/food-delivery/dos-coyotes-border-cafe-san-ramon/4EXcupfsSiuoK6CLywLeyg,dublin-california
https://www.ubereats.com/san-francisco/food-delivery/fiesta-taco/dDRoMAJ_QdqGA-lkP2XTXQ,dublin-california
https://www.ubereats.com/san-francisco/food-delivery/ny-pizza-and-pasta/OOsMwOV5RnCd9QGS2o5GoQ,dublin-california
https://www.ubereats.com/san-francisco/food-delivery/the-habit-burger-grill-5291-martinelli-way/b4ToQe-CSfO0deget9WcBA,dublin-california
https://www.ubereats.com/san-francisco/food-delivery/amaravati-house/7Lsvz3ZUTeiVGq0VSLl3EA,dublin-california
https://www.ubereats.com/san-francisco/food-delivery/chinese-szechuan/xbG9rxHTQnuOijdP3fpBaA,dublin-california
https://www.ubereats.com/san-francisco/food-delivery/falafel-flame/tCTmrHjMQm2B2VDztkuEfA,dublin-california
https://www.ubereats.com/san-francisco/food-delivery/mendocino-farms-san-ramon/1yy1Zy9kRauzHuBgxDKgtQ,dublin-california
https://www.ubereats.com/san-francisco/food-delivery/vitality-bowls-211-market-pl/Bmu37uYoRCSeXIQTVKqoJg,dublin-california
https://www.ubereats.com/san-francisco/food-delivery/black-bear-diner-807-camino-ramon/gljtOZWxTdi3tgXXORlOIA,dublin-california
https://www.ubereats.com/san-francisco/food-delivery/taqueria-los-caporales/WJKg__rkTV2-1B1yXBOFPw,dublin-california
https://www.ubereats.com/san-francisco/food-delivery/el-pollo-loco-1114-e-stanley-blvd3852/tywLH390SBCOsj072JQVcw,dublin-california
https://www.ubereats.com/san-francisco/food-delivery/mumu-hot-pot-pleasanton/BtO_JYyFTV-kBExG0T8lpw,dublin-california
https://www.ubereats.com/san-francisco/food-delivery/china-villa/KRMdK92uTnqlkBCSGQl8JQ,dublin-california
https://www.ubereats.com/san-francisco/food-delivery/prime-poke/KkjWMQqeTRuDxMKxJclF8w,dublin-california
https://www.ubereats.com/san-francisco/food-delivery/panda-express-6851-amador-plaza-rd/P2QrNzLWSLyqNj8npmSFug,dublin-california
https://www.ubereats.com/san-francisco/food-delivery/biryani-bowl-dublin/_gkvHniYRdenJ7M-AzS_wQ,dublin-california
https://www.ubereats.com/san-francisco/food-delivery/mr-pickles-sandwich-shop-san-ramon/bRQybEPKRT-fkzpT_MGVRw,dublin-california
https://www.ubereats.com/san-francisco/food-delivery/subway-4554-dublin-blvd/Tk1PO_SrSlitB0chlBzHLQ,dublin-california
https://www.ubereats.com/san-francisco/food-delivery/yanagi-sushi-%26-grill/LgDLLx3oTh6BdJ-lCOEJWA,dublin-california
https://www.ubereats.com/san-francisco/food-delivery/starbucks-diablo-plaza/5TIDRo12Qbul6dOQvo1x_w,dublin-california
https://www.ubereats.com/san-francisco/food-delivery/new-cooking-style/uwA3pFSbSYGU5nbaAnPrxw,dublin-california
https://www.ubereats.com/san-francisco/food-delivery/chicagos-umpires-grill/BjXyxMMwSIGftkObXUPFBA,dublin-california
https://www.ubereats.com/san-francisco/food-delivery/zacharys-chicago-pizza-san-ramon/OLf7PBOhR0qRLI3ug6RBKg,dublin-california
https://www.ubereats.com/san-francisco/food-delivery/freddie-parkers-pasta-%26-salad-shop-danville/0FMiIM63Qjqd-g8W1RTn3w,dublin-california
https://www.ubereats.com/san-francisco/food-delivery/jalsa-kitchen/tFvf7JjzR-WSAGMi8UaqLw,dublin-california
https://www.ubereats.com/san-francisco/food-delivery/enker-foods/4T2UtRAzQf6AMIR_0GOqWw,dublin-california
https://www.ubereats.com/san-francisco/food-delivery/ihop-6379-dublin-blvd/Sjm-0GKaSuGBeiSUQIvkBA,dublin-california
https://www.ubereats.com/san-francisco/food-delivery/lemongrass-veggie/K3oBslgjSv6TMVPejJqLcg,dublin-california
https://www.ubereats.com/san-francisco/food-delivery/baci-bistro-and-bars/XAKH2r_mQzKqLi4ip_KOEQ,dublin-california
https://www.ubereats.com/san-francisco/food-delivery/amicis-east-coast-pizzeria-dublin/J6ly6qqbQ4uSB8xvwPYmMQ,dublin-california
https://www.ubereats.com/san-francisco/food-delivery/ast-pos/jK6_8NEXTlijUQodFxwNCQ,dublin-california
https://www.ubereats.com/san-francisco/food-delivery/curry-pizza-house-dublin/bZR7SqgFR4KJ1KGXs6xqGg,dublin-california
https://www.ubereats.com/san-francisco/food-delivery/nuubia-chocolates-%26-sweets/vL4YI0qpS6uwmgb8ttDS8Q,dublin-california
https://www.ubereats.com/san-francisco/food-delivery/cheese-steak-shop-pleasanton/xHJN1mzVQFGHT-ZQfNgZPw,dublin-california
https://www.ubereats.com/san-francisco/food-delivery/blackhawk-pizzeria/UGe80nkQRJ2BUQqfvNCC-A,dublin-california
https://www.ubereats.com/san-francisco/food-delivery/the-salt-cuisine-inc/ju99ueMnTC2M9eglLB8fsA,dublin-california
https://www.ubereats.com/san-francisco/food-delivery/curry-up-now-san-ramon/zc1k2ZP7RpuUj31njOpb4w,dublin-california
https://www.ubereats.com/san-francisco/food-delivery/pizza-guys-4000-pimlico-dr-suite-110/UKSrOuGSRra4m69AKQKH6g,dublin-california
https://www.ubereats.com/san-francisco/food-delivery/haagen-dazs-shop-2774-livermore-outlets-drive/OLPPgjVOSCmkI5ZB7ZVamA,dublin-california
https://www.ubereats.com/san-francisco/food-delivery/rebel-kitchen-%26-libations/6GJ-8Gm9Sfm2rcEn9R72QA,dublin-california
https://www.ubereats.com/san-francisco/food-delivery/pairings-wine-bar-restaurant/wx-o0S1sQrq68sdWEYgkVg,dublin-california
https://www.ubereats.com/san-francisco/food-delivery/kfc-1803-santa-rita-road/5J8SE5yFQjSco37U7gyNGQ,dublin-california
https://www.ubereats.com/san-francisco/food-delivery/five-guys-ca-1259-4930-dublin-blvd/Tt47ElwDR26-SHZ6JJZMvw,dublin-california
https://www.ubereats.com/san-francisco/food-delivery/rancho-grande-taqueria/mKZ_zv43TAK9gxvdRHww6g,dublin-california
https://www.ubereats.com/san-francisco/food-delivery/yin-ji-chang-fen/_YhWYFnQR1-g_xrZ4H3UYg,dublin-california
https://www.ubereats.com/san-francisco/food-delivery/crumbs-breakfast-%26-lunch/asmLzrniT7uxXAXKfnjxVw,dublin-california
https://www.ubereats.com/san-francisco/food-delivery/rahma-mediterranean-grill/q-lqbGpHSZmD7Cn_-bh_ug,dublin-california
https://www.ubereats.com/san-francisco/food-delivery/the-habit-burger-grill-2150-portola-ave-suite-a/bBDHAImtTx-GCLS00o3i_A,dublin-california
https://www.ubereats.com/san-francisco/food-delivery/ikes-love-and-sandwiches-dublin/LgSBJxZzTU28mUFxESJzJQ,dublin-california
https://www.ubereats.com/san-francisco/food-delivery/subway-9150-alcosta-blvd/Na5bbgKBQ9yMTzqd8y7-_Q,dublin-california
https://www.ubereats.com/san-francisco/food-delivery/jack-in-the-box-1875-valley-ave/R37zm5krRL-MarLhm4Vx7w,dublin-california
https://www.ubereats.com/san-francisco/food-delivery/uncle-yus-at-the-vineyard/0Flzul07TkGOzp3tvsq4eA,dublin-california
https://www.ubereats.com/san-francisco/food-delivery/favorite-indian-restaurant/9MtrYut_RXe1FJOrS-c-oQ,dublin-california
https://www.ubereats.com/san-francisco/food-delivery/royas-afghan-cuisine/UDbYPM_CSoeUJgrsf3fTLg,dublin-california
https://www.ubereats.com/san-francisco/food-delivery/taco-bell-985-east-stanley-blvd/KEA209YVSJ61ODfs97I6mw,dublin-california
https://www.ubereats.com/san-francisco/food-delivery/yogurtland-152-sunset-dr/Hw7ioEx2R6y1OQ4pI-LirA,dublin-california
https://www.ubereats.com/san-francisco/food-delivery/cold-stone-600-market-pl/8G52EQOvS3WgAwJpus2WVg,dublin-california
https://www.ubereats.com/san-francisco/food-delivery/pamir/IStZF5O0SZWHSUCXQgdvUA,dublin-california
https://www.ubereats.com/san-francisco/food-delivery/tequilas-taqueria-160-s-livermore-ave/Nec21EiNRuu_zyXsmODRqQ,dublin-california
https://www.ubereats.com/san-francisco/food-delivery/subway-9000-crow-canyon-rd/pDpO62ZmSRCoTpf8TKp-7g,dublin-california
https://www.ubereats.com/san-francisco/food-delivery/the-lot-city-center/l7sbap_XRNyfCNMEblIdaQ,dublin-california
https://www.ubereats.com/san-francisco/food-delivery/dairy-queen-treat-gateway-center-21001-san-ra/qoqaAocSRXiYzA3g9-WeNw,dublin-california
https://www.ubereats.com/san-francisco/food-delivery/ros-ni-yom/1DNwD7M5RPqsfpsJHeAnbg,dublin-california
https://www.ubereats.com/san-francisco/food-delivery/cold-stone-3040-bernal-ave-suite-310/RhmGdwwPQySIzLpDnwWgVw,dublin-california
https://www.ubereats.com/san-francisco/food-delivery/starbucks-san-francisco-premium-outlets/wKhuDxcEReqWobRMGb3yuw,dublin-california
https://www.ubereats.com/san-francisco/food-delivery/rooster-%26-rice-santa-rita-rd/-AcWSxC5Q1iAxUxX_LOqRQ,dublin-california
https://www.ubereats.com/san-francisco/food-delivery/mod-pizza-bishop-ranch/8CAYDaJER7KYBmoVgg5h4A,dublin-california
https://www.ubereats.com/san-francisco/food-delivery/subway-11000-bollinger-cannon-rd/zusnaXTNQyGmwNIygzQfqQ,dublin-california
https://www.ubereats.com/san-francisco/food-delivery/teaspoon-san-ramon/0nGcyBKfQEe1VzO3vIhn4g,dublin-california
https://www.ubereats.com/san-francisco/food-delivery/jack-in-the-box-4295-valley-ave/26OeDe-5S_y0QC1i11vF1g,dublin-california
https://www.ubereats.com/san-francisco/food-delivery/chipotle-mexican-grill-6654-koll-center-pkwy-ste-330/J8trtpRmSeWJbFNU9txBfQ,dublin-california
https://www.ubereats.com/san-francisco/food-delivery/burgerim-4233-rosewood-drive-suite-140/fDMpsnZZQWGW9BhMH5nSBg,dublin-california
https://www.ubereats.com/san-francisco/food-delivery/hyderabad-biryani-house/nB4axNZSQW-v7U7G8DfGmA,dublin-california
https://www.ubereats.com/san-francisco/food-delivery/simply-pizza/gKu-s4brSjyyPf-Ur9I7-w,dublin-california
https://www.ubereats.com/san-francisco/food-delivery/strings-italian-livermore/MPsVZLvcSXSTgFgnxE8zxA,dublin-california
https://www.ubereats.com/san-francisco/food-delivery/porkys-pizza-palace/HSS8in8QTSew7umn031-hA,dublin-california
https://www.ubereats.com/san-francisco/food-delivery/kfc-2020-san-ramon-valley-boulevard/G5IMCNO8Qbut7FzGjBq2rA,dublin-california
https://www.ubereats.com/san-francisco/food-delivery/mr-pickles-sandwich-shop-dublin/URiND0JWQF2kzio9cG1-Pw,dublin-california
https://www.ubereats.com/san-francisco/food-delivery/tea-breeze/Mof_6muASSeCviF4qc7IZw,dublin-california
https://www.ubereats.com/san-francisco/food-delivery/taqueria-azteca-dublin/fGkGPyzvT5yK1uHwfO-4Zg,dublin-california
https://www.ubereats.com/san-francisco/food-delivery/joe-%26-the-juice-6000-bollinger-canyon-road/8kBwhCr6Rea8Wx_06u_i_w,dublin-california
https://www.ubereats.com/san-francisco/food-delivery/l%26l-hawaiian-bbq-4515-rosewood-dr/mKllltEMTsWlXZWmwUGZpw,dublin-california
https://www.ubereats.com/san-francisco/food-delivery/wienerschnitzel-323-s-livermore/xQHWb7dHSLeduYNj2zeEIQ,dublin-california
https://www.ubereats.com/san-francisco/food-delivery/panda-express-one-stoneridge-mall-rd/MFY0X3E4QjGn5T_uE6xwRw,dublin-california
https://www.ubereats.com/san-francisco/food-delivery/chipotle-mexican-grill-2421-san-ramon-valley-blvd/Z_P4FTdPSMu000ARuUBlpg,dublin-california
https://www.ubereats.com/san-francisco/food-delivery/tadka-indian-cuisine-llc/9ska4Pz4Tf66-MI9xSjnAg,dublin-california
https://www.ubereats.com/san-francisco/food-delivery/kwality-ice-cream/SgLtFivARliIuTYwO2LOeQ,dublin-california
https://www.ubereats.com/san-francisco/food-delivery/fat-fish-sushi/m7wD0Q3VRrebY3hXdeuVVg,dublin-california
https://www.ubereats.com/san-francisco/food-delivery/subway-21001-san-ramon-valley-blvd/O5nbmHS0SV2F-XVzns_PzA,dublin-california
https://www.ubereats.com/san-francisco/food-delivery/taco-bell-3890-fallon-rd/FAY5Mmg9Qy-lciVuHyWDFQ,dublin-california
https://www.ubereats.com/san-francisco/food-delivery/koi-palace-express-dublin-blvd/qO_gN5_wT92WDWMQlEwgpA,dublin-california
https://www.ubereats.com/san-francisco/food-delivery/monicas-livermore/Z8eyOAj6QYa2Dle2An4rjA,dublin-california
https://www.ubereats.com/san-francisco/food-delivery/cafe-tazza/u0baN-bKT2O5WLyTR6UowA,dublin-california
https://www.ubereats.com/san-francisco/food-delivery/chicagos-pizza-with-a-twist-livermore/jNg_n7F3QQWTBV-n1I1uTw,dublin-california
https://www.ubereats.com/san-francisco/food-delivery/mantra-india-express-dublin/B1VoWaRfSamly-jklhpeSA,dublin-california
https://www.ubereats.com/san-francisco/food-delivery/dainty-donuts/S6RCLu4iTh2lwzhIgZ3Wog,dublin-california
https://www.ubereats.com/san-francisco/food-delivery/tasty-pot-dublin/BpjWEzh-QPq1qlyO7kCtWw,dublin-california
https://www.ubereats.com/san-francisco/food-delivery/biryaniz-dublin/y2sidzD9QRKYcKDy6gcWuQ,dublin-california
https://www.ubereats.com/san-francisco/food-delivery/chianti-reserve/gqS9ogO-SVOCoOSDDiZTNw,dublin-california
https://www.ubereats.com/san-francisco/food-delivery/the-ice-cream-shop/Dpih_m_WQH-AHQJhwFsfwA,dublin-california
https://www.ubereats.com/san-francisco/food-delivery/grillaz-gone-wild-food-truck/cFHWgFsJQ5uKdK5CqJIiNQ,dublin-california
https://www.ubereats.com/san-francisco/food-delivery/baja-fresh-danville/2tBbNxbKTJ-A-dWaJuB_7Q,dublin-california
https://www.ubereats.com/san-francisco/food-delivery/eddie-papas-american-hangout/KncGmyNcQbqmSpz7mZ4LUg,dublin-california
https://www.ubereats.com/san-francisco/food-delivery/peking-delight/fC3yJZoZRaKdP_YeSEU5nA,dublin-california
https://www.ubereats.com/san-francisco/food-delivery/inchins-bamboo-garden-san-ramon/JexOr3yjRzi3OxTuuA5Pfg,dublin-california
https://www.ubereats.com/san-francisco/food-delivery/cakes-%26-bakesdublin/KkRTdq1TSfqh2XmOPXncsA,dublin-california
https://www.ubereats.com/san-francisco/food-delivery/pf-changs-1330-stoneridge-mall-rd/dsBFhy3NQguLGpYWFmarTg,dublin-california
https://www.ubereats.com/san-francisco/food-delivery/mountain-mikes-pizza-5424-sunol/YfH4jPxFRMCxo_mCIitE4A,dublin-california
https://www.ubereats.com/san-francisco/food-delivery/panda-express-6774-bernal-ave/xjQCumb6QuW0PYSx-ibxZA,dublin-california
https://www.ubereats.com/san-francisco/food-delivery/mr-pickles-sandwich-shop-pleasanton/SPDAjyhoR8SrKPvaZeXoJA,dublin-california
https://www.ubereats.com/san-francisco/food-delivery/livermores-big-apple-pizza/HdDXB8PzQTusIESUqx3b9w,dublin-california
https://www.ubereats.com/san-francisco/food-delivery/starbucks-alcosta-%26-village-pkwy/hwpbNP78R-2jEb-pU1Nhvw,dublin-california
https://www.ubereats.com/san-francisco/food-delivery/the-coachs-grille/ennqbt5CRcSvqFxab_0ElQ,dublin-california
https://www.ubereats.com/san-francisco/food-delivery/world-of-beer-4920-dublin-blvd/ktGLcpSHSHeayHNjiozYdA,dublin-california
https://www.ubereats.com/san-francisco/food-delivery/pieology-pizzeria-6920-amador-plaza/5KMeGw3iSDeV0NqAl6n9VQ,dublin-california
https://www.ubereats.com/san-francisco/food-delivery/yalla-mediterranean-5246-dublin-blvd/oOeWYuITRqaIIHYS4lFgXQ,dublin-california
https://www.ubereats.com/san-francisco/food-delivery/juice-and-java-express/SAQOR4g5QMibbi_p3L7uEA,dublin-california
https://www.ubereats.com/san-francisco/food-delivery/bills-cafe-pleasanton/0pEKB-78TF-8OPiVFf24Mw,dublin-california
https://www.ubereats.com/san-francisco/food-delivery/vitality-bowls-5271-martinelli-way/F68Q05jFRV-wo7Wr6AiyWQ,dublin-california
https://www.ubereats.com/san-francisco/food-delivery/wendys-1051-airway-blvd/7iU_2ecaTRilDH4gZIKFfQ,dublin-california
https://www.ubereats.com/san-francisco/food-delivery/go-fish-poke-bar-stoneridge-mall-rd/Jn6irnAMRkq0qL98C2NpmQ,dublin-california
https://www.ubereats.com/san-francisco/food-delivery/koi-palace-dublin/FTVtrW-1QqyP4Qa5xiKJrg,dublin-california
https://www.ubereats.com/san-francisco/food-delivery/kfc-6797-village-parkway/fkXmhsKxSbqVblB6Je0-iA,dublin-california
https://www.ubereats.com/san-francisco/food-delivery/pho-saigon-noodle-house/X52bQ38zSquFbbHvouLnbQ,dublin-california
https://www.ubereats.com/san-francisco/food-delivery/fiery-shanghai/j_iyzCYER2SvxYCnYWTTSg,dublin-california
https://www.ubereats.com/san-francisco/food-delivery/pick-6-sports-lounge/1tVQz3nESWKehrMvPN24FQ,dublin-california
https://www.ubereats.com/san-francisco/food-delivery/tower-grille/52KbYBuFQzCe-zQ6DNxSRQ,dublin-california
