url,city
https://www.ubereats.com/san-diego/food-delivery/pho-ever-vista/NE8j6-FsQ8iGk4iQGjIRGQ,encinitas-california
https://www.ubereats.com/san-diego/food-delivery/starbucks-1560-leucadia-blvd-ste-b/KJGrW11ORQm1GvElUI5GaA,encinitas-california
https://www.ubereats.com/san-diego/food-delivery/bjs-restaurant-%26-brewhouse-5613-paseo-del-norte/GgL4g_4IQpmvWHmGigovkw,encinitas-california
https://www.ubereats.com/san-diego/food-delivery/thai-style/4awABfNlSLC02djh9gFPyw,encinitas-california
https://www.ubereats.com/san-diego/food-delivery/farmer-boys-%E2%80%93-w-mission-ave/eXdU23U3R36wMLzG3--Bnw,encinitas-california
https://www.ubereats.com/san-diego/food-delivery/veggie-grill-carlsbad/-Tsl3OquQBm3FLKKuM1qAw,encinitas-california
https://www.ubereats.com/san-diego/food-delivery/carlsbad-ranch-market/NjZOJKHSQzmslQ4Jhhi1TA,encinitas-california
https://www.ubereats.com/san-diego/food-delivery/capri-blu/GS_YvQQCShKycrZOlc0Q1A,encinitas-california
https://www.ubereats.com/san-diego/food-delivery/the-encinitas-cafe/q4fG7A4AQc-azZk8fhAXig,encinitas-california
https://www.ubereats.com/san-diego/food-delivery/mozy-cafe/3noGUIQ8Rom72bZ_n_iwJQ,encinitas-california
https://www.ubereats.com/san-diego/food-delivery/flippin-pizza-encinitas/tm3TeoIyQy69MYFFJTumGA,encinitas-california
https://www.ubereats.com/san-diego/food-delivery/kotija-jr-san-marcos/Z0yTnKZ2RlCOlN3p10NioQ,encinitas-california
https://www.ubereats.com/san-diego/food-delivery/inland-tavern/k6eu-v94T7-0L2Zzm9dHIw,encinitas-california
https://www.ubereats.com/san-diego/food-delivery/lamppost-pizza-vista/3oEgApBfRfWNzZiOgoczbg,encinitas-california
https://www.ubereats.com/san-diego/food-delivery/curry-and-more-indian-bistro-rancho-bernardo/17XkopmxScO816Q6EBi48g,encinitas-california
https://www.ubereats.com/san-diego/food-delivery/manhattan-giant-pizza/fLd6KsINQPesefQpmfH79w,encinitas-california
https://www.ubereats.com/san-diego/food-delivery/thai-one-on/vFynyJehQZaeRYB7GCWbow,encinitas-california
https://www.ubereats.com/san-diego/food-delivery/jamba-3545-del-mar-heights/Rj7Qs9PRTpG2p8gA0yGv6g,encinitas-california
https://www.ubereats.com/san-diego/food-delivery/las-brisas-mexican-cuisine/KgHq9rOtTxScNG7TnTE8aQ,encinitas-california
https://www.ubereats.com/san-diego/food-delivery/vitality-bowls-6943-el-camino-real/0lA1COc1QEWbGkmIZW_D3Q,encinitas-california
https://www.ubereats.com/san-diego/food-delivery/getn-go-donuts/Zlpsq-AZSmaphi7Bu3aMLQ,encinitas-california
https://www.ubereats.com/san-diego/food-delivery/mama-kats-restaurant-%26-pie-shop/pOGD6Cj6SMymMvSv9pXKZQ,encinitas-california
https://www.ubereats.com/san-diego/food-delivery/buffalo-wild-wings-1010-w-san-marcos-blvd/lLjtJhRHTQSh-8c2tkOasQ,encinitas-california
https://www.ubereats.com/san-diego/food-delivery/fresh-brothers/5w5C_x_mRU-IkcVPuQ6rDg,encinitas-california
https://www.ubereats.com/san-diego/food-delivery/pf-changs-5621-paseo-del-norte/kcwOG4owR5SKWlnxPzjCoA,encinitas-california
https://www.ubereats.com/san-diego/food-delivery/starbucks-937-lomas-santa-fe-dr-ste-d/kbFow9j6T6KZi2GMuKMcyQ,encinitas-california
https://www.ubereats.com/san-diego/food-delivery/dennys-540-w-vista-way/koHms9_PTCuW67MZTj0epg,encinitas-california
https://www.ubereats.com/san-diego/food-delivery/bushfire-kitchen-del-mar/grmgJmqGQOiWX7y3fU9Ahw,encinitas-california
https://www.ubereats.com/san-diego/food-delivery/culichi-town-vista/ItkRmTAKQ3iLN4YHOrnrTQ,encinitas-california
https://www.ubereats.com/san-diego/food-delivery/carin-de-ria/Purd0S2OT8ykIuN1xj5Jjw,encinitas-california
https://www.ubereats.com/san-diego/food-delivery/onnys-thai-restaurant/1wnvf5xvTImmvxWAFey-qw,encinitas-california
https://www.ubereats.com/san-diego/food-delivery/bad-ass-breakfast-burritos-vista/yMMzbH6VQ_GLx0Wxb7hBdw,encinitas-california
https://www.ubereats.com/san-diego/food-delivery/lil-manana/DhQV2kGTSL-1DEzrVdC1vg,encinitas-california
https://www.ubereats.com/san-diego/food-delivery/nick-%26-gs/ZECkU73TTym3HdrbEuMGzw,encinitas-california
https://www.ubereats.com/san-diego/food-delivery/mikko-sushi/i2BqhJmySbq5iOnC8TgaQQ,encinitas-california
https://www.ubereats.com/san-diego/food-delivery/toast-gastrobrunch/fOEE0e2KSS-avPXfF1m2zg,encinitas-california
https://www.ubereats.com/san-diego/food-delivery/starbucks-1620-san-elijo-road-suite-101/sqx73Be_R5aH0ACZUlCUsw,encinitas-california
https://www.ubereats.com/san-diego/food-delivery/ensui-sushi/TzJs1lxiSkicIHh6vOWNeA,encinitas-california
https://www.ubereats.com/san-diego/food-delivery/mcdonalds-2705-via-de-la-valle/0Yy2bljkR_-rL_eeBvp6qw,encinitas-california
https://www.ubereats.com/san-diego/food-delivery/naan-n-curry/F8ANUlWyQZCJip6C1yZQkw,encinitas-california
https://www.ubereats.com/san-diego/food-delivery/kung-fu-tea-14-creekside-dr/iDLpa3kzTo6yeHPT4lV7HQ,encinitas-california
https://www.ubereats.com/san-diego/food-delivery/mendocino-farms-del-mar/i6cpsJDvTh6i0XP0qIpqUQ,encinitas-california
https://www.ubereats.com/san-diego/food-delivery/sammys-woodfired-pizza-%26-grill-del-mar/h792uoDxTjik7yTj-I4Twg,encinitas-california
https://www.ubereats.com/san-diego/food-delivery/muay-thai-kitchen/XTwygTQlRqeFscyBGG9cXw,encinitas-california
https://www.ubereats.com/san-diego/food-delivery/eve-encinitas/CmbP8vTJRR-2AHFgrY3J7A,encinitas-california
https://www.ubereats.com/san-diego/food-delivery/chipotle-mexican-grill-3416-via-mercato-ste-110/hXMlwQt9Qdi-m7WV2cl6JA,encinitas-california
https://www.ubereats.com/san-diego/food-delivery/los-tacos/jPT8rh5fQfOaFVQltL5TQA,encinitas-california
https://www.ubereats.com/san-diego/food-delivery/corner-bakery-cafe-encinitas/q4t9roBdSZ6CthToZTkoIA,encinitas-california
https://www.ubereats.com/san-diego/food-delivery/os-american-kitchen-san-marcos/5MKYLBH3R0u2Xeb_b81SRQ,encinitas-california
https://www.ubereats.com/san-diego/food-delivery/jamba-juice-3427-via-montebello-ste-180/LjsZObE8QaWyVffvMm8RqA,encinitas-california
https://www.ubereats.com/san-diego/food-delivery/salt-%26-straw-del-mar/_RUoqOOwRPS90osoAHBhWg,encinitas-california
https://www.ubereats.com/san-diego/food-delivery/hacienda-de-vega-carlsbad/3UXO9r5BSjOy42ybJKtD-Q,encinitas-california
https://www.ubereats.com/san-diego/food-delivery/jack-in-the-box-2690-del-mar-heights-rd/XUTh9FNSRWWS3nEnzZJXeg,encinitas-california
https://www.ubereats.com/san-diego/food-delivery/jojos-creamery/PtM9bWU5TTCMtvTHUQgB6w,encinitas-california
https://www.ubereats.com/san-diego/food-delivery/pick-up-stix-encinitas/YQxI6FuNSrGaIDvsy8J70Q,encinitas-california
https://www.ubereats.com/san-diego/food-delivery/urban-plates-carlsbad/0v9M1RzbTySm4r_mp3qhXA,encinitas-california
https://www.ubereats.com/san-diego/food-delivery/sushi-house-encinitas/EMlv5PaAQPmefHDp-KR6aQ,encinitas-california
https://www.ubereats.com/san-diego/food-delivery/beach-plum-kitchen/HcCnEoICQ7WWvhfc_6jlRw,encinitas-california
https://www.ubereats.com/san-diego/food-delivery/saint-tropez-bistro-%26-beyond/2eOJCS89SGq5s_sxpUoNUw,encinitas-california
https://www.ubereats.com/san-diego/food-delivery/sabor-de-vida-brazilian-grill/4_dWn6nNQ1qNRO2zraTP4g,encinitas-california
https://www.ubereats.com/san-diego/food-delivery/panini-kabob-grill-carlsbad/sJrZn5eBQiKMthNYeB53nA,encinitas-california
https://www.ubereats.com/san-diego/food-delivery/jersey-mikes-subs-solana-beach-915-lomas-santa-fe-dr/gsJggBqUQCubre1P2vE3sg,encinitas-california
https://www.ubereats.com/san-diego/food-delivery/beeside-balcony/XNtZMgNGQ829a4nI4FdwUw,encinitas-california
https://www.ubereats.com/san-diego/food-delivery/tabu-sushi-bar-%26-grill-vista/_ug4YL5hRLmX8m7IqkQ_Wg,encinitas-california
https://www.ubereats.com/san-diego/food-delivery/mcdonalds-1271-encinitas-blvd/IYfH03VJSJ-UrXvDeORg1A,encinitas-california
https://www.ubereats.com/san-diego/food-delivery/ichiban-ramen-and-sushi-vista/ywNk9UNzT9OKY4tQ0Awj5g,encinitas-california
https://www.ubereats.com/san-diego/food-delivery/pick-up-stix-poinsettia/iUn86EnpStSMr3n81sI-sA,encinitas-california
https://www.ubereats.com/san-diego/food-delivery/subway-905-orpheus-ave-ste-102/HuCEuyeBQyqxipWXgXc3XA,encinitas-california
https://www.ubereats.com/san-diego/food-delivery/cocina-del-rancho/x3IZxO7gT0uhdjAePdKVjQ,encinitas-california
https://www.ubereats.com/san-diego/food-delivery/kcs-tandoor/roi7WCMEQQG2HBqnEWxR1A,encinitas-california
https://www.ubereats.com/san-diego/food-delivery/green-dragon-tavern-%26-museum/VgJhViY8TTK6Q9TeCLUQnQ,encinitas-california
https://www.ubereats.com/san-diego/food-delivery/express-pie-parlor/2kNN0-9UQ6SJBzcugs9-UQ,encinitas-california
https://www.ubereats.com/san-diego/food-delivery/giaola-italian-kitchen/ebWaN_PsSGuaLurEd4OSww,encinitas-california
https://www.ubereats.com/san-diego/food-delivery/urbane-cafe-encinitas/9-q4xQDST3-LvdHS471ARQ,encinitas-california
https://www.ubereats.com/san-diego/food-delivery/al-toque/nIiN54pgQB62X6pzj3Mlgg,encinitas-california
https://www.ubereats.com/san-diego/food-delivery/swamis-cafe-parent/f_L5JlTyRF244wH4c87jnw,encinitas-california
https://www.ubereats.com/san-diego/food-delivery/fresco-pizzeria-san-diego/iVYQBfqrS_yEwU09i5ICRw,encinitas-california
https://www.ubereats.com/san-diego/food-delivery/juice-crafters-delmar/g9b_loJWRN-SPimZFbDedQ,encinitas-california
https://www.ubereats.com/san-diego/food-delivery/subway-417-santa-fe-dr-ste-a/NPIz2vvWRJqK9zsAswYAUg,encinitas-california
https://www.ubereats.com/san-diego/food-delivery/panda-express-20-main-st/9nayHrgbQuuVeUaNnB8r4w,encinitas-california
https://www.ubereats.com/san-diego/food-delivery/los-primos-carlsbad-%2320/TKkiD2GATfOsUFDBIgQkSg,encinitas-california
https://www.ubereats.com/san-diego/food-delivery/notorious-burgers/p2Aqq5ulSDykFWEhrlnbGg,encinitas-california
https://www.ubereats.com/san-diego/food-delivery/fish-district-solana-beach/cS5bh6nrTAaDBPgUsyUPHQ,encinitas-california
https://www.ubereats.com/san-diego/food-delivery/dennys-731-w-san-marcos-blvd/MZ8YXCb4R2SQV5CUpMX_qA,encinitas-california
https://www.ubereats.com/san-diego/food-delivery/boudin-san-marcos/Xkt5RiB6RTio3NuiJMMJHg,encinitas-california
https://www.ubereats.com/san-diego/food-delivery/robertos-taco-shop-encinitas/WZ_97pv6QZOoiyTexvLScg,encinitas-california
https://www.ubereats.com/san-diego/food-delivery/mosaic-restaurant-%26-bar/YZrUafyiRxmygdZGl1W_Hg,encinitas-california
https://www.ubereats.com/san-diego/food-delivery/maurizio-trattoria-italiana/qQmJlaXpQGuxwrqHvTVuuw,encinitas-california
https://www.ubereats.com/san-diego/food-delivery/hacienda-de-vega-encinitas/v3xciWNsRQ-QLNdNhWKjSg,encinitas-california
https://www.ubereats.com/san-diego/food-delivery/karl-strauss-brewing-company-carlsbad/nGn160FFQky13E12Wh58ag,encinitas-california
https://www.ubereats.com/san-diego/food-delivery/golden-spoon-7670-el-camino-real/aqfNtYS7Teel_bV939yM2A,encinitas-california
https://www.ubereats.com/san-diego/food-delivery/board-%26-brew-del-mar/bIyDJGRKS8WXeFauV6Wt5w,encinitas-california
https://www.ubereats.com/san-diego/food-delivery/panda-express-333-south-twin-oaks-valley-road/pZs9Z7KERQC2dCzulPmG8Q,encinitas-california
https://www.ubereats.com/san-diego/food-delivery/the-lanai/NnxgdrggSVW-WOCkd6SSOQ,encinitas-california
https://www.ubereats.com/san-diego/food-delivery/cold-stone-creamery-30-main-st-ste-120/h5y-sEZuRiWVl_Ailhyr6A,encinitas-california
https://www.ubereats.com/san-diego/food-delivery/modern-times-far-west-lounge/D-oMPeOSQYmw3zo5b39FDQ,encinitas-california
https://www.ubereats.com/san-diego/food-delivery/swamis-cafe-encinitas-101/cQ289yUHQiqpwJYCcgALcQ,encinitas-california
https://www.ubereats.com/san-diego/food-delivery/cava-3722-paseo-place-ste-1440/uWS5qkm9RdKc69Nt4HH90Q,encinitas-california
https://www.ubereats.com/san-diego/food-delivery/jack-in-the-box-1967-san-elijo-ave/dZo5KCGxQsOk3qQclnc-uA,encinitas-california
https://www.ubereats.com/san-diego/food-delivery/subway-6994-el-camino-real-ste-100/skvb6Bt3RSGk-mL6sdCBRg,encinitas-california
https://www.ubereats.com/san-diego/food-delivery/top-choice-fish/eImFSDUTRymxZJ2se3cvHg,encinitas-california
https://www.ubereats.com/san-diego/food-delivery/perks-coffee-house/swnC1LURTJ2f6XQQWKxi6w,encinitas-california
https://www.ubereats.com/san-diego/food-delivery/hoshi-japanese-steakhouse/c8Ozu4dnRiKqqN8WCIjtDg,encinitas-california
https://www.ubereats.com/san-diego/food-delivery/sonic-101-main-street/gYGz-kgaRHy-cC93PnqyLw,encinitas-california
https://www.ubereats.com/san-diego/food-delivery/el-pollo-loco-692-w-san-marcos-blvd3517/zHLhwMNqQjqLMIzakU430w,encinitas-california
https://www.ubereats.com/san-diego/food-delivery/lindas-yogurt-and-deli/63Gm9LWLRG6ZlcJNCpj4SA,encinitas-california
https://www.ubereats.com/san-diego/food-delivery/manna-heaven-bbq-san-marcos/xuh-u50wRHe3zhFJGGM1Mg,encinitas-california
https://www.ubereats.com/san-diego/food-delivery/bushfire-kitchen-la-costa/AslZNhoRS86qXLsHu_ti0g,encinitas-california
https://www.ubereats.com/san-diego/food-delivery/blaze-pizza-5620-paseo-del-norte-%23126/npYCONoBS06sqN8mzuogvA,encinitas-california
https://www.ubereats.com/san-diego/food-delivery/french-corner-encinitas/OrhHBTOeRGuPxHmSHKgHTA,encinitas-california
https://www.ubereats.com/san-diego/food-delivery/pitas-mediterranean-grill-center-dr/EjT9TaIXTgCxyv4jvGySkg,encinitas-california
https://www.ubereats.com/san-diego/food-delivery/rafaelas-restaurant/pFmpFKl1Tn65nfX7WT81pg,encinitas-california
https://www.ubereats.com/san-diego/food-delivery/mcdonalds-1064-n-el-camino-real/dxxBoBGOQWGkbjYMybB77w,encinitas-california
https://www.ubereats.com/san-diego/food-delivery/allens-new-york-pizza/VRlZpsiMR5Sv6Z5dhMOYGA,encinitas-california
https://www.ubereats.com/san-diego/food-delivery/chick-fil-a-194-n-el-camino-real/oaho-zj9SG-5d6rIboQbzg,encinitas-california
https://www.ubereats.com/san-diego/food-delivery/ebullition-brew-works-%26-gastronomy/GZ3HgJd2Q6uPyLTtWIG7cQ,encinitas-california
https://www.ubereats.com/san-diego/food-delivery/mcdonalds-3505-del-mar-heights-road/e4xX1YfkQT20jPfXFB57Iw,encinitas-california
https://www.ubereats.com/san-diego/food-delivery/tocaya-organica-del-mar/W5awGshkTmKTtsbzwybNMA,encinitas-california
https://www.ubereats.com/san-diego/food-delivery/madeleine-cafe-%26-bakery/UvTswMobQrmr2rrUHpmMuA,encinitas-california
https://www.ubereats.com/san-diego/food-delivery/johnnys-rutherford-cafe/BDXGCtmrS4O6ENOPh4fTqA,encinitas-california
https://www.ubereats.com/san-diego/food-delivery/buca-di-beppo-carlsbad/NGD_qBv8Slidj_lUydAK2w,encinitas-california
https://www.ubereats.com/san-diego/food-delivery/chipotle-mexican-grill-2505-palomar-airport-rd-ste-100/k3TqgKorTX-1HCJnv867Nw,encinitas-california
https://www.ubereats.com/san-diego/food-delivery/curry-and-more-indian-bistro-san-marcos/KL_X2Kw2QiWNk9GHznnBJQ,encinitas-california
https://www.ubereats.com/san-diego/food-delivery/encinitas-ale-house/JO5722hERn-cjnAkyuH6zA,encinitas-california
https://www.ubereats.com/san-diego/food-delivery/shaks-mediterranean-bistro/Pp4zFnkgR9-Lj5LDSNTRUA,encinitas-california
https://www.ubereats.com/san-diego/food-delivery/honeys-bistro-%26-bakery/NYdDspCUQeCAysb7R2MRoQ,encinitas-california
https://www.ubereats.com/san-diego/food-delivery/mikko-sushi/i73FpF3NRtu6FpDKA1xDow,encinitas-california
https://www.ubereats.com/san-diego/food-delivery/best-pizza-%26-brew/pV7-LsV5TFSvaMVUVtOAkA,encinitas-california
https://www.ubereats.com/san-diego/food-delivery/wendys-102-encinites-blvd/DyffTl5UQ2OhAejtZD4Bcw,encinitas-california
https://www.ubereats.com/san-diego/food-delivery/panera-667-san-rodolfo-drive/svpyclyGQqCrI5yw11Vh8Q,encinitas-california
https://www.ubereats.com/san-diego/food-delivery/tapatapa-bar-and-kitchen/sGNr-45AThmYoEOpp8x7Tg,encinitas-california
https://www.ubereats.com/san-diego/food-delivery/chipotle-mexican-grill-2710-via-de-la-valle-ste-290/WKj9T5yeQmOAB5vfAXdb1g,encinitas-california
https://www.ubereats.com/san-diego/food-delivery/panera-1935-calle-barcelona/jWbnzP8jQR6Yzc0ifFHp7w,encinitas-california
https://www.ubereats.com/san-diego/food-delivery/the-crack-shack-encinitas/S_AmjfvXRvGbj0vvyyhSyA,encinitas-california
https://www.ubereats.com/san-diego/food-delivery/san-marcos-deli/SbXpXJ36Tla27cDNR4SCTQ,encinitas-california
https://www.ubereats.com/san-diego/food-delivery/sub-station/RGBJE_2bQqe36B4Ws3uAqQ,encinitas-california
https://www.ubereats.com/san-diego/food-delivery/cicciottis-trattoria/bvde1CNMR3m_2048qnN3ow,encinitas-california
https://www.ubereats.com/san-diego/food-delivery/perfectsubs/_ZUH9P4zQyyndBcCuY9OSg,encinitas-california
https://www.ubereats.com/san-diego/food-delivery/jersey-mikes-subs-138-encinitas-blvd/wdNq-0uRSGCPqIoT-8-tZw,encinitas-california
https://www.ubereats.com/san-diego/food-delivery/woodsy-coffee/N420qmfzS6eeZbdQvQuCBw,encinitas-california
https://www.ubereats.com/san-diego/food-delivery/chins-szechwan-cuisine-vista-ca/ynS1mcVRRdaW6BsHFQIImg,encinitas-california
https://www.ubereats.com/san-diego/food-delivery/el-pollo-loco-12847-el-camino-real3493/vCSGg6BHQMuRJMOKKDiHyQ,encinitas-california
https://www.ubereats.com/san-diego/food-delivery/crust-pizzeria-solana-beach/hfSMWXFFSr6zXyIpxeBtTQ,encinitas-california
https://www.ubereats.com/san-diego/food-delivery/wokou-ramen-%26-yakitori/4n68WKoMRe6mE9Rvie3ScQ,encinitas-california
https://www.ubereats.com/san-diego/food-delivery/plant-power-encinitas/VOwxzQ7SRoa1H_H4FQc2_A,encinitas-california
https://www.ubereats.com/san-diego/food-delivery/jamba-10562-craftsman-way-ste-191/ZKxltE-YSEOi6OUWrR0M5A,encinitas-california
https://www.ubereats.com/san-diego/food-delivery/fish-district-carlsbad/S84ZIa19S2yvnGKA6TelPw,encinitas-california
https://www.ubereats.com/san-diego/food-delivery/los-primos-mexican-food-solana-beach/ehKrTHPgQxiNCm2BDU9uEA,encinitas-california
https://www.ubereats.com/san-diego/food-delivery/craft-pizza/WqsA55RfR_egc7wiK6k0hA,encinitas-california
https://www.ubereats.com/san-diego/food-delivery/michelines-pita-house-solana-beach/cPNs6noVSDe3IsNa2SfmPQ,encinitas-california
https://www.ubereats.com/san-diego/food-delivery/panda-express-316-sycamore-ave/rsWmCgT8STGIGsm-390Rfg,encinitas-california
https://www.ubereats.com/san-diego/food-delivery/borrellis-pizza-and-italian-food/-kJEM_hMRdeh1EbulVniyQ,encinitas-california
https://www.ubereats.com/san-diego/food-delivery/beaming-la-costa/xn0PMFRFR_uDvR6xRr8fSQ,encinitas-california
https://www.ubereats.com/san-diego/food-delivery/cest-la-vie/G126agUpSbyKx3xq721U-A,encinitas-california
https://www.ubereats.com/san-diego/food-delivery/swamis-cafe-encinitas-inland/zx8GybYdTYm7lWByfAzagQ,encinitas-california
https://www.ubereats.com/san-diego/food-delivery/el-pollo-loco-7120-avenida-encinas-%231043820/pB5vqNuxQ8S-G_-9kkLGrQ,encinitas-california
https://www.ubereats.com/san-diego/food-delivery/chop-stop-encinitas/k8naCHhRThWaU7ZB7FosgQ,encinitas-california
https://www.ubereats.com/san-diego/food-delivery/chins-szechwan-restaurant-encinitas-ca/xiGfp7QNQsadDy2sB2accQ,encinitas-california
https://www.ubereats.com/san-diego/food-delivery/jack-in-the-box-7050-avenida-encinas/wS7xhEHLStKw7R3BKhIONw,encinitas-california
https://www.ubereats.com/san-diego/food-delivery/the-habit-burger-grill-909-lomas-santa-fe-drive/k-VB5BkQTFiVv7-oOBd2Aw,encinitas-california
https://www.ubereats.com/san-diego/food-delivery/parioli-bistro/i76K4K3PTqqrufP7Nli7nw,encinitas-california
https://www.ubereats.com/san-diego/food-delivery/taco-bell-6017-paseo-del-norte/dZLy5Bc7TGip7_eXyfoTLg,encinitas-california
https://www.ubereats.com/san-diego/food-delivery/burger-king-242-north-el-camino-real/D3m6eYJ3QKSnAK9bNmUHvw,encinitas-california
https://www.ubereats.com/san-diego/food-delivery/darunee-thai-cuisine/5bjq5EasQt6unZXW6A1Rjw,encinitas-california
https://www.ubereats.com/san-diego/food-delivery/crust-pizzeria/X2rz8g_DRwaeuN3BzU85EA,encinitas-california
https://www.ubereats.com/san-diego/food-delivery/ali-baba-mediterranean-cuisine/QShF8s9ITTCXCGcmCwkiQA,encinitas-california
https://www.ubereats.com/san-diego/food-delivery/rimels-bar-and-grill-del-mar/9f4kHdrZRTmvK3QQmXyLSQ,encinitas-california
https://www.ubereats.com/san-diego/food-delivery/el-pollo-loco-495-s-melrose-dr3492/pcx_XpjsQdCxdTb9aoPt6A,encinitas-california
https://www.ubereats.com/san-diego/food-delivery/juice-right-solano-beach/yEoQy3kXRfO2xVo155qTPQ,encinitas-california
https://www.ubereats.com/san-diego/food-delivery/rubios-5620-paseo-del-norte/v7SJP9zGRZGZjdAyHcj5dA,encinitas-california
https://www.ubereats.com/san-diego/food-delivery/wing-squad-carlsbad/5QdGFwx4R9yYvfshtKGu7w,encinitas-california
https://www.ubereats.com/san-diego/food-delivery/luna-grill-la-costa/tfycobz6Q06TugK6lwDDpA,encinitas-california
https://www.ubereats.com/san-diego/food-delivery/leucadia-pizzeria-rancho-santa-fe/lcU6BZmgRHmf1LNC8fmyBw,encinitas-california
https://www.ubereats.com/san-diego/food-delivery/senor-pancho-mexican-grill/JzHEbe_7RaaZrL9mJJiZEw,encinitas-california
https://www.ubereats.com/san-diego/food-delivery/robertos-mexican-food-encinitas/fnVfHYdnTgigAGizPd3juA,encinitas-california
https://www.ubereats.com/san-diego/food-delivery/chins-la-costa/R0uAI6loTSuXZXgVWzU62Q,encinitas-california
https://www.ubereats.com/san-diego/food-delivery/annies-sushi-%26-deli/m1Ya5ci3Ra6Ay7lWdukS-Q,encinitas-california
https://www.ubereats.com/san-diego/food-delivery/station-sushi/5-pRszWaSpiKW5JCE35Ibw,encinitas-california
https://www.ubereats.com/san-diego/food-delivery/burger-lounge-del-mar/YeGPhtFvRUu2ee2VGUVXlQ,encinitas-california
https://www.ubereats.com/san-diego/food-delivery/lebanese-grill-mediterranean/o841zv6rQDWUkJ1Vx-BIAw,encinitas-california
https://www.ubereats.com/san-diego/food-delivery/panda-express-5630-paseo-del-norte/4_HnSnFtS_eGt-PSbEx6ow,encinitas-california
https://www.ubereats.com/san-diego/food-delivery/nachos-taco-shop-%26-seafood/oPhtWW97Qv-y_7aUEpksDw,encinitas-california
https://www.ubereats.com/san-diego/food-delivery/starbucks-7130-avenida-encinas-ste-102/ChNDzjnGQJuK8d8WvB98eA,encinitas-california
https://www.ubereats.com/san-diego/food-delivery/little-cakes-cupcake-kitchen-carlsbad/7rZ2MEqSSeS7Fwa9kzJoZA,encinitas-california
https://www.ubereats.com/san-diego/food-delivery/robertos-mexican-food/ncS0sp9KQwuQDGuQ6xb0pA,encinitas-california
https://www.ubereats.com/san-diego/food-delivery/stratford-court-cafe/VEaTwH8rQ42DAXf9NOTHLA,encinitas-california
https://www.ubereats.com/san-diego/food-delivery/curry-craft/KbWE1sjORRy0TAzOiuitfA,encinitas-california
https://www.ubereats.com/san-diego/food-delivery/leucadia-pizzeria-carlsbad/X4ETYxtYTUSJp0tEdaCXvA,encinitas-california
https://www.ubereats.com/san-diego/food-delivery/mangia-mangia-mobile/705RCPLeSk6cul9stwbk4g,encinitas-california
https://www.ubereats.com/san-diego/food-delivery/yogurt-101/rTFk3I9HS-SiKtefeOH3qg,encinitas-california
https://www.ubereats.com/san-diego/food-delivery/tacobout-breakfast/zkUtAd3jSZCQpzQlqlrwMQ,encinitas-california
https://www.ubereats.com/san-diego/food-delivery/jersey-mikes-subs-encinitas-1070-n-el-camino-real/DWKCZssTR42dD2roAxHOYw,encinitas-california
https://www.ubereats.com/san-diego/food-delivery/sourdough-%26-co-san-marcos/Gn7pFyoVRlWBzKFuCXl5xw,encinitas-california
https://www.ubereats.com/san-diego/food-delivery/rubios-252-n-el-camino-real/bLG8oRtVQ6eSzTfHJUN-6w,encinitas-california
https://www.ubereats.com/san-diego/food-delivery/chicks-natural/x6fgZIvRTom-29Qhqbkb2A,encinitas-california
https://www.ubereats.com/san-diego/food-delivery/panda-express-3525-del-mar-heights-rd/eVDFOZwBQqCW3g2sUZKnwg,encinitas-california
https://www.ubereats.com/san-diego/food-delivery/hooked-on-sushi/ad5u-L-fTmiqmXtpLO53lQ,encinitas-california
https://www.ubereats.com/san-diego/food-delivery/parakeet-cafe-little-italy/XkzjjydLRmyX95ilalUpAQ,encinitas-california
https://www.ubereats.com/san-diego/food-delivery/corner-bakery-carlsbad/kDxUCog9QyCTHUfVS3B8kQ,encinitas-california
https://www.ubereats.com/san-diego/food-delivery/qero-restaurant/UWrg8wmsSXuXB-aqew7ROQ,encinitas-california
https://www.ubereats.com/san-diego/food-delivery/tempo-kitchen/y1PInjXUSE-obWMVf5KANw,encinitas-california
https://www.ubereats.com/san-diego/food-delivery/five-guys-ca-0596-2519-palomar-airport-rd/N_gJDcHdQ86LRXJD150KDg,encinitas-california
https://www.ubereats.com/san-diego/food-delivery/tabu-sushi-bar-%26-grill-del-mar/ul4jcJdJS2i3yxM5O0b9QA,encinitas-california
https://www.ubereats.com/san-diego/food-delivery/leucadia-pizzeria-encinitas/hamf6QSSSD2drA-t3MAxEw,encinitas-california
https://www.ubereats.com/san-diego/food-delivery/philz-coffee-12873-el-camino-real-suite-m1/6HOU-Z8kS1CQcfzACsAEIA,encinitas-california
https://www.ubereats.com/san-diego/food-delivery/ramen-factory/fO_-N-4cSvOWQGNSDaJiyg,encinitas-california
https://www.ubereats.com/san-diego/food-delivery/grill-house/VeJkNxBOS9ycP8d4UN0pJw,encinitas-california
https://www.ubereats.com/san-diego/food-delivery/top-of-the-bagel/3wJRXKwJRky6Iej-4WJ9dQ,encinitas-california
https://www.ubereats.com/san-diego/food-delivery/yamariki-sushi/tdM_iWmXRGmkxQoYwi_Nng,encinitas-california
https://www.ubereats.com/san-diego/food-delivery/panda-express-689-lomas-santa-fe-dr/E6pa3y3zRXumsUI0ZbsG8w,encinitas-california
https://www.ubereats.com/san-diego/food-delivery/elizabethan-desserts/dvwvoESWT6yH_Pul5abzhg,encinitas-california
https://www.ubereats.com/san-diego/food-delivery/del-mar-rendezvous/cGhS9EqwSPaB3l-lgcMACA,encinitas-california
https://www.ubereats.com/san-diego/food-delivery/thai-pasta/n8Q-omMAR0WkcpZuEdyuNA,encinitas-california
https://www.ubereats.com/san-diego/food-delivery/togos-6943-el-camino-real-carlsbad-ca/8f_fqp_gRlGJLJQ5wwqvRg,encinitas-california
https://www.ubereats.com/san-diego/food-delivery/seasurf-fish-co/xmJE4p1mSlKVdrKQ_1c0Yg,encinitas-california
https://www.ubereats.com/san-diego/food-delivery/vigiluccis-trattoria/JbEaW8S5Sh2oYyNMj7rsQw,encinitas-california
https://www.ubereats.com/san-diego/food-delivery/tandoori-palace/trs9uiKYSRa_WP5kuI6ehw,encinitas-california
https://www.ubereats.com/san-diego/food-delivery/jersey-mikes-subs-7625-via-campanile/4Zz22toCQ6-lqiI7KXGuAA,encinitas-california
https://www.ubereats.com/san-diego/food-delivery/pick-up-stix-bressi-ranch/GcjZ_u4tQ9aKB2sIsdncEw,encinitas-california
https://www.ubereats.com/san-diego/food-delivery/macchiato/jxxA2s4PQvKGdscfVGJ3WQ,encinitas-california
https://www.ubereats.com/san-diego/food-delivery/swamis-cafe-encinitas-inland/Vtdf7099QTOcpD8jfneYOQ,encinitas-california
https://www.ubereats.com/san-diego/food-delivery/hooked-on-sushi/d6gmO0ZSRGOmjmBwXKfGbw,encinitas-california
https://www.ubereats.com/san-diego/food-delivery/melt-101/BCHU5OV7SP2WToNEoE904w,encinitas-california
https://www.ubereats.com/san-diego/food-delivery/bettys-pie-whole/dPDCNHJqTwiJ3v_lvQm6RA,encinitas-california
https://www.ubereats.com/san-diego/food-delivery/potato-shack-cafe/_qbs1BMnQ968ILBHAuRAdg,encinitas-california
https://www.ubereats.com/san-diego/food-delivery/brueggers/O3A5F5ZrR7CwvQThEw-D9A,encinitas-california
https://www.ubereats.com/san-diego/food-delivery/kfc-tb-4100-oceanside-blvd/-WFsbK2oTqSDMgIuIaDS1w,encinitas-california
https://www.ubereats.com/san-diego/food-delivery/luna-grill-encinitas/1_rk2RcsRxOCsIfi13VFnw,encinitas-california
https://www.ubereats.com/san-diego/food-delivery/cotijas-taco-shop/rZFVqrrGTOqFnZjA3n9-Lw,encinitas-california
https://www.ubereats.com/san-diego/food-delivery/oggis-sports-i-brewhouse-i-pizza-vista/vCZAjAZKSTuKE9vYeOGqeA,encinitas-california
https://www.ubereats.com/san-diego/food-delivery/jack-in-the-box-1439-encinitas-blvd/nQKyfYhzSa-zHMoSHie_Fw,encinitas-california
https://www.ubereats.com/san-diego/food-delivery/kinaly-thai/RWbK5_7dQCGNO_jITq27Tw,encinitas-california
https://www.ubereats.com/san-diego/food-delivery/kis-restaurant/hNvVEO3yT_u_bCfNhGyEJw,encinitas-california
https://www.ubereats.com/san-diego/food-delivery/cafe-ground-up/k4Bado_rSP2AmzxhlMpsZw,encinitas-california
https://www.ubereats.com/san-diego/food-delivery/encinitas-fish-shop/wWtJVM1FSduC2mqWoJ586Q,encinitas-california
https://www.ubereats.com/san-diego/food-delivery/california-pizza-kitchen-437-s-highway-101/XWoxBOiAQfCkohuLiyT-NA,encinitas-california
https://www.ubereats.com/san-diego/food-delivery/jamba-689-lomas-santa-fe-dr-ste-d/oTfyGw2zRb69RFCBHBz3yQ,encinitas-california
https://www.ubereats.com/san-diego/food-delivery/blaze-pizza-127-n-el-camino-real/bA-mX2-NScmyDd_Ab35epQ,encinitas-california
https://www.ubereats.com/san-diego/food-delivery/old-california-coffee-house-%26-eatery/4chK_FcOQyWeOFlYfVr4wA,encinitas-california
https://www.ubereats.com/san-diego/food-delivery/oggis-sports-i-brewhouse-i-pizza/lG2yy2zqREyVIYETzfh85Q,encinitas-california
https://www.ubereats.com/san-diego/food-delivery/maderos/vE293MPKRg63SnTRqnbqOg,encinitas-california
https://www.ubereats.com/san-diego/food-delivery/philz-coffee-1060-south-coast-highway-101/n0P1xwtlQYCF-p8ppiTOdw,encinitas-california
https://www.ubereats.com/san-diego/food-delivery/broken-yolk-cafe-del-mar/3Xr7VukxQDC3Wl3G2AYQmg,encinitas-california
https://www.ubereats.com/san-diego/food-delivery/chef-v/IFSU3K7oQu-U4HTJMLwO0g,encinitas-california
https://www.ubereats.com/san-diego/food-delivery/sushiya-del-mar/7nx4kEm1SWKWsqzQ0xfvlw,encinitas-california
https://www.ubereats.com/san-diego/food-delivery/schooner-station-pizzeria/Vj38-hEwSneQnFX5jAC05Q,encinitas-california
https://www.ubereats.com/san-diego/food-delivery/tin-leaf-fresh-kitchen/PiSvEkJHTcKHRFLkErsICg,encinitas-california
https://www.ubereats.com/san-diego/food-delivery/five-guys-ca-0557-130-n-el-camino-real/DlZJAVaJTMeOjNDOtfZ3yQ,encinitas-california
https://www.ubereats.com/san-diego/food-delivery/bacon-swinery-inc/rO9S4YlVQryLFT5R7C7dYA,encinitas-california
https://www.ubereats.com/san-diego/food-delivery/cedar-grill-and-cafe/K8nuFknhT8Sb1UtHvaTXtA,encinitas-california
https://www.ubereats.com/san-diego/food-delivery/starbucks-7615-via-champanile-%23120-g/qiFAWdHfQDC2bwghsCgWJg,encinitas-california
https://www.ubereats.com/san-diego/food-delivery/hello-deli/Fr6-y57rTGmwXKueVKyr6w,encinitas-california
https://www.ubereats.com/san-diego/food-delivery/pillbox-tavern/DOrcVXBoQraotlhWy0Kgmg,encinitas-california
https://www.ubereats.com/san-diego/food-delivery/mikes-bagels/N1_ES2VNS_-XRCaLOzJBgQ,encinitas-california
https://www.ubereats.com/san-diego/food-delivery/pressed-juicery-carlsbad/hdgC6LPQQymCQdmk-V7YsQ,encinitas-california
https://www.ubereats.com/san-diego/food-delivery/plant-b-vista/4OrviSOmTbShpq8Kynp8CA,encinitas-california
https://www.ubereats.com/san-diego/food-delivery/thai-society/h-b_ghAKQRGKqlSxChGKHA,encinitas-california
https://www.ubereats.com/san-diego/food-delivery/the-broken-yolk-cafe-la-costa/eeGP1yw_Q6O0ArrF_hlJXw,encinitas-california
https://www.ubereats.com/san-diego/food-delivery/beaming-del-mar/quymqnYqSbWAfjr8_ODl9w,encinitas-california
https://www.ubereats.com/san-diego/food-delivery/rubios-437-s-hwy-101/xbA4jgGjTlu3f8sAH4SyOQ,encinitas-california
https://www.ubereats.com/san-diego/food-delivery/aguacates-mexican-food/hQk_ygoXT4aNra0Gn1iQXQ,encinitas-california
https://www.ubereats.com/san-diego/food-delivery/el-pollo-loco-1002-n-el-camino-real3431/h7y6lHmkShqX0hlwG2lQpw,encinitas-california
https://www.ubereats.com/san-diego/food-delivery/the-kebab-shop-encinitas/xRbYfy1nTGCfT_oQ5uEhCw,encinitas-california
https://www.ubereats.com/san-diego/food-delivery/chart-house-2588-south-coast-hwy-101/LXnpOJTGS2-aGQbRY4x5Vw,encinitas-california
https://www.ubereats.com/san-diego/food-delivery/the-habit-burger-grill-1446-encinitas-blvd/zkdibGV4T5eRrT1wwCMRkA,encinitas-california
https://www.ubereats.com/san-diego/food-delivery/taste-of-the-himalayas-carlsbad/MDslI1IMS-a-cfuAkwqYDw,encinitas-california
https://www.ubereats.com/san-diego/food-delivery/serranos-mexican-food/UnZISSksTOaT2ixMcco7jA,encinitas-california
https://www.ubereats.com/san-diego/food-delivery/honey-baked-ham-encinitas/71OubUl_Q8aj8Eq3y0Im8w,encinitas-california
https://www.ubereats.com/san-diego/food-delivery/the-juicy-bar/WzEQlHgDSBCsZjZUavU3cw,encinitas-california
https://www.ubereats.com/san-diego/food-delivery/shanes-pizza-and-pints/jk665o2iQk-vIYKFsKtxxg,encinitas-california
https://www.ubereats.com/san-diego/food-delivery/pza-carlsbad/bj0xQ8p2SRKnIJvpsAeLYA,encinitas-california
https://www.ubereats.com/san-diego/food-delivery/luna-grill-paseo-del-sur/4bmx2dd4RpKd0-Loif497g,encinitas-california
https://www.ubereats.com/san-diego/food-delivery/board-%26-brew-carlsbad-bressi-ranch/mrJzVA0hRYGvsSfK2sDb1g,encinitas-california
https://www.ubereats.com/san-diego/food-delivery/kfc-201-s-rancho-santa-fe-road/bYSakzXRQBK3qJtVjRCE6Q,encinitas-california
https://www.ubereats.com/san-diego/food-delivery/buffalo-wild-wings-1068-n-el-camino-real/_iOdyQVFSGi3BEG2CljuBQ,encinitas-california
https://www.ubereats.com/san-diego/food-delivery/rubys-diner-carlsbad/1D7hjCZLRjOg63SSB2DO_A,encinitas-california
https://www.ubereats.com/san-diego/food-delivery/casero-taqueria/22sYHEteQSm-gGRVeF5jOg,encinitas-california
https://www.ubereats.com/san-diego/food-delivery/charm-thai-kitchen/4C2je8KxS-CKVAtC0sR1HQ,encinitas-california
https://www.ubereats.com/san-diego/food-delivery/landons-fusion-house/6DxTpsR2SD6ee4EHq0YvUQ,encinitas-california
https://www.ubereats.com/san-diego/food-delivery/plum-encinitas/H-t-SIZuS_2uOozkKwL0dA,encinitas-california
https://www.ubereats.com/san-diego/food-delivery/mizukiyama-sushi/x2ORgmosSKm0VBZQntEQYg,encinitas-california
https://www.ubereats.com/san-diego/food-delivery/burritos-locos-del-mar/4o8OmOv_SxOOcCnGzeXHRA,encinitas-california
https://www.ubereats.com/san-diego/food-delivery/luna-grill-bressi-ranch/-jaRosp7R-Chm4BtKJKTaQ,encinitas-california
https://www.ubereats.com/san-diego/food-delivery/philly-franks-steaks/SZ1PeiPMT_iXAm7yBWTq1Q,encinitas-california
https://www.ubereats.com/san-diego/food-delivery/bad-mutha-clucka-vista/ZLU4Aeg5SP-tl9URITMk2g,encinitas-california
https://www.ubereats.com/san-diego/food-delivery/elixir-juice-and-food/arp49YOKSH-qQWwHzLrhNg,encinitas-california
https://www.ubereats.com/san-diego/food-delivery/albertacos-mexican-food-san-marcos/7tEbXDt_SP6fTopewBeYGw,encinitas-california
https://www.ubereats.com/san-diego/food-delivery/tomoyama-sushi/f5-8wrShRP26NplFbJYi3g,encinitas-california
https://www.ubereats.com/san-diego/food-delivery/cava-1010-n-el-camino-real/0t6PJaAvRvmEaforWnYXWw,encinitas-california
https://www.ubereats.com/san-diego/food-delivery/chipotle-mexican-grill-268-n-el-camino-real/fBql0E0NSbi8kfJgRZKq0A,encinitas-california
https://www.ubereats.com/san-diego/food-delivery/panda-express-1084-n-el-camino-real/y38N9KbTR5mrBSn2kUSKXQ,encinitas-california
https://www.ubereats.com/san-diego/food-delivery/burger-lounge-carlsbad/7iK6mv3CQOuKcOPwjJ42Yw,encinitas-california
https://www.ubereats.com/san-diego/food-delivery/jersey-mikes-subs-5620-paseo-del-norte/Oi3jF5soS0G87x5dizTHvQ,encinitas-california
https://www.ubereats.com/san-diego/food-delivery/noodles-%26-company-2521-palomar-airport-rd-ste-107/Irk38dP-Te6UgUvGfNSnbQ,encinitas-california
https://www.ubereats.com/san-diego/food-delivery/sweetfin-del-mar-one-paseo/29AIbWpuReqAJbaH6lDFPQ,encinitas-california
https://www.ubereats.com/san-diego/food-delivery/benihana-755-raintree-drive-suite-100/1nGkTiDtTeaSBq6O0yjo0Q,encinitas-california
https://www.ubereats.com/san-diego/food-delivery/shake-shack-3705-paseo-place/YEUq9uvkRWOSjPl4YpkVMw,encinitas-california
https://www.ubereats.com/san-diego/food-delivery/the-habit-burger-grill-7610-via-campanile-suite-140/O6cim5y7R_-QcOp6PjBWcQ,encinitas-california
https://www.ubereats.com/san-diego/food-delivery/starbucks-7680-el-camino-real-ste-101/I4MOqw9hRzq6C69ZDC1Dvw,encinitas-california
https://www.ubereats.com/san-diego/food-delivery/one2go-thai/RQMN4gq_SI-bZc0Bcvj_cQ,encinitas-california
https://www.ubereats.com/san-diego/food-delivery/sushi-lounge-encinitas/CObt8TNSSRCj-_djNZKt7Q,encinitas-california
https://www.ubereats.com/san-diego/food-delivery/kokage/F8Awvfe1QI2961k00wje0A,encinitas-california
https://www.ubereats.com/san-diego/food-delivery/banh-mi-san-marcos/Fs7wIozLRNqiaDxWGUAeEw,encinitas-california
https://www.ubereats.com/san-diego/food-delivery/dennys-2203-via-de-la-valle/Dr49Nw1STAmWqjmPhNbFEQ,encinitas-california
https://www.ubereats.com/san-diego/food-delivery/miltons/WqpWjHkNSmCP102gaEivsg,encinitas-california
https://www.ubereats.com/san-diego/food-delivery/sammys-woodfired-pizza-%26-grill-san-marcos/ySmLuadfR5GGquUheAiR7Q,encinitas-california
https://www.ubereats.com/san-diego/food-delivery/rubios-1711-university-dr/53KR6O78SqObtivlzbkrzA,encinitas-california
https://www.ubereats.com/san-diego/food-delivery/jamba-juice-2505-palomar-airport-rd-ste-101/arsVeXRJQ9qnv-GMEvnr1A,encinitas-california
https://www.ubereats.com/san-diego/food-delivery/dickeys-bbq-pit-s-twing-oaks-valley-rd-%26-discovery-st/Qii_WmoxSMyzbSHrXhzXRQ,encinitas-california
https://www.ubereats.com/san-diego/food-delivery/the-cravory-cookies-carlsbad/ZXKyMxQMQtGNLc4ufWkhSw,encinitas-california
https://www.ubereats.com/san-diego/food-delivery/pho-ever-encinitas/WRW2oTmsR0qNexST_GwKfA,encinitas-california
https://www.ubereats.com/san-diego/food-delivery/lemonshark-poke-%26-tap-house/rGTtHOtDQ6Ohv1Ht67QVkw,encinitas-california
https://www.ubereats.com/san-diego/food-delivery/robertos-taco-shop-solana-beach/rXHg5BjJTuuEs_TU5iWsHA,encinitas-california
https://www.ubereats.com/san-diego/food-delivery/poki-poki/182Ucb0rQ62d_tYs8RKT0g,encinitas-california
https://www.ubereats.com/san-diego/food-delivery/haagen-dazs-5620-paseo-de-norte-%23120c/yc7t_x_lRnymvN8oI0TU8A,encinitas-california
