url,city
https://www.ubereats.com/sacramento/food-delivery/mcdonalds-5402-sunrise-blvd/qQMD14ugRfm7xLwjaVU_pA,fair-oaks-california
https://www.ubereats.com/sacramento/food-delivery/khun-suda-thai-cuisine/qA5vqLH_QnaoaEOV-9MITQ,fair-oaks-california
https://www.ubereats.com/sacramento/food-delivery/popeyes-2817-zinfandel-drive/31fd0zGQQEmNwRoEZmZ2EA,fair-oaks-california
https://www.ubereats.com/sacramento/food-delivery/mcdonalds-12190-tributary-point-dr/oir3TCbZSpmaZoIb43VVtA,fair-oaks-california
https://www.ubereats.com/sacramento/food-delivery/jack-in-the-box-4330-4300-madison-ave/9WkdtulRQk21b6LILkErnQ,fair-oaks-california
https://www.ubereats.com/sacramento/food-delivery/skipolinis-pizza-folsom/4Z3pCIKwQSyv4Yu5UUk5aw,fair-oaks-california
https://www.ubereats.com/sacramento/food-delivery/bostons-restaurant-%26-sports-bar/l2bi9c8JTWCG9hboZsbdyA,fair-oaks-california
https://www.ubereats.com/sacramento/food-delivery/bjs-restaurant-%26-brewhouse-2730-e-bidwell-street/PILorOhZSLef0zrQZD7-qg,fair-oaks-california
https://www.ubereats.com/sacramento/food-delivery/carls-jr-2300-sunrise-blvd/-M6qBkTuSN2jrbSbGkdYYQ,fair-oaks-california
https://www.ubereats.com/sacramento/food-delivery/kfc-8101-watt-avenue/a-0hPpjgRMinY6MoUgYslg,fair-oaks-california
https://www.ubereats.com/sacramento/food-delivery/burger-station-rockingham-dr/Ut_jCIKWTMGKZqIpVincFA,fair-oaks-california
https://www.ubereats.com/sacramento/food-delivery/jack-in-the-box-570-1923-douglas-blvd/xiUOwcabQUaYQIyGufHLKw,fair-oaks-california
https://www.ubereats.com/sacramento/food-delivery/garcias-mexican-restaurant-carmichael/rF962GeLQQCwY2f-BPDyFw,fair-oaks-california
https://www.ubereats.com/sacramento/food-delivery/togos-1825-douglas-blvd/JU5LQcikRZegvIoVl6wXHA,fair-oaks-california
https://www.ubereats.com/sacramento/food-delivery/the-habit-burger-grill-933-pleasant-grove-blvd-suite-150/pncECA5aTZSHTcsys_JBTA,fair-oaks-california
https://www.ubereats.com/sacramento/food-delivery/arbys-2238-arden-way/tQlwm8jLQBKc69c25N1B3Q,fair-oaks-california
https://www.ubereats.com/sacramento/food-delivery/el-pollo-loco-654-e-bidwell-st6130/m6Fxjv7xT0anIOR8rZqSzQ,fair-oaks-california
https://www.ubereats.com/sacramento/food-delivery/chipotle-mexican-grill-781-pleasant-grove-blvd-ste-140/W_cjw25eSHeYpVgnAfzsyA,fair-oaks-california
https://www.ubereats.com/sacramento/food-delivery/romas-pizza-and-pasta/cZeImhDrTQ2pvXtQmnMsgg,fair-oaks-california
https://www.ubereats.com/sacramento/food-delivery/starbucks-8027-greenback-lane/GKtHZmKbQvSQixhwFSb8mg,fair-oaks-california
https://www.ubereats.com/sacramento/food-delivery/el-puerto-restaurant/dl_sXQ_0T_m57ZFjEG2ESQ,fair-oaks-california
https://www.ubereats.com/sacramento/food-delivery/jersey-mikes-subs-2808-zinfandel-drive/BGVMF3Y7TJeu3fL2RFKaBw,fair-oaks-california
https://www.ubereats.com/sacramento/food-delivery/india-oven-citrus-heights/4FzpjBrdQ_u-UbotdOXGXA,fair-oaks-california
https://www.ubereats.com/sacramento/food-delivery/charleys-philly-steaks-galleria-at-roseville/2e4GC7YRS1eODFrdTIKaLg,fair-oaks-california
https://www.ubereats.com/sacramento/food-delivery/la-huaca-peruvian-cuisine/BiD7NIicQ8i7V-FQtnk7Tw,fair-oaks-california
https://www.ubereats.com/sacramento/food-delivery/taco-bell-6440-antelope-rd/e0sQGSS-QVKgS5Ypb33ZuA,fair-oaks-california
https://www.ubereats.com/sacramento/food-delivery/adalbertos-mexican-foods-carmichael-ca/Ek_TLmxeTHu8zBN2b5VlDw,fair-oaks-california
https://www.ubereats.com/sacramento/food-delivery/mi-lindo-jalisco/VCD7MjRDQEO_PYRB1o1BTQ,fair-oaks-california
https://www.ubereats.com/sacramento/food-delivery/madar%3A-afghan-fusion-street-food/hdDe5cJzQJiJzYbIOUZOkg,fair-oaks-california
https://www.ubereats.com/sacramento/food-delivery/la-fiesta-taqueria-folsom/WCL_-E9CRwCiq5rv_FwlLg,fair-oaks-california
https://www.ubereats.com/sacramento/food-delivery/mcdonalds-7899-walerga-rd/-L2mYbABQsmfSvcKQ2Q4sA,fair-oaks-california
https://www.ubereats.com/sacramento/food-delivery/tea-republic/pfmwAgTnTyilhcDJTW6zoQ,fair-oaks-california
https://www.ubereats.com/sacramento/food-delivery/jaspers-giant-hamburgers/1ngHE5GfQfalrU8BR7sanQ,fair-oaks-california
https://www.ubereats.com/sacramento/food-delivery/california-burrito-fair-oaks/PW0vH8RuRbCO9IByLpEjGg,fair-oaks-california
https://www.ubereats.com/sacramento/food-delivery/jack-in-the-box-585-4410-rocklin-rd/coMIg5VuSLKvqg6-DF_HHw,fair-oaks-california
https://www.ubereats.com/sacramento/food-delivery/wendys-2505-iron-point-dr/T_ZrYS-vQ8-7y1D3m82Cew,fair-oaks-california
https://www.ubereats.com/sacramento/food-delivery/outback-steakhouse-181-n-sunrise-ave/JmTveyI0ShKVE0V2UUkgfA,fair-oaks-california
https://www.ubereats.com/sacramento/food-delivery/mcdonalds-5301-hazel-ave/vbScpcrjRMOwRqdUq_vfvQ,fair-oaks-california
https://www.ubereats.com/sacramento/food-delivery/del-taco-8898-madison-ave/SLQmKT-7SDW9mK2nbPxBqw,fair-oaks-california
https://www.ubereats.com/sacramento/food-delivery/dos-coyotes-border-cafe-citrus-heights/fVUaPpQ9RWueZFE-gqJqaw,fair-oaks-california
https://www.ubereats.com/sacramento/food-delivery/rey-azteca-restaurant-bar/JfMVKxUDQWOMce_wmtCJrw,fair-oaks-california
https://www.ubereats.com/sacramento/food-delivery/scoreboards-pizza-%26-grill/S2o2ZfPKTmWWq0ZxzEDoLQ,fair-oaks-california
https://www.ubereats.com/sacramento/food-delivery/adalbertos-mexican-food-rancho-cordova-ca/1-Rqc2GFTJO6Y3ajFv8KPQ,fair-oaks-california
https://www.ubereats.com/sacramento/food-delivery/mountain-mikes-pizza-6745-watt-ave/b7WwewIKQbO0p13m5s4iZQ,fair-oaks-california
https://www.ubereats.com/sacramento/food-delivery/del-taco-7398-greenback-ln/luhUp987SumzkdMWfUJQ5A,fair-oaks-california
https://www.ubereats.com/sacramento/food-delivery/priya-indian-cuisine/f3TGnkCsQEOd16TLwx2ZMA,fair-oaks-california
https://www.ubereats.com/sacramento/food-delivery/falafel-corner/WN16uB0xT_iyY0c7nQv7Lw,fair-oaks-california
https://www.ubereats.com/sacramento/food-delivery/aji-sushi/KSl4oa8sQm253v-SPwCCZQ,fair-oaks-california
https://www.ubereats.com/sacramento/food-delivery/kfc-3551-bradshaw-rd/IRTjGXjETu2YUySI6_ZOuw,fair-oaks-california
https://www.ubereats.com/sacramento/food-delivery/pressed-juicery-palladio/0ontdyxQRTmAfHTjnvXf4Q,fair-oaks-california
https://www.ubereats.com/sacramento/food-delivery/kfc-8034-greenback-lane/sejDx7RFSzmCRheiNgYtQA,fair-oaks-california
https://www.ubereats.com/sacramento/food-delivery/mod-pizza-rocklin/G_SXJ7LSS-2955W5rjXkJQ,fair-oaks-california
https://www.ubereats.com/sacramento/food-delivery/jack-in-the-box-5845-marconi-ave/BOZECBbVQ26rNOcxllCfYA,fair-oaks-california
https://www.ubereats.com/sacramento/food-delivery/taco-bell-6158-sunrise-mall/TuRynKAjTxWvmVDVcU8MVQ,fair-oaks-california
https://www.ubereats.com/sacramento/food-delivery/the-old-spaghetti-factory-sacramento-on-watt-avenue/q2fF_iPbTAGpmOls24ch-w,fair-oaks-california
https://www.ubereats.com/sacramento/food-delivery/jack-in-the-box-561-4990-watt-ave/gdQJD0FDS62yKlxut33TSA,fair-oaks-california
https://www.ubereats.com/sacramento/food-delivery/betos-mexican-food-auburn-blvd/ED98Mox3QamgpomVJb91TQ,fair-oaks-california
https://www.ubereats.com/sacramento/food-delivery/kfc-5835-madison-avenue/iVR_TbxsQwe-LeRkEUtxxQ,fair-oaks-california
https://www.ubereats.com/sacramento/food-delivery/fukumi-ramen/qSCr4v61Twqlw0eSkz1NEw,fair-oaks-california
https://www.ubereats.com/sacramento/food-delivery/sacramento-pizza-company/bm8tqrM5QQq2gRRRhmm5pw,fair-oaks-california
https://www.ubereats.com/sacramento/food-delivery/el-pollo-loco-2281-sunrise-blvd3518/uqmBVjLtTtG6nFSEb8U6Ag,fair-oaks-california
https://www.ubereats.com/sacramento/food-delivery/little-caesars/BsR_FPAqTZCJuS6J7dFfQA,fair-oaks-california
https://www.ubereats.com/sacramento/food-delivery/burger-king-171-iron-point-road/yQFR-__IRse6WnroNOZZZg,fair-oaks-california
https://www.ubereats.com/sacramento/food-delivery/carls-jr-4805-watt-ave/UHoxYJTFTmKywz67MkBNbw,fair-oaks-california
https://www.ubereats.com/sacramento/food-delivery/smashburger-1210-roseville-pkwy-ste-100/aiBFxOudR7KAs5_puC6Wsg,fair-oaks-california
https://www.ubereats.com/sacramento/food-delivery/jamba-juice-10907-olson-dr/DVI-H3UrTjqMocnnsswFQw,fair-oaks-california
https://www.ubereats.com/sacramento/food-delivery/mimosa-house-rancho-cordova/qnLPeoVvTOWT7S_0rM1YMw,fair-oaks-california
https://www.ubereats.com/sacramento/food-delivery/crickets-country-kitchen/6qcKW4kPR_WiuHy9xsw5Mw,fair-oaks-california
https://www.ubereats.com/sacramento/food-delivery/dennys-8841-greenback-ln/9zcWBW3wQ-mtF8gcQ_IfWg,fair-oaks-california
https://www.ubereats.com/sacramento/food-delivery/the-old-spaghetti-factory-rancho-cordova/UeX2C5dfSB6NmpU61kpxxg,fair-oaks-california
https://www.ubereats.com/sacramento/food-delivery/wendys-7983-greenback-lane/agu2LFsuSwGN_Wjow58Hzw,fair-oaks-california
https://www.ubereats.com/sacramento/food-delivery/adanbertos-mexican-food-madison-ave/chdexCOSQ1WfvFwlbzFAUQ,fair-oaks-california
https://www.ubereats.com/sacramento/food-delivery/kfc-7098-auburn-boulevard/wxAucGzeQwOb_ApkJi2dYw,fair-oaks-california
https://www.ubereats.com/sacramento/food-delivery/khorasan-kabob-%26-gyro/00vPrgcPSWyAhGh_jxP4rQ,fair-oaks-california
https://www.ubereats.com/sacramento/food-delivery/the-habit-burger-grill-4060-douglas-blvd-%23109/SexDEU4ORz-mGLwmAnIr4w,fair-oaks-california
https://www.ubereats.com/sacramento/food-delivery/adalbertos-mexican-food-sacramento-ca/qluV5-nXRbOo50k-HVZdBQ,fair-oaks-california
https://www.ubereats.com/sacramento/food-delivery/pizza-guys/oCaaMsFBQbKwaWbpOgUGFA,fair-oaks-california
https://www.ubereats.com/sacramento/food-delivery/chinese-gourmet-express/MqlW-G-HSUuT5q0MZ5S-QA,fair-oaks-california
https://www.ubereats.com/sacramento/food-delivery/carls-jr-10311-folsom-blvd/n1jarh60RWuAqwrYlVxKsw,fair-oaks-california
https://www.ubereats.com/sacramento/food-delivery/jamba-juice-8690-sierra-college-blvd-%23170/uS73nea0RgmYc_EX3ALadg,fair-oaks-california
https://www.ubereats.com/sacramento/food-delivery/arts-craft-beer-palace/pH8dQFIyThetxCIa5wFyEQ,fair-oaks-california
https://www.ubereats.com/sacramento/food-delivery/the-old-spaghetti-factory-roseville/J1YK1ED-SbatXhqecvdzZQ,fair-oaks-california
https://www.ubereats.com/sacramento/food-delivery/honey-baked-ham-fair-oaks/V3_ieIfGQ-mLrW3XbEADYg,fair-oaks-california
https://www.ubereats.com/sacramento/food-delivery/el-forastero-mexican-food-elkhorn/uFFxeBycQOGWggBwmPSw7A,fair-oaks-california
https://www.ubereats.com/sacramento/food-delivery/los-cantaritos-mexican-grill/VTX-jMpIQgKZeMAYtCrxBQ,fair-oaks-california
https://www.ubereats.com/sacramento/food-delivery/lotus-8/oo5FRz9nRryo5NGruaFiPA,fair-oaks-california
https://www.ubereats.com/sacramento/food-delivery/jack-in-the-box-3442-9550-greenback-ln/GQBEDBGeQ7m4Pd4FMA7OVw,fair-oaks-california
https://www.ubereats.com/sacramento/food-delivery/eat-a-pita-zinfandel-drive/GuOnF7-lQ4qW1zAu18kq0g,fair-oaks-california
https://www.ubereats.com/sacramento/food-delivery/jack-in-the-box-532-4849-madison-ave/XtF7VjPhTguOjxIDhHR8-Q,fair-oaks-california
https://www.ubereats.com/sacramento/food-delivery/sala-thai/i5A7XwJBQf2TJ1rPbQG8AA,fair-oaks-california
https://www.ubereats.com/sacramento/food-delivery/the-habit-burger-grill-5437-%22a%22-sunrise-bl/OuWdCKdkSiivRh-NFLfDew,fair-oaks-california
https://www.ubereats.com/sacramento/food-delivery/carls-jr-3100-sunrise-blvd/l0esyfzNS9OTdS4qhzfrzg,fair-oaks-california
https://www.ubereats.com/sacramento/food-delivery/grand-asian-n-cajun/ntga6FJ5Swy9nvKujb_zIQ,fair-oaks-california
https://www.ubereats.com/sacramento/food-delivery/jack-in-the-box-3472-9680-business-park-dr/FgCPDACtRRyrwAUVn6ydZw,fair-oaks-california
https://www.ubereats.com/sacramento/food-delivery/ihop-4821-madison-ave/QVHjuuwNRxWb8uJc7e6GdQ,fair-oaks-california
https://www.ubereats.com/sacramento/food-delivery/taqueria-garibaldi-howe-ave/1ZD47RvZSy6oaPwmzuVmUA,fair-oaks-california
https://www.ubereats.com/sacramento/food-delivery/togos-7301-greenback-ln-%23c/xmolroizStW7PFsyD-Mu8A,fair-oaks-california
https://www.ubereats.com/sacramento/food-delivery/black-bear-diner-7935-madison-avenue/kNY5uZQfRFWWVGTWJMaAGw,fair-oaks-california
https://www.ubereats.com/sacramento/food-delivery/jersey-mikes-subs-703-e-bidwell-st/qAoOLQgnTn2OO9A_meBiKw,fair-oaks-california
https://www.ubereats.com/sacramento/food-delivery/carls-jr-1701-douglas-blvd/kIQzCX_4Qayu1qH2adQR0w,fair-oaks-california
https://www.ubereats.com/sacramento/food-delivery/mcdonalds-2400-sunrise-blvd/9L67d-A7Q5mYv33KDchpcg,fair-oaks-california
https://www.ubereats.com/sacramento/food-delivery/adalbertos-mexican-food-citrus-heights-ca/2mSN3USYR76SbhdBEE2YnA,fair-oaks-california
https://www.ubereats.com/sacramento/food-delivery/little-buddha-thai-bistro/iiH5VhUhR8SoYP5aalwPTQ,fair-oaks-california
https://www.ubereats.com/sacramento/food-delivery/black-angus-steakhouse-citrus-heights/g3XzzCsOQIiq1VS3PM3mWA,fair-oaks-california
https://www.ubereats.com/sacramento/food-delivery/jack-in-the-box-3435-6691-stanford-ranch-road/EXvMfHHDQHK2LhaWgp-Y3g,fair-oaks-california
https://www.ubereats.com/sacramento/food-delivery/carls-jr-6400-antelope-road/wBe1Q5pWSGmQ34tsQzKqWg,fair-oaks-california
https://www.ubereats.com/sacramento/food-delivery/red-robin-49-1184-galleria-blvd/qq0c1_GtTWOAK8H3rCMKoA,fair-oaks-california
https://www.ubereats.com/sacramento/food-delivery/togos-2901-sunrise-blvd-ste-175/6nzX-l5LRJmuKWSxU2Cvlg,fair-oaks-california
https://www.ubereats.com/sacramento/food-delivery/chipotle-mexican-grill-1136-galleria-blvd-ste-160/ux49UzDyQkOUMZd00l3GqA,fair-oaks-california
https://www.ubereats.com/sacramento/food-delivery/buca-di-beppo-roseville/BS_jt2zOSN6dcHZcgq3EVQ,fair-oaks-california
https://www.ubereats.com/sacramento/food-delivery/red-lobster-6231-sunrise-blvd/b0gdylE_RNmnPzpK68u26Q,fair-oaks-california
https://www.ubereats.com/sacramento/food-delivery/chicagos-pizza-with-a-twist-folsom/em3MXdn9T2mFU5SW_MFAPg,fair-oaks-california
https://www.ubereats.com/sacramento/food-delivery/burger-king-4960-auburn-blvd/Jk2tci38SzSA00bnzSbDkQ,fair-oaks-california
https://www.ubereats.com/sacramento/food-delivery/takieng-thai-cuisine/0FdIMzKsSXG3buLq3-8zxw,fair-oaks-california
https://www.ubereats.com/sacramento/food-delivery/ihop-3525-bradshaw-rd/09YWqkduRuqNTVS2hjUBSg,fair-oaks-california
https://www.ubereats.com/sacramento/food-delivery/bubble-university/CIDaem5uQripGtilqG_I4w,fair-oaks-california
https://www.ubereats.com/sacramento/food-delivery/burger-king-7201-fair-oaks-boulevard/HL15eXWUQH6WXMYW8QmdBg,fair-oaks-california
https://www.ubereats.com/sacramento/food-delivery/auntie-annes-13000-folsom-blvd/7TmYqNxbQBG05eWIl1lrlg,fair-oaks-california
https://www.ubereats.com/sacramento/food-delivery/sizzler-5815-madison-ave/aIEoh410QFGkb0fd8gFeHA,fair-oaks-california
https://www.ubereats.com/sacramento/food-delivery/kfc-5130-foothills-blvd/PCUVSadlSU6mS0A8mvhPJQ,fair-oaks-california
https://www.ubereats.com/sacramento/food-delivery/mcdonalds-5301-elkhorn-blvd/uz3wK_YsQuqUXrb0NLCufw,fair-oaks-california
https://www.ubereats.com/sacramento/food-delivery/taco-bell-6031-greenback-lane/jFy-GEACQE28D4WugMqjcA,fair-oaks-california
https://www.ubereats.com/sacramento/food-delivery/buffalo-wild-wings-6301-sunrise-blvd/kcoo4moiR061V8VCnSe32Q,fair-oaks-california
https://www.ubereats.com/sacramento/food-delivery/russian-chocolate/b8AoACAKSMKYzv7OTVNc7g,fair-oaks-california
https://www.ubereats.com/sacramento/food-delivery/pho-viet/yBqPLQBIRQK-U-TfKweGfA,fair-oaks-california
https://www.ubereats.com/sacramento/food-delivery/jamba-juice-6061-sunrise-blvd/fvToVJqoT-mJ2D1DL9n54Q,fair-oaks-california
https://www.ubereats.com/sacramento/food-delivery/togos-900-e-bidwell-st-ste-700/_HLVR7koR_ulK1x8lWt7PA,fair-oaks-california
https://www.ubereats.com/sacramento/food-delivery/romanos-macaroni-grill-2010-douglas-blvd/C5cneg3aQ164FqFcy5aUug,fair-oaks-california
https://www.ubereats.com/sacramento/food-delivery/valencias-carniceria-taqueria/s0LjM4uZTmaG4w26BVen8w,fair-oaks-california
https://www.ubereats.com/sacramento/food-delivery/el-pollo-loco-9501-fairway-dr6103/MgbVmuxrQjKTn8blquGIOQ,fair-oaks-california
https://www.ubereats.com/sacramento/food-delivery/costa-vida-10831-olson-dr-ste-b-rancho-cordova/yv2BMWAISCmRhgoNIGKwDQ,fair-oaks-california
https://www.ubereats.com/sacramento/food-delivery/whips-desserts/lxttKyc7TMS9g_y-cvGwdw,fair-oaks-california
https://www.ubereats.com/sacramento/food-delivery/pizza-guys-bidwell-st/N2Kj0rDAQzy0bt3rb7YAhg,fair-oaks-california
https://www.ubereats.com/sacramento/food-delivery/bjs-restaurant-%26-brewhouse-1200-roseville-parkway/p7aqcIJFR-6J84j4YgTDQw,fair-oaks-california
https://www.ubereats.com/sacramento/food-delivery/sugar-bake-cupcakes/F7fuZGtYT1Wk4izMolNVfQ,fair-oaks-california
https://www.ubereats.com/sacramento/food-delivery/panda-express-10831-olson-drive/TAFBTI80QeSsRe41BPgEFQ,fair-oaks-california
https://www.ubereats.com/sacramento/food-delivery/golden-city/bez8oRLeRaGsGNLVsegn4Q,fair-oaks-california
https://www.ubereats.com/sacramento/food-delivery/edible-arrangements-1490-eureka-road-suite-%23120/BKO7GlEPTtqpJjSdtBic5A,fair-oaks-california
https://www.ubereats.com/sacramento/food-delivery/strings-italian-cafe/olPYWhVbSISU4tgGAkDcCw,fair-oaks-california
https://www.ubereats.com/sacramento/food-delivery/chipotle-mexican-grill-5040-auburn-blvd-ste-a/3l1vas-PR5CN7yKNgXMsag,fair-oaks-california
https://www.ubereats.com/sacramento/food-delivery/jack-in-the-box-3452-401-blue-ravine/KphmKw3aTOqifuPy0XDX-g,fair-oaks-california
https://www.ubereats.com/sacramento/food-delivery/teriyaki-land/_E4VihkpRDWHZ-uW4rfOOw,fair-oaks-california
https://www.ubereats.com/sacramento/food-delivery/sushi-omakase/g9qogOPrSZ2GBQMj_dEBzQ,fair-oaks-california
https://www.ubereats.com/sacramento/food-delivery/university-of-beer/diy8RYjrRXypOC_UiaccDw,fair-oaks-california
https://www.ubereats.com/sacramento/food-delivery/panda-express-1840-prairie-city-rd-%23300/sk92WkD5Q5ufqNrvkK04bw,fair-oaks-california
https://www.ubereats.com/sacramento/food-delivery/rubios-3221-zinfandel-dr/PIqytxrYS9ez9odlgxSzsA,fair-oaks-california
https://www.ubereats.com/sacramento/food-delivery/cold-stone-creamery-6105-sunrise-blvd/sSo9LNzSRIW4EfDGOIToRA,fair-oaks-california
https://www.ubereats.com/sacramento/food-delivery/salsas-taqueria/rUQtYiOXQD6PXLRagXM7hw,fair-oaks-california
https://www.ubereats.com/sacramento/food-delivery/california-burgers/t6xpPQYiQ4qRcRc_4V1Ghw,fair-oaks-california
https://www.ubereats.com/sacramento/food-delivery/kfc-4801-watt-ave/9YUjQaKXQQOFHR5hbgza0w,fair-oaks-california
https://www.ubereats.com/sacramento/food-delivery/julians-patisserie-and-cafe/VjRG2J9TS1yJ4egRd2wl4w,fair-oaks-california
https://www.ubereats.com/sacramento/food-delivery/the-canyon-grill-and-alehouse/Kd71vrb0QQyiMvIvvyPx2w,fair-oaks-california
https://www.ubereats.com/sacramento/food-delivery/alonzo-pizza-depot/zqw7J5mJRXi_4z8w7lpUsQ,fair-oaks-california
https://www.ubereats.com/sacramento/food-delivery/big-spoon-yogurt-fair-oaks/CmOMJ0NET86syhh_4g-NZA,fair-oaks-california
https://www.ubereats.com/sacramento/food-delivery/costa-vida-fresh-mexican-grill-olson/XQs3RCLQQIW92P9D0g-gbA,fair-oaks-california
https://www.ubereats.com/sacramento/food-delivery/del-taco-4601-watt-ave/xbR5TPl1SyeDON_QWUrArg,fair-oaks-california
https://www.ubereats.com/sacramento/food-delivery/five-guys-ca-1369-8620-sierra-college-blvd/26yM-GPUTPuTckP6RU9fzw,fair-oaks-california
https://www.ubereats.com/sacramento/food-delivery/wendys-4320-watt-ave/t-HgMvWNRFC6aKS3B2zdig,fair-oaks-california
https://www.ubereats.com/sacramento/food-delivery/jack-in-the-box-499-10699-folsom-blvd/dKkROz-iQsug-hU4CQeU4A,fair-oaks-california
https://www.ubereats.com/sacramento/food-delivery/blaze-pizza-10325-fairway-dr/BtlCkvjKR226EZLAc2Na4w,fair-oaks-california
https://www.ubereats.com/sacramento/food-delivery/papa-murphys-7528-greenback-lane/ePlOOtgPQhe-Wl0kby3LKQ,fair-oaks-california
https://www.ubereats.com/sacramento/food-delivery/chipotle-mexican-grill-5223-hazel-ave/SImQRaWCS9a0a-Z7beoJRg,fair-oaks-california
https://www.ubereats.com/sacramento/food-delivery/taco-bell-5210-auburn-blvd/deFRFN5vQTO-klTi1aW9YQ,fair-oaks-california
https://www.ubereats.com/sacramento/food-delivery/carls-jr-2515-iron-point-rd/fyqePBCHQjW44PGLzm2hIg,fair-oaks-california
https://www.ubereats.com/sacramento/food-delivery/sushi-kakogan/tsuFDqPnR9Kv7rGPeooHRg,fair-oaks-california
https://www.ubereats.com/sacramento/food-delivery/cheese-steak-shop-roseville/oj8CGMS6Ta2_Xm3gglHSFA,fair-oaks-california
https://www.ubereats.com/sacramento/food-delivery/superb-pizza/_ojxjByMTsCP4TdRlg8Xyw,fair-oaks-california
https://www.ubereats.com/sacramento/food-delivery/ihop-6751-stanford-ranch-rd/LV9c7hddQjScytd2vjisAw,fair-oaks-california
https://www.ubereats.com/sacramento/food-delivery/jack-in-the-box-3426-8655-auburn-blvd/RsTKQT6YQDSFI3us6nAdIA,fair-oaks-california
https://www.ubereats.com/sacramento/food-delivery/folsom-thai-cuisine/ng7xScauTAKnlLBByMlckw,fair-oaks-california
https://www.ubereats.com/sacramento/food-delivery/pf-changs-1180-galleria-blvd/rw52i0x6SHqGTYCk-FBJJw,fair-oaks-california
https://www.ubereats.com/sacramento/food-delivery/mcdonalds-10355-folsom-blvd/3wCFQ-iRRMWHIK54iiF8-A,fair-oaks-california
https://www.ubereats.com/sacramento/food-delivery/five-guys-ca-1961/oWQm70YoQnqaoblOslCPvA,fair-oaks-california
https://www.ubereats.com/sacramento/food-delivery/kfc-1089-sunrise-avenue/Lel57lEHQ-KcoRzAr-KE2Q,fair-oaks-california
https://www.ubereats.com/sacramento/food-delivery/ihop-1009-e-bidwell-st/eotVtprhRY-GWKYFrTRafQ,fair-oaks-california
https://www.ubereats.com/sacramento/food-delivery/california-burrito-6/FCY7VNuAQF-DMBGNwQAdhA,fair-oaks-california
https://www.ubereats.com/sacramento/food-delivery/the-habit-burger-grill-1115-e-bidwell-st-%23126/RHdi85wKTEqlnox5q6Umaw,fair-oaks-california
https://www.ubereats.com/sacramento/food-delivery/royal-indian-cuisine/SjazKeq5QemYqnYXG6bLLg,fair-oaks-california
https://www.ubereats.com/sacramento/food-delivery/drewskis-pit-stop/JNN9J84vTpmJ0hdK5hmYwg,fair-oaks-california
https://www.ubereats.com/sacramento/food-delivery/carls-jr-5201-elkhorn-blvd/QzmENK6FTYWjPWhQMY5Zmw,fair-oaks-california
https://www.ubereats.com/sacramento/food-delivery/yalla-yalla-food-%26-bakery/5CmiUtpaSga4VY97qPbqlg,fair-oaks-california
https://www.ubereats.com/sacramento/food-delivery/taco-bell-8823-greenback-lane/jGLRPmafRSyfLuhalHa1vg,fair-oaks-california
https://www.ubereats.com/sacramento/food-delivery/chances-chicken/lNmZVNs7RiWyStMIIbXe3g,fair-oaks-california
https://www.ubereats.com/sacramento/food-delivery/california-burrito-auburn/L03rZY4gQCeKRFx7Q-L5hQ,fair-oaks-california
https://www.ubereats.com/sacramento/food-delivery/bawarchi-indian-cuisine/Swexi35nSOywK15Io0z9TA,fair-oaks-california
https://www.ubereats.com/sacramento/food-delivery/pieology-pizzeria-2030-douglas-blvd/mPeBa3MiTYWl0TN_Q1rllw,fair-oaks-california
https://www.ubereats.com/sacramento/food-delivery/power-market-deli-3028/-8Tu4JA8R2OpI97s4VV0RQ,fair-oaks-california
https://www.ubereats.com/sacramento/food-delivery/ihop-100-north-sunrise-ave/3WpQmAhoQvuJg4nhYB6PxA,fair-oaks-california
https://www.ubereats.com/sacramento/food-delivery/sourdough-%26-co/J2XOOWqnRGuM7mEoEDfwtg,fair-oaks-california
https://www.ubereats.com/sacramento/food-delivery/falafel-corner-roseville/KFthyPegR4S4YiHxeEu6zw,fair-oaks-california
https://www.ubereats.com/sacramento/food-delivery/mr-pickles-sandwich-shop-rancho-cordova/hNAE7oIdSdqNcsiZW35I6A,fair-oaks-california
https://www.ubereats.com/sacramento/food-delivery/bowinkles-drive-thru/MYVKzDRhR9qCaARRoQGDpg,fair-oaks-california
https://www.ubereats.com/sacramento/food-delivery/carls-jr-7523-watt-ave/t0XRJyWZRAuP8rTTHaiA5Q,fair-oaks-california
https://www.ubereats.com/sacramento/food-delivery/pasquales-italian-pizzeria/WQ9Kcx5PTRaf9fJLXgq8Sw,fair-oaks-california
https://www.ubereats.com/sacramento/food-delivery/wallys-cafe-granite-dr/Rw_gxI3ZQ0GHB5jsbyP-Qw,fair-oaks-california
https://www.ubereats.com/sacramento/food-delivery/boolu-eatery-globally-inspired-cuisine/nIj-LLCGRxW4tci_I4K4yw,fair-oaks-california
https://www.ubereats.com/sacramento/food-delivery/sai-varee-thai-cuisine/Nisq0RloQvu2eRhKUhoJuQ,fair-oaks-california
https://www.ubereats.com/sacramento/food-delivery/phaya-thai/Op-E26GjS8-ykyellVuZpw,fair-oaks-california
https://www.ubereats.com/sacramento/food-delivery/carls-jr-7570-sunrise-blvd/v1Qj2RZyT4qufT3BNbl77A,fair-oaks-california
https://www.ubereats.com/sacramento/food-delivery/papa-murphys-4819a-granite-drive/pqFVyXzAQbqTfc-wWJw-Nw,fair-oaks-california
https://www.ubereats.com/sacramento/food-delivery/sammys-woodfired-pizza-%26-grill-restaurant-%26-bar-sacramento/8TRN81fDS3-7_7z6LvzoFA,fair-oaks-california
https://www.ubereats.com/sacramento/food-delivery/panda-express-4701-madison-ave/CdI9MVvtRY6rijBweV3hIQ,fair-oaks-california
https://www.ubereats.com/sacramento/food-delivery/kfc-10399-folsom-blvd/fX132D8KQ4Cu0r416KTpWw,fair-oaks-california
https://www.ubereats.com/sacramento/food-delivery/taco-bell-9382-madison-ave/CKlUfTNkQwCQFgLnDX4EuQ,fair-oaks-california
https://www.ubereats.com/sacramento/food-delivery/annachikadidai-folsom/Dj7NcaHTTe6AJjTdZEO_0w,fair-oaks-california
https://www.ubereats.com/sacramento/food-delivery/chipotle-mexican-grill-5851-sunrise-blvd/wttlvO_SSzSk2d8zCcIcHw,fair-oaks-california
https://www.ubereats.com/sacramento/food-delivery/donut-time-sacramento/QBlsthdWT4K2ce4hQO-krg,fair-oaks-california
https://www.ubereats.com/sacramento/food-delivery/kaidao/L9aYLBcTTWiWWXjYNuiR2Q,fair-oaks-california
https://www.ubereats.com/sacramento/food-delivery/pho-abc/OfZD853cQkm5eymXgOY9Mw,fair-oaks-california
https://www.ubereats.com/sacramento/food-delivery/mcdonalds-7329-fair-oaks-blvd/eH4T0YE8RaKx3F4uqLraUA,fair-oaks-california
https://www.ubereats.com/sacramento/food-delivery/ericas-cafe/9_XkN4ObS_CLmsCE23SrFw,fair-oaks-california
https://www.ubereats.com/sacramento/food-delivery/wallys-cafe-sunset-blvd/Ds7UH6_URCCiwDTLUELGKg,fair-oaks-california
https://www.ubereats.com/sacramento/food-delivery/chipotle-mexican-grill-2379-iron-point-rd/l-ZUaNaaRJ-WEPWV7khtlA,fair-oaks-california
https://www.ubereats.com/sacramento/food-delivery/jack-in-the-box-3421-8750-lariviera-dr/znINpgm6QzSywbriNtP3PA,fair-oaks-california
https://www.ubereats.com/sacramento/food-delivery/kfc-2535-iron-point-road/6WI6HcrGTKivaas3LhWMmg,fair-oaks-california
https://www.ubereats.com/sacramento/food-delivery/dennys-5120-interstate-ave/Ts4KFo_cSsiGD9yDgc533w,fair-oaks-california
https://www.ubereats.com/sacramento/food-delivery/delish-pizza/6atRGtv8T127-fA6S2VUhw,fair-oaks-california
https://www.ubereats.com/sacramento/food-delivery/lazy-dog-restaurant-%26-bar-roseville/bI60ZwUCSXON7Yglfuzytw,fair-oaks-california
https://www.ubereats.com/sacramento/food-delivery/coffee-republic-folsom/-pAmh_QtTTeb3AnO_Fp1gQ,fair-oaks-california
https://www.ubereats.com/sacramento/food-delivery/jack-in-the-box-489-6131-greenback-lane/12m9wV3YSJSasFJHLhCXvg,fair-oaks-california
https://www.ubereats.com/sacramento/food-delivery/ramen-go/PUJw8VaXTk2uF6b12EeoZg,fair-oaks-california
https://www.ubereats.com/sacramento/food-delivery/mcdonalds-7411-madison-ave/jvcxeE8oRfWbrkvmhiPzzA,fair-oaks-california
https://www.ubereats.com/sacramento/food-delivery/wienerschnitzel-5441-sunrise-blvd/3weMs9U0QfmKHPZqVR_NGQ,fair-oaks-california
https://www.ubereats.com/sacramento/food-delivery/india-palace/pgu1rA1iTuSfkWvax-DIWw,fair-oaks-california
https://www.ubereats.com/sacramento/food-delivery/mountain-mikes-pizza/eS5_fN-XSv2aouSYwUk2PQ,fair-oaks-california
https://www.ubereats.com/sacramento/food-delivery/pasquallys-pizza-%26-wings-6251-sunrise-blvd/1DhJsxhsSB2PTuOH32x59w,fair-oaks-california
https://www.ubereats.com/sacramento/food-delivery/jamba-juice-13389-folsom-blvd-%23400/S9rQ9XFaSqqSNgnBOWus7g,fair-oaks-california
https://www.ubereats.com/sacramento/food-delivery/jens-kitchen/f8PIRnoYSoKeCREX_gxzFg,fair-oaks-california
https://www.ubereats.com/sacramento/food-delivery/dos-coyotes-border-cafe-folsom/WvCSrHJcQvaS1qPhPDq-Vw,fair-oaks-california
https://www.ubereats.com/sacramento/food-delivery/rosies-country-kitchen/UIVGObP8RDmFLbAI3ob1MA,fair-oaks-california
https://www.ubereats.com/sacramento/food-delivery/pieology-pizzeria-2350-sunrise-blvd/dMfGR1czSVCoMVQFoyXhCw,fair-oaks-california
https://www.ubereats.com/sacramento/food-delivery/kikis-chicken-place-rockingham-dr/zf9Tkme0SHGiOkBS6fM2xQ,fair-oaks-california
https://www.ubereats.com/sacramento/food-delivery/poke-%26-tea/N8nXGovkR9qADj8d0iaW_A,fair-oaks-california
https://www.ubereats.com/sacramento/food-delivery/red-robin-90-7990-greenback-ln-unit-j/fNAM2X-9TJKwiCwksIoS-g,fair-oaks-california
https://www.ubereats.com/sacramento/food-delivery/kikis-chicken-carmichael/04TpyTbIRRaGR1h3lN5n5A,fair-oaks-california
https://www.ubereats.com/sacramento/food-delivery/subway-12195-tributary-pointe-dr/MjGpI8dhS1m04TVVHbm0Sw,fair-oaks-california
https://www.ubereats.com/sacramento/food-delivery/brickyard-kitchen-%26-bar/IBfeqjUmQSi_5JQO72-zcw,fair-oaks-california
https://www.ubereats.com/sacramento/food-delivery/dunkin-9601-greenback-ln/wQ-XlP9kTZmxnljcbNL0iA,fair-oaks-california
https://www.ubereats.com/sacramento/food-delivery/jj-bento-revolving-sushi/YbQ8ZHgCSyOYt7Jhqib6pw,fair-oaks-california
https://www.ubereats.com/sacramento/food-delivery/noodles-%26-company-2770-e-bidwell-st-unit-600/nv3ZSF9PR-enakpSqOCW4w,fair-oaks-california
https://www.ubereats.com/sacramento/food-delivery/thai-lao-cuisine-dewey-dr/_r-xt3mbQBCl-mLtRKmCPw,fair-oaks-california
https://www.ubereats.com/sacramento/food-delivery/chipotle-mexican-grill-2878-zinfandel-dr-ste-a/1dUKR53aRESHwp10T3F7QQ,fair-oaks-california
https://www.ubereats.com/sacramento/food-delivery/mediterranean-sea-market-and-deli/5RPORn43TGCx26xrj9tS4g,fair-oaks-california
https://www.ubereats.com/sacramento/food-delivery/buffalo-wild-wings-2759-e-bidwell-st/ECN0xOF-RLeIp4mEJ3lPBQ,fair-oaks-california
https://www.ubereats.com/sacramento/food-delivery/el-pollo-feliz/hO4gZnDgRBCMZw8dBsFp6g,fair-oaks-california
https://www.ubereats.com/sacramento/food-delivery/port-of-subs-12399-folsom-blvd/nP74V0atSLuzVEt1Ua_aFQ,fair-oaks-california
https://www.ubereats.com/sacramento/food-delivery/kfc-4855-granite-drive/V1TSyA4_SMCgkzpF3yKGkw,fair-oaks-california
https://www.ubereats.com/sacramento/food-delivery/kfc-8810-madison-avenue/XHRu_NPbQ8igr8i6zmdveA,fair-oaks-california
https://www.ubereats.com/sacramento/food-delivery/crazy-for-yogurt-manzanita/7IAMjH9TRPGunz8WG-nTZQ,fair-oaks-california
https://www.ubereats.com/sacramento/food-delivery/taco-bell-702-e-bidwell-st/SilSO6_4RaG5gboq0awlpw,fair-oaks-california
https://www.ubereats.com/sacramento/food-delivery/36-handles-public-house/97sandjKTG-Fda6uHQxvAA,fair-oaks-california
https://www.ubereats.com/sacramento/food-delivery/brookfields-restaurant/9niU6UQFSNWsUvByidytjQ,fair-oaks-california
https://www.ubereats.com/sacramento/food-delivery/carls-jr-9631-micron-avenue/sKp4oODSQi6K_aJeEa7uwQ,fair-oaks-california
https://www.ubereats.com/sacramento/food-delivery/togos-4100-manzanita-ave-ste-a/1UEollr8SnG6xmF5dEwYEA,fair-oaks-california
https://www.ubereats.com/sacramento/food-delivery/arbys-5845-madison-ave/CP9xy94ASoGJtIXe3QLlIw,fair-oaks-california
https://www.ubereats.com/sacramento/food-delivery/popeyes-5301-auburn-blvd/wLVDl74QQsmwdzXplyZybA,fair-oaks-california
https://www.ubereats.com/sacramento/food-delivery/red-robin-82-360-palladio-parkway-%23410/29CzNIIHSHaoh2blCJp1vg,fair-oaks-california
https://www.ubereats.com/sacramento/food-delivery/jack-in-the-box-4128-norwood-ave/YiVYzSVkSjG2VMKgP5Yg2g,fair-oaks-california
https://www.ubereats.com/sacramento/food-delivery/adalbertos-mexican-food-north-highlands-ca/2YcC4Q9HQJWloWu1I6TYfQ,fair-oaks-california
https://www.ubereats.com/sacramento/food-delivery/taco-bell-4343-sunrise-blvd/jE__4YmhTpO82GcaFS_T1A,fair-oaks-california
https://www.ubereats.com/sacramento/food-delivery/beer-dogs/_ap1-Go0QyKQsypzODqzVQ,fair-oaks-california
https://www.ubereats.com/sacramento/food-delivery/carls-jr-8477-sierra-college-blvd/EZO-dq3DT-GK1vsjmoU4aQ,fair-oaks-california
https://www.ubereats.com/sacramento/food-delivery/back-bistro/c7CoKyBiTJSCqfhgIPLVSQ,fair-oaks-california
https://www.ubereats.com/sacramento/food-delivery/himalaya-hub/mMYjjuGwSIKx5PnIU5obUQ,fair-oaks-california
https://www.ubereats.com/sacramento/food-delivery/blaze-pizza-2137-golden-centre-ln/t_yo7byUT86IOXv8TGP7jQ,fair-oaks-california
https://www.ubereats.com/sacramento/food-delivery/applebees-6811-lonetree-blvd-%2378037/But-t_YkRgCq8HfKGxBOUQ,fair-oaks-california
https://www.ubereats.com/sacramento/food-delivery/pho-abc/_XSvrDElT4C8zmcP6VJ8nA,fair-oaks-california
https://www.ubereats.com/sacramento/food-delivery/subway-9729-fair-oaks-blvd/4rSZaCHjQK6v8syzpwLqQg,fair-oaks-california
https://www.ubereats.com/sacramento/food-delivery/california-fish-grill-citrus-heights/EHB3-S5iTXOgb9dMIIujcw,fair-oaks-california
https://www.ubereats.com/sacramento/food-delivery/jamba-juice-7423-fair-oaks-blvd/J2fnsFncTTaB_p7GCDie4w,fair-oaks-california
https://www.ubereats.com/sacramento/food-delivery/black-bear-diner-6700-stanford-ranch-road/IyuxgBGGRiyPYrPqt8hGCw,fair-oaks-california
https://www.ubereats.com/sacramento/food-delivery/taqueria-garibaldi-el-camino-ave/sHkzXXzLRgqku4ISiK9flA,fair-oaks-california
https://www.ubereats.com/sacramento/food-delivery/taco-bell-2891-zinfandel-dr/_KtGfstbTZKRvgST5gyEPw,fair-oaks-california
https://www.ubereats.com/sacramento/food-delivery/adalbertos-mexican-food-marconi-ave/n9MBvprHQAintDhMTnMXrg,fair-oaks-california
https://www.ubereats.com/sacramento/food-delivery/costa-vida-1475-eureka-rd-roseville/Ozq0dMSHRQmhnpEXhlVeJQ,fair-oaks-california
https://www.ubereats.com/sacramento/food-delivery/curry-pizza-house-roseville/pBmTm3smQ0CsuUSFdXj97w,fair-oaks-california
https://www.ubereats.com/sacramento/food-delivery/mexquite-mexican-cuisine/H5N9gh-7Sbajld0MBY25-w,fair-oaks-california
https://www.ubereats.com/sacramento/food-delivery/what-a-pizza/H4HHPpIQTI2RFv03HT6_-Q,fair-oaks-california
https://www.ubereats.com/sacramento/food-delivery/panera-bread-7901-greenback-ln/GhkxRzn6Q2m0E7B62FEZJA,fair-oaks-california
https://www.ubereats.com/sacramento/food-delivery/togos-8053-greenback-ln/jGoojRHyS0yzQpgI4JI5sQ,fair-oaks-california
https://www.ubereats.com/sacramento/food-delivery/regina-margherita/XwPiDZu3TUmLK5kEQwTNnA,fair-oaks-california
https://www.ubereats.com/sacramento/food-delivery/kikis-chicken-place-auburn/5JiVr26OSY2mJ0EPJYsNLw,fair-oaks-california
https://www.ubereats.com/sacramento/food-delivery/pizza-guys-foothills-blvd-roseville/AMZgAhLcTy2FYvbAIErsjQ,fair-oaks-california
https://www.ubereats.com/sacramento/food-delivery/round-table-pizza/HT4nfkfVSxSWxCTHft2BjQ,fair-oaks-california
https://www.ubereats.com/sacramento/food-delivery/starbucks-823-wales-drive/tdSsZHp4RRWPhygcvCCDUw,fair-oaks-california
https://www.ubereats.com/sacramento/food-delivery/noodles-%26-company-3151-zinfandel-dr-unit-5/LqkSYmEQRkmEjp-20szFZA,fair-oaks-california
https://www.ubereats.com/sacramento/food-delivery/mcdonalds-1190-cirby-way/_t0Unh1ASHuCee345G-aoQ,fair-oaks-california
https://www.ubereats.com/sacramento/food-delivery/mr-pickles-sandwich-%26-burger-shop/h2tHH4n6TBObozo547c28g,fair-oaks-california
https://www.ubereats.com/sacramento/food-delivery/one-milk-tea/2RQe50RjQ7uQ-5bKZqD4dw,fair-oaks-california
https://www.ubereats.com/sacramento/food-delivery/carls-jr-5935-madison-avenue/RodVyeAvQ1SsQkLyXIUkSA,fair-oaks-california
https://www.ubereats.com/sacramento/food-delivery/papa-johns-pizza-folsom-blvd/4IR_84LQSWGFf2OzF06S4w,fair-oaks-california
https://www.ubereats.com/sacramento/food-delivery/mountain-mikes-pizza-2220-gold-springs-ct/kU8vLGu6RHePc4xEamcEZw,fair-oaks-california
https://www.ubereats.com/sacramento/food-delivery/del-taco-4337-elkhorn-blvd/Sf9aS8hUT1CBkDAHnJ--XA,fair-oaks-california
https://www.ubereats.com/sacramento/food-delivery/pretzelmaker-13000-folsom-blvd/xShyzyReQOO_T9agrmDmIQ,fair-oaks-california
https://www.ubereats.com/sacramento/food-delivery/buckhorn-grill-folsom/3C0A6tV2RMO6o0niPGeu-w,fair-oaks-california
https://www.ubereats.com/sacramento/food-delivery/carls-jr-4002-foothills-blvd/7WJ4b-knSASd91yT8o6wTg,fair-oaks-california
https://www.ubereats.com/sacramento/food-delivery/mr-pickles-sandwich-shop-citrus-heights/QCvYW2nNQieGYIZQSv3_HA,fair-oaks-california
https://www.ubereats.com/sacramento/food-delivery/pretzelmaker-6041-sunrise-blvd/duouo9pTSoOTeqTNyC_1Pg,fair-oaks-california
https://www.ubereats.com/sacramento/food-delivery/concourse-cafe/yWtaE7FdTN6XdYtKy-IvnA,fair-oaks-california
https://www.ubereats.com/sacramento/food-delivery/village-pizza-%26-cafe/cS8H_RJVTPCRbFR0V6-2ng,fair-oaks-california
https://www.ubereats.com/sacramento/food-delivery/adalbertos-mexican-food-rocklin-ca/tIQcQ-iwR8eU_M6kLpFLbw,fair-oaks-california
https://www.ubereats.com/sacramento/food-delivery/panda-express-5871-sunrise-blvd/KzDaZiBMR3yDPwwAM5lBkw,fair-oaks-california
https://www.ubereats.com/sacramento/food-delivery/jack-in-the-box-8100-greenback-lane/CZMLAuQwRHqCAr1H_je5vg,fair-oaks-california
https://www.ubereats.com/sacramento/food-delivery/poke-town/rtD3oSDxTjO-e29HXHXlxg,fair-oaks-california
https://www.ubereats.com/sacramento/food-delivery/starbucks-8888-madison/Ly9qOx7ZTbS_VAuBFpPBNw,fair-oaks-california
https://www.ubereats.com/sacramento/food-delivery/aria-afghan-restaurant/3FsgUWcbQiG6WmDX5pBxHA,fair-oaks-california
https://www.ubereats.com/sacramento/food-delivery/starbucks-1971-zinfandel-drive/4H8JWfztQD2tz_1T-ZPCaA,fair-oaks-california
https://www.ubereats.com/sacramento/food-delivery/applebees-6900-auburn-blvd-%2378038/oyWbG5DRS6SzIQDiDjq1WQ,fair-oaks-california
https://www.ubereats.com/sacramento/food-delivery/long-john-silvers/n9zZAypOQZirWepzdOa7IA,fair-oaks-california
https://www.ubereats.com/sacramento/food-delivery/panda-express-8929-madison-avenue/_R_dpJ4ATpGvJNIis1Cpxw,fair-oaks-california
https://www.ubereats.com/sacramento/food-delivery/chipotle-mexican-grill-1001-e-bidwell-st-ste-106/l3qmzj4VSAmiHDWlRVa6Ig,fair-oaks-california
https://www.ubereats.com/sacramento/food-delivery/el-pollo-loco-7600-greenback-ln3520/z0sf2g-XRVKamu2G09xrYw,fair-oaks-california
https://www.ubereats.com/sacramento/food-delivery/kikis-chicken-place-folsom/Tfr7i0GUTd-rMDMNhBgdcg,fair-oaks-california
https://www.ubereats.com/sacramento/food-delivery/mountain-mikes-pizza-5640-auburn-blvd/svQv9-iBTiCxhQwqvUgSWw,fair-oaks-california
https://www.ubereats.com/sacramento/food-delivery/adalbertos-mexican-food-orangevale-ca/kPydEfckT7KFC7ws2wXdwg,fair-oaks-california
https://www.ubereats.com/sacramento/food-delivery/pinkberry-5855-sunrise-blvd/VuMq_ddrR0mB0RtClqxl_Q,fair-oaks-california
https://www.ubereats.com/sacramento/food-delivery/nations-giant-hamburgers-citrus-heights/tJqm2uKBRIa865tInTCoog,fair-oaks-california
https://www.ubereats.com/sacramento/food-delivery/il-forno-classico/Ze8LyfY7S3SJ71yZGr4tBg,fair-oaks-california
https://www.ubereats.com/sacramento/food-delivery/el-balcon-taqueria/JrzXSUyMQ2GlDrbkmdhzGA,fair-oaks-california
https://www.ubereats.com/sacramento/food-delivery/kikis-chicken-place-fair-oaks/rt3MH0BtSc2-SCi7A99jnQ,fair-oaks-california
https://www.ubereats.com/sacramento/food-delivery/cafe-dolce/EsoqVRNnTouZu5SquOA3eA,fair-oaks-california
https://www.ubereats.com/sacramento/food-delivery/italian-brothers-pizza-%26-pasta/LUei1b5aTqaWLY5JA6hr6g,fair-oaks-california
https://www.ubereats.com/sacramento/food-delivery/burger-king-2881-zinfandel-drive/meboR3GYRFeOiWeTPcyrvQ,fair-oaks-california
https://www.ubereats.com/sacramento/food-delivery/jacks-urban-eats-granite-bay/XCnur2ZyS4qCjWl_31Ndzw,fair-oaks-california
https://www.ubereats.com/sacramento/food-delivery/chipotle-mexican-grill-2350-sunrise-blvd-ste-3/Rpd2wzsLQcKITcAbWaLF-g,fair-oaks-california
https://www.ubereats.com/sacramento/food-delivery/bombay-cuisine-%26-indian-sweets/T4Nwcg00Sf27l7N6aoe_IA,fair-oaks-california
https://www.ubereats.com/sacramento/food-delivery/burger-king-7760-sunrise-blvd/oVIQFD2vRve8DYJy3thN2w,fair-oaks-california
https://www.ubereats.com/sacramento/food-delivery/chick-fil-a-rivergate-cordova/im5ZQwKJStmEo1OqAYGAcA,fair-oaks-california
https://www.ubereats.com/sacramento/food-delivery/california-pizza-kitchen-1190-roseville-parkway/f6KukF77Q6eyGbzIE4Hb6A,fair-oaks-california
https://www.ubereats.com/sacramento/food-delivery/jack-in-the-box-7949-watt-ave/xWoh4Q3KS3mkF4NX_3uR_A,fair-oaks-california
https://www.ubereats.com/sacramento/food-delivery/pouchies-bbq-and-soulfood/UzLJwDEPQGierlwu9RoVOA,fair-oaks-california
https://www.ubereats.com/sacramento/food-delivery/silver-sake/PsgfXd3ZQsmWLwIe_-lpfw,fair-oaks-california
https://www.ubereats.com/sacramento/food-delivery/wing-squad-roseville/wdTekFM0TT6CWux10xEq2Q,fair-oaks-california
https://www.ubereats.com/sacramento/food-delivery/dairy-queen-treat-912-douglas-blvd/en4zKGLQSPG9XNE6HimGsA,fair-oaks-california
https://www.ubereats.com/sacramento/food-delivery/el-pollo-loco-5055-auburn-blvd3435/TvtWcspKSoOE8PCBAfsezQ,fair-oaks-california
https://www.ubereats.com/sacramento/food-delivery/carls-jr-7400-greenback-lane/WkGHoJ8YT-OSHL6nQAvCaQ,fair-oaks-california
https://www.ubereats.com/sacramento/food-delivery/taco-bell-12220-tributary-lane/4G_kKEXsRKC3TdL7dOkm2A,fair-oaks-california
https://www.ubereats.com/sacramento/food-delivery/theriverthaicuisine/EHauAknhTp2DCmoCTchPZg,fair-oaks-california
https://www.ubereats.com/sacramento/food-delivery/papa-murphys-5412-madison-avenue-suite-110/xQo4AHubSiOEvMphKWRLVA,fair-oaks-california
https://www.ubereats.com/sacramento/food-delivery/caffe-italiano/tPoPsA6MTNiyhCINh-q-2w,fair-oaks-california
https://www.ubereats.com/sacramento/food-delivery/cold-stone-creamery-2791-e-bidwell-st/lb6ksCReTPuYxNJQCbgRkg,fair-oaks-california
https://www.ubereats.com/sacramento/food-delivery/brookfields-restaurant-folsom-blvd/miHfew6HTJuDMPnH2GIXCA,fair-oaks-california
https://www.ubereats.com/sacramento/food-delivery/hot-dog-on-a-stick-6041-sunrise-blvd/K9hSyQp5TMqIOPG10PkilA,fair-oaks-california
https://www.ubereats.com/sacramento/food-delivery/sana-restaurant/uxlmOajtQ6KNS_C6W7J_Wg,fair-oaks-california
https://www.ubereats.com/sacramento/food-delivery/popeyes-6502-antelope-rd/U3M-orcmSdqVoCsbfcGpWA,fair-oaks-california
https://www.ubereats.com/sacramento/food-delivery/mehfil-indian-restaurant/2h4_pIdkT2C1yq8c8n1SSg,fair-oaks-california
https://www.ubereats.com/sacramento/food-delivery/wendys-2710-sunrise-blvd/RZe0UmQBSouMYzQdfgOqFg,fair-oaks-california
https://www.ubereats.com/sacramento/food-delivery/wendys-1101-riley-ave/h9-Wk2LqRxW5nc4mGJBp6Q,fair-oaks-california
https://www.ubereats.com/sacramento/food-delivery/mountain-mikes-pizza-8801-greenback-ln/yuq371vlQOevdG5eJvxRIg,fair-oaks-california
https://www.ubereats.com/sacramento/food-delivery/yummy-poke/h-sOkUgOReqPCJrwcbgBhA,fair-oaks-california
https://www.ubereats.com/sacramento/food-delivery/kfc-4219-marconi-ave/cb-s5fZeT2G3Q9Mlun4tEQ,fair-oaks-california
https://www.ubereats.com/sacramento/food-delivery/wienerschnitzel-5100-auburn-blvd/L03kXU7hSCSUY5B0Zy_Xnw,fair-oaks-california
https://www.ubereats.com/sacramento/food-delivery/ihop-2525-iron-point-road/C0WiT2hnR2aktmdXUO5RWg,fair-oaks-california
https://www.ubereats.com/sacramento/food-delivery/love-at-first-bite-cafe/Yqk75a7jQIGJW6kEg4Zb4w,fair-oaks-california
https://www.ubereats.com/sacramento/food-delivery/kabab-n-tikka/hxLrgvrHSriRhaoCGt7r0Q,fair-oaks-california
https://www.ubereats.com/sacramento/food-delivery/milanos-gourmet-pizza/F5kLTD11TRSaGcGf5v8dVA,fair-oaks-california
https://www.ubereats.com/sacramento/food-delivery/pizza-guys-%E2%80%93-antelope-rd/Dp8IdtN8TNy0L7an5r5pcg,fair-oaks-california
https://www.ubereats.com/sacramento/food-delivery/panda-express-3981-foothills-blvd/uMwTnSDcQzuiiZ2EwPsbDQ,fair-oaks-california
https://www.ubereats.com/sacramento/food-delivery/vampire-penguin/zBcZXU3GQjOUoxiZe73dtA,fair-oaks-california
https://www.ubereats.com/sacramento/food-delivery/wendys-6435-antelope-road/X9TFKD_-RXaHZXtPid1Qkw,fair-oaks-california
https://www.ubereats.com/sacramento/food-delivery/taco-bell-25002-blue-ravine-rd/IqSPZmyjTwuRWldvCLin4w,fair-oaks-california
https://www.ubereats.com/sacramento/food-delivery/menchies-frozen-yogurt-5450-sunrise-blvd-%23c/Aw6Tm2abQMmFFI92S2KcMg,fair-oaks-california
https://www.ubereats.com/sacramento/food-delivery/noodles-%26-company-6123-sunrise-blvd/ccAVR3TgSu6vAPY5dMRs9A,fair-oaks-california
https://www.ubereats.com/sacramento/food-delivery/smashburger-5500-sunrise-blvd-ste-100/TyE0C2RWQeaAuKnNWOpvdQ,fair-oaks-california
https://www.ubereats.com/sacramento/food-delivery/circles-market/Dlcjx54DTTCRKoMO5ZcxdQ,fair-oaks-california
https://www.ubereats.com/sacramento/food-delivery/mo-du-rang/prvjY-D2SZWE4c055_EVtw,fair-oaks-california
https://www.ubereats.com/sacramento/food-delivery/bruchis-cheesesteaks-%26-subs/8KGivSqiRK-ynx24DDm8Dg,fair-oaks-california
https://www.ubereats.com/sacramento/food-delivery/papa-murphys-10931-olson-drive/wIcUOduzSsaDOTZNC3vjag,fair-oaks-california
https://www.ubereats.com/sacramento/food-delivery/burger-king-8030-greenback-lane/34axg640RJyJ5xrlLmFa_Q,fair-oaks-california
https://www.ubereats.com/sacramento/food-delivery/jack-in-the-box-4323-7807-sunrise-ave/rkz3c5aMS6mgiH03oNYLYA,fair-oaks-california
https://www.ubereats.com/sacramento/food-delivery/wienerschnitzel-11070-coloma-road/g6q-D1ztR0SM885vc4J9CA,fair-oaks-california
https://www.ubereats.com/sacramento/food-delivery/little-buddha-thai-bistro-2/fXfYtgcqT_yOgfWDMTbg-g,fair-oaks-california
https://www.ubereats.com/sacramento/food-delivery/five-guys-ca-1835-2750-e-bidwell-st/emdX9A0tRheOAXXIoFRNfg,fair-oaks-california
https://www.ubereats.com/sacramento/food-delivery/pho-bac-hoa-viet-bradshaw/3c9vd4plTdO_CcoT2coGhA,fair-oaks-california
https://www.ubereats.com/sacramento/food-delivery/wayback-burgers-folsom/kaIMnD12RuO3uHswQv1aRg,fair-oaks-california
https://www.ubereats.com/sacramento/food-delivery/arbys-3090-sunrise-blvd/TigV-q2SQyG5s-vI-0leWA,fair-oaks-california
https://www.ubereats.com/sacramento/food-delivery/subway-5460-sunrise-blvd-ste-4/9q0XXttGT76Wefc-87U2ag,fair-oaks-california
https://www.ubereats.com/sacramento/food-delivery/inchins-bamboo-garden-folsom/3Y-OxhHxQJ6Sa4O27fZFUQ,fair-oaks-california
https://www.ubereats.com/sacramento/food-delivery/togos-4241-elverta-rd-suite-101/qvtB12i9TA2oeWTbyYrnqg,fair-oaks-california
https://www.ubereats.com/sacramento/food-delivery/mi-rancho/elyPNSpaTC2T6n2N1xvy8A,fair-oaks-california
https://www.ubereats.com/sacramento/food-delivery/yogurtland-5335-sunrise-blvd/g0dAGXcwSAif7SYBPqdYzw,fair-oaks-california
https://www.ubereats.com/sacramento/food-delivery/mountain-mikes-pizza-3609-bradshaw-road/F-AH9T51SLG3CrHgFmWdHg,fair-oaks-california
https://www.ubereats.com/sacramento/food-delivery/701-pizza/iEXbWPe7Q-WiZejxHRScWw,fair-oaks-california
https://www.ubereats.com/sacramento/food-delivery/el-pollo-loco-3312-bradshaw-rd6170/pkPxPzL0TwSgzdK5gIFM2w,fair-oaks-california
https://www.ubereats.com/sacramento/food-delivery/adanbertos-mexican-food-folsom-st/3E953lM2TJCaqtonUOmlIA,fair-oaks-california
https://www.ubereats.com/sacramento/food-delivery/harrys-sports-bar-%26-grill/lpjSxtV1Q-SxfTHUADd8PA,fair-oaks-california
https://www.ubereats.com/sacramento/food-delivery/lazy-dog-restaurant-%26-bar-folsom/kkGHENmpRXKM2ztCEK_lHw,fair-oaks-california
https://www.ubereats.com/sacramento/food-delivery/indian-spice-restaurant-2228-sunrise-boulevard/HQtqm_mPS2mXD4FNGjMkRQ,fair-oaks-california
https://www.ubereats.com/sacramento/food-delivery/jacks-urban-eats-in-the-fountains/YVvwiI0ARQON8-CFrc3SfQ,fair-oaks-california
https://www.ubereats.com/sacramento/food-delivery/suishin-sushi/CXXtgwEVT5qJbJJykq8jig,fair-oaks-california
https://www.ubereats.com/sacramento/food-delivery/quiznos-sub/qbfE-4d_R9-R0MR5q2jU-w,fair-oaks-california
https://www.ubereats.com/sacramento/food-delivery/bawarchi-indian-cuisine-el-dorado-hills/4vd5vJR9QPOnytKX7fxK-w,fair-oaks-california
https://www.ubereats.com/sacramento/food-delivery/chipotle-mexican-grill-3988-douglas-blvd-ste-140/_z9dgcZKShSclYPqJVStOA,fair-oaks-california
https://www.ubereats.com/sacramento/food-delivery/mcdonalds-6212-auburn-blvd/QQWF4Yt2RjCfQLcLIPGnqA,fair-oaks-california
https://www.ubereats.com/sacramento/food-delivery/smashburger-703-3-e-bidwell-ste-703-3/gU-4xkKFSNuxcRGCRzsTiQ,fair-oaks-california
https://www.ubereats.com/sacramento/food-delivery/five-guys-ca-1796-2310-sunrise-blvd/ra42QygXQWus8ixTsZ-5ow,fair-oaks-california
https://www.ubereats.com/sacramento/food-delivery/crazy-for-yogurt/9qRza4AiQISegzvPebBxxQ,fair-oaks-california
https://www.ubereats.com/sacramento/food-delivery/skipolinis-pizza-rocklin/66x8_N0QSvyAKoHvZKu8eQ,fair-oaks-california
https://www.ubereats.com/sacramento/food-delivery/starbucks-10820-olson-drive/v8qr30cET6ikIrBzjk5lUw,fair-oaks-california
https://www.ubereats.com/sacramento/food-delivery/taco-bell-4041-manzanita-avenue/UOiz0ibQS-q3TdDDY-8qDw,fair-oaks-california
https://www.ubereats.com/sacramento/food-delivery/mcdonalds-7632-sunrise-blvd/XAjiFRa8QA6ftjvpV8mTfg,fair-oaks-california
https://www.ubereats.com/sacramento/food-delivery/ahipoki-bowl-roseville/G5PE_0hOT3K0amrtl64XJw,fair-oaks-california
https://www.ubereats.com/sacramento/food-delivery/taco-bell-7730-sunrise-blvd/UYGX4CJQRi2GCydoJniGYQ,fair-oaks-california
https://www.ubereats.com/sacramento/food-delivery/mod-pizza-rancho-cordova/eVTl1f7XQ16kdjaO4Q0ttA,fair-oaks-california
https://www.ubereats.com/sacramento/food-delivery/flaming-mountain-asian-fusion/YafFBv0QTdW2x3eCRG97sg,fair-oaks-california
https://www.ubereats.com/sacramento/food-delivery/dennys-2474-sunrise-blvd/7HK6EhzqRtu9OFSQqsv1zw,fair-oaks-california
https://www.ubereats.com/sacramento/food-delivery/burgerim-7423-fair-oaks-blvd/pz4A52p5TUW0L5gTTl140A,fair-oaks-california
https://www.ubereats.com/sacramento/food-delivery/taco-bell-6975-douglas-blvd/JKfUXkoLTe2OBPs8jV3R4g,fair-oaks-california
https://www.ubereats.com/sacramento/food-delivery/kfc-6710-five-star-blvd/MnsxyUH-ShuXgM7mkGnr5w,fair-oaks-california
https://www.ubereats.com/sacramento/food-delivery/jamba-juice-8878-madison-ave-space-8890-bldg-c/macYA4F_QMqy9l1ukUznMA,fair-oaks-california
https://www.ubereats.com/sacramento/food-delivery/mcdonalds-zinfandel-%26-white-rock/jp3APNlbSJq4nldRz9HbKg,fair-oaks-california
https://www.ubereats.com/sacramento/food-delivery/chaat-paradise/6Fs8pV7IRJ-ke55ALJqJVA,fair-oaks-california
https://www.ubereats.com/sacramento/food-delivery/el-sombrero-taqueria/GFPGcY1mTIyk6cme4db62g,fair-oaks-california
https://www.ubereats.com/sacramento/food-delivery/skips-fish-%26-chicken/W10K4iDRQFui6ZxzGJBimA,fair-oaks-california
https://www.ubereats.com/sacramento/food-delivery/taqueria-garibaldi-fairway-dr/q2hkjcluQyCOgvUs9W5QHA,fair-oaks-california
https://www.ubereats.com/sacramento/food-delivery/mcdonalds-3560-bradshaw-rd/O8EufwMESneKyqHkHk2seg,fair-oaks-california
