url,city
https://www.ubereats.com/san-francisco/food-delivery/way-station/vv_vgcciRqCwxsH3ehbgqw,fairfax-california
https://www.ubereats.com/san-francisco/food-delivery/aurora-ristorante-italiano/H0YswGzaTS-5IGp_PRqlnA,fairfax-california
https://www.ubereats.com/san-francisco/food-delivery/stefanos-pizzeria-terra-linda/85dPruivSmGUWFk2TL63gg,fairfax-california
https://www.ubereats.com/san-francisco/food-delivery/tam-commons/ehl5rK16RRacj7eJF5ZzSw,fairfax-california
https://www.ubereats.com/san-francisco/food-delivery/the-cantina/mKVBMmEES5qQl-7_pk5SfA,fairfax-california
https://www.ubereats.com/san-francisco/food-delivery/red-boy-pizza/90kHkOuMQjCXPYgvF7JZdg,fairfax-california
https://www.ubereats.com/san-francisco/food-delivery/caribbean-spices/MGgozqLkRPuJMNKn3YgxSg,fairfax-california
https://www.ubereats.com/san-francisco/food-delivery/black-bear-diner-490-las-gallinas-ave/uPVkHGvBT8CLOaap5Avo6Q,fairfax-california
https://www.ubereats.com/san-francisco/food-delivery/sakura-sushi/-iK7jYjWR6eRmESUdbljig,fairfax-california
https://www.ubereats.com/san-francisco/food-delivery/roma-antica/pliaTyxnTei2R8vi-0DOOw,fairfax-california
https://www.ubereats.com/san-francisco/food-delivery/kfc-tb-555-second-street/uR8jp7SxQ96P0gq_6zdxyg,fairfax-california
https://www.ubereats.com/san-francisco/food-delivery/kitchen-sunnyside/ZSL_5PL2Tx6HC3FOH1qIKw,fairfax-california
https://www.ubereats.com/san-francisco/food-delivery/philz-coffee-403-corte-madera-town-center/gweVww0pS1aTPDtV7dtmEw,fairfax-california
https://www.ubereats.com/san-francisco/food-delivery/parranga/9a9rxIktT6ee8GpGHagwQA,fairfax-california
https://www.ubereats.com/san-francisco/food-delivery/sbarro-5800-northgate-drive/SywwhsTdSvWLQy-uHyAN6A,fairfax-california
https://www.ubereats.com/san-francisco/food-delivery/phyllis-giant-burgers/uMbYnUTwSIG2LrJjp5FoRg,fairfax-california
https://www.ubereats.com/san-francisco/food-delivery/royal-thai-restaurant/fFwSNUGKTGu2nTWO1KwOsg,fairfax-california
https://www.ubereats.com/san-francisco/food-delivery/sakura-sushi/NXWYRISpSOmAA_4SXHWOEA,fairfax-california
https://www.ubereats.com/san-francisco/food-delivery/ikoi-sushi/aR7s6CFYST-bqJHYcyNpLw,fairfax-california
https://www.ubereats.com/san-francisco/food-delivery/darios-restaurant/xBculncMTyuJ4P4I96sESg,fairfax-california
https://www.ubereats.com/san-francisco/food-delivery/burger-king-969-east-francisco-blvd/ZCCjJNOUTmmHY_VhrWwV0w,fairfax-california
https://www.ubereats.com/san-francisco/food-delivery/marche-aux-fleurs/bRHFgrQgSN2QWHw_W_9o_g,fairfax-california
https://www.ubereats.com/san-francisco/food-delivery/chipotle-mexican-grill-5800-northgate-dr-ste-154/s006KL0zR3W-y9NONrItOQ,fairfax-california
https://www.ubereats.com/san-francisco/food-delivery/el-palmar-restaurant-%26-market/y2QRC6eoSlOrIG3ZBTT7lA,fairfax-california
https://www.ubereats.com/san-francisco/food-delivery/tommys-asian-bistro-and-grill-chinese/Wsqro3zLSpyMGW8ZeCCb3A,fairfax-california
https://www.ubereats.com/san-francisco/food-delivery/red-boy-pizza-san-rafael/cD_TFg6CRSibzTd6158IQA,fairfax-california
https://www.ubereats.com/san-francisco/food-delivery/mr-pickles-sandwich-shop-san-rafael/vvZKRN2nTJecpIfOxeKhFA,fairfax-california
https://www.ubereats.com/san-francisco/food-delivery/stefanos-pizza/UdFz9HWoSsi0Wr2pCwzJtA,fairfax-california
https://www.ubereats.com/san-francisco/food-delivery/original-buffalo-wings-san-rafael/1ELELBuKTfGsjw093HQrXw,fairfax-california
https://www.ubereats.com/san-francisco/food-delivery/belcampo-larkspur/IiahUIYBRQSGRlVSk6WaiQ,fairfax-california
https://www.ubereats.com/san-francisco/food-delivery/taqueria-el-burrito/a1OYL9sLSUyKcXO5-zyXMA,fairfax-california
https://www.ubereats.com/san-francisco/food-delivery/prabh-indian-kitchen/jJQB8AbmTsKWQAW0NuGdfA,fairfax-california
https://www.ubereats.com/san-francisco/food-delivery/la-hacienda-taqueria-and-restaurant/4Q5TtoNOQaKZVmswN9OzzA,fairfax-california
https://www.ubereats.com/san-francisco/food-delivery/world-wrapps/2IleiCn5QXyEp8vH1nMFDg,fairfax-california
https://www.ubereats.com/san-francisco/food-delivery/patxis-pizza-marin/km4bH8D2TNuFDquFxAtcKQ,fairfax-california
https://www.ubereats.com/san-francisco/food-delivery/victoria-bakery-and-cafe/WKNSPC4ES-mrNK7HRzxn8g,fairfax-california
https://www.ubereats.com/san-francisco/food-delivery/lavier-latin-fusion/429FjI9KTL-Z_dnAQ1HMCQ,fairfax-california
https://www.ubereats.com/san-francisco/food-delivery/new-china-villa/OOfPqjpMTTG1ih_ySd1Wjw,fairfax-california
https://www.ubereats.com/san-francisco/food-delivery/red-oak-craft-bar-and-rotisserie/eScCYRnfR4WRXuOhLviWkQ,fairfax-california
https://www.ubereats.com/san-francisco/food-delivery/los-moles/4oArgFUNTqapWF3YdPOODw,fairfax-california
https://www.ubereats.com/san-francisco/food-delivery/revel-%26-roost-brick-oven-kitchen/RLeGFE_1SG2yJ4c5i8ON-w,fairfax-california
https://www.ubereats.com/san-francisco/food-delivery/mountain-mikes-pizza-2100-4th-st/TUou7duaQNOQIfKgfDuQDQ,fairfax-california
https://www.ubereats.com/san-francisco/food-delivery/phyllis-giant-burgers-san-rafael/BLYa0c6iTm21bZVkhK174A,fairfax-california
https://www.ubereats.com/san-francisco/food-delivery/subway-647-irwin-st/PkzMPkxFTF-wCVMgYz0DaA,fairfax-california
https://www.ubereats.com/san-francisco/food-delivery/pings-mandarin-restaurant/gsVX7eA4QVihyD3Qwu_-iw,fairfax-california
https://www.ubereats.com/san-francisco/food-delivery/victoria-bakery-and-cafe/Nx5knsZoRLCAS8qX3s4x4w,fairfax-california
https://www.ubereats.com/san-francisco/food-delivery/starbucks-larkspur-landing-center-court/KbXwH31YTU61cp5w_dIXhg,fairfax-california
https://www.ubereats.com/san-francisco/food-delivery/gaspares-pizzeria/a8LxLhkdQDOyIQYyNG-ARQ,fairfax-california
https://www.ubereats.com/san-francisco/food-delivery/left-bank-larkspur/jffoGcLFRJ6W0K3nvIrSzw,fairfax-california
https://www.ubereats.com/san-francisco/food-delivery/mountain-mikes-pizza-1561-s-novato-blvd/Y5B6jhCPTxijVTksQQHkYQ,fairfax-california
https://www.ubereats.com/san-francisco/food-delivery/jack-in-the-box-461-1814-2nd-street/tV5HlJ-FTPSk8s4Hfvwxzw,fairfax-california
https://www.ubereats.com/san-francisco/food-delivery/baja-fresh-205-corte-madera-town-ctr/BMYzVNAiTrOso8WuShOoQg,fairfax-california
https://www.ubereats.com/san-francisco/food-delivery/panchitos-restaurant/xaNd_gQVT7yBBxoFL-b8sA,fairfax-california
https://www.ubereats.com/san-francisco/food-delivery/panda-express-5800-northgate-mall/S0iNPRcySBiBlXVq7Z2AXQ,fairfax-california
https://www.ubereats.com/san-francisco/food-delivery/the-hub/3HRkE8TxRKubtS1u6exoEw,fairfax-california
https://www.ubereats.com/san-francisco/food-delivery/halal-indian-cuisine/3b1AjkkWSAOXY9Rxk5V2Ig,fairfax-california
https://www.ubereats.com/san-francisco/food-delivery/taqueria-mi-pueblo-san-anselmo/f_nBVrcQQ72ObenNdIA23Q,fairfax-california
https://www.ubereats.com/san-francisco/food-delivery/cafe-verde/ET88-5y8RpmbAf1oMtqmWg,fairfax-california
https://www.ubereats.com/san-francisco/food-delivery/iron-springs-public-house/LUfx4ZROShORAjAQd_kFPA,fairfax-california
https://www.ubereats.com/san-francisco/food-delivery/marin-coffee-roasters/pd0IFZMaQ2eOmuQaWj130g,fairfax-california
https://www.ubereats.com/san-francisco/food-delivery/boudin-corte-madera/t8o5LtSlS5C2Spvveavl_w,fairfax-california
https://www.ubereats.com/san-francisco/food-delivery/jack-in-the-box-301-enfrente-rd/faziZTQqRGSAPreETWUh5w,fairfax-california
https://www.ubereats.com/san-francisco/food-delivery/los-palillos-restaurant/GuAzmyRhSomwkEqME_mbQw,fairfax-california
https://www.ubereats.com/san-francisco/food-delivery/red-boy-pizza/S1olI4OjSsOu0o1SD028eQ,fairfax-california
https://www.ubereats.com/san-francisco/food-delivery/arrivederci-cafe/nJ_02cjAQf27EHl02gAMOw,fairfax-california
https://www.ubereats.com/san-francisco/food-delivery/andys-corte-madera-market/-Js5OR7eR5eBH1zil2DukQ,fairfax-california
https://www.ubereats.com/san-francisco/food-delivery/amber-kitchen/OXozV_e8TtOCQqW48mUCkw,fairfax-california
https://www.ubereats.com/san-francisco/food-delivery/creekside-pizza-%26-taproom/Ol7xGkA7RRi5u9T8LVdiqg,fairfax-california
https://www.ubereats.com/san-francisco/food-delivery/juice-shop/XP36_mdbQcaNaHwi_dOGEg,fairfax-california
https://www.ubereats.com/san-francisco/food-delivery/mod-pizza-novato/VIwfXnuFQ2yYI7RSWD1QwA,fairfax-california
https://www.ubereats.com/san-francisco/food-delivery/woking/ElOQsu0ERs6t-yUoY2MiPg,fairfax-california
https://www.ubereats.com/san-francisco/food-delivery/tha-siam-express/AmmDvgl_TdWVCnh1g3f5cg,fairfax-california
https://www.ubereats.com/san-francisco/food-delivery/subway-4050-redwood-hwy/1iDt5-jDST6cEVKayQmb1Q,fairfax-california
https://www.ubereats.com/san-francisco/food-delivery/taco-bell-180-rowland-blvd/aRQzQATsTqOc7JZREzwDjQ,fairfax-california
https://www.ubereats.com/san-francisco/food-delivery/starbucks-vintage-%26-rowland-novato/V5akq7h4Sma9w80lc4plxQ,fairfax-california
https://www.ubereats.com/san-francisco/food-delivery/ihop-144-vintage-way/V8OC378ITKWUSSYAVNydXA,fairfax-california
https://www.ubereats.com/san-francisco/food-delivery/the-hummingbird/ytpk-jofSjS4PZcpaI7noQ,fairfax-california
https://www.ubereats.com/san-francisco/food-delivery/burger-king-220-alameda-del-prado/w6d74FU6TH6mbnVEi_4tsw,fairfax-california
https://www.ubereats.com/san-francisco/food-delivery/banh-mi-zon/C141WdSPT6Sh4hToEYxQHg,fairfax-california
https://www.ubereats.com/san-francisco/food-delivery/java-detour/_BG-hPVARtGIB-Q8oIoZFg,fairfax-california
https://www.ubereats.com/san-francisco/food-delivery/amicis-east-coast-pizzeria-san-rafael/EkgCD9sQRt-nTSxAQOqUlA,fairfax-california
https://www.ubereats.com/san-francisco/food-delivery/panera-5800-northgate-drive/--OhPDkJTVuC4YvlH_tqsw,fairfax-california
https://www.ubereats.com/san-francisco/food-delivery/crepevine-san-rafael/DgF7DVoQTEqdOTCRqbBCHw,fairfax-california
https://www.ubereats.com/san-francisco/food-delivery/iron-springs-pub-%26-brewery/YoR3L1TrS8-lneeG6dES3w,fairfax-california
https://www.ubereats.com/san-francisco/food-delivery/depot-garden-restaurant/cNFW5gjzR1WQC4hdh7zoKQ,fairfax-california
https://www.ubereats.com/san-francisco/food-delivery/rio-rock-acai-cafe/Q51XXKWcSYq5gSWDuELi_Q,fairfax-california
https://www.ubereats.com/san-francisco/food-delivery/loving-cup/Q5jJGY8WSj6Z-zRt4nr3MQ,fairfax-california
https://www.ubereats.com/san-francisco/food-delivery/falafel-hut/VXEZMzPCQH-qXSNSQE1hAA,fairfax-california
https://www.ubereats.com/san-francisco/food-delivery/high-tech-burrito-san-anselmo/8lHHBblTQAWmOnv66vTsLw,fairfax-california
https://www.ubereats.com/san-francisco/food-delivery/hopmonk-tavern-novato/5aeFxnguRD-FS4Fysx_Ffg,fairfax-california
https://www.ubereats.com/san-francisco/food-delivery/uchiwa-ramen/KP499g8QSxqckE2ILr0OGQ,fairfax-california
https://www.ubereats.com/san-francisco/food-delivery/mini-market-store-inc/uyZJcVuKST-XhyugrOwKnw,fairfax-california
https://www.ubereats.com/san-francisco/food-delivery/panda-express-975-diablo-ave/7mxjObCVQDSZwTupMhLSXw,fairfax-california
https://www.ubereats.com/san-francisco/food-delivery/bombay-grill/MUVmG3IjQQGDUJydR8iHqQ,fairfax-california
https://www.ubereats.com/san-francisco/food-delivery/subway-55-bellam-blvd/2_uqGFCaRaaDD0_G__Uumw,fairfax-california
https://www.ubereats.com/san-francisco/food-delivery/shiro-kuma-sushi/zmxpoUrGQ8qlkyMt2ZiYkA,fairfax-california
https://www.ubereats.com/san-francisco/food-delivery/cheese-steak-shop-larkspur/IqO5z_abS6qRZ2Wd475iYg,fairfax-california
https://www.ubereats.com/san-francisco/food-delivery/shangri-la-organic-kitchen/Y7DDl82sQT6_AD-H2tSBWw,fairfax-california
https://www.ubereats.com/san-francisco/food-delivery/the-lodge/-9MnKlIqQMexFNcvpMgMlw,fairfax-california
https://www.ubereats.com/san-francisco/food-delivery/bjs-restaurant-%26-brewhouse-5800-northgate-mall-suite-159/SHWcnvP7SvOBT2TRur-pJQ,fairfax-california
https://www.ubereats.com/san-francisco/food-delivery/taj-of-marin/Iyl_Ep3GQuWsCk960Tq_Ww,fairfax-california
https://www.ubereats.com/san-francisco/food-delivery/three-twins-ice-cream-larkspur/PB9Hn8ODTZ2DCKnaU3o8IA,fairfax-california
https://www.ubereats.com/san-francisco/food-delivery/hulu-wa-cuisine/L24DNIHhQB6EQrbbzaymrw,fairfax-california
https://www.ubereats.com/san-francisco/food-delivery/glyka-sweets/Yrw6BZoXQ9aYn-Iq45Hk3w,fairfax-california
https://www.ubereats.com/san-francisco/food-delivery/el-pollo-loco-910-andersen-dr3853/a4dITwBrSwqgwqRk_r3FEQ,fairfax-california
https://www.ubereats.com/san-francisco/food-delivery/villayork-pizza-and-grill/TTgMhrF9R7mecoVkSWZsfQ,fairfax-california
https://www.ubereats.com/san-francisco/food-delivery/sabor-dominicano/1uopIa0qSq-1LBtLtSY9fQ,fairfax-california
https://www.ubereats.com/san-francisco/food-delivery/le-col-rouge/l3LOaHNgSEGd7_79m9QQYw,fairfax-california
https://www.ubereats.com/san-francisco/food-delivery/oyama-sushi-282-bon-air-center/kV6y3-7ZSHqtGxWBBJEbUg,fairfax-california
https://www.ubereats.com/san-francisco/food-delivery/freddie-parkers-pasta-%2B-salad-shop-san-rafael/4rRVTsSzSgO4hhazQD48mQ,fairfax-california
https://www.ubereats.com/san-francisco/food-delivery/aloh-o/GiwfklfrQ_OaLi-OCCa3SQ,fairfax-california
https://www.ubereats.com/san-francisco/food-delivery/casa-manana-restaurant/MjBlF0epRhS1loQFaceHEg,fairfax-california
https://www.ubereats.com/san-francisco/food-delivery/sabor-a-mexico/t6Jj_BMeQISdpPkepvwBqg,fairfax-california
https://www.ubereats.com/san-francisco/food-delivery/sushi-to-dai-for/AbobTRtBRfivKIsPifwzgg,fairfax-california
https://www.ubereats.com/san-francisco/food-delivery/mi-pueblo-san-rafael/vf7naCvcS32hw39c00Jtgw,fairfax-california
https://www.ubereats.com/san-francisco/food-delivery/my-thai-restaurant/a3F8jAYOTvuLIuiiBcCnvQ,fairfax-california
https://www.ubereats.com/san-francisco/food-delivery/pink-owl-coffee/FHTZnvlSTqGg7tvO11Bo0w,fairfax-california
https://www.ubereats.com/san-francisco/food-delivery/uncle-wing-chinese-restaurant/GnjB5kF3QM-dwAckIWAuew,fairfax-california
https://www.ubereats.com/san-francisco/food-delivery/jamba-juice-266-northgate-one/QjPr0RJ2RS-AWabkjwK8Kw,fairfax-california
https://www.ubereats.com/san-francisco/food-delivery/yuzu-ramen-and-taproom/7E9PtGTmRoiNQ25_G68Mcg,fairfax-california
https://www.ubereats.com/san-francisco/food-delivery/easy-breezy-frozen-yogurt-%234/WjNMhF8MQmiXctnZPWwloQ,fairfax-california
https://www.ubereats.com/san-francisco/food-delivery/mi-casa-cafe/HkC2epnmSG2L4dPIIu-uGA,fairfax-california
https://www.ubereats.com/san-francisco/food-delivery/big-rock-deli/bbxYQROhS4CdOJ4XBUufng,fairfax-california
https://www.ubereats.com/san-francisco/food-delivery/vitality-bowls-765-e-blithedale/xFkgHgTISBSxosCb094C8g,fairfax-california
https://www.ubereats.com/san-francisco/food-delivery/chipotle-mexican-grill-345-3rd-st/olFHgGHyTT6-n603u81eCA,fairfax-california
https://www.ubereats.com/san-francisco/food-delivery/baja-fresh-mexican-grill-corte-madera/s8VNYx1bRhqxiN2-bg5JlQ,fairfax-california
https://www.ubereats.com/san-francisco/food-delivery/shake-shack-1401-larkspur-landing-circle/WuHDmT0qQM-c8cCLspkhIQ,fairfax-california
https://www.ubereats.com/san-francisco/food-delivery/keto-to-go-by-belcampo-larkspur/_rVxRucNQwySdYC91WVEVA,fairfax-california
https://www.ubereats.com/san-francisco/food-delivery/tha-siam/8rQjyTTfRkatYMi-YgNEKg,fairfax-california
https://www.ubereats.com/san-francisco/food-delivery/jamba-juice-301-bon-air-shopping-center/p5FVFMdYQBiuECh9imWsYg,fairfax-california
https://www.ubereats.com/san-francisco/food-delivery/extreme-pizza-san-rafael/jPFEAEswTRCexC-3Aib2vQ,fairfax-california
https://www.ubereats.com/san-francisco/food-delivery/arigatou-japanese-food-to-go/VPpqk0TFS7etAuGHJbpYpA,fairfax-california
https://www.ubereats.com/san-francisco/food-delivery/tamalpie/6al6it51TNmCm9szNvJaKQ,fairfax-california
https://www.ubereats.com/san-francisco/food-delivery/marin-coffee-roasters/_FIzN2NJTaKpxO-BLGEdNg,fairfax-california
https://www.ubereats.com/san-francisco/food-delivery/starbucks-terra-linda-at-northgate/N550v5rgTyOfJntc9ZvfXA,fairfax-california
https://www.ubereats.com/san-francisco/food-delivery/chipotle-mexican-grill-880-de-long-ave/f4qtFY1WQRSOzMwiXniyKA,fairfax-california
https://www.ubereats.com/san-francisco/food-delivery/burritoville-cafe/3hzr99w5Rra6wzxEUYEbLw,fairfax-california
https://www.ubereats.com/san-francisco/food-delivery/boiadeirus-brazilian-steakhouse/nNqHDDbpRjWdKZhQZZfrBw,fairfax-california
https://www.ubereats.com/san-francisco/food-delivery/subway-5800-northgate-dr-ste-fc7/_kA9k9GqSCO838d3uzjcWQ,fairfax-california
https://www.ubereats.com/san-francisco/food-delivery/uncle-willies-wings-%26-things-san-rafael/u9gJTKpqQfCn3AoW8Gv3GA,fairfax-california
https://www.ubereats.com/san-francisco/food-delivery/julies-hummus-bar/Bx8CKz4VQAaG15I84D8AKg,fairfax-california
https://www.ubereats.com/san-francisco/food-delivery/extreme-pizza/aChyR8ThSUmv6HIFfa932w,fairfax-california
https://www.ubereats.com/san-francisco/food-delivery/pressed-juicery-marin-country-mart/IfVJ7-DlQ76EDEQv4J78lg,fairfax-california
https://www.ubereats.com/san-francisco/food-delivery/cold-stone-creamery-1010-court-street/B5nBfIWCSd2r0c87XHE-YQ,fairfax-california
https://www.ubereats.com/san-francisco/food-delivery/the-club-restaurant-at-mcinnis-park/nNuT5_OMRkeubUhSAZ6CfA,fairfax-california
