url,city
https://www.ubereats.com/los-angeles/food-delivery/el-camaronero-restaurant-%231/C-vHN1YPQKCZutHgyqPnzg,granada-hills-california
https://www.ubereats.com/los-angeles/food-delivery/mcdonalds-northrdge-parthn/nHYVNec2ROCutSvN-KJOqQ,granada-hills-california
https://www.ubereats.com/los-angeles/food-delivery/mcdonalds-801-truman-st/_op5AuG4TMGp6pd54Exedg,granada-hills-california
https://www.ubereats.com/los-angeles/food-delivery/chuys-tacos-dorados-van-nuys/PEN6pfpZRTqJ3_6xbODMpQ,granada-hills-california
https://www.ubereats.com/los-angeles/food-delivery/sushi-snob/rD8wEcz-RBOpXcL-fvg_2w,granada-hills-california
https://www.ubereats.com/los-angeles/food-delivery/la-breakfast-club/N-qsVwIkR0GBLljoBgfenw,granada-hills-california
https://www.ubereats.com/los-angeles/food-delivery/send-noods/_Ym7Ey9PSh-wyN48SXL4yA,granada-hills-california
https://www.ubereats.com/los-angeles/food-delivery/big-boy-8876-corbin-ave/DO84f7BtR0i--dbS1hV4Gw,granada-hills-california
https://www.ubereats.com/los-angeles/food-delivery/subway-6800-balboa-blvd/J8mjCwjWScGlzeoVAyC_hA,granada-hills-california
https://www.ubereats.com/los-angeles/food-delivery/panda-express-northridge-18427-d-nordhoff-st/jnZjxeIxTnyN7nry70wcYQ,granada-hills-california
https://www.ubereats.com/los-angeles/food-delivery/okamoto-kitchen/kkl7GKsTRbmv36oJ0iPg2w,granada-hills-california
https://www.ubereats.com/los-angeles/food-delivery/jack-in-the-box-16945-san-fernando-mission-blvd/gnpU-o1FRPSInVaQjHvz7w,granada-hills-california
https://www.ubereats.com/los-angeles/food-delivery/seoul-tofu-house-galleria-market/IMFByUu5Srm6BgBxUoOFgA,granada-hills-california
https://www.ubereats.com/los-angeles/food-delivery/taco-taco-burrito-burrito/0IPnhJSvQ3qmrFgNwYOD7g,granada-hills-california
https://www.ubereats.com/los-angeles/food-delivery/h2o-sushi-%26-izakaya-northridge/-WzWJO_ATVy66ATbRStTsg,granada-hills-california
https://www.ubereats.com/los-angeles/food-delivery/panda-express-13681-foothill-blvd-%23c/UJIOzGrDQU2pW5wJmgb9tA,granada-hills-california
https://www.ubereats.com/los-angeles/food-delivery/fruzion-chatsworth/dTgWpm9aRnmQByZrb8xa5g,granada-hills-california
https://www.ubereats.com/los-angeles/food-delivery/kfc-%2321-19307-soledad-canyon-rd/NUx6Ms3_SdmLiN1hpZ_XBg,granada-hills-california
https://www.ubereats.com/los-angeles/food-delivery/burger-king-21227-sherman-way/62FZ4_01Tz6O1bAcCNE-Hg,granada-hills-california
https://www.ubereats.com/los-angeles/food-delivery/subway-14713-rinaldi-st/8JE2Q7R6RsKXo2qViDbLdQ,granada-hills-california
https://www.ubereats.com/los-angeles/food-delivery/el-gallo-giro-panorama-city/2gd7cLROSVy_bjlg6jIM8w,granada-hills-california
https://www.ubereats.com/los-angeles/food-delivery/tacos-mexico-reseda-ca/q1ZC2fH3Qh-VOUdaoN7Tig,granada-hills-california
https://www.ubereats.com/los-angeles/food-delivery/ta%3Aco-panorama-city/1LHWDa6rTy2aQI09x38MbQ,granada-hills-california
https://www.ubereats.com/los-angeles/food-delivery/a%26w-seafood-restaurant/iOFPFQo8T4S5geR_LAmgvA,granada-hills-california
https://www.ubereats.com/los-angeles/food-delivery/tilted-table/Ge5U0brGQbqQc9nqSPhIfQ,granada-hills-california
https://www.ubereats.com/los-angeles/food-delivery/jack-in-the-box-11216-tampa-ave/_HUrxeiPQ_qsWGLqFUPxpA,granada-hills-california
https://www.ubereats.com/los-angeles/food-delivery/tinders-pizza/-ItYyK-CRYiNXN1I6Rg5hQ,granada-hills-california
https://www.ubereats.com/los-angeles/food-delivery/lasbestpizza/HnbbhN8aRO69GjzJquBmPw,granada-hills-california
https://www.ubereats.com/los-angeles/food-delivery/farmer-boys-w-nordhoff-st/hfUumN-YRL-cfdHJ0Uj-lg,granada-hills-california
https://www.ubereats.com/los-angeles/food-delivery/jack-special-lechon/UqlPu29bQQKu9E1s-DHIzQ,granada-hills-california
https://www.ubereats.com/los-angeles/food-delivery/starbucks-devonshire-%26-langdon/YjCFyvsVSfG_t-G-8ZRTnw,granada-hills-california
https://www.ubereats.com/los-angeles/food-delivery/sams-wings/OC_-Zj94SQiWZxu_UdoYfw,granada-hills-california
https://www.ubereats.com/los-angeles/food-delivery/subway-9040-sepulveda-blvd/3e_HiARsS8KfRpI1nsLG8A,granada-hills-california
https://www.ubereats.com/los-angeles/food-delivery/johnny-pacific/i7HINknpQ_6VcaE1OZEg2g,granada-hills-california
https://www.ubereats.com/los-angeles/food-delivery/pita-palace/7iw9jmUWRTCFsYs71s2fZg,granada-hills-california
https://www.ubereats.com/los-angeles/food-delivery/la-sabrosa-restaurant/ENP-t6MDTRah7RZ6nR4VBg,granada-hills-california
https://www.ubereats.com/los-angeles/food-delivery/el-pollo-loco-6411-sepulveda-blvd-unit-2g5945/3VlOj6ppQCiG2aNBcbWNUw,granada-hills-california
https://www.ubereats.com/los-angeles/food-delivery/tgi-fridays-1943-porter-ranch-ca/huHJveFYSgWvr5faTi3gTg,granada-hills-california
https://www.ubereats.com/los-angeles/food-delivery/thai-original-bbq-%26-restaurant/zFBGPOFrQjmdWZ1X4aizFQ,granada-hills-california
https://www.ubereats.com/los-angeles/food-delivery/mcdonalds-reseda/B7fzFsuNRIWXZdsmFMz15w,granada-hills-california
https://www.ubereats.com/los-angeles/food-delivery/del-taco-15353-chatsworth-st/tfbWQDMYSOyQLKAja7O5Bw,granada-hills-california
https://www.ubereats.com/los-angeles/food-delivery/dough-girl/54ENfKxpSqmGxMx9UjpxJg,granada-hills-california
https://www.ubereats.com/los-angeles/food-delivery/enjoyer-northridge/AxRgpApvQqC3k8GaR_c-UA,granada-hills-california
https://www.ubereats.com/los-angeles/food-delivery/beans-and-limes/hHAjiHK6RQW5kB_3qKYwBA,granada-hills-california
https://www.ubereats.com/los-angeles/food-delivery/cha-cha-8/dZyjLPwuRyqGSE8rOsglWg,granada-hills-california
https://www.ubereats.com/los-angeles/food-delivery/mr-pizza/8kVI_J-TTa6tlTjENKcumA,granada-hills-california
https://www.ubereats.com/los-angeles/food-delivery/panda-express-pacoima-13520-w-paxton-st/HdIJ4q_LQq2yH1oHinLTkA,granada-hills-california
https://www.ubereats.com/los-angeles/food-delivery/el-incomparable-peruvian-cuisine-reseda/fMLGOZ87RUCRWxLH2PGNqw,granada-hills-california
https://www.ubereats.com/los-angeles/food-delivery/the-pizza-cookery/AfCni9sARC-OopVJn8IAYA,granada-hills-california
https://www.ubereats.com/los-angeles/food-delivery/mcdonalds-pacoima-van-nuys-%26-glenoaks/1vPOs0LLQfeRPjFfD5445A,granada-hills-california
https://www.ubereats.com/los-angeles/food-delivery/jeje-chicken/8Ar13ARCRSK-mFDrBK7SRw,granada-hills-california
https://www.ubereats.com/los-angeles/food-delivery/ponchos/ynCcZYHaTY2xxcc2xjhNFw,granada-hills-california
https://www.ubereats.com/los-angeles/food-delivery/sky-restaurant-%26-lounge/pxp_np6qS-muluQI6K_7tw,granada-hills-california
https://www.ubereats.com/los-angeles/food-delivery/el-indio-mexicano-restaurant/Wuc2OwakTx-SUaGJLagbAw,granada-hills-california
https://www.ubereats.com/los-angeles/food-delivery/the-great-wall-restaurant/yqP27ZRkSwGjwykrZNa8TA,granada-hills-california
https://www.ubereats.com/los-angeles/food-delivery/el-burrito-burracho/UtuxE2mhSSigQP-od6AQ6g,granada-hills-california
https://www.ubereats.com/los-angeles/food-delivery/la-brasa-roja/4KQn1LVDSaWGZtxhFzMj6Q,granada-hills-california
https://www.ubereats.com/los-angeles/food-delivery/yoshinoya-8267-sepulveda-boulevard/igemFyzcRAi_wR1PsRH52w,granada-hills-california
https://www.ubereats.com/los-angeles/food-delivery/fatburger-6162-1-8-sepulveda-blvd/Q4k5RCcNSc246MOUDN_4TA,granada-hills-california
https://www.ubereats.com/los-angeles/food-delivery/kfc-1327-san-fernando-road/WHc9FksCTXOCGW76lpWeKg,granada-hills-california
https://www.ubereats.com/los-angeles/food-delivery/kfc-6916-reseda-boulevard/TLl5BtmhRFSHjTSczbL19A,granada-hills-california
https://www.ubereats.com/los-angeles/food-delivery/a-%26-h-shawarma-%26-kabob/1kaWGGoHQcquJ3gdjMPAEQ,granada-hills-california
https://www.ubereats.com/los-angeles/food-delivery/mcdonalds-northrdge-reseda/RdGZlBzPTI6QftCE8Q5DgQ,granada-hills-california
https://www.ubereats.com/los-angeles/food-delivery/el-pollo-loco-9522-sepulveda-blvd5915/0XeuxROsS82PQsWD0aEFxg,granada-hills-california
https://www.ubereats.com/los-angeles/food-delivery/starbucks-san-fernando-mission-%26-sepulveda/kv7IpAY-QhC0Lhet2SGWzQ,granada-hills-california
https://www.ubereats.com/los-angeles/food-delivery/claim-jumper-9429-tampa-avenue/dLPpJt6gRu6_YDaTNjUZYg,granada-hills-california
https://www.ubereats.com/los-angeles/food-delivery/pollo-campero-panorama-city-van-nuys-blvd/PqtyYVbqR4ys6WOpHIf0Qw,granada-hills-california
https://www.ubereats.com/los-angeles/food-delivery/western-bagel-granada-hills/MWR8BoBlQDOEWcNZdVdJng,granada-hills-california
https://www.ubereats.com/los-angeles/food-delivery/subway-9870-desoto-ave/MVpb2LKBRrKS5uO6FnOYHw,granada-hills-california
https://www.ubereats.com/los-angeles/food-delivery/katsu-japanese-cutlet/CkPvmQKJQGWlutldH5tiUw,granada-hills-california
https://www.ubereats.com/los-angeles/food-delivery/kfc-13924-foothill-blvd/5fk5xMg8TeuKXl3Cc1jzlw,granada-hills-california
https://www.ubereats.com/los-angeles/food-delivery/jasmine-thai-cuisine-porter-ranch/_vxyfyh4Q72drg8-B81S6A,granada-hills-california
https://www.ubereats.com/los-angeles/food-delivery/pollo-campero-north-hills-sepulveda-blvd/-q7PV3iFQiG-gFQfLMWExA,granada-hills-california
https://www.ubereats.com/los-angeles/food-delivery/f*cking-good-pizza/hTXX2mN4QRGUirN4qeuzQg,granada-hills-california
https://www.ubereats.com/los-angeles/food-delivery/rok-n-sushi/Yjbq2wwETBiZ3TSFfST52A,granada-hills-california
https://www.ubereats.com/los-angeles/food-delivery/sunny-%26-fines-breakfast-burritos/24CI0F1UQ9mbJrurZefQMA,granada-hills-california
https://www.ubereats.com/los-angeles/food-delivery/la-corona-bar-%26-grill/Byp_SHHmQ-uscHlfhC-otg,granada-hills-california
https://www.ubereats.com/los-angeles/food-delivery/crazy-falafel-devonshire-st/qsvegEiNTfKNf8ASR6hepQ,granada-hills-california
https://www.ubereats.com/los-angeles/food-delivery/starbucks-sepulveda-%26-nordhoff/E6sYVH8BTdquAkAAmRZnuA,granada-hills-california
https://www.ubereats.com/los-angeles/food-delivery/la-michoacana-plus-ice-cream-parlor-sylmar/DpW4j5GxSnunsfVciiROWg,granada-hills-california
https://www.ubereats.com/los-angeles/food-delivery/el-taco-llama/Bvp5ETnuQAup-j8PyBTXrw,granada-hills-california
https://www.ubereats.com/los-angeles/food-delivery/teriyaki-madness-13762-foothill-blvd/CxmJmtuQQd-72GBbrJTN5g,granada-hills-california
https://www.ubereats.com/los-angeles/food-delivery/mados-kitchen/rt58lvQoQ_Sa915lz0KYOg,granada-hills-california
https://www.ubereats.com/los-angeles/food-delivery/fried/niuRG7L3Ty-q9sns3LffKw,granada-hills-california
https://www.ubereats.com/los-angeles/food-delivery/del-taco-2021-glenoaks-blvd/P26C7UMpRxWzDgJWXR4cYQ,granada-hills-california
https://www.ubereats.com/los-angeles/food-delivery/daniels-tacos-11840-foothill-blvd/Ymm00LnfRj-NBqdMtAu7kA,granada-hills-california
https://www.ubereats.com/los-angeles/food-delivery/los-ruizenores/4XEXCtiKSxy3YGrZKzDcvQ,granada-hills-california
https://www.ubereats.com/los-angeles/food-delivery/get-loaded-tacos/N4U9oyLjTmWP5zBGM9vXzw,granada-hills-california
https://www.ubereats.com/los-angeles/food-delivery/nihari-house/uPfcuNc7TZyIfHv0fxtWJA,granada-hills-california
https://www.ubereats.com/los-angeles/food-delivery/thai-tasty/ZkgI87pGQBKCUdxj0cUi3g,granada-hills-california
https://www.ubereats.com/los-angeles/food-delivery/subway-9724-woodman-ave/jj5hwnu6TLC-GL1Gqx-sbw,granada-hills-california
https://www.ubereats.com/los-angeles/food-delivery/popeyes-14723-rinaldi-st/yxME6QoyTFWcbxiOFZ8JSw,granada-hills-california
https://www.ubereats.com/los-angeles/food-delivery/china-star/KiiyiMg-QaO8g46zVIBXGA,granada-hills-california
https://www.ubereats.com/los-angeles/food-delivery/mcdonalds-chatsworth-devonshire/w-hUwq-2SqWNJb39R43rBg,granada-hills-california
https://www.ubereats.com/los-angeles/food-delivery/la-bocana/dV1SyPqzQN69SSGvIiRfsA,granada-hills-california
https://www.ubereats.com/los-angeles/food-delivery/carls-jr-7371/Wgg0HtSvTumxpEZQSXaSww,granada-hills-california
https://www.ubereats.com/los-angeles/food-delivery/la-michoacana-premium-pacoima/Ovt3VpSyQl-RziNWLmvNaw,granada-hills-california
https://www.ubereats.com/los-angeles/food-delivery/hot-chile-mexican-food/ZsiMGnBoSPe1564NNadqRQ,granada-hills-california
https://www.ubereats.com/los-angeles/food-delivery/michoacana-king/1k2ewr-qTJapimHs76LWvw,granada-hills-california
https://www.ubereats.com/los-angeles/food-delivery/granny-pannies-pancakes/Z1B7VWS8SZCQG3zBfBmuZA,granada-hills-california
https://www.ubereats.com/los-angeles/food-delivery/tinys-submarine/peZiS-_1SSOzSPVQiJ9x5w,granada-hills-california
https://www.ubereats.com/los-angeles/food-delivery/milanos-flame-pizza-and-pasta/I4HxSWJ6QIKxCp_dxQtxdw,granada-hills-california
https://www.ubereats.com/los-angeles/food-delivery/sansai-japanese-grill-la/kK-4Q6JRQwWAhxmCiz-Hbg,granada-hills-california
https://www.ubereats.com/los-angeles/food-delivery/la-pizza-loca-pacoima/xbcRN6hwRm-ctIh4gBF69Q,granada-hills-california
https://www.ubereats.com/los-angeles/food-delivery/pagoda-inn/QiR58mdrTim2VcQNsiQxJA,granada-hills-california
https://www.ubereats.com/los-angeles/food-delivery/totos-seafood-grill/AOQlvQTVQLKVpN56BK_fFQ,granada-hills-california
https://www.ubereats.com/los-angeles/food-delivery/the-buffalo-spot/S36dZdhTRQC047cH5t9fKQ,granada-hills-california
https://www.ubereats.com/los-angeles/food-delivery/red-robin-254-9301-tampa-ave-%23210/dUKmHL9USzmlcGaEizOwKg,granada-hills-california
https://www.ubereats.com/los-angeles/food-delivery/lenzinis-pizza/iNtUVz31R6e37BVcjFNt8w,granada-hills-california
https://www.ubereats.com/los-angeles/food-delivery/veggie-mex/CU7FsOoIS0aqjUE3fr1JcQ,granada-hills-california
https://www.ubereats.com/los-angeles/food-delivery/basils-deli-%26-cafe/Kpbp8JvjRFWfpgtUvXGUZA,granada-hills-california
https://www.ubereats.com/los-angeles/food-delivery/papa-johns-northridge/osPzjFhCTjSL417obXnTQg,granada-hills-california
https://www.ubereats.com/los-angeles/food-delivery/banks-thai/lzu4MwyoQaicVaA4p5f1yw,granada-hills-california
https://www.ubereats.com/los-angeles/food-delivery/subway-13632-foothill-blvd/4r7Wd0-rQICPslHzXUoYaQ,granada-hills-california
https://www.ubereats.com/los-angeles/food-delivery/western-bagel-northridge/LIrGPgPVQei3_N9pKQsWow,granada-hills-california
https://www.ubereats.com/los-angeles/food-delivery/vincenzos-pizza-granada-hills/mOv2MWMTSuuI5eU7e2PJBA,granada-hills-california
https://www.ubereats.com/los-angeles/food-delivery/plant-b-northridge/-z7fBeOITzOAcwECGFJw3A,granada-hills-california
https://www.ubereats.com/los-angeles/food-delivery/noche-azul/3EKT2SntSO-sJNHacyFYEQ,granada-hills-california
https://www.ubereats.com/los-angeles/food-delivery/earl-of-sandwich-18080-chatsworth-st/ee_mAIaASj2NGsm4uuPadA,granada-hills-california
https://www.ubereats.com/los-angeles/food-delivery/the-funnel-house-of-northridge/sptsGaW4TMCD6AD_e0KurA,granada-hills-california
https://www.ubereats.com/los-angeles/food-delivery/pho-999/c5ngRvtgSR2uUnS0frAGjw,granada-hills-california
https://www.ubereats.com/los-angeles/food-delivery/h-salt-fish-%26-chips/ey76agl_QEys9isVcS2YHg,granada-hills-california
https://www.ubereats.com/los-angeles/food-delivery/el-taco-llama/OpcjOwZ4RO2_cR06xPpcmA,granada-hills-california
https://www.ubereats.com/los-angeles/food-delivery/jersey-mikes-subs-8420-balboa-blvd/EsZgdEqHRIGXejrAOZJGfw,granada-hills-california
https://www.ubereats.com/los-angeles/food-delivery/winchells-donut-house-14530-brand-blvd/u1SXFGPLTj2TByZaxoeI9g,granada-hills-california
https://www.ubereats.com/los-angeles/food-delivery/kalesa-grill-hopia-like-it-winetka/pvvsVVFbQkaZsX1Lbcmwhw,granada-hills-california
https://www.ubereats.com/los-angeles/food-delivery/aromathai-vegan-restaurant/hcVfewdPR0Wt1s5DvD8L0g,granada-hills-california
https://www.ubereats.com/los-angeles/food-delivery/taqueria-emanuel/gVceFM1jTJ27RWAHXGJYLQ,granada-hills-california
https://www.ubereats.com/los-angeles/food-delivery/nics-burgers-%26-bowls/Z6rWa3d7TIeAQGRUQTGXnw,granada-hills-california
https://www.ubereats.com/los-angeles/food-delivery/ponchos-taqueria/ozrqFfPCRcukCBZDtIbuPA,granada-hills-california
https://www.ubereats.com/los-angeles/food-delivery/baja-fresh-16912-devonshire-st-granada-hills/dJ20GcIzReWERkkh-LCe6w,granada-hills-california
https://www.ubereats.com/los-angeles/food-delivery/tomo-sushi-japanese-fusion-cuisine/F9eLalJiQDOVMoycpXjzOg,granada-hills-california
https://www.ubereats.com/los-angeles/food-delivery/sabrositas-pupusas/AeEUQlJoTC2BhYvEOMumgQ,granada-hills-california
https://www.ubereats.com/los-angeles/food-delivery/subway-77-n-mclay-ave/ZR01FAIlTP2z7vKfqn13Dg,granada-hills-california
https://www.ubereats.com/los-angeles/food-delivery/la-michoacana-authentic-ice-cream-parlor/rdQM0DcwTravHH-eEZyhpw,granada-hills-california
https://www.ubereats.com/los-angeles/food-delivery/tacos-lupita-5/3baozQITSQ2gid3icEoujQ,granada-hills-california
https://www.ubereats.com/los-angeles/food-delivery/los-siete-mares/qruYv6sqQhaD-ojPTJVPNg,granada-hills-california
https://www.ubereats.com/los-angeles/food-delivery/red-chili-northridge/syJiYENZTaW3RUs-leYBaA,granada-hills-california
https://www.ubereats.com/los-angeles/food-delivery/surf-n-turf-taco-balboa-blvd/CwIq_AmaRrWINbXL9CK6NA,granada-hills-california
https://www.ubereats.com/los-angeles/food-delivery/sabor-latino-main-st/_FpmfPWGT2OWCLf85DRLvg,granada-hills-california
https://www.ubereats.com/los-angeles/food-delivery/la-michoacana-helados-mexican-ice-cream/AnnBgcFoR8WQfXzIEghJBw,granada-hills-california
https://www.ubereats.com/los-angeles/food-delivery/sweet-blessings-by-cyler-llc/xGtUWotUQFGopr0L3VHbQw,granada-hills-california
https://www.ubereats.com/los-angeles/food-delivery/los-tres-hermanos-foothill-blvd/xCPXmjGMS1KgAHiy1uyKMg,granada-hills-california
https://www.ubereats.com/los-angeles/food-delivery/el-super-san-fernando/dxqki6OeRSKmrayK-C4EHw,granada-hills-california
https://www.ubereats.com/los-angeles/food-delivery/panda-express-23746-newhall-ave/tuuwrULwSESCSelWZ3tZig,granada-hills-california
https://www.ubereats.com/los-angeles/food-delivery/anantra-thai-restaurant/7JQ3-lkHTOWKrZvESxONDg,granada-hills-california
https://www.ubereats.com/los-angeles/food-delivery/chop-shop-butcher-%26-grill/7Osn0pAGScSX7SSwGBK9FQ,granada-hills-california
https://www.ubereats.com/los-angeles/food-delivery/woah!-breakfast-quesarito!/Cdug0hMgR6Gre5R1tox2zQ,granada-hills-california
https://www.ubereats.com/los-angeles/food-delivery/l%26l-hawaiian-bbq-18657-devonshire-st/oIk0mepXSR-4DG8KIEmGEA,granada-hills-california
https://www.ubereats.com/los-angeles/food-delivery/buenos-aires-grill-northridge/qYSbUKDqQfeIhIOKDjeI0w,granada-hills-california
https://www.ubereats.com/los-angeles/food-delivery/the-breakfast-spot/jpdsrI03T5yI6FICkmZNjA,granada-hills-california
https://www.ubereats.com/los-angeles/food-delivery/carls-jr-18950-soledad-canyon-rd/0mLaYExlRuirvsV7dXzfUw,granada-hills-california
https://www.ubereats.com/los-angeles/food-delivery/owls/B3UvlAWfQxqYOJvYA0RChQ,granada-hills-california
https://www.ubereats.com/los-angeles/food-delivery/subway-12902-foothill-blvd/9nkuTjxLS2ypGZ2k53HXqQ,granada-hills-california
https://www.ubereats.com/los-angeles/food-delivery/the-vegan-place/u6cuvpD4Tu6Xaa7yDxVS0A,granada-hills-california
https://www.ubereats.com/los-angeles/food-delivery/fresas-con-crema-cafe/XdAaDuc4RXGhXiRSJ6pQog,granada-hills-california
https://www.ubereats.com/los-angeles/food-delivery/starbucks-nordhoff-%26-woodley/5ZbSbbGFQ7eeP-kV0LSyjA,granada-hills-california
https://www.ubereats.com/los-angeles/food-delivery/nicks-kitchen/PSD-2Tn0TrusbtChFxmVkg,granada-hills-california
https://www.ubereats.com/los-angeles/food-delivery/bodhi-leaf-coffee-traders-sierra-hwy/rR4OICaLS3G7LGOsqlRTmQ,granada-hills-california
https://www.ubereats.com/los-angeles/food-delivery/eggwich/n_-BQehxTASw-KfmesbDjw,granada-hills-california
https://www.ubereats.com/los-angeles/food-delivery/carls-jr-7376/3-UKbacpSrCypFxNHj1tQg,granada-hills-california
https://www.ubereats.com/los-angeles/food-delivery/el-pollo-peru/ymssZCFfRvKZE-AJLswcqQ,granada-hills-california
https://www.ubereats.com/los-angeles/food-delivery/jack-in-the-box-9855-mason-ave/EXWAsDpxTrCFiCxZfmaCjA,granada-hills-california
https://www.ubereats.com/los-angeles/food-delivery/flame-pizzeria-vanowen-st/LR2rKa1qTXaQNeAC7NkU_g,granada-hills-california
https://www.ubereats.com/los-angeles/food-delivery/panda-express-north-hills-9008-sepulveda-blvd/6QNuEz5cRxysDqsMik50uQ,granada-hills-california
https://www.ubereats.com/los-angeles/food-delivery/dennys-18932-w-soledad-canyon-rd/kXJHt3ovTOurIsNwjKhVcg,granada-hills-california
https://www.ubereats.com/los-angeles/food-delivery/mediterranean-bistro/PjMPcC8sTqK2k7yFolejvQ,granada-hills-california
https://www.ubereats.com/los-angeles/food-delivery/western-bagel-chatsworth/39a4-fE8RnuoxWSGhaH9EQ,granada-hills-california
https://www.ubereats.com/los-angeles/food-delivery/subway-15232-saticoy-st/BdKe4puiSrq18BTcT6Gu9A,granada-hills-california
https://www.ubereats.com/los-angeles/food-delivery/bayshore-fish-%26-grill/RCN7TZixTVK8V8bWjHzmSA,granada-hills-california
https://www.ubereats.com/los-angeles/food-delivery/starbucks-truman-%26-maclay/sEDEDG38Th61-KVXSXcHog,granada-hills-california
https://www.ubereats.com/los-angeles/food-delivery/dickeys-barbecue-pit-18742-soledad-canyon-rd/9Jy3wKkJQLWaLM8p3WSY9w,granada-hills-california
https://www.ubereats.com/los-angeles/food-delivery/yamaha-sushi/Uxs8k16_TYKI-O_v0PyTuA,granada-hills-california
https://www.ubereats.com/los-angeles/food-delivery/los-toros-mexican-restaurant/YQlo3M6SSg-o4biOiYEQpw,granada-hills-california
https://www.ubereats.com/los-angeles/food-delivery/totos-african-cuisine-nigerian/YeX_W3BwS8a63M5ue49pOw,granada-hills-california
https://www.ubereats.com/los-angeles/food-delivery/dog-haus-biergarten-northridge/LHmxh9OmTByiVbwpP1_4SQ,granada-hills-california
https://www.ubereats.com/los-angeles/food-delivery/jack-in-the-box-17744-chatsworth-st/gFSlOzPyS1-cua4Ez3o4Iw,granada-hills-california
https://www.ubereats.com/los-angeles/food-delivery/mcdonalds-pacoima-osborne/FCLhvCTESfal5b9jN7jC8Q,granada-hills-california
https://www.ubereats.com/los-angeles/food-delivery/el-pollo-loco-6752-reseda-blvd3425/CQ_3bPV3T-ui7j-Dv4ufRw,granada-hills-california
https://www.ubereats.com/los-angeles/food-delivery/grand-panda/kd0Sn6tnQ3SXrkHOXfMT0A,granada-hills-california
https://www.ubereats.com/los-angeles/food-delivery/subway-18649-devonshire-st/VBkdmpK8Tvu0Tvc-f5w3HA,granada-hills-california
https://www.ubereats.com/los-angeles/food-delivery/tacos-los-toritos-glenoaks/pIfFtAlmRP-c4h67bn95Vg,granada-hills-california
https://www.ubereats.com/los-angeles/food-delivery/gen-korean-bbq-house-northridge/3S_8nc5hSKem4atnWYBoeg,granada-hills-california
https://www.ubereats.com/los-angeles/food-delivery/burger-king-2008-glenoaks-boulevard/k9cMj-q4R86uL13dlU1CMw,granada-hills-california
https://www.ubereats.com/los-angeles/food-delivery/el-rey-del-mar/dlrG7Z6bRvm8h05YzfwGKA,granada-hills-california
https://www.ubereats.com/los-angeles/food-delivery/dc-cafe-donuts/X7-rSe85QseW8vM4ThE7Cw,granada-hills-california
https://www.ubereats.com/los-angeles/food-delivery/the-original-khun-dang-thai-restaurant/BOpd_MHsSaeD3iUpE63RYg,granada-hills-california
https://www.ubereats.com/los-angeles/food-delivery/la-michoacana-ice-cream-parlor-roscoe-blvd/H5s44RKwReKIXAKH_V_8iw,granada-hills-california
https://www.ubereats.com/los-angeles/food-delivery/lulus-restaurant/kTORMbpCTLevXEJTxAV-Mg,granada-hills-california
https://www.ubereats.com/los-angeles/food-delivery/antojitos-nena/WcvzBjh4TC-YmuL8t9-hlg,granada-hills-california
https://www.ubereats.com/los-angeles/food-delivery/mexigogo/fL8MUFRURYqTdECuCgw9dA,granada-hills-california
https://www.ubereats.com/los-angeles/food-delivery/el-gallo-giro-canoga-park/39NEg4CXSFWjlrz9OW2Mbw,granada-hills-california
https://www.ubereats.com/los-angeles/food-delivery/basically-just-burrito-bowls/j0rwzl1gTa-ce5DpW5rzzQ,granada-hills-california
https://www.ubereats.com/los-angeles/food-delivery/o-sushi/v0WJuzKaSYCQ7voDckjm7w,granada-hills-california
https://www.ubereats.com/los-angeles/food-delivery/zpizza-19300-rinaldi-st-los-angeles/S4QsiAFWTY6nyfxUueu4dA,granada-hills-california
https://www.ubereats.com/los-angeles/food-delivery/teacoffhut/2Oso1IAJRGqBTE-PoxyMYg,granada-hills-california
https://www.ubereats.com/los-angeles/food-delivery/aji-peruvian-cuisine/Utdg9hImTUCTqQSH-Feqwg,granada-hills-california
https://www.ubereats.com/los-angeles/food-delivery/baan-thai/Kdcv6UpoSLW18XdZZCqwog,granada-hills-california
https://www.ubereats.com/los-angeles/food-delivery/ani-bakery/15BhHdoXT5-hShuUdDReRg,granada-hills-california
https://www.ubereats.com/los-angeles/food-delivery/jersey-mikes-subs-granada-hills-18131-chatsworth-street/TsafbnA-R2irXCSDD4It4g,granada-hills-california
https://www.ubereats.com/los-angeles/food-delivery/wongs-kitchen/vteuCPJGQ-ucyWLd08V4sA,granada-hills-california
https://www.ubereats.com/los-angeles/food-delivery/original-tommys-hamburgers-north-hills/7QzTdZrpQEaS2Sd5pid1ow,granada-hills-california
https://www.ubereats.com/los-angeles/food-delivery/champshotgrill/8KrkAW38RWWfCNEOiGGnwA,granada-hills-california
https://www.ubereats.com/los-angeles/food-delivery/hopia-like-it-granada/6xLuqhqrQsuwAoqfByBvXw,granada-hills-california
https://www.ubereats.com/los-angeles/food-delivery/guidos-pizza-and-pasta-northridge/Bp0Mg0h0RJ2bCr-jrVp0rw,granada-hills-california
https://www.ubereats.com/los-angeles/food-delivery/ooh-lala-cups/ry9BwMs6QGGN_GtxWa5k3Q,granada-hills-california
https://www.ubereats.com/los-angeles/food-delivery/buffalo-wild-wings-19252-soledad-canyon-road/mjwv8hjtRdqEpoDB93apgQ,granada-hills-california
https://www.ubereats.com/los-angeles/food-delivery/jersey-mikes-9840e-topanga-canyon-blvd/23Z_g-DKSqa9iuZtNtKmpw,granada-hills-california
https://www.ubereats.com/los-angeles/food-delivery/yummy-california-burger/ijlBxsONTR6nGt5ixzoKxw,granada-hills-california
https://www.ubereats.com/los-angeles/food-delivery/hikari-sushi/DqJHTpUzRV6DcETzG5_KcQ,granada-hills-california
https://www.ubereats.com/los-angeles/food-delivery/starbucks-chatsworth-%26-zelzah/KZw_3lOsTjujodTyllgNAA,granada-hills-california
https://www.ubereats.com/los-angeles/food-delivery/del-taco-13701-roscoe-blvd/HU_4Rv4OQnOsLYusvZe75Q,granada-hills-california
https://www.ubereats.com/los-angeles/food-delivery/la-casa-de-la-torta-ahogada/74ha4g-9RtWVJNGlBMuF4A,granada-hills-california
https://www.ubereats.com/los-angeles/food-delivery/killer-wings/c62Kun6JQ0WvBAv44ujFqQ,granada-hills-california
https://www.ubereats.com/los-angeles/food-delivery/kfc-8800-sepulveda-blvd/uCt6gqF1RR-hMa8rDWZ47A,granada-hills-california
https://www.ubereats.com/los-angeles/food-delivery/tare-ramen-ya/RmO9x4urSACDBvWDqhAlAg,granada-hills-california
https://www.ubereats.com/los-angeles/food-delivery/fiesta-taco-grill/_kwhfRUCRounYsCg0M7Wew,granada-hills-california
https://www.ubereats.com/los-angeles/food-delivery/subway-11100-sepulveda/2Bdsjo8WQQCjvLd7ZJXq0w,granada-hills-california
https://www.ubereats.com/los-angeles/food-delivery/tacos-mexico-van-nuys-ca/QMaHsanXRj2XcaLr32qK5Q,granada-hills-california
https://www.ubereats.com/los-angeles/food-delivery/international-kabob-house/LSTWfifPR5mK2Ay_-IG3MA,granada-hills-california
https://www.ubereats.com/los-angeles/food-delivery/umai-savory-hot-dogs/8DSLb5d6T12nqh7wPKQ3Sg,granada-hills-california
https://www.ubereats.com/los-angeles/food-delivery/jersey-mikes-subs-northridge-19350-c-nordhoff-st/56bq0A_JTJCaKU0MM4VuoQ,granada-hills-california
https://www.ubereats.com/los-angeles/food-delivery/daphnes-desserts/PsPnkRR-TXu0s_7FsAQeBw,granada-hills-california
https://www.ubereats.com/los-angeles/food-delivery/ihop-9012-tampa-ave/03L4za8PSZaRZWuWrB9sPw,granada-hills-california
https://www.ubereats.com/los-angeles/food-delivery/shamshiri-restaurant/VBO0-cfuR1K0B9A3Bg5vaw,granada-hills-california
https://www.ubereats.com/los-angeles/food-delivery/quiznos-12980-foothill-blvd-ste-130/BLQczWgNS0qTSRfmGzmIeA,granada-hills-california
https://www.ubereats.com/los-angeles/food-delivery/subway-6800-reseda-blvd/JotVTm2LTTWw5ndM1JyI-w,granada-hills-california
https://www.ubereats.com/los-angeles/food-delivery/kfc-10865-sepulveda-blvd/YqmcTOXHT4qTHbwpkYO5jw,granada-hills-california
https://www.ubereats.com/los-angeles/food-delivery/asahi-sushi/rvE2kkq7R2G5wVUPFK0OYg,granada-hills-california
https://www.ubereats.com/los-angeles/food-delivery/poke-rainbow/7Yri3xJjQGGXkRTQXGtGpg,granada-hills-california
https://www.ubereats.com/los-angeles/food-delivery/hub-market/3ywTQUpSTg2DHHHfmEqfVw,granada-hills-california
https://www.ubereats.com/los-angeles/food-delivery/tacosway-roscoe-blvd/MnA9qUeeSfOvHoh8VxAIgQ,granada-hills-california
https://www.ubereats.com/los-angeles/food-delivery/mcdonalds-1955-glenoaks-blvd/omGJYsEuTICv1Whjwvf8SQ,granada-hills-california
https://www.ubereats.com/los-angeles/food-delivery/farmer-boys-reseda-blvd/s8Hm_AVzTZWr4qGsbBFk2w,granada-hills-california
https://www.ubereats.com/los-angeles/food-delivery/dennys-8500-van-nuys-blvd/7iap0QdvTLO7k88Qy62E0w,granada-hills-california
https://www.ubereats.com/los-angeles/food-delivery/carnitas-michoacanas/2sIDed_-Q7uMSJdOE1Gd1w,granada-hills-california
https://www.ubereats.com/los-angeles/food-delivery/mykes-cafe-pacoima/XbULvBhESwiZANlm63T7vA,granada-hills-california
https://www.ubereats.com/los-angeles/food-delivery/del-taco-6821-balboa-blvd/iugapBjxRReVEyP7honkqg,granada-hills-california
https://www.ubereats.com/los-angeles/food-delivery/burger-king-9025-balboa/HR6Te1SsSm-lkA6LzCWY9g,granada-hills-california
https://www.ubereats.com/los-angeles/food-delivery/abuelitas/_pu-mi2zT-yDJzbOpXrhFw,granada-hills-california
https://www.ubereats.com/los-angeles/food-delivery/magic-restaurant/kLEB-hvgSe6Es849eEw0Cg,granada-hills-california
https://www.ubereats.com/los-angeles/food-delivery/pollo-campero-van-nuys-van-nuys-blvd/w8f6NFkiRJG-ReeXzzmb-w,granada-hills-california
https://www.ubereats.com/los-angeles/food-delivery/the-habit-burger-grill-9215-reseda-bl/YQuUL9BBR-iv5M6yWdQBHw,granada-hills-california
https://www.ubereats.com/los-angeles/food-delivery/popeyes-16159-parthenia-st/Rf4wi9UaTMSkTSLFsro_bw,granada-hills-california
https://www.ubereats.com/los-angeles/food-delivery/carls-jr-7379/opJQ3b_0RpCu7rOK7yKlLw,granada-hills-california
https://www.ubereats.com/los-angeles/food-delivery/subway-1701-truman-st/GT0OCGz1ROWSiae5qGyTBg,granada-hills-california
https://www.ubereats.com/los-angeles/food-delivery/el-pollo-loco-14429-roscoe-blvd5323/py0RYeoURS-70eQUDowIvA,granada-hills-california
https://www.ubereats.com/los-angeles/food-delivery/los-tres-hermanos-van-nuys-blvd/HDt88uIUQZS32cx6gDHR8A,granada-hills-california
https://www.ubereats.com/los-angeles/food-delivery/wafflejack-northridge/3622SlvsT0e7Xjch2QtIkA,granada-hills-california
https://www.ubereats.com/los-angeles/food-delivery/kfc-21930-sherman-way/PDCqZEOxRS-J4xhhe7B0dg,granada-hills-california
https://www.ubereats.com/los-angeles/food-delivery/el-torito-8855-tampa-avenue/9xjhHikySMGUtCZ8i4macw,granada-hills-california
https://www.ubereats.com/los-angeles/food-delivery/subway-15503-devonshire-st/c2ORVITgR7i5RFks3Vv_WQ,granada-hills-california
https://www.ubereats.com/los-angeles/food-delivery/papa-juans-baja-grill/Tbk3NDB6Rg6DHLunbrI2gQ,granada-hills-california
https://www.ubereats.com/los-angeles/food-delivery/panera-16836-w-devonshire-st/2p8LrQ8USkWkeL2w3I3JmA,granada-hills-california
https://www.ubereats.com/los-angeles/food-delivery/burrito-bomba/OcK0-zxlQuOzWmVMVURZzg,granada-hills-california
https://www.ubereats.com/los-angeles/food-delivery/king-of-crabs/x8dlDOYYQc2npZC4X1vhaw,granada-hills-california
https://www.ubereats.com/los-angeles/food-delivery/carls-jr-18741-via-princesa/4QI2PDX5QdeXdA7Xk9nn5A,granada-hills-california
https://www.ubereats.com/los-angeles/food-delivery/wienerschnitzel-18900-soledad-canyon-rd/1mmrcQYcTYCV8HHkF8b7cw,granada-hills-california
https://www.ubereats.com/los-angeles/food-delivery/kfc-20101-sherman-way/qf4N5iguRrGN5ZWO1n9wyA,granada-hills-california
https://www.ubereats.com/los-angeles/food-delivery/castillo/eFGqX4bBRaOQ2yXGTy2gUg,granada-hills-california
https://www.ubereats.com/los-angeles/food-delivery/pinkberry-northridge/RfZIIY2cRv-yBvsdyn9Hfg,granada-hills-california
https://www.ubereats.com/los-angeles/food-delivery/guido-brother-mediterranean-cuisine/FzvaySYEQPqVHKxyUP877Q,granada-hills-california
https://www.ubereats.com/los-angeles/food-delivery/outback-steakhouse-18711devonshire-st/PfDGkCIjSdGm1Aap0DX9OA,granada-hills-california
https://www.ubereats.com/los-angeles/food-delivery/burgerim-13764-foothill-blvd/CccOanmyQ9WEqw3jV6QJMQ,granada-hills-california
https://www.ubereats.com/los-angeles/food-delivery/mcdonalds-mission-hls-sepl/lGCUZbyDTo6GPXLpBask8A,granada-hills-california
https://www.ubereats.com/los-angeles/food-delivery/big-mamas-%26-papas-pizzeria-northridge/MSaBaawDRDCOBASTWfocyw,granada-hills-california
https://www.ubereats.com/los-angeles/food-delivery/ay-caramba!-restaurant/PbNx8vAsRPiixcO0qxKw2w,granada-hills-california
https://www.ubereats.com/los-angeles/food-delivery/yummy-donuts/HQw5iKGwQ3ydkM4ltfw89w,granada-hills-california
https://www.ubereats.com/los-angeles/food-delivery/jersey-mikes-20101-west-rinaldi-st/5nSrWAgRQ5OhnNhg0XH93g,granada-hills-california
https://www.ubereats.com/los-angeles/food-delivery/menchies-frozen-yogurt-1201-truman-st-ste-f/7SoAvAQhRRiEFmUIEgwGZQ,granada-hills-california
https://www.ubereats.com/los-angeles/food-delivery/starbucks-reseda-%26-vanowen/bTanhKkITBeoz7KquDLmIQ,granada-hills-california
https://www.ubereats.com/los-angeles/food-delivery/poseidon-restaurant-and-lounge/M1kDtCTnR3-ilDvLkiHCyQ,granada-hills-california
https://www.ubereats.com/los-angeles/food-delivery/pi-on-sunset/4-k8XUfxT3ib3mARkeB83w,granada-hills-california
https://www.ubereats.com/los-angeles/food-delivery/belwood-bakery-cafe-northridge/xiWwIxkFR02XLpuw88A4mg,granada-hills-california
https://www.ubereats.com/los-angeles/food-delivery/odyssey/ukVbLUaZSEOUkjDy9ZKLBw,granada-hills-california
https://www.ubereats.com/los-angeles/food-delivery/papa-johns-10316-de-soto-avenue/xkzMtwl-TSqxbOVQJ6zdTQ,granada-hills-california
https://www.ubereats.com/los-angeles/food-delivery/enjoy-bowl/oTrEy2GGTUSTqtWgKGpS5A,granada-hills-california
https://www.ubereats.com/los-angeles/food-delivery/boston-market-14480-sherman-way/QIcKC4nRSmu8AsQpSzbiBw,granada-hills-california
https://www.ubereats.com/los-angeles/food-delivery/marias-italian-kitchen-northridge/wq6uuy0tRuy8B63Icl1NkQ,granada-hills-california
https://www.ubereats.com/los-angeles/food-delivery/taqueria-juanitos-no-1/-UqBUGkcT7SDrHqtVRgFrQ,granada-hills-california
https://www.ubereats.com/los-angeles/food-delivery/dennys-1041-truman-street/isRF2hinQKC1O5b_nNMRzw,granada-hills-california
https://www.ubereats.com/los-angeles/food-delivery/blazin-bird/t0NJ9TGvTjess7H-ub7_XA,granada-hills-california
https://www.ubereats.com/los-angeles/food-delivery/jack-in-the-box-15651-nordhoff-street/g-jBQ1dtTrShd2dWoRgHNg,granada-hills-california
https://www.ubereats.com/los-angeles/food-delivery/freshii-northridge/OVjduv7tS4yejpU9cbvgEg,granada-hills-california
https://www.ubereats.com/los-angeles/food-delivery/subway-16500-sherman-way/Bd_1el66T7ayzZYPW28iZw,granada-hills-california
https://www.ubereats.com/los-angeles/food-delivery/mariscos-puerto-angel-saticoy/c1WeH5NmSTq8VCO5daHUhg,granada-hills-california
https://www.ubereats.com/los-angeles/food-delivery/starbucks-reseda-%26-plummer/asXacwwOTz6YJgqnr_RODg,granada-hills-california
https://www.ubereats.com/los-angeles/food-delivery/subway-north-hills/yxzhWsRMTT-pFAQ9nFWpMw,granada-hills-california
https://www.ubereats.com/los-angeles/food-delivery/firebirds/TSnZreVfTOu6vwgYp0DQ-g,granada-hills-california
https://www.ubereats.com/los-angeles/food-delivery/carnitas-michoacanas-restaurants/uZNaE3drQBK3cTUYMSWz7Q,granada-hills-california
https://www.ubereats.com/los-angeles/food-delivery/sizzler-devonshire-st/yRgSn8OjQeSf8qNnIr2a5w,granada-hills-california
https://www.ubereats.com/los-angeles/food-delivery/el-chilanguito/UHl0dr50R7GOfCDjaSYq0A,granada-hills-california
https://www.ubereats.com/los-angeles/food-delivery/chuck-e-cheese-8375-laurel-canyon-blvd/cmWmx8bXRsSL4bhia3OGIQ,granada-hills-california
https://www.ubereats.com/los-angeles/food-delivery/mutsumi-sushi/c7DYruNAR0O-m0SnyTQnbg,granada-hills-california
https://www.ubereats.com/los-angeles/food-delivery/pollos-el-bronco/4R-h7lDcSTadBIiTiEzPjQ,granada-hills-california
https://www.ubereats.com/los-angeles/food-delivery/tacosway-2/0xSix55WSdu45pGgBQnWDg,granada-hills-california
https://www.ubereats.com/los-angeles/food-delivery/carls-jr-7389/B60DOl6lSAiLvGguKXVbTA,granada-hills-california
https://www.ubereats.com/los-angeles/food-delivery/la-michoacana-ice-cream-parlor-arleta/YWhsf814T8SCYPEhxaxXuw,granada-hills-california
https://www.ubereats.com/los-angeles/food-delivery/los-tres-hermanos-san-fernando-blvd/hbvJmdfXQHmypDoNL18BEg,granada-hills-california
https://www.ubereats.com/los-angeles/food-delivery/hawaiian-shaka-burger/X37rDHtgSpqLQ8eMwX0LSg,granada-hills-california
https://www.ubereats.com/los-angeles/food-delivery/kazuko-mex/LFkafwe3RRGagdflDzd6GQ,granada-hills-california
https://www.ubereats.com/los-angeles/food-delivery/subway-17224-saticoy-st/melHey81SySIJN9Au8ML-Q,granada-hills-california
https://www.ubereats.com/los-angeles/food-delivery/carnitas-michoacanas/zFicJ-ZoSI2LBAB3s_i_wQ,granada-hills-california
https://www.ubereats.com/los-angeles/food-delivery/love-sushi/5QKEGvrYRIWLeVYawvl0ZQ,granada-hills-california
https://www.ubereats.com/los-angeles/food-delivery/five-guys-ca-4001-8400-balboa/7ywsy_vxT0uZ-eFoQ2_j7A,granada-hills-california
https://www.ubereats.com/los-angeles/food-delivery/the-ice-bar/EXZj_ZXlRXuHSZp7mQECMw,granada-hills-california
https://www.ubereats.com/los-angeles/food-delivery/humble-chef/ZcgwTdZ_QFK1Qnb0Nj7fHQ,granada-hills-california
https://www.ubereats.com/los-angeles/food-delivery/la-michoacana-ice-cream-parlor-sylmar/NqR6DrSpRu2hicMwwaL0vA,granada-hills-california
https://www.ubereats.com/los-angeles/food-delivery/papa-johns-mission-hills/RgLFuQSmQDKwNgDj_vTViQ,granada-hills-california
https://www.ubereats.com/los-angeles/food-delivery/mercado-buenos-aires-granada-hills/neUcBAk2T4Ga_xByOC9lQg,granada-hills-california
https://www.ubereats.com/los-angeles/food-delivery/el-7-mares-san-fernando/fqzLB56UTjejJFVoYzzhDw,granada-hills-california
https://www.ubereats.com/los-angeles/food-delivery/mcdonalds-granada-hills/d8gP5WYsRnqSDO2YWOa7kQ,granada-hills-california
https://www.ubereats.com/los-angeles/food-delivery/mi-ranchito-veracruz/pHAAqjMOST6Op2u8-7Z2-Q,granada-hills-california
https://www.ubereats.com/los-angeles/food-delivery/oros-bakery-and-pizza/8La2m7V4SkuTjaq6nxeiAA,granada-hills-california
https://www.ubereats.com/los-angeles/food-delivery/hongkong-banjum-by-paiks-noodle/QOHZ-TdTTxSz8zjW4HpDYw,granada-hills-california
https://www.ubereats.com/los-angeles/food-delivery/ranch-side-cafe/MMBLnkAaSA-tPkK_2YonFQ,granada-hills-california
https://www.ubereats.com/los-angeles/food-delivery/kfc-8644-balboa-blvd/8MJtQ_ArRQyMVHNHTlqLvw,granada-hills-california
https://www.ubereats.com/los-angeles/food-delivery/og-quesarito/_PiuFQ4hQWGOlM03HAg24A,granada-hills-california
https://www.ubereats.com/los-angeles/food-delivery/starbucks-van-nuys-%26-michaels/un2MTDKtQEuL6SmoF2qvmw,granada-hills-california
https://www.ubereats.com/los-angeles/food-delivery/jersey-mikes-19159-golden-valley-road/578WVH3rRVeM-fSzBWL-7Q,granada-hills-california
https://www.ubereats.com/los-angeles/food-delivery/brooklyn-calzones/jPsUyGZ5ReSMvIXKn7uBaA,granada-hills-california
https://www.ubereats.com/los-angeles/food-delivery/l%26l-hawaiian-bbq-18727-via-princessa/VFpyo2wXRvWWQQ5Jz6K-xA,granada-hills-california
https://www.ubereats.com/los-angeles/food-delivery/harrys-pizza/aCHNBMntRY2Agx_UWt1Kfg,granada-hills-california
https://www.ubereats.com/los-angeles/food-delivery/jersey-mikes-19138-soledad-canyon-rd/KAwrWvRYQmWLjzRx5idZVg,granada-hills-california
https://www.ubereats.com/los-angeles/food-delivery/el-pollo-loco-6560-van-nuys-blvd5512/e1YNGan2TBmnaQhPzUdj3g,granada-hills-california
https://www.ubereats.com/los-angeles/food-delivery/vinh-loi-tofu/W43_QW2ASWG-mD71JPilLQ,granada-hills-california
https://www.ubereats.com/los-angeles/food-delivery/rincon-taurino-14551-nordhoff-st/rwLr-xvSQ7-CzMN1-rgq2A,granada-hills-california
https://www.ubereats.com/los-angeles/food-delivery/bambu-drinks/5H2nyRBpSOqkybbKjPUjVw,granada-hills-california
https://www.ubereats.com/los-angeles/food-delivery/mcdonalds-tarzana-swc-victory-%26-reseda/UuabOvKYRQKorUCTrd34sg,granada-hills-california
https://www.ubereats.com/los-angeles/food-delivery/panda-express-northridge-17056-devonshire-st/KcGbmL1oTsub0cD-YWpKLA,granada-hills-california
https://www.ubereats.com/los-angeles/food-delivery/furai-chicken/Zv2OsKn9QcWy7by83BOEtw,granada-hills-california
https://www.ubereats.com/los-angeles/food-delivery/papillon-international-bakery-roscoe-blvd/FfBlzhG2SqOK3PWDugtvSw,granada-hills-california
https://www.ubereats.com/los-angeles/food-delivery/new-york-chicken-%26-gyro-canoga-park/j2rTsN-sRfWqCGx6d3UdpA,granada-hills-california
https://www.ubereats.com/los-angeles/food-delivery/el-taco-llama-newhall/qbNZtQ5FRtK2DalzC5mJjg,granada-hills-california
https://www.ubereats.com/los-angeles/food-delivery/georges-chicken/38inaS8sTtaMXFamV6dOTQ,granada-hills-california
https://www.ubereats.com/los-angeles/food-delivery/paraiso-kebab/JzvlMT8hRFSIB2pE0NtMyw,granada-hills-california
https://www.ubereats.com/los-angeles/food-delivery/california-chicken-cafe-chatworth/uSlH42twQlCkSFB3kW3moA,granada-hills-california
https://www.ubereats.com/los-angeles/food-delivery/jack-in-the-box-8322-balboa-blvd/DMgPenCaQ3qMgnP1hf3o1g,granada-hills-california
https://www.ubereats.com/los-angeles/food-delivery/los-mariscos/OdKC2utcRZ-VQKpHASkkMA,granada-hills-california
https://www.ubereats.com/los-angeles/food-delivery/bene-chicken-cafe/Uu8IMLChTUeo_O8Vn1re4g,granada-hills-california
https://www.ubereats.com/los-angeles/food-delivery/chuck-e-cheese-16269-san-fernando-miss/J05TALkVS2SB15u7zuYk_Q,granada-hills-california
https://www.ubereats.com/los-angeles/food-delivery/the-stand-northridge/_lhXhp7-Q-eUyhE7AxCw-w,granada-hills-california
https://www.ubereats.com/los-angeles/food-delivery/village-tandoor/zemIp_X3S7uugHH-RSt_Jg,granada-hills-california
https://www.ubereats.com/los-angeles/food-delivery/rincon-taurino-8708-van-nuys-blvd/Z5sRA4lzTHmPJkyo3QYZgA,granada-hills-california
https://www.ubereats.com/los-angeles/food-delivery/bobs-big-boy/O9xhpYmmTDm6Sg_7Cpl_Ew,granada-hills-california
https://www.ubereats.com/los-angeles/food-delivery/la-pizza/PN246yVLQLeZZyGySoMdZw,granada-hills-california
https://www.ubereats.com/los-angeles/food-delivery/fab-hot-dogs/8912yWllThqqJKtIJXOxyA,granada-hills-california
https://www.ubereats.com/los-angeles/food-delivery/dizin-persian-cuisine/H__h1ke6T2ufaHhPr-UL5A,granada-hills-california
https://www.ubereats.com/los-angeles/food-delivery/cafe-graikos/qg5m2rsRTQSRKO0pi1kg8w,granada-hills-california
https://www.ubereats.com/los-angeles/food-delivery/qmediterranean-restaurant/7D0zCYXzSKi7neWtOR2ozw,granada-hills-california
https://www.ubereats.com/los-angeles/food-delivery/subway-12771-van-nuys-blvd/JmHzO2lmSRa4vTJ_RKBxXw,granada-hills-california
https://www.ubereats.com/los-angeles/food-delivery/myungin-dumplings/hnGYy2awQ72-Rm7tgzRDQQ,granada-hills-california
https://www.ubereats.com/los-angeles/food-delivery/cold-stone-creamery-19500-plummer-st-unit-f5/Y_cIQ2bjRvCnJjtwPFgcaw,granada-hills-california
https://www.ubereats.com/los-angeles/food-delivery/house-of-grill/5JhLRm9nT86xxASYQhovNg,granada-hills-california
https://www.ubereats.com/los-angeles/food-delivery/its-boba-time-northridge/MsiRwjbMQjauQpa8_OIvkQ,granada-hills-california
https://www.ubereats.com/los-angeles/food-delivery/waba-grill-14504-nordhoff-st/2l58_tcKTMG4r0FNa3wEaw,granada-hills-california
https://www.ubereats.com/los-angeles/food-delivery/mother-india-restaurant/HsdpEuzaSnCOpL33IRk35Q,granada-hills-california
https://www.ubereats.com/los-angeles/food-delivery/victory-cafe/GbB2_C3HT5mPbqcMJShYlA,granada-hills-california
https://www.ubereats.com/los-angeles/food-delivery/mandarin-island/OTNjwCPRTw2x-wz72ZWBeQ,granada-hills-california
https://www.ubereats.com/los-angeles/food-delivery/seoul-ful-burrito/YQvKkFJzSHO4ysX1cP5QHA,granada-hills-california
https://www.ubereats.com/los-angeles/food-delivery/coco-hut-thai-food/hd4qOxCnTn2C0tUXRI3WTA,granada-hills-california
https://www.ubereats.com/los-angeles/food-delivery/sams-burgers/8NghstOfRfu3vDTHNAo-KQ,granada-hills-california
https://www.ubereats.com/los-angeles/food-delivery/thick-chick/zF1-PzQURCOT9TQDOhY2Lg,granada-hills-california
https://www.ubereats.com/los-angeles/food-delivery/subway-13520-paxton-st/d_Ua48LoRvye5_GSWewgiA,granada-hills-california
https://www.ubereats.com/los-angeles/food-delivery/chipotle-mexican-grill-9205-reseda-blvd/ipdAXwC3R9S1OuB3IlAlMg,granada-hills-california
https://www.ubereats.com/los-angeles/food-delivery/enjoy-bowl-north-hills/bKujl-1nRiKC5bnCg8s01g,granada-hills-california
https://www.ubereats.com/los-angeles/food-delivery/los-tres-hermanos-sepulveda/X_aWyXyETXa7ZZBsrbSzcA,granada-hills-california
https://www.ubereats.com/los-angeles/food-delivery/chop-stop-northridge/PIE0pD1DRNGQ2BEseW8IJQ,granada-hills-california
https://www.ubereats.com/los-angeles/food-delivery/kings-burgers/-pu3W1w6Riy4PVnPFjr8hQ,granada-hills-california
https://www.ubereats.com/los-angeles/food-delivery/mcdonalds-north-hills-sepulveda-lassen/ZYXhDgFsRE2xVLTfonTLCw,granada-hills-california
https://www.ubereats.com/los-angeles/food-delivery/outback-steakhouse-25261n-the-old-rd/0TDT-PkST6y7GlkRfsuKwQ,granada-hills-california
https://www.ubereats.com/los-angeles/food-delivery/dennys-12861-encinitas-ave/mJE_wojzSBeSzcr-PDI3jA,granada-hills-california
https://www.ubereats.com/los-angeles/food-delivery/ubatuba-acai-northridge/0pgvN8IXTNmprqEgah8tLg,granada-hills-california
https://www.ubereats.com/los-angeles/food-delivery/subway-10368-mason-ave/u_aEXHyzStygJPK-25khJg,granada-hills-california
https://www.ubereats.com/los-angeles/food-delivery/omgrill/GKatMsCWRV66o0ZXqehowA,granada-hills-california
https://www.ubereats.com/los-angeles/food-delivery/sharkys-woodfired-mexican-grill-chatsworth/E523-RTQSCaaDv1-fywxSQ,granada-hills-california
https://www.ubereats.com/los-angeles/food-delivery/sweetsnow/JTwKXIUrRqagp32fGCKo3g,granada-hills-california
https://www.ubereats.com/los-angeles/food-delivery/fresh-potato-factory/PxTGMqiHSO2R56tOOJo4_Q,granada-hills-california
https://www.ubereats.com/los-angeles/food-delivery/mcdonalds-van-nuys-balboa/Wg7ZNYtbQt2RBbOxBYOwvA,granada-hills-california
https://www.ubereats.com/los-angeles/food-delivery/la-palma/K9VQfh3lTMySjUmBXK0Wxg,granada-hills-california
https://www.ubereats.com/los-angeles/food-delivery/latin-breakfast-company/62reacfXQXemcI8gDtrZ3w,granada-hills-california
https://www.ubereats.com/los-angeles/food-delivery/subway-9067-woodman-ave/3-FnCWFGTpmGjlS9Sv3BFA,granada-hills-california
https://www.ubereats.com/los-angeles/food-delivery/dunkin-9355-reseda-blvd/BP4R-NckSZyH1eKIreURVg,granada-hills-california
https://www.ubereats.com/los-angeles/food-delivery/mcdonalds-canoga-pk-vanowen-desoto-relo/JONkc6fFTnyrEE31IDVnsg,granada-hills-california
https://www.ubereats.com/los-angeles/food-delivery/subway-10680-balboa-blvd/KunO8oCNSDmhmAsH1BOcqg,granada-hills-california
https://www.ubereats.com/los-angeles/food-delivery/la-michoacana-s-workman/NBFMZ7asR_Os6dqHSEZnMg,granada-hills-california
https://www.ubereats.com/los-angeles/food-delivery/nashville-hot-chicken/nI17dKByRya0hezn3qF0JQ,granada-hills-california
https://www.ubereats.com/los-angeles/food-delivery/raspados-gdl/EivYGxXNRFSK_skD1nofvg,granada-hills-california
https://www.ubereats.com/los-angeles/food-delivery/presto-pasta-granadahills/6sz7jILRSpWhlM5uIYX_SA,granada-hills-california
https://www.ubereats.com/los-angeles/food-delivery/las-fuentes/HOm3mHNYSMKUZzSb8PHqxA,granada-hills-california
https://www.ubereats.com/los-angeles/food-delivery/bryans-cafe/5F6UE-03QsmbuFuL0GQSnw,granada-hills-california
https://www.ubereats.com/los-angeles/food-delivery/ihop-1225-truman-st/g_sdsoG0SXSbsnGZGIWRlg,granada-hills-california
https://www.ubereats.com/los-angeles/food-delivery/cabo-cabana-fresh-baja-grill/KAwMnxWpTF-HwtYtVSWgcw,granada-hills-california
https://www.ubereats.com/los-angeles/food-delivery/bobs-kabobs/RbyRSoncQWSfPe6tlmuGhg,granada-hills-california
https://www.ubereats.com/los-angeles/food-delivery/subway-7300-topanga-canyon-blvd/IMZMTkjZQE64FMVFDhYyLw,granada-hills-california
https://www.ubereats.com/los-angeles/food-delivery/halal-boys/Ag2HJZhMRNO-tHdOchI_sw,granada-hills-california
https://www.ubereats.com/los-angeles/food-delivery/dennys-13201-gladstone-ave/jcNIKTYaTm-NtR50DmWhhQ,granada-hills-california
https://www.ubereats.com/los-angeles/food-delivery/kfc-12910-b-foothill-boulevard/hhcVo1LOQ2y8SwXxrHkwew,granada-hills-california
https://www.ubereats.com/los-angeles/food-delivery/pablitos-tacos-oyster-house/HpZO1VimQ9WdrJV11Qp28w,granada-hills-california
https://www.ubereats.com/los-angeles/food-delivery/starbucks-foothill-%26-hubbard/cB9rV_xUS9SWpp6rBdDAWA,granada-hills-california
https://www.ubereats.com/los-angeles/food-delivery/ucrave-cafe-and-grill/iagfi7EiTJazgaaksAhu_Q,granada-hills-california
https://www.ubereats.com/los-angeles/food-delivery/casa-torres/zEvFWiaGS6CtwVt12oNnzg,granada-hills-california
https://www.ubereats.com/los-angeles/food-delivery/presidente/nD7WAZMHTLSCIIZckWXosg,granada-hills-california
https://www.ubereats.com/los-angeles/food-delivery/chop-shop-butcher-%26-grill/W1mDArqVSOmdsMWKxJly0Q,granada-hills-california
https://www.ubereats.com/los-angeles/food-delivery/cube-restaurant/9YGq_8yDQA-QHgOL1pw0Sw,granada-hills-california
https://www.ubereats.com/los-angeles/food-delivery/subway-18545-roscoe-blvd/tzFUXctwRzKNNCVYxK3I8w,granada-hills-california
https://www.ubereats.com/los-angeles/food-delivery/t4-cafe/By11dJWlS5WRCv2VqE0Q8g,granada-hills-california
https://www.ubereats.com/los-angeles/food-delivery/urbane-cafe-northridge/yIsrAfJqT4GIjYCHff0mvg,granada-hills-california
https://www.ubereats.com/los-angeles/food-delivery/crazy-hot-chicken/pqRm78_QSZuZJqnaFCQrwQ,granada-hills-california
https://www.ubereats.com/los-angeles/food-delivery/presto-pasta/Ot3l69eVS0aBi4ZiJRXUzA,granada-hills-california
https://www.ubereats.com/los-angeles/food-delivery/flemings-prime-steakhouse-%26-wine-bar-woodland-hills/a3dFvDvyQCuLbeEfEOFGeQ,granada-hills-california
https://www.ubereats.com/los-angeles/food-delivery/lemon-zest-cafe-van-nuys/DFopVbw3S2WljHapIphmXw,granada-hills-california
https://www.ubereats.com/los-angeles/food-delivery/bricks/ttk2_qLYRvOmrKp5x88aIw,granada-hills-california
https://www.ubereats.com/los-angeles/food-delivery/the-habit-burger-grill-9243-winnetka-avenue-suite-%23a/B5WasMpbTrObh6IVYfLKYw,granada-hills-california
https://www.ubereats.com/los-angeles/food-delivery/house-of-shish-kabob/ox5lFWtPShCL5qf8Dm9k9Q,granada-hills-california
https://www.ubereats.com/los-angeles/food-delivery/lusys-mediterranean-cafe/ln7efzgTQK6fGXcKg0Kzfg,granada-hills-california
https://www.ubereats.com/los-angeles/food-delivery/the-knoll-bar-%26-grill/krNakRV6SAKBM8mLvBFMrg,granada-hills-california
https://www.ubereats.com/los-angeles/food-delivery/dennys-15540-roscoe-blvd/FI2ofSIFSKuSxdUho6qS3g,granada-hills-california
https://www.ubereats.com/los-angeles/food-delivery/jamba-juice-18506-devonshire-st/xC6nffE6TM2zcfCzhxno7A,granada-hills-california
https://www.ubereats.com/los-angeles/food-delivery/poseidon-hot-chicken/EbAnU2XFThqclgbfshOhIg,granada-hills-california
https://www.ubereats.com/los-angeles/food-delivery/88-chinese-%26-sushi/IWknYiKTT7O3tE04Dd3Rvw,granada-hills-california
https://www.ubereats.com/los-angeles/food-delivery/brick-burgers/2bszTtw6SAqwYQQqnnAZ-g,granada-hills-california
https://www.ubereats.com/los-angeles/food-delivery/mcdonalds-12950-foothill-blvd/sJVGV8pnTO6jwOh7ljEhjw,granada-hills-california
https://www.ubereats.com/los-angeles/food-delivery/royal-bakery/MASkDJDiSOi3VztVMCq_Kg,granada-hills-california
https://www.ubereats.com/los-angeles/food-delivery/panda-express-chatsworth-20515-devonshire-st/bnQnD0hkQ_e9LGnJcjPcng,granada-hills-california
https://www.ubereats.com/los-angeles/food-delivery/siam-cafe/m8MaCi-CSCeZ1TAuQDx3vQ,granada-hills-california
https://www.ubereats.com/los-angeles/food-delivery/corner-kebab/-XYRFR4TQs6wcJR4-GOY1g,granada-hills-california
https://www.ubereats.com/los-angeles/food-delivery/dunkin-10432-sepulveda-blvd/dMSLrXWuSUy2d6ZyGuVNGQ,granada-hills-california
https://www.ubereats.com/los-angeles/food-delivery/subway-11878-balboa-blvd/wbCh6kEaST2O5bEqHN5n1g,granada-hills-california
https://www.ubereats.com/los-angeles/food-delivery/wok-with-ray/OPHoc6K1QHWA7uKN866_-Q,granada-hills-california
https://www.ubereats.com/los-angeles/food-delivery/winzza/wTSjfOXXRCmk4ie7ZuGi3Q,granada-hills-california
https://www.ubereats.com/los-angeles/food-delivery/papa-johns-pizza-23120-lyons-ave/WUoTMq-uQnO7yDEW5BtbeQ,granada-hills-california
https://www.ubereats.com/los-angeles/food-delivery/pasquallys-pizza-%26-wings-16269-san-fernando-miss/GQwQZnxVQpynQzt0LpR0Sg,granada-hills-california
https://www.ubereats.com/los-angeles/food-delivery/lil-manana/z4cfFZNGSA-c1pE1mFN29Q,granada-hills-california
https://www.ubereats.com/los-angeles/food-delivery/thai-stops/nx8N08LTSR6-zOWyYjbOPA,granada-hills-california
https://www.ubereats.com/los-angeles/food-delivery/beverly-hills-platters/_hX9XaITT9iS0E7t6-BqOA,granada-hills-california
https://www.ubereats.com/los-angeles/food-delivery/quiznos-granada-hills/7yVmVPSHQ2yuUrluJfLE7g,granada-hills-california
https://www.ubereats.com/los-angeles/food-delivery/el-jalisiense/xvqRyZqOTe6AJAMocsASnA,granada-hills-california
https://www.ubereats.com/los-angeles/food-delivery/pasquallys-pizza-%26-wings-8425-reseda-blvd/aIXmg3SOQEGakRT3Ftq8yA,granada-hills-california
https://www.ubereats.com/los-angeles/food-delivery/kababe/NDrdrvYdRA-FL6NtBDloig,granada-hills-california
https://www.ubereats.com/los-angeles/food-delivery/michoacana-deluxe/FSKYz58lSLKEyto5hUyE5A,granada-hills-california
https://www.ubereats.com/los-angeles/food-delivery/jack-in-the-box-13622-foothill-blvd/ou8PidWNT_mSNQ9LiK0bEA,granada-hills-california
https://www.ubereats.com/los-angeles/food-delivery/ceasars-pastry/2UEyQLkdS56uvBSbgfOKhA,granada-hills-california
https://www.ubereats.com/los-angeles/food-delivery/tacos-michoacan/Xx_ep0cmRHCIMoXV3ma8zg,granada-hills-california
https://www.ubereats.com/los-angeles/food-delivery/za-rito-burrito-ft-pizza/ssLE9lM4Q8esUq3M8hnD1A,granada-hills-california
https://www.ubereats.com/los-angeles/food-delivery/el-incomparable-peruvian-cuisine-grenada-hills/oodnlWXkSTGshdQ_uJVLlg,granada-hills-california
https://www.ubereats.com/los-angeles/food-delivery/starbucks-rinaldi-%26-corbin/v9-G7-rsTg66B5A_1H6fwA,granada-hills-california
https://www.ubereats.com/los-angeles/food-delivery/jersey-mikes-subs-tarzana-19458-ventura-blvd/9fa8QOn_Q1KPaTgLHmYsIQ,granada-hills-california
https://www.ubereats.com/los-angeles/food-delivery/rok-n-sushi/VTncV6rxR_aUw1ryVgbg0A,granada-hills-california
https://www.ubereats.com/los-angeles/food-delivery/carls-jr-23320-lyons-ave/ThgCU7ckQ2KMwgjLGL2j8w,granada-hills-california
https://www.ubereats.com/los-angeles/food-delivery/nashville-crispy-chicken/fxR7OiQuQkmE4Pk0mRnkNQ,granada-hills-california
https://www.ubereats.com/los-angeles/food-delivery/wienerschnitzel-18420-nordhoff-st/Er3UBq_VR8qt3_YVVZo11Q,granada-hills-california
https://www.ubereats.com/los-angeles/food-delivery/la-libertad-resturante/rD27-iWoS3KK_dJoaT4wlw,granada-hills-california
https://www.ubereats.com/los-angeles/food-delivery/big-pops-bbq-%26-grill/kPHbsJxZSIa7jNtN41gKNQ,granada-hills-california
https://www.ubereats.com/los-angeles/food-delivery/antonios-kabob-%26-taco-pacoima/Y_gFb5UQSd-iOtmsJoVbdw,granada-hills-california
https://www.ubereats.com/los-angeles/food-delivery/el-pollo-loco-9800-laurel-canyon-blvd5994/pusTFgALSEOt51hef1t24Q,granada-hills-california
https://www.ubereats.com/los-angeles/food-delivery/bar-louie-northridge/N_QCTChzRo2A-NQCS4xNwg,granada-hills-california
https://www.ubereats.com/los-angeles/food-delivery/honeyfish-poke-van-nuys/qBC97ANsSQ6NvDqnsVLDnw,granada-hills-california
https://www.ubereats.com/los-angeles/food-delivery/bagel-boyz/2MFNFgA8S_yeUuMyPPo4iQ,granada-hills-california
https://www.ubereats.com/los-angeles/food-delivery/tacos-michoacan/6gFK2WCGTr2bjoGmCFJ97w,granada-hills-california
https://www.ubereats.com/los-angeles/food-delivery/just-wing-it/VYLTciqnQpG6XAIUI71V3A,granada-hills-california
https://www.ubereats.com/los-angeles/food-delivery/yoshinoya-9157-de-soto-ave/XmDreFafTam6v96eNccxhg,granada-hills-california
https://www.ubereats.com/los-angeles/food-delivery/del-taco-19309-roscoe-blvd/SxGfGy1cR5KnQUwQpp_Z0Q,granada-hills-california
https://www.ubereats.com/los-angeles/food-delivery/capriottis-9171-de-soto-ave-suite-e/6smM2u6XRVO2YafEBZOKaA,granada-hills-california
https://www.ubereats.com/los-angeles/food-delivery/el-pollo-loco-26930-sierra-hwy5978/aARCnXtoSZmVAvzebpcKRQ,granada-hills-california
https://www.ubereats.com/los-angeles/food-delivery/dr-hogly-woglys-tyler-texas-bbq/BWhxwwC7SzmrDlyzupdHtA,granada-hills-california
https://www.ubereats.com/los-angeles/food-delivery/el-pollo-loco-8301-reseda-blvd5737/TEKqRh1DTAil9epJ7eqU9A,granada-hills-california
https://www.ubereats.com/los-angeles/food-delivery/panda-express-9007-woodman-ave/DeFKOAweSMWN13sK6O68uw,granada-hills-california
https://www.ubereats.com/los-angeles/food-delivery/philhouse-canoga/cwdJhpt8QOyiI4cOdd2-Mg,granada-hills-california
https://www.ubereats.com/los-angeles/food-delivery/el-tarasco-mexican-food/7VOhebBpRRuEZ_WrDplP3Q,granada-hills-california
https://www.ubereats.com/los-angeles/food-delivery/mothership-pizza/H6e_kc3lSWm9lJxr70VfGg,granada-hills-california
https://www.ubereats.com/los-angeles/food-delivery/dolce-%26-gapasta/e7kEuap1RdWG6vWUVwUlIw,granada-hills-california
https://www.ubereats.com/los-angeles/food-delivery/el-pollo-loco-16940-nordhoff-blvd3525/AfLpUbPFSuGMdoWu-G-nrA,granada-hills-california
https://www.ubereats.com/los-angeles/food-delivery/athenian-grill/b8krwD1LRhyA3xjDX4EKcg,granada-hills-california
https://www.ubereats.com/los-angeles/food-delivery/pizzaholic/hSrHu4PeS0uJRkCG1ROhbg,granada-hills-california
https://www.ubereats.com/los-angeles/food-delivery/starbucks-balboa-%26-knollwood/890GmsfhTHWx7JAdrcffgg,granada-hills-california
https://www.ubereats.com/los-angeles/food-delivery/chipotle-mexican-grill-16959-devonshire-st/9PSH-bXKRtuCU3FqQs0blg,granada-hills-california
https://www.ubereats.com/los-angeles/food-delivery/emles/Fe2-SMvxR4ylfTNMAh4hpQ,granada-hills-california
https://www.ubereats.com/los-angeles/food-delivery/yoshinoya-13750-roscoe-blvd/XiJtLEMXRoatV-689SzggQ,granada-hills-california
https://www.ubereats.com/los-angeles/food-delivery/kfc-13720-van-nuys-blvd/c_DDPIaxSHC7KJVn8uprhw,granada-hills-california
https://www.ubereats.com/los-angeles/food-delivery/burger-king-15554-roscoe-boulevard/tgTJ2TVyTXqaouHJKW-NVw,granada-hills-california
https://www.ubereats.com/los-angeles/food-delivery/jamba-juice-9012-balboa-blvd/FeLtwuogR9uDmKSL03Uaiw,granada-hills-california
https://www.ubereats.com/los-angeles/food-delivery/barclays-coffee-and-tea/4wzo37PBSDqJoNG04hVTLw,granada-hills-california
https://www.ubereats.com/los-angeles/food-delivery/las-dunas/N3-LFuRVTLaT3FDeanNUKg,granada-hills-california
https://www.ubereats.com/los-angeles/food-delivery/jack-in-the-box-314-san-fernando-mission-blvd/SOcThorxR8q93VJlxCo8iw,granada-hills-california
https://www.ubereats.com/los-angeles/food-delivery/star-donuts/RiqWjqRtQSqmMkus1oig7w,granada-hills-california
https://www.ubereats.com/los-angeles/food-delivery/latino-grill/bDeaFkDZSt27NDL9bysiew,granada-hills-california
https://www.ubereats.com/los-angeles/food-delivery/tamales-house/lMO-FBlASIqm6GTkjUo0aw,granada-hills-california
https://www.ubereats.com/los-angeles/food-delivery/starbucks-devonshire-%26-balboa/yHiG36mUQiefS1DhTkkW2w,granada-hills-california
https://www.ubereats.com/los-angeles/food-delivery/its-juice-time/B182ZSDqSraZPCA94JXSgw,granada-hills-california
https://www.ubereats.com/los-angeles/food-delivery/arbys-27590-sierra-hwy/sePgVSZVSi-i_jWw4WbPSg,granada-hills-california
https://www.ubereats.com/los-angeles/food-delivery/travelers-coffee-cup/cm4ktb8TQhOn2_RUqgWQzg,granada-hills-california
https://www.ubereats.com/los-angeles/food-delivery/burrito-factory-granada-hills/peMPoR-tSROSjjGTj6syCQ,granada-hills-california
https://www.ubereats.com/los-angeles/food-delivery/teriyaki-madness-1240-truman-st/WJYSHBBSSI-yEssizftj2Q,granada-hills-california
https://www.ubereats.com/los-angeles/food-delivery/r-coffee-house-inc/ZjAIFvy8Tk-wF-pQUdBaSA,granada-hills-california
https://www.ubereats.com/los-angeles/food-delivery/menchies-frozen-yogurt-19755-vanowen-st/gObgUzFJRluGNGYW3MlZUQ,granada-hills-california
https://www.ubereats.com/los-angeles/food-delivery/tacosway-san-fernando/D3voO3ufTA60RdFpc-Tazg,granada-hills-california
https://www.ubereats.com/los-angeles/food-delivery/tijuana-grill-%232-saticoy/BPGqP48dQUC15uPBaFxKxg,granada-hills-california
https://www.ubereats.com/los-angeles/food-delivery/waffle-love-northridge/w2PDB9MxQkqGObgCyy_Omg,granada-hills-california
https://www.ubereats.com/los-angeles/food-delivery/top-sushi/QxiUrn7nTp2BjmgtackHgg,granada-hills-california
https://www.ubereats.com/los-angeles/food-delivery/mamicons-mexican-restaurant/9UXbIBkJRpOng7zb-hYfhg,granada-hills-california
https://www.ubereats.com/los-angeles/food-delivery/chipotle-mexican-grill-10384-sepulveda-blvd-ste-2e/UPCgE0xSSym3yhmdQ84Nlg,granada-hills-california
https://www.ubereats.com/los-angeles/food-delivery/honey-baked-ham-northridge/VQql-44wTGmllQvp3U3Klg,granada-hills-california
https://www.ubereats.com/los-angeles/food-delivery/donut-time-cafe/P9X_gF3NR0e8d4Tv-RIi4A,granada-hills-california
https://www.ubereats.com/los-angeles/food-delivery/california-pizza-kitchen-9301-tampa-ave-unit-129/G_P31BwKTIi7L7V4y9nRcw,granada-hills-california
https://www.ubereats.com/los-angeles/food-delivery/frosty-queen/iJ7UDwH3S7y0jE2OyihlbA,granada-hills-california
https://www.ubereats.com/los-angeles/food-delivery/milans-pizza/z_kshk-nRLi5hRUigRw_ZQ,granada-hills-california
https://www.ubereats.com/los-angeles/food-delivery/dennys-25341-chiquella-dr/ZjRMr6HzQhqC28IcX_nl_Q,granada-hills-california
https://www.ubereats.com/los-angeles/food-delivery/carls-jr/QrxxgrF4R1u8_Jv7LQCSrg,granada-hills-california
https://www.ubereats.com/los-angeles/food-delivery/subway-8201-topanga-canyon-blvd/Cs2rOVtbSeeWKQ-jgTWTRw,granada-hills-california
https://www.ubereats.com/los-angeles/food-delivery/bad-mutha-clucka-northridge/IHL_nA6WRcqZJ2Le5HwBHw,granada-hills-california
https://www.ubereats.com/los-angeles/food-delivery/pollos-el-incomparable/9ZeoMFFtS4a0O1OXnJ12XQ,granada-hills-california
https://www.ubereats.com/los-angeles/food-delivery/mcdonalds-12860-encinitas-ave/n0SKRMifSZ6VTCwQI_2WCQ,granada-hills-california
https://www.ubereats.com/los-angeles/food-delivery/subway-19300-rinaldi-st/LUQN4fdzQRqfDLqNyC_aig,granada-hills-california
https://www.ubereats.com/los-angeles/food-delivery/sugarfixbakery/m9hADAM2T8mSYmzkt_l36Q,granada-hills-california
https://www.ubereats.com/los-angeles/food-delivery/excuse-my-french-toast/BYwzGtcxQNmGRSQZcjsXgg,granada-hills-california
https://www.ubereats.com/los-angeles/food-delivery/kebab-grill/-2XMrXnlS0Cx_nwJ_7T9Pg,granada-hills-california
https://www.ubereats.com/los-angeles/food-delivery/lauras-restaurant/-3_DL-cKRoC1QHAxm9eKVA,granada-hills-california
https://www.ubereats.com/los-angeles/food-delivery/panda-express-8201-topanga-canyon-blvd/el8cr8wrQvuv1yqFtCPhHw,granada-hills-california
https://www.ubereats.com/los-angeles/food-delivery/mama-wongs-cusines/UJI6EvDwSo6idsFu37gEdQ,granada-hills-california
https://www.ubereats.com/los-angeles/food-delivery/carrillos/EI7H2AqiRDeo37JVd2c7yQ,granada-hills-california
https://www.ubereats.com/los-angeles/food-delivery/panda-express-18111-nordhoff-st/eq7xkKd2SNSC9ajQ0UPBtw,granada-hills-california
https://www.ubereats.com/los-angeles/food-delivery/presidente-restaurant/4MeHQMS1SeCL_aQXVYn6Ug,granada-hills-california
https://www.ubereats.com/los-angeles/food-delivery/la-lasagna-co/9DqJMPeNTUyjUd37SkiI9w,granada-hills-california
https://www.ubereats.com/los-angeles/food-delivery/cake-bash-studio/KuwI60XFQ-SwYfAE5Gpy-A,granada-hills-california
https://www.ubereats.com/los-angeles/food-delivery/carnitas-michoacan-san-fernando/6Jccnl1VRh--0MfFNTDPNw,granada-hills-california
https://www.ubereats.com/los-angeles/food-delivery/donut-king/m6BS-tFNTpGRNvR1NIZOoQ,granada-hills-california
https://www.ubereats.com/los-angeles/food-delivery/hurricane-wings-11984-foothill-blvd/fK_sAhbvR2Sc5l3QXgWMnw,granada-hills-california
https://www.ubereats.com/los-angeles/food-delivery/kabob-station/BfcMFEz7RXOWGuiaow0fHQ,granada-hills-california
https://www.ubereats.com/los-angeles/food-delivery/phuket-im-vegan/TwR-gVF6RA-T_efJKsVk-A,granada-hills-california
https://www.ubereats.com/los-angeles/food-delivery/kings-burgers-and-got-sushi/2IfjRm5GQ96-V3UW5YWnRw,granada-hills-california
https://www.ubereats.com/los-angeles/food-delivery/hawaiian-hot-chicken/-OEjraYLRDuT97IFI6-uKw,granada-hills-california
https://www.ubereats.com/los-angeles/food-delivery/burrito-loco-express/ajZDqzkORnydsrCtCMGpoA,granada-hills-california
https://www.ubereats.com/los-angeles/food-delivery/smokehouse-on-main/gHFMVgZqQcGeJAzCIwf6_w,granada-hills-california
https://www.ubereats.com/los-angeles/food-delivery/menchies-frozen-yogurt-26865-sierra-hwy/UfBn7ZIDTQ6XOUeTn0CW_g,granada-hills-california
https://www.ubereats.com/los-angeles/food-delivery/cold-stone-creamery-sepulveda-blvd/sUaaJWlVQ-aaXIA7hjgEwg,granada-hills-california
https://www.ubereats.com/los-angeles/food-delivery/chick-fil-a-18521-devonshire-st/emBIx0pfRg-L7F5An_HLLA,granada-hills-california
https://www.ubereats.com/los-angeles/food-delivery/starbucks-devonshire-%26-mason/OKvz4xjVRAK1YSLnbJoTzw,granada-hills-california
https://www.ubereats.com/los-angeles/food-delivery/big-burrito/kt_tdSr4Taym-sedQJErPA,granada-hills-california
https://www.ubereats.com/los-angeles/food-delivery/mcdonalds-northridge-roscoe-%26-white-oak/3a_7YlhkRLaSHQ_kcg7D-w,granada-hills-california
https://www.ubereats.com/los-angeles/food-delivery/earls-donut-house/DAyfdLALQzS9jINa9EgRow,granada-hills-california
https://www.ubereats.com/los-angeles/food-delivery/kopan-sushi-%26-ramen/Md6Jr4mSSoy3SJAPrcAjiA,granada-hills-california
https://www.ubereats.com/los-angeles/food-delivery/spice-up-thai-eatery/RIYDKxcbSuCDk7i8F2ysLA,granada-hills-california
https://www.ubereats.com/los-angeles/food-delivery/burger-king-20838-devonshire-st/nLgV5ugsQ0SXT3eMD442Pg,granada-hills-california
https://www.ubereats.com/los-angeles/food-delivery/main-kitchen-cafe/2bW3GCXmTGudE1cWGOy7Vw,granada-hills-california
https://www.ubereats.com/los-angeles/food-delivery/corn-chop/m7iAGv5BRCCCGgf5bZk1CQ,granada-hills-california
https://www.ubereats.com/los-angeles/food-delivery/burger-king-8500-reseda-boulevard/VCkK0hFaRyy5afoTMgi0Eg,granada-hills-california
https://www.ubereats.com/los-angeles/food-delivery/popeyes-12659-glenoaks-blvd/z7lU6xCVS1ioSD3NtG98Rw,granada-hills-california
https://www.ubereats.com/los-angeles/food-delivery/coco-ds/XE_5Ux4JQzWKHA8r5Za6Zw,granada-hills-california
https://www.ubereats.com/los-angeles/food-delivery/california-chicken-cafe-northridge/Hho8UV4qQoedXa245mSJsQ,granada-hills-california
https://www.ubereats.com/los-angeles/food-delivery/yoshinoya-18441-nordhoff-blvd/pgOwJLq7SpSE5IBudFOhaA,granada-hills-california
https://www.ubereats.com/los-angeles/food-delivery/me-gusta-gourmet-tamales/vpbYwdusQ-mI-GO0iTdgqg,granada-hills-california
https://www.ubereats.com/los-angeles/food-delivery/waba-grill-12940-foothill-blvd-san-fernando/1YWbKl_CTOy9xPaSbAV0XQ,granada-hills-california
https://www.ubereats.com/los-angeles/food-delivery/kokos-middle-eastern-restaurant/xC3OgRksQo6EtnyKbAoQpg,granada-hills-california
https://www.ubereats.com/los-angeles/food-delivery/musse/COwOSNQRTFmP9U2Ie1KnGw,granada-hills-california
https://www.ubereats.com/los-angeles/food-delivery/salata-18080-chatsworth-st-%23c/RcE8C7tyRmGmSbahCxkxvw,granada-hills-california
https://www.ubereats.com/los-angeles/food-delivery/jamba-juice-13520-paxton-s/R1CS5RRSSvO5MERTQcFtzw,granada-hills-california
https://www.ubereats.com/los-angeles/food-delivery/grandma-kims-family-diner/_qoD8IQiRNyTL-8LSJFvCg,granada-hills-california
https://www.ubereats.com/los-angeles/food-delivery/the-horseless-carriage-restaurant/5cFmA6FWTP6akyZd5QAnkw,granada-hills-california
https://www.ubereats.com/los-angeles/food-delivery/panda-express-van-nuys-17276-saticoy-st/Zyw6m6NaQ2a06Ovd8g6xVQ,granada-hills-california
https://www.ubereats.com/los-angeles/food-delivery/corner-bakery-cafe-19500-plummer-st/kXhiMt0SSsuR1kiDUnN5gA,granada-hills-california
https://www.ubereats.com/los-angeles/food-delivery/agua-chiles-sushi-bar/XjBN0k-HSoqYzqMlA4xpXA,granada-hills-california
https://www.ubereats.com/los-angeles/food-delivery/tacos-jr/Fe46nc4NSLy4-GFcUjy89w,granada-hills-california
https://www.ubereats.com/los-angeles/food-delivery/burger-king-19662-nordhoff-street/X7YxdTnVRaCINy1G-l9Myw,granada-hills-california
https://www.ubereats.com/los-angeles/food-delivery/gyu-kaku-japanese-bbq-topanga-canyon/cDZzOvHrTHyPjGtUwQc4UQ,granada-hills-california
https://www.ubereats.com/los-angeles/food-delivery/starbucks-desoto-%26-knapp/wy4XCqBATC-Z03n7TS1_SQ,granada-hills-california
https://www.ubereats.com/los-angeles/food-delivery/bad-ass-breakfast-burritos-northridge/ab2dmlruRbmQjFLgFOC9_g,granada-hills-california
https://www.ubereats.com/los-angeles/food-delivery/guidos-pizza-and-pasta/Yk3hNwAISHGY5fzPb1ly9Q,granada-hills-california
https://www.ubereats.com/los-angeles/food-delivery/indian-oven/LhGTlTr0T2KhwRd5ckG2sg,granada-hills-california
https://www.ubereats.com/los-angeles/food-delivery/teriyakiya/BA7w-cEjQlyD2OrAaMhPLQ,granada-hills-california
https://www.ubereats.com/los-angeles/food-delivery/the-wing-spot/iyBCLKp6QpW6qsNPmTeJHw,granada-hills-california
https://www.ubereats.com/los-angeles/food-delivery/gentle-chic/2OIHTlA3QnmqpeDage_tsQ,granada-hills-california
https://www.ubereats.com/los-angeles/food-delivery/blaze-pizza-7952-van-nuys-blvd/0SkPBV3pQB254-bzeeUtjQ,granada-hills-california
https://www.ubereats.com/los-angeles/food-delivery/brooklyn-calzones/MStkKibcRKeNj4-75sOstg,granada-hills-california
https://www.ubereats.com/los-angeles/food-delivery/subway-20105-sherman-way/Wb65Ii2OTkiQ5mYbupjC3Q,granada-hills-california
https://www.ubereats.com/los-angeles/food-delivery/chipotle-mexican-grill-19332-nordhoff-st/M4ajWmaFSXC2di71P-tZpQ,granada-hills-california
https://www.ubereats.com/los-angeles/food-delivery/subway-13575-glen-oaks-blvd/0maX4gpiTwGyDAk3A0fbXw,granada-hills-california
https://www.ubereats.com/los-angeles/food-delivery/mcdonalds-northridge-resda/BTOpQF13QrC1Geu5QmbmWg,granada-hills-california
https://www.ubereats.com/los-angeles/food-delivery/millies-restaurant-%26-bakery-van-nuys/HzfBkQ8SRPu0ym8j5CLBBQ,granada-hills-california
https://www.ubereats.com/los-angeles/food-delivery/fresh-grill-mediterranean-cuisine/KYLM_tV-TYC9P5ts5IBWxw,granada-hills-california
https://www.ubereats.com/los-angeles/food-delivery/subway-20942-roscoe-blvd/ICzGJHHaT6a9nEgvn_cbuQ,granada-hills-california
https://www.ubereats.com/los-angeles/food-delivery/el-pollo-loco-1125-truman-st-unit-c25948/RXC1ehrHRF6AXGN2yjVe-w,granada-hills-california
https://www.ubereats.com/los-angeles/food-delivery/green-burrito-24715-pico-canyon-rd/J9xPQ2DBSLqTqn3ZcFgK7w,granada-hills-california
https://www.ubereats.com/los-angeles/food-delivery/jamba-juice-19382-soledad-canyon-rd-%2328/_mYpueUcSdaB6lFKHEGz7w,granada-hills-california
https://www.ubereats.com/los-angeles/food-delivery/el-pollo-loco-12930-foothill-blvd5615/Gs2R_w0XQQqfznXpsOuM1w,granada-hills-california
https://www.ubereats.com/los-angeles/food-delivery/the-habit-burger-grill-10370-sepulveda-blvd-suite-3d/b7e-FObGRAKg7oRwEkZqBQ,granada-hills-california
https://www.ubereats.com/los-angeles/food-delivery/chilenazo/1B7kzsANTQGprJwf2pu7GA,granada-hills-california
https://www.ubereats.com/los-angeles/food-delivery/kop-jai-lai/fI50VgHPRoK8HhlPrsvq_Q,granada-hills-california
https://www.ubereats.com/los-angeles/food-delivery/nazca-peruvian-restaurant/RiFW_j7PQ-isL9RgGYmv1A,granada-hills-california
https://www.ubereats.com/los-angeles/food-delivery/jack-in-the-box-9433-reseda-blvd/I1EHYBVAQVygpILdvyTOAA,granada-hills-california
https://www.ubereats.com/los-angeles/food-delivery/starbucks-reseda-%26-devonshire/aGVdeI4ySPWvo56BL_ROEw,granada-hills-california
https://www.ubereats.com/los-angeles/food-delivery/waba-grill-18427-nordhoff-st-northridge/iiRJ8Jl2RFOHxHWrxurGIA,granada-hills-california
https://www.ubereats.com/los-angeles/food-delivery/ameci-pizza-%26-pasta-granada-hills/lb6q8rUxSc-C_fKV6ldVJg,granada-hills-california
https://www.ubereats.com/los-angeles/food-delivery/montys-cafe/uZqKyc-tRP-bQKBBVFe8jQ,granada-hills-california
https://www.ubereats.com/los-angeles/food-delivery/five-guys-ca-1326-8850-tampa-ave/JF75AyplQAyZaNd3SqxRAw,granada-hills-california
https://www.ubereats.com/los-angeles/food-delivery/mambo-international-kitchen/GNPKdgF9RFG1y3n26G79Ag,granada-hills-california
https://www.ubereats.com/los-angeles/food-delivery/subway-10305-zelzah-ave/dYlpfIAmRs2GULMaLClwLQ,granada-hills-california
https://www.ubereats.com/los-angeles/food-delivery/bamboo-bistro/XLoLa_dvRAeLdka4XplakA,granada-hills-california
https://www.ubereats.com/los-angeles/food-delivery/panda-express-lake-view-terrace-11990-foothill-blvd/3x2txUlUSDKUXNFlIJCq-A,granada-hills-california
https://www.ubereats.com/los-angeles/food-delivery/pick-up-stix-granada-hills/fcFQtbDpSQWQ4PYTV2yWPQ,granada-hills-california
https://www.ubereats.com/los-angeles/food-delivery/wienerschnitzel-9000-woodman-ave/A30ipkSBTcGPHU1pwm4O8A,granada-hills-california
https://www.ubereats.com/los-angeles/food-delivery/waba-grill-7135-sepulvedad-blvd-van-nuys/Rf2jK47TQcWxWkp4QpaWNA,granada-hills-california
https://www.ubereats.com/los-angeles/food-delivery/halal-house/WusthfdFTkyrzChrA6RpFw,granada-hills-california
https://www.ubereats.com/los-angeles/food-delivery/ritas-of-northridge/eWoehi82TBSrINXtM6uIeA,granada-hills-california
https://www.ubereats.com/los-angeles/food-delivery/norms-van-nuys/ACjdc-4sRFKLaz-QCcIptw,granada-hills-california
https://www.ubereats.com/los-angeles/food-delivery/fire-grill/q14NpfAgRBG8nVxz_A4Mow,granada-hills-california
https://www.ubereats.com/los-angeles/food-delivery/pizza-man-van-nuys/0tbcdKNrQVOuVhjjp6EtWw,granada-hills-california
https://www.ubereats.com/los-angeles/food-delivery/mcdonalds-pacoima-van-nuys/csnnKQ8HTuqYuCLYq4iREw,granada-hills-california
https://www.ubereats.com/los-angeles/food-delivery/vanak-bakery/SJ_gZocxRRa2LBeIADXmQA,granada-hills-california
https://www.ubereats.com/los-angeles/food-delivery/izzy-cafe/RicLm2bZROCqBW8J9M-8Zw,granada-hills-california
https://www.ubereats.com/los-angeles/food-delivery/del-taco-18070-chatsworth-st/oDP_w1dIToGy_Jx-zqJzUA,granada-hills-california
https://www.ubereats.com/los-angeles/food-delivery/jersey-mikes-subs-10388-sepulveda-blvd/zs5YbkFmT3qJvetIVGtMRw,granada-hills-california
https://www.ubereats.com/los-angeles/food-delivery/panda-express-15303-roscoe-blvd/ioGyJldgSYeusNRaH72o-A,granada-hills-california
https://www.ubereats.com/los-angeles/food-delivery/eatnakedla/1D7Qv7aPSFGlVrDwvEaYXQ,granada-hills-california
https://www.ubereats.com/los-angeles/food-delivery/thai-valley-restaurant/DIzV9KIGQq61OU9exTIP0w,granada-hills-california
https://www.ubereats.com/los-angeles/food-delivery/poke-bar-9301-tampa-ave-unit-fc6/LrqLVUd2Qw2nGMl39z94EA,granada-hills-california
https://www.ubereats.com/los-angeles/food-delivery/milans-pizza-cafe/FzObD20CQ9yiJ9sNao1nqA,granada-hills-california
https://www.ubereats.com/los-angeles/food-delivery/el-pollo-loco-10651-balboa-blvd3532/KwzxMrTcSCygWirvlOJ0xw,granada-hills-california
https://www.ubereats.com/los-angeles/food-delivery/el-camaronero-restaurant-2/6ky0CLiZQAmp-kVlHxeesQ,granada-hills-california
https://www.ubereats.com/los-angeles/food-delivery/carls-jr-20425-newhall-ave/fuAgXM5fTKOLGYBb5WkdXA,granada-hills-california
https://www.ubereats.com/los-angeles/food-delivery/viva-la-fiesta-mexican-restaurant/vJVeUEF_QgyzyOE8afsCPQ,granada-hills-california
https://www.ubereats.com/los-angeles/food-delivery/subway-11220-laurel-canyon-blvd/obVR2lg9QGiOcMZYjxUUzA,granada-hills-california
https://www.ubereats.com/los-angeles/food-delivery/pick-up-stix-porter-ranch/JGmM5_oRQLe7yKWVcfiEaw,granada-hills-california
https://www.ubereats.com/los-angeles/food-delivery/fresh-grill-mediterranean-cuisine/oEH3k4ylTcmM8Wci4tLNbQ,granada-hills-california
https://www.ubereats.com/los-angeles/food-delivery/sabroso-mexican-restaurant/HkP04AEyR0mun0GxIgCDXQ,granada-hills-california
https://www.ubereats.com/los-angeles/food-delivery/mcdonalds-northridge-balboa-%26-lassen/y6xYQfBORI2VbyzXQ82sqA,granada-hills-california
https://www.ubereats.com/los-angeles/food-delivery/ikes-love-%26-sandwiches-northridge/UlhMxDNwQe-aA6zC2MwXew,granada-hills-california
https://www.ubereats.com/los-angeles/food-delivery/ay-papa-que-rico-arleta/r26OIErrQPq9u3t2Gs44vg,granada-hills-california
https://www.ubereats.com/los-angeles/food-delivery/heavenly-pancakes/BLAcStMqTB-9b_aj0Q5kkQ,granada-hills-california
https://www.ubereats.com/los-angeles/food-delivery/f*cking-good-pizza/y6jkuIuXSBOETtdhv0Zf_A,granada-hills-california
https://www.ubereats.com/los-angeles/food-delivery/el-de-oro%3A-burritos-dorados/H3pfNPsdTp6H1YmUtFbbmw,granada-hills-california
https://www.ubereats.com/los-angeles/food-delivery/indian-by-nature/8SNI57vRR4CvPYyEBH4tLw,granada-hills-california
https://www.ubereats.com/los-angeles/food-delivery/damores-pizza-canoga-park/k3FnhikwT7Cjf1dN2TadUg,granada-hills-california
https://www.ubereats.com/los-angeles/food-delivery/lima-limon-peruvian-restaurant/6Raj4wUjTH6NwWw6_vhmcQ,granada-hills-california
https://www.ubereats.com/los-angeles/food-delivery/mercado-buenos-aires-van-nuys/HuYP7U42QdKEU1BnHBiwkw,granada-hills-california
https://www.ubereats.com/los-angeles/food-delivery/c~viche-express/oHFBXt-CRxyaDnpGVlYgUg,granada-hills-california
https://www.ubereats.com/los-angeles/food-delivery/burgerim-9034-tampa-ave/_qa_L7jVSkaaxhb7rcGdgg,granada-hills-california
https://www.ubereats.com/los-angeles/food-delivery/jersey-mikes-14523-sherman-way/Rk1WzNGbT46ENAJcSPbtCg,granada-hills-california
https://www.ubereats.com/los-angeles/food-delivery/la-michoacana-vip/Zk5qHU6jR56WjbJOaExZgg,granada-hills-california
https://www.ubereats.com/los-angeles/food-delivery/ichiban-sushi-%26-bar/SSFugl8EQyqLzEvZdvo-Sw,granada-hills-california
https://www.ubereats.com/los-angeles/food-delivery/taps-valley-gastropub/jgAN7WOpTGSrhmfRTEZQAw,granada-hills-california
https://www.ubereats.com/los-angeles/food-delivery/corny-boyz/9hNtt0eaTaGMdxLF5yJ4vA,granada-hills-california
https://www.ubereats.com/los-angeles/food-delivery/tacosway-sherman-way/A7DSR5q6Thektn_hZlxKPQ,granada-hills-california
https://www.ubereats.com/los-angeles/food-delivery/cha-cha-chicken-northridge/e7_WBT9oQUGKO7drWRdabg,granada-hills-california
https://www.ubereats.com/los-angeles/food-delivery/new-york-style-chicken-%26-gyro/8NFL8Pw9TO6q9AgcZ_b-Uw,granada-hills-california
https://www.ubereats.com/los-angeles/food-delivery/aji-teppanyaki/4h2U79HUSd-xKZQufyfLeg,granada-hills-california
https://www.ubereats.com/los-angeles/food-delivery/bjs-restaurant-%26-brewhouse-6424-canoga-avenue/_mjPQF_sT1KMsKjFJUgysA,granada-hills-california
https://www.ubereats.com/los-angeles/food-delivery/el-pollo-loco-8239-topanga-canyon-rd5462/AC2vOjZ7Riq_Aroyk4dqRg,granada-hills-california
https://www.ubereats.com/los-angeles/food-delivery/carnitas-michoacan/plCtPpn7QxmKWOhL2lLAqg,granada-hills-california
https://www.ubereats.com/los-angeles/food-delivery/gyromania/vQMvXg0PS0GCbnhxBOVhsQ,granada-hills-california
https://www.ubereats.com/los-angeles/food-delivery/wtf-is-a-quesarito!/pFlcAhnsSaeyw99IQrypJA,granada-hills-california
https://www.ubereats.com/los-angeles/food-delivery/phat-philly-cheesesteaks/ylfKyQnSToiFIgLeGi7bcA,granada-hills-california
https://www.ubereats.com/los-angeles/food-delivery/el-pollo-loco-20780-nordhoff-st6111/YhWqonlRRMWnljAHRCoXsw,granada-hills-california
https://www.ubereats.com/los-angeles/food-delivery/fire-ass-thai/DgKuAGEDTAiuNtEBqPRVog,granada-hills-california
https://www.ubereats.com/los-angeles/food-delivery/oishi-japanese-cuisine/4D0UyyE6SDGmVFmtxI2v1Q,granada-hills-california
https://www.ubereats.com/los-angeles/food-delivery/bear-pit/FJTySy9pRW-FRDYWzrRpRA,granada-hills-california
https://www.ubereats.com/los-angeles/food-delivery/the-burger-spot/i27ut1TbR5u9fNj-me-9IQ,granada-hills-california
https://www.ubereats.com/los-angeles/food-delivery/el-tijuanazo/MtyEAf36QSGLpi1Nk1k6vg,granada-hills-california
https://www.ubereats.com/los-angeles/food-delivery/wienerschnitzel-20925-sherman-way/i6PsXrwFSTCdnWcU_WrRxg,granada-hills-california
https://www.ubereats.com/los-angeles/food-delivery/numero-uno-pizza-granada-hills/vwhGkEStT12hOAUxqigMdg,granada-hills-california
https://www.ubereats.com/los-angeles/food-delivery/buffalo-wild-wings-9301-tampa-ave/4uTqXyzpTXeHnl7-fvO_6w,granada-hills-california
https://www.ubereats.com/los-angeles/food-delivery/bcd-tofu-house-saticoy-%26-reseda/h5IfAewkQ5-81m0G1HROog,granada-hills-california
https://www.ubereats.com/los-angeles/food-delivery/mcdonalds-balboa-parthenia/2su_8Xs1R2G9nwtEG6fLVg,granada-hills-california
https://www.ubereats.com/los-angeles/food-delivery/stone-oven-gourmet-sandwiches-%26-salads-northridge/J6FUb6YPTt2NBUCMYsutHw,granada-hills-california
https://www.ubereats.com/los-angeles/food-delivery/sakana-burritos/CWwoRNTlSN-kCN73GvGEvQ,granada-hills-california
https://www.ubereats.com/los-angeles/food-delivery/popeyes-7608-sepulveda-blvd/uOXqg63ESlKs-fsmsN83Mg,granada-hills-california
https://www.ubereats.com/los-angeles/food-delivery/tacoswow/lUakgrczRhuKBLBGSqXIyg,granada-hills-california
https://www.ubereats.com/los-angeles/food-delivery/daniels-tacos-15307-parthenia-st/KrS3QDn6RLi_o3GEAU6C6A,granada-hills-california
https://www.ubereats.com/los-angeles/food-delivery/panda-express-granada-hills-18080-chatsworth-st/dyL6KacCRDaJxK6OgI9Ukg,granada-hills-california
https://www.ubereats.com/los-angeles/food-delivery/mad-bee-cafe/QZAjmsr-QjiTtbdlUaTXMg,granada-hills-california
https://www.ubereats.com/los-angeles/food-delivery/senor-sol-restaurante/U8QggBSUSDuGlTlNhGgZ0Q,granada-hills-california
https://www.ubereats.com/los-angeles/food-delivery/chopspoon/6tkjFjEBT5qkQYZ-uem3MQ,granada-hills-california
https://www.ubereats.com/los-angeles/food-delivery/mcdonalds-van-nuys-sepulveda-sherman/gvNfFG1eRF-H_4987YJrPQ,granada-hills-california
https://www.ubereats.com/los-angeles/food-delivery/hanabishi-by-kyushu-ramen/E6FZ18EKTxeM6sQPKf1Eyg,granada-hills-california
https://www.ubereats.com/los-angeles/food-delivery/pozis-fresh-grill/uaLfOhF9QTGoHcHlgqm0yw,granada-hills-california
https://www.ubereats.com/los-angeles/food-delivery/noahs-ark-cuisine/iLWIkbQhSJGD9C59FV_wcw,granada-hills-california
https://www.ubereats.com/los-angeles/food-delivery/birrieria-gonzalez/gmumIcuoQHaRR788JB-APA,granada-hills-california
https://www.ubereats.com/los-angeles/food-delivery/tacos-vallarta/K_ja5PIjQ6a-1zutFg99ZA,granada-hills-california
https://www.ubereats.com/los-angeles/food-delivery/buon-gusto-ristorante/k1SDkiJoSza-YGbrHwyLWA,granada-hills-california
https://www.ubereats.com/los-angeles/food-delivery/fishbowl-poke-co/vRpcoBfFRhKYear70_Qdjg,granada-hills-california
https://www.ubereats.com/los-angeles/food-delivery/fratellis-italian-kitchen/z6DP5DONRqKRB917M_ckLQ,granada-hills-california
https://www.ubereats.com/los-angeles/food-delivery/kitchen-kebab/85bS-Vp4R6mdmC8a8qrWAw,granada-hills-california
https://www.ubereats.com/los-angeles/food-delivery/goldstar-doughnuts/ruIwmpAdS8K1UUKYKlScWA,granada-hills-california
https://www.ubereats.com/los-angeles/food-delivery/salad-farm-chatsworth/1drX7ms0TLWejPsXL0wgJw,granada-hills-california
https://www.ubereats.com/los-angeles/food-delivery/pressed-juicery-hub-van-nuys/WJPipIX2TJ29WpCusf8esQ,granada-hills-california
https://www.ubereats.com/los-angeles/food-delivery/jamba-juice-25888-the-old-rd/2bHvUKtVR6G4woNP39xdXw,granada-hills-california
https://www.ubereats.com/los-angeles/food-delivery/maine-street-lobster/27duwP5rSDi3s7uZYoxmww,granada-hills-california
https://www.ubereats.com/los-angeles/food-delivery/la-pizza-panorama/vCNO48roSh6S624tRtLXNA,granada-hills-california
https://www.ubereats.com/los-angeles/food-delivery/burger-king-12781-van-nuys-boulevard/swQUzqXSTz-leGJYvleEew,granada-hills-california
https://www.ubereats.com/los-angeles/food-delivery/viet-kitchen/v-8PO0Z9Tw6E9bEUhcoPIg,granada-hills-california
https://www.ubereats.com/los-angeles/food-delivery/popeyes-13746-van-nuys-blvd/GFOdkvHBS82vVCFjr8jZKg,granada-hills-california
https://www.ubereats.com/los-angeles/food-delivery/yoshinoya-12902-foothill-blvd/Tv_fl9W5TViirAhOlzqjlQ,granada-hills-california
https://www.ubereats.com/los-angeles/food-delivery/costa-azul-mix/UjFRlZlOSDWDJbawWTWm_A,granada-hills-california
https://www.ubereats.com/los-angeles/food-delivery/dennys-9001-tampa-ave/qsk4LeA1RKuKPspIPII0JQ,granada-hills-california
https://www.ubereats.com/los-angeles/food-delivery/wendys-18507-devonshire-street/JawlV4cxQFK3cMrlul48Ng,granada-hills-california
https://www.ubereats.com/los-angeles/food-delivery/el-super-arleta/xQH9sIlBQ1K5yA821BBBug,granada-hills-california
https://www.ubereats.com/los-angeles/food-delivery/chipotle-mexican-grill-1100-truman-st/A_Qhuw6pQn-Xgeus4_dbMg,granada-hills-california
https://www.ubereats.com/los-angeles/food-delivery/the-flame-broiler-19350-nordhoff-st/s049z5j1Qy-NGfLV4yu4DA,granada-hills-california
https://www.ubereats.com/los-angeles/food-delivery/waba-grill-19126-soledad-canyon-rd-santa-clarita/h0fnkGjGRneZqV_KnN3aUQ,granada-hills-california
https://www.ubereats.com/los-angeles/food-delivery/sylmars-fix/kpHmMpx7SOqkXA9WTy5Xnw,granada-hills-california
https://www.ubereats.com/los-angeles/food-delivery/the-flame-broiler-10364-mason-ave/rsrD1upaRPimh8T9lx3iDg,granada-hills-california
https://www.ubereats.com/los-angeles/food-delivery/tacos-los-toritos-soledad-canyon/ubvja7GYSbedRbjVqmu6xw,granada-hills-california
https://www.ubereats.com/los-angeles/food-delivery/tacos-el-gordo/0cVJQHXHSeORl-XxWXS1Sw,granada-hills-california
https://www.ubereats.com/los-angeles/food-delivery/burrito-clasico/bmmOHHVrTEmbjSLcG-Wu-Q,granada-hills-california
https://www.ubereats.com/los-angeles/food-delivery/thai-thai-thai/AHY6YoTtSPCYl2s5Gqk1-w,granada-hills-california
https://www.ubereats.com/los-angeles/food-delivery/the-pupusa-company/KF9xRKxBToiEdEsBMYTYqA,granada-hills-california
https://www.ubereats.com/los-angeles/food-delivery/subway-10118-san-fernando-rd/2-JQ3ZJbRn6WeQt6eBfgCA,granada-hills-california
https://www.ubereats.com/los-angeles/food-delivery/jack-in-the-box-13648-van-nuys-blvd/RTXYYnLmRzy28h0OyrvfUQ,granada-hills-california
https://www.ubereats.com/los-angeles/food-delivery/dennys-17018-devonshire-st/1xEyfQIkRWGVqUoZmhycuw,granada-hills-california
https://www.ubereats.com/los-angeles/food-delivery/o-tofu-house/ZGvoIWgoSe-nrwIHOuptdw,granada-hills-california
https://www.ubereats.com/los-angeles/food-delivery/poquito-mas-chatsworth/D_MUBLUGQiSL9ZW6rWT4Ug,granada-hills-california
https://www.ubereats.com/los-angeles/food-delivery/subway-18456-dearborne/B5YFfhnSRua_tivjjPPxBw,granada-hills-california
https://www.ubereats.com/los-angeles/food-delivery/wendys-14645-roscoe-blvd/66rM5Lw6RmSlyvuxO-5mgw,granada-hills-california
https://www.ubereats.com/los-angeles/food-delivery/hanabi-sushi-and-teriyaki/3OahcQoXSTiBM079m1CqcQ,granada-hills-california
https://www.ubereats.com/los-angeles/food-delivery/chop-stop-north-hills/w5TfqzQfQTGG31gKoDPouQ,granada-hills-california
https://www.ubereats.com/los-angeles/food-delivery/chipotle-mexican-grill-8420-balboa-blvd/bO5KIZAFTguJo5nb8QXzAQ,granada-hills-california
https://www.ubereats.com/los-angeles/food-delivery/khun-moo-thai-kitchen/BSZu72s5QMOWGwY_CDzmLQ,granada-hills-california
https://www.ubereats.com/los-angeles/food-delivery/baja-fresh-northridge/YbcZjvrdTq-lvG0cle242Q,granada-hills-california
https://www.ubereats.com/los-angeles/food-delivery/yoshinoya-317-san-fernando-mission-bl/7A7SdED-RPyjIN94w1QHdQ,granada-hills-california
https://www.ubereats.com/los-angeles/food-delivery/dennys-7600-reseda-blvd/-qqO6TiHT5KfyoNgymSsCw,granada-hills-california
https://www.ubereats.com/los-angeles/food-delivery/belgium-waffle-haus/EPRNyBOTQJ60LZ5CLtaIUA,granada-hills-california
https://www.ubereats.com/los-angeles/food-delivery/subway-6411-sepulveda-blvd/wDSUoqVIQYyR1R-i69mDHw,granada-hills-california
https://www.ubereats.com/los-angeles/food-delivery/el-pollo-loco-17240-saticoy-st3457/OMOwv3N8TAS7VYHwEUMaqw,granada-hills-california
https://www.ubereats.com/los-angeles/food-delivery/jasmine-thai-winnetka/GWlHxOvOT368oRsPJIFO2w,granada-hills-california
