url,city
https://www.ubereats.com/inland-empire/food-delivery/la-michoacana-delicious-ice-cream/5JXCDM1cR1GY2RkNPc6oxA,grand-terrace-california
https://www.ubereats.com/palm-springs/food-delivery/riverside-cookie-shoppe/rYSbp8NXRyW52TjffDJRaw,grand-terrace-california
https://www.ubereats.com/inland-empire/food-delivery/simplee-boba-loma-linda/7ZcYknzMQwm9qccfTCYmZA,grand-terrace-california
https://www.ubereats.com/palm-springs/food-delivery/black-angus-steakhouse-san-bernardino/_JEU2sMCRhKJcHScBYqyxA,grand-terrace-california
https://www.ubereats.com/inland-empire/food-delivery/jack-in-the-box-11020-s-highland-avenue/jaD9_qxhRHWslgv4_BRRJw,grand-terrace-california
https://www.ubereats.com/inland-empire/food-delivery/la-morenita-tacos-y-jugos/i97YIBZkRzyobCJQOYgcSg,grand-terrace-california
https://www.ubereats.com/palm-springs/food-delivery/sizzler/n2YwPL4SSB6N7QsnF4sobA,grand-terrace-california
https://www.ubereats.com/inland-empire/food-delivery/greedy-cat-%E9%A6%8B%E7%8C%AB%E7%83%A4%E9%B1%BC/i4TiR6_cQzijWWGSLG3MHQ,grand-terrace-california
https://www.ubereats.com/palm-springs/food-delivery/baja-california-bar-%26-grill-fontana/jLyMjPM3QR603rOAAOdP4A,grand-terrace-california
https://www.ubereats.com/palm-springs/food-delivery/culichi-town-moreno-valley/4Z6Oqa_QQ8aenWtBADEgOQ,grand-terrace-california
https://www.ubereats.com/inland-empire/food-delivery/el-pollo-loco-12821-moreno-beach-dr6023/3-cxkSEuTReVYWVaCh7pUQ,grand-terrace-california
https://www.ubereats.com/palm-springs/food-delivery/amapola-rico-taco-baseline/NuQAI9waRtu7nrYAHvUrfQ,grand-terrace-california
https://www.ubereats.com/inland-empire/food-delivery/the-ice-cream-shop/OB15eIIJQ2GKrw9gjP6XMw,grand-terrace-california
https://www.ubereats.com/inland-empire/food-delivery/the-9th-street-eatery/5qk-UU7yQTq92lEo6nXyFw,grand-terrace-california
https://www.ubereats.com/inland-empire/food-delivery/burger-king-120-west-valley-boulevard/_SFThcpMSbKLcVNsrncp3Q,grand-terrace-california
https://www.ubereats.com/inland-empire/food-delivery/jack-in-the-box-5126-arlington-ave/mKTzdjNfSayNw_a_VeF7xA,grand-terrace-california
https://www.ubereats.com/palm-springs/food-delivery/amagi-sushi/l2F_1w3YSZqYUXgw8_dDXg,grand-terrace-california
https://www.ubereats.com/palm-springs/food-delivery/farmer-boys-mountain-view-ave/oDGzgbG3QX-zKe85F_DJpA,grand-terrace-california
https://www.ubereats.com/inland-empire/food-delivery/starbucks-25775-barton-road/62XVOEX5R0mF4nKWxuUQEw,grand-terrace-california
https://www.ubereats.com/palm-springs/food-delivery/pieology-pizzeria-rialto/R2AGlkwyRa-PkL5AylWXzA,grand-terrace-california
https://www.ubereats.com/palm-springs/food-delivery/pig-pen-delicacy-riverside/D-nAo27QR1O2RayA0Bx03w,grand-terrace-california
https://www.ubereats.com/inland-empire/food-delivery/daves-new-york-pizza/8-98ayt7SzGLgJZm27kJCw,grand-terrace-california
https://www.ubereats.com/inland-empire/food-delivery/pieology-pizzeria-rialto/R2AGlkwyRa-PkL5AylWXzA,grand-terrace-california
https://www.ubereats.com/palm-springs/food-delivery/pizza-fuego-san-bernardino/kGN85WD6StmSgRaU9WkMIw,grand-terrace-california
https://www.ubereats.com/inland-empire/food-delivery/el-super-san-bernardino-mt-vernon-39/TGmCVba0RDmx-MSkU_tiVw,grand-terrace-california
https://www.ubereats.com/palm-springs/food-delivery/five-guys-ca-1333-12515-frederick-st/WSgvDTZ1Q-mXsV6suRs9uw,grand-terrace-california
https://www.ubereats.com/inland-empire/food-delivery/kimchichanga/kPVbSwv8Smqt4UHhJnX9RQ,grand-terrace-california
https://www.ubereats.com/palm-springs/food-delivery/simply-cakes-etc-bakery/jmFSs-5XTQaBw9x1UX-LlA,grand-terrace-california
https://www.ubereats.com/palm-springs/food-delivery/carls-jr-1505-e-highland-ave/hFcKl9uLTqmF9xmLuIFRbw,grand-terrace-california
https://www.ubereats.com/palm-springs/food-delivery/soho-ramen/aXbKxjK_R6qg1yvMua2lRg,grand-terrace-california
https://www.ubereats.com/inland-empire/food-delivery/del-taco-23573-sunnymead-ranch-pkwy/H605Q4EqTP6JerXOqC37kg,grand-terrace-california
https://www.ubereats.com/inland-empire/food-delivery/del-taco-2665-s-waterman-ave/CuOyaMpKSq6PQjjkAEy--g,grand-terrace-california
https://www.ubereats.com/inland-empire/food-delivery/kfc-%2346-4694-university-pkwy/XcWqpEoyRuWolMnUWY3x3Q,grand-terrace-california
https://www.ubereats.com/inland-empire/food-delivery/nickelodeon-pizza/yZMHxMXITP-Qq8leBtwqdQ,grand-terrace-california
https://www.ubereats.com/inland-empire/food-delivery/del-taco-1177-west-la-cadena-drive/iv4i8my3QOKMVIzsnVXoeg,grand-terrace-california
https://www.ubereats.com/inland-empire/food-delivery/ihop-2575-highland-ave/xi5ttCaiTa2YaMdaRK5DZg,grand-terrace-california
https://www.ubereats.com/inland-empire/food-delivery/ihop-24318-hemlock/CRVGddUBQvK47orCGNoYDQ,grand-terrace-california
https://www.ubereats.com/palm-springs/food-delivery/el-super-san-bernardino-9th-37/W2TJELUSSy2gTox2G6lljg,grand-terrace-california
https://www.ubereats.com/palm-springs/food-delivery/zero-degrees-riverside/ZWRcvfzNTpinjOMMdc0FHA,grand-terrace-california
https://www.ubereats.com/inland-empire/food-delivery/california-pizza-kitchen-3540-riverside-plaza-ste-%23308/xo50G-JZRFaC_h2a4N3DrQ,grand-terrace-california
https://www.ubereats.com/inland-empire/food-delivery/krispy-krunchy-chicken-6290-mission-blvd/xXL943FGRuWttaX1oCv02A,grand-terrace-california
https://www.ubereats.com/palm-springs/food-delivery/frice/gumQpWcbTB-Kl4BwSlo04A,grand-terrace-california
https://www.ubereats.com/inland-empire/food-delivery/calis-sushi-%26-seafood/SSimpy3IQFOF0pxGBi9S6A,grand-terrace-california
https://www.ubereats.com/inland-empire/food-delivery/jack-in-the-box-1115-w-la-cadena-dr/Sp-iECYORq6fZeR4E5eg9Q,grand-terrace-california
https://www.ubereats.com/palm-springs/food-delivery/mollys-cafe/HyUvZgPyQBegByD9m88j7w,grand-terrace-california
https://www.ubereats.com/palm-springs/food-delivery/starbucks-10067-sierra-avenue/xz6L8sjySlCFpW8WERUE9A,grand-terrace-california
https://www.ubereats.com/inland-empire/food-delivery/la-michoacana-signature-treats-rialto/2NlNj1auRtOK5VKDkiW3GQ,grand-terrace-california
https://www.ubereats.com/inland-empire/food-delivery/island-breeze-jamaican-cuisine/g-wvMuCyTHSUXXCJrTmNew,grand-terrace-california
https://www.ubereats.com/palm-springs/food-delivery/papa-johns-8022-limonite-ave/a2_G9tk3TyeQYUsl3ULmOA,grand-terrace-california
https://www.ubereats.com/palm-springs/food-delivery/cherry-on-top/VzpUCTEtQ061PoES6c7InQ,grand-terrace-california
https://www.ubereats.com/inland-empire/food-delivery/nekter-juice-bar-riverside/15FQIWPPQhG3HiaZRzMpYw,grand-terrace-california
https://www.ubereats.com/inland-empire/food-delivery/mcdonalds-1615-s-riverside/0CEcrk0gQuCipA213ZgfXw,grand-terrace-california
https://www.ubereats.com/palm-springs/food-delivery/bjs-restaurant-%26-brewhouse-1045-e-harriman-place/cqTssynqRMizLTEI9pFP2Q,grand-terrace-california
https://www.ubereats.com/inland-empire/food-delivery/waba-grill-8882-limonite-ave-riverside/AiwCNzZiQZGGRAGx1kgVKQ,grand-terrace-california
https://www.ubereats.com/palm-springs/food-delivery/chipotle-mexican-grill-27511-san-bernardino-ave/_Y7xvcfjQfG2p6J32R367Q,grand-terrace-california
https://www.ubereats.com/inland-empire/food-delivery/cherry-on-top/VzpUCTEtQ061PoES6c7InQ,grand-terrace-california
https://www.ubereats.com/inland-empire/food-delivery/subway-1130-n-pepper-ave-%23a/U4fr7y9LRC655bLXpIkz-A,grand-terrace-california
https://www.ubereats.com/inland-empire/food-delivery/mcdonalds-100-e-redlands-blvd/IHkddYRVSDydIIvwgyPj3g,grand-terrace-california
https://www.ubereats.com/inland-empire/food-delivery/mariscos-las-reynitas/2eQyqzZqSUeybkJTjNbCfQ,grand-terrace-california
https://www.ubereats.com/palm-springs/food-delivery/kimchichanga/kPVbSwv8Smqt4UHhJnX9RQ,grand-terrace-california
https://www.ubereats.com/inland-empire/food-delivery/toms-%231-worlds-famous-chiliburgers/YXSc97JfSG-csp83Gc5w-A,grand-terrace-california
https://www.ubereats.com/inland-empire/food-delivery/wienerschnitzel-1961-redlands-blvd/5TZoYxEoSqC6rk2uA_iI1w,grand-terrace-california
https://www.ubereats.com/inland-empire/food-delivery/alamillas-mexican-food/fvD6I-J2TGS0hXxJT0lFbQ,grand-terrace-california
https://www.ubereats.com/inland-empire/food-delivery/dairy-queen-grill-%26-chill-18525-valley-blvd/ZbauseIyR4KWotKhgIIYhA,grand-terrace-california
https://www.ubereats.com/palm-springs/food-delivery/ajs-bagels/bECzcvqiSF2SItKI8YCOJQ,grand-terrace-california
https://www.ubereats.com/inland-empire/food-delivery/jack-in-the-box-1371-blaine-st/AWvqIffLQWWbCy56qzNeXw,grand-terrace-california
https://www.ubereats.com/inland-empire/food-delivery/churchs-chicken-1886-university-avenue/xXGFFk5RTG635YhhmlpFuQ,grand-terrace-california
https://www.ubereats.com/inland-empire/food-delivery/miguels-jr-rialto/_DIVMR4MSJm0cIAK05ogWg,grand-terrace-california
https://www.ubereats.com/palm-springs/food-delivery/mirchi/zQQUqpOASeWLijyfS9ugow,grand-terrace-california
https://www.ubereats.com/inland-empire/food-delivery/wienerschnitzel-1246-university-avenue/5-KXCGeqQn2l4B1itYb0qQ,grand-terrace-california
https://www.ubereats.com/inland-empire/food-delivery/la-baja-burger/RnXZrs58SriiPnrrirOnZQ,grand-terrace-california
https://www.ubereats.com/inland-empire/food-delivery/fufus-mediterranean-grill/X0lEmjkmQ_a48UHYK-ZHDg,grand-terrace-california
https://www.ubereats.com/inland-empire/food-delivery/taqueria-mi-ranchito-alegre/DSh820WfTtqG2ydBVg760w,grand-terrace-california
https://www.ubereats.com/inland-empire/food-delivery/mcdonalds-23831-sunnymead-blvd/wQk26DASRIiljarWdMTLAw,grand-terrace-california
https://www.ubereats.com/inland-empire/food-delivery/hooters-6225-valley-springs-pkwy/CYM-cgETTA6nGqxofjbxtA,grand-terrace-california
https://www.ubereats.com/palm-springs/food-delivery/wienerschnitzel-801-w-valley-blvd/dvN1dWP6RTm_uqdxp0Y9Bg,grand-terrace-california
https://www.ubereats.com/inland-empire/food-delivery/baguette-bakery-%26-cafe/3RMXhiDRSPaNUdVKKpLYVA,grand-terrace-california
https://www.ubereats.com/inland-empire/food-delivery/freshii-inland-empire/CanfvMzMTAOpSwvozno6gg,grand-terrace-california
https://www.ubereats.com/palm-springs/food-delivery/black-bear-diner-24949-sunnymead-boulevard/fJ2sJAAWR9iYCs1-UHisoQ,grand-terrace-california
https://www.ubereats.com/inland-empire/food-delivery/albertos-mexican-food/WA-mWJp6QZOpeXLISa2uSg,grand-terrace-california
https://www.ubereats.com/inland-empire/food-delivery/chipotle-mexican-grill-27511-san-bernardino-ave/_Y7xvcfjQfG2p6J32R367Q,grand-terrace-california
https://www.ubereats.com/palm-springs/food-delivery/elias-pita-riverside/Zw5kjDiPSeiJgXFsw8yE0Q,grand-terrace-california
https://www.ubereats.com/inland-empire/food-delivery/dairy-queen-grill-%26-chill-664-e-redlands-blvd/Yv0KYqCWTU6xbLLUwYv3tw,grand-terrace-california
https://www.ubereats.com/palm-springs/food-delivery/la-michoacana-s-mt-vernon-ave/BHcYY_ccQbS16dlGCgbn-g,grand-terrace-california
https://www.ubereats.com/palm-springs/food-delivery/manna-grill/_tz8vloJSfu-DIkSkYCTKw,grand-terrace-california
https://www.ubereats.com/inland-empire/food-delivery/zero-degrees-riverside/ZWRcvfzNTpinjOMMdc0FHA,grand-terrace-california
https://www.ubereats.com/inland-empire/food-delivery/coffee-nutzz/B6-pE6wzQc2kyjaQYvXZpw,grand-terrace-california
https://www.ubereats.com/palm-springs/food-delivery/bloom-%26-butter/a9NFJEiZQZ2BXJoGPhUedQ,grand-terrace-california
https://www.ubereats.com/inland-empire/food-delivery/farmer-boys-s-riverside-ave/elaKFyCoSyuY0uwY_zo-8A,grand-terrace-california
https://www.ubereats.com/inland-empire/food-delivery/golden-pizza/_hTdzS7AR-qu-LX8kv51Zg,grand-terrace-california
https://www.ubereats.com/inland-empire/food-delivery/chipotle-mexican-grill-12625-frederick-st/vWM3MOWPRtaqkschryz4Vw,grand-terrace-california
https://www.ubereats.com/inland-empire/food-delivery/black-bear-diner-24949-sunnymead-boulevard/fJ2sJAAWR9iYCs1-UHisoQ,grand-terrace-california
https://www.ubereats.com/palm-springs/food-delivery/coffee-nutzz/B6-pE6wzQc2kyjaQYvXZpw,grand-terrace-california
https://www.ubereats.com/inland-empire/food-delivery/golden-pizza/QUOJpgLfRi-ezPMyyR1wYg,grand-terrace-california
https://www.ubereats.com/palm-springs/food-delivery/himalayan-eatery/9aTT34ZwTT25YdaQG9sQDQ,grand-terrace-california
https://www.ubereats.com/palm-springs/food-delivery/hot-dog-on-a-stick-110-inland-ctr/C8P92-wTTpWSHUnWXs6bAA,grand-terrace-california
https://www.ubereats.com/palm-springs/food-delivery/pi-grill/5KZgwxX0QQ2i8BT-gC0Tbg,grand-terrace-california
https://www.ubereats.com/inland-empire/food-delivery/bjs-restaurant-%26-brewhouse-1045-e-harriman-place/cqTssynqRMizLTEI9pFP2Q,grand-terrace-california
https://www.ubereats.com/inland-empire/food-delivery/chipotle-mexican-grill-635-orange-st/BiwcDV98THWpN0BUCzvoyQ,grand-terrace-california
https://www.ubereats.com/palm-springs/food-delivery/kung-fu-pho/Rf_Ko2YXQue4tTymfZfWnA,grand-terrace-california
https://www.ubereats.com/inland-empire/food-delivery/rising-savor/LUHejbEhQgW5yAKcW7aqhQ,grand-terrace-california
https://www.ubereats.com/palm-springs/food-delivery/mountain-mikes-pizza-605-n-eureka-street-suite-100/3b8dX-9JRlOSQmgfGCVwcg,grand-terrace-california
https://www.ubereats.com/inland-empire/food-delivery/bloom-%26-butter/a9NFJEiZQZ2BXJoGPhUedQ,grand-terrace-california
https://www.ubereats.com/inland-empire/food-delivery/bk-subs-loma-linda/VexN3bu0QkCKhLUq3vm68g,grand-terrace-california
https://www.ubereats.com/inland-empire/food-delivery/carls-jr-green-burrito-3610-s-riverside-ave/rE0CkKjwRCGopaftAcSFJg,grand-terrace-california
https://www.ubereats.com/inland-empire/food-delivery/panda-express-2005-w-redlands-blvd/2pkDo2hBS5aqL3uIBBAs3A,grand-terrace-california
https://www.ubereats.com/inland-empire/food-delivery/mcdonalds-25775-barton-road/5jSs0BmLSM6E9n0A9k34wA,grand-terrace-california
https://www.ubereats.com/inland-empire/food-delivery/zizi-bbq-house/U5oQKgYsQLisKQ48t7x2xA,grand-terrace-california
https://www.ubereats.com/inland-empire/food-delivery/sierra-noodle-house/MBvEwZ7GRR-zV4AUVDKDGg,grand-terrace-california
https://www.ubereats.com/palm-springs/food-delivery/the-old-spaghetti-factory-riverside/RM5q7ESnSiS-iByX8d-m4A,grand-terrace-california
https://www.ubereats.com/palm-springs/food-delivery/pollys-pies-moreno-valley/FFSFEq6OTEGSnuyjjiRMhA,grand-terrace-california
https://www.ubereats.com/inland-empire/food-delivery/waba-grill-5286-arlington-ave/o945cj7nQOCt4nwqJMVJ6Q,grand-terrace-california
https://www.ubereats.com/inland-empire/food-delivery/culichis-%26-beer-colton/L_9pCchsTAKYaKIEt8zCcg,grand-terrace-california
https://www.ubereats.com/palm-springs/food-delivery/starbucks-25775-barton-road/62XVOEX5R0mF4nKWxuUQEw,grand-terrace-california
https://www.ubereats.com/inland-empire/food-delivery/wendys-1110-s-mt-vernon-ave/8VacwdP_SFuc-XhZdPRyOw,grand-terrace-california
https://www.ubereats.com/inland-empire/food-delivery/miguels-jr-redlands/EV3tQs-ISrysgtd8f8cuBw,grand-terrace-california
https://www.ubereats.com/palm-springs/food-delivery/my-hero-subs/PcBzC7bXRwW8JD09BSpy9Q,grand-terrace-california
https://www.ubereats.com/palm-springs/food-delivery/red-lobster-195-e-hospitality-lane/bvzWXz6GRPGYB151OxAjYQ,grand-terrace-california
https://www.ubereats.com/palm-springs/food-delivery/rays-pizza-riverside/KM6qx4LRSbKYsC7QAo-mdQ,grand-terrace-california
https://www.ubereats.com/palm-springs/food-delivery/carls-jr-1250-university-ave/VR9eVuBYRcCBQgOCc5lSHQ,grand-terrace-california
https://www.ubereats.com/palm-springs/food-delivery/pizza-q/7TAItND-Qrez5SmsVgEfyw,grand-terrace-california
https://www.ubereats.com/inland-empire/food-delivery/antonious-pizza/ciUXTUCaRZCAnK-hYFdbtw,grand-terrace-california
https://www.ubereats.com/palm-springs/food-delivery/surfer-joes-pizza/lhby7feWT9W2hoY5pMrIpw,grand-terrace-california
https://www.ubereats.com/inland-empire/food-delivery/perris-burgers/o6tPDK5mQCidj6vNRRlVtg,grand-terrace-california
https://www.ubereats.com/inland-empire/food-delivery/la-michoacana-signature-treats/3in4GNcySXeetr-p3_hzzw,grand-terrace-california
https://www.ubereats.com/inland-empire/food-delivery/jack-in-the-box-1001-e-alessandro-blvd/nuf3yWDxSF2akQca67mTWA,grand-terrace-california
https://www.ubereats.com/inland-empire/food-delivery/kays-cafe/XeOgPGQeSEug2sbskj4YVQ,grand-terrace-california
https://www.ubereats.com/inland-empire/food-delivery/the-old-spaghetti-factory-redlands/iyG1zS4wTnKp9lu-EwQAmg,grand-terrace-california
https://www.ubereats.com/inland-empire/food-delivery/jack-in-the-box-2780-s-iowa-ave/Bew6c1y5T4WDJoWOcY0BaA,grand-terrace-california
https://www.ubereats.com/palm-springs/food-delivery/starbucks-1420-s-riverside-ave/F5mRU77OTCaIxRBl5atJnQ,grand-terrace-california
https://www.ubereats.com/palm-springs/food-delivery/yoshinoya-1201-university-ave-%23109b/a1FUpATjSQ2PmZUe7SSGgg,grand-terrace-california
https://www.ubereats.com/palm-springs/food-delivery/firehouse-subs-loma-linda/53vRfIE_T6ykbysOFXaVcg,grand-terrace-california
https://www.ubereats.com/palm-springs/food-delivery/honey-baked-ham-san-bernardino/-UuDHpA7RM-eSSFC6h65vg,grand-terrace-california
https://www.ubereats.com/palm-springs/food-delivery/carls-jr-4282-market-st/SfRGDmJdQOCJzKPmQFv0hg,grand-terrace-california
https://www.ubereats.com/inland-empire/food-delivery/el-pollo-loco-680-s-e-st3842/sPjL7SXeTVCVZgZ53dcn3w,grand-terrace-california
https://www.ubereats.com/inland-empire/food-delivery/brandons-diner/tZHpMUvOT3yHn_azR3gjIA,grand-terrace-california
https://www.ubereats.com/inland-empire/food-delivery/cinnabon-500-inland-center-dr/Z7z8_pNWSXuQ3BJE0CyTgw,grand-terrace-california
https://www.ubereats.com/palm-springs/food-delivery/pick-up-stix-san-bernardino/XS8633fYTkityogLHXZ2Fg,grand-terrace-california
https://www.ubereats.com/palm-springs/food-delivery/antonious-pizza-cafe-downtown/p-JkNK6qSJ2uTFrddaoX_g,grand-terrace-california
https://www.ubereats.com/inland-empire/food-delivery/kung-fu-pho/Rf_Ko2YXQue4tTymfZfWnA,grand-terrace-california
https://www.ubereats.com/inland-empire/food-delivery/crest-cafe-riverside/p_bYgUPLRk-mMQEnAe_A6g,grand-terrace-california
https://www.ubereats.com/palm-springs/food-delivery/ie-vegan-thai-chinese/1_odNEkTS_Wn3idXzkQx9w,grand-terrace-california
https://www.ubereats.com/palm-springs/food-delivery/socal-subs/SjLnXG4WSbWE9JBefIdbbw,grand-terrace-california
https://www.ubereats.com/palm-springs/food-delivery/panda-express-900-university-ave/nKtbPj43Q5ekMq1CiUOlsg,grand-terrace-california
https://www.ubereats.com/inland-empire/food-delivery/jade-inn/R6l8mEzCT8qmwdpr0F5m3w,grand-terrace-california
https://www.ubereats.com/inland-empire/food-delivery/five-guys-ca-1271-10060-alabama-street/fY4rXyYCToSu9RpYywGrmQ,grand-terrace-california
https://www.ubereats.com/palm-springs/food-delivery/krispy-krunchy-chicken-10510-sierra-ave/XwG83wyFSGizR3Qge8A0-Q,grand-terrace-california
https://www.ubereats.com/palm-springs/food-delivery/mexicali-bar-%26-grill/1TiobjkaT_ylipa7JOh9bA,grand-terrace-california
https://www.ubereats.com/inland-empire/food-delivery/waba-grill-1059-n-mt-vernon/D7wWE55rT7GEdmTZvspnzw,grand-terrace-california
https://www.ubereats.com/inland-empire/food-delivery/farmer-boys-university-ave/z32CHI7CRwWmkbgdkaGXKA,grand-terrace-california
https://www.ubereats.com/palm-springs/food-delivery/el-rey-del-pollo/wcw1PSw8SzilbeaAhT8VRA,grand-terrace-california
https://www.ubereats.com/inland-empire/food-delivery/five-guys-ca-1447-525-e-hospitality-ln/tKsYRknTRoWJOb1DHmxU_A,grand-terrace-california
https://www.ubereats.com/inland-empire/food-delivery/applebees-12600-day-street-%2379065/okWwR3IET6yMk6kzZfkuOg,grand-terrace-california
https://www.ubereats.com/inland-empire/food-delivery/mcdonalds-699-2nd-st/VgqgQzvJRXeKLb6d2v5W5g,grand-terrace-california
https://www.ubereats.com/inland-empire/food-delivery/china-one-moreno-valley/b9wjtqScQgWS0_p6vcIaLg,grand-terrace-california
https://www.ubereats.com/palm-springs/food-delivery/five-guys-ca-1271-10060-alabama-street/fY4rXyYCToSu9RpYywGrmQ,grand-terrace-california
https://www.ubereats.com/palm-springs/food-delivery/cardellis-italian-deli/ccfNYmYLRJ6Rshzdft2pnA,grand-terrace-california
https://www.ubereats.com/inland-empire/food-delivery/naan-cafe/MIs7eUErTYKKVmty5Sm4bQ,grand-terrace-california
https://www.ubereats.com/palm-springs/food-delivery/farmer-boys-s-riverside-ave/elaKFyCoSyuY0uwY_zo-8A,grand-terrace-california
https://www.ubereats.com/palm-springs/food-delivery/kfc-%2306-223-e-foothill-blvd/9c0wlp5KTV61pij7STd99A,grand-terrace-california
https://www.ubereats.com/inland-empire/food-delivery/azteca-market/ragc5-qpRIyZLv-Y6SmOuQ,grand-terrace-california
https://www.ubereats.com/palm-springs/food-delivery/garden-thai-cuisine/Wh1reSjeTV-0fM7yVuUYBg,grand-terrace-california
https://www.ubereats.com/palm-springs/food-delivery/perris-burgers/o6tPDK5mQCidj6vNRRlVtg,grand-terrace-california
https://www.ubereats.com/palm-springs/food-delivery/golden-corral-325-e-hospitality-lane/HoqI2zIGSpOAVx2na3iBCA,grand-terrace-california
https://www.ubereats.com/palm-springs/food-delivery/subway-1353-w-mill-st/cApdZxUkR_qnjXmmnxFPwQ,grand-terrace-california
https://www.ubereats.com/inland-empire/food-delivery/dairy-queen-treat-moreno-valley-mall-2250/zpOpOMmBS5uNu_nfiUFtbw,grand-terrace-california
https://www.ubereats.com/inland-empire/food-delivery/starbucks-1201-university-avenue/yKOtisgdQd6uU-tepgCr_A,grand-terrace-california
https://www.ubereats.com/inland-empire/food-delivery/delhi-palace/OFesaDm3TxiHzQANegKirA,grand-terrace-california
https://www.ubereats.com/palm-springs/food-delivery/applebees-12600-day-street-%2379065/okWwR3IET6yMk6kzZfkuOg,grand-terrace-california
https://www.ubereats.com/palm-springs/food-delivery/woodys-classic-grill/kq6qcnUaQd2MsNmvCJ_syQ,grand-terrace-california
https://www.ubereats.com/inland-empire/food-delivery/jasmine-garden/AWE7DUdJSHSUvxnipUHRJA,grand-terrace-california
https://www.ubereats.com/inland-empire/food-delivery/el-pollo-loco-1210-w-colton-ave5790/bl-2IuEHRCOkEmTBqWPyYQ,grand-terrace-california
https://www.ubereats.com/inland-empire/food-delivery/portillos-hot-dogs-12840-day-street/3WSoPO6tSd2VCTMOLrx83g,grand-terrace-california
https://www.ubereats.com/palm-springs/food-delivery/bostons-restaurant-%26-sports-bar-16927-sierra-lakes-pkwy/odk13SRTR6KHXhfvs03G5A,grand-terrace-california
https://www.ubereats.com/palm-springs/food-delivery/getaway-cafe/t76wziP3SC6S7vHsoWdqSQ,grand-terrace-california
https://www.ubereats.com/inland-empire/food-delivery/del-taco-1010-e-washington-st/7BAIWM34S5Cj6PeUAuarMA,grand-terrace-california
https://www.ubereats.com/palm-springs/food-delivery/angelos-burgers/anCMHAlsS1qjBgGjeObINg,grand-terrace-california
https://www.ubereats.com/inland-empire/food-delivery/luna-grill-redlands/dqNoOcSpToKGwWgXd1K5Cg,grand-terrace-california
https://www.ubereats.com/palm-springs/food-delivery/kfc-taco-bell-792-w-valley-blvd/vfB6447fRQqCf2sulRc5WA,grand-terrace-california
https://www.ubereats.com/palm-springs/food-delivery/gazzolos-sausage-co-restaurant-%26-delicatessen/Z5WA7rWVT-SbbvyGrfU8ew,grand-terrace-california
https://www.ubereats.com/inland-empire/food-delivery/golden-pizza/-Mn-_oKbSi6efEX5IO4czA,grand-terrace-california
https://www.ubereats.com/palm-springs/food-delivery/mod-pizza-redlands/UC3bX1OxQKa_eJzz-XxoKQ,grand-terrace-california
https://www.ubereats.com/inland-empire/food-delivery/starbucks-3311-market-street/sVG1ukGeS0yiToaOENYx1w,grand-terrace-california
https://www.ubereats.com/inland-empire/food-delivery/outback-steakhouse-620-e-hospitality-lane/Eq32F5WqQemJo6XrhD78ow,grand-terrace-california
https://www.ubereats.com/palm-springs/food-delivery/five-guys-ca-1850-10540-sierra-ave/8hUvhHm0Q_2oxOW9n02R9A,grand-terrace-california
https://www.ubereats.com/inland-empire/food-delivery/juice-it-up/XZ8pfYbXRXuCYJgq_cZ87A,grand-terrace-california
https://www.ubereats.com/palm-springs/food-delivery/cinnabon-500-inland-center-dr/Z7z8_pNWSXuQ3BJE0CyTgw,grand-terrace-california
https://www.ubereats.com/inland-empire/food-delivery/ihop-san-bernardino/D5Il6fS6RYmgkUj5qPd0Sw,grand-terrace-california
https://www.ubereats.com/inland-empire/food-delivery/tortas-sinaloa/sgBy_E5uTHicPUFJemQB4A,grand-terrace-california
https://www.ubereats.com/palm-springs/food-delivery/the-cali-grub/Tr9XHiLNSjO4KfG1nWZBuw,grand-terrace-california
https://www.ubereats.com/palm-springs/food-delivery/arbys-670-se-st/t43ea-bzSnGiCPesXtPK3A,grand-terrace-california
https://www.ubereats.com/inland-empire/food-delivery/panda-express-900-university-ave/nKtbPj43Q5ekMq1CiUOlsg,grand-terrace-california
https://www.ubereats.com/palm-springs/food-delivery/waba-grill-1059-n-mt-vernon/D7wWE55rT7GEdmTZvspnzw,grand-terrace-california
https://www.ubereats.com/palm-springs/food-delivery/freshii-inland-empire/CanfvMzMTAOpSwvozno6gg,grand-terrace-california
https://www.ubereats.com/inland-empire/food-delivery/liquid-tea-bar/m_7I94CSTxWq1F-0xTlpFw,grand-terrace-california
https://www.ubereats.com/inland-empire/food-delivery/papa-johns-colton/PQRg0zLLSJW5bDSjSCelug,grand-terrace-california
https://www.ubereats.com/palm-springs/food-delivery/east-coast-bagel-riverside/DPdfasHtTu6o3rABulvpqg,grand-terrace-california
https://www.ubereats.com/inland-empire/food-delivery/jack-in-the-box-25699-baseline-st/0KzhPJ0OQRODAcEUXnKvJg,grand-terrace-california
https://www.ubereats.com/inland-empire/food-delivery/jersey-mikes-subs-1201-university-avenue/4GmbVtZETnO4E6BOboF_sA,grand-terrace-california
https://www.ubereats.com/palm-springs/food-delivery/plant-power-fast-food-riverside/NPPohEcgSHelNZ73PVmu2w,grand-terrace-california
https://www.ubereats.com/inland-empire/food-delivery/jack-in-the-box-19586-van-buren-blvd/eaD7eVDJSCypzu9Knew03A,grand-terrace-california
https://www.ubereats.com/inland-empire/food-delivery/dukes-bar-and-grill/OZii9b74RwavLtpsg8zFBg,grand-terrace-california
https://www.ubereats.com/palm-springs/food-delivery/culichis-%26-beer-colton/t2yH3oQBRqKdtsotO9GFPQ,grand-terrace-california
https://www.ubereats.com/inland-empire/food-delivery/ocean-pho-riverside/3RmeasoDS3mvMdD5IHGqiw,grand-terrace-california
https://www.ubereats.com/inland-empire/food-delivery/mountain-mikes-pizza-605-n-eureka-street-suite-100/3b8dX-9JRlOSQmgfGCVwcg,grand-terrace-california
https://www.ubereats.com/palm-springs/food-delivery/machete-taqueria/V3eW68NwRyGF-pJuD2JJNQ,grand-terrace-california
https://www.ubereats.com/inland-empire/food-delivery/tios-tacos-jr/XmqqYq8tQsC3JpsgoHMO0g,grand-terrace-california
https://www.ubereats.com/inland-empire/food-delivery/carls-jr-27670-eucalyptus-ave/x6SVydZMSjej528uf4aQnQ,grand-terrace-california
https://www.ubereats.com/palm-springs/food-delivery/krispy-krunchy-chicken-rialto/0iedXe2lRc-Xq5yF01Vwdg,grand-terrace-california
https://www.ubereats.com/inland-empire/food-delivery/tios-mexican-food-fontana/In8Wmq80RIyXAH7e1HKRmw,grand-terrace-california
https://www.ubereats.com/palm-springs/food-delivery/rockstar-shrimp/k0So1g9ASk2pOvd8d2Ucsg,grand-terrace-california
https://www.ubereats.com/inland-empire/food-delivery/farmer-boys-sierra-lakes-parkway/cy4So1ihSNaOKBKeJenDtw,grand-terrace-california
https://www.ubereats.com/inland-empire/food-delivery/cha2o/mkSlUn_7QJWB9-Lz7ghfpw,grand-terrace-california
https://www.ubereats.com/inland-empire/food-delivery/carls-jr-green-burrito-25536-barton-rd/tap06vmXTnWv4sUZE58k7A,grand-terrace-california
https://www.ubereats.com/palm-springs/food-delivery/bobos-pizza/w9pbHDiAS5y7FrRQKut3NA,grand-terrace-california
https://www.ubereats.com/palm-springs/food-delivery/tomo-7-sushi/68PTkoU2R9KXmOfICoHG6A,grand-terrace-california
https://www.ubereats.com/palm-springs/food-delivery/starbucks-2726-s-iowa-ave/-r-KPV4xRRK31dwH00itug,grand-terrace-california
https://www.ubereats.com/inland-empire/food-delivery/golden-china-restaurant/OVQR82v4RsCoCxis9yxCvg,grand-terrace-california
https://www.ubereats.com/inland-empire/food-delivery/tios-mexican-food-riverside/JuWvX09vQ4eaOg0CYoC-Vg,grand-terrace-california
https://www.ubereats.com/palm-springs/food-delivery/jersey-mikes-subs-1201-university-avenue/4GmbVtZETnO4E6BOboF_sA,grand-terrace-california
https://www.ubereats.com/inland-empire/food-delivery/jack-in-the-box-495-n-d-st/zVYjMUXLQhCI0NjsBkiHNg,grand-terrace-california
https://www.ubereats.com/palm-springs/food-delivery/subway-1340-center-st/jU11G62JTmWoyqbOgzprQg,grand-terrace-california
https://www.ubereats.com/palm-springs/food-delivery/popeyes-198-e-redlands-blvd/Nzoh8KU8QiSwINWgZAEzPw,grand-terrace-california
https://www.ubereats.com/inland-empire/food-delivery/sizzler/n2YwPL4SSB6N7QsnF4sobA,grand-terrace-california
https://www.ubereats.com/palm-springs/food-delivery/krispy-krunchy-chicken-6290-mission-blvd/xXL943FGRuWttaX1oCv02A,grand-terrace-california
https://www.ubereats.com/inland-empire/food-delivery/farmer-boys-rubidoux/2DNecXAZSfiVqCHP8iXdDg,grand-terrace-california
https://www.ubereats.com/palm-springs/food-delivery/albertos-mexican-food-5274-arlington/rcaoPSmUQ66yUAlo3b0KCA,grand-terrace-california
https://www.ubereats.com/inland-empire/food-delivery/getaway-cafe/t76wziP3SC6S7vHsoWdqSQ,grand-terrace-california
https://www.ubereats.com/inland-empire/food-delivery/el-super-san-bernardino-9th-37/W2TJELUSSy2gTox2G6lljg,grand-terrace-california
https://www.ubereats.com/palm-springs/food-delivery/nekter-juice-bar-riverside/15FQIWPPQhG3HiaZRzMpYw,grand-terrace-california
https://www.ubereats.com/inland-empire/food-delivery/mcdonalds-568-s-mt-vernon-ave/J-HweiruTB-pXONgMEVYQw,grand-terrace-california
https://www.ubereats.com/palm-springs/food-delivery/plant-power-fast-food/SEkazwGnTsG1A7BpGuBT8Q,grand-terrace-california
https://www.ubereats.com/inland-empire/food-delivery/santiagos-taco-shop-rialto/zfgJcAjbTA2yJGjHjeScuQ,grand-terrace-california
https://www.ubereats.com/inland-empire/food-delivery/la-michoacana-s-mt-vernon-ave/BHcYY_ccQbS16dlGCgbn-g,grand-terrace-california
https://www.ubereats.com/inland-empire/food-delivery/el-pollo-loco-3487-madison-st5587/JUDrdUT5Rg2X94LfRa4vyw,grand-terrace-california
https://www.ubereats.com/inland-empire/food-delivery/el-pollo-loco-1066-harriman-place3613/TPQ7S2LIQuq-z6PYGHpAMQ,grand-terrace-california
https://www.ubereats.com/palm-springs/food-delivery/el-viejon-mariscos-and-sushi/ytR2TtYXTlGxmsZwoZXi6g,grand-terrace-california
https://www.ubereats.com/inland-empire/food-delivery/lotus-garden/FXrzY0A2Tfu7COQ6IRpJxg,grand-terrace-california
https://www.ubereats.com/palm-springs/food-delivery/golden-pizza/-Mn-_oKbSi6efEX5IO4czA,grand-terrace-california
https://www.ubereats.com/inland-empire/food-delivery/the-old-spaghetti-factory-riverside/RM5q7ESnSiS-iByX8d-m4A,grand-terrace-california
https://www.ubereats.com/palm-springs/food-delivery/subway-1080-e-washington-st/ZfDtMrwVTtSiNXaz-6lK1A,grand-terrace-california
https://www.ubereats.com/inland-empire/food-delivery/kfc-18585-van-buren-blvd/hBqpyVkuRnCYVolWPic18Q,grand-terrace-california
https://www.ubereats.com/inland-empire/food-delivery/el-rey-del-pollo/wcw1PSw8SzilbeaAhT8VRA,grand-terrace-california
https://www.ubereats.com/inland-empire/food-delivery/the-tamale-factory/YFs3Hc3iTpWHfySg95GwUA,grand-terrace-california
https://www.ubereats.com/inland-empire/food-delivery/so-china/6aLFykMxSBinv41Qn8Z6Xw,grand-terrace-california
https://www.ubereats.com/inland-empire/food-delivery/pizza-fuego-san-bernardino/kGN85WD6StmSgRaU9WkMIw,grand-terrace-california
https://www.ubereats.com/inland-empire/food-delivery/dairy-queen-treat-222-s-riverside-ave/P1DEc6UYQ-KDkposrh-alQ,grand-terrace-california
https://www.ubereats.com/inland-empire/food-delivery/miguels-jr-moreno-valley/wnQgjmy2TvihZGzSpNlBBg,grand-terrace-california
https://www.ubereats.com/inland-empire/food-delivery/wienerschnitzel-801-w-valley-blvd/dvN1dWP6RTm_uqdxp0Y9Bg,grand-terrace-california
https://www.ubereats.com/inland-empire/food-delivery/rogers-burgers/fcyaL3wbRgm06uNQluosDg,grand-terrace-california
https://www.ubereats.com/inland-empire/food-delivery/jersey-mikes-subs-10515-sierra-ave/ZWLwlqffQMWSKFDvgZS1rg,grand-terrace-california
https://www.ubereats.com/inland-empire/food-delivery/dunkin-18641-van-buren-blvd/9xt4H_MUSVuSe-CcDAlVSg,grand-terrace-california
https://www.ubereats.com/inland-empire/food-delivery/mariscos-mi-lindo-sinaloa-rialto/XNE2DFY2Td-5pw6KAFR1uQ,grand-terrace-california
https://www.ubereats.com/palm-springs/food-delivery/tios-tacos-jr/XmqqYq8tQsC3JpsgoHMO0g,grand-terrace-california
https://www.ubereats.com/palm-springs/food-delivery/tower-pizza/o8aooGGvRUaAjtF8I5bhMA,grand-terrace-california
https://www.ubereats.com/inland-empire/food-delivery/yogurtland-631-orange-st/pOJeZm8ZQUaX7G_-SHvwiw,grand-terrace-california
https://www.ubereats.com/palm-springs/food-delivery/mahachai-thai-cuisine/VST576cZQHm1mThy6__K2A,grand-terrace-california
https://www.ubereats.com/inland-empire/food-delivery/riverside-cookie-shoppe/rYSbp8NXRyW52TjffDJRaw,grand-terrace-california
https://www.ubereats.com/inland-empire/food-delivery/la-casa-del-taco/OpeyVZ53QrC7Uxpsbcf0jA,grand-terrace-california
https://www.ubereats.com/inland-empire/food-delivery/napoli-italian-restaurant/psSGGf5vSZGAq0L_aTc6iA,grand-terrace-california
https://www.ubereats.com/inland-empire/food-delivery/templo-del-sol/IbOjOYkrTmmQ3UfptejH4Q,grand-terrace-california
https://www.ubereats.com/palm-springs/food-delivery/waba-grill-25717-barton-rd-loma-linda/GjvUf6t6SIyJi6fLtD8nxw,grand-terrace-california
https://www.ubereats.com/inland-empire/food-delivery/el-pollo-loco-1663-s-riverside-ave6006/C-A2GCvjSymy0vF21dk3fA,grand-terrace-california
https://www.ubereats.com/inland-empire/food-delivery/lees-sandwiches-riverside/hKNPRPJ3SZKh4PlN6TgYew,grand-terrace-california
https://www.ubereats.com/palm-springs/food-delivery/jersey-mikes-subs-3540-riverside-plaza-drive/V7lorFVVTLue6QuoEmINPQ,grand-terrace-california
https://www.ubereats.com/inland-empire/food-delivery/panda-express-1170-w-renaissance-pkwy/J684kWVHQVe_Y_Sa9_wV4A,grand-terrace-california
https://www.ubereats.com/palm-springs/food-delivery/jersey-mikes-subs-1310-s-riverside-avenue/FKDC2st-RVKw4sDVtGBVfg,grand-terrace-california
https://www.ubereats.com/inland-empire/food-delivery/la-bufadora-baja-grill-mission-grove/LGMNyKYZQ6q3NJvcrTRKyQ,grand-terrace-california
https://www.ubereats.com/palm-springs/food-delivery/toms-%231-worlds-famous-chiliburgers/YXSc97JfSG-csp83Gc5w-A,grand-terrace-california
https://www.ubereats.com/inland-empire/food-delivery/amagi-sushi/l2F_1w3YSZqYUXgw8_dDXg,grand-terrace-california
https://www.ubereats.com/inland-empire/food-delivery/la-michoacana-ice-cream-parlor-colton/oG7LtZvMR86kRVDD_cSJbg,grand-terrace-california
https://www.ubereats.com/inland-empire/food-delivery/the-habit-burger-grill-3555-riverside-plaza-dr-suite-100/xhj0Ae0FSbmHnIfO_BTZzw,grand-terrace-california
https://www.ubereats.com/palm-springs/food-delivery/subway-291-e-valley-blvd/v9r1SV8jTpuNB_oVeAF6eA,grand-terrace-california
https://www.ubereats.com/palm-springs/food-delivery/bluewater-poke/FmWlX5KSRByiEs15fJdzRA,grand-terrace-california
https://www.ubereats.com/inland-empire/food-delivery/panda-express-8974-trautwein-road-space-b/PGorA0EkRse2iQ5e3UAIsg,grand-terrace-california
https://www.ubereats.com/palm-springs/food-delivery/kfc-%2346-4694-university-pkwy/XcWqpEoyRuWolMnUWY3x3Q,grand-terrace-california
https://www.ubereats.com/inland-empire/food-delivery/farmer-boys-mountain-view-ave/oDGzgbG3QX-zKe85F_DJpA,grand-terrace-california
https://www.ubereats.com/inland-empire/food-delivery/five-guys-ca-1333-12515-frederick-st/WSgvDTZ1Q-mXsV6suRs9uw,grand-terrace-california
https://www.ubereats.com/inland-empire/food-delivery/rubios-1201-university-avenue/d5MTzxoZQ7S0WNFc2PdUpA,grand-terrace-california
https://www.ubereats.com/palm-springs/food-delivery/chipotle-mexican-grill-1092-e-hospitality-ln-ste-b/XTA2-4gaRleQsx2rIDig4Q,grand-terrace-california
https://www.ubereats.com/inland-empire/food-delivery/jack-in-the-box-1148-coulston-st/gQld26Q6SMaf3dMhSLqY-A,grand-terrace-california
https://www.ubereats.com/inland-empire/food-delivery/jersey-mikes-subs-27993-greenspot-rd/X9SLQO81RDOwSFdgZ6JiPA,grand-terrace-california
https://www.ubereats.com/inland-empire/food-delivery/jersey-mikes-subs-1310-s-riverside-avenue/FKDC2st-RVKw4sDVtGBVfg,grand-terrace-california
https://www.ubereats.com/palm-springs/food-delivery/starbucks-126-e-redlands-blvd/akfjXw_sQZmQGc872nYSiA,grand-terrace-california
https://www.ubereats.com/inland-empire/food-delivery/don-orange-tacos/H0s0Cm0CTf69U7LkXf-gHA,grand-terrace-california
https://www.ubereats.com/inland-empire/food-delivery/subway-1080-e-washington-st/ZfDtMrwVTtSiNXaz-6lK1A,grand-terrace-california
https://www.ubereats.com/inland-empire/food-delivery/del-taco-24898-redlands-blvd/eVLWhYPFSP6xt9WFW57VJQ,grand-terrace-california
https://www.ubereats.com/palm-springs/food-delivery/the-flame-broiler-1201-university-ave/Di7fjvO1RFiOnFukMz8ytQ,grand-terrace-california
https://www.ubereats.com/palm-springs/food-delivery/el-super-rialto/0fUwXCm8Q0ijoHcPo0q66Q,grand-terrace-california
https://www.ubereats.com/palm-springs/food-delivery/farmer-boys-rubidoux/2DNecXAZSfiVqCHP8iXdDg,grand-terrace-california
https://www.ubereats.com/palm-springs/food-delivery/chipotle-mexican-grill-12625-frederick-st/vWM3MOWPRtaqkschryz4Vw,grand-terrace-california
https://www.ubereats.com/inland-empire/food-delivery/jamba-juice-3747-central-ave-ste-103/yEMUWWF_S_Ka3whSJqbzRQ,grand-terrace-california
https://www.ubereats.com/palm-springs/food-delivery/carls-jr-7261-boulder-ave/PeVgPkuvSqC6FegO0bDW2Q,grand-terrace-california
https://www.ubereats.com/inland-empire/food-delivery/mollys-cafe/HyUvZgPyQBegByD9m88j7w,grand-terrace-california
https://www.ubereats.com/inland-empire/food-delivery/redhill-coffee-shop-fontana/oIxFZyCvROq5MKsnUjnH4w,grand-terrace-california
https://www.ubereats.com/inland-empire/food-delivery/macaroni-grill-redlands/ddIAzv6BRma_6S7PFpuLIA,grand-terrace-california
https://www.ubereats.com/palm-springs/food-delivery/lees-sandwiches-riverside/hKNPRPJ3SZKh4PlN6TgYew,grand-terrace-california
https://www.ubereats.com/palm-springs/food-delivery/subway-228-w-hospitality-lane/Z72zrpicS-C2dcnofN8AWg,grand-terrace-california
https://www.ubereats.com/inland-empire/food-delivery/pasquallys-pizza-%26-wings-777-east-hospitality-lane/c2m5yL2XRYanuwYqzQYvNQ,grand-terrace-california
https://www.ubereats.com/inland-empire/food-delivery/churchs-chicken-299-east-baseline/6bxSiBgdQAS77KHw4sinYA,grand-terrace-california
https://www.ubereats.com/inland-empire/food-delivery/waba-grill-1040-s-mt-vernon-ave/5q_c0sQsQsWX48t9yiIkHA,grand-terrace-california
https://www.ubereats.com/palm-springs/food-delivery/chipotle-mexican-grill-635-orange-st/BiwcDV98THWpN0BUCzvoyQ,grand-terrace-california
https://www.ubereats.com/inland-empire/food-delivery/subway-3750-university-ave/2Fyo8bZ1TWyCqTZOlCe9mw,grand-terrace-california
https://www.ubereats.com/inland-empire/food-delivery/the-habit-burger-grill-12560-day-street-ste-a/d0cJ2V3bRQSIGbhrxsp3iw,grand-terrace-california
https://www.ubereats.com/inland-empire/food-delivery/applebees-3820-mulberry-%2379053/r8gzGMOlRCKZgetuF-asMw,grand-terrace-california
https://www.ubereats.com/inland-empire/food-delivery/mexicali-bar-%26-grill/1TiobjkaT_ylipa7JOh9bA,grand-terrace-california
https://www.ubereats.com/palm-springs/food-delivery/chipotle-mexican-grill-1314-s-riverside-ave/_Tk0ssIRRCWuC2q2mSggkQ,grand-terrace-california
https://www.ubereats.com/inland-empire/food-delivery/yogurtland-12515-frederick-st/eVvpVDw9Qk6kijiHNU5TEg,grand-terrace-california
https://www.ubereats.com/inland-empire/food-delivery/tea-terminals/z9X1L6TDQr6KPPyBJIe7Tw,grand-terrace-california
https://www.ubereats.com/inland-empire/food-delivery/burrito-boss-alessandro-blvd/QnGaXuY0R16vz1lwv4msJA,grand-terrace-california
https://www.ubereats.com/inland-empire/food-delivery/wienerschnitzel-4394-university-parkway/UXnSUul0TLa52PuWWAMfgg,grand-terrace-california
https://www.ubereats.com/palm-springs/food-delivery/napoli-italian-restaurant/psSGGf5vSZGAq0L_aTc6iA,grand-terrace-california
https://www.ubereats.com/palm-springs/food-delivery/sharetea-3740-iowa/5Ossqjg6RmW43kmxtQrIsw,grand-terrace-california
https://www.ubereats.com/inland-empire/food-delivery/frice/gumQpWcbTB-Kl4BwSlo04A,grand-terrace-california
https://www.ubereats.com/inland-empire/food-delivery/subway-228-w-hospitality-lane/Z72zrpicS-C2dcnofN8AWg,grand-terrace-california
https://www.ubereats.com/inland-empire/food-delivery/jack-in-the-box-303-e-base-line-st/8XMuY3RUQ4iEwnehZeBEdQ,grand-terrace-california
https://www.ubereats.com/palm-springs/food-delivery/the-cupcake-and-espresso-bar-day-street/WjZOwA1ASnaYiI2GemGSAw,grand-terrace-california
https://www.ubereats.com/inland-empire/food-delivery/waba-grill-3993-north-sierra-way-san-bernardino/yzk0okvwQ6WILfbSwzloVA,grand-terrace-california
https://www.ubereats.com/palm-springs/food-delivery/mariscos-mi-lindo-sinaloa-rialto/XNE2DFY2Td-5pw6KAFR1uQ,grand-terrace-california
https://www.ubereats.com/palm-springs/food-delivery/sunnymead-burgers/NETFFRNBT2yLroWy1yj75Q,grand-terrace-california
https://www.ubereats.com/inland-empire/food-delivery/surfer-joes-pizza/lhby7feWT9W2hoY5pMrIpw,grand-terrace-california
https://www.ubereats.com/palm-springs/food-delivery/five-guys-ca-1447-525-e-hospitality-ln/tKsYRknTRoWJOb1DHmxU_A,grand-terrace-california
https://www.ubereats.com/inland-empire/food-delivery/lucians-pizza/zefg4fq5Ry2WUzANRFjamA,grand-terrace-california
https://www.ubereats.com/inland-empire/food-delivery/the-habit-burger-grill-27511-san-bernardino-ave-suite-100/KiyTkGgKTG-26QFCdQmpPw,grand-terrace-california
https://www.ubereats.com/inland-empire/food-delivery/pietros-italian-cuisine/X6YNVxrYRge5iGeyMo1_AQ,grand-terrace-california
https://www.ubereats.com/palm-springs/food-delivery/brandons-diner/tZHpMUvOT3yHn_azR3gjIA,grand-terrace-california
https://www.ubereats.com/palm-springs/food-delivery/antonious-pizza/ciUXTUCaRZCAnK-hYFdbtw,grand-terrace-california
https://www.ubereats.com/inland-empire/food-delivery/panda-express-1605-s-riverside-ave/t7KzEaCGSbGqtAZ3eI02CQ,grand-terrace-california
https://www.ubereats.com/palm-springs/food-delivery/tortas-sinaloa/sgBy_E5uTHicPUFJemQB4A,grand-terrace-california
https://www.ubereats.com/inland-empire/food-delivery/waba-grill-4069-chicago-ave-unit-%23101/NukI3GZlROGJDCi5skSFPQ,grand-terrace-california
https://www.ubereats.com/palm-springs/food-delivery/hiccups-loma-linda/45-_wOuyROK6OAtXKmYMiw,grand-terrace-california
https://www.ubereats.com/palm-springs/food-delivery/ihop-4023-university/YV930X7HQjuS-82KNJQ3Xw,grand-terrace-california
https://www.ubereats.com/palm-springs/food-delivery/ramen-okawari/UIDVZ_tVQu2-3Wa8TnxG7w,grand-terrace-california
https://www.ubereats.com/palm-springs/food-delivery/hong-kong-riverside/xipA1jKjTBexeZAkTk6o6g,grand-terrace-california
https://www.ubereats.com/inland-empire/food-delivery/genkiyaki/aYmKcrBYQvqLRha_J0ZKLw,grand-terrace-california
https://www.ubereats.com/palm-springs/food-delivery/sonic-1060-west-renaissance-parkway/yhvGP-IQSfaLYzo_SznReQ,grand-terrace-california
https://www.ubereats.com/palm-springs/food-delivery/kfc-%2320-9758-sierra-ave/sP5rdPEnTZ2PNOH4F-zf_Q,grand-terrace-california
https://www.ubereats.com/inland-empire/food-delivery/la-michocana-chicago-ave/fpbQgb7MSiOrIFXlWEzInA,grand-terrace-california
https://www.ubereats.com/inland-empire/food-delivery/angelos-burgers/anCMHAlsS1qjBgGjeObINg,grand-terrace-california
https://www.ubereats.com/palm-springs/food-delivery/starbucks-3311-market-street/sVG1ukGeS0yiToaOENYx1w,grand-terrace-california
https://www.ubereats.com/inland-empire/food-delivery/churchs-chicken-24440-a-allessandro-blvd/jGf9WA_cQNGL6OY1kBSKSw,grand-terrace-california
https://www.ubereats.com/inland-empire/food-delivery/taco-bell-1420-university-ave/j6u0mfzHToWmjOSF6lvZIg,grand-terrace-california
https://www.ubereats.com/inland-empire/food-delivery/red-lobster-195-e-hospitality-lane/bvzWXz6GRPGYB151OxAjYQ,grand-terrace-california
https://www.ubereats.com/inland-empire/food-delivery/auntie-annes-22500-town-cir-ste-1048/w7fx6JQbS-qoOCrbn_gjDw,grand-terrace-california
https://www.ubereats.com/inland-empire/food-delivery/carls-jr-22700-centerpoint-dr/dNvMAYjqRUmXh8mjjcPuCQ,grand-terrace-california
https://www.ubereats.com/palm-springs/food-delivery/burgerim/hrZHdrhPQmyeHBQhuXdlYQ,grand-terrace-california
https://www.ubereats.com/inland-empire/food-delivery/east-coast-bagel-riverside/DPdfasHtTu6o3rABulvpqg,grand-terrace-california
https://www.ubereats.com/palm-springs/food-delivery/the-habit-burger-grill-12560-day-street-ste-a/d0cJ2V3bRQSIGbhrxsp3iw,grand-terrace-california
https://www.ubereats.com/inland-empire/food-delivery/la-michoacana-signature-treats-rialto/lTVQYIYJS9eOXMEMD5zEEg,grand-terrace-california
https://www.ubereats.com/inland-empire/food-delivery/krak-boba/U0ZRAkIgQ8aGGeno_vNukw,grand-terrace-california
https://www.ubereats.com/palm-springs/food-delivery/jersey-mikes-subs-400-w-stuart-avenue/7ATyrFo5QYytz6cowrORMw,grand-terrace-california
https://www.ubereats.com/inland-empire/food-delivery/taco-bell-18772-valley-blvd/HGpBTGUvQi6O_z2orTfWEA,grand-terrace-california
https://www.ubereats.com/palm-springs/food-delivery/soho-ramen/YwrBbZBDTfG03ILrso1PmA,grand-terrace-california
https://www.ubereats.com/palm-springs/food-delivery/sushiya-riverside/MtA-Nh38Rk26FrJDmUW5-A,grand-terrace-california
https://www.ubereats.com/inland-empire/food-delivery/new-delhi-palace-cuisine-of-india/fQhkpFH6QtKkQ0J5a6LQsw,grand-terrace-california
https://www.ubereats.com/inland-empire/food-delivery/jack-in-the-box-1562-s-riverside-ave/7AqK4lLhSc-nDnz6vUA2JQ,grand-terrace-california
https://www.ubereats.com/inland-empire/food-delivery/gazzolos-sausage-co-restaurant-%26-delicatessen/Z5WA7rWVT-SbbvyGrfU8ew,grand-terrace-california
https://www.ubereats.com/palm-springs/food-delivery/dairy-queen-treat-moreno-valley-mall-2250/zpOpOMmBS5uNu_nfiUFtbw,grand-terrace-california
https://www.ubereats.com/palm-springs/food-delivery/genkiyaki/aYmKcrBYQvqLRha_J0ZKLw,grand-terrace-california
https://www.ubereats.com/palm-springs/food-delivery/calis-sushi-%26-seafood/SSimpy3IQFOF0pxGBi9S6A,grand-terrace-california
https://www.ubereats.com/inland-empire/food-delivery/el-pollo-loco-2720-canyon-springs-pkwy6012/-PP_DqOmSEifnQh03TuJgQ,grand-terrace-california
https://www.ubereats.com/inland-empire/food-delivery/carls-jr-green-burrito-192-e-redlands-blvd/4k4JDidwQ86kare8-pExqw,grand-terrace-california
https://www.ubereats.com/inland-empire/food-delivery/waba-grill-27923-greenspot-road-suite-d/rch79OnET52LDbNSVfvZbA,grand-terrace-california
https://www.ubereats.com/inland-empire/food-delivery/five-guys-ca-1850-10540-sierra-ave/8hUvhHm0Q_2oxOW9n02R9A,grand-terrace-california
https://www.ubereats.com/palm-springs/food-delivery/carls-jr-27670-eucalyptus-ave/x6SVydZMSjej528uf4aQnQ,grand-terrace-california
https://www.ubereats.com/palm-springs/food-delivery/masters-donuts/AFnmLpUuRhyKUoGds4JCkA,grand-terrace-california
https://www.ubereats.com/inland-empire/food-delivery/bakers-dozen-donuts-riverside/MwYqekETRpS4hyiFErFgOw,grand-terrace-california
https://www.ubereats.com/palm-springs/food-delivery/joannas/bjLX7XCzRrCEa6kfmLUtGA,grand-terrace-california
https://www.ubereats.com/inland-empire/food-delivery/mod-pizza-redlands/UC3bX1OxQKa_eJzz-XxoKQ,grand-terrace-california
https://www.ubereats.com/inland-empire/food-delivery/carls-jr-1250-university-ave/VR9eVuBYRcCBQgOCc5lSHQ,grand-terrace-california
https://www.ubereats.com/inland-empire/food-delivery/carls-jr-4282-market-st/SfRGDmJdQOCJzKPmQFv0hg,grand-terrace-california
https://www.ubereats.com/inland-empire/food-delivery/yoshinoya-1201-university-ave-%23109b/a1FUpATjSQ2PmZUe7SSGgg,grand-terrace-california
https://www.ubereats.com/inland-empire/food-delivery/elias-pita-riverside/Zw5kjDiPSeiJgXFsw8yE0Q,grand-terrace-california
https://www.ubereats.com/palm-springs/food-delivery/strawberry-casual-kitchen/S3DKAHLuTVeZYWffvJI9bw,grand-terrace-california
https://www.ubereats.com/palm-springs/food-delivery/el-super-san-bernardino-mt-vernon-39/TGmCVba0RDmx-MSkU_tiVw,grand-terrace-california
https://www.ubereats.com/inland-empire/food-delivery/mcdonalds-2242-university-ave/0wP7aqKyQ6a24M6y827Z2g,grand-terrace-california
https://www.ubereats.com/palm-springs/food-delivery/the-tamale-factory/YFs3Hc3iTpWHfySg95GwUA,grand-terrace-california
https://www.ubereats.com/inland-empire/food-delivery/plant-power-fast-food/SEkazwGnTsG1A7BpGuBT8Q,grand-terrace-california
https://www.ubereats.com/inland-empire/food-delivery/subway-23845-sunnymead-blvd/udG-zGt-TuGfgaot3bcNFA,grand-terrace-california
https://www.ubereats.com/inland-empire/food-delivery/el-super-rialto/0fUwXCm8Q0ijoHcPo0q66Q,grand-terrace-california
https://www.ubereats.com/inland-empire/food-delivery/jamba-juice-1242-university-ave-ste-3/eTVDPmyzQgaEOLJbHTcZ8w,grand-terrace-california
https://www.ubereats.com/inland-empire/food-delivery/hong-kong-riverside/xipA1jKjTBexeZAkTk6o6g,grand-terrace-california
https://www.ubereats.com/inland-empire/food-delivery/jack-in-the-box-5700-sycamore-cyn-blvd/cnljUxLqQAmOTG0OKGIp_Q,grand-terrace-california
https://www.ubereats.com/palm-springs/food-delivery/the-buffalo-spot-riverside/gspx3kH8Qe6X9tMuxTWkUg,grand-terrace-california
https://www.ubereats.com/inland-empire/food-delivery/pi-grill/5KZgwxX0QQ2i8BT-gC0Tbg,grand-terrace-california
https://www.ubereats.com/inland-empire/food-delivery/chipotle-mexican-grill-16595-sierra-lakes-pkwy-ste-100/QL0-4lF-RFq_-sN-4zRMig,grand-terrace-california
https://www.ubereats.com/palm-springs/food-delivery/dunkin-18641-van-buren-blvd/9xt4H_MUSVuSe-CcDAlVSg,grand-terrace-california
https://www.ubereats.com/inland-empire/food-delivery/starbucks-2726-s-iowa-ave/-r-KPV4xRRK31dwH00itug,grand-terrace-california
https://www.ubereats.com/inland-empire/food-delivery/the-upper-crust-sandwich-shoppe/f9LHGy0vT36qzyIAtzG2cg,grand-terrace-california
https://www.ubereats.com/palm-springs/food-delivery/oggis-sports-%7C-brewhouse-%7C-pizza-fontana/JZzakotMQeWiIz1o_NPhrg,grand-terrace-california
https://www.ubereats.com/palm-springs/food-delivery/los-novillos-market/YqglN6_2Rjqdr6tn1RoQBw,grand-terrace-california
https://www.ubereats.com/inland-empire/food-delivery/ajs-bagels/bECzcvqiSF2SItKI8YCOJQ,grand-terrace-california
https://www.ubereats.com/palm-springs/food-delivery/surfer-joes-pizza-eatery/8CkieTdCQ9uesc7KqTlhDA,grand-terrace-california
https://www.ubereats.com/inland-empire/food-delivery/schooners-burgers-n-beer/d6T_AUBWR46YLOIf7pSU3w,grand-terrace-california
https://www.ubereats.com/palm-springs/food-delivery/chipotle-mexican-grill-186-e-easton-st-ste-a/88Gg7K6URZupjApFp_T6uA,grand-terrace-california
https://www.ubereats.com/inland-empire/food-delivery/jack-in-the-box-1191-s-mt-vernon-ave/RlfH7MxKRuycEqYddg-dtw,grand-terrace-california
https://www.ubereats.com/palm-springs/food-delivery/del-taco-2665-s-waterman-ave/CuOyaMpKSq6PQjjkAEy--g,grand-terrace-california
https://www.ubereats.com/inland-empire/food-delivery/ten-rens-tea-time-riverside/Z0uqiMmbTGyqif1kK3gSyA,grand-terrace-california
https://www.ubereats.com/palm-springs/food-delivery/carls-jr-5225-canyon-crest-dr-ste-82/bZkv4FkWTi-SJxnK50aR-Q,grand-terrace-california
https://www.ubereats.com/palm-springs/food-delivery/daves-new-york-pizza/8-98ayt7SzGLgJZm27kJCw,grand-terrace-california
https://www.ubereats.com/palm-springs/food-delivery/kfc-18585-van-buren-blvd/hBqpyVkuRnCYVolWPic18Q,grand-terrace-california
https://www.ubereats.com/inland-empire/food-delivery/family-homestyle-cafe/R_8V-CplQ2amXtoGjA3Wdw,grand-terrace-california
https://www.ubereats.com/inland-empire/food-delivery/farmer-boys-alessando-blvd/spOqJ2JDReuO2yjVMHuf2w,grand-terrace-california
https://www.ubereats.com/inland-empire/food-delivery/kfc-%2302-808-w-highland-ave/Td0UFnGfR8m9WEgb0FPjZA,grand-terrace-california
https://www.ubereats.com/inland-empire/food-delivery/mod-pizza-fontana/t7TKahv9SwW86u8PPdF7rg,grand-terrace-california
https://www.ubereats.com/palm-springs/food-delivery/golden-china-restaurant/OVQR82v4RsCoCxis9yxCvg,grand-terrace-california
https://www.ubereats.com/palm-springs/food-delivery/culichis-%26-beer-colton/L_9pCchsTAKYaKIEt8zCcg,grand-terrace-california
https://www.ubereats.com/inland-empire/food-delivery/papa-johns-8022-limonite-ave/a2_G9tk3TyeQYUsl3ULmOA,grand-terrace-california
https://www.ubereats.com/inland-empire/food-delivery/the-habit-burger-grill-1550-w-valley-blvd-unit-a/LXTgN02lTji3YY9KkCDJNg,grand-terrace-california
https://www.ubereats.com/palm-springs/food-delivery/starbucks-601-w-2nd-st/Mlrdiza4RA2xZ4YqJbnGXg,grand-terrace-california
https://www.ubereats.com/palm-springs/food-delivery/ramenkoko/rHUTFwegSvu4E1m9QriggQ,grand-terrace-california
https://www.ubereats.com/inland-empire/food-delivery/culichi-town-rialto/5gwx5hmrTv6MW8ueg9fikw,grand-terrace-california
https://www.ubereats.com/inland-empire/food-delivery/jack-in-the-box-2062-w-redlands-blvd/gY_eqmulSfSa-qvmmq7e3Q,grand-terrace-california
https://www.ubereats.com/palm-springs/food-delivery/mod-pizza-fontana/t7TKahv9SwW86u8PPdF7rg,grand-terrace-california
https://www.ubereats.com/palm-springs/food-delivery/the-upper-crust-sandwich-shoppe/f9LHGy0vT36qzyIAtzG2cg,grand-terrace-california
https://www.ubereats.com/palm-springs/food-delivery/jersey-mikes-subs-27993-greenspot-rd/X9SLQO81RDOwSFdgZ6JiPA,grand-terrace-california
https://www.ubereats.com/inland-empire/food-delivery/hidden-paradise-el-salvador/NA5rB9XiTfihIDzDndzhrA,grand-terrace-california
https://www.ubereats.com/inland-empire/food-delivery/pick-up-stix-san-bernardino/XS8633fYTkityogLHXZ2Fg,grand-terrace-california
https://www.ubereats.com/palm-springs/food-delivery/the-habit-burger-grill-1550-w-valley-blvd-unit-a/LXTgN02lTji3YY9KkCDJNg,grand-terrace-california
https://www.ubereats.com/palm-springs/food-delivery/sushiya-riverside/CFULPmYKTkaKi19Aknqbgg,grand-terrace-california
https://www.ubereats.com/palm-springs/food-delivery/kfc-%2316-24866-redlands-blvd/Ko4U4Et2R4K_DQceadyonQ,grand-terrace-california
https://www.ubereats.com/inland-empire/food-delivery/the-flame-broiler-1201-university-ave/Di7fjvO1RFiOnFukMz8ytQ,grand-terrace-california
https://www.ubereats.com/palm-springs/food-delivery/wienerschnitzel-1246-university-avenue/5-KXCGeqQn2l4B1itYb0qQ,grand-terrace-california
https://www.ubereats.com/inland-empire/food-delivery/del-taco-770-w-2nd-st/6RCiU8pfTGK0ExqlFlCEvQ,grand-terrace-california
https://www.ubereats.com/inland-empire/food-delivery/farmer-boys-kendall-drive/3EL62pmaRp6U2UDF6iPjRg,grand-terrace-california
https://www.ubereats.com/inland-empire/food-delivery/sharetea-3740-iowa/5Ossqjg6RmW43kmxtQrIsw,grand-terrace-california
https://www.ubereats.com/inland-empire/food-delivery/chronic-tacos-400-w-stuart-ave/rS5ZTq_PQ1SKr8ETIM1Bqw,grand-terrace-california
https://www.ubereats.com/inland-empire/food-delivery/kfc-%2339-645-e-redlands-blvd/TY6YR8ByRtK25A0IMH2AAA,grand-terrace-california
https://www.ubereats.com/inland-empire/food-delivery/bobos-pizza/w9pbHDiAS5y7FrRQKut3NA,grand-terrace-california
https://www.ubereats.com/inland-empire/food-delivery/kfc-%2306-223-e-foothill-blvd/9c0wlp5KTV61pij7STd99A,grand-terrace-california
https://www.ubereats.com/inland-empire/food-delivery/el-pollo-loco-758-west-highland-avenue3669/mfVHTMYlSU6r7V7GVwhxcA,grand-terrace-california
https://www.ubereats.com/inland-empire/food-delivery/retro-taco/-gBcX6JARSSPDGYpi4QYSQ,grand-terrace-california
https://www.ubereats.com/inland-empire/food-delivery/the-buffalo-spot-riverside/gspx3kH8Qe6X9tMuxTWkUg,grand-terrace-california
https://www.ubereats.com/inland-empire/food-delivery/mcdonalds-111-w-baseline-rd/ME1lEYB2RZKBHNKn13Tsjw,grand-terrace-california
https://www.ubereats.com/inland-empire/food-delivery/carls-jr-5225-canyon-crest-dr-ste-82/bZkv4FkWTi-SJxnK50aR-Q,grand-terrace-california
https://www.ubereats.com/inland-empire/food-delivery/subway-2097-e-washington-st/qQi299y1SYSafimXsvJVKA,grand-terrace-california
https://www.ubereats.com/palm-springs/food-delivery/farmer-boys-sierra-lakes-parkway/cy4So1ihSNaOKBKeJenDtw,grand-terrace-california
https://www.ubereats.com/palm-springs/food-delivery/jersey-mikes-subs-12625-frederick-street/N9c5w0OlTvKagO-GIW-YBw,grand-terrace-california
https://www.ubereats.com/inland-empire/food-delivery/kfc-taco-bell-7347-boulder-ave/CP6k1KVpSq-SS4acpIn1rg,grand-terrace-california
https://www.ubereats.com/palm-springs/food-delivery/wienerschnitzel-4394-university-parkway/UXnSUul0TLa52PuWWAMfgg,grand-terrace-california
https://www.ubereats.com/palm-springs/food-delivery/cha2o/mkSlUn_7QJWB9-Lz7ghfpw,grand-terrace-california
https://www.ubereats.com/palm-springs/food-delivery/carls-jr-green-burrito-3610-s-riverside-ave/rE0CkKjwRCGopaftAcSFJg,grand-terrace-california
https://www.ubereats.com/inland-empire/food-delivery/el-viejon-mariscos-and-sushi/ytR2TtYXTlGxmsZwoZXi6g,grand-terrace-california
https://www.ubereats.com/palm-springs/food-delivery/golden-pizza/QUOJpgLfRi-ezPMyyR1wYg,grand-terrace-california
https://www.ubereats.com/inland-empire/food-delivery/the-wall-restaurant-redlands/Sy0yZUhaRyWD0R1VmQky7g,grand-terrace-california
https://www.ubereats.com/inland-empire/food-delivery/winchells-donut-house-1705-university-ave/GJZp2FnoQWmhKxU_zg_qNw,grand-terrace-california
https://www.ubereats.com/inland-empire/food-delivery/krispy-krunchy-chicken-10510-sierra-ave/XwG83wyFSGizR3Qge8A0-Q,grand-terrace-california
https://www.ubereats.com/palm-springs/food-delivery/the-wall-restaurant-redlands/Sy0yZUhaRyWD0R1VmQky7g,grand-terrace-california
https://www.ubereats.com/palm-springs/food-delivery/chesters-chicken-2300-e-steel-st/NJe5aR9VR4CtEwKAq37Abw,grand-terrace-california
https://www.ubereats.com/inland-empire/food-delivery/starbucks-1265-alabama-street/4P2-oW5sR3iV7ieT6a6Dow,grand-terrace-california
https://www.ubereats.com/palm-springs/food-delivery/subway-3750-university-ave/2Fyo8bZ1TWyCqTZOlCe9mw,grand-terrace-california
https://www.ubereats.com/inland-empire/food-delivery/el-sinaloense-tacos-and-beer/PeJXjIu2SRqmyo6pHdWSqg,grand-terrace-california
https://www.ubereats.com/inland-empire/food-delivery/machete-taqueria/V3eW68NwRyGF-pJuD2JJNQ,grand-terrace-california
https://www.ubereats.com/palm-springs/food-delivery/mr-rice/-W1FTV-tSfu5uKRNDjLqIw,grand-terrace-california
https://www.ubereats.com/inland-empire/food-delivery/el-pollo-loco-2200-university-ave3695/FjfY02KLRUGbVohI2OaOaw,grand-terrace-california
https://www.ubereats.com/inland-empire/food-delivery/jack-in-the-box-12477-heacock-st/VNqvCkCRQ1OpKTxfD4wjLg,grand-terrace-california
https://www.ubereats.com/palm-springs/food-delivery/chipotle-mexican-grill-16595-sierra-lakes-pkwy-ste-100/QL0-4lF-RFq_-sN-4zRMig,grand-terrace-california
https://www.ubereats.com/inland-empire/food-delivery/sonic-1060-west-renaissance-parkway/yhvGP-IQSfaLYzo_SznReQ,grand-terrace-california
https://www.ubereats.com/inland-empire/food-delivery/starbucks-10067-sierra-avenue/xz6L8sjySlCFpW8WERUE9A,grand-terrace-california
https://www.ubereats.com/palm-springs/food-delivery/kfc-taco-bell-7347-boulder-ave/CP6k1KVpSq-SS4acpIn1rg,grand-terrace-california
https://www.ubereats.com/inland-empire/food-delivery/del-taco-4407-brockton-ave/m0qla_tOShyokH6Ewhcptw,grand-terrace-california
https://www.ubereats.com/inland-empire/food-delivery/jack-in-the-box-756-w-valley-blvd/2w7oOrysTPm_1KfXUDBVKg,grand-terrace-california
https://www.ubereats.com/palm-springs/food-delivery/family-homestyle-cafe/R_8V-CplQ2amXtoGjA3Wdw,grand-terrace-california
https://www.ubereats.com/inland-empire/food-delivery/carls-jr-green-burrito-1180-s-mount-vernon-ave/aqbtjJt0SlSXorlloib4jQ,grand-terrace-california
https://www.ubereats.com/palm-springs/food-delivery/carls-jr-22700-centerpoint-dr/dNvMAYjqRUmXh8mjjcPuCQ,grand-terrace-california
https://www.ubereats.com/inland-empire/food-delivery/strawberry-casual-kitchen/S3DKAHLuTVeZYWffvJI9bw,grand-terrace-california
https://www.ubereats.com/palm-springs/food-delivery/pietros-italian-cuisine/X6YNVxrYRge5iGeyMo1_AQ,grand-terrace-california
https://www.ubereats.com/palm-springs/food-delivery/starbucks-1280-w-blaine-street-a/QlxL9vsvRD6VgBjWtkPSnQ,grand-terrace-california
https://www.ubereats.com/inland-empire/food-delivery/panda-express-500-inland-center-drive/IhUaoNOrSdiOiurEw0L5dg,grand-terrace-california
https://www.ubereats.com/palm-springs/food-delivery/star-buffet-colton/n-UF_pdhQruUr5iLSvOepg,grand-terrace-california
https://www.ubereats.com/inland-empire/food-delivery/chipotle-mexican-grill-1314-s-riverside-ave/_Tk0ssIRRCWuC2q2mSggkQ,grand-terrace-california
https://www.ubereats.com/inland-empire/food-delivery/castanedas-mexican-food-university-ave-riverside-ca/Kwok3zrBT72TDfz771UwPw,grand-terrace-california
https://www.ubereats.com/palm-springs/food-delivery/dennys-1190-s-mt-vernon/XCmZ_IAeTgSTlRdtyCXgkA,grand-terrace-california
https://www.ubereats.com/palm-springs/food-delivery/carls-jr-green-burrito-1180-s-mount-vernon-ave/aqbtjJt0SlSXorlloib4jQ,grand-terrace-california
https://www.ubereats.com/inland-empire/food-delivery/krispy-krunchy-chicken-rialto/0iedXe2lRc-Xq5yF01Vwdg,grand-terrace-california
https://www.ubereats.com/inland-empire/food-delivery/los-zarapes-restaurant/Av0AIEm8TX-s8tckcXuwxg,grand-terrace-california
https://www.ubereats.com/inland-empire/food-delivery/star-buffet-colton/n-UF_pdhQruUr5iLSvOepg,grand-terrace-california
https://www.ubereats.com/palm-springs/food-delivery/seattles-best-teriyaki/E5CS36tJRrCbiW7ToLgzhg,grand-terrace-california
https://www.ubereats.com/inland-empire/food-delivery/el-pollo-loco-3655-riverside-plaza6048/ijA_nxvCQmOkbrnemeZjPA,grand-terrace-california
https://www.ubereats.com/palm-springs/food-delivery/waba-grill-27511-san-bernardino/eagUPl35TFK3RPfagvsDww,grand-terrace-california
https://www.ubereats.com/palm-springs/food-delivery/farmer-boys-university-ave/z32CHI7CRwWmkbgdkaGXKA,grand-terrace-california
https://www.ubereats.com/palm-springs/food-delivery/culichi-town-rialto/5gwx5hmrTv6MW8ueg9fikw,grand-terrace-california
https://www.ubereats.com/inland-empire/food-delivery/black-angus-steakhouse-san-bernardino/_JEU2sMCRhKJcHScBYqyxA,grand-terrace-california
https://www.ubereats.com/palm-springs/food-delivery/kfc-%2339-645-e-redlands-blvd/TY6YR8ByRtK25A0IMH2AAA,grand-terrace-california
https://www.ubereats.com/palm-springs/food-delivery/jersey-mikes-subs-186-e-easton-st/tPUMXV8NSK-9_q8Vk9QHDQ,grand-terrace-california
https://www.ubereats.com/palm-springs/food-delivery/starbucks-12515-frederick-street/9sbVUvbfR3S0VP7vEVBZTw,grand-terrace-california
https://www.ubereats.com/inland-empire/food-delivery/chipotle-mexican-grill-1092-e-hospitality-ln-ste-b/XTA2-4gaRleQsx2rIDig4Q,grand-terrace-california
https://www.ubereats.com/palm-springs/food-delivery/wienerschnitzel-2011-e-washington-street/uBjBtSJZTwu5TmBhnHcVTA,grand-terrace-california
https://www.ubereats.com/inland-empire/food-delivery/waba-grill-25717-barton-rd-loma-linda/GjvUf6t6SIyJi6fLtD8nxw,grand-terrace-california
https://www.ubereats.com/inland-empire/food-delivery/panda-express-12610-day-street/mc5-AvkDSzeRHqd-rebfqA,grand-terrace-california
https://www.ubereats.com/inland-empire/food-delivery/outback-steakhouse-22680-centerpoint-dr/NE4hVPJPSTaolQCyReGgcw,grand-terrace-california
https://www.ubereats.com/inland-empire/food-delivery/albertos-mexican-food-5274-arlington/rcaoPSmUQ66yUAlo3b0KCA,grand-terrace-california
https://www.ubereats.com/inland-empire/food-delivery/ihop-4023-university/YV930X7HQjuS-82KNJQ3Xw,grand-terrace-california
https://www.ubereats.com/palm-springs/food-delivery/tea-terminals/z9X1L6TDQr6KPPyBJIe7Tw,grand-terrace-california
https://www.ubereats.com/inland-empire/food-delivery/tacos-mexico-san-bernardino-ca/RckxIVShTSS8V3Z6rFl2WQ,grand-terrace-california
https://www.ubereats.com/inland-empire/food-delivery/jamba-juice-27510-lugonia-ave-ste-f/l3ISNSBsSG6PIOG_nQxCag,grand-terrace-california
https://www.ubereats.com/palm-springs/food-delivery/hong-kong-express/5yDAjbZCQ3OUTbUR5xaTQw,grand-terrace-california
https://www.ubereats.com/inland-empire/food-delivery/hot-dog-on-a-stick-110-inland-ctr/C8P92-wTTpWSHUnWXs6bAA,grand-terrace-california
https://www.ubereats.com/inland-empire/food-delivery/five-guys-ca-1271-10060-alabama-street/7Hu0tqrZTHiRzUiukV6Esw,grand-terrace-california
https://www.ubereats.com/inland-empire/food-delivery/la-michocana-alessandro-blvd/N4XNYjMfRHqPtU3kVF-LQg,grand-terrace-california
https://www.ubereats.com/inland-empire/food-delivery/sunnymead-burgers/NETFFRNBT2yLroWy1yj75Q,grand-terrace-california
https://www.ubereats.com/inland-empire/food-delivery/ie-vegan-thai-chinese/1_odNEkTS_Wn3idXzkQx9w,grand-terrace-california
https://www.ubereats.com/inland-empire/food-delivery/nekter-juice-bar-16421-sierra-lakes-pkwy/jKLEJ0VWRkunJ4NfmtqZgg,grand-terrace-california
https://www.ubereats.com/palm-springs/food-delivery/mariscos-las-reynitas/2eQyqzZqSUeybkJTjNbCfQ,grand-terrace-california
https://www.ubereats.com/inland-empire/food-delivery/babas-chicken/WgWe23j0Q0GgpAKP6V7XqA,grand-terrace-california
https://www.ubereats.com/inland-empire/food-delivery/the-cupcake-and-espresso-bar-day-street/WjZOwA1ASnaYiI2GemGSAw,grand-terrace-california
https://www.ubereats.com/inland-empire/food-delivery/jack-in-the-box-497-s-e-st/qxEQSyluRBG2r2DuCg9eNg,grand-terrace-california
https://www.ubereats.com/palm-springs/food-delivery/farmer-boys-alessando-blvd/spOqJ2JDReuO2yjVMHuf2w,grand-terrace-california
https://www.ubereats.com/palm-springs/food-delivery/bk-subs-loma-linda/VexN3bu0QkCKhLUq3vm68g,grand-terrace-california
https://www.ubereats.com/inland-empire/food-delivery/baja-fresh-745-e-hospitality-ln-ste-c/Y1bJcr8NTTidI1aaiaPcTw,grand-terrace-california
https://www.ubereats.com/inland-empire/food-delivery/mr-taco-fresh-mexican-grill-main-st/z8PTh1JMR56c6d8fhRkxhQ,grand-terrace-california
https://www.ubereats.com/inland-empire/food-delivery/chipotle-mexican-grill-186-e-easton-st-ste-a/88Gg7K6URZupjApFp_T6uA,grand-terrace-california
https://www.ubereats.com/inland-empire/food-delivery/culichi-town-moreno-valley/4Z6Oqa_QQ8aenWtBADEgOQ,grand-terrace-california
https://www.ubereats.com/inland-empire/food-delivery/starbucks-12515-frederick-street/9sbVUvbfR3S0VP7vEVBZTw,grand-terrace-california
https://www.ubereats.com/palm-springs/food-delivery/pasquallys-pizza-%26-wings-777-east-hospitality-lane/c2m5yL2XRYanuwYqzQYvNQ,grand-terrace-california
https://www.ubereats.com/inland-empire/food-delivery/miguels-jr-grand-terrace/Gzhwpc_5R06JNPfewKjGTQ,grand-terrace-california
https://www.ubereats.com/palm-springs/food-delivery/sierra-noodle-house/MBvEwZ7GRR-zV4AUVDKDGg,grand-terrace-california
https://www.ubereats.com/palm-springs/food-delivery/starbucks-1265-alabama-street/4P2-oW5sR3iV7ieT6a6Dow,grand-terrace-california
https://www.ubereats.com/inland-empire/food-delivery/tacos-los-compadres/0a3vBq7YQzamW-oYtHR3gQ,grand-terrace-california
https://www.ubereats.com/palm-springs/food-delivery/la-michoacana-signature-treats-rialto/lTVQYIYJS9eOXMEMD5zEEg,grand-terrace-california
https://www.ubereats.com/inland-empire/food-delivery/socal-subs/SjLnXG4WSbWE9JBefIdbbw,grand-terrace-california
https://www.ubereats.com/inland-empire/food-delivery/carls-jr-1505-e-highland-ave/hFcKl9uLTqmF9xmLuIFRbw,grand-terrace-california
https://www.ubereats.com/palm-springs/food-delivery/krispy-krunchy-chicken-605-north-h-street/zJ3rXOHnTgGJP0G25DvO6w,grand-terrace-california
https://www.ubereats.com/inland-empire/food-delivery/farmer-boys-san-bernadino-ave/ZSXTbLnAR529vdXoq_dtEQ,grand-terrace-california
https://www.ubereats.com/inland-empire/food-delivery/kfc-%2320-9758-sierra-ave/sP5rdPEnTZ2PNOH4F-zf_Q,grand-terrace-california
https://www.ubereats.com/inland-empire/food-delivery/mcdonalds-22257-barton-rd/u3mZzCC5RNyOm6kq1U6Mqw,grand-terrace-california
https://www.ubereats.com/inland-empire/food-delivery/el-torito-118-e-hospitality-lane/1SADsnvhRbSOzalEoS76Nw,grand-terrace-california
https://www.ubereats.com/inland-empire/food-delivery/pappasitos-mexican-grill-%26-seafood/OZaiWJ2rQvCvpEI_8_F9Fw,grand-terrace-california
https://www.ubereats.com/palm-springs/food-delivery/cajun-crab/jl47YrVyT0q5KAK45Dlmmw,grand-terrace-california
https://www.ubereats.com/inland-empire/food-delivery/la-pizza-loca-san-bernardino/011ucI1nR_GxLPokrdMHnA,grand-terrace-california
https://www.ubereats.com/inland-empire/food-delivery/rockstar-shrimp/k0So1g9ASk2pOvd8d2Ucsg,grand-terrace-california
https://www.ubereats.com/palm-springs/food-delivery/jasmine-garden/AWE7DUdJSHSUvxnipUHRJA,grand-terrace-california
https://www.ubereats.com/inland-empire/food-delivery/cajun-crab/jl47YrVyT0q5KAK45Dlmmw,grand-terrace-california
https://www.ubereats.com/inland-empire/food-delivery/mr-rice/-W1FTV-tSfu5uKRNDjLqIw,grand-terrace-california
https://www.ubereats.com/palm-springs/food-delivery/carls-jr-green-burrito-25536-barton-rd/tap06vmXTnWv4sUZE58k7A,grand-terrace-california
https://www.ubereats.com/inland-empire/food-delivery/taco-bell-240-w-base-line-rd/JIJ04TT1SPmMj5yegiBfzA,grand-terrace-california
https://www.ubereats.com/palm-springs/food-delivery/crest-cafe-riverside/p_bYgUPLRk-mMQEnAe_A6g,grand-terrace-california
https://www.ubereats.com/inland-empire/food-delivery/arbys-670-se-st/t43ea-bzSnGiCPesXtPK3A,grand-terrace-california
https://www.ubereats.com/inland-empire/food-delivery/churchs-chicken-912-east-foothill-blvd/clbRhB4FS2qF_Ztkvc9TeQ,grand-terrace-california
https://www.ubereats.com/inland-empire/food-delivery/cinnabon-22500-town-circlesuite-1111/BjMPC1_iR2mUEHmAOU39RQ,grand-terrace-california
https://www.ubereats.com/inland-empire/food-delivery/bostons-restaurant-%26-sports-bar-16927-sierra-lakes-pkwy/odk13SRTR6KHXhfvs03G5A,grand-terrace-california
https://www.ubereats.com/palm-springs/food-delivery/five-guys-ca-1271-10060-alabama-street/7Hu0tqrZTHiRzUiukV6Esw,grand-terrace-california
https://www.ubereats.com/palm-springs/food-delivery/kays-cafe/XeOgPGQeSEug2sbskj4YVQ,grand-terrace-california
https://www.ubereats.com/palm-springs/food-delivery/starbucks-1201-university-avenue/yKOtisgdQd6uU-tepgCr_A,grand-terrace-california
https://www.ubereats.com/inland-empire/food-delivery/goodys/t2mpai7ATiCSWPpJMkkgQA,grand-terrace-california
https://www.ubereats.com/inland-empire/food-delivery/la-concha-coastal-mexican-grill/La_JW31dSCOWbyznBVPBGw,grand-terrace-california
https://www.ubereats.com/palm-springs/food-delivery/yoshinoya-2072-west-redlands-blvd/fsCT6wkOSrGt-C3HguD0Kg,grand-terrace-california
https://www.ubereats.com/inland-empire/food-delivery/michoacana-colton/tZM5xkwrRVKl-QWaP5FSzw,grand-terrace-california
https://www.ubereats.com/inland-empire/food-delivery/burger-king-2167-university-avenue/c8qKMc_ZQ0OKa_QXQT3PxQ,grand-terrace-california
https://www.ubereats.com/inland-empire/food-delivery/jamba-juice-16635-sierra-lakes-pkwy-ste-100/1HGNzn5QR0-nX4LY6ldrdQ,grand-terrace-california
https://www.ubereats.com/palm-springs/food-delivery/templo-del-sol/IbOjOYkrTmmQ3UfptejH4Q,grand-terrace-california
https://www.ubereats.com/inland-empire/food-delivery/dennys-160-w-valley-blvd/7S6qKoPdQB6n2sf049PNEQ,grand-terrace-california
https://www.ubereats.com/palm-springs/food-delivery/claim-jumper-1905-south-commercenter-east/GM4pAvWiRvqgDlE2lhZ_vA,grand-terrace-california
https://www.ubereats.com/palm-springs/food-delivery/jersey-mikes-subs-10515-sierra-ave/ZWLwlqffQMWSKFDvgZS1rg,grand-terrace-california
https://www.ubereats.com/palm-springs/food-delivery/taste-of-thai/s_gXac6PQnSgk7rPUrY5cQ,grand-terrace-california
https://www.ubereats.com/inland-empire/food-delivery/starbucks-202-e-valley-blvd/gvKA-plZT-qFNeUqya2vKw,grand-terrace-california
https://www.ubereats.com/inland-empire/food-delivery/claim-jumper-1905-south-commercenter-east/GM4pAvWiRvqgDlE2lhZ_vA,grand-terrace-california
https://www.ubereats.com/palm-springs/food-delivery/los-zarapes-restaurant/Av0AIEm8TX-s8tckcXuwxg,grand-terrace-california
https://www.ubereats.com/inland-empire/food-delivery/plant-power-fast-food-riverside/NPPohEcgSHelNZ73PVmu2w,grand-terrace-california
https://www.ubereats.com/palm-springs/food-delivery/waba-grill-1040-s-mt-vernon-ave/5q_c0sQsQsWX48t9yiIkHA,grand-terrace-california
https://www.ubereats.com/palm-springs/food-delivery/krispy-krunchy-chicken-2278-main-st/A0B-COW1SFSeJg5rm1-NBg,grand-terrace-california
https://www.ubereats.com/inland-empire/food-delivery/pollys-pies-moreno-valley/FFSFEq6OTEGSnuyjjiRMhA,grand-terrace-california
https://www.ubereats.com/palm-springs/food-delivery/yogurtland-631-orange-st/pOJeZm8ZQUaX7G_-SHvwiw,grand-terrace-california
https://www.ubereats.com/inland-empire/food-delivery/yoshinoya-2072-west-redlands-blvd/fsCT6wkOSrGt-C3HguD0Kg,grand-terrace-california
https://www.ubereats.com/palm-springs/food-delivery/schooners-burgers-n-beer/d6T_AUBWR46YLOIf7pSU3w,grand-terrace-california
https://www.ubereats.com/palm-springs/food-delivery/gus-jr-restaurants/AQIbGQ3LQtOdkM6-74nVfA,grand-terrace-california
https://www.ubereats.com/palm-springs/food-delivery/portillos-hot-dogs-12840-day-street/3WSoPO6tSd2VCTMOLrx83g,grand-terrace-california
https://www.ubereats.com/inland-empire/food-delivery/jersey-mikes-subs-186-e-easton-st/tPUMXV8NSK-9_q8Vk9QHDQ,grand-terrace-california
https://www.ubereats.com/palm-springs/food-delivery/carls-jr-25055-elder-ave/kSsyyr8jSECam__cAIf6dA,grand-terrace-california
https://www.ubereats.com/inland-empire/food-delivery/chesters-chicken-2300-e-steel-st/NJe5aR9VR4CtEwKAq37Abw,grand-terrace-california
https://www.ubereats.com/palm-springs/food-delivery/blaze-pizza-1155-w-renaissance-pkwy-%23500/NgcOnXhyQqyr6ulU4eSpVw,grand-terrace-california
https://www.ubereats.com/palm-springs/food-delivery/subway-23845-sunnymead-blvd/udG-zGt-TuGfgaot3bcNFA,grand-terrace-california
https://www.ubereats.com/palm-springs/food-delivery/del-taco-23573-sunnymead-ranch-pkwy/H605Q4EqTP6JerXOqC37kg,grand-terrace-california
https://www.ubereats.com/palm-springs/food-delivery/baguette-bakery-%26-cafe/3RMXhiDRSPaNUdVKKpLYVA,grand-terrace-california
https://www.ubereats.com/inland-empire/food-delivery/el-pollo-loco-18661-van-buren-blvd6180/knqp3G7MR4W45UlTUq-Adw,grand-terrace-california
https://www.ubereats.com/palm-springs/food-delivery/jasmine-thai-cuisine/dZkE_lLHQ16CQHPG4okn_Q,grand-terrace-california
https://www.ubereats.com/inland-empire/food-delivery/jack-in-the-box-4020-university-pkwy/dV_0-ZYuRYKZpJKvz4MvIw,grand-terrace-california
https://www.ubereats.com/inland-empire/food-delivery/jasmine-thai-cuisine/dZkE_lLHQ16CQHPG4okn_Q,grand-terrace-california
https://www.ubereats.com/palm-springs/food-delivery/kfc-%2302-808-w-highland-ave/Td0UFnGfR8m9WEgb0FPjZA,grand-terrace-california
https://www.ubereats.com/palm-springs/food-delivery/mod-pizza-arlington-plaza/uLWfQ7GeR4SkT2D0scnLYg,grand-terrace-california
https://www.ubereats.com/inland-empire/food-delivery/jack-in-the-box-193-e-40th-st/q3sq0tklTHWjE-6Ktc9udw,grand-terrace-california
https://www.ubereats.com/palm-springs/food-delivery/lucians-pizza/zefg4fq5Ry2WUzANRFjamA,grand-terrace-california
https://www.ubereats.com/palm-springs/food-delivery/tacos-arandas-moreno-valley/bBY7Hmh-QlWeieyZjV8Vdw,grand-terrace-california
https://www.ubereats.com/inland-empire/food-delivery/namaste-indian-kitchen/LMvh10A0RlO5dz61NK2kCQ,grand-terrace-california
https://www.ubereats.com/inland-empire/food-delivery/krispy-krunchy-chicken-2278-main-st/A0B-COW1SFSeJg5rm1-NBg,grand-terrace-california
https://www.ubereats.com/inland-empire/food-delivery/jack-in-the-box-3886-chicago-ave/sEkOHRnZR9OXFLs-brJAQg,grand-terrace-california
https://www.ubereats.com/inland-empire/food-delivery/mcdonalds-2246-iowa-avenue/QiFXzGtrRQmFkpHro--xkA,grand-terrace-california
https://www.ubereats.com/inland-empire/food-delivery/golden-corral-325-e-hospitality-lane/HoqI2zIGSpOAVx2na3iBCA,grand-terrace-california
https://www.ubereats.com/inland-empire/food-delivery/woodys-classic-grill/kq6qcnUaQd2MsNmvCJ_syQ,grand-terrace-california
https://www.ubereats.com/inland-empire/food-delivery/tuition-tacos/DbxWzN-9TB6SdK3FftWjuw,grand-terrace-california
https://www.ubereats.com/inland-empire/food-delivery/jack-in-the-box-1199-n-mt-vernon-ave/K_y6K6EeShWmqS_IzwMViQ,grand-terrace-california
https://www.ubereats.com/palm-springs/food-delivery/bjs-restaurant-%26-brewhouse-22920-centerpoint-drive/4D8nJK94SYCjtQNuJtBp2A,grand-terrace-california
https://www.ubereats.com/palm-springs/food-delivery/ocean-pho-riverside/3RmeasoDS3mvMdD5IHGqiw,grand-terrace-california
https://www.ubereats.com/inland-empire/food-delivery/subway-1353-w-mill-st/cApdZxUkR_qnjXmmnxFPwQ,grand-terrace-california
https://www.ubereats.com/inland-empire/food-delivery/hong-kong-express/5yDAjbZCQ3OUTbUR5xaTQw,grand-terrace-california
https://www.ubereats.com/palm-springs/food-delivery/dennys-160-w-valley-blvd/7S6qKoPdQB6n2sf049PNEQ,grand-terrace-california
https://www.ubereats.com/inland-empire/food-delivery/taco-bell-1225-w-colton/w0JZqxgMSyaHCXJ4xoq8Qg,grand-terrace-california
https://www.ubereats.com/inland-empire/food-delivery/rallys-12721-moreno-beach-dr/YJBGKaaWRMmpolR-ccnsBQ,grand-terrace-california
https://www.ubereats.com/inland-empire/food-delivery/mercado-don-juan/GWk7lrUbQcCyxK9cX6gsoA,grand-terrace-california
https://www.ubereats.com/palm-springs/food-delivery/the-old-spaghetti-factory-redlands/iyG1zS4wTnKp9lu-EwQAmg,grand-terrace-california
https://www.ubereats.com/palm-springs/food-delivery/winchells-donut-house-1705-university-ave/GJZp2FnoQWmhKxU_zg_qNw,grand-terrace-california
https://www.ubereats.com/inland-empire/food-delivery/firehouse-subs-loma-linda/53vRfIE_T6ykbysOFXaVcg,grand-terrace-california
https://www.ubereats.com/inland-empire/food-delivery/mod-pizza-arlington-plaza/uLWfQ7GeR4SkT2D0scnLYg,grand-terrace-california
https://www.ubereats.com/inland-empire/food-delivery/waba-grill-1594-w-base-line-st/q1qwrABsR4ChouB1WsAnUA,grand-terrace-california
https://www.ubereats.com/inland-empire/food-delivery/subway-291-e-valley-blvd/v9r1SV8jTpuNB_oVeAF6eA,grand-terrace-california
https://www.ubereats.com/inland-empire/food-delivery/popeyes-198-e-redlands-blvd/Nzoh8KU8QiSwINWgZAEzPw,grand-terrace-california
https://www.ubereats.com/inland-empire/food-delivery/rubios-2694-canyon-spr-pkwy/BfxOynvuSqqvkwpsspQj7g,grand-terrace-california
https://www.ubereats.com/inland-empire/food-delivery/del-taco-519-s-riverside-ave/jDcydOTuTwK0uZcphuloLw,grand-terrace-california
https://www.ubereats.com/inland-empire/food-delivery/zaky-mediterranean-grill-fontana/UrPOdp5VTK2n6SRePu2ENQ,grand-terrace-california
https://www.ubereats.com/inland-empire/food-delivery/mcdonalds-225-w-valley-blvd/GCTD2ILUQ8KP51C_LGX6ow,grand-terrace-california
https://www.ubereats.com/inland-empire/food-delivery/farmer-boys/K2qdcD3yQXqcPi6MJLyhHA,grand-terrace-california
https://www.ubereats.com/inland-empire/food-delivery/blaze-pizza-1155-w-renaissance-pkwy-%23500/NgcOnXhyQqyr6ulU4eSpVw,grand-terrace-california
https://www.ubereats.com/palm-springs/food-delivery/starbucks-202-e-valley-blvd/gvKA-plZT-qFNeUqya2vKw,grand-terrace-california
https://www.ubereats.com/inland-empire/food-delivery/starbucks-126-e-redlands-blvd/akfjXw_sQZmQGc872nYSiA,grand-terrace-california
https://www.ubereats.com/inland-empire/food-delivery/wienerschnitzel-2011-e-washington-street/uBjBtSJZTwu5TmBhnHcVTA,grand-terrace-california
https://www.ubereats.com/palm-springs/food-delivery/greedy-cat-%E9%A6%8B%E7%8C%AB%E7%83%A4%E9%B1%BC/i4TiR6_cQzijWWGSLG3MHQ,grand-terrace-california
https://www.ubereats.com/inland-empire/food-delivery/panda-express-745-e-hospitality-lane/qkVtX6v8Tp2HP0EmpqzUqQ,grand-terrace-california
https://www.ubereats.com/inland-empire/food-delivery/juanitos-taco/EWE9W3zvQm-l2uezbALeUA,grand-terrace-california
https://www.ubereats.com/palm-springs/food-delivery/river-khwae-thai-cuisine/jtG3icv1Spa0cnjaSGxmMQ,grand-terrace-california
https://www.ubereats.com/inland-empire/food-delivery/kfc-%2316-24866-redlands-blvd/Ko4U4Et2R4K_DQceadyonQ,grand-terrace-california
https://www.ubereats.com/inland-empire/food-delivery/hiccups-loma-linda/45-_wOuyROK6OAtXKmYMiw,grand-terrace-california
https://www.ubereats.com/inland-empire/food-delivery/dennys-1190-s-mt-vernon/XCmZ_IAeTgSTlRdtyCXgkA,grand-terrace-california
https://www.ubereats.com/inland-empire/food-delivery/subway-1340-center-st/jU11G62JTmWoyqbOgzprQg,grand-terrace-california
https://www.ubereats.com/inland-empire/food-delivery/tower-pizza/o8aooGGvRUaAjtF8I5bhMA,grand-terrace-california
https://www.ubereats.com/palm-springs/food-delivery/macaroni-grill-redlands/ddIAzv6BRma_6S7PFpuLIA,grand-terrace-california
https://www.ubereats.com/palm-springs/food-delivery/farmer-boys/K2qdcD3yQXqcPi6MJLyhHA,grand-terrace-california
https://www.ubereats.com/inland-empire/food-delivery/oggis-sports-%7C-brewhouse-%7C-pizza-fontana/JZzakotMQeWiIz1o_NPhrg,grand-terrace-california
https://www.ubereats.com/inland-empire/food-delivery/kabab-el-basha/J90dn71sQDOeLIwYaIX_Wg,grand-terrace-california
https://www.ubereats.com/palm-springs/food-delivery/jade-inn/R6l8mEzCT8qmwdpr0F5m3w,grand-terrace-california
https://www.ubereats.com/palm-springs/food-delivery/golden-pizza/_hTdzS7AR-qu-LX8kv51Zg,grand-terrace-california
https://www.ubereats.com/inland-empire/food-delivery/el-gallo-giro-fontana/2xYLsvZrT96Et4wsC5Ajqg,grand-terrace-california
https://www.ubereats.com/inland-empire/food-delivery/el-ranchero-mexican-grill-fontana/PrsptnZ8Rny7A0IVHJfp3A,grand-terrace-california
https://www.ubereats.com/inland-empire/food-delivery/jojos-grill-a-dog-redlands/jqrxz-pkT9WEcl9I_hX_HA,grand-terrace-california
https://www.ubereats.com/palm-springs/food-delivery/soho-ramen/mS3hg2UnQg6NTsw_P4bdpA,grand-terrace-california
https://www.ubereats.com/inland-empire/food-delivery/golden-dragon/A9nCVgLeRJysf4fpXQyW_A,grand-terrace-california
https://www.ubereats.com/inland-empire/food-delivery/carls-jr-25055-elder-ave/kSsyyr8jSECam__cAIf6dA,grand-terrace-california
https://www.ubereats.com/inland-empire/food-delivery/tacos-gavilan-rialto/BURDOUabTuOJJF56FEdkzA,grand-terrace-california
https://www.ubereats.com/inland-empire/food-delivery/taste-of-thai/s_gXac6PQnSgk7rPUrY5cQ,grand-terrace-california
https://www.ubereats.com/palm-springs/food-delivery/farmer-boys-san-bernadino-ave/ZSXTbLnAR529vdXoq_dtEQ,grand-terrace-california
https://www.ubereats.com/palm-springs/food-delivery/wienerschnitzel-1961-redlands-blvd/5TZoYxEoSqC6rk2uA_iI1w,grand-terrace-california
https://www.ubereats.com/palm-springs/food-delivery/bravos-california-fresh-moreno-valley/OHrI7zQeSCSnCJz_Y-ZlsQ,grand-terrace-california
https://www.ubereats.com/inland-empire/food-delivery/dinos-pizza-wings-subs/VKVoSJeWS_eSUNDNO_4O5Q,grand-terrace-california
https://www.ubereats.com/inland-empire/food-delivery/burger-king-205-east-redlands/vgZeUBbpRIu0J4hafq1j0A,grand-terrace-california
https://www.ubereats.com/inland-empire/food-delivery/gandhi-indian-cuisine-%26-banquet/FOIkqKcTSW62ovUy28KKfQ,grand-terrace-california
https://www.ubereats.com/palm-springs/food-delivery/sams-bann-thai/EXHXkpThQrKGnA8T0PNoWw,grand-terrace-california
https://www.ubereats.com/inland-empire/food-delivery/jamba-juice-12430-day-st-ste-c-4/0cyLXIvaQj-ZEHNdcQX7PA,grand-terrace-california
https://www.ubereats.com/inland-empire/food-delivery/waba-grill-2585-canyon-springs-parkway-riverside/-cTFfyY5S4C5NYFHDwiEeQ,grand-terrace-california
https://www.ubereats.com/inland-empire/food-delivery/subway-12081-mt-vernon-ave/0OzXkTQ2RhGLsVkGtu3hjw,grand-terrace-california
https://www.ubereats.com/inland-empire/food-delivery/starbucks-1420-s-riverside-ave/F5mRU77OTCaIxRBl5atJnQ,grand-terrace-california
https://www.ubereats.com/inland-empire/food-delivery/krispy-krunchy-chicken-605-north-h-street/zJ3rXOHnTgGJP0G25DvO6w,grand-terrace-california
https://www.ubereats.com/inland-empire/food-delivery/king-kebab/Z4weHhkwRHemnYAkxbGLgQ,grand-terrace-california
https://www.ubereats.com/inland-empire/food-delivery/burgerim/hrZHdrhPQmyeHBQhuXdlYQ,grand-terrace-california
https://www.ubereats.com/inland-empire/food-delivery/the-habit-burger-grill-1205-w-renaissance-pkwy-suite-200/ej00SOdCQZ-RFv1XaZ_WTg,grand-terrace-california
https://www.ubereats.com/palm-springs/food-delivery/cracker-barrel-old-country-store-1080-west-renaissance-pwky/vuEEGAVaTIGPDPgffeSDvg,grand-terrace-california
https://www.ubereats.com/inland-empire/food-delivery/carls-jr-7261-boulder-ave/PeVgPkuvSqC6FegO0bDW2Q,grand-terrace-california
https://www.ubereats.com/inland-empire/food-delivery/jersey-mikes-subs-400-w-stuart-avenue/7ATyrFo5QYytz6cowrORMw,grand-terrace-california
https://www.ubereats.com/inland-empire/food-delivery/del-taco-834-w-valley-blvd/2r0FAafHSMudXmoiB5xiYQ,grand-terrace-california
https://www.ubereats.com/palm-springs/food-delivery/dinos-pizza-wings-subs/VKVoSJeWS_eSUNDNO_4O5Q,grand-terrace-california
https://www.ubereats.com/inland-empire/food-delivery/burgerim-1201-university-ave-%23110/-hvDQmIbQXKsxxIaC0J4vg,grand-terrace-california
https://www.ubereats.com/inland-empire/food-delivery/starbucks-1280-w-blaine-street-a/QlxL9vsvRD6VgBjWtkPSnQ,grand-terrace-california
https://www.ubereats.com/inland-empire/food-delivery/panda-express-27720-base-line-street/BasIQpD8TN6b7phaHLiPdA,grand-terrace-california
https://www.ubereats.com/inland-empire/food-delivery/margaritas-grill-restaurant/Ri3Bl5jdRyeqiER87LVL3w,grand-terrace-california
https://www.ubereats.com/inland-empire/food-delivery/indias-clay-oven-san-bernardino/SneAhFjtROKW8CXuHZGx-A,grand-terrace-california
https://www.ubereats.com/inland-empire/food-delivery/jamba-juice-1725-northpark-blvd-unit-2/G17iP9nbScOI8nrsginGcg,grand-terrace-california
https://www.ubereats.com/palm-springs/food-delivery/redhill-coffee-shop-fontana/oIxFZyCvROq5MKsnUjnH4w,grand-terrace-california
https://www.ubereats.com/palm-springs/food-delivery/ihop-2575-highland-ave/xi5ttCaiTa2YaMdaRK5DZg,grand-terrace-california
https://www.ubereats.com/inland-empire/food-delivery/tacos-arandas-moreno-valley/bBY7Hmh-QlWeieyZjV8Vdw,grand-terrace-california
https://www.ubereats.com/inland-empire/food-delivery/starbucks-601-w-2nd-st/Mlrdiza4RA2xZ4YqJbnGXg,grand-terrace-california
https://www.ubereats.com/palm-springs/food-delivery/subway-2097-e-washington-st/qQi299y1SYSafimXsvJVKA,grand-terrace-california
https://www.ubereats.com/inland-empire/food-delivery/rok-n-fondue/y1ywuV5aTlyVyQAIX1Y07g,grand-terrace-california
https://www.ubereats.com/inland-empire/food-delivery/el-pollo-loco-1090-s-mount-vernon3506/UmSijGqwTyy4KTUcBSnAow,grand-terrace-california
https://www.ubereats.com/palm-springs/food-delivery/carls-jr-green-burrito-192-e-redlands-blvd/4k4JDidwQ86kare8-pExqw,grand-terrace-california
https://www.ubereats.com/palm-springs/food-delivery/dukes-bar-and-grill/OZii9b74RwavLtpsg8zFBg,grand-terrace-california
https://www.ubereats.com/palm-springs/food-delivery/matsuri-japanese-restaurant/fm478QNaST2aSsmF1nUeCQ,grand-terrace-california
https://www.ubereats.com/inland-empire/food-delivery/pollo-campero-san-bernardino-harriman-place/R6K33o9cRdO13Z9tQLjlYA,grand-terrace-california
https://www.ubereats.com/inland-empire/food-delivery/pig-pen-delicacy-riverside/D-nAo27QR1O2RayA0Bx03w,grand-terrace-california
https://www.ubereats.com/palm-springs/food-delivery/subway-12081-mt-vernon-ave/0OzXkTQ2RhGLsVkGtu3hjw,grand-terrace-california
https://www.ubereats.com/palm-springs/food-delivery/la-pizza-loca-san-bernardino/011ucI1nR_GxLPokrdMHnA,grand-terrace-california
https://www.ubereats.com/inland-empire/food-delivery/the-cookie-plug/SXB2UUFfSl60FO3PyOtkQw,grand-terrace-california
https://www.ubereats.com/inland-empire/food-delivery/gus-jr-restaurants/AQIbGQ3LQtOdkM6-74nVfA,grand-terrace-california
https://www.ubereats.com/inland-empire/food-delivery/tgi-fridays-1917-san-bernardino-ca/wRbfC7FkRL2hBAiMaKlzGw,grand-terrace-california
https://www.ubereats.com/palm-springs/food-delivery/applebees-3820-mulberry-%2379053/r8gzGMOlRCKZgetuF-asMw,grand-terrace-california
https://www.ubereats.com/inland-empire/food-delivery/eureka!-redlands/oqlIEz4-SzSvr3yYCpu6Aw,grand-terrace-california
https://www.ubereats.com/inland-empire/food-delivery/wendys-1991-redlands-blvd/iIZFFnVPSvydgghurovBjA,grand-terrace-california
https://www.ubereats.com/inland-empire/food-delivery/bjs-restaurant-%26-brewhouse-22920-centerpoint-drive/4D8nJK94SYCjtQNuJtBp2A,grand-terrace-california
https://www.ubereats.com/palm-springs/food-delivery/antonious-pizza-%26-cafe/kDuvCDL1RJ6FX28FVywrBA,grand-terrace-california
https://www.ubereats.com/palm-springs/food-delivery/waba-grill-27923-greenspot-road-suite-d/rch79OnET52LDbNSVfvZbA,grand-terrace-california
https://www.ubereats.com/palm-springs/food-delivery/california-pizza-kitchen-3540-riverside-plaza-ste-%23308/xo50G-JZRFaC_h2a4N3DrQ,grand-terrace-california
https://www.ubereats.com/inland-empire/food-delivery/mcdonalds-1201-s-mount-vernon-ave/Fu9PkdNaQ92pfIGFG-KJiQ,grand-terrace-california
https://www.ubereats.com/palm-springs/food-delivery/subway-1130-n-pepper-ave-%23a/U4fr7y9LRC655bLXpIkz-A,grand-terrace-california
https://www.ubereats.com/inland-empire/food-delivery/jersey-mikes-subs-12625-frederick-street/N9c5w0OlTvKagO-GIW-YBw,grand-terrace-california
https://www.ubereats.com/palm-springs/food-delivery/the-9th-street-eatery/5qk-UU7yQTq92lEo6nXyFw,grand-terrace-california
https://www.ubereats.com/inland-empire/food-delivery/mirchi/zQQUqpOASeWLijyfS9ugow,grand-terrace-california
https://www.ubereats.com/inland-empire/food-delivery/jersey-mikes-subs-3540-riverside-plaza-drive/V7lorFVVTLue6QuoEmINPQ,grand-terrace-california
https://www.ubereats.com/inland-empire/food-delivery/my-hero-subs/PcBzC7bXRwW8JD09BSpy9Q,grand-terrace-california
https://www.ubereats.com/inland-empire/food-delivery/punjab-palace/blFkwneLQ8SjbTpFkMqbSQ,grand-terrace-california
https://www.ubereats.com/inland-empire/food-delivery/masters-donuts/AFnmLpUuRhyKUoGds4JCkA,grand-terrace-california
https://www.ubereats.com/palm-springs/food-delivery/369-ramen-%26-poke-moreno-valley/z2_x66bXTN-MwwXMN_xIyQ,grand-terrace-california
https://www.ubereats.com/inland-empire/food-delivery/chapala-restaurant/0EAyh6TQRtyu8_wJusskGw,grand-terrace-california
https://www.ubereats.com/inland-empire/food-delivery/ramenkoko/rHUTFwegSvu4E1m9QriggQ,grand-terrace-california
https://www.ubereats.com/inland-empire/food-delivery/green-burrito-1250-university-ave/JLQigQy_ST-wur5qG2NyNA,grand-terrace-california
https://www.ubereats.com/inland-empire/food-delivery/waba-grill-24940-redlands-blvd-loma-linda/DK7LUX9CQie1CBDOWqq1ng,grand-terrace-california
https://www.ubereats.com/palm-springs/food-delivery/ihop-24318-hemlock/CRVGddUBQvK47orCGNoYDQ,grand-terrace-california
https://www.ubereats.com/inland-empire/food-delivery/simply-cakes-etc-bakery/jmFSs-5XTQaBw9x1UX-LlA,grand-terrace-california
https://www.ubereats.com/palm-springs/food-delivery/la-michoacana-delicious-ice-cream/5JXCDM1cR1GY2RkNPc6oxA,grand-terrace-california
https://www.ubereats.com/palm-springs/food-delivery/auntie-annes-22500-town-cir-ste-1048/w7fx6JQbS-qoOCrbn_gjDw,grand-terrace-california
https://www.ubereats.com/palm-springs/food-delivery/nickelodeon-pizza/yZMHxMXITP-Qq8leBtwqdQ,grand-terrace-california
https://www.ubereats.com/inland-empire/food-delivery/sams-bann-thai/EXHXkpThQrKGnA8T0PNoWw,grand-terrace-california
https://www.ubereats.com/inland-empire/food-delivery/bluewater-poke/FmWlX5KSRByiEs15fJdzRA,grand-terrace-california
https://www.ubereats.com/palm-springs/food-delivery/babas-chicken/WgWe23j0Q0GgpAKP6V7XqA,grand-terrace-california
https://www.ubereats.com/inland-empire/food-delivery/kfc-taco-bell-792-w-valley-blvd/vfB6447fRQqCf2sulRc5WA,grand-terrace-california
https://www.ubereats.com/inland-empire/food-delivery/dia-de-los-puercos-riverside/_AcbfCqUSaOWfisSCXnXOQ,grand-terrace-california
https://www.ubereats.com/palm-springs/food-delivery/papa-johns-colton/PQRg0zLLSJW5bDSjSCelug,grand-terrace-california
https://www.ubereats.com/inland-empire/food-delivery/mcdonalds-1208-n-mt-vernon-blvd/xmHpZrDxTrOVQupRkr1How,grand-terrace-california
https://www.ubereats.com/palm-springs/food-delivery/namaste-indian-kitchen/LMvh10A0RlO5dz61NK2kCQ,grand-terrace-california
https://www.ubereats.com/inland-empire/food-delivery/del-taco-1255-university-ave/T-mSGShHQLuq_eog9BZmmw,grand-terrace-california
https://www.ubereats.com/inland-empire/food-delivery/honey-baked-ham-san-bernardino/-UuDHpA7RM-eSSFC6h65vg,grand-terrace-california
https://www.ubereats.com/inland-empire/food-delivery/the-cali-grub/Tr9XHiLNSjO4KfG1nWZBuw,grand-terrace-california
https://www.ubereats.com/palm-springs/food-delivery/farmer-boys-kendall-drive/3EL62pmaRp6U2UDF6iPjRg,grand-terrace-california
https://www.ubereats.com/inland-empire/food-delivery/waba-grill-4077-university-pkwy-san-bernardino/ti9nK2C2S8q5ZRqjqyUJPw,grand-terrace-california
https://www.ubereats.com/inland-empire/food-delivery/wendys-1090-n-pepper-ave/97uqhA1WQVehwsrEoGffRQ,grand-terrace-california
https://www.ubereats.com/inland-empire/food-delivery/waba-grill-27511-san-bernardino/eagUPl35TFK3RPfagvsDww,grand-terrace-california
https://www.ubereats.com/inland-empire/food-delivery/jamba-juice-27993-greenspot-rd-ste-20/XNWX6QXhQdS1JOwrQvyTAA,grand-terrace-california
https://www.ubereats.com/inland-empire/food-delivery/cracker-barrel-old-country-store-1080-west-renaissance-pwky/vuEEGAVaTIGPDPgffeSDvg,grand-terrace-california
https://www.ubereats.com/inland-empire/food-delivery/antonious-pizza-cafe-downtown/p-JkNK6qSJ2uTFrddaoX_g,grand-terrace-california
https://www.ubereats.com/inland-empire/food-delivery/bravos-california-fresh-moreno-valley/OHrI7zQeSCSnCJz_Y-ZlsQ,grand-terrace-california
https://www.ubereats.com/inland-empire/food-delivery/rallys-300-south-riverside-avenue/zKGHLzRlSHaBVUhINw_Eww,grand-terrace-california
https://www.ubereats.com/inland-empire/food-delivery/himalayan-eatery/9aTT34ZwTT25YdaQG9sQDQ,grand-terrace-california
