url,city
https://www.ubereats.com/san-diego/food-delivery/erikas-mexican-food-%26-seafood/XIPvyGjWSeWlwStRmi4LMQ,san-marcos-california
https://www.ubereats.com/san-diego/food-delivery/thai-pasta/n8Q-omMAR0WkcpZuEdyuNA,san-marcos-california
https://www.ubereats.com/san-diego/food-delivery/philly-franks-steaks/SZ1PeiPMT_iXAm7yBWTq1Q,san-marcos-california
https://www.ubereats.com/san-diego/food-delivery/wasabi-japanese-cuisine/y7apNU0iTfaoGIMXuCfNYg,san-marcos-california
https://www.ubereats.com/san-diego/food-delivery/kokage/F8Awvfe1QI2961k00wje0A,san-marcos-california
https://www.ubereats.com/san-diego/food-delivery/kettle-coffee-%26-tea/txEFJZyMRw2SXP9ByXSveQ,san-marcos-california
https://www.ubereats.com/san-diego/food-delivery/tempo-kitchen/y1PInjXUSE-obWMVf5KANw,san-marcos-california
https://www.ubereats.com/san-diego/food-delivery/mariscos-la-baja/0mj8JfyXR42hwL_fp1gGwA,san-marcos-california
https://www.ubereats.com/san-diego/food-delivery/tin-leaf-fresh-kitchen/PiSvEkJHTcKHRFLkErsICg,san-marcos-california
https://www.ubereats.com/san-diego/food-delivery/kfc-771-center-drive/49Ogq-WtQfaecR8jo5LRwA,san-marcos-california
https://www.ubereats.com/san-diego/food-delivery/mikko-sushi/i73FpF3NRtu6FpDKA1xDow,san-marcos-california
https://www.ubereats.com/san-diego/food-delivery/del-taco-1270-w-valley-pkwy/qNoYCw32TBW2YPrRks33ww,san-marcos-california
https://www.ubereats.com/san-diego/food-delivery/big-bowl-now/8qMgOj7FSF68Qf5DH8VJEw,san-marcos-california
https://www.ubereats.com/san-diego/food-delivery/carlsbad-ranch-market-vista/H6_4oyTCSf60vdo0DEcQLA,san-marcos-california
https://www.ubereats.com/san-diego/food-delivery/cotijas-taco-shop/rZFVqrrGTOqFnZjA3n9-Lw,san-marcos-california
https://www.ubereats.com/san-diego/food-delivery/jamba-juice-1282-auto-park-way-ste-b/7uUkcB9ZTWuEydkdcCY6sQ,san-marcos-california
https://www.ubereats.com/san-diego/food-delivery/the-juicy-bar/WzEQlHgDSBCsZjZUavU3cw,san-marcos-california
https://www.ubereats.com/san-diego/food-delivery/oggis-sports-i-brewhouse-i-pizza/lG2yy2zqREyVIYETzfh85Q,san-marcos-california
https://www.ubereats.com/san-diego/food-delivery/casero-taqueria/22sYHEteQSm-gGRVeF5jOg,san-marcos-california
https://www.ubereats.com/san-diego/food-delivery/the-ice-cream-shop/K3gj8MjsQp2USGWyK-6PiQ,san-marcos-california
https://www.ubereats.com/san-diego/food-delivery/crust-pizzeria/X2rz8g_DRwaeuN3BzU85EA,san-marcos-california
https://www.ubereats.com/san-diego/food-delivery/oggis-sports-i-brewhouse-i-pizza-vista/vCZAjAZKSTuKE9vYeOGqeA,san-marcos-california
https://www.ubereats.com/san-diego/food-delivery/zpizza-tap-room-751-center-dr-san-marcos/DcR2lsmfQYiq-221lXYIng,san-marcos-california
https://www.ubereats.com/san-diego/food-delivery/elixir-espresso-%26-wine-bar-escondido/oYnhNgrvTZSaQGpSyM7i0Q,san-marcos-california
https://www.ubereats.com/san-diego/food-delivery/mcdonalds-570-w-san-marcos-blvd/N94wkrPHSn6uw31MFgBWMQ,san-marcos-california
https://www.ubereats.com/san-diego/food-delivery/rubios-1158-w-san-marcos-blvd/zxO0-9C6ScOyacDzF3gd2g,san-marcos-california
https://www.ubereats.com/san-diego/food-delivery/jilbertos-taco-shop/1aMSJXXLRvqJ0WI72477wg,san-marcos-california
https://www.ubereats.com/san-diego/food-delivery/flavor-of-himalaya/241SjKfLS6KlkfLlsFmFeA,san-marcos-california
https://www.ubereats.com/san-diego/food-delivery/mama-n-papas-pizza-grotto/EsEZKfaRQumrtL-pJlKg2w,san-marcos-california
https://www.ubereats.com/san-diego/food-delivery/kung-fu-tea-14-creekside-dr/iDLpa3kzTo6yeHPT4lV7HQ,san-marcos-california
https://www.ubereats.com/san-diego/food-delivery/togos-6943-el-camino-real-carlsbad-ca/8f_fqp_gRlGJLJQ5wwqvRg,san-marcos-california
https://www.ubereats.com/san-diego/food-delivery/naan-n-curry/F8ANUlWyQZCJip6C1yZQkw,san-marcos-california
https://www.ubereats.com/san-diego/food-delivery/chipotle-mexican-grill-1282-auto-park-way-ste-a/qOHnL04GSH-hL3oh9C8FDA,san-marcos-california
https://www.ubereats.com/san-diego/food-delivery/kotija-jr-san-marcos/Z0yTnKZ2RlCOlN3p10NioQ,san-marcos-california
https://www.ubereats.com/san-diego/food-delivery/bad-ass-breakfast-burritos-vista/yMMzbH6VQ_GLx0Wxb7hBdw,san-marcos-california
https://www.ubereats.com/san-diego/food-delivery/chick-fil-a-587-grand-ave/wJZa2gloTS-oK-ZQgJhc_Q,san-marcos-california
https://www.ubereats.com/san-diego/food-delivery/fresh-healthy-cafe/5nqQ7J0uSzOimsTXaoFxdA,san-marcos-california
https://www.ubereats.com/san-diego/food-delivery/starbucks-1620-san-elijo-road-suite-101/sqx73Be_R5aH0ACZUlCUsw,san-marcos-california
https://www.ubereats.com/san-diego/food-delivery/el-rinconcito-mexican-sea-food-restaurant/7vxfQvWKSgaCGunN3_cuEg,san-marcos-california
https://www.ubereats.com/san-diego/food-delivery/marietas-mexican-restaurant-vandegrift-blvd/W7ifFUkSQYK_HVRGJcEzdQ,san-marcos-california
https://www.ubereats.com/san-diego/food-delivery/kinaly-thai/RWbK5_7dQCGNO_jITq27Tw,san-marcos-california
https://www.ubereats.com/san-diego/food-delivery/paulitas-restaurant/dQfaViW6SA-PK27zGhptpA,san-marcos-california
https://www.ubereats.com/san-diego/food-delivery/rubios-620-hacienda-dr/Sy7c65IoSuOpAzRVz_sN-g,san-marcos-california
https://www.ubereats.com/san-diego/food-delivery/board-%26-brew-carlsbad-bressi-ranch/mrJzVA0hRYGvsSfK2sDb1g,san-marcos-california
https://www.ubereats.com/san-diego/food-delivery/californias-mexican-restaurant/i5cc4aOXQY-jrDCHVirYnA,san-marcos-california
https://www.ubereats.com/san-diego/food-delivery/the-ice-cream-shop/yTNTDXKcTM-PwvXGyULwRQ,san-marcos-california
https://www.ubereats.com/san-diego/food-delivery/the-habit-burger-grill-727-w-san-marcos-bl-%23100/JXmR9xMuQUuGTQdhJNylcw,san-marcos-california
https://www.ubereats.com/san-diego/food-delivery/lourdes-mexican-food/tYJRTz9EQJasJX15AfHzFg,san-marcos-california
https://www.ubereats.com/san-diego/food-delivery/os-american-kitchen-san-marcos/5MKYLBH3R0u2Xeb_b81SRQ,san-marcos-california
https://www.ubereats.com/san-diego/food-delivery/yamariki-sushi/tdM_iWmXRGmkxQoYwi_Nng,san-marcos-california
https://www.ubereats.com/san-diego/food-delivery/pollos-maria/A-s9TJlSQnO-SnuA_bM7Dg,san-marcos-california
https://www.ubereats.com/san-diego/food-delivery/sammys-woodfired-pizza-%26-grill-san-marcos/ySmLuadfR5GGquUheAiR7Q,san-marcos-california
https://www.ubereats.com/san-diego/food-delivery/thai-one-on/vFynyJehQZaeRYB7GCWbow,san-marcos-california
https://www.ubereats.com/san-diego/food-delivery/sher-e-punjab-bernardo-center-drive/esaN2RePRJOAqJTSxrJoCQ,san-marcos-california
https://www.ubereats.com/san-diego/food-delivery/perfectsubs/_ZUH9P4zQyyndBcCuY9OSg,san-marcos-california
https://www.ubereats.com/san-diego/food-delivery/the-ice-cream-shop/AqusEKlsTqadL65ff00AXw,san-marcos-california
https://www.ubereats.com/san-diego/food-delivery/urge-gastropub-and-common-house/hqJ1wCwpRIeqIO_Z4Lbg1A,san-marcos-california
https://www.ubereats.com/san-diego/food-delivery/panda-express-333-south-twin-oaks-valley-road/pZs9Z7KERQC2dCzulPmG8Q,san-marcos-california
https://www.ubereats.com/san-diego/food-delivery/cold-stone-creamery-30-main-st-ste-120/h5y-sEZuRiWVl_Ailhyr6A,san-marcos-california
https://www.ubereats.com/san-diego/food-delivery/sourdough-%26-co-san-marcos/Gn7pFyoVRlWBzKFuCXl5xw,san-marcos-california
https://www.ubereats.com/san-diego/food-delivery/honey-baked-ham-escondido/8HGUQ78EQxOWw5WlwGJ0mQ,san-marcos-california
https://www.ubereats.com/san-diego/food-delivery/nuccis-italian-cafe-%26-pizza/K0FpOuhqRYya0ADOSIA7vg,san-marcos-california
https://www.ubereats.com/san-diego/food-delivery/aunty-devis-meat-pies/BqiQAfOzQKWdLGgKhCOcWg,san-marcos-california
https://www.ubereats.com/san-diego/food-delivery/papa-johns-245-w-el-norte-pkwy/pDz-M_VnSh6uUPi7zDeq2g,san-marcos-california
https://www.ubereats.com/san-diego/food-delivery/ihop-632-sycamore-ave/8VNwattsTmidcnk_z88AIQ,san-marcos-california
https://www.ubereats.com/san-diego/food-delivery/mama-kats-restaurant-%26-pie-shop/pOGD6Cj6SMymMvSv9pXKZQ,san-marcos-california
https://www.ubereats.com/san-diego/food-delivery/five-guys-ca-0554-151-s-las-posas-dr/dGgiuF2FQTioLuUAKqOX5Q,san-marcos-california
https://www.ubereats.com/san-diego/food-delivery/slaters-5050/IvgweFNcTPuxgyXsJYQLCQ,san-marcos-california
https://www.ubereats.com/san-diego/food-delivery/pita-king/RLc0JIljQQaaXXPV7m01Sg,san-marcos-california
https://www.ubereats.com/san-diego/food-delivery/panda-express-316-sycamore-ave/rsWmCgT8STGIGsm-390Rfg,san-marcos-california
https://www.ubereats.com/san-diego/food-delivery/jamba-juice-3427-via-montebello-ste-180/LjsZObE8QaWyVffvMm8RqA,san-marcos-california
https://www.ubereats.com/san-diego/food-delivery/urban-tadka/mq4KauNITn-oMKkRQPv3zg,san-marcos-california
https://www.ubereats.com/san-diego/food-delivery/perks-coffee-house/swnC1LURTJ2f6XQQWKxi6w,san-marcos-california
https://www.ubereats.com/san-diego/food-delivery/pick-up-stix-bressi-ranch/GcjZ_u4tQ9aKB2sIsdncEw,san-marcos-california
https://www.ubereats.com/san-diego/food-delivery/the-roost-republic/D8XoKga3T66xybRrTVEt8A,san-marcos-california
https://www.ubereats.com/san-diego/food-delivery/the-broken-yolk-cafe-escondido/fC1dpTLSTryKjtnIDadgbw,san-marcos-california
https://www.ubereats.com/san-diego/food-delivery/romas-pizza/8PNeSeDSSKe0DTY_-oxyMA,san-marcos-california
https://www.ubereats.com/san-diego/food-delivery/cuscatlan-comida-salvadorena/uK6ljpTKSXSzFLoOTXktQA,san-marcos-california
https://www.ubereats.com/san-diego/food-delivery/tacos-el-portal/zdGA-C6KRlGUjPI_bzy8kA,san-marcos-california
https://www.ubereats.com/san-diego/food-delivery/disfruta/u4nvubj6T7i_JCXs1wM13A,san-marcos-california
https://www.ubereats.com/san-diego/food-delivery/subway-1691-melrose-dr-ste-150/p0gQ1xu3Tjqj_3UXtS4U4Q,san-marcos-california
https://www.ubereats.com/san-diego/food-delivery/poki-poki-escondido/dBtblZO1Q4OQhwOA11X7VQ,san-marcos-california
https://www.ubereats.com/san-diego/food-delivery/mcdonalds-360-west-felicita-ave/3UoYaDEyTRe0XKcXFBXHiA,san-marcos-california
https://www.ubereats.com/san-diego/food-delivery/panda-express-20-main-st/9nayHrgbQuuVeUaNnB8r4w,san-marcos-california
https://www.ubereats.com/san-diego/food-delivery/wendys-960-w-el-norte/XwQq1-I9QGy8h_6Ggru9LA,san-marcos-california
https://www.ubereats.com/san-diego/food-delivery/del-taco-736-s-rancho-santa-fe/RXxDfAatR2W3Znw5TmMDaA,san-marcos-california
https://www.ubereats.com/san-diego/food-delivery/black-angus-steakhouse-escondido/kK6n4cBjQN-EUDS2bIMZww,san-marcos-california
https://www.ubereats.com/san-diego/food-delivery/culichi-town-vista/ItkRmTAKQ3iLN4YHOrnrTQ,san-marcos-california
https://www.ubereats.com/san-diego/food-delivery/pad-thai-restaurant/zy2xkE-LSzeB4tZLzsiDrw,san-marcos-california
https://www.ubereats.com/san-diego/food-delivery/water-shack/qanGGw9HS72vIYPlIUUDEw,san-marcos-california
https://www.ubereats.com/san-diego/food-delivery/los-panchos-mexican-grill-%26-seafood/6sZEef7IQ_GR3b9IVi05fw,san-marcos-california
https://www.ubereats.com/san-diego/food-delivery/panda-express-47-douglas-drive/CwqBt167T--RyomwVx5qxg,san-marcos-california
https://www.ubereats.com/san-diego/food-delivery/swamis-cafe-escondido/Re7TU0VaTs6CatvdzZGwlw,san-marcos-california
https://www.ubereats.com/san-diego/food-delivery/veggie-grill-carlsbad/-Tsl3OquQBm3FLKKuM1qAw,san-marcos-california
https://www.ubereats.com/san-diego/food-delivery/its-tabu-sushi-bar-%26-grill-san-marcos/22kgIni_RIuDnka9iboZ9w,san-marcos-california
https://www.ubereats.com/san-diego/food-delivery/roccos-pizza-%26-deli/h7F5dEysRiW3M5jYQzaceg,san-marcos-california
https://www.ubereats.com/san-diego/food-delivery/iron-wok-bernardo-plaza-dr/OvFS1NPTQ8S5VVDPSv6pYQ,san-marcos-california
https://www.ubereats.com/san-diego/food-delivery/wendys-567-w-vista-way/AX4xXiBpSFaXJ1J6KDCV7A,san-marcos-california
https://www.ubereats.com/san-diego/food-delivery/five-guys-ca-0596-2519-palomar-airport-rd/N_gJDcHdQ86LRXJD150KDg,san-marcos-california
https://www.ubereats.com/san-diego/food-delivery/kfc-2429-east-valley-parkway/YZptZjIDSjqKoEMLIujrsA,san-marcos-california
https://www.ubereats.com/san-diego/food-delivery/the-food-dood/NZNtrCL4Sjqx1vp4VIWh2A,san-marcos-california
https://www.ubereats.com/san-diego/food-delivery/cabanna-seafood-and-grill/LONBWSR4TK6E54uLLwhfuw,san-marcos-california
https://www.ubereats.com/san-diego/food-delivery/ihop-1020-w-san-marcos-blvd-%23160/43E6AKDSQ62JIU3DN2OYLQ,san-marcos-california
https://www.ubereats.com/san-diego/food-delivery/grants-fried-chicken/nFbCJnDHQuiETUtGZSiKAA,san-marcos-california
https://www.ubereats.com/san-diego/food-delivery/bjs-restaurant-%26-brewhouse-204-e-via-rancho-parkway/sk8w1qboTOeOhXmTFBUBoQ,san-marcos-california
https://www.ubereats.com/san-diego/food-delivery/north-park-produce-vista/_g-poK8cTMecCDdmst25dA,san-marcos-california
https://www.ubereats.com/san-diego/food-delivery/mikes-bagels/N1_ES2VNS_-XRCaLOzJBgQ,san-marcos-california
https://www.ubereats.com/san-diego/food-delivery/dennys-540-w-vista-way/koHms9_PTCuW67MZTj0epg,san-marcos-california
https://www.ubereats.com/san-diego/food-delivery/luna-grill-bressi-ranch/-jaRosp7R-Chm4BtKJKTaQ,san-marcos-california
https://www.ubereats.com/san-diego/food-delivery/notorious-burgers/p2Aqq5ulSDykFWEhrlnbGg,san-marcos-california
https://www.ubereats.com/san-diego/food-delivery/el-pollo-loco-483-college-blvd3781/cQU9JtXdQZ-Sc2zDEbclmg,san-marcos-california
https://www.ubereats.com/san-diego/food-delivery/nekter-juice-bar-2647-gateway-rd-ste-104/3T5TlUsMQdW3CKUyGHvSzg,san-marcos-california
https://www.ubereats.com/san-diego/food-delivery/sport-sushi/kb8qa03QSM2OAdjW8Ph-Lw,san-marcos-california
https://www.ubereats.com/san-diego/food-delivery/kabob-lounge-carlsbad/zZjQjimSTFWUXgIT6896bg,san-marcos-california
https://www.ubereats.com/san-diego/food-delivery/chipotle-mexican-grill-495-college-blvd-ste-a/beVPTxktSQmDkvtPazyV3A,san-marcos-california
https://www.ubereats.com/san-diego/food-delivery/sayulitas-mexican-food-escondido-blvd/glZXWhDKQ9STfgtZH4TY-Q,san-marcos-california
https://www.ubereats.com/san-diego/food-delivery/el-pollo-loco-495-s-melrose-dr3492/pcx_XpjsQdCxdTb9aoPt6A,san-marcos-california
https://www.ubereats.com/san-diego/food-delivery/when-pigs-fly-bbq-multi-location/IlgwzqjfQgqLm7XJfEBEvQ,san-marcos-california
https://www.ubereats.com/san-diego/food-delivery/cold-stone-creamery-708-center-dr-ste-101/WQhgIWNuTsu2IYbbgc0SKQ,san-marcos-california
https://www.ubereats.com/san-diego/food-delivery/pho-ever-vista/NE8j6-FsQ8iGk4iQGjIRGQ,san-marcos-california
https://www.ubereats.com/san-diego/food-delivery/yogurt-utopia/SM_ZoeYtRpSZRc2W-KSjkA,san-marcos-california
https://www.ubereats.com/san-diego/food-delivery/el-pollo-loco-1408-e-valley-pkwy3703/GqJ0CmJlQwWbd6oY9AmbEg,san-marcos-california
https://www.ubereats.com/san-diego/food-delivery/los-primos-san-marcos-%2335/cAVidIyTTBOJrSv9TnqSwQ,san-marcos-california
https://www.ubereats.com/san-diego/food-delivery/pf-changs-5621-paseo-del-norte/kcwOG4owR5SKWlnxPzjCoA,san-marcos-california
https://www.ubereats.com/san-diego/food-delivery/the-cravory-cookies-carlsbad/ZXKyMxQMQtGNLc4ufWkhSw,san-marcos-california
https://www.ubereats.com/san-diego/food-delivery/spicy-king/P3aR5cYHQsm_E-DeXzqylg,san-marcos-california
https://www.ubereats.com/san-diego/food-delivery/chins-szechwan-escondido/2kb3OoiDTm-AXLooBNnXfQ,san-marcos-california
https://www.ubereats.com/san-diego/food-delivery/sublime-ale-house-san-marcos/aUgd8lbeRNO-9odb5Cz6Wg,san-marcos-california
https://www.ubereats.com/san-diego/food-delivery/hooked-on-sushi/d6gmO0ZSRGOmjmBwXKfGbw,san-marcos-california
https://www.ubereats.com/san-diego/food-delivery/the-ice-cream-shop/RzvGPWzwSQaQaT9sl3FaWA,san-marcos-california
https://www.ubereats.com/san-diego/food-delivery/express-pizza-and-wings/AF4LIRzrTxeTyPgVzu8dNw,san-marcos-california
https://www.ubereats.com/san-diego/food-delivery/plant-b-vista/4OrviSOmTbShpq8Kynp8CA,san-marcos-california
https://www.ubereats.com/san-diego/food-delivery/buffalo-wild-wings-1068-n-el-camino-real/_iOdyQVFSGi3BEG2CljuBQ,san-marcos-california
https://www.ubereats.com/san-diego/food-delivery/panda-express-1485-e-valley-parkway/nCHOx7-YQ2ml3mfjESdc2A,san-marcos-california
https://www.ubereats.com/san-diego/food-delivery/nachos-taco-shop-%26-seafood/oPhtWW97Qv-y_7aUEpksDw,san-marcos-california
https://www.ubereats.com/san-diego/food-delivery/chins-szechwan-restaurant-encinitas-ca/xiGfp7QNQsadDy2sB2accQ,san-marcos-california
https://www.ubereats.com/san-diego/food-delivery/ahipoki-bowl-escondido/a1SCUqBmT-mZFyMEEIxsHQ,san-marcos-california
https://www.ubereats.com/san-diego/food-delivery/sizzler-3805-plaza-drive/GEMY2_lCTRy6eWU0bWmRBw,san-marcos-california
https://www.ubereats.com/san-diego/food-delivery/panchos-mexican-grill-escondido/j1IZcp9TSz6FKRpNFn-Cqw,san-marcos-california
https://www.ubereats.com/san-diego/food-delivery/panda-express-200-e-via-rancho-pkwy/Bq6a0n5wSHWWcps__3gjcw,san-marcos-california
https://www.ubereats.com/san-diego/food-delivery/jersey-mikes-subs/T4iWjXvNTSWbcMMlZU57oA,san-marcos-california
https://www.ubereats.com/san-diego/food-delivery/waraii-sushi/A2zi_n76RaWUVr4rrqFXXQ,san-marcos-california
https://www.ubereats.com/san-diego/food-delivery/pho-lucky-sycamore-avenue/NLB8LNTNSCelsqr0nd8uhA,san-marcos-california
https://www.ubereats.com/san-diego/food-delivery/green-dragon-tavern-%26-museum/VgJhViY8TTK6Q9TeCLUQnQ,san-marcos-california
https://www.ubereats.com/san-diego/food-delivery/chipotle-mexican-grill-3416-via-mercato-ste-110/hXMlwQt9Qdi-m7WV2cl6JA,san-marcos-california
https://www.ubereats.com/san-diego/food-delivery/subway-344-s-twin-oaks-valley-rd-ste-149/B-385xPgRLaioybV4-dfHg,san-marcos-california
https://www.ubereats.com/san-diego/food-delivery/l%26l-hawaiian-barbecue/8qm0oG3dRomTW8K1DYz0dg,san-marcos-california
https://www.ubereats.com/san-diego/food-delivery/home-sweet-home-cafe/Bua-v9hFTxm0xNE_dDKUUA,san-marcos-california
https://www.ubereats.com/san-diego/food-delivery/kfc-201-s-rancho-santa-fe-road/bYSakzXRQBK3qJtVjRCE6Q,san-marcos-california
https://www.ubereats.com/san-diego/food-delivery/lamppost-pizza-vista/3oEgApBfRfWNzZiOgoczbg,san-marcos-california
https://www.ubereats.com/san-diego/food-delivery/albertacos-mexican-food-san-marcos/7tEbXDt_SP6fTopewBeYGw,san-marcos-california
https://www.ubereats.com/san-diego/food-delivery/new-york-bagels-and-cafe/j6Bbot_tTdO_FIbJynkleQ,san-marcos-california
https://www.ubereats.com/san-diego/food-delivery/la-casa-de-los-alambres/cP-yhPp6RzaTuCU5GChFuw,san-marcos-california
https://www.ubereats.com/san-diego/food-delivery/the-habit-burger-grill-720-n-centre-city-parkway/r04SeFHSQO6hR3ilHSOYww,san-marcos-california
https://www.ubereats.com/san-diego/food-delivery/dennys-731-w-san-marcos-blvd/MZ8YXCb4R2SQV5CUpMX_qA,san-marcos-california
https://www.ubereats.com/san-diego/food-delivery/starbucks-2205-s-melrose-dr/iwvN-yDKQiSUV1sLD_6SLA,san-marcos-california
https://www.ubereats.com/san-diego/food-delivery/bad-mutha-clucka-vista/ZLU4Aeg5SP-tl9URITMk2g,san-marcos-california
https://www.ubereats.com/san-diego/food-delivery/darunee-thai-cuisine/5bjq5EasQt6unZXW6A1Rjw,san-marcos-california
https://www.ubereats.com/san-diego/food-delivery/pasquallys-pizza-%26-wings-1126-w-valley-parkway/Prof0vhVSRCzlGXoqBdjNA,san-marcos-california
https://www.ubereats.com/san-diego/food-delivery/burger-king-1707-east-valley-parkway/lwPzAWDaQ5Ghqcs6793RwA,san-marcos-california
https://www.ubereats.com/san-diego/food-delivery/bacon-swinery-inc/rO9S4YlVQryLFT5R7C7dYA,san-marcos-california
https://www.ubereats.com/san-diego/food-delivery/burger-king-377-vista-village-drive/9SPPIb3NS1a06c5YNRGcLA,san-marcos-california
https://www.ubereats.com/san-diego/food-delivery/the-ice-cream-shop/5zIPc3cWRA2NnzPT0JZygw,san-marcos-california
https://www.ubereats.com/san-diego/food-delivery/leucadia-pizzeria-carlsbad/X4ETYxtYTUSJp0tEdaCXvA,san-marcos-california
https://www.ubereats.com/san-diego/food-delivery/kinaly-thai-express/SrLp5FKgQwecJLGs7f3KJA,san-marcos-california
https://www.ubereats.com/san-diego/food-delivery/the-ice-cream-shop/uXJxBROKR8WfpEWW2JOJlQ,san-marcos-california
https://www.ubereats.com/san-diego/food-delivery/kfc-639-n-broadway/KKqkdrO_QZmaU4lNOeXaFg,san-marcos-california
https://www.ubereats.com/san-diego/food-delivery/mariscos-mazatlan/Wu9cl917TxmQkTc1Jkp53A,san-marcos-california
https://www.ubereats.com/san-diego/food-delivery/sayulitas-mexican-food-san-marcos/hK_10GN3SSCQYD5Wxk3lYA,san-marcos-california
https://www.ubereats.com/san-diego/food-delivery/starbucks-170-north-emerald-drive/XqK0LJnCRhyskIr8H_kj8w,san-marcos-california
https://www.ubereats.com/san-diego/food-delivery/pick-up-stix-escondido/_D4eUMaBSeu7vfVOB-TE0Q,san-marcos-california
https://www.ubereats.com/san-diego/food-delivery/jersey-mikes-subs-7625-via-campanile/4Zz22toCQ6-lqiI7KXGuAA,san-marcos-california
https://www.ubereats.com/san-diego/food-delivery/apocalypse-taco/fqx95FK7QY2eCBRAnXfJKw,san-marcos-california
https://www.ubereats.com/san-diego/food-delivery/tasty-pizza-escondido/L78vylt7QoO5XFTqjqa5yQ,san-marcos-california
https://www.ubereats.com/san-diego/food-delivery/su-pan-bakery/mksIDFcRRtS8WyGckr7LSg,san-marcos-california
https://www.ubereats.com/san-diego/food-delivery/mcdonalds-340-w-mission-ave/i7DQKyCIS7edysfsFSVF5g,san-marcos-california
https://www.ubereats.com/san-diego/food-delivery/del-taco-1650-south-melrose-drive/zign8VwARZCkh59uKeS24w,san-marcos-california
https://www.ubereats.com/san-diego/food-delivery/noodles-%26-company-2521-palomar-airport-rd-ste-107/Irk38dP-Te6UgUvGfNSnbQ,san-marcos-california
https://www.ubereats.com/san-diego/food-delivery/chipotle-mexican-grill-2505-palomar-airport-rd-ste-100/k3TqgKorTX-1HCJnv867Nw,san-marcos-california
https://www.ubereats.com/san-diego/food-delivery/cotijas-rancho-bernardo-san-diego-ca/lZ-SEywNQLW8vDzsCCRdZw,san-marcos-california
https://www.ubereats.com/san-diego/food-delivery/macchiato/jxxA2s4PQvKGdscfVGJ3WQ,san-marcos-california
https://www.ubereats.com/san-diego/food-delivery/el-torito-foods/78sEQhhJQKyanw6_H-dzGg,san-marcos-california
https://www.ubereats.com/san-diego/food-delivery/chipotle-mexican-grill-1201-e-valley-pkwy-ste-a/xZNhG8j7SUC6chbTqY7Hbw,san-marcos-california
https://www.ubereats.com/san-diego/food-delivery/paradiso-mediterranean-cuisine/3FUkCcRGTduVseeLNaIBhQ,san-marcos-california
https://www.ubereats.com/san-diego/food-delivery/bologna-gourmet/nbtzmS_WQNOzPw2mZJisWg,san-marcos-california
https://www.ubereats.com/san-diego/food-delivery/serenitea/2nioxGctSM2KesBBTpBMUQ,san-marcos-california
https://www.ubereats.com/san-diego/food-delivery/cute-cakes-bakery-and-cafe/PsC2kFB7SXmf5BDo1Iy2Ow,san-marcos-california
https://www.ubereats.com/san-diego/food-delivery/el-pollo-loco-1002-n-el-camino-real3431/h7y6lHmkShqX0hlwG2lQpw,san-marcos-california
https://www.ubereats.com/san-diego/food-delivery/serranos-mexican-food/VYxzWWQASl6cg47eabTlnA,san-marcos-california
https://www.ubereats.com/san-diego/food-delivery/swiss-grill-inc/jJEmB07RRI2zKjBOMtPwQw,san-marcos-california
https://www.ubereats.com/san-diego/food-delivery/kennedys-meat-company/ZTnOCpACTlWfK5-t4WtSWQ,san-marcos-california
https://www.ubereats.com/san-diego/food-delivery/the-crack-shack-encinitas/S_AmjfvXRvGbj0vvyyhSyA,san-marcos-california
https://www.ubereats.com/san-diego/food-delivery/panda-express-708-center-dr/7HJa6v_ESHmIElTh9dJyug,san-marcos-california
https://www.ubereats.com/san-diego/food-delivery/macaroni-grill-north-county-fair/CeCYD_wbR8Otjdg0eiZORA,san-marcos-california
https://www.ubereats.com/san-diego/food-delivery/subway-790-sycamore-ave-ste-b/NjtuZzFgTg6J8qLJtQKcqg,san-marcos-california
https://www.ubereats.com/san-diego/food-delivery/charm-thai-kitchen/4C2je8KxS-CKVAtC0sR1HQ,san-marcos-california
https://www.ubereats.com/san-diego/food-delivery/del-taco-110-w-el-norte-parkway/KGPBNRKlS2GPonxjzkj7Yg,san-marcos-california
https://www.ubereats.com/san-diego/food-delivery/the-ice-cream-shop/-VzTnKAPQhS9dhvdzQftdQ,san-marcos-california
https://www.ubereats.com/san-diego/food-delivery/ginza-sushi-san-diego/Nn3ZCdn_RLeim3SWQLtUlA,san-marcos-california
https://www.ubereats.com/san-diego/food-delivery/fruit-fresh-superfood-delights/Y0wouwM0S7yQCr6VAOEJ4w,san-marcos-california
https://www.ubereats.com/san-diego/food-delivery/pick-up-stix-san-marcos/Kc-gfne0SBKgPliLmT_RRQ,san-marcos-california
https://www.ubereats.com/san-diego/food-delivery/rafaelas-restaurant/pFmpFKl1Tn65nfX7WT81pg,san-marcos-california
https://www.ubereats.com/san-diego/food-delivery/hunan-chinese/KCS74-krTvqGbM__1Pm7Tg,san-marcos-california
https://www.ubereats.com/san-diego/food-delivery/pho-house-grill/eGu9WNCATCulVKEqCJ0eKQ,san-marcos-california
https://www.ubereats.com/san-diego/food-delivery/inland-tavern/k6eu-v94T7-0L2Zzm9dHIw,san-marcos-california
https://www.ubereats.com/san-diego/food-delivery/albertacos-mexican-food-vista/BMnPirLkRByuQ_8YdWWh6Q,san-marcos-california
https://www.ubereats.com/san-diego/food-delivery/aguacates-mexican-food/hQk_ygoXT4aNra0Gn1iQXQ,san-marcos-california
https://www.ubereats.com/san-diego/food-delivery/dog-haus-biergarten-vista/6I6tEB9BSYiCmB1-LMbfZQ,san-marcos-california
https://www.ubereats.com/san-diego/food-delivery/beach-plum-kitchen/HcCnEoICQ7WWvhfc_6jlRw,san-marcos-california
https://www.ubereats.com/san-diego/food-delivery/subway-631-s-rancho-santa-fe-rd/H-YgbAsURTGTv4Ka0oWy4A,san-marcos-california
https://www.ubereats.com/san-diego/food-delivery/subway-6994-el-camino-real-ste-100/skvb6Bt3RSGk-mL6sdCBRg,san-marcos-california
https://www.ubereats.com/san-diego/food-delivery/vitality-bowls-6943-el-camino-real/0lA1COc1QEWbGkmIZW_D3Q,san-marcos-california
https://www.ubereats.com/san-diego/food-delivery/conchitas-bakery-restaurant/00ZJ8YagSeinjrpriM0Ubg,san-marcos-california
https://www.ubereats.com/san-diego/food-delivery/panda-express-670-w-san-marcos-blvd/kYkPVSmDRmeUfNgVu0baPw,san-marcos-california
https://www.ubereats.com/san-diego/food-delivery/ihop-354-w-el-norte-pkwy/BuvV2nA9R2qwGF147W1nGw,san-marcos-california
https://www.ubereats.com/san-diego/food-delivery/ebullition-brew-works-%26-gastronomy/GZ3HgJd2Q6uPyLTtWIG7cQ,san-marcos-california
https://www.ubereats.com/san-diego/food-delivery/benihana-755-raintree-drive-suite-100/1nGkTiDtTeaSBq6O0yjo0Q,san-marcos-california
https://www.ubereats.com/san-diego/food-delivery/mother-earth-tap-house/EgixpedXQ9m2kTyfL9JYXw,san-marcos-california
https://www.ubereats.com/san-diego/food-delivery/the-paleta-bar/TkDt03tqTI2iEB6g3CkAVQ,san-marcos-california
https://www.ubereats.com/san-diego/food-delivery/eureka!-carlsbad/mzmCuI01TUy7XGOPbzNA8g,san-marcos-california
https://www.ubereats.com/san-diego/food-delivery/dennys-510-w-mission-ave/Emjz75LOQBO_MwaouYXPww,san-marcos-california
https://www.ubereats.com/san-diego/food-delivery/rubios-1711-university-dr/53KR6O78SqObtivlzbkrzA,san-marcos-california
https://www.ubereats.com/san-diego/food-delivery/mariscos-ensenada/xd0lPO51S8GIG6aVbEHxlQ,san-marcos-california
https://www.ubereats.com/san-diego/food-delivery/brooklyn-boyz-pizza-e-vista-way/tb-zF3AeQjWnC1WTL-Bq1A,san-marcos-california
https://www.ubereats.com/san-diego/food-delivery/boudin-san-marcos/Xkt5RiB6RTio3NuiJMMJHg,san-marcos-california
https://www.ubereats.com/san-diego/food-delivery/j-%26-ms-family-restaurant/SVmcv2egSPWAzqgoED58gw,san-marcos-california
https://www.ubereats.com/san-diego/food-delivery/jack-in-the-box-717-san-marcos-blvd/vkImCmWOSaagh2PfrvEIuw,san-marcos-california
https://www.ubereats.com/san-diego/food-delivery/landons-fusion-house/6DxTpsR2SD6ee4EHq0YvUQ,san-marcos-california
https://www.ubereats.com/san-diego/food-delivery/rock-n-jennys-italian-subs/lyh06bkYSJSWqmSUoB40Xg,san-marcos-california
https://www.ubereats.com/san-diego/food-delivery/landons/dC9p0taaQV27maz6yqZbZg,san-marcos-california
https://www.ubereats.com/san-diego/food-delivery/grill-house/VeJkNxBOS9ycP8d4UN0pJw,san-marcos-california
https://www.ubereats.com/san-diego/food-delivery/thai-society/h-b_ghAKQRGKqlSxChGKHA,san-marcos-california
https://www.ubereats.com/san-diego/food-delivery/manhattan-giant-pizza/fLd6KsINQPesefQpmfH79w,san-marcos-california
https://www.ubereats.com/san-diego/food-delivery/cowboy-chicken-rancho-bernardo/Myjs_xMNSoGIQ_SP63snxA,san-marcos-california
https://www.ubereats.com/san-diego/food-delivery/chins-szechwan-cuisine-vista-ca/ynS1mcVRRdaW6BsHFQIImg,san-marcos-california
https://www.ubereats.com/san-diego/food-delivery/five-guys-ca-0573-40-main-st/nvx__Ht9R0yGU2-Du9asrQ,san-marcos-california
https://www.ubereats.com/san-diego/food-delivery/sinbad-ultra-lounge/-fiaIGX0T2-PJAsvNMD1Vw,san-marcos-california
https://www.ubereats.com/san-diego/food-delivery/applebees-1216-auto-park-way-%2379044/MrKLzuH-TxKOT8HSBDv7rw,san-marcos-california
https://www.ubereats.com/san-diego/food-delivery/jamba-10562-craftsman-way-ste-191/ZKxltE-YSEOi6OUWrR0M5A,san-marcos-california
https://www.ubereats.com/san-diego/food-delivery/jack-in-the-box-550-w-mission-ave/ikx-Hoy2R_2DNI9Y6-tCqg,san-marcos-california
https://www.ubereats.com/san-diego/food-delivery/chins-szechwan-cuisine-oceanside-ca/fk_NYGMYQYez1eJbGTus5g,san-marcos-california
https://www.ubereats.com/san-diego/food-delivery/california-pizza-kitchen-272-e-via-rancho-pkwy-ste-125/XPJpka0CRg2BuDulCA1Kww,san-marcos-california
https://www.ubereats.com/san-diego/food-delivery/pick-up-stix-vista/KUUcQ1uLQr-R8SmIBxVYUw,san-marcos-california
https://www.ubereats.com/san-diego/food-delivery/blackstone-pizza/mTEE-G3yTlm64Jgj_Bexaw,san-marcos-california
https://www.ubereats.com/san-diego/food-delivery/bushfire-kitchen-la-costa/AslZNhoRS86qXLsHu_ti0g,san-marcos-california
https://www.ubereats.com/san-diego/food-delivery/starbucks-1485-e-valley-pkwy-ste-a/ZwHGKEK_Qj-OdPzXWjbNUg,san-marcos-california
https://www.ubereats.com/san-diego/food-delivery/los-primos-escondido-%231/yN-hy_-USQCVpRxrKrWLUQ,san-marcos-california
https://www.ubereats.com/san-diego/food-delivery/san-marcos-deli/SbXpXJ36Tla27cDNR4SCTQ,san-marcos-california
https://www.ubereats.com/san-diego/food-delivery/los-charros-mexican-and-seafood/i2Kh8P_SQ_-Zw14QCqXvpw,san-marcos-california
https://www.ubereats.com/san-diego/food-delivery/jamba-juice-2505-palomar-airport-rd-ste-101/arsVeXRJQ9qnv-GMEvnr1A,san-marcos-california
https://www.ubereats.com/san-diego/food-delivery/giaola-italian-kitchen/ebWaN_PsSGuaLurEd4OSww,san-marcos-california
https://www.ubereats.com/san-diego/food-delivery/poki-poki/182Ucb0rQ62d_tYs8RKT0g,san-marcos-california
https://www.ubereats.com/san-diego/food-delivery/jamba-juice-591-grand-ave-ste-100/k0Ea9SKET7OzQgTqveaqtQ,san-marcos-california
https://www.ubereats.com/san-diego/food-delivery/rubys-diner-carlsbad/1D7hjCZLRjOg63SSB2DO_A,san-marcos-california
https://www.ubereats.com/san-diego/food-delivery/landons-tikka-pizza/Vj19A9DjSS21Wukcvth-9w,san-marcos-california
https://www.ubereats.com/san-diego/food-delivery/san-marcos-brewery-and-grill/_grD_lUXSVeuIVwp6mC5Aw,san-marcos-california
https://www.ubereats.com/san-diego/food-delivery/hooters-center-dr-%26-nordahl-rd/LvDdtqRwQU6HPkmj3VIY4Q,san-marcos-california
https://www.ubereats.com/san-diego/food-delivery/kfc-840-e-vista-way/iHnbWDB1SQuBsHy3D7Zz5g,san-marcos-california
https://www.ubereats.com/san-diego/food-delivery/chins-la-costa/R0uAI6loTSuXZXgVWzU62Q,san-marcos-california
https://www.ubereats.com/san-diego/food-delivery/one2go-thai/RQMN4gq_SI-bZc0Bcvj_cQ,san-marcos-california
https://www.ubereats.com/san-diego/food-delivery/melt-101/BCHU5OV7SP2WToNEoE904w,san-marcos-california
https://www.ubereats.com/san-diego/food-delivery/panera-bread-575-grand-avenue/Bb4V8mEvSdSCVCzmoPBZig,san-marcos-california
https://www.ubereats.com/san-diego/food-delivery/las-brisas-mexican-cuisine/KgHq9rOtTxScNG7TnTE8aQ,san-marcos-california
https://www.ubereats.com/san-diego/food-delivery/starbucks-125-s-las-posas-rd-%23-b/r_wpLStFTiaLRVd73vsdIQ,san-marcos-california
https://www.ubereats.com/san-diego/food-delivery/starbucks-751-center-dr-ste-9h/_AgMJnf8Tz6Xh0W242uZqw,san-marcos-california
https://www.ubereats.com/san-diego/food-delivery/chuck-e-cheese-1861-university-drive/pYAep8HiR-G8FpjyOjNrlw,san-marcos-california
https://www.ubereats.com/san-diego/food-delivery/tapatapa-bar-and-kitchen/sGNr-45AThmYoEOpp8x7Tg,san-marcos-california
https://www.ubereats.com/san-diego/food-delivery/umai-sushi-%26-yakitori/962AfYRRQaKRnJOqQ9xbTQ,san-marcos-california
https://www.ubereats.com/san-diego/food-delivery/filibertos-mexican-food-vista/p85ho9orRUaaZoiu50I-iw,san-marcos-california
https://www.ubereats.com/san-diego/food-delivery/golden-spoon-7670-el-camino-real/aqfNtYS7Teel_bV939yM2A,san-marcos-california
https://www.ubereats.com/san-diego/food-delivery/senor-pancho-mexican-grill/JzHEbe_7RaaZrL9mJJiZEw,san-marcos-california
https://www.ubereats.com/san-diego/food-delivery/yoshinoya-700-n-centre-city-parkway-%23101/U9QbKoucQACuZFkdHTm_Cw,san-marcos-california
https://www.ubereats.com/san-diego/food-delivery/perfect-pizza/XN7iW5HLRKyJaiNnlWdgHA,san-marcos-california
https://www.ubereats.com/san-diego/food-delivery/farmer-boys-%E2%80%93-w-mission-ave/eXdU23U3R36wMLzG3--Bnw,san-marcos-california
https://www.ubereats.com/san-diego/food-delivery/pokewaii/BDUUjhPKRWuQKkOPrOPocQ,san-marcos-california
https://www.ubereats.com/san-diego/food-delivery/kennedys-meat-company/dZeLvq7URuCPrknTPvVd6A,san-marcos-california
https://www.ubereats.com/san-diego/food-delivery/buffalo-wild-wings-1010-w-san-marcos-blvd/lLjtJhRHTQSh-8c2tkOasQ,san-marcos-california
https://www.ubereats.com/san-diego/food-delivery/corner-bakery-cafe-encinitas/q4t9roBdSZ6CthToZTkoIA,san-marcos-california
https://www.ubereats.com/san-diego/food-delivery/mikko-sushi/fLgf9jtlSoeI-6lvpikrZw,san-marcos-california
https://www.ubereats.com/san-diego/food-delivery/lemonshark-poke-%26-tap-house/rGTtHOtDQ6Ohv1Ht67QVkw,san-marcos-california
https://www.ubereats.com/san-diego/food-delivery/panda-express-415-west-felicita-ave/v8kamrdUR3uudr-MWLDN_g,san-marcos-california
https://www.ubereats.com/san-diego/food-delivery/el-super-escondido/7j9MVTTwQ4e-2Lrnu84nGg,san-marcos-california
https://www.ubereats.com/san-diego/food-delivery/dairy-queen-grill-%26-chill-310-w-el-norte-pkwy/fASjdg3IRdK5Hu2trr7XTQ,san-marcos-california
https://www.ubereats.com/san-diego/food-delivery/subway-197-woodland-pkwy-ste-101/jUZA3_zFQpSq6QbxucyG1g,san-marcos-california
https://www.ubereats.com/san-diego/food-delivery/subway-137-s-las-posas-rd-ste-150/9BJB0Q4BQ824hZWTb-MZEQ,san-marcos-california
https://www.ubereats.com/san-diego/food-delivery/pure-burger-carlsbad/Rx_-MYbGSpa84ra_pQOvFg,san-marcos-california
https://www.ubereats.com/san-diego/food-delivery/pitas-mediterranean-grill-center-dr/EjT9TaIXTgCxyv4jvGySkg,san-marcos-california
https://www.ubereats.com/san-diego/food-delivery/tonys-fresh-mexican-food/KqSjqYyFQne3bXpqnABjXg,san-marcos-california
https://www.ubereats.com/san-diego/food-delivery/farmer-boys-%E2%80%93-e-valley-pkwy/-EBgKt9xRamGbJLxGMYIlQ,san-marcos-california
https://www.ubereats.com/san-diego/food-delivery/jack-in-the-box-3281-business-park-dr/JVC01bwlSeicm1kUrCnUDA,san-marcos-california
https://www.ubereats.com/san-diego/food-delivery/the-ice-cream-shop/EuBKOMbTQRu6AILf6Yzlmw,san-marcos-california
https://www.ubereats.com/san-diego/food-delivery/tinas-deli/N-5z-FY5Te2z8hpwRqgvEQ,san-marcos-california
https://www.ubereats.com/san-diego/food-delivery/mcdonalds-1050-west-valley-parkway/Ze_JeSGxSGGmeDscVmHvsg,san-marcos-california
https://www.ubereats.com/san-diego/food-delivery/when-pigs-fly-bbq-vista-foothill/4-reUl6ISJqwpj1jtGqC6w,san-marcos-california
https://www.ubereats.com/san-diego/food-delivery/greenspot-salad-company-4s-ranch/ZnUIhg4USLajKPoTFWwJpw,san-marcos-california
https://www.ubereats.com/san-diego/food-delivery/jack-in-the-box-1655-capalina-rd/vpR9eRL4TF-ApSB8VHMlqw,san-marcos-california
https://www.ubereats.com/san-diego/food-delivery/stone-brewing-world-bistro/9O4lYoWnTiq6HOLIhemofg,san-marcos-california
https://www.ubereats.com/san-diego/food-delivery/plan-9-alehouse/2xC9oEo9RAa1W0xdAxaF3g,san-marcos-california
https://www.ubereats.com/san-diego/food-delivery/the-pita-guys-san-marcos/xqZd1dTqTw29M1wFNOUfyQ,san-marcos-california
https://www.ubereats.com/san-diego/food-delivery/outback-steakhouse-177-san-marcos-blvd/qddCobcYTuWFZvXRPZR-rg,san-marcos-california
https://www.ubereats.com/san-diego/food-delivery/curry-and-more-indian-bistro-san-marcos/KL_X2Kw2QiWNk9GHznnBJQ,san-marcos-california
https://www.ubereats.com/san-diego/food-delivery/rb-sushi/lQxQ9GGnQW6EQd8d1j56zA,san-marcos-california
https://www.ubereats.com/san-diego/food-delivery/tj-tacos/D7usoPQDRniahOTck301RA,san-marcos-california
https://www.ubereats.com/san-diego/food-delivery/the-market-at-hidden-meadows/OMQhteonT3muW7_jEUJC9w,san-marcos-california
https://www.ubereats.com/san-diego/food-delivery/wendys-1530-w-valley-pkwy/9TsAY3ouTHWyPQbZDLfVbA,san-marcos-california
https://www.ubereats.com/san-diego/food-delivery/mangia-mangia-mobile/705RCPLeSk6cul9stwbk4g,san-marcos-california
https://www.ubereats.com/san-diego/food-delivery/vincents/JSIiZE3rQu2L9A1h-eehAQ,san-marcos-california
https://www.ubereats.com/san-diego/food-delivery/the-habit-burger-grill-7610-via-campanile-suite-140/O6cim5y7R_-QcOp6PjBWcQ,san-marcos-california
https://www.ubereats.com/san-diego/food-delivery/dukes-hawaiian-coffee-and-cafe/MlDxC_9oQSaMFJK_56BNhg,san-marcos-california
https://www.ubereats.com/san-diego/food-delivery/sams-donut-shop/kxeQ5FeAQZiY5hELx3hEPQ,san-marcos-california
https://www.ubereats.com/san-diego/food-delivery/carin-de-ria/W7hNk2zzRwK69VECogebYg,san-marcos-california
https://www.ubereats.com/san-diego/food-delivery/sushi-on-the-edge/r8UlL0rTRFqzNZbsSrh-Vw,san-marcos-california
https://www.ubereats.com/san-diego/food-delivery/el-bronco/H-S9I6eUR7KWIQsIRsuqJw,san-marcos-california
https://www.ubereats.com/san-diego/food-delivery/copa-vida/K092PuyYQcuT-bbO1cpSAw,san-marcos-california
https://www.ubereats.com/san-diego/food-delivery/el-pollo-loco-350-w-el-norte-pkwy3814/FdH1kLIARdKiuRgB-hob1Q,san-marcos-california
https://www.ubereats.com/san-diego/food-delivery/subway-1461-n-santa-fe-ave-unit-101/opkPv1hASLy6NqTKY8fVzA,san-marcos-california
https://www.ubereats.com/san-diego/food-delivery/curry-and-more-indian-bistro-rancho-bernardo/17XkopmxScO816Q6EBi48g,san-marcos-california
https://www.ubereats.com/san-diego/food-delivery/landons-soy-%26-spice/C_P81bgtQKeErAElSLQa-Q,san-marcos-california
https://www.ubereats.com/san-diego/food-delivery/kfc-tb-4100-oceanside-blvd/-WFsbK2oTqSDMgIuIaDS1w,san-marcos-california
https://www.ubereats.com/san-diego/food-delivery/kcs-tandoor/roi7WCMEQQG2HBqnEWxR1A,san-marcos-california
https://www.ubereats.com/san-diego/food-delivery/the-incredible-cafe/yQJY3QQKTDSoJA2g9bEzqQ,san-marcos-california
https://www.ubereats.com/san-diego/food-delivery/players-sports-grill-san-marcos/ftUk-QHaQGGSZirehS8Y7Q,san-marcos-california
https://www.ubereats.com/san-diego/food-delivery/3-go-sushi/9RT0vMzhRW-TssTRhDLCxQ,san-marcos-california
https://www.ubereats.com/san-diego/food-delivery/papa-johns-1809-s-centre-city-pkwy/uDz31TRbS16YjcBsjxEnKg,san-marcos-california
https://www.ubereats.com/san-diego/food-delivery/lo-fi-pie/5Ctn6vzVSqigKgY5Gb84Hg,san-marcos-california
https://www.ubereats.com/san-diego/food-delivery/chipotle-mexican-grill-30-main-st-ste-100/watuvltPSKmOvCLJ8mFAzA,san-marcos-california
https://www.ubereats.com/san-diego/food-delivery/el-pollo-loco-692-w-san-marcos-blvd3517/zHLhwMNqQjqLMIzakU430w,san-marcos-california
https://www.ubereats.com/san-diego/food-delivery/pho-saigon-express/Oa0ceVQHT_-5eZQFHjDhPw,san-marcos-california
https://www.ubereats.com/san-diego/food-delivery/red-robin-33-200-e-via-rancho-pkwy/oCLbTUk9SJivb20HUIYkfQ,san-marcos-california
https://www.ubereats.com/san-diego/food-delivery/papa-johns-4225-oceanside-boulevard/hrZTpCeWRWWiSkYFpigTPg,san-marcos-california
https://www.ubereats.com/san-diego/food-delivery/maans-mediterranean-grill/zkchsgvNQR2t9rOGgU2tdQ,san-marcos-california
https://www.ubereats.com/san-diego/food-delivery/mcdonalds-701-center-dr/MPTehY-TQpqt65vyaumJNA,san-marcos-california
https://www.ubereats.com/san-diego/food-delivery/san-luis-mexican-restaurant/Tt5VSsMZTV6l3GKde8w4ww,san-marcos-california
https://www.ubereats.com/san-diego/food-delivery/sonic-1215-grand-ave/Gvg__iNJRZGUiMa58aAr3g,san-marcos-california
https://www.ubereats.com/san-diego/food-delivery/dickeys-bbq-pit-s-twing-oaks-valley-rd-%26-discovery-st/Qii_WmoxSMyzbSHrXhzXRQ,san-marcos-california
https://www.ubereats.com/san-diego/food-delivery/shaks-mediterranean-bistro/Pp4zFnkgR9-Lj5LDSNTRUA,san-marcos-california
https://www.ubereats.com/san-diego/food-delivery/chipotle-mexican-grill-575-grand-ave/bapizasGR1yGipUiKdCiYQ,san-marcos-california
https://www.ubereats.com/san-diego/food-delivery/starbucks-302-west-el-norte-pkwy/9xKiDm5JSK-aQCRes5K1ZA,san-marcos-california
https://www.ubereats.com/san-diego/food-delivery/rubios-1485-e-valley-pkwy/_wm7d9n1SDOD-zzc6R15RA,san-marcos-california
https://www.ubereats.com/san-diego/food-delivery/jamba-juice-3480-marron-rd-ste-3b103/UK7SyKl3S0GqtQbfdbR5Tw,san-marcos-california
https://www.ubereats.com/san-diego/food-delivery/the-old-spaghetti-factory-san-marcos/YDu-dmiuSwW0M4kNTxxNXg,san-marcos-california
https://www.ubereats.com/san-diego/food-delivery/mariscos-las-palmas/05W88srESZ6iPpwvubzdng,san-marcos-california
https://www.ubereats.com/san-diego/food-delivery/ihop-1340-e-valley-parkway/5k4Eg_a2R0-Lpdf0VbXyUQ,san-marcos-california
https://www.ubereats.com/san-diego/food-delivery/old-california-coffee-house-%26-eatery/4chK_FcOQyWeOFlYfVr4wA,san-marcos-california
https://www.ubereats.com/san-diego/food-delivery/nekter-juice-bar-133-los-posas-rd-%23142/Mm40O3HrSaCWMKpY2r8iFg,san-marcos-california
https://www.ubereats.com/san-diego/food-delivery/onnys-thai-restaurant/1wnvf5xvTImmvxWAFey-qw,san-marcos-california
https://www.ubereats.com/san-diego/food-delivery/getn-go-donuts/Zlpsq-AZSmaphi7Bu3aMLQ,san-marcos-california
https://www.ubereats.com/san-diego/food-delivery/sushi-yama-escondido/X0jC0or2RC2tGpmTVJZO5w,san-marcos-california
https://www.ubereats.com/san-diego/food-delivery/wienerschnitzel-960-e-valley-parkway/gvLtD2-xT4GUYKopfqr-Uw,san-marcos-california
https://www.ubereats.com/san-diego/food-delivery/dennys-605-college-blvd/nrzgD1MTQW2ZAWk43XAoUQ,san-marcos-california
https://www.ubereats.com/san-diego/food-delivery/taco-bar/EQ-r3ubUSImATjsp_7ea8w,san-marcos-california
https://www.ubereats.com/san-diego/food-delivery/papa-johns-407-n-twin-oaks-valley-rd-ste-100/UVTb6qRSTZmfB0RQKD9mWw,san-marcos-california
https://www.ubereats.com/san-diego/food-delivery/rubios-2675-gateway-rd/l7Axv-iiTvOr33IY39u_jw,san-marcos-california
https://www.ubereats.com/san-diego/food-delivery/swamis-cafe-vista/5TA00xoESW6gK2HBDFKySA,san-marcos-california
https://www.ubereats.com/san-diego/food-delivery/ali-baba-mediterranean-cuisine/QShF8s9ITTCXCGcmCwkiQA,san-marcos-california
https://www.ubereats.com/san-diego/food-delivery/panda-express-4121-oceanside-blvd/BytuSw0VQ36ucZyhTteLjQ,san-marcos-california
https://www.ubereats.com/san-diego/food-delivery/banh-mi-san-marcos/Fs7wIozLRNqiaDxWGUAeEw,san-marcos-california
https://www.ubereats.com/san-diego/food-delivery/carmelitas-snack/i4Wenl3RTIOvT2wteAq38g,san-marcos-california
https://www.ubereats.com/san-diego/food-delivery/sue-thai-om-restaurant/6urablyGRRKLt6ZahjflDw,san-marcos-california
https://www.ubereats.com/san-diego/food-delivery/the-ice-cream-shop/KwSttExTQOydZ47GMLpm7g,san-marcos-california
https://www.ubereats.com/san-diego/food-delivery/muay-thai-kitchen/XTwygTQlRqeFscyBGG9cXw,san-marcos-california
https://www.ubereats.com/san-diego/food-delivery/luna-grill-la-costa/tfycobz6Q06TugK6lwDDpA,san-marcos-california
https://www.ubereats.com/san-diego/food-delivery/jersey-mikes-subs-1350-east-vista-way/A7tWC8IGR9KQ6ZRYgxjETw,san-marcos-california
https://www.ubereats.com/san-diego/food-delivery/deltaco-1252/6AhCPFOPS3qmdFW-W35z-w,san-marcos-california
https://www.ubereats.com/san-diego/food-delivery/subway-133-n-twin-oaks-valley-rd-ste-308/DGUbl6oRRyuwBeNH_4VMiw,san-marcos-california
https://www.ubereats.com/san-diego/food-delivery/johnnys-rutherford-cafe/BDXGCtmrS4O6ENOPh4fTqA,san-marcos-california
https://www.ubereats.com/san-diego/food-delivery/luna-grill-paseo-del-sur/4bmx2dd4RpKd0-Loif497g,san-marcos-california
https://www.ubereats.com/san-diego/food-delivery/sonic-101-main-street/gYGz-kgaRHy-cC93PnqyLw,san-marcos-california
https://www.ubereats.com/san-diego/food-delivery/tomoyama-sushi/f5-8wrShRP26NplFbJYi3g,san-marcos-california
https://www.ubereats.com/san-diego/food-delivery/yogurt-lounge/U5oN_AOmSFyOv2L1XX3Qfw,san-marcos-california
https://www.ubereats.com/san-diego/food-delivery/hacienda-de-vega-carlsbad/3UXO9r5BSjOy42ybJKtD-Q,san-marcos-california
https://www.ubereats.com/san-diego/food-delivery/dona-elena-pozoleria/9M6U332TQoiW77tjv303Aw,san-marcos-california
https://www.ubereats.com/san-diego/food-delivery/dennys-16686-bernardo-center-dr/pmgBDyYDSiaMVaGWWpFifw,san-marcos-california
https://www.ubereats.com/san-diego/food-delivery/hoshi-japanese-steakhouse/c8Ozu4dnRiKqqN8WCIjtDg,san-marcos-california
https://www.ubereats.com/san-diego/food-delivery/rubios-751-ctr-dr/i10UGyf3RUuPflXagdr9AA,san-marcos-california
https://www.ubereats.com/san-diego/food-delivery/hello-deli/Fr6-y57rTGmwXKueVKyr6w,san-marcos-california
https://www.ubereats.com/san-diego/food-delivery/tabu-sushi-bar-%26-grill-vista/_ug4YL5hRLmX8m7IqkQ_Wg,san-marcos-california
https://www.ubereats.com/san-diego/food-delivery/arbys-320-w-mission-ave/6oIByzujTNKLz9uAtMAGkg,san-marcos-california
https://www.ubereats.com/san-diego/food-delivery/pizza-on-tap/ERS6nnnhS2CGh77jkguxFw,san-marcos-california
https://www.ubereats.com/san-diego/food-delivery/burros-%26-fries-escondido/7GCVBEwqShy44t9FwEeSpw,san-marcos-california
https://www.ubereats.com/san-diego/food-delivery/the-lanai/NnxgdrggSVW-WOCkd6SSOQ,san-marcos-california
https://www.ubereats.com/san-diego/food-delivery/giant-new-york-pizza-vista/EXwa_AsGRgCsNxR9cGwaPA,san-marcos-california
https://www.ubereats.com/san-diego/food-delivery/sabor-de-vida-brazilian-grill/4_dWn6nNQ1qNRO2zraTP4g,san-marcos-california
https://www.ubereats.com/san-diego/food-delivery/pizza-time/JBqudJN6SgOkzoVTmXgidw,san-marcos-california
https://www.ubereats.com/san-diego/food-delivery/pho-guys/NSRPW8DiRnCAiqcQ-im8DQ,san-marcos-california
https://www.ubereats.com/san-diego/food-delivery/pick-up-stix-oceanside/VblkwT5rSQifmdkQ9nXwVA,san-marcos-california
https://www.ubereats.com/san-diego/food-delivery/el-pollo-loco-3500-college-blvd3731/fF2-KXIySX6Lc6po1P5Wsw,san-marcos-california
https://www.ubereats.com/san-diego/food-delivery/charlies-family-restaurant/8bMdoG87R42JjRiVc_3VRg,san-marcos-california
https://www.ubereats.com/san-diego/food-delivery/firehouse-subs-escondido/xjWcPtahTyOUdnW2StIZtw,san-marcos-california
https://www.ubereats.com/san-diego/food-delivery/bellamys-restaurant/hQJI4qpXR7WDuxPF6W_LRg,san-marcos-california
https://www.ubereats.com/san-diego/food-delivery/burger-king-244-west-mission-avenue/8aexU-57SAeKx42D5qFXQw,san-marcos-california
https://www.ubereats.com/san-diego/food-delivery/al-toque/nIiN54pgQB62X6pzj3Mlgg,san-marcos-california
https://www.ubereats.com/san-diego/food-delivery/the-broken-yolk-cafe-san-marcos/djWqkepqTCGr43iaCuvAxA,san-marcos-california
https://www.ubereats.com/san-diego/food-delivery/mcdonalds-120-south-rancho-santa-fe/Yob6tNIWRha_6qRxhsUwNA,san-marcos-california
https://www.ubereats.com/san-diego/food-delivery/burger-king-728-west-san-marcos-boulevard/3ebANGeLRNGdHkWOIhLoLA,san-marcos-california
https://www.ubereats.com/san-diego/food-delivery/rock-on-pizza/CPGCkVPXQkivYTl4Nu9tWA,san-marcos-california
https://www.ubereats.com/san-diego/food-delivery/tasty-pizza/Yum7V6gySRObOIK2VXm9Ew,san-marcos-california
https://www.ubereats.com/san-diego/food-delivery/submarina/9E-0-NI4QqiQ9zs2LMNKkQ,san-marcos-california
https://www.ubereats.com/san-diego/food-delivery/woodsy-coffee/N420qmfzS6eeZbdQvQuCBw,san-marcos-california
https://www.ubereats.com/san-diego/food-delivery/lebanese-grill-mediterranean/o841zv6rQDWUkJ1Vx-BIAw,san-marcos-california
https://www.ubereats.com/san-diego/food-delivery/pho-ph-ha/e5vGHSthRXeik2b6busOPw,san-marcos-california
https://www.ubereats.com/san-diego/food-delivery/manna-heaven-bbq-san-marcos/xuh-u50wRHe3zhFJGGM1Mg,san-marcos-california
https://www.ubereats.com/san-diego/food-delivery/chef-v/IFSU3K7oQu-U4HTJMLwO0g,san-marcos-california
https://www.ubereats.com/san-diego/food-delivery/los-cabos-mexican-and-seafood/UFN5wDTOT5uXooPM40CaxQ,san-marcos-california
https://www.ubereats.com/san-diego/food-delivery/jack-in-the-box-740-sycamore-rd/s3BX0tMXQSW5IS939WhUuA,san-marcos-california
https://www.ubereats.com/san-diego/food-delivery/jersey-mikes-730-nordahl-road/OskGVGlbSfGfaREBE-uWbw,san-marcos-california
https://www.ubereats.com/san-diego/food-delivery/doods-deli/tLiKQBs3SmONe7GHz7M8ig,san-marcos-california
https://www.ubereats.com/san-diego/food-delivery/on-the-border-escondido/GndthleARHWeiwLOGWSiww,san-marcos-california
https://www.ubereats.com/san-diego/food-delivery/debbies-restaurant-and-pie-shoppe/IEP13U9eTaq-USYtV_PYDg,san-marcos-california
https://www.ubereats.com/san-diego/food-delivery/rallys-1157-east-valley-parkway/Tv0-YlgNSliRNcElAvpskA,san-marcos-california
https://www.ubereats.com/san-diego/food-delivery/el-pollo-loco-1366-west-valley-parkway3728/C38VHYtIQvGd2YRFLhTrcg,san-marcos-california
https://www.ubereats.com/san-diego/food-delivery/froyo-love/CT-RisO7SmKWUrn7JtWm4A,san-marcos-california
https://www.ubereats.com/san-diego/food-delivery/liv-kafe/ReT9q9DqSpWMD23GDyIF_w,san-marcos-california
https://www.ubereats.com/san-diego/food-delivery/hungry-bear-deli/V9TUzG5zR1aXvBgma4gQ9Q,san-marcos-california
https://www.ubereats.com/san-diego/food-delivery/mcdonalds-1146-e-valley-pky/PMShsuhrTBKKErMsOWWgTw,san-marcos-california
https://www.ubereats.com/san-diego/food-delivery/yummy-pho/e6K9kwrwQvK7C65YU-F2MA,san-marcos-california
https://www.ubereats.com/san-diego/food-delivery/the-ice-cream-shop/Be_usicKTba9i4pjS-oigA,san-marcos-california
https://www.ubereats.com/san-diego/food-delivery/hooked-on-sushi/ad5u-L-fTmiqmXtpLO53lQ,san-marcos-california
https://www.ubereats.com/san-diego/food-delivery/sushi-nori/fHkwraT9Q8uUIujMfhtPWg,san-marcos-california
https://www.ubereats.com/san-diego/food-delivery/healthy-grill/sTy5OxNZSHucZghND70JIw,san-marcos-california
https://www.ubereats.com/san-diego/food-delivery/fish-district-carlsbad/S84ZIa19S2yvnGKA6TelPw,san-marcos-california
https://www.ubereats.com/san-diego/food-delivery/macaroni-grill-oceanside/6TN5ZtyER_KXxCmpLP-W1A,san-marcos-california
https://www.ubereats.com/san-diego/food-delivery/allens-new-york-pizza/VRlZpsiMR5Sv6Z5dhMOYGA,san-marcos-california
https://www.ubereats.com/san-diego/food-delivery/panda-express-600-west-mission-ave/t-VAqfopT_6u9SlwF10ilw,san-marcos-california
https://www.ubereats.com/san-diego/food-delivery/king-and-i-of-san-marcos/eU7VrmzYSeCacOe31AT5mw,san-marcos-california
https://www.ubereats.com/san-diego/food-delivery/fatburger-314-w-valley-pkwy/EzDcxejwSQKrP1C5H3XIZQ,san-marcos-california
https://www.ubereats.com/san-diego/food-delivery/curry-craft/KbWE1sjORRy0TAzOiuitfA,san-marcos-california
https://www.ubereats.com/san-diego/food-delivery/ichiban-ramen-and-sushi-vista/ywNk9UNzT9OKY4tQ0Awj5g,san-marcos-california
https://www.ubereats.com/san-diego/food-delivery/mendocino-farms/6D8fvmtHRlKVCAdvb3qpeQ,san-marcos-california
https://www.ubereats.com/san-diego/food-delivery/panchos-breakfast-escondido/vdTJCAzORjWXbPcNA6rKSA,san-marcos-california
https://www.ubereats.com/san-diego/food-delivery/shanes-pizza-and-pints/jk665o2iQk-vIYKFsKtxxg,san-marcos-california
https://www.ubereats.com/san-diego/food-delivery/black-rock-coffee-823-e-vista-way/vXxSj4nyQLiTXPXpwYjGvw,san-marcos-california
https://www.ubereats.com/san-diego/food-delivery/panini-kabob-grill-carlsbad/sJrZn5eBQiKMthNYeB53nA,san-marcos-california
https://www.ubereats.com/san-diego/food-delivery/flippin-pizza-2440-south-melrose-dr/iHhYw5S9TZGsKEC-Sd5bxw,san-marcos-california
https://www.ubereats.com/san-diego/food-delivery/cejas-mexican-diner-%26-grill/H_jH_pi8SfGoKCQzshpDSA,san-marcos-california
https://www.ubereats.com/san-diego/food-delivery/lourdes-mexican-restaurant/Ah8V1kgUS62vfdn7tUwWUg,san-marcos-california
https://www.ubereats.com/san-diego/food-delivery/pho-ca-dao-rancho-bernardo/nTL-OuyqRD6QdMh3n-MCTA,san-marcos-california
https://www.ubereats.com/san-diego/food-delivery/los-primos-carlsbad-%2320/TKkiD2GATfOsUFDBIgQkSg,san-marcos-california
https://www.ubereats.com/san-diego/food-delivery/jack-in-the-box-1050-w-el-norte-pkwy/T8VAMh7nQ92TepNpQsBToA,san-marcos-california
https://www.ubereats.com/san-diego/food-delivery/ramen-factory/fO_-N-4cSvOWQGNSDaJiyg,san-marcos-california
https://www.ubereats.com/san-diego/food-delivery/pho-time/4YreNO_MRYuShAqz5vromQ,san-marcos-california
https://www.ubereats.com/san-diego/food-delivery/panda-express-1084-n-el-camino-real/y38N9KbTR5mrBSn2kUSKXQ,san-marcos-california
