url,city
https://www.ubereats.com/los-angeles/food-delivery/chipotle-mexican-grill-24631-crenshaw-blvd-ste-a/es0s7O9rTzyv3E8ek-pp7Q,san-pedro-california
https://www.ubereats.com/los-angeles/food-delivery/fabulous-grill-carson/RHg4SJXUTOS7c7KhsFxVoQ,san-pedro-california
https://www.ubereats.com/los-angeles/food-delivery/krispy-krunchy-chicken-1430-east-pacific-coast-highway/F3HieqhQT5GRlnx5FqLoAg,san-pedro-california
https://www.ubereats.com/los-angeles/food-delivery/dennys-1440-w-pacific-coast/IUGAl1jOQPG6vyMoT1XGBw,san-pedro-california
https://www.ubereats.com/los-angeles/food-delivery/el-pollo-loco-111-e-carson-st5901/QDVTEBMxSGiMPeHQr5lKwA,san-pedro-california
https://www.ubereats.com/los-angeles/food-delivery/clutch-and-coffee/ajy_o5SfQRWmMk1-8kJBkQ,san-pedro-california
https://www.ubereats.com/los-angeles/food-delivery/bobs-hamburgers/1JAtiWVdTxyvjkBZV5YQiQ,san-pedro-california
https://www.ubereats.com/los-angeles/food-delivery/khun-9-thai-kitchen/OIU_hd-rTLeEfvvSJMq5Pw,san-pedro-california
https://www.ubereats.com/los-angeles/food-delivery/kings-hawaiian-bakery-%26-restaurant/ECu1iku1R0C6uewRSxCIGQ,san-pedro-california
https://www.ubereats.com/los-angeles/food-delivery/continental-gourmet-restaurant-lomita/t04Lz8MmS4W2KE8nzroppQ,san-pedro-california
https://www.ubereats.com/los-angeles/food-delivery/jersey-mikes-subs-carson-20420-s-avalon-blvd/MPd4ElAeTs-jpqxKVbQh1A,san-pedro-california
https://www.ubereats.com/los-angeles/food-delivery/subhannahong-royal-thai-cuisine/9C8hJEnkSd6WLvyB5wm9kQ,san-pedro-california
https://www.ubereats.com/los-angeles/food-delivery/green-burrito-1752-pacific-coast-hwy/CzDXYGoEQ5650m9fD8-xPg,san-pedro-california
https://www.ubereats.com/los-angeles/food-delivery/famous-tandoori/qu4qS9XTQNS86TNpKB3w9A,san-pedro-california
https://www.ubereats.com/los-angeles/food-delivery/ko-ryu-ramen/4RB3VmcrT3WFm-XLKA0Yhg,san-pedro-california
https://www.ubereats.com/los-angeles/food-delivery/sa-ung-thai/9O-dOq_PSGyxWz3aZvXyHg,san-pedro-california
https://www.ubereats.com/los-angeles/food-delivery/taco-bell-921-west-sepulveda-blvd/X6w9GbqES3eKDgL36t2lMg,san-pedro-california
https://www.ubereats.com/los-angeles/food-delivery/little-sister/pW1VN2nVRVmCnTL1rCnSQA,san-pedro-california
https://www.ubereats.com/los-angeles/food-delivery/forever-kitchen-indian-thai-%26-vietnamese/FmgEJOPQSvG92A2KH4L6jw,san-pedro-california
https://www.ubereats.com/los-angeles/food-delivery/kellys-korner/yxYBfI5CS0KFVwT2-W6Q8g,san-pedro-california
https://www.ubereats.com/los-angeles/food-delivery/burger-city-grill-lomita/OZgD3mm0QeqG81y--SrhJg,san-pedro-california
https://www.ubereats.com/los-angeles/food-delivery/the-habit-burger-grill-4-b-peninsula-center/qkr6cgRBQXiADQngc5xS0A,san-pedro-california
https://www.ubereats.com/los-angeles/food-delivery/saladish/1UAHGb7cQPCZORtGTPWsuQ,san-pedro-california
https://www.ubereats.com/los-angeles/food-delivery/the-ice-cream-shop/EE4uLVYXTqah5RvsdU7a1A,san-pedro-california
https://www.ubereats.com/los-angeles/food-delivery/bcd-tofu-house-torrance/jHeilJIqQeCAgGyLfHrV3w,san-pedro-california
https://www.ubereats.com/los-angeles/food-delivery/circus-donut/SChBZUUCTe2osI1O6Ie38A,san-pedro-california
https://www.ubereats.com/los-angeles/food-delivery/fatburger-%26-buffalos-express-1001-w-carson-st/FqUYUPXoRHuYbBWCr92p2Q,san-pedro-california
https://www.ubereats.com/los-angeles/food-delivery/foundation-sandwich-shop/8RLmKJR2RPWVLSqu_hng1g,san-pedro-california
https://www.ubereats.com/los-angeles/food-delivery/tacos-gallo-loco-willow/lk2n0w7RTByhxAa3OYtX2A,san-pedro-california
https://www.ubereats.com/los-angeles/food-delivery/lisas-cafe-%26-bakery/s_0BE06fRIi3ag9uiR9TTQ,san-pedro-california
https://www.ubereats.com/los-angeles/food-delivery/kalaveras-san-pedro/9mnJhZhWRL-VEFyXQyHbgw,san-pedro-california
https://www.ubereats.com/los-angeles/food-delivery/bunz-gourmet-burgers/u5SCitzSReq3YEefIO6PDA,san-pedro-california
https://www.ubereats.com/los-angeles/food-delivery/fatburger-1698-s-pacific-coast-highway/wf0PxbegSgWClNBImZuOkg,san-pedro-california
https://www.ubereats.com/los-angeles/food-delivery/el-pollo-loco-2940-pacific-coast-hwy3340/E5DxAiodSIygbydqMEBm9A,san-pedro-california
https://www.ubereats.com/los-angeles/food-delivery/jack-in-the-box-939-e-carson-st/Gkk9okaKRnqk9yZf4JMrvA,san-pedro-california
https://www.ubereats.com/los-angeles/food-delivery/chicken-maison-%40-harborucla/PSplivRGSoSlsRSsazotGA,san-pedro-california
https://www.ubereats.com/los-angeles/food-delivery/zayna-flaming-grill/PO1gayVLTaibJq27zO4RKg,san-pedro-california
https://www.ubereats.com/los-angeles/food-delivery/del-taco-1229-pacific-coast-hwy/YXoU32TlQoCLUzzAWoK4dg,san-pedro-california
https://www.ubereats.com/los-angeles/food-delivery/chuck-e-cheese-2821-pacific-coast-hwy/sXUP2X9qSua5Ul44rk94HA,san-pedro-california
https://www.ubereats.com/los-angeles/food-delivery/california-pizza-kitchen-25304-crenshaw-blvd/XHnckZ3tSv-O3M5w_WiA1g,san-pedro-california
https://www.ubereats.com/los-angeles/food-delivery/hurricane-wings-1001-w-carson-st/p_oyjpuMS1GXcx7Lg6DPhw,san-pedro-california
https://www.ubereats.com/los-angeles/food-delivery/ko-ryo-jung-restaurant-1585-sepulveda-blvd-ste-n/oIZYByUySjCHtoa7mnxhHA,san-pedro-california
https://www.ubereats.com/los-angeles/food-delivery/subway-1436-w-25th-st/KcWqmP9FRrmOMWzybQvFyg,san-pedro-california
https://www.ubereats.com/los-angeles/food-delivery/el-super-wilmington/xPspq9M8TE-tiA_JU7kxFw,san-pedro-california
https://www.ubereats.com/los-angeles/food-delivery/la-salsa-mexican-grill-rolling-hills-estates/bppws-pETlCYousklPxQPg,san-pedro-california
https://www.ubereats.com/los-angeles/food-delivery/wienerschnitzel-1715-pacfic-coast-hwy/kdoht7EfQL-K82NwX0GwJg,san-pedro-california
https://www.ubereats.com/los-angeles/food-delivery/la-siciliana/zNyBXE5qQLmShmQRnduzQg,san-pedro-california
https://www.ubereats.com/los-angeles/food-delivery/taco-bell-100-w-pacific-coast-hwy/zlOtQnchTES4FcOyWZdyaA,san-pedro-california
https://www.ubereats.com/los-angeles/food-delivery/jims-burgers/NZq7sK8TQqyW1ZijBbFtUw,san-pedro-california
https://www.ubereats.com/los-angeles/food-delivery/orleans-%26-york-deli-carson/UdBZoR2wTDiHq9PcTv339Q,san-pedro-california
https://www.ubereats.com/los-angeles/food-delivery/pieology-carson/XQo8av_SQbivFqDZSlcU4w,san-pedro-california
https://www.ubereats.com/los-angeles/food-delivery/the-ice-cream-shop/w56N2qm_SH-BmvMZBAqnXw,san-pedro-california
https://www.ubereats.com/los-angeles/food-delivery/nuda-juice-%26-wellness-shop/8ftebuXrSCGy1NoolaM3Gg,san-pedro-california
https://www.ubereats.com/los-angeles/food-delivery/chicken-maison-torrance/Uaxq3Qy7S5GeeFkykaLx0A,san-pedro-california
https://www.ubereats.com/los-angeles/food-delivery/subway-22232-wilmington-ave/JvS-5mGsRd--JtRio7gHLA,san-pedro-california
https://www.ubereats.com/los-angeles/food-delivery/wienerschnitzel-2780-pacific-coast-hwy/c5SKaodnT2igAyikGJjcGA,san-pedro-california
https://www.ubereats.com/los-angeles/food-delivery/dennys-600-carson-plaza-dr/S4y_qW6pRlSPX1THh9MGsQ,san-pedro-california
https://www.ubereats.com/los-angeles/food-delivery/tacos-super-gallito-carson-st/ej8O5KuySO6rYpHYpGU8TA,san-pedro-california
https://www.ubereats.com/los-angeles/food-delivery/ideal-siam-cuisine/o0A3Xen1SxqdDLRlKb-d6Q,san-pedro-california
https://www.ubereats.com/los-angeles/food-delivery/fusion-sushi/wUyzjgvlQKuwTmjr3oRKEg,san-pedro-california
https://www.ubereats.com/los-angeles/food-delivery/el-pollo-loco-1380-n-avalon-blvd5955/17oq5etxSBioiGzwAShYSA,san-pedro-california
https://www.ubereats.com/los-angeles/food-delivery/kings-wok-express/V2ibMjwvR621kHr7KSB3iw,san-pedro-california
https://www.ubereats.com/los-angeles/food-delivery/chicken-maison-torrance-crossheads/dwNjZp_ZSGm_qoB-XsyhPw,san-pedro-california
https://www.ubereats.com/los-angeles/food-delivery/pf-changs-3525-carson-st-r7-166/aDTtQXDrRyaBu6b9RaIm1Q,san-pedro-california
https://www.ubereats.com/los-angeles/food-delivery/winchells-donuts-184-e-carson-st/ogwVPr6jTWyGXV8OPirg4g,san-pedro-california
https://www.ubereats.com/los-angeles/food-delivery/the-flame-broiler-2024-w-carson-st/v_H_c3KkQ3efCmCVZIATtw,san-pedro-california
https://www.ubereats.com/los-angeles/food-delivery/the-buffalo-spot-10/wDLaWThZSLO9l5ltwDJFtw,san-pedro-california
https://www.ubereats.com/los-angeles/food-delivery/conrads-mexican-grill/Qapu_os3QYqwYbEGSHMANg,san-pedro-california
https://www.ubereats.com/los-angeles/food-delivery/kfc-1601-w-willow-st/BxNgblmvSh-FGUagFoupKA,san-pedro-california
https://www.ubereats.com/los-angeles/food-delivery/popeyes-154-w-carson-st/q3dOD0oQQJevQEztzDmxsQ,san-pedro-california
https://www.ubereats.com/los-angeles/food-delivery/retro-saigon-bistro/GAEth-OgQ8Wvdq2399f3aQ,san-pedro-california
https://www.ubereats.com/los-angeles/food-delivery/hofs-hut-torrance/-rFaXzWzShOYCEciJ6K9dQ,san-pedro-california
https://www.ubereats.com/los-angeles/food-delivery/3stakxs-kitchen/Xg1ITvnbSRWZw6b1Ca2ceQ,san-pedro-california
https://www.ubereats.com/los-angeles/food-delivery/mama-ds-italian-kitchen-redondo-beach/OWBlG7bGTdWWjplzQm1Tng,san-pedro-california
https://www.ubereats.com/los-angeles/food-delivery/maya-mexican-restaurant/creMYl0hRgSUvGrTHlwFIw,san-pedro-california
https://www.ubereats.com/los-angeles/food-delivery/hiccups-carson/L9hoDujzSxefC_9SoyN9Jg,san-pedro-california
https://www.ubereats.com/los-angeles/food-delivery/jack-in-the-box-2101-n-palos-verdes-dr-lomita/xoeHl7tOQ_-Fw2Y-vOIj7A,san-pedro-california
https://www.ubereats.com/los-angeles/food-delivery/burattino-brick-oven-pizza/vKoD7imxQuquF5Uv1ceJzA,san-pedro-california
https://www.ubereats.com/los-angeles/food-delivery/yoshinoya-1603-sepulveda-blvd/WTZplI4ARjewPbkcOugJTg,san-pedro-california
https://www.ubereats.com/los-angeles/food-delivery/hooters-aquarium-way-%26-w-shoreline-dr/Zs_N3kSBT3SvnO71x6bjrg,san-pedro-california
https://www.ubereats.com/los-angeles/food-delivery/kfc-%2305-415-s-gaffey-st/MVgexzGbRLaYcaHCwJqB2w,san-pedro-california
https://www.ubereats.com/los-angeles/food-delivery/cavitena-filipino-restaurant/IWIEZ2qTSJSM1GlXdg5XUg,san-pedro-california
https://www.ubereats.com/los-angeles/food-delivery/el-pollo-peruano/G_wueSxGQsW2MA4mONpVhw,san-pedro-california
https://www.ubereats.com/los-angeles/food-delivery/robeks-fresh-juices/Rm_Fx6Q9TRqIcXkwT-E4HQ,san-pedro-california
https://www.ubereats.com/los-angeles/food-delivery/sebastians-mediterranean-cuisine/M8MH5L9-RASNQX5iunbKNg,san-pedro-california
https://www.ubereats.com/los-angeles/food-delivery/hoka-hoka-sushi-%26-sake/AAbHxUufQEi9A2dTdJXZ_Q,san-pedro-california
https://www.ubereats.com/los-angeles/food-delivery/frida-mexican-cuisine-torrance/l6g1-z24QRuyDmZg5NH1Vw,san-pedro-california
https://www.ubereats.com/los-angeles/food-delivery/starbucks-palos-verdes-%26-western-harbor-city/f91KvLWATVOCNp8GnhiuVg,san-pedro-california
https://www.ubereats.com/los-angeles/food-delivery/eboshi-ramen-bar/ws4_W0N7Q7GulI77lECrEA,san-pedro-california
https://www.ubereats.com/los-angeles/food-delivery/norms-carson/GG07shzlR3q__Yli4Hvqdg,san-pedro-california
https://www.ubereats.com/los-angeles/food-delivery/san-pedro-fish-market-grille-rolling-hills/yd0WHw-STg2PS-meNXWHCw,san-pedro-california
https://www.ubereats.com/los-angeles/food-delivery/norms-south-torrance/jORqHWHoT9G_9AfmGwRBxg,san-pedro-california
https://www.ubereats.com/los-angeles/food-delivery/panera-bread-2733-pacific-coast-highway/h6RcY893Q9O22hX43jdRMw,san-pedro-california
https://www.ubereats.com/los-angeles/food-delivery/panda-express-pch-%26-hawthorne/GoEq9UcoTJi31YqCATSPjQ,san-pedro-california
https://www.ubereats.com/los-angeles/food-delivery/la-zeez-pita-grill/CJkAyagGQ1qWuKdGE0SC1g,san-pedro-california
https://www.ubereats.com/los-angeles/food-delivery/panda-express-los-angeles-1608-pacific-coast-hwy/nZbkVB9ITLybWU1FEB8PEg,san-pedro-california
https://www.ubereats.com/los-angeles/food-delivery/the-cove-cafe/m2qSXubTSwqDMh9kLnuKkA,san-pedro-california
https://www.ubereats.com/los-angeles/food-delivery/albertas-mexican-food/CAQcsOGFROK7RgoOSH3rMQ,san-pedro-california
https://www.ubereats.com/los-angeles/food-delivery/ra-sushi-torrance/9xfIVanhS06Ey4OqevE2lA,san-pedro-california
https://www.ubereats.com/los-angeles/food-delivery/ishabu-shabu/b4DL-u-hT9OqD0Cjv_6QgA,san-pedro-california
https://www.ubereats.com/los-angeles/food-delivery/chicken-dijon-torrance/7k2fR5OVTMe8pLJ5ltuj5w,san-pedro-california
https://www.ubereats.com/los-angeles/food-delivery/wendys-23750-main-st/olIGy7EqTSqhNwS5m0EoMA,san-pedro-california
https://www.ubereats.com/los-angeles/food-delivery/momos-kitchen/4GPuZc-aSjSC123_dc6_FQ,san-pedro-california
https://www.ubereats.com/los-angeles/food-delivery/burger-king-127-west-4th-street/qsg65oW9T8O3x8dCqNaZwA,san-pedro-california
https://www.ubereats.com/los-angeles/food-delivery/five-guys-ca-0277-20700-avalon-blvd/WG5UD_vGTaW0wzMznqK6HA,san-pedro-california
https://www.ubereats.com/los-angeles/food-delivery/waba-grill-1640-w-carson-st-torrance/_-YHONShSB60hKG9K9XDJg,san-pedro-california
https://www.ubereats.com/los-angeles/food-delivery/buffalo-wild-wings-3525-w-carson-st-ste-163/-sPRlNM0RGWwxVeLKJd3tA,san-pedro-california
https://www.ubereats.com/los-angeles/food-delivery/the-flame-broiler-1249-west-carson-st/JxmDW-xUSwyF6HH66fjDRg,san-pedro-california
https://www.ubereats.com/los-angeles/food-delivery/subway-156-e-sepulveda-blvd/UowgwAzPQn-fyHyTgonBDw,san-pedro-california
https://www.ubereats.com/los-angeles/food-delivery/san-pedro-fish-market-and-restaurant-san-pedro/GG2bKACGS0CEvLpHysTD3A,san-pedro-california
https://www.ubereats.com/los-angeles/food-delivery/koryu-ramen-san-pedro/6FP1NigQQA6ScfVAlWVatg,san-pedro-california
https://www.ubereats.com/los-angeles/food-delivery/teds-place/GTPuOj_UR0mRrXtciMr5bA,san-pedro-california
https://www.ubereats.com/los-angeles/food-delivery/smile-thai/KpyGF-oVQqaPS-C5ZNneqA,san-pedro-california
https://www.ubereats.com/los-angeles/food-delivery/the-flame-broiler-152-e-sepulveda-blvd/uEuA3riORO2bLp7jNmxVXA,san-pedro-california
https://www.ubereats.com/los-angeles/food-delivery/mcdonalds-sn-pedro-gaffey/wFNkNXOqTBGZWx9nZMiuBw,san-pedro-california
https://www.ubereats.com/los-angeles/food-delivery/the-punchbowl/D1G30MBURVeuBtLTOGqxCg,san-pedro-california
https://www.ubereats.com/los-angeles/food-delivery/la-cocina-de-paquita/8TBuDrEcT2yd0kUouHPvvA,san-pedro-california
https://www.ubereats.com/los-angeles/food-delivery/happy-deli/qbS7oWgeTI6AbAuocGn-bA,san-pedro-california
https://www.ubereats.com/los-angeles/food-delivery/subway-860-e-carson-st-ste-101/FOJ_GtRZQrazJ1EVCpv9RA,san-pedro-california
https://www.ubereats.com/los-angeles/food-delivery/china-buffet/1guKKgkeTruJokuFjMJDQg,san-pedro-california
https://www.ubereats.com/los-angeles/food-delivery/marie-callenders/RdHlYeG6QXatRmKOFFPQ_g,san-pedro-california
https://www.ubereats.com/los-angeles/food-delivery/yummy-sweets-%26-gifts/M4mZM5a8SD20hI5uW0rtmg,san-pedro-california
https://www.ubereats.com/los-angeles/food-delivery/conrads/9qdqoy3xQuCT-GyW-O6tzQ,san-pedro-california
https://www.ubereats.com/los-angeles/food-delivery/matsui-restaurant/AWh2SohwQe-jDbUQ-0LS9w,san-pedro-california
https://www.ubereats.com/los-angeles/food-delivery/tacos-super-gallito-gaffrey-st/_11oRD3eRo2GnZoNYH1Zvw,san-pedro-california
https://www.ubereats.com/los-angeles/food-delivery/gushiya-sushi-%26-ramen/OHpORJtJTlywLyP71jhW_Q,san-pedro-california
https://www.ubereats.com/los-angeles/food-delivery/the-funnel-house-long-beach/leZD-jspQW2q8XA1bOb0-w,san-pedro-california
https://www.ubereats.com/los-angeles/food-delivery/bluesalt-fish-grill-torrance/y_X4YuLITHGWTlPmIJcwFg,san-pedro-california
https://www.ubereats.com/los-angeles/food-delivery/kokio-chicken-harbor-city/zMjc4wmUR-CYEv0YWwvkhA,san-pedro-california
https://www.ubereats.com/los-angeles/food-delivery/joes-vegan-shop/C52ssREaTN2tX6pDF8fJsA,san-pedro-california
https://www.ubereats.com/los-angeles/food-delivery/el-tarasco-mexican-food/K71GD8VPQlSNQeYGUuY7yQ,san-pedro-california
https://www.ubereats.com/los-angeles/food-delivery/loose-leaf-boba-company-long-beach-ca/ko8T8J1vSAKALcV8A2pliQ,san-pedro-california
https://www.ubereats.com/los-angeles/food-delivery/original-tommys-burgers/t-zl8HI7Touv2oE30-3-Gg,san-pedro-california
https://www.ubereats.com/los-angeles/food-delivery/the-ice-cream-shop/VypDY5V8QBG7c6WJoVFORw,san-pedro-california
https://www.ubereats.com/los-angeles/food-delivery/bombay-tandoori/13sOvvOgRLe7WLrUWwu2gA,san-pedro-california
https://www.ubereats.com/los-angeles/food-delivery/green-burrito-28619-s-western-ave/4bqHRwVjQniGJ9PlD9pEFw,san-pedro-california
https://www.ubereats.com/los-angeles/food-delivery/chinchikurin-torrance/N_c37qBpRc-mhbCSZZoV-Q,san-pedro-california
https://www.ubereats.com/los-angeles/food-delivery/burgerim-24218-crenshaw-boulevard/MXUGY1o3SA2khDfpAV3kuw,san-pedro-california
https://www.ubereats.com/los-angeles/food-delivery/cali-burrito-%26-torta-factory/FonVNeBCQnGOHUIgGDz4yQ,san-pedro-california
https://www.ubereats.com/los-angeles/food-delivery/taco-bell-204-n-gaffey-st/7bpQ3H7LTlOROb17gtrpjw,san-pedro-california
https://www.ubereats.com/los-angeles/food-delivery/lupitas-mexican-restaurant/vZ6O6cKkR6G6B3yzeKFU9Q,san-pedro-california
https://www.ubereats.com/los-angeles/food-delivery/shore-grille/HTUv3dtQSB2kiiltLW5nWQ,san-pedro-california
https://www.ubereats.com/los-angeles/food-delivery/carls-jr-28619-s-western-ave/F3qjXj5rSZ2cw40lTOrzBw,san-pedro-california
https://www.ubereats.com/los-angeles/food-delivery/subway-22222-south-main-st/TDQ-oMpbQDKxhSVKKmPGfw,san-pedro-california
https://www.ubereats.com/los-angeles/food-delivery/black-angus-steakhouse-torrance/sunlH5Q7QUCNzESX29LqPQ,san-pedro-california
https://www.ubereats.com/los-angeles/food-delivery/ramen-shack-takumiya-redondo-beach/GGF1AunCQ2qy9Bd_Jd3LlA,san-pedro-california
https://www.ubereats.com/los-angeles/food-delivery/subway-1111-pacific-coast-hwy/5jgHEC3YS82AQKMJwSpJyA,san-pedro-california
https://www.ubereats.com/los-angeles/food-delivery/tanawin-thai-bistro/vtJwMZ8qQH-waoO56JG6WA,san-pedro-california
https://www.ubereats.com/los-angeles/food-delivery/the-buffalo-spot-5-llc/SOUH5xRSTzODS_png6aW_g,san-pedro-california
https://www.ubereats.com/los-angeles/food-delivery/burger-king-865-west-sepulveda-boulevard/g3RJlL5LTdyOdemtrL0JYA,san-pedro-california
https://www.ubereats.com/los-angeles/food-delivery/all-indian-sweets-and-snacks/EBLkb0eBTTeHwg0O-IMuvw,san-pedro-california
https://www.ubereats.com/los-angeles/food-delivery/dunkin-1326-west-anaheim-st/TseElomjRbKYrNrh39OGmQ,san-pedro-california
https://www.ubereats.com/los-angeles/food-delivery/king-poke/qmV-vUiFRqijcT1nlyTqOg,san-pedro-california
https://www.ubereats.com/los-angeles/food-delivery/thai-rama/WbsOGk6DTIKgdpjykJLXJw,san-pedro-california
https://www.ubereats.com/los-angeles/food-delivery/lees-kitchen-inc/nmHyOGOhSgyT_Qut_klrfw,san-pedro-california
https://www.ubereats.com/los-angeles/food-delivery/truxtons-american-bistro-torrance/85npftEbRwqm5RNacQHfoQ,san-pedro-california
https://www.ubereats.com/los-angeles/food-delivery/pick-up-stix-torrance/t5Ih1kJARKuKOkXFqXTxmQ,san-pedro-california
https://www.ubereats.com/los-angeles/food-delivery/pasquallys-pizza-%26-wings-2821-pacific-coast-hwy/LvQScHrNQLe2ZEB_fQuK0A,san-pedro-california
https://www.ubereats.com/los-angeles/food-delivery/sushi-zen-maru/GJiPlwO8QGSU9mxDVURuqQ,san-pedro-california
https://www.ubereats.com/los-angeles/food-delivery/daphnes-california-greek-torrance/yZJaGN7SRc-FUGXnzhaYEA,san-pedro-california
https://www.ubereats.com/los-angeles/food-delivery/tacos-super-gallito-pacific-coast-highway/PDNImmsjSBKaQrxnIFnHRQ,san-pedro-california
https://www.ubereats.com/los-angeles/food-delivery/calizone/r7UJ74qHRbqZOsRgTQ144Q,san-pedro-california
https://www.ubereats.com/los-angeles/food-delivery/vu-%3A-du-wings/ugQa1jvHSyaLNXajb-hVTg,san-pedro-california
https://www.ubereats.com/los-angeles/food-delivery/kfc-%2310-619-w-carson-st/9qneLv_GQQ22ouGUihfbFw,san-pedro-california
https://www.ubereats.com/los-angeles/food-delivery/dennys-29019-s-western-ave/XTkH5UyZTzyJoE3IW78Ppg,san-pedro-california
https://www.ubereats.com/los-angeles/food-delivery/carls-jr-24010-hawthorne-blvd/_DoKdGSnTl2EefWN1nlH7A,san-pedro-california
https://www.ubereats.com/los-angeles/food-delivery/mashawi-grill/IPixq1YoSV-zrzhFFdsfmA,san-pedro-california
https://www.ubereats.com/los-angeles/food-delivery/el-pollo-peruano/8LcqX3PlRgm6uZqY81SRzA,san-pedro-california
https://www.ubereats.com/los-angeles/food-delivery/ubon-thai-kitchen/FQqX4o7GTyWu5PB0pm9abQ,san-pedro-california
https://www.ubereats.com/los-angeles/food-delivery/the-crest-sports-bar-%26-grill/VjbDq28gTqaQ2EG2rplAYA,san-pedro-california
https://www.ubereats.com/los-angeles/food-delivery/big-catch-seafood-house/JJVBhGjlQC219PsbNUTVew,san-pedro-california
https://www.ubereats.com/los-angeles/food-delivery/subway-132-w-anaheim-st/KuYhSOoeRfOOpoTF4_0WaA,san-pedro-california
https://www.ubereats.com/los-angeles/food-delivery/madre!-oaxacan-restaurant-and-mezcaleria-torrance/UxZXncJRQhS9rSnCPR58LQ,san-pedro-california
https://www.ubereats.com/los-angeles/food-delivery/papa-johns-rancho-palos-verdes/Mcc6ZAaaTPm14j_WnY1fXw,san-pedro-california
https://www.ubereats.com/los-angeles/food-delivery/zabon-ramen/agKaXSgOSs64DAAHXeyvBQ,san-pedro-california
https://www.ubereats.com/los-angeles/food-delivery/mcdonalds-lomita-pacific/95teLf4GRH6jTEdscTUKtg,san-pedro-california
https://www.ubereats.com/los-angeles/food-delivery/subway-701-torrance-blvd/yhU1omi9QXm8qqHiAw1S1g,san-pedro-california
https://www.ubereats.com/los-angeles/food-delivery/bites-%26-bashes-cafe/0p2bvVljR5yY8PVV8GH1uQ,san-pedro-california
https://www.ubereats.com/los-angeles/food-delivery/burger-king-2600-long-beach-blvd/0tCAnFTxShy4v46SEukvmQ,san-pedro-california
https://www.ubereats.com/los-angeles/food-delivery/rinaldis-italian-deli/QQrvBC_gTLy_Xykgw0lnSw,san-pedro-california
https://www.ubereats.com/los-angeles/food-delivery/tacos-quiroga/tPKl0Bn5QceMTUlbLbI8GA,san-pedro-california
https://www.ubereats.com/los-angeles/food-delivery/gilan-pizza-%26-grill/wlEFcaAxQxavKhx6mvemCA,san-pedro-california
https://www.ubereats.com/los-angeles/food-delivery/carls-jr-271-e-willow-st/lP7JDVjLSKGWF3-VBMJRtA,san-pedro-california
https://www.ubereats.com/los-angeles/food-delivery/habana-vieja/5M6S65g-Roe2pXQJrHrDsQ,san-pedro-california
https://www.ubereats.com/los-angeles/food-delivery/ko-ryu-ramen-grill/0tX_TfvjTkizqnIcR9md4w,san-pedro-california
https://www.ubereats.com/los-angeles/food-delivery/tamaen-japanese-bbq/tv2iMcK9S_SOEFCStQma6w,san-pedro-california
https://www.ubereats.com/los-angeles/food-delivery/carls-jr-1752-pacific-coast-hwy/oOKt7V_fRyq_YTnhrY46PA,san-pedro-california
https://www.ubereats.com/los-angeles/food-delivery/ajido-ramen-izakaya/_OqbABQHQ622oTeOEY9Bbg,san-pedro-california
https://www.ubereats.com/los-angeles/food-delivery/okrumong/RsBn-qsaSKCB9yzgLEEnwQ,san-pedro-california
https://www.ubereats.com/los-angeles/food-delivery/starbucks-gaffey-%26-5th-san-pedro/qjIRKhlXTkyKA495X1xmZA,san-pedro-california
https://www.ubereats.com/los-angeles/food-delivery/fat-tomato-pizza-harbor-city/15TX4MHsQxmFqWp3hFH4mg,san-pedro-california
https://www.ubereats.com/los-angeles/food-delivery/jack-in-the-box-1010-w-pacific-coast-hwy/ex3mTYA2RK2JmQvMPQflTQ,san-pedro-california
https://www.ubereats.com/los-angeles/food-delivery/mcdonalds-lomita-lomita-bl/gMWE5E_HR3-fQorlLRKlsg,san-pedro-california
https://www.ubereats.com/los-angeles/food-delivery/inka-wasi/MZn-V2B0TbOeWSzp0LE5hQ,san-pedro-california
https://www.ubereats.com/los-angeles/food-delivery/darrows-new-orleans-grill/AjY9CX3VSPe65nz3Bey9hQ,san-pedro-california
https://www.ubereats.com/los-angeles/food-delivery/fine-wok/ZKMJB8FgQcKMhVOT6KqSxg,san-pedro-california
https://www.ubereats.com/los-angeles/food-delivery/rakkan-ramen/TvHJkmjMSzChEzuo07CBTw,san-pedro-california
https://www.ubereats.com/los-angeles/food-delivery/subway-1941-pacific-coast-hwy/8HB8W2phRPqpO5EmIqP7pg,san-pedro-california
https://www.ubereats.com/los-angeles/food-delivery/louies-chinese-cuisine/hw6p_YqWRAi6a0GmoPtP_A,san-pedro-california
https://www.ubereats.com/los-angeles/food-delivery/kabab-curry-cuisine-of-india/_mnJkVNuTr-5X8sbdNIDbQ,san-pedro-california
https://www.ubereats.com/los-angeles/food-delivery/jolly-burrito-grill/DC6V11S6TN2qhHqOitbeHg,san-pedro-california
https://www.ubereats.com/los-angeles/food-delivery/makkah-market/eRTlPamPSFiX64YPb9Y64Q,san-pedro-california
https://www.ubereats.com/los-angeles/food-delivery/creamistry-torrance/mTtmgCvvRvqA5CAhdZ51WQ,san-pedro-california
https://www.ubereats.com/los-angeles/food-delivery/annapurna-south-indian-restaurant/fncc8gosQzSXZagGYDiYuQ,san-pedro-california
https://www.ubereats.com/los-angeles/food-delivery/starbucks-western-%26-westmont-san-pedro/txqitYUWTIScRaI9GXvRbg,san-pedro-california
https://www.ubereats.com/los-angeles/food-delivery/forever-indian-tandoori/oTc7l9wOQfehcEz0qZISQQ,san-pedro-california
https://www.ubereats.com/los-angeles/food-delivery/tacos-super-gallito-carson/T-XRzvIARz2FPJlcsxx_vg,san-pedro-california
https://www.ubereats.com/los-angeles/food-delivery/subway-1306-s-gaffey-st/45pAEd1tTOKOuKmpgj9d9Q,san-pedro-california
https://www.ubereats.com/los-angeles/food-delivery/waba-grill-611-s-gaffey-st-los-angeles/nmDkmnfuRNWW7WEme-zz6Q,san-pedro-california
https://www.ubereats.com/los-angeles/food-delivery/kfc-545-east-sepulveda/ErBIfkZbQHOQbZdngMw7dA,san-pedro-california
https://www.ubereats.com/los-angeles/food-delivery/jack-in-the-box-2705-pacific-coast-hwy/_pduXfs-RViJDt-8ohSMWQ,san-pedro-california
https://www.ubereats.com/los-angeles/food-delivery/pita-spot/CxCqRDRLTeulEaWMejiZLA,san-pedro-california
https://www.ubereats.com/los-angeles/food-delivery/jack-in-the-box-600-s-gaffey/VGRZcUb2QE6ztGOgTQETWw,san-pedro-california
https://www.ubereats.com/los-angeles/food-delivery/los-chilaquiles-mexican-grill/BkFt3pmmTo2VQ4Ds_k7gYQ,san-pedro-california
https://www.ubereats.com/los-angeles/food-delivery/taco-bell-22235-so-main-st/smmolj8dSa6yTV2IbWFrOg,san-pedro-california
https://www.ubereats.com/los-angeles/food-delivery/top-tenders-torrance/LeZcYVU7RyqhfnHMWCk3_A,san-pedro-california
https://www.ubereats.com/los-angeles/food-delivery/gengis-khan-3525-w-carson-st/4bvS94RSSA-zyUbfnPu6bg,san-pedro-california
https://www.ubereats.com/los-angeles/food-delivery/the-sandwich-saloon/hQc5A6YFSdGe5GDgmAwisw,san-pedro-california
https://www.ubereats.com/los-angeles/food-delivery/chado-tea-room-torrence/RvDN-9SDRy--pAKeJS8MKg,san-pedro-california
https://www.ubereats.com/los-angeles/food-delivery/casa-perez/iqBFodgKQ2-SLOo2clJNsA,san-pedro-california
https://www.ubereats.com/los-angeles/food-delivery/yogurtland-24631-crenshaw-blvd/RMplG7KgQMWOTPB2fHYlHA,san-pedro-california
https://www.ubereats.com/los-angeles/food-delivery/jacks-donuts/E3Kv-ebATXinvHHFsDyibw,san-pedro-california
https://www.ubereats.com/los-angeles/food-delivery/la-fiesta-mexicana/SngQF0uDTOG3ZKu7V7LbGg,san-pedro-california
https://www.ubereats.com/los-angeles/food-delivery/san-pedro-cafe/_MRwkjAXSN-R9SU2SXat-A,san-pedro-california
https://www.ubereats.com/los-angeles/food-delivery/fantastic-cafe-san-pedro/bmFaqq7mQuCNfzP8rFTl_A,san-pedro-california
https://www.ubereats.com/los-angeles/food-delivery/guss-world-famous-fried-chicken-long-beach-blvd/t9Aq7LNgSJKD086Vjznwgw,san-pedro-california
https://www.ubereats.com/los-angeles/food-delivery/la-michoacana-premier-e-anaheim/th-hJyj6RLauURMW_Gv5LA,san-pedro-california
https://www.ubereats.com/los-angeles/food-delivery/charleys-philly-steak-3525-w-carson/oxwBDSDdRUS9lWPs7J-gZg,san-pedro-california
https://www.ubereats.com/los-angeles/food-delivery/la-pizza/KL5oy-H2Syu6LltaBWIlHg,san-pedro-california
https://www.ubereats.com/los-angeles/food-delivery/gen-korean-bbq-house-torrance/EZ8lvpIaTJy5DdMlj3so9w,san-pedro-california
https://www.ubereats.com/los-angeles/food-delivery/el-pollo-loco-1141-w-pacific-coast-hwy3529/C5bV-ZW_QpOcvtjc3UqKOg,san-pedro-california
https://www.ubereats.com/los-angeles/food-delivery/di-roma-cucina/UcQNEz-kTAqKqaKF_n0Lcg,san-pedro-california
https://www.ubereats.com/los-angeles/food-delivery/snax-superburger-torrance/oL5SMpahSiiROymUyN5osA,san-pedro-california
https://www.ubereats.com/los-angeles/food-delivery/micheals-downtown/_U5fddlpQJOp-8xJcky1hw,san-pedro-california
https://www.ubereats.com/los-angeles/food-delivery/mcdonalds-torrnce4-pac-cst/pIx8LG5uRmqnkow-Dwh2ow,san-pedro-california
https://www.ubereats.com/los-angeles/food-delivery/kfc-%2323-2215-sepulveda-blvd/rEl3BUmFT0-SvQnWXExZJQ,san-pedro-california
https://www.ubereats.com/los-angeles/food-delivery/taco-bell-5125-pacific-coast-hwy/7JZGkP_lRMWdky7c2gOKlQ,san-pedro-california
https://www.ubereats.com/los-angeles/food-delivery/okane-umi/ngRODahwS0apsVJ7vVYpLQ,san-pedro-california
https://www.ubereats.com/los-angeles/food-delivery/fresh-and-meaty-burgers-carson/g84rkFcmTyax4z8gS5NaQw,san-pedro-california
https://www.ubereats.com/los-angeles/food-delivery/tastyblock-hawaiian-shave-ice/QlOttXLGRPqLpopz3PgNFw,san-pedro-california
https://www.ubereats.com/los-angeles/food-delivery/little-caesars-619-s-gaffey-street/iTxvv4pzRxqhb8Jdvw5Sdw,san-pedro-california
https://www.ubereats.com/los-angeles/food-delivery/buonos-authentic-pizzeria-san-pedro/pz3lv86qSvWLl03mWV5puw,san-pedro-california
https://www.ubereats.com/los-angeles/food-delivery/artianos-appetizer-2go/DOjm-GT6REG7gGCYKWVPsw,san-pedro-california
https://www.ubereats.com/los-angeles/food-delivery/baja-cali-fish-%26-tacos-long-beach/ro9U7ql9QfKZJjcU6FK1gw,san-pedro-california
https://www.ubereats.com/los-angeles/food-delivery/chicken-maison-western-%40-pv-drive/YzPu1z6aR3-HSFGOolbUow,san-pedro-california
https://www.ubereats.com/los-angeles/food-delivery/yellow-vase-parent/9vYumAvyTHuM_q0FRYJCEg,san-pedro-california
https://www.ubereats.com/los-angeles/food-delivery/taishi-hainan-chicken/JBGKWaIISZ6sZWDu286b_g,san-pedro-california
https://www.ubereats.com/los-angeles/food-delivery/emc-seafood-%26-raw-bar-torrance/IEdvObzPQUusWckpFzBd1A,san-pedro-california
https://www.ubereats.com/los-angeles/food-delivery/ding-tea-lomita/6FeawXK6SviUgrDKLZ0kuA,san-pedro-california
https://www.ubereats.com/los-angeles/food-delivery/toms-%231-world-famous-chiliburgers-carson/FX_qaV2mRw-QllHOkpksoQ,san-pedro-california
https://www.ubereats.com/los-angeles/food-delivery/agaves-kitchen-%26-tequila/k1IjfxISRayYnmjZ4tclhA,san-pedro-california
https://www.ubereats.com/los-angeles/food-delivery/mod-pizza-rolling-hills/49PxbxIERmybe_bR6uq8eg,san-pedro-california
https://www.ubereats.com/los-angeles/food-delivery/tacos-super-gallito-west-pacific-coast/PpLvikU8SGa8P2VenjInJg,san-pedro-california
https://www.ubereats.com/los-angeles/food-delivery/the-ordinarie/AZZth2YqQyukgC646iPncQ,san-pedro-california
https://www.ubereats.com/los-angeles/food-delivery/la-esperanza-restaurant-and-bakery-torrance/ZeIBHAYPT9qrp_xAluXieg,san-pedro-california
https://www.ubereats.com/los-angeles/food-delivery/jersey-mikes-subs-torrance-24631-crenshaw-blvd/-D4DyMPnS8ydLFNhxDLLlA,san-pedro-california
https://www.ubereats.com/los-angeles/food-delivery/taco-bell-2545-long-beach-blvd/Ik7yqcEZTk28vowrVgDSOA,san-pedro-california
https://www.ubereats.com/los-angeles/food-delivery/yoshinoya-140-w-anaheim-st/E674qPKzStSlBkiP_RGW-g,san-pedro-california
https://www.ubereats.com/los-angeles/food-delivery/outback-steakhouse-20-w-shoreline-dr/jey7XeqZQ02D4HsHZVtXmQ,san-pedro-california
https://www.ubereats.com/los-angeles/food-delivery/toyo-sushi/55wcuiMASiCVVOnlDxuT6A,san-pedro-california
https://www.ubereats.com/los-angeles/food-delivery/taco-bell-1031-s-gaffey-st/66IMbe61TxCsmcB1q0vY2w,san-pedro-california
https://www.ubereats.com/los-angeles/food-delivery/esperanza-la-michoacana/7NyJ0ac4TEC9AHqgMZ_Evg,san-pedro-california
https://www.ubereats.com/los-angeles/food-delivery/la-paz/fEmEKItTRH2dGP9Ceux05g,san-pedro-california
https://www.ubereats.com/los-angeles/food-delivery/starbucks-crenshaw-%26-airport-torrance/8QAyxFYHRPOlxXtNek9V_w,san-pedro-california
https://www.ubereats.com/los-angeles/food-delivery/lazy-dog-restaurant-%26-bar-torrance/seJubhzZQaaI90tK-sU47A,san-pedro-california
https://www.ubereats.com/los-angeles/food-delivery/royce-chocolate-mitsuwa-marketplace-in-torrance/v4ZgiPm9SBSxFVFRzlXQRg,san-pedro-california
https://www.ubereats.com/los-angeles/food-delivery/popeyes-1008-long-beach-blvd/_AmMQIC3RoORojHTvna2AA,san-pedro-california
https://www.ubereats.com/los-angeles/food-delivery/china-coast/rM9ov0eNRnq2LorNbsWV3g,san-pedro-california
https://www.ubereats.com/los-angeles/food-delivery/marias-mexican-restaurant/ArFanzeFRbaJ4pmr9P2sDg,san-pedro-california
https://www.ubereats.com/los-angeles/food-delivery/raku-sushi-tonkatsu/MgkIFX3zQYSI7Dx3A3wGgw,san-pedro-california
https://www.ubereats.com/los-angeles/food-delivery/pick-up-stix-san-pedro/xBPE3VqNQ_-4c5Y5B75MWg,san-pedro-california
https://www.ubereats.com/los-angeles/food-delivery/brite-spot/6BVU5ZOmSNCYNeZSpCqA-w,san-pedro-california
https://www.ubereats.com/los-angeles/food-delivery/rock-n-juice/HK0BtHvfRMCph_g-rozl5g,san-pedro-california
https://www.ubereats.com/los-angeles/food-delivery/mcdonalds-long-beach-long-beach-7th/J5tjWkV1RditUub1sqRRmQ,san-pedro-california
https://www.ubereats.com/los-angeles/food-delivery/boba-tea-house-long-beach/HmtKXJE6Tm6L4hyeOPNYcg,san-pedro-california
https://www.ubereats.com/los-angeles/food-delivery/taco-bell-2840-sepulveda-blvd/ln71s59TRnqvaytEp7pGRA,san-pedro-california
https://www.ubereats.com/los-angeles/food-delivery/riviera-village-pizza/yMShORm3SMy8UIEK0riSVg,san-pedro-california
https://www.ubereats.com/los-angeles/food-delivery/manpuku-japanese-dining-torrance/dZHkb5g-QMC29pZgxeGcvw,san-pedro-california
https://www.ubereats.com/los-angeles/food-delivery/pirozzis-italian-deli/U14W4TnrRvG81p5VDoyqLw,san-pedro-california
https://www.ubereats.com/los-angeles/food-delivery/curry-house-coco-ichibanya-torrance/E7XIwENKS2yloatWVO7A7g,san-pedro-california
https://www.ubereats.com/los-angeles/food-delivery/asaka-sushi/doxyGMAyRK2azZagX73tew,san-pedro-california
https://www.ubereats.com/los-angeles/food-delivery/mcdonalds-torrance-sepulveda-vermont/e41BFx26QU-CxvCVzXUHjg,san-pedro-california
https://www.ubereats.com/los-angeles/food-delivery/fiesta-grill/GeGkILT6R7Snq5qJHjphmQ,san-pedro-california
https://www.ubereats.com/los-angeles/food-delivery/benihana-21327-hawthorne-blvd/gIzTahjbQ_umckMSNsLM8w,san-pedro-california
https://www.ubereats.com/los-angeles/food-delivery/nenos-ristorante-italiano/MBbIar3_TKy8oZFj7pVEDw,san-pedro-california
https://www.ubereats.com/los-angeles/food-delivery/pinkberry-torrance/f9Xor8npQYmD38bzKaeYog,san-pedro-california
https://www.ubereats.com/los-angeles/food-delivery/panda-express-3525-carson-street/bq_FPgNOT9SZdgWhfMLziA,san-pedro-california
https://www.ubereats.com/los-angeles/food-delivery/luna-grill-torrance/1nPzTtr4Rlmb7CsC4_6SiA,san-pedro-california
https://www.ubereats.com/los-angeles/food-delivery/pho-1945-%26-poke-bowl/4FUlvHq1SYmoGXz5-x7PeQ,san-pedro-california
https://www.ubereats.com/los-angeles/food-delivery/starbucks-silver-spur-%26-hawthorne/JenjeTyfQvOjmWf-LinAxA,san-pedro-california
https://www.ubereats.com/los-angeles/food-delivery/rubys-diner-palos-verdes/EW4Dy19JTTSXKYC0ir2aIw,san-pedro-california
https://www.ubereats.com/los-angeles/food-delivery/subway-3902-pacific-coast-hwy/C4smtcGnR1ueyUWUX-6CLA,san-pedro-california
https://www.ubereats.com/los-angeles/food-delivery/tux-and-chucks-street-food/CPlB-QbnRg2XJZrPpHSE3Q,san-pedro-california
https://www.ubereats.com/los-angeles/food-delivery/san-pedro-fish-market-grille-wilmington/FHJyBgjAR7OlVi7RhGpF1Q,san-pedro-california
https://www.ubereats.com/los-angeles/food-delivery/popeyes-1700-w-willow-st/defjvS14Qjq7FfwHwvE5Yw,san-pedro-california
https://www.ubereats.com/los-angeles/food-delivery/bunch-of-munchies/gxU_AgH3S9S_sO474CVdPw,san-pedro-california
https://www.ubereats.com/los-angeles/food-delivery/izakaya-hachi-torrance/icBqwEZ3RB2-NtVAhaEDiA,san-pedro-california
https://www.ubereats.com/los-angeles/food-delivery/southbay-boba/a69DQgw-Sk61FGQ-r62vyw,san-pedro-california
https://www.ubereats.com/los-angeles/food-delivery/jack-in-the-box-111-e-223rd-st/lFiLGmEjSbamrOgEco8Waw,san-pedro-california
https://www.ubereats.com/los-angeles/food-delivery/tacos-super-gallito-torrance/fOo31LZ7RSekmIjN72HY6g,san-pedro-california
https://www.ubereats.com/los-angeles/food-delivery/chile-verde-torrance/8zSL9RPSTXSxUyam0QYN3w,san-pedro-california
https://www.ubereats.com/los-angeles/food-delivery/tacos-panchito-long-beach/Fnw9dsvSR3-oF_HlU_XuUA,san-pedro-california
https://www.ubereats.com/los-angeles/food-delivery/fishbonz-keto-grill/hKB36nQRTCS7OZSDnZRrIA,san-pedro-california
https://www.ubereats.com/los-angeles/food-delivery/jack-in-the-box-1720-w-pacific-coast-hwy/Afil97sBRD6cGZe_tgSLbw,san-pedro-california
https://www.ubereats.com/los-angeles/food-delivery/jack-in-the-box-1724-w-pacific-coast-hwy/97oyUmVNRJmNB3myUP__Og,san-pedro-california
https://www.ubereats.com/los-angeles/food-delivery/the-ice-cream-shop/OK0oKZ2WSYaqP_hM5iKz2g,san-pedro-california
https://www.ubereats.com/los-angeles/food-delivery/mcdonalds-carson-sepulveda-%26main/UF6t66grSE6Ws38O_MrEsA,san-pedro-california
https://www.ubereats.com/los-angeles/food-delivery/yellow-vase-rancho-palos-verdes/ivU8UH_EQLO7POT8Ky0NwA,san-pedro-california
https://www.ubereats.com/los-angeles/food-delivery/five-guys-ca-0606-23240-hawthorne-blvd/dHwUNh11TVqWQeQlveg3jw,san-pedro-california
https://www.ubereats.com/los-angeles/food-delivery/restaurante-estela/OiIJprnxSfOU9c_5p5Xafg,san-pedro-california
https://www.ubereats.com/los-angeles/food-delivery/elbows-mac-n-cheese/FcVVETbWRQ6l1KWtze9ywA,san-pedro-california
https://www.ubereats.com/los-angeles/food-delivery/chipotle-mexican-grill-940-n-western-ave-ste-e/j_0cx15SQtCCFEEMC-YT3g,san-pedro-california
https://www.ubereats.com/los-angeles/food-delivery/alfredos-mexican-food/lBQYI42OSmWHZAT0WqA8EA,san-pedro-california
https://www.ubereats.com/los-angeles/food-delivery/rolling-poke/jkI7WSd7SpGGZe9aieR2KA,san-pedro-california
https://www.ubereats.com/los-angeles/food-delivery/pressed-juicery-del-amo-fashion-center/0TAryNBlRVCFgwfcWbe-_w,san-pedro-california
https://www.ubereats.com/los-angeles/food-delivery/creme-de-la-crepe-rolling-hills/FhCcy9zaSu6eZmXyLb7cNA,san-pedro-california
https://www.ubereats.com/los-angeles/food-delivery/stacked-torrance/KDzorJf7QyO9b-ZuSgXJ-Q,san-pedro-california
https://www.ubereats.com/los-angeles/food-delivery/broiler-express/qWcD-MjCR7-VRfrRkNo3IA,san-pedro-california
https://www.ubereats.com/los-angeles/food-delivery/dons/VHMz4FylRGG9wOy8bR0UIQ,san-pedro-california
https://www.ubereats.com/los-angeles/food-delivery/bjs-restaurant-%26-brewhouse-3525-w-carson-street-suite-168/rEExcIA5TP-z9N3vqgY1Yw,san-pedro-california
https://www.ubereats.com/los-angeles/food-delivery/subway-285-west-6th-st/TZctavSkRNeGEE84v-O9Gw,san-pedro-california
https://www.ubereats.com/los-angeles/food-delivery/papa-johns-pizza-torrance/aV6ErdRxQ1eHGhh57NP9OQ,san-pedro-california
https://www.ubereats.com/los-angeles/food-delivery/asian-food-chinese-%26-pho-long-beach-ca/iSj2bxWzTAqECnHtJFNQ2w,san-pedro-california
https://www.ubereats.com/los-angeles/food-delivery/the-tamale-man/CjHcNk2WQ5GhUO3GBFoSuQ,san-pedro-california
https://www.ubereats.com/los-angeles/food-delivery/jack-in-the-box-29317-s-western-ave/poGeoYS9T3-r0-5mZjXI4Q,san-pedro-california
https://www.ubereats.com/los-angeles/food-delivery/tasty-noodle-house/u9y_09zKQgickhPYOeh4Xw,san-pedro-california
https://www.ubereats.com/los-angeles/food-delivery/pch-mexican-grill-%26-seafood/C8-ed8XETeKAbDdea-7jeA,san-pedro-california
https://www.ubereats.com/los-angeles/food-delivery/habana-vieja-cuban-cuisine/pwTpcjDnRzql1MdE--ampA,san-pedro-california
https://www.ubereats.com/los-angeles/food-delivery/the-flame-broiler-24427-crenshaw-blvd/boQp5x3DQyiItyJf-lFYpw,san-pedro-california
https://www.ubereats.com/los-angeles/food-delivery/corner-kitchen/SSox6JUYTyi6QYiEe0ABCQ,san-pedro-california
https://www.ubereats.com/los-angeles/food-delivery/northern-cafe-s-western-ave/n8gpe-eFQQKDwRDEqCiJlw,san-pedro-california
https://www.ubereats.com/los-angeles/food-delivery/gyu-kaku-japanese-bbq-torrance/MrElvmDzQ8yQDJznS4_btQ,san-pedro-california
https://www.ubereats.com/los-angeles/food-delivery/sandwich-blvd/6eX8EVuiRgGXpqseDnhq2w,san-pedro-california
https://www.ubereats.com/los-angeles/food-delivery/bad-ass-breakfast-burritos-long-beach/UNisSYDySXeLptwkCNuPlA,san-pedro-california
https://www.ubereats.com/los-angeles/food-delivery/carls-jr-21703-avalon-blvd/2Ep4t0oPTyqtyuc1xSG8ww,san-pedro-california
https://www.ubereats.com/los-angeles/food-delivery/tacos-super-gallito-w-carson-st/903lv0SCRP6ZsXzw3jbo6g,san-pedro-california
https://www.ubereats.com/los-angeles/food-delivery/papa-johns-pizza-long-beach/xsw_IujGRASLc9pJLZCgeg,san-pedro-california
https://www.ubereats.com/los-angeles/food-delivery/el-pollo-inka-torrance/vxRszzaAS7G4rFW46dx2Uw,san-pedro-california
https://www.ubereats.com/los-angeles/food-delivery/proper-pizza-kitchen/Lh57FHNSTFOFA4mDPq8L6g,san-pedro-california
https://www.ubereats.com/los-angeles/food-delivery/la-michoacana-wilmington/4QmB6xDyTgirIWBcqvEUxQ,san-pedro-california
https://www.ubereats.com/los-angeles/food-delivery/fat-tomato-pizza-san-pedro/4fqw0rRxSR2otdPtZxDCPA,san-pedro-california
https://www.ubereats.com/los-angeles/food-delivery/ojiya-torrance/IW30_RBCRiit_gKcTZAXPA,san-pedro-california
https://www.ubereats.com/los-angeles/food-delivery/sidecar-doughnuts-%26-coffee-torrance/BpQtgTJlRZOy2o9J2xk4qA,san-pedro-california
https://www.ubereats.com/los-angeles/food-delivery/kung-fu-tea-harbor-city/KaHQRdItTuawHy8QbfyB8w,san-pedro-california
https://www.ubereats.com/los-angeles/food-delivery/rice-heaven/0kafLHpjQGWZXFpVa8TBiA,san-pedro-california
https://www.ubereats.com/los-angeles/food-delivery/angara/EVPGwSjGTZeKD7aYpETrSw,san-pedro-california
https://www.ubereats.com/los-angeles/food-delivery/123-pho/d9JBfx-lTDq0y9CR-w28iQ,san-pedro-california
https://www.ubereats.com/los-angeles/food-delivery/stuff-pizza/za7eMK2gS6q0pMMLtN5eog,san-pedro-california
https://www.ubereats.com/los-angeles/food-delivery/smoky-doky-bbq/kygjpqcpQy2gw0lyEd6GdA,san-pedro-california
https://www.ubereats.com/los-angeles/food-delivery/pho-hana-restaurant/sF46YDM8SueT-OiammSdLA,san-pedro-california
https://www.ubereats.com/los-angeles/food-delivery/baramee-thai-restaurant/UZ8PGWYBQUO8JCfz6BjVNw,san-pedro-california
https://www.ubereats.com/los-angeles/food-delivery/tendon-tempura-carlos-jr/5x7_ywqES2uVUH2vxkdtgg,san-pedro-california
https://www.ubereats.com/los-angeles/food-delivery/tokyo-teriyaki-and-burger/vaFeHFT4QPmo8iqcWDoQ1w,san-pedro-california
https://www.ubereats.com/los-angeles/food-delivery/fanoos-grill/ysHrR53YSrufrjmRQWed_Q,san-pedro-california
https://www.ubereats.com/los-angeles/food-delivery/tacos-el-goloso/IILHyXukTfG0ZTiQ4x0XfA,san-pedro-california
https://www.ubereats.com/los-angeles/food-delivery/taishi-hainan-chicken/xYUVp4NmSZGpvMUZfPH2KQ,san-pedro-california
https://www.ubereats.com/los-angeles/food-delivery/los-compadres-taqueria/KHDCsY5gQjmHfBX8Jf-j-Q,san-pedro-california
https://www.ubereats.com/los-angeles/food-delivery/long-beach-beer-lab/AqkBmvQiQlqiL-SnJuLVMQ,san-pedro-california
https://www.ubereats.com/los-angeles/food-delivery/el-primo/hkqJomGYQxaYg7jLWUbJTg,san-pedro-california
https://www.ubereats.com/los-angeles/food-delivery/bad-mutha-clucka-long-beach/9J_E1DTxThuw-OjBoLRuMA,san-pedro-california
https://www.ubereats.com/los-angeles/food-delivery/starbucks-torrance-%26-hawthorne/ulbvDdc9SyaU4Nig1imSeg,san-pedro-california
https://www.ubereats.com/los-angeles/food-delivery/wienerschnitzel-230-north-gaffey/eEd8MMRARbi9WBFEQP6IKA,san-pedro-california
https://www.ubereats.com/los-angeles/food-delivery/ferds-burgers/uldSIV4RR9SqQwbvcqKXLQ,san-pedro-california
https://www.ubereats.com/los-angeles/food-delivery/taco-bell-228-e-seventh/348ym6uoRL6hef0g7S_0EQ,san-pedro-california
https://www.ubereats.com/los-angeles/food-delivery/chile-verde-carson/RTyBnHNfTbe2O3U6-3ZpZw,san-pedro-california
https://www.ubereats.com/los-angeles/food-delivery/subway-1671-carson-st/0K7H7NMfSuybA9EGWQGCWQ,san-pedro-california
https://www.ubereats.com/los-angeles/food-delivery/torrance-tavern/2y2Ms1FGRpKqEF-EuTJDBQ,san-pedro-california
https://www.ubereats.com/los-angeles/food-delivery/subway-1356-n-avalon-blvd/A19kQ1rmTyieuRUmqpNOeA,san-pedro-california
https://www.ubereats.com/los-angeles/food-delivery/andres-restaurant/YvQCvKbSRUi_3X2j1yd3hA,san-pedro-california
https://www.ubereats.com/los-angeles/food-delivery/burger-king-744-north-wilmington-boulevard/WGBE7y7vRFqrB9J6bnMZ-g,san-pedro-california
https://www.ubereats.com/los-angeles/food-delivery/chicken-maison-rolling-hills/POIBdVYIRM6W8D0of0hgdw,san-pedro-california
https://www.ubereats.com/los-angeles/food-delivery/veggie-grill-torrance/bPr_ydObR-6tS4vyRalL_Q,san-pedro-california
https://www.ubereats.com/los-angeles/food-delivery/troys-burgers-san-pedro/W6Zv74inSpGaL9oNz383vQ,san-pedro-california
https://www.ubereats.com/los-angeles/food-delivery/rollstop-sushi/mgsJgzQ6QrGexy7-erkMZA,san-pedro-california
https://www.ubereats.com/los-angeles/food-delivery/toms-%231-world-famous-chiliburgers-wilmington/Ed_JDG9EQsu98M0fjOB-Lw,san-pedro-california
https://www.ubereats.com/los-angeles/food-delivery/fishbonz-casual-seafood-grill/lZOHZqnEQtCa-nWnXN5kuw,san-pedro-california
https://www.ubereats.com/los-angeles/food-delivery/brooklyn-bros-downtown-eats/JC167rZeRV-fQvqKGihsjg,san-pedro-california
https://www.ubereats.com/los-angeles/food-delivery/suki-time-thai-restaurant/81sqLzyFQMCUWKOhPTMtQw,san-pedro-california
https://www.ubereats.com/los-angeles/food-delivery/el-metapaneco/uvgt_dw-QwCAoYM5RUvVYw,san-pedro-california
https://www.ubereats.com/los-angeles/food-delivery/carls-jr-840-sepulveda-blvd/StZw_SoeTJm6gJGy-3XIAw,san-pedro-california
https://www.ubereats.com/los-angeles/food-delivery/the-flame-broiler-20016-hawthorne-blvd/jcND_361Qf2CfnbZZ9lqLg,san-pedro-california
https://www.ubereats.com/los-angeles/food-delivery/loaded-cafe/JqqfnVdQTj-XYgUDuLTQRw,san-pedro-california
https://www.ubereats.com/los-angeles/food-delivery/rubios-25366-crenshaw-blvd/UQC7kuXMQpOetKa1Uno7yA,san-pedro-california
https://www.ubereats.com/los-angeles/food-delivery/sampas-gourmet-pizza-co/HRTWs6twQkeIjY16mdkIdw,san-pedro-california
https://www.ubereats.com/los-angeles/food-delivery/buffalo-wild-wings-736-e-del-amo-blvd/-koQBoqGScqsUhXL6YgaQQ,san-pedro-california
https://www.ubereats.com/los-angeles/food-delivery/del-taco-1006-n-western-ave/VIJY8zQFTuKaf8tPaOeDpA,san-pedro-california
https://www.ubereats.com/los-angeles/food-delivery/winchells-donut-house-1695-w-pacific-coast-hwy/WbanX4LKQkyPkNmv24K-HQ,san-pedro-california
https://www.ubereats.com/los-angeles/food-delivery/cold-stone-creamery-210-e-sepulveda-blvd/LVe5gb61QceINOpTnJY_pg,san-pedro-california
https://www.ubereats.com/los-angeles/food-delivery/good-kind/k0kBQOcWSDuzhqZ6UFQQfw,san-pedro-california
https://www.ubereats.com/los-angeles/food-delivery/the-original-las-brisas/J9jqy7cfQ6G0UdOtjNi-Hw,san-pedro-california
https://www.ubereats.com/los-angeles/food-delivery/outback-steakhouse-3525-w-carson-st-suite-159/mztHfv5vQRCBKF10C0yDig,san-pedro-california
https://www.ubereats.com/los-angeles/food-delivery/wendys-2404-sepulveda-blvd/j2w4O7a6RPKYFUyGTI_g2w,san-pedro-california
https://www.ubereats.com/los-angeles/food-delivery/dinos-best-burgers/wYxacqffRD6tBBHBK7Hgig,san-pedro-california
https://www.ubereats.com/los-angeles/food-delivery/el-tarasco-mexican-food-redondo-beach/QSzFvy95SrSWjXhVVj--Lw,san-pedro-california
https://www.ubereats.com/los-angeles/food-delivery/thai-food-to-go/lSO9bieoSmmhdsAqiETX1Q,san-pedro-california
https://www.ubereats.com/los-angeles/food-delivery/crusty-crab/UQjb4qRJR-uFgIkwhxcc6A,san-pedro-california
https://www.ubereats.com/los-angeles/food-delivery/subway-915-northwestern-ave/TnpUAC35Ra2b_tZkAoyPmw,san-pedro-california
https://www.ubereats.com/los-angeles/food-delivery/lucky-%231-chinese-restaurant/BIr2w5ZXQrizS7FH4mrpnw,san-pedro-california
https://www.ubereats.com/los-angeles/food-delivery/red-west-pizza-lomita/fWTJcALLSmOyfseDFzpw7Q,san-pedro-california
https://www.ubereats.com/los-angeles/food-delivery/ahhan-thai/hdN8J8XCQd-52p8wkg0Upw,san-pedro-california
https://www.ubereats.com/los-angeles/food-delivery/pupuseria-comalapa/tDPxdf3UR0mUpSTPPiSVIw,san-pedro-california
https://www.ubereats.com/los-angeles/food-delivery/taco-bell-1354-w-190th-st/LbKPOBaBQrO5a5aYD3eHLg,san-pedro-california
https://www.ubereats.com/los-angeles/food-delivery/chipotle-mexican-grill-4c-peninsula-ctr/68KvcMdfQ1aN9Ymexpz64g,san-pedro-california
https://www.ubereats.com/los-angeles/food-delivery/burgerim-1441-w-knox-st/aGAKncxKThGMT4ngLrvnmw,san-pedro-california
https://www.ubereats.com/los-angeles/food-delivery/bird-talk-chicken/tDDkxDKISH-Da6n728kksw,san-pedro-california
https://www.ubereats.com/los-angeles/food-delivery/corner-bakery-cafe-1868-s-pacific-coast-hwy/pW-61OQSQoirSJuoi3CBMg,san-pedro-california
https://www.ubereats.com/los-angeles/food-delivery/poke-bar-612-e-carson-st/7jCyrPRFS2yCbnF-V6exng,san-pedro-california
https://www.ubereats.com/los-angeles/food-delivery/hot-n-tot-restaurant/LI2g3_-hQB2klmv_Tzq0tQ,san-pedro-california
https://www.ubereats.com/los-angeles/food-delivery/wadatsumi/ib9WJsYKRd-4gE4y67JyVA,san-pedro-california
https://www.ubereats.com/los-angeles/food-delivery/taco-bell-2054-lomita-blvd/lvB-BhshQG2yktBPJ3p-ZA,san-pedro-california
https://www.ubereats.com/los-angeles/food-delivery/pesto-italian-restaurant/TPozyyZ3R4qBOesWOz6LAQ,san-pedro-california
https://www.ubereats.com/los-angeles/food-delivery/san-pedro-fish-market-grille-harbor-city/i7WiiKCGQEKEPn4n5cpgoA,san-pedro-california
https://www.ubereats.com/los-angeles/food-delivery/teos-kitchen-and-catering/BHzCv6CnRRSqsI3tLDOg3Q,san-pedro-california
https://www.ubereats.com/los-angeles/food-delivery/top-shelf-tacos/Ek8g9Gv_QGmqksHHIecI8A,san-pedro-california
https://www.ubereats.com/los-angeles/food-delivery/best-donuts/j9iHHr5eRTyN5aDh7QMJpw,san-pedro-california
https://www.ubereats.com/los-angeles/food-delivery/nadimas-sushi-and-coffee-shop/oHrh1i3tTSqU2IL099kw2Q,san-pedro-california
https://www.ubereats.com/los-angeles/food-delivery/frostbites-crepes-%26-frozen-delights/v_Zs2ST7Rs26D6TLRcgowg,san-pedro-california
https://www.ubereats.com/los-angeles/food-delivery/mcdonalds-la-western-pk-we/wPXt2FteQT-We0N2MH1Brg,san-pedro-california
https://www.ubereats.com/los-angeles/food-delivery/the-pan-lomita/nxBhg3lSS4OvC-F_16qE0A,san-pedro-california
https://www.ubereats.com/los-angeles/food-delivery/west-wingz/t7HXq7JOQPuVS5debzOm3w,san-pedro-california
https://www.ubereats.com/los-angeles/food-delivery/hakata-ikkousha-ramen-torrance/qLTlol5LS8G6MgIhPwsKLg,san-pedro-california
https://www.ubereats.com/los-angeles/food-delivery/lighthouse-cafe/rCbxoWuUSe-zcas-qnk-NQ,san-pedro-california
https://www.ubereats.com/los-angeles/food-delivery/mama-says/BYskhVhPTqunKgxVw6f-Jw,san-pedro-california
https://www.ubereats.com/los-angeles/food-delivery/honda-sushi-and-japanese-dining/t5lBjzT_TaalXgxvbZ-YNA,san-pedro-california
https://www.ubereats.com/los-angeles/food-delivery/leaf-over-beef/whXXd075Q3CH8e5jrBJY1Q,san-pedro-california
https://www.ubereats.com/los-angeles/food-delivery/habana-vieja-cuban-cuisine/3bNS9XrCSjawTTDrCh7xtA,san-pedro-california
https://www.ubereats.com/los-angeles/food-delivery/thai-hub/9c3v1r8_QfeBwQTpnwJweg,san-pedro-california
https://www.ubereats.com/los-angeles/food-delivery/starbucks-long-beach-blvd-%26-willow-st/AIbN1RYMRaWETHXUQElGiA,san-pedro-california
https://www.ubereats.com/los-angeles/food-delivery/pinkys-hotbox/qVG1mwUbR_G3c-9AkC5iDQ,san-pedro-california
https://www.ubereats.com/los-angeles/food-delivery/vaquero-mexican-grill-harbor-city/wmy4fr9lTXenmEpDA2NrTQ,san-pedro-california
https://www.ubereats.com/los-angeles/food-delivery/stone-oven-gourmet-sandwiches-%26-salads-torrance/LfdW6vCrRHaRJwBspi0xkA,san-pedro-california
https://www.ubereats.com/los-angeles/food-delivery/its-boba-time-torrance/CBc58uHpQRGZTMWFK-_r3w,san-pedro-california
https://www.ubereats.com/los-angeles/food-delivery/cold-stone-creamery-25-aquarium-way/SsavjmahRtavIMpX8wUXZw,san-pedro-california
https://www.ubereats.com/los-angeles/food-delivery/mo-mo-paradise-torrance/CcQKac_WTd2jKCoqXqDoxg,san-pedro-california
https://www.ubereats.com/los-angeles/food-delivery/honey-dress-fried-chicken/h7dKyPHdT3a8Qy77oRxwvg,san-pedro-california
https://www.ubereats.com/los-angeles/food-delivery/papa-johns-lomita/SEMLhbLORZ-eEBY0VPl0-w,san-pedro-california
https://www.ubereats.com/los-angeles/food-delivery/round-table-pizza-1876-s-pacific-coast-hwy/nptzvTiGRe6fdMOglfsg9g,san-pedro-california
https://www.ubereats.com/los-angeles/food-delivery/kennys-donuts/yJg7Zd-ASCSR-wxnITVyqw,san-pedro-california
https://www.ubereats.com/los-angeles/food-delivery/harrys-oklahoma-style-smokehouse-bbq/QJRPqrk8R9WnU5nViwtC6Q,san-pedro-california
https://www.ubereats.com/los-angeles/food-delivery/sirinat-thai/FiSALydQSQCdFgchJYpAfA,san-pedro-california
https://www.ubereats.com/los-angeles/food-delivery/vuture-at-nuda/VM83x1J2RQ6FLPGwfERjhQ,san-pedro-california
https://www.ubereats.com/los-angeles/food-delivery/ding-tea-torrance/QDO_EWpbTQ-ttDFa-nBYhA,san-pedro-california
https://www.ubereats.com/los-angeles/food-delivery/francescos-italian-gourmet/nSX88GtVTQKmiXyyolQbjQ,san-pedro-california
https://www.ubereats.com/los-angeles/food-delivery/subway-1664-w-sepulveda-blvd/6gyb7gf9QI2BWiiY35_VWA,san-pedro-california
https://www.ubereats.com/los-angeles/food-delivery/black-bear-diner-24021-hawthorne-boulevard/-XmgnlhDRCqLYEVg3_i47Q,san-pedro-california
https://www.ubereats.com/los-angeles/food-delivery/spires-restaurant-carson/z2t_YcqtTkea6xgS5FsB_A,san-pedro-california
https://www.ubereats.com/los-angeles/food-delivery/jersey-mikes-subs-san-pedro-912-n-western-ave/k3BYoc_5T2C2zNyLWEtOoQ,san-pedro-california
https://www.ubereats.com/los-angeles/food-delivery/alfredos-restaurant/F8je7WH-To2qYSlJWxy6jQ,san-pedro-california
https://www.ubereats.com/los-angeles/food-delivery/thai-district/-aNHuDoAQ5S2vGO-nYCWpA,san-pedro-california
https://www.ubereats.com/los-angeles/food-delivery/monarcas-mexican-food/WFdoHEBARSasJfRMsb6sJA,san-pedro-california
https://www.ubereats.com/los-angeles/food-delivery/ihop-24631-crenshaw-blvd/yg6834emQLy4_wbA-BfhNQ,san-pedro-california
https://www.ubereats.com/los-angeles/food-delivery/popeyes-961-sepulveda-blvd/QSc95965THmGJzveLLfH1Q,san-pedro-california
https://www.ubereats.com/los-angeles/food-delivery/china-bowl-express-%26-lousiana-fried-chicken/YPzosStwRJSPrIH5MiViVw,san-pedro-california
https://www.ubereats.com/los-angeles/food-delivery/brazilian-plate-house/rBnbBJkUQ1iNqB-l3shoxg,san-pedro-california
https://www.ubereats.com/los-angeles/food-delivery/wienerschnitzel-1125-west-carson-street/n3N1COEhTyyYM6zYHoWakQ,san-pedro-california
https://www.ubereats.com/los-angeles/food-delivery/starbucks-western-%26-25th/4thXhopJQoG0r9HYl8vq4w,san-pedro-california
https://www.ubereats.com/los-angeles/food-delivery/thai-cuisine-restaurant/wTjg1QsaQyyF1ZqkHvT5jw,san-pedro-california
https://www.ubereats.com/los-angeles/food-delivery/phils-fish-grill/4_XVfdQZSoedPz8DE7e2PA,san-pedro-california
https://www.ubereats.com/los-angeles/food-delivery/yogurtland-271-avenida-del-norte/jAuxxYOLRjCguXKwsTq-RQ,san-pedro-california
https://www.ubereats.com/los-angeles/food-delivery/starbucks-carson-%26-normandie-torrance/7HGEDCejTO2sMOMixqZpcQ,san-pedro-california
https://www.ubereats.com/los-angeles/food-delivery/chile-verde-long-beach/CD884W0tT0uZ5IRCg3V-lA,san-pedro-california
https://www.ubereats.com/los-angeles/food-delivery/pho-kobe/vILx4G6VQbyWQ2D4C9Gw4w,san-pedro-california
https://www.ubereats.com/los-angeles/food-delivery/tak-e-sushi-%26-rolls/jljGcyfDSji9UK0dA8Ykdg,san-pedro-california
https://www.ubereats.com/los-angeles/food-delivery/crusty-crab-fish-market-and-restaurant/hdroqJzETsCBqhliHen2Ww,san-pedro-california
https://www.ubereats.com/los-angeles/food-delivery/donut-star/H6eIGp--RRqe1pkYjHjyiA,san-pedro-california
https://www.ubereats.com/los-angeles/food-delivery/raffaello-ristorante/YA-1uCTGRyWECVcjBezFug,san-pedro-california
https://www.ubereats.com/los-angeles/food-delivery/ihop-29403-s-western-ave/T2MDBUKCTW-mJXeaZpWD6Q,san-pedro-california
https://www.ubereats.com/los-angeles/food-delivery/popeyes-louisiana-kitchen-2166-pacific-coast-hwy/doNQngq6R2OFFsx_qVPaBg,san-pedro-california
https://www.ubereats.com/los-angeles/food-delivery/sutadonya/IQP_DcF4Tk6mYgpWhUeXbw,san-pedro-california
https://www.ubereats.com/los-angeles/food-delivery/bird-n-bun/r3OSyYocRnm2HWObhFix_w,san-pedro-california
https://www.ubereats.com/los-angeles/food-delivery/pura-vida-mexican-food/mXwTyZUSRk21zvStGC7cDg,san-pedro-california
https://www.ubereats.com/los-angeles/food-delivery/busan-sushi-%26-tofu/vUEi_co9R9mOJoRl_tWnhQ,san-pedro-california
https://www.ubereats.com/los-angeles/food-delivery/aristo-cafe-torrance/JLBsoKEnRvmnwDYr9Tf54A,san-pedro-california
https://www.ubereats.com/los-angeles/food-delivery/el-pollo-loco-215-n-gaffey-st6135/WXoRnetoRQOHRrlIc_i-Rw,san-pedro-california
https://www.ubereats.com/los-angeles/food-delivery/el-pollo-loco-1565-w-sepulveda-blvd5544/8469YBNuRs-C1ZKIz4j5Bg,san-pedro-california
https://www.ubereats.com/los-angeles/food-delivery/the-crepery-cafe/ATbr1j12QtWlPAQeUUFM6Q,san-pedro-california
https://www.ubereats.com/los-angeles/food-delivery/carls-jr-21112-anza-ave/HAgNg2b4QDmOztOZ6UeABQ,san-pedro-california
https://www.ubereats.com/los-angeles/food-delivery/el-pollo-loco-28901-western-blvdunit-2015654/z93bT-IHTGqkr1OraI3hOQ,san-pedro-california
https://www.ubereats.com/los-angeles/food-delivery/shin-sen-gumi-2go/53TGxfSpTLirywqXzazXXA,san-pedro-california
https://www.ubereats.com/los-angeles/food-delivery/del-taco-1595-sepulveda-blvd/a5gF-Cw4QpC3i9dLna2iOQ,san-pedro-california
https://www.ubereats.com/los-angeles/food-delivery/west-coast-phillys/kmGuCmpHQMu6fH_JGBBaNQ,san-pedro-california
https://www.ubereats.com/los-angeles/food-delivery/del-taco-350-s-gaffey-st/WP8fe_SPT7aB6UJIkR99tA,san-pedro-california
https://www.ubereats.com/los-angeles/food-delivery/asian-barbecue-halal/NiEzwsGTSAq7wfe1PHJmnQ,san-pedro-california
https://www.ubereats.com/los-angeles/food-delivery/canadian-pizza-%26-grill/LGcT8zNuTPGiUV1wE9gmgQ,san-pedro-california
https://www.ubereats.com/los-angeles/food-delivery/la-bella-napoli-italian-take-out/91LYEQyFSCubEB36OYSwvw,san-pedro-california
https://www.ubereats.com/los-angeles/food-delivery/yellow-vase-redondo-beach/fGoU2xUMQ7iQPA6HS240tw,san-pedro-california
https://www.ubereats.com/los-angeles/food-delivery/jack-in-the-box-2760-cabrillo-ave/v4Sw7bpIQQaYS0phFzYnzQ,san-pedro-california
https://www.ubereats.com/los-angeles/food-delivery/boston-cream-donuts-wilmington/U3FjJhsqQn27GJigCTGxfA,san-pedro-california
https://www.ubereats.com/los-angeles/food-delivery/sushi-boy/ueoRHaVtRfesM-1CLqPF2Q,san-pedro-california
https://www.ubereats.com/los-angeles/food-delivery/waba-grill-514-w-torrance-blvd-carson/DVW9V84GQxu_hIPRHn3aPQ,san-pedro-california
https://www.ubereats.com/los-angeles/food-delivery/el-bukanas-long-beach/PxG4LaOTS3-moDd5kTXEvg,san-pedro-california
https://www.ubereats.com/los-angeles/food-delivery/off-the-vine-6th-st/QUcnrWpoQ1-dZXk88rATqg,san-pedro-california
https://www.ubereats.com/los-angeles/food-delivery/el-pollo-inka-rolling-hills/nv0YpJ7wT5iBjKIUYo4hlg,san-pedro-california
https://www.ubereats.com/los-angeles/food-delivery/kfc-taco-bell-26715-western-ave/7z1mNfKeSfeIxQkVpxFsDA,san-pedro-california
