url,city
https://www.ubereats.com/san-luis-obispo/food-delivery/jamba-juice-17-chorro-street-%23c/cqbP2dRJSHq4ZMRtaGLYSQ,san-luis-obispo
https://www.ubereats.com/san-luis-obispo/food-delivery/pizza-republic/mYzESluFRNyi8DUBEKysBw,san-luis-obispo
https://www.ubereats.com/san-luis-obispo/food-delivery/petra/IWp4zpQJRKqDmjZF3ZiYTw,san-luis-obispo
https://www.ubereats.com/san-luis-obispo/food-delivery/california-pizza-kitchen-876-marsh-st/e_VMa06wS8qibr-UU6k1EA,san-luis-obispo
https://www.ubereats.com/san-luis-obispo/food-delivery/taco-bell-3810-broad-street-suite-1/rYjSKxuqQQakkgI9HAQISw,san-luis-obispo
https://www.ubereats.com/san-luis-obispo/food-delivery/subway-158-higuera-st/Vydh-fVOSqSriQoyXu7nZw,san-luis-obispo
https://www.ubereats.com/san-luis-obispo/food-delivery/menka-ramen/_E2STymDRBew1W2DdDElvw,san-luis-obispo
https://www.ubereats.com/san-luis-obispo/food-delivery/blaze-pizza-892-east-foothill-blvd-suite-5a/iQmnUi79SnaBV5oU1rtkZw,san-luis-obispo
https://www.ubereats.com/san-luis-obispo/food-delivery/subway-3240-broad-st/h2F7OR_vR7mzkpTB5qSJ0A,san-luis-obispo
https://www.ubereats.com/san-luis-obispo/food-delivery/thaiboat/hAMwJdIpTfe9Q-JwiaFeSQ,san-luis-obispo
https://www.ubereats.com/san-luis-obispo/food-delivery/broad-street-rib-line/ViSt1e2eTbifnWhnbZng0Q,san-luis-obispo
https://www.ubereats.com/san-luis-obispo/food-delivery/rib-line-by-the-beach/t4b97YhcRtC2jgpiHgputg,san-luis-obispo
https://www.ubereats.com/san-luis-obispo/food-delivery/dennys-208-madonna-rd/fDnKj20cT3q2na6aVKChJw,san-luis-obispo
https://www.ubereats.com/san-luis-obispo/food-delivery/mongos-saloon-and-3-fat-guys-diner/CeuNtlZzQlSWE3JTqqPw-g,san-luis-obispo
https://www.ubereats.com/san-luis-obispo/food-delivery/eureka!-slo/XEvxrPoXTKq_I5_MCw9CvQ,san-luis-obispo
https://www.ubereats.com/san-luis-obispo/food-delivery/poke-chef-california-blvd/kcKwX_WkTJi2Cuo9l0oceQ,san-luis-obispo
https://www.ubereats.com/san-luis-obispo/food-delivery/thai-palace-sl-obispo/5IWA3txzRK-_ZPe3xVHM_Q,san-luis-obispo
https://www.ubereats.com/san-luis-obispo/food-delivery/starbucks-3970-broad-street-marigold-shopping-center-%231/zskAyk9yQ3O-K7WUbjULmw,san-luis-obispo
https://www.ubereats.com/san-luis-obispo/food-delivery/slo-pho-sho/JaFcQaNgSbKbIL8OY2GHng,san-luis-obispo
https://www.ubereats.com/san-luis-obispo/food-delivery/big-sky-cafe/GAcmY38MSvSQ4G_AVVozMw,san-luis-obispo
https://www.ubereats.com/san-luis-obispo/food-delivery/baja-fresh-929-rancho-pkwy/vc3rW84zQEaGNPLlLGRrVQ,san-luis-obispo
https://www.ubereats.com/san-luis-obispo/food-delivery/taco-bell-397-santa-rosa/chT9el1mTfOplux9PLOcSA,san-luis-obispo
https://www.ubereats.com/san-luis-obispo/food-delivery/fmclintocks-saloon-san-luis-obispo/Hjqj51xqQUSV9ZO5DiVxBA,san-luis-obispo
https://www.ubereats.com/san-luis-obispo/food-delivery/burger-king-1358-madonna-road/wXWGQ7uhSBaGUBq4qz3oOw,san-luis-obispo
https://www.ubereats.com/san-luis-obispo/food-delivery/sally-loos-wholesome-cafe/mq4SY69zTMaN_5dNReC4Zw,san-luis-obispo
https://www.ubereats.com/san-luis-obispo/food-delivery/los-amigos-mexican-restaurant/IwcoPvkzTxGPofqffNHbng,san-luis-obispo
https://www.ubereats.com/san-luis-obispo/food-delivery/buffalo-pub/72IRn5_cR0apaWmpqI80PQ,san-luis-obispo
https://www.ubereats.com/san-luis-obispo/food-delivery/branzino/sEtnx7DQTiKnJtfS_Wy8lQ,san-luis-obispo
https://www.ubereats.com/san-luis-obispo/food-delivery/taco-bell-867-oak-park-blvd/FSO89QZaRWesSN8DAuxqig,san-luis-obispo
https://www.ubereats.com/san-luis-obispo/food-delivery/splash-cafe-artisan-bakery/HYSkfwLgSqWSAHhJCfka2w,san-luis-obispo
https://www.ubereats.com/san-luis-obispo/food-delivery/mr-pickles-sandwich-shop-san-luis-obispo/1s5WVTB6SsWFUWW9yJL97g,san-luis-obispo
https://www.ubereats.com/san-luis-obispo/food-delivery/jaffa-cafe/v0lxMF_3SGSwDeA6y2e1Fg,san-luis-obispo
https://www.ubereats.com/san-luis-obispo/food-delivery/mcdonalds-275-madonna-rd-%232/yBEFHNrLQ-Ku-_bcpmmQVQ,san-luis-obispo
https://www.ubereats.com/san-luis-obispo/food-delivery/buffalo-wild-wings-309-madonna-rd/IgottlgjQueQiqhqf_cLbg,san-luis-obispo
https://www.ubereats.com/san-luis-obispo/food-delivery/pizza-solo/m0bXXXenRIywEnh0g37H5A,san-luis-obispo
https://www.ubereats.com/san-luis-obispo/food-delivery/round-table-pizza-s-higuera-st/61AQc9uARlWawgdEdUqiNA,san-luis-obispo
https://www.ubereats.com/san-luis-obispo/food-delivery/yogurtland-956-higuera-st/dEhkXrJSQZyZUwga8YI3nQ,san-luis-obispo
https://www.ubereats.com/san-luis-obispo/food-delivery/shalimar-restaurant/oH8yUxd_R-S2bpIC5iqm_g,san-luis-obispo
https://www.ubereats.com/san-luis-obispo/food-delivery/milestone-tavern/-bAJZzyFQ-2s9rWo_Vg90g,san-luis-obispo
https://www.ubereats.com/san-luis-obispo/food-delivery/bon-temps-creole-cafe/mlWoDZgUQMOP8iR-2hQkqg,san-luis-obispo
https://www.ubereats.com/san-luis-obispo/food-delivery/black-sheep-bar-%26-grill/AqpGLw30QFefxm8Amueo6Q,san-luis-obispo
https://www.ubereats.com/san-luis-obispo/food-delivery/rib-line-bbq-%26-grill/USgC2s3CTQebfMjzqL5Qww,san-luis-obispo
https://www.ubereats.com/san-luis-obispo/food-delivery/monterey-street-market/npOp_k4YSSKljHSwg59_Aw,san-luis-obispo
https://www.ubereats.com/san-luis-obispo/food-delivery/jamba-juice-890-marsh-street/C-o16iNFQjm1RNuWBvh8UQ,san-luis-obispo
https://www.ubereats.com/san-luis-obispo/food-delivery/urbane-cafe-san-luis-obispo/UgNhsUumR1CRsPuhOeHPdA,san-luis-obispo
https://www.ubereats.com/san-luis-obispo/food-delivery/chipotle-mexican-grill-297-madonna-rd/0sHQv-3tRO6UQiSfHJYbag,san-luis-obispo
https://www.ubereats.com/san-luis-obispo/food-delivery/burger-village/bP2NaeMeQcieMBg_MB5Yjg,san-luis-obispo
https://www.ubereats.com/san-luis-obispo/food-delivery/the-habit-burger-grill-839-higuera-st/iWOF8lksS1qIGhYldXeLmg,san-luis-obispo
https://www.ubereats.com/san-luis-obispo/food-delivery/ihop-212-madonna-rd/KKQ6aNX5RrOXJHFn-xPH9Q,san-luis-obispo
https://www.ubereats.com/san-luis-obispo/food-delivery/hot-shots-billiards/m0qp0_dxT6CByVSBmUNs2A,san-luis-obispo
https://www.ubereats.com/san-luis-obispo/food-delivery/sushi-kokku/Lul5zAXdQyGnkjCbYt2FLg,san-luis-obispo
https://www.ubereats.com/san-luis-obispo/food-delivery/village-host-pizza/L_XzFPv4RgOA-s5IcuqcMA,san-luis-obispo
https://www.ubereats.com/san-luis-obispo/food-delivery/slo-brew-pub/gaQv0-AWTB6Q50Au33nFng,san-luis-obispo
https://www.ubereats.com/san-luis-obispo/food-delivery/jersey-mikes-3940-broad-st/9j-0nVT6TpSNkxn4DzwYsA,san-luis-obispo
https://www.ubereats.com/san-luis-obispo/food-delivery/thai-riffic/Bbv76thiQP6KvGFczAHacA,san-luis-obispo
https://www.ubereats.com/san-luis-obispo/food-delivery/jamba-juice-926-rancho-pkwy/U0QYkrDPTZagI--I7x7QGg,san-luis-obispo
https://www.ubereats.com/san-luis-obispo/food-delivery/black-sheep-bar-%26-grill/SG9ymKX_RButqAjSl7Qpww,san-luis-obispo
https://www.ubereats.com/san-luis-obispo/food-delivery/sequoia-sandwich-company-downtown-slo/rKb1QGIhTNynHMcsIbgl-A,san-luis-obispo
https://www.ubereats.com/san-luis-obispo/food-delivery/tahoe-joes-825/KtA8hh56QVGtVS10oDLmZA,san-luis-obispo
https://www.ubereats.com/san-luis-obispo/food-delivery/poke-chef-broad-st/VapZrK7vRYWw5LFgjy6hqg,san-luis-obispo
https://www.ubereats.com/san-luis-obispo/food-delivery/ginos-pizza/Eb9T_yFSTnit-t8WlZr71A,san-luis-obispo
https://www.ubereats.com/san-luis-obispo/food-delivery/tortilla-town-slo/HdFTAEp0Qhy_ffg2meM9sQ,san-luis-obispo
https://www.ubereats.com/san-luis-obispo/food-delivery/panera-299-madonna-road/fPHPYtJhR_CfgsODXJ24aQ,san-luis-obispo
https://www.ubereats.com/san-luis-obispo/food-delivery/five-guys-ca-4008-763-east-foothill-blvd/m_wD-6RVSxawDNgfXEjFTg,san-luis-obispo
https://www.ubereats.com/san-luis-obispo/food-delivery/old-san-luis-bbq-co/0Yvz6IHuRF6CbsvH3ohAsw,san-luis-obispo
https://www.ubereats.com/san-luis-obispo/food-delivery/mcdonalds-350-five-cities-drive/TMLcmZP7Q6-nxtG3NrzhIw,san-luis-obispo
https://www.ubereats.com/san-luis-obispo/food-delivery/cowboy-cookie-%26-ice-cream/WS5C5xIWQaKVpsvK93U8Fw,san-luis-obispo
https://www.ubereats.com/san-luis-obispo/food-delivery/blaze-pizza-1168-w-branch-st/AMrcKrJLRj6TmMu9Nn793A,san-luis-obispo
https://www.ubereats.com/san-luis-obispo/food-delivery/madonna-inn/Fw2tatLpQhevvsfB5ftngw,san-luis-obispo
https://www.ubereats.com/san-luis-obispo/food-delivery/nuccis/lZTmJqmZRXe3V4pslI1PMQ,san-luis-obispo
https://www.ubereats.com/san-luis-obispo/food-delivery/darwish-cuisine/RSKbUoyrQvOSCHQdFWF4rg,san-luis-obispo
https://www.ubereats.com/san-luis-obispo/food-delivery/the-carrisa/g6rL6M19QgO-v4rlPRvfmQ,san-luis-obispo
https://www.ubereats.com/san-luis-obispo/food-delivery/the-steaming-bean/yFLj_ZylThmDQ5X8dvIdeQ,san-luis-obispo
https://www.ubereats.com/san-luis-obispo/food-delivery/jack-in-the-box-390-santa-rosa/PpOF_Q8xRd-IOMLrLqkw3A,san-luis-obispo
https://www.ubereats.com/san-luis-obispo/food-delivery/slim-dilly-dogs/XI8SUa_eR4W59mJT2zrEaw,san-luis-obispo
https://www.ubereats.com/san-luis-obispo/food-delivery/bliss-cafe/E4NhtuW1TyyVig6HVPpxgA,san-luis-obispo
https://www.ubereats.com/san-luis-obispo/food-delivery/lahainas/dY8SpPm3RYSmi8l_uf0A4A,san-luis-obispo
https://www.ubereats.com/san-luis-obispo/food-delivery/franks-famous-hot-dogs/LGVDES8UT-2mKyMB1CzjIg,san-luis-obispo
https://www.ubereats.com/san-luis-obispo/food-delivery/efrens-mexican-restaurant/XGTSTFQGTwu1ugrbklBMdQ,san-luis-obispo
https://www.ubereats.com/san-luis-obispo/food-delivery/the-boardroom/IBtDgwzRR_Wtwzo8FCEb1A,san-luis-obispo
https://www.ubereats.com/san-luis-obispo/food-delivery/mint-%2B-craft/1lSzyvVmRNen8Go0duVMwQ,san-luis-obispo
https://www.ubereats.com/san-luis-obispo/food-delivery/starbucks-253-madonna-road-madonna-plaza-%23120/yAdnadbsQNetYsIJ9yME-g,san-luis-obispo
https://www.ubereats.com/san-luis-obispo/food-delivery/woodstocks-pizza-san-luis-obispo/ovD3_5OCTYCsMpgNqdRzhg,san-luis-obispo
https://www.ubereats.com/san-luis-obispo/food-delivery/oasis-restaurant-%26-catering/uvu1XlHNQLesgXJadllpYw,san-luis-obispo
https://www.ubereats.com/san-luis-obispo/food-delivery/seeds/2Q915EQpR8yymH_14A2BNg,san-luis-obispo
https://www.ubereats.com/san-luis-obispo/food-delivery/chipotle-mexican-grill-1229-e-grand-ave/zqUXy3eZR1CSE2WxUWPRhg,san-luis-obispo
https://www.ubereats.com/san-luis-obispo/food-delivery/popeyes-louisiana-kitchen-840-e-foothill-blvd/9gB7kOP8TFONi8cWhjmXFA,san-luis-obispo
https://www.ubereats.com/san-luis-obispo/food-delivery/thai-elephant-restaurant/PdsOk3ZnSO2-zzhwZ5fq2g,san-luis-obispo
https://www.ubereats.com/san-luis-obispo/food-delivery/top-shelf-pizza-co/iJdSjUpHRDWO8xKQWBALcQ,san-luis-obispo
https://www.ubereats.com/san-luis-obispo/food-delivery/thai-kitchen/BFPwQ9gnTwSBd9dcI_WYAA,san-luis-obispo
https://www.ubereats.com/san-luis-obispo/food-delivery/taco-bell-1500-w-grand-ave/Qpfv8fBWReCnnU2mWsvjFg,san-luis-obispo
https://www.ubereats.com/san-luis-obispo/food-delivery/creeky-tiki/ZC1MC-GSS-2DaAAAMyosdg,san-luis-obispo
https://www.ubereats.com/san-luis-obispo/food-delivery/captain-bills-subs/4ay_KVDdSqKVwxttQZj1_g,san-luis-obispo
https://www.ubereats.com/san-luis-obispo/food-delivery/nourish/KCgXZBp6Slu_VlFAujKGow,san-luis-obispo
https://www.ubereats.com/san-luis-obispo/food-delivery/golden-gong/xW84cm-3SF2nyJxsnyV5NA,san-luis-obispo
https://www.ubereats.com/san-luis-obispo/food-delivery/el-pollo-loco-11982-los-osos-valley3868/OjVhbVW7QIyGPlitKMgPig,san-luis-obispo
