url,city
https://www.ubereats.com/san-francisco/food-delivery/corks-%26-taps/z_WOe7H3Sgyfon-8iBto4g,sebastopol-california
https://www.ubereats.com/san-francisco/food-delivery/jack-in-the-box-497-2550-hoen-frontage-road/F8ClUIsCRGCL2VjvKbGxWg,sebastopol-california
https://www.ubereats.com/san-francisco/food-delivery/el-potrero/ZQhKlmI2R1K-NuYW006vpg,sebastopol-california
https://www.ubereats.com/san-francisco/food-delivery/five-guys-ca-1237-2280-mendocino-ave/C_KmevdGS0-KdxLSSb4Qjg,sebastopol-california
https://www.ubereats.com/san-francisco/food-delivery/tips-roadside/cmjQz24xS8iDZFsM7fK62Q,sebastopol-california
https://www.ubereats.com/san-francisco/food-delivery/chipotle-mexican-grill-336a-coddingtown-ctr/XLWYdMvgS5Ol6Uu5_5iC2w,sebastopol-california
https://www.ubereats.com/san-francisco/food-delivery/el-coqui-puerto-rican-cuisine/3CDPBcc9SKCk-C93PAt4LQ,sebastopol-california
https://www.ubereats.com/san-francisco/food-delivery/sift-dessert-bar/Wjn-XWTJTYOjWxhAKAWIOg,sebastopol-california
https://www.ubereats.com/san-francisco/food-delivery/chipotle-mexican-grill-2182-santa-rosa-ave/Ir49O-KnR1mPb2GySnT8IQ,sebastopol-california
https://www.ubereats.com/san-francisco/food-delivery/taco-bell-1416-farmers-ln/7XojT5u8QBOVGYOdNa0wmA,sebastopol-california
https://www.ubereats.com/san-francisco/food-delivery/jack-in-the-box-3497-2755-santa-rosa-ave/L7gHLKiOS5S2FjUEsYv35w,sebastopol-california
https://www.ubereats.com/san-francisco/food-delivery/starbucks-rohnert-park-%26-commerce/3YfZYhVFSVCEuzf69CDZRw,sebastopol-california
https://www.ubereats.com/san-francisco/food-delivery/jack-in-the-box-554-425-sebastopal-rd/tyEzlA21STW0lQzzx6Burw,sebastopol-california
https://www.ubereats.com/san-francisco/food-delivery/port-of-subs-2101-w-college-ave-%23f/_gHopgU5Tv2Icod-a6ryjA,sebastopol-california
https://www.ubereats.com/san-francisco/food-delivery/sams-donuts/dl6uR7VZTlCQOUQ60_5HeQ,sebastopol-california
https://www.ubereats.com/san-francisco/food-delivery/burger-king-6125-commerce-boulevard/8S-nthNWTT62Q906u2U7EA,sebastopol-california
https://www.ubereats.com/san-francisco/food-delivery/red-lobster-6440-redwood-drive/5HWbthnUT-Cr7UsKaeIdvg,sebastopol-california
https://www.ubereats.com/san-francisco/food-delivery/papa-murphys-140-calistoga-road/4K-6gv_NRwiyQlNt-PTpjA,sebastopol-california
https://www.ubereats.com/san-francisco/food-delivery/taco-bell-1835-mendocino-ave/tD-OFklBRayflJTxXoFnXg,sebastopol-california
https://www.ubereats.com/san-francisco/food-delivery/bar-b-que-smokehouse-bistro/fuPb8308QKWMaX8NxzVIMw,sebastopol-california
https://www.ubereats.com/san-francisco/food-delivery/bjs-restaurant-%26-brewhouse-334a-coddingtown-center/tnWejt_NSFe-_keqL7uiKg,sebastopol-california
https://www.ubereats.com/san-francisco/food-delivery/dennys-115-baker-ave/TjBZ1ihlTYGcYTjEYcCigQ,sebastopol-california
https://www.ubereats.com/san-francisco/food-delivery/outback-steakhouse-4619-redwood-dr/uvLOmKFITH6LBgdehOXAkw,sebastopol-california
https://www.ubereats.com/san-francisco/food-delivery/joeys-original-pizza/kptrwxoLQM-rPenQJ31XfA,sebastopol-california
https://www.ubereats.com/san-francisco/food-delivery/togos-1537-farmers-ln/wn1tc4gHRTKCXoC3Mo2mjw,sebastopol-california
https://www.ubereats.com/san-francisco/food-delivery/taco-bell-1700-e-cotati-ave/Dya2_sWTS1-V4oZY-hrGaw,sebastopol-california
https://www.ubereats.com/san-francisco/food-delivery/mod-pizza-santa-rosa-southside/FoAoL8UBROqGTwLbPk4NZw,sebastopol-california
https://www.ubereats.com/san-francisco/food-delivery/bellas/TY330vuERE26jDmzttalRw,sebastopol-california
https://www.ubereats.com/san-francisco/food-delivery/boudin-santa-rosa/QObHYTB9TpqLlmFM9U920A,sebastopol-california
https://www.ubereats.com/san-francisco/food-delivery/round-table-pizza-775-gravenstein-hwy-s/_OIhzG6TQpSG-LdtwBpN3w,sebastopol-california
https://www.ubereats.com/san-francisco/food-delivery/riviera-restaurant/q-zle5G5TN2YzdoPQg78sA,sebastopol-california
https://www.ubereats.com/san-francisco/food-delivery/kfc-3205-cleveland-avenue/m9E3apXfQEWCOvDJAk89EA,sebastopol-california
https://www.ubereats.com/san-francisco/food-delivery/kfc-401-stony-point-road/-lNuGsi2TTGoXHVKHpe3Lw,sebastopol-california
https://www.ubereats.com/san-francisco/food-delivery/starbucks-golf-course-%26-redwood/EE7qxLPnTR6eke8suGuVQw,sebastopol-california
https://www.ubereats.com/san-francisco/food-delivery/taqueria-mendoza/gPrGz9fQR_aHdE7LaiSGXg,sebastopol-california
https://www.ubereats.com/san-francisco/food-delivery/khum-koon-thai-cafe/cN6w7w3FScyTl9unEvk2JQ,sebastopol-california
https://www.ubereats.com/san-francisco/food-delivery/krispy-kreme-5090-redwood-dr/AW0XRcG8SK6hcvND78hv8w,sebastopol-california
https://www.ubereats.com/san-francisco/food-delivery/arbys-4799-redwood-dr/K2CmnI7gTJya2L5RrjFbyA,sebastopol-california
https://www.ubereats.com/san-francisco/food-delivery/starbucks-hopper-%26-cleveland/_ard2r95QU6k6t3MmkfLLw,sebastopol-california
https://www.ubereats.com/san-francisco/food-delivery/la-hoya-mexican-restaurant/nvkYINq3ROWmiDcz_zGbOQ,sebastopol-california
https://www.ubereats.com/san-francisco/food-delivery/panda-express-740-stony-point-road/J90-DNddTJmqpsoVHdu8gw,sebastopol-california
https://www.ubereats.com/san-francisco/food-delivery/best-of-burma-santa-rosa/ym2p1wzUTyG_o9RsjXQGog,sebastopol-california
https://www.ubereats.com/san-francisco/food-delivery/menchies-frozen-yogurt-2188-santa-rosa-avenue/VQkxnm0YSyObCx6-2yMDHw,sebastopol-california
https://www.ubereats.com/san-francisco/food-delivery/mr-pickles-sandwich-shop-santa-rosa/vfajBUH5TzSQo44jVQ1R2A,sebastopol-california
https://www.ubereats.com/san-francisco/food-delivery/mi-pueblo-cotati/PquXLvQOTl6VGlJUQ2dKxw,sebastopol-california
https://www.ubereats.com/san-francisco/food-delivery/china-bowl-bistro/66wP5l0sQQqWY6WxD5IQHg,sebastopol-california
https://www.ubereats.com/san-francisco/food-delivery/burger-king-5020-redwood-drive/WS8vlMIxT0uB7jXpFmMo4w,sebastopol-california
https://www.ubereats.com/san-francisco/food-delivery/chipotle-mexican-grill-6325-commerce-blvd/nk01egG0Rgae44wyDaGnPw,sebastopol-california
https://www.ubereats.com/san-francisco/food-delivery/taco-bell-771-stony-point-rd/3s7wNZahTF2Ee_dzszubPQ,sebastopol-california
https://www.ubereats.com/san-francisco/food-delivery/namaste-kitchen/yHh8XE-QQQu9wf7ZVHL_IQ,sebastopol-california
https://www.ubereats.com/san-francisco/food-delivery/cafe-des-croissant/STT3DawVTdG2NKxpURVoxA,sebastopol-california
https://www.ubereats.com/san-francisco/food-delivery/wing-man/8jJFiroQRfmqk0uxpKoIEQ,sebastopol-california
https://www.ubereats.com/san-francisco/food-delivery/kfc-6700-commerce-boulevard/3XSzUe1eRSe_F0_71LggWQ,sebastopol-california
https://www.ubereats.com/san-francisco/food-delivery/the-habit-burger-grill-2005-cleveland-ave/2-IYEjL1ToioqGNPclqYNw,sebastopol-california
https://www.ubereats.com/san-francisco/food-delivery/eight-cuisine-%26-wine/1NKufYJoQF2YAAaoJHzsaA,sebastopol-california
https://www.ubereats.com/san-francisco/food-delivery/yeti-restaurant-santa-rosa/AA0XRZ7pSzGFu1mtiCvalA,sebastopol-california
https://www.ubereats.com/san-francisco/food-delivery/taco-bell-5000-redwood-dr/qbzJFrItSF-jOlZ2pUBp4w,sebastopol-california
https://www.ubereats.com/san-francisco/food-delivery/chevys-24-fourth-street/vhZ16yXXT0OJPHTiMCECdQ,sebastopol-california
https://www.ubereats.com/san-francisco/food-delivery/ihop-1401-fulton-rd/oDgIFvCiSiObvumvmt_p8A,sebastopol-california
https://www.ubereats.com/san-francisco/food-delivery/vitality-bowls-santa-rosa-ca-95401/3WdQFV0jT2qIYd53AHZU6A,sebastopol-california
https://www.ubereats.com/san-francisco/food-delivery/starbucks-stony-point-%26-yuba-santa-rosa/T25g6QtVSoGTehZ9wR2hzg,sebastopol-california
https://www.ubereats.com/san-francisco/food-delivery/ihop-2745-fourth-st/uTqg1hSfSi2KcXootFaCLg,sebastopol-california
https://www.ubereats.com/san-francisco/food-delivery/pieology-pizzeria-2280-mendocino-ave/KwTf-vW-S1qVSL7__OxQJg,sebastopol-california
https://www.ubereats.com/san-francisco/food-delivery/azalo/gwMXN_maTY-R3HX9AyEBVA,sebastopol-california
https://www.ubereats.com/san-francisco/food-delivery/china-village/LvyPZE0IRaeOa6__j6TatA,sebastopol-california
https://www.ubereats.com/san-francisco/food-delivery/taqueria-california/IMGHERRdTGy3FfyjFY7YNA,sebastopol-california
https://www.ubereats.com/san-francisco/food-delivery/taco-bell-860-gravenstein-hwy-north/rcpUMY3KQyy5NYoaKrRefQ,sebastopol-california
https://www.ubereats.com/san-francisco/food-delivery/cozy-plum-bistro/iZ2C1K1OSaegnAm87aTpjA,sebastopol-california
https://www.ubereats.com/san-francisco/food-delivery/el-pollo-loco-3795-cleveland-ave3765/7yop8owIR5qwaDojtW_9cg,sebastopol-california
https://www.ubereats.com/san-francisco/food-delivery/papa-murphys-8005-old-redwood-hwy/VR9FnJfKS1C-o4SEt_iVSQ,sebastopol-california
https://www.ubereats.com/san-francisco/food-delivery/mcdonalds-2642-santa-rosa-ave/tNUwMIIWR--COCMH7nE_xQ,sebastopol-california
https://www.ubereats.com/san-francisco/food-delivery/kamura-sushi/CxXUn7rORSWco0XMz2GN7Q,sebastopol-california
https://www.ubereats.com/san-francisco/food-delivery/papa-murphys-2101-west-college-avenue-suite-e/ZO6HCAj2TA-brtEkpcDBYg,sebastopol-california
https://www.ubereats.com/san-francisco/food-delivery/jack-in-the-box-1004-steele-ln/yRBMsp1ZQwyKQOZ0qUjGTg,sebastopol-california
https://www.ubereats.com/san-francisco/food-delivery/pages-diner/BfVelZ_QTjqXwFGvwKBlvQ,sebastopol-california
https://www.ubereats.com/san-francisco/food-delivery/acme-burger/_wo2UJQUSemgFmVCZP8wwg,sebastopol-california
https://www.ubereats.com/san-francisco/food-delivery/pizza-guys-santa-rosa/RIoNLYEpR-6krm1-3bXW7Q,sebastopol-california
https://www.ubereats.com/san-francisco/food-delivery/panda-express-2107-santa-rosa-plaza/ErR21FtgTbydm5Ovto9tYw,sebastopol-california
https://www.ubereats.com/san-francisco/food-delivery/tacos-al-carbon/F7KwOmYzQ0G4cGQdpsX5zQ,sebastopol-california
https://www.ubereats.com/san-francisco/food-delivery/jack-in-the-box-3086-marlow-rd/7fXfmYipROuUk8CXqOaQ5Q,sebastopol-california
https://www.ubereats.com/san-francisco/food-delivery/starting-from-scratch-cafe/1Nxcmu5XRXarsoAB9dLQdg,sebastopol-california
https://www.ubereats.com/san-francisco/food-delivery/taqueria-santa-rosa/Duk98AoFTui1LE3r4p30ZA,sebastopol-california
https://www.ubereats.com/san-francisco/food-delivery/panda-express-2240-mendocino-ave-suite106/68SZJn14QCKxwUM-e7U8zw,sebastopol-california
https://www.ubereats.com/san-francisco/food-delivery/amys-drive-thru/PQ5r3-RARSeXtBRHvKCSkg,sebastopol-california
https://www.ubereats.com/san-francisco/food-delivery/hop-monk-tavern-sebastapol/5jPSG20xQ26T5hNhNkqQRw,sebastopol-california
https://www.ubereats.com/san-francisco/food-delivery/panda-express-6560-hembree-lane/T002Wy35TmGbyAUtpPqj4g,sebastopol-california
https://www.ubereats.com/san-francisco/food-delivery/el-pollo-loco-5225-redwood-dr3714/SUYlqSdRSg6TI-ZZv61B6Q,sebastopol-california
https://www.ubereats.com/san-francisco/food-delivery/taco-bell-2000-santa-rosa-ave/IRhYSV2rQxKvVoV5h6P7Ng,sebastopol-california
https://www.ubereats.com/san-francisco/food-delivery/paradise-sushi-%26-grill-4th-street/j0qktX8GQfGkrOhB8dE7wA,sebastopol-california
https://www.ubereats.com/san-francisco/food-delivery/dennys-1000-w-steele-lane/ylnKXGnvR_KOl9pijjsxeg,sebastopol-california
https://www.ubereats.com/san-francisco/food-delivery/black-bear-diner-6255-commerce-boulevard/F3BnwYAfQDONV-CaNTXG0w,sebastopol-california
https://www.ubereats.com/san-francisco/food-delivery/mcdonalds-6600-commerce-blvd/KiyFz-8jR36PByEf4TR0eg,sebastopol-california
https://www.ubereats.com/san-francisco/food-delivery/bianchinis/tpZg669uTa6KSBaLP7Fnxg,sebastopol-california
https://www.ubereats.com/san-francisco/food-delivery/hooters-6099-redwood/vPloWgwhT-S5WWPAVMaa7Q,sebastopol-california
https://www.ubereats.com/san-francisco/food-delivery/chicagos-pizza-with-a-twist/q0bVNOCnR3uiZ4t2ZzyFrg,sebastopol-california
https://www.ubereats.com/san-francisco/food-delivery/cafe-des-croissants/ROZoodSNSHOKCHdhs8y-Cg,sebastopol-california
https://www.ubereats.com/san-francisco/food-delivery/flagship-taproom/yrcFvmg-St-YncdxRKnwmw,sebastopol-california
https://www.ubereats.com/san-francisco/food-delivery/sukhothai-the-bbq-plus/tiwm2ctWQtShPWfYZJViNg,sebastopol-california
https://www.ubereats.com/san-francisco/food-delivery/panda-express-2020-santa-rosa-ave/Y6bgtyfrRESfEpBR6vfdWg,sebastopol-california
https://www.ubereats.com/san-francisco/food-delivery/burger-king-2542-guerneville-road/AzqfzvyGQ-mAcf9euN9jNg,sebastopol-california
