url,city
https://www.ubereats.com/san-francisco/food-delivery/bears-country-deli/l6JTXcBGT-ChOMMreWA1hA,cal
https://www.ubereats.com/san-francisco/food-delivery/lois-the-pie-queen/-AuSKJtLQs-xex2LehpAyA,cal
https://www.ubereats.com/san-francisco/food-delivery/fonzis-chicken-and-waffles/Yk4xjIP_S2uR0DHfPXQZVw,cal
https://www.ubereats.com/san-francisco/food-delivery/nations-giant-hamburgers-tara-hills/ffHQvAKqS7mVvbj3r_C4ow,cal
https://www.ubereats.com/san-francisco/food-delivery/flavors-of-india-berkeley/ZFLuOrTUSg-fKlGStjI65Q,cal
https://www.ubereats.com/san-francisco/food-delivery/truffle-and-cheese/mS7BJVhpSHqXLpPkysCV2Q,cal
https://www.ubereats.com/san-francisco/food-delivery/rosamunde-sausage-grill-washington-st/5JkmMjHNTCOHnhynrc_53A,cal
https://www.ubereats.com/san-francisco/food-delivery/dalicias-taqueria/oPVsX0wxTLSkT5DyxTXTUQ,cal
https://www.ubereats.com/san-francisco/food-delivery/top-up/j6MCrREjQpmsv6q9ly9r_g,cal
https://www.ubereats.com/san-francisco/food-delivery/easy-creole/UXTlpAG1QfuTvo_IwqIYlA,cal
https://www.ubereats.com/san-francisco/food-delivery/breads-of-india-inc/sSp8jmjkQyazjRcpUeyXtg,cal
https://www.ubereats.com/san-francisco/food-delivery/jack-in-the-box-10409-san-pablo-ave/_WfFRG62SIGl9vdSKKowUw,cal
https://www.ubereats.com/san-francisco/food-delivery/toomies-thai-by-mee-choke/_34UC6h_RTCnYsl5WkqdMA,cal
https://www.ubereats.com/san-francisco/food-delivery/trattoria-la-siciliana/8ih_Pwo6QAuDHDwGu_ty9A,cal
https://www.ubereats.com/san-francisco/food-delivery/cheese-steak-shop/qY1ugpFnQ1azDEm3dZtYCg,cal
https://www.ubereats.com/san-francisco/food-delivery/subway-5858-horton-st/N2kS7sF-SveRmsjkrhCHmg,cal
https://www.ubereats.com/san-francisco/food-delivery/taco-bell-2255-telegraph-avenue/6jtOSFsFQx-TwP7MLmcCvA,cal
https://www.ubereats.com/san-francisco/food-delivery/bistro-burger-%26-grill/I38wFzu6R-u-QzWiaEuMcQ,cal
https://www.ubereats.com/san-francisco/food-delivery/lorenzos-of-new-york-pizza-oakland/KSLWpvZYTja-e5LlOuzq4A,cal
https://www.ubereats.com/san-francisco/food-delivery/homemade-cafe/Tb9pNF_6QpquvMoBf66W7Q,cal
https://www.ubereats.com/san-francisco/food-delivery/sheng-kee-bakery-richmond/fCn_BlLGSnGnIqdbBgV5YA,cal
https://www.ubereats.com/san-francisco/food-delivery/camburger/T46nqNF1RyKnr9Kikp5lKg,cal
https://www.ubereats.com/san-francisco/food-delivery/bhugays-sushi-to-go/1Y5ycLyFSDa9fueZXc560w,cal
https://www.ubereats.com/san-francisco/food-delivery/east-bay-spice-co/EC00B4SOToG_55rOnaESTw,cal
https://www.ubereats.com/san-francisco/food-delivery/kamdesh-afghan-kabob-house/2d8xGF3ySHG3RAEIniFX2A,cal
https://www.ubereats.com/san-francisco/food-delivery/cheese-steak-shop-oakland/TivnBed1QUG7IMh_VFI8QA,cal
https://www.ubereats.com/san-francisco/food-delivery/el-huarache-azteca/BKq20o3xQm-7xP9RdB22EQ,cal
https://www.ubereats.com/san-francisco/food-delivery/tigerlily-berkeley/VhfrUUzJTKKID9M8p10BDw,cal
https://www.ubereats.com/san-francisco/food-delivery/cafe-m/eyCnAz-FRnGoK5wkmn27fg,cal
https://www.ubereats.com/san-francisco/food-delivery/blessed-garden/6gHapqyZSgGceMzYA8aisw,cal
https://www.ubereats.com/san-francisco/food-delivery/yojimbo-sushi/eOSweJrUSM2EVCFCCe6JrA,cal
https://www.ubereats.com/san-francisco/food-delivery/sakura-bistro-tapas-and-sake-bar/9XUivN6DT0K8avWeDoQK5Q,cal
https://www.ubereats.com/san-francisco/food-delivery/california-pizza-kitchen-5614-bay-st-suite-244/wE6SeQ5XQUOORsH3-q3bJw,cal
https://www.ubereats.com/san-francisco/food-delivery/chai-thai-noodle/sWBCwLttSjK41D89beOrCA,cal
https://www.ubereats.com/san-francisco/food-delivery/jack-in-the-box-4425-telegraph-ave/0AFkTgs0TouL2zo1bxSY1Q,cal
https://www.ubereats.com/san-francisco/food-delivery/island-taqueria/TCxXKUfVRKKQtPgQVEkNew,cal
https://www.ubereats.com/san-francisco/food-delivery/taqueria-el-cruzero/8Gtl27H8RzSxsLTVHV89nA,cal
https://www.ubereats.com/san-francisco/food-delivery/pho-k-%26-k/C7mFcjiQS7u6u_UbugTz4w,cal
https://www.ubereats.com/san-francisco/food-delivery/nations-giant-hamburgers-oakland/clvz3B86QsGxgv08p9nFTw,cal
https://www.ubereats.com/san-francisco/food-delivery/kips-bar-and-grill/N5VzZSoXRVSSBVvlcqkntg,cal
https://www.ubereats.com/san-francisco/food-delivery/cafe-durant/VU2IdxIwTVurwWbk3lVEiw,cal
https://www.ubereats.com/san-francisco/food-delivery/happy-burrito-%232/0r9qXrLaRKirPciReAg6lw,cal
https://www.ubereats.com/san-francisco/food-delivery/i-scream-donuts/veN3O7qURJ2Iy4MyzjejsA,cal
https://www.ubereats.com/san-francisco/food-delivery/south-indian-hut/VfyFCKkZTAeA4G03wyuZOg,cal
https://www.ubereats.com/san-francisco/food-delivery/mojoe-cafe-berkeley/CHSuitG_RN2ik13-7vvR7g,cal
https://www.ubereats.com/san-francisco/food-delivery/salam-halal-market/C7upnn1tTGyJgmgzVJWSpA,cal
https://www.ubereats.com/san-francisco/food-delivery/passione-caffe/w32DySh9T1ikxI8mJiU3PA,cal
https://www.ubereats.com/san-francisco/food-delivery/mad-seoul/IxgR2t6NQzyIB6IL6AKGaA,cal
https://www.ubereats.com/san-francisco/food-delivery/the-ice-cream-shop/IJofX8KESDWzJd6MSd9vBA,cal
https://www.ubereats.com/san-francisco/food-delivery/barcote-ethiopian-restaurant/ur7diPGjQAalG0E1pGY7Zw,cal
https://www.ubereats.com/san-francisco/food-delivery/miss-ollies/gWwGXPUmTimkDu7H-PKCiA,cal
https://www.ubereats.com/san-francisco/food-delivery/fusionmediterranean/J_Owy05JTKyAJoLg6apbaw,cal
https://www.ubereats.com/san-francisco/food-delivery/mama-lamees/LbIQwHG_QOq5x8QeMsLaZA,cal
https://www.ubereats.com/san-francisco/food-delivery/lotus-falafel-%26-shawerma/tmVhOlAlSym7y2YZDiS4EQ,cal
https://www.ubereats.com/san-francisco/food-delivery/zut!-tavern/x_mrgbH4Q6OBZdFdfISQAw,cal
https://www.ubereats.com/san-francisco/food-delivery/shewhat-cafe-%26-restaurant/xqe_fBT7TqKaIcxzNV3RHg,cal
https://www.ubereats.com/san-francisco/food-delivery/vanessas-bistro/6sc2FsX6Q3-tsQxIS5sNsA,cal
https://www.ubereats.com/san-francisco/food-delivery/yi-fang-taiwan-fruit-tea/Hc_S-pE-QWGOOR5KuKZ53w,cal
https://www.ubereats.com/san-francisco/food-delivery/punjabi-kitchen/pnBESYqXRo6AT1CDXAg4qQ,cal
https://www.ubereats.com/san-francisco/food-delivery/pappys-grill-%26-sports-bar/thYq8oM1Qx-3way4eo2fVg,cal
https://www.ubereats.com/san-francisco/food-delivery/beta-lounge/1jd19FulSa-cBnBY4Nw1pw,cal
https://www.ubereats.com/san-francisco/food-delivery/organic-greens/9ArvlLk2RyyumAgZ0Bh3DA,cal
https://www.ubereats.com/san-francisco/food-delivery/cookiebar-creamery-oakland/NyQqzoeyQSiDgXvd3cNItA,cal
https://www.ubereats.com/san-francisco/food-delivery/berkeley-social-club/RcmB2LdkS5WkGJl2z118XA,cal
https://www.ubereats.com/san-francisco/food-delivery/le-pho/84DSCDmUSWWAOdsv5ci0qQ,cal
https://www.ubereats.com/san-francisco/food-delivery/celias-mexican-restaurant-berkeley/L4DXNIdJRy29pp9g60jUQA,cal
https://www.ubereats.com/san-francisco/food-delivery/sushi-29/Ng2Pz752RuihacBpnztyNg,cal
https://www.ubereats.com/san-francisco/food-delivery/slice-oak/64oJovlVQ8ypwBeolly8hQ,cal
https://www.ubereats.com/san-francisco/food-delivery/bopshop/nujVjoYRRnyb_k2MBNV_WQ,cal
https://www.ubereats.com/san-francisco/food-delivery/ohlala!-french-toast/JimMqbr6RMyOl6CSQd1KrA,cal
https://www.ubereats.com/san-francisco/food-delivery/the-posh-bagel-oakland/OjEIGUZ3SQS765ICMqxuKg,cal
https://www.ubereats.com/san-francisco/food-delivery/e-z-stop-deli/bmVaAEAnSnO6Tkk4IY466Q,cal
https://www.ubereats.com/san-francisco/food-delivery/delhi-diner-berkeley/bhntMbDYSJCaN2cGnmxxlQ,cal
https://www.ubereats.com/san-francisco/food-delivery/krispy-krunchy-chicken-6606-telegraph-ave/p8XslvjHTVeE2V0QCDA1QQ,cal
https://www.ubereats.com/san-francisco/food-delivery/yoshis-japanese-restaurant-inc/w_WWF5moROOki3m1rpp6HA,cal
https://www.ubereats.com/san-francisco/food-delivery/your-way-pizza/CaKmNLbjTnSQyqSJmtbGyg,cal
https://www.ubereats.com/san-francisco/food-delivery/chaat-house/4V67j2jSSbi0L5n6pFGJsA,cal
https://www.ubereats.com/san-francisco/food-delivery/mountain-mikes-pizza-1610-san-pablo-ave/k0OFCZxfSSiMQ4sDqMhYwg,cal
https://www.ubereats.com/san-francisco/food-delivery/la-penca-azul-taco-truck/4CxhKIKnS5qvBZFCUFT0ww,cal
https://www.ubereats.com/san-francisco/food-delivery/taco-bell-2528-durant-ave/vCjAgSTmTNCp_iyO_eQ5_Q,cal
https://www.ubereats.com/san-francisco/food-delivery/burgerim-174-el-cerrito-plaza-suite-b/aQrbixmUSuq_1n_lt7mjkQ,cal
https://www.ubereats.com/san-francisco/food-delivery/starbucks-fruitvale-%26-i-880/bOa3kvHFRra0A740iZa_BA,cal
https://www.ubereats.com/san-francisco/food-delivery/koja-kitchen-alameda/DFIg0SlFSmuUudKh4euhJA,cal
https://www.ubereats.com/san-francisco/food-delivery/the-noodle-company-famous-bao/wdiBsa4GQySxsB5VKqKxcw,cal
https://www.ubereats.com/san-francisco/food-delivery/pho-le/YxbDv_mmSv6hhOwMvynRXw,cal
https://www.ubereats.com/san-francisco/food-delivery/black-bear-diner-5750-christie-avenue/rD7jjXzETHSns-s5ZhSrog,cal
https://www.ubereats.com/san-francisco/food-delivery/artichoke-basilles-pizza-oakland/ZOZsf1btTbe9xqWPr3CFeQ,cal
https://www.ubereats.com/san-francisco/food-delivery/vitality-bowls-3454-mt-diablo-blvd/vNSGaxLzSGGmtaZGJxzcIw,cal
https://www.ubereats.com/san-francisco/food-delivery/urban-turban/-QC84hFGRFus1xNWFKSWPQ,cal
https://www.ubereats.com/san-francisco/food-delivery/mi-grullense-restaurant-%26-tequila-bar/XhWMjI1YR1SkLtQ3XjQOYw,cal
https://www.ubereats.com/san-francisco/food-delivery/the-station-berkeley/PIwXuGuiRmeWeGtE9cNayA,cal
https://www.ubereats.com/san-francisco/food-delivery/blind-tiger/Tv4c1byuRR2DjhxNZscZ9Q,cal
https://www.ubereats.com/san-francisco/food-delivery/aangan-indo-nepalese-cuisine/0xi36VDGSl-zo5VPVFY-7Q,cal
https://www.ubereats.com/san-francisco/food-delivery/homeroom-to-go/32drpQtyRNeTXI0jm6wP0A,cal
https://www.ubereats.com/san-francisco/food-delivery/the-well/LOtIrnBdQzutwv7mtIpE4Q,cal
https://www.ubereats.com/san-francisco/food-delivery/pizza-nation-inc/4cm5fncjSjCvk5yycKh_Vg,cal
https://www.ubereats.com/san-francisco/food-delivery/doyle-street-cafe/Ynh6YY-KRNeRf8NDDGhNYw,cal
https://www.ubereats.com/san-francisco/food-delivery/chipotle-mexican-grill-2311-telegraph-ave/U-5172FwTsCwTfx2M8gRkg,cal
https://www.ubereats.com/san-francisco/food-delivery/bongo-burger-northside/o9Zs2WVeTEeeEeeqCbSZ5Q,cal
https://www.ubereats.com/san-francisco/food-delivery/panda-express-4250-macdonald-ave/azrGzZgTQTOKrJ805cfjMg,cal
https://www.ubereats.com/san-francisco/food-delivery/mels-melts/PZfMcsMnRQ6oVDfv1puCuQ,cal
https://www.ubereats.com/san-francisco/food-delivery/calibur-express-berkeley/Fc63VxjAQd-ZhcBqtLCWJQ,cal
https://www.ubereats.com/san-francisco/food-delivery/nash-cafe/O4TR8IxsTIGgCpwh-xyhpw,cal
https://www.ubereats.com/san-francisco/food-delivery/oasis-kitchen-oakland/enbHyzEuTQGHPMXndqmSUw,cal
https://www.ubereats.com/san-francisco/food-delivery/orchids-thai/YlgGP8pVTreLO2LgGq01Ww,cal
https://www.ubereats.com/san-francisco/food-delivery/krispy-krunchy-chicken/rOLUe-t1TQOTyYervT7SFw,cal
https://www.ubereats.com/san-francisco/food-delivery/la-burrita/qBRcvp4MT8648k81iHAi4A,cal
https://www.ubereats.com/san-francisco/food-delivery/jamba-juice-1982-pleasant-valley-ave/3coL3LmiSgCEHVvtblISgA,cal
https://www.ubereats.com/san-francisco/food-delivery/ginza-japanese-restaurant/CypLHurKQbqN4jLaRv0dEQ,cal
https://www.ubereats.com/san-francisco/food-delivery/starbucks-san-pablo-%26-wall-el-cerrito/fsIzUuGJTrC1o6tsdwICUw,cal
https://www.ubereats.com/san-francisco/food-delivery/burger-king-1541-east-12th-street/D_JCN2JgS2q0xt5QZtwMiQ,cal
https://www.ubereats.com/san-francisco/food-delivery/los-olivos-restaurant/ZGeinI8KQ-SnQC0-ma-vZw,cal
https://www.ubereats.com/san-francisco/food-delivery/the-fat-fish/20hK6WAVSJKZviCU8uV6wQ,cal
https://www.ubereats.com/san-francisco/food-delivery/mountain-mikes-pizza-1448-high-st/3wS4XJeyRdOAcTMuYVCfTw,cal
https://www.ubereats.com/san-francisco/food-delivery/thai-corner/mvttCuaQQ5q-LasSlTX5CA,cal
https://www.ubereats.com/san-francisco/food-delivery/sobo-ramen/pjWNGgqPQ7aEaM4JR9viXQ,cal
https://www.ubereats.com/san-francisco/food-delivery/little-star-pizza-albany/8Lc6_D3sQ--4edlUYt44IQ,cal
https://www.ubereats.com/san-francisco/food-delivery/namaste-pizza-oakland/WpMeSyuHTd2NrkoKqix5IQ,cal
https://www.ubereats.com/san-francisco/food-delivery/lama-beans-cafe/5MKcNTJUQLyRS5iRh6CeCw,cal
https://www.ubereats.com/san-francisco/food-delivery/miyozen/5iQieYfGQsKViKZqBquZ1Q,cal
https://www.ubereats.com/san-francisco/food-delivery/lanesplitter-pizza-%26-pub-berkeley/T30HI44vT-ioDaq7uf8U_Q,cal
https://www.ubereats.com/san-francisco/food-delivery/starbucks-san-pablo-ave-%26-monroe/q_kXg1QLQc-oSdV18vgGCg,cal
https://www.ubereats.com/san-francisco/food-delivery/paradise-park-cafe/JhXWnZART820QBPjCb64Wg,cal
https://www.ubereats.com/san-francisco/food-delivery/mac-khai/o3iz0ir4Rc-cbXM7mbuaUw,cal
https://www.ubereats.com/san-francisco/food-delivery/the-habit-burger-grill-1080-monroe-st-suite-100/XBm7ud1bQP-hZijrJ8O5nQ,cal
https://www.ubereats.com/san-francisco/food-delivery/starbucks-christie-%26-shellmound-emeryville/7QDcD52gSWG6IOUtQb-d8Q,cal
https://www.ubereats.com/san-francisco/food-delivery/portal-oakland/rg9-WvfsRjmJY878ZE5Z5w,cal
https://www.ubereats.com/san-francisco/food-delivery/rockin-crawfish-oakland/sU_qQRWcTNS-oTsr7n0kfA,cal
https://www.ubereats.com/san-francisco/food-delivery/ikes-love-and-sandwiches-rockridge/Dz5_WQXARnuj_JMDM7NGVA,cal
https://www.ubereats.com/san-francisco/food-delivery/district-oakland/uRHVazc5TxasGTXocU3P8Q,cal
https://www.ubereats.com/san-francisco/food-delivery/roti-%26-pizza/-iLZkxBUStW_Kwm4G1AhQA,cal
https://www.ubereats.com/san-francisco/food-delivery/raretea-teaone/OmH4dk-7Qqqi8nxeRfj0nA,cal
https://www.ubereats.com/san-francisco/food-delivery/philz-coffee-1313-9th-st-suite-110/WnZjjflOTJGp9Y2U_UxtyQ,cal
https://www.ubereats.com/san-francisco/food-delivery/bamboo-asia/3zPtjlgZRcubtNzdLE1XUw,cal
https://www.ubereats.com/san-francisco/food-delivery/pizzaoki-oakland/aVlrpv5CTiyidvhAXKoeaw,cal
https://www.ubereats.com/san-francisco/food-delivery/tijuana-restaurant/m-hGlie4QxKN0cLedpOrgg,cal
https://www.ubereats.com/san-francisco/food-delivery/mint-leaf-vietnamese-restaurant-2865-seventh-street/14Q1X-__TM-2v6BHrieWRw,cal
https://www.ubereats.com/san-francisco/food-delivery/ladle-%26-leaf/U648_up6TgaumdJzVovdVQ,cal
https://www.ubereats.com/san-francisco/food-delivery/criollos-mexican-and-mediterranean-cuisine/mipzcFvcR52Y1WJe96Dl-A,cal
https://www.ubereats.com/san-francisco/food-delivery/ihop-1765/TrjiciuKQ8-clamaZUSSuQ,cal
https://www.ubereats.com/san-francisco/food-delivery/the-rare-barrel/fv1KGTUwQuGd8qzS2MDtuw,cal
https://www.ubereats.com/san-francisco/food-delivery/kangnam/K3VliL1eSkWLo5mw8j7zug,cal
https://www.ubereats.com/san-francisco/food-delivery/organic-greens-solano/LRITO9nKStiVDEtUboUCPA,cal
https://www.ubereats.com/san-francisco/food-delivery/easterly-berkeley/FLKNf2a4StyRDd8FEnX11A,cal
https://www.ubereats.com/san-francisco/food-delivery/co-nam-oakland/ZG-4g87RRqeUnArlD1jSvQ,cal
https://www.ubereats.com/san-francisco/food-delivery/cholita-linda-telegraph-ave/zfw20ZGiQX2ScKLbqodf1A,cal
https://www.ubereats.com/san-francisco/food-delivery/quickly/fsaT60ryRyKd8huM0uMnuw,cal
https://www.ubereats.com/san-francisco/food-delivery/sushi-go-go-oakland/UUwca2ZRQsqwZR1jSNpqqg,cal
https://www.ubereats.com/san-francisco/food-delivery/alley-kitchens/D0hQ7zILRDKcCV8s7_J8Dw,cal
https://www.ubereats.com/san-francisco/food-delivery/round-table-pizza-962-san-pablo-avenue/7Z09Vq4gQWKAwaBPXVXx7A,cal
https://www.ubereats.com/san-francisco/food-delivery/a-taste-of-denmark/st-NWfmkSwqCEoqg3dcX7g,cal
https://www.ubereats.com/san-francisco/food-delivery/kfc-12319-san-pablo-avenue/kz0lxb5EQiWAJ0LefHjOyQ,cal
https://www.ubereats.com/san-francisco/food-delivery/canasta/mpAxadYvQ5ef56KzoQQbeA,cal
https://www.ubereats.com/san-francisco/food-delivery/bunz/ySHjck9NTwGKz-Ni-6KTYw,cal
https://www.ubereats.com/san-francisco/food-delivery/snapper-seafood/tqrlHsPcT8yAEle-x0Vkqw,cal
https://www.ubereats.com/san-francisco/food-delivery/genesis-mexican-restaurant/9lnw1tsPRnafGhA2tFlIYQ,cal
https://www.ubereats.com/san-francisco/food-delivery/maya-cafe-and-taqueria/SPBvGVrLSBG1QTYbA3dz-Q,cal
https://www.ubereats.com/san-francisco/food-delivery/grocery-cafe/iJTDPWapSMGR-9HvzmM74Q,cal
https://www.ubereats.com/san-francisco/food-delivery/nikko-sushi/hBJ6A1XoTjC0yWqoqtXodA,cal
https://www.ubereats.com/san-francisco/food-delivery/cauliflower-%26-pizza/YNluYzXSQlSXtCH-mjuBUQ,cal
https://www.ubereats.com/san-francisco/food-delivery/swad-indian-cuisine/_nw6zkt7T8Sf0STNM-a3ZQ,cal
https://www.ubereats.com/san-francisco/food-delivery/the-veg-hub/M145wZ8JR6eiUMZXhFvJFQ,cal
https://www.ubereats.com/san-francisco/food-delivery/subway-92-shattuck-sq/Z7M_MEzmSlegPev--HgO_g,cal
https://www.ubereats.com/san-francisco/food-delivery/maya-halal-taqueria/UTyt45GYRC6yPWLUhHQVRQ,cal
https://www.ubereats.com/san-francisco/food-delivery/matiki-island-bbq-%26-brew/79nwCkTdS6-UTqLPBcOdzQ,cal
https://www.ubereats.com/san-francisco/food-delivery/samraj-sweets-n-chat-hut/FgtG8BbiR561TXNTuMwsxw,cal
https://www.ubereats.com/san-francisco/food-delivery/chloe-cafe/G1ymyy19RaC08OmLon1xnA,cal
https://www.ubereats.com/san-francisco/food-delivery/mount-everest-restaurant/b_UsfPQRSByM-C95G8Ihfg,cal
https://www.ubereats.com/san-francisco/food-delivery/abes-pizza/-oPUcKLeSx65IpR7KtD9Rw,cal
https://www.ubereats.com/san-francisco/food-delivery/1951-coffee-company/OOVoiJzKTzWxrPUR6VV5gg,cal
https://www.ubereats.com/san-francisco/food-delivery/halal-burger-boyz-berkeley/HKz2o2SjQQmyvUyW2tkz9A,cal
https://www.ubereats.com/san-francisco/food-delivery/cornerstone-craft-beer-%26-live-music/GLOeXIdETQax5MU3MAmtDQ,cal
https://www.ubereats.com/san-francisco/food-delivery/dominic-cafe/LTjGKB8-TMejrXQlK4KxHw,cal
https://www.ubereats.com/san-francisco/food-delivery/house-of-curries-college/Hyr5DND8TcuUrjddFxLgJQ,cal
https://www.ubereats.com/san-francisco/food-delivery/yalis-cafe/OOh6Gx9BRnyraKyMYcMimA,cal
https://www.ubereats.com/san-francisco/food-delivery/la-burrita/kQwB-6HVSdOh5PYYi6MVXQ,cal
https://www.ubereats.com/san-francisco/food-delivery/mcdonalds-shattuck-ave/qAIaWTpGSMa3smoTs66q4g,cal
https://www.ubereats.com/san-francisco/food-delivery/the-alley/coJ5AA6AQkeZdm286W6NeA,cal
https://www.ubereats.com/san-francisco/food-delivery/sushinista/inqFY9EuQN2CtywAPYj4qw,cal
https://www.ubereats.com/san-francisco/food-delivery/krispy-krunchy-chicken-pinole-2/S69qrIFoRFe1llqsxEpXLw,cal
https://www.ubereats.com/san-francisco/food-delivery/miss-ollies-caribbean-restaurant/kdilaS_YQ5W1yj6mGsryLQ,cal
https://www.ubereats.com/san-francisco/food-delivery/chesters-fried-chicken-oakland/saGjW-iPRXmXfP22x4vdMA,cal
https://www.ubereats.com/san-francisco/food-delivery/crave-subs/WLpa-ONxQKSvfVjzdvdogA,cal
https://www.ubereats.com/san-francisco/food-delivery/wezy/k36PkGsnSsK5lDgRHobshg,cal
https://www.ubereats.com/san-francisco/food-delivery/emery-bay-cafe/gw5ou25zRBWknJWa6nm00A,cal
https://www.ubereats.com/san-francisco/food-delivery/uncle-willies-wings-and-things-oakland/JSbbBuToS4K4KLZUQYhwjg,cal
https://www.ubereats.com/san-francisco/food-delivery/organic-greens-oakland/5EiDoPFaRaqqHDKsa9guxQ,cal
https://www.ubereats.com/san-francisco/food-delivery/kathmandu-market-%26-deli/2IEe7Ue9Tja0oQA1uUkyxg,cal
https://www.ubereats.com/san-francisco/food-delivery/mashallah-halal-food-indian-and-pakistani/CyIM-SyhQdyK2rfM84LFcA,cal
https://www.ubereats.com/san-francisco/food-delivery/hui-lau-shan/2P7ieApIQPG3Y6Wg5ycZLg,cal
https://www.ubereats.com/san-francisco/food-delivery/seniores-pizza/VAfnh7_YTCuLIw9-YwFd8g,cal
https://www.ubereats.com/san-francisco/food-delivery/galeto-brazilian-steakhouse/zTzGHDkkSkmgfRPJLvHzUw,cal
https://www.ubereats.com/san-francisco/food-delivery/fortune-restaurant-fruitvale/CDklkEEHRJakCt1CtfbmJg,cal
https://www.ubereats.com/san-francisco/food-delivery/the-bureau-510/ThtjfQD5SE2D16JNYQuiIA,cal
https://www.ubereats.com/san-francisco/food-delivery/z-cafe-%26-bar/ytUW52eoRK-cuJxXmW8FfQ,cal
https://www.ubereats.com/san-francisco/food-delivery/la-mexican-burrita/OBauNxcjSnmzRaFx0Xb4kw,cal
https://www.ubereats.com/san-francisco/food-delivery/ikes-love-and-sandwiches-emeryville/y2OEu0VDSaK6R2R4YKTyvQ,cal
https://www.ubereats.com/san-francisco/food-delivery/yang-chow-restaurant/qpzjU8z6Q1mJROC7n4rbtg,cal
https://www.ubereats.com/san-francisco/food-delivery/croqueta-burger/9HfRStN1Teih8ScKQS734Q,cal
https://www.ubereats.com/san-francisco/food-delivery/ippudo-berkeley/UibMbwPqRoGZRrgpYc4bgg,cal
https://www.ubereats.com/san-francisco/food-delivery/udupi-palace-berkeley/8euPt_yVTFC4RS_rfV0yAA,cal
https://www.ubereats.com/san-francisco/food-delivery/tammys-chicken-in-waffle/YkcdssZ_Q6KEqjp8B3uLJQ,cal
https://www.ubereats.com/san-francisco/food-delivery/eden-silk-road-oakland/D0wHEyjpSMm6e4Hq7ckdKA,cal
https://www.ubereats.com/san-francisco/food-delivery/park-mediterranean-grill-berkeley/snbmu-YfSHWPKS2KxONrjQ,cal
https://www.ubereats.com/san-francisco/food-delivery/straw-hat-pizza-alameda/joWuoov9RN2nU5nfkrUMZw,cal
https://www.ubereats.com/san-francisco/food-delivery/panda-express-5020-el-cerrito-plaza/FtrDIkSqRxuLWW83sc8eDQ,cal
https://www.ubereats.com/san-francisco/food-delivery/the-pearl-house/HfsEFbDTStCTr-EmXf_wkw,cal
https://www.ubereats.com/san-francisco/food-delivery/cugini-restaurant/OIMgDSlLQD-xERwcYwiHhA,cal
https://www.ubereats.com/san-francisco/food-delivery/assemble-restaurant/roPJL2WOSXWuqEiQkQUtWw,cal
https://www.ubereats.com/san-francisco/food-delivery/golden-peacock-restaurant/Y-XcOCBWQFO9eBNyev8Wjg,cal
https://www.ubereats.com/san-francisco/food-delivery/organic-meals-to-go/O8h4ezWlSBa2g2i-BDLpMA,cal
https://www.ubereats.com/san-francisco/food-delivery/cafe-nostos/OTjGNFPBQ6WVz88ILHwC-w,cal
https://www.ubereats.com/san-francisco/food-delivery/gabriellas-new-york-city-pizza-oakland/BWZNKz19SpiVW-D5o0DrCA,cal
https://www.ubereats.com/san-francisco/food-delivery/miss-saigon-oakland/bdQREgIFTLCcbtb571oW3Q,cal
https://www.ubereats.com/san-francisco/food-delivery/tempero-goiano/sraqWTLGR_SfJ9fPn8HbmQ,cal
https://www.ubereats.com/san-francisco/food-delivery/kcs-bbq-llc/zAqBXGewQjmpNj0DYpPo8g,cal
https://www.ubereats.com/san-francisco/food-delivery/biryani-kabab-oakland/0-C1-pIRSBSlL7p0DlDmqw,cal
https://www.ubereats.com/san-francisco/food-delivery/mod-pizza-pinole-valley/ZJOx71YsRNCU67c2Br_11g,cal
https://www.ubereats.com/san-francisco/food-delivery/tamon-tea/mwkoz1J-TwKMghNs6DTL4A,cal
https://www.ubereats.com/san-francisco/food-delivery/harbour-way-mart/tRA6ZwKcR3emwhu1uHUwEA,cal
https://www.ubereats.com/san-francisco/food-delivery/bears-country-grill/oJs3Op_TRaC-mFLCLWjpdg,cal
https://www.ubereats.com/san-francisco/food-delivery/sliver-pizzeria-shattuck/M8I_1YT0Qp2fvUx5p1LWKQ,cal
https://www.ubereats.com/san-francisco/food-delivery/sharetea-berkeley/7fd9dVBbQA-kuFC7GUJZMg,cal
https://www.ubereats.com/san-francisco/food-delivery/boba-ninja/nJsOxEOERkuM7gVelM124g,cal
https://www.ubereats.com/san-francisco/food-delivery/subway-6341-shattuck-ave/JMZ_j9U-QhqdAsz49PsiiA,cal
https://www.ubereats.com/san-francisco/food-delivery/subway-2315-cutting-blvd/cjz6eYS7QNWq8bebTHA9iQ,cal
https://www.ubereats.com/san-francisco/food-delivery/alems-coffee/nTrtCx-8SE23ShTThfHQkA,cal
https://www.ubereats.com/san-francisco/food-delivery/delegates/EDoKLVAURXG8zIQzlzj2QQ,cal
https://www.ubereats.com/san-francisco/food-delivery/skates-seawall-100-seawall-drive/3sD1OOECRPWDkb0EW8Z7Lw,cal
https://www.ubereats.com/san-francisco/food-delivery/kfc-taco-bell-6035-telegraph-road/YtiBXKLTTXG0SoU0WlRS5w,cal
https://www.ubereats.com/san-francisco/food-delivery/nom-nom-banh-mi/nxpX5ulDSXSCUsibkvpe7w,cal
https://www.ubereats.com/san-francisco/food-delivery/taco-bell-3535-35th-avenue/J8yXXj1BQUaoPe_czUUktA,cal
https://www.ubereats.com/san-francisco/food-delivery/burger-king-6021-central-avenue/7KzskkjGS1O5lQppCDIhMw,cal
https://www.ubereats.com/san-francisco/food-delivery/lois-%26-earls/ZYlUQKLiREGmGyy5O87QjQ,cal
https://www.ubereats.com/san-francisco/food-delivery/mountain-mikes-pizza-2042-mountain-blvd/qgfsNG6uQ9aOZPvAevTn1Q,cal
https://www.ubereats.com/san-francisco/food-delivery/subway-1300-clay-st-%23160/HtAQcnCmS7aaEhsym8_OtA,cal
https://www.ubereats.com/san-francisco/food-delivery/taqueria-morena/O0Hchsx5Scmv5I-oWURVwA,cal
https://www.ubereats.com/san-francisco/food-delivery/razzos-pizza-and-salads-oakland/Atehb1T7QTqx6gzrti-0Tw,cal
https://www.ubereats.com/san-francisco/food-delivery/julies-cafe/FcS5o5W3QgSFsRAHK-xjbA,cal
https://www.ubereats.com/san-francisco/food-delivery/fresco-mexican-grill/xn_qXxPjT96TgUAfL_lyRg,cal
https://www.ubereats.com/san-francisco/food-delivery/oakland-cafe/QznskQ4oT8KT8ItkLVK2lw,cal
https://www.ubereats.com/san-francisco/food-delivery/hana-japan-steak-%26-seafood/XOJokdv3R9uNJCsEoqCxKA,cal
https://www.ubereats.com/san-francisco/food-delivery/el-pollo-picante-pop-up/kb0juVtLSDKTMRWddeMrEQ,cal
https://www.ubereats.com/san-francisco/food-delivery/yin-ji-chang-fen/TkxMXvQzRYCfFBYEiBe0iw,cal
https://www.ubereats.com/san-francisco/food-delivery/boochman-kombucha/ekDNckiSSeOmMdMirxBW4w,cal
https://www.ubereats.com/san-francisco/food-delivery/extreme-pizza-hercules/S0Me2JKtRXObvpuStIVG2Q,cal
https://www.ubereats.com/san-francisco/food-delivery/krispy-krunchy-chicken-2237-shattuck-ave/eemz_LuSQ1aZG9wGJ29krw,cal
https://www.ubereats.com/san-francisco/food-delivery/taste-of-the-himalayas/44dZhmL7RweQe15UCfMg8w,cal
https://www.ubereats.com/san-francisco/food-delivery/pasta-house/-STSu5lMTCKPkQ98ZcUtcg,cal
https://www.ubereats.com/san-francisco/food-delivery/endless-summer-sweets/O8RGByXGS4OvRwcWwwpJhA,cal
https://www.ubereats.com/san-francisco/food-delivery/panda-express-5108-broadwaysuite-k108/uSgxxZWKSzqGVCwpWtE1uw,cal
https://www.ubereats.com/san-francisco/food-delivery/tacubaya/VKRO0QUeQOSf2C7fK3-yiw,cal
https://www.ubereats.com/san-francisco/food-delivery/mariscos-estilo-sinaloa/yGDuMKESSqqEWtGW_Me14A,cal
https://www.ubereats.com/san-francisco/food-delivery/amausaan-uji-matcha-%E7%94%98%E5%85%8E%E5%BA%B5/L91BUX7HQgueFsEDvBpTbw,cal
https://www.ubereats.com/san-francisco/food-delivery/mi-familia/dEYEh3oMSuqg7lN8e5-c3g,cal
https://www.ubereats.com/san-francisco/food-delivery/hong-kong-delights/CDPAYQVwSIauc-tf3RQICQ,cal
https://www.ubereats.com/san-francisco/food-delivery/taco-bell-3839-emery-street-%23700/Z1OFMDGqRTC3pZSY-pBe9Q,cal
https://www.ubereats.com/san-francisco/food-delivery/himalayan-cuisine/pakosprMQleWxbypWom5CA,cal
https://www.ubereats.com/san-francisco/food-delivery/bonchon-chicken-2050-berkeley-way/k6ctofn3T1WEXPc2J8i0Kg,cal
https://www.ubereats.com/san-francisco/food-delivery/aburaya/IRRvg68-SOSfp1V__u6pSA,cal
https://www.ubereats.com/san-francisco/food-delivery/buttercup-oakland/4xL4BDVvSYmUXnfTnsdmTQ,cal
https://www.ubereats.com/san-francisco/food-delivery/red-boy-pizza/NsZCvUXpQuWPMvgMgQMMgg,cal
https://www.ubereats.com/san-francisco/food-delivery/katana-ya-ramen-restaurant/Rby4O9XSQaqFgTddjUfeJg,cal
https://www.ubereats.com/san-francisco/food-delivery/red-boy-pizza-oakland/pIKvvLxSSQ6cesKsQvAnjA,cal
https://www.ubereats.com/san-francisco/food-delivery/cheese-steak-shop-berkeley/vQ-Uu1GgTyeO1oOt2-pNSA,cal
https://www.ubereats.com/san-francisco/food-delivery/senor-sisig-oakland/NHI6kNATTcOC1ik0u7WX7g,cal
https://www.ubereats.com/san-francisco/food-delivery/qs-halal-pizza/Xk42wjhRT-OWsWM7VwtAZQ,cal
https://www.ubereats.com/san-francisco/food-delivery/feng-cha-teahouse/G-eUQsfPTuu9RXHqgpqUIQ,cal
https://www.ubereats.com/san-francisco/food-delivery/ibs-berkeley/GnKN2sIuQy6fDSxGcPWglA,cal
https://www.ubereats.com/san-francisco/food-delivery/tomate-cafe/OlLdKtfxS1emYGZdtlgf6Q,cal
https://www.ubereats.com/san-francisco/food-delivery/gregorys-gourmet-desserts/OtLNoyUsSyWi5XVZgokggQ,cal
https://www.ubereats.com/san-francisco/food-delivery/happy-moose-juice/jpuai2CrRr-xS9gSKklSeg,cal
https://www.ubereats.com/san-francisco/food-delivery/the-mini-mart/SC_iH7sRS5qJrwBMav664Q,cal
https://www.ubereats.com/san-francisco/food-delivery/subway-3999-san-pablo-ave/hNBJY6E0TSqhGUZ8S7kDnQ,cal
https://www.ubereats.com/san-francisco/food-delivery/pretty-lady/dAygdPUVRa6IsW6SciYedQ,cal
https://www.ubereats.com/san-francisco/food-delivery/berkeley-espresso/pMJRIrKnTlOkCTSvzoBFFA,cal
https://www.ubereats.com/san-francisco/food-delivery/moes-pizza/-uhLsRpoRX64nGQ5A_V3iA,cal
https://www.ubereats.com/san-francisco/food-delivery/humphry-slocombe/UwzxY2lBRTSzwC_S0lJ7gw,cal
https://www.ubereats.com/san-francisco/food-delivery/khana-peena-indian-cuisine/FeysVWASQOu43Bxe0KNK8Q,cal
https://www.ubereats.com/san-francisco/food-delivery/extreme-pizza/4ZAQ8qG6RTGxNPiVWCf1nQ,cal
https://www.ubereats.com/san-francisco/food-delivery/los-moles/KQ5Qmi56TC-sfgSzrTdtpg,cal
https://www.ubereats.com/san-francisco/food-delivery/jamba-juice-5030-el-cerrito-plaza-ste-e-1/F5XhZ5cfS-uLCP7o0-m8Mw,cal
https://www.ubereats.com/san-francisco/food-delivery/oasis-kitchen/TUTMMZBOTcSD4M3BPbzCCw,cal
https://www.ubereats.com/san-francisco/food-delivery/yo-sushi/EEldEzg5SZma7Qgc-kmkjA,cal
https://www.ubereats.com/san-francisco/food-delivery/zacharys-chicago-pizza-oakland/jH38XumgTaSUc_NcUqsc_w,cal
https://www.ubereats.com/san-francisco/food-delivery/bongo-burger-center/oG9tsx0_Q5mk79yIKYJMuA,cal
https://www.ubereats.com/san-francisco/food-delivery/m-%26-s-kitchen/7cIf1m1wQzGUDoxumiJPmg,cal
https://www.ubereats.com/san-francisco/food-delivery/alice-street-bakery-cafe/Dyhq8ETTRFaBCeZRXzGZpw,cal
https://www.ubereats.com/san-francisco/food-delivery/taiwan-bento-%26-bao/ROLAvZz4QkmOTHqYaD0JVA,cal
https://www.ubereats.com/san-francisco/food-delivery/yuzu-ramen-%26-broffee/mSu6g_bwRL6f1rnbCRCw_w,cal
https://www.ubereats.com/san-francisco/food-delivery/purple-pepper-pizza/PIBihp8RTxWakcGQWMwovg,cal
https://www.ubereats.com/san-francisco/food-delivery/gallegos-mexican-food/cJQvZnLLRkKpGm6ezkSrnQ,cal
https://www.ubereats.com/san-francisco/food-delivery/subway-4415-foothill-blvd/CpSUahV3S9SD2vGBEmgy0A,cal
https://www.ubereats.com/san-francisco/food-delivery/aguachiles-el-tamarindo/etqdPslSTRmHFvb4QsLU4g,cal
https://www.ubereats.com/san-francisco/food-delivery/happy-chin-eating/tQ3ayj1bSWe4jM7oqHTbvg,cal
https://www.ubereats.com/san-francisco/food-delivery/enedina-taqueria/Y0M1yDWKSea7k37i_86BSQ,cal
https://www.ubereats.com/san-francisco/food-delivery/the-flying-falafel-berkeley/HOlCQDKRQDKAWMvdQc1bDw,cal
https://www.ubereats.com/san-francisco/food-delivery/juans-place/P7ldpTloQrmx2hwdZzwucw,cal
https://www.ubereats.com/san-francisco/food-delivery/nations-giant-hamburgers-moraga/OIRisFU2RvyR294MovBVcA,cal
https://www.ubereats.com/san-francisco/food-delivery/east-ocean-seafood-restaurant/xsAVhH3WQPeh3Rtz9319Vw,cal
https://www.ubereats.com/san-francisco/food-delivery/easy-sushi/k6kw2216RmKDGWK6V0jpgA,cal
https://www.ubereats.com/san-francisco/food-delivery/the-everest-momo-oakland/BovnwfB2RTW7ZwjCb3Srgw,cal
https://www.ubereats.com/san-francisco/food-delivery/panda-express-1473-fitzgerald-dr/oUARUPEsRhq5O2OVqBp6pA,cal
https://www.ubereats.com/san-francisco/food-delivery/royaltea-usa/9zoySZGbSEaBeYF1UT3T2w,cal
https://www.ubereats.com/san-francisco/food-delivery/the-kon-tiki/X71gUrGzQ9CPapfK1cQmaQ,cal
https://www.ubereats.com/san-francisco/food-delivery/qi-dumpling-lounge/gGcMJoOdRCSwYNKSZ2-k2w,cal
https://www.ubereats.com/san-francisco/food-delivery/bangkok-garden/77AqXeMjT0Ctb0Atu6u2pw,cal
https://www.ubereats.com/san-francisco/food-delivery/extreme-pizza-alameda/93DxJVOHRBG_Q-abaK2mWA,cal
https://www.ubereats.com/san-francisco/food-delivery/a%2B-burger/a5tzjktlQquBjOwzP86nPQ,cal
https://www.ubereats.com/san-francisco/food-delivery/jong-ga-house/Y55ADXEURvCbJMjuYKRNKA,cal
https://www.ubereats.com/san-francisco/food-delivery/barneys-gourmet-hamburgers-oakland/jpeUqFPVRgux5TF1UQ2aMg,cal
https://www.ubereats.com/san-francisco/food-delivery/subway-6472-hollis-st/SB0q8mIqSpeULLP_D_wDsg,cal
https://www.ubereats.com/san-francisco/food-delivery/cafe-colucci/f2pmbVbPSpWgbqf3Oc9BXA,cal
https://www.ubereats.com/san-francisco/food-delivery/philz-coffee-6310-college-ave/IAdZQevpTHKt2IoGZyO6Lw,cal
https://www.ubereats.com/san-francisco/food-delivery/pinky-and-reds/ZLmiT9LfQuWw6j4CR0W-lw,cal
https://www.ubereats.com/san-francisco/food-delivery/paradigm-pizzas/nk-SymhNSwGCwqcHAFADAQ,cal
https://www.ubereats.com/san-francisco/food-delivery/alameda-bagels-and-donuts/yPkcrhR8SUOR4KbOhgh2eA,cal
https://www.ubereats.com/san-francisco/food-delivery/happy-burrito/rrpqaYJUTEGDOebit8V-2A,cal
https://www.ubereats.com/san-francisco/food-delivery/tsing-tao/F1bMgKe8T9mY6MZQ512d_A,cal
https://www.ubereats.com/san-francisco/food-delivery/spices-3/ux00hpl2S7ydWLV04ErW6A,cal
https://www.ubereats.com/san-francisco/food-delivery/la-estrella-food-truck/1S1RJ9zXQC23uwBxwtXR3A,cal
https://www.ubereats.com/san-francisco/food-delivery/la-marcha-tapas-bar/5fBMavxvRKK0KW2mCFfeog,cal
https://www.ubereats.com/san-francisco/food-delivery/patxis-pizza-lafayette/UbfafvdYQBKLmAckMfycFA,cal
https://www.ubereats.com/san-francisco/food-delivery/ikes-love-%26-sandwiches-broadway/SbtyvjuvQkGyOP15NXcJkw,cal
https://www.ubereats.com/san-francisco/food-delivery/mcdonalds-6623-san-pablo-ave/MOLzwTElTXG6mS8-MZDhCA,cal
https://www.ubereats.com/san-francisco/food-delivery/cafe-lakeview/rqvidgD8SwGZ9UHe0zRAFg,cal
https://www.ubereats.com/san-francisco/food-delivery/hashtag-poki/f8NGKQzeRhixZw325foNqw,cal
https://www.ubereats.com/san-francisco/food-delivery/holy-land-restaurant/dfde2L_aRZ6cn8jKMk5UiA,cal
https://www.ubereats.com/san-francisco/food-delivery/himalayan-flavors-restaurant/uz-FI6kaT0egPsBF2oVCug,cal
https://www.ubereats.com/san-francisco/food-delivery/broadway-burrito/bF0NO4DOT-uIE_eFLz3guQ,cal
https://www.ubereats.com/san-francisco/food-delivery/gran-milan/JeILTAUIS3SZaDqCUvu8NA,cal
https://www.ubereats.com/san-francisco/food-delivery/passione-pizza/CpCP2ZyGSgKWo8AfqKRzuQ,cal
https://www.ubereats.com/san-francisco/food-delivery/burgermeister/m4M4aEfIT0uRuLv0V531hQ,cal
https://www.ubereats.com/san-francisco/food-delivery/islice/KtX8Kc8TQCOrCQJk9JU2Rw,cal
https://www.ubereats.com/san-francisco/food-delivery/halal-pizza-company/i2UqmocfQ2a4VdKw6JtFdQ,cal
https://www.ubereats.com/san-francisco/food-delivery/ks-coffee-house/aPJkxM4lRAOIf6ByrSpvPg,cal
https://www.ubereats.com/san-francisco/food-delivery/wazwan-indian-cuisine/32FDFHSZSBy7qc6EMCo-DA,cal
https://www.ubereats.com/san-francisco/food-delivery/lenas-soul-food-cafe/F9h91_7uSE6opXspVcXCIw,cal
https://www.ubereats.com/san-francisco/food-delivery/shooting-star-cafe/aP9BykDwRviPk6yt0efsYQ,cal
https://www.ubereats.com/san-francisco/food-delivery/cookie-dough-parlor/dPcRYNlqR3WRN46rEmrHcA,cal
https://www.ubereats.com/san-francisco/food-delivery/popeyes-1200-clay-st/sOiizhCnRXuNgW2Mhs2atw,cal
https://www.ubereats.com/san-francisco/food-delivery/krispy-krunchy-chicken/huNLEYmGTce1_qu4U8Cb3g,cal
https://www.ubereats.com/san-francisco/food-delivery/neecha-thai/TBGbjWCKSw-kdVgOkn2BpA,cal
https://www.ubereats.com/san-francisco/food-delivery/thick-n-tasty-pizza/srxd0a8dTDiYzPwvxF9AIQ,cal
https://www.ubereats.com/san-francisco/food-delivery/nothing-bundt-cakes/iq4tJCHeSyennjlM1uM4gw,cal
https://www.ubereats.com/san-francisco/food-delivery/tuk-tuk-thai/AzxeZtG_S9CA8LpOTtfDuw,cal
https://www.ubereats.com/san-francisco/food-delivery/475-cafe/aecX2LPmSmO4XpnP4gEF7Q,cal
https://www.ubereats.com/san-francisco/food-delivery/hoza-pizzeria/Ii2v7WE6RB-cq8-v7WB5OA,cal
https://www.ubereats.com/san-francisco/food-delivery/berkeley-burgers/KlhOarUOTSiOUfvliaCr3w,cal
https://www.ubereats.com/san-francisco/food-delivery/miharu-ice-cream/bebB-F4WQaKd33BAicsFeA,cal
https://www.ubereats.com/san-francisco/food-delivery/baja-cali-taqueria-%26-grill/35tEau9tTNSQD0U0rboAwA,cal
https://www.ubereats.com/san-francisco/food-delivery/ez-taqueria/gxMtrJM7RiW7Ge3AoUa59A,cal
https://www.ubereats.com/san-francisco/food-delivery/gordito-amigos/TtdOtAbxSvSDJeks7AXtgw,cal
https://www.ubereats.com/san-francisco/food-delivery/sweetgreen-berkeley/ng-gej3QSMiSrNynSRO-UQ,cal
https://www.ubereats.com/san-francisco/food-delivery/papa-johns-2222-shattuck-ave/eehna8nxTDeuBNhtGbo1pg,cal
https://www.ubereats.com/san-francisco/food-delivery/daimo-chinese-restaurant/fAzfiy1CQRmifZ8ldEJcqg,cal
https://www.ubereats.com/san-francisco/food-delivery/jamba-juice-2514-bancroft-way/E9dukaVcSVaFF5gTPo7SbA,cal
https://www.ubereats.com/san-francisco/food-delivery/sa-wad-dee-thai-restaurant/cRb4wDHeQfaW_hwC0w2Q3g,cal
https://www.ubereats.com/san-francisco/food-delivery/house-of-curries-albany/GMj_jX4nSYKj9ns0mT9ySQ,cal
https://www.ubereats.com/san-francisco/food-delivery/cool!naria/_HcgUMGuR0SPMue3t1T-Gw,cal
https://www.ubereats.com/san-francisco/food-delivery/best-coast-burritos-oakland-ca/Smsm7QL8TbSYkbOkq2W6rA,cal
https://www.ubereats.com/san-francisco/food-delivery/george-and-walts/6Pjdy5FNSEejyRPT6K8JOg,cal
https://www.ubereats.com/san-francisco/food-delivery/sticky-rice-cafe/6bhWfR4ZTJeahMlfKEZTEA,cal
https://www.ubereats.com/san-francisco/food-delivery/montses-cafe/xOLo-5A7RyeUDp6meLFXtg,cal
https://www.ubereats.com/san-francisco/food-delivery/thai-table/xtqECmu0RVy2bhNem9Dh1g,cal
https://www.ubereats.com/san-francisco/food-delivery/koi-sushi/TUyFDUjBQbCoDpdNYBhfAQ,cal
https://www.ubereats.com/san-francisco/food-delivery/quinns-lighthouse/5YVbEeNIQreWse4C1oK11A,cal
https://www.ubereats.com/san-francisco/food-delivery/hawking-bird/UthXEUsrRUa-mLbE8wnbLA,cal
https://www.ubereats.com/san-francisco/food-delivery/dosa-by-dosa-berkeley/iJNYyOwuQ1C45-1F0UM4Ng,cal
https://www.ubereats.com/san-francisco/food-delivery/seison/j638-zT4RBOzFJ7x34JvvQ,cal
https://www.ubereats.com/san-francisco/food-delivery/starbucks-emeryville/G3YjXZPsRiqvxQr_hePM4w,cal
https://www.ubereats.com/san-francisco/food-delivery/sweet-bar-bakery/yYwsgp7NSK6kKQ0qMArXiw,cal
https://www.ubereats.com/san-francisco/food-delivery/burma-superstar-oakland/xeA1AUSIQw-uxabQGWDlvg,cal
https://www.ubereats.com/san-francisco/food-delivery/fusion-mediterranean/sx-9lEVFRpiLvgf0qdkAfw,cal
https://www.ubereats.com/san-francisco/food-delivery/pizza-my-heart-emeryville/Tcb3JYI9R8Og58cTrt34JA,cal
https://www.ubereats.com/san-francisco/food-delivery/top-up-exclusive/Z2_je8pTTrqnk9ITi7aroA,cal
https://www.ubereats.com/san-francisco/food-delivery/grandeur-oakland/P-N54VXERzmIMc8Yig2ecw,cal
https://www.ubereats.com/san-francisco/food-delivery/barranco-cocina-peruana/zdb2hS2jStSwlsNANPtPxg,cal
https://www.ubereats.com/san-francisco/food-delivery/boss-1187-solano-ave/xVEZy7zgR9eFN_gES8VSpQ,cal
https://www.ubereats.com/san-francisco/food-delivery/barneys-gourmet-hamburgers-shattuck/2Y507jvYTL2wogqZljJKsA,cal
https://www.ubereats.com/san-francisco/food-delivery/kathmandu-restaurant/oFr1AUhuT126hzt2YOtcJQ,cal
https://www.ubereats.com/san-francisco/food-delivery/pasta-pelican/fTpD-EjGTbamma-poYpdyQ,cal
https://www.ubereats.com/san-francisco/food-delivery/starbucks-2059-mountain-blvd-oakland/E5CnMzxRQHi6vVX8a93HRg,cal
https://www.ubereats.com/san-francisco/food-delivery/huangcheng-noodles/2Ka0_7q4Q6SHNQgo2FQFjA,cal
https://www.ubereats.com/san-francisco/food-delivery/little-caesars-1109-university-ave/A8LtkmvhQSGPHSX8-Au-bQ,cal
https://www.ubereats.com/san-francisco/food-delivery/flaming-burger/YJ5aBAdeQY-XonSMnXEOZQ,cal
https://www.ubereats.com/san-francisco/food-delivery/carls-jr-green-burrito-871-marina-village-pkwy/Pbqt1Ac0RI6yQd0k8z2KDA,cal
https://www.ubereats.com/san-francisco/food-delivery/oriental-restaurant/M340iVEfQOqam_mD-6Lr7Q,cal
https://www.ubereats.com/san-francisco/food-delivery/the-noodle-company-famous-bao/LPFk5B7jTzChcAHZtbDLjw,cal
https://www.ubereats.com/san-francisco/food-delivery/bluefin-asian-bistro/4idU5IO3RJaMOnpx5bejAw,cal
https://www.ubereats.com/san-francisco/food-delivery/umami-burger-oakland/8Q7S_3zNQ9qvkCQarNo28g,cal
https://www.ubereats.com/san-francisco/food-delivery/starbucks-3347-lakeshore-avenue/Ls-yIiW9Q8qCMPqPMWcClw,cal
https://www.ubereats.com/san-francisco/food-delivery/kc-fusion-house/JU0M6f5yQ4ewe4qzwBr1iQ,cal
https://www.ubereats.com/san-francisco/food-delivery/islice/gOzp1jYzQ-66flp9jDGWCA,cal
https://www.ubereats.com/san-francisco/food-delivery/smokes-poutinerie-berkeley/Bdl4Olw0SMSszNxv55S4zw,cal
https://www.ubereats.com/san-francisco/food-delivery/gilman-grill/sB2HAGAAToe98cGdb901_g,cal
https://www.ubereats.com/san-francisco/food-delivery/dona/OlwgCOOhTZGdNy2cP4pv1A,cal
https://www.ubereats.com/san-francisco/food-delivery/allstar-fast-foods/6cGGHzSoSxOCyYoqsDZzGg,cal
https://www.ubereats.com/san-francisco/food-delivery/salvage-hausu/wPZRDs42QZqE8fRxBKybtw,cal
https://www.ubereats.com/san-francisco/food-delivery/krispy-krunchy-chicken-richmond-2/CcjacVrWSTeVKmxjlL8Yxg,cal
https://www.ubereats.com/san-francisco/food-delivery/yellowtail-japanese-bistro/fhtUyRIXRGapo0nfxAZxLQ,cal
https://www.ubereats.com/san-francisco/food-delivery/paradita-eatery/Yl-Qmm-WT6iTu_b-b3LTvw,cal
https://www.ubereats.com/san-francisco/food-delivery/namaste-madras-indian-cuisine/IFI2yXVhQkqyKeOBnpR-Jg,cal
https://www.ubereats.com/san-francisco/food-delivery/starbucks-broadway-%26-grand-oakland/Rje0p0U6RzS1xevt9NVyiQ,cal
https://www.ubereats.com/san-francisco/food-delivery/chipotle-mexican-grill-2225-shattuck-ave/Hwc2AdLTSImAMYOqql2eCA,cal
https://www.ubereats.com/san-francisco/food-delivery/pucquio/ZhHnbTY7R2CqZTd2v9DgiQ,cal
https://www.ubereats.com/san-francisco/food-delivery/agave-uptown/oq6RbJbFQ5OpyiVN7RhvmA,cal
https://www.ubereats.com/san-francisco/food-delivery/d-monaghans-on-the-hill/DSG4Bv9ASZe3V1fVaEjS5w,cal
https://www.ubereats.com/san-francisco/food-delivery/sunny-%26-fines-breakfast-burritos/LZhJqpuhRTWsesJ2od-gDw,cal
https://www.ubereats.com/san-francisco/food-delivery/subway-290-e-18th-st/TfpZnvf0QsK2VejVpyexcQ,cal
https://www.ubereats.com/san-francisco/food-delivery/cinnaholic-berkeley/bIVi3aZ0R_6ksv_AQx7JCQ,cal
https://www.ubereats.com/san-francisco/food-delivery/cauliflower-pizza-kitchen/YOPB4GwIToCDtUl_CP2Qeg,cal
https://www.ubereats.com/san-francisco/food-delivery/burger-king-5701-christie-avenue/ftELwc8hR0W8vNMWHK26qQ,cal
https://www.ubereats.com/san-francisco/food-delivery/papalote-mexican-grill-berkeley/wui7BOw_RBCytS6Yvcn_Cg,cal
https://www.ubereats.com/san-francisco/food-delivery/la-bonita-taqueria/SOCFdFlzRTqVMAnn2_hMmA,cal
https://www.ubereats.com/san-francisco/food-delivery/pizza-amigos/ir9k01i0QXKorPp0zhXxSw,cal
https://www.ubereats.com/san-francisco/food-delivery/pear-street-bistro/KUtLsnp4SDGf836FOkYrgQ,cal
https://www.ubereats.com/san-francisco/food-delivery/deli-belli/as4sgjeHSDe87s8XTzt_AA,cal
https://www.ubereats.com/san-francisco/food-delivery/cana/Rw1C_OxKSLqe_8tpnGC0LA,cal
https://www.ubereats.com/san-francisco/food-delivery/subway-11430-san-pablo-ave/H1AzA9JgR5ibL7Y5yCh-aQ,cal
https://www.ubereats.com/san-francisco/food-delivery/phosho-dough/o1D2n0-ESY-az6mSyCiHdg,cal
https://www.ubereats.com/san-francisco/food-delivery/north-beach-pizza-berkeley/HQhHcHLvQ3O8SN2TiWCnkQ,cal
https://www.ubereats.com/san-francisco/food-delivery/humphry-slocombe-oakland/4ZUKqcIUSZGJ9cQJ_sadcQ,cal
https://www.ubereats.com/san-francisco/food-delivery/main-squeeze-oakland/C5MHKfjGTMyzc6irEgW0rg,cal
https://www.ubereats.com/san-francisco/food-delivery/sierra-deli/ptFM7tBgSqeh6DqtqjtTYA,cal
https://www.ubereats.com/san-francisco/food-delivery/the-coffee-mill-%26-bakery/dZbRexEVSXCCfCbM3B29hQ,cal
https://www.ubereats.com/san-francisco/food-delivery/poki-lab/0kte8iPqSfS1s_DewgqLiw,cal
https://www.ubereats.com/san-francisco/food-delivery/sumo-japanese-restaurant/830khyn9Q7efpesY1G79uw,cal
https://www.ubereats.com/san-francisco/food-delivery/raj-indian-cuisine/kgzVqjkrQX6IN6NRPUsS5g,cal
https://www.ubereats.com/san-francisco/food-delivery/popeyes-3080-e-9th-st/5EXSpsUdRm2Iim-tOmu6AQ,cal
https://www.ubereats.com/san-francisco/food-delivery/poke-parlor/H_nZCq-TScWCdCVZgLe4Tw,cal
https://www.ubereats.com/san-francisco/food-delivery/berkeley-sandwich-house/_lyDJ86pQxSNwV9MzlQw6g,cal
https://www.ubereats.com/san-francisco/food-delivery/quickly/eFMxMkY9S8SS6-NFDoD6Xw,cal
https://www.ubereats.com/san-francisco/food-delivery/new-delhi-bistro/1YpeZ6wWS0S40ckcEUJ11w,cal
https://www.ubereats.com/san-francisco/food-delivery/homeroom-berkeley/Vq7wvGuhQ925AT7MyT7KOA,cal
https://www.ubereats.com/san-francisco/food-delivery/la-note-restaurant/7NAKf1M7Ssm0pKfNWdHj4A,cal
https://www.ubereats.com/san-francisco/food-delivery/docs-refresher/_VQhKAxvTvm6EM68lVmrzg,cal
https://www.ubereats.com/san-francisco/food-delivery/katsumi-sushi/JFdZTmljSQqOkNeZHLG1FA,cal
https://www.ubereats.com/san-francisco/food-delivery/u-dessert-story/soYpgThESIeaRSpgr7Lb6A,cal
https://www.ubereats.com/san-francisco/food-delivery/fry-me-a-river/zgQZ2Jf2RMSRZFrvtuwb8w,cal
https://www.ubereats.com/san-francisco/food-delivery/the-fat-lady/bvxuNaMeTlyoB8t7G0twBg,cal
https://www.ubereats.com/san-francisco/food-delivery/holy-hummus/_KNKFMaHQCeV0BOpVMU97A,cal
https://www.ubereats.com/san-francisco/food-delivery/baladi/3y2wT8tXQry574ct7cL-Kg,cal
https://www.ubereats.com/san-francisco/food-delivery/jack-in-the-box-6510-telegraph-ave/UR_IHwpUTEWo0ike1s3p_A,cal
https://www.ubereats.com/san-francisco/food-delivery/nicos-1508/XvniXP42SVOuz2znjHZwUA,cal
https://www.ubereats.com/san-francisco/food-delivery/cybelles-pizza-montclair/tVEL8FuMQl23fZWnLYWuIA,cal
https://www.ubereats.com/san-francisco/food-delivery/king-pin-donuts/bMSm3ttiTGmvvQMTttcy5Q,cal
https://www.ubereats.com/san-francisco/food-delivery/mcdonalds-1198-san-pablo/tP8pQXuESrC4DI6BoV25uw,cal
https://www.ubereats.com/san-francisco/food-delivery/mashallah-halal-food-truck/yFBjNXXYQhGHnfkvW7VVVQ,cal
https://www.ubereats.com/san-francisco/food-delivery/guss-world-famous-fried-chicken/n-p7BsHNSVeYU2MTxyWe0A,cal
https://www.ubereats.com/san-francisco/food-delivery/farmhouse-kitchen-thai-cuisine-oakland/mYOyhe-8TCeCi-L-XmGPQA,cal
https://www.ubereats.com/san-francisco/food-delivery/the-sunny-side-cafe/KnIPdOHqTcqnpNl6o_qS-w,cal
https://www.ubereats.com/san-francisco/food-delivery/dee-spot/y8fcfexBTuWzRIoDx360Bg,cal
https://www.ubereats.com/san-francisco/food-delivery/lilly-thai-kitchen/Bb5BAeBNTaqXB5NJX4whiw,cal
https://www.ubereats.com/san-francisco/food-delivery/delegates/nxVMxGNgRZuL0Tx6obUIQw,cal
https://www.ubereats.com/san-francisco/food-delivery/san-francisco-pizza-%26-restaurant/cncUrRVFSP-aJBX3N4bB7w,cal
https://www.ubereats.com/san-francisco/food-delivery/la-vals-pizza-albany/wb7pa0AiTViogc4ejAVxkQ,cal
https://www.ubereats.com/san-francisco/food-delivery/duende/E-NTln7zS1qqfy1v72MIhw,cal
https://www.ubereats.com/san-francisco/food-delivery/zacharys-chicago-pizza-berkeley/X04dr6KvRkKuiY6cyAsMuQ,cal
https://www.ubereats.com/san-francisco/food-delivery/mehak-indian-cuisine/lblHxLTPQQWQbZxsgXo5OQ,cal
https://www.ubereats.com/san-francisco/food-delivery/simply-bowl/9FSj02YSSVeibLLZvikhfA,cal
https://www.ubereats.com/san-francisco/food-delivery/kitchen-story-oakland/pOgct-JySwSijHr8NPthow,cal
https://www.ubereats.com/san-francisco/food-delivery/petit-cafe/HsqlayinTQe-1bmgJX4DXg,cal
https://www.ubereats.com/san-francisco/food-delivery/pattys-%26-buns-burgers/o_o8MsJtT9e3t6VoeRxHNg,cal
https://www.ubereats.com/san-francisco/food-delivery/friend-fries/o0xSYpuPQaaO9NLtHU2hqw,cal
https://www.ubereats.com/san-francisco/food-delivery/kfc-3734-macarthur-boulevard/hWjB9vi2RC-M4Bwa9mZOsQ,cal
https://www.ubereats.com/san-francisco/food-delivery/tacos-el-rulas/AVxJ3TJVSfmHf2dGUQQnUA,cal
https://www.ubereats.com/san-francisco/food-delivery/tender-greens-2071-university-ave/P-jHqO02RuG9N2eoMiCcgQ,cal
https://www.ubereats.com/san-francisco/food-delivery/mixt-oakland/Ypwl-PSVSPmOa8FLP0L6Fw,cal
https://www.ubereats.com/san-francisco/food-delivery/ikaros-greek-restaurant/ZJ4HKiyWTAGK6cs9iJzSNQ,cal
https://www.ubereats.com/san-francisco/food-delivery/rincon-michoacano/x9dTmbpIQCiXsAy3lGl7lw,cal
https://www.ubereats.com/san-francisco/food-delivery/gangnam-tofu/GLHLBBAkS-60ccbWpeypMw,cal
https://www.ubereats.com/san-francisco/food-delivery/shrimp-falafel-mix/UF8AZaWURbS5S19tbzR-Nw,cal
https://www.ubereats.com/san-francisco/food-delivery/jersey-mikes-subs-30-san-pablo-towne-ctr/bINUbxcJRuO-4ke6LHr9Gw,cal
https://www.ubereats.com/san-francisco/food-delivery/rnr-sushi-n-bowls/hqueelX4SpGtyBatsPsCNA,cal
https://www.ubereats.com/san-francisco/food-delivery/sweet-basil-thai-berkeley/tfyEx2reTfKHRo2YTMn0OQ,cal
https://www.ubereats.com/san-francisco/food-delivery/rendez-vous-cafe-bistro/oWVqwKn7TPyJSPiSs3_diQ,cal
https://www.ubereats.com/san-francisco/food-delivery/sasa-kitchen/2A_xCeajRL-2-1tz2Bs2FA,cal
https://www.ubereats.com/san-francisco/food-delivery/el-agavero-restaurant/lexlylE6QHS7KCorKZ49rA,cal
https://www.ubereats.com/san-francisco/food-delivery/plant-nation-oakland/_UCmFN9ETAqn38tXeGG7PQ,cal
https://www.ubereats.com/san-francisco/food-delivery/the-horseshoe-lounge/HtK9spiDRdCHVxzWyYoisw,cal
https://www.ubereats.com/san-francisco/food-delivery/brooklyn-station-house/XeKeJCVRT1i6xlvuFWfKWw,cal
https://www.ubereats.com/san-francisco/food-delivery/plant-kitchen-power-bowls-oakland/VTPQKEJgR-K326n9oGKZ-w,cal
https://www.ubereats.com/san-francisco/food-delivery/gogi-time/59tHc775S0iPARWjmG3yQQ,cal
https://www.ubereats.com/san-francisco/food-delivery/dumpling-express/aMIEojB0TACRhEvRcdgBUw,cal
https://www.ubereats.com/san-francisco/food-delivery/kyoto-ramen/-XryJ0n0TqOSqNrl5-etgQ,cal
https://www.ubereats.com/san-francisco/food-delivery/yaya-poki/KNnDbtGGTTmBPr4a-CqShA,cal
https://www.ubereats.com/san-francisco/food-delivery/nomad-cafe/w1K4fdjGQaW2yNl-Sa6qpw,cal
https://www.ubereats.com/san-francisco/food-delivery/vulcan-thai-cafe/a1MvLeypRTer2bLpEs1fNw,cal
https://www.ubereats.com/san-francisco/food-delivery/xyclo-restaurant/mg3EZySsSZ-h0wMi2uINNQ,cal
https://www.ubereats.com/san-francisco/food-delivery/ole-ole-burrito-express-telegraph/4yTqDycARKO-8TUXdg8b2w,cal
https://www.ubereats.com/san-francisco/food-delivery/minnie-bells-soul-movement/zcxfjr-oTuCbxjD2H5WuXw,cal
https://www.ubereats.com/san-francisco/food-delivery/vital-vittles-bakery/3LYVfYUkQQ-EvpgTq-1qQQ,cal
https://www.ubereats.com/san-francisco/food-delivery/hk-home-kitchen/vepMaf-UT_GvtYHmy08zEQ,cal
https://www.ubereats.com/san-francisco/food-delivery/azit/4OpOk4ghT9O46JkrKPlT4g,cal
https://www.ubereats.com/san-francisco/food-delivery/kfc-2424-encinal-avenue/C8IaiibcStqJWZVSfs-Lpg,cal
https://www.ubereats.com/san-francisco/food-delivery/panda-express-2630-fifth-street/FeWr-w2SQ5GVI3oQR4DeGQ,cal
https://www.ubereats.com/san-francisco/food-delivery/pintoh-thai-street-food/jx7RYQ-xSWuaJB2ZvRgvaA,cal
https://www.ubereats.com/san-francisco/food-delivery/ihop-11511-san-pablo-ave/KJvNf2Q8TqqlHOoiafV_kg,cal
https://www.ubereats.com/san-francisco/food-delivery/cream-5th-st/1KPeK6U7TwarYWZF-iynIQ,cal
https://www.ubereats.com/san-francisco/food-delivery/papa-cho/4TbOn7SvSMCAsV1axXYm3Q,cal
https://www.ubereats.com/san-francisco/food-delivery/pastinos-pasta-%26-pizza/PGJML2S_RguND2JWYnVN_w,cal
https://www.ubereats.com/san-francisco/food-delivery/cafenated-coffee-co/2Ryv8q0FT1OU58u4dyS--A,cal
https://www.ubereats.com/san-francisco/food-delivery/wendys-3111-e-14th-street/lGEuOXX6Qt2-E-R8MoGA_Q,cal
https://www.ubereats.com/san-francisco/food-delivery/duenda/nuvpceHdRQ-3-gFt5tsQjQ,cal
https://www.ubereats.com/san-francisco/food-delivery/batch-%26-brine/Gr6MjMrwR3mF2GVyDFgNOw,cal
https://www.ubereats.com/san-francisco/food-delivery/shrimp-falafel-mix/_jTZbZLyQ0yzt0hLYw0Xsg,cal
https://www.ubereats.com/san-francisco/food-delivery/krispy-krunchy-chicken/Zqj8VvoFS_e7AV5t8iPnTg,cal
https://www.ubereats.com/san-francisco/food-delivery/blackberry-bistro/mGoEGVuuR8SPX15eMv6VOg,cal
https://www.ubereats.com/san-francisco/food-delivery/taqueria-nueva-italia/beBh-UE5TEy-45Jlhf8ftA,cal
https://www.ubereats.com/san-francisco/food-delivery/ladle-%26-leaf-san-francisco-soup-company/10PTYKPUTGK7Zsto1Qt8JA,cal
https://www.ubereats.com/san-francisco/food-delivery/krispy-rice-oakland/bBfIsKAkTPmg3Kp36YD3Ow,cal
https://www.ubereats.com/san-francisco/food-delivery/yammys-cafe/_vRc7knOTXi18yElnWMbCQ,cal
https://www.ubereats.com/san-francisco/food-delivery/hot-wings-co/qc4ONWTMTTuikiR9RPUSSg,cal
https://www.ubereats.com/san-francisco/food-delivery/maya-thai-laos-restaurant/wUjG2Kl9RVOsv4ajDvIFyA,cal
https://www.ubereats.com/san-francisco/food-delivery/lox-stock-%26-bagel/75ZadqyjSQqM5402AHFUhg,cal
https://www.ubereats.com/san-francisco/food-delivery/brazil-fresh-squeeze-cafe/iWg2Lja-RpK38061UuEsrw,cal
https://www.ubereats.com/san-francisco/food-delivery/jamba-juice-2620-5th-streetsuite-c-1/2zBTYMnSR_qRGyisbTj8Eg,cal
https://www.ubereats.com/san-francisco/food-delivery/nabi-q/nHpevhsFQA6XN44HhAI2xw,cal
https://www.ubereats.com/san-francisco/food-delivery/guru-curry-house/MYU-FAU8QBaA6r-i2wD5ag,cal
https://www.ubereats.com/san-francisco/food-delivery/the-saap-avenue/zUDUVDuWTaKrm6lmlQdikw,cal
https://www.ubereats.com/san-francisco/food-delivery/bella-pasta/HbwzaPFCSzKreZ_67DHyYw,cal
https://www.ubereats.com/san-francisco/food-delivery/patatas/NZLDUKJgS1akmGKv7wyOwg,cal
https://www.ubereats.com/san-francisco/food-delivery/cassave-restaurant-and-taqueria/gC_mb9_QStOlXcIaCyQoUw,cal
https://www.ubereats.com/san-francisco/food-delivery/raymonds-pizzeria/g-QQ9fL5TM2qiFn6a_7T1g,cal
https://www.ubereats.com/san-francisco/food-delivery/the-musical-offering-cafe/0g_UAleDRQeCjTTWrJjuqQ,cal
https://www.ubereats.com/san-francisco/food-delivery/clove-and-hoof/pBf1kfD3RYS7WMUvav2rAg,cal
https://www.ubereats.com/san-francisco/food-delivery/popeyes-1775-san-pablo-ave/EVK2IorBT1eWryHgH88GJg,cal
https://www.ubereats.com/san-francisco/food-delivery/best-coast-burritos-emeryville-ca/fHINarYaQ62tzY_h9yxm4g,cal
https://www.ubereats.com/san-francisco/food-delivery/mellana-cafe/qKHYBasWRmyLXHM0PUCmDw,cal
https://www.ubereats.com/san-francisco/food-delivery/drakes-dealership/cJuhFz2RQtOr-quDcAN1Jg,cal
https://www.ubereats.com/san-francisco/food-delivery/agrodolce-osteria/Bee_TW9jRqCvdJXyZfN4XA,cal
https://www.ubereats.com/san-francisco/food-delivery/spice-i-am/YRoPFAOjSPWDC4Z5ePOG5g,cal
https://www.ubereats.com/san-francisco/food-delivery/sliver-pizzeria-oakland/HLzX0wPbQgSgwMzYYYU6tw,cal
https://www.ubereats.com/san-francisco/food-delivery/honor-kitchen-%26-cocktails/uT13pknTQHuhwnsV4hI0CA,cal
https://www.ubereats.com/san-francisco/food-delivery/savemore-market-deli/shUdovsVT1O9iRWny6qz1A,cal
https://www.ubereats.com/san-francisco/food-delivery/krispy-krunchy-chicken/MRuMtb00TtyJiAeE3kHLeQ,cal
https://www.ubereats.com/san-francisco/food-delivery/happy-slice-pizza-oakland/AuembOf9RdOQnCKpepcrqg,cal
https://www.ubereats.com/san-francisco/food-delivery/cupcakin-bake-shop/W34BWeQoQFmq7Z9XAyBQNQ,cal
https://www.ubereats.com/san-francisco/food-delivery/au-coquelet/qneoyfcPTnytiqg_X4mhig,cal
https://www.ubereats.com/san-francisco/food-delivery/giin-thai-canteen/BoxKrh1vQa67AaPX4BXmlA,cal
https://www.ubereats.com/san-francisco/food-delivery/tai-san-restaurant/GDu3f9e0QXypoY_rW93YOg,cal
https://www.ubereats.com/san-francisco/food-delivery/nama-japanese-cuisine/fucDaakkRWyiriCV5CmsEg,cal
https://www.ubereats.com/san-francisco/food-delivery/judys-burger/UFhRarGFTWWinWk8zQ16DA,cal
https://www.ubereats.com/san-francisco/food-delivery/le-pho-vietnamese-restaurant/HY1QaoZxSSKduWGpnJRh3g,cal
https://www.ubereats.com/san-francisco/food-delivery/crepevine-berkeley/lJh-ByxcSau_oWtdt4gW6w,cal
https://www.ubereats.com/san-francisco/food-delivery/starbucks-marina-bay-%26-580/Q2ignrw9QdqgGT1PPuUN8Q,cal
https://www.ubereats.com/san-francisco/food-delivery/falafel-boy/KiZtk-k-Toug7iHzzYScbA,cal
https://www.ubereats.com/san-francisco/food-delivery/van-leeuwen-ice-cream-berkeley/m7EnDjCjQneJ_ywNNqKFQA,cal
https://www.ubereats.com/san-francisco/food-delivery/soul-provisions/pl_0KDu-RsK8zvjm6I-0iA,cal
https://www.ubereats.com/san-francisco/food-delivery/sheng-kee-bakery-berkley/VU0BBzYuSF2bf_M3IaoRdw,cal
https://www.ubereats.com/san-francisco/food-delivery/enssaro/2wFo7bp_Q5uKswHeG9y6ng,cal
https://www.ubereats.com/san-francisco/food-delivery/milky-way-coffee/J1lvyMYRSyuQpP6WSwd_mg,cal
https://www.ubereats.com/san-francisco/food-delivery/cha-ya-vegetarian-japanese-restaurant/DUTwHlwkT2uzqQpVgOHEWQ,cal
https://www.ubereats.com/san-francisco/food-delivery/zomsa/1FYUmdHvTrKi85U74dDkDQ,cal
https://www.ubereats.com/san-francisco/food-delivery/dennys-1776-powell-street/mGFe2PG3TYSCvYw7OmYYow,cal
https://www.ubereats.com/san-francisco/food-delivery/himalayan-tandoori-%26-curry-house/J8wRqdnkTTWTT1LX2Ty5GQ,cal
https://www.ubereats.com/san-francisco/food-delivery/hometown-donuts/KirTrWSRRT2qu0KL9TyfHw,cal
https://www.ubereats.com/san-francisco/food-delivery/mcdonalds-central-ave/KAEJvQ1UQF6V5Wupy1BSmA,cal
https://www.ubereats.com/san-francisco/food-delivery/panama-bay-coffee-co/tdcrZHZVQ_KUQKIw_aNzsg,cal
https://www.ubereats.com/san-francisco/food-delivery/blue-bottle-coffee-2001-franklin-street/zPvrIM6-TnOpD1eVjH2Q9A,cal
https://www.ubereats.com/san-francisco/food-delivery/basil-pizzeria/OuvmV955SKSEFZS8FeNmdw,cal
https://www.ubereats.com/san-francisco/food-delivery/hive-the-place-to-bee/zL0MRfXBTmyNbw-rRAzukA,cal
https://www.ubereats.com/san-francisco/food-delivery/sugata-japanese-restaurant/-QXXVIARS4OQ-Fxzp5ncRQ,cal
https://www.ubereats.com/san-francisco/food-delivery/kfc-4501-san-pablo-avenue/vSP7SOufRWKW2QxKU1HahQ,cal
https://www.ubereats.com/san-francisco/food-delivery/chipotle-mexican-grill-9901-san-pablo-ave/r4BkzzSNQQefeoeCQcUi8A,cal
https://www.ubereats.com/san-francisco/food-delivery/los-cerros-mexican-grill/gN9TLr4xTvGrKjhdmEkYjg,cal
https://www.ubereats.com/san-francisco/food-delivery/chatte-tea-%26-desserts/OCHbzsjMRQe7MrTWjJAaHQ,cal
https://www.ubereats.com/san-francisco/food-delivery/new-bamboo-kitchen/GWDIyu7FSvOk1D6WigMtRA,cal
https://www.ubereats.com/san-francisco/food-delivery/united-paleteria-y-neveria/iJ9huukLTxKkJR3CmiqeDw,cal
https://www.ubereats.com/san-francisco/food-delivery/chubby-pie-oakland/67I4ZNq4TMaWejMUTlNLOQ,cal
https://www.ubereats.com/san-francisco/food-delivery/masabaga/4yRHri5_SLK_B71uSJVyZg,cal
https://www.ubereats.com/san-francisco/food-delivery/yammy-sushi/qXm-CEFkQ8u7g1V3YhMdVA,cal
https://www.ubereats.com/san-francisco/food-delivery/the-noodle-house/2777gLwqTkeIKzL_gZSkXA,cal
https://www.ubereats.com/san-francisco/food-delivery/starbucks-estuary-cove-oakland/GS7iWHZQQxaAalZRNA1DcQ,cal
https://www.ubereats.com/san-francisco/food-delivery/grammies-down-home-chicken-%26-seafood/JZDLRGr2SyS09ukUaTuUNQ,cal
https://www.ubereats.com/san-francisco/food-delivery/mun-cheese-pizza-and-grill/c7UVcsxSTCyZgOjqmlFqew,cal
https://www.ubereats.com/san-francisco/food-delivery/the-star-on-park/z1AYVEjdS52LCD9K1FGbtg,cal
https://www.ubereats.com/san-francisco/food-delivery/nations-giant-hamburgers-san-pablo/MJRBTwoNSeaJAXZjMDlRLw,cal
https://www.ubereats.com/san-francisco/food-delivery/daol-tofu/IsrDEXKhQlu52xuL79BN9g,cal
https://www.ubereats.com/san-francisco/food-delivery/ahmad-kahala/pdYjHb3hT2e0gwayMIxhdQ,cal
https://www.ubereats.com/san-francisco/food-delivery/seasons-of-japan-berkeley/Ud6Os8mFRGSVjxAOfYXZuQ,cal
https://www.ubereats.com/san-francisco/food-delivery/venus-solano/h6Q-D1JsR8eva4txkVmd8g,cal
https://www.ubereats.com/san-francisco/food-delivery/hongkong-kitchen/9onLyiMdT3yvjgg2QslUVg,cal
https://www.ubereats.com/san-francisco/food-delivery/macaroni-grill-el-cerrito/KG8b1rFZSfybQtcknFcuyQ,cal
https://www.ubereats.com/san-francisco/food-delivery/gio-gelati/gKSvDl_6TluPUDjBqpg6OA,cal
https://www.ubereats.com/san-francisco/food-delivery/champa-garden/H8WzSJiXQJePyzv1RQQJaw,cal
https://www.ubereats.com/san-francisco/food-delivery/marufuku-ramen/ejgEClSCR8i0-CE0g9t4dA,cal
https://www.ubereats.com/san-francisco/food-delivery/panda-express-1151-40th-st/5y0qZDF-S8WXCs1a5Yn5Bg,cal
https://www.ubereats.com/san-francisco/food-delivery/chens-garden/L_IsTpMyTcezdqgXclLeHA,cal
https://www.ubereats.com/san-francisco/food-delivery/aisle-5-oakland/X4y5o4v6S0mXcTW1yXf8jQ,cal
https://www.ubereats.com/san-francisco/food-delivery/lake-chalet/sywBFpzyQ16x0j0SNnksFQ,cal
https://www.ubereats.com/san-francisco/food-delivery/sichuan-style-restaurant/u-Cb3e5xSH24URcKRh2zMw,cal
https://www.ubereats.com/san-francisco/food-delivery/chipotle-mexican-grill-1050-gilman-st/6YrVVt66R1eh87ufLv9JbQ,cal
https://www.ubereats.com/san-francisco/food-delivery/momo-noodle/62qpao9HRDyHISi7G1sV9Q,cal
https://www.ubereats.com/san-francisco/food-delivery/pizza-guys-san-pablo/6i0uTflhSK6eWLihJKtrNw,cal
https://www.ubereats.com/san-francisco/food-delivery/mountain-mikes-pizza-1830-webster-st/1Qd14fu6T3q0yqh8ep_CQA,cal
https://www.ubereats.com/san-francisco/food-delivery/brooklyns-finest-pizza/c7UNB8SIR3Oz_aL4FLvpag,cal
https://www.ubereats.com/san-francisco/food-delivery/pane-italiano-qualita/L5OgBVhMSuWlGHRJYlF4DA,cal
https://www.ubereats.com/san-francisco/food-delivery/los-cantaros-taqueria-emeryville-ca/lhzVwWt1TjeQwVOSLn7RKg,cal
https://www.ubereats.com/san-francisco/food-delivery/hancook/PzGX9ApgSaWrPg5C_5v55A,cal
https://www.ubereats.com/san-francisco/food-delivery/panama-bay-coffee-co/9dzk1cIkTGqnxElXnAgFww,cal
https://www.ubereats.com/san-francisco/food-delivery/southside-station/QWmsWbBNQ9qYeGzntp8_-A,cal
https://www.ubereats.com/san-francisco/food-delivery/mei-mei-restaurant/osa3c7TcTRuOATgI-G6UWw,cal
https://www.ubereats.com/san-francisco/food-delivery/rare-tea/dM_GtCGaRP-Jqaq3dFW-oQ,cal
https://www.ubereats.com/san-francisco/food-delivery/himalayan-flavors/TJJq_GvwQGOARlojNUH1-w,cal
https://www.ubereats.com/san-francisco/food-delivery/brazil-cafe/7PCx-b7oS_yjBJuJXxGUbQ,cal
https://www.ubereats.com/san-francisco/food-delivery/the-grilled-cheez-guy/Up2ml5qtSgCTMKwzCSl_7Q,cal
https://www.ubereats.com/san-francisco/food-delivery/jims-coffee-shop/TqQadSdqSuKVFnC5VO0U0g,cal
https://www.ubereats.com/san-francisco/food-delivery/royal-ground-coffee-house/cPeio1ETRjW0FPLXN285PQ,cal
https://www.ubereats.com/san-francisco/food-delivery/why-cook/4-Xb1f9qTMiM78rM1uea0g,cal
https://www.ubereats.com/san-francisco/food-delivery/carls-jr-3770-telegraph-ave/65IF872dQS-UEJE7_tRsGA,cal
https://www.ubereats.com/san-francisco/food-delivery/victory-point-cafe/m465BQsvRriqG_cx88Vd1A,cal
https://www.ubereats.com/san-francisco/food-delivery/cafe-umami-uptown/Qtjo-I15SQWojogfngqSCQ,cal
https://www.ubereats.com/san-francisco/food-delivery/tasty-pot-berkeley/qFSZKXu4SBOV8xIACtEQmg,cal
https://www.ubereats.com/san-francisco/food-delivery/monkey-thai/_GVpNOhfR5SQapVtVBH0qg,cal
https://www.ubereats.com/san-francisco/food-delivery/rojbas-grill/FmLBebGASGemaBO5S_q4cA,cal
https://www.ubereats.com/san-francisco/food-delivery/daryoush/MnU_s2sKTi2Z8qV8L-sb7Q,cal
https://www.ubereats.com/san-francisco/food-delivery/el-burro-picante/4WydfGnXTf2-s0IOYo31og,cal
https://www.ubereats.com/san-francisco/food-delivery/ajanta-restaurant/QZTtHy57TpGzS6mA7AbeYA,cal
https://www.ubereats.com/san-francisco/food-delivery/peony-seafood-restaurant/QEOk7p7BSverc0eLEzY47Q,cal
https://www.ubereats.com/san-francisco/food-delivery/dosa-by-dosa-emeryville/WXieoDUERmSQJ9FHIHU9Hg,cal
https://www.ubereats.com/san-francisco/food-delivery/bunbaocom-pleantea/INxfg4vVSHWGD2A4KliCtg,cal
https://www.ubereats.com/san-francisco/food-delivery/cancun-sabor-mexicano/x5IiVELrQ-qnd-amV1r21Q,cal
https://www.ubereats.com/san-francisco/food-delivery/anthonys-cookies-berkley/etg1WtPeSkancrTH0ANxGg,cal
https://www.ubereats.com/san-francisco/food-delivery/thai-delight-cuisine/bKgH0xKTTLqDeoRQh5pV_g,cal
https://www.ubereats.com/san-francisco/food-delivery/sams-log-cabin/Ojy03qvnRwmrxfX_dCOAqQ,cal
https://www.ubereats.com/san-francisco/food-delivery/yokee-milk-tea/-5cdyX3sTr28vl-aJfZGyA,cal
https://www.ubereats.com/san-francisco/food-delivery/vault-cafe-%26-restaurant/oiBmaAf_Ta6nmv1xt2X7OA,cal
https://www.ubereats.com/san-francisco/food-delivery/zing-cafe/ZCCIQoRERX6V-e9o_HQkwA,cal
https://www.ubereats.com/san-francisco/food-delivery/freshroll-vietnamese-rolls-%26-bowls/DSwFZDZxSP-4us2EnEoK9g,cal
https://www.ubereats.com/san-francisco/food-delivery/gims-chinese-kitchen/F25dexErQKW512d_j_I1nw,cal
https://www.ubereats.com/san-francisco/food-delivery/koryo-sushi/fXhdb3e4SxevWOqUYsUwLg,cal
https://www.ubereats.com/san-francisco/food-delivery/vegan-mob/ilO2qPkbSPiS1sNV7Jxw_g,cal
https://www.ubereats.com/san-francisco/food-delivery/caravaggio-gelateria-italiana/dDz6MjccSXCgTFaLO_QFhA,cal
https://www.ubereats.com/san-francisco/food-delivery/fusion-twist/jTyfrt58TaCItMHi0AK1tw,cal
https://www.ubereats.com/san-francisco/food-delivery/cafe-milano/pjO7U3OFRcCfQV0EyaxhSw,cal
https://www.ubereats.com/san-francisco/food-delivery/chipotle-mexican-grill-3518-mt-diablo-blvd-ste-f/K5PdG5PpQUWd1oPUEZPKgQ,cal
https://www.ubereats.com/san-francisco/food-delivery/montesacro-oakland/pR_bcstuRIixR93FT4mLNw,cal
https://www.ubereats.com/san-francisco/food-delivery/momo-masalas/gvv9hBFjQqW9-v937OsItQ,cal
https://www.ubereats.com/san-francisco/food-delivery/dozo-ramen/4lmQgTATQUqzLoGoZHNU5g,cal
https://www.ubereats.com/san-francisco/food-delivery/dara-thai-lao-cuisine/g5a5joOHSIWidtRsG8BBTw,cal
https://www.ubereats.com/san-francisco/food-delivery/tako-sushi/0fxdzkt6TfK3U35zirZHDw,cal
https://www.ubereats.com/san-francisco/food-delivery/flipside-burgers/EQuPP3kxQRyotGZkBSIidg,cal
https://www.ubereats.com/san-francisco/food-delivery/cafe-buenos-aires/1RU5kxn3Ssux7B7ssrWO5Q,cal
https://www.ubereats.com/san-francisco/food-delivery/bangkok-jam/C0MZdiqtQDanuOjfDoXRsw,cal
https://www.ubereats.com/san-francisco/food-delivery/flavia/yRuZ_S2ASiiB4qZv7qmWqQ,cal
https://www.ubereats.com/san-francisco/food-delivery/mountain-mikes-pizza-1516-fitzgerald-dr/33mF2s_0Q2uyrE0N4SZxSw,cal
https://www.ubereats.com/san-francisco/food-delivery/beverly-hills-platters/QbXfMxsfQcO7LTR9m1ZLvA,cal
https://www.ubereats.com/san-francisco/food-delivery/kimchi-garden/N6xOahNaQh6kA1d8tuSXoA,cal
https://www.ubereats.com/san-francisco/food-delivery/lotus-house/3itYnlIRR8CxT915SYOYKw,cal
https://www.ubereats.com/san-francisco/food-delivery/turkish-kitchen/4Pi1kOQvTH6bGelpqO2_9w,cal
https://www.ubereats.com/san-francisco/food-delivery/ying-kee/g4yMCR5nTYexFwUsldMn7Q,cal
https://www.ubereats.com/san-francisco/food-delivery/al-maida-hot-food/a7OPezGHT-CznNl-uvjePg,cal
https://www.ubereats.com/san-francisco/food-delivery/graffiti-pizza/D7ksbsgIQSKrlcpRuVyz5g,cal
https://www.ubereats.com/san-francisco/food-delivery/burger-king-12999-san-pablo-avenue/fch1LcaMSB2cW4DSLhnGdA,cal
https://www.ubereats.com/san-francisco/food-delivery/barbarian-pizza-bar/jv24YVsMQi-pMsb3JdCghw,cal
https://www.ubereats.com/san-francisco/food-delivery/burger-king-4424-broadway/kp8WQrf_QeyaMvuvRBeNPg,cal
https://www.ubereats.com/san-francisco/food-delivery/the-ice-cream-shop/uUYGmdFxQHqbZBJjxsRWng,cal
https://www.ubereats.com/san-francisco/food-delivery/kaze-ramen/f42rfWx6R5adRa7rc83D2Q,cal
https://www.ubereats.com/san-francisco/food-delivery/poke-bar-berkeley/8FiMXcoSRny-MZ-w0KRbsg,cal
https://www.ubereats.com/san-francisco/food-delivery/poke-life/3fRz28PzQQmQDl__mUImtQ,cal
https://www.ubereats.com/san-francisco/food-delivery/trap-kitchen-oakland/yrzrJ4SASzy5c_d6VDzPHw,cal
https://www.ubereats.com/san-francisco/food-delivery/the-halal-guys-2214-broadway/cmDGubBHTmW6TBJZXKPQrA,cal
https://www.ubereats.com/san-francisco/food-delivery/project-juice-berkeley/i_nDkFeoQ0673Ut1YnvYHA,cal
https://www.ubereats.com/san-francisco/food-delivery/isshin-ramen-house/Jpz3JMoCQ1C-XXLksMr5Rg,cal
https://www.ubereats.com/san-francisco/food-delivery/kims-cafe-%26-sandwiches/0Gd3rPXIRsGO-PxiffhqMg,cal
https://www.ubereats.com/san-francisco/food-delivery/granny-pannies-pancakes/zwZ9xCFnRQaXAQAXdReIpw,cal
https://www.ubereats.com/san-francisco/food-delivery/himalayan-curry-house/RQSz0b5HTEGJb_N7h7YBhw,cal
https://www.ubereats.com/san-francisco/food-delivery/mlk-cafe/elCN9mkrRCqDiVe8ATVpTA,cal
https://www.ubereats.com/san-francisco/food-delivery/excuse-my-french-toast/3AG2JLJiR6S38TWNSihLXw,cal
https://www.ubereats.com/san-francisco/food-delivery/mandarin-house/0uWlgbORS0qlMGRwSDbghQ,cal
https://www.ubereats.com/san-francisco/food-delivery/mcdonalds-11821-san-pablo/TyiUl9BlQimSC_yjc1tI7g,cal
https://www.ubereats.com/san-francisco/food-delivery/the-ice-cream-shop/lzfyUo4OS3G0CQZ18iIBbw,cal
https://www.ubereats.com/san-francisco/food-delivery/chengdu-style-restaurant-berkeley/OzpxdadLTfetJmKr9WGoQw,cal
https://www.ubereats.com/san-francisco/food-delivery/chicagos-pizza-with-a-twist-el-sobrante/N4wPGlf-Q5eKBW80vLORew,cal
https://www.ubereats.com/san-francisco/food-delivery/local-food-hall-berkeley/etVHhTdkRJSRyfOUfb_Xrg,cal
https://www.ubereats.com/san-francisco/food-delivery/lucias-pizzeria/2owV-B1-SUaVrC_--indPg,cal
https://www.ubereats.com/san-francisco/food-delivery/wendys-12201-san-pablo-avenue/wJ2YLle0TL62AD2_8tHAVA,cal
https://www.ubereats.com/san-francisco/food-delivery/mountain-mikes-pizza-504-center-st/7dHWccpcQbWwtfxyry-rwQ,cal
https://www.ubereats.com/san-francisco/food-delivery/cafe-umami/DjB_MqLjT1uD6Ujz1IkNtA,cal
https://www.ubereats.com/san-francisco/food-delivery/revival/8g9Rb67SRZGj2HCRIeKv8Q,cal
https://www.ubereats.com/san-francisco/food-delivery/subway-10398-san-pablo-ave/IlGMfI1kQ32v8NBktLlxow,cal
https://www.ubereats.com/san-francisco/food-delivery/crogans/TR7gAqtSS7Kcta58Q2O03w,cal
https://www.ubereats.com/san-francisco/food-delivery/peters-kettle-corn/KZ6Mt-vqRZml57BnDfpmaw,cal
https://www.ubereats.com/san-francisco/food-delivery/immortal-juice-co/TaGXfAeARlW7iBFOH0tFkw,cal
https://www.ubereats.com/san-francisco/food-delivery/wendys-5211-broadway/16E14EGDQa-Xt1M_8ISttw,cal
https://www.ubereats.com/san-francisco/food-delivery/thai-corner-express/_-mbQOglRFyUXYYNupAUbw,cal
https://www.ubereats.com/san-francisco/food-delivery/gios-pizza-and-bocce-berkeley/PKq88TXtSYyG8jbgUL48_g,cal
https://www.ubereats.com/san-francisco/food-delivery/proposition-chicken-oakland/uaTkjdh5RB6vHY_b_juiCA,cal
https://www.ubereats.com/san-francisco/food-delivery/quetzal-taqueria-and-antojitos/O2wcPNxwSKyAIBJZJN_TnA,cal
https://www.ubereats.com/san-francisco/food-delivery/la-quetzalteca/E-E1iLrGRJaBKHhBJlylAQ,cal
https://www.ubereats.com/san-francisco/food-delivery/bamboo-india-oakland/IYD7nWHES_KLY2jqcIK1HQ,cal
https://www.ubereats.com/san-francisco/food-delivery/abes-healthy-pizza-kitchen-berkeley/0HbxAIcQTnCVceJDL88dDQ,cal
https://www.ubereats.com/san-francisco/food-delivery/cali-alley/TA5qFqimRpOnyye67oe9tA,cal
https://www.ubereats.com/san-francisco/food-delivery/oyama-sushi-3651-mt-diablo-blvd/ipgHrEtST4y6FA5v6bU9LQ,cal
https://www.ubereats.com/san-francisco/food-delivery/top-dog/FiCdoQ73SDy2zCPBiEoT7w,cal
https://www.ubereats.com/san-francisco/food-delivery/state-side-cafe/m0wvi-dMQYGKHbpikEoQog,cal
https://www.ubereats.com/san-francisco/food-delivery/sushi-secrets/6au2fCYCRlW7RUB_KyLAdg,cal
https://www.ubereats.com/san-francisco/food-delivery/kfc-950-market-street/pTbYPjHLQaaQ5Qav39P4xg,cal
https://www.ubereats.com/san-francisco/food-delivery/the-burrito-truck/ZJu303Y7SgqddjseKT1ddg,cal
https://www.ubereats.com/san-francisco/food-delivery/qq-express-chinese-food/SzUdGLhQTFWZd24AjPzHwg,cal
https://www.ubereats.com/san-francisco/food-delivery/baan-thai-restaurant/44NNHDR_Sii-u54joUuAvg,cal
https://www.ubereats.com/san-francisco/food-delivery/we-sushi/4nHDHzpSShyFW8EQrZ7N1A,cal
https://www.ubereats.com/san-francisco/food-delivery/mcdonalds-richmond/5k3hQQIlSZGz-ZmEvz4qOQ,cal
https://www.ubereats.com/san-francisco/food-delivery/roam-artisan-burgers-uptown/QkmqPQ9BSiW6qETl2Mu3vA,cal
https://www.ubereats.com/san-francisco/food-delivery/between-the-bun/CqxW-LcqQhSyVIXiXKPOTA,cal
https://www.ubereats.com/san-francisco/food-delivery/bualuang-thai-cuisine/K54fe40CTTe0l7BF8p2-CA,cal
https://www.ubereats.com/san-francisco/food-delivery/glaze-teriyaki-grill-berkeley/jTeSmCUUSn6amKhADu9jXA,cal
https://www.ubereats.com/san-francisco/food-delivery/american-kitchen-lafayette/3L87pa7cQv2wL_w0t5g3Rg,cal
https://www.ubereats.com/san-francisco/food-delivery/moe-sushi-and-grill/heyq8m1ITIOyL4zR5UZ_DQ,cal
https://www.ubereats.com/san-francisco/food-delivery/perch-coffee-house/StZrBKatRqyNKqDxncf-SQ,cal
https://www.ubereats.com/san-francisco/food-delivery/antojitos-mexicanos-el-chiquilin/IfbLjb6ZR2CbpocdOKH3EQ,cal
https://www.ubereats.com/san-francisco/food-delivery/banh-mi-ni/Q50aO4aZR16T0qOGZ39X0A,cal
https://www.ubereats.com/san-francisco/food-delivery/cal-gyros-mediterranean-cuisine/RGEsZn5vSoW1-1AWHLfLig,cal
https://www.ubereats.com/san-francisco/food-delivery/mcdonalds-jackson-st/mqXdYXpERpG2iQVIdgBnEQ,cal
https://www.ubereats.com/san-francisco/food-delivery/curry-up-now-oakland/vRVZnU7ORN6YXSTF_Nx8NQ,cal
https://www.ubereats.com/san-francisco/food-delivery/sinatras-pizza/jGE_W4UeQGu4Sg82D0rv_A,cal
https://www.ubereats.com/san-francisco/food-delivery/telegraph/AoOjtsInTYGGeLsxuYcGtw,cal
https://www.ubereats.com/san-francisco/food-delivery/shirasoni-japanese-restaurant-alameda/riMUPDLjThGKzBn9kTRCMw,cal
https://www.ubereats.com/san-francisco/food-delivery/fountain-cafe/ei4aV2jRQpmGM0RiUP8xUA,cal
https://www.ubereats.com/san-francisco/food-delivery/kingkong-bbq-restaurant/S4vG1O9JR5q8tm4chMbXsg,cal
https://www.ubereats.com/san-francisco/food-delivery/yimm/slEGXPlASNWcuebpO9AGsA,cal
https://www.ubereats.com/san-francisco/food-delivery/poki-time-berkeley/-Wv2Lwk2RwuKMyf-kky96g,cal
https://www.ubereats.com/san-francisco/food-delivery/kfc-3400-foothill-boulevard/PXeThL_oStar8GbyXIctcg,cal
https://www.ubereats.com/san-francisco/food-delivery/china-pack-kitchen/wruxepAISj-yYetw9NMu0g,cal
https://www.ubereats.com/san-francisco/food-delivery/punjabi-dhaba/PUeByArwQBWnAF7ajD-dVw,cal
https://www.ubereats.com/san-francisco/food-delivery/duo-grill-house/Aib92CB8QHCKmU_8xzc68Q,cal
https://www.ubereats.com/san-francisco/food-delivery/mountain-mikes-pizza-10750-san-pablo-ave/s5FHDcLCRGic0RVvLWEq6Q,cal
https://www.ubereats.com/san-francisco/food-delivery/mr-pickles-sandwich-shop-el-cerrito/QOYitDwhRt2EFpSLXO6yDw,cal
https://www.ubereats.com/san-francisco/food-delivery/uc-dessert/-Yew1g3zTt6qtwi3qrCKYQ,cal
https://www.ubereats.com/san-francisco/food-delivery/nori-roll/KFkrMCFlQ7y9fuF5QCANsA,cal
https://www.ubereats.com/san-francisco/food-delivery/cauli-crust-pizza-co/mWcwTqZ8Qc-pnHumlQ7V2g,cal
https://www.ubereats.com/san-francisco/food-delivery/lemat-ethiopian-restaurant-and-cafe/N10fDmX8S0uTMT1fPUz3Gw,cal
https://www.ubereats.com/san-francisco/food-delivery/marugame-udon-berkeley/W23wlsNRR82FbsmRlgxF7A,cal
https://www.ubereats.com/san-francisco/food-delivery/sohos-new-york-pizza/zz9b_qs_QLmgU2-DLlQ4MQ,cal
https://www.ubereats.com/san-francisco/food-delivery/koja-kitchen-berkeley/ZrouBODYQKymFAJIADEwmA,cal
https://www.ubereats.com/san-francisco/food-delivery/togos-1929-broadway-alameda-ca/fEvlrnNRQLCkYgBG95ToXQ,cal
https://www.ubereats.com/san-francisco/food-delivery/thank-u-mex/EjSTBVkaTdWMnznvGDClKg,cal
https://www.ubereats.com/san-francisco/food-delivery/koja-kitchen-emeryville/j9Q-exO4SyWaTTJMFqL9EQ,cal
https://www.ubereats.com/san-francisco/food-delivery/almare-gelato-italiano/lBn4AIK7RLaju7zgg_BOkw,cal
https://www.ubereats.com/san-francisco/food-delivery/savory-kitchen/loNFwGqfS9WaCqsN94YTug,cal
https://www.ubereats.com/san-francisco/food-delivery/causwells-berkeley/_VCJZ_tAQhiOZ9lIR7SEsw,cal
https://www.ubereats.com/san-francisco/food-delivery/dyar-mediterranean-cuisine/rQRbK7iDT1aIQsom4Ic5NQ,cal
https://www.ubereats.com/san-francisco/food-delivery/jotmahal/8eZbIQKvTtq-UHOew4s2kg,cal
https://www.ubereats.com/san-francisco/food-delivery/las-cabanas-mexican-grill-%26-taqueria/pyNGh6nyQe6NrG7rTS3Cmw,cal
https://www.ubereats.com/san-francisco/food-delivery/papa-johns-pizza-east-12th-street/-D5K2z2iTU27pFZ_VpkVPQ,cal
https://www.ubereats.com/san-francisco/food-delivery/churchs-chicken-4155-telegraph-avenue/lENYUP7sSO2_SJ9tbhY0OA,cal
https://www.ubereats.com/san-francisco/food-delivery/mountain-mikes-pizza-4870-telegraph-ave/iSsrtDM9QkitjkyNNSUtkg,cal
https://www.ubereats.com/san-francisco/food-delivery/rubys-cafe/GUKUUJ2WR_Geuosv9VDIKg,cal
https://www.ubereats.com/san-francisco/food-delivery/pizzaiolo/23edb3rzQa-bmArAvCS-Xw,cal
https://www.ubereats.com/san-francisco/food-delivery/sams-crispy-chicken-oakland/CCjeHRPlS6O0f5DKa2wkOQ,cal
https://www.ubereats.com/san-francisco/food-delivery/nations-giant-hamburgers-alameda/vgIlODi3QaeUy-uEjXKrzw,cal
https://www.ubereats.com/san-francisco/food-delivery/in-the-wood/WVt0SVA4T0CLiWP7-wdfAw,cal
https://www.ubereats.com/san-francisco/food-delivery/fortune-cookie/eHk6_C9_ShCOZwKP6MAxlQ,cal
https://www.ubereats.com/san-francisco/food-delivery/panda-express-3608-mt-diablo-blvd/Knnfjh4wTLumADv6jXs3jQ,cal
https://www.ubereats.com/san-francisco/food-delivery/3-seasons-thai-bistro/JwLXG6KlTdqqCDLIX9IX6w,cal
https://www.ubereats.com/san-francisco/food-delivery/lynn-and-lus-escapade-cafe/pOC1xOTeQkSPY90xxk9dRw,cal
https://www.ubereats.com/san-francisco/food-delivery/menchies-frozen-yogurt-1862-euclid-ave/8YY7zu8oQl2GksMvPFVLCg,cal
https://www.ubereats.com/san-francisco/food-delivery/off-the-griddle/VKkuzKW0QxiJDDvz7RDOjw,cal
https://www.ubereats.com/san-francisco/food-delivery/james-and-the-giant-cupcake/Vg0ytgXKRcKLnDpbS-bMHg,cal
https://www.ubereats.com/san-francisco/food-delivery/nicos-hideaway/T_xmmErOT2a4qBUdPRkdfw,cal
https://www.ubereats.com/san-francisco/food-delivery/vitality-bowls-1625-shattuck-ave/DcYWzw97RFS9mKpDnBIoWg,cal
https://www.ubereats.com/san-francisco/food-delivery/mrfivepercentmore/i5liwJYjT_6_7QhIyGMKMw,cal
https://www.ubereats.com/san-francisco/food-delivery/pacific-lighthouse-restaurant/2B2c1pmlSIWjHQMNwInGlw,cal
https://www.ubereats.com/san-francisco/food-delivery/oori-rice-triangles-college-ave/OYTiAF9SSRq-fTHimkQ_kQ,cal
https://www.ubereats.com/san-francisco/food-delivery/the-golden-squirrel/IZX2QfJnSNKrjKU-CxcWDA,cal
https://www.ubereats.com/san-francisco/food-delivery/nations-giant-hamburgers-orinda/D9bkPmu7Q8257jRE71pzlA,cal
https://www.ubereats.com/san-francisco/food-delivery/humphry-slocombe-ice-cream-berkeley/SWGxo7jMSdyav3Nk9Rj6Hw,cal
https://www.ubereats.com/san-francisco/food-delivery/orchid-pavillion-cafe/uolO8EW8T9KvjXUvIn8jkg,cal
https://www.ubereats.com/san-francisco/food-delivery/great-wall-chinese-restaurant/VRT3otJqQyO5GnEHorgJUw,cal
https://www.ubereats.com/san-francisco/food-delivery/oori-rice-triangles/2ggJ14ycTge_WnqNDSDCRg,cal
https://www.ubereats.com/san-francisco/food-delivery/smitten-ice-cream-rockridge/CU6q9wN0Qb2kX9Zkyuf_lg,cal
https://www.ubereats.com/san-francisco/food-delivery/bollywood-cafe/O00imz8MSrGMjSGcaJATSg,cal
https://www.ubereats.com/san-francisco/food-delivery/homegrown-oakland/anXz1apLRxq0OQRNVKamSw,cal
https://www.ubereats.com/san-francisco/food-delivery/sizzler-1515-fitzgerald-dr/QmDCRXpgRr6DoYoycBJx4Q,cal
https://www.ubereats.com/san-francisco/food-delivery/roadside-rotisserie/7vrZ0BxURtWmPSrw59dzBA,cal
https://www.ubereats.com/san-francisco/food-delivery/j%26b-halal-foods/YmrkYrqjS62r6wpsK5QnKg,cal
https://www.ubereats.com/san-francisco/food-delivery/cool!naria/huKT0zX2Tma36DyWKyBKmg,cal
https://www.ubereats.com/san-francisco/food-delivery/berkeley-thai-house/2VBkDTd7Tc6ZQuTtcuwN2g,cal
https://www.ubereats.com/san-francisco/food-delivery/panda-express-500-12th-street-b132/kqJVpI4PSt-bRffYkmDRYQ,cal
https://www.ubereats.com/san-francisco/food-delivery/tgi-oni-sushi/WjpipxMuRP-PZ_9a3n4KBA,cal
https://www.ubereats.com/san-francisco/food-delivery/the-italian-homemade-company-berkeley/gyYpWxeiSuGugUR3SAj_tg,cal
https://www.ubereats.com/san-francisco/food-delivery/everest-kitchen/NIWGRlDaQH24bNmOgRzK3A,cal
https://www.ubereats.com/san-francisco/food-delivery/mien-tay-restaurant/Xj9hvSJ8S7C2_mh5UNgz9A,cal
https://www.ubereats.com/san-francisco/food-delivery/jules-thin-crust/oC7xwAtmQP6nYR71HtPgxQ,cal
https://www.ubereats.com/san-francisco/food-delivery/cafe-teatro/6eZH-BcTQoKWeg7HXlEWqg,cal
https://www.ubereats.com/san-francisco/food-delivery/a16-rockridge/VVYdJNtySMidS_RTOTocmg,cal
https://www.ubereats.com/san-francisco/food-delivery/quick-bite/Jsm39d1sTL289iOoxZA0-w,cal
https://www.ubereats.com/san-francisco/food-delivery/lacajou-bakery/STuykOzhSWm1STpKRbClPQ,cal
https://www.ubereats.com/san-francisco/food-delivery/papa-johns-pizza-oakland/eRgHv7dQR4u8430fimKVrw,cal
https://www.ubereats.com/san-francisco/food-delivery/albany-taproom/cexrzI4mRme9ycT7LPF_Kw,cal
https://www.ubereats.com/san-francisco/food-delivery/dosirak-shop/j436TtljT2Sq4Ip1DfmURQ,cal
https://www.ubereats.com/san-francisco/food-delivery/nicos-1508/t0EPD0bnTVu2Nr8yHBTYyw,cal
https://www.ubereats.com/san-francisco/food-delivery/vietnam-grille/I2CtzQGLSfO3Zvz0Xe6UCA,cal
https://www.ubereats.com/san-francisco/food-delivery/pho-craze/WQDdKP-xSBW6_8NRwkH9Gg,cal
https://www.ubereats.com/san-francisco/food-delivery/organic-greens/YKMf-QEdRsW2cFsZSwridw,cal
https://www.ubereats.com/san-francisco/food-delivery/red-tomato-pizza-house/0ZXRCzG6RIOvWifDvH5DJw,cal
https://www.ubereats.com/san-francisco/food-delivery/nations-giant-hamburgers-berkeley/4FLnu0tcTF-u_Pc0ud9qtA,cal
https://www.ubereats.com/san-francisco/food-delivery/barneys-gourmet-hamburgers-solano/lC0fyB8NRxiKFm82xo8Cfg,cal
https://www.ubereats.com/san-francisco/food-delivery/bear-claw-bakery/Y-7HTyX7Ssm-CLlkXngbcQ,cal
https://www.ubereats.com/san-francisco/food-delivery/bangkok-thai-cuisine/PldKVpGORYej-4zwyO_-UQ,cal
https://www.ubereats.com/san-francisco/food-delivery/the-ice-cream-shop/3VEOWFwWTRyJxlfIHDpN_Q,cal
https://www.ubereats.com/san-francisco/food-delivery/vegan-india/-uW-AlmhQOKubc7aLn-Zvw,cal
https://www.ubereats.com/san-francisco/food-delivery/chipotle-mexican-grill-3017-broadway/7ZpHjH29RF2tbBGz6-wfBA,cal
https://www.ubereats.com/san-francisco/food-delivery/the-junket/gJz2Z4ixQZO7yRka4zev6g,cal
https://www.ubereats.com/san-francisco/food-delivery/bongo-burger-southside/V_XupUzASainwIBf1IHNEw,cal
https://www.ubereats.com/san-francisco/food-delivery/jasmine-blossom-thai-cuisine/m916NTcrRuObEcmnC1gLtA,cal
https://www.ubereats.com/san-francisco/food-delivery/sliver-pizzeria-telegraph/erNp5lIfQEGC8cAzDlpDsw,cal
https://www.ubereats.com/san-francisco/food-delivery/sabuy-sabuy2-thai-cuisine/LWT_O2hrRXGwxNoMCiAkBw,cal
https://www.ubereats.com/san-francisco/food-delivery/spices-noodle-house/TL9DgF3MTgucdvV4Onp55A,cal
https://www.ubereats.com/san-francisco/food-delivery/biryani-tika-kabab/xuy2WvCaQ0ivJLxqwwB5Vg,cal
https://www.ubereats.com/san-francisco/food-delivery/the-star-on-grand/uSaF3fVcTWiyFststO72yw,cal
https://www.ubereats.com/san-francisco/food-delivery/shogun-japanese-sushi-%26-grill/YE2h_qK_R6GHF1t1VMZAvg,cal
https://www.ubereats.com/san-francisco/food-delivery/symas-mexican-grill/NaU9KiKHRw-Z7aReKBR9OQ,cal
https://www.ubereats.com/san-francisco/food-delivery/helping-foods/mGNvoBZyRpufR_I6nRKDbQ,cal
https://www.ubereats.com/san-francisco/food-delivery/gai-barn-thai-soul-food/CMpiaQLKQCOMZr0X-m2FRA,cal
https://www.ubereats.com/san-francisco/food-delivery/urbann-turbann/l66lfVh1SmeSduuzHRdGzQ,cal
https://www.ubereats.com/san-francisco/food-delivery/starbucks-orinda-theatre-square/6ZisbL83Qk-5KoP0v2LTiQ,cal
https://www.ubereats.com/san-francisco/food-delivery/the-ice-cream-shop/AiFaqrg9THeOYee6s22ebQ,cal
https://www.ubereats.com/san-francisco/food-delivery/the-gastropig/ht8gJPC8QN2tQD_TyJVVuA,cal
https://www.ubereats.com/san-francisco/food-delivery/lavender-bakery-%26-cafe/pt7K8-hMQzCLOrEoh-XWyg,cal
https://www.ubereats.com/san-francisco/food-delivery/la-penca-azul-1440-park-st-alameda-california-94501/huQEXpCqQ1GF2fFKsoNoIQ,cal
https://www.ubereats.com/san-francisco/food-delivery/little-gem-belgian-waffles/NudH10inQZ2Lq4Bif6GEEw,cal
https://www.ubereats.com/san-francisco/food-delivery/fresh-and-best-cafe-2/SYrNr4HHRHyyC5B7m5B7jQ,cal
https://www.ubereats.com/san-francisco/food-delivery/bag-o-crab/S2wy2B-BTXaCIh4eScVqdA,cal
https://www.ubereats.com/san-francisco/food-delivery/krispy-krunchy-chicken-richmond-3/DxgHEdK1T2WKQKVBZi2wzA,cal
https://www.ubereats.com/san-francisco/food-delivery/uncle-wongs-restaurant/Ea0jqTfmS72Sz_6XxwJ1lQ,cal
https://www.ubereats.com/san-francisco/food-delivery/souley-vegan/S8HKUc4FRa6j1LmTBXh93w,cal
https://www.ubereats.com/san-francisco/food-delivery/binney-park/u_3l0NSNSCOG3NteavWFAg,cal
https://www.ubereats.com/san-francisco/food-delivery/mistura-rotisserie/NzK587NqTEC2S9V9MK0xwQ,cal
https://www.ubereats.com/san-francisco/food-delivery/ijo-izakaya/F8l3vAmaSwKhTRgiT1oWJg,cal
https://www.ubereats.com/san-francisco/food-delivery/shelbys/SGkOZgcwRwGg-AGJiYEpZg,cal
https://www.ubereats.com/san-francisco/food-delivery/artichoke-basilles-pizza-berkeley/q9MqBNdBS02VrIILGmWRIw,cal
https://www.ubereats.com/san-francisco/food-delivery/taco-bell-6900-bancroft-ave/xjiRBQ_dSsq0ZJMJzZCf8g,cal
https://www.ubereats.com/san-francisco/food-delivery/starbucks-broadway-%26-30th/psN_z3X-SvabFtZRct7avQ,cal
https://www.ubereats.com/san-francisco/food-delivery/starbucks-san-pablo-%26-fairmount-el-cerrito/07KhzCwKQl2hxD2f5xRubQ,cal
https://www.ubereats.com/san-francisco/food-delivery/oasis-food-market/oMhM_aXUSreUO0j88Z1tpw,cal
https://www.ubereats.com/san-francisco/food-delivery/ikes-love-and-sandwiches-shattuck/PBmhz2udTTqzGFj9DBJmSg,cal
https://www.ubereats.com/san-francisco/food-delivery/amicis-east-coast-pizzeria-berkeley/oT1Hs-aASgK_QGz2TRaFSA,cal
https://www.ubereats.com/san-francisco/food-delivery/cafe-romanat/3cdOCOHHSNatpMoK1hhDOw,cal
https://www.ubereats.com/san-francisco/food-delivery/barneys-gourmet-hamburgers-piedmont/PVqDdPtaRmqEr10Hu6adUQ,cal
https://www.ubereats.com/san-francisco/food-delivery/third-culture-bakery/nFsEe9HoRJCW26-I3J3-yw,cal
https://www.ubereats.com/san-francisco/food-delivery/crepevine-rockridge/sAQj47EfSbKZK-teSiJe4w,cal
https://www.ubereats.com/san-francisco/food-delivery/fentons-creamery-%26-restaurant-piedmont/_zBdYK17ROGrv4z8leS6xw,cal
https://www.ubereats.com/san-francisco/food-delivery/teni-east-kitchen/oGRCPjTXTGOFkjHe4qs6gw,cal
https://www.ubereats.com/san-francisco/food-delivery/louisiana-famous-fried-chicken-oakland/DxGmvKCORgmwwHqibYvMwA,cal
https://www.ubereats.com/san-francisco/food-delivery/eat%40thai/2uf7P1mJTT67MNvuSh8Biw,cal
https://www.ubereats.com/san-francisco/food-delivery/egg-the-f*-out/Hd6oIhdXS-iRPBPWe5H89Q,cal
https://www.ubereats.com/san-francisco/food-delivery/natures-hotline-soulfood-cafe/fI3ypA_5QD2gfaKrljG5hA,cal
https://www.ubereats.com/san-francisco/food-delivery/tashidelek-cuisine/e_BIaZylSze3Lh7oGUow_Q,cal
https://www.ubereats.com/san-francisco/food-delivery/friend-fries/9VDi0fdLSPK7X9CSmfvyUA,cal
https://www.ubereats.com/san-francisco/food-delivery/chipotle-mexican-grill-2696-pinole-valley-rd/A107R-hMTmGvvrzH12Q4SQ,cal
https://www.ubereats.com/san-francisco/food-delivery/papis-pizza-roma/GXXVp_GPTZauLKeaw6542A,cal
https://www.ubereats.com/san-francisco/food-delivery/toss-noodle-bar/NTIdlc1JT8WtEwFN1Dp9Kg,cal
https://www.ubereats.com/san-francisco/food-delivery/fish-%26-bird-sousaku-izakaya/jgiunOmST9WS8DjYFKENBg,cal
https://www.ubereats.com/san-francisco/food-delivery/cafe-of-the-bay/b0MFIcNTSD6NV1wKXAeUEA,cal
https://www.ubereats.com/san-francisco/food-delivery/taco-bell-1900-webster/8PrYpSRISK2ypmfatHzOsA,cal
https://www.ubereats.com/san-francisco/food-delivery/churchs-chicken-11575-san-pablo-avenue/dICUiK2TTnGh_wWYKcIMww,cal
https://www.ubereats.com/san-francisco/food-delivery/bobby-gs-pizzeria/qPp8gQqMRgir6Dcvs2u3Pw,cal
https://www.ubereats.com/san-francisco/food-delivery/plearn-thai/MXd2dbc8TS-w8Af1ePoa_g,cal
https://www.ubereats.com/san-francisco/food-delivery/razans-organic-kitchen/ojqCEhYaRqqlN0DEk6BDoA,cal
https://www.ubereats.com/san-francisco/food-delivery/el-mono-%7C-fresh-flavors-of-peru/n-67xP2nTd614gPiK0a4tw,cal
https://www.ubereats.com/san-francisco/food-delivery/cornology-usa/5Z2sN2F8R1aiGkNGA_eS6g,cal
https://www.ubereats.com/san-francisco/food-delivery/the-halal-guys-2126-center-st-berkeley-ca/yuUmh6wbSi2yEMlduHIXoQ,cal
https://www.ubereats.com/san-francisco/food-delivery/grazzy-burgers/Z0O5xcr9TSWz8xCprz_wRg,cal
https://www.ubereats.com/san-francisco/food-delivery/chile-jalapeno-taqueria/0NRq6TUTTxq0_EtsCf4QMA,cal
https://www.ubereats.com/san-francisco/food-delivery/saeeds-market-%26-deli/qqu9V0iLT22GI1rhMvl-9g,cal
https://www.ubereats.com/san-francisco/food-delivery/poke-zone/EIgQ2_SiRDiEMLC7TWzyUQ,cal
https://www.ubereats.com/san-francisco/food-delivery/subway-1105-university-ave/0vk4K2CMRrKEL7fzGWLo3w,cal
https://www.ubereats.com/san-francisco/food-delivery/zarris-delicatessan/dXMxvthyQIWRFVFOr5f-Nw,cal
https://www.ubereats.com/san-francisco/food-delivery/steves-korean-bbq/6JSZLa5PSgq2HA_eNcgBYg,cal
https://www.ubereats.com/san-francisco/food-delivery/lbs-barbaque/kuBIAXmbQfGFlQd44eWJmg,cal
https://www.ubereats.com/san-francisco/food-delivery/starbucks-2nd-%26-broadway/RNqhuErmQTey9ZWDWtIxfA,cal
https://www.ubereats.com/san-francisco/food-delivery/riceful-onigiri/g75zipcMSZKXejVKRgvPQg,cal
https://www.ubereats.com/san-francisco/food-delivery/maison-bleue-cafe-bistro/XRWbdxpbQVe01RXMNI0SrA,cal
https://www.ubereats.com/san-francisco/food-delivery/happy-hour-pizza/7303Ei9NTbCndQ0T0IYgkA,cal
https://www.ubereats.com/san-francisco/food-delivery/seniores-pub/xa-MdxR8SnGVtmUazy4WzQ,cal
https://www.ubereats.com/san-francisco/food-delivery/chevys-1890-powell-street/4bviE2V7STy560U3X9ltRg,cal
https://www.ubereats.com/san-francisco/food-delivery/taqueria-sinaloa/eSUa3z1ET8ug7-hPO8X-kQ,cal
https://www.ubereats.com/san-francisco/food-delivery/the-deli-and-grill/X3Ln8Gt3Tc-ZIrr8KOh9BQ,cal
https://www.ubereats.com/san-francisco/food-delivery/poke-salad/x9-7ECEVRuCrSL5oaACe7Q,cal
https://www.ubereats.com/san-francisco/food-delivery/the-habit-burger-grill-5108-broadway-suite-k105/bZtmxBaqQt2zgCZeXC5itg,cal
https://www.ubereats.com/san-francisco/food-delivery/china-live-signatures-berkeley/zcNO5uqIQgO-TLUdXkVAgw,cal
https://www.ubereats.com/san-francisco/food-delivery/annapurna-restaurant-%26-bar/Dh09IMMJQE-AbEqZ6j9IRg,cal
https://www.ubereats.com/san-francisco/food-delivery/ob-town-chicken/eHdtOIynRASZ3BcaT5oTGA,cal
https://www.ubereats.com/san-francisco/food-delivery/red-mango-5609-bay-st/IzBcBQftRGawFM91GejtxA,cal
https://www.ubereats.com/san-francisco/food-delivery/boston-market-5132-broadway/iRFlSkEtTIKuEdhT2NEObA,cal
https://www.ubereats.com/san-francisco/food-delivery/koryo-jajang/3Pl9oB7VT56vIDUgv0VPXQ,cal
https://www.ubereats.com/san-francisco/food-delivery/cream-berkeley/uVtgD4cRQhipNGUFSx52iQ,cal
https://www.ubereats.com/san-francisco/food-delivery/queens-cajun-seafood/-hojn7LKTiWWPEOs2_9sJw,cal
https://www.ubereats.com/san-francisco/food-delivery/northside-cafe/EHY8SSfGRXOg9poDreGBaw,cal
https://www.ubereats.com/san-francisco/food-delivery/naan-n-curry-oakland/nXNvmF8nQgmmTbixLVfI4A,cal
https://www.ubereats.com/san-francisco/food-delivery/filippos/HMS39zgNTc-waLbrrPTX6w,cal
https://www.ubereats.com/san-francisco/food-delivery/copper-spoon/vUeTxDRhSNaahDK2CM4q5A,cal
https://www.ubereats.com/san-francisco/food-delivery/ddc-cafe/I1tGMMcnSTCe6hXGgviaXg,cal
https://www.ubereats.com/san-francisco/food-delivery/sumiko-cafe/gPSI4j3cTk-l5iRWwvg2EQ,cal
https://www.ubereats.com/san-francisco/food-delivery/brasil-bistro/9-g6zpo3Q4-joeduA7d6Dw,cal
https://www.ubereats.com/san-francisco/food-delivery/ultimate-grounds-et-al-coffee-%26-tea/ht3_U8AZSpq2GDoYILyVgw,cal
https://www.ubereats.com/san-francisco/food-delivery/baiano-pizzeria-berkeley/er4URj75TDyQOF8XArDI-g,cal
https://www.ubereats.com/san-francisco/food-delivery/home-of-chicken-and-waffles/69N5WNgATQm0S2rWi8ugLQ,cal
https://www.ubereats.com/san-francisco/food-delivery/ben-%26-jerrys-2130-center-street/eUaBW21gTKa53KTKUyBtiA,cal
https://www.ubereats.com/san-francisco/food-delivery/brazil-cafe-berkeley-llc/69p5qY30R3q1RWhIow0rgA,cal
https://www.ubereats.com/san-francisco/food-delivery/la-christas-cafe/ZHfhhQYPSQaD5IOfrVEGMQ,cal
https://www.ubereats.com/san-francisco/food-delivery/mcdonalds-telegraph-ave/nf_exyiKQEmtZ5X7RbsDOQ,cal
https://www.ubereats.com/san-francisco/food-delivery/eureka!-berkeley/3y8qrlQITfGunTXURT3TxQ,cal
https://www.ubereats.com/san-francisco/food-delivery/firehouse-subs-alameda/h5c8umDgT5SrdjpkNEuThQ,cal
https://www.ubereats.com/san-francisco/food-delivery/sushi-island/Z3acgQsLRZWGkSzZE8IYLw,cal
https://www.ubereats.com/san-francisco/food-delivery/nations-giant-hamburgers-el-cerrito/BRfAcJJXRfyZoX_Y8HU0MQ,cal
https://www.ubereats.com/san-francisco/food-delivery/blue-bottle-coffee-2118-university-avenue/u2r_pghFTxaD-DhUufktoQ,cal
https://www.ubereats.com/san-francisco/food-delivery/streetside-by-dosa-berkeley/EMWTpUDdSQmqoUXAalGz4Q,cal
https://www.ubereats.com/san-francisco/food-delivery/el-pollo-loco-2506-international-blvd3480/SSzqwZIIQV2ek9CopfbN6w,cal
https://www.ubereats.com/san-francisco/food-delivery/house-of-curries/Xu9HpvmnTtCvsFvOaakI6w,cal
https://www.ubereats.com/san-francisco/food-delivery/city-center-pizzeria/HxEpIy-EQYqI7QgZ9TDi6w,cal
https://www.ubereats.com/san-francisco/food-delivery/cafe-dejena/pqHNFqIzSWSZq372Q0gluw,cal
https://www.ubereats.com/san-francisco/food-delivery/asmara-restaurant-oakland/plX0njhUQTuRp3C9cuDy_w,cal
https://www.ubereats.com/san-francisco/food-delivery/panera-1525-40th-street/DEJvGxcwScyFei1grrkpdg,cal
https://www.ubereats.com/san-francisco/food-delivery/sideshow-kitchen/ATYWRlbuSfezw7SqBj1Mwg,cal
https://www.ubereats.com/san-francisco/food-delivery/touch-of-soul/E1gREMImT3eMEuogrGqt-g,cal
https://www.ubereats.com/san-francisco/food-delivery/thai-basil-cuisine/XgcWB_3MQo-AFGxIRb-gvA,cal
https://www.ubereats.com/san-francisco/food-delivery/qs-halal-chicken/ovnZVat6TQSkEdVZWg2f3g,cal
https://www.ubereats.com/san-francisco/food-delivery/himalayan-spice/N0btt1rSTUmjcPvlrdPK6Q,cal
https://www.ubereats.com/san-francisco/food-delivery/krispy-krunchy-chicken/ABkqQ4BNTr2OmUiLMBWJiw,cal
https://www.ubereats.com/san-francisco/food-delivery/ma-la-zui-tasty-bowl/aP7vgIVMQlOVzo0V4nxAqA,cal
https://www.ubereats.com/san-francisco/food-delivery/la-vals-pizza/mF0kZE-LT3-QoCdOSG4kYg,cal
https://www.ubereats.com/san-francisco/food-delivery/sushi-go-go-alameda/_oQ3-ZSJSRm1Hgq69LIBpw,cal
https://www.ubereats.com/san-francisco/food-delivery/chipotle-mexican-grill-3271-lakeshore-ave/zIypd5XLSOq6pyOJFCLuSA,cal
https://www.ubereats.com/san-francisco/food-delivery/nells-house/YjrZy5PARP-fkOHLhZZ-kg,cal
https://www.ubereats.com/san-francisco/food-delivery/twins-halal-house-and-bakery/DKY3t_XUTSOnpDNy-DGv6g,cal
https://www.ubereats.com/san-francisco/food-delivery/delhi-diner/c_LletboR1GcXq91MFKNYA,cal
https://www.ubereats.com/san-francisco/food-delivery/molcajete-restaurant/LwFhTNMjRmmyVqPL3TCKQQ,cal
https://www.ubereats.com/san-francisco/food-delivery/the-ice-cream-shop/TzA_s33YRyGQ0ePgjb6CzQ,cal
https://www.ubereats.com/san-francisco/food-delivery/honey-baked-ham-oakland/18z_HNHLR9SfT3MDbQ4axQ,cal
https://www.ubereats.com/san-francisco/food-delivery/jack-in-the-box-2197-san-pablo-ave/zKunsim5Q7a6fiXl2-IBPg,cal
https://www.ubereats.com/san-francisco/food-delivery/dream-fluff-donuts/3vCDzD2HRLCwwGBn3bK8Hw,cal
