url,city
https://www.ubereats.com/philadelphia/food-delivery/night-kitchen-bakery-and-cafe/agR9NqiVTBWc1ST-ZG_WzA,oreland-pennsylvania
https://www.ubereats.com/philadelphia/food-delivery/first-watch-abington/tMwBvhuvSX2V3PsEw6oC-g,oreland-pennsylvania
https://www.ubereats.com/philadelphia/food-delivery/subway-willow-grove/fTlnEm3dRPKEKN3g3hS5Hg,oreland-pennsylvania
https://www.ubereats.com/philadelphia/food-delivery/dunkin-6620-n-broad-st/K-Kzh4CDRLKVkhn2eP5Tdg,oreland-pennsylvania
https://www.ubereats.com/philadelphia/food-delivery/panda-express-2385-cheltenham-avenue/R385PA3UQAC6C7Sxzcwm4A,oreland-pennsylvania
https://www.ubereats.com/philadelphia/food-delivery/warminster-west-diner-%26-restaurant/18r0Bh7zSc-K7am4gEf69w,oreland-pennsylvania
https://www.ubereats.com/philadelphia/food-delivery/lemoncello/9fGoJvLpT3u3yFFRn3JlIA,oreland-pennsylvania
https://www.ubereats.com/philadelphia/food-delivery/8-brothers-meat-market-%26-deli/DbXAxK0aTW6aTtVPhUw16w,oreland-pennsylvania
https://www.ubereats.com/philadelphia/food-delivery/hanas-kitchen-%26-pizzeria/eaNO1v9nQKyEBaEumUUu9g,oreland-pennsylvania
https://www.ubereats.com/philadelphia/food-delivery/wendys-415-easton-rd/LLrqbSiTTYSzv9pMAT9q3g,oreland-pennsylvania
https://www.ubereats.com/philadelphia/food-delivery/seafood-temptation/DHt-JpH1SMisYSYWspZfhg,oreland-pennsylvania
https://www.ubereats.com/philadelphia/food-delivery/ben-%26-irvs-delicatessen/Oj1nR5KFQfKqBtbr9SAKZw,oreland-pennsylvania
https://www.ubereats.com/philadelphia/food-delivery/wadsworth-pizzeria/8elcBhatQlCOth5fQ5tm3w,oreland-pennsylvania
https://www.ubereats.com/philadelphia/food-delivery/south-philly-italian-kitchen/VMl6U_k_TFq_oO0O7AknaA,oreland-pennsylvania
https://www.ubereats.com/philadelphia/food-delivery/hotpot-cuisine/YepCssz4T3Oo4QqCBTKddQ,oreland-pennsylvania
https://www.ubereats.com/philadelphia/food-delivery/kumo-asian-bistro-1460-bethlehem-pike/4-nDjwh_QXy2o_ZngIApDw,oreland-pennsylvania
https://www.ubereats.com/philadelphia/food-delivery/holy-macaroni/5xJjYA_GTWSy1607fZ7_7g,oreland-pennsylvania
https://www.ubereats.com/philadelphia/food-delivery/the-juice-room/Luos7EsNRLaNOInQhrNUow,oreland-pennsylvania
https://www.ubereats.com/philadelphia/food-delivery/sams-pizza-and-bistro/_zXd-6UlRlqmhu0deZ7Brg,oreland-pennsylvania
https://www.ubereats.com/philadelphia/food-delivery/takka-grill-and-shrimpies/QSmBP1rsSZGlx1tk2cxDtQ,oreland-pennsylvania
https://www.ubereats.com/philadelphia/food-delivery/jersey-mikes-subs-horsham-rd-%26-norristown-rd/murYTp0oTTmVKhE2F7wnSQ,oreland-pennsylvania
https://www.ubereats.com/philadelphia/food-delivery/mckinley-market/3PszCByZRZCOPb-W1-29CQ,oreland-pennsylvania
https://www.ubereats.com/philadelphia/food-delivery/dunkin-2-township-line-rd/beONL0_KQ7e8-UqWh_1Wgg,oreland-pennsylvania
https://www.ubereats.com/philadelphia/food-delivery/ritas-of-lansdale/JYDfVzEsTDuFBlG1Q-ebLA,oreland-pennsylvania
https://www.ubereats.com/philadelphia/food-delivery/firebirds-wood-fired-grill-1220-bethlehem-pike/ewt5vtziSFibdJiyNmc9EA,oreland-pennsylvania
https://www.ubereats.com/philadelphia/food-delivery/primohoagies-51-bethlehem-pike/HUWYt-MJSpG1ahbn_M_PHg,oreland-pennsylvania
https://www.ubereats.com/philadelphia/food-delivery/smileys-soul-food-catering/pO_wQCrmQECyrG97iNZuKw,oreland-pennsylvania
https://www.ubereats.com/philadelphia/food-delivery/perkins-restaurant-%26-bakery-warminster/2oY_DR_iTai-SPFcmv3amQ,oreland-pennsylvania
https://www.ubereats.com/philadelphia/food-delivery/cold-stone-3001-w-cheltenham-ave/R2ZWfU1sTESHD6_RGtahwQ,oreland-pennsylvania
https://www.ubereats.com/philadelphia/food-delivery/food-from-the-heart/djzIzzMZQbatu_ey7mfIgA,oreland-pennsylvania
https://www.ubereats.com/philadelphia/food-delivery/lai-lai-garden/-vRpwaCsRN-710_vw1SiJw,oreland-pennsylvania
https://www.ubereats.com/philadelphia/food-delivery/primohoagies-1650-limekiln-pike/bTLVohTOQkiK5HM-5igxrQ,oreland-pennsylvania
https://www.ubereats.com/philadelphia/food-delivery/dunkin-1821-bethlehem-pike/BqaWmEOISqCIm2zJJG6bxA,oreland-pennsylvania
https://www.ubereats.com/philadelphia/food-delivery/the-persian-grille-hatboro/Y9A41pllTc6XS2_e5dAZvQ,oreland-pennsylvania
https://www.ubereats.com/philadelphia/food-delivery/zoup!-eatery-970-dekalb-pike/mjISkfk6R9edoR54Wju_yA,oreland-pennsylvania
https://www.ubereats.com/philadelphia/food-delivery/applebees-1745-easton-road/4OGaD4EuQ8-YjnlT9MeT9g,oreland-pennsylvania
https://www.ubereats.com/philadelphia/food-delivery/costa-steaks/nrK1pymiS6KcR-1GVBpLUQ,oreland-pennsylvania
https://www.ubereats.com/philadelphia/food-delivery/macaronis/yAsbPvhDR2O8M2m8m2wadg,oreland-pennsylvania
https://www.ubereats.com/philadelphia/food-delivery/hibachi-grill-and-buffet/FKsMnSavSiS1jibA4Q6-7A,oreland-pennsylvania
https://www.ubereats.com/philadelphia/food-delivery/wawa-0156-106-bethlehem-pike-%26-penn-ave/EthxxAokSa-IOzkxAC-0og,oreland-pennsylvania
https://www.ubereats.com/philadelphia/food-delivery/hunan-wok/NKyW34WUSaW0M9CK8fX57g,oreland-pennsylvania
https://www.ubereats.com/philadelphia/food-delivery/elevation-burger-willow-grove/YCrE5hqLQVGjs2KyZH1S5A,oreland-pennsylvania
https://www.ubereats.com/philadelphia/food-delivery/cold-stone-4013-welsh-road/VrsxcxfAT12GBVtCpa4gyA,oreland-pennsylvania
https://www.ubereats.com/philadelphia/food-delivery/papa-johns-york-rd/AJRgB76WToaH60ZI7vD7Xg,oreland-pennsylvania
https://www.ubereats.com/philadelphia/food-delivery/chef-ariqs-spot/ax71pAmgRiunAaZqxtRyFQ,oreland-pennsylvania
https://www.ubereats.com/philadelphia/food-delivery/whitpain-tavern/Imy38k81RgKkuLoop0kxfw,oreland-pennsylvania
https://www.ubereats.com/philadelphia/food-delivery/outback-steakhouse-411-doylestown-road/BkDXIUuATe2QUfkQbFftqw,oreland-pennsylvania
https://www.ubereats.com/philadelphia/food-delivery/fountainside/T9MbHx3jT3auQPTCLB4OVQ,oreland-pennsylvania
https://www.ubereats.com/philadelphia/food-delivery/applebees-323-old-york-rd/Xg826uD4Srm_SzCBH3Pv_w,oreland-pennsylvania
https://www.ubereats.com/philadelphia/food-delivery/red-lobster-640-cowpath-road/3M1_sAxCQSKzfhPrqX-shg,oreland-pennsylvania
https://www.ubereats.com/philadelphia/food-delivery/the-bop-shop/i12jwV6AQ1658vR9Z_e0Ew,oreland-pennsylvania
https://www.ubereats.com/philadelphia/food-delivery/indian-grill-bethlehem-pike/QPHdyMIIR4iSOMd187RwjA,oreland-pennsylvania
https://www.ubereats.com/philadelphia/food-delivery/smoothie-time/OMarP7aDQhqjLQekhf4nuw,oreland-pennsylvania
https://www.ubereats.com/philadelphia/food-delivery/benihana-500-w-germantown-pike/8YKiLj2sQ9yh7Ck5T0MN8g,oreland-pennsylvania
https://www.ubereats.com/philadelphia/food-delivery/el-bochinche-restaurant/LTI3OixxS6yttwuulCYQIw,oreland-pennsylvania
https://www.ubereats.com/philadelphia/food-delivery/dunkin-371-e-butler-ave/DriAM07mRBa9F14543W6Wg,oreland-pennsylvania
https://www.ubereats.com/philadelphia/food-delivery/mod-pizza-warrington/h17_IiXAS96yp5CxQ8AzkA,oreland-pennsylvania
https://www.ubereats.com/philadelphia/food-delivery/absurd-bird/kmpMv_D3Q-CPWKR-Tu4gZw,oreland-pennsylvania
https://www.ubereats.com/philadelphia/food-delivery/hibachi-of-jenkintown/XViJ35cWR22Lv1cj-_e6pA,oreland-pennsylvania
https://www.ubereats.com/philadelphia/food-delivery/boston-market-1776-old-york-road/0whafL0hRwGH6o4TQTB1Gw,oreland-pennsylvania
https://www.ubereats.com/philadelphia/food-delivery/turning-point-of-warrington/llGjNc5ERFi7sbaXqT6NlQ,oreland-pennsylvania
https://www.ubereats.com/philadelphia/food-delivery/stenton-pizza-and-grill/QZu6TjONQqiaV8j5BHmSLQ,oreland-pennsylvania
https://www.ubereats.com/philadelphia/food-delivery/outback-steakhouse-610-old-york-road/afo0PHPqStybgteLv_nqPQ,oreland-pennsylvania
https://www.ubereats.com/philadelphia/food-delivery/lucky-7-fried-chicken/Q6kq7689TBe3W-BoqjRhBA,oreland-pennsylvania
https://www.ubereats.com/philadelphia/food-delivery/smokey-bandit-barbecue/fv8edljYS9KZQhVpDNpf5Q,oreland-pennsylvania
https://www.ubereats.com/philadelphia/food-delivery/vk-breakfast/fqdm5bbKTc-bKQUkZskWmQ,oreland-pennsylvania
https://www.ubereats.com/philadelphia/food-delivery/tropical-smoothie-cafe-2401-cheltenham-avenue/JuQP7cifQBOumDqLF1D3zA,oreland-pennsylvania
https://www.ubereats.com/philadelphia/food-delivery/wing-squad-huntingdon-valley/UrdqnPkyTEeeWiDuDaEMzQ,oreland-pennsylvania
https://www.ubereats.com/philadelphia/food-delivery/ritas-italian-ice/iThdVm_8QmOP6MJN9Gs5YQ,oreland-pennsylvania
https://www.ubereats.com/philadelphia/food-delivery/mcdixons-burgers-shakes-%26-fries/WQeaePRMRXymuDr6bDhhcA,oreland-pennsylvania
https://www.ubereats.com/philadelphia/food-delivery/classic-sub-shop-and-pizza/NYUtXqr2T3uBVbXW6Yc7pA,oreland-pennsylvania
https://www.ubereats.com/philadelphia/food-delivery/manhattan-bagel-north-wales/IlAxHuFqT2qowRka9Lf8FA,oreland-pennsylvania
https://www.ubereats.com/philadelphia/food-delivery/boston-market-18-e-germantown-pk/S9KrlenbQm2TC8z6_pm-gg,oreland-pennsylvania
https://www.ubereats.com/philadelphia/food-delivery/wingstop-3001-e-cheltenham-ave/yJuEXBVXQSKx7izrOF25BA,oreland-pennsylvania
https://www.ubereats.com/philadelphia/food-delivery/bridgets-steakhouse/XY2-sOR3R8aNjYfNxkTH9g,oreland-pennsylvania
https://www.ubereats.com/philadelphia/food-delivery/filas-pizza/KslVkjNXRU2au-GaR8qHfQ,oreland-pennsylvania
https://www.ubereats.com/philadelphia/food-delivery/corner-bakery-cafe-100-welsh-rd/XbFtpIakSx6gucYxJCHs9w,oreland-pennsylvania
https://www.ubereats.com/philadelphia/food-delivery/don-chile-mexican-restaurant/dVwpKsuKQKGcx7I3FPJIBg,oreland-pennsylvania
https://www.ubereats.com/philadelphia/food-delivery/tgi-fridays-659-willow-grove-pa/wzFCt7YFQL6Nhnyce4yhsQ,oreland-pennsylvania
https://www.ubereats.com/philadelphia/food-delivery/wendys-733-huntingdon-pike/aG8Za1sVTyStCibnegjrCg,oreland-pennsylvania
https://www.ubereats.com/philadelphia/food-delivery/pronto-uno-pizza/F5bOnvYqRgmmrupXqqLSag,oreland-pennsylvania
https://www.ubereats.com/philadelphia/food-delivery/palace-of-asia-pa/Uhlq9fxeQOmt1Pt9OwdDUQ,oreland-pennsylvania
https://www.ubereats.com/philadelphia/food-delivery/giuseppe-pizza-and-family-restaurant/Bxuoo-iPRXyx4SsQnm96Iw,oreland-pennsylvania
https://www.ubereats.com/philadelphia/food-delivery/saladworks-plymouth-square/i326cBeGTvGMeUbs-vvulQ,oreland-pennsylvania
https://www.ubereats.com/philadelphia/food-delivery/bbq-chicken-north-wales-pa/Z7OFHedfTOieA1qkJnhowg,oreland-pennsylvania
https://www.ubereats.com/philadelphia/food-delivery/dim-sum-factory/CW2mdtRTQOaC3vFliIRHQg,oreland-pennsylvania
https://www.ubereats.com/philadelphia/food-delivery/starbucks-jenkintown/YkCOSb-9Q5-Q3AzNjHwkAQ,oreland-pennsylvania
https://www.ubereats.com/philadelphia/food-delivery/east-cuisine/b820L-CxTAaDCPKY2xX3TQ,oreland-pennsylvania
https://www.ubereats.com/philadelphia/food-delivery/little-jimmies-bakery-cafe/SHOajmu6RuuhQ7TF5HWkPA,oreland-pennsylvania
https://www.ubereats.com/philadelphia/food-delivery/m%26j-market-%26-deli/lK2hsSZzR_KJtRU-DHEvjA,oreland-pennsylvania
https://www.ubereats.com/philadelphia/food-delivery/guate-gualan-restaurant/r-VlmlfGTqunMFruuvAcsg,oreland-pennsylvania
https://www.ubereats.com/philadelphia/food-delivery/saladworks-cafe-east-norriton/jsmbZS4OSiiusAfPcMtKuw,oreland-pennsylvania
https://www.ubereats.com/philadelphia/food-delivery/dunkin-1325-e-washington-ln/MSUarorPQf-A5SylrooWlg,oreland-pennsylvania
https://www.ubereats.com/philadelphia/food-delivery/pf-changs-721-easton-rd/F2qADMHmRxa5mM4wbBnPXg,oreland-pennsylvania
https://www.ubereats.com/philadelphia/food-delivery/buffalo-wild-wings-201-easton-rd-ste-118/do7W6UQwRNmBu0eNXGaOAA,oreland-pennsylvania
https://www.ubereats.com/philadelphia/food-delivery/roberts-block/VKDZ4tweQAurbDt8kp8fGw,oreland-pennsylvania
https://www.ubereats.com/philadelphia/food-delivery/dunkin-6191-ridge-ave/kkTk9twIS62QUMv9xnyp6Q,oreland-pennsylvania
https://www.ubereats.com/philadelphia/food-delivery/poke-snack-shack/fVoeMUp6TV-V8dnp8PDIOg,oreland-pennsylvania
https://www.ubereats.com/philadelphia/food-delivery/california-pizza-kitchen-514-w-germantown-pike/T583JHv4QXq-BHlQSM_uDw,oreland-pennsylvania
https://www.ubereats.com/philadelphia/food-delivery/taco-bell-931-n-wales-rd/SI3aSwNgSEOEWyjVMqE3jA,oreland-pennsylvania
https://www.ubereats.com/philadelphia/food-delivery/chill-on-the-hilll/gb5Pc0QCS_Clwtc263IFug,oreland-pennsylvania
https://www.ubereats.com/philadelphia/food-delivery/cj-%26-ecks/-gF8Rc23T3a7BN7uhkptDw,oreland-pennsylvania
https://www.ubereats.com/philadelphia/food-delivery/tipico-restaurant/PwoLpHqITUuub7OLY8IYTQ,oreland-pennsylvania
https://www.ubereats.com/philadelphia/food-delivery/fingers-wings-%26-other-things/3EEqSmRoR-SxTBlQCRnX4w,oreland-pennsylvania
https://www.ubereats.com/philadelphia/food-delivery/saladworks-wyncote/AwVcI-xRRHOQoTHTQVy_ZA,oreland-pennsylvania
https://www.ubereats.com/philadelphia/food-delivery/wendys-6001-n-broad-st/C5EypfSfTWCyN7NMXcKyug,oreland-pennsylvania
https://www.ubereats.com/philadelphia/food-delivery/thai-kuu/55wecmueRgaJhx__hZvpLA,oreland-pennsylvania
https://www.ubereats.com/philadelphia/food-delivery/queen-pizza/DPQF69SpRt-cp8hZzkfnHQ,oreland-pennsylvania
https://www.ubereats.com/philadelphia/food-delivery/el-cerrito-mexican-cuisine/oN1Ar8HJR3ypQMhb_MQBMA,oreland-pennsylvania
https://www.ubereats.com/philadelphia/food-delivery/soul-kitchen-5935/CExlBdRMQzCPNl9qWuKFow,oreland-pennsylvania
https://www.ubereats.com/philadelphia/food-delivery/new-zem-zem-pizza/f1eBo4roQE27329db2VSEQ,oreland-pennsylvania
https://www.ubereats.com/philadelphia/food-delivery/winstons-cuisine/LzYrRw2YSB6Cz-ZNtcf8wg,oreland-pennsylvania
https://www.ubereats.com/philadelphia/food-delivery/dunkin-8250-ogontz-ave/RSIgn655R6qvyJhgGtOQgw,oreland-pennsylvania
https://www.ubereats.com/philadelphia/food-delivery/manhattan-bagel-warrington/rpsEKQOPTRyNRoxjZEq9Gw,oreland-pennsylvania
https://www.ubereats.com/philadelphia/food-delivery/relish/yjjJaZqwQ2q0eXh3ImJwQA,oreland-pennsylvania
https://www.ubereats.com/philadelphia/food-delivery/aji-sushi-take-out/C85D4ZeSReieIjjSKeDLTQ,oreland-pennsylvania
https://www.ubereats.com/philadelphia/food-delivery/pizza-slob/_Iv90bpJS5qBNS2A2hZXkQ,oreland-pennsylvania
https://www.ubereats.com/philadelphia/food-delivery/flip-city-shakes/CtlB9oxRR0O4-ePaaQVamw,oreland-pennsylvania
https://www.ubereats.com/philadelphia/food-delivery/dunkin-1055-york-rd/8sboEEj4RF-1_42KUPX6Nw,oreland-pennsylvania
https://www.ubereats.com/philadelphia/food-delivery/the-pizza-box/BHkWJ_7bS-mSwfH9GfUZDg,oreland-pennsylvania
https://www.ubereats.com/philadelphia/food-delivery/oreland-pizza/gKL1wmVtRAmaxn1jodnWHA,oreland-pennsylvania
https://www.ubereats.com/philadelphia/food-delivery/grill-n-dutchy/ENrrQI6DTqynev3iAMIgpw,oreland-pennsylvania
https://www.ubereats.com/philadelphia/food-delivery/mister-ricks/qzcbNcZiREW3tkSDhEtmUg,oreland-pennsylvania
https://www.ubereats.com/philadelphia/food-delivery/the-ice-cream-shop/nOS9xjjvQAGHCcJtWDcU_A,oreland-pennsylvania
https://www.ubereats.com/philadelphia/food-delivery/jamils-cafe/DOU6effKTimcY7iCGowbiQ,oreland-pennsylvania
https://www.ubereats.com/philadelphia/food-delivery/jamils-cafe/ptiK2Mt4S1WuIKsh2Wv7dw,oreland-pennsylvania
https://www.ubereats.com/philadelphia/food-delivery/caspian-grille/EPCxOIJiTBKK7iqgcD7X6A,oreland-pennsylvania
https://www.ubereats.com/philadelphia/food-delivery/turning-point-of-north-wales/UQW3LyJISviGz9t46lgdZg,oreland-pennsylvania
https://www.ubereats.com/philadelphia/food-delivery/normas-caribbean-cuisine/QVMEdAgfSdawhZEDA7HruQ,oreland-pennsylvania
https://www.ubereats.com/philadelphia/food-delivery/freddys-street-food/rlCEJckuTuqH4ocNFcnh7g,oreland-pennsylvania
https://www.ubereats.com/philadelphia/food-delivery/seorabol-korean-restaurant/uuRS5R1ySE2G_MdTFI03-w,oreland-pennsylvania
https://www.ubereats.com/philadelphia/food-delivery/namaste-indian-bistro/o_j8QX8iTDqLDUn0zjnquQ,oreland-pennsylvania
https://www.ubereats.com/philadelphia/food-delivery/taste-queen-restaurant/300saCkvTXik6zpgJp3kmg,oreland-pennsylvania
https://www.ubereats.com/philadelphia/food-delivery/kfc-161-w-chelten-ave/n-Fv9Nd1QHmz_A15wKU4bQ,oreland-pennsylvania
https://www.ubereats.com/philadelphia/food-delivery/gaya-restaurant/rbREfeIjT5GYHcNPcw04MQ,oreland-pennsylvania
https://www.ubereats.com/philadelphia/food-delivery/provecho-mexican-grill/y7pvHWh2QNmqzZh_8yJyMw,oreland-pennsylvania
https://www.ubereats.com/philadelphia/food-delivery/new-star-chinese/Xna2Gr1JRaCnvJ36BrerUA,oreland-pennsylvania
https://www.ubereats.com/philadelphia/food-delivery/ritas-italian-ice-1527-bethlehem-pike/TqU39PS4TcitTMLyXFJygQ,oreland-pennsylvania
https://www.ubereats.com/philadelphia/food-delivery/saladworks-8500-henry-avenue-store-%2329/LOP0WxawTWi0Yw6NL01LCA,oreland-pennsylvania
https://www.ubereats.com/philadelphia/food-delivery/wawa-8063-201-york-rd/_1-45jVdTWeygltbybStgg,oreland-pennsylvania
https://www.ubereats.com/philadelphia/food-delivery/bullseye-burger-house/WUrfFVeHSueKQIUXAA85Sw,oreland-pennsylvania
https://www.ubereats.com/philadelphia/food-delivery/ristorante-castello/S5XTRc7yTg-vtGaAC5yBpQ,oreland-pennsylvania
https://www.ubereats.com/philadelphia/food-delivery/sum-pig/c7dmYB3IRUON76H2ntM0Rw,oreland-pennsylvania
https://www.ubereats.com/philadelphia/food-delivery/kfc-716-adams-ave/DVa9i8KPSCqSniWD55maoQ,oreland-pennsylvania
https://www.ubereats.com/philadelphia/food-delivery/lees-hoagie-house/Uk9K-t_mQxixZf6FpU9Syw,oreland-pennsylvania
https://www.ubereats.com/philadelphia/food-delivery/pats-place/hw3Bk0fyT36NhBltZgNCJw,oreland-pennsylvania
https://www.ubereats.com/philadelphia/food-delivery/ogontz-kitchen-chinese-restaurant/JGkiOrBHSWyJDqWNua3u4w,oreland-pennsylvania
https://www.ubereats.com/philadelphia/food-delivery/ritas-of-ambler-100-e-butler-ave/GiCdCsnrQHCxYstIlkUaJQ,oreland-pennsylvania
https://www.ubereats.com/philadelphia/food-delivery/harvest-seasonal-grill-%26-wine-bar-north-wales/nloa3Ul0SXC-1zRBpObs_A,oreland-pennsylvania
https://www.ubereats.com/philadelphia/food-delivery/pancheros-mexican-grill-1105-n-bethlehem-pike/XTJ_u42pQSCspdEnm_mTnA,oreland-pennsylvania
https://www.ubereats.com/philadelphia/food-delivery/village-deli/BKt6igSBRLiPu4m38_h5qw,oreland-pennsylvania
https://www.ubereats.com/philadelphia/food-delivery/popeyes-cheltenham-ave/nLjtV41OQFerVASXreHiYQ,oreland-pennsylvania
https://www.ubereats.com/philadelphia/food-delivery/rice-and-curry/wG7xX15XT1-4nZ9337sglg,oreland-pennsylvania
https://www.ubereats.com/philadelphia/food-delivery/tommy-ds/PmBk8LThRTeaTcPg9hKxEQ,oreland-pennsylvania
https://www.ubereats.com/philadelphia/food-delivery/wing-spot/dljF6ceORyad0Gh3C1ONkw,oreland-pennsylvania
https://www.ubereats.com/philadelphia/food-delivery/izumi/QyQ9DO4UTsOAs95mb6si8w,oreland-pennsylvania
https://www.ubereats.com/philadelphia/food-delivery/kitchen-bar/cSUewXVIRGqYvdNExNvhNQ,oreland-pennsylvania
https://www.ubereats.com/philadelphia/food-delivery/taco-bell-430-york-rd/_mik6oYzToik9YXDmtRYxQ,oreland-pennsylvania
https://www.ubereats.com/philadelphia/food-delivery/mcdonalds-phil-oxford/IoplHUo-S3KnSJmUpG788g,oreland-pennsylvania
https://www.ubereats.com/philadelphia/food-delivery/ritas-of-elkins-park/4-27wSWvR3atTXXf1C-o7Q,oreland-pennsylvania
https://www.ubereats.com/philadelphia/food-delivery/wing-squad-plymouth-meeting/fKIN6pHLR3CERMErlDbi-Q,oreland-pennsylvania
https://www.ubereats.com/philadelphia/food-delivery/knishes-%26-dishes/wwf-Kn8QTm-a0dYIqbwRaw,oreland-pennsylvania
https://www.ubereats.com/philadelphia/food-delivery/dunkin-1109-bethlehem-pike/kn9h8Q3qTi-MxCaQOqDuGw,oreland-pennsylvania
https://www.ubereats.com/philadelphia/food-delivery/crown-fried-chicken-6051-n-5th-st/na3glqi7Q9WXLuzTbg3VBg,oreland-pennsylvania
https://www.ubereats.com/philadelphia/food-delivery/kays-kitchen/RIhlx6wcR7OFZmKPX-ohbA,oreland-pennsylvania
https://www.ubereats.com/philadelphia/food-delivery/maggios/P-C4D4RjTUSID-WN6uIp_Q,oreland-pennsylvania
https://www.ubereats.com/philadelphia/food-delivery/cracker-barrel-old-country-store-2095-gallagher-road/ZOSXNHNJQLGt-y4facW0ww,oreland-pennsylvania
https://www.ubereats.com/philadelphia/food-delivery/2-in-one-cafe/tLG17UzOTXmAI7PV6D2esg,oreland-pennsylvania
https://www.ubereats.com/philadelphia/food-delivery/pf-changs-510-germantown-pike/xVOEsbk9S4Cf6HiVrQGj4Q,oreland-pennsylvania
https://www.ubereats.com/philadelphia/food-delivery/dunkin-618-welsh-rd/thBRf6BTRb6bDY6mso7X-A,oreland-pennsylvania
https://www.ubereats.com/philadelphia/food-delivery/asian-cafe/iiAlY_NORNe_f2YDXloOhg,oreland-pennsylvania
https://www.ubereats.com/philadelphia/food-delivery/lemon-grass/UVqIRFDMSPq7pTGm97n2tA,oreland-pennsylvania
https://www.ubereats.com/philadelphia/food-delivery/victorias-kitchen-%26-catering/gqdilMcoTN-Euh_iDZHEaw,oreland-pennsylvania
https://www.ubereats.com/philadelphia/food-delivery/dairy-queen-treat-622-welsh-rd/ra-VM1yzTl6D9A0V_fGVqQ,oreland-pennsylvania
https://www.ubereats.com/philadelphia/food-delivery/delhi-woks/6HRZjQp_TBC44qjUEWwVtw,oreland-pennsylvania
https://www.ubereats.com/philadelphia/food-delivery/sip-station/Pu2SHwNTRm-aogProM4X7g,oreland-pennsylvania
https://www.ubereats.com/philadelphia/food-delivery/randazzos-pizzeria-welsh-rd/UjTl-YjJT-6H8jnpKZGoeQ,oreland-pennsylvania
https://www.ubereats.com/philadelphia/food-delivery/yummy-house/gL0fg8_7TtyWTvDI6Vk1Hg,oreland-pennsylvania
https://www.ubereats.com/philadelphia/food-delivery/side-of-the-road-jerk-chicken/AARWBss8RRquqEWIHqas-w,oreland-pennsylvania
https://www.ubereats.com/philadelphia/food-delivery/kfc-7350-oxford-avenue/4r595nUIR_SNFq7qql7uXw,oreland-pennsylvania
https://www.ubereats.com/philadelphia/food-delivery/tonys-place-bar-%26-grille/9GeVnXAvRherjP4ZRiAysA,oreland-pennsylvania
https://www.ubereats.com/philadelphia/food-delivery/primohoagies-272-north-keswick-ave-frnt/k38stKnDT6ibEK9Qm2koYA,oreland-pennsylvania
https://www.ubereats.com/philadelphia/food-delivery/dunkin-1035-easton-rd/C2jH4b_nTAaWx5Gn8FQlaw,oreland-pennsylvania
https://www.ubereats.com/philadelphia/food-delivery/cafe-cabana/TSXwaq5ZTF-1w4EZgOfypQ,oreland-pennsylvania
https://www.ubereats.com/philadelphia/food-delivery/lucky-star-asian-cuisine/K8nFtE4gSrmS2GE76MP-bQ,oreland-pennsylvania
https://www.ubereats.com/philadelphia/food-delivery/phillys-finest-pizza/1guQXql7REGiNuUEZyfJ8A,oreland-pennsylvania
https://www.ubereats.com/philadelphia/food-delivery/ban-ban-asian-bistro/UT3d03oeRt2gFR9n_yQzEg,oreland-pennsylvania
https://www.ubereats.com/philadelphia/food-delivery/saffron-indian-kitchen-ambler/w9DcU2DmR9aBDh2WNN7j9Q,oreland-pennsylvania
https://www.ubereats.com/philadelphia/food-delivery/el-rinconcito-restaurant-adams/eT3FKf3-Qmu7b0Mbz8_SCg,oreland-pennsylvania
https://www.ubereats.com/philadelphia/food-delivery/tj-smiths/lwbfX3q3SXmQSLFzeGf7cg,oreland-pennsylvania
https://www.ubereats.com/philadelphia/food-delivery/the-pizza-pasta-house-ii/1hNTVjjXTKmwgHjzpfGi5A,oreland-pennsylvania
https://www.ubereats.com/philadelphia/food-delivery/wendys-2441-w-cheltenham-avenue/-UgVGXbJQt-tTwuiY4b-pQ,oreland-pennsylvania
https://www.ubereats.com/philadelphia/food-delivery/buutchiis-grille-llc/NX-aB4KtS4mVIkjogTI0_w,oreland-pennsylvania
https://www.ubereats.com/philadelphia/food-delivery/galaxy-pizza/A-6yz45yR0eEZ0nWdsSDJQ,oreland-pennsylvania
https://www.ubereats.com/philadelphia/food-delivery/taco-bell-7855-oxford-ave/dqjDyJkPRGm1qnEt__0EGA,oreland-pennsylvania
https://www.ubereats.com/philadelphia/food-delivery/red-lion-diner-%26-cafe-llc/M4hMDldsSM-NVFIcREytvw,oreland-pennsylvania
https://www.ubereats.com/philadelphia/food-delivery/saladworks-huntingdon-valley/ITAMk1W7SXmhZJpmIu70Eg,oreland-pennsylvania
https://www.ubereats.com/philadelphia/food-delivery/churned-main-street-pizzeria-and-grille-plymouth-meeting/9aYA0YksS_C3ru2PynNdNA,oreland-pennsylvania
https://www.ubereats.com/philadelphia/food-delivery/qdoba-200-w-ridge-pike/FwriiDOPTzWJOO2e-FNq-w,oreland-pennsylvania
https://www.ubereats.com/philadelphia/food-delivery/tasteful-sensations-seafood-%26-soul-food/3UvR7_1AQtu3Gbze7jPBgg,oreland-pennsylvania
https://www.ubereats.com/philadelphia/food-delivery/301-bonefish-grill-1015-easton-rd/Fbl-vaOuRkWPY4Pyv1TJXw,oreland-pennsylvania
https://www.ubereats.com/philadelphia/food-delivery/corfu-pizza/eM9FtwAGSkCTuQthzS-aGg,oreland-pennsylvania
https://www.ubereats.com/philadelphia/food-delivery/dunkin-1630-e-wadsworth-ave/9nXvme29T6CPWVjcA8rteA,oreland-pennsylvania
https://www.ubereats.com/philadelphia/food-delivery/vic-sushi-%26-thai-cuisine/l0n8ZfeNQL2EfLN8mFFdFQ,oreland-pennsylvania
https://www.ubereats.com/philadelphia/food-delivery/leilas-restaurant-%26-bar/ccYGWV1-TsWvZMYNfbr1pw,oreland-pennsylvania
https://www.ubereats.com/philadelphia/food-delivery/pearls-caribbean-and-soul-cuisine/6pOD0Z2tRjqehSQHzimojw,oreland-pennsylvania
https://www.ubereats.com/philadelphia/food-delivery/%40ramen/Co2ViZe_S7yfWtp8fu_U7g,oreland-pennsylvania
https://www.ubereats.com/philadelphia/food-delivery/nile-cafe/MKRQE5jRQ4qmnG27WaMfgw,oreland-pennsylvania
https://www.ubereats.com/philadelphia/food-delivery/the-lucky-well/BcmMn0UqT3Sh-g4hh-j6dg,oreland-pennsylvania
https://www.ubereats.com/philadelphia/food-delivery/iron-hill-brewery-%26-restaurant-huntingdon-valley/Y3Af3YnnSdqZNAeMYFmPyQ,oreland-pennsylvania
https://www.ubereats.com/philadelphia/food-delivery/panache-woodfire-grill-w-skippack-pike/fyPrPIEaRIKYfJt6ga6ASA,oreland-pennsylvania
https://www.ubereats.com/philadelphia/food-delivery/amys-family-pizzeria/epz6uwXKSHiuQnodvFbXQA,oreland-pennsylvania
https://www.ubereats.com/philadelphia/food-delivery/ritas-of-limekiln-pike-3322-limekiln-pike/f7wXcrklT3Gvz49tDk9A_w,oreland-pennsylvania
https://www.ubereats.com/philadelphia/food-delivery/red-pepper-chettinad-indian-cuisine/8yMO_LIaTHGivMTDd9Oy9Q,oreland-pennsylvania
https://www.ubereats.com/philadelphia/food-delivery/ogontz-kitchen/teEKkXPPQNa8uHIUWwHJ8g,oreland-pennsylvania
https://www.ubereats.com/philadelphia/food-delivery/brunos/IXxfy8aURUG2X2tTmIkUOw,oreland-pennsylvania
https://www.ubereats.com/philadelphia/food-delivery/main-street-pizzeria-and-grille-wyncote/EdbN8UpmQOm8Pb8tl7qNLQ,oreland-pennsylvania
https://www.ubereats.com/philadelphia/food-delivery/chicko-tako/8uew8KCiQXK1cdE0rj7qGg,oreland-pennsylvania
https://www.ubereats.com/philadelphia/food-delivery/krispy-krunchy-chicken/TAVKDc4XT_C7ZEeVnvs2DQ,oreland-pennsylvania
https://www.ubereats.com/philadelphia/food-delivery/cj-custom-catering-and-cafe/kBddUKJuR5inRmZ8TqCknA,oreland-pennsylvania
https://www.ubereats.com/philadelphia/food-delivery/wendys-813-east-county-line-road/iaoJpuEmRf2Osgbfd1dsMQ,oreland-pennsylvania
https://www.ubereats.com/philadelphia/food-delivery/dunkin-881-w-butler-pike/7uXsOw3WQ_GUu6je4_q2OQ,oreland-pennsylvania
https://www.ubereats.com/philadelphia/food-delivery/tin-pan-alley-tavern/d0gpn3f9Q3yGg5k-V_kv1w,oreland-pennsylvania
https://www.ubereats.com/philadelphia/food-delivery/manhattan-bagel-hatboro/NRVTeaarTDix0p9BRa1NGA,oreland-pennsylvania
https://www.ubereats.com/philadelphia/food-delivery/finos-pizza/xADZWPY0QXWIOUrDLiBIqQ,oreland-pennsylvania
https://www.ubereats.com/philadelphia/food-delivery/papa-johns-easton-road/KNOoOdgIR5eXapJ8urY3Yw,oreland-pennsylvania
https://www.ubereats.com/philadelphia/food-delivery/dunkin-2618-easton-rd/u-5ZB3LuRBupOUZmHzpa1w,oreland-pennsylvania
https://www.ubereats.com/philadelphia/food-delivery/dunkin-3608-welsh-rd/lnUB26QERa25BvaIYYKl5Q,oreland-pennsylvania
https://www.ubereats.com/philadelphia/food-delivery/ritas-italian-ice/Axe3HGfrQy6xtlIKwcCZMg,oreland-pennsylvania
https://www.ubereats.com/philadelphia/food-delivery/dunkin-5301-chew-ave/fClIvHnNSoCM-eNWpGirIg,oreland-pennsylvania
https://www.ubereats.com/philadelphia/food-delivery/moose-%26-goose-barbecue/NJedSYZKTmCxNIpI5HhSLg,oreland-pennsylvania
https://www.ubereats.com/philadelphia/food-delivery/ajs-diner/F8V9MO7ATAuxCMkQi13IFA,oreland-pennsylvania
https://www.ubereats.com/philadelphia/food-delivery/anthonys-coal-fired-pizza-horsham/f1EsenfRSJ-Qbhor7KkKBA,oreland-pennsylvania
https://www.ubereats.com/philadelphia/food-delivery/dukes-bbq/84aGWncVSGCeBuMtEgvJjw,oreland-pennsylvania
https://www.ubereats.com/philadelphia/food-delivery/iron-hill-brewery-%26-restaurant-chestnut-hill/vYmb2NZGQPi3wYZRMqHFFg,oreland-pennsylvania
https://www.ubereats.com/philadelphia/food-delivery/mcdonalds-stenton-%26-haines/yHowlr12SluTpJbyFd_wCA,oreland-pennsylvania
https://www.ubereats.com/philadelphia/food-delivery/chef-li-hotpot-%E5%BA%AD%E8%AF%B4%E7%81%AB%E9%94%85/gSd3SOICRamtOHaarLUeCA,oreland-pennsylvania
https://www.ubereats.com/philadelphia/food-delivery/mamas-caribbean-tasty-dish/mNoKmH8oR2KmuW2zJiRjyw,oreland-pennsylvania
https://www.ubereats.com/philadelphia/food-delivery/station-wing-house/1XiwqYnLR8iGSdkuXBsGtQ,oreland-pennsylvania
https://www.ubereats.com/philadelphia/food-delivery/hook-%26-reel-wyncote/sa-T6DyWTfiIQcRHUqKugg,oreland-pennsylvania
https://www.ubereats.com/philadelphia/food-delivery/kfc-1865-easton-rd/XP-pI0CrSg-Y3ap6tXSsPA,oreland-pennsylvania
https://www.ubereats.com/philadelphia/food-delivery/the-sweet-taco-willow-grove/-3Hmbuu1TvW6wB-MGCcmyA,oreland-pennsylvania
https://www.ubereats.com/philadelphia/food-delivery/sabor-de-maria-restaurant/hAwOrWmjQPaAmhmlxuAYAw,oreland-pennsylvania
https://www.ubereats.com/philadelphia/food-delivery/gallo-tropical/KSLDaLhPQKOUWSkJrVQLRw,oreland-pennsylvania
https://www.ubereats.com/philadelphia/food-delivery/ritas-italian-ice-5744-mascher-st/h-v1UPVWTHS7jIpa4xyJnw,oreland-pennsylvania
https://www.ubereats.com/philadelphia/food-delivery/chat-on-chew/lZMejes8QNCLs-HGkRlxkg,oreland-pennsylvania
https://www.ubereats.com/philadelphia/food-delivery/junes-restaurant/LnvxXyEFQQ2TH8oz11ukaw,oreland-pennsylvania
https://www.ubereats.com/philadelphia/food-delivery/wawa-8080-8250-limekiln-pk/qam6SlluRmu3bs9qR5WRVw,oreland-pennsylvania
https://www.ubereats.com/philadelphia/food-delivery/bonnet-lane/3Ve7qjwfT_Sh93XYzbBvJw,oreland-pennsylvania
https://www.ubereats.com/philadelphia/food-delivery/so-korean-grill/pz42Qs5ITxWKFqW0aHrNhQ,oreland-pennsylvania
https://www.ubereats.com/philadelphia/food-delivery/primohoagies-313-north-york-road/wIXy6PUfQLudVR7UbFRxWA,oreland-pennsylvania
https://www.ubereats.com/philadelphia/food-delivery/breakfast-boutique-chestnut-hill/m267TTL0RPi8fSqcZY9LKg,oreland-pennsylvania
https://www.ubereats.com/philadelphia/food-delivery/wing-city/VYnCBARERByHYhBnF_bnMw,oreland-pennsylvania
https://www.ubereats.com/philadelphia/food-delivery/pudges/8fDgg1FjTgCWkabmVz-Cgw,oreland-pennsylvania
https://www.ubereats.com/philadelphia/food-delivery/five-guys-pa-0243-864-west-street-rd/NRibMokwRbaZAvnwQmRJCQ,oreland-pennsylvania
https://www.ubereats.com/philadelphia/food-delivery/mod-pizza-willow-grove/KHxIV_XlSs-4XOBzBnVZLA,oreland-pennsylvania
https://www.ubereats.com/philadelphia/food-delivery/the-greene-turtle-north-wales/gyTDHyfpTGaU1FoPR_C0Gw,oreland-pennsylvania
https://www.ubereats.com/philadelphia/food-delivery/308-bonefish-grill-27-airport-square/76ljJcjKTDCO6vPr001v1Q,oreland-pennsylvania
https://www.ubereats.com/philadelphia/food-delivery/the-fig-cafe/BimI2EtQRaykP7m1Exd5DQ,oreland-pennsylvania
https://www.ubereats.com/philadelphia/food-delivery/starbucks-chestnut-hill/cE2UARVzQ5KJ85PJDaoBUw,oreland-pennsylvania
https://www.ubereats.com/philadelphia/food-delivery/beijing-garden/7dStyvN-S7CL0c5BAcGSHA,oreland-pennsylvania
https://www.ubereats.com/philadelphia/food-delivery/dim-sum-factory/RcD-8TshRYqmfuwpg8p4KA,oreland-pennsylvania
https://www.ubereats.com/philadelphia/food-delivery/osaka-japanese-restaurant/ShVRONYkT9-Rc4WK2IsuUg,oreland-pennsylvania
https://www.ubereats.com/philadelphia/food-delivery/wing-squad-montgomeryville/NoOPSNzxQzyOAWU8sVEEfw,oreland-pennsylvania
https://www.ubereats.com/philadelphia/food-delivery/biryani-bowl-indian-cuisine-e-willow-grove/Ji8H_xDgSK2glrcdpwNBmw,oreland-pennsylvania
https://www.ubereats.com/philadelphia/food-delivery/red-robin-442-281-easton-road/tP_1qFSdRfWsKxC3qV-sGg,oreland-pennsylvania
https://www.ubereats.com/philadelphia/food-delivery/dreams-ice-cream-at-glenside/YZwsm367TxqpcI9O_7cfkA,oreland-pennsylvania
https://www.ubereats.com/philadelphia/food-delivery/monsalva/H0u0I6WwSB21Nz303rHJWA,oreland-pennsylvania
https://www.ubereats.com/philadelphia/food-delivery/just-delish/k_kPrxW5TlebvLUTm3ijqQ,oreland-pennsylvania
https://www.ubereats.com/philadelphia/food-delivery/essies-steaks/O8dVlC3vS-KxNYroxSY5Fg,oreland-pennsylvania
https://www.ubereats.com/philadelphia/food-delivery/south-sea-thai-kitchen/SjLvaKabS7u5oXimrDYt9w,oreland-pennsylvania
https://www.ubereats.com/philadelphia/food-delivery/saigon-noodle-bar/7TYdLElpSxmJ_AEF8SF-4g,oreland-pennsylvania
https://www.ubereats.com/philadelphia/food-delivery/the-ice-cream-shop/GDQJKZyNQdGPcGxiruLv4Q,oreland-pennsylvania
https://www.ubereats.com/philadelphia/food-delivery/yiro-yiro/xmGKBGd7RdSabGu7Xjbeew,oreland-pennsylvania
https://www.ubereats.com/philadelphia/food-delivery/alessios-seafood-grille/vcrO4D_OQ_afMVNAHLvZDQ,oreland-pennsylvania
https://www.ubereats.com/philadelphia/food-delivery/outback-steakhouse-322-ridge-pike/7fodyAvgTwe10-HUmUfEkA,oreland-pennsylvania
https://www.ubereats.com/philadelphia/food-delivery/teng-da-asian-fusion/KycXdGETRBKlJP51-Mmw7A,oreland-pennsylvania
https://www.ubereats.com/philadelphia/food-delivery/chipotle-mexican-grill-1673-limekiln-pike/LEBDp9VpSIKU3EY4Nbehzw,oreland-pennsylvania
https://www.ubereats.com/philadelphia/food-delivery/roslyn-pizza/j80DlBqETI2vLo8E__pOkA,oreland-pennsylvania
https://www.ubereats.com/philadelphia/food-delivery/iron-hill-brewery-%26-restaurant-north-wales/jdjg4rcdTNaTnB8HIkVbwA,oreland-pennsylvania
https://www.ubereats.com/philadelphia/food-delivery/saladworks-willow-grove/UmO3JvURQGi0OwI3RUJ-yw,oreland-pennsylvania
https://www.ubereats.com/philadelphia/food-delivery/jamba-juice-willow-grove/lY6ijJQ5S0OwfmNeHuWTfQ,oreland-pennsylvania
https://www.ubereats.com/philadelphia/food-delivery/diamante-pizzeria-%26-seafood-house/90UfsmFdTsqO4Bmnzs0zXQ,oreland-pennsylvania
https://www.ubereats.com/philadelphia/food-delivery/kurinji-indian-cuisine/eyGJ2ILVTRehyi08hZPGqA,oreland-pennsylvania
https://www.ubereats.com/philadelphia/food-delivery/taco-bell-1700-n-broad-st/6kt9oUhxQ7yJR2WYTVXmOw,oreland-pennsylvania
https://www.ubereats.com/philadelphia/food-delivery/bananas-876-bar-and-lounge/bVRMIMXzRByN-Da2SOgfew,oreland-pennsylvania
https://www.ubereats.com/philadelphia/food-delivery/dunkin-1403-w-cheltenham-ave/_hctq_2YQlmj3d63uE3gAg,oreland-pennsylvania
https://www.ubereats.com/philadelphia/food-delivery/soul-cuisine-cafe/eCTnqcMiQxi8iRmTiJvkcw,oreland-pennsylvania
https://www.ubereats.com/philadelphia/food-delivery/philly-pretzel-factory-cottman-ave/IsI1eP1vRxGiddgR1T72PQ,oreland-pennsylvania
https://www.ubereats.com/philadelphia/food-delivery/mcdonalds-ogontz/aIbWjnwuREi8BNewfDcP6w,oreland-pennsylvania
https://www.ubereats.com/philadelphia/food-delivery/plaza-azteca-plymouth-rd/pNtB5037ThKpCJump6a5eQ,oreland-pennsylvania
https://www.ubereats.com/philadelphia/food-delivery/kaliyahs-katering/sn3LjEs3TDSosuhHfqwtrA,oreland-pennsylvania
https://www.ubereats.com/philadelphia/food-delivery/audreys-caribbean-kitchen/QQN-wixKQxKjZckC5mlyrg,oreland-pennsylvania
https://www.ubereats.com/philadelphia/food-delivery/dunkin-1713-limekiln-pike/664dXKWvQ3SecJo2owJ9bg,oreland-pennsylvania
https://www.ubereats.com/philadelphia/food-delivery/kfc-6240-stenton-avenue/0kkR6h24RtePwSr2cetDKQ,oreland-pennsylvania
https://www.ubereats.com/philadelphia/food-delivery/from-the-boot-ambler/8sdJFHbjQ5SvXldh5BeyrA,oreland-pennsylvania
https://www.ubereats.com/philadelphia/food-delivery/ottos-brauhaus/qen-QdMQRWSXa5PGvvIw0Q,oreland-pennsylvania
https://www.ubereats.com/philadelphia/food-delivery/chipotle-mexican-grill-30-airport-sq/EyGkStWfRJ25_pGT31uOCw,oreland-pennsylvania
https://www.ubereats.com/philadelphia/food-delivery/sushi-x/yQjnGNvoRZ2ftArHUvgcUA,oreland-pennsylvania
https://www.ubereats.com/philadelphia/food-delivery/wendys-1710-limekiln-pike/SJg5fj6-QYG9OPHQAFbyxw,oreland-pennsylvania
https://www.ubereats.com/philadelphia/food-delivery/dunkin-8000-pine-rd/4f2rKH5nTwaooYquD03Qhw,oreland-pennsylvania
https://www.ubereats.com/philadelphia/food-delivery/the-weldon-soda-fountain/ts7YMcoGRHu4koWMjP717g,oreland-pennsylvania
https://www.ubereats.com/philadelphia/food-delivery/millers-ale-house-willow-grove/KErX-VGgTUaUwzSpkyCUkw,oreland-pennsylvania
https://www.ubereats.com/philadelphia/food-delivery/chipotle-mexican-grill-1513-main-st-bldg-500a/M8Ntzkl0QquYt5a32kQ1AA,oreland-pennsylvania
https://www.ubereats.com/philadelphia/food-delivery/red-house/_HPYl4g2Te6J3lM93X9PBA,oreland-pennsylvania
https://www.ubereats.com/philadelphia/food-delivery/sonic-2405-easton-road/feWaXx51Qw-B6mavrS006w,oreland-pennsylvania
https://www.ubereats.com/philadelphia/food-delivery/bbq-chicken-elkins-park-pa/_D1fu_x3RHmEwqrCgKcppw,oreland-pennsylvania
https://www.ubereats.com/philadelphia/food-delivery/nemi-mexican-restaurant/WezxoaP6S7Wzs3GgA19JmQ,oreland-pennsylvania
https://www.ubereats.com/philadelphia/food-delivery/starbucks-ridge-%26-butler/kdq50FCkQyO54oDDC-Nf8A,oreland-pennsylvania
https://www.ubereats.com/philadelphia/food-delivery/west-avenue-grille-jenkintown-restaurant-%26-catering/5PJCDgP4T9OROd0LDXxoKw,oreland-pennsylvania
https://www.ubereats.com/philadelphia/food-delivery/station-pizza-ll/NuPYbVFvSCuz7iLkZPti8A,oreland-pennsylvania
https://www.ubereats.com/philadelphia/food-delivery/china-house/bEYcbmoCTVG8WiokNDY2SA,oreland-pennsylvania
https://www.ubereats.com/philadelphia/food-delivery/moonstruck-restaurant/Y-vgw9nhSea1Qo-ZV6hdEw,oreland-pennsylvania
https://www.ubereats.com/philadelphia/food-delivery/kfc-32-airport-square/Uy5-r6EoSJqybsNrzucgWQ,oreland-pennsylvania
https://www.ubereats.com/philadelphia/food-delivery/kcs-alley/Cbp1rwmYSR6RAVBqL9ss8A,oreland-pennsylvania
https://www.ubereats.com/philadelphia/food-delivery/mirnas-cafe/kaoRp5qOSveL_cGRzfXWNg,oreland-pennsylvania
https://www.ubereats.com/philadelphia/food-delivery/stewarts-willow-grove/8sqDgDU8S3qbG7-tHibBPg,oreland-pennsylvania
https://www.ubereats.com/philadelphia/food-delivery/lennys-italian-deli/vEdgoxWkR8uC-SGtvwSj6g,oreland-pennsylvania
https://www.ubereats.com/philadelphia/food-delivery/p%26r-mini-market/K3_dBRFyQKCcC1BuqUJrhw,oreland-pennsylvania
https://www.ubereats.com/philadelphia/food-delivery/chick-fil-a-134-welsh-rd/qh2witWZTLmxaQOkpzSKJg,oreland-pennsylvania
https://www.ubereats.com/philadelphia/food-delivery/saladworks-314-horsham-road/mGwEdvhpTGCd4Nq417UJ2Q,oreland-pennsylvania
https://www.ubereats.com/philadelphia/food-delivery/dunkin-1345-w-olney-ave/98PfkypsQjaEBnGZO4dtoA,oreland-pennsylvania
https://www.ubereats.com/philadelphia/food-delivery/ruby-tuesday-2053-chemical-road/LUa75o59S0uYlb9HXPwG0A,oreland-pennsylvania
https://www.ubereats.com/philadelphia/food-delivery/ra-sushi-bar-500-west-germantown-pike/6e268oEoRuqniXRSRa2yLA,oreland-pennsylvania
https://www.ubereats.com/philadelphia/food-delivery/crown-fried-chicken-chelten-ave/K4Wf3cThSrSI6ZY1mwnz3A,oreland-pennsylvania
https://www.ubereats.com/philadelphia/food-delivery/qdoba-mexican-eats-100-welsh-rd/ijN1srTrSG2GTZM0NDCb6Q,oreland-pennsylvania
https://www.ubereats.com/philadelphia/food-delivery/nanas-soul-kitchen-and-catering/lZ-VJqD4S1iqLeBIpiVSjA,oreland-pennsylvania
https://www.ubereats.com/philadelphia/food-delivery/rubys-roof-jamaican-restaurant/fjjNXk1AQUKJ5kHfiXd1pQ,oreland-pennsylvania
https://www.ubereats.com/philadelphia/food-delivery/rodney-food-market/H7fzfJKMSg-23qxmaYk8rg,oreland-pennsylvania
https://www.ubereats.com/philadelphia/food-delivery/krispy-krunchy-chicken-easton-road/-VW71Nt5QK28EesZ_EZzWw,oreland-pennsylvania
https://www.ubereats.com/philadelphia/food-delivery/m%26j-market-%26-deli/nxN7wXp-RXCfn2cHcIs3Ng,oreland-pennsylvania
https://www.ubereats.com/philadelphia/food-delivery/carrabbas-2575-maryland-road/7gTahVdOTxmskc3kcod0XQ,oreland-pennsylvania
https://www.ubereats.com/philadelphia/food-delivery/chef-vargas-breakfast/Ie7JjZ7WR_eKzIw78qxWqw,oreland-pennsylvania
https://www.ubereats.com/philadelphia/food-delivery/china-taste/2KU3USWpRAmctknxTGlpEQ,oreland-pennsylvania
https://www.ubereats.com/philadelphia/food-delivery/all-the-way-live/QBuapbjlRIKV1zOe8A5jXw,oreland-pennsylvania
https://www.ubereats.com/philadelphia/food-delivery/mi-lah-vegetarian/j90MB5eLQ16H7ld4pT9y-w,oreland-pennsylvania
https://www.ubereats.com/philadelphia/food-delivery/mcdonalds-flrtwn-flrtn-s-c/ybTw02S8TCyqtH4Ueaoy1Q,oreland-pennsylvania
https://www.ubereats.com/philadelphia/food-delivery/millers-ale-house-plymouth-meeting/vUHGTM0vQBa0D7xmRoBpEQ,oreland-pennsylvania
https://www.ubereats.com/philadelphia/food-delivery/taco-bell-2722-de-kalb-pike/4tdQvygoRt2hLuTo2OJRTg,oreland-pennsylvania
https://www.ubereats.com/philadelphia/food-delivery/la-calenita-bakery-cafe/5ph_uj_nSZ2NqowwN-xA1g,oreland-pennsylvania
https://www.ubereats.com/philadelphia/food-delivery/palermos-pizza/RV0rUW1jRJOsi0pihxumsA,oreland-pennsylvania
https://www.ubereats.com/philadelphia/food-delivery/lees-hoagie-house/hB5u4VZ_QgOAVSe6x5gDNA,oreland-pennsylvania
https://www.ubereats.com/philadelphia/food-delivery/costa-deli/_339Y3qwQrGEp78KY6Mtaw,oreland-pennsylvania
https://www.ubereats.com/philadelphia/food-delivery/primohoagies-210-pennbrook-parkway/g-Znah3nR_S_u31cPBKYvw,oreland-pennsylvania
https://www.ubereats.com/philadelphia/food-delivery/saladworks-2385-w-cheltenham-avenue/p0xyAvglR2ujbGRuFmXQDQ,oreland-pennsylvania
https://www.ubereats.com/philadelphia/food-delivery/krispy-krunchy-chicken-808-south-york-road/B7TLdQ2nQy-QOeDvHZCbYw,oreland-pennsylvania
https://www.ubereats.com/philadelphia/food-delivery/bertuccis-860-bethlehem-pike/MwpQQuxfSfWbSyuDqY-JSw,oreland-pennsylvania
https://www.ubereats.com/philadelphia/food-delivery/philly-pretzel-factory-glenside/NsF67kMFQEmyc5rCsJ5z0Q,oreland-pennsylvania
https://www.ubereats.com/philadelphia/food-delivery/judah-mediterranean-grill/QBDHDS9lSTW42C87UByTHA,oreland-pennsylvania
https://www.ubereats.com/philadelphia/food-delivery/la-corita-taco-shop/7eO4vQt5SH2N6vzJiPyjeQ,oreland-pennsylvania
https://www.ubereats.com/philadelphia/food-delivery/white-elephant-restaurant/Dwe1MhU3RqSQwVFYYQc-Cg,oreland-pennsylvania
https://www.ubereats.com/philadelphia/food-delivery/luhv-vegan-bistro/u7jw7j4kSS-W3rcTz-_Qpw,oreland-pennsylvania
https://www.ubereats.com/philadelphia/food-delivery/vic-sushi-%26-thai-cuisine/ZdN3xrcuRqaDBTfoipzhNg,oreland-pennsylvania
https://www.ubereats.com/philadelphia/food-delivery/qq-chinese-restaurant/noSLE56iTxaEj_cCeWthMg,oreland-pennsylvania
https://www.ubereats.com/philadelphia/food-delivery/jersey-mikes-subs-960-dekalb-pike/X5wKWmb1RTmapzdHvP0szw,oreland-pennsylvania
https://www.ubereats.com/philadelphia/food-delivery/24-7-desserts/dnPKYK2iQjGj0F_xLetfpA,oreland-pennsylvania
https://www.ubereats.com/philadelphia/food-delivery/foodery-chestnut-hill-7829-germantown/biEMgqLjSuC3HzG1vkWSpw,oreland-pennsylvania
https://www.ubereats.com/philadelphia/food-delivery/mcdonalds-hatboro-old-yk/FGuPFIj8TT-fJpJthmoWnw,oreland-pennsylvania
https://www.ubereats.com/philadelphia/food-delivery/auntie-annes-2500-w-moreland-rd-ste-fc1/Q7GJjUg9Qp-9JEMZeqQdTQ,oreland-pennsylvania
https://www.ubereats.com/philadelphia/food-delivery/dunkin-810-welsh-rd/SBtMWpfQT6qjq9ZpRAKuJQ,oreland-pennsylvania
https://www.ubereats.com/philadelphia/food-delivery/philly-pretzel-factory-broad-%26-olney/DZn2HoEYTCS6LcLD3C4isg,oreland-pennsylvania
https://www.ubereats.com/philadelphia/food-delivery/dekes-bar-b-que-ridge-ave/FoF9nar1RwOV031kHBzq5A,oreland-pennsylvania
https://www.ubereats.com/philadelphia/food-delivery/grove-stove/K-d3M9y_Sy61Tu3BIOOVLw,oreland-pennsylvania
https://www.ubereats.com/philadelphia/food-delivery/dunkin-937-easton-rd/edDwKCu9SQm-z_jVVW55JA,oreland-pennsylvania
https://www.ubereats.com/philadelphia/food-delivery/mcdonalds-dresher/wLA2WUJ5RE6CXoQaLJwPQA,oreland-pennsylvania
https://www.ubereats.com/philadelphia/food-delivery/burgerim-711-easton/nWZA5qQ0Q7691xqsm-kozg,oreland-pennsylvania
https://www.ubereats.com/philadelphia/food-delivery/sang-kee-asian-kitchen/irRxEescSW6jSssw7p5Guw,oreland-pennsylvania
https://www.ubereats.com/philadelphia/food-delivery/stewarts-all-american/7W_vVz0tR-qzACXiKBsdcg,oreland-pennsylvania
https://www.ubereats.com/philadelphia/food-delivery/dunkin-6017-n-broad-st/y9Q-da_qQNetpAM1TkOnOg,oreland-pennsylvania
https://www.ubereats.com/philadelphia/food-delivery/halligans-pub/usu2B17HT8uVGsq-lsT13w,oreland-pennsylvania
https://www.ubereats.com/philadelphia/food-delivery/fuji-asian/abZHpa0KSL21HQ1pgGdlBg,oreland-pennsylvania
https://www.ubereats.com/philadelphia/food-delivery/oki-sushi/vBF6veuQQbaZVCeNLTLeUA,oreland-pennsylvania
https://www.ubereats.com/philadelphia/food-delivery/your-neighbors-kitchen/E5vBGznQSUCruO-qPeAUIw,oreland-pennsylvania
https://www.ubereats.com/philadelphia/food-delivery/jamaican-ds/koOzIO4lREifBbmlzoi9nQ,oreland-pennsylvania
https://www.ubereats.com/philadelphia/food-delivery/ghost-kitchen/PUOiG-I_SsqfzrnZi8H7fA,oreland-pennsylvania
https://www.ubereats.com/philadelphia/food-delivery/union-tacos-bethlehem-pike/RHwGmh5nTO2whpU0jZez6A,oreland-pennsylvania
https://www.ubereats.com/philadelphia/food-delivery/chef-vargas/lk-kJAUAQCWENZZPVGgNCQ,oreland-pennsylvania
https://www.ubereats.com/philadelphia/food-delivery/manhattan-bagel-willow-grove-200-york-rd/vvd4PV8aSFqzRzLtTLmXmg,oreland-pennsylvania
https://www.ubereats.com/philadelphia/food-delivery/zerogradi/zBjt19B-TTWkbyPW4eKGuw,oreland-pennsylvania
https://www.ubereats.com/philadelphia/food-delivery/2nd-street-pike-grill/O5mF--2rRse6F4iwLYwYSQ,oreland-pennsylvania
https://www.ubereats.com/philadelphia/food-delivery/bertuccis-huntingdon-valley/MWTeYsGrSVKEGx7GxAzCJQ,oreland-pennsylvania
https://www.ubereats.com/philadelphia/food-delivery/moes-southwest-grill-648-easton-rd/HXsanlCpToC5R5mKjryuyA,oreland-pennsylvania
https://www.ubereats.com/philadelphia/food-delivery/zara-halal-food/thkXWCY5TIuTOji7TjmZFw,oreland-pennsylvania
https://www.ubereats.com/philadelphia/food-delivery/perkins-restaurant-%26-bakery-grant-ave/B-0_MA2iSQmYj8-EGw4BMA,oreland-pennsylvania
https://www.ubereats.com/philadelphia/food-delivery/chellis-kitchen/qU0gzpRYSDOjVdo4_06_OA,oreland-pennsylvania
https://www.ubereats.com/philadelphia/food-delivery/qdoba-mexican-eats-261-old-york-rd/c1BEw520TWKplnZ2Z8jc8A,oreland-pennsylvania
https://www.ubereats.com/philadelphia/food-delivery/la-pergola/hwpYC67TTIaijvdRbMIcXg,oreland-pennsylvania
https://www.ubereats.com/philadelphia/food-delivery/moon/-Ko0Uu3pTairnFaQrf3SRg,oreland-pennsylvania
https://www.ubereats.com/philadelphia/food-delivery/daaiyahs-delicious/XVqQ3PnWSJerS5ZUKdAFEQ,oreland-pennsylvania
https://www.ubereats.com/philadelphia/food-delivery/brick-house-tavern-%2B-tap-2402-easton-road/TOsDeLInRZ6uHAri3ENRuA,oreland-pennsylvania
https://www.ubereats.com/philadelphia/food-delivery/dunkin-520-w-pennsylvania-ave/rEqsNMCvQTmP5JXvmhO-nA,oreland-pennsylvania
https://www.ubereats.com/philadelphia/food-delivery/philly-pretzel-factory-abington/q50vJtk5SPa4yBHzTUTL_A,oreland-pennsylvania
https://www.ubereats.com/philadelphia/food-delivery/applebees-1281-knapp-road/w2LzmWFLRYWqwIaH2meVHQ,oreland-pennsylvania
https://www.ubereats.com/philadelphia/food-delivery/santuccis-original-square-pizza-6164-ridge-ave/kxdUNT7ZRqi28DRHR_T5zQ,oreland-pennsylvania
https://www.ubereats.com/philadelphia/food-delivery/kfc-8140-ogontz-ave/5pMcGnurToyBf9KMPB2LmQ,oreland-pennsylvania
https://www.ubereats.com/philadelphia/food-delivery/starbucks-dresher/ZXJnZpv7RnCZIN2xLrOXQA,oreland-pennsylvania
https://www.ubereats.com/philadelphia/food-delivery/newmans-grill/-W3EmFtUS4K277YF8yos1Q,oreland-pennsylvania
https://www.ubereats.com/philadelphia/food-delivery/zoes-kitchen-151-york-road/kmO6K3fMQyWZGf6PEpQmVQ,oreland-pennsylvania
https://www.ubereats.com/philadelphia/food-delivery/lepore-ba-q/p4HaJz_iR3-jUOfoP8-fFA,oreland-pennsylvania
https://www.ubereats.com/philadelphia/food-delivery/costa-burger-bar/UZcx0LQ0QNyf9dBQYO-v6w,oreland-pennsylvania
https://www.ubereats.com/philadelphia/food-delivery/richmans-ice-cream-%26-burger-co-glenside/fIfC0YvMSSqEk5Uxo_ztmw,oreland-pennsylvania
https://www.ubereats.com/philadelphia/food-delivery/great-deal-deli/gJEM1TZ4Sd6PD8fzH3baPA,oreland-pennsylvania
https://www.ubereats.com/philadelphia/food-delivery/tiffin-indian-cuisine-york-rd/rC_aZ3s8SmacENPbr49U1A,oreland-pennsylvania
https://www.ubereats.com/philadelphia/food-delivery/ritas-italian-ice-1000-easton-rd/mo8EKuP8Qfidd4cQT-mm3w,oreland-pennsylvania
https://www.ubereats.com/philadelphia/food-delivery/tiffin-indian-cuisine-mt-airy/ksX-dsLsRMmbHxJhhu8YgQ,oreland-pennsylvania
https://www.ubereats.com/philadelphia/food-delivery/bertuccis-500-west-germantown-pike/_kRdafiFSqS_w-m1QosOzw,oreland-pennsylvania
https://www.ubereats.com/philadelphia/food-delivery/applebees-701-cathedral-road/IMdFq_jYQ-KGXiVQ3ZhobA,oreland-pennsylvania
https://www.ubereats.com/philadelphia/food-delivery/dunkin-5753-wayne-ave/0QKMsAVSSgy_IfmY0YMvOA,oreland-pennsylvania
https://www.ubereats.com/philadelphia/food-delivery/tungs-gardens/vIzPNVw3SpmC-WSeXMMR_g,oreland-pennsylvania
https://www.ubereats.com/philadelphia/food-delivery/c-%26-d-deli/xLcrnpXaQRKX_bEhIGb5YA,oreland-pennsylvania
https://www.ubereats.com/philadelphia/food-delivery/tashias-cocktails-and-cuisine/u24w8ZYUS_GIbL-QJa6bjA,oreland-pennsylvania
https://www.ubereats.com/philadelphia/food-delivery/nutz-about-popcorn/QtGwJAC-RkGbYjOYMPbKDA,oreland-pennsylvania
https://www.ubereats.com/philadelphia/food-delivery/breakfast-boutique-germantown-ave/vL2YaS1hRdGSQt3_EvBBWA,oreland-pennsylvania
https://www.ubereats.com/philadelphia/food-delivery/paradise-jamaican-restaurant/XQT6z2NZRP-x1AAFmEFOlQ,oreland-pennsylvania
https://www.ubereats.com/philadelphia/food-delivery/friendlys-168-easton-rd/GyyhfoWcRpqPQrN3bZu2sA,oreland-pennsylvania
https://www.ubereats.com/philadelphia/food-delivery/masala-zone/QPirlIvRR5WdXHT9UZi5QA,oreland-pennsylvania
https://www.ubereats.com/philadelphia/food-delivery/el-poquito/sGrB4f4uRkmnet6rU7MyWw,oreland-pennsylvania
https://www.ubereats.com/philadelphia/food-delivery/chipotle-mexican-grill-1437-old-york-rd/wMoF5J6BRlmC_cVatZjO4A,oreland-pennsylvania
https://www.ubereats.com/philadelphia/food-delivery/germantown-crabhouse/oP1oQxDfQq-bE_UCLaFdsA,oreland-pennsylvania
https://www.ubereats.com/philadelphia/food-delivery/cj-custom-american-grille/aohoMTwjTK64ZreKa-50eQ,oreland-pennsylvania
https://www.ubereats.com/philadelphia/food-delivery/dunkin-7104-ridge-ave/Z99kmEOKQoK_0nAzfnj2qg,oreland-pennsylvania
https://www.ubereats.com/philadelphia/food-delivery/chipotle-mexican-grill-2618-w-moreland-rd/ywcW8PUcSEK7wJlKkdUDBw,oreland-pennsylvania
https://www.ubereats.com/philadelphia/food-delivery/dunkin-230-s-easton-rd/L_lxmdj1R36Gu-mOU-0dMg,oreland-pennsylvania
https://www.ubereats.com/philadelphia/food-delivery/dunkin-8113-stenton-ave/nKkAAZGsSHaksiVxjuFdMg,oreland-pennsylvania
https://www.ubereats.com/philadelphia/food-delivery/ristorante-imperatore/w39ZC2DGTMuq4_1dDwNUtA,oreland-pennsylvania
https://www.ubereats.com/philadelphia/food-delivery/mcdonalds-horsham-easton/-_OeDtrjRDOKyivPCnyQyQ,oreland-pennsylvania
https://www.ubereats.com/philadelphia/food-delivery/chipotle-mexican-grill-2401-w-cheltenham-ave-ste-220/Hcvh0386QACNcuYWlFRTRQ,oreland-pennsylvania
https://www.ubereats.com/philadelphia/food-delivery/el-rey-del-oro/E47DOpK8QDuouIK3cVAcJg,oreland-pennsylvania
