url,city
https://www.ubereats.com/san-francisco/food-delivery/bears-country-deli/l6JTXcBGT-ChOMMreWA1hA,orinda-california
https://www.ubereats.com/san-francisco/food-delivery/lois-the-pie-queen/-AuSKJtLQs-xex2LehpAyA,orinda-california
https://www.ubereats.com/san-francisco/food-delivery/flavors-of-india-berkeley/ZFLuOrTUSg-fKlGStjI65Q,orinda-california
https://www.ubereats.com/san-francisco/food-delivery/panda-express-2280-oak-grove-rd/sWEX2rAtROmTHwc3uTnvdQ,orinda-california
https://www.ubereats.com/san-francisco/food-delivery/easy-creole/UXTlpAG1QfuTvo_IwqIYlA,orinda-california
https://www.ubereats.com/san-francisco/food-delivery/breads-of-india-inc/sSp8jmjkQyazjRcpUeyXtg,orinda-california
https://www.ubereats.com/san-francisco/food-delivery/trattoria-la-siciliana/8ih_Pwo6QAuDHDwGu_ty9A,orinda-california
https://www.ubereats.com/san-francisco/food-delivery/vinnies-pizzeria/CCundlKMRpuQrzRApZLSxQ,orinda-california
https://www.ubereats.com/san-francisco/food-delivery/taco-bell-2255-telegraph-avenue/6jtOSFsFQx-TwP7MLmcCvA,orinda-california
https://www.ubereats.com/san-francisco/food-delivery/bistro-burger-%26-grill/I38wFzu6R-u-QzWiaEuMcQ,orinda-california
https://www.ubereats.com/san-francisco/food-delivery/lorenzos-of-new-york-pizza-oakland/KSLWpvZYTja-e5LlOuzq4A,orinda-california
https://www.ubereats.com/san-francisco/food-delivery/nama-sushi/WZCgP-ZWTpSLKkPQdddD3A,orinda-california
https://www.ubereats.com/san-francisco/food-delivery/manakish-oven-%26-grill/Is06Ko5uQjef47dULVV_zA,orinda-california
https://www.ubereats.com/san-francisco/food-delivery/east-bay-spice-co/EC00B4SOToG_55rOnaESTw,orinda-california
https://www.ubereats.com/san-francisco/food-delivery/chalogy-tea-bar/masfLjKdRmCVk7FAkNuAtw,orinda-california
https://www.ubereats.com/san-francisco/food-delivery/roam-artisan-burgers-lafayette/-jvNh7aHQjGiUN6-D8eMOQ,orinda-california
https://www.ubereats.com/san-francisco/food-delivery/pho-k-%26-k/C7mFcjiQS7u6u_UbugTz4w,orinda-california
https://www.ubereats.com/san-francisco/food-delivery/i-scream-donuts/veN3O7qURJ2Iy4MyzjejsA,orinda-california
https://www.ubereats.com/san-francisco/food-delivery/cafe-durant/VU2IdxIwTVurwWbk3lVEiw,orinda-california
https://www.ubereats.com/san-francisco/food-delivery/south-indian-hut/VfyFCKkZTAeA4G03wyuZOg,orinda-california
https://www.ubereats.com/san-francisco/food-delivery/barcote-ethiopian-restaurant/ur7diPGjQAalG0E1pGY7Zw,orinda-california
https://www.ubereats.com/san-francisco/food-delivery/shewhat-cafe-%26-restaurant/xqe_fBT7TqKaIcxzNV3RHg,orinda-california
https://www.ubereats.com/san-francisco/food-delivery/vanessas-bistro/6sc2FsX6Q3-tsQxIS5sNsA,orinda-california
https://www.ubereats.com/san-francisco/food-delivery/vons-chicken-concord/-wxvEQL5TQqSOCqOj-6uZw,orinda-california
https://www.ubereats.com/san-francisco/food-delivery/punjabi-kitchen/pnBESYqXRo6AT1CDXAg4qQ,orinda-california
https://www.ubereats.com/san-francisco/food-delivery/pappys-grill-%26-sports-bar/thYq8oM1Qx-3way4eo2fVg,orinda-california
https://www.ubereats.com/san-francisco/food-delivery/yi-fang-taiwan-fruit-tea/Hc_S-pE-QWGOOR5KuKZ53w,orinda-california
https://www.ubereats.com/san-francisco/food-delivery/beta-lounge/1jd19FulSa-cBnBY4Nw1pw,orinda-california
https://www.ubereats.com/san-francisco/food-delivery/organic-greens/9ArvlLk2RyyumAgZ0Bh3DA,orinda-california
https://www.ubereats.com/san-francisco/food-delivery/berkeley-social-club/RcmB2LdkS5WkGJl2z118XA,orinda-california
https://www.ubereats.com/san-francisco/food-delivery/celias-mexican-restaurant-berkeley/L4DXNIdJRy29pp9g60jUQA,orinda-california
https://www.ubereats.com/san-francisco/food-delivery/sushi-29/Ng2Pz752RuihacBpnztyNg,orinda-california
https://www.ubereats.com/san-francisco/food-delivery/the-posh-bagel-oakland/OjEIGUZ3SQS765ICMqxuKg,orinda-california
https://www.ubereats.com/san-francisco/food-delivery/e-z-stop-deli/bmVaAEAnSnO6Tkk4IY466Q,orinda-california
https://www.ubereats.com/san-francisco/food-delivery/delhi-diner-berkeley/bhntMbDYSJCaN2cGnmxxlQ,orinda-california
https://www.ubereats.com/san-francisco/food-delivery/krispy-krunchy-chicken-6606-telegraph-ave/p8XslvjHTVeE2V0QCDA1QQ,orinda-california
https://www.ubereats.com/san-francisco/food-delivery/ruths-chris-steak-house-1553-olympic-blvd-bldg-e/6hioljozToiMhumR4rSGAQ,orinda-california
https://www.ubereats.com/san-francisco/food-delivery/chaat-house/4V67j2jSSbi0L5n6pFGJsA,orinda-california
https://www.ubereats.com/san-francisco/food-delivery/mountain-mikes-pizza-1610-san-pablo-ave/k0OFCZxfSSiMQ4sDqMhYwg,orinda-california
https://www.ubereats.com/san-francisco/food-delivery/taco-bell-2528-durant-ave/vCjAgSTmTNCp_iyO_eQ5_Q,orinda-california
https://www.ubereats.com/san-francisco/food-delivery/burgerim-174-el-cerrito-plaza-suite-b/aQrbixmUSuq_1n_lt7mjkQ,orinda-california
https://www.ubereats.com/san-francisco/food-delivery/dragons-spring-restaurant/dIO9uZinTfuKgUwsX6Itkw,orinda-california
https://www.ubereats.com/san-francisco/food-delivery/54-mint-forno-italiano/dHD0y0zKSxqvaEZyVRLeSQ,orinda-california
https://www.ubereats.com/san-francisco/food-delivery/the-noodle-company-famous-bao/wdiBsa4GQySxsB5VKqKxcw,orinda-california
https://www.ubereats.com/san-francisco/food-delivery/vitality-bowls-3454-mt-diablo-blvd/vNSGaxLzSGGmtaZGJxzcIw,orinda-california
https://www.ubereats.com/san-francisco/food-delivery/urban-turban/-QC84hFGRFus1xNWFKSWPQ,orinda-california
https://www.ubereats.com/san-francisco/food-delivery/mi-grullense-restaurant-%26-tequila-bar/XhWMjI1YR1SkLtQ3XjQOYw,orinda-california
https://www.ubereats.com/san-francisco/food-delivery/monas-burgers-%26-shakes-walnut-creek/oA2E8X32SMSKt6GcL0PHiQ,orinda-california
https://www.ubereats.com/san-francisco/food-delivery/haya-ramen/VnXRA4E5S2izjTXOXcBiXw,orinda-california
https://www.ubereats.com/san-francisco/food-delivery/the-station-berkeley/PIwXuGuiRmeWeGtE9cNayA,orinda-california
https://www.ubereats.com/san-francisco/food-delivery/aangan-indo-nepalese-cuisine/0xi36VDGSl-zo5VPVFY-7Q,orinda-california
https://www.ubereats.com/san-francisco/food-delivery/homeroom-to-go/32drpQtyRNeTXI0jm6wP0A,orinda-california
https://www.ubereats.com/san-francisco/food-delivery/the-well/LOtIrnBdQzutwv7mtIpE4Q,orinda-california
https://www.ubereats.com/san-francisco/food-delivery/pizza-nation-inc/4cm5fncjSjCvk5yycKh_Vg,orinda-california
https://www.ubereats.com/san-francisco/food-delivery/bourbon-highway/y4e6UvlIQvqpPs8nlWyC2w,orinda-california
https://www.ubereats.com/san-francisco/food-delivery/chipotle-mexican-grill-2311-telegraph-ave/U-5172FwTsCwTfx2M8gRkg,orinda-california
https://www.ubereats.com/san-francisco/food-delivery/bongo-burger-northside/o9Zs2WVeTEeeEeeqCbSZ5Q,orinda-california
https://www.ubereats.com/san-francisco/food-delivery/nash-cafe/O4TR8IxsTIGgCpwh-xyhpw,orinda-california
https://www.ubereats.com/san-francisco/food-delivery/mels-melts/PZfMcsMnRQ6oVDfv1puCuQ,orinda-california
https://www.ubereats.com/san-francisco/food-delivery/calibur-express-berkeley/Fc63VxjAQd-ZhcBqtLCWJQ,orinda-california
https://www.ubereats.com/san-francisco/food-delivery/orchids-thai/YlgGP8pVTreLO2LgGq01Ww,orinda-california
https://www.ubereats.com/san-francisco/food-delivery/jamba-juice-3518-c-mt-diablo-blvd/6Z2KjELhRb68Prm8Ks7ZQg,orinda-california
https://www.ubereats.com/san-francisco/food-delivery/santorini/GbuGPvkZTzqtbozPTQ8JPw,orinda-california
https://www.ubereats.com/san-francisco/food-delivery/burger-king-1541-east-12th-street/D_JCN2JgS2q0xt5QZtwMiQ,orinda-california
https://www.ubereats.com/san-francisco/food-delivery/los-olivos-restaurant/ZGeinI8KQ-SnQC0-ma-vZw,orinda-california
https://www.ubereats.com/san-francisco/food-delivery/little-star-pizza-albany/8Lc6_D3sQ--4edlUYt44IQ,orinda-california
https://www.ubereats.com/san-francisco/food-delivery/namaste-pizza-oakland/WpMeSyuHTd2NrkoKqix5IQ,orinda-california
https://www.ubereats.com/san-francisco/food-delivery/lama-beans-cafe/5MKcNTJUQLyRS5iRh6CeCw,orinda-california
https://www.ubereats.com/san-francisco/food-delivery/starbucks-san-pablo-ave-%26-monroe/q_kXg1QLQc-oSdV18vgGCg,orinda-california
https://www.ubereats.com/san-francisco/food-delivery/paradise-park-cafe/JhXWnZART820QBPjCb64Wg,orinda-california
https://www.ubereats.com/san-francisco/food-delivery/ikes-love-and-sandwiches-rockridge/Dz5_WQXARnuj_JMDM7NGVA,orinda-california
https://www.ubereats.com/san-francisco/food-delivery/raretea-teaone/OmH4dk-7Qqqi8nxeRfj0nA,orinda-california
https://www.ubereats.com/san-francisco/food-delivery/philz-coffee-1313-9th-st-suite-110/WnZjjflOTJGp9Y2U_UxtyQ,orinda-california
https://www.ubereats.com/san-francisco/food-delivery/pizzaoki-oakland/aVlrpv5CTiyidvhAXKoeaw,orinda-california
https://www.ubereats.com/san-francisco/food-delivery/mint-leaf-vietnamese-restaurant-2865-seventh-street/14Q1X-__TM-2v6BHrieWRw,orinda-california
https://www.ubereats.com/san-francisco/food-delivery/ihop-1765/TrjiciuKQ8-clamaZUSSuQ,orinda-california
https://www.ubereats.com/san-francisco/food-delivery/the-rare-barrel/fv1KGTUwQuGd8qzS2MDtuw,orinda-california
https://www.ubereats.com/san-francisco/food-delivery/kangnam/K3VliL1eSkWLo5mw8j7zug,orinda-california
https://www.ubereats.com/san-francisco/food-delivery/pizza-my-heart-walnut-creek/AY3Y0rCsRQCzFFe1WnXeOg,orinda-california
https://www.ubereats.com/san-francisco/food-delivery/easterly-berkeley/FLKNf2a4StyRDd8FEnX11A,orinda-california
https://www.ubereats.com/san-francisco/food-delivery/organic-greens-solano/LRITO9nKStiVDEtUboUCPA,orinda-california
https://www.ubereats.com/san-francisco/food-delivery/alley-kitchens/D0hQ7zILRDKcCV8s7_J8Dw,orinda-california
https://www.ubereats.com/san-francisco/food-delivery/quickly/fsaT60ryRyKd8huM0uMnuw,orinda-california
https://www.ubereats.com/san-francisco/food-delivery/sushi-go-go-oakland/UUwca2ZRQsqwZR1jSNpqqg,orinda-california
https://www.ubereats.com/san-francisco/food-delivery/taqueria-limon-2/OxOctZ2ZTEino58AJHI_zA,orinda-california
https://www.ubereats.com/san-francisco/food-delivery/subway-3322-mt-diablo-blvd-ste-b/-lH5GQULQrqxpVjHtcTDcA,orinda-california
https://www.ubereats.com/san-francisco/food-delivery/nations-giant-hamburgers-pleasant-hill/YK0clTihQbqBkNbTwm7qeQ,orinda-california
https://www.ubereats.com/san-francisco/food-delivery/new-delhi-bistro/x-OxUB1xRrO1qYrB7ffa3Q,orinda-california
https://www.ubereats.com/san-francisco/food-delivery/yans-china-bistro-and-bar/4g_MRwLmRl6UpUqMXUDmKg,orinda-california
https://www.ubereats.com/san-francisco/food-delivery/nikko-sushi/hBJ6A1XoTjC0yWqoqtXodA,orinda-california
https://www.ubereats.com/san-francisco/food-delivery/modern-china-cafe/kUgzYyZZQCy0iNWGHdpiOQ,orinda-california
https://www.ubereats.com/san-francisco/food-delivery/swad-indian-cuisine/_nw6zkt7T8Sf0STNM-a3ZQ,orinda-california
https://www.ubereats.com/san-francisco/food-delivery/the-veg-hub/M145wZ8JR6eiUMZXhFvJFQ,orinda-california
https://www.ubereats.com/san-francisco/food-delivery/philz-coffee-1103-s-california-blvd/_Qs-VqElRH6Q3Ga9Lnl2sg,orinda-california
https://www.ubereats.com/san-francisco/food-delivery/samraj-sweets-n-chat-hut/FgtG8BbiR561TXNTuMwsxw,orinda-california
https://www.ubereats.com/san-francisco/food-delivery/mount-everest-restaurant/b_UsfPQRSByM-C95G8Ihfg,orinda-california
https://www.ubereats.com/san-francisco/food-delivery/abes-pizza/-oPUcKLeSx65IpR7KtD9Rw,orinda-california
https://www.ubereats.com/san-francisco/food-delivery/1951-coffee-company/OOVoiJzKTzWxrPUR6VV5gg,orinda-california
https://www.ubereats.com/san-francisco/food-delivery/cornerstone-craft-beer-%26-live-music/GLOeXIdETQax5MU3MAmtDQ,orinda-california
https://www.ubereats.com/san-francisco/food-delivery/dominic-cafe/LTjGKB8-TMejrXQlK4KxHw,orinda-california
https://www.ubereats.com/san-francisco/food-delivery/house-of-curries-college/Hyr5DND8TcuUrjddFxLgJQ,orinda-california
https://www.ubereats.com/san-francisco/food-delivery/yalis-cafe/OOh6Gx9BRnyraKyMYcMimA,orinda-california
https://www.ubereats.com/san-francisco/food-delivery/la-burrita/kQwB-6HVSdOh5PYYi6MVXQ,orinda-california
https://www.ubereats.com/san-francisco/food-delivery/mcdonalds-shattuck-ave/qAIaWTpGSMa3smoTs66q4g,orinda-california
https://www.ubereats.com/san-francisco/food-delivery/yalla-mediterranean-55-crescent-dr/up0fXoO8Q-y4Mw3Kj5zsAA,orinda-california
https://www.ubereats.com/san-francisco/food-delivery/sushinista/inqFY9EuQN2CtywAPYj4qw,orinda-california
https://www.ubereats.com/san-francisco/food-delivery/krispy-krunchy-chicken-pinole-2/S69qrIFoRFe1llqsxEpXLw,orinda-california
https://www.ubereats.com/san-francisco/food-delivery/dragons-pond/POBY04RqShCcNIb8eW3Stw,orinda-california
https://www.ubereats.com/san-francisco/food-delivery/kathmandu-market-%26-deli/2IEe7Ue9Tja0oQA1uUkyxg,orinda-california
https://www.ubereats.com/san-francisco/food-delivery/tjs-cafe/7bfkTumORsO4_pbRd3J2kA,orinda-california
https://www.ubereats.com/san-francisco/food-delivery/seniores-pizza/VAfnh7_YTCuLIw9-YwFd8g,orinda-california
https://www.ubereats.com/san-francisco/food-delivery/la-mexican-burrita/OBauNxcjSnmzRaFx0Xb4kw,orinda-california
https://www.ubereats.com/san-francisco/food-delivery/burma-unique/zWje-y0KSsyeQRc23N5nhA,orinda-california
https://www.ubereats.com/san-francisco/food-delivery/yang-chow-restaurant/qpzjU8z6Q1mJROC7n4rbtg,orinda-california
https://www.ubereats.com/san-francisco/food-delivery/ippudo-berkeley/UibMbwPqRoGZRrgpYc4bgg,orinda-california
https://www.ubereats.com/san-francisco/food-delivery/udupi-palace-berkeley/8euPt_yVTFC4RS_rfV0yAA,orinda-california
https://www.ubereats.com/san-francisco/food-delivery/mr-pickles-sandwich-shop-martinez/uIOzq0vNR6uoyCCNGEw9OA,orinda-california
https://www.ubereats.com/san-francisco/food-delivery/park-mediterranean-grill-berkeley/snbmu-YfSHWPKS2KxONrjQ,orinda-california
https://www.ubereats.com/san-francisco/food-delivery/panda-express-5020-el-cerrito-plaza/FtrDIkSqRxuLWW83sc8eDQ,orinda-california
https://www.ubereats.com/san-francisco/food-delivery/twisted-times-restaurant-sports-%26-spirits/2TyGoFmiQH-VWFNdMPPGJQ,orinda-california
https://www.ubereats.com/san-francisco/food-delivery/the-pearl-house/HfsEFbDTStCTr-EmXf_wkw,orinda-california
https://www.ubereats.com/san-francisco/food-delivery/cugini-restaurant/OIMgDSlLQD-xERwcYwiHhA,orinda-california
https://www.ubereats.com/san-francisco/food-delivery/organic-meals-to-go/O8h4ezWlSBa2g2i-BDLpMA,orinda-california
https://www.ubereats.com/san-francisco/food-delivery/gabriellas-new-york-city-pizza-oakland/BWZNKz19SpiVW-D5o0DrCA,orinda-california
https://www.ubereats.com/san-francisco/food-delivery/miss-saigon-oakland/bdQREgIFTLCcbtb571oW3Q,orinda-california
https://www.ubereats.com/san-francisco/food-delivery/mod-pizza-pinole-valley/ZJOx71YsRNCU67c2Br_11g,orinda-california
https://www.ubereats.com/san-francisco/food-delivery/tamon-tea/mwkoz1J-TwKMghNs6DTL4A,orinda-california
https://www.ubereats.com/san-francisco/food-delivery/sharetea-berkeley/7fd9dVBbQA-kuFC7GUJZMg,orinda-california
https://www.ubereats.com/san-francisco/food-delivery/boba-ninja/nJsOxEOERkuM7gVelM124g,orinda-california
https://www.ubereats.com/san-francisco/food-delivery/subway-6341-shattuck-ave/JMZ_j9U-QhqdAsz49PsiiA,orinda-california
https://www.ubereats.com/san-francisco/food-delivery/kfc-taco-bell-6035-telegraph-road/YtiBXKLTTXG0SoU0WlRS5w,orinda-california
https://www.ubereats.com/san-francisco/food-delivery/nom-nom-banh-mi/nxpX5ulDSXSCUsibkvpe7w,orinda-california
https://www.ubereats.com/san-francisco/food-delivery/taco-bell-3535-35th-avenue/J8yXXj1BQUaoPe_czUUktA,orinda-california
https://www.ubereats.com/san-francisco/food-delivery/the-izakaya-and-sushi-house/JYrYnfzeTCy_tdMamoyheQ,orinda-california
https://www.ubereats.com/san-francisco/food-delivery/mountain-mikes-pizza-2042-mountain-blvd/qgfsNG6uQ9aOZPvAevTn1Q,orinda-california
https://www.ubereats.com/san-francisco/food-delivery/taqueria-morena/O0Hchsx5Scmv5I-oWURVwA,orinda-california
https://www.ubereats.com/san-francisco/food-delivery/razzos-pizza-and-salads-oakland/Atehb1T7QTqx6gzrti-0Tw,orinda-california
https://www.ubereats.com/san-francisco/food-delivery/high-tech-burrito-alamo/1PlcJaEkTPKcLe-MvhauNw,orinda-california
https://www.ubereats.com/san-francisco/food-delivery/el-pollo-picante-pop-up/kb0juVtLSDKTMRWddeMrEQ,orinda-california
https://www.ubereats.com/san-francisco/food-delivery/yin-ji-chang-fen/TkxMXvQzRYCfFBYEiBe0iw,orinda-california
https://www.ubereats.com/san-francisco/food-delivery/extreme-pizza-hercules/S0Me2JKtRXObvpuStIVG2Q,orinda-california
https://www.ubereats.com/san-francisco/food-delivery/pasta-house/-STSu5lMTCKPkQ98ZcUtcg,orinda-california
https://www.ubereats.com/san-francisco/food-delivery/taste-of-the-himalayas/44dZhmL7RweQe15UCfMg8w,orinda-california
https://www.ubereats.com/san-francisco/food-delivery/endless-summer-sweets/O8RGByXGS4OvRwcWwwpJhA,orinda-california
https://www.ubereats.com/san-francisco/food-delivery/panda-express-5108-broadwaysuite-k108/uSgxxZWKSzqGVCwpWtE1uw,orinda-california
https://www.ubereats.com/san-francisco/food-delivery/mariscos-estilo-sinaloa/yGDuMKESSqqEWtGW_Me14A,orinda-california
https://www.ubereats.com/san-francisco/food-delivery/wingz-n-thingz/LYb7XmZ9QLuEUvrtmFOHxg,orinda-california
https://www.ubereats.com/san-francisco/food-delivery/papa-johns-pizza-newell-walnut-creek/ssziNhCARMawHYJyvHrcFg,orinda-california
https://www.ubereats.com/san-francisco/food-delivery/taco-bell-3839-emery-street-%23700/Z1OFMDGqRTC3pZSY-pBe9Q,orinda-california
https://www.ubereats.com/san-francisco/food-delivery/himalayan-cuisine/pakosprMQleWxbypWom5CA,orinda-california
https://www.ubereats.com/san-francisco/food-delivery/bonchon-chicken-2050-berkeley-way/k6ctofn3T1WEXPc2J8i0Kg,orinda-california
https://www.ubereats.com/san-francisco/food-delivery/red-boy-pizza/NsZCvUXpQuWPMvgMgQMMgg,orinda-california
https://www.ubereats.com/san-francisco/food-delivery/baja-fresh-1251-s-california-blvd/3VFDOdYNTgupfZEH8X1uqQ,orinda-california
https://www.ubereats.com/san-francisco/food-delivery/red-boy-pizza-oakland/pIKvvLxSSQ6cesKsQvAnjA,orinda-california
https://www.ubereats.com/san-francisco/food-delivery/qs-halal-pizza/Xk42wjhRT-OWsWM7VwtAZQ,orinda-california
https://www.ubereats.com/san-francisco/food-delivery/feng-cha-teahouse/G-eUQsfPTuu9RXHqgpqUIQ,orinda-california
https://www.ubereats.com/san-francisco/food-delivery/ibs-berkeley/GnKN2sIuQy6fDSxGcPWglA,orinda-california
https://www.ubereats.com/san-francisco/food-delivery/tomate-cafe/OlLdKtfxS1emYGZdtlgf6Q,orinda-california
https://www.ubereats.com/san-francisco/food-delivery/subway-3999-san-pablo-ave/hNBJY6E0TSqhGUZ8S7kDnQ,orinda-california
https://www.ubereats.com/san-francisco/food-delivery/pretty-lady/dAygdPUVRa6IsW6SciYedQ,orinda-california
https://www.ubereats.com/san-francisco/food-delivery/berkeley-espresso/pMJRIrKnTlOkCTSvzoBFFA,orinda-california
https://www.ubereats.com/san-francisco/food-delivery/humphry-slocombe/UwzxY2lBRTSzwC_S0lJ7gw,orinda-california
https://www.ubereats.com/san-francisco/food-delivery/los-moles/KQ5Qmi56TC-sfgSzrTdtpg,orinda-california
https://www.ubereats.com/san-francisco/food-delivery/yo-sushi/EEldEzg5SZma7Qgc-kmkjA,orinda-california
https://www.ubereats.com/san-francisco/food-delivery/zacharys-chicago-pizza-oakland/jH38XumgTaSUc_NcUqsc_w,orinda-california
https://www.ubereats.com/san-francisco/food-delivery/pollo-pollo/PjqjGqb5TDq-uBtcpHdH5g,orinda-california
https://www.ubereats.com/san-francisco/food-delivery/bongo-burger-center/oG9tsx0_Q5mk79yIKYJMuA,orinda-california
https://www.ubereats.com/san-francisco/food-delivery/m-%26-s-kitchen/7cIf1m1wQzGUDoxumiJPmg,orinda-california
https://www.ubereats.com/san-francisco/food-delivery/alice-street-bakery-cafe/Dyhq8ETTRFaBCeZRXzGZpw,orinda-california
https://www.ubereats.com/san-francisco/food-delivery/taco-bell-410-moraga-rd/_oFlYNj_RDSwZGzeIhMQFA,orinda-california
https://www.ubereats.com/san-francisco/food-delivery/purple-pepper-pizza/PIBihp8RTxWakcGQWMwovg,orinda-california
https://www.ubereats.com/san-francisco/food-delivery/taco-bell-3501-mt-diablo-blvd/dLzKy9OMREyscEadQVuYGw,orinda-california
https://www.ubereats.com/san-francisco/food-delivery/enedina-taqueria/Y0M1yDWKSea7k37i_86BSQ,orinda-california
https://www.ubereats.com/san-francisco/food-delivery/the-flying-falafel-berkeley/HOlCQDKRQDKAWMvdQc1bDw,orinda-california
https://www.ubereats.com/san-francisco/food-delivery/nations-giant-hamburgers-moraga/OIRisFU2RvyR294MovBVcA,orinda-california
https://www.ubereats.com/san-francisco/food-delivery/juans-place/P7ldpTloQrmx2hwdZzwucw,orinda-california
https://www.ubereats.com/san-francisco/food-delivery/the-everest-momo-oakland/BovnwfB2RTW7ZwjCb3Srgw,orinda-california
https://www.ubereats.com/san-francisco/food-delivery/qi-dumpling-lounge/gGcMJoOdRCSwYNKSZ2-k2w,orinda-california
https://www.ubereats.com/san-francisco/food-delivery/bangkok-garden/77AqXeMjT0Ctb0Atu6u2pw,orinda-california
https://www.ubereats.com/san-francisco/food-delivery/a%2B-burger/a5tzjktlQquBjOwzP86nPQ,orinda-california
https://www.ubereats.com/san-francisco/food-delivery/subway-2-theatre-square/lC5qwUnJQyqbpNrj7gfQWw,orinda-california
https://www.ubereats.com/san-francisco/food-delivery/barneys-gourmet-hamburgers-oakland/jpeUqFPVRgux5TF1UQ2aMg,orinda-california
https://www.ubereats.com/san-francisco/food-delivery/philz-coffee-6310-college-ave/IAdZQevpTHKt2IoGZyO6Lw,orinda-california
https://www.ubereats.com/san-francisco/food-delivery/chipotle-mexican-grill-1158-locust-st-%23-d-2a/4EmvyeSmTwS3XMDe_E_5vw,orinda-california
https://www.ubereats.com/san-francisco/food-delivery/silk-road-mediterranean/yiYwKmF8SuCUeHQavmwRcw,orinda-california
https://www.ubereats.com/san-francisco/food-delivery/paradigm-pizzas/nk-SymhNSwGCwqcHAFADAQ,orinda-california
https://www.ubereats.com/san-francisco/food-delivery/tsing-tao/F1bMgKe8T9mY6MZQ512d_A,orinda-california
https://www.ubereats.com/san-francisco/food-delivery/vitality-bowls-100-crescent-plaza/DLv-Pfr9RMSe-xunbmUHDA,orinda-california
https://www.ubereats.com/san-francisco/food-delivery/la-estrella-food-truck/1S1RJ9zXQC23uwBxwtXR3A,orinda-california
https://www.ubereats.com/san-francisco/food-delivery/la-marcha-tapas-bar/5fBMavxvRKK0KW2mCFfeog,orinda-california
https://www.ubereats.com/san-francisco/food-delivery/patxis-pizza-lafayette/UbfafvdYQBKLmAckMfycFA,orinda-california
https://www.ubereats.com/san-francisco/food-delivery/mcdonalds-6623-san-pablo-ave/MOLzwTElTXG6mS8-MZDhCA,orinda-california
https://www.ubereats.com/san-francisco/food-delivery/cafe-lakeview/rqvidgD8SwGZ9UHe0zRAFg,orinda-california
https://www.ubereats.com/san-francisco/food-delivery/hashtag-poki/f8NGKQzeRhixZw325foNqw,orinda-california
https://www.ubereats.com/san-francisco/food-delivery/holy-land-restaurant/dfde2L_aRZ6cn8jKMk5UiA,orinda-california
https://www.ubereats.com/san-francisco/food-delivery/himalayan-flavors-restaurant/uz-FI6kaT0egPsBF2oVCug,orinda-california
https://www.ubereats.com/san-francisco/food-delivery/islice/KtX8Kc8TQCOrCQJk9JU2Rw,orinda-california
https://www.ubereats.com/san-francisco/food-delivery/starbucks-n-california-%26-cole-ave/UnozSAK7RaOKhCDG2HtxJQ,orinda-california
https://www.ubereats.com/san-francisco/food-delivery/ks-coffee-house/aPJkxM4lRAOIf6ByrSpvPg,orinda-california
https://www.ubereats.com/san-francisco/food-delivery/lenas-soul-food-cafe/F9h91_7uSE6opXspVcXCIw,orinda-california
https://www.ubereats.com/san-francisco/food-delivery/krispy-krunchy-chicken/huNLEYmGTce1_qu4U8Cb3g,orinda-california
https://www.ubereats.com/san-francisco/food-delivery/thick-n-tasty-pizza/srxd0a8dTDiYzPwvxF9AIQ,orinda-california
https://www.ubereats.com/san-francisco/food-delivery/tuk-tuk-thai/AzxeZtG_S9CA8LpOTtfDuw,orinda-california
https://www.ubereats.com/san-francisco/food-delivery/475-cafe/aecX2LPmSmO4XpnP4gEF7Q,orinda-california
https://www.ubereats.com/san-francisco/food-delivery/ez-taqueria/gxMtrJM7RiW7Ge3AoUa59A,orinda-california
https://www.ubereats.com/san-francisco/food-delivery/baja-cali-taqueria-%26-grill/35tEau9tTNSQD0U0rboAwA,orinda-california
https://www.ubereats.com/san-francisco/food-delivery/gordito-amigos/TtdOtAbxSvSDJeks7AXtgw,orinda-california
https://www.ubereats.com/san-francisco/food-delivery/sweetgreen-berkeley/ng-gej3QSMiSrNynSRO-UQ,orinda-california
https://www.ubereats.com/san-francisco/food-delivery/papa-johns-2222-shattuck-ave/eehna8nxTDeuBNhtGbo1pg,orinda-california
https://www.ubereats.com/san-francisco/food-delivery/daimo-chinese-restaurant/fAzfiy1CQRmifZ8ldEJcqg,orinda-california
https://www.ubereats.com/san-francisco/food-delivery/sa-wad-dee-thai-restaurant/cRb4wDHeQfaW_hwC0w2Q3g,orinda-california
https://www.ubereats.com/san-francisco/food-delivery/house-of-curries-albany/GMj_jX4nSYKj9ns0mT9ySQ,orinda-california
https://www.ubereats.com/san-francisco/food-delivery/best-coast-burritos-oakland-ca/Smsm7QL8TbSYkbOkq2W6rA,orinda-california
https://www.ubereats.com/san-francisco/food-delivery/naan-n-curry/E8h7cTEUQm-oZTp7NaPeRQ,orinda-california
https://www.ubereats.com/san-francisco/food-delivery/thai-table/xtqECmu0RVy2bhNem9Dh1g,orinda-california
https://www.ubereats.com/san-francisco/food-delivery/mountain-mikes-pizza-1817-ygnacio-valley-rd/ctS9r8bmQ6i1F1SiEJKCeA,orinda-california
https://www.ubereats.com/san-francisco/food-delivery/dosa-by-dosa-berkeley/iJNYyOwuQ1C45-1F0UM4Ng,orinda-california
https://www.ubereats.com/san-francisco/food-delivery/burma-superstar-oakland/xeA1AUSIQw-uxabQGWDlvg,orinda-california
https://www.ubereats.com/san-francisco/food-delivery/barranco-cocina-peruana/zdb2hS2jStSwlsNANPtPxg,orinda-california
https://www.ubereats.com/san-francisco/food-delivery/barneys-gourmet-hamburgers-shattuck/2Y507jvYTL2wogqZljJKsA,orinda-california
https://www.ubereats.com/san-francisco/food-delivery/parada/RHrpOm1rSQOCSnESaPMTow,orinda-california
https://www.ubereats.com/san-francisco/food-delivery/kathmandu-restaurant/oFr1AUhuT126hzt2YOtcJQ,orinda-california
https://www.ubereats.com/san-francisco/food-delivery/starbucks-2059-mountain-blvd-oakland/E5CnMzxRQHi6vVX8a93HRg,orinda-california
https://www.ubereats.com/san-francisco/food-delivery/huangcheng-noodles/2Ka0_7q4Q6SHNQgo2FQFjA,orinda-california
https://www.ubereats.com/san-francisco/food-delivery/little-caesars-1109-university-ave/A8LtkmvhQSGPHSX8-Au-bQ,orinda-california
https://www.ubereats.com/san-francisco/food-delivery/sargam-indian-cuisine/8tC35CTESI2nUQfxdJZ0Sw,orinda-california
https://www.ubereats.com/san-francisco/food-delivery/the-noodle-company-famous-bao/LPFk5B7jTzChcAHZtbDLjw,orinda-california
https://www.ubereats.com/san-francisco/food-delivery/starbucks-3347-lakeshore-avenue/Ls-yIiW9Q8qCMPqPMWcClw,orinda-california
https://www.ubereats.com/san-francisco/food-delivery/yalla-mediterranean-catering-55-crescent-dr/1FbJr_emRGORbn9YmmbGcw,orinda-california
https://www.ubereats.com/san-francisco/food-delivery/kc-fusion-house/JU0M6f5yQ4ewe4qzwBr1iQ,orinda-california
https://www.ubereats.com/san-francisco/food-delivery/islice/gOzp1jYzQ-66flp9jDGWCA,orinda-california
https://www.ubereats.com/san-francisco/food-delivery/smokes-poutinerie-berkeley/Bdl4Olw0SMSszNxv55S4zw,orinda-california
https://www.ubereats.com/san-francisco/food-delivery/dona/OlwgCOOhTZGdNy2cP4pv1A,orinda-california
https://www.ubereats.com/san-francisco/food-delivery/salvage-hausu/wPZRDs42QZqE8fRxBKybtw,orinda-california
https://www.ubereats.com/san-francisco/food-delivery/namaste-madras-indian-cuisine/IFI2yXVhQkqyKeOBnpR-Jg,orinda-california
https://www.ubereats.com/san-francisco/food-delivery/starbucks-broadway-%26-grand-oakland/Rje0p0U6RzS1xevt9NVyiQ,orinda-california
https://www.ubereats.com/san-francisco/food-delivery/d-monaghans-on-the-hill/DSG4Bv9ASZe3V1fVaEjS5w,orinda-california
https://www.ubereats.com/san-francisco/food-delivery/stadium-pub/ydSl5akiTZOJd_MhHAcflw,orinda-california
https://www.ubereats.com/san-francisco/food-delivery/cinnaholic-berkeley/bIVi3aZ0R_6ksv_AQx7JCQ,orinda-california
https://www.ubereats.com/san-francisco/food-delivery/papalote-mexican-grill-berkeley/wui7BOw_RBCytS6Yvcn_Cg,orinda-california
https://www.ubereats.com/san-francisco/food-delivery/main-street-kitchen/qae9ctTaRfyEqUkiUxFSYw,orinda-california
https://www.ubereats.com/san-francisco/food-delivery/pizza-amigos/ir9k01i0QXKorPp0zhXxSw,orinda-california
https://www.ubereats.com/san-francisco/food-delivery/deli-belli/as4sgjeHSDe87s8XTzt_AA,orinda-california
https://www.ubereats.com/san-francisco/food-delivery/phosho-dough/o1D2n0-ESY-az6mSyCiHdg,orinda-california
https://www.ubereats.com/san-francisco/food-delivery/mountain-mikes-pizza-30-golf-club-rd-b/6e2CWEPZR5SAoQqxJYCMrw,orinda-california
https://www.ubereats.com/san-francisco/food-delivery/main-squeeze-oakland/C5MHKfjGTMyzc6irEgW0rg,orinda-california
https://www.ubereats.com/san-francisco/food-delivery/the-coffee-mill-%26-bakery/dZbRexEVSXCCfCbM3B29hQ,orinda-california
https://www.ubereats.com/san-francisco/food-delivery/jacks-restaurant-pleasant-hill/z4HAj-KUQWmyz1H8jqGSQg,orinda-california
https://www.ubereats.com/san-francisco/food-delivery/sumo-japanese-restaurant/830khyn9Q7efpesY1G79uw,orinda-california
https://www.ubereats.com/san-francisco/food-delivery/yogurtland-2390-monument-blvd/sH9hE9NgQcCN2UqiIg8pcw,orinda-california
https://www.ubereats.com/san-francisco/food-delivery/poke-parlor/H_nZCq-TScWCdCVZgLe4Tw,orinda-california
https://www.ubereats.com/san-francisco/food-delivery/new-delhi-bistro/1YpeZ6wWS0S40ckcEUJ11w,orinda-california
https://www.ubereats.com/san-francisco/food-delivery/homeroom-berkeley/Vq7wvGuhQ925AT7MyT7KOA,orinda-california
https://www.ubereats.com/san-francisco/food-delivery/la-note-restaurant/7NAKf1M7Ssm0pKfNWdHj4A,orinda-california
https://www.ubereats.com/san-francisco/food-delivery/docs-refresher/_VQhKAxvTvm6EM68lVmrzg,orinda-california
https://www.ubereats.com/san-francisco/food-delivery/katsumi-sushi/JFdZTmljSQqOkNeZHLG1FA,orinda-california
https://www.ubereats.com/san-francisco/food-delivery/u-dessert-story/soYpgThESIeaRSpgr7Lb6A,orinda-california
https://www.ubereats.com/san-francisco/food-delivery/holy-hummus/_KNKFMaHQCeV0BOpVMU97A,orinda-california
https://www.ubereats.com/san-francisco/food-delivery/baladi/3y2wT8tXQry574ct7cL-Kg,orinda-california
https://www.ubereats.com/san-francisco/food-delivery/nicos-1508/XvniXP42SVOuz2znjHZwUA,orinda-california
https://www.ubereats.com/san-francisco/food-delivery/cybelles-pizza-montclair/tVEL8FuMQl23fZWnLYWuIA,orinda-california
https://www.ubereats.com/san-francisco/food-delivery/king-pin-donuts/bMSm3ttiTGmvvQMTttcy5Q,orinda-california
https://www.ubereats.com/san-francisco/food-delivery/veggie-grill-walnut-creek/GIaG9mKfTaK615blFmYpGQ,orinda-california
https://www.ubereats.com/san-francisco/food-delivery/the-sunny-side-cafe/KnIPdOHqTcqnpNl6o_qS-w,orinda-california
https://www.ubereats.com/san-francisco/food-delivery/lilly-thai-kitchen/Bb5BAeBNTaqXB5NJX4whiw,orinda-california
https://www.ubereats.com/san-francisco/food-delivery/la-vals-pizza-albany/wb7pa0AiTViogc4ejAVxkQ,orinda-california
https://www.ubereats.com/san-francisco/food-delivery/tacos-walnut-creek/iv26qsaXTLmNJ3xn3A-MWg,orinda-california
https://www.ubereats.com/san-francisco/food-delivery/zacharys-chicago-pizza-berkeley/X04dr6KvRkKuiY6cyAsMuQ,orinda-california
https://www.ubereats.com/san-francisco/food-delivery/mehak-indian-cuisine/lblHxLTPQQWQbZxsgXo5OQ,orinda-california
https://www.ubereats.com/san-francisco/food-delivery/toyosu/Wm_6UCm1Tni4pJQv723mjA,orinda-california
https://www.ubereats.com/san-francisco/food-delivery/kitchen-story-oakland/pOgct-JySwSijHr8NPthow,orinda-california
https://www.ubereats.com/san-francisco/food-delivery/papa-murphys-1577a-palos-verdes-mall/gI-N1qNiRFmsB-LVpkKZig,orinda-california
https://www.ubereats.com/san-francisco/food-delivery/pattys-%26-buns-burgers/o_o8MsJtT9e3t6VoeRxHNg,orinda-california
https://www.ubereats.com/san-francisco/food-delivery/simply-bowl/9FSj02YSSVeibLLZvikhfA,orinda-california
https://www.ubereats.com/san-francisco/food-delivery/kfc-3734-macarthur-boulevard/hWjB9vi2RC-M4Bwa9mZOsQ,orinda-california
https://www.ubereats.com/san-francisco/food-delivery/tacos-el-rulas/AVxJ3TJVSfmHf2dGUQQnUA,orinda-california
https://www.ubereats.com/san-francisco/food-delivery/ikaros-greek-restaurant/ZJ4HKiyWTAGK6cs9iJzSNQ,orinda-california
https://www.ubereats.com/san-francisco/food-delivery/rnr-sushi-n-bowls/hqueelX4SpGtyBatsPsCNA,orinda-california
https://www.ubereats.com/san-francisco/food-delivery/san-francisco-creamery-co/fDdssGtlQ5Wv0K0u7rezAg,orinda-california
https://www.ubereats.com/san-francisco/food-delivery/sweet-basil-thai-berkeley/tfyEx2reTfKHRo2YTMn0OQ,orinda-california
https://www.ubereats.com/san-francisco/food-delivery/rendez-vous-cafe-bistro/oWVqwKn7TPyJSPiSs3_diQ,orinda-california
https://www.ubereats.com/san-francisco/food-delivery/sharetea-orinda/aaRswD3pSriC9L98AwbLhQ,orinda-california
https://www.ubereats.com/san-francisco/food-delivery/the-counter-1699-n-california-blvd/al_ltvdMRDOaMrjhkCAxRw,orinda-california
https://www.ubereats.com/san-francisco/food-delivery/sasa-kitchen/2A_xCeajRL-2-1tz2Bs2FA,orinda-california
https://www.ubereats.com/san-francisco/food-delivery/el-agavero-restaurant/lexlylE6QHS7KCorKZ49rA,orinda-california
https://www.ubereats.com/san-francisco/food-delivery/dumpling-express/aMIEojB0TACRhEvRcdgBUw,orinda-california
https://www.ubereats.com/san-francisco/food-delivery/nomad-cafe/w1K4fdjGQaW2yNl-Sa6qpw,orinda-california
https://www.ubereats.com/san-francisco/food-delivery/vulcan-thai-cafe/a1MvLeypRTer2bLpEs1fNw,orinda-california
https://www.ubereats.com/san-francisco/food-delivery/xyclo-restaurant/mg3EZySsSZ-h0wMi2uINNQ,orinda-california
https://www.ubereats.com/san-francisco/food-delivery/vitality-bowls-1528-locust-st/mPK8xssOTlGZI_by3su5ew,orinda-california
https://www.ubereats.com/san-francisco/food-delivery/hk-home-kitchen/vepMaf-UT_GvtYHmy08zEQ,orinda-california
https://www.ubereats.com/san-francisco/food-delivery/azit/4OpOk4ghT9O46JkrKPlT4g,orinda-california
https://www.ubereats.com/san-francisco/food-delivery/papa-cho/4TbOn7SvSMCAsV1axXYm3Q,orinda-california
https://www.ubereats.com/san-francisco/food-delivery/cafenated-coffee-co/2Ryv8q0FT1OU58u4dyS--A,orinda-california
https://www.ubereats.com/san-francisco/food-delivery/batch-%26-brine/Gr6MjMrwR3mF2GVyDFgNOw,orinda-california
https://www.ubereats.com/san-francisco/food-delivery/republic-of-cake/KuiE-0StRVi0_M1x9DuXuw,orinda-california
https://www.ubereats.com/san-francisco/food-delivery/blackberry-bistro/mGoEGVuuR8SPX15eMv6VOg,orinda-california
https://www.ubereats.com/san-francisco/food-delivery/crepes-a-go-go/cxhCxygHR66acmKzM1GCOg,orinda-california
https://www.ubereats.com/san-francisco/food-delivery/hot-wings-co/qc4ONWTMTTuikiR9RPUSSg,orinda-california
https://www.ubereats.com/san-francisco/food-delivery/lox-stock-%26-bagel/75ZadqyjSQqM5402AHFUhg,orinda-california
https://www.ubereats.com/san-francisco/food-delivery/brazil-fresh-squeeze-cafe/iWg2Lja-RpK38061UuEsrw,orinda-california
https://www.ubereats.com/san-francisco/food-delivery/the-saap-avenue/zUDUVDuWTaKrm6lmlQdikw,orinda-california
https://www.ubereats.com/san-francisco/food-delivery/patatas/NZLDUKJgS1akmGKv7wyOwg,orinda-california
https://www.ubereats.com/san-francisco/food-delivery/the-musical-offering-cafe/0g_UAleDRQeCjTTWrJjuqQ,orinda-california
https://www.ubereats.com/san-francisco/food-delivery/mellana-cafe/qKHYBasWRmyLXHM0PUCmDw,orinda-california
https://www.ubereats.com/san-francisco/food-delivery/the-mediterranean/jHfJ9zGKSG6sZRGwR9h1TA,orinda-california
https://www.ubereats.com/san-francisco/food-delivery/skyline-pizza/0GuVRO0OTPi_rYatWS9EAA,orinda-california
https://www.ubereats.com/san-francisco/food-delivery/sliver-pizzeria-oakland/HLzX0wPbQgSgwMzYYYU6tw,orinda-california
https://www.ubereats.com/san-francisco/food-delivery/savemore-market-deli/shUdovsVT1O9iRWny6qz1A,orinda-california
https://www.ubereats.com/san-francisco/food-delivery/krispy-krunchy-chicken/MRuMtb00TtyJiAeE3kHLeQ,orinda-california
https://www.ubereats.com/san-francisco/food-delivery/happy-slice-pizza-oakland/AuembOf9RdOQnCKpepcrqg,orinda-california
https://www.ubereats.com/san-francisco/food-delivery/cupcakin-bake-shop/W34BWeQoQFmq7Z9XAyBQNQ,orinda-california
https://www.ubereats.com/san-francisco/food-delivery/tai-san-restaurant/GDu3f9e0QXypoY_rW93YOg,orinda-california
https://www.ubereats.com/san-francisco/food-delivery/judys-burger/UFhRarGFTWWinWk8zQ16DA,orinda-california
https://www.ubereats.com/san-francisco/food-delivery/crepevine-berkeley/lJh-ByxcSau_oWtdt4gW6w,orinda-california
https://www.ubereats.com/san-francisco/food-delivery/van-leeuwen-ice-cream-berkeley/m7EnDjCjQneJ_ywNNqKFQA,orinda-california
https://www.ubereats.com/san-francisco/food-delivery/extreme-pizza-walnut-creek/mUEzSffKQBCka5DR20hGJw,orinda-california
https://www.ubereats.com/san-francisco/food-delivery/sheng-kee-bakery-berkley/VU0BBzYuSF2bf_M3IaoRdw,orinda-california
https://www.ubereats.com/san-francisco/food-delivery/enssaro/2wFo7bp_Q5uKswHeG9y6ng,orinda-california
https://www.ubereats.com/san-francisco/food-delivery/milky-way-coffee/J1lvyMYRSyuQpP6WSwd_mg,orinda-california
https://www.ubereats.com/san-francisco/food-delivery/cha-ya-vegetarian-japanese-restaurant/DUTwHlwkT2uzqQpVgOHEWQ,orinda-california
https://www.ubereats.com/san-francisco/food-delivery/zomsa/1FYUmdHvTrKi85U74dDkDQ,orinda-california
https://www.ubereats.com/san-francisco/food-delivery/dennys-1776-powell-street/mGFe2PG3TYSCvYw7OmYYow,orinda-california
https://www.ubereats.com/san-francisco/food-delivery/himalayan-tandoori-%26-curry-house/J8wRqdnkTTWTT1LX2Ty5GQ,orinda-california
https://www.ubereats.com/san-francisco/food-delivery/blue-bottle-coffee-2001-franklin-street/zPvrIM6-TnOpD1eVjH2Q9A,orinda-california
https://www.ubereats.com/san-francisco/food-delivery/amarin-thai-cuisine-lafayette/OmXHmximQsmF-BsOP1Ja-w,orinda-california
https://www.ubereats.com/san-francisco/food-delivery/los-cerros-mexican-grill/gN9TLr4xTvGrKjhdmEkYjg,orinda-california
https://www.ubereats.com/san-francisco/food-delivery/chatte-tea-%26-desserts/OCHbzsjMRQe7MrTWjJAaHQ,orinda-california
https://www.ubereats.com/san-francisco/food-delivery/chubby-pie-oakland/67I4ZNq4TMaWejMUTlNLOQ,orinda-california
https://www.ubereats.com/san-francisco/food-delivery/masabaga/4yRHri5_SLK_B71uSJVyZg,orinda-california
https://www.ubereats.com/san-francisco/food-delivery/china-wall-buffet/VM6QsxETRqmPwLiEeJXrGg,orinda-california
https://www.ubereats.com/san-francisco/food-delivery/daol-tofu/IsrDEXKhQlu52xuL79BN9g,orinda-california
https://www.ubereats.com/san-francisco/food-delivery/venus-solano/h6Q-D1JsR8eva4txkVmd8g,orinda-california
https://www.ubereats.com/san-francisco/food-delivery/macaroni-grill-el-cerrito/KG8b1rFZSfybQtcknFcuyQ,orinda-california
https://www.ubereats.com/san-francisco/food-delivery/marufuku-ramen/ejgEClSCR8i0-CE0g9t4dA,orinda-california
https://www.ubereats.com/san-francisco/food-delivery/aisle-5-oakland/X4y5o4v6S0mXcTW1yXf8jQ,orinda-california
https://www.ubereats.com/san-francisco/food-delivery/lake-chalet/sywBFpzyQ16x0j0SNnksFQ,orinda-california
https://www.ubereats.com/san-francisco/food-delivery/caffe-california/kR6pmF_HRxuzqle_0dHsFQ,orinda-california
https://www.ubereats.com/san-francisco/food-delivery/sichuan-style-restaurant/u-Cb3e5xSH24URcKRh2zMw,orinda-california
https://www.ubereats.com/san-francisco/food-delivery/los-cantaros-taqueria-emeryville-ca/lhzVwWt1TjeQwVOSLn7RKg,orinda-california
https://www.ubereats.com/san-francisco/food-delivery/hancook/PzGX9ApgSaWrPg5C_5v55A,orinda-california
https://www.ubereats.com/san-francisco/food-delivery/pressed-juicery-walnut-creek/fO9IUnCARIOcCDy1yjwdtQ,orinda-california
https://www.ubereats.com/san-francisco/food-delivery/milk-tea-lab/3HwbO2sgSUucdCZUw8FaPA,orinda-california
https://www.ubereats.com/san-francisco/food-delivery/cinco-de-mayo-center/gFxecPImQFaqfBePyPyqCA,orinda-california
https://www.ubereats.com/san-francisco/food-delivery/southside-station/QWmsWbBNQ9qYeGzntp8_-A,orinda-california
https://www.ubereats.com/san-francisco/food-delivery/rare-tea/dM_GtCGaRP-Jqaq3dFW-oQ,orinda-california
https://www.ubereats.com/san-francisco/food-delivery/brazil-cafe/7PCx-b7oS_yjBJuJXxGUbQ,orinda-california
https://www.ubereats.com/san-francisco/food-delivery/royal-ground-coffee-house/cPeio1ETRjW0FPLXN285PQ,orinda-california
https://www.ubereats.com/san-francisco/food-delivery/why-cook/4-Xb1f9qTMiM78rM1uea0g,orinda-california
https://www.ubereats.com/san-francisco/food-delivery/panda-express-1041-arnold-drive/7-NZAOl-QXiumdd_z3QgoQ,orinda-california
https://www.ubereats.com/san-francisco/food-delivery/carls-jr-3770-telegraph-ave/65IF872dQS-UEJE7_tRsGA,orinda-california
https://www.ubereats.com/san-francisco/food-delivery/pizza-my-way/V00kG3kxR7i0g8pCuLHISw,orinda-california
https://www.ubereats.com/san-francisco/food-delivery/kabob-house/cy788F_-SbKeK5Ak5Uwg2w,orinda-california
https://www.ubereats.com/san-francisco/food-delivery/china-chef/jDd6wfMQRxmT3PQTjK8g0A,orinda-california
https://www.ubereats.com/san-francisco/food-delivery/tasty-pot-berkeley/qFSZKXu4SBOV8xIACtEQmg,orinda-california
https://www.ubereats.com/san-francisco/food-delivery/rojbas-grill/FmLBebGASGemaBO5S_q4cA,orinda-california
https://www.ubereats.com/san-francisco/food-delivery/daryoush/MnU_s2sKTi2Z8qV8L-sb7Q,orinda-california
https://www.ubereats.com/san-francisco/food-delivery/el-burro-picante/4WydfGnXTf2-s0IOYo31og,orinda-california
https://www.ubereats.com/san-francisco/food-delivery/ajanta-restaurant/QZTtHy57TpGzS6mA7AbeYA,orinda-california
https://www.ubereats.com/san-francisco/food-delivery/dosa-by-dosa-emeryville/WXieoDUERmSQJ9FHIHU9Hg,orinda-california
https://www.ubereats.com/san-francisco/food-delivery/cancun-sabor-mexicano/x5IiVELrQ-qnd-amV1r21Q,orinda-california
https://www.ubereats.com/san-francisco/food-delivery/thai-delight-cuisine/bKgH0xKTTLqDeoRQh5pV_g,orinda-california
https://www.ubereats.com/san-francisco/food-delivery/vault-cafe-%26-restaurant/oiBmaAf_Ta6nmv1xt2X7OA,orinda-california
https://www.ubereats.com/san-francisco/food-delivery/zing-cafe/ZCCIQoRERX6V-e9o_HQkwA,orinda-california
https://www.ubereats.com/san-francisco/food-delivery/freshroll-vietnamese-rolls-%26-bowls/DSwFZDZxSP-4us2EnEoK9g,orinda-california
https://www.ubereats.com/san-francisco/food-delivery/koryo-sushi/fXhdb3e4SxevWOqUYsUwLg,orinda-california
https://www.ubereats.com/san-francisco/food-delivery/lichatea/fjuajiSjS1-zLdqOxXoV-g,orinda-california
https://www.ubereats.com/san-francisco/food-delivery/cafe-milano/pjO7U3OFRcCfQV0EyaxhSw,orinda-california
https://www.ubereats.com/san-francisco/food-delivery/chipotle-mexican-grill-3518-mt-diablo-blvd-ste-f/K5PdG5PpQUWd1oPUEZPKgQ,orinda-california
https://www.ubereats.com/san-francisco/food-delivery/momo-masalas/gvv9hBFjQqW9-v937OsItQ,orinda-california
https://www.ubereats.com/san-francisco/food-delivery/dozo-ramen/4lmQgTATQUqzLoGoZHNU5g,orinda-california
https://www.ubereats.com/san-francisco/food-delivery/tako-sushi/0fxdzkt6TfK3U35zirZHDw,orinda-california
https://www.ubereats.com/san-francisco/food-delivery/bangkok-jam/C0MZdiqtQDanuOjfDoXRsw,orinda-california
https://www.ubereats.com/san-francisco/food-delivery/flavia/yRuZ_S2ASiiB4qZv7qmWqQ,orinda-california
https://www.ubereats.com/san-francisco/food-delivery/mountain-mikes-pizza-1516-fitzgerald-dr/33mF2s_0Q2uyrE0N4SZxSw,orinda-california
https://www.ubereats.com/san-francisco/food-delivery/kimchi-garden/N6xOahNaQh6kA1d8tuSXoA,orinda-california
https://www.ubereats.com/san-francisco/food-delivery/maria-maria-walnut-creek/OlX-yAK8Tv6caB5WxrDxLA,orinda-california
https://www.ubereats.com/san-francisco/food-delivery/turkish-kitchen/4Pi1kOQvTH6bGelpqO2_9w,orinda-california
https://www.ubereats.com/san-francisco/food-delivery/al-maida-hot-food/a7OPezGHT-CznNl-uvjePg,orinda-california
https://www.ubereats.com/san-francisco/food-delivery/burger-king-4424-broadway/kp8WQrf_QeyaMvuvRBeNPg,orinda-california
https://www.ubereats.com/san-francisco/food-delivery/barbarian-pizza-bar/jv24YVsMQi-pMsb3JdCghw,orinda-california
https://www.ubereats.com/san-francisco/food-delivery/kaze-ramen/f42rfWx6R5adRa7rc83D2Q,orinda-california
https://www.ubereats.com/san-francisco/food-delivery/starbucks-main-%26-treat/TbtEsVTqQV2Idpt_0N-7VQ,orinda-california
https://www.ubereats.com/san-francisco/food-delivery/project-juice-berkeley/i_nDkFeoQ0673Ut1YnvYHA,orinda-california
https://www.ubereats.com/san-francisco/food-delivery/isshin-ramen-house/Jpz3JMoCQ1C-XXLksMr5Rg,orinda-california
https://www.ubereats.com/san-francisco/food-delivery/kims-cafe-%26-sandwiches/0Gd3rPXIRsGO-PxiffhqMg,orinda-california
https://www.ubereats.com/san-francisco/food-delivery/himalayan-curry-house/RQSz0b5HTEGJb_N7h7YBhw,orinda-california
https://www.ubereats.com/san-francisco/food-delivery/mlk-cafe/elCN9mkrRCqDiVe8ATVpTA,orinda-california
https://www.ubereats.com/san-francisco/food-delivery/mandarin-house/0uWlgbORS0qlMGRwSDbghQ,orinda-california
https://www.ubereats.com/san-francisco/food-delivery/the-ice-cream-shop/lzfyUo4OS3G0CQZ18iIBbw,orinda-california
https://www.ubereats.com/san-francisco/food-delivery/chengdu-style-restaurant-berkeley/OzpxdadLTfetJmKr9WGoQw,orinda-california
https://www.ubereats.com/san-francisco/food-delivery/chicagos-pizza-with-a-twist-el-sobrante/N4wPGlf-Q5eKBW80vLORew,orinda-california
https://www.ubereats.com/san-francisco/food-delivery/local-food-hall-berkeley/etVHhTdkRJSRyfOUfb_Xrg,orinda-california
https://www.ubereats.com/san-francisco/food-delivery/lucias-pizzeria/2owV-B1-SUaVrC_--indPg,orinda-california
https://www.ubereats.com/san-francisco/food-delivery/mountain-mikes-pizza-504-center-st/7dHWccpcQbWwtfxyry-rwQ,orinda-california
https://www.ubereats.com/san-francisco/food-delivery/cafe-umami/DjB_MqLjT1uD6Ujz1IkNtA,orinda-california
https://www.ubereats.com/san-francisco/food-delivery/revival/8g9Rb67SRZGj2HCRIeKv8Q,orinda-california
https://www.ubereats.com/san-francisco/food-delivery/peters-kettle-corn/KZ6Mt-vqRZml57BnDfpmaw,orinda-california
https://www.ubereats.com/san-francisco/food-delivery/crogans/TR7gAqtSS7Kcta58Q2O03w,orinda-california
https://www.ubereats.com/san-francisco/food-delivery/immortal-juice-co/TaGXfAeARlW7iBFOH0tFkw,orinda-california
https://www.ubereats.com/san-francisco/food-delivery/wendys-5211-broadway/16E14EGDQa-Xt1M_8ISttw,orinda-california
https://www.ubereats.com/san-francisco/food-delivery/flemings-prime-steakhouse-%26-wine-bar-walnut-creek/qnRcLKFITmuyGDxd5OLnZQ,orinda-california
https://www.ubereats.com/san-francisco/food-delivery/gios-pizza-and-bocce-berkeley/PKq88TXtSYyG8jbgUL48_g,orinda-california
https://www.ubereats.com/san-francisco/food-delivery/proposition-chicken-oakland/uaTkjdh5RB6vHY_b_juiCA,orinda-california
https://www.ubereats.com/san-francisco/food-delivery/babalous-mediterranean/asEkupgsSbmHQHacEGlr4Q,orinda-california
https://www.ubereats.com/san-francisco/food-delivery/quetzal-taqueria-and-antojitos/O2wcPNxwSKyAIBJZJN_TnA,orinda-california
https://www.ubereats.com/san-francisco/food-delivery/abes-healthy-pizza-kitchen-berkeley/0HbxAIcQTnCVceJDL88dDQ,orinda-california
https://www.ubereats.com/san-francisco/food-delivery/oyama-sushi-3651-mt-diablo-blvd/ipgHrEtST4y6FA5v6bU9LQ,orinda-california
https://www.ubereats.com/san-francisco/food-delivery/top-dog/FiCdoQ73SDy2zCPBiEoT7w,orinda-california
https://www.ubereats.com/san-francisco/food-delivery/sushi-secrets/6au2fCYCRlW7RUB_KyLAdg,orinda-california
https://www.ubereats.com/san-francisco/food-delivery/burger-loft/cd_p8Vj_SoGAsvSJUP9fPA,orinda-california
https://www.ubereats.com/san-francisco/food-delivery/new-york-pizza-and-pasta-pleasant-hill/B2tYil6cQOaMN3cM3OrFEQ,orinda-california
https://www.ubereats.com/san-francisco/food-delivery/kfc-950-market-street/pTbYPjHLQaaQ5Qav39P4xg,orinda-california
https://www.ubereats.com/san-francisco/food-delivery/the-burrito-truck/ZJu303Y7SgqddjseKT1ddg,orinda-california
https://www.ubereats.com/san-francisco/food-delivery/zacharys-chicago-pizza-pleasant-hill/BG557tiDSEW63xsT6w0fDw,orinda-california
https://www.ubereats.com/san-francisco/food-delivery/baan-thai-restaurant/44NNHDR_Sii-u54joUuAvg,orinda-california
https://www.ubereats.com/san-francisco/food-delivery/philz-coffee-3597-mt-diablo-blvd/d2q0sTpOQCeABdTanHStQQ,orinda-california
https://www.ubereats.com/san-francisco/food-delivery/bualuang-thai-cuisine/K54fe40CTTe0l7BF8p2-CA,orinda-california
https://www.ubereats.com/san-francisco/food-delivery/glaze-teriyaki-grill-berkeley/jTeSmCUUSn6amKhADu9jXA,orinda-california
https://www.ubereats.com/san-francisco/food-delivery/american-kitchen-lafayette/3L87pa7cQv2wL_w0t5g3Rg,orinda-california
https://www.ubereats.com/san-francisco/food-delivery/boston-market-2180-contra-costa-blvd/OPpbZMHGQDOnowMccK33kw,orinda-california
https://www.ubereats.com/san-francisco/food-delivery/moe-sushi-and-grill/heyq8m1ITIOyL4zR5UZ_DQ,orinda-california
https://www.ubereats.com/san-francisco/food-delivery/the-original-mels-1394-n-main-st-walnut-creek/StuZ_T-CR3CxBkOejmbgCw,orinda-california
https://www.ubereats.com/san-francisco/food-delivery/chicks-and-love/hZR59ohGQ3SDxzud8_BmOg,orinda-california
https://www.ubereats.com/san-francisco/food-delivery/mcdonalds-jackson-st/mqXdYXpERpG2iQVIdgBnEQ,orinda-california
https://www.ubereats.com/san-francisco/food-delivery/damo-sushi/9vn4ib55QVqIjxokwR5rQw,orinda-california
https://www.ubereats.com/san-francisco/food-delivery/telegraph/AoOjtsInTYGGeLsxuYcGtw,orinda-california
https://www.ubereats.com/san-francisco/food-delivery/juns-island-fusion/DcmISI2iQSKvIv5IBYHY9Q,orinda-california
https://www.ubereats.com/san-francisco/food-delivery/smooth-season/Rsvab765Qdub9iY7V09rSw,orinda-california
https://www.ubereats.com/san-francisco/food-delivery/yimm/slEGXPlASNWcuebpO9AGsA,orinda-california
https://www.ubereats.com/san-francisco/food-delivery/poki-time-berkeley/-Wv2Lwk2RwuKMyf-kky96g,orinda-california
https://www.ubereats.com/san-francisco/food-delivery/kfc-3400-foothill-boulevard/PXeThL_oStar8GbyXIctcg,orinda-california
https://www.ubereats.com/san-francisco/food-delivery/punjabi-dhaba/PUeByArwQBWnAF7ajD-dVw,orinda-california
https://www.ubereats.com/san-francisco/food-delivery/mountain-mikes-pizza-10750-san-pablo-ave/s5FHDcLCRGic0RVvLWEq6Q,orinda-california
https://www.ubereats.com/san-francisco/food-delivery/mr-pickles-sandwich-shop-el-cerrito/QOYitDwhRt2EFpSLXO6yDw,orinda-california
https://www.ubereats.com/san-francisco/food-delivery/nori-roll/KFkrMCFlQ7y9fuF5QCANsA,orinda-california
https://www.ubereats.com/san-francisco/food-delivery/lemat-ethiopian-restaurant-and-cafe/N10fDmX8S0uTMT1fPUz3Gw,orinda-california
https://www.ubereats.com/san-francisco/food-delivery/koja-kitchen-berkeley/ZrouBODYQKymFAJIADEwmA,orinda-california
https://www.ubereats.com/san-francisco/food-delivery/almare-gelato-italiano/lBn4AIK7RLaju7zgg_BOkw,orinda-california
https://www.ubereats.com/san-francisco/food-delivery/savory-kitchen/loNFwGqfS9WaCqsN94YTug,orinda-california
https://www.ubereats.com/san-francisco/food-delivery/causwells-berkeley/_VCJZ_tAQhiOZ9lIR7SEsw,orinda-california
https://www.ubereats.com/san-francisco/food-delivery/dyar-mediterranean-cuisine/rQRbK7iDT1aIQsom4Ic5NQ,orinda-california
https://www.ubereats.com/san-francisco/food-delivery/jotmahal/8eZbIQKvTtq-UHOew4s2kg,orinda-california
https://www.ubereats.com/san-francisco/food-delivery/las-cabanas-mexican-grill-%26-taqueria/pyNGh6nyQe6NrG7rTS3Cmw,orinda-california
https://www.ubereats.com/san-francisco/food-delivery/pieology-pizzeria-2380-monument-blvd/BWQataQJRMSTfVXW9eACBg,orinda-california
https://www.ubereats.com/san-francisco/food-delivery/churchs-chicken-4155-telegraph-avenue/lENYUP7sSO2_SJ9tbhY0OA,orinda-california
https://www.ubereats.com/san-francisco/food-delivery/pizzaiolo/23edb3rzQa-bmArAvCS-Xw,orinda-california
https://www.ubereats.com/san-francisco/food-delivery/3-seasons-thai-bistro/JwLXG6KlTdqqCDLIX9IX6w,orinda-california
https://www.ubereats.com/san-francisco/food-delivery/in-the-wood/WVt0SVA4T0CLiWP7-wdfAw,orinda-california
https://www.ubereats.com/san-francisco/food-delivery/ok-cafe/d4-n0Dw5QTiwoluV-I7YhQ,orinda-california
https://www.ubereats.com/san-francisco/food-delivery/panda-express-3608-mt-diablo-blvd/Knnfjh4wTLumADv6jXs3jQ,orinda-california
https://www.ubereats.com/san-francisco/food-delivery/lynn-and-lus-escapade-cafe/pOC1xOTeQkSPY90xxk9dRw,orinda-california
https://www.ubereats.com/san-francisco/food-delivery/menchies-frozen-yogurt-1862-euclid-ave/8YY7zu8oQl2GksMvPFVLCg,orinda-california
https://www.ubereats.com/san-francisco/food-delivery/poke-go/9UsTBA8jTDaRlhM8tCIddA,orinda-california
https://www.ubereats.com/san-francisco/food-delivery/yogurtland-1247-s-california-blvd/T3wmdSa8QjaKO8u9sa5QKg,orinda-california
https://www.ubereats.com/san-francisco/food-delivery/vitality-bowls-1625-shattuck-ave/DcYWzw97RFS9mKpDnBIoWg,orinda-california
https://www.ubereats.com/san-francisco/food-delivery/mrfivepercentmore/i5liwJYjT_6_7QhIyGMKMw,orinda-california
https://www.ubereats.com/san-francisco/food-delivery/oori-rice-triangles-college-ave/OYTiAF9SSRq-fTHimkQ_kQ,orinda-california
https://www.ubereats.com/san-francisco/food-delivery/nations-giant-hamburgers-orinda/D9bkPmu7Q8257jRE71pzlA,orinda-california
https://www.ubereats.com/san-francisco/food-delivery/humphry-slocombe-ice-cream-berkeley/SWGxo7jMSdyav3Nk9Rj6Hw,orinda-california
https://www.ubereats.com/san-francisco/food-delivery/great-wall-chinese-restaurant/VRT3otJqQyO5GnEHorgJUw,orinda-california
https://www.ubereats.com/san-francisco/food-delivery/oori-rice-triangles/2ggJ14ycTge_WnqNDSDCRg,orinda-california
https://www.ubereats.com/san-francisco/food-delivery/smitten-ice-cream-rockridge/CU6q9wN0Qb2kX9Zkyuf_lg,orinda-california
https://www.ubereats.com/san-francisco/food-delivery/bollywood-cafe/O00imz8MSrGMjSGcaJATSg,orinda-california
https://www.ubereats.com/san-francisco/food-delivery/homegrown-oakland/anXz1apLRxq0OQRNVKamSw,orinda-california
https://www.ubereats.com/san-francisco/food-delivery/cool!naria/huKT0zX2Tma36DyWKyBKmg,orinda-california
https://www.ubereats.com/san-francisco/food-delivery/berkeley-thai-house/2VBkDTd7Tc6ZQuTtcuwN2g,orinda-california
https://www.ubereats.com/san-francisco/food-delivery/tgi-oni-sushi/WjpipxMuRP-PZ_9a3n4KBA,orinda-california
https://www.ubereats.com/san-francisco/food-delivery/the-italian-homemade-company-berkeley/gyYpWxeiSuGugUR3SAj_tg,orinda-california
https://www.ubereats.com/san-francisco/food-delivery/everest-kitchen/NIWGRlDaQH24bNmOgRzK3A,orinda-california
https://www.ubereats.com/san-francisco/food-delivery/mien-tay-restaurant/Xj9hvSJ8S7C2_mh5UNgz9A,orinda-california
https://www.ubereats.com/san-francisco/food-delivery/jules-thin-crust/oC7xwAtmQP6nYR71HtPgxQ,orinda-california
https://www.ubereats.com/san-francisco/food-delivery/cafe-teatro/6eZH-BcTQoKWeg7HXlEWqg,orinda-california
https://www.ubereats.com/san-francisco/food-delivery/a16-rockridge/VVYdJNtySMidS_RTOTocmg,orinda-california
https://www.ubereats.com/san-francisco/food-delivery/lacajou-bakery/STuykOzhSWm1STpKRbClPQ,orinda-california
https://www.ubereats.com/san-francisco/food-delivery/organic-greens/YKMf-QEdRsW2cFsZSwridw,orinda-california
https://www.ubereats.com/san-francisco/food-delivery/papa-johns-pizza-oakland/eRgHv7dQR4u8430fimKVrw,orinda-california
https://www.ubereats.com/san-francisco/food-delivery/vietnam-grille/I2CtzQGLSfO3Zvz0Xe6UCA,orinda-california
https://www.ubereats.com/san-francisco/food-delivery/nations-giant-hamburgers-berkeley/4FLnu0tcTF-u_Pc0ud9qtA,orinda-california
https://www.ubereats.com/san-francisco/food-delivery/barneys-gourmet-hamburgers-solano/lC0fyB8NRxiKFm82xo8Cfg,orinda-california
https://www.ubereats.com/san-francisco/food-delivery/the-ice-cream-shop/3VEOWFwWTRyJxlfIHDpN_Q,orinda-california
https://www.ubereats.com/san-francisco/food-delivery/chipotle-mexican-grill-3017-broadway/7ZpHjH29RF2tbBGz6-wfBA,orinda-california
https://www.ubereats.com/san-francisco/food-delivery/the-junket/gJz2Z4ixQZO7yRka4zev6g,orinda-california
https://www.ubereats.com/san-francisco/food-delivery/mr-pickles-sandwich-shop-walnut-creek/75nhAmKgQRKsDKlQuRkI5A,orinda-california
https://www.ubereats.com/san-francisco/food-delivery/bongo-burger-southside/V_XupUzASainwIBf1IHNEw,orinda-california
https://www.ubereats.com/san-francisco/food-delivery/jasmine-blossom-thai-cuisine/m916NTcrRuObEcmnC1gLtA,orinda-california
https://www.ubereats.com/san-francisco/food-delivery/sliver-pizzeria-telegraph/erNp5lIfQEGC8cAzDlpDsw,orinda-california
https://www.ubereats.com/san-francisco/food-delivery/vanessas-bistro-2/YuyXWW0NQ4-i5FHQl_VCRg,orinda-california
https://www.ubereats.com/san-francisco/food-delivery/chipotle-mexican-grill-60-crescent-dr-ste-g/mXP9qPkbTLunDqc9kRz1Mw,orinda-california
https://www.ubereats.com/san-francisco/food-delivery/sabuy-sabuy2-thai-cuisine/LWT_O2hrRXGwxNoMCiAkBw,orinda-california
https://www.ubereats.com/san-francisco/food-delivery/cream-walnut-creek/Lgf27vOeRWGxtspupQYJNw,orinda-california
https://www.ubereats.com/san-francisco/food-delivery/chicken-pie-shop-walnut-creek/Yz6ILe-5TEelG7YkycZb4g,orinda-california
https://www.ubereats.com/san-francisco/food-delivery/mingles-pizza/3vlIO_tjTfetcV-tee5WMg,orinda-california
https://www.ubereats.com/san-francisco/food-delivery/the-star-on-grand/uSaF3fVcTWiyFststO72yw,orinda-california
https://www.ubereats.com/san-francisco/food-delivery/shogun-japanese-sushi-%26-grill/YE2h_qK_R6GHF1t1VMZAvg,orinda-california
https://www.ubereats.com/san-francisco/food-delivery/symas-mexican-grill/NaU9KiKHRw-Z7aReKBR9OQ,orinda-california
https://www.ubereats.com/san-francisco/food-delivery/helping-foods/mGNvoBZyRpufR_I6nRKDbQ,orinda-california
https://www.ubereats.com/san-francisco/food-delivery/gai-barn-thai-soul-food/CMpiaQLKQCOMZr0X-m2FRA,orinda-california
https://www.ubereats.com/san-francisco/food-delivery/urbann-turbann/l66lfVh1SmeSduuzHRdGzQ,orinda-california
https://www.ubereats.com/san-francisco/food-delivery/coffee-shop-lafayette/QyNoEoL8TySNc9VY6_j0RQ,orinda-california
https://www.ubereats.com/san-francisco/food-delivery/starbucks-orinda-theatre-square/6ZisbL83Qk-5KoP0v2LTiQ,orinda-california
https://www.ubereats.com/san-francisco/food-delivery/gotta-eatta-pita-pleasant-hill/wq1FEpP2TXyIBksMzvbIcA,orinda-california
https://www.ubereats.com/san-francisco/food-delivery/little-gem-belgian-waffles/NudH10inQZ2Lq4Bif6GEEw,orinda-california
https://www.ubereats.com/san-francisco/food-delivery/limon-rotisserie-walnut-creek/AHznIUHvRdqEL_iPRx9WGw,orinda-california
https://www.ubereats.com/san-francisco/food-delivery/bag-o-crab/S2wy2B-BTXaCIh4eScVqdA,orinda-california
https://www.ubereats.com/san-francisco/food-delivery/krispy-krunchy-chicken-richmond-3/DxgHEdK1T2WKQKVBZi2wzA,orinda-california
https://www.ubereats.com/san-francisco/food-delivery/uncle-wongs-restaurant/Ea0jqTfmS72Sz_6XxwJ1lQ,orinda-california
https://www.ubereats.com/san-francisco/food-delivery/shelbys/SGkOZgcwRwGg-AGJiYEpZg,orinda-california
https://www.ubereats.com/san-francisco/food-delivery/artichoke-basilles-pizza-berkeley/q9MqBNdBS02VrIILGmWRIw,orinda-california
https://www.ubereats.com/san-francisco/food-delivery/taqueria-los-gallos-express-contra-costa-boulevard/pXMEhaRNSg6IdrXieC-K_g,orinda-california
https://www.ubereats.com/san-francisco/food-delivery/anarkali/0wCFvOq4TZuvrQi8LhspKg,orinda-california
https://www.ubereats.com/san-francisco/food-delivery/starbucks-broadway-%26-30th/psN_z3X-SvabFtZRct7avQ,orinda-california
https://www.ubereats.com/san-francisco/food-delivery/mangia-ristorante-pizzeria/V-hBMFHDSqupc3xDgcK2qQ,orinda-california
https://www.ubereats.com/san-francisco/food-delivery/amicis-east-coast-pizzeria-berkeley/oT1Hs-aASgK_QGz2TRaFSA,orinda-california
https://www.ubereats.com/san-francisco/food-delivery/cafe-romanat/3cdOCOHHSNatpMoK1hhDOw,orinda-california
https://www.ubereats.com/san-francisco/food-delivery/barneys-gourmet-hamburgers-piedmont/PVqDdPtaRmqEr10Hu6adUQ,orinda-california
https://www.ubereats.com/san-francisco/food-delivery/oishi-sushi-%26-grill/2Le8Fc_gTPa45bRWTZLGVA,orinda-california
https://www.ubereats.com/san-francisco/food-delivery/crepevine-rockridge/sAQj47EfSbKZK-teSiJe4w,orinda-california
https://www.ubereats.com/san-francisco/food-delivery/teni-east-kitchen/oGRCPjTXTGOFkjHe4qs6gw,orinda-california
https://www.ubereats.com/san-francisco/food-delivery/louisiana-famous-fried-chicken-oakland/DxGmvKCORgmwwHqibYvMwA,orinda-california
https://www.ubereats.com/san-francisco/food-delivery/eat%40thai/2uf7P1mJTT67MNvuSh8Biw,orinda-california
https://www.ubereats.com/san-francisco/food-delivery/papis-pizza-roma/GXXVp_GPTZauLKeaw6542A,orinda-california
https://www.ubereats.com/san-francisco/food-delivery/toss-noodle-bar/NTIdlc1JT8WtEwFN1Dp9Kg,orinda-california
https://www.ubereats.com/san-francisco/food-delivery/fish-%26-bird-sousaku-izakaya/jgiunOmST9WS8DjYFKENBg,orinda-california
https://www.ubereats.com/san-francisco/food-delivery/cafe-of-the-bay/b0MFIcNTSD6NV1wKXAeUEA,orinda-california
https://www.ubereats.com/san-francisco/food-delivery/churchs-chicken-11575-san-pablo-avenue/dICUiK2TTnGh_wWYKcIMww,orinda-california
https://www.ubereats.com/san-francisco/food-delivery/bobby-gs-pizzeria/qPp8gQqMRgir6Dcvs2u3Pw,orinda-california
https://www.ubereats.com/san-francisco/food-delivery/plearn-thai/MXd2dbc8TS-w8Af1ePoa_g,orinda-california
https://www.ubereats.com/san-francisco/food-delivery/razans-organic-kitchen/ojqCEhYaRqqlN0DEk6BDoA,orinda-california
https://www.ubereats.com/san-francisco/food-delivery/oke-poke/bWjujmroQZGrfdyVyG2dNQ,orinda-california
https://www.ubereats.com/san-francisco/food-delivery/mountain-mikes-pizza-1160-arnold-drive/Ka_I0wTxRASxLGevTuWoYg,orinda-california
https://www.ubereats.com/san-francisco/food-delivery/the-halal-guys-2126-center-st-berkeley-ca/yuUmh6wbSi2yEMlduHIXoQ,orinda-california
https://www.ubereats.com/san-francisco/food-delivery/chile-jalapeno-taqueria/0NRq6TUTTxq0_EtsCf4QMA,orinda-california
https://www.ubereats.com/san-francisco/food-delivery/niwa-restaurant/0ybWOBexSVeUiQ_aNgEE6g,orinda-california
https://www.ubereats.com/san-francisco/food-delivery/zarris-delicatessan/dXMxvthyQIWRFVFOr5f-Nw,orinda-california
https://www.ubereats.com/san-francisco/food-delivery/steves-korean-bbq/6JSZLa5PSgq2HA_eNcgBYg,orinda-california
https://www.ubereats.com/san-francisco/food-delivery/riceful-onigiri/g75zipcMSZKXejVKRgvPQg,orinda-california
https://www.ubereats.com/san-francisco/food-delivery/maison-bleue-cafe-bistro/XRWbdxpbQVe01RXMNI0SrA,orinda-california
https://www.ubereats.com/san-francisco/food-delivery/seniores-pub/xa-MdxR8SnGVtmUazy4WzQ,orinda-california
https://www.ubereats.com/san-francisco/food-delivery/taqueria-sinaloa/eSUa3z1ET8ug7-hPO8X-kQ,orinda-california
https://www.ubereats.com/san-francisco/food-delivery/lavash-mediterranean/jRPIiHfATxKI8r8-DHgbVg,orinda-california
https://www.ubereats.com/san-francisco/food-delivery/china-live-signatures-berkeley/zcNO5uqIQgO-TLUdXkVAgw,orinda-california
https://www.ubereats.com/san-francisco/food-delivery/sunshine-cafe/DNMIGfNyQkCqDxcLO59q1A,orinda-california
https://www.ubereats.com/san-francisco/food-delivery/ob-town-chicken/eHdtOIynRASZ3BcaT5oTGA,orinda-california
https://www.ubereats.com/san-francisco/food-delivery/boston-market-5132-broadway/iRFlSkEtTIKuEdhT2NEObA,orinda-california
https://www.ubereats.com/san-francisco/food-delivery/sichuan-fortune-house/_PQuqZrtROaU0TFisl2yow,orinda-california
https://www.ubereats.com/san-francisco/food-delivery/koryo-jajang/3Pl9oB7VT56vIDUgv0VPXQ,orinda-california
https://www.ubereats.com/san-francisco/food-delivery/cream-berkeley/uVtgD4cRQhipNGUFSx52iQ,orinda-california
https://www.ubereats.com/san-francisco/food-delivery/queens-cajun-seafood/-hojn7LKTiWWPEOs2_9sJw,orinda-california
https://www.ubereats.com/san-francisco/food-delivery/northside-cafe/EHY8SSfGRXOg9poDreGBaw,orinda-california
https://www.ubereats.com/san-francisco/food-delivery/filippos/HMS39zgNTc-waLbrrPTX6w,orinda-california
https://www.ubereats.com/san-francisco/food-delivery/ddc-cafe/I1tGMMcnSTCe6hXGgviaXg,orinda-california
https://www.ubereats.com/san-francisco/food-delivery/reems-steaks/VVjjS5PcTIy2Jh6icE5IAQ,orinda-california
https://www.ubereats.com/san-francisco/food-delivery/ultimate-grounds-et-al-coffee-%26-tea/ht3_U8AZSpq2GDoYILyVgw,orinda-california
https://www.ubereats.com/san-francisco/food-delivery/baiano-pizzeria-berkeley/er4URj75TDyQOF8XArDI-g,orinda-california
https://www.ubereats.com/san-francisco/food-delivery/ben-%26-jerrys-2130-center-street/eUaBW21gTKa53KTKUyBtiA,orinda-california
https://www.ubereats.com/san-francisco/food-delivery/brazil-cafe-berkeley-llc/69p5qY30R3q1RWhIow0rgA,orinda-california
https://www.ubereats.com/san-francisco/food-delivery/burgerim-1980-tice-valley-blvd-ste-a/9lFXEJsrQiO-SK2Z6X0VTw,orinda-california
https://www.ubereats.com/san-francisco/food-delivery/eureka!-berkeley/3y8qrlQITfGunTXURT3TxQ,orinda-california
https://www.ubereats.com/san-francisco/food-delivery/sushi-island/Z3acgQsLRZWGkSzZE8IYLw,orinda-california
https://www.ubereats.com/san-francisco/food-delivery/nations-giant-hamburgers-el-cerrito/BRfAcJJXRfyZoX_Y8HU0MQ,orinda-california
https://www.ubereats.com/san-francisco/food-delivery/blue-bottle-coffee-2118-university-avenue/u2r_pghFTxaD-DhUufktoQ,orinda-california
https://www.ubereats.com/san-francisco/food-delivery/streetside-by-dosa-berkeley/EMWTpUDdSQmqoUXAalGz4Q,orinda-california
https://www.ubereats.com/san-francisco/food-delivery/house-of-curries/Xu9HpvmnTtCvsFvOaakI6w,orinda-california
https://www.ubereats.com/san-francisco/food-delivery/cafe-dejena/pqHNFqIzSWSZq372Q0gluw,orinda-california
https://www.ubereats.com/san-francisco/food-delivery/slice-house-walnut-creek/u9uS4Y-pRTWARVRtoEd4-A,orinda-california
https://www.ubereats.com/san-francisco/food-delivery/asmara-restaurant-oakland/plX0njhUQTuRp3C9cuDy_w,orinda-california
https://www.ubereats.com/san-francisco/food-delivery/the-ice-cream-shop/NYesjgeIRnuEHEVfatozaA,orinda-california
https://www.ubereats.com/san-francisco/food-delivery/starbucks-downtown-lafayette-oak-hill/d0fqMc9LSn6liPp89y8sJQ,orinda-california
https://www.ubereats.com/san-francisco/food-delivery/touch-of-soul/E1gREMImT3eMEuogrGqt-g,orinda-california
https://www.ubereats.com/san-francisco/food-delivery/thai-basil-cuisine/XgcWB_3MQo-AFGxIRb-gvA,orinda-california
https://www.ubereats.com/san-francisco/food-delivery/krispy-krunchy-chicken/ABkqQ4BNTr2OmUiLMBWJiw,orinda-california
https://www.ubereats.com/san-francisco/food-delivery/la-vals-pizza/mF0kZE-LT3-QoCdOSG4kYg,orinda-california
https://www.ubereats.com/san-francisco/food-delivery/twins-halal-house-and-bakery/DKY3t_XUTSOnpDNy-DGv6g,orinda-california
https://www.ubereats.com/san-francisco/food-delivery/delhi-diner/c_LletboR1GcXq91MFKNYA,orinda-california
https://www.ubereats.com/san-francisco/food-delivery/honey-baked-ham-oakland/18z_HNHLR9SfT3MDbQ4axQ,orinda-california
https://www.ubereats.com/san-francisco/food-delivery/dream-fluff-donuts/3vCDzD2HRLCwwGBn3bK8Hw,orinda-california
