url,city
https://www.ubereats.com/chicago/food-delivery/burrito-jalisco-tinley-park/IY9PLlepSKeSjbw3l8ZToA,orland-park-illinois
https://www.ubereats.com/chicago/food-delivery/wendys-7251-w-183rd-st/Dywdj0XrTFWKJPyiLnBGjA,orland-park-illinois
https://www.ubereats.com/chicago/food-delivery/the-original-papa-joes/H_t9hp0ITOuPCImrY53p6w,orland-park-illinois
https://www.ubereats.com/chicago/food-delivery/dunkin-19420-s-harlem-ave/5S7jUlOHRVKcBRrLX3p4BA,orland-park-illinois
https://www.ubereats.com/chicago/food-delivery/350-brewing-company/2f6sCd6iQ2SwbY7gTwseNw,orland-park-illinois
https://www.ubereats.com/chicago/food-delivery/goodys-gyros/masXVHHCQr6xEveqHIEZBw,orland-park-illinois
https://www.ubereats.com/chicago/food-delivery/dunkin-4152-w-167th-st/LIm8zREXT4ORys2q-rh4yg,orland-park-illinois
https://www.ubereats.com/chicago/food-delivery/skillet-house-ii/erj5bBKnQc2bY_JzBkDNyA,orland-park-illinois
https://www.ubereats.com/chicago/food-delivery/the-retro-burger/sAuYNu-GSgapjo__S2yqCw,orland-park-illinois
https://www.ubereats.com/chicago/food-delivery/wing-society/waFnYdJfRpePB2YlSX6M4A,orland-park-illinois
https://www.ubereats.com/chicago/food-delivery/kismet-of-orland-inc/vCul6lhFTNyjDkWlfRC7Ow,orland-park-illinois
https://www.ubereats.com/chicago/food-delivery/dunkin-18700-s-wolf-rd/SvOiI9qHT_CfvCHe1jxq_w,orland-park-illinois
https://www.ubereats.com/chicago/food-delivery/white-castle-15801-s-harlem-ave/0DFNYoZpRT-c0_v_M0zFuw,orland-park-illinois
https://www.ubereats.com/chicago/food-delivery/gradys-diner/dIh5NUWSTP6oWKmtoLojsg,orland-park-illinois
https://www.ubereats.com/chicago/food-delivery/lupitas-restaurant/adU1ZMhjRKuB02cDz5hdyQ,orland-park-illinois
https://www.ubereats.com/chicago/food-delivery/xs-%26os-sports-lounge-%26-grill-palos-heights/DwmgBQoMT1myM0bwu6WKag,orland-park-illinois
https://www.ubereats.com/chicago/food-delivery/cracker-barrel-old-country-store-18531-north-creek-drive/jbjG5sY9R8ikwzjiZHmUvw,orland-park-illinois
https://www.ubereats.com/chicago/food-delivery/georges-rib-house/NfVxS8t8RyGPGHOxUdArXw,orland-park-illinois
https://www.ubereats.com/chicago/food-delivery/lucky-dragon-2/Jtsr0XAiQ1CjlYaMT7kK_Q,orland-park-illinois
https://www.ubereats.com/chicago/food-delivery/bakers-square-15711-south-harlem-avenue/MHX3lLuXTUehKPHkeuUkXA,orland-park-illinois
https://www.ubereats.com/chicago/food-delivery/uncle-julios-fine-mexican-food-orland-park/pyxPGTWuQJGTxJnqsdC22w,orland-park-illinois
https://www.ubereats.com/chicago/food-delivery/fannie-may-tinley-park/rTsaRkcPTVOwD6622JBdcg,orland-park-illinois
https://www.ubereats.com/chicago/food-delivery/gastons-bistro/wp6-h4RkQBaJYlWjQqBfdw,orland-park-illinois
https://www.ubereats.com/chicago/food-delivery/creamery/6wwUp-nsQEarJxpLvQP6cQ,orland-park-illinois
https://www.ubereats.com/chicago/food-delivery/das-deli-and-dining-159th-st-%26-harlem/PzUo9oXlQgaPrsu0kOOEWw,orland-park-illinois
https://www.ubereats.com/chicago/food-delivery/seafood-junction-chicken-%26-deli/KVzGFYRBRmayqglGU9yNNg,orland-park-illinois
https://www.ubereats.com/chicago/food-delivery/jewel-of-siam/BzRjgnHKSAy3E6i4xJoq3w,orland-park-illinois
https://www.ubereats.com/chicago/food-delivery/tom-kellys-chophouse-%26-pub/TQYmkFctSvCUTDEhfFLV7Q,orland-park-illinois
https://www.ubereats.com/chicago/food-delivery/pops-italian-beef/3seBNET-QWGB5Nhs7Q09pQ,orland-park-illinois
https://www.ubereats.com/chicago/food-delivery/taco-bell-8760-w-95th-street/Rx01zh6jSFiWeIH-KvSnwg,orland-park-illinois
https://www.ubereats.com/chicago/food-delivery/strange-brew-cafe/7rbbZSJrQV63mRKn53h1nw,orland-park-illinois
https://www.ubereats.com/chicago/food-delivery/pepes-hickory-hills/V5gq77GbRke6-Rbtk5LJbA,orland-park-illinois
https://www.ubereats.com/chicago/food-delivery/lindys-chili-%26-gerties-ice-cream-87th/N2RRpDkeTtK2GPYUz_TXxw,orland-park-illinois
https://www.ubereats.com/chicago/food-delivery/starbucks-159th-%26-lagrange/NxaDjfNOQhCzDjy3bCiw7Q,orland-park-illinois
https://www.ubereats.com/chicago/food-delivery/papa-joes-italian-cuisine/D6BPZTw4TKaHU5YfsOVwqQ,orland-park-illinois
https://www.ubereats.com/chicago/food-delivery/auntie-annes-308-orland-square/OfUyHxUqSlunp1GMg9kaHg,orland-park-illinois
https://www.ubereats.com/chicago/food-delivery/mccarthys-carry-out/tlM14dqETpW7e-S76oHO6g,orland-park-illinois
https://www.ubereats.com/chicago/food-delivery/subway-8615-w-95th-st/AhdyZ8agQsawcx7sF7sVpQ,orland-park-illinois
https://www.ubereats.com/chicago/food-delivery/mcdonalds-179th-st-%26-wolf/3Bf1_Z6wRuqxcjzNmMqRCQ,orland-park-illinois
https://www.ubereats.com/chicago/food-delivery/rosatis-pizza-homer-glen/at1AJCwdS7KWa02iUeSpRA,orland-park-illinois
https://www.ubereats.com/chicago/food-delivery/guardis-pizza/6P0VplYRSd-SFNEpY3LisQ,orland-park-illinois
https://www.ubereats.com/chicago/food-delivery/al-sufara-grill/veIqnrfET8i79xPuMRaW9Q,orland-park-illinois
https://www.ubereats.com/chicago/food-delivery/casa-margarita-orland-park/-40wHYuGTU64yvN04I_u-Q,orland-park-illinois
https://www.ubereats.com/chicago/food-delivery/panda-express-11255-lincoln-hwy/Qs-tUU0YTVmHqXNXEk1_eQ,orland-park-illinois
https://www.ubereats.com/chicago/food-delivery/dunkin-12807-s-harlem-ave/IvO5Tzn-Qma8P8ECjALkgQ,orland-park-illinois
https://www.ubereats.com/chicago/food-delivery/jalapenos-mexican-food-orland-park/s0LyN5wUQTyp309XTcql4Q,orland-park-illinois
https://www.ubereats.com/chicago/food-delivery/creamery/rQSgSvdoQbOGptqvMP__lQ,orland-park-illinois
https://www.ubereats.com/chicago/food-delivery/wendys-13400-cicero-avenue/2XWC5TLdTPKn7_FedZRNew,orland-park-illinois
https://www.ubereats.com/chicago/food-delivery/wus-house-orland-park/aei84wGsQfmexqeVpt-Y5g,orland-park-illinois
https://www.ubereats.com/chicago/food-delivery/whata-taco/q2lorRDaTuK19WnOKZHGGg,orland-park-illinois
https://www.ubereats.com/chicago/food-delivery/steak-n-shake-16110-harlem-ave/TNysSGk6RzmZAZ517l1L5A,orland-park-illinois
https://www.ubereats.com/chicago/food-delivery/taco-bell-7224-w-191st-st/tPhZl3wbQGG1stMmrhCizQ,orland-park-illinois
https://www.ubereats.com/chicago/food-delivery/gyro-grill/dg_BNrpJS96ObqRIpSTrOw,orland-park-illinois
https://www.ubereats.com/chicago/food-delivery/texas-de-brazil-orland-park/3fpFb5-RR6mpv5jMSEmBVQ,orland-park-illinois
https://www.ubereats.com/chicago/food-delivery/taco-bell-7601-w-111th-st/fbB9_2YkTwKd07hXYylR1A,orland-park-illinois
https://www.ubereats.com/chicago/food-delivery/kenootz-wingin-it/mhr6jNGdRRyRcDRamOGKQQ,orland-park-illinois
https://www.ubereats.com/chicago/food-delivery/wus-ramen-orland-park/GdwwwT0BRT2sFgpaj_tI8Q,orland-park-illinois
https://www.ubereats.com/chicago/food-delivery/wingstop-13211-s-cicero-ave/HXk2mnRQSSyMAmPUbYTdUg,orland-park-illinois
https://www.ubereats.com/chicago/food-delivery/dunkin-7935-w-171st-st/UtqNroOwQAatQsiA3RpgbQ,orland-park-illinois
https://www.ubereats.com/chicago/food-delivery/redwood-luxe/GWAg77VWSESG-2zoFwiXXQ,orland-park-illinois
https://www.ubereats.com/chicago/food-delivery/creative-cakes-bakery-%26-cafe/a-HMQU0ZRXqwnBHGPmgW7g,orland-park-illinois
https://www.ubereats.com/chicago/food-delivery/al-basha-cuisine/yFtdXAQuRzKL2rav_OEF7g,orland-park-illinois
https://www.ubereats.com/chicago/food-delivery/harolds-chicken-167th-st-%26-pulaski/h27KXeNVTOu9B_EqSgqqvA,orland-park-illinois
https://www.ubereats.com/chicago/food-delivery/cacao-cafe/p2QFC-DRQUK94jAzIawliw,orland-park-illinois
https://www.ubereats.com/chicago/food-delivery/dakota-inn/uMfH_pz2T5qKwx52Vy-MRA,orland-park-illinois
https://www.ubereats.com/chicago/food-delivery/the-bistro-on-sterling/PfLEKeqISLy4RrEfqRvikg,orland-park-illinois
https://www.ubereats.com/chicago/food-delivery/mcdonalds-harlem-%26-87th-st/0Z42sb6NSH-bFa9Vbw_h1Q,orland-park-illinois
https://www.ubereats.com/chicago/food-delivery/starbucks-191st-%26-lagrange/ZIlp9UhWRvWha0eEeLJJyg,orland-park-illinois
https://www.ubereats.com/chicago/food-delivery/wendys-19175-lagrange-rd/tewCJdbwRtaE_wCdwT6ZMQ,orland-park-illinois
https://www.ubereats.com/chicago/food-delivery/sonic-drive-in-farrell-%26-159th-st/pSC8oiyYS-Oj96h5FAaVSQ,orland-park-illinois
https://www.ubereats.com/chicago/food-delivery/dunkin-20551-s-lagrange-rd/BwzD0c5JRbCxp_LFaGfHaw,orland-park-illinois
https://www.ubereats.com/chicago/food-delivery/white-castle-9550-w-191st-st/sxDL1gUnQlStp0Fv8QmzwA,orland-park-illinois
https://www.ubereats.com/chicago/food-delivery/wing-squad-orland-park/lsVNlO2oTBqnkegyFrk6VQ,orland-park-illinois
https://www.ubereats.com/chicago/food-delivery/francescas-on-95th/pTCx1F5NSBqNHHYlswx-Tw,orland-park-illinois
https://www.ubereats.com/chicago/food-delivery/burger-king-7135-w-159th-st/L0oElyKQTfO4251IfJ-Tmw,orland-park-illinois
https://www.ubereats.com/chicago/food-delivery/the-original-pancake-house-5140-159th-st/ROZzzrRxRMe8oSLEqzq74A,orland-park-illinois
https://www.ubereats.com/chicago/food-delivery/dunkin-%26-baskin-robbins-11212-w-lincoln-hwy/73UOcdfvRXqN1sc4kxSb5g,orland-park-illinois
https://www.ubereats.com/chicago/food-delivery/tgi-fridays-2676-orland-park-il/2PYa2f9uSSeeoofcsV4gnw,orland-park-illinois
https://www.ubereats.com/chicago/food-delivery/grilled-cheesin/NC1zkfRJTp2JOjvEUJflFA,orland-park-illinois
https://www.ubereats.com/chicago/food-delivery/bees-steak-lemonade/Il3dRGQfShKr-psu5_Ipzw,orland-park-illinois
https://www.ubereats.com/chicago/food-delivery/taco-bell-13745-s-cicero/3LF9CznuSdusIN3lS7vTzA,orland-park-illinois
https://www.ubereats.com/chicago/food-delivery/which-wich-superior-sandwiches-19200-s-lagrange-rd/ZmuFvD9ZRG6ZvHAAZXEmtQ,orland-park-illinois
https://www.ubereats.com/chicago/food-delivery/white-castle-14700-s-cicero-ave/gbvKxHZkQ6GRAd_CpjF9_A,orland-park-illinois
https://www.ubereats.com/chicago/food-delivery/fajitas-mexican-restaurant-palos-hills/FkTO3VWNT9Sfi_OYHh7kBw,orland-park-illinois
https://www.ubereats.com/chicago/food-delivery/hog-wild-express/8bgqmRraSf-t7T8yXJz5Rg,orland-park-illinois
https://www.ubereats.com/chicago/food-delivery/siam-thai-restaurant/wlO9tVEeTIeaG9c6cJucyQ,orland-park-illinois
https://www.ubereats.com/chicago/food-delivery/american-wood-grill/A03iwed_TiGlDDKXbYa3YQ,orland-park-illinois
https://www.ubereats.com/chicago/food-delivery/jersey-mikes-subs-la-grange-%26-lincoln/eJTSdIWHShOFenVF_SjPqA,orland-park-illinois
https://www.ubereats.com/chicago/food-delivery/fannie-may-palos-heights/kgOYgktcRRGyXAj1pqi_TA,orland-park-illinois
https://www.ubereats.com/chicago/food-delivery/el-cortez-restaurant-and-lounge-inc/ZIT59u7vRnmy7dRxvTkEPw,orland-park-illinois
https://www.ubereats.com/chicago/food-delivery/sals-philly-palos-park/ZFJBO_IqT62JunKj0ORuQQ,orland-park-illinois
https://www.ubereats.com/chicago/food-delivery/thassos-greek-restaurant/TSyXgeCwQL6Ka7sZMYcfpA,orland-park-illinois
https://www.ubereats.com/chicago/food-delivery/bella-mia-ristorante/HpoHYJmsSRaT2e7kKWnMaQ,orland-park-illinois
https://www.ubereats.com/chicago/food-delivery/happy-bites-burgers-%26-wings/cU70OK-TSiuYrktr-mUpWw,orland-park-illinois
https://www.ubereats.com/chicago/food-delivery/el-patron-mexican-restaurant/VAHAl5VxQhKUb1IxRqsjow,orland-park-illinois
https://www.ubereats.com/chicago/food-delivery/semsem-mediterranean/07XFxNK4T-uHz3TGna1Ewg,orland-park-illinois
https://www.ubereats.com/chicago/food-delivery/kfc-14559-s-pulaski-road/cYWGyZg2SmOVvfAVswOy5g,orland-park-illinois
https://www.ubereats.com/chicago/food-delivery/los-primos-sazon/l771g_jVRVudBBeOBpCRfg,orland-park-illinois
https://www.ubereats.com/chicago/food-delivery/five-guys-il-0564-15840-south-harlem-ave/NRUUbpSqTKKOKPmd5VEh1w,orland-park-illinois
https://www.ubereats.com/chicago/food-delivery/outback-steakhouse-15608-harlem-avenue/e-kWyzlxS-C4YxyL9fZrAA,orland-park-illinois
https://www.ubereats.com/chicago/food-delivery/taco-bell-14348-s-bell-road/flchKnIFTWedRnhpDMSiKQ,orland-park-illinois
https://www.ubereats.com/chicago/food-delivery/popeyes-19814-south-la-grange-rd/k6eU0uBETzuX2Gp5OzMYLg,orland-park-illinois
https://www.ubereats.com/chicago/food-delivery/xando-cafe/PRp76M73TXi2b3Utjjmriw,orland-park-illinois
https://www.ubereats.com/chicago/food-delivery/dunkin-2516-n-cedar-rd/NH7mwLfmR0qTorGKxIq2dQ,orland-park-illinois
https://www.ubereats.com/chicago/food-delivery/dunkin-15615-s-harlem-ave/a-pciLspThuC_23QBK4veg,orland-park-illinois
https://www.ubereats.com/chicago/food-delivery/das-deli-and-dining-orland-park/ECOIkwPmR1Gqaa7HXaA1aw,orland-park-illinois
https://www.ubereats.com/chicago/food-delivery/slice-of-life-pizza/HQQkjdwRTbmXVd_qSSbj0Q,orland-park-illinois
https://www.ubereats.com/chicago/food-delivery/mcdonalds-95th-st-%26-mcvicker/dLgKAcRWTfy3J-CM3hrJcA,orland-park-illinois
https://www.ubereats.com/chicago/food-delivery/burger-king-14601-s-lagrange-road/2JIbLMBnQ-S1_YEwj29Tvg,orland-park-illinois
https://www.ubereats.com/chicago/food-delivery/subway-17217-s-oak-park-ave/s6N21znQTw2v0vDM-i2T4Q,orland-park-illinois
https://www.ubereats.com/chicago/food-delivery/the-seafood-company/_q-QU98YS6efkd5PrSBnWQ,orland-park-illinois
https://www.ubereats.com/chicago/food-delivery/wendys-7360-west-159th-street/WhK1fYiqQcea2zR9hhW0YQ,orland-park-illinois
https://www.ubereats.com/chicago/food-delivery/village-garden-restaurant-and-cafe/oCOo_LzwQC-s_cBk51af0g,orland-park-illinois
https://www.ubereats.com/chicago/food-delivery/popeyes-7001-w-159th-st/HeIoDf9QSRyht_yrmzVNWg,orland-park-illinois
https://www.ubereats.com/chicago/food-delivery/rubys-restaurant/4_iSrQGBQbeiLVCN66vtMg,orland-park-illinois
https://www.ubereats.com/chicago/food-delivery/ihop-14860-s-lagrange-rd/WEP_xHg8SvyK33O0xUOArg,orland-park-illinois
https://www.ubereats.com/chicago/food-delivery/panda-express-340-orland-square/7Ryze4K7RI-Ew5ARjWhzdw,orland-park-illinois
https://www.ubereats.com/chicago/food-delivery/mcdonalds-95th-st-%26-i-294/pK92VGl3R32Drqy0-Ie7mg,orland-park-illinois
https://www.ubereats.com/chicago/food-delivery/dunkin-11309-w-143rd-st/hSbnc0SHQiCYUKiqBpRK4Q,orland-park-illinois
https://www.ubereats.com/chicago/food-delivery/panda-express-7140-west-159th-st/RNOgBy31RA-NIWehiaFD_w,orland-park-illinois
https://www.ubereats.com/chicago/food-delivery/rosatis-15911-76th-ave/NvlLaZvLT8yU2a3kD5z1UA,orland-park-illinois
https://www.ubereats.com/chicago/food-delivery/starbucks-tinley-park-159th-%26-harlem/4rhfLC2GS6u1pCklX-ocPw,orland-park-illinois
https://www.ubereats.com/chicago/food-delivery/potbelly-sandwich-shop-orland-park-%7C-37/oI4vEnsgQF-mSjvQPNKUPg,orland-park-illinois
https://www.ubereats.com/chicago/food-delivery/vito-%26-nicks-ii/gMKMd_DySH-yKzwXfJY5WA,orland-park-illinois
https://www.ubereats.com/chicago/food-delivery/rosatis-of-tinley-park/1Z5nOaLLTT6X-7zDkLLxOg,orland-park-illinois
https://www.ubereats.com/chicago/food-delivery/madoris-liquor-%26-deli-inc/lo1TAHazT-ugWosSvQ6iTA,orland-park-illinois
https://www.ubereats.com/chicago/food-delivery/great-american-bagel/dzO2JaNgR1imfQTZy80_ew,orland-park-illinois
https://www.ubereats.com/chicago/food-delivery/red-robin-478-15503-south-lagrange-rd/ggL0MVf3STalMN5mZR2EZQ,orland-park-illinois
https://www.ubereats.com/chicago/food-delivery/pops-italian-beef-%26-sausage-tinley-park/WoOHXCX-So6Q-YpRrz_rkQ,orland-park-illinois
https://www.ubereats.com/chicago/food-delivery/the-crossing-bar-%26-grill-worth/Fr9QG4GbSJywKtPgvTNb3g,orland-park-illinois
https://www.ubereats.com/chicago/food-delivery/panda-express-31-orland-square-dr/tiFDt3XqSomyWHS9lQcXLw,orland-park-illinois
https://www.ubereats.com/chicago/food-delivery/starbucks-143rd-%26-bell/xDlGUWX4RcSudUTnMdT1rA,orland-park-illinois
https://www.ubereats.com/chicago/food-delivery/portillos-hot-dogs-13130-s-cicero-ave/IxiGS_PoSbSTwFweQqH0YA,orland-park-illinois
https://www.ubereats.com/chicago/food-delivery/the-black-sheep/gLkY2mOSRUiqYPhI29Qd3g,orland-park-illinois
https://www.ubereats.com/chicago/food-delivery/mariscos-la-sirena/l8FA3UZtTLOSZrc9IvEGZQ,orland-park-illinois
https://www.ubereats.com/chicago/food-delivery/bear-down-barbecue/vnpVN3whTAGqxfri2mmNrA,orland-park-illinois
https://www.ubereats.com/chicago/food-delivery/burger-21-orland-park/6cbcbczLQJCnHcWlNYvwIw,orland-park-illinois
https://www.ubereats.com/chicago/food-delivery/wus-house/unzJdRrsTrqsCLntStO5Ow,orland-park-illinois
https://www.ubereats.com/chicago/food-delivery/tap-house-grill-lemont/O9OZ9DoVRz-KlLmL2NcGqg,orland-park-illinois
https://www.ubereats.com/chicago/food-delivery/dunkin-14135-s-bell-rd/ngdKSNtST5Spqy3tlcdxnw,orland-park-illinois
https://www.ubereats.com/chicago/food-delivery/which-wich-superior-sandwiches-south-la-grange-%26-149th-st/iwRz7ipkRcKyPbbdnP6dOg,orland-park-illinois
https://www.ubereats.com/chicago/food-delivery/the-white-sheep/dziLgvpsQeOeJhNKyLGjyA,orland-park-illinois
https://www.ubereats.com/chicago/food-delivery/dunkin-5159-159th-st/6BjQmXTRRHajQCpHvnoMew,orland-park-illinois
https://www.ubereats.com/chicago/food-delivery/ihop-411-e-lincoln-highway/KumS-cg7SfqYfpN7HZSpZQ,orland-park-illinois
https://www.ubereats.com/chicago/food-delivery/mos-chinese-kitchen/UHYnwjPvRmmmWYzRF1l7rg,orland-park-illinois
https://www.ubereats.com/chicago/food-delivery/zaky-grill/fxMVgHwQS6u63QYFNDNxxg,orland-park-illinois
https://www.ubereats.com/chicago/food-delivery/johnnys-wee-nee-wagon/ouO6qIwDS5-vD9UPBq-fVg,orland-park-illinois
https://www.ubereats.com/chicago/food-delivery/five-guys-il-0650-2401-lincoln-hwy/f2j46ZERSpCLWJsfG2V-wA,orland-park-illinois
https://www.ubereats.com/chicago/food-delivery/los-3-burritos-%232/rpJImLogS6S61YcYb_mbJA,orland-park-illinois
https://www.ubereats.com/chicago/food-delivery/seafood-shack/zT3Jc4dGSLG3nYz8d-pF9Q,orland-park-illinois
https://www.ubereats.com/chicago/food-delivery/jersey-mikes-subs-lincoln-%26-roberts/tOv67VrPQLO4A4rV-LhRyg,orland-park-illinois
https://www.ubereats.com/chicago/food-delivery/hooters-la-grange-%26-153rd-st/nESK8VTXTmGm6AI-wlqyTQ,orland-park-illinois
https://www.ubereats.com/chicago/food-delivery/chuck-e-cheese-16090-s-harlem-ave/W3UaG4sCRMydEtvHNHb6lg,orland-park-illinois
https://www.ubereats.com/chicago/food-delivery/milas-family-kitchen/29RMesC3T0OmiNtksy0ZSw,orland-park-illinois
https://www.ubereats.com/chicago/food-delivery/creamery/_RSljBL_SqiDfXECyY4zLw,orland-park-illinois
https://www.ubereats.com/chicago/food-delivery/millers-ale-house-orland-park/SF6qg5-0RdCfUT1BVEb1tw,orland-park-illinois
https://www.ubereats.com/chicago/food-delivery/cheers-live-music-resturant-%26-venue/O9ZtVrzOS66dKyVi66AJIw,orland-park-illinois
https://www.ubereats.com/chicago/food-delivery/blissful-banana-cafe/nmrlqRVWQE6eG7ItlZ2W2A,orland-park-illinois
https://www.ubereats.com/chicago/food-delivery/mcdonalds-harlem-%26-171st-st/5sQQLIsQQb60iCs0m0MMyA,orland-park-illinois
https://www.ubereats.com/chicago/food-delivery/kennys-ribs-%26-chicken-country-club-hills/C8Xi4VqkQs2Gb1dcpHlzCQ,orland-park-illinois
https://www.ubereats.com/chicago/food-delivery/famous-daves-15657-south-harlem-avenue/Fd3g8BNBQ92jzk4rA97gZw,orland-park-illinois
https://www.ubereats.com/chicago/food-delivery/so-gouda-mac-shack/_f2TDjVGTfWkMIIlF0Wb0w,orland-park-illinois
https://www.ubereats.com/chicago/food-delivery/dougs-specialty-sandwiches-vr/QJmjXC6aSCirnXDw4Ufr-Q,orland-park-illinois
https://www.ubereats.com/chicago/food-delivery/ribs-and-soul-bbq/eNS6GTYdRSacG5nf_rSKuQ,orland-park-illinois
https://www.ubereats.com/chicago/food-delivery/dennys-old-lagrange-%26-191st-st/yZfm_3L_QX6S4p3hkXWooQ,orland-park-illinois
https://www.ubereats.com/chicago/food-delivery/shawerma-house/AZCxDWUVSJGJ5o6LpygoZg,orland-park-illinois
https://www.ubereats.com/chicago/food-delivery/just-shrimp/-8-GV6F7R6W4xL8zqlMq1A,orland-park-illinois
https://www.ubereats.com/chicago/food-delivery/hometown-gyros-midlothian/izViig63ST2eufO6NdsNMA,orland-park-illinois
https://www.ubereats.com/chicago/food-delivery/mcdonalds-south-la-grange-%26-144th-pl/MqI1op_wQGG7BwWkxxmORQ,orland-park-illinois
https://www.ubereats.com/chicago/food-delivery/the-original-pancake-house-15256-s-la-grange-rd/9xYnWjO7QDSHlRP7t8_Hqw,orland-park-illinois
https://www.ubereats.com/chicago/food-delivery/juiced-by-shic/MEHnNtYXR6iK-2TBItljoQ,orland-park-illinois
https://www.ubereats.com/chicago/food-delivery/peppos-great-sub-sandwiches/OQ-CFKw8SVe7wF33nKG3WQ,orland-park-illinois
https://www.ubereats.com/chicago/food-delivery/barracos-pizzeria-orland-park/WTD0rWCnRdWvnaAP9_Crtg,orland-park-illinois
https://www.ubereats.com/chicago/food-delivery/vip-bar-and-grill-dance-club-llc/acn3_UQMQreszs-B78ycZA,orland-park-illinois
https://www.ubereats.com/chicago/food-delivery/tcby-new-lenox/7YXRUgxHT_GL6ZImHXtCSA,orland-park-illinois
https://www.ubereats.com/chicago/food-delivery/lucky-dragon/SbcGz6s_S6eRT3hm1kmJvw,orland-park-illinois
https://www.ubereats.com/chicago/food-delivery/mytaco/p3g3SR35QuK4AfbkTDbCNQ,orland-park-illinois
https://www.ubereats.com/chicago/food-delivery/applebees-cal-stag-%26-rivercrest/2H0WYBhnSqyFp51819nQEA,orland-park-illinois
https://www.ubereats.com/chicago/food-delivery/mcalisters-deli-11215-w-lincoln-hwy/hcFBdPodSoi6VvTr6z7gWw,orland-park-illinois
https://www.ubereats.com/chicago/food-delivery/mayan-palace/nnUnY4AXT6qe0URAhTdx_A,orland-park-illinois
https://www.ubereats.com/chicago/food-delivery/uptown-burgers/WO6a85d9RxKiPB2Ufg-dbg,orland-park-illinois
https://www.ubereats.com/chicago/food-delivery/arbys-11017-s-cicero-ave/SyNkhEbWS3GJ4RC-37PiWQ,orland-park-illinois
https://www.ubereats.com/chicago/food-delivery/subway-9283-w-159th-st/wYgb2O2RToC-Hgiy9ttaew,orland-park-illinois
https://www.ubereats.com/chicago/food-delivery/highlander-house-restaurant-%26-bar/-EcVEckpTruBnTNaApMy4g,orland-park-illinois
https://www.ubereats.com/chicago/food-delivery/kfc-5301-west-159th-street/Og13P4XkQDuVHv1NnUVhZA,orland-park-illinois
https://www.ubereats.com/chicago/food-delivery/parmesans-wood-stone-pizza-frankfort/kqTufXXJQR28_PedhIzhQw,orland-park-illinois
https://www.ubereats.com/chicago/food-delivery/pappas-restaurant/N0xnqJaHRJaBOJVyj_iWXA,orland-park-illinois
https://www.ubereats.com/chicago/food-delivery/zaki-ya-sittey/wxkTbYeGQnm1pxj9Imnk6Q,orland-park-illinois
https://www.ubereats.com/chicago/food-delivery/blue-sharks-chicken-%26-fish/ZMdn-0-LTpuE0YeUUwVcug,orland-park-illinois
https://www.ubereats.com/chicago/food-delivery/awaken-station-nutrition/3lZcuNTdSlaa2LLwOs0COQ,orland-park-illinois
https://www.ubereats.com/chicago/food-delivery/pops-italian-beef-orland-park-%231/NvxOHJfMToeTDF6inWcUjQ,orland-park-illinois
https://www.ubereats.com/chicago/food-delivery/wendys-14115-south-bell-road/IvFA5n6pSjai2VgEQLtpIw,orland-park-illinois
https://www.ubereats.com/chicago/food-delivery/sams-triple-crown/EuSfwqD6SQOQ6YzGg9-rJQ,orland-park-illinois
https://www.ubereats.com/chicago/food-delivery/sharks-fish-and-chicken-147-and-kedzie/a6B46e2DRiiRWuuHsFbxmw,orland-park-illinois
https://www.ubereats.com/chicago/food-delivery/wendys-16737-s-lagrange-road/FUpzG2luRUCNPNZ-FxB-mw,orland-park-illinois
https://www.ubereats.com/chicago/food-delivery/burger-king-9647-w-191st-st/1ojcMmNyQhmZmiti6ZsUcA,orland-park-illinois
https://www.ubereats.com/chicago/food-delivery/mcalisters-deli-14309-south-lagrange-road/2F-sGFHpTkyI50q1Qdg8GQ,orland-park-illinois
https://www.ubereats.com/chicago/food-delivery/las-fuentes-restaurant-pulaski-rd/s7j_WolvR_61GOFcwLI1Tg,orland-park-illinois
https://www.ubereats.com/chicago/food-delivery/red-lobster-14750-s-lagrange-rd/FmCMPirpSXqyXqN9lDDDdA,orland-park-illinois
https://www.ubereats.com/chicago/food-delivery/tasty-deli/SQdxptDLTLWBPhN5yeTPdg,orland-park-illinois
https://www.ubereats.com/chicago/food-delivery/harolds-chicken-frankfort/ZOEA9OJ4Q42ukzs_PVbk7g,orland-park-illinois
https://www.ubereats.com/chicago/food-delivery/dunkin-14632-s-cicero-ave/SAJ-zqFVQIWD5vCezIP_Jw,orland-park-illinois
https://www.ubereats.com/chicago/food-delivery/millers-ale-house-chicago-ridge/FWTXQvOjQaSPvBum7mUEWw,orland-park-illinois
https://www.ubereats.com/chicago/food-delivery/meatheads-frankfort/auU5Ls_LT9KiwnSYeLXNxQ,orland-park-illinois
https://www.ubereats.com/chicago/food-delivery/jennys-steakhouse/dnUo9s4cQ42GP6OldKqT4g,orland-park-illinois
https://www.ubereats.com/chicago/food-delivery/arbys-9550-179th-st-w/McXoPBqSTUSjm5RMv9FhcQ,orland-park-illinois
https://www.ubereats.com/chicago/food-delivery/cold-stone-creamery-16135-s-la-grange-rd/W0VCTLowTCeQKmHAeIsfOw,orland-park-illinois
https://www.ubereats.com/chicago/food-delivery/sharks-fish-and-chicken-159th/WqjZSuXWR_GnnYlwKtc-jg,orland-park-illinois
https://www.ubereats.com/chicago/food-delivery/burger-king-10257-south-harlem/OknkOoLmTfKtJcyG0nLpaA,orland-park-illinois
https://www.ubereats.com/chicago/food-delivery/country-charm-restaurant/XN3c58J_S1Goqg8MxdPzvA,orland-park-illinois
https://www.ubereats.com/chicago/food-delivery/subway-19115-s-lagrange-rd/EqxAK0ZjQcyuGUcLRAxMwQ,orland-park-illinois
https://www.ubereats.com/chicago/food-delivery/el-coyote-mexican-restaurant/UKZxsqJYThy-Q85MWy9Mrw,orland-park-illinois
https://www.ubereats.com/chicago/food-delivery/fat-rickys/vpLsm0jMTZClOjW5D9rfYQ,orland-park-illinois
https://www.ubereats.com/chicago/food-delivery/pza-orland-park/eKkSHwkYRKOpJONweizyWQ,orland-park-illinois
https://www.ubereats.com/chicago/food-delivery/darlas-deli-%26-cafe/5pEeL0D2Rt6nHyyUB905qg,orland-park-illinois
https://www.ubereats.com/chicago/food-delivery/great-steak-344-orland-square-dr/RKtrCix3RROdtYHl80838w,orland-park-illinois
https://www.ubereats.com/chicago/food-delivery/raes-the-bar/vyYrw_mHTu-ncJqeNDDy3g,orland-park-illinois
https://www.ubereats.com/chicago/food-delivery/kfc-4349-e-211th-street/BE_ciRSJTqO8B66me-SpqQ,orland-park-illinois
https://www.ubereats.com/chicago/food-delivery/mr-submarine-159th-st-%26-lorel/bzRNhin3Rm6UziU44umCYg,orland-park-illinois
https://www.ubereats.com/chicago/food-delivery/vip-pita/gmRkZ8EdTPKBaLxoMN7pFA,orland-park-illinois
https://www.ubereats.com/chicago/food-delivery/subway-171st/EpA_fBcmR06D0iKfDpTRtw,orland-park-illinois
https://www.ubereats.com/chicago/food-delivery/blueberry-hill-breakfast-cafetinley-park/AXk-QSuoS6KcsCXOUvidYA,orland-park-illinois
https://www.ubereats.com/chicago/food-delivery/casa-san-juan/UCMyiEcGQpONXwBK__lIig,orland-park-illinois
https://www.ubereats.com/chicago/food-delivery/runa-izakaya/UWr_rXhkQ5ei4BogjPio2Q,orland-park-illinois
https://www.ubereats.com/chicago/food-delivery/qq-china-restaurant/pLNP46mISRSTwV7gFj8GPw,orland-park-illinois
https://www.ubereats.com/chicago/food-delivery/dunkin-8940-w-159th-st/Wfo3xiOCTniT1MC6WTUinw,orland-park-illinois
https://www.ubereats.com/chicago/food-delivery/zorbas-gyros/zfRWQPmvR-eYGSGUftjYwQ,orland-park-illinois
https://www.ubereats.com/chicago/food-delivery/balagio-restaurant-mokena/KIMGJ8uySsaQ4-Sevh3v4g,orland-park-illinois
https://www.ubereats.com/chicago/food-delivery/panera-15252-south-lagrange-road/qDxLzZJORI2QWASzpnGt-Q,orland-park-illinois
https://www.ubereats.com/chicago/food-delivery/cooms-corner/fBLrWJiHTDWin93kzC0-aA,orland-park-illinois
https://www.ubereats.com/chicago/food-delivery/mod-pizza-new-lenox/qHfpK5R7SUiR_nttkcwQlw,orland-park-illinois
https://www.ubereats.com/chicago/food-delivery/mcdonalds-sw-%26-111th-st/eoOaAKeHQCqEJH0n-8ptIA,orland-park-illinois
https://www.ubereats.com/chicago/food-delivery/chipotle-mexican-grill-11129-w-lincoln-hwy/W9tTLfzFSSKvmwXxGAARyw,orland-park-illinois
https://www.ubereats.com/chicago/food-delivery/dukes-fish-and-chicken/BUyCicS2SRWvfZmuvNOiUg,orland-park-illinois
https://www.ubereats.com/chicago/food-delivery/fulla-mediterranean/W6ESiwCETNSPmFoS-SKKBg,orland-park-illinois
https://www.ubereats.com/chicago/food-delivery/boston-market-13201-s-cicero-avenue/MrfVOvNzTjO3a4IlKEs16Q,orland-park-illinois
https://www.ubereats.com/chicago/food-delivery/chipotle-mexican-grill-14116-s-bell-rd/WsJR5DdrT1KmEwcUOmmiyw,orland-park-illinois
https://www.ubereats.com/chicago/food-delivery/the-skillet-house/PamYGLAuSUmeZ-peTVdORQ,orland-park-illinois
https://www.ubereats.com/chicago/food-delivery/potbelly-sandwich-shop-crestwood-%7C-135/hKSlLPeATw6Jw3Du3xAI9Q,orland-park-illinois
https://www.ubereats.com/chicago/food-delivery/dennys-orland-square-%26-la-grange/MHRiKR4LRyGNyvhdDduyDQ,orland-park-illinois
https://www.ubereats.com/chicago/food-delivery/tinley-gyros/udDsxSt7TiyfAlo3dV0nXA,orland-park-illinois
https://www.ubereats.com/chicago/food-delivery/blueberry-hill-breakfast-cafehomer-glen/mvF9TQ1dRTu2RWDQhYubEw,orland-park-illinois
https://www.ubereats.com/chicago/food-delivery/3caribbean-jerk-palace-iii/pKPOBZN6TqiJLtNXPokTcQ,orland-park-illinois
https://www.ubereats.com/chicago/food-delivery/tradycja-polish-fusion-cuisine/0W7RGTgcQ4-NLomSFKlXuA,orland-park-illinois
https://www.ubereats.com/chicago/food-delivery/subway-14657-s-lagrange-rd/7POapRNdTAiMOpYgXBsBMQ,orland-park-illinois
https://www.ubereats.com/chicago/food-delivery/el-gallo-tapatio-4/Uk9H9W_lRRKSnrQlFNnYFA,orland-park-illinois
https://www.ubereats.com/chicago/food-delivery/brooklyn-halal-grilled-chicken-and-pizza/Uvic7S8TSWmJ07yoOra_hQ,orland-park-illinois
https://www.ubereats.com/chicago/food-delivery/fratellos-tinley-park/vOzhw3PbS4-VXVMWQL96Aw,orland-park-illinois
https://www.ubereats.com/chicago/food-delivery/red-lobster-3915-west-211th-street/Jmc_Xxv_T92VtN6k5T16SQ,orland-park-illinois
https://www.ubereats.com/chicago/food-delivery/jersey-mikes-subs-harlem-%26-127th-st/D8Cq17WXTcGZxL56Ua4NJA,orland-park-illinois
https://www.ubereats.com/chicago/food-delivery/wingz-it-iz-alsip/WAcYrBdCSbm_MAS-Oc49Cg,orland-park-illinois
https://www.ubereats.com/chicago/food-delivery/zacarellis-pizza/vzWWEuoiTgGd4kVNbhMYwA,orland-park-illinois
https://www.ubereats.com/chicago/food-delivery/kenootz-wings/p1ydC-z5QW6uBBzfeSqKMg,orland-park-illinois
https://www.ubereats.com/chicago/food-delivery/mcdash/dr52X97lTKy4iuEgtXzNAQ,orland-park-illinois
https://www.ubereats.com/chicago/food-delivery/billys-fried-chicken/ILXZXZ0ASqmc-MsgYp6wfg,orland-park-illinois
https://www.ubereats.com/chicago/food-delivery/mcdonalds-159th-st-%26-debra/CsbcuP-sTU6fF0eBjIJkag,orland-park-illinois
https://www.ubereats.com/chicago/food-delivery/mr-joe-trucker/9gWi-ad_TOWNJJFODmCecQ,orland-park-illinois
https://www.ubereats.com/chicago/food-delivery/la-dolce-vita-frankfort/DLtlCChJRv-4eQfsyU--6g,orland-park-illinois
https://www.ubereats.com/chicago/food-delivery/schoops-hamburgers-orland-park/Bvg9aZ7OTfCo6VLu1y9miA,orland-park-illinois
https://www.ubereats.com/chicago/food-delivery/mod-pizza-lockport/QtAG2AjSQTCcHJhnJ4D5cA,orland-park-illinois
https://www.ubereats.com/chicago/food-delivery/docs-smokehouse-%26-craft-bar/5u94VQtOS4W6JuKtYF2zZg,orland-park-illinois
https://www.ubereats.com/chicago/food-delivery/jakes-pub-and-grill-located-inside-oak-forest-bowl/8-7xa3BFR6SRxvylxgbm2g,orland-park-illinois
https://www.ubereats.com/chicago/food-delivery/taco-bell-288-orland-square-drive/_hANGy9gQ_OJZm_BsgmA_w,orland-park-illinois
https://www.ubereats.com/chicago/food-delivery/subway-20893-20895-slagrange-rd/y8ug0-mmS0iuqcBLrJhkMA,orland-park-illinois
https://www.ubereats.com/chicago/food-delivery/pepes-matteson/KccIypSGSL-M2Bcb8P_MFQ,orland-park-illinois
https://www.ubereats.com/chicago/food-delivery/shish-kabob-house/OnmMtHbCQi6M2qAx5Bx--w,orland-park-illinois
https://www.ubereats.com/chicago/food-delivery/stacks-183rd-st/IC8OwQ2uQb2nlpOO9sWVIw,orland-park-illinois
https://www.ubereats.com/chicago/food-delivery/indra/9Rin__JBTri4E9WMoVRgOw,orland-park-illinois
https://www.ubereats.com/chicago/food-delivery/pita-pita-mediterranean-orland-park/JZ6OYIlkSpmUxt3MO_ABxA,orland-park-illinois
https://www.ubereats.com/chicago/food-delivery/buona-orland-park/2xpmKacyTmWINfoTO8vCPw,orland-park-illinois
https://www.ubereats.com/chicago/food-delivery/rosatis-pizza-lemont/ZggF0s0uRy-7qSETCqx3Vw,orland-park-illinois
https://www.ubereats.com/chicago/food-delivery/jamba-juice-15159-s-la-grange-rd-%23400/Ti_UJVCZSS6l2hkCGgkf9Q,orland-park-illinois
https://www.ubereats.com/chicago/food-delivery/honey-baked-ham-s-lagrange-rd/C3us5SGsQOi-zS7jnXZL2A,orland-park-illinois
https://www.ubereats.com/chicago/food-delivery/del-carmen-restaurant-worth/4fM46mGJS-CVNqngxCd1HQ,orland-park-illinois
https://www.ubereats.com/chicago/food-delivery/angelos-fresh-market/peQyRxglT_qNzB8MazEYXg,orland-park-illinois
https://www.ubereats.com/chicago/food-delivery/mickeys-gyros/eZLbTSRCSkiyR1bRXHHE9g,orland-park-illinois
https://www.ubereats.com/chicago/food-delivery/frankies-ristorante/8heUX9jHT4uwWwykH40dLw,orland-park-illinois
https://www.ubereats.com/chicago/food-delivery/quarry-pub-and-grill/ivD7gWDTSwGbr7hUoyxSzw,orland-park-illinois
https://www.ubereats.com/chicago/food-delivery/subway-80th-ave/Jh0SS5zjSEi3spyEFj2BTg,orland-park-illinois
https://www.ubereats.com/chicago/food-delivery/shibam-bridgeview/kz6DdnP9RgWvjtO3ZqW_Ng,orland-park-illinois
https://www.ubereats.com/chicago/food-delivery/jalapenos-mexican-cuisine/Wdu0dNP5Rx-FfP-LUUDOUQ,orland-park-illinois
https://www.ubereats.com/chicago/food-delivery/pepes-tinley-park/2ACOkIDeSvKqJbeQ1a37eA,orland-park-illinois
https://www.ubereats.com/chicago/food-delivery/blaze-pizza-harlem-%26-159th-st/hveKO6HFQtWcz6xEETagVQ,orland-park-illinois
https://www.ubereats.com/chicago/food-delivery/starbucks-palos-heights-119th-%26-harlem/qlVLlareQwmDiM3Mpx3n3g,orland-park-illinois
https://www.ubereats.com/chicago/food-delivery/slim-chickens-346-orland-square-drive/E5O7lX9TQDWBDhbxQy1I9g,orland-park-illinois
https://www.ubereats.com/chicago/food-delivery/harolds-chicken-15/O7Ek_b-ARkWa5sSsHO4Jrw,orland-park-illinois
https://www.ubereats.com/chicago/food-delivery/mcdonalds-cicero-%26-137th-st/bmvjY5gvRDCOCZ5VoYbg_A,orland-park-illinois
https://www.ubereats.com/chicago/food-delivery/kfc-9441-w-159th-street/l-PHgp48Ql2d86gcTw__Zw,orland-park-illinois
https://www.ubereats.com/chicago/food-delivery/the-alley-tap-and-grill/H41XHOLNT3qbivMNPVnnAA,orland-park-illinois
https://www.ubereats.com/chicago/food-delivery/square-celt-ale-house-%26-grill/OoBWVgpZS4SHUMOYETzksA,orland-park-illinois
https://www.ubereats.com/chicago/food-delivery/dunkin-10340-s-harlem-ave/ocjbtS_STuyaK92zuzNbgQ,orland-park-illinois
https://www.ubereats.com/chicago/food-delivery/submarine-city/_0nmL6lEQImM7cwhLAmj8Q,orland-park-illinois
https://www.ubereats.com/chicago/food-delivery/selmas-sweets/_MBIr0SlRMmcLs2FghtowQ,orland-park-illinois
https://www.ubereats.com/chicago/food-delivery/chick-fil-a-15605-s-la-grange-rd/jvAZIQkpSC6jLfaQmWUW9g,orland-park-illinois
https://www.ubereats.com/chicago/food-delivery/firehouse-subs-la-grange-rd/ziTVb4dBTPqfiWiNSe-_PQ,orland-park-illinois
https://www.ubereats.com/chicago/food-delivery/dennys-95th-st-%26-i-294/8-Lp7ipQTnaXxYRQbJAStg,orland-park-illinois
https://www.ubereats.com/chicago/food-delivery/kenootz-pizza-and-catering/h3b3OpvZTbe-Ffe1NI-r8A,orland-park-illinois
https://www.ubereats.com/chicago/food-delivery/pita-land/ubbRwOFhTd2fRrz4wo4eqA,orland-park-illinois
https://www.ubereats.com/chicago/food-delivery/juiced-by-shic/W3hBGqP0TymyFtTKG7DOYQ,orland-park-illinois
https://www.ubereats.com/chicago/food-delivery/white-castle-12640-w-143rd/pmhyHXGQS8CQT9WcyDL-PQ,orland-park-illinois
https://www.ubereats.com/chicago/food-delivery/chicago-chicken-coop-167th-%26-pulaski/4G0hiTnWTb-SAzDPJpsy1Q,orland-park-illinois
https://www.ubereats.com/chicago/food-delivery/my-way-ristorante/NVdHbJemR8OGFz0WM6peww,orland-park-illinois
https://www.ubereats.com/chicago/food-delivery/salinas-pasta-%26-pizza/j64MQtTcTouthRv_ptdSvA,orland-park-illinois
https://www.ubereats.com/chicago/food-delivery/dunkin-6707-w-111th-st/yVNDVCS2TKq1jLfCmMThoQ,orland-park-illinois
https://www.ubereats.com/chicago/food-delivery/noodles-%26-company-14662-la-grange-rd-unit-b-1/i7FuDPA9Q3S6l93W_vuzkQ,orland-park-illinois
https://www.ubereats.com/chicago/food-delivery/agave-tacos-tequila-mezcal/VnwhyTOdRP-qUz71-u3kbw,orland-park-illinois
https://www.ubereats.com/chicago/food-delivery/taco-bell-9281-159th-st/bM3AiH8PTmeVP-x-iH9kgQ,orland-park-illinois
https://www.ubereats.com/chicago/food-delivery/madoris-liquor-%26-deli/6hYiIUoEQAmi0nJvQYN0Lw,orland-park-illinois
https://www.ubereats.com/chicago/food-delivery/nickys-the-real-mccoy-115th-and-pulaski/hUymRzeaS5qJq9DZaMAtog,orland-park-illinois
https://www.ubereats.com/chicago/food-delivery/la-isla-michoacana-ice-cream-shop/s7wAo_iXR5GUUyqF-Cn8_Q,orland-park-illinois
https://www.ubereats.com/chicago/food-delivery/francescas-fortunato/tM0BvyGdQmqdeRfu9zcIFA,orland-park-illinois
https://www.ubereats.com/chicago/food-delivery/pepes-homer-glen/fHjErzYFRcKwqVQWTsr_tQ,orland-park-illinois
https://www.ubereats.com/chicago/food-delivery/sals-phillys/QjDSVCKCRPCXjYSWI8zcDg,orland-park-illinois
https://www.ubereats.com/chicago/food-delivery/sbarro-356-orland-square-mall-food-court/6TUj2UvRRfiZaRagqhaUig,orland-park-illinois
https://www.ubereats.com/chicago/food-delivery/on-the-go-restaurant/AILE5pKHS7q5Hkfs3zfqaA,orland-park-illinois
https://www.ubereats.com/chicago/food-delivery/arbys-15765-south-harlem-avenue/GTBqdT14TAWCxQ0pGCLK0A,orland-park-illinois
https://www.ubereats.com/chicago/food-delivery/tropical-smoothie-cafe-7101-w-183rd-streetunit-102/NgdkshJqSBq-KkdE0R4u8A,orland-park-illinois
https://www.ubereats.com/chicago/food-delivery/7405-bonefish-grill-15537-s-lagrange-road/OE5Zrk7sSJWES6nYBoi8Pw,orland-park-illinois
https://www.ubereats.com/chicago/food-delivery/pops-italian-beef-orland-park-%232/i0r0GaQxTnSuqXrsuhhd6Q,orland-park-illinois
https://www.ubereats.com/chicago/food-delivery/rockin-horse-saloon-%26-grill/iWnTF80SSWmnVezrAjqn7g,orland-park-illinois
https://www.ubereats.com/chicago/food-delivery/roma-cafe/1eqVUsNISBimeAnOoB5g1A,orland-park-illinois
https://www.ubereats.com/chicago/food-delivery/dunkin-8810-w-191st-st/5WjCw2apRpiP3G4U_mUWFw,orland-park-illinois
https://www.ubereats.com/chicago/food-delivery/potbelly-sandwich-shop-tinley-park-%7C-213/a_G3EjV-TCaAJDL1nrTlRA,orland-park-illinois
https://www.ubereats.com/chicago/food-delivery/starbucks-orland-park-143rd-%26-lagrange/K5ELBQ_PTz6NVPjL-ycjsg,orland-park-illinois
https://www.ubereats.com/chicago/food-delivery/the-patty-shack/BfNbs7BgSj6WFUT5-1l20g,orland-park-illinois
https://www.ubereats.com/chicago/food-delivery/harolds-chicken-cicero-%26-137th-st/q3xVggn4RyKsua5CMw72MQ,orland-park-illinois
https://www.ubereats.com/chicago/food-delivery/starbucks-crestwood-commons/GkiwQQxlSBimWsV383Bwow,orland-park-illinois
https://www.ubereats.com/chicago/food-delivery/skillet-house-burgers/6VFsr3ZTTiiow8ElPoiVvA,orland-park-illinois
https://www.ubereats.com/chicago/food-delivery/tgi-fridays-2685-tinley-park-il/VkrV9iWTS_qb6mnrvZW9ZA,orland-park-illinois
https://www.ubereats.com/chicago/food-delivery/royalberry-waffle-house-%26-restaurant/V3arrdJ-QoeAY0750N9Mfg,orland-park-illinois
https://www.ubereats.com/chicago/food-delivery/dunkin-7086-w-183rd-st/ZolUZHXDRrmyJvQ2_7pVOQ,orland-park-illinois
https://www.ubereats.com/chicago/food-delivery/mariscos-costa-azul/xyuh-C-XSV2zVQ_1o3n9Ww,orland-park-illinois
https://www.ubereats.com/chicago/food-delivery/dancing-marlin/0Hq9WOXxSKCBmDWlNPJTOA,orland-park-illinois
https://www.ubereats.com/chicago/food-delivery/dougs-dogs/O1muod8SSA-T04QQv09UGg,orland-park-illinois
https://www.ubereats.com/chicago/food-delivery/mcdonalds-159th-st-%26-parkhill/21dq-7QoRpOEK4AON1EeVQ,orland-park-illinois
https://www.ubereats.com/chicago/food-delivery/mcdonalds-pulaski-%26-146th-st/7Mk_lWLGT3S47OUBEb6bZA,orland-park-illinois
https://www.ubereats.com/chicago/food-delivery/uhmazing-blts/OC65c9qFTTGP-bpVRhmXOw,orland-park-illinois
https://www.ubereats.com/chicago/food-delivery/portillos-hot-dogs-15900-harlem-ave/Abv-S--TRyeUUjAPJZ8N7g,orland-park-illinois
https://www.ubereats.com/chicago/food-delivery/subway-10270-s-harlem-ave/Se88D8U5Sr2LMDTdSjL-nA,orland-park-illinois
https://www.ubereats.com/chicago/food-delivery/el-burrito-rey/c6aiX_RgTtynZbgGR_JUGg,orland-park-illinois
https://www.ubereats.com/chicago/food-delivery/starbucks-lagrange-%26-colorado/KxuTdLR_TXmiz_4-hBanTA,orland-park-illinois
https://www.ubereats.com/chicago/food-delivery/fry-the-coop/ZzopkanDRTG1oYsuIa6uYg,orland-park-illinois
https://www.ubereats.com/chicago/food-delivery/capri-express-pizza-%26-pasta/YJ5GKUlmQWOAcwzMVD8EPw,orland-park-illinois
https://www.ubereats.com/chicago/food-delivery/subway-111th-st/ogvDp4RSRYa3PHYt_XhVTw,orland-park-illinois
https://www.ubereats.com/chicago/food-delivery/fannie-may-homer/oXhE35S6SSWG3nCD26x_Eg,orland-park-illinois
https://www.ubereats.com/chicago/food-delivery/dunkin-14461-s-la-grange-rd/6xA1vpYYTy2sF6hsCiW5rw,orland-park-illinois
https://www.ubereats.com/chicago/food-delivery/chipotle-mexican-grill-19130-s-la-grange-rd-ste-100/Th_YDM1GSDmiDL2oYe5NEQ,orland-park-illinois
https://www.ubereats.com/chicago/food-delivery/docks/wg8xh1VmSYyuTwLlxJ4x9A,orland-park-illinois
https://www.ubereats.com/chicago/food-delivery/francescas-vicinato/oxONaQnzToKSXW0W4guHuQ,orland-park-illinois
https://www.ubereats.com/chicago/food-delivery/rosatis-pizza-matteson/pr59GCtsTUCZuz0VIRuGig,orland-park-illinois
https://www.ubereats.com/chicago/food-delivery/buca-di-beppo-orland-park/PKONRYrkRcSDacLhoTBFVQ,orland-park-illinois
https://www.ubereats.com/chicago/food-delivery/mama-ds/xLGiB5mqS32BZiEXxnbw9Q,orland-park-illinois
https://www.ubereats.com/chicago/food-delivery/capri-to-go/2F1h-lE6Qr-r4p13eri_kQ,orland-park-illinois
https://www.ubereats.com/chicago/food-delivery/benzinos-crab-trap-chicago/Y7DkpY5dS6yG13uDB0g_FA,orland-park-illinois
https://www.ubereats.com/chicago/food-delivery/sharks-fish-%26-chicken/hS0EyAvAQiaBXt0CuHHA6w,orland-park-illinois
https://www.ubereats.com/chicago/food-delivery/fannie-may-oak-lawn/mO-zQE3RRTm6PBYAFhXLrA,orland-park-illinois
https://www.ubereats.com/chicago/food-delivery/waldo-cooneys-pizza-worth/yJzA9RAESEKrJlAjcIBQyw,orland-park-illinois
https://www.ubereats.com/chicago/food-delivery/br-bar-dining-and-dancing/izbWGCVdTrG8-MOgeVmIpA,orland-park-illinois
https://www.ubereats.com/chicago/food-delivery/tokyo-steak-house/YPYZpE6TR1qgR2oKRlbgIQ,orland-park-illinois
https://www.ubereats.com/chicago/food-delivery/side-street-american-tavern/uOF46N26QnSZ02ygzCkKfw,orland-park-illinois
https://www.ubereats.com/chicago/food-delivery/bulldog-ale-house-new-lenox/2FY2nCPOQCagXdoV6sNrGw,orland-park-illinois
https://www.ubereats.com/chicago/food-delivery/browns-chicken-homer-glen/l05hIVHFSyChWVYMJkhF5Q,orland-park-illinois
https://www.ubereats.com/chicago/food-delivery/chipotle-mexican-grill-16433-w-159th-st/txvBGMyERTWkZ1bjvVxOjg,orland-park-illinois
https://www.ubereats.com/chicago/food-delivery/jersey-mikes-subs-cicero-%26-135th-st/ASmAH-7cR_qex7OXf0JqEQ,orland-park-illinois
https://www.ubereats.com/chicago/food-delivery/nitas-gumbo-country-club-hills/Hu625bI0SB-3MofQosG_mg,orland-park-illinois
https://www.ubereats.com/chicago/food-delivery/mcdivots-restaurant/LKKViRqXRqOJnczkMFD5sg,orland-park-illinois
https://www.ubereats.com/chicago/food-delivery/mr-riko-loko/WN2wqEK0TxGjiplcBQXjiA,orland-park-illinois
https://www.ubereats.com/chicago/food-delivery/pf-changs-14135-la-grange-rd/gNkPZSTQTLuy_hfOupvVlw,orland-park-illinois
https://www.ubereats.com/chicago/food-delivery/capri/wmrMYjdKRF-tmcJs_E7LvQ,orland-park-illinois
https://www.ubereats.com/chicago/food-delivery/noodles-%26-company-15915-s-harlem-ave/hn18ecJTSTmrDeSbkTtYlQ,orland-park-illinois
https://www.ubereats.com/chicago/food-delivery/hamiltons-pub/Q8GB7V5lRDWv1_V4WAPSgg,orland-park-illinois
https://www.ubereats.com/chicago/food-delivery/bens-14169-s-bell-rd/RPQRoztHQESPBjmAhdKQ2w,orland-park-illinois
https://www.ubereats.com/chicago/food-delivery/noodles-%26-company-21075-s-la-grange-rd/yjm8uSc5Tv6-WP95hmsXxg,orland-park-illinois
https://www.ubereats.com/chicago/food-delivery/gum-wah-restaurant/FxkdSbIETRCimJQgt4JayA,orland-park-illinois
https://www.ubereats.com/chicago/food-delivery/the-original-pancake-house-cicero-%26-109th-st/fd-c4Ys0TlaNovtI7V85Dw,orland-park-illinois
https://www.ubereats.com/chicago/food-delivery/pepes-chicago-ridge/OhnKD7f9RP6WgJIDElndNw,orland-park-illinois
https://www.ubereats.com/chicago/food-delivery/rosebud-lemont/DbSUgrRkQQCPY7kbJi38Ew,orland-park-illinois
https://www.ubereats.com/chicago/food-delivery/mcdonalds-159th-st-%26-wolf/R4x_InMcRSCxvdFeZ04s-w,orland-park-illinois
https://www.ubereats.com/chicago/food-delivery/chipotle-mexican-grill-15240-s-la-grange-rd/ep6BlH33QvecOfFf9RuQXQ,orland-park-illinois
https://www.ubereats.com/chicago/food-delivery/potbelly-sandwich-shop-frankfort-dt-%7C-470/oSd4bj1ORvW8c4o9N7h4rw,orland-park-illinois
https://www.ubereats.com/chicago/food-delivery/dunkin-14631-pulaski-rd/4uRhp_hRSJepREIpVgGOiA,orland-park-illinois
https://www.ubereats.com/chicago/food-delivery/next-mex/YRrPZ6x3Rm-m_xIIznj-FA,orland-park-illinois
https://www.ubereats.com/chicago/food-delivery/subway-11060-w-179th-st/9KyJfvOuT12_stAB1wBvKQ,orland-park-illinois
https://www.ubereats.com/chicago/food-delivery/wendys-12875-s-harlem-avenue/LRyFUkv0Td6r-_y9fYMIvg,orland-park-illinois
https://www.ubereats.com/chicago/food-delivery/taco-bell-20160-lagrange-rd/rp4AmboBSlea5QkPZJKmQw,orland-park-illinois
https://www.ubereats.com/chicago/food-delivery/starbucks-orland-park-179th-%26-wolf/LdvG9mkrTmKOsMmgl34t1g,orland-park-illinois
https://www.ubereats.com/chicago/food-delivery/los-burritos-lokos/_gMb626kQN2DP_VsV-8gnQ,orland-park-illinois
https://www.ubereats.com/chicago/food-delivery/flavor-brunch-bar/8ZsZBTBVTE-9-1JsQ7Ix3g,orland-park-illinois
https://www.ubereats.com/chicago/food-delivery/pepes-cicero/g7ly2lPLRoGLaXxYKnJnFw,orland-park-illinois
https://www.ubereats.com/chicago/food-delivery/gematos-woodpit-bbq-worth/0gMmX_3-S8qPC77wkZuaMA,orland-park-illinois
https://www.ubereats.com/chicago/food-delivery/fishermans-island-167th-st/fphYNOinQHibXOYTIovB2Q,orland-park-illinois
https://www.ubereats.com/chicago/food-delivery/barracos-pizzeria-crestwood/VfikY28XSL63jsx7qZd0dQ,orland-park-illinois
https://www.ubereats.com/chicago/food-delivery/fatties-pub/AfAlx0rQRJy5BSeBqgJclQ,orland-park-illinois
https://www.ubereats.com/chicago/food-delivery/dunkin-9500-179th-st/ZGgSiMoeTU-odGJJQ_gSaA,orland-park-illinois
https://www.ubereats.com/chicago/food-delivery/portillos-hot-dogs-2306-e-lincoln-hwy/Qjh-WbA8TrW8FLwQs2CWNQ,orland-park-illinois
https://www.ubereats.com/chicago/food-delivery/jersey-mikes-subs-la-grange-%26-156th-st/1w4_ltezStilSO-1pnok1Q,orland-park-illinois
https://www.ubereats.com/chicago/food-delivery/chipotle-mexican-grill-15980-harlem-ave/z9NldtC9QVuP7Zk4pjkXsA,orland-park-illinois
https://www.ubereats.com/chicago/food-delivery/wendys-2430-e-lincoln-hwy/02EncJbdSu6o-94hhPp88A,orland-park-illinois
https://www.ubereats.com/chicago/food-delivery/fuego-caliente/aLeSjoJWS5Ko0BRfAWxSVQ,orland-park-illinois
https://www.ubereats.com/chicago/food-delivery/chipotle-mexican-grill-641-e-lincoln-hwy/11gYpRzQT3enPGNN1WH-wQ,orland-park-illinois
https://www.ubereats.com/chicago/food-delivery/schoops-hamburgers-tinley-park/qoie4Y_sSGGZgxyuDBcYqQ,orland-park-illinois
https://www.ubereats.com/chicago/food-delivery/burger-king-9279-west-159th-street/ief_r2htTIeI2Ox98iEM4g,orland-park-illinois
https://www.ubereats.com/chicago/food-delivery/mcdonalds-harlem-%26-159th-st/oH_8y9LOTTu9TrKk9Hctcg,orland-park-illinois
https://www.ubereats.com/chicago/food-delivery/pueblito/WeVLouhRQou0gUyGrKOmLw,orland-park-illinois
https://www.ubereats.com/chicago/food-delivery/cuzins-midlothian/Yc_jK_ZAQVGGTsx9Mkv6aA,orland-park-illinois
https://www.ubereats.com/chicago/food-delivery/illinois-bar-%26-grill/ew3ZWBsFR2WpzxRtRQEHag,orland-park-illinois
https://www.ubereats.com/chicago/food-delivery/cuzins-tinley-park/599DpCjiQ_mgoAMmOCeb2g,orland-park-illinois
https://www.ubereats.com/chicago/food-delivery/burrito-jalisco-orland-park/8BcBGu-mSHqb6gdqRANEEg,orland-park-illinois
https://www.ubereats.com/chicago/food-delivery/mcdonalds-bell-%26-143rd-st/VupIys78QXS7mTzFAOegOg,orland-park-illinois
https://www.ubereats.com/chicago/food-delivery/starbucks-159th-%26-cicero/K0mLWHPDSOatV-bcZAoohg,orland-park-illinois
https://www.ubereats.com/chicago/food-delivery/five-guys-il-0515-15837-s-lagrange-rd/nAg3S3FmT8ax2MCbi4oNtw,orland-park-illinois
https://www.ubereats.com/chicago/food-delivery/barracos-pizzeria-orland-hills/tJQqI6SCT6qY3iPvUUqbqg,orland-park-illinois
https://www.ubereats.com/chicago/food-delivery/bens-soft-pretzels-14169-s-bell-rd/0Padd1ItQx6S2VoCQQc_LQ,orland-park-illinois
https://www.ubereats.com/chicago/food-delivery/rubi-agave-latin-kitchen-whiskey-and-tequila-bar/jGnRc-IaTpm7OYoceyhZ0g,orland-park-illinois
https://www.ubereats.com/chicago/food-delivery/pasquallys-pizza-%26-wings-16090-s-harlem-ave/yN02NOVOQievuV1nMG_7ew,orland-park-illinois
https://www.ubereats.com/chicago/food-delivery/buona-frankfort/D3QF5csGQg6DWokjZ27DBQ,orland-park-illinois
https://www.ubereats.com/chicago/food-delivery/athens-gyros-sauk-%26-governors/DgGCagzvRBK8fxnHhjrgCg,orland-park-illinois
https://www.ubereats.com/chicago/food-delivery/mindys-ribs/ixnUjWY4SdmIDz2I37SaFA,orland-park-illinois
https://www.ubereats.com/chicago/food-delivery/la-michoacana-azteca-%233/BibqrOrORm62VaZIgg_b0g,orland-park-illinois
