url,city
https://www.ubereats.com/nyc-suburbs/food-delivery/toxic-wings-white-plains/oFKL0vtnTIegZ2ZCKc9Wgw,ossining-new-york
https://www.ubereats.com/nyc-suburbs/food-delivery/the-barley-house/wVAsfVN0R3uGpgh4fD0LUg,ossining-new-york
https://www.ubereats.com/nyc-suburbs/food-delivery/kfc-48-us-9w/Ae8io5kQTwGdhh5I42sP8g,ossining-new-york
https://www.ubereats.com/nyc-suburbs/food-delivery/carvel-37-s-route-9/eFf6ava9RNWR8NXAshJfFQ,ossining-new-york
https://www.ubereats.com/nyc-suburbs/food-delivery/taco-bell-359-downing-drive/owK0S6ayR6WMVAt6RagxyA,ossining-new-york
https://www.ubereats.com/nyc-suburbs/food-delivery/great-wall-cronton/cT6P4vzRQUqR9N-4sZQk0Q,ossining-new-york
https://www.ubereats.com/nyc-suburbs/food-delivery/the-dugout-ny/wRvFN_qyS220pNVnYZ2hxQ,ossining-new-york
https://www.ubereats.com/nyc-suburbs/food-delivery/the-deli-spot/zoxkkvxoTJ-V6p1vruL9CA,ossining-new-york
https://www.ubereats.com/nyc-suburbs/food-delivery/chipotle-mexican-grill-185-n-bedford-rd/yRG-6_-oRfSKpXpMy3JE9Q,ossining-new-york
https://www.ubereats.com/nyc-suburbs/food-delivery/cold-stone-creamery-64-washington-ave/-PcHKgotQlCYF2lB8Eujuw,ossining-new-york
https://www.ubereats.com/nyc-suburbs/food-delivery/potayto-potahto/Gy2-NURZTLG668sTH7j4JA,ossining-new-york
https://www.ubereats.com/nyc-suburbs/food-delivery/salsa-fresca-mexican-grill/zCYfVx-wTXiaJfAU8zUg7w,ossining-new-york
https://www.ubereats.com/nyc-suburbs/food-delivery/touch-of-class-caribbean-fusion-cuisine/Xg5msCtFR2-CrbHpD-NoDA,ossining-new-york
https://www.ubereats.com/nyc-suburbs/food-delivery/don-juan/p5gDqaSGSa6kfKBrOzVjEQ,ossining-new-york
https://www.ubereats.com/nyc-suburbs/food-delivery/starbucks-pleasantville-memorial-plaza/V8jjER7bT7a11beXDU3DYA,ossining-new-york
https://www.ubereats.com/nyc-suburbs/food-delivery/mcdonalds-214-s-highland-ave/mh_XQlnSRqmNz1fdG-T1Sg,ossining-new-york
https://www.ubereats.com/nyc-suburbs/food-delivery/subway-482-bedford-rd/FVpPNhFHR2ecO1z207eqvg,ossining-new-york
https://www.ubereats.com/nyc-suburbs/food-delivery/mancora-resturant/aPHoryiRSO2lBKEQQVS6sg,ossining-new-york
https://www.ubereats.com/nyc-suburbs/food-delivery/thornwood-pizza-%26-pasta/pcdGxLkEQbuH078Fx_GSBw,ossining-new-york
https://www.ubereats.com/nyc-suburbs/food-delivery/applebees-hawthorne/b1Th6N_uRQiiVowdDp3Npw,ossining-new-york
https://www.ubereats.com/nyc-suburbs/food-delivery/ditalia-pizzeria-restaurant/IgwSdjikRcGxifQmi_MyfA,ossining-new-york
https://www.ubereats.com/nyc-suburbs/food-delivery/champagnetea/KMgy6-OcQFmENJcqNW_ldw,ossining-new-york
https://www.ubereats.com/nyc-suburbs/food-delivery/105-twenty-bar-%26-grill/Phn5FUn0RoOXKHvetImwbA,ossining-new-york
https://www.ubereats.com/nyc-suburbs/food-delivery/bareburger-445-main-st/MDPX8bZKTtqOOxzSNijZQA,ossining-new-york
https://www.ubereats.com/nyc-suburbs/food-delivery/cravin-jamaican-cuisine/1Uj4tqcJSJSVgoaFrt50qA,ossining-new-york
https://www.ubereats.com/nyc-suburbs/food-delivery/brothers-fish-n-chips/_vVDcNzsShmnwa5potlCHA,ossining-new-york
https://www.ubereats.com/nyc-suburbs/food-delivery/garden-deli-west-haverstraw/miEMs1mlT4miHarmFhSXUQ,ossining-new-york
https://www.ubereats.com/nyc-suburbs/food-delivery/okinawa-sushi-hibachi-asian-restaurant/T7oWJVNHSKeEwCa8ptt7-A,ossining-new-york
https://www.ubereats.com/nyc-suburbs/food-delivery/pizza-hut-91-s-route-9w-ste-1/7Et9JmpsT2ivOKKpxZJoKQ,ossining-new-york
https://www.ubereats.com/nyc-suburbs/food-delivery/tasty-table/QnCNwSAiR_-crbdJpevVYA,ossining-new-york
https://www.ubereats.com/nyc-suburbs/food-delivery/hida/41XWnysbT0uD-b7vmMANuQ,ossining-new-york
https://www.ubereats.com/nyc-suburbs/food-delivery/sundance-deli/dcaq4RgfSeeyY2fY-PMPKA,ossining-new-york
https://www.ubereats.com/nyc-suburbs/food-delivery/new-york-pizza-company/JfccGvPETbutKr9AJv_6sg,ossining-new-york
https://www.ubereats.com/nyc-suburbs/food-delivery/salsa-fresca-mexican-grill/4nws2QVHTGuJfap81tzgVw,ossining-new-york
https://www.ubereats.com/nyc-suburbs/food-delivery/wood-and-fire/MFvchbUDQtiE2bEBNN4zyA,ossining-new-york
https://www.ubereats.com/nyc-suburbs/food-delivery/giovannis-pizza/ltgNJpqvSoGaFU-r1r4YxQ,ossining-new-york
https://www.ubereats.com/nyc-suburbs/food-delivery/donatos-trattoria/FrU_aHaXRQ-SE_JWptX3Fw,ossining-new-york
https://www.ubereats.com/nyc-suburbs/food-delivery/tabasco-mexican-grill/yjfulXgvRnCgOw_4Po1rnA,ossining-new-york
https://www.ubereats.com/nyc-suburbs/food-delivery/foleys-club-lounge/kNB7u67VQiqg50Web1ODrg,ossining-new-york
https://www.ubereats.com/nyc-suburbs/food-delivery/pleasantville-diner-restaurant/3tVADrcDTaKTBP0XraqM_Q,ossining-new-york
https://www.ubereats.com/nyc-suburbs/food-delivery/the-bagel-emporium-tarrytown/9buM0YMmRqmqhgBkasHHBw,ossining-new-york
https://www.ubereats.com/nyc-suburbs/food-delivery/the-ice-cream-shop/TDoPUGQTSVOMwmH3Fiihfg,ossining-new-york
https://www.ubereats.com/nyc-suburbs/food-delivery/wings-express-3/nDsbvmQGS1OKsBvZjga1hg,ossining-new-york
https://www.ubereats.com/nyc-suburbs/food-delivery/el-manabita-sports-bar-restaurant/CVPk7WTYQaOFo6T0L2QPQA,ossining-new-york
https://www.ubereats.com/nyc-suburbs/food-delivery/casa-rina-restaurant/QqmZ9jtARWqHebtD2rCxxw,ossining-new-york
https://www.ubereats.com/nyc-suburbs/food-delivery/off-the-hook-of-haverstraw/vlkZtt1BTFKKjSsJfBZLAQ,ossining-new-york
https://www.ubereats.com/nyc-suburbs/food-delivery/wings-express/ZeU3MSw_Qlej5YQe4XbtDA,ossining-new-york
https://www.ubereats.com/nyc-suburbs/food-delivery/gleasons/UrTWXRYjTISAae3Lg5BHuQ,ossining-new-york
https://www.ubereats.com/nyc-suburbs/food-delivery/dunkin-662-columbus-ave/aUPLT8ykRtm4vUbYhu7YaQ,ossining-new-york
https://www.ubereats.com/nyc-suburbs/food-delivery/aji-limo/P_YpqDaSS-mrUurwQtcsiw,ossining-new-york
https://www.ubereats.com/nyc-suburbs/food-delivery/dai-sushi/xCJ21PJVQVefk5hRzFWMoA,ossining-new-york
https://www.ubereats.com/nyc-suburbs/food-delivery/eatalia-on-hudson/jD0VXXwgSSSpA9m5R4ZUew,ossining-new-york
https://www.ubereats.com/nyc-suburbs/food-delivery/bibille/E4TVz9BjQ9WITVwpT5uL8w,ossining-new-york
https://www.ubereats.com/nyc-suburbs/food-delivery/empanadas-monumental/p0u0zVLLT-KBbEPIb7TTJA,ossining-new-york
https://www.ubereats.com/nyc-suburbs/food-delivery/dunkin-176-n-bedford-rd/buHDBzlsRVKI3JIstKQ8qQ,ossining-new-york
https://www.ubereats.com/nyc-suburbs/food-delivery/peekskill-gourmet-deli/k3NkBrDtQtWkaUrqB0YqIQ,ossining-new-york
https://www.ubereats.com/nyc-suburbs/food-delivery/craft-pizza-%26-beer/Xnk05VfrTWaH0cDWYHPFpA,ossining-new-york
https://www.ubereats.com/nyc-suburbs/food-delivery/little-mumbai-market/fCQpQ_9kRB6wQqqFy0AQlw,ossining-new-york
https://www.ubereats.com/nyc-suburbs/food-delivery/hudson-anchor-seafood-and-grill/D5ZbR_LdSluV8hNfiZzaQw,ossining-new-york
https://www.ubereats.com/nyc-suburbs/food-delivery/milan-grill-and-deli/tnbXd5qURYW-9E5BSX5npg,ossining-new-york
https://www.ubereats.com/nyc-suburbs/food-delivery/the-bagel-emporium-chappaqua/skmy0upMSc-2o09KdPADQw,ossining-new-york
https://www.ubereats.com/nyc-suburbs/food-delivery/chutney-masala-bistro/pXBKtlzQRD2q7ppzxPyEtg,ossining-new-york
https://www.ubereats.com/nyc-suburbs/food-delivery/subway-923-broadway/svJ-cqOvQ8WGoji8HOSQzg,ossining-new-york
https://www.ubereats.com/nyc-suburbs/food-delivery/good-choice-kitchen-vegan-cafe-%26-culinary-center/Jxb1EbWPTtu-tWH3Bp6Ibw,ossining-new-york
https://www.ubereats.com/nyc-suburbs/food-delivery/cocopine-nyam/vui4q5tJR2q6D6p-XLMoXA,ossining-new-york
https://www.ubereats.com/nyc-suburbs/food-delivery/birdsall-house/2rQf0av7TyC-bfw-CRm49g,ossining-new-york
https://www.ubereats.com/nyc-suburbs/food-delivery/southern-table/ATDiblHKQoeVGZblyOOPPw,ossining-new-york
https://www.ubereats.com/nyc-suburbs/food-delivery/fratellis-trattoria/zq3G3xQQTrWLcb5ivBZ6Vg,ossining-new-york
https://www.ubereats.com/nyc-suburbs/food-delivery/carvel-262-n-saw-mill-river-road/_bIApWR-SSiGL-aZ9l9XQQ,ossining-new-york
https://www.ubereats.com/nyc-suburbs/food-delivery/modern-slice-restaurant/pKpAVG19S5elvAs0yQ6M7g,ossining-new-york
https://www.ubereats.com/nyc-suburbs/food-delivery/chigo/ohDmQlXwT4Ktxl1kANqHwA,ossining-new-york
https://www.ubereats.com/nyc-suburbs/food-delivery/the-patio/bilfBfe9TveI_csGxI2ZIQ,ossining-new-york
https://www.ubereats.com/nyc-suburbs/food-delivery/bollywood-grill/SUHLVeOvRR2A91R1fEIN3g,ossining-new-york
https://www.ubereats.com/nyc-suburbs/food-delivery/dunkin-374-downing-dr/qcrQf3LtQNaiAiyjzfObfw,ossining-new-york
https://www.ubereats.com/nyc-suburbs/food-delivery/pear-tree-hummingbird/q_m2iVELTY-ZHL2tL9p7jw,ossining-new-york
https://www.ubereats.com/nyc-suburbs/food-delivery/dunkin-80-n-state-rd/PR7Nf1VRRa-Rerqi6g7A6w,ossining-new-york
https://www.ubereats.com/nyc-suburbs/food-delivery/wendys-33-sawmill-river-road/g33PL1ixRHez6RkNvZF19Q,ossining-new-york
https://www.ubereats.com/nyc-suburbs/food-delivery/chopt-creative-salad-co-53-south-moger-ave/rdHWfQIwRdyOAFYWNfFd5A,ossining-new-york
https://www.ubereats.com/nyc-suburbs/food-delivery/maracas-mexican-bar-%26-grill/24xpEtwcTA60eA2CMJVbzA,ossining-new-york
https://www.ubereats.com/nyc-suburbs/food-delivery/taco-bell-131-s-route-9w/lALFrX5uQOuOwcI3DjqPBg,ossining-new-york
https://www.ubereats.com/nyc-suburbs/food-delivery/dunkin-22-w-ramapo-rd/Cr37b6y6SyeTFD8P41CWIQ,ossining-new-york
https://www.ubereats.com/nyc-suburbs/food-delivery/villarinas-market/8x2zYS9IQ8adLmAgKEKZxg,ossining-new-york
https://www.ubereats.com/nyc-suburbs/food-delivery/105-ten-bar-%26-grill/jiYOeiqGReuR6bstvczaIQ,ossining-new-york
https://www.ubereats.com/nyc-suburbs/food-delivery/playa-bowls-pleasantville/gM5TaU4uTz6hF5AadnEDPA,ossining-new-york
https://www.ubereats.com/nyc-suburbs/food-delivery/bagelicious-cafe/9AOiy23MTVaQgPEKUzgEmA,ossining-new-york
https://www.ubereats.com/nyc-suburbs/food-delivery/carvel-1874-pleasantville-road/XgCiKaF7TaqZOWL8ICTG8g,ossining-new-york
https://www.ubereats.com/nyc-suburbs/food-delivery/fatt-root/iNKbRuXvTeGaJF0URBpb0A,ossining-new-york
https://www.ubereats.com/nyc-suburbs/food-delivery/old-stone-trattoria/X1NeHwGfSae6MN2hgK6Pdg,ossining-new-york
https://www.ubereats.com/nyc-suburbs/food-delivery/big-daddys-home-plate-bbq/k7DJMp5ZTqKYfazmTn-j2w,ossining-new-york
https://www.ubereats.com/nyc-suburbs/food-delivery/kfc-taco-bell-350-saw-mill-river-road/DlRIOQL3QxK_6kEkCeo35w,ossining-new-york
https://www.ubereats.com/nyc-suburbs/food-delivery/casaletto-restaurant/AjJNC3nuQzqF-7lVZkRpnA,ossining-new-york
https://www.ubereats.com/nyc-suburbs/food-delivery/briarcliff-market-%26-deli/4qaGjKwpRzCzwZfxCwujcw,ossining-new-york
https://www.ubereats.com/nyc-suburbs/food-delivery/pub-street-ny/nKi6xDI_TzyPDzfb4eiFMw,ossining-new-york
https://www.ubereats.com/nyc-suburbs/food-delivery/flour-%26-sun-bakery/8m5u7r50ThajD3SCCFpfaQ,ossining-new-york
https://www.ubereats.com/nyc-suburbs/food-delivery/tipsy-taco-bar/Wi29Mjt7S2eX0HpAcI5lNA,ossining-new-york
https://www.ubereats.com/nyc-suburbs/food-delivery/taco-street/dA_OnZIyRfuV3AcJn--p2A,ossining-new-york
https://www.ubereats.com/nyc-suburbs/food-delivery/el-pastor/EA3l-uaERMSUy-JkG_940A,ossining-new-york
https://www.ubereats.com/nyc-suburbs/food-delivery/la-perla-poblanita/IUYpmzfRQzqt3oDLvkXPBw,ossining-new-york
https://www.ubereats.com/nyc-suburbs/food-delivery/taste-of-china-tarrytown/rG_FOrnSRnOwZbNNdVsNQw,ossining-new-york
https://www.ubereats.com/nyc-suburbs/food-delivery/gordos-north/25CSHipNTQeYWpnWfGI3xg,ossining-new-york
https://www.ubereats.com/nyc-suburbs/food-delivery/next-stop-gourmet/1j0e2BqETiCvS8b9e6NZGQ,ossining-new-york
https://www.ubereats.com/nyc-suburbs/food-delivery/105-seventy-bar-%26-grill/pYzlAc9VQ1mXSzSyCz3R7Q,ossining-new-york
https://www.ubereats.com/nyc-suburbs/food-delivery/justin-deli-cafe/U6x_ujefRX-bwZqRRM11uw,ossining-new-york
https://www.ubereats.com/nyc-suburbs/food-delivery/the-pirate-grill-and-wings/krt9kpaOTQCh7zrwF6Uo2A,ossining-new-york
https://www.ubereats.com/nyc-suburbs/food-delivery/starbucks-ossining/Cfk44fzCTb2lurutsi9GCQ,ossining-new-york
https://www.ubereats.com/nyc-suburbs/food-delivery/off-the-rail/R3-Tj--XRImikFIGx1uD6A,ossining-new-york
https://www.ubereats.com/nyc-suburbs/food-delivery/the-bagel-emporium-yorktown-heights/iAMmQohWQ2aJKQ7uJn2YmQ,ossining-new-york
https://www.ubereats.com/nyc-suburbs/food-delivery/little-thai-kitchen-chappaqua/KU8__E3gQg-8QgcvtiUCxw,ossining-new-york
https://www.ubereats.com/nyc-suburbs/food-delivery/mooyah-burgers-1882-pleasantville-rd/DmxXYbfBT464IHT_xrKUHQ,ossining-new-york
https://www.ubereats.com/nyc-suburbs/food-delivery/orfinos-restaurant/wCrfcgMjQJipyC2SS_2Zgw,ossining-new-york
https://www.ubereats.com/nyc-suburbs/food-delivery/bagel-emporium-of-armonk/FAbJbdQLQVSpZX7-opjwwg,ossining-new-york
https://www.ubereats.com/nyc-suburbs/food-delivery/santorini-greek-restaurant/O-9CCWt2Sr60NJW_CzSg0Q,ossining-new-york
https://www.ubereats.com/nyc-suburbs/food-delivery/frannies-goodie-shop/KMoTKZ0SQRS6OeY0cLeMVQ,ossining-new-york
https://www.ubereats.com/nyc-suburbs/food-delivery/dunkin-22-maple-st/NNoD8DJURzKJIjyXMryKwA,ossining-new-york
https://www.ubereats.com/nyc-suburbs/food-delivery/risotto-restaurant/VjneoRxbQkGnCrmd1ZzdLw,ossining-new-york
https://www.ubereats.com/nyc-suburbs/food-delivery/swagat-halal-indian-cuisine/q-vnFWM9TRGzscBuTvzYag,ossining-new-york
https://www.ubereats.com/nyc-suburbs/food-delivery/dunkin-2-washington-ave/eysxi6msReiOzAdKRqQicQ,ossining-new-york
https://www.ubereats.com/nyc-suburbs/food-delivery/wingburgers/T-EsS4BBTriJVztVtZmsXQ,ossining-new-york
https://www.ubereats.com/nyc-suburbs/food-delivery/dennys-buffet/nwnSVWzkREaljdYyqneahQ,ossining-new-york
https://www.ubereats.com/nyc-suburbs/food-delivery/dunkin-681-e-main-st/wzazR8_pRMK1Clf-hLrCgQ,ossining-new-york
https://www.ubereats.com/nyc-suburbs/food-delivery/my-tokyo/EwWn7bFUT1aZ5YdyKD4ilQ,ossining-new-york
https://www.ubereats.com/nyc-suburbs/food-delivery/los-abuelos-restaurant/wJKj4aVzQxa8Pfurwn3-og,ossining-new-york
https://www.ubereats.com/nyc-suburbs/food-delivery/forno-brickoven-pizzeria/iDKf3d_CSuqz-0-ETGTvXw,ossining-new-york
https://www.ubereats.com/nyc-suburbs/food-delivery/melike-turkish-cuisine/ZjGqR5upTU-pU4KzmHPqXQ,ossining-new-york
https://www.ubereats.com/nyc-suburbs/food-delivery/maya-riviera-bar-%26-restaurant/PgmoPk96TH29GtyrmjMXhw,ossining-new-york
https://www.ubereats.com/nyc-suburbs/food-delivery/dunkin-505a-bedford-rd/1HxtbP8ETCCSU8pyNqqy2w,ossining-new-york
https://www.ubereats.com/nyc-suburbs/food-delivery/georgy-gyros/mrZA28PeT765XvPs61izUA,ossining-new-york
https://www.ubereats.com/nyc-suburbs/food-delivery/raasa/LztUuERGRf-W9xqNaY3K0g,ossining-new-york
https://www.ubereats.com/nyc-suburbs/food-delivery/falafel-taco/sISNbgmHRLKDAFHzpruC9A,ossining-new-york
https://www.ubereats.com/nyc-suburbs/food-delivery/parrillada-las-americas/_g2eAWZXQCqw_iButIRpVg,ossining-new-york
