url,city
https://www.ubereats.com/st-louis/food-delivery/londons-wing-house-dellwood/yEcv5feYTxGtl21vqU3rcw,overland-missouri
https://www.ubereats.com/st-louis/food-delivery/j-c-supper-club/QAifYmjMTYG9r-8BTYEMFg,overland-missouri
https://www.ubereats.com/st-louis/food-delivery/qdoba-mexican-grill-1315-bass-pro-dr/pMEwt4kITgW2iksGgO-Q3w,overland-missouri
https://www.ubereats.com/st-louis/food-delivery/simba-ugandan-restaurant/W80BcsL0RqC3qFMxLdSc4w,overland-missouri
https://www.ubereats.com/st-louis/food-delivery/papa-johns-12203-dorsett-road/Oa_0jrSwRauLmIodq9r4VQ,overland-missouri
https://www.ubereats.com/st-louis/food-delivery/pokedoke-central-west-end/e9JpTFE4RgeQ0AQcsI4oyA,overland-missouri
https://www.ubereats.com/st-louis/food-delivery/hardees-1501283/oEdoFpLMSJmMfhlwUA5OuQ,overland-missouri
https://www.ubereats.com/st-louis/food-delivery/sunny-street-cafe-des-peres/uypAKJvbT-2yR1f4xe3Yhw,overland-missouri
https://www.ubereats.com/st-louis/food-delivery/ihop-5-n-highway-67/PxBAx_IgQWW19WDIJi1h7g,overland-missouri
https://www.ubereats.com/st-louis/food-delivery/ms-piggies-smokehouse/4YzyTPnHSt2B03bpaEEtcw,overland-missouri
https://www.ubereats.com/st-louis/food-delivery/brio-1601-south-lindbergh-blvd/zP6XtkaWSKuECvLFChHvQw,overland-missouri
https://www.ubereats.com/st-louis/food-delivery/bawarchi-indian-cuisine/U4t-BYi7Sgy-JdhVw2VLWA,overland-missouri
https://www.ubereats.com/st-louis/food-delivery/prime-55-restaurant-and-lounge/zzgkWdXMSKu_nX0JdYP5Tg,overland-missouri
https://www.ubereats.com/st-louis/food-delivery/long-john-silvers-1230-graham-rd/hmvRyIKxQGma56KTuRoo8w,overland-missouri
https://www.ubereats.com/st-louis/food-delivery/3-bay-bbq-%26-bakery/EdMEnGEYSnCmM45xsKjqRQ,overland-missouri
https://www.ubereats.com/st-louis/food-delivery/potbelly-sandwich-shop-11615-olive-blvd/lRO11HnDRvCgppJmYJsFYw,overland-missouri
https://www.ubereats.com/st-louis/food-delivery/ocha-thai-and-japanese-cuisine/voGbVENjSK6Kdj0FNy5KBQ,overland-missouri
https://www.ubereats.com/st-louis/food-delivery/mcdonalds-9131-w-florissant/0dN-W1MyTcOv7g7ThIrTeA,overland-missouri
https://www.ubereats.com/st-louis/food-delivery/ichiban-sushi-bar-japanese-restaurant/4bohdBjqRBi4RXugYELgog,overland-missouri
https://www.ubereats.com/st-louis/food-delivery/papa-johns-417-s-florissant-rd/Aa5X2vjQR2mKoihSNSbMeA,overland-missouri
https://www.ubereats.com/st-louis/food-delivery/dairy-queen-grill-%26-chill-2678-n-hwy-67/eHb5WPPKS6yzyQQeH2GsHA,overland-missouri
https://www.ubereats.com/st-louis/food-delivery/papa-johns-12735-new-halls-ferry-road/VOBxmyihQqSFhX_n4vhn8A,overland-missouri
https://www.ubereats.com/st-louis/food-delivery/subjay-bbq/f9Y7TD0iS-WHGdEeQHWzig,overland-missouri
https://www.ubereats.com/st-louis/food-delivery/grassis-ristorante-and-deli/KB7b2MF7SkG-GIf7jRwAQg,overland-missouri
https://www.ubereats.com/st-louis/food-delivery/five-guys-mo-0481-790-north-new-ballas-rd/JNli_rhZSQuK1wAVgzwWQA,overland-missouri
https://www.ubereats.com/st-louis/food-delivery/steak-n-shake-10459-page-avenue/veg0lfCMTJS-9umqqD5kIw,overland-missouri
https://www.ubereats.com/st-louis/food-delivery/cool-times/n3yMiAEbTYi1SFYh9qoJNQ,overland-missouri
https://www.ubereats.com/st-louis/food-delivery/arbys-7242/6NdavB2CQEuwvTcnwEK6AQ,overland-missouri
https://www.ubereats.com/st-louis/food-delivery/steak-n-shake-1253-hampton-avenue/BHTyvm5YRBWJDmzYiC5L3g,overland-missouri
https://www.ubereats.com/st-louis/food-delivery/first-watch-streets-of-st-char/aP5ts1mdTPCGJOfOcRlU9A,overland-missouri
https://www.ubereats.com/st-louis/food-delivery/barcelona-tapas-restaurant-saint-louis/fpvY7CFyTFO10Q2iPDzg6g,overland-missouri
https://www.ubereats.com/st-louis/food-delivery/rallys-9651-natural-bridge-road/xwbZ22u2QjewGeAkRTYL7A,overland-missouri
https://www.ubereats.com/st-louis/food-delivery/five-guys-mo-4019-1778-s-hanley-rd/UqqDl3ZET6iMmb_tEguPAw,overland-missouri
https://www.ubereats.com/st-louis/food-delivery/copia-clayton/BcuIrb62S-u1Ml4GEJDSiA,overland-missouri
https://www.ubereats.com/st-louis/food-delivery/jack-in-the-box-11122-saint-charles-rock-rd/WVCA9HZwRESOmTfsOxmu-Q,overland-missouri
https://www.ubereats.com/st-louis/food-delivery/smoothie-king-9793-clayton-rd/btgfglelQIyfsNTQ9Gp5ZA,overland-missouri
https://www.ubereats.com/st-louis/food-delivery/blue-box-pizza/PqwlHTAkSCGjjYyKahAeJQ,overland-missouri
https://www.ubereats.com/st-louis/food-delivery/california-pizza-kitchen-1493-st-louis-galleria/vnnwkXMOSteUsAJIjHv0Tw,overland-missouri
https://www.ubereats.com/st-louis/food-delivery/rearn-thai/cArfYfuVRIOFqDlW-6iC2g,overland-missouri
https://www.ubereats.com/st-louis/food-delivery/tonys-k-food-cuisine/RAcJ384rSvm_Lam1rudPaA,overland-missouri
https://www.ubereats.com/st-louis/food-delivery/bluenote-sports-bar-%26-grille/RaZaIbJtTDiifL9GIgd1-A,overland-missouri
https://www.ubereats.com/st-louis/food-delivery/mcdonalds-6270-howdershell-rd/3MoHFi16T9ClnnZRlGe09g,overland-missouri
https://www.ubereats.com/st-louis/food-delivery/hanley-grill/yMnIx48zTHGfp4xSK2AKEA,overland-missouri
https://www.ubereats.com/st-louis/food-delivery/churchs-chicken-7215-natural-bridge-road/VPd20FYjQJO8fTAVRqL2Zg,overland-missouri
https://www.ubereats.com/st-louis/food-delivery/jillys-cupcake-bar/U8n8_RLZQROavBt9HrD1fQ,overland-missouri
https://www.ubereats.com/st-louis/food-delivery/cracker-barrel-old-country-store-901-veterans-memorial-pkwy/IQLJpdGFQM23M49S5uxetA,overland-missouri
https://www.ubereats.com/st-louis/food-delivery/mcdonalds-8860-st-charles-rock-road/mVINReoXTKyB-oOHHmtOMg,overland-missouri
https://www.ubereats.com/st-louis/food-delivery/taco-bell-10426-page-ave/V5Di-nMiQ6m4Hulm8ref4Q,overland-missouri
https://www.ubereats.com/st-louis/food-delivery/mcalisters-1198-12515-olive-boulevard/_KkQbfbzSOmyBm6T20xMCQ,overland-missouri
https://www.ubereats.com/st-louis/food-delivery/king-grill-n-grand-blvd/O1oh450gR5m8RWPzzC3CHQ,overland-missouri
https://www.ubereats.com/st-louis/food-delivery/red-lobster-12235-saint-charles-rock-rd/GIDlcw-aRE6obb9RO9ZC_w,overland-missouri
https://www.ubereats.com/st-louis/food-delivery/jack-in-the-box-11204-w-florissant/lATAjmY5ReKX3rAIT9_XtQ,overland-missouri
https://www.ubereats.com/st-louis/food-delivery/original-js-tex-mex-bbq/FFwTFDnwTQG38C53UVtAVQ,overland-missouri
https://www.ubereats.com/st-louis/food-delivery/ocean-grill-stl/TvjtFHXuS-eQR05aa7-8XQ,overland-missouri
https://www.ubereats.com/st-louis/food-delivery/chipotle-mexican-grill-1-n-central-ave/Xg72g_krQBONAN_dvmYfXw,overland-missouri
https://www.ubereats.com/st-louis/food-delivery/fit-flavors-eager-rd/2YFMyZJ-TOuHKt8WKGo-KA,overland-missouri
https://www.ubereats.com/st-louis/food-delivery/jets-pizza-12532-olive-blvd/aQ9YdxHlQ3m3uI4pgLXj0g,overland-missouri
https://www.ubereats.com/st-louis/food-delivery/cracker-barrel-old-country-store-10915-new-halls-ferry-rd/h9SiGYWPRfaw8qaAi8q0YQ,overland-missouri
https://www.ubereats.com/st-louis/food-delivery/crooked-tree-coffee-house/Gp5utDYxThGQQskJ4_PHqw,overland-missouri
https://www.ubereats.com/st-louis/food-delivery/john-viviano-%26-sons-inc/8EnhP-YnRpqWmyCnR0gSrw,overland-missouri
https://www.ubereats.com/st-louis/food-delivery/al-tarboush-deli/avCJ99WaSDW576H1h-6WZw,overland-missouri
https://www.ubereats.com/st-louis/food-delivery/barg-continental-restaurant/ASA_zkiGSierErqlYPRLeg,overland-missouri
https://www.ubereats.com/st-louis/food-delivery/seoul-taco-delmar/7dq1eebvQe6zeU4J-EXhMg,overland-missouri
https://www.ubereats.com/st-louis/food-delivery/jack-in-the-box-158-howdershell/uJmIsk4tSAiJvfhHcgrh-w,overland-missouri
https://www.ubereats.com/st-louis/food-delivery/the-dubliner/H7n-3G9mT72nBlB4ukIe7Q,overland-missouri
https://www.ubereats.com/st-louis/food-delivery/bar-louie-st-charles/JRsLFNhJTwORUsa7A-h56g,overland-missouri
https://www.ubereats.com/st-louis/food-delivery/firehouse-subs-maryland-heights/vqpODCSnQN6R5ikuIqS-Bg,overland-missouri
https://www.ubereats.com/st-louis/food-delivery/el-maguey-mexican-restaurant/yCyg9dqmROaeOGXJ206I4A,overland-missouri
https://www.ubereats.com/st-louis/food-delivery/mcalisters-1379-3200-b-laclede-station-road/gx3wNsBhSjapaZa48b_xxg,overland-missouri
https://www.ubereats.com/st-louis/food-delivery/alis-steak-fish-and-chicken/a24nCJVTTyuksU23veagQA,overland-missouri
https://www.ubereats.com/st-louis/food-delivery/john-p-fields/V2CJfxCDTKu49dhOcgzqDQ,overland-missouri
https://www.ubereats.com/st-louis/food-delivery/applebees-11950-olive-blvd/eEshwpqHS1-cMDpUb6O1hA,overland-missouri
https://www.ubereats.com/st-louis/food-delivery/szechuan-cuisine/cqNoQWqgRpKrGt67U2QC6g,overland-missouri
https://www.ubereats.com/st-louis/food-delivery/boston-market-6690-clayton-rd/jaKhnG43TfadSnnlzn1A8Q,overland-missouri
https://www.ubereats.com/st-louis/food-delivery/the-blue-elephant-restaurant/AUqy_RJXQxaolBVB74O5LA,overland-missouri
https://www.ubereats.com/st-louis/food-delivery/cecil-whittakers-pizzeria/nd5RktveShu6E79UdEEAqA,overland-missouri
https://www.ubereats.com/st-louis/food-delivery/house-of-wong/ZJvEgctIQW6VJ6s_8Xg7VA,overland-missouri
https://www.ubereats.com/st-louis/food-delivery/zoyas-cafe-%26-catering/1f8YJ9cRRPCSbfWND_MQmg,overland-missouri
https://www.ubereats.com/st-louis/food-delivery/mellow-mushroom-3811-s-lindbergh-blvd/MExjIqtNS4CCe6yj3h2_Jg,overland-missouri
https://www.ubereats.com/st-louis/food-delivery/burger-king-10458-saint-charles-rock-rd/lEgOIAcDT6G4RF0c-xBbng,overland-missouri
https://www.ubereats.com/st-louis/food-delivery/mystic-grille/28q47XzGToyrtIMUuCIJgA,overland-missouri
https://www.ubereats.com/st-louis/food-delivery/ihop-ferry/XGydHfzVRTuO60Dhf2ZNnA,overland-missouri
https://www.ubereats.com/st-louis/food-delivery/starbucks-olive-%26-price/OzCXcGWeQFO5fAeaUi3yIg,overland-missouri
https://www.ubereats.com/st-louis/food-delivery/st-louis-pizza-%26-wings/3HI_RY__RquoktFlizmtDA,overland-missouri
https://www.ubereats.com/st-louis/food-delivery/three-of-a-kind-bar/GrcTUDNJTQSb6gnf3iXZ2Q,overland-missouri
https://www.ubereats.com/st-louis/food-delivery/sanctuaria/UgblvmEgQJOdF6ORIXQDKA,overland-missouri
https://www.ubereats.com/st-louis/food-delivery/concettas-italian-restaurant/s9KaS3HHT8qijPHEBOjPDA,overland-missouri
https://www.ubereats.com/st-louis/food-delivery/white-castle-9301-natural-bridge-rd/iFP-8t3VSCal-K0ZFIvkug,overland-missouri
https://www.ubereats.com/st-louis/food-delivery/las-palmas-mexican-restaurant/Kd1muRe4RYOAvfiBIemsyA,overland-missouri
https://www.ubereats.com/st-louis/food-delivery/applebees-2301-maplewood-commons-dr/GTzEo6Q5Rc2Qo6nrWtgJMw,overland-missouri
https://www.ubereats.com/st-louis/food-delivery/seoul-taco-chouteau-ave/hPlDD1qJTbuUeAsME7Wh1A,overland-missouri
https://www.ubereats.com/st-louis/food-delivery/auntie-annes-777-casino-center-rd/d2xWIxTVT7qnZ_KUV50E_Q,overland-missouri
https://www.ubereats.com/st-louis/food-delivery/texas-de-brazil-richmond-heights/wGVnKVIGTlGIA-zMCmWZ5w,overland-missouri
https://www.ubereats.com/st-louis/food-delivery/chipotle-mexican-grill-1500-s-hanley-rd/Nv-eO2PEQGeYuUNYRc6-nA,overland-missouri
https://www.ubereats.com/st-louis/food-delivery/hendels-restaurant/yzv1h4aVS9ijd9kgqFCNcA,overland-missouri
https://www.ubereats.com/st-louis/food-delivery/tani-sushi-bistro/U1kr5Ul_QHKFzGYoN1Qt6w,overland-missouri
https://www.ubereats.com/st-louis/food-delivery/bob-evans-216-3583-pennridge-drive/7IQQpqxER9OVQfCkcydPdA,overland-missouri
https://www.ubereats.com/st-louis/food-delivery/euclid-market-and-grill/3KudJus7QRO6GJOzQOHocw,overland-missouri
https://www.ubereats.com/st-louis/food-delivery/hardees-1500508/84qDPgE9SF-Ib0NZDx3g0g,overland-missouri
https://www.ubereats.com/st-louis/food-delivery/papa-johns-8209-north-lindbergh-boulevard/ds-xy0WWS6m0yDn015oEfA,overland-missouri
https://www.ubereats.com/st-louis/food-delivery/hooties-burger-bar-2765-north-highway-67/8MnogltrTwWLZUEg6OOqhw,overland-missouri
https://www.ubereats.com/st-louis/food-delivery/rallys-10334-page-avenue/BODX4F_ZRvCOaOIZFHsU-A,overland-missouri
https://www.ubereats.com/st-louis/food-delivery/panda-express-101-highlands-blvd/NAe65KBGQT2YWwQNmgSx9Q,overland-missouri
https://www.ubereats.com/st-louis/food-delivery/papa-johns-9800-manchester-rd/1lVls5C0R6yrnnBZa-yPFg,overland-missouri
https://www.ubereats.com/st-louis/food-delivery/hooters-11835-lackland-rd/0ynp8CVhQ5aJzoYW1gTWtw,overland-missouri
https://www.ubereats.com/st-louis/food-delivery/papa-johns-8107-olive-boulevard/SpR1TDUUQmef3ou7Fao14w,overland-missouri
https://www.ubereats.com/st-louis/food-delivery/jack-in-the-box-11830-lusher-rd/cAe_2QtzSyq5WR7N-4e-6A,overland-missouri
https://www.ubereats.com/st-louis/food-delivery/starbucks-west-port-plaza-st-louis/0_a2veRgRRyGvqot_oNoDQ,overland-missouri
https://www.ubereats.com/st-louis/food-delivery/kfc-7500-big-bend-boulevard/HTAHUFf_QKO9fHHTooM1Gw,overland-missouri
https://www.ubereats.com/st-louis/food-delivery/ben-%26-jerrys-6380-delmar-blvd/oCSlfcwiTH2kSAuKH69T0A,overland-missouri
https://www.ubereats.com/st-louis/food-delivery/panda-express-963-northwest-plaza-dr/hLnyoxUmSOeXoNDsJzFMZg,overland-missouri
https://www.ubereats.com/st-louis/food-delivery/rootbound/TW_hygriQwGYp48QmGjZzw,overland-missouri
https://www.ubereats.com/st-louis/food-delivery/cold-stone-creamery-florissant/v_SuNOwuRS2xI3-oJw-_Qw,overland-missouri
https://www.ubereats.com/st-louis/food-delivery/starbucks-delmar-loop/fWPVP8jRTguO_BRZMpqCig,overland-missouri
https://www.ubereats.com/st-louis/food-delivery/great-american-cookies-1495-saint-louis-galleria/lrWupVRBQdWhBt5BsZt4NA,overland-missouri
https://www.ubereats.com/st-louis/food-delivery/dennys-5789-campus-pkwy/PtDv0OhCTViiw1alopBUJg,overland-missouri
https://www.ubereats.com/st-louis/food-delivery/poke-doke-delmar-loop/fmUdBEVLQ9yoYZ0vxn9oeA,overland-missouri
https://www.ubereats.com/st-louis/food-delivery/i-love-mr-sushi/eNFmVAQsQyCbq2WBkEicFQ,overland-missouri
https://www.ubereats.com/st-louis/food-delivery/180-grill-and-bar/ri-ses1qRfm9CQDg-kqxCw,overland-missouri
https://www.ubereats.com/st-louis/food-delivery/ofure-palace/5JSNQY0UR7SyXwSQly6m4w,overland-missouri
https://www.ubereats.com/st-louis/food-delivery/flemings-prime-steakhouse-%26-wine-bar-st-louis/H6zpYw7ZSU2nAoMPF11CZw,overland-missouri
https://www.ubereats.com/st-louis/food-delivery/starbucks-lindbergh-%26-st-charles-rock-rd/HxuhuYJgTk-RsXbM93gROQ,overland-missouri
https://www.ubereats.com/st-louis/food-delivery/papa-johns-2218-first-capitol-drive/d4SIeJ14R06897ZzPcqVoQ,overland-missouri
https://www.ubereats.com/st-louis/food-delivery/jack-in-the-box-4595-washington-st/gi5vEpfZQuC2u7hyW_Egow,overland-missouri
https://www.ubereats.com/st-louis/food-delivery/el-mexiquense-restaurant/ppIFndGPRpeDAHiji8eMHg,overland-missouri
https://www.ubereats.com/st-louis/food-delivery/arbys-8368/a4-sVtkrREygTYcEFzFVYg,overland-missouri
https://www.ubereats.com/st-louis/food-delivery/twin-oak-wood-fired-pizza-and-bbq/LRVJBuNSSw2oNTuJmdEucQ,overland-missouri
https://www.ubereats.com/st-louis/food-delivery/first-watch-creve-coeur/423GXLUnQO6OG1HsHSEYJw,overland-missouri
https://www.ubereats.com/st-louis/food-delivery/tropical-smoothie-cafe-159-carondelet-plaza/lUF1nP0wQZmx8fgL1nvchA,overland-missouri
https://www.ubereats.com/st-louis/food-delivery/the-slice-stl/p7vtDqTQSHqNQuN5Go1gFw,overland-missouri
https://www.ubereats.com/st-louis/food-delivery/steak-n-shake-9550-natural-bridge/4I2ZdFtsRqO9OzQBu3YSLQ,overland-missouri
https://www.ubereats.com/st-louis/food-delivery/mcdonalds-12680-dorsett-rd/qI9go76aR3qaRuDVLXK4ng,overland-missouri
https://www.ubereats.com/st-louis/food-delivery/moms-kitchen-goodfellow-blvd/cHWk4ZxBQ4GKbp22Yp5x1A,overland-missouri
https://www.ubereats.com/st-louis/food-delivery/old-town-donuts/lXX-J4MHTVaUqJa8oz15hg,overland-missouri
https://www.ubereats.com/st-louis/food-delivery/starbucks-i-270-%26-lindbergh/dbddO0j9SzmCkeN3Vfg2tQ,overland-missouri
https://www.ubereats.com/st-louis/food-delivery/noodles-%26-company-1624-south-hanley-road/KQR7ivyIRp6DZCQiQQuGAA,overland-missouri
https://www.ubereats.com/st-louis/food-delivery/irie-eats-jamaican-restaurant/iy7739CmQWqShCkKLghGGQ,overland-missouri
https://www.ubereats.com/st-louis/food-delivery/bristol-seafood-grill-11801-olive-blvd/Qo6jzKo6TWGMEubtrY8TNQ,overland-missouri
https://www.ubereats.com/st-louis/food-delivery/fit-flavors-olive-blvd/LVLr7b9-TaqUJ7Cg2qyk2Q,overland-missouri
https://www.ubereats.com/st-louis/food-delivery/strange-donuts/HEaXZCXTRKWn3I-yTFm1Rw,overland-missouri
https://www.ubereats.com/st-louis/food-delivery/mandarin-house/t2PF36X2SAa2zje1-qvwaA,overland-missouri
https://www.ubereats.com/st-louis/food-delivery/pops-kitchen/epAGXpdBRDqK33DRx4UWXg,overland-missouri
https://www.ubereats.com/st-louis/food-delivery/mod-pizza-maryland-heights/5ZbXuoBeQ0C-4rMJNthlHg,overland-missouri
https://www.ubereats.com/st-louis/food-delivery/burger-king-1200-south-brentwood-blvd/DBY9_x-UQTu1I_nweTN78w,overland-missouri
https://www.ubereats.com/st-louis/food-delivery/fridas/WVc0_kstRom0T-H1VCgWOQ,overland-missouri
https://www.ubereats.com/st-louis/food-delivery/menchies-town-%26-country/75g8IMRDRPqYO_CHnBVuog,overland-missouri
https://www.ubereats.com/st-louis/food-delivery/drunken-fish-port-plz/kDAadj9bQZeJWueE0YZVLA,overland-missouri
https://www.ubereats.com/st-louis/food-delivery/fazolis-12341-st-charles-rock-rd/OgCdhPJxQ-io4fpUS4uw0g,overland-missouri
https://www.ubereats.com/st-louis/food-delivery/el-maguey/EPb4cFanSoq8lv5Gf60gqw,overland-missouri
https://www.ubereats.com/st-louis/food-delivery/mcdonalds-11521-olive-blvd/nIear1kAQ-aIz3ezK9V2mg,overland-missouri
https://www.ubereats.com/st-louis/food-delivery/mcdonalds-25-westport-plaza-drive/JnF_alWBQYGZD0yhP0io7g,overland-missouri
https://www.ubereats.com/st-louis/food-delivery/hons-wok/a-pwowf6SR2Fc0U6gXD_Ig,overland-missouri
https://www.ubereats.com/st-louis/food-delivery/long-john-silvers-12294-saint-charles-rock-rd/u2V4W8BuQgiq6gLU2IFG1g,overland-missouri
https://www.ubereats.com/st-louis/food-delivery/haveli-indian-restaurant/P76cB6i8QRGoCaAtnAUJ8w,overland-missouri
https://www.ubereats.com/st-louis/food-delivery/arbys-751/S9mG2mDCQFa2fBXyhv0pxw,overland-missouri
https://www.ubereats.com/st-louis/food-delivery/mod-pizza-ladue/6VzLTpF6S-yyvzG4QRZbYA,overland-missouri
https://www.ubereats.com/st-louis/food-delivery/quiznos-classic-subs-ferguson/ivRbLdIUQc2LRmHrjjmaIA,overland-missouri
https://www.ubereats.com/st-louis/food-delivery/krispy-kreme-10880-west-florissant-avenue/FFz2fGhnTC2PSEPJsxA1zA,overland-missouri
https://www.ubereats.com/st-louis/food-delivery/taco-bell-1324-hampton-avenue/En3Z6JbUTDq0-ThggFGO5w,overland-missouri
https://www.ubereats.com/st-louis/food-delivery/ihop-8049-clayton-rd/3X59vjKfQZiGsH2SJP66Ew,overland-missouri
https://www.ubereats.com/st-louis/food-delivery/pa-dolive/QPU-KPFLT36EBZGjx6EGJQ,overland-missouri
https://www.ubereats.com/st-louis/food-delivery/burger-king-9203-page-ave/J1aL2N_rSaSdAwBYxTR4wA,overland-missouri
https://www.ubereats.com/st-louis/food-delivery/planet-sub-clayton/GQECpo9eQSCPVxPwwQEoGw,overland-missouri
https://www.ubereats.com/st-louis/food-delivery/mayana-mexican-kitchen/WoOzso9_TF6gFh8isBuzQg,overland-missouri
https://www.ubereats.com/st-louis/food-delivery/cold-stone-21507/0oQ8W2HPT3qAGlx893T9jQ,overland-missouri
https://www.ubereats.com/st-louis/food-delivery/firehouse-subs-8027-dale-ave/G6sUss2nQcGMxVD5DG4fEg,overland-missouri
https://www.ubereats.com/st-louis/food-delivery/taste-of-india-stlouis/6WrrgSaPQg-JO967Xb2qOA,overland-missouri
https://www.ubereats.com/st-louis/food-delivery/united-grill/vhFzqNUoQty5ND2lMmRR9A,overland-missouri
https://www.ubereats.com/st-louis/food-delivery/tastebudz-grille-llc/NSo35_E8R0qdRgneDqA78w,overland-missouri
https://www.ubereats.com/st-louis/food-delivery/mini-donut-co/g0Lrypq1ROWZn92kaYI8iQ,overland-missouri
https://www.ubereats.com/st-louis/food-delivery/five-aces-bar-b-que/s5D-9-V1TmKcfOENeaz6QQ,overland-missouri
https://www.ubereats.com/st-louis/food-delivery/italian-hoagie/MifYU-HIQ2Gdp6b-XPbypw,overland-missouri
https://www.ubereats.com/st-louis/food-delivery/kfc-10557-page/6HRl96zWSC-j6ygkR61pWA,overland-missouri
https://www.ubereats.com/st-louis/food-delivery/buffalo-wild-wings-1210-strassner-dr/LK66m3dWQcCCHLuGG2CWvA,overland-missouri
https://www.ubereats.com/st-louis/food-delivery/kohns-kosher-meat-and-deli/T_E9bEr2QIeIhm8oFvvSAg,overland-missouri
https://www.ubereats.com/st-louis/food-delivery/mcdonalds-8700-pershall-rd/qzGgO6zxR3a7pO0A5k4dFA,overland-missouri
https://www.ubereats.com/st-louis/food-delivery/jack-in-the-box-6950-olive-blvd/Zz5H4P9OQ4O4Yob1eDDHow,overland-missouri
https://www.ubereats.com/st-louis/food-delivery/taco-bell-9339-olive-blvd/usIWuteAQiiWOB28jh1C-A,overland-missouri
https://www.ubereats.com/st-louis/food-delivery/hot-box-cookies-clayton/7GY-puvtSVS1Q3P99t0hrA,overland-missouri
https://www.ubereats.com/st-louis/food-delivery/popeyes-louisiana-kitchen-953-northwest-plaza-dr/hMEIHYrkTCiIo4FBzhYfTw,overland-missouri
https://www.ubereats.com/st-louis/food-delivery/charleys-philly-steaks-5-saint-louis-galleria/OCpoxdRgRtSNmB_OU1KW8Q,overland-missouri
https://www.ubereats.com/st-louis/food-delivery/shake-shack-60-north-euclid-avenue/lBg3IroIQdGGBTOKFLjfBg,overland-missouri
https://www.ubereats.com/st-louis/food-delivery/mcdonalds-9406-olive-street-rd/uNBRs9FORbKIBgcJjkBqTQ,overland-missouri
https://www.ubereats.com/st-louis/food-delivery/hooties-burger-bar-11835-lackland-road/V_XCEAlrQemiWX-AndaGAA,overland-missouri
https://www.ubereats.com/st-louis/food-delivery/sunrise-family-restaurant/4Efg_nUVQQume_P3mf-YGQ,overland-missouri
https://www.ubereats.com/st-louis/food-delivery/colleens/vHru2_enQfupnRKS1VdpLg,overland-missouri
https://www.ubereats.com/st-louis/food-delivery/oishi-sushi/2rBBY3rhSfCMkgvOxjIDFg,overland-missouri
https://www.ubereats.com/st-louis/food-delivery/buffalo-wild-wings-1465-bass-pro-dr/GP8WPqEiSMyqEgF3Pkuymg,overland-missouri
https://www.ubereats.com/st-louis/food-delivery/trap-pizza/HLu-vqYwSGesyMOMPL60OQ,overland-missouri
https://www.ubereats.com/st-louis/food-delivery/neighbors-goodeats/NCJA3GFVT5a7ObGdbqlhRw,overland-missouri
https://www.ubereats.com/st-louis/food-delivery/dunkin-1754-s-hanley-rd/XLrll96STeGs_TWPD8OyzQ,overland-missouri
https://www.ubereats.com/st-louis/food-delivery/subway-8444-n-lindbergh-blvd/MiGrTnf-SwWA1UmimYT0KQ,overland-missouri
https://www.ubereats.com/st-louis/food-delivery/signature-india/-7YFN14kSV6iFHjaAy9wUA,overland-missouri
https://www.ubereats.com/st-louis/food-delivery/hacienda-mexican-restaurant/ZzEYiWEgRsK5HQ-tkhsqPQ,overland-missouri
https://www.ubereats.com/st-louis/food-delivery/miami-grill/U1CgdaBBSUqRHcHFUAMfHA,overland-missouri
https://www.ubereats.com/st-louis/food-delivery/subway-7888-olive-blvd/sgKCH9ixQHiBN0TcQY-nMA,overland-missouri
https://www.ubereats.com/st-louis/food-delivery/tutti-frutti-frozen-yogurt-7708-delmar/By_wYWp2QQC4s172UFP9bA,overland-missouri
https://www.ubereats.com/st-louis/food-delivery/china-house/CQt7ke4vScmVAW4_BLSyWg,overland-missouri
https://www.ubereats.com/st-louis/food-delivery/king-grill/WcnV5ovIThSMiZyONb8SzA,overland-missouri
https://www.ubereats.com/st-louis/food-delivery/arbys-1117/_naE6U-tQpOoPHAhAEkDDg,overland-missouri
https://www.ubereats.com/st-louis/food-delivery/shell-city-crab-shack-st-louis/Nd5sabUQS7GZbs9bhMcyXw,overland-missouri
https://www.ubereats.com/st-louis/food-delivery/applebees-9090-st-charles-rock-road/AbQKoYMZSjqwh_bbpK2B7Q,overland-missouri
https://www.ubereats.com/st-louis/food-delivery/crazy-bowls-%26-wraps-forsyth-clayton/UV9R4As1RCutpAY-1NaRKQ,overland-missouri
https://www.ubereats.com/st-louis/food-delivery/up-down-stl/Iyr15_BMTEOXLczsYKU_Ng,overland-missouri
https://www.ubereats.com/st-louis/food-delivery/snax-by-dre/S4bACE9IS4CHy8dGMMdbrg,overland-missouri
https://www.ubereats.com/st-louis/food-delivery/pan-dolive/Qtq2WlPXRPqJUJp_dBuQDw,overland-missouri
https://www.ubereats.com/st-louis/food-delivery/himalayan-hut/GclTp8NAQ-ySaHqjg7HIbA,overland-missouri
https://www.ubereats.com/st-louis/food-delivery/qdoba-mexican-grill-766-n-new-ballas-rd/gs8K_mCPQYyuhAXam8dvPg,overland-missouri
https://www.ubereats.com/st-louis/food-delivery/the-nation-sports-bar-%26-grill/Yv_vbwKgRl-Ap1ZVsxLZUQ,overland-missouri
https://www.ubereats.com/st-louis/food-delivery/elmos-love-lounge/vAm_LT3fTrqiIm_44tNZZQ,overland-missouri
https://www.ubereats.com/st-louis/food-delivery/zangchi/qz1vBC4QQvqKfkq3y7lnEg,overland-missouri
https://www.ubereats.com/st-louis/food-delivery/jack-in-the-box-7520-manchester/KqgSv-GbSpOP_7Pl6e3ytw,overland-missouri
https://www.ubereats.com/st-louis/food-delivery/el-maguey/ggC9q0XgQnKhJte7CN43TA,overland-missouri
https://www.ubereats.com/st-louis/food-delivery/ihop-11237-saint-charles-rock-rd/C3takmm2SrWG75Yp2KBq7g,overland-missouri
https://www.ubereats.com/st-louis/food-delivery/popeyes-louisiana-kitchen-20-airport-rd-ferguswson-rd/xQWZj5BcRjKuOO7l_p_2eg,overland-missouri
https://www.ubereats.com/st-louis/food-delivery/big-richards-hot-dogs/NT6kddU7Q42MgQm00wZcug,overland-missouri
https://www.ubereats.com/st-louis/food-delivery/crazy-bowls-%26-wraps-east-olive-and-craig/J7tl6BaSTmqEKO9KyQIfQg,overland-missouri
https://www.ubereats.com/st-louis/food-delivery/chipotle-mexican-grill-11485-olive-blvd/DvMJri7YQ6mjqJyxsZaKxw,overland-missouri
https://www.ubereats.com/st-louis/food-delivery/dennys-2925-n-hwy-67/t9lfsUTfQB6jubsfxKq_Qg,overland-missouri
https://www.ubereats.com/st-louis/food-delivery/sizzlin-grill/tIw5cm_qRm24P_jpL4E4MA,overland-missouri
https://www.ubereats.com/st-louis/food-delivery/chipotle-mexican-grill-3533-mckelvey-rd/pmBM4qDCSmiyuhX8yQUrBw,overland-missouri
https://www.ubereats.com/st-louis/food-delivery/cool-times-glenridge/ADuoixvSS7qihoE0gZYgzA,overland-missouri
https://www.ubereats.com/st-louis/food-delivery/wasabi-sushi-bar-clayton/KqP4_lv3SaOjO_BNtbcLUg,overland-missouri
https://www.ubereats.com/st-louis/food-delivery/panda-express-1494-s-hanley/XctxjK3aQhKLqm5lVXPmYw,overland-missouri
https://www.ubereats.com/st-louis/food-delivery/dickeys-barbecue-pit-1912-s-brentwood-blvd/Gz2MFJqMRmia3_Nd9Lr1Xw,overland-missouri
https://www.ubereats.com/st-louis/food-delivery/mcdonalds-10431-page-ave/mm4EqAWvRTKsrANzdIkhhg,overland-missouri
https://www.ubereats.com/st-louis/food-delivery/pi-pizzeria-delmar-loop/_D67OrpLQGqUbkVQp45kmw,overland-missouri
https://www.ubereats.com/st-louis/food-delivery/charred-crust/x7v1EqI6RCi3ZZRFgu3gpw,overland-missouri
https://www.ubereats.com/st-louis/food-delivery/funnelcakefactory-saint-louis/XT4K5ei8RoW6-wWPoNQ-Gg,overland-missouri
https://www.ubereats.com/st-louis/food-delivery/filomenas-italian-kitchen/Ll27USpISSmwkMg6WMq2aA,overland-missouri
https://www.ubereats.com/st-louis/food-delivery/gokul-indian-restaurant/ZuNRB7tGRv6b1pgAguYqpQ,overland-missouri
https://www.ubereats.com/st-louis/food-delivery/rallys-3730-goodfellow/0MgS_wikRvK-08Z_CQbfjw,overland-missouri
https://www.ubereats.com/st-louis/food-delivery/american-falafel/omQkb571SbW1Lfl0p3p92w,overland-missouri
https://www.ubereats.com/st-louis/food-delivery/rallys-6710-west-florissant/Gec-Hn-OTDeiSRb19NOoOw,overland-missouri
https://www.ubereats.com/st-louis/food-delivery/first-watch-bridgeton-st-ann/Y7bninZsReGGvBdrmup8uA,overland-missouri
https://www.ubereats.com/st-louis/food-delivery/panda-express-1155-st-louis-galleria/fVUbswkuSUiyPUIM7fUccg,overland-missouri
https://www.ubereats.com/st-louis/food-delivery/maggie-moos/PN9Gm-ANSmWJ6V18fQ0gtw,overland-missouri
https://www.ubereats.com/st-louis/food-delivery/hotshots-sports-bar-%26-grill-bridgeton/OejM9cp1TDG1c1yKl6bXpg,overland-missouri
https://www.ubereats.com/st-louis/food-delivery/taco-bell-9787-st-charles-rock-rd/eaMeagFcTnWJb51dcwCy4Q,overland-missouri
https://www.ubereats.com/st-louis/food-delivery/jack-in-the-box-1242-hampton/olNtgVOPSc-ARB0V0tRbig,overland-missouri
https://www.ubereats.com/st-louis/food-delivery/cj-muggs-restaurant-%26-bar/mvpnMkRHSmGRaGUKer4lNg,overland-missouri
https://www.ubereats.com/st-louis/food-delivery/beast-butcher-%26-block/E5iEdQHGSOKssV82UR_bNg,overland-missouri
https://www.ubereats.com/st-louis/food-delivery/qdoba-mexican-grill-6701-clayton-rd/R_Ol56v1TCeWs7xjtZWfbA,overland-missouri
https://www.ubereats.com/st-louis/food-delivery/arbys-8593/sXgfQgsKRDew_t_EqXTqsA,overland-missouri
https://www.ubereats.com/st-louis/food-delivery/the-posh-nosh/SGbPShuYR9CJ5kogPcHq_w,overland-missouri
https://www.ubereats.com/st-louis/food-delivery/subway-1901-schuetz-rd/LeukhmX_RImQbqs9XG3p-A,overland-missouri
https://www.ubereats.com/st-louis/food-delivery/dollar-express-chinese/IaitAqG3SyqKHy4ydG74-A,overland-missouri
https://www.ubereats.com/st-louis/food-delivery/vincent-van-doughnut-tower-grove/D2YwN8FHS7CDRR6ZhY_01w,overland-missouri
https://www.ubereats.com/st-louis/food-delivery/five-guys-mo-1491-1520-s-5th-st/1zm6XcFUQtiCrY-7sR5Hcw,overland-missouri
https://www.ubereats.com/st-louis/food-delivery/oriental-chop-suey/y001jLQXRyKOmK7cBQ3Pzg,overland-missouri
https://www.ubereats.com/st-louis/food-delivery/yellowbelly-st-louis/g9phiXjYRSirIv9xO_UFzw,overland-missouri
https://www.ubereats.com/st-louis/food-delivery/tucanos-brazilian-grill-st-charles/_VpY7oSRQXGZrb2ulneEKA,overland-missouri
https://www.ubereats.com/st-louis/food-delivery/majeed-mediterranean-restaurant/6iERVL-aThex3VJr49lv2Q,overland-missouri
https://www.ubereats.com/st-louis/food-delivery/popeyes-louisiana-kitchen-7115-page-avenue/dbDFNa3sQ0Sd0z6uP6Ljzw,overland-missouri
https://www.ubereats.com/st-louis/food-delivery/k-bop-inc/fybdQBS8QKKANQ7XigiU2w,overland-missouri
https://www.ubereats.com/st-louis/food-delivery/aroma-indian-grill/YS819FX7S0-4U-dkASNrVw,overland-missouri
https://www.ubereats.com/st-louis/food-delivery/dairy-queen-grill-%26-chill-2060-mckelvey-rd/yeliwK1rS5mTjnj3cpRhkg,overland-missouri
https://www.ubereats.com/st-louis/food-delivery/rallys-10004-halls-ferry-road/RQM7zG9BT9KWxLRRDUycwQ,overland-missouri
https://www.ubereats.com/st-louis/food-delivery/white-castle-7380-olive-blvd/MdtyW4VvS2ekpVdgKfxQHQ,overland-missouri
https://www.ubereats.com/st-louis/food-delivery/garbanzo-mediterranean-fresh-clayton/tiVmDClORzKGAWzB_TaOOw,overland-missouri
https://www.ubereats.com/st-louis/food-delivery/cocina-latina/GDvqOf2IRzeKLqn0I1KQZQ,overland-missouri
https://www.ubereats.com/st-louis/food-delivery/big-as-on-the-riverfront/r7ctCLJPRlWJM82bLyTihA,overland-missouri
https://www.ubereats.com/st-louis/food-delivery/pei-wei-11430-olive-blvd/lUtJWkA3SkGOV1MeGDGiTw,overland-missouri
https://www.ubereats.com/st-louis/food-delivery/red-robin-143-8115-dale-avenue/FJy5NpXOQ7Cm-BBWx3I5GA,overland-missouri
https://www.ubereats.com/st-louis/food-delivery/la-taco-cantina/Ee_ge250TBKUeXoTubkwPA,overland-missouri
https://www.ubereats.com/st-louis/food-delivery/sho-me-barbque/SKjnMLt4RkK4iUAw0yrFgg,overland-missouri
https://www.ubereats.com/st-louis/food-delivery/qdoba-mexican-grill-14039-new-halls-ferry-rd-building-a/rJpYVufhTMWFI-5w7RjNAA,overland-missouri
https://www.ubereats.com/st-louis/food-delivery/busloop-burgers/789idexsTGCul2KcgUb9wg,overland-missouri
https://www.ubereats.com/st-louis/food-delivery/mcdonalds-8127-olive-street-road/YUWH_Vz0ToOjmnTpAoTXBQ,overland-missouri
https://www.ubereats.com/st-louis/food-delivery/pi-pizzeria-central-west-end/7Ao-D8XrTQeB0T8ow0pOOg,overland-missouri
https://www.ubereats.com/st-louis/food-delivery/papa-johns-10464-saint-charles-rock-road/NR2S1FEpQh-DX75DkFwZHA,overland-missouri
https://www.ubereats.com/st-louis/food-delivery/jack-in-the-box-6100-howdershell-rd/RHiExCrcQbuZe3B8OibHTA,overland-missouri
https://www.ubereats.com/st-louis/food-delivery/st-louis-gyros/vCrqA7IgSxiG_kPobrV3_g,overland-missouri
https://www.ubereats.com/st-louis/food-delivery/subway-10917-st-charles-rock-rd/XCWttT-wSj2yODsDmxSS_g,overland-missouri
https://www.ubereats.com/st-louis/food-delivery/cafe-cornucopia/nq1Cr7AJS160R5PsHdZR0Q,overland-missouri
https://www.ubereats.com/st-louis/food-delivery/ya-hala-grill/xZBN2cpmRNutZP2YNbzhVA,overland-missouri
https://www.ubereats.com/st-louis/food-delivery/mcalisters-9052-11969-saint-charles-rock-road/5VUUFbzpSJyy2uZelteBJw,overland-missouri
https://www.ubereats.com/st-louis/food-delivery/dairy-queen-grill-%26-chill-300-howdershell-rd/XZYcKBbzRZqOzFNAv78ypA,overland-missouri
https://www.ubereats.com/st-louis/food-delivery/shake-shack-ladue-crossing/iCxjAhanRCiZ2ZlipNcSHw,overland-missouri
https://www.ubereats.com/st-louis/food-delivery/crushed-red-clayton/7uiQZXlnQeqU4XHZH5Jucg,overland-missouri
https://www.ubereats.com/st-louis/food-delivery/popeyes-louisiana-kitchen-951-n-us-hwy-67/cddgXP0FQI68-hoMLcCQhA,overland-missouri
https://www.ubereats.com/st-louis/food-delivery/manee-thai/ctzWH_61TiK6gQzxqLHehQ,overland-missouri
https://www.ubereats.com/st-louis/food-delivery/pastries-of-denmark/Wz8bSMwqSay4Zdo3-hg6RA,overland-missouri
https://www.ubereats.com/st-louis/food-delivery/subway-9641-olive-blvd/cOn2jGZcTNKHkAIpKG1YnA,overland-missouri
https://www.ubereats.com/st-louis/food-delivery/captain-ds-9387-page-ave/mvwsFZLuTGGo1X4cTC9cQA,overland-missouri
https://www.ubereats.com/st-louis/food-delivery/cathys-kitchen/lxjQOnbHSzmuaEHxzPNBsA,overland-missouri
https://www.ubereats.com/st-louis/food-delivery/taco-bell-13123-olive-blvd/Yonq1yAqTUm0h_sFv7aRjQ,overland-missouri
https://www.ubereats.com/st-louis/food-delivery/st-louis-kolache-n-lindbergh/s8UIBWw8QM2D5Y1s6iGbBw,overland-missouri
https://www.ubereats.com/st-louis/food-delivery/dennys-11266-midland-blvd/CWMsxVFRRYSScWntD58mTw,overland-missouri
https://www.ubereats.com/st-louis/food-delivery/panda-express-2399-n-hwy-67/LMVjHD59T7KIZqJCZGKT5Q,overland-missouri
https://www.ubereats.com/st-louis/food-delivery/juicemasters-fresh-juice-%26-smoothie-truck/FUz6NSkvRqOUo9q16QNrnw,overland-missouri
https://www.ubereats.com/st-louis/food-delivery/arbys-6258/mAO27MazTsGXOw9NXXQHdQ,overland-missouri
https://www.ubereats.com/st-louis/food-delivery/wasabi-sushi-bar-warson-woods/4u5KC7SMQaCYJNZDnXrl_A,overland-missouri
https://www.ubereats.com/st-louis/food-delivery/dennys-12319-dorsett-road/UtnkC-4tQp6p_upQmVCfBA,overland-missouri
https://www.ubereats.com/st-louis/food-delivery/drunken-fish-maryland-plz/G1TIy0NvS_6mnxNC4WSCcg,overland-missouri
https://www.ubereats.com/st-louis/food-delivery/captain-ds-10522-st-charles-rock-rd/L2lUvhc2RP-k9AYXQ9jD8Q,overland-missouri
https://www.ubereats.com/st-louis/food-delivery/jack-in-the-box-9707-natural-bridge/pclq5QVdRKK5QthQZWAmZQ,overland-missouri
https://www.ubereats.com/st-louis/food-delivery/potbelly-sandwich-shop-12-s-bemiston-ave/HiQ9sXMYSlylfPWcAF1oOg,overland-missouri
https://www.ubereats.com/st-louis/food-delivery/mi-hungry-catering/ppzI3LxwQmuepMI5uDRB1g,overland-missouri
https://www.ubereats.com/st-louis/food-delivery/five-guys-mo-1404-250-n-highway-67/KFLb_fY2SKKPDYzKHawzEg,overland-missouri
https://www.ubereats.com/st-louis/food-delivery/hooters-2765-n-hwy-67/jL90NUCkRN-72t0JA5RdaA,overland-missouri
https://www.ubereats.com/st-louis/food-delivery/lulu-chinese-and-dim-sum-9737-manchester/5n-9X1R4QoyNl3XYqrKayg,overland-missouri
https://www.ubereats.com/st-louis/food-delivery/kfc-3517-south-grand/WMIAki-ASsqkNVmgJlcgvA,overland-missouri
https://www.ubereats.com/st-louis/food-delivery/applebees-11077-new-halls-ferry-road/VSLsjdyqQ-6eKt5K9CDbDg,overland-missouri
https://www.ubereats.com/st-louis/food-delivery/neighbors-grill/QggTD3M2SHadI61CNtCeXQ,overland-missouri
https://www.ubereats.com/st-louis/food-delivery/mcdonalds-8960-page-avenue-overland-plz/LENDd6ZUR1qjY6hBsBqkwg,overland-missouri
https://www.ubereats.com/st-louis/food-delivery/kfc-5020-delmar/drVUx8GFRBeBEB5eNYc7Kg,overland-missouri
https://www.ubereats.com/st-louis/food-delivery/arkansas-fried-chicken-grill-n-bar/-X3D3z_NRruVv3t_J6XMuA,overland-missouri
https://www.ubereats.com/st-louis/food-delivery/subway-10443-page-ave/cFWzJZ1WQhSRTdghr0RoRg,overland-missouri
https://www.ubereats.com/st-louis/food-delivery/ranoush/RVL6fHrWQ1q8cYAVo8_P4w,overland-missouri
https://www.ubereats.com/st-louis/food-delivery/georges-diner/iXqG85_wRmy2UMXdvUpMOQ,overland-missouri
https://www.ubereats.com/st-louis/food-delivery/buffalo-wild-wings-12653-olive-blvd/dnIU9aY5ROukaQ2I1BSqXA,overland-missouri
https://www.ubereats.com/st-louis/food-delivery/fort-taco/4cC6WOBeQaOoOxTlskmLIw,overland-missouri
https://www.ubereats.com/st-louis/food-delivery/piccione-pastry/hY4M5mn0T3yx_RxzNgoBTA,overland-missouri
https://www.ubereats.com/st-louis/food-delivery/krab-kingz-seafood/o4JbaUMKSLm82ZLAhF_PZg,overland-missouri
https://www.ubereats.com/st-louis/food-delivery/rallys-2182-n-highway-67/J7bV8DbORpKptsQ5YdtBvw,overland-missouri
https://www.ubereats.com/st-louis/food-delivery/qdoba-mexican-grill-12121-st-charles-rock-rd/BsSLEF2VQZ6gfTIJeSMdqg,overland-missouri
https://www.ubereats.com/st-louis/food-delivery/a%26w-restaurants-1230-graham/DaTtYww8R8y3IT9Y2V986A,overland-missouri
https://www.ubereats.com/st-louis/food-delivery/taco-bell-2525-n-lindbergh-blvd/OoL60lhLQ3SWOKwZFq_Dew,overland-missouri
https://www.ubereats.com/st-louis/food-delivery/tgi-fridays-1873-saint-louis-creve-coeur-mo/ep_G9RhOSvydXkbS7nx5ZA,overland-missouri
https://www.ubereats.com/st-louis/food-delivery/tripe-city/vCuDLtmeT7KlPNXPEj_68w,overland-missouri
https://www.ubereats.com/st-louis/food-delivery/vincent-van-doughnut-n-central/ljHh95t1QK2caCfsVLPVZQ,overland-missouri
https://www.ubereats.com/st-louis/food-delivery/granite-city-food-%26-brewery-creve-coeur/Lcv5UUHPR_uGlU7QjB5Zrw,overland-missouri
https://www.ubereats.com/st-louis/food-delivery/jack-in-the-box-10460-page-blvd/W23BZmQvQVWWEdl7BRvPxQ,overland-missouri
https://www.ubereats.com/st-louis/food-delivery/the-baked-bear-st-louis/_v4KVYPfSYuPRWUAexVhgw,overland-missouri
https://www.ubereats.com/st-louis/food-delivery/california-pizza-kitchen-109-w-county-dtr-space-2055/JJNeIy31RXyKvW8HuXsESQ,overland-missouri
https://www.ubereats.com/st-louis/food-delivery/first-watch-lake-highlands-tc/jkuGo1HuTQeCYzhK8tOrlA,overland-missouri
https://www.ubereats.com/st-louis/food-delivery/noodles-%26-company-10925-olive-blvd/zcwX4Sk_RnCaQ7lNyPuI8A,overland-missouri
https://www.ubereats.com/st-louis/food-delivery/popeyes-10545-page-ave/_WrWn54YR-eJDQZRPtvwbA,overland-missouri
https://www.ubereats.com/st-louis/food-delivery/king-grill-dr-martin-luther-king-dr/he-mikumQ_KXEJBoo2m89Q,overland-missouri
https://www.ubereats.com/st-louis/food-delivery/nikos-grocery-%26-grill/dfzqf_XQQOGlzMuneM0V1g,overland-missouri
https://www.ubereats.com/st-louis/food-delivery/crazy-bowls-%26-wraps-florissant/mM1n5GC6SWy7BtHP14Rj5Q,overland-missouri
https://www.ubereats.com/st-louis/food-delivery/jack-in-the-box-12298-saint-charles-rock-rd/ssTyCM2yRVmEFOClZyXOVA,overland-missouri
https://www.ubereats.com/st-louis/food-delivery/rasoi-n-euclid-ave/e4KBwQNmReSSl6B6JqHuxg,overland-missouri
https://www.ubereats.com/st-louis/food-delivery/jack-in-the-box-4201-s-kingshighway-blvd/QbMmmwgJRTWPx8TRIqNpNg,overland-missouri
https://www.ubereats.com/st-louis/food-delivery/juice-bar/6xHc0uvcQoeTCxlqMzQ3cA,overland-missouri
https://www.ubereats.com/st-louis/food-delivery/chez-mathyafrican-caribbean-cuisine/QbL8IcW4SB2LvyE6Dq0lbQ,overland-missouri
https://www.ubereats.com/st-louis/food-delivery/arbys-7393/k0rpJ-XjTAGdVNw14sasLA,overland-missouri
https://www.ubereats.com/st-louis/food-delivery/papa-murphys-8192-north-lindbergh-boulevard/GZjI2yF0Q4SWfXLQ7iE00Q,overland-missouri
https://www.ubereats.com/st-louis/food-delivery/applebees-2309-n-us-highway-67/7YHDpWogRRilwM_C8c0OnQ,overland-missouri
https://www.ubereats.com/st-louis/food-delivery/8611-bonefish-grill-8780-eager-rd/x2bUI4BERbOdoOXws3IU_g,overland-missouri
https://www.ubereats.com/st-louis/food-delivery/mcdonalds-1790-s-florissant-rd/4Ooi0-hER5yN0pqL0kWa6g,overland-missouri
https://www.ubereats.com/st-louis/food-delivery/jack-in-the-box-2095-n-highway-67/Gyy--CDNSRSSFdg9REaZpA,overland-missouri
https://www.ubereats.com/st-louis/food-delivery/lu-lu-seafood-restaurant-8224-olive/gOwv59TbQCytw52i3ZTYRA,overland-missouri
https://www.ubereats.com/st-louis/food-delivery/pops-fish-%26-chicken/l2J2okOnTGGMT-grIIvp3A,overland-missouri
https://www.ubereats.com/st-louis/food-delivery/hardees-1501285/B34lbE4uRqmydhBJJMURVw,overland-missouri
https://www.ubereats.com/st-louis/food-delivery/lulu-asian-kitchen-9626-olive/iATPjWWYQSexFMm27gB07Q,overland-missouri
https://www.ubereats.com/st-louis/food-delivery/qdoba-mexican-grill-11500-page-service-rd/ZzkvGut5Qx2ledZnyx7c7A,overland-missouri
https://www.ubereats.com/st-louis/food-delivery/white-castle-840-n-highway-67/qdc_J-RJRjuSqXu9B8SoGQ,overland-missouri
https://www.ubereats.com/st-louis/food-delivery/weber-grill-restaurant-st-louis/fCeWBroTTYGBOs_v5YDgyA,overland-missouri
https://www.ubereats.com/st-louis/food-delivery/jack-in-the-box-8307-page-ave/OToS2KYfQqGWFGe_XK82aA,overland-missouri
https://www.ubereats.com/st-louis/food-delivery/wasabi-sushi-bar-town-%26-country/Mw5W9yR1S0uFZ8M59KuwUA,overland-missouri
https://www.ubereats.com/st-louis/food-delivery/grill-stop/lZU-sP0_QG6eGjoKfXJqSw,overland-missouri
https://www.ubereats.com/st-louis/food-delivery/guss-world-famous-fried-chicken-manchester-rd/goGhNuRlSk-5ui3Am2sYeQ,overland-missouri
https://www.ubereats.com/st-louis/food-delivery/chao-baan/ASOGKtUnQVqspdCuA2rgeQ,overland-missouri
https://www.ubereats.com/st-louis/food-delivery/indias-kitchen/Vez9pPQeSrOygH6x_I4uIg,overland-missouri
https://www.ubereats.com/st-louis/food-delivery/dunkin-10250-page-ave/MB00nmJqRDKTw86yHKEiJQ,overland-missouri
https://www.ubereats.com/st-louis/food-delivery/smokehouse-bbq/Sysrjy1NSNe03WQuFaFW2g,overland-missouri
https://www.ubereats.com/st-louis/food-delivery/mcdonalds-10805-saint-charles-rock-rd/cbjJjgyDRqWgcAT_PUxw0g,overland-missouri
https://www.ubereats.com/st-louis/food-delivery/firebirds-wood-fired-grill-1501-beale-st/E1oNUBjkQGONkJb7FTf9yg,overland-missouri
https://www.ubereats.com/st-louis/food-delivery/shark-and-deli/kxppZIQmTBaI1XeV3TSSeg,overland-missouri
https://www.ubereats.com/st-louis/food-delivery/mean-kingz/LqdUyIzLSFuEErjukd-5hw,overland-missouri
https://www.ubereats.com/st-louis/food-delivery/great-american-cookies-west-county-center/pdNSO7EKQv69WuyN8qs6Gw,overland-missouri
https://www.ubereats.com/st-louis/food-delivery/arbys-8333/hkUOcaTsShepIBNHIR_ulQ,overland-missouri
https://www.ubereats.com/st-louis/food-delivery/churchs-chicken-1753-woodson-road/o_Eab_HaTXyxY5iIKaRgWg,overland-missouri
https://www.ubereats.com/st-louis/food-delivery/pi-pizzeria-chesterfield/Bip-1p4sT9yoBj8ZmMv9Fg,overland-missouri
https://www.ubereats.com/st-louis/food-delivery/crushed-red-creve-coeur/xnzFIPv6TO67KfAiZpJcsQ,overland-missouri
https://www.ubereats.com/st-louis/food-delivery/ruths-chris-steak-house-1-n-brentwood-blvd/ojOAb2vORYiq-S63m9G5Cw,overland-missouri
https://www.ubereats.com/st-louis/food-delivery/mod-pizza-florissant/uW1Mz5AIS5udqeTH-OX_9w,overland-missouri
https://www.ubereats.com/st-louis/food-delivery/arbys-945/b8ji5PnYRPCUom3_0IAIPg,overland-missouri
https://www.ubereats.com/st-louis/food-delivery/subway-4484-woodson-rd/5kFgFavpRCGaUn1djZ2COw,overland-missouri
https://www.ubereats.com/st-louis/food-delivery/applebees-11977-st-charles-rock-road/BUwlG4YGR-iHBc1I4YfBRw,overland-missouri
https://www.ubereats.com/st-louis/food-delivery/red-lobster-2381-maplewood-commons-dr/7eqyMEu_T_6sp8FphW68kQ,overland-missouri
https://www.ubereats.com/st-louis/food-delivery/panda-express-10445-olive-blvd/vdlOP5FfTHWfWAICbFPxlA,overland-missouri
https://www.ubereats.com/st-louis/food-delivery/mod-pizza-lindenwood/JV8XDiqUSR-jVkJtjcii7w,overland-missouri
https://www.ubereats.com/st-louis/food-delivery/chicago-fish-and-chicken-grill/c_KRn414Q36rfwRvvOuJHw,overland-missouri
https://www.ubereats.com/st-louis/food-delivery/katerinas-greek-restaurant/VBrPr_FEQQCI0MEHVb0uUg,overland-missouri
https://www.ubereats.com/st-louis/food-delivery/nami-ramen-st-louis/gsmcwibASMmF0u7BF-3-TQ,overland-missouri
https://www.ubereats.com/st-louis/food-delivery/wasabi-sushi-bar-st-charles/HhiLukaSR5u9c06UJKeeJQ,overland-missouri
https://www.ubereats.com/st-louis/food-delivery/starbucks-lindbergh-%26-clayton/Ib9Xq-xbSESpgZ0f_0h5nQ,overland-missouri
https://www.ubereats.com/st-louis/food-delivery/rush-bowls-stl/FV9udMkuQbupaUfEim9SQw,overland-missouri
https://www.ubereats.com/st-louis/food-delivery/hendricks-bbq/L8Y1uIaMSXeLmCE8sCMHkw,overland-missouri
https://www.ubereats.com/st-louis/food-delivery/starbucks-hanley-%26-dale/H1CrLko0RkmMdWgDHJ7M_g,overland-missouri
https://www.ubereats.com/st-louis/food-delivery/kfc-101-s-weidman-rd/flEVCsWlT7uGx31tJjPgXQ,overland-missouri
https://www.ubereats.com/st-louis/food-delivery/t-n-t-wieners/6OtqEn4TT5uK9eYTKBs14w,overland-missouri
https://www.ubereats.com/st-louis/food-delivery/california-pizza-kitchen-10590-old-olive-street/wuSI85kVSUCpAd9o6HbzQw,overland-missouri
