url,city
https://www.ubereats.com/nyc-suburbs/food-delivery/yogurt-%26-such-cafe-plainview/0_2bwPHNQ5OxD94XlR8N0A,oyster-bay-new-york
https://www.ubereats.com/nyc-suburbs/food-delivery/locust-valley-bagels/PLX8FBl8RcGUJWi9t4uKOg,oyster-bay-new-york
https://www.ubereats.com/nyc-suburbs/food-delivery/kebab-express-%7C-halal-grill/14Af3jKFSHGQvHbOKJheyw,oyster-bay-new-york
https://www.ubereats.com/nyc-suburbs/food-delivery/new-country-deli-aka-jagermeister-deli/_rjZgKmjTvC6e1cN39_w2A,oyster-bay-new-york
https://www.ubereats.com/nyc-suburbs/food-delivery/dunkin-8285-jericho-tpke/BSXtX6seQjiHt-n22TJZwg,oyster-bay-new-york
https://www.ubereats.com/nyc-suburbs/food-delivery/sals-pastry-shop/l2rxLRE8QMCH2Q5mM-r4cQ,oyster-bay-new-york
https://www.ubereats.com/nyc-suburbs/food-delivery/sawasdee-thai-elevated/r-hv0jRvTBqBTUCmpSJB9w,oyster-bay-new-york
https://www.ubereats.com/nyc-suburbs/food-delivery/kfc-huntington/YizRlglFQHCQfbuFuFaxTA,oyster-bay-new-york
https://www.ubereats.com/nyc-suburbs/food-delivery/house-of-india-huntington/Njxi451WSUeD6V599AYzEg,oyster-bay-new-york
https://www.ubereats.com/nyc-suburbs/food-delivery/stueys-smokehouse-bbq/Ul6rXO1aSPibj0Lnj7aFew,oyster-bay-new-york
https://www.ubereats.com/nyc-suburbs/food-delivery/kitchen-kabaret-fine-foods/rkA31IxSSuy3AzNg3AncWA,oyster-bay-new-york
https://www.ubereats.com/nyc-suburbs/food-delivery/sajoma-grocery-ra/9FkKrBuaSC-buOWvOVAbig,oyster-bay-new-york
https://www.ubereats.com/nyc-suburbs/food-delivery/burger-king-837-new-york-avenue/qaar4oUHTlWFqPtHAsmUDg,oyster-bay-new-york
https://www.ubereats.com/nyc-suburbs/food-delivery/way-of-life-healthy-cafe/-qdWpoOjQ3-XTzIUdJuthg,oyster-bay-new-york
https://www.ubereats.com/nyc-suburbs/food-delivery/subway-217-forest-ave/YVfdHUzHS4m7-7oQkJIgUQ,oyster-bay-new-york
https://www.ubereats.com/nyc-suburbs/food-delivery/finnegans/-X9fd8p1TC6OW5nptIsKCw,oyster-bay-new-york
https://www.ubereats.com/nyc-suburbs/food-delivery/moes-90-northern-boulevard/S027q_h3R8qDysrL3VcHmg,oyster-bay-new-york
https://www.ubereats.com/nyc-suburbs/food-delivery/sobol-oyster-bay/OBq4Or24QA-SYqTdQYP4jA,oyster-bay-new-york
https://www.ubereats.com/nyc-suburbs/food-delivery/heirloom-tavern/984eQ6uSS3eHg6MeRnndsA,oyster-bay-new-york
https://www.ubereats.com/nyc-suburbs/food-delivery/pf-changs-160-walt-whitman-rd-space-1027b/h7vMmJDvTpaFGQrqfdQYaQ,oyster-bay-new-york
https://www.ubereats.com/nyc-suburbs/food-delivery/pokeworks-8285-jericho-turnpike/XJzASb1bSpaz4_TsHN3NDA,oyster-bay-new-york
https://www.ubereats.com/nyc-suburbs/food-delivery/metropolitan-bistro/ih8rc3zVSMO-mvGJe2_pIg,oyster-bay-new-york
https://www.ubereats.com/nyc-suburbs/food-delivery/the-ice-cream-shop/F1DsOF7vQBKZfKI59sca2w,oyster-bay-new-york
https://www.ubereats.com/nyc-suburbs/food-delivery/blue-line-deli-%26-bagels/uLrWqjkcT3SvZlDwxv9fYg,oyster-bay-new-york
https://www.ubereats.com/nyc-suburbs/food-delivery/el-parral/z-ya004yRXyNFQIwzG8qkg,oyster-bay-new-york
https://www.ubereats.com/nyc-suburbs/food-delivery/almarco-italian-grill/QrttlwP-Qy6FAtB-hdUgbw,oyster-bay-new-york
https://www.ubereats.com/nyc-suburbs/food-delivery/european-republic-huntington/nIFl-Q8ZTReiUf8J08KzPg,oyster-bay-new-york
https://www.ubereats.com/nyc-suburbs/food-delivery/umami-japan/ogxzNNzZSs6169Za-kmL2A,oyster-bay-new-york
https://www.ubereats.com/nyc-suburbs/food-delivery/krinti-mediterranean-grill/51T4MAsiRgOZEa39UITd-Q,oyster-bay-new-york
https://www.ubereats.com/nyc-suburbs/food-delivery/hibachi-and-noodle-japan/M81L99L8Rv2_DJHrPXQvow,oyster-bay-new-york
https://www.ubereats.com/nyc-suburbs/food-delivery/pomodorino-ristorante/WOruyMMIR7qW1GGDunG2Cg,oyster-bay-new-york
https://www.ubereats.com/nyc-suburbs/food-delivery/dunkin-347-glen-cove-ave/mlDVheNgR-We9xsWKbBvrQ,oyster-bay-new-york
https://www.ubereats.com/nyc-suburbs/food-delivery/checkers-huntington/6xu-1HKvSjSRFSYQebjsUg,oyster-bay-new-york
https://www.ubereats.com/nyc-suburbs/food-delivery/pezzi-pizza-inc/Aqm7pbo7Qh-iO3rLKvfd-A,oyster-bay-new-york
https://www.ubereats.com/nyc-suburbs/food-delivery/on-the-border-hicksville/3zN_eDYwQeOiLnt16e9ilA,oyster-bay-new-york
https://www.ubereats.com/nyc-suburbs/food-delivery/dairy-queen-grill-%26-chill-321-w-jericho-tpke/51IpXlWtSEarXZYgfz8HwQ,oyster-bay-new-york
https://www.ubereats.com/nyc-suburbs/food-delivery/grassroots/OddFKMpcSnGwkvlWsgwn7w,oyster-bay-new-york
https://www.ubereats.com/nyc-suburbs/food-delivery/spotlight-art-bar-at-the-paramount/77p1EKHiQh-HkaunJrNZOA,oyster-bay-new-york
https://www.ubereats.com/nyc-suburbs/food-delivery/george-white-formerly-known-as-george-martin-1989/skTH0BRNSaWO8PVeocpKbg,oyster-bay-new-york
https://www.ubereats.com/nyc-suburbs/food-delivery/mcdonalds-jericho-jericho-tpke/FM2fW3FITyG8JT1yUGUYkQ,oyster-bay-new-york
https://www.ubereats.com/nyc-suburbs/food-delivery/cousins-pizza-and-pasta/csMn_-wuRaylYOzop2k2uw,oyster-bay-new-york
https://www.ubereats.com/nyc-suburbs/food-delivery/outback-steakhouse-1067-old-country-road/BeGL2O35Q8qON71YbZbOeA,oyster-bay-new-york
https://www.ubereats.com/nyc-suburbs/food-delivery/bagel-boss-jericho/q5qax6oJTOCeax5yjdGDOA,oyster-bay-new-york
https://www.ubereats.com/nyc-suburbs/food-delivery/mongos-coffee-roastery-%26-lounge/POJhX0VLRIWzl3hJyADtFQ,oyster-bay-new-york
https://www.ubereats.com/nyc-suburbs/food-delivery/shake-shack-849-walt-whitman-rd/ign4CRZeSOOynkDYDl4stg,oyster-bay-new-york
https://www.ubereats.com/nyc-suburbs/food-delivery/umbertos-pizzeria-and-restaurant/FjzHuG0KQdyJ6DNK1u27Pg,oyster-bay-new-york
https://www.ubereats.com/nyc-suburbs/food-delivery/bee-organic-huntington/2i84Lch6RWKyZJuN735bmg,oyster-bay-new-york
https://www.ubereats.com/nyc-suburbs/food-delivery/hazuki-sushi-cuisine/3h05l_tsS9aQoRurYV21Jg,oyster-bay-new-york
https://www.ubereats.com/nyc-suburbs/food-delivery/lourdes-mexican-grill/WaV9jkgdTtqeEEKodwinPA,oyster-bay-new-york
https://www.ubereats.com/nyc-suburbs/food-delivery/ny-chicken-and-rice/IdkkSwe4TXS7usHTuwEoPg,oyster-bay-new-york
https://www.ubereats.com/nyc-suburbs/food-delivery/zaros-cafe/1IXLEYdDQlKPAbMjpcslMg,oyster-bay-new-york
https://www.ubereats.com/nyc-suburbs/food-delivery/spinnakers-restaurant-%26-bar-oyster-bay/eo3619XISxiiMMa7udgNvQ,oyster-bay-new-york
https://www.ubereats.com/nyc-suburbs/food-delivery/subway-323-jackson-ave/A0PwF_YjTGuUmORwvG0JFQ,oyster-bay-new-york
https://www.ubereats.com/nyc-suburbs/food-delivery/messina-market-%26-catering/rE__w21BTpCY6blgFLKNLQ,oyster-bay-new-york
https://www.ubereats.com/nyc-suburbs/food-delivery/bayville-deli-%26-pizzeria/n0aNyOgFT8ihPek-7pOnKw,oyster-bay-new-york
https://www.ubereats.com/nyc-suburbs/food-delivery/ciros-pizza/EjG-EJ1EQP-j9BgccV1cCw,oyster-bay-new-york
https://www.ubereats.com/nyc-suburbs/food-delivery/curry-express-huntington/yXXlzUnlSFqGB39SReyC9Q,oyster-bay-new-york
https://www.ubereats.com/nyc-suburbs/food-delivery/gambino-italian-trattoria/dB6LmQBkT4yU7oAJKNYSNQ,oyster-bay-new-york
https://www.ubereats.com/nyc-suburbs/food-delivery/zouji-dumpling-house/Ui5UuzAkRYSn2FjtPY8oEw,oyster-bay-new-york
https://www.ubereats.com/nyc-suburbs/food-delivery/southdown-coffee/KpEEuqAjSZKmrO0pbzVQOw,oyster-bay-new-york
https://www.ubereats.com/nyc-suburbs/food-delivery/hatch/9BZNPTbQRx6cct5bnCpJ5g,oyster-bay-new-york
https://www.ubereats.com/nyc-suburbs/food-delivery/morrisons/DZaiXApjTNKtfVrOv5mDPg,oyster-bay-new-york
https://www.ubereats.com/nyc-suburbs/food-delivery/a%26s-fine-foods/8FjNDyasSiuc2TKDHVMZLA,oyster-bay-new-york
https://www.ubereats.com/nyc-suburbs/food-delivery/dunkin-81-jericho-tpke/UEooO4pmQqKgb3Q9HtT-PA,oyster-bay-new-york
https://www.ubereats.com/nyc-suburbs/food-delivery/akra-haitian-deli/8MbmIDVPT4mhiTrbIaSyww,oyster-bay-new-york
https://www.ubereats.com/nyc-suburbs/food-delivery/buteras/StIKQfB-Q_WQ0yfAQOcXIw,oyster-bay-new-york
https://www.ubereats.com/nyc-suburbs/food-delivery/sea-cliff-bagel-cafe/1A6BHngAT9ysstusbCqsuQ,oyster-bay-new-york
https://www.ubereats.com/nyc-suburbs/food-delivery/frangos-peri-peri/uGNwHq9DTmeyW07OU3at9Q,oyster-bay-new-york
https://www.ubereats.com/nyc-suburbs/food-delivery/dhoom/mMqvJAv4SeKmNh2j07axjg,oyster-bay-new-york
https://www.ubereats.com/nyc-suburbs/food-delivery/dunkin-59-jackson-ave/Y5xQZT3vT423L2St0HG8Gw,oyster-bay-new-york
https://www.ubereats.com/nyc-suburbs/food-delivery/starbucks-huntington/9QHMqHtGRSCr-WCbvHAQnw,oyster-bay-new-york
https://www.ubereats.com/nyc-suburbs/food-delivery/haagen-dazs-358b-broadway-kiosk-%2323/Z0F76Ym0QaKEWILqng9rog,oyster-bay-new-york
https://www.ubereats.com/nyc-suburbs/food-delivery/starbucks-syosset-south-oyster-bay/pt4kkos9SsiCbUbLNS-i9A,oyster-bay-new-york
https://www.ubereats.com/nyc-suburbs/food-delivery/carvel-2-audrey-ave/Ssyr0FIOS_eWcd_lvuzEfg,oyster-bay-new-york
https://www.ubereats.com/nyc-suburbs/food-delivery/dunkin-285-291-glen-street/kxBWUl90Q0uQu4gPhaRhiQ,oyster-bay-new-york
https://www.ubereats.com/nyc-suburbs/food-delivery/one-stop-deli-%26-gyro/IWlVqKdKQD-qiwJYWRmtfQ,oyster-bay-new-york
https://www.ubereats.com/nyc-suburbs/food-delivery/el-chipotle-tex-mex-grill/RwD1OqBgRiWNDsE-zkev3Q,oyster-bay-new-york
https://www.ubereats.com/nyc-suburbs/food-delivery/kam-fong/99veE9z1TsOfaj4FWiK4zA,oyster-bay-new-york
https://www.ubereats.com/nyc-suburbs/food-delivery/pazzo-paisano/6cABYDSdRfmQhdnebVW7tA,oyster-bay-new-york
https://www.ubereats.com/nyc-suburbs/food-delivery/heritage-bakers/fJ61ZvdQQqWfCLlRQ6biLg,oyster-bay-new-york
https://www.ubereats.com/nyc-suburbs/food-delivery/syosset-deli/3pXIU6FoSaafvDSFgQaY7Q,oyster-bay-new-york
https://www.ubereats.com/nyc-suburbs/food-delivery/bango-bowls-huntington-station/6pbQ7KZsT9eOAWPPxnxdQg,oyster-bay-new-york
https://www.ubereats.com/nyc-suburbs/food-delivery/yogurt-%26-such-cafe-westbury/MbJ6aisVS1OOHxfqEwzNjQ,oyster-bay-new-york
https://www.ubereats.com/nyc-suburbs/food-delivery/la-nonnas-on-main/J4b5dWpoQxiKdPdZraENSw,oyster-bay-new-york
https://www.ubereats.com/nyc-suburbs/food-delivery/starbucks-glen-cove/ZyskcPRaRvyddNfbzznuVQ,oyster-bay-new-york
https://www.ubereats.com/nyc-suburbs/food-delivery/la-finca-restaurant/EUhIaR80QB6520qkiWVi4g,oyster-bay-new-york
https://www.ubereats.com/nyc-suburbs/food-delivery/golden-globe-diner/Q4GAA-rUS8Ss8GlaT067Gw,oyster-bay-new-york
https://www.ubereats.com/nyc-suburbs/food-delivery/honu-kitchen-and-cocktails/zP0yfeIXTR2Dcl3nO9JxVA,oyster-bay-new-york
https://www.ubereats.com/nyc-suburbs/food-delivery/kfc-taco-bell-greenvale/BIZLXxNGSMijE4xPKnkgug,oyster-bay-new-york
https://www.ubereats.com/nyc-suburbs/food-delivery/philly-pretzel-factory-331-jackson/4oatWRV3Rt2GREAiC99Sdg,oyster-bay-new-york
https://www.ubereats.com/nyc-suburbs/food-delivery/master-chef/Ix56H2Y8Q9We6FISm5cVcA,oyster-bay-new-york
https://www.ubereats.com/nyc-suburbs/food-delivery/la-parma-ii/YR83mEd9SmyTT8uhyzx2jQ,oyster-bay-new-york
https://www.ubereats.com/nyc-suburbs/food-delivery/taco-bell-263-s-broadway/DVvnYF4lR5W-hYI0nOftKQ,oyster-bay-new-york
https://www.ubereats.com/nyc-suburbs/food-delivery/mr-sausage/nDiKDeqpSlO0NEs1fP_t3A,oyster-bay-new-york
https://www.ubereats.com/nyc-suburbs/food-delivery/mid-china/ietCeAl2SqaPlYK1yfgGtQ,oyster-bay-new-york
https://www.ubereats.com/nyc-suburbs/food-delivery/moca-asian-bistro/HsOLHGuBRhS_iXutxogT5A,oyster-bay-new-york
https://www.ubereats.com/nyc-suburbs/food-delivery/coach-grill-%26-tavern/eKvGqup-RLm_6we6HrI9QQ,oyster-bay-new-york
https://www.ubereats.com/nyc-suburbs/food-delivery/ruby-sushi/kMELiUCoT3mnRiSU_j7-Ig,oyster-bay-new-york
https://www.ubereats.com/nyc-suburbs/food-delivery/power-poke-i/7I4uHKQrS2K97eTkoME2Gw,oyster-bay-new-york
https://www.ubereats.com/nyc-suburbs/food-delivery/burger-king-3-cedar-swamp-road/JG1j8qzOTga6Ory5YRNRCg,oyster-bay-new-york
https://www.ubereats.com/nyc-suburbs/food-delivery/mission-taco/anAnvLSKS0Sr9AHX3Tc_sw,oyster-bay-new-york
https://www.ubereats.com/nyc-suburbs/food-delivery/sabeli/w2PBhjaXTquz-zgXCF8gww,oyster-bay-new-york
https://www.ubereats.com/nyc-suburbs/food-delivery/bagel-master/l1NLUCoQTDiByzZikJwgvA,oyster-bay-new-york
https://www.ubereats.com/nyc-suburbs/food-delivery/ocean/XvaKQBtQQAKJq9YiT0E7QA,oyster-bay-new-york
https://www.ubereats.com/nyc-suburbs/food-delivery/365-spicy-mala-town-%E9%BA%BB%E8%BE%A3%E9%A6%99%E9%94%85/0Dp9XLUdQ46yHwAYAtc1fQ,oyster-bay-new-york
https://www.ubereats.com/nyc-suburbs/food-delivery/dunkin-36-glenhead-rd/1fa4EgguQeqpcH3m6Cn-EA,oyster-bay-new-york
https://www.ubereats.com/nyc-suburbs/food-delivery/united-cheesesteaks/hqkfNNo6SNG7vetR0chk8w,oyster-bay-new-york
https://www.ubereats.com/nyc-suburbs/food-delivery/chipotle-mexican-grill-420-jericho-tpke/RNx0BfiyQG6JPFZyn-qhjA,oyster-bay-new-york
https://www.ubereats.com/nyc-suburbs/food-delivery/broadway-diner-ordermark/5F3hjUE5RtCxljjLitXCZw,oyster-bay-new-york
https://www.ubereats.com/nyc-suburbs/food-delivery/ihop-259b-old-walt-whitman-rd/2dBf4tHnT5en4A_Cu6S8qQ,oyster-bay-new-york
https://www.ubereats.com/nyc-suburbs/food-delivery/mcdonalds-hicksville-n-broadway/VaBTzhPFQ8ORBxozACh8rQ,oyster-bay-new-york
https://www.ubereats.com/nyc-suburbs/food-delivery/shahs-halal-huntington-village/DnYgLtgKTUShZWli1bvLDQ,oyster-bay-new-york
https://www.ubereats.com/nyc-suburbs/food-delivery/babalu/DNenEKuRRwiMgVld7vyLpg,oyster-bay-new-york
https://www.ubereats.com/nyc-suburbs/food-delivery/pinons-pizza-company/wXsPszO1ThqJf4699jkHig,oyster-bay-new-york
https://www.ubereats.com/nyc-suburbs/food-delivery/brews-brothers-grille-huntington/ijQeISrzR82jarOhhW4YJw,oyster-bay-new-york
https://www.ubereats.com/nyc-suburbs/food-delivery/platia-greek-kitchen/IgQ_Uf5fTwWA6ZgJHw5o_g,oyster-bay-new-york
https://www.ubereats.com/nyc-suburbs/food-delivery/kumo-sushi-japanese-restaurant/SlFEEmwkQMWfrJ_i46CcrQ,oyster-bay-new-york
https://www.ubereats.com/nyc-suburbs/food-delivery/piccola-bussola-ristorante/OIR6RiHNT9W3j2Vm5xymSw,oyster-bay-new-york
https://www.ubereats.com/nyc-suburbs/food-delivery/burger-king-501-old-country-road/_J8elb0xT2ykSFBhhbhyXw,oyster-bay-new-york
https://www.ubereats.com/nyc-suburbs/food-delivery/dunkin-5-brewster-st/_MVsdibXSvSZg9VLCO8MpA,oyster-bay-new-york
https://www.ubereats.com/nyc-suburbs/food-delivery/celebrity-diner/ZhNBtD15RV6c7zA60hzaIA,oyster-bay-new-york
https://www.ubereats.com/nyc-suburbs/food-delivery/rare650/6WvwhnorRkSDzUEF2841YQ,oyster-bay-new-york
https://www.ubereats.com/nyc-suburbs/food-delivery/teinei-ya-ramen-jericho/Vt_yH8ruRCe0NLK47jQkcQ,oyster-bay-new-york
https://www.ubereats.com/nyc-suburbs/food-delivery/friendlys-150-jericho-tpke/BFumdNvFTlKLRCHNAi0ttw,oyster-bay-new-york
https://www.ubereats.com/nyc-suburbs/food-delivery/qdoba-327-s-oyster-bay-road/zgVzS5yZSSOoDviUukZ9KQ,oyster-bay-new-york
https://www.ubereats.com/nyc-suburbs/food-delivery/may-loong-kitchen/JYRXHHUnQsOkVXygxtLyRQ,oyster-bay-new-york
https://www.ubereats.com/nyc-suburbs/food-delivery/smallcakes-syosset/tWG2QgVZRDuJ2V6SSWiPKg,oyster-bay-new-york
https://www.ubereats.com/nyc-suburbs/food-delivery/fitrition-oyster-bay/xBpbPk9LRfKnjQn289f08Q,oyster-bay-new-york
https://www.ubereats.com/nyc-suburbs/food-delivery/kotobuki-roslyn/rT-xN1q5Sp607LSJp0a8lg,oyster-bay-new-york
https://www.ubereats.com/nyc-suburbs/food-delivery/dunkin-838-new-york-avenue/uKl6QvPJTDSxxuJuf1nfCg,oyster-bay-new-york
https://www.ubereats.com/nyc-suburbs/food-delivery/meritage-wine-bar/0xdX5tBSQJqQlaMPOsmBpw,oyster-bay-new-york
https://www.ubereats.com/nyc-suburbs/food-delivery/juniors-pizza/90EdMwQDT62515LFe6CxdA,oyster-bay-new-york
https://www.ubereats.com/nyc-suburbs/food-delivery/francescos/zGwXLOHZRsiwo1CJEt6jEg,oyster-bay-new-york
https://www.ubereats.com/nyc-suburbs/food-delivery/mcdonalds-plainview-old-country-rd/fYmtPKbXRq2HVG8ONGJyMg,oyster-bay-new-york
https://www.ubereats.com/nyc-suburbs/food-delivery/mays-gourmet-cafe/kz3moqnvQ8SaJb2Iik5Rhg,oyster-bay-new-york
https://www.ubereats.com/nyc-suburbs/food-delivery/buffalos-cafe-syosset/bSJhoeQeTHCq2UciQIU_Mw,oyster-bay-new-york
https://www.ubereats.com/nyc-suburbs/food-delivery/currikitch/qyc5U6a-QMWm8H0d6O0qmw,oyster-bay-new-york
https://www.ubereats.com/nyc-suburbs/food-delivery/mims-restaurant/dwfmpq9ESDqXYZPsCHhTjQ,oyster-bay-new-york
https://www.ubereats.com/nyc-suburbs/food-delivery/kababjees/2YxKVSsRTZ23W8nQKmBBFA,oyster-bay-new-york
https://www.ubereats.com/nyc-suburbs/food-delivery/pollo-campero-hungtington-station-new-york-ave/O0OwQxfST463riUGBnrfEw,oyster-bay-new-york
https://www.ubereats.com/nyc-suburbs/food-delivery/taco-bell-1898-new-york-avenue/K2P5gfMVTNuXG2c6vYT-1w,oyster-bay-new-york
https://www.ubereats.com/nyc-suburbs/food-delivery/red-tomato-pizza/5yfayv8JS86Fa3lJggyqBg,oyster-bay-new-york
https://www.ubereats.com/nyc-suburbs/food-delivery/mb-ramen-huntington/OTCOl84HQACxauIcbQmtrQ,oyster-bay-new-york
https://www.ubereats.com/nyc-suburbs/food-delivery/marios-pizzeria-oyster-bay/7Jm4Q2JtRfyawkY-yHjKNw,oyster-bay-new-york
https://www.ubereats.com/nyc-suburbs/food-delivery/starbucks-woodbury-village/QBmhqlRzQVuHxkvo_cZZ_g,oyster-bay-new-york
https://www.ubereats.com/nyc-suburbs/food-delivery/taco-bell-glen-cove/bXIreq9nSbq2aLnlf3oJwg,oyster-bay-new-york
https://www.ubereats.com/nyc-suburbs/food-delivery/north-ridge-cafe/jxbF2sSiQYGOV4hgsUotvg,oyster-bay-new-york
https://www.ubereats.com/nyc-suburbs/food-delivery/rothmanns-steakhouse/ZWsnngdHTFeROqTfnuc6kA,oyster-bay-new-york
https://www.ubereats.com/nyc-suburbs/food-delivery/la-piazza/FMTlk8HFTuyVkTflMPbs8w,oyster-bay-new-york
https://www.ubereats.com/nyc-suburbs/food-delivery/sobol-syosset/5uMFSJ6yQKKmKG8Od-ZBrA,oyster-bay-new-york
https://www.ubereats.com/nyc-suburbs/food-delivery/toxic-wings/yZQEqx_lSBeL_QKyR-H4fw,oyster-bay-new-york
https://www.ubereats.com/nyc-suburbs/food-delivery/bengali-sweet-shop/hE0Prrg6SB6KJE4mqDQP6g,oyster-bay-new-york
https://www.ubereats.com/nyc-suburbs/food-delivery/harbor-mist-restaurant/9hr9KhBeTrCfsrxzvpGczQ,oyster-bay-new-york
https://www.ubereats.com/nyc-suburbs/food-delivery/gabbys-gourmet-bagelatessen-woodbury/SLZwiCsWT7aoWOakZH6n_g,oyster-bay-new-york
https://www.ubereats.com/nyc-suburbs/food-delivery/new-wave-burrito-bar/j9Lm_NXJSWWrSSTrxxx4Yw,oyster-bay-new-york
https://www.ubereats.com/nyc-suburbs/food-delivery/bistro46/ldAuu7eeRlSObSpQwih06A,oyster-bay-new-york
https://www.ubereats.com/nyc-suburbs/food-delivery/it-bgl/Co7VNKMsS56XmXNvx8uEyw,oyster-bay-new-york
https://www.ubereats.com/nyc-suburbs/food-delivery/zou-ji-northeast-china-cuisine/Hl8PVxyIRiyRIc-IYxCHBQ,oyster-bay-new-york
https://www.ubereats.com/nyc-suburbs/food-delivery/benihana-2105-northern-blvd/_CWhLspIRiC2RpCAOfKw3Q,oyster-bay-new-york
https://www.ubereats.com/nyc-suburbs/food-delivery/ralphs-italian-ices-of-syosset/26kg2ssPSeigTeW9j2P5tA,oyster-bay-new-york
https://www.ubereats.com/nyc-suburbs/food-delivery/quickbites/xJZ5t7YzSTmbb4IWUxFcqw,oyster-bay-new-york
https://www.ubereats.com/nyc-suburbs/food-delivery/starbucks-plainview-centre/iNHrb6xuTMu5HQdE8pi8PQ,oyster-bay-new-york
https://www.ubereats.com/nyc-suburbs/food-delivery/catpurrccinos-cafe/dJBBL14kTfawsgU2JfeEpQ,oyster-bay-new-york
https://www.ubereats.com/nyc-suburbs/food-delivery/dunkin-333-jericho-tpke/EGE_03CmQCqmKnuEy9NNmg,oyster-bay-new-york
https://www.ubereats.com/nyc-suburbs/food-delivery/vauxhall-burger-bar/zlqfoquiQ32xgUFD6qwWKw,oyster-bay-new-york
https://www.ubereats.com/nyc-suburbs/food-delivery/punta-cana-dominican-grill-huntington/NfzDpYVyStuEPF517Pm8nw,oyster-bay-new-york
https://www.ubereats.com/nyc-suburbs/food-delivery/ohk-bar-%26-restaurant/HDsOn9SQQ2ueL19nHTQwYQ,oyster-bay-new-york
https://www.ubereats.com/nyc-suburbs/food-delivery/miss-sakura/Uo9YggWDTfeZgybg2P6rxA,oyster-bay-new-york
https://www.ubereats.com/nyc-suburbs/food-delivery/rangsit-11-thai-kitchen/l6BdBqXvSZuc5kYMnrMPsQ,oyster-bay-new-york
https://www.ubereats.com/nyc-suburbs/food-delivery/dunkin-336-n-broadway/rskfErZ5QxirM73rJ7PJ2g,oyster-bay-new-york
https://www.ubereats.com/nyc-suburbs/food-delivery/kabul-grill/LCRgOjOgQF2hzz7wr-HGbQ,oyster-bay-new-york
https://www.ubereats.com/nyc-suburbs/food-delivery/chipotle-mexican-grill-215-n-broadway/JcfYfUH6RLSn61ZKEayLww,oyster-bay-new-york
https://www.ubereats.com/nyc-suburbs/food-delivery/mcdonalds-oyster-bay/3cne0uI0QpCUsceMx-CFeA,oyster-bay-new-york
https://www.ubereats.com/nyc-suburbs/food-delivery/365-noodle-bar-and-grill-%E9%9D%A2%E9%9D%A2%E8%81%9A%E9%81%93/82oq59DTQkOVrDd-u_w37g,oyster-bay-new-york
https://www.ubereats.com/nyc-suburbs/food-delivery/dunkin-159-pine-hollow-rd/_Le4IkroR1Cqn2UbjKuyQQ,oyster-bay-new-york
https://www.ubereats.com/nyc-suburbs/food-delivery/choppers-burger-bar/Yc6TpkddSM-rV0hJAtIRwg,oyster-bay-new-york
https://www.ubereats.com/nyc-suburbs/food-delivery/mcdonalds-syosset-jericho/RcS5JtLDSFK-cmyOL0o_lg,oyster-bay-new-york
https://www.ubereats.com/nyc-suburbs/food-delivery/tropical-smoothie-cafe-village-square/v4gMXvdGRISCpZiiquxjzA,oyster-bay-new-york
https://www.ubereats.com/nyc-suburbs/food-delivery/bareburger-399-s-oyster-bay-rd/sqj1cOo4Q9ytTDuohk3Lew,oyster-bay-new-york
https://www.ubereats.com/nyc-suburbs/food-delivery/five-guys-ny-0457-350-route-110/2lhd8WAcTJqeTYSKTRwWEg,oyster-bay-new-york
https://www.ubereats.com/nyc-suburbs/food-delivery/starbucks-westbury-old-country-rd/tqR-_3iKRpSYt2MRBAY-VA,oyster-bay-new-york
https://www.ubereats.com/nyc-suburbs/food-delivery/vitos-ristorante-%26-pizzeria-ordemark/DLBs3WrLQYOcOI6a9OIqpA,oyster-bay-new-york
https://www.ubereats.com/nyc-suburbs/food-delivery/golden-temple/vI7EesjrQzKerY7BRM7Gtg,oyster-bay-new-york
https://www.ubereats.com/nyc-suburbs/food-delivery/sushi-village/-Sje99_sSOyKB3NbPlBWiw,oyster-bay-new-york
https://www.ubereats.com/nyc-suburbs/food-delivery/mother-kellys-syosset/RG7ws-9SSqarXWGZVr_jrg,oyster-bay-new-york
https://www.ubereats.com/nyc-suburbs/food-delivery/foodworx/OWin6a1ETWCaYSKaiR0INw,oyster-bay-new-york
https://www.ubereats.com/nyc-suburbs/food-delivery/paesano-pizza/GN_LyPs2R8CriI4LzHdumA,oyster-bay-new-york
https://www.ubereats.com/nyc-suburbs/food-delivery/the-rolling-spring-roll-syosset/-7DaNuE8TjOvAzT0WLoO0Q,oyster-bay-new-york
https://www.ubereats.com/nyc-suburbs/food-delivery/gustoso-pizzeria/Um8p5HrGROyfXCTtVlGLIQ,oyster-bay-new-york
https://www.ubereats.com/nyc-suburbs/food-delivery/grassos/UwHNONfZR2O-hFdrQlhxcg,oyster-bay-new-york
https://www.ubereats.com/nyc-suburbs/food-delivery/marios-pizzeria-syosset/036zm7FgQcCLdqk0Qps-3A,oyster-bay-new-york
https://www.ubereats.com/nyc-suburbs/food-delivery/asia-grill/M05OOMxGRNuEvu2GKXBsyg,oyster-bay-new-york
https://www.ubereats.com/nyc-suburbs/food-delivery/ravagh-persian-grill-suffolk/qyKiyurzTHygpZGDMFzEWQ,oyster-bay-new-york
https://www.ubereats.com/nyc-suburbs/food-delivery/sandbar/6HDNKzLhRMe0-eDlAv76lQ,oyster-bay-new-york
https://www.ubereats.com/nyc-suburbs/food-delivery/oak-neck-deli/UFDeB9teQV-t1xz8MMZ99g,oyster-bay-new-york
https://www.ubereats.com/nyc-suburbs/food-delivery/ralphs-italian-ices-%26-ice-cream-oyster-bay/c-VUPoYJTA6T7YUklQHDJw,oyster-bay-new-york
https://www.ubereats.com/nyc-suburbs/food-delivery/mill-creek-tavern/iwR5ykBOQQGqS3WrMd7EfA,oyster-bay-new-york
https://www.ubereats.com/nyc-suburbs/food-delivery/bistro-cassis/s2iRrYVzQxumZbvRzIq2bg,oyster-bay-new-york
https://www.ubereats.com/nyc-suburbs/food-delivery/choopan-grill/xnJCaLmOTvOkLYjwEOiRNQ,oyster-bay-new-york
https://www.ubereats.com/nyc-suburbs/food-delivery/lemonshark-poke/kHTyPoj_R9Kif-3867lF6A,oyster-bay-new-york
https://www.ubereats.com/nyc-suburbs/food-delivery/starbucks-wheatly-plaza-greenvale/51wygt-sQieX8LCZiZMvMw,oyster-bay-new-york
https://www.ubereats.com/nyc-suburbs/food-delivery/golden-river/Ca-6Ix2IRFuSVjz06T1ILw,oyster-bay-new-york
https://www.ubereats.com/nyc-suburbs/food-delivery/el-sueno-mexican-grill/IATz1mQsQh6xkHzprzXh9g,oyster-bay-new-york
https://www.ubereats.com/nyc-suburbs/food-delivery/dunkin-337-south-oyster-bay-rd/vn22SHyrTNSg5hsYxrPhlg,oyster-bay-new-york
https://www.ubereats.com/nyc-suburbs/food-delivery/ming-start/WKs_f3UxSDev3erPGiAkVQ,oyster-bay-new-york
https://www.ubereats.com/nyc-suburbs/food-delivery/steiners-coffee-cake-of-new-york/_CMA5SAVRTS09u4oHsox3A,oyster-bay-new-york
https://www.ubereats.com/nyc-suburbs/food-delivery/lotus-asian-fusion/Yq0wDO_ASj-lVMyXIhyoWg,oyster-bay-new-york
https://www.ubereats.com/nyc-suburbs/food-delivery/taqueria-el-sabor-poblano/1zghO2zlTwyAlKOTIwG_Yg,oyster-bay-new-york
https://www.ubereats.com/nyc-suburbs/food-delivery/tenjin-japanese-restaurant/eUgr5OoPRAm5pyixoMH40g,oyster-bay-new-york
https://www.ubereats.com/nyc-suburbs/food-delivery/t%26o-thai-and-japanese/DAZbzDT5Qje1zQyB03POIA,oyster-bay-new-york
https://www.ubereats.com/nyc-suburbs/food-delivery/208-applebees-huntington/ztTR-xMURh2X4UA6K0eFpQ,oyster-bay-new-york
https://www.ubereats.com/nyc-suburbs/food-delivery/burger-king-52-jericho-tpke/GfE3dwSyRFuwkC4kNSaLjw,oyster-bay-new-york
https://www.ubereats.com/nyc-suburbs/food-delivery/yeas-kitchen/cLErE4heTLGI8_592QZV2w,oyster-bay-new-york
https://www.ubereats.com/nyc-suburbs/food-delivery/the-healthy-greek/7rFBX_ogQ92SN5lhXtNAdQ,oyster-bay-new-york
https://www.ubereats.com/nyc-suburbs/food-delivery/coco-fresh-tea-%26-juice-syosset/5m1eav63TQ2EJ0vhGNvMxQ,oyster-bay-new-york
https://www.ubereats.com/nyc-suburbs/food-delivery/hicksville-diner/kkyeR_20Ska0uzMwGl3vww,oyster-bay-new-york
https://www.ubereats.com/nyc-suburbs/food-delivery/tokyo-sushi/kPCEsOmZQ9-hpMFqy6RGqw,oyster-bay-new-york
https://www.ubereats.com/nyc-suburbs/food-delivery/gem-stone/fb6FQo45Qb20kLYv_hoQQA,oyster-bay-new-york
https://www.ubereats.com/nyc-suburbs/food-delivery/hurricane-grill-and-wings-syosset/tfN-cdwbQyy4YoOZM4M3AA,oyster-bay-new-york
https://www.ubereats.com/nyc-suburbs/food-delivery/red-lobster-1-nevada-street/4if42XTCQnyl1J0sjHmpOA,oyster-bay-new-york
https://www.ubereats.com/nyc-suburbs/food-delivery/craft-387/iFzdj0KkSdmiIZVQ0EBcQw,oyster-bay-new-york
https://www.ubereats.com/nyc-suburbs/food-delivery/tropical-smoothie-cafe-syosset/_A0BTIgCTQCmd-7oTo2zOQ,oyster-bay-new-york
https://www.ubereats.com/nyc-suburbs/food-delivery/china-delight-kitchen/Pcp8kHFHQ62NhV9YgCzT_w,oyster-bay-new-york
https://www.ubereats.com/nyc-suburbs/food-delivery/greek-cove/fZYohR-yQuGwZmWSlTmrNw,oyster-bay-new-york
https://www.ubereats.com/nyc-suburbs/food-delivery/plainview-diner/mxg--bLTRRK8epEjZJu14w,oyster-bay-new-york
https://www.ubereats.com/nyc-suburbs/food-delivery/ting/A73PARAtSGGLxGmhHnvzlQ,oyster-bay-new-york
https://www.ubereats.com/nyc-suburbs/food-delivery/buttercooky-bakery/9Yv5N7KASd6YTT3ilifdbw,oyster-bay-new-york
https://www.ubereats.com/nyc-suburbs/food-delivery/guac-shop-jericho-turnpike/5dCHv_-lTgCcsIjAzlE7aA,oyster-bay-new-york
https://www.ubereats.com/nyc-suburbs/food-delivery/barefoot-peddler/GZOPvoQhRyuUiLHtO4bVGQ,oyster-bay-new-york
https://www.ubereats.com/nyc-suburbs/food-delivery/taco-bell-638-s-oyster-bay-rd/8pdMvBAUTmyP4HLP-u-56g,oyster-bay-new-york
https://www.ubereats.com/nyc-suburbs/food-delivery/corner-deli-and-cafe/ncfDOOXDQaqw75Kx0wvAqw,oyster-bay-new-york
https://www.ubereats.com/nyc-suburbs/food-delivery/dunkin-15-southdown-rd/XpVinAxPQ9a06Pc1g8ZwSA,oyster-bay-new-york
https://www.ubereats.com/nyc-suburbs/food-delivery/sweet-tomato-by-the-bay/pI0oP8ALR0agnhqtBZRUbg,oyster-bay-new-york
https://www.ubereats.com/nyc-suburbs/food-delivery/ginos-pizza-syosset/Rl-FikjTRaqJ1VRTI6JVWQ,oyster-bay-new-york
https://www.ubereats.com/nyc-suburbs/food-delivery/sur-argentinian-steakhouse/KQmNPdPASqCSnG9t21eemA,oyster-bay-new-york
https://www.ubereats.com/nyc-suburbs/food-delivery/barmanis/WS10nbBeTEqMPZ1lMKz8ag,oyster-bay-new-york
https://www.ubereats.com/nyc-suburbs/food-delivery/cedar-creek/TJmMaGI7TDCY5zKGioOmvQ,oyster-bay-new-york
https://www.ubereats.com/nyc-suburbs/food-delivery/kebab-house/Uln50HtmStue0RQGM3qjIg,oyster-bay-new-york
https://www.ubereats.com/nyc-suburbs/food-delivery/the-modern-improvement-club/maygqZAOSy6tKFqsYC7qvQ,oyster-bay-new-york
https://www.ubereats.com/nyc-suburbs/food-delivery/gold-%26-meyers-gourmet-deli-%26-bagelry/ZpQPsYdMSXGvhbPEnesb2w,oyster-bay-new-york
