url,city
https://www.ubereats.com/los-angeles/food-delivery/grandmas-thai-kitchen/LLhmFJGNRMO4PMovpiqNwQ,pacoima-california
https://www.ubereats.com/los-angeles/food-delivery/burrito-clasico/bmmOHHVrTEmbjSLcG-Wu-Q,pacoima-california
https://www.ubereats.com/los-angeles/food-delivery/sabrositas-pupusas-laurel-canyon/s437SmmzSPym1ojd2nc4vA,pacoima-california
https://www.ubereats.com/los-angeles/food-delivery/dennys-12861-encinitas-ave/mJE_wojzSBeSzcr-PDI3jA,pacoima-california
https://www.ubereats.com/los-angeles/food-delivery/pollo-campero-burbank-sherman-way/Q6qO4_66RF2OGjW4gVU-Wg,pacoima-california
https://www.ubereats.com/los-angeles/food-delivery/picka-rico/tOh0y0W7TcWblc2h7f3ffw,pacoima-california
https://www.ubereats.com/los-angeles/food-delivery/the-habit-burger-grill-10370-sepulveda-blvd-suite-3d/b7e-FObGRAKg7oRwEkZqBQ,pacoima-california
https://www.ubereats.com/los-angeles/food-delivery/thai-tasty/ZkgI87pGQBKCUdxj0cUi3g,pacoima-california
https://www.ubereats.com/los-angeles/food-delivery/mi-ranchito-veracruz/pHAAqjMOST6Op2u8-7Z2-Q,pacoima-california
https://www.ubereats.com/los-angeles/food-delivery/handy-mart-liquors-dba-the-ice-cream-shop/e9JtgljaSQmx8HSfEJyTJg,pacoima-california
https://www.ubereats.com/los-angeles/food-delivery/the-breakfast-spot/5n62xpghT-Wy6VPRysHfIg,pacoima-california
https://www.ubereats.com/los-angeles/food-delivery/el-pollo-loco-6411-sepulveda-blvd-unit-2g5945/3VlOj6ppQCiG2aNBcbWNUw,pacoima-california
https://www.ubereats.com/los-angeles/food-delivery/route-66-classic-grill/XUaBjyUxSSeWvbbuAoRN8g,pacoima-california
https://www.ubereats.com/los-angeles/food-delivery/gentle-chic/2OIHTlA3QnmqpeDage_tsQ,pacoima-california
https://www.ubereats.com/los-angeles/food-delivery/pollos-el-bronco/4R-h7lDcSTadBIiTiEzPjQ,pacoima-california
https://www.ubereats.com/los-angeles/food-delivery/paraiso-kebab/JzvlMT8hRFSIB2pE0NtMyw,pacoima-california
https://www.ubereats.com/los-angeles/food-delivery/mcdonalds-n-hllywd-lankers/nbWfU9IsQ-qfqV2nq9QYwQ,pacoima-california
https://www.ubereats.com/los-angeles/food-delivery/send-noods/_Ym7Ey9PSh-wyN48SXL4yA,pacoima-california
https://www.ubereats.com/los-angeles/food-delivery/la-lasagna-co/9DqJMPeNTUyjUd37SkiI9w,pacoima-california
https://www.ubereats.com/los-angeles/food-delivery/basically-just-burrito-bowls/j0rwzl1gTa-ce5DpW5rzzQ,pacoima-california
https://www.ubereats.com/los-angeles/food-delivery/teriyakiya/BA7w-cEjQlyD2OrAaMhPLQ,pacoima-california
https://www.ubereats.com/los-angeles/food-delivery/los-ruizenores/4XEXCtiKSxy3YGrZKzDcvQ,pacoima-california
https://www.ubereats.com/los-angeles/food-delivery/del-taco-2021-glenoaks-blvd/P26C7UMpRxWzDgJWXR4cYQ,pacoima-california
https://www.ubereats.com/los-angeles/food-delivery/kebab-grill/-2XMrXnlS0Cx_nwJ_7T9Pg,pacoima-california
https://www.ubereats.com/los-angeles/food-delivery/mcdonalds-northrdge-reseda/RdGZlBzPTI6QftCE8Q5DgQ,pacoima-california
https://www.ubereats.com/los-angeles/food-delivery/pasquallys-pizza-%26-wings-8375-laurel-canyon-blvd/0xELrFXYTOOnlV2zEde6iw,pacoima-california
https://www.ubereats.com/los-angeles/food-delivery/kfc-%2371-12044-roscoe-blvd/lADahVcFRaqRWhmT13ElOQ,pacoima-california
https://www.ubereats.com/los-angeles/food-delivery/ranch-house-bbq/BwiiR1oGQYOox5HsqWQdgg,pacoima-california
https://www.ubereats.com/los-angeles/food-delivery/blazin-bird/t0NJ9TGvTjess7H-ub7_XA,pacoima-california
https://www.ubereats.com/los-angeles/food-delivery/la-michoacana-plus-ice-cream-parlor-san-fernando/lccyx8UiSAunocnYO9M4DA,pacoima-california
https://www.ubereats.com/los-angeles/food-delivery/cielito-lindo-mexican-grill/wexjxusjThCYtMCqTCCX1w,pacoima-california
https://www.ubereats.com/los-angeles/food-delivery/mcdonalds-van-nuys-sherman-wy-woodman/tw4dDI3URxqUnjBFykOrlw,pacoima-california
https://www.ubereats.com/los-angeles/food-delivery/hanabishi-by-kyushu-ramen/E6FZ18EKTxeM6sQPKf1Eyg,pacoima-california
https://www.ubereats.com/los-angeles/food-delivery/mcdonalds-north-hills-sepulveda-lassen/ZYXhDgFsRE2xVLTfonTLCw,pacoima-california
https://www.ubereats.com/los-angeles/food-delivery/fresh-grill-mediterranean-cuisine/oEH3k4ylTcmM8Wci4tLNbQ,pacoima-california
https://www.ubereats.com/los-angeles/food-delivery/donut-king/m6BS-tFNTpGRNvR1NIZOoQ,pacoima-california
https://www.ubereats.com/los-angeles/food-delivery/rok-n-sushi/Yjbq2wwETBiZ3TSFfST52A,pacoima-california
https://www.ubereats.com/los-angeles/food-delivery/everest-santa-clarita/ZZYSaILqQ7mqwoYcdMrYOQ,pacoima-california
https://www.ubereats.com/los-angeles/food-delivery/town-cafe/jnrTUn0dTo6Dr2nhiAfKwQ,pacoima-california
https://www.ubereats.com/los-angeles/food-delivery/mexigogo/fL8MUFRURYqTdECuCgw9dA,pacoima-california
https://www.ubereats.com/los-angeles/food-delivery/panda-express-sun-valley-8315-laurel-canyon-blvd/uCGTBs0fQMi7WnqxPDZWkw,pacoima-california
https://www.ubereats.com/los-angeles/food-delivery/numero-uno-pizza-granada-hills/vwhGkEStT12hOAUxqigMdg,pacoima-california
https://www.ubereats.com/los-angeles/food-delivery/kobee-factory/VotO8B1fSQWcbuGjSDb-kQ,pacoima-california
https://www.ubereats.com/los-angeles/food-delivery/la-michoacana-plus-ice-cream-parlor-sylmar/DpW4j5GxSnunsfVciiROWg,pacoima-california
https://www.ubereats.com/los-angeles/food-delivery/ichiban-sushi-%26-bar/SSFugl8EQyqLzEvZdvo-Sw,pacoima-california
https://www.ubereats.com/los-angeles/food-delivery/pollo-campero-van-nuys-van-nuys-blvd/w8f6NFkiRJG-ReeXzzmb-w,pacoima-california
https://www.ubereats.com/los-angeles/food-delivery/los-tres-hermanos-van-nuys-civic-center/fuviCvNeQ-SmHv6B57z8VA,pacoima-california
https://www.ubereats.com/los-angeles/food-delivery/mcdonalds-northridge-resda/BTOpQF13QrC1Geu5QmbmWg,pacoima-california
https://www.ubereats.com/los-angeles/food-delivery/yoshinoya-12902-foothill-blvd/Tv_fl9W5TViirAhOlzqjlQ,pacoima-california
https://www.ubereats.com/los-angeles/food-delivery/thai-tasty/i2NjiD_hQYytHHcT6S6Ilg,pacoima-california
https://www.ubereats.com/los-angeles/food-delivery/yum-yum-donuts-8704-foothill-blvd/y380qxa_SjO8uI8zQhLkxA,pacoima-california
https://www.ubereats.com/los-angeles/food-delivery/chickenlenos/Vto1jtVOTzOl6EetDnEXwQ,pacoima-california
https://www.ubereats.com/los-angeles/food-delivery/kfc-6502-laurel-canyon-blvd/WU286J-4SOel15RFc9Pm3w,pacoima-california
https://www.ubereats.com/los-angeles/food-delivery/fatburger-6162-1-8-sepulveda-blvd/Q4k5RCcNSc246MOUDN_4TA,pacoima-california
https://www.ubereats.com/los-angeles/food-delivery/kfc-8644-balboa-blvd/8MJtQ_ArRQyMVHNHTlqLvw,pacoima-california
https://www.ubereats.com/los-angeles/food-delivery/yogurtland-1106-truman-st/miL2ulC2TFKuyFkcp9xLow,pacoima-california
https://www.ubereats.com/los-angeles/food-delivery/taco-taco-burrito-burrito/0IPnhJSvQ3qmrFgNwYOD7g,pacoima-california
https://www.ubereats.com/los-angeles/food-delivery/thai-victory/ZM-CYHD8TFeY5aktxP3JWg,pacoima-california
https://www.ubereats.com/los-angeles/food-delivery/sunny-%26-fines-breakfast-burritos/24CI0F1UQ9mbJrurZefQMA,pacoima-california
https://www.ubereats.com/los-angeles/food-delivery/subway-15232-saticoy-st/BdKe4puiSrq18BTcT6Gu9A,pacoima-california
https://www.ubereats.com/los-angeles/food-delivery/el-burrito-burracho/UtuxE2mhSSigQP-od6AQ6g,pacoima-california
https://www.ubereats.com/los-angeles/food-delivery/subway-12771-van-nuys-blvd/JmHzO2lmSRa4vTJ_RKBxXw,pacoima-california
https://www.ubereats.com/los-angeles/food-delivery/panda-express-18111-nordhoff-st/eq7xkKd2SNSC9ajQ0UPBtw,pacoima-california
https://www.ubereats.com/los-angeles/food-delivery/winzza/wTSjfOXXRCmk4ie7ZuGi3Q,pacoima-california
https://www.ubereats.com/los-angeles/food-delivery/cold-stone-creamery-sepulveda-blvd/sUaaJWlVQ-aaXIA7hjgEwg,pacoima-california
https://www.ubereats.com/los-angeles/food-delivery/dennys-8022-vineland-ave/OJu1ai0RQsy5tAFX7zD0Rw,pacoima-california
https://www.ubereats.com/los-angeles/food-delivery/la-michoacana-s-workman/NBFMZ7asR_Os6dqHSEZnMg,pacoima-california
https://www.ubereats.com/los-angeles/food-delivery/halal-wings-factory-vr/SkFtW8CzSdaIF4NSfVVi8Q,pacoima-california
https://www.ubereats.com/los-angeles/food-delivery/los-arcos-mexican-restaurant/sIW2vpg1Sh-z6CDGAeNxeQ,pacoima-california
https://www.ubereats.com/los-angeles/food-delivery/subway-8449-laurel-canyon-blvd/OTPnQzAqSHeo33LZSpP1qA,pacoima-california
https://www.ubereats.com/los-angeles/food-delivery/dennys-1041-truman-street/isRF2hinQKC1O5b_nNMRzw,pacoima-california
https://www.ubereats.com/los-angeles/food-delivery/big-pops-bbq-%26-grill/kPHbsJxZSIa7jNtN41gKNQ,pacoima-california
https://www.ubereats.com/los-angeles/food-delivery/poseidon-hot-chicken/EbAnU2XFThqclgbfshOhIg,pacoima-california
https://www.ubereats.com/los-angeles/food-delivery/the-original-khun-dang-thai-restaurant/BOpd_MHsSaeD3iUpE63RYg,pacoima-california
https://www.ubereats.com/los-angeles/food-delivery/aromathai-vegan-restaurant/hcVfewdPR0Wt1s5DvD8L0g,pacoima-california
https://www.ubereats.com/los-angeles/food-delivery/la-breakfast-club/N-qsVwIkR0GBLljoBgfenw,pacoima-california
https://www.ubereats.com/los-angeles/food-delivery/buffalo-wild-wings-19252-soledad-canyon-road/mjwv8hjtRdqEpoDB93apgQ,pacoima-california
https://www.ubereats.com/los-angeles/food-delivery/blaze-pizza-13075-victory-blvd/XJNLsYPgS-6_u5nSB7B7_w,pacoima-california
https://www.ubereats.com/los-angeles/food-delivery/ihop-1225-truman-st/g_sdsoG0SXSbsnGZGIWRlg,pacoima-california
https://www.ubereats.com/los-angeles/food-delivery/starbucks-sherman-way-%26-whitsett/0QNh3YoXSAW-_CJ4CUfE5Q,pacoima-california
https://www.ubereats.com/los-angeles/food-delivery/cafe-elegante/coskmCVkQVWgZ0GJ0lQ-Mw,pacoima-california
https://www.ubereats.com/los-angeles/food-delivery/papillon-international-bakery-roscoe-blvd/FfBlzhG2SqOK3PWDugtvSw,pacoima-california
https://www.ubereats.com/los-angeles/food-delivery/oros-bakery-and-pizza/8La2m7V4SkuTjaq6nxeiAA,pacoima-california
https://www.ubereats.com/los-angeles/food-delivery/outback-steakhouse-1761-n-victory-place/eDidDDcsTRWOyhMsbFMPjw,pacoima-california
https://www.ubereats.com/los-angeles/food-delivery/starbucks-foothill-%26-hubbard/cB9rV_xUS9SWpp6rBdDAWA,pacoima-california
https://www.ubereats.com/los-angeles/food-delivery/tacos-lupita-5/3baozQITSQ2gid3icEoujQ,pacoima-california
https://www.ubereats.com/los-angeles/food-delivery/jersey-mikes-subs-8420-balboa-blvd/EsZgdEqHRIGXejrAOZJGfw,pacoima-california
https://www.ubereats.com/los-angeles/food-delivery/kfc-%2321-19307-soledad-canyon-rd/NUx6Ms3_SdmLiN1hpZ_XBg,pacoima-california
https://www.ubereats.com/los-angeles/food-delivery/burger-king-11546-sherman-way/QPzBUiskTF-OtTg1tfRgOQ,pacoima-california
https://www.ubereats.com/los-angeles/food-delivery/fresas-con-crema-cafe/XdAaDuc4RXGhXiRSJ6pQog,pacoima-california
https://www.ubereats.com/los-angeles/food-delivery/la-fonda-de-don-cuper/owLU8UtcRjex3ZXj5yPDjg,pacoima-california
https://www.ubereats.com/los-angeles/food-delivery/chipotle-mexican-grill-8420-balboa-blvd/bO5KIZAFTguJo5nb8QXzAQ,pacoima-california
https://www.ubereats.com/los-angeles/food-delivery/pollo-campero-panorama-city-van-nuys-blvd/PqtyYVbqR4ys6WOpHIf0Qw,pacoima-california
https://www.ubereats.com/los-angeles/food-delivery/starbucks-sunland-%26-i-5/vt2tExA7TK-u_Hjy85boGQ,pacoima-california
https://www.ubereats.com/los-angeles/food-delivery/spice-up-thai-eatery/RIYDKxcbSuCDk7i8F2ysLA,pacoima-california
https://www.ubereats.com/los-angeles/food-delivery/menchies-frozen-yogurt-1201-truman-st-ste-f/7SoAvAQhRRiEFmUIEgwGZQ,pacoima-california
https://www.ubereats.com/los-angeles/food-delivery/170-burger/_htPWGaZQmqdAAKr-0G7tg,pacoima-california
https://www.ubereats.com/los-angeles/food-delivery/dennys-18932-w-soledad-canyon-rd/kXJHt3ovTOurIsNwjKhVcg,pacoima-california
https://www.ubereats.com/los-angeles/food-delivery/yoshinoya-8400-sunland-blvd/MdD8oK4hQJa-GFTiqXY-ag,pacoima-california
https://www.ubereats.com/los-angeles/food-delivery/honeyfish-poke-van-nuys/qBC97ANsSQ6NvDqnsVLDnw,pacoima-california
https://www.ubereats.com/los-angeles/food-delivery/link-n-hops-sunland/EN6YdvGXTYSeJ-BnGFVgag,pacoima-california
https://www.ubereats.com/los-angeles/food-delivery/norms-van-nuys/ACjdc-4sRFKLaz-QCcIptw,pacoima-california
https://www.ubereats.com/los-angeles/food-delivery/jack-in-the-box-16945-san-fernando-mission-blvd/gnpU-o1FRPSInVaQjHvz7w,pacoima-california
https://www.ubereats.com/los-angeles/food-delivery/musse/COwOSNQRTFmP9U2Ie1KnGw,pacoima-california
https://www.ubereats.com/los-angeles/food-delivery/ichiban-ramen-%26-boba-crush/yekx301qRGS0FKkC_aGL_g,pacoima-california
https://www.ubereats.com/los-angeles/food-delivery/del-taco-6718-laurel-canyon-blvd/FVCud7kPQXWAn6zEI7mDWg,pacoima-california
https://www.ubereats.com/los-angeles/food-delivery/killer-wings/c62Kun6JQ0WvBAv44ujFqQ,pacoima-california
https://www.ubereats.com/los-angeles/food-delivery/dr-hogly-woglys-tyler-texas-bbq/BWhxwwC7SzmrDlyzupdHtA,pacoima-california
https://www.ubereats.com/los-angeles/food-delivery/dolce-%26-gapasta/e7kEuap1RdWG6vWUVwUlIw,pacoima-california
https://www.ubereats.com/los-angeles/food-delivery/pablitos-tacos-oyster-house/HpZO1VimQ9WdrJV11Qp28w,pacoima-california
https://www.ubereats.com/los-angeles/food-delivery/subway-77-n-mclay-ave/ZR01FAIlTP2z7vKfqn13Dg,pacoima-california
https://www.ubereats.com/los-angeles/food-delivery/sweetsnow/JTwKXIUrRqagp32fGCKo3g,pacoima-california
https://www.ubereats.com/los-angeles/food-delivery/brick-burgers/2bszTtw6SAqwYQQqnnAZ-g,pacoima-california
https://www.ubereats.com/los-angeles/food-delivery/daniels-tacos-7956-vineland-ave/FjKUU3MASCG5zT1tO7UG1w,pacoima-california
https://www.ubereats.com/los-angeles/food-delivery/dennys-13201-gladstone-ave/jcNIKTYaTm-NtR50DmWhhQ,pacoima-california
https://www.ubereats.com/los-angeles/food-delivery/surf-n-turf-taco-balboa-blvd/CwIq_AmaRrWINbXL9CK6NA,pacoima-california
https://www.ubereats.com/los-angeles/food-delivery/kfc-13720-van-nuys-blvd/c_DDPIaxSHC7KJVn8uprhw,pacoima-california
https://www.ubereats.com/los-angeles/food-delivery/pita-grill/tv4pprhSRluOtggY6bpWsw,pacoima-california
https://www.ubereats.com/los-angeles/food-delivery/salata-18080-chatsworth-st-%23c/RcE8C7tyRmGmSbahCxkxvw,pacoima-california
https://www.ubereats.com/los-angeles/food-delivery/mcdonalds-801-truman-st/_op5AuG4TMGp6pd54Exedg,pacoima-california
https://www.ubereats.com/los-angeles/food-delivery/the-ice-cream-shop/dMfEKQ-MSxOisEAMPIF4tA,pacoima-california
https://www.ubereats.com/los-angeles/food-delivery/la-sabrosa-restaurant/ENP-t6MDTRah7RZ6nR4VBg,pacoima-california
https://www.ubereats.com/los-angeles/food-delivery/carls-jr-7371/Wgg0HtSvTumxpEZQSXaSww,pacoima-california
https://www.ubereats.com/los-angeles/food-delivery/cha-cha-chicken-northridge/e7_WBT9oQUGKO7drWRdabg,pacoima-california
https://www.ubereats.com/los-angeles/food-delivery/belgium-waffle-haus/EPRNyBOTQJ60LZ5CLtaIUA,pacoima-california
https://www.ubereats.com/los-angeles/food-delivery/ay-caramba!-restaurant/PbNx8vAsRPiixcO0qxKw2w,pacoima-california
https://www.ubereats.com/los-angeles/food-delivery/downtown-philly-cheesesteak/HcUC6j_uQ1CccRL-1XtOoQ,pacoima-california
https://www.ubereats.com/los-angeles/food-delivery/subway-8027-lankershim-blvd/U8PHdpvJS3Woo99Iy4PCjA,pacoima-california
https://www.ubereats.com/los-angeles/food-delivery/el-pollo-loco-10651-balboa-blvd3532/KwzxMrTcSCygWirvlOJ0xw,pacoima-california
https://www.ubereats.com/los-angeles/food-delivery/ta%3Aco-panorama-city/1LHWDa6rTy2aQI09x38MbQ,pacoima-california
https://www.ubereats.com/los-angeles/food-delivery/poke-rainbow/7Yri3xJjQGGXkRTQXGtGpg,pacoima-california
https://www.ubereats.com/los-angeles/food-delivery/el-pollo-loco-9522-sepulveda-blvd5915/0XeuxROsS82PQsWD0aEFxg,pacoima-california
https://www.ubereats.com/los-angeles/food-delivery/el-camaronero-restaurant-2/6ky0CLiZQAmp-kVlHxeesQ,pacoima-california
https://www.ubereats.com/los-angeles/food-delivery/chabelitas/sDFMp-AsSumOjCV3HwF3sQ,pacoima-california
https://www.ubereats.com/los-angeles/food-delivery/panda-express-burbank-2585-n-hollywood-way/lmUgCM-0TUiZKiEw6ECoUQ,pacoima-california
https://www.ubereats.com/los-angeles/food-delivery/tacos-mexico-van-nuys-ca/QMaHsanXRj2XcaLr32qK5Q,pacoima-california
https://www.ubereats.com/los-angeles/food-delivery/panda-express-sunland-8231-foothill-blvd/xD8F-OAARQmLQ83m5EaMmQ,pacoima-california
https://www.ubereats.com/los-angeles/food-delivery/pressed-juicery-hub-van-nuys/WJPipIX2TJ29WpCusf8esQ,pacoima-california
https://www.ubereats.com/los-angeles/food-delivery/quiznos-8953-sunland-blvd/57B31Hb_R1ec0DXRaEFIKA,pacoima-california
https://www.ubereats.com/los-angeles/food-delivery/bagel-boyz/2MFNFgA8S_yeUuMyPPo4iQ,pacoima-california
https://www.ubereats.com/los-angeles/food-delivery/red-chili-northridge/syJiYENZTaW3RUs-leYBaA,pacoima-california
https://www.ubereats.com/los-angeles/food-delivery/chipotle-mexican-grill-13075-victory-blvd-spc-102/g277nxfjRKO3U_GV4gEs5A,pacoima-california
https://www.ubereats.com/los-angeles/food-delivery/panda-express-9007-woodman-ave/DeFKOAweSMWN13sK6O68uw,pacoima-california
https://www.ubereats.com/los-angeles/food-delivery/jersey-mikes-subs-6160-laurel-canyon-blvd/JNVsOGyCQ0iu8Kfh8XhFaQ,pacoima-california
https://www.ubereats.com/los-angeles/food-delivery/mama-wongs-cusines/UJI6EvDwSo6idsFu37gEdQ,pacoima-california
https://www.ubereats.com/los-angeles/food-delivery/international-kabob-house/LSTWfifPR5mK2Ay_-IG3MA,pacoima-california
https://www.ubereats.com/los-angeles/food-delivery/la-pizza-loca-sun-valley/y6p5oGTiRhaWjF5zUBuM2g,pacoima-california
https://www.ubereats.com/los-angeles/food-delivery/arbys-27590-sierra-hwy/sePgVSZVSi-i_jWw4WbPSg,pacoima-california
https://www.ubereats.com/los-angeles/food-delivery/jack-in-the-box-8405-foothill-blvd/OiC0-ZRXR0C0y1qRiwiDJA,pacoima-california
https://www.ubereats.com/los-angeles/food-delivery/popeyes-12659-glenoaks-blvd/z7lU6xCVS1ioSD3NtG98Rw,pacoima-california
https://www.ubereats.com/los-angeles/food-delivery/dc-cafe-donuts/X7-rSe85QseW8vM4ThE7Cw,pacoima-california
https://www.ubereats.com/los-angeles/food-delivery/panda-express-northridge-17056-devonshire-st/KcGbmL1oTsub0cD-YWpKLA,pacoima-california
https://www.ubereats.com/los-angeles/food-delivery/subway-6006-lankershim-blvd/0g5byVksT5iBY-6oY7sdLg,pacoima-california
https://www.ubereats.com/los-angeles/food-delivery/el-pollo-loco-2575-n-hollywood-way6194/nF4z7v2jQwSBVXyBt9zKzQ,pacoima-california
https://www.ubereats.com/los-angeles/food-delivery/kurrypinch/DU8da7YfRDGYUD02nbZxxQ,pacoima-california
https://www.ubereats.com/los-angeles/food-delivery/mcdonalds-sunland-foothill/qR2yMQmzRfmv28Hde4ZCdQ,pacoima-california
https://www.ubereats.com/los-angeles/food-delivery/burgerim-13764-foothill-blvd/CccOanmyQ9WEqw3jV6QJMQ,pacoima-california
https://www.ubereats.com/los-angeles/food-delivery/tare-ramen-ya/RmO9x4urSACDBvWDqhAlAg,pacoima-california
https://www.ubereats.com/los-angeles/food-delivery/bad-mutha-clucka-northridge/IHL_nA6WRcqZJ2Le5HwBHw,pacoima-california
https://www.ubereats.com/los-angeles/food-delivery/mcdonalds-van-nuys-victory-kester/p9p6svfjTdmkyQaU2p_6SA,pacoima-california
https://www.ubereats.com/los-angeles/food-delivery/house-of-grill/5JhLRm9nT86xxASYQhovNg,pacoima-california
https://www.ubereats.com/los-angeles/food-delivery/sabores-michoacan-ice-cream-parlor-and-snacks-llc/PL6QdG4rTZy8xa_LOlM4Lg,pacoima-california
https://www.ubereats.com/los-angeles/food-delivery/la-michoacana-premium-pacoima/Ovt3VpSyQl-RziNWLmvNaw,pacoima-california
https://www.ubereats.com/los-angeles/food-delivery/buon-gusto-ristorante/k1SDkiJoSza-YGbrHwyLWA,pacoima-california
https://www.ubereats.com/los-angeles/food-delivery/ranch-side-cafe/MMBLnkAaSA-tPkK_2YonFQ,pacoima-california
https://www.ubereats.com/los-angeles/food-delivery/thai-stops/nx8N08LTSR6-zOWyYjbOPA,pacoima-california
https://www.ubereats.com/los-angeles/food-delivery/excuse-my-french-toast/BYwzGtcxQNmGRSQZcjsXgg,pacoima-california
https://www.ubereats.com/los-angeles/food-delivery/ay-papa-que-rico-sunland/VhwdLPyTRIy46JdiSHVYFQ,pacoima-california
https://www.ubereats.com/los-angeles/food-delivery/urbane-cafe-north-hollywood/GplLBATmQbuYaW2xwaAsPw,pacoima-california
https://www.ubereats.com/los-angeles/food-delivery/corn-chop/m7iAGv5BRCCCGgf5bZk1CQ,pacoima-california
https://www.ubereats.com/los-angeles/food-delivery/kogi-bbq-2/R-5XZU85RJWixcTlsYDJXQ,pacoima-california
https://www.ubereats.com/los-angeles/food-delivery/eggwich/n_-BQehxTASw-KfmesbDjw,pacoima-california
https://www.ubereats.com/los-angeles/food-delivery/kings-wings/fZQTtEFrSRadxD-PpIZWKQ,pacoima-california
https://www.ubereats.com/los-angeles/food-delivery/fatburger-%26-buffalos-express-10970-sherman-way/gV3eYAS2R_e4J6uNwmJZ9Q,pacoima-california
https://www.ubereats.com/los-angeles/food-delivery/tacos-jr/Fe46nc4NSLy4-GFcUjy89w,pacoima-california
https://www.ubereats.com/los-angeles/food-delivery/yoshinoya-8267-sepulveda-boulevard/igemFyzcRAi_wR1PsRH52w,pacoima-california
https://www.ubereats.com/los-angeles/food-delivery/subway-9067-woodman-ave/3-FnCWFGTpmGjlS9Sv3BFA,pacoima-california
https://www.ubereats.com/los-angeles/food-delivery/ameci-pizza-%26-pasta-granada-hills/lb6q8rUxSc-C_fKV6ldVJg,pacoima-california
https://www.ubereats.com/los-angeles/food-delivery/elite-garden-cafe/NE64FudrTguM8W-qZBqBIg,pacoima-california
https://www.ubereats.com/los-angeles/food-delivery/mariscos-puerto-angel-saticoy/c1WeH5NmSTq8VCO5daHUhg,pacoima-california
https://www.ubereats.com/los-angeles/food-delivery/hurricane-wings-10970-sherman-way/PjayhC6rRhme5ROaSvU6eg,pacoima-california
https://www.ubereats.com/los-angeles/food-delivery/mcdonalds-granada-hills/d8gP5WYsRnqSDO2YWOa7kQ,pacoima-california
https://www.ubereats.com/los-angeles/food-delivery/mcdonalds-northridge-balboa-%26-lassen/y6xYQfBORI2VbyzXQ82sqA,pacoima-california
https://www.ubereats.com/los-angeles/food-delivery/giamelas-submarine-sandwiches/GY5EusoRTqGZynkRetwhhA,pacoima-california
https://www.ubereats.com/los-angeles/food-delivery/zahle-restaurant/edw570a5RRGvKBMTSh97qw,pacoima-california
https://www.ubereats.com/los-angeles/food-delivery/subway-13009-victory-blvd/C8f_4wQBTl6Rjp1uYxPUwQ,pacoima-california
https://www.ubereats.com/los-angeles/food-delivery/papa-johns-mission-hills/RgLFuQSmQDKwNgDj_vTViQ,pacoima-california
https://www.ubereats.com/los-angeles/food-delivery/el-pollo-loco-9800-laurel-canyon-blvd5994/pusTFgALSEOt51hef1t24Q,pacoima-california
https://www.ubereats.com/los-angeles/food-delivery/baja-fresh-16912-devonshire-st-granada-hills/dJ20GcIzReWERkkh-LCe6w,pacoima-california
https://www.ubereats.com/los-angeles/food-delivery/the-mandarin-terrace/AcwT7mojTAS5QwtTARhIKw,pacoima-california
https://www.ubereats.com/los-angeles/food-delivery/the-kluckin-chicken/7DieV6a2T4qNtKLEUwIvtA,pacoima-california
https://www.ubereats.com/los-angeles/food-delivery/the-drunken-crab-north-hollywood/OccOT3faTNSp_5vBnRDQmg,pacoima-california
https://www.ubereats.com/los-angeles/food-delivery/los-siete-mares/qruYv6sqQhaD-ojPTJVPNg,pacoima-california
https://www.ubereats.com/los-angeles/food-delivery/waba-grill-12643-sherman-way-los-angeles/abJanxr6TsqTROQldUKVSQ,pacoima-california
https://www.ubereats.com/los-angeles/food-delivery/kfc-13924-foothill-blvd/5fk5xMg8TeuKXl3Cc1jzlw,pacoima-california
https://www.ubereats.com/los-angeles/food-delivery/presidente-restaurant/4MeHQMS1SeCL_aQXVYn6Ug,pacoima-california
https://www.ubereats.com/los-angeles/food-delivery/tinys-submarine/peZiS-_1SSOzSPVQiJ9x5w,pacoima-california
https://www.ubereats.com/los-angeles/food-delivery/tacos-y-quesadillas-dona-ceci/p-4Xv452Q_6wOzrECOmZtg,pacoima-california
https://www.ubereats.com/los-angeles/food-delivery/starbucks-lankershim-%26-erwin/seHS8PzwRmm90T6MEalH5w,pacoima-california
https://www.ubereats.com/los-angeles/food-delivery/sweet-blessings-by-cyler-llc/xGtUWotUQFGopr0L3VHbQw,pacoima-california
https://www.ubereats.com/los-angeles/food-delivery/carls-jr-18741-via-princesa/4QI2PDX5QdeXdA7Xk9nn5A,pacoima-california
https://www.ubereats.com/los-angeles/food-delivery/guido-brother-mediterranean-cuisine/FzvaySYEQPqVHKxyUP877Q,pacoima-california
https://www.ubereats.com/los-angeles/food-delivery/el-gallo-giro-panorama-city/2gd7cLROSVy_bjlg6jIM8w,pacoima-california
https://www.ubereats.com/los-angeles/food-delivery/hong-kong-diner/y9wZ0dHOQrm6HB6p3QnUyA,pacoima-california
https://www.ubereats.com/los-angeles/food-delivery/jersey-mikes-subs-10388-sepulveda-blvd/zs5YbkFmT3qJvetIVGtMRw,pacoima-california
https://www.ubereats.com/los-angeles/food-delivery/asahi-sushi/rvE2kkq7R2G5wVUPFK0OYg,pacoima-california
https://www.ubereats.com/los-angeles/food-delivery/shawarma-house/uFWgPbUXRG-PeXMR4qFGYA,pacoima-california
https://www.ubereats.com/los-angeles/food-delivery/omgrill/GKatMsCWRV66o0ZXqehowA,pacoima-california
https://www.ubereats.com/los-angeles/food-delivery/subway-12902-foothill-blvd/9nkuTjxLS2ypGZ2k53HXqQ,pacoima-california
https://www.ubereats.com/los-angeles/food-delivery/the-wing-spot/iyBCLKp6QpW6qsNPmTeJHw,pacoima-california
https://www.ubereats.com/los-angeles/food-delivery/quiznos-12980-foothill-blvd-ste-130/BLQczWgNS0qTSRfmGzmIeA,pacoima-california
https://www.ubereats.com/los-angeles/food-delivery/jersey-mikes-19159-golden-valley-road/578WVH3rRVeM-fSzBWL-7Q,pacoima-california
https://www.ubereats.com/los-angeles/food-delivery/la-asuncion-restaurante/aEaafV1rTTy9N15KRcNnFQ,pacoima-california
https://www.ubereats.com/los-angeles/food-delivery/mcdonalds-mission-hls-sepl/lGCUZbyDTo6GPXLpBask8A,pacoima-california
https://www.ubereats.com/los-angeles/food-delivery/buffalos-express-burbank/yVo0Mp1nRdOO7aN88YzH-g,pacoima-california
https://www.ubereats.com/los-angeles/food-delivery/daphnes-desserts/PsPnkRR-TXu0s_7FsAQeBw,pacoima-california
https://www.ubereats.com/los-angeles/food-delivery/subway-north-hills/yxzhWsRMTT-pFAQ9nFWpMw,pacoima-california
https://www.ubereats.com/los-angeles/food-delivery/burrito-loco-express/ajZDqzkORnydsrCtCMGpoA,pacoima-california
https://www.ubereats.com/los-angeles/food-delivery/pasquallys-pizza-%26-wings-16269-san-fernando-miss/GQwQZnxVQpynQzt0LpR0Sg,pacoima-california
https://www.ubereats.com/los-angeles/food-delivery/jack-in-the-box-7955-vineland-ave/Qk-HB0ELSgablXmCzmbISA,pacoima-california
https://www.ubereats.com/los-angeles/food-delivery/kop-jai-lai/fI50VgHPRoK8HhlPrsvq_Q,pacoima-california
https://www.ubereats.com/los-angeles/food-delivery/pollo-campero-north-hills-sepulveda-blvd/-q7PV3iFQiG-gFQfLMWExA,pacoima-california
https://www.ubereats.com/los-angeles/food-delivery/h-salt-fish-%26-chips/ey76agl_QEys9isVcS2YHg,pacoima-california
https://www.ubereats.com/los-angeles/food-delivery/casa-torres/zEvFWiaGS6CtwVt12oNnzg,pacoima-california
https://www.ubereats.com/los-angeles/food-delivery/subway-10970-sherman-way/zpOoQRgFSxy5KEW3ZLgVcg,pacoima-california
https://www.ubereats.com/los-angeles/food-delivery/tacos-mi-casita/gqhSIaZ2RteOKQVBOYogRQ,pacoima-california
https://www.ubereats.com/los-angeles/food-delivery/jersey-mikes-19138-soledad-canyon-rd/KAwrWvRYQmWLjzRx5idZVg,pacoima-california
https://www.ubereats.com/los-angeles/food-delivery/dickeys-barbecue-pit-18742-soledad-canyon-rd/9Jy3wKkJQLWaLM8p3WSY9w,pacoima-california
https://www.ubereats.com/los-angeles/food-delivery/mykes-cafe-pacoima/XbULvBhESwiZANlm63T7vA,pacoima-california
https://www.ubereats.com/los-angeles/food-delivery/aras-shawarma/R7XZis9wS-q-VJXppJxZ5g,pacoima-california
https://www.ubereats.com/los-angeles/food-delivery/jersey-mikes-14523-sherman-way/Rk1WzNGbT46ENAJcSPbtCg,pacoima-california
https://www.ubereats.com/los-angeles/food-delivery/mercado-buenos-aires-van-nuys/HuYP7U42QdKEU1BnHBiwkw,pacoima-california
https://www.ubereats.com/los-angeles/food-delivery/swan-exotic-thai-restaurant/QnA7sKILTtazi3mU3a-gxw,pacoima-california
https://www.ubereats.com/los-angeles/food-delivery/el-tarasco-mexican-food/7VOhebBpRRuEZ_WrDplP3Q,pacoima-california
https://www.ubereats.com/los-angeles/food-delivery/pizza-man-van-nuys/0tbcdKNrQVOuVhjjp6EtWw,pacoima-california
https://www.ubereats.com/los-angeles/food-delivery/noho-cafe/7Qs-qTKTRv20jTs_eEer2A,pacoima-california
https://www.ubereats.com/los-angeles/food-delivery/coffee-land/GCUQCN8LQQmfLQ8LPA6HYA,pacoima-california
https://www.ubereats.com/los-angeles/food-delivery/panda-express-pacoima-13520-w-paxton-st/HdIJ4q_LQq2yH1oHinLTkA,pacoima-california
https://www.ubereats.com/los-angeles/food-delivery/nicks-pizza/MLhovJGnQ9-_wZizOfel3w,pacoima-california
https://www.ubereats.com/los-angeles/food-delivery/sri-siam-cafe/BIk1wEBjRsObZGzCJuyoEA,pacoima-california
https://www.ubereats.com/los-angeles/food-delivery/bear-pit/FJTySy9pRW-FRDYWzrRpRA,pacoima-california
https://www.ubereats.com/los-angeles/food-delivery/rice-avenue/or4R14zUQT6vvQHoQHn3dQ,pacoima-california
https://www.ubereats.com/los-angeles/food-delivery/los-tres-hermanos-foothill-blvd/xCPXmjGMS1KgAHiy1uyKMg,pacoima-california
https://www.ubereats.com/los-angeles/food-delivery/rincon-taurino-14551-nordhoff-st/rwLr-xvSQ7-CzMN1-rgq2A,pacoima-california
https://www.ubereats.com/los-angeles/food-delivery/lusys-mediterranean-cafe/ln7efzgTQK6fGXcKg0Kzfg,pacoima-california
https://www.ubereats.com/los-angeles/food-delivery/mandarin-island/OTNjwCPRTw2x-wz72ZWBeQ,pacoima-california
https://www.ubereats.com/los-angeles/food-delivery/big-mamas-%26-papas-pizzeria-van-nuys/vpw4SkU9TOOGbSsGu1d_sQ,pacoima-california
https://www.ubereats.com/los-angeles/food-delivery/srisaket-thai-food/lzu4MwyoQaicVaA4p5f1yw,pacoima-california
https://www.ubereats.com/los-angeles/food-delivery/chopspoon/6tkjFjEBT5qkQYZ-uem3MQ,pacoima-california
https://www.ubereats.com/los-angeles/food-delivery/subway-13575-glen-oaks-blvd/0maX4gpiTwGyDAk3A0fbXw,pacoima-california
https://www.ubereats.com/los-angeles/food-delivery/starbucks-sherman-way-%26-woodman/a490RcM1S2uaH3SJoSZ3gg,pacoima-california
https://www.ubereats.com/los-angeles/food-delivery/mcdonalds-pacoima-osborne/FCLhvCTESfal5b9jN7jC8Q,pacoima-california
https://www.ubereats.com/los-angeles/food-delivery/la-bamba-island-cuisine/P59dnxIGSjSCiGJkTvjzUQ,pacoima-california
https://www.ubereats.com/los-angeles/food-delivery/waba-grill-12940-foothill-blvd-san-fernando/1YWbKl_CTOy9xPaSbAV0XQ,pacoima-california
https://www.ubereats.com/los-angeles/food-delivery/chipotle-mexican-grill-1100-truman-st/A_Qhuw6pQn-Xgeus4_dbMg,pacoima-california
https://www.ubereats.com/los-angeles/food-delivery/la-pizza/PN246yVLQLeZZyGySoMdZw,pacoima-california
https://www.ubereats.com/los-angeles/food-delivery/georgios-sports-bar-%26-pizzeria/j2bhTKj0RjGjdi3we94EFw,pacoima-california
https://www.ubereats.com/los-angeles/food-delivery/l%26l-hawaiian-bbq-18727-via-princessa/VFpyo2wXRvWWQQ5Jz6K-xA,pacoima-california
https://www.ubereats.com/los-angeles/food-delivery/pizza-pepino/jf14pkYDTMqtxqIsrKabag,pacoima-california
https://www.ubereats.com/los-angeles/food-delivery/subway-15503-devonshire-st/c2ORVITgR7i5RFks3Vv_WQ,pacoima-california
https://www.ubereats.com/los-angeles/food-delivery/del-taco-15330-nordhoff-street/ZG5IYuzRToqzB4_CKlmnPg,pacoima-california
https://www.ubereats.com/los-angeles/food-delivery/starbucks-reseda-%26-devonshire/aGVdeI4ySPWvo56BL_ROEw,pacoima-california
https://www.ubereats.com/los-angeles/food-delivery/aji-teppanyaki/4h2U79HUSd-xKZQufyfLeg,pacoima-california
https://www.ubereats.com/los-angeles/food-delivery/earl-of-sandwich-18080-chatsworth-st/ee_mAIaASj2NGsm4uuPadA,pacoima-california
https://www.ubereats.com/los-angeles/food-delivery/chop-shop-butcher-%26-grill/W1mDArqVSOmdsMWKxJly0Q,pacoima-california
https://www.ubereats.com/los-angeles/food-delivery/blaqhausnoho/JYC60ubwQ_6tAkZB7IQm3Q,pacoima-california
https://www.ubereats.com/los-angeles/food-delivery/el-uli-mar-y-tierra/r_YrLhWpSaeZhtaYq79TAg,pacoima-california
https://www.ubereats.com/los-angeles/food-delivery/raging-hot-chicken/LClLAcHwR_WvAbjgpH_Y0A,pacoima-california
https://www.ubereats.com/los-angeles/food-delivery/baan-thai/Kdcv6UpoSLW18XdZZCqwog,pacoima-california
https://www.ubereats.com/los-angeles/food-delivery/tacos-mexico-n-hollywood-ca/JkYEp4q8SeCT4laJzPOvvg,pacoima-california
https://www.ubereats.com/los-angeles/food-delivery/crazy-hot-chicken/pqRm78_QSZuZJqnaFCQrwQ,pacoima-california
https://www.ubereats.com/los-angeles/food-delivery/cold-stone-creamery-17270-saticoy-street/3_jPBaaPRqKHMv0MXc8VxQ,pacoima-california
https://www.ubereats.com/los-angeles/food-delivery/fire-grill/q14NpfAgRBG8nVxz_A4Mow,pacoima-california
https://www.ubereats.com/los-angeles/food-delivery/michoacana-king/1k2ewr-qTJapimHs76LWvw,pacoima-california
https://www.ubereats.com/los-angeles/food-delivery/og-quesarito/_PiuFQ4hQWGOlM03HAg24A,pacoima-california
https://www.ubereats.com/los-angeles/food-delivery/ooh-lala-cups/ry9BwMs6QGGN_GtxWa5k3Q,pacoima-california
https://www.ubereats.com/los-angeles/food-delivery/el-pollo-loco-7851-foothill-blvd3773/EFyb5d7vQpesrfEDbUAVRg,pacoima-california
https://www.ubereats.com/los-angeles/food-delivery/papa-johns-sun-valley/-e2dAGk6Q0uZmqLoR7JGJg,pacoima-california
https://www.ubereats.com/los-angeles/food-delivery/rok-n-sushi/VTncV6rxR_aUw1ryVgbg0A,pacoima-california
https://www.ubereats.com/los-angeles/food-delivery/the-ice-cream-shop/W9vws58iSvy9MeaZoQU5-A,pacoima-california
https://www.ubereats.com/los-angeles/food-delivery/pizza-di-roma-n-hollywood/v9XcmYu-RTKKC6xpxkZoww,pacoima-california
https://www.ubereats.com/los-angeles/food-delivery/jersey-mikes-subs-granada-hills-18131-chatsworth-street/TsafbnA-R2irXCSDD4It4g,pacoima-california
https://www.ubereats.com/los-angeles/food-delivery/hound-dog-hot-dog-shop/l3SN3S-SQYa0OwDmiXSJtA,pacoima-california
https://www.ubereats.com/los-angeles/food-delivery/el-pollo-loco-12930-foothill-blvd5615/Gs2R_w0XQQqfznXpsOuM1w,pacoima-california
https://www.ubereats.com/los-angeles/food-delivery/subway-9040-sepulveda-blvd/3e_HiARsS8KfRpI1nsLG8A,pacoima-california
https://www.ubereats.com/los-angeles/food-delivery/georges-chicken/38inaS8sTtaMXFamV6dOTQ,pacoima-california
https://www.ubereats.com/los-angeles/food-delivery/baja-fresh-mexican-grill-18744-soledad-canyon-rd/lD_AjESvTjCfa_MD978j8Q,pacoima-california
https://www.ubereats.com/los-angeles/food-delivery/milans-pizzeria/G3RsdGdsTFasvDfWC5cA1A,pacoima-california
https://www.ubereats.com/los-angeles/food-delivery/carls-jr-7376/3-UKbacpSrCypFxNHj1tQg,pacoima-california
https://www.ubereats.com/los-angeles/food-delivery/casa-vieja/CMB9JXpzTnaohFTxDUMedQ,pacoima-california
https://www.ubereats.com/los-angeles/food-delivery/chipotle-mexican-grill-16959-devonshire-st/9PSH-bXKRtuCU3FqQs0blg,pacoima-california
https://www.ubereats.com/los-angeles/food-delivery/mcdonalds-sn-vly-san-frnad/gH8s94fESRWJGfx04kDFpQ,pacoima-california
https://www.ubereats.com/los-angeles/food-delivery/lauras-restaurant/-3_DL-cKRoC1QHAxm9eKVA,pacoima-california
https://www.ubereats.com/los-angeles/food-delivery/house-of-khan/ZMz5PM5MTg-nVvzvmp7Pew,pacoima-california
https://www.ubereats.com/los-angeles/food-delivery/carusos-italian-kitchen-2-tujunga/x3ZHFgdhS5WK3tGUDXyzNQ,pacoima-california
https://www.ubereats.com/los-angeles/food-delivery/carls-jr-7402/aBw75sEpT9WTPcsQrU2Yvw,pacoima-california
https://www.ubereats.com/los-angeles/food-delivery/casa-7-mares/ESh5G0CWT4Ksvrxm8hkjwA,pacoima-california
https://www.ubereats.com/los-angeles/food-delivery/chacha-tandoori/9FCxGWqZTDKh7ZvGsnd2uQ,pacoima-california
https://www.ubereats.com/los-angeles/food-delivery/rincon-taurino-8708-van-nuys-blvd/Z5sRA4lzTHmPJkyo3QYZgA,pacoima-california
https://www.ubereats.com/los-angeles/food-delivery/popeyes-14723-rinaldi-st/yxME6QoyTFWcbxiOFZ8JSw,pacoima-california
https://www.ubereats.com/los-angeles/food-delivery/los-tres-hermanos-sepulveda/X_aWyXyETXa7ZZBsrbSzcA,pacoima-california
https://www.ubereats.com/los-angeles/food-delivery/the-breakfast-spot/jpdsrI03T5yI6FICkmZNjA,pacoima-california
https://www.ubereats.com/los-angeles/food-delivery/presto-pasta/Ot3l69eVS0aBi4ZiJRXUzA,pacoima-california
https://www.ubereats.com/los-angeles/food-delivery/tacos-los-toritos-soledad-canyon/ubvja7GYSbedRbjVqmu6xw,pacoima-california
https://www.ubereats.com/los-angeles/food-delivery/kinnara-thai/r4SeA_hDRgKvDeUL3Gp9lQ,pacoima-california
https://www.ubereats.com/los-angeles/food-delivery/ay-papa-que-rico-arleta/r26OIErrQPq9u3t2Gs44vg,pacoima-california
https://www.ubereats.com/los-angeles/food-delivery/dennys-17018-devonshire-st/1xEyfQIkRWGVqUoZmhycuw,pacoima-california
https://www.ubereats.com/los-angeles/food-delivery/el-super-arleta/xQH9sIlBQ1K5yA821BBBug,pacoima-california
https://www.ubereats.com/los-angeles/food-delivery/jack-in-the-box-13648-van-nuys-blvd/RTXYYnLmRzy28h0OyrvfUQ,pacoima-california
https://www.ubereats.com/los-angeles/food-delivery/yoshinoya-13750-roscoe-blvd/XiJtLEMXRoatV-689SzggQ,pacoima-california
https://www.ubereats.com/los-angeles/food-delivery/hanabi-sushi-and-teriyaki/3OahcQoXSTiBM079m1CqcQ,pacoima-california
https://www.ubereats.com/los-angeles/food-delivery/costa-azul-mix/UjFRlZlOSDWDJbawWTWm_A,pacoima-california
https://www.ubereats.com/los-angeles/food-delivery/mcdonalds-pacoima-van-nuys/csnnKQ8HTuqYuCLYq4iREw,pacoima-california
https://www.ubereats.com/los-angeles/food-delivery/crazy-falafel-devonshire-st/qsvegEiNTfKNf8ASR6hepQ,pacoima-california
https://www.ubereats.com/los-angeles/food-delivery/panda-express-lake-view-terrace-11990-foothill-blvd/3x2txUlUSDKUXNFlIJCq-A,pacoima-california
https://www.ubereats.com/los-angeles/food-delivery/hill-street-cafe/7pGaDEnwTw2bLPJtNxZg-g,pacoima-california
https://www.ubereats.com/los-angeles/food-delivery/popeyes/R6rog4evSfWnf5VQ9NWYdw,pacoima-california
https://www.ubereats.com/los-angeles/food-delivery/dunkin-10432-sepulveda-blvd/dMSLrXWuSUy2d6ZyGuVNGQ,pacoima-california
https://www.ubereats.com/los-angeles/food-delivery/public-house-burgers/hbAnMRrDS2exGa5uS_bYRA,pacoima-california
https://www.ubereats.com/los-angeles/food-delivery/pops-chicken-mexican-food/US02-4UcSkKNj8e70suAQA,pacoima-california
https://www.ubereats.com/los-angeles/food-delivery/lil-manana/z4cfFZNGSA-c1pE1mFN29Q,pacoima-california
https://www.ubereats.com/los-angeles/food-delivery/ucrave-cafe-and-grill/iagfi7EiTJazgaaksAhu_Q,pacoima-california
https://www.ubereats.com/los-angeles/food-delivery/hurricane-wings-11984-foothill-blvd/fK_sAhbvR2Sc5l3QXgWMnw,pacoima-california
https://www.ubereats.com/los-angeles/food-delivery/la-brasa-roja/4KQn1LVDSaWGZtxhFzMj6Q,pacoima-california
https://www.ubereats.com/los-angeles/food-delivery/baledas-ya/fSN8qc5NRb-384ntD5XfDA,pacoima-california
https://www.ubereats.com/los-angeles/food-delivery/burrito-factory-granada-hills/peMPoR-tSROSjjGTj6syCQ,pacoima-california
https://www.ubereats.com/los-angeles/food-delivery/c~viche-express/oHFBXt-CRxyaDnpGVlYgUg,pacoima-california
https://www.ubereats.com/los-angeles/food-delivery/la-shawarma/0I1SLDNETS2JvkOTNnau_g,pacoima-california
https://www.ubereats.com/los-angeles/food-delivery/starbucks-victory-%26-coldwater/gF816I8zQQeJPfzpThg7uA,pacoima-california
https://www.ubereats.com/los-angeles/food-delivery/coco-hut-thai-food/hd4qOxCnTn2C0tUXRI3WTA,pacoima-california
https://www.ubereats.com/los-angeles/food-delivery/big-wangs-north-hollywood/bu7QHewUTPmfur1WcxGXCg,pacoima-california
https://www.ubereats.com/los-angeles/food-delivery/frosty-queen/iJ7UDwH3S7y0jE2OyihlbA,pacoima-california
https://www.ubereats.com/los-angeles/food-delivery/mr-pizza/8kVI_J-TTa6tlTjENKcumA,pacoima-california
https://www.ubereats.com/los-angeles/food-delivery/kfc-10865-sepulveda-blvd/YqmcTOXHT4qTHbwpkYO5jw,pacoima-california
https://www.ubereats.com/los-angeles/food-delivery/subway-9724-woodman-ave/jj5hwnu6TLC-GL1Gqx-sbw,pacoima-california
https://www.ubereats.com/los-angeles/food-delivery/waba-grill-14504-nordhoff-st/2l58_tcKTMG4r0FNa3wEaw,pacoima-california
https://www.ubereats.com/los-angeles/food-delivery/chefs-shawarma/YO8HgFarTXOpyKfEmlADdw,pacoima-california
https://www.ubereats.com/los-angeles/food-delivery/california-fish-grill-north-hollywood/xSRgGsEmSi-eIuWdp1P87A,pacoima-california
https://www.ubereats.com/los-angeles/food-delivery/zest-grill-house/f0HqVgKfTOigHm1ryRYfvg,pacoima-california
https://www.ubereats.com/los-angeles/food-delivery/pick-up-stix-granada-hills/fcFQtbDpSQWQ4PYTV2yWPQ,pacoima-california
https://www.ubereats.com/los-angeles/food-delivery/phuket-im-vegan/TwR-gVF6RA-T_efJKsVk-A,pacoima-california
https://www.ubereats.com/los-angeles/food-delivery/chipotle-mexican-grill-7940-van-nuys-blvd-%23-2a/JfQi2x9zSiy9P6DXdY37_w,pacoima-california
https://www.ubereats.com/los-angeles/food-delivery/honey-baked-ham-northridge/VQql-44wTGmllQvp3U3Klg,pacoima-california
https://www.ubereats.com/los-angeles/food-delivery/the-horseless-carriage-restaurant/5cFmA6FWTP6akyZd5QAnkw,pacoima-california
https://www.ubereats.com/los-angeles/food-delivery/el-pollo-loco-1125-truman-st-unit-c25948/RXC1ehrHRF6AXGN2yjVe-w,pacoima-california
https://www.ubereats.com/los-angeles/food-delivery/plant-b-northridge/-z7fBeOITzOAcwECGFJw3A,pacoima-california
https://www.ubereats.com/los-angeles/food-delivery/subway-10680-balboa-blvd/KunO8oCNSDmhmAsH1BOcqg,pacoima-california
https://www.ubereats.com/los-angeles/food-delivery/mercado-buenos-aires-granada-hills/neUcBAk2T4Ga_xByOC9lQg,pacoima-california
https://www.ubereats.com/los-angeles/food-delivery/los-tres-hermanos-van-nuys-blvd/HDt88uIUQZS32cx6gDHR8A,pacoima-california
https://www.ubereats.com/los-angeles/food-delivery/indias-clay-pit-noho/ZP6TvjAJTNKMXnTqI-A-Jw,pacoima-california
https://www.ubereats.com/los-angeles/food-delivery/subway-10305-zelzah-ave/dYlpfIAmRs2GULMaLClwLQ,pacoima-california
https://www.ubereats.com/los-angeles/food-delivery/chuys-tacos-dorados-van-nuys/PEN6pfpZRTqJ3_6xbODMpQ,pacoima-california
https://www.ubereats.com/los-angeles/food-delivery/original-tommys-hamburgers-tujunga/o6VcR249Qp-2fDfliVTSlA,pacoima-california
https://www.ubereats.com/los-angeles/food-delivery/tacos-los-toritos-glenoaks/pIfFtAlmRP-c4h67bn95Vg,pacoima-california
https://www.ubereats.com/los-angeles/food-delivery/papa-johns-northridge/osPzjFhCTjSL417obXnTQg,pacoima-california
https://www.ubereats.com/los-angeles/food-delivery/lulus-restaurant/kTORMbpCTLevXEJTxAV-Mg,pacoima-california
https://www.ubereats.com/los-angeles/food-delivery/subway-6411-sepulveda-blvd/wDSUoqVIQYyR1R-i69mDHw,pacoima-california
https://www.ubereats.com/los-angeles/food-delivery/the-pupusa-company/KF9xRKxBToiEdEsBMYTYqA,pacoima-california
https://www.ubereats.com/los-angeles/food-delivery/papillon-international-bakery-victory-blvd/Cj0KvWQESAGOJnwaMm-clw,pacoima-california
https://www.ubereats.com/los-angeles/food-delivery/mcdonalds-no-hollywood/TIY0JQ7_S4qAAQOgHLLSlg,pacoima-california
https://www.ubereats.com/los-angeles/food-delivery/bayshore-fish-%26-grill/RCN7TZixTVK8V8bWjHzmSA,pacoima-california
https://www.ubereats.com/los-angeles/food-delivery/starbucks-van-nuys-%26-michaels/un2MTDKtQEuL6SmoF2qvmw,pacoima-california
https://www.ubereats.com/los-angeles/food-delivery/tacos-el-gordo/0cVJQHXHSeORl-XxWXS1Sw,pacoima-california
https://www.ubereats.com/los-angeles/food-delivery/la-bocana/dV1SyPqzQN69SSGvIiRfsA,pacoima-california
https://www.ubereats.com/los-angeles/food-delivery/el-de-oro%3A-burritos-dorados/H3pfNPsdTp6H1YmUtFbbmw,pacoima-california
https://www.ubereats.com/los-angeles/food-delivery/jack-in-the-box-15651-nordhoff-street/g-jBQ1dtTrShd2dWoRgHNg,pacoima-california
https://www.ubereats.com/los-angeles/food-delivery/ponchos-taqueria/ozrqFfPCRcukCBZDtIbuPA,pacoima-california
https://www.ubereats.com/los-angeles/food-delivery/waba-grill-7135-sepulvedad-blvd-van-nuys/Rf2jK47TQcWxWkp4QpaWNA,pacoima-california
https://www.ubereats.com/los-angeles/food-delivery/bambu-drinks/5H2nyRBpSOqkybbKjPUjVw,pacoima-california
https://www.ubereats.com/los-angeles/food-delivery/menchies-frozen-yogurt-14523-a-sherman-way/Ug7YtUB8SPWCof4uc4TCDA,pacoima-california
https://www.ubereats.com/los-angeles/food-delivery/nuyo-bodega/P1_1RykZQqqVrMXvPe5_Lg,pacoima-california
https://www.ubereats.com/los-angeles/food-delivery/la-pizza-loca-pacoima/xbcRN6hwRm-ctIh4gBF69Q,pacoima-california
https://www.ubereats.com/los-angeles/food-delivery/la-michoacana-ice-cream-parlor-foothill/iR_kKbdETaSWJzXkIF_33Q,pacoima-california
https://www.ubereats.com/los-angeles/food-delivery/mcdonalds-van-nuys-sepulveda-sherman/gvNfFG1eRF-H_4987YJrPQ,pacoima-california
https://www.ubereats.com/los-angeles/food-delivery/pizzaholic/hSrHu4PeS0uJRkCG1ROhbg,pacoima-california
https://www.ubereats.com/los-angeles/food-delivery/golden-bowl/f-FfFb4QQ8297nwh1BL8JQ,pacoima-california
https://www.ubereats.com/los-angeles/food-delivery/kfc-1327-san-fernando-road/WHc9FksCTXOCGW76lpWeKg,pacoima-california
https://www.ubereats.com/los-angeles/food-delivery/brooklyn-calzones/jPsUyGZ5ReSMvIXKn7uBaA,pacoima-california
https://www.ubereats.com/los-angeles/food-delivery/enjoy-bowl/oTrEy2GGTUSTqtWgKGpS5A,pacoima-california
https://www.ubereats.com/los-angeles/food-delivery/fresh-grill-mediterranean-cuisine/KYLM_tV-TYC9P5ts5IBWxw,pacoima-california
https://www.ubereats.com/los-angeles/food-delivery/ledys-restaurant/KfCjHLLdTnie3lvDgvThPQ,pacoima-california
https://www.ubereats.com/los-angeles/food-delivery/tijuana-grill-%232-saticoy/BPGqP48dQUC15uPBaFxKxg,pacoima-california
https://www.ubereats.com/los-angeles/food-delivery/los-mariscos/OdKC2utcRZ-VQKpHASkkMA,pacoima-california
https://www.ubereats.com/los-angeles/food-delivery/subway-8735-sunland-blvd/fPerCc3wQhqGgnc3159dxw,pacoima-california
https://www.ubereats.com/los-angeles/food-delivery/burger-king-2008-glenoaks-boulevard/k9cMj-q4R86uL13dlU1CMw,pacoima-california
https://www.ubereats.com/los-angeles/food-delivery/mad-bee-cafe/QZAjmsr-QjiTtbdlUaTXMg,pacoima-california
https://www.ubereats.com/los-angeles/food-delivery/waba-grill-19126-soledad-canyon-rd-santa-clarita/h0fnkGjGRneZqV_KnN3aUQ,pacoima-california
https://www.ubereats.com/los-angeles/food-delivery/jamba-juice-13520-paxton-s/R1CS5RRSSvO5MERTQcFtzw,pacoima-california
https://www.ubereats.com/los-angeles/food-delivery/popeyes-7608-sepulveda-blvd/uOXqg63ESlKs-fsmsN83Mg,pacoima-california
https://www.ubereats.com/los-angeles/food-delivery/yummy-donuts/HQw5iKGwQ3ydkM4ltfw89w,pacoima-california
https://www.ubereats.com/los-angeles/food-delivery/subway-14713-rinaldi-st/8JE2Q7R6RsKXo2qViDbLdQ,pacoima-california
https://www.ubereats.com/los-angeles/food-delivery/mcdonalds-n-hollywood-lankershim-%26-victory/9eXxBal3R-e8EEiBEk0EpQ,pacoima-california
https://www.ubereats.com/los-angeles/food-delivery/rincome-restaurant/PY2QnEXGRfuBMEm56DyqsQ,pacoima-california
https://www.ubereats.com/los-angeles/food-delivery/mcdonalds-no-hollywood-victory-vineland/f3My0peFSX-6E1maUC-BBg,pacoima-california
https://www.ubereats.com/los-angeles/food-delivery/starbucks-devonshire-%26-langdon/YjCFyvsVSfG_t-G-8ZRTnw,pacoima-california
https://www.ubereats.com/los-angeles/food-delivery/carnitas-michoacan-san-fernando/6Jccnl1VRh--0MfFNTDPNw,pacoima-california
https://www.ubereats.com/los-angeles/food-delivery/sherman-way-shawarma/YxssbJIpQ3i2M9ud_LR-kw,pacoima-california
https://www.ubereats.com/los-angeles/food-delivery/sizzler-7131-van-nuys-blvd-%23852/ZLLVPZ-3RQuVzfJFRgcKHQ,pacoima-california
https://www.ubereats.com/los-angeles/food-delivery/starbucks-nordhoff-%26-woodley/5ZbSbbGFQ7eeP-kV0LSyjA,pacoima-california
https://www.ubereats.com/los-angeles/food-delivery/el-pollo-loco-17240-saticoy-st3457/OMOwv3N8TAS7VYHwEUMaqw,pacoima-california
https://www.ubereats.com/los-angeles/food-delivery/el-super-san-fernando/dxqki6OeRSKmrayK-C4EHw,pacoima-california
https://www.ubereats.com/los-angeles/food-delivery/fuguya-sushi/mI4EuQ6yR1efouQ38WrTHA,pacoima-california
https://www.ubereats.com/los-angeles/food-delivery/panda-express-north-hills-9008-sepulveda-blvd/6QNuEz5cRxysDqsMik50uQ,pacoima-california
https://www.ubereats.com/los-angeles/food-delivery/subway-1701-truman-st/GT0OCGz1ROWSiae5qGyTBg,pacoima-california
https://www.ubereats.com/los-angeles/food-delivery/hawaiian-hot-chicken/-OEjraYLRDuT97IFI6-uKw,pacoima-california
https://www.ubereats.com/los-angeles/food-delivery/mcdonalds-northridge-roscoe-%26-white-oak/3a_7YlhkRLaSHQ_kcg7D-w,pacoima-california
https://www.ubereats.com/los-angeles/food-delivery/antonios-kabob-%26-taco-pacoima/Y_gFb5UQSd-iOtmsJoVbdw,pacoima-california
https://www.ubereats.com/los-angeles/food-delivery/cafe-teramo/TLweFpm2Rk-fDerBCognCA,pacoima-california
https://www.ubereats.com/los-angeles/food-delivery/el-cafetalito/khR5r0evQ2OCnDqP8R15qA,pacoima-california
https://www.ubereats.com/los-angeles/food-delivery/vincenzos-pizza-granada-hills/mOv2MWMTSuuI5eU7e2PJBA,pacoima-california
https://www.ubereats.com/los-angeles/food-delivery/starbucks-8241-foothill-blvd/NRgSvVU4ToGws-uoG6KxLA,pacoima-california
https://www.ubereats.com/los-angeles/food-delivery/dennys-13136-sherman-way/Gl_zYZyRS6C1R8_DlhSZDA,pacoima-california
https://www.ubereats.com/los-angeles/food-delivery/latin-breakfast-company/62reacfXQXemcI8gDtrZ3w,pacoima-california
https://www.ubereats.com/los-angeles/food-delivery/subway-13632-foothill-blvd/4r7Wd0-rQICPslHzXUoYaQ,pacoima-california
https://www.ubereats.com/los-angeles/food-delivery/western-bagel-granada-hills/MWR8BoBlQDOEWcNZdVdJng,pacoima-california
https://www.ubereats.com/los-angeles/food-delivery/subway-12650-sherman-way/816pCXOvT2mkxRXKhB0RXg,pacoima-california
https://www.ubereats.com/los-angeles/food-delivery/blaze-pizza-7952-van-nuys-blvd/0SkPBV3pQB254-bzeeUtjQ,pacoima-california
https://www.ubereats.com/los-angeles/food-delivery/el-rinconcito-centro-americano/Tw6hXcKwTNi_B2WOA0OXKg,pacoima-california
https://www.ubereats.com/los-angeles/food-delivery/guidos-pizza-and-pasta-northridge/Bp0Mg0h0RJ2bCr-jrVp0rw,pacoima-california
https://www.ubereats.com/los-angeles/food-delivery/la-michoacana-ice-cream-parlor-roscoe-blvd/H5s44RKwReKIXAKH_V_8iw,pacoima-california
https://www.ubereats.com/los-angeles/food-delivery/subway-12411-sheldon-st/S7jf8dRVToSBCNlVmUFygQ,pacoima-california
https://www.ubereats.com/los-angeles/food-delivery/casa-nuova/z0Qh4tHJRB-zV2f1AUCRkA,pacoima-california
https://www.ubereats.com/los-angeles/food-delivery/original-tommys-hamburgers-van-nuys/hwrZltclStugJ0e7bvkX-w,pacoima-california
https://www.ubereats.com/los-angeles/food-delivery/nashville-hot-chicken/nI17dKByRya0hezn3qF0JQ,pacoima-california
https://www.ubereats.com/los-angeles/food-delivery/toms-jr-chili-burgers/6BLksVKqThuDaZpCPiKmWg,pacoima-california
https://www.ubereats.com/los-angeles/food-delivery/el-camaronero-restaurant-%231/C-vHN1YPQKCZutHgyqPnzg,pacoima-california
https://www.ubereats.com/los-angeles/food-delivery/mad-tuna/slrZ84FCTkuVvyUE6yg_1Q,pacoima-california
https://www.ubereats.com/los-angeles/food-delivery/los-tres-hermanos-san-fernando-blvd/hbvJmdfXQHmypDoNL18BEg,pacoima-california
https://www.ubereats.com/los-angeles/food-delivery/carnitas-michoacanas/zFicJ-ZoSI2LBAB3s_i_wQ,pacoima-california
https://www.ubereats.com/los-angeles/food-delivery/dennys-8500-van-nuys-blvd/7iap0QdvTLO7k88Qy62E0w,pacoima-california
https://www.ubereats.com/los-angeles/food-delivery/burger-king-12781-van-nuys-boulevard/swQUzqXSTz-leGJYvleEew,pacoima-california
https://www.ubereats.com/los-angeles/food-delivery/thai-thai-thai/AHY6YoTtSPCYl2s5Gqk1-w,pacoima-california
https://www.ubereats.com/los-angeles/food-delivery/teriyaki-madness-1240-truman-st/WJYSHBBSSI-yEssizftj2Q,pacoima-california
https://www.ubereats.com/los-angeles/food-delivery/sherman-way-grill-%26-pizza/ee21cvcrRN-szSIyRIi5Tg,pacoima-california
https://www.ubereats.com/los-angeles/food-delivery/la-casa-de-la-torta-ahogada/74ha4g-9RtWVJNGlBMuF4A,pacoima-california
https://www.ubereats.com/los-angeles/food-delivery/el-pollo-loco-6560-van-nuys-blvd5512/e1YNGan2TBmnaQhPzUdj3g,pacoima-california
https://www.ubereats.com/los-angeles/food-delivery/jack-in-the-box-15342-roscoe-blvd/cCtQ2VMORGy3n496v2OKqQ,pacoima-california
https://www.ubereats.com/los-angeles/food-delivery/pho-999/c5ngRvtgSR2uUnS0frAGjw,pacoima-california
https://www.ubereats.com/los-angeles/food-delivery/bento-house/5MJGKvINSnmfvZZ6SnnupA,pacoima-california
https://www.ubereats.com/los-angeles/food-delivery/burger-king-13310-osbourne-street/zPFMvc1CQ7GzA2VtMCo4Xg,pacoima-california
https://www.ubereats.com/los-angeles/food-delivery/chachas-street-food/81JUIx3UQHSb77QQcKI3mw,pacoima-california
https://www.ubereats.com/los-angeles/food-delivery/la-michoacana-ice-cream-parlor-sylmar/NqR6DrSpRu2hicMwwaL0vA,pacoima-california
https://www.ubereats.com/los-angeles/food-delivery/mcdonalds-12950-foothill-blvd/sJVGV8pnTO6jwOh7ljEhjw,pacoima-california
https://www.ubereats.com/los-angeles/food-delivery/daniels-tacos-11840-foothill-blvd/Ymm00LnfRj-NBqdMtAu7kA,pacoima-california
https://www.ubereats.com/los-angeles/food-delivery/kfc-8800-sepulveda-blvd/uCt6gqF1RR-hMa8rDWZ47A,pacoima-california
https://www.ubereats.com/los-angeles/food-delivery/lemon-zest-cafe-van-nuys/DFopVbw3S2WljHapIphmXw,pacoima-california
https://www.ubereats.com/los-angeles/food-delivery/sylmars-fix/kpHmMpx7SOqkXA9WTy5Xnw,pacoima-california
https://www.ubereats.com/los-angeles/food-delivery/teacoffhut/2Oso1IAJRGqBTE-PoxyMYg,pacoima-california
https://www.ubereats.com/los-angeles/food-delivery/lams-thai-and-chinese-restaurant/r3M6310nRyOKI1bIzFMzDw,pacoima-california
https://www.ubereats.com/los-angeles/food-delivery/waba-grill-8383-laurel-canyon-blvd-sun-valley/VgSFTxG_QTGfLb62uJvVZg,pacoima-california
https://www.ubereats.com/los-angeles/food-delivery/f*cking-good-pizza/hTXX2mN4QRGUirN4qeuzQg,pacoima-california
https://www.ubereats.com/los-angeles/food-delivery/subway-8343-foothill-blvd/AIlgICV3SC-AbJSdJkGz4Q,pacoima-california
https://www.ubereats.com/los-angeles/food-delivery/birrieria-gonzalez-sylmer/gmumIcuoQHaRR788JB-APA,pacoima-california
https://www.ubereats.com/los-angeles/food-delivery/ceviches/TStHie4DTdWVSPHhvqV_vg,pacoima-california
https://www.ubereats.com/los-angeles/food-delivery/ramen-izakaya/1jOy8VnSQPGTD4lnauvpDw,pacoima-california
https://www.ubereats.com/los-angeles/food-delivery/get-loaded-tacos/N4U9oyLjTmWP5zBGM9vXzw,pacoima-california
https://www.ubereats.com/los-angeles/food-delivery/rancheros-tacos-%232-restaurant-%26-pupuseria/xP0NbBRLRY--O5F5HVqDxQ,pacoima-california
https://www.ubereats.com/los-angeles/food-delivery/mcdonalds-1955-glenoaks-blvd/omGJYsEuTICv1Whjwvf8SQ,pacoima-california
https://www.ubereats.com/los-angeles/food-delivery/michoacana-deluxe/FSKYz58lSLKEyto5hUyE5A,pacoima-california
https://www.ubereats.com/los-angeles/food-delivery/bangin-buns/2xGCeqNLQG2ZMmnMaJ8NWg,pacoima-california
https://www.ubereats.com/los-angeles/food-delivery/el-compadre-restaurant/xn507RZWSqqJy49f_BaYng,pacoima-california
https://www.ubereats.com/los-angeles/food-delivery/sabrositas-pupusas/AeEUQlJoTC2BhYvEOMumgQ,pacoima-california
https://www.ubereats.com/los-angeles/food-delivery/gyromania/vQMvXg0PS0GCbnhxBOVhsQ,pacoima-california
https://www.ubereats.com/los-angeles/food-delivery/nazca-peruvian-restaurant/RiFW_j7PQ-isL9RgGYmv1A,pacoima-california
https://www.ubereats.com/los-angeles/food-delivery/jack-in-the-box-9018-woodman-ave/IJkqXfOjQzOLJ9nPETRMng,pacoima-california
https://www.ubereats.com/los-angeles/food-delivery/harrys-pizza/aCHNBMntRY2Agx_UWt1Kfg,pacoima-california
https://www.ubereats.com/los-angeles/food-delivery/thai-pepper/ZPRDsperQXm9UaEf9vehWg,pacoima-california
https://www.ubereats.com/los-angeles/food-delivery/its-juice-time/B182ZSDqSraZPCA94JXSgw,pacoima-california
https://www.ubereats.com/los-angeles/food-delivery/el-pollo-loco-16940-nordhoff-blvd3525/AfLpUbPFSuGMdoWu-G-nrA,pacoima-california
https://www.ubereats.com/los-angeles/food-delivery/carls-jr-18950-soledad-canyon-rd/0mLaYExlRuirvsV7dXzfUw,pacoima-california
https://www.ubereats.com/los-angeles/food-delivery/donuts-%26-delites/IQGysfVXTJW0WUcfi3fNWQ,pacoima-california
https://www.ubereats.com/los-angeles/food-delivery/daniels-tacos-15307-parthenia-st/KrS3QDn6RLi_o3GEAU6C6A,pacoima-california
https://www.ubereats.com/los-angeles/food-delivery/mcdonalds-n-hllywd-victory/aW00bUHbSZy7u7xTfCRR8w,pacoima-california
https://www.ubereats.com/los-angeles/food-delivery/the-burger-spot/i27ut1TbR5u9fNj-me-9IQ,pacoima-california
https://www.ubereats.com/los-angeles/food-delivery/carnitas-michoacanas/2sIDed_-Q7uMSJdOE1Gd1w,pacoima-california
https://www.ubereats.com/los-angeles/food-delivery/la-pizza-panorama/vCNO48roSh6S624tRtLXNA,pacoima-california
https://www.ubereats.com/los-angeles/food-delivery/travelers-coffee-cup/cm4ktb8TQhOn2_RUqgWQzg,pacoima-california
https://www.ubereats.com/los-angeles/food-delivery/taps-valley-gastropub/jgAN7WOpTGSrhmfRTEZQAw,pacoima-california
https://www.ubereats.com/los-angeles/food-delivery/rest-salvadoreno-el-cafetal/-NIQNX7AQbqBick4ddZ9yw,pacoima-california
https://www.ubereats.com/los-angeles/food-delivery/el-pollo-loco-26930-sierra-hwy5978/aARCnXtoSZmVAvzebpcKRQ,pacoima-california
https://www.ubereats.com/los-angeles/food-delivery/yogurtland-14501-nordhoff-blvd/-NVzE5ikQsG6_CGdb3de9A,pacoima-california
https://www.ubereats.com/los-angeles/food-delivery/key-burger/ZUdZa8r5RbK_k7CrIbUGVw,pacoima-california
https://www.ubereats.com/los-angeles/food-delivery/starbucks-san-fernando-mission-%26-sepulveda/kv7IpAY-QhC0Lhet2SGWzQ,pacoima-california
https://www.ubereats.com/los-angeles/food-delivery/subway-13520-paxton-st/d_Ua48LoRvye5_GSWewgiA,pacoima-california
https://www.ubereats.com/los-angeles/food-delivery/pokitomik/8UlCua_VRbq0hfeWA2msRQ,pacoima-california
https://www.ubereats.com/los-angeles/food-delivery/panda-express-13681-foothill-blvd-%23c/UJIOzGrDQU2pW5wJmgb9tA,pacoima-california
https://www.ubereats.com/los-angeles/food-delivery/mcdonalds-panorama-city-van-nuys-blythe/sipzor0KQmee7gj6-JcB-g,pacoima-california
https://www.ubereats.com/los-angeles/food-delivery/jeje-chicken/8Ar13ARCRSK-mFDrBK7SRw,pacoima-california
https://www.ubereats.com/los-angeles/food-delivery/kfc-3530-w-victory-blvd/XqcGjGCkRTC1srVKBbQomg,pacoima-california
https://www.ubereats.com/los-angeles/food-delivery/starbucks-sherman-way-%26-sepulveda/f_KWWCQXQJqzK5QIZL3ijQ,pacoima-california
https://www.ubereats.com/los-angeles/food-delivery/urban-grill-los-angeles/eseYo90QQQe6gfM8WYGXGQ,pacoima-california
https://www.ubereats.com/los-angeles/food-delivery/kfc-12910-b-foothill-boulevard/hhcVo1LOQ2y8SwXxrHkwew,pacoima-california
https://www.ubereats.com/los-angeles/food-delivery/victory-cafe/GbB2_C3HT5mPbqcMJShYlA,pacoima-california
https://www.ubereats.com/los-angeles/food-delivery/mcdonalds-balboa-parthenia/2su_8Xs1R2G9nwtEG6fLVg,pacoima-california
https://www.ubereats.com/los-angeles/food-delivery/la-michoacana-ice-cream-parlor-arleta/YWhsf814T8SCYPEhxaxXuw,pacoima-california
https://www.ubereats.com/los-angeles/food-delivery/papa-juans-baja-grill/Tbk3NDB6Rg6DHLunbrI2gQ,pacoima-california
https://www.ubereats.com/los-angeles/food-delivery/love-sushi/5QKEGvrYRIWLeVYawvl0ZQ,pacoima-california
https://www.ubereats.com/los-angeles/food-delivery/yoshinoya-12850-sherman-way/KMbcAvQoSNSVR-EnojIAtg,pacoima-california
https://www.ubereats.com/los-angeles/food-delivery/tender-bender/4RFbUdI1RwyUOhMMYkekzQ,pacoima-california
https://www.ubereats.com/los-angeles/food-delivery/bua-siam/hfA3s2rHSySkj6ABWQKu_g,pacoima-california
https://www.ubereats.com/los-angeles/food-delivery/villaggio-deli-%26-restaurant/VbmfHYyyRMyWHg_ZGzZq3A,pacoima-california
https://www.ubereats.com/los-angeles/food-delivery/el-pollo-loco-12643-sherman-way5491/SW2-bxr8QAms4_AT30rZfA,pacoima-california
https://www.ubereats.com/los-angeles/food-delivery/aroma-thai/k4-37q69QayYCv8vJ4Rdgg,pacoima-california
https://www.ubereats.com/los-angeles/food-delivery/el-taco-llama/oJyalRSPQFSiU1rXSmPNmw,pacoima-california
https://www.ubereats.com/los-angeles/food-delivery/o-tofu-house/ZGvoIWgoSe-nrwIHOuptdw,pacoima-california
https://www.ubereats.com/los-angeles/food-delivery/yoshinoya-317-san-fernando-mission-bl/7A7SdED-RPyjIN94w1QHdQ,pacoima-california
https://www.ubereats.com/los-angeles/food-delivery/ayce-gogi-van-nuys/TnuNzcc4QFi-WRHxUW0kSQ,pacoima-california
https://www.ubereats.com/los-angeles/food-delivery/hongkong-banjum-by-paiks-noodle/QOHZ-TdTTxSz8zjW4HpDYw,pacoima-california
https://www.ubereats.com/los-angeles/food-delivery/chuck-e-cheese-8375-laurel-canyon-blvd/cmWmx8bXRsSL4bhia3OGIQ,pacoima-california
https://www.ubereats.com/los-angeles/food-delivery/o-sushi/v0WJuzKaSYCQ7voDckjm7w,pacoima-california
https://www.ubereats.com/los-angeles/food-delivery/burger-king-7956-lankershim-blvd/m7Bjr43JRAKYHo3OnFz0Ww,pacoima-california
https://www.ubereats.com/los-angeles/food-delivery/burger-king-15554-roscoe-boulevard/tgTJ2TVyTXqaouHJKW-NVw,pacoima-california
https://www.ubereats.com/los-angeles/food-delivery/wongs-wok/sCHFufT9Q6S0OEUjyWhbrg,pacoima-california
https://www.ubereats.com/los-angeles/food-delivery/fratellis-italian-kitchen/z6DP5DONRqKRB917M_ckLQ,pacoima-california
https://www.ubereats.com/los-angeles/food-delivery/mariscos-vallarta/OhUKTWPgRXqLtgOXtFx-lg,pacoima-california
https://www.ubereats.com/los-angeles/food-delivery/sylmars-fix/xUTdWguWQG-DfBIUVgwnwQ,pacoima-california
https://www.ubereats.com/los-angeles/food-delivery/millies-restaurant-%26-bakery-van-nuys/HzfBkQ8SRPu0ym8j5CLBBQ,pacoima-california
https://www.ubereats.com/los-angeles/food-delivery/viet-kitchen/v-8PO0Z9Tw6E9bEUhcoPIg,pacoima-california
https://www.ubereats.com/los-angeles/food-delivery/el-pollo-loco-6400-lankershim-blvd6080/HmFWsNfcQ7u4GtDbiRnxIQ,pacoima-california
https://www.ubereats.com/los-angeles/food-delivery/jack-in-the-box-13622-foothill-blvd/ou8PidWNT_mSNQ9LiK0bEA,pacoima-california
https://www.ubereats.com/los-angeles/food-delivery/hub-market/3ywTQUpSTg2DHHHfmEqfVw,pacoima-california
https://www.ubereats.com/los-angeles/food-delivery/big-jims-family-restaurant/-sMafv6hQgKhUHQprFDrYg,pacoima-california
https://www.ubereats.com/los-angeles/food-delivery/wienerschnitzel-18900-soledad-canyon-rd/1mmrcQYcTYCV8HHkF8b7cw,pacoima-california
https://www.ubereats.com/los-angeles/food-delivery/fresh-potato-factory/PxTGMqiHSO2R56tOOJo4_Q,pacoima-california
https://www.ubereats.com/los-angeles/food-delivery/que-ricos/mmCe_dd3QyejoYvw6GHw9w,pacoima-california
https://www.ubereats.com/los-angeles/food-delivery/rjm-brioche/9tDEzhmBQzCvhVsjzVOQJQ,pacoima-california
https://www.ubereats.com/los-angeles/food-delivery/asia-buffet/wskhB4PPRbiDx3UzF5fbAQ,pacoima-california
https://www.ubereats.com/los-angeles/food-delivery/subway-11220-laurel-canyon-blvd/obVR2lg9QGiOcMZYjxUUzA,pacoima-california
https://www.ubereats.com/los-angeles/food-delivery/kings-burgers/-pu3W1w6Riy4PVnPFjr8hQ,pacoima-california
https://www.ubereats.com/los-angeles/food-delivery/chop-shop-butcher-%26-grill/7Osn0pAGScSX7SSwGBK9FQ,pacoima-california
https://www.ubereats.com/los-angeles/food-delivery/chipotle-mexican-grill-10384-sepulveda-blvd-ste-2e/UPCgE0xSSym3yhmdQ84Nlg,pacoima-california
https://www.ubereats.com/los-angeles/food-delivery/tacos-vallarta/K_ja5PIjQ6a-1zutFg99ZA,pacoima-california
https://www.ubereats.com/los-angeles/food-delivery/wongs-kitchen/vteuCPJGQ-ucyWLd08V4sA,pacoima-california
https://www.ubereats.com/los-angeles/food-delivery/el-incomparable-peruvian-cuisine-grenada-hills/oodnlWXkSTGshdQ_uJVLlg,pacoima-california
https://www.ubereats.com/los-angeles/food-delivery/taqueria-emanuel/gVceFM1jTJ27RWAHXGJYLQ,pacoima-california
https://www.ubereats.com/los-angeles/food-delivery/el-pollo-loco-14429-roscoe-blvd5323/py0RYeoURS-70eQUDowIvA,pacoima-california
https://www.ubereats.com/los-angeles/food-delivery/kababe/NDrdrvYdRA-FL6NtBDloig,pacoima-california
https://www.ubereats.com/los-angeles/food-delivery/menchies-frozen-yogurt-26865-sierra-hwy/UfBn7ZIDTQ6XOUeTn0CW_g,pacoima-california
https://www.ubereats.com/los-angeles/food-delivery/house-of-skewers/BHFwhI4bRRu5-t2xnPyjgQ,pacoima-california
https://www.ubereats.com/los-angeles/food-delivery/magic-restaurant/kLEB-hvgSe6Es849eEw0Cg,pacoima-california
https://www.ubereats.com/los-angeles/food-delivery/the-buffalo-spot/S36dZdhTRQC047cH5t9fKQ,pacoima-california
https://www.ubereats.com/los-angeles/food-delivery/corner-kebab/-XYRFR4TQs6wcJR4-GOY1g,pacoima-california
https://www.ubereats.com/los-angeles/food-delivery/main-kitchen-cafe/2bW3GCXmTGudE1cWGOy7Vw,pacoima-california
https://www.ubereats.com/los-angeles/food-delivery/sansai-japanese-grill/RQbTXwPHQASin-rOFepRmQ,pacoima-california
https://www.ubereats.com/los-angeles/food-delivery/mothership-pizza/H6e_kc3lSWm9lJxr70VfGg,pacoima-california
https://www.ubereats.com/los-angeles/food-delivery/el-pollo-peru/ymssZCFfRvKZE-AJLswcqQ,pacoima-california
https://www.ubereats.com/los-angeles/food-delivery/uncle-tonys-pizzeria/VfV-7NObQHC8oxgi9He0KQ,pacoima-california
https://www.ubereats.com/los-angeles/food-delivery/carnitas-don-cuco/BmwPXW3sS_y-zhAYnXoixw,pacoima-california
https://www.ubereats.com/los-angeles/food-delivery/poke-home-victory-blvd/MU0nl4p2SpyS1ys45yTA5w,pacoima-california
https://www.ubereats.com/los-angeles/food-delivery/eatnakedla/1D7Qv7aPSFGlVrDwvEaYXQ,pacoima-california
https://www.ubereats.com/los-angeles/food-delivery/la-corona-bar-%26-grill/Byp_SHHmQ-uscHlfhC-otg,pacoima-california
https://www.ubereats.com/los-angeles/food-delivery/granny-pannies-pancakes/Z1B7VWS8SZCQG3zBfBmuZA,pacoima-california
https://www.ubereats.com/los-angeles/food-delivery/noho-shawarma-house/0RwbPnGpTNGloOj1A5UpLg,pacoima-california
https://www.ubereats.com/los-angeles/food-delivery/subway-10118-san-fernando-rd/2-JQ3ZJbRn6WeQt6eBfgCA,pacoima-california
https://www.ubereats.com/los-angeles/food-delivery/beans-and-limes/hHAjiHK6RQW5kB_3qKYwBA,pacoima-california
https://www.ubereats.com/los-angeles/food-delivery/me-gusta-gourmet-tamales/vpbYwdusQ-mI-GO0iTdgqg,pacoima-california
https://www.ubereats.com/los-angeles/food-delivery/jamba-juice-9012-balboa-blvd/FeLtwuogR9uDmKSL03Uaiw,pacoima-california
https://www.ubereats.com/los-angeles/food-delivery/mcdonalds-pacoima-van-nuys-%26-glenoaks/1vPOs0LLQfeRPjFfD5445A,pacoima-california
https://www.ubereats.com/los-angeles/food-delivery/carls-jr-8401-laurel-canyon-blvd/GiqYvaaqTa2cabKHi89VBw,pacoima-california
https://www.ubereats.com/los-angeles/food-delivery/carls-jr-7355/60jjCUNWRRObCn-b8YJq_A,pacoima-california
https://www.ubereats.com/los-angeles/food-delivery/sabrositas-pupusas-vanowen-st/f4bJLOgAQBq_mxHGc8cV3A,pacoima-california
https://www.ubereats.com/los-angeles/food-delivery/panda-express-van-nuys-17276-saticoy-st/Zyw6m6NaQ2a06Ovd8g6xVQ,pacoima-california
https://www.ubereats.com/los-angeles/food-delivery/burrito-bomba/OcK0-zxlQuOzWmVMVURZzg,pacoima-california
https://www.ubereats.com/los-angeles/food-delivery/woah!-breakfast-quesarito!/Cdug0hMgR6Gre5R1tox2zQ,pacoima-california
https://www.ubereats.com/los-angeles/food-delivery/pizza-italia-north-hollywood/6-SxASHJSQydvNMFIb9_2w,pacoima-california
https://www.ubereats.com/los-angeles/food-delivery/odyssey/ukVbLUaZSEOUkjDy9ZKLBw,pacoima-california
https://www.ubereats.com/los-angeles/food-delivery/bodhi-leaf-coffee-traders-sierra-hwy/rR4OICaLS3G7LGOsqlRTmQ,pacoima-california
https://www.ubereats.com/los-angeles/food-delivery/five-guys-ca-4001-8400-balboa/7ywsy_vxT0uZ-eFoQ2_j7A,pacoima-california
https://www.ubereats.com/los-angeles/food-delivery/jack-in-the-box-314-san-fernando-mission-blvd/SOcThorxR8q93VJlxCo8iw,pacoima-california
https://www.ubereats.com/los-angeles/food-delivery/ihop-8555-vesper-ave/Pzy01l_pRtaYa3pwJluQBg,pacoima-california
https://www.ubereats.com/los-angeles/food-delivery/del-taco-15353-chatsworth-st/tfbWQDMYSOyQLKAja7O5Bw,pacoima-california
https://www.ubereats.com/los-angeles/food-delivery/wienerschnitzel-9000-woodman-ave/A30ipkSBTcGPHU1pwm4O8A,pacoima-california
https://www.ubereats.com/los-angeles/food-delivery/el-7-mares-san-fernando/fqzLB56UTjejJFVoYzzhDw,pacoima-california
https://www.ubereats.com/los-angeles/food-delivery/daniels-tacos-8905-glenoaks-blvd/CB0okJJ2RIGvlJ6k_1leYw,pacoima-california
https://www.ubereats.com/los-angeles/food-delivery/the-knoll-bar-%26-grill/krNakRV6SAKBM8mLvBFMrg,pacoima-california
https://www.ubereats.com/los-angeles/food-delivery/tacosway-san-fernando/D3voO3ufTA60RdFpc-Tazg,pacoima-california
https://www.ubereats.com/los-angeles/food-delivery/la-michoacana-vip/Zk5qHU6jR56WjbJOaExZgg,pacoima-california
https://www.ubereats.com/los-angeles/food-delivery/outback-steakhouse-18711devonshire-st/PfDGkCIjSdGm1Aap0DX9OA,pacoima-california
https://www.ubereats.com/los-angeles/food-delivery/loaded-legz/sev1W1awSqmnHmNEalYBbw,pacoima-california
https://www.ubereats.com/los-angeles/food-delivery/pi-on-sunset/4-k8XUfxT3ib3mARkeB83w,pacoima-california
https://www.ubereats.com/los-angeles/food-delivery/yogurtland-14502-nordhoff-st/D-uvvzJmSeCffqoc_nBXUA,pacoima-california
https://www.ubereats.com/los-angeles/food-delivery/popeyes-16159-parthenia-st/Rf4wi9UaTMSkTSLFsro_bw,pacoima-california
https://www.ubereats.com/los-angeles/food-delivery/popeyes-13746-van-nuys-blvd/GFOdkvHBS82vVCFjr8jZKg,pacoima-california
https://www.ubereats.com/los-angeles/food-delivery/totos-seafood-grill/AOQlvQTVQLKVpN56BK_fFQ,pacoima-california
https://www.ubereats.com/los-angeles/food-delivery/cha-cha-8/dZyjLPwuRyqGSE8rOsglWg,pacoima-california
https://www.ubereats.com/los-angeles/food-delivery/carls-jr-7389/B60DOl6lSAiLvGguKXVbTA,pacoima-california
https://www.ubereats.com/los-angeles/food-delivery/9siam/6gv_RENDQaG6223HNR8dyg,pacoima-california
https://www.ubereats.com/los-angeles/food-delivery/burger-king-12853-victory-boulevard/RhxtckpIRXKwNu6aiJgOxQ,pacoima-california
https://www.ubereats.com/los-angeles/food-delivery/boston-market-14480-sherman-way/QIcKC4nRSmu8AsQpSzbiBw,pacoima-california
https://www.ubereats.com/los-angeles/food-delivery/winchells-donut-house-14530-brand-blvd/u1SXFGPLTj2TByZaxoeI9g,pacoima-california
https://www.ubereats.com/los-angeles/food-delivery/mcdonalds-panorama-cty-van/eJhVhtJpTPmCetWkEPkj_w,pacoima-california
https://www.ubereats.com/los-angeles/food-delivery/pa-ord-zapp-ver/Is1HvSSRSdKipErBz3FdSw,pacoima-california
https://www.ubereats.com/los-angeles/food-delivery/del-taco-13701-roscoe-blvd/HU_4Rv4OQnOsLYusvZe75Q,pacoima-california
https://www.ubereats.com/los-angeles/food-delivery/antojitos-nena/WcvzBjh4TC-YmuL8t9-hlg,pacoima-california
https://www.ubereats.com/los-angeles/food-delivery/r-coffee-house-inc/ZjAIFvy8Tk-wF-pQUdBaSA,pacoima-california
https://www.ubereats.com/los-angeles/food-delivery/el-pollo-loco-8351-sunland-blvd6005/nC8jLo2bQ9KOsYg-surUdw,pacoima-california
https://www.ubereats.com/los-angeles/food-delivery/ryans-bistro-and-boba-house/wc9rwnL9TlCZS7DD_J-boQ,pacoima-california
https://www.ubereats.com/los-angeles/food-delivery/starbucks-sepulveda-%26-nordhoff/E6sYVH8BTdquAkAAmRZnuA,pacoima-california
https://www.ubereats.com/los-angeles/food-delivery/noho-ramen/HnB76Cd5T1COpFq9t708Nw,pacoima-california
https://www.ubereats.com/los-angeles/food-delivery/starbucks-truman-%26-maclay/sEDEDG38Th61-KVXSXcHog,pacoima-california
https://www.ubereats.com/los-angeles/food-delivery/mcdonalds-12860-encinitas-ave/n0SKRMifSZ6VTCwQI_2WCQ,pacoima-california
https://www.ubereats.com/los-angeles/food-delivery/totos-african-cuisine-nigerian/YeX_W3BwS8a63M5ue49pOw,pacoima-california
https://www.ubereats.com/los-angeles/food-delivery/2-for-1-pizza-co/OS-LH6BeQvSsMAiQX258Mw,pacoima-california
https://www.ubereats.com/los-angeles/food-delivery/panda-express-granada-hills-18080-chatsworth-st/dyL6KacCRDaJxK6OgI9Ukg,pacoima-california
https://www.ubereats.com/los-angeles/food-delivery/chick-me-out-grill/IkhW9YQPRE2Txbws3xmO6g,pacoima-california
https://www.ubereats.com/los-angeles/food-delivery/latino-grill/bDeaFkDZSt27NDL9bysiew,pacoima-california
https://www.ubereats.com/los-angeles/food-delivery/starbucks-balboa-%26-knollwood/890GmsfhTHWx7JAdrcffgg,pacoima-california
https://www.ubereats.com/los-angeles/food-delivery/presto-pasta-granadahills/6sz7jILRSpWhlM5uIYX_SA,pacoima-california
https://www.ubereats.com/los-angeles/food-delivery/panda-express-15303-roscoe-blvd/ioGyJldgSYeusNRaH72o-A,pacoima-california
https://www.ubereats.com/los-angeles/food-delivery/el-indio-mexicano-restaurant/Wuc2OwakTx-SUaGJLagbAw,pacoima-california
https://www.ubereats.com/los-angeles/food-delivery/gen-korean-bbq-house-northridge/3S_8nc5hSKem4atnWYBoeg,pacoima-california
https://www.ubereats.com/los-angeles/food-delivery/jack-in-the-box-6551-lankershim-blvd/R68_HOcCSH-moFSiwA-OXA,pacoima-california
https://www.ubereats.com/los-angeles/food-delivery/original-tommys-hamburgers-north-hills/7QzTdZrpQEaS2Sd5pid1ow,pacoima-california
https://www.ubereats.com/los-angeles/food-delivery/village-tandoor/zemIp_X3S7uugHH-RSt_Jg,pacoima-california
https://www.ubereats.com/los-angeles/food-delivery/teriyaki-madness-13762-foothill-blvd/CxmJmtuQQd-72GBbrJTN5g,pacoima-california
https://www.ubereats.com/los-angeles/food-delivery/wendys-14645-roscoe-blvd/66rM5Lw6RmSlyvuxO-5mgw,pacoima-california
https://www.ubereats.com/los-angeles/food-delivery/enjoy-bowl-north-hills/bKujl-1nRiKC5bnCg8s01g,pacoima-california
https://www.ubereats.com/los-angeles/food-delivery/dennys-15540-roscoe-blvd/FI2ofSIFSKuSxdUho6qS3g,pacoima-california
https://www.ubereats.com/los-angeles/food-delivery/las-casitas-grill/yJ06bD-USmu2IHC2pTt_Vw,pacoima-california
https://www.ubereats.com/los-angeles/food-delivery/bad-ass-breakfast-burritos-northridge/ab2dmlruRbmQjFLgFOC9_g,pacoima-california
