url,city
https://www.ubereats.com/cleveland/food-delivery/thai-999-express/ZPHbdIASQJWNxZhGvyWrXA,painesville-ohio
https://www.ubereats.com/cleveland/food-delivery/yours-truly-restaurant-mentor/e4eNbhkQQ0uO28AHj6oN9w,painesville-ohio
https://www.ubereats.com/cleveland/food-delivery/hooley-house-sports-pub-%26-grille-reynolds/sqYVBmyoQHKYcbcZzSTqTA,painesville-ohio
https://www.ubereats.com/cleveland/food-delivery/bob-evans-584-295-meadowlands-drive/MwymY2ZET5OGweMIe9O8kw,painesville-ohio
https://www.ubereats.com/cleveland/food-delivery/papa-johns-pizza-65-w-walnut-ave/QSbjCxB7TEmskoorGaf2Bw,painesville-ohio
https://www.ubereats.com/cleveland/food-delivery/outback-steakhouse-7785-plaza-bkvd/EYS9QHpBSQmk2jWfnVrRFg,painesville-ohio
https://www.ubereats.com/cleveland/food-delivery/tjs-on-the-avenue/HBm0cY6HSBOlkmOGtBT29Q,painesville-ohio
https://www.ubereats.com/cleveland/food-delivery/notorious-pig/B09KUJhnTO6UwmExrH4t3g,painesville-ohio
https://www.ubereats.com/cleveland/food-delivery/fuji-buffet-%26-grill/selEsvQOSGKllCpC01X8pA,painesville-ohio
https://www.ubereats.com/cleveland/food-delivery/the-kitchen/Q9a9NdVBTguQViwmNllISQ,painesville-ohio
https://www.ubereats.com/cleveland/food-delivery/billys-a-cappelli-martini-bar/dvkdTSBGQ-Od69n_X7Prgg,painesville-ohio
https://www.ubereats.com/cleveland/food-delivery/kuhars-carryout/B2B11ZXSTG2Ju1aRC114sw,painesville-ohio
https://www.ubereats.com/cleveland/food-delivery/mr-hero/yyVyu4laSyaIxwPS-GGQEA,painesville-ohio
https://www.ubereats.com/cleveland/food-delivery/sweet-peppers-bar-%26-grill/ZI9oD70IQ2KpMohnDJvT6A,painesville-ohio
https://www.ubereats.com/cleveland/food-delivery/el-taco-macho/oQd509cORb-2NqET1nmukA,painesville-ohio
https://www.ubereats.com/cleveland/food-delivery/the-burger-experience-7725-reynolds-road/WMELiZIBQpKHlrxzeFbsvw,painesville-ohio
https://www.ubereats.com/cleveland/food-delivery/arbys-7719-lakeshore-blvd/uTWLFeD6TiCha7agVm4YYg,painesville-ohio
https://www.ubereats.com/cleveland/food-delivery/kfc-7843-munson-road/FlWNw9TSS3iNGIVnN7DvZQ,painesville-ohio
https://www.ubereats.com/cleveland/food-delivery/smokey-bones-mentor/qWoGsHGVTP-ksqR4eXEJkQ,painesville-ohio
https://www.ubereats.com/cleveland/food-delivery/ruby-tuesday-9515-diamond-centre-drive/VBhQGCL6SLWvGB7zt2bEkw,painesville-ohio
https://www.ubereats.com/cleveland/food-delivery/boston-market-9361-mentor-avenue/_p6c6loVTM6rxKzyx3BK8Q,painesville-ohio
https://www.ubereats.com/cleveland/food-delivery/subway-1464-mentor-ave/XbpXHJqqTfegjwa6iqGGKQ,painesville-ohio
https://www.ubereats.com/cleveland/food-delivery/imperial-dragon/LmAGQtMGRcqybMwH17oSvA,painesville-ohio
https://www.ubereats.com/cleveland/food-delivery/red-lobster-7744-reynolds-rd/PhtOTw7PTvuxf2F5ycewwQ,painesville-ohio
https://www.ubereats.com/cleveland/food-delivery/wendys-1550-mentor-ave/SOOBQ3Q-SOGdHhxAfxbXHg,painesville-ohio
https://www.ubereats.com/cleveland/food-delivery/bjs-restaurant-%26-brewhouse-7880-mentor-ave/uJbiZHpTTN6RSbrIBpJUYg,painesville-ohio
https://www.ubereats.com/cleveland/food-delivery/buffalo-wild-wings-9566-diamond-centre-dr/-CKTeKv7RSyTtrw6zB7L1A,painesville-ohio
https://www.ubereats.com/cleveland/food-delivery/primozz-restaurant-and-pizzeria/tDktrbkjSreGdu32IQo8XA,painesville-ohio
https://www.ubereats.com/cleveland/food-delivery/five-guys-oh-1722-9180-mentor-ave/KyxC8C6DSxGO5J4IAMYPvw,painesville-ohio
https://www.ubereats.com/cleveland/food-delivery/andersons-sports-hub/Pa74ZpXrQKiMB0DVDYz1ZA,painesville-ohio
https://www.ubereats.com/cleveland/food-delivery/taco-bell-502-water-st/4zQvPnLATNC-zIc66cuWhg,painesville-ohio
https://www.ubereats.com/cleveland/food-delivery/mcdonalds-95-richmond-st/kUsHR5UOQ2y0WhNUUeeUSg,painesville-ohio
https://www.ubereats.com/cleveland/food-delivery/burg-n-go/vuWeOo2TSn2EYdluvehyRw,painesville-ohio
https://www.ubereats.com/cleveland/food-delivery/corduroys/WPGGYQkxSU2YJSLWLIju3Q,painesville-ohio
https://www.ubereats.com/cleveland/food-delivery/taco-bell-9500-diamond-centre-dr/ay2QuJPyTCuuWmEVYq38ng,painesville-ohio
https://www.ubereats.com/cleveland/food-delivery/charleys-philly-steaks-7850-mentor-ave/as3hk4iURXqdZwCCY_FnxA,painesville-ohio
https://www.ubereats.com/cleveland/food-delivery/indian-kitchen/VOJorbTdTamTcC0YHjEBJg,painesville-ohio
https://www.ubereats.com/cleveland/food-delivery/mcdonalds-1582-mentor-ave/u4za1SktRbCNmRYeLAfvjQ,painesville-ohio
https://www.ubereats.com/cleveland/food-delivery/mama-robertos/T5bPv786RoS0dXB9ZPY96Q,painesville-ohio
https://www.ubereats.com/cleveland/food-delivery/burger-king-175-e-erie-street/KBRPffIVTH64Y9fLsbJFWg,painesville-ohio
https://www.ubereats.com/cleveland/food-delivery/chipotle-mexican-grill-7689-crile-rd/vbI0UCieR-mZRGsl3f-ObQ,painesville-ohio
https://www.ubereats.com/cleveland/food-delivery/ginger-sushi-buritto-%26-hibachi/S39P_BkwSMOBxFKijdjbwQ,painesville-ohio
https://www.ubereats.com/cleveland/food-delivery/arbys-2219-mentor-avenue/p5nhmOCiQhapPrYBNilEQg,painesville-ohio
https://www.ubereats.com/cleveland/food-delivery/subway-1248-high-st/IDQuori0Q-SufQ49ROYz6w,painesville-ohio
https://www.ubereats.com/cleveland/food-delivery/dickeys-barbecue-restaurants-inc-9434-mentor-avenue/ZlZ5J9H_SU62GXSzKQeyzw,painesville-ohio
https://www.ubereats.com/cleveland/food-delivery/guilio-bonazza-pizzeria/EnKbZLaDT82-452O4nsceQ,painesville-ohio
https://www.ubereats.com/cleveland/food-delivery/steak-n-shake-9530-diamond-center-drive/TKWJI5toSompv-bf_IErzw,painesville-ohio
https://www.ubereats.com/cleveland/food-delivery/tgi-fridays-1546-cleveland-mentor-oh/HS7NUfHbSb2NVyP9bCAS_Q,painesville-ohio
https://www.ubereats.com/cleveland/food-delivery/zoup!-eatery-7327-mentor-ave/R8mXFzDpRVOaY6ltyxc4Lg,painesville-ohio
https://www.ubereats.com/cleveland/food-delivery/taco-bell-7753-mentor-avenue/d7wzXvd6SrG1-Rdy-MT88g,painesville-ohio
https://www.ubereats.com/cleveland/food-delivery/verdis-italian-market/m1BwhYCwT7S6-0kQsKsp9g,painesville-ohio
https://www.ubereats.com/cleveland/food-delivery/angies-new-york-style-pizzeria/MpLs79RsR2SnPJSI_Bzgwg,painesville-ohio
https://www.ubereats.com/cleveland/food-delivery/stadium-grill/ywoXf-GQT06ut27gsbavVA,painesville-ohio
https://www.ubereats.com/cleveland/food-delivery/harry-buffalo-painesville/s8DMljNgSZOFYyTEvmNM2g,painesville-ohio
https://www.ubereats.com/cleveland/food-delivery/quaker-steak-%26-lube-7834-reynolds-road/1MmH7FawSHWL-ELrUG88Dw,painesville-ohio
https://www.ubereats.com/cleveland/food-delivery/don-tequila-mentor/t3cUPoT5SoSFtfdpn2YuYg,painesville-ohio
https://www.ubereats.com/cleveland/food-delivery/dunkin-255-richmond-st/8QZRs3jUR4WbRvKfBNGh5w,painesville-ohio
https://www.ubereats.com/cleveland/food-delivery/marcos-pizza-1444-mentor-ave/XzFze6DOTwanGpvfbhxwGQ,painesville-ohio
https://www.ubereats.com/cleveland/food-delivery/mcdonalds-7575-auburn-rd/tYWJAJjkRge4pSiuXvhxaQ,painesville-ohio
https://www.ubereats.com/cleveland/food-delivery/burger-king-5725-heisley-road/EUT3EhMeT1aXxPOAxpO3Yw,painesville-ohio
https://www.ubereats.com/cleveland/food-delivery/jalapeno-loco/7BNxDuM6RTuQkBl6-gPIuw,painesville-ohio
https://www.ubereats.com/cleveland/food-delivery/mean-mugs-pub/xCPLobsBRKKescaARFBRkw,painesville-ohio
https://www.ubereats.com/cleveland/food-delivery/bada-bing-pizza/9c-NXHS0RpG7xXta1FJDbA,painesville-ohio
https://www.ubereats.com/cleveland/food-delivery/dairy-queen-treat-7695-lake-shore-blvd/mudgId7FRZC1ETCy-MuJGw,painesville-ohio
https://www.ubereats.com/cleveland/food-delivery/the-kitchen/yH8AIGcKSTq86OcFgdLD5w,painesville-ohio
https://www.ubereats.com/cleveland/food-delivery/arbys-3-w-erie-st/ov6mWVxwRTWu0A7piZHO6g,painesville-ohio
https://www.ubereats.com/cleveland/food-delivery/molinaris/-rqfQDZMQLm55th8y3YZzg,painesville-ohio
https://www.ubereats.com/cleveland/food-delivery/mr-hero/etxWkIHXQPW7Nslf29g-vA,painesville-ohio
https://www.ubereats.com/cleveland/food-delivery/happy-moose/VtaVW6XtS5asBEsePnsdZQ,painesville-ohio
https://www.ubereats.com/cleveland/food-delivery/mrhero/Y6URFsZpQeSt9xIb1ZUcMA,painesville-ohio
https://www.ubereats.com/cleveland/food-delivery/players-club/njtf6E5lQtyrGgnAOIN4Rw,painesville-ohio
https://www.ubereats.com/cleveland/food-delivery/manhattan-deli/G7GDVZa7RBq3BQH-fgG_Ww,painesville-ohio
https://www.ubereats.com/cleveland/food-delivery/green-lake/8BJ7sw2gTRyt4bJ6E53npg,painesville-ohio
https://www.ubereats.com/cleveland/food-delivery/papa-johns-pizza-6289-reynolds-road/jKU_6v_4QHWGvdf8eETr7g,painesville-ohio
https://www.ubereats.com/cleveland/food-delivery/wendys-5985-andrews-rd/DrKocbMdQRKWXV49f_vVCQ,painesville-ohio
https://www.ubereats.com/cleveland/food-delivery/mcdonalds-heisley-%26-diamond-center/gtWM-euSSN282PQ99B53fQ,painesville-ohio
https://www.ubereats.com/cleveland/food-delivery/mr-hero-richmond-st/SzUfuW0XQr-IOQZrgxb3Rw,painesville-ohio
https://www.ubereats.com/cleveland/food-delivery/daves-cosmic-subs-mentor/po-Kq1fdTW-4MSahIW-LGg,painesville-ohio
https://www.ubereats.com/cleveland/food-delivery/subway-1851-n-ridge-rd/bgMkIeWwQKeBAeOinJhPNw,painesville-ohio
https://www.ubereats.com/cleveland/food-delivery/dairy-queen-treat-108-wilson-mills-rd/QsjQl2aVTzO687icaOTfEQ,painesville-ohio
https://www.ubereats.com/cleveland/food-delivery/dennys-7700-mentor-avenue/w4Im5ehxTIKw0IRf3AKEzg,painesville-ohio
https://www.ubereats.com/cleveland/food-delivery/wendys-6866-center-street/oUPwd6KASteEBmyH_ncH6A,painesville-ohio
https://www.ubereats.com/cleveland/food-delivery/firehouse-subs-mentor-ave-%23803/OkGjMIXOTNain2fjisYcsA,painesville-ohio
https://www.ubereats.com/cleveland/food-delivery/melt-bar-%26-grilled-mentor-ave/gLTWkJfcTPm_y3sD8di7yA,painesville-ohio
https://www.ubereats.com/cleveland/food-delivery/perkins-700-mentor-avenue/tp1_6MEGTq6xScRwiSu0NA,painesville-ohio
https://www.ubereats.com/cleveland/food-delivery/hibachi-steakhouse-mentor-ave/VCpxcuTbSva7DYENQwYYYg,painesville-ohio
https://www.ubereats.com/cleveland/food-delivery/starbucks-mentor-mentor-ave-%26-chillicothe-rd/XIGNgTyWRbm1mHkfNyNH0Q,painesville-ohio
https://www.ubereats.com/cleveland/food-delivery/sidewalk-cafe-painesville/V-55RJ7CQySu2TgqvjCk3Q,painesville-ohio
https://www.ubereats.com/cleveland/food-delivery/dairy-queen-grill-%26-chill-8787-mentor-ave/SMJPoCRmSJelkHYk9sr74Q,painesville-ohio
https://www.ubereats.com/cleveland/food-delivery/jersey-mikes-209-center-street/dcHEgZmkTnmJ6mRyHEEJsQ,painesville-ohio
https://www.ubereats.com/cleveland/food-delivery/casa-agave-mexican-cuisine/1Cf38hKwQGmIY6BBzhIhrA,painesville-ohio
https://www.ubereats.com/cleveland/food-delivery/chipotle-mexican-grill-7851-reynolds-rd/sbexkAO8QISVpDS6L5NWqA,painesville-ohio
https://www.ubereats.com/cleveland/food-delivery/dairy-queen-grill-%26-chill-2736-north-ridge-rd/agctxDmHQDe_wCdUkHjj_Q,painesville-ohio
https://www.ubereats.com/cleveland/food-delivery/mcdonalds-mentor-%26-jackson/sZVq8vtJQiW9-38YBgxWfg,painesville-ohio
https://www.ubereats.com/cleveland/food-delivery/sofull-bowl/U7PJom9tTXCW3RiwHWSkRw,painesville-ohio
https://www.ubereats.com/cleveland/food-delivery/mr-hero-mentor-%26-dartmoor/gHAsFVbGR62FIvXd1JePWg,painesville-ohio
https://www.ubereats.com/cleveland/food-delivery/pizza-rx/Ybv7smOtRkSusSiDmEAeQw,painesville-ohio
https://www.ubereats.com/cleveland/food-delivery/bob-evans-357-9235-mentor-avenue/RKe-YBHPQuOH9FWgYlBZuw,painesville-ohio
https://www.ubereats.com/cleveland/food-delivery/js-pizza-market/6Q3DVpa6Q1mVpP1YjhgwzA,painesville-ohio
https://www.ubereats.com/cleveland/food-delivery/kfc-200-richmond-street/f8znzcdPTdeStIfBuUr5sg,painesville-ohio
https://www.ubereats.com/cleveland/food-delivery/taco-bell-8351-tyler-blvd/QYR3Hdw8SY6w0qJPOqmoww,painesville-ohio
https://www.ubereats.com/cleveland/food-delivery/auntie-annes-at-great-lakes-mall-7850-mentor-ave-spc-k-105/lpYlZ8C1QRyw4xcnEq1eyA,painesville-ohio
https://www.ubereats.com/cleveland/food-delivery/mcdonalds-andrews-%26-munson/hKj6lMa1QuaWB4q5k4jabA,painesville-ohio
https://www.ubereats.com/cleveland/food-delivery/chipotle-mexican-grill-7-w-jackson-st/feu10zIKSjei_N8RdqrBOA,painesville-ohio
https://www.ubereats.com/cleveland/food-delivery/moes-southwest-grill-9710-mentor-avenue/2UMlrTEPTuSDXp46hI5hPA,painesville-ohio
https://www.ubereats.com/cleveland/food-delivery/taco-bell-9486-mentor-avenue/cpMRtM6WTESuuMgPzU6PkQ,painesville-ohio
https://www.ubereats.com/cleveland/food-delivery/dairy-queen-treat-2008-mentor-ave/0PkAriS8SYq0jH-SDa6gqQ,painesville-ohio
https://www.ubereats.com/cleveland/food-delivery/sunny-street-cafe/fGemVLLdQB2BG_BjZqFGIA,painesville-ohio
https://www.ubereats.com/cleveland/food-delivery/skye-bistro/3NONrkc1R5CcQeoglLRTYQ,painesville-ohio
https://www.ubereats.com/cleveland/food-delivery/subway-72-south-park-pl/aaNCad1GS7Kn8Kx2yPyyEg,painesville-ohio
https://www.ubereats.com/cleveland/food-delivery/beerhead-bar-and-eatery-concord/DdPScqbjQMWlplCyIuJSHg,painesville-ohio
https://www.ubereats.com/cleveland/food-delivery/mr-hero/WMskHZ83RGy5rHE5vXS6sA,painesville-ohio
https://www.ubereats.com/cleveland/food-delivery/panda-express-9184-mentor-ave/U5Y2TS5SSg22fL7ntVVJsA,painesville-ohio
https://www.ubereats.com/cleveland/food-delivery/chipotle-mexican-grill-9188-mentor-ave/VSLQAUoORi6WcnTIxjFvaQ,painesville-ohio
https://www.ubereats.com/cleveland/food-delivery/subway-9853-johnnycake-ridge-rd/YZmijpj0RkaoQRJJbzrjpQ,painesville-ohio
https://www.ubereats.com/cleveland/food-delivery/moes-southwest-grill-7585-7601-mentor-avenue/Dy4fgyQvRiqFlkuUESDX8A,painesville-ohio
https://www.ubereats.com/cleveland/food-delivery/san-francisco-stir-fry/Mg1qyp_qTPOK6QMQUdQLjg,painesville-ohio
https://www.ubereats.com/cleveland/food-delivery/ichiraku-japanese-noodle-shop-ramen-%26-bubble-tea/qGyz0EGdRlKBPNqO49Pz4g,painesville-ohio
https://www.ubereats.com/cleveland/food-delivery/taco-bell-100-richmond-st/r2BEwg8gQ7ys0F6qrMKyZg,painesville-ohio
