url,city
https://www.ubereats.com/chicago/food-delivery/osaka-sushi-mundelein/Kyh8NeuKTdqD-KkmyqTV9Q,palatine-illinois
https://www.ubereats.com/chicago/food-delivery/pizza-ready/0V3HbpNWSNy7kTc1vCVahA,palatine-illinois
https://www.ubereats.com/chicago/food-delivery/station-34-pizza-pub/rcwh5XU9SyOCZiDyecmMuQ,palatine-illinois
https://www.ubereats.com/chicago/food-delivery/dunkin-3350-kirchoff-rd/_i05uPbaQvmRdKQIIaJAEA,palatine-illinois
https://www.ubereats.com/chicago/food-delivery/red-robin-474-2742-sutton-rd/P85d7EhPTGu-Nk1UUgH3Rw,palatine-illinois
https://www.ubereats.com/chicago/food-delivery/decarluccis-pizza/bjijMecKRte_OQ-4Xc5tzg,palatine-illinois
https://www.ubereats.com/chicago/food-delivery/mumbai-tandoor/_EmoI6h5SjusdJWDuRdU9w,palatine-illinois
https://www.ubereats.com/chicago/food-delivery/starbucks-vernon-hills-rte-45-%26-21/0wsVEK9JS4mr_y_-dK9Wyg,palatine-illinois
https://www.ubereats.com/chicago/food-delivery/fox-%26-hound-1416-n-roselle-rd/x2v0034ST-Cx4Z-6p2a33A,palatine-illinois
https://www.ubereats.com/chicago/food-delivery/noodles-%26-company-20530-n-rand-rd-unit-201/auCaBlG5S4mEYUmBGA8H1g,palatine-illinois
https://www.ubereats.com/chicago/food-delivery/bulldog-ale-house-roselle/Ms5a-pxxSk6gWNGglSe8rg,palatine-illinois
https://www.ubereats.com/chicago/food-delivery/el-mero-mero/IPkyCob8R1e0uo1dvQrNMg,palatine-illinois
https://www.ubereats.com/chicago/food-delivery/h2-pizza-and-more/5jhkPsGsTbWhYa1YytZ_ew,palatine-illinois
https://www.ubereats.com/chicago/food-delivery/potbelly-sandwich-shop-wheeling-%7C-143/x37vw5M3Tpyg6ryFUzJauw,palatine-illinois
https://www.ubereats.com/chicago/food-delivery/dunkin-245-mchenry-rd/sV8iZ5nWQwGHwSpq5IUutQ,palatine-illinois
https://www.ubereats.com/chicago/food-delivery/papa-johns-mt-prospect/RVFV34E-RwyVKh2YrrM9Rw,palatine-illinois
https://www.ubereats.com/chicago/food-delivery/benkei/0ujZZNCTSLaTpy2RIS6Pgw,palatine-illinois
https://www.ubereats.com/chicago/food-delivery/taco-bell-945-elmhurst-rd/c8Gf-XT0Qk-KwvYGNUBOaA,palatine-illinois
https://www.ubereats.com/chicago/food-delivery/buona-rolling-meadows/ZG66D640Siqjt1ZtQUnDNQ,palatine-illinois
https://www.ubereats.com/chicago/food-delivery/the-patty-melt-co/J75vLgy1RD61fON3CKk8ag,palatine-illinois
https://www.ubereats.com/chicago/food-delivery/subway-201-south-rand-rd/vKLEtutNQhObjQWuc3RLHA,palatine-illinois
https://www.ubereats.com/chicago/food-delivery/super-china-buffet/nMlLg5O_Tz2LEUai6OS-Bw,palatine-illinois
https://www.ubereats.com/chicago/food-delivery/mcdonalds-northwest-%26-hough/kYYSUe59RUa2IDC-kuNbjQ,palatine-illinois
https://www.ubereats.com/chicago/food-delivery/dunkin-donuts-n-arlington-heights/6EPJ_3XTQ0es_jTPGkZYFw,palatine-illinois
https://www.ubereats.com/chicago/food-delivery/starbucks-arlington-hts-rd-%26-palatine/8hSEk_g4TeyRXs_eIiCbOA,palatine-illinois
https://www.ubereats.com/chicago/food-delivery/zocalo-bar-%26-grill-co/e4BCoYRIQtaDwBgvE4587A,palatine-illinois
https://www.ubereats.com/chicago/food-delivery/wajo-sushi/fqpEJpE3SIqwnTYDPzyj2Q,palatine-illinois
https://www.ubereats.com/chicago/food-delivery/ali-baba-kabab/Hqc8T6yrSnaD19hBVj3EJQ,palatine-illinois
https://www.ubereats.com/chicago/food-delivery/uptown-burgers/e6WHIpE3QW-LDEHwvF8Z4A,palatine-illinois
https://www.ubereats.com/chicago/food-delivery/pita-pita-mediterranean-grill-1219-golf-rd/g6qowHJpSIStAaaT00aWlw,palatine-illinois
https://www.ubereats.com/chicago/food-delivery/bo-bos-gyros-and-hot-dogs/A-w_tMW0Qdm4DrrRsVyreA,palatine-illinois
https://www.ubereats.com/chicago/food-delivery/weber-grill-restaurant-schaumburg/J1a3SyXDTBGGDj9NuSjmyQ,palatine-illinois
https://www.ubereats.com/chicago/food-delivery/chipotle-mexican-grill-102-e-kensington-rd/tPoRnuuhS_KfBMuCLAgAiA,palatine-illinois
https://www.ubereats.com/chicago/food-delivery/mcdonalds-dundee-%26-old-arlington-heights/n6KdLLX3TFG2uAyblM77RA,palatine-illinois
https://www.ubereats.com/chicago/food-delivery/buffalo-wild-wings-301-east-euclid/6my-I-iXTnOU5wP9KVMGHw,palatine-illinois
https://www.ubereats.com/chicago/food-delivery/qdoba-dundee-%26-kennicott/m6WcD6zDRZuMEHCaI7XqgA,palatine-illinois
https://www.ubereats.com/chicago/food-delivery/buca-di-beppo-wheeling/F5My0eydTSKel0h6pM5NBg,palatine-illinois
https://www.ubereats.com/chicago/food-delivery/nachos-pizza/kgfUaG6VSx6ctfd-rlRi5A,palatine-illinois
https://www.ubereats.com/chicago/food-delivery/dunkin-1204-s-milwaukee-ave/YAmA6qpHQkuSHxraDIZamQ,palatine-illinois
https://www.ubereats.com/chicago/food-delivery/el-famous-burrito-mt-prospect-il/cQUryfc4QqGCgiP5mGYhqQ,palatine-illinois
https://www.ubereats.com/chicago/food-delivery/city-works-wheeling/USzxZpqlSmO96JPkkWIHmw,palatine-illinois
https://www.ubereats.com/chicago/food-delivery/wiener-take-all/h2AAdpTCS5q7dGEaIP0LGw,palatine-illinois
https://www.ubereats.com/chicago/food-delivery/wok-n-fire-south-barrington/r4IBV9hpQga8EI3vTfJtnA,palatine-illinois
https://www.ubereats.com/chicago/food-delivery/ram-restaurant-%26-brewery-wheeling/aSEC9P2WSROZnP5airqM5w,palatine-illinois
https://www.ubereats.com/chicago/food-delivery/chipotle-mexican-grill-375-n-milwaukee-ave-ste-100/ZHRoy83vT5Sr4_lGmeY2RA,palatine-illinois
https://www.ubereats.com/chicago/food-delivery/picante-mexican-bar-%26-grill/qBv0K00WS5CmBKY0XofRwQ,palatine-illinois
https://www.ubereats.com/chicago/food-delivery/entre-bar-and-grill/Py3L9X22SvWATeplRR7slw,palatine-illinois
https://www.ubereats.com/chicago/food-delivery/dunkin-231-w-northwest-hwy/d6qeJg_PRW6uaXld00ydeQ,palatine-illinois
https://www.ubereats.com/chicago/food-delivery/menchies-frozen-yogurt-1027-n-elmhurst-rd/WZgE23QeRCKaSxpEDR1C3w,palatine-illinois
https://www.ubereats.com/chicago/food-delivery/subway-824-w-golf-rd/9RkcN0wLRXOBejwnJZMgAw,palatine-illinois
https://www.ubereats.com/chicago/food-delivery/the-southern-cafe-roselle/7l6PJRfETTqpfJZKoTpJhg,palatine-illinois
https://www.ubereats.com/chicago/food-delivery/little-greek-schaumburg/KB7UqYteRKuQlB__SGBbOg,palatine-illinois
https://www.ubereats.com/chicago/food-delivery/dragonfly-sushi/TFZzgGbsRm2xFDn4leq-7g,palatine-illinois
https://www.ubereats.com/chicago/food-delivery/sonic-drive-in-dundee-%26-rand/gezVQrMwSd-EmYzYa5CDUw,palatine-illinois
https://www.ubereats.com/chicago/food-delivery/starbucks-aptakisic-%26-buffalo-grove-rd/G2rVtIFAQ_ilh-4PzIpz5Q,palatine-illinois
https://www.ubereats.com/chicago/food-delivery/stadium-sports-club-%26-pizza/Gl2VTqK3Q06jinNRq3Kpww,palatine-illinois
https://www.ubereats.com/chicago/food-delivery/chipotle-mexican-grill-1572-e-lake-cook-rd/4udA19C-RWKhJjLSpYCOsQ,palatine-illinois
https://www.ubereats.com/chicago/food-delivery/five-guys-il-0525-118-kensington-rd/GiXRRYVyQWCVvkYpbKZ2Jg,palatine-illinois
https://www.ubereats.com/chicago/food-delivery/dunkin-2089-barrington-rd/y7tPmW2ZSdaa-TDYnlgDBA,palatine-illinois
https://www.ubereats.com/chicago/food-delivery/falafil-hut/16tR-geuT4270sEubZntIw,palatine-illinois
https://www.ubereats.com/chicago/food-delivery/browns-chicken-hoffman-estates/vVSL-_FhS9KMdRPd9RjdWw,palatine-illinois
https://www.ubereats.com/chicago/food-delivery/chopstick/C7Gf7GM7TtqqvuWZYb_gIg,palatine-illinois
https://www.ubereats.com/chicago/food-delivery/brandys-gyros-schaumburg/JNUJryl3STeRcoMqidBHJA,palatine-illinois
https://www.ubereats.com/chicago/food-delivery/uncle-julios-schaumburg/H3RNbVAqRlWRf--mbf5LKA,palatine-illinois
https://www.ubereats.com/chicago/food-delivery/mcdonalds-algonquin-%26-new-wilke/FMYtB-kZTESL423c0wlGng,palatine-illinois
https://www.ubereats.com/chicago/food-delivery/apple-villa-pancake-house-barrington-%26-mundhank/WHOO9CPCSVu0ZVXdcrGPxw,palatine-illinois
https://www.ubereats.com/chicago/food-delivery/taco-bell-50-w-dundee-road/rsdBmVAzRAGSxfJaM5dw6Q,palatine-illinois
https://www.ubereats.com/chicago/food-delivery/california-pizza-kitchen-1550-e-golf-road/QSt0MnwtRYaZtif-Z4-90A,palatine-illinois
https://www.ubereats.com/chicago/food-delivery/cafe-zupas-20393-n-rand-rd/ArpkBYkaRH6SxxhVk8a8IA,palatine-illinois
https://www.ubereats.com/chicago/food-delivery/starbucks-dundee-%26-arlington-heights/bp6RRFEyRSC8Ihq6JVroqQ,palatine-illinois
https://www.ubereats.com/chicago/food-delivery/pizza-factory-of-lake-zurich/U6HvtrjKRBOUHh46z-S4cg,palatine-illinois
https://www.ubereats.com/chicago/food-delivery/vinis-pizza/zbb9V9KvQpW6Wr6oEQz-1w,palatine-illinois
https://www.ubereats.com/chicago/food-delivery/which-wich-annex-of-arlington-heights/s_jetGO9RVC8ZGMAApb0tQ,palatine-illinois
https://www.ubereats.com/chicago/food-delivery/j-%26-j-pizza/2q5POfmKQRi5F6tviMjupw,palatine-illinois
https://www.ubereats.com/chicago/food-delivery/wildfire-schaumburg/7-YSLPc6TlCqxCErw50F8Q,palatine-illinois
https://www.ubereats.com/chicago/food-delivery/fratellos-2/Afe8mDoxRTGMC10SyDTdog,palatine-illinois
https://www.ubereats.com/chicago/food-delivery/kitakata-ramen-bannai/kCAuie4GTK6ZzZebhAVnQw,palatine-illinois
https://www.ubereats.com/chicago/food-delivery/the-port-of-peri-peri-buffalo-grove/OSv1y-SzTgucse35UiehLg,palatine-illinois
https://www.ubereats.com/chicago/food-delivery/prairie-moo/SZEVyf3UTjabyG-DdsVOvA,palatine-illinois
https://www.ubereats.com/chicago/food-delivery/guss-greek-kitchen/pjcxLo76TGagS8lNi_Cizg,palatine-illinois
https://www.ubereats.com/chicago/food-delivery/taco-bell-650-mall-dr/ulfVPooOS1-x5WlBttGw6g,palatine-illinois
https://www.ubereats.com/chicago/food-delivery/do-re-mi-lunchbox/6BhgrlBgQYWFdzTmTuZJwA,palatine-illinois
https://www.ubereats.com/chicago/food-delivery/subway-1179-e-dundee-rd/wSU1qrf0RX656UQdr1j8pw,palatine-illinois
https://www.ubereats.com/chicago/food-delivery/dunkin-1697-weiland-rd-cpl/adwOJ_y-TEavh5Ti6PJuyg,palatine-illinois
https://www.ubereats.com/chicago/food-delivery/uhmazing-blt/Ere_V2dOSm-P4BQZIr_cIQ,palatine-illinois
https://www.ubereats.com/chicago/food-delivery/mod-pizza-kildeer/ysBQcuFNSru2Dr6PGyZoxQ,palatine-illinois
https://www.ubereats.com/chicago/food-delivery/jersey-mikes-subs-golf-%26-algonquin/aC0tOBmeTyOIKpy6aePVVA,palatine-illinois
https://www.ubereats.com/chicago/food-delivery/starbucks-route-83-%26-rand-rd/Y-yroLeTRSyucpPOkGiEVQ,palatine-illinois
https://www.ubereats.com/chicago/food-delivery/katies-kitchen/iZlYiRDsS-SEswolusUopg,palatine-illinois
https://www.ubereats.com/chicago/food-delivery/pita-pita-mediterranean-grill-higgins/eee7O1SkTNCueDnmn6tjfQ,palatine-illinois
https://www.ubereats.com/chicago/food-delivery/panda-express-1454-golf-rd/3tbvVLMhSoeYLq-6Uo6Qog,palatine-illinois
https://www.ubereats.com/chicago/food-delivery/flambe-india/Bo8rbiczRo20dqT6_fUp-Q,palatine-illinois
https://www.ubereats.com/chicago/food-delivery/haku-sushi-%26-bar/Jo1SdJNrRA67UQABD8k_bA,palatine-illinois
https://www.ubereats.com/chicago/food-delivery/mazmez/Iitj21GTRvycKCaT7bW2Ew,palatine-illinois
https://www.ubereats.com/chicago/food-delivery/sushi-grove/CVv1msbTR2aFEvXonQn1tg,palatine-illinois
https://www.ubereats.com/chicago/food-delivery/javiers-sabor-mexicano/i4O8D4V6S5-y4cedSLGVOQ,palatine-illinois
https://www.ubereats.com/chicago/food-delivery/starbucks-northwest-hwy-%26-elmhurst-rd/u8WCmnq-RxiW1zAgc5tBJQ,palatine-illinois
https://www.ubereats.com/chicago/food-delivery/gumrai-thai-restaurant-arlington-heights-rd/FD6CDB1YTRyeBtlbqI37Ng,palatine-illinois
https://www.ubereats.com/chicago/food-delivery/tortas-locas-1827-algonquin-rd/RBZFnbJ7RwaXCUfLWmFxMw,palatine-illinois
https://www.ubereats.com/chicago/food-delivery/subway-1555-n-rand-rd/TLyLeRpARfe3uq_s24ZbPQ,palatine-illinois
https://www.ubereats.com/chicago/food-delivery/las-palmas-mexican-restaurant/9I4TbrymQRCfSMx0IUFArA,palatine-illinois
https://www.ubereats.com/chicago/food-delivery/harolds-chicken-roselle-%26-remington/4y071jUjSoa8sbXGSuY6ww,palatine-illinois
https://www.ubereats.com/chicago/food-delivery/starbucks-downtown-arlington-heights/HERidq6wSqONnSIoo2vN4Q,palatine-illinois
https://www.ubereats.com/chicago/food-delivery/potbelly-sandwich-shop-schaumburg-dt-%7C-314/tYZDETGoTmmjnzgyBRyIRg,palatine-illinois
https://www.ubereats.com/chicago/food-delivery/cold-stone-creamery-20330-n-deer-park-blvd/Tt6-mZj3R3OPe6JmrAc-xg,palatine-illinois
https://www.ubereats.com/chicago/food-delivery/dunkin-700-e-higgins-rd/4KlF8KO3TBmmfawXF5JdYQ,palatine-illinois
https://www.ubereats.com/chicago/food-delivery/mcdonalds-lake-cook-%26-weiland/qW1vAcDuRj6JdNCquii7RQ,palatine-illinois
https://www.ubereats.com/chicago/food-delivery/potbelly-sandwich-shop-mt-prospect-%7C-436/LaYJyrnmTbusgLejnnj3zA,palatine-illinois
https://www.ubereats.com/chicago/food-delivery/sabroso-burrito/aHOlVushQry_gWdg-Frz8g,palatine-illinois
https://www.ubereats.com/chicago/food-delivery/honey-biscuit-breakfast/eOQwtkutRNGeeqMi4KeLfg,palatine-illinois
https://www.ubereats.com/chicago/food-delivery/chipotle-mexican-grill-601-n-martingale-rd-ste-330/a9Sc5J3bS4awhH_20FGlBA,palatine-illinois
https://www.ubereats.com/chicago/food-delivery/dunkin-122-s-arlington-heights-rd/mjbD3O7LSw6J005xCWl-IA,palatine-illinois
https://www.ubereats.com/chicago/food-delivery/annas-red-apple/x86s7UUcSwuZHJ0NeQhllw,palatine-illinois
https://www.ubereats.com/chicago/food-delivery/chicago-hot-breads/sIUo082TQF-3k-1RBLslfQ,palatine-illinois
https://www.ubereats.com/chicago/food-delivery/godavari/zNvKrguxTyWFZPEHv0xjNg,palatine-illinois
https://www.ubereats.com/chicago/food-delivery/benihana-150-n-milwaukee-avenue/asVErvOnQCSYAsaK88iSWg,palatine-illinois
https://www.ubereats.com/chicago/food-delivery/casa-chapalas-grill/FO_yiD6cRVa7qmEXW3KlzA,palatine-illinois
https://www.ubereats.com/chicago/food-delivery/ihop-higgins-%26-martingdale/HaeqtGxJQDaVak07qpiwOw,palatine-illinois
https://www.ubereats.com/chicago/food-delivery/jamba-juice-21690-west-long-grove-rd-unit-b/FcIA2FH3QfKPvZJgrLM5Yg,palatine-illinois
https://www.ubereats.com/chicago/food-delivery/alley-64/oYO_XI8KQ16ri0t916iwbQ,palatine-illinois
https://www.ubereats.com/chicago/food-delivery/mcdonalds-golf-%26-elmhurst/9CrFN9AoSECH_uaR0s55yg,palatine-illinois
https://www.ubereats.com/chicago/food-delivery/fannie-may-meacham/ycJFXbNrQCWC5YHEE6SyMg,palatine-illinois
https://www.ubereats.com/chicago/food-delivery/mcdonalds-milwaukee-%26-half-day/ap_qbTppT86TvaXo4xCGgg,palatine-illinois
https://www.ubereats.com/chicago/food-delivery/noodles-%26-company-700-n-milwaukee-unit-149/LpLHThjWTX-p029ke4WKnw,palatine-illinois
https://www.ubereats.com/chicago/food-delivery/taco-bell-2410-e-rand-rd/EetSaShoReefYkTYNi_Lmw,palatine-illinois
https://www.ubereats.com/chicago/food-delivery/hakuya-sushi/lzDuWeg9RsC8ntXhX-gLqA,palatine-illinois
https://www.ubereats.com/chicago/food-delivery/mod-pizza-buffalo-grove/xNlcTqpxSs--_jJfdGVCJw,palatine-illinois
https://www.ubereats.com/chicago/food-delivery/americas-bar-%26-grill/3CZ8vkboSuqcqIQBYkflxQ,palatine-illinois
https://www.ubereats.com/chicago/food-delivery/dunkin-3980-highway-22/BmnDkAcMThWWxh4Iba21bg,palatine-illinois
https://www.ubereats.com/chicago/food-delivery/kinfork-bbq-%26-tap/dyBDwIsgQwufjPQbPAvYEg,palatine-illinois
https://www.ubereats.com/chicago/food-delivery/mcdonalds-northwest-%26-smith/9GJF7ZY2THCXMraec8yfWA,palatine-illinois
https://www.ubereats.com/chicago/food-delivery/chipotle-mexican-grill-910-elk-grove-town-ctr/H_K623jjQnq3cye-7rCfCw,palatine-illinois
https://www.ubereats.com/chicago/food-delivery/chipotle-mexican-grill-950-milwaukee-ave-ste-a/lx9vOqFHSOqUbaB8pqHQ1A,palatine-illinois
https://www.ubereats.com/chicago/food-delivery/boston-market-1000-s-elmhurst/fXbcUiVcRLS3zMXhc2BRCQ,palatine-illinois
https://www.ubereats.com/chicago/food-delivery/salsa-street-mexican-restaurant-%26-cantina-mt-prospect/z2_r_UY8SmClChKUaGUhNA,palatine-illinois
https://www.ubereats.com/chicago/food-delivery/osteria-trulli/4snQSHH8RL-RTDMEKHyq8w,palatine-illinois
https://www.ubereats.com/chicago/food-delivery/sankalp-indian-restaurant/LZOnxKI3TxCgqihC3Qfc2w,palatine-illinois
https://www.ubereats.com/chicago/food-delivery/hakka-wok/IWYl1I5DQ4-tEDw-Ma7ipw,palatine-illinois
https://www.ubereats.com/chicago/food-delivery/brousko/Ic6_eqYSQ1yX0ab7-iA7TA,palatine-illinois
https://www.ubereats.com/chicago/food-delivery/subway-1026-w-rand-rd/Lv-CRI36QZ-lw-_7Q2gcGw,palatine-illinois
https://www.ubereats.com/chicago/food-delivery/rosatis-pizza-1414-e-hintz-rd/9EFxiPrlRkKyAHH4L5ioEQ,palatine-illinois
https://www.ubereats.com/chicago/food-delivery/maoz-falafel-%26-grill/YqRq3vxeQhCXizc-c_6KSg,palatine-illinois
https://www.ubereats.com/chicago/food-delivery/hickory-roasters/bQj-jwOATyquqwH6Uzlgyg,palatine-illinois
https://www.ubereats.com/chicago/food-delivery/fratos-culinary-kitchen/Nsoklk8XS7S4lvsmiBQWag,palatine-illinois
https://www.ubereats.com/chicago/food-delivery/buffalo-wild-wings-2540-new-sutton-road/zxW7oLFGTbOQNyzCD1rn1A,palatine-illinois
https://www.ubereats.com/chicago/food-delivery/grande-jakes-fresh-mexican-grill-buffalo-grove/FmVOdReiT2qbTV-nSa9mjQ,palatine-illinois
https://www.ubereats.com/chicago/food-delivery/papa-johns-pizza-prospect-heights/RcWPtQ61Qv-Nss7oiygeFw,palatine-illinois
https://www.ubereats.com/chicago/food-delivery/paps-ultimate-bar-and-grill/Dh5RiTE0QUSG3TE0SNySyw,palatine-illinois
https://www.ubereats.com/chicago/food-delivery/senor-pollo/bC-tMXjISd-uLXHVgc-6gw,palatine-illinois
https://www.ubereats.com/chicago/food-delivery/eggholic/AmpmBXobSgSPVz_lZurDsg,palatine-illinois
https://www.ubereats.com/chicago/food-delivery/altthai/YWEq4mOaTpSEND7ZNkC9cA,palatine-illinois
https://www.ubereats.com/chicago/food-delivery/ichiban-ramen-shop/dyUD7qANTYuGFPvV366yHw,palatine-illinois
https://www.ubereats.com/chicago/food-delivery/arbys-139-n-northwest-hwy/gZZQX6KbSX2Cj_g1tG_pKQ,palatine-illinois
https://www.ubereats.com/chicago/food-delivery/pita-pita-mediterranean-grill-palatine/MREnIkW-SwiD6ENJR6dHGA,palatine-illinois
https://www.ubereats.com/chicago/food-delivery/marigold-maison/6h0CPsIDTLOyHEWNqeHCKQ,palatine-illinois
https://www.ubereats.com/chicago/food-delivery/dunton-house-restaurant/R1eW49wCQ6aC0P_iPSaefg,palatine-illinois
https://www.ubereats.com/chicago/food-delivery/bibibop-asian-grill-1022-n-meacham-road/klNTz0lYTCaIyb9gdNDHRg,palatine-illinois
https://www.ubereats.com/chicago/food-delivery/subway-2823-w-dundee-rd/2FqlAYzBQGmPltrlV6hTeQ,palatine-illinois
https://www.ubereats.com/chicago/food-delivery/taco-bell-320-n-northwest-hwy/ZbhRTaY1TrefWCmadfzucw,palatine-illinois
https://www.ubereats.com/chicago/food-delivery/mias-cantina/WlLttraBR6GC4rZCqJXyIA,palatine-illinois
https://www.ubereats.com/chicago/food-delivery/express-nutrition-llc/Ue1A7SBqQiuTd1t89dH_IA,palatine-illinois
https://www.ubereats.com/chicago/food-delivery/outback-steakhouse-909-north-elmhurst-road/INPmXopuSqKKsucnq9PAWQ,palatine-illinois
https://www.ubereats.com/chicago/food-delivery/la-michoacana-paleteria/LRjFxLDERJyfIRIw5eZr0w,palatine-illinois
https://www.ubereats.com/chicago/food-delivery/subway-1400-n-roselle-rd/VIZENWfGQDKlRbUc7ftToQ,palatine-illinois
https://www.ubereats.com/chicago/food-delivery/siri-thai/zVANvVftQFmFN8rgZTIUjw,palatine-illinois
https://www.ubereats.com/chicago/food-delivery/hakuya-sushi/QzMb8bjXRqKBQHU2PKpXIA,palatine-illinois
https://www.ubereats.com/chicago/food-delivery/chicago-hot-breads-hoffman-estates/DITJCZU_SbSbH6C9mO64qA,palatine-illinois
https://www.ubereats.com/chicago/food-delivery/dunkin-485-south-rand-rd/exKwF0ZeT3C6J97vXwVSFA,palatine-illinois
https://www.ubereats.com/chicago/food-delivery/joanies-pizzeria-of-long-grove/mljPck1fRt2ueA0wsFcMXg,palatine-illinois
https://www.ubereats.com/chicago/food-delivery/passero/mjzXcrnuT6eDAphQa79xww,palatine-illinois
https://www.ubereats.com/chicago/food-delivery/tap-house-grill-palatine/Zl6tbyVzTfyKKnQ3t75icQ,palatine-illinois
https://www.ubereats.com/chicago/food-delivery/tap-house-grill-wheeling/Z6U-vjgLQxWClfmzu4UsCw,palatine-illinois
https://www.ubereats.com/chicago/food-delivery/hubbys-dog-house/BqHr9rVlQGSY56FyPafSWA,palatine-illinois
https://www.ubereats.com/chicago/food-delivery/annas-red-apple-rolling-meadows/Wuw8P8otSkGFcPGI2nB3_Q,palatine-illinois
https://www.ubereats.com/chicago/food-delivery/porkys-bbq/NgnGo_M-QuKLasi_pbNJnQ,palatine-illinois
https://www.ubereats.com/chicago/food-delivery/garden-berry-cafe/Ltpke1ICS56xQrhvtnvruw,palatine-illinois
https://www.ubereats.com/chicago/food-delivery/union-ale-house-pub/PPNeXNh1SPm2asEzukksSA,palatine-illinois
https://www.ubereats.com/chicago/food-delivery/tap-house-grill-hanover-park/mUTokAXYRtyVoQYzX3ZhlQ,palatine-illinois
https://www.ubereats.com/chicago/food-delivery/lollipop-chicken-wings/XdMYZXSqTOGNRxRwMEkPKA,palatine-illinois
https://www.ubereats.com/chicago/food-delivery/beerhead-bar-and-eatery-schaumburg/jXXf8iiBTQ-xkzZIqg357A,palatine-illinois
https://www.ubereats.com/chicago/food-delivery/chiggys-gyros/QmFB3_xFQfSO_PCpqCkMiQ,palatine-illinois
https://www.ubereats.com/chicago/food-delivery/starbucks-hoffman-estates-palatine-rd/NuBFKFsUSY6_mCX5ecs79A,palatine-illinois
https://www.ubereats.com/chicago/food-delivery/cold-stone-creamery-281-w-townline-rd-ste-110/dbZE_mAHQ76vORf0NXDirw,palatine-illinois
https://www.ubereats.com/chicago/food-delivery/bo-bos-gyros-hawthorn-village-commons-%26-ring/CNGi68bWSI6b7li51muqcg,palatine-illinois
https://www.ubereats.com/chicago/food-delivery/taste-of-tokyo/-GpsnAHCSH-P9EIMLbeEmg,palatine-illinois
https://www.ubereats.com/chicago/food-delivery/sakura-sushi/T199ePqWT_yXa-p6bQN1fw,palatine-illinois
https://www.ubereats.com/chicago/food-delivery/dunkin-820-e-rand-rd/cdHgeH7KT-yZQk0ogJUw-w,palatine-illinois
https://www.ubereats.com/chicago/food-delivery/dunkin-1204-n-elmhurst-rd/bO3MQ-sGS7edD7DS52sIVA,palatine-illinois
https://www.ubereats.com/chicago/food-delivery/boston-market-24-w-golf-road/rmQe7k4sT-uF-vgObRODjA,palatine-illinois
https://www.ubereats.com/chicago/food-delivery/new-kong-ming-chinese-restaurant/GeAizKeRRA2w5CZpBtdptA,palatine-illinois
https://www.ubereats.com/chicago/food-delivery/starbucks-hoffman-estates-barrington-%26-hassle/68uc3iRST_agjaJUcwwPPg,palatine-illinois
https://www.ubereats.com/chicago/food-delivery/ochoas-mexican-grill/VuMhZfG5RYivv6HJUNv_hA,palatine-illinois
https://www.ubereats.com/chicago/food-delivery/shaws-crab-house-schaumburg/FdNe_AwhQsOW5u_j4TttJA,palatine-illinois
https://www.ubereats.com/chicago/food-delivery/brunch-cafe-kildeer/IlsGyUwtQDmeV10uqkzVcw,palatine-illinois
https://www.ubereats.com/chicago/food-delivery/popeyes-1790-w-algonquin-rd/jbaVVXu_QoGtcqfomMFiMg,palatine-illinois
https://www.ubereats.com/chicago/food-delivery/el-taurino-mexican-grill/KwfKXCb_Ryy57U45ODPwnw,palatine-illinois
https://www.ubereats.com/chicago/food-delivery/mod-pizza-mount-prospect/5mHcchwpTcKWR7YmryM7Tg,palatine-illinois
https://www.ubereats.com/chicago/food-delivery/pasquallys-pizza-%26-wings-41-w-rand-rd/p3PFBjVrSBuqnxjyBv9rTA,palatine-illinois
https://www.ubereats.com/chicago/food-delivery/steak-n-shake-1825-barrington-road/xGb7-_sNSXmOkTCPuGLSOw,palatine-illinois
https://www.ubereats.com/chicago/food-delivery/davids-burrito-express/dOJemqcoQX2hNq9MLh8EcQ,palatine-illinois
https://www.ubereats.com/chicago/food-delivery/jets-pizza-arlington-heights/70Vrr_NHRE20IvJ0qWACqg,palatine-illinois
https://www.ubereats.com/chicago/food-delivery/unimart-hoffman-estates/ax7uqrx7RlWJXjn9Mx_vIw,palatine-illinois
https://www.ubereats.com/chicago/food-delivery/pastabilities/-PBP-jbIRe68PF-6UTm9pA,palatine-illinois
https://www.ubereats.com/chicago/food-delivery/outback-steakhouse-216-east-golf-road/N2V7Wpl0SsGSgNnx720RqQ,palatine-illinois
https://www.ubereats.com/chicago/food-delivery/big-anges-eatery/w9SOs15FRTi4AIpOgqdPnw,palatine-illinois
https://www.ubereats.com/chicago/food-delivery/jam-pizza/LxSXFZNOQiKNLaRL6Qs2lQ,palatine-illinois
https://www.ubereats.com/chicago/food-delivery/qdoba-golf-%26-meacham/i5Ub7PVfSFWebdg6zD4zXA,palatine-illinois
https://www.ubereats.com/chicago/food-delivery/panda-express-dundee-%26-rand/MKc7FCvzRW69Da0a1lgpIA,palatine-illinois
https://www.ubereats.com/chicago/food-delivery/wow-bao-1900-e-higgins/MhoNwMbuS3u0Qr9NWNnyvA,palatine-illinois
https://www.ubereats.com/chicago/food-delivery/gaylord-india-restaurant-schaumburg/-_Ssu7UZS7euDQMc1aWr9w,palatine-illinois
https://www.ubereats.com/chicago/food-delivery/dunkin-477-west-golf-rd/uaaFtLCRRLykXRF5kYz36A,palatine-illinois
https://www.ubereats.com/chicago/food-delivery/fannie-may-arlington-heights/8ZtD79o2Q4-CbIWub9feoA,palatine-illinois
https://www.ubereats.com/chicago/food-delivery/honey-biscuit/0Th3vjEqSum-DBz_Eh9udg,palatine-illinois
https://www.ubereats.com/chicago/food-delivery/langostinos-nayarit/UjTcCrgrSVa_fbqdpDxoRw,palatine-illinois
https://www.ubereats.com/chicago/food-delivery/subway-745-w-palatine-rd/5TZkOaebS2Opq6wwTfu6HQ,palatine-illinois
https://www.ubereats.com/chicago/food-delivery/sozai-banzai/8IQKnssnTnyBHSsGoCnFXA,palatine-illinois
https://www.ubereats.com/chicago/food-delivery/papa-johns-schaumburg/NhfwEz2iSOO6JRAP7nUJ6w,palatine-illinois
https://www.ubereats.com/chicago/food-delivery/hacienda-el-sombrero/LlduFSyaQwqJ-soUP7DdGw,palatine-illinois
https://www.ubereats.com/chicago/food-delivery/fannie-may-wheeling/ZQ0aNpepQNiiLIHEmWLUVw,palatine-illinois
https://www.ubereats.com/chicago/food-delivery/potbelly-sandwich-shop-buffalo-grove-dt-%7C-443/qEUlY9_mT8Gw3vNpFkSUAA,palatine-illinois
https://www.ubereats.com/chicago/food-delivery/kfc-schaumburg/LCGnCmqmS7-92pRNo_WQVw,palatine-illinois
https://www.ubereats.com/chicago/food-delivery/chipotle-mexican-grill-781-e-dundee-rd/YCRcqhTlQeqJxKdFCSEAyw,palatine-illinois
https://www.ubereats.com/chicago/food-delivery/taco-bell-801-w-main-st/3ICZG0GBQiOTvQfum405Kw,palatine-illinois
https://www.ubereats.com/chicago/food-delivery/artistic-cuisine/28zILxVkTAyhXzrhClqQaw,palatine-illinois
https://www.ubereats.com/chicago/food-delivery/taco-bell-1224-e-dundee-rd/XMTNJkRYQqKRgJq6fXCxNw,palatine-illinois
https://www.ubereats.com/chicago/food-delivery/fiesta-del-mar/zqqiUepXRZOdjwAWuPqruQ,palatine-illinois
https://www.ubereats.com/chicago/food-delivery/the-dream-place/5bXprfoBT4igFyqWbe3Lag,palatine-illinois
https://www.ubereats.com/chicago/food-delivery/global-brew-tap-house/Yg_lkF_zRf2gX-7Tj2RULQ,palatine-illinois
https://www.ubereats.com/chicago/food-delivery/mcdonalds-arlington-heights-%26-mchenry/Ayq93oUiSPKaFipfXW6KkA,palatine-illinois
https://www.ubereats.com/chicago/food-delivery/chicago-prime-steakhouse/TxeDg4ARQQmSypwDARVW5A,palatine-illinois
https://www.ubereats.com/chicago/food-delivery/rosatis-sports-pub-barrington-rd/H0JXtFF-QUyBbJ5Swre7rA,palatine-illinois
https://www.ubereats.com/chicago/food-delivery/sakura-sushi-schaumburg/PU6sujzeRQmffkHH1RhZkA,palatine-illinois
https://www.ubereats.com/chicago/food-delivery/asian-island/Km_kJ71bQ7Kq1y2TQv8Mqw,palatine-illinois
https://www.ubereats.com/chicago/food-delivery/starbucks-route-14-%26-lake-cook/8Gw2Gt1gQiC7r67IbKP4mg,palatine-illinois
https://www.ubereats.com/chicago/food-delivery/la-zingara-italian/bNkZ_Z5sSeWEqwVyoZ_Rpg,palatine-illinois
https://www.ubereats.com/chicago/food-delivery/rise-n-dine-pancake-cafe/enErO-tYS86lLBe8YgDIQA,palatine-illinois
https://www.ubereats.com/chicago/food-delivery/potbelly-sandwich-shop-rolling-meadows-%7C-62/7eZVYgPyT1KoLGV_Dlu3Nw,palatine-illinois
https://www.ubereats.com/chicago/food-delivery/big-bowl-schaumburg/P3a6vcq3QK-tmjAKNEnA2Q,palatine-illinois
https://www.ubereats.com/chicago/food-delivery/pine-food-company/qnpXDDTdRsSqto0A6WE0-A,palatine-illinois
https://www.ubereats.com/chicago/food-delivery/pizza-bella/vnZGxoFUTeedPu086ziA3A,palatine-illinois
https://www.ubereats.com/chicago/food-delivery/beef-shack-roselle-%26-higgins/UFi5bIPjSPqzlLSh5QeZvQ,palatine-illinois
https://www.ubereats.com/chicago/food-delivery/jersey-mikes-subs-kensington-%26-rand/L52cIPLUQBmg-WIUS5Ym2A,palatine-illinois
https://www.ubereats.com/chicago/food-delivery/jersey-mikes-subs-higgins-%26-meacham/k6-wD59eRqeYS_dWrgh-ag,palatine-illinois
https://www.ubereats.com/chicago/food-delivery/faustos-italian-kitchen-and-catering/xIEhlEmuTnijZyzFrobRwA,palatine-illinois
https://www.ubereats.com/chicago/food-delivery/tacos-el-norte-palatine/DVnz4KKjSaSHtyxQiKvJkw,palatine-illinois
https://www.ubereats.com/chicago/food-delivery/draft-picks/LBSorGFXSJOa3Aq3ZdzJrQ,palatine-illinois
https://www.ubereats.com/chicago/food-delivery/bonta/Cdk5bjzoReGtviFDGJ7pZQ,palatine-illinois
https://www.ubereats.com/chicago/food-delivery/cherry-pit-cafe/7t_jQjoJSx2RQP-8jWjmPA,palatine-illinois
https://www.ubereats.com/chicago/food-delivery/smashburger-115-w-rand-rd/rmxxEdY5RD-xASJ9QveU7A,palatine-illinois
https://www.ubereats.com/chicago/food-delivery/chipotle-mexican-grill-20505-rand-rd-ste-400/OrnqG4moTbSooa2r0SmE2w,palatine-illinois
https://www.ubereats.com/chicago/food-delivery/ellys-arlington-heights/BbuVNhWCTuODUjBonOLBjg,palatine-illinois
https://www.ubereats.com/chicago/food-delivery/bawarchi-biryanis/UrLBs5_bQuCzEHyq5W5DLw,palatine-illinois
https://www.ubereats.com/chicago/food-delivery/sushi-kushi-san-3/sfDv0Ez_Say2_ujNwTKDwA,palatine-illinois
https://www.ubereats.com/chicago/food-delivery/bbq-hut/L2pYCoEdT_aBWfoAwueaIg,palatine-illinois
https://www.ubereats.com/chicago/food-delivery/canta-napoli/Vaj2WyKVT72OYlBq-7XTNw,palatine-illinois
https://www.ubereats.com/chicago/food-delivery/faizaans-tasty-burgers/nMsRwAqsRaOxNqCFTXBMEw,palatine-illinois
https://www.ubereats.com/chicago/food-delivery/la-pa-rroqia-mexican-pancake-house-%26-cuisine/SFWbnobQQHOrwbmbKxkzqQ,palatine-illinois
https://www.ubereats.com/chicago/food-delivery/el-famous-burrito-wheeling/VA-Ry5TBS7maHuWcXudT1A,palatine-illinois
https://www.ubereats.com/chicago/food-delivery/opolska/UFuKwHJ6TtWufUf94uvGvA,palatine-illinois
https://www.ubereats.com/chicago/food-delivery/jersey-mikes-subs-schaumburg-%26-barrington/EGHzo_3fRjO6EuxTlN4Y5Q,palatine-illinois
https://www.ubereats.com/chicago/food-delivery/papa-johns-buffalo-grove/61hbd974QSilO3E8HaQSWg,palatine-illinois
https://www.ubereats.com/chicago/food-delivery/subway-1921-s-plum-grove-rd/VLl2328fSMy1ZzjfS4Rj7g,palatine-illinois
https://www.ubereats.com/chicago/food-delivery/lolas-pizza-palace/XCJbDcTMQSi0pyepXGr02A,palatine-illinois
https://www.ubereats.com/chicago/food-delivery/starbucks-rand-and-dundee/uYRiXqj6TCiGr2rPJiPF-A,palatine-illinois
https://www.ubereats.com/chicago/food-delivery/bulldog-ale-house-rolling-meadows/VhXsDey6RJG_pvu1kgSy4Q,palatine-illinois
https://www.ubereats.com/chicago/food-delivery/tenderlicious/MnX6IsseSPmb4v5xsks0pQ,palatine-illinois
https://www.ubereats.com/chicago/food-delivery/char-kabobs/T5cpBX_FQZuaPsSGXO_3QQ,palatine-illinois
https://www.ubereats.com/chicago/food-delivery/rookies-all-american-pub-%26-grill-hoffman-estates/qEkuX4PPTuCQJPhgAtBDqA,palatine-illinois
https://www.ubereats.com/chicago/food-delivery/olympus-gyros/73a-OGaoQmSzjo4rX111hQ,palatine-illinois
https://www.ubereats.com/chicago/food-delivery/billy-bricks-wood-fired-pizza-mt-prospect/gVO1hLbbST69vz21A6lOoA,palatine-illinois
https://www.ubereats.com/chicago/food-delivery/krispy-kreme-devon-%26-michael/aacxRG_HRYGVeGTzBFFkSg,palatine-illinois
https://www.ubereats.com/chicago/food-delivery/halsted-street-deli-on-martingale/SIgWCs52SLCrG8_Ph8P4fw,palatine-illinois
https://www.ubereats.com/chicago/food-delivery/pops-pizza-%26-sports-bar/oRNPGvniRL6TNHIf4UB57w,palatine-illinois
https://www.ubereats.com/chicago/food-delivery/the-claim-company-of-vernon-hills/XgRjDch6T9Wq1DWZboJODg,palatine-illinois
https://www.ubereats.com/chicago/food-delivery/saranellos/heCN9yjmTqW8i1mtFz2Zig,palatine-illinois
https://www.ubereats.com/chicago/food-delivery/fuddruckers-schaumburg/v4Z_jrZsQDWNHf9Ic93jEA,palatine-illinois
https://www.ubereats.com/chicago/food-delivery/bills-pizza-%26-pub/ndGpeUKCRua0vWCYji0CNw,palatine-illinois
https://www.ubereats.com/chicago/food-delivery/dunkin-749-n-milwaukee-ave-c-100/_ZrYhD4bTJupjEVMMVpGWQ,palatine-illinois
https://www.ubereats.com/chicago/food-delivery/dennys-1175-north-roselle-rd/9DYt3DAHQvOCL-kJKQ1PnA,palatine-illinois
https://www.ubereats.com/chicago/food-delivery/mowa/DDAnC_kRR_ej_bIq8Yr3ZA,palatine-illinois
https://www.ubereats.com/chicago/food-delivery/cantarittos-taqueria-%26-bar/PqwPVSoATrya-lwLwr00Ow,palatine-illinois
https://www.ubereats.com/chicago/food-delivery/boston-market-150-n-mchenry-road/16ThiJk4QXCQNxGH5N8jSg,palatine-illinois
https://www.ubereats.com/chicago/food-delivery/sammys-mexican-grill-and-bar-roselle/6uhwaen-Q_erGEJJjKN9wA,palatine-illinois
https://www.ubereats.com/chicago/food-delivery/between-the-buns-arlington-heights/Co6mENsLSx2U0Kq0JVx7TA,palatine-illinois
https://www.ubereats.com/chicago/food-delivery/patty-melt-co/vLL6SludSH2QPGZVBEWNDg,palatine-illinois
https://www.ubereats.com/chicago/food-delivery/granite-city-food-%26-brewery-schaumburg/DuGH1jYxQFOBDpoU4CdF_A,palatine-illinois
https://www.ubereats.com/chicago/food-delivery/cousin-subs/9bXBXHVLRZGILj40vg54bg,palatine-illinois
https://www.ubereats.com/chicago/food-delivery/benihana-1200-e-higgins-road/Bcl6SQ-iTa25-2w9JeTtiA,palatine-illinois
https://www.ubereats.com/chicago/food-delivery/fannie-may-mt-prospect/8oN6J8C-RtGlPkjMsb_GwQ,palatine-illinois
https://www.ubereats.com/chicago/food-delivery/papa-johns-hoffman-estates/129Yc3JKRyuzr4u-ZErGbw,palatine-illinois
https://www.ubereats.com/chicago/food-delivery/thai-siri/akx7ie-bSPux1baYdB7pDg,palatine-illinois
https://www.ubereats.com/chicago/food-delivery/chipotle-mexican-grill-4600-hoffman-blvd/1aE7NqF_TI67nj-jxpPeAA,palatine-illinois
https://www.ubereats.com/chicago/food-delivery/tacos-guananuato/KLsNPI8DQl64GEOq1hJjIw,palatine-illinois
https://www.ubereats.com/chicago/food-delivery/jersey-mikes-subs-rand-%26-arlington-heights/xaZnYHowTc-3Gi_vK5dfng,palatine-illinois
https://www.ubereats.com/chicago/food-delivery/burger-king-675-e-rand-rd/tfK0YlbkRH6hAZbNvM7aAg,palatine-illinois
https://www.ubereats.com/chicago/food-delivery/frantonios-italian-deli-%26-cafe/8t-Tq6TeQdKKmnL6m-PyVA,palatine-illinois
https://www.ubereats.com/chicago/food-delivery/panda-express-golf-%26-roselle/6hycb7PkQ--8xFBOuj--hw,palatine-illinois
https://www.ubereats.com/chicago/food-delivery/mcalisters-deli-690-south-rand-road/GS-L22uURRqKB0ilstJsww,palatine-illinois
https://www.ubereats.com/chicago/food-delivery/chuck-e-cheese-41-w-rand-rd/w8KT0fbuSpilXmfVuriHug,palatine-illinois
https://www.ubereats.com/chicago/food-delivery/paradise-biryani-pointe/jWNvj3NHSpWdUUGZIjwd2Q,palatine-illinois
https://www.ubereats.com/chicago/food-delivery/garden-berry-cafe/5xhsL59-STmmmWljSaXX7w,palatine-illinois
https://www.ubereats.com/chicago/food-delivery/subway-1990-central-rd/wJVTeh_SSVqb8i5S-OEWzQ,palatine-illinois
https://www.ubereats.com/chicago/food-delivery/poke-burrito-deer-park/FLKoVyFHTZmcXByA42hm6Q,palatine-illinois
https://www.ubereats.com/chicago/food-delivery/noodles-%26-company-1327-golf-rd/QO14UKkGTUS9oX56FS5Ykw,palatine-illinois
https://www.ubereats.com/chicago/food-delivery/golden-brunch/_M83ZhGRRFKYz8b7Sfo10Q,palatine-illinois
https://www.ubereats.com/chicago/food-delivery/wing-society/9Sl26vi1STampGHd6s4hbw,palatine-illinois
https://www.ubereats.com/chicago/food-delivery/kfc-taco-bell-150-e-dundee-road/S1JjUSsPShG0h95bT_Y2FQ,palatine-illinois
https://www.ubereats.com/chicago/food-delivery/strawberry-field-pancakes-%26-cafe/sOSfjh99TCGGjLZy2Ajz5A,palatine-illinois
https://www.ubereats.com/chicago/food-delivery/pita-house-restaurant-west-higgins/PZPDvXiLRt66qsbQq5TDMw,palatine-illinois
https://www.ubereats.com/chicago/food-delivery/dunkin-1921-w-algonquin-rd/iBMwVGBQTgekKWqcz_a5sQ,palatine-illinois
https://www.ubereats.com/chicago/food-delivery/salernos-pizzeria-%26-eatery-mt-prospect/gB99ORNiStaZWOCvqbrymQ,palatine-illinois
https://www.ubereats.com/chicago/food-delivery/los-arcos-restaurant/lRmTUMfyTUGVtOaU6v6g2Q,palatine-illinois
https://www.ubereats.com/chicago/food-delivery/green-basil-thai/_n46g4dNQaaU2of4q-xOqQ,palatine-illinois
https://www.ubereats.com/chicago/food-delivery/dunkin-108-s-northwest-hwy/AvGi_SQzTHWksIGRwvRMjg,palatine-illinois
https://www.ubereats.com/chicago/food-delivery/rosatis-pizza-101-e-townline-rd/yu7eLl0VQFaQdqM71KuMew,palatine-illinois
https://www.ubereats.com/chicago/food-delivery/izucar-bakery/rQujtFe5T3-M-VDPUq0FFw,palatine-illinois
https://www.ubereats.com/chicago/food-delivery/dennys-975-e-dundee-road/xUBhJ8p2T2uvcea9UyKbDA,palatine-illinois
https://www.ubereats.com/chicago/food-delivery/wildfire-lincolnshire/4MBGRetkSR-mB8X3qlVkog,palatine-illinois
https://www.ubereats.com/chicago/food-delivery/dunkin-1010-e-rand-rd/DduZmuS8Sgi9dz5cdDkJNA,palatine-illinois
https://www.ubereats.com/chicago/food-delivery/illusion-cafe-and-bar/iCsE1wk0RNemm6ZgquMDTg,palatine-illinois
https://www.ubereats.com/chicago/food-delivery/dairy-queen-treat-702-s-buffalo-grove-rd/607cVyV5QT2nChSH-uaDUw,palatine-illinois
https://www.ubereats.com/chicago/food-delivery/tore-%26-lukes/6QIWo3MbSvWEijOQ_Jif7A,palatine-illinois
https://www.ubereats.com/chicago/food-delivery/rivaj-indian-cuisine/RM3IM67uSnm59bZ1fwtMDg,palatine-illinois
https://www.ubereats.com/chicago/food-delivery/mi-restaurante/-sX6bbPbSpe_sS_ThDVGsA,palatine-illinois
https://www.ubereats.com/chicago/food-delivery/tgi-fridays-2682-wheeling-il/WY8L5RNVS7a2rrZuNCgHBA,palatine-illinois
https://www.ubereats.com/chicago/food-delivery/arbys-522-w-golf-rd/XbzwNb5ERGSOWEgPwLX2hw,palatine-illinois
https://www.ubereats.com/chicago/food-delivery/quiznos-barrington/U1FYQrv1Qd-mucd6KkI3Zw,palatine-illinois
https://www.ubereats.com/chicago/food-delivery/kostas-gyros-palatine/aEadlR1ATNqZWLMUjbsg5A,palatine-illinois
https://www.ubereats.com/chicago/food-delivery/portillos-hot-dogs-611-e-golf-rd/blanvbF6TAe4vHULyjSyUQ,palatine-illinois
https://www.ubereats.com/chicago/food-delivery/gatsbys-pizza-%26-pub/ve1-9f7dSdWMUcDapSjZPQ,palatine-illinois
https://www.ubereats.com/chicago/food-delivery/good-tequilas-mexican-grill-elk-grove/rn1YjUzpTI6i4OXNxlZH1A,palatine-illinois
https://www.ubereats.com/chicago/food-delivery/papa-rays-pizza-%26-wings-palatine/_D1gEAsLTnywr8ZyJoT07w,palatine-illinois
https://www.ubereats.com/chicago/food-delivery/wynburg-cafe/6j8ZyNiUTZaXr5WrFfYm0g,palatine-illinois
https://www.ubereats.com/chicago/food-delivery/chipotle-mexican-grill-338-e-rand-rd/bqETWI-GSQetZkG9MY5tsA,palatine-illinois
https://www.ubereats.com/chicago/food-delivery/dunkin-215-e-dundee-rd/vE7dagkITJyYDpYL5RYAyg,palatine-illinois
https://www.ubereats.com/chicago/food-delivery/kfc-1470-s-elmhurst-rd/PSOc6MulROebbTdHqOIIbA,palatine-illinois
https://www.ubereats.com/chicago/food-delivery/my-cocina-mexican-grill/QXHlA5eURra_CRpbfL4r6A,palatine-illinois
https://www.ubereats.com/chicago/food-delivery/texas-de-brazil-schaumburg/PLUZBPBwR1OKYettop5_Fw,palatine-illinois
https://www.ubereats.com/chicago/food-delivery/garibaldis-italian-eatery-arlington-heights/xFuEhUc-Skiq499uorO7kg,palatine-illinois
https://www.ubereats.com/chicago/food-delivery/buona-mt-prospect/1Px-NM1gQQazJntR29e70A,palatine-illinois
https://www.ubereats.com/chicago/food-delivery/123-peri-peri-thai-restaurant/Q2PcwLbjT_2FdmRoiqqlzA,palatine-illinois
https://www.ubereats.com/chicago/food-delivery/tokio-pub/2xhlFI_jSuKQYV7H_C3I_Q,palatine-illinois
https://www.ubereats.com/chicago/food-delivery/super-gs-cheesesteaks/k6GVsCQyR7ufLsu-ljWbWA,palatine-illinois
https://www.ubereats.com/chicago/food-delivery/emersons-ale-house/DjNxcoQ5QAS7p8egz-ZbvA,palatine-illinois
https://www.ubereats.com/chicago/food-delivery/starbucks-deer-park-town-center/80Rhl3XAS0mLNuI2jPGjOw,palatine-illinois
https://www.ubereats.com/chicago/food-delivery/gails-carriage-inn/LWYy05BQRkO66QvNwo92Vg,palatine-illinois
https://www.ubereats.com/chicago/food-delivery/house-of-music-and-entertainment-homebar/UcymPWZUTC65a6dQiDqUAw,palatine-illinois
https://www.ubereats.com/chicago/food-delivery/sushi-house/_tBo4m4HSm2WALtsRLEzRg,palatine-illinois
https://www.ubereats.com/chicago/food-delivery/cafe-zupas-1422-e-golf-rd/aop9arHvRFSeE4XMemi5Kg,palatine-illinois
https://www.ubereats.com/chicago/food-delivery/buona-hoffman-estates/Rtk5JcCzTMeYhoVJIWqaLw,palatine-illinois
https://www.ubereats.com/chicago/food-delivery/sams-place/ISOTFwHER8CC71qnufSy8A,palatine-illinois
https://www.ubereats.com/chicago/food-delivery/panera-5-w-rand-road/yq8wZi3fTrOg3ZShv5gXZQ,palatine-illinois
https://www.ubereats.com/chicago/food-delivery/spunky-dunkers-donuts/UXaRMaUWRWihh4iW5Dui1Q,palatine-illinois
https://www.ubereats.com/chicago/food-delivery/five-guys-il-4044-20505-n-rand-road/ZjTY6uvoRO6ughscI1aC_A,palatine-illinois
https://www.ubereats.com/chicago/food-delivery/udupi-palace-restaurant/qC8M_b-NTv-2LlTmvSdKPw,palatine-illinois
https://www.ubereats.com/chicago/food-delivery/hey-nonny/nKnbVm2IRi2cM_nMP3vttQ,palatine-illinois
https://www.ubereats.com/chicago/food-delivery/qdoba-schaumburg-%26-barrington/-7d1Lu2cSa6SYLaEPjH_YQ,palatine-illinois
https://www.ubereats.com/chicago/food-delivery/coachs-corner/_aagdz2KSBCazuzgdjN0jw,palatine-illinois
https://www.ubereats.com/chicago/food-delivery/mcdonalds-rand-%26-kensington/J31vi7t8Q92OGqHYQXBJCQ,palatine-illinois
https://www.ubereats.com/chicago/food-delivery/subway-333-s-arlington-heights-rd/DWyn7-ddRC2G-lZlzd8dqA,palatine-illinois
https://www.ubereats.com/chicago/food-delivery/dennys-4690-hoffman-blvd/sUZP3YzTRBqwVu_edscjvg,palatine-illinois
https://www.ubereats.com/chicago/food-delivery/uncle-julios-kildeer/ziwTwbpjSQ-Mh_yk5S7V7w,palatine-illinois
https://www.ubereats.com/chicago/food-delivery/los-posadas-restaurant/78iyM3M-TDaLIm68Ta0N8g,palatine-illinois
https://www.ubereats.com/chicago/food-delivery/unwined-of-long-grove/zN-yLQ5OTAiWe26KqEiNvw,palatine-illinois
https://www.ubereats.com/chicago/food-delivery/heffys-hot-dogs-and-more/QY3eie7cT-2nOkyHKpi8Ug,palatine-illinois
https://www.ubereats.com/chicago/food-delivery/crazy-crab/zAwMBoB0QA-wTeICbBAmig,palatine-illinois
https://www.ubereats.com/chicago/food-delivery/le-peep/hsvioGvPTiOJlzOpmOhVbA,palatine-illinois
https://www.ubereats.com/chicago/food-delivery/burger-baron/5MqlUXmtQOqwmU4un-MmNQ,palatine-illinois
https://www.ubereats.com/chicago/food-delivery/starbucks-s-rand-%26-june-terrace/91rsP2RuScamFRe0Xoa1Aw,palatine-illinois
https://www.ubereats.com/chicago/food-delivery/kegon-japanese-steak-and-sushi/uCLyZn9VRW6k8W-uOpYJcQ,palatine-illinois
https://www.ubereats.com/chicago/food-delivery/mcdonalds-quentin-%26-lake-zurich/yKL-kPPUSl--px2tA1CwsA,palatine-illinois
https://www.ubereats.com/chicago/food-delivery/hells-chicken/XPxus74jQ_ekG6z0xseDsg,palatine-illinois
https://www.ubereats.com/chicago/food-delivery/mortons-the-steakhouse-1470-mcconnor-parkway/ogEV4f5vR3yogEVi-Pbwig,palatine-illinois
https://www.ubereats.com/chicago/food-delivery/noodles-%26-company-2610-w-schaumburg-rd/e9Txxh5jTC2lPWI3Dyk2mQ,palatine-illinois
https://www.ubereats.com/chicago/food-delivery/maxfields-pancake-house/x_kvbZAVSAGFuO72NH_WbA,palatine-illinois
https://www.ubereats.com/chicago/food-delivery/los-arcos-mexican-grill-palatine/Ax6eg41ETueNzSh9oVnboA,palatine-illinois
https://www.ubereats.com/chicago/food-delivery/california-pizza-kitchen-20502-n-rand-road/LDetEwQ3Q6GYQuCBx-roRg,palatine-illinois
https://www.ubereats.com/chicago/food-delivery/gators-wing-shack/i4zLumA6Sj28H2hYjHZROg,palatine-illinois
https://www.ubereats.com/chicago/food-delivery/white-oak-gourmet/WXBEy9_PSNexkx-h5gDoGw,palatine-illinois
https://www.ubereats.com/chicago/food-delivery/capannari-ice-cream-mount-prospect/d90JraPyTjuOns0BrFi2Zw,palatine-illinois
https://www.ubereats.com/chicago/food-delivery/napoli-pizza/MyNbX2IcRFKqxUpyQ9lryw,palatine-illinois
https://www.ubereats.com/chicago/food-delivery/tokio-sake/JSzv3cRySceVS177x-LpLw,palatine-illinois
https://www.ubereats.com/chicago/food-delivery/jj-twigs-pizza/BTXsbrGvSQWvJkE0jfn5gg,palatine-illinois
https://www.ubereats.com/chicago/food-delivery/sweet-baby-rays/HOCUkI_GQR6HvKVwLcLTBw,palatine-illinois
https://www.ubereats.com/chicago/food-delivery/jersey-mikes-subs-hoffman-%26-sutton/Pioq5aqnRzC9u1K74pVyHA,palatine-illinois
https://www.ubereats.com/chicago/food-delivery/doctor-dogs/xFLvawSBReqw4e-Z-uo3eA,palatine-illinois
https://www.ubereats.com/chicago/food-delivery/the-red-barn-restaurant-%26-brewery/_T8bjr1tTruBqsznUqqeZg,palatine-illinois
https://www.ubereats.com/chicago/food-delivery/urban-counter-palatine/VUrQmD2ERcWRI4CmCyNWqA,palatine-illinois
https://www.ubereats.com/chicago/food-delivery/giannis-cafe-kildeer/XDJmE4L9RPiTbuFSMqholw,palatine-illinois
https://www.ubereats.com/chicago/food-delivery/coffeessions/6cU5ui72TpufR0CSYcEyUg,palatine-illinois
https://www.ubereats.com/chicago/food-delivery/tugo-tea-house/HuinBnLQSISAZoL8YkJFSw,palatine-illinois
https://www.ubereats.com/chicago/food-delivery/mama-rosa-pizza-pasta-%26-tacos/Z_Kgf1W2S_2TvRK9oVi8bg,palatine-illinois
https://www.ubereats.com/chicago/food-delivery/starbucks-palatine-metra-station/dWaKgDB4TGOWsL_F9vcJCA,palatine-illinois
https://www.ubereats.com/chicago/food-delivery/mama-maria-pizza-%26-more-schaumburg/-edFX44ZSNegkeVUhnbvNQ,palatine-illinois
https://www.ubereats.com/chicago/food-delivery/dunkin-801-east-dundee-rd/rrerCQSnTSmuLtVwIohapQ,palatine-illinois
https://www.ubereats.com/chicago/food-delivery/starbucks-higgins-%26-meacham/S_U93AH6Q-yfHoasvo_Kag,palatine-illinois
https://www.ubereats.com/chicago/food-delivery/mama-sophias-subs/leXLzYGFT-2TAScnsqyIEw,palatine-illinois
https://www.ubereats.com/chicago/food-delivery/hachi-japanese-grill-%26-sushi/z5ASjOGYRYidPPvnId6Imw,palatine-illinois
https://www.ubereats.com/chicago/food-delivery/joe-%26-giuseppe-restaurant/eERnCUNJQTGm1kLNh1NRIQ,palatine-illinois
https://www.ubereats.com/chicago/food-delivery/wendys-229-s-rand-rd/lsbPg6YBRzWSIR6fDZySjQ,palatine-illinois
https://www.ubereats.com/chicago/food-delivery/el-agave-mexican-restaurant/CWP2KIcyTiO2f482TNz5tA,palatine-illinois
https://www.ubereats.com/chicago/food-delivery/salsa-street-mexican-restaurant-%26-cantina-palatine/rm3Qgy21S46PdC-5pLoLfw,palatine-illinois
https://www.ubereats.com/chicago/food-delivery/papa-saverios-pizzeria/AC-oe5wrTWibuXskhCqm7A,palatine-illinois
https://www.ubereats.com/chicago/food-delivery/madras-kafe/QloEJDmITRuLudoZDbVWew,palatine-illinois
https://www.ubereats.com/chicago/food-delivery/gabutto-burger/nJgLSWtpR2GQwJGbIluE6Q,palatine-illinois
https://www.ubereats.com/chicago/food-delivery/wrap-it-up-sandwiches-soups-%26-more/HsXqviNmTPqr3OO23VRg8w,palatine-illinois
https://www.ubereats.com/chicago/food-delivery/starbucks-northwest-highway-%26-colfax/etMjLxDbR-GqADtaHSlcYA,palatine-illinois
https://www.ubereats.com/chicago/food-delivery/picante-bar-%26-grill/nWk8Hr0vQb6m2JCGRazC_Q,palatine-illinois
https://www.ubereats.com/chicago/food-delivery/garibaldis-italian-eatery2346-west-higgins-road/F7IZ50HiSWWuhHj5XO79Ww,palatine-illinois
https://www.ubereats.com/chicago/food-delivery/millers-ale-house-schaumburg/nmGHLMvSTnuGv6q5HV5pSg,palatine-illinois
https://www.ubereats.com/chicago/food-delivery/kfc-1030-n-roselle-rd/z1IIw2j-QYuQmrr6N7tgcg,palatine-illinois
https://www.ubereats.com/chicago/food-delivery/panda-express-dundee-%26-milwaukee/YLi46VYgSlu2c-iaE23RWg,palatine-illinois
https://www.ubereats.com/chicago/food-delivery/asian-tokyo/ShysQomKSIaiX23o-HBtvQ,palatine-illinois
https://www.ubereats.com/chicago/food-delivery/noodles-%26-company-900-milwaukee-av-ste-a/UzGliDk2TUar0iKdEfjBxg,palatine-illinois
https://www.ubereats.com/chicago/food-delivery/jimmy-ds-district/euzdA1P3TGmSnoiIbXD6uA,palatine-illinois
https://www.ubereats.com/chicago/food-delivery/shalom-kosher-bakery/znv5gDp-QDOcRCeBMqqiYQ,palatine-illinois
https://www.ubereats.com/chicago/food-delivery/portillos-hot-dogs-1900-golf-rd/0DXh_QkERr-me1zxpKgY8g,palatine-illinois
https://www.ubereats.com/chicago/food-delivery/protein-bar-and-kitchen-meacham-%26-woodfield/13NDMskVQXabRYpXbLBffw,palatine-illinois
https://www.ubereats.com/chicago/food-delivery/twizted-burger-company/SAhDaMKJQMWw0fHXzo0yyA,palatine-illinois
https://www.ubereats.com/chicago/food-delivery/clayoven-tandoor-indian-grill-%26-bar/Awk347l-TwysdTrFUi1b4Q,palatine-illinois
https://www.ubereats.com/chicago/food-delivery/gus-diner/YU7tJnzvQA63HIeeqRo16g,palatine-illinois
https://www.ubereats.com/chicago/food-delivery/starbucks-biesterfield-%26-wellington/q57qK7NKS2GdPtavdl-RWA,palatine-illinois
https://www.ubereats.com/chicago/food-delivery/wildfish-sushi/Zmr1bnToSiiPW2AW_zkbaw,palatine-illinois
https://www.ubereats.com/chicago/food-delivery/chandlers-chophouse-grille-%26-banquets/0GNqeMcgSIafIkxZUcSvZw,palatine-illinois
https://www.ubereats.com/chicago/food-delivery/francescas-tavola/9u7o55vvSjeO8XjVnTZJ7g,palatine-illinois
https://www.ubereats.com/chicago/food-delivery/palamuru-grill/k-loo1TKQKCiDDBjFrz09Q,palatine-illinois
https://www.ubereats.com/chicago/food-delivery/nestle-toll-house-cafe-by-chip-5-woodfield-mall-f305a/ErFlpoYDT_OB3gcOqRvvuQ,palatine-illinois
https://www.ubereats.com/chicago/food-delivery/dunkin-1169-n-old-mchenry-rd-suite-120a/D0MkOUvnTkivzjbFv48rvw,palatine-illinois
https://www.ubereats.com/chicago/food-delivery/royal-buffet/7wS527vVQvuE-utVETPd2w,palatine-illinois
https://www.ubereats.com/chicago/food-delivery/jamesons-charhouse-mt-prospect/wYfDFN9pSHqp0hIiMEssOg,palatine-illinois
https://www.ubereats.com/chicago/food-delivery/indian-bistro/su0SBnuVQ32IWaV4bv6jPw,palatine-illinois
https://www.ubereats.com/chicago/food-delivery/mcdonalds-higgins-%26-moon-lake/TjfYWvONRjyiFlsKarXLtA,palatine-illinois
https://www.ubereats.com/chicago/food-delivery/honest/iyTObWd_S2KveU-8bKYpaA,palatine-illinois
https://www.ubereats.com/chicago/food-delivery/mina-restaurant/G9Xwbh0aSrWvEhIt482G6g,palatine-illinois
https://www.ubereats.com/chicago/food-delivery/bonchon-chicken-1615-milwaukee-ave/gPCT497BRR2Do52Mq0kHVw,palatine-illinois
https://www.ubereats.com/chicago/food-delivery/fried-egg-cafe/VkHy14dkTRG1U1x005bhJg,palatine-illinois
https://www.ubereats.com/chicago/food-delivery/inchins-bamboo-garden-chicago/_MC_FjHPQ7yx-OnqTauIjA,palatine-illinois
https://www.ubereats.com/chicago/food-delivery/taqueria-maya/ULYYRr4cTrKq4Ybg4CRRXQ,palatine-illinois
https://www.ubereats.com/chicago/food-delivery/red-robin-224-120-j-woodfield-mall/4110vPePS6uj1vzBA7zPsA,palatine-illinois
https://www.ubereats.com/chicago/food-delivery/grilled-cheesin/7uUFls0DQ4K5FAZ1av3b5Q,palatine-illinois
https://www.ubereats.com/chicago/food-delivery/sarpinos-pizzeria-2017-milwaukee-ave/HKtW1bi_R4ud5TL85ZmlYg,palatine-illinois
https://www.ubereats.com/chicago/food-delivery/mcdonalds-kirchoff-%26-meadow/8a2fgrHqRCKhL9-X0LJZSQ,palatine-illinois
https://www.ubereats.com/chicago/food-delivery/burger-king-75-w-northwest-hwy/12aJP3lORwWkXiuWNVoQDA,palatine-illinois
https://www.ubereats.com/chicago/food-delivery/steak-n-shake-675-meacham-rd/CQnXeG_zRZ-L_rgRAjFEEA,palatine-illinois
https://www.ubereats.com/chicago/food-delivery/remember-charlottes/85yxOqiqRfOX_kbqkmbKFA,palatine-illinois
https://www.ubereats.com/chicago/food-delivery/noodles-%26-company-1209-w-dundee-rd/oZv0SE7iSoKn9aufq_szow,palatine-illinois
https://www.ubereats.com/chicago/food-delivery/subway-barrington/h93Gz-SGQjqnvODEjFhqKA,palatine-illinois
https://www.ubereats.com/chicago/food-delivery/tomatillo-taco-ville-2/ucN156MyRcC-nKANCvC81w,palatine-illinois
https://www.ubereats.com/chicago/food-delivery/5th-avenue-sushi/IQF7UOl3R7SoZGCQ-V4yvw,palatine-illinois
https://www.ubereats.com/chicago/food-delivery/falafill-schaumburg/6Sba9NekRQy8dKOHepOhbQ,palatine-illinois
https://www.ubereats.com/chicago/food-delivery/taco-bell-951-s-roselle-rd/3SA2bgTGS4e_CN6m4VhoMQ,palatine-illinois
https://www.ubereats.com/chicago/food-delivery/fellini-restaurant-and-pizzeria/mFkUvp_rQ9C-V4O8awiH6A,palatine-illinois
https://www.ubereats.com/chicago/food-delivery/bar-down-sports-grill/-dc6hlpXSF20AJsEevNaww,palatine-illinois
https://www.ubereats.com/chicago/food-delivery/dunkin-2263-w-schaumburg-rd/718Tr4SUTQyM4Pj8VeRfyA,palatine-illinois
https://www.ubereats.com/chicago/food-delivery/blackwood-bbq/Aog3qDDHTeevIRFriZRbzQ,palatine-illinois
https://www.ubereats.com/chicago/food-delivery/arbys-100-w-rand-rd/M1S1TH4lQ3mQiuoraufytg,palatine-illinois
https://www.ubereats.com/chicago/food-delivery/quality-deli/KklYG1pEQA-Dp23-zhMy5w,palatine-illinois
https://www.ubereats.com/chicago/food-delivery/jersey-mikes-subs-main-%26-rand/eQkZqTFrSUeKYMWT8igBgQ,palatine-illinois
https://www.ubereats.com/chicago/food-delivery/nachos-tacos-place/cwZbJNIxT7O-VBpsGzPo4Q,palatine-illinois
https://www.ubereats.com/chicago/food-delivery/shake-shack-1765-e-golf-road/9s4ISWRfSOeSkuvFGoR7Fw,palatine-illinois
https://www.ubereats.com/chicago/food-delivery/subway-kensington/7oP-cFujR92Fk1BObfwoUw,palatine-illinois
https://www.ubereats.com/chicago/food-delivery/jersey-mikes-subs-108-e-golf-rd/8hSEErfvSDO8Pr5l082O5g,palatine-illinois
https://www.ubereats.com/chicago/food-delivery/wendys-1530-e-algonquin-road/Zb3yWyN-RHWEjRUguMp12A,palatine-illinois
https://www.ubereats.com/chicago/food-delivery/tendon-tempura-carlos-jr/ujAA232tTRmoctCACmFFDg,palatine-illinois
https://www.ubereats.com/chicago/food-delivery/burger-king-1515-w-dundee-rd/WdwsOnc2S_yNUYeyMJDpBg,palatine-illinois
https://www.ubereats.com/chicago/food-delivery/mcdonalds-algonquin-%26-palmer/0QbGzavGQlOMUhP3-EyHtw,palatine-illinois
https://www.ubereats.com/chicago/food-delivery/brazil-express-grill/t3cmogLPR2iPjN5ZmVe3Uw,palatine-illinois
https://www.ubereats.com/chicago/food-delivery/uncle-bills-diner/xGpqC4jhQuOZE_XR5NOYiw,palatine-illinois
https://www.ubereats.com/chicago/food-delivery/subway-1433-palatine-rd/CeK4ey8aR6WVcamTv9XbHw,palatine-illinois
https://www.ubereats.com/chicago/food-delivery/dunkin-435-milwaukee-ave/FDYD5dvXST26VqeykF2_YA,palatine-illinois
https://www.ubereats.com/chicago/food-delivery/starbucks-lake-cook-%26-lexington/xDj82f_uSMqTkIElh_Q2Fg,palatine-illinois
https://www.ubereats.com/chicago/food-delivery/mcdonalds-arlington-heights-%26-rand/cnHyb-cNSSGHrPhxiznYMg,palatine-illinois
https://www.ubereats.com/chicago/food-delivery/tasty-spin/RxyX-sEHT4iFzBNmA6Hdsg,palatine-illinois
https://www.ubereats.com/chicago/food-delivery/red-lobster-800-e-golf-road/JqIm7ZhlTEqWukEJt2ZfLw,palatine-illinois
https://www.ubereats.com/chicago/food-delivery/woodfire-tavern/A5FwFCk0RTe9HWOtEhugwg,palatine-illinois
https://www.ubereats.com/chicago/food-delivery/bellalukes-of-lake-zurich/kiaJiyOHRPuLyzvI7USgWA,palatine-illinois
https://www.ubereats.com/chicago/food-delivery/hooters-perimeter-%26-west/j5nnJk82RkyKUxORnBsIdA,palatine-illinois
https://www.ubereats.com/chicago/food-delivery/francescas-famiglia/EE25CJ93TzOLHclDNcy_Kw,palatine-illinois
https://www.ubereats.com/chicago/food-delivery/photos-hotdogs/HA7GXkUPTM24RJtqJxOpBQ,palatine-illinois
https://www.ubereats.com/chicago/food-delivery/mago-grill-%26-cantina-arlington-heights/-dcXnCKqTBSHMzRflTew4A,palatine-illinois
https://www.ubereats.com/chicago/food-delivery/bar-louie-plaza-%26-golf/YO0JkyboTcuDWByHCBtAgg,palatine-illinois
https://www.ubereats.com/chicago/food-delivery/grilled-cheesin/rHvAfixAQbKyso4XBMxkfQ,palatine-illinois
https://www.ubereats.com/chicago/food-delivery/bombay-chopsticks/gxDWX-3bT9ivOI2nHfEMig,palatine-illinois
https://www.ubereats.com/chicago/food-delivery/big-bowl-lincolnshire/7Zfj3CH7RWmeDvPzWaTQMQ,palatine-illinois
https://www.ubereats.com/chicago/food-delivery/hong-kong-cafe/_R1Q1_FLTkKPUL7KbtWHLQ,palatine-illinois
https://www.ubereats.com/chicago/food-delivery/subway-243-w-northwest-hwy/nEyTXPl9RAKnXV8MPSYNPQ,palatine-illinois
https://www.ubereats.com/chicago/food-delivery/tgi-fridays-2677-schaumburg-il/0odO_MwyRn2qu-Z1lLCKFg,palatine-illinois
https://www.ubereats.com/chicago/food-delivery/starbucks-euclid-%26-salt-creek-ln/Rw2WWSLjRruHOdpBRD3Vqg,palatine-illinois
https://www.ubereats.com/chicago/food-delivery/cinnabon-d203-woodfield-mall/cRFHDRHwQkGWNOnLPyoyWA,palatine-illinois
https://www.ubereats.com/chicago/food-delivery/the-juicer/C_vkXQyMSN6KvTf1orINjg,palatine-illinois
https://www.ubereats.com/chicago/food-delivery/steak-n-shake-201-e-euclid-ave/wPz6l1EpTMOm06VTXsWpmA,palatine-illinois
https://www.ubereats.com/chicago/food-delivery/flemings-prime-steakhouse-%26-wine-bar-lincolnshire/cKuT4iHTR7S1-0AtiLK1Wg,palatine-illinois
https://www.ubereats.com/chicago/food-delivery/honey-jam-cafe-arlington-heights/JPsFG5x5RaK91gqs315G3w,palatine-illinois
https://www.ubereats.com/chicago/food-delivery/mumbai-cafe/C_8NC40yRj--jKVKatuhNQ,palatine-illinois
https://www.ubereats.com/chicago/food-delivery/mcdonalds-northwest-%26-wilke/OMyK1fm5QueI9KuIRTEgKA,palatine-illinois
https://www.ubereats.com/chicago/food-delivery/traktir-the-12-chairs/ReYCnrNqQF6VGWzMcJLUFw,palatine-illinois
https://www.ubereats.com/chicago/food-delivery/pita-inn-wheeling/E7rzaFa2RNyRjeIwyUQhDg,palatine-illinois
https://www.ubereats.com/chicago/food-delivery/subway-1414-e-algonquin-rd/4dVvM-CdQTyKPOxbmytF5Q,palatine-illinois
https://www.ubereats.com/chicago/food-delivery/7401-bonefish-grill-180-s-roselle-rd/TIImIlzlS2KAKcI5itjODw,palatine-illinois
https://www.ubereats.com/chicago/food-delivery/pita-and-kabobz/NWFl2psRTVuXWSugTmUi6A,palatine-illinois
https://www.ubereats.com/chicago/food-delivery/foodhaul-arlington-heights/WUbR67YlQQi-ZTytEUAXaA,palatine-illinois
https://www.ubereats.com/chicago/food-delivery/tropical-smoothie-cafe-115-w-rand-rd-suite-b/YDOngtotTdaqGsOtG9DpCA,palatine-illinois
https://www.ubereats.com/chicago/food-delivery/morettis-ristorante-%26-pizzeria-schaumburg/keOussO5TjGNGdD-VJPFGw,palatine-illinois
https://www.ubereats.com/chicago/food-delivery/the-port-of-peri-peri-shaumburg/8_JesFeQQfGlHNA0VIpG6A,palatine-illinois
https://www.ubereats.com/chicago/food-delivery/jojos-family-diner/FH4jZEskTZGAcfmwuskwaA,palatine-illinois
https://www.ubereats.com/chicago/food-delivery/popeyes-45-n-northwest-hwy/wdt3WlwoToi8P4XsMTl9Vw,palatine-illinois
https://www.ubereats.com/chicago/food-delivery/meatheads-barrington/iFnDnc61Rs-W9AeVv4r5OQ,palatine-illinois
https://www.ubereats.com/chicago/food-delivery/mrs-p-%26-me/kVysbQJ-RHK682rzQEYzDA,palatine-illinois
https://www.ubereats.com/chicago/food-delivery/uptown-burgers/e-YCdmb9RJKp-t7aPWDs1Q,palatine-illinois
https://www.ubereats.com/chicago/food-delivery/mod-pizza-schaumburg/HvTy6YaDTNm5dRNjAYIaeg,palatine-illinois
https://www.ubereats.com/chicago/food-delivery/southern-belles-barrington/ialJM-koRfaxONBaOcQDHg,palatine-illinois
https://www.ubereats.com/chicago/food-delivery/jersey-mikes-subs-mchenry-%26-lake-cook/9Fo9O8R_SBeArPfDuRZk2w,palatine-illinois
https://www.ubereats.com/chicago/food-delivery/egg-harbor-cafe-arlington-heights/fpNTSIvmRymaSZg20p2OPg,palatine-illinois
https://www.ubereats.com/chicago/food-delivery/nikkos-grecian-grill/8zYvF-0pTLiaQl8F0Yp2Lg,palatine-illinois
https://www.ubereats.com/chicago/food-delivery/thai-house/XswDqRnnTAyUPVIpiQTIUQ,palatine-illinois
https://www.ubereats.com/chicago/food-delivery/chipotle-mexican-grill-1211-golf-rd/rNiszPghR3e8CiEbhNxMBA,palatine-illinois
https://www.ubereats.com/chicago/food-delivery/starbucks-golf-%26-higgins/4g12UhP8RyeOEO6OFCgC_g,palatine-illinois
https://www.ubereats.com/chicago/food-delivery/la-michoacana-premium/jshU1tesTQ2IXMfa6E0DHg,palatine-illinois
https://www.ubereats.com/chicago/food-delivery/new-crave-cafe/sR88zuAFT8-SxBbTUVwDXA,palatine-illinois
https://www.ubereats.com/chicago/food-delivery/avenue-bg/2DcwcryrTrmvzbdnB4_z1w,palatine-illinois
https://www.ubereats.com/chicago/food-delivery/napoli-per-tutti/lFlvKoPWRii8Ir8HJ_UVVA,palatine-illinois
https://www.ubereats.com/chicago/food-delivery/dunkin-1301-n-wolf-rd/ItIqIoAPS923mG5e0Q8quw,palatine-illinois
https://www.ubereats.com/chicago/food-delivery/sweetland-bakery/JXOX-WY1R7ChXWE56LN8Sg,palatine-illinois
https://www.ubereats.com/chicago/food-delivery/panda-express-3-woodfield-mall/VkjKmFmxTHOMFfkASyAfCA,palatine-illinois
https://www.ubereats.com/chicago/food-delivery/taqueria-mexico-2000-iii/XBzA5bN_QdWmAEKbeh8Rrw,palatine-illinois
https://www.ubereats.com/chicago/food-delivery/pinstripes-south-barrington/Ve3kN-CvQeaZpwZj2T9Tpg,palatine-illinois
https://www.ubereats.com/chicago/food-delivery/kitakata-ramen-ban-nai-hoffman-estates/05-c8TiiTte7wypxggrq8A,palatine-illinois
https://www.ubereats.com/chicago/food-delivery/subway-710-e-rand-rd/cg9tLQo4Tr694YavK0yqeQ,palatine-illinois
https://www.ubereats.com/chicago/food-delivery/potbelly-sandwich-shop-kildeer-%7C-35/z7RwSJARRYWjCmPDdha59Q,palatine-illinois
https://www.ubereats.com/chicago/food-delivery/taqueria-los-juanes/A0j85LxqT2KzGdSom7A4Xw,palatine-illinois
https://www.ubereats.com/chicago/food-delivery/mcalisters-deli-townline-%26-aspen/QVkbTpILSpSOD-9fHm6QJw,palatine-illinois
https://www.ubereats.com/chicago/food-delivery/jamba-juice-601-n-martingale-rd-ste-%23310/TTgefK5fQMeRdct0nlciwg,palatine-illinois
https://www.ubereats.com/chicago/food-delivery/mr-mesquite/H6ehiw2FRy2oGP1MARJRCw,palatine-illinois
https://www.ubereats.com/chicago/food-delivery/popeyes-7-w-dundee-rd/wkTBMZ0FQNeYAnM_7GBmpg,palatine-illinois
https://www.ubereats.com/chicago/food-delivery/la-poblanita/WYwPuW68RX2a0h8PIo4sYg,palatine-illinois
https://www.ubereats.com/chicago/food-delivery/ihop-mchenry-%26-lake-cook/Ic-rBR6QS8261BSMEFNRiA,palatine-illinois
https://www.ubereats.com/chicago/food-delivery/kebabs%26burgers/_H6bcuUoRPOPiy5ij685dw,palatine-illinois
https://www.ubereats.com/chicago/food-delivery/wendys-265-n-northwest-hwy/BLXpDtSkTEmlC8tv1qaqsg,palatine-illinois
https://www.ubereats.com/chicago/food-delivery/durty-nellies/OFXOZINqTaK3WtcVIkKVIw,palatine-illinois
https://www.ubereats.com/chicago/food-delivery/la-tasca-tapas/qSJAwcW8QDy336Up_5sqHQ,palatine-illinois
https://www.ubereats.com/chicago/food-delivery/tasty-nihari/CkUjqAsxRDOobaJkLT4HlQ,palatine-illinois
https://www.ubereats.com/chicago/food-delivery/schaumburg-indian-grill/lO9Xy2LPQIqvw-ZXE_ly1A,palatine-illinois
https://www.ubereats.com/chicago/food-delivery/oak-mill-bakery/QjYB1OxiQRaAt62Ak0mGgQ,palatine-illinois
https://www.ubereats.com/chicago/food-delivery/city-works-schaumburg/xsiQCuI2RCmvXbWaey_pWg,palatine-illinois
https://www.ubereats.com/chicago/food-delivery/portillos-hot-dogs-806-w-dundee-rd/HA4WiGE6Tv2gD3KhYvJ0Wg,palatine-illinois
https://www.ubereats.com/chicago/food-delivery/taco-bell-1530-w-algonquin-rd/tlpwDrcUSAivmhcgjW4_bw,palatine-illinois
https://www.ubereats.com/chicago/food-delivery/bollywood-spices/H8TC7ekzRcCbQSRirHXJ7w,palatine-illinois
https://www.ubereats.com/chicago/food-delivery/sbarro-g-123-woodfield-mall/-w_V9-TMQkutnLVqvTURsQ,palatine-illinois
https://www.ubereats.com/chicago/food-delivery/fresh-international-market-food-court/P9fulCB9QkC-A2nw3bVgFg,palatine-illinois
https://www.ubereats.com/chicago/food-delivery/wing-king/-HiFai49S-2EZk57dgglJw,palatine-illinois
https://www.ubereats.com/chicago/food-delivery/bakers-square-270-east-northwest-highway/OuRQpkIXQuuVyB4B2F7Sfg,palatine-illinois
https://www.ubereats.com/chicago/food-delivery/porkys-bbq/p_3NVsIkT6-xlYfiSS0aeQ,palatine-illinois
https://www.ubereats.com/chicago/food-delivery/burger-king-425-west-dundee-road/TI_nQISuR3CO7jHmLBzfCA,palatine-illinois
https://www.ubereats.com/chicago/food-delivery/simply-thai/JD5dLufcRK-LcpYYVNeI7A,palatine-illinois
https://www.ubereats.com/chicago/food-delivery/eggsperience-mt-prospect/9alEoZLkT4i84Igh1cEVWA,palatine-illinois
https://www.ubereats.com/chicago/food-delivery/hannas-bistro-cafe/uwi_zHEYSLizOaW6TjmVxA,palatine-illinois
https://www.ubereats.com/chicago/food-delivery/el-manantial-mexican-restaurant/-oRopbMyTamoSRQ5VvWLcQ,palatine-illinois
https://www.ubereats.com/chicago/food-delivery/phat-phat/UOwArqwKThyCnm5eTWm6qA,palatine-illinois
https://www.ubereats.com/chicago/food-delivery/dunkin-donuts-s-arlington-heights/Vn2SqN6TT-qjAyRe47jF2g,palatine-illinois
https://www.ubereats.com/chicago/food-delivery/dairy-queen-treat-1570-w-algonquin-rd/GpPAGBfZTp2_4gtJY1Al5g,palatine-illinois
https://www.ubereats.com/chicago/food-delivery/grandmas-cool-breakfast/5CCs_bZKRgGreS-7G60ylA,palatine-illinois
https://www.ubereats.com/chicago/food-delivery/burgerim/UObsgz04SSm8KZRTbJRqGA,palatine-illinois
https://www.ubereats.com/chicago/food-delivery/sizzling-wok/ZIsnRaN1SO2G2Kj57Vovjw,palatine-illinois
https://www.ubereats.com/chicago/food-delivery/cafe-zupas-1590-e-lake-cook-rd/4GGJE2SyRvOo2kz34OyAvQ,palatine-illinois
https://www.ubereats.com/chicago/food-delivery/cheesy-delicious/rFgOn234T5uJmimDoZDo3g,palatine-illinois
https://www.ubereats.com/chicago/food-delivery/starbucks-arlington-heights-%26-golf-road/LJSqGX2PSfisa2RHq1FyUA,palatine-illinois
https://www.ubereats.com/chicago/food-delivery/calzone-%26-macaroni-co/Kmw3td74RaivvbQiuQUlXw,palatine-illinois
https://www.ubereats.com/chicago/food-delivery/plaka-greek-taverna/OUE_ksfDQWmcLjMq29CO4g,palatine-illinois
https://www.ubereats.com/chicago/food-delivery/panera-1603-n-rand-road/0GAHOxCdQO6oSzlmXvnhrQ,palatine-illinois
https://www.ubereats.com/chicago/food-delivery/new-york-famous-pizza-%26-fresh-falafel-grill/Hg4X2vz4Sz6zMSMpCvHdmw,palatine-illinois
https://www.ubereats.com/chicago/food-delivery/red-robin-519-20506-north-rand-rd/GFfvnOSuQ9S6sRAv18PY-g,palatine-illinois
https://www.ubereats.com/chicago/food-delivery/golden-corral-445-east-palatine-road/eNJanRyuQhedqVuED7blzw,palatine-illinois
https://www.ubereats.com/chicago/food-delivery/king-shabu-shabu/URTPbKMXTmKfWOVpCPURnw,palatine-illinois
https://www.ubereats.com/chicago/food-delivery/red-robin-344-295-pkwy-dr/Py4bXRPWTpOfVxjzrlJbCQ,palatine-illinois
https://www.ubereats.com/chicago/food-delivery/dunkin-105-w-dundee-rd/kXhSYRITTcmlS-9nGHiVjw,palatine-illinois
https://www.ubereats.com/chicago/food-delivery/qp-greek-food-with-a-kick/5RWEWSeYRL69GA22A9vfxQ,palatine-illinois
https://www.ubereats.com/chicago/food-delivery/uhmazing-blts/qBFhWkpQSXqxXgP2EDAxkA,palatine-illinois
https://www.ubereats.com/chicago/food-delivery/benjyehuda-meacham-rd/zvOmlrp8TSO8WD6LX4pmMA,palatine-illinois
https://www.ubereats.com/chicago/food-delivery/five-guys-il-0510-1424-n-meacham/emds24UTRBCSPpw7fp3jAQ,palatine-illinois
https://www.ubereats.com/chicago/food-delivery/indian-cafe/UhN2BqA6SdeYCeKhze9sVw,palatine-illinois
https://www.ubereats.com/chicago/food-delivery/panda-express-997-south-rand-rd/PTxU_e3SSKK7u34lbSQaYw,palatine-illinois
https://www.ubereats.com/chicago/food-delivery/sampurnas-indian-flavor/5CnohXeORdy-4t4u1maFSA,palatine-illinois
https://www.ubereats.com/chicago/food-delivery/five-guys-il-0558-1323-golf-rd/1s07eHC2R86biKbG2NgdGA,palatine-illinois
https://www.ubereats.com/chicago/food-delivery/starbucks-rand-%26-arlington-heights/MG9Jbxs2SSq7-xbnL7mC_A,palatine-illinois
https://www.ubereats.com/chicago/food-delivery/grill-house/Lc9hsa0jROuTthgTR5h5ug,palatine-illinois
https://www.ubereats.com/chicago/food-delivery/penang-malaysian-cuisine/JY9AQdTzSSislH1zkQbquA,palatine-illinois
https://www.ubereats.com/chicago/food-delivery/toscana-restaurant-%26-lounge/3Q_11k-hTHqK2eIiMjHQCg,palatine-illinois
https://www.ubereats.com/chicago/food-delivery/los-fernandez-restaurant/0mpuCOpdSNO7HvAppVoB8A,palatine-illinois
https://www.ubereats.com/chicago/food-delivery/dunkin-850-elmhurst-rd/OcxwtlRfQxGpnQ42dHm9Ow,palatine-illinois
https://www.ubereats.com/chicago/food-delivery/dunkin-1440-n-meacham-rd/QGCXDfwGQVmXmvEirkjftw,palatine-illinois
https://www.ubereats.com/chicago/food-delivery/chasers-sports-bar-%26-grill-lake-zurich/sA5FxqeuSGK6x-IVctFNXw,palatine-illinois
https://www.ubereats.com/chicago/food-delivery/savory-salads-arlington-heights/7zcZQGbKQ-C_PLbAgZWFFg,palatine-illinois
https://www.ubereats.com/chicago/food-delivery/bonchon-chicken-1408-e-golf-rd/-fEJWEOOQ2-33JLr7rd3Rw,palatine-illinois
https://www.ubereats.com/chicago/food-delivery/pizanoz-pizza/AzwD9zdNQ2ykKigq1fi9Aw,palatine-illinois
https://www.ubereats.com/chicago/food-delivery/vinis-pizza-and-catering/7_duNwjNTfO2diWoL3ufdg,palatine-illinois
https://www.ubereats.com/chicago/food-delivery/hyderabad-house/jajENJ8dRNG2WQC13WPApA,palatine-illinois
https://www.ubereats.com/chicago/food-delivery/yus-mandarin-schaumburg/Rbmh1kH2RrC1tQRAAc9mGw,palatine-illinois
https://www.ubereats.com/chicago/food-delivery/grande-jakes-fresh-mexican-grill-rolling-meadows/sQbgLncBTWeBWTh7jKxHzQ,palatine-illinois
https://www.ubereats.com/chicago/food-delivery/royce-chocolate-arlington-heights/P-bOR4vlSAamlETn0XuuGg,palatine-illinois
https://www.ubereats.com/chicago/food-delivery/tortorices-pizza-buffalo-grove/bdnojI8uQQSH4-xe6gozOw,palatine-illinois
https://www.ubereats.com/chicago/food-delivery/tropical-smoothie-cafe-920-n-elmhurst-road/rztwsv25RlypObk8eBY1fA,palatine-illinois
https://www.ubereats.com/chicago/food-delivery/fannie-may-palatine/tLJ-Yfp2Q6iWn0QQno068A,palatine-illinois
https://www.ubereats.com/chicago/food-delivery/los-2-amigos/hxYFR6LOTZuH2FrECP43XA,palatine-illinois
https://www.ubereats.com/chicago/food-delivery/sarpinos-pizzeria-577-e-dundee-rd/BP43PC_CRjKPMim_1Dx_gw,palatine-illinois
https://www.ubereats.com/chicago/food-delivery/shansgrill/Ga3qgoR_TtSixl1XiAsWTA,palatine-illinois
https://www.ubereats.com/chicago/food-delivery/jersey-mikes-subs-dundee-%26-rand/W9j2OzKsTp-zli5vFBn-iw,palatine-illinois
https://www.ubereats.com/chicago/food-delivery/finn-mccools-schaumburg/jCW8ukntSWakAKLWaUg_Mw,palatine-illinois
https://www.ubereats.com/chicago/food-delivery/crave-bar-%26-food-joynt/Smx2bkFKSoaVfFTzm-5ERg,palatine-illinois
https://www.ubereats.com/chicago/food-delivery/wendys-29-w-golf-rd/Cc8-oxoeQWW0i4qCRT9ycg,palatine-illinois
https://www.ubereats.com/chicago/food-delivery/knead-bakery-and-cafe/-fXQn40mQ4WQqx3Gbp2p4w,palatine-illinois
https://www.ubereats.com/chicago/food-delivery/tropical-smoothie-cafe-1458-golf-road/dReGqbvVQ6ehPJu5Z0Mtuw,palatine-illinois
https://www.ubereats.com/chicago/food-delivery/scoobys/u-SyS9mSS8ChveDtKr4Nsw,palatine-illinois
https://www.ubereats.com/chicago/food-delivery/ra-sushi-wheeling/ceIF6WJ9QUiYSRXwTjJ6bw,palatine-illinois
https://www.ubereats.com/chicago/food-delivery/panchos-taqueria-and-catering/Xkj1bu5DQ4m6LCw4vipZVg,palatine-illinois
https://www.ubereats.com/chicago/food-delivery/roti-modern-mediterranean-892-n-meacham-rd/zAFfKQWFT-qQFYIwrlT3ug,palatine-illinois
https://www.ubereats.com/chicago/food-delivery/subway-2960-w-euclid-ave/Fbey0gXwQQm3qm_OdXvDYQ,palatine-illinois
https://www.ubereats.com/chicago/food-delivery/so-gong-dong-tofu-%26-bbq-schaumburg/gDSq7_-cR2qSmHe4uvd4ww,palatine-illinois
https://www.ubereats.com/chicago/food-delivery/charleys-philly-steaks-woodfield-mall/772ijZ96SaOpjxZaIkP_Jw,palatine-illinois
https://www.ubereats.com/chicago/food-delivery/burger-king-80-mc-henry-road/xp-jXFAWSvmNqH3E7_h8Hw,palatine-illinois
https://www.ubereats.com/chicago/food-delivery/dragonfly-asian-wokers/CnSYeBe0SDqEhT7pX_xrEg,palatine-illinois
https://www.ubereats.com/chicago/food-delivery/simply-sushi/BNFgI4aSRzm0mDQSJbiNTw,palatine-illinois
https://www.ubereats.com/chicago/food-delivery/dolce-italian-restaurant-arlington-heights-rd/uITvr_k0RAuE-CrVQnCXvQ,palatine-illinois
https://www.ubereats.com/chicago/food-delivery/fratellos-2-hot-dogs/gkt_bpGUSr6dMLRuymTzYQ,palatine-illinois
https://www.ubereats.com/chicago/food-delivery/the-ice-cream-shop/T1sWo2jZQ3KaUFt97UbijA,palatine-illinois
https://www.ubereats.com/chicago/food-delivery/chipotle-mexican-grill-15-e-golf-rd/fcCfvHQ9QSa3Nhza1WtrvQ,palatine-illinois
https://www.ubereats.com/chicago/food-delivery/starbucks-meacham-%26-american/uoY-3CXESSy7bFHxPKQp5w,palatine-illinois
https://www.ubereats.com/chicago/food-delivery/honey-baked-ham-algonquin-rd/iU7qmiR5QXilmaRRYz9V0A,palatine-illinois
https://www.ubereats.com/chicago/food-delivery/dunkin-1001-s-busse-rd/XZLULjc4RAiKQy9_FEnJ4w,palatine-illinois
https://www.ubereats.com/chicago/food-delivery/cinnaholic-schaumburg/Lfq0BVGFRzaB1pA2ASWC_g,palatine-illinois
https://www.ubereats.com/chicago/food-delivery/rack-house/m81SFVtFSoW3RtVl9Vmsjw,palatine-illinois
https://www.ubereats.com/chicago/food-delivery/wing-squad-wheeling/mBCOw394SJqxJ4ntOuQb6Q,palatine-illinois
https://www.ubereats.com/chicago/food-delivery/jaded-thai/w2IOrghbRPmMpBZ2jst_qQ,palatine-illinois
https://www.ubereats.com/chicago/food-delivery/cafe-fourteen/lEdACm9_Tkmyk3J7uod0rQ,palatine-illinois
https://www.ubereats.com/chicago/food-delivery/ra-sushi-schaumburg/GyfNZD-SRpGkHLwI9I8RUw,palatine-illinois
https://www.ubereats.com/chicago/food-delivery/golden-kitchen-butterfield/r-F8QtA3TlqTL3zJLm3CYw,palatine-illinois
https://www.ubereats.com/chicago/food-delivery/hyderabad-house-biryani-place-schaumburg/MdKHvEJkQiSrXA_131fWlg,palatine-illinois
https://www.ubereats.com/chicago/food-delivery/purple-sprout-cafe-dundee-rd/afuwq2QrSoe7xe3eyvjaog,palatine-illinois
https://www.ubereats.com/chicago/food-delivery/halal-kitchen/Sk9wd9KNReSDah8ubYYNsg,palatine-illinois
https://www.ubereats.com/chicago/food-delivery/ra-sushi-150-n-milwaukee-avenue/xE8r3EWzTHG4ZKAjFK6MZA,palatine-illinois
https://www.ubereats.com/chicago/food-delivery/dunkin-1165-n-barrington-rd/mBcSdI4-Tcebqd-F8qb1uQ,palatine-illinois
https://www.ubereats.com/chicago/food-delivery/on-the-border-vernon-hills/4anXpiQMQaC_VJ_NQE8euA,palatine-illinois
https://www.ubereats.com/chicago/food-delivery/the-rose-garden-cafe/_Ox8zTC3SIKDni15mfGevw,palatine-illinois
https://www.ubereats.com/chicago/food-delivery/gails-carriage-place/Kgiec4hDTY-LQGM06UkM4Q,palatine-illinois
https://www.ubereats.com/chicago/food-delivery/yus-mandarin-vernon-hills/qo33b1GyTSyyORGm6qxz2Q,palatine-illinois
https://www.ubereats.com/chicago/food-delivery/pizzeria-antica/O9CfoYjrR--AKYK5LltHVw,palatine-illinois
https://www.ubereats.com/chicago/food-delivery/cold-stone-creamery-woodfield/v5alyL9US7GuQ-OopeCDvA,palatine-illinois
https://www.ubereats.com/chicago/food-delivery/jets-pizza-wheeling/4jlJPoBoTT6HH_-4xV4N7A,palatine-illinois
https://www.ubereats.com/chicago/food-delivery/wendys-1750-e-higgins-road/zZ4JRepjQXODB4BuV5yExQ,palatine-illinois
https://www.ubereats.com/chicago/food-delivery/rosatis-pizza-elk-grove/piU6Mp8VQNK7o7dPds2wwQ,palatine-illinois
https://www.ubereats.com/chicago/food-delivery/mcalisters-deli-1109-n-elmhurst/nQroJWprSPaxd3RIgOTdNA,palatine-illinois
https://www.ubereats.com/chicago/food-delivery/rosatis-pizza-northwest-hwy/924h9jg_QWaMFCkhsV9Gnw,palatine-illinois
https://www.ubereats.com/chicago/food-delivery/taco-bell-275-w-golf-road/7wZYZysLT5OT22MNSD8XmA,palatine-illinois
https://www.ubereats.com/chicago/food-delivery/dunkin-893-e-schaumburg-rd/-ybBGQrrTi-in6ZG605G9A,palatine-illinois
https://www.ubereats.com/chicago/food-delivery/sake-sushi-and-grill/Tj8snrArQXq0BFcEs0bYeg,palatine-illinois
https://www.ubereats.com/chicago/food-delivery/dengeos/seRBGAcZTR-f1hT3n6E9zw,palatine-illinois
https://www.ubereats.com/chicago/food-delivery/mcdonalds-dundee-%26-milwaukee/B3RLbn6dTx-D0IuZXkekAQ,palatine-illinois
https://www.ubereats.com/chicago/food-delivery/mcdonalds-golf-%26-arlington-heights/vyUeev3jTC6WVhW7QkIAFg,palatine-illinois
https://www.ubereats.com/chicago/food-delivery/la-pizza-via/C3-qORW2TEOMU231LDCxlw,palatine-illinois
https://www.ubereats.com/chicago/food-delivery/mcdonalds-rand-%26-winslowe/6Q7w0HUqRp6oaIL714sSrA,palatine-illinois
https://www.ubereats.com/chicago/food-delivery/arbys-1331-golf-rd/qD1yQhTmQXG_9-6JxTBGsA,palatine-illinois
https://www.ubereats.com/chicago/food-delivery/pf-changs-5-woodfield-mall-space-d313/xmLrKg3zRhymw5r88Pt7zA,palatine-illinois
https://www.ubereats.com/chicago/food-delivery/little-caesars-534-w-dundee-rd/eakQF-AYR8C6bOyaTnZzTA,palatine-illinois
https://www.ubereats.com/chicago/food-delivery/wendys-1207-w-northwest-highway/y-JPqGQ2Spmz-oaSNX5LYQ,palatine-illinois
https://www.ubereats.com/chicago/food-delivery/giannis-cafe-station/q0cwYAGWT92A0qor7tjxaw,palatine-illinois
https://www.ubereats.com/chicago/food-delivery/stans-donuts-%26-coffee-woodfield-mall/HEGOLQKPRlmgn5FNGE7k9w,palatine-illinois
https://www.ubereats.com/chicago/food-delivery/wing-society/sTfhvwAISqq9k0WdwEWJXA,palatine-illinois
https://www.ubereats.com/chicago/food-delivery/buffalo-wild-wings-1430-n-meacham-rd/HQIea6O5Tj6grUKkj4cXyg,palatine-illinois
https://www.ubereats.com/chicago/food-delivery/chipotle-mexican-grill-2558-w-schaumburg-rd/v6BHHXxrRQ6Ft4EDnIc-kA,palatine-illinois
https://www.ubereats.com/chicago/food-delivery/noodles-%26-company-66-s-arlington-heights-rd/02sZbnQDQaC4MTrAjwtI1g,palatine-illinois
https://www.ubereats.com/chicago/food-delivery/papa-johns-palatine/McjbWJfJRbilsmBaqpW5Hw,palatine-illinois
https://www.ubereats.com/chicago/food-delivery/pza-wheeling/jKQq9-r8TUSLcGp7deK0zw,palatine-illinois
https://www.ubereats.com/chicago/food-delivery/via-arenella/OTppPUCcR0m5Bp_0aw5RQA,palatine-illinois
https://www.ubereats.com/chicago/food-delivery/sushi-ai/ATNrVA2XQaCwGTpaU8ZlfQ,palatine-illinois
https://www.ubereats.com/chicago/food-delivery/morettis-ristorante-%26-pizzeria-barrington/gA1JSQUVRBeKfjgnNzgh5A,palatine-illinois
https://www.ubereats.com/chicago/food-delivery/subway-2087-north-barrington-rd/VHDDRxyfRcKA64424CcdJg,palatine-illinois
https://www.ubereats.com/chicago/food-delivery/mcdonalds-roselle-%26-golf/e5WWHTsYTOGrtz1ykvm7mQ,palatine-illinois
https://www.ubereats.com/chicago/food-delivery/corner-bakery-cafe-470-e-rand-rd/RfFuD4WeSGOyfB36L1gvRg,palatine-illinois
