url,city
https://www.ubereats.com/miami/food-delivery/churromania-the-falls/59w8PkEjQxu38L3G0XlHNA,palmetto-bay-florida
https://www.ubereats.com/miami/food-delivery/cubavana-cafe/ruX8Idx-S9aBj6Q1mv286g,palmetto-bay-florida
https://www.ubereats.com/miami/food-delivery/miami-grill-cutler-bay/V2Mu7Wx8RTGY4dchgudIvQ,palmetto-bay-florida
https://www.ubereats.com/miami/food-delivery/tani-thai-by-rin/veavCpKYSWujFXZDtWeNdQ,palmetto-bay-florida
https://www.ubereats.com/miami/food-delivery/mainzers-delicatessen-%26-european-market/JK7-aG_fRVGwRbhehlMdoQ,palmetto-bay-florida
https://www.ubereats.com/miami/food-delivery/red-lobster-8705-sw-136th-street/lGE3fUURQaqN0HtjbsaYYg,palmetto-bay-florida
https://www.ubereats.com/miami/food-delivery/rebel-wings-mia07-1/B0_ouvSyTtCskT7i5YL-Mg,palmetto-bay-florida
https://www.ubereats.com/miami/food-delivery/captains-tavern-seafood-%26-fish-market/cVDGxHgpTpOVBaus6QQ_aw,palmetto-bay-florida
https://www.ubereats.com/miami/food-delivery/sandbar-sports-grill/6joQdHT9Q9aJX_28ER8XiQ,palmetto-bay-florida
https://www.ubereats.com/miami/food-delivery/mojo-donuts-us-1/9AUKRqULTJyqFRQr55CzvA,palmetto-bay-florida
https://www.ubereats.com/miami/food-delivery/the-original-pancake-house-11510-sw-72nd-st/5swe0bHyQsS0UtvCFpRiJQ,palmetto-bay-florida
https://www.ubereats.com/miami/food-delivery/the-salty-donut-south-miami/62QQUHXuQwG6rDtoHEa-6w,palmetto-bay-florida
https://www.ubereats.com/miami/food-delivery/jalisco-taco-shop/ktf2HNC-T1eF8z5o4JBbew,palmetto-bay-florida
https://www.ubereats.com/miami/food-delivery/enis-seafood/yXdEss_TTaCFt5piQxSD5A,palmetto-bay-florida
https://www.ubereats.com/miami/food-delivery/the-ice-cream-shop/3mErfbE5QxGsv6GqGM52Yg,palmetto-bay-florida
https://www.ubereats.com/miami/food-delivery/bon-bon-cakes-305/U7PWasuRRVCiip6NrR9gqA,palmetto-bay-florida
https://www.ubereats.com/miami/food-delivery/hole-in-the-wall/Y6KLnVXzSq-uVndZxwB7fw,palmetto-bay-florida
https://www.ubereats.com/miami/food-delivery/subway-18541-s-dixie-hwy/dSU5tcJDS6CRyHZDRD6VTg,palmetto-bay-florida
https://www.ubereats.com/miami/food-delivery/bulla-gastrobar-the-falls/p5_AHkZlSXy0MZ0I8EJFng,palmetto-bay-florida
https://www.ubereats.com/miami/food-delivery/freshco-fish-market-%26-grill/J-dHwRIZSiWTCsZu1C2xZw,palmetto-bay-florida
https://www.ubereats.com/miami/food-delivery/raw-addiction-eureka/cz6CHIQUR0Wy9n1XxrzwGw,palmetto-bay-florida
https://www.ubereats.com/miami/food-delivery/neighborhood-kitchens-food-hall-mia07-1/k_NwGyzbSfqG5qYWVXMFsg,palmetto-bay-florida
https://www.ubereats.com/miami/food-delivery/crepe-maker-kendale-lakes/FXQ42GSzR7K9t9MgXKXZJA,palmetto-bay-florida
https://www.ubereats.com/miami/food-delivery/oh-yes!!-crepes-%26-sandwiches/h_qVLtnAQh23650H0U8aFw,palmetto-bay-florida
https://www.ubereats.com/miami/food-delivery/pandoras-box-bakery/bja_hRkVRoWwt5wf8woWxQ,palmetto-bay-florida
https://www.ubereats.com/miami/food-delivery/fuddruckers-kendall/sV-2UA_cQjWObJY22epfoQ,palmetto-bay-florida
https://www.ubereats.com/miami/food-delivery/phenomenom-pinecrest/HMlfyuEYTdW93gvCmu8PGQ,palmetto-bay-florida
https://www.ubereats.com/miami/food-delivery/bocas-grill-kendall-dr-miami-fl/l872YASKSUC1crb9eYs5pg,palmetto-bay-florida
https://www.ubereats.com/miami/food-delivery/sushi-maki-palmetto-bay/IKMIGdbXT46vuA1FZAkp7A,palmetto-bay-florida
https://www.ubereats.com/miami/food-delivery/pinecrest-bakery-food-bus/R-vWc2DdR7SNa_me6ACycg,palmetto-bay-florida
https://www.ubereats.com/miami/food-delivery/ribs-on-wheels/XmHLoSKtT5ieDuJAYSvW4g,palmetto-bay-florida
https://www.ubereats.com/miami/food-delivery/monster-cookies-107th-ave/Sl6DMP5LS1OV8cuFAV9yrA,palmetto-bay-florida
https://www.ubereats.com/miami/food-delivery/el-mio-restaurant/YQWe1cWzTtyq9c9e8mkKCA,palmetto-bay-florida
https://www.ubereats.com/miami/food-delivery/burger-king-11400-quail-roost-drive/-BYiprW2QqGFs39Lpa-XKw,palmetto-bay-florida
https://www.ubereats.com/miami/food-delivery/la-maison-de-bruno/T9AKyluqRL6kuYQclH1ojQ,palmetto-bay-florida
https://www.ubereats.com/miami/food-delivery/anthonys-coal-fired-pizza-pinecrest/3x4IGlN-TMyUa_qpmJrAyg,palmetto-bay-florida
https://www.ubereats.com/miami/food-delivery/big-burg3r/Sc88gnz5SOO1WPSz8XWpmQ,palmetto-bay-florida
https://www.ubereats.com/miami/food-delivery/subway-15063-s-dixie/suxBKLzVSemuF2PmqR8nXQ,palmetto-bay-florida
https://www.ubereats.com/miami/food-delivery/pita-grill-%26-market/tdErsau9RwaNDAExuV5q7A,palmetto-bay-florida
https://www.ubereats.com/miami/food-delivery/shake-shack-1450-s-dixie-highway/PCNWfSvZQzKcFSR29tymUQ,palmetto-bay-florida
https://www.ubereats.com/miami/food-delivery/pf-changs-8888-sw-136th-st-suite-100/9O0S7K48SKufny6n1P5zRQ,palmetto-bay-florida
https://www.ubereats.com/miami/food-delivery/taco-bell/pqp122asQuWuiDyubhcVwA,palmetto-bay-florida
https://www.ubereats.com/miami/food-delivery/buns-%26-bao-mia07-2/obxA1iVUR2mcZ35RnqJKfQ,palmetto-bay-florida
https://www.ubereats.com/miami/food-delivery/sergios-restaurant-london-square/yodiLTWiQ1Wr1wb55iE4sQ,palmetto-bay-florida
https://www.ubereats.com/miami/food-delivery/poki-bowl-kendall/ezWfU0i2T8W78hRHSJEhSw,palmetto-bay-florida
https://www.ubereats.com/miami/food-delivery/nacatamal-managuita/lE2RHp_9Qj-XSEdFfqBF7g,palmetto-bay-florida
https://www.ubereats.com/miami/food-delivery/taco-bell-13710-sw-88th-street/fFrJ9TpKS0GOpjN5RcmJOw,palmetto-bay-florida
https://www.ubereats.com/miami/food-delivery/killian-cafe-%26-grill/Oyk9rkLATJGsBDll_imWOw,palmetto-bay-florida
https://www.ubereats.com/miami/food-delivery/yoyos-burgers/r1q8XjTMTt2shjjFLTl7-g,palmetto-bay-florida
https://www.ubereats.com/miami/food-delivery/farm-stores-palmetto-bay/hkTQGvQBQ4W0JzoZm6Zeug,palmetto-bay-florida
https://www.ubereats.com/miami/food-delivery/coppolas-ristorante-italiano/vgl8UXRkRAO0BIwPtW5n9Q,palmetto-bay-florida
https://www.ubereats.com/miami/food-delivery/healthy-options-corner-pinecrest/BUQtpAZCS2CAyx1JXEVJHQ,palmetto-bay-florida
https://www.ubereats.com/miami/food-delivery/party-cake-bakery/ICoT2HflTr-fncKUIsG8Jg,palmetto-bay-florida
https://www.ubereats.com/miami/food-delivery/la-granja-south-miami/mA2Fjos7Sqeaep6kKPoBLg,palmetto-bay-florida
https://www.ubereats.com/miami/food-delivery/burger-king-14095-n-kendall-drive/3bY1wdf1TmWTlEntLDHOkA,palmetto-bay-florida
https://www.ubereats.com/miami/food-delivery/little-hoolies/SY1Q7sJFQxaF-7qXVcpA_w,palmetto-bay-florida
https://www.ubereats.com/miami/food-delivery/taco-bell-15201-sw-104th-street/QDQEcqqvQpa8iUYgLAd40w,palmetto-bay-florida
https://www.ubereats.com/miami/food-delivery/el-tambo-grill/RM7T-4hNRMmQbDn6II5r-A,palmetto-bay-florida
https://www.ubereats.com/miami/food-delivery/chana-thai-kitchen/zjm-YCXGRCubZT2tNYJ1Tg,palmetto-bay-florida
https://www.ubereats.com/miami/food-delivery/pollo-tropical-8975-s-dixie-hwy/QT-OWth5Q1uIPvDI2MRF9g,palmetto-bay-florida
https://www.ubereats.com/miami/food-delivery/poke-bowl-pinecrest/3czjIKCsR6ezM1r99NfMvA,palmetto-bay-florida
https://www.ubereats.com/miami/food-delivery/pollo-tropical-18390-sw-137th-ave/89Sys9yRTXqbKzWnF-pyXw,palmetto-bay-florida
https://www.ubereats.com/miami/food-delivery/china-gourmet-palmetto-bay/DwW9D6umQF-FUq2qIxBRjA,palmetto-bay-florida
https://www.ubereats.com/miami/food-delivery/root-%26-bone-south-miami/3RIQvDw8QPipooCDEJKtyQ,palmetto-bay-florida
https://www.ubereats.com/miami/food-delivery/edible-arrangements-18815-southwest-117th-ave/Ob2-XGkYS8u1ODDa98F7Gw,palmetto-bay-florida
https://www.ubereats.com/miami/food-delivery/k-pizza-miami/V290SWuVSNSqZUqEVvlkUQ,palmetto-bay-florida
https://www.ubereats.com/miami/food-delivery/cao-chocolates/r6AZNLPpQiehDB2gPOVIVw,palmetto-bay-florida
https://www.ubereats.com/miami/food-delivery/hole-in-the-wall/bDXGa5OWSe-eXe_UxRq19A,palmetto-bay-florida
https://www.ubereats.com/miami/food-delivery/choripan-restaurant/QJnarN16QfCR0Csswm_0sA,palmetto-bay-florida
https://www.ubereats.com/miami/food-delivery/mcdonalds-crossings/X0MArqCIRre62DCfQE2y9g,palmetto-bay-florida
https://www.ubereats.com/miami/food-delivery/bamboo-bowls-kendall/EcM39BIqQ0-_KqwFHlailQ,palmetto-bay-florida
https://www.ubereats.com/miami/food-delivery/sak-pase-restaurant%232/VRw4375YTVqKw3kFjcasYw,palmetto-bay-florida
https://www.ubereats.com/miami/food-delivery/farm-stores-10760-caribbean-blvd/UcPA-fqBRCike7mnac3CNQ,palmetto-bay-florida
https://www.ubereats.com/miami/food-delivery/pei-wei-13616-n-kendall-dr/Y4DNZyOMRw6d8HOg2Oc6QQ,palmetto-bay-florida
https://www.ubereats.com/miami/food-delivery/becomeonefit-nutrition/W8055NZiS_G6Z2EnkKO8vQ,palmetto-bay-florida
https://www.ubereats.com/miami/food-delivery/mius-tea/MQbc8fwnT4-ALTj4uj_eRg,palmetto-bay-florida
https://www.ubereats.com/miami/food-delivery/haagen-dazs-mills-drive/rB8T6QXhSwiD9y1qMrpvfw,palmetto-bay-florida
https://www.ubereats.com/miami/food-delivery/american-eclectic-burger-mia07-1/voLuU5iAQN6N3w5hatqB_A,palmetto-bay-florida
https://www.ubereats.com/miami/food-delivery/taco-genius-216th-street/Ka1e1JICTGaRRWsTsmwUFA,palmetto-bay-florida
https://www.ubereats.com/miami/food-delivery/krispy-krunchy-chicken-%26-kitchen-halal/E-FcL0myQIatiFcPZNnIHg,palmetto-bay-florida
https://www.ubereats.com/miami/food-delivery/barbarella/G0JuIA4vT5mhic_rVXgEBA,palmetto-bay-florida
https://www.ubereats.com/miami/food-delivery/mr-comelon-miami/hyh0uTZaTdSCX5jbGe3AQg,palmetto-bay-florida
https://www.ubereats.com/miami/food-delivery/popeyes-18403-s-dixie-hwy/ArAT8QDZRSeYccswoTpyMQ,palmetto-bay-florida
https://www.ubereats.com/miami/food-delivery/bowl-ruto-ramen-shop/LkY4amLaSAiecBPyNHoHcA,palmetto-bay-florida
https://www.ubereats.com/miami/food-delivery/chicken-kitchen-country-walk/UU3oJ6d0Tze7qAnnbMGuOA,palmetto-bay-florida
https://www.ubereats.com/miami/food-delivery/puro-sazon/aqrhcE-HRCqehstSqlW-CA,palmetto-bay-florida
https://www.ubereats.com/miami/food-delivery/las-cazuelas-kendall/GqtKDOjlTsyKVa3VizEMag,palmetto-bay-florida
https://www.ubereats.com/miami/food-delivery/china-wok-miami/yjLslQ0WTDGQcChYQ9tfTw,palmetto-bay-florida
https://www.ubereats.com/miami/food-delivery/fryd-love-at-first-bite/JNGecyg8SAqFTmx3U11GyA,palmetto-bay-florida
https://www.ubereats.com/miami/food-delivery/kenia-plaza-restaurant/Eo0XxhyXQtia81BUJTCz-w,palmetto-bay-florida
https://www.ubereats.com/miami/food-delivery/makan-miami/YAD2QQNpQoGbkuNhViDJFw,palmetto-bay-florida
https://www.ubereats.com/miami/food-delivery/healthy-gourmet-miami/n8gGlflDSBuqsLXr_8hCAw,palmetto-bay-florida
https://www.ubereats.com/miami/food-delivery/dunkin-18099-s-dixie-hwy/Fe0eTGjnQyWjUT7VBr4NAQ,palmetto-bay-florida
https://www.ubereats.com/miami/food-delivery/falafel-house-dadeland/MofPjQlQSxysOf3pp2c-gQ,palmetto-bay-florida
https://www.ubereats.com/miami/food-delivery/off-the-grille/O1P8BalATkiiZuE-s2PpIg,palmetto-bay-florida
https://www.ubereats.com/miami/food-delivery/corbetts-sports-bar-%26-grill/fiZCBSDhQ2qopbCY6TX5gw,palmetto-bay-florida
https://www.ubereats.com/miami/food-delivery/the-ice-cream-shop/NYtLNE3rSsWiGRUMSQz21A,palmetto-bay-florida
https://www.ubereats.com/miami/food-delivery/earls-kitchen-%2B-bar-dadeland-mall/Y6wZq3GOQb64YeUaXeUllA,palmetto-bay-florida
https://www.ubereats.com/miami/food-delivery/starbucks-sw-120th-st-%26-sw-127th-ave/47iGbTGjTEuMe7QcW0E3Pg,palmetto-bay-florida
https://www.ubereats.com/miami/food-delivery/texas-de-brazil-dadeland/-Ppvjd5FQvOXFK2ApdiWcQ,palmetto-bay-florida
https://www.ubereats.com/miami/food-delivery/mcdonalds-20315-old-cutler/9KezVxJzSiKRwymk6vzJHA,palmetto-bay-florida
https://www.ubereats.com/miami/food-delivery/subway-11780-sw-104th-st/Znd-PIjNRQKuGsoje3M4_Q,palmetto-bay-florida
https://www.ubereats.com/miami/food-delivery/subway-8304-s-dixie/QY3MMPDrSGmBBduVGfg9Aw,palmetto-bay-florida
https://www.ubereats.com/miami/food-delivery/babes-meat-%26-counter/Q8TvJdTVSiGcx6ayON7wAQ,palmetto-bay-florida
https://www.ubereats.com/miami/food-delivery/diaz-cafe-and-restaurant/1VoEf4DvR6a_1iXPAq5MGQ,palmetto-bay-florida
https://www.ubereats.com/miami/food-delivery/the-boiling-crab-south-miami/9e72-50RS62StXiPq-KSzA,palmetto-bay-florida
https://www.ubereats.com/miami/food-delivery/okay-burger/urp_t1laSMSCluScXXvmxg,palmetto-bay-florida
https://www.ubereats.com/miami/food-delivery/pasquallys-pizza-%26-wings-18575-south-dixie-hwy/ONBfy6eOSwC0ftdSWNdvNg,palmetto-bay-florida
https://www.ubereats.com/miami/food-delivery/giardino-gourmet-salads-kendall/3gcFCdhCR7WuBzFfsrccTQ,palmetto-bay-florida
https://www.ubereats.com/miami/food-delivery/mcdonalds-10855-caribbean-blvd/xCS6B1iISvusWYMc4tVEYg,palmetto-bay-florida
https://www.ubereats.com/miami/food-delivery/island-jerk/yB0Z-wzVQhqfYrqC_nW-NQ,palmetto-bay-florida
https://www.ubereats.com/miami/food-delivery/hungry-bear-sub-shop/flxZ5PntRl-HQej4on117A,palmetto-bay-florida
https://www.ubereats.com/miami/food-delivery/honeybee-doughnuts-at-the-falls/bqY15NUgTaWW9SEW4olf3g,palmetto-bay-florida
https://www.ubereats.com/miami/food-delivery/haagen-dazs-sunset-drive/my__BSZ1SuaFCqz3KBhPXQ,palmetto-bay-florida
https://www.ubereats.com/miami/food-delivery/spaghett-it-together/cTaPYWhqS0mfuHbLcnrFdw,palmetto-bay-florida
https://www.ubereats.com/miami/food-delivery/chipotle-mexican-grill-19151-s-dixie-hwy/TblgWXarQjOydvmzHlX4Iw,palmetto-bay-florida
https://www.ubereats.com/miami/food-delivery/gyu-kaku-japanese-bbq-pinecrest/Pw5V9CeCR-Op6dlkJuuIiw,palmetto-bay-florida
https://www.ubereats.com/miami/food-delivery/chuck-wagon-restaurant-kendall/ZCOcdrAMS8iN_mgNyvuRbw,palmetto-bay-florida
https://www.ubereats.com/miami/food-delivery/my-tea-bar/IwAT5fhkSMyjr5andB2shg,palmetto-bay-florida
https://www.ubereats.com/miami/food-delivery/takee-outee-cutler-bay/5OOfiOMXQFuMZtWw2l-Bkg,palmetto-bay-florida
https://www.ubereats.com/miami/food-delivery/burger-king-16025-south-dixie-highway/nFjd8XXGRpCylYKvx1p0Mg,palmetto-bay-florida
https://www.ubereats.com/miami/food-delivery/panda-express-10821-sw-72nd-street/EBgmav1ERQ6qIY2g293FrQ,palmetto-bay-florida
https://www.ubereats.com/miami/food-delivery/roasters-n-toasters-pinecrest/_YK2rC5FRK-jHwyHffbLyg,palmetto-bay-florida
https://www.ubereats.com/miami/food-delivery/vacillate-wine-bar/8zO01KpvTCuFu55zgU3YHg,palmetto-bay-florida
https://www.ubereats.com/miami/food-delivery/subway-16707-old-cutler-rd/DRCKsEykSbG-HW3_3i266A,palmetto-bay-florida
https://www.ubereats.com/miami/food-delivery/pei-wei-asian-diner-12175-s-dixie-hwy/p2uK3bnATxe6YiPVefT7wQ,palmetto-bay-florida
https://www.ubereats.com/miami/food-delivery/alta-vaca-grill/lkyHAd3NTXWkrY5j60Qg7A,palmetto-bay-florida
https://www.ubereats.com/miami/food-delivery/wow-bao-mia07-2/U0Xezvz1TM2styp1esXMlw,palmetto-bay-florida
https://www.ubereats.com/miami/food-delivery/romanza/3X0bJXc6SrKQvvnpPrT5Jw,palmetto-bay-florida
https://www.ubereats.com/miami/food-delivery/lime-fresh-mexican-grill-downtown-dadeland/ezG2q8XZRqGac3PyBZmYqw,palmetto-bay-florida
https://www.ubereats.com/miami/food-delivery/power-pizzeria-pinecrest/R6sPQEcUTymnm5Az3KRtuQ,palmetto-bay-florida
https://www.ubereats.com/miami/food-delivery/cafe-pili/lXKLbXlTQey1eKBSpPxtPw,palmetto-bay-florida
https://www.ubereats.com/miami/food-delivery/daily-bread-pinecrest/7BSp0pglRhGHfRT2-4-IUw,palmetto-bay-florida
https://www.ubereats.com/miami/food-delivery/burger-king-13201-south-dixie-highway/H4kU-Z4hRUyI7oS6oU5uhw,palmetto-bay-florida
https://www.ubereats.com/miami/food-delivery/jersey-mikes-subs-9001-southwest-107th-avenue/LpYEuQuZTr-eu7914CDxRA,palmetto-bay-florida
https://www.ubereats.com/miami/food-delivery/the-butcher-shop/-SSzcgW8RkmBgDcdjiXN-g,palmetto-bay-florida
https://www.ubereats.com/miami/food-delivery/477-applebees-cutler-bay/5Z-ZLNYZTg-pM5irELjMSQ,palmetto-bay-florida
https://www.ubereats.com/miami/food-delivery/green-apple-kendall/GStN4-pQT5ubs6-xHx6VrQ,palmetto-bay-florida
https://www.ubereats.com/miami/food-delivery/ihop-11927-s-dixie-hwy/IynulB7oQxKwV9qIx-dpwA,palmetto-bay-florida
https://www.ubereats.com/miami/food-delivery/fuku-mia07-2/0l4q8nkYSRGyLV3DkuK8wg,palmetto-bay-florida
https://www.ubereats.com/miami/food-delivery/burger-bytes-mia07-1/6jC3quCUS4eKJOhB7UBB7A,palmetto-bay-florida
https://www.ubereats.com/miami/food-delivery/jersey-mikes-subs-9473-s-dixie-hwy/DEAIO3bTT0G4JBfEk5Avlg,palmetto-bay-florida
https://www.ubereats.com/miami/food-delivery/tiagos-tacos/xKw7idxOT6SRTCsHRUTu5Q,palmetto-bay-florida
https://www.ubereats.com/miami/food-delivery/cracked-by-chef-adrianne/PWg2DZIsSumTVHo9OV3Clw,palmetto-bay-florida
https://www.ubereats.com/miami/food-delivery/boston-market-18601-s-dixie-highway/KXib-dUaTv2fm3zkjK65PA,palmetto-bay-florida
https://www.ubereats.com/miami/food-delivery/boba-world/afvXOzTvQCGzb2x9IiiHaQ,palmetto-bay-florida
https://www.ubereats.com/miami/food-delivery/mezza-latin-house/eUIJNwApQJODIy1aSpCX5A,palmetto-bay-florida
https://www.ubereats.com/miami/food-delivery/siam-palace-thai-restaurant/a_g3F6PiSmiHrIrqGUkpmw,palmetto-bay-florida
https://www.ubereats.com/miami/food-delivery/dr-limon-pinecrest/tHk57kPPRH-dEFCm59CAjw,palmetto-bay-florida
https://www.ubereats.com/miami/food-delivery/taco-rico-pinecrest/L2bw1KQhQb61lsdGlbIzNw,palmetto-bay-florida
https://www.ubereats.com/miami/food-delivery/new-york-roma-pizza-and-pasta/CPjmk_gCQlyOd5xGkN9rYw,palmetto-bay-florida
https://www.ubereats.com/miami/food-delivery/la-boulangerie-boulmich-pinecrest/i8WneJO3RqKCPW6BCkVQDg,palmetto-bay-florida
https://www.ubereats.com/miami/food-delivery/ackees-jamaican-cuisine/GPf0slwKS029RbFnCuDpzg,palmetto-bay-florida
https://www.ubereats.com/miami/food-delivery/dunkin-8099-s-dixie-hwy/DituuhjNSgayJ8dkixK2vA,palmetto-bay-florida
https://www.ubereats.com/miami/food-delivery/rinconcito-ii-restaurant-%26-cafe/laIQA7S_RqqQvMAh56X4pg,palmetto-bay-florida
https://www.ubereats.com/miami/food-delivery/sabores-latinos-1/cGl21MYwTs2dwRx79k3olA,palmetto-bay-florida
https://www.ubereats.com/miami/food-delivery/bubble-fresh/7LVUeKaAR4Ks2lK5pHdfwA,palmetto-bay-florida
https://www.ubereats.com/miami/food-delivery/mcdonalds-kings-bay/n4rhBaZSS220pdKEiBVc7w,palmetto-bay-florida
https://www.ubereats.com/miami/food-delivery/the-outrageous-bagel-co/yTzcumuxTHOWe8UZKNfmcA,palmetto-bay-florida
https://www.ubereats.com/miami/food-delivery/yogurtland-9455-s-dixie-hwy/B7SdNevTRHa6xQgaaW-Ilw,palmetto-bay-florida
https://www.ubereats.com/miami/food-delivery/dennys-19313-south-dixie-hwy/NORvDbZ5Slu-5C2ylkdOAw,palmetto-bay-florida
https://www.ubereats.com/miami/food-delivery/in-ramen-asian-street-eatery/TOc2rdeOQ7SIJOcbTOIqVQ,palmetto-bay-florida
https://www.ubereats.com/miami/food-delivery/brain-freeze-nitrogen-ice-cream-and-yogurt-lab-kendall/DHhYLRr3RumnHLpmHWVBWw,palmetto-bay-florida
https://www.ubereats.com/miami/food-delivery/boo-ya!-bowls/jheI7OyYQj-vcnepKfG-7g,palmetto-bay-florida
https://www.ubereats.com/miami/food-delivery/mcdonalds-coral-reef/5b46H_A8TGumWWcgFZG1wQ,palmetto-bay-florida
https://www.ubereats.com/miami/food-delivery/outback-steakhouse-8405-mills-drive-suite-209/QjgMyz5mTrONvQTMH7urZg,palmetto-bay-florida
https://www.ubereats.com/miami/food-delivery/the-ice-cream-shop/SgCZpy0DTPa4w2T2W7xGhQ,palmetto-bay-florida
https://www.ubereats.com/miami/food-delivery/hectors-pizza-%26-more/o4ApSsGZQb2fcwUYgae1FA,palmetto-bay-florida
https://www.ubereats.com/miami/food-delivery/la-tinajita-cafe/4yYRp0rRRjO9YxpGmJWegA,palmetto-bay-florida
https://www.ubereats.com/miami/food-delivery/ballin-miamis-best-kept-secret/25fyGMsZQb2pQ9QmS5FCEg,palmetto-bay-florida
https://www.ubereats.com/miami/food-delivery/quail-roost-tavern/0oWMkOspRy6onNlDUanhRQ,palmetto-bay-florida
https://www.ubereats.com/miami/food-delivery/churromania-southland/qpoFdKqgSj6_otBBI8I7gg,palmetto-bay-florida
https://www.ubereats.com/miami/food-delivery/teriyaki-madness-dadeland/vE8UdPbuT4uEwzLWhkYs6A,palmetto-bay-florida
https://www.ubereats.com/miami/food-delivery/old-lisbon-sunset/2Z-L9vROQqS1J3ge5C6r5w,palmetto-bay-florida
https://www.ubereats.com/miami/food-delivery/vegan-kitchen-pinecrest/KthmF8nATRu-re99UE6wdQ,palmetto-bay-florida
https://www.ubereats.com/miami/food-delivery/honeybee-south-miami/KqNZf1HSR3yx8rGaYMJYJg,palmetto-bay-florida
https://www.ubereats.com/miami/food-delivery/planet-57-restaurant-%26-bar/XtQAa2gUQ_eqiRKEeG9c3A,palmetto-bay-florida
https://www.ubereats.com/miami/food-delivery/mcdonalds-crossroads/LQyoJ8YJQhKP6UN9SbJ6yA,palmetto-bay-florida
https://www.ubereats.com/miami/food-delivery/jersey-mikes-miami/WwH4oltPTASrNYrdzjaxUA,palmetto-bay-florida
https://www.ubereats.com/miami/food-delivery/anacapri/clQ-TT7_TYWQCZN331WEcg,palmetto-bay-florida
https://www.ubereats.com/miami/food-delivery/steak-n-shake-8701-sw-157th-ave/LPvG5rJ3Tj-jhu7eU_lCrQ,palmetto-bay-florida
https://www.ubereats.com/miami/food-delivery/the-ice-cream-shop/ByFqpvgrRs-nkaE5fj3WOA,palmetto-bay-florida
https://www.ubereats.com/miami/food-delivery/starbucks-19169-s-dixie-hwy/Lh_HIC1ZTWqCpTgBKS8MSw,palmetto-bay-florida
https://www.ubereats.com/miami/food-delivery/pollo-tropical-23200-sw-112th-ave/XxWTTJxVSpm7UX5S_e63GA,palmetto-bay-florida
https://www.ubereats.com/miami/food-delivery/china-pan/4OQ5YEpQRae8eHH0xUqOEQ,palmetto-bay-florida
https://www.ubereats.com/miami/food-delivery/porchettoni-food-truck/c2c-xpaiTMCg55AY_YxGQQ,palmetto-bay-florida
https://www.ubereats.com/miami/food-delivery/table-55/7ObN_Ro5SzCoe95fLbScUA,palmetto-bay-florida
https://www.ubereats.com/miami/food-delivery/latin-house-grill/_1Tjhh9bR7ylRIT0gEUuXQ,palmetto-bay-florida
https://www.ubereats.com/miami/food-delivery/taco-bell-15295-s-dixie-hwy/yQvWTNiBSQ2QqRCABfK84w,palmetto-bay-florida
https://www.ubereats.com/miami/food-delivery/pubbelly-sushi-dadeland/Laph8gSuRLGBSTS5TXxfiw,palmetto-bay-florida
https://www.ubereats.com/miami/food-delivery/cloud-9-bakery/mmrgmLQKSFWhmSbHOpP5kw,palmetto-bay-florida
https://www.ubereats.com/miami/food-delivery/shahs-of-kabob/R4-1Pbt2ReCTGbnnNK8fDA,palmetto-bay-florida
https://www.ubereats.com/miami/food-delivery/taste-buds-of-india-south-miami/USgPc3ZFS6iXhP8I4SQXXA,palmetto-bay-florida
https://www.ubereats.com/miami/food-delivery/kfc-9690-s-dixie-hwy/6KSWaHJrSySbBjfO_8eBig,palmetto-bay-florida
https://www.ubereats.com/miami/food-delivery/chipotle-mexican-grill-6290-s-dixie-hwy/0ng_nCYSTxOy9xIhH2UNFw,palmetto-bay-florida
https://www.ubereats.com/miami/food-delivery/the-ice-cream-shop/MXAFKr-fRhKUIIwvDZnK2g,palmetto-bay-florida
https://www.ubereats.com/miami/food-delivery/zaaki-bistro-%26-market-llc/f6yrGeQlThuaxZS7q4OIeg,palmetto-bay-florida
https://www.ubereats.com/miami/food-delivery/pinecrest-bakery-south-miami/DFUpBjX0QKCczvXOVvyEdQ,palmetto-bay-florida
https://www.ubereats.com/miami/food-delivery/the-good-rice-bowls/0IASdPDsQAywvcS-vK109g,palmetto-bay-florida
https://www.ubereats.com/miami/food-delivery/subway-6792-sw-40th-st/fK_RBW68RGS9WZqv4yNAnw,palmetto-bay-florida
https://www.ubereats.com/miami/food-delivery/tacos-%26-tattoos/-gWxowihQMigvToBmMr6rw,palmetto-bay-florida
https://www.ubereats.com/miami/food-delivery/ernestos-taco-shop-kendall-miami-fl/Cik6SyK5TM66qI320wcgJQ,palmetto-bay-florida
https://www.ubereats.com/miami/food-delivery/sergios-restaurant-kendale-lakes/JVPHoqcDRj2wbhhWdX_iVA,palmetto-bay-florida
https://www.ubereats.com/miami/food-delivery/sweet-melody-crafted-ice-cream/uLsuog5lRAmTdp-TYG5WEA,palmetto-bay-florida
https://www.ubereats.com/miami/food-delivery/pollo-tropical-18710-s-dixie-hwy/DxKYc7xfT9uTIocKfV-sBA,palmetto-bay-florida
https://www.ubereats.com/miami/food-delivery/sano-food-south-miami/ENKBOoOfRm2yY6vYDXmpOg,palmetto-bay-florida
https://www.ubereats.com/miami/food-delivery/outback-steakhouse-13145-southwest-89th-place/7oehn8KNQUSC9bnJJ-ZR8w,palmetto-bay-florida
https://www.ubereats.com/miami/food-delivery/iron-sushi-dadeland/T5lAEcHvQHm9Oz9jKZUXTw,palmetto-bay-florida
https://www.ubereats.com/miami/food-delivery/cafe-catula/a_6OIRBbTYKNtHUFfg9CmQ,palmetto-bay-florida
https://www.ubereats.com/miami/food-delivery/shawarmas-diana/TXxBfOYORcCbMlvWnk9Teg,palmetto-bay-florida
https://www.ubereats.com/miami/food-delivery/wendys-13530-sw-152nd-street/elI0SkvsQjKJEA94Wq7KSw,palmetto-bay-florida
https://www.ubereats.com/miami/food-delivery/casa-barilla-mia07-1/F5N1a2xzRtub6M3F3ES_7A,palmetto-bay-florida
https://www.ubereats.com/miami/food-delivery/snappers-fish-%26-chicken/3KQ8LT1MS_m9HQ5vbrF2MA,palmetto-bay-florida
https://www.ubereats.com/miami/food-delivery/evosfeel-great-food!-pinecrest/9J7lAkMXRt2hW_LRAjSk3g,palmetto-bay-florida
https://www.ubereats.com/miami/food-delivery/shiraz-bistro-and-market/qifmkffxSa6ctgLi6_hfMw,palmetto-bay-florida
https://www.ubereats.com/miami/food-delivery/burger-king-9201-south-dixie-highway/1SzLVQQ8TpGfNBgQtXnpag,palmetto-bay-florida
https://www.ubereats.com/miami/food-delivery/the-flying-pig/xybafjSNTyGK42y6mHjv4w,palmetto-bay-florida
https://www.ubereats.com/miami/food-delivery/ra-sushi-8717-sw-136th-street/Hz28mad-QCmmLDkj-P7RNw,palmetto-bay-florida
https://www.ubereats.com/miami/food-delivery/aladdin-market-%26-grill/UZkZ1fgwSDe5c24z6DxHWQ,palmetto-bay-florida
https://www.ubereats.com/miami/food-delivery/frostys-lab/A-gLCg7uQw6YBu-zDfasfw,palmetto-bay-florida
https://www.ubereats.com/miami/food-delivery/starbucks-1122-s-dixie-hwy/U2GU_N0dT_G6toVzPECWrw,palmetto-bay-florida
https://www.ubereats.com/miami/food-delivery/chicken-kitchen-the-crossings/sF3AorevS3Oa196fK7MQnA,palmetto-bay-florida
https://www.ubereats.com/miami/food-delivery/chicken-stack-fire-grill-colombian-fast-food/-QdoVj9kRHWV1JfwW_KtlQ,palmetto-bay-florida
https://www.ubereats.com/miami/food-delivery/ifras-indian-kitchen/bEqJ48p9QN277SCbaDWk4Q,palmetto-bay-florida
https://www.ubereats.com/miami/food-delivery/starbucks-sunset-%26-87th/_tKTlGi8SVWRsoasNXyKpw,palmetto-bay-florida
https://www.ubereats.com/miami/food-delivery/kae-sushi-yumbrella/rlFYN_4MRcaL7-V2DEKi-Q,palmetto-bay-florida
https://www.ubereats.com/miami/food-delivery/subway-20505-s-dixie/oIoh5hYRTza_JesdprqU1Q,palmetto-bay-florida
https://www.ubereats.com/miami/food-delivery/food-junkie-on-wheels/tJwd7am6SViVA1PYq182zg,palmetto-bay-florida
https://www.ubereats.com/miami/food-delivery/starbucks-dixie-%26-ludlam/oE87aInYRgKMyNgI_yj05A,palmetto-bay-florida
https://www.ubereats.com/miami/food-delivery/el-toro-loco-churrascaria-pinecrest-food-truck/3IO6W2KISxuMe4W6emtGAw,palmetto-bay-florida
https://www.ubereats.com/miami/food-delivery/chicken-kitchen-kendall/h0a20WBDTCqDBIOCu3EOJw,palmetto-bay-florida
https://www.ubereats.com/miami/food-delivery/late-night-sushi/laU4dR-aTiuQH5t1o1eicg,palmetto-bay-florida
https://www.ubereats.com/miami/food-delivery/mooyah-burgers-13725-sw-152nd-st/dtFEnMIoQyG_UhbHWYrbhQ,palmetto-bay-florida
https://www.ubereats.com/miami/food-delivery/fritanga-palmetto-bay-palmmetto-bay/bDyERAO0Q-6KM06pAOohjw,palmetto-bay-florida
https://www.ubereats.com/miami/food-delivery/top-that-yogurt/ZvM7qVBYSgmJk6dnwfwiEw,palmetto-bay-florida
https://www.ubereats.com/miami/food-delivery/carlos-seafood-restaurant-palmetto-bay/Dk_3Tqg-SFOh07ydfwX_Kw,palmetto-bay-florida
https://www.ubereats.com/miami/food-delivery/kfc-14081-sw-88th-st/5pFR2I23QM6WC0-aUgrWOQ,palmetto-bay-florida
https://www.ubereats.com/miami/food-delivery/subway-11506-quail-roost-dr/bUK6RzA_Q5aQF88w4lu5Fg,palmetto-bay-florida
https://www.ubereats.com/miami/food-delivery/ayesha-fine-dining/tGB1ZChLT0SQGrov3_V9rw,palmetto-bay-florida
https://www.ubereats.com/miami/food-delivery/jerry-%26-joes-pizza-palmetto-bay/Gwlg2r2URxufAvG5biXtfg,palmetto-bay-florida
https://www.ubereats.com/miami/food-delivery/the-ice-cream-shop/QN6zWqQVTmS1AaBMcbaDGQ,palmetto-bay-florida
https://www.ubereats.com/miami/food-delivery/marlins-bakery/KDuAMvAhS8-yk68rncGgMQ,palmetto-bay-florida
https://www.ubereats.com/miami/food-delivery/tutti-frutti-pinecrest/oa1Btj48T02pzeS9oCiXag,palmetto-bay-florida
https://www.ubereats.com/miami/food-delivery/mcdonalds-summit/yFl1-D7BS7639PaaqE8snA,palmetto-bay-florida
https://www.ubereats.com/miami/food-delivery/hidalgos-cafeteria-%26-restaurant/IGG8u8L1TRySfkpxPDG0xA,palmetto-bay-florida
https://www.ubereats.com/miami/food-delivery/checkers-16790-s-dixie-hwy/7qZanBjTQK-J_zfEViOShw,palmetto-bay-florida
https://www.ubereats.com/miami/food-delivery/keg-south-of-kendall/ivyldAKoQFecpbdxB4yDhQ,palmetto-bay-florida
https://www.ubereats.com/miami/food-delivery/ernestos-taco-shop-cutler-bay-fl/SzEfgAkrRy2GnFtqDbh9mw,palmetto-bay-florida
https://www.ubereats.com/miami/food-delivery/karla-bakery-fontainebleau-miami-fl/oaLeeC1RRtmek4F6DQoJiQ,palmetto-bay-florida
https://www.ubereats.com/miami/food-delivery/canton-chinese-restaurant/SOdU8DvsT-SBWVXelfNnxQ,palmetto-bay-florida
https://www.ubereats.com/miami/food-delivery/el-platoneeka/wJ8YXRfeQ2WdNWKwkLvLyw,palmetto-bay-florida
https://www.ubereats.com/miami/food-delivery/five-guys-fl-1085-9457-s-dixie-hwy/132oQLMCTHWXQJ9f7h0FBA,palmetto-bay-florida
https://www.ubereats.com/miami/food-delivery/millers-ale-house-kendall/wPUd1yg2T-KrLJtAh8p-hA,palmetto-bay-florida
https://www.ubereats.com/miami/food-delivery/sushi-lico-japanese-restaurant/V-W4YKDORH29AZXg3-KCHg,palmetto-bay-florida
https://www.ubereats.com/miami/food-delivery/starbucks-9001-s-dixie-hwy/g08WHxSQSTCwHK6iunyUZg,palmetto-bay-florida
https://www.ubereats.com/miami/food-delivery/milky-ways-cereal-bar/hjI2OscuTtuMHhg4E2qbIA,palmetto-bay-florida
https://www.ubereats.com/miami/food-delivery/ranchuela-coffee-shop/jMUPBny0SSqIm-EsW6xaJQ,palmetto-bay-florida
https://www.ubereats.com/miami/food-delivery/kfc-11975-sw-152nd-street/X-vb6x9DSjilz4zyJAaLlA,palmetto-bay-florida
https://www.ubereats.com/miami/food-delivery/mcdonalds-sunniland/fmcM_UpCQLuYh_mjQ-K9DA,palmetto-bay-florida
https://www.ubereats.com/miami/food-delivery/miami-pizza/lX3ugGmSRXyD-TC_wL8ZVg,palmetto-bay-florida
https://www.ubereats.com/miami/food-delivery/krispy-krunchy-chicken-6776-sw-117th-ave/h65KbemITXKEleKGM_J7dw,palmetto-bay-florida
https://www.ubereats.com/miami/food-delivery/norman-brothers/xKFd6ToYT2O3NIAS2s2NMQ,palmetto-bay-florida
https://www.ubereats.com/miami/food-delivery/cold-stone-creamery-20587-old-cutler-road/yykDaavDRpG4OKx4gJ4q9Q,palmetto-bay-florida
https://www.ubereats.com/miami/food-delivery/jealous-fork/_-AlGZwhRnOuAS7d2K2vBQ,palmetto-bay-florida
https://www.ubereats.com/miami/food-delivery/south-miami-deli/Uzpmm63FQmWl222KNesDXw,palmetto-bay-florida
https://www.ubereats.com/miami/food-delivery/wawa-5243-11101-sw-184-st/FGZEBFK8RGCargqenpN_4Q,palmetto-bay-florida
https://www.ubereats.com/miami/food-delivery/chickncone-kendall/WBh90Mi1SdOn7i2QlbReew,palmetto-bay-florida
https://www.ubereats.com/miami/food-delivery/mcdonalds-miller-%26-93rd/KAajXjNBSUyVYF7VxpkACg,palmetto-bay-florida
https://www.ubereats.com/miami/food-delivery/bahias-coffee-shop/s4NR5nHVSWm12o0vWzGhUw,palmetto-bay-florida
https://www.ubereats.com/miami/food-delivery/dennys-1150-south-dixie-hwy/EL6mMXdlReCTWh-FnBrljQ,palmetto-bay-florida
https://www.ubereats.com/miami/food-delivery/vesuvios-pizza-%26-panini/8nly7_IVTviMaqst14V1CQ,palmetto-bay-florida
https://www.ubereats.com/miami/food-delivery/hole-in-the-wall/bH0L6bE6Ri-acuKDga4JzA,palmetto-bay-florida
https://www.ubereats.com/miami/food-delivery/sunday-coffee-%26-conscious-eatery/5tKcAw3AQeyMGO-I5kP7Ug,palmetto-bay-florida
https://www.ubereats.com/miami/food-delivery/moon-thai-and-japanese-restaurant-coral-gables/zEQ4vgZLSpWlCXu_TNZGTw,palmetto-bay-florida
https://www.ubereats.com/miami/food-delivery/filipe-pizza-and-pasta/egrcr9-bQmKSyreWWgfpMw,palmetto-bay-florida
https://www.ubereats.com/miami/food-delivery/pinchos-tacos-y-mas-food-truck/FA0WuphoRx6PDaFgi3Hycw,palmetto-bay-florida
https://www.ubereats.com/miami/food-delivery/certified-wingz/1C1hF-WIRNm0pPiPAbwiIw,palmetto-bay-florida
https://www.ubereats.com/miami/food-delivery/natural-chicken-grill-south-miami/vStgPVswRci-fOkVD6k-5w,palmetto-bay-florida
https://www.ubereats.com/miami/food-delivery/taco-bell-18407-s-dixie-hwy/8pqxNpNdSnay19fDBtz3iA,palmetto-bay-florida
https://www.ubereats.com/miami/food-delivery/churrascos-urban-grill/X9LnZaAZSYyClU5CL5CnwQ,palmetto-bay-florida
https://www.ubereats.com/miami/food-delivery/kappa-bowls-%26-rolls/OB32Cv5lTNieGUXE6YvRpA,palmetto-bay-florida
https://www.ubereats.com/miami/food-delivery/karla-bakery-westchester-miami-fl/BtLd-bp3S3KcNK7fKBm4gQ,palmetto-bay-florida
https://www.ubereats.com/miami/food-delivery/kfc-12566-sw-120th-st/-YkpeUG3RKGbLWhyj7osAg,palmetto-bay-florida
https://www.ubereats.com/miami/food-delivery/charcoal-indian-cuisine/I2z6b56-RH6on6yh8bQ0YA,palmetto-bay-florida
https://www.ubereats.com/miami/food-delivery/kfc-7360-sw-117th-ave/agP0ZXpgQ124GOcoSrKvUg,palmetto-bay-florida
https://www.ubereats.com/miami/food-delivery/cecile-bakery-%2B-cafe/j48aOZK2QduZkbPkKpdlAA,palmetto-bay-florida
https://www.ubereats.com/miami/food-delivery/best-sub-shop/1h7XZNKETDShdk4WCnDxTg,palmetto-bay-florida
https://www.ubereats.com/miami/food-delivery/on-the-border-kendall/qwr-2SS8QEGw89SM2kPMIA,palmetto-bay-florida
https://www.ubereats.com/miami/food-delivery/siam-dragon-restaurant/xqpfLisYTHefT-Ig9-DRyw,palmetto-bay-florida
https://www.ubereats.com/miami/food-delivery/dunkin-9732-n-kendall-dr/lUeF7QDORlmCJ4wUkDcbhA,palmetto-bay-florida
https://www.ubereats.com/miami/food-delivery/luis-galindo-latin-american-restaurant/2vtRz2XZTYipV52i8rohBg,palmetto-bay-florida
https://www.ubereats.com/miami/food-delivery/los-ranchos-steakhouse-the-falls/RHecgb3-RSuTW9kaQyTlJA,palmetto-bay-florida
https://www.ubereats.com/miami/food-delivery/fuddruckers-palmetto-bay/RhZJ7YTSSfySZpl5E8oe_g,palmetto-bay-florida
https://www.ubereats.com/miami/food-delivery/mcdonalds-country-walk/SQj97b6GSROpziHVSUGgKQ,palmetto-bay-florida
https://www.ubereats.com/miami/food-delivery/la-brasa-grill/TXvvpp4WR0iaaTlOomXhSg,palmetto-bay-florida
https://www.ubereats.com/miami/food-delivery/mishas-cupcakes-coral-gables/_2jwgyIHToOrf8Go3Huihg,palmetto-bay-florida
https://www.ubereats.com/miami/food-delivery/taco-bell-15715-sw-72-street/Gr_2JR1xS_upLepxty61yg,palmetto-bay-florida
https://www.ubereats.com/miami/food-delivery/house-of-bagels-%26-bialys/SyAnifRpSZK_nY6DbQdHGg,palmetto-bay-florida
https://www.ubereats.com/miami/food-delivery/blue-sky-food/4hSOPFMUTSuOi9Rhu9wbKQ,palmetto-bay-florida
https://www.ubereats.com/miami/food-delivery/the-glasshouse-cafe-by-le-basque/20nfJbWoRZy2gKvPvzYMcA,palmetto-bay-florida
https://www.ubereats.com/miami/food-delivery/del-campo-latin-food-%26-cafe/5oRcxnAoRwChSwntQa09wg,palmetto-bay-florida
https://www.ubereats.com/miami/food-delivery/karla-bakery-west-flagler-miami-fl/7OW1_imnS-OiFhnZ9wPgCQ,palmetto-bay-florida
https://www.ubereats.com/miami/food-delivery/walters-coffee-shop/y8BgqZs7TxG1cj_RBCWfVw,palmetto-bay-florida
https://www.ubereats.com/miami/food-delivery/charcoals-steak-%26-grill/zc3GGM28REia6SK8RGKvUA,palmetto-bay-florida
https://www.ubereats.com/miami/food-delivery/coffee-talk/tSE5sFfqRMOUlB0BdQl52w,palmetto-bay-florida
https://www.ubereats.com/miami/food-delivery/morfi-express/OvpqwMyXSOWsqXPi-aG8tA,palmetto-bay-florida
https://www.ubereats.com/miami/food-delivery/pita-fresh/UH3eWbGbTuSMPhBM0Eo0rw,palmetto-bay-florida
https://www.ubereats.com/miami/food-delivery/pinecrest-bakery-kendall/yr-EecOIRwiiBSVH1pQXGA,palmetto-bay-florida
https://www.ubereats.com/miami/food-delivery/spris-artisan-pizza-south-miami/ibuhLhgtRveywMeZdhTBZw,palmetto-bay-florida
https://www.ubereats.com/miami/food-delivery/au-bon-pain-south-miami/82mCGV9KQH2LhKY5vUudZA,palmetto-bay-florida
https://www.ubereats.com/miami/food-delivery/ruby-tuesday-12075-sw-152nd-street/iKl7mVyOSimtqpPzs3aTPA,palmetto-bay-florida
https://www.ubereats.com/miami/food-delivery/manhattan-chicago-pizza-pinecrest/imcUwhQ0RcayFlpr6NW8Nw,palmetto-bay-florida
https://www.ubereats.com/miami/food-delivery/chicken-kitchen-sunset-%26-red-rd/7BH5X91jS2mE4EpEidk_JA,palmetto-bay-florida
https://www.ubereats.com/miami/food-delivery/sak-pase-homestead/2bytytFZTU2BcqLYePbsfg,palmetto-bay-florida
https://www.ubereats.com/miami/food-delivery/millers-ale-house-miami-falls/AMgHQajnQeeA3Sc3MTLg8g,palmetto-bay-florida
https://www.ubereats.com/miami/food-delivery/di-napoli-italian-restaurant-pinecrest/UkfpLbQOSrepso0LmJqH1A,palmetto-bay-florida
https://www.ubereats.com/miami/food-delivery/moon-thai-and-japanese-restaurant-cutler-bay/nO0650GRQKKNfojEzVpRTA,palmetto-bay-florida
https://www.ubereats.com/miami/food-delivery/diced-kendall/M6g43qQrRQiHw9lurfTICw,palmetto-bay-florida
https://www.ubereats.com/miami/food-delivery/sub-zero-nitrogen-ice-cream/hIUZu7RUTpCpu7hE6B5Lmw,palmetto-bay-florida
https://www.ubereats.com/miami/food-delivery/kfc-19775-s-dixie-hwy/z_6lMBVHSOenO6J55IQCEw,palmetto-bay-florida
https://www.ubereats.com/miami/food-delivery/buffalo-wild-wings-20505-s-dixie-hwy-ste-555a/XFdk1yisSIGw6exqdrndNA,palmetto-bay-florida
https://www.ubereats.com/miami/food-delivery/latin-mix-restaurant-%26-cafeteria/MzXKBM1_RNOYmNyq2AVX0A,palmetto-bay-florida
https://www.ubereats.com/miami/food-delivery/chicken-kitchen-coral-reef/5GI8xKtBTXGHgjAU3r9o4Q,palmetto-bay-florida
https://www.ubereats.com/miami/food-delivery/subrageous-subs-%26-bbq/qe1V5Dc9TwunNGOQCyGiag,palmetto-bay-florida
https://www.ubereats.com/miami/food-delivery/burger-king-20505-old-cutler-road/40JpdqvTTuqjkSwlyAj66A,palmetto-bay-florida
https://www.ubereats.com/miami/food-delivery/bonjour-french-bakery/1fBTDqz7RoClMiL4trEAmg,palmetto-bay-florida
https://www.ubereats.com/miami/food-delivery/zio-artu-ristorante-italiano/hAzi685SReWY2ivXi1DNpg,palmetto-bay-florida
https://www.ubereats.com/miami/food-delivery/the-brass-tap-9010-sw-72nd-pl/wHRVSigxQIS4yQ3Sxqe1Jg,palmetto-bay-florida
https://www.ubereats.com/miami/food-delivery/krispy-kreme-s-dixie-hwy-%26-sw-169th-st/OXlwU22GSa-zG7KpG-Mjgw,palmetto-bay-florida
https://www.ubereats.com/miami/food-delivery/jupiter-juice/WdypQfYmQc-50B32eVBlPg,palmetto-bay-florida
https://www.ubereats.com/miami/food-delivery/subway-20521-old-cutler-rd/bkNJc4DrRXuc8NPsnAb8uw,palmetto-bay-florida
https://www.ubereats.com/miami/food-delivery/sports-grill-palmetto-bay/katLgCk_TrG8gspeb4ic0g,palmetto-bay-florida
https://www.ubereats.com/miami/food-delivery/mr-sandwich/5M6fP4VKSbW_piQpG1jGAQ,palmetto-bay-florida
https://www.ubereats.com/miami/food-delivery/natural-poke-runner-palmetto-bay/JOX5FWetSoyVc0FdeQ0jRA,palmetto-bay-florida
https://www.ubereats.com/miami/food-delivery/luchos-cafeteria-restaurant/JEeJW30TQ7i5V6VGRRg-sQ,palmetto-bay-florida
https://www.ubereats.com/miami/food-delivery/shake-shack-8810-sw-136th-st/Gv2IiacLRHGpI5UB9EJ_uQ,palmetto-bay-florida
https://www.ubereats.com/miami/food-delivery/hole-in-the-wall/ApKDj3DtRvGZtY-fyKkiKQ,palmetto-bay-florida
https://www.ubereats.com/miami/food-delivery/mozza/7IolafH3QIOok_OI0kc4vw,palmetto-bay-florida
https://www.ubereats.com/miami/food-delivery/super-subs-etc-inc/nfQDlnrJSYiLQStAkuEPbQ,palmetto-bay-florida
https://www.ubereats.com/miami/food-delivery/starbucks-14795-s-dixie-hwy/kfPl0yguTkK-1xQKrqY9sQ,palmetto-bay-florida
https://www.ubereats.com/miami/food-delivery/latin-wraps-and-bowls/P3bIXkrARD-AYfcLPia18A,palmetto-bay-florida
https://www.ubereats.com/miami/food-delivery/kfc-tb-11585-quail-roost-drive/oWaR29G9RgytDsPOJV4KXw,palmetto-bay-florida
https://www.ubereats.com/miami/food-delivery/honeybee-doughnuts/D1JQgtgqS2WWr33EbPIkTQ,palmetto-bay-florida
https://www.ubereats.com/miami/food-delivery/asian-fusion-cafe/cKuDQwTCTHOsGZ2h3Hjhfw,palmetto-bay-florida
https://www.ubereats.com/miami/food-delivery/grove-nutrition/Sp78OpPzT7SY9_MEnHqbJA,palmetto-bay-florida
https://www.ubereats.com/miami/food-delivery/steves-pizza/mtf6svDKS4q8BNhdFlv_VQ,palmetto-bay-florida
https://www.ubereats.com/miami/food-delivery/el-rinconcito-latino-killian/AqDz4DNKR46RIRb_3z9C1w,palmetto-bay-florida
https://www.ubereats.com/miami/food-delivery/chopsticks-house/VcgAOciLRBiac68P0Y5Lwg,palmetto-bay-florida
https://www.ubereats.com/miami/food-delivery/purapizza-organic-pizzeria-%26-cafe/-s5oBSh_SamBjc4k7Zj6Fg,palmetto-bay-florida
https://www.ubereats.com/miami/food-delivery/fritanga-west-miami/vg_8p31uQ_C3oxsqxYcqDQ,palmetto-bay-florida
https://www.ubereats.com/miami/food-delivery/east-thai-%26-noodle-house-westchester/92CZZOWMS1Or4Gj7Ct-tZQ,palmetto-bay-florida
https://www.ubereats.com/miami/food-delivery/habanacuba-bocaditos/_Oby3TCMTfi_ltpwvJQe0g,palmetto-bay-florida
https://www.ubereats.com/miami/food-delivery/karla-bakery-sw-4th-st-miami-fl/9tdfgYmNQtCp82BJoB2SLg,palmetto-bay-florida
https://www.ubereats.com/miami/food-delivery/baycon/Y7pw73RpT5qe3khLexFQ-Q,palmetto-bay-florida
https://www.ubereats.com/miami/food-delivery/macitas-restaurant-and-bakery/AqzrhriMRLa5C069d0OQpA,palmetto-bay-florida
https://www.ubereats.com/miami/food-delivery/gunpowder-cafe/-qPVKhQPTCGOd7sBU5yVaQ,palmetto-bay-florida
https://www.ubereats.com/miami/food-delivery/mcdonalds-palmetto-bay/wT7dXkrXSoaA86j8bxFKFw,palmetto-bay-florida
https://www.ubereats.com/miami/food-delivery/canton-chinese-restaurant-dadeland/-C3JZaQ9TRyGMD_coOMKzA,palmetto-bay-florida
https://www.ubereats.com/miami/food-delivery/pinecrest-bakery-cutler-bay-north/_03RUWaORM6bKQfs_WvIZw,palmetto-bay-florida
https://www.ubereats.com/miami/food-delivery/party-cake-bakery/DU9ZiI4uQHCqvvBF_48FDA,palmetto-bay-florida
https://www.ubereats.com/miami/food-delivery/chef-brians-comfort-kitchen/BZP7MKL8S4OhFiW_QtzygQ,palmetto-bay-florida
https://www.ubereats.com/miami/food-delivery/cao-bakery-%26-cafe-pinecrest/95kAyeFpRS28bTRHP5hV9g,palmetto-bay-florida
https://www.ubereats.com/miami/food-delivery/pinecrest-bakery-s-dixie-hwy/w0LHFXqnTVumoBJPLkiiOw,palmetto-bay-florida
https://www.ubereats.com/miami/food-delivery/pizza-italia-miami-oven-fire-wood/EKARpgM4TkqoKa0qvQHwdQ,palmetto-bay-florida
https://www.ubereats.com/miami/food-delivery/steves-pizza-express/c7bjRH1ZRc-16LqnUe5o7Q,palmetto-bay-florida
https://www.ubereats.com/miami/food-delivery/kimbop/s1cPwZNQToKtZLJ_9MkYBw,palmetto-bay-florida
https://www.ubereats.com/miami/food-delivery/buttercream-cupcakes-%26-coffee/cxjKy104TqqWJaUA40VyRg,palmetto-bay-florida
https://www.ubereats.com/miami/food-delivery/miami-fusion/CdNMvwOmQLuboP0dv6sfSg,palmetto-bay-florida
https://www.ubereats.com/miami/food-delivery/taco-bell-6310-s-dixie-hwy/dgKxgXQeTCaCeq6xb8pWIg,palmetto-bay-florida
https://www.ubereats.com/miami/food-delivery/pummarola-the-falls-mall/PyY_z6XEShObsrnYj-FlSg,palmetto-bay-florida
https://www.ubereats.com/miami/food-delivery/roasters-n-toasters-the-falls/r4HaDJWETDajoHdj1VrGtw,palmetto-bay-florida
https://www.ubereats.com/miami/food-delivery/five-guys-fl-0346-london-sq/eqL2npZqTpaiXKXxjMYW_g,palmetto-bay-florida
https://www.ubereats.com/miami/food-delivery/corbetts-sports-bar-and-grill/p17_xWy0RZ2zZjz4Qpl0iw,palmetto-bay-florida
https://www.ubereats.com/miami/food-delivery/diced-pinecrest/sVum6gmyRoqC7TvlhTAwAA,palmetto-bay-florida
https://www.ubereats.com/miami/food-delivery/cookie-jar-miami/6kC6HEJBTqmiGrBFjSJnmQ,palmetto-bay-florida
https://www.ubereats.com/miami/food-delivery/haagen-dazs-8888-sw-136th-st/Xn_yhtzpSqq_wFw9CdeF2g,palmetto-bay-florida
https://www.ubereats.com/miami/food-delivery/dapple-bar-%2B-kitchen/FVG30v9pSLKFWyQlas76SQ,palmetto-bay-florida
https://www.ubereats.com/miami/food-delivery/mcdonalds-university/hHNda8ouSTyFNJGMcipaEg,palmetto-bay-florida
https://www.ubereats.com/miami/food-delivery/sushi-rock-pinecrest/QJVOjyKhR8GwcCIxnlHuAw,palmetto-bay-florida
https://www.ubereats.com/miami/food-delivery/sangos-jamaican-%26-chinese-restaurant/r9prVpLtTn2m0HzVaC0o2A,palmetto-bay-florida
https://www.ubereats.com/miami/food-delivery/peters-kitchen/cZQvbFulQG6MPpHCiu_8CA,palmetto-bay-florida
https://www.ubereats.com/miami/food-delivery/sage-cafe-by-chefs-kitchen/sb04weP4TCWrlQqryAgSsg,palmetto-bay-florida
https://www.ubereats.com/miami/food-delivery/panda-express-13440-sw-120th-street/xW7TcDpFQ86bNdXSOVcV5g,palmetto-bay-florida
https://www.ubereats.com/miami/food-delivery/dadeland-cafe/QLk_N0KJRIqb7s7jttNpdQ,palmetto-bay-florida
https://www.ubereats.com/miami/food-delivery/windy-city-tacos-burgers-%26more/9Om913uiSCa8IDoMumXoBw,palmetto-bay-florida
https://www.ubereats.com/miami/food-delivery/taco-bell-7350-sw-117th-avenue/1nQ_SNUMR8yk9mNj1Z0F7Q,palmetto-bay-florida
https://www.ubereats.com/miami/food-delivery/arbys-20203-s-dixie-hwy/pnxx3e6pRaalA8qYCWJMow,palmetto-bay-florida
https://www.ubereats.com/miami/food-delivery/pizza-universe/y3lVTTupR2q95JrpjmKU_w,palmetto-bay-florida
https://www.ubereats.com/miami/food-delivery/tgi-fridays-2646-coral-gables-university-fl/oFzjE9NLQU-TMm4nj751VQ,palmetto-bay-florida
https://www.ubereats.com/miami/food-delivery/mcdonalds-sunset/WJnBFVKmQSmabjn8YNe88Q,palmetto-bay-florida
https://www.ubereats.com/miami/food-delivery/grill-argentino/e1cjstcTSpKT9EEqYVtTvA,palmetto-bay-florida
https://www.ubereats.com/miami/food-delivery/aromas-del-peru-palmetto-bay/-OU01tzpQ82LIwwYrqs1qA,palmetto-bay-florida
https://www.ubereats.com/miami/food-delivery/corner-subs/zHE2EzAsRPWU4NSc88jXpA,palmetto-bay-florida
https://www.ubereats.com/miami/food-delivery/duffys-sports-grill-kendall/WlIDPATkTh2kwPyP0LLzAA,palmetto-bay-florida
https://www.ubereats.com/miami/food-delivery/the-greek-house-kitchen/CNu6E6g1ScqKZWOvAltqrA,palmetto-bay-florida
https://www.ubereats.com/miami/food-delivery/farm-stores-cutler-bay/fqBdbZwNSve8BGO9iDWQuQ,palmetto-bay-florida
https://www.ubereats.com/miami/food-delivery/five-guys-fl-0487-1540-s-dixie-highway-us-1/dclojB6VT8SGG2_CoQESJA,palmetto-bay-florida
https://www.ubereats.com/miami/food-delivery/the-cheese-course-pinecrest/OH4gxDkvSzO4zAsVGO9JbA,palmetto-bay-florida
https://www.ubereats.com/miami/food-delivery/piola-pinecrest/78RokDynTYGTzRrcReK9QA,palmetto-bay-florida
https://www.ubereats.com/miami/food-delivery/xochimex-cantina-grill-cutler-bay/TJeC4EQCR62dl-A06wmGlQ,palmetto-bay-florida
https://www.ubereats.com/miami/food-delivery/la-carreta-kendall/94DjqBz7SnOOBkrXX0T8-A,palmetto-bay-florida
https://www.ubereats.com/miami/food-delivery/taco-bell-12001-sw-129th-ct/IERMVH0HRG-Cks2uRZQWxg,palmetto-bay-florida
https://www.ubereats.com/miami/food-delivery/barley/CVPYUBBlRQOI6pm6Z0PE1Q,palmetto-bay-florida
https://www.ubereats.com/miami/food-delivery/grand-china-restaurant/8rRDrp2VTKCSSDILTM793A,palmetto-bay-florida
https://www.ubereats.com/miami/food-delivery/healthy-delights/roBVm4R7SoiZ_BiBJktq6Q,palmetto-bay-florida
https://www.ubereats.com/miami/food-delivery/china-gourmet-miami/5hCvvMoASvaS73HRGrXwLQ,palmetto-bay-florida
https://www.ubereats.com/miami/food-delivery/tamiami-subs/OoehILsaSCmv_UBMokwiKg,palmetto-bay-florida
https://www.ubereats.com/miami/food-delivery/abi-maria-bar-%26-refuge/gmn5aWITQx2fK2RBFW9hNg,palmetto-bay-florida
https://www.ubereats.com/miami/food-delivery/la-fogata-charcoals/-Y7HEV4JRdWfXAFKQw2ZYw,palmetto-bay-florida
https://www.ubereats.com/miami/food-delivery/saffron-indian-cuisine/Ajs_F3hAQ1efsZFEwsJfaw,palmetto-bay-florida
https://www.ubereats.com/miami/food-delivery/sports-grill-south-miami/txD4IKGUQEy4zSwpyCt1Bw,palmetto-bay-florida
https://www.ubereats.com/miami/food-delivery/popeyes-11205-sw-152nd-st/XVf8mAJGR7qW0OTrWDuM3Q,palmetto-bay-florida
https://www.ubereats.com/miami/food-delivery/starbucks-7708-north-kendall-drive/SYUmQ1g9Q4-cdXGt3edKpg,palmetto-bay-florida
https://www.ubereats.com/miami/food-delivery/el-toro-loco-churrascaria-west-kendall-food-truck/N_M6ztzYTaqVGFZFlDKRTw,palmetto-bay-florida
https://www.ubereats.com/miami/food-delivery/buffalo-wild-wings-south-miami/S303gALoTfeKoZMQnqUppw,palmetto-bay-florida
https://www.ubereats.com/miami/food-delivery/los-verdes-country-walk/YUeGG0YXSVCCx_pwsPVcnA,palmetto-bay-florida
https://www.ubereats.com/miami/food-delivery/mexygo-by-el-rancho-grande/qxFCKdv7Sq2mmXWnkUxIng,palmetto-bay-florida
https://www.ubereats.com/miami/food-delivery/starbucks-old-cutler-rd-%26-sw-168th-st/fnp_IYmmTKu_sZRhDdMXKw,palmetto-bay-florida
https://www.ubereats.com/miami/food-delivery/gaetanos-pizzeria/ClJGpf8fQtSDQUPiPhp4AQ,palmetto-bay-florida
https://www.ubereats.com/miami/food-delivery/ricos-steak-%26-grill/PBvSwp4GQteH8nyxIrH8vQ,palmetto-bay-florida
https://www.ubereats.com/miami/food-delivery/kendall-grille-fritanga/ly7W6a2RRRaR6JPzvYLkzw,palmetto-bay-florida
https://www.ubereats.com/miami/food-delivery/potato-corner/lQ9RvaL2TqS3KYqxmAgbQQ,palmetto-bay-florida
https://www.ubereats.com/miami/food-delivery/the-ice-cream-shop/uqdXrs5nQiW_9MiWQL3WOw,palmetto-bay-florida
https://www.ubereats.com/miami/food-delivery/pollo-tropical-3094-ne-41st-pl/uLVSDxh3SHu5Q0jd1fQzAg,palmetto-bay-florida
https://www.ubereats.com/miami/food-delivery/raw-juce-coral-gables/bT3TANwARSm6OctmH_FHzA,palmetto-bay-florida
https://www.ubereats.com/miami/food-delivery/lucia-pizzeria/DeOyy4M3RYOppY5zzv_P-A,palmetto-bay-florida
https://www.ubereats.com/miami/food-delivery/aoki-teppanyaki-dadeland/F_VVpr7-SD-kfOVcTUBVEw,palmetto-bay-florida
https://www.ubereats.com/miami/food-delivery/trattoria-luna/QYi0AQgmRBSXGoNATZ6qRQ,palmetto-bay-florida
https://www.ubereats.com/miami/food-delivery/la-union/_Veyeqr6RReJeX8hHViWJA,palmetto-bay-florida
https://www.ubereats.com/miami/food-delivery/killer-melts-kendall-breeze-shopping-center/3C3IQurDTtWM4Ol-MJnrHw,palmetto-bay-florida
https://www.ubereats.com/miami/food-delivery/mcdonalds-11575-quail-roost-road/8e56UtgZRyaMVUzoUKsmoQ,palmetto-bay-florida
https://www.ubereats.com/miami/food-delivery/wagons-west/wqHKqddOTcy1e-rGiOERGw,palmetto-bay-florida
https://www.ubereats.com/miami/food-delivery/atelier-monnier-dadeland/a6DSvC7uR9epsxOSnk8_LQ,palmetto-bay-florida
https://www.ubereats.com/miami/food-delivery/la-mora-italiana/Ea-HLk0kRkilaUzkMuGDFQ,palmetto-bay-florida
https://www.ubereats.com/miami/food-delivery/pepitolandia/mQfD7-3KR8KYCajYMCBNOA,palmetto-bay-florida
https://www.ubereats.com/miami/food-delivery/sports-grill-kendall/RLjmviDySO2V311NGSMrDg,palmetto-bay-florida
https://www.ubereats.com/miami/food-delivery/funnel-cake-miami/c1fnvyU-TZWfWPXDnIaKiQ,palmetto-bay-florida
https://www.ubereats.com/miami/food-delivery/burger-king-9675-bird-road/DyJntlBGT_qwh6aGSzlMLw,palmetto-bay-florida
https://www.ubereats.com/miami/food-delivery/cao-bakery-sunset-dr/DonArTQSRtSxyWS_b1Jshw,palmetto-bay-florida
https://www.ubereats.com/miami/food-delivery/ghee-indian-kitchen-dadeland/wx7idq6iRcmJLk3PmSNAhg,palmetto-bay-florida
https://www.ubereats.com/miami/food-delivery/ihop-18860-s-dixie-hwy/T0YPgfErRCaJ5Z6OXErzcg,palmetto-bay-florida
https://www.ubereats.com/miami/food-delivery/ginger-%26-juice-bar/YSdjVZzDRQ6xV7QlLy19Qw,palmetto-bay-florida
https://www.ubereats.com/miami/food-delivery/shinju-japanese-buffet-sunset/MV5ulhtySJOzfVKNp5wJzA,palmetto-bay-florida
https://www.ubereats.com/miami/food-delivery/blue-elephant-thai-and-sushi/nV7QI8QeREqBSFWYE2ImSg,palmetto-bay-florida
https://www.ubereats.com/miami/food-delivery/chicken-kitchen-pinecrest/BU0cduIET2ukEtFKvkH5iw,palmetto-bay-florida
https://www.ubereats.com/miami/food-delivery/olguitas-cafe/mldear3kTS6XT_uDcQkPGA,palmetto-bay-florida
https://www.ubereats.com/miami/food-delivery/andreinas-cafe/Lr9y-h3aS7iEzNXTh6eNeg,palmetto-bay-florida
https://www.ubereats.com/miami/food-delivery/arepas-cr/FnYfz3z3RtGtjiBf4hpG2w,palmetto-bay-florida
https://www.ubereats.com/miami/food-delivery/macitas-restaurant/lLKkBU9fQ3q7HUgG2dC7Cg,palmetto-bay-florida
https://www.ubereats.com/miami/food-delivery/taco-bell-20925-s-dixie-hwy/cWYRFv5_R5Cf4VfcisnuCg,palmetto-bay-florida
https://www.ubereats.com/miami/food-delivery/rin-connection/2hQMiOdyQCypCUIQQmWNRg,palmetto-bay-florida
https://www.ubereats.com/miami/food-delivery/don-pan-international-bakery-n-kendall-dr/xXC4SY-mTf6Aq-V5bk3EOg,palmetto-bay-florida
https://www.ubereats.com/miami/food-delivery/the-chinese-restaurant-of-kendall/e1ysyMBZQ2ykRIU8BnP-Uw,palmetto-bay-florida
https://www.ubereats.com/miami/food-delivery/cold-stone-creamery-pinecrest/psniaXQfQJextESl4n7s-w,palmetto-bay-florida
https://www.ubereats.com/miami/food-delivery/xochimex-cantina-grill-sw-137/L7s8ioRsSnK0PpEJxAHSwA,palmetto-bay-florida
https://www.ubereats.com/miami/food-delivery/kae-sushi-5701-sunset-dr-yumbrella/wpp5FwaeTOCfOVlu3Pbu9A,palmetto-bay-florida
https://www.ubereats.com/miami/food-delivery/cold-stone-creamery-eureka/rYC07Bm8S9qLdc1LIcB6ww,palmetto-bay-florida
https://www.ubereats.com/miami/food-delivery/forno-italiano-pizzeria/h4t4CmjqS9O5q7rJTmYdsg,palmetto-bay-florida
https://www.ubereats.com/miami/food-delivery/wings-%26-things-mia07-1/_xuQDXDuRUa76kEcIGS8Ag,palmetto-bay-florida
https://www.ubereats.com/miami/food-delivery/dicrespo/g-BSgzeCSfaRdjgJ4ooiww,palmetto-bay-florida
https://www.ubereats.com/miami/food-delivery/stephanies-catering/uBM5liOtREOzVeaw1mwPiQ,palmetto-bay-florida
https://www.ubereats.com/miami/food-delivery/taco-bell-13550-sw-152nd-street/ym87hA-kQomyGFSAM1ot2g,palmetto-bay-florida
https://www.ubereats.com/miami/food-delivery/subrageous-cutler-bay/q4kOV-UWR6aKR39uHdhSWQ,palmetto-bay-florida
https://www.ubereats.com/miami/food-delivery/shaddai-lebanese-grill/jwNdwx6NSBaaA4OTzkXSeQ,palmetto-bay-florida
https://www.ubereats.com/miami/food-delivery/pollo-tropical-13401-s-dixie-hwy/ZJPhw3jYTAurxzAhGKMOmg,palmetto-bay-florida
https://www.ubereats.com/miami/food-delivery/sabor-a-peru-ceviche-bar/qCs3L606QSW817IVgWalog,palmetto-bay-florida
https://www.ubereats.com/miami/food-delivery/enis-seafood/nn1ZTuBTRWmepMclhrzWEA,palmetto-bay-florida
https://www.ubereats.com/miami/food-delivery/gyroville-kendall/SdpG-_dDQL6PLVjw6Oz9cQ,palmetto-bay-florida
https://www.ubereats.com/miami/food-delivery/sea-siam/72Ljpqn6TUCAyKPyQS4wlA,palmetto-bay-florida
https://www.ubereats.com/miami/food-delivery/della-bowls-mia07-1/8NzI3YayS_COyG3cvmDoLA,palmetto-bay-florida
https://www.ubereats.com/miami/food-delivery/burger-king-21000-allapattah-drive/-7g056w7SxO3pvtp-5NwzA,palmetto-bay-florida
https://www.ubereats.com/miami/food-delivery/mcdonalds-hammocks/s6tcPJI1SkOXVbo2uQq-TQ,palmetto-bay-florida
https://www.ubereats.com/miami/food-delivery/mcdonalds-tropical-park/j1Gm3h38TL-TlPpB9M7_aQ,palmetto-bay-florida
https://www.ubereats.com/miami/food-delivery/che-titos/VdFzCxf-TCydHOIHOYj8tg,palmetto-bay-florida
https://www.ubereats.com/miami/food-delivery/red-corn-taqueria-mia07-1/5YJ-0o4oTrqs9IDe1Jrl9w,palmetto-bay-florida
https://www.ubereats.com/miami/food-delivery/morelia-gourmet-paletas-pinecrest/IawKmfroRb-tM2p8OQUWYg,palmetto-bay-florida
https://www.ubereats.com/miami/food-delivery/shaddai-fine-lebanese-cuisine/d2M5F1NqR9SdiqoYCWYaBQ,palmetto-bay-florida
https://www.ubereats.com/miami/food-delivery/fuji-hana-restaurant-11768-sw-88th-st/bb5ov3nyQcOY52MWpdPIRQ,palmetto-bay-florida
https://www.ubereats.com/miami/food-delivery/arepa-santa-barbara/yhDCwKwQRWKoJhEFXHCgDQ,palmetto-bay-florida
https://www.ubereats.com/miami/food-delivery/imperial-tea/vW8IpqkiTEmp9t10ORvwTA,palmetto-bay-florida
https://www.ubereats.com/miami/food-delivery/burger-king-11650-s-w-152nd-street/c9OpS2sdSyWFFSouqWOOFQ,palmetto-bay-florida
https://www.ubereats.com/miami/food-delivery/potato-corner-%232/jZwqMDgUT5Ko2I-spJHa9w,palmetto-bay-florida
https://www.ubereats.com/miami/food-delivery/wings-n-jerk/ZRxQ-NiUSPqm6P7MaL4wkw,palmetto-bay-florida
https://www.ubereats.com/miami/food-delivery/pisco-y-nazca-peruvian-restaurant-kendall/uiMPaqFKTfakBK8ONiRM8Q,palmetto-bay-florida
https://www.ubereats.com/miami/food-delivery/mcdonalds-23351-sw-112th-ave/HxVSXVsQTM2IKHvIpAH9qA,palmetto-bay-florida
https://www.ubereats.com/miami/food-delivery/amsterdam-falafelshop-south-miami/i-9GQXvpQKWDpLABheAYzw,palmetto-bay-florida
https://www.ubereats.com/miami/food-delivery/miami-grill-kendall/s93fR37UTLq-Wrxs2mjwTg,palmetto-bay-florida
https://www.ubereats.com/miami/food-delivery/the-ice-cream-shop/VAxLCFuhSQmngNl770UzoQ,palmetto-bay-florida
https://www.ubereats.com/miami/food-delivery/the-pasta-box/kfbgOBcBQoS1b5P2d5cORQ,palmetto-bay-florida
https://www.ubereats.com/miami/food-delivery/teriyaki-ninja-cutler-bay/FIvbsoXPQoOs84yQc5Uomg,palmetto-bay-florida
https://www.ubereats.com/miami/food-delivery/ernestos-taco-shop-country-walk-miami-fl/jKnXh1mqQRucNugrkR10eA,palmetto-bay-florida
https://www.ubereats.com/miami/food-delivery/sushi-runner-palmetto-bay/RD-yONWERQyxerpgYOBNuA,palmetto-bay-florida
https://www.ubereats.com/miami/food-delivery/yokos-japanese-restaurant/cGuEhTp0RaWdpioFDQ_M1Q,palmetto-bay-florida
https://www.ubereats.com/miami/food-delivery/giardino-gourmet-salads-south-miami/ZH3yhlSJRta5HqP_xrS3Jg,palmetto-bay-florida
https://www.ubereats.com/miami/food-delivery/hoagie-bear-subs/Er8hWN6JQWqgSdkTD1IPSg,palmetto-bay-florida
https://www.ubereats.com/miami/food-delivery/rio-station-juice-bar/1BPDg3VWTdS2xasw13i-Qw,palmetto-bay-florida
https://www.ubereats.com/miami/food-delivery/sokai-sushi-bar-the-falls/N7BBdizrQ5yaWFOGiNzjNQ,palmetto-bay-florida
https://www.ubereats.com/miami/food-delivery/jamba-juice-dadeland/LDH9_2sjRZqIfI0R5FxESQ,palmetto-bay-florida
https://www.ubereats.com/miami/food-delivery/candidos-coffee/sA4WDq-YQpaRAf_9XaL4aw,palmetto-bay-florida
https://www.ubereats.com/miami/food-delivery/party-cake-bakery/jijpFp7QSbi2hHbYTyF0aA,palmetto-bay-florida
https://www.ubereats.com/miami/food-delivery/vicky-bakery-palmetto-bay/_V_PUmisS0aRZYDc8QG6Sw,palmetto-bay-florida
https://www.ubereats.com/miami/food-delivery/parrilla-havanera-restaurant/a5cf6PmiTAS3AetGILhYKQ,palmetto-bay-florida
https://www.ubereats.com/miami/food-delivery/karla-bakery-kendall-miami-fl/ugtL-HGVQM69B4mT7N-Y0A,palmetto-bay-florida
https://www.ubereats.com/miami/food-delivery/mcdonalds-coral-gables/FZfTp-1pT4CcLC9WJ7okwg,palmetto-bay-florida
https://www.ubereats.com/miami/food-delivery/la-jamoteca/2NUjeebpQZemG2V_kM2StQ,palmetto-bay-florida
https://www.ubereats.com/miami/food-delivery/pubgrill/8dtA23RJQXSnaUZX_TJX8g,palmetto-bay-florida
https://www.ubereats.com/miami/food-delivery/malanga-cuban-cafe/neH908z9Q5yOVKoF3nNpag,palmetto-bay-florida
https://www.ubereats.com/miami/food-delivery/shula-burger-pinecrest/8gxEM1GtTamzP0kwx0TYNw,palmetto-bay-florida
https://www.ubereats.com/miami/food-delivery/el-floridita-seafood-%232/goO4qu6TQbqZ96_hQ1-Qeg,palmetto-bay-florida
https://www.ubereats.com/miami/food-delivery/panera-13617-south-dixie-highway/Bxx7mpBLS4Ci4yxhqt3tUg,palmetto-bay-florida
https://www.ubereats.com/miami/food-delivery/burger-king-11200-s-w-137th-avenue/9jhldU5nRky-KAR97Ei8ug,palmetto-bay-florida
https://www.ubereats.com/miami/food-delivery/downsouth-bbq-ribhack/xSLGJlb7S5GYbfkbhcutzQ,palmetto-bay-florida
https://www.ubereats.com/miami/food-delivery/diy-ice-cream-%26-poke-bowl-%26-sushi/0CgvblQbQAe_VazczvAyQg,palmetto-bay-florida
https://www.ubereats.com/miami/food-delivery/chipotle-mexican-grill-15221-sw-127th-avenue/EgUf_401QMyrcb6g7d1IlQ,palmetto-bay-florida
https://www.ubereats.com/miami/food-delivery/churromania-hialeah/u61ddPdRTPGifmZ6fpd_sg,palmetto-bay-florida
https://www.ubereats.com/miami/food-delivery/express-subs-%26-pasta-energy-bar/dpisAiPISEaNixGnG9cQJA,palmetto-bay-florida
https://www.ubereats.com/miami/food-delivery/taco-bell-13610-sw-288th-st/Se6NJDgmRXSxdnfvjkkYRA,palmetto-bay-florida
https://www.ubereats.com/miami/food-delivery/taco-genius/I6TjZMQjQKqqvZkH1qn1lg,palmetto-bay-florida
https://www.ubereats.com/miami/food-delivery/subway-12525-s-dixie-hwy/cu0VnspXSr6ZgopcxqYYrA,palmetto-bay-florida
https://www.ubereats.com/miami/food-delivery/pitys-pizza/LHDK6TP6Tl-2XG4THVHb6g,palmetto-bay-florida
https://www.ubereats.com/miami/food-delivery/anitas/4Zsb6QScRayemP28P-kzuA,palmetto-bay-florida
https://www.ubereats.com/miami/food-delivery/yglesias-cuban-cafe/lZBDjf6-QPGKHQLUwXXFdA,palmetto-bay-florida
https://www.ubereats.com/miami/food-delivery/pincho-factory-pinecrest-fl/Ey4yGCcLS_2Vo_Uje_oAow,palmetto-bay-florida
https://www.ubereats.com/miami/food-delivery/burgerfi-miami-pinecrest/K9DiIbqrRQyCDf4DOFsB1w,palmetto-bay-florida
https://www.ubereats.com/miami/food-delivery/lous-burgers/Kn4rvBPwRzSr38inucV9hg,palmetto-bay-florida
https://www.ubereats.com/miami/food-delivery/la-pizza-wood-fired-oven/5X0SHh-1SZa2DO34D5wAFA,palmetto-bay-florida
https://www.ubereats.com/miami/food-delivery/ricos-steak-%26-grill/ZgOLnB4zQyiorVybW8Uq-w,palmetto-bay-florida
https://www.ubereats.com/miami/food-delivery/casacuba-restaurant/fM8UgjM-TqeYK8aWQJ5mzw,palmetto-bay-florida
https://www.ubereats.com/miami/food-delivery/wendys-13901-s-dixie-hwy/qDuZTylsTumC2TdBBMYnnA,palmetto-bay-florida
https://www.ubereats.com/miami/food-delivery/guaca-mole-tex-mex-dadeland/au59Ey5_RQKqDd2tPCvfWw,palmetto-bay-florida
https://www.ubereats.com/miami/food-delivery/original-big-tomato-pinecrest/N30dISx2T0Wn5TdS3CUmpw,palmetto-bay-florida
https://www.ubereats.com/miami/food-delivery/starbucks-sunset-%26-58th-ave/GEPYJ9MUQ--kOsOXQpqUPQ,palmetto-bay-florida
https://www.ubereats.com/miami/food-delivery/panaderia-20-de-julio/-pdKbMUESVKw9uuvPHbpyQ,palmetto-bay-florida
https://www.ubereats.com/miami/food-delivery/farm-stores-12075-s-dixie-highway/mToX_ah3Rm6THbLgrqXLhQ,palmetto-bay-florida
https://www.ubereats.com/miami/food-delivery/chipotle-mexican-grill-10600-n-kendall-dr/XI3e_vJCRi27kTk2NUaTkQ,palmetto-bay-florida
https://www.ubereats.com/miami/food-delivery/kfc-tb-14790-sw-56th-st/xo1t6DzPQgeRNqOjzkAUIg,palmetto-bay-florida
https://www.ubereats.com/miami/food-delivery/juan-valdez-cafe-pinecrest-gardens/-6JG1pUxRgqhPjdlhbZ-Vw,palmetto-bay-florida
https://www.ubereats.com/miami/food-delivery/the-brick-an-american-kitchen-%26-bar/RWHzLYKKRQ-3X7ppVMrpBw,palmetto-bay-florida
https://www.ubereats.com/miami/food-delivery/hibachi-grill-masters/-RuSu0A9RH2PDqJctB8Xzw,palmetto-bay-florida
https://www.ubereats.com/miami/food-delivery/cosme-cafe/noe9YNaMQte2YXU072xiog,palmetto-bay-florida
https://www.ubereats.com/miami/food-delivery/two-brothers-restaurant/ra8bG20WTFi95AvjHPKqXA,palmetto-bay-florida
https://www.ubereats.com/miami/food-delivery/rumi-persian-grill/jyJBIaWHQi2COrD9TJAk3w,palmetto-bay-florida
https://www.ubereats.com/miami/food-delivery/shortys-bar-b-q-south-miami/TgoTw7InRryz4GOJzQEiuQ,palmetto-bay-florida
https://www.ubereats.com/miami/food-delivery/rinconcito-salvadoreno/-phSSDLXR4WR5GUo4Am4Rg,palmetto-bay-florida
https://www.ubereats.com/miami/food-delivery/chipotle-mexican-grill-12227-south-dixie-highway/g8H46lzERFG2MaWtH2to4g,palmetto-bay-florida
https://www.ubereats.com/miami/food-delivery/checkers-13625-south-dixie-hwy/dgseu0iPTgK55_cTAOOmpA,palmetto-bay-florida
https://www.ubereats.com/miami/food-delivery/wendys-13890-n-kendall-dr/ZeOqIYKuTZC7u3xuoidS2w,palmetto-bay-florida
https://www.ubereats.com/miami/food-delivery/starbucks-12225-s-dixie-hwy/8hst4z4PTGOzDEv3IXRQbw,palmetto-bay-florida
https://www.ubereats.com/miami/food-delivery/the-artisanal-sandwich-shop/7W0Sy3nBSrax_wlikC_wDw,palmetto-bay-florida
https://www.ubereats.com/miami/food-delivery/bollywood-masala/IRTIAJp5RqGJg1_GolV6Fg,palmetto-bay-florida
https://www.ubereats.com/miami/food-delivery/bjs-restaurant-and-brewhouse-8888-sw-136th-street/C3s3VuNmQe-EeADS9vxZYQ,palmetto-bay-florida
https://www.ubereats.com/miami/food-delivery/samurai-8717-sw-136-street/Z4t7Hd_FTWy4utSPEtXWCw,palmetto-bay-florida
https://www.ubereats.com/miami/food-delivery/zuuk-mediterranean-kitchen-dadeland/WwMQFhwBSouNx-ALem4Glw,palmetto-bay-florida
https://www.ubereats.com/miami/food-delivery/thyme-to-eat/Q_Q6MkIJR4Wqq1-uaMLjKw,palmetto-bay-florida
https://www.ubereats.com/miami/food-delivery/slide-n-fly/K11VQCh5Q_OFk59pphKiZw,palmetto-bay-florida
https://www.ubereats.com/miami/food-delivery/yogurtland-12502-n-kendall-dr/3L_GHj_hRq-lWBTMW6IkAA,palmetto-bay-florida
https://www.ubereats.com/miami/food-delivery/the-grill-by-don-pan-n-kendall-dr/SfNL4BaPSqK1AjYJbk-oiA,palmetto-bay-florida
https://www.ubereats.com/miami/food-delivery/island-jerk/OrrNQWQEQiOQpMM8EUXJTQ,palmetto-bay-florida
https://www.ubereats.com/miami/food-delivery/takee-outee/UNq-pk7MQWuNpNadjBBEPQ,palmetto-bay-florida
https://www.ubereats.com/miami/food-delivery/smoothie-spot-south-dixie/Ld6VWT9sSVuZJuzZxtxTUQ,palmetto-bay-florida
https://www.ubereats.com/miami/food-delivery/cosechas/40QXs67-TJCpvtJcRl-rTg,palmetto-bay-florida
https://www.ubereats.com/miami/food-delivery/senor-pan-cafe-inc/8viziBM_Rx6YnJRr6huBMg,palmetto-bay-florida
https://www.ubereats.com/miami/food-delivery/two-chefs/Ctgo9XryTNyIq2nrETmx2g,palmetto-bay-florida
https://www.ubereats.com/miami/food-delivery/party-cake-bakery-old-cutler-rd/qwI45BzES_aj55yO5XAG4Q,palmetto-bay-florida
https://www.ubereats.com/miami/food-delivery/european-corner-south-miami/lnYTEMLuR8uqemqaECAS1A,palmetto-bay-florida
https://www.ubereats.com/miami/food-delivery/la-crepe-bistro-miami/ugmSscGrQQ-zJT15JQ3SsQ,palmetto-bay-florida
https://www.ubereats.com/miami/food-delivery/don-burrito-sunset/wfQuhfmeQGusx4fxs0Gwgg,palmetto-bay-florida
https://www.ubereats.com/miami/food-delivery/mr-tastings-cafe-llc/zswsrbrPTwmg21TueyHYnQ,palmetto-bay-florida
https://www.ubereats.com/miami/food-delivery/fritanga-cutler-bay/Q5j6BtoYTGeeeF6KAtEKlw,palmetto-bay-florida
https://www.ubereats.com/miami/food-delivery/haagen-dazs-midtown-miami/5ogIZRh4QAq7nX4YqqSHkg,palmetto-bay-florida
https://www.ubereats.com/miami/food-delivery/ceviche-911/rPHyZcsPRKyQJ2KKxNqn9A,palmetto-bay-florida
https://www.ubereats.com/miami/food-delivery/embody-bowls/nlEkoFXVSNyM7s1MX-_roA,palmetto-bay-florida
https://www.ubereats.com/miami/food-delivery/giardino-gourmet-salads-palmetto-bay/6ijCs8X3QIScNcER2gWO3Q,palmetto-bay-florida
https://www.ubereats.com/miami/food-delivery/sushi-maki-kendall/DQdgnPt_S7ymQ1-vAUokiA,palmetto-bay-florida
