url,city
https://www.ubereats.com/los-angeles/food-delivery/angara/EVPGwSjGTZeKD7aYpETrSw,palos-verdes-estates-california
https://www.ubereats.com/los-angeles/food-delivery/pza-redondo-beach/QqoRkr0TTSeo1xxxShPluw,palos-verdes-estates-california
https://www.ubereats.com/los-angeles/food-delivery/mod-pizza-rolling-hills/49PxbxIERmybe_bR6uq8eg,palos-verdes-estates-california
https://www.ubereats.com/los-angeles/food-delivery/tender-greens-21247-hawthorne-blvd/_7gJw40uS3SLJHEKZJKhDw,palos-verdes-estates-california
https://www.ubereats.com/los-angeles/food-delivery/pacific-rim-cafe/YkeeBTN7SDGtTSUVDtrDdQ,palos-verdes-estates-california
https://www.ubereats.com/los-angeles/food-delivery/the-brews-hall/57agF2eBSBa3yaZ_WteB4A,palos-verdes-estates-california
https://www.ubereats.com/los-angeles/food-delivery/pita-pit-hermosa/AdktR954TCeXLpnno-QuQg,palos-verdes-estates-california
https://www.ubereats.com/los-angeles/food-delivery/stacked-torrance/KDzorJf7QyO9b-ZuSgXJ-Q,palos-verdes-estates-california
https://www.ubereats.com/los-angeles/food-delivery/the-ice-cream-shop/3_z-LngHS6qQSpH1xx23Mg,palos-verdes-estates-california
https://www.ubereats.com/los-angeles/food-delivery/urban-plates-torrance/iPZgERezSVeTtVx2XTBHew,palos-verdes-estates-california
https://www.ubereats.com/los-angeles/food-delivery/jus-poke/tl-G9ns0RXu9kpPTnj1I3g,palos-verdes-estates-california
https://www.ubereats.com/los-angeles/food-delivery/burgerim-24218-crenshaw-boulevard/MXUGY1o3SA2khDfpAV3kuw,palos-verdes-estates-california
https://www.ubereats.com/los-angeles/food-delivery/pho-hana-restaurant/sF46YDM8SueT-OiammSdLA,palos-verdes-estates-california
https://www.ubereats.com/los-angeles/food-delivery/makkah-market/eRTlPamPSFiX64YPb9Y64Q,palos-verdes-estates-california
https://www.ubereats.com/los-angeles/food-delivery/pedones-pizza-%26-italian-food/V0yLIPjfQ8umdU_FY8qJEw,palos-verdes-estates-california
https://www.ubereats.com/los-angeles/food-delivery/tacos-super-gallito-w-anaheim-st/5YaAcHhiSUK5-O8RIkuhgQ,palos-verdes-estates-california
https://www.ubereats.com/los-angeles/food-delivery/van-leeuwen-the-point/UvOiUKf0T1a8IN397T1zUg,palos-verdes-estates-california
https://www.ubereats.com/los-angeles/food-delivery/zanes-restaurant/j3hjEZwtSkuNHpI1Etqq7Q,palos-verdes-estates-california
https://www.ubereats.com/los-angeles/food-delivery/la-michoacana-wilmington/4QmB6xDyTgirIWBcqvEUxQ,palos-verdes-estates-california
https://www.ubereats.com/los-angeles/food-delivery/la-salsa-mexican-grill-rolling-hills-estates/bppws-pETlCYousklPxQPg,palos-verdes-estates-california
https://www.ubereats.com/los-angeles/food-delivery/okane-umi/ngRODahwS0apsVJ7vVYpLQ,palos-verdes-estates-california
https://www.ubereats.com/los-angeles/food-delivery/thai-hub/9c3v1r8_QfeBwQTpnwJweg,palos-verdes-estates-california
https://www.ubereats.com/los-angeles/food-delivery/daphnes-california-greek-torrance/yZJaGN7SRc-FUGXnzhaYEA,palos-verdes-estates-california
https://www.ubereats.com/los-angeles/food-delivery/el-barrio-neighborhood-tacos/U-6zlgvNRzeCBQqGfFwuBQ,palos-verdes-estates-california
https://www.ubereats.com/los-angeles/food-delivery/ojiya-torrance/IW30_RBCRiit_gKcTZAXPA,palos-verdes-estates-california
https://www.ubereats.com/los-angeles/food-delivery/mama-ds-italian-kitchen-hermosa-beach/O2D-vGzhSmeedpLLJFEqcg,palos-verdes-estates-california
https://www.ubereats.com/los-angeles/food-delivery/kincaids-500-fishermans-wharf/Q7mZrYvlQMG3c-0x43bF4w,palos-verdes-estates-california
https://www.ubereats.com/los-angeles/food-delivery/poulet-du-jour/Odd7YIJ1RLiq84fgBODO6Q,palos-verdes-estates-california
https://www.ubereats.com/los-angeles/food-delivery/subway-156-e-sepulveda-blvd/UowgwAzPQn-fyHyTgonBDw,palos-verdes-estates-california
https://www.ubereats.com/los-angeles/food-delivery/rinaldis-italian-deli/QQrvBC_gTLy_Xykgw0lnSw,palos-verdes-estates-california
https://www.ubereats.com/los-angeles/food-delivery/starbucks-torrance-%26-hawthorne/ulbvDdc9SyaU4Nig1imSeg,palos-verdes-estates-california
https://www.ubereats.com/los-angeles/food-delivery/tanawin-thai-bistro/vtJwMZ8qQH-waoO56JG6WA,palos-verdes-estates-california
https://www.ubereats.com/los-angeles/food-delivery/happy-deli/qbS7oWgeTI6AbAuocGn-bA,palos-verdes-estates-california
https://www.ubereats.com/los-angeles/food-delivery/lees-kitchen-inc/nmHyOGOhSgyT_Qut_klrfw,palos-verdes-estates-california
https://www.ubereats.com/los-angeles/food-delivery/yellow-vase-rancho-palos-verdes/ivU8UH_EQLO7POT8Ky0NwA,palos-verdes-estates-california
https://www.ubereats.com/los-angeles/food-delivery/tacos-super-gallito-west-pacific-coast/PpLvikU8SGa8P2VenjInJg,palos-verdes-estates-california
https://www.ubereats.com/los-angeles/food-delivery/taco-bell-22235-so-main-st/smmolj8dSa6yTV2IbWFrOg,palos-verdes-estates-california
https://www.ubereats.com/los-angeles/food-delivery/el-pollo-inka-gardena/NhTMsNzLSW6Gt_IPdA6V2Q,palos-verdes-estates-california
https://www.ubereats.com/los-angeles/food-delivery/pesto-italian-restaurant/TPozyyZ3R4qBOesWOz6LAQ,palos-verdes-estates-california
https://www.ubereats.com/los-angeles/food-delivery/robeks-fresh-juices/Rm_Fx6Q9TRqIcXkwT-E4HQ,palos-verdes-estates-california
https://www.ubereats.com/los-angeles/food-delivery/tastyblock-hawaiian-shave-ice/QlOttXLGRPqLpopz3PgNFw,palos-verdes-estates-california
https://www.ubereats.com/los-angeles/food-delivery/ragin-cajun-cafe/GgrFKmSrTOuYjb8RhK0Jmg,palos-verdes-estates-california
https://www.ubereats.com/los-angeles/food-delivery/lucky-%231-chinese-restaurant/BIr2w5ZXQrizS7FH4mrpnw,palos-verdes-estates-california
https://www.ubereats.com/los-angeles/food-delivery/rubios-25366-crenshaw-blvd/UQC7kuXMQpOetKa1Uno7yA,palos-verdes-estates-california
https://www.ubereats.com/los-angeles/food-delivery/snax-superburger-torrance/oL5SMpahSiiROymUyN5osA,palos-verdes-estates-california
https://www.ubereats.com/los-angeles/food-delivery/the-burger-spot/2uOqOQp6RjqQqpp_alCqqQ,palos-verdes-estates-california
https://www.ubereats.com/los-angeles/food-delivery/the-tamale-man/CjHcNk2WQ5GhUO3GBFoSuQ,palos-verdes-estates-california
https://www.ubereats.com/los-angeles/food-delivery/tacos-super-gallito-gaffrey-st/_11oRD3eRo2GnZoNYH1Zvw,palos-verdes-estates-california
https://www.ubereats.com/los-angeles/food-delivery/tacos-super-gallito-w-190th/_-Rh2xQmR8OQ_o5os4kglw,palos-verdes-estates-california
https://www.ubereats.com/los-angeles/food-delivery/asian-barbecue-halal/NiEzwsGTSAq7wfe1PHJmnQ,palos-verdes-estates-california
https://www.ubereats.com/los-angeles/food-delivery/northern-cafe-s-western-ave/n8gpe-eFQQKDwRDEqCiJlw,palos-verdes-estates-california
https://www.ubereats.com/los-angeles/food-delivery/annapurna-south-indian-restaurant/fncc8gosQzSXZagGYDiYuQ,palos-verdes-estates-california
https://www.ubereats.com/los-angeles/food-delivery/restaurante-estela/OiIJprnxSfOU9c_5p5Xafg,palos-verdes-estates-california
https://www.ubereats.com/los-angeles/food-delivery/samba-brazilian-steakhouse-redondo-beach/KwRKvihCQTGK9KsuJZQB5A,palos-verdes-estates-california
https://www.ubereats.com/los-angeles/food-delivery/black-angus-steakhouse-torrance/sunlH5Q7QUCNzESX29LqPQ,palos-verdes-estates-california
https://www.ubereats.com/los-angeles/food-delivery/saigon-eatery/jh--WokuQey8ls8l4w2ZHg,palos-verdes-estates-california
https://www.ubereats.com/los-angeles/food-delivery/san-pedro-fish-market-grille-rolling-hills/yd0WHw-STg2PS-meNXWHCw,palos-verdes-estates-california
https://www.ubereats.com/los-angeles/food-delivery/cold-stone-creamery-17362-hawthorne-blvd/8KQ00HynRyqen5GtsHKzDQ,palos-verdes-estates-california
https://www.ubereats.com/los-angeles/food-delivery/yogurtland-271-avenida-del-norte/jAuxxYOLRjCguXKwsTq-RQ,palos-verdes-estates-california
https://www.ubereats.com/los-angeles/food-delivery/starbucks-pacific-coast-hwy-%26-diamond-st/AGH1X3bnQZKQG_sazbcJOw,palos-verdes-estates-california
https://www.ubereats.com/los-angeles/food-delivery/panda-express-pch-%26-hawthorne/GoEq9UcoTJi31YqCATSPjQ,palos-verdes-estates-california
https://www.ubereats.com/los-angeles/food-delivery/rollstop-sushi/mgsJgzQ6QrGexy7-erkMZA,palos-verdes-estates-california
https://www.ubereats.com/los-angeles/food-delivery/starbucks-riviera-village-redondo-beach/Ohx-HimAQGahLjMb5finVw,palos-verdes-estates-california
https://www.ubereats.com/los-angeles/food-delivery/sacks-on-the-beach/6JwAUDYYTVywNSKFe8dIuw,palos-verdes-estates-california
https://www.ubereats.com/los-angeles/food-delivery/the-pan-lomita/nxBhg3lSS4OvC-F_16qE0A,palos-verdes-estates-california
https://www.ubereats.com/los-angeles/food-delivery/bunz-gourmet-burgers/u5SCitzSReq3YEefIO6PDA,palos-verdes-estates-california
https://www.ubereats.com/los-angeles/food-delivery/panda-express-redondo-beach-417-n-pacific-coast-hwy/g6_Zy9SeT_KTHOkae345qw,palos-verdes-estates-california
https://www.ubereats.com/los-angeles/food-delivery/blue-star-donuts-manhattan-beach/KY361zC6RFSeSHxbnky2MQ,palos-verdes-estates-california
https://www.ubereats.com/los-angeles/food-delivery/juiced/Z3tHfXKqRFSaJXcXznUP8A,palos-verdes-estates-california
https://www.ubereats.com/los-angeles/food-delivery/1511-fifteen-eleven/LpAc9G8QSCqcoHia1QIJjw,palos-verdes-estates-california
https://www.ubereats.com/los-angeles/food-delivery/blazin-hens/S_0rxm7iTJ-ghrpiNUCoXA,palos-verdes-estates-california
https://www.ubereats.com/los-angeles/food-delivery/el-pollo-inka-lawndale/N0EbDpY6QzOwH_yq3Inw_g,palos-verdes-estates-california
https://www.ubereats.com/los-angeles/food-delivery/carls-jr-1360-w-190th-st/21vcokNCSru_UhqNHJxxfw,palos-verdes-estates-california
https://www.ubereats.com/los-angeles/food-delivery/chipotle-mexican-grill-940-n-western-ave-ste-e/j_0cx15SQtCCFEEMC-YT3g,palos-verdes-estates-california
https://www.ubereats.com/los-angeles/food-delivery/habana-vieja-cuban-cuisine/3bNS9XrCSjawTTDrCh7xtA,palos-verdes-estates-california
https://www.ubereats.com/los-angeles/food-delivery/rubios-550-deep-valley-dr/nZNA_RezSpKarYGUCUUEmQ,palos-verdes-estates-california
https://www.ubereats.com/los-angeles/food-delivery/jersey-mikes-subs-torrance-24631-crenshaw-blvd/-D4DyMPnS8ydLFNhxDLLlA,palos-verdes-estates-california
https://www.ubereats.com/los-angeles/food-delivery/pinkys-hotbox/qVG1mwUbR_G3c-9AkC5iDQ,palos-verdes-estates-california
https://www.ubereats.com/los-angeles/food-delivery/indias-tandoori-manhattan-beach/iwxKRzcySL6isETqOIQ3WQ,palos-verdes-estates-california
https://www.ubereats.com/los-angeles/food-delivery/tacos-super-gallito-carson-st/ej8O5KuySO6rYpHYpGU8TA,palos-verdes-estates-california
https://www.ubereats.com/los-angeles/food-delivery/artianos-appetizer-2go/DOjm-GT6REG7gGCYKWVPsw,palos-verdes-estates-california
https://www.ubereats.com/los-angeles/food-delivery/panelas-brazil-cuisine/I2udQBbOQkyT5zEzGJU_tQ,palos-verdes-estates-california
https://www.ubereats.com/los-angeles/food-delivery/starbucks-western-%26-25th/4thXhopJQoG0r9HYl8vq4w,palos-verdes-estates-california
https://www.ubereats.com/los-angeles/food-delivery/jack-in-the-box-2760-cabrillo-ave/v4Sw7bpIQQaYS0phFzYnzQ,palos-verdes-estates-california
https://www.ubereats.com/los-angeles/food-delivery/avenue-italy/Y3pJGPKkRLKHwxnIs7X2zg,palos-verdes-estates-california
https://www.ubereats.com/los-angeles/food-delivery/panda-express-3525-carson-street/bq_FPgNOT9SZdgWhfMLziA,palos-verdes-estates-california
https://www.ubereats.com/los-angeles/food-delivery/togos-20022-hawthorne-blvd/KTiXarTQRqyNTFUCaiZLNw,palos-verdes-estates-california
https://www.ubereats.com/los-angeles/food-delivery/kogi-bbq-3/oC5Y6UEuTnmbT1xtFcXMsQ,palos-verdes-estates-california
https://www.ubereats.com/los-angeles/food-delivery/el-amigo-%233/c_CoXUJ5QPqNkQAMfNhrkA,palos-verdes-estates-california
https://www.ubereats.com/los-angeles/food-delivery/toms-express-restaurant-%239/lvdXIY2JShKbVBgJFPFcxw,palos-verdes-estates-california
https://www.ubereats.com/los-angeles/food-delivery/orleans-%26-york-deli-carson/UdBZoR2wTDiHq9PcTv339Q,palos-verdes-estates-california
https://www.ubereats.com/los-angeles/food-delivery/lisas-cafe-%26-bakery/s_0BE06fRIi3ag9uiR9TTQ,palos-verdes-estates-california
https://www.ubereats.com/los-angeles/food-delivery/shake-shack-2171-rosecrans-avenue/0ha_0bPxTgGA7uTAqz_Smw,palos-verdes-estates-california
https://www.ubereats.com/los-angeles/food-delivery/vaquero-mexican-grill-gardena/jiuemDyMRQ-xVbxlsWJ28g,palos-verdes-estates-california
https://www.ubereats.com/los-angeles/food-delivery/pachanga-mexican-grill/1aOnaTioTiOEYA28xS-zbw,palos-verdes-estates-california
https://www.ubereats.com/los-angeles/food-delivery/papa-johns-gardena/GlnOHWY2S16KT0dMQy3oeA,palos-verdes-estates-california
https://www.ubereats.com/los-angeles/food-delivery/hot-n-tot-restaurant/LI2g3_-hQB2klmv_Tzq0tQ,palos-verdes-estates-california
https://www.ubereats.com/los-angeles/food-delivery/the-habit-burger-grill-3829-torrance-blvd/9hDKANnOS_a7dKM3uUU0fA,palos-verdes-estates-california
https://www.ubereats.com/los-angeles/food-delivery/busan-sushi-%26-tofu/vUEi_co9R9mOJoRl_tWnhQ,palos-verdes-estates-california
https://www.ubereats.com/los-angeles/food-delivery/papa-johns-beryl/8xEeCy3gT_uugH78W_-zKQ,palos-verdes-estates-california
https://www.ubereats.com/los-angeles/food-delivery/mcdonalds-torrance-crenshaw-amsler/PUlSiAs9TeSjbx8SBiKmeQ,palos-verdes-estates-california
https://www.ubereats.com/los-angeles/food-delivery/dickeys-bbq-pit-407-n-pacific-coast-hwy-ste-102/zf_BSdzlQrWCUXrYfpzHTA,palos-verdes-estates-california
https://www.ubereats.com/los-angeles/food-delivery/outback-steakhouse-3525-w-carson-st-suite-159/mztHfv5vQRCBKF10C0yDig,palos-verdes-estates-california
https://www.ubereats.com/los-angeles/food-delivery/the-source-cafe-manhattan-beach/x3UtJQiSTY-dovdgGrOyrQ,palos-verdes-estates-california
https://www.ubereats.com/los-angeles/food-delivery/andres-restaurant/YvQCvKbSRUi_3X2j1yd3hA,palos-verdes-estates-california
https://www.ubereats.com/los-angeles/food-delivery/laurel-tavern-hermosa-beach/Vjgz0C3JTCedNw0cusMnNA,palos-verdes-estates-california
https://www.ubereats.com/los-angeles/food-delivery/dickeys-bbq-pit/10mrjpMaRPyW2WakJNyJzw,palos-verdes-estates-california
https://www.ubereats.com/los-angeles/food-delivery/lemonade-del-amo/taZEdCNaT8aX8Bxpr7vneg,palos-verdes-estates-california
https://www.ubereats.com/los-angeles/food-delivery/alfredos-mexican-food/lBQYI42OSmWHZAT0WqA8EA,palos-verdes-estates-california
https://www.ubereats.com/los-angeles/food-delivery/al-hamra-halal-cafe/bmsrRawnQW-JNOhT5bqd4w,palos-verdes-estates-california
https://www.ubereats.com/los-angeles/food-delivery/yanagi-japanese-bistro/Dd62zjrHR0KFCmwpW2wEuw,palos-verdes-estates-california
https://www.ubereats.com/los-angeles/food-delivery/hurricane-wings-1001-w-carson-st/p_oyjpuMS1GXcx7Lg6DPhw,palos-verdes-estates-california
https://www.ubereats.com/los-angeles/food-delivery/panda-express-1815-hawthrone-bl-%23312/sPpQS0FvRoy_Ehlkfm8PJA,palos-verdes-estates-california
https://www.ubereats.com/los-angeles/food-delivery/famous-tandoori/qu4qS9XTQNS86TNpKB3w9A,palos-verdes-estates-california
https://www.ubereats.com/los-angeles/food-delivery/carls-jr-840-sepulveda-blvd/StZw_SoeTJm6gJGy-3XIAw,palos-verdes-estates-california
https://www.ubereats.com/los-angeles/food-delivery/chipotle-mexican-grill-3525-w-carson-st-ste-vc02/hJPKdzjpSAW6bWnwJKSQ6w,palos-verdes-estates-california
https://www.ubereats.com/los-angeles/food-delivery/natural-world-market-%26-cafe/6OI-oDjrQdmo5ARBpId3ww,palos-verdes-estates-california
https://www.ubereats.com/los-angeles/food-delivery/starbucks-torrance-crossroads/nTeBh1AfT0C2eYMiQTNxMQ,palos-verdes-estates-california
https://www.ubereats.com/los-angeles/food-delivery/elbows-mac-n-cheese/FcVVETbWRQ6l1KWtze9ywA,palos-verdes-estates-california
https://www.ubereats.com/los-angeles/food-delivery/wienerschnitzel-4607-artesia-blvd/IP4-HkpfQU6GLNAhV7hICg,palos-verdes-estates-california
https://www.ubereats.com/los-angeles/food-delivery/malibu-eatery-redondo-beach/1HMSXsG-QeuQDDGwJCOJlA,palos-verdes-estates-california
https://www.ubereats.com/los-angeles/food-delivery/skewer-mediterranean-grill/KJpr3gr4RSW2k3oQqDoAMA,palos-verdes-estates-california
https://www.ubereats.com/los-angeles/food-delivery/madre!-oaxacan-restaurant-and-mezcaleria-torrance/UxZXncJRQhS9rSnCPR58LQ,palos-verdes-estates-california
https://www.ubereats.com/los-angeles/food-delivery/mama-says/BYskhVhPTqunKgxVw6f-Jw,palos-verdes-estates-california
https://www.ubereats.com/los-angeles/food-delivery/panda-express-manhattan-beach/5XVTnuzdTvuUttH-eeLkZQ,palos-verdes-estates-california
https://www.ubereats.com/los-angeles/food-delivery/pirozzis-italian-deli/U14W4TnrRvG81p5VDoyqLw,palos-verdes-estates-california
https://www.ubereats.com/los-angeles/food-delivery/hudson-house/LVs-0-8hRVOBECmBwMTJwQ,palos-verdes-estates-california
https://www.ubereats.com/los-angeles/food-delivery/chicken-maison-western-%40-pv-drive/YzPu1z6aR3-HSFGOolbUow,palos-verdes-estates-california
https://www.ubereats.com/los-angeles/food-delivery/pick-up-stix-hermosa-beach/hEFCOPTyRgSPJCBgZ5_qcA,palos-verdes-estates-california
https://www.ubereats.com/los-angeles/food-delivery/california-fish-grill-gardena/r3_jrLP8QZOcVpIRqGjYcw,palos-verdes-estates-california
https://www.ubereats.com/los-angeles/food-delivery/burger-king-744-north-wilmington-boulevard/WGBE7y7vRFqrB9J6bnMZ-g,palos-verdes-estates-california
https://www.ubereats.com/los-angeles/food-delivery/okrumong/RsBn-qsaSKCB9yzgLEEnwQ,palos-verdes-estates-california
https://www.ubereats.com/los-angeles/food-delivery/menchies-frozen-yogurt-2515-artesia-blvd-ste-e/UjEpCQtnS3y-8xJa5dIZLA,palos-verdes-estates-california
https://www.ubereats.com/los-angeles/food-delivery/flemings-prime-steakhouse-%26-wine-bar-el-segundo/vE2CPDp6Tm-1VdHigZr6yA,palos-verdes-estates-california
https://www.ubereats.com/los-angeles/food-delivery/taco-bell-204-n-gaffey-st/7bpQ3H7LTlOROb17gtrpjw,palos-verdes-estates-california
https://www.ubereats.com/los-angeles/food-delivery/furaibo-japanese-restaurant/FCKDrgvVSO6bci3JQG0NEQ,palos-verdes-estates-california
https://www.ubereats.com/los-angeles/food-delivery/poke-bar-21219-hawthorne-blvd/HxC7JJRESMuwbiUWFzMCvg,palos-verdes-estates-california
https://www.ubereats.com/los-angeles/food-delivery/the-hummus-factory-manhattan-beach/_bcimJbRTr6ouioTHxByMA,palos-verdes-estates-california
https://www.ubereats.com/los-angeles/food-delivery/brio-coastal-bar-and-kitchen/ajPOkm8nQpGgaaQKjoMDhg,palos-verdes-estates-california
https://www.ubereats.com/los-angeles/food-delivery/del-taco-20135-hawthorne-blvd/8fhAm2YLRuizkIEpwQ2M3Q,palos-verdes-estates-california
https://www.ubereats.com/los-angeles/food-delivery/gong-cha-gardena/14VhghMhTcibQjNFud6w4w,palos-verdes-estates-california
https://www.ubereats.com/los-angeles/food-delivery/little-sister/pW1VN2nVRVmCnTL1rCnSQA,palos-verdes-estates-california
https://www.ubereats.com/los-angeles/food-delivery/panchos-manhattan-beach/4w_Db6mPSBizZrIn46P43Q,palos-verdes-estates-california
https://www.ubereats.com/los-angeles/food-delivery/fresh-and-meaty-burgers-carson/g84rkFcmTyax4z8gS5NaQw,palos-verdes-estates-california
https://www.ubereats.com/los-angeles/food-delivery/mcdonalds-lomita-lomita-bl/gMWE5E_HR3-fQorlLRKlsg,palos-verdes-estates-california
https://www.ubereats.com/los-angeles/food-delivery/taqueria-supremex/5QlR-smNToa_DAs_cQ4G_g,palos-verdes-estates-california
https://www.ubereats.com/los-angeles/food-delivery/kfc-taco-bell-26715-western-ave/7z1mNfKeSfeIxQkVpxFsDA,palos-verdes-estates-california
https://www.ubereats.com/los-angeles/food-delivery/fitchs-kitchen/SlgHK6ZLRm24FeJnXoWwaA,palos-verdes-estates-california
https://www.ubereats.com/los-angeles/food-delivery/sidecar-doughnuts-%26-coffee-torrance/BpQtgTJlRZOy2o9J2xk4qA,palos-verdes-estates-california
https://www.ubereats.com/los-angeles/food-delivery/taverna-1511/uBdhuyPET-KO4MLTKN7iqA,palos-verdes-estates-california
https://www.ubereats.com/los-angeles/food-delivery/jack-in-the-box-17916-hawthorne-blvd/3h2wJEWwROysoAIEiJYfWA,palos-verdes-estates-california
https://www.ubereats.com/los-angeles/food-delivery/paisanos-pizza-and-pasta/VjnsmC38QnqO7IrhDyCvvQ,palos-verdes-estates-california
https://www.ubereats.com/los-angeles/food-delivery/creamistry-403-n-pacific-coast-highway-suite-101/HopDl4KsRFmmI_oFATWjhg,palos-verdes-estates-california
https://www.ubereats.com/los-angeles/food-delivery/eboshi-ramen-bar/ws4_W0N7Q7GulI77lECrEA,palos-verdes-estates-california
https://www.ubereats.com/los-angeles/food-delivery/lalas-snackland/7ijwANyjTyiO244tTKnYFQ,palos-verdes-estates-california
https://www.ubereats.com/los-angeles/food-delivery/china-bowl-express-%26-lousiana-fried-chicken/YPzosStwRJSPrIH5MiViVw,palos-verdes-estates-california
https://www.ubereats.com/los-angeles/food-delivery/papa-johns-artesia-rb/wWf6N26bRFyJ-IEBO8f87Q,palos-verdes-estates-california
https://www.ubereats.com/los-angeles/food-delivery/subway-730-s-pacific-coast-hwy/er--YlnPQAyBSf1LseRjbw,palos-verdes-estates-california
https://www.ubereats.com/los-angeles/food-delivery/its-boba-time-torrance/CBc58uHpQRGZTMWFK-_r3w,palos-verdes-estates-california
https://www.ubereats.com/los-angeles/food-delivery/the-ice-cream-shop/tDCfX2LoQEuVygVhHuC7zg,palos-verdes-estates-california
https://www.ubereats.com/los-angeles/food-delivery/bollywood-zaika/dq62cQkmTpi1BpAYp5q3qg,palos-verdes-estates-california
https://www.ubereats.com/los-angeles/food-delivery/thai-express-food-to-go/J-jfa4EXR_WFYxnWGByEzg,palos-verdes-estates-california
https://www.ubereats.com/los-angeles/food-delivery/fusion-sushi/wUyzjgvlQKuwTmjr3oRKEg,palos-verdes-estates-california
https://www.ubereats.com/los-angeles/food-delivery/del-taco-1595-sepulveda-blvd/a5gF-Cw4QpC3i9dLna2iOQ,palos-verdes-estates-california
https://www.ubereats.com/los-angeles/food-delivery/poke-rainbow/yZQEY-OGSum0Kftj7E1RuQ,palos-verdes-estates-california
https://www.ubereats.com/los-angeles/food-delivery/taco-bell-100-w-pacific-coast-hwy/zlOtQnchTES4FcOyWZdyaA,palos-verdes-estates-california
https://www.ubereats.com/los-angeles/food-delivery/carls-jr-21112-anza-ave/HAgNg2b4QDmOztOZ6UeABQ,palos-verdes-estates-california
https://www.ubereats.com/los-angeles/food-delivery/sushi-boy/ueoRHaVtRfesM-1CLqPF2Q,palos-verdes-estates-california
https://www.ubereats.com/los-angeles/food-delivery/yanagi-kitchen/vV4IiRqbSiuEPszGRNwGZw,palos-verdes-estates-california
https://www.ubereats.com/los-angeles/food-delivery/taco-bell-301-n-sepulveda-blvd/8okV12NpSmGu5R_r9fGvaQ,palos-verdes-estates-california
https://www.ubereats.com/los-angeles/food-delivery/brazilian-plate-house/rBnbBJkUQ1iNqB-l3shoxg,palos-verdes-estates-california
https://www.ubereats.com/los-angeles/food-delivery/cali-burrito-%26-torta-factory/FonVNeBCQnGOHUIgGDz4yQ,palos-verdes-estates-california
https://www.ubereats.com/los-angeles/food-delivery/francescos-italian-gourmet/nSX88GtVTQKmiXyyolQbjQ,palos-verdes-estates-california
https://www.ubereats.com/los-angeles/food-delivery/sbarro-21712-hawthorne-blvd/574GWyQvTRO-1VobeNS6iw,palos-verdes-estates-california
https://www.ubereats.com/los-angeles/food-delivery/fatburger-1698-s-pacific-coast-highway/wf0PxbegSgWClNBImZuOkg,palos-verdes-estates-california
https://www.ubereats.com/los-angeles/food-delivery/charleys-philly-steak-3525-w-carson/oxwBDSDdRUS9lWPs7J-gZg,palos-verdes-estates-california
https://www.ubereats.com/los-angeles/food-delivery/fiesta-grill/GeGkILT6R7Snq5qJHjphmQ,palos-verdes-estates-california
https://www.ubereats.com/los-angeles/food-delivery/winchells-donuts-184-e-carson-st/ogwVPr6jTWyGXV8OPirg4g,palos-verdes-estates-california
https://www.ubereats.com/los-angeles/food-delivery/yummy-sweets-%26-gifts/M4mZM5a8SD20hI5uW0rtmg,palos-verdes-estates-california
https://www.ubereats.com/los-angeles/food-delivery/jack-in-the-box-1010-w-pacific-coast-hwy/ex3mTYA2RK2JmQvMPQflTQ,palos-verdes-estates-california
https://www.ubereats.com/los-angeles/food-delivery/crepe-heaven/HTT7j_ORQq6KergLefEHyg,palos-verdes-estates-california
https://www.ubereats.com/los-angeles/food-delivery/dennys-21270-hawthorne-blvd/nItDpJmiS9CEMGcMrsZZaw,palos-verdes-estates-california
https://www.ubereats.com/los-angeles/food-delivery/inka-wasi/MZn-V2B0TbOeWSzp0LE5hQ,palos-verdes-estates-california
https://www.ubereats.com/los-angeles/food-delivery/el-burrito-jr/5I46d6v5T92FmMCvdpc8Ew,palos-verdes-estates-california
https://www.ubereats.com/los-angeles/food-delivery/chile-verde-torrance/8zSL9RPSTXSxUyam0QYN3w,palos-verdes-estates-california
https://www.ubereats.com/los-angeles/food-delivery/saladish/1UAHGb7cQPCZORtGTPWsuQ,palos-verdes-estates-california
https://www.ubereats.com/los-angeles/food-delivery/starbucks-promenade-on-the-peninsula/OGhP8YKaRHaM20-DNbvvhw,palos-verdes-estates-california
https://www.ubereats.com/los-angeles/food-delivery/bcd-tofu-house-torrance/jHeilJIqQeCAgGyLfHrV3w,palos-verdes-estates-california
https://www.ubereats.com/los-angeles/food-delivery/nenos-italian-cafe/m5drGauRRJiHbfoyvNLtGQ,palos-verdes-estates-california
https://www.ubereats.com/los-angeles/food-delivery/kfc-545-east-sepulveda/ErBIfkZbQHOQbZdngMw7dA,palos-verdes-estates-california
https://www.ubereats.com/los-angeles/food-delivery/turquoise/Ejyhu2IAQnSiafbW53kOcA,palos-verdes-estates-california
https://www.ubereats.com/los-angeles/food-delivery/cookie-kids-usa/e0ewFdfbQlGfunhsXGDYsA,palos-verdes-estates-california
https://www.ubereats.com/los-angeles/food-delivery/panda-express-los-angeles-1608-pacific-coast-hwy/nZbkVB9ITLybWU1FEB8PEg,palos-verdes-estates-california
https://www.ubereats.com/los-angeles/food-delivery/subway-3902-pacific-coast-hwy/C4smtcGnR1ueyUWUX-6CLA,palos-verdes-estates-california
https://www.ubereats.com/los-angeles/food-delivery/spice-six/GJ_QLi8TS_a9Kb2icWyQgA,palos-verdes-estates-california
https://www.ubereats.com/los-angeles/food-delivery/jack-in-the-box-15025-hawthorne-blvd/hV-9bvTuTW6UA6Dz5E5uDQ,palos-verdes-estates-california
https://www.ubereats.com/los-angeles/food-delivery/conrads/9qdqoy3xQuCT-GyW-O6tzQ,palos-verdes-estates-california
https://www.ubereats.com/los-angeles/food-delivery/the-buffalo-spot-5-llc/SOUH5xRSTzODS_png6aW_g,palos-verdes-estates-california
https://www.ubereats.com/los-angeles/food-delivery/pinkberry-torrance/f9Xor8npQYmD38bzKaeYog,palos-verdes-estates-california
https://www.ubereats.com/los-angeles/food-delivery/manhattan-pizzeria/8FL6M74ITru1-okYxFQEuQ,palos-verdes-estates-california
https://www.ubereats.com/los-angeles/food-delivery/papa-johns-pizza-21250-hawthorne-blvd/SXJF-8KmT3aTlHCr6XJiTQ,palos-verdes-estates-california
https://www.ubereats.com/los-angeles/food-delivery/manpuku-japanese-dining-torrance/dZHkb5g-QMC29pZgxeGcvw,palos-verdes-estates-california
https://www.ubereats.com/los-angeles/food-delivery/mcdonalds-gardena3-crnshaw/7rvpcjamSticM_HfgseydQ,palos-verdes-estates-california
https://www.ubereats.com/los-angeles/food-delivery/marie-callenders/RdHlYeG6QXatRmKOFFPQ_g,palos-verdes-estates-california
https://www.ubereats.com/los-angeles/food-delivery/smashburger-409-n-pacific-coast-hwy-ste-110/5Uo7hVOARW6WkPUC898Hyg,palos-verdes-estates-california
https://www.ubereats.com/los-angeles/food-delivery/chipotle-mexican-grill-4c-peninsula-ctr/68KvcMdfQ1aN9Ymexpz64g,palos-verdes-estates-california
https://www.ubereats.com/los-angeles/food-delivery/del-taco-16606-hawthorne-blvd/tUPq2GkBSx2-VkR3YHKd7Q,palos-verdes-estates-california
https://www.ubereats.com/los-angeles/food-delivery/chile-verde-redondo-beach/Svt3UQwESge3DlZqFK4JRw,palos-verdes-estates-california
https://www.ubereats.com/los-angeles/food-delivery/yellow-vase-redondo-beach/fGoU2xUMQ7iQPA6HS240tw,palos-verdes-estates-california
https://www.ubereats.com/los-angeles/food-delivery/wendys-5326-torrance-blvd/-ZTmz5HvR1GpEloLM8FajA,palos-verdes-estates-california
https://www.ubereats.com/los-angeles/food-delivery/los-chilaquiles-mexican-grill/BkFt3pmmTo2VQ4Ds_k7gYQ,palos-verdes-estates-california
https://www.ubereats.com/los-angeles/food-delivery/carls-jr-1752-pacific-coast-hwy/oOKt7V_fRyq_YTnhrY46PA,palos-verdes-estates-california
https://www.ubereats.com/los-angeles/food-delivery/bjs-restaurant-%26-brewhouse-3525-w-carson-street-suite-168/rEExcIA5TP-z9N3vqgY1Yw,palos-verdes-estates-california
https://www.ubereats.com/los-angeles/food-delivery/chicken-dijon-torrance/7k2fR5OVTMe8pLJ5ltuj5w,palos-verdes-estates-california
https://www.ubereats.com/los-angeles/food-delivery/fanoos-grill/ysHrR53YSrufrjmRQWed_Q,palos-verdes-estates-california
https://www.ubereats.com/los-angeles/food-delivery/chicken-maison-torrance/Uaxq3Qy7S5GeeFkykaLx0A,palos-verdes-estates-california
https://www.ubereats.com/los-angeles/food-delivery/the-ice-cream-shop/Biu2y1NzStWAt1j94_PmWQ,palos-verdes-estates-california
https://www.ubereats.com/los-angeles/food-delivery/rolling-zone-creamery/OTJF5Tf5TlqY8eNd6e1q0Q,palos-verdes-estates-california
https://www.ubereats.com/los-angeles/food-delivery/harrys-oklahoma-style-smokehouse-bbq/QJRPqrk8R9WnU5nViwtC6Q,palos-verdes-estates-california
https://www.ubereats.com/los-angeles/food-delivery/bites-%26-bashes-cafe/0p2bvVljR5yY8PVV8GH1uQ,palos-verdes-estates-california
https://www.ubereats.com/los-angeles/food-delivery/union-pizza-company/p8QQ1iG5QEiFFvsSVhS1dw,palos-verdes-estates-california
https://www.ubereats.com/los-angeles/food-delivery/nekter-juice-bar/RY93WOM7ThaInG1mtmSACg,palos-verdes-estates-california
https://www.ubereats.com/los-angeles/food-delivery/top-tenders-torrance/LeZcYVU7RyqhfnHMWCk3_A,palos-verdes-estates-california
https://www.ubereats.com/los-angeles/food-delivery/kalaveras-redondo-beach/JObk4qIETIiTKKfR9HsjMw,palos-verdes-estates-california
https://www.ubereats.com/los-angeles/food-delivery/lucilles-smokehouse-bar-b-que-torrance/ig6ORM63TNqI9320oTtRLw,palos-verdes-estates-california
https://www.ubereats.com/los-angeles/food-delivery/the-buffalo-spot-10/wDLaWThZSLO9l5ltwDJFtw,palos-verdes-estates-california
https://www.ubereats.com/los-angeles/food-delivery/izakaya-hachi-torrance/icBqwEZ3RB2-NtVAhaEDiA,palos-verdes-estates-california
https://www.ubereats.com/los-angeles/food-delivery/el-tarasco-mexican-food-redondo-beach/QSzFvy95SrSWjXhVVj--Lw,palos-verdes-estates-california
https://www.ubereats.com/los-angeles/food-delivery/saffron-food-mart/c7jVSHYMTIGFLvc-X4wPPA,palos-verdes-estates-california
https://www.ubereats.com/los-angeles/food-delivery/poke-me-palos-verdes/ux4d-isqTg67zeDlZGgRkw,palos-verdes-estates-california
https://www.ubereats.com/los-angeles/food-delivery/toyo-sushi/55wcuiMASiCVVOnlDxuT6A,palos-verdes-estates-california
https://www.ubereats.com/los-angeles/food-delivery/ko-ryo-jung-restaurant-1585-sepulveda-blvd-ste-n/oIZYByUySjCHtoa7mnxhHA,palos-verdes-estates-california
https://www.ubereats.com/los-angeles/food-delivery/moon-donuts/Aae3xeEaSkm0dtvloiw81w,palos-verdes-estates-california
https://www.ubereats.com/los-angeles/food-delivery/chipotle-mexican-grill-21300-hawthorne-blvd-ste-a/_23I40G8RnOlxROIE9wEsg,palos-verdes-estates-california
https://www.ubereats.com/los-angeles/food-delivery/subway-1145-w-artesia-blvd/x4RQfx9JTdi3oa6BRi8S7w,palos-verdes-estates-california
https://www.ubereats.com/los-angeles/food-delivery/mama-ds-italian-kitchen-redondo-beach/OWBlG7bGTdWWjplzQm1Tng,palos-verdes-estates-california
https://www.ubereats.com/los-angeles/food-delivery/mcdonalds-torrnce4-pac-cst/pIx8LG5uRmqnkow-Dwh2ow,palos-verdes-estates-california
https://www.ubereats.com/los-angeles/food-delivery/mcdonalds-lawndale-hawthorne/m2wqrxuYRnW2xzC9GoINDQ,palos-verdes-estates-california
https://www.ubereats.com/los-angeles/food-delivery/mashawi-grill/EdV4iLrrTVml1cK1rCoVRA,palos-verdes-estates-california
https://www.ubereats.com/los-angeles/food-delivery/green-burrito-1752-pacific-coast-hwy/CzDXYGoEQ5650m9fD8-xPg,palos-verdes-estates-california
https://www.ubereats.com/los-angeles/food-delivery/jc-chicken/vl70XSWoRK-J3cVpEAtHPQ,palos-verdes-estates-california
https://www.ubereats.com/los-angeles/food-delivery/corner-bakery-cafe-1868-s-pacific-coast-hwy/pW-61OQSQoirSJuoi3CBMg,palos-verdes-estates-california
https://www.ubereats.com/los-angeles/food-delivery/big-mikes-philly-steaks-%26-subs-redondo-beach/v__ZqM6rRBuBxnvoQ0yHRg,palos-verdes-estates-california
https://www.ubereats.com/los-angeles/food-delivery/boston-market-17100-hawthorne-blvd/XZDJUefKQ8WwZs9xiX00IQ,palos-verdes-estates-california
https://www.ubereats.com/los-angeles/food-delivery/starbucks-hawthorne-%26-182nd/mymSWVt-RXWe3eUVenY5hw,palos-verdes-estates-california
https://www.ubereats.com/los-angeles/food-delivery/el-pollo-loco-1380-n-avalon-blvd5955/17oq5etxSBioiGzwAShYSA,palos-verdes-estates-california
https://www.ubereats.com/los-angeles/food-delivery/creme-de-la-crepe-rolling-hills/FhCcy9zaSu6eZmXyLb7cNA,palos-verdes-estates-california
https://www.ubereats.com/los-angeles/food-delivery/la-zeez-pita-grill/CJkAyagGQ1qWuKdGE0SC1g,palos-verdes-estates-california
https://www.ubereats.com/los-angeles/food-delivery/kfc-%2310-619-w-carson-st/9qneLv_GQQ22ouGUihfbFw,palos-verdes-estates-california
https://www.ubereats.com/los-angeles/food-delivery/jack-in-the-box-1099-w-artesia-blvd/o2SX3AIORWeCiGQJys-0QQ,palos-verdes-estates-california
https://www.ubereats.com/los-angeles/food-delivery/the-cove-cafe/m2qSXubTSwqDMh9kLnuKkA,palos-verdes-estates-california
https://www.ubereats.com/los-angeles/food-delivery/chipotle-mexican-grill-1430-s-pacific-coast-hwy/05V1jS7KTHyvSX9q0j0rkg,palos-verdes-estates-california
https://www.ubereats.com/los-angeles/food-delivery/sushi-boy-20715-hawthorne-blvd/xaZa-aisRHqIOOa_0Jy0xQ,palos-verdes-estates-california
https://www.ubereats.com/los-angeles/food-delivery/mcdonalds-artesia-normandie/l8yOsOd6RPCKAbF0VzcNCA,palos-verdes-estates-california
https://www.ubereats.com/los-angeles/food-delivery/southbay-boba/a69DQgw-Sk61FGQ-r62vyw,palos-verdes-estates-california
https://www.ubereats.com/los-angeles/food-delivery/rubys-diner-redondo-beach/f8rKlMxhSYas3Bys8NF60w,palos-verdes-estates-california
https://www.ubereats.com/los-angeles/food-delivery/shin-sen-gumi-2go/53TGxfSpTLirywqXzazXXA,palos-verdes-estates-california
https://www.ubereats.com/los-angeles/food-delivery/slaters-50-50-hermosa-beach/XUYQ68QhRVyhqZasETekvg,palos-verdes-estates-california
https://www.ubereats.com/los-angeles/food-delivery/jack-in-the-box-2705-pacific-coast-hwy/_pduXfs-RViJDt-8ohSMWQ,palos-verdes-estates-california
https://www.ubereats.com/los-angeles/food-delivery/stuff-pizza/za7eMK2gS6q0pMMLtN5eog,palos-verdes-estates-california
https://www.ubereats.com/los-angeles/food-delivery/fatburger-%26-buffalos-express-1001-w-carson-st/FqUYUPXoRHuYbBWCr92p2Q,palos-verdes-estates-california
https://www.ubereats.com/los-angeles/food-delivery/mcdonalds-mnhtn-bch-artsia/EO3ToyJWTR2HjIiIeqxhcw,palos-verdes-estates-california
https://www.ubereats.com/los-angeles/food-delivery/din-tai-fung-torrance/uJyS4A4CQkWMhFSH4oLIVA,palos-verdes-estates-california
https://www.ubereats.com/los-angeles/food-delivery/starbucks-silver-spur-%26-hawthorne/JenjeTyfQvOjmWf-LinAxA,palos-verdes-estates-california
https://www.ubereats.com/los-angeles/food-delivery/continental-gourmet-restaurant-lomita/t04Lz8MmS4W2KE8nzroppQ,palos-verdes-estates-california
https://www.ubereats.com/los-angeles/food-delivery/tamaen-japanese-bbq/tv2iMcK9S_SOEFCStQma6w,palos-verdes-estates-california
https://www.ubereats.com/los-angeles/food-delivery/south-bay-pizza/ELfMraCSTUuRoyf0Rja07g,palos-verdes-estates-california
https://www.ubereats.com/los-angeles/food-delivery/miss-donuts-%26-bakery/pzIF4p39RGmwshWa7AHWvg,palos-verdes-estates-california
https://www.ubereats.com/los-angeles/food-delivery/lucifers-pizza-manhattan-beach/pFq0pal8Q6eRX1GPaH_Sqw,palos-verdes-estates-california
https://www.ubereats.com/los-angeles/food-delivery/pazzo-pizzeria-torrance/cdgI5dWNRxm829udp9uTzA,palos-verdes-estates-california
https://www.ubereats.com/los-angeles/food-delivery/triple-t/-2eSc0J4S32lusTq_49tFw,palos-verdes-estates-california
https://www.ubereats.com/los-angeles/food-delivery/shin-sen-gumi-yakitori-gardena/-CGf7wutTBmM1BPRr0ffgA,palos-verdes-estates-california
https://www.ubereats.com/los-angeles/food-delivery/subway-285-west-6th-st/TZctavSkRNeGEE84v-O9Gw,palos-verdes-estates-california
https://www.ubereats.com/los-angeles/food-delivery/dennys-1440-w-pacific-coast/IUGAl1jOQPG6vyMoT1XGBw,palos-verdes-estates-california
https://www.ubereats.com/los-angeles/food-delivery/baramee-thai-restaurant/UZ8PGWYBQUO8JCfz6BjVNw,palos-verdes-estates-california
https://www.ubereats.com/los-angeles/food-delivery/aristo-cafe-torrance/JLBsoKEnRvmnwDYr9Tf54A,palos-verdes-estates-california
https://www.ubereats.com/los-angeles/food-delivery/el-cinco-de-mayo/6QV_Cq-4TpmMvOEDg7cNxw,palos-verdes-estates-california
https://www.ubereats.com/los-angeles/food-delivery/donut-star/H6eIGp--RRqe1pkYjHjyiA,palos-verdes-estates-california
https://www.ubereats.com/los-angeles/food-delivery/spot-the-natural-food-restaurant/O0iUKYmUTXa0Q-4yFs1LAA,palos-verdes-estates-california
https://www.ubereats.com/los-angeles/food-delivery/mini-chinese-food/dTdbfHx-Tm-biamlh1iKGg,palos-verdes-estates-california
https://www.ubereats.com/los-angeles/food-delivery/fresh-brothers-manhattan-beach/t_X5x7LuQH-lezhwgMZgVQ,palos-verdes-estates-california
https://www.ubereats.com/los-angeles/food-delivery/jack-in-the-box-2186-redondo-beach-blvd/Fl1dtGUTTmKBqqAUy5n8gg,palos-verdes-estates-california
https://www.ubereats.com/los-angeles/food-delivery/the-ice-cream-shop/6vhR3lGwQC2ha1Z4dsLbcg,palos-verdes-estates-california
https://www.ubereats.com/los-angeles/food-delivery/chipotle-mexican-grill-1439-pacific-coast-hwy/ckNn0hA_QGKx7EtrRRK6hg,palos-verdes-estates-california
https://www.ubereats.com/los-angeles/food-delivery/del-taco-1006-n-western-ave/VIJY8zQFTuKaf8tPaOeDpA,palos-verdes-estates-california
https://www.ubereats.com/los-angeles/food-delivery/the-source-cafe/zprFR1TKRAyVtjBMVoXC1g,palos-verdes-estates-california
https://www.ubereats.com/los-angeles/food-delivery/the-ice-cream-shop/9FtM0GByQdWMxaWrvQMXow,palos-verdes-estates-california
https://www.ubereats.com/los-angeles/food-delivery/jack-in-the-box-111-e-223rd-st/lFiLGmEjSbamrOgEco8Waw,palos-verdes-estates-california
https://www.ubereats.com/los-angeles/food-delivery/china-palace/ZZ2CXPFNTxOk9SwIkvHI-Q,palos-verdes-estates-california
https://www.ubereats.com/los-angeles/food-delivery/carls-jr-21703-avalon-blvd/2Ep4t0oPTyqtyuc1xSG8ww,palos-verdes-estates-california
https://www.ubereats.com/los-angeles/food-delivery/pho-pch/A5uOAqKFQ72gogKsUtQbGw,palos-verdes-estates-california
https://www.ubereats.com/los-angeles/food-delivery/carls-jr-24010-hawthorne-blvd/_DoKdGSnTl2EefWN1nlH7A,palos-verdes-estates-california
https://www.ubereats.com/los-angeles/food-delivery/the-flame-broiler-24427-crenshaw-blvd/boQp5x3DQyiItyJf-lFYpw,palos-verdes-estates-california
https://www.ubereats.com/los-angeles/food-delivery/chicken-maison-%40-harborucla/PSplivRGSoSlsRSsazotGA,palos-verdes-estates-california
https://www.ubereats.com/los-angeles/food-delivery/fukanoya/l88_6xK2S2e5e-88PmqZlQ,palos-verdes-estates-california
https://www.ubereats.com/los-angeles/food-delivery/chipotle-mexican-grill-24631-crenshaw-blvd-ste-a/es0s7O9rTzyv3E8ek-pp7Q,palos-verdes-estates-california
https://www.ubereats.com/los-angeles/food-delivery/shade-hotel-redondo-beach/IUExbm1BSsKioz_O6mVZjg,palos-verdes-estates-california
https://www.ubereats.com/los-angeles/food-delivery/dennys-29019-s-western-ave/XTkH5UyZTzyJoE3IW78Ppg,palos-verdes-estates-california
https://www.ubereats.com/los-angeles/food-delivery/high-tide-cafe/GQ2tE7fKT0SAOzG0dENMuw,palos-verdes-estates-california
https://www.ubereats.com/los-angeles/food-delivery/toms-%231-world-famous-chiliburgers-wilmington/Ed_JDG9EQsu98M0fjOB-Lw,palos-verdes-estates-california
https://www.ubereats.com/los-angeles/food-delivery/the-ice-cream-shop/NoccSl3MSuGTCD3FL4TaBA,palos-verdes-estates-california
https://www.ubereats.com/los-angeles/food-delivery/del-taco-1229-pacific-coast-hwy/YXoU32TlQoCLUzzAWoK4dg,palos-verdes-estates-california
https://www.ubereats.com/los-angeles/food-delivery/el-pollo-loco-19300-hawthorne-blvd6098/nxpoRt2HTd6y0fP_nPAmOw,palos-verdes-estates-california
https://www.ubereats.com/los-angeles/food-delivery/el-pollo-inka-torrance/vxRszzaAS7G4rFW46dx2Uw,palos-verdes-estates-california
https://www.ubereats.com/los-angeles/food-delivery/fishbonz-keto-grill/hKB36nQRTCS7OZSDnZRrIA,palos-verdes-estates-california
https://www.ubereats.com/los-angeles/food-delivery/burgerim-1441-w-knox-st/aGAKncxKThGMT4ngLrvnmw,palos-verdes-estates-california
https://www.ubereats.com/los-angeles/food-delivery/starbucks-artesia-%26-prairie-torrance/3WOMgKs5QcOn6EbgTRGFfA,palos-verdes-estates-california
https://www.ubereats.com/los-angeles/food-delivery/subhannahong-royal-thai-cuisine/9C8hJEnkSd6WLvyB5wm9kQ,palos-verdes-estates-california
https://www.ubereats.com/los-angeles/food-delivery/baja-sharkeez-52-pier-ave/s4oiIFJgRze5b7RRY7_0Tg,palos-verdes-estates-california
https://www.ubereats.com/los-angeles/food-delivery/jack-in-the-box-4911-torrance-blvd/PTyKsq_HTDmXBLgDR2ZbFw,palos-verdes-estates-california
https://www.ubereats.com/los-angeles/food-delivery/starbucks-pch-%26-aviation/wL8uG8pyQU-mbR8h9m4lCw,palos-verdes-estates-california
https://www.ubereats.com/los-angeles/food-delivery/ramen-yamadaya-torrance/B3lUyNk2SIuhoCvSSzGmFw,palos-verdes-estates-california
https://www.ubereats.com/los-angeles/food-delivery/sizzler-17544-hawthorne-blvd-%23878/WFnS-2GVTV6rY42u68YZoQ,palos-verdes-estates-california
https://www.ubereats.com/los-angeles/food-delivery/el-tarasco-mexican-food-sepulveda/hzC6ZfEMQAGU9QEzngtkzA,palos-verdes-estates-california
https://www.ubereats.com/los-angeles/food-delivery/pressed-juicery-manhattan-beach/SfcasYpjRDuCo_RwYvAc_w,palos-verdes-estates-california
https://www.ubereats.com/los-angeles/food-delivery/best-donuts/j9iHHr5eRTyN5aDh7QMJpw,palos-verdes-estates-california
https://www.ubereats.com/los-angeles/food-delivery/wienerschnitzel-1125-west-carson-street/n3N1COEhTyyYM6zYHoWakQ,palos-verdes-estates-california
https://www.ubereats.com/los-angeles/food-delivery/pitcher-house-upper-deck/e5OLitYdRKqI-t-LbchQ-Q,palos-verdes-estates-california
https://www.ubereats.com/los-angeles/food-delivery/the-flame-broiler-4051-inglewood/eaF_6tH-QHuvblxScv9Obg,palos-verdes-estates-california
https://www.ubereats.com/los-angeles/food-delivery/zabon-ramen/agKaXSgOSs64DAAHXeyvBQ,palos-verdes-estates-california
https://www.ubereats.com/los-angeles/food-delivery/pick-up-stix-san-pedro/xBPE3VqNQ_-4c5Y5B75MWg,palos-verdes-estates-california
https://www.ubereats.com/los-angeles/food-delivery/khun-9-thai-kitchen/OIU_hd-rTLeEfvvSJMq5Pw,palos-verdes-estates-california
https://www.ubereats.com/los-angeles/food-delivery/yoshinoya-1603-sepulveda-blvd/WTZplI4ARjewPbkcOugJTg,palos-verdes-estates-california
https://www.ubereats.com/los-angeles/food-delivery/the-rice-teriyaki-sushi-roll/1S8E3nKeQ5W2ZhoVDK49bw,palos-verdes-estates-california
https://www.ubereats.com/los-angeles/food-delivery/subway-16-peninsula-center/Q306lDDmT02E9LJdiUJuEA,palos-verdes-estates-california
https://www.ubereats.com/los-angeles/food-delivery/yogis-teriyaki/w7TzurNOSc-LnrSc0qp2vg,palos-verdes-estates-california
https://www.ubereats.com/los-angeles/food-delivery/ramen-shack-takumiya-redondo-beach/GGF1AunCQ2qy9Bd_Jd3LlA,palos-verdes-estates-california
https://www.ubereats.com/los-angeles/food-delivery/oki-doki-sushi/QKqbXg5hR0iZut8xAI3YLQ,palos-verdes-estates-california
https://www.ubereats.com/los-angeles/food-delivery/smile-thai/KpyGF-oVQqaPS-C5ZNneqA,palos-verdes-estates-california
https://www.ubereats.com/los-angeles/food-delivery/yellow-vase-manhattan-beach/lY20jHCqTfOX2TYXqxyB9Q,palos-verdes-estates-california
https://www.ubereats.com/los-angeles/food-delivery/jersey-mikes-subs-redondo-beach-561-n-pacific-coast-highway/M5Sg6i3KSgCNvsv9NKTDTA,palos-verdes-estates-california
https://www.ubereats.com/los-angeles/food-delivery/dennys-torrance/VRUOEDh8TXKbx8W6kDGCXA,palos-verdes-estates-california
https://www.ubereats.com/los-angeles/food-delivery/rice-heaven/0kafLHpjQGWZXFpVa8TBiA,palos-verdes-estates-california
https://www.ubereats.com/los-angeles/food-delivery/sampas-gourmet-pizza-co/HRTWs6twQkeIjY16mdkIdw,palos-verdes-estates-california
https://www.ubereats.com/los-angeles/food-delivery/corner-bakery-cafe/zF3nh9zQTwapt3YKdwIl9w,palos-verdes-estates-california
https://www.ubereats.com/los-angeles/food-delivery/the-original-pancake-house-1756-s-pacific-coast-hwy/xLtix4vXTU-_odLouxkyjg,palos-verdes-estates-california
https://www.ubereats.com/los-angeles/food-delivery/fusion-sushi/qoc7JA1RQJO5tccFJCMo5A,palos-verdes-estates-california
https://www.ubereats.com/los-angeles/food-delivery/subway-31204-palos-verdes-dr/1I-IhS4SSNuLXs6zE5Obww,palos-verdes-estates-california
https://www.ubereats.com/los-angeles/food-delivery/veggie-grill-torrance/bPr_ydObR-6tS4vyRalL_Q,palos-verdes-estates-california
https://www.ubereats.com/los-angeles/food-delivery/starbucks-pacific-plaza-pch-calle-mayor/QxjyeP00QziOT0mcO4NLCA,palos-verdes-estates-california
https://www.ubereats.com/los-angeles/food-delivery/best-donuts-%26-bagels/B-7sREKaTvqSvPWzJJJWxw,palos-verdes-estates-california
https://www.ubereats.com/los-angeles/food-delivery/taco-bell-921-west-sepulveda-blvd/X6w9GbqES3eKDgL36t2lMg,palos-verdes-estates-california
https://www.ubereats.com/los-angeles/food-delivery/the-grail-churros-and-ice-cream/EjR9KSwLTGGzCJyyULdajg,palos-verdes-estates-california
https://www.ubereats.com/los-angeles/food-delivery/frostbites-crepes-%26-frozen-delights/v_Zs2ST7Rs26D6TLRcgowg,palos-verdes-estates-california
https://www.ubereats.com/los-angeles/food-delivery/jolly-burrito-grill/DC6V11S6TN2qhHqOitbeHg,palos-verdes-estates-california
https://www.ubereats.com/los-angeles/food-delivery/subway-1111-pacific-coast-hwy/5jgHEC3YS82AQKMJwSpJyA,palos-verdes-estates-california
https://www.ubereats.com/los-angeles/food-delivery/mcdonalds-manhattan-beach/BTq94RwaSaKnkRFo27iokQ,palos-verdes-estates-california
https://www.ubereats.com/los-angeles/food-delivery/nijiya-market-restaurant/IlrSHPchTECu--Vb2QiDpg,palos-verdes-estates-california
https://www.ubereats.com/los-angeles/food-delivery/mcdonalds-sn-pedro-gaffey/wFNkNXOqTBGZWx9nZMiuBw,palos-verdes-estates-california
https://www.ubereats.com/los-angeles/food-delivery/planet-smoothie-redondo-beach/_PpU_2msTxG0hJ25oCBUyA,palos-verdes-estates-california
https://www.ubereats.com/los-angeles/food-delivery/pch-mexican-grill-%26-seafood/C8-ed8XETeKAbDdea-7jeA,palos-verdes-estates-california
https://www.ubereats.com/los-angeles/food-delivery/the-baked-bear-hermosa-beach/OCcAChvyTKO8fI7K3sqLAg,palos-verdes-estates-california
https://www.ubereats.com/los-angeles/food-delivery/five-guys-ca-0606-23240-hawthorne-blvd/dHwUNh11TVqWQeQlveg3jw,palos-verdes-estates-california
https://www.ubereats.com/los-angeles/food-delivery/starbucks-pacific-coast-hwy-%26-hawthorne/-vq3R_4MSFu8Tn-OI-nj4g,palos-verdes-estates-california
https://www.ubereats.com/los-angeles/food-delivery/circus-donut/SChBZUUCTe2osI1O6Ie38A,palos-verdes-estates-california
https://www.ubereats.com/los-angeles/food-delivery/top-shelf-tacos/Ek8g9Gv_QGmqksHHIecI8A,palos-verdes-estates-california
https://www.ubereats.com/los-angeles/food-delivery/san-pedro-cafe/_MRwkjAXSN-R9SU2SXat-A,palos-verdes-estates-california
https://www.ubereats.com/los-angeles/food-delivery/norms-south-torrance/jORqHWHoT9G_9AfmGwRBxg,palos-verdes-estates-california
https://www.ubereats.com/los-angeles/food-delivery/royce-chocolate-mitsuwa-marketplace-in-torrance/v4ZgiPm9SBSxFVFRzlXQRg,palos-verdes-estates-california
https://www.ubereats.com/los-angeles/food-delivery/papa-johns-pizza-torrance/aV6ErdRxQ1eHGhh57NP9OQ,palos-verdes-estates-california
https://www.ubereats.com/los-angeles/food-delivery/mo-mo-paradise-torrance/CcQKac_WTd2jKCoqXqDoxg,palos-verdes-estates-california
https://www.ubereats.com/los-angeles/food-delivery/the-flame-broiler-20016-hawthorne-blvd/jcND_361Qf2CfnbZZ9lqLg,palos-verdes-estates-california
https://www.ubereats.com/los-angeles/food-delivery/cold-stone-creamery-210-e-sepulveda-blvd/LVe5gb61QceINOpTnJY_pg,palos-verdes-estates-california
https://www.ubereats.com/los-angeles/food-delivery/ra-sushi-torrance/9xfIVanhS06Ey4OqevE2lA,palos-verdes-estates-california
https://www.ubereats.com/los-angeles/food-delivery/yogurtland-24631-crenshaw-blvd/RMplG7KgQMWOTPB2fHYlHA,palos-verdes-estates-california
https://www.ubereats.com/los-angeles/food-delivery/the-ice-cream-shop/VypDY5V8QBG7c6WJoVFORw,palos-verdes-estates-california
https://www.ubereats.com/los-angeles/food-delivery/ko-ryu-ramen/4RB3VmcrT3WFm-XLKA0Yhg,palos-verdes-estates-california
https://www.ubereats.com/los-angeles/food-delivery/subway-701-torrance-blvd/yhU1omi9QXm8qqHiAw1S1g,palos-verdes-estates-california
https://www.ubereats.com/los-angeles/food-delivery/subway-1941-pacific-coast-hwy/8HB8W2phRPqpO5EmIqP7pg,palos-verdes-estates-california
https://www.ubereats.com/los-angeles/food-delivery/teds-place/GTPuOj_UR0mRrXtciMr5bA,palos-verdes-estates-california
https://www.ubereats.com/los-angeles/food-delivery/mcdonalds-tor-190th-%26-hawt/dQHCZsbLSsyOZcl5wxv1tw,palos-verdes-estates-california
https://www.ubereats.com/los-angeles/food-delivery/subway-1356-n-avalon-blvd/A19kQ1rmTyieuRUmqpNOeA,palos-verdes-estates-california
https://www.ubereats.com/los-angeles/food-delivery/cauldron-ice-cream/pvyqgFULR-e_SKIpEcKmuA,palos-verdes-estates-california
https://www.ubereats.com/los-angeles/food-delivery/chile-verde-artesia/-bxqIkk_TcmBqJr9kuifmg,palos-verdes-estates-california
https://www.ubereats.com/los-angeles/food-delivery/waba-grill-514-w-torrance-blvd-carson/DVW9V84GQxu_hIPRHn3aPQ,palos-verdes-estates-california
https://www.ubereats.com/los-angeles/food-delivery/eat-fantastic/r6IFqX6DSAe4YQXtiHf3hA,palos-verdes-estates-california
https://www.ubereats.com/los-angeles/food-delivery/halal-gyro-lab/lu6SiwnTSM-Ncv7bm72zSg,palos-verdes-estates-california
https://www.ubereats.com/los-angeles/food-delivery/the-chicken-shack/lkxI2gAtTSadxFwAr7gVgg,palos-verdes-estates-california
https://www.ubereats.com/los-angeles/food-delivery/clutch-and-coffee/ajy_o5SfQRWmMk1-8kJBkQ,palos-verdes-estates-california
https://www.ubereats.com/los-angeles/food-delivery/corridor-flow/0oAKUZerRrGW4TFww51YVg,palos-verdes-estates-california
https://www.ubereats.com/los-angeles/food-delivery/thai-rama/WbsOGk6DTIKgdpjykJLXJw,palos-verdes-estates-california
https://www.ubereats.com/los-angeles/food-delivery/thai-food-to-go/lSO9bieoSmmhdsAqiETX1Q,palos-verdes-estates-california
https://www.ubereats.com/los-angeles/food-delivery/ishabu-shabu/b4DL-u-hT9OqD0Cjv_6QgA,palos-verdes-estates-california
https://www.ubereats.com/los-angeles/food-delivery/wadatsumi/ib9WJsYKRd-4gE4y67JyVA,palos-verdes-estates-california
https://www.ubereats.com/los-angeles/food-delivery/south-bay-rice-things/H3umFh_BSjq9nEdkSy5ISQ,palos-verdes-estates-california
https://www.ubereats.com/los-angeles/food-delivery/chicken-maison-south-redondo/TmLa2x_oQeG7JjKVLYA9wg,palos-verdes-estates-california
https://www.ubereats.com/los-angeles/food-delivery/suki-time-thai-restaurant/81sqLzyFQMCUWKOhPTMtQw,palos-verdes-estates-california
https://www.ubereats.com/los-angeles/food-delivery/buffalo-wild-wings-3525-w-carson-st-ste-163/-sPRlNM0RGWwxVeLKJd3tA,palos-verdes-estates-california
https://www.ubereats.com/los-angeles/food-delivery/mattys-crawdaddies/yfINF36hRICj99EcDKh0TA,palos-verdes-estates-california
https://www.ubereats.com/los-angeles/food-delivery/pho-kobe/vILx4G6VQbyWQ2D4C9Gw4w,palos-verdes-estates-california
https://www.ubereats.com/los-angeles/food-delivery/creamistry-torrance/mTtmgCvvRvqA5CAhdZ51WQ,palos-verdes-estates-california
https://www.ubereats.com/los-angeles/food-delivery/china-buffet/1guKKgkeTruJokuFjMJDQg,palos-verdes-estates-california
https://www.ubereats.com/los-angeles/food-delivery/waba-grill-1640-w-carson-st-torrance/_-YHONShSB60hKG9K9XDJg,palos-verdes-estates-california
https://www.ubereats.com/los-angeles/food-delivery/cavitena-filipino-restaurant/IWIEZ2qTSJSM1GlXdg5XUg,palos-verdes-estates-california
https://www.ubereats.com/los-angeles/food-delivery/chicken-dijon-redondo-beach/9i0khoQJRiqJPwxszPe_mA,palos-verdes-estates-california
https://www.ubereats.com/los-angeles/food-delivery/round-table-pizza-1876-s-pacific-coast-hwy/nptzvTiGRe6fdMOglfsg9g,palos-verdes-estates-california
https://www.ubereats.com/los-angeles/food-delivery/carls-jr-2100-artesia-blvd/uZlnFTXpQHu0eNNS_RZ0Ww,palos-verdes-estates-california
https://www.ubereats.com/los-angeles/food-delivery/the-habit-burger-grill-719-pier-avenue/aa3sCCWPRti97uTu0072fA,palos-verdes-estates-california
https://www.ubereats.com/los-angeles/food-delivery/the-flame-broiler-2024-w-carson-st/v_H_c3KkQ3efCmCVZIATtw,palos-verdes-estates-california
https://www.ubereats.com/los-angeles/food-delivery/bryans-cajun-house/c225fvOZTEuHtcuchwDCTw,palos-verdes-estates-california
https://www.ubereats.com/los-angeles/food-delivery/emc-seafood-%26-raw-bar-torrance/IEdvObzPQUusWckpFzBd1A,palos-verdes-estates-california
https://www.ubereats.com/los-angeles/food-delivery/tasty-noodle-house/u9y_09zKQgickhPYOeh4Xw,palos-verdes-estates-california
https://www.ubereats.com/los-angeles/food-delivery/el-pollo-inka-hermosa-beach/6MYBZOWpSEqNpzwOigecUA,palos-verdes-estates-california
https://www.ubereats.com/los-angeles/food-delivery/fusion-sushi-manhattan-beach/whBviNYHSAaekKtMeMLSnA,palos-verdes-estates-california
https://www.ubereats.com/los-angeles/food-delivery/starbucks-crenshaw-%26-sepulveda-torrance/ZejxHXbKR0eDfUTOxtAM2Q,palos-verdes-estates-california
https://www.ubereats.com/los-angeles/food-delivery/el-pollo-loco-2940-pacific-coast-hwy3340/E5DxAiodSIygbydqMEBm9A,palos-verdes-estates-california
https://www.ubereats.com/los-angeles/food-delivery/boston-cream-donuts-wilmington/U3FjJhsqQn27GJigCTGxfA,palos-verdes-estates-california
https://www.ubereats.com/los-angeles/food-delivery/spumoni-trattoria-%26-pizzeria/3tv2CFw7Tje1HosgvGwCag,palos-verdes-estates-california
https://www.ubereats.com/los-angeles/food-delivery/kfc-%2335-4525-torrance-blvd/o7sStswbTz-b7yYlVJJwkA,palos-verdes-estates-california
https://www.ubereats.com/los-angeles/food-delivery/alfredos-restaurant/F8je7WH-To2qYSlJWxy6jQ,palos-verdes-estates-california
https://www.ubereats.com/los-angeles/food-delivery/swan-thai-rpv/zKlvH1V6RxKP3BP_S8g2_A,palos-verdes-estates-california
https://www.ubereats.com/los-angeles/food-delivery/el-pollo-loco-1565-w-sepulveda-blvd5544/8469YBNuRs-C1ZKIz4j5Bg,palos-verdes-estates-california
https://www.ubereats.com/los-angeles/food-delivery/truxtons-american-bistro-torrance/85npftEbRwqm5RNacQHfoQ,palos-verdes-estates-california
https://www.ubereats.com/los-angeles/food-delivery/sushi-avenue/tU2BZLCrRdWlzZRgaP_KHg,palos-verdes-estates-california
https://www.ubereats.com/los-angeles/food-delivery/willinghams-world-champion-bbq-s-pacific-coast-hwy/hnAmhvpnROG1HPKbJ1Mtjg,palos-verdes-estates-california
https://www.ubereats.com/los-angeles/food-delivery/primo-italia/icr8J_zBTmGhbKqmLajZCg,palos-verdes-estates-california
https://www.ubereats.com/los-angeles/food-delivery/chile-verde-carson/RTyBnHNfTbe2O3U6-3ZpZw,palos-verdes-estates-california
https://www.ubereats.com/los-angeles/food-delivery/pura-vida-mexican-food/mXwTyZUSRk21zvStGC7cDg,palos-verdes-estates-california
https://www.ubereats.com/los-angeles/food-delivery/koryu-ramen-san-pedro/6FP1NigQQA6ScfVAlWVatg,palos-verdes-estates-california
https://www.ubereats.com/los-angeles/food-delivery/pasquallys-pizza-%26-wings-2821-pacific-coast-hwy/LvQScHrNQLe2ZEB_fQuK0A,palos-verdes-estates-california
https://www.ubereats.com/los-angeles/food-delivery/spring-greens/gmwX3MGgQbKqMX50vTFcSQ,palos-verdes-estates-california
https://www.ubereats.com/los-angeles/food-delivery/spires-restaurant-lawndale/JDAjlXSHS2Kzi_5BuRCL9w,palos-verdes-estates-california
https://www.ubereats.com/los-angeles/food-delivery/bombay-tandoori/13sOvvOgRLe7WLrUWwu2gA,palos-verdes-estates-california
https://www.ubereats.com/los-angeles/food-delivery/snax-superburger-redondo-beach/pFT0X0_3TYGr9w52nEtVDw,palos-verdes-estates-california
https://www.ubereats.com/los-angeles/food-delivery/red-lobster-21233-hawthorne-blvd/qvpijtENSmeTNXKPxEij9Q,palos-verdes-estates-california
https://www.ubereats.com/los-angeles/food-delivery/china-coast/rM9ov0eNRnq2LorNbsWV3g,palos-verdes-estates-california
https://www.ubereats.com/los-angeles/food-delivery/lupitas-mexican-restaurant/vZ6O6cKkR6G6B3yzeKFU9Q,palos-verdes-estates-california
https://www.ubereats.com/los-angeles/food-delivery/subway-1888-pacific-coast-hwy/Q0X_Fs4ATWO2QTRAjDmZzA,palos-verdes-estates-california
https://www.ubereats.com/los-angeles/food-delivery/taco-bell-2054-lomita-blvd/lvB-BhshQG2yktBPJ3p-ZA,palos-verdes-estates-california
https://www.ubereats.com/los-angeles/food-delivery/black-bear-diner-24021-hawthorne-boulevard/-XmgnlhDRCqLYEVg3_i47Q,palos-verdes-estates-california
https://www.ubereats.com/los-angeles/food-delivery/subway-1306-s-gaffey-st/45pAEd1tTOKOuKmpgj9d9Q,palos-verdes-estates-california
https://www.ubereats.com/los-angeles/food-delivery/fukanoya/S0nJuGnwSr2wKRFRTE4wpA,palos-verdes-estates-california
https://www.ubereats.com/los-angeles/food-delivery/jersey-mikes-20016-hawthorne-blvd/dUsV7fQxRwyvXucKpfNvog,palos-verdes-estates-california
https://www.ubereats.com/los-angeles/food-delivery/subway-5035-torrance-blvd/BMK92BiRTROzGbW4Cz5ZSw,palos-verdes-estates-california
https://www.ubereats.com/los-angeles/food-delivery/randys-donuts-el-segundo/tR5wN5AtSeq2X24ipQWECA,palos-verdes-estates-california
https://www.ubereats.com/los-angeles/food-delivery/the-kettle/KBRcYX6IT_2J15u-DOboGA,palos-verdes-estates-california
https://www.ubereats.com/los-angeles/food-delivery/starbucks-sepulveda-%26-anza-torrance/EZOl_M8vT1yV0PosjB-5sw,palos-verdes-estates-california
https://www.ubereats.com/los-angeles/food-delivery/carls-jr-28619-s-western-ave/F3qjXj5rSZ2cw40lTOrzBw,palos-verdes-estates-california
https://www.ubereats.com/los-angeles/food-delivery/benihana-21327-hawthorne-blvd/gIzTahjbQ_umckMSNsLM8w,palos-verdes-estates-california
https://www.ubereats.com/los-angeles/food-delivery/rakkan-ramen/TvHJkmjMSzChEzuo07CBTw,palos-verdes-estates-california
https://www.ubereats.com/los-angeles/food-delivery/asaka-sushi/doxyGMAyRK2azZagX73tew,palos-verdes-estates-california
https://www.ubereats.com/los-angeles/food-delivery/pita-spot/CxCqRDRLTeulEaWMejiZLA,palos-verdes-estates-california
https://www.ubereats.com/los-angeles/food-delivery/taishi-hainan-chicken/xYUVp4NmSZGpvMUZfPH2KQ,palos-verdes-estates-california
https://www.ubereats.com/los-angeles/food-delivery/buca-di-beppo-redondo-beach/UPpq14bLR8KicVZyk2gBDQ,palos-verdes-estates-california
https://www.ubereats.com/los-angeles/food-delivery/chicken-maison-rolling-hills/POIBdVYIRM6W8D0of0hgdw,palos-verdes-estates-california
https://www.ubereats.com/los-angeles/food-delivery/panda-express-plaza-del-amo/xhz12MhrSLChQ9GaCH0eRA,palos-verdes-estates-california
https://www.ubereats.com/los-angeles/food-delivery/sirinat-thai/FiSALydQSQCdFgchJYpAfA,palos-verdes-estates-california
https://www.ubereats.com/los-angeles/food-delivery/red-west-pizza-lomita/fWTJcALLSmOyfseDFzpw7Q,palos-verdes-estates-california
https://www.ubereats.com/los-angeles/food-delivery/tacos-el-goloso/IILHyXukTfG0ZTiQ4x0XfA,palos-verdes-estates-california
https://www.ubereats.com/los-angeles/food-delivery/monarcas-mexican-food/WFdoHEBARSasJfRMsb6sJA,palos-verdes-estates-california
https://www.ubereats.com/los-angeles/food-delivery/papa-johns-rancho-palos-verdes/Mcc6ZAaaTPm14j_WnY1fXw,palos-verdes-estates-california
https://www.ubereats.com/los-angeles/food-delivery/chicken-maison-torrance-crossheads/dwNjZp_ZSGm_qoB-XsyhPw,palos-verdes-estates-california
https://www.ubereats.com/los-angeles/food-delivery/taco-bell-1031-s-gaffey-st/66IMbe61TxCsmcB1q0vY2w,palos-verdes-estates-california
https://www.ubereats.com/los-angeles/food-delivery/subway-415-n-pacific-coast-hwy/FAUmLXLEQcumPh7E2dzy3w,palos-verdes-estates-california
https://www.ubereats.com/los-angeles/food-delivery/bossa-nova-brazilian-cuisine-south-bay/t6pv6ePCSf25vF8lhmwgXw,palos-verdes-estates-california
https://www.ubereats.com/los-angeles/food-delivery/panera-bread-2733-pacific-coast-highway/h6RcY893Q9O22hX43jdRMw,palos-verdes-estates-california
https://www.ubereats.com/los-angeles/food-delivery/papa-johns-lomita/SEMLhbLORZ-eEBY0VPl0-w,palos-verdes-estates-california
https://www.ubereats.com/los-angeles/food-delivery/bluesalt-fish-grill-redondo-beach/tZiF3i4GTU2dOzwxlxtgQg,palos-verdes-estates-california
https://www.ubereats.com/los-angeles/food-delivery/el-torito-23225-hawthorne-blvd/ovyyO5XwRhCTwMXcFXaZdw,palos-verdes-estates-california
https://www.ubereats.com/los-angeles/food-delivery/krispy-kreme-w-artesia-blvd-%26-s-vermont-ave/O3O_ZYj2QpCBDTIiQMqmDw,palos-verdes-estates-california
https://www.ubereats.com/los-angeles/food-delivery/mcdonalds-hawthorne-rosecrans-yukon/pYMwDFFJTvy4ytb98uKrsg,palos-verdes-estates-california
https://www.ubereats.com/los-angeles/food-delivery/oriental-breeze/GahGYWQGRcGtvqDUNzx3xQ,palos-verdes-estates-california
https://www.ubereats.com/los-angeles/food-delivery/rosas-restaurant/O3g17j0NRduZJaIy7aHMSg,palos-verdes-estates-california
https://www.ubereats.com/los-angeles/food-delivery/fine-wok/ZKMJB8FgQcKMhVOT6KqSxg,palos-verdes-estates-california
https://www.ubereats.com/los-angeles/food-delivery/slider-stop/t2Mm20PUS7u-1eDftLoQ3w,palos-verdes-estates-california
https://www.ubereats.com/los-angeles/food-delivery/the-ice-cream-shop/ApPUaQa5TH-RsAuk1oBerQ,palos-verdes-estates-california
https://www.ubereats.com/los-angeles/food-delivery/dennys-2555-el-segundo-blvd/OEAfd6DJSQyhCNrayFATww,palos-verdes-estates-california
https://www.ubereats.com/los-angeles/food-delivery/josui-ramen/FJeeZuGPRvW29MzZp9lWjw,palos-verdes-estates-california
https://www.ubereats.com/los-angeles/food-delivery/south-bay-sandos/617uuZUgTV6PLGwxY81dJA,palos-verdes-estates-california
https://www.ubereats.com/los-angeles/food-delivery/ding-tea-torrance/QDO_EWpbTQ-ttDFa-nBYhA,palos-verdes-estates-california
https://www.ubereats.com/los-angeles/food-delivery/lemonade-manhattan-beach/CHITm8ifTaCCKr-SdoqAAw,palos-verdes-estates-california
https://www.ubereats.com/los-angeles/food-delivery/forever-kitchen-indian-thai-%26-vietnamese/FmgEJOPQSvG92A2KH4L6jw,palos-verdes-estates-california
https://www.ubereats.com/los-angeles/food-delivery/burger-city-grill-lomita/OZgD3mm0QeqG81y--SrhJg,palos-verdes-estates-california
https://www.ubereats.com/los-angeles/food-delivery/burger-king-865-west-sepulveda-boulevard/g3RJlL5LTdyOdemtrL0JYA,palos-verdes-estates-california
https://www.ubereats.com/los-angeles/food-delivery/chinchikurin-torrance/N_c37qBpRc-mhbCSZZoV-Q,palos-verdes-estates-california
https://www.ubereats.com/los-angeles/food-delivery/mcdonalds-tor-torrance/jmx0M4itT-CHzxldsmGLQw,palos-verdes-estates-california
https://www.ubereats.com/los-angeles/food-delivery/tapioca-%26-pho/uU7KLvtDT5ipEPUbXoNF6Q,palos-verdes-estates-california
https://www.ubereats.com/los-angeles/food-delivery/bird-talk-chicken/tDDkxDKISH-Da6n728kksw,palos-verdes-estates-california
https://www.ubereats.com/los-angeles/food-delivery/mcdonalds-torrance-crenshaw-182nd/XXYcFccJTFCv0Ks-DhQQxg,palos-verdes-estates-california
https://www.ubereats.com/los-angeles/food-delivery/honey-dress-fried-chicken/h7dKyPHdT3a8Qy77oRxwvg,palos-verdes-estates-california
https://www.ubereats.com/los-angeles/food-delivery/california-pizza-kitchen-1815-hawthorne-blvd/zQHrjGCuTP6-qP_XVYGNSA,palos-verdes-estates-california
https://www.ubereats.com/los-angeles/food-delivery/tacos-super-gallito-w-carson-st/903lv0SCRP6ZsXzw3jbo6g,palos-verdes-estates-california
https://www.ubereats.com/los-angeles/food-delivery/yellow-vase-hermosa-beach/PuYy31e9TzOSYqdhqk6npw,palos-verdes-estates-california
https://www.ubereats.com/los-angeles/food-delivery/jersey-mikes-subs-san-pedro-912-n-western-ave/k3BYoc_5T2C2zNyLWEtOoQ,palos-verdes-estates-california
https://www.ubereats.com/los-angeles/food-delivery/the-original-las-brisas/J9jqy7cfQ6G0UdOtjNi-Hw,palos-verdes-estates-california
https://www.ubereats.com/los-angeles/food-delivery/mios-eatery/2dJ_94HVQiK7O8pVET_oFg,palos-verdes-estates-california
https://www.ubereats.com/los-angeles/food-delivery/kfc-%2323-2215-sepulveda-blvd/rEl3BUmFT0-SvQnWXExZJQ,palos-verdes-estates-california
https://www.ubereats.com/los-angeles/food-delivery/curry-house-coco-ichibanya-torrance/E7XIwENKS2yloatWVO7A7g,palos-verdes-estates-california
https://www.ubereats.com/los-angeles/food-delivery/bluesalt-fish-grill-torrance/y_X4YuLITHGWTlPmIJcwFg,palos-verdes-estates-california
https://www.ubereats.com/los-angeles/food-delivery/hofs-hut-torrance/-rFaXzWzShOYCEciJ6K9dQ,palos-verdes-estates-california
https://www.ubereats.com/los-angeles/food-delivery/riviera-village-pizza/yMShORm3SMy8UIEK0riSVg,palos-verdes-estates-california
https://www.ubereats.com/los-angeles/food-delivery/fishbonz-casual-seafood-grill/lZOHZqnEQtCa-nWnXN5kuw,palos-verdes-estates-california
https://www.ubereats.com/los-angeles/food-delivery/gindaco-torrance/4kysx0cwSZaY_CxBV3b9oQ,palos-verdes-estates-california
https://www.ubereats.com/los-angeles/food-delivery/el-pollo-peruano/8LcqX3PlRgm6uZqY81SRzA,palos-verdes-estates-california
https://www.ubereats.com/los-angeles/food-delivery/emerald-garden-restaurant/Fob0LdWGT2izfS2oT3IfbA,palos-verdes-estates-california
https://www.ubereats.com/los-angeles/food-delivery/ding-tea-lomita/6FeawXK6SviUgrDKLZ0kuA,palos-verdes-estates-california
https://www.ubereats.com/los-angeles/food-delivery/mcdonalds-hermosa-beach/w_dMUTK7S8-DQGpM0uFqpg,palos-verdes-estates-california
https://www.ubereats.com/los-angeles/food-delivery/burattino-brick-oven-pizza/vKoD7imxQuquF5Uv1ceJzA,palos-verdes-estates-california
https://www.ubereats.com/los-angeles/food-delivery/ubon-thai-kitchen/FQqX4o7GTyWu5PB0pm9abQ,palos-verdes-estates-california
https://www.ubereats.com/los-angeles/food-delivery/caps-and-corks/wVSfoVAZQNeOU5QefQnhGQ,palos-verdes-estates-california
https://www.ubereats.com/los-angeles/food-delivery/the-punchbowl/D1G30MBURVeuBtLTOGqxCg,palos-verdes-estates-california
https://www.ubereats.com/los-angeles/food-delivery/la-esperanza-restaurant-and-bakery-torrance/ZeIBHAYPT9qrp_xAluXieg,palos-verdes-estates-california
https://www.ubereats.com/los-angeles/food-delivery/tacos-super-gallito-torrance/fOo31LZ7RSekmIjN72HY6g,palos-verdes-estates-california
https://www.ubereats.com/los-angeles/food-delivery/classic-burger/viqjrnTESOutEC0sinZ7JQ,palos-verdes-estates-california
https://www.ubereats.com/los-angeles/food-delivery/all-indian-sweets-and-snacks/EBLkb0eBTTeHwg0O-IMuvw,palos-verdes-estates-california
https://www.ubereats.com/los-angeles/food-delivery/chef-melbas-bistro/p78s0G2rQwG5VOqQrtupxA,palos-verdes-estates-california
https://www.ubereats.com/los-angeles/food-delivery/el-pollo-loco-1141-w-pacific-coast-hwy3529/C5bV-ZW_QpOcvtjc3UqKOg,palos-verdes-estates-california
https://www.ubereats.com/los-angeles/food-delivery/the-sandwich-saloon/hQc5A6YFSdGe5GDgmAwisw,palos-verdes-estates-california
https://www.ubereats.com/los-angeles/food-delivery/green-burrito-28619-s-western-ave/4bqHRwVjQniGJ9PlD9pEFw,palos-verdes-estates-california
https://www.ubereats.com/los-angeles/food-delivery/ocho-redondo-beach/-Q_-nBL0TLeHFSa_lHPgog,palos-verdes-estates-california
https://www.ubereats.com/los-angeles/food-delivery/la-bella-napoli-italian-take-out/91LYEQyFSCubEB36OYSwvw,palos-verdes-estates-california
https://www.ubereats.com/los-angeles/food-delivery/palmilla-cocina-y-tequila/P3myYqk4QmC2LhNjyeuJPg,palos-verdes-estates-california
https://www.ubereats.com/los-angeles/food-delivery/habana-vieja/5M6S65g-Roe2pXQJrHrDsQ,palos-verdes-estates-california
https://www.ubereats.com/los-angeles/food-delivery/pick-up-stix-torrance/t5Ih1kJARKuKOkXFqXTxmQ,palos-verdes-estates-california
https://www.ubereats.com/los-angeles/food-delivery/wendys-2404-sepulveda-blvd/j2w4O7a6RPKYFUyGTI_g2w,palos-verdes-estates-california
https://www.ubereats.com/los-angeles/food-delivery/carls-jr-%26-green-burrito-701-n-pacific-coast-hwy/bE2PED00SauHC7Tfeddqdw,palos-verdes-estates-california
https://www.ubereats.com/los-angeles/food-delivery/taco-bell-2201-artesia-blvd/SmJ_JRbUSpGuZwb21kbp3g,palos-verdes-estates-california
https://www.ubereats.com/los-angeles/food-delivery/wing-squad-redondo-beach/H-rynfKmQ3K7AMmwqRYP1Q,palos-verdes-estates-california
https://www.ubereats.com/los-angeles/food-delivery/tara-thai/xFO7iERaT-C0Y9z2gtcRTQ,palos-verdes-estates-california
https://www.ubereats.com/los-angeles/food-delivery/fat-tomato-hermosa-beach/wZjcZoMvSpylqnLDlS--4g,palos-verdes-estates-california
https://www.ubereats.com/los-angeles/food-delivery/broiler-express/qWcD-MjCR7-VRfrRkNo3IA,palos-verdes-estates-california
https://www.ubereats.com/los-angeles/food-delivery/casa-playa/XRq1qQYhRnC2XhrvTU7Fwg,palos-verdes-estates-california
https://www.ubereats.com/los-angeles/food-delivery/rods-charbroiler/Yx2CGuqdS5CbHNydpWFzMA,palos-verdes-estates-california
https://www.ubereats.com/los-angeles/food-delivery/chart-house-231-yacht-club-way/g6B-NeSCSqOLEsw8DArhCA,palos-verdes-estates-california
https://www.ubereats.com/los-angeles/food-delivery/sandwich-blvd/6eX8EVuiRgGXpqseDnhq2w,palos-verdes-estates-california
https://www.ubereats.com/los-angeles/food-delivery/rubys-diner-palos-verdes/EW4Dy19JTTSXKYC0ir2aIw,palos-verdes-estates-california
https://www.ubereats.com/los-angeles/food-delivery/gengis-khan-3525-w-carson-st/4bvS94RSSA-zyUbfnPu6bg,palos-verdes-estates-california
https://www.ubereats.com/los-angeles/food-delivery/taco-bell-2840-sepulveda-blvd/ln71s59TRnqvaytEp7pGRA,palos-verdes-estates-california
https://www.ubereats.com/los-angeles/food-delivery/kung-fu-tea-harbor-city/KaHQRdItTuawHy8QbfyB8w,palos-verdes-estates-california
https://www.ubereats.com/los-angeles/food-delivery/pinkberry-el-segundo/oY898nFPRsC5oi7--gHELg,palos-verdes-estates-california
https://www.ubereats.com/los-angeles/food-delivery/el-pollo-peruano/G_wueSxGQsW2MA4mONpVhw,palos-verdes-estates-california
https://www.ubereats.com/los-angeles/food-delivery/hoka-hoka-sushi-%26-sake/AAbHxUufQEi9A2dTdJXZ_Q,palos-verdes-estates-california
https://www.ubereats.com/los-angeles/food-delivery/ajido-ramen-izakaya/_OqbABQHQ622oTeOEY9Bbg,palos-verdes-estates-california
https://www.ubereats.com/los-angeles/food-delivery/chado-tea-room-torrence/RvDN-9SDRy--pAKeJS8MKg,palos-verdes-estates-california
https://www.ubereats.com/los-angeles/food-delivery/pressed-juicery-del-amo-fashion-center/0TAryNBlRVCFgwfcWbe-_w,palos-verdes-estates-california
https://www.ubereats.com/los-angeles/food-delivery/kokio-chicken-harbor-city/zMjc4wmUR-CYEv0YWwvkhA,palos-verdes-estates-california
https://www.ubereats.com/los-angeles/food-delivery/tower-12/zMiQ3l4kTaCzjE7Q_F1zgQ,palos-verdes-estates-california
https://www.ubereats.com/los-angeles/food-delivery/creme-de-la-crepe-redondo-beach/sZ4hZJpAT6anqhXijAS_sg,palos-verdes-estates-california
https://www.ubereats.com/los-angeles/food-delivery/el-pollo-loco-17307-crenshaw-blvd5938/1Du6cYuESJyv7CumZaXAFg,palos-verdes-estates-california
https://www.ubereats.com/los-angeles/food-delivery/fat-tomato-pizza-harbor-city/15TX4MHsQxmFqWp3hFH4mg,palos-verdes-estates-california
https://www.ubereats.com/los-angeles/food-delivery/taco-bell-1301-w-artesia-blvd/2rJ4yM3dRQqHytWZWW2pEw,palos-verdes-estates-california
https://www.ubereats.com/los-angeles/food-delivery/lucky-star-cafe/WH1LSOemTTGP3riOk1cZ-Q,palos-verdes-estates-california
https://www.ubereats.com/los-angeles/food-delivery/gyu-kaku-japanese-bbq-torrance/MrElvmDzQ8yQDJznS4_btQ,palos-verdes-estates-california
https://www.ubereats.com/los-angeles/food-delivery/king-poke/qmV-vUiFRqijcT1nlyTqOg,palos-verdes-estates-california
https://www.ubereats.com/los-angeles/food-delivery/torrance-tavern/2y2Ms1FGRpKqEF-EuTJDBQ,palos-verdes-estates-california
https://www.ubereats.com/los-angeles/food-delivery/pf-changs-3525-carson-st-r7-166/aDTtQXDrRyaBu6b9RaIm1Q,palos-verdes-estates-california
https://www.ubereats.com/los-angeles/food-delivery/the-crepery-cafe/ATbr1j12QtWlPAQeUUFM6Q,palos-verdes-estates-california
https://www.ubereats.com/los-angeles/food-delivery/fresh-brothers-redondo-beach/Gs3WAnkJQ2C4YNvW0alKKA,palos-verdes-estates-california
https://www.ubereats.com/los-angeles/food-delivery/starbucks-190th-%26-anza/alX8JhZBTImSDDg8-eq8jA,palos-verdes-estates-california
https://www.ubereats.com/los-angeles/food-delivery/the-crest-sports-bar-%26-grill/VjbDq28gTqaQ2EG2rplAYA,palos-verdes-estates-california
https://www.ubereats.com/los-angeles/food-delivery/toms-%231-world-famous-chiliburgers-carson/FX_qaV2mRw-QllHOkpksoQ,palos-verdes-estates-california
https://www.ubereats.com/los-angeles/food-delivery/loaded-cafe/iMm5hMd1TNmpc8W4BeFndA,palos-verdes-estates-california
https://www.ubereats.com/los-angeles/food-delivery/kellys-korner/yxYBfI5CS0KFVwT2-W6Q8g,palos-verdes-estates-california
https://www.ubereats.com/los-angeles/food-delivery/bobs-hamburgers/1JAtiWVdTxyvjkBZV5YQiQ,palos-verdes-estates-california
https://www.ubereats.com/los-angeles/food-delivery/raku-sushi-tonkatsu/MgkIFX3zQYSI7Dx3A3wGgw,palos-verdes-estates-california
https://www.ubereats.com/los-angeles/food-delivery/mcdonalds-redondo-beach-pch-diamond/OKx6fvu6S6qJ7yVu3RFCpg,palos-verdes-estates-california
https://www.ubereats.com/los-angeles/food-delivery/tacos-super-gallito-carson/T-XRzvIARz2FPJlcsxx_vg,palos-verdes-estates-california
https://www.ubereats.com/los-angeles/food-delivery/frida-mexican-cuisine-torrance/l6g1-z24QRuyDmZg5NH1Vw,palos-verdes-estates-california
https://www.ubereats.com/los-angeles/food-delivery/cafe-gourmet-boba-loca/7u7tkEe7QT2XmEj9VYSVQA,palos-verdes-estates-california
https://www.ubereats.com/los-angeles/food-delivery/phuket-thai-restaurant/EJx-Ct1QS-KNObKA3wGYXw,palos-verdes-estates-california
https://www.ubereats.com/los-angeles/food-delivery/miches-de-la-baja/CUWHsPXuSYKxuy5sPh60jw,palos-verdes-estates-california
https://www.ubereats.com/los-angeles/food-delivery/hakata-ikkousha-ramen-torrance/qLTlol5LS8G6MgIhPwsKLg,palos-verdes-estates-california
https://www.ubereats.com/los-angeles/food-delivery/honda-sushi-and-japanese-dining/t5lBjzT_TaalXgxvbZ-YNA,palos-verdes-estates-california
https://www.ubereats.com/los-angeles/food-delivery/el-tarasco-mexican-food/K71GD8VPQlSNQeYGUuY7yQ,palos-verdes-estates-california
https://www.ubereats.com/los-angeles/food-delivery/ihop-24631-crenshaw-blvd/yg6834emQLy4_wbA-BfhNQ,palos-verdes-estates-california
https://www.ubereats.com/los-angeles/food-delivery/dennys-18620-s-western-ave/kWXTUiM-S3usl37EtsllCA,palos-verdes-estates-california
https://www.ubereats.com/los-angeles/food-delivery/fat-tomato-pizza-san-pedro/4fqw0rRxSR2otdPtZxDCPA,palos-verdes-estates-california
https://www.ubereats.com/los-angeles/food-delivery/albertas-mexican-food/CAQcsOGFROK7RgoOSH3rMQ,palos-verdes-estates-california
https://www.ubereats.com/los-angeles/food-delivery/the-shrimp-lover-redondo-beach/OKbC7lx9Qfe8OGge1CgtEg,palos-verdes-estates-california
https://www.ubereats.com/los-angeles/food-delivery/mcdonalds-torrance-sepulveda-vermont/e41BFx26QU-CxvCVzXUHjg,palos-verdes-estates-california
https://www.ubereats.com/los-angeles/food-delivery/yellow-vase-parent/9vYumAvyTHuM_q0FRYJCEg,palos-verdes-estates-california
https://www.ubereats.com/los-angeles/food-delivery/vaquero-mexican-grill-harbor-city/wmy4fr9lTXenmEpDA2NrTQ,palos-verdes-estates-california
https://www.ubereats.com/los-angeles/food-delivery/mickeys-deli-breakfast/qE7lleB7RZyCtyYLtl17IA,palos-verdes-estates-california
https://www.ubereats.com/los-angeles/food-delivery/mcdonalds-carson-sepulveda-%26main/UF6t66grSE6Ws38O_MrEsA,palos-verdes-estates-california
https://www.ubereats.com/los-angeles/food-delivery/the-habit-burger-grill-4-b-peninsula-center/qkr6cgRBQXiADQngc5xS0A,palos-verdes-estates-california
https://www.ubereats.com/los-angeles/food-delivery/wienerschnitzel-2780-pacific-coast-hwy/c5SKaodnT2igAyikGJjcGA,palos-verdes-estates-california
https://www.ubereats.com/los-angeles/food-delivery/bomb-chicken/2fQjfIGgTMCgyGnF7y-jMA,palos-verdes-estates-california
https://www.ubereats.com/los-angeles/food-delivery/popeyes-louisiana-kitchen-2166-pacific-coast-hwy/doNQngq6R2OFFsx_qVPaBg,palos-verdes-estates-california
https://www.ubereats.com/los-angeles/food-delivery/gen-korean-bbq-house-torrance/EZ8lvpIaTJy5DdMlj3so9w,palos-verdes-estates-california
https://www.ubereats.com/los-angeles/food-delivery/klatch-coffee-redondo-beach/UT80xcYvTIKAPHEOX4WiEA,palos-verdes-estates-california
https://www.ubereats.com/los-angeles/food-delivery/creme-de-la-crepe-hermosa/MFgGTw0bTWCI2fY2HDhzYw,palos-verdes-estates-california
https://www.ubereats.com/los-angeles/food-delivery/subway-1671-carson-st/0K7H7NMfSuybA9EGWQGCWQ,palos-verdes-estates-california
https://www.ubereats.com/los-angeles/food-delivery/7-leaves-cafe-torrance/PzjZV8z9RCW-ZWIN7M4suA,palos-verdes-estates-california
https://www.ubereats.com/los-angeles/food-delivery/zayna-flaming-grill/PO1gayVLTaibJq27zO4RKg,palos-verdes-estates-california
https://www.ubereats.com/los-angeles/food-delivery/norms-north-torrance/ilKq7EqLSg6KR_UAlm-xaA,palos-verdes-estates-california
https://www.ubereats.com/los-angeles/food-delivery/starbucks-carson-%26-normandie-torrance/7HGEDCejTO2sMOMixqZpcQ,palos-verdes-estates-california
https://www.ubereats.com/los-angeles/food-delivery/di-roma-cucina/UcQNEz-kTAqKqaKF_n0Lcg,palos-verdes-estates-california
https://www.ubereats.com/los-angeles/food-delivery/california-sushi-%26-teriyaki/npwfxBTbSumn3_dSWziK3w,palos-verdes-estates-california
https://www.ubereats.com/los-angeles/food-delivery/ortega-120/qqMK6GdeTYGmG1NdNdI7wg,palos-verdes-estates-california
https://www.ubereats.com/los-angeles/food-delivery/johnny-rockets-manhattan-beach/3H61an7YS0mJHKFfGMpibQ,palos-verdes-estates-california
https://www.ubereats.com/los-angeles/food-delivery/kabab-curry-cuisine-of-india/_mnJkVNuTr-5X8sbdNIDbQ,palos-verdes-estates-california
https://www.ubereats.com/los-angeles/food-delivery/mickeys-italian-deli/0rBT8BozSL2kAteCy5QufQ,palos-verdes-estates-california
https://www.ubereats.com/los-angeles/food-delivery/dons/VHMz4FylRGG9wOy8bR0UIQ,palos-verdes-estates-california
https://www.ubereats.com/los-angeles/food-delivery/nadimas-sushi-and-coffee-shop/oHrh1i3tTSqU2IL099kw2Q,palos-verdes-estates-california
https://www.ubereats.com/los-angeles/food-delivery/rock-n-fish-restaurant/9IlN3egjSzW2X_fmmKM1DQ,palos-verdes-estates-california
https://www.ubereats.com/los-angeles/food-delivery/wienerschnitzel-1715-pacfic-coast-hwy/kdoht7EfQL-K82NwX0GwJg,palos-verdes-estates-california
https://www.ubereats.com/los-angeles/food-delivery/el-pollo-inka-rolling-hills/nv0YpJ7wT5iBjKIUYo4hlg,palos-verdes-estates-california
https://www.ubereats.com/los-angeles/food-delivery/el-otro-amigo/1YWAK5cwTLWEIuOVhFznOw,palos-verdes-estates-california
https://www.ubereats.com/los-angeles/food-delivery/sutadonya/IQP_DcF4Tk6mYgpWhUeXbw,palos-verdes-estates-california
https://www.ubereats.com/los-angeles/food-delivery/craigers-fudge-ice-cream-%26-sweets/2C3AAZfUSFyWRJCIg4yduQ,palos-verdes-estates-california
https://www.ubereats.com/los-angeles/food-delivery/california-pizza-kitchen-25304-crenshaw-blvd/XHnckZ3tSv-O3M5w_WiA1g,palos-verdes-estates-california
https://www.ubereats.com/los-angeles/food-delivery/ko-ryu-ramen-grill/0tX_TfvjTkizqnIcR9md4w,palos-verdes-estates-california
https://www.ubereats.com/los-angeles/food-delivery/daphnes-california-greek-redondo-beach/Hx2JGScpSoy9KtvMqhFvfw,palos-verdes-estates-california
https://www.ubereats.com/los-angeles/food-delivery/mcdonalds-lomita-pacific/95teLf4GRH6jTEdscTUKtg,palos-verdes-estates-california
https://www.ubereats.com/los-angeles/food-delivery/3stakxs-kitchen/Xg1ITvnbSRWZw6b1Ca2ceQ,palos-verdes-estates-california
https://www.ubereats.com/los-angeles/food-delivery/taco-bell-16414-crenshaw-blvd/qwL9ugZySdmMSdNztUeaOA,palos-verdes-estates-california
https://www.ubereats.com/los-angeles/food-delivery/forever-indian-tandoori/oTc7l9wOQfehcEz0qZISQQ,palos-verdes-estates-california
https://www.ubereats.com/los-angeles/food-delivery/almost-vegan!/FLNqhzrqQliTTLo7p1YIow,palos-verdes-estates-california
https://www.ubereats.com/los-angeles/food-delivery/mias-kitchen/BDx5Bup_Ql-wgYrCeRCsWw,palos-verdes-estates-california
https://www.ubereats.com/los-angeles/food-delivery/taco-bell-5125-pacific-coast-hwy/7JZGkP_lRMWdky7c2gOKlQ,palos-verdes-estates-california
https://www.ubereats.com/los-angeles/food-delivery/lazy-dog-restaurant-%26-bar-torrance/seJubhzZQaaI90tK-sU47A,palos-verdes-estates-california
https://www.ubereats.com/los-angeles/food-delivery/tak-e-sushi-%26-rolls/jljGcyfDSji9UK0dA8Ykdg,palos-verdes-estates-california
https://www.ubereats.com/los-angeles/food-delivery/hey-19-public-house/3WP6zyGHRFSwNcBKsTluMw,palos-verdes-estates-california
https://www.ubereats.com/los-angeles/food-delivery/el-torito-100-g-fishermans-wharf/3UU_hiK1QcaF5RH5hiMlPA,palos-verdes-estates-california
https://www.ubereats.com/los-angeles/food-delivery/taco-bell-1354-w-190th-st/LbKPOBaBQrO5a5aYD3eHLg,palos-verdes-estates-california
https://www.ubereats.com/los-angeles/food-delivery/mcdonalds-torrance-carson-st/Zu4VPhbZTT-7z0J_5J_hiQ,palos-verdes-estates-california
