url,city
https://www.ubereats.com/boston/food-delivery/dunkin-256-andover-st/W8Izj6k0Sr2z9lVXaF1T-Q,peabody-massachusetts
https://www.ubereats.com/boston/food-delivery/betty-anne-sandwich-shop/ds68jSh_QX-ZpVxfliryVw,peabody-massachusetts
https://www.ubereats.com/boston/food-delivery/los-pinos/bmYKeGNpTX-EWJqqUNXHGQ,peabody-massachusetts
https://www.ubereats.com/boston/food-delivery/el-jalisco/1b-ivKAXTfeZ3i_y56JWYQ,peabody-massachusetts
https://www.ubereats.com/boston/food-delivery/aprils-ii/isM0DgZjR0OhJlbfkcSLyg,peabody-massachusetts
https://www.ubereats.com/boston/food-delivery/china-sails/YyA-mRydT1qMZfHdY7ByiQ,peabody-massachusetts
https://www.ubereats.com/boston/food-delivery/aprils/986arHTSSzyi3bexjHKk_g,peabody-massachusetts
https://www.ubereats.com/boston/food-delivery/taco-bell-186-endicott-street/_JaF2QuDQ2eBa0twdt14GA,peabody-massachusetts
https://www.ubereats.com/boston/food-delivery/sugar-daddy-salem/IxLnzdW6Qf-PGHe5cN8Bow,peabody-massachusetts
https://www.ubereats.com/boston/food-delivery/burger-king-498-rantoul-street/ydOKN5FxQvGUWBRpqyzm9g,peabody-massachusetts
https://www.ubereats.com/boston/food-delivery/dunkin-3-central-st/pBT6Vb2sRjm2OsVyCGpzNw,peabody-massachusetts
https://www.ubereats.com/boston/food-delivery/armenian-grill-and-catering/0B-iZUWjSOOKwM-qDdtQQA,peabody-massachusetts
https://www.ubereats.com/boston/food-delivery/lincolns-landing/zFbjTejTT_-xVBES1ynR9w,peabody-massachusetts
https://www.ubereats.com/boston/food-delivery/prime-pizza/qoVYipBASgWAsWVGR3oweg,peabody-massachusetts
https://www.ubereats.com/boston/food-delivery/bella-mia-pizza/9KtVqqtKRPanNyv6okEI2w,peabody-massachusetts
https://www.ubereats.com/boston/food-delivery/street-55/TJ7GNbBuQi64SrMG84QlzQ,peabody-massachusetts
https://www.ubereats.com/boston/food-delivery/freedass-pizza-%26-calzone/WHx52kVrTPmmK_0EPMChJQ,peabody-massachusetts
https://www.ubereats.com/boston/food-delivery/fantasy-island/0UCV5KA0RvOE_TLn6fDYNA,peabody-massachusetts
https://www.ubereats.com/boston/food-delivery/cupcake-city/kxAEGfQJSpWY0hjPdhxiMA,peabody-massachusetts
https://www.ubereats.com/boston/food-delivery/lisas-family-pizzeria-wakefield/ylG4X1W1RY67XEAutTdpug,peabody-massachusetts
https://www.ubereats.com/boston/food-delivery/tropical-smoothie-cafe-450-paradise-road/zqa5g6SPSCGKw45BTprsDw,peabody-massachusetts
https://www.ubereats.com/boston/food-delivery/jp-licks-lynnfield/O3gqp8p7SWGilaC_O0jFjw,peabody-massachusetts
https://www.ubereats.com/boston/food-delivery/mcdonalds-572-main-st/JrD36PdgRC2ENzfRF81nBA,peabody-massachusetts
https://www.ubereats.com/boston/food-delivery/the-ice-cream-shop/dezn8A40TKK-AOA9jD-c8A,peabody-massachusetts
https://www.ubereats.com/boston/food-delivery/brothers-kouzina/1N3tGIw7SaeamJMAj0kymw,peabody-massachusetts
https://www.ubereats.com/boston/food-delivery/wendys-377-lynnway/Xbr2XdTMR_y1_yvcTgWQIQ,peabody-massachusetts
https://www.ubereats.com/boston/food-delivery/chipotle-mexican-grill-450-paradise-rd/CNxebWyDRSSWCD1R0jCBdA,peabody-massachusetts
https://www.ubereats.com/boston/food-delivery/casa-mia/HwI4j54qTEuH8ng5IQct9g,peabody-massachusetts
https://www.ubereats.com/boston/food-delivery/subway-150-main-st/ArOvKt1oQwmdKixrlfhtQg,peabody-massachusetts
https://www.ubereats.com/boston/food-delivery/dunkin-29-s-main-st-richdale-convenience-store/dQNKeMHBRfCjcchY97S-CA,peabody-massachusetts
https://www.ubereats.com/boston/food-delivery/mcdonalds-77-high-st/4--Etd5bSSqCBVLqwg2R7A,peabody-massachusetts
https://www.ubereats.com/boston/food-delivery/mcdonalds-180-endicott-st/H9iIBakETq6Msi6mgUotIw,peabody-massachusetts
https://www.ubereats.com/boston/food-delivery/honey-dew-donuts-142-lowell-street/KUyyD7vIRtG-xHHZXj6ZTA,peabody-massachusetts
https://www.ubereats.com/boston/food-delivery/dunkin-980-paradise-rd-next-to-five-guys/ZkmFtrMYS2qBaKh918wZVQ,peabody-massachusetts
https://www.ubereats.com/boston/food-delivery/junji-fine-japanese-cuisine/9AtK9YOvSwyQ-XA7F5IPRA,peabody-massachusetts
https://www.ubereats.com/boston/food-delivery/kanes-donuts-saugus/9AdfayvTTEy6O6BkXdEWRw,peabody-massachusetts
https://www.ubereats.com/boston/food-delivery/dockside-restaurant-wakefield/_Pmf-RfGRHq1q1mbBHgfkQ,peabody-massachusetts
https://www.ubereats.com/boston/food-delivery/cafe-avellino/afNAN2qPRz6SMtwd2TDu3A,peabody-massachusetts
https://www.ubereats.com/boston/food-delivery/hooters-saugus-1143-broadway/Rz_ae1wkQTOqZr5Ncek2hw,peabody-massachusetts
https://www.ubereats.com/boston/food-delivery/brew-box/XvwxYDjRTJWbQ2H_LDYgZg,peabody-massachusetts
https://www.ubereats.com/boston/food-delivery/taco-bell-421-broadway/mE--AkkMS5OMq4ia-5aNzQ,peabody-massachusetts
https://www.ubereats.com/boston/food-delivery/big-fin-poke/-5MR3QFmSMqcsiF5ORpfMA,peabody-massachusetts
https://www.ubereats.com/boston/food-delivery/dunkin-4-west-st-mobil-gas-station/Ir-QaW_FQUqzBV8NBEFO6g,peabody-massachusetts
https://www.ubereats.com/boston/food-delivery/hacienda-corona/2-KYyIXZRziLf_YSDCm7hw,peabody-massachusetts
https://www.ubereats.com/boston/food-delivery/thai-cafe-lynn/JEneZCKORcKpjFr-roMlXA,peabody-massachusetts
https://www.ubereats.com/boston/food-delivery/peabody-bread-co/hRdP-aXwSqmE2yw0Fhh1yQ,peabody-massachusetts
https://www.ubereats.com/boston/food-delivery/salem-gnu-kitchen/mw5JEpOeSviD2s-4dMYugA,peabody-massachusetts
https://www.ubereats.com/boston/food-delivery/conga-lounge-and-restaurante/BXeI2m16S62wEdHvvemheA,peabody-massachusetts
https://www.ubereats.com/boston/food-delivery/the-ice-cream-shop/5DsPOtkzSQqDhchfX3628A,peabody-massachusetts
https://www.ubereats.com/boston/food-delivery/route-1-grill-house/Y782GjB2Qte6rgmVvZzLmA,peabody-massachusetts
https://www.ubereats.com/boston/food-delivery/chipotle-mexican-grill-444-broadway/q-rzAjWHSQe1HEGfQQttLg,peabody-massachusetts
https://www.ubereats.com/boston/food-delivery/pazzo-pizza-andover/gtcRh1RqRyuX98s09FxgfA,peabody-massachusetts
https://www.ubereats.com/boston/food-delivery/kowloon/Wn8YGxp-S4yI0fRx0WQwZA,peabody-massachusetts
https://www.ubereats.com/boston/food-delivery/sea-level-oyster-bar-94-wharf-st/bAfHYBwNT_ytM1XrlemQcw,peabody-massachusetts
https://www.ubereats.com/boston/food-delivery/wing-squad-peabody/iQBJPcGLSIW1ms4w45CA1w,peabody-massachusetts
https://www.ubereats.com/boston/food-delivery/new-england-soup-factory-salem/tvIr4MTnT0G-gHgLU6_s1Q,peabody-massachusetts
https://www.ubereats.com/boston/food-delivery/genghis-asian-fusion/AqJ5srsFS-29wcuvm1TAZw,peabody-massachusetts
https://www.ubereats.com/boston/food-delivery/brothers-taverna/7SU_vLLxR-mGGnFEFhyX4A,peabody-massachusetts
https://www.ubereats.com/boston/food-delivery/dotty-and-rays/1OdAi5nETL27e4EvdCrjNw,peabody-massachusetts
https://www.ubereats.com/boston/food-delivery/qdoba-1016-paradise-rd/RWCmF8MMT5WBypye1NyKMg,peabody-massachusetts
https://www.ubereats.com/boston/food-delivery/subway-259-s-main-st/_XBD9CkDRnClVu66TEsyWg,peabody-massachusetts
https://www.ubereats.com/boston/food-delivery/massimos-ristorante/nGB2puDeSrmRVIe_9VzmSg,peabody-massachusetts
https://www.ubereats.com/boston/food-delivery/stacked-sandwiches-%26-salads/DMvUW-wpQdiVKyldqpVGgw,peabody-massachusetts
https://www.ubereats.com/boston/food-delivery/the-derby/dbQuLBScTdiIygcFFaNNbA,peabody-massachusetts
https://www.ubereats.com/boston/food-delivery/tasty-foods/M2yAvyPCSdmzdNSBWhgF1w,peabody-massachusetts
https://www.ubereats.com/boston/food-delivery/tokyo-japanese-steakhouse-sushi-cuisine/5N-SE3kkQhmdaMoN8KByEw,peabody-massachusetts
https://www.ubereats.com/boston/food-delivery/wendys-91-lafayette-st/8jWY901_QM-aZr42x8bwdg,peabody-massachusetts
https://www.ubereats.com/boston/food-delivery/kings-famous-roast-beef-and-seafood/hEH7wwsCR0e3bOjiDgk0ug,peabody-massachusetts
https://www.ubereats.com/boston/food-delivery/sweetgreen-lynnfield/b4-oS7PxT-ie-KGpHObSDw,peabody-massachusetts
https://www.ubereats.com/boston/food-delivery/sei-bar-wakefield-%E6%B9%98%E7%A7%81%E9%A6%86/Sklzq1YOQMKn-jz-wIsLwQ,peabody-massachusetts
https://www.ubereats.com/boston/food-delivery/paprika-grill/cihCqRoYRRWLP_mnZDsR4g,peabody-massachusetts
https://www.ubereats.com/boston/food-delivery/edible-arrangements-45-enon-street/xEjNKzIMTpOUs1wXJcFcpQ,peabody-massachusetts
https://www.ubereats.com/boston/food-delivery/lupos-trattoria/tVO4vJIwRECOCBrMM98BjQ,peabody-massachusetts
https://www.ubereats.com/boston/food-delivery/brickyard-bar-and-grill/KdKOeBlVSSCIYZjPJ06F4A,peabody-massachusetts
https://www.ubereats.com/boston/food-delivery/iron-town-diner/UB4--4ocQ-aKUYl-o8wAyw,peabody-massachusetts
https://www.ubereats.com/boston/food-delivery/milkboy-boba/BEfTP1hqQzu3fB0uErtjEQ,peabody-massachusetts
https://www.ubereats.com/boston/food-delivery/taqueria-the-three-olives/1iakRALkRJq16N-RVd-azA,peabody-massachusetts
https://www.ubereats.com/boston/food-delivery/sylvan-street-grille/SWnehzZCRPqA-vBk6us0bw,peabody-massachusetts
https://www.ubereats.com/boston/food-delivery/sobol-beverly/rrZnlB4fTN6H4vrvg93o0Q,peabody-massachusetts
https://www.ubereats.com/boston/food-delivery/jades-restaurant/NML0FUzDQpuMG6ozyIhm8Q,peabody-massachusetts
https://www.ubereats.com/boston/food-delivery/el-gran-jaguar-restaurant/2-0HnFgiSV6Dp_lklZXA7A,peabody-massachusetts
https://www.ubereats.com/boston/food-delivery/lendys-deli-%26-restaurant/qt2AUBTdShG4iPlRomVI5w,peabody-massachusetts
https://www.ubereats.com/boston/food-delivery/village-tavern/Rxcpir00RYCkEBk86blSDA,peabody-massachusetts
https://www.ubereats.com/boston/food-delivery/burritos-pizza-%26-grill-chestnut-st/VQS5ARZ0R7GikvCNIqfJ9w,peabody-massachusetts
https://www.ubereats.com/boston/food-delivery/dunkin-9-1-2-paradise-rd/FL-lBp17SEu652yStonQPQ,peabody-massachusetts
https://www.ubereats.com/boston/food-delivery/ej-cabots/LLTus7rwTVWih6nyw_JppA,peabody-massachusetts
https://www.ubereats.com/boston/food-delivery/oscars-taqueria/gNxIsAqXS42IuBo2m04EkA,peabody-massachusetts
https://www.ubereats.com/boston/food-delivery/maya-indian-bar-and-grill/4k5J971VTA6WsrO1zth9hQ,peabody-massachusetts
https://www.ubereats.com/boston/food-delivery/the-castle%3A-a-board-game-cafe/JuOgMOYCRP-LupZAND1P6Q,peabody-massachusetts
https://www.ubereats.com/boston/food-delivery/the-cotton-mill-cafe/KF54Dk9eR9elpLBxfxyzmQ,peabody-massachusetts
https://www.ubereats.com/boston/food-delivery/alma-fusion/jgVRa6DTToif72lY6yHplg,peabody-massachusetts
https://www.ubereats.com/boston/food-delivery/christophers-cafe/bLnhNXcFSOWQ2U8V-uCxWQ,peabody-massachusetts
https://www.ubereats.com/boston/food-delivery/hooties-burger-bar-saugus/F2yY5ymgTB-iyUnXhdtVAQ,peabody-massachusetts
https://www.ubereats.com/boston/food-delivery/ihop-2-traders-way/i_2-r3a5QKWF50kvzHWLNg,peabody-massachusetts
https://www.ubereats.com/boston/food-delivery/oliveiras-express-broadway-sangus/QYjgVUqySkulm-lz0CZaWg,peabody-massachusetts
https://www.ubereats.com/boston/food-delivery/mcdonalds-1-traders-way-highland-plaza/dreDOCnDT2e4s3JbPErnJw,peabody-massachusetts
https://www.ubereats.com/boston/food-delivery/honey-dew-donuts-130-newbury-street/y7JBvkCoTA2ArcC45H9Y0A,peabody-massachusetts
https://www.ubereats.com/boston/food-delivery/the-ice-cream-shop/X2-bhpmnQHajmYkgY4az2A,peabody-massachusetts
https://www.ubereats.com/boston/food-delivery/gongcha-peabody/MU-XdzLDQsmmMlHl4L7cCA,peabody-massachusetts
https://www.ubereats.com/boston/food-delivery/wing-squad-swampscott/WKBWn4W0RwyggwICX8A1Zw,peabody-massachusetts
https://www.ubereats.com/boston/food-delivery/the-ice-cream-shop/ptQ5OLLLRiWhSASXCzV5Fw,peabody-massachusetts
https://www.ubereats.com/boston/food-delivery/centre-street-pizza/_GOzJtzeR02w1YaKgoaxkg,peabody-massachusetts
https://www.ubereats.com/boston/food-delivery/sazon-y-antojo/qvuR1fsXQF22xLKZX-wLuA,peabody-massachusetts
https://www.ubereats.com/boston/food-delivery/tony-cs-sports-bar-%26-grill-peabody/qWBDLc02QaCBlWhApD5bdQ,peabody-massachusetts
https://www.ubereats.com/boston/food-delivery/tropical-paradise-inc/PkdZngHXT2-ryOUrWPiBSQ,peabody-massachusetts
https://www.ubereats.com/boston/food-delivery/montes-restaurant/bbWsJQziRFOhw_az53R0PA,peabody-massachusetts
https://www.ubereats.com/boston/food-delivery/chipotle-mexican-grill-210-andover-st-unit-e194a/5LkjEG5RQ0CVPcAspwYw8g,peabody-massachusetts
https://www.ubereats.com/boston/food-delivery/dumpling-garden/6i6Z-NLWTLK359AMQK_0HQ,peabody-massachusetts
https://www.ubereats.com/boston/food-delivery/panera-433-paradise-rd/ARgBTIK0S9KZ6G3WfLI0Qg,peabody-massachusetts
https://www.ubereats.com/boston/food-delivery/nellas-pizza/qSbiBDpoRo6m2-tUMq5yQA,peabody-massachusetts
https://www.ubereats.com/boston/food-delivery/prime-roast-beef/FcfE6BQ1T4u-kXd_EWT69w,peabody-massachusetts
https://www.ubereats.com/boston/food-delivery/sunset-caribbean-hatian-restaurants/vksPDE-KRvKFxSUgdYgaIg,peabody-massachusetts
https://www.ubereats.com/boston/food-delivery/debs-diner/l05CP3PFQ0qg6hzDZimLQw,peabody-massachusetts
https://www.ubereats.com/boston/food-delivery/burger-king-259-highland-drive/ss9SqbtlTVC865e3O06SCA,peabody-massachusetts
https://www.ubereats.com/boston/food-delivery/el-salvadoreno-restaurant/ESREjENZSOeTX1wSlNY6EQ,peabody-massachusetts
https://www.ubereats.com/boston/food-delivery/starbucks-reading-walkers-brook/Wrzgp0goSbysKtckbPQW_g,peabody-massachusetts
https://www.ubereats.com/boston/food-delivery/alecomfe-brazilian-coffee-and-restaurant/rWrsxQj7TAaz_jXr-bqOfg,peabody-massachusetts
https://www.ubereats.com/boston/food-delivery/toscanas-ristorante/GFeMlJ9WQUitd1FrUofA4Q,peabody-massachusetts
https://www.ubereats.com/boston/food-delivery/b-sweets-cakes-and-desserts/b3dp_KF8Qxq81_K5wgiBQQ,peabody-massachusetts
https://www.ubereats.com/boston/food-delivery/mcdonalds-133-main-st/fNvM84Y9T7yIoKdu-agRHg,peabody-massachusetts
https://www.ubereats.com/boston/food-delivery/the-ice-cream-shop/y9dnegMLTCyXxcwQOuo2FA,peabody-massachusetts
https://www.ubereats.com/boston/food-delivery/taco-bell-124-boston-st/Os8f7vkbQBqdWmBWLt6mHA,peabody-massachusetts
https://www.ubereats.com/boston/food-delivery/kings-dining-%26-entertainment-lynnfield/tm1efyLmTnWTfWa6NrCfqg,peabody-massachusetts
https://www.ubereats.com/boston/food-delivery/red-sugar-cafe/E9uAEu9QSuaM_6ESEjvplQ,peabody-massachusetts
https://www.ubereats.com/boston/food-delivery/best-sandwich-company/YJKMKx6ESDOKR34L7XnxmA,peabody-massachusetts
https://www.ubereats.com/boston/food-delivery/the-ice-cream-shop/AUyA-k5dRGqkJ0DKGh145A,peabody-massachusetts
https://www.ubereats.com/boston/food-delivery/en-fuego-mexican-cuisine/jCVBxuArQaeWZvRJw3dsGw,peabody-massachusetts
https://www.ubereats.com/boston/food-delivery/sea-lion-sushi/YPZyNwGpRpq-vNCTq00xzw,peabody-massachusetts
https://www.ubereats.com/boston/food-delivery/howes-station-market/LPZ7CZCfS6ys8sHm71PCWQ,peabody-massachusetts
https://www.ubereats.com/boston/food-delivery/superior-roast-beef/ChUWblfESq2ngAWe2NHORg,peabody-massachusetts
https://www.ubereats.com/boston/food-delivery/friendlys-250-andover-st/X-kDIJbpRrmBMiJKOix4Qw,peabody-massachusetts
https://www.ubereats.com/boston/food-delivery/cafecolombia/wHfPC5iqR8y_2rP3GTZyOQ,peabody-massachusetts
https://www.ubereats.com/boston/food-delivery/north-house-of-pizza/g9dRT3mLTKGaO6Eq8gdMww,peabody-massachusetts
https://www.ubereats.com/boston/food-delivery/green-tea/iYZglL8JQeurG-qR1CKrVg,peabody-massachusetts
https://www.ubereats.com/boston/food-delivery/bonchon-chicken-299-essex-st/3JLQ2QTOSEScskUir8gZGg,peabody-massachusetts
https://www.ubereats.com/boston/food-delivery/dunkin-201-canal-st/RLFboOreSA-JxQlt5XkgPg,peabody-massachusetts
https://www.ubereats.com/boston/food-delivery/giovannis-pizza-%26-roast-beef-lake-st/N3qKmujXRsyALEmZgfBJDg,peabody-massachusetts
https://www.ubereats.com/boston/food-delivery/starbucks-melrose-center/ZjyzmAX1T2ayJy9lRAfvQg,peabody-massachusetts
https://www.ubereats.com/boston/food-delivery/sam-%26-joes-restaurant/DJZDnZ_1R8KCY-i6n__z8Q,peabody-massachusetts
https://www.ubereats.com/boston/food-delivery/dunkin-305-mishawum-rd/8Qh3NPE_TtCGF9SPUxGQNQ,peabody-massachusetts
https://www.ubereats.com/boston/food-delivery/beijing-restaurant-chinese-cuisine-%E5%8C%97%E4%BA%AC/73T32_0QR1ikjOWdPo1YzA,peabody-massachusetts
https://www.ubereats.com/boston/food-delivery/jc-grill-%26-pizza/IqVnSRrXSAmB36O0cuQJ6w,peabody-massachusetts
https://www.ubereats.com/boston/food-delivery/dinas-roast-beef-%26-seafood/3JWDAzymSvKA-d7vcyLDBQ,peabody-massachusetts
https://www.ubereats.com/boston/food-delivery/mexicali-mexican-grill-swampscott/i-FESUpMTCC2EJbzNYLAMQ,peabody-massachusetts
https://www.ubereats.com/boston/food-delivery/oyes-restaurant-%26-bar/H1LELrCwSb2fEKWLXSz3Mw,peabody-massachusetts
https://www.ubereats.com/boston/food-delivery/chi-modern-asian-cuisine/X9O4vbviSWiJc9EC_h8INw,peabody-massachusetts
https://www.ubereats.com/boston/food-delivery/caribe-restaurante-peabody/8CsoG2GLSi2w9LpCANAXBw,peabody-massachusetts
https://www.ubereats.com/boston/food-delivery/alma-fusion-restaurant/3iEM_XDIREWwAPuvjRsd5A,peabody-massachusetts
https://www.ubereats.com/boston/food-delivery/the-wardhurst-restaurant/5OesHw6lRo2FXvUBHVGRIA,peabody-massachusetts
https://www.ubereats.com/boston/food-delivery/tgi-fridays-652-boston-danvers-ma/2iPAHOwBRPOxwypVaMQkhA,peabody-massachusetts
https://www.ubereats.com/boston/food-delivery/grecian-diner/IdjN4rcnRi6nfoPdgGWKRw,peabody-massachusetts
https://www.ubereats.com/boston/food-delivery/taco-bell-267-highland-ave/90X9UYRiTrOjPM6x6pTI6w,peabody-massachusetts
https://www.ubereats.com/boston/food-delivery/nguyens-vietnamese-cuisine-%26-sushi-bar/JqWMpvTJR-q-x-XE_G1iLg,peabody-massachusetts
https://www.ubereats.com/boston/food-delivery/omega-pizza-roast-beef/lnNdM1aZSQWqrhdVuJvd0w,peabody-massachusetts
https://www.ubereats.com/boston/food-delivery/giovannis-seafood-and-roastbeef/OY3B7kpFQGWdu9kZawvqGA,peabody-massachusetts
https://www.ubereats.com/boston/food-delivery/colombos-pizza/G3sH8R3fQb-QwgfdRPxq3A,peabody-massachusetts
https://www.ubereats.com/boston/food-delivery/wendys-116-boston-st/NyMR6ZXlQN-wwDUCePb2wg,peabody-massachusetts
https://www.ubereats.com/boston/food-delivery/burger-king-197-main-street/2DcVlFS4QTe-RZJl2D4RJw,peabody-massachusetts
https://www.ubereats.com/boston/food-delivery/endicott-grille/WXFAF0wCQF2mOIoQ--PQOQ,peabody-massachusetts
https://www.ubereats.com/boston/food-delivery/big-pig-barbecue/_N5SCIuNT7S_Pobtwddcig,peabody-massachusetts
https://www.ubereats.com/boston/food-delivery/blu-karma/ALewg1MiTzCLYQjLaz9dYQ,peabody-massachusetts
https://www.ubereats.com/boston/food-delivery/hometown-pizza/9mtLcbGcQBSZZ3DHO8jB2w,peabody-massachusetts
https://www.ubereats.com/boston/food-delivery/good-lickin/SMkBlJthSKOOcED_ESKZKQ,peabody-massachusetts
https://www.ubereats.com/boston/food-delivery/toppsalad/ISclvyjtTDaHvSegPl9Uhw,peabody-massachusetts
https://www.ubereats.com/boston/food-delivery/wendys-69-newbury-street/mVB2Tmq-TM6sHFbXfbJvlA,peabody-massachusetts
https://www.ubereats.com/boston/food-delivery/ilsa-cakes/MPPEUqFcS_iMUwUukgb1Fg,peabody-massachusetts
https://www.ubereats.com/boston/food-delivery/papa-ginos-103-main-street/6lEBRuiaSZqnSpeOm6_Mew,peabody-massachusetts
https://www.ubereats.com/boston/food-delivery/pho-minh-ky/keJ67S05R1Olp7DqdcnGiw,peabody-massachusetts
https://www.ubereats.com/boston/food-delivery/santoros-of-peabody/eGXJe7grQ3m-SZbqf1YBSA,peabody-massachusetts
https://www.ubereats.com/boston/food-delivery/fountain-place/UU6QGANEQD6ka5hlMWsItg,peabody-massachusetts
https://www.ubereats.com/boston/food-delivery/dunkin-6-washington-st/c1WvcV7mTIeoNY4gZ2HTGw,peabody-massachusetts
https://www.ubereats.com/boston/food-delivery/the-ice-cream-shop/hA4MyAluRZm4MONfeUtuSA,peabody-massachusetts
https://www.ubereats.com/boston/food-delivery/starbucks-saugus-route-1-southbound/2OlIQTtOSIWHzMLVxliP3Q,peabody-massachusetts
https://www.ubereats.com/boston/food-delivery/daily-harvest-cafe/4zuWUFStQvu1Tti2KwIIzw,peabody-massachusetts
https://www.ubereats.com/boston/food-delivery/starbucks-marblehead/NaRl3uvUTjS-dvuWrYjnHg,peabody-massachusetts
https://www.ubereats.com/boston/food-delivery/latin-healthy-corner/3Y6bsXCzQJyY6h_nkcWFpA,peabody-massachusetts
https://www.ubereats.com/boston/food-delivery/bertuccis-swampscott/MfdtHJuMRje0WPQj4xhPeQ,peabody-massachusetts
https://www.ubereats.com/boston/food-delivery/anthonys-coal-fired-pizza-reading/UeAxqx1aTaGVvCucLwD7sw,peabody-massachusetts
https://www.ubereats.com/boston/food-delivery/qdoba-229-andover-st/9Gy7FJK9T66HiTvRUtCiWg,peabody-massachusetts
https://www.ubereats.com/boston/food-delivery/kokeshi/JLxJv4-yTmOxwCWpKHMSZA,peabody-massachusetts
https://www.ubereats.com/boston/food-delivery/panera-100-independence-way/wmTAzSsoSvu32s5ly5QnLw,peabody-massachusetts
https://www.ubereats.com/boston/food-delivery/the-ice-cream-shop/m2Q_5uDjR6-Tza1z2HYnzQ,peabody-massachusetts
https://www.ubereats.com/boston/food-delivery/sunrise-pizza-and-roast-beef-of-peabody/4Hns-TnOTLu_ieVs6q2fEQ,peabody-massachusetts
https://www.ubereats.com/boston/food-delivery/kfc-421-broadway%3B-rt-1/sJunks5SSdei5I-QLo-4fw,peabody-massachusetts
https://www.ubereats.com/boston/food-delivery/mexicali-mexican-grill-danvers/2LzGXbNeTGeaQB1HpwKDcw,peabody-massachusetts
https://www.ubereats.com/boston/food-delivery/sinas-kabob-house/fmom_BDeR5-2kSHt8vU4YQ,peabody-massachusetts
https://www.ubereats.com/boston/food-delivery/wing-squad-reading/O3n2YbfoT2OWGXC2J2hQdQ,peabody-massachusetts
https://www.ubereats.com/boston/food-delivery/gulu-gulu-cafe/2jE_D31ZQTCf1YPSTBxzGQ,peabody-massachusetts
https://www.ubereats.com/boston/food-delivery/flying-saucer-pizza-company/HEEByVfsTtSX71YdEZLOFg,peabody-massachusetts
https://www.ubereats.com/boston/food-delivery/massimo-ristorante/i5X1ITWYR-y6DOj9JcTrSw,peabody-massachusetts
https://www.ubereats.com/boston/food-delivery/chezcasa/cGu2xaQ2Rl-LJ7BLNiHS1g,peabody-massachusetts
https://www.ubereats.com/boston/food-delivery/rite-spice-caribbean/73ezgTN2Rquo0sa4jx2xRQ,peabody-massachusetts
https://www.ubereats.com/boston/food-delivery/salem-green-tomato/cMCx6B8sTb2E37nus80uEw,peabody-massachusetts
https://www.ubereats.com/boston/food-delivery/stellas-pizza-%26-roast-beef/QQy6GKKqSiOy3VxgScoPcQ,peabody-massachusetts
https://www.ubereats.com/boston/food-delivery/big-birds-fried-chicken/F1W0NVZeRkmQKqaKp5BsMQ,peabody-massachusetts
https://www.ubereats.com/boston/food-delivery/starbucks-swampscott-mall/hWIVTZTnTle85vc3l9vR9A,peabody-massachusetts
https://www.ubereats.com/boston/food-delivery/dunkin-152-washington-st/hAcldF63RDuG3JP8Fo8vyA,peabody-massachusetts
https://www.ubereats.com/boston/food-delivery/dunkin-31-bridge-st/8cjpUVQ2She2Zz1NNBvxWQ,peabody-massachusetts
https://www.ubereats.com/boston/food-delivery/chipotle-mexican-grill-55-dodge-st/hOTBisW9TRSgwYra6MggRw,peabody-massachusetts
https://www.ubereats.com/boston/food-delivery/burger-king-108-boston-street/NGcTUkVKSM2bUA0uFteq5Q,peabody-massachusetts
https://www.ubereats.com/boston/food-delivery/edible-arrangements-919-lynnfield-st/G2qx3NdnTd6Mr0YyolyvlQ,peabody-massachusetts
https://www.ubereats.com/boston/food-delivery/yopassion/z6pqHqRBQMq0ajzN6MH4fw,peabody-massachusetts
https://www.ubereats.com/boston/food-delivery/charm-thai/iJIdGERzQlSbRLQflWc78g,peabody-massachusetts
https://www.ubereats.com/boston/food-delivery/dunkin-241-maple-st/uvwEDVOBQ8atxMnHOK7mjw,peabody-massachusetts
https://www.ubereats.com/boston/food-delivery/honey-dew-donuts-140-canal-street/xQuxfEKKQ6eZCcxWkdRtwA,peabody-massachusetts
https://www.ubereats.com/boston/food-delivery/essexs-ny-pizza/RdxOBVUWTjaVUpJP0-76tQ,peabody-massachusetts
https://www.ubereats.com/boston/food-delivery/i-love-milkshakes/kYuoN0HpRI2R0c2dx5SEqw,peabody-massachusetts
https://www.ubereats.com/boston/food-delivery/antojitos-chapines-restaurant/nLnq2Ll1SWmfCHbONe5VUQ,peabody-massachusetts
https://www.ubereats.com/boston/food-delivery/mcdonalds-135-andover-st/m9atRdZ7Ta213Iaq3Zv74g,peabody-massachusetts
https://www.ubereats.com/boston/food-delivery/starbucks-peabody/ap9cEC_hQ02ZW8YF6j750A,peabody-massachusetts
https://www.ubereats.com/boston/food-delivery/dunkin-79-lynnfield-st/4ovOhcABTjaRakhXsulX6w,peabody-massachusetts
https://www.ubereats.com/boston/food-delivery/phuket-thai-restaurant/WK4VnAxmQLSHFbDaK2VMeA,peabody-massachusetts
https://www.ubereats.com/boston/food-delivery/polcaris-saugus/RATXrn7OTwW4fnpGIJTb_w,peabody-massachusetts
https://www.ubereats.com/boston/food-delivery/subway-707-western-ave/MLmKEVAkSICUihkLpz0MMQ,peabody-massachusetts
https://www.ubereats.com/boston/food-delivery/mcdonalds-230-elliott-st/uVjnM302QjiwFL4P4timRw,peabody-massachusetts
https://www.ubereats.com/boston/food-delivery/brothers-restaurant-%26-deli/F9IOd44ZSSGKuyAP63UvmQ,peabody-massachusetts
https://www.ubereats.com/boston/food-delivery/bertuccis-andover/oxJuhJ1ZSLSaRAgMJSaFxg,peabody-massachusetts
https://www.ubereats.com/boston/food-delivery/buffalo-wild-wings-100-independence-way/3-rK5AZBSkOmFmZ5P_v1Jg,peabody-massachusetts
https://www.ubereats.com/boston/food-delivery/panchos-cantina/nfxVmf4DTA2CtU00bU6vEg,peabody-massachusetts
https://www.ubereats.com/boston/food-delivery/mcdonalds-127-broadway/ZDAHv6fiThKaUW-xRCDRdw,peabody-massachusetts
https://www.ubereats.com/boston/food-delivery/kennedy-fried-chicken/6bQ-HJhkRt2WTCAMnK87BQ,peabody-massachusetts
https://www.ubereats.com/boston/food-delivery/bistros/KnAab8zpSJC_5AERyYILxw,peabody-massachusetts
https://www.ubereats.com/boston/food-delivery/the-little-depot-diner/r0ppvoKxQF6KQccKVtbj5Q,peabody-massachusetts
https://www.ubereats.com/boston/food-delivery/chipotle-mexican-grill-46-walkers-brook-dr/XnTxTVzZQFGF9loMsqkKaA,peabody-massachusetts
https://www.ubereats.com/boston/food-delivery/organic-garden-cafe/lGhHnYFqTEyXV9sCCew_rw,peabody-massachusetts
https://www.ubereats.com/boston/food-delivery/king-crab/XqzXr92XTwuCm4yuaGY96Q,peabody-massachusetts
https://www.ubereats.com/boston/food-delivery/the-ice-cream-shop/urTg9RWUTXSeOm_gfj6gwQ,peabody-massachusetts
https://www.ubereats.com/boston/food-delivery/santorini/G6zh0V-xQGmN03XW_0agEA,peabody-massachusetts
https://www.ubereats.com/boston/food-delivery/kushala-sip-coffee-house/aR9fXRsWTa-S5Y86EePROQ,peabody-massachusetts
https://www.ubereats.com/boston/food-delivery/boloco-lynnfield/9uYriUIAQuyOU9mqFmOv9Q,peabody-massachusetts
https://www.ubereats.com/boston/food-delivery/namaste-nepali-and-indian-cuisine/A_fHmKmmTAC8Pn3R67hMEQ,peabody-massachusetts
https://www.ubereats.com/boston/food-delivery/subway-55-brooksby-village-way/V9UivIQnTiGaA4SyHiAX-Q,peabody-massachusetts
https://www.ubereats.com/boston/food-delivery/alfredos-italian-kitchen/2h4SEXUTTcG1Ns9jNAbd7g,peabody-massachusetts
https://www.ubereats.com/boston/food-delivery/jersey-mikes-subs-425-paradise-rd/FfxXjntzTcebbPa9WSOVbQ,peabody-massachusetts
https://www.ubereats.com/boston/food-delivery/honey-dew-donuts-danvers/Dnf4E1J9SuC_XDHT12vsZQ,peabody-massachusetts
https://www.ubereats.com/boston/food-delivery/jersey-mikes-subs-55-dodge-street/N0HAyz6DS9GfLu0b_UwFJg,peabody-massachusetts
https://www.ubereats.com/boston/food-delivery/boston-burger-company/P2EYqFMXRD2yMxuDHUiVrw,peabody-massachusetts
https://www.ubereats.com/boston/food-delivery/dunkin-632-main-st/okODrqSCTnitgbqW3o5RUw,peabody-massachusetts
https://www.ubereats.com/boston/food-delivery/the-nexmex-thing/JeF8GZblTk-f1ixT-xkqgQ,peabody-massachusetts
https://www.ubereats.com/boston/food-delivery/berry-tavern/hm7AAwi_QN6mA9971-WrmQ,peabody-massachusetts
https://www.ubereats.com/boston/food-delivery/the-juicery-salem/-R73tT36Qhi22XrZTYsmMw,peabody-massachusetts
https://www.ubereats.com/boston/food-delivery/charleys-philly-steaks-northshore-mall/0V2zV-SIQOizQpTfmDayNw,peabody-massachusetts
https://www.ubereats.com/boston/food-delivery/uncommon-feasts/6iZgkiYTSZOMi-GbIcBHkQ,peabody-massachusetts
https://www.ubereats.com/boston/food-delivery/wendys-188-endicott-st/epLpKaJfSbK1CDLNNZM7Kw,peabody-massachusetts
https://www.ubereats.com/boston/food-delivery/supreme-pizza/BM4oxnkwRpOZ32cEkWHFNw,peabody-massachusetts
https://www.ubereats.com/boston/food-delivery/starbucks-beverly-enon-st/sJza6fU_S5WkgajinHph-A,peabody-massachusetts
https://www.ubereats.com/boston/food-delivery/boston-market-168-broadway/L5ba157bQOWCZ6SRPQdxvg,peabody-massachusetts
https://www.ubereats.com/boston/food-delivery/dunkin-162-washington-st/o3eqd_xpSm-3QYdEDRWOyw,peabody-massachusetts
https://www.ubereats.com/boston/food-delivery/amigos-mexican-kitchen-%26-tequila-bar/KLc68QIjTVOPiCXPPSHblg,peabody-massachusetts
https://www.ubereats.com/boston/food-delivery/the-gingerbread-construction-co/YdBD9z6LRm2EU5QR-yIbhg,peabody-massachusetts
https://www.ubereats.com/boston/food-delivery/california-pizza-kitchen-1150-market-st/Lm597pRdQQmOMz-Kj18Eeg,peabody-massachusetts
https://www.ubereats.com/boston/food-delivery/five-guys-ma-0428-980-paradise-rd/psw4fthIQimBSnlnXJ80NA,peabody-massachusetts
https://www.ubereats.com/boston/food-delivery/leaf-and-ginger/D1AAITH2QN2mFH5KiOY-Nw,peabody-massachusetts
https://www.ubereats.com/boston/food-delivery/doeys/jywRwFfiR3ut0TsTELykaQ,peabody-massachusetts
https://www.ubereats.com/boston/food-delivery/dunkin-248-highland-ave/93nEcF5CTAyNlJTi_Qlkfg,peabody-massachusetts
https://www.ubereats.com/boston/food-delivery/mission-on-the-bay/a5d8KdIzTl-GKLgEbFP79g,peabody-massachusetts
https://www.ubereats.com/boston/food-delivery/casa-antigua/D0rss5wgT3uSwUltoWKC7A,peabody-massachusetts
https://www.ubereats.com/boston/food-delivery/blue-moon-grill/2GhWq_ZVQFWt2fuA5b2TtA,peabody-massachusetts
https://www.ubereats.com/boston/food-delivery/avana-sushi-iii/CYtYIXdoTY6-I31Zh_VMNg,peabody-massachusetts
https://www.ubereats.com/boston/food-delivery/dunkin-260-s-main-st/RHC6oryoS6Kwqxqydq891Q,peabody-massachusetts
https://www.ubereats.com/boston/food-delivery/life-alive-salem/eV_PYRgcTYi4JauyWeQ2pQ,peabody-massachusetts
https://www.ubereats.com/boston/food-delivery/the-lazy-llama-cafe/czHmi8Y9TvGXj4bEJeI7RA,peabody-massachusetts
https://www.ubereats.com/boston/food-delivery/acapulcos-mexican-restaurant/6k8rN4zgRYKjVqRXQEe7ig,peabody-massachusetts
https://www.ubereats.com/boston/food-delivery/cibo-cafe-%26-bistro/K6nBVwFWSd-hdVyfwG5vMQ,peabody-massachusetts
https://www.ubereats.com/boston/food-delivery/sakura-organic/1X7nbPYhS9m57ncpQ3qFMg,peabody-massachusetts
https://www.ubereats.com/boston/food-delivery/deliworks-%26-pizzeria/PPM-K7pvTZyHDDRQY-RZjA,peabody-massachusetts
https://www.ubereats.com/boston/food-delivery/biltmore-%26-main/UxraCTfiTAauvHfUi0zQcA,peabody-massachusetts
https://www.ubereats.com/boston/food-delivery/wahlburgers-lynnfield/OqQ91EfOSF6gmd3gDm4m4g,peabody-massachusetts
https://www.ubereats.com/boston/food-delivery/lynnfield-house-of-pizza/t_UtZplGQNeQCO-TS2uW1w,peabody-massachusetts
https://www.ubereats.com/boston/food-delivery/dragon-island/s9x4qlxwSCOAhQ4pT4UamA,peabody-massachusetts
https://www.ubereats.com/boston/food-delivery/juan-parrilla-bar-%26-grill/vMhWxn9UTY2Z_QJVE8pOdg,peabody-massachusetts
https://www.ubereats.com/boston/food-delivery/edible-arrangements-637-lowell-street/isw34GO0Som6mhXr9gk1kQ,peabody-massachusetts
https://www.ubereats.com/boston/food-delivery/regina-pizzeria-liberty-tree-mall/7qQg3wfATwCghdKPcypGAw,peabody-massachusetts
https://www.ubereats.com/boston/food-delivery/faunts-pizza-and-subs/zE1jtUtDQMifPLaFB6s_vQ,peabody-massachusetts
https://www.ubereats.com/boston/food-delivery/el-cibaeno-restaurant/DD8EE4IbTw6oo8l7ZJIRVQ,peabody-massachusetts
https://www.ubereats.com/boston/food-delivery/early-harvest-diner-wakefield/UY71qCI8T1aGzEjOSCLYmg,peabody-massachusetts
https://www.ubereats.com/boston/food-delivery/fresh-smoothies-danvers/ZEuFPzoaT12IdLzQxBji9Q,peabody-massachusetts
https://www.ubereats.com/boston/food-delivery/sidelines-sportsbar-%26-grill/evOWMYv5TRal9lruu_x2uw,peabody-massachusetts
https://www.ubereats.com/boston/food-delivery/evans-deli/TY2L_8o4TDy-02IdZa2UhA,peabody-massachusetts
https://www.ubereats.com/boston/food-delivery/teresas-italian-eatery/FJI_U50BQ3S17r4GHBON1Q,peabody-massachusetts
https://www.ubereats.com/boston/food-delivery/los-chamos-cuisine/iorjtM0NRgaN2XlC307FDQ,peabody-massachusetts
https://www.ubereats.com/boston/food-delivery/warrior-thai-kitchen/H-7AHvAUQKu__py-CC5BYw,peabody-massachusetts
https://www.ubereats.com/boston/food-delivery/dunkin-68-boston-st/rDJyAqeUTTON2_DpFLkpbQ,peabody-massachusetts
https://www.ubereats.com/boston/food-delivery/zucca-italian-restaurant/8RnG7WXXRQWrNjHSLTRBMQ,peabody-massachusetts
https://www.ubereats.com/boston/food-delivery/burger-king-184-endicott-street/7Ym9oROaRxmIzn5jnB0QWg,peabody-massachusetts
https://www.ubereats.com/boston/food-delivery/blue-fin/M6kmRmzUTTSVgx7gX_h7_w,peabody-massachusetts
https://www.ubereats.com/boston/food-delivery/five-guys-ma-1487-227-andover-st/npPKs8IYT2u13SvZLSZDBw,peabody-massachusetts
https://www.ubereats.com/boston/food-delivery/popeyes-180-boston-street/6e9yFosFRq-yA_7NdPtbww,peabody-massachusetts
https://www.ubereats.com/boston/food-delivery/royal-roast-beef-and-seafood/yQfVI8AjSkmSftUHP5lfpw,peabody-massachusetts
https://www.ubereats.com/boston/food-delivery/taqueria-y-pupuseria-mi-ranchito/xSOXrI68SBOX1OxyRJElSQ,peabody-massachusetts
https://www.ubereats.com/boston/food-delivery/dascolis-pizza/AtVjcvkNQuG67ULCAD5PUQ,peabody-massachusetts
https://www.ubereats.com/boston/food-delivery/subway-119-125-canal-st/pk9J3aYhS4ag70P_gTK46A,peabody-massachusetts
https://www.ubereats.com/boston/food-delivery/jay-square/xZQgK__mTZO6MbWkGTIMrg,peabody-massachusetts
https://www.ubereats.com/boston/food-delivery/d-empanadas/CfWIwrCDTD6mijAeTdzzBw,peabody-massachusetts
https://www.ubereats.com/boston/food-delivery/honeybaked-ham-405-broadway-rte-1-south/O5HVDKwzTmydqCI-19m42A,peabody-massachusetts
https://www.ubereats.com/boston/food-delivery/dunkin-153-endicott-st/8qnmvkvkSfSbKhw5rYeClw,peabody-massachusetts
https://www.ubereats.com/boston/food-delivery/bertuccis-peabody/GKvUjanWRfeYS7Z52Af_Dw,peabody-massachusetts
https://www.ubereats.com/boston/food-delivery/outback-steakhouse-300-andover-street/xBA_E8bRTpmNyqCjx3OOKA,peabody-massachusetts
https://www.ubereats.com/boston/food-delivery/dunkin-161-pleasant-st/X__2NDzUT16R2eoNamvwQg,peabody-massachusetts
https://www.ubereats.com/boston/food-delivery/just-in-time-cafe/_Ye3XgfsRoKUakMvyNymlw,peabody-massachusetts
https://www.ubereats.com/boston/food-delivery/tasty-subs/-9HDvLptSaeJ-_uNT6guDA,peabody-massachusetts
https://www.ubereats.com/boston/food-delivery/zinnekens-waffles-at-marketstreet/3Uo8hivqTPOKAMYGmATn-Q,peabody-massachusetts
https://www.ubereats.com/boston/food-delivery/bread-dreams/mYVjy2y9Q_6nJL8TMBDu4w,peabody-massachusetts
https://www.ubereats.com/boston/food-delivery/petes-pizza/1x69c8OcTE6PkueacWgcBA,peabody-massachusetts
https://www.ubereats.com/boston/food-delivery/dunkin-79-andover-st/kxp17zElQWa7pZ6wdt2nvQ,peabody-massachusetts
https://www.ubereats.com/boston/food-delivery/uno-pizzeria-%26-grill-%23252/xRSsAKOSSTClIhWgf7l5xA,peabody-massachusetts
https://www.ubereats.com/boston/food-delivery/dcaribe-resturant/8PfCbe-8RAKS-aTr_bqV0w,peabody-massachusetts
https://www.ubereats.com/boston/food-delivery/lolo-poke-beverly/L8AGeZgJRByA39vh6NPW5w,peabody-massachusetts
https://www.ubereats.com/boston/food-delivery/buffalo-wild-wings-180-main-st/xIUa4hKDTLutw_FN6I6ZGw,peabody-massachusetts
https://www.ubereats.com/boston/food-delivery/subway-200b-main-st/s_3laBKsSV6yvCNEEMvBug,peabody-massachusetts
https://www.ubereats.com/boston/food-delivery/starbucks-salem-dodge-street/1Y_WfuvnRDu-ypTmjiHaHg,peabody-massachusetts
https://www.ubereats.com/boston/food-delivery/the-peabody-diner/-HieyR9bSJ6NH5wugKp34Q,peabody-massachusetts
https://www.ubereats.com/boston/food-delivery/orange-leaf-frozen-yogurt-124-broadway-suite-b/RMsldvoyQ3mnyDoaw16YdQ,peabody-massachusetts
https://www.ubereats.com/boston/food-delivery/oliveiras-express-peabody/M3vr1-PLRAG09aV-5fRJgg,peabody-massachusetts
https://www.ubereats.com/boston/food-delivery/casa-corona/At9ZS_EVQB29g8gbhiflLg,peabody-massachusetts
https://www.ubereats.com/boston/food-delivery/brothers-breakfast/ajjq_NlNT-iSWTM5LJmrNg,peabody-massachusetts
https://www.ubereats.com/boston/food-delivery/the-ice-cream-shop/ZfnX6ggeRJ6WqIhjtwwXYg,peabody-massachusetts
https://www.ubereats.com/boston/food-delivery/starbucks-beverly-242-elliott-st/2MYHFFkJRgCLjwgusHc4_w,peabody-massachusetts
https://www.ubereats.com/boston/food-delivery/longboards-restaurant-%26-bar/97iL4ixOQVKDvSajKmjrTg,peabody-massachusetts
https://www.ubereats.com/boston/food-delivery/starbucks-market-street-at-lynnfield/7wJyOboJSgeWbz7frSKoQQ,peabody-massachusetts
https://www.ubereats.com/boston/food-delivery/early-harvest-diner-beverly/Qv9Zm17gRNygc3RPAX7B4g,peabody-massachusetts
https://www.ubereats.com/boston/food-delivery/dunkin-577-walnut-st/4XL9DbTySX6klNn-1684Qw,peabody-massachusetts
https://www.ubereats.com/boston/food-delivery/demainos-restaurant/pU6BarcVR6KyClJnmVVZTQ,peabody-massachusetts
https://www.ubereats.com/boston/food-delivery/mcdonalds-60-boston-st/RnWIJK6SS7uXDPdYp3DRjA,peabody-massachusetts
https://www.ubereats.com/boston/food-delivery/back-east-grill/540ktRdlTnqtESpLnPOPyg,peabody-massachusetts
https://www.ubereats.com/boston/food-delivery/rf-osullivans/DpVy4WbQQ9KnLoG3Vc36ww,peabody-massachusetts
https://www.ubereats.com/boston/food-delivery/krispy-krunchy-chicken-59-loring-ave/zGlJVJ2fT4GeMOB1Xp5i_A,peabody-massachusetts
https://www.ubereats.com/boston/food-delivery/subway-100-independence-way/vCg3xH7HQmKMM_1_nIzBnw,peabody-massachusetts
https://www.ubereats.com/boston/food-delivery/pollo-campero-lynn-state-st/BRoUg2EXR0-IvCdPKBb_Zg,peabody-massachusetts
https://www.ubereats.com/boston/food-delivery/toscana-bar-italiano/d3rKenbDTp2uq50shYSjEQ,peabody-massachusetts
https://www.ubereats.com/boston/food-delivery/sweet/sNnJhUGGSH-GnGXJ7H9etw,peabody-massachusetts
https://www.ubereats.com/boston/food-delivery/misono-japanese-steakhouse-and-sushi-bar/KVWsfB_VRi-woplEwjCPAA,peabody-massachusetts
https://www.ubereats.com/boston/food-delivery/mcdonalds-567-lynnway/317Eqt4QRy-n1ZG2_T0vfQ,peabody-massachusetts
https://www.ubereats.com/boston/food-delivery/starbucks-reading-route-28/bYDEvykPQrqlgG0kJWumWQ,peabody-massachusetts
https://www.ubereats.com/boston/food-delivery/mcdonalds-150-canal-st/aOsAMJPpR5aV6peFc5ZwVg,peabody-massachusetts
https://www.ubereats.com/boston/food-delivery/antique-table-restaurant/QOvytmuzRRunqaf6u1banA,peabody-massachusetts
https://www.ubereats.com/boston/food-delivery/keepin-it-smoothie/5gUn9iaOSiGNqEOz0DuqoQ,peabody-massachusetts
https://www.ubereats.com/boston/food-delivery/jacks-subs-%26-takeout/aS8eURkvSjiyfSfHp-ggrQ,peabody-massachusetts
https://www.ubereats.com/boston/food-delivery/salad-house/lte6uO8hQOu-WoVoxFZdsQ,peabody-massachusetts
https://www.ubereats.com/boston/food-delivery/dunkin-160-andover-street/eDI-V1EiTgyfeijAwv1iLQ,peabody-massachusetts
https://www.ubereats.com/boston/food-delivery/wing-squad-beverly/Y5mkzQeARsuTfySY2FdX3w,peabody-massachusetts
https://www.ubereats.com/boston/food-delivery/omelette-factory/gXqjPSK3QGObuDhJY567MA,peabody-massachusetts
https://www.ubereats.com/boston/food-delivery/jaho-coffee-%26-tea-salem/svhiqFgzRVOlxhXrcxlEWw,peabody-massachusetts
https://www.ubereats.com/boston/food-delivery/temazcal-tequila-cantina-lynnfield/Ui8hKPz_SB2ixLdy0B_gYA,peabody-massachusetts
https://www.ubereats.com/boston/food-delivery/dunkin-105-north-st-citgo-gas-station/1xptvl_NSvW8yBvOfMvwOg,peabody-massachusetts
https://www.ubereats.com/boston/food-delivery/la-qchara/iwEyqpvkT2yGX6p5ei-YQw,peabody-massachusetts
