url,city
https://www.ubereats.com/pittsburgh/food-delivery/pizza-forever/F-5yAW0vTrawFL2k-KCy2w,pittsburgh
https://www.ubereats.com/pittsburgh/food-delivery/fudge-farm-waterfront/amF8xhVSQl2-1LXwo4OqXw,pittsburgh
https://www.ubereats.com/pittsburgh/food-delivery/pizza-romano-pittsburgh/GSTh_7WdT86-V3Kz8aSfCw,pittsburgh
https://www.ubereats.com/pittsburgh/food-delivery/zen-restaurant-sushi-bar/s8zQ59q_SvuDvPZ0qiIeTg,pittsburgh
https://www.ubereats.com/pittsburgh/food-delivery/cole-cafe/-czKYG03Q0-FKICCi7JMlA,pittsburgh
https://www.ubereats.com/pittsburgh/food-delivery/villa-reale-pizzeria-%26-restaurant/1YR6dEOSTa2D9MEBLOzc5Q,pittsburgh
https://www.ubereats.com/pittsburgh/food-delivery/fat-angelos-pizzeria/tkCZFpvsRWGMjgiPkS61zg,pittsburgh
https://www.ubereats.com/pittsburgh/food-delivery/burgatory-the-pointe/E_DRIguuTKaXLZuxD3w90Q,pittsburgh
https://www.ubereats.com/pittsburgh/food-delivery/crafted-north/MRbxRu4sSKyHCtdjyezTWw,pittsburgh
https://www.ubereats.com/pittsburgh/food-delivery/leons-caribbean-restaurant/zuupQUX7RFOrX1_A23ZMbQ,pittsburgh
https://www.ubereats.com/pittsburgh/food-delivery/five-guys-pa-1798-160-millers-run-rd/1Eea56d8QKGdmxbug9Sv3w,pittsburgh
https://www.ubereats.com/pittsburgh/food-delivery/frio-creamery/3EY4iI6AQJa3k6BqW64s5w,pittsburgh
https://www.ubereats.com/pittsburgh/food-delivery/pizza-care/SNBiIMLDS-KwyJCqMpan_A,pittsburgh
https://www.ubereats.com/pittsburgh/food-delivery/kavsar-halal-restaurant/jPZjrFqIR-CvDwvLhYsoKg,pittsburgh
https://www.ubereats.com/pittsburgh/food-delivery/taco-del-campus/BKMmLbxNSsWzrsYbYbPXjA,pittsburgh
https://www.ubereats.com/pittsburgh/food-delivery/ihop-4656-browns-hill-rd/9-Bo_LvjQHego_nHf-btuA,pittsburgh
https://www.ubereats.com/pittsburgh/food-delivery/little-asia-oakland/osAMzqAaSSSOQJhSz5-prw,pittsburgh
https://www.ubereats.com/pittsburgh/food-delivery/bar-botanico/jQRukSJ_STKSSGm_oEx92w,pittsburgh
https://www.ubereats.com/pittsburgh/food-delivery/subway-995-greensburg-pike/CR7_YkF9Tr6qkFPW1xtd8g,pittsburgh
https://www.ubereats.com/pittsburgh/food-delivery/j-goughs-tavern/sF5HSoK5SqGTKnTYTfeZDA,pittsburgh
https://www.ubereats.com/pittsburgh/food-delivery/breakfast-at-shellys/aTK1LZtDQVmh_gLpNM8Xjg,pittsburgh
https://www.ubereats.com/pittsburgh/food-delivery/cafe-liminal/gslCX3iOQMqJaN-YMW8h4g,pittsburgh
https://www.ubereats.com/pittsburgh/food-delivery/wendys-7317-mcknight-road/0doCekHESJ-REzVhQzy4LA,pittsburgh
https://www.ubereats.com/pittsburgh/food-delivery/bravo-250-w-bridge-street/_NTV97N1SFaAZYbBFYSEnw,pittsburgh
https://www.ubereats.com/pittsburgh/food-delivery/primanti-brothers-oakland-forbes-ave/xNHG9eyuTYGkJrCaMpq71A,pittsburgh
https://www.ubereats.com/pittsburgh/food-delivery/big-shot-bobs-house-of-wingsmckeesport/XXiJoP4nRk6BBxF7GMnDYA,pittsburgh
https://www.ubereats.com/pittsburgh/food-delivery/dennys-2200-lebanon-church-road/dc-8fKsHTZmFdDxNjC2IsQ,pittsburgh
https://www.ubereats.com/pittsburgh/food-delivery/arbys-2040-lebanon-church-rd/Co3l_xeFQOeybtLtR_8KUg,pittsburgh
https://www.ubereats.com/pittsburgh/food-delivery/starbucks-forbes-%26-atwood/XmVEWnNbQSaa7jtsfB1o2A,pittsburgh
https://www.ubereats.com/pittsburgh/food-delivery/caliente-pizza-%26-draft-house-monroeville/VD6pv6HmTyKzmCst2Jew5g,pittsburgh
https://www.ubereats.com/pittsburgh/food-delivery/hofbrauhaus-pittsburgh/dvh8u6eXTXKLD06XUsc4zw,pittsburgh
https://www.ubereats.com/pittsburgh/food-delivery/sincerely-yogurt-1025-washington-pike/VeZjS5uQRCu4FMWgbKB0tw,pittsburgh
https://www.ubereats.com/pittsburgh/food-delivery/primanti-bros-4679-william-fllinn-hwy/N7zlkZurRJeKUSyoviBC-Q,pittsburgh
https://www.ubereats.com/pittsburgh/food-delivery/culture-restaurant-and-lounge/VPCkeW-bQUqHWQTg9ImTqQ,pittsburgh
https://www.ubereats.com/pittsburgh/food-delivery/penn-brewery/O-J3d-1pRReNENMtiyR_aw,pittsburgh
https://www.ubereats.com/pittsburgh/food-delivery/hanini-subs-franklin-ave/THz6needT92E6VIPEGOIBA,pittsburgh
https://www.ubereats.com/pittsburgh/food-delivery/condado-tacos-lawrenceville/KHmqd6JOT0eQ3VdqYw1LoA,pittsburgh
https://www.ubereats.com/pittsburgh/food-delivery/le-thai-cafe/04V_Tf_gT_eX0KgDZHvl0A,pittsburgh
https://www.ubereats.com/pittsburgh/food-delivery/delucas-bakery-deli-%26-subshop/rVDTCTIlQ5yYmFjR83AyAw,pittsburgh
https://www.ubereats.com/pittsburgh/food-delivery/fudge-farm-southside/O62fzWxmRKqtrWpVUVsa8A,pittsburgh
https://www.ubereats.com/pittsburgh/food-delivery/el-burro-dos/_urQklIlTJKy3nh8kL7oXA,pittsburgh
https://www.ubereats.com/pittsburgh/food-delivery/gaby-et-jules-cafe/WRRK3ULQTs-LxMMjxUlZLQ,pittsburgh
https://www.ubereats.com/pittsburgh/food-delivery/panera-202300/cNo6lp6RTtSUttmv_o5pNA,pittsburgh
https://www.ubereats.com/pittsburgh/food-delivery/buffalo-wild-wings-9996-mountain-view-drive/-YG3iL5hQweKwGemjlvfUQ,pittsburgh
https://www.ubereats.com/pittsburgh/food-delivery/prantls-bakery-shadyside/1qGrr_hVSkKgYC3vHJU-9w,pittsburgh
https://www.ubereats.com/pittsburgh/food-delivery/el-campesino-homestead/QPmfptgDS52PxUw4IASXCQ,pittsburgh
https://www.ubereats.com/pittsburgh/food-delivery/bangkok-balcony/-d8LjweOSyWLZXDBsbjTGA,pittsburgh
https://www.ubereats.com/pittsburgh/food-delivery/all-india-veggies/HujpzEOmQc-j3eMENWupwg,pittsburgh
https://www.ubereats.com/pittsburgh/food-delivery/naturoll-creamery/eIPDvfp1T5OZbGnmy4h06Q,pittsburgh
https://www.ubereats.com/pittsburgh/food-delivery/pita-pit-pittsburgh/dZKqMGR_RcKj3lWNvXN5Qw,pittsburgh
https://www.ubereats.com/pittsburgh/food-delivery/fujiya-ramen/f-fBxxElRiOIRVaKrhuqow,pittsburgh
https://www.ubereats.com/pittsburgh/food-delivery/dairy-queen-treat-1039-perry-hwy/S85LnUJjR3mjAUgdqBKHyw,pittsburgh
https://www.ubereats.com/pittsburgh/food-delivery/taco-bell-212-rodi-road/kAIyz7g_R_uYXu921zsn9Q,pittsburgh
https://www.ubereats.com/pittsburgh/food-delivery/bonfire-food-and-drink/pkIorV-nSUi3aMBYq3A9aA,pittsburgh
https://www.ubereats.com/pittsburgh/food-delivery/wood-%26-penn-restaurant/2I7x62ALSAaRzBNiyoGV1g,pittsburgh
https://www.ubereats.com/pittsburgh/food-delivery/friendship-perk-and-brew/42uPQelsToCS7bgRuUMg9w,pittsburgh
https://www.ubereats.com/pittsburgh/food-delivery/chipotle-mexican-grill-211-forbes-ave/QjLoVCCKRHe8gsxn6J6xaw,pittsburgh
https://www.ubereats.com/pittsburgh/food-delivery/the-pub-chip-shop/1X4G9ZGsSpqVgaZAHtdxVw,pittsburgh
https://www.ubereats.com/pittsburgh/food-delivery/mcdonalds-oakland/ePzluB_sTN6F3ZK91MaMGQ,pittsburgh
https://www.ubereats.com/pittsburgh/food-delivery/pizza-di-roma/vgfx_zCISsWAKoGhDTsYSQ,pittsburgh
https://www.ubereats.com/pittsburgh/food-delivery/dukes-rib-house-and-grille/KD3BzYRzSJuR3CBH6qKi7A,pittsburgh
https://www.ubereats.com/pittsburgh/food-delivery/red-robin-307-175-e-waterfront-dr/7qjMur8TTdmusGVhCyB6xA,pittsburgh
https://www.ubereats.com/pittsburgh/food-delivery/mikes-beer-bar/UpkyaIiCQwOg6i36ivI5gw,pittsburgh
https://www.ubereats.com/pittsburgh/food-delivery/primanti-bros-6-anchor-dr/oaTx6cnwSs6q5GFtHWNe2Q,pittsburgh
https://www.ubereats.com/pittsburgh/food-delivery/the-abbey-on-butler-st/Yr0yX6iGRIObZc2kdX5izg,pittsburgh
https://www.ubereats.com/pittsburgh/food-delivery/hook-fish-%26-chicken-5th-ave/_9NBOVi8SmazvUk-slHXOA,pittsburgh
https://www.ubereats.com/pittsburgh/food-delivery/thai-cottage/dn9EMwRoQvmPpMQxf7g6FQ,pittsburgh
https://www.ubereats.com/pittsburgh/food-delivery/ham-n-eggers-diner/PgsIdz2cQiiRO_WCZ9jpwQ,pittsburgh
https://www.ubereats.com/pittsburgh/food-delivery/hook-fish-%26-chicken-north-versailles/8sZU-txlSr2N9rcaK88cvQ,pittsburgh
https://www.ubereats.com/pittsburgh/food-delivery/nobbys-pizzeria-373-vanadium-rd/_hXwSUQTRgmD_8X9ztCc2Q,pittsburgh
https://www.ubereats.com/pittsburgh/food-delivery/sincerely-yogurt-2737-east-carson-street/YpsVivuGToemKwtX3fmOmQ,pittsburgh
https://www.ubereats.com/pittsburgh/food-delivery/foxs-pizza-den-6-bailey-ave/bDMUMTNzQWeUVafhJMBN1Q,pittsburgh
https://www.ubereats.com/pittsburgh/food-delivery/klavons-ice-cream-parlor/bXDwqCO6Qnq2dC8p9K82aw,pittsburgh
https://www.ubereats.com/pittsburgh/food-delivery/the-vault-taproom/ApDetlqaTr-qo4n8XsXlBA,pittsburgh
https://www.ubereats.com/pittsburgh/food-delivery/primanti-brothers-penn-ave/sz7m7JPfRPKRJO7D4K86tg,pittsburgh
https://www.ubereats.com/pittsburgh/food-delivery/alexanders-italian-bistro/sQflS1cST0KBZA-G8TU3KA,pittsburgh
https://www.ubereats.com/pittsburgh/food-delivery/millies-homemade-ice-cream-forbes-ave/DPwIFZpiQrCnMJ7qZ0Fyrg,pittsburgh
https://www.ubereats.com/pittsburgh/food-delivery/shady-grove/yPmij8YlR3-LfoywDwEqRA,pittsburgh
https://www.ubereats.com/pittsburgh/food-delivery/7101-lounge/Z78Zqn8PScmlSIQd0UVYWg,pittsburgh
https://www.ubereats.com/pittsburgh/food-delivery/steel-valley-coffee-roasters/E_8ipQ9-SYK5wptQB3Kvrg,pittsburgh
https://www.ubereats.com/pittsburgh/food-delivery/pitt-pizza-lovers/jGik5L1zREa5YyNjLPilVw,pittsburgh
https://www.ubereats.com/pittsburgh/food-delivery/st-moritz-chocolatier/7E0ljPhHRTuNJMxPS4BjQg,pittsburgh
https://www.ubereats.com/pittsburgh/food-delivery/pork-and-beans/avOzFnHMQr6O2sx7RrqZGA,pittsburgh
https://www.ubereats.com/pittsburgh/food-delivery/deli-on-butler/L7zM7NIlRbuheBENpMBSwA,pittsburgh
https://www.ubereats.com/pittsburgh/food-delivery/steel-city-subs/nxNacx0tTW2066WaZuyvWg,pittsburgh
https://www.ubereats.com/pittsburgh/food-delivery/dunkin-28-market-sq/ZJ7OK24iTmyUqCScoV0YXA,pittsburgh
https://www.ubereats.com/pittsburgh/food-delivery/the-coffee-tree-roasters/j9tXUYM4ROiK0-tzb_9igQ,pittsburgh
https://www.ubereats.com/pittsburgh/food-delivery/v3-flatbread-pizza-11-5th-ave/nEBQswu8TSmJ8tqt0pkkPg,pittsburgh
https://www.ubereats.com/pittsburgh/food-delivery/five-guys-pa-0076-117-s-bouquet-st/5Op4Ej38RnSJQu8GMBZwMQ,pittsburgh
https://www.ubereats.com/pittsburgh/food-delivery/nepali-asian-restaurant/1mYRU8mqRxi8WhHBpxJwZA,pittsburgh
https://www.ubereats.com/pittsburgh/food-delivery/pad-thai-noodle/CgjdHNQuQo2V8taYyzlgnA,pittsburgh
https://www.ubereats.com/pittsburgh/food-delivery/walters-bbq-southern-kitchen/zJY_tea4SwavJpCPxb3CIw,pittsburgh
https://www.ubereats.com/pittsburgh/food-delivery/mcdonalds-e-liberty-station/eFX1xeXbSKyTn6n3Mq7VdQ,pittsburgh
https://www.ubereats.com/pittsburgh/food-delivery/taco-bell-4032-william-penn-hwy/VtAblrQxRPGgoH6dXTEejA,pittsburgh
https://www.ubereats.com/pittsburgh/food-delivery/blaze-pizza-8011-b-mcknight-rd/vUbATTnwSWqA84AOQYzt1g,pittsburgh
https://www.ubereats.com/pittsburgh/food-delivery/papa-johns-pizza-bellevue/wWTGLp2iTrOUy-stD51iQA,pittsburgh
https://www.ubereats.com/pittsburgh/food-delivery/noodles-%26-company-3805-forbes-ave/YQhnmBWUSU2v7PVT3L1Nmg,pittsburgh
https://www.ubereats.com/pittsburgh/food-delivery/dairy-queen-treat-3900-golden-mile-hwy/NMyG3wYSQNKJ6gWMhZOhTw,pittsburgh
https://www.ubereats.com/pittsburgh/food-delivery/wendys-4524-browns-hill-rd/g1veXm0iQSaMdTWdlgSxGQ,pittsburgh
https://www.ubereats.com/pittsburgh/food-delivery/dennys-3980-william-penn-highway/_fJOAZYzTweX5RH8GzAjMA,pittsburgh
https://www.ubereats.com/pittsburgh/food-delivery/brgr-east-liberty/Ors8ceMkQiuhufVJqq1XuA,pittsburgh
https://www.ubereats.com/pittsburgh/food-delivery/silk-elephant/D17LbyXuQjWUptVf1RfX5A,pittsburgh
https://www.ubereats.com/pittsburgh/food-delivery/green-pepper/4i2qERdgSbC5sRelH3437g,pittsburgh
https://www.ubereats.com/pittsburgh/food-delivery/einstein-bros-bagels-4910-baum-blvd/jzH4QXVTQwGwR0lOL5cGCw,pittsburgh
https://www.ubereats.com/pittsburgh/food-delivery/spice-affair/0hYjcGhMQGWH_FyKGy6CNA,pittsburgh
https://www.ubereats.com/pittsburgh/food-delivery/hop-house-green-tree/o3V28RweQl6eTQ-Stxbz_g,pittsburgh
https://www.ubereats.com/pittsburgh/food-delivery/whats-cookin-at-caseys-oakmont-pa/RcbTvEYPSOS2pKt-dgT3PA,pittsburgh
https://www.ubereats.com/pittsburgh/food-delivery/walnut-grill-fox-chapel/Njjc_J4ZT6yn8quLxYnbzQ,pittsburgh
https://www.ubereats.com/pittsburgh/food-delivery/istanbul-grille/WtukBv27STKSn_uog2PSFA,pittsburgh
https://www.ubereats.com/pittsburgh/food-delivery/zarras-restaurant/rQ4kQ2Y0SmqjlMestb00jA,pittsburgh
https://www.ubereats.com/pittsburgh/food-delivery/burger-king-647-649-smithfield-ave/9hUZQ_yvS6eJH0C2dnvAFw,pittsburgh
https://www.ubereats.com/pittsburgh/food-delivery/aladdins-eatery-squirrel-hill/PpU3DRMSSX6hXVzn-eR4Sw,pittsburgh
https://www.ubereats.com/pittsburgh/food-delivery/applebees-6570-rt60-steubenville-pike-%2396006/_zKg-V8dR8KZ57AEWJNH3Q,pittsburgh
https://www.ubereats.com/pittsburgh/food-delivery/sloppy-dogs/_3tetmVwRharwSaYKPp2zw,pittsburgh
https://www.ubereats.com/pittsburgh/food-delivery/pizza-412/S-aZaEw-QHmn2Xl3MBwnSw,pittsburgh
https://www.ubereats.com/pittsburgh/food-delivery/ginos-pizza/PHRKlPOWRxW8W9nzb_keYw,pittsburgh
https://www.ubereats.com/pittsburgh/food-delivery/stuffd-pierogi-bar/my5hdJZiQQaZb_yIJMdiXQ,pittsburgh
https://www.ubereats.com/pittsburgh/food-delivery/honey-baked-ham-4025-william-penn-hwy/Yyd5jhaDQym7WCqA5UM08w,pittsburgh
https://www.ubereats.com/pittsburgh/food-delivery/vocelli-pizza-617-brownsville-road/YH_daioZQpqZBB6qqIjTGw,pittsburgh
https://www.ubereats.com/pittsburgh/food-delivery/boston-market-978-greentree-road/pKFRwpP4TaSO5ijU_CfmsA,pittsburgh
https://www.ubereats.com/pittsburgh/food-delivery/cornbread/MFtUrXD8SYiRIU8SnckbpA,pittsburgh
https://www.ubereats.com/pittsburgh/food-delivery/dibellas-old-fashioned-submarines-6501-steubenville-pike/J3LmeMB0RDmLl6vjCB1BnA,pittsburgh
https://www.ubereats.com/pittsburgh/food-delivery/the-urban-tap-southside/-Xh-afO0SPe5EzYf14mKjQ,pittsburgh
https://www.ubereats.com/pittsburgh/food-delivery/arbys-4810-mcknight-rd/zwRGrSqAT5uDQDE7MEzH1Q,pittsburgh
https://www.ubereats.com/pittsburgh/food-delivery/selamis-turkish-kebab-house/GSlZCfrTSNKBped2l6jJqg,pittsburgh
https://www.ubereats.com/pittsburgh/food-delivery/cains-saloon-pitt/5OE4C-QhRnmL0nuv5u377g,pittsburgh
https://www.ubereats.com/pittsburgh/food-delivery/fudge-farm-bloomfield/jqnYY2kaQsetO9Vj64Xk8Q,pittsburgh
https://www.ubereats.com/pittsburgh/food-delivery/primanti-brothers-n-versailles/OZvtX65-TPmXK_eDc2LK4w,pittsburgh
https://www.ubereats.com/pittsburgh/food-delivery/boba-tea-bar-pittsburgh/SkeBeqdNTWqPpjQnweEIvA,pittsburgh
https://www.ubereats.com/pittsburgh/food-delivery/wendys-2237-noblestown/f1mHB6yUS3OArAl1RtdZLw,pittsburgh
https://www.ubereats.com/pittsburgh/food-delivery/auntie-annes-4734-fc-9-100-robinson-ctr-dr/P5Et5HwVQ0GP2gWVB673fg,pittsburgh
https://www.ubereats.com/pittsburgh/food-delivery/insomnia-marisqueria/9e77uH-yTgG3oT8xordqlA,pittsburgh
https://www.ubereats.com/pittsburgh/food-delivery/dennys-2701-freeport-rd/r0Bsms4nT7qW7VZB9mjmTw,pittsburgh
https://www.ubereats.com/pittsburgh/food-delivery/italian-village-pizza-2nd-ave/PO2SDLetR_66zRAj1vMlzA,pittsburgh
https://www.ubereats.com/pittsburgh/food-delivery/caliente-pizza-%26-draft-house-bloomfield/96ahgVXhTm2nhArsAHPUNA,pittsburgh
https://www.ubereats.com/pittsburgh/food-delivery/brio-bravo-4976-mcknight-rd/Cqu9Kdo4Qcq5ng4kpavLDA,pittsburgh
https://www.ubereats.com/pittsburgh/food-delivery/sola-pizza/pKnJagqhQ_6cjUJnHCM-hQ,pittsburgh
https://www.ubereats.com/pittsburgh/food-delivery/royal-caribbean/gbeA2DgAS1KT8X3cSfkgwQ,pittsburgh
https://www.ubereats.com/pittsburgh/food-delivery/wangs-kitchen/btjmKarVQBqk_yuPvW-4Yg,pittsburgh
https://www.ubereats.com/pittsburgh/food-delivery/little-tokyo-bistro/OE6OYfoBR7q24Qz1LiFvbg,pittsburgh
https://www.ubereats.com/pittsburgh/food-delivery/cold-stone-creamery-5800-forbes-ave/PySopA1DQvOlwk8iubVMeA,pittsburgh
https://www.ubereats.com/pittsburgh/food-delivery/angkor-restaurant/iszzNdg7T_-62OEyAb_y4Q,pittsburgh
https://www.ubereats.com/pittsburgh/food-delivery/mcdonalds-greentree/wq-RZiCVQI-nw70Kx4IxBA,pittsburgh
https://www.ubereats.com/pittsburgh/food-delivery/larry-and-carols-pizza/_NpA6ITWRf2-ZMNYdVV4tg,pittsburgh
https://www.ubereats.com/pittsburgh/food-delivery/pizza-parma-catering/FRrUDov0SqC_0P87PKdl2A,pittsburgh
https://www.ubereats.com/pittsburgh/food-delivery/burger-king-3220-library-rd/_1mgDWVgRhGnFYONJ4oY4A,pittsburgh
https://www.ubereats.com/pittsburgh/food-delivery/homestead-capri-pizza/XJQIHfqYQ9iur8cIuVLBXQ,pittsburgh
https://www.ubereats.com/pittsburgh/food-delivery/primanti-brothers-waterfront-e-bridge-st/T2RkSfQTSDKJsxe8T5qmsw,pittsburgh
https://www.ubereats.com/pittsburgh/food-delivery/kings-family-restaurant-monroeville/ksX4hkG5RL2-KUbFQy6pIw,pittsburgh
https://www.ubereats.com/pittsburgh/food-delivery/salems-market-%26-grill-llc/W9W36ZI0RnubPnKcdWT0ag,pittsburgh
https://www.ubereats.com/pittsburgh/food-delivery/kfc-5153-library-road/EhwCTbRVRWGVhzVpMCV8YA,pittsburgh
https://www.ubereats.com/pittsburgh/food-delivery/maldinis-pizza/J6tGuZzgThmKS68htUBhrg,pittsburgh
https://www.ubereats.com/pittsburgh/food-delivery/bbq-ribs-co/7l2XEdHwSz-_O3SrcYESug,pittsburgh
https://www.ubereats.com/pittsburgh/food-delivery/pie-express/Wb4PXkIrQPamE5wdWKidwA,pittsburgh
https://www.ubereats.com/pittsburgh/food-delivery/em-pizzeria/gGkv22dBT_CpjQj3rq4QXw,pittsburgh
https://www.ubereats.com/pittsburgh/food-delivery/big-shot-bobs-house-of-wings/ab4GnGEQQj-exgzQGXRjZw,pittsburgh
https://www.ubereats.com/pittsburgh/food-delivery/legends-eatery/LJ5fZN0HTpC1xkSBR8mY_Q,pittsburgh
https://www.ubereats.com/pittsburgh/food-delivery/labella-bean/yc1SOKd_S3mTS-pcJ8DThw,pittsburgh
https://www.ubereats.com/pittsburgh/food-delivery/big-shot-bobs-carnegie/n3gbSAnwTR2-B0Zs26wlLw,pittsburgh
https://www.ubereats.com/pittsburgh/food-delivery/smallman-street-deli-smallman-st/JmqzZIzVRVux_thZ3mHr8Q,pittsburgh
https://www.ubereats.com/pittsburgh/food-delivery/mcdonalds-wood-street/R1tIQ2G4S5GBBhwo9vBS6A,pittsburgh
https://www.ubereats.com/pittsburgh/food-delivery/chocolate-moose/AtVr6YgKRK6wCjTTPipQ0w,pittsburgh
https://www.ubereats.com/pittsburgh/food-delivery/szechuan-spice/6RJIvw9_RFGQYS9ZEbPpQw,pittsburgh
https://www.ubereats.com/pittsburgh/food-delivery/mad-noodles/XPX3vhBcQNK9VFbKd1HVfQ,pittsburgh
https://www.ubereats.com/pittsburgh/food-delivery/new-york-super-subs-squirrel-hill/yyjpwLCNSZaAwWr5zVvDLA,pittsburgh
https://www.ubereats.com/pittsburgh/food-delivery/eat-n-park/J-zzVaaBQZOYXT0f-pe6aQ,pittsburgh
https://www.ubereats.com/pittsburgh/food-delivery/kfc-1100-brownsville-rd/Cm2f-27IQ4qwxaQYG79ShA,pittsburgh
https://www.ubereats.com/pittsburgh/food-delivery/tgi-fridays-1817-pittsburgh-bethel-park-pa/vDvyHcNNQviRzKgqAnAscA,pittsburgh
https://www.ubereats.com/pittsburgh/food-delivery/thespotetc/qaYs2P2dRSemVTJelvHADg,pittsburgh
https://www.ubereats.com/pittsburgh/food-delivery/lins-asian-fusion/3sFSxr8DQc6aOwR1eboA9A,pittsburgh
https://www.ubereats.com/pittsburgh/food-delivery/joe-%26-pie-downtown/KUshZHb0RtKhAqunb6YrVA,pittsburgh
https://www.ubereats.com/pittsburgh/food-delivery/wendys-351-lincoln-highway/gmPcQNzkTHeKq1RUKNKOmQ,pittsburgh
https://www.ubereats.com/pittsburgh/food-delivery/arbys-5189-baum-blvd/I0_Pw6LcRVatMDUc-Dukcg,pittsburgh
https://www.ubereats.com/pittsburgh/food-delivery/stokes-grill/l4KiGDZwQ6C_apU72NyMQQ,pittsburgh
https://www.ubereats.com/pittsburgh/food-delivery/moes-southwest-grill-1597-washington-pike/qkdpwfxpTlyztGRophLAuA,pittsburgh
https://www.ubereats.com/pittsburgh/food-delivery/ofela-african-restaurant/jCjE0rJgTBe26m-FUbS74Q,pittsburgh
https://www.ubereats.com/pittsburgh/food-delivery/pittsburgh-food-hall/CO0Lmt3ZQzeofzeClJCnfQ,pittsburgh
https://www.ubereats.com/pittsburgh/food-delivery/atarashi-formerly-sushi-fuku/buHmpmxvSNKlPURfzq3OsQ,pittsburgh
https://www.ubereats.com/pittsburgh/food-delivery/station/ccJysz2_SvSipBwAiapczA,pittsburgh
https://www.ubereats.com/pittsburgh/food-delivery/primanti-brothers-monroeville/SAwdybDyQ1y9KX0mbWD7HQ,pittsburgh
https://www.ubereats.com/pittsburgh/food-delivery/yukiyama/9RNcUHkJSuWsRwt1UjSFFw,pittsburgh
https://www.ubereats.com/pittsburgh/food-delivery/the-original-gyro-3611-library-road/c1oT2uLCQZG3SwY8MLjWcw,pittsburgh
https://www.ubereats.com/pittsburgh/food-delivery/happy-home-buffet/eG_U3WkwRoCYXmAmdV-S7w,pittsburgh
https://www.ubereats.com/pittsburgh/food-delivery/wendys-2410-w-liberty/2bvmyjCjQPGQVeRZZNZ9NQ,pittsburgh
https://www.ubereats.com/pittsburgh/food-delivery/uno-pizzeria-%26-grill-%23843/MkMLg43sSVKNq5Y3t8j7Sw,pittsburgh
https://www.ubereats.com/pittsburgh/food-delivery/quik-it-chicken/5O6AQcvgR7qLDttsyV1p3A,pittsburgh
https://www.ubereats.com/pittsburgh/food-delivery/geppetto-cafe/_z2mDVMxTkOj0h83h-4KBQ,pittsburgh
https://www.ubereats.com/pittsburgh/food-delivery/five-guys-pa-0061-1029-freeport-rd/BLW_bowDTi-rrUA2-ntREQ,pittsburgh
https://www.ubereats.com/pittsburgh/food-delivery/chuck-e-cheese-3800-william-penn-hwy/lgKXRnu6QmGl6c3Mw86xKA,pittsburgh
https://www.ubereats.com/pittsburgh/food-delivery/salonika-imports/GJS84d9iS6iyKuUFvFvz6A,pittsburgh
https://www.ubereats.com/pittsburgh/food-delivery/wendys-610-william-marks-drive/Iw3v6XPWSKukHlpm8tHUVA,pittsburgh
https://www.ubereats.com/pittsburgh/food-delivery/gaby-et-jules/eW-ObVm0RPCiVdpZMDw5_A,pittsburgh
https://www.ubereats.com/pittsburgh/food-delivery/wendys-891-freeport-road/4L_CTtJEQXCw8zqyCG2xZA,pittsburgh
https://www.ubereats.com/pittsburgh/food-delivery/peoples-indian-restaurant/HZhQwAmlQHib7W7zHwrbGQ,pittsburgh
https://www.ubereats.com/pittsburgh/food-delivery/say-cheese-pizza/DoC_3P8NQGCkjyqSQ1YAgQ,pittsburgh
https://www.ubereats.com/pittsburgh/food-delivery/dunkin-40-foster-ave/VpMmbyyhRK6srTyMEFCWXw,pittsburgh
https://www.ubereats.com/pittsburgh/food-delivery/nellies-sandwiches/FLjAEN1GRPmmxXRpIQBbYg,pittsburgh
https://www.ubereats.com/pittsburgh/food-delivery/fun-asian-bistro/GbtEW-NqSTSzAR_yVGdmJQ,pittsburgh
https://www.ubereats.com/pittsburgh/food-delivery/crave-frozen-desserts/CG6Dc5AnTiu97fU6BvEyAg,pittsburgh
https://www.ubereats.com/pittsburgh/food-delivery/buckhead-saloon/nZfNiA8DQWuIhGWk219FDA,pittsburgh
https://www.ubereats.com/pittsburgh/food-delivery/little-bangkok-in-the-strip/l8XOpy22SnmD7gBjlxjvBA,pittsburgh
https://www.ubereats.com/pittsburgh/food-delivery/roots-natural-kitchen-pittsburgh/G1oT8R9pTsK3HVMAcTjF3Q,pittsburgh
https://www.ubereats.com/pittsburgh/food-delivery/taco-bell-2343-noblestown-rd/EqrXynG1S9icpKrUiOdHCQ,pittsburgh
https://www.ubereats.com/pittsburgh/food-delivery/burger-king-1820-east-carson-street/BAuol0YTREKG9zZGtJgX6Q,pittsburgh
https://www.ubereats.com/pittsburgh/food-delivery/hong-kong-taste/Ljik7v6zRjeA0MF4EbkybQ,pittsburgh
https://www.ubereats.com/pittsburgh/food-delivery/the-pennsylvania-market/tbAe_gVmTgiPbsVGGC2QoQ,pittsburgh
https://www.ubereats.com/pittsburgh/food-delivery/choolaah-indian-bbq-pittsburgh/qvW7IYA-RPyAduBpwjTAmg,pittsburgh
https://www.ubereats.com/pittsburgh/food-delivery/merlinos-pizza/OYyvOjvbTw6UcotaLb3f5g,pittsburgh
https://www.ubereats.com/pittsburgh/food-delivery/bob-evans-187-3737-william-penn-highway/8KwE14sVQjuK_Ynq3UQTDg,pittsburgh
https://www.ubereats.com/pittsburgh/food-delivery/burger-house/nx-STwTUSOSBQQIdTGn8Vw,pittsburgh
https://www.ubereats.com/pittsburgh/food-delivery/hyde-park-prime-steakhouse-downtown-pittsburgh/a4JYvi8ZRDKM36TGa2fsxg,pittsburgh
https://www.ubereats.com/pittsburgh/food-delivery/jersey-mikes-subs-pittsburgh-7390-mcknight-road/HyGQ5VNbRHmLh6APbj3thQ,pittsburgh
https://www.ubereats.com/pittsburgh/food-delivery/zen-restaurant-%26-sushi-bar/mQL6iDp4T4GVA37PBKD1aA,pittsburgh
https://www.ubereats.com/pittsburgh/food-delivery/caliente-pizza-and-draft-house-mt-lebanon/Xlw2FNuZTeGh4XfZMHsxAQ,pittsburgh
https://www.ubereats.com/pittsburgh/food-delivery/luma-restaurant/pLXcAEzGSGSgbCqW--vFPA,pittsburgh
https://www.ubereats.com/pittsburgh/food-delivery/subway-3446-william-penn-hwy/1cMbx0VIRye2EE---mn-_w,pittsburgh
https://www.ubereats.com/pittsburgh/food-delivery/royal-caribbean/nfs-2UrRRhGEg_P5KxCYoQ,pittsburgh
https://www.ubereats.com/pittsburgh/food-delivery/tocayo-taqueria-%26-tequila/kvycKVCbS6GbIZDaN2TqIQ,pittsburgh
https://www.ubereats.com/pittsburgh/food-delivery/vocelli-pizza-231-commercial-avenue/vTI85AvjQAyqyKoN7sSXig,pittsburgh
https://www.ubereats.com/pittsburgh/food-delivery/burgatory-homestead/wsRGehZ8Q2iiO6-GBrDkDg,pittsburgh
https://www.ubereats.com/pittsburgh/food-delivery/taj-mahal-pitt/AiZa-NE2SymQ4aanPMVF7g,pittsburgh
https://www.ubereats.com/pittsburgh/food-delivery/moes-southwest-grill-210-forbes-avenue/Ao46n0YFTT-s53LKRgAbXQ,pittsburgh
https://www.ubereats.com/pittsburgh/food-delivery/hanini-subs-brownsville-road/0_aB_cy5QemkdZWgBK6KFg,pittsburgh
https://www.ubereats.com/pittsburgh/food-delivery/qdoba-mexican-eats-carson-st/kLax2j62T-iFmiOW74VNiw,pittsburgh
https://www.ubereats.com/pittsburgh/food-delivery/sugar-and-spice/iC7_9qTRT4ubKEsc9hdahQ,pittsburgh
https://www.ubereats.com/pittsburgh/food-delivery/turkish-grille/feiycHjuQsKul3Vs6wkIwg,pittsburgh
https://www.ubereats.com/pittsburgh/food-delivery/329-bonefish-grill-8950-covenant-ave/0V0tIT3ZRkuempw-DH8W-g,pittsburgh
https://www.ubereats.com/pittsburgh/food-delivery/bella-notte/NU7JQMcLQf-wJWkEeIRxxg,pittsburgh
https://www.ubereats.com/pittsburgh/food-delivery/houlihans-mt-lebanon/z7AvhfG9TqGaWdRfgUxTKA,pittsburgh
https://www.ubereats.com/pittsburgh/food-delivery/chipotle-mexican-grill-3615-forbes-ave/rFm8aNrMTSeTj9oQm_EqgA,pittsburgh
https://www.ubereats.com/pittsburgh/food-delivery/azorean-cafe/yoQd5SoFQmSVDKTlXhZdGg,pittsburgh
https://www.ubereats.com/pittsburgh/food-delivery/franktuary-lawrenceville/yCkp7UONSpmq8ZvmjKGzQA,pittsburgh
https://www.ubereats.com/pittsburgh/food-delivery/bae-baes-kitchen/bMQZcI9SR-WRSXTRc-EO4A,pittsburgh
https://www.ubereats.com/pittsburgh/food-delivery/mediterranean-cuisine-catering-and-delivery/FFm8l3faQQSlb2rtD2YxGw,pittsburgh
https://www.ubereats.com/pittsburgh/food-delivery/dibellas-old-fashioned-submarines-16-market-square/Zi3HRN1AS06uWb5Qfa42NQ,pittsburgh
https://www.ubereats.com/pittsburgh/food-delivery/china-wok-brentwood/onf0t9bpQTSJe6ZapgG-KQ,pittsburgh
https://www.ubereats.com/pittsburgh/food-delivery/or-the-whale/YyTY0T3rR2KNdtfISwEDDg,pittsburgh
https://www.ubereats.com/pittsburgh/food-delivery/vocelli-pizza-326-mall-plaza-blvd/wpymtMIeRpKQRJZk4QzJSQ,pittsburgh
https://www.ubereats.com/pittsburgh/food-delivery/pasquales-pizzeria/YJfj1V3jQeeiJe5dJb0V0A,pittsburgh
https://www.ubereats.com/pittsburgh/food-delivery/keystone-cafe-llc/ffWtxLayR9KzOrhmex8RKA,pittsburgh
https://www.ubereats.com/pittsburgh/food-delivery/city-works-pittsburgh/qDz-YKJISuygnowG8-cs3g,pittsburgh
https://www.ubereats.com/pittsburgh/food-delivery/franks-pizza-%26-chicken/z6fE8X4pS86AF9-CjbpVsQ,pittsburgh
https://www.ubereats.com/pittsburgh/food-delivery/long-john-silvers-300-rodi-road/ropOerNjSby8oh5MoS2gCA,pittsburgh
https://www.ubereats.com/pittsburgh/food-delivery/bagel-factory/e0Ci7y2zQ5-6seqcOTOQnw,pittsburgh
https://www.ubereats.com/pittsburgh/food-delivery/big-guys-pizza/27aLpo06TH6sMT0dAHzjhQ,pittsburgh
https://www.ubereats.com/pittsburgh/food-delivery/yuva-india-kitchen-%2B-bar/bPVcpA9MRdqZEenS7Pcj6w,pittsburgh
https://www.ubereats.com/pittsburgh/food-delivery/edible-arrangements-250-mt-lebanon-boulevard-suite-e-40/NkMKosW7TPiTw2MN9Fg8bw,pittsburgh
https://www.ubereats.com/pittsburgh/food-delivery/palmyra-mediterrean-cuisine/TCDUAWCtRoCCdKx4LigFqA,pittsburgh
https://www.ubereats.com/pittsburgh/food-delivery/dennys-2180-greentree-rd/CrK2B0_zTFeT2fjvrAgSaw,pittsburgh
https://www.ubereats.com/pittsburgh/food-delivery/hook-fish-%26-chicken-ormsby-ave/s7bNolZcTbe3TzHwQUv1zA,pittsburgh
https://www.ubereats.com/pittsburgh/food-delivery/nickys-thai-kitchen-downtown/5P3PpFryQL-cKsvBL1wELg,pittsburgh
https://www.ubereats.com/pittsburgh/food-delivery/dagu-rice-noodle/4rBFQCjMRu6P-I18gzjAGA,pittsburgh
https://www.ubereats.com/pittsburgh/food-delivery/the-yard-gastropub-shadyside/uovjBVE_RuWcncwcGUlzMQ,pittsburgh
https://www.ubereats.com/pittsburgh/food-delivery/uptown-kitchen/YWXop-EKQkm5Sdmutp19Zg,pittsburgh
https://www.ubereats.com/pittsburgh/food-delivery/church-brew-works/cJmKbCv6TR-aRUO6AK3LqQ,pittsburgh
https://www.ubereats.com/pittsburgh/food-delivery/kasai-kogi-bar/qqsqt3TFRjKXX83l4NdC4g,pittsburgh
https://www.ubereats.com/pittsburgh/food-delivery/vocelli-pizza-5644-steubenville-pike/2o5wpSCEQ1uN0XOCR80bhA,pittsburgh
https://www.ubereats.com/pittsburgh/food-delivery/kfc-210-rodi-rd/h7CDt1j5QQydf_7mqgoLqQ,pittsburgh
https://www.ubereats.com/pittsburgh/food-delivery/new-amsterdam/9g8-UWEYQRyvTDsvwEOHFg,pittsburgh
https://www.ubereats.com/pittsburgh/food-delivery/yovis/TJ_9CpkyRRakB3cx7Mez3w,pittsburgh
https://www.ubereats.com/pittsburgh/food-delivery/clean-juice-5829-penn-ave/6yLw_c0kTPSdSpakrBhupg,pittsburgh
https://www.ubereats.com/pittsburgh/food-delivery/yellowtail-sushi-bistro/wLlmHeGNTxOIb2YlPFdnmA,pittsburgh
https://www.ubereats.com/pittsburgh/food-delivery/souper-bowl/GuVjo9rLTPCmLB5bSiOHHw,pittsburgh
https://www.ubereats.com/pittsburgh/food-delivery/walnut-grill-bridgeville/ZymL2ZwrS5y56sKMaM55pQ,pittsburgh
https://www.ubereats.com/pittsburgh/food-delivery/red-dragon-chinese-restaurant/QSCHGAEhTSimN4KwWdftEg,pittsburgh
https://www.ubereats.com/pittsburgh/food-delivery/outback-steakhouse-3000-mosside-boulevard/FuN_KFrrQV6Dw7ZPgOMSiw,pittsburgh
https://www.ubereats.com/pittsburgh/food-delivery/moroccan-bites/yR71eHWIQzOSt0ZnVsy_nw,pittsburgh
https://www.ubereats.com/pittsburgh/food-delivery/charleys-philly-steaks-monroeville-mall/OzUmNRW8RiCnxJFX-1j3NA,pittsburgh
https://www.ubereats.com/pittsburgh/food-delivery/hug-thai-restaurant/2ol0eDUyTSeH1r_V2pI1Lw,pittsburgh
https://www.ubereats.com/pittsburgh/food-delivery/sahara-restaurant-and-grill/Z6Tgb4ouSAevweZ-8ULfag,pittsburgh
https://www.ubereats.com/pittsburgh/food-delivery/alexs-pit-stop/HSi1zsfKRnyFOh3ZGrixuQ,pittsburgh
https://www.ubereats.com/pittsburgh/food-delivery/chaparros-tacos/t7OmBSpXTH63mPUyxmhelQ,pittsburgh
https://www.ubereats.com/pittsburgh/food-delivery/patron-mexican-grill-liberty/SynoEqXGRi2-Sk_c9Fm-1A,pittsburgh
https://www.ubereats.com/pittsburgh/food-delivery/arnolds-tea-house/9CT_DUx2SkOjauTyU3LH2A,pittsburgh
https://www.ubereats.com/pittsburgh/food-delivery/social-at-bakery-square/qmjFKRJTRkWVubeROCwkBg,pittsburgh
https://www.ubereats.com/pittsburgh/food-delivery/mckeesport-fish-and-chicken/OotZPT-KRfukGr0i5U-vXA,pittsburgh
https://www.ubereats.com/pittsburgh/food-delivery/parkers-pgh/AtyjglPcS36Z8r_eqJYQdg,pittsburgh
https://www.ubereats.com/pittsburgh/food-delivery/cold-stone-creamery-1035-freeport-road/6ryl9S2kSKyx06htGxoT5Q,pittsburgh
https://www.ubereats.com/pittsburgh/food-delivery/china-wok-pittsburgh/FIAHGZEVRuG5Ghb-Vz0jvg,pittsburgh
https://www.ubereats.com/pittsburgh/food-delivery/quiznos-craig-st/3SjbbI4pRg299FenkUB9aw,pittsburgh
https://www.ubereats.com/pittsburgh/food-delivery/hapa-hawaiian-grill/AiYQ1nWeTdikgdWpiHEXUQ,pittsburgh
https://www.ubereats.com/pittsburgh/food-delivery/walnut-grill-bethel/LP0uoQaBQWmbq7CJX_JGyQ,pittsburgh
https://www.ubereats.com/pittsburgh/food-delivery/cracker-barrel-old-country-store-200-davis-blvd/np2sMB2GQUCTS-c9R-TKKQ,pittsburgh
https://www.ubereats.com/pittsburgh/food-delivery/pak-halal-food/MHfavGJWRNiY6xsMlixbJg,pittsburgh
https://www.ubereats.com/pittsburgh/food-delivery/bird-on-the-run/BuAN6VNTQSe-jAaCnK9Kzg,pittsburgh
https://www.ubereats.com/pittsburgh/food-delivery/old-school-italian-sandwich-shop/sVBd3goPTMu_iKS0WAwC0g,pittsburgh
https://www.ubereats.com/pittsburgh/food-delivery/italian-village-pizza-pittsburgh/TiHl0_DqSeGJyfDD8AoAAg,pittsburgh
https://www.ubereats.com/pittsburgh/food-delivery/wendys-1703-s-braddock-ave/wuEfBr5gTSyFzV8DpE72FQ,pittsburgh
https://www.ubereats.com/pittsburgh/food-delivery/riviera-pizza-%26-pasta/b8DjgP7hR4OvGl5UjT3htA,pittsburgh
https://www.ubereats.com/pittsburgh/food-delivery/als-fish-%26-chicken/R6Tg-MdYSjmCZ-vncNygfg,pittsburgh
https://www.ubereats.com/pittsburgh/food-delivery/subway-119-120-22nd-st/KlcU8QK5RROjdvuX_Qm9SQ,pittsburgh
https://www.ubereats.com/pittsburgh/food-delivery/sawasdee-thai-kitchen/WtvW8MXvSGW_6qTD-2ccBA,pittsburgh
https://www.ubereats.com/pittsburgh/food-delivery/arbys-450-clairton-blvd/WIc1TlDASBay-SQAJuIvfg,pittsburgh
https://www.ubereats.com/pittsburgh/food-delivery/kitchen-434%E2%80%94bowls-%26-wraps/9fG-CNfUSa2L4OpMrKN9GQ,pittsburgh
https://www.ubereats.com/pittsburgh/food-delivery/mortons-the-steakhouse-625-liberty-avenue/ooc7k7vfTkKFOaO7wP_5dQ,pittsburgh
https://www.ubereats.com/pittsburgh/food-delivery/revival-on-lincoln/DwFSL0VYQcqPk4_IIG3lGA,pittsburgh
https://www.ubereats.com/pittsburgh/food-delivery/ki-ramen/tOXQ-Z7PTO-lpU9l0DGGjw,pittsburgh
https://www.ubereats.com/pittsburgh/food-delivery/august-henrys/1eW2OClzTCa4E85HORMUIg,pittsburgh
https://www.ubereats.com/pittsburgh/food-delivery/slice-on-broadway-centre-ave/Q-9Fy_rgRpyuPv72BHiAzw,pittsburgh
https://www.ubereats.com/pittsburgh/food-delivery/sushi-tomo/MtwuGJ6gSi2unSM9vXoOGg,pittsburgh
https://www.ubereats.com/pittsburgh/food-delivery/coriander-indian-grill/3qM-plWWQW6CB6mY_0Ff0Q,pittsburgh
https://www.ubereats.com/pittsburgh/food-delivery/buffalo-wild-wings-3469-william-penn-highway/S29e_t7lTlKr7pl-DlUK0w,pittsburgh
https://www.ubereats.com/pittsburgh/food-delivery/dancing-crab-thai-noodle-house/5eIkErGlQIaQvMizeywxCw,pittsburgh
https://www.ubereats.com/pittsburgh/food-delivery/bjs-restaurant-%26-brewhouse-8970-covenant-ave/bOlxUOb6TOOi59xxrRx9hQ,pittsburgh
https://www.ubereats.com/pittsburgh/food-delivery/subway-7714-penn-ave/31BjEtzURwyzFL0z_rz5kQ,pittsburgh
https://www.ubereats.com/pittsburgh/food-delivery/condado-tacos-downtown-pittsburgh/SBaZrmfCRNCIk3WCYoDO2A,pittsburgh
https://www.ubereats.com/pittsburgh/food-delivery/grille-565/QvREWT6BQlqGH-GCZRgMgg,pittsburgh
https://www.ubereats.com/pittsburgh/food-delivery/bonfire-food-and-drink/DfqYu_YtQ-WIimGzK6ceeA,pittsburgh
https://www.ubereats.com/pittsburgh/food-delivery/blaze-pizza-3939-william-penn-hwy/8kuG1xD3QTq7Y0pkxMqviw,pittsburgh
https://www.ubereats.com/pittsburgh/food-delivery/cafe-moulin/aeC3x3sJTZW6hRIqPq7NBA,pittsburgh
https://www.ubereats.com/pittsburgh/food-delivery/dunkin-800-w-view-park-dr/ILfm-uBtSE-R2OF5IcZWzw,pittsburgh
https://www.ubereats.com/pittsburgh/food-delivery/sichuan-gourmet-murray-ave/EC4C8trfThyXzEKbDk5Ndg,pittsburgh
https://www.ubereats.com/pittsburgh/food-delivery/sofresh-pittsburgh/Ze6JjjOzTFOxIf_-JxLaZg,pittsburgh
https://www.ubereats.com/pittsburgh/food-delivery/arbys-1911-s-braddock-ave/zcdhJoqaStqS7wBA2nbRmQ,pittsburgh
https://www.ubereats.com/pittsburgh/food-delivery/starbucks-bloomfield-liberty-ave/N_9bkXlrQfufsOvqCXlgOw,pittsburgh
https://www.ubereats.com/pittsburgh/food-delivery/sweets-and-treats-from-bagel-factory/LHZdSyyqQq6sn-eHOCf-Mg,pittsburgh
https://www.ubereats.com/pittsburgh/food-delivery/the-pie-place/SEPT_g7PR16KgGAXC3Q8Fw,pittsburgh
https://www.ubereats.com/pittsburgh/food-delivery/sushi-too/-z_L8Bu5SHiGJ10g4iy0Ng,pittsburgh
https://www.ubereats.com/pittsburgh/food-delivery/ali-baba-restaurants/6apBvGeQS9CLhvUwp3-KYA,pittsburgh
https://www.ubereats.com/pittsburgh/food-delivery/ramen-bar-pittsburgh/QVWT1HkJRJO5bDuOzA3HQw,pittsburgh
https://www.ubereats.com/pittsburgh/food-delivery/layali-restaurant/GTYOTzgBSVqpchg5JJ062g,pittsburgh
https://www.ubereats.com/pittsburgh/food-delivery/cobblerworld-east-liberty/b97HYMFcQaG-AIe9p5d7Eg,pittsburgh
https://www.ubereats.com/pittsburgh/food-delivery/turkish-kebab-house/_x7SsXcZRp-2amyzCdjT_Q,pittsburgh
https://www.ubereats.com/pittsburgh/food-delivery/wendys-1015-ohio-river-blvd/HIO7XwGsRi6Q8MiX5rXa6g,pittsburgh
https://www.ubereats.com/pittsburgh/food-delivery/bar-louie-north-shore/_9Cbu6XdQSiZ2acZWEUZVQ,pittsburgh
https://www.ubereats.com/pittsburgh/food-delivery/kung-fu-tea-2109-murray-avenue/gLcNtQybSIeopAsWSvAqhw,pittsburgh
https://www.ubereats.com/pittsburgh/food-delivery/spillys-barbeque/Co9Pi103Qx6ODA315FnTmQ,pittsburgh
https://www.ubereats.com/pittsburgh/food-delivery/anthonys-coal-fired-pizza-monroeville/pB2CYTYKSsi7hqRn4LeW7A,pittsburgh
https://www.ubereats.com/pittsburgh/food-delivery/vocelli-pizza-691-clairton-boulevard/pgSBg1XsRxOlnoAqR9Qv_Q,pittsburgh
https://www.ubereats.com/pittsburgh/food-delivery/tequila-cowboy/5MULIJfkSzWFpIqj6h4QZA,pittsburgh
https://www.ubereats.com/pittsburgh/food-delivery/korea-garden/VJ8QppQBS1-AC6anh6Cftg,pittsburgh
https://www.ubereats.com/pittsburgh/food-delivery/big-guys-pizza/ipP0LEkuTc-JxTm2vWJP_w,pittsburgh
https://www.ubereats.com/pittsburgh/food-delivery/tooties-famous-italian-beef/VAJyUoEVRu6ORobtF0mTYg,pittsburgh
https://www.ubereats.com/pittsburgh/food-delivery/arbys-5205-library-rd/-G0u7re9QQ6wFZn8b5QW3Q,pittsburgh
https://www.ubereats.com/pittsburgh/food-delivery/dunkin-2150-brownsville-rd/tOfFAQLFRZCvE9phkTquLg,pittsburgh
https://www.ubereats.com/pittsburgh/food-delivery/penn-fish-and-chicken/njbiuObKQ0y-kQH11lddyg,pittsburgh
https://www.ubereats.com/pittsburgh/food-delivery/burgatory-north-shore/lKL4ldEBQfeR-WuHKOY0Lw,pittsburgh
https://www.ubereats.com/pittsburgh/food-delivery/fluffy-waffle-french-crepe/LFs78ohbSpazUxDsyDYJWA,pittsburgh
https://www.ubereats.com/pittsburgh/food-delivery/walnut-grill-robinson/XC395hbnR3ynZo5th3yKXg,pittsburgh
https://www.ubereats.com/pittsburgh/food-delivery/zoup!-1945-park-manor-blvd/-9sBNUJ2ThOjFcAr_gT35g,pittsburgh
https://www.ubereats.com/pittsburgh/food-delivery/gluuteny-bakery-a-gluten-free-and-dairy-free-bakery/sV6Y19zTSSyWclkx-51tXQ,pittsburgh
https://www.ubereats.com/pittsburgh/food-delivery/top-shabu-shabu-%26-lounge/-O9Kw7AhRhqQhJrPERcU0Q,pittsburgh
https://www.ubereats.com/pittsburgh/food-delivery/mcdonalds-west-liberty/0Wy32vnnSdWkIt2-AFCBvw,pittsburgh
https://www.ubereats.com/pittsburgh/food-delivery/8th-ave-cafe/GlPSMRYDT9aLeUX_bwB_zw,pittsburgh
https://www.ubereats.com/pittsburgh/food-delivery/papa-johns-pizza-bethel-park/QoN8FTg1TCmOqGwiQoC29Q,pittsburgh
https://www.ubereats.com/pittsburgh/food-delivery/burgatory-mccandless/QhWMxtMUTuyW9dRzhxhwYA,pittsburgh
https://www.ubereats.com/pittsburgh/food-delivery/kfc-4915-baum-blvd/NBRy3qU0ToC9zPgb9tpkOw,pittsburgh
https://www.ubereats.com/pittsburgh/food-delivery/the-commoner/Ld2wKhd3Quah2vIyoCBOuQ,pittsburgh
https://www.ubereats.com/pittsburgh/food-delivery/the-saloon-of-mt-lebanon/wjXpxj9lQm-b0Vep_gMcng,pittsburgh
https://www.ubereats.com/pittsburgh/food-delivery/bjs-restaurant-%26-brewhouse-1819-washington-rd/0SmJcT8gQWe1tKftbn_LNQ,pittsburgh
https://www.ubereats.com/pittsburgh/food-delivery/pittzarella/VInC9_JfRTSp7DdA-O_E5Q,pittsburgh
https://www.ubereats.com/pittsburgh/food-delivery/the-original-pancake-house-2229-swallow-hill-rd/2VbbmgwpRaio8ylV01YibQ,pittsburgh
https://www.ubereats.com/pittsburgh/food-delivery/dunkin-5241-liberty-ave/4lWNcVxDQqOFrM1i9KxtMQ,pittsburgh
https://www.ubereats.com/pittsburgh/food-delivery/smokinghostsbbq/empUe7CPQ-WZ8Tzjb-jFog,pittsburgh
https://www.ubereats.com/pittsburgh/food-delivery/chipotle-mexican-grill-509-clairton-blvd/9nsp1Ti_QzWzwd0Sb3s-CA,pittsburgh
https://www.ubereats.com/pittsburgh/food-delivery/taco-bell-705-allegheny-avenue/drOicQPDRzq4s5_77cMIAw,pittsburgh
https://www.ubereats.com/pittsburgh/food-delivery/vocelli-pizza-11745-frankstown-road/-Ee6jwx2TsC3FBLBLdYJ4w,pittsburgh
https://www.ubereats.com/pittsburgh/food-delivery/mi-empanada/MzxwAgl_R9qTFgQBjUBaBQ,pittsburgh
https://www.ubereats.com/pittsburgh/food-delivery/dennys-271-clairton-blvd/u8d0aRLyQc-awUDxvYGGTQ,pittsburgh
https://www.ubereats.com/pittsburgh/food-delivery/wahlburgers-pittsburgh-northway/OavoXDGRSyiuhsvkklLCGg,pittsburgh
https://www.ubereats.com/pittsburgh/food-delivery/eat-unique/h-VHTROiREqzb5POkfhrTw,pittsburgh
https://www.ubereats.com/pittsburgh/food-delivery/beta-bites/LSLLtZhPQX-Pdmhqk2KUMQ,pittsburgh
https://www.ubereats.com/pittsburgh/food-delivery/ruggers-pub/YDl7pgMPS760th8IRSnIOg,pittsburgh
https://www.ubereats.com/pittsburgh/food-delivery/kahuna-poke-and-juice-bar/-pCaS8FHTYulL-LO43MPlQ,pittsburgh
https://www.ubereats.com/pittsburgh/food-delivery/papa-johns-pizza-babcock-blvd/VjxUdxZjTZSZBqzaeegbhg,pittsburgh
https://www.ubereats.com/pittsburgh/food-delivery/mulligans-sports-bar-and-grille/JEApfqK8RGuds7ifTzePCg,pittsburgh
https://www.ubereats.com/pittsburgh/food-delivery/china-house/CymnyuRsTbWwX-o9pzRxdg,pittsburgh
https://www.ubereats.com/pittsburgh/food-delivery/red-lobster-4766-mcknight-road/4HkpplsMTZyyfkTaRfnXjg,pittsburgh
https://www.ubereats.com/pittsburgh/food-delivery/sofresh-shadyside/7l2qkvaDS0eNiF-SHeOJpw,pittsburgh
https://www.ubereats.com/pittsburgh/food-delivery/walids-fish-and-chicken/pgUSsDGwQNGG24xhJOKupA,pittsburgh
https://www.ubereats.com/pittsburgh/food-delivery/kevins-deli/unkKFkjnQHODDqF_SSPdUQ,pittsburgh
https://www.ubereats.com/pittsburgh/food-delivery/kfc-4673-william-flynn-highway/4YilQIBARNKf2iDGJVLK8g,pittsburgh
https://www.ubereats.com/pittsburgh/food-delivery/red-robin-472-1230-settlers-ridge-center-dr/3JJoCs-sQIWgFnVuNW7RzA,pittsburgh
https://www.ubereats.com/pittsburgh/food-delivery/olympia-mediterranean-gyro-house/p1hZia6iT6ykU3S-LyHIYw,pittsburgh
https://www.ubereats.com/pittsburgh/food-delivery/kfc-3770-william-penn-hwy/GP88VyDESeSqlfvMAQco_A,pittsburgh
https://www.ubereats.com/pittsburgh/food-delivery/arbys-2251-noblestown-rd/3WOYVwM9R1q0xQpS5AIMnQ,pittsburgh
https://www.ubereats.com/pittsburgh/food-delivery/dunkin-940-ohio-river-blvd/QnIPDkwyRg6u4ELv1HN-TQ,pittsburgh
https://www.ubereats.com/pittsburgh/food-delivery/peace-love-%26-little-donuts-robinson/s6JnC4bORD6gWZ9GkISYlQ,pittsburgh
https://www.ubereats.com/pittsburgh/food-delivery/mola/88rEmBAMRpmIBjuYyYuPdA,pittsburgh
https://www.ubereats.com/pittsburgh/food-delivery/arbys-1378-banksville-rd/52OcvXzPTmOV_jSlVUX2pw,pittsburgh
https://www.ubereats.com/pittsburgh/food-delivery/prince-of-india-restaurant/BDfcWzTITvKQ0IetZI2IRg,pittsburgh
https://www.ubereats.com/pittsburgh/food-delivery/smoke-sandwich-shop/Aw20sN9rRSyu3v34JyLNvQ,pittsburgh
https://www.ubereats.com/pittsburgh/food-delivery/ihop-1002-sutherland-dr/IkLwQ3RfQIqNQ_t1usAKgQ,pittsburgh
https://www.ubereats.com/pittsburgh/food-delivery/arepittas/aORzrqBtSdudct8HHLCGhA,pittsburgh
https://www.ubereats.com/pittsburgh/food-delivery/dairy-queen-grill-%26-chill-3986-william-penn-hwy/yAvIkVfwQJC3MlGkg9hPLw,pittsburgh
https://www.ubereats.com/pittsburgh/food-delivery/tamarind-flavor-of-india/BAeAcU7gRjerEeCC1dRm-g,pittsburgh
https://www.ubereats.com/pittsburgh/food-delivery/dunkin-5889-forbes-ave/yvevPeaeSN2g96kKLggJQQ,pittsburgh
https://www.ubereats.com/pittsburgh/food-delivery/the-library/kaN2l0CyQm2jlWpHMTpANg,pittsburgh
https://www.ubereats.com/pittsburgh/food-delivery/jets-pizza-dormont/e5B7499EQ4WKOFC9Wojl5w,pittsburgh
https://www.ubereats.com/pittsburgh/food-delivery/wings-over-pittsburgh/Ezxq9vffQPaXv0iMCV_gCQ,pittsburgh
https://www.ubereats.com/pittsburgh/food-delivery/centenario-mexican-grille/8lH9DKRIQiKXgvAd_BWqAA,pittsburgh
https://www.ubereats.com/pittsburgh/food-delivery/italian-village-pizza-grant-st/6ysAdub0S-OjKFoQQxRvzg,pittsburgh
https://www.ubereats.com/pittsburgh/food-delivery/the-pennsylvania-market/6sZqlmaQQXqacQgBvZNe_Q,pittsburgh
https://www.ubereats.com/pittsburgh/food-delivery/krista-cantina/jKhhrJypRie8VWyfHIiHlg,pittsburgh
https://www.ubereats.com/pittsburgh/food-delivery/vickeys-soul-grill-takeout/M3Qame4AQq6uFDOSMHqJ6A,pittsburgh
https://www.ubereats.com/pittsburgh/food-delivery/wendys-60-town-square-way/a8RicB0RRA2iIUhESWwR1A,pittsburgh
https://www.ubereats.com/pittsburgh/food-delivery/the-alcove/sTLNWg8kRjeE0gywJpxYnw,pittsburgh
https://www.ubereats.com/pittsburgh/food-delivery/arbys-808-liberty-ave/Lq8sEYLdTkSoCp5sYJUMLw,pittsburgh
https://www.ubereats.com/pittsburgh/food-delivery/chipotle-mexican-grill-4137-william-penn-hwy/sT8okTsCSdyw4XM3nMA2OA,pittsburgh
https://www.ubereats.com/pittsburgh/food-delivery/cold-stone-creamery-6509-robinson-center-dr/A0EL4aqHQRGdwE-F3svc7g,pittsburgh
https://www.ubereats.com/pittsburgh/food-delivery/dairy-queen-treat-4276-ohio-river-blvd/1VJYcy_7SfmGSSaDCWibHg,pittsburgh
https://www.ubereats.com/pittsburgh/food-delivery/barrel-junction/3jATSm_YReCD9nXU_XlD3g,pittsburgh
https://www.ubereats.com/pittsburgh/food-delivery/taco-bell-1603-s-braddock-ave/jCxQFrglS4CiM-zDfP5UuA,pittsburgh
https://www.ubereats.com/pittsburgh/food-delivery/pittsburgh-fish-and-chicken/QfpdupoRTIW_KNaZACRYOA,pittsburgh
https://www.ubereats.com/pittsburgh/food-delivery/maenam-thai/VeAfNpHjTR6-Q9JVDl372w,pittsburgh
https://www.ubereats.com/pittsburgh/food-delivery/outback-steakhouse-9395-mcknight-road/kQSDJK9ZQwCIApDRrCzoUA,pittsburgh
https://www.ubereats.com/pittsburgh/food-delivery/night-market-gourmet/Gtp_9xwLTMWl3Yi_s11v3A,pittsburgh
https://www.ubereats.com/pittsburgh/food-delivery/sushi-fuku-craig-st/eaZPjUB8Ttqtg4o2LPPmpg,pittsburgh
https://www.ubereats.com/pittsburgh/food-delivery/dunkin-911-butler-st/1GQR_hU2Sm2BiIzBftxyAA,pittsburgh
https://www.ubereats.com/pittsburgh/food-delivery/denunzios-italian-trattoria/jjNKUAhHShCRSP6kY-skGQ,pittsburgh
https://www.ubereats.com/pittsburgh/food-delivery/zen-asia-diner/WwDZZd1xRPS4BUPN4w-Bhg,pittsburgh
https://www.ubereats.com/pittsburgh/food-delivery/grand-concourse-100-west-station-square-dr/--v4hh4hS6miH_2jzWcB2g,pittsburgh
https://www.ubereats.com/pittsburgh/food-delivery/gigis-cupcakes-761-providence-blvd/T5ZHiN6pT32TG9RuT3n8mg,pittsburgh
https://www.ubereats.com/pittsburgh/food-delivery/thai-tamarind/tCaPfDcPTNmBtqGXcYoL2g,pittsburgh
https://www.ubereats.com/pittsburgh/food-delivery/texas-de-brazil-pittsburgh/5b7dmI2CSDCP2-L6hu-uew,pittsburgh
https://www.ubereats.com/pittsburgh/food-delivery/tsaocaa/hanl3nFhQkOHEiPvtihwNg,pittsburgh
https://www.ubereats.com/pittsburgh/food-delivery/the-forge-pgh/uAepIgfLSB26NGmesXUUZA,pittsburgh
https://www.ubereats.com/pittsburgh/food-delivery/vocelli-pizza-4740-baum-blvd/TzW_wTJIQtWTTtMX9fp17g,pittsburgh
https://www.ubereats.com/pittsburgh/food-delivery/flavors-famous-street-food/tKfC0ItkQb2k0QgUZWLPTQ,pittsburgh
https://www.ubereats.com/pittsburgh/food-delivery/chipotle-mexican-grill-1720-washington-rd/yKvi3YhhR3eF3Nsd4wdUyQ,pittsburgh
https://www.ubereats.com/pittsburgh/food-delivery/sly-fox-taphouse-at-the-point/56V6-1igQJWM502P385IGA,pittsburgh
https://www.ubereats.com/pittsburgh/food-delivery/bea-taco-town/FkffbtcTQS-KcdGfIiGDww,pittsburgh
https://www.ubereats.com/pittsburgh/food-delivery/tgi-fridays-1818-pittsburgh-monroeville-pa/0E4bbB4URSWCRoKsszwEFA,pittsburgh
https://www.ubereats.com/pittsburgh/food-delivery/arbys-6105-saltsburg-rd/rAvDKAxXSOCODVcm0Yfo9g,pittsburgh
https://www.ubereats.com/pittsburgh/food-delivery/pennsbury-pub-%26-grille/P7KQlY7OSpqnFEW1BvijoQ,pittsburgh
https://www.ubereats.com/pittsburgh/food-delivery/mccormick-%26-schmicks-seafood-%26-steaks-pittsburgh/LFPS9xtaSAW4qGqUtGWBwA,pittsburgh
https://www.ubereats.com/pittsburgh/food-delivery/red-tea-house/H9ry5ovEQeCcvnVYZkUymw,pittsburgh
https://www.ubereats.com/pittsburgh/food-delivery/starbucks-bakery-square-penn-ave/Ac0zIDpCRXu8VUYT1JRAQg,pittsburgh
https://www.ubereats.com/pittsburgh/food-delivery/khalils-restaurant/Bqi6nAerSamx1cvqPF4L6g,pittsburgh
https://www.ubereats.com/pittsburgh/food-delivery/chipotle-mexican-grill-4800-baum-blvd/V75eOWWPR9umcG3OHAlCRA,pittsburgh
https://www.ubereats.com/pittsburgh/food-delivery/bae-baes-cafe/uyG52rChQbmi8wBigdq-Qg,pittsburgh
https://www.ubereats.com/pittsburgh/food-delivery/social-house-seven/RG3bBftrSJaEExaqd_EUWg,pittsburgh
https://www.ubereats.com/pittsburgh/food-delivery/subway-418-s-craig-st/TEny4HoASmmmx78STGKNUQ,pittsburgh
https://www.ubereats.com/pittsburgh/food-delivery/five-guys-pa-1926-5207-liberty-ave/dE2uV7StQmiyJlwmuXlbHg,pittsburgh
https://www.ubereats.com/pittsburgh/food-delivery/the-smiling-moose/mBBip5Z6RBOMeC4F23I86A,pittsburgh
https://www.ubereats.com/pittsburgh/food-delivery/nrgize-lifestyle-cafe/LxOMhxGeQKeEPLDsTwXOeQ,pittsburgh
https://www.ubereats.com/pittsburgh/food-delivery/vocelli-pizza-2101-greentree-road-suite-b-110/if03WBM-Rl2STH1VmyNM1Q,pittsburgh
https://www.ubereats.com/pittsburgh/food-delivery/dunkin-4578-browns-hill-rd/W2J9rdbAQ0C_3uGTNu8EDw,pittsburgh
https://www.ubereats.com/pittsburgh/food-delivery/kfc-745-4th-street/Tuo82RFbQy-faalh_pxa2g,pittsburgh
https://www.ubereats.com/pittsburgh/food-delivery/cappys-cafe/M0lMwx2KQu62SPDDZN7sFg,pittsburgh
https://www.ubereats.com/pittsburgh/food-delivery/deli-412/jLUhbs9fQeKk0OCSkB9QkA,pittsburgh
https://www.ubereats.com/pittsburgh/food-delivery/atami-japan/newKucrVTR-rvv9R6PsnuA,pittsburgh
https://www.ubereats.com/pittsburgh/food-delivery/red-lobster-3941-william-penn-highway/XuLBwOVyTLKH90WT7Lng_Q,pittsburgh
https://www.ubereats.com/pittsburgh/food-delivery/primanti-brothers-steubenville-pike-robinson/cwboc2z-TJec5J9YwBfciA,pittsburgh
https://www.ubereats.com/pittsburgh/food-delivery/einstein-bros-bagels-436-7th-ave/2bWdgZRiRkatY-R24SoXfA,pittsburgh
https://www.ubereats.com/pittsburgh/food-delivery/mac-%26-gold/QM5K9I1lQeaJxiyTic7nTQ,pittsburgh
https://www.ubereats.com/pittsburgh/food-delivery/lombardozzis4786-liberty-ave/MMoKDOK6Tjmx1Tz5iGJU6g,pittsburgh
https://www.ubereats.com/pittsburgh/food-delivery/panda-express-4155-william-penn-hwy/GZ_lTloSRoGJnHOIsv4z9w,pittsburgh
https://www.ubereats.com/pittsburgh/food-delivery/crabs-r-us/kj4WAz-bSY6PvHcvhLF9eA,pittsburgh
https://www.ubereats.com/pittsburgh/food-delivery/brewdog-pittsburgh/GQh3uoEVQ7uT35sDlKFkiQ,pittsburgh
https://www.ubereats.com/pittsburgh/food-delivery/fireside-inn/smWL1ai-S82YKBn0dQDpHg,pittsburgh
https://www.ubereats.com/pittsburgh/food-delivery/mcdonalds-wilkinsburg/zKcCRIa5SoaTXEz1-U2fGQ,pittsburgh
https://www.ubereats.com/pittsburgh/food-delivery/frankie-bunz/p_DhJH3_TI-q_tEti7umRA,pittsburgh
https://www.ubereats.com/pittsburgh/food-delivery/the-crafty-jackalope/njOAPLWFQQaRe8bSWWIyCA,pittsburgh
https://www.ubereats.com/pittsburgh/food-delivery/kfc-278-yost-blvd/TGdOHQ9dTcCVWa9d25jx9A,pittsburgh
https://www.ubereats.com/pittsburgh/food-delivery/crazy-mocha-squirrel-hill/sts7jBBsQReTvOo66iWrWQ,pittsburgh
https://www.ubereats.com/pittsburgh/food-delivery/sassy-azz-vegan/QmTVfo_vSAGUEgOMQ615KQ,pittsburgh
https://www.ubereats.com/pittsburgh/food-delivery/paulines-caribbean-soul-cuisine/HDuX52HaQXilsoOg3bSlNg,pittsburgh
https://www.ubereats.com/pittsburgh/food-delivery/patron-mexican-fox-chapel/ZQKpwSggR0ai24sJE6xV0A,pittsburgh
https://www.ubereats.com/pittsburgh/food-delivery/nak-won-garden/nD5UvrbSTXqKmhSP0m4DeA,pittsburgh
https://www.ubereats.com/pittsburgh/food-delivery/slice-on-broadway-carnegie/Oscgw9gATWmD6m7OqheiJw,pittsburgh
https://www.ubereats.com/pittsburgh/food-delivery/chipotle-mexican-grill-5986-centre-ave/ucryRrFvQ6OwNbTbXyl8Mg,pittsburgh
https://www.ubereats.com/pittsburgh/food-delivery/the-coal-mine/3a96G8nQQPSzTnCgIhzzZg,pittsburgh
https://www.ubereats.com/pittsburgh/food-delivery/dennys-1829-lincoln-highway/8zxXe1XYTcG3EGYRjf121g,pittsburgh
https://www.ubereats.com/pittsburgh/food-delivery/el-campesino-mcnight/_odQfshPTDWxN_uRU3bLbQ,pittsburgh
https://www.ubereats.com/pittsburgh/food-delivery/starbucks-2345-murray-avenue/-upJZiHfTLqQqc5kka0kGg,pittsburgh
https://www.ubereats.com/pittsburgh/food-delivery/crazy-mocha-shadyside/T5ztqOlJTcWyPy7rYIg5eg,pittsburgh
https://www.ubereats.com/pittsburgh/food-delivery/brrats-deli/k1Tg-7fCTLuWapsfoku83g,pittsburgh
https://www.ubereats.com/pittsburgh/food-delivery/industry-public-house-lawrenceville/clPWxch4RBK8VWhi73djsw,pittsburgh
https://www.ubereats.com/pittsburgh/food-delivery/piada-oakland/ACdlnTO6Q5CzsPVdV14GBQ,pittsburgh
https://www.ubereats.com/pittsburgh/food-delivery/el-burro-uno/X27VM6RuTbGOtQf_tziWtA,pittsburgh
https://www.ubereats.com/pittsburgh/food-delivery/pizza-palermo-penn-hills/JjKDQT00SYiOjWBJv-oedg,pittsburgh
https://www.ubereats.com/pittsburgh/food-delivery/bills-bar-%26-burger-1001-liberty-avenue/YSj8rPhhSeWdf_DNAJWhUw,pittsburgh
https://www.ubereats.com/pittsburgh/food-delivery/tako/BUbuQkevRbi1kZ7MoH2iEQ,pittsburgh
https://www.ubereats.com/pittsburgh/food-delivery/boston-market-5200-baum-blvd/hhw7yIKTSPyPGQCdNyfe_g,pittsburgh
https://www.ubereats.com/pittsburgh/food-delivery/masala-house-indian-bistro/VsnwxEVpT_eruMtkP1swAw,pittsburgh
https://www.ubereats.com/pittsburgh/food-delivery/streets-on-carson-pitt/9czn1kYQSiOArz_YKiseqw,pittsburgh
https://www.ubereats.com/pittsburgh/food-delivery/papa-johns-4815-centre-ave/kvJPhZHTSoCu49X2-DdW4w,pittsburgh
https://www.ubereats.com/pittsburgh/food-delivery/steel-cactus-southside/FQP41EV5QjaPylNGiWlwjw,pittsburgh
https://www.ubereats.com/pittsburgh/food-delivery/sinful-sweets-chocolate-company-539-liberty-ave/WGnI2QIKTaiEZtGNphtGww,pittsburgh
https://www.ubereats.com/pittsburgh/food-delivery/the-vandal/swcRsl7kQku-clyhSmdSsw,pittsburgh
https://www.ubereats.com/pittsburgh/food-delivery/rossis-market/4ytJsH03S3CbYvYs0It2eA,pittsburgh
https://www.ubereats.com/pittsburgh/food-delivery/piccolo-forno/hHuW-KnZQ7iqhTH--R65YQ,pittsburgh
https://www.ubereats.com/pittsburgh/food-delivery/union-standard/JFqfxn3cRKaDIslFpV6tEw,pittsburgh
https://www.ubereats.com/pittsburgh/food-delivery/dunkin-3200-saw-mill-run-blvd/fbAFyLrTTtmAqUsxqfxhtQ,pittsburgh
https://www.ubereats.com/pittsburgh/food-delivery/forks-%26-knives-bistro/QzFZPjtaTbOqi6bmQygjPA,pittsburgh
https://www.ubereats.com/pittsburgh/food-delivery/jj-poke-bowl-%26-taiwanese-bubble-tea/G2BFa207SaqN2-iDbeI1cA,pittsburgh
https://www.ubereats.com/pittsburgh/food-delivery/taco-bell-121-costco-drive/8NYWQtzKTNij01x2YL-7SA,pittsburgh
https://www.ubereats.com/pittsburgh/food-delivery/dive-bar-%26-grille-south-side/Q65gnCQ3RUGJKg3HifQ-ZQ,pittsburgh
https://www.ubereats.com/pittsburgh/food-delivery/dennys-7319-mcknight-rd/9-Zkd4fMS-iLLZjF6xcWyQ,pittsburgh
https://www.ubereats.com/pittsburgh/food-delivery/arbys-6192-steubenville-pike/zVVPve-LSaGTR_PcFhl9Dw,pittsburgh
https://www.ubereats.com/pittsburgh/food-delivery/ihop-9036-st-simon-way/k1UhSg0cQSKVb7o0B7gPEg,pittsburgh
https://www.ubereats.com/pittsburgh/food-delivery/bengal-kabab-house-%26-restaurant/sSHg3GfJT8ixmlWw8cat9g,pittsburgh
https://www.ubereats.com/pittsburgh/food-delivery/subway-133-w-8th-ave/KjtuemcqRUWOJGxTyqk_Vg,pittsburgh
https://www.ubereats.com/pittsburgh/food-delivery/chipotle-mexican-grill-4861-mcknight-rd/QF2E-5RMSSqxUsezE7jFGA,pittsburgh
https://www.ubereats.com/pittsburgh/food-delivery/new-york-super-subs/BVMX5uJaS2eTk_b43j_ofw,pittsburgh
https://www.ubereats.com/pittsburgh/food-delivery/jolinas-2/i5S7i1qDSruoU5qJcaT2gA,pittsburgh
https://www.ubereats.com/pittsburgh/food-delivery/pizza-palermo-shadyside/4AVbVSwvSZaVcEkypU6KVQ,pittsburgh
https://www.ubereats.com/pittsburgh/food-delivery/panera-202339/h9JS0MhIRX6MeKQVuvBXug,pittsburgh
https://www.ubereats.com/pittsburgh/food-delivery/mintt-indian-restaurant-monroeville/GSS7J8ySTTWq6Bor-YMqMA,pittsburgh
https://www.ubereats.com/pittsburgh/food-delivery/slice-on-broadway-beechview/Wi0lYVrVTHyeW7gwElyK3w,pittsburgh
https://www.ubereats.com/pittsburgh/food-delivery/vinnys-pizza/pFHTpdCbRcCUG3HEnelFVg,pittsburgh
https://www.ubereats.com/pittsburgh/food-delivery/zarras/RK2Y3-WHQVSIw2raJ2rElg,pittsburgh
https://www.ubereats.com/pittsburgh/food-delivery/ocha-thai-noodle/L9PqEPDfSf2-DE7qwjDsVw,pittsburgh
https://www.ubereats.com/pittsburgh/food-delivery/papa-johns-pizza-frankstown/_rNZ7lNZRsOLZuJ4_B1R7A,pittsburgh
https://www.ubereats.com/pittsburgh/food-delivery/treats-and-beans/Krdd4ZhMRiuxSh8xyUDtxQ,pittsburgh
https://www.ubereats.com/pittsburgh/food-delivery/philly-pretzel-factory-monroeville/L6Nwq0BGR6yXlhYCt3My-w,pittsburgh
https://www.ubereats.com/pittsburgh/food-delivery/los-cabos/yCV1JgOeSu6Fmoj-zEHksA,pittsburgh
https://www.ubereats.com/pittsburgh/food-delivery/mccormick-%26-schmicks-301-fifth-avenue/zwYbWZ3sRQyKwdtRhxSCxQ,pittsburgh
https://www.ubereats.com/pittsburgh/food-delivery/thirsty-scholar-bar-%26-grille/aWTz-pcHQxm4c8rF3I797Q,pittsburgh
https://www.ubereats.com/pittsburgh/food-delivery/starbucks-waterfront-towne-center/0I5ordURQiyJgIsOW94CGg,pittsburgh
https://www.ubereats.com/pittsburgh/food-delivery/standard-market-%26-pint-house/qnMdzW3oRIi4Hle8l6Ln5w,pittsburgh
https://www.ubereats.com/pittsburgh/food-delivery/paris-66/U4v4E0m0TpaGf8ZUwDoDVA,pittsburgh
https://www.ubereats.com/pittsburgh/food-delivery/lot-17/k4c9Dbt4QKuI5R1fJR1bVQ,pittsburgh
https://www.ubereats.com/pittsburgh/food-delivery/jean-louis/Hvk0xdt3Qr2pY_4z3_-LTA,pittsburgh
https://www.ubereats.com/pittsburgh/food-delivery/primanti-brothers-southside-e-carson/RCz1lBMrSSiT2CFq9f1Gog,pittsburgh
https://www.ubereats.com/pittsburgh/food-delivery/creative-salads-at-the-bagel-factory-%22the-healthy-option-is-here%22/Aug3976_RsOMrYufOQdrDQ,pittsburgh
https://www.ubereats.com/pittsburgh/food-delivery/starbucks-sixth-street/nLkcCDugSXW5oWPs-MJyqw,pittsburgh
https://www.ubereats.com/pittsburgh/food-delivery/paebeas-planet-co/kJu6Oc8jRsiJFllfFQmfZQ,pittsburgh
https://www.ubereats.com/pittsburgh/food-delivery/mad-mex-shadyside/mmFAp9qXTZWLM5YIDnwQww,pittsburgh
https://www.ubereats.com/pittsburgh/food-delivery/olive-branch-mediterranean-cuisine/f651OebOTEOtse2PPrNmNw,pittsburgh
https://www.ubereats.com/pittsburgh/food-delivery/cafe-412/WFyy97iWSHmdou_k3xNhdg,pittsburgh
https://www.ubereats.com/pittsburgh/food-delivery/vocelli-pizza-1025-washington-pike/A-s3EhnBQDehQ7wKihDy-A,pittsburgh
https://www.ubereats.com/pittsburgh/food-delivery/chutneys-indian-veg-kitchen/xSpd0YOnSk2FrLoT1Hs7gg,pittsburgh
https://www.ubereats.com/pittsburgh/food-delivery/wendys-725-allegheny-ave/IRHyINC9Qk63H80gZw28zw,pittsburgh
https://www.ubereats.com/pittsburgh/food-delivery/portogallo-peppers-nat/_GeJUDp0Tri363h4HeZNuw,pittsburgh
https://www.ubereats.com/pittsburgh/food-delivery/taco-bell-1690-cochran-rd/vV2DyN2dS0CleDW0r9qCkg,pittsburgh
https://www.ubereats.com/pittsburgh/food-delivery/taco-bell-shaler-plaza-880-butler-st/0i7l3UwtQJmJmZ6awr_Hag,pittsburgh
https://www.ubereats.com/pittsburgh/food-delivery/south-side-bbq-company/TYf4_nBcTxeIGmgH-vU3Cg,pittsburgh
https://www.ubereats.com/pittsburgh/food-delivery/kaya/FTBHP_b7RHOZa6pYAFGevQ,pittsburgh
https://www.ubereats.com/pittsburgh/food-delivery/hook-fish-%26-chicken-mckees-rocks/v3i1oHGJTYeLu3FKwvbSKw,pittsburgh
https://www.ubereats.com/pittsburgh/food-delivery/cafe-tu-y-yo/9X4XRN4VTAes-CoLHWU2lA,pittsburgh
https://www.ubereats.com/pittsburgh/food-delivery/everyday-noodles/vEaali4NRh6eFd7TMASjjg,pittsburgh
https://www.ubereats.com/pittsburgh/food-delivery/arbys-3700-library-rd/NtjiVOzSSty6mucA7ax8vQ,pittsburgh
https://www.ubereats.com/pittsburgh/food-delivery/freshii-501-grant-st/9ZA2L2sSTrG8XDO6pDPE4Q,pittsburgh
https://www.ubereats.com/pittsburgh/food-delivery/subway-950-ridge-ave/Lsu23m1bQ7SrQruf3If4Fg,pittsburgh
https://www.ubereats.com/pittsburgh/food-delivery/burger-king-920-ohio-river-blvd/kEnXfpbeTPeB5S632efPBQ,pittsburgh
https://www.ubereats.com/pittsburgh/food-delivery/thai-%26-noodle-outlet/AO_AdUF_QuGtGWyNd9MzPA,pittsburgh
https://www.ubereats.com/pittsburgh/food-delivery/genoa-pizza-pitt/KRhxb67LSSa9exVIx8Z2UA,pittsburgh
https://www.ubereats.com/pittsburgh/food-delivery/capri-pizzeria-%26-bar/2F9_XoQDQjmfm4UqTOoiIg,pittsburgh
https://www.ubereats.com/pittsburgh/food-delivery/don-campitis-pizzeria-dormont/qeCsMa9_RqqsyT7trd_Zmw,pittsburgh
https://www.ubereats.com/pittsburgh/food-delivery/arbys-3435-forbes-ave/itF_QBUITMqKCzdeXfU2Hg,pittsburgh
https://www.ubereats.com/pittsburgh/food-delivery/mon-valley-kitchen/OOuoqizxQTqliDR8zK2Bfg,pittsburgh
https://www.ubereats.com/pittsburgh/food-delivery/vocelli-pizza-1687-washington-road/q1ZKmnGTSWm2QrYhkoPOEQ,pittsburgh
https://www.ubereats.com/pittsburgh/food-delivery/panda-express-2070-lebanon-church-rd/_pZ8yAIHT2GuqPTY5bRu7g,pittsburgh
https://www.ubereats.com/pittsburgh/food-delivery/ts-restaurant-and-lounge/mJTBmkGVTwaednxEnpn_vg,pittsburgh
https://www.ubereats.com/pittsburgh/food-delivery/tsaocaa/tSOIrvQJSLyXHk9L4gj59A,pittsburgh
https://www.ubereats.com/pittsburgh/food-delivery/papa-johns-351-hoffman-blvd-unit-3/Cwsh4r2iSMi7NHI0ZGBW5Q,pittsburgh
https://www.ubereats.com/pittsburgh/food-delivery/pza-pittsburgh-ss/JT1BiFqlRNGrYw4b5nqIGw,pittsburgh
https://www.ubereats.com/pittsburgh/food-delivery/emilianos-shadyside/4bUPFL8kSIW8yjK63sntiQ,pittsburgh
https://www.ubereats.com/pittsburgh/food-delivery/nickys-thai-kitchen-northside/UdGG8tieRKaqNKblyY-Tsg,pittsburgh
https://www.ubereats.com/pittsburgh/food-delivery/primanti-bros-830-clairton-blvd/wny40HykS-CxQGMzHltsFQ,pittsburgh
https://www.ubereats.com/pittsburgh/food-delivery/kfc-5130-clairton-blvd/joD9UDO1SNGOQzI2ZuPnBQ,pittsburgh
https://www.ubereats.com/pittsburgh/food-delivery/tasty-n-healthy/J1oIAw8vSX-JVYnm-Orjiw,pittsburgh
https://www.ubereats.com/pittsburgh/food-delivery/ajs-burger-and-peruvian-food/SonoRXnBQJ-qXupPBEbooA,pittsburgh
https://www.ubereats.com/pittsburgh/food-delivery/the-warren-bar-and-burrow/LQGXP8SAQEyo1f80y-C5PQ,pittsburgh
https://www.ubereats.com/pittsburgh/food-delivery/diners-2%2B1/wyIwhpvRSm6GySNEDLGR5Q,pittsburgh
https://www.ubereats.com/pittsburgh/food-delivery/sals-pizza/-bBB8C6uRmq4BAhdiWsGTg,pittsburgh
https://www.ubereats.com/pittsburgh/food-delivery/pub-grub-deli/EDtsYHvkSi6eodWkgUGQ7A,pittsburgh
https://www.ubereats.com/pittsburgh/food-delivery/als-fish-and-chicken-duquesne-blvd/mbsngmwmRVKA-B6tybgQsw,pittsburgh
https://www.ubereats.com/pittsburgh/food-delivery/wendys-3990-william-penn-highway/K-VvIEPNRQ-O-ejoCABS-Q,pittsburgh
https://www.ubereats.com/pittsburgh/food-delivery/tommygs-pizzeria/FjylCOSjQxqZdMs-SOJCgQ,pittsburgh
https://www.ubereats.com/pittsburgh/food-delivery/rose-tea-express/74S6zeqmTyy-EnOjEP8l4Q,pittsburgh
https://www.ubereats.com/pittsburgh/food-delivery/chipotle-mexican-grill-4611-forbes-ave/nOBlkOdfSIuRKi9mxrRESA,pittsburgh
https://www.ubereats.com/pittsburgh/food-delivery/rogue-bbq/XjLXySXdRsKxS1kGQOQN5w,pittsburgh
https://www.ubereats.com/pittsburgh/food-delivery/original-gyro/nResO2PcR2q6VJR5rjJ6gg,pittsburgh
https://www.ubereats.com/pittsburgh/food-delivery/pf-changs-148-w-bridge-st/8z-WsmLrSNiLB3Q6zoamWw,pittsburgh
https://www.ubereats.com/pittsburgh/food-delivery/panda-express-7223-mcknight-rd/paU1KVPITGuXSeAK6-QPYg,pittsburgh
https://www.ubereats.com/pittsburgh/food-delivery/bfg-cafe/AmyQw1meR9yvyzKfCe7DOg,pittsburgh
https://www.ubereats.com/pittsburgh/food-delivery/local-bar-%2B-kitchen-south-side/T1znh8qaQMyFJ_DzLEofSg,pittsburgh
https://www.ubereats.com/pittsburgh/food-delivery/patron-mexican-grill-monroeville/-ep6pnX8RAWkZjD-ZAbEQQ,pittsburgh
https://www.ubereats.com/pittsburgh/food-delivery/street-foods-world/1pyySiOKTF-tFGpVieKw7Q,pittsburgh
https://www.ubereats.com/pittsburgh/food-delivery/red-lobster-259-clairton-blvd/sRqipVBdR96NTf7biylLaA,pittsburgh
https://www.ubereats.com/pittsburgh/food-delivery/micro-diner/KNjWKS2jTa-wWvm4cCr2rw,pittsburgh
https://www.ubereats.com/pittsburgh/food-delivery/vincenzos-pizza-%26-pasta/JB_pECBwTeS7ptZXGTJPwg,pittsburgh
https://www.ubereats.com/pittsburgh/food-delivery/2-sisters-2-sons/nhcXShiwSJKMY2-i2-FVew,pittsburgh
https://www.ubereats.com/pittsburgh/food-delivery/joyin-enterprises-%40-renewal-cafe/lrlAJSDkQRCHhzouwB6fJw,pittsburgh
https://www.ubereats.com/pittsburgh/food-delivery/burger-king-909-butler-st/PLoJB4fVT02IUZv3NScg8Q,pittsburgh
https://www.ubereats.com/pittsburgh/food-delivery/hook-fish-%26-chicken-federal-st/S_zOJeLgRrq6gFnZRHqc6A,pittsburgh
https://www.ubereats.com/pittsburgh/food-delivery/ts-burgers/06Kj55dFTGGBz37UszmV-Q,pittsburgh
https://www.ubereats.com/pittsburgh/food-delivery/burgatory-waterworks-mall/Gn1fPKYuRGCXQT0Kk9J2fg,pittsburgh
https://www.ubereats.com/pittsburgh/food-delivery/wahlburgers-pittsburgh-robinson/qAOLymNxTlKuiQ1TctrUSA,pittsburgh
https://www.ubereats.com/pittsburgh/food-delivery/honeygrow-105-s-highland-avenue/HPwCfI_ESgCdIFgNmPeWFQ,pittsburgh
https://www.ubereats.com/pittsburgh/food-delivery/cilantro-%26-ajo/fWBBarLnSQ-mT4t3fxIO4A,pittsburgh
https://www.ubereats.com/pittsburgh/food-delivery/rose-tea-cafe/3RAEx2qLR3O-RFc7CnZTpQ,pittsburgh
https://www.ubereats.com/pittsburgh/food-delivery/wendys-5422-baum-blvd/x9F4Ni7SSw-rrW1a9YZQ-A,pittsburgh
https://www.ubereats.com/pittsburgh/food-delivery/betsys-ice-cream/a1laog93TbC6ryLPZtR0Aw,pittsburgh
https://www.ubereats.com/pittsburgh/food-delivery/combo-kitchen/TGI7F009RECvBBMc_CLGdw,pittsburgh
https://www.ubereats.com/pittsburgh/food-delivery/double-wide-grill-pittsburgh/Xo7_CDjiQ5eJYSyc9Ct7jw,pittsburgh
https://www.ubereats.com/pittsburgh/food-delivery/india-on-wheels/Rkza_OqtSs-OeSSgEPOieA,pittsburgh
https://www.ubereats.com/pittsburgh/food-delivery/forbes-gyro/9h9DAxsYRQa4BbWBln3uDA,pittsburgh
https://www.ubereats.com/pittsburgh/food-delivery/grandslam-pizza/m0g2n4OFSeeAwPD_wKKbDQ,pittsburgh
https://www.ubereats.com/pittsburgh/food-delivery/wendys-208-rodi-road/kU9ulAo7T5KMbVSr5tvD7Q,pittsburgh
https://www.ubereats.com/pittsburgh/food-delivery/edible-arrangements-1001-liberty-ave/4laFABTcQyWM7NEMDsAYCA,pittsburgh
https://www.ubereats.com/pittsburgh/food-delivery/joes-crab-shack-5-station-square-dr-ste-226/LG71jyDsSLyivAY5GBpTKw,pittsburgh
https://www.ubereats.com/pittsburgh/food-delivery/edgewood-beer-%26-tobacco/UhVNO8ZKR6G44xwiXP9akQ,pittsburgh
https://www.ubereats.com/pittsburgh/food-delivery/olive-oils-pizzeria-bethel-park/MeaqFmYbRNmKoCcTy55Eyw,pittsburgh
https://www.ubereats.com/pittsburgh/food-delivery/kfc-1-harmar-landing-drive/DxI6PwkjRPuWXcaW8A197w,pittsburgh
https://www.ubereats.com/pittsburgh/food-delivery/orient-express/zgxzgmTjSbmjSQxm2tRw_A,pittsburgh
https://www.ubereats.com/pittsburgh/food-delivery/the-yard-gastropub-market-square/A1ms2_9ySbGbl1849LV_8Q,pittsburgh
https://www.ubereats.com/pittsburgh/food-delivery/ragtime/DNynlLpRRWqudwnkzW2JJw,pittsburgh
https://www.ubereats.com/pittsburgh/food-delivery/r%26bs-pizza/yB7xYyHISb-jsDkpkPUt5g,pittsburgh
https://www.ubereats.com/pittsburgh/food-delivery/kfc-222-w-8th-ave/_5PAsahcTnythzM6-HqR1A,pittsburgh
https://www.ubereats.com/pittsburgh/food-delivery/sakura-teppanyaki-%26-sushi-fine-cuisine/PEtGKO98RZaX0gcjoX-N9w,pittsburgh
https://www.ubereats.com/pittsburgh/food-delivery/macaron-bar-east-liberty/hMYwksnjRtCR2-AZ9TgElg,pittsburgh
https://www.ubereats.com/pittsburgh/food-delivery/coughlins-law-kitchen-and-ale-house/T61BDMMcR-K20Ek6HamEaw,pittsburgh
https://www.ubereats.com/pittsburgh/food-delivery/starbucks-squirrel-hill-forbes-%26-shady/VsDs5bYmRr6Lh-1HBQfhAA,pittsburgh
https://www.ubereats.com/pittsburgh/food-delivery/subway-2020-ardmore-blvd/f8M_YxuSS4-UU3BkPkcuoQ,pittsburgh
https://www.ubereats.com/pittsburgh/food-delivery/shogun-japanese-steakhouse/krzMixaaRlygFK6rES0Wzg,pittsburgh
https://www.ubereats.com/pittsburgh/food-delivery/house-of-soul-carryout-catering/SIiCZON3Q9eM-owmPHUSFw,pittsburgh
https://www.ubereats.com/pittsburgh/food-delivery/chipotle-mexican-grill-1027-freeport-rd/oR4NgGcgSpWGViTXdfLQWA,pittsburgh
https://www.ubereats.com/pittsburgh/food-delivery/outback-steakhouse-1400-marketplace-boulevard/awDtqNcoTEuXXLxhoSNStw,pittsburgh
https://www.ubereats.com/pittsburgh/food-delivery/nakama-japanese-steak-house-carson-st/ZXilcqPyQRODKZ5RcQcaaQ,pittsburgh
https://www.ubereats.com/pittsburgh/food-delivery/doce-taqueria/slxIRN0jSUu-vtfMfsSxeQ,pittsburgh
https://www.ubereats.com/pittsburgh/food-delivery/wendys-1705-pinehollow-rd/l0jl_ddERE6EGPpJ_Ow6QQ,pittsburgh
https://www.ubereats.com/pittsburgh/food-delivery/wendys-2280-lebanon-church-rd/48SG5ClfSKOVZqwFIZ-1pg,pittsburgh
https://www.ubereats.com/pittsburgh/food-delivery/daphne-cafe/maWIGPdES3OaWKOfw4SUoQ,pittsburgh
https://www.ubereats.com/pittsburgh/food-delivery/cobblerworld/s8M9Q1YFRwCyXKbzbm7WSQ,pittsburgh
https://www.ubereats.com/pittsburgh/food-delivery/donut-connection/1V4vDBqBTpGzklgjiwChag,pittsburgh
https://www.ubereats.com/pittsburgh/food-delivery/vocelli-pizza-201-allegheny-avenue/IxS1J11oQZ-qs-uynPIz1w,pittsburgh
https://www.ubereats.com/pittsburgh/food-delivery/simmies-restaurant-and-lounge/8B8OoyZhTWi7VFCnI-LTng,pittsburgh
https://www.ubereats.com/pittsburgh/food-delivery/hook-fish-%26-chicken-penn-hills/8tEJoRNNSpiN8hqaHTJ3zA,pittsburgh
https://www.ubereats.com/pittsburgh/food-delivery/taco-bell-2300-ardmore-blvd/mGFhGnM4QV2q0FRqLrZW2Q,pittsburgh
https://www.ubereats.com/pittsburgh/food-delivery/tooktook98/_KjNrtBbSD6aTAsHBJdp8g,pittsburgh
https://www.ubereats.com/pittsburgh/food-delivery/the-colombian-spot/bN4DObQpQpmuIiRddI4DBQ,pittsburgh
https://www.ubereats.com/pittsburgh/food-delivery/ribs-n-bread/HxjV5FviQyeVIHBGqM4bRw,pittsburgh
https://www.ubereats.com/pittsburgh/food-delivery/b-%26-m-market/AUQD9KzySKaPQOnp0anw7Q,pittsburgh
https://www.ubereats.com/pittsburgh/food-delivery/emilianos-mexican-restaurant-%26-bar-e-carson/72WjEtUqTQKehzC1qv2mWg,pittsburgh
https://www.ubereats.com/pittsburgh/food-delivery/rallys-11749-frankstown-road/ku_f_Bm1Qqukn1_3ZN1Y_Q,pittsburgh
https://www.ubereats.com/pittsburgh/food-delivery/hokkaido-seafood-restaurant/-mqZvhHjRLq7mtvEVRJxKA,pittsburgh
https://www.ubereats.com/pittsburgh/food-delivery/bridges-%26-bourbon/sPBhVSBHT9ifINOgmd3iCA,pittsburgh
https://www.ubereats.com/pittsburgh/food-delivery/pittza-cafe-%26-breakfast/Vv65n_CgRHWZ7WlU7woH1g,pittsburgh
https://www.ubereats.com/pittsburgh/food-delivery/pasha-cafe/-DUsbw8UT-KFaJMbOE3t4Q,pittsburgh
https://www.ubereats.com/pittsburgh/food-delivery/bella-monte-pizza/ZPwcijKqQRWwKufe6ZznuA,pittsburgh
https://www.ubereats.com/pittsburgh/food-delivery/mcdonalds-northside/Q4--j87kQMm5twZ82G8VEw,pittsburgh
https://www.ubereats.com/pittsburgh/food-delivery/kfc-509-penn-ave/Lp-1tq-XSjeUH5p7nzKDew,pittsburgh
https://www.ubereats.com/pittsburgh/food-delivery/iron-born-pizza/ExNsSZxETBaANDzrTn8CrQ,pittsburgh
https://www.ubereats.com/pittsburgh/food-delivery/napoli-pizzeria/UU46EXOCQvKkEHRay61Aug,pittsburgh
https://www.ubereats.com/pittsburgh/food-delivery/arbys-5030-william-flynn-hwy/Po4OlDAfRe-1koR7GWu6yQ,pittsburgh
https://www.ubereats.com/pittsburgh/food-delivery/frenchis-deli-%26-market/eWRl8NAiT5mDEXfutvU7wA,pittsburgh
https://www.ubereats.com/pittsburgh/food-delivery/drift-hookah-lounge/lQH9Q0DCRd6VsQ6C40_0jQ,pittsburgh
https://www.ubereats.com/pittsburgh/food-delivery/spirits-%26-tales/WyC9CjjvTT249IpPzrRnnw,pittsburgh
https://www.ubereats.com/pittsburgh/food-delivery/cherries-diner/Qq5K28-BQ8eXjAdd1zhF7A,pittsburgh
https://www.ubereats.com/pittsburgh/food-delivery/vocelli-pizza-2011-waverly-avenue/yRYZTDefSO-IHagdqJn0SQ,pittsburgh
https://www.ubereats.com/pittsburgh/food-delivery/bull-river-taco/92HlLeLFSAe8nkGRNSWGuQ,pittsburgh
https://www.ubereats.com/pittsburgh/food-delivery/panera-5430-centre-avenue/1sO6bm47TsO2aZ7GjzwY0A,pittsburgh
https://www.ubereats.com/pittsburgh/food-delivery/1905-vera-bakery/GoeIChP9QjGVMGtaks5aZA,pittsburgh
https://www.ubereats.com/pittsburgh/food-delivery/szechuan-express/FP2ZqNANR3KzFhj1s6H1Bg,pittsburgh
https://www.ubereats.com/pittsburgh/food-delivery/pasquales-pizzeria-aspinwall/gtqNzIRDTu6L2qd5HDrAdg,pittsburgh
https://www.ubereats.com/pittsburgh/food-delivery/dunkin-2065-ardmore-blvd/cUUJaahcRS6NZl3RyEIdUw,pittsburgh
https://www.ubereats.com/pittsburgh/food-delivery/s%26d-polish-deli/M2TM4yxXQiyNp-xVewNy-w,pittsburgh
https://www.ubereats.com/pittsburgh/food-delivery/mcdonalds-verona/5_Uup8ZbQfyot24asPVJ0w,pittsburgh
https://www.ubereats.com/pittsburgh/food-delivery/shumans-homewood/JdMTXYbqRVeLHPRFVIQhhQ,pittsburgh
https://www.ubereats.com/pittsburgh/food-delivery/el-campesino/PYlFBdbRSne7cu7T4WBgkA,pittsburgh
https://www.ubereats.com/pittsburgh/food-delivery/einstein-bros-bagels-3-ppg-pl/DAMfX8gnSo-VD1iBP0C6_Q,pittsburgh
https://www.ubereats.com/pittsburgh/food-delivery/coca-cafe-pitt/7FhAB3I9TXC10ts8j9BCaA,pittsburgh
https://www.ubereats.com/pittsburgh/food-delivery/new-china-inn/qxSyVy00Q3G8Y7imX6S9kQ,pittsburgh
https://www.ubereats.com/pittsburgh/food-delivery/burger-king-564-forbes-ave/gfNLXfvxS6utzbl2QNvEzA,pittsburgh
https://www.ubereats.com/pittsburgh/food-delivery/pho-van-pa/ksljBHs9Toa_eH56fhVcwQ,pittsburgh
https://www.ubereats.com/pittsburgh/food-delivery/steel-city-breakfast/RsQWVPzRR72fBZKKGlg7Iw,pittsburgh
https://www.ubereats.com/pittsburgh/food-delivery/bsb-house-of-wings-bloomfield/XMFQeEYCS1aVAE0EUB2rxw,pittsburgh
https://www.ubereats.com/pittsburgh/food-delivery/caffe-mona-la-bistro/q8jU2RFCRFG2HETlY8u7LQ,pittsburgh
https://www.ubereats.com/pittsburgh/food-delivery/pizza-perfectta/DKWo2YBYQ6ezNm97mYRQtQ,pittsburgh
https://www.ubereats.com/pittsburgh/food-delivery/grandpa-joes-candy-shop/gvjtJVMpTDacEmRxHMlQSA,pittsburgh
https://www.ubereats.com/pittsburgh/food-delivery/homerun-harrys-grill/Hbm9Cj1UQhypfGFGRH0gQg,pittsburgh
https://www.ubereats.com/pittsburgh/food-delivery/mezbaan-indian-cuisine/asLCdTVpRgancjggPY5HEw,pittsburgh
https://www.ubereats.com/pittsburgh/food-delivery/mia-pizza-pittsburgh/Ks77RlHwSAeP_WBTTt4_OA,pittsburgh
https://www.ubereats.com/pittsburgh/food-delivery/turkish-grille-downtown/ZHpdpQroSDa48HddIpipsg,pittsburgh
https://www.ubereats.com/pittsburgh/food-delivery/the-yard-gastropub-north-fayette-robinson/WY0I_97WRvG7podOROtlBw,pittsburgh
https://www.ubereats.com/pittsburgh/food-delivery/bob-evans-141-7412-mcknight-road/iTh1QqzWRoqXa3TE6Nsz3Q,pittsburgh
https://www.ubereats.com/pittsburgh/food-delivery/brgr-mt-lebanon/IsUdebh4QVmYVSbPeapFDw,pittsburgh
https://www.ubereats.com/pittsburgh/food-delivery/sichuan-palace/xVOor8IeRsixrotavBAGmg,pittsburgh
https://www.ubereats.com/pittsburgh/food-delivery/taco-bell-825-freeport-rd/jkwbbmCGSJGHF-wTMraD9g,pittsburgh
https://www.ubereats.com/pittsburgh/food-delivery/rupes-roadhouse/XEywJeD_RC-tQtr-SPCS6Q,pittsburgh
https://www.ubereats.com/pittsburgh/food-delivery/rons-pizza-palace/0-kr27dHStmzQUagQtTonA,pittsburgh
https://www.ubereats.com/pittsburgh/food-delivery/arbys-1140-washington-pike/1XCumsSASvSQg2ol37AaXQ,pittsburgh
https://www.ubereats.com/pittsburgh/food-delivery/muddy-waters/Uopkg5dIQZSFezOhry0pgg,pittsburgh
https://www.ubereats.com/pittsburgh/food-delivery/mcdonalds-mt-oliver/andEcm6qTcmJYWgFqP_yRQ,pittsburgh
https://www.ubereats.com/pittsburgh/food-delivery/middle-road-inn/R2w2OdP2Qb2W6dtkIsfGNQ,pittsburgh
https://www.ubereats.com/pittsburgh/food-delivery/thai-terrace/ZPFzLV-3T8S-AYUjeEAjBQ,pittsburgh
https://www.ubereats.com/pittsburgh/food-delivery/bds-mongolian-grill/cZ1oLlQITI2NamAPJZ8Ohg,pittsburgh
https://www.ubereats.com/pittsburgh/food-delivery/pizza-parma-shadyside/_EIK0lzpQ2y4nM-mKTF8Sw,pittsburgh
https://www.ubereats.com/pittsburgh/food-delivery/vocelli-pizza-1786-golden-mile-highway/YjlGd1ViT5eeFqxeWUVz3A,pittsburgh
https://www.ubereats.com/pittsburgh/food-delivery/mcdonalds-penn-hills/jrfPBHXqRiGLtneea9ofUQ,pittsburgh
https://www.ubereats.com/pittsburgh/food-delivery/shumans-burgers/LdYdSw-9TI6LzGgTswrggg,pittsburgh
https://www.ubereats.com/pittsburgh/food-delivery/halal-pitt/KJgx_xvIQAGKWi-XP9YO1w,pittsburgh
https://www.ubereats.com/pittsburgh/food-delivery/vocelli-pizza-4235-murray-ave/6G37JOwGTqaz2l48W035oA,pittsburgh
https://www.ubereats.com/pittsburgh/food-delivery/jailhouse-saloon/952VLUycTQOPIorcYJDPlA,pittsburgh
https://www.ubereats.com/pittsburgh/food-delivery/campus-deli/9edbcyr-S9KNQH6bjH-lZw,pittsburgh
https://www.ubereats.com/pittsburgh/food-delivery/dunkin-3907-forbes-ave/7KaRn3bRTLeb7Rp5T6sI3A,pittsburgh
https://www.ubereats.com/pittsburgh/food-delivery/pittsburgerz/N2kTilMgSZ2kze5P5vwetw,pittsburgh
https://www.ubereats.com/pittsburgh/food-delivery/cuddys/MUdXTVL5QJmEZDCF9Fzt4A,pittsburgh
https://www.ubereats.com/pittsburgh/food-delivery/burger-king-2379-noblestown-road/rTf7nx2jTuahg_aDeOsrpw,pittsburgh
https://www.ubereats.com/pittsburgh/food-delivery/hook-fish-and-chicken/I6ECDe3cRQ6PPB_AA8iSnw,pittsburgh
https://www.ubereats.com/pittsburgh/food-delivery/mas-honey/B9U51RE9SuCvp300qtPQqQ,pittsburgh
https://www.ubereats.com/pittsburgh/food-delivery/mcdonalds-gateway/-BQL6VmFTa2Ojv1wvDY6ug,pittsburgh
https://www.ubereats.com/pittsburgh/food-delivery/dads-pub-and-grubbrinton/57dRNcuRSQKTIu41unI0Xw,pittsburgh
https://www.ubereats.com/pittsburgh/food-delivery/panda-express-1028-freeport-rd/tWnjW2WySByacV7nDvq4FQ,pittsburgh
https://www.ubereats.com/pittsburgh/food-delivery/bob-evans-98-1-mariner-court/VLkLay-HRpKjVz-U4Kc6Sg,pittsburgh
https://www.ubereats.com/pittsburgh/food-delivery/all-india-pittsburgh/BZbUkhQvSZWy4oR234oY-A,pittsburgh
https://www.ubereats.com/pittsburgh/food-delivery/shaka-restaurant/Gfwl_ZW-Rh-w1RYfQPlDFA,pittsburgh
https://www.ubereats.com/pittsburgh/food-delivery/t-swirl-crepe-pittsburgh/FQjfDSu8TIqucGoEL9x-LA,pittsburgh
https://www.ubereats.com/pittsburgh/food-delivery/subway-6022-penn-ave/ubsTMsAaRUiff3Rbp7RANg,pittsburgh
https://www.ubereats.com/pittsburgh/food-delivery/bob-evans-80-2210-lebanon-church-road/VhU0jKDhQWmfhzqGKe7ERQ,pittsburgh
https://www.ubereats.com/pittsburgh/food-delivery/the-foundry-table-%26-tap/N4jRmW8OS0SfPTJJpP5Gbg,pittsburgh
https://www.ubereats.com/pittsburgh/food-delivery/westwood-bar-and-grille/PiFTBDNeR_WJwzXOPbQ9vw,pittsburgh
https://www.ubereats.com/pittsburgh/food-delivery/caliente-pizza-%26-drafthouse-aspinwall/pNtW02rUSO6g0a2ROvbZ9w,pittsburgh
https://www.ubereats.com/pittsburgh/food-delivery/trattoria-saporito/dv-nEJ3KSWGZFAC8z_YIkQ,pittsburgh
https://www.ubereats.com/pittsburgh/food-delivery/tgi-fridays-1101-pittsburgh-waterfront-pa/N8l2LBUcQsOBXdgTYwT-lw,pittsburgh
https://www.ubereats.com/pittsburgh/food-delivery/tomatoes-ii-pizzeria/9GKErzgEQZ28-cSVOkP5nw,pittsburgh
https://www.ubereats.com/pittsburgh/food-delivery/zen-noodle-house/5JjxcJEvQR-PiIqf0Xeq7g,pittsburgh
https://www.ubereats.com/pittsburgh/food-delivery/dijlah-restaurant/7ieb4CoqStSiJDXmCoqmIQ,pittsburgh
https://www.ubereats.com/pittsburgh/food-delivery/carmodys-grille/pOm7DbiBQ0yvnE_Rj7W3Ew,pittsburgh
https://www.ubereats.com/pittsburgh/food-delivery/campitis-pizzeria-bethel-park/cQkz0KAlTS6nGZ5dv6ikpQ,pittsburgh
https://www.ubereats.com/pittsburgh/food-delivery/revel/TylkPpOcQTKMswY3l74DWg,pittsburgh
https://www.ubereats.com/pittsburgh/food-delivery/hanini-subs-brighton-road/7bJnjpjKQYep12_u7QBuvg,pittsburgh
https://www.ubereats.com/pittsburgh/food-delivery/primanti-brothers-mt-lebanon/FE9963Z4RFKJOjNHlGPGuA,pittsburgh
https://www.ubereats.com/pittsburgh/food-delivery/agave-and-vine/OQQw4lXBQ56ZK4Ilbm7QTw,pittsburgh
https://www.ubereats.com/pittsburgh/food-delivery/five-guys-pa-1613-73845-northern-pike/vm_Igst0S9Gz08rXvtZeXA,pittsburgh
https://www.ubereats.com/pittsburgh/food-delivery/i-lava-poke/IR-zJdcmQwe8K7OuL3okkQ,pittsburgh
https://www.ubereats.com/pittsburgh/food-delivery/panera-202313/jPFSQRXZTf6B_PUvIl9f8A,pittsburgh
https://www.ubereats.com/pittsburgh/food-delivery/wendys-1660-cochran-rd/9qKy7AJBSgmVdqC6hLAhpg,pittsburgh
https://www.ubereats.com/pittsburgh/food-delivery/daddy-ds-suber-soulfood/BMcXq-CYQJSUxrhyrQT51g,pittsburgh
https://www.ubereats.com/pittsburgh/food-delivery/primanti-brothers-s-market-square/qN1VmnneSSmzZyDmCevFhQ,pittsburgh
https://www.ubereats.com/pittsburgh/food-delivery/burger-king-2900-brownsville-road/rB-F96zRSRaNzwQI_BPkdw,pittsburgh
https://www.ubereats.com/pittsburgh/food-delivery/piada-northway/8eQkeVQzScSP4f3lLtpC0A,pittsburgh
https://www.ubereats.com/pittsburgh/food-delivery/zoup!-1137-freeport-rd/xzYKSoG5ToKYRcS7ldrl8Q,pittsburgh
https://www.ubereats.com/pittsburgh/food-delivery/five-guys-pa-1665-3-ppg-pl/xNjnTL1oQxO1VwCtjN30_g,pittsburgh
https://www.ubereats.com/pittsburgh/food-delivery/tres-rios/moUKLCKTTpC49xoTy4xWjw,pittsburgh
https://www.ubereats.com/pittsburgh/food-delivery/primanti-brothers-strip-18th-st/fyKuA1SLQzWJDN-HWg8jnw,pittsburgh
https://www.ubereats.com/pittsburgh/food-delivery/foxs-pizza-den-104-church-st/IE_MO_TRTNWSnv1oDRvCJw,pittsburgh
https://www.ubereats.com/pittsburgh/food-delivery/murray-avenue-grill/NotzqZeOTdSzEKgLXpC7kA,pittsburgh
https://www.ubereats.com/pittsburgh/food-delivery/gennaros-pizza/19GUliqzRS2Tn2MXuwOUWA,pittsburgh
https://www.ubereats.com/pittsburgh/food-delivery/dancing-crab-too/fPfM2MKJRs6NI57cCTByTg,pittsburgh
https://www.ubereats.com/pittsburgh/food-delivery/pizza-parma-downtown/nwyhhD74Rda1jQL1Xvbjng,pittsburgh
https://www.ubereats.com/pittsburgh/food-delivery/sunoco-a-plus-mini-mart/KEEr30bSTNipygcuvX_PBg,pittsburgh
https://www.ubereats.com/pittsburgh/food-delivery/taco-town/4WEORwJITiyGA06J2sIWuA,pittsburgh
https://www.ubereats.com/pittsburgh/food-delivery/applebees-1601-south-braddock-avenue-%2386079/IXZdmg0pTwiTk8znUWQ68A,pittsburgh
https://www.ubereats.com/pittsburgh/food-delivery/burghers/EL0cFRrmQQGaMWewoFa27Q,pittsburgh
https://www.ubereats.com/pittsburgh/food-delivery/taste-of-india/H_dgHwl9RXqE-vMYD3eEhQ,pittsburgh
https://www.ubereats.com/pittsburgh/food-delivery/dairy-queen-grill-%26-chill-1223-e-carson-st/btH0NtlIQV2lr2_VvqAbHA,pittsburgh
https://www.ubereats.com/pittsburgh/food-delivery/pizza-pronto/3PATyEXATCGEijknR7zYwg,pittsburgh
https://www.ubereats.com/pittsburgh/food-delivery/pizza-bellagio/Iji2aVLLQz2GRODtZoWDtQ,pittsburgh
https://www.ubereats.com/pittsburgh/food-delivery/k%26ts-fish-and-chicken/fr384ulORVyJ3VFhrgQgug,pittsburgh
https://www.ubereats.com/pittsburgh/food-delivery/coachs-bottleshop-%26-grille/RP2aSfPzTamzvMH44JX9rg,pittsburgh
https://www.ubereats.com/pittsburgh/food-delivery/india-palace-cuisine/2XR7hx8sSQyCelX07ZkExQ,pittsburgh
https://www.ubereats.com/pittsburgh/food-delivery/v3-flatbread-pizza-4500-butler-st/XkJ2M8ahSkOJNn7dN2INhw,pittsburgh
https://www.ubereats.com/pittsburgh/food-delivery/hoshi-food-truck/d9fOAsHURoir660dejOTOg,pittsburgh
https://www.ubereats.com/pittsburgh/food-delivery/la-palapa/wn3JLajsT8KpIwXxsNTO6w,pittsburgh
