url,city
https://www.ubereats.com/indianapolis/food-delivery/tgi-fridays-2696-indianapolis-west-in/XnHgZn95TQeUJDPS5g9l3g,plainfield-indiana
https://www.ubereats.com/indianapolis/food-delivery/iguanas-mexican-restaurant/Q6MIlOAUSAyVTlXxHrC74g,plainfield-indiana
https://www.ubereats.com/indianapolis/food-delivery/indian-and-american-restaurant/Yd3L3JuwTFiQtsPkqBEAhw,plainfield-indiana
https://www.ubereats.com/indianapolis/food-delivery/starbucks-hwy-67-%26-heartland/PGWy0el1Qo6-IFDF23Zmvg,plainfield-indiana
https://www.ubereats.com/indianapolis/food-delivery/pasquallys-pizza-%26-wings-9931-e-us-hwy-36-lot-%231/Xf5oxIs3STqy9Ty8_WYRLQ,plainfield-indiana
https://www.ubereats.com/indianapolis/food-delivery/tios-mexican-restaurant/MnMaSmf9SzWDtl464_GkbQ,plainfield-indiana
https://www.ubereats.com/indianapolis/food-delivery/fuyuan/ZCzD94oDSQemlC9cM_awTw,plainfield-indiana
https://www.ubereats.com/indianapolis/food-delivery/arbys-6007-gateway-dr/YFVUOr0LTEyt4YjCJefNUQ,plainfield-indiana
https://www.ubereats.com/indianapolis/food-delivery/kfc-7518-east-us-highway-36/eKH006IwRUy1vYVHq0QT4w,plainfield-indiana
https://www.ubereats.com/indianapolis/food-delivery/papa-murphys-10728-east-us-highway-36/e0_9bWUoTueY03GIK9I6XA,plainfield-indiana
https://www.ubereats.com/indianapolis/food-delivery/narita/TfAiATe4Qyy9vuDwW2o-gg,plainfield-indiana
https://www.ubereats.com/indianapolis/food-delivery/arbys-2601-e-main-st/3Yy7LEy2TgqqMI_rNMahiQ,plainfield-indiana
https://www.ubereats.com/indianapolis/food-delivery/thai-district-restaurant/vZSxIwReRtuGw2QELUfq1A,plainfield-indiana
https://www.ubereats.com/indianapolis/food-delivery/subway-2373-e-main-st/E9aCtrW0RDyQZqt9dkRNjQ,plainfield-indiana
https://www.ubereats.com/indianapolis/food-delivery/mcdonalds-10th-st-%26-girls-school/w_V_zXtzS7GifcdXE2XW6A,plainfield-indiana
https://www.ubereats.com/indianapolis/food-delivery/mcdonalds-6101-cambridge-way/v3UTRC2lQtyotW0aHBzTkQ,plainfield-indiana
https://www.ubereats.com/indianapolis/food-delivery/taqueria-and-restaurant-vargas/_nXjfaUKSgKhm6NLFy-n5A,plainfield-indiana
https://www.ubereats.com/indianapolis/food-delivery/applebees-10680-enterprise-drive-%2397031/jCTXf5DJTEaCuVDlSV4-1Q,plainfield-indiana
https://www.ubereats.com/indianapolis/food-delivery/taco-bell-9120-rockville-road/WWx0e_uORz6q52B0dk-SlA,plainfield-indiana
https://www.ubereats.com/indianapolis/food-delivery/quiznos-5971-cambridge-way/c37MO7blT4e2CWC-G3jmdQ,plainfield-indiana
https://www.ubereats.com/indianapolis/food-delivery/biggby-coffee/GdZIo6c1QE6N3i6Cwjt_-Q,plainfield-indiana
https://www.ubereats.com/indianapolis/food-delivery/arbys-hwy-36/khInfq3LSh2498yg2Mg_ew,plainfield-indiana
https://www.ubereats.com/indianapolis/food-delivery/ocharleys-8380-windfall-ln/TEIWhR4GSj-BIdOI5Lg4Kw,plainfield-indiana
https://www.ubereats.com/indianapolis/food-delivery/chuck-e-cheese-9931-e-us-hwy-36/WDyrwuTcROiXJP8fa1WBQw,plainfield-indiana
https://www.ubereats.com/indianapolis/food-delivery/taco-bell-2646-e-main-st/pt89msMPQAGk8gAqcvmKeA,plainfield-indiana
https://www.ubereats.com/indianapolis/food-delivery/india-bistro/g9TevNv-T7uS2XaOHqyeig,plainfield-indiana
https://www.ubereats.com/indianapolis/food-delivery/arbys-6801-w-washington-st/a069cOlATGaTyNmzZuGXGg,plainfield-indiana
https://www.ubereats.com/indianapolis/food-delivery/mcdonalds-609-w-main-st/OoYyqOL2RyK4VzdB-o4n4g,plainfield-indiana
https://www.ubereats.com/indianapolis/food-delivery/el-toro-mexican-grill-brownsburg/mLdtsSD3TEmmuD31-w532Q,plainfield-indiana
https://www.ubereats.com/indianapolis/food-delivery/mcalisters-9910-1410-east-main-street/Z8blFL40Tmqaak266fg7Xw,plainfield-indiana
https://www.ubereats.com/indianapolis/food-delivery/panda-express-2667-e-main-st/WhvSmJflTQi0EYaLveE5tg,plainfield-indiana
https://www.ubereats.com/indianapolis/food-delivery/wendys-8229-windfall-lane/K8vHxDsSSxyI9TyytgpyXg,plainfield-indiana
https://www.ubereats.com/indianapolis/food-delivery/arbys-7415-w-10th-st/Sq9HgirkTbSl6L5vhSPbPQ,plainfield-indiana
https://www.ubereats.com/indianapolis/food-delivery/burger-king-8042-east-us-hwy-36/O-nO--RkRo6PdlhA7LobgQ,plainfield-indiana
https://www.ubereats.com/indianapolis/food-delivery/bob-evans-43-25-south-high-school-road/O0UHuj9SQhen5AgRWH3kGQ,plainfield-indiana
https://www.ubereats.com/indianapolis/food-delivery/red-robin-436-365-south-perry-rd/iPAwt8N_TAGxBKWTDLTDtQ,plainfield-indiana
https://www.ubereats.com/indianapolis/food-delivery/orange-leaf-frozen-yogurt-7565-e-us-highway-36/GigZz21kRwyAwzk34zj0lg,plainfield-indiana
https://www.ubereats.com/indianapolis/food-delivery/red-lobster-10189-e-us-highway-36/lzdozcMOTfmVSUbf-cxgYQ,plainfield-indiana
https://www.ubereats.com/indianapolis/food-delivery/steak-n-shake-2202-w-southport-road/ercHHQtmTpKiWC2wOfuB9g,plainfield-indiana
https://www.ubereats.com/indianapolis/food-delivery/steak-n-shake-10625-us-hwy-36/MfXhFGCiSyyRPbH7Iepvig,plainfield-indiana
https://www.ubereats.com/indianapolis/food-delivery/taco-bell-6957-w-38th-street/zi_IDIfRSV6Pu7oicSzYuw,plainfield-indiana
https://www.ubereats.com/indianapolis/food-delivery/gil-tacos/t0PznANkRHSFG2ydWeWiwQ,plainfield-indiana
https://www.ubereats.com/indianapolis/food-delivery/paragon-family-restaurant/5keR3mnQQCmpdXgOKXhGJA,plainfield-indiana
https://www.ubereats.com/indianapolis/food-delivery/ocharleys-10416-e-us-highway-36/xHCpFlA_Qe6C16ezoYg9Yw,plainfield-indiana
https://www.ubereats.com/indianapolis/food-delivery/dairy-queen-grill-%26-chill-705-e-main/w2Pt243_SoqlkHSY_Gx4dA,plainfield-indiana
https://www.ubereats.com/indianapolis/food-delivery/five-guys-in-1017/EULcyZtjSpiWXBhtsLJ4Nw,plainfield-indiana
https://www.ubereats.com/indianapolis/food-delivery/narita-japanese-restaurants/qm3EOxaVRG-cGpwbqVYajw,plainfield-indiana
https://www.ubereats.com/indianapolis/food-delivery/subway-2380-e-main-st/Z3NYVehdQ2ecO5BTPkvxZw,plainfield-indiana
https://www.ubereats.com/indianapolis/food-delivery/the-meat-shop-of-indianapolis/vkFZBRe3QAWLC_mpKiIRvQ,plainfield-indiana
https://www.ubereats.com/indianapolis/food-delivery/peking-china-buffet/0KSIJmnFT8yIpxMy2GoaMg,plainfield-indiana
https://www.ubereats.com/indianapolis/food-delivery/qdoba-2663-e-main-st/n3iBlrwkRLG0fcXJEeewvg,plainfield-indiana
https://www.ubereats.com/indianapolis/food-delivery/chicagos-pizza-with-a-twist-plainsfield-2376-e-main/b6GBl3rSRb6P1NwaNm_IaA,plainfield-indiana
https://www.ubereats.com/indianapolis/food-delivery/steak-n-shake-6208-cambridge-way/R_ZUJyA8TC64o_f6E3cMgg,plainfield-indiana
https://www.ubereats.com/indianapolis/food-delivery/subway-6266-cambridge-way/CsRGMzycSAaMXA12A_yNdA,plainfield-indiana
https://www.ubereats.com/indianapolis/food-delivery/salsa-verde/JIsqP2obQeqcX03QDA93-g,plainfield-indiana
https://www.ubereats.com/indianapolis/food-delivery/arbys-7868-e-us-hwy-36/VtoxGwYNRiuEmaVj9UwPDw,plainfield-indiana
https://www.ubereats.com/indianapolis/food-delivery/tropical-smoothie-cafe-10720-east-us-hwy-36/W0kK8nWVSaGweEsxgNYHyA,plainfield-indiana
https://www.ubereats.com/indianapolis/food-delivery/fu-yuan-restaurant/c7jcUnf2TNO6LrGX54HCMw,plainfield-indiana
https://www.ubereats.com/indianapolis/food-delivery/mcdonalds-washington-%26-sigsbee/LCdHrdMuTUizbWek1w6uqg,plainfield-indiana
https://www.ubereats.com/indianapolis/food-delivery/chipotle-mexican-grill-350-s-perry-rd/S_633tVcStW1VU7wSS07eA,plainfield-indiana
https://www.ubereats.com/indianapolis/food-delivery/chipotle-mexican-grill-10403-e-us-highway-36/3ECgodslTjKFV6waa4GElQ,plainfield-indiana
https://www.ubereats.com/indianapolis/food-delivery/fazolis-7930-e-us-36/zwIvlHcVTqWjubueyyt1ug,plainfield-indiana
https://www.ubereats.com/indianapolis/food-delivery/qdoba-10934-e-us-highway-36/M-LEJ6y_T96wJFUZpQuOeg,plainfield-indiana
https://www.ubereats.com/indianapolis/food-delivery/rallys-3605-kentucky-avenue/n4jqUR2kR6qmsWKiplC5tQ,plainfield-indiana
https://www.ubereats.com/indianapolis/food-delivery/starbucks-plainfield-commons/YFT4Dz4ET-i0z32E-GSxEg,plainfield-indiana
https://www.ubereats.com/indianapolis/food-delivery/metro-diner-plainfield/geRioSHHR-24z7wMQxn5zQ,plainfield-indiana
https://www.ubereats.com/indianapolis/food-delivery/taco-bell-3601-kentucky-avenue/YBsUxFfjSx-zdyhTzkJKrg,plainfield-indiana
https://www.ubereats.com/indianapolis/food-delivery/taco-bell-8080-e-us-highway-36/ZcLGPpUdTyW87lJGgFGOaw,plainfield-indiana
https://www.ubereats.com/indianapolis/food-delivery/donatos-pizza-1645-main-street/ZCr_SkxMT2G2iNAzHqRecw,plainfield-indiana
https://www.ubereats.com/indianapolis/food-delivery/portillos-hot-dogs-10444-e-us-highway-36/9JEifPS3Q9KaOApn-iMq0A,plainfield-indiana
https://www.ubereats.com/indianapolis/food-delivery/nonnas-by-so-italian/G4Tp1T2xSuqvc7k85vQlEg,plainfield-indiana
https://www.ubereats.com/indianapolis/food-delivery/dennys-4795-kentucky-ave/tGclAKyHRle2_ReGUOxlcQ,plainfield-indiana
https://www.ubereats.com/indianapolis/food-delivery/the-meat-shop-of-indianapolis/DJ8LAMdzSjKsJDILpcFZHw,plainfield-indiana
https://www.ubereats.com/indianapolis/food-delivery/noodles-%26-company-190-s-perry-rd/UvcyPZpUQmGotejylZJfAw,plainfield-indiana
https://www.ubereats.com/indianapolis/food-delivery/divine-bbq/GdX7s3lRTju0xpxnPbtA0w,plainfield-indiana
https://www.ubereats.com/indianapolis/food-delivery/bangkok-thai-kitchen/eTKmiKmhTU-sCNPyqu3xxw,plainfield-indiana
https://www.ubereats.com/indianapolis/food-delivery/dennys-9769-e-us-hwy-36/DD8PIKShQnKFUHqKz44-AQ,plainfield-indiana
https://www.ubereats.com/indianapolis/food-delivery/bob-evans-117-8350-windfall-lane/XdpA6TpsRHWu3lbuG6PdVQ,plainfield-indiana
https://www.ubereats.com/indianapolis/food-delivery/taco-bell-7275-w-10th-st/EdqULwb2Riyqpw9USR4Etw,plainfield-indiana
https://www.ubereats.com/indianapolis/food-delivery/mcdonalds-8270-windfall-ln/mzfjq1nmReGQOiDLtL8Q6Q,plainfield-indiana
https://www.ubereats.com/indianapolis/food-delivery/sonic-8060-upland-bnd/HhKbPWNIQSiB7oQauw0UFw,plainfield-indiana
https://www.ubereats.com/indianapolis/food-delivery/mcdonalds-2655-e-main-st/_iE0un6iSRWf53RH65INlg,plainfield-indiana
https://www.ubereats.com/indianapolis/food-delivery/applebees-9883-east-us-36-%2375087/_5G1Ij76RSuxcXPUgYmNGA,plainfield-indiana
https://www.ubereats.com/indianapolis/food-delivery/dairy-queen-grill-%26-chill-7515-rockville-rd/6K0mUJ_DT4eC3_1PF47INg,plainfield-indiana
https://www.ubereats.com/indianapolis/food-delivery/arbys-3487-kentucky-ave/eb8SACanQbueWX5Dr5uw8Q,plainfield-indiana
https://www.ubereats.com/indianapolis/food-delivery/subway-1070-west-main-st/XpdqTgbdSymvVwy2Z_9dgg,plainfield-indiana
https://www.ubereats.com/indianapolis/food-delivery/white-castle-8290-windfall-ln/Zm7bD9QnTYyCxcaRmGXK_g,plainfield-indiana
https://www.ubereats.com/indianapolis/food-delivery/which-wich-hwy-36/k3Isg7DcToOT2txi6dK3IA,plainfield-indiana
https://www.ubereats.com/indianapolis/food-delivery/subway-7569-e-us-hwy-36/oXe9l9swSJ67SUW99mFFEQ,plainfield-indiana
https://www.ubereats.com/indianapolis/food-delivery/donatos-pizza-10372-e-us-36/XvrCdHQ6S8OwUaCLxF8eQw,plainfield-indiana
https://www.ubereats.com/indianapolis/food-delivery/inner-city-pizza-high-school/oIELjrW5S4-VYCbmXb9Xww,plainfield-indiana
https://www.ubereats.com/indianapolis/food-delivery/applebees-2659-e-main-street-%2392000/s2vZ4Y49QDSRgDBY6a_Eig,plainfield-indiana
https://www.ubereats.com/indianapolis/food-delivery/on-the-border-west-indy/LDBHNiBIQjCdr5KW02_rag,plainfield-indiana
https://www.ubereats.com/indianapolis/food-delivery/steak-n-shake-6243-w-washington-street/5l2ap6MxRsG2tPzcgwGSvw,plainfield-indiana
https://www.ubereats.com/indianapolis/food-delivery/primanti-brothers-avon/OPfQ9dPdRHaxJg-FC0iPbQ,plainfield-indiana
https://www.ubereats.com/indianapolis/food-delivery/marcos-pizza-8107-e-highway-36/VAD4NDkPTOm3ej5d_vd8rQ,plainfield-indiana
https://www.ubereats.com/indianapolis/food-delivery/taco-bell-5030-cambridge-way/Vd1NFCzmTeO8EU-uA-6UHA,plainfield-indiana
https://www.ubereats.com/indianapolis/food-delivery/sonic-66-south-raceway/TzkwCWmUQ0-5MjoKvnq_uw,plainfield-indiana
https://www.ubereats.com/indianapolis/food-delivery/checkers-7311-west-10th-street/Wdazc7bSQcqNU6_X6UY6GQ,plainfield-indiana
https://www.ubereats.com/indianapolis/food-delivery/arbys-1000-n-green-st/N0n45Em8Q_afPbLySlEZag,plainfield-indiana
https://www.ubereats.com/indianapolis/food-delivery/kfc-4789-kentucky-ave/htiIZkhDRNuqDPxJa5A1jg,plainfield-indiana
https://www.ubereats.com/indianapolis/food-delivery/fannie-may-avon/HCrIltOsQr2bqeG9TpHFaQ,plainfield-indiana
https://www.ubereats.com/indianapolis/food-delivery/outback-steakhouse-9140-rockville-road/GVjrnIQbRoCtlgNV3XeZhQ,plainfield-indiana
https://www.ubereats.com/indianapolis/food-delivery/ugly-crab/fXf4ZWnnRMu9sjUnYYAs9w,plainfield-indiana
https://www.ubereats.com/indianapolis/food-delivery/logans-roadhouse-463-351-s-perry-road/fQmaaARsTUWMNgMFup0RDA,plainfield-indiana
https://www.ubereats.com/indianapolis/food-delivery/wendys-2662-east-main-st/MaLa9RaoRAWqzvoBt93Yxw,plainfield-indiana
https://www.ubereats.com/indianapolis/food-delivery/thai-basil/OMzCUGdYTUeaSlGguPJtiQ,plainfield-indiana
https://www.ubereats.com/indianapolis/food-delivery/papa-murphys-1810-east-main-street/Oiz86iSjQxOgjju_Nq8wpg,plainfield-indiana
https://www.ubereats.com/indianapolis/food-delivery/kfc-2493-east-main-street/W-VX23BHTOyGubIZumcBpw,plainfield-indiana
https://www.ubereats.com/indianapolis/food-delivery/applebees-5664-crawfordsville-road-%2390082/Qv70JQWeR-WePtc5ZZUbCw,plainfield-indiana
https://www.ubereats.com/indianapolis/food-delivery/rallys-2560-east-main/RMTgbqSdS_utdt2p5RYDBA,plainfield-indiana
https://www.ubereats.com/indianapolis/food-delivery/panda-express-9682-us-36/gFlkTYZrT5mtpxeebXk2dw,plainfield-indiana
https://www.ubereats.com/indianapolis/food-delivery/tins-house-thai-cuisine-%26-sushi/RPfoEaZoTPSzkmf84ScFmg,plainfield-indiana
https://www.ubereats.com/indianapolis/food-delivery/chicagos-pizza-speedway/eoDDl3MjS7CKuYonme8Bbw,plainfield-indiana
https://www.ubereats.com/indianapolis/food-delivery/white-castle-6070-cambridge-way/mfuqA9phS1GBeVqW6gCJsg,plainfield-indiana
https://www.ubereats.com/indianapolis/food-delivery/oasis-diner/4Dm8AdjPTm6VF5RUh5V98A,plainfield-indiana
https://www.ubereats.com/indianapolis/food-delivery/taco-bell-10850-windfall-place/mnXm4xZGT9uycJRZbNnMJg,plainfield-indiana
https://www.ubereats.com/indianapolis/food-delivery/cracker-barrel-old-country-store-6256-cambridge-way/nkcj6NlgTD2HFrQsdgNQQQ,plainfield-indiana
https://www.ubereats.com/indianapolis/food-delivery/rallys-4905-kentucky-ave/QLaE1-o2QAKWTMMn5xMl1g,plainfield-indiana
https://www.ubereats.com/indianapolis/food-delivery/panera-320-s-perry-road/wcI4t_u8ShWHPN4SUXcrjg,plainfield-indiana
https://www.ubereats.com/indianapolis/food-delivery/wendys-5201-e-us-hwy-36/UoWe2fHWQN-EJ1laPb8Cag,plainfield-indiana
https://www.ubereats.com/indianapolis/food-delivery/buffalo-wild-wings-2683-e-main-st-ste-117/HmcJUKEsTd-yPHqsyWSQsg,plainfield-indiana
https://www.ubereats.com/indianapolis/food-delivery/burger-king-6003-gateway-drive/JBveT7vnSKe-z6CW2Ajacw,plainfield-indiana
https://www.ubereats.com/indianapolis/food-delivery/white-castle-10705-east-us-hwy-36/AkxuPW0USp-VB2oTnHMtSw,plainfield-indiana
https://www.ubereats.com/indianapolis/food-delivery/taco-bell-5302-w-washington-st/ASjEmEYYSL6PQYoSNuRGFg,plainfield-indiana
