url,city
https://www.ubereats.com/detroit/food-delivery/kilwins-plymouth/HEcveDnYTnSaIsuGTTR3Lg,plymouth-michigan
https://www.ubereats.com/detroit/food-delivery/biggby-coffee-westland/nQ5yBpHwQgqQNWNDZdS-cg,plymouth-michigan
https://www.ubereats.com/detroit/food-delivery/panera-400-south-main-street/LMt-wvwlS3y6ufq9SQKNtA,plymouth-michigan
https://www.ubereats.com/detroit/food-delivery/jersey-mikes-15005-sheldon-rd/aY88ki3bRrKH5JBSh6M6ag,plymouth-michigan
https://www.ubereats.com/detroit/food-delivery/applebees-43500-ford-road/hKy4NC73RG-mpEfdvo0t7A,plymouth-michigan
https://www.ubereats.com/detroit/food-delivery/kfc-41670-ford-rd/72cRakwHTSSx10S2IbPW8g,plymouth-michigan
https://www.ubereats.com/detroit/food-delivery/jets-pizza-1053-novi-rd/RgjPrfyCQ9iwVZ8AbyuJSw,plymouth-michigan
https://www.ubereats.com/detroit/food-delivery/bjs-restaurant-%26-brewhouse-19470-haggerty-road/6wTl6vkhTWmGeqZhca5WNg,plymouth-michigan
https://www.ubereats.com/detroit/food-delivery/broasted-brothers-chicken/VzzZn2SQR2mYpCpyDBD3pQ,plymouth-michigan
https://www.ubereats.com/detroit/food-delivery/asian-buffet-%26-sushi/GCo3yJylR_KYu8H8UEhnlw,plymouth-michigan
https://www.ubereats.com/detroit/food-delivery/buffalo-wild-wings-41980-ford-rd/jG2FST7CTmCWhRPSVYqPMw,plymouth-michigan
https://www.ubereats.com/detroit/food-delivery/starbucks-central-city-pkwy-%26-warren-rd/O9yOHoDSS7ig0dp_LPuqcA,plymouth-michigan
https://www.ubereats.com/detroit/food-delivery/wendys-17899-haggerty/LavHJk3-SzmjUYBExF4v6Q,plymouth-michigan
https://www.ubereats.com/detroit/food-delivery/alexandria-mediterranean-restaurant/Nl3GTiE0SRSZvvLaQ6WyJQ,plymouth-michigan
https://www.ubereats.com/detroit/food-delivery/starbucks-mayflower-centre/b38jRZd2SpKCJb5g-3uNeQ,plymouth-michigan
https://www.ubereats.com/detroit/food-delivery/mcdonalds-39555-six-mile/AoyEp66PRvWGyppj-AE4XA,plymouth-michigan
https://www.ubereats.com/detroit/food-delivery/applebees-36475-warren-road/2bTFA56XRZWAnrP4wVQ32A,plymouth-michigan
https://www.ubereats.com/detroit/food-delivery/dunkin-39600-e-ann-arbor-rd/irbrFyX9TsyYw7pnphbW6g,plymouth-michigan
https://www.ubereats.com/detroit/food-delivery/better-health-cafe-plymouth-mi/cAGZyBRmQZmjIT6nCLLbgA,plymouth-michigan
https://www.ubereats.com/detroit/food-delivery/teriyaki-madness-28880-wixom-rd/923av8wTSjeuaGZq1ldyaA,plymouth-michigan
https://www.ubereats.com/detroit/food-delivery/ganders-restaurant/y_EwuffQQ-Oucrxo_B0-vQ,plymouth-michigan
https://www.ubereats.com/detroit/food-delivery/tim-hortons-17899-haggerty-rd/4h0sHQT7TCGSKXmbArNUOw,plymouth-michigan
https://www.ubereats.com/detroit/food-delivery/little-caesars-1171-s-wayne-road/hQ6Ge_c8R6Sgkq8mMjMhGw,plymouth-michigan
https://www.ubereats.com/detroit/food-delivery/taco-bell-21090-haggerty-rd/6Q-cSvBDR8mqqI9wCZjJRQ,plymouth-michigan
https://www.ubereats.com/detroit/food-delivery/los-amigos-n-wayne/w3Uc2rM_SaOljxgeFiR2Qg,plymouth-michigan
https://www.ubereats.com/detroit/food-delivery/balaji-pure-veg-pure-fun/SqXwEpLYRjuiDbt9GNVVTg,plymouth-michigan
https://www.ubereats.com/detroit/food-delivery/la-tiendita/Oe4ZH0krTGmTSL0ZLf8kXA,plymouth-michigan
https://www.ubereats.com/detroit/food-delivery/qdoba-mexican-grill-26401-novi-rd/ONoqkl_3Tx6FFan_WMN6yQ,plymouth-michigan
https://www.ubereats.com/detroit/food-delivery/red-lobster-5774-north-wayne-road/v7YEzgsWRm2ZdZgmKHgxeQ,plymouth-michigan
https://www.ubereats.com/detroit/food-delivery/sinbad-mediterranean-grill/Lk3RpJP_SAGyNl_SJzHToQ,plymouth-michigan
https://www.ubereats.com/detroit/food-delivery/noodle-topia-novi/BsjRQ60LQTSuZEOX1630-Q,plymouth-michigan
https://www.ubereats.com/detroit/food-delivery/ihop-43317-grand-river-avenue/N2s8KFHiR3aGJhC6mfiSqQ,plymouth-michigan
https://www.ubereats.com/detroit/food-delivery/tropical-smoothie-cafe-novi/TvRVxfwjRTm46IrpWkj49w,plymouth-michigan
https://www.ubereats.com/detroit/food-delivery/outback-steakhouse-42871-ford-road/RXq85olrRqiZ2PkZIWJnXA,plymouth-michigan
https://www.ubereats.com/detroit/food-delivery/mcdonalds-19311-farmington-rd/c2PjHpsTRyaF2eUi2GDYWw,plymouth-michigan
https://www.ubereats.com/detroit/food-delivery/pza-livonia/av1gqU0gT4qy8ymwPOxkHQ,plymouth-michigan
https://www.ubereats.com/detroit/food-delivery/blue-plate-diner/SO0f0mqTQ_Gku22oqyvNKA,plymouth-michigan
https://www.ubereats.com/detroit/food-delivery/mcdonalds-220-ann-arbor-road/rFuZGQb1QkCqWqLHAIQFwA,plymouth-michigan
https://www.ubereats.com/detroit/food-delivery/papas-pizza-%26-bbq/yNWqh3buQxeWxAFfpMwkAw,plymouth-michigan
https://www.ubereats.com/detroit/food-delivery/buddys-pizza-plymouth/3CtdauyjTBewQB2ih9BDbg,plymouth-michigan
https://www.ubereats.com/detroit/food-delivery/golden-corral-37101-warren-rd/onvx-wvOQaC6DdA-xjtEiw,plymouth-michigan
https://www.ubereats.com/detroit/food-delivery/granite-city-food-%26-brewery-northville/BytFlf64QHajl5Uifk2w8A,plymouth-michigan
https://www.ubereats.com/detroit/food-delivery/vegorama/qs10IAsLRqimUPSjD-ldZw,plymouth-michigan
https://www.ubereats.com/detroit/food-delivery/starbucks-canton-ford-%26-lotz/RmgoXAoPRmyXgphsDoLZ8w,plymouth-michigan
https://www.ubereats.com/detroit/food-delivery/tubbys-grilled-submarines-33995-ford-rd-westland-michigan/VXpHzg97S8C2TXL7_fE9Kg,plymouth-michigan
https://www.ubereats.com/detroit/food-delivery/burger-king-44475-five-mile-road/U1t5ChChQGO9sKodrdIx0w,plymouth-michigan
https://www.ubereats.com/detroit/food-delivery/blaze-pizza-26401-novi-rd/4jB4HbMqQsOBqR5v6qXQeg,plymouth-michigan
https://www.ubereats.com/detroit/food-delivery/tim-hortons-47296-citygate-dr/i3IQAuyVQpaJN54WogzP2g,plymouth-michigan
https://www.ubereats.com/detroit/food-delivery/arbys-40210-michigan-ave/3o-xmS-OT-GpeQv_97k8XQ,plymouth-michigan
https://www.ubereats.com/detroit/food-delivery/subway-37579-5-mile-rd/zqg5ZDMfQ3ujmvoUBdLS1g,plymouth-michigan
https://www.ubereats.com/detroit/food-delivery/taco-bell-205-ann-arbor-rd/0A6qFDqXTpuIZi0Lzed8IQ,plymouth-michigan
https://www.ubereats.com/detroit/food-delivery/carrabbas-43455-west-oaks-drive/lHJVbHTsTL-tjdW8JKzLWg,plymouth-michigan
https://www.ubereats.com/detroit/food-delivery/taco-bell-44570-michigan-avenue/wRDC5jehQ8muCxIq8OxTUw,plymouth-michigan
https://www.ubereats.com/detroit/food-delivery/bob-evans-50-41190-ford-road/idR2hH1gS4S3IZVk5KJfaA,plymouth-michigan
https://www.ubereats.com/detroit/food-delivery/pita-way-plymouth-rd/DEmtQDZTSCqzADwE51u3nQ,plymouth-michigan
https://www.ubereats.com/detroit/food-delivery/mod-pizza-livonia/Mic9VRoZRNOivwi_MVsL3Q,plymouth-michigan
https://www.ubereats.com/detroit/food-delivery/kfc-49714-grand-river-avenue/q58mjG4tTy6uw2wqLLY_zg,plymouth-michigan
https://www.ubereats.com/detroit/food-delivery/qdoba-mexican-grill-41420-ford-rd/3bMILbWZSEOI55xBm18w1g,plymouth-michigan
https://www.ubereats.com/detroit/food-delivery/panda-express-13701-middlebelt-road/l87WWQTqRxGJT2DoT1t4ow,plymouth-michigan
https://www.ubereats.com/detroit/food-delivery/jersey-mikes-subs-37294-six-mile-rd/O_D4QjHCTR6JC-zy9cufNg,plymouth-michigan
https://www.ubereats.com/detroit/food-delivery/buffalo-wild-wings-37651-six-mile/3VIhmGwdRUiB-PBNPieL1g,plymouth-michigan
https://www.ubereats.com/detroit/food-delivery/wendys-655-w-ann-arbor-rd/rYkT2Xx5RDG9pwTvbnAa1w,plymouth-michigan
https://www.ubereats.com/detroit/food-delivery/potbelly-sandwich-shop-canton-ford-lilley-dt-%7C-219/f_zBjtYMRm-N0DKJn-YlIA,plymouth-michigan
https://www.ubereats.com/detroit/food-delivery/guidos-premium-pizza-of-novi/XwZa85hjR2OnHVJXuUMm6A,plymouth-michigan
https://www.ubereats.com/detroit/food-delivery/mcdonalds-15110-beck-rd/Ss8uKCBkRpWaPKfytQ_gDg,plymouth-michigan
https://www.ubereats.com/detroit/food-delivery/taco-bell-11707-merriman-rd/v0yuux0JRbOn682VRi3Siw,plymouth-michigan
https://www.ubereats.com/detroit/food-delivery/arbys-1808-e-w-maple-rd/t2sIB9GzRrmo2B__9esq_Q,plymouth-michigan
https://www.ubereats.com/detroit/food-delivery/la-marsa-grand-river-ave/CN64Nw9QSkK84BaerqHlbQ,plymouth-michigan
https://www.ubereats.com/detroit/food-delivery/dairy-queen-treat-3007-wayne-rd-s/ygOoQa7MTbWB2TRX9GfByw,plymouth-michigan
https://www.ubereats.com/detroit/food-delivery/arbys-47192-michigan-ave/JlMP12gGRl2lAxphhZ_Xfw,plymouth-michigan
https://www.ubereats.com/detroit/food-delivery/tony-saccos-coal-oven-pizza-novi-mi/ty0d3A0GTkqgoEjvr1c8vQ,plymouth-michigan
https://www.ubereats.com/detroit/food-delivery/famous-daves-43350-crescent-boulevard/kT9Vi4u2SDmfQqGjkVzO5w,plymouth-michigan
https://www.ubereats.com/detroit/food-delivery/claddagh-irish-pub/n6TXks6CRpSkTWQZ1ZsGsA,plymouth-michigan
https://www.ubereats.com/detroit/food-delivery/masala-indian-kitchen/UVl7EHMDSY61lgwUmuv_Hg,plymouth-michigan
https://www.ubereats.com/detroit/food-delivery/wendys-41465-ford-rd/8ECJ_xR0Q7qelybjixoRpg,plymouth-michigan
https://www.ubereats.com/detroit/food-delivery/bar-louie-novi/JlIhsAh-R4-sDWVEpkdxrA,plymouth-michigan
https://www.ubereats.com/detroit/food-delivery/raj-palace-indian-cuisine/oOu38ozpS1W4nY7Ed_Z0aA,plymouth-michigan
https://www.ubereats.com/detroit/food-delivery/tropical-smoothie-cafe-livonia/b4JkLsgbRj6OhQIbUBcOWw,plymouth-michigan
https://www.ubereats.com/detroit/food-delivery/arbys-24700-haggerty-rd/7JCY1LHxT2a1_y985S1hDg,plymouth-michigan
https://www.ubereats.com/detroit/food-delivery/sapporo-hibachi-steakhouse-%26-sushi-bar/Gxd8_V8FRDKyU2AYgS3gTQ,plymouth-michigan
https://www.ubereats.com/detroit/food-delivery/tim-hortons-38200-w-10-mile-road/9Vv2LKxYSuiTdZxJgiX62w,plymouth-michigan
https://www.ubereats.com/detroit/food-delivery/qdoba-mexican-grill-16971-newburgh-rd/VPfEKloeR5iIgJK90SsYMg,plymouth-michigan
https://www.ubereats.com/detroit/food-delivery/senate-coney-island/TvPVohloR5u1P0w-ZMbr9Q,plymouth-michigan
https://www.ubereats.com/detroit/food-delivery/livonia-breakfast-club/dJp78PqVTb2Q_gLgCLo4Ew,plymouth-michigan
https://www.ubereats.com/detroit/food-delivery/marcos-pizza-6617-north-canton-center-road/S90TMtypQ5u__QL7u6D5zw,plymouth-michigan
https://www.ubereats.com/detroit/food-delivery/better-health-cafe/HkU_WI8TS5O9Zv3mQ8LMAA,plymouth-michigan
https://www.ubereats.com/detroit/food-delivery/tim-hortons-45135-ford-rd/3d7oiOlKT6q-_t1AZMwBtg,plymouth-michigan
https://www.ubereats.com/detroit/food-delivery/tropical-smoothie-cafe-west-ridge-shopping-center/5LqfhL6TTrOMJtoKCUTJGg,plymouth-michigan
https://www.ubereats.com/detroit/food-delivery/genji-japanese-steakhouse/ybQNSwCMQr2QlUE3SpQWuw,plymouth-michigan
https://www.ubereats.com/detroit/food-delivery/dae-jang-keum/FAsHhxu_QIWN63A-466_NA,plymouth-michigan
https://www.ubereats.com/detroit/food-delivery/mcdonalds-44900-ford-rd/5L55yrWDSgybryI525Gu4A,plymouth-michigan
https://www.ubereats.com/detroit/food-delivery/benihana-21150-haggerty-road/gbOpPB6sRcKo775wEUFp9w,plymouth-michigan
https://www.ubereats.com/detroit/food-delivery/tubbys-grilled-submarines-4429-s-wayne-rd-mi/AevZ0EKrTsKwzTn93J6dSg,plymouth-michigan
https://www.ubereats.com/detroit/food-delivery/cottage-inn-pizza-8303-n-wayne-rd/xjhG3DQLSR2j_UxSJPqoBQ,plymouth-michigan
https://www.ubereats.com/detroit/food-delivery/mama-mia-livonia/Ip3bDVRLSlOccj3Osl5ZOg,plymouth-michigan
https://www.ubereats.com/detroit/food-delivery/sonic-drive-in-29622-7-mile-rd/W0KULMGbQfmc76sR3Sn4Ag,plymouth-michigan
https://www.ubereats.com/detroit/food-delivery/beyond-juicery-%2B-eatery-northville/5GogHMmcRKCuFb7xUhp4Cg,plymouth-michigan
https://www.ubereats.com/detroit/food-delivery/dunkin-41511-ford-rd/Fc2hgU5XRJ2unP2Y1K6JEQ,plymouth-michigan
https://www.ubereats.com/detroit/food-delivery/five-guys-mi-1578-20571-haggerty-rd/6oUttnYsTciUuGWanuMK2Q,plymouth-michigan
https://www.ubereats.com/detroit/food-delivery/subway-7672-n-canton-center-rd/D7vav8JUTSKy3l0oIgxHpg,plymouth-michigan
https://www.ubereats.com/detroit/food-delivery/dickeys-bbq-pit-48975-grand-river-avenue-suite-300/FYli029LT_Wibg5cekBzYQ,plymouth-michigan
https://www.ubereats.com/detroit/food-delivery/checkers-2220-south-wayne-road/YrujvPKUQXa7tl-f1lIOyg,plymouth-michigan
https://www.ubereats.com/detroit/food-delivery/wing-squad-livonia/04m60uqMSKWxusCDsdco0A,plymouth-michigan
https://www.ubereats.com/detroit/food-delivery/qdoba-mexican-grill-20561-haggerty-rd/xHFCgNhWR_ulGttzBbNhSA,plymouth-michigan
https://www.ubereats.com/detroit/food-delivery/billys-coney-island/PQsKoRXbRY6MIzNT1nyNVQ,plymouth-michigan
https://www.ubereats.com/detroit/food-delivery/pf-changs-17905-haggerty-rd/wKG9uYiuRDq9e79jq7-2Bg,plymouth-michigan
https://www.ubereats.com/detroit/food-delivery/kfc-34015-ford-rd/0OfnBbaoQLSfHN02HP7H3w,plymouth-michigan
https://www.ubereats.com/detroit/food-delivery/raogari-vindu-indian-cuisine-bar-%26-banquet/gEEb6K6hTliJ2q6fnUgfRg,plymouth-michigan
https://www.ubereats.com/detroit/food-delivery/shawarma-stop-mediterranean-grill/O8xu3wOPScKF10CfCLs25g,plymouth-michigan
https://www.ubereats.com/detroit/food-delivery/olgas-kitchen-41725-ford-rd/zHGhivFRTbKSWesJgsuzQg,plymouth-michigan
https://www.ubereats.com/detroit/food-delivery/buca-di-beppo-livonia/LNcHT5dpQVq04k-8T4AUXw,plymouth-michigan
https://www.ubereats.com/detroit/food-delivery/taco-bell-2307-s-wayne-rd/uN-SmtRkQLSTg9iqmDVbaA,plymouth-michigan
https://www.ubereats.com/detroit/food-delivery/tim-hortons-33111-w-8-mile-road/3LqMJdCnRRGoE6iTS1vgzg,plymouth-michigan
https://www.ubereats.com/detroit/food-delivery/sweetwaters-coffee-%26-tea%3A-canton/6Tj-bFDLRLKCl8kX7_1Jbw,plymouth-michigan
https://www.ubereats.com/detroit/food-delivery/wasabi-japanese-sushi-%26-steakhouse/njVM6PE6Qii1EOV1yQ0gow,plymouth-michigan
https://www.ubereats.com/detroit/food-delivery/saya-sushi/cMi5bhG0SuaSq-fxDi1ZtQ,plymouth-michigan
https://www.ubereats.com/detroit/food-delivery/wendys-45145-ford-road/RkyWpBBGRaiR9nh7gbMsbw,plymouth-michigan
https://www.ubereats.com/detroit/food-delivery/bds-mongolian-grill-novi/2wOAeQMYTyOe9i7gZmCmCQ,plymouth-michigan
https://www.ubereats.com/detroit/food-delivery/andiamo-38703-7-mile-rd/QHN_pAdaQxedKADavShm3Q,plymouth-michigan
https://www.ubereats.com/detroit/food-delivery/oasis-mediterranean-cuisine-plymouth-rd/x9bptZr8SRG1x4rCWjy0kw,plymouth-michigan
https://www.ubereats.com/detroit/food-delivery/leos-coney-island-37622-six-mile-rd/ffPQsyO9QZSicbXIEzxHlw,plymouth-michigan
https://www.ubereats.com/detroit/food-delivery/ta-chan-japanese-%26-korean-restaurant/5nx2YwtiRQiGg1QC6qqktg,plymouth-michigan
https://www.ubereats.com/detroit/food-delivery/daawath/27YT4fBCQj2RCL4v5Kslcg,plymouth-michigan
https://www.ubereats.com/detroit/food-delivery/qdoba-mexican-grill-29515-plymouth-rd-suite-d210/2JHhhNKSRQO0BOum7K49Yw,plymouth-michigan
https://www.ubereats.com/detroit/food-delivery/papas-pizza-%26-bbq/6eC-ONegStqch3hO2i9mXQ,plymouth-michigan
https://www.ubereats.com/detroit/food-delivery/beerhead-bar-%26-eatery/p4IycZYNRYKF1JOMZcKYkQ,plymouth-michigan
https://www.ubereats.com/detroit/food-delivery/wendys-15055-sheldon-rd/UU9ZzH3OTAeTmExhDus8Tw,plymouth-michigan
https://www.ubereats.com/detroit/food-delivery/shawarmas-house/PDRABohzRtGLhSdN1f3pgg,plymouth-michigan
https://www.ubereats.com/detroit/food-delivery/menchies-frozen-yogurt-29619-plymouth-rd/mv1qrosMR6OPU07zZN2ZmQ,plymouth-michigan
https://www.ubereats.com/detroit/food-delivery/aqua/6HguhQgSTyqFi2XsxUyw-A,plymouth-michigan
https://www.ubereats.com/detroit/food-delivery/sammys-pizza-canton/6Kza_BneSMW-1iIppEWRag,plymouth-michigan
https://www.ubereats.com/detroit/food-delivery/olgas-kitchen-35000-warren-rd/tSPmEa_iQcqKa1PCrA5sWw,plymouth-michigan
https://www.ubereats.com/detroit/food-delivery/8303-bonefish-grill-43304-w-11-mile-rd/Nr7RKRTlRXSDfTiSxuw-3w,plymouth-michigan
https://www.ubereats.com/detroit/food-delivery/noodles-%26-company-26425-novi-road-suite-a/5lpdKlV9S8elFIjLgLs9DQ,plymouth-michigan
https://www.ubereats.com/detroit/food-delivery/bob-evans-147-46080-michigan-avenue/trWdSUo-Qxy30R0VVJkh2w,plymouth-michigan
https://www.ubereats.com/detroit/food-delivery/starbucks-8-mi-%26-haggerty-rd/rmz_w-zGS1Sp-V2d3V11Ng,plymouth-michigan
https://www.ubereats.com/detroit/food-delivery/arbys-34475-michigan-ave/mveukDjWQUC-i5Dmx0GNWw,plymouth-michigan
https://www.ubereats.com/detroit/food-delivery/tasty-kabob/iluKws0gSquqTV0NRolyIQ,plymouth-michigan
https://www.ubereats.com/detroit/food-delivery/zoup!-20065-haggerty-rd/q9ajsVr6Sa-jPvKO_7jw1A,plymouth-michigan
https://www.ubereats.com/detroit/food-delivery/the-rolling-stoves/gtG-8ribSGSaUOzGpJELqQ,plymouth-michigan
https://www.ubereats.com/detroit/food-delivery/jersey-mikes-subs-33220-west-12-mile-road/fcqTT0cHSj2HtTtuUa4JCg,plymouth-michigan
https://www.ubereats.com/detroit/food-delivery/applebees-47900-grand-river-road/b8S9__FpSkOmeJ3JESWD_g,plymouth-michigan
https://www.ubereats.com/detroit/food-delivery/red-olive-northville/Vu4KnJMoTTudPKhgVvX-1w,plymouth-michigan
https://www.ubereats.com/detroit/food-delivery/billis-shawarma/5BGX28y0QLKk5GyLZFB2Sg,plymouth-michigan
https://www.ubereats.com/detroit/food-delivery/newburgh-grill/wFQ7Ifm1R72gtB2vPiVL_A,plymouth-michigan
https://www.ubereats.com/detroit/food-delivery/cupcake-station-plymouth/SIEmQfNdT265j7Q3ngIa2A,plymouth-michigan
https://www.ubereats.com/detroit/food-delivery/carlos-mexican-restaurant/4Zg2o0u0RTuNwbi4WszNiA,plymouth-michigan
https://www.ubereats.com/detroit/food-delivery/dr-smoothie-cafe/ZFz8OpQXTR2cTKp4AMS49Q,plymouth-michigan
https://www.ubereats.com/detroit/food-delivery/omelette-and-waffle-cafe-northville/RuchevEBRYe4Af7tIRkKJA,plymouth-michigan
https://www.ubereats.com/detroit/food-delivery/stonehouse-cafe-and-grill/Sq9khbwTQ5yQVbl_ohnjtQ,plymouth-michigan
https://www.ubereats.com/detroit/food-delivery/ihop-5946-n-sheldon-road/mZ85zsjIT1GnobA5s91jNg,plymouth-michigan
https://www.ubereats.com/detroit/food-delivery/boston-market-19055-middlebelt-rd/uXDBNfGKQV6ebcWTsBszfQ,plymouth-michigan
https://www.ubereats.com/detroit/food-delivery/mitchells-fish-market-17600-haggerty-rd/Ce-5bROYQMiK1s1unFctLQ,plymouth-michigan
https://www.ubereats.com/detroit/food-delivery/joes-deli-and-catering/XJKjOPwgQeCEdT7M7Gkjkg,plymouth-michigan
https://www.ubereats.com/detroit/food-delivery/chipotle-mexican-grill-42404-ford-road/XMrK3mZlSXCQwB_sDFpgTw,plymouth-michigan
https://www.ubereats.com/detroit/food-delivery/chipotle-mexican-grill-18885-traditions-dr/cdutgnFoQDCbKm7wmByDhQ,plymouth-michigan
https://www.ubereats.com/detroit/food-delivery/panda-express-26150-novi-rdsuite-400/Xz6U_sSySFSltsW2R1tPnQ,plymouth-michigan
https://www.ubereats.com/detroit/food-delivery/arbys-8068-n-wayne-rd/EFIXfiFkTZ6Y6S-1wbmJ9g,plymouth-michigan
https://www.ubereats.com/detroit/food-delivery/food-asia-restaurant/3iYtKdHuSym7YA8cP8bURg,plymouth-michigan
https://www.ubereats.com/detroit/food-delivery/emagine-entertainment-novi/QNjiSwKPQG-_1jKAf8nP-A,plymouth-michigan
https://www.ubereats.com/detroit/food-delivery/levant-kitchen/k9Cgojv7Q4qejzlhBEcCJQ,plymouth-michigan
https://www.ubereats.com/detroit/food-delivery/california-pizza-kitchen-37546-w-six-mile-road/fM6ltSNQTiCRZZjY-fe_Jg,plymouth-michigan
https://www.ubereats.com/detroit/food-delivery/buffalo-wild-wings-6677-n-wayne-rd/h7ZVL7vEQNmi6Nxa5inxvw,plymouth-michigan
https://www.ubereats.com/detroit/food-delivery/westland-family-diner/_LftpCqYSt6WhDwtxKA6Yw,plymouth-michigan
https://www.ubereats.com/detroit/food-delivery/red-robin-375-43250-crescent-blvd/RaQMgLPCR4u3tZD3SArIuw,plymouth-michigan
https://www.ubereats.com/detroit/food-delivery/arbys-44040-ford-rd/yQbzOMmoReCjGtKPwzsR8Q,plymouth-michigan
https://www.ubereats.com/detroit/food-delivery/dos-hermanos-market/sducprieSdevjUf5v022TA,plymouth-michigan
https://www.ubereats.com/detroit/food-delivery/red-robin-387-37701-six-mile-road/Rwy93HwoQL-CzGDfxT_FjQ,plymouth-michigan
https://www.ubereats.com/detroit/food-delivery/on-the-border-westland/K1MEEIMvSn6ggEPnW97ArA,plymouth-michigan
https://www.ubereats.com/detroit/food-delivery/applewood-coney-island/exhjZ1rASKKC2HcwN3N7qA,plymouth-michigan
https://www.ubereats.com/detroit/food-delivery/taco-bell-47673-5-miles-rd/y7PZ4izrTnKN9tVJJncq_A,plymouth-michigan
https://www.ubereats.com/detroit/food-delivery/subway-15113-n-sheldon-rd/5lUfouD5TNy10qK8bSlbjQ,plymouth-michigan
https://www.ubereats.com/detroit/food-delivery/taco-bell-37500-ford-road/hvoYBCI5SqSmNi1xwPEOVQ,plymouth-michigan
https://www.ubereats.com/detroit/food-delivery/burger-king-40880-ann-arbor-road/2C9UPCPmSt-cBEGJUTSU3A,plymouth-michigan
https://www.ubereats.com/detroit/food-delivery/red-robin-377-36350-warren-rd/SLxOa9Y9SSCv43UzyKpr1w,plymouth-michigan
https://www.ubereats.com/detroit/food-delivery/kfc-13485-farmington-rd/E8zJJwmRRXizohD7J89uDA,plymouth-michigan
https://www.ubereats.com/detroit/food-delivery/subway-42476-cherry-hill-rd/ynwCSnM4QcSQhymt2ev3Yg,plymouth-michigan
https://www.ubereats.com/detroit/food-delivery/on-the-border-novi/oZDZhaCOQHSFz2FEF0zelQ,plymouth-michigan
https://www.ubereats.com/detroit/food-delivery/starbucks-canton-ford-rd/b3GedN_XQRGr56YAN7r7tA,plymouth-michigan
https://www.ubereats.com/detroit/food-delivery/tim-hortons-45515-michigan-ave/W-jWLfnMTfWPHGGCzye48Q,plymouth-michigan
https://www.ubereats.com/detroit/food-delivery/fattoush-village-cafe-%26-grill/lr6p4lVITwWg_-Rrf70P0w,plymouth-michigan
https://www.ubereats.com/detroit/food-delivery/five-guys-mi-1245-42489-ford-rd/2VK2mFYrQwOb3kE4CSm4pA,plymouth-michigan
https://www.ubereats.com/detroit/food-delivery/ahha-noodles/OCAYpvCiTyiosRC0j8qPrw,plymouth-michigan
https://www.ubereats.com/detroit/food-delivery/rebeccas-family-restaurant-%26-ice-cream-parlor/dFyQuMQzR1i48-QWHmUAkQ,plymouth-michigan
https://www.ubereats.com/detroit/food-delivery/mcdonalds-33921-ford-rd/86tyBpcWQC6RfRspq1TW5g,plymouth-michigan
https://www.ubereats.com/detroit/food-delivery/hyde-park-prime-steakhouse-northville-michigan/b8DuQ4AFRsa2lS2TnwcUQA,plymouth-michigan
https://www.ubereats.com/detroit/food-delivery/mod-pizza-northville/q3Cuex6zQomQZzHnH3SOEA,plymouth-michigan
https://www.ubereats.com/detroit/food-delivery/little-caesars-38960-cherry-hill-rd/pQ-Y0OJNSOujYt38kanehA,plymouth-michigan
https://www.ubereats.com/detroit/food-delivery/guss-world-famous-fried-chicken-ford-rd/NZoihHJ_QIWLfCmEJeDXew,plymouth-michigan
https://www.ubereats.com/detroit/food-delivery/tropical-smoothie-cafe-livonia-marketplace/iO5VTlgBRZ2za49Dg5UHwQ,plymouth-michigan
https://www.ubereats.com/detroit/food-delivery/noodles-%26-company-17931-haggerty-road/AnyrWVM0Se-xlzFE7jrdEQ,plymouth-michigan
https://www.ubereats.com/detroit/food-delivery/tim-hortons-7126-north-wayne-rd/wYyxQDrJSOu1H8T7iDH4Ww,plymouth-michigan
https://www.ubereats.com/detroit/food-delivery/grand-traverse-pie-company-plymouth/Vb6SrGtGQ66Rk9fhmayRrA,plymouth-michigan
https://www.ubereats.com/detroit/food-delivery/taste-of-himalaya/NdqoGe8jSxuAolMQSG9e7A,plymouth-michigan
https://www.ubereats.com/detroit/food-delivery/white-castle-41205-ford-rd/g0b3T6vmQRGXapjRsKc0oA,plymouth-michigan
https://www.ubereats.com/detroit/food-delivery/mexican-fiesta-ii/9LJeRHk1TDmV7VPeZouxVQ,plymouth-michigan
https://www.ubereats.com/detroit/food-delivery/olivers-pizza-canton/5KHtNTTPR_GqEC7YwLgG4Q,plymouth-michigan
https://www.ubereats.com/detroit/food-delivery/kung-fu-tea-44325-w-12-mile-ste-h172/CtOsWlciQae9nqoDCKJHbg,plymouth-michigan
https://www.ubereats.com/detroit/food-delivery/carrabbas-1900-north-haggerty-road/Q_bemHx1SgmZKKY0d5-PhQ,plymouth-michigan
https://www.ubereats.com/detroit/food-delivery/georges-senate-coney-island-northville/v0GTOmgfRyCjuF_GREld0Q,plymouth-michigan
https://www.ubereats.com/detroit/food-delivery/tropical-smoothie-cafe-48975-grand-river-avenue-suite-900/Em4GtGe5Tk6BuywdO20XSA,plymouth-michigan
https://www.ubereats.com/detroit/food-delivery/vegorama/HQ15uvTDTLSzv200O86Rxw,plymouth-michigan
https://www.ubereats.com/detroit/food-delivery/taco-bell-38330-w-10-mile-rd/-jICD14WR12OQsMmjOf1rg,plymouth-michigan
https://www.ubereats.com/detroit/food-delivery/tropical-smoothie-cafe-35131-e-michigan-ave/yBZ6dlYVSVSUzAf9AF9nIA,plymouth-michigan
https://www.ubereats.com/detroit/food-delivery/jersey-mikes-subs-42448-ford-road/jr2kRitNTEqgZXtlBACFpQ,plymouth-michigan
https://www.ubereats.com/detroit/food-delivery/shawarma-palace/TFeEenUCQMuPm55_i7OUjQ,plymouth-michigan
https://www.ubereats.com/detroit/food-delivery/genova-pizzeria/kADdP2oEQ4GsEa_skOQiCw,plymouth-michigan
https://www.ubereats.com/detroit/food-delivery/namaste-flavours-canton/1KK0NKZYSRC5gkkmrP8yVA,plymouth-michigan
https://www.ubereats.com/detroit/food-delivery/happys-pizza-721-s-wayne-rd/ketutx5vRrOd3kNWkyhyYw,plymouth-michigan
https://www.ubereats.com/detroit/food-delivery/burger-king-45114-ford-road/_xK-NrDjRi63GVvkccBvCg,plymouth-michigan
https://www.ubereats.com/detroit/food-delivery/boston-market-43450-ford-rd/ZKodkHExQ0Wnvj0TqO1Gow,plymouth-michigan
https://www.ubereats.com/detroit/food-delivery/kfc-29060-plymouth-rd/hZn9xWBHRZaGuwtEAYtAjw,plymouth-michigan
https://www.ubereats.com/detroit/food-delivery/jonny-cakes-cafe-canton/hnHTpR9nTAGtGDvMG5Aekg,plymouth-michigan
https://www.ubereats.com/detroit/food-delivery/subway-930-w-ann-arbor-trl/If9uwWgVTBaGtbeGVsvwmw,plymouth-michigan
https://www.ubereats.com/detroit/food-delivery/taco-bell-6925-n-wayne-rd/q35C4UUKSs2pJWkr4Qy7FA,plymouth-michigan
https://www.ubereats.com/detroit/food-delivery/los-amigos-livonia/ccwTg5fATjSBDlBwixmeuQ,plymouth-michigan
https://www.ubereats.com/detroit/food-delivery/mcdonalds-39700-five-mile-rd/RXRSZxZPRzO75qy-dPKPSg,plymouth-michigan
https://www.ubereats.com/detroit/food-delivery/french-toast-bistro/miXFF6v0Saeo99crWzVaMQ,plymouth-michigan
https://www.ubereats.com/detroit/food-delivery/browndog-dessert-bar-farmington/nefy37a3QWORd2HGYMwiyw,plymouth-michigan
https://www.ubereats.com/detroit/food-delivery/black-label-tavern/1YJbzB9dQfOwok-6SnOqaQ,plymouth-michigan
https://www.ubereats.com/detroit/food-delivery/boston-market-43363-crescent-blvd/OONWyO54QwyPHCFblzfWpw,plymouth-michigan
https://www.ubereats.com/detroit/food-delivery/tgi-fridays-2710-canton-mi/kBPMPsoXTQS5l_0kdzS0_w,plymouth-michigan
https://www.ubereats.com/detroit/food-delivery/outback-steakhouse-48020-grand-river-avenue/qftDunxzTGSCHGyfudfk7g,plymouth-michigan
https://www.ubereats.com/detroit/food-delivery/pancheros-mexican-grill-17390-haggerty-rd/JV-LtoJOSd6XKEyB9ruc-g,plymouth-michigan
https://www.ubereats.com/detroit/food-delivery/applebees-%237797-13301-middlebelt-road/21iKWw1KS5GZ1sN5rOO82g,plymouth-michigan
https://www.ubereats.com/detroit/food-delivery/subway-43687-ford-rd/ERNzgqEMR_iKq-kaf90KnA,plymouth-michigan
https://www.ubereats.com/detroit/food-delivery/famous-shawarmas/yS4DOw-KSQCYRu6eUgEPow,plymouth-michigan
https://www.ubereats.com/detroit/food-delivery/three-days-gourmet/5S103zEkSuuqSEIlD5wLLg,plymouth-michigan
https://www.ubereats.com/detroit/food-delivery/omelette-%26-waffle-cafe/x_rcyGgeQsqm25vmQIGM5Q,plymouth-michigan
https://www.ubereats.com/detroit/food-delivery/taco-bell-409-n-main-st/low78UhLRCeXOwBKow0xMg,plymouth-michigan
https://www.ubereats.com/detroit/food-delivery/burgerfi-northville/cNKmGWb-TnymhU5vgLU99w,plymouth-michigan
https://www.ubereats.com/detroit/food-delivery/flemings-prime-steakhouse-%26-wine-bar-livonia/EC3gf2O2SZGgbD_NfXg32g,plymouth-michigan
https://www.ubereats.com/detroit/food-delivery/kurrys/wUsopXZPRoaS1G2czs3HXw,plymouth-michigan
https://www.ubereats.com/detroit/food-delivery/hibachi-%26-buffet/pwT71cm3RJarPMOgfNloaQ,plymouth-michigan
https://www.ubereats.com/detroit/food-delivery/potbelly-sandwich-shop-northville-%7C-54/Yf_r3USaTLWS0QX28xXZAQ,plymouth-michigan
https://www.ubereats.com/detroit/food-delivery/cold-stone-creamery-33175-grand-river-ave/UyqB_GNoTuK5IusW9x-1Hg,plymouth-michigan
https://www.ubereats.com/detroit/food-delivery/picasso-deli/q-TB_4QtS3W_rnT4cCCsbA,plymouth-michigan
https://www.ubereats.com/detroit/food-delivery/papa-johns-2221-s-wayne-rd/QqmG-YrsQau6Ii-DCUhoOQ,plymouth-michigan
https://www.ubereats.com/detroit/food-delivery/buffalo-wild-wings-44375-twelve-mile-rd/N9SbO-LvT1akrW9jsyyitQ,plymouth-michigan
https://www.ubereats.com/detroit/food-delivery/omalleys-supper-spirits-%26-song/-s0sV7m9Rp6AytupJ8r8qA,plymouth-michigan
https://www.ubereats.com/detroit/food-delivery/mod-pizza-canton/H78X42pvSq-e2e-hjSd8CQ,plymouth-michigan
https://www.ubereats.com/detroit/food-delivery/charleys-deli-%26-grille/4qrQSMUWQe6HXuqc3UKNew,plymouth-michigan
https://www.ubereats.com/detroit/food-delivery/tim-hortons-33500-plymouth-rd/B9pAr6JvQ7u1wXG4jMxZew,plymouth-michigan
https://www.ubereats.com/detroit/food-delivery/gift-of-india/iJthci53SYOkJCfpL28Vqg,plymouth-michigan
https://www.ubereats.com/detroit/food-delivery/burger-king-34835-plymouth-avenue/c1slKrEhTlmnJY81NMVE8A,plymouth-michigan
https://www.ubereats.com/detroit/food-delivery/mcdonalds-38015-ann-arbor-rd/Y18iyZm_RVmzo0GF3khJrg,plymouth-michigan
https://www.ubereats.com/detroit/food-delivery/annas-house-newburgh-%26-warren/C_uROhhHQ422akC8uZea-Q,plymouth-michigan
https://www.ubereats.com/detroit/food-delivery/tim-hortons-37755-five-mile-rd/1fVHTpcbTu6kghAip4Zdkw,plymouth-michigan
https://www.ubereats.com/detroit/food-delivery/tim-hortons-41276-ford-rd/D4hO5Le1TSGQLlzrlMTPsw,plymouth-michigan
https://www.ubereats.com/detroit/food-delivery/tim-hortons-31300-5-mile-rd/a4W84HytTHCtlmYwl3tFGA,plymouth-michigan
https://www.ubereats.com/detroit/food-delivery/nagomi-japanese-restaurant/YbYT_dStR5SFM0ghAbwtcA,plymouth-michigan
https://www.ubereats.com/detroit/food-delivery/burger-21-novi/SkxxHRVAT8yM6XmDoUuTeA,plymouth-michigan
https://www.ubereats.com/detroit/food-delivery/first-watch-livonia/RskNJ4prSQGhIoF6jrSWKA,plymouth-michigan
https://www.ubereats.com/detroit/food-delivery/buddys-pizza-livonia/ae7ndJnMSl6kAkLMUKFmsQ,plymouth-michigan
https://www.ubereats.com/detroit/food-delivery/motor-city-meats/gz5own1aTsO1vw4f5_8OXQ,plymouth-michigan
https://www.ubereats.com/detroit/food-delivery/optimal-water-station/UU-IBXigQQezW2XJSt-Q4w,plymouth-michigan
https://www.ubereats.com/detroit/food-delivery/arbys-575-ann-arbor-rd-w/nyr9YtUiTXObQ2F3a3qffg,plymouth-michigan
https://www.ubereats.com/detroit/food-delivery/my-little-paris-cafe-%26-bookstore/4Z0Eq41JR8Gv50WOC8DY_Q,plymouth-michigan
https://www.ubereats.com/detroit/food-delivery/arbys-33751-8-mile-rd/eQUFhKE_SyilwRKOecAmIA,plymouth-michigan
https://www.ubereats.com/detroit/food-delivery/firehouse-subs-35579-warren-road/RHM17GZeTiSICtoqQdgo9A,plymouth-michigan
https://www.ubereats.com/detroit/food-delivery/aahar-indian-cuisine/VKsjDMZmR3uMfVQFVOCpXQ,plymouth-michigan
https://www.ubereats.com/detroit/food-delivery/bds-mongolian-grill-canton/ajK0l9tuRhGZD2LvkDe8hw,plymouth-michigan
https://www.ubereats.com/detroit/food-delivery/honey-hole-diner/yNMtK-fYRCCrZUj4FWzXaA,plymouth-michigan
https://www.ubereats.com/detroit/food-delivery/famous-daves-36601-warren-road/iC3bFzuWQNCUrrOphvrS9g,plymouth-michigan
https://www.ubereats.com/detroit/food-delivery/gabriels-cheesesteak-hoagies/iT-cziGKQPKfkX6OhzE6IA,plymouth-michigan
https://www.ubereats.com/detroit/food-delivery/somoon-bowl-%26-sushi/rJXdpLN4RVKB-7zrfgmZcQ,plymouth-michigan
https://www.ubereats.com/detroit/food-delivery/qdoba-mexican-grill-36575-warren-rd/SR1raN1NTHqReHAR_RveLg,plymouth-michigan
https://www.ubereats.com/detroit/food-delivery/noodles-%26-company-29459-plymouth-road-space-d150/L5SWqMaSREObeVMkDbNrVw,plymouth-michigan
https://www.ubereats.com/detroit/food-delivery/le-macaron-french-pastries-novi/QqY9u5IjSW2BXHceD_5zcw,plymouth-michigan
https://www.ubereats.com/detroit/food-delivery/potbelly-sandwich-shop-novi-%7C-165/2G8ZZmj-QQqgfeYf2-W21A,plymouth-michigan
https://www.ubereats.com/detroit/food-delivery/three-brothers-restaurant/a_qo7kxjTTq-ARsteiKtRg,plymouth-michigan
https://www.ubereats.com/detroit/food-delivery/taco-bell-45132-ford-road/kwv0wMuIT2mYtZN2kTffZQ,plymouth-michigan
https://www.ubereats.com/detroit/food-delivery/dollys-pizza-livonia/HHqKUAYiQM6OrpK-L01THA,plymouth-michigan
https://www.ubereats.com/detroit/food-delivery/red-lobster-27760-novi-road/H9fxI3ZjR3qDNrMa1_TUKw,plymouth-michigan
https://www.ubereats.com/detroit/food-delivery/chuck-e-cheese-42001-ford-rd/03lwBblrRQaNhwbAJJ3_Gw,plymouth-michigan
https://www.ubereats.com/detroit/food-delivery/gus-world-famous-fried-chicken-ford-rd/2mMrPzZRS129jLloZ_fBRA,plymouth-michigan
https://www.ubereats.com/detroit/food-delivery/tropical-smoothie-cafe-plymouth/zioGgF7yRiiRQxF6DEkbYg,plymouth-michigan
https://www.ubereats.com/detroit/food-delivery/sammys-pizza-westland/9lw6-f9QTf608KpKLyEX2A,plymouth-michigan
https://www.ubereats.com/detroit/food-delivery/jersey-mikes-subs-26425-novi-road/jpOeuyV7TMWw6hYezK-mHw,plymouth-michigan
https://www.ubereats.com/detroit/food-delivery/tim-hortons-150-plymouth-rd/4lQKRWxdTrGDBUX4HtnrgA,plymouth-michigan
https://www.ubereats.com/detroit/food-delivery/bar-louie-livonia/0u7KtzdnTc226DlRHRGPcA,plymouth-michigan
https://www.ubereats.com/detroit/food-delivery/canton-pita/U43McI5AS_ub23XMUol5bw,plymouth-michigan
https://www.ubereats.com/detroit/food-delivery/wendys-34450-plymouth-rd/7y2Q5v0PT_urQlNCPU6rzw,plymouth-michigan
https://www.ubereats.com/detroit/food-delivery/beirock-wraps/dY_Hn2-FTsKKJdY5_B5few,plymouth-michigan
https://www.ubereats.com/detroit/food-delivery/basement-burger-bar-42452-ford-rd/SRqxV0RqQ0OrN5W7iUJVng,plymouth-michigan
https://www.ubereats.com/detroit/food-delivery/menchies-northville-village-center/HkdOoxA9Rea67056A2BPZQ,plymouth-michigan
https://www.ubereats.com/detroit/food-delivery/cold-stone-creamery-w-12-mile/D57VJHl3RI6jvnjJ60kiPg,plymouth-michigan
https://www.ubereats.com/detroit/food-delivery/chipotle-mexican-grill-43345-crescent-blvd/FJ1-2bOsSOykbf3F38j_rg,plymouth-michigan
https://www.ubereats.com/detroit/food-delivery/paradise-biryani-farmington-hills/M5rqn6WjRViCf41zMNDggA,plymouth-michigan
https://www.ubereats.com/detroit/food-delivery/zinos-subs-and-pizza/K6DTMdy1QNmsPtKTnI_phQ,plymouth-michigan
