url,city
https://www.ubereats.com/new-jersey/food-delivery/ob-cos-donuts/N5KBkrHaR1eKwQhWy8L3hg,point-pleasant-new-jersey
https://www.ubereats.com/new-jersey/food-delivery/jersey-mikes-subs-884-fischer-blvd/VPuiw6bjQCOSLvqZYWLwNA,point-pleasant-new-jersey
https://www.ubereats.com/new-jersey/food-delivery/wendys-1600-richmond-ave/IciLX2XsSgKo6ExhNkqVOw,point-pleasant-new-jersey
https://www.ubereats.com/new-jersey/food-delivery/azteca-restaurant/3A9LC8w2QLe5QC9tLvyodg,point-pleasant-new-jersey
https://www.ubereats.com/new-jersey/food-delivery/pj-sweeneys-restaurant-%26-irish-pub/JNpIRzBcQ7y1UGOWGOSBEg,point-pleasant-new-jersey
https://www.ubereats.com/new-jersey/food-delivery/burger-king-1735-route-35-%26-18th-avenue/F-AVyPmfTqizysrwiCy0Cg,point-pleasant-new-jersey
https://www.ubereats.com/new-jersey/food-delivery/dunkin-7-state-route-71/96n7etMDSqqYNzIhgMFE3Q,point-pleasant-new-jersey
https://www.ubereats.com/new-jersey/food-delivery/pasquales-pizzeria/ALwYe14nSGeomI5kdSiYuA,point-pleasant-new-jersey
https://www.ubereats.com/new-jersey/food-delivery/168-applebees-howell/abfF2c3MQLepQ7-9RqkS9w,point-pleasant-new-jersey
https://www.ubereats.com/new-jersey/food-delivery/jersey-mikes-2085-route-88/oT6Fwk1-SiSRG8pOAejcHQ,point-pleasant-new-jersey
https://www.ubereats.com/new-jersey/food-delivery/authentic-kosher-chinese/dDexqTEISke1EmSULvf-FQ,point-pleasant-new-jersey
https://www.ubereats.com/new-jersey/food-delivery/pop-up-pizza/ZZ2c49sjQoiaT5qy5om8DA,point-pleasant-new-jersey
https://www.ubereats.com/new-jersey/food-delivery/9104-bonefish-grill-179-van-zile-rd/dCMRodEMTT-ICI0-VDC_zg,point-pleasant-new-jersey
https://www.ubereats.com/new-jersey/food-delivery/mariners-cove-restaurant/ZMVPT1twTDeBuZyTjUxfdA,point-pleasant-new-jersey
https://www.ubereats.com/new-jersey/food-delivery/cutting-edge-catering/b0N2ShEnRnaUqHdn5tIMfQ,point-pleasant-new-jersey
https://www.ubereats.com/new-jersey/food-delivery/all-star-bagels/8ayybgvETzGbVnO1Iyrkkg,point-pleasant-new-jersey
https://www.ubereats.com/new-jersey/food-delivery/nicks-breakfast-kitchen/fIzZPausTTC2tOpBvOrk8w,point-pleasant-new-jersey
https://www.ubereats.com/new-jersey/food-delivery/homegrown/DE5zUtenQtq2KufvW0g4tw,point-pleasant-new-jersey
https://www.ubereats.com/new-jersey/food-delivery/wendys-3150-route-88/L44zJcCpQW2WOOi6tFOxxw,point-pleasant-new-jersey
https://www.ubereats.com/new-jersey/food-delivery/monster-mac/dC1rkbj3RvOfSmxBsMud6w,point-pleasant-new-jersey
https://www.ubereats.com/new-jersey/food-delivery/dunkin-602-mantoloking-rd/Urin9w8gRKijVuohgZp8Xw,point-pleasant-new-jersey
https://www.ubereats.com/new-jersey/food-delivery/mikes-subs-belmar/0FhPmR4PT62C6ZZCinVT-Q,point-pleasant-new-jersey
https://www.ubereats.com/new-jersey/food-delivery/tgi-fridays-1683-brick-nj/y9C6px4KThCSAPs85wZtcg,point-pleasant-new-jersey
https://www.ubereats.com/new-jersey/food-delivery/white-castle-2778-hooper/1FMZ5jFbRq-ZMp95rxR1lw,point-pleasant-new-jersey
https://www.ubereats.com/new-jersey/food-delivery/dunkin-2138-route-88/hq_35104QzKaZ7dNIAUBbg,point-pleasant-new-jersey
https://www.ubereats.com/new-jersey/food-delivery/mcdonalds-ocean-ave-%26-route-35/PY843npTS3ONDQREk3zXXQ,point-pleasant-new-jersey
https://www.ubereats.com/new-jersey/food-delivery/koi-asian-fusion-lounge/4V6-ZB0WRsClXVQkNO4g1g,point-pleasant-new-jersey
https://www.ubereats.com/new-jersey/food-delivery/playa-bowls-manasquan/TottptzbTAO_hAR3ic5xGQ,point-pleasant-new-jersey
https://www.ubereats.com/new-jersey/food-delivery/pats-little-deli/JWoskj4YRkezY9LOeds_mQ,point-pleasant-new-jersey
https://www.ubereats.com/new-jersey/food-delivery/hoagie-jos/vh7jLzAWQiOgMxrWGgjQlQ,point-pleasant-new-jersey
https://www.ubereats.com/new-jersey/food-delivery/houlihans-brick/DJ4Th3fdQoqA63epI20F-A,point-pleasant-new-jersey
https://www.ubereats.com/new-jersey/food-delivery/ichiban-toms-river/YEz1DHL2Qlai81Vek-z1MQ,point-pleasant-new-jersey
https://www.ubereats.com/new-jersey/food-delivery/joe-spanos-tomato-pies/ypXkpcZHRMm-P-dVX7elwg,point-pleasant-new-jersey
https://www.ubereats.com/new-jersey/food-delivery/the-corner-post-diner/Ti98VHioRd-vePLYtbapsA,point-pleasant-new-jersey
https://www.ubereats.com/new-jersey/food-delivery/dunkin-13-lanes-mill-rd/YuyySp90RRKs9qUza7OlKw,point-pleasant-new-jersey
https://www.ubereats.com/new-jersey/food-delivery/panini-cafe/NObvv_ZzRt2AhVDRaZ5Brw,point-pleasant-new-jersey
https://www.ubereats.com/new-jersey/food-delivery/dairy-queen-treat-97-atlantic-ave/KtyZIIfOQKaWQm8Mo4fuww,point-pleasant-new-jersey
https://www.ubereats.com/new-jersey/food-delivery/bagel-station/teg0v8gaRiS-95rI1ztxew,point-pleasant-new-jersey
https://www.ubereats.com/new-jersey/food-delivery/joes-bagel-%26-grill-brick/VMTsnxJzStCL-mo_NU5dRg,point-pleasant-new-jersey
https://www.ubereats.com/new-jersey/food-delivery/kfc-222-route-37-east/23mR61ZgRz-DXn-EHvmadg,point-pleasant-new-jersey
https://www.ubereats.com/new-jersey/food-delivery/im-a-local-beach-house-cafe/fdKmet_DSt6QBFkiM9N5PA,point-pleasant-new-jersey
https://www.ubereats.com/new-jersey/food-delivery/whitesville-market-%26-deli/KV9Gn3sCSLGPWPHF8hwDwQ,point-pleasant-new-jersey
https://www.ubereats.com/new-jersey/food-delivery/jardin-fresco/5iPd-6VORcyO71XFDj2FOw,point-pleasant-new-jersey
https://www.ubereats.com/new-jersey/food-delivery/stay-gold-cafe-%26-lounge-howell/Db5Fx_4zQ5On7WpMichZFw,point-pleasant-new-jersey
https://www.ubereats.com/new-jersey/food-delivery/the-upper-crust-on-kennedy-blvd/jx1DRlOWQAyhwMxLJt3zHQ,point-pleasant-new-jersey
https://www.ubereats.com/new-jersey/food-delivery/wendys-1407-allaire-rd/kwXy4aGVQ6K9OEhHERfG0A,point-pleasant-new-jersey
https://www.ubereats.com/new-jersey/food-delivery/pasquallys-pizza-%26-wings-28-brick-plaza/E85uGGJ8RvSziwu8zY3m6g,point-pleasant-new-jersey
https://www.ubereats.com/new-jersey/food-delivery/burger-king-538-brick-blvd/-xTvJrruRwmGt4fgJIMKiQ,point-pleasant-new-jersey
https://www.ubereats.com/new-jersey/food-delivery/river-cafe/EEpqtU1OQcSEO3l3jNSeMA,point-pleasant-new-jersey
https://www.ubereats.com/new-jersey/food-delivery/171-applebees-wall/kQSybH07SfWleUWoE-e_MQ,point-pleasant-new-jersey
https://www.ubereats.com/new-jersey/food-delivery/mulberry-street/4QRfSHkvRRW5LIhMicAXTQ,point-pleasant-new-jersey
https://www.ubereats.com/new-jersey/food-delivery/turning-point-of-brick/NRwz-k6UScuOUP-Kqi0vYg,point-pleasant-new-jersey
https://www.ubereats.com/new-jersey/food-delivery/157-applebees-toms-river/JP6W-A82QMemDcRYjmjHAQ,point-pleasant-new-jersey
https://www.ubereats.com/new-jersey/food-delivery/kumo-sushi-hibachi-restaurant/Gc0bPUu9TMyUnaQrRyLgEg,point-pleasant-new-jersey
https://www.ubereats.com/new-jersey/food-delivery/ihop-1759-route-88/yPtaePKbQpqK38bj2IiLvQ,point-pleasant-new-jersey
https://www.ubereats.com/new-jersey/food-delivery/mamouns-falafel-wall-township/Xr_ZWYrdSPGCof4vpr_b0w,point-pleasant-new-jersey
https://www.ubereats.com/new-jersey/food-delivery/five-guys-nj-1893-1902-rt-35/bPPj23rqSM2MOMu7lFT8dg,point-pleasant-new-jersey
https://www.ubereats.com/new-jersey/food-delivery/surf-taco-silverton/A35sno5JRIWo7rIxGQd7_g,point-pleasant-new-jersey
https://www.ubereats.com/new-jersey/food-delivery/tacoholics-brick/LTRCXjq9QIyO9bFyl83zRg,point-pleasant-new-jersey
https://www.ubereats.com/new-jersey/food-delivery/herbs-thai-kitchen/rkY86b9lTF6L98SSHgpfbQ,point-pleasant-new-jersey
https://www.ubereats.com/new-jersey/food-delivery/jersey-mikes-1933-highway-35-%26-allaire-road/-eJVm54HRQmPP4CIWo1cow,point-pleasant-new-jersey
https://www.ubereats.com/new-jersey/food-delivery/manhattan-bagel-wall-township/wnYlz7zbQRmZxZ5JdDZ8zQ,point-pleasant-new-jersey
https://www.ubereats.com/new-jersey/food-delivery/friendlys-1210-hooper-avenue/uZhGYcj0QAKKsjvlRN-psw,point-pleasant-new-jersey
https://www.ubereats.com/new-jersey/food-delivery/glatt-gourmet/YLJ9snsrQe2j3BxVFYbq4A,point-pleasant-new-jersey
https://www.ubereats.com/new-jersey/food-delivery/pizzaleh/VnNhgjzMQG-F_pC2yCocZg,point-pleasant-new-jersey
https://www.ubereats.com/new-jersey/food-delivery/village-pizza-east-county-line/nbo0I7NKTQGztUeHvBQrFg,point-pleasant-new-jersey
https://www.ubereats.com/new-jersey/food-delivery/yapchik/a-meW7lSTy6c8qMLc4BR2w,point-pleasant-new-jersey
https://www.ubereats.com/new-jersey/food-delivery/arugula/QZLxvjWFTfaxcPWf_SUFWA,point-pleasant-new-jersey
https://www.ubereats.com/new-jersey/food-delivery/eat-a-pita-kosher-israeli-grill/Vrj1vINFRUe2Y8ouwMk29Q,point-pleasant-new-jersey
https://www.ubereats.com/new-jersey/food-delivery/playa-bowls-brick/Q_HpJn6cQwGtlVnmAXRfSQ,point-pleasant-new-jersey
https://www.ubereats.com/new-jersey/food-delivery/the-country-kitchen/luOBVXGlQaW50RJuG5iJMw,point-pleasant-new-jersey
https://www.ubereats.com/new-jersey/food-delivery/mcdonalds-2428-rt-35/rVKKnVKnQBWntLDu_jvNRA,point-pleasant-new-jersey
https://www.ubereats.com/new-jersey/food-delivery/windmill-hot-dogs-belmar/wmYcoSz8RiKWTkbKDcBpUA,point-pleasant-new-jersey
https://www.ubereats.com/new-jersey/food-delivery/jersey-mikes-602-mantoloking-road/lraF9RBvQw-SQi2Gq1ntAw,point-pleasant-new-jersey
https://www.ubereats.com/new-jersey/food-delivery/thai-jasmine-to-go-restaurant/LVAKy6pBSGea5-O_gcjXKg,point-pleasant-new-jersey
https://www.ubereats.com/new-jersey/food-delivery/the-greenery-juice-bar-and-cafe/sDbOGdYbRuS_TRurk2RajA,point-pleasant-new-jersey
https://www.ubereats.com/new-jersey/food-delivery/red-lobster-1298-hooper-avenue/cIymf9l-SIaeof0G8i953w,point-pleasant-new-jersey
https://www.ubereats.com/new-jersey/food-delivery/bjs-restaurant-%26-brewhouse-1275-hooper-avenue/Kv0_AO3JRcWR2_77TxwmSA,point-pleasant-new-jersey
https://www.ubereats.com/new-jersey/food-delivery/bun-burger-kitchen/ANoQYehWQiWeotcCu9zz5w,point-pleasant-new-jersey
https://www.ubereats.com/new-jersey/food-delivery/pancheros-mexican-grill-1919-route-35/_ub5KSNfRSalYvFfIsVgKw,point-pleasant-new-jersey
https://www.ubereats.com/new-jersey/food-delivery/dunkin-216-rt-35-south/dhzfIRAjT1eYoKYTEhyV8g,point-pleasant-new-jersey
https://www.ubereats.com/new-jersey/food-delivery/nj-poke/cHTi9227Rqi88YwJ2nHcDw,point-pleasant-new-jersey
https://www.ubereats.com/new-jersey/food-delivery/spring-lake-manor/6akqO8CYSUuX5uscn5aKmA,point-pleasant-new-jersey
https://www.ubereats.com/new-jersey/food-delivery/super-pollo-ii/N5UZCmB9TGOEWQjyhTe_dQ,point-pleasant-new-jersey
https://www.ubereats.com/new-jersey/food-delivery/chipotle-mexican-grill-4733-us-highway-9/EwIQKyugS86poneOJLXDXw,point-pleasant-new-jersey
https://www.ubereats.com/new-jersey/food-delivery/taco-bell-2407-nj-35/dfCB6DOuTn2OcC_kTcHRgQ,point-pleasant-new-jersey
https://www.ubereats.com/new-jersey/food-delivery/meemoms-wall/Ze783lBLQcaSQSpAXgT_HQ,point-pleasant-new-jersey
https://www.ubereats.com/new-jersey/food-delivery/outback-steakhouse-2770-hooper-avenue/lJiCjZluSsW4qKeIQjA8Dw,point-pleasant-new-jersey
https://www.ubereats.com/new-jersey/food-delivery/caribbean-vibes/MibaqFQWT0qtvcsbv-m_iQ,point-pleasant-new-jersey
https://www.ubereats.com/new-jersey/food-delivery/ancient-bread-pizza/Y4Ivye6gTiyR_C-3nuCQ1g,point-pleasant-new-jersey
https://www.ubereats.com/new-jersey/food-delivery/blubes/mElvUVR1RcqvC5uhYh-w_A,point-pleasant-new-jersey
https://www.ubereats.com/new-jersey/food-delivery/meemoms-brick/5yIOtiylS1OWIOuA93U7Xw,point-pleasant-new-jersey
https://www.ubereats.com/new-jersey/food-delivery/surf-taco-wall/JFCX-A1pQ8KcLuTEC79l1Q,point-pleasant-new-jersey
https://www.ubereats.com/new-jersey/food-delivery/el-tenampa/J315iSbvQLSfhbyRSyDEtA,point-pleasant-new-jersey
https://www.ubereats.com/new-jersey/food-delivery/playa-bowls-603-grand-central-ave/Xuq-1PcHQQ6ucLyRR5Zdow,point-pleasant-new-jersey
https://www.ubereats.com/new-jersey/food-delivery/jersey-roll-point-pleasant/5D5Mz1qJQdiWQDsC-d0cJw,point-pleasant-new-jersey
https://www.ubereats.com/new-jersey/food-delivery/simply-sushi-lakewood/b6IxP4J-TyGnlFGx48-zGQ,point-pleasant-new-jersey
https://www.ubereats.com/new-jersey/food-delivery/via-roma/TAYuM4hHSXWQIpoCz2eeUA,point-pleasant-new-jersey
https://www.ubereats.com/new-jersey/food-delivery/playa-bowls-sea-girt/jSIGg8Y1TwCULNmfyJbUAw,point-pleasant-new-jersey
https://www.ubereats.com/new-jersey/food-delivery/greek-eats-brick/DTbbnyxZREiXvH-rn8kMcw,point-pleasant-new-jersey
https://www.ubereats.com/new-jersey/food-delivery/beacon-70/420Y-vnER72YtikH-P0xqg,point-pleasant-new-jersey
https://www.ubereats.com/new-jersey/food-delivery/bubbakoos-burritos/UN98k4p6RfWIVGR_-5HkEA,point-pleasant-new-jersey
https://www.ubereats.com/new-jersey/food-delivery/playa-bowls-bay-head/ray-XLqbRZa8RxfN69ArIw,point-pleasant-new-jersey
https://www.ubereats.com/new-jersey/food-delivery/wawa-917-2432-highway-%2335/MmqmB7pOQWO68lX1o2t6yQ,point-pleasant-new-jersey
https://www.ubereats.com/new-jersey/food-delivery/raw-poke-bar/tk73mt3qS_qR6fjPbNl0lQ,point-pleasant-new-jersey
https://www.ubereats.com/new-jersey/food-delivery/via-roma-3/5BULBH3CTA6JueeI_KpS3w,point-pleasant-new-jersey
https://www.ubereats.com/new-jersey/food-delivery/offshore-bbq/f6hl1W2GTNquYi-4xkEniQ,point-pleasant-new-jersey
https://www.ubereats.com/new-jersey/food-delivery/carvel-371-brick-blvd/6PgB3gggQKC-93nK7VgFaA,point-pleasant-new-jersey
https://www.ubereats.com/new-jersey/food-delivery/alfredos-pizzeria-%26-restaurant/fDpOF2moTjSJH2ZPeA_xNQ,point-pleasant-new-jersey
https://www.ubereats.com/new-jersey/food-delivery/smashburger-1060-cedar-bridge-ave/HlWq5Sm3SSO4fOZwlilQQg,point-pleasant-new-jersey
https://www.ubereats.com/new-jersey/food-delivery/south-side-sandwich-shop-and-smokehouse/qI53g99mQBm_AS8WL7V43g,point-pleasant-new-jersey
https://www.ubereats.com/new-jersey/food-delivery/out-to-lunch/ZTO2Um75Roi8g4levAD0fA,point-pleasant-new-jersey
https://www.ubereats.com/new-jersey/food-delivery/brewtons-restaurant/6E_4XO6fT0WTBMYt2yfmzQ,point-pleasant-new-jersey
https://www.ubereats.com/new-jersey/food-delivery/cordis-italian-gourmet/DCvpzDQhTo2sK7ttI0jqSw,point-pleasant-new-jersey
https://www.ubereats.com/new-jersey/food-delivery/luigis-famous-pizza/9m-zemR_T0GFcJdqMB4BEA,point-pleasant-new-jersey
https://www.ubereats.com/new-jersey/food-delivery/theresas-south/5sN93ayOQnm0w4QPHHPrEQ,point-pleasant-new-jersey
https://www.ubereats.com/new-jersey/food-delivery/dunkin-469-herbertsville-rd/oMc90sGQS4uoaTMXGjVOig,point-pleasant-new-jersey
https://www.ubereats.com/new-jersey/food-delivery/wendys-101-jack-martin-blvd/Uz0RY1fpSW-_oY605qBFfA,point-pleasant-new-jersey
https://www.ubereats.com/new-jersey/food-delivery/bubbakoos-burritos/C7Knf7O0QJqqDzRpq4JTgA,point-pleasant-new-jersey
https://www.ubereats.com/new-jersey/food-delivery/philly-pretzel-factory-4018-us-9/qm1yRTDhRyam-7AxKl4oMA,point-pleasant-new-jersey
https://www.ubereats.com/new-jersey/food-delivery/taco-bell-3810-rt-9-s/TUoz3o_USB-gDdeFHhDqig,point-pleasant-new-jersey
https://www.ubereats.com/new-jersey/food-delivery/bubbakoos-burritos/FROs-gMxTPu3U_OWihhYKg,point-pleasant-new-jersey
https://www.ubereats.com/new-jersey/food-delivery/pita-hut-river-ave/CsahS3zJQeSUl6pyeWscTg,point-pleasant-new-jersey
https://www.ubereats.com/new-jersey/food-delivery/mcdonalds-191-van-zile-road/QK1UPfyORi-0y4LZ9bdEHw,point-pleasant-new-jersey
https://www.ubereats.com/new-jersey/food-delivery/sushi-and-chinese-express/YUvhEAmeRheOKLi9OY1bCg,point-pleasant-new-jersey
https://www.ubereats.com/new-jersey/food-delivery/152-applebees-%E2%80%93-brick/yc3nY72GQXe-ohFMmqyfcQ,point-pleasant-new-jersey
https://www.ubereats.com/new-jersey/food-delivery/five-guys-nj-0168-588-route-70/CA1lSzFuRLmL9oR6bXlAxQ,point-pleasant-new-jersey
https://www.ubereats.com/new-jersey/food-delivery/round-dough-with-a-hole/_PocHakHTNiuZNj8-y5H5g,point-pleasant-new-jersey
https://www.ubereats.com/new-jersey/food-delivery/bubbakoos-burritos/1y0aG6t9Qo6il4Iw4Tee9g,point-pleasant-new-jersey
https://www.ubereats.com/new-jersey/food-delivery/divi-tree-coffee/29HB6CXMRouqxV_LwESMHQ,point-pleasant-new-jersey
https://www.ubereats.com/new-jersey/food-delivery/glatt-bite-e-kennedy-blvd/CN9YIBfWTfShzs5dHbJMOA,point-pleasant-new-jersey
https://www.ubereats.com/new-jersey/food-delivery/dunkin-1007-route-70/CCYPj4zRQqG__kE3YsXZNg,point-pleasant-new-jersey
https://www.ubereats.com/new-jersey/food-delivery/kfc-468-brick-blvd/fm5DYriuR46QyjfH1Hd8Rg,point-pleasant-new-jersey
https://www.ubereats.com/new-jersey/food-delivery/fresh-kitchen/lhHflRwTRQ2kWb6PfW0S7A,point-pleasant-new-jersey
https://www.ubereats.com/new-jersey/food-delivery/bagel-basket-cafe/A2oMpAGeQESPfD7MqH1lVA,point-pleasant-new-jersey
https://www.ubereats.com/new-jersey/food-delivery/turning-point-of-sea-girt/eKZS1xSXRXOH-V6DC6fVZg,point-pleasant-new-jersey
https://www.ubereats.com/new-jersey/food-delivery/kfc-3139-lakewood-road/0VM5PWx6Qomu3pFToH9X8g,point-pleasant-new-jersey
https://www.ubereats.com/new-jersey/food-delivery/johnny-gs-italian-restaurant/ioS4m8tqToqM8oo_W3gBZw,point-pleasant-new-jersey
https://www.ubereats.com/new-jersey/food-delivery/wawa-0997-116-brick-blvd/Dg9IDAKPSzSU9tckR0aRVA,point-pleasant-new-jersey
https://www.ubereats.com/new-jersey/food-delivery/bagel-king/iifYYAMyRCquuYzbdrbEsg,point-pleasant-new-jersey
https://www.ubereats.com/new-jersey/food-delivery/kleins-fish-market/R3AVxE-TSVWeZrAN8jmzrA,point-pleasant-new-jersey
https://www.ubereats.com/new-jersey/food-delivery/cloud-9-donuts/q9UFliu5QBCIc80TAD5ABQ,point-pleasant-new-jersey
https://www.ubereats.com/new-jersey/food-delivery/wendys-555-route-70-east/0NYxsfwqS_aRZxbe2t3F5A,point-pleasant-new-jersey
https://www.ubereats.com/new-jersey/food-delivery/pizza-hut-320-brick-blvd/vYiWkpEIRnSvwOwTPavmKA,point-pleasant-new-jersey
https://www.ubereats.com/new-jersey/food-delivery/chipotle-mexican-grill-74-brick-plz/OUO-Ndh3T1-7YiKG8ZuMUA,point-pleasant-new-jersey
https://www.ubereats.com/new-jersey/food-delivery/the-beanery/yg_JtMehR8a5JCl82i_Udg,point-pleasant-new-jersey
https://www.ubereats.com/new-jersey/food-delivery/chuck-e-cheese-28-brick-plaza/oqyNRCzJROCq-cg6_K0zog,point-pleasant-new-jersey
https://www.ubereats.com/new-jersey/food-delivery/lexylicious-ice-cream/nar2M-EOSAyK8UPcaAr97Q,point-pleasant-new-jersey
https://www.ubereats.com/new-jersey/food-delivery/dunkin-2430-bridge-ave/97xrZXlJTmCrEHh_0eQU1w,point-pleasant-new-jersey
https://www.ubereats.com/new-jersey/food-delivery/point-pizza-by-pudgy/QzlzgeEwRG2_nQDTvEZ9gw,point-pleasant-new-jersey
https://www.ubereats.com/new-jersey/food-delivery/sushi-nation/Oi52zebQQEWd_Njpuvd1ZA,point-pleasant-new-jersey
https://www.ubereats.com/new-jersey/food-delivery/jersey-mikes-2627-highway-70/JCvnLCf8Tnm9qFiV_V5rQA,point-pleasant-new-jersey
https://www.ubereats.com/new-jersey/food-delivery/upper-crust-in-todd-plaza/ffupWaabQ2Sr9o3G2UuTAQ,point-pleasant-new-jersey
https://www.ubereats.com/new-jersey/food-delivery/jersey-mikes-2600-bridge-avenue/zz4lh6LcRGyWzroeD3-h-A,point-pleasant-new-jersey
https://www.ubereats.com/new-jersey/food-delivery/monalyssa-restaurant-%26-pizzeria/JhUvMOp_QVKx-5wXZqclVw,point-pleasant-new-jersey
https://www.ubereats.com/new-jersey/food-delivery/gerards-prime-13/2GtMaK9CSnaDA7asz-MZWw,point-pleasant-new-jersey
https://www.ubereats.com/new-jersey/food-delivery/dunkin-909-route-70/zFaSbPWtQ9qP1PTLEbgRVw,point-pleasant-new-jersey
https://www.ubereats.com/new-jersey/food-delivery/playa-bowls-toms-river/PQ8FfeeNQ--pzJFl6UFj3w,point-pleasant-new-jersey
https://www.ubereats.com/new-jersey/food-delivery/red-robin-664-1054-cedar-bridge-road/ynbUPMpBT_e_XB4HC0X1pQ,point-pleasant-new-jersey
https://www.ubereats.com/new-jersey/food-delivery/taco-bell-560-brick-blvd/GSc1QVF6T6C70suIidar7A,point-pleasant-new-jersey
https://www.ubereats.com/new-jersey/food-delivery/wings-eats-%26-sweets/6Wv_q5fdQVm8ZDs880aqOg,point-pleasant-new-jersey
https://www.ubereats.com/new-jersey/food-delivery/roma-cafe/JTRtkhBhSdG9VGdPHZMChQ,point-pleasant-new-jersey
https://www.ubereats.com/new-jersey/food-delivery/joes-bagel-%26-grill-sea-grit/dQ3vXTn-RSKAefbewLFUkw,point-pleasant-new-jersey
https://www.ubereats.com/new-jersey/food-delivery/joes-bagel-%26-grill-point-pleasant/QwOjju6cQw20d36lGUZabg,point-pleasant-new-jersey
https://www.ubereats.com/new-jersey/food-delivery/tacos-madrigal/K-l197chT3CQ-sGBHDJ7BQ,point-pleasant-new-jersey
https://www.ubereats.com/new-jersey/food-delivery/pizzano/m-cJcdqJTOyODoVHPWlRsA,point-pleasant-new-jersey
https://www.ubereats.com/new-jersey/food-delivery/revolve-resturant/ldw0UE7bS1yBS9KlDWZK2g,point-pleasant-new-jersey
https://www.ubereats.com/new-jersey/food-delivery/dairy-queen-treat-931-fischer-blvd-ste-9/aqV6FxPMREGIq2w8mnhcPw,point-pleasant-new-jersey
https://www.ubereats.com/new-jersey/food-delivery/grilled-cheese-society/yrjwwuD9TVeOzlts4hQQFA,point-pleasant-new-jersey
https://www.ubereats.com/new-jersey/food-delivery/baladina-mediterranean-restaurant/JMKyNfU4RRyyyRRVvKQ53A,point-pleasant-new-jersey
https://www.ubereats.com/new-jersey/food-delivery/jersey-mikes-subs-901-richmond-avenue/RAKjhc7iRiyKRVAwOpZJlQ,point-pleasant-new-jersey
https://www.ubereats.com/new-jersey/food-delivery/the-ice-cream-shop/-vsRrmNlRm-PZC5r9kK46w,point-pleasant-new-jersey
https://www.ubereats.com/new-jersey/food-delivery/carrabbas-990-cedar-bridge-ave-bldg-b/6KIo0-qMQEqM83qGfXoMNQ,point-pleasant-new-jersey
https://www.ubereats.com/new-jersey/food-delivery/estys-bestys-vegetarian-eatery/X5ePMmzHQ5axt0eaefrKkg,point-pleasant-new-jersey
https://www.ubereats.com/new-jersey/food-delivery/atlanta-bread-co/NdKxXfqxRvGGgKEZOBc6KA,point-pleasant-new-jersey
https://www.ubereats.com/new-jersey/food-delivery/anthonys-pizza/lKByGEsYR2yacBK4ZGJy0A,point-pleasant-new-jersey
https://www.ubereats.com/new-jersey/food-delivery/naples-pizzeria/XSYk05IYRumwhXUwcAW02g,point-pleasant-new-jersey
https://www.ubereats.com/new-jersey/food-delivery/chicken-holiday/PDfaAkF5RKCvOhXPDK-55A,point-pleasant-new-jersey
https://www.ubereats.com/new-jersey/food-delivery/qua-pizza/DNzFuc2BS7ezTcbFK56WVw,point-pleasant-new-jersey
https://www.ubereats.com/new-jersey/food-delivery/dunkin-1039-route-88/1dqKWPIdQEe0HYaVpMAbiA,point-pleasant-new-jersey
https://www.ubereats.com/new-jersey/food-delivery/mentoast-by-keepshuto/5SMAzFlTQYCdcGUfJn5fMg,point-pleasant-new-jersey
https://www.ubereats.com/new-jersey/food-delivery/joseph-and-david/VjJsV9J-RsW-N7MMRdrfUg,point-pleasant-new-jersey
https://www.ubereats.com/new-jersey/food-delivery/the-kitchen-%40-35/V8tfKyJ2Q2eEjwThM_UurQ,point-pleasant-new-jersey
https://www.ubereats.com/new-jersey/food-delivery/poorboys/yRIdDWwcQ2iha-DVfQSmSw,point-pleasant-new-jersey
https://www.ubereats.com/new-jersey/food-delivery/tacoholics-point-pleasant/miqPwr7LRsGh-GPbf1y10w,point-pleasant-new-jersey
https://www.ubereats.com/new-jersey/food-delivery/mi-mexico-lindo-restaurant/JJ1rbBE2S2SwfPOu8oFLJw,point-pleasant-new-jersey
https://www.ubereats.com/new-jersey/food-delivery/ninos-coal-fired-pizza/KY-mqxiCSqer4pBFln5d_w,point-pleasant-new-jersey
https://www.ubereats.com/new-jersey/food-delivery/starbucks-sea-girt/c732iiIISO6MwYyBK8j7Mg,point-pleasant-new-jersey
https://www.ubereats.com/new-jersey/food-delivery/el-oaxaqueno-restaurante-%26-panaderia/gMHuz9DTRRKopbjJ5LO-Fg,point-pleasant-new-jersey
https://www.ubereats.com/new-jersey/food-delivery/dunkin-14-beaverson-blvd/4a_zAHx-SWSNj1pBvEVn5A,point-pleasant-new-jersey
https://www.ubereats.com/new-jersey/food-delivery/dunkin-1500-ocean-avenue/e_5G_mCmRcCHFR-lKp1V2g,point-pleasant-new-jersey
https://www.ubereats.com/new-jersey/food-delivery/simply-southern-belmar-plz/qALOnfMmQp6K4vN9w19c0Q,point-pleasant-new-jersey
https://www.ubereats.com/new-jersey/food-delivery/doolans-shore-club/0Yyq2fd3S06cLOE3RWQaNg,point-pleasant-new-jersey
https://www.ubereats.com/new-jersey/food-delivery/manhattan-bagel-1822a-hooper-ave/PAuZJU4bRma_d-zM2giIHw,point-pleasant-new-jersey
https://www.ubereats.com/new-jersey/food-delivery/brick-diner/dDrsxAO6Tzq7m1O9dGQTKg,point-pleasant-new-jersey
https://www.ubereats.com/new-jersey/food-delivery/local-cafe/WmjkeHNZTkS5uoF-yqQwEw,point-pleasant-new-jersey
https://www.ubereats.com/new-jersey/food-delivery/crave/bsHiIKumSU6vYNTlnJLA_g,point-pleasant-new-jersey
https://www.ubereats.com/new-jersey/food-delivery/the-shore-house-bar-and-grill/2x-N93ngS_mxZ8rj7LITQg,point-pleasant-new-jersey
https://www.ubereats.com/new-jersey/food-delivery/snaps-kosher/WTFBofQQQ0a9nYGS7mtzSQ,point-pleasant-new-jersey
https://www.ubereats.com/new-jersey/food-delivery/tgi-fridays-1681-toms-river-nj/IJkyeU9mTAabu23cMYEYGQ,point-pleasant-new-jersey
https://www.ubereats.com/new-jersey/food-delivery/dunkin-50-union-ave/SLsIqT_MQH-0IwW9cjGjag,point-pleasant-new-jersey
https://www.ubereats.com/new-jersey/food-delivery/that-sushi-spot/FlBqpiGaSX6YpA-HDj8lWg,point-pleasant-new-jersey
https://www.ubereats.com/new-jersey/food-delivery/manhattan-bagel-333-atlantic-city-blvd/BlWP7sC-S4uRuEgtlS96vw,point-pleasant-new-jersey
https://www.ubereats.com/new-jersey/food-delivery/the-oven/L-22vNTUSviOmAtK4Qnbdg,point-pleasant-new-jersey
https://www.ubereats.com/new-jersey/food-delivery/cinco-de-mayo-mexican-grill/Xq262U_NTq2qxiNEZR16tA,point-pleasant-new-jersey
https://www.ubereats.com/new-jersey/food-delivery/surf-taco-manasquan/qkCsmz-3Qwy04s6bFzT8lA,point-pleasant-new-jersey
https://www.ubereats.com/new-jersey/food-delivery/fresh-kitchen/_HyaIzs9QEiGuBFNCQNFvg,point-pleasant-new-jersey
https://www.ubereats.com/new-jersey/food-delivery/cornerstone-kitchen-%26-tap/IFa-MQ24QDqD4x3qVPLaWQ,point-pleasant-new-jersey
https://www.ubereats.com/new-jersey/food-delivery/jersey-mikes-subs-1195-route-70/qauNyeVkQEWm2IExSG8YwQ,point-pleasant-new-jersey
https://www.ubereats.com/new-jersey/food-delivery/big-city-bagels-%26-nathans-famous/s4AQJaXRQV6_fa4hhEQBmA,point-pleasant-new-jersey
https://www.ubereats.com/new-jersey/food-delivery/ihop-2027-state-route-35/BAQtMt3NS0mWAehI_Bg0VQ,point-pleasant-new-jersey
https://www.ubereats.com/new-jersey/food-delivery/chang-wang/N1qWb6EcRo2xMqtbH_cpXw,point-pleasant-new-jersey
https://www.ubereats.com/new-jersey/food-delivery/mother-clucker/ZI9O6S4sSvGVxzP-dqMAEg,point-pleasant-new-jersey
https://www.ubereats.com/new-jersey/food-delivery/joes-bagel-%26-grill-fischer-blvd/XJfHihRhSdCeA7HPJQNBsA,point-pleasant-new-jersey
https://www.ubereats.com/new-jersey/food-delivery/cluck-u-chicken-wall/0sftDspSQYiollNfQbid-A,point-pleasant-new-jersey
https://www.ubereats.com/new-jersey/food-delivery/mothership-pizza/M5CQhswgQCyaX_eZMePiyg,point-pleasant-new-jersey
https://www.ubereats.com/new-jersey/food-delivery/sunny-hunny/FojYHL82T0aoaT3-M9an8Q,point-pleasant-new-jersey
https://www.ubereats.com/new-jersey/food-delivery/burkes-market/T_MLKXCxSICzA1IkCeKURg,point-pleasant-new-jersey
https://www.ubereats.com/new-jersey/food-delivery/jersey-farms-food-store/MOexALIbTtOx1lZvUOQGkA,point-pleasant-new-jersey
https://www.ubereats.com/new-jersey/food-delivery/village-pizza-river-ave/lPxopXnKQtmOfG0WhI5Vpw,point-pleasant-new-jersey
https://www.ubereats.com/new-jersey/food-delivery/beckmans-deli/c-bvNPg0SWSTVDZTFn9WKg,point-pleasant-new-jersey
https://www.ubereats.com/new-jersey/food-delivery/flaming-grill-buffet/FAJ93SkcQfW8avesh21wFA,point-pleasant-new-jersey
https://www.ubereats.com/new-jersey/food-delivery/china-express/w_NBEUeITEOMT7a3gQ2g1g,point-pleasant-new-jersey
https://www.ubereats.com/new-jersey/food-delivery/playa-bowls-410-ocean-ave/JbopccbMQdaMyOSzJ6JHtg,point-pleasant-new-jersey
https://www.ubereats.com/new-jersey/food-delivery/cafotteria/H68PlARFTdOL5ETC5BkOkQ,point-pleasant-new-jersey
https://www.ubereats.com/new-jersey/food-delivery/chipotle-mexican-grill-2150-route-35/r3CeihTTSJOVcyZKq56kSA,point-pleasant-new-jersey
https://www.ubereats.com/new-jersey/food-delivery/blue-nile-mediterranean-grill/Zov_Xm1YSsWJhL-i_40Xqw,point-pleasant-new-jersey
https://www.ubereats.com/new-jersey/food-delivery/philly-pretzel-factory-1845-hooper-ave/Tx0GJ1L_Q-GLd2c7MOKUPQ,point-pleasant-new-jersey
https://www.ubereats.com/new-jersey/food-delivery/cold-stone-creamery-960-cedar-bridge-ave/cx48e_ZzRaaFmTyWH6dLng,point-pleasant-new-jersey
https://www.ubereats.com/new-jersey/food-delivery/beach-diner/jtoFg1FGTny_iWxTApYzfQ,point-pleasant-new-jersey
https://www.ubereats.com/new-jersey/food-delivery/frutta-bowls-wall/qvjFrrX3ROGa1bQ9GBTyGg,point-pleasant-new-jersey
https://www.ubereats.com/new-jersey/food-delivery/e-street-bagels/_IPDqSICTTCxqHELvjCJKg,point-pleasant-new-jersey
https://www.ubereats.com/new-jersey/food-delivery/napoli-pizza/VXLyAZLZT8qB8mSu_VlXGQ,point-pleasant-new-jersey
https://www.ubereats.com/new-jersey/food-delivery/taco-bell-1402-highway-37-e/Kqsed8M_SG27rZGzcfHYXw,point-pleasant-new-jersey
https://www.ubereats.com/new-jersey/food-delivery/wings-and-things/_VYjHy8ZRM-WMlvqo7bI-A,point-pleasant-new-jersey
https://www.ubereats.com/new-jersey/food-delivery/ob-diner-point-pleasant/JResqktAQKiTEPfLICNZkw,point-pleasant-new-jersey
https://www.ubereats.com/new-jersey/food-delivery/dunkin-state-highway-35/99trbr06Q2S51T1ipLaBsg,point-pleasant-new-jersey
https://www.ubereats.com/new-jersey/food-delivery/all-star-bagels/kvyMe0xkTkKBTIiR0MMoUg,point-pleasant-new-jersey
https://www.ubereats.com/new-jersey/food-delivery/3-brothers-from-italy-pizza/0H7o_K4DTvO3TuC-uqJfEg,point-pleasant-new-jersey
https://www.ubereats.com/new-jersey/food-delivery/four-seasons-diner/y4bKWtg1RJi-y5cdASAg9w,point-pleasant-new-jersey
https://www.ubereats.com/new-jersey/food-delivery/lakewood-j2-south-pizza/5g44CsJNTNaXb1aLXFDzRg,point-pleasant-new-jersey
https://www.ubereats.com/new-jersey/food-delivery/buffalo-wild-wings-2770-hooper-ave/rbZNF_vBSXSloIQcaJXm1g,point-pleasant-new-jersey
https://www.ubereats.com/new-jersey/food-delivery/speedy-mart-lakewood/tcL5exr4TBWzAvkCOIFU4Q,point-pleasant-new-jersey
https://www.ubereats.com/new-jersey/food-delivery/the-ice-cream-shop/PPOhE3kWTgOpHOC1kMw0ag,point-pleasant-new-jersey
https://www.ubereats.com/new-jersey/food-delivery/mikes-chicken-crunchers/k321uIdORyObyiyhqg-h7g,point-pleasant-new-jersey
