url,city
https://www.ubereats.com/new-york/food-delivery/marios-pizzeria-oyster-bay/7Jm4Q2JtRfyawkY-yHjKNw,port-washington-new-york
https://www.ubereats.com/new-york/food-delivery/matteos/WRxVWtKhSIC9QXkJtg0TGA,port-washington-new-york
https://www.ubereats.com/new-york/food-delivery/16-handles-great-neck/1qDjvFh9S2a2ErFIFtNNzg,port-washington-new-york
https://www.ubereats.com/nyc-suburbs/food-delivery/little-dumpling-bayside/Owr-V5_3R1yPLaEvGeijTA,port-washington-new-york
https://www.ubereats.com/new-york/food-delivery/the-ice-cream-shop/M0CWffeHRcaJgrb6mnP3Vw,port-washington-new-york
https://www.ubereats.com/new-york/food-delivery/joannes-gourmet-pizza/zChyRG2aT_mGx5s-nMPebQ,port-washington-new-york
https://www.ubereats.com/nyc-suburbs/food-delivery/moes-90-northern-boulevard/S027q_h3R8qDysrL3VcHmg,port-washington-new-york
https://www.ubereats.com/nyc-suburbs/food-delivery/heirloom-tavern/984eQ6uSS3eHg6MeRnndsA,port-washington-new-york
https://www.ubereats.com/nyc-suburbs/food-delivery/burger-king-2351-jericho-tpke/bp0qTdJ-SEq95yEynSMzkg,port-washington-new-york
https://www.ubereats.com/nyc-suburbs/food-delivery/16-handles-port-washington/nT0lV8FDQUGfAwDLLcPwuw,port-washington-new-york
https://www.ubereats.com/nyc-suburbs/food-delivery/the-little-beet-long-island/r3aZMySdQ0-Ds3nlz6AsdA,port-washington-new-york
https://www.ubereats.com/new-york/food-delivery/sakaya-japanese-restaurant/CMHhzODzSY--J1o8uEv4vg,port-washington-new-york
https://www.ubereats.com/nyc-suburbs/food-delivery/pezzi-pizza-inc/Aqm7pbo7Qh-iO3rLKvfd-A,port-washington-new-york
https://www.ubereats.com/new-york/food-delivery/388-italian-restaurant-%26-catering/F455lTuXS-26Io4t7wcI6Q,port-washington-new-york
https://www.ubereats.com/new-york/food-delivery/red-mango-42-23-bell-blvd/kCbnj-znRi2v7RN308PZlw,port-washington-new-york
https://www.ubereats.com/nyc-suburbs/food-delivery/mcdonalds-jericho-jericho-tpke/FM2fW3FITyG8JT1yUGUYkQ,port-washington-new-york
https://www.ubereats.com/nyc-suburbs/food-delivery/waterzooi-port-washington/TRbNCwmBSqOERP2KMRl1LQ,port-washington-new-york
https://www.ubereats.com/new-york/food-delivery/bagel-hut/8s-0TmD0TbSMFyy_Lq4puQ,port-washington-new-york
https://www.ubereats.com/nyc-suburbs/food-delivery/antoninos-italian-restaurant/B5-NBZIeQ6ySujrxjJxFGA,port-washington-new-york
https://www.ubereats.com/nyc-suburbs/food-delivery/burger-village-great-neck/VFDy6reLRvmM5iugo8-_EA,port-washington-new-york
https://www.ubereats.com/new-york/food-delivery/wonton-palooza/ycnBjdnPSl6zThFzxuFp_Q,port-washington-new-york
https://www.ubereats.com/new-york/food-delivery/senor-nacho/7SFGGnAaTCi0NNd8KBxTOw,port-washington-new-york
https://www.ubereats.com/nyc-suburbs/food-delivery/new-hing-hing-kitchen/RXsj355-ScysM5Zpm5fkdw,port-washington-new-york
https://www.ubereats.com/nyc-suburbs/food-delivery/shake-shack-1570-union-turnpike/kaIPLAsOQe2UYi8bqZEWXQ,port-washington-new-york
https://www.ubereats.com/nyc-suburbs/food-delivery/ciros-pizza/EjG-EJ1EQP-j9BgccV1cCw,port-washington-new-york
https://www.ubereats.com/new-york/food-delivery/jade-asian-bistro-%E6%98%8E%E9%83%BD/5QcjGPtnQIeLy6jvPzm62g,port-washington-new-york
https://www.ubereats.com/new-york/food-delivery/jackson-hole-diner-bayside/yK96wNUMSO-fXTN7CrNHVQ,port-washington-new-york
https://www.ubereats.com/nyc-suburbs/food-delivery/uncle-steves-tavern/Q_bhe6TLQx2aCwqYCtsFdw,port-washington-new-york
https://www.ubereats.com/new-york/food-delivery/landmark-diner/9i1kDs32SJ2jQ7jHVKjqXg,port-washington-new-york
https://www.ubereats.com/nyc-suburbs/food-delivery/sangaritas-bayside/hQ9XdmLcQdmyi37F8NVNZw,port-washington-new-york
https://www.ubereats.com/nyc-suburbs/food-delivery/joong-koog-jip-%EC%A4%91%EA%B5%AD%EC%A7%91/dn1P6dG2Sru5DWu1tRtgyA,port-washington-new-york
https://www.ubereats.com/nyc-suburbs/food-delivery/port-thai-place/aIwY5m97SrK3gqnpTXdJ1Q,port-washington-new-york
https://www.ubereats.com/nyc-suburbs/food-delivery/smashburger-983-port-washington-blvd/EewUR4PSQt-F__oJe7NqCA,port-washington-new-york
https://www.ubereats.com/nyc-suburbs/food-delivery/seven-seas/jkHaAdeLSe29eQlgt6ZF2A,port-washington-new-york
https://www.ubereats.com/nyc-suburbs/food-delivery/no1-kitchen/BO5mfM1EQD6IfRg-QRfYrQ,port-washington-new-york
https://www.ubereats.com/nyc-suburbs/food-delivery/skinny-pizza-roslyn-heights/Y6BPEqmuT2mhiTSErroaZw,port-washington-new-york
https://www.ubereats.com/nyc-suburbs/food-delivery/las-palmas-dominicanas-restaurant/4jy4GnEBQcGI0wkBJEfucQ,port-washington-new-york
https://www.ubereats.com/new-york/food-delivery/bagel-boss-cafe-43-old-country-rd/cTXjtHl6RF-P17XPuDz3KA,port-washington-new-york
https://www.ubereats.com/nyc-suburbs/food-delivery/bennetties/vwt1i_apT8q6XKFg-Cjm5g,port-washington-new-york
https://www.ubereats.com/new-york/food-delivery/cafe-terrace/PNqTdqmzSDmDsxxk3V5PAw,port-washington-new-york
https://www.ubereats.com/nyc-suburbs/food-delivery/bosphorus-cafe-grill/ofgreqZ0SZ2vZod-BOcVGQ,port-washington-new-york
https://www.ubereats.com/nyc-suburbs/food-delivery/carlos-pizza/bfLJ_hmiQE6ZML3-YWvv_Q,port-washington-new-york
https://www.ubereats.com/new-york/food-delivery/la-maria-colombian-restaurant-%26-bakery/xfqbqE-lQBml8_U1xLRCUQ,port-washington-new-york
https://www.ubereats.com/nyc-suburbs/food-delivery/salvatores-coal-oven-pizzeria/5ItEPqxNQoiUxe8KRLkR8w,port-washington-new-york
https://www.ubereats.com/new-york/food-delivery/tokyo-gogo-douglaston/e1eUkKfjQqSdxrKQI_O3Fg,port-washington-new-york
https://www.ubereats.com/nyc-suburbs/food-delivery/skyline-diner/WDQ_2nXAR1mq6EK5R7JsOg,port-washington-new-york
https://www.ubereats.com/nyc-suburbs/food-delivery/bo-bo-kitchen/GRVfufcOTie_7gkwt5mHfg,port-washington-new-york
https://www.ubereats.com/new-york/food-delivery/metropolitan-bistro/ih8rc3zVSMO-mvGJe2_pIg,port-washington-new-york
https://www.ubereats.com/new-york/food-delivery/t-swirl-crepe-bayside/iKYgND7lQGO9zxeYfdgAEQ,port-washington-new-york
https://www.ubereats.com/nyc-suburbs/food-delivery/wendys-210-glen-street/GbIqUJIZQvCLCc-noLVaQQ,port-washington-new-york
https://www.ubereats.com/nyc-suburbs/food-delivery/house-of-hookah/CZDiR0ApQm6mYfXKpwIyMw,port-washington-new-york
https://www.ubereats.com/new-york/food-delivery/ben-%26-teenas-ice-cream/N-wnLZ5zQkmU36JZJyKWCw,port-washington-new-york
https://www.ubereats.com/new-york/food-delivery/sunshine-kebab-and-grill/s6pG7KJIQE2AIUwCCyDXjQ,port-washington-new-york
https://www.ubereats.com/nyc-suburbs/food-delivery/mi-casa-es-tu-casa/4uoF5SB7QBybxYJZ2gxMqw,port-washington-new-york
https://www.ubereats.com/new-york/food-delivery/outback-steakhouse-1067-old-country-road/BeGL2O35Q8qON71YbZbOeA,port-washington-new-york
https://www.ubereats.com/nyc-suburbs/food-delivery/wendys-220-06-northern-blvd/xU9gk90lRQqZUO_8MPtU1A,port-washington-new-york
https://www.ubereats.com/new-york/food-delivery/moon-cafe/g_gLGMu6T9CMcK9Yi29fMw,port-washington-new-york
https://www.ubereats.com/new-york/food-delivery/daquila-pastry-shop/k6ZOiXBWSV2kPjMX9sfdCw,port-washington-new-york
https://www.ubereats.com/nyc-suburbs/food-delivery/joannes-gourmet-pizza/zChyRG2aT_mGx5s-nMPebQ,port-washington-new-york
https://www.ubereats.com/nyc-suburbs/food-delivery/soku-asian-fusion/igQOa6xVSa-H2dbvPHhFBg,port-washington-new-york
https://www.ubereats.com/new-york/food-delivery/curry-on-pizza/-7ClOHDbTw6Ubl5jHpdhqA,port-washington-new-york
https://www.ubereats.com/new-york/food-delivery/k-pacho-mexican-restaurant/w0qQtQt3RJesxq9w7UDIeA,port-washington-new-york
https://www.ubereats.com/new-york/food-delivery/yummy-gyro-port-washington/uEeN9FHVTaiaauhubO29mw,port-washington-new-york
https://www.ubereats.com/nyc-suburbs/food-delivery/taco-bell-glen-cove/bXIreq9nSbq2aLnlf3oJwg,port-washington-new-york
https://www.ubereats.com/new-york/food-delivery/16-handles-port-washington/nT0lV8FDQUGfAwDLLcPwuw,port-washington-new-york
https://www.ubereats.com/nyc-suburbs/food-delivery/toskana-pizzeria-of-great-neck/g4iC8tZ_TT6D51IsWGJhmw,port-washington-new-york
https://www.ubereats.com/new-york/food-delivery/trattoria-35-bayside/KPVejPisQymcagd0eiJimQ,port-washington-new-york
https://www.ubereats.com/new-york/food-delivery/ciros-pizza/EjG-EJ1EQP-j9BgccV1cCw,port-washington-new-york
https://www.ubereats.com/nyc-suburbs/food-delivery/starbucks-manhasset/rICv-SF3RaWAk_ANEDXVzQ,port-washington-new-york
https://www.ubereats.com/nyc-suburbs/food-delivery/ralphs-famous-italian-ices/S0sQHrhJQ7WAb9iHl3qapw,port-washington-new-york
https://www.ubereats.com/nyc-suburbs/food-delivery/songs-family-food-court/rTuywTD5SVi3GZM3Phdh0Q,port-washington-new-york
https://www.ubereats.com/nyc-suburbs/food-delivery/rolly/0bhiYfm-Tym1-URCl50IbA,port-washington-new-york
https://www.ubereats.com/nyc-suburbs/food-delivery/la-grotta-ristorante/mZjWpQLyRVmCw5Ik0mJzMA,port-washington-new-york
https://www.ubereats.com/nyc-suburbs/food-delivery/delicious-pizzeria/3LRCh7KqR1mpjAxJ56Q_Sw,port-washington-new-york
https://www.ubereats.com/new-york/food-delivery/ralphs-famous-italian-ices/S0sQHrhJQ7WAb9iHl3qapw,port-washington-new-york
https://www.ubereats.com/nyc-suburbs/food-delivery/kalamaki-gr/ir6Og2pVQ1GnWrYfvF-LEg,port-washington-new-york
https://www.ubereats.com/new-york/food-delivery/galo-tavern-18/JHJaUfSlSa6eHDIEL2wuiw,port-washington-new-york
https://www.ubereats.com/nyc-suburbs/food-delivery/hui-lau-shan%E8%AE%B8%E7%95%99%E5%B1%B1little-neck/2Xy-ABRbRI2Syt6v7PIb7A,port-washington-new-york
https://www.ubereats.com/nyc-suburbs/food-delivery/lisbon-cafe/e6v-2WZmTf6N8P3XCbuZmA,port-washington-new-york
https://www.ubereats.com/nyc-suburbs/food-delivery/roslyn-social/iggeTOnJTiyatpMgX3l4FA,port-washington-new-york
https://www.ubereats.com/nyc-suburbs/food-delivery/previti-pizza-%26-papazzio-dining/vubhdhtqTWia6gOmcdDCsw,port-washington-new-york
https://www.ubereats.com/nyc-suburbs/food-delivery/outback-steakhouse-2348-bell-boulevard/73mcS6glRpK9wk_sBlXYEQ,port-washington-new-york
https://www.ubereats.com/nyc-suburbs/food-delivery/choppers-burger-bar/Yc6TpkddSM-rV0hJAtIRwg,port-washington-new-york
https://www.ubereats.com/nyc-suburbs/food-delivery/bee-organic-great-neck/XarVQ04nRzmTLvD4uCzQGw,port-washington-new-york
https://www.ubereats.com/nyc-suburbs/food-delivery/basil-and-prime/WlS4LhyiSVyYLuIr8HpNCg,port-washington-new-york
https://www.ubereats.com/new-york/food-delivery/the-empanada-spot-oakland-gardens/l-IG0sTERWGzv5d5i7CMPA,port-washington-new-york
https://www.ubereats.com/nyc-suburbs/food-delivery/vitos-ristorante-%26-pizzeria-ordemark/DLBs3WrLQYOcOI6a9OIqpA,port-washington-new-york
https://www.ubereats.com/new-york/food-delivery/bee-organic-great-neck/XarVQ04nRzmTLvD4uCzQGw,port-washington-new-york
https://www.ubereats.com/nyc-suburbs/food-delivery/louies/iESTw3LaSHKo2WbYGlwPKw,port-washington-new-york
https://www.ubereats.com/nyc-suburbs/food-delivery/uncle-giuseppes-marketplace-port-washington/lAHtZFUARq-gWy0Zz1X72A,port-washington-new-york
https://www.ubereats.com/new-york/food-delivery/miraj-healthy-grill/ZLgK7aJ1RKSCxCEm4CZMFA,port-washington-new-york
https://www.ubereats.com/nyc-suburbs/food-delivery/noir-bakery-%26-cafe/2X1OmMo8TXyZN0i62ewBcw,port-washington-new-york
https://www.ubereats.com/nyc-suburbs/food-delivery/healthy-cafe/IJK8o9BMRdi6iSzGirT2uQ,port-washington-new-york
https://www.ubereats.com/nyc-suburbs/food-delivery/388-italian-restaurant-%26-catering/F455lTuXS-26Io4t7wcI6Q,port-washington-new-york
https://www.ubereats.com/nyc-suburbs/food-delivery/constantines-delicatessen/9o-UF_9XS_OiA3FXr1lKLQ,port-washington-new-york
https://www.ubereats.com/nyc-suburbs/food-delivery/mr-plov/Wmi0FmviTI2URDXudVXTvg,port-washington-new-york
https://www.ubereats.com/nyc-suburbs/food-delivery/glen-cove-diner/-vP4DyqgQFSCyLPxdeo6_g,port-washington-new-york
https://www.ubereats.com/nyc-suburbs/food-delivery/vivi-bubble-tea-great-neck/TbEdPHLbTJODBi1EMhB26Q,port-washington-new-york
https://www.ubereats.com/new-york/food-delivery/pezzi-pizza-inc/Aqm7pbo7Qh-iO3rLKvfd-A,port-washington-new-york
https://www.ubereats.com/nyc-suburbs/food-delivery/flavor-of-india/9oSxQj6NRJOSQSqxqBJgYA,port-washington-new-york
https://www.ubereats.com/nyc-suburbs/food-delivery/tropical-smoothie-cafe-port-washington/Thm7EvLPT4ilD0Q7bB6-CA,port-washington-new-york
https://www.ubereats.com/new-york/food-delivery/cafe-1-of-a-kind/3zuEsla1QlWD7M2ZBcNTWA,port-washington-new-york
https://www.ubereats.com/nyc-suburbs/food-delivery/27-dressings/Z1zNsqTsSza_gdwuTHfm8Q,port-washington-new-york
https://www.ubereats.com/nyc-suburbs/food-delivery/sushi-republic/0BvCtge8S2yPzzvbm2Ygcw,port-washington-new-york
https://www.ubereats.com/nyc-suburbs/food-delivery/tokyo-sushi/kPCEsOmZQ9-hpMFqy6RGqw,port-washington-new-york
https://www.ubereats.com/nyc-suburbs/food-delivery/caffe-bene-manhasset/HYdvUNn1R7mODcJj1R49IQ,port-washington-new-york
https://www.ubereats.com/new-york/food-delivery/mi-casa-es-tu-casa/4uoF5SB7QBybxYJZ2gxMqw,port-washington-new-york
https://www.ubereats.com/nyc-suburbs/food-delivery/gem-stone/fb6FQo45Qb20kLYv_hoQQA,port-washington-new-york
https://www.ubereats.com/nyc-suburbs/food-delivery/dunkin-158-shore-rd/_DElZfrwT_SM36w5KiBa8g,port-washington-new-york
https://www.ubereats.com/nyc-suburbs/food-delivery/douglaston-deli/T2EnBkv9TZ-Ue6McT-lQIg,port-washington-new-york
https://www.ubereats.com/nyc-suburbs/food-delivery/ralphs-italian-ices-%26-ice-cream-glen-head/z6dzdTrUQiOp4HllP1Sm9w,port-washington-new-york
https://www.ubereats.com/nyc-suburbs/food-delivery/cornerstone-pub-%26-restaurant/0ekXMJplS06LrS3bFG3PQg,port-washington-new-york
https://www.ubereats.com/new-york/food-delivery/chicken-kebab/uIFLjlHrS4GTrz5KPezsMA,port-washington-new-york
https://www.ubereats.com/nyc-suburbs/food-delivery/taco-bell-1650-jericho-turnpike/b4SKsBBtSduQDqwgaz4_CQ,port-washington-new-york
https://www.ubereats.com/nyc-suburbs/food-delivery/yummy-kitchen/iFdtjLJGSV6w8iGe2mBhcg,port-washington-new-york
https://www.ubereats.com/nyc-suburbs/food-delivery/supreme-dumpling/0wFh980-T6qJkOPz2bpsMg,port-washington-new-york
https://www.ubereats.com/nyc-suburbs/food-delivery/yuzu-fushion/vj50oo0QSUeME5gfERn9uQ,port-washington-new-york
https://www.ubereats.com/nyc-suburbs/food-delivery/stueys-smokehouse-bbq/Ul6rXO1aSPibj0Lnj7aFew,port-washington-new-york
https://www.ubereats.com/new-york/food-delivery/previti-pizza-%26-papazzio-dining/vubhdhtqTWia6gOmcdDCsw,port-washington-new-york
https://www.ubereats.com/nyc-suburbs/food-delivery/subway-217-forest-ave/YVfdHUzHS4m7-7oQkJIgUQ,port-washington-new-york
https://www.ubereats.com/nyc-suburbs/food-delivery/smashburger-1608-marcus-ave/giL8vkbZQYW6ImfnAIz9YQ,port-washington-new-york
https://www.ubereats.com/nyc-suburbs/food-delivery/cafe-1-of-a-kind/3zuEsla1QlWD7M2ZBcNTWA,port-washington-new-york
https://www.ubereats.com/new-york/food-delivery/cedar-creek/TJmMaGI7TDCY5zKGioOmvQ,port-washington-new-york
https://www.ubereats.com/nyc-suburbs/food-delivery/metropolitan-bistro/ih8rc3zVSMO-mvGJe2_pIg,port-washington-new-york
https://www.ubereats.com/new-york/food-delivery/carvel-28-28-francis-lewis-blvd/1GOYa_aUTGOfF748M3dcLg,port-washington-new-york
https://www.ubereats.com/nyc-suburbs/food-delivery/villaggio-ristorante-whitestone/rbXpFsOJQnSwSlW83ukyWg,port-washington-new-york
https://www.ubereats.com/nyc-suburbs/food-delivery/sau-c/qRPq68u_R7GlEUjsb40cxA,port-washington-new-york
https://www.ubereats.com/new-york/food-delivery/marzullo-pastry-shoppe-%26cafe/s4XzsKvSQv-qbO41hWEvRg,port-washington-new-york
https://www.ubereats.com/nyc-suburbs/food-delivery/dunkin-347-glen-cove-ave/mlDVheNgR-We9xsWKbBvrQ,port-washington-new-york
https://www.ubereats.com/nyc-suburbs/food-delivery/dalessandros-corner-grill-bayside/heIrlhOSSQ-ga3Pief7pfA,port-washington-new-york
https://www.ubereats.com/new-york/food-delivery/wild-ginger-restaurant/frzYrEwRTuq7c5nyJEaRaA,port-washington-new-york
https://www.ubereats.com/new-york/food-delivery/the-mansion-at-glen-cove/PpkIhUK4QAuH0UEUkLHJ5Q,port-washington-new-york
https://www.ubereats.com/new-york/food-delivery/starbucks-254-21-horace-harding-expressway/r7XMGN6xSZiIAqCKfyuTAQ,port-washington-new-york
https://www.ubereats.com/nyc-suburbs/food-delivery/subway-69-e-shore-rd/FrOKmVFnSUqWbWz_GbR6zA,port-washington-new-york
https://www.ubereats.com/nyc-suburbs/food-delivery/roslyn-seafood-gourmet/MoOG17TnTeKWjixQYna_1A,port-washington-new-york
https://www.ubereats.com/new-york/food-delivery/joes-pizza-and-pasta/iCiNoy4iQVagQ17m6u3ADg,port-washington-new-york
https://www.ubereats.com/new-york/food-delivery/buttercooky-bakery/9Wn_isiARuCv-k2HgCkgKQ,port-washington-new-york
https://www.ubereats.com/new-york/food-delivery/tokyo-sushi/kPCEsOmZQ9-hpMFqy6RGqw,port-washington-new-york
https://www.ubereats.com/new-york/food-delivery/vitos-ristorante-%26-pizzeria-ordemark/DLBs3WrLQYOcOI6a9OIqpA,port-washington-new-york
https://www.ubereats.com/new-york/food-delivery/bagel-boss-400-willis-ave/Kp-mMqc8TryQtEKSMeRfDw,port-washington-new-york
https://www.ubereats.com/nyc-suburbs/food-delivery/manhasset-grand-caffe-deli/YnfULAlLSVKJtrc4HALo7Q,port-washington-new-york
https://www.ubereats.com/new-york/food-delivery/barefoot-peddler/GZOPvoQhRyuUiLHtO4bVGQ,port-washington-new-york
https://www.ubereats.com/new-york/food-delivery/churrasqueira-brasa-rodizio/554kYgLQTGaMIM8PGSkK3A,port-washington-new-york
https://www.ubereats.com/nyc-suburbs/food-delivery/the-clubhouse/9BCLWQYtSZOMJugZmmnq4A,port-washington-new-york
https://www.ubereats.com/new-york/food-delivery/heritage-bakers/fJ61ZvdQQqWfCLlRQ6biLg,port-washington-new-york
https://www.ubereats.com/nyc-suburbs/food-delivery/tei-nei-ya-ramen/7Kx4EBrgQ3SZiBGfwGSVWQ,port-washington-new-york
https://www.ubereats.com/nyc-suburbs/food-delivery/sea-cliff-bagel-cafe/1A6BHngAT9ysstusbCqsuQ,port-washington-new-york
https://www.ubereats.com/nyc-suburbs/food-delivery/burger-king-260-01-horace-harding-expy/7p0b0UjnT2iy5aHqq4iaAQ,port-washington-new-york
https://www.ubereats.com/nyc-suburbs/food-delivery/patoug-restaurant/_xkkmoM4RoKf8BKmPlyHKw,port-washington-new-york
https://www.ubereats.com/new-york/food-delivery/uncle-jacks-steakhouse-bayside/uPFj8In7T_6aQQH0HXHJBw,port-washington-new-york
https://www.ubereats.com/nyc-suburbs/food-delivery/k-pacho-mexican-restaurant/w0qQtQt3RJesxq9w7UDIeA,port-washington-new-york
https://www.ubereats.com/new-york/food-delivery/mrpoke/xgDk6vhWTTKnLY4iCF_e0Q,port-washington-new-york
https://www.ubereats.com/new-york/food-delivery/fiamma-41-bayside/jGFLKLWpQ3actT-gWfd0lg,port-washington-new-york
https://www.ubereats.com/nyc-suburbs/food-delivery/avocado-oh/P1fq3VB0RbGBkUUtXHpIqw,port-washington-new-york
https://www.ubereats.com/nyc-suburbs/food-delivery/crawfords-coffee-%26-cafe-great-neck/hqoRrfZiRz2gx59yGYhYtA,port-washington-new-york
https://www.ubereats.com/nyc-suburbs/food-delivery/kfc-taco-bell-greenvale/BIZLXxNGSMijE4xPKnkgug,port-washington-new-york
https://www.ubereats.com/new-york/food-delivery/milkshake-king/yWLganG3QoGWcoY9bfq38g,port-washington-new-york
https://www.ubereats.com/nyc-suburbs/food-delivery/merengue-dominican-restaurant/8pFA5C76S5WUnchCsPkWqQ,port-washington-new-york
https://www.ubereats.com/new-york/food-delivery/outback-steakhouse-2348-bell-boulevard/73mcS6glRpK9wk_sBlXYEQ,port-washington-new-york
https://www.ubereats.com/nyc-suburbs/food-delivery/e-fresh/vN4fTkdjTZeLRH5buw7xGw,port-washington-new-york
https://www.ubereats.com/nyc-suburbs/food-delivery/five-guys-ny-1030-210-33-26th-ave/8hXuQOnCS8OE-2XoCxZgTw,port-washington-new-york
https://www.ubereats.com/nyc-suburbs/food-delivery/yummy-oriental-restaurant/631aAYj-RHirtPM6Dvfp6w,port-washington-new-york
https://www.ubereats.com/nyc-suburbs/food-delivery/mom-over-flowers/lE9gVvMgRZesrKaoKXOR4A,port-washington-new-york
https://www.ubereats.com/nyc-suburbs/food-delivery/wild-ginger-restaurant/frzYrEwRTuq7c5nyJEaRaA,port-washington-new-york
https://www.ubereats.com/nyc-suburbs/food-delivery/bourbon-street/i46ba-WESYKrf9cURNgdQQ,port-washington-new-york
https://www.ubereats.com/new-york/food-delivery/57s-all-american-grill-auburndale/EsxhBFf6TLmNY8ljbABfYg,port-washington-new-york
https://www.ubereats.com/nyc-suburbs/food-delivery/burger-king-110-northern-boulevard/5RaO4NFRQcO4fSsJiYPp9g,port-washington-new-york
https://www.ubereats.com/nyc-suburbs/food-delivery/teinei-ya/YY3-T2dTQTiNbwSECjHInA,port-washington-new-york
https://www.ubereats.com/nyc-suburbs/food-delivery/panera-1-village-square/zbUJL755QimgZz262Z15gg,port-washington-new-york
https://www.ubereats.com/nyc-suburbs/food-delivery/sagar-chinese-bellerose/x3o1Co7RReq09NTKf5tQEw,port-washington-new-york
https://www.ubereats.com/new-york/food-delivery/great-neck-station-bagel-%26-deli/kxREd-dMT4mMDo4q21GQQw,port-washington-new-york
https://www.ubereats.com/nyc-suburbs/food-delivery/ralphs-italian-ices-%26-ice-cream-port-washington/KFfwNaDgTyaowDw9PwlA-Q,port-washington-new-york
https://www.ubereats.com/nyc-suburbs/food-delivery/marcellas-pizzeria-restaurant/9lvM-o9eSaCYtc8reB8a_w,port-washington-new-york
https://www.ubereats.com/nyc-suburbs/food-delivery/tonys-tacos/yIHYeMmcTgmFo7subjKXYA,port-washington-new-york
https://www.ubereats.com/nyc-suburbs/food-delivery/crazy-about-veggies/c23eYiFZSmGhA0j2fdyRqg,port-washington-new-york
https://www.ubereats.com/nyc-suburbs/food-delivery/dunkin-5-brewster-st/_MVsdibXSvSZg9VLCO8MpA,port-washington-new-york
https://www.ubereats.com/nyc-suburbs/food-delivery/sohna-punjab-glen-oaks/SI6TpC8UThyVSQKoxqHd9Q,port-washington-new-york
https://www.ubereats.com/nyc-suburbs/food-delivery/fyhre-hibachi/Ds_PY8tPQnudtrdBsqkAxw,port-washington-new-york
https://www.ubereats.com/nyc-suburbs/food-delivery/piccola-bussola-ristorante/OIR6RiHNT9W3j2Vm5xymSw,port-washington-new-york
https://www.ubereats.com/nyc-suburbs/food-delivery/bonchon-chicken-4537-bell-blvd/3pubONezSFO0MH5mRShdtA,port-washington-new-york
https://www.ubereats.com/nyc-suburbs/food-delivery/the-empanada-spot-oakland-gardens/l-IG0sTERWGzv5d5i7CMPA,port-washington-new-york
https://www.ubereats.com/new-york/food-delivery/ralphs-italian-ices-%26-ice-cream-glen-head/z6dzdTrUQiOp4HllP1Sm9w,port-washington-new-york
https://www.ubereats.com/nyc-suburbs/food-delivery/taco-bell-511-old-country-rd/HiuqAIXwSkmxNrWQKa2M9A,port-washington-new-york
https://www.ubereats.com/nyc-suburbs/food-delivery/senor-nacho/7SFGGnAaTCi0NNd8KBxTOw,port-washington-new-york
https://www.ubereats.com/new-york/food-delivery/hui-lau-shan%E8%AE%B8%E7%95%99%E5%B1%B1little-neck/2Xy-ABRbRI2Syt6v7PIb7A,port-washington-new-york
https://www.ubereats.com/nyc-suburbs/food-delivery/samis-kabab-house/j5-IPJVWSKmhCkDdXGs4Wg,port-washington-new-york
https://www.ubereats.com/nyc-suburbs/food-delivery/buttercooky-bakery/9Wn_isiARuCv-k2HgCkgKQ,port-washington-new-york
https://www.ubereats.com/nyc-suburbs/food-delivery/the-cove-restaurant-and-oyster-bar/s8u42eWBRmK59KzIejvtYw,port-washington-new-york
https://www.ubereats.com/nyc-suburbs/food-delivery/bagel-boss-400-willis-ave/Kp-mMqc8TryQtEKSMeRfDw,port-washington-new-york
https://www.ubereats.com/new-york/food-delivery/merengue-dominican-restaurant/8pFA5C76S5WUnchCsPkWqQ,port-washington-new-york
https://www.ubereats.com/nyc-suburbs/food-delivery/la-maria-colombian-restaurant-%26-bakery/xfqbqE-lQBml8_U1xLRCUQ,port-washington-new-york
https://www.ubereats.com/nyc-suburbs/food-delivery/little-dumpling/--2n9U3gTweY-3NZi2fmRw,port-washington-new-york
https://www.ubereats.com/nyc-suburbs/food-delivery/t-swirl-crepe-bayside/iKYgND7lQGO9zxeYfdgAEQ,port-washington-new-york
https://www.ubereats.com/new-york/food-delivery/kebab-house/DlQ-XCSiRYyuBYyFAxuAUQ,port-washington-new-york
https://www.ubereats.com/new-york/food-delivery/haagen-dazs-85-middle-neck-road/lx-oCrVOQUy7W6hmz-7w6A,port-washington-new-york
https://www.ubereats.com/new-york/food-delivery/lareira-restaurant/6UM0otwvQ-y6RjMt2V-vUQ,port-washington-new-york
https://www.ubereats.com/new-york/food-delivery/crazy-about-veggies/c23eYiFZSmGhA0j2fdyRqg,port-washington-new-york
https://www.ubereats.com/new-york/food-delivery/600-cafe-%26-grill/tCk6GShUTNuCd8AEcKKiMQ,port-washington-new-york
https://www.ubereats.com/nyc-suburbs/food-delivery/chicken-kebab/uIFLjlHrS4GTrz5KPezsMA,port-washington-new-york
https://www.ubereats.com/nyc-suburbs/food-delivery/subway-albertson-willis-ave/_ZWM__k3SvaeaPjkQNGLOA,port-washington-new-york
https://www.ubereats.com/nyc-suburbs/food-delivery/cena-081/_l-kSSatSlCDU_By329Gaw,port-washington-new-york
https://www.ubereats.com/nyc-suburbs/food-delivery/starbucks-254-21-horace-harding-expressway/r7XMGN6xSZiIAqCKfyuTAQ,port-washington-new-york
https://www.ubereats.com/nyc-suburbs/food-delivery/honest/RZBfsTj-S6WFsL0ioFJcWA,port-washington-new-york
https://www.ubereats.com/nyc-suburbs/food-delivery/nooks-%26-kindles-at-nubest-cafe/-j7ymYK8TC6o84j-dYCTGQ,port-washington-new-york
https://www.ubereats.com/new-york/food-delivery/aegea-west-douglaston/5WY_EwjpTNOpBa3qRYEUeg,port-washington-new-york
https://www.ubereats.com/nyc-suburbs/food-delivery/donovans/OkqPYz62Ru-JKENzPHLK_Q,port-washington-new-york
https://www.ubereats.com/nyc-suburbs/food-delivery/villa-meci-pizzeria/ZIJAlWQIRNCF3MniYlJwnA,port-washington-new-york
https://www.ubereats.com/new-york/food-delivery/pita-station/urE-rnC8Rry-g-KusgEkPA,port-washington-new-york
https://www.ubereats.com/nyc-suburbs/food-delivery/one-station-plaza-bayside/zerIwssJT5mhunWuj3UW5w,port-washington-new-york
https://www.ubereats.com/new-york/food-delivery/zouji-dumpling-house/Ui5UuzAkRYSn2FjtPY8oEw,port-washington-new-york
https://www.ubereats.com/new-york/food-delivery/diwan/zl2006LBS76sAMnhJknzpg,port-washington-new-york
https://www.ubereats.com/new-york/food-delivery/roslyn-heights-deli/2SIxfITmQmO-MShtFpwMMg,port-washington-new-york
https://www.ubereats.com/nyc-suburbs/food-delivery/starbucks-sea-cliff-glen-cove-ave/JoLoO_UuTV6EYna5M7V2Zg,port-washington-new-york
https://www.ubereats.com/new-york/food-delivery/greek-xpress-great-neck/MYrdKMQDSbWVUvBkoPGE2A,port-washington-new-york
https://www.ubereats.com/new-york/food-delivery/wings-plus/er--dJuHTfW124JuSg2J9A,port-washington-new-york
https://www.ubereats.com/nyc-suburbs/food-delivery/mortons-the-steakhouse-777-northern-boulevard/l8tVnbAbRs2AnWM0z4PceA,port-washington-new-york
https://www.ubereats.com/nyc-suburbs/food-delivery/fish-on-main/IfP44HnMRWyewsX0lHcafg,port-washington-new-york
https://www.ubereats.com/new-york/food-delivery/franks-pizzeria/n8R5IdXBRzmqIQjMN-HreQ,port-washington-new-york
https://www.ubereats.com/new-york/food-delivery/27-dressings/Z1zNsqTsSza_gdwuTHfm8Q,port-washington-new-york
https://www.ubereats.com/nyc-suburbs/food-delivery/burger-king-409-old-country-road/JpVY0dHwQcyKuHc7r8KrMg,port-washington-new-york
https://www.ubereats.com/nyc-suburbs/food-delivery/restaurant-lola/kszsge_gRU6B2RAjIFYVXw,port-washington-new-york
https://www.ubereats.com/nyc-suburbs/food-delivery/steiners-coffee-cake-of-new-york/_CMA5SAVRTS09u4oHsox3A,port-washington-new-york
https://www.ubereats.com/new-york/food-delivery/teinei-ya/YY3-T2dTQTiNbwSECjHInA,port-washington-new-york
https://www.ubereats.com/nyc-suburbs/food-delivery/taco-bell-glen-cove/IaHN64qFQdq0vn_-9vP9rg,port-washington-new-york
https://www.ubereats.com/nyc-suburbs/food-delivery/haven-diner/3L96Ow-kQQWKW8L-GeLfbA,port-washington-new-york
https://www.ubereats.com/nyc-suburbs/food-delivery/haru-2105-northern-blvd/mGrKgzafTN6gN8192dLEqQ,port-washington-new-york
https://www.ubereats.com/new-york/food-delivery/tinbu-asian/MMsVZbk1Qsyk3HBF5ujYPw,port-washington-new-york
https://www.ubereats.com/nyc-suburbs/food-delivery/bell-diner-oakland-gardens/cx6iTnpkRsWwuThF8eBjYA,port-washington-new-york
https://www.ubereats.com/new-york/food-delivery/basil-and-prime/WlS4LhyiSVyYLuIr8HpNCg,port-washington-new-york
https://www.ubereats.com/nyc-suburbs/food-delivery/green-olive-kosher-pizza-and-falafel/3JOFlcc_TFexgROguHo8mw,port-washington-new-york
https://www.ubereats.com/nyc-suburbs/food-delivery/dunkin-1051-willis-ave/Y23rge6DSf-agdYt8xVIjg,port-washington-new-york
https://www.ubereats.com/new-york/food-delivery/cafe-kiskeya/19psMuhbTx6Lb-sZqpUheQ,port-washington-new-york
https://www.ubereats.com/new-york/food-delivery/southern-spice/72nxOScMRHaTg0H-fCwm_A,port-washington-new-york
https://www.ubereats.com/new-york/food-delivery/dalessandros-corner-grill-bayside/heIrlhOSSQ-ga3Pief7pfA,port-washington-new-york
https://www.ubereats.com/nyc-suburbs/food-delivery/cedar-creek/TJmMaGI7TDCY5zKGioOmvQ,port-washington-new-york
https://www.ubereats.com/new-york/food-delivery/lisbon-cafe/e6v-2WZmTf6N8P3XCbuZmA,port-washington-new-york
https://www.ubereats.com/nyc-suburbs/food-delivery/asian-chef/YEFiB_egTe--6dFrsvI1Ww,port-washington-new-york
https://www.ubereats.com/nyc-suburbs/food-delivery/chipotle-mexican-grill-44-great-neck-rd/XDm1G9ImTRS1mtiOiLYsDA,port-washington-new-york
https://www.ubereats.com/nyc-suburbs/food-delivery/nicks-tuscan-grill/ierUOeVbT0mlbnj5BYLwBA,port-washington-new-york
https://www.ubereats.com/new-york/food-delivery/uncle-steves-tavern/Q_bhe6TLQx2aCwqYCtsFdw,port-washington-new-york
https://www.ubereats.com/new-york/food-delivery/modoo-chicken-%26-noodle-bar-bayside/oGirGz2VSvS4lwimPb8ENA,port-washington-new-york
https://www.ubereats.com/nyc-suburbs/food-delivery/simpliciti-cafe/m_Vw6qzCS0S2Fagyyv9eqQ,port-washington-new-york
https://www.ubereats.com/nyc-suburbs/food-delivery/wings-plus-deli/1ks2NDnrQWesf9TGbbS20A,port-washington-new-york
https://www.ubereats.com/nyc-suburbs/food-delivery/ralphs-italian-ices-%26-ice-cream-glen-cove/KDsbWzJJQvmfwV4uvgsN7A,port-washington-new-york
https://www.ubereats.com/nyc-suburbs/food-delivery/modoo-chicken-%26-noodle-bar-bayside/oGirGz2VSvS4lwimPb8ENA,port-washington-new-york
https://www.ubereats.com/nyc-suburbs/food-delivery/jericho-turnpike-foodcourt/35Iv2pMLTTGCUiGjT8jsdw,port-washington-new-york
https://www.ubereats.com/new-york/food-delivery/the-cottage-by-colbeh/ark-ridcQ_-2DNH678zrAg,port-washington-new-york
https://www.ubereats.com/new-york/food-delivery/sweet-mandarin-glen-cove/Jg16NOJWQUGDv3t2G53ztA,port-washington-new-york
https://www.ubereats.com/nyc-suburbs/food-delivery/the-hive-cafe/v_XRj_sXSX-DqivQZpRSVQ,port-washington-new-york
https://www.ubereats.com/new-york/food-delivery/fish-on-main/IfP44HnMRWyewsX0lHcafg,port-washington-new-york
https://www.ubereats.com/nyc-suburbs/food-delivery/great-neck-gourmet-deli-nassau/jMxqYv8PRMy8RBzVZMSyeQ,port-washington-new-york
https://www.ubereats.com/nyc-suburbs/food-delivery/lareira-restaurant/6UM0otwvQ-y6RjMt2V-vUQ,port-washington-new-york
https://www.ubereats.com/nyc-suburbs/food-delivery/subway-938-port-washington-blvd/LlU7nNkvTf-M4O4bnPauEg,port-washington-new-york
https://www.ubereats.com/new-york/food-delivery/sohna-punjab-glen-oaks/SI6TpC8UThyVSQKoxqHd9Q,port-washington-new-york
https://www.ubereats.com/nyc-suburbs/food-delivery/afghan-kebab-house-bellerose-manor/QcftHTi6R5qXO5R8_YIUtQ,port-washington-new-york
https://www.ubereats.com/new-york/food-delivery/t-swirl-crepe-great-neck/nBcXhRVKR3ykwjJ3cAeIsQ,port-washington-new-york
https://www.ubereats.com/nyc-suburbs/food-delivery/wongs-garden/cIBD2ywKQUaHqnRe2JC4hg,port-washington-new-york
https://www.ubereats.com/new-york/food-delivery/yasaiya-shabu-shabu/Po2rMFrVSSKe2-P54f1eSQ,port-washington-new-york
https://www.ubereats.com/nyc-suburbs/food-delivery/diwan/zl2006LBS76sAMnhJknzpg,port-washington-new-york
https://www.ubereats.com/nyc-suburbs/food-delivery/joes-pizza-and-pasta/iCiNoy4iQVagQ17m6u3ADg,port-washington-new-york
https://www.ubereats.com/nyc-suburbs/food-delivery/ihop-manhasset/CtVfohCjTpOdpQWPj0QhtQ,port-washington-new-york
https://www.ubereats.com/nyc-suburbs/food-delivery/margaritas-cafeport-washington/zwaFdySJRdK6O1ZjA7PSDw,port-washington-new-york
https://www.ubereats.com/nyc-suburbs/food-delivery/hazuki-sushi-cuisine/3h05l_tsS9aQoRurYV21Jg,port-washington-new-york
https://www.ubereats.com/nyc-suburbs/food-delivery/applebees-bayside/6pj3SC1OQfu9hJMDX0uHPA,port-washington-new-york
https://www.ubereats.com/new-york/food-delivery/roslyn-social/iggeTOnJTiyatpMgX3l4FA,port-washington-new-york
https://www.ubereats.com/nyc-suburbs/food-delivery/ny-chicken-and-rice/IdkkSwe4TXS7usHTuwEoPg,port-washington-new-york
https://www.ubereats.com/nyc-suburbs/food-delivery/the-mansion-at-glen-cove/PpkIhUK4QAuH0UEUkLHJ5Q,port-washington-new-york
https://www.ubereats.com/nyc-suburbs/food-delivery/red-mango-61-15-springfield-blvd/TjxC4swzSzuybk-YAtHXhA,port-washington-new-york
https://www.ubereats.com/nyc-suburbs/food-delivery/subway-347-glen-cove-ave/80FWSF4HTJqLeF6--PNgxA,port-washington-new-york
https://www.ubereats.com/nyc-suburbs/food-delivery/tinbu-asian/MMsVZbk1Qsyk3HBF5ujYPw,port-washington-new-york
https://www.ubereats.com/new-york/food-delivery/jericho-turnpike-foodcourt/35Iv2pMLTTGCUiGjT8jsdw,port-washington-new-york
https://www.ubereats.com/nyc-suburbs/food-delivery/yahao-asian-cuisine/Qsmb1T8TRHyBjh4OG-B_BQ,port-washington-new-york
https://www.ubereats.com/new-york/food-delivery/bell-diner-oakland-gardens/cx6iTnpkRsWwuThF8eBjYA,port-washington-new-york
https://www.ubereats.com/new-york/food-delivery/steiners-coffee-cake-of-new-york/_CMA5SAVRTS09u4oHsox3A,port-washington-new-york
https://www.ubereats.com/nyc-suburbs/food-delivery/marzullo-pastry-shoppe-%26cafe/s4XzsKvSQv-qbO41hWEvRg,port-washington-new-york
https://www.ubereats.com/nyc-suburbs/food-delivery/mizumi/e6ZJoB3lSsWcrukS2BgB8w,port-washington-new-york
https://www.ubereats.com/nyc-suburbs/food-delivery/foughnuts/HVp303kuSy2ILxBSlJxgsQ,port-washington-new-york
https://www.ubereats.com/nyc-suburbs/food-delivery/taco-han/M_ecrnphQnGMPpU1tR1DZw,port-washington-new-york
https://www.ubereats.com/new-york/food-delivery/fresco-creperie-%26-cafe-williston-park/mHXOZdP4RGSBp1MLtbs2wQ,port-washington-new-york
https://www.ubereats.com/new-york/food-delivery/rolly/0bhiYfm-Tym1-URCl50IbA,port-washington-new-york
https://www.ubereats.com/nyc-suburbs/food-delivery/southern-spice/72nxOScMRHaTg0H-fCwm_A,port-washington-new-york
https://www.ubereats.com/new-york/food-delivery/parkway-diner-little-neck/c2EZGXz0Td28cYAqPMWEag,port-washington-new-york
https://www.ubereats.com/nyc-suburbs/food-delivery/revel-restaurant-%26-bar/usR93mu9QuWVM75XKa8dHw,port-washington-new-york
https://www.ubereats.com/new-york/food-delivery/fontana-famous-pizza-and-gyro-murray-hill/4m90kaydQ82URZS-Djy2tg,port-washington-new-york
https://www.ubereats.com/new-york/food-delivery/gem-stone/fb6FQo45Qb20kLYv_hoQQA,port-washington-new-york
https://www.ubereats.com/new-york/food-delivery/la-bottega/sHzM4Rr1RKKXo6T6caLm3Q,port-washington-new-york
https://www.ubereats.com/nyc-suburbs/food-delivery/dunkin-21295-26th-ave/mSgUXVB1TzCmh4wvxXvzVA,port-washington-new-york
https://www.ubereats.com/nyc-suburbs/food-delivery/dunkin-191-mineola-ave/hsI2d65bSI-Ri00FdCRpVA,port-washington-new-york
https://www.ubereats.com/nyc-suburbs/food-delivery/11zero50-kitchen/R1Bun5GKTKuZqb8rIXFm3g,port-washington-new-york
https://www.ubereats.com/nyc-suburbs/food-delivery/dunkin-36-glenhead-rd/1fa4EgguQeqpcH3m6Cn-EA,port-washington-new-york
https://www.ubereats.com/nyc-suburbs/food-delivery/dunkin-566-middle-neck-rd/y7kan9V4RyWt6w1J58lAGQ,port-washington-new-york
https://www.ubereats.com/new-york/food-delivery/ayhans-shish-kebab-restaurant/HGd2vUv9QOmNtl5_qtYHHA,port-washington-new-york
https://www.ubereats.com/nyc-suburbs/food-delivery/uncle-jacks-steakhouse-bayside/uPFj8In7T_6aQQH0HXHJBw,port-washington-new-york
https://www.ubereats.com/new-york/food-delivery/marie-blachere-french-bakery/4lC05UNJQ-KFLzpCk2nTLw,port-washington-new-york
https://www.ubereats.com/nyc-suburbs/food-delivery/great-neck-station-bagel-%26-deli/kxREd-dMT4mMDo4q21GQQw,port-washington-new-york
https://www.ubereats.com/nyc-suburbs/food-delivery/for-five-coffee-roasters-manhasset-new-business-4-9/raZDpSReSKCkbjtnv-k1sw,port-washington-new-york
https://www.ubereats.com/nyc-suburbs/food-delivery/pinons-pizza-company/wXsPszO1ThqJf4699jkHig,port-washington-new-york
https://www.ubereats.com/nyc-suburbs/food-delivery/ayhans-mediterranean-marketplace-main-st/YczZHeo_Tnm_ksobu-Orxg,port-washington-new-york
https://www.ubereats.com/nyc-suburbs/food-delivery/zen-garden/4UdnYuroRjCNGPaTErDr4g,port-washington-new-york
https://www.ubereats.com/new-york/food-delivery/sea-cliff-bagel-cafe/1A6BHngAT9ysstusbCqsuQ,port-washington-new-york
https://www.ubereats.com/nyc-suburbs/food-delivery/parkway-diner-little-neck/c2EZGXz0Td28cYAqPMWEag,port-washington-new-york
https://www.ubereats.com/nyc-suburbs/food-delivery/omani-korean-bbq-%26-grill-whitestone/nVyeHvN-R2mY0ozkyIf7pg,port-washington-new-york
https://www.ubereats.com/nyc-suburbs/food-delivery/dunkin-55-main-st/jTWg5y_LRBuWIrhsiXA4TQ,port-washington-new-york
https://www.ubereats.com/nyc-suburbs/food-delivery/buffalos-cafe-garden-city/U7fBUNsYTm2yKbY7IyeV8Q,port-washington-new-york
https://www.ubereats.com/nyc-suburbs/food-delivery/shake-shack-860-old-country-road/6Wl5yl7SR4m7xsx_ledWXg,port-washington-new-york
https://www.ubereats.com/new-york/food-delivery/restaurant-lola/kszsge_gRU6B2RAjIFYVXw,port-washington-new-york
https://www.ubereats.com/nyc-suburbs/food-delivery/bia-new-hyde-park/v_NpqwuNQFeesKBs6upmfg,port-washington-new-york
https://www.ubereats.com/nyc-suburbs/food-delivery/five-guys-ny-0444-25455-horace-harding-expressw/jLqqd_7yQJaA6-vKzLIMfA,port-washington-new-york
https://www.ubereats.com/new-york/food-delivery/golden-halal-bakes-inc/ZAaUcBMXT3OgUvhKQ7Bf-w,port-washington-new-york
https://www.ubereats.com/nyc-suburbs/food-delivery/starbucks-port-washington/6KOHlpMARGaWXT7I24hAmA,port-washington-new-york
https://www.ubereats.com/nyc-suburbs/food-delivery/dunkin-1600-hillside-ave/Fd0t4cnMRSWxbrbLqXqR9w,port-washington-new-york
https://www.ubereats.com/new-york/food-delivery/wongs-garden/cIBD2ywKQUaHqnRe2JC4hg,port-washington-new-york
https://www.ubereats.com/nyc-suburbs/food-delivery/new-fu-run-restaurant/sDhvWOhyTSW3v3UXgXQL0w,port-washington-new-york
https://www.ubereats.com/nyc-suburbs/food-delivery/blvd25/H8AuUdHeRXme1PCaiDpHCA,port-washington-new-york
https://www.ubereats.com/nyc-suburbs/food-delivery/rothmanns-steakhouse/ZWsnngdHTFeROqTfnuc6kA,port-washington-new-york
https://www.ubereats.com/new-york/food-delivery/amal-catering/jMB-ZVM_R0qEpRT7MWE7qQ,port-washington-new-york
https://www.ubereats.com/nyc-suburbs/food-delivery/dunkin-2062-lakeville-rd/L5b_VhaOTSml25nxIGptlA,port-washington-new-york
https://www.ubereats.com/nyc-suburbs/food-delivery/home-baked-doughs/WJUCS7OFSw-tEvIlH3OUdA,port-washington-new-york
https://www.ubereats.com/new-york/food-delivery/the-cove-restaurant-and-oyster-bar/s8u42eWBRmK59KzIejvtYw,port-washington-new-york
https://www.ubereats.com/nyc-suburbs/food-delivery/sunshine-kebab-and-grill/s6pG7KJIQE2AIUwCCyDXjQ,port-washington-new-york
https://www.ubereats.com/new-york/food-delivery/mint/P8Hh1yedTx-77XiLfWadvA,port-washington-new-york
https://www.ubereats.com/nyc-suburbs/food-delivery/yummy-gyro-port-washington/uEeN9FHVTaiaauhubO29mw,port-washington-new-york
https://www.ubereats.com/new-york/food-delivery/panera-1-village-square/zbUJL755QimgZz262Z15gg,port-washington-new-york
https://www.ubereats.com/nyc-suburbs/food-delivery/dunkin-300-roslyn-rd/yhwDlEFWTLizMwOsZnqzrA,port-washington-new-york
https://www.ubereats.com/nyc-suburbs/food-delivery/galo-tavern-18/JHJaUfSlSa6eHDIEL2wuiw,port-washington-new-york
https://www.ubereats.com/nyc-suburbs/food-delivery/amal-catering/jMB-ZVM_R0qEpRT7MWE7qQ,port-washington-new-york
https://www.ubereats.com/nyc-suburbs/food-delivery/tgi-fridays-111-manhasset-ny/Fc8sf9uPShy4HBe66YpTRw,port-washington-new-york
https://www.ubereats.com/nyc-suburbs/food-delivery/t-swirl-crepe-great-neck/nBcXhRVKR3ykwjJ3cAeIsQ,port-washington-new-york
https://www.ubereats.com/new-york/food-delivery/plaza-eatery/S_RVxUf3RrS1YttA4zZqIA,port-washington-new-york
https://www.ubereats.com/nyc-suburbs/food-delivery/delicacies-gourmet-roslyn/3Fqu6IyaSWa5LrKf1naHFA,port-washington-new-york
https://www.ubereats.com/new-york/food-delivery/marcellas-pizzeria-restaurant/9lvM-o9eSaCYtc8reB8a_w,port-washington-new-york
https://www.ubereats.com/nyc-suburbs/food-delivery/yasaiya-shabu-shabu/Po2rMFrVSSKe2-P54f1eSQ,port-washington-new-york
https://www.ubereats.com/new-york/food-delivery/sagar-chinese-bellerose/x3o1Co7RReq09NTKf5tQEw,port-washington-new-york
https://www.ubereats.com/nyc-suburbs/food-delivery/utopia-bagels/kYW0sn9HT4afEZKDHNfVDg,port-washington-new-york
https://www.ubereats.com/nyc-suburbs/food-delivery/kitchen-melody-inc-%E8%87%B3%E5%91%B3%E5%B0%8F%E9%A4%A8/qlVZ1QEeQn6JfL4m7X57sg,port-washington-new-york
https://www.ubereats.com/new-york/food-delivery/ralphs-italian-ices-%26-ice-cream-port-washington/KFfwNaDgTyaowDw9PwlA-Q,port-washington-new-york
https://www.ubereats.com/nyc-suburbs/food-delivery/bens-kosher-deli/X2itavuzROuF_e2-vNgySQ,port-washington-new-york
https://www.ubereats.com/new-york/food-delivery/villa-meci-pizzeria/ZIJAlWQIRNCF3MniYlJwnA,port-washington-new-york
https://www.ubereats.com/new-york/food-delivery/delicacies-gourmet-roslyn/3Fqu6IyaSWa5LrKf1naHFA,port-washington-new-york
https://www.ubereats.com/nyc-suburbs/food-delivery/starbucks-wheatly-plaza-greenvale/51wygt-sQieX8LCZiZMvMw,port-washington-new-york
https://www.ubereats.com/nyc-suburbs/food-delivery/skinny-acai/LBr0iGAkQPGwbSfQCIxZVA,port-washington-new-york
https://www.ubereats.com/nyc-suburbs/food-delivery/bagel-boss-cafe-43-old-country-rd/cTXjtHl6RF-P17XPuDz3KA,port-washington-new-york
https://www.ubereats.com/nyc-suburbs/food-delivery/starbucks-great-neck-the-gardens/TYM3HxFaTI2PSTdQ_PCj1g,port-washington-new-york
https://www.ubereats.com/nyc-suburbs/food-delivery/greek-xpress-great-neck/MYrdKMQDSbWVUvBkoPGE2A,port-washington-new-york
https://www.ubereats.com/nyc-suburbs/food-delivery/miraj-healthy-grill/ZLgK7aJ1RKSCxCEm4CZMFA,port-washington-new-york
https://www.ubereats.com/nyc-suburbs/food-delivery/bareburger-42-main-st/g51kkXqhRzSoRzpmDgfDgw,port-washington-new-york
https://www.ubereats.com/new-york/food-delivery/venezia-pizzeria-%26-restaurant/0SZOol48TbiPEKrxHH1nsQ,port-washington-new-york
https://www.ubereats.com/nyc-suburbs/food-delivery/let-there-be-bagels/VBBxtx6fSUqJxLTO5HUq4w,port-washington-new-york
https://www.ubereats.com/nyc-suburbs/food-delivery/1221-at-mfp/oJ3fPN-sRFe-0XsSB3DtxA,port-washington-new-york
https://www.ubereats.com/nyc-suburbs/food-delivery/chipotle-mexican-grill-25465-horace-harding-expy/IJjmns74SZy2b1Fl7AoRBw,port-washington-new-york
https://www.ubereats.com/nyc-suburbs/food-delivery/burger-king-5-old-shore-road/stMgFwU4RGy_bTtYN69SZg,port-washington-new-york
https://www.ubereats.com/nyc-suburbs/food-delivery/coco-palace-restaurant/kRUdZlfpTtO1URiAITU3eg,port-washington-new-york
https://www.ubereats.com/nyc-suburbs/food-delivery/shish-kebab-grill/Wyss3aibRlCdpAkQTvkT3w,port-washington-new-york
https://www.ubereats.com/nyc-suburbs/food-delivery/roslyn-heights-deli/2SIxfITmQmO-MShtFpwMMg,port-washington-new-york
https://www.ubereats.com/nyc-suburbs/food-delivery/mr-wish-bubble-tea-great-neck-%E6%B0%B4%E6%9E%9C%C2%B7%E5%A4%A9%E7%84%B6%C2%B7%E8%8C%B6/2y-MeJE1S1yWJ1M5FRYlIQ,port-washington-new-york
https://www.ubereats.com/new-york/food-delivery/tei-nei-ya-ramen/7Kx4EBrgQ3SZiBGfwGSVWQ,port-washington-new-york
https://www.ubereats.com/nyc-suburbs/food-delivery/sakaya-japanese-restaurant/CMHhzODzSY--J1o8uEv4vg,port-washington-new-york
https://www.ubereats.com/nyc-suburbs/food-delivery/mcdonalds-bayside-203-11-northern-blvd/Wkz-7lXSSQuco0-9NF0EtA,port-washington-new-york
https://www.ubereats.com/nyc-suburbs/food-delivery/barefoot-peddler/GZOPvoQhRyuUiLHtO4bVGQ,port-washington-new-york
https://www.ubereats.com/new-york/food-delivery/healthy-boy-grill/iTl0nfuOTxSwuxbQ9gliow,port-washington-new-york
https://www.ubereats.com/new-york/food-delivery/zen-garden/4UdnYuroRjCNGPaTErDr4g,port-washington-new-york
https://www.ubereats.com/nyc-suburbs/food-delivery/boostin-bowl/lpVWAznMSKmkm_mGfxqYEw,port-washington-new-york
https://www.ubereats.com/new-york/food-delivery/casa-di-fratelli/c40LyebKRjudFrkz43Juhw,port-washington-new-york
https://www.ubereats.com/nyc-suburbs/food-delivery/franks-pizzeria/n8R5IdXBRzmqIQjMN-HreQ,port-washington-new-york
https://www.ubereats.com/nyc-suburbs/food-delivery/wings-plus/er--dJuHTfW124JuSg2J9A,port-washington-new-york
https://www.ubereats.com/new-york/food-delivery/cena-081/_l-kSSatSlCDU_By329Gaw,port-washington-new-york
https://www.ubereats.com/nyc-suburbs/food-delivery/singas-famous-pizza-north-new-hyde-park-hillside-ave/9C31hn_nSkOFt5qWr09jjw,port-washington-new-york
https://www.ubereats.com/new-york/food-delivery/sushi-palace/sKLJo36VSqyEA20EBfTpZA,port-washington-new-york
https://www.ubereats.com/new-york/food-delivery/port-thai-place/aIwY5m97SrK3gqnpTXdJ1Q,port-washington-new-york
https://www.ubereats.com/nyc-suburbs/food-delivery/kitchen-kabaret-fine-foods/rkA31IxSSuy3AzNg3AncWA,port-washington-new-york
https://www.ubereats.com/new-york/food-delivery/sushi-republic/0BvCtge8S2yPzzvbm2Ygcw,port-washington-new-york
https://www.ubereats.com/nyc-suburbs/food-delivery/cassariano/y1j1JvM4QOW4AbnV6LnUdg,port-washington-new-york
https://www.ubereats.com/nyc-suburbs/food-delivery/towers-restaurant/2LNqzzY6QQ-GK0nKI5WbQw,port-washington-new-york
https://www.ubereats.com/nyc-suburbs/food-delivery/mcdonalds-glen-cove-glen-st/ss3SXVdjSBOwr3vMqsgrLQ,port-washington-new-york
https://www.ubereats.com/new-york/food-delivery/songs-family-food-court/rTuywTD5SVi3GZM3Phdh0Q,port-washington-new-york
https://www.ubereats.com/new-york/food-delivery/delicious-pizzeria/3LRCh7KqR1mpjAxJ56Q_Sw,port-washington-new-york
https://www.ubereats.com/nyc-suburbs/food-delivery/fortune-east/dNYuXP3BSSGNsUQeqQydRA,port-washington-new-york
https://www.ubereats.com/nyc-suburbs/food-delivery/ruby-tuesday-1226-old-country-road/T1FAiDwYS5eKDWneeKvF2w,port-washington-new-york
https://www.ubereats.com/nyc-suburbs/food-delivery/grassroots/OddFKMpcSnGwkvlWsgwn7w,port-washington-new-york
https://www.ubereats.com/nyc-suburbs/food-delivery/churrasqueira-bairrada/dNO-uN8CTWa221kXc3h_Pw,port-washington-new-york
https://www.ubereats.com/nyc-suburbs/food-delivery/bbq-chicken-little-neck-little-neck/KOXK2NzTTTyzfPWsuIxGNQ,port-washington-new-york
https://www.ubereats.com/nyc-suburbs/food-delivery/outback-steakhouse-1067-old-country-road/BeGL2O35Q8qON71YbZbOeA,port-washington-new-york
https://www.ubereats.com/nyc-suburbs/food-delivery/press-195-bayside/pBCgBCvFSquS8ZuKkGYwsw,port-washington-new-york
https://www.ubereats.com/new-york/food-delivery/seven-seas/jkHaAdeLSe29eQlgt6ZF2A,port-washington-new-york
https://www.ubereats.com/nyc-suburbs/food-delivery/s%26d-crab-house/CkI80RNcR_qfFcRTJqiIMQ,port-washington-new-york
https://www.ubereats.com/nyc-suburbs/food-delivery/dunkin-24809-northern-blvd/HXSA47gnR9eNlMhTPDWR8g,port-washington-new-york
https://www.ubereats.com/nyc-suburbs/food-delivery/pizza-chef/QyBmw8UZSZSERE7Mog6p_Q,port-washington-new-york
https://www.ubereats.com/nyc-suburbs/food-delivery/curry-on-pizza/-7ClOHDbTw6Ubl5jHpdhqA,port-washington-new-york
https://www.ubereats.com/new-york/food-delivery/yahao-asian-cuisine/Qsmb1T8TRHyBjh4OG-B_BQ,port-washington-new-york
https://www.ubereats.com/nyc-suburbs/food-delivery/zouji-dumpling-house/Ui5UuzAkRYSn2FjtPY8oEw,port-washington-new-york
https://www.ubereats.com/new-york/food-delivery/kron-chocolatier/5HxjMbx5R2mZfPiIoOv7rg,port-washington-new-york
https://www.ubereats.com/nyc-suburbs/food-delivery/coco-fresh-tea-%26-juice-great-neck/0_uC_MTlRrqVr7L-DgPTXQ,port-washington-new-york
https://www.ubereats.com/nyc-suburbs/food-delivery/cafe-kiskeya/19psMuhbTx6Lb-sZqpUheQ,port-washington-new-york
https://www.ubereats.com/new-york/food-delivery/mortons-the-steakhouse-777-northern-boulevard/l8tVnbAbRs2AnWM0z4PceA,port-washington-new-york
https://www.ubereats.com/nyc-suburbs/food-delivery/landmark-diner/9i1kDs32SJ2jQ7jHVKjqXg,port-washington-new-york
https://www.ubereats.com/new-york/food-delivery/marthas-country-bakery-bayside/oJ4vwrU4RyO_jKEcqxe08g,port-washington-new-york
https://www.ubereats.com/nyc-suburbs/food-delivery/long-island-bagel-cafe-glen-cove-bagel-cafe/kioQNOkPSa6qtntYSiru7A,port-washington-new-york
https://www.ubereats.com/new-york/food-delivery/avo-taco-new-hyde-park/U8zxlNC4QzuDqSYa3jL1ug,port-washington-new-york
https://www.ubereats.com/nyc-suburbs/food-delivery/aegea-west-douglaston/5WY_EwjpTNOpBa3qRYEUeg,port-washington-new-york
https://www.ubereats.com/nyc-suburbs/food-delivery/dunkin-370-plandome-rd/ZXlRWoSDR8yWX9BXXsy41A,port-washington-new-york
https://www.ubereats.com/nyc-suburbs/food-delivery/ruby-divine-indian-dining/df8QrMOjTV6-hh47EgtgwQ,port-washington-new-york
https://www.ubereats.com/new-york/food-delivery/carvel-265-15-hillside-avenue-glen-oaks-ny-11004-usa/bz8uZiQYQyiESUd1zEJemg,port-washington-new-york
https://www.ubereats.com/nyc-suburbs/food-delivery/dunkin-285-291-glen-street/kxBWUl90Q0uQu4gPhaRhiQ,port-washington-new-york
https://www.ubereats.com/nyc-suburbs/food-delivery/heritage-bakers/fJ61ZvdQQqWfCLlRQ6biLg,port-washington-new-york
https://www.ubereats.com/nyc-suburbs/food-delivery/starbucks-glen-cove/ZyskcPRaRvyddNfbzznuVQ,port-washington-new-york
https://www.ubereats.com/nyc-suburbs/food-delivery/aleport-bar-%26-grill/YdoeuZHXQUWz-U2bshwREw,port-washington-new-york
https://www.ubereats.com/new-york/food-delivery/yuzu-fushion/vj50oo0QSUeME5gfERn9uQ,port-washington-new-york
https://www.ubereats.com/nyc-suburbs/food-delivery/best-garden/l5wQWK_tSL--E_mpEVK3ng,port-washington-new-york
https://www.ubereats.com/nyc-suburbs/food-delivery/greek-islands/FMFuBxkwRCeluS65Pke6ng,port-washington-new-york
https://www.ubereats.com/nyc-suburbs/food-delivery/shoshaku/9OKdHOkfRdeboVtNiFxj7A,port-washington-new-york
https://www.ubereats.com/nyc-suburbs/food-delivery/burger-king-3-cedar-swamp-road/JG1j8qzOTga6Ory5YRNRCg,port-washington-new-york
https://www.ubereats.com/new-york/food-delivery/bia-new-hyde-park/v_NpqwuNQFeesKBs6upmfg,port-washington-new-york
https://www.ubereats.com/nyc-suburbs/food-delivery/healthy-boy-grill/iTl0nfuOTxSwuxbQ9gliow,port-washington-new-york
https://www.ubereats.com/nyc-suburbs/food-delivery/ayhans-shish-kebab-restaurant/HGd2vUv9QOmNtl5_qtYHHA,port-washington-new-york
https://www.ubereats.com/new-york/food-delivery/ravagh-persian-grill-nassau/j9fvqJttRdGnF1rBTqp3dQ,port-washington-new-york
https://www.ubereats.com/new-york/food-delivery/roslyn-seafood-gourmet/MoOG17TnTeKWjixQYna_1A,port-washington-new-york
https://www.ubereats.com/nyc-suburbs/food-delivery/bagel-hut/8s-0TmD0TbSMFyy_Lq4puQ,port-washington-new-york
https://www.ubereats.com/new-york/food-delivery/shish-kebab-grill/Wyss3aibRlCdpAkQTvkT3w,port-washington-new-york
https://www.ubereats.com/new-york/food-delivery/the-mammas-pizza/gHKUoSyFRDKLLywNPXvtww,port-washington-new-york
https://www.ubereats.com/new-york/food-delivery/honest/RZBfsTj-S6WFsL0ioFJcWA,port-washington-new-york
https://www.ubereats.com/nyc-suburbs/food-delivery/pizza-roxx/GzvhcgR_QS2w2ucBI0xcTg,port-washington-new-york
https://www.ubereats.com/new-york/food-delivery/salvatores-coal-oven-pizzeria/5ItEPqxNQoiUxe8KRLkR8w,port-washington-new-york
https://www.ubereats.com/new-york/food-delivery/utopia-bagels/kYW0sn9HT4afEZKDHNfVDg,port-washington-new-york
https://www.ubereats.com/nyc-suburbs/food-delivery/kotobuki-roslyn/rT-xN1q5Sp607LSJp0a8lg,port-washington-new-york
https://www.ubereats.com/nyc-suburbs/food-delivery/swift-heavenly-cuisine/rkdjWTQcSs-uICTPxcqJKg,port-washington-new-york
https://www.ubereats.com/nyc-suburbs/food-delivery/meritage-wine-bar/0xdX5tBSQJqQlaMPOsmBpw,port-washington-new-york
https://www.ubereats.com/new-york/food-delivery/kotobuki-roslyn/rT-xN1q5Sp607LSJp0a8lg,port-washington-new-york
https://www.ubereats.com/nyc-suburbs/food-delivery/mims-restaurant/dwfmpq9ESDqXYZPsCHhTjQ,port-washington-new-york
https://www.ubereats.com/nyc-suburbs/food-delivery/wrap-starz-bayside/VDbPMQxLQbe1TLe8V7mDSg,port-washington-new-york
https://www.ubereats.com/nyc-suburbs/food-delivery/coco-fresh-tea-%26-juice-bayside/HhDVkhfpSwCiMdLyjF_upg,port-washington-new-york
https://www.ubereats.com/nyc-suburbs/food-delivery/marios-pizzeria-oyster-bay/7Jm4Q2JtRfyawkY-yHjKNw,port-washington-new-york
https://www.ubereats.com/new-york/food-delivery/kappame-sushi-bowl/D80pnVb6Q2eeBo6K-XEG0w,port-washington-new-york
https://www.ubereats.com/new-york/food-delivery/hazuki-sushi-cuisine/3h05l_tsS9aQoRurYV21Jg,port-washington-new-york
https://www.ubereats.com/nyc-suburbs/food-delivery/janes-eatery/qpBcoGA7TK6n5E48SMqbyw,port-washington-new-york
https://www.ubereats.com/new-york/food-delivery/skyline-diner/WDQ_2nXAR1mq6EK5R7JsOg,port-washington-new-york
https://www.ubereats.com/new-york/food-delivery/waterzooi-port-washington/TRbNCwmBSqOERP2KMRl1LQ,port-washington-new-york
https://www.ubereats.com/new-york/food-delivery/carvel-30-soundview-market-place-suite-7-b/QSl50oJ9SGCZlraYcJNaNw,port-washington-new-york
https://www.ubereats.com/nyc-suburbs/food-delivery/golden-garden/QHdGbCAuSc6JObXjOR_CDw,port-washington-new-york
https://www.ubereats.com/nyc-suburbs/food-delivery/pita-station/urE-rnC8Rry-g-KusgEkPA,port-washington-new-york
https://www.ubereats.com/nyc-suburbs/food-delivery/nooks-%26-kindles-organic-at-delicacies-gourmet/lay9pj2iQmy_MJbELlG6Eg,port-washington-new-york
https://www.ubereats.com/nyc-suburbs/food-delivery/avo-taco-new-hyde-park/U8zxlNC4QzuDqSYa3jL1ug,port-washington-new-york
https://www.ubereats.com/nyc-suburbs/food-delivery/dunkin-276-hillside-ave/psZXo0XSSaKMLnDFGXS6uw,port-washington-new-york
https://www.ubereats.com/new-york/food-delivery/haru-2105-northern-blvd/mGrKgzafTN6gN8192dLEqQ,port-washington-new-york
https://www.ubereats.com/nyc-suburbs/food-delivery/mcdonalds-queens-springfield/fbeyO4U7QHWBpprlcZquXg,port-washington-new-york
https://www.ubereats.com/new-york/food-delivery/mr-wish-bubble-tea-great-neck-%E6%B0%B4%E6%9E%9C%C2%B7%E5%A4%A9%E7%84%B6%C2%B7%E8%8C%B6/2y-MeJE1S1yWJ1M5FRYlIQ,port-washington-new-york
https://www.ubereats.com/new-york/food-delivery/bosphorus-cafe-grill/ofgreqZ0SZ2vZod-BOcVGQ,port-washington-new-york
https://www.ubereats.com/nyc-suburbs/food-delivery/dunkin-35-n-station-plz/M8BXBY28Tm6PHWzSVMNZ8w,port-washington-new-york
https://www.ubereats.com/new-york/food-delivery/piccola-bussola-ristorante/OIR6RiHNT9W3j2Vm5xymSw,port-washington-new-york
https://www.ubereats.com/new-york/food-delivery/carvel-149-01-14th-ave/YdvB1PjhTUWjRA9M-D1bJA,port-washington-new-york
https://www.ubereats.com/new-york/food-delivery/flavor-of-india/9oSxQj6NRJOSQSqxqBJgYA,port-washington-new-york
https://www.ubereats.com/new-york/food-delivery/coco-fresh-tea-%26-juice-bayside/HhDVkhfpSwCiMdLyjF_upg,port-washington-new-york
https://www.ubereats.com/nyc-suburbs/food-delivery/jackson-hole-diner-bayside/yK96wNUMSO-fXTN7CrNHVQ,port-washington-new-york
https://www.ubereats.com/new-york/food-delivery/crawfords-coffee-%26-cafe-great-neck/hqoRrfZiRz2gx59yGYhYtA,port-washington-new-york
https://www.ubereats.com/nyc-suburbs/food-delivery/subway-8-soundview-marketplace/kzqBTdoEQh6urm62qL_0hg,port-washington-new-york
https://www.ubereats.com/nyc-suburbs/food-delivery/bareburger-4238-bell-blvd/x3q2rizST56b6jiiwTfXgw,port-washington-new-york
https://www.ubereats.com/nyc-suburbs/food-delivery/ravagh-persian-grill-nassau/j9fvqJttRdGnF1rBTqp3dQ,port-washington-new-york
https://www.ubereats.com/nyc-suburbs/food-delivery/brian-dempseys/yWSljAC7SW2FdnIcmJS-yQ,port-washington-new-york
https://www.ubereats.com/nyc-suburbs/food-delivery/kappame-sushi-bowl/D80pnVb6Q2eeBo6K-XEG0w,port-washington-new-york
https://www.ubereats.com/nyc-suburbs/food-delivery/wonton-palooza/ycnBjdnPSl6zThFzxuFp_Q,port-washington-new-york
https://www.ubereats.com/new-york/food-delivery/ayhans-mediterranean-marketplace-main-st/YczZHeo_Tnm_ksobu-Orxg,port-washington-new-york
https://www.ubereats.com/nyc-suburbs/food-delivery/las-vinas/llB0XJWUTFWt-r79cAn1Qg,port-washington-new-york
https://www.ubereats.com/new-york/food-delivery/fyhre-hibachi/Ds_PY8tPQnudtrdBsqkAxw,port-washington-new-york
https://www.ubereats.com/nyc-suburbs/food-delivery/bareburger-32-middle-neck-rd/wK8mZ4bCRIuDKxG_2-SvmQ,port-washington-new-york
https://www.ubereats.com/nyc-suburbs/food-delivery/the-cottage-by-colbeh/ark-ridcQ_-2DNH678zrAg,port-washington-new-york
https://www.ubereats.com/new-york/food-delivery/avocado-oh/P1fq3VB0RbGBkUUtXHpIqw,port-washington-new-york
https://www.ubereats.com/new-york/food-delivery/francescas-pizzeria-%26-restaurant/ZC8OtOgPQI2JxBdZBKux3Q,port-washington-new-york
https://www.ubereats.com/new-york/food-delivery/uncle-giuseppes-marketplace-port-washington/lAHtZFUARq-gWy0Zz1X72A,port-washington-new-york
https://www.ubereats.com/new-york/food-delivery/towers-restaurant/2LNqzzY6QQ-GK0nKI5WbQw,port-washington-new-york
https://www.ubereats.com/new-york/food-delivery/yummy-oriental-restaurant/631aAYj-RHirtPM6Dvfp6w,port-washington-new-york
https://www.ubereats.com/nyc-suburbs/food-delivery/thyme/1mzrHw3cRGGjA15hZkAFTw,port-washington-new-york
https://www.ubereats.com/nyc-suburbs/food-delivery/bean-%26-bean-coffee-roasters-queens/qbQ25RohRZqJoZxl5920_A,port-washington-new-york
https://www.ubereats.com/new-york/food-delivery/benihana-2105-northern-blvd/_CWhLspIRiC2RpCAOfKw3Q,port-washington-new-york
https://www.ubereats.com/new-york/food-delivery/mizumi/e6ZJoB3lSsWcrukS2BgB8w,port-washington-new-york
https://www.ubereats.com/nyc-suburbs/food-delivery/carvel-265-15-hillside-avenue-glen-oaks-ny-11004-usa/bz8uZiQYQyiESUd1zEJemg,port-washington-new-york
https://www.ubereats.com/new-york/food-delivery/coco-palace-restaurant/kRUdZlfpTtO1URiAITU3eg,port-washington-new-york
https://www.ubereats.com/new-york/food-delivery/mims-restaurant/dwfmpq9ESDqXYZPsCHhTjQ,port-washington-new-york
https://www.ubereats.com/nyc-suburbs/food-delivery/boston-market-23-90-bell-blvd/bKwTaBmeSOOo4RJsc1nBuQ,port-washington-new-york
https://www.ubereats.com/nyc-suburbs/food-delivery/tim-hortons-2-old-country-road/SKX9AxU5Tj-gDYKJBEy2qA,port-washington-new-york
https://www.ubereats.com/new-york/food-delivery/shoshaku/9OKdHOkfRdeboVtNiFxj7A,port-washington-new-york
