url,city
https://www.ubereats.com/new-jersey/food-delivery/krispy-krunchy-chicken-river-rd/elyMSLBWS0SUX8mlvxvNTA,port-monmouth-new-jersey
https://www.ubereats.com/new-jersey/food-delivery/jamians-food-%26-drink/IlDjNKdzSh2vhawEkmfxUg,port-monmouth-new-jersey
https://www.ubereats.com/new-jersey/food-delivery/the-french-market/I2iTm4MeQleXl-OyN2QvWQ,port-monmouth-new-jersey
https://www.ubereats.com/new-jersey/food-delivery/dunkin-80h-bethany-rd/nlo3xvQHQBOLFjdBeI9caw,port-monmouth-new-jersey
https://www.ubereats.com/new-jersey/food-delivery/kfc-route-36-airport-plaza/xFrFupRrTv6GYG8S-8BaIw,port-monmouth-new-jersey
https://www.ubereats.com/new-jersey/food-delivery/dunkin-865-state-route-35/LZolZQT9SKy6B3YjB746gA,port-monmouth-new-jersey
https://www.ubereats.com/new-jersey/food-delivery/wawa-0976-204-highway-35/Tn4JXstRSAKkSyOtJEDdIg,port-monmouth-new-jersey
https://www.ubereats.com/new-jersey/food-delivery/chipotle-mexican-grill-2131-state-route-35-ste-102/j-HpqZ-HRYeHEuxtHHlazw,port-monmouth-new-jersey
https://www.ubereats.com/new-jersey/food-delivery/cluck-u-chicken-aberdeen/niO2kggDQ7WUPwKVw3Cg7w,port-monmouth-new-jersey
https://www.ubereats.com/new-jersey/food-delivery/houlihans-holmdel/WBdptTMQRySIzVe7RKiACg,port-monmouth-new-jersey
https://www.ubereats.com/new-jersey/food-delivery/char-steakhouse-red-bank/4a-b8ZewTvSd35p5jZMucA,port-monmouth-new-jersey
https://www.ubereats.com/new-jersey/food-delivery/la-pastaria-red-bank/0bl_FEjPSf6KvM4a5_d9aQ,port-monmouth-new-jersey
https://www.ubereats.com/new-jersey/food-delivery/costa-verde/yWf_ma5nTwCSmNULmqagJw,port-monmouth-new-jersey
https://www.ubereats.com/new-jersey/food-delivery/the-bistro-at-red-bank-broad-st/KvOQbjH-RZ26tafhbHg0bA,port-monmouth-new-jersey
https://www.ubereats.com/new-jersey/food-delivery/burger-king-734-route-36-%26-union-avenue/Xeiod7ZeSWGUV5J5Ritdzw,port-monmouth-new-jersey
https://www.ubereats.com/new-jersey/food-delivery/carvel-1050-state-highway-%2334/rVRZ8h9UQPeBsHTfBXQc1w,port-monmouth-new-jersey
https://www.ubereats.com/new-jersey/food-delivery/greek-tavern-at-lincroft/GiiofpJuTY6BHxtSeHjp9A,port-monmouth-new-jersey
https://www.ubereats.com/new-jersey/food-delivery/saladworks-2136-state-highway-35-south/rtVwneoBShSmvcjJEtlkPA,port-monmouth-new-jersey
https://www.ubereats.com/new-jersey/food-delivery/carvel-ice-cream-1362-state-route-36/e6VzTE3LQFOyebk6ENf0ow,port-monmouth-new-jersey
https://www.ubereats.com/new-jersey/food-delivery/patrizias-of-red-bank/ve7bpBK4R3K_OuWoYecuig,port-monmouth-new-jersey
https://www.ubereats.com/new-jersey/food-delivery/honey-baked-ham-middletown/zXhPZO_aQpmmgx9gkMZV4Q,port-monmouth-new-jersey
https://www.ubereats.com/new-jersey/food-delivery/mcdonalds-970-rt-36/iaY4Wqk6RyCCSlsm1uRGlQ,port-monmouth-new-jersey
https://www.ubereats.com/new-jersey/food-delivery/taco-bell-125-state-route-34/oqXxPjvwTWqN8NfMjzLAdQ,port-monmouth-new-jersey
https://www.ubereats.com/new-jersey/food-delivery/subway-304-main-st/B73kDUrjTVGLfGmvri3wYg,port-monmouth-new-jersey
https://www.ubereats.com/new-jersey/food-delivery/dannys-steakhouse-%26-sushi/d0mmdo71Q4CDx3rVcdT81A,port-monmouth-new-jersey
https://www.ubereats.com/new-jersey/food-delivery/planet-bagel/FhwYBlFtQbajzpgBO96rcA,port-monmouth-new-jersey
https://www.ubereats.com/new-jersey/food-delivery/hearthly-organic/QshuM0VgRVGLLB26Np3G5w,port-monmouth-new-jersey
https://www.ubereats.com/new-jersey/food-delivery/sisters-seafood/tepYOSvsTaSuCRWejk1qKQ,port-monmouth-new-jersey
https://www.ubereats.com/new-jersey/food-delivery/carvel-46-leonardville-rd/VthQddL2TgCHJXS9k6MNDA,port-monmouth-new-jersey
https://www.ubereats.com/new-jersey/food-delivery/frutta-bowls/R3R9loC-SJaR4-zo4E4qWg,port-monmouth-new-jersey
https://www.ubereats.com/new-jersey/food-delivery/pasquallys-pizza-%26-wings-1107-route-35/21JVYlTVTkCq7P66eR-mGw,port-monmouth-new-jersey
https://www.ubereats.com/new-jersey/food-delivery/174-applebees-middletown/PhqKJe-MSRCu0p3lEbOyag,port-monmouth-new-jersey
https://www.ubereats.com/new-jersey/food-delivery/chilangos/1MTAFolGQ66v4FRyIyJd8g,port-monmouth-new-jersey
https://www.ubereats.com/new-jersey/food-delivery/greek-eats/mKhbZyk2SGiCJl22nw-U3g,port-monmouth-new-jersey
https://www.ubereats.com/new-jersey/food-delivery/hummus-%26-pita-co/Ss5GqkqjSVquIlrHHRSycw,port-monmouth-new-jersey
https://www.ubereats.com/new-jersey/food-delivery/neapoli/Ba-ldigiS2ipN39xsGMd6Q,port-monmouth-new-jersey
https://www.ubereats.com/new-jersey/food-delivery/slaters-deli-and-caterers/bAl7z_8bTfyOpKiO5s4Eig,port-monmouth-new-jersey
https://www.ubereats.com/new-jersey/food-delivery/doughology/CiQ3nup1Qau7t2fncOgUSQ,port-monmouth-new-jersey
https://www.ubereats.com/new-jersey/food-delivery/barbs-big-burritos/B8l0BUllT4qBnXilo5hD-g,port-monmouth-new-jersey
https://www.ubereats.com/new-jersey/food-delivery/hamburger-pattys/9fKWwHjBT4CGyOOgNju0lw,port-monmouth-new-jersey
https://www.ubereats.com/new-jersey/food-delivery/starbucks-rte-35-middletown/_n_71c5jRfGYp3IuADJ44g,port-monmouth-new-jersey
https://www.ubereats.com/new-jersey/food-delivery/dunkin-103-leonardville-rd/K9JVyTw0SKuKdWmWPM5sUA,port-monmouth-new-jersey
https://www.ubereats.com/new-jersey/food-delivery/burger-king-highway-36-and-west-avenue/FtdEIf0fQICxgWG0lVd7SQ,port-monmouth-new-jersey
https://www.ubereats.com/new-jersey/food-delivery/dunkin-107-route-35/_7r30bThQbe071vbwFYsyA,port-monmouth-new-jersey
https://www.ubereats.com/new-jersey/food-delivery/lucky-7-deli/90k47vb4SMS2xNoMXkqacw,port-monmouth-new-jersey
https://www.ubereats.com/new-jersey/food-delivery/jersey-shore-deli/oGEHv9tJTKibegq_kys7UA,port-monmouth-new-jersey
https://www.ubereats.com/new-jersey/food-delivery/tstbbq/fuA4DyhcS0O_5694TjPFIg,port-monmouth-new-jersey
https://www.ubereats.com/new-jersey/food-delivery/vibe-tap-%26-grill/1WuxUzhsQSK66KRFeujX2Q,port-monmouth-new-jersey
https://www.ubereats.com/new-jersey/food-delivery/aes-thai-%26-bbq/TIZJ94KwRBa8wtH-iUyocQ,port-monmouth-new-jersey
https://www.ubereats.com/new-jersey/food-delivery/rico-taco-mex-2/eCe52DvaSguXYtVa9RQkdA,port-monmouth-new-jersey
https://www.ubereats.com/new-jersey/food-delivery/meemoms-middletown/ZoKMfPpMS2afhX_ems775Q,port-monmouth-new-jersey
https://www.ubereats.com/new-jersey/food-delivery/ridiculous-donuts/ksEbQEc8SZiFk5bSrzee8w,port-monmouth-new-jersey
https://www.ubereats.com/new-jersey/food-delivery/bayroot-lebanese-restaurant/QyKayOqnSsu61kFbOQvwFg,port-monmouth-new-jersey
https://www.ubereats.com/new-jersey/food-delivery/surf-taco-red-bank/a5Sj2XVyQo2Wo5pLjH3PVQ,port-monmouth-new-jersey
https://www.ubereats.com/new-jersey/food-delivery/philly-pretzel-factory/m8XYrnu6S1KG6wdF9lwpcg,port-monmouth-new-jersey
https://www.ubereats.com/new-jersey/food-delivery/dairy-queen-449-state-route-35/RKH6lrjfQE2pFaEb-kKynA,port-monmouth-new-jersey
https://www.ubereats.com/new-jersey/food-delivery/mizu-36-asian-cuisine/88N1Uey_S0ajjbx9K4chSw,port-monmouth-new-jersey
https://www.ubereats.com/new-jersey/food-delivery/cluck-u-chicken-red-bank/UnjOawW8SFOXn3e2Rz5PDA,port-monmouth-new-jersey
https://www.ubereats.com/new-jersey/food-delivery/starbucks-red-bank/Z1FEd1RvTK-QrCb2_G-tdQ,port-monmouth-new-jersey
https://www.ubereats.com/new-jersey/food-delivery/ichiban-holmdel/PB4EvqiyS6e-tUX8zElLSA,port-monmouth-new-jersey
https://www.ubereats.com/new-jersey/food-delivery/pastrami-house/5PVfm3ICQqu5LOnjmIVRxw,port-monmouth-new-jersey
https://www.ubereats.com/new-jersey/food-delivery/vibe-tap-%26-grill/EaTBwq6zRhi38H_vD-fayQ,port-monmouth-new-jersey
https://www.ubereats.com/new-jersey/food-delivery/sonic-drive-in-1511-state-route-35/dwaVGSWqS1Km_b9GdK9f7A,port-monmouth-new-jersey
https://www.ubereats.com/new-jersey/food-delivery/ono-korean-barbeque/sj4BxkZ8Q-CqRbtcf8MJ2g,port-monmouth-new-jersey
https://www.ubereats.com/new-jersey/food-delivery/glendas-kitchen/Z_WWPfwSSOyWud-aqIfhzg,port-monmouth-new-jersey
https://www.ubereats.com/new-jersey/food-delivery/stewarts-root-beer/WzmxijtFRYWIhN8e-6Kqqw,port-monmouth-new-jersey
https://www.ubereats.com/new-jersey/food-delivery/new-monmouth-diner/7wr_dPH-TKiyqCJBtD8-Ng,port-monmouth-new-jersey
https://www.ubereats.com/new-jersey/food-delivery/dunkin-171-main-st/eLa9zQV1ScmQv6CM6x4D6A,port-monmouth-new-jersey
https://www.ubereats.com/new-jersey/food-delivery/burger-king-858-highway-35/2BuXTaG8SJ23otLj5fVT5w,port-monmouth-new-jersey
https://www.ubereats.com/new-jersey/food-delivery/peters-crab-and-steakhouse/0LYZABI2RF6f5IBne3buFw,port-monmouth-new-jersey
https://www.ubereats.com/new-jersey/food-delivery/jersey-mikes-7-bayshore-plaza/t4LW5-YWQHOSoSGvHS-1PA,port-monmouth-new-jersey
https://www.ubereats.com/new-jersey/food-delivery/dairy-queen-treat-673-newman-springs-rd/0Fvys8zER8ijFU3Rq5Q1Kg,port-monmouth-new-jersey
https://www.ubereats.com/new-jersey/food-delivery/tacoholics/FlatICWvSQu4ixnbgCW-zg,port-monmouth-new-jersey
https://www.ubereats.com/new-jersey/food-delivery/teak-restaurant/6kRAUSOYQQ2E_myUSfLqUw,port-monmouth-new-jersey
https://www.ubereats.com/new-jersey/food-delivery/frutta-bowls-shrewsbury/BJJZfujIRMKUFbxoBqtcCA,port-monmouth-new-jersey
https://www.ubereats.com/new-jersey/food-delivery/bagel-factory-cafe/bvlAKdiQQ6mzynZt7WonoA,port-monmouth-new-jersey
https://www.ubereats.com/new-jersey/food-delivery/natures-plate-keyport/WZS2cvTMQfutmdAymcjeKQ,port-monmouth-new-jersey
https://www.ubereats.com/new-jersey/food-delivery/lucky-7-tex-mex/IMgElwiUTUe8ZrU64Xy2bw,port-monmouth-new-jersey
https://www.ubereats.com/new-jersey/food-delivery/five-guys-nj-0313-747-broad-st/6AiOw3AhT9eUult7omqfGg,port-monmouth-new-jersey
https://www.ubereats.com/new-jersey/food-delivery/kyoto-sushi-restaurant/jpTOck9XS7inw_hG4LxvUQ,port-monmouth-new-jersey
https://www.ubereats.com/new-jersey/food-delivery/pieros-italian-restaurant/c6_0vCpSQMaAfebFVHscOw,port-monmouth-new-jersey
https://www.ubereats.com/new-jersey/food-delivery/the-greek-spot-red-bank/_A8Qn1sFSdi_KTtH53Tzqg,port-monmouth-new-jersey
https://www.ubereats.com/new-jersey/food-delivery/eastern-empire-iii/dTrgOTDUTe6eMKDdyIg6bw,port-monmouth-new-jersey
https://www.ubereats.com/new-jersey/food-delivery/chipotle-mexican-grill-20-water-st/0fKeCU7wTjePSeNjAAAhng,port-monmouth-new-jersey
https://www.ubereats.com/new-jersey/food-delivery/ginkaku-japanese-bistro/cNPgqou-S9OXF5lu9cJawg,port-monmouth-new-jersey
https://www.ubereats.com/new-jersey/food-delivery/olivias-trattoria/lC-0-rZfReGsQLOrcEYz4w,port-monmouth-new-jersey
https://www.ubereats.com/new-jersey/food-delivery/paradiddle-griddle/vPVFIToMR_O6QbcVw-DXiA,port-monmouth-new-jersey
https://www.ubereats.com/new-jersey/food-delivery/jj-delicacies-place/0pNDyRUGSZqqG6Aq82YjDw,port-monmouth-new-jersey
https://www.ubereats.com/new-jersey/food-delivery/ihop-106-nj-36/uV4XqUw6Q6a_N97W2jjPUA,port-monmouth-new-jersey
https://www.ubereats.com/new-jersey/food-delivery/street-eats-tacos-gyros-%26-bowls/vVnZnTQMTvCghVLKU0O_Ow,port-monmouth-new-jersey
https://www.ubereats.com/new-jersey/food-delivery/windward-deli/L1YVhgxLS7OqHFijsskgQQ,port-monmouth-new-jersey
https://www.ubereats.com/new-jersey/food-delivery/il-lago/FUIQbRGOQpSi48w-ZzLbpg,port-monmouth-new-jersey
https://www.ubereats.com/new-jersey/food-delivery/butlers-market/KEtVlq_eS1eWBAa-I9_0dQ,port-monmouth-new-jersey
https://www.ubereats.com/new-jersey/food-delivery/old-glory-kitchen-%2B-spirits/YkNFta6zSlK7UZG5kdTb6g,port-monmouth-new-jersey
https://www.ubereats.com/new-jersey/food-delivery/simplygreek/srL-pYBZQ0aY1GmSEUjQ0w,port-monmouth-new-jersey
https://www.ubereats.com/new-jersey/food-delivery/mcdonalds-925-hwy-35/CS8bu-PeSxe-XOgSdZvldg,port-monmouth-new-jersey
https://www.ubereats.com/new-jersey/food-delivery/haldi-chowk-authentic-indian-cuisine/7RqOOZvgQJ-XuuWD_7_6ew,port-monmouth-new-jersey
https://www.ubereats.com/new-jersey/food-delivery/jersey-mikes-2145-state-route-35/l9NsBbGbRnCPWWeoM-qutQ,port-monmouth-new-jersey
https://www.ubereats.com/new-jersey/food-delivery/joes-bagel-%26-grill-cliffwood/nM-Uj5zRRzOqlua8pPMrNg,port-monmouth-new-jersey
https://www.ubereats.com/new-jersey/food-delivery/middletown-pancake-house/3gMvOndEQ8Clvnqg3eeViw,port-monmouth-new-jersey
https://www.ubereats.com/new-jersey/food-delivery/wing-hing-chinese-restaurant/3Wu-VTYVTZm78hjlV8UExQ,port-monmouth-new-jersey
https://www.ubereats.com/new-jersey/food-delivery/wendys-1450-route-35/pQ_Qg4jsR0Ovrn4MpFyX6A,port-monmouth-new-jersey
https://www.ubereats.com/new-jersey/food-delivery/uncle-louie-g/GimqQiHNS_KYByuimU4lag,port-monmouth-new-jersey
https://www.ubereats.com/new-jersey/food-delivery/stewarts-root-beer/XwkGn5M6S8OK3H89mt4nzA,port-monmouth-new-jersey
https://www.ubereats.com/new-jersey/food-delivery/la-playa-restaurant/316Y5pnjSoGHB2xpbX2BdQ,port-monmouth-new-jersey
https://www.ubereats.com/new-jersey/food-delivery/wahoos-fish-taco-1157-hwy-35/7oplAVL9RZGWb1Y25cgd2w,port-monmouth-new-jersey
https://www.ubereats.com/new-jersey/food-delivery/turning-point-of-little-silver/-4nBNiueSnGkNMYCYuFRvw,port-monmouth-new-jersey
https://www.ubereats.com/new-jersey/food-delivery/dunkin-2055-route-35/rbEIVGFDThKmVUqemHGYqw,port-monmouth-new-jersey
https://www.ubereats.com/new-jersey/food-delivery/mcdonalds-31-20-route-35/C3RFLXQZQiC-3fzi182PGw,port-monmouth-new-jersey
https://www.ubereats.com/new-jersey/food-delivery/kissui-sushi/O3QnY6dMRp-x2b-c0WzIuQ,port-monmouth-new-jersey
https://www.ubereats.com/new-jersey/food-delivery/cups-%26-cakes-cafe-juice-bar-and-bakery/q0z-PadaQhescPwWaNQ4lQ,port-monmouth-new-jersey
https://www.ubereats.com/new-jersey/food-delivery/chuck-e-cheese-1107-route-35/Wf-BJ5e6QB-y0sG0YoKSqw,port-monmouth-new-jersey
https://www.ubereats.com/new-jersey/food-delivery/una-pizza-napoletana/AgTW2ayhTpiO5Qqj6bfWZg,port-monmouth-new-jersey
https://www.ubereats.com/new-jersey/food-delivery/playa-bowls-2107-route-35-north/QoBQQD9cSPuG5mUaW-YmEA,port-monmouth-new-jersey
https://www.ubereats.com/new-jersey/food-delivery/the-burger-shop/JCoHLrkyQ_2nOghjaa9NWg,port-monmouth-new-jersey
https://www.ubereats.com/new-jersey/food-delivery/cafe-la-de-da/fuOz72mrSxGX7hPX_gzWWQ,port-monmouth-new-jersey
https://www.ubereats.com/new-jersey/food-delivery/pizzeria-de-leonardo/2D7osC7zSMyhiQjbFnplxA,port-monmouth-new-jersey
https://www.ubereats.com/new-jersey/food-delivery/cheeburger-cheeburger-2130-rte-35-s/GDFAFQQ8R76l8eaBVPrn_w,port-monmouth-new-jersey
https://www.ubereats.com/new-jersey/food-delivery/paulines-italian-cuisine/jzRsBt55RvSpYeSv5-Ql5Q,port-monmouth-new-jersey
https://www.ubereats.com/new-jersey/food-delivery/the-ice-cream-shop/JA6DX-R_QRCm08xnKwCbuQ,port-monmouth-new-jersey
https://www.ubereats.com/new-jersey/food-delivery/tre-colore-1207-state-route-35/72_sNT2xSjGI8YcT6CrkXg,port-monmouth-new-jersey
https://www.ubereats.com/new-jersey/food-delivery/main-street-deli-%26-grocery-240-main-st/I3kt3qAXR5OydDtWnZdSrQ,port-monmouth-new-jersey
https://www.ubereats.com/new-jersey/food-delivery/shapiros-new-york-style-delicatessen/zJ6XttTCQ4WsqLDVOeLq9A,port-monmouth-new-jersey
https://www.ubereats.com/new-jersey/food-delivery/luigis-famous-pizza/PwzBoKH5Q7O7nVQMjm65lA,port-monmouth-new-jersey
https://www.ubereats.com/new-jersey/food-delivery/chocolate-works-red-bank/HVPJXE5eQaCaA-bItT5kgw,port-monmouth-new-jersey
https://www.ubereats.com/new-jersey/food-delivery/nappys-food-store/iUGyOONLQ8OfVSB3uJGMlw,port-monmouth-new-jersey
https://www.ubereats.com/new-jersey/food-delivery/freshii-838-state-rte-35/pcBRKU9oSUOq69xO-Rq38g,port-monmouth-new-jersey
https://www.ubereats.com/new-jersey/food-delivery/jersey-mikes-444-ocean-blvd-north/JE72LO64RDmD3h-aCmN2rQ,port-monmouth-new-jersey
https://www.ubereats.com/new-jersey/food-delivery/haldiwala/EvfKREu6Q6a29yPw4O90Hw,port-monmouth-new-jersey
https://www.ubereats.com/new-jersey/food-delivery/the-yellow-rose-diner/UUlv1LyYSNywOXKNToLbNg,port-monmouth-new-jersey
https://www.ubereats.com/new-jersey/food-delivery/playa-bowls-red-bank/R7WAo1oPRhuBFjzeyWmxRA,port-monmouth-new-jersey
https://www.ubereats.com/new-jersey/food-delivery/moes-1449-rte-35/znhSRYBVRPG7CRIDlUpgHA,port-monmouth-new-jersey
https://www.ubereats.com/new-jersey/food-delivery/normandie-bakery/nycl4BtySBaLl1NFakCSPA,port-monmouth-new-jersey
https://www.ubereats.com/new-jersey/food-delivery/dunkin-state-highway-36-%26-wilson-ave/ICAFKoUjQx-1mPEdHcaEUw,port-monmouth-new-jersey
https://www.ubereats.com/new-jersey/food-delivery/deans-natural-food-market-broad-st/eZ2prPqrScS6CGZwKbB3uw,port-monmouth-new-jersey
https://www.ubereats.com/new-jersey/food-delivery/pasquales-pizzeria-iii/QMK-3iLyRfuSDHgli00M4Q,port-monmouth-new-jersey
https://www.ubereats.com/new-jersey/food-delivery/greens-%26-grains-middletown/fVwavZCdSaqxt0WBz2ePwg,port-monmouth-new-jersey
https://www.ubereats.com/new-jersey/food-delivery/mcdonaghs-pub/ikzdo4QHQl68_7trUaNZoA,port-monmouth-new-jersey
https://www.ubereats.com/new-jersey/food-delivery/shanghai-bun-restaurant/WX-kk0PPQti4jO3Uvv6ZSA,port-monmouth-new-jersey
https://www.ubereats.com/new-jersey/food-delivery/the-ice-cream-shop/UFDA6NOhS5u_djKcySu4zw,port-monmouth-new-jersey
https://www.ubereats.com/new-jersey/food-delivery/takumi-japanese-restaurant/37gvzT2VR52aEy9mYjAYjQ,port-monmouth-new-jersey
https://www.ubereats.com/new-jersey/food-delivery/vals-tavern/wPUUgL7hStueoUwuQTOGJg,port-monmouth-new-jersey
https://www.ubereats.com/new-jersey/food-delivery/kazia-raes-chicken-%26-bubble-tea/X4sporn5SwWMfa15LLkvDw,port-monmouth-new-jersey
https://www.ubereats.com/new-jersey/food-delivery/taco-bell-1185-highway-36/bK83WMYPR0GJgf7C0EGMVw,port-monmouth-new-jersey
https://www.ubereats.com/new-jersey/food-delivery/tgi-fridays-696-hazlet-nj/3b8hI1wvQEOhK_Uj_5gIEQ,port-monmouth-new-jersey
https://www.ubereats.com/new-jersey/food-delivery/mcdonalds-825-rt-36/r-4x344iSvCf_J_5XZy2Hw,port-monmouth-new-jersey
https://www.ubereats.com/new-jersey/food-delivery/burger-king-992-route-34/jDPxPFOTTBqj7mNUNers7A,port-monmouth-new-jersey
https://www.ubereats.com/new-jersey/food-delivery/local-smoke-bbq-red-bank/ORudU34iRQmuSG5oJYhMaQ,port-monmouth-new-jersey
https://www.ubereats.com/new-jersey/food-delivery/dunkin-route-36-%26-main-st/1I1D4SwbSguvLAQiSx059Q,port-monmouth-new-jersey
https://www.ubereats.com/new-jersey/food-delivery/sugarush/mSVyduJsRsGWV4qQVIPdog,port-monmouth-new-jersey
https://www.ubereats.com/new-jersey/food-delivery/outback-steakhouse-740-route-35-south/bZaRjRMYQnabAzo-PJE6xA,port-monmouth-new-jersey
https://www.ubereats.com/new-jersey/food-delivery/wawa-0790-14-bridge-street/YYBBhORRTh-D3s7nGjBt1g,port-monmouth-new-jersey
https://www.ubereats.com/new-jersey/food-delivery/et-al-fine-food/n3l4917iS4yenHJ3OhCkSA,port-monmouth-new-jersey
https://www.ubereats.com/new-jersey/food-delivery/js-empanadas/SmFxMZzrT5y93RtZgHqAgQ,port-monmouth-new-jersey
https://www.ubereats.com/new-jersey/food-delivery/jersey-mikes-subs-728-newman-springs-road/vvEUYaynS1mv437rbG6h-A,port-monmouth-new-jersey
https://www.ubereats.com/new-jersey/food-delivery/cold-stone-creamery-blimpie-2111-nj-35/-5SmbX9LQJi_Cc0Mnl5o7A,port-monmouth-new-jersey
https://www.ubereats.com/new-jersey/food-delivery/jersey-mikes-1209-route-35/bUAZ9_uPT8mqW0plVYbhRQ,port-monmouth-new-jersey
https://www.ubereats.com/new-jersey/food-delivery/windmill-hot-dogs-red-bank/FnlPLnpeRRiW7x09Q_46LQ,port-monmouth-new-jersey
https://www.ubereats.com/new-jersey/food-delivery/amazing-chicken/SGD2W7I3TkCRaCrwvCeDMQ,port-monmouth-new-jersey
https://www.ubereats.com/new-jersey/food-delivery/turning-point-of-holmdel/bWPpVq56R_-62rNPVWZHnQ,port-monmouth-new-jersey
https://www.ubereats.com/new-jersey/food-delivery/sweetberry-bowls-matawan/o_kFstTsTraozwjWjcQG8A,port-monmouth-new-jersey
https://www.ubereats.com/new-jersey/food-delivery/kribs-bagel-bazaar-and-bakery/yFBrWJYbQJeJJ1MLnThxKA,port-monmouth-new-jersey
https://www.ubereats.com/new-jersey/food-delivery/jrs-red-bank/GSs2IdIKR9eki4ptmk6u9A,port-monmouth-new-jersey
https://www.ubereats.com/new-jersey/food-delivery/ujs-asian-bistro/NwaCwavxTBytEu0ODFR3vw,port-monmouth-new-jersey
https://www.ubereats.com/new-jersey/food-delivery/felicias-kitchen/UtQJ5t5VSVChknn2DD2P6w,port-monmouth-new-jersey
https://www.ubereats.com/new-jersey/food-delivery/subway-1161-hwy-35/4-EzdW3bTcyIjst5yhxmWA,port-monmouth-new-jersey
https://www.ubereats.com/new-jersey/food-delivery/starbucks-matawan/i9op5vgeThqawJFHZXXdzQ,port-monmouth-new-jersey
https://www.ubereats.com/new-jersey/food-delivery/panera-776-route-35/UsSWL5GbQ6WTO2xl1j65jA,port-monmouth-new-jersey
https://www.ubereats.com/new-jersey/food-delivery/bollywood-bistro/gF5g0aYrT4-xBJY7q6Yl2w,port-monmouth-new-jersey
https://www.ubereats.com/new-jersey/food-delivery/grill-36/PsIhnk6DQXS3vvzWAbCeZg,port-monmouth-new-jersey
