url,city
https://www.ubereats.com/colorado-springs/food-delivery/arbys-1640/Q1-3qDN8RFa_8OV4uHTY4w,pueblo-colorado
https://www.ubereats.com/colorado-springs/food-delivery/wendys-3320-w-northern-ave/t7CylaTVQoKsyU6oPCifGg,pueblo-colorado
https://www.ubereats.com/colorado-springs/food-delivery/dairy-queen-grill-%26-chill-118-s-tiffany-dr/b-P3UkO4Q2esEVqfoixK4g,pueblo-colorado
https://www.ubereats.com/colorado-springs/food-delivery/kfc-4201-north-elizabeth-street/ytYjDHExRgi-HBeqzfVajQ,pueblo-colorado
https://www.ubereats.com/colorado-springs/food-delivery/taco-bell-703-n-santa-fe-ave/Wsyu0mF9Q_iuGzYy0oplZw,pueblo-colorado
https://www.ubereats.com/colorado-springs/food-delivery/burger-king-1911-troy-avenue/GunKXr6OQzmKzkMd1pGdXQ,pueblo-colorado
https://www.ubereats.com/colorado-springs/food-delivery/3-margaritas-pueblo/U6PEnlfXR3-a1b1OFD2uJg,pueblo-colorado
https://www.ubereats.com/colorado-springs/food-delivery/burger-king-1860-vinewood/hKTIbPCXScOq44214U6EJA,pueblo-colorado
https://www.ubereats.com/colorado-springs/food-delivery/dunkin-3991-n-elizabeth-st/52fomh-lTeqnM6P7W2IyTA,pueblo-colorado
https://www.ubereats.com/colorado-springs/food-delivery/chipotle-mexican-grill-3230-n-elizabeth-st/s3upzs0FRrynctw8WFotWA,pueblo-colorado
https://www.ubereats.com/colorado-springs/food-delivery/carls-jr-102-s-santa-fe-ave/xNR1J1s9SgSI4TsagFdO1Q,pueblo-colorado
https://www.ubereats.com/colorado-springs/food-delivery/dairy-queen-grill-%26-chill-61-lehigh/Q97jByMLTp6BQ8vuOcTSGg,pueblo-colorado
https://www.ubereats.com/colorado-springs/food-delivery/kfc-1644-s-prairie-avenue/aszKgtDrSxq6pNaUM2DK4Q,pueblo-colorado
https://www.ubereats.com/colorado-springs/food-delivery/taco-bell-1200-southgate-place/XfqfHVrRR7yTNp62BK_fHg,pueblo-colorado
https://www.ubereats.com/colorado-springs/food-delivery/popeyes-1930-s-pueblo-blvd/KYdGl_7CQf6e-zFV2CTi1Q,pueblo-colorado
https://www.ubereats.com/colorado-springs/food-delivery/1129-spirits-%26-3/0BfszQ9mQESIKYsJQsD4jw,pueblo-colorado
https://www.ubereats.com/colorado-springs/food-delivery/taco-bell-99-s-mcculloch-blvd/3zD-Cw7nTLS2kYRSRl14ow,pueblo-colorado
https://www.ubereats.com/colorado-springs/food-delivery/angelos/UBFf4O1iQfmT362cobt6rQ,pueblo-colorado
https://www.ubereats.com/colorado-springs/food-delivery/panda-express-2001-s-pueblo-blvd/Cjxgo1BoQvGEyp1ZnKzBbw,pueblo-colorado
https://www.ubereats.com/colorado-springs/food-delivery/ihop-4701-n-freeway-rd/KQ8vfsBgT8m2h1Y_dN5uTw,pueblo-colorado
https://www.ubereats.com/colorado-springs/food-delivery/taco-bell-3333-north-elizabeth/9sJ_SNr6TMa_S3CNlA_T2A,pueblo-colorado
https://www.ubereats.com/colorado-springs/food-delivery/mcdonalds-800-w-6th-st/2Kx22ou4RHyhBpw2Gd-I_g,pueblo-colorado
https://www.ubereats.com/colorado-springs/food-delivery/arbys-1207/Dz4TFZqOT26dbBkRVQU_jg,pueblo-colorado
https://www.ubereats.com/colorado-springs/food-delivery/tres-hermanos-bakery/lZhv2ICeRdyQDcsjb7G9Jg,pueblo-colorado
https://www.ubereats.com/colorado-springs/food-delivery/rockees/jUDhYNNKTlSuLzD0M97mkQ,pueblo-colorado
https://www.ubereats.com/colorado-springs/food-delivery/tropical-smoothie-cafe-us-50/ced4-vtmS7GtV8UPGUb58Q,pueblo-colorado
https://www.ubereats.com/colorado-springs/food-delivery/colorado-taproom/WOuV-tV4Qi2mMcXcBIqp2Q,pueblo-colorado
https://www.ubereats.com/colorado-springs/food-delivery/mcalisters-1425-hwy-50-west/VE1h3xo0TTGshniYlczykg,pueblo-colorado
https://www.ubereats.com/colorado-springs/food-delivery/mcdonalds-612-w-northern-ave/ws2UtXfETHyyCOFWlon5Fg,pueblo-colorado
https://www.ubereats.com/colorado-springs/food-delivery/el-jefe-tacos-%26-burritos-%233/rJl57E2LSWOnLUNtZXZnDQ,pueblo-colorado
https://www.ubereats.com/colorado-springs/food-delivery/carls-jr-1759-s-pueblo-blvd/CEeKVf_FRB2EPXzKzQJz3Q,pueblo-colorado
https://www.ubereats.com/colorado-springs/food-delivery/chick-fil-a-1535-w-us-highway-50/u_Rt0ibHTw-JaC04BWu5HA,pueblo-colorado
https://www.ubereats.com/colorado-springs/food-delivery/wendys-602-n-santa-fe/w3e6P3fbS5WZjpvJGes-4Q,pueblo-colorado
https://www.ubereats.com/colorado-springs/food-delivery/buffalo-wild-wings-5821-n-elizabeth-st/jbEdKP34Q_SaKMvvo3KHqg,pueblo-colorado
https://www.ubereats.com/colorado-springs/food-delivery/red-lobster-3306-n-elizabeth-street/sOyhdkUQQgisFFbmaRaJlQ,pueblo-colorado
https://www.ubereats.com/colorado-springs/food-delivery/wendys-3406-n-elizabeth-st/5X11Vs1sRiqOkLLbCexdnw,pueblo-colorado
https://www.ubereats.com/colorado-springs/food-delivery/applebees-3428-n-elizabeth-%2384051/5cJSxgPwQGuD2vpeKaXTbQ,pueblo-colorado
https://www.ubereats.com/colorado-springs/food-delivery/mcdonalds-1921-s-pueblo-blvd/V2VWWrWuQdi9bm7edfWO4g,pueblo-colorado
https://www.ubereats.com/colorado-springs/food-delivery/applebees-4001-w-northern-ave-%2385003/cvMrJ8p_QRmuh4FDRRM-Fg,pueblo-colorado
https://www.ubereats.com/colorado-springs/food-delivery/jack-in-the-box-910-w-us-highway-50/fCkbGdRnTxW8aLH3Yed0dw,pueblo-colorado
https://www.ubereats.com/colorado-springs/food-delivery/carls-jr-915-w-us-highway-50/GiDTHWuoQriA1CkQyFWioQ,pueblo-colorado
https://www.ubereats.com/colorado-springs/food-delivery/dairy-queen-grill-%26-chill-1200-w-us-highway-50/IgQRLYMQSYyN5N-U6gR-3w,pueblo-colorado
https://www.ubereats.com/colorado-springs/food-delivery/casa-de-burritos/HuIJ1Ze_TTO1XsEjCjPCBA,pueblo-colorado
https://www.ubereats.com/colorado-springs/food-delivery/taco-bell-1717-south-pueblo-blvd/qfvhTuDESKib5VSkduC1Ug,pueblo-colorado
https://www.ubereats.com/colorado-springs/food-delivery/menchies-frozen-yogurt-3217-dillon-dr/dPmC-7aPRvSpkGIMMdr-pA,pueblo-colorado
https://www.ubereats.com/colorado-springs/food-delivery/subway-3216-w-northern-ave/WYLJTW_iRdujSrmje7g0XA,pueblo-colorado
https://www.ubereats.com/colorado-springs/food-delivery/popeyes-1301-w-us-hwy-%2350/Lz-VyNQpRfeKaXiChOp4mg,pueblo-colorado
https://www.ubereats.com/colorado-springs/food-delivery/mcdonalds-1650-santa-fe-dr/HVrlXY9gR26b1TvfcC8alg,pueblo-colorado
https://www.ubereats.com/colorado-springs/food-delivery/starbucks-4th-and-abriendo/mj9Pq_0WSWyIMMmMWBB3qw,pueblo-colorado
https://www.ubereats.com/colorado-springs/food-delivery/dairy-queen-grill-%26-chill-2105-oakshire-ln/5YgcqKuWTj6deHoDeOUi0g,pueblo-colorado
https://www.ubereats.com/colorado-springs/food-delivery/taco-bell-301-e-abriendo-ave/BKh18aUeTHWcAqHl3V4eGg,pueblo-colorado
https://www.ubereats.com/colorado-springs/food-delivery/ruby-tuesday-4150-n-freeway-rd/-a5Y-xNdShWWr0f3hnTQ_A,pueblo-colorado
https://www.ubereats.com/colorado-springs/food-delivery/cracker-barrel-old-country-store-4735-elizabeth-st-north/7DoiAkssRR-Uv-6ZV7SUiw,pueblo-colorado
https://www.ubereats.com/colorado-springs/food-delivery/ihop-2015-s-pueblo-blvd/lf0TSUlsQV6LIhkJ3pLnYA,pueblo-colorado
https://www.ubereats.com/colorado-springs/food-delivery/papa-murphys-840-south-prairie-avenue-suite-2/Wd9heND8Q0mw6f-SSkieQg,pueblo-colorado
https://www.ubereats.com/colorado-springs/food-delivery/subway-701-n-main-st/MxJy2ZKsSn2xnxf7KF_gOw,pueblo-colorado
https://www.ubereats.com/colorado-springs/food-delivery/wendys-1005-bonforte-blvd/sts_B8IZT-60Jpi0412Awg,pueblo-colorado
https://www.ubereats.com/colorado-springs/food-delivery/starbucks-hwy-50-%26-outlook/7t3f-WMGTsSuqP3uxErlGg,pueblo-colorado
https://www.ubereats.com/colorado-springs/food-delivery/honey-baked-ham-1000-west-6th-st-suite-p/QCcKs-gpSWiKJBuq-CeuJg,pueblo-colorado
https://www.ubereats.com/colorado-springs/food-delivery/papa-murphys-1617-w-us-highway-50/sxARda-TR2u44TiNq6uciA,pueblo-colorado
https://www.ubereats.com/colorado-springs/food-delivery/papa-johns-1021-market-plaza-safeway-center-ste106/MuAftQTTTs2l15MOOQZhIA,pueblo-colorado
https://www.ubereats.com/colorado-springs/food-delivery/mcdonalds-1007-bonforte-blvd/hAbCsL_ASWayJV8vuOVMQQ,pueblo-colorado
https://www.ubereats.com/colorado-springs/food-delivery/fazolis-1631-w-us-highway-50/zB8t8MTjQ5OIkv8GIqhrHQ,pueblo-colorado
https://www.ubereats.com/colorado-springs/food-delivery/starbucks-pueblo-%26-northern-pueblo/AKOVusDUSoKm1nmnOa9wiw,pueblo-colorado
https://www.ubereats.com/colorado-springs/food-delivery/wendys-988-kimble-dr/Up_jPEKxRIO-2o83OtCdJQ,pueblo-colorado
https://www.ubereats.com/colorado-springs/food-delivery/kuans-kitchen/FGo1c2myTkC4ttNvEfX9mw,pueblo-colorado
https://www.ubereats.com/colorado-springs/food-delivery/old-chicago-82-3204-n-elizabeth-st/x3l1Ouy1QgaDn4cSjoDsUQ,pueblo-colorado
https://www.ubereats.com/colorado-springs/food-delivery/pizza-ranch-1761-s-pueblo-blvd/K8jMduKZRxqwOjsgkeCawA,pueblo-colorado
https://www.ubereats.com/colorado-springs/food-delivery/fritangas-mexican-restaurant-pueblo/A6FdHjgtQWaM8-kC19-bWQ,pueblo-colorado
