url,city
https://www.ubereats.com/tampa/food-delivery/the-joint-st-pete/gMIDcQchSAmpq_bT6MPDog,redington-shores-florida
https://www.ubereats.com/tampa/food-delivery/buffalo-wild-wings-10500-ulmerton-rd/si0EZilVR6WFIBsh48tNUQ,redington-shores-florida
https://www.ubereats.com/tampa/food-delivery/vito-%26-michaels/nUwtm6zcSkmwcwkxiv5F1A,redington-shores-florida
https://www.ubereats.com/tampa/food-delivery/boston-market-4001-e-bay-drive/lL8VKLopRVWbrIUU7makOg,redington-shores-florida
https://www.ubereats.com/tampa/food-delivery/the-boardwalk-grill/J8Jy3dmZShKf9tJ1aPWMJw,redington-shores-florida
https://www.ubereats.com/tampa/food-delivery/ricks-reef-st-pete-beach/Sr0iOz85SnS_3UmkbCwivg,redington-shores-florida
https://www.ubereats.com/tampa/food-delivery/carrabbas-3530-tyrone-blvd/jZFWlElASn6qYqjGN5ebZA,redington-shores-florida
https://www.ubereats.com/tampa/food-delivery/arbys-12260-seminole-blvd/mTekMVb_Rompf13VKdFstA,redington-shores-florida
https://www.ubereats.com/tampa/food-delivery/captain-bills-gulfside-tavern/qaKp5ODZS5eI9YjL_CgSsg,redington-shores-florida
https://www.ubereats.com/tampa/food-delivery/hungry-howies-pizza-%26-subs-6570-central-ave/Ft4FfqnRQjm8FbT-uYVZEg,redington-shores-florida
https://www.ubereats.com/tampa/food-delivery/chipotle-mexican-grill-11241-park-blvd/8uVkizTSSc6FRdo2ZCFjgA,redington-shores-florida
https://www.ubereats.com/tampa/food-delivery/zaxbys-7520-belcher-rd/GKbGfd56S6GDznhosOCbbA,redington-shores-florida
https://www.ubereats.com/tampa/food-delivery/dunkin-4599-66th-st-n/TPFuxMnxQuiDvw94nK1nLA,redington-shores-florida
https://www.ubereats.com/tampa/food-delivery/red-lobster-6151-34th-street-n/gHMHtCKBS4GK6-LdLasIbA,redington-shores-florida
https://www.ubereats.com/tampa/food-delivery/kimmy-ds-49th-street-cafe-pinellas-park/wvMzUI6QSGOvyVCLE4hfnQ,redington-shores-florida
https://www.ubereats.com/tampa/food-delivery/jersey-mikes-roosevelt-blvd-%26-michigan-dr/SCbW-PfiRF-dbrhPzcP6Fg,redington-shores-florida
https://www.ubereats.com/tampa/food-delivery/salems-fresh-eats-st-pete/DuF7yzedS5CjJM7C7eNdEw,redington-shores-florida
https://www.ubereats.com/tampa/food-delivery/taco-bus-treasure-island/I4B5-V05QoW60S5nXGLj4w,redington-shores-florida
https://www.ubereats.com/tampa/food-delivery/han-way/PvUdnod2TISmrVO8cguWZg,redington-shores-florida
https://www.ubereats.com/tampa/food-delivery/mcdonalds-650-150th-avenue/kXjSsPUsR4mCKV3DQxU4GQ,redington-shores-florida
https://www.ubereats.com/tampa/food-delivery/firehouse-subs-pinellas-park/1d1WNsvzTQCbRO0wk5bIig,redington-shores-florida
https://www.ubereats.com/tampa/food-delivery/salty-sisters-gourmet-popcorn/frNmY3HJQhCmjKQHXR43Ew,redington-shores-florida
https://www.ubereats.com/tampa/food-delivery/golden-corral-10050-ulmerton-road/OqsyAc9LSXCtpXD30_G9VA,redington-shores-florida
https://www.ubereats.com/tampa/food-delivery/sadboy-lounge/UpWSxR1KTse13Ml9UGpZ-g,redington-shores-florida
https://www.ubereats.com/tampa/food-delivery/smashburger-10801-starkey-road/MHNox6XnShWLKr8YmKfORg,redington-shores-florida
https://www.ubereats.com/tampa/food-delivery/greek-islands-cafe/WGxrJGthSUmhHJn99ZSu-A,redington-shores-florida
https://www.ubereats.com/tampa/food-delivery/dunkin-8595-seminole-blvd/k5I0oICNSwKty7VrUHPhig,redington-shores-florida
https://www.ubereats.com/tampa/food-delivery/7042-bonefish-grill-2408-tyrone-blvd/X3tCz_uMRHyvw-OsMHXPBA,redington-shores-florida
https://www.ubereats.com/tampa/food-delivery/tropical-smoothie-cafe-66th-street-north/MiT-PrrxTT-zp2yeKZMfAA,redington-shores-florida
https://www.ubereats.com/tampa/food-delivery/acropol-family-restaurant-largo/2Owc48iNRTWq5Se9PuJeCg,redington-shores-florida
https://www.ubereats.com/tampa/food-delivery/sams-gyro-%26-seafood/D9v8LJCvRbOWuxYBcuzCDw,redington-shores-florida
https://www.ubereats.com/tampa/food-delivery/jets-pizza-madeira-redington/-FGfmFh6Ta2FNLTnU2krgw,redington-shores-florida
https://www.ubereats.com/tampa/food-delivery/winghouse-of-pinellas-park/K2jVDGkFSoKasJoGfkCmYw,redington-shores-florida
https://www.ubereats.com/tampa/food-delivery/caddys-on-the-beach/0WkZ81h1QTamC9klD4zMDg,redington-shores-florida
https://www.ubereats.com/tampa/food-delivery/chipotle-mexican-grill-10160-ulmerton-rd/inwTe1JQToi5ony8Tmg6jQ,redington-shores-florida
https://www.ubereats.com/tampa/food-delivery/amish-creamery/lYN5WYFnR6-ygkbHmjGZTA,redington-shores-florida
https://www.ubereats.com/tampa/food-delivery/twistee-treat/FqaIY0siQlaFZUw_H1ibSg,redington-shores-florida
https://www.ubereats.com/tampa/food-delivery/vibes/wPO0p25GSf2S9T1PyjkIrA,redington-shores-florida
https://www.ubereats.com/tampa/food-delivery/winghouse-of-largo/JvPtzXh2RLSNFMXLKOXkNg,redington-shores-florida
https://www.ubereats.com/tampa/food-delivery/dunkin-9991-bay-pines-blvd/BQOVbPxYQCi_zVe8RN0jKg,redington-shores-florida
https://www.ubereats.com/tampa/food-delivery/slow-roasted/ITuCeaY5TkStrnLXOaE-bg,redington-shores-florida
https://www.ubereats.com/tampa/food-delivery/jessis-restaurant/LZCa67MgR9CeDnjtRiiVmA,redington-shores-florida
https://www.ubereats.com/tampa/food-delivery/coffee-mill/l5Ey9ianTJSGK2lErHnfgA,redington-shores-florida
https://www.ubereats.com/tampa/food-delivery/applebees-7995-113th-st/p5OLBcf2QRyQvNTIMbU5lw,redington-shores-florida
https://www.ubereats.com/tampa/food-delivery/tap-burgers/v49eh5KVT5yY3ucMo8c5Jw,redington-shores-florida
https://www.ubereats.com/tampa/food-delivery/china-city/TkB__SxjR1asidi55tsJwA,redington-shores-florida
https://www.ubereats.com/tampa/food-delivery/j%26k-seafood-shack/VC3Q3cUhQnajBitpEGBG1Q,redington-shores-florida
https://www.ubereats.com/tampa/food-delivery/burger-king-7371-seminole-blvd/fAs87KnKRhOMrrGuGHNbdw,redington-shores-florida
https://www.ubereats.com/tampa/food-delivery/hooters-boardwalk-pl-e-%26-village-blvd/lHVq046eQMKKIw-NqipxcQ,redington-shores-florida
https://www.ubereats.com/tampa/food-delivery/pdq-pinellas-park/0cr_vDL1R9WaNHHxN1YEHQ,redington-shores-florida
https://www.ubereats.com/tampa/food-delivery/tgi-fridays-588-st-petersburg-fl/bSMwAAH7RX282xWvfRj6VQ,redington-shores-florida
https://www.ubereats.com/tampa/food-delivery/tijuana-flats-seminole/raWn4r5ZRhWTR0WkWmdsqQ,redington-shores-florida
https://www.ubereats.com/tampa/food-delivery/sloppy-joes-on-the-beach/HBcV5cOVRX2tbjb07KZuZA,redington-shores-florida
https://www.ubereats.com/tampa/food-delivery/kfc-13677-walsingham-road/MfZ_KbNYQcWISp3RG5Ws1Q,redington-shores-florida
https://www.ubereats.com/tampa/food-delivery/mr-waffles/Va2A8su6QeqV0Trf41RnMQ,redington-shores-florida
https://www.ubereats.com/tampa/food-delivery/dunkin-8150-bryan-dairy-rd/0tU7GwAtTkylPoG1DOgM2w,redington-shores-florida
https://www.ubereats.com/tampa/food-delivery/el-guerrero-mexican-grill/7pkbG-iBRSaAit-meZxIfQ,redington-shores-florida
https://www.ubereats.com/tampa/food-delivery/wings-n-things/mMyuHm9CSTWT8gY5vW2AVA,redington-shores-florida
https://www.ubereats.com/tampa/food-delivery/toasted-monkey-st-pete-beach/Nxnx2Vh3Sm2ldLZoB6schw,redington-shores-florida
https://www.ubereats.com/tampa/food-delivery/the-red-lion-pub/sNfjPmADR52EJdZEnmukTw,redington-shores-florida
https://www.ubereats.com/tampa/food-delivery/poke-island/9UxORMaCQpaJhxRNtFrwjw,redington-shores-florida
https://www.ubereats.com/tampa/food-delivery/a-taste-of-my-islands/QtGsS4wLSmCA1OoauGTBqw,redington-shores-florida
https://www.ubereats.com/tampa/food-delivery/mugs-sports-bar-%26-grill-largo/OWJ0I8-hS8u-1EWpkpcf9w,redington-shores-florida
https://www.ubereats.com/tampa/food-delivery/kays-kitchen-family-restaurant-st-petersburg/iahK4mMsTWiXYO30ZOiCjw,redington-shores-florida
https://www.ubereats.com/tampa/food-delivery/trips-diner-seminole/AWL3OQ9LSACW-qHpp0l-bw,redington-shores-florida
https://www.ubereats.com/tampa/food-delivery/aroy-thai-and-sushi-seminole/Im-SiE_CSBazlsEN_uZzOA,redington-shores-florida
https://www.ubereats.com/tampa/food-delivery/buffalo-wild-wings-2938-tyrone-blvd-n/cRjTToqfSHWp3YrqWthjiQ,redington-shores-florida
https://www.ubereats.com/tampa/food-delivery/memphis-style-bbq-co/XpQLQ1fgSceQvVZN6mvWQg,redington-shores-florida
https://www.ubereats.com/tampa/food-delivery/harold-seltzers-steakhouse/wJWLWNm4TymxpfrPSZRB5Q,redington-shores-florida
https://www.ubereats.com/tampa/food-delivery/subway-10330-seminole-blvd/ULET3oxEQRmF99yyM5Gk_w,redington-shores-florida
https://www.ubereats.com/tampa/food-delivery/wawa-5129-9501-bay-pines-blvd/PccSgiQJQ3y0sseev8VBpg,redington-shores-florida
https://www.ubereats.com/tampa/food-delivery/cesarinas-italian-deli/e44NQi87RAatajy10rqtcg,redington-shores-florida
https://www.ubereats.com/tampa/food-delivery/proino-breakfast-club-largo-2/8Trea8f9QTOBbNSdL9Xcyw,redington-shores-florida
https://www.ubereats.com/tampa/food-delivery/miamis-best-cuban/5jN2ito4RkK6skzoF37HjQ,redington-shores-florida
https://www.ubereats.com/tampa/food-delivery/dunkin-13050-walsingham-rd/hQidfZ-3QXel88txx_oA-g,redington-shores-florida
https://www.ubereats.com/tampa/food-delivery/freshii-seminole-city-centre/dvIKVhH9Twe6ahHyX6fR-Q,redington-shores-florida
https://www.ubereats.com/tampa/food-delivery/the-brass-tap-st-petersburg/Zwfhwx66RSuvCMBO2szotQ,redington-shores-florida
https://www.ubereats.com/tampa/food-delivery/five-guys-fl-0197-7056-us-highway-19-n/EGGpvfHLQFmWI8e8wY6j4w,redington-shores-florida
https://www.ubereats.com/tampa/food-delivery/menchies-frozen-yogurt-11201-park-blvd-n/47-hV5EXRO2451-7GOKbvA,redington-shores-florida
https://www.ubereats.com/tampa/food-delivery/wepaa-restaurant/iD9dxWDqS5WkM0PM1zjGjg,redington-shores-florida
https://www.ubereats.com/tampa/food-delivery/bob-evans-158-2410-66th-street-n/ROeRBURESs-61OUXsJghtQ,redington-shores-florida
https://www.ubereats.com/tampa/food-delivery/good-vibes-juice-co-largo/4TEGBTzYRPKxZp_tkU0K_w,redington-shores-florida
https://www.ubereats.com/tampa/food-delivery/dead-bobs/2-ldZfQeQWuPrJJb5GVN6g,redington-shores-florida
https://www.ubereats.com/tampa/food-delivery/smoothie-king-stpetersburg/rUgIrEz9QeeuMvJPuxoMZg,redington-shores-florida
https://www.ubereats.com/tampa/food-delivery/applebees-10911-starkey-road/x-rTJMQUQz6sHQgozj5u6A,redington-shores-florida
https://www.ubereats.com/tampa/food-delivery/dairy-queen-grill-%26-chill-3101-n-66th-st/8cUZzB4NSxeTOkZWyjrLng,redington-shores-florida
https://www.ubereats.com/tampa/food-delivery/panda-express-7000-us-highway-19-n/pRwYg6C1TU-0NbW784EzhQ,redington-shores-florida
https://www.ubereats.com/tampa/food-delivery/tailgators-sports-bar-%26-pizza-publargo/KazNiuP0TT2ORe9hr_9x0A,redington-shores-florida
https://www.ubereats.com/tampa/food-delivery/baked-batata-and-more/N_w8l2s1SyqPl1j2NPFkCQ,redington-shores-florida
https://www.ubereats.com/tampa/food-delivery/panda-express-2200-east-bay-drive/tYl5HpqmT1OLMtX9hK-nww,redington-shores-florida
https://www.ubereats.com/tampa/food-delivery/taco-bell-10749-park-blvd/DtOJm36sS6G3ZDPasJYJ5A,redington-shores-florida
https://www.ubereats.com/tampa/food-delivery/habana-cafe-st-petersburg/0WtMUHUYSgGrPJh0H_AmDw,redington-shores-florida
https://www.ubereats.com/tampa/food-delivery/ikigai-poke-and-sushi/934UUpLYRXKbf8EoLq4Rzw,redington-shores-florida
https://www.ubereats.com/tampa/food-delivery/subway-11180-66th-st/HOK8AvHjToOCQxMXuRDVuA,redington-shores-florida
https://www.ubereats.com/tampa/food-delivery/charleys-philly-steak-tyrone-square-mall/XWsHQz3PSXG96eC6ySj0Kg,redington-shores-florida
https://www.ubereats.com/tampa/food-delivery/kobe-japanese-steakhouse-%26-sushi-bar-st-pete/6k3VPoxDT-mxU1Df7a3GbQ,redington-shores-florida
https://www.ubereats.com/tampa/food-delivery/venus-restaurant/apeIDVUYS3uF3zBhcYIxjA,redington-shores-florida
https://www.ubereats.com/tampa/food-delivery/shomi-sushi-%26-seafood/ekhjRMcFQ4iXnO9UZNijLA,redington-shores-florida
https://www.ubereats.com/tampa/food-delivery/stonefire-tavern/uXPYO4V5RNqgukpNcRSPPw,redington-shores-florida
https://www.ubereats.com/tampa/food-delivery/subway-10237-bay-pines-blvd/RKkoZ3h3Ta-QQs6PFLP07g,redington-shores-florida
https://www.ubereats.com/tampa/food-delivery/chicago-deli-%26-coney-dogs/62V_BJGYRBOgQExZl_eCDA,redington-shores-florida
https://www.ubereats.com/tampa/food-delivery/hungry-howies-pizza-st-petersburg-4690-49th-st-n/rGdW0Vp0QU2igKuze6wG7g,redington-shores-florida
https://www.ubereats.com/tampa/food-delivery/vcibo/aZhB-6cPRxCil9AKGNqhYQ,redington-shores-florida
https://www.ubereats.com/tampa/food-delivery/globe-restaurant/jCYbesHWQhemM8ueStFdoQ,redington-shores-florida
https://www.ubereats.com/tampa/food-delivery/taste-of-punjab-largo/9lEb2OEZTgeBjW1mm3_iUA,redington-shores-florida
https://www.ubereats.com/tampa/food-delivery/alina-cafe-llc/aVmdcEStQBGCqqljPigmYw,redington-shores-florida
https://www.ubereats.com/tampa/food-delivery/tijuana-flats-largo/t45vjHUMTYyurHRN-dpx7Q,redington-shores-florida
https://www.ubereats.com/tampa/food-delivery/salty-rim-grill/L4fBSDlBSva3hIKru1iXZA,redington-shores-florida
https://www.ubereats.com/tampa/food-delivery/burger-king-980-missouri-avenue/lBbJOCWySHq489pyMTuB9w,redington-shores-florida
https://www.ubereats.com/tampa/food-delivery/hungry-howies-pizza-st-petersburg-34th-st/c_QOVV64SJa3aNU4dtuBHQ,redington-shores-florida
https://www.ubereats.com/tampa/food-delivery/zaxbys-ulmerton/_aJVzqvqSqC0PLatt7ANUA,redington-shores-florida
https://www.ubereats.com/tampa/food-delivery/irish-31-seminole/ZdILuJv1QV6kpAiFCfAD-Q,redington-shores-florida
https://www.ubereats.com/tampa/food-delivery/bay-1-ice-cream-parlor-%26-sandwich-shop/Agirz1B5RcOb_dq93X_fng,redington-shores-florida
https://www.ubereats.com/tampa/food-delivery/churchs-chicken-3510-central-ave/8PRPGDPEQGCPZP14a44r8A,redington-shores-florida
https://www.ubereats.com/tampa/food-delivery/willys-burgers-%26-booze/361ydMc5Qce-NaCpAaoPYA,redington-shores-florida
https://www.ubereats.com/tampa/food-delivery/juice-habit/IaOZ19l2RYWirVIPpRzTEQ,redington-shores-florida
https://www.ubereats.com/tampa/food-delivery/bula-on-the-beach-madeira-beach/R7c9IMM9QImK_bCMewIYqg,redington-shores-florida
https://www.ubereats.com/tampa/food-delivery/china-king/9kmAmHpsQ-uJEmbbap04pg,redington-shores-florida
https://www.ubereats.com/tampa/food-delivery/boston-market-7820-113th-street/HaeSfyTwQ1KWhbBqsEthfw,redington-shores-florida
https://www.ubereats.com/tampa/food-delivery/the-amish-country-store/kJowHt0tQfugr8lWmXu5rg,redington-shores-florida
https://www.ubereats.com/tampa/food-delivery/bollywood-aroma-vegan-indian/crZHXLVHQLKgK8P18ID39w,redington-shores-florida
https://www.ubereats.com/tampa/food-delivery/nori-thai/Il8C1qEsT_CHLssVgZdAuw,redington-shores-florida
https://www.ubereats.com/tampa/food-delivery/corner-bar-and-grill/jO3L31zLTGGjkZ8prxk9Og,redington-shores-florida
https://www.ubereats.com/tampa/food-delivery/brunos-bakery-cafe/8xe1AAqSS9W612AKDb95_Q,redington-shores-florida
https://www.ubereats.com/tampa/food-delivery/italian-touch-tyrone/1zR-j5bZROaZMPHrvuTFRw,redington-shores-florida
https://www.ubereats.com/tampa/food-delivery/screwie-louies/uentXYhYSaqXCVW4szhYyw,redington-shores-florida
https://www.ubereats.com/tampa/food-delivery/largo-family-diner/_NXWJK9TRxSQl4a4hoQ5xQ,redington-shores-florida
https://www.ubereats.com/tampa/food-delivery/europa-cafelargo/FFdc8AwFRM6gVEK71K3Pww,redington-shores-florida
https://www.ubereats.com/tampa/food-delivery/ihop-4671-park-boulevard/MEM5_rK2Rc6zcYkqevMuqQ,redington-shores-florida
https://www.ubereats.com/tampa/food-delivery/proino-breakfast-clearwater/EXk6tAJoSQWAmnmgScTJCQ,redington-shores-florida
https://www.ubereats.com/tampa/food-delivery/mad-beach-craft-brewing-company/4kPK4bcqTKa8PA-XHZ-o1w,redington-shores-florida
https://www.ubereats.com/tampa/food-delivery/mamas-kitchen-seminole/PuI92i_ASnGTcqvZm9940g,redington-shores-florida
https://www.ubereats.com/tampa/food-delivery/feolas-italian-ristorante/9Jo74Yd1QZqr63ldqfEAPw,redington-shores-florida
https://www.ubereats.com/tampa/food-delivery/mcdonalds-66th-street/NWKQOxxAQryNWq1yV-cKig,redington-shores-florida
https://www.ubereats.com/tampa/food-delivery/la-gloria-colombian-restaurant/1rLIjSBoQuWea2YfcPc_9g,redington-shores-florida
https://www.ubereats.com/tampa/food-delivery/subway-11111-park-blvd/t9N6f2OuQ5GvR17acPUEEg,redington-shores-florida
https://www.ubereats.com/tampa/food-delivery/quaker-steak-%26-lube-10400-49th-st/xEe77qP1S3OL-QDdEGvoUQ,redington-shores-florida
https://www.ubereats.com/tampa/food-delivery/outback-steakhouse-7885-113th-street/bIjW3Ky4R2u_s3zPtxHNgQ,redington-shores-florida
https://www.ubereats.com/tampa/food-delivery/sonnys-bbq-largo/WaDVlCEuSbim5aioImmZGQ,redington-shores-florida
https://www.ubereats.com/tampa/food-delivery/hong-kong/HTamjsnBSqmcdKwyLB-ysg,redington-shores-florida
https://www.ubereats.com/tampa/food-delivery/pdq-seminole/-duVS0nyTuuQ5iccD90B8w,redington-shores-florida
https://www.ubereats.com/tampa/food-delivery/taco-bell-8671-ulmerton-rd/sez16h_3TRyWwmjPHGNNrQ,redington-shores-florida
https://www.ubereats.com/tampa/food-delivery/suncoast-cafe-largo/B--e9p80TyqBzf8dunJ8Ag,redington-shores-florida
https://www.ubereats.com/tampa/food-delivery/china-buffet-largo/favJP8zbQGyxMqM4mGb39A,redington-shores-florida
https://www.ubereats.com/tampa/food-delivery/dunkin-8490-park-blvd/3m_69E0hTmuFuJo7sOmepQ,redington-shores-florida
https://www.ubereats.com/tampa/food-delivery/backwaters-clearwater-beach/q8GAbFJ9TJWe-UlXiZP3MA,redington-shores-florida
https://www.ubereats.com/tampa/food-delivery/newhongkong-chinese-restaurant/rMhr6S1FSFeFqukYnrDmkg,redington-shores-florida
https://www.ubereats.com/tampa/food-delivery/the-ice-cream-shop/q4M9hKQaSeWC800J_yMQ5w,redington-shores-florida
https://www.ubereats.com/tampa/food-delivery/hungry-crab/hmbPnm2RSyu-PfRy4hCxzA,redington-shores-florida
https://www.ubereats.com/tampa/food-delivery/mcdonalds-largo-belcher-rd/TH-tyW8yQjyOcfHMx0Tfgg,redington-shores-florida
https://www.ubereats.com/tampa/food-delivery/azalea-sandwich-and-salads/hDxPgh-lTU-LDS8thAxbKA,redington-shores-florida
https://www.ubereats.com/tampa/food-delivery/carmelitas-mexican-restaurant-pinellas-park/vGx0ofccRna3vXTx5_BPrg,redington-shores-florida
https://www.ubereats.com/tampa/food-delivery/panda-express-11167-park-blvdste-a/LLfu9qdkQH-raCrqPr-3Gg,redington-shores-florida
https://www.ubereats.com/tampa/food-delivery/pizza-hut-13789-walsingham-rd/B0zR3n2aQEGEUKj5pZ_coQ,redington-shores-florida
https://www.ubereats.com/tampa/food-delivery/rib-shack-bbq/1Hcrc5MfRQeWQGMkXvxOeA,redington-shores-florida
https://www.ubereats.com/tampa/food-delivery/senor-taco/8XGPS-rgQkm5rh88LB9oDQ,redington-shores-florida
https://www.ubereats.com/tampa/food-delivery/deli-house/cIMC5zEpSYmY5EhHH644yw,redington-shores-florida
https://www.ubereats.com/tampa/food-delivery/aroy-keri-noodle/94vM4EDpRDyI8Gxi4kal9A,redington-shores-florida
https://www.ubereats.com/tampa/food-delivery/central-pizza/xNnTO-5dSsmHPa3Vc57S9A,redington-shores-florida
https://www.ubereats.com/tampa/food-delivery/lotus-vegetarian-restaurant-pinellas-park/h4izgJ7OTvei46tngubVoA,redington-shores-florida
https://www.ubereats.com/tampa/food-delivery/crafty-crab-st-pete/_coZzdnSRpC_TdpbOFcIeg,redington-shores-florida
https://www.ubereats.com/tampa/food-delivery/subway-7725-ulmerton-rd/nDdZgNkYRKmC3IscnHnY3Q,redington-shores-florida
https://www.ubereats.com/tampa/food-delivery/kao-thai-kitchen/PPkr6MDuRMOMfmom9Zd34g,redington-shores-florida
https://www.ubereats.com/tampa/food-delivery/atomic-ice-cream-factory-redington-shores/isTyzpK1SSuZUTxX_hMSgg,redington-shores-florida
https://www.ubereats.com/tampa/food-delivery/tikanis-madeira-redington/1Wd51S1wTnu7IR8bHAxKYg,redington-shores-florida
https://www.ubereats.com/tampa/food-delivery/village-inn-13105-walsingham-rd/T-iEK_wEQGaYJVkT5x7HeA,redington-shores-florida
https://www.ubereats.com/tampa/food-delivery/hungry-howies-pizza-largo-14219-w-walsingham/vRNEvJrdTi66TwDphyD4xA,redington-shores-florida
https://www.ubereats.com/tampa/food-delivery/brooklyn-pizza-company/kpEyMVp8T-WCZ428oujFow,redington-shores-florida
https://www.ubereats.com/tampa/food-delivery/mcdonalds-102nd-avenue/mLUexOFNR9Oriyad5JAosw,redington-shores-florida
https://www.ubereats.com/tampa/food-delivery/willie-jewells-old-school-bar-b-q-seminole/yUWZAWHlTWizTiBT6LQ7qQ,redington-shores-florida
https://www.ubereats.com/tampa/food-delivery/larrys-ice-cream-gelato-%26-mini-donuts/fcOJTRIGQ1mozQbbanvBqg,redington-shores-florida
https://www.ubereats.com/tampa/food-delivery/smiley-thai-to-go/rB1qBR-7TXu6-cHb4LhP_A,redington-shores-florida
https://www.ubereats.com/tampa/food-delivery/firehouse-subs-largo/Ik8OHa2XTk6wQdZc61zHMA,redington-shores-florida
https://www.ubereats.com/tampa/food-delivery/moes-southwest-grill-11140-starkey-road/bGB9oAEqRZSs1Oki6tFgSQ,redington-shores-florida
https://www.ubereats.com/tampa/food-delivery/kogi-grill/v49kWDZKSUu43G1avY29FA,redington-shores-florida
https://www.ubereats.com/tampa/food-delivery/grand-hacienda-st-pete-beach/b4U8pcaOTUaCAvJv-VkUpg,redington-shores-florida
https://www.ubereats.com/tampa/food-delivery/kfc-6595-park-boulevard/MEGSfXb-QKewiarPZ2cabw,redington-shores-florida
https://www.ubereats.com/tampa/food-delivery/buffalo-wild-wings-4075-park-blvd-n/gJ9d-rqySbyqoiSodG6nHA,redington-shores-florida
https://www.ubereats.com/tampa/food-delivery/caddys-on-the-beach-st-pete-beach/wWJF_egITtGZKzSfUcH2Rw,redington-shores-florida
https://www.ubereats.com/tampa/food-delivery/bubba-gump-shrimp-co-185-boardwalk-place-west/L2HVk_-hRpe4Etxdvs0WDg,redington-shores-florida
https://www.ubereats.com/tampa/food-delivery/sunrise-restaurant/TZiSxZwER2O7ISHI7WuiUA,redington-shores-florida
https://www.ubereats.com/tampa/food-delivery/havana-harrys-largo/wULYYcFDQrOSzbOrXTWoFg,redington-shores-florida
https://www.ubereats.com/tampa/food-delivery/7007-bonefish-grill-2939-west-bay-drive/tMrPPRanQ9CEIr4k3JAG0g,redington-shores-florida
https://www.ubereats.com/tampa/food-delivery/mamas-famous-pizza-largo/vCNQvNtiRVGdfzJZq8X4tg,redington-shores-florida
https://www.ubereats.com/tampa/food-delivery/kakachi-juicy-shrimp-n-wings/7o00A_hCQo-RqGUVNNr-gg,redington-shores-florida
https://www.ubereats.com/tampa/food-delivery/alma-llanera-venezuelan-food-pinellas-park/b_1Lk5Q9TCqoSogaKuvWJA,redington-shores-florida
https://www.ubereats.com/tampa/food-delivery/sonic-7725-49th-street-north/MUgnBATJRjGgVaj1aeNGGg,redington-shores-florida
https://www.ubereats.com/tampa/food-delivery/seminole-subs-%26-gyros-largo/_HNp0vOnRkCltqudd1R1BA,redington-shores-florida
https://www.ubereats.com/tampa/food-delivery/aroma-indian-cuisine/WyRDwNQGQNil8slbsFGMqg,redington-shores-florida
https://www.ubereats.com/tampa/food-delivery/taco-bell-2028-66th-st/TfYtA6xhQqmnLUbn1O5M_A,redington-shores-florida
https://www.ubereats.com/tampa/food-delivery/coffee-and-ice-creamery/-BgJgDibSdefc5TOO6DFvw,redington-shores-florida
https://www.ubereats.com/tampa/food-delivery/greek-village-restaurant-%26-deli/1WZB8oliSiSyaohDjRtjKg,redington-shores-florida
https://www.ubereats.com/tampa/food-delivery/latin-bowl-restaurant/ybI4aAxGT4ShsFmgwZbLJw,redington-shores-florida
https://www.ubereats.com/tampa/food-delivery/village-inn-10155-bay-pines-blvd/EyM5jl56T5yYwEi14_Eqwg,redington-shores-florida
https://www.ubereats.com/tampa/food-delivery/belleair-market/xcZMjsSGQP24s3bbiQQoKA,redington-shores-florida
https://www.ubereats.com/tampa/food-delivery/the-wooden-rooster-seminole/YIrVoxW7S0q-aFcWOSjHCw,redington-shores-florida
https://www.ubereats.com/tampa/food-delivery/ice-%26-cream-johns-pass/D_4ft6fLRaq2Fqg_YjoxNg,redington-shores-florida
https://www.ubereats.com/tampa/food-delivery/bookmark-cafe/Vp98D-46Ro2qH7YtFav0_w,redington-shores-florida
https://www.ubereats.com/tampa/food-delivery/bangkok-street-food/xuqoUCyqS22smXS0ihVL0w,redington-shores-florida
https://www.ubereats.com/tampa/food-delivery/cedars-grill-st-petersburg/hS-G_WOTQBKCGyEkhxLCXw,redington-shores-florida
https://www.ubereats.com/tampa/food-delivery/hungry-howies-pizza-largo-%23117/mbN7wBHvRMSbIWW0iKvjDw,redington-shores-florida
https://www.ubereats.com/tampa/food-delivery/busy-bee-snak-shop/2WD4vhvkRCaqGiDJcQCUrw,redington-shores-florida
https://www.ubereats.com/tampa/food-delivery/your-mothers-backyard-sandwiches/souTcRY9Rzmy5W6dzCSuxg,redington-shores-florida
https://www.ubereats.com/tampa/food-delivery/starbucks-park-%26-belcher/BF1h4DjgQ4G_LykTQPOsnA,redington-shores-florida
https://www.ubereats.com/tampa/food-delivery/benedicts-family-restaurant-largo/JANtuAz-TSOq88D-kiwqSQ,redington-shores-florida
https://www.ubereats.com/tampa/food-delivery/dooriban-korean-restaurant/0ErjvOgtQsGt2dYUR5j7gw,redington-shores-florida
https://www.ubereats.com/tampa/food-delivery/beach-bites-%26-burgers/1XoEJ8IYSryeU6okEPkIJw,redington-shores-florida
https://www.ubereats.com/tampa/food-delivery/benedicts-pinellas-park/XGLey_TUQFKc5DVyYkkcBg,redington-shores-florida
https://www.ubereats.com/tampa/food-delivery/da-sesto-italian-restaurant/7slkTUhkTQOGe4e16t3Ttg,redington-shores-florida
https://www.ubereats.com/tampa/food-delivery/beach-snoballs/I0rq42wyQ5WB7STj9ZlDgg,redington-shores-florida
https://www.ubereats.com/tampa/food-delivery/bula-kafe/YyW4qFX8SCmeLkPksoBXPA,redington-shores-florida
https://www.ubereats.com/tampa/food-delivery/applebees-2901-66th-street-north/ROCdFp2CQzmzD_PzTw0m4A,redington-shores-florida
https://www.ubereats.com/tampa/food-delivery/granadinos-italian-restaurant/gdxubIudRP6BusewPMJ8ZA,redington-shores-florida
https://www.ubereats.com/tampa/food-delivery/hungry-howies-pizza-seminole-6989-seminole-blvd/ouSGy516SRuoze-jB_JK_Q,redington-shores-florida
https://www.ubereats.com/tampa/food-delivery/sea-dog-brewpub-ti-lcc/Gbn3zZkCQmCtmb3nhRLbTw,redington-shores-florida
https://www.ubereats.com/tampa/food-delivery/thai-coconut-clearwater-2/xtRr6gRpT2qhnVaZI-uvYg,redington-shores-florida
https://www.ubereats.com/tampa/food-delivery/westshore-pizza-largo/s9XCycyFQse6swbIQ6hFCA,redington-shores-florida
https://www.ubereats.com/tampa/food-delivery/taco-bell-13709-walsingham-rd/aKE6O9llRzuEHDIqp7XUcw,redington-shores-florida
https://www.ubereats.com/tampa/food-delivery/subway-7099-66th-st-n/o1Y7jo6hQBaq5oSFKIexlw,redington-shores-florida
https://www.ubereats.com/tampa/food-delivery/edo-japanese-steakhouse-tyrone/qXWAOg24TaihWWFnvwHDXg,redington-shores-florida
https://www.ubereats.com/tampa/food-delivery/chipotle-mexican-grill-1418-66th-st-n/6pqn17p5QG-4cvy3s4evRg,redington-shores-florida
https://www.ubereats.com/tampa/food-delivery/aroy-raw-bar/InR8LYWuRRenN84eTYuySw,redington-shores-florida
https://www.ubereats.com/tampa/food-delivery/pieology-pizzeria-11165-park-blvd/e6CqLKjfTpKObbNhcC9v7g,redington-shores-florida
https://www.ubereats.com/tampa/food-delivery/steak-n-shake-10555-ulmerton-road/AMnxkWkyTsG7w2_5wRM7HA,redington-shores-florida
https://www.ubereats.com/tampa/food-delivery/mcdonalds-starkey/l-UgCRHSSWWmczmQxjm2Ig,redington-shores-florida
https://www.ubereats.com/tampa/food-delivery/dixies-dog-house-treasure-island/_HbQ-WJaTzS2WSHzGcOk8Q,redington-shores-florida
https://www.ubereats.com/tampa/food-delivery/st-pete-burger-co/4O2pZAriS16LK4MUdcC0OQ,redington-shores-florida
https://www.ubereats.com/tampa/food-delivery/long-john-silvers-largo-2/vGL0OT0kRmCF_yzGNSRLog,redington-shores-florida
https://www.ubereats.com/tampa/food-delivery/the-ice-cream-shop/q-lcrFxhRoOgMtY7Juw1VA,redington-shores-florida
https://www.ubereats.com/tampa/food-delivery/pizza-%40tyrone-square/xYSdKZW-SEK4U5mNQoLEMQ,redington-shores-florida
https://www.ubereats.com/tampa/food-delivery/burgerfi-seminole/q9xu5IR8QYut4-PxxkQBOQ,redington-shores-florida
https://www.ubereats.com/tampa/food-delivery/tampa-style-cubans/WdRFQuGdROuye7qaiTvCCg,redington-shores-florida
https://www.ubereats.com/tampa/food-delivery/first-watch-tyrone-xing/ps-AqqbASBWhi4D1NRZCeA,redington-shores-florida
https://www.ubereats.com/tampa/food-delivery/joes-new-york-style-pizzeria-and-restaurant/yjPvALS8R1ys9CFyuG7TkA,redington-shores-florida
https://www.ubereats.com/tampa/food-delivery/greek-city-cafe-largo/DX-g37XUQRyVWbdoR-cWIA,redington-shores-florida
https://www.ubereats.com/tampa/food-delivery/deanos-beach-kitchen/xI1xs_lmRLKdreA7k18AJw,redington-shores-florida
https://www.ubereats.com/tampa/food-delivery/the-silver-spoon-diner/k18vPljCRoiCwT_8SUggQA,redington-shores-florida
https://www.ubereats.com/tampa/food-delivery/the-spot-sushi-burritos/weuwmP_5TBSzAlkX0_2r8w,redington-shores-florida
https://www.ubereats.com/tampa/food-delivery/red-lobster-10500-e-ulmerton-road-%23490/vCJE2mYhTYuxNxky7r5Q9Q,redington-shores-florida
https://www.ubereats.com/tampa/food-delivery/st-pete-bagel-co-kenneth-city/gNcxfTeLSX6ItV2AaJgd5w,redington-shores-florida
https://www.ubereats.com/tampa/food-delivery/oh-greek/u7Vmwv4LQe2PzVeuD0BEmA,redington-shores-florida
https://www.ubereats.com/tampa/food-delivery/millers-ale-house-seminole/bo1VNFi7T0yat54ybfnHeQ,redington-shores-florida
https://www.ubereats.com/tampa/food-delivery/le-macaron-french-pastries-st-petersburg/eADnnrcWR1ut-HTqtllI6g,redington-shores-florida
https://www.ubereats.com/tampa/food-delivery/okeefes-tavern-clearwater/AyUZ_SFfSVG9p2y_y5_HbQ,redington-shores-florida
https://www.ubereats.com/tampa/food-delivery/convenient-food-mart/xsiYBSKQTMKgEEVwM2LF2g,redington-shores-florida
https://www.ubereats.com/tampa/food-delivery/kao-thai-street-food/pQXMyL1WTj-U4qERCn0uBA,redington-shores-florida
https://www.ubereats.com/tampa/food-delivery/thai-bay-and-sushi-restaurant-largo/4hwQn9rFRwOUnW1F6Fu01Q,redington-shores-florida
https://www.ubereats.com/tampa/food-delivery/mr-sushi/n9nCfIpgQfO2RXUDZBIuzg,redington-shores-florida
https://www.ubereats.com/tampa/food-delivery/aroy-pad-thai/WrG1q-LsRfCsT3wtrx1RLQ,redington-shores-florida
https://www.ubereats.com/tampa/food-delivery/jersey-mikes-subs-seminole-11167-park-blvd-n/_DNbaSaKTWyAeugNmBWb1w,redington-shores-florida
https://www.ubereats.com/tampa/food-delivery/te-nona-delicatus/me4YmsSQRoKgA0bCekjIFw,redington-shores-florida
https://www.ubereats.com/tampa/food-delivery/thai-rama9/QPMfHZ9KSNWZC4tPzLoHbw,redington-shores-florida
https://www.ubereats.com/tampa/food-delivery/mcdonalds-largo-mall/GPIgiwzaRBqqwn4ZK-YBsA,redington-shores-florida
https://www.ubereats.com/tampa/food-delivery/auntie-annes-at-tyrone-square-16946-tyrone-square/0-J-IuIYRcOjF9hlZ9wh2A,redington-shores-florida
https://www.ubereats.com/tampa/food-delivery/applebees-4000-park-blvd/BQMMj1T3RJectg8vs0FQQA,redington-shores-florida
https://www.ubereats.com/tampa/food-delivery/pipos-cuban-cafe-bay-pines/XwlFNRWGRDqk3sa6yLqZCA,redington-shores-florida
https://www.ubereats.com/tampa/food-delivery/custom-cafe-and-catering/3YynJ4CwQ9qTLIdEFuJK8g,redington-shores-florida
https://www.ubereats.com/tampa/food-delivery/seabreeze-family-restaurant/B3WKQ62QQ3aDkuPEoHYGRw,redington-shores-florida
https://www.ubereats.com/tampa/food-delivery/mugs-n-jugs-largo/Qe9GcDA6QbCTSqt3Np7CGQ,redington-shores-florida
https://www.ubereats.com/tampa/food-delivery/pho-quyen-vietnamese-restaurant-pinellas-park-fl/tIa9m2aqRlqXDtyRsYGAUA,redington-shores-florida
https://www.ubereats.com/tampa/food-delivery/hao-wah-chinese-restaurant-pinellas-park/Irn3ya5jRMqG5tUumCpWbA,redington-shores-florida
https://www.ubereats.com/tampa/food-delivery/taco-bell-4703-66th-street-north/d0DY_0LXQiKLn0UcFnXsBA,redington-shores-florida
https://www.ubereats.com/tampa/food-delivery/speggtacular-irr/xCelNMVDR42bUeP9Daq-ng,redington-shores-florida
https://www.ubereats.com/tampa/food-delivery/krispy-krab-largo/twvBiigATCiLonFUaX578A,redington-shores-florida
https://www.ubereats.com/tampa/food-delivery/maple-street-biscuit-company-seminole/6MKjK2jTTMiLr5SxoNFB7Q,redington-shores-florida
https://www.ubereats.com/tampa/food-delivery/glory-days-grill-tyrone/zI3a-Sw3RCGBIKDWchRHbw,redington-shores-florida
https://www.ubereats.com/tampa/food-delivery/fresh-factory/R8ejhGY3Qki4zpcRe9s8CQ,redington-shores-florida
https://www.ubereats.com/tampa/food-delivery/wawa-5141-8910-ulmerton-rd/m1BIW9WtTyWEvZLpFgAYkw,redington-shores-florida
https://www.ubereats.com/tampa/food-delivery/circle-k-13396-seminole-blvd/G6K5-VN4TMOAcdDyuuHUcw,redington-shores-florida
https://www.ubereats.com/tampa/food-delivery/st-pete-bagel-co-largo/tptWBRP5RBCQMhvncGRNjg,redington-shores-florida
https://www.ubereats.com/tampa/food-delivery/gyro-city-and-seafood/E65W-2MbQNKs5yTwPATQ6A,redington-shores-florida
https://www.ubereats.com/tampa/food-delivery/wendys-10751-park-blvd/sy1P1QSeQkGjwDrHnTxkEQ,redington-shores-florida
https://www.ubereats.com/tampa/food-delivery/original-pizza-indian-rocks-beach/gqaQ8o36TOCV8co2YfnJcw,redington-shores-florida
https://www.ubereats.com/tampa/food-delivery/churchs-chicken-2195-34th-street-s/zNJynNS9Rn2YkxandQVjbQ,redington-shores-florida
https://www.ubereats.com/tampa/food-delivery/krispy-krabs/qJ4_Qj7bQYa1RosrGAB9Qw,redington-shores-florida
https://www.ubereats.com/tampa/food-delivery/honey-baked-ham-7221-us-hwy-19/MlRYNux0R-O_O6urIxh4Rg,redington-shores-florida
https://www.ubereats.com/tampa/food-delivery/the-floridian-cuban-sandwiches-treasure-island/jfEIast0Q2KZ9hUZQAdodQ,redington-shores-florida
https://www.ubereats.com/tampa/food-delivery/pizza-hut-8380-seminole-blvd/78ySB0QuSIqV7Dl4b82GNw,redington-shores-florida
https://www.ubereats.com/tampa/food-delivery/jupiter-donuts-of-largo/txxnLMEsQgSw1_BOtlhu2g,redington-shores-florida
https://www.ubereats.com/tampa/food-delivery/jo-els-kosher-foods/bzVa_GHORfWfXRpEt6FzWw,redington-shores-florida
https://www.ubereats.com/tampa/food-delivery/starbucks-ulmerton-%26-starkey/belwZnGDSoGB70evyE8-3A,redington-shores-florida
https://www.ubereats.com/tampa/food-delivery/cafe-sahara-largo-and-clearwater/hsH-e-QARkS_SwO63Icy3g,redington-shores-florida
https://www.ubereats.com/tampa/food-delivery/blue-parrot/h2RWzKkqRK6xZe9tfxs3cA,redington-shores-florida
https://www.ubereats.com/tampa/food-delivery/hong-kong-restaurant/GNwerhKeRhqsUL41K4xcSA,redington-shores-florida
https://www.ubereats.com/tampa/food-delivery/applebees-5110-east-bay-dr/Z3ACKwmFTze--wTsMV3fug,redington-shores-florida
https://www.ubereats.com/tampa/food-delivery/u-thai-restaurant/OPmEQvELQACgZwdUZ85J1w,redington-shores-florida
https://www.ubereats.com/tampa/food-delivery/asian-cuisine/NED6TkY1TpSAsf6LHn5U_Q,redington-shores-florida
https://www.ubereats.com/tampa/food-delivery/medianoche-a-fresh-connection/phJi-jbMT22Yd7KFDMlc2w,redington-shores-florida
https://www.ubereats.com/tampa/food-delivery/grand-hacienda-tyrone-blvd/IbyCTCKoRIKVR_yIfRniIg,redington-shores-florida
https://www.ubereats.com/tampa/food-delivery/barracuda-deli-cafe-st-pete-beach/jSfSY7d-SbCl20oPkcj2zQ,redington-shores-florida
https://www.ubereats.com/tampa/food-delivery/the-ice-cream-shop/Wa6in60rRXWWL-fjuVualQ,redington-shores-florida
https://www.ubereats.com/tampa/food-delivery/wawa-5147-12750-walsingham-rd/wSdgY65BQ9WrnMocBpwABg,redington-shores-florida
https://www.ubereats.com/tampa/food-delivery/pie12-napoletana-coal-fired-pizzeria/Kz9XbVgyTBe0eRg-4naVRg,redington-shores-florida
https://www.ubereats.com/tampa/food-delivery/cold-stone-creamery-pinellas-park/zTR8jCNAQ8O2Hph4VkMwWg,redington-shores-florida
https://www.ubereats.com/tampa/food-delivery/speggtacular/BSvCk_MTRdCdlse850RzyQ,redington-shores-florida
https://www.ubereats.com/tampa/food-delivery/fat-cat-tavern-largo/SNJNaModR12Lt3ZJpDWcDQ,redington-shores-florida
https://www.ubereats.com/tampa/food-delivery/crabby-bills/Bgo_o5zMQkOKzU99gUUFdQ,redington-shores-florida
https://www.ubereats.com/tampa/food-delivery/outback-steakhouse-3690-east-bay-drive/cGniGlxzSbK5BMyo7GvCBg,redington-shores-florida
https://www.ubereats.com/tampa/food-delivery/tijuana-flats-pinellas-park/bTQUtdV7SOCxfvwSiztltA,redington-shores-florida
https://www.ubereats.com/tampa/food-delivery/mcdonalds-pinellas-trail/yorA3eSdSaqM7Kv-YGldKw,redington-shores-florida
https://www.ubereats.com/tampa/food-delivery/angry-pepper-waterside/jMFAFi9RRWaPLn5VjBNT5g,redington-shores-florida
https://www.ubereats.com/tampa/food-delivery/gateway-to-india-authentic-indian-restaurant/PsUO2mr0TkiXMkLQzhTKgw,redington-shores-florida
https://www.ubereats.com/tampa/food-delivery/thai-orchid-restaurant-tyrone/SdiYSrCsSvyb7mSxjmc75w,redington-shores-florida
https://www.ubereats.com/tampa/food-delivery/mcdonalds-walsingham/M0kVpibdTs6CXtUxub0IqA,redington-shores-florida
https://www.ubereats.com/tampa/food-delivery/mms-healthy/eBGpDfn2Si2AbDP0G_VsIg,redington-shores-florida
https://www.ubereats.com/tampa/food-delivery/cd-roma-restaurant-st-petersburg/3mfiD5e9S_uUzbN0xi7WSQ,redington-shores-florida
https://www.ubereats.com/tampa/food-delivery/cosmos-cafe/kq7fDkJOQs6uxYjbjeS6sQ,redington-shores-florida
https://www.ubereats.com/tampa/food-delivery/verduccis-restaurant-and-pizzeria/Pb40MOi5STC4UkCb6h5pNg,redington-shores-florida
https://www.ubereats.com/tampa/food-delivery/gias-blue-water-taqueria/F2cpEZJvR4ykV3GmKipRGg,redington-shores-florida
https://www.ubereats.com/tampa/food-delivery/the-ice-cream-shop/ga8ff6fuSC2Ih361v_ZsSg,redington-shores-florida
https://www.ubereats.com/tampa/food-delivery/umai-cafe/jLmGHzwvQ0iR0j6ky2qheQ,redington-shores-florida
https://www.ubereats.com/tampa/food-delivery/chicken-salad-chick-7839-113th-st-n-suite-a/fOiHrq1JT9mHslNEuyhJRA,redington-shores-florida
https://www.ubereats.com/tampa/food-delivery/the-country-skillet/qfdVLDqVQIWIozzK_rVhrw,redington-shores-florida
https://www.ubereats.com/tampa/food-delivery/wendys-11760-oakhurst-road/V2sPe8b3RWyCaQnPCXTqNw,redington-shores-florida
https://www.ubereats.com/tampa/food-delivery/frutta-bowls/u97W1rgMT3WWQ-7prMnT1w,redington-shores-florida
https://www.ubereats.com/tampa/food-delivery/haze-ice-cream/ir4DqMwTSgqY3_GiRjXxwQ,redington-shores-florida
https://www.ubereats.com/tampa/food-delivery/mikes-pizza-%26-pub/VxyqyMUaSYaaDW_m3MF-9A,redington-shores-florida
https://www.ubereats.com/tampa/food-delivery/first-watch-largo/uzfB2JVrQ2GOOw_38dtl1Q,redington-shores-florida
https://www.ubereats.com/tampa/food-delivery/vampire-penguin-seminole/6GMDXw8ESIOkBdQPBp5f_Q,redington-shores-florida
https://www.ubereats.com/tampa/food-delivery/sauced/tbTuOmwaRXu7yyM6-HVv1w,redington-shores-florida
https://www.ubereats.com/tampa/food-delivery/hi-poke/o0LMEay0QAa25YJ1KJSsSg,redington-shores-florida
https://www.ubereats.com/tampa/food-delivery/yogurtland-10500-ulmerton-rd/P9woVJcaQ8SRUvm1D0Cv-A,redington-shores-florida
https://www.ubereats.com/tampa/food-delivery/el-maguey-mexican-restaurant/H-wrZuYnSd-T0lTQkyEh0A,redington-shores-florida
https://www.ubereats.com/tampa/food-delivery/jbs-seafood-takeout/uuVfh7L8SJ-_75tlja0Ijg,redington-shores-florida
https://www.ubereats.com/tampa/food-delivery/sonnys-bbq-3650-tyrone-boulevard/M84dFQ1QT7aumRBnVA2H9Q,redington-shores-florida
https://www.ubereats.com/tampa/food-delivery/poke-party-vr/Bq15bIelT8uS19wTctifRg,redington-shores-florida
https://www.ubereats.com/tampa/food-delivery/the-pesky-pelican/IS_LR1X9TLSWq9Tm8C4hMA,redington-shores-florida
https://www.ubereats.com/tampa/food-delivery/the-pizza-place/7tAEtRhmR6aNBRP9E8rHCw,redington-shores-florida
https://www.ubereats.com/tampa/food-delivery/taqueria-emanuel-pinellas-park/w5JUKGGWTAaAevbxoygcCQ,redington-shores-florida
https://www.ubereats.com/tampa/food-delivery/the-better-burrito-company/YAOF7hsZT-SJReo6-36JwA,redington-shores-florida
https://www.ubereats.com/tampa/food-delivery/ronnie-pastramis-deli-and-catering/DDeE-1G0RGePc_6W_bzpvg,redington-shores-florida
https://www.ubereats.com/tampa/food-delivery/charleys-philly-steaks-%26-wings-ulmerton-rd/GOaBKeHZT-yGYwxJcp4efA,redington-shores-florida
https://www.ubereats.com/tampa/food-delivery/willie-jewells-old-school-bar-b-q-largo/M2UO0Ch3Rq6gl0R2TKXYhQ,redington-shores-florida
https://www.ubereats.com/tampa/food-delivery/grits/SE4dB_tbR1C2a69uTjo_Kg,redington-shores-florida
https://www.ubereats.com/tampa/food-delivery/cold-stone-creamery-2923-w-bay-dr/eOhIoyKDQsih-B0fZQGPIw,redington-shores-florida
https://www.ubereats.com/tampa/food-delivery/seminole-subs-%26-gyros-clearwater/eRKXg52BTw28QlVYF2byaQ,redington-shores-florida
https://www.ubereats.com/tampa/food-delivery/speakeasy-lounge/WU7QF5DbQZKUgKlAkXxClw,redington-shores-florida
https://www.ubereats.com/tampa/food-delivery/subzero-nitrogen-ice-cream/78JGFavxSy-tpirr7PXfPA,redington-shores-florida
https://www.ubereats.com/tampa/food-delivery/five-guys-fl-0375-1458-66th-street-north/nDf2RFhkQS6yQ1G3vlYBeg,redington-shores-florida
https://www.ubereats.com/tampa/food-delivery/jersey-mikes-us-19-n-%26-70th-ave-n/Zv6tZEDCSrKV-dD5Y_7BNw,redington-shores-florida
https://www.ubereats.com/tampa/food-delivery/jersey-mikes-tyrone-blvd-n-%26-38th-ave-n/8YIQ9q_PSwaazeKqyOnOog,redington-shores-florida
https://www.ubereats.com/tampa/food-delivery/aloha-ansley-hawaiian-fusion/tMdcXTClSfCj2Mu2PN5-9Q,redington-shores-florida
https://www.ubereats.com/tampa/food-delivery/los-amigos-taqueria-y-tienda-largo/E7CCJJ1TRCeoErcNfMRfHQ,redington-shores-florida
https://www.ubereats.com/tampa/food-delivery/taquitos-mexican/fwHV705XQbaN6p8rf_Poyw,redington-shores-florida
https://www.ubereats.com/tampa/food-delivery/sake-house-largo/0GCPsbs1TSqTuBbxZcISPA,redington-shores-florida
https://www.ubereats.com/tampa/food-delivery/the-tasty-vegetable/lPWhZEY4TbOIbu8ppB0Tpw,redington-shores-florida
https://www.ubereats.com/tampa/food-delivery/dunkin-2298-seminole-blvd/6VoAgRcvQ5qJpFWF9li16w,redington-shores-florida
https://www.ubereats.com/tampa/food-delivery/pizza-hut-1155-pasadena-ave-s-suite-j/EP_Z6sqSQxGU6Zit5Ym27w,redington-shores-florida
https://www.ubereats.com/tampa/food-delivery/checkers-3775-66th-street-n/21botp4USVGRGgOY18g7lQ,redington-shores-florida
https://www.ubereats.com/tampa/food-delivery/mcdonalds-7003-seminole-blvd/uhmGUVn6TL6iEoLtHRvsDQ,redington-shores-florida
https://www.ubereats.com/tampa/food-delivery/mr-ice-cream/nVUREhhEQ8q7kCecwij_mw,redington-shores-florida
https://www.ubereats.com/tampa/food-delivery/tropical-smoothie-cafe-pinellas/uW-dFOEpRVmhQUxZfaD81g,redington-shores-florida
https://www.ubereats.com/tampa/food-delivery/los-magueyes-mexican-grill/lpLmD2KmR428zWS-UH71Hg,redington-shores-florida
https://www.ubereats.com/tampa/food-delivery/subway-2004-66th-street-n/lgb0thxKRiWhgoR7Auc7iA,redington-shores-florida
https://www.ubereats.com/tampa/food-delivery/kc-sunshine-grill/biQucaDxQxu2h1Z5-qxBSw,redington-shores-florida
https://www.ubereats.com/tampa/food-delivery/hooters-tyrone-blvd-n-%26-66th-st-n/A4NOo_u7RWWI2nChj7t6pA,redington-shores-florida
https://www.ubereats.com/tampa/food-delivery/little-greek-largo/xBHh71FcQU2Qt2VkxKV9-g,redington-shores-florida
https://www.ubereats.com/tampa/food-delivery/basil-leaf/RVbDI7MIQQeh2l4X15EZVA,redington-shores-florida
https://www.ubereats.com/tampa/food-delivery/katiki/84lxDVNJQ42toOjmXZcl6Q,redington-shores-florida
https://www.ubereats.com/tampa/food-delivery/ihop-5001-gulf-blvd/SylIlsMBT2-eWQhmd9j8fA,redington-shores-florida
https://www.ubereats.com/tampa/food-delivery/tijuana-flats-tyrone/iqJmWHflTUCGCrSo26XuBA,redington-shores-florida
https://www.ubereats.com/tampa/food-delivery/new-china-restaurant/SYEulBGzQgakLjnfTVxSeg,redington-shores-florida
https://www.ubereats.com/tampa/food-delivery/starbucks-bay-pines-%26-100th-way-n/byIrjNJXR8SJKo6TEiSj5g,redington-shores-florida
https://www.ubereats.com/tampa/food-delivery/carmelitas-mexican-restaurant-tyrone/ZlhwiwflTNGNMYc6YkMUtg,redington-shores-florida
https://www.ubereats.com/tampa/food-delivery/maggie-maes-on-the-bluff-largo/y8uPjX-qTx2lmsCx-_rbGw,redington-shores-florida
https://www.ubereats.com/tampa/food-delivery/tropical-smoothie-cafe-seminole/6iQI1JNiRS69zc33_ncLHg,redington-shores-florida
https://www.ubereats.com/tampa/food-delivery/the-donut-shoppe/sTgOWMiaQdCAkx0Q1AKEtg,redington-shores-florida
https://www.ubereats.com/tampa/food-delivery/ihop-7800-ulmerton-rd/Z9kotlwLRWyj4ZnEOgadkA,redington-shores-florida
https://www.ubereats.com/tampa/food-delivery/wendys-4840-park-street/S2UlI1HgQrqm_PDx_yB3GA,redington-shores-florida
https://www.ubereats.com/tampa/food-delivery/r-bar-treasure-island/YD_RjqGbTBu0bIQFvHWyNw,redington-shores-florida
https://www.ubereats.com/tampa/food-delivery/starbucks-walsingham-%26-137th/wjQ-DSlVQ3KPkgJeGqs1xg,redington-shores-florida
https://www.ubereats.com/tampa/food-delivery/i-thai-%26-sushi-restaurant-largo/e6qVjhvnTWGZgeZaFlnnJA,redington-shores-florida
https://www.ubereats.com/tampa/food-delivery/time-out-sports-bar-seminole/kR8_Lf-vS5ulaf_8ViMGfg,redington-shores-florida
https://www.ubereats.com/tampa/food-delivery/stellas-gulfport/HfqNwFFmQbGsnHUWiP3g6A,redington-shores-florida
