url,city
https://www.ubereats.com/reno/food-delivery/habaneros-taco-grill-4-reno-nv/9ltfWxM_Rdqc3Tri3D-U3g,reno
https://www.ubereats.com/reno/food-delivery/hash-house-a-go-go-reno/9BkJmievQmeBHZYLvf9zYA,reno
https://www.ubereats.com/reno/food-delivery/port-of-subs-190-lemmon-drive/gBTc4lRCR6eIiA3AZDBCpA,reno
https://www.ubereats.com/reno/food-delivery/taco-bell-1395-big-fish-drive/fHQmbBlyQteDsSdYWnyFTA,reno
https://www.ubereats.com/reno/food-delivery/black-bear-diner-2323-s-virginia-street/FogLNzVFRuyUaQQKvEaPVA,reno
https://www.ubereats.com/reno/food-delivery/finbomb-sushi-burrito-and-poke/Ftaw4eaMTrSli3xxd1oMcw,reno
https://www.ubereats.com/reno/food-delivery/port-of-subs-7695-s-virginia-st/CzTDeg-OQYq9lOzWxk7wiA,reno
https://www.ubereats.com/reno/food-delivery/l%26l-hawaiian-bbq-1495-e-prater-way/pa2KG9SNQl-xcPbNSjSsNQ,reno
https://www.ubereats.com/reno/food-delivery/mod-pizza-redfield-promenade/BN2cnbJYSVy2mf_I0JAkZA,reno
https://www.ubereats.com/reno/food-delivery/wayback-burgers-5000-meadowood-mall-circle/YzkwqwD4Q5CeemtiaBd5qw,reno
https://www.ubereats.com/reno/food-delivery/jacks-cafe-%232/QTNi5WQ0TB-FjitojkP-_w,reno
https://www.ubereats.com/reno/food-delivery/the-brewers-cabinet/XOODlL4ZTiGpCn_GkDeBKw,reno
https://www.ubereats.com/reno/food-delivery/starbucks-buck-%26-lemmon-reno/Uar71p70QbOZifmJ5gSWyA,reno
https://www.ubereats.com/reno/food-delivery/robertos-taco-shop-virginia-st/fTM1L_yUTZCVATBUhb1heQ,reno
https://www.ubereats.com/reno/food-delivery/round-table-pizza-1075-n-hills-blvd-%23110/8poyO-ifRNyezdYqwvXepA,reno
https://www.ubereats.com/reno/food-delivery/la-fonda/XBT61pFoQye2XijOGQLLAQ,reno
https://www.ubereats.com/reno/food-delivery/antojitos-mexicanos/xAYYXHnhQCaNV7Kq7zWjiA,reno
https://www.ubereats.com/reno/food-delivery/port-of-subs-2900-clearacre-lane-%23u/r537x9i2RUyBEbqGeDyLOw,reno
https://www.ubereats.com/reno/food-delivery/eclipse-pizza-company/4F2TYFydRJmkLZpTXTiNZA,reno
https://www.ubereats.com/reno/food-delivery/asi-es-mi-tierra-restaurant/BjhJCLdCQiSvKHRuJaqPHw,reno
https://www.ubereats.com/reno/food-delivery/full-belly-deli-reno-mill-st/KqwvO6aCQXySneKLIQ3SGg,reno
https://www.ubereats.com/reno/food-delivery/port-of-subs-87-w-stadium-way-suite-290c/cG4yORSARui3wk_uuwFFGg,reno
https://www.ubereats.com/reno/food-delivery/great-full-gardens-%26-eatery/xh5aOk3JR4ir-N35zndLXA,reno
https://www.ubereats.com/reno/food-delivery/el-pollo-loco-591-e-prater-way3349/LcXz229RQHKHVAgiAPdV6Q,reno
https://www.ubereats.com/reno/food-delivery/panda-express-287-los-altos-parkway/A2Akn0bKTLW7dGoZGdXpcQ,reno
https://www.ubereats.com/reno/food-delivery/pure-country-canteen/nN2ca7R4QqCie3_Zcv76dQ,reno
https://www.ubereats.com/reno/food-delivery/santa-cruz-sushi/l1tAxW3mQ12Ofi1dlcFM8A,reno
https://www.ubereats.com/reno/food-delivery/taste-of-india/RhBdi2x4SmKuLOT1fsAeNw,reno
https://www.ubereats.com/reno/food-delivery/jack-in-the-box-2289-oddie-blvd/u2KUETUSRD21Wdf-rZTbNg,reno
https://www.ubereats.com/reno/food-delivery/nevada-taco-grill/jMAF1WoXTV6afWr6Ohc6pQ,reno
https://www.ubereats.com/reno/food-delivery/port-of-subs-1775-mill-street/pBfNpA-_SGKXQWtnc88Z_g,reno
https://www.ubereats.com/reno/food-delivery/godfathers-pizza/7FdGbZlGQ8SEUzWLc-vLzA,reno
https://www.ubereats.com/reno/food-delivery/dairy-queen-grill-%26-chill-1501-prater-way/UmpcIwr3SpKwMpAillFgqQ,reno
https://www.ubereats.com/reno/food-delivery/carolina-kitchen/8o5fInehS5-Mr14KyF12YQ,reno
https://www.ubereats.com/reno/food-delivery/jack-in-the-box-185-lemmon-drive/Rj1thBUwTuuHYCkjbARs_w,reno
https://www.ubereats.com/reno/food-delivery/taco-bell-1075-w-4th-st/HWdXFH_FSeaUAfwF9r9aiA,reno
https://www.ubereats.com/reno/food-delivery/jimmy-bs/_ePZJd15S8y7lAWAT9gGcw,reno
https://www.ubereats.com/reno/food-delivery/sabor-latin-cuisine/v4czqZ9NT2Cip3qyIkZ65A,reno
https://www.ubereats.com/reno/food-delivery/subway-2875-northtowne-ln/P2v5GkVKQmeHCvb3dQYlGA,reno
https://www.ubereats.com/reno/food-delivery/tacos-tijuana/LbIoReJDRC6k14sTnToItw,reno
https://www.ubereats.com/reno/food-delivery/pedalers-deli-icecycle-creamery/_zzLX06iSNuvwTO90G_bmQ,reno
https://www.ubereats.com/reno/food-delivery/thai-lotus/SMJo6vBEQSKHSbSuITnIBg,reno
https://www.ubereats.com/reno/food-delivery/jack-in-the-box-10450-n-mcarran-blvd/HSgLILCEQHmc_k--ohsgZQ,reno
https://www.ubereats.com/reno/food-delivery/taqueria-mendoza/AVX7Z5sORn2e7kxBEhn2XQ,reno
https://www.ubereats.com/reno/food-delivery/mcdonalds-s-meadows-pky-%26-double-r-blvd/mM7oVn2sQbGe-Dl-nDMDCA,reno
https://www.ubereats.com/reno/food-delivery/aldertos-fresh-mexican-food/O5kL3wgmQbytqJjOIfTN1w,reno
https://www.ubereats.com/reno/food-delivery/coffee-n-comics/MbGhqRc4Q-OgBGTZmEZGcA,reno
https://www.ubereats.com/reno/food-delivery/oburger-company/f4Q5YT0eQbmdHy4Fd9jHIA,reno
https://www.ubereats.com/reno/food-delivery/mcdonalds-n-virginia-st-%26-e-5th-st/tWVQFKKMRWyngzqXdadQqA,reno
https://www.ubereats.com/reno/food-delivery/capriottis-5140-kietzke-lane-suite-d/z5sInW1aTXOeESDMWAwGIw,reno
https://www.ubereats.com/reno/food-delivery/royal-india/eGDKh0GVQHuTrtcb5NjqhQ,reno
https://www.ubereats.com/reno/food-delivery/pizza-guys/yI9khFOBQ-CySr1GfDlzFQ,reno
https://www.ubereats.com/reno/food-delivery/taco-bell-10635-stead-blvd/CFv-rWlnSfKAqNDuQ9Anog,reno
https://www.ubereats.com/reno/food-delivery/dunkin-435-sparks-blvd/jbF80mhoSvGguWIct5jFEA,reno
https://www.ubereats.com/reno/food-delivery/sizzle-pie/W3PVDScPRM-4MPaY6_0yVA,reno
https://www.ubereats.com/reno/food-delivery/chipotle-mexican-grill-5144-mae-anne-ave-ste-a/B7fJOtiLSmChN6nEldsU0w,reno
https://www.ubereats.com/reno/food-delivery/shang-hai-restaurant/_PIKDdcJTn6H7foPkWlO4g,reno
https://www.ubereats.com/reno/food-delivery/capriottis-810-north-sierra-street/vzJNf7CqT9mbF7c7afRGIw,reno
https://www.ubereats.com/reno/food-delivery/wienerschnitzel-mccarran-%26-lincoln/jBpqu9W9QZSP357zrb3oFg,reno
https://www.ubereats.com/reno/food-delivery/squeeze-infoothill-rd/FJY3_XWaTk-DHqnAibFWLA,reno
https://www.ubereats.com/reno/food-delivery/pinocchios-bar-and-grill-virginia-st-%26-crummer-ln/Y_B5A501TOiE_R0VuJyisQ,reno
https://www.ubereats.com/reno/food-delivery/baja-fresh-mexican-grill-5140-kietzke-ln/VjThF9v8SF2_Yqr18noOsg,reno
https://www.ubereats.com/reno/food-delivery/custom-cakes-by-kitchen/bafMgDHxQKm51jjBcg3z5w,reno
https://www.ubereats.com/reno/food-delivery/big-horn-tavern/1i5279fMRDC_eMaNw16FeA,reno
https://www.ubereats.com/reno/food-delivery/mcdonalds-e-plumb-ln-%26-carson-reno-hwy/50_y4cFRTAiKo7W-BV20cg,reno
https://www.ubereats.com/reno/food-delivery/jack-in-the-box-410-keystone-ave/28xy8sLzQGqPJi5ym1wzOA,reno
https://www.ubereats.com/reno/food-delivery/papa-murphys-10490-n-mccarran-blvd-suite-102/cQbuS6dJS86uR6fggUFG_w,reno
https://www.ubereats.com/reno/food-delivery/mellow-fellow/ofzGLsZNTSW5TJ4155Kmbw,reno
https://www.ubereats.com/reno/food-delivery/applebees-4805-kietzke-lane-%2382071/lwpR2eszQzCBj-zBRrY6VA,reno
https://www.ubereats.com/reno/food-delivery/port-of-subs-9712-pyramid-way/LR_q55D4StqARyRUbcCrZA,reno
https://www.ubereats.com/reno/food-delivery/del-taco-5890-s-virginia-st/vPe1oOQGRx6qLNHU5_HL4g,reno
https://www.ubereats.com/reno/food-delivery/el-pollo-loco-10320-n-mccarran-blvd3439/BR6UBnyTQSaiQl26toxHjA,reno
https://www.ubereats.com/reno/food-delivery/port-of-subs-6275-e-sharlands-avenue-%234/937eKnMLTQyCXtY8aPfRYA,reno
https://www.ubereats.com/reno/food-delivery/jacks-cafe/_x6tIPkMRm-RI9MGFvw_nA,reno
https://www.ubereats.com/reno/food-delivery/burger-king-1155-kietzke-lane/J1Zt_4zvRNeEEqwajXDS8w,reno
https://www.ubereats.com/reno/food-delivery/los-4-vientos/uer3a7uSTRSjHedYtWPLrQ,reno
https://www.ubereats.com/reno/food-delivery/fortune-star-cuisine/T6y488maRDuUllo4D83ueQ,reno
https://www.ubereats.com/reno/food-delivery/oh-my-acai/Ri46v_g9S6iRrbW3oJlGBA,reno
https://www.ubereats.com/reno/food-delivery/robertos-taco-shop-4455-s-virginia-st/Z7B7meJ4T9yvzgZhWJnW4g,reno
https://www.ubereats.com/reno/food-delivery/costa-vida-fresh-mexican-grill-2955-n-mccarran-blvd/ZtNa6XvtRkyEHFK_-NVugg,reno
https://www.ubereats.com/reno/food-delivery/the-sandwich-spot-reno/7WbwKLDHRPCLrzoLitd_og,reno
https://www.ubereats.com/reno/food-delivery/the-urban-deli/VJ12XdsSQzWwJTZT4ksDEg,reno
https://www.ubereats.com/reno/food-delivery/mcdonalds-silverada-blvd-%26-oddie-blvd/ouKaJ3WNTGu5QLSugjrlTg,reno
https://www.ubereats.com/reno/food-delivery/tc-wings/hFX07rKrRf2imAQRJfTzeQ,reno
https://www.ubereats.com/reno/food-delivery/starbucks-northtowne-%26-mccarran/hYm4C5D8QCyqDstSEhCGMw,reno
https://www.ubereats.com/reno/food-delivery/speciality-wings/AXRlXqo8TAqVz9g8nNgN1A,reno
https://www.ubereats.com/reno/food-delivery/buffalo-wild-wings-1560-e-lincoln-way/uczoWpNDT9ybCRk7x9x39g,reno
https://www.ubereats.com/reno/food-delivery/399-sushi/P__eG6EpQ7aunPlnnolcWA,reno
https://www.ubereats.com/reno/food-delivery/del-taco-2920-northtowne-ln/v0qKJDZERpqTEp89vkLirA,reno
https://www.ubereats.com/reno/food-delivery/sonic-1220-north-mccarran-boulevard/fV7jaP_ZSkOQpaqD8fPIlw,reno
https://www.ubereats.com/reno/food-delivery/ihop-4752-galleria-parkway/gb64ijaRRdKWWnWiuyD0_A,reno
https://www.ubereats.com/reno/food-delivery/red-robin-347-4999-kietzke-ln/hJ88FLirSKaxpzokH9Do5g,reno
https://www.ubereats.com/reno/food-delivery/grimaldis-1180-scheels-dr-ste-b-117/MW0TEu6yTEm9tTmE0TOM7w,reno
https://www.ubereats.com/reno/food-delivery/pizza-reno/LltvsadLSWOlrTeS82BnuA,reno
https://www.ubereats.com/reno/food-delivery/jack-in-the-box-881-apple-street/DiPJQPqlRmWVrypUuiKluw,reno
https://www.ubereats.com/reno/food-delivery/sweets4treats-reno/R8AL5lxwQ4uLE95xtbrnVw,reno
https://www.ubereats.com/reno/food-delivery/port-of-subs-720-s-meadows-pkwy/5s-WmnqRSRmVCkc2DWIhtA,reno
https://www.ubereats.com/reno/food-delivery/sierra-st-kitchen-%26-cocktails/CaKTpVjZRsePiP1NuEL_4Q,reno
https://www.ubereats.com/reno/food-delivery/del-taco-252-los-altos-pkwy/QpPGqIIuQfaDrK1Kl7F18w,reno
https://www.ubereats.com/reno/food-delivery/taco-bell-6401-s-virginia/Ib5sTBn3SfKr5qA123QB-A,reno
https://www.ubereats.com/reno/food-delivery/jack-in-the-box-655-e-prater-way/naho1fUaRqenBDTEHHGfsw,reno
https://www.ubereats.com/reno/food-delivery/mcdonalds-e-prater-way-%26-n-mccarran-blvd/REwOdzJITySW0S-tOZbHrQ,reno
https://www.ubereats.com/reno/food-delivery/the-habit-burger-grill-1370-big-fish-drive/x2lBOhgVTReyyWqXrIf7nA,reno
https://www.ubereats.com/reno/food-delivery/taco-bell-9725-pyramid-way/_1i7eOUdSPGYoqOzUaLbcw,reno
https://www.ubereats.com/reno/food-delivery/batch/iDBKEAleTyu8iB5LB_H22Q,reno
https://www.ubereats.com/reno/food-delivery/capriottis-1530-south-stanford-way-suite-b/yZOgn9uAQhmNLrKF1ZgxAA,reno
https://www.ubereats.com/reno/food-delivery/taco-bell-1110-n-hills-blvd/tz4oWux7QsO2Wb84Ua8AcQ,reno
https://www.ubereats.com/reno/food-delivery/burger-me!/voLIyEnXTQmsUhnzBFj7Qw,reno
https://www.ubereats.com/reno/food-delivery/el-original-tacos-tijuana/BjUPWn7uR4WwF4MZ5khJgQ,reno
https://www.ubereats.com/reno/food-delivery/the-coffee-house/8aFQEw_6RyKIF8-oMDVIcw,reno
https://www.ubereats.com/reno/food-delivery/wienerschnitzel-mill-%26-kietzke/QlAv0BhyS-mCYqpQ3SoZkw,reno
https://www.ubereats.com/reno/food-delivery/taco-bell-191-disc-dr/6kILpsi8Ta29bTndc1IavA,reno
https://www.ubereats.com/reno/food-delivery/burger-king-5145-mae-anne-avenue/LFr6UgFdTgiOlJAlqOV5GQ,reno
https://www.ubereats.com/reno/food-delivery/el-pollo-loco-8030-s-virginia-st3769/LC2KWebcTruLY474UkbOYA,reno
https://www.ubereats.com/reno/food-delivery/costa-vida-fresh-mexican-grill-4965-s-virginia-st/gZN0natFSjScC-2P7j3QzQ,reno
https://www.ubereats.com/reno/food-delivery/bazaar-european-deli/f7yO26koQUafXWywqQno2Q,reno
https://www.ubereats.com/reno/food-delivery/qdoba-151-disc-drive/WZOALE2-Qvq1RQGq_1ZXyg,reno
https://www.ubereats.com/reno/food-delivery/ihop-9786-s-virginia-street/pkpg8fsLSam1tXV0Ztz-wQ,reno
https://www.ubereats.com/reno/food-delivery/qdoba-197-damonte-ranch-pkwy/89bL4tQEQximaCYvuThDMg,reno
https://www.ubereats.com/reno/food-delivery/redwood-rotisserie/nE7j3-JsTxm_b70rz7zW6Q,reno
https://www.ubereats.com/reno/food-delivery/starbucks-mccarran-%26-pyramid-sparks/JukBDTY-QfS0wikolQF2cg,reno
https://www.ubereats.com/reno/food-delivery/chipotle-mexican-grill-1560-e-lincoln-way-ste-120/dSvx834mSwKwemrmQ4vKqw,reno
https://www.ubereats.com/reno/food-delivery/kfc-275-n-mccarran-st/xauZGCa9SnCie2CBYztK5A,reno
https://www.ubereats.com/reno/food-delivery/my-pie-pizza/wiQrPCVCQIaNm6euw6TPQQ,reno
https://www.ubereats.com/reno/food-delivery/el-pollo-loco-2293-s-virginia-st3290/N18fMHYdTZSrj-bP23Yurw,reno
https://www.ubereats.com/reno/food-delivery/burger-king-285-north-mccarren-boulevard/g2qL-wvaR3OmzmP9BLkyWA,reno
https://www.ubereats.com/reno/food-delivery/riccos-pizza/ouqeEczlSh-8LZHZosSZkw,reno
https://www.ubereats.com/reno/food-delivery/papa-murphys-9744-pyramid-highway/L8XrNRp7QQecNshV8rO21g,reno
https://www.ubereats.com/reno/food-delivery/coney-island-dogs-%26-burgers/IOqpyu7ARUaXHRxFNWH5Dw,reno
https://www.ubereats.com/reno/food-delivery/taco-bell-736-s-meadows-parkway/143H3KZKSeaJUWmSemRrIA,reno
https://www.ubereats.com/reno/food-delivery/bodawgs/HfjYhA4qTyWs332VRLAZKA,reno
https://www.ubereats.com/reno/food-delivery/french-quarter/AJSFfvDVQ6eKTbwZg6xNUg,reno
https://www.ubereats.com/reno/food-delivery/el-pescador/sQXHjXE0SAu9wPXApftr9w,reno
https://www.ubereats.com/reno/food-delivery/chamacos-gourmet-%26-chamacos-tacos/NCkdcRaDTGOl2MI10gImVA,reno
https://www.ubereats.com/reno/food-delivery/ihop-1800-s-virginia-st/EuCYQtLLR06xph9e4BUzSw,reno
https://www.ubereats.com/reno/food-delivery/basik-acai-cafe/rjNsR0y0QCC_iR9dCEKHyQ,reno
https://www.ubereats.com/reno/food-delivery/panda-express-547-s-meadows-pkwy/EBybP8hiTRSlkyGunD8a0w,reno
https://www.ubereats.com/reno/food-delivery/lucky-beaver-bar-%26-burger/eYR3PpILQ4m3HEZQpZ90sA,reno
https://www.ubereats.com/reno/food-delivery/mcdonalds-n-mccarran-blvd-%26-pyramid-way/XBaO9JEkT9qc8loOVSfYvA,reno
https://www.ubereats.com/reno/food-delivery/jack-in-the-box-122-los-altos-pkwy/6c0kehehTe-A_JLAiwGf8A,reno
https://www.ubereats.com/reno/food-delivery/sonic-4995-galleria-parkway/T7RFVpffR4CIE1JvsBnvOQ,reno
https://www.ubereats.com/reno/food-delivery/subway-1075-north-hills-blvd/Mv7MuZvmQuq-iKyvct07TQ,reno
https://www.ubereats.com/reno/food-delivery/port-of-subs-5150-mae-anne-avenue-suite-209/6OtxoX9dSvmyj66Ubrss6w,reno
https://www.ubereats.com/reno/food-delivery/sushi-ok!/QStz9_cHR86_cLOG5cpK3Q,reno
https://www.ubereats.com/reno/food-delivery/mcdonalds-keystone-ave-%26-w-4th-st/ik5s2igERBGNTVMv42kIjg,reno
https://www.ubereats.com/reno/food-delivery/kfc-5175-mae-anne-ave/FW8G2N1tQUi9XDF003iY-g,reno
https://www.ubereats.com/reno/food-delivery/panda-express-745-sparks-blvd-%23105/xPScAOyxTj2GyFl77W_1ew,reno
https://www.ubereats.com/reno/food-delivery/starbucks-i80-and-north-mccarran-blvd/SgDwJk8wTXqRSgQYxmiDmA,reno
https://www.ubereats.com/reno/food-delivery/archies-giant-hamburgers-%26-breakfast/viLjqmRTSC2uKvs4wdpLqA,reno
https://www.ubereats.com/reno/food-delivery/homegrown-gastropub/C4LvB8gzRSK9KkLmkxYSOA,reno
https://www.ubereats.com/reno/food-delivery/panda-express-395-e-plumb-lane/qWx7G3UFSPGWUl2m95s8gg,reno
https://www.ubereats.com/reno/food-delivery/kfc-162-los-altos-parkway/dTyH_kYyS_-tiNIKJsAhOQ,reno
https://www.ubereats.com/reno/food-delivery/burger-me!/bTD_uOXkRHaygVc9eMBH2g,reno
https://www.ubereats.com/reno/food-delivery/cold-stone-creamery-299-e-plumb-lane/hFUeA7UGTeSkzcFUEv__Zg,reno
https://www.ubereats.com/reno/food-delivery/la-esperanza-bakery/QXOoVfiyRb-zh9vBat0n5Q,reno
https://www.ubereats.com/reno/food-delivery/cinnabon-5255-meadowood-mall-cir/h1cRLLcsTaOfRfQMKvREsQ,reno
https://www.ubereats.com/reno/food-delivery/legends-grill-sports-%26-spirits/BouHxF7RQ8ODE6BXbT2ecg,reno
https://www.ubereats.com/reno/food-delivery/bjs-restaurant-%26-brewhouse-425-sparks-blvd/ukO45As8RCWwiwQjjue24A,reno
https://www.ubereats.com/reno/food-delivery/clay-oven-indian-cuisine/u9srlpHbSKy7jR879HGbRQ,reno
https://www.ubereats.com/reno/food-delivery/dennys-1100-e-plumb-lane/qfutKTfWTISetYpCY_GF4A,reno
https://www.ubereats.com/reno/food-delivery/noble-pie-parlor-midtown/y2QD0LemR3eQIx7xkXCWfw,reno
https://www.ubereats.com/reno/food-delivery/old-world-coffee-lab/AQLb_vlKShmMLowd60fIog,reno
https://www.ubereats.com/reno/food-delivery/port-of-subs-5000-smithridge-%23b-16/8WXISn22TJehgSP-QZ1ojw,reno
https://www.ubereats.com/reno/food-delivery/taco-bell-4978-sun-valley-blvd/ig5mhrt8S6KiEVMjFAKheA,reno
https://www.ubereats.com/reno/food-delivery/chipotle-mexican-grill-537-s-meadows-pkwy-ste-100/NqrccS9OSYu6kKGuRWHx-w,reno
https://www.ubereats.com/reno/food-delivery/chihuahuas-cantina/0b1R7ASzTOKm87bQqXQN8g,reno
https://www.ubereats.com/reno/food-delivery/panda-express-5115-mae-anne-ave/iRf6sg5iTru3Wa77ACxCcg,reno
https://www.ubereats.com/reno/food-delivery/panda-express-5140-kietzke-lane-suite-e/aXD42fRpSGKvs_sSSrvWqA,reno
https://www.ubereats.com/reno/food-delivery/bam!dog-righteous-hot-dogs/vb_B9vpWTpeUB8iakT6j_Q,reno
https://www.ubereats.com/reno/food-delivery/taco-bell-200-east-prater-way/peQHKdnHQYysLhBWOc_aqA,reno
https://www.ubereats.com/reno/food-delivery/dennys-205-nugget-ave/3NAFVkJ9RPGvBx5p8lBUnA,reno
https://www.ubereats.com/reno/food-delivery/mix-bakeshop/11-2ADAnSlqGtvUro2IoYg,reno
https://www.ubereats.com/reno/food-delivery/burger-king-1105-west-4th-street/pdgo9qr_Q_GETn6Iuvi_IQ,reno
https://www.ubereats.com/reno/food-delivery/jersey-mikes-subs-1370-big-fish-drive/LDYFqZPmSIG5pkc8uWo-Aw,reno
https://www.ubereats.com/reno/food-delivery/mcdonalds-kietzke-ln-%26-vassar-st/bR72BIQTTL6BoCf8BlffzA,reno
https://www.ubereats.com/reno/food-delivery/waldens-coffeehouse-wells-ave/34P9fCZwSVyWsGalM3AmEA,reno
https://www.ubereats.com/reno/food-delivery/dennys-680-n-wells-ave/xo9tUDjQR8CLl1lMdiUZzQ,reno
https://www.ubereats.com/reno/food-delivery/chipotle-mexican-grill-6395-s-mccarran-blvd-unit-a/85yPq-2VSmekFD_EgusTtg,reno
https://www.ubereats.com/reno/food-delivery/sizzler-e-prater-way/r3vhmQzLQzOZml0KNcJZBw,reno
https://www.ubereats.com/reno/food-delivery/the-daily-bagel/qtFhAgGyTny-ug5v9ANBnA,reno
https://www.ubereats.com/reno/food-delivery/mindful-cupcakes-llc/c2_eU_0qR6qUEdkreCHVAQ,reno
https://www.ubereats.com/reno/food-delivery/skipolinis-reno/okTwE2J6SyC1-3oNM6PNYQ,reno
https://www.ubereats.com/reno/food-delivery/cafe-de-thai/NvyXcH3ASPW4GzVMrJi5Qg,reno
https://www.ubereats.com/reno/food-delivery/sugar-love-chocolates/z6M69-f8QH2u38TydRvP8g,reno
https://www.ubereats.com/reno/food-delivery/mr-mango-and-friends/-saWdLx-SNSMdGR-ZctBYQ,reno
https://www.ubereats.com/reno/food-delivery/krazy-fruits/fwlO5xK6TZ63NGf_4UIamQ,reno
https://www.ubereats.com/reno/food-delivery/jalapenos-mexican-food-%232/lWyDH6aiQOmWlx7RE1fT2Q,reno
https://www.ubereats.com/reno/food-delivery/brothers-barbecue/GNwKmVn0RKavL2vuH1EYGQ,reno
https://www.ubereats.com/reno/food-delivery/port-of-subs-4731-galleria-parkway-suite-101/dT3av_mhT_iVa-3pF5_Odw,reno
https://www.ubereats.com/reno/food-delivery/hawaiian-time/Feg93HIKSrqEjndsXmISHg,reno
https://www.ubereats.com/reno/food-delivery/mcdonalds-s-virginia-st-%26-kietzke-ln/UFtAZX0iQj-GAPNO0J2iyg,reno
https://www.ubereats.com/reno/food-delivery/just-ravioli/r_kojU7ZQPeuE96Accuwuw,reno
https://www.ubereats.com/reno/food-delivery/unusual-pizzas/RWuQ54IJRJyCeMjU1yggeA,reno
https://www.ubereats.com/reno/food-delivery/l%26l-hawaiian-bbq-4978-s-virginia-st/8vrmYSCzSm2r5l6VIXwwrw,reno
https://www.ubereats.com/reno/food-delivery/del-taco-10140-mccarran-rd/Xz_BLCUkSeeFeML-HTHOqg,reno
https://www.ubereats.com/reno/food-delivery/qdoba-6135-s-virginia-st/KwRXMHotT6OrXbgD5E0vsw,reno
https://www.ubereats.com/reno/food-delivery/beefys/r7MYjJV0RPKNyIQWQ9oJMA,reno
https://www.ubereats.com/reno/food-delivery/crafted-palette/x4Vg5nq9QI-XmEvBTcAdJg,reno
https://www.ubereats.com/reno/food-delivery/jjs-pie-co/6q2G7_a-RfmxB3Bodvw52w,reno
https://www.ubereats.com/reno/food-delivery/burgerim-254-w-1st-st/A_dIe7SETEGquXHxQfe9_w,reno
https://www.ubereats.com/reno/food-delivery/subway-10310-n-mccarran-blvd/Xrsl012-QrSQTtuzj7wUXg,reno
https://www.ubereats.com/reno/food-delivery/hana-garden/5J0r8PMrRWmFA805AxrK3g,reno
https://www.ubereats.com/reno/food-delivery/burger-king-2901-clearacre-lane/MaG-26LfR-CGSPwi_rc2ag,reno
https://www.ubereats.com/reno/food-delivery/port-of-subs-2500-east-second-street-%2321/P3Gx-oTZRzKRFJ5TwGR7iA,reno
https://www.ubereats.com/reno/food-delivery/panda-express-joe-crowley-student-union-1664-n-virginia-st/3PX9JPmSS0KHT8CWkmZLBw,reno
https://www.ubereats.com/reno/food-delivery/keva-juice-vista-%26-dandrea/Nh2ug3-UQi2bXpYxftQSXw,reno
https://www.ubereats.com/reno/food-delivery/macaroni-grill-reno/kLRfzUfIQiKDee7Ry8KhhQ,reno
https://www.ubereats.com/reno/food-delivery/teriyaki-madness-13963-s-virginia-st-suite-904/Klf2JWdZT9yekoyj5tERUw,reno
https://www.ubereats.com/reno/food-delivery/capriottis-sandwich-shop-east-plumb-lane/qwAgOPuBQdieYSV-6t23ug,reno
https://www.ubereats.com/reno/food-delivery/steak-n-shake-1140-north-hills-boulevard/XL4sDYd5QZqvTCeDT3aHEA,reno
https://www.ubereats.com/reno/food-delivery/noble-pie-parlor-2nd-st-%26-arlington/-IEXyDW9Rha_mW03vH7rRw,reno
https://www.ubereats.com/reno/food-delivery/the-original-mels-345-n-arlington-ave-reno/n1pr53njSzu5QQp8w39eeQ,reno
https://www.ubereats.com/reno/food-delivery/a-taste-of-thai-cuisine-llc/1iza-GQzSOylHh9MaO5T8Q,reno
https://www.ubereats.com/reno/food-delivery/qdoba-10310-n-mccarran-blvd/PpKQ4eKMSuKINy1l_1alfA,reno
https://www.ubereats.com/reno/food-delivery/famous-daves-reno/Ewy385fUTliIoejmjHVu2Q,reno
https://www.ubereats.com/reno/food-delivery/applebees-693-north-mccarran-blvd-%2382064/Y6qJH0o6R2CX0CjtFJTSqg,reno
https://www.ubereats.com/reno/food-delivery/squeeze-inlas-brisas/boKtpK7aSnum9orji3Qn1Q,reno
https://www.ubereats.com/reno/food-delivery/krave-sweets/_GaPDvGATDmPyf1iEjCi7Q,reno
https://www.ubereats.com/reno/food-delivery/boston-market-4801-kietzke-lane/DUaQjRbSR3WqfqcyXDobXA,reno
https://www.ubereats.com/reno/food-delivery/arbys-2899-northtowne-lane/spDwmhTYR4a3bpS7sgHFRA,reno
https://www.ubereats.com/reno/food-delivery/bjs-restaurant-%26-brewhouse-13999-s-virgina/XNZ9JsZ_Q6O_fh9uTrYJMg,reno
https://www.ubereats.com/reno/food-delivery/lakeside-bar-%26-grill/gO0Po1HbT6GnOyxxLDM1rA,reno
https://www.ubereats.com/reno/food-delivery/sierra-nevada-chocolates/ld-fnYThQP6bzfTqP9yZkw,reno
https://www.ubereats.com/reno/food-delivery/calafuria-the-lasagna-bar/jPcULqRqT4W7_TM9HE6kcA,reno
https://www.ubereats.com/reno/food-delivery/taco-bell-601-e-moana-lane/G7OA4Gc-Ty2D1FSnBjam0Q,reno
https://www.ubereats.com/reno/food-delivery/starbucks-5th-%26-nevada-reno/YChwO-JxRH2dppm3jpWKuQ,reno
https://www.ubereats.com/reno/food-delivery/orange-pedal/Z9hL24XWQWWU3rfA-YrxFg,reno
https://www.ubereats.com/reno/food-delivery/two-guys-from-hong-kong/v60RWJB-Qxu2mEywDw0HJQ,reno
https://www.ubereats.com/reno/food-delivery/bab-cafe-downtown/4h6OYqmwQJqO_DnRr0r5hw,reno
https://www.ubereats.com/reno/food-delivery/annas-taqueria/1PwrdWClQf2KOzc_aaeARQ,reno
https://www.ubereats.com/reno/food-delivery/quiznos-2905-northtowne-ln/3GkWRsfuTcyjfGp8qa7lQA,reno
https://www.ubereats.com/reno/food-delivery/port-of-subs-10555-stead-blvd-%2314/ulceQPIpRQSMiWbWyfkNhg,reno
https://www.ubereats.com/reno/food-delivery/fat-cat-bar-%26-grill/z4NjnmPvSmqPZivb_Mh9uw,reno
https://www.ubereats.com/reno/food-delivery/murrietas-sparks/o7OaXPjJQaWlujKG2UtH4A,reno
https://www.ubereats.com/reno/food-delivery/starbucks-7th-%26-keystone-reno/dG6Ie4bnTzCsTv18WooHqA,reno
https://www.ubereats.com/reno/food-delivery/mcdonalds-mae-anne-ave-%26-n-mccarran-blvd/w38JTeaET4K8jNMgYaF6Ww,reno
https://www.ubereats.com/reno/food-delivery/mcdonalds-120-lemmon-dr/pjZ3ysXZQfuEIwOjP2Yd2Q,reno
https://www.ubereats.com/reno/food-delivery/port-of-subs-662-n-mccarran-blvd/QAdCTbe0QoOEYJWpDp5IOw,reno
https://www.ubereats.com/reno/food-delivery/subway-250-vista-knoll-pkwy/n2KbWyc4RPi-hWidHHgcvQ,reno
https://www.ubereats.com/reno/food-delivery/pf-changs-5180-s-kietzke-ln/vU1a3fseQoqxCnFZArlTzQ,reno
https://www.ubereats.com/reno/food-delivery/l%26l-hawaiian-bbq-5150-mae-anne-ave-ste-204/kzNzbFZ7TLunNQ73XgzSgQ,reno
https://www.ubereats.com/reno/food-delivery/crazy-ds-hot-chicken/yvpnVpwBRYy6maaFDImd6Q,reno
https://www.ubereats.com/reno/food-delivery/the-little-nugget-casino-diner/eeZuA0eyRxqncOwPAUJ98g,reno
https://www.ubereats.com/reno/food-delivery/five-guys-nv-1614/eyhXF3B9T7ms9uopCUEBpw,reno
https://www.ubereats.com/reno/food-delivery/kitzmo-sushi/N5GW516DQLKaX4A0-zjAEw,reno
https://www.ubereats.com/reno/food-delivery/brauhaus-701/5V_1uEAeQmeFqMGi3qgJoQ,reno
https://www.ubereats.com/reno/food-delivery/pizzava/BNlOZQuTSpqPeGLpWSxdzw,reno
https://www.ubereats.com/reno/food-delivery/ricks-pizza-beer-%26-more/YP6dh89BScq1mOPxIwVQHg,reno
https://www.ubereats.com/reno/food-delivery/chemas-the-real-taco/4R7tp_rvRu-UexvSrpmg6Q,reno
https://www.ubereats.com/reno/food-delivery/hummus-fresh-robb-%26-mae-anne/iJHpb2D0SOqbAuqulwDbXw,reno
https://www.ubereats.com/reno/food-delivery/jack-in-the-box-5095-s-mccarran-blvd/S4viLyyQQgC-Iw7sBh4BdQ,reno
https://www.ubereats.com/reno/food-delivery/port-of-subs-18122-wedge-parkway/vCrriHSDQDaVZF0sPQDAow,reno
https://www.ubereats.com/reno/food-delivery/gourmet-pizzas/8XvBKjb6TXq9joRnN5f43w,reno
https://www.ubereats.com/reno/food-delivery/mcdonalds-10595-stead-blvd-reno/I8Cy5vYTQAGusvZpxTPCmw,reno
https://www.ubereats.com/reno/food-delivery/pignic-pub-and-patio/0TZ9UQuKRIGtajkzg1-ezA,reno
https://www.ubereats.com/reno/food-delivery/la-parada-restaurant/J3di4wpvQ6qNZ3Lr0cRxcw,reno
https://www.ubereats.com/reno/food-delivery/great-full-gardens-%26-eatery/mVDdRW2ZTemKO59eR6UoFA,reno
https://www.ubereats.com/reno/food-delivery/burger-king-1025-n-hills-blvd/UoV_wGisTc-mkzj9hE55Pw,reno
https://www.ubereats.com/reno/food-delivery/jostella-coffee-company/ZURKdgbPTu20vQs3rcQG4w,reno
https://www.ubereats.com/reno/food-delivery/ikes-love-and-sandwiches-reno/Fwvovc_-SFq-hM-E2XrAcg,reno
https://www.ubereats.com/reno/food-delivery/chicagos-pizza-with-a-twist-reno/v1R4UZOvQq-LNSzVX__QZQ,reno
https://www.ubereats.com/reno/food-delivery/pizanos-pizza/X66tpf8QQQC5d1uP4sGEcw,reno
https://www.ubereats.com/reno/food-delivery/rocky-mountain-chocolate-factory/fpZVUf0sRwicf5uhlKjsmQ,reno
https://www.ubereats.com/reno/food-delivery/squeeze-insparks-blvd/6rlvDUzKRfeIje6zGOkVyg,reno
https://www.ubereats.com/reno/food-delivery/papa-murphys-155-lemmon-drive/Eyb8dpXNTe2gmJjV-R3l1w,reno
https://www.ubereats.com/reno/food-delivery/thali/mCEQwKonSFGsbz0WVC1P5Q,reno
https://www.ubereats.com/reno/food-delivery/taco-bell-5165-mae-anne-avenue/28Kzi862RuyLxXGTYpa54w,reno
https://www.ubereats.com/reno/food-delivery/the-original-mels-damonte-ranch/tyxc5pAtQNOLtd3yuE_VUg,reno
https://www.ubereats.com/reno/food-delivery/sushi7/6rgyMts_QSCj8ALOBf9K7Q,reno
https://www.ubereats.com/reno/food-delivery/kfc-1805-silverada-boulevard/VLPZjAhRRQefyguf-vPrjQ,reno
https://www.ubereats.com/reno/food-delivery/keva-juice-las-brisas-%26-mccarran/GkBsL4MBSZWNfaxUv8mbhg,reno
https://www.ubereats.com/reno/food-delivery/auntie-annes-5267-meadowood-circle/iJp58FUZQDm5eeiD7TvYNQ,reno
https://www.ubereats.com/reno/food-delivery/dish-cafe/F-kJNTG9Tr-P_YWGIJFl3w,reno
https://www.ubereats.com/reno/food-delivery/red-robin-438-4712-galleria-pkwy/7rt66xg8SISjSrDU3jyl4Q,reno
https://www.ubereats.com/reno/food-delivery/qdoba-135-lemmon-dr/7y4XDn18T3WZPWzFgU_X5g,reno
https://www.ubereats.com/reno/food-delivery/pizza-express/3ka5SAU2TH2Foun97rYxrQ,reno
https://www.ubereats.com/reno/food-delivery/taco-johns-770-s-wells-avenue/27aebY3kQNiISOrVGXWEMQ,reno
https://www.ubereats.com/reno/food-delivery/port-of-subs-1357-baring-blvd/QNJ4iQuXSMmmw2DIAXLu_Q,reno
https://www.ubereats.com/reno/food-delivery/burgerim-1180-scheels-drive/eQV30ELkRgWdZvcyzeArIA,reno
https://www.ubereats.com/reno/food-delivery/black-bear-diner-235-n-mccarran-boulevard/Bm1HSV0bSk63OPh1tvcm1g,reno
https://www.ubereats.com/reno/food-delivery/carniceria-las-mesitas/31OgyzrqQI6cHFiq6gXObw,reno
https://www.ubereats.com/reno/food-delivery/carmelitas-taqueira/YPCuSJQaQIaca69frvZbHg,reno
https://www.ubereats.com/reno/food-delivery/pop-up-pies-vr/ARogCilDTQKzupn8wmzQjw,reno
https://www.ubereats.com/reno/food-delivery/piezzetta/MIgyNZxsTwKsNCb3ZR43Lw,reno
https://www.ubereats.com/reno/food-delivery/burger-king-1055-south-rock-street/vVm5BwS3T2aDSTBqjkUA9g,reno
https://www.ubereats.com/reno/food-delivery/an-asian-kitchen/NfmFQDk5R8Cc6MW4R4zFHw,reno
https://www.ubereats.com/reno/food-delivery/great-full-gardens-cafe/jqTm33fERqugOcnON6SDIA,reno
https://www.ubereats.com/reno/food-delivery/asuka/rGFJ4SPRSsWgwDSUiIIsAw,reno
