url,city
https://www.ubereats.com/dallas/food-delivery/flying-saucer-draught-emporium-fort-worth/LuGRKP1yQWSneMBl3I7-TQ,richland-hills-texas
https://www.ubereats.com/dallas/food-delivery/new-york-pizza-%26-pasta/vboKhCqjRlaL-bsV2t4yRw,richland-hills-texas
https://www.ubereats.com/dallas/food-delivery/seven-day-donuts/a2drZuwzRViay4NfX52PjA,richland-hills-texas
https://www.ubereats.com/dallas/food-delivery/subway-5354-rufe-snow-dr/Jw8941RqS2uVnQHrUgJCSg,richland-hills-texas
https://www.ubereats.com/dallas/food-delivery/stone-pit-inc/h9ITc7XfRcSG0EPfbtMHig,richland-hills-texas
https://www.ubereats.com/dallas/food-delivery/chihuahua-charlies-cantina/LUgmwjhtS5qavaXmzfMhOA,richland-hills-texas
https://www.ubereats.com/dallas/food-delivery/zs-cafe-fort-worth/LwiVNJKOQDuTHuio7KtWEw,richland-hills-texas
https://www.ubereats.com/dallas/food-delivery/mcdonalds-ft-worth-txi-35-western-center/YCgF3DuaR4KqU2uzNJWQrA,richland-hills-texas
https://www.ubereats.com/dallas/food-delivery/subway-233-n-industrial-blvd/t5qYwW5sTval0OZtAD9FCg,richland-hills-texas
https://www.ubereats.com/dallas/food-delivery/bobaddiction/KBjhfxzVTU2vUhmBLqeT9A,richland-hills-texas
https://www.ubereats.com/dallas/food-delivery/mcdonalds-no-richland-hills-rufe-snow/DTFOEVFRTWi3ZiW9rRGJIQ,richland-hills-texas
https://www.ubereats.com/dallas/food-delivery/chuck-e-cheese-7935-boulevard-26/nv6D_I3AQOGHcQ7FbI3Suw,richland-hills-texas
https://www.ubereats.com/dallas/food-delivery/applebees-945-n-saginaw-blvd/8H2WNjEvQoKRZ73XSkUdMQ,richland-hills-texas
https://www.ubereats.com/dallas/food-delivery/sushi-nomi/C4N7NUILRVOdG4MOBYxnqA,richland-hills-texas
https://www.ubereats.com/dallas/food-delivery/new-yorker-pizza/ycuekIkQQ1qtWAYi7RgqMw,richland-hills-texas
https://www.ubereats.com/dallas/food-delivery/subway-2977-s-precinct-line-rd/fEa85tHATUSShXpr5WwFRA,richland-hills-texas
https://www.ubereats.com/dallas/food-delivery/piranha-killer-sushi-north-arlington/WZfcPiheR_-Dj9zuThLzxw,richland-hills-texas
https://www.ubereats.com/dallas/food-delivery/shipleys-do-nuts/8lo1PCU4Tq2l1-eUl47EpQ,richland-hills-texas
https://www.ubereats.com/dallas/food-delivery/my-lan-vietnamese-kitchen/HIHPhmVdQ36yUud6RAqoQQ,richland-hills-texas
https://www.ubereats.com/dallas/food-delivery/ahoyama/mg6ZR9WHSIemSR8-sv06mA,richland-hills-texas
https://www.ubereats.com/dallas/food-delivery/mangos-grill-western-center-blvd/1wEkuJudRE6SQ_aUQA4Syw,richland-hills-texas
https://www.ubereats.com/dallas/food-delivery/burger-box-bedford/QJzjqmvPTIe_SvCX3NLCPw,richland-hills-texas
https://www.ubereats.com/dallas/food-delivery/fuzzys-taco-shop-9180-north-fwy-ste-500/cO9VbLpJTv6WiH2NkWRSxg,richland-hills-texas
https://www.ubereats.com/dallas/food-delivery/ederville-grill/c43OVVsAQ5ObN9almobT3A,richland-hills-texas
https://www.ubereats.com/dallas/food-delivery/muggle-shakes-frozen-yogurt/3EdaJeaxR1CGneT7jw6Nyg,richland-hills-texas
https://www.ubereats.com/dallas/food-delivery/southern-classic-daiquiri-factory/2mcahS_ISmOJndxhzrejNw,richland-hills-texas
https://www.ubereats.com/dallas/food-delivery/kfc-3116-harwood-road/ymZ69ewoQRyNuTA4pVURxg,richland-hills-texas
https://www.ubereats.com/dallas/food-delivery/subway-6245-rufe-snow-dr/4ZZF51p5TD6UCknSjCoAOQ,richland-hills-texas
https://www.ubereats.com/dallas/food-delivery/smoothie-king-775-grapevine-highway/rU1pGUTZQlu8RpTEkbHeew,richland-hills-texas
https://www.ubereats.com/dallas/food-delivery/burger-king-7047-boulevard-26/5GU1zfZtSEqOtAXwUXdOkA,richland-hills-texas
https://www.ubereats.com/dallas/food-delivery/delucca-gaucho-pizza-%26-wine/KK8WW5GqQeqlzCvQLOfV8w,richland-hills-texas
https://www.ubereats.com/dallas/food-delivery/del-friscos-double-812-main-st/zueevfiQTeKXFOShgeyCJQ,richland-hills-texas
https://www.ubereats.com/dallas/food-delivery/riverbend-cafe-and-catering/igXhlD65QYKLwFdtlUrZ9w,richland-hills-texas
https://www.ubereats.com/dallas/food-delivery/tropical-smoothie-cafe-fort-worth/pp8jx9kYQzW1MtolpIGp8g,richland-hills-texas
https://www.ubereats.com/dallas/food-delivery/panda-house/gOxbFJnGQaSnXjyQjslaLA,richland-hills-texas
https://www.ubereats.com/dallas/food-delivery/zaritas-mexican-grill/XkkaYRuPQcu6E1MeSc4RYw,richland-hills-texas
https://www.ubereats.com/dallas/food-delivery/one-love-lounge/G8teP6HUT--MyWyuOrH3pA,richland-hills-texas
https://www.ubereats.com/dallas/food-delivery/panda-express-8601-anderson-blvd/lPjn9cDpSuCzkoVLZStcJA,richland-hills-texas
https://www.ubereats.com/dallas/food-delivery/jimadores-mexican-cuisine/wOW34P-wRVe-IEJ1A4kYMw,richland-hills-texas
https://www.ubereats.com/dallas/food-delivery/hibachi-teppanyaki-and-sushi-bar/p_3tl3_GRIKu7G_1D4uaiQ,richland-hills-texas
https://www.ubereats.com/dallas/food-delivery/mcdonalds-ft-worth-e-lncst/J3TRe1R0RnyS9ShHKN-5Iw,richland-hills-texas
https://www.ubereats.com/dallas/food-delivery/sonic-1700-western-center-blvd/UXX8uPROTTqHsJzSJ0TUDg,richland-hills-texas
https://www.ubereats.com/dallas/food-delivery/shell-shack-arlington/lIlpPjr2TJSs8-OxDe7O3g,richland-hills-texas
https://www.ubereats.com/dallas/food-delivery/razzoos-cajun-cafe-sundance/hT6jUv2bTGmWy8brqUCfhA,richland-hills-texas
https://www.ubereats.com/dallas/food-delivery/papa-murphys-pizza-tx251-2816-central-dr/iXILqg6GTLuInGHiAWfRqg,richland-hills-texas
https://www.ubereats.com/dallas/food-delivery/taco-bell-1060-n-beach-st/fgNLOHEKRZuiRaA5DOZKLA,richland-hills-texas
https://www.ubereats.com/dallas/food-delivery/taco-bell-1221-oakland-blvd/ytZlt5CzTR6DgVdpFd1TLQ,richland-hills-texas
https://www.ubereats.com/dallas/food-delivery/argentinas-sweet-%26-salty/b_r2ymLTQZS42LxJF5I41w,richland-hills-texas
https://www.ubereats.com/dallas/food-delivery/firehouse-subs-n-richland-hills/qswNUVILS-iiFRbtkDjYwg,richland-hills-texas
https://www.ubereats.com/dallas/food-delivery/new-york-eats-arlington/igP3MLSfRnCV_IxCP6NT9g,richland-hills-texas
https://www.ubereats.com/dallas/food-delivery/grace-donut/Qi50vO7mSWmZACL2P3pOCQ,richland-hills-texas
https://www.ubereats.com/dallas/food-delivery/pitstop-bar-and-grill/c81nTc68RyCbOf7FeBI_SA,richland-hills-texas
https://www.ubereats.com/dallas/food-delivery/krispy-kreme-s-cooper-st-%26-colorado-ln/VpTMBWEKToOsLMs05YcZqQ,richland-hills-texas
https://www.ubereats.com/dallas/food-delivery/creative-memories-the-sweet-spot-bakery/XorVSo-vSVqHq2_dHjCeEQ,richland-hills-texas
https://www.ubereats.com/dallas/food-delivery/romas-italian-pizza-north-richland/o59mltIwSKGKiQECmk22nw,richland-hills-texas
https://www.ubereats.com/dallas/food-delivery/easy-freshly/HN88NmfUQbeN_-hjH1cFxw,richland-hills-texas
https://www.ubereats.com/dallas/food-delivery/papawady-asian-restaurant/7owgFmP7T_6UKJd-L1WepQ,richland-hills-texas
https://www.ubereats.com/dallas/food-delivery/tuk-tuk-thai/KKln0SOISRuGII5HPy-koA,richland-hills-texas
https://www.ubereats.com/dallas/food-delivery/lula-vs-lounge/-2YG9-A2QhGIxuUrxyUvPA,richland-hills-texas
https://www.ubereats.com/dallas/food-delivery/joes-crab-shack-3040-western-center-blvd/ZpY_wSmXSg2ECNUYNT88Tg,richland-hills-texas
https://www.ubereats.com/dallas/food-delivery/donut-delight/Nzv1DF__R0CM2Q4jvCM02w,richland-hills-texas
https://www.ubereats.com/dallas/food-delivery/zoes-kitchen-7300-denton-hwy/9CnFsdnLSfuV1GPTO0FK4g,richland-hills-texas
https://www.ubereats.com/dallas/food-delivery/la-conchita/V9E6j9FNSQm5ZQGvJ9k5lw,richland-hills-texas
https://www.ubereats.com/dallas/food-delivery/trinity-street-food-ector-dr/iyMx39wkREW0kE4f3fhgmg,richland-hills-texas
https://www.ubereats.com/dallas/food-delivery/tazikis-mediterranean-cafe-southlake/HMZhEPiqTq-Hp63kzL3SyA,richland-hills-texas
https://www.ubereats.com/dallas/food-delivery/the-thai-house/zNqPgU19TCydHOHrea_jqw,richland-hills-texas
https://www.ubereats.com/dallas/food-delivery/taco-cabana-6551-n-beach-st/U-ysZVyzQ9Woi2YgspLfCw,richland-hills-texas
https://www.ubereats.com/dallas/food-delivery/sabai-sabai-southeast-asian-kitchen/cl1GrYsiQjii3ygR-5RBJg,richland-hills-texas
https://www.ubereats.com/dallas/food-delivery/stop-n-go-gyros-8401-boulevard/3MapOE1qS0OdhTFQ8oY0rw,richland-hills-texas
https://www.ubereats.com/dallas/food-delivery/dickeys-bbq-pit-n-industrial-blvd-%26-bedford-rd/0qkn7PBeQi24gk8KWF8yVw,richland-hills-texas
https://www.ubereats.com/dallas/food-delivery/mcdonalds-arl-n-colin/eA2GnUQKRKuYwP_AVjejQg,richland-hills-texas
https://www.ubereats.com/dallas/food-delivery/juicy-cuties-boba/ZIfWFeriScOGawolKSgYvA,richland-hills-texas
https://www.ubereats.com/dallas/food-delivery/sonic-8875-grapevine-hwy/TkHr3MD8RWGY7WKxmncThw,richland-hills-texas
https://www.ubereats.com/dallas/food-delivery/cowtown-brewing/CrXPBiXGStuBJYk0jwtjUg,richland-hills-texas
https://www.ubereats.com/dallas/food-delivery/cristinas-fine-mexican-restaurant-fort-worth/jESH59dXR4qXDZ2bRATPqA,richland-hills-texas
https://www.ubereats.com/dallas/food-delivery/a-wok-that-rocks/XYG5BSJjT5Ojpp3xDk20LQ,richland-hills-texas
https://www.ubereats.com/dallas/food-delivery/sonic-1451-w-hurst-boulevard/G7o_ZEQfTFW4FcL-iiFEvA,richland-hills-texas
https://www.ubereats.com/dallas/food-delivery/kintaro-ramen/9AjSR0qmRfWn1v1g1E300A,richland-hills-texas
https://www.ubereats.com/dallas/food-delivery/ihop-3026-arlington/qiBd1azERsywrZi4vd2gHA,richland-hills-texas
https://www.ubereats.com/dallas/food-delivery/bedford-ice-house/8Sz3Q_1_Q2egsc3C5S0Kkw,richland-hills-texas
https://www.ubereats.com/dallas/food-delivery/mcdonalds-hurst-pipeline/H-Mlw1kIS0qUz0_ZmKGEyw,richland-hills-texas
https://www.ubereats.com/dallas/food-delivery/lava-asian-grill/cA0PD9AVR6-5Y2z66wUpTA,richland-hills-texas
https://www.ubereats.com/dallas/food-delivery/firehouse-subs-alliance/bGUHOOazSZGdAKDklA3DYg,richland-hills-texas
https://www.ubereats.com/dallas/food-delivery/hooters-grapevine-hwy-%26-ne-loop-820/U63lr31xRSW3ugmwQOxFJg,richland-hills-texas
https://www.ubereats.com/dallas/food-delivery/desi-veggie-corner/bzfcvbvqR6CVQOc5av_mxw,richland-hills-texas
https://www.ubereats.com/dallas/food-delivery/spice-8/koHubseGSOKBWtvAqP6vwg,richland-hills-texas
https://www.ubereats.com/dallas/food-delivery/the-buffalo-spot-arlington/c000G_QlS--EVxODFbGDWQ,richland-hills-texas
https://www.ubereats.com/dallas/food-delivery/caffinis-cafe-%26-deli/Y7tfMU9jS-StuM4G7Ed-kA,richland-hills-texas
https://www.ubereats.com/dallas/food-delivery/taqo-guy/rkFZlz6CTImsqLCJeKlqgA,richland-hills-texas
https://www.ubereats.com/dallas/food-delivery/smokeys-bbq/grurBFMYRkWkWcS7TFiE-A,richland-hills-texas
https://www.ubereats.com/dallas/food-delivery/chicken-express-8657-n-beach-st/PLIjlzD4RjOMgf3_gbEhbg,richland-hills-texas
https://www.ubereats.com/dallas/food-delivery/cicis/Mr4jj56mSc2u5_AmRbTneg,richland-hills-texas
https://www.ubereats.com/dallas/food-delivery/papa-johns-4311-little-road/txpYPlpiRj-XR4UjZ04l5A,richland-hills-texas
https://www.ubereats.com/dallas/food-delivery/which-wich-superior-sandwiches-2908-texas-sage-trail/lrF9_X9GQ3-uOLLEUwRP9A,richland-hills-texas
https://www.ubereats.com/dallas/food-delivery/donuts-house/A2cVCpglSge7hEQtSSAW3A,richland-hills-texas
https://www.ubereats.com/dallas/food-delivery/el-pollo-loco-1900-central-dr3804/kU8Wvo5vTNmxAwk4FLGLOw,richland-hills-texas
https://www.ubereats.com/dallas/food-delivery/buffalo-wings-%26-rings-2150-e-lamar-blvd/W9qqVlhqSfqireTsSdHfEw,richland-hills-texas
https://www.ubereats.com/dallas/food-delivery/starbucks-sundance-square-plaza/Fgt75x5GR92YRZP4sfEEhg,richland-hills-texas
https://www.ubereats.com/dallas/food-delivery/pupuseria-el-tamarindo/UIF19T5ISFa8S1yxJ_YM3w,richland-hills-texas
https://www.ubereats.com/dallas/food-delivery/sushiyaa-north-richland-hills/X1fG0W82Tpaz7qfagxCXLQ,richland-hills-texas
https://www.ubereats.com/dallas/food-delivery/bosses-brickoven-pizza-lake-worth-blvd/M2y80IgUR6-krA6CWZMxnQ,richland-hills-texas
https://www.ubereats.com/dallas/food-delivery/mcdonalds-hurst-tx-airport-frwy-precinct-line/gqx6W0hBT32X4bhlJxARWA,richland-hills-texas
https://www.ubereats.com/dallas/food-delivery/burger-king-8012-denton-highway/Hak84XIEQ329T_qs4NGYSg,richland-hills-texas
https://www.ubereats.com/dallas/food-delivery/hollywood-burger-keller/F7htwNfgRzWYmidiwW2mng,richland-hills-texas
https://www.ubereats.com/dallas/food-delivery/sana-indian-restaurant/uWsI3nA8QA2CeZ5FAYy3Rg,richland-hills-texas
https://www.ubereats.com/dallas/food-delivery/taco-bell-6162-meadowbrook-dr/IgrrYVZPSkyNfcnKZ07mFw,richland-hills-texas
https://www.ubereats.com/dallas/food-delivery/pepes-pizza/y7aH7iwxRSWG3jlIbALIWA,richland-hills-texas
https://www.ubereats.com/dallas/food-delivery/sonic-euless/xStbshKqTlCkFf7V5ii37Q,richland-hills-texas
https://www.ubereats.com/dallas/food-delivery/dinos-pizza/Sv5WNb8rTf644lEnT8N9Qw,richland-hills-texas
https://www.ubereats.com/dallas/food-delivery/papa-murphys-tx058-1201-longhorn-road-suite-145/9Xw1RDNxRX6sF747-3rnVA,richland-hills-texas
https://www.ubereats.com/dallas/food-delivery/taqueria-taxco-%235-wichita-st/mzwpz9VxT7yZxHp0nhW39w,richland-hills-texas
https://www.ubereats.com/dallas/food-delivery/campfire-grill-texas-kitchen/3crVnLg5QjCUpnZoBCjqMQ,richland-hills-texas
https://www.ubereats.com/dallas/food-delivery/hashi-japanese-kitchen/0tmWzhR5RgaPZdVP0afIpw,richland-hills-texas
https://www.ubereats.com/dallas/food-delivery/cantina-laredo-fort-worth/xfw84rTbT2--FRYXPQGjGQ,richland-hills-texas
https://www.ubereats.com/dallas/food-delivery/taqueria-el-toro/b_1HxO6HTBmLodc9_Qcz4A,richland-hills-texas
https://www.ubereats.com/dallas/food-delivery/zero-degrees-north-arlington/VxaL3bJdQZGxYowCsflz7A,richland-hills-texas
https://www.ubereats.com/dallas/food-delivery/tacos-cantu-fort-worth/qaftZsvKRcmWPEe_EihETQ,richland-hills-texas
https://www.ubereats.com/dallas/food-delivery/dannys-tacos-%26-grill/2l3eBGfwTFSN1azVDhHlFg,richland-hills-texas
https://www.ubereats.com/dallas/food-delivery/asian-buffet/hPV_knaeQ9-OcuR2BvWelw,richland-hills-texas
https://www.ubereats.com/dallas/food-delivery/jon-smith-subs/A5oTgK-tRy-_8NA5TEWO3g,richland-hills-texas
https://www.ubereats.com/dallas/food-delivery/panda-express-1000-n-collins/02nrp386R8O2v9vKbIIhIg,richland-hills-texas
https://www.ubereats.com/dallas/food-delivery/la-bistro-italian-restaurant/aTnHO_cpTMiFOh7-tXOqCw,richland-hills-texas
https://www.ubereats.com/dallas/food-delivery/pink-beet-cafe/WE1UDQ_FQd6CpgYeFxCY6Q,richland-hills-texas
https://www.ubereats.com/dallas/food-delivery/krispy-kreme-denton-hwy-%26-starnes-rd/KDMH6_KVSDaLSEygJAX1ww,richland-hills-texas
https://www.ubereats.com/dallas/food-delivery/beirut-grill/1AWMBSh7QPKHRo3x36QI6Q,richland-hills-texas
https://www.ubereats.com/dallas/food-delivery/donut-express/FJxTFnVzQNqTHCAa8kZK5g,richland-hills-texas
https://www.ubereats.com/dallas/food-delivery/los-jimadores-tex-mex-tequila-factory-bedford/N2g7Au6xQo2Thy7-yA525Q,richland-hills-texas
https://www.ubereats.com/dallas/food-delivery/italiannis-restaurant/hk3Jw2DERz6bp9ySNDyUig,richland-hills-texas
https://www.ubereats.com/dallas/food-delivery/mcdonalds-bedford-tx-central-drive/sa1lg-dSRzalMQ9LtbzunQ,richland-hills-texas
https://www.ubereats.com/dallas/food-delivery/bennys-cafe-breakfast-and-lunch/3TaNP7mxSZu5rAJ0LHZPgw,richland-hills-texas
https://www.ubereats.com/dallas/food-delivery/ocean-seafood-market/GIVm9f7BSE22I1yx6ZJrWw,richland-hills-texas
https://www.ubereats.com/dallas/food-delivery/malai-kitchen-southlake/vhHn_tf-S6aH3LRrP9Iixw,richland-hills-texas
https://www.ubereats.com/dallas/food-delivery/ihop-1425-east-chase/N1tTcAbgQcqc_BDkrqNJbQ,richland-hills-texas
https://www.ubereats.com/dallas/food-delivery/taco-bell-1435-east-chase-parkway/AzGmKORXT3G8zaO6ccU6FQ,richland-hills-texas
https://www.ubereats.com/dallas/food-delivery/los-cuando-best-burritos/9QQXzADDTK-lDcCLuLEGpg,richland-hills-texas
https://www.ubereats.com/dallas/food-delivery/taco-bell-5340-blue-mound-rd/uPnXj_FHQPyXmDTKnMZ4dg,richland-hills-texas
https://www.ubereats.com/dallas/food-delivery/ze-ze-mart/_V0ZfZuURB6ytWJnsqEzlg,richland-hills-texas
https://www.ubereats.com/dallas/food-delivery/egg-haven-cafe/13G5qu7mSx2bZs_4XS4RFg,richland-hills-texas
https://www.ubereats.com/dallas/food-delivery/jersey-mikes-subs-1308-w-pipeline-rd/NFTfXgN6T8qGOtTvcFOkKg,richland-hills-texas
https://www.ubereats.com/dallas/food-delivery/southern-recipes-grill-arlington/QZpS4EUaSrCDFXjp5H3D7A,richland-hills-texas
https://www.ubereats.com/dallas/food-delivery/mrjimspizza-0021-2430-n-davis-dr/6cbYH-abR3uNJsNMPYP-ew,richland-hills-texas
https://www.ubereats.com/dallas/food-delivery/black-walnut-cafe-colleyville/0AUTO1iURE65rlTURMoewQ,richland-hills-texas
https://www.ubereats.com/dallas/food-delivery/long-john-silvers-4561-western-center-blvd/TRKn6zboTvad0bZtoVhw4A,richland-hills-texas
https://www.ubereats.com/dallas/food-delivery/jersey-mikes-subs-1624-basswood-blvd/XkQmioTfSSWEnfMi9Z31Dw,richland-hills-texas
https://www.ubereats.com/dallas/food-delivery/cicis-1453-n-saginaw-blvd/Qu6HKQXUSVKMXHgztyRYcQ,richland-hills-texas
https://www.ubereats.com/dallas/food-delivery/zezes-mart/3jfhSA17Tze71fy1B_sPGQ,richland-hills-texas
https://www.ubereats.com/dallas/food-delivery/pei-wei-4133-s-cooper-st/p6zBhNMVRp6wpgPw5E9eqg,richland-hills-texas
https://www.ubereats.com/dallas/food-delivery/wild-blueberries-frozen-yogurt-gelato-boba-tea-and-coffees/eXQHa-L9Rm6uX29sTZENRA,richland-hills-texas
https://www.ubereats.com/dallas/food-delivery/bjs-restaurant-%26-brewhouse-952-north-east-loop-820/51ITi2cOTC6QOQ95cYU_RQ,richland-hills-texas
https://www.ubereats.com/dallas/food-delivery/pizza-garden/iQoyChEWS6Os0ElTRaBtQw,richland-hills-texas
https://www.ubereats.com/dallas/food-delivery/panda-express-9013-north-freeway/GWFZx043TCiCe8BY9unHnA,richland-hills-texas
https://www.ubereats.com/dallas/food-delivery/busy-bs-bakery/TG0aeJV_QliYWDzOfZjEIw,richland-hills-texas
https://www.ubereats.com/dallas/food-delivery/ihop-4600-w-baily-boswell-rd/7WaNxEweQmijsfpFUAfpdA,richland-hills-texas
https://www.ubereats.com/dallas/food-delivery/sphere-boba-tea/1RwhKeMeQUqaFj7nR8eq2Q,richland-hills-texas
https://www.ubereats.com/dallas/food-delivery/wilsons-bbq/5wF9ZLsMQDSOZjT9P6FHkw,richland-hills-texas
https://www.ubereats.com/dallas/food-delivery/ra-sushi-southlake/Ybh2v9oRR_SsdRG9hd-QZw,richland-hills-texas
https://www.ubereats.com/dallas/food-delivery/olives-mediterranean-grill/ljj4RrEgT5eckaB0bq_sKA,richland-hills-texas
https://www.ubereats.com/dallas/food-delivery/menchies-frozen-yogurt-4709-colleyville-blvd/aTr8W24iS4qgmTfODdJmBQ,richland-hills-texas
https://www.ubereats.com/dallas/food-delivery/coolgreens-southlake/e99UqatyRhS91fRKx_R_zg,richland-hills-texas
https://www.ubereats.com/dallas/food-delivery/sweet-maliks/KWOvNydvQOi9Bij7Txn9Xg,richland-hills-texas
https://www.ubereats.com/dallas/food-delivery/ashims-hibachi-grill/o6yWzIt_RaGp74Euc7ZxLw,richland-hills-texas
https://www.ubereats.com/dallas/food-delivery/super-gyros-arlington/ZwZEeL-ATqazADYcgl1FyA,richland-hills-texas
https://www.ubereats.com/dallas/food-delivery/on-the-border-fossil-creek/-oA8OK27SrW5Vao5PWEhZg,richland-hills-texas
https://www.ubereats.com/dallas/food-delivery/tastebuds-live/dBjRq9waSYGMNxqsXoy5mg,richland-hills-texas
https://www.ubereats.com/dallas/food-delivery/mcdonalds-ft-worth-tx-renaissance-square/dlXichqjS62K4jim5v5rpg,richland-hills-texas
https://www.ubereats.com/dallas/food-delivery/golden-thai-cuisine/4pU6DlQEQUKGGqtt0tV3xg,richland-hills-texas
https://www.ubereats.com/dallas/food-delivery/starbucks-i-35-%26-western-center/Lthizi6XQ_iPR86_cIcjrw,richland-hills-texas
https://www.ubereats.com/dallas/food-delivery/taco-cabana-801-n-beach-st/sl9lD4yvTRKan_rC_YFunw,richland-hills-texas
https://www.ubereats.com/dallas/food-delivery/burgerfi-fort-worth/p7GW75lbQX26-WDQDOOEvw,richland-hills-texas
https://www.ubereats.com/dallas/food-delivery/our-brunch-spot/CR7JZi0ZTsmAerVqrbWGYw,richland-hills-texas
https://www.ubereats.com/dallas/food-delivery/taco-bueno-3154-nrh-%233/wjRvxBObSBmE495uD-VnFA,richland-hills-texas
https://www.ubereats.com/dallas/food-delivery/taco-bueno-3044-nrh-%232/2WNIyxM-TBGgST9acRHTXQ,richland-hills-texas
https://www.ubereats.com/dallas/food-delivery/mcdonalds-ft-worth-echase/JfouvEvLRd6voSgeciNi1Q,richland-hills-texas
https://www.ubereats.com/dallas/food-delivery/qdoba-mexican-eats-8924-tehama-ridge-pkwy/TH7nR4f7R-afavlFoSOCWw,richland-hills-texas
https://www.ubereats.com/dallas/food-delivery/chipotle-mexican-grill-2901-heritage-trace-pkwy-ste-101/26EfiACFQkC4whqRfombuw,richland-hills-texas
https://www.ubereats.com/dallas/food-delivery/sushi-sam/-1sFp88YTDKwO_oM6WX75Q,richland-hills-texas
https://www.ubereats.com/dallas/food-delivery/outback-steakhouse-813-airport-freeway/kAd5R2FARP6zhTWIVbwccQ,richland-hills-texas
https://www.ubereats.com/dallas/food-delivery/logans-roadhouse-362-948-north-east-loop-820/UYQUDQM6Tr6gSbKqmdRA-g,richland-hills-texas
https://www.ubereats.com/dallas/food-delivery/dons-seafood/nz3DkvaGTpW-xV4m13C76w,richland-hills-texas
https://www.ubereats.com/dallas/food-delivery/the-station-patio-icehouse/VQMgCnJHRT-v9YZhSPOLxg,richland-hills-texas
https://www.ubereats.com/dallas/food-delivery/starbucks-loop-820-%26-rufe-snow/loObazfQTS-z53Xg3LGSjQ,richland-hills-texas
https://www.ubereats.com/dallas/food-delivery/cracker-barrel-old-country-store-4300-south-bowen-road/zsf2mRWcQ8qKiavsAlnACg,richland-hills-texas
https://www.ubereats.com/dallas/food-delivery/popeyes-1100-airport-highway/9De6BCxiQ5uEZLeU6pGeuQ,richland-hills-texas
https://www.ubereats.com/dallas/food-delivery/kyushi-hibachi-%26-san/AGijL3EWQ8urRNxVYp4FZg,richland-hills-texas
https://www.ubereats.com/dallas/food-delivery/el-patron-tacos-y-tortas/uCFMZyHHSYCFrv8H9_gNKA,richland-hills-texas
https://www.ubereats.com/dallas/food-delivery/shell-shack/talGzvoFTvaLZs9CmRmajQ,richland-hills-texas
https://www.ubereats.com/dallas/food-delivery/like-totally-sweet-and-savory-food-truck/yjbgEvWmSoy3W9et5VbEig,richland-hills-texas
https://www.ubereats.com/dallas/food-delivery/starbucks-hwy-183-%26-hwy-157/fQm1A0WzTAWt-_ywXkE1Zw,richland-hills-texas
https://www.ubereats.com/dallas/food-delivery/halal-guys-1805-n-collins-st-arlington-texas-76011/uHid7PoaRDWin2kGKxwe7w,richland-hills-texas
https://www.ubereats.com/dallas/food-delivery/goldfish-sushi/9zIqQ2RtQrqjNJ3Cxj1WhQ,richland-hills-texas
https://www.ubereats.com/dallas/food-delivery/taco-bell-4650-n-tarrant-pkwy/2dRclB-vQeGcTdNb5Bae_Q,richland-hills-texas
https://www.ubereats.com/dallas/food-delivery/luna-grill-colleyville/I529XhxsSG2I2oq-RO_nYA,richland-hills-texas
https://www.ubereats.com/dallas/food-delivery/tonys-pizza-and-pasta/SW5hdZzNRym2V-utEkx3ZA,richland-hills-texas
https://www.ubereats.com/dallas/food-delivery/papa-johns-132-west-pipeline-road/ENitYMZAQpSb5sWt_I_HcA,richland-hills-texas
https://www.ubereats.com/dallas/food-delivery/fuzzys-taco-shop/DqNa0LKETreTiX7h6fKMQA,richland-hills-texas
https://www.ubereats.com/dallas/food-delivery/neighborhood-cafe/kxvYYDyERuWHPOOyCmZZjA,richland-hills-texas
https://www.ubereats.com/dallas/food-delivery/famous-georges-cafe/WH-TGoKXSJmhpcY82MRQ3w,richland-hills-texas
https://www.ubereats.com/dallas/food-delivery/pho-in-the-box-keller/GD4P9KrSRLKXxHtqitNvBA,richland-hills-texas
https://www.ubereats.com/dallas/food-delivery/mcdonalds-haltom-cty-belkn/C6Y9K6VTQ7iHw5lprDu7Hg,richland-hills-texas
https://www.ubereats.com/dallas/food-delivery/the-beacon-cafe-on-the-beach/V-wMWt87RAyiYQyANhV8ag,richland-hills-texas
https://www.ubereats.com/dallas/food-delivery/no-frills-grill-arlington/puKVet1eQqinc04IyTESAw,richland-hills-texas
https://www.ubereats.com/dallas/food-delivery/royals-fried-chicken/8IGvRLPQStuFFGP9Zg1W2Q,richland-hills-texas
https://www.ubereats.com/dallas/food-delivery/pyt-social-lounge-%26-grill/kwIZlZ9XQyWd195KVb-qEw,richland-hills-texas
https://www.ubereats.com/dallas/food-delivery/sara-donuts/Vsovje4NQzKiuHn3NWBnMA,richland-hills-texas
https://www.ubereats.com/dallas/food-delivery/donut-hole/hBXOrkGPQZypaDPWKrdJgA,richland-hills-texas
https://www.ubereats.com/dallas/food-delivery/vitos-pizza-%26-pasta-w-park-row-dr/dzinX59zRVSfcFkEMfixNg,richland-hills-texas
https://www.ubereats.com/dallas/food-delivery/classic-bjs-cafe/N_DxnPd1QaCIf8NAHxTjMQ,richland-hills-texas
https://www.ubereats.com/dallas/food-delivery/eagles-point-bar-%26-grill/6YqVlR9OQhGoMPFOeKgOLQ,richland-hills-texas
https://www.ubereats.com/dallas/food-delivery/simply-thai-keller/3o7YHuGRTMKTl8-FdmK41Q,richland-hills-texas
https://www.ubereats.com/dallas/food-delivery/jets-pizza-north-richland-hills/Tq-Sruh1TrWakAOpb5fNTw,richland-hills-texas
https://www.ubereats.com/dallas/food-delivery/nestle-toll-house-cafe-by-chip-140-e-exchange-ave/Br1RSmA0R8SuBtylBIHjeA,richland-hills-texas
https://www.ubereats.com/dallas/food-delivery/dickeys-bbq-pit-1320-chisholm-trail/ygMJnrgjQiK4QpCQuEEnAg,richland-hills-texas
https://www.ubereats.com/dallas/food-delivery/brewskis-hurst/8AAYGsiaS9u0nqvRi2Ciaw,richland-hills-texas
https://www.ubereats.com/dallas/food-delivery/seven-mile-cafeft-worth/LGngKonFQG-ejJGVzCgG1Q,richland-hills-texas
https://www.ubereats.com/dallas/food-delivery/new-york-style-pizza-%26-gyros/c6T1nyYTQ_ecQaZ6mB_ROw,richland-hills-texas
https://www.ubereats.com/dallas/food-delivery/vals-cheesecakes/02jHc_0lS8GdMdbNtYf_Tw,richland-hills-texas
https://www.ubereats.com/dallas/food-delivery/fuel-city-the-original-fried-pie-shop-haltom-city/8xQPMLyiQNOl0i2DVpnSaA,richland-hills-texas
https://www.ubereats.com/dallas/food-delivery/buttermilk-sky-pie-shop/lndEyISKSreZYTVJxoXhxA,richland-hills-texas
https://www.ubereats.com/dallas/food-delivery/sonic-7608-blvd-26/7ZOesVs-R2iUNqGb33A5Hw,richland-hills-texas
https://www.ubereats.com/dallas/food-delivery/yogurtland-3851-airport-fwy/JMvMS0xPQU2sWpktKriUEA,richland-hills-texas
https://www.ubereats.com/dallas/food-delivery/ibarras-tortilleria/HjyNUxZfRoexLCMu_tj7bQ,richland-hills-texas
https://www.ubereats.com/dallas/food-delivery/3-ninas/w7M0UUVvSDGTOjb4kcmdRA,richland-hills-texas
https://www.ubereats.com/dallas/food-delivery/little-caesars-pizza-3869-maurice-ave/5J5ahvl8QBC6zPFwajCpEw,richland-hills-texas
https://www.ubereats.com/dallas/food-delivery/china-express/WY5hAcnUSbyMVvOf3YNBNw,richland-hills-texas
https://www.ubereats.com/dallas/food-delivery/yum-yum-kabob/Li3RjI1rQfWWbMjrB1JMzA,richland-hills-texas
https://www.ubereats.com/dallas/food-delivery/el-ranchito-arlington/eX_2O6AgS1mx_ae8zxxKLg,richland-hills-texas
https://www.ubereats.com/dallas/food-delivery/chapps-burgers-blvd-26/aOIASX6WRWGzweal9P_tZg,richland-hills-texas
https://www.ubereats.com/dallas/food-delivery/mexican-inn-cafe-lancaster-ave/tGSkxMp6QQSXAwzMtXOd0Q,richland-hills-texas
https://www.ubereats.com/dallas/food-delivery/el-mofongo/lC84_Gc7Sz-JgrNi5pGSKQ,richland-hills-texas
https://www.ubereats.com/dallas/food-delivery/chipotle-mexican-grill-7100-blue-mound-rd/_B4rTlsCQDCVNHrNkEnIWw,richland-hills-texas
https://www.ubereats.com/dallas/food-delivery/ihop-1946-mid-cities/nBp5R4xPQfiFKmyB7ArLYQ,richland-hills-texas
https://www.ubereats.com/dallas/food-delivery/flying-fish-fort-worth/vHIZ2fHJTpK3e0UGhoX6JA,richland-hills-texas
https://www.ubereats.com/dallas/food-delivery/mid-cities-cafe/rkbN83GcTey2tAuesY1yiQ,richland-hills-texas
https://www.ubereats.com/dallas/food-delivery/rice-pot-colleyville/9lCIJXenRRm6JjapBspZOw,richland-hills-texas
https://www.ubereats.com/dallas/food-delivery/jacks-chicken-shack/OtY5NDXkQY-0AENlOBQJ6g,richland-hills-texas
https://www.ubereats.com/dallas/food-delivery/papa-johns-meadowbrook/a_osRkkEQOy392PJ3vFr6Q,richland-hills-texas
https://www.ubereats.com/dallas/food-delivery/pei-wei-asian-diner-1582-e-southlake-blvd/692PxBNxSIeM-zts1XsHcg,richland-hills-texas
https://www.ubereats.com/dallas/food-delivery/starwood-cafe-north-richland-hills/61eadjGHTgu2qkvsCLTlPw,richland-hills-texas
https://www.ubereats.com/dallas/food-delivery/texas-de-brazil-fort-worth/gsvXxKVrT8Clti5f0J5T4g,richland-hills-texas
https://www.ubereats.com/dallas/food-delivery/big-boyz-pit-smoked-bbq-%26-more/5dK89zlYRUmdfs9FPCk0Qw,richland-hills-texas
https://www.ubereats.com/dallas/food-delivery/hibachi-grill-sushi-%26-buffet/ru8heDPPRnuXSQmE0EWjYQ,richland-hills-texas
https://www.ubereats.com/dallas/food-delivery/ozeki-ramen-%26-sushi-izakaya/LH6PsBPCRBGV9bh9UEGdQA,richland-hills-texas
https://www.ubereats.com/dallas/food-delivery/slim-chickens-1420-precinct-line-rd/EBiLIAthTlazYqLx9gMAIg,richland-hills-texas
https://www.ubereats.com/dallas/food-delivery/omg-donut-%26-bagel/l6PSripBTYedsQvV1CBkbQ,richland-hills-texas
https://www.ubereats.com/dallas/food-delivery/big-smoke-spuds/IaYDefJtR_iruUi6Hu73tA,richland-hills-texas
https://www.ubereats.com/dallas/food-delivery/chipotle-mexican-grill-4609-colleyville-blvd/3dP_tn16Q0Gvc9Qc_RhwrA,richland-hills-texas
https://www.ubereats.com/dallas/food-delivery/berry-best-bbq-ii/fD4a-KdyQoKjplPVFwLAuA,richland-hills-texas
https://www.ubereats.com/dallas/food-delivery/roll-n-bowl/grhmH1d6SvqUzBS9bhu5XA,richland-hills-texas
https://www.ubereats.com/dallas/food-delivery/jay-jay-cafe-s-bowen-rd/E-K87DyFTrWbzKyLD-lN7A,richland-hills-texas
https://www.ubereats.com/dallas/food-delivery/istanbul-grill-%26-bar/6Aw4I-e3SRCsf5lAr0jxBg,richland-hills-texas
https://www.ubereats.com/dallas/food-delivery/funky-town-food-mart/xfUx64srT_KcNCV0Y6cm9A,richland-hills-texas
https://www.ubereats.com/dallas/food-delivery/vitos-restaurant-%26-pizza/qQvqfDrJRkeWTGM_5hvk8w,richland-hills-texas
https://www.ubereats.com/dallas/food-delivery/boomerjacks-grill-and-bar-bedford/clZV8pQPTZqmcHFZEpI8jg,richland-hills-texas
https://www.ubereats.com/dallas/food-delivery/sonic-180-davis-blvd/W4flcCS6RzKb8bNzN32W6g,richland-hills-texas
https://www.ubereats.com/dallas/food-delivery/central-donuts-%26-bakery/K-P784yzQVaKow1cC7DQbA,richland-hills-texas
https://www.ubereats.com/dallas/food-delivery/bahama-bucks-5636-n-tarrant-pkwy-suite-100/DI4x6UVjR8GMhwLNwsuBug,richland-hills-texas
https://www.ubereats.com/dallas/food-delivery/wendys-8424-denton-hwy/Gjk6BQqPTVm_rfIoAzX3aQ,richland-hills-texas
https://www.ubereats.com/dallas/food-delivery/taco-bueno-3018-bedford-%231/QRqE9czrSCmp2qpfRaiTeg,richland-hills-texas
https://www.ubereats.com/dallas/food-delivery/dickeys-bbq-pit-5209-rufe-snow-dr/6yWb4_whRXeI2Xz2nN8eKw,richland-hills-texas
https://www.ubereats.com/dallas/food-delivery/donutopia/vGWR93DmQJWpZDAJcTsJZw,richland-hills-texas
https://www.ubereats.com/dallas/food-delivery/mod-pizza-alliance/3hxPyIcxSoSX6_5lR1FM0w,richland-hills-texas
https://www.ubereats.com/dallas/food-delivery/cicis-4400-little-rd/-Yp9ENa9Sr2O3NbeUSL8hQ,richland-hills-texas
https://www.ubereats.com/dallas/food-delivery/mandu-dumpling-house-nrh/oG-7G0_FSHuM8keH0X0BaA,richland-hills-texas
https://www.ubereats.com/dallas/food-delivery/burritos-locos-%232/VEDPY3I2QK6-w3IHslTJkw,richland-hills-texas
https://www.ubereats.com/dallas/food-delivery/jack-in-the-box-5200-belknap-st/loOcYzYbQJCdlXWfmvP7YQ,richland-hills-texas
https://www.ubereats.com/dallas/food-delivery/tevest-seafood-%26-chicken/6ZB_EMqpTKub3IYDaynRQA,richland-hills-texas
https://www.ubereats.com/dallas/food-delivery/chick-fil-a-5131-rufe-snow-dr/9zMhzRI9QHmgTvoRWCPxfQ,richland-hills-texas
https://www.ubereats.com/dallas/food-delivery/scotts-moms-cooking/eFAP4rvYSPqH3-7MvmejeQ,richland-hills-texas
https://www.ubereats.com/dallas/food-delivery/papa-johns-e-berry-st/piiRyiYLQkK08mrOXHDPHg,richland-hills-texas
https://www.ubereats.com/dallas/food-delivery/jack-in-the-box-8601-bedford-euless-rd/wdgTq8tjRPyjMygQ20-S4w,richland-hills-texas
https://www.ubereats.com/dallas/food-delivery/sandys-real-chicken-fried-steaks-north-richland-hills/y5nOw9I-SP-CadgWPQ2ggA,richland-hills-texas
https://www.ubereats.com/dallas/food-delivery/jack-in-the-box-6501-blvd-26/4qk_07D5S92TqUuVzYsWfQ,richland-hills-texas
https://www.ubereats.com/dallas/food-delivery/burger-king-3112-e-berry-st/MX8d3yqjRCWpa7hTCbbVEA,richland-hills-texas
https://www.ubereats.com/dallas/food-delivery/first-watch-north-richland-hill/1BFdRSkvTXu-AtdaMnQAcg,richland-hills-texas
https://www.ubereats.com/dallas/food-delivery/keller-donuts-%26-munchies/9WMIICnNRIiuvgwpOOfOEQ,richland-hills-texas
https://www.ubereats.com/dallas/food-delivery/donnas-donuts/-GfEWqgbT96UHd3g0rdWJQ,richland-hills-texas
https://www.ubereats.com/dallas/food-delivery/starbucks-377-%26-bursey/GERBGLOiRh6xByzHJBAwWg,richland-hills-texas
https://www.ubereats.com/dallas/food-delivery/mamas-pizza-arlington/vySgL4ziRO2uuZoKGxYqaA,richland-hills-texas
https://www.ubereats.com/dallas/food-delivery/long-john-silvers-959-n-beach-street/bendqeIpQwGIHNd09joWTQ,richland-hills-texas
https://www.ubereats.com/dallas/food-delivery/starwood-cafe-north-richland-hills/pRgNHJekRn6Zlsot8o_IRA,richland-hills-texas
https://www.ubereats.com/dallas/food-delivery/golden-chick-craig-st/6srcWYIjTvSBMdbxoGZQyg,richland-hills-texas
https://www.ubereats.com/dallas/food-delivery/lao-music-vdo/xi-41EWtSEmmNCAb_2FfTA,richland-hills-texas
https://www.ubereats.com/dallas/food-delivery/kfc-4540-western-center-blvd/mc5-x7yiR4WG6do0JqsSOA,richland-hills-texas
https://www.ubereats.com/dallas/food-delivery/buffet-palace/72p8GKbDQzahj1-6muTcTA,richland-hills-texas
https://www.ubereats.com/dallas/food-delivery/sonic-2660-n-main-st/RMwy7TS7R7ucBkdSrlrz5g,richland-hills-texas
https://www.ubereats.com/dallas/food-delivery/hooties-burger-bar-5821-west-i-20/_bRcT_wEQBi3tFMWJqQY8w,richland-hills-texas
https://www.ubereats.com/dallas/food-delivery/donut-palace/1DWbALJUTeSB1QOU3KF3vw,richland-hills-texas
https://www.ubereats.com/dallas/food-delivery/donut-place/l2Slr75AR06VbwuK4eRrHg,richland-hills-texas
https://www.ubereats.com/dallas/food-delivery/oni-ramen-fort-worth/XffzeqCPS1a8KxeHACMPkg,richland-hills-texas
https://www.ubereats.com/dallas/food-delivery/rodeo-wings/LZFnJesTQuuU9c2Vdf6pGw,richland-hills-texas
https://www.ubereats.com/dallas/food-delivery/saffron-grill-%26-deli/-yorrtf4Q4KBsz5lasLp3Q,richland-hills-texas
https://www.ubereats.com/dallas/food-delivery/mcdonalds-bedford-harwood/sqqQYDqBSpyn852-vgWU-g,richland-hills-texas
https://www.ubereats.com/dallas/food-delivery/zs-wok-watauga/tQww7ztZRXWRoj6SOrLPxA,richland-hills-texas
https://www.ubereats.com/dallas/food-delivery/fireside-pies-fort-worth/flemnxgOTLq4B_PU7tmRtg,richland-hills-texas
https://www.ubereats.com/dallas/food-delivery/grandys-north-richland-hills/-XEE33vWQqKeLqkjeCLZXA,richland-hills-texas
https://www.ubereats.com/dallas/food-delivery/smoothie-king-8450-denton-hwy/_yYZQ0_3SsGnI0AauAzX7Q,richland-hills-texas
https://www.ubereats.com/dallas/food-delivery/the-biscuit-bar-north-arlington/IluUKtX9RwO6a4noDLUvYQ,richland-hills-texas
https://www.ubereats.com/dallas/food-delivery/tropical-smoothie-cafe-hurst/9hoo-k4eQeiEl5CK43kDlA,richland-hills-texas
https://www.ubereats.com/dallas/food-delivery/schlotzskys-deli-e-pipeline-rd/omZG-V23SOevxhIcCU2ygA,richland-hills-texas
https://www.ubereats.com/dallas/food-delivery/mks-sushi/WzdA_QsLQ_W_90DsedjfEw,richland-hills-texas
https://www.ubereats.com/dallas/food-delivery/papa-johns-6380-n-beach-st-suite-%23100/6tajzKlESsW_S1nA15dQcQ,richland-hills-texas
https://www.ubereats.com/dallas/food-delivery/krab-kingz-seafood/afmGayZkQ-ShxaMo99d_6Q,richland-hills-texas
https://www.ubereats.com/dallas/food-delivery/lubys-forest-hill/vcyAXkNWRJSqL6ZBcZIZNg,richland-hills-texas
https://www.ubereats.com/dallas/food-delivery/noodles-%40-boba-tea-house/Q1VnotEETdKv0Y858bNItg,richland-hills-texas
https://www.ubereats.com/dallas/food-delivery/salvadoreno-latin-cuisine/LpPj_isbRNqAUwD21y_tDg,richland-hills-texas
https://www.ubereats.com/dallas/food-delivery/freshii-354-w-5th-st/1HTBi9BETZmalW3Wm3hulA,richland-hills-texas
https://www.ubereats.com/dallas/food-delivery/lone-star-bbq/w9fUMFJyTtytuqxuebCU4w,richland-hills-texas
https://www.ubereats.com/dallas/food-delivery/freebirds-world-burrito-1301-w-pipeline-rd/lfDrSDCWTxWC8e_QIVt_hw,richland-hills-texas
https://www.ubereats.com/dallas/food-delivery/starbucks-hwy-183-%26-central-dr/Wroned4-T-iOFJoYR01HTQ,richland-hills-texas
https://www.ubereats.com/dallas/food-delivery/hooties-burger-bar-7669-grapevine-hwy/u2WIlf-9T1Ox0qQ-yvPoJQ,richland-hills-texas
https://www.ubereats.com/dallas/food-delivery/little-caesars-3205-denton-hwy/PxLBv2_eTRuno2-6Wa8D8Q,richland-hills-texas
https://www.ubereats.com/dallas/food-delivery/m-%26-k-mediterranean-grill/YAnnbrNGTgq87344VN1nbg,richland-hills-texas
https://www.ubereats.com/dallas/food-delivery/sonic-1201-s-bowen-road/sJ7T3AZrStmXJM7r3ht0Jw,richland-hills-texas
https://www.ubereats.com/dallas/food-delivery/popeyes-1760-eastchase-parkway/sIAGS5LvS0uRCi7xAPac8Q,richland-hills-texas
https://www.ubereats.com/dallas/food-delivery/phils-philly-grill-northeast-mall/1pzM7yGdScORFpZihDnzMA,richland-hills-texas
https://www.ubereats.com/dallas/food-delivery/terrys-donut/xEP6nRKFQl21CVUJ_uDbrQ,richland-hills-texas
https://www.ubereats.com/dallas/food-delivery/neighborhoods-food/2nVZtpNbT-aaVfqoJ12upg,richland-hills-texas
https://www.ubereats.com/dallas/food-delivery/chick-fil-a-1475-w-pipeline-rd/pDfeI3wCRCicKjfU24LDAQ,richland-hills-texas
https://www.ubereats.com/dallas/food-delivery/burning-rice-hurst/3zVgrNd8RPOvk-Bj1pKTKA,richland-hills-texas
https://www.ubereats.com/dallas/food-delivery/sushi-soho/QQYtXBqxQ9WHYy4arJK81A,richland-hills-texas
https://www.ubereats.com/dallas/food-delivery/red-brick-pizza-colleyville/Hf-EzvzeSQOsIr2Aa24KiQ,richland-hills-texas
https://www.ubereats.com/dallas/food-delivery/el-paisa-cocina-mexicana-4001-colleyville-blvd/w2abOYA6TDqg2xuelPMFgA,richland-hills-texas
https://www.ubereats.com/dallas/food-delivery/starbucks-randol-mill-%26-fielder/Diucp-eoS4eDIEWftyC4nw,richland-hills-texas
https://www.ubereats.com/dallas/food-delivery/el-pollo-loco-8817-n-freeway3864/NclWRTaJQeajFWMHkohdUQ,richland-hills-texas
https://www.ubereats.com/dallas/food-delivery/subway-312-e-pipeline-rd/yh87Qiu_ShyhBo5DQFnrsg,richland-hills-texas
https://www.ubereats.com/dallas/food-delivery/genghis-grill-hurst/Np___fOVQdaQyvfXAZNfMg,richland-hills-texas
https://www.ubereats.com/dallas/food-delivery/two-sisters-restaurant-hurst/jJ_t_ipPRUmuRFIUML9lGQ,richland-hills-texas
https://www.ubereats.com/dallas/food-delivery/blue-tower-cafe/GDVZy1FSS1ChensQnA9XdQ,richland-hills-texas
https://www.ubereats.com/dallas/food-delivery/funnel-cakes-%26-gelato-arlington/9Pt8IA8XT2CkecJ2TuXJ5A,richland-hills-texas
https://www.ubereats.com/dallas/food-delivery/freebirds-world-burrito-9501-sage-meadow-trail/_EMKg-w8QhGjilUPy1JEiA,richland-hills-texas
https://www.ubereats.com/dallas/food-delivery/asian-gourmet/n7Aopv5NQ668ZGfBDFxmIg,richland-hills-texas
https://www.ubereats.com/dallas/food-delivery/365-tacos/vjJYZE0VS6CiQdRKILgAmg,richland-hills-texas
https://www.ubereats.com/dallas/food-delivery/subway-5800-n-tarrant-pkwy/H2a5C9KbRy-jDJZVYtEudg,richland-hills-texas
https://www.ubereats.com/dallas/food-delivery/wendys-963-n-beach-st/G9Dd2jSMSiyRymBgNxaokw,richland-hills-texas
https://www.ubereats.com/dallas/food-delivery/acadia-parish-crawfish/uxadmZqZRQSw1m4UQdQeYA,richland-hills-texas
https://www.ubereats.com/dallas/food-delivery/posados-ft/k8ShBvDzQkO73I_L4LGkkg,richland-hills-texas
https://www.ubereats.com/dallas/food-delivery/sonic-drive-in-1145-n-saginaw/x8ymgAzTRhO4jI3w5TLDsg,richland-hills-texas
https://www.ubereats.com/dallas/food-delivery/uncle-julios-alliance/OyNNWC-VRH6EBGuUEyIlTA,richland-hills-texas
https://www.ubereats.com/dallas/food-delivery/j%26k-foodstore/6FmmxaIXR8SJkiqx51FksA,richland-hills-texas
https://www.ubereats.com/dallas/food-delivery/buttermilk-sky-pie-shop-arlington/SuIbxgekRQG1XkRHe_FZww,richland-hills-texas
https://www.ubereats.com/dallas/food-delivery/subway-969-melbourne-dr/HOp3gIL8SlaquFciRC1fZA,richland-hills-texas
https://www.ubereats.com/dallas/food-delivery/jack-in-the-box-9133-north-fwyfar-north/gHHZVTvdRHyQG7Y4J9vN7w,richland-hills-texas
https://www.ubereats.com/dallas/food-delivery/schlotzskys-6237-rufe-snow/v8DdkFR4RdiUggWK6A2yUQ,richland-hills-texas
https://www.ubereats.com/dallas/food-delivery/cicis-5300-rufe-snow-dr/7XaHUktUTZ2uteiOyr3e-A,richland-hills-texas
https://www.ubereats.com/dallas/food-delivery/boston-market-6000-rufe-snow-dr/0H3dgtvkSNCBDpXW9uO68Q,richland-hills-texas
https://www.ubereats.com/dallas/food-delivery/pei-wei-2901-heritage-trace-parkway-suite-105/SzTjf4YpR6Wrq7RIQP5eZg,richland-hills-texas
https://www.ubereats.com/dallas/food-delivery/pho-real/2MDS3yivRJaXz37CiiakZA,richland-hills-texas
https://www.ubereats.com/dallas/food-delivery/los-molcajetes-mexican-restaurant-fort-worth/qW94Y_raQSK__v9zg0cjXA,richland-hills-texas
https://www.ubereats.com/dallas/food-delivery/subway-6316-meadowbrook-dr/DLsTFqL8TMOck7Ts1swqQA,richland-hills-texas
https://www.ubereats.com/dallas/food-delivery/buffalo-wild-wings-2017-s-main-st/Wub6mtB_S46suLU9mZjLMw,richland-hills-texas
https://www.ubereats.com/dallas/food-delivery/western-donuts/mtmOIA0_QeyJoqgvVtt1rg,richland-hills-texas
https://www.ubereats.com/dallas/food-delivery/burger-street-pipeline-road/XvMYffSETxKmzy3QZubVcA,richland-hills-texas
https://www.ubereats.com/dallas/food-delivery/the-social-house/r_12whIESICmkqht6OCdZw,richland-hills-texas
https://www.ubereats.com/dallas/food-delivery/coolberry-natural-frozen-yogurt/mgYuJJ7wTHGz5X5wj93Uuw,richland-hills-texas
https://www.ubereats.com/dallas/food-delivery/bahama-bucks-4605-colleyville-blvd/DSxb-z6sS-q7QLzo4Law0w,richland-hills-texas
https://www.ubereats.com/dallas/food-delivery/taqueria-haltom/kgpWItDQSySRMQrazicGCA,richland-hills-texas
https://www.ubereats.com/dallas/food-delivery/jets-pizza-2248-central-dr-ste-116/5HcEyVN8Qv60FcZwrnpy-w,richland-hills-texas
https://www.ubereats.com/dallas/food-delivery/duckys-taco-shop/L76rx2DqTOaHuO0pTA7TuQ,richland-hills-texas
https://www.ubereats.com/dallas/food-delivery/taco-bueno-3122-haltom-city-%231/GFo9w5y7QoKeuGN_F1oMZQ,richland-hills-texas
https://www.ubereats.com/dallas/food-delivery/mitras-tearoom/0MSA3Xx_TOuAvrOsDHGR5Q,richland-hills-texas
https://www.ubereats.com/dallas/food-delivery/long-john-silvers-5540-rufe-snow-dr/kjgJgDtsROGd6LCGZY-gdw,richland-hills-texas
https://www.ubereats.com/dallas/food-delivery/jerrys-italian-bistro/LkPHzZCwRbqUBGcrTMmU5A,richland-hills-texas
https://www.ubereats.com/dallas/food-delivery/pf-changs-400-throckmorton/rKLHkhjyTHSUrUUC0dziaA,richland-hills-texas
https://www.ubereats.com/dallas/food-delivery/rockfish-seafood-%26-grill-arlington/9hx9f_11Q5WcpFPzPXq8FA,richland-hills-texas
https://www.ubereats.com/dallas/food-delivery/best-donut/PlAIa0qcR8epSSbAByFdcQ,richland-hills-texas
https://www.ubereats.com/dallas/food-delivery/the-healthy-hawaiian/zxkSo9JNQY-d6GQuPhndoA,richland-hills-texas
https://www.ubereats.com/dallas/food-delivery/rise-n-shine-donuts/CnwhwfH3TBayxoqpU-mzOw,richland-hills-texas
https://www.ubereats.com/dallas/food-delivery/taverna-rossa-southlake/cNYNv99CRpSPToHj6AGVow,richland-hills-texas
https://www.ubereats.com/dallas/food-delivery/hersheys-palace/sOBMbKrcRpGo7s_b_5JlEg,richland-hills-texas
https://www.ubereats.com/dallas/food-delivery/nyki-foods/vX3H65RoS32CQ3mn50375w,richland-hills-texas
https://www.ubereats.com/dallas/food-delivery/luna-grill-fort-worth/jQB4LorqSxKMPXW1QJ6Fvg,richland-hills-texas
https://www.ubereats.com/dallas/food-delivery/zuper-elote/BnVICPJlS3mzzpR6uu2R0A,richland-hills-texas
https://www.ubereats.com/dallas/food-delivery/andalous-mediterranean-grill-arlington/j349c1hiQuqAbTfpiY4u9w,richland-hills-texas
https://www.ubereats.com/dallas/food-delivery/el-pollo-loco-1245-w-pipeline-rd3800/DXQhYgCBTTyJRbrKuUAD3g,richland-hills-texas
https://www.ubereats.com/dallas/food-delivery/nepali-chulo-%26-indian-cuisine/vLeWD5J5T16w2STporIhOg,richland-hills-texas
https://www.ubereats.com/dallas/food-delivery/tamtam-zings-cafe/ygmyULskRfedBbQcxcRmoA,richland-hills-texas
https://www.ubereats.com/dallas/food-delivery/usa-grocery-%26-grill-%232/XJsSmDhtTY-sKq11jp7wXg,richland-hills-texas
https://www.ubereats.com/dallas/food-delivery/crunchii-asian-boneless-chicken/zkeFvH0lRFy4fX-ke6Rq4Q,richland-hills-texas
https://www.ubereats.com/dallas/food-delivery/pasquallys-pizza-%26-wings-7935-boulevard-26/OLOtz8YnSAGzC9Kz2z_Yxg,richland-hills-texas
https://www.ubereats.com/dallas/food-delivery/chicken-express-southlake/If799by2S6y-lCXAsqPp2A,richland-hills-texas
https://www.ubereats.com/dallas/food-delivery/aloha-chicken-and-shrimp/_8XrKIjTRA2rrFr-4wd8mA,richland-hills-texas
https://www.ubereats.com/dallas/food-delivery/pie-five-pizza-arlington/QiwSdB-rQDe-kxjWwUFOSg,richland-hills-texas
https://www.ubereats.com/dallas/food-delivery/abuelos-hurst-tx/nJBt0NmtSs-RaOOpiAEnSQ,richland-hills-texas
https://www.ubereats.com/dallas/food-delivery/tokyo-sushi-asian-food-and-bar/pmh8b9iWTyWD3FcMJxE9RQ,richland-hills-texas
https://www.ubereats.com/dallas/food-delivery/first-watch-alliance/zMdOqzHIQXCLzp07siNddw,richland-hills-texas
https://www.ubereats.com/dallas/food-delivery/jersey-mikes-subs-2212-central-dr/3EOVboZVRU6wcZiVD_-f2w,richland-hills-texas
https://www.ubereats.com/dallas/food-delivery/jack-in-the-box-1491-precint-line/A4OdSMHoQOW2jsNRnAPptQ,richland-hills-texas
https://www.ubereats.com/dallas/food-delivery/pho-vieng/5aQw2TbFRLy38DNJw2Xt0A,richland-hills-texas
https://www.ubereats.com/dallas/food-delivery/joess-pasta-%26-pizza/xV2YNLGpQZWKIjWAEJXDqg,richland-hills-texas
https://www.ubereats.com/dallas/food-delivery/momos-n-more/LNnuG4RBRve7HoTURoiktA,richland-hills-texas
https://www.ubereats.com/dallas/food-delivery/popeyes-3021-western-center-blvd/VlkPKYAaRlS9VofDZ189Yw,richland-hills-texas
https://www.ubereats.com/dallas/food-delivery/creme-de-la-creme/LTCZZncLTFiLWd7JvQgNwA,richland-hills-texas
https://www.ubereats.com/dallas/food-delivery/papa-johns-8945-tehama-ridge-parkway/b11oYH7MRiWXFeIXkwlawA,richland-hills-texas
https://www.ubereats.com/dallas/food-delivery/pei-wei-1460-precinct-line-road/kDo-a_nyTeOiaj_Hhpuecg,richland-hills-texas
https://www.ubereats.com/dallas/food-delivery/mcdonalds-ft-worth-airport-freeway/76UqrOnuTuC1j-HN2M52PQ,richland-hills-texas
https://www.ubereats.com/dallas/food-delivery/chard-southeast-asian-kitchen-fort-worth/7VLhtgN2ToWJdTY4uRb-zQ,richland-hills-texas
https://www.ubereats.com/dallas/food-delivery/el-chico/Pg1dx7knTY2hXnrjT2qbtA,richland-hills-texas
https://www.ubereats.com/dallas/food-delivery/posados-bedford/LO-xAnH7Q4ewieIB72Occg,richland-hills-texas
https://www.ubereats.com/dallas/food-delivery/starbucks-hwy-377-%26-watauga/ccA1gC2VSvS1lEIaY9txnw,richland-hills-texas
https://www.ubereats.com/dallas/food-delivery/boston-market-494-grapevine-hwy/LfY8nHdsSZC6Tws1g5Tuww,richland-hills-texas
https://www.ubereats.com/dallas/food-delivery/joes-pizza-%26-pasta/ZbFSE6AkToSEmzZguWRDSw,richland-hills-texas
https://www.ubereats.com/dallas/food-delivery/cristinas-fine-mexican-restaurant-n-richland-hills/Z4zbNdaxQuKXp8aY32FBpQ,richland-hills-texas
https://www.ubereats.com/dallas/food-delivery/fuel-city-the-original-fried-pie-shop-saginaw/WMlU2SjVREeT9mlNm_3Ktg,richland-hills-texas
https://www.ubereats.com/dallas/food-delivery/marvelous-cakes-and-pastries/szu-rp4iTO2gnQVc5Qsjug,richland-hills-texas
https://www.ubereats.com/dallas/food-delivery/a-little-something-extra/0nrfAXn7SVCbYlsGiQstXw,richland-hills-texas
https://www.ubereats.com/dallas/food-delivery/stop-%26-get-one/2VIFcn0HTny8b_ep7_zJEQ,richland-hills-texas
https://www.ubereats.com/dallas/food-delivery/jersey-mikes-subs-4712-colleyville-blvd/nRtNTpKjQiCrZ8MQPh17CA,richland-hills-texas
https://www.ubereats.com/dallas/food-delivery/holey-boba-%26-donuts/6fwaM95JSF2BOcKO0J0TzQ,richland-hills-texas
https://www.ubereats.com/dallas/food-delivery/korean-bowl/qzZwbSZETMyG2eb7j9X3Wg,richland-hills-texas
https://www.ubereats.com/dallas/food-delivery/kfc-1000-n-beach-st/QYTVmPjtRSONpetrEeLaEg,richland-hills-texas
https://www.ubereats.com/dallas/food-delivery/mcdonalds-colleyville-tx-colleyville-blvd/MQLqbe-ORe2SzY86tqlLEg,richland-hills-texas
https://www.ubereats.com/dallas/food-delivery/dickeys-bbq-pit-precinct-line-rd-%26-tcc-rd/I5DEzr0-SIKwuEfMxIhn_A,richland-hills-texas
https://www.ubereats.com/dallas/food-delivery/india-grill/f9LFqixORLGz2S2HelTPLA,richland-hills-texas
https://www.ubereats.com/dallas/food-delivery/tokyo-joes-1707-n-collins-st-suite-100/uotTjTFgSXWqbhFkY0RB7g,richland-hills-texas
https://www.ubereats.com/dallas/food-delivery/taco-bell-6261-rufe-snow-drive/QXJjolXzSMiMsUBmDD7Omw,richland-hills-texas
https://www.ubereats.com/dallas/food-delivery/subway-1515b-s-cooper-st/fvWgHJNLTyGEmugwLXtlGQ,richland-hills-texas
https://www.ubereats.com/dallas/food-delivery/texas-grill-%26-burgers/1H5fRTMLQN2R_Utfhi-FkA,richland-hills-texas
https://www.ubereats.com/dallas/food-delivery/grease-monkey-burger-shop/fyoxhNayRFaBSuvNFROefw,richland-hills-texas
https://www.ubereats.com/dallas/food-delivery/king-wok/d8S8_B9gQ7uNzr081rn_Gw,richland-hills-texas
https://www.ubereats.com/dallas/food-delivery/spicy-bites-indian-fast-food/VUvykg69Qym29e9vCxaa0A,richland-hills-texas
https://www.ubereats.com/dallas/food-delivery/giovannis-pizza-n-pasta/eHg6ZiTUSJerpDNqbEt-XQ,richland-hills-texas
https://www.ubereats.com/dallas/food-delivery/kfc-777-ne-loop-820/lyLGYYjuR3mKh-dxOSLq6g,richland-hills-texas
https://www.ubereats.com/dallas/food-delivery/dickeys-bbq-pit-blue-mound-rd-%26-ne-loop-service-rd/JucmOLUgRb-r4Hu8S_NQzQ,richland-hills-texas
https://www.ubereats.com/dallas/food-delivery/kenners-kolache-bakery/1mrHtSdAR36w0d8AIMQDbA,richland-hills-texas
https://www.ubereats.com/dallas/food-delivery/burger-street-rufe-snow-drive/S86i-ppdSSeoqhU4Ba9DJQ,richland-hills-texas
https://www.ubereats.com/dallas/food-delivery/kindred-coffee-co/H9P0WKyTQYCjqE1Zv70Bgg,richland-hills-texas
https://www.ubereats.com/dallas/food-delivery/popeyes-8393-boulevard-26/VunL28AnRleIvzPIQfzq_w,richland-hills-texas
https://www.ubereats.com/dallas/food-delivery/world-blend-brunch/qXeGcF5SRGOSFvwZJTS_rw,richland-hills-texas
https://www.ubereats.com/dallas/food-delivery/tokyo-samurai-hibachi-sushi/3RG1-sRrTKaJL9S8hiOQEQ,richland-hills-texas
https://www.ubereats.com/dallas/food-delivery/the-black-eyed-pea-4000-bagpiper-way/o-OgS-LLSm-uEpZ3lwioxQ,richland-hills-texas
https://www.ubereats.com/dallas/food-delivery/hurts-donut-fort-worth/ObDZRMtZRcO-6WWGp8fOHQ,richland-hills-texas
https://www.ubereats.com/dallas/food-delivery/mariscos-la-marea/NBBfpHLAQ7mus967L-JPhA,richland-hills-texas
https://www.ubereats.com/dallas/food-delivery/a%26w-all-american-food-4561-western-center-blvd/xjwqW0ezRDWgjO96cGfgYA,richland-hills-texas
https://www.ubereats.com/dallas/food-delivery/jack-in-the-box-3209-e-belknap/ZrmuE5yrTPGbxG0xtVQ0VA,richland-hills-texas
https://www.ubereats.com/dallas/food-delivery/mrjimspizza-0031-1029-n-saginaw-blvd/jWHHHRF6T1qLJWvDzc2P-Q,richland-hills-texas
https://www.ubereats.com/dallas/food-delivery/gia-phu-vietnamese-restaurant/ZtC-pCj-SrqWMuufywcvrA,richland-hills-texas
https://www.ubereats.com/dallas/food-delivery/palios-on-tap-western-center/aB0ugcFcTdmpXsm3qXFhRA,richland-hills-texas
https://www.ubereats.com/dallas/food-delivery/kenners-kolache-bakery/UFcjhGfGTuyef7L30R4HLQ,richland-hills-texas
https://www.ubereats.com/dallas/food-delivery/papa-johns-6317-rufe-snow-drive/k3awT54STUegWO57EiH4Qg,richland-hills-texas
https://www.ubereats.com/dallas/food-delivery/golden-chick-2600-west-euless-blvd/Nfcq--p2T2q-F8CBVg_NnA,richland-hills-texas
https://www.ubereats.com/dallas/food-delivery/central-drive-cafe/fjt54ftHTNqactRCheLdXA,richland-hills-texas
https://www.ubereats.com/dallas/food-delivery/chicken-salad-chick-hurst/7FtpQ4OOTLalg8YTEJ3xTA,richland-hills-texas
https://www.ubereats.com/dallas/food-delivery/great-american-cookie-marble-slab-creamery-2701-heritage-trace-pkwy/d3ZVKYmiSPK4AD7-vpCFNA,richland-hills-texas
https://www.ubereats.com/dallas/food-delivery/cicis-5701-n-tarrant-parkway-suite-117/cWvhPhQ4TfWjzlmg7rZO1A,richland-hills-texas
https://www.ubereats.com/dallas/food-delivery/stop-n-go-gyros-5142-rufe-snow/aU9mu9V_RruVur45Lc-OiA,richland-hills-texas
https://www.ubereats.com/dallas/food-delivery/wittens-grill-and-sport-cafe/eRVFgZbVTZa9XtrGkIAizw,richland-hills-texas
https://www.ubereats.com/dallas/food-delivery/bird/3fUQt1WfRJqBolbCef8cnw,richland-hills-texas
https://www.ubereats.com/dallas/food-delivery/grandys-1051-bridgewood-dr/vrSy_r69TRS1PIGHqN_atA,richland-hills-texas
https://www.ubereats.com/dallas/food-delivery/china-town-restaurant/jHdrURWvSo2Qorm51vcYeQ,richland-hills-texas
https://www.ubereats.com/dallas/food-delivery/starbucks-bowen-%26-park-row/6tvKC5BIRuysWAamMY_WTA,richland-hills-texas
https://www.ubereats.com/dallas/food-delivery/first-watch-tarrant/D2-8cpWkQte_GyAdYFXKkw,richland-hills-texas
https://www.ubereats.com/dallas/food-delivery/texs-star-grill/Cc9XydwNQf2JxKlYyMKeRQ,richland-hills-texas
https://www.ubereats.com/dallas/food-delivery/thai-tinas-in-the-embassy-suites-hotel/pDwlPy3nQdi3Z31-ZpC2Gw,richland-hills-texas
https://www.ubereats.com/dallas/food-delivery/oc-burgers/CeE0r4NlTzOyFZiOvkZK1g,richland-hills-texas
https://www.ubereats.com/dallas/food-delivery/glorias-latin-cuisine-5611-colleyville-blvd-%23300/ahzq0LOyQ5OtwJrO2QDvVQ,richland-hills-texas
https://www.ubereats.com/dallas/food-delivery/el-paisa-cocina-mexicana-1550-north-beach-st/tQeriSIBRe2NPop2FFjmvw,richland-hills-texas
https://www.ubereats.com/dallas/food-delivery/chipotle-mexican-grill-5100-rufe-snow-dr/4B1ebvZQShKK_-TnTTXIqg,richland-hills-texas
https://www.ubereats.com/dallas/food-delivery/jersey-mikes-subs-watauga-7608-denton-hwy/viotJ50lSnSp3j2z6_Porw,richland-hills-texas
https://www.ubereats.com/dallas/food-delivery/burger-king-3905-ne-loop-820/EE4Rb4bMR4e0jkQl6_OVQQ,richland-hills-texas
https://www.ubereats.com/dallas/food-delivery/five-guys-tx-1230-1304-w-pipeline-rd/DKdgAXDkT6-_4QQMa9odiQ,richland-hills-texas
https://www.ubereats.com/dallas/food-delivery/taco-bell-3351-harwood-road/kkoF_GAkR7epYnwRr657Ag,richland-hills-texas
https://www.ubereats.com/dallas/food-delivery/starbucks-beach-%26-western/X8yOgsX8T9m_E5sDtxCwpw,richland-hills-texas
https://www.ubereats.com/dallas/food-delivery/miss-saigon-cafe/p23VPu2oQyOohkyuB043rg,richland-hills-texas
https://www.ubereats.com/dallas/food-delivery/newks-eatery/LlnRG6AqQtS9z2-woxWQPg,richland-hills-texas
https://www.ubereats.com/dallas/food-delivery/saginaw-donut-shop/iNCjU5cMRzKFXuMYVFsZFw,richland-hills-texas
https://www.ubereats.com/dallas/food-delivery/lubys-bridgewood-dr/E4IejDyhQNmRuh12QVEXfg,richland-hills-texas
https://www.ubereats.com/dallas/food-delivery/panda-express-4661-little-road/4XoBb8LASDuA1EymMciW7Q,richland-hills-texas
https://www.ubereats.com/dallas/food-delivery/sonic-5647-rufe-snow-drive/z_eP0pwaQ3msH1LO9z0RQQ,richland-hills-texas
https://www.ubereats.com/dallas/food-delivery/volcanos-sports-bar-and-grill/YB_FHxNNRkiC3hPSVTz0Eg,richland-hills-texas
https://www.ubereats.com/dallas/food-delivery/hooters-interstate-20-w-%26-w-poly-webb-rd/nxm4usVSTRWYywtdijkkNg,richland-hills-texas
https://www.ubereats.com/dallas/food-delivery/the-londoner-colleyville/_iW5EvJYSRi82j-0vIwXoA,richland-hills-texas
https://www.ubereats.com/dallas/food-delivery/carrabbas-1101-melbourne-rd-suite-6200/6eCWq4GoR6GultmEoBBs9A,richland-hills-texas
https://www.ubereats.com/dallas/food-delivery/luigis-italian-restaurant/hxtWD4A2QPeLjuVw5CzO5g,richland-hills-texas
https://www.ubereats.com/dallas/food-delivery/applebees-6645-ne-loop-820/n4d8V1f1Rcy7Z0DDJqCdRA,richland-hills-texas
https://www.ubereats.com/dallas/food-delivery/fusion-grill-%26-bar/vK90fv0RQUOZhi4spjwsZw,richland-hills-texas
https://www.ubereats.com/dallas/food-delivery/whats-poppin-texas/fe4nlbahQHC-8RQRsOTXEg,richland-hills-texas
https://www.ubereats.com/dallas/food-delivery/jets-pizza-fort-worth/oRFpR6FMTIe4z_9-NFwqPg,richland-hills-texas
https://www.ubereats.com/dallas/food-delivery/pineapple-grill-texas/J67mvK_sTq-71QbiVQguPw,richland-hills-texas
https://www.ubereats.com/dallas/food-delivery/wild-sushi-%26-ramen/Q1K32tlXQD-tEqC1ccebew,richland-hills-texas
https://www.ubereats.com/dallas/food-delivery/hungry-eyes/bI0vVPxGR3ipci5ddf8qNQ,richland-hills-texas
https://www.ubereats.com/dallas/food-delivery/cannon-chinese-kitchen/cvp1VeHwR0CqMH9sGseDmA,richland-hills-texas
https://www.ubereats.com/dallas/food-delivery/tjs-catfish-and-wings/ejzMqj29RGerDcrYMlijpw,richland-hills-texas
https://www.ubereats.com/dallas/food-delivery/dc-philly-co/b40bVo20SeCM8Jxda1lGNg,richland-hills-texas
https://www.ubereats.com/dallas/food-delivery/tantalizers-place/aVlquLc7RUaTxoZhX4FEUg,richland-hills-texas
https://www.ubereats.com/dallas/food-delivery/taqueria-tepito-1104-miller-ave/0ZQJ40NzSG6x4Pu7COBGLA,richland-hills-texas
https://www.ubereats.com/dallas/food-delivery/hoangs-noodle-house/QuI33aH1TVmwE0eNm3WqDA,richland-hills-texas
https://www.ubereats.com/dallas/food-delivery/kfc-5651-rufe-snow-dr/nZiQDf-MRhitgblai-bhWQ,richland-hills-texas
https://www.ubereats.com/dallas/food-delivery/rejuv-juice/-RgNvaGjQWqCqXRIE-yE3A,richland-hills-texas
https://www.ubereats.com/dallas/food-delivery/sonic-8661-n-beach-street/9sMJVGUAQLWKDRyHzrq0ew,richland-hills-texas
https://www.ubereats.com/dallas/food-delivery/mcdonalds-arlington-tx-randol-mill-fielder/i7gjJEiGThWaIwM77LVoqQ,richland-hills-texas
https://www.ubereats.com/dallas/food-delivery/tangs-pacific-bistro/-WWKpUKMRemeGqOHmi96rw,richland-hills-texas
https://www.ubereats.com/dallas/food-delivery/royal-panda/alfi7QIqRFiBTLvCUrf3sA,richland-hills-texas
https://www.ubereats.com/dallas/food-delivery/kfc-700-w-abram-street/td453u2CTc2ZfAmpHpHlOA,richland-hills-texas
https://www.ubereats.com/dallas/food-delivery/hechizera-tortas/2xFZO8ieTxW-5s_wbI00tw,richland-hills-texas
https://www.ubereats.com/dallas/food-delivery/pho-one-restaurant/mJuh5F6uQTKSESLo9tUufg,richland-hills-texas
https://www.ubereats.com/dallas/food-delivery/fatburger-6039-precinct-line-rd/OFqfbzDDQMKTrukGTS1-9Q,richland-hills-texas
https://www.ubereats.com/dallas/food-delivery/sayuri-hibachi-express/O86gh6pFTzyN-HTDwlILoA,richland-hills-texas
https://www.ubereats.com/dallas/food-delivery/chipotle-mexican-grill-1312-w-pipeline-rd/ZhO7v6OkRb-XlWU6KbOLVg,richland-hills-texas
https://www.ubereats.com/dallas/food-delivery/wendys-1500-east-chase-parkway/d5zqR7AdQ-OZlJ7-Mp5RDg,richland-hills-texas
https://www.ubereats.com/dallas/food-delivery/golden-hotpot/DErHUvvQTImv1w-LroveJA,richland-hills-texas
https://www.ubereats.com/dallas/food-delivery/desi-hub/NmtFhEZiTjyBsj2p_hZ9Nw,richland-hills-texas
https://www.ubereats.com/dallas/food-delivery/cotton-patch-cafe-8528-davis-blvd/xe0Hwjq9TiWElCZszdvskQ,richland-hills-texas
https://www.ubereats.com/dallas/food-delivery/djs-soul-food-sunday/ujgKOa8zSpSD8eHR6Rpj6g,richland-hills-texas
https://www.ubereats.com/dallas/food-delivery/slim-chickens-5528-n-tarrant-pkwy/ZoUoGHcrRiSkwTGScUcykw,richland-hills-texas
https://www.ubereats.com/dallas/food-delivery/am-donut-coffee/NkE0lb2HRDm70z58dLkKfw,richland-hills-texas
https://www.ubereats.com/dallas/food-delivery/alwadi-cafe/GIIwLdQYRqqmGKCz2mwpMA,richland-hills-texas
https://www.ubereats.com/dallas/food-delivery/hoberts-soul-food-canteen/hg6B-TU0SOqHNYVTGKtECw,richland-hills-texas
https://www.ubereats.com/dallas/food-delivery/djays-soul-food-sundays/0G_wz-hxRtuMhtGceQ-8Sg,richland-hills-texas
https://www.ubereats.com/dallas/food-delivery/mcdonalds-ft-worth-tx-park-vista/Y856PQf4QiqvsK3jN4x_EQ,richland-hills-texas
https://www.ubereats.com/dallas/food-delivery/phillys-togo/Xaf9bGB5QIWKNfcWZXeR_g,richland-hills-texas
https://www.ubereats.com/dallas/food-delivery/chicken-express-5100-davis-blvd/F2KYJszKQBGHarN7dxjz1g,richland-hills-texas
https://www.ubereats.com/dallas/food-delivery/roscoes-smokehouse-keller/GJK9drzHTl-CoBEAL4RdqQ,richland-hills-texas
https://www.ubereats.com/dallas/food-delivery/chipotle-mexican-grill-7604-denton-hwy-ste-200/Fha76mc0Qc2lLB7sbKX2CA,richland-hills-texas
https://www.ubereats.com/dallas/food-delivery/sunny-street-cafe-5000-western-center-blvd/gwQuPcCiQxy8rh8jFb2pcw,richland-hills-texas
https://www.ubereats.com/dallas/food-delivery/chicken-salad-chick-fort-worth/b9JawLymSbCeWTBZQC4mVQ,richland-hills-texas
https://www.ubereats.com/dallas/food-delivery/blue-32-bar-%26-grill/VHdDm3dMQp2a7hbEGrQcFQ,richland-hills-texas
https://www.ubereats.com/dallas/food-delivery/little-caesars-7247-boulevard-26/kKkzpy_LRmKYHaUvPltQDw,richland-hills-texas
https://www.ubereats.com/dallas/food-delivery/mi-pueblo-%23-2/RcRVTY3XQX6KW7XpWr1xxg,richland-hills-texas
https://www.ubereats.com/dallas/food-delivery/mcdonalds-hurst-long-boone/SNuodxQxRaa1BQijsiEn6g,richland-hills-texas
https://www.ubereats.com/dallas/food-delivery/buca-di-beppo-southlake-tx-114/vGvfolzYRN2NNhkthurmew,richland-hills-texas
https://www.ubereats.com/dallas/food-delivery/tacos-del-norte/zxvGgQajSfaI5F24l33guw,richland-hills-texas
https://www.ubereats.com/dallas/food-delivery/churchs-chicken-3900-ne-28th-street/ZoYwEQCSTlKtsAvIcXK85g,richland-hills-texas
https://www.ubereats.com/dallas/food-delivery/big-boyz-pit-smoked-bbq-%26-more/eFPfaa3BRKWcwQ-Om2mHlg,richland-hills-texas
https://www.ubereats.com/dallas/food-delivery/archies-donuts/JGznz4THTY6cQgt7uoQkZQ,richland-hills-texas
https://www.ubereats.com/dallas/food-delivery/yori/3NmSoTPfTxO0TVPYPFUbhA,richland-hills-texas
https://www.ubereats.com/dallas/food-delivery/fuel-city-burgers-saginaw/c6_1GCtPQ0KLo0sAlrYC1g,richland-hills-texas
https://www.ubereats.com/dallas/food-delivery/papa-johns-haltom-city/gws05X-GQoykFx4wvnYorg,richland-hills-texas
https://www.ubereats.com/dallas/food-delivery/burger-box/Uf8bzLJwSoiUyfcoOolHDA,richland-hills-texas
https://www.ubereats.com/dallas/food-delivery/schlotzskys-2504-b1-west-park-row-drive/vQ-Dg-8IQ7ihns-YhvYp3w,richland-hills-texas
https://www.ubereats.com/dallas/food-delivery/starbucks-hwy-26-%26-church/Zek8iBmcQoWhafI5affbMQ,richland-hills-texas
https://www.ubereats.com/dallas/food-delivery/buffalo-wild-wings-1933-airport-fwy/60SpaTjhRFq244-4lPIryQ,richland-hills-texas
https://www.ubereats.com/dallas/food-delivery/firehouse-subs-western-center/U1xH3GB4QQqYpTzKFjgs9w,richland-hills-texas
https://www.ubereats.com/dallas/food-delivery/starbucks-pipeline-%26-hwy-820/eGP7HRadRMWMSJJx_6BmLA,richland-hills-texas
https://www.ubereats.com/dallas/food-delivery/wendys-5161-rufe-snow-dr/tPCodpyoTmexPc-dXqLbsg,richland-hills-texas
https://www.ubereats.com/dallas/food-delivery/momo-to-go/EQaXglijRxGg18J0g4NzzA,richland-hills-texas
https://www.ubereats.com/dallas/food-delivery/cracker-barrel-old-country-store-4691-gemini-place/ZXkgaH4dSH2tfmkDAUvYuQ,richland-hills-texas
https://www.ubereats.com/dallas/food-delivery/dapper-cafe/O1I-a6oxRz-Wb751xFMYUw,richland-hills-texas
https://www.ubereats.com/dallas/food-delivery/chipotle-mexican-grill-2100-airport-fwy-ste-100/vvNRCpRAQIGVrzxZiDUUdw,richland-hills-texas
https://www.ubereats.com/dallas/food-delivery/crown-x-press-pizza-%26-tacos/i0qxTR5aSLOKo-VR7Ugo0Q,richland-hills-texas
https://www.ubereats.com/dallas/food-delivery/sonic-4500-golden-triangle-blvd/84MIjkJ0QKGI6vOZ_Mb7GA,richland-hills-texas
https://www.ubereats.com/dallas/food-delivery/mcdonalds-e-loops/7BLTm0XERY2FyuTc6I6NZw,richland-hills-texas
https://www.ubereats.com/dallas/food-delivery/mcdonalds-ft-worth-tx-n-beach-western/mder5hbYRW-riyrUH3gurg,richland-hills-texas
https://www.ubereats.com/dallas/food-delivery/joy-donuts/bkk4LD0VSVidyq3_7E-amA,richland-hills-texas
https://www.ubereats.com/dallas/food-delivery/cartel-taco-bar/YLKpXWQnTuiXAUEVafRT6w,richland-hills-texas
https://www.ubereats.com/dallas/food-delivery/subway-maurice/oliyiOynSRKf4XlUtOCikQ,richland-hills-texas
https://www.ubereats.com/dallas/food-delivery/oc-breakfast/s16o3kgBT0-t-Urw8HHWqg,richland-hills-texas
https://www.ubereats.com/dallas/food-delivery/golden-chick-hurst/4rN19elyT2S4PPZjCfrMsQ,richland-hills-texas
https://www.ubereats.com/dallas/food-delivery/luxor-mediterranean-restaurant-and-bar/nCjlEDQRQ9C8jFHviFIQXQ,richland-hills-texas
https://www.ubereats.com/dallas/food-delivery/mexican-inn-bedford/IGCqXUWxSRi6nPKxbr8rxQ,richland-hills-texas
https://www.ubereats.com/dallas/food-delivery/honey-baked-ham-728-grapevine-hwy/EA69_TEbSJyrfTJOeBrjlg,richland-hills-texas
https://www.ubereats.com/dallas/food-delivery/taqueria-tepito-1510-nw-28th-st/IUy7ap1RQ6SORlPUvvjH-g,richland-hills-texas
https://www.ubereats.com/dallas/food-delivery/prince-lebanese-grill/cuN-7Bw0SQC1YqRt0nm1Aw,richland-hills-texas
https://www.ubereats.com/dallas/food-delivery/indian-kitchen-haltom-city/27mkv9G8TNy4jsEqdt1IRg,richland-hills-texas
https://www.ubereats.com/dallas/food-delivery/sonic-2000-north-central-drive/NW5B8LhYQNKOZUYdl7uCmA,richland-hills-texas
https://www.ubereats.com/dallas/food-delivery/taco-bell-2824-n-main-st/kqiMqcfhT_CvZ5VNV-CqHg,richland-hills-texas
https://www.ubereats.com/dallas/food-delivery/papa-murphys-8536-davis-boulevard-suite-200/_1LNXMpKT4CGe0JV-CmaBQ,richland-hills-texas
https://www.ubereats.com/dallas/food-delivery/the-colossal-sandwich-shop/7eS1g6PiT4STUmp1ELYbzw,richland-hills-texas
https://www.ubereats.com/dallas/food-delivery/proper-pasta-and-pizza/Lj9SUw-3QKqjf0tklVA9vg,richland-hills-texas
https://www.ubereats.com/dallas/food-delivery/namoo-korean-bowl/E8me746DRWCVeYps6U0Z8A,richland-hills-texas
https://www.ubereats.com/dallas/food-delivery/saikou-sushi-%26-ramen/qGl1D-tARDC6wdtLUojZPw,richland-hills-texas
https://www.ubereats.com/dallas/food-delivery/5am-drip/1zZzby29SiW7pAq5Xvh6tQ,richland-hills-texas
https://www.ubereats.com/dallas/food-delivery/chicken-express-keller/ObIA6lyJTS-emXlX2rAJcw,richland-hills-texas
https://www.ubereats.com/dallas/food-delivery/red-lobster-7800-bedford-euless-road/tK9B1vg9TeW3EUS5dGe1JA,richland-hills-texas
https://www.ubereats.com/dallas/food-delivery/hightower-deli-%26-cafe-cherry-st/mb6KcdHbSe-CTnwAKoS2fQ,richland-hills-texas
https://www.ubereats.com/dallas/food-delivery/k-pop-burger-keller/yJKAXevOQFW1EMqv1e7BDg,richland-hills-texas
https://www.ubereats.com/dallas/food-delivery/papa-johns-2633-west-park-row-drive/vFavKQV2SGmFKjyW5L2gPQ,richland-hills-texas
https://www.ubereats.com/dallas/food-delivery/blue-cajun/lZ0bdLHoSuWF81Gfw5xzUQ,richland-hills-texas
https://www.ubereats.com/dallas/food-delivery/starbucks-hwy-183-%26-precinct/VPl09rWvSmaIxAvaxtxwTA,richland-hills-texas
https://www.ubereats.com/dallas/food-delivery/wendys-1509-brown-trail/7H-4lBJ5SbWgoZf7Rnkhmg,richland-hills-texas
https://www.ubereats.com/dallas/food-delivery/tributary-cafe/lRwyiyI7QfOp9nV298WTLQ,richland-hills-texas
https://www.ubereats.com/dallas/food-delivery/honey-baked-ham-2221-porter-creek-dr/QhgBg8VpSIG9typU7-UBaw,richland-hills-texas
https://www.ubereats.com/dallas/food-delivery/el-cangrejo/Spml-YcBQeGZeDGFEzlGgg,richland-hills-texas
https://www.ubereats.com/dallas/food-delivery/fuel-city-tacos-saginaw/ybxgO-gHRkStSCZpTIimEw,richland-hills-texas
https://www.ubereats.com/dallas/food-delivery/taqueria-las-esmeraldas/a94DddZ1RN2f4Xmpr3NoMA,richland-hills-texas
https://www.ubereats.com/dallas/food-delivery/evergreen-super-buffet/Rmw-0hyiSo2j3kd8tzNI8Q,richland-hills-texas
https://www.ubereats.com/dallas/food-delivery/sonic-9628-tehama-ridge-parkway/gp8AAgQ1SCmoy5H5gtwphg,richland-hills-texas
https://www.ubereats.com/dallas/food-delivery/paris-bakery/B9YYVTRFRRKmtKmlabmMzg,richland-hills-texas
https://www.ubereats.com/dallas/food-delivery/pho-noodle-and-grill/wD3htVlNR5KcH6NBMzZkpQ,richland-hills-texas
https://www.ubereats.com/dallas/food-delivery/pollo-campero-arlington-south-cooper/1MJjW-cQRjiNgxKMHFo-Ww,richland-hills-texas
https://www.ubereats.com/dallas/food-delivery/texas-cheese-bean-burrito/SV8hS_TsRb-iBhUJfwxrQA,richland-hills-texas
https://www.ubereats.com/dallas/food-delivery/joes-pizza-pasta-%26-subs-southlake/Kdh28ak7RIiwEkRyGYHTJA,richland-hills-texas
https://www.ubereats.com/dallas/food-delivery/subway-7653-blvd-26-ste-a/9yToZcCzSR6YVWTAz5kTNg,richland-hills-texas
https://www.ubereats.com/dallas/food-delivery/ramen-sensei-1131-east-southlake-blvd/9dFzR2G4SFqyDgQznkSfMg,richland-hills-texas
https://www.ubereats.com/dallas/food-delivery/outback-steakhouse-2601-state-highway-121/Gw5Z02pWSemURXxbh4s4Fg,richland-hills-texas
https://www.ubereats.com/dallas/food-delivery/burgerfi-arlington/vopCgf4mQ4ivdmkhXOM3hg,richland-hills-texas
https://www.ubereats.com/dallas/food-delivery/nyc-bagel-and-sandwich-shop/3178EKffSCiqcUEq-fF8EQ,richland-hills-texas
https://www.ubereats.com/dallas/food-delivery/taqueria-el-toro-mansfield/A17344xnQNCp5pTWB9gqdA,richland-hills-texas
https://www.ubereats.com/dallas/food-delivery/jack-in-the-box-101-n-saginaw-blvd/bUnRaa1YQ52L9GcSSU9EcA,richland-hills-texas
https://www.ubereats.com/dallas/food-delivery/boomerjacks-grill-%26-bar-western-center/yhSX1yriSYaf1bsJIDLRsQ,richland-hills-texas
https://www.ubereats.com/dallas/food-delivery/ninja-ramen/VwsOru0qTs22n2mHve7dWA,richland-hills-texas
https://www.ubereats.com/dallas/food-delivery/shisha-cafe-pantego/eYEjjFw0TS-h-D3vB4fYAQ,richland-hills-texas
https://www.ubereats.com/dallas/food-delivery/taqueria-quiero-frijolitos/PDvLMARmTQeUK5UVB1onmg,richland-hills-texas
https://www.ubereats.com/dallas/food-delivery/cotton-patch-cafe-8004-denton-hwy-hwy377/7gtwgI5TS0WyhmHActYo_w,richland-hills-texas
https://www.ubereats.com/dallas/food-delivery/bjs-restaurant-%26-brewhouse-9401-sage-meadow-trail/iPP4vUnOT9um0TKexL9w4A,richland-hills-texas
https://www.ubereats.com/dallas/food-delivery/bethanys-smoothie-%26-bubble-tea-shop/fjs9nhyURA2szR8HHwjUhA,richland-hills-texas
https://www.ubereats.com/dallas/food-delivery/elotes-fanny/cFyAGK2sRSC9R3BOTWblRQ,richland-hills-texas
https://www.ubereats.com/dallas/food-delivery/pouring-glory/M9xCAaRiSbGg92WkBkVQvA,richland-hills-texas
https://www.ubereats.com/dallas/food-delivery/ems-kajun/rARSkEE5RkmIixGToB1R3Q,richland-hills-texas
https://www.ubereats.com/dallas/food-delivery/ihop-2309-airport-fwy/mQlZkRj7T6eQI_E1ktiWDg,richland-hills-texas
https://www.ubereats.com/dallas/food-delivery/hokkaido-sushi-%26-steak-house/ky9wS9H5TF66r890mhko2Q,richland-hills-texas
https://www.ubereats.com/dallas/food-delivery/tacos-y-mas-hurst/UhoTvS4vTXavwsbDqhcvOw,richland-hills-texas
https://www.ubereats.com/dallas/food-delivery/mcdonalds-davis-blvd/co6AaY6bTrqM0Ug8WLwGjA,richland-hills-texas
https://www.ubereats.com/dallas/food-delivery/donut-palace-3300-western-center/bv_zSVrcTLKfefwlUTDQ2A,richland-hills-texas
https://www.ubereats.com/dallas/food-delivery/funnel-cakes-%26-gelato-hurst/dbNiBtOqQ1S1HJIMrf4nqA,richland-hills-texas
https://www.ubereats.com/dallas/food-delivery/evitas-mexican-restaurant/gni0mIo4RMWKBFwlN20UDw,richland-hills-texas
https://www.ubereats.com/dallas/food-delivery/goodys-food-market/3i6QdfXgSxa_GKvhgyD3uw,richland-hills-texas
https://www.ubereats.com/dallas/food-delivery/sonic-1100-ne-green-oaks-blvd/TfNpbazRQ42ArocoXKzc0Q,richland-hills-texas
https://www.ubereats.com/dallas/food-delivery/broncos-sports-grill/fg1DEFI-QimYMtqPhCt7xA,richland-hills-texas
https://www.ubereats.com/dallas/food-delivery/crazy-cowboy/vcaF4nLtT4ivnsPG8MM9Bw,richland-hills-texas
https://www.ubereats.com/dallas/food-delivery/jamaica-gates-caribbean/uypT4pG-RW-jGymvdOiR2g,richland-hills-texas
https://www.ubereats.com/dallas/food-delivery/poke-station-n-richland-hills/DVJzytZ9S7i0zQz5bQ3XoQ,richland-hills-texas
https://www.ubereats.com/dallas/food-delivery/saffron-sky/qbONvPDbQzelGjaB_YPhRA,richland-hills-texas
https://www.ubereats.com/dallas/food-delivery/jack-in-the-box-5031-e-lancaster/2Tlio4OfS_6hrXUr2a3RuA,richland-hills-texas
https://www.ubereats.com/dallas/food-delivery/zenna-restaurant-fort-worth/MIyj_L7zSlKNA7xgQuvlag,richland-hills-texas
https://www.ubereats.com/dallas/food-delivery/not-just-pho/UgkoGtpvSZ6bkvyunbsqjA,richland-hills-texas
https://www.ubereats.com/dallas/food-delivery/the-bistro-at-marriott-courtyard-%26-town-suites-grapevine/2VZQxsgzQSmEhR4nv7_-FQ,richland-hills-texas
https://www.ubereats.com/dallas/food-delivery/boun-bistro/0P0nZ0hlTJKSugunM0cdBw,richland-hills-texas
https://www.ubereats.com/dallas/food-delivery/dinos-pizzeria-harwood-rd/unYU0YQCQOGgL4X863ie9g,richland-hills-texas
https://www.ubereats.com/dallas/food-delivery/asian-king-buffet/AUeir91sRoqVqVspalskWA,richland-hills-texas
https://www.ubereats.com/dallas/food-delivery/chapps-burgers-southwest-plaza/e1ncqrXIRUeof1stzSTx_A,richland-hills-texas
https://www.ubereats.com/dallas/food-delivery/frezko-taco-spot/PEO2D1EISK2qNuSGOop_Ig,richland-hills-texas
https://www.ubereats.com/dallas/food-delivery/takara-japanese-steakhouse/KrnGeUa1QF2qPuu6GYrMvA,richland-hills-texas
https://www.ubereats.com/dallas/food-delivery/the-post-at-river-east/aPRHMtIwTg-4XLDUYx6OUA,richland-hills-texas
https://www.ubereats.com/dallas/food-delivery/foodies-den/1kflQbkCQiOsXxSoDFuVpg,richland-hills-texas
https://www.ubereats.com/dallas/food-delivery/panda-express-2252-central-dr/k3o24ig-QICsn8xKzAh05g,richland-hills-texas
https://www.ubereats.com/dallas/food-delivery/fusion-asian-kitchen/Aq70NkfeTdqodswWnN2bMQ,richland-hills-texas
https://www.ubereats.com/dallas/food-delivery/banh-mi-viet/Bk6JudasQLecFbxGaxyRtw,richland-hills-texas
https://www.ubereats.com/dallas/food-delivery/kfc-tb-1505-brown-trail/SjOi_k-wQzGnHXZKsUKWvw,richland-hills-texas
https://www.ubereats.com/dallas/food-delivery/burgerim-5615-colleyville-blvd/eezsCWGEQUGueSTV8q6X8w,richland-hills-texas
https://www.ubereats.com/dallas/food-delivery/burger-king-1200-airport-freeway/McfV3AW4R3Sp3UdH4p9T5A,richland-hills-texas
https://www.ubereats.com/dallas/food-delivery/papa-johns-1806-baird-farm-road/F5VOEq_CRFutJ6eHhptFNQ,richland-hills-texas
https://www.ubereats.com/dallas/food-delivery/wendys-6716-bridge-street/n9_iWLn2SwmgkkRyXMFN5A,richland-hills-texas
https://www.ubereats.com/dallas/food-delivery/namoo-korean-restaurant-nrh/7mbQC1oYSKKrxk9iwny9sA,richland-hills-texas
https://www.ubereats.com/dallas/food-delivery/mcdonalds-rchlnd-hls-hadle/cWp0DmqeQ4uZFRIZE9RtmQ,richland-hills-texas
https://www.ubereats.com/dallas/food-delivery/sonic-100-n-nichols-st/fBZ8rAZMT22HpuC5-itBFA,richland-hills-texas
https://www.ubereats.com/dallas/food-delivery/arbys-1772-eastchase-pkwy/9dVCJqR_RyKtWF_rAnJ1gQ,richland-hills-texas
https://www.ubereats.com/dallas/food-delivery/bellissimo/Y-1e9MeNSN6p_bEAxFslyg,richland-hills-texas
https://www.ubereats.com/dallas/food-delivery/panda-express-6260-precinct-line-rd/JnWmsDglSbOdISOep1A4vA,richland-hills-texas
https://www.ubereats.com/dallas/food-delivery/dlites-shoppe/btXqtirATHCtlk81wLh4Iw,richland-hills-texas
https://www.ubereats.com/dallas/food-delivery/chipotle-mexican-grill-2310-w-southlake-blvd-ste-180/0DOJx-5OS-eBrMXjHL_RsA,richland-hills-texas
https://www.ubereats.com/dallas/food-delivery/casablanca-greek-mediterranean-cuisine/H1su05ZjQuOnbJ7hMxeu6A,richland-hills-texas
https://www.ubereats.com/dallas/food-delivery/burger-king-1670-east-chase-parkway/ExoqFx72TaKoFxBUFOTALA,richland-hills-texas
https://www.ubereats.com/dallas/food-delivery/boopas-bagel-deli/HPZ0OVkGSduBUOJTIN6tEQ,richland-hills-texas
https://www.ubereats.com/dallas/food-delivery/italy-pasta-%26-pizza-fort-worth/0Fdrt6PbSlK8o85-7fL6xg,richland-hills-texas
https://www.ubereats.com/dallas/food-delivery/dannys-big-burgers/2SsaYK5DQOKfnczJEdWb3A,richland-hills-texas
https://www.ubereats.com/dallas/food-delivery/byblos-mediterranean-lebanese-restaurant/Z8boa1umQcyC_trJxd4NEw,richland-hills-texas
https://www.ubereats.com/dallas/food-delivery/napols-pizza/bJWpL3VKQii20Kn4XOj6cA,richland-hills-texas
https://www.ubereats.com/dallas/food-delivery/dairy-queen-2424-w-park-row-dr/OIs-vG7BQ-emw4Cc2BpJcA,richland-hills-texas
https://www.ubereats.com/dallas/food-delivery/taco-bell-7200-n-freeway/Si6F6-oGS262VIAhQOEwFA,richland-hills-texas
https://www.ubereats.com/dallas/food-delivery/nestle-toll-house-cafe-by-chip-red-mango-124-e-4th-st/VtOAoB8ARemm3NGLltNbyQ,richland-hills-texas
https://www.ubereats.com/dallas/food-delivery/sonic-6327-lake-worth-blvd/W5v5UAdqT4y3Ya6LsYet0g,richland-hills-texas
https://www.ubereats.com/dallas/food-delivery/bosses-pizza-fort-worth/vqNZXJhQRxWqwPD7RcrtFA,richland-hills-texas
https://www.ubereats.com/dallas/food-delivery/bad-azz-burrito-blue-mound/k5xWPAfJRamcZRxX6j_X7g,richland-hills-texas
https://www.ubereats.com/dallas/food-delivery/vaquero-coffee-company/4J74c3qxRyOLATzqvwtEeA,richland-hills-texas
https://www.ubereats.com/dallas/food-delivery/schlotzskys-6360-north-beach/_ENMcQq-S4avkeepuFri6w,richland-hills-texas
https://www.ubereats.com/dallas/food-delivery/the-gurkha-bar-and-grill/fn9qvfBXT8aXGpifToPgDQ,richland-hills-texas
https://www.ubereats.com/dallas/food-delivery/poke-stop/DUddg8OUSoi1-9spVas3Pw,richland-hills-texas
https://www.ubereats.com/dallas/food-delivery/chef-point-collyville/ziNwcvDlRfe0ywoslo7FwA,richland-hills-texas
https://www.ubereats.com/dallas/food-delivery/chicken-express-bedford/BHtHdkYxQPqzMGMQ3kHQsw,richland-hills-texas
https://www.ubereats.com/dallas/food-delivery/jjs-taco-shop/DPSVRT67RDqrpvXjd12ZkQ,richland-hills-texas
https://www.ubereats.com/dallas/food-delivery/mrjimspizza-0010-5310-rufe-snow-dr/SipDVmqLQqOfVN4qnTd-Ew,richland-hills-texas
https://www.ubereats.com/dallas/food-delivery/jack-in-the-box-920-e-loop-820-n/No3pKZf3Tf6snCtUv21_nQ,richland-hills-texas
https://www.ubereats.com/dallas/food-delivery/chef-point/2Rj8t2UkQguuX27YdH01dg,richland-hills-texas
https://www.ubereats.com/dallas/food-delivery/chalio-mexican-restaurant/CRNdfhgKSoqGe-2whhf76w,richland-hills-texas
https://www.ubereats.com/dallas/food-delivery/taco-bell-8170-precinct-line-road/VKtKjfFSS7-GlSF5UcDecA,richland-hills-texas
https://www.ubereats.com/dallas/food-delivery/taco-bell-8389-grapevine-hwy/310dV90gTgKAuAH4K7xHLQ,richland-hills-texas
https://www.ubereats.com/dallas/food-delivery/red-robin-502-820-north-east-mall-blvd/smDbQqfYQQ-iAsjJ7-CcGA,richland-hills-texas
https://www.ubereats.com/dallas/food-delivery/fuzzys-taco-shop-5710-rufe-snow-dr/PwhnQew8SMGhGsA4cDQV8A,richland-hills-texas
https://www.ubereats.com/dallas/food-delivery/super-donuts/bRQ6P9-xQta571O5i5FBzw,richland-hills-texas
https://www.ubereats.com/dallas/food-delivery/sunny-donuts/YHMGSRH7SD2ZF00dp9oRXg,richland-hills-texas
https://www.ubereats.com/dallas/food-delivery/nikis-italian-bistro/2xhi1K5iT4SlTmvFv4RILA,richland-hills-texas
https://www.ubereats.com/dallas/food-delivery/little-caesars-pizza-3305b-n-main-st/25URC0JETOWpKMFck8JrSQ,richland-hills-texas
https://www.ubereats.com/dallas/food-delivery/potbelly-sandwich-shop-hurst-183-%26-precinct-%7C-297/jUQhyKogSR-HUq353_g8eQ,richland-hills-texas
https://www.ubereats.com/dallas/food-delivery/el-amigo-taqueria/1mWTL-LVRvKHdP4C-NkS3Q,richland-hills-texas
https://www.ubereats.com/dallas/food-delivery/don-wang-chinese-food-express/4LcjbbWBRq-F1M3Kk-rEbQ,richland-hills-texas
https://www.ubereats.com/dallas/food-delivery/rice-to-meet-you-cup/Nrh1ox5yShqYm_hGX-R_7A,richland-hills-texas
https://www.ubereats.com/dallas/food-delivery/chinese-cafe/EFpPxk46Qt29th5J5T2APA,richland-hills-texas
https://www.ubereats.com/dallas/food-delivery/swad-indian/8Gdt5wSDROGRlAFu3fFlWw,richland-hills-texas
https://www.ubereats.com/dallas/food-delivery/my-lan-bistro/Vvde_53yQhup_jTPpnlUeg,richland-hills-texas
https://www.ubereats.com/dallas/food-delivery/miguelitos-mexican-restaurant/syj2Sj3zR5ePl2Y51C_OKQ,richland-hills-texas
https://www.ubereats.com/dallas/food-delivery/sonic-6280-beach-st/Z0_7nEs4QsWOnkX8pECphg,richland-hills-texas
https://www.ubereats.com/dallas/food-delivery/guss-world-famous-fried-chicken-fort-worth/67lA7516TZmSVR0XnEIHfA,richland-hills-texas
https://www.ubereats.com/dallas/food-delivery/la-tapatia-paleteria-y-fruteria/RmHBoudHR4KF9Nmo_HF47A,richland-hills-texas
https://www.ubereats.com/dallas/food-delivery/dusty-biscuit-beignets/8PwDhbDsTbqgnjNWvrZ9Hw,richland-hills-texas
https://www.ubereats.com/dallas/food-delivery/lubys-ne-loop-820/ezkVL65BT7yA_gr4YsxQ3A,richland-hills-texas
https://www.ubereats.com/dallas/food-delivery/amira-mediterranean-cuisine/fDpFTzJmSlyBwAOpUQRqUg,richland-hills-texas
https://www.ubereats.com/dallas/food-delivery/toasted-coffee-%2B-kitchen/FSIOHOpDQ4OvcdXd7j4KBw,richland-hills-texas
https://www.ubereats.com/dallas/food-delivery/guanataco/Xus6knRKR_atOK5XphlWwg,richland-hills-texas
https://www.ubereats.com/dallas/food-delivery/king-of-wing-and-daiquiri/f2JO_ACPRz6BPq0Q_EoeTA,richland-hills-texas
https://www.ubereats.com/dallas/food-delivery/boiling-tails-co/9ovNGzs-QIqNHxJVDlDGNQ,richland-hills-texas
https://www.ubereats.com/dallas/food-delivery/boston-market-4402-little-road/Nc0fX4jXSj64FPYIXJdPVg,richland-hills-texas
https://www.ubereats.com/dallas/food-delivery/breakfast-burritos-hurst/8sOt4QlIQnCWjJ6H1Z1Ohg,richland-hills-texas
https://www.ubereats.com/dallas/food-delivery/buffalos-express-6039-precinct-line-road/EYU7pw7lR8OfIFQ6IFbkKA,richland-hills-texas
https://www.ubereats.com/dallas/food-delivery/mamma-mia-belknap-st/bOkMrYkgRTC4Y_iOe1BapA,richland-hills-texas
https://www.ubereats.com/dallas/food-delivery/mariachis-dine-in/V9Qy-vEqQjKiUFA8cZfiFw,richland-hills-texas
https://www.ubereats.com/dallas/food-delivery/papa-johns-4718-colleyville-blvd/9ZZktW-3RrCYURi4-z9qdw,richland-hills-texas
https://www.ubereats.com/dallas/food-delivery/thai-papaya-garden/rKa6ESUeQw-8OgCAUq5boA,richland-hills-texas
https://www.ubereats.com/dallas/food-delivery/moes-gyro/fsDDaXp4QeeVXi_HzLrGsg,richland-hills-texas
https://www.ubereats.com/dallas/food-delivery/on-the-border-s-arlington/_YQPJ8OhSd2zh7luy3UVWQ,richland-hills-texas
https://www.ubereats.com/dallas/food-delivery/yolk-sundance-square/0uUDx1CITJ2MpmlAIEKg5w,richland-hills-texas
https://www.ubereats.com/dallas/food-delivery/panda-express-1149-n-saginaw-blvd/FloixPPPRe6P_1EkUQW2Pw,richland-hills-texas
https://www.ubereats.com/dallas/food-delivery/savor-patisserie-fort-worth/31nhra0ITky0rHZivAgsmg,richland-hills-texas
https://www.ubereats.com/dallas/food-delivery/arbys-5370-n-beach-st/akTU8VwRSICoeydOb9HTww,richland-hills-texas
https://www.ubereats.com/dallas/food-delivery/zena-sushi/WA2jtzgETlmPdDZR3B8Afg,richland-hills-texas
https://www.ubereats.com/dallas/food-delivery/grandpas-popcorn/hlyZRbZLSduI6e_01SqkFQ,richland-hills-texas
https://www.ubereats.com/dallas/food-delivery/mount-top-cafe-hot-n-spicy/6v2b1LC5S5W1QPQHuKaxCw,richland-hills-texas
https://www.ubereats.com/dallas/food-delivery/szechuan-cafe/hE17_jsyR4uCJ_zL8eASOw,richland-hills-texas
https://www.ubereats.com/dallas/food-delivery/mcalisters-deli-522-n-richland-hills-tx-1243/Vg0EXl1zRJOvoZ0Q6Vlpsg,richland-hills-texas
https://www.ubereats.com/dallas/food-delivery/del-friscos-grille-154-east-3rd-st/zgu0WcG6SIazZ2DV2ZAzhQ,richland-hills-texas
https://www.ubereats.com/dallas/food-delivery/muggle-shakes/ff1tjrjoR5K-xre8t9b2zA,richland-hills-texas
https://www.ubereats.com/dallas/food-delivery/saltgrass-1813-hwy-121/1wrYz7SkSKyxwJR_PvCymA,richland-hills-texas
https://www.ubereats.com/dallas/food-delivery/sprouts-springroll-%26-pho/COhMW7DSRU28KE1U_DWisA,richland-hills-texas
https://www.ubereats.com/dallas/food-delivery/rolling-ice/dkqjC-MtRCOHNp8QaymbIw,richland-hills-texas
https://www.ubereats.com/dallas/food-delivery/big-shots-sports-cafe/mlTf9gr9Rr2p_dq5PU4mwA,richland-hills-texas
https://www.ubereats.com/dallas/food-delivery/taco-bell-2808-denton-highway/XvYDMv36Q6uipL6JbTSyhA,richland-hills-texas
https://www.ubereats.com/dallas/food-delivery/tortilleria-la-super-sabrosa/R1VQv3MtQBiIS_rOS81mTg,richland-hills-texas
https://www.ubereats.com/dallas/food-delivery/lubys-1200-bridgewood-drive/xR9f6mS0RJSeAc5kFF0rNA,richland-hills-texas
https://www.ubereats.com/dallas/food-delivery/cuates-kitchen/GuQYp-3wQBiHuq8uj5-oJw,richland-hills-texas
https://www.ubereats.com/dallas/food-delivery/acebedos-taco-rico/2ZhfkZo8TJOX18587KvEcg,richland-hills-texas
https://www.ubereats.com/dallas/food-delivery/world-blend/tHK6wspMSpuCTc2aPciuZQ,richland-hills-texas
https://www.ubereats.com/dallas/food-delivery/panda-express-2928-e-berry-st/tl2-cPohRLeijlAG8V4KOg,richland-hills-texas
https://www.ubereats.com/dallas/food-delivery/sonic-3078-basswood-blvd/75UIAn9QS2aAeTmJaX6CjA,richland-hills-texas
https://www.ubereats.com/dallas/food-delivery/mcdonalds-watauga-denton/6AcPPFjAQEeejoJEzv6wig,richland-hills-texas
https://www.ubereats.com/dallas/food-delivery/cicis-1408-eastchase-pkwy/P1PQ2FCqRZ2oOjydZl7bhQ,richland-hills-texas
https://www.ubereats.com/dallas/food-delivery/big-shots-sports-cafe/h8wASv-_QK272t28Efj4oQ,richland-hills-texas
https://www.ubereats.com/dallas/food-delivery/fishtail-harwood-rd/OV6IYULcTK-fIRiIDtLB3A,richland-hills-texas
https://www.ubereats.com/dallas/food-delivery/dickeys-bbq-pit-6721-bridge-st/btJdTDxgQdutuEA9rlmwyw,richland-hills-texas
https://www.ubereats.com/dallas/food-delivery/williams-fried-chicken-1701-mcclellan-ct/GdiXoYDuT5-DJ9NuWTJH3w,richland-hills-texas
https://www.ubereats.com/dallas/food-delivery/kfc-6730-bridge-street/gkpJNmYgSEqDAvpx-I8QRQ,richland-hills-texas
https://www.ubereats.com/dallas/food-delivery/taco-cabana-4360-little-rd/jHcUU3BWTaS0bR1DHkMAuw,richland-hills-texas
https://www.ubereats.com/dallas/food-delivery/subway-429-bedford-rd/f57YJhnASfeSI_siUuHORA,richland-hills-texas
https://www.ubereats.com/dallas/food-delivery/chuys-mexican-restaurant/gaqx5xR0TZqr1m8KS30hzA,richland-hills-texas
https://www.ubereats.com/dallas/food-delivery/frijoles-cafe-cantina/t8N8WIxNS8W7B9Rp0Lc9Ag,richland-hills-texas
https://www.ubereats.com/dallas/food-delivery/i-donuts/RGpxg3DKRKevdVBfwgeP2Q,richland-hills-texas
https://www.ubereats.com/dallas/food-delivery/mamas-pizza-north-richland/8IXMBOb9Ttmtdt4b_lllsQ,richland-hills-texas
https://www.ubereats.com/dallas/food-delivery/mcdonalds-keller-tx-rufe-snow-n-tarrant-pkwy/RHEnj7iJSX6uWQtpi4qBvA,richland-hills-texas
https://www.ubereats.com/dallas/food-delivery/whats-cook-n-chef/dGGSeFH2Qr6D_p9JUYn-1g,richland-hills-texas
https://www.ubereats.com/dallas/food-delivery/loft22-cakes/gwmE5g6wSumHPzRtkw-r8g,richland-hills-texas
https://www.ubereats.com/dallas/food-delivery/taco-cabana-101-s-industrial-blvd/A_hhn1ILQw6Irv32CoAw7Q,richland-hills-texas
https://www.ubereats.com/dallas/food-delivery/mercury-chop-house/J9HPA9NmRpCx7Lu33tn1nw,richland-hills-texas
https://www.ubereats.com/dallas/food-delivery/ihop-1457-beach/3uTZMzFCQsyRpY2Hi-y7Eg,richland-hills-texas
https://www.ubereats.com/dallas/food-delivery/cold-stone-creamery-2948-texas-sage-trail/64wLeuyYQqGFAF2I9t6XRg,richland-hills-texas
https://www.ubereats.com/dallas/food-delivery/asiannights-lao-thai-cuisine-%26-bar/2_4HOSwTS6SdVOoI2YqiFw,richland-hills-texas
https://www.ubereats.com/dallas/food-delivery/villa-fresh-italian-kitchen-hurst/Qtose4R9SJu0HeD5FLDI8Q,richland-hills-texas
https://www.ubereats.com/dallas/food-delivery/ny-pizzeria/xVDXTOHOSTu_Xn0bKJvC-Q,richland-hills-texas
https://www.ubereats.com/dallas/food-delivery/red-hot-%26-blue-n-richland-hills/NgX7vEVCSpWMrZhbSN9trw,richland-hills-texas
https://www.ubereats.com/dallas/food-delivery/connies-cafe/iYJMs4JWRoOmXx-wxX-f5A,richland-hills-texas
https://www.ubereats.com/dallas/food-delivery/on-the-border-bedford/Dtrw7PpKRri6TDH9KB8ZEg,richland-hills-texas
https://www.ubereats.com/dallas/food-delivery/fuel-city-tacos-haltom-city/a0PZxWgdSLGd3JdJ5ganew,richland-hills-texas
https://www.ubereats.com/dallas/food-delivery/paul%60s-seafood/El_elksrTfaezGWW_jfXeQ,richland-hills-texas
https://www.ubereats.com/dallas/food-delivery/arbys-7640-grapevine-hwy/7TCwCZBqS02UREMd5OklXA,richland-hills-texas
https://www.ubereats.com/dallas/food-delivery/takara-japanese-steakhouse/godTs5zDQAKiFnvRg_EhKQ,richland-hills-texas
https://www.ubereats.com/dallas/food-delivery/panda-express-5340-n-beach-st/W6HpOBM_Tyq0AJCKGmC0_A,richland-hills-texas
https://www.ubereats.com/dallas/food-delivery/benihana-1131-east-southlake-blvd/QO5Xl0kAQbu87i-lsf7ayQ,richland-hills-texas
https://www.ubereats.com/dallas/food-delivery/neighborhood-grill/nvV1FJVQQHyKjN5wqGziDA,richland-hills-texas
https://www.ubereats.com/dallas/food-delivery/five-guys-tx-1402-9180-north-freeway/kVGl_5dzQAuu8270rsYNIg,richland-hills-texas
https://www.ubereats.com/dallas/food-delivery/taco-bell-756-w-pipeline-rd/6X4QTpq8Rhq4HgT_Ktbqsg,richland-hills-texas
https://www.ubereats.com/dallas/food-delivery/samwhichery/AiUwBLP9Tt6XhD2Iu17uVg,richland-hills-texas
https://www.ubereats.com/dallas/food-delivery/popeyes-3100-e-berry-street/eTS2LxqFSzSXeddNoGnGXQ,richland-hills-texas
https://www.ubereats.com/dallas/food-delivery/moonlight-cakes/BM84D7aXTlCO2miO2aFaJw,richland-hills-texas
https://www.ubereats.com/dallas/food-delivery/taco-bell-4500-western-center-blvd/XzqpEX0ZSXOSzFYchYxG4g,richland-hills-texas
https://www.ubereats.com/dallas/food-delivery/papa-johns-3101-harwood-road/hYObGvsxRYiZNFVwOZPdPw,richland-hills-texas
https://www.ubereats.com/dallas/food-delivery/chicken-express-bridgewood-drive/UuGBJAReToWUMaWmTuWOpA,richland-hills-texas
https://www.ubereats.com/dallas/food-delivery/salsa-joes-tex-mex-smokehouse/jhByYnncQCG8rtA_hij4uQ,richland-hills-texas
https://www.ubereats.com/dallas/food-delivery/helados-la-azteca/qrQARFRARJmbyPDI71C_SA,richland-hills-texas
https://www.ubereats.com/dallas/food-delivery/panda-express-8440-denton-hwy/T8ph0XFTRcitZYOKTA_Oww,richland-hills-texas
https://www.ubereats.com/dallas/food-delivery/dairy-queen-5441-rufe-snow-dr/fJSzxn0KR0uYzxRkLfWEbg,richland-hills-texas
https://www.ubereats.com/dallas/food-delivery/honeylove-cakery/YK--emIBRZOd44S2IGbrxQ,richland-hills-texas
https://www.ubereats.com/dallas/food-delivery/mi-pueblo-%231-north-richland-hills/qCu8T-UKTvic9kucwcGiYA,richland-hills-texas
https://www.ubereats.com/dallas/food-delivery/king-pho-sushi-bar/HqgGBUmyRce5B7Z5rUF4SQ,richland-hills-texas
https://www.ubereats.com/dallas/food-delivery/cinnaholic-fort-worth/Wa9tCwtnSESd4C9mFiktIg,richland-hills-texas
https://www.ubereats.com/dallas/food-delivery/auntie-annes-1101-melbourne-rd-suite-1000-spc-122/JMiY5dyrSCuzQHxOk35vOQ,richland-hills-texas
https://www.ubereats.com/dallas/food-delivery/cafe-republic/jI6vctEiRx-HHWZWKpYWUA,richland-hills-texas
https://www.ubereats.com/dallas/food-delivery/chicken-express-fort-worth-eastchase/PGrgf73iT8-08r8CI9_NmA,richland-hills-texas
https://www.ubereats.com/dallas/food-delivery/sonic-3518-matlock/eiCCTFhsTR-Q-uXS84LmBg,richland-hills-texas
https://www.ubereats.com/dallas/food-delivery/tog-o/h8dEWywCR8uvFgFW4i9WsA,richland-hills-texas
https://www.ubereats.com/dallas/food-delivery/jack-in-the-box-3001-w-euless-blvd/gGgnczkLRRanU5mBfkWvrA,richland-hills-texas
https://www.ubereats.com/dallas/food-delivery/texas-style-chicken-%26-seafood/mukL02H-SEaZcwHnh5fTTQ,richland-hills-texas
https://www.ubereats.com/dallas/food-delivery/tortas-la-hechizera-arlington/kkOgbKJKQ4G9VfaATFNwCg,richland-hills-texas
https://www.ubereats.com/dallas/food-delivery/zoes-kitchen-4717-colleyville-blvd-suite-100/SXcgp67TSQmnDsKLwstPhA,richland-hills-texas
https://www.ubereats.com/dallas/food-delivery/doshirock-sushi-%26-teriyaki-wok/9lKIE-LDTHC5hSIqIhhoEA,richland-hills-texas
https://www.ubereats.com/dallas/food-delivery/jack-in-the-box-6241-rufe-snow-dr/swxHVZJPRa6VhvqyQSVfKQ,richland-hills-texas
https://www.ubereats.com/dallas/food-delivery/subway-7901-mid-sities-blvd/V6L5nT3rTxCq7uPKC5i0jQ,richland-hills-texas
https://www.ubereats.com/dallas/food-delivery/chipotle-mexican-grill-9127-grapevine-hwy/uLtnxb9cTECHJUuJp8Phiw,richland-hills-texas
https://www.ubereats.com/dallas/food-delivery/ahi-poke-bowl/vwGWnHMaRP-Ze7TNagcgzw,richland-hills-texas
https://www.ubereats.com/dallas/food-delivery/omg-bbq/VRKlSlSOQzO8qRsYZ5iWtw,richland-hills-texas
https://www.ubereats.com/dallas/food-delivery/mks-sushi/f6SKs70bSTmM7WJ7NGkGCw,richland-hills-texas
https://www.ubereats.com/dallas/food-delivery/the-rock-wood-fired-pizza-fort-worth/opto1ZbtQiCymZhIRU_UpA,richland-hills-texas
https://www.ubereats.com/dallas/food-delivery/patriotic-pig-bbq/175UtQNZRBC8c6--cjndew,richland-hills-texas
https://www.ubereats.com/dallas/food-delivery/stop-n-go-gyros-6401-north-beach/6M9u9cWmRIq9UZkSi3PFCQ,richland-hills-texas
https://www.ubereats.com/dallas/food-delivery/cafe-acapulco/0kOrQZpTQ323vLPIfJN82w,richland-hills-texas
https://www.ubereats.com/dallas/food-delivery/chuys-mexican-restaurant/VMUGaNMzTk68Wai5LAeyZg,richland-hills-texas
https://www.ubereats.com/dallas/food-delivery/my-cafe-breakfast%26lunch/Y3TEuJ6kSmmx2LCDvy9bEw,richland-hills-texas
https://www.ubereats.com/dallas/food-delivery/saltgrass-5845-sandshell-drive/WmVhvw71RxWLEXI3rBl6-Q,richland-hills-texas
https://www.ubereats.com/dallas/food-delivery/drunken-crab-restaurant/lmtKtWE3QX2r3ETCNvcbFQ,richland-hills-texas
