url,city
https://www.ubereats.com/jackson/food-delivery/cajun-grille/3-BM3e9kQiSrNkv8n5_ZfQ,ridgeland-mississippi
https://www.ubereats.com/jackson/food-delivery/slim-chickens-819-lake-harbour-drive/cgSvLVr0TTakHbED5AMtuw,ridgeland-mississippi
https://www.ubereats.com/jackson/food-delivery/jersey-mikes-subs-1060-us-highway-51/Mv7ppeCSTDmgMnHfRk7XgA,ridgeland-mississippi
https://www.ubereats.com/jackson/food-delivery/taco-bell-1200-high-street/IPn-OW1vSMqDyO0x7-owNQ,ridgeland-mississippi
https://www.ubereats.com/jackson/food-delivery/asahi-japanese-restaurant/ZDiGjggSRMivR2yZFZ6VZQ,ridgeland-mississippi
https://www.ubereats.com/jackson/food-delivery/back-yard-burgers-1863-main-st/TC8YM1lDR9iTx2lrYsa5FA,ridgeland-mississippi
https://www.ubereats.com/jackson/food-delivery/burgers-salads-wings-restaurant/u0xNIRmbS_e26I8qLlN4rg,ridgeland-mississippi
https://www.ubereats.com/jackson/food-delivery/the-stuffed-baked-potato-factory/TWTw7lErTfOgrn8fstQjeA,ridgeland-mississippi
https://www.ubereats.com/jackson/food-delivery/exquisite-bar-%26-grill/uZOiMemVTqWqbXWx9TfyZw,ridgeland-mississippi
https://www.ubereats.com/jackson/food-delivery/med-fish-grill/bUkZ2mXCSYKHgZUK-CEUXQ,ridgeland-mississippi
https://www.ubereats.com/jackson/food-delivery/burger-king-1874-main-st/fLGNn1IBSk6bXa_jd5Tm8Q,ridgeland-mississippi
https://www.ubereats.com/jackson/food-delivery/mcalisters-deli-731-south-pear-orchard-road/z1R1yhw-QiWX1O0_usxdKg,ridgeland-mississippi
https://www.ubereats.com/jackson/food-delivery/back-yard-burgers-101-promenade-blvd/XsUSTPfJR4WRX83_B7lTAQ,ridgeland-mississippi
https://www.ubereats.com/jackson/food-delivery/kfc-220-w-woodrow-wilson-avenue/n1JKMky3RbqVuKVSU7xirg,ridgeland-mississippi
https://www.ubereats.com/jackson/food-delivery/e-zee-fish-%26-chicken/mjS-Oy5nQDK09plfqBCk_A,ridgeland-mississippi
https://www.ubereats.com/jackson/food-delivery/logan-farms/ZgrW0nDjQFKD0fbkAVo1xQ,ridgeland-mississippi
https://www.ubereats.com/jackson/food-delivery/ding-how-asia-bistro/qbQMSjxiTSyfzBh17r-NRQ,ridgeland-mississippi
https://www.ubereats.com/jackson/food-delivery/wendys-7001-old-canton-road/uZNt2g-_QdSC0T51tA9OPg,ridgeland-mississippi
https://www.ubereats.com/jackson/food-delivery/ihop-5076-lakeland-drive/CvTBUlMsT6WFZsuR06oBWg,ridgeland-mississippi
https://www.ubereats.com/jackson/food-delivery/rays-llc/KR1Ov_VSQW6F0ZCRxloI8w,ridgeland-mississippi
https://www.ubereats.com/jackson/food-delivery/mcalisters-deli-276-dogwood-blvd/eJTQPVV7QeaPYAJYkDTZuQ,ridgeland-mississippi
https://www.ubereats.com/jackson/food-delivery/wendys-235-w-northside-dr/64pQM1YiSa2osmxyIda_zg,ridgeland-mississippi
https://www.ubereats.com/jackson/food-delivery/soulshine-fannin/PM-UuKE3RhGQDkrTTujHvA,ridgeland-mississippi
https://www.ubereats.com/jackson/food-delivery/mcalisters-deli-2129-main-street/gpgciE2BTZi7-kBhCve1aQ,ridgeland-mississippi
https://www.ubereats.com/jackson/food-delivery/twisted-pretzel-northpark/cY1_8HIgRtS2dTonI75p9g,ridgeland-mississippi
https://www.ubereats.com/jackson/food-delivery/kfc-203-ridge-way/N52CcsQhQKqwK-TZnffx-w,ridgeland-mississippi
https://www.ubereats.com/jackson/food-delivery/tropical-smoothie-cafe-372-ridge-way/h0XyuRlYS32LQaPKtsA_UQ,ridgeland-mississippi
https://www.ubereats.com/jackson/food-delivery/pita-pit-104-grants-ferry-rd/EI5Ua6cCS2u4DTAGnUOwtQ,ridgeland-mississippi
https://www.ubereats.com/jackson/food-delivery/tropical-smoothie-cafe-238-s-pearson-road/Ts1qFFKIQKCjy7I4TNoFqQ,ridgeland-mississippi
https://www.ubereats.com/jackson/food-delivery/green-ghost-tacos/7TUAR8nKQFiJyARPNXQjyQ,ridgeland-mississippi
https://www.ubereats.com/jackson/food-delivery/the-bulldog-jackson/2AfBX-UJQoWoMHhAGeQxXQ,ridgeland-mississippi
https://www.ubereats.com/jackson/food-delivery/ocharleys-430-riverwind-dr/ze8hy2sxQDWZWz3XzwIjUg,ridgeland-mississippi
https://www.ubereats.com/jackson/food-delivery/krispy-krunchy-chicken-602-beasley-rd/8VfFi1hhRuCvly5BtdlPMg,ridgeland-mississippi
https://www.ubereats.com/jackson/food-delivery/kfc-100-colony-crossing-suite-c/HbsC-C5RT8GKxaTYXEb8MQ,ridgeland-mississippi
https://www.ubereats.com/jackson/food-delivery/green-ghost-tacos/SW4OAg5oQ_CO4aTCm4-ZjA,ridgeland-mississippi
https://www.ubereats.com/jackson/food-delivery/mcalisters-deli-1240-east-northside-drive/8iqu9iufRxyWtaMbToW29w,ridgeland-mississippi
https://www.ubereats.com/jackson/food-delivery/panda-express-163-ridge-way-suite-a/ImBIeVwsQTikNmiXRiCv9w,ridgeland-mississippi
https://www.ubereats.com/jackson/food-delivery/one-block-east/vYcgq0VkQ4S_sv8ll7oJ3g,ridgeland-mississippi
https://www.ubereats.com/jackson/food-delivery/firehouse-subs-153-ridge-way-ste-d/kbHXWxAySUCNVl4d1XCA2w,ridgeland-mississippi
https://www.ubereats.com/jackson/food-delivery/pita-pit-141-township-ave/q_9qzA9bSg6hBeFirMMhGg,ridgeland-mississippi
https://www.ubereats.com/jackson/food-delivery/captain-ds-5365-i-55-north/wttNPgD_TTeagxeWx4AIAA,ridgeland-mississippi
https://www.ubereats.com/jackson/food-delivery/cracker-barrel-old-country-store-6020-i-55-n/WVnyivqVTkeI_B1k5XjCQA,ridgeland-mississippi
https://www.ubereats.com/jackson/food-delivery/taco-bell-330-w-northside-dr/lAq_I5AOS9uu06XUba3LbQ,ridgeland-mississippi
https://www.ubereats.com/jackson/food-delivery/panera-1000-highland-colony-parkway/vYnhrDn6RnOKrPr5tOyjjQ,ridgeland-mississippi
https://www.ubereats.com/jackson/food-delivery/spillway-diner/q8oZWbu6Qo6jU5-x8ceU8g,ridgeland-mississippi
https://www.ubereats.com/jackson/food-delivery/wasabi-sushi-%26-bar-ridgeland/dL2-mFDKR3yq2i2TJpcuzA,ridgeland-mississippi
https://www.ubereats.com/jackson/food-delivery/buffalo-wild-wings-766-mackenzie-ln/f702AFBjTn6UK3RR1nBocQ,ridgeland-mississippi
https://www.ubereats.com/jackson/food-delivery/taqueria-mi-mexico-lindo/zLjdnT8LRmqyQQ2HIsqLqg,ridgeland-mississippi
https://www.ubereats.com/jackson/food-delivery/red-lobster-6357-i-55-north/4GFv-Yi6T0CocvZ0y0EC3Q,ridgeland-mississippi
https://www.ubereats.com/jackson/food-delivery/burgers-%26-blues/DQhVBrTaSf-Sanc8ilVKFQ,ridgeland-mississippi
https://www.ubereats.com/jackson/food-delivery/mcalisters-deli-200-riverwind-drive/_UaNyxoETUyCXa573ndeHA,ridgeland-mississippi
https://www.ubereats.com/jackson/food-delivery/cock-of-the-walk/KnyUYLVfQaOK2CB_8hj1FA,ridgeland-mississippi
https://www.ubereats.com/jackson/food-delivery/glorias-family-restaurant/wUXjmtrzTZSvbsL-svTi2g,ridgeland-mississippi
https://www.ubereats.com/jackson/food-delivery/five-guys-ms-0479-1000-highland-colony-pkwy/5yTCWyPASbuLa6JQBiNAfA,ridgeland-mississippi
https://www.ubereats.com/jackson/food-delivery/wendys-826-e-county-line-road/MIA0TZnHSRS7th38gcdTEg,ridgeland-mississippi
https://www.ubereats.com/jackson/food-delivery/newks-eatery-733-lake-harbour-dr/j0SGVwRfQp6KAxqKrbmPsQ,ridgeland-mississippi
https://www.ubereats.com/jackson/food-delivery/last-call-sports-grill/cPLp993bSfqRL4kS08vmBg,ridgeland-mississippi
https://www.ubereats.com/jackson/food-delivery/back-yard-burgers-6230-old-canton-rd/BDfcrB3lT3qNVM4uvDO53g,ridgeland-mississippi
https://www.ubereats.com/jackson/food-delivery/kfc-1068-county-line-road/sLipFtaFSSCdHO8yBdXXhw,ridgeland-mississippi
https://www.ubereats.com/jackson/food-delivery/rallys-127-grandview-blvd/JBn4QCmNRR-pr8podsss3g,ridgeland-mississippi
https://www.ubereats.com/jackson/food-delivery/the-mighty-crab-jackson/lbC_ca9nTK-wVy99nK6_6w,ridgeland-mississippi
https://www.ubereats.com/jackson/food-delivery/krab-queenz-jackson/-b39FUWeSUCKO69Z9fpGSA,ridgeland-mississippi
https://www.ubereats.com/jackson/food-delivery/logans-roadhouse-404-277-dogwood-boulevard/YZyPOCf2QvKIANAzvCUMIg,ridgeland-mississippi
https://www.ubereats.com/jackson/food-delivery/churchs-chicken-327-w-northside-drive/OLNKw5s0Rd--e2RvrN9SzA,ridgeland-mississippi
https://www.ubereats.com/jackson/food-delivery/arbys-1260-high-st/1W9kTON3SGm-Aj7lDsb2cQ,ridgeland-mississippi
https://www.ubereats.com/jackson/food-delivery/m-bar-jxn/OgoOC_3YRpm5ZIqvBuWnbw,ridgeland-mississippi
https://www.ubereats.com/jackson/food-delivery/outback-steakhouse-586-park-way/C8dafUSqTCqSuvosSg6WfA,ridgeland-mississippi
https://www.ubereats.com/jackson/food-delivery/wendys-1251-gluckstadt-rd/WGKZZheFS3em28_tZY2X-Q,ridgeland-mississippi
https://www.ubereats.com/jackson/food-delivery/popeyes-1074-e-county-line-rd/g4TvUQhNQxSHgjdyTSciFw,ridgeland-mississippi
https://www.ubereats.com/jackson/food-delivery/moms-dream-kitchen/W2xh1jQ9TXGMQmbpLNw7XQ,ridgeland-mississippi
https://www.ubereats.com/jackson/food-delivery/dennys-685-highway-80-east/Nk4pjNX1R2SgN4I_It9Hfg,ridgeland-mississippi
https://www.ubereats.com/jackson/food-delivery/zoes-restaurant/Wdb2lYVrRuGYmN7lIsGazA,ridgeland-mississippi
https://www.ubereats.com/jackson/food-delivery/popeyes-5351-i-55-n/Ekh4WGvuS5SYAd3EcJlW9A,ridgeland-mississippi
https://www.ubereats.com/jackson/food-delivery/krispy-kreme-1100-e-county-line-road/MaOTD388R1mcxG7fxi3N7w,ridgeland-mississippi
https://www.ubereats.com/jackson/food-delivery/wendys-4920-i-55-north/0R8jkeGeR9u7JTXBLqxXTA,ridgeland-mississippi
https://www.ubereats.com/jackson/food-delivery/rallys-318-woodrow-wilson/2z3RHYDKRbuNNXM77C_6MA,ridgeland-mississippi
https://www.ubereats.com/jackson/food-delivery/churchs-chicken-238-w-woodrow-wilson/oepFjeYQQJafgtG8gFOJnA,ridgeland-mississippi
https://www.ubereats.com/jackson/food-delivery/five-guys-ms-1282-108-market-st/27lCxTECS7q-eJgUcDeOlQ,ridgeland-mississippi
https://www.ubereats.com/jackson/food-delivery/soulshine-moonshine-inc/h3_muLCuQAG_RGvO6a_C_g,ridgeland-mississippi
https://www.ubereats.com/jackson/food-delivery/el-potrillo-mexican-restaurant-grill-and-cantina/vnXc2aQySlazuzXn5M72_g,ridgeland-mississippi
https://www.ubereats.com/jackson/food-delivery/tokyo-tasty-buffet/8Nnzh3SNRXm68yn9cv8_cw,ridgeland-mississippi
https://www.ubereats.com/jackson/food-delivery/which-wich-superior-sandwiches-145-market-street/c-Ruju7eRVCswq0zl_scFg,ridgeland-mississippi
https://www.ubereats.com/jackson/food-delivery/taste-of-india-flowood-ms/SsmYv8vOS4-1lXxmU5yrlw,ridgeland-mississippi
https://www.ubereats.com/jackson/food-delivery/bonefish-grill-201-colony-way/f5dd2Xf9RbOnV5Q68Qk-VQ,ridgeland-mississippi
https://www.ubereats.com/jackson/food-delivery/tokyo-express/oEpAqqDEQ1K_aWQAmnG_LQ,ridgeland-mississippi
https://www.ubereats.com/jackson/food-delivery/el-sabor-latin-cuisine/56qwU26JQFGAvHXUEm1g7A,ridgeland-mississippi
https://www.ubereats.com/jackson/food-delivery/thai-time-thai-and-sushi-restaurant/pDNeokhiTp-9IzsUZP24TQ,ridgeland-mississippi
https://www.ubereats.com/jackson/food-delivery/chick-fil-a-1200-e-county-line-rd-ste-232/cdA5pJYERoa5j9uFb8yGTg,ridgeland-mississippi
https://www.ubereats.com/jackson/food-delivery/auntie-annes-1200-east-county-line-road/gvmiWMtFS86AtQ1dCqg27w,ridgeland-mississippi
https://www.ubereats.com/jackson/food-delivery/starbucks-renaissance-ridgeland-ms/ChRRnhLJSjOZK_31a63VRA,ridgeland-mississippi
https://www.ubereats.com/jackson/food-delivery/rallys-3105-highway-80-e/0DcHEUFmRFqyHgxx-RxnLA,ridgeland-mississippi
https://www.ubereats.com/jackson/food-delivery/oec-japanese-express/D3OmPtMXSiaTZTg49f-yZQ,ridgeland-mississippi
https://www.ubereats.com/jackson/food-delivery/ridgeland-coffee-company/aRotbm3dSsWFwOcX9eECdg,ridgeland-mississippi
https://www.ubereats.com/jackson/food-delivery/yakiniku-korean-%26-japanese-bbq/NxNxmZqHTBKN9yXt2qEOFg,ridgeland-mississippi
https://www.ubereats.com/jackson/food-delivery/krystal-2010-e-county-line-rd/2G9FQIKhQu63pt6ZYa0khw,ridgeland-mississippi
https://www.ubereats.com/jackson/food-delivery/sonic-1900-e-county-line-rd/JzLzVBznSjiRQNkYuUoBBw,ridgeland-mississippi
https://www.ubereats.com/jackson/food-delivery/applebees-124-grandview-blvd/c9Bx2GOhT_WIp0DI4enQiw,ridgeland-mississippi
https://www.ubereats.com/jackson/food-delivery/newks-eatery-379-ridge-way/JhYZ5l0eTYyqwu4baiEdOg,ridgeland-mississippi
https://www.ubereats.com/jackson/food-delivery/sonic-drive-in-121-s-pearson-rd/sCqvO3QHQ8iPTgCRCGahBA,ridgeland-mississippi
https://www.ubereats.com/jackson/food-delivery/burger-king-583-beasley-road/8XxTgHm8QlGk9MvjIXXY1g,ridgeland-mississippi
https://www.ubereats.com/jackson/food-delivery/little-tokyo/n5nJDHPJRte3cZj3yUbmMQ,ridgeland-mississippi
https://www.ubereats.com/jackson/food-delivery/buffalo-wild-wings-808-lake-harbour-dr/C30QN9EAREuD66ZIOkalbA,ridgeland-mississippi
https://www.ubereats.com/jackson/food-delivery/pig-%26-pint/YGP2sJD1RouVb4bvNXrkeA,ridgeland-mississippi
https://www.ubereats.com/jackson/food-delivery/mcalisters-deli-1065-river-oaks-drive/ZK9PDusvShm19O1TK8qMSw,ridgeland-mississippi
https://www.ubereats.com/jackson/food-delivery/village-kitchen-219/dF6QthyFSsifacfxbrg8wA,ridgeland-mississippi
https://www.ubereats.com/jackson/food-delivery/mcdonalds-1604-e-county-line-road/kuEQDApvRHu_mNx5wfrs_g,ridgeland-mississippi
https://www.ubereats.com/jackson/food-delivery/shrimp-basket-ridgeland/W6457PbARaSv-V4dkoVnKw,ridgeland-mississippi
https://www.ubereats.com/jackson/food-delivery/e-%26-l-bar-b-que/FW4gdlB7R7aowo_28Z6GHg,ridgeland-mississippi
https://www.ubereats.com/jackson/food-delivery/captain-ds-235-woodrow-wilson/Bd0tzQOmSyCQIIJc4X_NXg,ridgeland-mississippi
https://www.ubereats.com/jackson/food-delivery/zaxbys-6330-ridgewood-court-dr/5TL2xaQWQP2la61faJdqzw,ridgeland-mississippi
https://www.ubereats.com/jackson/food-delivery/rallys-219-northside-drive/wMZgIVxJTbSV7sI0gJix4A,ridgeland-mississippi
https://www.ubereats.com/jackson/food-delivery/mama-hamils/-mTjWHfiSFSrJEYdJqAtCQ,ridgeland-mississippi
https://www.ubereats.com/jackson/food-delivery/burger-king-780-lake-harbour-dr/0rhhp_XuRp6e1ZRXjJQlmA,ridgeland-mississippi
https://www.ubereats.com/jackson/food-delivery/ihop-474-briarwood-drive/Icgv52rzSwKO8Scr58mpLw,ridgeland-mississippi
https://www.ubereats.com/jackson/food-delivery/firehouse-subs-179-grandview-blvd-suite-940/Jfz9MuBSQdapy89wfSXFDg,ridgeland-mississippi
https://www.ubereats.com/jackson/food-delivery/kale-me-crazy-ridgeland/R69J-yHfTO-KhvK0QSU6Og,ridgeland-mississippi
https://www.ubereats.com/jackson/food-delivery/applebees-764-lake-harbour-drive/aISnCp12RJWfQDEDkIoxDw,ridgeland-mississippi
https://www.ubereats.com/jackson/food-delivery/baskin-robbins-179-grandview-blvd/iVTGcEczTEizz6eodf49YQ,ridgeland-mississippi
https://www.ubereats.com/jackson/food-delivery/dennys-900-east-county-line-road/4effGTVXShKCOmkWeeNiIQ,ridgeland-mississippi
https://www.ubereats.com/jackson/food-delivery/applebees-2389-lakeland-drive/JkJ5tQpMQi28YC5KT24TKg,ridgeland-mississippi
https://www.ubereats.com/jackson/food-delivery/kfc-3198-west-northside-drive/9_R8ZxslQHWjklMTwurc6w,ridgeland-mississippi
https://www.ubereats.com/jackson/food-delivery/quiznos-2945-old-canton-rd/kUIeOnYVSFeNlNIOigxNdw,ridgeland-mississippi
https://www.ubereats.com/jackson/food-delivery/med-fish-grill/vuQLwBgOSmqhnmzR0U6Hyg,ridgeland-mississippi
https://www.ubereats.com/jackson/food-delivery/zaxbys-115-promenade-blvd/Ny1jqq-HTLuhlZaCzwG0dQ,ridgeland-mississippi
https://www.ubereats.com/jackson/food-delivery/taco-bell-1146-e-county-line-rd/s0tlrubATQqWncyN098GxA,ridgeland-mississippi
https://www.ubereats.com/jackson/food-delivery/osaka-japanese-restaurant/-S2UPZO8SJaqNLG2PyGN0Q,ridgeland-mississippi
https://www.ubereats.com/jackson/food-delivery/subway-175-grandview-blvd-ste-410/SLGKTsPDTMatO16koCROJA,ridgeland-mississippi
https://www.ubereats.com/jackson/food-delivery/mcdonalds-349-hwy-51/M3AACvv8Sna_sYrUj5E8PA,ridgeland-mississippi
https://www.ubereats.com/jackson/food-delivery/taco-bell-1853-main-street/rtvhhxQbR92beb1uNFxfvw,ridgeland-mississippi
https://www.ubereats.com/jackson/food-delivery/mcalisters-deli-220-e-amite-street/sWvY8J-QTcu415YtvLaGXw,ridgeland-mississippi
https://www.ubereats.com/jackson/food-delivery/taco-bell-2331-lakeland-drive/Q302mRb9TIiCZ96O-P8KDw,ridgeland-mississippi
https://www.ubereats.com/jackson/food-delivery/newks-eatery-1065-highland-colony-parkway-suite-a/iFeCZdZBSsirqzIR58hC5w,ridgeland-mississippi
