url,city
https://www.ubereats.com/sacramento/food-delivery/scoreboards-pizza-%26-grill/S2o2ZfPKTmWWq0ZxzEDoLQ,rocklin-california
https://www.ubereats.com/sacramento/food-delivery/jacks-urban-eats-in-the-fountains/YVvwiI0ARQON8-CFrc3SfQ,rocklin-california
https://www.ubereats.com/sacramento/food-delivery/ihop-100-north-sunrise-ave/3WpQmAhoQvuJg4nhYB6PxA,rocklin-california
https://www.ubereats.com/sacramento/food-delivery/ahipoki-bowl-roseville/G5PE_0hOT3K0amrtl64XJw,rocklin-california
https://www.ubereats.com/sacramento/food-delivery/buckhorn-grill-roseville/NVlYfrMURqmmbbuChHPOUw,rocklin-california
https://www.ubereats.com/sacramento/food-delivery/icing-on-the-cupcake/tHkeIbRaQ2mm_HSR5x1ryA,rocklin-california
https://www.ubereats.com/sacramento/food-delivery/boudin-1017-galleria-blvd/omMqliJSQyuSjOh8vn65fw,rocklin-california
https://www.ubereats.com/sacramento/food-delivery/village-pizza-%26-cafe/cS8H_RJVTPCRbFR0V6-2ng,rocklin-california
https://www.ubereats.com/sacramento/food-delivery/falafel-corner-roseville/KFthyPegR4S4YiHxeEu6zw,rocklin-california
https://www.ubereats.com/sacramento/food-delivery/jack-in-the-box-3426-8655-auburn-blvd/RsTKQT6YQDSFI3us6nAdIA,rocklin-california
https://www.ubereats.com/sacramento/food-delivery/burger-king-6075-horseshoe-bare-road/30_QmeYcSX-8vvrjSjFUaA,rocklin-california
https://www.ubereats.com/sacramento/food-delivery/the-original-mels-1804-douglas-blvd-roseville/D3T9NNugQf-29vxPiMXevg,rocklin-california
https://www.ubereats.com/sacramento/food-delivery/bruchis-cheesesteaks-%26-subs/8KGivSqiRK-ynx24DDm8Dg,rocklin-california
https://www.ubereats.com/sacramento/food-delivery/applebees-6811-lonetree-blvd-%2378037/But-t_YkRgCq8HfKGxBOUQ,rocklin-california
https://www.ubereats.com/sacramento/food-delivery/taco-bell-923-pleasant-grove-blvd/xseY5HjcR7CzWeB22V1kKg,rocklin-california
https://www.ubereats.com/sacramento/food-delivery/pressed-juicery-fountains-at-roseville/R-XbYDWPRneggp7U1lOPyg,rocklin-california
https://www.ubereats.com/sacramento/food-delivery/carls-jr-8477-sierra-college-blvd/EZO-dq3DT-GK1vsjmoU4aQ,rocklin-california
https://www.ubereats.com/sacramento/food-delivery/the-habit-burger-grill-933-pleasant-grove-blvd-suite-150/pncECA5aTZSHTcsys_JBTA,rocklin-california
https://www.ubereats.com/sacramento/food-delivery/brickyard-kitchen-%26-bar/IBfeqjUmQSi_5JQO72-zcw,rocklin-california
https://www.ubereats.com/sacramento/food-delivery/yummy-poke/h-sOkUgOReqPCJrwcbgBhA,rocklin-california
https://www.ubereats.com/sacramento/food-delivery/the-brass-tap-5150-commons-dr/5UGd-PY3RWikJHc-dceMLQ,rocklin-california
https://www.ubereats.com/sacramento/food-delivery/el-pollo-loco-9501-fairway-dr6103/MgbVmuxrQjKTn8blquGIOQ,rocklin-california
https://www.ubereats.com/sacramento/food-delivery/chicagos-pizza-with-a-twist-sierra-college/zjMoI96sTIeL1t6nCcyp8w,rocklin-california
https://www.ubereats.com/sacramento/food-delivery/arts-craft-beer-palace/pH8dQFIyThetxCIa5wFyEQ,rocklin-california
https://www.ubereats.com/sacramento/food-delivery/togos-107-ferrari-ranch-rd-ste-130/yZB_-qbCSAuCJBQ2NFvl7Q,rocklin-california
https://www.ubereats.com/sacramento/food-delivery/annachikadidai-folsom/Dj7NcaHTTe6AJjTdZEO_0w,rocklin-california
https://www.ubereats.com/sacramento/food-delivery/taco-bell-7730-sunrise-blvd/UYGX4CJQRi2GCydoJniGYQ,rocklin-california
https://www.ubereats.com/sacramento/food-delivery/curry-pizza-house-roseville/pBmTm3smQ0CsuUSFdXj97w,rocklin-california
https://www.ubereats.com/sacramento/food-delivery/panda-express-970-sunrise-ave-space-%23170/Sbwu2BIdTzqiPFqwHTxMpw,rocklin-california
https://www.ubereats.com/sacramento/food-delivery/the-draft-at-arena-softball/UiA8b13bRAOhohym6GpR7w,rocklin-california
https://www.ubereats.com/sacramento/food-delivery/rubios-1151-galleria-blvd/2exahjo7RmqKVQODaStqhw,rocklin-california
https://www.ubereats.com/sacramento/food-delivery/strings-italian-cafe/olPYWhVbSISU4tgGAkDcCw,rocklin-california
https://www.ubereats.com/sacramento/food-delivery/new-shanghai-restaraunt/5C9BNMmQSniqeU12jafiZA,rocklin-california
https://www.ubereats.com/sacramento/food-delivery/carls-jr-9065-woodcreek-oaks-blvd/cl2tOFn2RN6gtxT7mV4HNg,rocklin-california
https://www.ubereats.com/sacramento/food-delivery/chipotle-mexican-grill-5194-commons-dr-ste-101/0I2rPoYgRtKcVCH_5U50jg,rocklin-california
https://www.ubereats.com/sacramento/food-delivery/panda-express-3981-foothills-blvd/uMwTnSDcQzuiiZ2EwPsbDQ,rocklin-california
https://www.ubereats.com/sacramento/food-delivery/la-huaca-peruvian-cuisine/BiD7NIicQ8i7V-FQtnk7Tw,rocklin-california
https://www.ubereats.com/sacramento/food-delivery/rosatis-pizza-5140-foothills-blvd/9fqg4VZ-QLKPFbhnUt2XDg,rocklin-california
https://www.ubereats.com/sacramento/food-delivery/grand-asian-n-cajun/ntga6FJ5Swy9nvKujb_zIQ,rocklin-california
https://www.ubereats.com/sacramento/food-delivery/jamba-juice-10305-fairway-dr-%23140/Qsy_2dDvShiSOf7I031GCQ,rocklin-california
https://www.ubereats.com/sacramento/food-delivery/mcdonalds-4211-sierra-college-blvd/dJ6JX6lMRcaYxw6h7FHRfg,rocklin-california
https://www.ubereats.com/sacramento/food-delivery/subway-5194-commons-dr/iOY_8ngxRCaQNoJFXKGdaA,rocklin-california
https://www.ubereats.com/sacramento/food-delivery/cafe-elletti/MmaqxnrkRpmglieGJg-gAA,rocklin-california
https://www.ubereats.com/sacramento/food-delivery/the-canyon-grill-and-alehouse/Kd71vrb0QQyiMvIvvyPx2w,rocklin-california
https://www.ubereats.com/sacramento/food-delivery/bawarchi-indian-cuisine/Swexi35nSOywK15Io0z9TA,rocklin-california
https://www.ubereats.com/sacramento/food-delivery/orchid-thai-cuisine/ZlW2tvBVTRmEQj9Yy8CXZA,rocklin-california
https://www.ubereats.com/sacramento/food-delivery/sushi-kakogan/tsuFDqPnR9Kv7rGPeooHRg,rocklin-california
https://www.ubereats.com/sacramento/food-delivery/lazy-dog-restaurant-%26-bar-roseville/bI60ZwUCSXON7Yglfuzytw,rocklin-california
https://www.ubereats.com/sacramento/food-delivery/taco-bell-37-lincoln-blvd/HQYNSDAOR2e6XJGHTSBBzA,rocklin-california
https://www.ubereats.com/sacramento/food-delivery/jamba-juice-1151-galleria-blvd-space-258-a/2-ksAbK1TEONJ68v4fXrFw,rocklin-california
https://www.ubereats.com/sacramento/food-delivery/claim-jumper-250-harding-blvd/RFktJqe4Tym34fX2Waq6xQ,rocklin-california
https://www.ubereats.com/sacramento/food-delivery/chipotle-mexican-grill-781-pleasant-grove-blvd-ste-140/W_cjw25eSHeYpVgnAfzsyA,rocklin-california
https://www.ubereats.com/sacramento/food-delivery/falafel-corner/WN16uB0xT_iyY0c7nQv7Lw,rocklin-california
https://www.ubereats.com/sacramento/food-delivery/mehfil-indian-restaurant/2h4_pIdkT2C1yq8c8n1SSg,rocklin-california
https://www.ubereats.com/sacramento/food-delivery/pf-changs-1180-galleria-blvd/rw52i0x6SHqGTYCk-FBJJw,rocklin-california
https://www.ubereats.com/sacramento/food-delivery/panda-express-1151-galleria-blvd/KCeNeka9SdKnFYXqbfIRnw,rocklin-california
https://www.ubereats.com/sacramento/food-delivery/cheese-steak-shop-roseville/oj8CGMS6Ta2_Xm3gglHSFA,rocklin-california
https://www.ubereats.com/sacramento/food-delivery/taco-bell-4340-rocklin-rd/p7pKe3JpQI2Wz9YN1KTJiw,rocklin-california
https://www.ubereats.com/sacramento/food-delivery/carls-jr-7400-greenback-lane/WkGHoJ8YT-OSHL6nQAvCaQ,rocklin-california
https://www.ubereats.com/sacramento/food-delivery/jack-in-the-box-3435-6691-stanford-ranch-road/EXvMfHHDQHK2LhaWgp-Y3g,rocklin-california
https://www.ubereats.com/sacramento/food-delivery/del-taco-4610-sierra-college-blvd/2SQWv-rkSnePB8SOI0Qq6w,rocklin-california
https://www.ubereats.com/sacramento/food-delivery/cinnabon-1151-galleria-blvd/0qBv2fz5R22fhZSHlt-csQ,rocklin-california
https://www.ubereats.com/sacramento/food-delivery/cookie-connection-roseville-fountains/F-ve_lXsToOYgIhzn9Vt3A,rocklin-california
https://www.ubereats.com/sacramento/food-delivery/hot-dog-on-a-stick-1151-galleria-blvd/VzdESf4ySleJQVsqiKfAIQ,rocklin-california
https://www.ubereats.com/sacramento/food-delivery/panda-express-105-ferrari-ranch-road/ayTLaMDqS3KoF-93OvfnQw,rocklin-california
https://www.ubereats.com/sacramento/food-delivery/papa-murphys-4819a-granite-drive/pqFVyXzAQbqTfc-wWJw-Nw,rocklin-california
https://www.ubereats.com/sacramento/food-delivery/the-original-mels-6708-lonetree-blvd-rocklin/hzdA4_M_TXCNm5SEPQk5ug,rocklin-california
https://www.ubereats.com/sacramento/food-delivery/firehouse-subs-933-pleasant-grove-blvd/V1QbfqyvQL-sKGFJ93huUg,rocklin-california
https://www.ubereats.com/sacramento/food-delivery/papa-johns-pizza-5015-foothills-blvd/SDXdpmpkS564eO30pOyIOg,rocklin-california
https://www.ubereats.com/sacramento/food-delivery/jack-in-the-box-570-1923-douglas-blvd/xiUOwcabQUaYQIyGufHLKw,rocklin-california
https://www.ubereats.com/sacramento/food-delivery/subway-2351-sunset-blvd/jX8MlNjITDC5ePULdzJ6SA,rocklin-california
https://www.ubereats.com/sacramento/food-delivery/jacks-urban-eats-granite-bay/XCnur2ZyS4qCjWl_31Ndzw,rocklin-california
https://www.ubereats.com/sacramento/food-delivery/taco-bell-702-e-bidwell-st/SilSO6_4RaG5gboq0awlpw,rocklin-california
https://www.ubereats.com/sacramento/food-delivery/el-burrito-taqueria-roseville/s-YR4nIxTK-h6DMjjTs3sw,rocklin-california
https://www.ubereats.com/sacramento/food-delivery/subway-5895-pacific/2cqQlgGlTFa7SKe2EJ2ODA,rocklin-california
https://www.ubereats.com/sacramento/food-delivery/little-caesars/BsR_FPAqTZCJuS6J7dFfQA,rocklin-california
https://www.ubereats.com/sacramento/food-delivery/chuck-e-cheese-9601-fairway-drive-st-100/_lWg-VmXSamT3i8VtFqkrg,rocklin-california
https://www.ubereats.com/sacramento/food-delivery/adalbertos-mexican-food-rocklin-ca/tIQcQ-iwR8eU_M6kLpFLbw,rocklin-california
https://www.ubereats.com/sacramento/food-delivery/chaat-paradise/6Fs8pV7IRJ-ke55ALJqJVA,rocklin-california
https://www.ubereats.com/sacramento/food-delivery/sonic-913-pleasant-grove-blvd/9trUvWZBSHKVJ__s-f__-g,rocklin-california
https://www.ubereats.com/sacramento/food-delivery/el-pollo-loco-654-e-bidwell-st6130/m6Fxjv7xT0anIOR8rZqSzQ,rocklin-california
https://www.ubereats.com/sacramento/food-delivery/wayback-burgers-roseville/2Zcp_zqiTNOetnsZReWvUg,rocklin-california
https://www.ubereats.com/sacramento/food-delivery/subway-3201-stanford-ranch-rd/OwRClyfvRb-lwNz4zX8ifA,rocklin-california
https://www.ubereats.com/sacramento/food-delivery/red-robin-591-751-e-joiner-pkwy/DUxt1oiUSISx6uaHky5xmg,rocklin-california
https://www.ubereats.com/sacramento/food-delivery/papa-murphys-731-pleasant-grove-blvd/ER3FObaBQCqoCijDkjrNuw,rocklin-california
https://www.ubereats.com/sacramento/food-delivery/morenita-market-and-taqueria/voJNosRpTqy7uogEBX4R7w,rocklin-california
https://www.ubereats.com/sacramento/food-delivery/fukumi-ramen/qSCr4v61Twqlw0eSkz1NEw,rocklin-california
https://www.ubereats.com/sacramento/food-delivery/rubios-6706-stanford-ranch-r/lxKMreEhQZKhKcdNnWZpwA,rocklin-california
https://www.ubereats.com/sacramento/food-delivery/j-ds-bakery/ggzDKD90T9CEKdv1wLER_g,rocklin-california
https://www.ubereats.com/sacramento/food-delivery/vernon-street-grill/N96OBs5fRUyx3dA9F1HuuA,rocklin-california
https://www.ubereats.com/sacramento/food-delivery/starbucks-fairway-creek-%26-five-star/WGkZPCuRTAORqOUc38BB1A,rocklin-california
https://www.ubereats.com/sacramento/food-delivery/blast-%26-brew/G1xx5tkmRNmwlMEgF74vDQ,rocklin-california
https://www.ubereats.com/sacramento/food-delivery/pink-martini-bar-%26-bistro/JtU5VRw_SCW3BBfSAjfePA,rocklin-california
https://www.ubereats.com/sacramento/food-delivery/brookfields-restaurant-taylor-rd/pmUZUlkSQHyBgZsCxywY1Q,rocklin-california
https://www.ubereats.com/sacramento/food-delivery/charleys-philly-steaks-galleria-at-roseville/2e4GC7YRS1eODFrdTIKaLg,rocklin-california
https://www.ubereats.com/sacramento/food-delivery/edible-arrangements-6160-stanford-ranch-rd/XQQYgPi5QKeENh8zKhzTVA,rocklin-california
https://www.ubereats.com/sacramento/food-delivery/panda-express-2210-sunset-blvd-space%23-100/IJocWw_jQ0Klksc64qJJWQ,rocklin-california
https://www.ubereats.com/sacramento/food-delivery/eureka!-roseville/ZNGfRHlHRyiqDc9fb5oj9w,rocklin-california
https://www.ubereats.com/sacramento/food-delivery/dickeys-barbecue-701-pleasant-grove-blvd/Bl2w_jYHQGmfNyDLlZluXA,rocklin-california
https://www.ubereats.com/sacramento/food-delivery/thai-basil/YdNc1iJZTjir7lJzXjwzxA,rocklin-california
https://www.ubereats.com/sacramento/food-delivery/mountain-mikes-pizza-996-pleasant-grove-blvd/QGcZx0o8Stmd4BxvNFJkrg,rocklin-california
https://www.ubereats.com/sacramento/food-delivery/mod-pizza-rocklin/G_SXJ7LSS-2955W5rjXkJQ,rocklin-california
https://www.ubereats.com/sacramento/food-delivery/costa-vida-1475-eureka-rd-roseville/Ozq0dMSHRQmhnpEXhlVeJQ,rocklin-california
https://www.ubereats.com/sacramento/food-delivery/costa-vida-fresh-mexican-grill-roseville/qe7MkZavQHqc_D7WKIqYwQ,rocklin-california
https://www.ubereats.com/sacramento/food-delivery/del-taco-1619-douglas-blvd/5XOm8-iBR0CmsWq7hgxlQw,rocklin-california
https://www.ubereats.com/sacramento/food-delivery/cold-stone-creamery-4001-woodcreek-oaks-blvd/HU9hwvdqQUGZihKydWVwNw,rocklin-california
https://www.ubereats.com/sacramento/food-delivery/coffee-republic-folsom/-pAmh_QtTTeb3AnO_Fp1gQ,rocklin-california
https://www.ubereats.com/sacramento/food-delivery/boston-market-5003-foothills-blvd/5yTHAIQaSruCe8I95B1JHw,rocklin-california
https://www.ubereats.com/sacramento/food-delivery/sourdough-%26-co-rocklin/xM0_FLRdQ1S7zSB5lvJSfQ,rocklin-california
https://www.ubereats.com/sacramento/food-delivery/jamba-juice-4780-granite-drive-ste-100/-SreYAw4QqKODdM3JhGqKA,rocklin-california
https://www.ubereats.com/sacramento/food-delivery/menchies-frozen-yogurt-5194-commons-dr/ILeRRrH7TcqRn4deWuZZzw,rocklin-california
https://www.ubereats.com/sacramento/food-delivery/wok-n-bowl/BwVvEv-0RZmUImdK8EIRow,rocklin-california
https://www.ubereats.com/sacramento/food-delivery/subway-1040-pleasant-grove-blvd/Vv-D5rS7QSqgpIJXFiLp9g,rocklin-california
https://www.ubereats.com/sacramento/food-delivery/togos-6706-stanford-ranch-rd-%23d1/q6-YdDidSDS4TEbPh1IItA,rocklin-california
https://www.ubereats.com/sacramento/food-delivery/bloom-coffee-%26-tea/A6ahcNp0Tx-fOye24rLQHQ,rocklin-california
https://www.ubereats.com/sacramento/food-delivery/trademark-pizza-company/eps-HTPzSSquiYKOlydqFg,rocklin-california
https://www.ubereats.com/sacramento/food-delivery/carls-jr-101-ferrari-ranch-rd/cAc74JNcTxmiifrxbXTiwg,rocklin-california
https://www.ubereats.com/sacramento/food-delivery/togos-1825-douglas-blvd/JU5LQcikRZegvIoVl6wXHA,rocklin-california
https://www.ubereats.com/sacramento/food-delivery/the-habit-burger-grill-4640-sierra-college-blvd/TaJGy1GdRamhXnt_xC0LdA,rocklin-california
https://www.ubereats.com/sacramento/food-delivery/krispy-kreme-10317-fairway-drive/4FCmv3gPSfCrZCjQeaSWOg,rocklin-california
https://www.ubereats.com/sacramento/food-delivery/panera-1850-douglas-blvd/i6gOtMRYRVmWunSIyYSHcg,rocklin-california
https://www.ubereats.com/sacramento/food-delivery/khun-suda-thai-cuisine/qA5vqLH_QnaoaEOV-9MITQ,rocklin-california
https://www.ubereats.com/sacramento/food-delivery/koja-kitchen/7pnb-1UgSHaINwo66-VzkA,rocklin-california
https://www.ubereats.com/sacramento/food-delivery/chipotle-mexican-grill-1136-galleria-blvd-ste-160/ux49UzDyQkOUMZd00l3GqA,rocklin-california
https://www.ubereats.com/sacramento/food-delivery/noodles-%26-company-5198-commons-dr/PrNpBC5LQWayOwXnBJEyDw,rocklin-california
https://www.ubereats.com/sacramento/food-delivery/jack-in-the-box-4402-5150-foothills-blvd/LNX8PcLKR1edxJTm5Y_hNw,rocklin-california
https://www.ubereats.com/sacramento/food-delivery/panera-5100-commons-drive/iWOPGykBTjuRNfyksp9u9A,rocklin-california
https://www.ubereats.com/sacramento/food-delivery/el-sombrero-taqueria/GFPGcY1mTIyk6cme4db62g,rocklin-california
https://www.ubereats.com/sacramento/food-delivery/julians-patisserie-and-cafe/VjRG2J9TS1yJ4egRd2wl4w,rocklin-california
https://www.ubereats.com/sacramento/food-delivery/jack-in-the-box-4313-57-lincoln-blvd/RdcTUIJ_QaG6r9wG0ZabTQ,rocklin-california
https://www.ubereats.com/sacramento/food-delivery/paul-martins-american-grill-roseville/39EYS7FnSh2U1WTRvzO2jQ,rocklin-california
https://www.ubereats.com/sacramento/food-delivery/il-pizzaiolo/eGMPyuM-Rh24PlGEQmCuIA,rocklin-california
https://www.ubereats.com/sacramento/food-delivery/carls-jr-6608-lonetree-blvd/HHImEbhsTFuK4tWy7MH97w,rocklin-california
https://www.ubereats.com/sacramento/food-delivery/carls-jr-7570-sunrise-blvd/v1Qj2RZyT4qufT3BNbl77A,rocklin-california
https://www.ubereats.com/sacramento/food-delivery/pinkberry-galleria-blvd/1I4yn40pSPm_bCNNE_weog,rocklin-california
https://www.ubereats.com/sacramento/food-delivery/goose-port-public-house/PyVH8VxnRpGgktnJ89bQFQ,rocklin-california
https://www.ubereats.com/sacramento/food-delivery/mi-lindo-jalisco/VCD7MjRDQEO_PYRB1o1BTQ,rocklin-california
https://www.ubereats.com/sacramento/food-delivery/jack-in-the-box-4323-7807-sunrise-ave/rkz3c5aMS6mgiH03oNYLYA,rocklin-california
https://www.ubereats.com/sacramento/food-delivery/starbucks-pleasant-grove-%26-hwy-65/ER11FHLISFyxQv1tmkJslg,rocklin-california
https://www.ubereats.com/sacramento/food-delivery/pho-hot/0s15W9xqQr6Gyk2P0ZEleA,rocklin-california
https://www.ubereats.com/sacramento/food-delivery/taqueria-roberto-mexican-food/0V_--pDyTG6grBWiVkF7hg,rocklin-california
https://www.ubereats.com/sacramento/food-delivery/chicagos-pizza-with-a-twist-folsom/em3MXdn9T2mFU5SW_MFAPg,rocklin-california
https://www.ubereats.com/sacramento/food-delivery/kfc-6710-five-star-blvd/MnsxyUH-ShuXgM7mkGnr5w,rocklin-california
https://www.ubereats.com/sacramento/food-delivery/mcdonalds-2172-sunset-blvd/e9tf7TixSYq6dD0qwX-5Gw,rocklin-california
https://www.ubereats.com/sacramento/food-delivery/jersey-mikes-5130-commons-dr/BtmflvrPSS2nRZ0N7QLn2w,rocklin-california
https://www.ubereats.com/sacramento/food-delivery/starbucks-douglas-%26-sierra-college/EBIXFPAfQ5SWQ_w-AWJzAA,rocklin-california
https://www.ubereats.com/sacramento/food-delivery/fast-freddies-pizza-%26-pasta/gfXRwR9IQQW9nZt4RnCw_Q,rocklin-california
https://www.ubereats.com/sacramento/food-delivery/cool-river-pizza/uPJ5iJ6jQ0OrKMHkUk32eQ,rocklin-california
https://www.ubereats.com/sacramento/food-delivery/the-curry-leaves-north-and-south-indian-indo-chinese/FJHN7us_QsWCspRoKopfyQ,rocklin-california
https://www.ubereats.com/sacramento/food-delivery/pizza-guys-lincoln/kLd1for7QmenEqKjzX4arg,rocklin-california
https://www.ubereats.com/sacramento/food-delivery/taco-bell-6975-douglas-blvd/JKfUXkoLTe2OBPs8jV3R4g,rocklin-california
https://www.ubereats.com/sacramento/food-delivery/cold-stone-creamery-1228-galleria-blvd-ste-140/X_bQn2OqSMio7OSovH-LCg,rocklin-california
https://www.ubereats.com/sacramento/food-delivery/tahoe-joes-828/dJ6j4sovR3OR-xkfraVd2g,rocklin-california
https://www.ubereats.com/sacramento/food-delivery/capriottis-4060-douglas-blvd-suite-104/zzzvLtENTgWPrhq1Gis4rg,rocklin-california
https://www.ubereats.com/sacramento/food-delivery/panda-express-5410-crossings-dr/npai2wAbTpiIL68q0e6rXg,rocklin-california
https://www.ubereats.com/sacramento/food-delivery/taqueria-garibaldi-fairway-dr/q2hkjcluQyCOgvUs9W5QHA,rocklin-california
https://www.ubereats.com/sacramento/food-delivery/my-thai-kitchen/5BSiKkG6TYK1-w4yJUxqlA,rocklin-california
https://www.ubereats.com/sacramento/food-delivery/california-burgers/t6xpPQYiQ4qRcRc_4V1Ghw,rocklin-california
https://www.ubereats.com/sacramento/food-delivery/panera-916-pleasant-grove-blvd/4rj-sKUnT7qu2CwEdeQQ8g,rocklin-california
https://www.ubereats.com/sacramento/food-delivery/wallys-cafe-granite-dr/Rw_gxI3ZQ0GHB5jsbyP-Qw,rocklin-california
https://www.ubereats.com/sacramento/food-delivery/jersey-mikes-subs/bu7OCjpdR6q4uPyaj1xPjA,rocklin-california
https://www.ubereats.com/sacramento/food-delivery/himalaya-hub/mMYjjuGwSIKx5PnIU5obUQ,rocklin-california
https://www.ubereats.com/sacramento/food-delivery/black-bear-diner-6700-stanford-ranch-road/IyuxgBGGRiyPYrPqt8hGCw,rocklin-california
https://www.ubereats.com/sacramento/food-delivery/pza-roseville/dhNDZ1q-TJ2vIVJzaWXA9A,rocklin-california
https://www.ubereats.com/sacramento/food-delivery/dennys-122-sunrise-ave/Rjchb9pgRVSeTX7IcikrVQ,rocklin-california
https://www.ubereats.com/sacramento/food-delivery/edible-arrangements-1490-eureka-road-suite-%23120/BKO7GlEPTtqpJjSdtBic5A,rocklin-california
https://www.ubereats.com/sacramento/food-delivery/pizza-guys-foothills-blvd-roseville/AMZgAhLcTy2FYvbAIErsjQ,rocklin-california
https://www.ubereats.com/sacramento/food-delivery/better-foods-deli/AYGfK2l7RYu0nTlwrO9HgQ,rocklin-california
https://www.ubereats.com/sacramento/food-delivery/red-robin-49-1184-galleria-blvd/qq0c1_GtTWOAK8H3rCMKoA,rocklin-california
https://www.ubereats.com/sacramento/food-delivery/chipotle-mexican-grill-3988-douglas-blvd-ste-140/_z9dgcZKShSclYPqJVStOA,rocklin-california
https://www.ubereats.com/sacramento/food-delivery/el-portal-taqueria-lincoln/rAbKoadmT96nyJTWaqX4PQ,rocklin-california
https://www.ubereats.com/sacramento/food-delivery/carls-jr-4002-foothills-blvd/7WJ4b-knSASd91yT8o6wTg,rocklin-california
https://www.ubereats.com/sacramento/food-delivery/papa-johns-pizza-rocklin/SWqQxhF3RSGsNUltCt95jQ,rocklin-california
https://www.ubereats.com/sacramento/food-delivery/betos-mexican-food-auburn-blvd/ED98Mox3QamgpomVJb91TQ,rocklin-california
https://www.ubereats.com/sacramento/food-delivery/power-market-deli-3023/yDkdgGJeSgC478jkKGrFrA,rocklin-california
https://www.ubereats.com/sacramento/food-delivery/dennys-4460-rocklin-rd/vweazH-vSDeGxgZMlgOvRg,rocklin-california
https://www.ubereats.com/sacramento/food-delivery/blaze-pizza-107-ferrari-ranch-road/YZvMPlMwQNyC6CZni9gp3Q,rocklin-california
https://www.ubereats.com/sacramento/food-delivery/golden-city/bez8oRLeRaGsGNLVsegn4Q,rocklin-california
https://www.ubereats.com/sacramento/food-delivery/vitality-bowls-3988-douglas-blvd/044cLmRZS12KhZ2W-0euBQ,rocklin-california
https://www.ubereats.com/sacramento/food-delivery/el-pollo-loco-7600-greenback-ln3520/z0sf2g-XRVKamu2G09xrYw,rocklin-california
https://www.ubereats.com/sacramento/food-delivery/cracker-barrel-old-country-store-4630-sierra-college-blvd/EBPUH54TQryedOndtwXbcQ,rocklin-california
https://www.ubereats.com/sacramento/food-delivery/togos-5098-foothills-blvd-ste-2/lsu9JlvFQNKG-cbVTdSvHg,rocklin-california
https://www.ubereats.com/sacramento/food-delivery/ihop-6751-stanford-ranch-rd/LV9c7hddQjScytd2vjisAw,rocklin-california
https://www.ubereats.com/sacramento/food-delivery/taco-bell-342-n-sunrise-ave/qdQ30cDsRcmXSxphM_wMGQ,rocklin-california
https://www.ubereats.com/sacramento/food-delivery/starbucks-lincoln-crossing-lincoln/cgjE7pTjTS-LvExOQ5191w,rocklin-california
https://www.ubereats.com/sacramento/food-delivery/smashburger-1210-roseville-pkwy-ste-100/aiBFxOudR7KAs5_puC6Wsg,rocklin-california
https://www.ubereats.com/sacramento/food-delivery/mountain-mikes-pizza-1850-douglas-blvd/5YgyYD8JToKEwTvGqFx4MQ,rocklin-california
https://www.ubereats.com/sacramento/food-delivery/bjs-restaurant-%26-brewhouse-1200-roseville-parkway/p7aqcIJFR-6J84j4YgTDQw,rocklin-california
https://www.ubereats.com/sacramento/food-delivery/mcdonalds-6710-stanford-ranch-rd/u5SmoeguSO-jAi65CLJ39w,rocklin-california
https://www.ubereats.com/sacramento/food-delivery/taco-bell-2041-wildcat-blvd/ylgt9huSS0qY0OYix8S_gQ,rocklin-california
https://www.ubereats.com/sacramento/food-delivery/pita-pit-1485-eureka-roadsuite-160/2g-F2lUySoyZg8077YZaZg,rocklin-california
https://www.ubereats.com/sacramento/food-delivery/nations-giant-hamburgers-citrus-heights/tJqm2uKBRIa865tInTCoog,rocklin-california
https://www.ubereats.com/sacramento/food-delivery/posh-bagel/zW0oH0ghTd2xwBdUvIiQ0g,rocklin-california
https://www.ubereats.com/sacramento/food-delivery/the-yummy-cookie/fzK1OJ-4RR6IRlyMfgDIdA,rocklin-california
https://www.ubereats.com/sacramento/food-delivery/taco-bell-2365-sunset-blvd/7PRqE886SPK_inzX8lNmHA,rocklin-california
https://www.ubereats.com/sacramento/food-delivery/wing-squad-roseville/wdTekFM0TT6CWux10xEq2Q,rocklin-california
https://www.ubereats.com/sacramento/food-delivery/kfc-1089-sunrise-avenue/Lel57lEHQ-KcoRzAr-KE2Q,rocklin-california
https://www.ubereats.com/sacramento/food-delivery/subway-5070-b-rocklin-rd/g8MMkCVFQyuzu6gCp2GR1A,rocklin-california
https://www.ubereats.com/sacramento/food-delivery/big-spoon-yogurt-roseville/KlRneVAPRjaGu52HUcEUJw,rocklin-california
https://www.ubereats.com/sacramento/food-delivery/chicagos-pizza-with-a-twist-roseville-foothill/0b_Ehnr7SDSkAEKGYu2BUQ,rocklin-california
https://www.ubereats.com/sacramento/food-delivery/jack-in-the-box-585-4410-rocklin-rd/coMIg5VuSLKvqg6-DF_HHw,rocklin-california
https://www.ubereats.com/sacramento/food-delivery/ramen-101-rocklin/akMcbVjbS8CN1sGFtvCTtw,rocklin-california
https://www.ubereats.com/sacramento/food-delivery/university-of-beer/diy8RYjrRXypOC_UiaccDw,rocklin-california
https://www.ubereats.com/sacramento/food-delivery/kfc-5130-foothills-blvd/PCUVSadlSU6mS0A8mvhPJQ,rocklin-california
https://www.ubereats.com/sacramento/food-delivery/tokyo-dori-sushi-and-grill/DITtRmRtSbiZ837PsBqPcA,rocklin-california
https://www.ubereats.com/sacramento/food-delivery/mcdonalds-3994-foothills-blvd/B4IUiPLEQniLbr1WyZnzmg,rocklin-california
https://www.ubereats.com/sacramento/food-delivery/pieology-pizzeria-2030-douglas-blvd/mPeBa3MiTYWl0TN_Q1rllw,rocklin-california
https://www.ubereats.com/sacramento/food-delivery/roseville-family-restaurant/LXO5iggrRQWuI5Vx-0ED6Q,rocklin-california
https://www.ubereats.com/sacramento/food-delivery/dos-coyotes-border-cafe-roseville/eFvyO72ySFuk3KkIvwHJeQ,rocklin-california
https://www.ubereats.com/sacramento/food-delivery/the-original-mels-5430-crossings-dr-rocklin/VQfEjmokSqey34omOlTaDQ,rocklin-california
https://www.ubereats.com/sacramento/food-delivery/a%26w-1089-sunrise-avenue/AFwPriJwRhWzkUV1eTXBlA,rocklin-california
https://www.ubereats.com/sacramento/food-delivery/popeyes-1100-douglas-blvd/IDjPoltvRFGwVH3KdkDxEA,rocklin-california
https://www.ubereats.com/sacramento/food-delivery/tea-republic/pfmwAgTnTyilhcDJTW6zoQ,rocklin-california
https://www.ubereats.com/sacramento/food-delivery/wallys-cafe-sunset-blvd/Ds7UH6_URCCiwDTLUELGKg,rocklin-california
https://www.ubereats.com/sacramento/food-delivery/poke-town/rtD3oSDxTjO-e29HXHXlxg,rocklin-california
https://www.ubereats.com/sacramento/food-delivery/tropical-smoothie-cafe-5130-commons-dr-suite-112/5_BFk6jfQ2mAqSpI1xOLMA,rocklin-california
https://www.ubereats.com/sacramento/food-delivery/applebees-6900-auburn-blvd-%2378038/oyWbG5DRS6SzIQDiDjq1WQ,rocklin-california
https://www.ubereats.com/sacramento/food-delivery/vampire-penguin/zBcZXU3GQjOUoxiZe73dtA,rocklin-california
https://www.ubereats.com/sacramento/food-delivery/buca-di-beppo-roseville/BS_jt2zOSN6dcHZcgq3EVQ,rocklin-california
https://www.ubereats.com/sacramento/food-delivery/kfc-7098-auburn-boulevard/wxAucGzeQwOb_ApkJi2dYw,rocklin-california
https://www.ubereats.com/sacramento/food-delivery/panda-express-1450-lead-hill-blvd/HPYCThKfS2WOlr-l7QGI_Q,rocklin-california
https://www.ubereats.com/sacramento/food-delivery/pasquallys-pizza-%26-wings-9601-fairway-drive-st-100/A7UAiyF-SymzF24bHSwJZg,rocklin-california
https://www.ubereats.com/sacramento/food-delivery/five-guys-ca-1369-8620-sierra-college-blvd/26yM-GPUTPuTckP6RU9fzw,rocklin-california
https://www.ubereats.com/sacramento/food-delivery/california-pizza-kitchen-1190-roseville-parkway/f6KukF77Q6eyGbzIE4Hb6A,rocklin-california
https://www.ubereats.com/sacramento/food-delivery/romanos-macaroni-grill-2010-douglas-blvd/C5cneg3aQ164FqFcy5aUug,rocklin-california
https://www.ubereats.com/sacramento/food-delivery/a%26w-4855-granite-drive/wRFnNdLdRP2N3q653TQp7A,rocklin-california
https://www.ubereats.com/sacramento/food-delivery/701-pizza/iEXbWPe7Q-WiZejxHRScWw,rocklin-california
https://www.ubereats.com/sacramento/food-delivery/kfc-35-lincoln-blvd/fWdW4OI6QoSoKyeiYmRC1g,rocklin-california
https://www.ubereats.com/sacramento/food-delivery/bubble-university/CIDaem5uQripGtilqG_I4w,rocklin-california
https://www.ubereats.com/sacramento/food-delivery/sabores-mexican-cuisine/gFajMqigRN6Qazq3wRVrzA,rocklin-california
https://www.ubereats.com/sacramento/food-delivery/kikis-chicken-rocklin/PA_jCo3KSaGwOcNvZDtsxg,rocklin-california
https://www.ubereats.com/sacramento/food-delivery/chevys-1919-douglas-blvd/TLMSjSUcSD-GIf5UlBrqWw,rocklin-california
https://www.ubereats.com/sacramento/food-delivery/urban-rolls/F2NDblY8S52Y4wvlOsKKtw,rocklin-california
https://www.ubereats.com/sacramento/food-delivery/raku-sushi-roseville/_N2lQnZ1RtiUmAzNUe66gg,rocklin-california
https://www.ubereats.com/sacramento/food-delivery/carls-jr-1701-douglas-blvd/kIQzCX_4Qayu1qH2adQR0w,rocklin-california
https://www.ubereats.com/sacramento/food-delivery/skipolinis-pizza-rocklin/66x8_N0QSvyAKoHvZKu8eQ,rocklin-california
https://www.ubereats.com/sacramento/food-delivery/fresh-millions-roseville/BErGJdZcTNqCf9SzxEONfg,rocklin-california
https://www.ubereats.com/sacramento/food-delivery/cjf-chinese-fine-cuisine/n5zxOugeQtKWw48mjRgFiA,rocklin-california
https://www.ubereats.com/sacramento/food-delivery/wendys-924-pleasant-grove-blvd/iF4jcqfdSYeTZQFFbflfNg,rocklin-california
https://www.ubereats.com/sacramento/food-delivery/kfc-4855-granite-drive/V1TSyA4_SMCgkzpF3yKGkw,rocklin-california
https://www.ubereats.com/sacramento/food-delivery/the-pastrami-shop/3ZzW8rPbR3KLgl1BS-lJPw,rocklin-california
https://www.ubereats.com/sacramento/food-delivery/dairy-queen-treat-912-douglas-blvd/en4zKGLQSPG9XNE6HimGsA,rocklin-california
https://www.ubereats.com/sacramento/food-delivery/outback-steakhouse-181-n-sunrise-ave/JmTveyI0ShKVE0V2UUkgfA,rocklin-california
https://www.ubereats.com/sacramento/food-delivery/the-old-spaghetti-factory-roseville/J1YK1ED-SbatXhqecvdzZQ,rocklin-california
https://www.ubereats.com/sacramento/food-delivery/yalla-yalla-food-%26-bakery/5CmiUtpaSga4VY97qPbqlg,rocklin-california
https://www.ubereats.com/sacramento/food-delivery/round-table-pizza/HT4nfkfVSxSWxCTHft2BjQ,rocklin-california
https://www.ubereats.com/sacramento/food-delivery/mr-pickles-sandwich-shop-lincoln/EhTo5n87QM-WPeutFMVb_Q,rocklin-california
https://www.ubereats.com/sacramento/food-delivery/little-caesars-2164-sunset-blvd/uGCdLDSIScmvSdJ6c4amKg,rocklin-california
https://www.ubereats.com/sacramento/food-delivery/sizzler-1850-douglas-blvd-%23897/c6tS6OUGTJyH0l_ttz60xQ,rocklin-california
https://www.ubereats.com/sacramento/food-delivery/mimosa-house-roseville/eVHyLZjcSTazWLk0dGC6tw,rocklin-california
https://www.ubereats.com/sacramento/food-delivery/pretzelmaker-1151-galleria-blvd/loZdbuB6RHyRkehfNn2tgQ,rocklin-california
https://www.ubereats.com/sacramento/food-delivery/farm-fresh-juice-company/AFw8gyAPTFqO7KPsBMzZdQ,rocklin-california
https://www.ubereats.com/sacramento/food-delivery/starbucks-stanford-ranch-%26-park-rocklin/q5NWKEckR4e5Ubf8VMAr7w,rocklin-california
https://www.ubereats.com/sacramento/food-delivery/sushi-omakase/g9qogOPrSZ2GBQMj_dEBzQ,rocklin-california
https://www.ubereats.com/sacramento/food-delivery/subway-701-pleasant-grove-blvd/56fUn69vSXG0RIi5HEVn0g,rocklin-california
https://www.ubereats.com/sacramento/food-delivery/papa-murphys-5020-foothills-blvd-suite-2/4Iyx7QQHRjS0YTpCe7Emvg,rocklin-california
https://www.ubereats.com/sacramento/food-delivery/lucilles-smokehouse-bar-b-que-rocklin/_KNOBjdxTAiTN0_eAeg6sQ,rocklin-california
https://www.ubereats.com/sacramento/food-delivery/porottas-south-indian-cuisine/VUgWW1TXTMir6Y8P4Q8R4A,rocklin-california
https://www.ubereats.com/sacramento/food-delivery/the-lamb-and-the-wolf/QGsWwiT1TtiuHdMybRb1AA,rocklin-california
https://www.ubereats.com/sacramento/food-delivery/buffalo-wild-wings-1168-galleria-blvd/XqBloyMARwCQELszkoDVEw,rocklin-california
https://www.ubereats.com/sacramento/food-delivery/the-habit-burger-grill-4060-douglas-blvd-%23109/SexDEU4ORz-mGLwmAnIr4w,rocklin-california
https://www.ubereats.com/sacramento/food-delivery/blaze-pizza-10325-fairway-dr/BtlCkvjKR226EZLAc2Na4w,rocklin-california
https://www.ubereats.com/sacramento/food-delivery/dunkin-5010-foothills-blvd/7l9nENLZQ3atJVO0Ar8YVg,rocklin-california
https://www.ubereats.com/sacramento/food-delivery/bounty-hunters-cafe/JA2BLDkdTzacJzrbxFh-cA,rocklin-california
https://www.ubereats.com/sacramento/food-delivery/subway-4811-granite-dr/vQv9YhHPQm6Qdf-cjU9cpQ,rocklin-california
https://www.ubereats.com/sacramento/food-delivery/jamba-juice-1228-galleria-blvd-%23150/X5qkShS3QeKTXK_vIYBqCA,rocklin-california
https://www.ubereats.com/sacramento/food-delivery/starbucks-woodcreek-%26-pleasant-grove/_PX758ywQaGXRgybRu9Csg,rocklin-california
https://www.ubereats.com/sacramento/food-delivery/taco-bell-8433-sierra-college-blvd/oP0HYISYTJiysKCN8bfKNQ,rocklin-california
