url,city
https://www.ubereats.com/dallas/food-delivery/on-the-border-rockwall/0CufWGYJTXinUFWZv6_V8w,rockwall-texas
https://www.ubereats.com/dallas/food-delivery/mcdonalds-nwq-hwy-66-dalrock/rJvEWBVzTu2hDpIUwsu6dg,rockwall-texas
https://www.ubereats.com/dallas/food-delivery/subway-3084-n-goliad-st/Nw_550xPSDuDAyFbDS54zg,rockwall-texas
https://www.ubereats.com/dallas/food-delivery/kyoto-japanese-steakhouse/aHCU6180SZ2gbHND4natKw,rockwall-texas
https://www.ubereats.com/dallas/food-delivery/snuffers-rockwall/gxZVCmurSqS3ENQetlG2LQ,rockwall-texas
https://www.ubereats.com/dallas/food-delivery/mannys-tex-mex-heath/l2cKPaEfSm-chcSy0i-JVA,rockwall-texas
https://www.ubereats.com/dallas/food-delivery/firehouse-subs-rockwall/OGHOO0doR6eQDIJKnViJyA,rockwall-texas
https://www.ubereats.com/dallas/food-delivery/chick-fil-a-1979-n-goliad/e-gvc5OlQzmxADskjEWSqQ,rockwall-texas
https://www.ubereats.com/dallas/food-delivery/subway-2850-ridge-rd/MbeiGcq6QbujLEzsE5GWmQ,rockwall-texas
https://www.ubereats.com/dallas/food-delivery/tacos-salas/s9PiQ9QJS9m1K3seh8cWsg,rockwall-texas
https://www.ubereats.com/dallas/food-delivery/bestie-donuts/SWWQoBO3Q96fKuaDNTDb7Q,rockwall-texas
https://www.ubereats.com/dallas/food-delivery/sonic-2805-horizon-road/cz_K8DEhSG6mQme-c54nqw,rockwall-texas
https://www.ubereats.com/dallas/food-delivery/chipotle-mexican-grill-951-e-interstate-30-ste-111/TH6oPHNaTDW6js10bchDRg,rockwall-texas
https://www.ubereats.com/dallas/food-delivery/glorias-indian-kitchen/mq-6No6ZQn-5wtspyhagbQ,rockwall-texas
https://www.ubereats.com/dallas/food-delivery/van-chans-chinese-restaurant/G6zDBnSDSv2zi5qw6skE3Q,rockwall-texas
https://www.ubereats.com/dallas/food-delivery/sonic-1001-goliad/jVqHlkbLTVaACsbxDKTUKg,rockwall-texas
https://www.ubereats.com/dallas/food-delivery/chipotle-mexican-grill-3109-lakeview-pkwy/Tp4rAqeTSiSz07ZsHIv0Wg,rockwall-texas
https://www.ubereats.com/dallas/food-delivery/long-john-silvers-5621-broadway-blvd/7kOFKqMlSMyAJnlTWSXq6w,rockwall-texas
https://www.ubereats.com/dallas/food-delivery/mod-pizza-rockwall-north/25JoeT6pTMiXRbUbcO9ohA,rockwall-texas
https://www.ubereats.com/dallas/food-delivery/long-john-silvers-2608-ridge-rd/B3NEY0-FQ5qt6KphXGRViw,rockwall-texas
https://www.ubereats.com/dallas/food-delivery/jack-in-the-box-5410-rowlett-rd/Of7DfHFqS3u0Jn5GmkR5aw,rockwall-texas
https://www.ubereats.com/dallas/food-delivery/main-street-bistro-and-bakery-dalrock-rd/_82CM8OrQSqggsf5qTEIZQ,rockwall-texas
https://www.ubereats.com/dallas/food-delivery/freebirds-world-burrito-1067-e-ih-30-ste-101/XyHTknHGTJicuNQHfuVVyA,rockwall-texas
https://www.ubereats.com/dallas/food-delivery/taco-bell-5402-rowlett-road/93mY4X77SgeeHWZPQEDHog,rockwall-texas
https://www.ubereats.com/dallas/food-delivery/subway-2006-s-goliad/Q4t2aZ7BTl6gvRCyISGLkQ,rockwall-texas
https://www.ubereats.com/dallas/food-delivery/donuts-and-coffee/IerM-yJ-Tj6_gop6-dqIwQ,rockwall-texas
https://www.ubereats.com/dallas/food-delivery/taco-cabana-5959-broadway/hGU9e10OQW6oEg5_ZL4FoA,rockwall-texas
https://www.ubereats.com/dallas/food-delivery/dickeys-bbq-pit-president-george-bush-hwy-%26-big-a-road/w9Xx3yZTSgCwnmfrSB-jfw,rockwall-texas
https://www.ubereats.com/dallas/food-delivery/panda-express-2400-horizon-rd/VLNj_sXYT8G0AjUQWnphoQ,rockwall-texas
https://www.ubereats.com/dallas/food-delivery/opa!-greek-taverna/MYlM_YpmQFyO2b8g0LQ0Aw,rockwall-texas
https://www.ubereats.com/dallas/food-delivery/dairy-queen-1801-s-goliad-st/VoqRn9j3QtuGaRK_IZmtjQ,rockwall-texas
https://www.ubereats.com/dallas/food-delivery/sonic-6601-dalrock-rd/mrecm_3zSF6vJ4QC9cIGSQ,rockwall-texas
https://www.ubereats.com/dallas/food-delivery/palios-pizza-cafe-rockwall/OHvueBV9TcmqDM-5gMrlAQ,rockwall-texas
https://www.ubereats.com/dallas/food-delivery/pizza-cucina/jSfZY43iTuOLgAtHkXbykQ,rockwall-texas
https://www.ubereats.com/dallas/food-delivery/buffalo-wild-wings-951-e-interstate-30-ste-101/eYF-LmU2TCa7XOjbjy2wlQ,rockwall-texas
https://www.ubereats.com/dallas/food-delivery/starbucks-i-30-%26-horizon/dPbJOhifQIudhDtQ6RMAlg,rockwall-texas
https://www.ubereats.com/dallas/food-delivery/fat-chicken-rockwall/KgMfechoRF-E-rmDUoN5HQ,rockwall-texas
https://www.ubereats.com/dallas/food-delivery/taco-bueno-3134-rockwall-%231/sQNKQSCRR9eV_F9TaXWV4Q,rockwall-texas
https://www.ubereats.com/dallas/food-delivery/pasquallys-pizza-%26-wings-855-e-i-30/geXkUkt8TAqu-3W28_Aj2Q,rockwall-texas
https://www.ubereats.com/dallas/food-delivery/starbucks-hwy-66-%26-kenwood/gVHX2fkURQaAv9GHQwd-LQ,rockwall-texas
https://www.ubereats.com/dallas/food-delivery/jack-in-the-box-2808-ridge-rd/Jh3G2hgURUGgkPX4400iVw,rockwall-texas
https://www.ubereats.com/dallas/food-delivery/mcdonalds-rockwall/Ykjj4ewOQhuvT_9cLNBYew,rockwall-texas
https://www.ubereats.com/dallas/food-delivery/absolutely-edible-cakes-%26-catering/Yl_ewNjLT_amqahyETKKKA,rockwall-texas
https://www.ubereats.com/dallas/food-delivery/hawk-donuts/MRZReZ8-RfiKtw7UMw_p5w,rockwall-texas
https://www.ubereats.com/dallas/food-delivery/schlotzskys-706-east-interstate-30/KKHyr9hbQAGXooZaDeth1g,rockwall-texas
https://www.ubereats.com/dallas/food-delivery/golden-pot/hB54DdGpRMCyQgdsZM5pQA,rockwall-texas
https://www.ubereats.com/dallas/food-delivery/dodies/D4AU_oUcS_W77bbdUPQNPg,rockwall-texas
https://www.ubereats.com/dallas/food-delivery/steak-n-shake-578-e-interstate-30/yMO9j4kHTZKKCOsJtzUFpg,rockwall-texas
https://www.ubereats.com/dallas/food-delivery/tropical-smoothie-cafe-3021-ridge-rd/ejvC7xSHTRuNf4r-dufViw,rockwall-texas
https://www.ubereats.com/dallas/food-delivery/kikis-authentic-mexican-restaurant/ESna7MkpSKSN3F3DuYnfOw,rockwall-texas
https://www.ubereats.com/dallas/food-delivery/mcdonalds-rockwall-tx-3066-n-goliad-street/V3rGYXJMSVCkQ174ivu8SA,rockwall-texas
https://www.ubereats.com/dallas/food-delivery/cicis-enterprises-479-e-ih-30/Ur_cemGlS-6qVvg98ovD6A,rockwall-texas
https://www.ubereats.com/dallas/food-delivery/tasty-temptations/2sEYYk3WTAaMoMGMnxe19A,rockwall-texas
https://www.ubereats.com/dallas/food-delivery/papa-johns-501-fm-548-ste-170/dUkO79IIRkijsxGjfg7j-Q,rockwall-texas
https://www.ubereats.com/dallas/food-delivery/chef-derricka/DY4m8nOxRTWL7lPHDs7HeQ,rockwall-texas
https://www.ubereats.com/dallas/food-delivery/papa-johns-1180-horizon-rd/RjUvTFi_Rk-wifjzanNGPQ,rockwall-texas
https://www.ubereats.com/dallas/food-delivery/jersey-mikes-subs-3035-ridge-rd/tSG4EL1BRe-XUiNoiakxmg,rockwall-texas
https://www.ubereats.com/dallas/food-delivery/dos-charros-rowlett/Kcv1FJsNRyO_HjAC_fHJnA,rockwall-texas
https://www.ubereats.com/dallas/food-delivery/dalrock-diner/tiBv3UoIR26HjBvLM7Tz8g,rockwall-texas
https://www.ubereats.com/dallas/food-delivery/starbucks-hwy-66-%26-dalrock/uRRDL4avSVCaeIzCLMbR9Q,rockwall-texas
https://www.ubereats.com/dallas/food-delivery/nicks-sports-grill-rowlett/ep16kH6nSb2M2Uc_tNJljg,rockwall-texas
https://www.ubereats.com/dallas/food-delivery/genghis-grill-rockwall/z-JHgM60Qa2hIZlX1JBglw,rockwall-texas
https://www.ubereats.com/dallas/food-delivery/dickeys-barbecue-pit-2951-ridge-road/WHyZFPrZT5CgZ-z2LK3UUA,rockwall-texas
https://www.ubereats.com/dallas/food-delivery/golden-chick-865-fm-548/90zM6tj2SOWdXA7u-FFtSA,rockwall-texas
https://www.ubereats.com/dallas/food-delivery/dairy-queen-4510-lakeview-pkwy/IddXZsGaQg6pSxFaSUqBjw,rockwall-texas
https://www.ubereats.com/dallas/food-delivery/zs-catfish/JOvQxT14R2abFJUVi5EcOA,rockwall-texas
https://www.ubereats.com/dallas/food-delivery/el-potrillo-de-la-sandia/0UwxzCP3T_2QzSepOGHHIw,rockwall-texas
https://www.ubereats.com/dallas/food-delivery/the-house-of-juice/cg-5aoVBSaSW_VAMreHD9w,rockwall-texas
https://www.ubereats.com/dallas/food-delivery/applebees-4616-lakeview-parkway/CWnzfdphREeqa2WckxzlCw,rockwall-texas
https://www.ubereats.com/dallas/food-delivery/papa-murphys-pizza-tx248-2435-ridge-road/cWNBarK4RLqasmhEigvs-A,rockwall-texas
https://www.ubereats.com/dallas/food-delivery/sweetfrog-1067-east-interstate-30-ste-105/9PByZHbOSwiUu23Kpf2VLw,rockwall-texas
https://www.ubereats.com/dallas/food-delivery/pancho-%26-leftys-rowlett/YgolczJqSRqlrWhsu8V8Ug,rockwall-texas
https://www.ubereats.com/dallas/food-delivery/taco-bell-6606-dalrock-rd/XBRBgoR1SaWOn-KEeJagkw,rockwall-texas
https://www.ubereats.com/dallas/food-delivery/yia-yias-house-of-gyros-mesquite/f5mP4zCXTD6P2RIcMuD3FA,rockwall-texas
https://www.ubereats.com/dallas/food-delivery/applebees-687-e-interstate-30/tn6PiBD1QduUxtuy_ORFzg,rockwall-texas
https://www.ubereats.com/dallas/food-delivery/sonic-2001-state-hwy-66/jlXyTT7sSDuQObXH5A-uZQ,rockwall-texas
https://www.ubereats.com/dallas/food-delivery/rockwall-donuts/DdeU5A7_RUCMOVtIp5y9qg,rockwall-texas
https://www.ubereats.com/dallas/food-delivery/chuck-e-cheese-855-e-i-30/dnvzeHQyQiSlUpJla6egjA,rockwall-texas
https://www.ubereats.com/dallas/food-delivery/panda-express-3209-lakeview-parkway/HmSSXlU9Qca0zi6unJYjuw,rockwall-texas
https://www.ubereats.com/dallas/food-delivery/fuzzys-taco-shop-rockwall/iCrAUtRpSdyOOSUYBs-0YQ,rockwall-texas
https://www.ubereats.com/dallas/food-delivery/taco-bell-2815-ridge-road/uHb5MC4-QK29eSClwAVGUQ,rockwall-texas
https://www.ubereats.com/dallas/food-delivery/panda-express-526-w-interstate-30/oZORRkjCQN-O60gEB0dSOw,rockwall-texas
https://www.ubereats.com/dallas/food-delivery/fuddruckers-rockwall/Zmbb2ZEXTKe2Sv9ffD-0IA,rockwall-texas
https://www.ubereats.com/dallas/food-delivery/taco-bell-748-pinson-road/49nesWNRTeu3QhT2nMoe6Q,rockwall-texas
https://www.ubereats.com/dallas/food-delivery/shenaniganz/poIzSa8FSH21Vm8dh3SEuQ,rockwall-texas
https://www.ubereats.com/dallas/food-delivery/sushi-go/1uLw7jDPSPubMM2PPGiXJg,rockwall-texas
https://www.ubereats.com/dallas/food-delivery/great-american-cookies-%26-marble-slab/btX_EXk6QzagsPpt1IgwQw,rockwall-texas
https://www.ubereats.com/dallas/food-delivery/cold-stone-creamery-2115-summer-lee-dr-ste-101/jFrbGvYxR-yPDhW26sqflg,rockwall-texas
https://www.ubereats.com/dallas/food-delivery/chick-fil-a-2835-ridge-rd/JqS-kFC8Sh-h-o4IWyil2w,rockwall-texas
https://www.ubereats.com/dallas/food-delivery/cruzitos-mexican-restaurant/C-cMWaJwTzuOuAybC_a2rA,rockwall-texas
https://www.ubereats.com/dallas/food-delivery/wendys-2545-ridge-road/FsDsWANoSYitHWY2o2VzTg,rockwall-texas
https://www.ubereats.com/dallas/food-delivery/popeyes-2535-ridge-rd/axHV2aArTVmISv8aFaWcdQ,rockwall-texas
https://www.ubereats.com/dallas/food-delivery/five-guys-tx-1455-1035-east-i-30/I8ixvwpCTretQjInbkQYTA,rockwall-texas
https://www.ubereats.com/dallas/food-delivery/sonic-3260-north-goliad-street/Etas2odrSBeoX02GReIQvw,rockwall-texas
https://www.ubereats.com/dallas/food-delivery/cotton-patch-cafe-909-east-i-30-ste-101/yn9B3UbDRkaoFNIg6WQniw,rockwall-texas
https://www.ubereats.com/dallas/food-delivery/cicis-enterprises-3520-lakeview-pkwy/kmgRotIxTpOggXTBRZlUuQ,rockwall-texas
https://www.ubereats.com/dallas/food-delivery/soulmans-bar-b-que/-iv86SRyRn2BrxqbOyOU1Q,rockwall-texas
https://www.ubereats.com/dallas/food-delivery/ihop-ridge-rd/-aqn4br2TzGvZv-COyQ7YQ,rockwall-texas
https://www.ubereats.com/dallas/food-delivery/hooties-burger-bar-garland/Tv0NLZegRH-U3PqwO4LSyQ,rockwall-texas
https://www.ubereats.com/dallas/food-delivery/saltgrass-1649-laguna-dr/I09WdEtKSN2ZGchbbDUTZA,rockwall-texas
https://www.ubereats.com/dallas/food-delivery/glorias-latin-cuisine-2079-summer-lee-dr/HZ4xAFxIRdKfjMxLuGgIeA,rockwall-texas
https://www.ubereats.com/dallas/food-delivery/papa-johns-5952-broadway-blvd/dvoettPMRM-mKNyl5VNZVw,rockwall-texas
https://www.ubereats.com/dallas/food-delivery/basilcafe/jrRZ9XHZQqGsXZP5UwbYjQ,rockwall-texas
https://www.ubereats.com/dallas/food-delivery/yogurt-wasted/IIQx52HdSqStGztzOPJvrQ,rockwall-texas
https://www.ubereats.com/dallas/food-delivery/rodeo-goat-rockwall/SEXyy0JXSgWZTlOTVVq1GA,rockwall-texas
https://www.ubereats.com/dallas/food-delivery/grandys-rockwall/9I11TDoUTcK0s07ZXOrwvQ,rockwall-texas
https://www.ubereats.com/dallas/food-delivery/xtreme-salads/JVaFbzmIQxuiyKnebcjVvw,rockwall-texas
https://www.ubereats.com/dallas/food-delivery/dairy-queen-105-w-us-hwy-80/crIs4olNT8epQe9G540bhw,rockwall-texas
https://www.ubereats.com/dallas/food-delivery/panera-2804-ridge-road/u93wGr7ER22clMsmVRGzVg,rockwall-texas
https://www.ubereats.com/dallas/food-delivery/jersey-mikes-subs-hwy-66-%26-pres-george-bush-hwy/kUQL17YzQq-Kemqn8rW_aw,rockwall-texas
https://www.ubereats.com/dallas/food-delivery/sonic-720-south-william-e-crawford-avenue/3oLi4iskTs26p1__fGQ6gg,rockwall-texas
https://www.ubereats.com/dallas/food-delivery/starbucks-i-30-%26-ridge-rd/4eims89fTSasLCVF-Jh7sQ,rockwall-texas
https://www.ubereats.com/dallas/food-delivery/dennys-670-i-30-frontage-rd/BSP8LpxbTsWrmFMgTEoI8Q,rockwall-texas
https://www.ubereats.com/dallas/food-delivery/hat-creek-burger-co-rowlett/LhaZxuKsSWKjoEQ9fm4BFg,rockwall-texas
https://www.ubereats.com/dallas/food-delivery/lubys-rockwall/a4j_ZVuRTrSekpCpXLhJ4w,rockwall-texas
https://www.ubereats.com/dallas/food-delivery/cracker-barrel-old-country-store-845-e-interstate-30/ulZfHIM8TRe40_ogb889Dg,rockwall-texas
https://www.ubereats.com/dallas/food-delivery/chicken-express-5501-rowlett-rd/mHcywpGySXCkd6z6oMa-3w,rockwall-texas
https://www.ubereats.com/dallas/food-delivery/which-wich-rockwall/LBWC0eAKS2KQaddC2SaYGw,rockwall-texas
https://www.ubereats.com/dallas/food-delivery/fireside-chicken-and-tacos/th87PbumRSWzNA1ighEnDA,rockwall-texas
https://www.ubereats.com/dallas/food-delivery/kyoto-japanese-steak-house/LROgwAzpTeqOGgjxr8b8iA,rockwall-texas
https://www.ubereats.com/dallas/food-delivery/spicevillage/1x2DBvi0Txmi-ozBfEghaw,rockwall-texas
https://www.ubereats.com/dallas/food-delivery/wendys-8901-lakeview-parkway/xXhXvt05RWqCOtVE3rFQXA,rockwall-texas
