url,city
https://www.ubereats.com/los-angeles/food-delivery/angara/EVPGwSjGTZeKD7aYpETrSw,rolling-hills-california
https://www.ubereats.com/los-angeles/food-delivery/mod-pizza-rolling-hills/49PxbxIERmybe_bR6uq8eg,rolling-hills-california
https://www.ubereats.com/los-angeles/food-delivery/tender-greens-21247-hawthorne-blvd/_7gJw40uS3SLJHEKZJKhDw,rolling-hills-california
https://www.ubereats.com/los-angeles/food-delivery/pacific-rim-cafe/YkeeBTN7SDGtTSUVDtrDdQ,rolling-hills-california
https://www.ubereats.com/los-angeles/food-delivery/stacked-torrance/KDzorJf7QyO9b-ZuSgXJ-Q,rolling-hills-california
https://www.ubereats.com/los-angeles/food-delivery/the-ice-cream-shop/3_z-LngHS6qQSpH1xx23Mg,rolling-hills-california
https://www.ubereats.com/los-angeles/food-delivery/urban-plates-torrance/iPZgERezSVeTtVx2XTBHew,rolling-hills-california
https://www.ubereats.com/los-angeles/food-delivery/pho-hana-restaurant/sF46YDM8SueT-OiammSdLA,rolling-hills-california
https://www.ubereats.com/los-angeles/food-delivery/burgerim-24218-crenshaw-boulevard/MXUGY1o3SA2khDfpAV3kuw,rolling-hills-california
https://www.ubereats.com/los-angeles/food-delivery/makkah-market/eRTlPamPSFiX64YPb9Y64Q,rolling-hills-california
https://www.ubereats.com/los-angeles/food-delivery/tacos-super-gallito-w-anaheim-st/5YaAcHhiSUK5-O8RIkuhgQ,rolling-hills-california
https://www.ubereats.com/los-angeles/food-delivery/zanes-restaurant/j3hjEZwtSkuNHpI1Etqq7Q,rolling-hills-california
https://www.ubereats.com/los-angeles/food-delivery/la-michoacana-wilmington/4QmB6xDyTgirIWBcqvEUxQ,rolling-hills-california
https://www.ubereats.com/los-angeles/food-delivery/la-salsa-mexican-grill-rolling-hills-estates/bppws-pETlCYousklPxQPg,rolling-hills-california
https://www.ubereats.com/los-angeles/food-delivery/okane-umi/ngRODahwS0apsVJ7vVYpLQ,rolling-hills-california
https://www.ubereats.com/los-angeles/food-delivery/thai-hub/9c3v1r8_QfeBwQTpnwJweg,rolling-hills-california
https://www.ubereats.com/los-angeles/food-delivery/daphnes-california-greek-torrance/yZJaGN7SRc-FUGXnzhaYEA,rolling-hills-california
https://www.ubereats.com/los-angeles/food-delivery/ojiya-torrance/IW30_RBCRiit_gKcTZAXPA,rolling-hills-california
https://www.ubereats.com/los-angeles/food-delivery/kincaids-500-fishermans-wharf/Q7mZrYvlQMG3c-0x43bF4w,rolling-hills-california
https://www.ubereats.com/los-angeles/food-delivery/pho-1945-%26-poke-bowl/4FUlvHq1SYmoGXz5-x7PeQ,rolling-hills-california
https://www.ubereats.com/los-angeles/food-delivery/subway-156-e-sepulveda-blvd/UowgwAzPQn-fyHyTgonBDw,rolling-hills-california
https://www.ubereats.com/los-angeles/food-delivery/rinaldis-italian-deli/QQrvBC_gTLy_Xykgw0lnSw,rolling-hills-california
https://www.ubereats.com/los-angeles/food-delivery/brooklyn-bros-downtown-eats/JC167rZeRV-fQvqKGihsjg,rolling-hills-california
https://www.ubereats.com/los-angeles/food-delivery/starbucks-torrance-%26-hawthorne/ulbvDdc9SyaU4Nig1imSeg,rolling-hills-california
https://www.ubereats.com/los-angeles/food-delivery/tanawin-thai-bistro/vtJwMZ8qQH-waoO56JG6WA,rolling-hills-california
https://www.ubereats.com/los-angeles/food-delivery/kfc-%2305-415-s-gaffey-st/MVgexzGbRLaYcaHCwJqB2w,rolling-hills-california
https://www.ubereats.com/los-angeles/food-delivery/happy-deli/qbS7oWgeTI6AbAuocGn-bA,rolling-hills-california
https://www.ubereats.com/los-angeles/food-delivery/lees-kitchen-inc/nmHyOGOhSgyT_Qut_klrfw,rolling-hills-california
https://www.ubereats.com/los-angeles/food-delivery/yellow-vase-rancho-palos-verdes/ivU8UH_EQLO7POT8Ky0NwA,rolling-hills-california
https://www.ubereats.com/los-angeles/food-delivery/tacos-super-gallito-west-pacific-coast/PpLvikU8SGa8P2VenjInJg,rolling-hills-california
https://www.ubereats.com/los-angeles/food-delivery/taco-bell-22235-so-main-st/smmolj8dSa6yTV2IbWFrOg,rolling-hills-california
https://www.ubereats.com/los-angeles/food-delivery/pesto-italian-restaurant/TPozyyZ3R4qBOesWOz6LAQ,rolling-hills-california
https://www.ubereats.com/los-angeles/food-delivery/san-pedro-fish-market-and-restaurant-san-pedro/GG2bKACGS0CEvLpHysTD3A,rolling-hills-california
https://www.ubereats.com/los-angeles/food-delivery/robeks-fresh-juices/Rm_Fx6Q9TRqIcXkwT-E4HQ,rolling-hills-california
https://www.ubereats.com/los-angeles/food-delivery/maya-mexican-restaurant/creMYl0hRgSUvGrTHlwFIw,rolling-hills-california
https://www.ubereats.com/los-angeles/food-delivery/tastyblock-hawaiian-shave-ice/QlOttXLGRPqLpopz3PgNFw,rolling-hills-california
https://www.ubereats.com/los-angeles/food-delivery/ragin-cajun-cafe/GgrFKmSrTOuYjb8RhK0Jmg,rolling-hills-california
https://www.ubereats.com/los-angeles/food-delivery/lucky-%231-chinese-restaurant/BIr2w5ZXQrizS7FH4mrpnw,rolling-hills-california
https://www.ubereats.com/los-angeles/food-delivery/rubios-25366-crenshaw-blvd/UQC7kuXMQpOetKa1Uno7yA,rolling-hills-california
https://www.ubereats.com/los-angeles/food-delivery/mcdonalds-la-western-pk-we/wPXt2FteQT-We0N2MH1Brg,rolling-hills-california
https://www.ubereats.com/los-angeles/food-delivery/snax-superburger-torrance/oL5SMpahSiiROymUyN5osA,rolling-hills-california
https://www.ubereats.com/los-angeles/food-delivery/the-tamale-man/CjHcNk2WQ5GhUO3GBFoSuQ,rolling-hills-california
https://www.ubereats.com/los-angeles/food-delivery/tacos-super-gallito-gaffrey-st/_11oRD3eRo2GnZoNYH1Zvw,rolling-hills-california
https://www.ubereats.com/los-angeles/food-delivery/asian-barbecue-halal/NiEzwsGTSAq7wfe1PHJmnQ,rolling-hills-california
https://www.ubereats.com/los-angeles/food-delivery/el-pollo-loco-28901-western-blvdunit-2015654/z93bT-IHTGqkr1OraI3hOQ,rolling-hills-california
https://www.ubereats.com/los-angeles/food-delivery/northern-cafe-s-western-ave/n8gpe-eFQQKDwRDEqCiJlw,rolling-hills-california
https://www.ubereats.com/los-angeles/food-delivery/annapurna-south-indian-restaurant/fncc8gosQzSXZagGYDiYuQ,rolling-hills-california
https://www.ubereats.com/los-angeles/food-delivery/restaurante-estela/OiIJprnxSfOU9c_5p5Xafg,rolling-hills-california
https://www.ubereats.com/los-angeles/food-delivery/popeyes-961-sepulveda-blvd/QSc95965THmGJzveLLfH1Q,rolling-hills-california
https://www.ubereats.com/los-angeles/food-delivery/black-angus-steakhouse-torrance/sunlH5Q7QUCNzESX29LqPQ,rolling-hills-california
https://www.ubereats.com/los-angeles/food-delivery/san-pedro-fish-market-grille-rolling-hills/yd0WHw-STg2PS-meNXWHCw,rolling-hills-california
https://www.ubereats.com/los-angeles/food-delivery/yogurtland-271-avenida-del-norte/jAuxxYOLRjCguXKwsTq-RQ,rolling-hills-california
https://www.ubereats.com/los-angeles/food-delivery/panda-express-pch-%26-hawthorne/GoEq9UcoTJi31YqCATSPjQ,rolling-hills-california
https://www.ubereats.com/los-angeles/food-delivery/rollstop-sushi/mgsJgzQ6QrGexy7-erkMZA,rolling-hills-california
https://www.ubereats.com/los-angeles/food-delivery/the-pan-lomita/nxBhg3lSS4OvC-F_16qE0A,rolling-hills-california
https://www.ubereats.com/los-angeles/food-delivery/bunz-gourmet-burgers/u5SCitzSReq3YEefIO6PDA,rolling-hills-california
https://www.ubereats.com/los-angeles/food-delivery/panda-express-redondo-beach-417-n-pacific-coast-hwy/g6_Zy9SeT_KTHOkae345qw,rolling-hills-california
https://www.ubereats.com/los-angeles/food-delivery/chipotle-mexican-grill-940-n-western-ave-ste-e/j_0cx15SQtCCFEEMC-YT3g,rolling-hills-california
https://www.ubereats.com/los-angeles/food-delivery/habana-vieja-cuban-cuisine/3bNS9XrCSjawTTDrCh7xtA,rolling-hills-california
https://www.ubereats.com/los-angeles/food-delivery/rubios-550-deep-valley-dr/nZNA_RezSpKarYGUCUUEmQ,rolling-hills-california
https://www.ubereats.com/los-angeles/food-delivery/jersey-mikes-subs-torrance-24631-crenshaw-blvd/-D4DyMPnS8ydLFNhxDLLlA,rolling-hills-california
https://www.ubereats.com/los-angeles/food-delivery/pinkys-hotbox/qVG1mwUbR_G3c-9AkC5iDQ,rolling-hills-california
https://www.ubereats.com/los-angeles/food-delivery/artianos-appetizer-2go/DOjm-GT6REG7gGCYKWVPsw,rolling-hills-california
https://www.ubereats.com/los-angeles/food-delivery/starbucks-western-%26-25th/4thXhopJQoG0r9HYl8vq4w,rolling-hills-california
https://www.ubereats.com/los-angeles/food-delivery/jack-in-the-box-2760-cabrillo-ave/v4Sw7bpIQQaYS0phFzYnzQ,rolling-hills-california
https://www.ubereats.com/los-angeles/food-delivery/avenue-italy/Y3pJGPKkRLKHwxnIs7X2zg,rolling-hills-california
https://www.ubereats.com/los-angeles/food-delivery/panda-express-3525-carson-street/bq_FPgNOT9SZdgWhfMLziA,rolling-hills-california
https://www.ubereats.com/los-angeles/food-delivery/kogi-bbq-3/oC5Y6UEuTnmbT1xtFcXMsQ,rolling-hills-california
https://www.ubereats.com/los-angeles/food-delivery/buonos-authentic-pizzeria-san-pedro/pz3lv86qSvWLl03mWV5puw,rolling-hills-california
https://www.ubereats.com/los-angeles/food-delivery/toms-express-restaurant-%239/lvdXIY2JShKbVBgJFPFcxw,rolling-hills-california
https://www.ubereats.com/los-angeles/food-delivery/lisas-cafe-%26-bakery/s_0BE06fRIi3ag9uiR9TTQ,rolling-hills-california
https://www.ubereats.com/los-angeles/food-delivery/hot-n-tot-restaurant/LI2g3_-hQB2klmv_Tzq0tQ,rolling-hills-california
https://www.ubereats.com/los-angeles/food-delivery/busan-sushi-%26-tofu/vUEi_co9R9mOJoRl_tWnhQ,rolling-hills-california
https://www.ubereats.com/los-angeles/food-delivery/papa-johns-beryl/8xEeCy3gT_uugH78W_-zKQ,rolling-hills-california
https://www.ubereats.com/los-angeles/food-delivery/mcdonalds-torrance-crenshaw-amsler/PUlSiAs9TeSjbx8SBiKmeQ,rolling-hills-california
https://www.ubereats.com/los-angeles/food-delivery/west-coast-phillys/kmGuCmpHQMu6fH_JGBBaNQ,rolling-hills-california
https://www.ubereats.com/los-angeles/food-delivery/outback-steakhouse-3525-w-carson-st-suite-159/mztHfv5vQRCBKF10C0yDig,rolling-hills-california
https://www.ubereats.com/los-angeles/food-delivery/andres-restaurant/YvQCvKbSRUi_3X2j1yd3hA,rolling-hills-california
https://www.ubereats.com/los-angeles/food-delivery/the-flame-broiler-152-e-sepulveda-blvd/uEuA3riORO2bLp7jNmxVXA,rolling-hills-california
https://www.ubereats.com/los-angeles/food-delivery/lemonade-del-amo/taZEdCNaT8aX8Bxpr7vneg,rolling-hills-california
https://www.ubereats.com/los-angeles/food-delivery/alfredos-mexican-food/lBQYI42OSmWHZAT0WqA8EA,rolling-hills-california
https://www.ubereats.com/los-angeles/food-delivery/hurricane-wings-1001-w-carson-st/p_oyjpuMS1GXcx7Lg6DPhw,rolling-hills-california
https://www.ubereats.com/los-angeles/food-delivery/bamboo-song/PYFpNaXwTXyFuQS4Qk5ycQ,rolling-hills-california
https://www.ubereats.com/los-angeles/food-delivery/sa-ung-thai/9O-dOq_PSGyxWz3aZvXyHg,rolling-hills-california
https://www.ubereats.com/los-angeles/food-delivery/famous-tandoori/qu4qS9XTQNS86TNpKB3w9A,rolling-hills-california
https://www.ubereats.com/los-angeles/food-delivery/carls-jr-840-sepulveda-blvd/StZw_SoeTJm6gJGy-3XIAw,rolling-hills-california
https://www.ubereats.com/los-angeles/food-delivery/chipotle-mexican-grill-3525-w-carson-st-ste-vc02/hJPKdzjpSAW6bWnwJKSQ6w,rolling-hills-california
https://www.ubereats.com/los-angeles/food-delivery/starbucks-torrance-crossroads/nTeBh1AfT0C2eYMiQTNxMQ,rolling-hills-california
https://www.ubereats.com/los-angeles/food-delivery/elbows-mac-n-cheese/FcVVETbWRQ6l1KWtze9ywA,rolling-hills-california
https://www.ubereats.com/los-angeles/food-delivery/san-pedro-fish-market-grille-wilmington/FHJyBgjAR7OlVi7RhGpF1Q,rolling-hills-california
https://www.ubereats.com/los-angeles/food-delivery/waba-grill-611-s-gaffey-st-los-angeles/nmDkmnfuRNWW7WEme-zz6Q,rolling-hills-california
https://www.ubereats.com/los-angeles/food-delivery/malibu-eatery-redondo-beach/1HMSXsG-QeuQDDGwJCOJlA,rolling-hills-california
https://www.ubereats.com/los-angeles/food-delivery/madre!-oaxacan-restaurant-and-mezcaleria-torrance/UxZXncJRQhS9rSnCPR58LQ,rolling-hills-california
https://www.ubereats.com/los-angeles/food-delivery/mama-says/BYskhVhPTqunKgxVw6f-Jw,rolling-hills-california
https://www.ubereats.com/los-angeles/food-delivery/pirozzis-italian-deli/U14W4TnrRvG81p5VDoyqLw,rolling-hills-california
https://www.ubereats.com/los-angeles/food-delivery/hudson-house/LVs-0-8hRVOBECmBwMTJwQ,rolling-hills-california
https://www.ubereats.com/los-angeles/food-delivery/chicken-maison-western-%40-pv-drive/YzPu1z6aR3-HSFGOolbUow,rolling-hills-california
https://www.ubereats.com/los-angeles/food-delivery/burger-king-744-north-wilmington-boulevard/WGBE7y7vRFqrB9J6bnMZ-g,rolling-hills-california
https://www.ubereats.com/los-angeles/food-delivery/tacos-super-gallito-pacific-coast-highway/PDNImmsjSBKaQrxnIFnHRQ,rolling-hills-california
https://www.ubereats.com/los-angeles/food-delivery/okrumong/RsBn-qsaSKCB9yzgLEEnwQ,rolling-hills-california
https://www.ubereats.com/los-angeles/food-delivery/fantastic-cafe-san-pedro/bmFaqq7mQuCNfzP8rFTl_A,rolling-hills-california
https://www.ubereats.com/los-angeles/food-delivery/taco-bell-204-n-gaffey-st/7bpQ3H7LTlOROb17gtrpjw,rolling-hills-california
https://www.ubereats.com/los-angeles/food-delivery/poke-bar-21219-hawthorne-blvd/HxC7JJRESMuwbiUWFzMCvg,rolling-hills-california
https://www.ubereats.com/los-angeles/food-delivery/dunkin-1326-west-anaheim-st/TseElomjRbKYrNrh39OGmQ,rolling-hills-california
https://www.ubereats.com/los-angeles/food-delivery/little-sister/pW1VN2nVRVmCnTL1rCnSQA,rolling-hills-california
https://www.ubereats.com/los-angeles/food-delivery/mcdonalds-lomita-lomita-bl/gMWE5E_HR3-fQorlLRKlsg,rolling-hills-california
https://www.ubereats.com/los-angeles/food-delivery/taqueria-supremex/5QlR-smNToa_DAs_cQ4G_g,rolling-hills-california
https://www.ubereats.com/los-angeles/food-delivery/kfc-taco-bell-26715-western-ave/7z1mNfKeSfeIxQkVpxFsDA,rolling-hills-california
https://www.ubereats.com/los-angeles/food-delivery/original-tommys-burgers/t-zl8HI7Touv2oE30-3-Gg,rolling-hills-california
https://www.ubereats.com/los-angeles/food-delivery/sidecar-doughnuts-%26-coffee-torrance/BpQtgTJlRZOy2o9J2xk4qA,rolling-hills-california
https://www.ubereats.com/los-angeles/food-delivery/taverna-1511/uBdhuyPET-KO4MLTKN7iqA,rolling-hills-california
https://www.ubereats.com/los-angeles/food-delivery/creamistry-403-n-pacific-coast-highway-suite-101/HopDl4KsRFmmI_oFATWjhg,rolling-hills-california
https://www.ubereats.com/los-angeles/food-delivery/eboshi-ramen-bar/ws4_W0N7Q7GulI77lECrEA,rolling-hills-california
https://www.ubereats.com/los-angeles/food-delivery/off-the-vine-6th-st/QUcnrWpoQ1-dZXk88rATqg,rolling-hills-california
https://www.ubereats.com/los-angeles/food-delivery/smoky-doky-bbq/kygjpqcpQy2gw0lyEd6GdA,rolling-hills-california
https://www.ubereats.com/los-angeles/food-delivery/its-boba-time-torrance/CBc58uHpQRGZTMWFK-_r3w,rolling-hills-california
https://www.ubereats.com/los-angeles/food-delivery/bollywood-zaika/dq62cQkmTpi1BpAYp5q3qg,rolling-hills-california
https://www.ubereats.com/los-angeles/food-delivery/fusion-sushi/wUyzjgvlQKuwTmjr3oRKEg,rolling-hills-california
https://www.ubereats.com/los-angeles/food-delivery/del-taco-1595-sepulveda-blvd/a5gF-Cw4QpC3i9dLna2iOQ,rolling-hills-california
https://www.ubereats.com/los-angeles/food-delivery/poke-rainbow/yZQEY-OGSum0Kftj7E1RuQ,rolling-hills-california
https://www.ubereats.com/los-angeles/food-delivery/taco-bell-100-w-pacific-coast-hwy/zlOtQnchTES4FcOyWZdyaA,rolling-hills-california
https://www.ubereats.com/los-angeles/food-delivery/carls-jr-21112-anza-ave/HAgNg2b4QDmOztOZ6UeABQ,rolling-hills-california
https://www.ubereats.com/los-angeles/food-delivery/sushi-boy/ueoRHaVtRfesM-1CLqPF2Q,rolling-hills-california
https://www.ubereats.com/los-angeles/food-delivery/brazilian-plate-house/rBnbBJkUQ1iNqB-l3shoxg,rolling-hills-california
https://www.ubereats.com/los-angeles/food-delivery/cali-burrito-%26-torta-factory/FonVNeBCQnGOHUIgGDz4yQ,rolling-hills-california
https://www.ubereats.com/los-angeles/food-delivery/francescos-italian-gourmet/nSX88GtVTQKmiXyyolQbjQ,rolling-hills-california
https://www.ubereats.com/los-angeles/food-delivery/fatburger-1698-s-pacific-coast-highway/wf0PxbegSgWClNBImZuOkg,rolling-hills-california
https://www.ubereats.com/los-angeles/food-delivery/charleys-philly-steak-3525-w-carson/oxwBDSDdRUS9lWPs7J-gZg,rolling-hills-california
https://www.ubereats.com/los-angeles/food-delivery/fiesta-grill/GeGkILT6R7Snq5qJHjphmQ,rolling-hills-california
https://www.ubereats.com/los-angeles/food-delivery/yummy-sweets-%26-gifts/M4mZM5a8SD20hI5uW0rtmg,rolling-hills-california
https://www.ubereats.com/los-angeles/food-delivery/jack-in-the-box-1010-w-pacific-coast-hwy/ex3mTYA2RK2JmQvMPQflTQ,rolling-hills-california
https://www.ubereats.com/los-angeles/food-delivery/dennys-21270-hawthorne-blvd/nItDpJmiS9CEMGcMrsZZaw,rolling-hills-california
https://www.ubereats.com/los-angeles/food-delivery/jack-in-the-box-600-s-gaffey/VGRZcUb2QE6ztGOgTQETWw,rolling-hills-california
https://www.ubereats.com/los-angeles/food-delivery/rock-n-juice/HK0BtHvfRMCph_g-rozl5g,rolling-hills-california
https://www.ubereats.com/los-angeles/food-delivery/inka-wasi/MZn-V2B0TbOeWSzp0LE5hQ,rolling-hills-california
https://www.ubereats.com/los-angeles/food-delivery/el-burrito-jr/5I46d6v5T92FmMCvdpc8Ew,rolling-hills-california
https://www.ubereats.com/los-angeles/food-delivery/chile-verde-torrance/8zSL9RPSTXSxUyam0QYN3w,rolling-hills-california
https://www.ubereats.com/los-angeles/food-delivery/saladish/1UAHGb7cQPCZORtGTPWsuQ,rolling-hills-california
https://www.ubereats.com/los-angeles/food-delivery/starbucks-promenade-on-the-peninsula/OGhP8YKaRHaM20-DNbvvhw,rolling-hills-california
https://www.ubereats.com/los-angeles/food-delivery/bcd-tofu-house-torrance/jHeilJIqQeCAgGyLfHrV3w,rolling-hills-california
https://www.ubereats.com/los-angeles/food-delivery/kfc-545-east-sepulveda/ErBIfkZbQHOQbZdngMw7dA,rolling-hills-california
https://www.ubereats.com/los-angeles/food-delivery/turquoise/Ejyhu2IAQnSiafbW53kOcA,rolling-hills-california
https://www.ubereats.com/los-angeles/food-delivery/cookie-kids-usa/e0ewFdfbQlGfunhsXGDYsA,rolling-hills-california
https://www.ubereats.com/los-angeles/food-delivery/panda-express-los-angeles-1608-pacific-coast-hwy/nZbkVB9ITLybWU1FEB8PEg,rolling-hills-california
https://www.ubereats.com/los-angeles/food-delivery/subway-3902-pacific-coast-hwy/C4smtcGnR1ueyUWUX-6CLA,rolling-hills-california
https://www.ubereats.com/los-angeles/food-delivery/spice-six/GJ_QLi8TS_a9Kb2icWyQgA,rolling-hills-california
https://www.ubereats.com/los-angeles/food-delivery/conrads/9qdqoy3xQuCT-GyW-O6tzQ,rolling-hills-california
https://www.ubereats.com/los-angeles/food-delivery/the-buffalo-spot-5-llc/SOUH5xRSTzODS_png6aW_g,rolling-hills-california
https://www.ubereats.com/los-angeles/food-delivery/pinkberry-torrance/f9Xor8npQYmD38bzKaeYog,rolling-hills-california
https://www.ubereats.com/los-angeles/food-delivery/manpuku-japanese-dining-torrance/dZHkb5g-QMC29pZgxeGcvw,rolling-hills-california
https://www.ubereats.com/los-angeles/food-delivery/conrads-mexican-grill/Qapu_os3QYqwYbEGSHMANg,rolling-hills-california
https://www.ubereats.com/los-angeles/food-delivery/marie-callenders/RdHlYeG6QXatRmKOFFPQ_g,rolling-hills-california
https://www.ubereats.com/los-angeles/food-delivery/chipotle-mexican-grill-4c-peninsula-ctr/68KvcMdfQ1aN9Ymexpz64g,rolling-hills-california
https://www.ubereats.com/los-angeles/food-delivery/yellow-vase-redondo-beach/fGoU2xUMQ7iQPA6HS240tw,rolling-hills-california
https://www.ubereats.com/los-angeles/food-delivery/los-chilaquiles-mexican-grill/BkFt3pmmTo2VQ4Ds_k7gYQ,rolling-hills-california
https://www.ubereats.com/los-angeles/food-delivery/carls-jr-1752-pacific-coast-hwy/oOKt7V_fRyq_YTnhrY46PA,rolling-hills-california
https://www.ubereats.com/los-angeles/food-delivery/bjs-restaurant-%26-brewhouse-3525-w-carson-street-suite-168/rEExcIA5TP-z9N3vqgY1Yw,rolling-hills-california
https://www.ubereats.com/los-angeles/food-delivery/chicken-dijon-torrance/7k2fR5OVTMe8pLJ5ltuj5w,rolling-hills-california
https://www.ubereats.com/los-angeles/food-delivery/fanoos-grill/ysHrR53YSrufrjmRQWed_Q,rolling-hills-california
https://www.ubereats.com/los-angeles/food-delivery/chicken-maison-torrance/Uaxq3Qy7S5GeeFkykaLx0A,rolling-hills-california
https://www.ubereats.com/los-angeles/food-delivery/harrys-oklahoma-style-smokehouse-bbq/QJRPqrk8R9WnU5nViwtC6Q,rolling-hills-california
https://www.ubereats.com/los-angeles/food-delivery/esperanza-la-michoacana/7NyJ0ac4TEC9AHqgMZ_Evg,rolling-hills-california
https://www.ubereats.com/los-angeles/food-delivery/bites-%26-bashes-cafe/0p2bvVljR5yY8PVV8GH1uQ,rolling-hills-california
https://www.ubereats.com/los-angeles/food-delivery/top-tenders-torrance/LeZcYVU7RyqhfnHMWCk3_A,rolling-hills-california
https://www.ubereats.com/los-angeles/food-delivery/kalaveras-redondo-beach/JObk4qIETIiTKKfR9HsjMw,rolling-hills-california
https://www.ubereats.com/los-angeles/food-delivery/mashawi-grill/IPixq1YoSV-zrzhFFdsfmA,rolling-hills-california
https://www.ubereats.com/los-angeles/food-delivery/the-buffalo-spot-10/wDLaWThZSLO9l5ltwDJFtw,rolling-hills-california
https://www.ubereats.com/los-angeles/food-delivery/izakaya-hachi-torrance/icBqwEZ3RB2-NtVAhaEDiA,rolling-hills-california
https://www.ubereats.com/los-angeles/food-delivery/el-tarasco-mexican-food-redondo-beach/QSzFvy95SrSWjXhVVj--Lw,rolling-hills-california
https://www.ubereats.com/los-angeles/food-delivery/saffron-food-mart/c7jVSHYMTIGFLvc-X4wPPA,rolling-hills-california
https://www.ubereats.com/los-angeles/food-delivery/poke-me-palos-verdes/ux4d-isqTg67zeDlZGgRkw,rolling-hills-california
https://www.ubereats.com/los-angeles/food-delivery/la-cocina-de-paquita/8TBuDrEcT2yd0kUouHPvvA,rolling-hills-california
https://www.ubereats.com/los-angeles/food-delivery/subway-132-w-anaheim-st/KuYhSOoeRfOOpoTF4_0WaA,rolling-hills-california
https://www.ubereats.com/los-angeles/food-delivery/ko-ryo-jung-restaurant-1585-sepulveda-blvd-ste-n/oIZYByUySjCHtoa7mnxhHA,rolling-hills-california
https://www.ubereats.com/los-angeles/food-delivery/moon-donuts/Aae3xeEaSkm0dtvloiw81w,rolling-hills-california
https://www.ubereats.com/los-angeles/food-delivery/mama-ds-italian-kitchen-redondo-beach/OWBlG7bGTdWWjplzQm1Tng,rolling-hills-california
https://www.ubereats.com/los-angeles/food-delivery/tokyo-teriyaki-and-burger/vaFeHFT4QPmo8iqcWDoQ1w,rolling-hills-california
https://www.ubereats.com/los-angeles/food-delivery/mcdonalds-torrnce4-pac-cst/pIx8LG5uRmqnkow-Dwh2ow,rolling-hills-california
https://www.ubereats.com/los-angeles/food-delivery/kalaveras-san-pedro/9mnJhZhWRL-VEFyXQyHbgw,rolling-hills-california
https://www.ubereats.com/los-angeles/food-delivery/green-burrito-1752-pacific-coast-hwy/CzDXYGoEQ5650m9fD8-xPg,rolling-hills-california
https://www.ubereats.com/los-angeles/food-delivery/corner-bakery-cafe-1868-s-pacific-coast-hwy/pW-61OQSQoirSJuoi3CBMg,rolling-hills-california
https://www.ubereats.com/los-angeles/food-delivery/starbucks-crenshaw-%26-airport-torrance/8QAyxFYHRPOlxXtNek9V_w,rolling-hills-california
https://www.ubereats.com/los-angeles/food-delivery/el-pollo-loco-1380-n-avalon-blvd5955/17oq5etxSBioiGzwAShYSA,rolling-hills-california
https://www.ubereats.com/los-angeles/food-delivery/creme-de-la-crepe-rolling-hills/FhCcy9zaSu6eZmXyLb7cNA,rolling-hills-california
https://www.ubereats.com/los-angeles/food-delivery/la-zeez-pita-grill/CJkAyagGQ1qWuKdGE0SC1g,rolling-hills-california
https://www.ubereats.com/los-angeles/food-delivery/kfc-%2310-619-w-carson-st/9qneLv_GQQ22ouGUihfbFw,rolling-hills-california
https://www.ubereats.com/los-angeles/food-delivery/el-super-wilmington/xPspq9M8TE-tiA_JU7kxFw,rolling-hills-california
https://www.ubereats.com/los-angeles/food-delivery/the-cove-cafe/m2qSXubTSwqDMh9kLnuKkA,rolling-hills-california
https://www.ubereats.com/los-angeles/food-delivery/chipotle-mexican-grill-1430-s-pacific-coast-hwy/05V1jS7KTHyvSX9q0j0rkg,rolling-hills-california
https://www.ubereats.com/los-angeles/food-delivery/wendys-23750-main-st/olIGy7EqTSqhNwS5m0EoMA,rolling-hills-california
https://www.ubereats.com/los-angeles/food-delivery/wienerschnitzel-230-north-gaffey/eEd8MMRARbi9WBFEQP6IKA,rolling-hills-california
https://www.ubereats.com/los-angeles/food-delivery/sushi-boy-20715-hawthorne-blvd/xaZa-aisRHqIOOa_0Jy0xQ,rolling-hills-california
https://www.ubereats.com/los-angeles/food-delivery/southbay-boba/a69DQgw-Sk61FGQ-r62vyw,rolling-hills-california
https://www.ubereats.com/los-angeles/food-delivery/rubys-diner-redondo-beach/f8rKlMxhSYas3Bys8NF60w,rolling-hills-california
https://www.ubereats.com/los-angeles/food-delivery/shin-sen-gumi-2go/53TGxfSpTLirywqXzazXXA,rolling-hills-california
https://www.ubereats.com/los-angeles/food-delivery/jack-in-the-box-2705-pacific-coast-hwy/_pduXfs-RViJDt-8ohSMWQ,rolling-hills-california
https://www.ubereats.com/los-angeles/food-delivery/stuff-pizza/za7eMK2gS6q0pMMLtN5eog,rolling-hills-california
https://www.ubereats.com/los-angeles/food-delivery/fatburger-%26-buffalos-express-1001-w-carson-st/FqUYUPXoRHuYbBWCr92p2Q,rolling-hills-california
https://www.ubereats.com/los-angeles/food-delivery/din-tai-fung-torrance/uJyS4A4CQkWMhFSH4oLIVA,rolling-hills-california
https://www.ubereats.com/los-angeles/food-delivery/starbucks-silver-spur-%26-hawthorne/JenjeTyfQvOjmWf-LinAxA,rolling-hills-california
https://www.ubereats.com/los-angeles/food-delivery/continental-gourmet-restaurant-lomita/t04Lz8MmS4W2KE8nzroppQ,rolling-hills-california
https://www.ubereats.com/los-angeles/food-delivery/tamaen-japanese-bbq/tv2iMcK9S_SOEFCStQma6w,rolling-hills-california
https://www.ubereats.com/los-angeles/food-delivery/krispy-krunchy-chicken-1430-east-pacific-coast-highway/F3HieqhQT5GRlnx5FqLoAg,rolling-hills-california
https://www.ubereats.com/los-angeles/food-delivery/pazzo-pizzeria-torrance/cdgI5dWNRxm829udp9uTzA,rolling-hills-california
https://www.ubereats.com/los-angeles/food-delivery/subway-285-west-6th-st/TZctavSkRNeGEE84v-O9Gw,rolling-hills-california
https://www.ubereats.com/los-angeles/food-delivery/marias-mexican-restaurant/ArFanzeFRbaJ4pmr9P2sDg,rolling-hills-california
https://www.ubereats.com/los-angeles/food-delivery/dennys-1440-w-pacific-coast/IUGAl1jOQPG6vyMoT1XGBw,rolling-hills-california
https://www.ubereats.com/los-angeles/food-delivery/baramee-thai-restaurant/UZ8PGWYBQUO8JCfz6BjVNw,rolling-hills-california
https://www.ubereats.com/los-angeles/food-delivery/aristo-cafe-torrance/JLBsoKEnRvmnwDYr9Tf54A,rolling-hills-california
https://www.ubereats.com/los-angeles/food-delivery/el-cinco-de-mayo/6QV_Cq-4TpmMvOEDg7cNxw,rolling-hills-california
https://www.ubereats.com/los-angeles/food-delivery/ideal-siam-cuisine/o0A3Xen1SxqdDLRlKb-d6Q,rolling-hills-california
https://www.ubereats.com/los-angeles/food-delivery/donut-star/H6eIGp--RRqe1pkYjHjyiA,rolling-hills-california
https://www.ubereats.com/los-angeles/food-delivery/mini-chinese-food/dTdbfHx-Tm-biamlh1iKGg,rolling-hills-california
https://www.ubereats.com/los-angeles/food-delivery/tacos-quiroga/tPKl0Bn5QceMTUlbLbI8GA,rolling-hills-california
https://www.ubereats.com/los-angeles/food-delivery/the-ice-cream-shop/6vhR3lGwQC2ha1Z4dsLbcg,rolling-hills-california
https://www.ubereats.com/los-angeles/food-delivery/del-taco-1006-n-western-ave/VIJY8zQFTuKaf8tPaOeDpA,rolling-hills-california
https://www.ubereats.com/los-angeles/food-delivery/the-ice-cream-shop/9FtM0GByQdWMxaWrvQMXow,rolling-hills-california
https://www.ubereats.com/los-angeles/food-delivery/jack-in-the-box-111-e-223rd-st/lFiLGmEjSbamrOgEco8Waw,rolling-hills-california
https://www.ubereats.com/los-angeles/food-delivery/lighthouse-cafe/rCbxoWuUSe-zcas-qnk-NQ,rolling-hills-california
https://www.ubereats.com/los-angeles/food-delivery/carls-jr-24010-hawthorne-blvd/_DoKdGSnTl2EefWN1nlH7A,rolling-hills-california
https://www.ubereats.com/los-angeles/food-delivery/the-flame-broiler-24427-crenshaw-blvd/boQp5x3DQyiItyJf-lFYpw,rolling-hills-california
https://www.ubereats.com/los-angeles/food-delivery/chicken-maison-%40-harborucla/PSplivRGSoSlsRSsazotGA,rolling-hills-california
https://www.ubereats.com/los-angeles/food-delivery/fukanoya/l88_6xK2S2e5e-88PmqZlQ,rolling-hills-california
https://www.ubereats.com/los-angeles/food-delivery/chipotle-mexican-grill-24631-crenshaw-blvd-ste-a/es0s7O9rTzyv3E8ek-pp7Q,rolling-hills-california
https://www.ubereats.com/los-angeles/food-delivery/dennys-29019-s-western-ave/XTkH5UyZTzyJoE3IW78Ppg,rolling-hills-california
https://www.ubereats.com/los-angeles/food-delivery/toms-%231-world-famous-chiliburgers-wilmington/Ed_JDG9EQsu98M0fjOB-Lw,rolling-hills-california
https://www.ubereats.com/los-angeles/food-delivery/the-ice-cream-shop/NoccSl3MSuGTCD3FL4TaBA,rolling-hills-california
https://www.ubereats.com/los-angeles/food-delivery/del-taco-1229-pacific-coast-hwy/YXoU32TlQoCLUzzAWoK4dg,rolling-hills-california
https://www.ubereats.com/los-angeles/food-delivery/el-pollo-inka-torrance/vxRszzaAS7G4rFW46dx2Uw,rolling-hills-california
https://www.ubereats.com/los-angeles/food-delivery/fishbonz-keto-grill/hKB36nQRTCS7OZSDnZRrIA,rolling-hills-california
https://www.ubereats.com/los-angeles/food-delivery/gushiya-sushi-%26-ramen/OHpORJtJTlywLyP71jhW_Q,rolling-hills-california
https://www.ubereats.com/los-angeles/food-delivery/starbucks-gaffey-%26-5th-san-pedro/qjIRKhlXTkyKA495X1xmZA,rolling-hills-california
https://www.ubereats.com/los-angeles/food-delivery/subhannahong-royal-thai-cuisine/9C8hJEnkSd6WLvyB5wm9kQ,rolling-hills-california
https://www.ubereats.com/los-angeles/food-delivery/la-siciliana/zNyBXE5qQLmShmQRnduzQg,rolling-hills-california
https://www.ubereats.com/los-angeles/food-delivery/louies-chinese-cuisine/hw6p_YqWRAi6a0GmoPtP_A,rolling-hills-california
https://www.ubereats.com/los-angeles/food-delivery/best-donuts/j9iHHr5eRTyN5aDh7QMJpw,rolling-hills-california
https://www.ubereats.com/los-angeles/food-delivery/wienerschnitzel-1125-west-carson-street/n3N1COEhTyyYM6zYHoWakQ,rolling-hills-california
https://www.ubereats.com/los-angeles/food-delivery/sebastians-mediterranean-cuisine/M8MH5L9-RASNQX5iunbKNg,rolling-hills-california
https://www.ubereats.com/los-angeles/food-delivery/zabon-ramen/agKaXSgOSs64DAAHXeyvBQ,rolling-hills-california
https://www.ubereats.com/los-angeles/food-delivery/pick-up-stix-san-pedro/xBPE3VqNQ_-4c5Y5B75MWg,rolling-hills-california
https://www.ubereats.com/los-angeles/food-delivery/khun-9-thai-kitchen/OIU_hd-rTLeEfvvSJMq5Pw,rolling-hills-california
https://www.ubereats.com/los-angeles/food-delivery/yoshinoya-1603-sepulveda-blvd/WTZplI4ARjewPbkcOugJTg,rolling-hills-california
https://www.ubereats.com/los-angeles/food-delivery/kings-wok-express/V2ibMjwvR621kHr7KSB3iw,rolling-hills-california
https://www.ubereats.com/los-angeles/food-delivery/subway-16-peninsula-center/Q306lDDmT02E9LJdiUJuEA,rolling-hills-california
https://www.ubereats.com/los-angeles/food-delivery/yogis-teriyaki/w7TzurNOSc-LnrSc0qp2vg,rolling-hills-california
https://www.ubereats.com/los-angeles/food-delivery/ramen-shack-takumiya-redondo-beach/GGF1AunCQ2qy9Bd_Jd3LlA,rolling-hills-california
https://www.ubereats.com/los-angeles/food-delivery/oki-doki-sushi/QKqbXg5hR0iZut8xAI3YLQ,rolling-hills-california
https://www.ubereats.com/los-angeles/food-delivery/smile-thai/KpyGF-oVQqaPS-C5ZNneqA,rolling-hills-california
https://www.ubereats.com/los-angeles/food-delivery/jersey-mikes-subs-redondo-beach-561-n-pacific-coast-highway/M5Sg6i3KSgCNvsv9NKTDTA,rolling-hills-california
https://www.ubereats.com/los-angeles/food-delivery/rice-heaven/0kafLHpjQGWZXFpVa8TBiA,rolling-hills-california
https://www.ubereats.com/los-angeles/food-delivery/sampas-gourmet-pizza-co/HRTWs6twQkeIjY16mdkIdw,rolling-hills-california
https://www.ubereats.com/los-angeles/food-delivery/fusion-sushi/qoc7JA1RQJO5tccFJCMo5A,rolling-hills-california
https://www.ubereats.com/los-angeles/food-delivery/the-original-pancake-house-1756-s-pacific-coast-hwy/xLtix4vXTU-_odLouxkyjg,rolling-hills-california
https://www.ubereats.com/los-angeles/food-delivery/subway-1664-w-sepulveda-blvd/6gyb7gf9QI2BWiiY35_VWA,rolling-hills-california
https://www.ubereats.com/los-angeles/food-delivery/veggie-grill-torrance/bPr_ydObR-6tS4vyRalL_Q,rolling-hills-california
https://www.ubereats.com/los-angeles/food-delivery/troys-burgers-san-pedro/W6Zv74inSpGaL9oNz383vQ,rolling-hills-california
https://www.ubereats.com/los-angeles/food-delivery/taco-bell-921-west-sepulveda-blvd/X6w9GbqES3eKDgL36t2lMg,rolling-hills-california
https://www.ubereats.com/los-angeles/food-delivery/the-grail-churros-and-ice-cream/EjR9KSwLTGGzCJyyULdajg,rolling-hills-california
https://www.ubereats.com/los-angeles/food-delivery/frostbites-crepes-%26-frozen-delights/v_Zs2ST7Rs26D6TLRcgowg,rolling-hills-california
https://www.ubereats.com/los-angeles/food-delivery/jolly-burrito-grill/DC6V11S6TN2qhHqOitbeHg,rolling-hills-california
https://www.ubereats.com/los-angeles/food-delivery/subway-1111-pacific-coast-hwy/5jgHEC3YS82AQKMJwSpJyA,rolling-hills-california
https://www.ubereats.com/los-angeles/food-delivery/mcdonalds-sn-pedro-gaffey/wFNkNXOqTBGZWx9nZMiuBw,rolling-hills-california
https://www.ubereats.com/los-angeles/food-delivery/pch-mexican-grill-%26-seafood/C8-ed8XETeKAbDdea-7jeA,rolling-hills-california
https://www.ubereats.com/los-angeles/food-delivery/matsui-restaurant/AWh2SohwQe-jDbUQ-0LS9w,rolling-hills-california
https://www.ubereats.com/los-angeles/food-delivery/five-guys-ca-0606-23240-hawthorne-blvd/dHwUNh11TVqWQeQlveg3jw,rolling-hills-california
https://www.ubereats.com/los-angeles/food-delivery/starbucks-pacific-coast-hwy-%26-hawthorne/-vq3R_4MSFu8Tn-OI-nj4g,rolling-hills-california
https://www.ubereats.com/los-angeles/food-delivery/top-shelf-tacos/Ek8g9Gv_QGmqksHHIecI8A,rolling-hills-california
https://www.ubereats.com/los-angeles/food-delivery/circus-donut/SChBZUUCTe2osI1O6Ie38A,rolling-hills-california
https://www.ubereats.com/los-angeles/food-delivery/san-pedro-cafe/_MRwkjAXSN-R9SU2SXat-A,rolling-hills-california
https://www.ubereats.com/los-angeles/food-delivery/norms-south-torrance/jORqHWHoT9G_9AfmGwRBxg,rolling-hills-california
https://www.ubereats.com/los-angeles/food-delivery/royce-chocolate-mitsuwa-marketplace-in-torrance/v4ZgiPm9SBSxFVFRzlXQRg,rolling-hills-california
https://www.ubereats.com/los-angeles/food-delivery/papa-johns-pizza-torrance/aV6ErdRxQ1eHGhh57NP9OQ,rolling-hills-california
https://www.ubereats.com/los-angeles/food-delivery/yoshinoya-140-w-anaheim-st/E674qPKzStSlBkiP_RGW-g,rolling-hills-california
https://www.ubereats.com/los-angeles/food-delivery/mo-mo-paradise-torrance/CcQKac_WTd2jKCoqXqDoxg,rolling-hills-california
https://www.ubereats.com/los-angeles/food-delivery/the-flame-broiler-20016-hawthorne-blvd/jcND_361Qf2CfnbZZ9lqLg,rolling-hills-california
https://www.ubereats.com/los-angeles/food-delivery/cold-stone-creamery-210-e-sepulveda-blvd/LVe5gb61QceINOpTnJY_pg,rolling-hills-california
https://www.ubereats.com/los-angeles/food-delivery/ra-sushi-torrance/9xfIVanhS06Ey4OqevE2lA,rolling-hills-california
https://www.ubereats.com/los-angeles/food-delivery/yogurtland-24631-crenshaw-blvd/RMplG7KgQMWOTPB2fHYlHA,rolling-hills-california
https://www.ubereats.com/los-angeles/food-delivery/the-ice-cream-shop/VypDY5V8QBG7c6WJoVFORw,rolling-hills-california
https://www.ubereats.com/los-angeles/food-delivery/ko-ryu-ramen/4RB3VmcrT3WFm-XLKA0Yhg,rolling-hills-california
https://www.ubereats.com/los-angeles/food-delivery/el-pollo-loco-215-n-gaffey-st6135/WXoRnetoRQOHRrlIc_i-Rw,rolling-hills-california
https://www.ubereats.com/los-angeles/food-delivery/subway-1941-pacific-coast-hwy/8HB8W2phRPqpO5EmIqP7pg,rolling-hills-california
https://www.ubereats.com/los-angeles/food-delivery/teds-place/GTPuOj_UR0mRrXtciMr5bA,rolling-hills-california
https://www.ubereats.com/los-angeles/food-delivery/mcdonalds-tor-190th-%26-hawt/dQHCZsbLSsyOZcl5wxv1tw,rolling-hills-california
https://www.ubereats.com/los-angeles/food-delivery/subway-1356-n-avalon-blvd/A19kQ1rmTyieuRUmqpNOeA,rolling-hills-california
https://www.ubereats.com/los-angeles/food-delivery/waba-grill-514-w-torrance-blvd-carson/DVW9V84GQxu_hIPRHn3aPQ,rolling-hills-california
https://www.ubereats.com/los-angeles/food-delivery/jacks-donuts/E3Kv-ebATXinvHHFsDyibw,rolling-hills-california
https://www.ubereats.com/los-angeles/food-delivery/clutch-and-coffee/ajy_o5SfQRWmMk1-8kJBkQ,rolling-hills-california
https://www.ubereats.com/los-angeles/food-delivery/corridor-flow/0oAKUZerRrGW4TFww51YVg,rolling-hills-california
https://www.ubereats.com/los-angeles/food-delivery/thai-rama/WbsOGk6DTIKgdpjykJLXJw,rolling-hills-california
https://www.ubereats.com/los-angeles/food-delivery/thai-food-to-go/lSO9bieoSmmhdsAqiETX1Q,rolling-hills-california
https://www.ubereats.com/los-angeles/food-delivery/ishabu-shabu/b4DL-u-hT9OqD0Cjv_6QgA,rolling-hills-california
https://www.ubereats.com/los-angeles/food-delivery/tendon-tempura-carlos-jr/5x7_ywqES2uVUH2vxkdtgg,rolling-hills-california
https://www.ubereats.com/los-angeles/food-delivery/wadatsumi/ib9WJsYKRd-4gE4y67JyVA,rolling-hills-california
https://www.ubereats.com/los-angeles/food-delivery/suki-time-thai-restaurant/81sqLzyFQMCUWKOhPTMtQw,rolling-hills-california
https://www.ubereats.com/los-angeles/food-delivery/buffalo-wild-wings-3525-w-carson-st-ste-163/-sPRlNM0RGWwxVeLKJd3tA,rolling-hills-california
https://www.ubereats.com/los-angeles/food-delivery/mattys-crawdaddies/yfINF36hRICj99EcDKh0TA,rolling-hills-california
https://www.ubereats.com/los-angeles/food-delivery/creamistry-torrance/mTtmgCvvRvqA5CAhdZ51WQ,rolling-hills-california
https://www.ubereats.com/los-angeles/food-delivery/la-paz/fEmEKItTRH2dGP9Ceux05g,rolling-hills-california
https://www.ubereats.com/los-angeles/food-delivery/china-buffet/1guKKgkeTruJokuFjMJDQg,rolling-hills-california
https://www.ubereats.com/los-angeles/food-delivery/waba-grill-1640-w-carson-st-torrance/_-YHONShSB60hKG9K9XDJg,rolling-hills-california
https://www.ubereats.com/los-angeles/food-delivery/cavitena-filipino-restaurant/IWIEZ2qTSJSM1GlXdg5XUg,rolling-hills-california
https://www.ubereats.com/los-angeles/food-delivery/round-table-pizza-1876-s-pacific-coast-hwy/nptzvTiGRe6fdMOglfsg9g,rolling-hills-california
https://www.ubereats.com/los-angeles/food-delivery/the-flame-broiler-2024-w-carson-st/v_H_c3KkQ3efCmCVZIATtw,rolling-hills-california
https://www.ubereats.com/los-angeles/food-delivery/emc-seafood-%26-raw-bar-torrance/IEdvObzPQUusWckpFzBd1A,rolling-hills-california
https://www.ubereats.com/los-angeles/food-delivery/tasty-noodle-house/u9y_09zKQgickhPYOeh4Xw,rolling-hills-california
https://www.ubereats.com/los-angeles/food-delivery/el-pollo-loco-2940-pacific-coast-hwy3340/E5DxAiodSIygbydqMEBm9A,rolling-hills-california
https://www.ubereats.com/los-angeles/food-delivery/boston-cream-donuts-wilmington/U3FjJhsqQn27GJigCTGxfA,rolling-hills-california
https://www.ubereats.com/los-angeles/food-delivery/alfredos-restaurant/F8je7WH-To2qYSlJWxy6jQ,rolling-hills-california
https://www.ubereats.com/los-angeles/food-delivery/swan-thai-rpv/zKlvH1V6RxKP3BP_S8g2_A,rolling-hills-california
https://www.ubereats.com/los-angeles/food-delivery/el-pollo-loco-1565-w-sepulveda-blvd5544/8469YBNuRs-C1ZKIz4j5Bg,rolling-hills-california
https://www.ubereats.com/los-angeles/food-delivery/truxtons-american-bistro-torrance/85npftEbRwqm5RNacQHfoQ,rolling-hills-california
https://www.ubereats.com/los-angeles/food-delivery/primo-italia/icr8J_zBTmGhbKqmLajZCg,rolling-hills-california
https://www.ubereats.com/los-angeles/food-delivery/chile-verde-carson/RTyBnHNfTbe2O3U6-3ZpZw,rolling-hills-california
https://www.ubereats.com/los-angeles/food-delivery/pura-vida-mexican-food/mXwTyZUSRk21zvStGC7cDg,rolling-hills-california
https://www.ubereats.com/los-angeles/food-delivery/koryu-ramen-san-pedro/6FP1NigQQA6ScfVAlWVatg,rolling-hills-california
https://www.ubereats.com/los-angeles/food-delivery/pasquallys-pizza-%26-wings-2821-pacific-coast-hwy/LvQScHrNQLe2ZEB_fQuK0A,rolling-hills-california
https://www.ubereats.com/los-angeles/food-delivery/bombay-tandoori/13sOvvOgRLe7WLrUWwu2gA,rolling-hills-california
https://www.ubereats.com/los-angeles/food-delivery/china-coast/rM9ov0eNRnq2LorNbsWV3g,rolling-hills-california
https://www.ubereats.com/los-angeles/food-delivery/lupitas-mexican-restaurant/vZ6O6cKkR6G6B3yzeKFU9Q,rolling-hills-california
https://www.ubereats.com/los-angeles/food-delivery/taco-bell-2054-lomita-blvd/lvB-BhshQG2yktBPJ3p-ZA,rolling-hills-california
https://www.ubereats.com/los-angeles/food-delivery/black-bear-diner-24021-hawthorne-boulevard/-XmgnlhDRCqLYEVg3_i47Q,rolling-hills-california
https://www.ubereats.com/los-angeles/food-delivery/subway-1306-s-gaffey-st/45pAEd1tTOKOuKmpgj9d9Q,rolling-hills-california
https://www.ubereats.com/los-angeles/food-delivery/fukanoya/S0nJuGnwSr2wKRFRTE4wpA,rolling-hills-california
https://www.ubereats.com/los-angeles/food-delivery/jersey-mikes-20016-hawthorne-blvd/dUsV7fQxRwyvXucKpfNvog,rolling-hills-california
https://www.ubereats.com/los-angeles/food-delivery/subway-5035-torrance-blvd/BMK92BiRTROzGbW4Cz5ZSw,rolling-hills-california
https://www.ubereats.com/los-angeles/food-delivery/starbucks-sepulveda-%26-anza-torrance/EZOl_M8vT1yV0PosjB-5sw,rolling-hills-california
https://www.ubereats.com/los-angeles/food-delivery/carls-jr-28619-s-western-ave/F3qjXj5rSZ2cw40lTOrzBw,rolling-hills-california
https://www.ubereats.com/los-angeles/food-delivery/benihana-21327-hawthorne-blvd/gIzTahjbQ_umckMSNsLM8w,rolling-hills-california
https://www.ubereats.com/los-angeles/food-delivery/rakkan-ramen/TvHJkmjMSzChEzuo07CBTw,rolling-hills-california
https://www.ubereats.com/los-angeles/food-delivery/asaka-sushi/doxyGMAyRK2azZagX73tew,rolling-hills-california
https://www.ubereats.com/los-angeles/food-delivery/pita-spot/CxCqRDRLTeulEaWMejiZLA,rolling-hills-california
https://www.ubereats.com/los-angeles/food-delivery/taishi-hainan-chicken/xYUVp4NmSZGpvMUZfPH2KQ,rolling-hills-california
https://www.ubereats.com/los-angeles/food-delivery/chicken-maison-rolling-hills/POIBdVYIRM6W8D0of0hgdw,rolling-hills-california
https://www.ubereats.com/los-angeles/food-delivery/panda-express-plaza-del-amo/xhz12MhrSLChQ9GaCH0eRA,rolling-hills-california
https://www.ubereats.com/los-angeles/food-delivery/sirinat-thai/FiSALydQSQCdFgchJYpAfA,rolling-hills-california
https://www.ubereats.com/los-angeles/food-delivery/red-west-pizza-lomita/fWTJcALLSmOyfseDFzpw7Q,rolling-hills-california
https://www.ubereats.com/los-angeles/food-delivery/tacos-el-goloso/IILHyXukTfG0ZTiQ4x0XfA,rolling-hills-california
https://www.ubereats.com/los-angeles/food-delivery/monarcas-mexican-food/WFdoHEBARSasJfRMsb6sJA,rolling-hills-california
https://www.ubereats.com/los-angeles/food-delivery/papa-johns-rancho-palos-verdes/Mcc6ZAaaTPm14j_WnY1fXw,rolling-hills-california
https://www.ubereats.com/los-angeles/food-delivery/chicken-maison-torrance-crossheads/dwNjZp_ZSGm_qoB-XsyhPw,rolling-hills-california
https://www.ubereats.com/los-angeles/food-delivery/taco-bell-1031-s-gaffey-st/66IMbe61TxCsmcB1q0vY2w,rolling-hills-california
https://www.ubereats.com/los-angeles/food-delivery/subway-415-n-pacific-coast-hwy/FAUmLXLEQcumPh7E2dzy3w,rolling-hills-california
https://www.ubereats.com/los-angeles/food-delivery/panera-bread-2733-pacific-coast-highway/h6RcY893Q9O22hX43jdRMw,rolling-hills-california
https://www.ubereats.com/los-angeles/food-delivery/papa-johns-lomita/SEMLhbLORZ-eEBY0VPl0-w,rolling-hills-california
https://www.ubereats.com/los-angeles/food-delivery/el-torito-23225-hawthorne-blvd/ovyyO5XwRhCTwMXcFXaZdw,rolling-hills-california
https://www.ubereats.com/los-angeles/food-delivery/oriental-breeze/GahGYWQGRcGtvqDUNzx3xQ,rolling-hills-california
https://www.ubereats.com/los-angeles/food-delivery/rosas-restaurant/O3g17j0NRduZJaIy7aHMSg,rolling-hills-california
https://www.ubereats.com/los-angeles/food-delivery/fine-wok/ZKMJB8FgQcKMhVOT6KqSxg,rolling-hills-california
https://www.ubereats.com/los-angeles/food-delivery/the-ice-cream-shop/ApPUaQa5TH-RsAuk1oBerQ,rolling-hills-california
https://www.ubereats.com/los-angeles/food-delivery/ding-tea-torrance/QDO_EWpbTQ-ttDFa-nBYhA,rolling-hills-california
https://www.ubereats.com/los-angeles/food-delivery/forever-kitchen-indian-thai-%26-vietnamese/FmgEJOPQSvG92A2KH4L6jw,rolling-hills-california
https://www.ubereats.com/los-angeles/food-delivery/burger-city-grill-lomita/OZgD3mm0QeqG81y--SrhJg,rolling-hills-california
https://www.ubereats.com/los-angeles/food-delivery/burger-king-865-west-sepulveda-boulevard/g3RJlL5LTdyOdemtrL0JYA,rolling-hills-california
https://www.ubereats.com/los-angeles/food-delivery/teos-kitchen-and-catering/BHzCv6CnRRSqsI3tLDOg3Q,rolling-hills-california
https://www.ubereats.com/los-angeles/food-delivery/mcdonalds-tor-torrance/jmx0M4itT-CHzxldsmGLQw,rolling-hills-california
https://www.ubereats.com/los-angeles/food-delivery/bird-talk-chicken/tDDkxDKISH-Da6n728kksw,rolling-hills-california
https://www.ubereats.com/los-angeles/food-delivery/el-metapaneco/uvgt_dw-QwCAoYM5RUvVYw,rolling-hills-california
https://www.ubereats.com/los-angeles/food-delivery/honey-dress-fried-chicken/h7dKyPHdT3a8Qy77oRxwvg,rolling-hills-california
https://www.ubereats.com/los-angeles/food-delivery/chuck-e-cheese-2821-pacific-coast-hwy/sXUP2X9qSua5Ul44rk94HA,rolling-hills-california
https://www.ubereats.com/los-angeles/food-delivery/tacos-super-gallito-w-carson-st/903lv0SCRP6ZsXzw3jbo6g,rolling-hills-california
https://www.ubereats.com/los-angeles/food-delivery/jersey-mikes-subs-san-pedro-912-n-western-ave/k3BYoc_5T2C2zNyLWEtOoQ,rolling-hills-california
https://www.ubereats.com/los-angeles/food-delivery/the-original-las-brisas/J9jqy7cfQ6G0UdOtjNi-Hw,rolling-hills-california
https://www.ubereats.com/los-angeles/food-delivery/kfc-%2323-2215-sepulveda-blvd/rEl3BUmFT0-SvQnWXExZJQ,rolling-hills-california
https://www.ubereats.com/los-angeles/food-delivery/curry-house-coco-ichibanya-torrance/E7XIwENKS2yloatWVO7A7g,rolling-hills-california
https://www.ubereats.com/los-angeles/food-delivery/bluesalt-fish-grill-torrance/y_X4YuLITHGWTlPmIJcwFg,rolling-hills-california
https://www.ubereats.com/los-angeles/food-delivery/hofs-hut-torrance/-rFaXzWzShOYCEciJ6K9dQ,rolling-hills-california
https://www.ubereats.com/los-angeles/food-delivery/shore-grille/HTUv3dtQSB2kiiltLW5nWQ,rolling-hills-california
https://www.ubereats.com/los-angeles/food-delivery/riviera-village-pizza/yMShORm3SMy8UIEK0riSVg,rolling-hills-california
https://www.ubereats.com/los-angeles/food-delivery/nuda-juice-%26-wellness-shop/8ftebuXrSCGy1NoolaM3Gg,rolling-hills-california
https://www.ubereats.com/los-angeles/food-delivery/fishbonz-casual-seafood-grill/lZOHZqnEQtCa-nWnXN5kuw,rolling-hills-california
https://www.ubereats.com/los-angeles/food-delivery/jack-in-the-box-1724-w-pacific-coast-hwy/97oyUmVNRJmNB3myUP__Og,rolling-hills-california
https://www.ubereats.com/los-angeles/food-delivery/el-pollo-peruano/8LcqX3PlRgm6uZqY81SRzA,rolling-hills-california
https://www.ubereats.com/los-angeles/food-delivery/jack-in-the-box-2101-n-palos-verdes-dr-lomita/xoeHl7tOQ_-Fw2Y-vOIj7A,rolling-hills-california
https://www.ubereats.com/los-angeles/food-delivery/ding-tea-lomita/6FeawXK6SviUgrDKLZ0kuA,rolling-hills-california
https://www.ubereats.com/los-angeles/food-delivery/burattino-brick-oven-pizza/vKoD7imxQuquF5Uv1ceJzA,rolling-hills-california
https://www.ubereats.com/los-angeles/food-delivery/ubon-thai-kitchen/FQqX4o7GTyWu5PB0pm9abQ,rolling-hills-california
https://www.ubereats.com/los-angeles/food-delivery/the-punchbowl/D1G30MBURVeuBtLTOGqxCg,rolling-hills-california
https://www.ubereats.com/los-angeles/food-delivery/la-esperanza-restaurant-and-bakery-torrance/ZeIBHAYPT9qrp_xAluXieg,rolling-hills-california
https://www.ubereats.com/los-angeles/food-delivery/tacos-super-gallito-torrance/fOo31LZ7RSekmIjN72HY6g,rolling-hills-california
https://www.ubereats.com/los-angeles/food-delivery/joes-vegan-shop/C52ssREaTN2tX6pDF8fJsA,rolling-hills-california
https://www.ubereats.com/los-angeles/food-delivery/all-indian-sweets-and-snacks/EBLkb0eBTTeHwg0O-IMuvw,rolling-hills-california
https://www.ubereats.com/los-angeles/food-delivery/el-pollo-loco-1141-w-pacific-coast-hwy3529/C5bV-ZW_QpOcvtjc3UqKOg,rolling-hills-california
https://www.ubereats.com/los-angeles/food-delivery/the-sandwich-saloon/hQc5A6YFSdGe5GDgmAwisw,rolling-hills-california
https://www.ubereats.com/los-angeles/food-delivery/green-burrito-28619-s-western-ave/4bqHRwVjQniGJ9PlD9pEFw,rolling-hills-california
https://www.ubereats.com/los-angeles/food-delivery/ocho-redondo-beach/-Q_-nBL0TLeHFSa_lHPgog,rolling-hills-california
https://www.ubereats.com/los-angeles/food-delivery/la-bella-napoli-italian-take-out/91LYEQyFSCubEB36OYSwvw,rolling-hills-california
https://www.ubereats.com/los-angeles/food-delivery/subway-915-northwestern-ave/TnpUAC35Ra2b_tZkAoyPmw,rolling-hills-california
https://www.ubereats.com/los-angeles/food-delivery/habana-vieja/5M6S65g-Roe2pXQJrHrDsQ,rolling-hills-california
https://www.ubereats.com/los-angeles/food-delivery/pick-up-stix-torrance/t5Ih1kJARKuKOkXFqXTxmQ,rolling-hills-california
https://www.ubereats.com/los-angeles/food-delivery/wendys-2404-sepulveda-blvd/j2w4O7a6RPKYFUyGTI_g2w,rolling-hills-california
https://www.ubereats.com/los-angeles/food-delivery/wing-squad-redondo-beach/H-rynfKmQ3K7AMmwqRYP1Q,rolling-hills-california
https://www.ubereats.com/los-angeles/food-delivery/tara-thai/xFO7iERaT-C0Y9z2gtcRTQ,rolling-hills-california
https://www.ubereats.com/los-angeles/food-delivery/fat-tomato-hermosa-beach/wZjcZoMvSpylqnLDlS--4g,rolling-hills-california
https://www.ubereats.com/los-angeles/food-delivery/broiler-express/qWcD-MjCR7-VRfrRkNo3IA,rolling-hills-california
https://www.ubereats.com/los-angeles/food-delivery/del-taco-350-s-gaffey-st/WP8fe_SPT7aB6UJIkR99tA,rolling-hills-california
https://www.ubereats.com/los-angeles/food-delivery/subway-1436-w-25th-st/KcWqmP9FRrmOMWzybQvFyg,rolling-hills-california
https://www.ubereats.com/los-angeles/food-delivery/sandwich-blvd/6eX8EVuiRgGXpqseDnhq2w,rolling-hills-california
https://www.ubereats.com/los-angeles/food-delivery/jack-in-the-box-29317-s-western-ave/poGeoYS9T3-r0-5mZjXI4Q,rolling-hills-california
https://www.ubereats.com/los-angeles/food-delivery/san-pedro-fish-market-grille-harbor-city/i7WiiKCGQEKEPn4n5cpgoA,rolling-hills-california
https://www.ubereats.com/los-angeles/food-delivery/rubys-diner-palos-verdes/EW4Dy19JTTSXKYC0ir2aIw,rolling-hills-california
https://www.ubereats.com/los-angeles/food-delivery/little-caesars-619-s-gaffey-street/iTxvv4pzRxqhb8Jdvw5Sdw,rolling-hills-california
https://www.ubereats.com/los-angeles/food-delivery/vuture-at-nuda/VM83x1J2RQ6FLPGwfERjhQ,rolling-hills-california
https://www.ubereats.com/los-angeles/food-delivery/gengis-khan-3525-w-carson-st/4bvS94RSSA-zyUbfnPu6bg,rolling-hills-california
https://www.ubereats.com/los-angeles/food-delivery/taco-bell-2840-sepulveda-blvd/ln71s59TRnqvaytEp7pGRA,rolling-hills-california
https://www.ubereats.com/los-angeles/food-delivery/starbucks-western-%26-westmont-san-pedro/txqitYUWTIScRaI9GXvRbg,rolling-hills-california
https://www.ubereats.com/los-angeles/food-delivery/kung-fu-tea-harbor-city/KaHQRdItTuawHy8QbfyB8w,rolling-hills-california
https://www.ubereats.com/los-angeles/food-delivery/el-pollo-peruano/G_wueSxGQsW2MA4mONpVhw,rolling-hills-california
https://www.ubereats.com/los-angeles/food-delivery/hoka-hoka-sushi-%26-sake/AAbHxUufQEi9A2dTdJXZ_Q,rolling-hills-california
https://www.ubereats.com/los-angeles/food-delivery/ajido-ramen-izakaya/_OqbABQHQ622oTeOEY9Bbg,rolling-hills-california
https://www.ubereats.com/los-angeles/food-delivery/chado-tea-room-torrence/RvDN-9SDRy--pAKeJS8MKg,rolling-hills-california
https://www.ubereats.com/los-angeles/food-delivery/pressed-juicery-del-amo-fashion-center/0TAryNBlRVCFgwfcWbe-_w,rolling-hills-california
https://www.ubereats.com/los-angeles/food-delivery/kokio-chicken-harbor-city/zMjc4wmUR-CYEv0YWwvkhA,rolling-hills-california
https://www.ubereats.com/los-angeles/food-delivery/raffaello-ristorante/YA-1uCTGRyWECVcjBezFug,rolling-hills-california
https://www.ubereats.com/los-angeles/food-delivery/creme-de-la-crepe-redondo-beach/sZ4hZJpAT6anqhXijAS_sg,rolling-hills-california
https://www.ubereats.com/los-angeles/food-delivery/fat-tomato-pizza-harbor-city/15TX4MHsQxmFqWp3hFH4mg,rolling-hills-california
https://www.ubereats.com/los-angeles/food-delivery/rolling-poke/jkI7WSd7SpGGZe9aieR2KA,rolling-hills-california
https://www.ubereats.com/los-angeles/food-delivery/gyu-kaku-japanese-bbq-torrance/MrElvmDzQ8yQDJznS4_btQ,rolling-hills-california
https://www.ubereats.com/los-angeles/food-delivery/king-poke/qmV-vUiFRqijcT1nlyTqOg,rolling-hills-california
https://www.ubereats.com/los-angeles/food-delivery/torrance-tavern/2y2Ms1FGRpKqEF-EuTJDBQ,rolling-hills-california
https://www.ubereats.com/los-angeles/food-delivery/pf-changs-3525-carson-st-r7-166/aDTtQXDrRyaBu6b9RaIm1Q,rolling-hills-california
https://www.ubereats.com/los-angeles/food-delivery/the-crepery-cafe/ATbr1j12QtWlPAQeUUFM6Q,rolling-hills-california
https://www.ubereats.com/los-angeles/food-delivery/fresh-brothers-redondo-beach/Gs3WAnkJQ2C4YNvW0alKKA,rolling-hills-california
https://www.ubereats.com/los-angeles/food-delivery/the-crest-sports-bar-%26-grill/VjbDq28gTqaQ2EG2rplAYA,rolling-hills-california
https://www.ubereats.com/los-angeles/food-delivery/toms-%231-world-famous-chiliburgers-carson/FX_qaV2mRw-QllHOkpksoQ,rolling-hills-california
https://www.ubereats.com/los-angeles/food-delivery/kellys-korner/yxYBfI5CS0KFVwT2-W6Q8g,rolling-hills-california
https://www.ubereats.com/los-angeles/food-delivery/bobs-hamburgers/1JAtiWVdTxyvjkBZV5YQiQ,rolling-hills-california
https://www.ubereats.com/los-angeles/food-delivery/raku-sushi-tonkatsu/MgkIFX3zQYSI7Dx3A3wGgw,rolling-hills-california
https://www.ubereats.com/los-angeles/food-delivery/mcdonalds-redondo-beach-pch-diamond/OKx6fvu6S6qJ7yVu3RFCpg,rolling-hills-california
https://www.ubereats.com/los-angeles/food-delivery/tacos-super-gallito-carson/T-XRzvIARz2FPJlcsxx_vg,rolling-hills-california
https://www.ubereats.com/los-angeles/food-delivery/frida-mexican-cuisine-torrance/l6g1-z24QRuyDmZg5NH1Vw,rolling-hills-california
https://www.ubereats.com/los-angeles/food-delivery/phuket-thai-restaurant/EJx-Ct1QS-KNObKA3wGYXw,rolling-hills-california
https://www.ubereats.com/los-angeles/food-delivery/miches-de-la-baja/CUWHsPXuSYKxuy5sPh60jw,rolling-hills-california
https://www.ubereats.com/los-angeles/food-delivery/ihop-29403-s-western-ave/T2MDBUKCTW-mJXeaZpWD6Q,rolling-hills-california
https://www.ubereats.com/los-angeles/food-delivery/hakata-ikkousha-ramen-torrance/qLTlol5LS8G6MgIhPwsKLg,rolling-hills-california
https://www.ubereats.com/los-angeles/food-delivery/honda-sushi-and-japanese-dining/t5lBjzT_TaalXgxvbZ-YNA,rolling-hills-california
https://www.ubereats.com/los-angeles/food-delivery/el-tarasco-mexican-food/K71GD8VPQlSNQeYGUuY7yQ,rolling-hills-california
https://www.ubereats.com/los-angeles/food-delivery/ihop-24631-crenshaw-blvd/yg6834emQLy4_wbA-BfhNQ,rolling-hills-california
https://www.ubereats.com/los-angeles/food-delivery/fat-tomato-pizza-san-pedro/4fqw0rRxSR2otdPtZxDCPA,rolling-hills-california
https://www.ubereats.com/los-angeles/food-delivery/albertas-mexican-food/CAQcsOGFROK7RgoOSH3rMQ,rolling-hills-california
https://www.ubereats.com/los-angeles/food-delivery/the-shrimp-lover-redondo-beach/OKbC7lx9Qfe8OGge1CgtEg,rolling-hills-california
https://www.ubereats.com/los-angeles/food-delivery/mcdonalds-torrance-sepulveda-vermont/e41BFx26QU-CxvCVzXUHjg,rolling-hills-california
https://www.ubereats.com/los-angeles/food-delivery/yellow-vase-parent/9vYumAvyTHuM_q0FRYJCEg,rolling-hills-california
https://www.ubereats.com/los-angeles/food-delivery/vaquero-mexican-grill-harbor-city/wmy4fr9lTXenmEpDA2NrTQ,rolling-hills-california
https://www.ubereats.com/los-angeles/food-delivery/nenos-ristorante-italiano/MBbIar3_TKy8oZFj7pVEDw,rolling-hills-california
https://www.ubereats.com/los-angeles/food-delivery/mickeys-deli-breakfast/qE7lleB7RZyCtyYLtl17IA,rolling-hills-california
https://www.ubereats.com/los-angeles/food-delivery/mcdonalds-carson-sepulveda-%26main/UF6t66grSE6Ws38O_MrEsA,rolling-hills-california
https://www.ubereats.com/los-angeles/food-delivery/the-habit-burger-grill-4-b-peninsula-center/qkr6cgRBQXiADQngc5xS0A,rolling-hills-california
https://www.ubereats.com/los-angeles/food-delivery/wienerschnitzel-2780-pacific-coast-hwy/c5SKaodnT2igAyikGJjcGA,rolling-hills-california
https://www.ubereats.com/los-angeles/food-delivery/popeyes-louisiana-kitchen-2166-pacific-coast-hwy/doNQngq6R2OFFsx_qVPaBg,rolling-hills-california
https://www.ubereats.com/los-angeles/food-delivery/gen-korean-bbq-house-torrance/EZ8lvpIaTJy5DdMlj3so9w,rolling-hills-california
https://www.ubereats.com/los-angeles/food-delivery/subway-1671-carson-st/0K7H7NMfSuybA9EGWQGCWQ,rolling-hills-california
https://www.ubereats.com/los-angeles/food-delivery/zayna-flaming-grill/PO1gayVLTaibJq27zO4RKg,rolling-hills-california
https://www.ubereats.com/los-angeles/food-delivery/di-roma-cucina/UcQNEz-kTAqKqaKF_n0Lcg,rolling-hills-california
https://www.ubereats.com/los-angeles/food-delivery/kennys-donuts/yJg7Zd-ASCSR-wxnITVyqw,rolling-hills-california
https://www.ubereats.com/los-angeles/food-delivery/ortega-120/qqMK6GdeTYGmG1NdNdI7wg,rolling-hills-california
https://www.ubereats.com/los-angeles/food-delivery/kabab-curry-cuisine-of-india/_mnJkVNuTr-5X8sbdNIDbQ,rolling-hills-california
https://www.ubereats.com/los-angeles/food-delivery/mickeys-italian-deli/0rBT8BozSL2kAteCy5QufQ,rolling-hills-california
https://www.ubereats.com/los-angeles/food-delivery/dons/VHMz4FylRGG9wOy8bR0UIQ,rolling-hills-california
https://www.ubereats.com/los-angeles/food-delivery/nadimas-sushi-and-coffee-shop/oHrh1i3tTSqU2IL099kw2Q,rolling-hills-california
https://www.ubereats.com/los-angeles/food-delivery/wienerschnitzel-1715-pacfic-coast-hwy/kdoht7EfQL-K82NwX0GwJg,rolling-hills-california
https://www.ubereats.com/los-angeles/food-delivery/el-pollo-inka-rolling-hills/nv0YpJ7wT5iBjKIUYo4hlg,rolling-hills-california
https://www.ubereats.com/los-angeles/food-delivery/pupuseria-comalapa/tDPxdf3UR0mUpSTPPiSVIw,rolling-hills-california
https://www.ubereats.com/los-angeles/food-delivery/sutadonya/IQP_DcF4Tk6mYgpWhUeXbw,rolling-hills-california
https://www.ubereats.com/los-angeles/food-delivery/ko-ryu-ramen-grill/0tX_TfvjTkizqnIcR9md4w,rolling-hills-california
https://www.ubereats.com/los-angeles/food-delivery/california-pizza-kitchen-25304-crenshaw-blvd/XHnckZ3tSv-O3M5w_WiA1g,rolling-hills-california
https://www.ubereats.com/los-angeles/food-delivery/mcdonalds-lomita-pacific/95teLf4GRH6jTEdscTUKtg,rolling-hills-california
https://www.ubereats.com/los-angeles/food-delivery/3stakxs-kitchen/Xg1ITvnbSRWZw6b1Ca2ceQ,rolling-hills-california
https://www.ubereats.com/los-angeles/food-delivery/crusty-crab-fish-market-and-restaurant/hdroqJzETsCBqhliHen2Ww,rolling-hills-california
https://www.ubereats.com/los-angeles/food-delivery/forever-indian-tandoori/oTc7l9wOQfehcEz0qZISQQ,rolling-hills-california
https://www.ubereats.com/los-angeles/food-delivery/taco-bell-5125-pacific-coast-hwy/7JZGkP_lRMWdky7c2gOKlQ,rolling-hills-california
https://www.ubereats.com/los-angeles/food-delivery/lazy-dog-restaurant-%26-bar-torrance/seJubhzZQaaI90tK-sU47A,rolling-hills-california
https://www.ubereats.com/los-angeles/food-delivery/tak-e-sushi-%26-rolls/jljGcyfDSji9UK0dA8Ykdg,rolling-hills-california
https://www.ubereats.com/los-angeles/food-delivery/hey-19-public-house/3WP6zyGHRFSwNcBKsTluMw,rolling-hills-california
https://www.ubereats.com/los-angeles/food-delivery/el-torito-100-g-fishermans-wharf/3UU_hiK1QcaF5RH5hiMlPA,rolling-hills-california
https://www.ubereats.com/los-angeles/food-delivery/taco-bell-1354-w-190th-st/LbKPOBaBQrO5a5aYD3eHLg,rolling-hills-california
https://www.ubereats.com/los-angeles/food-delivery/mcdonalds-torrance-carson-st/Zu4VPhbZTT-7z0J_5J_hiQ,rolling-hills-california
