url,city
https://www.ubereats.com/miami/food-delivery/kavasutra-kava-bar-greenacres/PyKaCFzMTIey771ICzteBQ,royal-palm-beach-florida
https://www.ubereats.com/miami/food-delivery/kwik-stop-food-%24-more/bxxGClHdRYmLqzIMqj52dQ,royal-palm-beach-florida
https://www.ubereats.com/miami/food-delivery/blaze-pizza-250-s-state-road-7-suite-300/Ibebe7UqQg-F6O3zFYw74Q,royal-palm-beach-florida
https://www.ubereats.com/miami/food-delivery/kfc-980-north-military-trail/Wa9kKIyGRjqDuZFLs6xlZg,royal-palm-beach-florida
https://www.ubereats.com/miami/food-delivery/roccos-tacos-pga/88oSbKCbTpO2gotnPwUvCg,royal-palm-beach-florida
https://www.ubereats.com/miami/food-delivery/subway-11924-w-forest-hill-blvd/2AdsuiiIT1quOyyzXpN3VQ,royal-palm-beach-florida
https://www.ubereats.com/miami/food-delivery/wendys-15753-southern-boulevard/fcqLHPMyS5u0s1junPq3lA,royal-palm-beach-florida
https://www.ubereats.com/miami/food-delivery/sushi-express-at-madison-green/AJCOeg9bTxWFYE_GbLSp6g,royal-palm-beach-florida
https://www.ubereats.com/miami/food-delivery/tijuana-flats-west-palm-beach/aMCi7fRRQ3mYy4XZiA54fA,royal-palm-beach-florida
https://www.ubereats.com/miami/food-delivery/lemongrass-asian-bistro-wellington/QEimVbouQdmnCuwAeEA8Ag,royal-palm-beach-florida
https://www.ubereats.com/miami/food-delivery/the-habit-burger-grill-280-south-state-road-7-suite-100/6e88J3XwT8WavLm9mXPmjw,royal-palm-beach-florida
https://www.ubereats.com/miami/food-delivery/firehouse-subs-10229-okeechobee-blvd/v8M58vnGQUKW3TkkfCRZ0Q,royal-palm-beach-florida
https://www.ubereats.com/miami/food-delivery/mole-cantina-mexicana/v4ZS3ddzQbO5rGCK9Gmbng,royal-palm-beach-florida
https://www.ubereats.com/miami/food-delivery/shingos-japanese-restaurant/uyoiKo5SQ3WOlDqpbrfcCw,royal-palm-beach-florida
https://www.ubereats.com/miami/food-delivery/el-mata-munchies/IbxnWKVzT8yo6DbLVj1ZqA,royal-palm-beach-florida
https://www.ubereats.com/miami/food-delivery/el-zason-bar-%26-grill/i0WYHYeNTQGqW9p8mZGwew,royal-palm-beach-florida
https://www.ubereats.com/miami/food-delivery/nara-asian-creations/z1iFiHUhSyaoNb1P2ukrig,royal-palm-beach-florida
https://www.ubereats.com/miami/food-delivery/dunkin-194-s-state-road-7-home-depot-plaza/kAP560CKT1CG9BdvIqQ84g,royal-palm-beach-florida
https://www.ubereats.com/miami/food-delivery/pho-saigon/TqKwrZ6qRkihWs6-Dt0jgg,royal-palm-beach-florida
https://www.ubereats.com/miami/food-delivery/ginos-pizza/SPOApkGbSemaz5XOzfFlcQ,royal-palm-beach-florida
https://www.ubereats.com/miami/food-delivery/big-roccos-pizza-express-forest-hill-blvd/E1h6WJLhRheNKMdKLZbYAA,royal-palm-beach-florida
https://www.ubereats.com/miami/food-delivery/the-beauty-and-the-beeeef/z_6rA1UsQCKuoGOyPtlSog,royal-palm-beach-florida
https://www.ubereats.com/miami/food-delivery/chicagos-cater/rJ2mHEbqQUGRShRfdSOtJQ,royal-palm-beach-florida
https://www.ubereats.com/miami/food-delivery/pollo-tropical-6704-forest-hill-blvd/u-qAEim2QDWJ2FzQzwxFkg,royal-palm-beach-florida
https://www.ubereats.com/miami/food-delivery/tacos-al-carbon-greenacres/NnVjSkqcQ32weR407mna3g,royal-palm-beach-florida
https://www.ubereats.com/miami/food-delivery/auntie-annes-10300-w-forest-hill-blvd/i5_XmoPLSjuhtigTyiHxmw,royal-palm-beach-florida
https://www.ubereats.com/miami/food-delivery/loxahatchee-ice-cream-%26-coffee-seminole-pratt-whitney-rd/Oh7WBOaSSZit1A0mbBBZJw,royal-palm-beach-florida
https://www.ubereats.com/miami/food-delivery/the-ice-cream-shop/2y4N9liOSh2yT22e4rzqWQ,royal-palm-beach-florida
https://www.ubereats.com/miami/food-delivery/the-dutch-pot-jamaican-restaurant-west-palm-beach-fl/jX8ENNzXT5uqm-Zau_O2fQ,royal-palm-beach-florida
https://www.ubereats.com/miami/food-delivery/mcdonalds-1400-royal-palm-beach-boulevard/P7t4vvmFRWKjbnXuYBMKHQ,royal-palm-beach-florida
https://www.ubereats.com/miami/food-delivery/wah-house-chinese-restaurant/nNK78wQJTP-hYKZpQdhBig,royal-palm-beach-florida
https://www.ubereats.com/miami/food-delivery/hooters-2020-palm-beach-lake-blvd/dYnwJkTUTciwn6VkE9NtyA,royal-palm-beach-florida
https://www.ubereats.com/miami/food-delivery/subway-4075-state-rd-7/SIpu30rHRb2XdYkGyY9HFA,royal-palm-beach-florida
https://www.ubereats.com/miami/food-delivery/wendys-6790-okeechobee-blvd/CCuaK-JeTPiXvwpwzXWY2w,royal-palm-beach-florida
https://www.ubereats.com/miami/food-delivery/dennys-2705-okeechobee-blvd/nPc638qKTOCi_7673AYBGw,royal-palm-beach-florida
https://www.ubereats.com/miami/food-delivery/sonnys-bbq-greenacres/ys7ZtnC1SqC_cSJeHT7zew,royal-palm-beach-florida
https://www.ubereats.com/miami/food-delivery/carvel-ice-cream-6302-forest-hill/qVh0KbrbQSmqhM17cHXXqg,royal-palm-beach-florida
https://www.ubereats.com/miami/food-delivery/ritas-italian-ice/9BT-QGBtQ1-s8TjeJGIiuQ,royal-palm-beach-florida
https://www.ubereats.com/miami/food-delivery/duffys-of-greenacres/VYCslsYmSRqzBR_piXXaoA,royal-palm-beach-florida
https://www.ubereats.com/miami/food-delivery/pho-16/dy2nGBcYRHyoyGCbs0Du7w,royal-palm-beach-florida
https://www.ubereats.com/miami/food-delivery/anthonys-coal-fired-pizza-1900-okeechobee-blvd/WkApj7uySLSzM6HPHhlP1A,royal-palm-beach-florida
https://www.ubereats.com/miami/food-delivery/boston-market-6520-lake-worth-rd/ANAhPZHAQDmWEdrKeRmnTg,royal-palm-beach-florida
https://www.ubereats.com/miami/food-delivery/taco-bell-6265-lake-worth-rd/HL5i2KmrRT2fQLq3tNDUHA,royal-palm-beach-florida
https://www.ubereats.com/miami/food-delivery/brus-room-sports-grill-royal-palm-beach/SncL3B1dTYCvr2WleNoNHA,royal-palm-beach-florida
https://www.ubereats.com/miami/food-delivery/tropical-smoothie-cafe-wellington/kVLvwKlwQzSH-I6Aqv3AjQ,royal-palm-beach-florida
https://www.ubereats.com/miami/food-delivery/kocomos-island-grill/PTb9cm_fTMi-LIkmuj8tkw,royal-palm-beach-florida
https://www.ubereats.com/miami/food-delivery/big-roccos-pizzeria-%26-tavern/oMQYOUORQ0SriEa3cXfucA,royal-palm-beach-florida
https://www.ubereats.com/miami/food-delivery/taqueria-coco-tacos-llc/3ikpJSwHR8SE9QkS2eVnmg,royal-palm-beach-florida
https://www.ubereats.com/miami/food-delivery/mediterranean-plate/yFqsE8DDQ1WupcGcz0Ozfg,royal-palm-beach-florida
https://www.ubereats.com/miami/food-delivery/natural-blends-smoothies-greenacres/sjgiEVkxRKKKNRPG7sEdoQ,royal-palm-beach-florida
https://www.ubereats.com/miami/food-delivery/aroma-indian-cuisine/2_sf6HJKTYmBRNvQ6oWIxQ,royal-palm-beach-florida
https://www.ubereats.com/miami/food-delivery/zero-degrees-greenacres/CFblmyzDTjOxi8M0P3Gwpw,royal-palm-beach-florida
https://www.ubereats.com/miami/food-delivery/cucina-moderna-lake-worth/6x5lkqMQQ4K1xJfwixr_4g,royal-palm-beach-florida
https://www.ubereats.com/miami/food-delivery/salad-world-and-grill/ZQ9Di2H5TEi0cq_vSpfC8g,royal-palm-beach-florida
https://www.ubereats.com/miami/food-delivery/tapatia-supermarket-southern-blvd/44C1Z3AEQpyMHb8xcMep5g,royal-palm-beach-florida
https://www.ubereats.com/miami/food-delivery/king-super-buffet-chinese-restaurant-okeechobee-blvd/UPvgoXhgQSqOliEe2_BZxA,royal-palm-beach-florida
https://www.ubereats.com/miami/food-delivery/mcdonalds-1470-greenview-shores-blvd/BREy1lX-SFmI-ngMjaJImA,royal-palm-beach-florida
https://www.ubereats.com/miami/food-delivery/tokyosan/GwOEu4Y3Tbur_XncLRuamw,royal-palm-beach-florida
https://www.ubereats.com/miami/food-delivery/eagle-grill-%26-oyster-bar/ImEnfJMnRkyDGlIH22NbzQ,royal-palm-beach-florida
https://www.ubereats.com/miami/food-delivery/duffys-sports-grill-okeechobee-blvd/YsewyyE9RLOXqmN8v2TLhw,royal-palm-beach-florida
https://www.ubereats.com/miami/food-delivery/la-ideal-bakery-lake-worth-rd/hXrmzHT-Skelg5_AH_dr1Q,royal-palm-beach-florida
https://www.ubereats.com/miami/food-delivery/7025-bonefish-grill-9897-lake-worth-rd/wzyO-zKJSyST3wVnAiWQFQ,royal-palm-beach-florida
https://www.ubereats.com/miami/food-delivery/pop-a-piry-bakery/NAxKgPUFRpiG-GJafMuwxg,royal-palm-beach-florida
https://www.ubereats.com/miami/food-delivery/dona-arepa-restaurant/OJulH-_9TCCx8w4_YxBIeA,royal-palm-beach-florida
https://www.ubereats.com/miami/food-delivery/pipers-sports-bar-%26-grill-greenacres/jSRujgsoRvm4fhsto69mLA,royal-palm-beach-florida
https://www.ubereats.com/miami/food-delivery/jimmy-brooklyns-pizzas-parlor-s-state-rd-7/KESOhluGTFKXQWzCXLYl3g,royal-palm-beach-florida
https://www.ubereats.com/miami/food-delivery/burgerfi-wellington/k1Jm3UXDThCfWnILIUpJOA,royal-palm-beach-florida
https://www.ubereats.com/miami/food-delivery/al-pan-pan-bakery/2fjiTdL8QmCb_afyo-80EA,royal-palm-beach-florida
https://www.ubereats.com/miami/food-delivery/happy-changs/mwRkk3GYSNaPFPG_2sCtfA,royal-palm-beach-florida
https://www.ubereats.com/miami/food-delivery/hungry-howies-%23236/d172y9TwRp2Wr7hmgXOpMw,royal-palm-beach-florida
https://www.ubereats.com/miami/food-delivery/mikes-wings-%26-seafood/iwGFsHpQS92tsfmhRlITHQ,royal-palm-beach-florida
https://www.ubereats.com/miami/food-delivery/sofrito-latin-cuisine/KrRkicDTSSSwXpwCeOh5XA,royal-palm-beach-florida
https://www.ubereats.com/miami/food-delivery/jamba-juice-southern-palm-crossing/OxhqQDJPT9KquTvNG9i_iA,royal-palm-beach-florida
https://www.ubereats.com/miami/food-delivery/caribbean-choice-restaurant-and-bakery/Gh0q2dl4RfOVcOY8EUEtrw,royal-palm-beach-florida
https://www.ubereats.com/miami/food-delivery/green-house/pjTV7p3eRCWxqYzCKoNpsQ,royal-palm-beach-florida
https://www.ubereats.com/miami/food-delivery/exprezo-loxahatchee/uCRZLabaRLKuxRGVxzpd7w,royal-palm-beach-florida
https://www.ubereats.com/miami/food-delivery/jersey-mikes-subs-250-south-state-rd-7/-MSkPEsUTQy0EPWKDJAaoQ,royal-palm-beach-florida
https://www.ubereats.com/miami/food-delivery/taste-of-india-west-palm-beach/9NsDnQv-RDuuja0DNseZig,royal-palm-beach-florida
https://www.ubereats.com/miami/food-delivery/knot-just-pizzawest-palm-beach/HRBXgBmyTAuQbswa53un4Q,royal-palm-beach-florida
https://www.ubereats.com/miami/food-delivery/asador-patagonia/vephoG_mTGe6PfzIRME8gQ,royal-palm-beach-florida
https://www.ubereats.com/miami/food-delivery/hook-fish-and-chicken/Ga39Uh4kSl-eYTZRxHOfuA,royal-palm-beach-florida
https://www.ubereats.com/miami/food-delivery/trees-wings-and-ribs-royal-palm/SexJC695RpmzN6mAx3JwJg,royal-palm-beach-florida
https://www.ubereats.com/miami/food-delivery/el-emporio-bakery/Mdm8s-ehSJ-8Xh3w28Dz6A,royal-palm-beach-florida
https://www.ubereats.com/miami/food-delivery/koizi-endless-gourmet-grill-%26-sushi/UnqFPo3pRrexuQsF12PsHg,royal-palm-beach-florida
https://www.ubereats.com/miami/food-delivery/ashdans-yogurt-cafe/FCeviEmYT86cAwDAxLef9A,royal-palm-beach-florida
https://www.ubereats.com/miami/food-delivery/rustic-relish-restaurant-and-bar/p2hKfHWTTvOdOuVk5TbPig,royal-palm-beach-florida
https://www.ubereats.com/miami/food-delivery/dough-dough-donuts-restaurant/7KaPTPAGTNKl_Xt78s2WUA,royal-palm-beach-florida
https://www.ubereats.com/miami/food-delivery/outback-steakhouse-10933-north-military-trail-unit-116/3wG6WxPQSGWu-RP6DJjBVA,royal-palm-beach-florida
https://www.ubereats.com/miami/food-delivery/sobol-wellington/Pdv-rjz4TDOGrRUPX8Mdlw,royal-palm-beach-florida
https://www.ubereats.com/miami/food-delivery/grandmas-brooklyn-pizza/LHi4TnGZQ3KC7jwMS6hRAg,royal-palm-beach-florida
https://www.ubereats.com/miami/food-delivery/pdq-wellington/xP5FWioHSC6I3zpVUnSN-A,royal-palm-beach-florida
https://www.ubereats.com/miami/food-delivery/miami-grill-jog-road/vXThVT-6SlqXQjvdYXOC7A,royal-palm-beach-florida
https://www.ubereats.com/miami/food-delivery/the-original-brooklyn-water-bagel-lake-worth-rd/jb0SYcSmTuONFAafj5lzXQ,royal-palm-beach-florida
https://www.ubereats.com/miami/food-delivery/taco-bell-4466-forest-hill-blvd/2pjYKA7uT62LwmSXfLEc2A,royal-palm-beach-florida
https://www.ubereats.com/miami/food-delivery/taco-bell-13905-wellington-trace/KcgP4TM-RVO5ioetwz--kQ,royal-palm-beach-florida
https://www.ubereats.com/miami/food-delivery/burger-king-1103-royal-palm-beach-blvd/v0P2sXqVSs6Q2hI2w1OejQ,royal-palm-beach-florida
https://www.ubereats.com/miami/food-delivery/johnsons-custom-cakes-%26-more/7_LBTgmyS2-HTDbguqN7Mw,royal-palm-beach-florida
https://www.ubereats.com/miami/food-delivery/carvel-11955-southern-boulevard/qOImXehPSTOGzC9AnX2EsA,royal-palm-beach-florida
https://www.ubereats.com/miami/food-delivery/royal-subs-okeechobee-blvd/SkwlSEaCQDilgvmWrKSa5g,royal-palm-beach-florida
https://www.ubereats.com/miami/food-delivery/strictly-wings-west-palm-beach/MsU6svywRT2X6EJ0OCubGA,royal-palm-beach-florida
https://www.ubereats.com/miami/food-delivery/twin-peaks-2224-palm-beach-lakes-blvd/xGpri_ZnQF6cm-QAwtLi4A,royal-palm-beach-florida
https://www.ubereats.com/miami/food-delivery/rollatini-italian-restaurant/KCUt5cmeQ8yDkQnUoBtTAQ,royal-palm-beach-florida
https://www.ubereats.com/miami/food-delivery/hilarys-restaurant-royal-deli/OOly6QpyRJ2P4Z-Udf815A,royal-palm-beach-florida
https://www.ubereats.com/miami/food-delivery/taylor-made-cafe/SKnbpGueQGqQG8AvI92FBA,royal-palm-beach-florida
https://www.ubereats.com/miami/food-delivery/mels-way-bistro-via-poinciana/5CbPVKhFRpqsCvOK6V4QRg,royal-palm-beach-florida
https://www.ubereats.com/miami/food-delivery/eds-food-store-lake-worth-road/lfBMLuSCSNS0Z2nS2a-CXQ,royal-palm-beach-florida
https://www.ubereats.com/miami/food-delivery/burger-king-11959-southern-blvd/EwyLE_-TTmKQDPOuIjVKkQ,royal-palm-beach-florida
https://www.ubereats.com/miami/food-delivery/jupiter-donuts-royal-palm-beach/huk-CanrT1ConCq1DOmAPg,royal-palm-beach-florida
https://www.ubereats.com/miami/food-delivery/dunkin-12754-forest-hill-blvd/X6HuwdM3T22GsFmwfg2NNA,royal-palm-beach-florida
https://www.ubereats.com/miami/food-delivery/anthonys-coal-fired-pizza-wellington/Sni5uQcnSQS5sKUTNXozdw,royal-palm-beach-florida
https://www.ubereats.com/miami/food-delivery/ruby-tuesday-1271-n-state-rd-7/UJC06MmfT_6RmT0Yj1rERg,royal-palm-beach-florida
https://www.ubereats.com/miami/food-delivery/jamba-juice-the-pointe-at-wellington-green/-R7QF_eWTsum9o7ep2DErA,royal-palm-beach-florida
https://www.ubereats.com/miami/food-delivery/don-ramon-cuban-restaurant/XCKc5kh0T6ep3y-BgEMZCA,royal-palm-beach-florida
https://www.ubereats.com/miami/food-delivery/kfc-2525-south-military-trail/oyHUuxqiQ8i6V3ZMfwT4Jw,royal-palm-beach-florida
https://www.ubereats.com/miami/food-delivery/tgi-fridays-582-royal-palm-fl/qqWqrOR6Qp-hB4ekgUAJmw,royal-palm-beach-florida
https://www.ubereats.com/miami/food-delivery/dennys-300-civic-center-way/khCdR5WAQpiFJDif1zynmg,royal-palm-beach-florida
https://www.ubereats.com/miami/food-delivery/subway-12041-southern-blvd/o2jowpeQQjCgIx9J02oLNA,royal-palm-beach-florida
https://www.ubereats.com/miami/food-delivery/subway-13833-wellington-trace/N-8iJBdGTjiIC2q4hW3UPA,royal-palm-beach-florida
https://www.ubereats.com/miami/food-delivery/tiffin-box/3k3xlK8TQR62kFFAnt6UIw,royal-palm-beach-florida
https://www.ubereats.com/miami/food-delivery/las-americas-restaurant/LkOgNwuHRfOLs0zBhSrtBA,royal-palm-beach-florida
https://www.ubereats.com/miami/food-delivery/philly-grill-royal-palm/3ZmCrR1_TkmEXTWNWGGdCg,royal-palm-beach-florida
https://www.ubereats.com/miami/food-delivery/rinaldis-italian-deli/C1r5xWRpR0S7vc9Kjhh_CQ,royal-palm-beach-florida
https://www.ubereats.com/miami/food-delivery/tijuana-flats-wellington/yDiEKmY3RsqBBYPjz-2Uqg,royal-palm-beach-florida
https://www.ubereats.com/miami/food-delivery/kfc-3045-north-military-trail/29LjsPQaRLmRjn-ltbfzyA,royal-palm-beach-florida
https://www.ubereats.com/miami/food-delivery/buffalo-wild-wings-2837-s-state-road-7/KgRQa6EcRVSmlidhg9wcBQ,royal-palm-beach-florida
https://www.ubereats.com/miami/food-delivery/taco-bell-4331-okeechobee-blvd/5pNUI2GKSB2aA1VNRaPM0A,royal-palm-beach-florida
https://www.ubereats.com/miami/food-delivery/la-belenciana-corporation/PhOw0vHNTMy3CsLgrOyWzg,royal-palm-beach-florida
https://www.ubereats.com/miami/food-delivery/mcdonalds-9835-okeechobee-blvd/2CgdGbQVQvilfpc8uVG6xA,royal-palm-beach-florida
https://www.ubereats.com/miami/food-delivery/moon-thai-and-japanese-restaurant-royal-palm-beach/4aRQMECCSY60LwGrbcXrwA,royal-palm-beach-florida
https://www.ubereats.com/miami/food-delivery/gyromania-grill-171-s-state-rd-7-ste-400/TTcHao7HTDWrKi4HqksIdQ,royal-palm-beach-florida
https://www.ubereats.com/miami/food-delivery/la-brasa-okeechobee/w6NEtgslSC2moooaGvfbxw,royal-palm-beach-florida
https://www.ubereats.com/miami/food-delivery/taco-bell-1318-royal-palm-beach-blvd/H8Ss5DlAQh-0TBRWAkWSdw,royal-palm-beach-florida
https://www.ubereats.com/miami/food-delivery/amici-brick-oven-pizza/eFV2FLsDRWq6kNM_d5rKmA,royal-palm-beach-florida
https://www.ubereats.com/miami/food-delivery/panera-204721/IngjJylMSU-COAqlJxK38g,royal-palm-beach-florida
https://www.ubereats.com/miami/food-delivery/jacks-place-%26-catering/APYeBaVGSLy583te8zpqLA,royal-palm-beach-florida
https://www.ubereats.com/miami/food-delivery/romeos-famous-pizza/D42oaIsbSsC_qCLgU4m7nA,royal-palm-beach-florida
https://www.ubereats.com/miami/food-delivery/reggae-jerk-grill/EhC3AE6IRmGrGXq7F5xK_Q,royal-palm-beach-florida
https://www.ubereats.com/miami/food-delivery/souvlaki-fast/LgJEkdYzTKK91RbR2et9-w,royal-palm-beach-florida
https://www.ubereats.com/miami/food-delivery/froguyogu/7nNF6jm4Ql6_h5b1CIhsiA,royal-palm-beach-florida
https://www.ubereats.com/miami/food-delivery/mr-cs-delight-bbq-food-truck/Q1CL-c2BRMOf4NRC6kUIIA,royal-palm-beach-florida
https://www.ubereats.com/miami/food-delivery/the-ice-cream-shop/ZtBid0OrRZmoQNbdKCNpqw,royal-palm-beach-florida
https://www.ubereats.com/miami/food-delivery/sals-italian-ristorante-lake-worth/oPz9Ek4tS_KSpJ3WkMiKgQ,royal-palm-beach-florida
https://www.ubereats.com/miami/food-delivery/wing-man/6NLVD4i_RkapFa3Ke6kxgA,royal-palm-beach-florida
https://www.ubereats.com/miami/food-delivery/california-bbq-wellington/BhlhRKutQqiCwn9kEQlZGQ,royal-palm-beach-florida
https://www.ubereats.com/miami/food-delivery/wendys-560-n-state-road-7/vrKFbXzYRYSgVwKLIYqrEg,royal-palm-beach-florida
https://www.ubereats.com/miami/food-delivery/412-applebees-green-acres/0YLRXcMESCiy2fZlW9l-kw,royal-palm-beach-florida
https://www.ubereats.com/miami/food-delivery/deli-inn-diner/0k2IGLGXSzu2lkGgqWYCQQ,royal-palm-beach-florida
https://www.ubereats.com/miami/food-delivery/for-the-luv-of-food/fWOwixEoQg6LVO0LfWaJOw,royal-palm-beach-florida
https://www.ubereats.com/miami/food-delivery/delicias-de-la-abuela-royal-palm/czrkuFRVTwOx2JpTYQQGgg,royal-palm-beach-florida
https://www.ubereats.com/miami/food-delivery/vv-cafe-guinea-caribbean-restaurant/lN5BZo-TQW-q3wbNSY6soA,royal-palm-beach-florida
https://www.ubereats.com/miami/food-delivery/anzo-palm-beach-garden/5ThLUqDdR_6hIOzoL-OqfQ,royal-palm-beach-florida
https://www.ubereats.com/miami/food-delivery/sindies-designs/__XVO38sT3SQ9w2DNvgVYA,royal-palm-beach-florida
https://www.ubereats.com/miami/food-delivery/magic-soul-food-west-palm-beach/wdGgzPNnQZOXnY2nETxEhw,royal-palm-beach-florida
https://www.ubereats.com/miami/food-delivery/flavor-of-india/fahRUypQQbStU2xrJoIQjw,royal-palm-beach-florida
https://www.ubereats.com/miami/food-delivery/casa-tequila-wellington/ZeJDowXKQI6cf3HSxtO-9A,royal-palm-beach-florida
https://www.ubereats.com/miami/food-delivery/don-chepos-taco-shop/H2TyHZrrTJWLf9xn28TY6Q,royal-palm-beach-florida
https://www.ubereats.com/miami/food-delivery/antojo-latino/2DR0veBOSq--cS9nXJ6yiQ,royal-palm-beach-florida
https://www.ubereats.com/miami/food-delivery/moes-southwest-grill-wellington-town-center/ES_SHnxqQ2OaPcj-F4vZKA,royal-palm-beach-florida
https://www.ubereats.com/miami/food-delivery/hot-pie-pizza/FtABwLP9TVin3TfotHtocA,royal-palm-beach-florida
https://www.ubereats.com/miami/food-delivery/steak-n-shake-133-s-state-road-7/cJ8oAoLETAGM570Ti1a0tQ,royal-palm-beach-florida
https://www.ubereats.com/miami/food-delivery/la-fonda-sports-bar/TMxuAEc8SMGDyG4wBDgj-Q,royal-palm-beach-florida
https://www.ubereats.com/miami/food-delivery/red-lobster-6638-lake-worth-road/Q1056dW5Sq6KGyFjslkiLQ,royal-palm-beach-florida
https://www.ubereats.com/miami/food-delivery/park-avenue-bbq-grille-west-palm-beach/GcrW7iRGQh-X46b0Q98-ow,royal-palm-beach-florida
https://www.ubereats.com/miami/food-delivery/hurricane-4075-state-road-7-%23a1/FB2XqB3fSrKxt6adUYFtzA,royal-palm-beach-florida
https://www.ubereats.com/miami/food-delivery/butterfields-southern-cafe-royal-palm-beach-blvd/Dy2XCeltRGacr2Hv08Uj6w,royal-palm-beach-florida
https://www.ubereats.com/miami/food-delivery/taco-bell-2801-s-state-road-7/bad_RsfySbyf1lQBpt4P0g,royal-palm-beach-florida
https://www.ubereats.com/miami/food-delivery/ms-suzie-seafood-grill/JPzFj0l3QE-oPNa3yfTQnA,royal-palm-beach-florida
https://www.ubereats.com/miami/food-delivery/strictly-chicken-west-palm-beach/306bqxqtQOyyS7CNGX2z9w,royal-palm-beach-florida
https://www.ubereats.com/miami/food-delivery/tijuana-flats-royal-palm-beach/_yAvtvnhTKCg89gj9M6xuQ,royal-palm-beach-florida
https://www.ubereats.com/miami/food-delivery/mcdonalds-6858-okeechobee-blvd/Q1B8hiYTTSiLktEiXPN8QQ,royal-palm-beach-florida
https://www.ubereats.com/miami/food-delivery/le-basilic-restaurant-and-bakery/ejv9LXAKTf2vSt76nOXWGQ,royal-palm-beach-florida
https://www.ubereats.com/miami/food-delivery/butterfields/bGY0BxrmQe2iRjExoUgW4w,royal-palm-beach-florida
https://www.ubereats.com/miami/food-delivery/wellington-national/LK9TicPWTnygVRFIUVF-Bw,royal-palm-beach-florida
https://www.ubereats.com/miami/food-delivery/burger-bar-2020-palm-beach-lakes-blvd/VVi9ht1RTP6-rvx38xEB4g,royal-palm-beach-florida
https://www.ubereats.com/miami/food-delivery/meatheads-bbq/JmWHVVDYQAS93aCyA8hIng,royal-palm-beach-florida
https://www.ubereats.com/miami/food-delivery/los-quesudos/0t90hy7TSMqBE1VsRtTqhA,royal-palm-beach-florida
https://www.ubereats.com/miami/food-delivery/pts-restaurant/28sBi2RTQKyk9o92mQTL8A,royal-palm-beach-florida
https://www.ubereats.com/miami/food-delivery/core-life-eatery/zy83q6spTU2DR3sRExz7qA,royal-palm-beach-florida
https://www.ubereats.com/miami/food-delivery/california-pizza-kitchen-10300-w-forest-hill-bl-%23197/mmz8StFEQgCr59x7o_uyjQ,royal-palm-beach-florida
https://www.ubereats.com/miami/food-delivery/the-original-pancake-house-105-s-state-road-7/V2t6K-L_QOiPl5_QeR4rUA,royal-palm-beach-florida
https://www.ubereats.com/miami/food-delivery/burger-king-7080-seminole-pratt-whitney-rd/0OoR_xQ-Qd6JXRALM1s0Bw,royal-palm-beach-florida
https://www.ubereats.com/miami/food-delivery/chipotle-mexican-grill-1000-s-state-road-7-ste-2/f_K0s8cRSK2zRlGI6Sb00w,royal-palm-beach-florida
https://www.ubereats.com/miami/food-delivery/wendys-12011-southern-blvd/9vUnWriWQ9iv-goY1DGNLA,royal-palm-beach-florida
https://www.ubereats.com/miami/food-delivery/backstreets-neighborhood-bar-%26-grill/v4bdgT4JRR6gLvW374u5ow,royal-palm-beach-florida
https://www.ubereats.com/miami/food-delivery/short-stacks/YnGL2i5ZTtCP6lVABN566g,royal-palm-beach-florida
https://www.ubereats.com/miami/food-delivery/seafood-shack/xbJADPO4QN2Yze27UQlI3Q,royal-palm-beach-florida
https://www.ubereats.com/miami/food-delivery/tapatia-supermarket-westgate/-vv1DsjvTcmErccWWKh2CQ,royal-palm-beach-florida
https://www.ubereats.com/miami/food-delivery/thai-haru-restaurant/grv4U_xQTuu-r91VUOgZCw,royal-palm-beach-florida
https://www.ubereats.com/miami/food-delivery/taone-asian-fusion/Aw_saqjlRU-VawSSDJvRsA,royal-palm-beach-florida
https://www.ubereats.com/miami/food-delivery/park-avenue-bbq-grille-wellington/ux2H0lGLQCyLfok8ioqbwQ,royal-palm-beach-florida
https://www.ubereats.com/miami/food-delivery/taco-bell-4385-45th-st/W77HPzlKQsuH--AaM-qCFQ,royal-palm-beach-florida
https://www.ubereats.com/miami/food-delivery/433-applebees-west-palm-beach/jdo9OrkdRBG05DTuf6wOeQ,royal-palm-beach-florida
https://www.ubereats.com/miami/food-delivery/ihop-6708-forest-hill-blvd/YBj802idRLiCpy0pepTZzw,royal-palm-beach-florida
https://www.ubereats.com/miami/food-delivery/taqueria-jalisco-wpb/PEVoNrpsTca8gGE_WGreOQ,royal-palm-beach-florida
https://www.ubereats.com/miami/food-delivery/carrabbas-11141-southern-boulevard/fR9AMGxwRPeWYPF2QDCb3A,royal-palm-beach-florida
https://www.ubereats.com/miami/food-delivery/dunkin-8843-southern-blvd/KlT-AU2lQyON05zS1D1f5A,royal-palm-beach-florida
https://www.ubereats.com/miami/food-delivery/the-ice-cream-shop/VwT5aAEWQQWXNYyvOGu80g,royal-palm-beach-florida
https://www.ubereats.com/miami/food-delivery/pop-a-piry-organic-bakery/3V68EtXPThST1XLfwH8vDg,royal-palm-beach-florida
https://www.ubereats.com/miami/food-delivery/panda-garden/-1ytoLU9Q4O7S8FOu8tt6Q,royal-palm-beach-florida
https://www.ubereats.com/miami/food-delivery/raja-indian-cuisine-%26-bar/8U2nRZ_zRoiR_nBsDOiOVA,royal-palm-beach-florida
https://www.ubereats.com/miami/food-delivery/haagen-dazs-wellington/jg9AUJkpT1iIiYr72hd8XA,royal-palm-beach-florida
https://www.ubereats.com/miami/food-delivery/chipotle-mexican-grill-6714-forest-hill-blvd/HcNZXBdkT5SIp9vP3U7lHw,royal-palm-beach-florida
https://www.ubereats.com/miami/food-delivery/jersey-mikes-1900-okeechobee-blvd/J4QHm06sS7Okm8XjwvrjOQ,royal-palm-beach-florida
https://www.ubereats.com/miami/food-delivery/pollo-tropical-107-north-state-rd-7/5WUIHBIdTPSc8OR8AVTSGg,royal-palm-beach-florida
https://www.ubereats.com/miami/food-delivery/pdq-west-palm-beach/1d0nu-xmTBe3EAnbCsVCOg,royal-palm-beach-florida
https://www.ubereats.com/miami/food-delivery/kfc-667-royal-palm-beach-blvd/5gc8UVmoTv-TEmSKEq6suA,royal-palm-beach-florida
https://www.ubereats.com/miami/food-delivery/kfc-6712-forest-hills-blvd/YCBFgXH9RmCFoFU571nZXg,royal-palm-beach-florida
https://www.ubereats.com/miami/food-delivery/subway-1105-royal-palm-beach-blvd/5qkPVOx8TsipCE99dIn58A,royal-palm-beach-florida
https://www.ubereats.com/miami/food-delivery/forest-grill/KzIg9T4tRCmzyjTPIKg-YQ,royal-palm-beach-florida
https://www.ubereats.com/miami/food-delivery/jon-smith-subs-royal-palm-beach/MM6zfA8KSom3jcjR32zYUQ,royal-palm-beach-florida
https://www.ubereats.com/miami/food-delivery/gourmet-deli-house/x1C8CKCAR52GW0p0OoWjyg,royal-palm-beach-florida
https://www.ubereats.com/miami/food-delivery/bolay-wpb/WSnpVsokR7aKMDaN6LMzcQ,royal-palm-beach-florida
https://www.ubereats.com/miami/food-delivery/the-ice-cream-shop/SyPfSkoJQ3ap4lOjYqzN6A,royal-palm-beach-florida
https://www.ubereats.com/miami/food-delivery/strictly-seafood-west-palm-beach/R4D0mg8FSGqpZxKhRsslnQ,royal-palm-beach-florida
https://www.ubereats.com/miami/food-delivery/dunkin-13889-wellington-trce/ckihjZ2wQz2-2wPRZOTEng,royal-palm-beach-florida
https://www.ubereats.com/miami/food-delivery/top-taste-restaurant/KbVdwcH_QtyGr5x_5I2K1g,royal-palm-beach-florida
https://www.ubereats.com/miami/food-delivery/ihop-516n-state-rd-7/CmOrsmSSQIOC6kSD7dhLFA,royal-palm-beach-florida
https://www.ubereats.com/miami/food-delivery/global-mart-kitchen/fwoPORgXRg6dolwin6L-Mg,royal-palm-beach-florida
https://www.ubereats.com/miami/food-delivery/china-star/RNc1vLIRS6SLUErCht3QMA,royal-palm-beach-florida
https://www.ubereats.com/miami/food-delivery/grandmas-brooklyn-pizza/9WUvRGTOQfKjulEvNSMeug,royal-palm-beach-florida
https://www.ubereats.com/miami/food-delivery/settis-restaurant-%26-pizzeria/xM2mxN7ATlmaH3TVduhhCA,royal-palm-beach-florida
https://www.ubereats.com/miami/food-delivery/piatto-bravo/acf0tCQYQMulshBNZqTntA,royal-palm-beach-florida
https://www.ubereats.com/miami/food-delivery/manninos-too-pizza/urgAEDFeTr6DPPo-ewfPBw,royal-palm-beach-florida
https://www.ubereats.com/miami/food-delivery/isla-del-coqui/8a9o9pWLS9eIprKXrWPB5w,royal-palm-beach-florida
https://www.ubereats.com/miami/food-delivery/golden-wok/UO52TmE2Twe0rwGSxrfj-g,royal-palm-beach-florida
https://www.ubereats.com/miami/food-delivery/polo-chef-bakery/5YSqV1ykRm2YbKhJ4aC3tw,royal-palm-beach-florida
https://www.ubereats.com/miami/food-delivery/sals-italian-ristorante-royal-palm-beach-crestwood-square/Cfs12v2BQz6Eo0Nk9jNO1w,royal-palm-beach-florida
https://www.ubereats.com/miami/food-delivery/ae-caribbean-restaurant/mxxEHi4yRbm2ABr4CLwG2Q,royal-palm-beach-florida
https://www.ubereats.com/miami/food-delivery/amigos-mexican-spanish-restaurant/Uza-g1uaTQqgwE4csAksDw,royal-palm-beach-florida
https://www.ubereats.com/miami/food-delivery/phomee/h0WS84AZQmi1rYa_XEyZQw,royal-palm-beach-florida
https://www.ubereats.com/miami/food-delivery/subway-7070-04-seminole-pratt-whittny/4ufmWboQS4iOBk06I7PPAA,royal-palm-beach-florida
https://www.ubereats.com/miami/food-delivery/locanta-local-eatery/pn-gDtZ4QSWTIvVzrvYeAw,royal-palm-beach-florida
https://www.ubereats.com/miami/food-delivery/blaze-pizza-4665-pga-blvd/fh6oA5gORBqZeTUX5r9AsQ,royal-palm-beach-florida
https://www.ubereats.com/miami/food-delivery/bolay-wellington/kDZ9LYhhQWWe5JdtrbBc4g,royal-palm-beach-florida
https://www.ubereats.com/miami/food-delivery/delicias-de-la-abuela-west-palm/VO1jFG0XQYyh454ioM1rmA,royal-palm-beach-florida
https://www.ubereats.com/miami/food-delivery/best-french-fries/nIy0XwNsTuiyrVbqNsr0kw,royal-palm-beach-florida
https://www.ubereats.com/miami/food-delivery/two-twisted-italians-bistro/uEhP1BU1Qxm5cwJXj0FcGQ,royal-palm-beach-florida
https://www.ubereats.com/miami/food-delivery/smokey-bones-wellington/vF9VEmzLTheAyab8STeVDg,royal-palm-beach-florida
https://www.ubereats.com/miami/food-delivery/mi-isla-pizzeria/GiifHuZRT42kb7Y2AzNruw,royal-palm-beach-florida
https://www.ubereats.com/miami/food-delivery/mccrays-ii-backyard-bar-b-q-food-truck/PXTjbucMRVOyJIt2UfL_Ug,royal-palm-beach-florida
https://www.ubereats.com/miami/food-delivery/bangkok-o-cha/rcaAFDovTpOMnQjAos5LOA,royal-palm-beach-florida
https://www.ubereats.com/miami/food-delivery/426-applebees-royal-palm/n3Ky3BIUS3eRlSQSCc8PSw,royal-palm-beach-florida
https://www.ubereats.com/miami/food-delivery/chikitas-venezuelan-food/IQZ6sAvASlqyRXDS9TGPew,royal-palm-beach-florida
https://www.ubereats.com/miami/food-delivery/taco-bell-10115-southern-blvd/x0jXEOCaQgOUx6N5kxBUPg,royal-palm-beach-florida
https://www.ubereats.com/miami/food-delivery/ideal-nutrition-palm-beach-gardens/ri8U-t_rTca_GQZX6s0bGg,royal-palm-beach-florida
https://www.ubereats.com/miami/food-delivery/duffys-sports-grill-southern/Y2tMltL2TWWAk19K5j7Z0w,royal-palm-beach-florida
https://www.ubereats.com/miami/food-delivery/eds-food-store-suncrest-rd/sxQ0EdzXQZOfR4LthkoZpQ,royal-palm-beach-florida
https://www.ubereats.com/miami/food-delivery/the-captains-boil-1271-n-state-rd-7/ugc3-JVPSO2qgDZU4V4QYg,royal-palm-beach-florida
https://www.ubereats.com/miami/food-delivery/arbys-9970-belvedere-rd/8ra8tEDPTjqv8BS8SFZXHg,royal-palm-beach-florida
https://www.ubereats.com/miami/food-delivery/olis-fashion-cuisine/6j-gYKHIRfCviSzhYV-Ojg,royal-palm-beach-florida
https://www.ubereats.com/miami/food-delivery/checkers-12790-wforest-hills-blvd/Zx-bXcHWRA-KqWTe1Te7IA,royal-palm-beach-florida
https://www.ubereats.com/miami/food-delivery/outback-steakhouse-11101-southern-boulevard/uPmG_eoyTD6FMdZ8xoykOg,royal-palm-beach-florida
https://www.ubereats.com/miami/food-delivery/hurricane-grill-%26-wings-fairway-drive/-KJm6NwxTQu1128yrcljJw,royal-palm-beach-florida
https://www.ubereats.com/miami/food-delivery/wawa-5212-6566-lake-worth-rd/9UAZcY-WSZmDbPZjvFqJEA,royal-palm-beach-florida
https://www.ubereats.com/miami/food-delivery/tropical-paradise-caribbean-cuisine-and-more/vP8UBoi3Re6TzUYVDJ79FA,royal-palm-beach-florida
https://www.ubereats.com/miami/food-delivery/cold-stone-creamery-wellington/RA1eoyvWQ0KGRfFtaMmNJA,royal-palm-beach-florida
https://www.ubereats.com/miami/food-delivery/fresh-element/mDYxPiHZS5uKv__6x-vPxQ,royal-palm-beach-florida
https://www.ubereats.com/miami/food-delivery/maoz-vegetarian/S4ZTJXFKQZa8EQXpFaqXzQ,royal-palm-beach-florida
https://www.ubereats.com/miami/food-delivery/kaluz-restaurant/vIZg6W2RSFGhOZ-ys0chig,royal-palm-beach-florida
https://www.ubereats.com/miami/food-delivery/restaurante-el-bodegon/Sv0y8AikT1igskLc28gvlQ,royal-palm-beach-florida
https://www.ubereats.com/miami/food-delivery/the-original-brooklyn-water-bagel-fairway-dr/QLhf5LXLQbaLiNQDb8cp3g,royal-palm-beach-florida
https://www.ubereats.com/miami/food-delivery/backstreets-bar-%26-grill/tZ5muocjQfG_yNV0tkDEoA,royal-palm-beach-florida
https://www.ubereats.com/miami/food-delivery/burger-king-6903-okeechobee-boulevard/Rsn5CrWzTRaQUfTd-bNn1Q,royal-palm-beach-florida
https://www.ubereats.com/miami/food-delivery/five-guys-fl-0305-10200-forest-hill-blvd/OeWwXfwmRra52WjzgAaBPg,royal-palm-beach-florida
https://www.ubereats.com/miami/food-delivery/sticky-rice-thai-%26-sushi/YOkCqQsxTduhF2lt5wX5tg,royal-palm-beach-florida
https://www.ubereats.com/miami/food-delivery/la-brasa-west-palm-beach/NsXm6pRCSQWuEE9RCEfqSw,royal-palm-beach-florida
https://www.ubereats.com/miami/food-delivery/outback-steakhouse-6266-lantana-road/IxxOkxHRSJGgOLQj_WFS4g,royal-palm-beach-florida
https://www.ubereats.com/miami/food-delivery/chipotle-mexican-grill-4655-pga-blvd-bldg-f/-FtjctmHR3WqLk_7vU-QfQ,royal-palm-beach-florida
https://www.ubereats.com/miami/food-delivery/taco-bell-6862-okeechobee-blvd/bomSK1cKSQSQCsqXOxGz8w,royal-palm-beach-florida
https://www.ubereats.com/miami/food-delivery/dunkin-9104-forest-hill-blvd/vk1_qaB4TWeYcBrH28US5w,royal-palm-beach-florida
https://www.ubereats.com/miami/food-delivery/okeechobee-prime-barbeque/MTgCHdlkRTea58Cm3-qGPw,royal-palm-beach-florida
https://www.ubereats.com/miami/food-delivery/romeos-pizza-%26-italian-restaurant/oPNJ-DiqRr67mV0_jPlRXA,royal-palm-beach-florida
https://www.ubereats.com/miami/food-delivery/the-india-palace/ovYT9RQ3SYKPKQrPcI3nDg,royal-palm-beach-florida
https://www.ubereats.com/miami/food-delivery/jets-pizza-1204-royal-palm-beach-blvd/QRkFoUSNTNCrNCknhlUakQ,royal-palm-beach-florida
https://www.ubereats.com/miami/food-delivery/makebs-bagels-3/RmejrwdMTrizT1dVxTxcPw,royal-palm-beach-florida
https://www.ubereats.com/miami/food-delivery/mexican-tacos-and-bar-gun-club-rd/oWbkkb3hQM6Zah6C0SjxwQ,royal-palm-beach-florida
https://www.ubereats.com/miami/food-delivery/tropical-smoothie-cafe-loxahatchee/QDZbx2TMQGuYPvZtVIcX7A,royal-palm-beach-florida
https://www.ubereats.com/miami/food-delivery/grilled-cheese-gallery-wpb/dnGlomRDQZ--IkIkcVe2mA,royal-palm-beach-florida
https://www.ubereats.com/miami/food-delivery/stonewood-grill-%26-tavern-wellington/K_Fa3pROSnieZS4vL1rvPQ,royal-palm-beach-florida
https://www.ubereats.com/miami/food-delivery/naturally-nude-cafe/O-Xqhpf1Tnaff_-pk1Puhg,royal-palm-beach-florida
https://www.ubereats.com/miami/food-delivery/infusion%3A-a-rollin-creamery/7A_6TKkkRRWGcyCwuNNCaw,royal-palm-beach-florida
https://www.ubereats.com/miami/food-delivery/eds-food-store-10th-ave/IgftP5n7SC2DqY7p5-qWJg,royal-palm-beach-florida
https://www.ubereats.com/miami/food-delivery/tokyo-peking-99/HZ31j3UqR-6k6KAAPR8ilw,royal-palm-beach-florida
https://www.ubereats.com/miami/food-delivery/first-watch-wellington/_MUkCATrTaisgB266KZ3_A,royal-palm-beach-florida
https://www.ubereats.com/miami/food-delivery/india-grill-%2B-bar-royal-palm-beach-blvd/iGDKW6qQQgGWYxsJyJAazA,royal-palm-beach-florida
