url,city
https://www.ubereats.com/philadelphia/food-delivery/night-kitchen-bakery-and-cafe/agR9NqiVTBWc1ST-ZG_WzA,rydal-pennsylvania
https://www.ubereats.com/philadelphia/food-delivery/first-watch-abington/tMwBvhuvSX2V3PsEw6oC-g,rydal-pennsylvania
https://www.ubereats.com/philadelphia/food-delivery/northeast-sandwich-co/A-NGi4DEQqeVB0-RH1HSqg,rydal-pennsylvania
https://www.ubereats.com/philadelphia/food-delivery/tbaar-2842-saint-vincent-st-pa/XrpvlNV7S7SzXfcnj0nEsA,rydal-pennsylvania
https://www.ubereats.com/philadelphia/food-delivery/subway-willow-grove/fTlnEm3dRPKEKN3g3hS5Hg,rydal-pennsylvania
https://www.ubereats.com/philadelphia/food-delivery/dunkin-9173-roosevelt-blvd/SWEfa47DQKmZXfBmpBIjMQ,rydal-pennsylvania
https://www.ubereats.com/philadelphia/food-delivery/philly-pretzel-factory-academy-rd/ZESvh3pARXWiLTLFZjZogw,rydal-pennsylvania
https://www.ubereats.com/philadelphia/food-delivery/cafe-ole-in-the-valley/KcLtzcOAQU-PEu3KPv0VNQ,rydal-pennsylvania
https://www.ubereats.com/philadelphia/food-delivery/crown-chicken-and-grill/FKVfNZ2dR4u_3WxOooGP3A,rydal-pennsylvania
https://www.ubereats.com/philadelphia/food-delivery/lawncrest-family-restaurant/EjyGuDwvQUivLHL5PbPvrQ,rydal-pennsylvania
https://www.ubereats.com/philadelphia/food-delivery/burger-king-5921-rising-sun-avenue/zOXj8cXPQEOakrF5-ulujQ,rydal-pennsylvania
https://www.ubereats.com/philadelphia/food-delivery/palm-tree-deli-%26-market/L3kuHf_ZT2asvH8MFEcSzA,rydal-pennsylvania
https://www.ubereats.com/philadelphia/food-delivery/panda-express-2385-cheltenham-avenue/R385PA3UQAC6C7Sxzcwm4A,rydal-pennsylvania
https://www.ubereats.com/philadelphia/food-delivery/dump-n-roll/WSoOMpZtQBmZkVYGnXTIrw,rydal-pennsylvania
https://www.ubereats.com/philadelphia/food-delivery/boston-market-9113-e-roosevelt-blvd/01aLAV1yQqywkDyKrxJm-g,rydal-pennsylvania
https://www.ubereats.com/philadelphia/food-delivery/dragon-phoenix-house/zekwJbNdSJKZJ72W8gL7Ig,rydal-pennsylvania
https://www.ubereats.com/philadelphia/food-delivery/dunkin-6620-n-broad-st/K-Kzh4CDRLKVkhn2eP5Tdg,rydal-pennsylvania
https://www.ubereats.com/philadelphia/food-delivery/warminster-west-diner-%26-restaurant/18r0Bh7zSc-K7am4gEf69w,rydal-pennsylvania
https://www.ubereats.com/philadelphia/food-delivery/rangoli/ADU4PGLmQJOyj7YRw1zWZQ,rydal-pennsylvania
https://www.ubereats.com/philadelphia/food-delivery/8-brothers-meat-market-%26-deli/DbXAxK0aTW6aTtVPhUw16w,rydal-pennsylvania
https://www.ubereats.com/philadelphia/food-delivery/lemoncello/9fGoJvLpT3u3yFFRn3JlIA,rydal-pennsylvania
https://www.ubereats.com/philadelphia/food-delivery/hanas-kitchen-%26-pizzeria/eaNO1v9nQKyEBaEumUUu9g,rydal-pennsylvania
https://www.ubereats.com/philadelphia/food-delivery/wendys-415-easton-rd/LLrqbSiTTYSzv9pMAT9q3g,rydal-pennsylvania
https://www.ubereats.com/philadelphia/food-delivery/seafood-temptation/DHt-JpH1SMisYSYWspZfhg,rydal-pennsylvania
https://www.ubereats.com/philadelphia/food-delivery/ben-%26-irvs-delicatessen/Oj1nR5KFQfKqBtbr9SAKZw,rydal-pennsylvania
https://www.ubereats.com/philadelphia/food-delivery/hotpot-cuisine/YepCssz4T3Oo4QqCBTKddQ,rydal-pennsylvania
https://www.ubereats.com/philadelphia/food-delivery/torresdale-pizza/4bGX2cgYRyKKyRGXgzedog,rydal-pennsylvania
https://www.ubereats.com/philadelphia/food-delivery/five-guys-pa-1146-125-e-street-rd/0BgNIPl5TYe3qR4YIqIq7g,rydal-pennsylvania
https://www.ubereats.com/philadelphia/food-delivery/the-juice-room/Luos7EsNRLaNOInQhrNUow,rydal-pennsylvania
https://www.ubereats.com/philadelphia/food-delivery/jersey-mikes-subs-182-w-street-rd/65bCSm7aR0C3U_3LdQJTtw,rydal-pennsylvania
https://www.ubereats.com/philadelphia/food-delivery/china-gourmet-restaurant/_6C1AmevT0mvWWeRr9kaMA,rydal-pennsylvania
https://www.ubereats.com/philadelphia/food-delivery/sams-pizza-and-bistro/_zXd-6UlRlqmhu0deZ7Brg,rydal-pennsylvania
https://www.ubereats.com/philadelphia/food-delivery/takka-grill-and-shrimpies/QSmBP1rsSZGlx1tk2cxDtQ,rydal-pennsylvania
https://www.ubereats.com/philadelphia/food-delivery/dunkin-6391-oxford-ave/OZh5wB0pSPKSOqC_ptT5zw,rydal-pennsylvania
https://www.ubereats.com/philadelphia/food-delivery/jersey-mikes-subs-horsham-rd-%26-norristown-rd/murYTp0oTTmVKhE2F7wnSQ,rydal-pennsylvania
https://www.ubereats.com/philadelphia/food-delivery/saladworks-feasterville/naVeV9rcRlqU_Jn-Hc0eBw,rydal-pennsylvania
https://www.ubereats.com/philadelphia/food-delivery/mckinley-market/3PszCByZRZCOPb-W1-29CQ,rydal-pennsylvania
https://www.ubereats.com/philadelphia/food-delivery/burger-king-1624-cottman-avenue/mXl4jYHdS5aUCwDRMVmqhg,rydal-pennsylvania
https://www.ubereats.com/philadelphia/food-delivery/dunkin-2-township-line-rd/beONL0_KQ7e8-UqWh_1Wgg,rydal-pennsylvania
https://www.ubereats.com/philadelphia/food-delivery/dunkin-5801-oxford-ave/6Ek03RYmRdKMbRvjOM5M0w,rydal-pennsylvania
https://www.ubereats.com/philadelphia/food-delivery/ihop-10740-roosevelt-blvd/bEpV6piASnK6922tf2dWIA,rydal-pennsylvania
https://www.ubereats.com/philadelphia/food-delivery/metro-diner-bensalem/-cbGUv7QSbOD5MKCIv0-tA,rydal-pennsylvania
https://www.ubereats.com/philadelphia/food-delivery/primohoagies-51-bethlehem-pike/HUWYt-MJSpG1ahbn_M_PHg,rydal-pennsylvania
https://www.ubereats.com/philadelphia/food-delivery/smileys-soul-food-catering/pO_wQCrmQECyrG97iNZuKw,rydal-pennsylvania
https://www.ubereats.com/philadelphia/food-delivery/roccos-italian-sausage/oagjmMFxSaeF1pS7mxTHRQ,rydal-pennsylvania
https://www.ubereats.com/philadelphia/food-delivery/perkins-restaurant-%26-bakery-warminster/2oY_DR_iTai-SPFcmv3amQ,rydal-pennsylvania
https://www.ubereats.com/philadelphia/food-delivery/cold-stone-3001-w-cheltenham-ave/R2ZWfU1sTESHD6_RGtahwQ,rydal-pennsylvania
https://www.ubereats.com/philadelphia/food-delivery/food-from-the-heart/djzIzzMZQbatu_ey7mfIgA,rydal-pennsylvania
https://www.ubereats.com/philadelphia/food-delivery/munchys-pizza-%26-grill/Va08-47NQJKVbr6a7QEvuA,rydal-pennsylvania
https://www.ubereats.com/philadelphia/food-delivery/dunkin-1821-bethlehem-pike/BqaWmEOISqCIm2zJJG6bxA,rydal-pennsylvania
https://www.ubereats.com/philadelphia/food-delivery/primohoagies-1650-limekiln-pike/bTLVohTOQkiK5HM-5igxrQ,rydal-pennsylvania
https://www.ubereats.com/philadelphia/food-delivery/the-persian-grille-hatboro/Y9A41pllTc6XS2_e5dAZvQ,rydal-pennsylvania
https://www.ubereats.com/philadelphia/food-delivery/wawa-8047-10901-bustleton-pike/1NbadWBSRBy7KNBz4aeztg,rydal-pennsylvania
https://www.ubereats.com/philadelphia/food-delivery/shagun-palace/3Rza-EYZTI-Dq8RhhUPRRQ,rydal-pennsylvania
https://www.ubereats.com/philadelphia/food-delivery/the-burger-joint/FAexWekxRjmFmvKNjigTOw,rydal-pennsylvania
https://www.ubereats.com/philadelphia/food-delivery/montys-sandwich-shop/dDm-Jb46T2GTx5wE_XzWMw,rydal-pennsylvania
https://www.ubereats.com/philadelphia/food-delivery/kfc-527-franklin-mills-circle/7SWVVbNOQauYYePeB5tQjg,rydal-pennsylvania
https://www.ubereats.com/philadelphia/food-delivery/originals-italian-restaurant-%26-bar/GSfXLzFWSTmaVQc9nJZF7Q,rydal-pennsylvania
https://www.ubereats.com/philadelphia/food-delivery/the-shake-factory/bnhj9fDMS0umFyJHIHUsmA,rydal-pennsylvania
https://www.ubereats.com/philadelphia/food-delivery/macaronis/yAsbPvhDR2O8M2m8m2wadg,rydal-pennsylvania
https://www.ubereats.com/philadelphia/food-delivery/wawa-8006-6800-rising-sun-ave/hwAcceDATNqBDIfLhtlIVw,rydal-pennsylvania
https://www.ubereats.com/philadelphia/food-delivery/crown-deli-pennypack/D1r-pppnT-WuoRyLdBrVCg,rydal-pennsylvania
https://www.ubereats.com/philadelphia/food-delivery/hunan-wok/NKyW34WUSaW0M9CK8fX57g,rydal-pennsylvania
https://www.ubereats.com/philadelphia/food-delivery/elevation-burger-willow-grove/YCrE5hqLQVGjs2KyZH1S5A,rydal-pennsylvania
https://www.ubereats.com/philadelphia/food-delivery/cold-stone-4013-welsh-road/VrsxcxfAT12GBVtCpa4gyA,rydal-pennsylvania
https://www.ubereats.com/philadelphia/food-delivery/papa-johns-york-rd/AJRgB76WToaH60ZI7vD7Xg,rydal-pennsylvania
https://www.ubereats.com/philadelphia/food-delivery/melany-deli-%26-grill/K6T3uPnzQ8S6XldaIqVwUw,rydal-pennsylvania
https://www.ubereats.com/philadelphia/food-delivery/applebees-9142-roosevelt-blvd/llDvv9f7RrOcc-Hf8NBNxQ,rydal-pennsylvania
https://www.ubereats.com/philadelphia/food-delivery/crack-crab/G51r4as_STqQzC5AAXIDGw,rydal-pennsylvania
https://www.ubereats.com/philadelphia/food-delivery/dunkin-7970-dungan-rd/kcew2QaoT7mQ9JhGz7gOZA,rydal-pennsylvania
https://www.ubereats.com/philadelphia/food-delivery/rising-sun-pizza/NAGOMZMoRCuRbxH40DSTZQ,rydal-pennsylvania
https://www.ubereats.com/philadelphia/food-delivery/rebel-wings-phi04-1/x8BmG_dCTXuXEJcZft0vIQ,rydal-pennsylvania
https://www.ubereats.com/philadelphia/food-delivery/fountainside/T9MbHx3jT3auQPTCLB4OVQ,rydal-pennsylvania
https://www.ubereats.com/philadelphia/food-delivery/applebees-323-old-york-rd/Xg826uD4Srm_SzCBH3Pv_w,rydal-pennsylvania
https://www.ubereats.com/philadelphia/food-delivery/timmy-ds-deli-catering/zPW2wlk8R0GW0g_wccokug,rydal-pennsylvania
https://www.ubereats.com/philadelphia/food-delivery/wendys-501-adams-ave/0tGgPA_8Q7GE6d8xme7nAw,rydal-pennsylvania
https://www.ubereats.com/philadelphia/food-delivery/smoothie-time/OMarP7aDQhqjLQekhf4nuw,rydal-pennsylvania
https://www.ubereats.com/philadelphia/food-delivery/el-bochinche-restaurant/LTI3OixxS6yttwuulCYQIw,rydal-pennsylvania
https://www.ubereats.com/philadelphia/food-delivery/fop-lodge-5/4kBqRba8QbeB9jC92k5v6w,rydal-pennsylvania
https://www.ubereats.com/philadelphia/food-delivery/stolis-steaks/PzP9EilzQkefUPU6pxh1IA,rydal-pennsylvania
https://www.ubereats.com/philadelphia/food-delivery/mod-pizza-warrington/h17_IiXAS96yp5CxQ8AzkA,rydal-pennsylvania
https://www.ubereats.com/philadelphia/food-delivery/queijao-cheese-bread/2DxzCK74S4ieq9Vv3Xq3Xw,rydal-pennsylvania
https://www.ubereats.com/philadelphia/food-delivery/hibachi-of-jenkintown/XViJ35cWR22Lv1cj-_e6pA,rydal-pennsylvania
https://www.ubereats.com/philadelphia/food-delivery/supreme-pizzeria-and-bakery/GKCMEZV2T_-CQ0hd2VgOgA,rydal-pennsylvania
https://www.ubereats.com/philadelphia/food-delivery/boston-market-1776-old-york-road/0whafL0hRwGH6o4TQTB1Gw,rydal-pennsylvania
https://www.ubereats.com/philadelphia/food-delivery/turning-point-of-warrington/llGjNc5ERFi7sbaXqT6NlQ,rydal-pennsylvania
https://www.ubereats.com/philadelphia/food-delivery/stenton-pizza-and-grill/QZu6TjONQqiaV8j5BHmSLQ,rydal-pennsylvania
https://www.ubereats.com/philadelphia/food-delivery/house-of-thai-cuisine/oijgf0OpQIupD0AXr4nORA,rydal-pennsylvania
https://www.ubereats.com/philadelphia/food-delivery/outback-steakhouse-610-old-york-road/afo0PHPqStybgteLv_nqPQ,rydal-pennsylvania
https://www.ubereats.com/philadelphia/food-delivery/lucky-7-fried-chicken/Q6kq7689TBe3W-BoqjRhBA,rydal-pennsylvania
https://www.ubereats.com/philadelphia/food-delivery/franks-steaks-%26-burgers/jILW27JpSOC7OTz7gRUiIQ,rydal-pennsylvania
https://www.ubereats.com/philadelphia/food-delivery/smokey-bandit-barbecue/fv8edljYS9KZQhVpDNpf5Q,rydal-pennsylvania
https://www.ubereats.com/philadelphia/food-delivery/vk-breakfast/fqdm5bbKTc-bKQUkZskWmQ,rydal-pennsylvania
https://www.ubereats.com/philadelphia/food-delivery/tropical-smoothie-cafe-2401-cheltenham-avenue/JuQP7cifQBOumDqLF1D3zA,rydal-pennsylvania
https://www.ubereats.com/philadelphia/food-delivery/wing-squad-huntingdon-valley/UrdqnPkyTEeeWiDuDaEMzQ,rydal-pennsylvania
https://www.ubereats.com/philadelphia/food-delivery/ritas-italian-ice/iThdVm_8QmOP6MJN9Gs5YQ,rydal-pennsylvania
https://www.ubereats.com/philadelphia/food-delivery/mcdixons-burgers-shakes-%26-fries/WQeaePRMRXymuDr6bDhhcA,rydal-pennsylvania
https://www.ubereats.com/philadelphia/food-delivery/classic-sub-shop-and-pizza/NYUtXqr2T3uBVbXW6Yc7pA,rydal-pennsylvania
https://www.ubereats.com/philadelphia/food-delivery/manhattan-bagel-north-wales/IlAxHuFqT2qowRka9Lf8FA,rydal-pennsylvania
https://www.ubereats.com/philadelphia/food-delivery/wingstop-3001-e-cheltenham-ave/yJuEXBVXQSKx7izrOF25BA,rydal-pennsylvania
https://www.ubereats.com/philadelphia/food-delivery/wendys-2100-red-lion-road/jI5vyQ4ESsGvRqsQQQZ-vg,rydal-pennsylvania
https://www.ubereats.com/philadelphia/food-delivery/filas-pizza/KslVkjNXRU2au-GaR8qHfQ,rydal-pennsylvania
https://www.ubereats.com/philadelphia/food-delivery/corner-bakery-cafe-100-welsh-rd/XbFtpIakSx6gucYxJCHs9w,rydal-pennsylvania
https://www.ubereats.com/philadelphia/food-delivery/don-chile-mexican-restaurant/dVwpKsuKQKGcx7I3FPJIBg,rydal-pennsylvania
https://www.ubereats.com/philadelphia/food-delivery/wendys-733-huntingdon-pike/aG8Za1sVTyStCibnegjrCg,rydal-pennsylvania
https://www.ubereats.com/philadelphia/food-delivery/tgi-fridays-659-willow-grove-pa/wzFCt7YFQL6Nhnyce4yhsQ,rydal-pennsylvania
https://www.ubereats.com/philadelphia/food-delivery/mt-fuji-japanese-food-%26-steak/NFakDObITJS367rGC4Ox3A,rydal-pennsylvania
https://www.ubereats.com/philadelphia/food-delivery/the-crab-house/CqAtbUYyQ5-qjbeOhNRlPQ,rydal-pennsylvania
https://www.ubereats.com/philadelphia/food-delivery/pronto-uno-pizza/F5bOnvYqRgmmrupXqqLSag,rydal-pennsylvania
https://www.ubereats.com/philadelphia/food-delivery/king-food/QYehKrHiTXeOnfr-h3G_cg,rydal-pennsylvania
https://www.ubereats.com/philadelphia/food-delivery/the-ice-cream-shop-melrose-park/RxlecBl4Ta6d7WsFVotE-g,rydal-pennsylvania
https://www.ubereats.com/philadelphia/food-delivery/palace-of-asia-pa/Uhlq9fxeQOmt1Pt9OwdDUQ,rydal-pennsylvania
https://www.ubereats.com/philadelphia/food-delivery/giuseppe-pizza-and-family-restaurant/Bxuoo-iPRXyx4SsQnm96Iw,rydal-pennsylvania
https://www.ubereats.com/philadelphia/food-delivery/ristorante-saporino/MqqNGPT-TgqYR2qI0XvtOQ,rydal-pennsylvania
https://www.ubereats.com/philadelphia/food-delivery/dim-sum-factory/CW2mdtRTQOaC3vFliIRHQg,rydal-pennsylvania
https://www.ubereats.com/philadelphia/food-delivery/the-red-rooster-inn/i-vQqGiZRWKsqO9kJ4KhwA,rydal-pennsylvania
https://www.ubereats.com/philadelphia/food-delivery/dagwoods-pub/UiHbhQO2RB6MYtjdakdYWQ,rydal-pennsylvania
https://www.ubereats.com/philadelphia/food-delivery/starbucks-jenkintown/YkCOSb-9Q5-Q3AzNjHwkAQ,rydal-pennsylvania
https://www.ubereats.com/philadelphia/food-delivery/east-cuisine/b820L-CxTAaDCPKY2xX3TQ,rydal-pennsylvania
https://www.ubereats.com/philadelphia/food-delivery/dimension-latin-grill/W630NemySP-K4jdw9J-FbQ,rydal-pennsylvania
https://www.ubereats.com/philadelphia/food-delivery/osaki/sHdX5bX_StiZNFCutESjOw,rydal-pennsylvania
https://www.ubereats.com/philadelphia/food-delivery/guate-gualan-restaurant/r-VlmlfGTqunMFruuvAcsg,rydal-pennsylvania
https://www.ubereats.com/philadelphia/food-delivery/liberty-bell-diner/G-VYsoQ2QEevCx93FmqZxg,rydal-pennsylvania
https://www.ubereats.com/philadelphia/food-delivery/dunkin-1325-e-washington-ln/MSUarorPQf-A5SylrooWlg,rydal-pennsylvania
https://www.ubereats.com/philadelphia/food-delivery/chipotle-mexican-grill-3580-horizon-blvd/p9QT7tipQcicyOpGUCiZjQ,rydal-pennsylvania
https://www.ubereats.com/philadelphia/food-delivery/pf-changs-721-easton-rd/F2qADMHmRxa5mM4wbBnPXg,rydal-pennsylvania
https://www.ubereats.com/philadelphia/food-delivery/buffalo-wild-wings-201-easton-rd-ste-118/do7W6UQwRNmBu0eNXGaOAA,rydal-pennsylvania
https://www.ubereats.com/philadelphia/food-delivery/redz-bar-%26-grill/VU3usvP0RImXZvEa-LZMnw,rydal-pennsylvania
https://www.ubereats.com/philadelphia/food-delivery/roberts-block/VKDZ4tweQAurbDt8kp8fGw,rydal-pennsylvania
https://www.ubereats.com/philadelphia/food-delivery/chill-on-the-hilll/gb5Pc0QCS_Clwtc263IFug,rydal-pennsylvania
https://www.ubereats.com/philadelphia/food-delivery/dunkin-9490-blue-grass-rd/_gkugw3mRTiLcvDtflQ-5w,rydal-pennsylvania
https://www.ubereats.com/philadelphia/food-delivery/tipico-restaurant/PwoLpHqITUuub7OLY8IYTQ,rydal-pennsylvania
https://www.ubereats.com/philadelphia/food-delivery/saladworks-wyncote/AwVcI-xRRHOQoTHTQVy_ZA,rydal-pennsylvania
https://www.ubereats.com/philadelphia/food-delivery/pierogi-factory/RwZqfMh-TfOwZkL5rHOhKA,rydal-pennsylvania
https://www.ubereats.com/philadelphia/food-delivery/wendys-6001-n-broad-st/C5EypfSfTWCyN7NMXcKyug,rydal-pennsylvania
https://www.ubereats.com/philadelphia/food-delivery/thai-kuu/55wecmueRgaJhx__hZvpLA,rydal-pennsylvania
https://www.ubereats.com/philadelphia/food-delivery/queen-pizza/DPQF69SpRt-cp8hZzkfnHQ,rydal-pennsylvania
https://www.ubereats.com/philadelphia/food-delivery/soul-kitchen-5935/CExlBdRMQzCPNl9qWuKFow,rydal-pennsylvania
https://www.ubereats.com/philadelphia/food-delivery/china-moon-8443-frankford-ave/QM03lwvMRXWABDs7vCQJzA,rydal-pennsylvania
https://www.ubereats.com/philadelphia/food-delivery/winstons-cuisine/LzYrRw2YSB6Cz-ZNtcf8wg,rydal-pennsylvania
https://www.ubereats.com/philadelphia/food-delivery/ritas-italian-ice-2311-cottman-ave/iPAqcnwqSL2a7GSQEE05DA,rydal-pennsylvania
https://www.ubereats.com/philadelphia/food-delivery/manhattan-bagel-warrington/rpsEKQOPTRyNRoxjZEq9Gw,rydal-pennsylvania
https://www.ubereats.com/philadelphia/food-delivery/dunkin-8250-ogontz-ave/RSIgn655R6qvyJhgGtOQgw,rydal-pennsylvania
https://www.ubereats.com/philadelphia/food-delivery/relish/yjjJaZqwQ2q0eXh3ImJwQA,rydal-pennsylvania
https://www.ubereats.com/philadelphia/food-delivery/andres-gourmet-burgers-%26-steak-sandwiches/LHgyRvjZRradyfNWv2T4qg,rydal-pennsylvania
https://www.ubereats.com/philadelphia/food-delivery/aji-sushi-take-out/C85D4ZeSReieIjjSKeDLTQ,rydal-pennsylvania
https://www.ubereats.com/philadelphia/food-delivery/no-1-house/YbIDmN4cSgqvgHWocxv1HQ,rydal-pennsylvania
https://www.ubereats.com/philadelphia/food-delivery/utsav-indian-cuisine/LW06j_caQFe2w92U_OttAg,rydal-pennsylvania
https://www.ubereats.com/philadelphia/food-delivery/pizza-slob/_Iv90bpJS5qBNS2A2hZXkQ,rydal-pennsylvania
https://www.ubereats.com/philadelphia/food-delivery/flip-city-shakes/CtlB9oxRR0O4-ePaaQVamw,rydal-pennsylvania
https://www.ubereats.com/philadelphia/food-delivery/saladworks-1321b-fairview-blvd/sTJ6OHRHTayrl95CRIt6dg,rydal-pennsylvania
https://www.ubereats.com/philadelphia/food-delivery/dunkin-1055-york-rd/8sboEEj4RF-1_42KUPX6Nw,rydal-pennsylvania
https://www.ubereats.com/philadelphia/food-delivery/panera-1641-the-fairway/twI8qby3QRSUeJwojb22lA,rydal-pennsylvania
https://www.ubereats.com/philadelphia/food-delivery/dairy-queen-grill-%26-chill-922-2nd-street-pike/AGEboOydTRSZbFfHDloNrA,rydal-pennsylvania
https://www.ubereats.com/philadelphia/food-delivery/phillys-seafood/5795Jg5SRce9zl1vVn3gMg,rydal-pennsylvania
https://www.ubereats.com/philadelphia/food-delivery/saffran-steak-house/D3T4PXRSQ2SxuTExSLT8gw,rydal-pennsylvania
https://www.ubereats.com/philadelphia/food-delivery/oreland-pizza/gKL1wmVtRAmaxn1jodnWHA,rydal-pennsylvania
https://www.ubereats.com/philadelphia/food-delivery/starbucks-grant-%26-academy/9rCmorM1Qmurf9QZJGwJJw,rydal-pennsylvania
https://www.ubereats.com/philadelphia/food-delivery/mayfair-diner/Q7AJq8_SQcK0oLbJcEZeOw,rydal-pennsylvania
https://www.ubereats.com/philadelphia/food-delivery/grill-n-dutchy/ENrrQI6DTqynev3iAMIgpw,rydal-pennsylvania
https://www.ubereats.com/philadelphia/food-delivery/mister-ricks/qzcbNcZiREW3tkSDhEtmUg,rydal-pennsylvania
https://www.ubereats.com/philadelphia/food-delivery/the-ice-cream-shop/nOS9xjjvQAGHCcJtWDcU_A,rydal-pennsylvania
https://www.ubereats.com/philadelphia/food-delivery/jamils-cafe/DOU6effKTimcY7iCGowbiQ,rydal-pennsylvania
https://www.ubereats.com/philadelphia/food-delivery/lees-hoagie-house/4tkqlDGhSmmz2pFSYClTJw,rydal-pennsylvania
https://www.ubereats.com/philadelphia/food-delivery/jamils-cafe/ptiK2Mt4S1WuIKsh2Wv7dw,rydal-pennsylvania
https://www.ubereats.com/philadelphia/food-delivery/american-crab/9UO0xSr9QZmhUfFH13zwlg,rydal-pennsylvania
https://www.ubereats.com/philadelphia/food-delivery/normas-caribbean-cuisine/QVMEdAgfSdawhZEDA7HruQ,rydal-pennsylvania
https://www.ubereats.com/philadelphia/food-delivery/oteris-italian-bakery/tdCFbxvzRvWCeMYBHTuEfQ,rydal-pennsylvania
https://www.ubereats.com/philadelphia/food-delivery/freddys-street-food/rlCEJckuTuqH4ocNFcnh7g,rydal-pennsylvania
https://www.ubereats.com/philadelphia/food-delivery/seorabol-korean-restaurant/uuRS5R1ySE2G_MdTFI03-w,rydal-pennsylvania
https://www.ubereats.com/philadelphia/food-delivery/namaste-indian-bistro/o_j8QX8iTDqLDUn0zjnquQ,rydal-pennsylvania
https://www.ubereats.com/philadelphia/food-delivery/palz-tap-house/BhzyLdm7Ss6Qkw4o9hwCyQ,rydal-pennsylvania
https://www.ubereats.com/philadelphia/food-delivery/philly-pretzel-factory-southampton/pdk9jyCDSv-_vhC4P8yC5Q,rydal-pennsylvania
https://www.ubereats.com/philadelphia/food-delivery/subway-9475-e-roosevelt-blvd/V0qHGe92RQqnadV6_lKN9A,rydal-pennsylvania
https://www.ubereats.com/philadelphia/food-delivery/taste-queen-restaurant/300saCkvTXik6zpgJp3kmg,rydal-pennsylvania
https://www.ubereats.com/philadelphia/food-delivery/red-robin-336-3605-horizon-blvd/yJVwzyiLTLSyvD4l9Ekj-w,rydal-pennsylvania
https://www.ubereats.com/philadelphia/food-delivery/bubbakoos-burritos-philadelphia/XZRuQ2n7R-6tgPP_p-Am7g,rydal-pennsylvania
https://www.ubereats.com/philadelphia/food-delivery/wendys-901-cottman-avenue/GWgitz_JQEK4_qPnFaWnEw,rydal-pennsylvania
https://www.ubereats.com/philadelphia/food-delivery/kfc-161-w-chelten-ave/n-Fv9Nd1QHmz_A15wKU4bQ,rydal-pennsylvania
https://www.ubereats.com/philadelphia/food-delivery/provecho-mexican-grill/y7pvHWh2QNmqzZh_8yJyMw,rydal-pennsylvania
https://www.ubereats.com/philadelphia/food-delivery/applebees-1063-east-street-road/Df2IWcC6QJyI2OX1iBKgWg,rydal-pennsylvania
https://www.ubereats.com/philadelphia/food-delivery/hnt-chicken/GT1qOMDDTcmBKWS7-2KT8g,rydal-pennsylvania
https://www.ubereats.com/philadelphia/food-delivery/new-star-chinese/Xna2Gr1JRaCnvJ36BrerUA,rydal-pennsylvania
https://www.ubereats.com/philadelphia/food-delivery/la-strada-italian-restaurant-byo/jiBexhVbQW6g-VW4VlFO8A,rydal-pennsylvania
https://www.ubereats.com/philadelphia/food-delivery/dunkin-9834-bustleton-ave/4agRfIUUTYiPCBC1E9AFqA,rydal-pennsylvania
https://www.ubereats.com/philadelphia/food-delivery/burger-king-6100-frankford-avenue/TDPE99utS12XbrGCKKnJrg,rydal-pennsylvania
https://www.ubereats.com/philadelphia/food-delivery/pizza-boss/VB920tV5SaavJMUbrYj9WA,rydal-pennsylvania
https://www.ubereats.com/philadelphia/food-delivery/wawa-8063-201-york-rd/_1-45jVdTWeygltbybStgg,rydal-pennsylvania
https://www.ubereats.com/philadelphia/food-delivery/bullseye-burger-house/WUrfFVeHSueKQIUXAA85Sw,rydal-pennsylvania
https://www.ubereats.com/philadelphia/food-delivery/sum-pig/c7dmYB3IRUON76H2ntM0Rw,rydal-pennsylvania
https://www.ubereats.com/philadelphia/food-delivery/kfc-716-adams-ave/DVa9i8KPSCqSniWD55maoQ,rydal-pennsylvania
https://www.ubereats.com/philadelphia/food-delivery/lees-hoagie-house/Uk9K-t_mQxixZf6FpU9Syw,rydal-pennsylvania
https://www.ubereats.com/philadelphia/food-delivery/ogontz-kitchen-chinese-restaurant/JGkiOrBHSWyJDqWNua3u4w,rydal-pennsylvania
https://www.ubereats.com/philadelphia/food-delivery/paddy-whacks-irish-sports-pub-welsh-rd/A1WDm2KORQqc4MrLCQc1WQ,rydal-pennsylvania
https://www.ubereats.com/philadelphia/food-delivery/ritas-of-ambler-100-e-butler-ave/GiCdCsnrQHCxYstIlkUaJQ,rydal-pennsylvania
https://www.ubereats.com/philadelphia/food-delivery/entresabores-puerto-rican-cuisine/910nroWvQHe1oVH3Q6jK3w,rydal-pennsylvania
https://www.ubereats.com/philadelphia/food-delivery/red-wine-restaurant-%26-steakhouse/cocF_d-AQK2BeYUr6wxp3Q,rydal-pennsylvania
https://www.ubereats.com/philadelphia/food-delivery/ice-moon/wtZAfvUfQ7OVu4KROllJMQ,rydal-pennsylvania
https://www.ubereats.com/philadelphia/food-delivery/voix-chinese-japanese-%26-lounge/CCrvXcIbTpWX4WFMj_yEiQ,rydal-pennsylvania
https://www.ubereats.com/philadelphia/food-delivery/ritas-italian-ice-161-byberry-rd/mwW5_4bUQsSeUlqGSrEm8w,rydal-pennsylvania
https://www.ubereats.com/philadelphia/food-delivery/village-deli/BKt6igSBRLiPu4m38_h5qw,rydal-pennsylvania
https://www.ubereats.com/philadelphia/food-delivery/popeyes-cheltenham-ave/nLjtV41OQFerVASXreHiYQ,rydal-pennsylvania
https://www.ubereats.com/philadelphia/food-delivery/little-mans-juice-bar-and-grill/2xwkkiHNQSa0Xng79KfE9w,rydal-pennsylvania
https://www.ubereats.com/philadelphia/food-delivery/tommy-ds/PmBk8LThRTeaTcPg9hKxEQ,rydal-pennsylvania
https://www.ubereats.com/philadelphia/food-delivery/honest-restaurant/VhqCvwArTVmYj23md8Vong,rydal-pennsylvania
https://www.ubereats.com/philadelphia/food-delivery/mcdonalds-feasterville/6ksOGSCgQ6aNyuj0o56qmQ,rydal-pennsylvania
https://www.ubereats.com/philadelphia/food-delivery/wing-spot/dljF6ceORyad0Gh3C1ONkw,rydal-pennsylvania
https://www.ubereats.com/philadelphia/food-delivery/izumi/QyQ9DO4UTsOAs95mb6si8w,rydal-pennsylvania
https://www.ubereats.com/philadelphia/food-delivery/kitchen-bar/cSUewXVIRGqYvdNExNvhNQ,rydal-pennsylvania
https://www.ubereats.com/philadelphia/food-delivery/taco-bell-430-york-rd/_mik6oYzToik9YXDmtRYxQ,rydal-pennsylvania
https://www.ubereats.com/philadelphia/food-delivery/mcdonalds-phil-oxford/IoplHUo-S3KnSJmUpG788g,rydal-pennsylvania
https://www.ubereats.com/philadelphia/food-delivery/ritas-of-elkins-park/4-27wSWvR3atTXXf1C-o7Q,rydal-pennsylvania
https://www.ubereats.com/philadelphia/food-delivery/osteria-saporino/74stAe7uRp-9o_PMBEcfvA,rydal-pennsylvania
https://www.ubereats.com/philadelphia/food-delivery/new-napoli-pizzeria/Am5vG8WPTfihOIj0qVvq2w,rydal-pennsylvania
https://www.ubereats.com/philadelphia/food-delivery/crown-fried-chicken-6051-n-5th-st/na3glqi7Q9WXLuzTbg3VBg,rydal-pennsylvania
https://www.ubereats.com/philadelphia/food-delivery/kays-kitchen/RIhlx6wcR7OFZmKPX-ohbA,rydal-pennsylvania
https://www.ubereats.com/philadelphia/food-delivery/pearls-caribbean/X-H22QJhRFu41mL38T7Raw,rydal-pennsylvania
https://www.ubereats.com/philadelphia/food-delivery/maggios/P-C4D4RjTUSID-WN6uIp_Q,rydal-pennsylvania
https://www.ubereats.com/philadelphia/food-delivery/al-salam-grill/T3HQVfFnT4S1PVhPfTg0Cg,rydal-pennsylvania
https://www.ubereats.com/philadelphia/food-delivery/lil-miss-cupkakes/SJ0BU-QaR1eD_m_SCp-lnA,rydal-pennsylvania
https://www.ubereats.com/philadelphia/food-delivery/chipotle-mexican-grill-25-w-street-rd/Tx1JzzLpTL665TyPvHgg1g,rydal-pennsylvania
https://www.ubereats.com/philadelphia/food-delivery/dunkin-618-welsh-rd/thBRf6BTRb6bDY6mso7X-A,rydal-pennsylvania
https://www.ubereats.com/philadelphia/food-delivery/asian-cafe/iiAlY_NORNe_f2YDXloOhg,rydal-pennsylvania
https://www.ubereats.com/philadelphia/food-delivery/lemon-grass/UVqIRFDMSPq7pTGm97n2tA,rydal-pennsylvania
https://www.ubereats.com/philadelphia/food-delivery/victorias-kitchen-%26-catering/gqdilMcoTN-Euh_iDZHEaw,rydal-pennsylvania
https://www.ubereats.com/philadelphia/food-delivery/dairy-queen-treat-622-welsh-rd/ra-VM1yzTl6D9A0V_fGVqQ,rydal-pennsylvania
https://www.ubereats.com/philadelphia/food-delivery/mcdonalds-castor-%26-naple/qn4u9BJcQq2eVUPt7-kDsw,rydal-pennsylvania
https://www.ubereats.com/philadelphia/food-delivery/sip-station/Pu2SHwNTRm-aogProM4X7g,rydal-pennsylvania
https://www.ubereats.com/philadelphia/food-delivery/yummy-house/gL0fg8_7TtyWTvDI6Vk1Hg,rydal-pennsylvania
https://www.ubereats.com/philadelphia/food-delivery/brazilian-pizzaria/WfSaL3ppS1Ouq032JgxNoQ,rydal-pennsylvania
https://www.ubereats.com/philadelphia/food-delivery/kfc-7350-oxford-avenue/4r595nUIR_SNFq7qql7uXw,rydal-pennsylvania
https://www.ubereats.com/philadelphia/food-delivery/rhawnhurst-cafe/K9Ux4ptdTCSUaockzH5trg,rydal-pennsylvania
https://www.ubereats.com/philadelphia/food-delivery/tonys-place-bar-%26-grille/9GeVnXAvRherjP4ZRiAysA,rydal-pennsylvania
https://www.ubereats.com/philadelphia/food-delivery/primohoagies-272-north-keswick-ave-frnt/k38stKnDT6ibEK9Qm2koYA,rydal-pennsylvania
https://www.ubereats.com/philadelphia/food-delivery/three-monkeys-cafe/GTps0YIhRKuARkRu4clXdg,rydal-pennsylvania
https://www.ubereats.com/philadelphia/food-delivery/dunkin-1035-easton-rd/C2jH4b_nTAaWx5Gn8FQlaw,rydal-pennsylvania
https://www.ubereats.com/philadelphia/food-delivery/dunkin-2998-a-welsh-rd/T4LozuwuRLyFYjoDiTp7OA,rydal-pennsylvania
https://www.ubereats.com/philadelphia/food-delivery/phillys-finest-pizza/1guQXql7REGiNuUEZyfJ8A,rydal-pennsylvania
https://www.ubereats.com/philadelphia/food-delivery/ban-ban-asian-bistro/UT3d03oeRt2gFR9n_yQzEg,rydal-pennsylvania
https://www.ubereats.com/philadelphia/food-delivery/subway-9979-bustleton-ave/yPxMF1uCThuCx_Kp3PDWoA,rydal-pennsylvania
https://www.ubereats.com/philadelphia/food-delivery/the-halal-guys-2550-grant-ave-philadelphia-pa/wPUPoe7vQpy01AG8DKkcng,rydal-pennsylvania
https://www.ubereats.com/philadelphia/food-delivery/el-rinconcito-restaurant-adams/eT3FKf3-Qmu7b0Mbz8_SCg,rydal-pennsylvania
https://www.ubereats.com/philadelphia/food-delivery/joe-%26-tinas-pizzeria-iii/gwnxxRgjQsOyGXVqw_ziTA,rydal-pennsylvania
https://www.ubereats.com/philadelphia/food-delivery/philly-burger-house/FaRp-qBbQ06Ge9opN7iy-A,rydal-pennsylvania
https://www.ubereats.com/philadelphia/food-delivery/tj-smiths/lwbfX3q3SXmQSLFzeGf7cg,rydal-pennsylvania
https://www.ubereats.com/philadelphia/food-delivery/subway-park-ave/XH-ki4aTRBS8nICdm2hBzQ,rydal-pennsylvania
https://www.ubereats.com/philadelphia/food-delivery/dunkin-5401-n-5th-st/UYOKxVJkR8qFBStb2GIy0g,rydal-pennsylvania
https://www.ubereats.com/philadelphia/food-delivery/the-union-tap/8sMlCu9lSHunyx_SVCIJ-Q,rydal-pennsylvania
https://www.ubereats.com/philadelphia/food-delivery/four-seasons-bakery/mb6ZZbA1ScGrtCOO8tVsXw,rydal-pennsylvania
https://www.ubereats.com/philadelphia/food-delivery/the-pizza-pasta-house-ii/1hNTVjjXTKmwgHjzpfGi5A,rydal-pennsylvania
https://www.ubereats.com/philadelphia/food-delivery/wendys-2441-w-cheltenham-avenue/-UgVGXbJQt-tTwuiY4b-pQ,rydal-pennsylvania
https://www.ubereats.com/philadelphia/food-delivery/the-ice-cream-shop/UZ8FN2xGROe6h2blkQj7SA,rydal-pennsylvania
https://www.ubereats.com/philadelphia/food-delivery/poke-bros-feasterville/x-boowCITN-kqneIOM7LsQ,rydal-pennsylvania
https://www.ubereats.com/philadelphia/food-delivery/buutchiis-grille-llc/NX-aB4KtS4mVIkjogTI0_w,rydal-pennsylvania
https://www.ubereats.com/philadelphia/food-delivery/tgi-fridays-629-bensalem-pa/sEeoLJNoQUqEIGX8uSv6GQ,rydal-pennsylvania
https://www.ubereats.com/philadelphia/food-delivery/four-seasons-diner/bfCKBcwEQjqMscxNA3ycPQ,rydal-pennsylvania
https://www.ubereats.com/philadelphia/food-delivery/taco-bell-7855-oxford-ave/dqjDyJkPRGm1qnEt__0EGA,rydal-pennsylvania
https://www.ubereats.com/philadelphia/food-delivery/dunkin-11725-bustleton-ave/PkkVmuXnSyG_Dk-7iYxgog,rydal-pennsylvania
https://www.ubereats.com/philadelphia/food-delivery/red-lion-diner-%26-cafe-llc/M4hMDldsSM-NVFIcREytvw,rydal-pennsylvania
https://www.ubereats.com/philadelphia/food-delivery/house-of-kosher/ItbeZyA4QFqFVl2UgKJrgw,rydal-pennsylvania
https://www.ubereats.com/philadelphia/food-delivery/saladworks-huntingdon-valley/ITAMk1W7SXmhZJpmIu70Eg,rydal-pennsylvania
https://www.ubereats.com/philadelphia/food-delivery/lipkins-bakery/P9G_RjEbSouyyyZklnTqug,rydal-pennsylvania
https://www.ubereats.com/philadelphia/food-delivery/los-potrillos-restaurant/8f90E8-GRHOnsfKh0Y7SQQ,rydal-pennsylvania
https://www.ubereats.com/philadelphia/food-delivery/royal-ashoka-regional-cuisine-of-india/JiDFkPesRW--e1ICGVBy7w,rydal-pennsylvania
https://www.ubereats.com/philadelphia/food-delivery/301-bonefish-grill-1015-easton-rd/Fbl-vaOuRkWPY4Pyv1TJXw,rydal-pennsylvania
https://www.ubereats.com/philadelphia/food-delivery/corfu-pizza/eM9FtwAGSkCTuQthzS-aGg,rydal-pennsylvania
https://www.ubereats.com/philadelphia/food-delivery/dunkin-1630-e-wadsworth-ave/9nXvme29T6CPWVjcA8rteA,rydal-pennsylvania
https://www.ubereats.com/philadelphia/food-delivery/happy-garden/wwQcr_dkRWy62FFP21c6SA,rydal-pennsylvania
https://www.ubereats.com/philadelphia/food-delivery/new-empire-szechuan/2jjuty_ZSMCrL67xrudZXg,rydal-pennsylvania
https://www.ubereats.com/philadelphia/food-delivery/leilas-restaurant-%26-bar/ccYGWV1-TsWvZMYNfbr1pw,rydal-pennsylvania
https://www.ubereats.com/philadelphia/food-delivery/chipotle-mexican-grill-9173-roosevelt-blvd/OSYDvff5RDGgkk8dfmCuOw,rydal-pennsylvania
https://www.ubereats.com/philadelphia/food-delivery/dolce-pizza-ristorante/nK9-hcLkSaiRE7cMGtAvlw,rydal-pennsylvania
https://www.ubereats.com/philadelphia/food-delivery/pearls-caribbean-and-soul-cuisine/6pOD0Z2tRjqehSQHzimojw,rydal-pennsylvania
https://www.ubereats.com/philadelphia/food-delivery/andale-latino-grill/Cm5jtUriRrerjbcJHhVKvA,rydal-pennsylvania
https://www.ubereats.com/philadelphia/food-delivery/sams-deli-and-mini-market/fO8MtQ0RTuiJy4mTvnoAWg,rydal-pennsylvania
https://www.ubereats.com/philadelphia/food-delivery/nile-cafe/MKRQE5jRQ4qmnG27WaMfgw,rydal-pennsylvania
https://www.ubereats.com/philadelphia/food-delivery/pho-ha-saigon/keIHrt3ySoqwfHKqo_kRpA,rydal-pennsylvania
https://www.ubereats.com/philadelphia/food-delivery/little-istanbul-restaurant/A1xwfjbFRe6EU96KYgBndw,rydal-pennsylvania
https://www.ubereats.com/philadelphia/food-delivery/tres-fuegos/gJginzrKRpG-sHixMpEc3g,rydal-pennsylvania
https://www.ubereats.com/philadelphia/food-delivery/dunkin-842-red-lion-rd/jw2OYX5OS0CFa4z4vzMF8Q,rydal-pennsylvania
https://www.ubereats.com/philadelphia/food-delivery/iron-hill-brewery-%26-restaurant-huntingdon-valley/Y3Af3YnnSdqZNAeMYFmPyQ,rydal-pennsylvania
https://www.ubereats.com/philadelphia/food-delivery/the-lucky-well/BcmMn0UqT3Sh-g4hh-j6dg,rydal-pennsylvania
https://www.ubereats.com/philadelphia/food-delivery/ritas-of-limekiln-pike-3322-limekiln-pike/f7wXcrklT3Gvz49tDk9A_w,rydal-pennsylvania
https://www.ubereats.com/philadelphia/food-delivery/chick-fil-a-2500-w-moreland-rd-ste-3066/Is7O2vwlRiKhIXDhKg0OCA,rydal-pennsylvania
https://www.ubereats.com/philadelphia/food-delivery/jinjin-restaurant/RkUhUwy3QIe1zopu2pDSig,rydal-pennsylvania
https://www.ubereats.com/philadelphia/food-delivery/dunkin-15-bustleton-pike/DGFw-dEVSEymWNPNQjIxzw,rydal-pennsylvania
https://www.ubereats.com/philadelphia/food-delivery/red-lobster-9140-roosevelt-blvd-e/ZHsTMpuBTA2FdsmPb7-jiQ,rydal-pennsylvania
https://www.ubereats.com/philadelphia/food-delivery/brunos/IXxfy8aURUG2X2tTmIkUOw,rydal-pennsylvania
https://www.ubereats.com/philadelphia/food-delivery/main-street-pizzeria-and-grille-wyncote/EdbN8UpmQOm8Pb8tl7qNLQ,rydal-pennsylvania
https://www.ubereats.com/philadelphia/food-delivery/chicko-tako/8uew8KCiQXK1cdE0rj7qGg,rydal-pennsylvania
https://www.ubereats.com/philadelphia/food-delivery/krispy-krunchy-chicken/TAVKDc4XT_C7ZEeVnvs2DQ,rydal-pennsylvania
https://www.ubereats.com/philadelphia/food-delivery/cj-custom-catering-and-cafe/kBddUKJuR5inRmZ8TqCknA,rydal-pennsylvania
https://www.ubereats.com/philadelphia/food-delivery/bao-%26-bun-studio/X3tNKNVYTfayi3e2VeuG_Q,rydal-pennsylvania
https://www.ubereats.com/philadelphia/food-delivery/wendys-813-east-county-line-road/iaoJpuEmRf2Osgbfd1dsMQ,rydal-pennsylvania
https://www.ubereats.com/philadelphia/food-delivery/al-sham-bustleton/1e8up_MiRG2QlYUYGpCrVw,rydal-pennsylvania
https://www.ubereats.com/philadelphia/food-delivery/tin-pan-alley-tavern/d0gpn3f9Q3yGg5k-V_kv1w,rydal-pennsylvania
https://www.ubereats.com/philadelphia/food-delivery/baja-fresh-feasterville-trevose/hEl0A53aQuKTacVEQXFwWg,rydal-pennsylvania
https://www.ubereats.com/philadelphia/food-delivery/manhattan-bagel-hatboro/NRVTeaarTDix0p9BRa1NGA,rydal-pennsylvania
https://www.ubereats.com/philadelphia/food-delivery/pho-saigon/AmUP-GXaRJyMaAXBv2Axyw,rydal-pennsylvania
https://www.ubereats.com/philadelphia/food-delivery/papa-johns-easton-road/KNOoOdgIR5eXapJ8urY3Yw,rydal-pennsylvania
https://www.ubereats.com/philadelphia/food-delivery/dunkin-2618-easton-rd/u-5ZB3LuRBupOUZmHzpa1w,rydal-pennsylvania
https://www.ubereats.com/philadelphia/food-delivery/dunkin-3608-welsh-rd/lnUB26QERa25BvaIYYKl5Q,rydal-pennsylvania
https://www.ubereats.com/philadelphia/food-delivery/outback-steakhouse-3240-tillman-drive/gJrkToqPRiyh5HMGFvc4_w,rydal-pennsylvania
https://www.ubereats.com/philadelphia/food-delivery/ritas-italian-ice/Axe3HGfrQy6xtlIKwcCZMg,rydal-pennsylvania
https://www.ubereats.com/philadelphia/food-delivery/dunkin-5301-chew-ave/fClIvHnNSoCM-eNWpGirIg,rydal-pennsylvania
https://www.ubereats.com/philadelphia/food-delivery/moose-%26-goose-barbecue/NJedSYZKTmCxNIpI5HhSLg,rydal-pennsylvania
https://www.ubereats.com/philadelphia/food-delivery/meson-restaurant/vJr3WJv4TmaBbTSf3UMmAw,rydal-pennsylvania
https://www.ubereats.com/philadelphia/food-delivery/ajs-diner/F8V9MO7ATAuxCMkQi13IFA,rydal-pennsylvania
https://www.ubereats.com/philadelphia/food-delivery/hunan-star/m6_6LdgkS1-mujphXLwB0w,rydal-pennsylvania
https://www.ubereats.com/philadelphia/food-delivery/dunkin-2112-county-line-rd/yRek9q1JRGqZZcnTkhrW4g,rydal-pennsylvania
https://www.ubereats.com/philadelphia/food-delivery/dunkin-81-cheltenham-ave/9xFc24QsQ1ee-8V7wGv0uA,rydal-pennsylvania
https://www.ubereats.com/philadelphia/food-delivery/iron-hill-brewery-%26-restaurant-chestnut-hill/vYmb2NZGQPi3wYZRMqHFFg,rydal-pennsylvania
https://www.ubereats.com/philadelphia/food-delivery/omares-irish-pub/KcuAcYANQjWuLPB3AdL7dw,rydal-pennsylvania
https://www.ubereats.com/philadelphia/food-delivery/oxford-breakfast-and-lunch/wfbf4FNfQsaEb4GthK0TRg,rydal-pennsylvania
https://www.ubereats.com/philadelphia/food-delivery/mcdonalds-stenton-%26-haines/yHowlr12SluTpJbyFd_wCA,rydal-pennsylvania
https://www.ubereats.com/philadelphia/food-delivery/millers-ale-house-philadelphia/-6SJUhUsSqmVZ_6ScEwWww,rydal-pennsylvania
https://www.ubereats.com/philadelphia/food-delivery/benny-the-bums/c8iEvhtxQM6BuBwAYMD9SQ,rydal-pennsylvania
https://www.ubereats.com/philadelphia/food-delivery/chef-li-hotpot-%E5%BA%AD%E8%AF%B4%E7%81%AB%E9%94%85/gSd3SOICRamtOHaarLUeCA,rydal-pennsylvania
https://www.ubereats.com/philadelphia/food-delivery/station-wing-house/1XiwqYnLR8iGSdkuXBsGtQ,rydal-pennsylvania
https://www.ubereats.com/philadelphia/food-delivery/hibachi%26poke-express/jbWwKWrASFG4kqVvR7R5Sw,rydal-pennsylvania
https://www.ubereats.com/philadelphia/food-delivery/prince-of-pizza-and-falafel/K6hmUMOBSPKIpX66rXHOtQ,rydal-pennsylvania
https://www.ubereats.com/philadelphia/food-delivery/hook-%26-reel-wyncote/sa-T6DyWTfiIQcRHUqKugg,rydal-pennsylvania
https://www.ubereats.com/philadelphia/food-delivery/kfc-1865-easton-rd/XP-pI0CrSg-Y3ap6tXSsPA,rydal-pennsylvania
https://www.ubereats.com/philadelphia/food-delivery/mcdonalds-abington-york/GupEZlZZR7aSKUFDMQfDfA,rydal-pennsylvania
https://www.ubereats.com/philadelphia/food-delivery/spice-rack/778YhEeuT3q5WwpID3_2CA,rydal-pennsylvania
https://www.ubereats.com/philadelphia/food-delivery/the-sweet-taco-willow-grove/-3Hmbuu1TvW6wB-MGCcmyA,rydal-pennsylvania
https://www.ubereats.com/philadelphia/food-delivery/sabor-de-maria-restaurant/hAwOrWmjQPaAmhmlxuAYAw,rydal-pennsylvania
https://www.ubereats.com/philadelphia/food-delivery/gallo-tropical/KSLDaLhPQKOUWSkJrVQLRw,rydal-pennsylvania
https://www.ubereats.com/philadelphia/food-delivery/ritas-italian-ice-5744-mascher-st/h-v1UPVWTHS7jIpa4xyJnw,rydal-pennsylvania
https://www.ubereats.com/philadelphia/food-delivery/chat-on-chew/lZMejes8QNCLs-HGkRlxkg,rydal-pennsylvania
https://www.ubereats.com/philadelphia/food-delivery/junes-restaurant/LnvxXyEFQQ2TH8oz11ukaw,rydal-pennsylvania
https://www.ubereats.com/philadelphia/food-delivery/p-%26-b-breakfast-and-lunch/gDCA3NAKRniw8Bn-J0x5qA,rydal-pennsylvania
https://www.ubereats.com/philadelphia/food-delivery/o-rei-da-picanha-steak-house/1sMRQQJJQ6mkN_EZJXgPqQ,rydal-pennsylvania
https://www.ubereats.com/philadelphia/food-delivery/wawa-8080-8250-limekiln-pk/qam6SlluRmu3bs9qR5WRVw,rydal-pennsylvania
https://www.ubereats.com/philadelphia/food-delivery/bonnet-lane/3Ve7qjwfT_Sh93XYzbBvJw,rydal-pennsylvania
https://www.ubereats.com/philadelphia/food-delivery/so-korean-grill/pz42Qs5ITxWKFqW0aHrNhQ,rydal-pennsylvania
https://www.ubereats.com/philadelphia/food-delivery/la-casa-di-lucia/bnc4Uo9VRcuVNCc1dGUF6Q,rydal-pennsylvania
https://www.ubereats.com/philadelphia/food-delivery/primohoagies-313-north-york-road/wIXy6PUfQLudVR7UbFRxWA,rydal-pennsylvania
https://www.ubereats.com/philadelphia/food-delivery/emilianos-pizza/CIssMc4ZSZ2PxXqCi81iqg,rydal-pennsylvania
https://www.ubereats.com/philadelphia/food-delivery/wing-city/VYnCBARERByHYhBnF_bnMw,rydal-pennsylvania
https://www.ubereats.com/philadelphia/food-delivery/2nd-street-bagels/rra-NcKxTZqbcGIIAoekXA,rydal-pennsylvania
https://www.ubereats.com/philadelphia/food-delivery/five-guys-pa-0243-864-west-street-rd/NRibMokwRbaZAvnwQmRJCQ,rydal-pennsylvania
https://www.ubereats.com/philadelphia/food-delivery/mod-pizza-willow-grove/KHxIV_XlSs-4XOBzBnVZLA,rydal-pennsylvania
https://www.ubereats.com/philadelphia/food-delivery/the-greene-turtle-north-wales/gyTDHyfpTGaU1FoPR_C0Gw,rydal-pennsylvania
https://www.ubereats.com/philadelphia/food-delivery/the-fig-cafe/BimI2EtQRaykP7m1Exd5DQ,rydal-pennsylvania
https://www.ubereats.com/philadelphia/food-delivery/suds-cheesesteaks-n-beer/aPEz7d4lTTy9GtSCFFUraA,rydal-pennsylvania
https://www.ubereats.com/philadelphia/food-delivery/starbucks-chestnut-hill/cE2UARVzQ5KJ85PJDaoBUw,rydal-pennsylvania
https://www.ubereats.com/philadelphia/food-delivery/rumors-king-of-the-sea/AAANHOwoT7CiiTOKluzWFg,rydal-pennsylvania
https://www.ubereats.com/philadelphia/food-delivery/dim-sum-factory/RcD-8TshRYqmfuwpg8p4KA,rydal-pennsylvania
https://www.ubereats.com/philadelphia/food-delivery/starbucks-red-lion-%26-roosevelt/m3keXzDMTJakqhlNa0MtbA,rydal-pennsylvania
https://www.ubereats.com/philadelphia/food-delivery/osaka-japanese-restaurant/ShVRONYkT9-Rc4WK2IsuUg,rydal-pennsylvania
https://www.ubereats.com/philadelphia/food-delivery/cbg-19134/wRz4df_DSz-nhxKHjWHNjw,rydal-pennsylvania
https://www.ubereats.com/philadelphia/food-delivery/biryani-bowl-indian-cuisine-e-willow-grove/Ji8H_xDgSK2glrcdpwNBmw,rydal-pennsylvania
https://www.ubereats.com/philadelphia/food-delivery/asia-mix-restaurant/-q8_g01zTt6buxJlijKW0w,rydal-pennsylvania
https://www.ubereats.com/philadelphia/food-delivery/red-robin-442-281-easton-road/tP_1qFSdRfWsKxC3qV-sGg,rydal-pennsylvania
https://www.ubereats.com/philadelphia/food-delivery/dreams-ice-cream-at-glenside/YZwsm367TxqpcI9O_7cfkA,rydal-pennsylvania
https://www.ubereats.com/philadelphia/food-delivery/oteris-italian-bakery-frankford-ave/9jRLxGYEQ7uT8-DgmQ3HxA,rydal-pennsylvania
https://www.ubereats.com/philadelphia/food-delivery/amigos-pizza-%26-restaurant-inc/GfVBc1RvT1uP_MkXdxHZxA,rydal-pennsylvania
https://www.ubereats.com/philadelphia/food-delivery/pasquallys-pizza-%26-wings-9175-roosevelt-blvd-%232/ep3Yz37BRoCSMleKQoiRAA,rydal-pennsylvania
https://www.ubereats.com/philadelphia/food-delivery/monsalva/H0u0I6WwSB21Nz303rHJWA,rydal-pennsylvania
https://www.ubereats.com/philadelphia/food-delivery/starbucks-170-w-street-road-feasterville/YMvk0e1LQi6K7A_ZYqvVvg,rydal-pennsylvania
https://www.ubereats.com/philadelphia/food-delivery/california-tortilla-red-lion/Ed-xVJ3JSHuSxnddidSg-w,rydal-pennsylvania
https://www.ubereats.com/philadelphia/food-delivery/just-delish/k_kPrxW5TlebvLUTm3ijqQ,rydal-pennsylvania
https://www.ubereats.com/philadelphia/food-delivery/bottlecaps-bar/8poapx9oREm-SnwaaqjrFQ,rydal-pennsylvania
https://www.ubereats.com/philadelphia/food-delivery/chevys-pizzeria/QqFnuMyATk2wi_Zdc-9r-w,rydal-pennsylvania
https://www.ubereats.com/philadelphia/food-delivery/mcdonalds-philly-8901frank/B-fQpJrRT0O56S8ugih8Ig,rydal-pennsylvania
https://www.ubereats.com/philadelphia/food-delivery/essies-steaks/O8dVlC3vS-KxNYroxSY5Fg,rydal-pennsylvania
https://www.ubereats.com/philadelphia/food-delivery/mcdonalds-franklin-mills/U4m7dhByTSePg0FsYPlLiQ,rydal-pennsylvania
https://www.ubereats.com/philadelphia/food-delivery/south-sea-thai-kitchen/SjLvaKabS7u5oXimrDYt9w,rydal-pennsylvania
https://www.ubereats.com/philadelphia/food-delivery/ritas-italian-ice-136-huntingdon-pike/qoBa_D-cSFW1aA1-NtLTuw,rydal-pennsylvania
https://www.ubereats.com/philadelphia/food-delivery/the-ice-cream-shop/GDQJKZyNQdGPcGxiruLv4Q,rydal-pennsylvania
https://www.ubereats.com/philadelphia/food-delivery/kfc-taco-bell-6417-harbison-ave/GGvo6r0XRoKCJjEegiU4Jg,rydal-pennsylvania
https://www.ubereats.com/philadelphia/food-delivery/bradys-american-pub/Vc-LF4a4To2hkJdMqQPVHg,rydal-pennsylvania
https://www.ubereats.com/philadelphia/food-delivery/wing-house/HAnuhOo3R46-jO9XX7I3QA,rydal-pennsylvania
https://www.ubereats.com/philadelphia/food-delivery/alessios-seafood-grille/vcrO4D_OQ_afMVNAHLvZDQ,rydal-pennsylvania
https://www.ubereats.com/philadelphia/food-delivery/teng-da-asian-fusion/KycXdGETRBKlJP51-Mmw7A,rydal-pennsylvania
https://www.ubereats.com/philadelphia/food-delivery/chipotle-mexican-grill-1673-limekiln-pike/LEBDp9VpSIKU3EY4Nbehzw,rydal-pennsylvania
https://www.ubereats.com/philadelphia/food-delivery/the-taste-of-brazil/APJQe9bTS3WB42Xg54mqfQ,rydal-pennsylvania
https://www.ubereats.com/philadelphia/food-delivery/las-margaritas-southampton/7p7ef25kRderuUH5XAcvLA,rydal-pennsylvania
https://www.ubereats.com/philadelphia/food-delivery/roslyn-pizza/j80DlBqETI2vLo8E__pOkA,rydal-pennsylvania
https://www.ubereats.com/philadelphia/food-delivery/boston-market-6350-roosevelt-blvd/bXS6lBQVTpqudwUWNDup7A,rydal-pennsylvania
https://www.ubereats.com/philadelphia/food-delivery/saladworks-willow-grove/UmO3JvURQGi0OwI3RUJ-yw,rydal-pennsylvania
https://www.ubereats.com/philadelphia/food-delivery/jamba-juice-willow-grove/lY6ijJQ5S0OwfmNeHuWTfQ,rydal-pennsylvania
https://www.ubereats.com/philadelphia/food-delivery/diamante-pizzeria-%26-seafood-house/90UfsmFdTsqO4Bmnzs0zXQ,rydal-pennsylvania
https://www.ubereats.com/philadelphia/food-delivery/kurinji-indian-cuisine/eyGJ2ILVTRehyi08hZPGqA,rydal-pennsylvania
https://www.ubereats.com/philadelphia/food-delivery/bananas-876-bar-and-lounge/bVRMIMXzRByN-Da2SOgfew,rydal-pennsylvania
https://www.ubereats.com/philadelphia/food-delivery/dunkin-1403-w-cheltenham-ave/_hctq_2YQlmj3d63uE3gAg,rydal-pennsylvania
https://www.ubereats.com/philadelphia/food-delivery/philly-pretzel-factory-cottman-ave/IsI1eP1vRxGiddgR1T72PQ,rydal-pennsylvania
https://www.ubereats.com/philadelphia/food-delivery/e-%26-s-mini-market/oL3sSZZiSCGCLMKQnmwupw,rydal-pennsylvania
https://www.ubereats.com/philadelphia/food-delivery/mcdonalds-ogontz/aIbWjnwuREi8BNewfDcP6w,rydal-pennsylvania
https://www.ubereats.com/philadelphia/food-delivery/don-panchito-mexican-grill/QTc0NpEeRHG5ecsxW6MJyw,rydal-pennsylvania
https://www.ubereats.com/philadelphia/food-delivery/audreys-caribbean-kitchen/QQN-wixKQxKjZckC5mlyrg,rydal-pennsylvania
https://www.ubereats.com/philadelphia/food-delivery/dunkin-1713-limekiln-pike/664dXKWvQ3SecJo2owJ9bg,rydal-pennsylvania
https://www.ubereats.com/philadelphia/food-delivery/kfc-6240-stenton-avenue/0kkR6h24RtePwSr2cetDKQ,rydal-pennsylvania
https://www.ubereats.com/philadelphia/food-delivery/from-the-boot-ambler/8sdJFHbjQ5SvXldh5BeyrA,rydal-pennsylvania
https://www.ubereats.com/philadelphia/food-delivery/burger-king-2550-welsh-road/JM_Nib2-SVKBUSKz1urZNA,rydal-pennsylvania
https://www.ubereats.com/philadelphia/food-delivery/pita-pocket-eatery/Z9ATZ8AfTvm_Q3WsxeuTGA,rydal-pennsylvania
https://www.ubereats.com/philadelphia/food-delivery/ottos-brauhaus/qen-QdMQRWSXa5PGvvIw0Q,rydal-pennsylvania
https://www.ubereats.com/philadelphia/food-delivery/texas-chicken-%26-burgers-cottman-ave/4BNzcjCESgC0cnqc6Fc3HQ,rydal-pennsylvania
https://www.ubereats.com/philadelphia/food-delivery/mcdonalds-philly-bustleton/83WVPuKlTjewEOM3CYsfyg,rydal-pennsylvania
https://www.ubereats.com/philadelphia/food-delivery/sushi-x/yQjnGNvoRZ2ftArHUvgcUA,rydal-pennsylvania
https://www.ubereats.com/philadelphia/food-delivery/wendys-1710-limekiln-pike/SJg5fj6-QYG9OPHQAFbyxw,rydal-pennsylvania
https://www.ubereats.com/philadelphia/food-delivery/uva/P7mA8PSsSZGdGqHE5uSGIg,rydal-pennsylvania
https://www.ubereats.com/philadelphia/food-delivery/dunkin-8000-pine-rd/4f2rKH5nTwaooYquD03Qhw,rydal-pennsylvania
https://www.ubereats.com/philadelphia/food-delivery/filaspizza/34thigzhQ5KwQl-NxlTuWw,rydal-pennsylvania
https://www.ubereats.com/philadelphia/food-delivery/the-weldon-soda-fountain/ts7YMcoGRHu4koWMjP717g,rydal-pennsylvania
https://www.ubereats.com/philadelphia/food-delivery/the-pancake-house/hZf1BtxbSvisSIgq67OSIg,rydal-pennsylvania
https://www.ubereats.com/philadelphia/food-delivery/ritas-of-grant-avenue-1709-grant-ave/_ij35M6OSUmqlqtbLCcGfw,rydal-pennsylvania
https://www.ubereats.com/philadelphia/food-delivery/millers-ale-house-willow-grove/KErX-VGgTUaUwzSpkyCUkw,rydal-pennsylvania
https://www.ubereats.com/philadelphia/food-delivery/wasabi-sushi-restaurant/PmGRv2z0T8ybRTR8LLlI2A,rydal-pennsylvania
https://www.ubereats.com/philadelphia/food-delivery/chipotle-mexican-grill-1513-main-st-bldg-500a/M8Ntzkl0QquYt5a32kQ1AA,rydal-pennsylvania
https://www.ubereats.com/philadelphia/food-delivery/red-house/_HPYl4g2Te6J3lM93X9PBA,rydal-pennsylvania
https://www.ubereats.com/philadelphia/food-delivery/sonic-2405-easton-road/feWaXx51Qw-B6mavrS006w,rydal-pennsylvania
https://www.ubereats.com/philadelphia/food-delivery/bbq-chicken-elkins-park-pa/_D1fu_x3RHmEwqrCgKcppw,rydal-pennsylvania
https://www.ubereats.com/philadelphia/food-delivery/nemi-mexican-restaurant/WezxoaP6S7Wzs3GgA19JmQ,rydal-pennsylvania
https://www.ubereats.com/philadelphia/food-delivery/west-avenue-grille-jenkintown-restaurant-%26-catering/5PJCDgP4T9OROd0LDXxoKw,rydal-pennsylvania
https://www.ubereats.com/philadelphia/food-delivery/station-pizza-ll/NuPYbVFvSCuz7iLkZPti8A,rydal-pennsylvania
https://www.ubereats.com/philadelphia/food-delivery/burger-king-9220-frankford-avenue/-9HPqA9lQlSZIfGz9EJfxQ,rydal-pennsylvania
https://www.ubereats.com/philadelphia/food-delivery/wingstop-6391-oxford-ave/riVx01aFQf-5NFR2M1vJHg,rydal-pennsylvania
https://www.ubereats.com/philadelphia/food-delivery/taco-bell-909-2nd-street-pike/5O40jaP3TNaKkRkV_poKKw,rydal-pennsylvania
https://www.ubereats.com/philadelphia/food-delivery/moonstruck-restaurant/Y-vgw9nhSea1Qo-ZV6hdEw,rydal-pennsylvania
https://www.ubereats.com/philadelphia/food-delivery/primohoagies-2417-welsh-rd-ste-12/D07xT14sQoi5NvBc6TjRcw,rydal-pennsylvania
https://www.ubereats.com/philadelphia/food-delivery/sweets%26curry-house/QvxhMr00R_Cc6_xinOmj5w,rydal-pennsylvania
https://www.ubereats.com/philadelphia/food-delivery/starbucks-warminster/07pkSIg2SiabxVB7tTeduQ,rydal-pennsylvania
https://www.ubereats.com/philadelphia/food-delivery/dunkin-6608-frankford-ave/R_ueq8xBQAuyheRmmxe5Qw,rydal-pennsylvania
https://www.ubereats.com/philadelphia/food-delivery/fiddlers-green-tavern/a2ev58AZTauunUPKl59jpQ,rydal-pennsylvania
https://www.ubereats.com/philadelphia/food-delivery/philly-bar-%26-restaurant/FfGo0Jp_TVGvB1TwPM-71Q,rydal-pennsylvania
https://www.ubereats.com/philadelphia/food-delivery/holme-style-pizza/OSycI56PRKeiC8Q6DNqT7w,rydal-pennsylvania
https://www.ubereats.com/philadelphia/food-delivery/stewarts-willow-grove/8sqDgDU8S3qbG7-tHibBPg,rydal-pennsylvania
https://www.ubereats.com/philadelphia/food-delivery/the-grey-lodge-pub/dpKIZdY0SlelJSbAd3jndQ,rydal-pennsylvania
https://www.ubereats.com/philadelphia/food-delivery/taco-bell-9990-roosevelt-blvd/97tDxZhCTGGwgfZOrkNn_A,rydal-pennsylvania
https://www.ubereats.com/philadelphia/food-delivery/mayura-indian-restaurant/u_dZ5ghxSziWJTGQBG-AsA,rydal-pennsylvania
https://www.ubereats.com/philadelphia/food-delivery/saladworks-314-horsham-road/mGwEdvhpTGCd4Nq417UJ2Q,rydal-pennsylvania
https://www.ubereats.com/philadelphia/food-delivery/dunkin-1345-w-olney-ave/98PfkypsQjaEBnGZO4dtoA,rydal-pennsylvania
https://www.ubereats.com/philadelphia/food-delivery/the-fresh-works-holme-avenue/pOWLRdxOTlaJsopAc-mQ1w,rydal-pennsylvania
https://www.ubereats.com/philadelphia/food-delivery/krispy-krunchy-chicken-6865-rising-sun-ave/Go4PwIOEQE-bY4EsNlbgmQ,rydal-pennsylvania
https://www.ubereats.com/philadelphia/food-delivery/ritas-italian-ice-100-e-rockland-st/lNV1fu9GQlyeqFoFVYSOQg,rydal-pennsylvania
https://www.ubereats.com/philadelphia/food-delivery/mcdonalds-woodhaven-plaza/y4GEWfTETOOwU-0Brj1Yew,rydal-pennsylvania
https://www.ubereats.com/philadelphia/food-delivery/crown-fried-chicken-chelten-ave/K4Wf3cThSrSI6ZY1mwnz3A,rydal-pennsylvania
https://www.ubereats.com/philadelphia/food-delivery/qdoba-mexican-eats-100-welsh-rd/ijN1srTrSG2GTZM0NDCb6Q,rydal-pennsylvania
https://www.ubereats.com/philadelphia/food-delivery/circles-hall-inc/e3uNZOEBRiezNS6cj9x-6Q,rydal-pennsylvania
https://www.ubereats.com/philadelphia/food-delivery/picanha-brazilian-grill/blBGmcaVTtiojzkKD83Wrw,rydal-pennsylvania
https://www.ubereats.com/philadelphia/food-delivery/nanas-soul-kitchen-and-catering/lZ-VJqD4S1iqLeBIpiVSjA,rydal-pennsylvania
https://www.ubereats.com/philadelphia/food-delivery/rubys-roof-jamaican-restaurant/fjjNXk1AQUKJ5kHfiXd1pQ,rydal-pennsylvania
https://www.ubereats.com/philadelphia/food-delivery/wawa-183-6919-6935-castor-avenue/34KV_bj-TPa7yJa4Wp6NGQ,rydal-pennsylvania
https://www.ubereats.com/philadelphia/food-delivery/starbucks-huntingdon-valley-shopping-center/SQi6fB9fR9miGKHedrgBHA,rydal-pennsylvania
https://www.ubereats.com/philadelphia/food-delivery/rodney-food-market/H7fzfJKMSg-23qxmaYk8rg,rydal-pennsylvania
https://www.ubereats.com/philadelphia/food-delivery/krispy-krunchy-chicken-easton-road/-VW71Nt5QK28EesZ_EZzWw,rydal-pennsylvania
https://www.ubereats.com/philadelphia/food-delivery/m%26j-market-%26-deli/nxN7wXp-RXCfn2cHcIs3Ng,rydal-pennsylvania
https://www.ubereats.com/philadelphia/food-delivery/carrabbas-2575-maryland-road/7gTahVdOTxmskc3kcod0XQ,rydal-pennsylvania
https://www.ubereats.com/philadelphia/food-delivery/chef-vargas-breakfast/Ie7JjZ7WR_eKzIw78qxWqw,rydal-pennsylvania
https://www.ubereats.com/philadelphia/food-delivery/china-taste/2KU3USWpRAmctknxTGlpEQ,rydal-pennsylvania
https://www.ubereats.com/philadelphia/food-delivery/spanish-island/hCbPjslyTG-uptP6FtMdRQ,rydal-pennsylvania
https://www.ubereats.com/philadelphia/food-delivery/richmans-ice-cream-%26-burger-co/RUh_pCtCRL6jMOM9Jy5c5Q,rydal-pennsylvania
https://www.ubereats.com/philadelphia/food-delivery/all-the-way-live/QBuapbjlRIKV1zOe8A5jXw,rydal-pennsylvania
https://www.ubereats.com/philadelphia/food-delivery/buffalo-wild-wings-9701-roosevelt-blvd/gFuh4aiiSgq3pmPjI65_9g,rydal-pennsylvania
https://www.ubereats.com/philadelphia/food-delivery/subway-8080-old-york-rd/lk30C0rHQ2CTJS529wsrLw,rydal-pennsylvania
https://www.ubereats.com/philadelphia/food-delivery/georgian-bread-%26-cuisine/FEU0qyirTcirw6oZ-iZ1cg,rydal-pennsylvania
https://www.ubereats.com/philadelphia/food-delivery/panasian-japanese-food/voItaxA_Sp2PYUfzomuisg,rydal-pennsylvania
https://www.ubereats.com/philadelphia/food-delivery/arbys-4208-us-route-130/Q1i5JwswREaPEY7zUdK4ZQ,rydal-pennsylvania
https://www.ubereats.com/philadelphia/food-delivery/la-calenita-bakery-cafe/5ph_uj_nSZ2NqowwN-xA1g,rydal-pennsylvania
https://www.ubereats.com/philadelphia/food-delivery/soul-of-africa-restaurant/SxC_M4KcR-KM36uGwyqXEQ,rydal-pennsylvania
https://www.ubereats.com/philadelphia/food-delivery/mega-quality-pizza-and-restaurant/2aUuBs-USGu6YQdXKQm2Rg,rydal-pennsylvania
https://www.ubereats.com/philadelphia/food-delivery/lees-hoagie-house/hB5u4VZ_QgOAVSe6x5gDNA,rydal-pennsylvania
https://www.ubereats.com/philadelphia/food-delivery/saladworks-2385-w-cheltenham-avenue/p0xyAvglR2ujbGRuFmXQDQ,rydal-pennsylvania
https://www.ubereats.com/philadelphia/food-delivery/krispy-krunchy-chicken-808-south-york-road/B7TLdQ2nQy-QOeDvHZCbYw,rydal-pennsylvania
https://www.ubereats.com/philadelphia/food-delivery/soul-food-near-me/xyquLQhoR56q-mUjkesYvQ,rydal-pennsylvania
https://www.ubereats.com/philadelphia/food-delivery/dunkin-7512-bustleton-ave/tGJs3JCcR-yMyr-Zf5kZww,rydal-pennsylvania
https://www.ubereats.com/philadelphia/food-delivery/philly-caribbean-cuisine/FMN3HN4ATK-pgaNuTIgf3A,rydal-pennsylvania
https://www.ubereats.com/philadelphia/food-delivery/lemoncello/me2FUMviRLu-CtLTSoFHMg,rydal-pennsylvania
https://www.ubereats.com/philadelphia/food-delivery/philly-pretzel-factory-glenside/NsF67kMFQEmyc5rCsJ5z0Q,rydal-pennsylvania
https://www.ubereats.com/philadelphia/food-delivery/judah-mediterranean-grill/QBDHDS9lSTW42C87UByTHA,rydal-pennsylvania
https://www.ubereats.com/philadelphia/food-delivery/la-corita-taco-shop/7eO4vQt5SH2N6vzJiPyjeQ,rydal-pennsylvania
https://www.ubereats.com/philadelphia/food-delivery/white-elephant-restaurant/Dwe1MhU3RqSQwVFYYQc-Cg,rydal-pennsylvania
https://www.ubereats.com/philadelphia/food-delivery/luhv-vegan-bistro/u7jw7j4kSS-W3rcTz-_Qpw,rydal-pennsylvania
https://www.ubereats.com/philadelphia/food-delivery/vic-sushi-%26-thai-cuisine/ZdN3xrcuRqaDBTfoipzhNg,rydal-pennsylvania
https://www.ubereats.com/philadelphia/food-delivery/kabobi/J5skPbJmRbSIIB5RyBeLXQ,rydal-pennsylvania
https://www.ubereats.com/philadelphia/food-delivery/qq-chinese-restaurant/noSLE56iTxaEj_cCeWthMg,rydal-pennsylvania
https://www.ubereats.com/philadelphia/food-delivery/on-the-border-neshaminy/b1V0OYG0QseHJBZDK12CnA,rydal-pennsylvania
https://www.ubereats.com/philadelphia/food-delivery/24-7-desserts/dnPKYK2iQjGj0F_xLetfpA,rydal-pennsylvania
https://www.ubereats.com/philadelphia/food-delivery/manhattan-bagel-philadelphia/IGP9uerXTK6zq5vi848CXg,rydal-pennsylvania
https://www.ubereats.com/philadelphia/food-delivery/mcdonalds-hatboro-old-yk/FGuPFIj8TT-fJpJthmoWnw,rydal-pennsylvania
https://www.ubereats.com/philadelphia/food-delivery/ritz-diner/I1zgSmEmTUGj5QTLyMk3ng,rydal-pennsylvania
https://www.ubereats.com/philadelphia/food-delivery/dunkin-2327-cottman-ave/rcs9fmCKQTe39nOoPwx4UQ,rydal-pennsylvania
https://www.ubereats.com/philadelphia/food-delivery/mythai-kitchen/A-96meu8QOOJ2DCHq9qNuA,rydal-pennsylvania
https://www.ubereats.com/philadelphia/food-delivery/auntie-annes-2500-w-moreland-rd-ste-fc1/Q7GJjUg9Qp-9JEMZeqQdTQ,rydal-pennsylvania
https://www.ubereats.com/philadelphia/food-delivery/five-brothers-bakery-restaurant/hBhCnBSERhKaN-XhZGwZeg,rydal-pennsylvania
https://www.ubereats.com/philadelphia/food-delivery/bruno-s-pizza/kCcyL_LAQy64h20VwnwYcg,rydal-pennsylvania
https://www.ubereats.com/philadelphia/food-delivery/kfc-9201-roosevelt-blvd/6BEGOuKATLiU_Xl0NuyjmA,rydal-pennsylvania
https://www.ubereats.com/philadelphia/food-delivery/philly-pretzel-factory-broad-%26-olney/DZn2HoEYTCS6LcLD3C4isg,rydal-pennsylvania
https://www.ubereats.com/philadelphia/food-delivery/grove-stove/K-d3M9y_Sy61Tu3BIOOVLw,rydal-pennsylvania
https://www.ubereats.com/philadelphia/food-delivery/dunkin-937-easton-rd/edDwKCu9SQm-z_jVVW55JA,rydal-pennsylvania
https://www.ubereats.com/philadelphia/food-delivery/mcdonalds-dresher/wLA2WUJ5RE6CXoQaLJwPQA,rydal-pennsylvania
https://www.ubereats.com/philadelphia/food-delivery/burgerim-711-easton/nWZA5qQ0Q7691xqsm-kozg,rydal-pennsylvania
https://www.ubereats.com/philadelphia/food-delivery/pupuseria-sabor-latino/wB6m7qWyR1C_ttUiEsN6ug,rydal-pennsylvania
https://www.ubereats.com/philadelphia/food-delivery/stewarts-all-american/7W_vVz0tR-qzACXiKBsdcg,rydal-pennsylvania
https://www.ubereats.com/philadelphia/food-delivery/sang-kee-asian-kitchen/irRxEescSW6jSssw7p5Guw,rydal-pennsylvania
https://www.ubereats.com/philadelphia/food-delivery/dunkin-6017-n-broad-st/y9Q-da_qQNetpAM1TkOnOg,rydal-pennsylvania
https://www.ubereats.com/philadelphia/food-delivery/hao-tea/X9FY768HRd6GXw7g9rTWtQ,rydal-pennsylvania
https://www.ubereats.com/philadelphia/food-delivery/r-%26-y-bakery-ii-inc/4SFu6GjmSV2RfRkHK8LhKQ,rydal-pennsylvania
https://www.ubereats.com/philadelphia/food-delivery/halligans-pub/usu2B17HT8uVGsq-lsT13w,rydal-pennsylvania
https://www.ubereats.com/philadelphia/food-delivery/cym-island-kitchen/9q4yCk8uToGQ_lFQtaBiyQ,rydal-pennsylvania
https://www.ubereats.com/philadelphia/food-delivery/fuji-asian/abZHpa0KSL21HQ1pgGdlBg,rydal-pennsylvania
https://www.ubereats.com/philadelphia/food-delivery/jamaican-ds/koOzIO4lREifBbmlzoi9nQ,rydal-pennsylvania
https://www.ubereats.com/philadelphia/food-delivery/union-tacos-bethlehem-pike/RHwGmh5nTO2whpU0jZez6A,rydal-pennsylvania
https://www.ubereats.com/philadelphia/food-delivery/chef-vargas/lk-kJAUAQCWENZZPVGgNCQ,rydal-pennsylvania
https://www.ubereats.com/philadelphia/food-delivery/manhattan-bagel-willow-grove-200-york-rd/vvd4PV8aSFqzRzLtTLmXmg,rydal-pennsylvania
https://www.ubereats.com/philadelphia/food-delivery/panera-30-park-avenue/RyeIQbDqSQiqppTFz0VKxg,rydal-pennsylvania
https://www.ubereats.com/philadelphia/food-delivery/country-club-restaurant-%26-pastry-shop/BMsM3PB6RVifpFpzP8CyKQ,rydal-pennsylvania
https://www.ubereats.com/philadelphia/food-delivery/sol-luna-tea-room-and-hookah-lounge/RmlCYIHKQO2G5BS7ZLohEA,rydal-pennsylvania
https://www.ubereats.com/philadelphia/food-delivery/2nd-street-pike-grill/O5mF--2rRse6F4iwLYwYSQ,rydal-pennsylvania
https://www.ubereats.com/philadelphia/food-delivery/bertuccis-huntingdon-valley/MWTeYsGrSVKEGx7GxAzCJQ,rydal-pennsylvania
https://www.ubereats.com/philadelphia/food-delivery/moes-southwest-grill-648-easton-rd/HXsanlCpToC5R5mKjryuyA,rydal-pennsylvania
https://www.ubereats.com/philadelphia/food-delivery/perkins-restaurant-%26-bakery-grant-ave/B-0_MA2iSQmYj8-EGw4BMA,rydal-pennsylvania
https://www.ubereats.com/philadelphia/food-delivery/qdoba-mexican-eats-261-old-york-rd/c1BEw520TWKplnZ2Z8jc8A,rydal-pennsylvania
https://www.ubereats.com/philadelphia/food-delivery/dunkin-5901-rising-sun-ave/zm8ofe3mTy28feirPe80wA,rydal-pennsylvania
https://www.ubereats.com/philadelphia/food-delivery/la-pergola/hwpYC67TTIaijvdRbMIcXg,rydal-pennsylvania
https://www.ubereats.com/philadelphia/food-delivery/wawa-8064-3341-grant-avenue/rr-mxALyT-W_jVkRG1YejQ,rydal-pennsylvania
https://www.ubereats.com/philadelphia/food-delivery/manhattan-bagel-feasterville/CSjb79Y2SVGoQXjtQd_NbQ,rydal-pennsylvania
https://www.ubereats.com/philadelphia/food-delivery/moon/-Ko0Uu3pTairnFaQrf3SRg,rydal-pennsylvania
https://www.ubereats.com/philadelphia/food-delivery/mi-provocon/eYIRmMDFQJuybAp4sGi5VA,rydal-pennsylvania
https://www.ubereats.com/philadelphia/food-delivery/woks-cooking/SB95yaRATnK7goED0IKbYA,rydal-pennsylvania
https://www.ubereats.com/philadelphia/food-delivery/muscle-maker-grill-grant-ave/kRz8GDH_QH6N9S6x0aqYbQ,rydal-pennsylvania
https://www.ubereats.com/philadelphia/food-delivery/los-potrillos-food-truck/fB6ez1DxQW6AytoOpy1fKg,rydal-pennsylvania
https://www.ubereats.com/philadelphia/food-delivery/menchies-frozen-yogurt-9173-roosevelt-blvd/ZuGj6fLZRTmBfOoVrLDDYA,rydal-pennsylvania
https://www.ubereats.com/philadelphia/food-delivery/vinces-deli-2-inc/WHpWxvhKS1q1EJ55wrO3hA,rydal-pennsylvania
https://www.ubereats.com/philadelphia/food-delivery/brick-house-tavern-%2B-tap-2402-easton-road/TOsDeLInRZ6uHAri3ENRuA,rydal-pennsylvania
https://www.ubereats.com/philadelphia/food-delivery/kyoto-sushi-%26-japanese-steakhouse/XjMaUQyHQZqj_svGuVkgmw,rydal-pennsylvania
https://www.ubereats.com/philadelphia/food-delivery/shaunas-restaurant-%26-banquet-hall/3puuZmO3SIygxsxod7PXSA,rydal-pennsylvania
https://www.ubereats.com/philadelphia/food-delivery/dunkin-520-w-pennsylvania-ave/rEqsNMCvQTmP5JXvmhO-nA,rydal-pennsylvania
https://www.ubereats.com/philadelphia/food-delivery/philly-pretzel-factory-abington/q50vJtk5SPa4yBHzTUTL_A,rydal-pennsylvania
https://www.ubereats.com/philadelphia/food-delivery/kfc-8140-ogontz-ave/5pMcGnurToyBf9KMPB2LmQ,rydal-pennsylvania
https://www.ubereats.com/philadelphia/food-delivery/starbucks-dresher/ZXJnZpv7RnCZIN2xLrOXQA,rydal-pennsylvania
https://www.ubereats.com/philadelphia/food-delivery/factory-donuts/HAp7Y8PKSjOndbEvfuKFxw,rydal-pennsylvania
https://www.ubereats.com/philadelphia/food-delivery/zoes-kitchen-151-york-road/kmO6K3fMQyWZGf6PEpQmVQ,rydal-pennsylvania
https://www.ubereats.com/philadelphia/food-delivery/lepore-ba-q/p4HaJz_iR3-jUOfoP8-fFA,rydal-pennsylvania
https://www.ubereats.com/philadelphia/food-delivery/fresh-garden/UVzTV_AbRw-khBvYqcjKVA,rydal-pennsylvania
https://www.ubereats.com/philadelphia/food-delivery/magie-noodles-%E7%99%BE%E5%91%B3%E6%8B%89%E9%9D%A2/_4Q2zTfIQ3Wu0Tn0JndBCA,rydal-pennsylvania
https://www.ubereats.com/philadelphia/food-delivery/curds-and-whey/_VF0qnSCTVSB9EuSPLLblA,rydal-pennsylvania
https://www.ubereats.com/philadelphia/food-delivery/panda-express-3570-horizon-blvd/NeCLEoySSWuwlBTU95pylw,rydal-pennsylvania
https://www.ubereats.com/philadelphia/food-delivery/puff-spot/OyYt-28QSRK6lFj1nxl__w,rydal-pennsylvania
https://www.ubereats.com/philadelphia/food-delivery/richmans-ice-cream-%26-burger-co-glenside/fIfC0YvMSSqEk5Uxo_ztmw,rydal-pennsylvania
https://www.ubereats.com/philadelphia/food-delivery/wendys-2301-cottman-avenue/rsGZqTUHSby7SBPFTo8Vng,rydal-pennsylvania
https://www.ubereats.com/philadelphia/food-delivery/great-deal-deli/gJEM1TZ4Sd6PD8fzH3baPA,rydal-pennsylvania
https://www.ubereats.com/philadelphia/food-delivery/taco-bell-7500-bustleton-avenue/zC3_wPjcSNu1LR8VuMThgw,rydal-pennsylvania
https://www.ubereats.com/philadelphia/food-delivery/taco-bell-499-franklin-mills-circle/iF7PhW4MTnqp4UPX2BA1Ow,rydal-pennsylvania
https://www.ubereats.com/philadelphia/food-delivery/pecado-colombiano/WYHQApLLQsmQ5sGTQdiucg,rydal-pennsylvania
https://www.ubereats.com/philadelphia/food-delivery/mcdonalds-torresdale-ave-1/dtOb3K1-Qlqrfb3-iTIFFA,rydal-pennsylvania
https://www.ubereats.com/philadelphia/food-delivery/tiffin-indian-cuisine-york-rd/rC_aZ3s8SmacENPbr49U1A,rydal-pennsylvania
https://www.ubereats.com/philadelphia/food-delivery/wit-or-witout/6_gXFBQVQdqGVZwgd3r-nQ,rydal-pennsylvania
https://www.ubereats.com/philadelphia/food-delivery/mcdonalds-southampton/z6Yhfs7OQq6Avuj9mKOiUg,rydal-pennsylvania
https://www.ubereats.com/philadelphia/food-delivery/johnny-famous-pizza/RmKdPqokRvCzdPgu7bJblg,rydal-pennsylvania
https://www.ubereats.com/philadelphia/food-delivery/c-%26-d-deli/xLcrnpXaQRKX_bEhIGb5YA,rydal-pennsylvania
https://www.ubereats.com/philadelphia/food-delivery/chickies-%26-petes-roosevelt-blvd/feEoj8v_TcaFEUlxKZ5dVQ,rydal-pennsylvania
https://www.ubereats.com/philadelphia/food-delivery/super-fratellis-pizza-2/5SeEwUS8T8CoXbFotcoEtw,rydal-pennsylvania
https://www.ubereats.com/philadelphia/food-delivery/kfc-9021-frankford-avenue/jNhZyyq4RN6OIsccQD6ykA,rydal-pennsylvania
https://www.ubereats.com/philadelphia/food-delivery/stolis-steaks/-vHPNrvyTseRnsLZFBbV-w,rydal-pennsylvania
https://www.ubereats.com/philadelphia/food-delivery/tashias-cocktails-and-cuisine/u24w8ZYUS_GIbL-QJa6bjA,rydal-pennsylvania
https://www.ubereats.com/philadelphia/food-delivery/the-general/LHNdBKGgQ7Cax5hv7FLTAw,rydal-pennsylvania
https://www.ubereats.com/philadelphia/food-delivery/leos-proper-burger/IKWtskJARw-vAVGjsVK1hA,rydal-pennsylvania
https://www.ubereats.com/philadelphia/food-delivery/nutz-about-popcorn/QtGwJAC-RkGbYjOYMPbKDA,rydal-pennsylvania
https://www.ubereats.com/philadelphia/food-delivery/country-house-diner/nt8UsHbxSx2lbbiLO_ePaA,rydal-pennsylvania
https://www.ubereats.com/philadelphia/food-delivery/paradise-jamaican-restaurant/XQT6z2NZRP-x1AAFmEFOlQ,rydal-pennsylvania
https://www.ubereats.com/philadelphia/food-delivery/friendlys-168-easton-rd/GyyhfoWcRpqPQrN3bZu2sA,rydal-pennsylvania
https://www.ubereats.com/philadelphia/food-delivery/masala-zone/QPirlIvRR5WdXHT9UZi5QA,rydal-pennsylvania
https://www.ubereats.com/philadelphia/food-delivery/el-poquito/sGrB4f4uRkmnet6rU7MyWw,rydal-pennsylvania
https://www.ubereats.com/philadelphia/food-delivery/no-1-china/0Oe6-LieQT-SDY0ZVMyAtA,rydal-pennsylvania
https://www.ubereats.com/philadelphia/food-delivery/chipotle-mexican-grill-1437-old-york-rd/wMoF5J6BRlmC_cVatZjO4A,rydal-pennsylvania
https://www.ubereats.com/philadelphia/food-delivery/big-ben-pizza/E2RJe_0HQ16mXZzIu20png,rydal-pennsylvania
https://www.ubereats.com/philadelphia/food-delivery/five-guys-pa-1329-2552-grant-ave/ujXwbAs9Qcu2aoo_sIuHYQ,rydal-pennsylvania
https://www.ubereats.com/philadelphia/food-delivery/cj-custom-american-grille/aohoMTwjTK64ZreKa-50eQ,rydal-pennsylvania
https://www.ubereats.com/philadelphia/food-delivery/chipotle-mexican-grill-2618-w-moreland-rd/ywcW8PUcSEK7wJlKkdUDBw,rydal-pennsylvania
https://www.ubereats.com/philadelphia/food-delivery/dunkin-230-s-easton-rd/L_lxmdj1R36Gu-mOU-0dMg,rydal-pennsylvania
https://www.ubereats.com/philadelphia/food-delivery/dunkin-8113-stenton-ave/nKkAAZGsSHaksiVxjuFdMg,rydal-pennsylvania
https://www.ubereats.com/philadelphia/food-delivery/american-eclectic-burger-phi04-1/I5PG843xSO6di7_Ybk8xSQ,rydal-pennsylvania
https://www.ubereats.com/philadelphia/food-delivery/mcdonalds-horsham-easton/-_OeDtrjRDOKyivPCnyQyQ,rydal-pennsylvania
https://www.ubereats.com/philadelphia/food-delivery/enigma-mediterranean-turkish-cuisine/DoEkuO3PSVuhK5ka4SqqfQ,rydal-pennsylvania
https://www.ubereats.com/philadelphia/food-delivery/chipotle-mexican-grill-2401-w-cheltenham-ave-ste-220/Hcvh0386QACNcuYWlFRTRQ,rydal-pennsylvania
https://www.ubereats.com/philadelphia/food-delivery/el-rey-del-oro/E47DOpK8QDuouIK3cVAcJg,rydal-pennsylvania
