url,city
https://www.ubereats.com/nyc-suburbs/food-delivery/bravo-peru-takeout/KRfiLh1hSMmLIMdnSyOVFA,rye-brook-new-york
https://www.ubereats.com/nyc-suburbs/food-delivery/wingstop-port-chester-abendroth-ave/e_AI-xjNQM24fV5VEUMMAQ,rye-brook-new-york
https://www.ubereats.com/nyc-suburbs/food-delivery/starbucks-cos-cob/pPy2zmWTSve0ZtR13FnrCw,rye-brook-new-york
https://www.ubereats.com/nyc-suburbs/food-delivery/the-old-house-restaurant/JFU0CFNVQnGv7loY5EERcA,rye-brook-new-york
https://www.ubereats.com/nyc-suburbs/food-delivery/puebla-grill/454MNhllTSmOJZAEsd28nQ,rye-brook-new-york
https://www.ubereats.com/nyc-suburbs/food-delivery/bgood-greenwich/K8vINCNrT0S1tZW1TXwKGA,rye-brook-new-york
https://www.ubereats.com/nyc-suburbs/food-delivery/casa-ditalia/793A73oAQNy54l3fbI52hQ,rye-brook-new-york
https://www.ubereats.com/connecticut/food-delivery/dimitris-gyro-grill-harrison/_Tq3j67yTfuP5AtnEbTYdg,rye-brook-new-york
https://www.ubereats.com/nyc-suburbs/food-delivery/harbour-house-coffee-shop/-Gp6adOPRheYsCiMdWstdQ,rye-brook-new-york
https://www.ubereats.com/nyc-suburbs/food-delivery/halstead-ave-taqueria/6OBmpbj1RS-to5Z8DnfRKQ,rye-brook-new-york
https://www.ubereats.com/nyc-suburbs/food-delivery/delicias-arellano/jHZvr3ZzTYiJw1LCA98QzA,rye-brook-new-york
https://www.ubereats.com/nyc-suburbs/food-delivery/prima-deli-%26-catering/RbRxFUJiQHyHUy3ceNKhHA,rye-brook-new-york
https://www.ubereats.com/nyc-suburbs/food-delivery/pelliccis-restaurant/-ZjGrXznQiOirNgjLECn_Q,rye-brook-new-york
https://www.ubereats.com/connecticut/food-delivery/asian-legend/GYlbxsr9TJakgfqMWpGsmg,rye-brook-new-york
https://www.ubereats.com/nyc-suburbs/food-delivery/durian-thai-food/djUTP89ZT2mlQ_0pYCQ2CQ,rye-brook-new-york
https://www.ubereats.com/nyc-suburbs/food-delivery/mcdonalds-greenwich-putnam/Zk3TUqRpS1iABV-joSN7EA,rye-brook-new-york
https://www.ubereats.com/nyc-suburbs/food-delivery/gyu-kaku-japanese-bbq-white-plains/ADCbgyEyRrOtb-tEB1rVOg,rye-brook-new-york
https://www.ubereats.com/nyc-suburbs/food-delivery/gin-ban-asian-bistro-%26-sushi-bar/IWmblFGrTKy3zNS7kJ9J9Q,rye-brook-new-york
https://www.ubereats.com/nyc-suburbs/food-delivery/tredici-north/ggIlcnUbT7i1gTvBbQ21OA,rye-brook-new-york
https://www.ubereats.com/nyc-suburbs/food-delivery/longfords-ice-cream-rye/WjsvMYl0R_SD0nZcEPYIZw,rye-brook-new-york
https://www.ubereats.com/nyc-suburbs/food-delivery/the-halal-guys-the-galleria-mall-100-main-street/11wxJCTyTCS5oRyNFhKmYg,rye-brook-new-york
https://www.ubereats.com/nyc-suburbs/food-delivery/dunkin-295-midland-ave/NP9Lfun5TkS0ZfXCormUkw,rye-brook-new-york
https://www.ubereats.com/nyc-suburbs/food-delivery/tsuru-japanese-cuisine/yH7WilnMQ0yjAo6Id5tHqw,rye-brook-new-york
https://www.ubereats.com/nyc-suburbs/food-delivery/wood-and-fire/MFvchbUDQtiE2bEBNN4zyA,rye-brook-new-york
https://www.ubereats.com/nyc-suburbs/food-delivery/prime-an-american-kitchen-and-bar/1nrv9KkORjqIAAj_3ypoVQ,rye-brook-new-york
https://www.ubereats.com/nyc-suburbs/food-delivery/moonlight-on-the-ave/c0nzpFf1TaWSDILS398gTA,rye-brook-new-york
https://www.ubereats.com/nyc-suburbs/food-delivery/boston-market-1345-e-putnam-avenue/P_O1aDV4R-in5I6jkNHXzg,rye-brook-new-york
https://www.ubereats.com/nyc-suburbs/food-delivery/dunkin-3000-merritt-parkway/pA5N4gHCQY2sp0i5igku6g,rye-brook-new-york
https://www.ubereats.com/nyc-suburbs/food-delivery/something-natural-greenwich/QuELu2CURASznc25sX4PUw,rye-brook-new-york
https://www.ubereats.com/connecticut/food-delivery/durian-thai-food/djUTP89ZT2mlQ_0pYCQ2CQ,rye-brook-new-york
https://www.ubereats.com/connecticut/food-delivery/freshii-375-greenwich-avenue/MuQrpChxTMibh0QIJFhckQ,rye-brook-new-york
https://www.ubereats.com/nyc-suburbs/food-delivery/douro-restaurant-bar/DwL1V3P2TuKrHqNfplYkdg,rye-brook-new-york
https://www.ubereats.com/nyc-suburbs/food-delivery/16-handles-stamford/eU6bvO_mQsGWNR1tDn9IgQ,rye-brook-new-york
https://www.ubereats.com/nyc-suburbs/food-delivery/copper-house/B-n0PRTST72auI6SXpRSWA,rye-brook-new-york
https://www.ubereats.com/nyc-suburbs/food-delivery/wings-express/ZeU3MSw_Qlej5YQe4XbtDA,rye-brook-new-york
https://www.ubereats.com/nyc-suburbs/food-delivery/the-pureganic-cafe/3mrhIpV5Rkm-MV-ji0b7gQ,rye-brook-new-york
https://www.ubereats.com/nyc-suburbs/food-delivery/appetit-bistro/bli-o3tFSBa7rLoP7zoyjQ,rye-brook-new-york
https://www.ubereats.com/nyc-suburbs/food-delivery/papa-johns-pizza-port-chester/R1BPWl9mTeyudktOAyqnWg,rye-brook-new-york
https://www.ubereats.com/nyc-suburbs/food-delivery/pats-deli/hUKhcAgvRxqUu5viXKqdRA,rye-brook-new-york
https://www.ubereats.com/nyc-suburbs/food-delivery/utica-pie-co/iJGEhlgSSs22W9xYdkFyxA,rye-brook-new-york
https://www.ubereats.com/nyc-suburbs/food-delivery/piccolo/iEh3gz3YR_qR8xzqcL_6cA,rye-brook-new-york
https://www.ubereats.com/connecticut/food-delivery/starbucks-cos-cob/pPy2zmWTSve0ZtR13FnrCw,rye-brook-new-york
https://www.ubereats.com/nyc-suburbs/food-delivery/adas-kitchen-%2B-coffee/FLZ3mXkFQmeoR-kYVSqwHw,rye-brook-new-york
https://www.ubereats.com/connecticut/food-delivery/good-to-go-rye/gihP_3exSo6DC-aXkMHYbA,rye-brook-new-york
https://www.ubereats.com/nyc-suburbs/food-delivery/acuario-restaurant/n4FcxHXtTzSWK7X1ITXJuw,rye-brook-new-york
https://www.ubereats.com/nyc-suburbs/food-delivery/mad-donuts/EKgwmMEJT0qOuCLWdOXZGg,rye-brook-new-york
https://www.ubereats.com/nyc-suburbs/food-delivery/aqui-es-santa-fe/e3FsbYV-QZu5YMwqSvLz8g,rye-brook-new-york
https://www.ubereats.com/connecticut/food-delivery/india-avenue/7KtJKwzaQ-ORUZPQM8m3zw,rye-brook-new-york
https://www.ubereats.com/nyc-suburbs/food-delivery/villa-rustica/7GZ7gDydQR6l1_j1W0BUPQ,rye-brook-new-york
https://www.ubereats.com/nyc-suburbs/food-delivery/sals-pizzeria/bxvabFOwRwSPxYpKo4YQKA,rye-brook-new-york
https://www.ubereats.com/nyc-suburbs/food-delivery/mcdonalds-port-chester-boston-post-rd/wF5MAj5IS96UADMsEB2jxg,rye-brook-new-york
https://www.ubereats.com/nyc-suburbs/food-delivery/planet-pizza-white-plains/XcJjXQFKT6uson0huvlDvg,rye-brook-new-york
https://www.ubereats.com/nyc-suburbs/food-delivery/the-bagel-emporium-port-chester/yBoJH7dvSQOGnRBpGLQgMg,rye-brook-new-york
https://www.ubereats.com/nyc-suburbs/food-delivery/the-roaster-cafe/7v9FoxdgSxWvJhroy4koEA,rye-brook-new-york
https://www.ubereats.com/nyc-suburbs/food-delivery/starbucks-west-stamford-plaza/XuvysXBJSZuwA-PsxupjIQ,rye-brook-new-york
https://www.ubereats.com/nyc-suburbs/food-delivery/trattoria-632/4BXHDZbpRTu1WF1vbNGqeQ,rye-brook-new-york
https://www.ubereats.com/nyc-suburbs/food-delivery/la-chapincita/NfWhA0HpTvWX2DSse8HjOQ,rye-brook-new-york
https://www.ubereats.com/nyc-suburbs/food-delivery/taco-shack/4-xoL8tVRNa67H6JlBx6NQ,rye-brook-new-york
https://www.ubereats.com/nyc-suburbs/food-delivery/green-%26-tonic-cos-cob/Xu2hGlx1S-qAXh6ZH5gDfQ,rye-brook-new-york
https://www.ubereats.com/nyc-suburbs/food-delivery/rye-house/a3VpIWagTieYOQWxinXZ2A,rye-brook-new-york
https://www.ubereats.com/nyc-suburbs/food-delivery/poppys-cafe/QaczVaDxQM-gam3sCmyU3g,rye-brook-new-york
https://www.ubereats.com/nyc-suburbs/food-delivery/kalbi-house/9kE04WfBT5Of5RAd7SDy9A,rye-brook-new-york
https://www.ubereats.com/nyc-suburbs/food-delivery/coyote-flaco-port-chester/Vk85ByVhQqG7MR8HW4Forw,rye-brook-new-york
https://www.ubereats.com/nyc-suburbs/food-delivery/jersey-mikes-subs-1245-east-putnam-ave/9NAcfe6nR6eHqoIo_Lyi9A,rye-brook-new-york
https://www.ubereats.com/nyc-suburbs/food-delivery/garden-catering-mamaroneck/KOyAbJwXTa6DWEo7C3NslA,rye-brook-new-york
https://www.ubereats.com/connecticut/food-delivery/little-thai-kitchen-greenwich/mB3d49wySTSbs1imxO7y9g,rye-brook-new-york
https://www.ubereats.com/nyc-suburbs/food-delivery/dunkin-271-w-putnam-ave/UwJlvh15QYekSpc70vLdng,rye-brook-new-york
https://www.ubereats.com/nyc-suburbs/food-delivery/16-handles-white-plains/KhX5HSXRQBm7L9-Gq0W1nw,rye-brook-new-york
https://www.ubereats.com/nyc-suburbs/food-delivery/subway-1996-w-main-st/83-ZaoIhSG6vUlK2A_Xlvg,rye-brook-new-york
https://www.ubereats.com/nyc-suburbs/food-delivery/pemberwick-x-change-deli/bOcJhWWzQCGCYbcB83vKcA,rye-brook-new-york
https://www.ubereats.com/nyc-suburbs/food-delivery/anthonys-deli/1HkpHoO_T0SyBsTdPNLu_A,rye-brook-new-york
https://www.ubereats.com/nyc-suburbs/food-delivery/lago-ristorante-white-plains/-v0tdHtIQHSJ4sFrbFLF-Q,rye-brook-new-york
https://www.ubereats.com/nyc-suburbs/food-delivery/the-souvlaki-truck/3FZF5lc_Q8K3q2p6VnKbBw,rye-brook-new-york
https://www.ubereats.com/nyc-suburbs/food-delivery/fez-turkish-meze/bcXt8QMsTaKgHYvlbY3zHw,rye-brook-new-york
https://www.ubereats.com/connecticut/food-delivery/china-house/NYyCvquoTy-tGgGLiVYXKg,rye-brook-new-york
https://www.ubereats.com/connecticut/food-delivery/asiana-bistro/eM1hMp6-Ra2fMj3u6u82_w,rye-brook-new-york
https://www.ubereats.com/nyc-suburbs/food-delivery/el-rincon-de-maria/MHiG86s_QD6tG3-iq-xwfw,rye-brook-new-york
https://www.ubereats.com/nyc-suburbs/food-delivery/buddha-japanese-steak-house/8OIadaDpSqSX5glEvLYFqQ,rye-brook-new-york
https://www.ubereats.com/nyc-suburbs/food-delivery/spicy-shallot-2/d89T_jEhTB2Hw1DTi_BvOw,rye-brook-new-york
https://www.ubereats.com/nyc-suburbs/food-delivery/ambadi-kebab-%26-grill/QsB1u8FVT_SxrK4dxBUHTQ,rye-brook-new-york
https://www.ubereats.com/nyc-suburbs/food-delivery/lyon-park-deli/cs4a8QRmQKydz-ll5P_wtQ,rye-brook-new-york
https://www.ubereats.com/nyc-suburbs/food-delivery/off-the-rail/R3-Tj--XRImikFIGx1uD6A,rye-brook-new-york
https://www.ubereats.com/nyc-suburbs/food-delivery/pureganic-organic-vegan/PPquuH3oQ2KM2J6e0z57Xw,rye-brook-new-york
https://www.ubereats.com/nyc-suburbs/food-delivery/port-chester-seafood/ITgD8kkHQZikcFMrh0UEZw,rye-brook-new-york
https://www.ubereats.com/connecticut/food-delivery/asiana-cafe-greenwich-ct/67OhHAa8Tl6-fD8h8wEW0w,rye-brook-new-york
https://www.ubereats.com/nyc-suburbs/food-delivery/melissa-buffet-%26-deli/Gbcw6lSeRu6kszQCBTOR4w,rye-brook-new-york
https://www.ubereats.com/nyc-suburbs/food-delivery/back-country-bar-%26-bbq/XsWMtf_bT6mRuOFpBD6Wxg,rye-brook-new-york
https://www.ubereats.com/nyc-suburbs/food-delivery/fantasy-cuisine/6QQlSv6DQ5-nnHL_UYmusA,rye-brook-new-york
https://www.ubereats.com/nyc-suburbs/food-delivery/poke-sushi-dumpling/rmUAjo89Q-ukq1CPJRDMGQ,rye-brook-new-york
https://www.ubereats.com/connecticut/food-delivery/little-thai-kitchen-darien/b04RXGh_Txi3qnh9qaj2_w,rye-brook-new-york
https://www.ubereats.com/nyc-suburbs/food-delivery/coast-seafood-restaurant-%26-bar/j7G6eMnCR5mQtw8kmQzNug,rye-brook-new-york
https://www.ubereats.com/nyc-suburbs/food-delivery/gaucho-burger-company/OaffcXSeR6uHP5cbVzkW8A,rye-brook-new-york
https://www.ubereats.com/nyc-suburbs/food-delivery/dennys-buffet/nwnSVWzkREaljdYyqneahQ,rye-brook-new-york
https://www.ubereats.com/nyc-suburbs/food-delivery/stamford-salad-co/tSp88tyVSGOj3Y0J5TI4eA,rye-brook-new-york
https://www.ubereats.com/nyc-suburbs/food-delivery/tgi-fridays-548-white-plains-ny/OX6i7GYVRPqfAt3Gtfko5Q,rye-brook-new-york
https://www.ubereats.com/nyc-suburbs/food-delivery/freshii-375-greenwich-avenue/MuQrpChxTMibh0QIJFhckQ,rye-brook-new-york
https://www.ubereats.com/nyc-suburbs/food-delivery/glory-days-diner-restaurant/Mjm7MLBvQ6ma3wY32LEHig,rye-brook-new-york
https://www.ubereats.com/nyc-suburbs/food-delivery/port-chester-coach-diner/WdEZia20TCW7mfVmNpB5bw,rye-brook-new-york
https://www.ubereats.com/nyc-suburbs/food-delivery/anthony-deli/h9DrDlw6SXmigLpy82qhVg,rye-brook-new-york
https://www.ubereats.com/connecticut/food-delivery/sals-pastry-shop/l2rxLRE8QMCH2Q5mM-r4cQ,rye-brook-new-york
https://www.ubereats.com/nyc-suburbs/food-delivery/little-thai-kitchen-greenwich/mB3d49wySTSbs1imxO7y9g,rye-brook-new-york
https://www.ubereats.com/nyc-suburbs/food-delivery/tomatillo-taco-joint-greenwich/abh-CUUbSxC1x1oGdW-Ieg,rye-brook-new-york
https://www.ubereats.com/nyc-suburbs/food-delivery/gyro-gyro/ftqkMWP1RwuZwrwd_e0jhQ,rye-brook-new-york
https://www.ubereats.com/nyc-suburbs/food-delivery/subway-262-boston-post-rd/Xrcyx0bMQN2d4L-QXzfEWA,rye-brook-new-york
https://www.ubereats.com/nyc-suburbs/food-delivery/raasa/LztUuERGRf-W9xqNaY3K0g,rye-brook-new-york
https://www.ubereats.com/nyc-suburbs/food-delivery/taqueria-la-frontera/ZZ09kXLLQtWVNr2ulw9lFA,rye-brook-new-york
https://www.ubereats.com/nyc-suburbs/food-delivery/royal-palace/tHaIAw-dSUGEXS3l2iK2aA,rye-brook-new-york
https://www.ubereats.com/nyc-suburbs/food-delivery/burger-king-260-boston-post-road/FjGPkdr9Qt2_almbV1Sgrg,rye-brook-new-york
https://www.ubereats.com/nyc-suburbs/food-delivery/cos-cob-pizza/Ghc0pUunTQ6jVyC18xAN1g,rye-brook-new-york
https://www.ubereats.com/nyc-suburbs/food-delivery/taqueria-la-picardia/zNS2vAEhTRyGs-oy6PNqbg,rye-brook-new-york
https://www.ubereats.com/nyc-suburbs/food-delivery/buddha-asian-bistro-%26-hibachi/-PX0JpSESKeKWwn7wkH0BA,rye-brook-new-york
https://www.ubereats.com/nyc-suburbs/food-delivery/mcdonalds-riverside-putnam/RlXorCacS56m0lzPTCIzjA,rye-brook-new-york
https://www.ubereats.com/nyc-suburbs/food-delivery/rockridge-dei/9UyH7-EYTF6tpMGa1OfRAA,rye-brook-new-york
https://www.ubereats.com/connecticut/food-delivery/poke-sushi-dumpling/rmUAjo89Q-ukq1CPJRDMGQ,rye-brook-new-york
https://www.ubereats.com/connecticut/food-delivery/paleteria-fernandez/yQqHd9-5TNmRO5Cxf-noOQ,rye-brook-new-york
https://www.ubereats.com/nyc-suburbs/food-delivery/gateway-foods-holding-inc/TIErUOAtR0airNpro2sX0A,rye-brook-new-york
https://www.ubereats.com/nyc-suburbs/food-delivery/auntie-annes-125-westchester-avenue-%23925/uLG28tr5RjK5KIL0qzKpeA,rye-brook-new-york
https://www.ubereats.com/connecticut/food-delivery/the-souvlaki-truck/3FZF5lc_Q8K3q2p6VnKbBw,rye-brook-new-york
https://www.ubereats.com/nyc-suburbs/food-delivery/starbucks-riverside-commons/dHaUqL1ERKSmN1Lufjlgpg,rye-brook-new-york
https://www.ubereats.com/nyc-suburbs/food-delivery/elmsford-fish-house/hwlnGgJUQEOlLgwc4Riwzw,rye-brook-new-york
https://www.ubereats.com/nyc-suburbs/food-delivery/buffalo-wild-wings-1-mamaronek-avenue/LEa6HVofQTazeobk6qbS7Q,rye-brook-new-york
https://www.ubereats.com/nyc-suburbs/food-delivery/purchase-country-market/UU910aOpSYCvRRSzdc8XPg,rye-brook-new-york
https://www.ubereats.com/nyc-suburbs/food-delivery/beach-house-cafe/4MsOu5kyRBCnfVJrTcRghA,rye-brook-new-york
https://www.ubereats.com/nyc-suburbs/food-delivery/venice-pizza-%26-trattoria/qSk3Rul0RQiZIWEmyTqeIQ,rye-brook-new-york
https://www.ubereats.com/nyc-suburbs/food-delivery/veronica-restaurant/l99zJcFKQFGterIHQ7LOVw,rye-brook-new-york
https://www.ubereats.com/nyc-suburbs/food-delivery/great-wall-restaurant/YqP0HEv4SxqqSiYunHTYDg,rye-brook-new-york
https://www.ubereats.com/nyc-suburbs/food-delivery/frankie-%26-johnnies-steakhouse/e5CIb0PrTAG2W_csQn0Buw,rye-brook-new-york
https://www.ubereats.com/nyc-suburbs/food-delivery/dunkin-427-e-boston-post-rd/0kGFsj7bTnuuw5hKRFA8dQ,rye-brook-new-york
https://www.ubereats.com/nyc-suburbs/food-delivery/trax-side-cafe/L4aYqRBVRyKf97x9nfq0YA,rye-brook-new-york
https://www.ubereats.com/nyc-suburbs/food-delivery/ramen-musashi-scarsdale/IfBU7PtrT_m4ETXm1b6qNA,rye-brook-new-york
https://www.ubereats.com/nyc-suburbs/food-delivery/main-st-gourmet-deli/x6TYoK1ySp-MBehbEBOtAg,rye-brook-new-york
https://www.ubereats.com/nyc-suburbs/food-delivery/a%26s-fine-foods/VXDeFvoXRWOpuv49HdW28A,rye-brook-new-york
https://www.ubereats.com/nyc-suburbs/food-delivery/gabriellas/f5U-7IOVRReEv9mFeKzfeg,rye-brook-new-york
https://www.ubereats.com/nyc-suburbs/food-delivery/el-palacio-de-los-mariscos/flPLJOpvR_yA2R6RLV9bAA,rye-brook-new-york
https://www.ubereats.com/nyc-suburbs/food-delivery/abis-japanese-traditional-cuisine/94veQQlYS-COwhX4-Nd33Q,rye-brook-new-york
https://www.ubereats.com/connecticut/food-delivery/starbucks-putnam-plaza/Ql_TojXoSkO3KGH4tdmzuw,rye-brook-new-york
https://www.ubereats.com/nyc-suburbs/food-delivery/char-restaurant/RA29H8GfRkqCFMR1R9Asmg,rye-brook-new-york
https://www.ubereats.com/nyc-suburbs/food-delivery/open-rice/NTSY73fhQQiyka-uTvMh0g,rye-brook-new-york
https://www.ubereats.com/nyc-suburbs/food-delivery/cafe-oolala/8yMZUsBOSI-6rQhRDvq5gw,rye-brook-new-york
https://www.ubereats.com/nyc-suburbs/food-delivery/the-cos-cobber/LLPW7Zh8SqSIrK45ZglkPA,rye-brook-new-york
https://www.ubereats.com/nyc-suburbs/food-delivery/cava-3-rye-ridge-plaza/ELawdiQvQNevZR5jhahe1g,rye-brook-new-york
https://www.ubereats.com/nyc-suburbs/food-delivery/laylas-falafel-high-ridge/uOz2MkurS8asSAbULjmIOQ,rye-brook-new-york
https://www.ubereats.com/connecticut/food-delivery/starbucks-greenwich/4r4hlBKISKGAidmMIvPgJg,rye-brook-new-york
https://www.ubereats.com/nyc-suburbs/food-delivery/hollywood-chicken-dominican-restaurant/fa68O7reTQODphalI1jiug,rye-brook-new-york
https://www.ubereats.com/nyc-suburbs/food-delivery/village-creamery-%26-sweet-shop/6g8TOtCrRtayYq1b1zLaug,rye-brook-new-york
https://www.ubereats.com/nyc-suburbs/food-delivery/starbucks-putnam-plaza/Ql_TojXoSkO3KGH4tdmzuw,rye-brook-new-york
https://www.ubereats.com/nyc-suburbs/food-delivery/kotobuki-japanese-cuisine/J8LDfl3CTNa86-0GsRerUg,rye-brook-new-york
https://www.ubereats.com/connecticut/food-delivery/starbucks-rye/-1Cc-ZkqSfu6tROrTNQpwQ,rye-brook-new-york
https://www.ubereats.com/nyc-suburbs/food-delivery/johns-of-arthur-avenue-port-chester/fSYmJj5pTEOAhME41hpGzg,rye-brook-new-york
https://www.ubereats.com/nyc-suburbs/food-delivery/garden-catering-old-greenwich/MkRWn-nFTFyxmgmzjRNMTA,rye-brook-new-york
https://www.ubereats.com/nyc-suburbs/food-delivery/dunkin-260-halstead-ave/5lokPwjBSMy5Vfrbr-OIOg,rye-brook-new-york
https://www.ubereats.com/nyc-suburbs/food-delivery/pollo-a-la-brasa-pios-restaurant/4G4s_1UGQ9-ffnmzwONBMQ,rye-brook-new-york
https://www.ubereats.com/nyc-suburbs/food-delivery/westover-pizzeria-ll/hNt8k_KHRAa1oCS2J7PoTg,rye-brook-new-york
https://www.ubereats.com/nyc-suburbs/food-delivery/bosphorus-restaurant/xjKqUk7iRSarzh2VqcRcMA,rye-brook-new-york
https://www.ubereats.com/nyc-suburbs/food-delivery/little-mumbai-market/fCQpQ_9kRB6wQqqFy0AQlw,rye-brook-new-york
https://www.ubereats.com/nyc-suburbs/food-delivery/aurora/GpAF3sqXQ8uyUEfM1N3Ieg,rye-brook-new-york
https://www.ubereats.com/nyc-suburbs/food-delivery/judys-bar-and-kitchen/8v7IQCk8Q1qEIisssNfx7g,rye-brook-new-york
https://www.ubereats.com/nyc-suburbs/food-delivery/aria-fusion/sLA8AzTHRd2RcW-cmlRhFg,rye-brook-new-york
https://www.ubereats.com/connecticut/food-delivery/little-buddha/cAuGiWrSTzm5hyD7GFA2Fw,rye-brook-new-york
https://www.ubereats.com/nyc-suburbs/food-delivery/supper/7KWOYErATZqoBtnxmpkaKQ,rye-brook-new-york
https://www.ubereats.com/nyc-suburbs/food-delivery/michaels-pizza-%26-pasta/77sVwGn1TU-pD08Wf-90GQ,rye-brook-new-york
https://www.ubereats.com/nyc-suburbs/food-delivery/papi-between-main-and-bank-street/9tiErDTeQ8KInzcjSz7uWA,rye-brook-new-york
https://www.ubereats.com/nyc-suburbs/food-delivery/turkish-cuisine/t2xnU0hgT5mBdsVUHWfkKg,rye-brook-new-york
https://www.ubereats.com/nyc-suburbs/food-delivery/lillys/dKigndr7Q46Ak-I1V35s6g,rye-brook-new-york
https://www.ubereats.com/nyc-suburbs/food-delivery/tous-les-jours-hartsdale/A89F9_1gSu-zq4rUWF2Wlg,rye-brook-new-york
https://www.ubereats.com/connecticut/food-delivery/gyro-gyro/ftqkMWP1RwuZwrwd_e0jhQ,rye-brook-new-york
https://www.ubereats.com/nyc-suburbs/food-delivery/chigo/ohDmQlXwT4Ktxl1kANqHwA,rye-brook-new-york
https://www.ubereats.com/nyc-suburbs/food-delivery/bollywood-grill/SUHLVeOvRR2A91R1fEIN3g,rye-brook-new-york
https://www.ubereats.com/nyc-suburbs/food-delivery/taco-bell-303-boston-post-rd/RR1YjHx3RKmrM8Y_OvM7hw,rye-brook-new-york
https://www.ubereats.com/nyc-suburbs/food-delivery/the-rye-roadhouse/C-BZNQKOTIaUe1tZP5ksOw,rye-brook-new-york
https://www.ubereats.com/nyc-suburbs/food-delivery/cava-129-w-putnam-ave/AgAyTEr9QDKfhtu9uWGSrQ,rye-brook-new-york
https://www.ubereats.com/nyc-suburbs/food-delivery/hollywood-chicken-%26-international-foods/ocQeyMu2RfeXdStjF8VvTQ,rye-brook-new-york
https://www.ubereats.com/nyc-suburbs/food-delivery/dunkin-50-mamaroneck-ave/d-6P7i7ZRzqA9wtUYjd9sQ,rye-brook-new-york
https://www.ubereats.com/nyc-suburbs/food-delivery/el-parralito-2/QvMGu_A_Sa6S12vYOrVEjQ,rye-brook-new-york
https://www.ubereats.com/nyc-suburbs/food-delivery/bistro-versailles-%26-patisserie/b3ThRdI4SaGYCiRo2Fx94A,rye-brook-new-york
https://www.ubereats.com/nyc-suburbs/food-delivery/silver-lake-asian-fusion-%26-sushi-bar/hVfFMhFVSr-eQO-EaivDzw,rye-brook-new-york
https://www.ubereats.com/connecticut/food-delivery/nikos-greek-taverna/ruYOu12LQKyLZeGSL04SsA,rye-brook-new-york
https://www.ubereats.com/nyc-suburbs/food-delivery/salsa-picante/LdaIWi-mR_y2-2XzQHF38Q,rye-brook-new-york
https://www.ubereats.com/connecticut/food-delivery/gin-ban-asian-bistro-%26-sushi-bar/IWmblFGrTKy3zNS7kJ9J9Q,rye-brook-new-york
https://www.ubereats.com/nyc-suburbs/food-delivery/planet-pizza-greenwich/Fkbr8calT5O5cBhUdLBv_Q,rye-brook-new-york
https://www.ubereats.com/nyc-suburbs/food-delivery/makis-food-and-juice-bar/wbRHZo74TxeVnnVQawzG7Q,rye-brook-new-york
https://www.ubereats.com/nyc-suburbs/food-delivery/kfc-west-main/823UoWpRSdC_k1yuPJCekQ,rye-brook-new-york
https://www.ubereats.com/nyc-suburbs/food-delivery/mediterraneo-greenwich/qjOaJDa7R4Scp1DC6ashxg,rye-brook-new-york
https://www.ubereats.com/nyc-suburbs/food-delivery/cold-stone-creamery-1109-high-ridge-road/I6LEZpQzTgaHnXiAzR02hQ,rye-brook-new-york
https://www.ubereats.com/nyc-suburbs/food-delivery/chipotle-mexican-grill-250-main-st-ste-101/_rMafc31Q7KMXFrAfAi12Q,rye-brook-new-york
https://www.ubereats.com/nyc-suburbs/food-delivery/dunkin-425-central-park-ave/9iEbV9fJQjq-TurIh2xugQ,rye-brook-new-york
https://www.ubereats.com/nyc-suburbs/food-delivery/fiorentinos-little-luigis-pizza/ZmJIMU3iQw6IvEJBT6TpDw,rye-brook-new-york
https://www.ubereats.com/nyc-suburbs/food-delivery/kfc-taco-bell-350-saw-mill-river-road/DlRIOQL3QxK_6kEkCeo35w,rye-brook-new-york
https://www.ubereats.com/nyc-suburbs/food-delivery/espositos-ristorante-%26-pizzeria-ii/rsB9nrKbQwCRSTUvSOpCdQ,rye-brook-new-york
https://www.ubereats.com/nyc-suburbs/food-delivery/273-kitchen/bLzf4pqjTyisJfsvagtDPw,rye-brook-new-york
https://www.ubereats.com/nyc-suburbs/food-delivery/rafele-rye-purchase-st/5E4yqX_9Q06ceLgJ73CBNw,rye-brook-new-york
https://www.ubereats.com/nyc-suburbs/food-delivery/el-tio/3wm48fNCQY-F0DacKSlO6g,rye-brook-new-york
https://www.ubereats.com/nyc-suburbs/food-delivery/gofer-ice-cream-stamford/HoMTvV_gQfugJGW9zv_igg,rye-brook-new-york
https://www.ubereats.com/nyc-suburbs/food-delivery/garden-catering-hamilton-avenue/irdiU0UZSniAicdjm7ZznA,rye-brook-new-york
https://www.ubereats.com/nyc-suburbs/food-delivery/jewel-of-himalaya/8ntcxFIZS-uvWopgC2o3nw,rye-brook-new-york
https://www.ubereats.com/nyc-suburbs/food-delivery/quattro-pazzi/Iv_BNFKqQx-cSc5BrvwzFw,rye-brook-new-york
https://www.ubereats.com/nyc-suburbs/food-delivery/gordos-north/25CSHipNTQeYWpnWfGI3xg,rye-brook-new-york
https://www.ubereats.com/nyc-suburbs/food-delivery/small-village-cafe/12uPw93lTj2sZX0KgOx_fA,rye-brook-new-york
https://www.ubereats.com/nyc-suburbs/food-delivery/carvel-604-north-main-street-%26-route-1/ggDTxxYPQ0Sed2ZjCGXr2Q,rye-brook-new-york
https://www.ubereats.com/nyc-suburbs/food-delivery/szechuan-garden-chinese-restaurant/xMzArOa3SYmY4dt_knd-rw,rye-brook-new-york
https://www.ubereats.com/connecticut/food-delivery/steam-greenwich/RcX0luTHTo6xY8EEzy_khw,rye-brook-new-york
https://www.ubereats.com/nyc-suburbs/food-delivery/smokehouse-tailgate-grill/UdfVKmg5S-WA5URaA-7vjQ,rye-brook-new-york
https://www.ubereats.com/nyc-suburbs/food-delivery/sweet-charlies/nDo4G89FTqCgEdBISZstzg,rye-brook-new-york
https://www.ubereats.com/nyc-suburbs/food-delivery/wellingtons-soup-shack/K8309wJGSlWwFJFKmK5feA,rye-brook-new-york
https://www.ubereats.com/nyc-suburbs/food-delivery/taco-bell-751-east-main-street/LM8u4SDbSDez69B-8Q9xIw,rye-brook-new-york
https://www.ubereats.com/nyc-suburbs/food-delivery/south-bay-greenwich/rsK9EhQ6TIGV4aRiS3_JNg,rye-brook-new-york
https://www.ubereats.com/nyc-suburbs/food-delivery/captain-crab/y0fCK2hDQ_i8dt2MKOaiNg,rye-brook-new-york
https://www.ubereats.com/connecticut/food-delivery/plum-pure-foods-%26-catering/PFIfZzocRiSiwQQ9ZcQU3w,rye-brook-new-york
https://www.ubereats.com/connecticut/food-delivery/sunshine-buddha-llc/887DYo-tTAGQQ2KOMYCLBA,rye-brook-new-york
https://www.ubereats.com/nyc-suburbs/food-delivery/jollyz-jerk-spot/n76e_KVhT3-CdyubbwPKqw,rye-brook-new-york
https://www.ubereats.com/connecticut/food-delivery/noodle%2B/FOhD_eZ3QvmQfq7RkUaOlw,rye-brook-new-york
https://www.ubereats.com/nyc-suburbs/food-delivery/ds-burgers/ULjh3aZMSnOY_PU4T2X12A,rye-brook-new-york
https://www.ubereats.com/nyc-suburbs/food-delivery/i-thai-westchester-ave/tOy69Sg2Q4iRIBj-Ets27g,rye-brook-new-york
https://www.ubereats.com/nyc-suburbs/food-delivery/seasons-scarsdale-%26-simply-sushi/L-c7NNdbR1CWNwxBYEM21w,rye-brook-new-york
https://www.ubereats.com/nyc-suburbs/food-delivery/lugano-wine-bar-%26-salumeria/ejKedcDSTTGn2K0GyVvoYA,rye-brook-new-york
https://www.ubereats.com/nyc-suburbs/food-delivery/kfc-tb-100-main-street/eg7gqyw4SqefsXqnBbRpfw,rye-brook-new-york
https://www.ubereats.com/nyc-suburbs/food-delivery/shake-shack-379-n-central-ave/NWAbDS8LTwWJcS9hV0AsgQ,rye-brook-new-york
https://www.ubereats.com/nyc-suburbs/food-delivery/burger-creations/-FJZuR9cThOicZTymkK60Q,rye-brook-new-york
https://www.ubereats.com/nyc-suburbs/food-delivery/village-social/Zj1uxhtYSQuQPrwGdY7Ouw,rye-brook-new-york
https://www.ubereats.com/nyc-suburbs/food-delivery/good-to-go-gourmet/AfOEoG6KRNa1X37JyCwsvw,rye-brook-new-york
https://www.ubereats.com/nyc-suburbs/food-delivery/oishinbo/fzWcnAu5Rda9qPK98cFPDA,rye-brook-new-york
https://www.ubereats.com/nyc-suburbs/food-delivery/little-pub-cos-cob/er8n4NegRHmf6nAv7gc69g,rye-brook-new-york
https://www.ubereats.com/connecticut/food-delivery/small-village-cafe/12uPw93lTj2sZX0KgOx_fA,rye-brook-new-york
https://www.ubereats.com/nyc-suburbs/food-delivery/mamaroneck-deli/uchDvlobSqOzmuQkyotEbA,rye-brook-new-york
https://www.ubereats.com/connecticut/food-delivery/great-wall-restaurant/YqP0HEv4SxqqSiYunHTYDg,rye-brook-new-york
https://www.ubereats.com/nyc-suburbs/food-delivery/pf-changs-125-westchester-ave-space-d315/ehT6sh7SRM66zTBSfukUOg,rye-brook-new-york
https://www.ubereats.com/nyc-suburbs/food-delivery/aquario-restaurant/DRq-wD7PSuqExaS8Ick3rg,rye-brook-new-york
https://www.ubereats.com/nyc-suburbs/food-delivery/gelato-%26-cioccolato/YW1OJs8yTVaJ5hsvRdRWVQ,rye-brook-new-york
https://www.ubereats.com/nyc-suburbs/food-delivery/el-chilito-restaurant/xnznyXpfTh6AniAD3nFMDw,rye-brook-new-york
https://www.ubereats.com/connecticut/food-delivery/aji-ramen/xvR2OZBwQvOHylF3RpKbyQ,rye-brook-new-york
https://www.ubereats.com/nyc-suburbs/food-delivery/bobby-qs-pit-stop/F4fRc10nQGG4TmkXl6K_EA,rye-brook-new-york
https://www.ubereats.com/nyc-suburbs/food-delivery/nikos-greek-taverna/ruYOu12LQKyLZeGSL04SsA,rye-brook-new-york
https://www.ubereats.com/nyc-suburbs/food-delivery/el-festejo-restaurant/UCc9VqKTR4apMR7dV_sNdg,rye-brook-new-york
https://www.ubereats.com/nyc-suburbs/food-delivery/panka-peruvian-bistro/GtqR7krHSYScGnsyiWp8LA,rye-brook-new-york
https://www.ubereats.com/nyc-suburbs/food-delivery/alexs-lounge-ii/gfujqoQ0Tji7bzCZxALmCw,rye-brook-new-york
https://www.ubereats.com/nyc-suburbs/food-delivery/momiji-japanese-restaurant/u9Y_iArmSdSRQ1cQZAQbgg,rye-brook-new-york
https://www.ubereats.com/nyc-suburbs/food-delivery/melt-sandwich-shop/Jq0rYFOJQu-B1oSDQdPQNQ,rye-brook-new-york
https://www.ubereats.com/nyc-suburbs/food-delivery/lennys-bagels-rye-brook/WM04PZNmRfKRegt9j8iNVg,rye-brook-new-york
https://www.ubereats.com/nyc-suburbs/food-delivery/sals-pastry-shop/l2rxLRE8QMCH2Q5mM-r4cQ,rye-brook-new-york
https://www.ubereats.com/nyc-suburbs/food-delivery/noches-de-colombia-port-chester-ny/9ilIiJBgTuy2QmHnWTpDgw,rye-brook-new-york
https://www.ubereats.com/nyc-suburbs/food-delivery/aux-delices-greenwich/cXbeEpAwRO-BE8YYkJ21tw,rye-brook-new-york
https://www.ubereats.com/nyc-suburbs/food-delivery/the-perfect-provenance/9qdhx8dfSm-Zl3z50ixdTA,rye-brook-new-york
https://www.ubereats.com/nyc-suburbs/food-delivery/the-mumbai-times-cos-cob/at_tUODeTb2AmwjfrmCOCQ,rye-brook-new-york
https://www.ubereats.com/nyc-suburbs/food-delivery/starbucks-greenwich/4r4hlBKISKGAidmMIvPgJg,rye-brook-new-york
https://www.ubereats.com/connecticut/food-delivery/my-mix-creative-kitchen/SFTtj7-aTye1pSvLqJ4fdg,rye-brook-new-york
https://www.ubereats.com/nyc-suburbs/food-delivery/humble-garden/xuW6FwWYS4e272E-UeQi6Q,rye-brook-new-york
https://www.ubereats.com/nyc-suburbs/food-delivery/white-plains-coach-diner/nzsds__eS5mNmnmGheWdRg,rye-brook-new-york
https://www.ubereats.com/nyc-suburbs/food-delivery/steam-greenwich/RcX0luTHTo6xY8EEzy_khw,rye-brook-new-york
https://www.ubereats.com/nyc-suburbs/food-delivery/harvest-wine-bar-%26-restaurant-greenwich/NgbANoAqS7-HP6Ep6-KrpA,rye-brook-new-york
https://www.ubereats.com/nyc-suburbs/food-delivery/bareburger-265-n-central-ave/PeuF8Ic1R0yT8qeeuLMOhg,rye-brook-new-york
https://www.ubereats.com/nyc-suburbs/food-delivery/haagen-dazs-125-westchester-ave-unit-3330/qQwwuLVyTIiGpaXHihzlpQ,rye-brook-new-york
https://www.ubereats.com/nyc-suburbs/food-delivery/daniels-food-truck/e0yFiWfsTzu6Cdkivdk1ZA,rye-brook-new-york
https://www.ubereats.com/nyc-suburbs/food-delivery/o-mandarin-restaurant/4kqdVOdXTauuLqREE15m9w,rye-brook-new-york
https://www.ubereats.com/nyc-suburbs/food-delivery/the-spread-greenwich/_RDTULAkR-GUItx84obqWA,rye-brook-new-york
https://www.ubereats.com/nyc-suburbs/food-delivery/applebees-hawthorne/b1Th6N_uRQiiVowdDp3Npw,rye-brook-new-york
https://www.ubereats.com/nyc-suburbs/food-delivery/capers-restaurant-n-main-st/LnkrhsjCQtSRxP4ksDofaA,rye-brook-new-york
https://www.ubereats.com/nyc-suburbs/food-delivery/nickys-pizzeria/7SZQR_1YQBOwgX4GJwurpA,rye-brook-new-york
https://www.ubereats.com/nyc-suburbs/food-delivery/asian-legend/GYlbxsr9TJakgfqMWpGsmg,rye-brook-new-york
https://www.ubereats.com/nyc-suburbs/food-delivery/carvel-287-halstead-avenue/NdthS7A_RuqujvCzeI8Y4Q,rye-brook-new-york
https://www.ubereats.com/nyc-suburbs/food-delivery/asian-legend-cajun-seafood/W6LIcwTRQCqSDsAvvjFm7A,rye-brook-new-york
https://www.ubereats.com/nyc-suburbs/food-delivery/townhouse-diner/J3D4R5rYTYmsRgeRICWZaw,rye-brook-new-york
https://www.ubereats.com/nyc-suburbs/food-delivery/cantina-taco-and-tequila/cSZbUZhHRgeghJ4ELQijxw,rye-brook-new-york
https://www.ubereats.com/nyc-suburbs/food-delivery/harbour-fish-and-company/fmSqQbh2SXyNWRGtY20qlg,rye-brook-new-york
https://www.ubereats.com/nyc-suburbs/food-delivery/my-mix-creative-kitchen/SFTtj7-aTye1pSvLqJ4fdg,rye-brook-new-york
https://www.ubereats.com/nyc-suburbs/food-delivery/pleasantville-diner-restaurant/3tVADrcDTaKTBP0XraqM_Q,rye-brook-new-york
https://www.ubereats.com/nyc-suburbs/food-delivery/chipotle-mexican-grill-1233-e-putnam-ave/QqNPQ9nZQdqeDaRT8KszOA,rye-brook-new-york
https://www.ubereats.com/nyc-suburbs/food-delivery/sunshine-buddha-llc/887DYo-tTAGQQ2KOMYCLBA,rye-brook-new-york
https://www.ubereats.com/nyc-suburbs/food-delivery/plum-pure-foods-%26-catering/PFIfZzocRiSiwQQ9ZcQU3w,rye-brook-new-york
https://www.ubereats.com/nyc-suburbs/food-delivery/rani-mahal-indian-cuisine/34hQk_oCStKPDDvKb5F7BA,rye-brook-new-york
https://www.ubereats.com/nyc-suburbs/food-delivery/noodle%2B/FOhD_eZ3QvmQfq7RkUaOlw,rye-brook-new-york
https://www.ubereats.com/nyc-suburbs/food-delivery/dunkin-755-n-broadway/y-UgBRsjSMitmLfWbjvAIg,rye-brook-new-york
https://www.ubereats.com/nyc-suburbs/food-delivery/mamma-rosas/q__yglXlTey65hNXttXU7w,rye-brook-new-york
https://www.ubereats.com/nyc-suburbs/food-delivery/la-botte-ristorante/bElL5cLkS_S9_RqYz77Rwg,rye-brook-new-york
https://www.ubereats.com/nyc-suburbs/food-delivery/eugenes-diner-%26-bar/sNR1hKWyTkmiYoq54ZzWaA,rye-brook-new-york
https://www.ubereats.com/nyc-suburbs/food-delivery/table-104/y1ijVex8S-G11hao-lU45g,rye-brook-new-york
https://www.ubereats.com/nyc-suburbs/food-delivery/dunkin-184-sound-beach-ave/BoubBPwsRMWLC3aC_qps0Q,rye-brook-new-york
https://www.ubereats.com/nyc-suburbs/food-delivery/javys-burgers/br8EnvrmQL6dTczZqyI__g,rye-brook-new-york
https://www.ubereats.com/nyc-suburbs/food-delivery/robertos-grill-cafe/2Mz9EQWiSZGMcGFmJff35g,rye-brook-new-york
https://www.ubereats.com/nyc-suburbs/food-delivery/milan-grill-and-deli/tnbXd5qURYW-9E5BSX5npg,rye-brook-new-york
https://www.ubereats.com/nyc-suburbs/food-delivery/the-bagel-emporium-chappaqua/skmy0upMSc-2o09KdPADQw,rye-brook-new-york
https://www.ubereats.com/nyc-suburbs/food-delivery/lescale/Nf-cvOtCTVKOU94G0xc2Ng,rye-brook-new-york
https://www.ubereats.com/nyc-suburbs/food-delivery/dig-rye-brook/qNWm_QsUQKOgxbpnQQj2yQ,rye-brook-new-york
https://www.ubereats.com/connecticut/food-delivery/starbucks-riverside-commons/dHaUqL1ERKSmN1Lufjlgpg,rye-brook-new-york
https://www.ubereats.com/connecticut/food-delivery/spicy-shallot-2/d89T_jEhTB2Hw1DTi_BvOw,rye-brook-new-york
https://www.ubereats.com/nyc-suburbs/food-delivery/china-house/NYyCvquoTy-tGgGLiVYXKg,rye-brook-new-york
https://www.ubereats.com/nyc-suburbs/food-delivery/southern-table/ATDiblHKQoeVGZblyOOPPw,rye-brook-new-york
https://www.ubereats.com/connecticut/food-delivery/thai-basil/uR5Ly0-ORuuGpYH_xJCA8w,rye-brook-new-york
https://www.ubereats.com/nyc-suburbs/food-delivery/corbos-corner-deli-west/Lf9w4sEoSjOEDsOLHbWObA,rye-brook-new-york
https://www.ubereats.com/nyc-suburbs/food-delivery/la-bocca-ristorante/Tn9mMXTDQqeDLFnRMKMrLQ,rye-brook-new-york
https://www.ubereats.com/nyc-suburbs/food-delivery/carvel-262-n-saw-mill-river-road/_bIApWR-SSiGL-aZ9l9XQQ,rye-brook-new-york
https://www.ubereats.com/nyc-suburbs/food-delivery/edo-japanese-steakhouse/F0nMJFhJRNSN1k3RypPjKQ,rye-brook-new-york
https://www.ubereats.com/connecticut/food-delivery/starbucks-rye-brook/shA2jaeRTLisnAkliMzMOA,rye-brook-new-york
https://www.ubereats.com/nyc-suburbs/food-delivery/tabouli-grill/nsftaMVyTReC1IjG4Kp4rw,rye-brook-new-york
https://www.ubereats.com/connecticut/food-delivery/china-garden-20-purdy-ave/TkQSuhUmQB-eBDIgbrT3vg,rye-brook-new-york
https://www.ubereats.com/nyc-suburbs/food-delivery/dunkin-229-mamaroneck-ave/mSdud2eoQR-XYQsCBHz7Uw,rye-brook-new-york
https://www.ubereats.com/connecticut/food-delivery/cobs-bread-high-ridge/491C5TClS06l8aSzImQefA,rye-brook-new-york
https://www.ubereats.com/nyc-suburbs/food-delivery/cobs-bread-high-ridge/491C5TClS06l8aSzImQefA,rye-brook-new-york
https://www.ubereats.com/nyc-suburbs/food-delivery/greenwich-pizzeria/Rk2M3uNtTk6FxMVNE9xFHQ,rye-brook-new-york
https://www.ubereats.com/nyc-suburbs/food-delivery/cosi-77-quaker-ridge-rd/Z6gKkc9qRmqyfcEbMtA1mw,rye-brook-new-york
https://www.ubereats.com/nyc-suburbs/food-delivery/pressed-juicery-greenwich/lsDc-y3OSTyWfefgqLiQCg,rye-brook-new-york
https://www.ubereats.com/nyc-suburbs/food-delivery/masala-kraft-cafe/kvhE8iXETfuGm0oho2OcSw,rye-brook-new-york
https://www.ubereats.com/nyc-suburbs/food-delivery/the-drawing-room/cgFCbNIGTZCxAy7b1zDVsw,rye-brook-new-york
https://www.ubereats.com/nyc-suburbs/food-delivery/smashburger-49-tarrytown-rd/kQ4Xl9S0SlCY1JuX7_0Yrw,rye-brook-new-york
https://www.ubereats.com/nyc-suburbs/food-delivery/inca-gaucho/2qk8nTMtQx-lwKa--D21mg,rye-brook-new-york
https://www.ubereats.com/nyc-suburbs/food-delivery/playa-bowls-pleasantville/gM5TaU4uTz6hF5AadnEDPA,rye-brook-new-york
https://www.ubereats.com/connecticut/food-delivery/meli-melo/Qz1kx-DcT8OOK1bA0x3T0A,rye-brook-new-york
https://www.ubereats.com/nyc-suburbs/food-delivery/pizza-gourmet-restaurant/YRd2oeEyTQuH2DEDiyilYw,rye-brook-new-york
https://www.ubereats.com/nyc-suburbs/food-delivery/louies-italian-restaurant-%26-bar/86aakKJ8R66V5vfGHqo8Xg,rye-brook-new-york
https://www.ubereats.com/nyc-suburbs/food-delivery/pasta-vera/d4DTOLueQoS1Xbi1NbyZuw,rye-brook-new-york
https://www.ubereats.com/nyc-suburbs/food-delivery/vega-mexican-cuisine/QriofYpPQe-azvJYF1qjqw,rye-brook-new-york
https://www.ubereats.com/nyc-suburbs/food-delivery/little-thai-kitchen-darien/b04RXGh_Txi3qnh9qaj2_w,rye-brook-new-york
https://www.ubereats.com/nyc-suburbs/food-delivery/dunkin-623-w-putnam-ave/_GocPBuvRXuhON9_SEPrAw,rye-brook-new-york
https://www.ubereats.com/nyc-suburbs/food-delivery/fenimore-delicatessen/vllNijf6QeGcyaPG7j2Jsw,rye-brook-new-york
https://www.ubereats.com/nyc-suburbs/food-delivery/the-granola-bar-rye/Qivx6WwaRX-jryu4r7X-rA,rye-brook-new-york
https://www.ubereats.com/connecticut/food-delivery/new-wah-yuan-chinese-restaurant/XCPRMqZhSFGjocoRB9mzVA,rye-brook-new-york
https://www.ubereats.com/connecticut/food-delivery/lamars-pastry/KEcqkUcXQtuXUxkW7_T6uQ,rye-brook-new-york
https://www.ubereats.com/nyc-suburbs/food-delivery/brick-house-bar-%26-grill/27G-XNCFQ66zpDZHdZ3wxA,rye-brook-new-york
https://www.ubereats.com/nyc-suburbs/food-delivery/ribs-on-the-run/apmfwmAtSzy8eAC-mqn9fQ,rye-brook-new-york
https://www.ubereats.com/nyc-suburbs/food-delivery/j-%26-g-deli-and-market/cOLLU_okQYyKFcSelUrqwA,rye-brook-new-york
https://www.ubereats.com/nyc-suburbs/food-delivery/next-stop-gourmet/1j0e2BqETiCvS8b9e6NZGQ,rye-brook-new-york
https://www.ubereats.com/nyc-suburbs/food-delivery/paleteria-fernandez/yQqHd9-5TNmRO5Cxf-noOQ,rye-brook-new-york
https://www.ubereats.com/nyc-suburbs/food-delivery/jimmys-pizzeria-and-restaurant/ENEi-NDFQJOWaqF482VZDA,rye-brook-new-york
https://www.ubereats.com/nyc-suburbs/food-delivery/garelick-and-herbs-greenwich/lfbM5uWOT5Weiv8KTvAFdA,rye-brook-new-york
https://www.ubereats.com/nyc-suburbs/food-delivery/india-avenue/7KtJKwzaQ-ORUZPQM8m3zw,rye-brook-new-york
https://www.ubereats.com/nyc-suburbs/food-delivery/starbucks-rye-brook/shA2jaeRTLisnAkliMzMOA,rye-brook-new-york
https://www.ubereats.com/nyc-suburbs/food-delivery/dunkin-267-s-ridge-st/qGhufjZcQRm9TjSlhpTweA,rye-brook-new-york
https://www.ubereats.com/nyc-suburbs/food-delivery/playland-market/9tQ_YpItRR6DcGQJR3_gMA,rye-brook-new-york
https://www.ubereats.com/nyc-suburbs/food-delivery/eastend/bSB8QicWRsm48pOZmYQxSA,rye-brook-new-york
https://www.ubereats.com/nyc-suburbs/food-delivery/zenzo-sushi/9orxs8oTR7GiWCOSoxrx6g,rye-brook-new-york
https://www.ubereats.com/connecticut/food-delivery/south-bay-greenwich/rsK9EhQ6TIGV4aRiS3_JNg,rye-brook-new-york
https://www.ubereats.com/nyc-suburbs/food-delivery/buddha/P-Ftx0hiSp2LAhxjb7hLFQ,rye-brook-new-york
https://www.ubereats.com/nyc-suburbs/food-delivery/mortons-the-steakhouse-5-mamaroneck-avenue/VI9ClW4iSCqFPFx_0eygAQ,rye-brook-new-york
https://www.ubereats.com/nyc-suburbs/food-delivery/rye-ridge-deli-rye-brook/dgvkbYRbTXSTNp_thkRBYw,rye-brook-new-york
https://www.ubereats.com/connecticut/food-delivery/edo-japanese-steakhouse/F0nMJFhJRNSN1k3RypPjKQ,rye-brook-new-york
https://www.ubereats.com/nyc-suburbs/food-delivery/sobol-white-plains/P54kPE7RQCaI-SOguGpwkQ,rye-brook-new-york
https://www.ubereats.com/nyc-suburbs/food-delivery/subway-469-west-putnam-ave/BRUJSZSiRRCpVkVOCICnfg,rye-brook-new-york
https://www.ubereats.com/nyc-suburbs/food-delivery/dougies-stand-by/8fkADohgQzi44rPUSuDOVQ,rye-brook-new-york
https://www.ubereats.com/nyc-suburbs/food-delivery/inca-gaucho/H-RmeQuIS7qd9mesWq4uXg,rye-brook-new-york
https://www.ubereats.com/nyc-suburbs/food-delivery/gourmet-galley/GV4X_QHoRQCElhPm3BNQ7g,rye-brook-new-york
https://www.ubereats.com/nyc-suburbs/food-delivery/macduffs-public-house/yHB5M-nKTRSS5cyAgNWqkw,rye-brook-new-york
https://www.ubereats.com/nyc-suburbs/food-delivery/abeetz-mobile-pizza-truck/asXKTm01QK-elexj1VrilQ,rye-brook-new-york
https://www.ubereats.com/nyc-suburbs/food-delivery/dunkin-375-e-putnam-ave/Q0n8WOK1SqK6gJ0oh1Wy5g,rye-brook-new-york
https://www.ubereats.com/nyc-suburbs/food-delivery/the-clydesdale-pub/2dgSy6OfSI-3Z5yLGntl8Q,rye-brook-new-york
https://www.ubereats.com/nyc-suburbs/food-delivery/doppio/gXGCW25JSZyYhm297Rpeaw,rye-brook-new-york
https://www.ubereats.com/nyc-suburbs/food-delivery/paesanos-deli-%26-catering/6huJ7dKTTSyhclZPcE3ruQ,rye-brook-new-york
https://www.ubereats.com/nyc-suburbs/food-delivery/the-town-dock/OHJPgVafRzSqfcaya-MXrA,rye-brook-new-york
https://www.ubereats.com/nyc-suburbs/food-delivery/dunkin-330-boston-post-rd/RmsC8_LOTsWf-nCPYuBORQ,rye-brook-new-york
https://www.ubereats.com/nyc-suburbs/food-delivery/chat-american-grill/E5LQUbMcTLCMH8rywHYorA,rye-brook-new-york
https://www.ubereats.com/nyc-suburbs/food-delivery/dunkin-2000-merritt-parkway/k99dLzAOSjGYgtRL99nqnA,rye-brook-new-york
https://www.ubereats.com/nyc-suburbs/food-delivery/sound-beach-pizza-%26-grill/ocwcaKG5S86ZQOQA-59QLA,rye-brook-new-york
https://www.ubereats.com/nyc-suburbs/food-delivery/toxic-wings-white-plains/oFKL0vtnTIegZ2ZCKc9Wgw,rye-brook-new-york
https://www.ubereats.com/nyc-suburbs/food-delivery/blockheads-white-plains/SB2uNFfdTxqb1h9Eqc_cZQ,rye-brook-new-york
https://www.ubereats.com/nyc-suburbs/food-delivery/the-barley-house/wVAsfVN0R3uGpgh4fD0LUg,rye-brook-new-york
https://www.ubereats.com/connecticut/food-delivery/jewel-of-himalaya/8ntcxFIZS-uvWopgC2o3nw,rye-brook-new-york
https://www.ubereats.com/nyc-suburbs/food-delivery/hot-spot-white-plains/nbyI97zySLCH1PH-jSguEg,rye-brook-new-york
https://www.ubereats.com/nyc-suburbs/food-delivery/joey-bs/0guOdpezQiK323V1TMjpxw,rye-brook-new-york
https://www.ubereats.com/nyc-suburbs/food-delivery/pasquale-ristorante/ZvS2KIN5QXiX5GkpNSBGhQ,rye-brook-new-york
https://www.ubereats.com/nyc-suburbs/food-delivery/carvel-465-boston-post-road/-Jch0TIpRQ2QpmEn-bKhSw,rye-brook-new-york
https://www.ubereats.com/nyc-suburbs/food-delivery/hash-o-nash/RIWBWUr1SN-IRqBcpm2UNw,rye-brook-new-york
https://www.ubereats.com/nyc-suburbs/food-delivery/dimitris-gyro-grill-harrison/_Tq3j67yTfuP5AtnEbTYdg,rye-brook-new-york
https://www.ubereats.com/nyc-suburbs/food-delivery/silver-lake-murayama/lwpvWvjASR6J0WzQnAZTXQ,rye-brook-new-york
https://www.ubereats.com/nyc-suburbs/food-delivery/elevation-burger-176-south-ridge-street/Z3FFctkOT7SPz0kIf245Bg,rye-brook-new-york
https://www.ubereats.com/nyc-suburbs/food-delivery/city-limits-diner/lwqyI2JWRriIqGohoxCb6w,rye-brook-new-york
https://www.ubereats.com/nyc-suburbs/food-delivery/roddys-pizza/mjhf7mfaQmK9xXAGi4-1Cw,rye-brook-new-york
https://www.ubereats.com/connecticut/food-delivery/i-thai-westchester-ave/tOy69Sg2Q4iRIBj-Ets27g,rye-brook-new-york
https://www.ubereats.com/connecticut/food-delivery/cold-stone-creamery-25-mamaroneck-avenue/q-kvOBM7T1qmi_76kOL32g,rye-brook-new-york
https://www.ubereats.com/nyc-suburbs/food-delivery/hubba/ecIqyXaZTfCognXJWPC-aA,rye-brook-new-york
https://www.ubereats.com/nyc-suburbs/food-delivery/mary-anns/K-xN-o0CTXmaydxYpCTo3w,rye-brook-new-york
https://www.ubereats.com/nyc-suburbs/food-delivery/tacotalk/4kK8fxX_QVCLbkLRetshow,rye-brook-new-york
https://www.ubereats.com/connecticut/food-delivery/fez-turkish-meze/bcXt8QMsTaKgHYvlbY3zHw,rye-brook-new-york
https://www.ubereats.com/nyc-suburbs/food-delivery/carvel-641-halstead-ave/esotBEvbRYmJT2COKZkdQw,rye-brook-new-york
https://www.ubereats.com/connecticut/food-delivery/buddha-asian-bistro-%26-hibachi/-PX0JpSESKeKWwn7wkH0BA,rye-brook-new-york
https://www.ubereats.com/nyc-suburbs/food-delivery/china-garden-20-purdy-ave/TkQSuhUmQB-eBDIgbrT3vg,rye-brook-new-york
https://www.ubereats.com/nyc-suburbs/food-delivery/le-provencal-bistro/icrc5m_nScOlbQmBFpXBlA,rye-brook-new-york
https://www.ubereats.com/nyc-suburbs/food-delivery/lorca-stamford/PNvi4-P5R4S8XydW-rs1eg,rye-brook-new-york
https://www.ubereats.com/connecticut/food-delivery/starbucks-west-stamford-plaza/XuvysXBJSZuwA-PsxupjIQ,rye-brook-new-york
https://www.ubereats.com/nyc-suburbs/food-delivery/kiosko-restaurant/FR05OVYwRWK_YA4yBuePaA,rye-brook-new-york
https://www.ubereats.com/nyc-suburbs/food-delivery/angies-eats/5ktf8VdoQ4CJxGN6b-IhHA,rye-brook-new-york
https://www.ubereats.com/nyc-suburbs/food-delivery/express-pizza-and-grecos-bella-cucina/hvX7-E8oTJmToFDfWP3Clg,rye-brook-new-york
https://www.ubereats.com/nyc-suburbs/food-delivery/columbus-park-trattoria/VGAVg6zTSsGSuulObtPnpA,rye-brook-new-york
https://www.ubereats.com/nyc-suburbs/food-delivery/thai-basil/uR5Ly0-ORuuGpYH_xJCA8w,rye-brook-new-york
https://www.ubereats.com/nyc-suburbs/food-delivery/tommys-deli-cafe/XGEqjbKGSOOABwt2ow2o8A,rye-brook-new-york
https://www.ubereats.com/nyc-suburbs/food-delivery/jersey-mikes-subs/_jZVbJLQSvOmP0WygrppNA,rye-brook-new-york
https://www.ubereats.com/nyc-suburbs/food-delivery/copper-kettle-cafe/ZbMqLAuiRTyDE7fypd1RKg,rye-brook-new-york
https://www.ubereats.com/nyc-suburbs/food-delivery/roost/uqSuSqZrSs-ArY5FKcEO9g,rye-brook-new-york
https://www.ubereats.com/nyc-suburbs/food-delivery/hida/41XWnysbT0uD-b7vmMANuQ,rye-brook-new-york
https://www.ubereats.com/nyc-suburbs/food-delivery/mt-kisco-smokehouse/LvtXgzAPQGGKnae9_TwnzA,rye-brook-new-york
https://www.ubereats.com/nyc-suburbs/food-delivery/kfc-port-chester/yDHb6KFCR16rkYmDnybPbg,rye-brook-new-york
https://www.ubereats.com/nyc-suburbs/food-delivery/kee-oyster-house/-LK3fexyQ5iI5bON-DjxRQ,rye-brook-new-york
https://www.ubereats.com/nyc-suburbs/food-delivery/acuario/fkUPHQbUQ86De4nnOPO3RQ,rye-brook-new-york
https://www.ubereats.com/nyc-suburbs/food-delivery/buon-amici-italian-cuisine/SzVm73ACSjaVR_YeMgFKRg,rye-brook-new-york
https://www.ubereats.com/nyc-suburbs/food-delivery/italian-pavilion-pizzeria/ZA0vuAONRoaL_vyIftx3vg,rye-brook-new-york
https://www.ubereats.com/nyc-suburbs/food-delivery/international-brazilian-bakery-and-cafe/0MV56Aj2Q0idKingbu_E7A,rye-brook-new-york
https://www.ubereats.com/nyc-suburbs/food-delivery/tvb-by-pax-romana/5SA6wn0aQ_CzgL9rffEejA,rye-brook-new-york
https://www.ubereats.com/nyc-suburbs/food-delivery/sobol-cos-cob/fEMu31c5SrCtrix15vraLA,rye-brook-new-york
https://www.ubereats.com/nyc-suburbs/food-delivery/coffee-luca/nIy_hT4LSF-3QzdlVmqWCQ,rye-brook-new-york
https://www.ubereats.com/connecticut/food-delivery/the-roaster-cafe/7v9FoxdgSxWvJhroy4koEA,rye-brook-new-york
https://www.ubereats.com/nyc-suburbs/food-delivery/the-granola-bar-greenwich/i8tKoCvIR6aHdL3seQewbA,rye-brook-new-york
https://www.ubereats.com/nyc-suburbs/food-delivery/starbucks-rye/-1Cc-ZkqSfu6tROrTNQpwQ,rye-brook-new-york
https://www.ubereats.com/nyc-suburbs/food-delivery/bellefair-kitchen/0XD9fMqfRPe4aPPKM00OWw,rye-brook-new-york
https://www.ubereats.com/nyc-suburbs/food-delivery/marios-pizza-%26-restaurant/MHR7IxpCQ1SZ82gT1cau9Q,rye-brook-new-york
https://www.ubereats.com/nyc-suburbs/food-delivery/taco-bell-1371-e-putnam-ave/rxTrIRhVQRKr98B4F-dscw,rye-brook-new-york
https://www.ubereats.com/nyc-suburbs/food-delivery/panda-pavilion/GOdTCvIASAuicYMpj2hh7Q,rye-brook-new-york
https://www.ubereats.com/nyc-suburbs/food-delivery/la-picante/mZx4zwaSSPKgpAsVyKFJ0Q,rye-brook-new-york
https://www.ubereats.com/nyc-suburbs/food-delivery/garden-catering-port-chester/m5fM_wLASLGM7I2YtBLBOQ,rye-brook-new-york
https://www.ubereats.com/nyc-suburbs/food-delivery/dunkin-662-columbus-ave/aUPLT8ykRtm4vUbYhu7YaQ,rye-brook-new-york
https://www.ubereats.com/nyc-suburbs/food-delivery/five-guys-ct-1476-1221-high-ridge-rd/PrUGcbTqTAyMwlRKih8Gcg,rye-brook-new-york
https://www.ubereats.com/nyc-suburbs/food-delivery/carvel-1060-long-ridge-road/ItbXBGhDRf-FUI4xIpX-2w,rye-brook-new-york
https://www.ubereats.com/nyc-suburbs/food-delivery/putnam-restaurant/5rMUgQtqQxeqaghniAmOIQ,rye-brook-new-york
https://www.ubereats.com/nyc-suburbs/food-delivery/good-to-go-rye/gihP_3exSo6DC-aXkMHYbA,rye-brook-new-york
https://www.ubereats.com/nyc-suburbs/food-delivery/murrays-ice-cream/7OUgcCgRSDaodp6uAS4mzA,rye-brook-new-york
https://www.ubereats.com/nyc-suburbs/food-delivery/corbos-deli-and-pizza-south/LyvyeCxZQjulsZCDtFoZLA,rye-brook-new-york
https://www.ubereats.com/nyc-suburbs/food-delivery/lombardos/LWyJSfjWTICz56s9bbVNtQ,rye-brook-new-york
https://www.ubereats.com/connecticut/food-delivery/the-granola-bar-greenwich/i8tKoCvIR6aHdL3seQewbA,rye-brook-new-york
https://www.ubereats.com/nyc-suburbs/food-delivery/asiana-bistro/eM1hMp6-Ra2fMj3u6u82_w,rye-brook-new-york
https://www.ubereats.com/nyc-suburbs/food-delivery/kfc-taco-bell-100-main-st/5uWB44GhRUSBAvcz4erSIg,rye-brook-new-york
https://www.ubereats.com/nyc-suburbs/food-delivery/sedona-taphouse-mamaroneck/NFwq58_MQmac63bVwVWQQw,rye-brook-new-york
https://www.ubereats.com/nyc-suburbs/food-delivery/smashburger-448-mamaroneck-ave/K1R73Ik-QQ-q3_yaWtw3Bw,rye-brook-new-york
https://www.ubereats.com/nyc-suburbs/food-delivery/nomas-restaurant-port-chester/cojGh-zYSgChbKOZOS59Vw,rye-brook-new-york
https://www.ubereats.com/nyc-suburbs/food-delivery/plaza-restaurant/O5HSlUZIQT6A0BYHwD84nQ,rye-brook-new-york
https://www.ubereats.com/nyc-suburbs/food-delivery/mackenzies-bar-%26-grill/H6maSFSiQqK0n5PBYCZcKw,rye-brook-new-york
https://www.ubereats.com/nyc-suburbs/food-delivery/chicken-joes/Hm9InTQfQy2h8cL0VquqHA,rye-brook-new-york
https://www.ubereats.com/nyc-suburbs/food-delivery/chopt-creative-salad-co-1271-e-putnam-ave/e4c372fFT3OaejXd1U2zVw,rye-brook-new-york
https://www.ubereats.com/nyc-suburbs/food-delivery/magees-curbside/Pp58Jgh7Tmu2WfxdrntnNg,rye-brook-new-york
https://www.ubereats.com/nyc-suburbs/food-delivery/the-little-beet-table-greenwich/_vWFE6NzSE-Pz54p4vBxQQ,rye-brook-new-york
https://www.ubereats.com/nyc-suburbs/food-delivery/sunrise-pizza/JpKmWiXVTvCGG27guguOJQ,rye-brook-new-york
https://www.ubereats.com/nyc-suburbs/food-delivery/the-barley-beach-house/zta_Vc5uQuSrGHMNYUXeCg,rye-brook-new-york
https://www.ubereats.com/nyc-suburbs/food-delivery/maison-margaux/_n0wJvjrS-WzC6c_KSQBqQ,rye-brook-new-york
https://www.ubereats.com/nyc-suburbs/food-delivery/greenlife/tb93EloYTvq5WScmKR_E7g,rye-brook-new-york
https://www.ubereats.com/nyc-suburbs/food-delivery/bona-bona-ice-cream/3r827rDKT8qO_OVQUl48tg,rye-brook-new-york
https://www.ubereats.com/nyc-suburbs/food-delivery/bareburger-50-purchase-st/7lCumEvyQFiyYFlZYy3jSQ,rye-brook-new-york
https://www.ubereats.com/nyc-suburbs/food-delivery/la-melissa/AakEhAZdQ9aIKV0zfCfaNQ,rye-brook-new-york
https://www.ubereats.com/nyc-suburbs/food-delivery/aji-ramen/xvR2OZBwQvOHylF3RpKbyQ,rye-brook-new-york
https://www.ubereats.com/nyc-suburbs/food-delivery/dunkin-80-virginia-rd/uA5VgDw5QBWtsGIvEWqPNg,rye-brook-new-york
https://www.ubereats.com/nyc-suburbs/food-delivery/milk-n-cookies/_0DaHQJ0S46-1T6rDqEZEw,rye-brook-new-york
https://www.ubereats.com/nyc-suburbs/food-delivery/chipotle-mexican-grill-100-s-ridge-st/HvTlRkpKRqeC-DGZ4MHPvw,rye-brook-new-york
https://www.ubereats.com/nyc-suburbs/food-delivery/popeyes-port-chester/vi1oAOHgSYuFkaCTXn5YjA,rye-brook-new-york
https://www.ubereats.com/nyc-suburbs/food-delivery/bagelicious-cafe/9AOiy23MTVaQgPEKUzgEmA,rye-brook-new-york
https://www.ubereats.com/nyc-suburbs/food-delivery/boxed-burgers-stamford/jApmkKVASX2SkKY5jVJyKA,rye-brook-new-york
https://www.ubereats.com/nyc-suburbs/food-delivery/dunkin-570-mamaroneck-ave/zZoi0nfXR3OVLnm-kh8_jA,rye-brook-new-york
https://www.ubereats.com/nyc-suburbs/food-delivery/casaletto-restaurant/AjJNC3nuQzqF-7lVZkRpnA,rye-brook-new-york
https://www.ubereats.com/nyc-suburbs/food-delivery/mediterraneo-white-plains/ERRl_XKYTW2OZgJQWGq6lQ,rye-brook-new-york
https://www.ubereats.com/nyc-suburbs/food-delivery/italian-pavillion-pizzeria/S46qrUduTTm0hQVcGsyNoQ,rye-brook-new-york
https://www.ubereats.com/nyc-suburbs/food-delivery/new-wah-yuan-chinese-restaurant/XCPRMqZhSFGjocoRB9mzVA,rye-brook-new-york
https://www.ubereats.com/nyc-suburbs/food-delivery/green-tortilla/w-1LiWI9QeeYJJ6FqIQ5zw,rye-brook-new-york
https://www.ubereats.com/nyc-suburbs/food-delivery/paesanos/sEvMakVUR2OguczwZK0DMQ,rye-brook-new-york
https://www.ubereats.com/nyc-suburbs/food-delivery/asiana-cafe-greenwich-ct/67OhHAa8Tl6-fD8h8wEW0w,rye-brook-new-york
https://www.ubereats.com/nyc-suburbs/food-delivery/cerbones-bakery/5GeDdu00TomuKeHzmQFCng,rye-brook-new-york
https://www.ubereats.com/nyc-suburbs/food-delivery/tonys-deli-riverside/H29cg0pxTnSqr5pXOxYymw,rye-brook-new-york
https://www.ubereats.com/connecticut/food-delivery/jimmys-pizzeria-and-restaurant/ENEi-NDFQJOWaqF482VZDA,rye-brook-new-york
https://www.ubereats.com/nyc-suburbs/food-delivery/the-little-beet-westchester-mall/hy4FC_tSRYWRzN6EF3yRQw,rye-brook-new-york
https://www.ubereats.com/nyc-suburbs/food-delivery/dunkin-1481-weaver-st/Z0mTQUYiT6WecACbs02MTg,rye-brook-new-york
https://www.ubereats.com/nyc-suburbs/food-delivery/wendys-460-w-putnam/xigfc2tYSsOdn30oDCPwNA,rye-brook-new-york
https://www.ubereats.com/nyc-suburbs/food-delivery/sonora-restaurant/qHTHzMSlT_aDQ-UZoSKrBw,rye-brook-new-york
https://www.ubereats.com/nyc-suburbs/food-delivery/the-808-bistro/z0KU8LL5T32BzzQeq9XZQQ,rye-brook-new-york
https://www.ubereats.com/nyc-suburbs/food-delivery/saru/cG5Rk3GxTWWKsdQRPRvmgw,rye-brook-new-york
https://www.ubereats.com/connecticut/food-delivery/panda-pavilion/GOdTCvIASAuicYMpj2hh7Q,rye-brook-new-york
https://www.ubereats.com/nyc-suburbs/food-delivery/long-island-bagel-cafe/t0GUlFAwS1q6XdDCe_tLcQ,rye-brook-new-york
https://www.ubereats.com/nyc-suburbs/food-delivery/modern-on-the-rails-westchester/YCPu8PlrR1mgg1NjO3rUxA,rye-brook-new-york
https://www.ubereats.com/nyc-suburbs/food-delivery/chopt-creative-salad-co-116-south-ridge-st/moatW9tCSN-vw4tXXIt7Zg,rye-brook-new-york
https://www.ubereats.com/nyc-suburbs/food-delivery/chipotle-mexican-grill-405-tarrytown-rd/ZP91e8G7TUyQB2X1zgn6Uw,rye-brook-new-york
https://www.ubereats.com/nyc-suburbs/food-delivery/pilones-meateria/OePtFNyQR0qVSMPcK6ha7A,rye-brook-new-york
https://www.ubereats.com/nyc-suburbs/food-delivery/shiki-fusion/-8PV0Mz9SCu-2QvBYMTsjA,rye-brook-new-york
https://www.ubereats.com/nyc-suburbs/food-delivery/curry-%26-hurry/ScpYfft6SZqfTjCSrk_g1A,rye-brook-new-york
https://www.ubereats.com/nyc-suburbs/food-delivery/walters-hot-dogs-white-plains/ulHvx9_SRjKTKIBw1E6TVQ,rye-brook-new-york
https://www.ubereats.com/nyc-suburbs/food-delivery/masellis-delicatessen/QDA331GORNmFcq5ixDw_-A,rye-brook-new-york
https://www.ubereats.com/nyc-suburbs/food-delivery/dunkin-42-lake-st/SilRWwFbRBK4K9dZXf7JWQ,rye-brook-new-york
https://www.ubereats.com/nyc-suburbs/food-delivery/angelos-pizza-%26-pasta/Mhcp3PCcRtqS9tA6ZXO1xw,rye-brook-new-york
https://www.ubereats.com/nyc-suburbs/food-delivery/bj-card-and-gift/JtR5NtDuSduWZSxPR5jIdw,rye-brook-new-york
https://www.ubereats.com/nyc-suburbs/food-delivery/original-pancake-house-170-hamilton-ave/b0A6d0yhSgG7rPH0YXbqRA,rye-brook-new-york
https://www.ubereats.com/nyc-suburbs/food-delivery/lamars-pastry/KEcqkUcXQtuXUxkW7_T6uQ,rye-brook-new-york
https://www.ubereats.com/nyc-suburbs/food-delivery/wolf-and-warrior-brewing-company-195-e-post-rd/wDMIoBhcTkiE39rlg7skmQ,rye-brook-new-york
https://www.ubereats.com/nyc-suburbs/food-delivery/kennedy-fried-chicken-portchester/W6JLPH3OTTSC9rQcqZYR4Q,rye-brook-new-york
https://www.ubereats.com/nyc-suburbs/food-delivery/organic-pharmer-rye-brook/zNnAqFXdQzyss5cUxT9Buw,rye-brook-new-york
https://www.ubereats.com/nyc-suburbs/food-delivery/star-diner/VRTBLLhqT86XOmgu9hTkGA,rye-brook-new-york
https://www.ubereats.com/nyc-suburbs/food-delivery/meli-melo/Qz1kx-DcT8OOK1bA0x3T0A,rye-brook-new-york
https://www.ubereats.com/nyc-suburbs/food-delivery/el-charrito-ii/hKNsHB83StihsMSss5Qy7w,rye-brook-new-york
https://www.ubereats.com/nyc-suburbs/food-delivery/la-taqueria/vjEEPkcuR16DifSSbOqs5Q,rye-brook-new-york
https://www.ubereats.com/nyc-suburbs/food-delivery/byram-sushi-%26-teriyaki/IhUhKgZIRLmLiEliu8CWjw,rye-brook-new-york
https://www.ubereats.com/nyc-suburbs/food-delivery/rinaldis-country-deli/UTADULBOTqaD59HcyfawLw,rye-brook-new-york
https://www.ubereats.com/nyc-suburbs/food-delivery/bella-nonna-restaurant-%26-pizza/H81nIVuwTNKKwoUf5GAoUQ,rye-brook-new-york
https://www.ubereats.com/nyc-suburbs/food-delivery/cold-stone-creamery-25-mamaroneck-avenue/q-kvOBM7T1qmi_76kOL32g,rye-brook-new-york
