url,city
https://www.ubereats.com/austin/food-delivery/rocky-mountain-chocolate-factory-san-marcos/OiA17BjKQVmVWAA3pkJQdA,san-marcos-texas
https://www.ubereats.com/austin/food-delivery/hooties-burger-bar-310-n-ih35-n-suite-201/T6ssY2rvSmSharRU-6_WJA,san-marcos-texas
https://www.ubereats.com/austin/food-delivery/louisiana-crab-shack-kyle/2KIsaCmWRUeMrs012npj-w,san-marcos-texas
https://www.ubereats.com/austin/food-delivery/starbucks-i-35-%26-centerpoint-sw-corner/8GjJybs6RPm7w2sU1NN1EA,san-marcos-texas
https://www.ubereats.com/austin/food-delivery/kemes-bbq/9uTIUj-aSTu-PL0XWEVaaQ,san-marcos-texas
https://www.ubereats.com/austin/food-delivery/weusi-wellness/TLEV4GwvTeiW2ktnG6bU2Q,san-marcos-texas
https://www.ubereats.com/austin/food-delivery/outback-steakhouse-4205-i-h-35-south/pktVw783TRKEGsHoWKN_9w,san-marcos-texas
https://www.ubereats.com/austin/food-delivery/popeyes-2820-south-i-35/LNVIeB6USrCdNVhC4rjAMg,san-marcos-texas
https://www.ubereats.com/austin/food-delivery/mcalisters-deli-555-san-marco-100972/HP53Y93cT4uEON08zAnaCQ,san-marcos-texas
https://www.ubereats.com/austin/food-delivery/nikolas-tacos/ov8qVyLpQZyIpuLi7-o9fw,san-marcos-texas
https://www.ubereats.com/austin/food-delivery/cracker-barrel-old-country-store-4321-ih-35-s/r081N9RhSJKfOcA0FzyPuw,san-marcos-texas
https://www.ubereats.com/austin/food-delivery/subway-1504-aquarena-springs-dr/AVW7DY6NTWaVHFPYOTdp4A,san-marcos-texas
https://www.ubereats.com/austin/food-delivery/subway-1404-clarewood/r22c4aIAR1aqNhAN9ekAXQ,san-marcos-texas
https://www.ubereats.com/austin/food-delivery/kfc-20925-interstate-highway-35/3rlDZmf2TeiVSDdubUMWtQ,san-marcos-texas
https://www.ubereats.com/austin/food-delivery/chick-fil-a-1433-n-interstate-35/5tYGAav2TSqAR3vV407QLA,san-marcos-texas
https://www.ubereats.com/austin/food-delivery/the-bobcat-burger-lounge/Ac7KhYMIRiqlg2qYCepA0A,san-marcos-texas
https://www.ubereats.com/austin/food-delivery/ihop-1113-n-ih-35/fb4Sh1WJQvm33yv3xo4Nqg,san-marcos-texas
https://www.ubereats.com/austin/food-delivery/figaros-pizza-%26-pub/qEGzqMMKQJikGAEx1v6_nQ,san-marcos-texas
https://www.ubereats.com/austin/food-delivery/cheer-%26-chow/Myq7KmPyTwKREr-XDwXaEw,san-marcos-texas
https://www.ubereats.com/austin/food-delivery/subway-102-wonder-world-dr/CVr9pNp4R82GJoGr6sB6pQ,san-marcos-texas
https://www.ubereats.com/austin/food-delivery/cafe-on-the-square/IiejBBWNR0WRf-IEvUMXOQ,san-marcos-texas
https://www.ubereats.com/austin/food-delivery/zaxbys-4002-s-ih-35/y5zvgWCCR2Gg2YH3PuG0KA,san-marcos-texas
https://www.ubereats.com/austin/food-delivery/chipotle-mexican-grill-1020-centerpoint-road/tTjJIHcLSZOHFdsrW84dXw,san-marcos-texas
https://www.ubereats.com/austin/food-delivery/hopdoddy-burger-bar-san-marcos/-4uemHjNSUqd75VpW7ewhQ,san-marcos-texas
https://www.ubereats.com/austin/food-delivery/hawaii-poke-san-marcos/H2MQgAyjQJ2X7VDT2Q1dpA,san-marcos-texas
https://www.ubereats.com/austin/food-delivery/arbys-2219-south-i-35-n/56pnR1xnQ9m1GVMriLzlwg,san-marcos-texas
https://www.ubereats.com/austin/food-delivery/dirty-dogs/MVh9nImoSMGQCVGKUS2bNw,san-marcos-texas
https://www.ubereats.com/austin/food-delivery/bushs-chicken-san-marcos/PGRjnzuJRf2afI4TjUHywQ,san-marcos-texas
https://www.ubereats.com/austin/food-delivery/cicis-enterprises-1101-thorpe-lane/xry-Y6QnR2-LSioE1aBbQQ,san-marcos-texas
https://www.ubereats.com/austin/food-delivery/texas-bean-%26-brew-house/85AOhmFbQUizhG9-s8_3EA,san-marcos-texas
https://www.ubereats.com/austin/food-delivery/jack-in-the-box-345-n-lbj-dr/M-DrUeKGRIqNLqtWyLiBKg,san-marcos-texas
https://www.ubereats.com/austin/food-delivery/phils-philly-grill-san-marcos/CpnsdMdLTtCPD_U7NBzdLQ,san-marcos-texas
https://www.ubereats.com/austin/food-delivery/xian-%40-san-marcos/KcclTAHhS4SbbxcyopB4Rw,san-marcos-texas
https://www.ubereats.com/austin/food-delivery/fazolis-927-highway-80/Q45hl6EPQOi2rbRyP5Kq7g,san-marcos-texas
https://www.ubereats.com/austin/food-delivery/panda-express-2850-s-ih35/ouDTIMMkQge7WLG9-lHH7g,san-marcos-texas
https://www.ubereats.com/austin/food-delivery/umami-sushi/OY5Dw_itS_29iarAMlxDlQ,san-marcos-texas
https://www.ubereats.com/austin/food-delivery/ajs-ranch-road-grill/EDBDu1b-TN6IuntmO6Nfqw,san-marcos-texas
https://www.ubereats.com/austin/food-delivery/hat-creek-burger-co-san-marcos/24aqHJMkSzSDilWkMB5ppQ,san-marcos-texas
https://www.ubereats.com/austin/food-delivery/springs-bistro-%2B-bar/qgwAG61PTYilY1u49i2rsw,san-marcos-texas
https://www.ubereats.com/austin/food-delivery/saltgrass-1141-north-i-35/7Knpyv7wRHqg2iyV29uyDw,san-marcos-texas
https://www.ubereats.com/austin/food-delivery/double-daves-san-marcos/GM0ScNK8RLaNZBwz7stW7A,san-marcos-texas
https://www.ubereats.com/austin/food-delivery/red-lobster-100-ih-35-north/xrN3PM87TYmJx5Jwprj6Mw,san-marcos-texas
https://www.ubereats.com/austin/food-delivery/taco-bell-101-university-dr/cd4tMcfAQ2Sfd_Nj4w66Yw,san-marcos-texas
https://www.ubereats.com/austin/food-delivery/industry/gPLOefdhQeCt-ZD6cZ5Xtg,san-marcos-texas
https://www.ubereats.com/austin/food-delivery/bobcat-quickie/48kZ_24ATcykUDpSLVcN_A,san-marcos-texas
https://www.ubereats.com/austin/food-delivery/schlotzskys-deli-1020-centerpoint-rd/M9PfP-X2S5GVcKtNF1oWyg,san-marcos-texas
https://www.ubereats.com/austin/food-delivery/erbert-and-gerberts-sandwich-shop/bzFe0BkvQWWqQBbEBvQyzg,san-marcos-texas
https://www.ubereats.com/austin/food-delivery/casa-choi/Ly_B5MpwRyWJ_W7GLkTMow,san-marcos-texas
https://www.ubereats.com/austin/food-delivery/mama-fus-asian-house-151-evans-dr/K7RtzbBCQLa0UP00HmfPkg,san-marcos-texas
https://www.ubereats.com/austin/food-delivery/burger-king-1012-highway-123/9QSyQ-0uT6uXq6vzmpkLtw,san-marcos-texas
https://www.ubereats.com/austin/food-delivery/johnny-chives-hella-fries/ypOtYqFjTPihCu7w3rBFqg,san-marcos-texas
https://www.ubereats.com/austin/food-delivery/kfc-660-e-hopkins-street/Nl9rkHigRHW5xx8qPmDmDw,san-marcos-texas
https://www.ubereats.com/austin/food-delivery/wendys-4001-i-35-south/BqFlY7p8TLKgKeFyRmaoPQ,san-marcos-texas
https://www.ubereats.com/austin/food-delivery/brooklyn-pie-co-san-marcos/jIgnyujPTce8CHW_lzQlig,san-marcos-texas
https://www.ubereats.com/austin/food-delivery/ikes-love-%26-sandwiches-301-n-guadalupe-street-ste-154/Nc0T0F6JQ9GhLFLFjUXkEg,san-marcos-texas
https://www.ubereats.com/austin/food-delivery/popeyes-1628-aquarena-springs-dr/bZLM4zsBSLSMXnez7I8D8A,san-marcos-texas
https://www.ubereats.com/austin/food-delivery/sunnys-pizza/eDnoMTPaQQSdnulL4ZYyOA,san-marcos-texas
https://www.ubereats.com/austin/food-delivery/china-palace/Tu6SnmhsSke6tf_KYesF3A,san-marcos-texas
https://www.ubereats.com/austin/food-delivery/wienerschnitzel-san-marcos/eBg88KmRSSul8Qa9-sSTjg,san-marcos-texas
https://www.ubereats.com/austin/food-delivery/twin-peaks-1207-i-35/ibvPKvIdQC6HQewyNgYFiQ,san-marcos-texas
https://www.ubereats.com/austin/food-delivery/toma-taco/QcYWC-kdQemfSynF2UT1bw,san-marcos-texas
https://www.ubereats.com/austin/food-delivery/taste-of-china/n5EbZ76rQjmREyfdNupsqQ,san-marcos-texas
https://www.ubereats.com/austin/food-delivery/hooters-flores-st-%26-n-interstate-hwy-35/FyA4Z71tQgmBgRRCszRf-Q,san-marcos-texas
https://www.ubereats.com/austin/food-delivery/krispy-kreme-121-s-lbj-%40-i-35-service-rd/js_WCz3PRu6bCLDrgq5AqQ,san-marcos-texas
https://www.ubereats.com/austin/food-delivery/mcdonalds-hwy-123/HaXswwsvSbehiQQzyIPN2g,san-marcos-texas
https://www.ubereats.com/austin/food-delivery/the-food-box/WkjY2FzNQUyCM8Nh7yDjjw,san-marcos-texas
https://www.ubereats.com/austin/food-delivery/subway-4015-s-ih-35/Hk9V6KvJSTK7Ik2JZmkQgw,san-marcos-texas
https://www.ubereats.com/austin/food-delivery/lucys-tacos/EqvVfO29SheI5lmiMcT4VA,san-marcos-texas
https://www.ubereats.com/austin/food-delivery/chipotle-mexican-grill-401-n-lbj-dr/ln-9mdY0RUmg1DWe8FoRfw,san-marcos-texas
https://www.ubereats.com/austin/food-delivery/longhorn-daiquiris/0vNv4ZJvTji9uTOhO1JIzQ,san-marcos-texas
https://www.ubereats.com/austin/food-delivery/wok-%26-roll/2gVB1AgSS6CwJ86Usyvbfw,san-marcos-texas
https://www.ubereats.com/austin/food-delivery/taco-cabana-135-long-street/n7IFAJ85TI6IQdIZ_e6tgA,san-marcos-texas
https://www.ubereats.com/austin/food-delivery/mr-elfs-cookie-shelf/GxGewQklQj2w_dSUka64tg,san-marcos-texas
https://www.ubereats.com/austin/food-delivery/los-vega-mexican-restaraunt/B6XfSMh1TMehLBLsBVMEGw,san-marcos-texas
https://www.ubereats.com/austin/food-delivery/earth-burger-east-hopkins/qoVPo7zkTtiJ5_B8eEDo9w,san-marcos-texas
https://www.ubereats.com/austin/food-delivery/starbucks-i-35-%26-cr-123/3LXqANQ3StiNI-pgTePIsQ,san-marcos-texas
https://www.ubereats.com/austin/food-delivery/papa-johns-216-e-hopkins-st/L_xxJFS5Qy2tmsjLNDn8BQ,san-marcos-texas
https://www.ubereats.com/austin/food-delivery/sonic-1646-aquarena-springs-dr/5P-0e24aRuWX-c5smKoU7A,san-marcos-texas
https://www.ubereats.com/austin/food-delivery/freebirds-world-burrito-909-state-highway-80-ste-c/Uw6448juTCGrpATshGMD6w,san-marcos-texas
https://www.ubereats.com/austin/food-delivery/k-bop/-Qv3wT2TQYeY2s3f2-_f4g,san-marcos-texas
https://www.ubereats.com/austin/food-delivery/fat-shack-san-marcos/4bWLf6BjTzuUPwELEL_Rzg,san-marcos-texas
https://www.ubereats.com/austin/food-delivery/wendys-701-east-hopkins-street/dE4w1kWTRLaM5W47hSBuDg,san-marcos-texas
https://www.ubereats.com/austin/food-delivery/taco-bell-4007-ih-35-s/IWORx8zAQ0CCauIURbC0Zg,san-marcos-texas
https://www.ubereats.com/austin/food-delivery/firehouse-subs-san-marcos/J9xow-iWRPexA1jIgsIfKw,san-marcos-texas
https://www.ubereats.com/austin/food-delivery/subway-690-centerpoint-plaza/RuZFVpn2TVSGLqFIb63QEg,san-marcos-texas
https://www.ubereats.com/austin/food-delivery/perk-up/24RY79NmRcqHzGSF7W_OcQ,san-marcos-texas
https://www.ubereats.com/austin/food-delivery/panera-2315-south-interstate-highway-35/DWoMHrX-TUy5VWQWTXGm3A,san-marcos-texas
https://www.ubereats.com/austin/food-delivery/chick-fil-a-2213-s-interstate-35/tCkw-XfJRXa6MDWrAdCbTw,san-marcos-texas
https://www.ubereats.com/austin/food-delivery/sonic-drive-in-interstate-35/P_In_dyUQeKoSlmkzDv-Iw,san-marcos-texas
https://www.ubereats.com/austin/food-delivery/shai-yo-thai/jIx5vlSWRqCHFcNx-h5yLw,san-marcos-texas
https://www.ubereats.com/austin/food-delivery/tastys/OIQ2vqZiQfKpXfkCLasXqA,san-marcos-texas
https://www.ubereats.com/austin/food-delivery/mcdonalds-1105-i-35-n/eMN5OEgaTVCMFVvWt93Xvg,san-marcos-texas
https://www.ubereats.com/austin/food-delivery/taco-bell-20347-ih-35/47-HNkTuTx-zkTz8-WBiJw,san-marcos-texas
https://www.ubereats.com/austin/food-delivery/five-guys-tx-1571-730-east-hopkins-st/EoWg9HHRRWCQKXePeykkLw,san-marcos-texas
https://www.ubereats.com/austin/food-delivery/54th-street-restaurant-%26-drafthouse-san-marcos/UmgsT8EzRR-PWJrM3aYp6Q,san-marcos-texas
https://www.ubereats.com/austin/food-delivery/jack-in-the-box-2207-s-ih-35/orY6vIxoQAeiDKheTsyL_w,san-marcos-texas
https://www.ubereats.com/austin/food-delivery/gils-broiler/cagjfKBWTwWU0OlxJPnRCQ,san-marcos-texas
