url,city
https://www.ubereats.com/san-francisco/food-delivery/sweet-moment/CPhudM_OSvetqGZZB9M2oQ,san-carlos-california
https://www.ubereats.com/san-francisco/food-delivery/kats-vietnam-house/eRkDZLCURlaY1jE91U59kQ,san-carlos-california
https://www.ubereats.com/san-francisco/food-delivery/the-habit-burger-grill-1100-park-place-bldg-2-suite-20/3zgT6iXUSXCsivL7ZKipfQ,san-carlos-california
https://www.ubereats.com/san-francisco/food-delivery/subway-2727-el-camino-real/PB-MkjQ7SVGbpb_kw19qlA,san-carlos-california
https://www.ubereats.com/san-francisco/food-delivery/mcdonalds-triton-dr/A9aAVZYgShW0dpGTEm2Z3Q,san-carlos-california
https://www.ubereats.com/san-francisco/food-delivery/panda-express-2011-chess-dr/07VQeDsNS_CcfuyEBDhdqw,san-carlos-california
https://www.ubereats.com/san-francisco/food-delivery/blue-whale-poke-bar-and-grill/C2RMj0QfSb26CjsWst3emw,san-carlos-california
https://www.ubereats.com/san-francisco/food-delivery/seiya-restaurant/ExpAaNZbRyqBjwvjvqdFZA,san-carlos-california
https://www.ubereats.com/san-francisco/food-delivery/fey/XXL7i5PSS6-hNZ5FmhOIsQ,san-carlos-california
https://www.ubereats.com/san-francisco/food-delivery/good-morning-sunshine/yzFJajsmQL2ku_7C4QFtdw,san-carlos-california
https://www.ubereats.com/san-francisco/food-delivery/bunbaocom-bubble-and-wrap/UF3hHO9MSXuZIfqWDLS8aw,san-carlos-california
https://www.ubereats.com/san-francisco/food-delivery/nick-the-greek-redwood-city/P1ALWHnnQuunnsetQrRyOQ,san-carlos-california
https://www.ubereats.com/san-francisco/food-delivery/summit-coffee/_SUeQfxSQy6Lgy23I0LOEg,san-carlos-california
https://www.ubereats.com/san-francisco/food-delivery/fuumi/kRDTlmEMRACfRISTEPs3-Q,san-carlos-california
https://www.ubereats.com/san-francisco/food-delivery/inchins-bamboo-garden-san-mateo/2lYrj183RTKKoBG5K9pR_A,san-carlos-california
https://www.ubereats.com/san-francisco/food-delivery/iguey-taqueria/aXKj9OtTTZaUOepZkZNKJA,san-carlos-california
https://www.ubereats.com/san-francisco/food-delivery/chatime-san-mateo/bZuyB7XTQBmIsg8eNkncog,san-carlos-california
https://www.ubereats.com/san-francisco/food-delivery/chantal-guillon-palo-alto/ruAmHOUUQm-b_py6TMclGw,san-carlos-california
https://www.ubereats.com/san-francisco/food-delivery/osteria-at-domenico-winery/C-yqEZVnTHy33HtfazJ8pQ,san-carlos-california
https://www.ubereats.com/san-francisco/food-delivery/humphry-slocombe-ice-cream-belmont/OYeVP3n4SMycUSGeC5f-Cg,san-carlos-california
https://www.ubereats.com/san-francisco/food-delivery/milagros/Z40qAf-1QKuXUEbAkbz-WQ,san-carlos-california
https://www.ubereats.com/san-francisco/food-delivery/frida-colibries-restaurant-%26-bar/2hBHe1y1Q72oMlW_e9KB-Q,san-carlos-california
https://www.ubereats.com/san-francisco/food-delivery/the-ice-cream-shop/eix93pIpSAexB_JSAL4oMg,san-carlos-california
https://www.ubereats.com/san-francisco/food-delivery/vivis-cafe/FBGFx5lDTWOUSvm4Li82Nw,san-carlos-california
https://www.ubereats.com/san-francisco/food-delivery/flights-burlingame/AqiSewoyRGuJsvY-0MvmuQ,san-carlos-california
https://www.ubereats.com/san-francisco/food-delivery/mr-pizza-man-san-mateo/YL3kCwSBQW2aOBg5_SxTiA,san-carlos-california
https://www.ubereats.com/san-francisco/food-delivery/menlo-cafe/crns7tfXS5m4DRbWXTpvlw,san-carlos-california
https://www.ubereats.com/san-francisco/food-delivery/woke-wok/7BoWYUidT-qPos4tCXowxw,san-carlos-california
https://www.ubereats.com/san-francisco/food-delivery/starbucks-el-camino-%26-woodside-rwc/Q_jUJnbcR5mWN2s3ooDi5A,san-carlos-california
https://www.ubereats.com/san-francisco/food-delivery/taqueria-las-cazuelas/WDVj0kKPTRKGZO0OZBirmA,san-carlos-california
https://www.ubereats.com/san-francisco/food-delivery/3-bees-coffee-house/xjBD9JSgTqGGndPnyMJSDg,san-carlos-california
https://www.ubereats.com/san-francisco/food-delivery/noodleosophy/NsHlXtlpSXC_fUf36ZkG7w,san-carlos-california
https://www.ubereats.com/san-francisco/food-delivery/pancho-villa-taqueria-san-mateo/RlGol_5dTKKktq5X5nhhLA,san-carlos-california
https://www.ubereats.com/san-francisco/food-delivery/subway-1602-el-camino-real/OpKSJwPqREar7UKZ3VWm7A,san-carlos-california
https://www.ubereats.com/san-francisco/food-delivery/aladdin-gourmet/APS__CinTzST1vD2tgc0hg,san-carlos-california
https://www.ubereats.com/san-francisco/food-delivery/86-prep/-VxD02FpR7SfvPLynBWTNw,san-carlos-california
https://www.ubereats.com/san-francisco/food-delivery/tamari-authentic-georgian-cuisine/2F1F6nZnTOCTmZqTsynUiA,san-carlos-california
https://www.ubereats.com/san-francisco/food-delivery/menchies-frozen-yogurt-1200-el-camino-real/YSJe6fFrR2aTy9EXgs85Cw,san-carlos-california
https://www.ubereats.com/san-francisco/food-delivery/kenta-ramen/c6a8Sdl0QRumExKR_ntJDw,san-carlos-california
https://www.ubereats.com/san-francisco/food-delivery/burger-king-505-skyway-road/voayXKiQQ7KQ8izT7dbawQ,san-carlos-california
https://www.ubereats.com/san-francisco/food-delivery/c-%26-c-curry-house-burlingame/QppKd3nVQSaPi6OW6kQVEA,san-carlos-california
https://www.ubereats.com/san-francisco/food-delivery/five-guys-801-middlefield-road/PNBMHEndSHSlhDtAyX2erQ,san-carlos-california
https://www.ubereats.com/san-francisco/food-delivery/yifang-taiwan-fruit-tea/DVF8252pQIeUmR7jrYIqSg,san-carlos-california
https://www.ubereats.com/san-francisco/food-delivery/el-grullense-grill-and-seafood/0_YDc5sMQ3OsXBvWeSbwpQ,san-carlos-california
https://www.ubereats.com/san-francisco/food-delivery/tai-wu-foster-city/535Rn-W-RqC2z2VfZ8mAzQ,san-carlos-california
https://www.ubereats.com/san-francisco/food-delivery/totos-pizzeria-%26-restaurant-san-mateo/jpzRDUFbTKOQSokCD9s5iQ,san-carlos-california
https://www.ubereats.com/san-francisco/food-delivery/spasso-restaurante-%26-wine-bar/j1p_0NsETweliLZNKC3SwQ,san-carlos-california
https://www.ubereats.com/san-francisco/food-delivery/cjs-gourmet-delicatessen/o1RLIioaShyX2d2dqYuk9g,san-carlos-california
https://www.ubereats.com/san-francisco/food-delivery/new-york-pizza-san-mateo/9imaxhwkRpm1CoMgpVjRHw,san-carlos-california
https://www.ubereats.com/san-francisco/food-delivery/everyday-beijing/izTdZNTgSD6PfOrl-J0lWg,san-carlos-california
https://www.ubereats.com/san-francisco/food-delivery/nick-the-greek-san-carlos/4RySDLtkQVqgMk63iQ0oXw,san-carlos-california
https://www.ubereats.com/san-francisco/food-delivery/the-ice-cream-shop/kMGfeg83ShCqMnFTKjnbLg,san-carlos-california
https://www.ubereats.com/san-francisco/food-delivery/mcdonalds-chestnut-st/jthjkNDtSMGhsZo6Qdnb_g,san-carlos-california
https://www.ubereats.com/san-francisco/food-delivery/brekkie-bagels/_pEWGMd6SPC6dKmPXNlbFQ,san-carlos-california
https://www.ubereats.com/san-francisco/food-delivery/flemings-prime-steakhouse-%26-wine-bar-palo-alto/vkJProDiS0KHnwSKoFYezg,san-carlos-california
https://www.ubereats.com/san-francisco/food-delivery/jupiter-juice/7sbObHnVRn2r5hXX0vnQqQ,san-carlos-california
https://www.ubereats.com/san-francisco/food-delivery/le-croissant-cafe/qOfheQE0QYe4n-k8b5k2BA,san-carlos-california
https://www.ubereats.com/san-francisco/food-delivery/sushi-lover/QAu0ZQ3ST7agviFKnWFWVw,san-carlos-california
https://www.ubereats.com/san-francisco/food-delivery/chocolate-making-%40-z-cioccolato-uber-moments/CNUSAGU3TZCbRQ7_5wJi-w,san-carlos-california
https://www.ubereats.com/san-francisco/food-delivery/pizzeria-delfina-palo-alto/7Szl92FlQvCW6FUH--ENsw,san-carlos-california
https://www.ubereats.com/san-francisco/food-delivery/big-joes-cafe/lPGrvDUWR4iH4EL2cdulCA,san-carlos-california
https://www.ubereats.com/san-francisco/food-delivery/north-beach-pizza-san-mateo/WAWIKQ1wSpuXBAN_AxRzGw,san-carlos-california
https://www.ubereats.com/san-francisco/food-delivery/rooster-%26-rice-main-st/N1GGkKZATkG2pbKy2fOrcA,san-carlos-california
https://www.ubereats.com/san-francisco/food-delivery/the-sandwich-spot-redwood-city/1gHdNp6jSEmVYeVh-7MSOQ,san-carlos-california
https://www.ubereats.com/san-francisco/food-delivery/starbucks-willow-%26-hamilton-menlo-park/c3ykaPrySoCwiZgYaLIOrQ,san-carlos-california
https://www.ubereats.com/san-francisco/food-delivery/five-guys-ca-1721-933-e-hillsdale/Hn-FlWjNQf-A5-UliMaGbg,san-carlos-california
https://www.ubereats.com/san-francisco/food-delivery/starbucks-redwood-shores/d4qSS10QTg24FhY_sC1TkA,san-carlos-california
https://www.ubereats.com/san-francisco/food-delivery/bay-watch-restaurant-san-mateo/i2r5QUvoSD-oY7it5vlcSQ,san-carlos-california
https://www.ubereats.com/san-francisco/food-delivery/shake-shack-180-el-camino-real/1r8aJ2I7SgWwYSwcgOhQPg,san-carlos-california
https://www.ubereats.com/san-francisco/food-delivery/mediterranean-kebab/MgPIz2JrRfi81YWexScoFg,san-carlos-california
https://www.ubereats.com/san-francisco/food-delivery/dosa-n-biryani/Y2g4PGbSQxugqw2s9-2_SQ,san-carlos-california
https://www.ubereats.com/san-francisco/food-delivery/aldos-pizza/UcalZh9WTHKE2gBeN0VH8w,san-carlos-california
https://www.ubereats.com/san-francisco/food-delivery/martins/8girb3eMRFqGvruuoang4A,san-carlos-california
https://www.ubereats.com/san-francisco/food-delivery/palette-tea-garden-san-mateo/GMgOfTS7QjK71zr3_vai_g,san-carlos-california
https://www.ubereats.com/san-francisco/food-delivery/porridge-%26-things/v0byjC4RT-2jZTbKaQGZ9g,san-carlos-california
https://www.ubereats.com/san-francisco/food-delivery/chipotle-mexican-grill-1050-park-pl/F7i_TYmySGStJDK-ViI_5g,san-carlos-california
https://www.ubereats.com/san-francisco/food-delivery/flamindogs/4kWENuQwQ-GXY0l89T8E3g,san-carlos-california
https://www.ubereats.com/san-francisco/food-delivery/starbucks-broadway-%26-laguna-burlingame/ptt6BTB-RraP6BprMKeRYw,san-carlos-california
https://www.ubereats.com/san-francisco/food-delivery/krave-kitchen/_r7fswY6ShyzOEAK6bHOAA,san-carlos-california
https://www.ubereats.com/san-francisco/food-delivery/cfood-crush/epQ6oAPMTJ6tNrTFBA7HRg,san-carlos-california
https://www.ubereats.com/san-francisco/food-delivery/starbucks-ralston-%26-el-camino-belmont/PiBzKGKyTxGBUsKSQlb8QA,san-carlos-california
https://www.ubereats.com/san-francisco/food-delivery/van-leeuwen-ice-cream-belmont/wDrmdeZIS-6ZMnPnESiryw,san-carlos-california
https://www.ubereats.com/san-francisco/food-delivery/ryoshin-sushi/KcJrbrTuQ7O8lTVScl-lFQ,san-carlos-california
https://www.ubereats.com/san-francisco/food-delivery/windy-city-pizza-%26-bbq/CJmStaUvRz68JvrhhVS7xQ,san-carlos-california
https://www.ubereats.com/san-francisco/food-delivery/sprinkles-palo-alto/d3LWDxyoR3-IydCRc8MdRQ,san-carlos-california
https://www.ubereats.com/san-francisco/food-delivery/the-cask-wine-bar/FMMPJITkQG2SFRykHvoxtQ,san-carlos-california
https://www.ubereats.com/san-francisco/food-delivery/gourmet-gyros-%26-kebabs/WDG5HeiaRbep9uBM6ApRmA,san-carlos-california
https://www.ubereats.com/san-francisco/food-delivery/starbird-chicken-foster-city/L1Wr3X1uSNK7x_LWv-ikKQ,san-carlos-california
https://www.ubereats.com/san-francisco/food-delivery/new-canton-restaurant/WxWF7yUCSB6f8iV-LkGu1w,san-carlos-california
https://www.ubereats.com/san-francisco/food-delivery/mirchi-indian-kitchen/z5QlydtKTwyYerMsKcz5Sg,san-carlos-california
https://www.ubereats.com/san-francisco/food-delivery/sultana/3hq2IDXWQAOMPeZJ3f5K5g,san-carlos-california
https://www.ubereats.com/san-francisco/food-delivery/los-tacos-locos/t4A5s-9sQBO-AY7gEacIcQ,san-carlos-california
https://www.ubereats.com/san-francisco/food-delivery/kincaids-60-bay-view-place/0IFtDe2CSlGQXn2MRPaIgQ,san-carlos-california
https://www.ubereats.com/san-francisco/food-delivery/peacocks-koriander-indian-cuisine/L43pbGw7TRKkwzHE5_01oQ,san-carlos-california
https://www.ubereats.com/san-francisco/food-delivery/draegers-market/9SXMuMUURAulOxagvK4dcQ,san-carlos-california
https://www.ubereats.com/san-francisco/food-delivery/sweethoney-dessert-foster-city/S2cC5LX5TeqOj_f8DIZzDA,san-carlos-california
https://www.ubereats.com/san-francisco/food-delivery/gelataio-san-carlos/FpW_DKKcSge1lX5po6_vYw,san-carlos-california
https://www.ubereats.com/san-francisco/food-delivery/amicis-east-coast-pizzeria-menlo-park/b2obLMxWRTqZvWvHKNzyUw,san-carlos-california
https://www.ubereats.com/san-francisco/food-delivery/totos-pizzeria-%26-restaurant-belmont/_PgymV8ARb-reXc8htcGMg,san-carlos-california
https://www.ubereats.com/san-francisco/food-delivery/senor-muy-tacos/agiekiUOREWihIFXK7qo3Q,san-carlos-california
https://www.ubereats.com/san-francisco/food-delivery/raretea/rOGMvOibRWm2RBkZRXWWLg,san-carlos-california
https://www.ubereats.com/san-francisco/food-delivery/zen-noodle-bar/kOgNei-ZQriZ0JYwdcJRkA,san-carlos-california
https://www.ubereats.com/san-francisco/food-delivery/jack-in-the-box-3199-el-camono-real/M77y8CKjSjC0eFpXDnJv7w,san-carlos-california
https://www.ubereats.com/san-francisco/food-delivery/mi-hacienda-taqueria/G3vLEVwPRm6xQaG6eaH-3Q,san-carlos-california
https://www.ubereats.com/san-francisco/food-delivery/super-cue-cafe-san-mateo/nAA2jA0yQjyXEs8QpEw1CA,san-carlos-california
https://www.ubereats.com/san-francisco/food-delivery/subway-758-woodside-rd/UC3O2IDSSDOXyRrjkMheAw,san-carlos-california
https://www.ubereats.com/san-francisco/food-delivery/young-can-wok/VNfaNxKvQiuMVAV1oX0vPg,san-carlos-california
https://www.ubereats.com/san-francisco/food-delivery/akizu-sushi/JWtgdhlgShOu-5b2nYF3cw,san-carlos-california
https://www.ubereats.com/san-francisco/food-delivery/the-ice-cream-shop/IrjDIFb3RyaF94ZTSVqrjg,san-carlos-california
https://www.ubereats.com/san-francisco/food-delivery/shihlin-san-mateo/sHQdZtxDRaSACvJHPTihVw,san-carlos-california
https://www.ubereats.com/san-francisco/food-delivery/kuro-obi-by-ippudo/7l95otBrRWO_ZM5MlMO_FA,san-carlos-california
https://www.ubereats.com/san-francisco/food-delivery/tea-plus-noodles/dOUoyHP7RRGBsnJrOrW1mQ,san-carlos-california
https://www.ubereats.com/san-francisco/food-delivery/pipeline-poke/97ZkTQVoRoOQcPXMgvJnHQ,san-carlos-california
https://www.ubereats.com/san-francisco/food-delivery/hi-city-foster-city/-UuGAyboQK6qy-MD4tGXPg,san-carlos-california
https://www.ubereats.com/san-francisco/food-delivery/lara-mediterranean-cuisine/cr7b3g_PRj6skncRn-Miig,san-carlos-california
https://www.ubereats.com/san-francisco/food-delivery/fortune-star-chinese-restaurant/g43BusiyTPC8_pKpiKci8w,san-carlos-california
https://www.ubereats.com/san-francisco/food-delivery/gyu-kaku-japanese-bbq-san-mateo/uiN-9DnXQxmAuIsnyexRkw,san-carlos-california
https://www.ubereats.com/san-francisco/food-delivery/the-sanewichbox/8XyAbqdhSYWbvzXWqVxdRQ,san-carlos-california
https://www.ubereats.com/san-francisco/food-delivery/golden-wok-bistro/mwITkGZtSa2LbOQjMcb6Zg,san-carlos-california
https://www.ubereats.com/san-francisco/food-delivery/urban-momo-san-mateo/TnfGSvIUR4iAK361DdcTrQ,san-carlos-california
https://www.ubereats.com/san-francisco/food-delivery/feng-cha-teahouse/PSsbXGd5SkCIDs6bmh0Omg,san-carlos-california
https://www.ubereats.com/san-francisco/food-delivery/main-and-elm/_dMyox_RSTmg0CUlgHmR0g,san-carlos-california
https://www.ubereats.com/san-francisco/food-delivery/hom-korean-kitchen-redwood-city/KB67cX2_RTOp12B4ePdnzg,san-carlos-california
https://www.ubereats.com/san-francisco/food-delivery/aya-sushi/tQSFAkkZSMOOiS04RLDtHw,san-carlos-california
https://www.ubereats.com/san-francisco/food-delivery/sharetea/-MqbqY0SR6e9zG7WpvyVkQ,san-carlos-california
https://www.ubereats.com/san-francisco/food-delivery/golden-wok/s3Kn6xPcQL65k4pA_AX8eQ,san-carlos-california
https://www.ubereats.com/san-francisco/food-delivery/cobani-gyro-%26-kebab/c8_lO_tQSaurXF8Wct3NeA,san-carlos-california
https://www.ubereats.com/san-francisco/food-delivery/starbucks-veterans-%26-walnut-redwood-city/VwJ_V-nMSZaeDpiMB6axdw,san-carlos-california
https://www.ubereats.com/san-francisco/food-delivery/taqueria-el-tulense/80wnwIa5QUy5uF4BN67WxQ,san-carlos-california
https://www.ubereats.com/san-francisco/food-delivery/local-food-hall-belmont/hsfXw2GgQmeS_wuuOq68jw,san-carlos-california
https://www.ubereats.com/san-francisco/food-delivery/old-port-lobster-shack-portola-valley/3TRmcq6TQIW_IgEP_3M_2A,san-carlos-california
https://www.ubereats.com/san-francisco/food-delivery/mr-burrito-man/PwwyBVtYQ0emgC5zoNdYAw,san-carlos-california
https://www.ubereats.com/san-francisco/food-delivery/otoko-sushi/4Fj8GodlTu-XGJlvarli9g,san-carlos-california
https://www.ubereats.com/san-francisco/food-delivery/the-refuge/wvJJiOZaTkKJYGNxhnX4ig,san-carlos-california
https://www.ubereats.com/san-francisco/food-delivery/bambu-desserts-%26-drinks/yPEQmSdrSZmxfcVjtT9Tyg,san-carlos-california
https://www.ubereats.com/san-francisco/food-delivery/meet-fresh/canPfYqtSziUDCtk-TJbYA,san-carlos-california
https://www.ubereats.com/san-francisco/food-delivery/tin-pot-creamery-san-mateo/_wnRc6tuRHemwCwwbnmqpA,san-carlos-california
https://www.ubereats.com/san-francisco/food-delivery/plaza-gourmet-delicatessen/FShJq2YvSGK3Figd2ubjBw,san-carlos-california
https://www.ubereats.com/san-francisco/food-delivery/cafe-figaro/1qruv9xcQfW4G_b3rinIAg,san-carlos-california
https://www.ubereats.com/san-francisco/food-delivery/tamale-barn/amuieMF2QkCZNbZdEpdWdA,san-carlos-california
https://www.ubereats.com/san-francisco/food-delivery/pho-element/yhHqv_CMTg6E0NDRLGReHA,san-carlos-california
https://www.ubereats.com/san-francisco/food-delivery/mitsunobu/j-bHBNNrRT-rJ4LoNPmJ5A,san-carlos-california
https://www.ubereats.com/san-francisco/food-delivery/pasha-meditterranean/vaJOXR1pQqm_TowNLILCyQ,san-carlos-california
https://www.ubereats.com/san-francisco/food-delivery/mcdonalds-1420-el-camino/oGgEeWBGQRGi4mE489CqQw,san-carlos-california
https://www.ubereats.com/san-francisco/food-delivery/primeros-tacos/BtDuYNSMTCG90JWlEciuCA,san-carlos-california
https://www.ubereats.com/san-francisco/food-delivery/mae-pad-thai/lv8KeqMrS4inysnfNp4I0Q,san-carlos-california
https://www.ubereats.com/san-francisco/food-delivery/spicy-empire/4QjycWXkRK-9Bedw911YMw,san-carlos-california
https://www.ubereats.com/san-francisco/food-delivery/sweetgreen-san-mateo/e5JSLOGWSk2n-jeNoCywXQ,san-carlos-california
https://www.ubereats.com/san-francisco/food-delivery/coffeebar-redwood-city/DJQhrGeYRJqZEisMH0Gw1A,san-carlos-california
https://www.ubereats.com/san-francisco/food-delivery/subway-1308-broadway/0oNP-0PEQ6un-xWPu-7HVg,san-carlos-california
https://www.ubereats.com/san-francisco/food-delivery/mints-%26-honey/m1IaJ6IuR-irshrWJmEUag,san-carlos-california
https://www.ubereats.com/san-francisco/food-delivery/falafel-tazah/ix8BqYdESc6jymp7NRhPmw,san-carlos-california
https://www.ubereats.com/san-francisco/food-delivery/royal-feast/gQWvQj6hRZ2dhory7WnmcA,san-carlos-california
https://www.ubereats.com/san-francisco/food-delivery/joe-%26-the-juice-889-winslow-street/HTvSWd4OR_aFmfezJEf3Mg,san-carlos-california
https://www.ubereats.com/san-francisco/food-delivery/park-%26-howard-bistro/TLsaOgS9SFCpAx3UX1zw6w,san-carlos-california
https://www.ubereats.com/san-francisco/food-delivery/new-flower-drum/-TXguCFJTgOvwOrJ9utD3g,san-carlos-california
https://www.ubereats.com/san-francisco/food-delivery/squeeze-inredwood-city/KqWNy41ZQSS6uRgJMROotg,san-carlos-california
https://www.ubereats.com/san-francisco/food-delivery/philz-coffee-2116-broadway/-ypczyOBSLipV_8wWzMWAw,san-carlos-california
https://www.ubereats.com/san-francisco/food-delivery/west-park-salads/OJynX33oScaGNxL2gPCQMQ,san-carlos-california
https://www.ubereats.com/san-francisco/food-delivery/rangoon-ruby-redwood-city/qJwtBLYhSN2mzANaZwjsjg,san-carlos-california
https://www.ubereats.com/san-francisco/food-delivery/ajisen-ramen-%E5%91%B3%E5%8D%83%E6%8B%89%E9%BA%B5/0FFPD-KMTkmCo8VjS-xEuQ,san-carlos-california
https://www.ubereats.com/san-francisco/food-delivery/tuna-kahuna/9BLUDCk0TRClZIBPxzLnYg,san-carlos-california
https://www.ubereats.com/san-francisco/food-delivery/americas-house-restaurant/lwxoF7LcSXa3CCAHaeSp9A,san-carlos-california
https://www.ubereats.com/san-francisco/food-delivery/little-hunan-restaurant/IjFE54OoSM-qEzpn8UhzRQ,san-carlos-california
https://www.ubereats.com/san-francisco/food-delivery/rise-pizzeria/BKZI0tmyQYKjwzlge2iOoA,san-carlos-california
https://www.ubereats.com/san-francisco/food-delivery/starbucks-deanza-%26-polhemus/ePUKm63TRcW1lZisGRst9w,san-carlos-california
https://www.ubereats.com/san-francisco/food-delivery/sanchos-taqueria-redwood-city/6qnS-jLLTTuYAgBwdhlzlQ,san-carlos-california
https://www.ubereats.com/san-francisco/food-delivery/spicy-factory/fogLZ-MfRlep3pBnpb-FFA,san-carlos-california
https://www.ubereats.com/san-francisco/food-delivery/town-of-dumpling/D84BYCaYQjSDolh7C-mG2w,san-carlos-california
https://www.ubereats.com/san-francisco/food-delivery/rangoon-ruby-san-carlos/W5rvJbAtS2SRFtdPHXy--A,san-carlos-california
https://www.ubereats.com/san-francisco/food-delivery/belcampo-san-mateo/2b_bsWIlQM6vmej21R8tow,san-carlos-california
https://www.ubereats.com/san-francisco/food-delivery/popeyes-740-woodside-rd/sW5T-GzGSkeXVh1sE7rkyA,san-carlos-california
https://www.ubereats.com/san-francisco/food-delivery/curry-hyuga/qRXAj-q4Q5ytR4IJUCLuXw,san-carlos-california
https://www.ubereats.com/san-francisco/food-delivery/mumu-hot-pot/G4fSLTwbQ9mqm5pOJTHc7Q,san-carlos-california
https://www.ubereats.com/san-francisco/food-delivery/little-sichuan/XMsEr62kSO2e4TxSxsoPuw,san-carlos-california
https://www.ubereats.com/san-francisco/food-delivery/lobstermainea/Kq514i-6QDqhIpdmIpPDAA,san-carlos-california
https://www.ubereats.com/san-francisco/food-delivery/gong-cha-palo-alto/vZDph0H9TYmwIU0zhvCfSw,san-carlos-california
https://www.ubereats.com/san-francisco/food-delivery/salad-rush/SfFHVXwsRK2NHnvcvqPvSA,san-carlos-california
https://www.ubereats.com/san-francisco/food-delivery/whispers-cafe-%26-creperie/HvZM0bMwRKOX_nYHzOLuJg,san-carlos-california
https://www.ubereats.com/san-francisco/food-delivery/ramen-sky/evKxItQ7Si20QfKEDlMLSg,san-carlos-california
https://www.ubereats.com/san-francisco/food-delivery/the-halal-guys-1531-main-st/Pgrv4CJ1TAyHIte9j0rBNA,san-carlos-california
https://www.ubereats.com/san-francisco/food-delivery/cafe-on-primrose/JHTlHQOBRgCXOw5z6LahPQ,san-carlos-california
https://www.ubereats.com/san-francisco/food-delivery/shiok-singapore-kitchen/6EoZao5dR96z5M_6Di8u6w,san-carlos-california
https://www.ubereats.com/san-francisco/food-delivery/village-host-pizza-%26-grill/aoxpT8tjTwumd9VnDENAQw,san-carlos-california
https://www.ubereats.com/san-francisco/food-delivery/pressed-juicery-burlingame/JmFkH5k_SiiTomMoY0NdkA,san-carlos-california
https://www.ubereats.com/san-francisco/food-delivery/yans-garden/m8W2ABTxRMidGM0ffwU0Rw,san-carlos-california
https://www.ubereats.com/san-francisco/food-delivery/fg-bakery-cafe/ZL9st-jnRsGbgmjWEWdhGA,san-carlos-california
https://www.ubereats.com/san-francisco/food-delivery/freddie-parkers-pasta-%2B-salad-shop-rc/uD1sgMihQoO5G0qOn-72mQ,san-carlos-california
https://www.ubereats.com/san-francisco/food-delivery/freddie-parkers-pasta-%2B-salad-shop-menlo-park/yznNeyIVSgG8kpnpH3hh4A,san-carlos-california
https://www.ubereats.com/san-francisco/food-delivery/starbucks-santa-cruz-avenue-menlo-park/JrfMfX7wRPuFiL1V-eL8QA,san-carlos-california
https://www.ubereats.com/san-francisco/food-delivery/roma/4OdJ8qFbT-mRiSVekAoReA,san-carlos-california
https://www.ubereats.com/san-francisco/food-delivery/ritas-italian-ice-740-el-camino-real/MIU_9woBSlGtJfOhWYaXpA,san-carlos-california
https://www.ubereats.com/san-francisco/food-delivery/seniores-pizza/aUov9OAeT_-MZAAXPy31jg,san-carlos-california
https://www.ubereats.com/san-francisco/food-delivery/shake-shack-33-hillsdale-shopping-center/cyofIsRPQKCS2f_XJto5xA,san-carlos-california
https://www.ubereats.com/san-francisco/food-delivery/luttickens/QyI9YrCFQOigyy520q3ZaQ,san-carlos-california
https://www.ubereats.com/san-francisco/food-delivery/lovin-cookie/Od5GvIY0QveGTLRXGibl1A,san-carlos-california
https://www.ubereats.com/san-francisco/food-delivery/broadway-masala/8SitbKRdQq-MjbxUs8TGsA,san-carlos-california
https://www.ubereats.com/san-francisco/food-delivery/limon-rotisserie-burlingame/qoROayB3QVm_8uqrf7V8ng,san-carlos-california
https://www.ubereats.com/san-francisco/food-delivery/burger-king-2102-middlefield-road/Tf6ooeeWQxikk6LK2u_XRw,san-carlos-california
https://www.ubereats.com/san-francisco/food-delivery/starbucks-foster-city-%26-civic-center/c7jMED9_RHmXuGup9uFb1Q,san-carlos-california
https://www.ubereats.com/san-francisco/food-delivery/stamp-bar-and-grill/8xasWnGvSNW5dtPpowohDw,san-carlos-california
https://www.ubereats.com/san-francisco/food-delivery/jack-in-the-box-1100-el-camino-real/Nd4GHO-BQdWqz7UnA4qGRw,san-carlos-california
https://www.ubereats.com/san-francisco/food-delivery/qube-bar-and-grill/T-0wZy5SR4yBSx1l85Awaw,san-carlos-california
https://www.ubereats.com/san-francisco/food-delivery/philz-coffee-305-primrose-road/KkwIEjMxRd2qhGYpMz-8wQ,san-carlos-california
https://www.ubereats.com/san-francisco/food-delivery/panda-express-1453-burlingame-ave/h-uwHE1HT7ycjRR4IBDXMw,san-carlos-california
https://www.ubereats.com/san-francisco/food-delivery/burger-king-575-el-camino-real/zbOMtEYIR6mmtc2AoWWDWA,san-carlos-california
https://www.ubereats.com/san-francisco/food-delivery/the-posh-bagel-menlo-park/oVJczBu4S3uSTiZzOfAsPA,san-carlos-california
https://www.ubereats.com/san-francisco/food-delivery/soons-tofu-%26-korean-bbq/6UyJc4OGTBOt3fLBC3t1iQ,san-carlos-california
https://www.ubereats.com/san-francisco/food-delivery/mendocino-farms-san-mateo/ongxkhdORxqprr6OB0ZePw,san-carlos-california
https://www.ubereats.com/san-francisco/food-delivery/teaspoon-san-mateo/J9FhQ321Tgy8PfJ3lDh-aQ,san-carlos-california
https://www.ubereats.com/san-francisco/food-delivery/thonglor-thai-bistro/bumLHDdHQIm5jO3DcLflIA,san-carlos-california
https://www.ubereats.com/san-francisco/food-delivery/maverick-jacks-burlingame/9JfmHuPVTx2mfNf7hYsyIQ,san-carlos-california
https://www.ubereats.com/san-francisco/food-delivery/papa-johns-pizza-san-mateo/GVNj4tWQSr6gMfbo9rwHeQ,san-carlos-california
https://www.ubereats.com/san-francisco/food-delivery/wing-nuts!/0leOLnNBTTSUFjwdutJMsw,san-carlos-california
https://www.ubereats.com/san-francisco/food-delivery/cheung-hing-seafood-restaurant/XQNKEk3eREC8Tsr28PaRzw,san-carlos-california
https://www.ubereats.com/san-francisco/food-delivery/freddie-parkers-pasta-%2B-salad-shop-san-mateo/k08PEO-EQLi1uKwGmggLbw,san-carlos-california
https://www.ubereats.com/san-francisco/food-delivery/hummus-mediterranean-kitchen/_0rvbfxRSU-CJBfFZgVGkA,san-carlos-california
https://www.ubereats.com/san-francisco/food-delivery/kobe-japanese-cuisine-%26-bar/NIAHjEDUSTGpT351MFkQ1g,san-carlos-california
https://www.ubereats.com/san-francisco/food-delivery/taco-bell-1701-e-bayshore-rd/-kM6VQsfSviPFnvAgiR9dw,san-carlos-california
https://www.ubereats.com/san-francisco/food-delivery/kaya-bakery/v2lfrpYbQO6rcDHn5XSd_A,san-carlos-california
https://www.ubereats.com/san-francisco/food-delivery/unfurl/yL8ftQ0sTzWdIg-A-rdQow,san-carlos-california
https://www.ubereats.com/san-francisco/food-delivery/kamakshis-kitchen/HQBhco43S2Gv5VrAmsJdMQ,san-carlos-california
https://www.ubereats.com/san-francisco/food-delivery/olives-mediterranean-%26-greek-cuisine/cP1ufvOXS4qicVwCzQPZgQ,san-carlos-california
https://www.ubereats.com/san-francisco/food-delivery/tierra-blanca-sushi-y-mariscos/YgLpTL5NSnm_FGYBl8ovww,san-carlos-california
https://www.ubereats.com/san-francisco/food-delivery/wokitchen/BNgy8tUFSJWpcqen-jFZTQ,san-carlos-california
https://www.ubereats.com/san-francisco/food-delivery/jamba-juice-1005-1-2-alameda-de-las-pulgas/cb8PM4HSTZGr-4NhA9U9Qg,san-carlos-california
https://www.ubereats.com/san-francisco/food-delivery/subway-744-el-camino-real/lApr0GyHS0WE7fB1JV9VuA,san-carlos-california
https://www.ubereats.com/san-francisco/food-delivery/vivace-restaurant/rIDjTxgGSEq4a48fBQBNPw,san-carlos-california
https://www.ubereats.com/san-francisco/food-delivery/taco-bell-1103-veterans-blvd/w0tQMxmMSd-qTORo5hkuIg,san-carlos-california
https://www.ubereats.com/san-francisco/food-delivery/teaspoon-burlingame/cmKxe9ENQAugWbzaVHFzpQ,san-carlos-california
https://www.ubereats.com/san-francisco/food-delivery/thai-stick/rNGDklvBSXevmQoFYZ9xbA,san-carlos-california
https://www.ubereats.com/san-francisco/food-delivery/the-chennai-club/lFNnqcP0QwSpN0im6Oaclg,san-carlos-california
https://www.ubereats.com/san-francisco/food-delivery/starbucks-woodside-%26-gordon-redwood-city/T_Mhh_OrSly21Blgw9tbyg,san-carlos-california
https://www.ubereats.com/san-francisco/food-delivery/jack-in-the-box-1205-broadway-st/cszTHJJ7Rm-S3eRNx4InQA,san-carlos-california
https://www.ubereats.com/san-francisco/food-delivery/ritha-indian-restaurant/t5LLX-_xSlKY6uMFcu8tkg,san-carlos-california
https://www.ubereats.com/san-francisco/food-delivery/starbucks-4th-st-san-mateo/xhBSHnCgTa2ScHij7_C6ng,san-carlos-california
https://www.ubereats.com/san-francisco/food-delivery/tea-it-up/-w1XgNjiQE2JIB_zmDXvig,san-carlos-california
https://www.ubereats.com/san-francisco/food-delivery/chuck-%E2%80%98s-donuts/zy6XAfJxTvOu02JFndauRw,san-carlos-california
https://www.ubereats.com/san-francisco/food-delivery/subway-850-willow-rd/s2ZpLGyXShO7dcENpTr_Ww,san-carlos-california
https://www.ubereats.com/san-francisco/food-delivery/grindstone-coffee/9xfxgNPJRIO6CYv0siScwQ,san-carlos-california
https://www.ubereats.com/san-francisco/food-delivery/togos-242-redwood-shores-pkwy/h6TlrQikQJygB-X1NfmjXA,san-carlos-california
https://www.ubereats.com/san-francisco/food-delivery/sushi-maruyama/uy-y_nm6Qs-M-DeYExqYhg,san-carlos-california
https://www.ubereats.com/san-francisco/food-delivery/taco-bell-500-e-4th-ave/VADpYXxRReCwmRFhwCzsGw,san-carlos-california
https://www.ubereats.com/san-francisco/food-delivery/eggwich/YHrEIccORdmIIdttxqPsnA,san-carlos-california
https://www.ubereats.com/san-francisco/food-delivery/starbucks-saratoga-%26-park-place-san-mateo/liLgVYf4R6uXA_4VrnNyDQ,san-carlos-california
https://www.ubereats.com/san-francisco/food-delivery/angelicas/X0jEBWZ2RxWOek81wsX-1w,san-carlos-california
https://www.ubereats.com/san-francisco/food-delivery/taza-deli-and-cafe/V2yqlwdVQL-xYyHacRnDKw,san-carlos-california
https://www.ubereats.com/san-francisco/food-delivery/kicks-sports-and-grill/opMmx9_6Rw2hxGXgPUoPlw,san-carlos-california
https://www.ubereats.com/san-francisco/food-delivery/lulus-on-laurel/nLO1WZ42T7mVnnUx4kNZ4g,san-carlos-california
https://www.ubereats.com/san-francisco/food-delivery/pinstripes-san-mateo/qvpYlk9LRP6YSlCWlUCYuA,san-carlos-california
https://www.ubereats.com/san-francisco/food-delivery/cafe-400/cNd1PZpxRWeu5ilwAo5gfA,san-carlos-california
https://www.ubereats.com/san-francisco/food-delivery/cup-of-blooms/xRzPi3YMSbyKVn5lhOxP6Q,san-carlos-california
https://www.ubereats.com/san-francisco/food-delivery/noelanis-hawaiian-fusion-bar-and-grill/lrar3P6bR1CWNwanyQPPqg,san-carlos-california
https://www.ubereats.com/san-francisco/food-delivery/the-sandwich-spot-san-mateo/xPyA8trVQ3OPA-lRb7IrGA,san-carlos-california
https://www.ubereats.com/san-francisco/food-delivery/clay-oven-san-mateo/Q4G5WUItTmaMQ23kzhpH3Q,san-carlos-california
https://www.ubereats.com/san-francisco/food-delivery/dog-haus-biergarten/Mweh9PV5StO5tJZ4tcoG9w,san-carlos-california
https://www.ubereats.com/san-francisco/food-delivery/penelopes-coffee-and-tea/kSOUvAc9RN-WUcUXYkfRyQ,san-carlos-california
https://www.ubereats.com/san-francisco/food-delivery/china-live-signatures-belmont/AspYIfl1TgKwXStHsA4saw,san-carlos-california
https://www.ubereats.com/san-francisco/food-delivery/falafelle/IdI6hc9dSGikJgeleJWdrA,san-carlos-california
https://www.ubereats.com/san-francisco/food-delivery/bay-area-bagels/jaI6bP-eSL6xLGpzvFjPwQ,san-carlos-california
https://www.ubereats.com/san-francisco/food-delivery/patio-coffee-shop/fByDdWD3Q0SAi7FWerjzaw,san-carlos-california
https://www.ubereats.com/san-francisco/food-delivery/jacks-prime-burgers-%26-shakes/r0p60_jTSdahs0jDIbG_ZA,san-carlos-california
https://www.ubereats.com/san-francisco/food-delivery/lulus-on-the-alameda/4U-tZ0gYQWSyhjKetW981Q,san-carlos-california
https://www.ubereats.com/san-francisco/food-delivery/saltyard/6_l5FifmTw6MqS07PwoMjQ,san-carlos-california
https://www.ubereats.com/san-francisco/food-delivery/little-belmont-cafe/jh_zxomoTYemnO-tP5c2wQ,san-carlos-california
https://www.ubereats.com/san-francisco/food-delivery/chipotle-mexican-grill-2019-chess-dr/YZzdoTLORsaQc2HaGX3obw,san-carlos-california
https://www.ubereats.com/san-francisco/food-delivery/salt-%26-straw-burlingame/V7xHkkYuRFetxSg2UIabSw,san-carlos-california
https://www.ubereats.com/san-francisco/food-delivery/gigis-cafe/IoRNA67SRte0CCs4Muo92g,san-carlos-california
https://www.ubereats.com/san-francisco/food-delivery/la-corneta-taqueria-san-carlos-ave/Oi9Qt0mYTNG12o1UIPwt6g,san-carlos-california
https://www.ubereats.com/san-francisco/food-delivery/san-carlos-bar-%26-grill/vungF_aZRFCHN36w8X59-A,san-carlos-california
https://www.ubereats.com/san-francisco/food-delivery/west-park-farm-%26-sea/lyIoD5mIR061xwntMHtn7w,san-carlos-california
https://www.ubereats.com/san-francisco/food-delivery/la-pinata-mexicatesen/k9Dhiw3eTs2wK7r11FqlFA,san-carlos-california
https://www.ubereats.com/san-francisco/food-delivery/eats-meets-west-bowls/90kV0yCVSaGWI7WYYeJIrw,san-carlos-california
https://www.ubereats.com/san-francisco/food-delivery/3-pigs-bbq/FmxrRS73QF-tB50E2cc3Xw,san-carlos-california
https://www.ubereats.com/san-francisco/food-delivery/pizza-my-heart-redwood-city/ZjEtwB0-SZa-L83QYnIChw,san-carlos-california
https://www.ubereats.com/san-francisco/food-delivery/the-prolific-oven-bakery-%26-cafe-palo-alto/QI1wk_BbS8iQ7tsb5YXGnw,san-carlos-california
https://www.ubereats.com/san-francisco/food-delivery/old-port-lobster-shack-middlefield-road/8MkWLBDjTviDE0-fhmbiFg,san-carlos-california
https://www.ubereats.com/san-francisco/food-delivery/mediterranean-kitchen/qXUowILQS_mP7QGZu-bIOw,san-carlos-california
https://www.ubereats.com/san-francisco/food-delivery/saneburger/KEIdBLb5TnqNKwlXXVU_7A,san-carlos-california
https://www.ubereats.com/san-francisco/food-delivery/cyclismo-cafe/E6L7OUbxRqG7rPvzVt13yQ,san-carlos-california
https://www.ubereats.com/san-francisco/food-delivery/shiki-laurelwood/zbL0X3KITpiKqGkoGISW1A,san-carlos-california
https://www.ubereats.com/san-francisco/food-delivery/yama-sushi-belmont/d_XUoVL7Q0GJx4MeAF52uw,san-carlos-california
https://www.ubereats.com/san-francisco/food-delivery/starbird-wings-foster-city/wU2l_jpyRB-tEGzu11Ae7w,san-carlos-california
https://www.ubereats.com/san-francisco/food-delivery/zadna/_saLnaLxSBOlcylOovsmKw,san-carlos-california
https://www.ubereats.com/san-francisco/food-delivery/ikes-love-and-sandwiches-burlingame/KIeokuKxRv25WoHG8WLWlw,san-carlos-california
https://www.ubereats.com/san-francisco/food-delivery/fiddlers-green-irish-pub-%26-restaurant/QQkq7VAeQriL7SUkpZqI4w,san-carlos-california
https://www.ubereats.com/san-francisco/food-delivery/kunuginoodle/ZSnCKrTXQh2qMhmmA2o9EA,san-carlos-california
https://www.ubereats.com/san-francisco/food-delivery/homeskillet-veterans-blvd/rylXY2yJSImGMe0VNJNbVA,san-carlos-california
https://www.ubereats.com/san-francisco/food-delivery/streetside-by-dosa-belmont/eShq4smqS0u1GotBqH_Bfw,san-carlos-california
https://www.ubereats.com/san-francisco/food-delivery/dunkin-240-el-camino-real/EdRJdW75RdCC71UuPQH5XQ,san-carlos-california
https://www.ubereats.com/san-francisco/food-delivery/poppies-bistro/IORz997NSgyXbucY6fFVIQ,san-carlos-california
https://www.ubereats.com/san-francisco/food-delivery/noodles-%26-things/nodR7XeLQZ2zPwWSmICCGg,san-carlos-california
https://www.ubereats.com/san-francisco/food-delivery/izakaya-ginji/FHav_eCsRSiNec9lZx4xbA,san-carlos-california
https://www.ubereats.com/san-francisco/food-delivery/roam-artisan-burgers-bay-meadows/s0xSQ7zgSiasFI16MIbqng,san-carlos-california
https://www.ubereats.com/san-francisco/food-delivery/nuris-donut-house/BXkwY3TrTD2908EjZHYB9A,san-carlos-california
https://www.ubereats.com/san-francisco/food-delivery/mrpickles-sandwich-shop-belmont/tyY_cWOqR52pxAbqHpEWHg,san-carlos-california
https://www.ubereats.com/san-francisco/food-delivery/golden-9th-lunchbox/rwSkheIuQyGmXuJVhmfdsQ,san-carlos-california
https://www.ubereats.com/san-francisco/food-delivery/get-fed-eats/kMuxQH-TREeTMbutmIMjrg,san-carlos-california
https://www.ubereats.com/san-francisco/food-delivery/888-ristorante-italiano/GNQWWzdxQ3aqcVMSP8Xgog,san-carlos-california
https://www.ubereats.com/san-francisco/food-delivery/the-ice-cream-shop/zM1UDRjWTDWgqkkRgW6Y3Q,san-carlos-california
https://www.ubereats.com/san-francisco/food-delivery/l%26l-hawaiian-bbq-94-e-3rd-ave/moyjWh1qS1qQDGUJneTkyg,san-carlos-california
https://www.ubereats.com/san-francisco/food-delivery/foreigner/j5sCFNCBRgKKFLlH07ygFA,san-carlos-california
https://www.ubereats.com/san-francisco/food-delivery/wendys-698-ralston-avenue/_Yy-DG2JScCsDfr456vtdA,san-carlos-california
https://www.ubereats.com/san-francisco/food-delivery/izakaya-mai/ynZASyzzRaitAPG2rsE-cA,san-carlos-california
https://www.ubereats.com/san-francisco/food-delivery/amicis-east-coast-pizzeria/O4apJYxoTYG8lRHm8rztMQ,san-carlos-california
https://www.ubereats.com/san-francisco/food-delivery/rock-n-wraps-%26-kababs/TmKim8ZxRJGHQWeAKXbjEA,san-carlos-california
https://www.ubereats.com/san-francisco/food-delivery/chef-sha/M9zmCZKzRFKcOFj5CUUDJw,san-carlos-california
https://www.ubereats.com/san-francisco/food-delivery/amausaan-uji-matcha%E7%94%98%E5%85%94%E5%BA%B5/Qv2OWnLyRC6K-w6tmVNHhw,san-carlos-california
https://www.ubereats.com/san-francisco/food-delivery/mcdonalds-woodside-rd/7Pmv8ZNmS8a2I-rd6XJB_g,san-carlos-california
https://www.ubereats.com/san-francisco/food-delivery/tratt-san-carlos/GxGumVm-RR23zGfFcIAiDQ,san-carlos-california
https://www.ubereats.com/san-francisco/food-delivery/koja-kitchen-sb/tpAxrzL_TPasRnVdJ-wt9g,san-carlos-california
https://www.ubereats.com/san-francisco/food-delivery/taku-taku-peruvian-cuisine/P_Jp_vzqT7-NhjJBxExi5Q,san-carlos-california
https://www.ubereats.com/san-francisco/food-delivery/jack-in-the-box-986-woodside-rd/wxrGFRQxSQa5Y5VE3Pjotw,san-carlos-california
https://www.ubereats.com/san-francisco/food-delivery/grand-harbor-seafood-and-dimsum/r_3M591OR9WD-a6tBD-upQ,san-carlos-california
https://www.ubereats.com/san-francisco/food-delivery/poki-time-belmont/7-0igRgET-qCXxbwllGiCA,san-carlos-california
https://www.ubereats.com/san-francisco/food-delivery/spill-the-tea/C3feL_4NTo6yg017Nid6iA,san-carlos-california
https://www.ubereats.com/san-francisco/food-delivery/calibur-express-belmont/Tt_lujnVRviWP4O2r_6xEA,san-carlos-california
https://www.ubereats.com/san-francisco/food-delivery/left-bank-menlo-park/5FGwB34cShm1zHH2LU87-w,san-carlos-california
https://www.ubereats.com/san-francisco/food-delivery/deja-vu-juice-bar/vo9grrakRHS8-bOgL-_JUw,san-carlos-california
https://www.ubereats.com/san-francisco/food-delivery/dennys-2920-s-norfolk/FdJ_bIzkQX6pOUaQdL5MqA,san-carlos-california
https://www.ubereats.com/san-francisco/food-delivery/stacks-redwood-city/-rXpsnfuThWbJrHORNXatw,san-carlos-california
https://www.ubereats.com/san-francisco/food-delivery/cuban-kitchen/gH6o8z9FSXiJKpMc9hntLw,san-carlos-california
https://www.ubereats.com/san-francisco/food-delivery/jack-in-the-box-3477-1401-willow-rd/fTU2F7yuQ9m76ds8L74mww,san-carlos-california
https://www.ubereats.com/san-francisco/food-delivery/the-ice-cream-shop/S5B0LvupTQC4oyiS4ppkyQ,san-carlos-california
https://www.ubereats.com/san-francisco/food-delivery/piacere/bX_iTiHNSR-SUZrCEUNzgw,san-carlos-california
https://www.ubereats.com/san-francisco/food-delivery/neals-coffee-shop-san-mateo/yJg525amQxqtZKTShzpQbg,san-carlos-california
https://www.ubereats.com/san-francisco/food-delivery/una-mas-mexican-grill-redwood-city/bgZiM0fMSHSUOcB4ohXwqw,san-carlos-california
https://www.ubereats.com/san-francisco/food-delivery/taqueria-la-cumbre/nHWBzh9fQwy0HiLa8o_C9g,san-carlos-california
https://www.ubereats.com/san-francisco/food-delivery/kemuri-japanese-baru/CpOBWLWmSZyEZau33RIu9g,san-carlos-california
https://www.ubereats.com/san-francisco/food-delivery/crab-on-the-run/8fjcGSboT8ibyM-vTJxsHg,san-carlos-california
https://www.ubereats.com/san-francisco/food-delivery/taco-bell-1975-s-el-camino-real/Q71y1KLxRzyZmw-dWXDaXg,san-carlos-california
https://www.ubereats.com/san-francisco/food-delivery/the-crepe-stop/5m4yZmMQSkemaGqEhlXYrQ,san-carlos-california
https://www.ubereats.com/san-francisco/food-delivery/emelinas-peruvian-restaurant/ouu9PNEsSg2klCxzSQZIgg,san-carlos-california
https://www.ubereats.com/san-francisco/food-delivery/blind-tasting/3TjY8GJaQ_y4ocLMUl911A,san-carlos-california
https://www.ubereats.com/san-francisco/food-delivery/take-it-home/9XrXEmQhSYuBAF3ZVdN4JA,san-carlos-california
https://www.ubereats.com/san-francisco/food-delivery/arya-global-cuisine-redwood-city/gAaUjtdGSvm4syNhr6GLTw,san-carlos-california
https://www.ubereats.com/san-francisco/food-delivery/mediterranean-delite/HR-Au9UtSxSrVMtl47oo0w,san-carlos-california
https://www.ubereats.com/san-francisco/food-delivery/happy-donuts/thairFr4QbGkvIk_H3PdXQ,san-carlos-california
https://www.ubereats.com/san-francisco/food-delivery/ihop-491-veterans-blvd/pW0QRLNwQHy7Wjpd-NeQTg,san-carlos-california
https://www.ubereats.com/san-francisco/food-delivery/edible-arrangements-1866-s-norfolk-st/aPjlX5tqT16mFiyPseqYKw,san-carlos-california
https://www.ubereats.com/san-francisco/food-delivery/sajj-san-mateo/mPFplMlATlyhPV0mavb9fg,san-carlos-california
https://www.ubereats.com/san-francisco/food-delivery/donut-king/xxStmpHfQR2QPNy1fZXDIw,san-carlos-california
https://www.ubereats.com/san-francisco/food-delivery/subway-1926-el-camino-real/ISo4b_gjSh22H5dCpRAgJA,san-carlos-california
https://www.ubereats.com/san-francisco/food-delivery/amazing-wok/w9ZIDcUWS6KfftzGmEAJ9A,san-carlos-california
https://www.ubereats.com/san-francisco/food-delivery/cafe-la-tartine/RDpq1rnQQhmgl2ePwQ4XHQ,san-carlos-california
https://www.ubereats.com/san-francisco/food-delivery/hot-wok-cafe/Zk1l23BiSqWt3y62n3wF0A,san-carlos-california
https://www.ubereats.com/san-francisco/food-delivery/the-halal-guys-san-mateo/Lvbtk0AFQ3mCkntywazHXA,san-carlos-california
https://www.ubereats.com/san-francisco/food-delivery/mr-green-salad/8IaugHCDQYSSrsoDsbXo0A,san-carlos-california
https://www.ubereats.com/san-francisco/food-delivery/karakade-thai-cuisine/Qv5zRBB3TVSv4VFsmWM57g,san-carlos-california
https://www.ubereats.com/san-francisco/food-delivery/icicles-san-mateo/cYodc86qRLOS8ZuU-G-BEQ,san-carlos-california
https://www.ubereats.com/san-francisco/food-delivery/chef-zhao-bistro-san-mateo/qdx4-I8cRpeRssw7NVBeJw,san-carlos-california
https://www.ubereats.com/san-francisco/food-delivery/panda-express-74-hillsdale-mall/tpsSayAfRPWPhMOtJM9DoQ,san-carlos-california
https://www.ubereats.com/san-francisco/food-delivery/taco-bell-259-el-camino-real/kbJCoZeqRE2eAZFbC7VxsQ,san-carlos-california
https://www.ubereats.com/san-francisco/food-delivery/hot-wok-bistro-too/38RWbUj5QI-bYjKsH_Catw,san-carlos-california
https://www.ubereats.com/san-francisco/food-delivery/totoro-ramen/aCPGHOGBQAmmEes0GTz3zA,san-carlos-california
https://www.ubereats.com/san-francisco/food-delivery/coupa-cafe/HRz413tJRmCjY8nJhsj-Cw,san-carlos-california
https://www.ubereats.com/san-francisco/food-delivery/zorbas-san-mateo/rqHcWpi_SymrvRnhxVVmNQ,san-carlos-california
https://www.ubereats.com/san-francisco/food-delivery/b*tch-dont-grill-my-cheese/nuZ72gdHTXGOjULoqCAg0A,san-carlos-california
https://www.ubereats.com/san-francisco/food-delivery/lai-lai-restaurant/SxqIEqhyTseNUpHj83ehHg,san-carlos-california
https://www.ubereats.com/san-francisco/food-delivery/cherimoya/0BJQtPBLSd2rWIoQtejKrg,san-carlos-california
https://www.ubereats.com/san-francisco/food-delivery/delicious-crepes/5yDm4_DnTpKjTY74eYVdyg,san-carlos-california
https://www.ubereats.com/san-francisco/food-delivery/hu-bei-restaurant/tRgM6jjlQiOvcSHO_qIswQ,san-carlos-california
https://www.ubereats.com/san-francisco/food-delivery/sesame-korean-cuisine/10VsVhOcTE2QkaDNl7G0Zg,san-carlos-california
https://www.ubereats.com/san-francisco/food-delivery/martins-kitchen-and-catering/3TFJw1r-S1mRTw0as_mCEA,san-carlos-california
https://www.ubereats.com/san-francisco/food-delivery/wendys-1852-el-camino-real/8iDc9K6hSjOKB3ChgaXFsQ,san-carlos-california
https://www.ubereats.com/san-francisco/food-delivery/kostantis/DpbTGXtMQD2ldoLXVniNsA,san-carlos-california
https://www.ubereats.com/san-francisco/food-delivery/new-thai-elephant/jKJIfhkTSZ6yChF-he91Xw,san-carlos-california
https://www.ubereats.com/san-francisco/food-delivery/panda-express-1023-el-camino-real/pVwh5j-qRaOA-y8sJCOl4A,san-carlos-california
https://www.ubereats.com/san-francisco/food-delivery/spicy-platters/P7heb95VS96BbH6g5sZ4Og,san-carlos-california
https://www.ubereats.com/san-francisco/food-delivery/papalote-mexican-grill-belmont/s4ebTv0zQcmH_k4Pkjlpgg,san-carlos-california
https://www.ubereats.com/san-francisco/food-delivery/bangkok-bay-thai-cuisine/4EhKfkW-TWS8EzomnSWy_A,san-carlos-california
https://www.ubereats.com/san-francisco/food-delivery/som-tum-station/wytCqUcJRqWdbEE6WaOGJg,san-carlos-california
https://www.ubereats.com/san-francisco/food-delivery/pho-82/jMQ0ZeRUSkSbFud4Mm6P8g,san-carlos-california
https://www.ubereats.com/san-francisco/food-delivery/dennys-1201-broadway/bhfQ-u-vQja07jUgFa1bfw,san-carlos-california
https://www.ubereats.com/san-francisco/food-delivery/hobees-restaurant-belmont/D86bqMgESOmXcl-_fybbpQ,san-carlos-california
https://www.ubereats.com/san-francisco/food-delivery/yangon/kabxOrh_RWyqqPECKKoJXw,san-carlos-california
https://www.ubereats.com/san-francisco/food-delivery/crepe-island/zKuL4no9QNqsy6oxytJzXA,san-carlos-california
https://www.ubereats.com/san-francisco/food-delivery/asian-box-burlingame/C1MIsjlhTIyzrKFa-XQdtw,san-carlos-california
https://www.ubereats.com/san-francisco/food-delivery/urban-ritual/NlKDAarxRxi92ICFHm6E5g,san-carlos-california
https://www.ubereats.com/san-francisco/food-delivery/sugandh-indian-restaurant/m2IAIwpHSdCxcytCkW0RIg,san-carlos-california
https://www.ubereats.com/san-francisco/food-delivery/patxis-pizza-san-carlos/KAfTwifaTa6A7wxqkcX9GA,san-carlos-california
https://www.ubereats.com/san-francisco/food-delivery/bjs-restaurant-%26-brewhouse-2206-bridgepoint-parkway/OjQEiidvRJisc7qqR6mTiQ,san-carlos-california
https://www.ubereats.com/san-francisco/food-delivery/the-ice-cream-shop/5eHhKyOYRWSEVhW_IIPQsw,san-carlos-california
https://www.ubereats.com/san-francisco/food-delivery/izzys-steaks-%26-chops/b1ypvJ0zQ46BU_ynY4ylFA,san-carlos-california
https://www.ubereats.com/san-francisco/food-delivery/royal-donut-cafe/SOru7WHySk2CYuUGNscK3Q,san-carlos-california
https://www.ubereats.com/san-francisco/food-delivery/mod-pizza-foster-city/T4uhc8EwRk-4k8gM-2jvWA,san-carlos-california
https://www.ubereats.com/san-francisco/food-delivery/red-hot-chilli-pepper/ti7g_NbSQBKC2LxIQtMlZA,san-carlos-california
https://www.ubereats.com/san-francisco/food-delivery/philz-coffee-113-s-b-stsan-mateo/0UWVuhDhS3aLDbeCCh6LQA,san-carlos-california
https://www.ubereats.com/san-francisco/food-delivery/fusion-peruvian-grill/1ZWfMH5hRaODAg55nh2nlw,san-carlos-california
https://www.ubereats.com/san-francisco/food-delivery/trapeze-restaurant/9AYpe6RoQKmtA0eYLDaMZg,san-carlos-california
https://www.ubereats.com/san-francisco/food-delivery/old-port-lobster-shack-redwood-city/1P4UadKHQWi9EMSX6AiHNQ,san-carlos-california
https://www.ubereats.com/san-francisco/food-delivery/donut-delite-menlo-park/UXWvaAbcQXioL4kwjNYX0Q,san-carlos-california
https://www.ubereats.com/san-francisco/food-delivery/crepe-made-simple/BEcJH0FoToaPT483gvbfHQ,san-carlos-california
https://www.ubereats.com/san-francisco/food-delivery/go-fish-poke-bar-redwood-city/TKxLz9sdQu2w2PC4OnTgyg,san-carlos-california
https://www.ubereats.com/san-francisco/food-delivery/village-host-pizza-%26-grill-burlingame/rztiG8h9RLmnmt3UiLBNJA,san-carlos-california
https://www.ubereats.com/san-francisco/food-delivery/freddie-parkers-pasta-%26-salad-shop-menlo-park/oKAtQkk0RzmOrsQThFGuwQ,san-carlos-california
https://www.ubereats.com/san-francisco/food-delivery/mrteriyaki-sushi/QH1mCfBoQKOWgo6SgId2bQ,san-carlos-california
https://www.ubereats.com/san-francisco/food-delivery/marvin-gardens/ZtMJoDW-TZmZ5oz2L-NxJg,san-carlos-california
https://www.ubereats.com/san-francisco/food-delivery/mardinis-deli/aEeOrYh6SAqeIRgqJnyDiw,san-carlos-california
https://www.ubereats.com/san-francisco/food-delivery/starbucks-sequoia-station-redwood-city/8UKOCGxyTNqV-XTioNCRug,san-carlos-california
https://www.ubereats.com/san-francisco/food-delivery/curry-up-now-san-mateo/LIx4aQqcQAyN_ImO1prMbg,san-carlos-california
https://www.ubereats.com/san-francisco/food-delivery/los-carnalitos/zK8cPWWkQwKI3Efe_moYwg,san-carlos-california
https://www.ubereats.com/san-francisco/food-delivery/panda-express-1050-el-camino-real/DGFaEJlETMWhLBzdmK4hcQ,san-carlos-california
https://www.ubereats.com/san-francisco/food-delivery/mordisko/arXUJtR0SdGVt-jizSPVtQ,san-carlos-california
https://www.ubereats.com/san-francisco/food-delivery/jamba-juice-1135-industrial-rd-ste-f/B7P_bk8rR2qAHAl_jrQX_w,san-carlos-california
https://www.ubereats.com/san-francisco/food-delivery/sky-kitchen-cafe/G_y_3MtBRRS3C8kB-7A0og,san-carlos-california
https://www.ubereats.com/san-francisco/food-delivery/dosa-station/JbUBcvO2Qf21lcJMEjQyjg,san-carlos-california
https://www.ubereats.com/san-francisco/food-delivery/galata-bistro/Lqi5sIAZTOmKKkSX-XfcgA,san-carlos-california
https://www.ubereats.com/san-francisco/food-delivery/shiki-san-carlos/fFTqO3enTYufpXKzWKiOqg,san-carlos-california
https://www.ubereats.com/san-francisco/food-delivery/cha-express/lMUl0xFTSnSaKM8JRlptzg,san-carlos-california
https://www.ubereats.com/san-francisco/food-delivery/colombos-deli/uwVVcNbeRRq1us9rSjtTNQ,san-carlos-california
https://www.ubereats.com/san-francisco/food-delivery/dash-japanese-tapas/WUIw7xbeRbu7MsOyQOCYmA,san-carlos-california
https://www.ubereats.com/san-francisco/food-delivery/mf-chicken-palo-alto/HqTdVWRiRTSvUcsCN19dSQ,san-carlos-california
https://www.ubereats.com/san-francisco/food-delivery/the-patty-shack/U9jsML_NRta2Y-7Iy-Q08Q,san-carlos-california
https://www.ubereats.com/san-francisco/food-delivery/tacos-el-grullense-1243-middlefield-rd/ukdghpSzS1iGdx1VhMSkiA,san-carlos-california
https://www.ubereats.com/san-francisco/food-delivery/boiling-point-san-mateo/FRadH1UxTeKG_yN1KQN7Jg,san-carlos-california
https://www.ubereats.com/san-francisco/food-delivery/togos-1501-el-camino-real/81qOH4RsRPyIhY_bgTke7w,san-carlos-california
https://www.ubereats.com/san-francisco/food-delivery/sumac-mediterranean-grill/GeY_PBLRRAO24ZkvhrkeuA,san-carlos-california
https://www.ubereats.com/san-francisco/food-delivery/italian-pasta-kitchen/IsBqkdqWTEmjbyoX28AjdA,san-carlos-california
https://www.ubereats.com/san-francisco/food-delivery/beard-papa/DiTp4_ZsT02GFlCPkMCBWg,san-carlos-california
https://www.ubereats.com/san-francisco/food-delivery/kfc-204-el-camino-real/LEGbuDI9RWWIiJn7wpJX5w,san-carlos-california
https://www.ubereats.com/san-francisco/food-delivery/aztec-seoul-%E2%80%94-redwood-city/QyALHdJWTQa41NpQSAIxrg,san-carlos-california
https://www.ubereats.com/san-francisco/food-delivery/yayoi-palo-alto/woT75NJAQ6yQxFDvin6UpQ,san-carlos-california
https://www.ubereats.com/san-francisco/food-delivery/cookiez-by-sara/mjr1zYvkRTGjuNCaaLZw5g,san-carlos-california
https://www.ubereats.com/san-francisco/food-delivery/just-panini/5-m4t6-zT-CfThqQ79Zp5A,san-carlos-california
https://www.ubereats.com/san-francisco/food-delivery/agora-greek-%26-mediterranean-cuisine/-0Cu_0pLRuG_0y66qwb20A,san-carlos-california
https://www.ubereats.com/san-francisco/food-delivery/dosa-point/poXbI88KSs6EwOQB8PDdxQ,san-carlos-california
https://www.ubereats.com/san-francisco/food-delivery/uncle-willies-wings-%26-things-redwood-city/Np3eBOILRten9vhgXqumAw,san-carlos-california
https://www.ubereats.com/san-francisco/food-delivery/the-habit-burger-grill-1297-chess-drive-suite-a/EHOzIMlbSO6iHVqoJdPogQ,san-carlos-california
https://www.ubereats.com/san-francisco/food-delivery/yi-fang-taiwan-fruit-tea-san-mateo/kLcFxpAgTuqu557IR67JXg,san-carlos-california
https://www.ubereats.com/san-francisco/food-delivery/mr-taco-man/vlXlHoZwRniewce0k8vEvA,san-carlos-california
https://www.ubereats.com/san-francisco/food-delivery/deli-belli/QTwpXmUsTNSofjuWr9L23A,san-carlos-california
https://www.ubereats.com/san-francisco/food-delivery/theory/C9lW6mw8So2Cqsjk_Tg51g,san-carlos-california
https://www.ubereats.com/san-francisco/food-delivery/pizzeria-delfina-burlingame/28NaOhs7SaWZGdyHwsQMHA,san-carlos-california
https://www.ubereats.com/san-francisco/food-delivery/kfc-659-woodside-road/Vx2-P0elQn2pMotmJLUgbA,san-carlos-california
https://www.ubereats.com/san-francisco/food-delivery/peking-alley/hWWoHW7RTfOvdFL7j-cLUg,san-carlos-california
https://www.ubereats.com/san-francisco/food-delivery/chicken-pho-you-san-mateo/SkMB9ic6Qf2O2_ACmWmMHQ,san-carlos-california
https://www.ubereats.com/san-francisco/food-delivery/daiki-sushi/XxSMnTHuTZeDiYd-XQBmAw,san-carlos-california
https://www.ubereats.com/san-francisco/food-delivery/bonchon-chicken-220-s-b-st/zGE8eDKWQlmp_OYla2iTVQ,san-carlos-california
https://www.ubereats.com/san-francisco/food-delivery/subway-1308-w-hillsdale-blvd/7VVY3xlhRiGm2XIhPhVHsw,san-carlos-california
https://www.ubereats.com/san-francisco/food-delivery/thai-house-restaurant/iVezOur4SIih2w-1-L_M6w,san-carlos-california
https://www.ubereats.com/san-francisco/food-delivery/joe-%26-the-juice-1395-burlingame-avenue/QxQ6to6yTMeNg9FSboflHg,san-carlos-california
https://www.ubereats.com/san-francisco/food-delivery/ryu-sushi-bistro/Ugf2U3RXQQ6t5virAScEQg,san-carlos-california
https://www.ubereats.com/san-francisco/food-delivery/all-spice/nu3gwLg-ScGPEKR6TWPfVA,san-carlos-california
https://www.ubereats.com/san-francisco/food-delivery/lucetis-on-25th-avenue/p8szAySPQAe31VdBHYl8Lg,san-carlos-california
https://www.ubereats.com/san-francisco/food-delivery/tea-hub/gyZpg4HETL2Du9yzSRb4Xg,san-carlos-california
https://www.ubereats.com/san-francisco/food-delivery/mr-pickles-sandwich-shop-san-mateo/WSh1RL8vTJSkExnt0qPx8g,san-carlos-california
https://www.ubereats.com/san-francisco/food-delivery/divino/McYcJk9yR3KjoVe3YiY9bQ,san-carlos-california
https://www.ubereats.com/san-francisco/food-delivery/menya-inshou-japanese-ramen/l3Wa-xLeTMu40DXGsPSIQw,san-carlos-california
https://www.ubereats.com/san-francisco/food-delivery/starbucks-peninsula-%26-delaware-san-mateo/burXEwg3RL6fgR-gLEiddg,san-carlos-california
https://www.ubereats.com/san-francisco/food-delivery/subway-1073-alameda-de-las-pulgas/h4h7zihETAmvMSXzorEBRA,san-carlos-california
https://www.ubereats.com/san-francisco/food-delivery/kaffeehaus/w2MKktJJSsSIfP2vt49Aog,san-carlos-california
https://www.ubereats.com/san-francisco/food-delivery/gyros-gyros/9sA5ONswS7eo6IuHJyERaA,san-carlos-california
https://www.ubereats.com/san-francisco/food-delivery/ben-franks-restaurant/nuOgp8sCQi2OA_MkxTN77A,san-carlos-california
https://www.ubereats.com/san-francisco/food-delivery/porterhouse-restaurant/6Lx0xGaDTXuDd6DWwU3InA,san-carlos-california
https://www.ubereats.com/san-francisco/food-delivery/aji-limo-peruvian-belmont/EUXNdnrASrCpfLFuvpc1sQ,san-carlos-california
https://www.ubereats.com/san-francisco/food-delivery/subway-1051-el-camino-real/QMEcG-KWSUCHaNsy-odyqg,san-carlos-california
https://www.ubereats.com/san-francisco/food-delivery/starbucks-industrial-%26-howard/vATZKPuvSve0EOz34Rd9cw,san-carlos-california
https://www.ubereats.com/san-francisco/food-delivery/the-habit-burger-grill-1111-el-camino-real/iZ-fHbDzQOeRbNcH3lcbsg,san-carlos-california
https://www.ubereats.com/san-francisco/food-delivery/modern-vegan-indian/V5_zX7JpTGSVGiJ97vti8w,san-carlos-california
https://www.ubereats.com/san-francisco/food-delivery/trapeze-european-cuisine/CvJVjzB5QQeaUmUVuyB0-g,san-carlos-california
https://www.ubereats.com/san-francisco/food-delivery/chipotle-mexican-grill-861-middlefield-rd/LqZWV9skRBuZkqZ-KOu87Q,san-carlos-california
https://www.ubereats.com/san-francisco/food-delivery/portobello-grill/aklEnit1RH-KV5abIBjTsg,san-carlos-california
https://www.ubereats.com/san-francisco/food-delivery/california-pizza-kitchen-100-hillsdale-shopping-center/TQUzWlRnSS-tUbnBAsR2_Q,san-carlos-california
https://www.ubereats.com/san-francisco/food-delivery/jaylis-cocina-food-truck/PQ9b4kV0S3mDxHG4kESVcA,san-carlos-california
https://www.ubereats.com/san-francisco/food-delivery/keto-to-go-by-belcampo-san-mateo/eIfrpv-PSIK8LxRr7mVOWQ,san-carlos-california
https://www.ubereats.com/san-francisco/food-delivery/orenchi-ramen-redwood-city/7JFJoOEcQa6N3U5WAcncBQ,san-carlos-california
https://www.ubereats.com/san-francisco/food-delivery/venga-empanadas/pH4uuR-tSXaenwhWNEZ7LA,san-carlos-california
https://www.ubereats.com/san-francisco/food-delivery/taurus-steakhouse/VF9ag4VhSUKMHyn82ihGWA,san-carlos-california
https://www.ubereats.com/san-francisco/food-delivery/taco-bell-2693-el-camino-real/pfKy4mYfRgGxzmroj8wXbg,san-carlos-california
https://www.ubereats.com/san-francisco/food-delivery/chipotle-mexican-grill-1135-industrial-rd-ste-c/xz-DtFfzRTKSPaqpAtHszQ,san-carlos-california
https://www.ubereats.com/san-francisco/food-delivery/starbucks-17th-%26-el-camino-san-mateo/jBz0uJtHSfuLm3AANM3WWw,san-carlos-california
https://www.ubereats.com/san-francisco/food-delivery/timber-and-salt/Y6hiN0-eRs2DzCTytPBgEw,san-carlos-california
https://www.ubereats.com/san-francisco/food-delivery/ahi-sushi/lT71_qE3SYK7Uh_RgTleKw,san-carlos-california
https://www.ubereats.com/san-francisco/food-delivery/bay-leaf/QKv6xL-6TRyLrWqecFPvoA,san-carlos-california
https://www.ubereats.com/san-francisco/food-delivery/golden-ninth-deli-%26-market/CaXDgLstQou_BnOLOAhQ7A,san-carlos-california
https://www.ubereats.com/san-francisco/food-delivery/houdinis-paninis/6qPWTeWKTwS1hsYRr3qQwg,san-carlos-california
https://www.ubereats.com/san-francisco/food-delivery/which-wich-belmont/9xhcH867TsOmPJOLNVgq3g,san-carlos-california
https://www.ubereats.com/san-francisco/food-delivery/mokutanya/n0-K_KWrQbuRsbp5TsYxAw,san-carlos-california
https://www.ubereats.com/san-francisco/food-delivery/pranzi/CFJ8uYj5T528TE-mRpj2Zg,san-carlos-california
https://www.ubereats.com/san-francisco/food-delivery/saffron-indian-bistro/L_1jMiJ9TyC-MyydwbCriw,san-carlos-california
https://www.ubereats.com/san-francisco/food-delivery/taishoken/jS6QTKjrRsuAqo6GEpUt6A,san-carlos-california
https://www.ubereats.com/san-francisco/food-delivery/mama-coco/gSPCnfWXSsSN6_HYhzEo4A,san-carlos-california
https://www.ubereats.com/san-francisco/food-delivery/causwells-belmont/KlXDZRCmQGu791agaEj_Tw,san-carlos-california
https://www.ubereats.com/san-francisco/food-delivery/new-england-lobster-market-%26-eatery/-eu5vVa8QG-gt9IGTGK8Iw,san-carlos-california
https://www.ubereats.com/san-francisco/food-delivery/tabla-indian-restaurant-san-mateo/qSIvDeVPRqWtUC2IJsEOuw,san-carlos-california
https://www.ubereats.com/san-francisco/food-delivery/beef-stew/VvBxCPoURYuEGtBa2TKGHw,san-carlos-california
https://www.ubereats.com/san-francisco/food-delivery/i-prive-sushi-sake-spirits/fYpMO272SWSLTL99EjZtrg,san-carlos-california
https://www.ubereats.com/san-francisco/food-delivery/beach-hut-deli/7qgIDW3sQ6yxKHOH7DEsog,san-carlos-california
https://www.ubereats.com/san-francisco/food-delivery/detox-kitchen-%26-juice-bar/sLgpTERgRAShmpWDb65Zrw,san-carlos-california
https://www.ubereats.com/san-francisco/food-delivery/pizza-my-heart-burlingame/dEPvIsNgT1aTTuqeFP0p6g,san-carlos-california
https://www.ubereats.com/san-francisco/food-delivery/la-viga-seafood-%26-cocina-mexicana/qAK2ufVfQO63lXPsxS70VA,san-carlos-california
https://www.ubereats.com/san-francisco/food-delivery/tacolicious-palo-alto/ebxBzEXxT36MCuHqFoIyww,san-carlos-california
https://www.ubereats.com/san-francisco/food-delivery/chucks-donuts/XHiK4CRyTmiuFgP974lXWA,san-carlos-california
https://www.ubereats.com/san-francisco/food-delivery/andes-cafe/DKd5cBY4TpCFrk8rlV85Lg,san-carlos-california
https://www.ubereats.com/san-francisco/food-delivery/asya-redwood-city/jGy6dmhRSQG6WwGLGyCmnA,san-carlos-california
https://www.ubereats.com/san-francisco/food-delivery/gong-cha-san-mateo/RQrD0AtIQTqyOJCNHg1O_g,san-carlos-california
https://www.ubereats.com/san-francisco/food-delivery/homeroom-belmont/c3XOmEQTRQq1looVkO0ruA,san-carlos-california
https://www.ubereats.com/san-francisco/food-delivery/subway-3880-s-el-camino-real-%23b/qsRdibaJReWZzTGZZTcLcQ,san-carlos-california
https://www.ubereats.com/san-francisco/food-delivery/carls-jr-1001-veterans-blvd/lyvd_BPrSoCmp_CNKQtWdQ,san-carlos-california
https://www.ubereats.com/san-francisco/food-delivery/mcdonalds-belmont/8chrGohqRvKYQsOtPl8vxw,san-carlos-california
https://www.ubereats.com/san-francisco/food-delivery/american-fare/TcyfLvb7SH6kAY60O3GnPw,san-carlos-california
https://www.ubereats.com/san-francisco/food-delivery/shiki-park-place/jUaVZ70VT3-iGzEuwPYtiQ,san-carlos-california
https://www.ubereats.com/san-francisco/food-delivery/ladle-%26-leaf-palo-alto/NZkwa5ZwT-mDByW7POpooA,san-carlos-california
https://www.ubereats.com/san-francisco/food-delivery/carls-jrcarls-jr-green-burrito-1140-triton-dr/Es4gJErRRuq_WsDo-hUNnA,san-carlos-california
https://www.ubereats.com/san-francisco/food-delivery/one-omakase/dlQiNhLBQLq_lC5vGvtoYg,san-carlos-california
https://www.ubereats.com/san-francisco/food-delivery/pokeatery/bK1kXbpcRNOy08wXd98XgQ,san-carlos-california
https://www.ubereats.com/san-francisco/food-delivery/round-table-pizza-1324-el-camino-real/f62UwfC-S0CqAON6Dqvdtw,san-carlos-california
https://www.ubereats.com/san-francisco/food-delivery/sisters-kitchen/_8QXj1lxTiSyVT_I_8lozw,san-carlos-california
https://www.ubereats.com/san-francisco/food-delivery/burger-king-2817-south-el-camino-real/xxkIbWRiSpuXYJdz6hxY0w,san-carlos-california
https://www.ubereats.com/san-francisco/food-delivery/west-park-bistro/HVJvVLYuSsuHBgJcJUP0gw,san-carlos-california
https://www.ubereats.com/san-francisco/food-delivery/redwood-bistro/asB-53HtTwqdqBjRl2-ksw,san-carlos-california
https://www.ubereats.com/san-francisco/food-delivery/the-office-bar-%26-grill/AXieSYQVQFy2jPnRtvKiJQ,san-carlos-california
https://www.ubereats.com/san-francisco/food-delivery/chicos-taqueria/gVhnL6Q0QJSlqRmZqx9ziw,san-carlos-california
https://www.ubereats.com/san-francisco/food-delivery/carls-jr-green-burrito-1800-el-camino-real/UIEX6AzOSAaWrEL6JnWqfQ,san-carlos-california
https://www.ubereats.com/san-francisco/food-delivery/bayroot-lebanese-restaurant/6hQanCSIRY6ESWTtUKGDtA,san-carlos-california
https://www.ubereats.com/san-francisco/food-delivery/oceanic-restaurant/4aGbeaasQ9ivSCY_ZyAsdQ,san-carlos-california
https://www.ubereats.com/san-francisco/food-delivery/jersey-mikes-subs-2925-south-el-camino-real/fkwGJeTvRua-1VCLaBui4g,san-carlos-california
https://www.ubereats.com/san-francisco/food-delivery/applebees-1135-veterans-blvd/OxeLYBW4QQ2ssOWvsOSI4w,san-carlos-california
https://www.ubereats.com/san-francisco/food-delivery/sheng-kee-bakery-san-mateo/KO1KJDMKRA6DOtO4tgfgPw,san-carlos-california
https://www.ubereats.com/san-francisco/food-delivery/mcdonalds-180-el-camino/ec6XcQSOShWNqfuf3ffXCg,san-carlos-california
https://www.ubereats.com/san-francisco/food-delivery/ohana-express/G3v3hNqjRvaBNKTCleqM8g,san-carlos-california
https://www.ubereats.com/san-francisco/food-delivery/starbird-salads-foster-city/Qs_8Ym0cR7eNkwkJmLo8HA,san-carlos-california
https://www.ubereats.com/san-francisco/food-delivery/the-warehouse/W4F3-e8FT2iCNTLwiThy5Q,san-carlos-california
https://www.ubereats.com/san-francisco/food-delivery/fashion-wok-foster-city/wODuTX8fRG-2ItYBK5vf3w,san-carlos-california
https://www.ubereats.com/san-francisco/food-delivery/ettan/NxtWEuWZQIShoV8borO7tw,san-carlos-california
https://www.ubereats.com/san-francisco/food-delivery/taurus-steak-house/I08m8oiaSl6zt0wRydxYqA,san-carlos-california
https://www.ubereats.com/san-francisco/food-delivery/falafel-tazah/MMkFwRyMSdiw-CnORlYaYQ,san-carlos-california
https://www.ubereats.com/san-francisco/food-delivery/yayoi-hillsdale/scyQqkMYRk6-BwMSBLuBaQ,san-carlos-california
https://www.ubereats.com/san-francisco/food-delivery/dosa-by-dosa-belmont/uzL7FVt0QpCjDTKfRsTMCw,san-carlos-california
https://www.ubereats.com/san-francisco/food-delivery/waterfront-pizza/dykNil5-T5S1uc1_DLMc7w,san-carlos-california
https://www.ubereats.com/san-francisco/food-delivery/lv-mar-tapas-%26-cocktails/sJFkMVEeRC-cL55Ika2xRg,san-carlos-california
https://www.ubereats.com/san-francisco/food-delivery/koja-kitchen/3s5F8s-_TgKgopDLjuYStw,san-carlos-california
https://www.ubereats.com/san-francisco/food-delivery/rave-burger/bFuEJu4YS3ONLJP5m7pIiA,san-carlos-california
https://www.ubereats.com/san-francisco/food-delivery/taco-bell-1131-triton-dr/1YI953hJT4m8zq151XLe-g,san-carlos-california
https://www.ubereats.com/san-francisco/food-delivery/cafe-2k/J-W9YyCWQwWWy23-hyiTjw,san-carlos-california
https://www.ubereats.com/san-francisco/food-delivery/five-guys-ca-1563-238-redwood-shores-pkwy/_5mc3PjNTEejC6KrbYYAlg,san-carlos-california
https://www.ubereats.com/san-francisco/food-delivery/truffle-butter-poke-bar/ROXcbAX_RJ6DsDIoMh42MA,san-carlos-california
https://www.ubereats.com/san-francisco/food-delivery/celias-mexican-restaurant/vQu0VGyYQsGCTeKb47Tkxw,san-carlos-california
https://www.ubereats.com/san-francisco/food-delivery/taqueria-el-nayarita/ydcyW486QQywVGQ1AsPKjA,san-carlos-california
https://www.ubereats.com/san-francisco/food-delivery/papa-johns-pizza-redwood-city-el-camino/DJjqqvOlTUaTkIT5l9Cs3Q,san-carlos-california
https://www.ubereats.com/san-francisco/food-delivery/foreigner-cafe/tu8qms2UTSqSVHfu604RSg,san-carlos-california
https://www.ubereats.com/san-francisco/food-delivery/avocado-toast/iinhLydyRvWwEnT_QvxGAQ,san-carlos-california
https://www.ubereats.com/san-francisco/food-delivery/coupa-cafe/VpL9wsNiS--zmYGIS-c58Q,san-carlos-california
https://www.ubereats.com/san-francisco/food-delivery/tacos-el-grullense-c%26d/uP03SFVtQMusURGXrnb3ZA,san-carlos-california
https://www.ubereats.com/san-francisco/food-delivery/pronto-pizzeria-%26-rotisserie/HOdzKy8QQXWtkrFMARy2QA,san-carlos-california
https://www.ubereats.com/san-francisco/food-delivery/estampas-peruanas-restaurant/ZpFDd7GSSbWdx4_jDFcmyw,san-carlos-california
https://www.ubereats.com/san-francisco/food-delivery/park-gyros-belmont/uH5yQmeySaCinLFIwxUn4w,san-carlos-california
https://www.ubereats.com/san-francisco/food-delivery/shiki-bento-house-foster-city/nq5_TdnwTzOtyV5Wnhu2_Q,san-carlos-california
https://www.ubereats.com/san-francisco/food-delivery/the-old-spaghetti-factory-redwood-city/-49AlJs4TeGTt6fvafRBQQ,san-carlos-california
https://www.ubereats.com/san-francisco/food-delivery/kasa-indian-eatery-redwood-city/XOxnP29eS4iOYItF-K9JJA,san-carlos-california
https://www.ubereats.com/san-francisco/food-delivery/amicis-east-coast-pizzeria-redwood-city/uISqx-DmTSa0ViD4-MRpAQ,san-carlos-california
https://www.ubereats.com/san-francisco/food-delivery/sunny-%26-fines-breakfast-burritos/Q6vH9PU1RkSeQKjZ2xxu0Q,san-carlos-california
https://www.ubereats.com/san-francisco/food-delivery/joy-restaurant/O3juFi2qTw-4R_Dhr4bSrA,san-carlos-california
https://www.ubereats.com/san-francisco/food-delivery/haagen-dazs-shop-60-31st-ave/vcUfmDwZSFuX8QDIjbHFtQ,san-carlos-california
https://www.ubereats.com/san-francisco/food-delivery/pasquallys-pizza-%26-wings-2541-43-el-camino-real/AfhHbAZ4T4KCxaYgNZKAoQ,san-carlos-california
https://www.ubereats.com/san-francisco/food-delivery/gobi-mongolian-grill/49urPyxVQ3meOPKgKskZag,san-carlos-california
https://www.ubereats.com/san-francisco/food-delivery/the-sandwich-spot/d-5-iH5ETXeJXPk3YQ_fSQ,san-carlos-california
https://www.ubereats.com/san-francisco/food-delivery/cucos-burritos/JZIF0KA_TweZZwFfr18AJw,san-carlos-california
https://www.ubereats.com/san-francisco/food-delivery/starbucks-san-carlos-%26-laurel/PTWuoxFXSVOouDJqdJ26Cg,san-carlos-california
https://www.ubereats.com/san-francisco/food-delivery/jamba-juice-1007-el-camino-real/sh8um630QJqMKWPZSRHDjg,san-carlos-california
https://www.ubereats.com/san-francisco/food-delivery/pizza-my-heart-san-mateo/EvfiISEcQFmkll1Yqdf03g,san-carlos-california
https://www.ubereats.com/san-francisco/food-delivery/ihop-510-el-camino-real/4RZCfXHATUKFJqSZ5LrlVQ,san-carlos-california
https://www.ubereats.com/san-francisco/food-delivery/el-burritos/AGaov4FpTcaupgc-Ggfj1A,san-carlos-california
https://www.ubereats.com/san-francisco/food-delivery/sandwich-monkey/oIEiiUtvQdek5GC5TSko9Q,san-carlos-california
https://www.ubereats.com/san-francisco/food-delivery/sweet-indulgence/A5dpeJ-KQwmfU2ePC7ZfLA,san-carlos-california
https://www.ubereats.com/san-francisco/food-delivery/vedas-indian-restaurant-san-mateo/2NusqkBcTH2Jn6YhYYC1fQ,san-carlos-california
https://www.ubereats.com/san-francisco/food-delivery/seapot/6t3tz1prTOe3LqekpOH4jg,san-carlos-california
https://www.ubereats.com/san-francisco/food-delivery/starbucks-metro-center-foster-city/45_uUf7mQgeH02XYgxR42g,san-carlos-california
https://www.ubereats.com/san-francisco/food-delivery/kaori-restaurant/ozvUClZoSf-MqIlwtjgwaQ,san-carlos-california
https://www.ubereats.com/san-francisco/food-delivery/the-patty-shack/kHehkNGyQhqIfePAofTGvg,san-carlos-california
https://www.ubereats.com/san-francisco/food-delivery/joe-%26-the-juice-240-hamilton-avenue/Q8QUnyQ5RHqlcnlSCpMD_g,san-carlos-california
https://www.ubereats.com/san-francisco/food-delivery/benihana-1496-old-bayshore-hwy/BNfX2zu4SdWcfCnXNW5r6w,san-carlos-california
https://www.ubereats.com/san-francisco/food-delivery/rustic-house-oyster-bar-and-grill/zigyydXPQHaoAtD6g0Oxfw,san-carlos-california
https://www.ubereats.com/san-francisco/food-delivery/classic-101-burgers-and-shakes/XrIustwdQsSDfXbikSgawQ,san-carlos-california
https://www.ubereats.com/san-francisco/food-delivery/sizzler/y3CYDhd6TOuMmiejUEkdiQ,san-carlos-california
