url,city
https://www.ubereats.com/san-francisco/food-delivery/i-am-cafe/82MP0BrMQA6YXuUb1EZiNw,san-lorenzo-california
https://www.ubereats.com/san-francisco/food-delivery/horatios-60-monarch-bay-drive/gOWrgHErTgO5N237dT-YlQ,san-lorenzo-california
https://www.ubereats.com/san-francisco/food-delivery/razzos-pizza-and-salads-hayward/QPcrjmu8SaWcvWnf2gaIGw,san-lorenzo-california
https://www.ubereats.com/san-francisco/food-delivery/los-carnalitos-restaurant/O5f7Bsd9RSSW1Qjnit2hfw,san-lorenzo-california
https://www.ubereats.com/san-francisco/food-delivery/dennys-601-hegenberger/ihnDeTwuQMGHN44LvsvH9A,san-lorenzo-california
https://www.ubereats.com/san-francisco/food-delivery/ritas-italian-ice/k291P7eNQFKzwKCoEDaHEA,san-lorenzo-california
https://www.ubereats.com/san-francisco/food-delivery/the-habit-burger-grill-1540-e-14th-street/PcpL4HjxTkW-JtE7eyuDIQ,san-lorenzo-california
https://www.ubereats.com/san-francisco/food-delivery/wendys-189-98th-avenue/pJsKtSP1Trm8W9ealPYdZg,san-lorenzo-california
https://www.ubereats.com/san-francisco/food-delivery/katsuo-sushi-%26-grill/kt4ARWeGQxKzv9D-pEeONg,san-lorenzo-california
https://www.ubereats.com/san-francisco/food-delivery/xenias-gelato/0zE2O2m1Rxa8lilD7LZPpA,san-lorenzo-california
https://www.ubereats.com/san-francisco/food-delivery/andreamarie-custom-cakes-and-treats/-gH5jcM7SKqXSUTO3iDPCQ,san-lorenzo-california
https://www.ubereats.com/san-francisco/food-delivery/teaster/Sk-PEQhuR3-7ZGTDWV3Yow,san-lorenzo-california
https://www.ubereats.com/san-francisco/food-delivery/kigawa-bistro/h5kutEUuQ9S751ZpdBm3Cw,san-lorenzo-california
https://www.ubereats.com/san-francisco/food-delivery/chicky-wiki/Fo-4OZ8mR6ewrKSwwBxqwQ,san-lorenzo-california
https://www.ubereats.com/san-francisco/food-delivery/taco-bell-797-marina-blvd/0kas5dGpSsu5JgyQzwRg6w,san-lorenzo-california
https://www.ubereats.com/san-francisco/food-delivery/burger-king-580-hegenberger-road/yB--kl2CRbuwAQ9KakD5DA,san-lorenzo-california
https://www.ubereats.com/san-francisco/food-delivery/burger-king-15050-e-14th-street/FKjT_suQT8iMYLXm2vErrg,san-lorenzo-california
https://www.ubereats.com/san-francisco/food-delivery/dennys-1803-marina-blvd/KRURXQJbQUGqx2Zauqn97A,san-lorenzo-california
https://www.ubereats.com/san-francisco/food-delivery/pupuseria-las-cabanas-hayward/8AHGZyQtSo-_Lnrag0qT0g,san-lorenzo-california
https://www.ubereats.com/san-francisco/food-delivery/papa-johns-pizza-hayward/ZswVHaJmTXi5355xvE5p6g,san-lorenzo-california
https://www.ubereats.com/san-francisco/food-delivery/mirchii/aSxnF3R3SD-N0gVI94CzHQ,san-lorenzo-california
https://www.ubereats.com/san-francisco/food-delivery/la-penca-azul-island-drive/rVGubhBHTRKNoGfxq1iIVQ,san-lorenzo-california
https://www.ubereats.com/san-francisco/food-delivery/starbucks-hesperian-%26-leweling/KQQigpxmQmafcRMWqqtEYg,san-lorenzo-california
https://www.ubereats.com/san-francisco/food-delivery/tayyibaat-meat-and-grill-union-city/3Gq-SnpGSaSYe6709A-CCg,san-lorenzo-california
https://www.ubereats.com/san-francisco/food-delivery/panda-express-24387-southland-dr/ol3-9mz8TOiGoPa_Yb08cA,san-lorenzo-california
https://www.ubereats.com/san-francisco/food-delivery/artisan-macaron-llc/KYK9uQw2SdKAjoKJYNuceQ,san-lorenzo-california
https://www.ubereats.com/san-francisco/food-delivery/jack-in-the-box-24175-mission-bl/a0SQjaRuSC6D7svX0cxATw,san-lorenzo-california
https://www.ubereats.com/san-francisco/food-delivery/ghazni-afghan-kabobs-a-street/_Kj-4ruQSRCjtaGE7LJtdg,san-lorenzo-california
https://www.ubereats.com/san-francisco/food-delivery/dougs-place/fb5BICoTQTGHrAQzmqNPKA,san-lorenzo-california
https://www.ubereats.com/san-francisco/food-delivery/pixie-donuts/l2sTsSG0TpmJM3B90_LWEw,san-lorenzo-california
https://www.ubereats.com/san-francisco/food-delivery/ohana-hawaiian-bbq-hayward/ogcWCXbvTNiFuGAYmVAhyQ,san-lorenzo-california
https://www.ubereats.com/san-francisco/food-delivery/ritas-italian-ice-3200-castro-valley-blvd/5Y4hE10BSmeswBKD8QLVYA,san-lorenzo-california
https://www.ubereats.com/san-francisco/food-delivery/la-casita-restaurant-%232/H63TS8ExRmKHyXzUStmHIw,san-lorenzo-california
https://www.ubereats.com/san-francisco/food-delivery/mcdonalds-washington-st/dO9S00uPQYmxiVTc08l97A,san-lorenzo-california
https://www.ubereats.com/san-francisco/food-delivery/why-cook-too/u7nWvksUTj6kinJqfvX1sw,san-lorenzo-california
https://www.ubereats.com/san-francisco/food-delivery/starbucks-grove-%26-center/9LVGkIBEQDqN9wnww43TNw,san-lorenzo-california
https://www.ubereats.com/san-francisco/food-delivery/taqueria-el-mezcal/iq7k_6RoShm4zjwwt8li_Q,san-lorenzo-california
https://www.ubereats.com/san-francisco/food-delivery/nicks-family-restaurant/07X5NEQQTN2f30Pf4A3Zrg,san-lorenzo-california
https://www.ubereats.com/san-francisco/food-delivery/volcano-island/1yg_LOl8RkOsYE3E8yIR3w,san-lorenzo-california
https://www.ubereats.com/san-francisco/food-delivery/krispy-krunchy-chicken-%26-pizza/lTqY1oOpSsyN6Hm5wAlrtQ,san-lorenzo-california
https://www.ubereats.com/san-francisco/food-delivery/vons-chicken-castro-valley/covA0uGeTh27MYukpU3Ajw,san-lorenzo-california
https://www.ubereats.com/san-francisco/food-delivery/sushi-ichimoto/oqWfBawMRCe-shv_6AuNGQ,san-lorenzo-california
https://www.ubereats.com/san-francisco/food-delivery/kfc-15179-hesperian-boulevard/KlRBw47sQY-4tLJx4_3eUA,san-lorenzo-california
https://www.ubereats.com/san-francisco/food-delivery/new-lazeeza/3dqb-54-SpuPH8P-L4bEVw,san-lorenzo-california
https://www.ubereats.com/san-francisco/food-delivery/mountain-mikes-pizza-san-leandro-3-davis-st/2m8PV9gwTkeS2kN9PNFK9A,san-lorenzo-california
https://www.ubereats.com/san-francisco/food-delivery/a%26w/N5Zne9zuSwqhpPHXE6OYCg,san-lorenzo-california
https://www.ubereats.com/san-francisco/food-delivery/subway-1295-washington-ave/LxJe7zTaR4Sv7uwWwh-TVA,san-lorenzo-california
https://www.ubereats.com/san-francisco/food-delivery/vallarta-mexican-restaurant/MQayKvfASmef0HmYoESTRg,san-lorenzo-california
https://www.ubereats.com/san-francisco/food-delivery/taco-bell-21600-foothill-blvd/j8KI7048SEaFvh99ega9CA,san-lorenzo-california
https://www.ubereats.com/san-francisco/food-delivery/oh-fish!-sushi-%26-fusion/c_AjVYDCQB6CCci8d_ydgA,san-lorenzo-california
https://www.ubereats.com/san-francisco/food-delivery/popeyes-louisiana-kitchen-24901-santa-clara-st/Su32KrD5R7OT3TWulTuG1Q,san-lorenzo-california
https://www.ubereats.com/san-francisco/food-delivery/mr-pickles-sandwich-shop-castro-valley/Pmt7OFXmT5qU7vnN2cb_iQ,san-lorenzo-california
https://www.ubereats.com/san-francisco/food-delivery/the-habit-burger-grill-3650-village-dr/m9dQyEpKQRyUlMCsvNyZsg,san-lorenzo-california
https://www.ubereats.com/san-francisco/food-delivery/naan-n-pasta/MWJfkc4ORzuqzFBcDOenDw,san-lorenzo-california
https://www.ubereats.com/san-francisco/food-delivery/3-geeks/lnMK55y5T4Gfl3VQR_1l5Q,san-lorenzo-california
https://www.ubereats.com/san-francisco/food-delivery/chipotle-mexican-grill-1505-e-14th-st/1okzzz5vSPyj6hNOXWQk7w,san-lorenzo-california
https://www.ubereats.com/san-francisco/food-delivery/moussaka-mediterranean-kitchen/XWg4rafISkakQZB7zqFohw,san-lorenzo-california
https://www.ubereats.com/san-francisco/food-delivery/pho-tai/9Ihbd1suQkG62Z6dbpMeDw,san-lorenzo-california
https://www.ubereats.com/san-francisco/food-delivery/el-burrito-loco-redwood-rd/8ZOiSCDoRUOtdQeJntoh2g,san-lorenzo-california
https://www.ubereats.com/san-francisco/food-delivery/chef-teriyaki/mOdzTj5JRYGOAlrVZyuFsA,san-lorenzo-california
https://www.ubereats.com/san-francisco/food-delivery/new-york-pizza/2APbF5LtQvOiXcXeT3tjHQ,san-lorenzo-california
https://www.ubereats.com/san-francisco/food-delivery/mama-chos-bbq/RT0jX4hiQielsl9Egh-AKQ,san-lorenzo-california
https://www.ubereats.com/san-francisco/food-delivery/starbucks-e-14th-%26-136th/Yh6J60aUQSe0UEhIHmzRMA,san-lorenzo-california
https://www.ubereats.com/san-francisco/food-delivery/antigua-coffee-shop/trUq6MhITbaqafug9nk6Jg,san-lorenzo-california
https://www.ubereats.com/san-francisco/food-delivery/sizzler-4107-hesperian-blvd/GBoz4OcgQIOgrHY2XbDlOA,san-lorenzo-california
https://www.ubereats.com/san-francisco/food-delivery/los-molcajetes-mexican-restaurant/o1RFRApbQy6MWJ75zhBSIA,san-lorenzo-california
https://www.ubereats.com/san-francisco/food-delivery/wendys-23969-mission-blvd/324-bLXYQtajNKlX4UlPAw,san-lorenzo-california
https://www.ubereats.com/san-francisco/food-delivery/snappys-cafe/YR561RLySNiCGUU0u2xcWQ,san-lorenzo-california
https://www.ubereats.com/san-francisco/food-delivery/the-original-mels-15011-hesperian-blvd-san-leandro/-RqcP-0KQgqQ9Ye_ROSnkQ,san-lorenzo-california
https://www.ubereats.com/san-francisco/food-delivery/subway-1693-industrial-parkway-west/CjypG0gTTKGc7MPcjJF8LQ,san-lorenzo-california
https://www.ubereats.com/san-francisco/food-delivery/panda-express-30158-industrial-pkwy/CCe3zGPKRAeIBG-CvRtEzg,san-lorenzo-california
https://www.ubereats.com/san-francisco/food-delivery/starbucks-industrial-%26-hwy-92/QIwRywEwS6KObCtHOwyGPg,san-lorenzo-california
https://www.ubereats.com/san-francisco/food-delivery/royal-kitchen-indian-restaurant/6si7xDi9QYyBu4p0qmdj8w,san-lorenzo-california
https://www.ubereats.com/san-francisco/food-delivery/taco-bell-30075-industrial-pkwy/AaqDeIzGR_iIwMpzdciT2Q,san-lorenzo-california
https://www.ubereats.com/san-francisco/food-delivery/pieology-pizzeria-1269-marina-blvd/HsRqPgqWS2e-SGJFWQQaqg,san-lorenzo-california
https://www.ubereats.com/san-francisco/food-delivery/kfc-3625-castro-valley-blvd/DRZXk2ddShO-7Me3WGfWEA,san-lorenzo-california
https://www.ubereats.com/san-francisco/food-delivery/vitality-bowls-20668-rustic-dr/H0Q_xffoSEuOSgOMJu7FbQ,san-lorenzo-california
https://www.ubereats.com/san-francisco/food-delivery/mission-hills-bar-and-grill/iFX67hsjShSHk0QzaDMYVw,san-lorenzo-california
https://www.ubereats.com/san-francisco/food-delivery/mountain-mikes-pizza-699-lewelling/I5xy_iN6RKSYpy7X0J-Bdw,san-lorenzo-california
https://www.ubereats.com/san-francisco/food-delivery/nick-the-greek-union-city/_skyZDFvQuC4IW4E0vsi9w,san-lorenzo-california
https://www.ubereats.com/san-francisco/food-delivery/five-guys-ca-1911-28529-hesperian-blvd/nd_QrylPSVuL1nMGobChIg,san-lorenzo-california
https://www.ubereats.com/san-francisco/food-delivery/taco-bell-27316-hesperian-blvd/44aOfF7aRJuD0m9N2rxC2Q,san-lorenzo-california
https://www.ubereats.com/san-francisco/food-delivery/cai-you-kee-chinese-barbecue/s7PQF9AhTDSnOPPunmpMUA,san-lorenzo-california
https://www.ubereats.com/san-francisco/food-delivery/mountain-mikes-pizza-20261-patio-dr/ezb8lzxkQhWM8KVDrzZhig,san-lorenzo-california
https://www.ubereats.com/san-francisco/food-delivery/mcdonalds-strobridge-ave/H4Mfu5PYTda10tpThOaEmg,san-lorenzo-california
https://www.ubereats.com/san-francisco/food-delivery/pizza-guys-san-leandro/kirRVVoYSjSN4bUOGGHbYQ,san-lorenzo-california
https://www.ubereats.com/san-francisco/food-delivery/mariscos-el-tata-al-estilo-sinaloa/XhSko7VJSmmyvQJJt61oLA,san-lorenzo-california
https://www.ubereats.com/san-francisco/food-delivery/emil-villas-hickory-pit-san-leandro/cEMbywGLRMKWEvkRh2aTRQ,san-lorenzo-california
https://www.ubereats.com/san-francisco/food-delivery/scends-restaurant/B8QdGhkXTQqCdZwm80E_Uw,san-lorenzo-california
https://www.ubereats.com/san-francisco/food-delivery/guadalajara-ice-cream-parlor/8n6k86ZwTqGzMd4isxDEdQ,san-lorenzo-california
https://www.ubereats.com/san-francisco/food-delivery/uncle-wong-chinese-restaurant/50wNd29YQC6HIaHHjdE2mg,san-lorenzo-california
https://www.ubereats.com/san-francisco/food-delivery/poke-star/9DUmvcjjTNKrEq-3PYoLXw,san-lorenzo-california
https://www.ubereats.com/san-francisco/food-delivery/fast-pizza-john-7/rtQXZ3MYQKC7XnHq0__2bg,san-lorenzo-california
https://www.ubereats.com/san-francisco/food-delivery/antigua-coffee-shop/vHUdvvYXQgWFaU5PEX07DQ,san-lorenzo-california
https://www.ubereats.com/san-francisco/food-delivery/starbucks-union-landing/nm__XNCzR3Gi8HQSx3Qo2w,san-lorenzo-california
https://www.ubereats.com/san-francisco/food-delivery/burger-king-2757-castro-valley-boulevard/hN4Impf_QO2MRNgIIjHDnQ,san-lorenzo-california
https://www.ubereats.com/san-francisco/food-delivery/kismat-indian-cuisine/UMVce4E8SX2cGTZTl_vdcw,san-lorenzo-california
https://www.ubereats.com/san-francisco/food-delivery/krispy-kreme-dyer-st-%26-alvarado-niles-rd/27ah_vPFQrOVWxRQJJCS0g,san-lorenzo-california
https://www.ubereats.com/san-francisco/food-delivery/the-ice-cream-shop/8yV9EI91TCqwePd8VRUfOg,san-lorenzo-california
https://www.ubereats.com/san-francisco/food-delivery/los-compadres-mexican-restaurant/u3FYsIHeR--6KXp21VvL8g,san-lorenzo-california
https://www.ubereats.com/san-francisco/food-delivery/taco-bell-32002-alvarado/pQOKcaeAS_C66IoVmJvx3g,san-lorenzo-california
https://www.ubereats.com/san-francisco/food-delivery/oishii-sushi/gjsR2HoaRa-c_kima-KP-A,san-lorenzo-california
https://www.ubereats.com/san-francisco/food-delivery/carls-jr-20550-mission-blvd/SLmJhmahThKW1DV7_Xpy7Q,san-lorenzo-california
https://www.ubereats.com/san-francisco/food-delivery/creasian-taste-of-the-himalayas/ymHtZ2q3S2u2e61VsgE8eA,san-lorenzo-california
https://www.ubereats.com/san-francisco/food-delivery/starbucks-bayfair-center-san-leandro/1KP3FpoJQGW-1YbevL6r3g,san-lorenzo-california
https://www.ubereats.com/san-francisco/food-delivery/worlds-fare-donuts/y7MhCfSlS-WsmRLteL_e8g,san-lorenzo-california
https://www.ubereats.com/san-francisco/food-delivery/dennys-30163-industrial/rCJDLY9XTICG2LMivLjvUg,san-lorenzo-california
https://www.ubereats.com/san-francisco/food-delivery/tapsilog-express-san-leandro/tB080d5OQw68A2-bb_AeVA,san-lorenzo-california
https://www.ubereats.com/san-francisco/food-delivery/chipotle-mexican-grill-3369-castro-valley-blvd/ZkWlcaMKR7SQrcfBQFD1Dw,san-lorenzo-california
https://www.ubereats.com/san-francisco/food-delivery/red-pepper-pizza/1MM3Xo70R_6_pFt5qaPaMw,san-lorenzo-california
https://www.ubereats.com/san-francisco/food-delivery/yaya-poke-san-leandro/Jy7Yy4L2T5CZPYdIJMFVVw,san-lorenzo-california
https://www.ubereats.com/san-francisco/food-delivery/jack-in-the-box-780-marina-blvd/6p0nlyqoTlmbggYQWg7VZA,san-lorenzo-california
https://www.ubereats.com/san-francisco/food-delivery/laziz-pizza-%2B-eatery/byQqcJqXT5WaoX4ycgAqBg,san-lorenzo-california
https://www.ubereats.com/san-francisco/food-delivery/starbucks-jackson-%26-amador/5iFZKZppQNmTGCOiGV2HHA,san-lorenzo-california
https://www.ubereats.com/san-francisco/food-delivery/peshawari-kababs/SFfpQRANQVu83f24al8djA,san-lorenzo-california
https://www.ubereats.com/san-francisco/food-delivery/burger-king-7200-bancroft-road/1lHnP6Q0RAKkimfcVVwoEw,san-lorenzo-california
https://www.ubereats.com/san-francisco/food-delivery/taqueria-senaidas/Ev-c31s5Q7yjZD0mStdvAw,san-lorenzo-california
https://www.ubereats.com/san-francisco/food-delivery/world-champion-smokehouse/3pdTnupiTECYqgmJxgNZ0A,san-lorenzo-california
https://www.ubereats.com/san-francisco/food-delivery/ikes-love-%26-sandwiches/0LZxN2rLT7-i6SFeJlCv1A,san-lorenzo-california
https://www.ubereats.com/san-francisco/food-delivery/donut-express/GMgIWrADS--yy4TAga5HGw,san-lorenzo-california
https://www.ubereats.com/san-francisco/food-delivery/ghazni-afghan-kabobs-winton-ave/2fzLTvztTUS2FQJH_fI-KQ,san-lorenzo-california
https://www.ubereats.com/san-francisco/food-delivery/perilla-vietnamese-grill/DnuZsF8wS3WTAIRwxBOFVw,san-lorenzo-california
https://www.ubereats.com/san-francisco/food-delivery/ramen-101/6wOJiVdASYG6tDSFD5l4RA,san-lorenzo-california
https://www.ubereats.com/san-francisco/food-delivery/bluefin-sushi-thai/xMm-AUQwQWGJH_09635C2Q,san-lorenzo-california
https://www.ubereats.com/san-francisco/food-delivery/buffalo-wild-wings-32135-union-lndg/pop1XflfSFepp74qpgFYdQ,san-lorenzo-california
https://www.ubereats.com/san-francisco/food-delivery/subway-14393-washington-ave/hu8TEBheTsy6YK0zTm-o8g,san-lorenzo-california
https://www.ubereats.com/san-francisco/food-delivery/big-brothers-chinese-restaurant/IUzu9cU4S7CJiPn4eKPqKg,san-lorenzo-california
https://www.ubereats.com/san-francisco/food-delivery/the-tree-house/TNPumPuJS-mu1hZ5sNesOg,san-lorenzo-california
https://www.ubereats.com/san-francisco/food-delivery/diamonds-sports-bar/XF0f5uJ6R2u4CVVdYCDJOQ,san-lorenzo-california
https://www.ubereats.com/san-francisco/food-delivery/dennys-15015-freedom-ave/9tKfJu6URVKu4kEYUNow8w,san-lorenzo-california
https://www.ubereats.com/san-francisco/food-delivery/tacos-el-gordo-hesperian/f3oZ1qRDT6iERMuTy_r8cQ,san-lorenzo-california
https://www.ubereats.com/san-francisco/food-delivery/carls-jr-10770-macarthur-blvd/eQawnAFKT4-p-NeDnEhUrQ,san-lorenzo-california
https://www.ubereats.com/san-francisco/food-delivery/crabby-crabby/N7p7We7UTzmDAiWuk_d_Fg,san-lorenzo-california
https://www.ubereats.com/san-francisco/food-delivery/popeyes-31816-alkvlarado-blvd/jZ2IAcpASHedcR02pqUNAg,san-lorenzo-california
https://www.ubereats.com/san-francisco/food-delivery/pop-up-gelato/9P9QFZEsQzWGu3XVdubevA,san-lorenzo-california
https://www.ubereats.com/san-francisco/food-delivery/kfc-17630-hesperian-blvd/WzLtEc5tTxyWfrajUT9Udg,san-lorenzo-california
https://www.ubereats.com/san-francisco/food-delivery/el-torito-5-san-leandro-marina/3SWwAOFDQdqyr21v8Gjp1g,san-lorenzo-california
https://www.ubereats.com/san-francisco/food-delivery/jims-on-the-course/1v_tcP0NSf69cPXsDJ_yXQ,san-lorenzo-california
https://www.ubereats.com/san-francisco/food-delivery/uncle-yu-restaurant/6KoMRHqmT2Ck5oCKrrNX8A,san-lorenzo-california
https://www.ubereats.com/san-francisco/food-delivery/blue-dish-cafe/d9ooerI2RY-uwWZ4htovyQ,san-lorenzo-california
https://www.ubereats.com/san-francisco/food-delivery/panda-express-3893-e-castro-valley-blvd/W2515t4kTl-lcXTgCqZjPQ,san-lorenzo-california
https://www.ubereats.com/san-francisco/food-delivery/jack-in-the-box-25198-hesperian-bl/3b9t54ybRoG-Tv3dd5akxw,san-lorenzo-california
https://www.ubereats.com/san-francisco/food-delivery/amigos-taqueria/DE5vojGGR0K1L8Cnhtzcug,san-lorenzo-california
https://www.ubereats.com/san-francisco/food-delivery/mikes-dogs/njgEENcURo2uMCs-e9An7Q,san-lorenzo-california
https://www.ubereats.com/san-francisco/food-delivery/asia-delight-express/k14CeIDCSAqwWmrgfZwdoA,san-lorenzo-california
https://www.ubereats.com/san-francisco/food-delivery/new-york-pizza/KoVF6TH2QhanHwYyED3WRw,san-lorenzo-california
https://www.ubereats.com/san-francisco/food-delivery/mountain-mikes-pizza-2150-marina-blvd/-18TqbW4TjWZVEPlVXTsug,san-lorenzo-california
https://www.ubereats.com/san-francisco/food-delivery/express-pizza/mBbwUTsxQSeDy9FnEcetAg,san-lorenzo-california
https://www.ubereats.com/san-francisco/food-delivery/los-cantaros-taqueria-san-leandro-ca/vk0KMjkRSiqxcOeEJabPpA,san-lorenzo-california
https://www.ubereats.com/san-francisco/food-delivery/lenas-soul-food-cafe/F9h91_7uSE6opXspVcXCIw,san-lorenzo-california
https://www.ubereats.com/san-francisco/food-delivery/taqueria-la-placita/ZmFMvArNRiu9PD2ZVP9bng,san-lorenzo-california
https://www.ubereats.com/san-francisco/food-delivery/papa-murphys-20895-redwood-road/CFDgDUSHSQ-ow7QYFaXY3w,san-lorenzo-california
https://www.ubereats.com/san-francisco/food-delivery/kfc-1299-west-tennyson-road/iqG2b-5XTkSajjYU7SDGeA,san-lorenzo-california
https://www.ubereats.com/san-francisco/food-delivery/subway-18030-hesperian-blvd/qhv0cDhrTiiBfOIfrLr42g,san-lorenzo-california
https://www.ubereats.com/san-francisco/food-delivery/pizza-guys-hayward/6qZGqQMLR1Svw5HskRgrRg,san-lorenzo-california
https://www.ubereats.com/san-francisco/food-delivery/jack-in-the-box-699-lewelling-blvd-ste-120/UYr65Ml6Qoy6YfdwY_ohqQ,san-lorenzo-california
https://www.ubereats.com/san-francisco/food-delivery/taco-bell-15016-e-14th-street/KuPWgd1XR_277rhrxlgyYA,san-lorenzo-california
https://www.ubereats.com/san-francisco/food-delivery/khan-karahi-%26-kabob/m9YyDKXhS3Ce0jEQjoxIhg,san-lorenzo-california
https://www.ubereats.com/san-francisco/food-delivery/mi-zacatecas/N5Dwg0NOTs2HTih-neSR2A,san-lorenzo-california
https://www.ubereats.com/san-francisco/food-delivery/roccabs-cafe-and-deli/hf30ISc5T22VUm4NNBJVJA,san-lorenzo-california
https://www.ubereats.com/san-francisco/food-delivery/annar-afghan-cuisine/riMapMkORpqyXATevAoC7w,san-lorenzo-california
https://www.ubereats.com/san-francisco/food-delivery/bay-city-bistro/6gOPBpEYS8WYGqJu48dETg,san-lorenzo-california
https://www.ubereats.com/san-francisco/food-delivery/jack-in-the-box-4391-15025-hesperian-blvd/N-QxbF4wT6WPnhtfKCvWPw,san-lorenzo-california
https://www.ubereats.com/san-francisco/food-delivery/buffalo-wild-wings-24542-hesperian-blvd/d4N-BXapQl673RIADB_Dpw,san-lorenzo-california
https://www.ubereats.com/san-francisco/food-delivery/bluefin-asian-bistro/4idU5IO3RJaMOnpx5bejAw,san-lorenzo-california
https://www.ubereats.com/san-francisco/food-delivery/starbucks-hegenberger-%26-i-880-oakland/Rm8wuN3dRW2avczF-VOJgQ,san-lorenzo-california
https://www.ubereats.com/san-francisco/food-delivery/burger-king-950-west-a-street/8PMZP-DASZeMDxhw88R61w,san-lorenzo-california
https://www.ubereats.com/san-francisco/food-delivery/a%26w-restaurant-2187-merced-st/NEDi2PuoTcqIzP0GMEALaQ,san-lorenzo-california
https://www.ubereats.com/san-francisco/food-delivery/bliss-pops/V0ckMm8KSjqxWFi38znJNA,san-lorenzo-california
https://www.ubereats.com/san-francisco/food-delivery/black-bear-diner-25202-hesperian-blvd/nPaf2e4cRJux4qpifLhuHQ,san-lorenzo-california
https://www.ubereats.com/san-francisco/food-delivery/kfc-32004-alvarado-boulevard/2dg21-R4Tbm8sv4-aYNZZw,san-lorenzo-california
https://www.ubereats.com/san-francisco/food-delivery/panda-express-783-a-street/6pLL2Ky9RM-BwubMlATTZA,san-lorenzo-california
https://www.ubereats.com/san-francisco/food-delivery/la-casita-restaurant-%23-1/_hivJ2CiTP-pqEagbNc2-A,san-lorenzo-california
https://www.ubereats.com/san-francisco/food-delivery/chipotle-mexican-grill-8460-edgewater-dr-ste-c/LSHjdMB5SbG1d4dfqQWI8A,san-lorenzo-california
https://www.ubereats.com/san-francisco/food-delivery/taco-bell-215-west-jackson-street/UjE-wfo7RO-3J6J9szubcQ,san-lorenzo-california
https://www.ubereats.com/san-francisco/food-delivery/subway-15555-e-14th-st/nRG-H_SWQaCWYap3i-2s8g,san-lorenzo-california
https://www.ubereats.com/san-francisco/food-delivery/wendys-17435-hesperian-blvd/yzz0rEe5S2K2SuTbdvBdNQ,san-lorenzo-california
https://www.ubereats.com/san-francisco/food-delivery/tequila-grill/6dwi6z-RSnmnA0NP68YMzQ,san-lorenzo-california
https://www.ubereats.com/san-francisco/food-delivery/a-heart-szechuan-fish/sP3DHmoQRW22foTDqC4cqA,san-lorenzo-california
https://www.ubereats.com/san-francisco/food-delivery/mcdonalds-16552-14th-st/MYmCZc0_SqO20SNVb5XlWw,san-lorenzo-california
https://www.ubereats.com/san-francisco/food-delivery/mountain-mikes-pizza/LWJC4tQTSXaRSghlItwxeg,san-lorenzo-california
https://www.ubereats.com/san-francisco/food-delivery/la-victoria-taqueria-hayward/XslswShRSHu1EYtydcP7tA,san-lorenzo-california
https://www.ubereats.com/san-francisco/food-delivery/basilios-pizza/SniBg02PQEaq2vZv7hn-DQ,san-lorenzo-california
https://www.ubereats.com/san-francisco/food-delivery/mcdonalds-castro-valley/OIJJwJaUSEq-O9cJb-csPA,san-lorenzo-california
https://www.ubereats.com/san-francisco/food-delivery/papa-johns-pizza-san-leandro/SwE5xNF4TsGWftPbAWqKJw,san-lorenzo-california
https://www.ubereats.com/san-francisco/food-delivery/round-table-pizza-san-lorenzo/FTl2HVVdTwKKkt0-8ImO3g,san-lorenzo-california
https://www.ubereats.com/san-francisco/food-delivery/the-ice-cream-shop/jnSnrDxrSXyLLvIXxurjDA,san-lorenzo-california
https://www.ubereats.com/san-francisco/food-delivery/dunkin-268-jackson-st/3YvgJLyVSXimVaILMf7PWQ,san-lorenzo-california
https://www.ubereats.com/san-francisco/food-delivery/le-paradis-hayward/Uxp2PTeiS6OQ04u6BYFHPQ,san-lorenzo-california
https://www.ubereats.com/san-francisco/food-delivery/straw-hat-pizza/t1oIAUNIRY-Ea4IHz0IQag,san-lorenzo-california
https://www.ubereats.com/san-francisco/food-delivery/indian-grill/6F3sdLBXRrufhLVZJYAo-A,san-lorenzo-california
https://www.ubereats.com/san-francisco/food-delivery/le-soleil/wKm1eYCcTBa0mrVfvFCKqA,san-lorenzo-california
https://www.ubereats.com/san-francisco/food-delivery/l%26l-hawaiian-bbq-27328-hesperian-blvd/Br54pZ8VQjuuEgqqpvktRA,san-lorenzo-california
https://www.ubereats.com/san-francisco/food-delivery/tapsilog-express-hayward/PADD4uDmSdClmxWehGqYVQ,san-lorenzo-california
https://www.ubereats.com/san-francisco/food-delivery/eko/XBgJNsPPRRKZWZn9ExMHRA,san-lorenzo-california
https://www.ubereats.com/san-francisco/food-delivery/tins-teapot-bistro/-QO2pp_xTZWwF66Jn8Ju6Q,san-lorenzo-california
https://www.ubereats.com/san-francisco/food-delivery/flavor-of-india/KCryq_kLT9-krTIewidsSg,san-lorenzo-california
https://www.ubereats.com/san-francisco/food-delivery/chuck-e-cheese-24039-hesperian-blvd/vkkZbQpGTEivK-0v76JAQA,san-lorenzo-california
https://www.ubereats.com/san-francisco/food-delivery/normans-grill/rMGF_BG5TgO5vum0_GBIRw,san-lorenzo-california
https://www.ubereats.com/san-francisco/food-delivery/subway-25175-santa-clara-st/MZn8RfrESG-KoXT6VbC6xA,san-lorenzo-california
https://www.ubereats.com/san-francisco/food-delivery/vietnam-hong-kong-cafe/BDFYLvZpRcabBxm3mWNccw,san-lorenzo-california
https://www.ubereats.com/san-francisco/food-delivery/asian-barbecue/EvfA94QTSSqjRtQdcwI-bQ,san-lorenzo-california
https://www.ubereats.com/san-francisco/food-delivery/joaquin-deli-by-travis/5VkNag7kQcOiTzr2fe78Zg,san-lorenzo-california
https://www.ubereats.com/san-francisco/food-delivery/vulcan-thai-cafe/a1MvLeypRTer2bLpEs1fNw,san-lorenzo-california
https://www.ubereats.com/san-francisco/food-delivery/naan-n-curry/Fha_jn0YTzik0KV08Sdh4Q,san-lorenzo-california
https://www.ubereats.com/san-francisco/food-delivery/caesars-chicken/_xxLF-RkQ1-IxtiYR2ck1A,san-lorenzo-california
https://www.ubereats.com/san-francisco/food-delivery/starbucks-98th-%26-bigge/zdLCFu2xTZaBwEJN7nyIoA,san-lorenzo-california
https://www.ubereats.com/san-francisco/food-delivery/subway-8450-c-edgewater-dr/VLX-hjATRiOKam0-4DV56w,san-lorenzo-california
https://www.ubereats.com/san-francisco/food-delivery/winton-deli/L3qfNxmnSJyTvS49q9MVDA,san-lorenzo-california
https://www.ubereats.com/san-francisco/food-delivery/donut-factory/s3aamiaDRcaDp1VZP9Lqbg,san-lorenzo-california
https://www.ubereats.com/san-francisco/food-delivery/mod-pizza-castro-valley/rIWpCMr7QSKYZf0rcdnT2Q,san-lorenzo-california
https://www.ubereats.com/san-francisco/food-delivery/mughal-restaurant/r0uVAdZeRjq6pyjztHRKYw,san-lorenzo-california
https://www.ubereats.com/san-francisco/food-delivery/dtdimsum/tfzY4lGYTNG6jCMVmF_RvA,san-lorenzo-california
https://www.ubereats.com/san-francisco/food-delivery/nations-giant-hamburgers-san-leandro/FH308_5vQwyUJ4pmaKP5jA,san-lorenzo-california
https://www.ubereats.com/san-francisco/food-delivery/panera-24133-southland-drive/eeNgyIpLSC6HA2XvvmlK9g,san-lorenzo-california
https://www.ubereats.com/san-francisco/food-delivery/chef-tao-express/3O7_iyyDQBKGKQpyuDlYjw,san-lorenzo-california
https://www.ubereats.com/san-francisco/food-delivery/skyline-pizza/0GuVRO0OTPi_rYatWS9EAA,san-lorenzo-california
https://www.ubereats.com/san-francisco/food-delivery/saigon-house-inc/3qJwU4ypSRqw2xKbM1vLAg,san-lorenzo-california
https://www.ubereats.com/san-francisco/food-delivery/london-fish-n-chips/MucIZcRmRGanU2k_H2RDsQ,san-lorenzo-california
https://www.ubereats.com/san-francisco/food-delivery/el-rancho-steakhouse-castro-valley/dIZRHBLuTi27zjTtLII1PA,san-lorenzo-california
https://www.ubereats.com/san-francisco/food-delivery/wendys-1185-san-leandro/4TL8fOGPTIGgz31c8OIbBg,san-lorenzo-california
https://www.ubereats.com/san-francisco/food-delivery/mis-tamales-factory-tamaleria/5NPOnmWsRTiehA4hsAIBpQ,san-lorenzo-california
https://www.ubereats.com/san-francisco/food-delivery/subway-25040-hesperian-blvd/Z2gZSihWQ3uTgAqsVl90sg,san-lorenzo-california
https://www.ubereats.com/san-francisco/food-delivery/namaskar-foods/n9tDhP29QG6b3BabuUQbHg,san-lorenzo-california
https://www.ubereats.com/san-francisco/food-delivery/azteca/DjsohLaWSCmbj_RyTvvwOg,san-lorenzo-california
https://www.ubereats.com/san-francisco/food-delivery/camelias/XDvPDtSAREubdYf3I4xvIQ,san-lorenzo-california
https://www.ubereats.com/san-francisco/food-delivery/rigatonis-restaurant-20501-hesperian-blvd/yxeg5J1wScesRQs2gB3Rhg,san-lorenzo-california
https://www.ubereats.com/san-francisco/food-delivery/angry-ramen/z-3TYsuXTbmDICppieHyYA,san-lorenzo-california
https://www.ubereats.com/san-francisco/food-delivery/popeyes-17555-hesperian-blvd/9DFgejxxSge3jbrcTHjZkQ,san-lorenzo-california
https://www.ubereats.com/san-francisco/food-delivery/quiznos-22312-foothill-blvd/2wFCnrd_T8yXtwBWCvQacg,san-lorenzo-california
https://www.ubereats.com/san-francisco/food-delivery/minami-sushi/Dgf1_jXvR7e5T23QpC3IHA,san-lorenzo-california
https://www.ubereats.com/san-francisco/food-delivery/kadoks/4qyVrWxUSV22yOpAHp4NRA,san-lorenzo-california
https://www.ubereats.com/san-francisco/food-delivery/wends-cafe/Gtn2VITkQK2sbijK9ykuAg,san-lorenzo-california
https://www.ubereats.com/san-francisco/food-delivery/jamba-juice-15555-e-14th-street-ste-198/kYqzuyseRSezQvQR7DEtgg,san-lorenzo-california
https://www.ubereats.com/san-francisco/food-delivery/cheese-steak-shop-castro-valley/iN1osApHSaqZ0DoHvL6n2w,san-lorenzo-california
https://www.ubereats.com/san-francisco/food-delivery/mcdonalds-14823-14th-st/gnSofftWTMKM_0KmS7dVYA,san-lorenzo-california
https://www.ubereats.com/san-francisco/food-delivery/tequila-grill/8JZgWtgCRwioqAXiBJPTnQ,san-lorenzo-california
https://www.ubereats.com/san-francisco/food-delivery/ocean-bar/baj9vPk2RxaG6GPQK1tNNg,san-lorenzo-california
https://www.ubereats.com/san-francisco/food-delivery/ghazni-afghan-kabobs-pizza-and-catering-winton-ave/VMxVVYUtSpWkig-fQkR5iA,san-lorenzo-california
https://www.ubereats.com/san-francisco/food-delivery/la-casa-de-maria/HQNN0HWWT_2lcS0GGKQQyw,san-lorenzo-california
https://www.ubereats.com/san-francisco/food-delivery/noodles-hinata/KrRsGiiFSTGCGWcfZaGzLw,san-lorenzo-california
https://www.ubereats.com/san-francisco/food-delivery/han-dae-gam-korean-bbq/mdvzr_OERDOvhU0NsOGdGA,san-lorenzo-california
https://www.ubereats.com/san-francisco/food-delivery/its-boba-time-southland-mall/6bv5hp6ZQg-vbmPjOLwSHg,san-lorenzo-california
https://www.ubereats.com/san-francisco/food-delivery/kabila-union-city/BvuA5jMqReiGnfp504tlpQ,san-lorenzo-california
https://www.ubereats.com/san-francisco/food-delivery/angry-fish-sushi/Ano8AT0rSiCwiXczoX2vDQ,san-lorenzo-california
https://www.ubereats.com/san-francisco/food-delivery/taco-bell-20925-redwood-rd/4ICQeryBSX2KgkIWSzeH5Q,san-lorenzo-california
https://www.ubereats.com/san-francisco/food-delivery/tandoori-paradise/EwsTD7xBTjOqnZArKfA9xQ,san-lorenzo-california
https://www.ubereats.com/san-francisco/food-delivery/house-cafe/R-VTgvD4S0ujBgCSs056yA,san-lorenzo-california
https://www.ubereats.com/san-francisco/food-delivery/moon-indian-cuisine/IFtm89vvSS6RZF-0Bkhz3Q,san-lorenzo-california
https://www.ubereats.com/san-francisco/food-delivery/panda-express-15555-e-14th-st/oDxypC5DQAm9i_srfYJgmg,san-lorenzo-california
https://www.ubereats.com/san-francisco/food-delivery/la-salsa-san-leandro/_WKUlXWYTwWBrcbo3xNcdg,san-lorenzo-california
https://www.ubereats.com/san-francisco/food-delivery/sabinos-coffee-shop/VgT8vSX6TKCtibHFLrtIIw,san-lorenzo-california
https://www.ubereats.com/san-francisco/food-delivery/nations-giant-hamburgers-hayward/JGT2qlhKTJO1MXCU61IVhw,san-lorenzo-california
https://www.ubereats.com/san-francisco/food-delivery/fuddruckers-union-city/Ng8vxcoZSKOAoe9TYSOfFA,san-lorenzo-california
https://www.ubereats.com/san-francisco/food-delivery/mcdonalds-9725-14th-st/OH9qTHSGSISBImn_xYxcHw,san-lorenzo-california
https://www.ubereats.com/san-francisco/food-delivery/jack-in-the-box-1490-winton-ave/92XHFPk4ThC0hTIihODODQ,san-lorenzo-california
https://www.ubereats.com/san-francisco/food-delivery/la-pinata-hayward/i17pN0-NQV2FOArnemk4iw,san-lorenzo-california
https://www.ubereats.com/san-francisco/food-delivery/subway-20848-mission-blvd/XQ5tu3ILSBuiOJbhdsml4Q,san-lorenzo-california
https://www.ubereats.com/san-francisco/food-delivery/mcdonalds-26253-mission-blvd/tKKgogRlQByoHMA-SBfnBA,san-lorenzo-california
https://www.ubereats.com/san-francisco/food-delivery/kabob-express/nv-bYj5HRSqetz2hcEr3qA,san-lorenzo-california
https://www.ubereats.com/san-francisco/food-delivery/mcdonalds-watkins-st/_8EuWgyFQD-hxBgykzh4zQ,san-lorenzo-california
https://www.ubereats.com/san-francisco/food-delivery/l%26l-hawaiian-bbq-20438-redwood-rd/TzefrjumSP-3qWoFT8Xgow,san-lorenzo-california
https://www.ubereats.com/san-francisco/food-delivery/roadside-rotisserie/wtREf_kwTJ6K7Ha2J32aOg,san-lorenzo-california
https://www.ubereats.com/san-francisco/food-delivery/taco-bell-630-hegenberger-rd/vGRMtZ2wRRmUI1ShwN84ag,san-lorenzo-california
https://www.ubereats.com/san-francisco/food-delivery/sweet-spot/SkRVjq7ARYyDKxS-qVKHCg,san-lorenzo-california
https://www.ubereats.com/san-francisco/food-delivery/philhouse-hayward/3y2AXYrnSSSCbMMZvFqwSw,san-lorenzo-california
https://www.ubereats.com/san-francisco/food-delivery/pakwan-restaurant-hayward/plOvOQLKSZKKie60kjnhQA,san-lorenzo-california
https://www.ubereats.com/san-francisco/food-delivery/hong-kong-express-san-leandro/hQnNyFAzQwOxzZ00bF5E-w,san-lorenzo-california
https://www.ubereats.com/san-francisco/food-delivery/subway-26775-hayward-blvd/9H9ZvjoBQlymU9O2QkTTTw,san-lorenzo-california
https://www.ubereats.com/san-francisco/food-delivery/jamba-juice-19651-hesperian-blvd/zRzb1C-YQF6ivgosSHxxyQ,san-lorenzo-california
https://www.ubereats.com/san-francisco/food-delivery/united-mariscos-y-birrieria/zbQnachTQi2KhfDDTo8Vow,san-lorenzo-california
https://www.ubereats.com/san-francisco/food-delivery/rigatonis-20680-rustic-dr/sh3YHX30RQaJceZl739VQQ,san-lorenzo-california
https://www.ubereats.com/san-francisco/food-delivery/bobs-hoagy-steaks/RGRxUEQYSWaaHDiGtkjcrQ,san-lorenzo-california
https://www.ubereats.com/san-francisco/food-delivery/kfc-2187-merced-street/rn41ctEAS8K0cekFu1p69A,san-lorenzo-california
https://www.ubereats.com/san-francisco/food-delivery/tandoor/eGObTQxgTdSM3kymKbaXYg,san-lorenzo-california
https://www.ubereats.com/san-francisco/food-delivery/subway-26953-mission-blvd-ste-c/eEUbePyERAGLYQUYXejmsA,san-lorenzo-california
https://www.ubereats.com/san-francisco/food-delivery/taishan-bbq/zou4pzkdQkepx1l6GhMtrA,san-lorenzo-california
https://www.ubereats.com/san-francisco/food-delivery/subway-14972-east-14th-st/w8w7AjThR5KZ5QsdK241yg,san-lorenzo-california
https://www.ubereats.com/san-francisco/food-delivery/farmhouse-kitchen-thai-express/mQTd0V-rQg-EKTGKzHODGQ,san-lorenzo-california
https://www.ubereats.com/san-francisco/food-delivery/a%26w-7272-international-boulevard/mL_rifqbTna-cKov7vWmRA,san-lorenzo-california
https://www.ubereats.com/san-francisco/food-delivery/mcdonalds-a-st/S6YZAlD1TyOGBFFFqNqkGQ,san-lorenzo-california
https://www.ubereats.com/san-francisco/food-delivery/starbucks-industrial-%26-stratford/rnZ8-PTCR16NGVvTqQdmnw,san-lorenzo-california
https://www.ubereats.com/san-francisco/food-delivery/panda-express-8333-oakport-street/GXgEpFYRTUeqY2QwvWf3Fw,san-lorenzo-california
https://www.ubereats.com/san-francisco/food-delivery/elios-family-restaurant/D4_-rSr4QEyNp56a2e7FVg,san-lorenzo-california
https://www.ubereats.com/san-francisco/food-delivery/kfc-9825-east-14th-street/mqxmLcyLQr-MSdEqUZw_Bg,san-lorenzo-california
https://www.ubereats.com/san-francisco/food-delivery/mountain-mikes-pizza-410-w-harder-rd/oa9kJd2MTkmGGGr8Qq1Inw,san-lorenzo-california
https://www.ubereats.com/san-francisco/food-delivery/star-catering-and-cafe/fUlK1_gmRmmYiFcYa6ltxw,san-lorenzo-california
https://www.ubereats.com/san-francisco/food-delivery/the-cupcake-shoppe/CYnLuBQcSQeWhV7yT7Ekyw,san-lorenzo-california
https://www.ubereats.com/san-francisco/food-delivery/fu-zhou-kitchen/RN9J65YSRyKZmjjXMRNe4Q,san-lorenzo-california
https://www.ubereats.com/san-francisco/food-delivery/rockit-char-grill/_7OxmEUZS5qk8KOJpu92FQ,san-lorenzo-california
https://www.ubereats.com/san-francisco/food-delivery/china-garden-restaurant-%E6%85%B6%E7%9B%B8%E9%80%A2/wquVBlvYTZWw_Lpe2dQv8A,san-lorenzo-california
https://www.ubereats.com/san-francisco/food-delivery/la-pinata-san-leandro/7rvVcAaOQAWRXkx9fgSc4g,san-lorenzo-california
https://www.ubereats.com/san-francisco/food-delivery/lotus-leaf/ofFXIrOyTHyiIgZkOxbPzQ,san-lorenzo-california
https://www.ubereats.com/san-francisco/food-delivery/hidden-wok/n0HMbzuWQUyxfVZxCNX5fQ,san-lorenzo-california
https://www.ubereats.com/san-francisco/food-delivery/mr-pickles-sandwich-shop-union-city/VY3alV0VSYSSuYIF8yF7fw,san-lorenzo-california
https://www.ubereats.com/san-francisco/food-delivery/los-pericos-taqueria-hayward/0yV-M4XyReWqqwqa8yvHFg,san-lorenzo-california
https://www.ubereats.com/san-francisco/food-delivery/dunkin-451-hegenberger-rd/8cY5TejhQXGqlkWOK54T8w,san-lorenzo-california
https://www.ubereats.com/san-francisco/food-delivery/pizza-boyzz/kudKju6xQwmJx2Jf3nhw8Q,san-lorenzo-california
https://www.ubereats.com/san-francisco/food-delivery/jack-in-the-box-3035-castro-valley-rd/3mnJIE8fRlGRT_LgM1tA4w,san-lorenzo-california
https://www.ubereats.com/san-francisco/food-delivery/grill-city-hayward/8VpOUdV4SyGLJbWffHUFww,san-lorenzo-california
https://www.ubereats.com/san-francisco/food-delivery/emil-villas-hayward/Oc3x-MGVShKZXbAPB-SeGw,san-lorenzo-california
https://www.ubereats.com/san-francisco/food-delivery/five-guys-19621-hesperian-blvd/sON_hrYERzmPMJzA1AQusw,san-lorenzo-california
https://www.ubereats.com/san-francisco/food-delivery/the-ice-cream-shop/TZD6CU_OTYiD9LhQI6c3sw,san-lorenzo-california
https://www.ubereats.com/san-francisco/food-delivery/pho-ma-ha/Hbwk0-MzRwKRHAPqBrRsVg,san-lorenzo-california
https://www.ubereats.com/san-francisco/food-delivery/teamo-boba-tea-x-mochi-donut/uNOa9oZqTKeAd8P8vIZrOg,san-lorenzo-california
https://www.ubereats.com/san-francisco/food-delivery/chaplins-sports-bistro/t8QpoC6sSJC3poPW50RtZg,san-lorenzo-california
https://www.ubereats.com/san-francisco/food-delivery/hot-deli-foodnet/AVkXjYoBTumu3m_Q4ZdpQQ,san-lorenzo-california
https://www.ubereats.com/san-francisco/food-delivery/subway-175-98th-ave/JhjCJa80RAWpM5YOG6ZKsg,san-lorenzo-california
https://www.ubereats.com/san-francisco/food-delivery/blue-ginger/-IHAKx8bRzqyoBHXTDaTGQ,san-lorenzo-california
https://www.ubereats.com/san-francisco/food-delivery/new-york-giant-pizza/pvo-tr8ZQ_aujaswZzFcZQ,san-lorenzo-california
https://www.ubereats.com/san-francisco/food-delivery/sushi-valley-san-lorenzo/EleS_XlsTo2hF5Lyd0D1Lw,san-lorenzo-california
https://www.ubereats.com/san-francisco/food-delivery/nations-giant-hamburgers-castro-valley/CVyVhhVATL2bXzdWzXrCQw,san-lorenzo-california
https://www.ubereats.com/san-francisco/food-delivery/mcdonalds-greenhouse/qwoG1ZQgRji_ouVL22VsQQ,san-lorenzo-california
https://www.ubereats.com/san-francisco/food-delivery/pasquallys-pizza-%26-wings-24039-hesperian-blvd/WMLtTC0-QbqQKQrkl7vNCA,san-lorenzo-california
https://www.ubereats.com/san-francisco/food-delivery/the-ice-cream-shop/4vW5giusQ_iwwyq2akcO6Q,san-lorenzo-california
https://www.ubereats.com/san-francisco/food-delivery/el-pollo-loco-24119-mission-blvd3514/KWFesN1mQqGqxSCgiVQ-aw,san-lorenzo-california
https://www.ubereats.com/san-francisco/food-delivery/subway-20513-hesperian-blvd/KFAULS6ZQum47IcXUJL_kg,san-lorenzo-california
https://www.ubereats.com/san-francisco/food-delivery/mountain-mikes-pizza-8951-san-ramon-rd/-KbcBLEJSIqixhemmKIqIA,san-lorenzo-california
https://www.ubereats.com/san-francisco/food-delivery/taqueria-el-grullo/Zhuph4zWRCaaSIAlHOoY9A,san-lorenzo-california
https://www.ubereats.com/san-francisco/food-delivery/papa-panchos/fCzh8hSqRIm3TrbeQEMXkw,san-lorenzo-california
https://www.ubereats.com/san-francisco/food-delivery/new-york-pizza/HZIy9rmPRWO2-HZcFVfknQ,san-lorenzo-california
https://www.ubereats.com/san-francisco/food-delivery/burger-king-26251-hesperian-boulevard/M1JkA-YQSUOM22CciCAWKA,san-lorenzo-california
https://www.ubereats.com/san-francisco/food-delivery/taqueria-guadalajara/LnCKrPhRSUKYytF2Bp-lYA,san-lorenzo-california
https://www.ubereats.com/san-francisco/food-delivery/starbucks-hesperian-%26-a/Rd09odBhRtu0NjbES7ZG6A,san-lorenzo-california
https://www.ubereats.com/san-francisco/food-delivery/carmens-family-bbq/S_-I0rHlT6u7N-2YtUJ8bQ,san-lorenzo-california
https://www.ubereats.com/san-francisco/food-delivery/totos-grill/jHyglPpMT025DW53fVD2dA,san-lorenzo-california
https://www.ubereats.com/san-francisco/food-delivery/backyard-bayou/LPYOOv5fRrerB5M0BZyZOg,san-lorenzo-california
https://www.ubereats.com/san-francisco/food-delivery/great-river-chinese-restaurant/H4tRqikSRDiS0RjiM0f14w,san-lorenzo-california
https://www.ubereats.com/san-francisco/food-delivery/taco-bell-15501-hesperian-blvd/b8nSDHD5TiGJuWs5XOWVGg,san-lorenzo-california
https://www.ubereats.com/san-francisco/food-delivery/favorite-indian-restaurant/HwRXv5hCQAqkzzkatX7iOg,san-lorenzo-california
https://www.ubereats.com/san-francisco/food-delivery/ghazni-afghan-kabobs-and-catering/BsY-nXtPQU2zjQtEfYEanQ,san-lorenzo-california
https://www.ubereats.com/san-francisco/food-delivery/new-york-pizza-and-pasta-san-leandro/8wls2xz1RfSO8-Mh6qluoQ,san-lorenzo-california
https://www.ubereats.com/san-francisco/food-delivery/marleys-treats/9AXc41kzT3GiUY2rZZmphA,san-lorenzo-california
https://www.ubereats.com/san-francisco/food-delivery/mcdonalds-hesperian-blvd/9AgY3t2URS2zpZRmIMFl8g,san-lorenzo-california
https://www.ubereats.com/san-francisco/food-delivery/celias-mexican/ZfbXdKBSRZyYjJajomAEmw,san-lorenzo-california
https://www.ubereats.com/san-francisco/food-delivery/china-best/o39P1ZKoRju_uLu-GXRKng,san-lorenzo-california
https://www.ubereats.com/san-francisco/food-delivery/curry-cravings/1K__2ldDQ6SE8RizH8h7DQ,san-lorenzo-california
https://www.ubereats.com/san-francisco/food-delivery/tandoori-pizza-union-city/AQ0atYZmQ0uk05hjUfBMHw,san-lorenzo-california
https://www.ubereats.com/san-francisco/food-delivery/mum-mum-boba-ice-cream-and-snacks/wyOPES7bSWeBHagmn7QPxw,san-lorenzo-california
https://www.ubereats.com/san-francisco/food-delivery/taco-bell-6900-bancroft-ave/xjiRBQ_dSsq0ZJMJzZCf8g,san-lorenzo-california
https://www.ubereats.com/san-francisco/food-delivery/chevys-31100-courthouse-drive/g6SxitRgRv2JbtNTyA_cqw,san-lorenzo-california
https://www.ubereats.com/san-francisco/food-delivery/bonchon-chicken-1275-washington-ave/Q-MPPDj9QkC41EpJVhpVbA,san-lorenzo-california
https://www.ubereats.com/san-francisco/food-delivery/alohana-hawaiian-grill/gVfkX70SS4GI_P7qz_6Vjw,san-lorenzo-california
https://www.ubereats.com/san-francisco/food-delivery/greens-n-grills/2eBWT-UfRsug1Dfr_Mt-6Q,san-lorenzo-california
https://www.ubereats.com/san-francisco/food-delivery/famous-daves-790-west-winton-avenue/9SX3rS7sQOKfcpAungWocA,san-lorenzo-california
https://www.ubereats.com/san-francisco/food-delivery/tacos-uruapan/QRETihZgQPiJrP51bZYpOg,san-lorenzo-california
https://www.ubereats.com/san-francisco/food-delivery/noodle-home/8y0bLkxtS6ST_T_ue-KzEA,san-lorenzo-california
https://www.ubereats.com/san-francisco/food-delivery/applebees-24041-southland-drive-%2377083/IOK6-xLxS8GkvbZD0gGLIg,san-lorenzo-california
https://www.ubereats.com/san-francisco/food-delivery/panaderia-guadalajara/uT8R04qmS1GmuyrO9Sdx3w,san-lorenzo-california
https://www.ubereats.com/san-francisco/food-delivery/los-mariscos-sinaloenses/CEAA0TkFQTqmM1zghJj73Q,san-lorenzo-california
https://www.ubereats.com/san-francisco/food-delivery/wendys-2475-castro-valley-blvd/p5vycnlhTaS7pf9lDmnynA,san-lorenzo-california
https://www.ubereats.com/san-francisco/food-delivery/genghix-asian-fusion/XfUUnehvSgm4UEoH7BIJWw,san-lorenzo-california
https://www.ubereats.com/san-francisco/food-delivery/eriks-delicafe-hayward/Syr1jA13QSeEI3T03rADhg,san-lorenzo-california
https://www.ubereats.com/san-francisco/food-delivery/hot-dog-on-a-stick-1-southland-mall-drive/SYeLkt5WSAipBBFYbba3DQ,san-lorenzo-california
https://www.ubereats.com/san-francisco/food-delivery/taqueria-el-gordo-floresta/GFxLARtXQwm76gbJxdg4jg,san-lorenzo-california
https://www.ubereats.com/san-francisco/food-delivery/ghazni-afghan-kabobs-a-street/Vbp3ytktT-Wlraa9dCFHrQ,san-lorenzo-california
https://www.ubereats.com/san-francisco/food-delivery/krispy-krunchy-chicken-9755-edes-ave/lper2zpmSKOlw9gCQ5XulQ,san-lorenzo-california
https://www.ubereats.com/san-francisco/food-delivery/posh-bagel-castro-valley/yFXz0Mj4TECZrA5Eu00OAA,san-lorenzo-california
https://www.ubereats.com/san-francisco/food-delivery/nations-giant-hamburgers-san-ramon/2X_eZgxCQPOPbXfOin6nuw,san-lorenzo-california
https://www.ubereats.com/san-francisco/food-delivery/kfc-taco-bell-31077-mission-boulevard/H9M5vcNDS3GBRb2KCTVApw,san-lorenzo-california
https://www.ubereats.com/san-francisco/food-delivery/playt-restaurant-and-bar/lHHjGilZT9eOhSVwXfNUlA,san-lorenzo-california
https://www.ubereats.com/san-francisco/food-delivery/subway-22085-center-st/z2il28RaQxezscFtnUGEgw,san-lorenzo-california
https://www.ubereats.com/san-francisco/food-delivery/los-dos-hermanos/ig8rwCn4Q8-shbbmE2ZQNw,san-lorenzo-california
https://www.ubereats.com/san-francisco/food-delivery/jack-in-the-box-18555-mission-blvd/qF3s0aoTT_efDQZdf6AXsw,san-lorenzo-california
https://www.ubereats.com/san-francisco/food-delivery/theos-cheesesteak-shop/e0yZXRwgQHKTnpmfzYkW2g,san-lorenzo-california
https://www.ubereats.com/san-francisco/food-delivery/taos-fresh/YnVzR7saSBebLBsEW0h0Vg,san-lorenzo-california
https://www.ubereats.com/san-francisco/food-delivery/krispy-krunchy-fried-chicken/-Ghn2wSIT_Cy2QOQL9d6Fg,san-lorenzo-california
https://www.ubereats.com/san-francisco/food-delivery/wienerschnitzel-1010-a-st/VK54VI7HQMqx1zoSCWQIFA,san-lorenzo-california
https://www.ubereats.com/san-francisco/food-delivery/cold-stone-creamery-22503-mission-blvd/uSBlCr4iReue2YQHyYe2hA,san-lorenzo-california
https://www.ubereats.com/san-francisco/food-delivery/the-mexican-corner/-lbguoiXT1GG5gDQSdlDKw,san-lorenzo-california
https://www.ubereats.com/san-francisco/food-delivery/pottastic/uuYJrQoGSJOir2ehJOjHLQ,san-lorenzo-california
https://www.ubereats.com/san-francisco/food-delivery/the-fusion-factory/dhLgjiJPRNuvZF1XO8xuHQ,san-lorenzo-california
https://www.ubereats.com/san-francisco/food-delivery/starbucks-macarthur-%26-estudillo/KhM4lECwS62bUU6HNuIUXQ,san-lorenzo-california
https://www.ubereats.com/san-francisco/food-delivery/gogo-sushi-%26-bbq/e7DfzZ0FTLi3XpreRUYUPQ,san-lorenzo-california
https://www.ubereats.com/san-francisco/food-delivery/mcdonalds-tennyson-rd/sMd3IHgfQaGinIKMtZxFLA,san-lorenzo-california
https://www.ubereats.com/san-francisco/food-delivery/jps-family-restaurant-%26-sports-lounge/SGpHjlONSiGRr_i7tkLrMw,san-lorenzo-california
https://www.ubereats.com/san-francisco/food-delivery/tgi-fridays-674-union-city-ca/IdAi2Kg4SsWSFknm2sHtsw,san-lorenzo-california
https://www.ubereats.com/san-francisco/food-delivery/jack-in-the-box-17550-hesperian-blvd/mcXmLv41T0iTmiFDzGRYKQ,san-lorenzo-california
https://www.ubereats.com/san-francisco/food-delivery/panda-express-1271-marina-blvd/L2MwHLf6TtaTOA0THPZ11w,san-lorenzo-california
https://www.ubereats.com/san-francisco/food-delivery/starbucks-20663-rustic-drive/SA76XH2wSH28WTiSeVFVzA,san-lorenzo-california
https://www.ubereats.com/san-francisco/food-delivery/starbucks-foothill-%26-city-center/XC-nwvzrSG-o66OnML0LJg,san-lorenzo-california
https://www.ubereats.com/san-francisco/food-delivery/kfc-7272-east-14th-street/ft-r6xcnRQaRq5KYBWBViA,san-lorenzo-california
https://www.ubereats.com/san-francisco/food-delivery/baras-deli/fbUKiTK0ToKWfWWqgE3WDQ,san-lorenzo-california
https://www.ubereats.com/san-francisco/food-delivery/lees-donuts/cbMv81pASN6kDWyE2ExFgQ,san-lorenzo-california
https://www.ubereats.com/san-francisco/food-delivery/quiznos-2722-castro-valley-blvd/zrLXKGSBRqCBF5JWtXCKVg,san-lorenzo-california
https://www.ubereats.com/san-francisco/food-delivery/popeyes-louisiana-kitchen-13808-e-14th-st/rkzgvWjKQtG_erUcuROkJw,san-lorenzo-california
