url,city
https://www.ubereats.com/los-angeles/food-delivery/taqueria-el-jefe/ZSTKq9TqRKek4rFvMSfG2A,san-dimas-california
https://www.ubereats.com/los-angeles/food-delivery/papa-johns-west-covina/B4ZiIGqoQ8CwjiEtdZFA5g,san-dimas-california
https://www.ubereats.com/los-angeles/food-delivery/burgerim-9359-central-ave/4kODNpk9SZm3mTQpSKEh7Q,san-dimas-california
https://www.ubereats.com/inland-empire/food-delivery/starbucks-citrus-%26-alosta/D0CtYGo2TO-GSJbYy2SXsw,san-dimas-california
https://www.ubereats.com/los-angeles/food-delivery/georgies-mediterranean/v88nbhtIRfCyhu7rLA-kxw,san-dimas-california
https://www.ubereats.com/los-angeles/food-delivery/the-grill-house-foothill-blvd/PY_ISIK8TW-6NvBeG4BHZA,san-dimas-california
https://www.ubereats.com/los-angeles/food-delivery/aladdin-jr-restaurant/3lU_GdbtQhmYshPw-Mw0pA,san-dimas-california
https://www.ubereats.com/inland-empire/food-delivery/queens-kitchen/GioMrtRIQTKVDCOtyzTkdA,san-dimas-california
https://www.ubereats.com/los-angeles/food-delivery/taco-bell-1401-foothill-blvd/A00aG3duTICaDMcs6lF-ww,san-dimas-california
https://www.ubereats.com/inland-empire/food-delivery/wing-squad-claremont/dYso4fHMTki5sxyAzlfo4A,san-dimas-california
https://www.ubereats.com/los-angeles/food-delivery/silver-spoon-restaurant/fS8bGVH6SUGUCEc-ruhhqA,san-dimas-california
https://www.ubereats.com/los-angeles/food-delivery/carls-jr-801-rio-rancho-rd/E3gx447TTJWf4L3wGxCIHQ,san-dimas-california
https://www.ubereats.com/los-angeles/food-delivery/starbucks-foothill-%26-wheeler-la-verne/5GYMeCSjQUy8RT5NkJ2QCw,san-dimas-california
https://www.ubereats.com/los-angeles/food-delivery/dinos-chicken-and-burgers-arrow-hwy/P1SXqjheQu-HfSKwmW9R9w,san-dimas-california
https://www.ubereats.com/los-angeles/food-delivery/baskin-robbins-pomona/d7udbwKSTzetDeKnfqjdig,san-dimas-california
https://www.ubereats.com/los-angeles/food-delivery/taco-bell-690-n-indian-hill-blvd/awDyBeIvQjmlZD6JoJd3yw,san-dimas-california
https://www.ubereats.com/los-angeles/food-delivery/bread-%26-barley/7b4ymaujSliarx8l4L7QrA,san-dimas-california
https://www.ubereats.com/los-angeles/food-delivery/charleys-philly-steaks-covina-square/LmkJxxNPRvaYITJ9kG3FBA,san-dimas-california
https://www.ubereats.com/los-angeles/food-delivery/yogurtland-785-rio-rancho-rd/Ul6dhGw_QSCQJA5xcUkEXw,san-dimas-california
https://www.ubereats.com/los-angeles/food-delivery/seasons-cafe/JxkTjrXvTKSigFBwcm4TQA,san-dimas-california
https://www.ubereats.com/los-angeles/food-delivery/pescaderia-mr-fish-pomona/ASqCX4y9Tcqv7GcxZviPxw,san-dimas-california
https://www.ubereats.com/los-angeles/food-delivery/taco-tapatio/AWZqXuVpSgmWfm05YHnwRg,san-dimas-california
https://www.ubereats.com/los-angeles/food-delivery/dia-de-los-puercos-pomona/8ajoCi4bQ7C2LuZS8PLIRA,san-dimas-california
https://www.ubereats.com/los-angeles/food-delivery/sanyo-sushi/xoL0x4T0TBGQB0dAVv6daA,san-dimas-california
https://www.ubereats.com/los-angeles/food-delivery/sing-hui-dim-sum-kitchen/hB73csRHQCOlGeisFsXlTQ,san-dimas-california
https://www.ubereats.com/los-angeles/food-delivery/pho-hoa-noodle-soup-montclair/8O6IBBxtQ4ehMawV5V9Eag,san-dimas-california
https://www.ubereats.com/los-angeles/food-delivery/we-olive-%26-wine-bar/Lmc1kkyDTCytfc19GJHZxg,san-dimas-california
https://www.ubereats.com/los-angeles/food-delivery/star-buffet-w-covina/GpRFdyMVRxiH6Dp3o7Bh5w,san-dimas-california
https://www.ubereats.com/inland-empire/food-delivery/dennys-546-w-baseline-rd/HKm-M-QRTZKL9-QMkFOk5A,san-dimas-california
https://www.ubereats.com/inland-empire/food-delivery/starbucks-rio-rancho-%26-the-71-pomona/NK8O3_rjTuiZR6YMkjEBiw,san-dimas-california
https://www.ubereats.com/los-angeles/food-delivery/clubhouse-66/BFwSBuYXSlSjjvFu74yxsw,san-dimas-california
https://www.ubereats.com/inland-empire/food-delivery/papa-johns-west-covina/B4ZiIGqoQ8CwjiEtdZFA5g,san-dimas-california
https://www.ubereats.com/los-angeles/food-delivery/taqueria-de-anda-pomona/S7E-Ous2QYWOqWiqTnuyfw,san-dimas-california
https://www.ubereats.com/los-angeles/food-delivery/edible-arrangements-560-w-1st-st/M3wwdv6YScCpyaviDjLrMQ,san-dimas-california
https://www.ubereats.com/los-angeles/food-delivery/burger-king-1070-north-grand-avenue/1Utk0twfRvKcCCu2YcrpxA,san-dimas-california
https://www.ubereats.com/los-angeles/food-delivery/buffalo-wild-wings-3160-chino-avenue/UFW9CO2kR_qjv1PPyJJkIg,san-dimas-california
https://www.ubereats.com/los-angeles/food-delivery/burger-king-245-n-citrus/v9el3cgjQSeHHBnIfANfdQ,san-dimas-california
https://www.ubereats.com/los-angeles/food-delivery/la-bufadora-baja-grill-irwindale/hahuepePTMmkBBZp4VL0Cw,san-dimas-california
https://www.ubereats.com/los-angeles/food-delivery/angeles-la-mejor-mexican-food-1925-w-holt-ave/p_OwyIuLSAWoh0PCeDaL9g,san-dimas-california
https://www.ubereats.com/los-angeles/food-delivery/starbucks-valley-%26-grand-walnut/Wur6VMdnQmaqX4byBb6DJA,san-dimas-california
https://www.ubereats.com/los-angeles/food-delivery/gelatissimo/O9Rp5TXuRDqRysbYGsVNIw,san-dimas-california
https://www.ubereats.com/los-angeles/food-delivery/taqueria-poncitlan/4Z82jqW0TD2Dn020BEyItw,san-dimas-california
https://www.ubereats.com/inland-empire/food-delivery/firehouse-subs-3808-grand-ave-ste-a/PJt-UdKVRCyPoy2-VukmHw,san-dimas-california
https://www.ubereats.com/los-angeles/food-delivery/waba-grill-2063-rancho-valley-dr-pomona/ehuwqeKcS861bdSZbtXe5A,san-dimas-california
https://www.ubereats.com/los-angeles/food-delivery/robertas-village-inn/5m8XYOj6T4ql5kkI9e32Cg,san-dimas-california
https://www.ubereats.com/los-angeles/food-delivery/yum-yum-donuts-429-n-vincent-ave/UaNpzFV4R8e8BocxXlm65g,san-dimas-california
https://www.ubereats.com/inland-empire/food-delivery/running-chicken/UMlv9XtgQhOj1VOVa-UJvQ,san-dimas-california
https://www.ubereats.com/los-angeles/food-delivery/lucky-elephant-thai-ontario/1bHT6TpvQMWBCkjG2H48pQ,san-dimas-california
https://www.ubereats.com/los-angeles/food-delivery/hi-family-%E4%BC%90%E6%9C%A8%E5%8B%92/hW33qbJFR0Gra8ZAErcq2Q,san-dimas-california
https://www.ubereats.com/los-angeles/food-delivery/zaky-mediterranean-grill-claremont/QHFqH_QDQwiIQvgRMFiM_Q,san-dimas-california
https://www.ubereats.com/los-angeles/food-delivery/eureka!-claremont/HcA-YJbUQaiOAcawMZsUxA,san-dimas-california
https://www.ubereats.com/los-angeles/food-delivery/el-matador-mexican-restaurant/I5vjyK5JTWCp101t8p3QlA,san-dimas-california
https://www.ubereats.com/los-angeles/food-delivery/tru-bowl-superfood-bar/VDR9TrbcTpOPdz5AQd_3Tg,san-dimas-california
https://www.ubereats.com/los-angeles/food-delivery/thai-chef-cuisine/ILPL8HqdQTObvEuCdPlLww,san-dimas-california
https://www.ubereats.com/los-angeles/food-delivery/its-a-grind-coffee-house-diamond-bar/sn29WC7TQCeAaNp85FEinw,san-dimas-california
https://www.ubereats.com/los-angeles/food-delivery/osunas-restaurant/-i5WDM9dSfmyqh-watkCuQ,san-dimas-california
https://www.ubereats.com/los-angeles/food-delivery/applebees-674-west-arrow-highway-%2378011/I0m1UN1iRkS0yin3ApeHxg,san-dimas-california
https://www.ubereats.com/los-angeles/food-delivery/san-dimas-cake-and-ice-cream/aRIeI-U0RLOGxUeswwHjtw,san-dimas-california
https://www.ubereats.com/inland-empire/food-delivery/starbucks-valley-%26-lemon/10dSJlzbRgeFPzqkUqQLbw,san-dimas-california
https://www.ubereats.com/los-angeles/food-delivery/juicy-cuties-boba/qWogIPs8TqmPWSf_NpDKcA,san-dimas-california
https://www.ubereats.com/inland-empire/food-delivery/hi-family-%E4%BC%90%E6%9C%A8%E5%8B%92/hW33qbJFR0Gra8ZAErcq2Q,san-dimas-california
https://www.ubereats.com/inland-empire/food-delivery/starbucks-barranca-%26-i-10-west-covina/8qW5iH30TcKcownc-yPOzQ,san-dimas-california
https://www.ubereats.com/inland-empire/food-delivery/far-east-joint/ZAxPn3_8Rx64l2AeNICcIQ,san-dimas-california
https://www.ubereats.com/los-angeles/food-delivery/super-toms-burgers/G0p4I3gIQBmInNhAe5JzMQ,san-dimas-california
https://www.ubereats.com/los-angeles/food-delivery/yum-yum-donuts-623-s-citrus-ave/CwJpuMuyRuiJrdZoAxOHhg,san-dimas-california
https://www.ubereats.com/los-angeles/food-delivery/mexico-lindo/wQ8-O33MS7KAPmZ60CzAnw,san-dimas-california
https://www.ubereats.com/los-angeles/food-delivery/i-like-pie-bake-shop/1ikHv1bQRZyW0IxrSKHRYg,san-dimas-california
https://www.ubereats.com/los-angeles/food-delivery/coco-palm-restaurant/0raqW-8PTUWJMbMf3ys-Fw,san-dimas-california
https://www.ubereats.com/los-angeles/food-delivery/chipotle-mexican-grill-235-s-diamond-bar-blvd-ste-b/lvlHVOdfS-2lO6CzwPKVbA,san-dimas-california
https://www.ubereats.com/los-angeles/food-delivery/wendys-1325-s-lonehill-ave/3SuH1j6XQw2bANewtiYTJw,san-dimas-california
https://www.ubereats.com/los-angeles/food-delivery/super-albert-fresh-mexican-food/50_WGMPZQTuzRSzcFR2Eag,san-dimas-california
https://www.ubereats.com/los-angeles/food-delivery/l%26l-hawaiian-bbq-515-n-grand-ave/7YWYSfV2RpWIUcGGr765qg,san-dimas-california
https://www.ubereats.com/inland-empire/food-delivery/kungfu-fried-dumpling/_dEn5gDxTeC0pnvu0XL-dg,san-dimas-california
https://www.ubereats.com/los-angeles/food-delivery/la-parrillada-de-covina-n-citrus-ave/rrPR8W_MT7CSX4bpgjScfA,san-dimas-california
https://www.ubereats.com/los-angeles/food-delivery/genes-grinders/czAT6tCvRB6L9wcwUuMJBQ,san-dimas-california
https://www.ubereats.com/los-angeles/food-delivery/california-pizza-kitchen-3505-grand-ave/hIPViWfzT_2kKKcqhEs9_w,san-dimas-california
https://www.ubereats.com/los-angeles/food-delivery/starbucks-citrus-%26-arrow/QJzpW1dWRQKEPLKQf5afpw,san-dimas-california
https://www.ubereats.com/los-angeles/food-delivery/yoshinoya-2102-s-garey-ave/A3Vrg3IKQW6qGBxVne0cPw,san-dimas-california
https://www.ubereats.com/los-angeles/food-delivery/shogun-restaurant-la-verne/pbKO0ATHTO6FkwDzB5ZVbQ,san-dimas-california
https://www.ubereats.com/los-angeles/food-delivery/baskin-robbins-historic-route-66/SHLZZU9RRRm5im1WQya89Q,san-dimas-california
https://www.ubereats.com/los-angeles/food-delivery/pho-super-bowl/-v5vl9Q6RqeblRO2epjt2w,san-dimas-california
https://www.ubereats.com/los-angeles/food-delivery/jns-original-bbq-pit-house/3qkV3thpRTCuaSH2mUqrCQ,san-dimas-california
https://www.ubereats.com/los-angeles/food-delivery/yoshinoya-1269-north-grand-avenue/lueajrrIRHiCrCuuZdbrsg,san-dimas-california
https://www.ubereats.com/los-angeles/food-delivery/kfc-2294-n-garey-ave/lLJ1BDdcQeCUOKeX3INK7A,san-dimas-california
https://www.ubereats.com/inland-empire/food-delivery/la-jamaya/b7z8WfQ6TjSBNYnqfj5pdA,san-dimas-california
https://www.ubereats.com/inland-empire/food-delivery/seoul-tofu-%26-grill/Tn84DSwzQ7asu01XCXZKHQ,san-dimas-california
https://www.ubereats.com/inland-empire/food-delivery/cactus-coffee/DGmF5oTJSfaHm9AklZ6cjA,san-dimas-california
https://www.ubereats.com/los-angeles/food-delivery/jersey-mikes-subs-san-dimas-466-n-lone-hill-avenue/7G_9vf8CTRGYDoaSqaw_QA,san-dimas-california
https://www.ubereats.com/inland-empire/food-delivery/panda-express-5060-e-montclair-plaza/2eIpWSJ6Q2-MnLG7rJ_nJA,san-dimas-california
https://www.ubereats.com/los-angeles/food-delivery/mr-you-express/51kXQ577RLOV5a6jF8SUBA,san-dimas-california
https://www.ubereats.com/inland-empire/food-delivery/spicy-fish/LIeNBfEDQX-21PL5wWC3Eg,san-dimas-california
https://www.ubereats.com/los-angeles/food-delivery/podges-claremont-juice-company/BJFO8_zlTbWAXAX-cogfjA,san-dimas-california
https://www.ubereats.com/los-angeles/food-delivery/pomona-pizza-co/4j7XcP62TpWUfNEbDvlgeQ,san-dimas-california
https://www.ubereats.com/los-angeles/food-delivery/el-bukanas-restaurant-azusa/Yro3FXccTbqmjhdB9z1gvg,san-dimas-california
https://www.ubereats.com/los-angeles/food-delivery/dragontakeout/pNtx_FxJTVuJtEQkoMMXWA,san-dimas-california
https://www.ubereats.com/los-angeles/food-delivery/jack-in-the-box-1335-n-dudley-st/Y4NNcLydRw6WZKIw4w5Igw,san-dimas-california
https://www.ubereats.com/los-angeles/food-delivery/which-wich-830-e-alosta/ysGHUnS0Rs6pnP9Y7jH9Gw,san-dimas-california
https://www.ubereats.com/los-angeles/food-delivery/mcdonalds-glendora/5WQGP8TbQB-zDJi0HoiHOQ,san-dimas-california
https://www.ubereats.com/los-angeles/food-delivery/starbucks-claremont-wells-fargo/S_ngN0ETQVKa8nSNosHFHQ,san-dimas-california
https://www.ubereats.com/los-angeles/food-delivery/boiling-point-chino-hills/TRL1LyGYQH6PC60VC7jZeA,san-dimas-california
https://www.ubereats.com/los-angeles/food-delivery/amigogi-korean-bbq/D-9-_r_pTQ-ox1jDtsmokg,san-dimas-california
https://www.ubereats.com/los-angeles/food-delivery/subway-1212-n-white-ave/YAya67CqSsWRrhhs3suSeA,san-dimas-california
https://www.ubereats.com/los-angeles/food-delivery/shima-japanese-restaurant/HN--begtSGa6LwEUz-RVWA,san-dimas-california
https://www.ubereats.com/inland-empire/food-delivery/mr-piggies-taqueria/cgKVyXvGRDG6iIWfD_O8_g,san-dimas-california
https://www.ubereats.com/inland-empire/food-delivery/panera-1054-west-gladstone-street/HxSxd938Qj-qybkk8UyxuQ,san-dimas-california
https://www.ubereats.com/los-angeles/food-delivery/tacos-gavilan-azusa/nmQ_vOsCRZKzDE9lFrr61w,san-dimas-california
https://www.ubereats.com/los-angeles/food-delivery/bumblebee-donut-%232/M8pilhvzRT6s5cobfmoGsg,san-dimas-california
https://www.ubereats.com/los-angeles/food-delivery/kfc-375-e-mission-blvd/7YGPM8ixRTuNPgyDluOHOg,san-dimas-california
https://www.ubereats.com/los-angeles/food-delivery/song-chan-ramen-and-grill/IgyoSDQlQo2uLMYB9g9OoQ,san-dimas-california
https://www.ubereats.com/los-angeles/food-delivery/miss-donuts-and-bagels/lNSUWl3PQv211ZSl4DuMOA,san-dimas-california
https://www.ubereats.com/inland-empire/food-delivery/san-dimas-cake-and-ice-cream/aRIeI-U0RLOGxUeswwHjtw,san-dimas-california
https://www.ubereats.com/los-angeles/food-delivery/cold-stone-creamery-505-n-grand-ave/ISEaBd4kThugXhvByWH1Hw,san-dimas-california
https://www.ubereats.com/los-angeles/food-delivery/yoshinoya-420-n-azusa-avenue/70kshOhFSI-KLRfOua48MA,san-dimas-california
https://www.ubereats.com/los-angeles/food-delivery/yume-house-pho/LVtRZEniQrObWpiWSYH2lw,san-dimas-california
https://www.ubereats.com/los-angeles/food-delivery/fish-n-more-seafood-%26-grill/hHzbTTmZQcKLaCh02XHzXw,san-dimas-california
https://www.ubereats.com/los-angeles/food-delivery/pho-888/5Nn5tLRlT_if7ucGnzwn_w,san-dimas-california
https://www.ubereats.com/inland-empire/food-delivery/song-chan-ramen-and-grill/IgyoSDQlQo2uLMYB9g9OoQ,san-dimas-california
https://www.ubereats.com/los-angeles/food-delivery/dono-sushi-cafe/4PEgm8ktRB6jZ_o_N1GCTg,san-dimas-california
https://www.ubereats.com/los-angeles/food-delivery/super-guisados-taqueria/fRsPLLKZTKGIA31zu2IG6Q,san-dimas-california
https://www.ubereats.com/inland-empire/food-delivery/heartland-cafe-%26-mart/ASufHPp0S2-uObVMGVBTJw,san-dimas-california
https://www.ubereats.com/los-angeles/food-delivery/l%26l-hawaiian-bbq-2400-a-foothill-blvd/RSvkqgXGRXubS5D5jmSnew,san-dimas-california
https://www.ubereats.com/los-angeles/food-delivery/zapopanas-cafe/dlN0qJ7OQliqR-otuZeI2Q,san-dimas-california
https://www.ubereats.com/los-angeles/food-delivery/panda-to-go-house/fALpMgctQMavvvLBA2-Tpg,san-dimas-california
https://www.ubereats.com/inland-empire/food-delivery/spice-affairs/F74tpUCUR1qe5Qp5GVcHJQ,san-dimas-california
https://www.ubereats.com/los-angeles/food-delivery/subway-760-e-arrow-hwy/8c0GFRvWSBqxURU_dHBdBg,san-dimas-california
https://www.ubereats.com/inland-empire/food-delivery/ahipoki-bowl-glendora/HGNKU3mHQ424hGn9wub9uw,san-dimas-california
https://www.ubereats.com/los-angeles/food-delivery/cold-stone-creamery-1009-w-arrow-hwy/txvhAczkRkiaKdxyUIDnSg,san-dimas-california
https://www.ubereats.com/inland-empire/food-delivery/monstrous-pizza/tSHqITxJSHuHmHP8okLJCQ,san-dimas-california
https://www.ubereats.com/los-angeles/food-delivery/chipotle-mexican-grill-860-e-alosta-ave/dwAHgGv3TjKwZNDoln_VTA,san-dimas-california
https://www.ubereats.com/los-angeles/food-delivery/boston-market-952-w-arrow-highway/-iAIDEQlRpKOaJApc1NV5g,san-dimas-california
https://www.ubereats.com/los-angeles/food-delivery/jojos-pizza-kitchen-chino-hills/-G2FjwpERCCuRKDtxuzBZA,san-dimas-california
https://www.ubereats.com/los-angeles/food-delivery/del-taco-459-s-citrus-ave/vUhr6-LPRryhRTVHuih6Sw,san-dimas-california
https://www.ubereats.com/los-angeles/food-delivery/panda-express-5060-e-montclair-plaza/2eIpWSJ6Q2-MnLG7rJ_nJA,san-dimas-california
https://www.ubereats.com/los-angeles/food-delivery/starbucks-barranca-%26-i-10-west-covina/8qW5iH30TcKcownc-yPOzQ,san-dimas-california
https://www.ubereats.com/los-angeles/food-delivery/tokyo-roll-and-noodle/VY3Z2fEqSD2gZUQ22Byckg,san-dimas-california
https://www.ubereats.com/inland-empire/food-delivery/okami-ramen/-zbo2sM_Rf2QBjzDWsCtdw,san-dimas-california
https://www.ubereats.com/los-angeles/food-delivery/noodle-world-jr-upland/vBnd0xx-S5mRhiWI0P3duQ,san-dimas-california
https://www.ubereats.com/inland-empire/food-delivery/luna-grill-chino-hills/4FoHAwxXSWSVcazu3JMoBA,san-dimas-california
https://www.ubereats.com/los-angeles/food-delivery/mcdonalds-wcovina-azusa/ZxJ1idAeSkOZShcDEbKdnA,san-dimas-california
https://www.ubereats.com/los-angeles/food-delivery/farmer-boys-pomona/lINnTIGbSLSPwAJjLbZ1ww,san-dimas-california
https://www.ubereats.com/los-angeles/food-delivery/new-china-mongolian-bbq/DZxg9cP6TDOxYj4VfjDYYQ,san-dimas-california
https://www.ubereats.com/inland-empire/food-delivery/dennys-pomona/FaLKNpqzSXWUij6d8uoWMA,san-dimas-california
https://www.ubereats.com/los-angeles/food-delivery/papa-johns-20772-e-arrow-hwy/t53d7GygS6KbUNUQomwMQg,san-dimas-california
https://www.ubereats.com/los-angeles/food-delivery/ruenrom-thai-cuisine/s9GobYUCSmaZThTFaRqetA,san-dimas-california
https://www.ubereats.com/los-angeles/food-delivery/donahoos-golden-chicken/AV2h2yaTR4GWmU3qhuR8LQ,san-dimas-california
https://www.ubereats.com/inland-empire/food-delivery/peppertree-cafe/wQAdqBqkRTeWN9WmWp3kTQ,san-dimas-california
https://www.ubereats.com/los-angeles/food-delivery/honey-roll-and-sushi/IzWT93qqTDi1YI0yRZAQ2Q,san-dimas-california
https://www.ubereats.com/los-angeles/food-delivery/coffee-break-cafe/bMFKiVjJSEqYjnNZb56Uww,san-dimas-california
https://www.ubereats.com/los-angeles/food-delivery/akano-japanese-restaurant/LuFgAQ5sSdyqg9VPvD67qA,san-dimas-california
https://www.ubereats.com/los-angeles/food-delivery/extra-mile-2048/f_IkfH1YSNGAlGgi9K7vgw,san-dimas-california
https://www.ubereats.com/los-angeles/food-delivery/pizza-flats/gw-pq3Y0Q7uBBL91RiQ8gQ,san-dimas-california
https://www.ubereats.com/inland-empire/food-delivery/mr-ds-diner-919-e-foothill/iTKPt3wFS82pAp6whZMWZw,san-dimas-california
https://www.ubereats.com/inland-empire/food-delivery/starbucks-san-dimas/XIWiLrkgSfWCPyr5g1OUTQ,san-dimas-california
https://www.ubereats.com/inland-empire/food-delivery/dennys-645-n-azusa/KJ-jYd4HTzWmo7m9CavNHA,san-dimas-california
https://www.ubereats.com/los-angeles/food-delivery/hana-haru-japanese-restaurant/9S8FZvAOTSK5UxNwVcw-mg,san-dimas-california
https://www.ubereats.com/inland-empire/food-delivery/aladdin-jr-restaurant/3lU_GdbtQhmYshPw-Mw0pA,san-dimas-california
https://www.ubereats.com/inland-empire/food-delivery/starbucks-pomona-%26-temple/lCocm9i2THy5xql9BQ6agA,san-dimas-california
https://www.ubereats.com/los-angeles/food-delivery/luca-bella-fine-foods/sURep5YxRSqYUisUVX9JYQ,san-dimas-california
https://www.ubereats.com/los-angeles/food-delivery/gen-korean-bbq-house-chino-hills/ZLrHCXn-S0eeg76GPZ6e0Q,san-dimas-california
https://www.ubereats.com/los-angeles/food-delivery/zendejas-mexican-takeout/EmiSWtd9SxaRcsx0Mqpumg,san-dimas-california
https://www.ubereats.com/los-angeles/food-delivery/i-lava-poke/XMTlr4izTq-VnkQ58PlsAw,san-dimas-california
https://www.ubereats.com/los-angeles/food-delivery/ali-baba-restaurant-%26-cafe/5PFCi_iQTQqgzKb694m_dA,san-dimas-california
https://www.ubereats.com/inland-empire/food-delivery/running-chicks/kYVvS0rGRvWBt-x-xYLAmA,san-dimas-california
https://www.ubereats.com/los-angeles/food-delivery/dennys-pomona/FaLKNpqzSXWUij6d8uoWMA,san-dimas-california
https://www.ubereats.com/los-angeles/food-delivery/cinnabon-5060-e-montclair-plazasuite-6508/5s4yYXb8RCWkgBehzfilfw,san-dimas-california
https://www.ubereats.com/los-angeles/food-delivery/hacienda-diaz-restaurant/OTMGIiMqSHyhrw3_8eiW5Q,san-dimas-california
https://www.ubereats.com/los-angeles/food-delivery/west-coast-cheesesteaks/T-TWnu_qSg-NhqoMWSJfVQ,san-dimas-california
https://www.ubereats.com/los-angeles/food-delivery/the-flame-broiler-21750-valley-blvd/DrNot1IlQGqgmZ4chhKBtg,san-dimas-california
https://www.ubereats.com/los-angeles/food-delivery/waba-grill-1407-n-azusa-ave-covina/p18FxOQLQpKsHfcbUZKxLQ,san-dimas-california
https://www.ubereats.com/los-angeles/food-delivery/carls-jr-3395-pomona-blvd/XnIysYytQ_WtSwC-sAB2Ww,san-dimas-california
https://www.ubereats.com/inland-empire/food-delivery/farmer-boys-pomona/lINnTIGbSLSPwAJjLbZ1ww,san-dimas-california
https://www.ubereats.com/los-angeles/food-delivery/spooners/Zo6XjecjRemF4n6yLB1WKw,san-dimas-california
https://www.ubereats.com/los-angeles/food-delivery/jamba-juice-832-east-alosta-ave/kBn1_5rSSoy9QjfH86jhMw,san-dimas-california
https://www.ubereats.com/los-angeles/food-delivery/the-brick-market-%26-deli/HhunLaSySEi2O3QhUBswGA,san-dimas-california
https://www.ubereats.com/los-angeles/food-delivery/taco-bell-2204-n-garey/r1XfVPR4Q9eNEvKiVpKJOQ,san-dimas-california
https://www.ubereats.com/los-angeles/food-delivery/3941-tamales/XLGhjK52Q5asGdEzUD9hrA,san-dimas-california
https://www.ubereats.com/los-angeles/food-delivery/panda-express-walnut-558-grand-ave/lZL29VUWTlGL-p2etNDO3w,san-dimas-california
https://www.ubereats.com/inland-empire/food-delivery/sonic-40-rio-rancho-road/ReVr5d4FSAGIIKHxhS4qJg,san-dimas-california
https://www.ubereats.com/los-angeles/food-delivery/70s-saga-ramen-%26-curry/C6h0uMQVQCGiopKSmiWviw,san-dimas-california
https://www.ubereats.com/los-angeles/food-delivery/monstrous-pizza/tSHqITxJSHuHmHP8okLJCQ,san-dimas-california
https://www.ubereats.com/los-angeles/food-delivery/panda-express-campus-center-3801-w-temple-ave/MhUn59lnQtm9UAMdlxwH7w,san-dimas-california
https://www.ubereats.com/los-angeles/food-delivery/juicy-cuties-boba/wxkyw3JURq2KNR4IkD7hDA,san-dimas-california
https://www.ubereats.com/inland-empire/food-delivery/ihop-1201-foothill-blvd/_swKhhnEQqGqtpuDypm29A,san-dimas-california
https://www.ubereats.com/los-angeles/food-delivery/seoul-tofu-%26-grill/Tn84DSwzQ7asu01XCXZKHQ,san-dimas-california
https://www.ubereats.com/los-angeles/food-delivery/dennys-132-n-grand-ave/Pz4goa24RKOIsof_JEQb3w,san-dimas-california
https://www.ubereats.com/inland-empire/food-delivery/togos-1253-foothill-blvd-la-verne-ca/xSQTkz-FSzuRC0W4loy19A,san-dimas-california
https://www.ubereats.com/los-angeles/food-delivery/subway-134-e-bonita-ave/wfw37xJVQLKPywYpn64DSQ,san-dimas-california
https://www.ubereats.com/inland-empire/food-delivery/kfc-%2304-723-w-arrow-hwy/NYTwczv9QHyRtHS-2R7uuA,san-dimas-california
https://www.ubereats.com/los-angeles/food-delivery/jack-in-the-box-9515-central-ave/10UkCOvmRWqQ8VaChDaE0Q,san-dimas-california
https://www.ubereats.com/inland-empire/food-delivery/yum-yum-donuts-429-n-vincent-ave/UaNpzFV4R8e8BocxXlm65g,san-dimas-california
https://www.ubereats.com/los-angeles/food-delivery/dog-haus-claremont/4tEvRlCTTnKSKnaCBt33iw,san-dimas-california
https://www.ubereats.com/los-angeles/food-delivery/poki-maki-by-mr7/hP-TqQWPREiU-UWK7NNSow,san-dimas-california
https://www.ubereats.com/los-angeles/food-delivery/osunas-mexican-grill/ZxksJ4goQwyPiTjw4x-AbQ,san-dimas-california
https://www.ubereats.com/los-angeles/food-delivery/poki-island/gXLz1FCESwyjHCmrHksijg,san-dimas-california
https://www.ubereats.com/los-angeles/food-delivery/loving-hut-claremont/DYQPTYVfSIiws3xOQJqi_w,san-dimas-california
https://www.ubereats.com/los-angeles/food-delivery/wienerschnitzel-175-west-foothill/IYBvijnoTDGRJTmBAljigQ,san-dimas-california
https://www.ubereats.com/los-angeles/food-delivery/little-caesars-806-arrow-highway/m1Fk1Ss4TNWMtpNz6Hq7zw,san-dimas-california
https://www.ubereats.com/los-angeles/food-delivery/the-pizza-place/wnjsJ0AvShaIGvlURCnTqg,san-dimas-california
https://www.ubereats.com/los-angeles/food-delivery/kfc-542-n-diamond-bar-blvd/SAox4r7qQ2uvzXB6wkIIDw,san-dimas-california
https://www.ubereats.com/los-angeles/food-delivery/annas-taquerias-and-more/WPhVT6zjRNK3Hx3UPvtltQ,san-dimas-california
https://www.ubereats.com/los-angeles/food-delivery/canaan-chinese-cuisine/LYjVlX37SX60qFa8QMk-6Q,san-dimas-california
https://www.ubereats.com/los-angeles/food-delivery/los-portales-restaurant/WG9y6ZW3QRuXSUnUfVSsbw,san-dimas-california
https://www.ubereats.com/los-angeles/food-delivery/cafe-las-pupusas-dining-%26-brews/sw63dEcMTf2kc0sQBEJBQg,san-dimas-california
https://www.ubereats.com/los-angeles/food-delivery/rodrigos-mexican-grill-montclair/ZIlnCy4hR_qd8ayY7PDi9g,san-dimas-california
https://www.ubereats.com/los-angeles/food-delivery/panera-2315-foothill-blvd/gDQTUjtMQRiE15SDv65R4g,san-dimas-california
https://www.ubereats.com/los-angeles/food-delivery/el-torito-3133-east-garvey-n/1LXXydkbQYuerxBrird_vw,san-dimas-california
https://www.ubereats.com/los-angeles/food-delivery/blaze-pizza-1-n-indian-hill-blvd/lD5WhjNmRCGlttLVG5qSWw,san-dimas-california
https://www.ubereats.com/inland-empire/food-delivery/zodiac/0BsFCV3NTJ-PUiBtASHKvA,san-dimas-california
https://www.ubereats.com/inland-empire/food-delivery/krispy-kreme-san-dimas/h2SbMso8SeeGgoxdekTs7w,san-dimas-california
https://www.ubereats.com/inland-empire/food-delivery/clubhouse-66/BFwSBuYXSlSjjvFu74yxsw,san-dimas-california
https://www.ubereats.com/los-angeles/food-delivery/mcdonalds-219-s-azusa/PyHr8QfkQO6QKrasauBcHg,san-dimas-california
https://www.ubereats.com/los-angeles/food-delivery/five-guys-ca-0660-390-north-citrus-ave/-wtrbQM8RwqwkTtlo99Fqg,san-dimas-california
https://www.ubereats.com/los-angeles/food-delivery/panda-express-811-plaza-drive/XVSTiYCIQs2bRwbOxAsTmg,san-dimas-california
https://www.ubereats.com/los-angeles/food-delivery/starbucks-bonita-%26-san-dimas-san-dimas/KuNP1OeuROe0EUESrhgYOA,san-dimas-california
https://www.ubereats.com/los-angeles/food-delivery/starbucks-temple-%26-mission-pomona/RBL5lDlbQpqZZKwyI44sFg,san-dimas-california
https://www.ubereats.com/los-angeles/food-delivery/rubios-2204-foothill-blvd/8CJsekk7QCqfDg9-SRj0Ug,san-dimas-california
https://www.ubereats.com/los-angeles/food-delivery/starbucks-citrus-%26-alosta/D0CtYGo2TO-GSJbYy2SXsw,san-dimas-california
https://www.ubereats.com/los-angeles/food-delivery/clydes-hot-chicken/I2uCBCjHTxSFwCP_sC2IFw,san-dimas-california
https://www.ubereats.com/los-angeles/food-delivery/green-burrito-698-w-arrow-hwy/9spHtniRS5yvCcEvBnAL1Q,san-dimas-california
https://www.ubereats.com/inland-empire/food-delivery/peacock-gardens-cuisine-of-india-%26-banquet-hall/l_X6r-8QQzeXgZ7pisbTPg,san-dimas-california
https://www.ubereats.com/los-angeles/food-delivery/charleys-philly-steaks-%26-wings-glendora-plaza/c_lPIOv0T_S7ffPq3eEJCg,san-dimas-california
https://www.ubereats.com/los-angeles/food-delivery/subway-950-e-badillo-st/TXfQkI-YSYOFPydDoExBbQ,san-dimas-california
https://www.ubereats.com/inland-empire/food-delivery/starbucks-foothill-%26-lynoak/GpBopYdAQzmvDW1drKTrHw,san-dimas-california
https://www.ubereats.com/los-angeles/food-delivery/krispy-kreme-san-dimas/h2SbMso8SeeGgoxdekTs7w,san-dimas-california
https://www.ubereats.com/los-angeles/food-delivery/village-vault-restaurant/IMy96LZ7QzaP6w1__COHgw,san-dimas-california
https://www.ubereats.com/los-angeles/food-delivery/chipotle-mexican-grill-885-s-indian-hill-blvd/thzTBXKATUuJvCygguPjew,san-dimas-california
https://www.ubereats.com/los-angeles/food-delivery/zaky-mediterranean-grill-upland/hcNR2CvkQgSdxzkSo_GApg,san-dimas-california
https://www.ubereats.com/inland-empire/food-delivery/prik-kee-noo-thai-restaurant/Gd8HS_91SUyeG96weTPDkg,san-dimas-california
https://www.ubereats.com/inland-empire/food-delivery/starbucks-citrus-%26-arrow/QJzpW1dWRQKEPLKQf5afpw,san-dimas-california
https://www.ubereats.com/los-angeles/food-delivery/red-lobster-9345-monte-vista/p71HSzu2SiiN2z4OwcrzaA,san-dimas-california
https://www.ubereats.com/los-angeles/food-delivery/el-fino-mexican-food/nH8eSj43QTCN52F7flbsSg,san-dimas-california
https://www.ubereats.com/los-angeles/food-delivery/yogurtland-468-n-lone-hill-ave/JPUrs4LvTSOkdOhEOQasVA,san-dimas-california
https://www.ubereats.com/los-angeles/food-delivery/waba-grill-1250-w-foothill-blvd-azusa/UTX9ZX0nTfCel3R_c78peg,san-dimas-california
https://www.ubereats.com/los-angeles/food-delivery/aoki-japanese-restaurant/KIpL-zlAT22KsmwNB92odw,san-dimas-california
https://www.ubereats.com/los-angeles/food-delivery/the-habit-burger-grill-834-e-alosta-ave/81-bjCM1TbaRSwyqcH57mg,san-dimas-california
https://www.ubereats.com/los-angeles/food-delivery/panda-express-la-verne-2371-foothill-blvd/qpn03jiITjip2_yYG0ykzg,san-dimas-california
https://www.ubereats.com/los-angeles/food-delivery/cafe-bungalow/5r4siIGOTJa40VTzhnwNEA,san-dimas-california
https://www.ubereats.com/inland-empire/food-delivery/the-reverse-orangutan/Dcj6b9puRQquJX7JNRarqQ,san-dimas-california
https://www.ubereats.com/inland-empire/food-delivery/aoki-japanese-restaurant/KIpL-zlAT22KsmwNB92odw,san-dimas-california
https://www.ubereats.com/los-angeles/food-delivery/fonda-don-chon-covina/cXmTtM6XSZu7TX7Nq1DhxA,san-dimas-california
https://www.ubereats.com/los-angeles/food-delivery/subway-1182-via-verde-ave/0it5iKiOSMK_eJM5sL8nDw,san-dimas-california
https://www.ubereats.com/los-angeles/food-delivery/carls-jr-7385/uUhGGQy2SRa2XZYG3EQM6w,san-dimas-california
https://www.ubereats.com/los-angeles/food-delivery/peacock-gardens-cuisine-of-india-%26-banquet-hall/l_X6r-8QQzeXgZ7pisbTPg,san-dimas-california
https://www.ubereats.com/inland-empire/food-delivery/corner-bakery-cafe-1385-e-gladstone-street-%23300/q40epIgmR1yqBDUEhnqe7Q,san-dimas-california
https://www.ubereats.com/los-angeles/food-delivery/crazy-rockn-sushi-covina/QqoGntFQTAOmuSAZ_nQzNA,san-dimas-california
https://www.ubereats.com/inland-empire/food-delivery/fukuoka-hakata-ramen/PG5khbMzREesz7fEg_Nb2Q,san-dimas-california
https://www.ubereats.com/los-angeles/food-delivery/okepoke/Esydg7hyTTyYE5NcLnskDQ,san-dimas-california
https://www.ubereats.com/los-angeles/food-delivery/starbucks-indian-hill-%26-i-10-claremont/M3EKXUueRQqJyoinXxNULQ,san-dimas-california
https://www.ubereats.com/los-angeles/food-delivery/red-robin-46-565-w-arrow-highway/g5BlLpr5Q9uEjbB5sfMM5g,san-dimas-california
https://www.ubereats.com/los-angeles/food-delivery/yoxi-teatime/WXStHWnuTFaOE9fZPVYHBQ,san-dimas-california
https://www.ubereats.com/los-angeles/food-delivery/mod-pizza-sycamore-hills/mIdmIVcHTxeBlUTt--z7tw,san-dimas-california
https://www.ubereats.com/los-angeles/food-delivery/tacos-y-mariscos-el-pariente/_sac1fuZS6WSGvdwzhKk7w,san-dimas-california
https://www.ubereats.com/inland-empire/food-delivery/dennys-3012-w-temple-ave/PlvHgHPdSv-CTWhE7aZF-Q,san-dimas-california
https://www.ubereats.com/los-angeles/food-delivery/media-noche-cuban-cuisine/JEIiasRmT_iVmgajg1qtxg,san-dimas-california
https://www.ubereats.com/los-angeles/food-delivery/five-guys-ca-0652-1050-west-gladstone-st/9cf2x1bqQlKqYw5G_zIfZA,san-dimas-california
https://www.ubereats.com/los-angeles/food-delivery/waba-grill-245-n-barranca-west-covina/XUkMYHGtQn-bE6edRBDw2Q,san-dimas-california
https://www.ubereats.com/los-angeles/food-delivery/koji-ramen/JfIlHZXTTLKmzZxGQxHqtw,san-dimas-california
https://www.ubereats.com/los-angeles/food-delivery/tahoe-joes-835/t4CVQdBGQjqCC0xcitJPDg,san-dimas-california
https://www.ubereats.com/los-angeles/food-delivery/roheys-soba/S8IRqExtRGCXnzpYvMTCwA,san-dimas-california
https://www.ubereats.com/los-angeles/food-delivery/sushi-roll-land/Dn5YEEMbQbSZiPfk9su5cw,san-dimas-california
https://www.ubereats.com/los-angeles/food-delivery/papa-johns-pizza-foothill/6tzbxSAVR2epEV5cmluHKg,san-dimas-california
https://www.ubereats.com/los-angeles/food-delivery/dennys-546-w-baseline-rd/HKm-M-QRTZKL9-QMkFOk5A,san-dimas-california
https://www.ubereats.com/los-angeles/food-delivery/zero-degrees-pomona/IlfUV6g2R3mRFhDDE2oK9g,san-dimas-california
https://www.ubereats.com/los-angeles/food-delivery/costas-family-restaurant/NCe2yTIUReGzE0cwF4X8Zg,san-dimas-california
https://www.ubereats.com/los-angeles/food-delivery/kaiju-noodle-house/w-1dAUk7SRuP_FHN_rJ4Zg,san-dimas-california
https://www.ubereats.com/los-angeles/food-delivery/jack-in-the-box-1090-foothill-blvd/58SPftrfQVaGo74xFfhPcQ,san-dimas-california
https://www.ubereats.com/los-angeles/food-delivery/guidos-pizza-and-pasta/eTmibXlsTAeoR3aWFPNe6g,san-dimas-california
https://www.ubereats.com/inland-empire/food-delivery/burgerim-604-w-route-66-suite-102/wn9zARNdTuyUgADyinX8_A,san-dimas-california
https://www.ubereats.com/inland-empire/food-delivery/starbucks-arrow-hwy-%26-4th-irwindale/ety7r1ufSLq-PWKyJ_wYOw,san-dimas-california
https://www.ubereats.com/inland-empire/food-delivery/raspado-xpress/eP6E7WmSQICcQOhdFehctQ,san-dimas-california
https://www.ubereats.com/inland-empire/food-delivery/dennys-132-n-grand-ave/Pz4goa24RKOIsof_JEQb3w,san-dimas-california
https://www.ubereats.com/los-angeles/food-delivery/mooyah-burgers-1377-e-gladstone-st/k1_P37GfT2OvyIPF0_1-MA,san-dimas-california
https://www.ubereats.com/inland-empire/food-delivery/piggy-dumpling/G-bu-qYaQvGJjc9SLWtqmw,san-dimas-california
https://www.ubereats.com/los-angeles/food-delivery/blaze-pizza-824-e-alosta-ave/7Ztm5vsETBybVn9L8VdGhg,san-dimas-california
https://www.ubereats.com/los-angeles/food-delivery/the-poke-co-san-dimas/UZK8uBU_QuCO9QbgIaL8aQ,san-dimas-california
https://www.ubereats.com/los-angeles/food-delivery/chop-stop-la-verne/oTvSax-NR9mi7M1gibTMdA,san-dimas-california
https://www.ubereats.com/los-angeles/food-delivery/starbucks-citrus-%26-rowland/q61goqWnSAWBEvgx0fRxqg,san-dimas-california
https://www.ubereats.com/los-angeles/food-delivery/poke-poki/NID9xaXmTt6zLyyUUIouaQ,san-dimas-california
https://www.ubereats.com/los-angeles/food-delivery/saigon-avenue/1ldSb8mfQACXFoHrJQgLJg,san-dimas-california
https://www.ubereats.com/los-angeles/food-delivery/alfredos-mexican-food/uaSocY4DSWe2SkZdAKiuTA,san-dimas-california
https://www.ubereats.com/inland-empire/food-delivery/starbucks-claremont-wells-fargo/S_ngN0ETQVKa8nSNosHFHQ,san-dimas-california
https://www.ubereats.com/los-angeles/food-delivery/nekter-juice-bar-san-dimas/XKkjvDO-RnCxZS2FJsL9sQ,san-dimas-california
https://www.ubereats.com/inland-empire/food-delivery/honey-roll-and-sushi/IzWT93qqTDi1YI0yRZAQ2Q,san-dimas-california
https://www.ubereats.com/inland-empire/food-delivery/thai-family/fvSaYiF5THiDDbAjLDXUFA,san-dimas-california
https://www.ubereats.com/los-angeles/food-delivery/city-grill/giESi2cDS9eQuqTjtsn1gQ,san-dimas-california
https://www.ubereats.com/los-angeles/food-delivery/chipotle-mexican-grill-1365-e-gladstone-st-ste-700/Nwe3OHZaQAKB_Ey3Tlq8Zw,san-dimas-california
https://www.ubereats.com/los-angeles/food-delivery/hooters-west-covina/xAzUpeO5RxmPLGnOyLthMg,san-dimas-california
https://www.ubereats.com/los-angeles/food-delivery/toms-famous-family-restaurant-%2312/QDahk6SSTcmKy94Aa3EZzQ,san-dimas-california
https://www.ubereats.com/los-angeles/food-delivery/angelenos-wood-fired-pizza/XT7aG0r0T4O4DbZQJoOllg,san-dimas-california
https://www.ubereats.com/inland-empire/food-delivery/georgies-mediterranean-323-n-citrus-ave/nwRNvSkAT9Sixe6FMkL6PQ,san-dimas-california
https://www.ubereats.com/los-angeles/food-delivery/wendys-970-e-badillo/4XN_q8OsTeGMybv7wmVknQ,san-dimas-california
https://www.ubereats.com/los-angeles/food-delivery/seafood-and-crawfish/ZvdDoXwIS5SRZNeuUNxJ5Q,san-dimas-california
https://www.ubereats.com/los-angeles/food-delivery/wienerschnitzel-649-w-arrow-highway/mZssRl4GTUSib2EHfgXqCg,san-dimas-california
https://www.ubereats.com/los-angeles/food-delivery/thai-family/fvSaYiF5THiDDbAjLDXUFA,san-dimas-california
https://www.ubereats.com/los-angeles/food-delivery/jack-in-the-box-1052-n-grand-ave/XHMe0En0TbKg3r995O-gVA,san-dimas-california
https://www.ubereats.com/los-angeles/food-delivery/los-portales-grill-n-seafood-mexican-restaurant/ey_S88QzTlakI6xhQpA7OA,san-dimas-california
https://www.ubereats.com/los-angeles/food-delivery/starbucks-pomona-%26-temple/lCocm9i2THy5xql9BQ6agA,san-dimas-california
https://www.ubereats.com/los-angeles/food-delivery/norms-claremont/2wXw6xU_QH6IWca-H_u9dw,san-dimas-california
https://www.ubereats.com/inland-empire/food-delivery/el-matador-mexican-restaurant/I5vjyK5JTWCp101t8p3QlA,san-dimas-california
https://www.ubereats.com/los-angeles/food-delivery/churchs-chicken-1105-west-mission/46IN1pAATFq9evCShKvUJw,san-dimas-california
https://www.ubereats.com/los-angeles/food-delivery/juicy-boba/-DCsTOdCROqqQYz938YzCg,san-dimas-california
https://www.ubereats.com/inland-empire/food-delivery/pick-up-stix-glendora/R2T6iX9tQkWTHTWy5hKQPg,san-dimas-california
https://www.ubereats.com/los-angeles/food-delivery/mcdonalds-covina-no-grand/ORZK0j_uQYip0v9fv1hvsw,san-dimas-california
https://www.ubereats.com/los-angeles/food-delivery/pinsa-pizza-by-rebel/08ADuNU6RMqePLGw1HIVRA,san-dimas-california
https://www.ubereats.com/los-angeles/food-delivery/buffalo-wild-wings-2548-east-workman-ave/W8GjSVDUTCGaFL9YMSkYIA,san-dimas-california
https://www.ubereats.com/inland-empire/food-delivery/kalye-grill/ImP_uXEiSKSvSdRoXe190Q,san-dimas-california
https://www.ubereats.com/los-angeles/food-delivery/burger-king-2085-west-holt-ave/VURleyExTsGQhfuwZwd1QA,san-dimas-california
https://www.ubereats.com/inland-empire/food-delivery/kfc-375-e-mission-blvd/7YGPM8ixRTuNPgyDluOHOg,san-dimas-california
https://www.ubereats.com/los-angeles/food-delivery/popeyes-1911-indian-hill-blvd/14g_-rS6TGuX7fxkLlFoFQ,san-dimas-california
https://www.ubereats.com/inland-empire/food-delivery/freshly-bakery/-3QUaEUeQKOgZh1tgT-dDg,san-dimas-california
https://www.ubereats.com/los-angeles/food-delivery/el-sushi-loco-pomona/6Jq3VN6WRvWMsijlpFwjag,san-dimas-california
https://www.ubereats.com/los-angeles/food-delivery/pho-%26-grill/LsnjdmasQWebV2oX0veCYg,san-dimas-california
https://www.ubereats.com/los-angeles/food-delivery/thai-nary-bbq/5j_vOyLESE2pS0kUhyfl9A,san-dimas-california
https://www.ubereats.com/los-angeles/food-delivery/jack-in-the-box-1670-w-mission-rd/qIxKlcldQyugMwXlszCTsQ,san-dimas-california
https://www.ubereats.com/los-angeles/food-delivery/juans-super-pollo/QDHX14OsR4G4qKW0tTM7lQ,san-dimas-california
https://www.ubereats.com/los-angeles/food-delivery/thai-twist/zwwkfI65TsmRjm_TIYDrsA,san-dimas-california
https://www.ubereats.com/inland-empire/food-delivery/pho-%26-grill/LsnjdmasQWebV2oX0veCYg,san-dimas-california
https://www.ubereats.com/inland-empire/food-delivery/spooners/Zo6XjecjRemF4n6yLB1WKw,san-dimas-california
https://www.ubereats.com/inland-empire/food-delivery/himalayan-cafe-san-dimas/mnc7OGx2SIeuONY6tRaDtQ,san-dimas-california
https://www.ubereats.com/los-angeles/food-delivery/wicked-cow-burgers-and-brews/q3I_Y_T3RHq09PFz0uJeUQ,san-dimas-california
https://www.ubereats.com/inland-empire/food-delivery/lucky-elephant-thai-cuisine/-9CJB12sRWSwezAiQ3Z9_w,san-dimas-california
https://www.ubereats.com/inland-empire/food-delivery/garlic-crab-pho-filet/WhRf1giOSC26xn-vfs0B7g,san-dimas-california
https://www.ubereats.com/los-angeles/food-delivery/castanedas-mexican-food-asuza-ca/TYW1ARiMTK6XI9sqpOlJ-A,san-dimas-california
https://www.ubereats.com/los-angeles/food-delivery/togos-1253-foothill-blvd-la-verne-ca/xSQTkz-FSzuRC0W4loy19A,san-dimas-california
https://www.ubereats.com/inland-empire/food-delivery/luca-bella-fine-foods/sURep5YxRSqYUisUVX9JYQ,san-dimas-california
https://www.ubereats.com/los-angeles/food-delivery/mandarin-chinese-and-sushi/rDqYWWowTZeLd5CW6RBi7A,san-dimas-california
https://www.ubereats.com/los-angeles/food-delivery/carls-jr-7391/3UEPMOvpTFCjSVw3FrHapQ,san-dimas-california
https://www.ubereats.com/inland-empire/food-delivery/bageloo/z2iOHrXsTyiWW0W92k2Zkw,san-dimas-california
https://www.ubereats.com/los-angeles/food-delivery/waba-grill-1036-w-gladstone-st-san-dimas/xMQpBQltQuiVNtvf99ayfw,san-dimas-california
https://www.ubereats.com/los-angeles/food-delivery/the-red-cafe/hUbV1XcWSam5qfSGjvQ2-g,san-dimas-california
https://www.ubereats.com/inland-empire/food-delivery/burgerim-9359-central-ave/4kODNpk9SZm3mTQpSKEh7Q,san-dimas-california
https://www.ubereats.com/los-angeles/food-delivery/juans-pollo/Z4hywQ_aQ7aaHeNAdXfYKQ,san-dimas-california
https://www.ubereats.com/los-angeles/food-delivery/don-alfonsos-mexican-food/lMVaZRk7Tn6oRHyr7DxhQw,san-dimas-california
https://www.ubereats.com/los-angeles/food-delivery/jack-in-the-box-100-e-holt-ave/lCqCHBplTL-3tGylT-wPlQ,san-dimas-california
https://www.ubereats.com/los-angeles/food-delivery/starbucks-arrow-hwy-%26-4th-irwindale/ety7r1ufSLq-PWKyJ_wYOw,san-dimas-california
https://www.ubereats.com/los-angeles/food-delivery/el-amigo-restaurant/k1vqlpvXQwqT6YGZRrWbvQ,san-dimas-california
https://www.ubereats.com/los-angeles/food-delivery/broken-coconut-tiki-lounge/ilvantGUQ6q81sCMfQI47w,san-dimas-california
https://www.ubereats.com/los-angeles/food-delivery/el-bukanas/901le6sSQCahbqP1kkwafw,san-dimas-california
https://www.ubereats.com/inland-empire/food-delivery/norms-claremont/2wXw6xU_QH6IWca-H_u9dw,san-dimas-california
https://www.ubereats.com/los-angeles/food-delivery/tgi-fridays-686-west-covina/vYwVG7r_RTGSZLH-lJdJpA,san-dimas-california
https://www.ubereats.com/los-angeles/food-delivery/ra-sushi-13925-city-center-dr-suite-2065/OEcGpXarSUusQJrCs9dL0Q,san-dimas-california
https://www.ubereats.com/inland-empire/food-delivery/killer-wings/xk03x8ycQ5CNiD4W6sCS6A,san-dimas-california
https://www.ubereats.com/inland-empire/food-delivery/curryland/vG-IVUSLSTCwc0LawijiJQ,san-dimas-california
https://www.ubereats.com/los-angeles/food-delivery/jersey-mikes-subs-2212-foothill-blvd/J5rcLHitSOugajpLs2n4XA,san-dimas-california
https://www.ubereats.com/inland-empire/food-delivery/starbucks-temple-%26-mission-pomona/RBL5lDlbQpqZZKwyI44sFg,san-dimas-california
https://www.ubereats.com/inland-empire/food-delivery/starbucks-garey-%26-mission-pomona/WuPPAv9vSaiaSoq17loY5w,san-dimas-california
https://www.ubereats.com/los-angeles/food-delivery/the-habit-burger-grill-2851-eastland-center-dr/K28hQJxpQ3aj7ESIqMf6ng,san-dimas-california
https://www.ubereats.com/los-angeles/food-delivery/starbucks-valley-%26-lemon/10dSJlzbRgeFPzqkUqQLbw,san-dimas-california
https://www.ubereats.com/los-angeles/food-delivery/last-drop-cafe/8096gS1CSLa8yxAHrdq3AQ,san-dimas-california
https://www.ubereats.com/los-angeles/food-delivery/kahu-hawaiian-bbq-bonita-ave/fGQQpFwNQcu8FPpRFUs8wA,san-dimas-california
https://www.ubereats.com/los-angeles/food-delivery/covina-burgers/sLrWlWCJThOzby7UnKrcpQ,san-dimas-california
https://www.ubereats.com/inland-empire/food-delivery/papa-johns-20772-e-arrow-hwy/t53d7GygS6KbUNUQomwMQg,san-dimas-california
https://www.ubereats.com/los-angeles/food-delivery/sushi-sensei/MhVXS2XZRjO6bTQGDTpQeg,san-dimas-california
https://www.ubereats.com/los-angeles/food-delivery/burgerim-604-w-route-66-suite-102/wn9zARNdTuyUgADyinX8_A,san-dimas-california
https://www.ubereats.com/los-angeles/food-delivery/carls-jr-698-w-arrow-hwy/REUIRqHRTWWyXCcMWt6fHw,san-dimas-california
https://www.ubereats.com/los-angeles/food-delivery/the-ice-cream-shop/Yurz656ARSelWHBRDP7V5A,san-dimas-california
https://www.ubereats.com/los-angeles/food-delivery/la-jamaya/b7z8WfQ6TjSBNYnqfj5pdA,san-dimas-california
https://www.ubereats.com/los-angeles/food-delivery/mcdonalds-covina-n-azusa/A4nvpG41T4StNEqpMstfUQ,san-dimas-california
https://www.ubereats.com/los-angeles/food-delivery/zumo-zuzhi-burrito/YfVXipjdTxaM5BvO9nHPEA,san-dimas-california
https://www.ubereats.com/los-angeles/food-delivery/subway-1404-n-azusa-ave/ClVO_rStTVqJm1qzZE0nIA,san-dimas-california
https://www.ubereats.com/los-angeles/food-delivery/waba-grill-385-s-lemon-ave-walnut/HNFplkaFSc-3HwZoDEeY2A,san-dimas-california
https://www.ubereats.com/inland-empire/food-delivery/starbucks-foothill-%26-todd/7FHZAMTvQGWseCWabVzf2w,san-dimas-california
https://www.ubereats.com/los-angeles/food-delivery/yum-yum-donuts-902-e-arrow-hwy/4ez--maYQVeotaNvYuTYDw,san-dimas-california
https://www.ubereats.com/inland-empire/food-delivery/robeks-fresh-juices-%26-smoothies-1365-e-gladstone-st-ste-400/SaIzyY-iRc60JdaEGRkcCQ,san-dimas-california
https://www.ubereats.com/los-angeles/food-delivery/cactus-coffee/DGmF5oTJSfaHm9AklZ6cjA,san-dimas-california
https://www.ubereats.com/los-angeles/food-delivery/bageloo/z2iOHrXsTyiWW0W92k2Zkw,san-dimas-california
https://www.ubereats.com/los-angeles/food-delivery/el-pollo-loco-750-s-grand-ave5789/1RfyhujsTFyHXW9HJve3Aw,san-dimas-california
https://www.ubereats.com/los-angeles/food-delivery/juice-n-bowls/jb9fGhuXRjSsqzOoPYbopw,san-dimas-california
https://www.ubereats.com/los-angeles/food-delivery/popeyes-994-east-alosta-avenue/VBkigN3PSyyfg32IGlXP9A,san-dimas-california
https://www.ubereats.com/inland-empire/food-delivery/buffalo-wild-wings-3160-chino-avenue/UFW9CO2kR_qjv1PPyJJkIg,san-dimas-california
https://www.ubereats.com/los-angeles/food-delivery/ihop-903-w-arrow-hwy/R1TiYuCoRr-e5tIXzpoWMw,san-dimas-california
https://www.ubereats.com/inland-empire/food-delivery/starbucks-bonita-%26-san-dimas-san-dimas/KuNP1OeuROe0EUESrhgYOA,san-dimas-california
https://www.ubereats.com/los-angeles/food-delivery/cajun-fusion-kitchen/CiAWMtHfQTSl5vs8nFKIcw,san-dimas-california
https://www.ubereats.com/los-angeles/food-delivery/ahipoki-bowl-west-covina/B8fukf4XTyyDcf17f6cGhA,san-dimas-california
https://www.ubereats.com/inland-empire/food-delivery/the-broken-yolk-cafe/zU0rgjJlS-W8zp4bU4Mb9Q,san-dimas-california
https://www.ubereats.com/inland-empire/food-delivery/clydes-hot-chicken/I2uCBCjHTxSFwCP_sC2IFw,san-dimas-california
https://www.ubereats.com/inland-empire/food-delivery/big-sky-sushi/BHvctlXNS6eIsRkz0wiyGg,san-dimas-california
https://www.ubereats.com/inland-empire/food-delivery/pho-hoa-noodle-soup-montclair/8O6IBBxtQ4ehMawV5V9Eag,san-dimas-california
https://www.ubereats.com/los-angeles/food-delivery/fusion-2-any-1-sushi-%26-roll/1j4IWV2mSwWWwaIYsuFH-A,san-dimas-california
https://www.ubereats.com/los-angeles/food-delivery/jack-in-the-box-535-s-citrus-ave/5qfwTDmyRvWyfChsVZhTSQ,san-dimas-california
https://www.ubereats.com/los-angeles/food-delivery/the-krave-kobe-burger-grill/yXKk7dYbRWGBH0m1EbmrJw,san-dimas-california
https://www.ubereats.com/los-angeles/food-delivery/rubios-515-n-grand-ave/sfOFp_4MSmaJrxKy8saXOA,san-dimas-california
https://www.ubereats.com/los-angeles/food-delivery/original-tommys-hamburgers-montclair/oNbhM2VaRLieA2hW9rl06Q,san-dimas-california
https://www.ubereats.com/inland-empire/food-delivery/changs-asian-kitchen/1UVbfXASTZCBpsBbObSr1w,san-dimas-california
https://www.ubereats.com/inland-empire/food-delivery/bread-%26-barley/7b4ymaujSliarx8l4L7QrA,san-dimas-california
https://www.ubereats.com/los-angeles/food-delivery/covina-tasty/BrA44ddARHOL_u8JMUKG5A,san-dimas-california
https://www.ubereats.com/los-angeles/food-delivery/mcdonalds-glendora-arrow/JgAj8Yk3REGq0-XBdGcgTg,san-dimas-california
https://www.ubereats.com/los-angeles/food-delivery/dollis/0FrOTMy5QAygFKiVrYDgVA,san-dimas-california
https://www.ubereats.com/inland-empire/food-delivery/starbucks-valley-%26-grand-walnut/Wur6VMdnQmaqX4byBb6DJA,san-dimas-california
https://www.ubereats.com/inland-empire/food-delivery/yume-house-pho/LVtRZEniQrObWpiWSYH2lw,san-dimas-california
https://www.ubereats.com/los-angeles/food-delivery/el-pollo-loco-123-e-holt-ave5397/QxxlmpI0Rt6citWFrzX5pQ,san-dimas-california
https://www.ubereats.com/inland-empire/food-delivery/the-broken-yolk-cafe-la-verne/k8dJOTDvQW2Zc_U3GavRaQ,san-dimas-california
https://www.ubereats.com/los-angeles/food-delivery/cafe-x2o-glendora/_0i6K4r0ROizyAW8IMlZXw,san-dimas-california
https://www.ubereats.com/los-angeles/food-delivery/chipotle-mexican-grill-2298-foothill-blvd-ste-c/dKwRKmfuRIyn4YAMj-g9lA,san-dimas-california
https://www.ubereats.com/los-angeles/food-delivery/mr-piggies-taqueria/cgKVyXvGRDG6iIWfD_O8_g,san-dimas-california
https://www.ubereats.com/los-angeles/food-delivery/prik-kee-noo-thai-restaurant/Gd8HS_91SUyeG96weTPDkg,san-dimas-california
https://www.ubereats.com/los-angeles/food-delivery/las-margaritas-restaurant/5zV8bdUUTBKV9Tw4qhLe3w,san-dimas-california
https://www.ubereats.com/los-angeles/food-delivery/5-stars-hue-diamond-bar/-WPWK8c4Q9egVqR7fuDwTg,san-dimas-california
https://www.ubereats.com/los-angeles/food-delivery/wendys-3077-w-temple-ave/eUVuZVLiTnCGS1fpuHHCjg,san-dimas-california
https://www.ubereats.com/los-angeles/food-delivery/pollos-del-pueblo-n-citrus-ave/0Qw5JgJCQjCN_NwX7vRF9Q,san-dimas-california
https://www.ubereats.com/inland-empire/food-delivery/starbucks-route-66-%26-lone-hill-glendora/y2nRzuV8SVS8hOOAl8MQqw,san-dimas-california
https://www.ubereats.com/los-angeles/food-delivery/jack-in-the-box-1245-n-grand-ave/XrYob1hfQiut6HzJgqmNoQ,san-dimas-california
https://www.ubereats.com/los-angeles/food-delivery/luna-grill-chino-hills/4FoHAwxXSWSVcazu3JMoBA,san-dimas-california
https://www.ubereats.com/los-angeles/food-delivery/spaghetti-eddies-cucina-italiana/RWbDwi71RPC2diMx1_D8mw,san-dimas-california
https://www.ubereats.com/los-angeles/food-delivery/mcdonalds-walnut-grand-valley/88gr5wgDQ9CguPCJT4Vv1A,san-dimas-california
https://www.ubereats.com/los-angeles/food-delivery/pho-ha-linh/qVzkC9WuRN-pmP8Tt4cfZw,san-dimas-california
https://www.ubereats.com/inland-empire/food-delivery/dickeys-bbq-pit-886-e-alosta-ave/1Em9HxYyQGqqoLXAYw45Hg,san-dimas-california
https://www.ubereats.com/los-angeles/food-delivery/jack-in-the-box-16000-arrow-hwy/kwDPFedpQTC2zAeEk1lb9w,san-dimas-california
https://www.ubereats.com/los-angeles/food-delivery/mcdonalds-pomona-murchison/InHiFgHNR6GHFUXEgGU5Eg,san-dimas-california
https://www.ubereats.com/los-angeles/food-delivery/los-amigos-restaurant-valley-blvd/fLZcL3NIQEy1TtC9e_cm0g,san-dimas-california
https://www.ubereats.com/los-angeles/food-delivery/the-spot-cafe-claremont/REYhHR85TtaIE3ZEmmi5ZA,san-dimas-california
https://www.ubereats.com/los-angeles/food-delivery/churchs-chicken-500-east-holt/nM8RpMOrQ0STFhqLZxTg1A,san-dimas-california
https://www.ubereats.com/los-angeles/food-delivery/i-lava-poke/qWEpHDOlQL-N77sOiicQhg,san-dimas-california
https://www.ubereats.com/los-angeles/food-delivery/carls-jr-7365/AE_o-P7zR0OB-arlbEGvsw,san-dimas-california
https://www.ubereats.com/inland-empire/food-delivery/dandana-cafe-and-banquet/Wi4QKbfYQaGkN5iwhIVMCg,san-dimas-california
https://www.ubereats.com/los-angeles/food-delivery/kfc-%2304-723-w-arrow-hwy/NYTwczv9QHyRtHS-2R7uuA,san-dimas-california
https://www.ubereats.com/los-angeles/food-delivery/kaya-asian-cuisine/0Js7iKv1Q4qKGsHwLX_wIw,san-dimas-california
https://www.ubereats.com/inland-empire/food-delivery/gengis-khan-809-plaza-drive/-10fR00LTg-fLdg66sca9g,san-dimas-california
https://www.ubereats.com/los-angeles/food-delivery/dennys-3012-w-temple-ave/PlvHgHPdSv-CTWhE7aZF-Q,san-dimas-california
https://www.ubereats.com/inland-empire/food-delivery/yum-yum-donuts-902-e-arrow-hwy/4ez--maYQVeotaNvYuTYDw,san-dimas-california
https://www.ubereats.com/los-angeles/food-delivery/pizza-royal/AZYGI1nhRwareCXUIWzMQg,san-dimas-california
https://www.ubereats.com/los-angeles/food-delivery/tasty-goody/7F0V5PqZQy2SOcmuNRdQIg,san-dimas-california
https://www.ubereats.com/los-angeles/food-delivery/el-pollo-loco-5280-philadelphia-st5661/njLX2Ec9Slid5_AjZMF8UA,san-dimas-california
https://www.ubereats.com/los-angeles/food-delivery/tacos-omanas/jW1EqhURQJi88dGKoICFvw,san-dimas-california
https://www.ubereats.com/los-angeles/food-delivery/dragon-99/Os9tvZ3rSeipnbq9pA_64w,san-dimas-california
https://www.ubereats.com/los-angeles/food-delivery/changs-asian-kitchen/1UVbfXASTZCBpsBbObSr1w,san-dimas-california
https://www.ubereats.com/los-angeles/food-delivery/mcdonalds-san-dimas-villag/rzCuEynhQqC9FD0Ua3PZfw,san-dimas-california
https://www.ubereats.com/los-angeles/food-delivery/starbucks-foothill-%26-todd/7FHZAMTvQGWseCWabVzf2w,san-dimas-california
https://www.ubereats.com/los-angeles/food-delivery/spicy-fish/LIeNBfEDQX-21PL5wWC3Eg,san-dimas-california
https://www.ubereats.com/los-angeles/food-delivery/blaze-pizza-1331s-lone-hill-ave/XHvpVqmiSUS76ED6ExWIuw,san-dimas-california
https://www.ubereats.com/los-angeles/food-delivery/el-pollo-loco-9185-central-ave5634/MdgwjnjWT_yMVQSjX8tPiw,san-dimas-california
https://www.ubereats.com/los-angeles/food-delivery/rail-side-cafe/l8R1ku71SV6R1TQJf0nwWQ,san-dimas-california
https://www.ubereats.com/inland-empire/food-delivery/norms-west-covina/HWtvgwTdSjGkR1_sDFo9QQ,san-dimas-california
https://www.ubereats.com/los-angeles/food-delivery/gengis-khan-809-plaza-drive/-10fR00LTg-fLdg66sca9g,san-dimas-california
https://www.ubereats.com/inland-empire/food-delivery/starbucks-indian-hill-%26-i-10-claremont/M3EKXUueRQqJyoinXxNULQ,san-dimas-california
https://www.ubereats.com/los-angeles/food-delivery/freshly-bakery/-3QUaEUeQKOgZh1tgT-dDg,san-dimas-california
https://www.ubereats.com/los-angeles/food-delivery/chick-fil-a-1247-s-lone-hill-ave/gvgUAxuWRjyOnx9UQSaS2Q,san-dimas-california
https://www.ubereats.com/inland-empire/food-delivery/ruenrom-thai-cuisine/s9GobYUCSmaZThTFaRqetA,san-dimas-california
https://www.ubereats.com/los-angeles/food-delivery/cafe-wang-chinese-fusion-%26-bar/_qDiarf2Rb6vQfN_NcVuiw,san-dimas-california
https://www.ubereats.com/los-angeles/food-delivery/star-buffet/kDCWRt9IS8aLZ9cwt1WGkw,san-dimas-california
https://www.ubereats.com/los-angeles/food-delivery/borreguitas/vuuSoOnMTdyZewC8uP01iQ,san-dimas-california
https://www.ubereats.com/los-angeles/food-delivery/walters-restaurant/acz0Vyl4S-ajAlmlf6wkNA,san-dimas-california
https://www.ubereats.com/los-angeles/food-delivery/399-pizza-co-%235/snnhYQJETES6KOdJZKkb3g,san-dimas-california
https://www.ubereats.com/los-angeles/food-delivery/subway-1045-w-arrow-hwy/VygZ1yXbSWWg229ji7jdKg,san-dimas-california
https://www.ubereats.com/inland-empire/food-delivery/buffalo-wild-wings-2548-east-workman-ave/W8GjSVDUTCGaFL9YMSkYIA,san-dimas-california
https://www.ubereats.com/los-angeles/food-delivery/emilianos-restaurant/kOEaO1uHTvWKEFLo4JX2oA,san-dimas-california
https://www.ubereats.com/los-angeles/food-delivery/dennys-548-w-arrow-hwy/uC006vr5QE-HoO5KzGnPAg,san-dimas-california
https://www.ubereats.com/los-angeles/food-delivery/subway-419-e-arrow-hwy/7DGQIEOiQXqwj5sW7WgJLw,san-dimas-california
https://www.ubereats.com/los-angeles/food-delivery/uminoya-ramen-%E6%B5%B7%E9%87%8E%E5%AE%B6/b-6NwM4tSuGUsw0rBRQXkg,san-dimas-california
https://www.ubereats.com/inland-empire/food-delivery/miss-donuts-and-bagels/lNSUWl3PQv211ZSl4DuMOA,san-dimas-california
https://www.ubereats.com/los-angeles/food-delivery/mcdonalds-diamond-bar-blvd/RzrOv1AVQAaqxEElUvSWNA,san-dimas-california
https://www.ubereats.com/los-angeles/food-delivery/starbucks-route-66-%26-lone-hill-glendora/y2nRzuV8SVS8hOOAl8MQqw,san-dimas-california
https://www.ubereats.com/los-angeles/food-delivery/the-broken-yolk-cafe-la-verne/k8dJOTDvQW2Zc_U3GavRaQ,san-dimas-california
https://www.ubereats.com/inland-empire/food-delivery/zero-degrees-pomona/IlfUV6g2R3mRFhDDE2oK9g,san-dimas-california
https://www.ubereats.com/los-angeles/food-delivery/callahans-irish-pub/e4ldl3tPSQSS2Fb0kv4Y7g,san-dimas-california
https://www.ubereats.com/los-angeles/food-delivery/jack-in-the-box-1165-s-diamond-bar-blvd/Y2QAj60VQRuP8tCnMUO3mQ,san-dimas-california
https://www.ubereats.com/los-angeles/food-delivery/stacks-deli/Olz64TD9Twy_tR8sBTMcdg,san-dimas-california
https://www.ubereats.com/los-angeles/food-delivery/taco-bell-218-s-diamond-bar-blvd/wJq5QhgER4Sh5zO9xGVt3A,san-dimas-california
https://www.ubereats.com/los-angeles/food-delivery/pieology-pizzeria-505-n-grand-ave/Kd2Bq7thRHaGderort0RCw,san-dimas-california
https://www.ubereats.com/los-angeles/food-delivery/waba-grill-440-auto-center-dr-claremont/WsmxI8wdSOCA88gC1CdY6Q,san-dimas-california
https://www.ubereats.com/los-angeles/food-delivery/el-pirata-mexican-seafood/2bVZ9NPiRs64yz-o99RXaw,san-dimas-california
https://www.ubereats.com/los-angeles/food-delivery/fukuoka-hakata-ramen/PG5khbMzREesz7fEg_Nb2Q,san-dimas-california
https://www.ubereats.com/inland-empire/food-delivery/star-buffet/kDCWRt9IS8aLZ9cwt1WGkw,san-dimas-california
https://www.ubereats.com/los-angeles/food-delivery/ramona-village-market-%26-liquor-dba-the-ice-cream-shop/-z3QlVi5TeuTHUOcq7UMfw,san-dimas-california
https://www.ubereats.com/inland-empire/food-delivery/donut-club/hOpNJWjwSWefDcD8KGDSMg,san-dimas-california
https://www.ubereats.com/los-angeles/food-delivery/lamesa-restaurant-and-bar/KUb8u1p1Q6WWxq002BkUDw,san-dimas-california
https://www.ubereats.com/inland-empire/food-delivery/rail-side-cafe/l8R1ku71SV6R1TQJf0nwWQ,san-dimas-california
https://www.ubereats.com/los-angeles/food-delivery/running-chicken-walnut/y7_3zW6RRDSf1yvQiElzBg,san-dimas-california
https://www.ubereats.com/los-angeles/food-delivery/peppertree-cafe/wQAdqBqkRTeWN9WmWp3kTQ,san-dimas-california
https://www.ubereats.com/inland-empire/food-delivery/starbucks-central-%26-the-i-10/zl9wPtiuSuezZ8hKp30vRw,san-dimas-california
https://www.ubereats.com/los-angeles/food-delivery/chipotle-mexican-grill-143-n-barranca-st-ste-a/AyIS4DBRTSmhCHzCej0BTw,san-dimas-california
https://www.ubereats.com/los-angeles/food-delivery/frisellas-roastery/OkjXEIj_T1Gos0R3pjkMHA,san-dimas-california
https://www.ubereats.com/los-angeles/food-delivery/dia-de-los-puercos/7eoBsKVyQCemfS4EUaQE5g,san-dimas-california
https://www.ubereats.com/los-angeles/food-delivery/bella-bottega/qm1Bg_lSTwmqwHg9vYjpSg,san-dimas-california
https://www.ubereats.com/los-angeles/food-delivery/angeles-la-mejor-mexican-food-2068-n-garey-ave/38GPS35oTrmkvMkAenbXCg,san-dimas-california
https://www.ubereats.com/los-angeles/food-delivery/el-pollo-loco-106-s-grand-ave3523/HlDmnxoERUyTQRdhc-XPgQ,san-dimas-california
https://www.ubereats.com/los-angeles/food-delivery/starbucks-garey-%26-mission-pomona/WuPPAv9vSaiaSoq17loY5w,san-dimas-california
https://www.ubereats.com/los-angeles/food-delivery/i-lava-poke/yqK2xqhmQ4eq64LLDE8-hg,san-dimas-california
https://www.ubereats.com/inland-empire/food-delivery/papa-johns-pizza-glendora/NKLzFTO1Rn2bKsQOqcXkdA,san-dimas-california
https://www.ubereats.com/los-angeles/food-delivery/tacos-mexico-e-holt-pomona-ca/lNKO5UHXSEeS8MwtcsKd6w,san-dimas-california
https://www.ubereats.com/inland-empire/food-delivery/ihop-50-rio-rancho-road/lWb_sdiQSUyHPLP9QYeokg,san-dimas-california
https://www.ubereats.com/los-angeles/food-delivery/ahipoki-bowl-glendora/HGNKU3mHQ424hGn9wub9uw,san-dimas-california
https://www.ubereats.com/inland-empire/food-delivery/boiling-point-chino-hills/TRL1LyGYQH6PC60VC7jZeA,san-dimas-california
https://www.ubereats.com/inland-empire/food-delivery/georgias-original-bun-n-burger/coAjBq8MTFKilQ4Lu4phyA,san-dimas-california
https://www.ubereats.com/los-angeles/food-delivery/starbucks-central-%26-the-i-10/zl9wPtiuSuezZ8hKp30vRw,san-dimas-california
https://www.ubereats.com/los-angeles/food-delivery/phang-roy-thai/q3s2M6qYSdWFvumitxH-VQ,san-dimas-california
https://www.ubereats.com/inland-empire/food-delivery/saigon-avenue/1ldSb8mfQACXFoHrJQgLJg,san-dimas-california
https://www.ubereats.com/los-angeles/food-delivery/del-taco-1495-n-garey-ave/TA1iFo5-SWSTpElteRC-CA,san-dimas-california
https://www.ubereats.com/los-angeles/food-delivery/casa-jalisco/-qw76m1ZQ_2HM1fZhgXIxQ,san-dimas-california
https://www.ubereats.com/los-angeles/food-delivery/killer-wings/xk03x8ycQ5CNiD4W6sCS6A,san-dimas-california
https://www.ubereats.com/los-angeles/food-delivery/starbucks-san-dimas/XIWiLrkgSfWCPyr5g1OUTQ,san-dimas-california
https://www.ubereats.com/los-angeles/food-delivery/yogurtland-922-e-alosta-ave/a50V0w1mTwy-esnYjUbW3w,san-dimas-california
https://www.ubereats.com/los-angeles/food-delivery/subway-1066-n-citrus-ave/nXPfx0XrTkSIwL6y3UNJ-w,san-dimas-california
https://www.ubereats.com/los-angeles/food-delivery/cocina-mi-mercadito/zNfFtgDKRrCStG-RJHh68A,san-dimas-california
https://www.ubereats.com/los-angeles/food-delivery/zodiac/0BsFCV3NTJ-PUiBtASHKvA,san-dimas-california
https://www.ubereats.com/los-angeles/food-delivery/norms-west-covina/HWtvgwTdSjGkR1_sDFo9QQ,san-dimas-california
https://www.ubereats.com/los-angeles/food-delivery/riceberry-thai-kitchen/sB8hIkw5SZWREhCfWPbPDQ,san-dimas-california
https://www.ubereats.com/inland-empire/food-delivery/coco-palm-restaurant/0raqW-8PTUWJMbMf3ys-Fw,san-dimas-california
https://www.ubereats.com/los-angeles/food-delivery/big-sky-sushi/BHvctlXNS6eIsRkz0wiyGg,san-dimas-california
https://www.ubereats.com/los-angeles/food-delivery/subway-2145-foothill-blvd/RIe_31FuRGGW3_HYlQKAig,san-dimas-california
https://www.ubereats.com/los-angeles/food-delivery/subway-3530-temple-ave/3MoaoaVXTlSvVZKPPBX8hw,san-dimas-california
https://www.ubereats.com/los-angeles/food-delivery/show-sushi/UkfQ6mGAQWKWHOxQHDx6hQ,san-dimas-california
https://www.ubereats.com/los-angeles/food-delivery/luizon-mariscos-y-sushi/C6LuT4QjSW2b1m5vORmYSw,san-dimas-california
https://www.ubereats.com/inland-empire/food-delivery/lucky-elephant-thai-ontario/1bHT6TpvQMWBCkjG2H48pQ,san-dimas-california
https://www.ubereats.com/los-angeles/food-delivery/thai-diamond-bbq/Txn4hWyYSoGQ8Zph-JY1dA,san-dimas-california
https://www.ubereats.com/los-angeles/food-delivery/pasquallys-pizza-%26-wings-601-azura/VMbsQ87NS0-jnf7RM74EPw,san-dimas-california
https://www.ubereats.com/los-angeles/food-delivery/golden-corral-2037-rancho-valley-dr/zJef6pDsQ5qimFxHXBPKhg,san-dimas-california
https://www.ubereats.com/inland-empire/food-delivery/amigogi-korean-bbq/D-9-_r_pTQ-ox1jDtsmokg,san-dimas-california
https://www.ubereats.com/los-angeles/food-delivery/far-east-joint/ZAxPn3_8Rx64l2AeNICcIQ,san-dimas-california
https://www.ubereats.com/los-angeles/food-delivery/laki-hawaiian-bbq/XIr4o49DRPabTW2KJsXiyQ,san-dimas-california
https://www.ubereats.com/los-angeles/food-delivery/mcdonalds-w-covina-garvey/sG0bEsFsSUyUwyC7CVSHdg,san-dimas-california
https://www.ubereats.com/los-angeles/food-delivery/panda-express-azusa-856-e-alosta-ave/Fj9Im0-FS7yfBuGG4t2IlQ,san-dimas-california
https://www.ubereats.com/inland-empire/food-delivery/send-noods/AS64uZ9BSEytI44ecm_WKw,san-dimas-california
https://www.ubereats.com/los-angeles/food-delivery/outback-steakhouse-1476-n-azusa-ave/qvABcmPNTqeLuLRHSfNKgw,san-dimas-california
https://www.ubereats.com/los-angeles/food-delivery/wienerschnitzel-glendora/xyS84M21TfqA-IaVKCgryQ,san-dimas-california
https://www.ubereats.com/los-angeles/food-delivery/cali-noodles-%26-grill-west-covina/7QHvKjDqQz-lPCBJD4Uy0g,san-dimas-california
https://www.ubereats.com/los-angeles/food-delivery/klatch-coffee-san-dimas/PDbanOt2S1W4-RuSm6LXDw,san-dimas-california
https://www.ubereats.com/los-angeles/food-delivery/earth-tone-natural-kitchen-%26-market/X9KN3EcqTjy8-WOtCN975A,san-dimas-california
https://www.ubereats.com/los-angeles/food-delivery/5-stars-hue-walnut/sXkzeAn4QV6GK-mNf88p7Q,san-dimas-california
https://www.ubereats.com/los-angeles/food-delivery/burgerim-969-w-arrow-hwy/SO5hob2FTl-ND3-WD4JwdA,san-dimas-california
https://www.ubereats.com/los-angeles/food-delivery/taco-bell-768-west-arrow-hwy/1bK4lcXDQy64IfSiZuilLQ,san-dimas-california
https://www.ubereats.com/inland-empire/food-delivery/starbucks-grand-ave-%26-cypress/ON_0F-gBQkywnIFiwuZ58w,san-dimas-california
https://www.ubereats.com/los-angeles/food-delivery/poki-blast/WbrPLv4gRJKOIjs5uqD7_A,san-dimas-california
https://www.ubereats.com/los-angeles/food-delivery/bishamon-japanese-restaurant/w9IJ20z5QpSxxdDnd7uaVA,san-dimas-california
https://www.ubereats.com/los-angeles/food-delivery/burger-king-1681-w-san-bernardino-rd/T9S3-A9mROKDQVQAsTu08w,san-dimas-california
https://www.ubereats.com/los-angeles/food-delivery/el-pollo-loco-2360-foothill-blvd5379/subHvZ4VS5uIBTbpVdkJbg,san-dimas-california
https://www.ubereats.com/los-angeles/food-delivery/waba-grill-630-s-grand-ave-glendora/hwjUaz5VSJid8dP7rwpNDA,san-dimas-california
https://www.ubereats.com/los-angeles/food-delivery/subway-2648-e-workman-ave/_pSbhlTmQsanaOCXsvj7HA,san-dimas-california
https://www.ubereats.com/los-angeles/food-delivery/wabi-sabi/sYsu5yuTSHqZ52F9Zqa6UQ,san-dimas-california
https://www.ubereats.com/los-angeles/food-delivery/bun-street/aKIhGQIjSvGUHlMaIqcF9g,san-dimas-california
https://www.ubereats.com/los-angeles/food-delivery/bad-ass-breakfast-burritos-3330-grand-ave/QbIAA_5CS5OPPvSs_lVgzg,san-dimas-california
https://www.ubereats.com/los-angeles/food-delivery/malubianbian-hotpot-rowland-heights/yQcz28mVS9y5Ci_ld-vWRA,san-dimas-california
https://www.ubereats.com/los-angeles/food-delivery/the-canyon-montclair/0apkwSVCR1KrwaQXEW1mZw,san-dimas-california
https://www.ubereats.com/inland-empire/food-delivery/angeles-la-mejor-mexican-food-2068-n-garey-ave/38GPS35oTrmkvMkAenbXCg,san-dimas-california
https://www.ubereats.com/los-angeles/food-delivery/bionicos/gWJ71hFxR32CJoB6QvVdEw,san-dimas-california
https://www.ubereats.com/los-angeles/food-delivery/las-chicas-fresas/62wDMm1CQiWDAql5t9sr8g,san-dimas-california
https://www.ubereats.com/los-angeles/food-delivery/firehouse-subs-1610-foothill-blvd/BHhIKYOrRkeVYsHgqH4Wlw,san-dimas-california
https://www.ubereats.com/inland-empire/food-delivery/sushi-roll-land/Dn5YEEMbQbSZiPfk9su5cw,san-dimas-california
https://www.ubereats.com/inland-empire/food-delivery/gen-korean-bbq-house-chino-hills/ZLrHCXn-S0eeg76GPZ6e0Q,san-dimas-california
https://www.ubereats.com/los-angeles/food-delivery/georgies-mediterranean-323-n-citrus-ave/nwRNvSkAT9Sixe6FMkL6PQ,san-dimas-california
https://www.ubereats.com/los-angeles/food-delivery/the-broken-yolk-cafe/zU0rgjJlS-W8zp4bU4Mb9Q,san-dimas-california
https://www.ubereats.com/los-angeles/food-delivery/corner-bakery-cafe-1385-e-gladstone-street-%23300/q40epIgmR1yqBDUEhnqe7Q,san-dimas-california
https://www.ubereats.com/inland-empire/food-delivery/sweet-savory-cafe-%26-bakery/3oCFka_oTm-CEl4aUwsVkg,san-dimas-california
https://www.ubereats.com/los-angeles/food-delivery/wing-squad-claremont/dYso4fHMTki5sxyAzlfo4A,san-dimas-california
https://www.ubereats.com/los-angeles/food-delivery/georgias-original-bun-n-burger/coAjBq8MTFKilQ4Lu4phyA,san-dimas-california
https://www.ubereats.com/los-angeles/food-delivery/pick-up-stix-glendora/R2T6iX9tQkWTHTWy5hKQPg,san-dimas-california
https://www.ubereats.com/los-angeles/food-delivery/starbucks-rio-rancho-%26-the-71-pomona/NK8O3_rjTuiZR6YMkjEBiw,san-dimas-california
https://www.ubereats.com/los-angeles/food-delivery/yum-yum-donuts-366-s-indian-hill-blvd/2SzQjncdQ4aLA-6wBRes_Q,san-dimas-california
https://www.ubereats.com/los-angeles/food-delivery/pepes-finest-mexican-food/IzlhIOwiQqeSALoBcZqQVA,san-dimas-california
https://www.ubereats.com/los-angeles/food-delivery/mariscos-baja/Mjg9rJS1SH6fpc5XZkwO1A,san-dimas-california
https://www.ubereats.com/los-angeles/food-delivery/carniceria-las-glorias/Jt6XQsI_Rb2Wo5MKh9_Xnw,san-dimas-california
https://www.ubereats.com/los-angeles/food-delivery/the-cajun-bayou/zXVeQVNTSa-B--nVILDFlQ,san-dimas-california
https://www.ubereats.com/los-angeles/food-delivery/jack-in-the-box-101-west-foothill-blvd/Vb1iE7MiSay6pW5JsnU3mA,san-dimas-california
https://www.ubereats.com/los-angeles/food-delivery/sake-roll-sushi/XEz6SDdMQJ25GnCNEQeYbw,san-dimas-california
https://www.ubereats.com/los-angeles/food-delivery/valentinos-pizza/U_OjccP0TMmlNu7MMXe62g,san-dimas-california
https://www.ubereats.com/los-angeles/food-delivery/50-fifty-asian-fusion-cuisine/Od51txWPSb2gGbZPTxtwRQ,san-dimas-california
https://www.ubereats.com/los-angeles/food-delivery/subway-443-north-vincent-ave/wJ0bwvWKTnOi9g8VixVarg,san-dimas-california
https://www.ubereats.com/los-angeles/food-delivery/ihop-702-s-citrus-ave/AS6j9DICSLyndnCMKzXcdA,san-dimas-california
https://www.ubereats.com/inland-empire/food-delivery/the-canyon-montclair/0apkwSVCR1KrwaQXEW1mZw,san-dimas-california
https://www.ubereats.com/los-angeles/food-delivery/piggy-dumpling/G-bu-qYaQvGJjc9SLWtqmw,san-dimas-california
https://www.ubereats.com/los-angeles/food-delivery/tea-bar-azusa/HCQGqbYdS56j87y4TZwl1g,san-dimas-california
https://www.ubereats.com/los-angeles/food-delivery/potato-corner/66J9_kKgTcqBbgcrUEbu5w,san-dimas-california
https://www.ubereats.com/los-angeles/food-delivery/miras-grill/oYYkzEMfSIWNXUi9hP9Edg,san-dimas-california
https://www.ubereats.com/inland-empire/food-delivery/little-caesars-806-arrow-highway/m1Fk1Ss4TNWMtpNz6Hq7zw,san-dimas-california
https://www.ubereats.com/los-angeles/food-delivery/dennys-645-n-azusa/KJ-jYd4HTzWmo7m9CavNHA,san-dimas-california
https://www.ubereats.com/los-angeles/food-delivery/tho-one-thai-eatery/mxlZ5fouTzKn8p9VWprGqg,san-dimas-california
https://www.ubereats.com/inland-empire/food-delivery/burgerim-1240-w-foothill-blvd/TkvJtqB4SnmR0uBSj-BoYQ,san-dimas-california
https://www.ubereats.com/inland-empire/food-delivery/popeyes-1911-indian-hill-blvd/14g_-rS6TGuX7fxkLlFoFQ,san-dimas-california
https://www.ubereats.com/los-angeles/food-delivery/restaurante-la-oaxaquena/N30Dqk9GSey70ZHmOqFeKQ,san-dimas-california
https://www.ubereats.com/los-angeles/food-delivery/vita-italian-bar-%26-grill/kS33MbTUSBWvVkXYyxZVkw,san-dimas-california
https://www.ubereats.com/los-angeles/food-delivery/edible-arrangements-3580-west-temple-avenue-suite-e/qB8mBJtTR9qI1vD-FVDAlw,san-dimas-california
https://www.ubereats.com/los-angeles/food-delivery/mcdonalds-445-e-holt-avenue/x3FIC9lhStuSq8IoZ9Br8A,san-dimas-california
https://www.ubereats.com/los-angeles/food-delivery/curryland/vG-IVUSLSTCwc0LawijiJQ,san-dimas-california
https://www.ubereats.com/los-angeles/food-delivery/wara-burger/G2_0dMThQtCwI-_eVfVfiw,san-dimas-california
https://www.ubereats.com/los-angeles/food-delivery/the-habit-burger-grill-1608-foothill-boulevard/kfUfg0_MTiifuhcrIf5Wkg,san-dimas-california
https://www.ubereats.com/los-angeles/food-delivery/dragon-bowl-z/_UDHtbtdSLynPCPaYGn9-Q,san-dimas-california
https://www.ubereats.com/los-angeles/food-delivery/la-bufadora-baja-grill-montclair/xYZiVwFJRPaBomj-JqHOWA,san-dimas-california
https://www.ubereats.com/los-angeles/food-delivery/subway-1195-w-foothill-blvd/aG3CkH1lQm6eVvmxDSdRUg,san-dimas-california
https://www.ubereats.com/los-angeles/food-delivery/pick-up-stix-chino-hills/lq6KPMixQamNBnISY3yamQ,san-dimas-california
https://www.ubereats.com/los-angeles/food-delivery/kfc-1057-n-grand-ave/BbHoythNSl61aAkf5AVzyQ,san-dimas-california
https://www.ubereats.com/los-angeles/food-delivery/jersey-mikes-subs-pomona-2071-rancho-valley-drive/8qK4zEBdTxCpE7IOWKvZhA,san-dimas-california
https://www.ubereats.com/los-angeles/food-delivery/taco-bell-705-w-arrow-highway/dDDQtij4RJSykQoNiRmcRA,san-dimas-california
https://www.ubereats.com/los-angeles/food-delivery/rikas-empanadas/aw-UQq6STcOzvJ9ggnGEOA,san-dimas-california
https://www.ubereats.com/los-angeles/food-delivery/taco-king/u2OIJbdGQLCNV9c0_UDvsQ,san-dimas-california
https://www.ubereats.com/inland-empire/food-delivery/pho-super-bowl/-v5vl9Q6RqeblRO2epjt2w,san-dimas-california
https://www.ubereats.com/los-angeles/food-delivery/pieology-pomona/tObmek-zSXuRvQYzuJEawA,san-dimas-california
https://www.ubereats.com/los-angeles/food-delivery/garlic-crab-pho-filet/WhRf1giOSC26xn-vfs0B7g,san-dimas-california
https://www.ubereats.com/los-angeles/food-delivery/raspado-xpress/eP6E7WmSQICcQOhdFehctQ,san-dimas-california
https://www.ubereats.com/los-angeles/food-delivery/sushi-maru-seafood/J3sycbFPRNCWM7WYnEf7yA,san-dimas-california
https://www.ubereats.com/inland-empire/food-delivery/crazy-rockn-sushi-covina/QqoGntFQTAOmuSAZ_nQzNA,san-dimas-california
https://www.ubereats.com/los-angeles/food-delivery/carls-jr-7394/fwi-Pz5-SVOraZV2AEWe9Q,san-dimas-california
https://www.ubereats.com/los-angeles/food-delivery/sobol-chino-hills/TuzBc1ahQMudsGTDCYsrXw,san-dimas-california
https://www.ubereats.com/los-angeles/food-delivery/pho-hanoi-vietnamese-restaurant/1ekCCDUOQcu3NWrcKeSyUQ,san-dimas-california
https://www.ubereats.com/los-angeles/food-delivery/the-ice-cream-shop/osqIMzGJRTSGjb8T4hm48w,san-dimas-california
https://www.ubereats.com/los-angeles/food-delivery/casa-del-rey-mexican-restaurant-%26-cantina/xtPgmt_7Rz6zTRYdjRfT2g,san-dimas-california
https://www.ubereats.com/los-angeles/food-delivery/jack-in-the-box-2098-s-garey-ave/Zj_iWWNaS8q_oySrHIgqLw,san-dimas-california
https://www.ubereats.com/los-angeles/food-delivery/heartland-cafe-%26-mart/ASufHPp0S2-uObVMGVBTJw,san-dimas-california
https://www.ubereats.com/los-angeles/food-delivery/running-chicken/UMlv9XtgQhOj1VOVa-UJvQ,san-dimas-california
https://www.ubereats.com/los-angeles/food-delivery/flame-broiler-1311-s-grand-ave/An3r1FtPTpOuthmm_-P0fw,san-dimas-california
https://www.ubereats.com/inland-empire/food-delivery/kfc-542-n-diamond-bar-blvd/SAox4r7qQ2uvzXB6wkIIDw,san-dimas-california
https://www.ubereats.com/los-angeles/food-delivery/starbucks-grand-%26-foothill/ylUhK5FFTzeYJwNylRsZEQ,san-dimas-california
https://www.ubereats.com/los-angeles/food-delivery/the-corner-butcher-shop/rqoGxYfASKK_8pXozYgKfA,san-dimas-california
https://www.ubereats.com/los-angeles/food-delivery/taco-bell-116-e-route-66/yFD9xz4URGq4W4nTgNwITQ,san-dimas-california
https://www.ubereats.com/los-angeles/food-delivery/mcdonalds-2200-n-garey-st/sJk9WAI0Qo-n0c1Fh4KaXw,san-dimas-california
https://www.ubereats.com/inland-empire/food-delivery/yum-yum-donuts-366-s-indian-hill-blvd/2SzQjncdQ4aLA-6wBRes_Q,san-dimas-california
https://www.ubereats.com/los-angeles/food-delivery/running-chicks/kYVvS0rGRvWBt-x-xYLAmA,san-dimas-california
https://www.ubereats.com/los-angeles/food-delivery/one-veg-world-glendora-ave/uleoa_ECRyy5LEx_W4RGeA,san-dimas-california
https://www.ubereats.com/los-angeles/food-delivery/send-noods/AS64uZ9BSEytI44ecm_WKw,san-dimas-california
https://www.ubereats.com/los-angeles/food-delivery/la-pizza-loca-pomona/76wZEXADQtS98KBi7rEBFw,san-dimas-california
https://www.ubereats.com/los-angeles/food-delivery/subway-1636-west-mission-blvd/DFPjefCoRU2P2CmQ3j4fdw,san-dimas-california
https://www.ubereats.com/los-angeles/food-delivery/jj-boba/13AJ259bTXi94NWhHzMi7A,san-dimas-california
https://www.ubereats.com/los-angeles/food-delivery/mcdonalds-azusa-alosta/e3VzQKaWRZOXHRRjkyoU9w,san-dimas-california
https://www.ubereats.com/los-angeles/food-delivery/kfc-%2311-806-e-alosta-ave/7Z4nmy--S0uKy2j9HAwteg,san-dimas-california
https://www.ubereats.com/los-angeles/food-delivery/mariscos-el-guero/sdHifJmSTX-Fc-zJNORjRA,san-dimas-california
https://www.ubereats.com/los-angeles/food-delivery/lazy-dog-restaurant-%26-bar-west-covina/o7JQfW3ATC-PRYLhM1_PZw,san-dimas-california
https://www.ubereats.com/inland-empire/food-delivery/running-chicken-walnut/y7_3zW6RRDSf1yvQiElzBg,san-dimas-california
https://www.ubereats.com/los-angeles/food-delivery/jack-in-the-box-126-n-azusa-ave/14DrZvDDSbijCPUDJmLITQ,san-dimas-california
https://www.ubereats.com/los-angeles/food-delivery/carls-jr-7369/hmsGYkUERiCkrcbJ3kOxmw,san-dimas-california
https://www.ubereats.com/los-angeles/food-delivery/donut-club/hOpNJWjwSWefDcD8KGDSMg,san-dimas-california
https://www.ubereats.com/los-angeles/food-delivery/mr-ds-diner-919-e-foothill/iTKPt3wFS82pAp6whZMWZw,san-dimas-california
https://www.ubereats.com/los-angeles/food-delivery/two-happy-fish/k4kDmdTYRt6oE2MAFpTb9Q,san-dimas-california
https://www.ubereats.com/inland-empire/food-delivery/dennys-548-w-arrow-hwy/uC006vr5QE-HoO5KzGnPAg,san-dimas-california
https://www.ubereats.com/los-angeles/food-delivery/pf-changs-3445-grand-ave/fW6mtab3QtOmlkQnX0rNAw,san-dimas-california
https://www.ubereats.com/los-angeles/food-delivery/lucky-elephant-thai-cuisine/-9CJB12sRWSwezAiQ3Z9_w,san-dimas-california
https://www.ubereats.com/los-angeles/food-delivery/el-pollo-loco-1405-n-azusa-ave3812/TcAVfj77TxWLnDrBu0Ldhw,san-dimas-california
https://www.ubereats.com/los-angeles/food-delivery/dandana-cafe-and-banquet/Wi4QKbfYQaGkN5iwhIVMCg,san-dimas-california
https://www.ubereats.com/inland-empire/food-delivery/walters-restaurant/acz0Vyl4S-ajAlmlf6wkNA,san-dimas-california
https://www.ubereats.com/inland-empire/food-delivery/its-pho-girls/Ct9qMs0pSNmea7XRx12z5g,san-dimas-california
https://www.ubereats.com/los-angeles/food-delivery/taco-grill/l5rZBLmBRR26dpcLZka8Ow,san-dimas-california
https://www.ubereats.com/los-angeles/food-delivery/menchies-frozen-yogurt-245-n-barranca-st/7GmHhCY9Tw2a6p1bpa1sLQ,san-dimas-california
https://www.ubereats.com/inland-empire/food-delivery/burgerim-969-w-arrow-hwy/SO5hob2FTl-ND3-WD4JwdA,san-dimas-california
https://www.ubereats.com/los-angeles/food-delivery/del-taco-1834-e-route-66/qgvgbSUKR6OGIt2m8vwRhw,san-dimas-california
https://www.ubereats.com/los-angeles/food-delivery/bravo-burgers-pomona/9g6H2P0gRLGsNY-dfjdE3A,san-dimas-california
https://www.ubereats.com/los-angeles/food-delivery/jack-in-the-box-877-e-alosta-ave/lZMdMrgMRYGR_JRX7hnh0Q,san-dimas-california
https://www.ubereats.com/los-angeles/food-delivery/mcdonalds-irwindale/nwwxnllATWeF2VWJve4h3w,san-dimas-california
https://www.ubereats.com/inland-empire/food-delivery/noodle-world-jr-upland/vBnd0xx-S5mRhiWI0P3duQ,san-dimas-california
https://www.ubereats.com/los-angeles/food-delivery/the-reverse-orangutan/Dcj6b9puRQquJX7JNRarqQ,san-dimas-california
https://www.ubereats.com/inland-empire/food-delivery/pick-up-stix-chino-hills/lq6KPMixQamNBnISY3yamQ,san-dimas-california
https://www.ubereats.com/inland-empire/food-delivery/green-island-restaurant/nkxZdhoTR8aThBK9Li8agQ,san-dimas-california
https://www.ubereats.com/los-angeles/food-delivery/the-artist-pizzeria/tVRSTG4lSz-0Xv5iYbeoWQ,san-dimas-california
https://www.ubereats.com/los-angeles/food-delivery/metro-ale-house-%26-grill/sVK-vhtUSym2GMcdPAFN_A,san-dimas-california
https://www.ubereats.com/inland-empire/food-delivery/buffalo-wild-wings-4955-south-montclair-plaza-lane/bN05CWVnR0SF79pr6HbzWQ,san-dimas-california
https://www.ubereats.com/inland-empire/food-delivery/dinos-chicken-and-burgers-arrow-hwy/P1SXqjheQu-HfSKwmW9R9w,san-dimas-california
https://www.ubereats.com/los-angeles/food-delivery/waba-grill-1013-n-grand-ave-covina/9WGFo_FuRpC_PE-VeGmS4w,san-dimas-california
https://www.ubereats.com/los-angeles/food-delivery/encore-teppan/mzjFTuWhT_-0htr16UDFEg,san-dimas-california
https://www.ubereats.com/inland-empire/food-delivery/starbucks-foothill-%26-wheeler-la-verne/5GYMeCSjQUy8RT5NkJ2QCw,san-dimas-california
https://www.ubereats.com/los-angeles/food-delivery/poke-dot/LXzDF4_WTkiA3HLYO3CaNQ,san-dimas-california
https://www.ubereats.com/los-angeles/food-delivery/mcdonalds-irwindale-irwindale-arrow-relo/w8Hs0IlNTDKKbpqHhMwQcg,san-dimas-california
https://www.ubereats.com/inland-empire/food-delivery/riceberry-thai-kitchen/sB8hIkw5SZWREhCfWPbPDQ,san-dimas-california
https://www.ubereats.com/los-angeles/food-delivery/jersey-mikes-2209-e-base-line-rd/vkfJwQI9SJiM_oqfp_7ZCg,san-dimas-california
https://www.ubereats.com/los-angeles/food-delivery/polar-puff-homemade-ice-cream/gV7s2kUNTDiPHEPcbWZ1NA,san-dimas-california
https://www.ubereats.com/los-angeles/food-delivery/burger-king-999-w-arrow-hwy/aZky4d3ZTz-kLFUQ40uoOA,san-dimas-california
https://www.ubereats.com/inland-empire/food-delivery/panera-2315-foothill-blvd/gDQTUjtMQRiE15SDv65R4g,san-dimas-california
https://www.ubereats.com/los-angeles/food-delivery/del-taco-694-w-arrow-hwy/hAn5qr2yQrWUKvSzIdveNQ,san-dimas-california
https://www.ubereats.com/los-angeles/food-delivery/bangkok-bbq/gNTJS7t-QJeEueXDDc9pJg,san-dimas-california
https://www.ubereats.com/los-angeles/food-delivery/mariposa-grill-%26-cantina/0CllbMvLSzKS3P5C0NJSQg,san-dimas-california
https://www.ubereats.com/inland-empire/food-delivery/applebees-674-west-arrow-highway-%2378011/I0m1UN1iRkS0yin3ApeHxg,san-dimas-california
https://www.ubereats.com/los-angeles/food-delivery/green-island-restaurant/nkxZdhoTR8aThBK9Li8agQ,san-dimas-california
https://www.ubereats.com/los-angeles/food-delivery/the-habit-burger-grill-470-n-lone-hill-ave/N_JKYyDQQnCcRYsDNWkBAg,san-dimas-california
https://www.ubereats.com/inland-empire/food-delivery/swad-of-india/Eb0-UZU8SOqeiKv2H0hd3Q,san-dimas-california
https://www.ubereats.com/los-angeles/food-delivery/papa-johns-pizza-glendora/NKLzFTO1Rn2bKsQOqcXkdA,san-dimas-california
https://www.ubereats.com/los-angeles/food-delivery/eddies-italian-eatery/TJHOkbJDRxSEIE-2Zr0fCA,san-dimas-california
https://www.ubereats.com/inland-empire/food-delivery/nekter-juice-bar-san-dimas/XKkjvDO-RnCxZS2FJsL9sQ,san-dimas-california
https://www.ubereats.com/inland-empire/food-delivery/charleys-philly-steaks-covina-square/LmkJxxNPRvaYITJ9kG3FBA,san-dimas-california
https://www.ubereats.com/los-angeles/food-delivery/ihop-1201-foothill-blvd/_swKhhnEQqGqtpuDypm29A,san-dimas-california
https://www.ubereats.com/los-angeles/food-delivery/sweet-savory-cafe-%26-bakery/3oCFka_oTm-CEl4aUwsVkg,san-dimas-california
https://www.ubereats.com/inland-empire/food-delivery/dragon-bowl-z/_UDHtbtdSLynPCPaYGn9-Q,san-dimas-california
https://www.ubereats.com/los-angeles/food-delivery/honolulu-hawaiian-bbq/98QbBCptRrytiUhEX17ZyQ,san-dimas-california
https://www.ubereats.com/inland-empire/food-delivery/curryland/ufqdDiRdTDGagBFl6T5Y0w,san-dimas-california
https://www.ubereats.com/los-angeles/food-delivery/mcdonalds-860-s-indian-hill-blvd/bNQaSHarRx6xydcH6wSFug,san-dimas-california
https://www.ubereats.com/los-angeles/food-delivery/craft-hill-west-covina/K1SusxYdQ_akpf2z3Tl7fQ,san-dimas-california
https://www.ubereats.com/los-angeles/food-delivery/el-pollo-loco-621-n-azusa-ave3437/p5NUyKeURSmocSar-ZoTqg,san-dimas-california
https://www.ubereats.com/inland-empire/food-delivery/yum-yum-donuts-623-s-citrus-ave/CwJpuMuyRuiJrdZoAxOHhg,san-dimas-california
https://www.ubereats.com/inland-empire/food-delivery/starbucks-grand-%26-foothill/ylUhK5FFTzeYJwNylRsZEQ,san-dimas-california
https://www.ubereats.com/los-angeles/food-delivery/sake-roll-sushi-bar/yRMI8wIBRHiih32Py2Iskw,san-dimas-california
https://www.ubereats.com/inland-empire/food-delivery/lazy-dog-restaurant-%26-bar-west-covina/o7JQfW3ATC-PRYLhM1_PZw,san-dimas-california
https://www.ubereats.com/inland-empire/food-delivery/the-poke-co-san-dimas/UZK8uBU_QuCO9QbgIaL8aQ,san-dimas-california
https://www.ubereats.com/los-angeles/food-delivery/lilys-tacos/9M1NcNUzT7a0PXEpEFHuuA,san-dimas-california
https://www.ubereats.com/los-angeles/food-delivery/dickeys-bbq-pit-886-e-alosta-ave/1Em9HxYyQGqqoLXAYw45Hg,san-dimas-california
https://www.ubereats.com/los-angeles/food-delivery/ihop-50-rio-rancho-road/lWb_sdiQSUyHPLP9QYeokg,san-dimas-california
https://www.ubereats.com/inland-empire/food-delivery/the-brick-market-%26-deli/HhunLaSySEi2O3QhUBswGA,san-dimas-california
https://www.ubereats.com/inland-empire/food-delivery/capriottis-sandwich-shop-n-grand-ave/TfqdVID0SpuwTuRkwJzfRg,san-dimas-california
https://www.ubereats.com/los-angeles/food-delivery/panera-1054-west-gladstone-street/HxSxd938Qj-qybkk8UyxuQ,san-dimas-california
https://www.ubereats.com/inland-empire/food-delivery/shima-japanese-restaurant/HN--begtSGa6LwEUz-RVWA,san-dimas-california
https://www.ubereats.com/inland-empire/food-delivery/edible-arrangements-560-w-1st-st/M3wwdv6YScCpyaviDjLrMQ,san-dimas-california
https://www.ubereats.com/los-angeles/food-delivery/capriottis-sandwich-shop-n-grand-ave/TfqdVID0SpuwTuRkwJzfRg,san-dimas-california
https://www.ubereats.com/los-angeles/food-delivery/taco-bell-105-w-arrow-hwy/zGj3ELczToyKN4_NKseexw,san-dimas-california
https://www.ubereats.com/inland-empire/food-delivery/5-stars-hue-walnut/sXkzeAn4QV6GK-mNf88p7Q,san-dimas-california
https://www.ubereats.com/inland-empire/food-delivery/shogun-restaurant-la-verne/pbKO0ATHTO6FkwDzB5ZVbQ,san-dimas-california
https://www.ubereats.com/los-angeles/food-delivery/jersey-mikes-subs-glendora-865-w-route-66/J9OOEog1RXKzD7idvEpw0A,san-dimas-california
https://www.ubereats.com/los-angeles/food-delivery/curryland/ufqdDiRdTDGagBFl6T5Y0w,san-dimas-california
https://www.ubereats.com/los-angeles/food-delivery/burgerim-1240-w-foothill-blvd/TkvJtqB4SnmR0uBSj-BoYQ,san-dimas-california
https://www.ubereats.com/los-angeles/food-delivery/burger-king-1908-south-garey-ave/HBieY-DPRzaU3wvzErOKrA,san-dimas-california
https://www.ubereats.com/los-angeles/food-delivery/queens-kitchen/GioMrtRIQTKVDCOtyzTkdA,san-dimas-california
https://www.ubereats.com/los-angeles/food-delivery/carls-jr-1755-n-indian-hill-blvd/Vpt7klPPTjSlpxricLcCAw,san-dimas-california
https://www.ubereats.com/los-angeles/food-delivery/szechuwan-garden/hU9XrxV7SomNVdWa55hwPw,san-dimas-california
https://www.ubereats.com/los-angeles/food-delivery/old-chengdu-restaurant/BEEVu-VvRaaA3LGxnlTf-w,san-dimas-california
https://www.ubereats.com/los-angeles/food-delivery/subway-728-east-foothill-blvd/3ehPjyqHS0u8N6g_u2YCoA,san-dimas-california
https://www.ubereats.com/inland-empire/food-delivery/firehouse-subs-1610-foothill-blvd/BHhIKYOrRkeVYsHgqH4Wlw,san-dimas-california
https://www.ubereats.com/inland-empire/food-delivery/thai-twist/zwwkfI65TsmRjm_TIYDrsA,san-dimas-california
https://www.ubereats.com/los-angeles/food-delivery/buffalo-wild-wings-4955-south-montclair-plaza-lane/bN05CWVnR0SF79pr6HbzWQ,san-dimas-california
https://www.ubereats.com/los-angeles/food-delivery/panda-express-4021-grand-ave/BRG0VZYhSum1tDyf5OkBTA,san-dimas-california
https://www.ubereats.com/inland-empire/food-delivery/papa-johns-pizza-foothill/6tzbxSAVR2epEV5cmluHKg,san-dimas-california
https://www.ubereats.com/inland-empire/food-delivery/ihop-903-w-arrow-hwy/R1TiYuCoRr-e5tIXzpoWMw,san-dimas-california
https://www.ubereats.com/inland-empire/food-delivery/seafood-and-crawfish/ZvdDoXwIS5SRZNeuUNxJ5Q,san-dimas-california
https://www.ubereats.com/los-angeles/food-delivery/giovannis-covina/BVAnGOdQQNu6o2ZYRTLooQ,san-dimas-california
https://www.ubereats.com/inland-empire/food-delivery/ihop-702-s-citrus-ave/AS6j9DICSLyndnCMKzXcdA,san-dimas-california
https://www.ubereats.com/los-angeles/food-delivery/jasmines-restaurant-%26-hookah-lounge/lS8RcHjpQQa-6vIKzoGzZg,san-dimas-california
https://www.ubereats.com/inland-empire/food-delivery/dollis/0FrOTMy5QAygFKiVrYDgVA,san-dimas-california
https://www.ubereats.com/inland-empire/food-delivery/kfc-2294-n-garey-ave/lLJ1BDdcQeCUOKeX3INK7A,san-dimas-california
https://www.ubereats.com/inland-empire/food-delivery/bangkok-bbq/gNTJS7t-QJeEueXDDc9pJg,san-dimas-california
https://www.ubereats.com/los-angeles/food-delivery/taco-king-e-foothill/LdbjMQdCRHWz2A-BDw0kTA,san-dimas-california
https://www.ubereats.com/los-angeles/food-delivery/chipotle-mexican-grill-785-rio-rancho-rd-ste-300/RuafhhlGTXyY5mLRUNJY1Q,san-dimas-california
https://www.ubereats.com/los-angeles/food-delivery/kungfu-fried-dumpling/_dEn5gDxTeC0pnvu0XL-dg,san-dimas-california
https://www.ubereats.com/los-angeles/food-delivery/mariscos-701/r5X4YgIIQ0ONmlTWy9o8BQ,san-dimas-california
https://www.ubereats.com/los-angeles/food-delivery/starbucks-foothill-%26-lynoak/GpBopYdAQzmvDW1drKTrHw,san-dimas-california
https://www.ubereats.com/los-angeles/food-delivery/chan-kee/hUMkrA1iTxibxwVP0cGoKA,san-dimas-california
https://www.ubereats.com/los-angeles/food-delivery/subway-2112-s-garey-ave/VmbVLqd3Q_-xMYGzlFErwA,san-dimas-california
https://www.ubereats.com/los-angeles/food-delivery/fatburger-1331-s-lone-hill-ave/u1MhGR_pS2yySGezO738WQ,san-dimas-california
https://www.ubereats.com/inland-empire/food-delivery/luizon-mariscos-y-sushi/C6LuT4QjSW2b1m5vORmYSw,san-dimas-california
https://www.ubereats.com/los-angeles/food-delivery/szechuwan-garden/5amCb9fkTIeuT9vHDNYunw,san-dimas-california
https://www.ubereats.com/inland-empire/food-delivery/sj-restaurant/YfJY1NSBTROUmOeWyF6uzA,san-dimas-california
https://www.ubereats.com/los-angeles/food-delivery/juice-it-up!-upland-foothill-n-mountain-ave/0bmQPfE_TWqABFa_G0S8Pw,san-dimas-california
https://www.ubereats.com/los-angeles/food-delivery/ezze-sushi/HANuFuapSpue6uQ4NuPVmw,san-dimas-california
https://www.ubereats.com/los-angeles/food-delivery/tacos-gavilan-west-covina/9NxMcSw9TWmaRZBEUh27AA,san-dimas-california
https://www.ubereats.com/los-angeles/food-delivery/mcdonalds-4525-mission-blvd/cOdO8eXBQcS1TqGB6_rDOQ,san-dimas-california
https://www.ubereats.com/los-angeles/food-delivery/ten-rens-tea-time-walnut-grand-%26-valley/B9T2HGdDSWSzHlE_4lHd7w,san-dimas-california
https://www.ubereats.com/los-angeles/food-delivery/del-taco-1398-foothill-blvd/3kAHr5JwT8qMKW_ywQroBw,san-dimas-california
https://www.ubereats.com/los-angeles/food-delivery/ahi-hawaiian-bbq-west-covina/BLDWgvl2TcKR02Vx1qzsLA,san-dimas-california
https://www.ubereats.com/inland-empire/food-delivery/pizza-flats/gw-pq3Y0Q7uBBL91RiQ8gQ,san-dimas-california
https://www.ubereats.com/los-angeles/food-delivery/jersey-mikes-subs-west-covina-2536-e-workman-ave/fZto-h3wTgSU-c82XtlHFQ,san-dimas-california
https://www.ubereats.com/los-angeles/food-delivery/tasty-goody-upland/yJBXbHBrRYWJl6APBlWJtQ,san-dimas-california
https://www.ubereats.com/inland-empire/food-delivery/cafe-wang-chinese-fusion-%26-bar/_qDiarf2Rb6vQfN_NcVuiw,san-dimas-california
https://www.ubereats.com/los-angeles/food-delivery/el-pollo-loco-21610-valley-blvd6028/bXUoTqjrTBWVFJ40j0q6PA,san-dimas-california
https://www.ubereats.com/los-angeles/food-delivery/jamba-juice-175-n-indian-hill-blvd-ste-101-b/RtBeCNYPRF66KWBptsksQw,san-dimas-california
https://www.ubereats.com/inland-empire/food-delivery/kfc-%2311-806-e-alosta-ave/7Z4nmy--S0uKy2j9HAwteg,san-dimas-california
https://www.ubereats.com/los-angeles/food-delivery/yureka-cafe/tyL2orpAT_O72ds-_CPWJA,san-dimas-california
https://www.ubereats.com/inland-empire/food-delivery/bionicos/gWJ71hFxR32CJoB6QvVdEw,san-dimas-california
https://www.ubereats.com/los-angeles/food-delivery/firehouse-subs-3808-grand-ave-ste-a/PJt-UdKVRCyPoy2-VukmHw,san-dimas-california
https://www.ubereats.com/inland-empire/food-delivery/bravo-burgers-pomona/9g6H2P0gRLGsNY-dfjdE3A,san-dimas-california
https://www.ubereats.com/inland-empire/food-delivery/castanedas-mexican-food-asuza-ca/TYW1ARiMTK6XI9sqpOlJ-A,san-dimas-california
https://www.ubereats.com/los-angeles/food-delivery/del-taco-445-w-foothill-blvd/QvJDs209SQmFkxUn2zoVaw,san-dimas-california
https://www.ubereats.com/los-angeles/food-delivery/panda-express-covina-980-e-badillo-st/2gp85XckTt28fCO8T9-kcA,san-dimas-california
https://www.ubereats.com/inland-empire/food-delivery/kfc-1057-n-grand-ave/BbHoythNSl61aAkf5AVzyQ,san-dimas-california
https://www.ubereats.com/los-angeles/food-delivery/panda-express-751-rio-rancho-rd/3GUNGUe1THqDxenua4hapA,san-dimas-california
https://www.ubereats.com/los-angeles/food-delivery/pozzetto-italian-dining/VLaKgUhySauGMCCEyHVVvQ,san-dimas-california
https://www.ubereats.com/los-angeles/food-delivery/yogurtland-101-n-indian-hill-blvd-ste-103/6Q7zv_zCQKmv4EQ93sWjUg,san-dimas-california
https://www.ubereats.com/los-angeles/food-delivery/hamiltons-steak-house/zqVNnTmFRjGrMFKoUudpxw,san-dimas-california
https://www.ubereats.com/inland-empire/food-delivery/starbucks-citrus-%26-rowland/q61goqWnSAWBEvgx0fRxqg,san-dimas-california
https://www.ubereats.com/inland-empire/food-delivery/toms-famous-family-restaurant-%2312/QDahk6SSTcmKy94Aa3EZzQ,san-dimas-california
https://www.ubereats.com/los-angeles/food-delivery/okami-ramen/-zbo2sM_Rf2QBjzDWsCtdw,san-dimas-california
https://www.ubereats.com/inland-empire/food-delivery/pasquallys-pizza-%26-wings-601-azura/VMbsQ87NS0-jnf7RM74EPw,san-dimas-california
https://www.ubereats.com/los-angeles/food-delivery/eden-garden-cafe/0FeDSyJSQz6JQs5rOHy81A,san-dimas-california
https://www.ubereats.com/los-angeles/food-delivery/the-original-gluten-free-place-glendora/tQMcIrNxTHCYLHM0poEzUg,san-dimas-california
https://www.ubereats.com/los-angeles/food-delivery/el-pollo-loco-1006-w-arrow-hwy5984/ZSZfvyxsRm-MPblQEyZwiw,san-dimas-california
https://www.ubereats.com/los-angeles/food-delivery/cafe-x2o-claremont/e8-LAgdxRYWRzkZ-ui54LQ,san-dimas-california
https://www.ubereats.com/los-angeles/food-delivery/tacos-mexico-pomona-ca/6PUMoundTCSaeRPzg9zjkg,san-dimas-california
https://www.ubereats.com/los-angeles/food-delivery/el-bukanas-restaurant/Yr8piQCCSauFkHPz-_MU4g,san-dimas-california
https://www.ubereats.com/los-angeles/food-delivery/palermo-cafe-and-bakery/IYmLuOu7TBq9gCu3_QxQ1g,san-dimas-california
https://www.ubereats.com/los-angeles/food-delivery/mj-cafe-%26-tea-house-walnut/3DOD3I5eT4-3JOhsRDH1-Q,san-dimas-california
https://www.ubereats.com/los-angeles/food-delivery/los-cebollines-food-truck/0gnrgH8gQ1-fNstfTegPwA,san-dimas-california
https://www.ubereats.com/los-angeles/food-delivery/del-taco-106-s-azusa-ave/mC7cBlQIS2uDdBS02KSnyg,san-dimas-california
https://www.ubereats.com/los-angeles/food-delivery/robeks-fresh-juices-%26-smoothies-1365-e-gladstone-st-ste-400/SaIzyY-iRc60JdaEGRkcCQ,san-dimas-california
https://www.ubereats.com/los-angeles/food-delivery/menkoi-ya-ramen/G2Ce6VbKSOK9Cddb6UdMWQ,san-dimas-california
https://www.ubereats.com/los-angeles/food-delivery/sj-restaurant/YfJY1NSBTROUmOeWyF6uzA,san-dimas-california
https://www.ubereats.com/los-angeles/food-delivery/nekter-juice-bar-1118-south-diamond-blvd/AU4GKV4aRtCuEJvbmIGYRg,san-dimas-california
https://www.ubereats.com/los-angeles/food-delivery/sonic-40-rio-rancho-road/ReVr5d4FSAGIIKHxhS4qJg,san-dimas-california
https://www.ubereats.com/los-angeles/food-delivery/class-one-donuts/AqVov-axRWy3hNCsHUxP1A,san-dimas-california
https://www.ubereats.com/los-angeles/food-delivery/toms-famous-family-restaurant-%2318/RcpMDeYSTxOUnYRiVnTNng,san-dimas-california
https://www.ubereats.com/los-angeles/food-delivery/the-habit-burger-grill-257-s-diamond-bar-blvd/gl3DuAIZS2mLBTBriysTsQ,san-dimas-california
https://www.ubereats.com/los-angeles/food-delivery/jack-in-the-box-1125-w-arrow-hwy/hw7Kw5tyQTiLUTWNN4uWEg,san-dimas-california
https://www.ubereats.com/los-angeles/food-delivery/benihana-city-center/L5BapKhyQ4mnHTk8d5MEsg,san-dimas-california
https://www.ubereats.com/los-angeles/food-delivery/happy-wok/u5quiYzwSsGYzv46ORwKyQ,san-dimas-california
https://www.ubereats.com/los-angeles/food-delivery/the-artist-pizzeria/YfP2M67LQWuiMWaJJCdtKA,san-dimas-california
https://www.ubereats.com/los-angeles/food-delivery/starbucks-grand-ave-%26-cypress/ON_0F-gBQkywnIFiwuZ58w,san-dimas-california
https://www.ubereats.com/los-angeles/food-delivery/its-pho-girls/Ct9qMs0pSNmea7XRx12z5g,san-dimas-california
https://www.ubereats.com/los-angeles/food-delivery/mcdonalds-30-rio-rancho-road/6wuuHyJzRTGF85eLaaYNqQ,san-dimas-california
https://www.ubereats.com/los-angeles/food-delivery/bjs-restaurant-%26-brewhouse-2917-eastland-center-drive/sbWTaCFDRtuWD_J0j6hFNw,san-dimas-california
https://www.ubereats.com/los-angeles/food-delivery/spice-affairs/F74tpUCUR1qe5Qp5GVcHJQ,san-dimas-california
https://www.ubereats.com/inland-empire/food-delivery/sing-hui-dim-sum-kitchen/hB73csRHQCOlGeisFsXlTQ,san-dimas-california
https://www.ubereats.com/los-angeles/food-delivery/panda-express-san-dimas-508-n-lone-hill-ave/u719aXJBTQKxAr5bfxGzOA,san-dimas-california
https://www.ubereats.com/los-angeles/food-delivery/del-taco-2071-rancho-valley-drive-%23100/9ItwrtCjSl65YJTVq4sZBw,san-dimas-california
https://www.ubereats.com/inland-empire/food-delivery/robertas-village-inn/5m8XYOj6T4ql5kkI9e32Cg,san-dimas-california
https://www.ubereats.com/los-angeles/food-delivery/wienerschnitzel-23300-sunset-crossing-rd/bG7xvYN8QXC0wF4DTTh8jA,san-dimas-california
https://www.ubereats.com/los-angeles/food-delivery/chipotle-mexican-grill-21710-valley-blvd-ste-a/BJrSOgLTRqeIcGZqiWbCsA,san-dimas-california
https://www.ubereats.com/inland-empire/food-delivery/kaiju-noodle-house/w-1dAUk7SRuP_FHN_rJ4Zg,san-dimas-california
https://www.ubereats.com/los-angeles/food-delivery/mcdonalds-laverne-foothill/qPJ9oSH3QD2ELWTxrjVOwg,san-dimas-california
https://www.ubereats.com/los-angeles/food-delivery/waba-grill-1194-grand-ave-diamond-bar/uN0r8YibRvyHc5ErWOEU5g,san-dimas-california
https://www.ubereats.com/los-angeles/food-delivery/angelos-burgers-pomona/rxbVlhlnSA6TFmq-Ts8rqQ,san-dimas-california
https://www.ubereats.com/los-angeles/food-delivery/blaze-pizza-2416-foothill-blvd/3eLCdGrvRyC-bTOhNgUI9g,san-dimas-california
