url,city
https://www.ubereats.com/santa-fe/food-delivery/boultawns-bakery-cafe-and-gallery/fkF97wpWT5etZeqITV91cg,santa-fe
https://www.ubereats.com/santa-fe/food-delivery/santa-fe-bbq/96MANBMSQAqAKCVw31-bDA,santa-fe
https://www.ubereats.com/santa-fe/food-delivery/schlotzskys-deli-cerrillos-rd/BVIfbrCfSRKNhJPxV8ptxQ,santa-fe
https://www.ubereats.com/santa-fe/food-delivery/mcdonalds-1007-so-st-francis-drive/clP8hHODT4S1L0HKZkeYfQ,santa-fe
https://www.ubereats.com/santa-fe/food-delivery/brunos/ioeDE_rRQ_SRyk-hnyXy3A,santa-fe
https://www.ubereats.com/santa-fe/food-delivery/starbucks-st-francis-%26-cerrillos/1o5w12jpS0KAtTM7ehdljw,santa-fe
https://www.ubereats.com/santa-fe/food-delivery/iconik-coffee-roasters-lupe/9NFGrqc9R3icncA_mKEmPA,santa-fe
https://www.ubereats.com/santa-fe/food-delivery/uncle-dts-smokehouse/_sQf5CiOS4epBFrNkD9OPw,santa-fe
https://www.ubereats.com/santa-fe/food-delivery/restaurant-el-salvadoreno/w58gkBzUTYq8UG7ZYsTT2Q,santa-fe
https://www.ubereats.com/santa-fe/food-delivery/five-guys-nm-0677-3522-zafarano-dr/t8ChdPsJRZqF7vQd0RHV5Q,santa-fe
https://www.ubereats.com/santa-fe/food-delivery/outback-steakhouse-4250-cerrilos-road-suite-2050/gS75_iJXTISiEia5CQGhow,santa-fe
https://www.ubereats.com/santa-fe/food-delivery/kfc-3295-cerrillos-road/LfBfUdazQemjkuXgNpXg8g,santa-fe
https://www.ubereats.com/santa-fe/food-delivery/subway-3251-cerrillos-rd/HV7K12vJR4i5IBgWKmzUXQ,santa-fe
https://www.ubereats.com/santa-fe/food-delivery/pizzeria-espiritu/tlhK8dSvR6iv4cfWb97GrA,santa-fe
https://www.ubereats.com/santa-fe/food-delivery/rice-village/ozZyVgawRTyFgbId9udNeA,santa-fe
https://www.ubereats.com/santa-fe/food-delivery/il-piatto-italian-farmhouse-kitchen/A4B_Q7mARwOXe1luItHm8g,santa-fe
https://www.ubereats.com/santa-fe/food-delivery/arbys-3267-cerrillos-rd/YPhMYuCNSGyCHROlVDX1nA,santa-fe
https://www.ubereats.com/santa-fe/food-delivery/puerto-penasco-restaurant/uGwicgANSiecHmYmJ8y7cw,santa-fe
https://www.ubereats.com/santa-fe/food-delivery/chipotle-mexican-grill-1001-s-saint-francis-dr/clCXb3-aSoyi-jzo94z21g,santa-fe
https://www.ubereats.com/santa-fe/food-delivery/sonic-1721-saint-michaels-drive/p8y1N_MkQ9OgyR8U03vY3w,santa-fe
https://www.ubereats.com/santa-fe/food-delivery/burger-king-3478-zafarano-drive/On5YcILVTKWvG9x7Boxhjg,santa-fe
https://www.ubereats.com/santa-fe/food-delivery/renewal-life-bar/MAwUqbOtTm2RnkrI0ZGUJA,santa-fe
https://www.ubereats.com/santa-fe/food-delivery/yin-yang-chinese-restaurant/rNVUHPPYQ3ihsYbk9FZYqQ,santa-fe
https://www.ubereats.com/santa-fe/food-delivery/thai-cafe-%26-noodle-treats/UL3bJT4STbGFc2G0MFO5Lw,santa-fe
https://www.ubereats.com/santa-fe/food-delivery/terra-verde-organic/BvC8wrVqR_6H4HEFqRbEJw,santa-fe
https://www.ubereats.com/santa-fe/food-delivery/subway-1911-saint-michaels-dr-ste-b/aNkjTpmoRbK7wVre1RkKdQ,santa-fe
https://www.ubereats.com/santa-fe/food-delivery/felipes-tacos/p0KcxBmRQTakP2XC6h3zpQ,santa-fe
https://www.ubereats.com/santa-fe/food-delivery/starbucks-cerrillos-%26-zafarano-santa-fe/Pa0CZdeyQp6ElpTTcLQ4qg,santa-fe
https://www.ubereats.com/santa-fe/food-delivery/paleteria-oasis/_t6AOM8xQYKRn--EVImxpQ,santa-fe
https://www.ubereats.com/santa-fe/food-delivery/lonchera-la-fe/XPdwGgRSQuy8wVSq0pEchQ,santa-fe
https://www.ubereats.com/santa-fe/food-delivery/subway-4350-airport-rd-ste-10/A-RCX3OXSVeKvWoaklQvMQ,santa-fe
https://www.ubereats.com/santa-fe/food-delivery/joes-dining/R4vzgPzNQFa89uNAy3Mo-g,santa-fe
https://www.ubereats.com/santa-fe/food-delivery/pizza-9/M1TqUDxBTEO2DHrpCG888Q,santa-fe
https://www.ubereats.com/santa-fe/food-delivery/wendys-3151-cerrillos-road/cFYXpqEfSPmVysgGmSuimw,santa-fe
https://www.ubereats.com/santa-fe/food-delivery/mamunia/UAAMwU-gQOKUf2psJ4w1CA,santa-fe
https://www.ubereats.com/santa-fe/food-delivery/alicias-tortilleria/2zXF6aIHTVi5gB8feyIdOQ,santa-fe
https://www.ubereats.com/santa-fe/food-delivery/dumpling-tea/Wmxv_9aBTienaxKVWEIWwQ,santa-fe
https://www.ubereats.com/santa-fe/food-delivery/subway-554-n-guadalupe-st-unit-h0m/ce6EOzYlQN-BFlj3XQD48w,santa-fe
https://www.ubereats.com/santa-fe/food-delivery/taco-bell-3029-cerrillos-road/YElzgSZKQMii8zNUStmtPQ,santa-fe
https://www.ubereats.com/santa-fe/food-delivery/panda-express-500-n-guadalupe/7klRd1RyR-2H4fqHgWBg2A,santa-fe
https://www.ubereats.com/santa-fe/food-delivery/papa-murphys-3005-south-st-francis-drive/GkT0zFDdS2GUZwOBdziXHA,santa-fe
https://www.ubereats.com/santa-fe/food-delivery/posas-zafarano/-H58UbogS12NX7MyhczEjQ,santa-fe
https://www.ubereats.com/santa-fe/food-delivery/lucky-goat/DJTh7JKcSJ2Q0e56JH9FuQ,santa-fe
https://www.ubereats.com/santa-fe/food-delivery/la-pina-loka/4hf7BI1mQSKQKYAsyJm1QQ,santa-fe
https://www.ubereats.com/santa-fe/food-delivery/the-chocolate-maven/od0aWeKIT82MV2N7BgtnqA,santa-fe
https://www.ubereats.com/santa-fe/food-delivery/sonic-4042-cerrillos-rd/gqCAsVneRf6Xt-2kkKPY-A,santa-fe
https://www.ubereats.com/santa-fe/food-delivery/applebees-4246-cerrillos-road-%2384072/9B9aMLwgTZGTf6b2iGU0ow,santa-fe
https://www.ubereats.com/santa-fe/food-delivery/la-fogata-grill/HGSDt5w6QauMIPvI_r_WAQ,santa-fe
https://www.ubereats.com/santa-fe/food-delivery/churchs-chicken-2774-sawmill-road/gSIReG4ORdWoqgIbnQggbA,santa-fe
https://www.ubereats.com/santa-fe/food-delivery/firehouse-subs-3777-cerrillos-rd/0rMGpAWrSi6GMPYFWAckXQ,santa-fe
https://www.ubereats.com/santa-fe/food-delivery/pizza-centro-cerrillos/qzGyRd2dRXCfXNBKUfngHA,santa-fe
https://www.ubereats.com/santa-fe/food-delivery/burger-king-100-north-saint-francis-drive/TEkVEMxRRq2SnMnFEw-Y5w,santa-fe
https://www.ubereats.com/santa-fe/food-delivery/caffe-greco/XO5UkdM9Qwa9GWC15hJglQ,santa-fe
https://www.ubereats.com/santa-fe/food-delivery/pizza-centro-zafarano/gQZGh3eEQ62bjPQ0Ja0I5w,santa-fe
https://www.ubereats.com/santa-fe/food-delivery/tecolote-cafe/0zb3fzrXTZ6B0weZqm17_Q,santa-fe
https://www.ubereats.com/santa-fe/food-delivery/santa-fe-bbq/9maBsH8eQrataJ1A1FTekQ,santa-fe
https://www.ubereats.com/santa-fe/food-delivery/furrs-fresh-buffet-santa-fe/Htt_XBT5SXyQnvZW5PDmqw,santa-fe
https://www.ubereats.com/santa-fe/food-delivery/dennys-3004-cerrillos-rd/ufIuWwlpRSKMRuZPoBi9jA,santa-fe
https://www.ubereats.com/santa-fe/food-delivery/zaragoza-bakery/Er4m52eSQLqMjtzeFm3g5w,santa-fe
https://www.ubereats.com/santa-fe/food-delivery/wendys-2774-sawmill-road/OXXucViISJ6eOe4HrYCK_Q,santa-fe
https://www.ubereats.com/santa-fe/food-delivery/subway-540-w-cordova-rd/7bf4DeEqRVS84ZL7XZ15TA,santa-fe
https://www.ubereats.com/santa-fe/food-delivery/tribes-coffee-house/VDqZruD_RwiISa6QJTNG1A,santa-fe
https://www.ubereats.com/santa-fe/food-delivery/taco-bell-1201-cerrillos-road/9h1te5qXQEiNqgwacYuuUw,santa-fe
https://www.ubereats.com/santa-fe/food-delivery/el-milagro-restaurant/1efkcCCPS7uoZJLLnQsl2g,santa-fe
https://www.ubereats.com/santa-fe/food-delivery/ihop-3301-cerrillos-rd/1ucLiR3IS_GZ-bIbZVnJdg,santa-fe
https://www.ubereats.com/santa-fe/food-delivery/panda-express-3522-zafarano-dr-suite-f1/c8su9BlkQ3-lDfFLltR4mw,santa-fe
https://www.ubereats.com/santa-fe/food-delivery/buffalo-wild-wings-3501-zafarano-dr/Ox0L8ClVQp21-U-dLuHBFA,santa-fe
https://www.ubereats.com/santa-fe/food-delivery/iconik-coffee-roasters-lena/LRny7o6qT0mvPWgW5X9EVw,santa-fe
https://www.ubereats.com/santa-fe/food-delivery/crepas-oh/gNjwk9pETs-ks5svEqPbjw,santa-fe
https://www.ubereats.com/santa-fe/food-delivery/carls-jr-1640-st-michaels-dr/hPYQMnn8SKSKcwRA5dMK3Q,santa-fe
https://www.ubereats.com/santa-fe/food-delivery/dr-field-goods-kitchen/PWsDk60wSSi3X6zeneqz0Q,santa-fe
https://www.ubereats.com/santa-fe/food-delivery/red-lobster-4450-rodeo-road/57CBUdTJTVKS764aKF21iA,santa-fe
https://www.ubereats.com/santa-fe/food-delivery/el-paisano-supermarkets/U7OYxK31TjauDVks7zY6nA,santa-fe
https://www.ubereats.com/santa-fe/food-delivery/whoos-donuts/WWxkfQe4SYumMWZMUB1DLw,santa-fe
https://www.ubereats.com/santa-fe/food-delivery/santa-fe-oxygen-and-healing-bar-apothecary/leeEnzC6QZyVBcgkVvNAQg,santa-fe
https://www.ubereats.com/santa-fe/food-delivery/burger-king-1621-llano-street/2taKj8BER1qsFDG9IYCC5w,santa-fe
https://www.ubereats.com/santa-fe/food-delivery/sonic-2861-cerrillos-road/_uut47yETVWK-ZgFaOuI9w,santa-fe
https://www.ubereats.com/santa-fe/food-delivery/the-kitchen-window/2BcGLhBRRtyjNtvRsGv8OQ,santa-fe
https://www.ubereats.com/santa-fe/food-delivery/mcdonalds-1621-pacheco-st/gAGbA9baT-aXDysERlJpMA,santa-fe
https://www.ubereats.com/santa-fe/food-delivery/raaga-go/rD4n7huST0OQOv4BkMrbDA,santa-fe
