url,city
https://www.ubereats.com/chicago/food-delivery/waldo-cooneys-pizza-lansing/52p0nTGSQiiSvjbF2K5-1Q,sauk-village-illinois
https://www.ubereats.com/chicago/food-delivery/mcdonalds-halsted-%26-vollmer/eyT_uZuSSP6dka62S6yrGw,sauk-village-illinois
https://www.ubereats.com/chicago/food-delivery/burger-king-1326-e-steger-rd/ZhTKJOkIR3-O3zkR3XTMXg,sauk-village-illinois
https://www.ubereats.com/chicago/food-delivery/burger-king-18156-south-torrence-avenue/LnR_uEpLT_i-lJvJekjx7w,sauk-village-illinois
https://www.ubereats.com/chicago/food-delivery/glenwood-oaks-bar-%26-grill/vusvQf6bQyqi7qiPZUSTdA,sauk-village-illinois
https://www.ubereats.com/chicago/food-delivery/bambinos-family-restaurant/y0ynDPf4RHqOQJIZHrjhfA,sauk-village-illinois
https://www.ubereats.com/chicago/food-delivery/panda-express-700-e-tri-state-tollway/_e05RmQgS8CK4a7Nh_GBKw,sauk-village-illinois
https://www.ubereats.com/chicago/food-delivery/burrito-station-211-s-halsted-st/Ci1go77OR46ZDSkFTDTPOg,sauk-village-illinois
https://www.ubereats.com/chicago/food-delivery/portillos-hot-dogs-17500-s-halsted-street/EqCymuuJRvqaI987WFyevQ,sauk-village-illinois
https://www.ubereats.com/chicago/food-delivery/vida-tacos/mYpLvRr2RHaRVpTw0ik6mg,sauk-village-illinois
https://www.ubereats.com/chicago/food-delivery/mr-burrito-%232/POWoDpMOS4SyIbddqXG53A,sauk-village-illinois
https://www.ubereats.com/chicago/food-delivery/balagio-ristorante-dixie/G-8mGol0SeKFPgDnI2yLxQ,sauk-village-illinois
https://www.ubereats.com/chicago/food-delivery/sharks-fish-%26-chicken-lansing/XnfZMb6UQgGwuzLRjHt6Ew,sauk-village-illinois
https://www.ubereats.com/chicago/food-delivery/boston-market-17855-s-halsted-st/g_9zM2EsT0KEZRHbcOj-sg,sauk-village-illinois
https://www.ubereats.com/chicago/food-delivery/hardys-fish-%26-chicken-crete/5oW9YEZlRsGuFbRoRefGpQ,sauk-village-illinois
https://www.ubereats.com/chicago/food-delivery/rubys-restaurant/4_iSrQGBQbeiLVCN66vtMg,sauk-village-illinois
https://www.ubereats.com/chicago/food-delivery/fratellos-s-halsted/oOtFwsarRQGEefrEvRoPQQ,sauk-village-illinois
https://www.ubereats.com/chicago/food-delivery/kfc-4349-e-211th-street/BE_ciRSJTqO8B66me-SpqQ,sauk-village-illinois
https://www.ubereats.com/chicago/food-delivery/flavours-seafood-bar/1KYdJOLCSqSLbzvnhTkJQw,sauk-village-illinois
https://www.ubereats.com/chicago/food-delivery/super-jj-fish-%26-chicken/600FWKZmRIGPhpkm1c-tNw,sauk-village-illinois
https://www.ubereats.com/chicago/food-delivery/brick-oven-pizza/e55NxtOjT-qHPbFkJsaCLw,sauk-village-illinois
https://www.ubereats.com/chicago/food-delivery/schoops-hamburgers-calumet-city/9D0DO1UETRe76EfAtVE8cg,sauk-village-illinois
https://www.ubereats.com/chicago/food-delivery/browns-chicken-chicago-heights/5Ob1iK13Te--Ept8ET9NbA,sauk-village-illinois
https://www.ubereats.com/chicago/food-delivery/buffalo-wild-wings-3720-ridge-rd/DfFVH1PFQYmzmcXTSGz3WQ,sauk-village-illinois
https://www.ubereats.com/chicago/food-delivery/taco-bell-23210-volbrecht-rd/65i_w1OSSXqMUp-6WkMDVQ,sauk-village-illinois
https://www.ubereats.com/chicago/food-delivery/kfc-3029-south-chicago-road/lfy19gscTcG9upb7sxy19Q,sauk-village-illinois
https://www.ubereats.com/chicago/food-delivery/blue-sharks/9BIEXGVPTCuowmHgxX4k5Q,sauk-village-illinois
https://www.ubereats.com/chicago/food-delivery/gradys-diner/dIh5NUWSTP6oWKmtoLojsg,sauk-village-illinois
https://www.ubereats.com/chicago/food-delivery/taco-bell-413-sauk-trail/LJrcb1iXSliGvWR0ZXxosQ,sauk-village-illinois
https://www.ubereats.com/chicago/food-delivery/subway-torrence/UWHCnpoLRBaLEmPygfIRMg,sauk-village-illinois
https://www.ubereats.com/chicago/food-delivery/wendys-18257-s-halsted-st/YBZ7MypWT8uMdj6egWXEnQ,sauk-village-illinois
https://www.ubereats.com/chicago/food-delivery/ihop-173rd-st-%26-torrence/Z45TsLdIQ3KA2kYiT-hqOw,sauk-village-illinois
https://www.ubereats.com/chicago/food-delivery/burrito-station-33-w-sauk-trail/nFoN1-1WTOeDSc4CP6pCbA,sauk-village-illinois
https://www.ubereats.com/chicago/food-delivery/pepes-chicago-heights/J7SihHifR1qowWaXfVq5EA,sauk-village-illinois
https://www.ubereats.com/chicago/food-delivery/round-the-clock/B5AiDtF-SmWgF4Wr3oI9UQ,sauk-village-illinois
https://www.ubereats.com/chicago/food-delivery/china-chef/iz3J9AJCSd28QEX6EwITQQ,sauk-village-illinois
https://www.ubereats.com/chicago/food-delivery/tillys-pit-and-pub/Pe5BJvIcSvWQkAr56RsZ3Q,sauk-village-illinois
https://www.ubereats.com/chicago/food-delivery/jerk-n-go/ulsHcy_XQlaaqoXWRygZ6g,sauk-village-illinois
https://www.ubereats.com/chicago/food-delivery/gracies-lucky-burrito-ii/iZy1r_0ITNO4UjZgvGsnAQ,sauk-village-illinois
https://www.ubereats.com/chicago/food-delivery/burger-king-18401-s-halsted-st/i5QvMJfQSgWX_90iUR8fxA,sauk-village-illinois
https://www.ubereats.com/chicago/food-delivery/schoops-hamburgers-monee-in/lCdJuLCYSEqbkdoxP5Wg7Q,sauk-village-illinois
https://www.ubereats.com/chicago/food-delivery/dukes-fish-and-chicken/BUyCicS2SRWvfZmuvNOiUg,sauk-village-illinois
https://www.ubereats.com/chicago/food-delivery/dunkin-120-n-halsted-st/KlGJL5L0QKKz-GDe6ss1JA,sauk-village-illinois
https://www.ubereats.com/chicago/food-delivery/cabo-san-lucas-grill/5RQDetRQSOOQSo_6-Jhl1Q,sauk-village-illinois
https://www.ubereats.com/chicago/food-delivery/gyros-express-steger/OIoBkBP-TU-IminSaPo9rA,sauk-village-illinois
https://www.ubereats.com/chicago/food-delivery/flavor-restaurant/7S_KzhGlTMapP8AxCZsB9w,sauk-village-illinois
https://www.ubereats.com/chicago/food-delivery/stacks-dixie-hwy/6_eFSId2RQiEQ1-HUXJU5g,sauk-village-illinois
https://www.ubereats.com/chicago/food-delivery/bens-soft-pretzels-3800-vollmer-rd/Bb0NxwtVTgqbQJBHL2F3IQ,sauk-village-illinois
https://www.ubereats.com/chicago/food-delivery/jj-fish-%26-chicken-chicago-heights/UNYFA8PXR---uIINXh-yVg,sauk-village-illinois
https://www.ubereats.com/chicago/food-delivery/the-great-american-bagel/F_AQwHjPRuqg7Eq6FlIHlw,sauk-village-illinois
https://www.ubereats.com/chicago/food-delivery/hometown-gyros-sauk-village/twhZu3gdQ8Cr7YjI0s4r5w,sauk-village-illinois
https://www.ubereats.com/chicago/food-delivery/shellys-pancake-house/EiAZx6F3Q_-hy3tMs4a3SQ,sauk-village-illinois
https://www.ubereats.com/chicago/food-delivery/dunkin-3937-sauk-trl/RxO0UhX0R3CNztRu-SZDyw,sauk-village-illinois
https://www.ubereats.com/chicago/food-delivery/marcus-theatre-chicago-heights/R0N-KFETReOtNSabTdJjFw,sauk-village-illinois
https://www.ubereats.com/chicago/food-delivery/panda-express-17932-halsted-st/CRvgHK4bRmesTSCBKORFAQ,sauk-village-illinois
https://www.ubereats.com/chicago/food-delivery/al-shaunys-back-of-the-house/Ki7ol8mfSeSGIpxA-TG0NQ,sauk-village-illinois
https://www.ubereats.com/chicago/food-delivery/la-fondita/41xtJA4iQ7GyS75iqXmYWw,sauk-village-illinois
https://www.ubereats.com/chicago/food-delivery/enzos/-sWqtOSZTwmjfB7pypp2wA,sauk-village-illinois
https://www.ubereats.com/chicago/food-delivery/krazy-hog-barbecue/B6kKk44yTGeFhQwqRGmAIw,sauk-village-illinois
https://www.ubereats.com/chicago/food-delivery/shugga-shack/rq0gg3B8T2-G9oAyC4j4Xg,sauk-village-illinois
https://www.ubereats.com/chicago/food-delivery/dunkin-17579-halsted-st/JerMYzmISueXVZ2R5cj-JA,sauk-village-illinois
https://www.ubereats.com/chicago/food-delivery/rosatis-pizza-matteson/pr59GCtsTUCZuz0VIRuGig,sauk-village-illinois
https://www.ubereats.com/chicago/food-delivery/red-snapper-fish-and-chicken-4728-lincoln-hwy/hnja5CMlRauPFZLluFjAtQ,sauk-village-illinois
https://www.ubereats.com/chicago/food-delivery/harolds-chicken-halsted-%26-ridge/b-jVXW8fSfaX-vaIXx3LAA,sauk-village-illinois
https://www.ubereats.com/chicago/food-delivery/kennys-ribs-%26-chicken-lansing/pEYO0TXgT_CTtqlvh39aUA,sauk-village-illinois
https://www.ubereats.com/chicago/food-delivery/the-hook-fish-grill-chicken/ack5CqEKSbe72697SF-6zA,sauk-village-illinois
https://www.ubereats.com/chicago/food-delivery/panda-express-lincoln-%26-homeland/Zarq1PxwS1Sl4FrnZttQow,sauk-village-illinois
https://www.ubereats.com/chicago/food-delivery/fannie-may-homewood/ZqNsUcS3QkOvdmC3TBQj9w,sauk-village-illinois
https://www.ubereats.com/chicago/food-delivery/captain-hooks/5pk6tVlyQhSwcmXQ4il46w,sauk-village-illinois
https://www.ubereats.com/chicago/food-delivery/benzinos-crab-trap-chicago/Y7DkpY5dS6yG13uDB0g_FA,sauk-village-illinois
https://www.ubereats.com/chicago/food-delivery/red-lobster-3915-west-211th-street/Jmc_Xxv_T92VtN6k5T16SQ,sauk-village-illinois
https://www.ubereats.com/chicago/food-delivery/sharks-fish-%26-chicken/hS0EyAvAQiaBXt0CuHHA6w,sauk-village-illinois
https://www.ubereats.com/chicago/food-delivery/mcdonalds-211th-st-%26-crawford/4siNDm6ORUWOTy9w8yIwwg,sauk-village-illinois
https://www.ubereats.com/chicago/food-delivery/br-bar-dining-and-dancing/izbWGCVdTrG8-MOgeVmIpA,sauk-village-illinois
https://www.ubereats.com/chicago/food-delivery/champions-ii-bbq/lBs8PF_uSnKhuSo0Sp6jhA,sauk-village-illinois
https://www.ubereats.com/chicago/food-delivery/jjs-fish-%26-chicken-190-s-halsted/ZIYbycv6S0mePEuvs8wW4A,sauk-village-illinois
https://www.ubereats.com/chicago/food-delivery/j%26j-fish-and-chicken-university/5NW2lge8SRmm4U7llnb2DQ,sauk-village-illinois
https://www.ubereats.com/chicago/food-delivery/jersey-mikes-subs/LMDjN4_ZQ1mjy1QHSauwRg,sauk-village-illinois
https://www.ubereats.com/chicago/food-delivery/dunkin-2703-e-sauk-trail/mlyc89CsSIKdyVO7YEVVzw,sauk-village-illinois
https://www.ubereats.com/chicago/food-delivery/kennys-ribs-%26-chicken-matteson/a6rx407KTXSicDp_VFrgog,sauk-village-illinois
https://www.ubereats.com/chicago/food-delivery/super-philly-steak/uN8jZiomQ_Gcne_h_c3ZOQ,sauk-village-illinois
https://www.ubereats.com/chicago/food-delivery/nitas-gumbo-country-club-hills/Hu625bI0SB-3MofQosG_mg,sauk-village-illinois
https://www.ubereats.com/chicago/food-delivery/arbys-207-south-halsted-street/zJs1IHhSRWqfGkBpgrugPw,sauk-village-illinois
https://www.ubereats.com/chicago/food-delivery/ihop-cicero-%26-lincoln/LyBIvQVjSoSv8wPEj6B-vA,sauk-village-illinois
https://www.ubereats.com/chicago/food-delivery/whata-taco/q2lorRDaTuK19WnOKZHGGg,sauk-village-illinois
https://www.ubereats.com/chicago/food-delivery/boz-hot-dogs/Y-NAmu5pRUKvyXq63kP68w,sauk-village-illinois
https://www.ubereats.com/chicago/food-delivery/fishermans-island-torrence/OAL6Qr03RJKZakUzFvE5Yg,sauk-village-illinois
https://www.ubereats.com/chicago/food-delivery/shack-shrimp-and-chicken/QOvQbJ2KTNSA7kyV_wOHRg,sauk-village-illinois
https://www.ubereats.com/chicago/food-delivery/harolds-chicken-ridge-%26-burnham/3p13agicSZCW94_lwB_C_A,sauk-village-illinois
https://www.ubereats.com/chicago/food-delivery/pepes-matteson/KccIypSGSL-M2Bcb8P_MFQ,sauk-village-illinois
https://www.ubereats.com/chicago/food-delivery/potbelly-sandwich-shop-matteson-dt-%7C-432/eqfqH78FReWBSB_CUWV75g,sauk-village-illinois
https://www.ubereats.com/chicago/food-delivery/paulies-pub/zZNjdhc5Ti6GxYI2Efe24A,sauk-village-illinois
https://www.ubereats.com/chicago/food-delivery/chipotle-mexican-grill-17700-halsted-st/dn0mLUd9QSenkYcMvVyqdg,sauk-village-illinois
https://www.ubereats.com/chicago/food-delivery/buffalo-wild-wings-17510-halsted-st/rUYfntk-QkeE07t_108bwg,sauk-village-illinois
https://www.ubereats.com/chicago/food-delivery/sharks-fish-%26-chicken/_fnm7Bt1TaudQnwdqeXpzA,sauk-village-illinois
https://www.ubereats.com/chicago/food-delivery/jj-fish-%26-chicken-torrence/4-eMwp4QTUKPKkN-7laN0Q,sauk-village-illinois
https://www.ubereats.com/chicago/food-delivery/wendys-634-w-14th-street/Ae-jEd0iQz6_RQYgehJsdA,sauk-village-illinois
https://www.ubereats.com/chicago/food-delivery/redwood-luxe/GWAg77VWSESG-2zoFwiXXQ,sauk-village-illinois
https://www.ubereats.com/chicago/food-delivery/dunkin-4632-lincoln-hwy/kD4HEzBhT8KShQX4fjH8AQ,sauk-village-illinois
https://www.ubereats.com/chicago/food-delivery/cold-stone-creamery-18717-dixie-hwy/pzTK8eR1Q0iOZQLbafX4WA,sauk-village-illinois
https://www.ubereats.com/chicago/food-delivery/checkers-17701-s-torrence-ave/jGYoiAFwQZWkEFXNcxRcHw,sauk-village-illinois
https://www.ubereats.com/chicago/food-delivery/dunkin-1445-e-sauk-trail/n7cHyx-TQCuomjMGqZee6Q,sauk-village-illinois
https://www.ubereats.com/chicago/food-delivery/elegant-sports-grill/-0GLmWe5QyGAmGEigi-GFg,sauk-village-illinois
https://www.ubereats.com/chicago/food-delivery/dunkin-431-w-14th-st-us-rt-30/PnN8YiJgTjWUvHTpc3kxIg,sauk-village-illinois
https://www.ubereats.com/chicago/food-delivery/johnys-restaurant-2/NA-Rca_kTtyiY8lgi7iIQA,sauk-village-illinois
https://www.ubereats.com/chicago/food-delivery/the-bistro-on-sterling/PfLEKeqISLy4RrEfqRvikg,sauk-village-illinois
https://www.ubereats.com/chicago/food-delivery/the-klubhouse/DAjhnVptRnqiUMivtCDSRQ,sauk-village-illinois
https://www.ubereats.com/chicago/food-delivery/dimitri-best-food/F6os3t-cQW6NwCpTZNyyLQ,sauk-village-illinois
https://www.ubereats.com/chicago/food-delivery/nachos-tacos/zIMcJMMcR6yi4reR-iSI0w,sauk-village-illinois
https://www.ubereats.com/chicago/food-delivery/sharks-fish-%26-chicken-167th-st/x1kvCo-fTW-BoIJ4pr4LdA,sauk-village-illinois
https://www.ubereats.com/chicago/food-delivery/buona-flossmoor/QeW7dpbXTYqDhrXU3mBU5w,sauk-village-illinois
https://www.ubereats.com/chicago/food-delivery/vip-bar-and-grill-dance-club-llc/acn3_UQMQreszs-B78ycZA,sauk-village-illinois
https://www.ubereats.com/chicago/food-delivery/the-quarry-restaurant/vIVjuwG9Scij4TltZIWwsw,sauk-village-illinois
https://www.ubereats.com/chicago/food-delivery/super-star-gyros/L-DGxaiDSw2YmCGzg1VBVw,sauk-village-illinois
https://www.ubereats.com/chicago/food-delivery/jj-fish-and-chicken/BaZ8OPQgSUiF0da2jTsJDg,sauk-village-illinois
https://www.ubereats.com/chicago/food-delivery/chipotle-mexican-grill-4815-211th-st/oi29IPTPQcKTjjkM-B8I6Q,sauk-village-illinois
https://www.ubereats.com/chicago/food-delivery/taco-bell-201-s-halstead-st/cMj5gjnoTyORjTkIyFxfFQ,sauk-village-illinois
https://www.ubereats.com/chicago/food-delivery/la-voute-bistro-%2B-bar/TxuavK9nQZqbptuu-9k3hg,sauk-village-illinois
https://www.ubereats.com/chicago/food-delivery/difference-african-restaurant/TqhA8Ln9SleUgxwg_qf4hA,sauk-village-illinois
https://www.ubereats.com/chicago/food-delivery/sharks-fish-and-chicken/9pEHGGYOSI6-WdbV8IWv6A,sauk-village-illinois
https://www.ubereats.com/chicago/food-delivery/jimbooos-restaurant-%26-catering/aL6yZJGzRmCbltVNW9Hxgw,sauk-village-illinois
https://www.ubereats.com/chicago/food-delivery/five-guys-il-0578-4807-w-211th-st/fNPD3qLuTLi5Hl-VnSDNBQ,sauk-village-illinois
https://www.ubereats.com/chicago/food-delivery/subway-ridge/a5kqeRSuQcGgZzlv0QQ-8g,sauk-village-illinois
https://www.ubereats.com/chicago/food-delivery/burger-king-3219-chicago-rd/bMqmLkLuS-SlxE2TjhavnA,sauk-village-illinois
https://www.ubereats.com/chicago/food-delivery/game-tyme/Sfoy9CSlT8SzZH5Hh-oxoA,sauk-village-illinois
https://www.ubereats.com/chicago/food-delivery/harolds-chicken-shack-%2350/1vouxhscSIi3coL9CcIarw,sauk-village-illinois
https://www.ubereats.com/chicago/food-delivery/flavor-brunch-bar/8ZsZBTBVTE-9-1JsQ7Ix3g,sauk-village-illinois
https://www.ubereats.com/chicago/food-delivery/mcdonalds-lincoln-%26-western/vYOLw_JpRcabsTgQiC7NPw,sauk-village-illinois
https://www.ubereats.com/chicago/food-delivery/tequila-jalisco-mexican-restaurant/7Hcqi1XOSYKR3Ad-IuRvnA,sauk-village-illinois
https://www.ubereats.com/chicago/food-delivery/burrito-express/wplrhiopQaWgK-h4VsabOA,sauk-village-illinois
https://www.ubereats.com/chicago/food-delivery/nicks-gyros-lincoln-%26-wilson/aqZgOmSYQZqZPimejPF0TA,sauk-village-illinois
https://www.ubereats.com/chicago/food-delivery/pops-italian-beef-homewood/0PQZR7spT6usSy6X9B8PQA,sauk-village-illinois
https://www.ubereats.com/chicago/food-delivery/subway-3302-s-chicago-rd/gZ34mqVpRdiFjSEF52yUxw,sauk-village-illinois
https://www.ubereats.com/chicago/food-delivery/ooo-wee-chicken-%26-ribs-llc/Zf-li8r5Tm69KhVeXeOHrQ,sauk-village-illinois
https://www.ubereats.com/chicago/food-delivery/jj-fish-%26-chicken-homewood/c1fXv6xBTSSRcBfHhnglZg,sauk-village-illinois
https://www.ubereats.com/chicago/food-delivery/blue-sharks-chicken-%26-fish/ZMdn-0-LTpuE0YeUUwVcug,sauk-village-illinois
https://www.ubereats.com/chicago/food-delivery/fishermans-island-167th-st/fphYNOinQHibXOYTIovB2Q,sauk-village-illinois
https://www.ubereats.com/chicago/food-delivery/dairy-queen-grill-%26-chill-4559-lincoln-hwy/0H2Xlw0XSK-tLhIMBrFhwQ,sauk-village-illinois
https://www.ubereats.com/chicago/food-delivery/3-star-tavern-and-grill/eNsMe47XTA6egTUvjRzhig,sauk-village-illinois
https://www.ubereats.com/chicago/food-delivery/siam-thai-restaurant/wlO9tVEeTIeaG9c6cJucyQ,sauk-village-illinois
https://www.ubereats.com/chicago/food-delivery/the-loft/cqjwGvQ9SYOoUEOwOiYyNA,sauk-village-illinois
https://www.ubereats.com/chicago/food-delivery/moys-chinese-kitchen/BtU3scOLT3iMm0LdsvlI3Q,sauk-village-illinois
https://www.ubereats.com/chicago/food-delivery/popeyes-18100-torrence-avenue/W4YD6nmCQ2KY63OMKXn9Ew,sauk-village-illinois
https://www.ubereats.com/chicago/food-delivery/bergsteins-ny-delicatessen/9Dru-vxmTKaFUR0l3by3dw,sauk-village-illinois
https://www.ubereats.com/chicago/food-delivery/kucos-restaurant/uaEAVzU1S9y1NY4oEksCkg,sauk-village-illinois
https://www.ubereats.com/chicago/food-delivery/dunkin-3252-vollmer-rd/XVwMkFp6TLOhejmTSI1tIw,sauk-village-illinois
https://www.ubereats.com/chicago/food-delivery/club-lavue-bar-%26-grill/_rxnTH3bQVWRRsYDSJdJLg,sauk-village-illinois
https://www.ubereats.com/chicago/food-delivery/mcdonalds-178th-st-%26-torrence/AEG5QMFOQwmcBHaSFwGoyw,sauk-village-illinois
https://www.ubereats.com/chicago/food-delivery/ace-pizza/D_VVDttnRZC22Lp7XTVInQ,sauk-village-illinois
https://www.ubereats.com/chicago/food-delivery/taqueria-la-soga/FftUFVoxQhCKuKImViXZMg,sauk-village-illinois
https://www.ubereats.com/chicago/food-delivery/wingstop-torrence-%26-178th-st/IZp8gZ9BRE2h6IMidUTi6Q,sauk-village-illinois
https://www.ubereats.com/chicago/food-delivery/paleteria-y-neveria-la-original-de-michoacan/xByrDr4QTsumpLF57s1rfg,sauk-village-illinois
https://www.ubereats.com/chicago/food-delivery/shark-fish-%26-chicken-194-town-center-rd/1MqX7v1ZR-KUBkkCqdJzRQ,sauk-village-illinois
https://www.ubereats.com/chicago/food-delivery/blueberry-field-pancake-house/0Hw8ZAmzRve_VXuYUnqXug,sauk-village-illinois
https://www.ubereats.com/chicago/food-delivery/angelicas-bakery/ddTVxfbQSsuQlkfpnC_P_Q,sauk-village-illinois
https://www.ubereats.com/chicago/food-delivery/krispy-kreme-halsted-%26-maple/3T8cUwCzQpe7NnK51LNBpA,sauk-village-illinois
https://www.ubereats.com/chicago/food-delivery/elenis-dinner-menu/qnEZf7AWTXa0xXKla1osuA,sauk-village-illinois
https://www.ubereats.com/chicago/food-delivery/smokey-jos/0oFekbs0Reapnf60gE2azw,sauk-village-illinois
https://www.ubereats.com/chicago/food-delivery/whale-shark/kN98bO_rS5OdnmrYL0g9Ng,sauk-village-illinois
https://www.ubereats.com/chicago/food-delivery/sharks-fish-and-chicken/qmyO-Hx0Q8qe1RUTsw7rSw,sauk-village-illinois
https://www.ubereats.com/chicago/food-delivery/mcdonalds-steger-%26-eagle-nest/Ovy5P4RsR-u-F6uq-IeTvQ,sauk-village-illinois
https://www.ubereats.com/chicago/food-delivery/potbelly-sandwich-shop-homewood-dt-%7C-375/5tJo3FavQaSvcC2i7qk6IQ,sauk-village-illinois
https://www.ubereats.com/chicago/food-delivery/the-station-pizzeria/InBQhflpR1yNx9f7XyQHHg,sauk-village-illinois
https://www.ubereats.com/chicago/food-delivery/blueberry-hill-breakfast-cafe-homewood/MAafm9XKTqK8wKhg85mlCw,sauk-village-illinois
https://www.ubereats.com/chicago/food-delivery/subway-22301-15-s-central-park-ave/1tVMbRxLSR6OUFuNbUKstA,sauk-village-illinois
https://www.ubereats.com/chicago/food-delivery/tacos-jr/QLmLe8ncRRqlKke7XPiUcA,sauk-village-illinois
https://www.ubereats.com/chicago/food-delivery/athens-gyros-sauk-%26-governors/DgGCagzvRBK8fxnHhjrgCg,sauk-village-illinois
https://www.ubereats.com/chicago/food-delivery/mcdonalds-sauk-%26-chicago/hGloC7UPRkuv1QECYuMT8g,sauk-village-illinois
https://www.ubereats.com/chicago/food-delivery/hooters-torrence-%26-170th-st/KwcAw6j1TCacEF_AmKvmtg,sauk-village-illinois
https://www.ubereats.com/chicago/food-delivery/pepes-sauk-trail/K9ModeWlSAuNnWqWuoTziA,sauk-village-illinois
https://www.ubereats.com/chicago/food-delivery/kfc-tb-5737-w-monee-manhattan-road/q1q54hA8SMCc1D6Cg3bpbw,sauk-village-illinois
https://www.ubereats.com/chicago/food-delivery/subway-171-w-joe-orr-rd/j7kvNgAORT-NJuH7JHNimA,sauk-village-illinois
https://www.ubereats.com/chicago/food-delivery/popeyes-20-surrey-brook-plz/1I1XRSAcSA6EgWSvbHFWVQ,sauk-village-illinois
https://www.ubereats.com/chicago/food-delivery/sharks-fish-%26-chicken-chicago-heights/05biBrSdSUyT0vXNKYh5qQ,sauk-village-illinois
https://www.ubereats.com/chicago/food-delivery/mama-and-me-pizzeria/YviWgw9UToa24-in9Pp2qw,sauk-village-illinois
https://www.ubereats.com/chicago/food-delivery/cilantro/1F-PlFHFSVedu8EaPpDU8Q,sauk-village-illinois
https://www.ubereats.com/chicago/food-delivery/pops-italian-beef-%26-sausage-sauk-village/3WRAgusPQhatrsdMPfimHg,sauk-village-illinois
