url,city
https://www.ubereats.com/miami/food-delivery/rinconcito-salvadoreno-restaurante/BVDgySSfRwmbag19mBuRcg,sea-ranch-lakes-florida
https://www.ubereats.com/miami/food-delivery/di-valles-cucina-italiana-%26-wine-bar/vjSyqUDGQwKbx9-Nkq_HGg,sea-ranch-lakes-florida
https://www.ubereats.com/miami/food-delivery/chipotle-mexican-grill-1736-n-federal-hwy/aBrVd_ToQ6qXZs_gcQxgmA,sea-ranch-lakes-florida
https://www.ubereats.com/miami/food-delivery/ra-sushi-bar-restaurant-276-e-commercial-blvd/oJkuQjmBSaK856IjUwAzSw,sea-ranch-lakes-florida
https://www.ubereats.com/miami/food-delivery/big-louies-pizzeria-pompano/xdthi63IQjOQAqXq0xADow,sea-ranch-lakes-florida
https://www.ubereats.com/miami/food-delivery/moksha-indian-brasserie/1AByDwUxRXex-qcYniJmvQ,sea-ranch-lakes-florida
https://www.ubereats.com/miami/food-delivery/desserts-on-wheels/ta9L5BY4TUKHxbOVIW4Msw,sea-ranch-lakes-florida
https://www.ubereats.com/miami/food-delivery/jersey-mikes-2350-n-federal-hwy/AfqV9eW7Q8KlAHwGzsT4Zg,sea-ranch-lakes-florida
https://www.ubereats.com/miami/food-delivery/myapapaya-juicery-%2B-kitchen-fort-lauderdale/giV54vb2ScCkyiNj6gMAGQ,sea-ranch-lakes-florida
https://www.ubereats.com/miami/food-delivery/zona-fresca-fort-lauderdale/oaOx9JNiRYSD6VaW0OGtvg,sea-ranch-lakes-florida
https://www.ubereats.com/miami/food-delivery/tiffin/wbhMVve6QAu0xaEs6D3u5Q,sea-ranch-lakes-florida
https://www.ubereats.com/miami/food-delivery/rotelli-pizza-%26-pasta-palmaire/ppi-OOvDS2aHFSv9hgZY8g,sea-ranch-lakes-florida
https://www.ubereats.com/miami/food-delivery/gourmet-garden-cafe-%26-juices/z0XVvUz_QfiHhbLWUWP4Lg,sea-ranch-lakes-florida
https://www.ubereats.com/miami/food-delivery/tee-jay-thai-sushi-wilton-manors/wkp0HzrIQwuOwbEdQmVb6A,sea-ranch-lakes-florida
https://www.ubereats.com/miami/food-delivery/mcdonalds-broward-%26-1st/4F1jcqVjSD-o4dgVXcyHJw,sea-ranch-lakes-florida
https://www.ubereats.com/miami/food-delivery/vegan-haven-uptown/qXyBC4aHRYe3HiMf2gIPcw,sea-ranch-lakes-florida
https://www.ubereats.com/miami/food-delivery/sals-italian-ristorante-coral-springs-landings-ii/g0IIiI7TSk-7k59hudvjIA,sea-ranch-lakes-florida
https://www.ubereats.com/miami/food-delivery/heart-rock-sushi/GXaveoRVSoKeFmVu9SFwCQ,sea-ranch-lakes-florida
https://www.ubereats.com/miami/food-delivery/j-petal-oakland-park/ckgO5kipSO6izONilk8c6g,sea-ranch-lakes-florida
https://www.ubereats.com/miami/food-delivery/pizzaria-brasil/VRK0WabhRmyKh10dfvKqkA,sea-ranch-lakes-florida
https://www.ubereats.com/miami/food-delivery/el-guanaco-taqueria-y-antojitos/nMbVdA1aRE2JYY1hjgxCWA,sea-ranch-lakes-florida
https://www.ubereats.com/miami/food-delivery/la-parilla-de-pancho/VvR9hKF3QrifKpoiAXAM_A,sea-ranch-lakes-florida
https://www.ubereats.com/miami/food-delivery/republic-restaurant-and-lounge/1bLHg1ziSoGS9cFe-dw9ew,sea-ranch-lakes-florida
https://www.ubereats.com/miami/food-delivery/hammonds-bakery/c2xelb-0Tw2EOSvgbJxMOw,sea-ranch-lakes-florida
https://www.ubereats.com/miami/food-delivery/curry-express/VBc8QfBIQF-cgHKAJCnkow,sea-ranch-lakes-florida
https://www.ubereats.com/miami/food-delivery/soul-hibachi-%26-seafood/hXQ5xu8CTtauVflYhn-8Kg,sea-ranch-lakes-florida
https://www.ubereats.com/miami/food-delivery/11-fye-flavors/J4uS81eSTCSISqNuwDGTlQ,sea-ranch-lakes-florida
https://www.ubereats.com/miami/food-delivery/bambu-juice-bar/6Hf1tty3RKOzAGtllxdrQg,sea-ranch-lakes-florida
https://www.ubereats.com/miami/food-delivery/its-all-greek-to-me!-grill-pompano/IXmjxaVuS3yWJ7L6aYxjpg,sea-ranch-lakes-florida
https://www.ubereats.com/miami/food-delivery/5th-element-indian-grill-pompano-beach/kIHHb_jDT1G1LvcSElvulQ,sea-ranch-lakes-florida
https://www.ubereats.com/miami/food-delivery/dennys-%239589/ZgYVyvAHSOGYbU-zQj-laQ,sea-ranch-lakes-florida
https://www.ubereats.com/miami/food-delivery/franco-%26-vinnys-pizza-shack/QjndhT6xS3aJ8MbySGvt9w,sea-ranch-lakes-florida
https://www.ubereats.com/miami/food-delivery/pompei79-llc/oY1sQJBsTUuh_NLk2_EuuQ,sea-ranch-lakes-florida
https://www.ubereats.com/miami/food-delivery/rafina-greek-taverna/QGrAvc9QQ0iL40Kt6zko_g,sea-ranch-lakes-florida
https://www.ubereats.com/miami/food-delivery/the-wing-experience-6500-n-federal-highway/R63aMz-oTsK4pQYSEnq6_Q,sea-ranch-lakes-florida
https://www.ubereats.com/miami/food-delivery/chef-daniel-catering/fodseI8WTwST0jETn81gzw,sea-ranch-lakes-florida
https://www.ubereats.com/miami/food-delivery/wilton-wings/VXa6ayRCQaClCDwsC5dAFQ,sea-ranch-lakes-florida
https://www.ubereats.com/miami/food-delivery/cafe-valenti/kB3U5yzJSvGZY-i4k90RjA,sea-ranch-lakes-florida
https://www.ubereats.com/miami/food-delivery/hacienda-el-sol-latin-grill/0t5DqFpnSmKVM9dUOFyptg,sea-ranch-lakes-florida
https://www.ubereats.com/miami/food-delivery/carib-michael-restaurant/hJQxEvKrQEe1FYupHZX6bQ,sea-ranch-lakes-florida
https://www.ubereats.com/miami/food-delivery/menchies-frozen-yogurt-2607-n-dixie-hwy/z6Dwez5pSHqXTxKm42VGBQ,sea-ranch-lakes-florida
https://www.ubereats.com/miami/food-delivery/burger-king-6350-northwest-9th-avenue/fjDkVNFBSfGqc-lRkfsfVg,sea-ranch-lakes-florida
https://www.ubereats.com/miami/food-delivery/duffys-diner/DKr4YxzcRqCBRsZuVxBnGA,sea-ranch-lakes-florida
https://www.ubereats.com/miami/food-delivery/chef-chois-gourmet-chinese/LBBAg84xReKKg5J3pEVTWA,sea-ranch-lakes-florida
https://www.ubereats.com/miami/food-delivery/sushi-song-gaysha/uvQEsnQGS-K0l78uY2CL6w,sea-ranch-lakes-florida
https://www.ubereats.com/miami/food-delivery/tijuana-taxi-co-deerfield-beach/VallP_g7R1md_OJBIDSfnA,sea-ranch-lakes-florida
https://www.ubereats.com/miami/food-delivery/lous-giant-subs-%26-deli/TuTAPKVuS3ycxhtZ4hG8pQ,sea-ranch-lakes-florida
https://www.ubereats.com/miami/food-delivery/levinois-bakery/LVmtQYuDQACHj-6rBjDqcw,sea-ranch-lakes-florida
https://www.ubereats.com/miami/food-delivery/subway-437-e-atlantic-blvd/vMlq6OheQ4-HUwHdcnlQTw,sea-ranch-lakes-florida
https://www.ubereats.com/miami/food-delivery/pollo-tropical-2011-e-oakland-park-blvd/rsFJTIoDQUWnSKqsY-Kl8Q,sea-ranch-lakes-florida
https://www.ubereats.com/miami/food-delivery/chez-wings-%26-bbq/u22FCbj2TzyzrFBLc6v3iA,sea-ranch-lakes-florida
https://www.ubereats.com/miami/food-delivery/cotufa-kitchen/-EdzqcmzQD6ubFWGM0yTbg,sea-ranch-lakes-florida
https://www.ubereats.com/miami/food-delivery/key-west-cuban-cafe/I1vTZvvqSBi_IUHwB-vXfg,sea-ranch-lakes-florida
https://www.ubereats.com/miami/food-delivery/all-spice-jamaican-restaurant/aLooVdCaTA6cWKNB0dn1wg,sea-ranch-lakes-florida
https://www.ubereats.com/miami/food-delivery/acai-concept/03pxmcwKSH-pHCHou3zjdg,sea-ranch-lakes-florida
https://www.ubereats.com/miami/food-delivery/fritanga-managua-wilton-manors/8TUmgEe6RzC_HJWI2Qkquw,sea-ranch-lakes-florida
https://www.ubereats.com/miami/food-delivery/pizza-rustica-ft-lauderdale/GEm_PrkRTcqnY5f36exX2A,sea-ranch-lakes-florida
https://www.ubereats.com/miami/food-delivery/walk-ons-sports-bistreaux-ft-lauderdale/dpSneCfFTvCFdfzwIA1-8w,sea-ranch-lakes-florida
https://www.ubereats.com/miami/food-delivery/benihana-276-e-commercial-blvd/xBbRnnO5SfKMStGk9S-3Kw,sea-ranch-lakes-florida
https://www.ubereats.com/miami/food-delivery/dom-carusos/bO6nsDMBQP-9yd_LuyvCgg,sea-ranch-lakes-florida
https://www.ubereats.com/miami/food-delivery/mulligans-beach-house-bar-%26-grill-singer-island/872qR8hdR4mTBmhKObFgaw,sea-ranch-lakes-florida
https://www.ubereats.com/miami/food-delivery/mcdonalds-east-sunrise/64el8BQvRPiRBGRettW50Q,sea-ranch-lakes-florida
https://www.ubereats.com/miami/food-delivery/pelican-landing/QqRaWBnyREux0SN3kadh9A,sea-ranch-lakes-florida
https://www.ubereats.com/miami/food-delivery/vegan-bruder/XzQnffsJSFKSfM83Ib3f0g,sea-ranch-lakes-florida
https://www.ubereats.com/miami/food-delivery/kin-asian-street-food/HzbAx7N4ScaOe2MOit-hJQ,sea-ranch-lakes-florida
https://www.ubereats.com/miami/food-delivery/pizzeria-magaddino/ZKOFYwnfTtuDlbnnvh16ew,sea-ranch-lakes-florida
https://www.ubereats.com/miami/food-delivery/da-livio-ristorante-italiano/_FgAMMBJTvW68tHzozv7yw,sea-ranch-lakes-florida
https://www.ubereats.com/miami/food-delivery/chutney-indian-grill/Gw9XWdvaQsiWaYZ_EJNOog,sea-ranch-lakes-florida
https://www.ubereats.com/miami/food-delivery/downtown-grill-and-pizza-kitchen/dQOw67y7RiuZKSuOQ4y8Ug,sea-ranch-lakes-florida
https://www.ubereats.com/miami/food-delivery/the-republic-of-chocolate/13KIaKUqSCuukreVgZCaQw,sea-ranch-lakes-florida
https://www.ubereats.com/miami/food-delivery/miami-subs-grill-pompano-beach/Jo_q4IAFSPGlJf1uCGTH2g,sea-ranch-lakes-florida
https://www.ubereats.com/miami/food-delivery/wendys-3300-w-commercial-blvd/3o4mlqnLTha-btrj7hhHQw,sea-ranch-lakes-florida
https://www.ubereats.com/miami/food-delivery/starbucks-copans-%26-us-1/PmxtCxJOSYyzRdo5o-vh3A,sea-ranch-lakes-florida
https://www.ubereats.com/miami/food-delivery/trattoria-due-compari/_bRaxW-RQbW4y0H7dBZX9A,sea-ranch-lakes-florida
https://www.ubereats.com/miami/food-delivery/tacosaurus-food-truck/V7cU6__0TaCchpTblSk8CA,sea-ranch-lakes-florida
https://www.ubereats.com/miami/food-delivery/brunos-catering-food-truck/ETEBON98Rruw4KcL6CT9nQ,sea-ranch-lakes-florida
https://www.ubereats.com/miami/food-delivery/sette-bello/KbubxFMHTP28zmnEPiD5Cw,sea-ranch-lakes-florida
https://www.ubereats.com/miami/food-delivery/thai-spice/7iwqrW54QHWYXVhrfFq2TA,sea-ranch-lakes-florida
https://www.ubereats.com/miami/food-delivery/angelo-elia-pizza-fort-lauderdale/lVJM1NUkT0Cl1XnVpkcAwg,sea-ranch-lakes-florida
https://www.ubereats.com/miami/food-delivery/sands-harbor-resort-%26-marina/ioe9fgGESNKF4CYCIg0n7w,sea-ranch-lakes-florida
https://www.ubereats.com/miami/food-delivery/utopia-juice-bar/Zf8gAWQRSEu4AhN5ULWClA,sea-ranch-lakes-florida
https://www.ubereats.com/miami/food-delivery/shake-shack-2400-n-federal-hwy/Cdc0foeXRAqg8PzY8S5ZJw,sea-ranch-lakes-florida
https://www.ubereats.com/miami/food-delivery/ihop-1395-powerline-rd/AyYVsBLeR66oN4Q7bTVo5Q,sea-ranch-lakes-florida
https://www.ubereats.com/miami/food-delivery/copans-cafe/mxdPPz6WSsiPY1Oi4I-Dcw,sea-ranch-lakes-florida
https://www.ubereats.com/miami/food-delivery/kfc-990-w-commercial-blvd/efdGY07FSpKxCpCOeo_NWA,sea-ranch-lakes-florida
https://www.ubereats.com/miami/food-delivery/outside-the-box/MQbDFuXAR4aSXUghvrHhvw,sea-ranch-lakes-florida
https://www.ubereats.com/miami/food-delivery/wendys-2031-e-oakland-pk-blvd/wIP-ctLBT9uXymbvKlF4NA,sea-ranch-lakes-florida
https://www.ubereats.com/miami/food-delivery/mastros-ocean-club-3000-ne-32nd-ave/Zogkm8gTSMyqqS554wVnww,sea-ranch-lakes-florida
https://www.ubereats.com/miami/food-delivery/taqueria-dona-raquel/xPXNqTR9TDOk8s98JUgmdA,sea-ranch-lakes-florida
https://www.ubereats.com/miami/food-delivery/hooters-ft-lauderdale/MVl9xsaIQ4CdPM3gpF7akg,sea-ranch-lakes-florida
https://www.ubereats.com/miami/food-delivery/las-vegas-cuban-cuisine-oakland-park/AFfcA4F8S-GUAWf8EcB6AA,sea-ranch-lakes-florida
https://www.ubereats.com/miami/food-delivery/curry-king/fT5njxWkRFKyiLy-XlNIiA,sea-ranch-lakes-florida
https://www.ubereats.com/miami/food-delivery/manhattan-pizza/StIIhT4zQY6J3RIjMx6U9w,sea-ranch-lakes-florida
https://www.ubereats.com/miami/food-delivery/anthonys-coal-fired-pizza-pompano-beach/n1U2joO-QTaUFeeaJxF6sQ,sea-ranch-lakes-florida
https://www.ubereats.com/miami/food-delivery/burger-king-2901-w-commercial-boulevard/toGQYse2Qiu9WeVv44X0oQ,sea-ranch-lakes-florida
https://www.ubereats.com/miami/food-delivery/dandee-donut-factory-deerfield-beach/25c0sOeLSUSNuxCtf6j49w,sea-ranch-lakes-florida
https://www.ubereats.com/miami/food-delivery/blaze-pizza-6334-n-andrews-avenue/tJIBhraZSIyf_G85ZiE5TA,sea-ranch-lakes-florida
https://www.ubereats.com/miami/food-delivery/colada-cuban-cafe/8QDazyqySQyxQ1NRPeA7RQ,sea-ranch-lakes-florida
https://www.ubereats.com/miami/food-delivery/cold-stone-creamery-2101-n-federal-hwy/rT2l8KqyTZ23_ox1nmjrlw,sea-ranch-lakes-florida
https://www.ubereats.com/miami/food-delivery/dunkin-2351-n-powerline-rd/xCTFfW2bSoePh9sSTKCRRw,sea-ranch-lakes-florida
https://www.ubereats.com/miami/food-delivery/island-boyz-conch-shack/PG7dkLAUTpKHuG748KplXQ,sea-ranch-lakes-florida
https://www.ubereats.com/miami/food-delivery/smokey-bones-ft-lauderdale/WLCy61nmSBS3I1G0YD2HzA,sea-ranch-lakes-florida
https://www.ubereats.com/miami/food-delivery/the-mason-jar-pub/FRFoJKrtTRy0VJgobk6Y0A,sea-ranch-lakes-florida
https://www.ubereats.com/miami/food-delivery/ethos-greek-bistro-wilton-manors/r3dBk5W5Tmi_Pm2_5IiJmw,sea-ranch-lakes-florida
https://www.ubereats.com/miami/food-delivery/mcdonalds-bay-colony/BAiJGao_TFGS4ZM1khT36w,sea-ranch-lakes-florida
https://www.ubereats.com/miami/food-delivery/dal-contadino-trattoria/pcAcInjYT3Sg4_ixzoqGKQ,sea-ranch-lakes-florida
https://www.ubereats.com/miami/food-delivery/brew-fish-bar-%26-grill-pompano-beach/cvFwCtrOQR6erKEq9OemJg,sea-ranch-lakes-florida
https://www.ubereats.com/miami/food-delivery/father-%26-sons-smoke-til-u-choke-bar-bq-lauderhill/KTraHn_qQSaYEcbc3RpDpA,sea-ranch-lakes-florida
https://www.ubereats.com/miami/food-delivery/offerdahls-off-the-grill-lighthouse-point/sXHZo33vRO6Np16l7rVtfw,sea-ranch-lakes-florida
https://www.ubereats.com/miami/food-delivery/shishka-lebanese-grill/_utAKbhkReisHzeDWY0Ypg,sea-ranch-lakes-florida
https://www.ubereats.com/miami/food-delivery/dunkin-1-n-federal-hwy/FDQop75wTnSYy7O0XG1iRw,sea-ranch-lakes-florida
https://www.ubereats.com/miami/food-delivery/cubano%22s-by-mario/4doXbnSfTEKw_63JZQYlrg,sea-ranch-lakes-florida
https://www.ubereats.com/miami/food-delivery/korner-cafe/oI32BgItT52Y0e0JLExuPA,sea-ranch-lakes-florida
https://www.ubereats.com/miami/food-delivery/bowld-acai-and-fruit-smoothie-bowls/tAyZklYPS6G6Nmc0fhVapQ,sea-ranch-lakes-florida
https://www.ubereats.com/miami/food-delivery/cochic-gourmet/d7Fr26hJSoS31H5k-pNdmQ,sea-ranch-lakes-florida
https://www.ubereats.com/miami/food-delivery/wendys-1049-w-oakland-park/jYU7thNdSDCXB-GUsNRQYA,sea-ranch-lakes-florida
https://www.ubereats.com/miami/food-delivery/bella-ciao/2hT5IWeLSiSVVUiCNqDLTA,sea-ranch-lakes-florida
https://www.ubereats.com/miami/food-delivery/sweeter-days-bake-shop/e7-6OUjBTr2y3ws_CVIQzw,sea-ranch-lakes-florida
https://www.ubereats.com/miami/food-delivery/tijuana-flats-oakland-park/bo0ylHTBTcyrQtJ2nCujOQ,sea-ranch-lakes-florida
https://www.ubereats.com/miami/food-delivery/koi-hawaiian-poke/rLaIt1seSLSz-_mD0CTfOg,sea-ranch-lakes-florida
https://www.ubereats.com/miami/food-delivery/wimbos-crazy-potatoes/GML786GIRh2yZeeiGiDcCw,sea-ranch-lakes-florida
https://www.ubereats.com/miami/food-delivery/noodle-station/tuxKDO54Q9q24SPmXB_uvw,sea-ranch-lakes-florida
https://www.ubereats.com/miami/food-delivery/el-taquito-fort-lauderdale/9Xy085fHThWxGeLq96kAdw,sea-ranch-lakes-florida
https://www.ubereats.com/miami/food-delivery/galuppis/ZI0IsuWNTTyJB8YNoHbiLg,sea-ranch-lakes-florida
https://www.ubereats.com/miami/food-delivery/golden-house-chinese-restaurant/YJIkDDG-RfqxikzlhMyeUQ,sea-ranch-lakes-florida
https://www.ubereats.com/miami/food-delivery/bobby-rubinos-place-for-ribs/r8RDE_j4TCKrMMPSLwu0fg,sea-ranch-lakes-florida
https://www.ubereats.com/miami/food-delivery/the-ice-cream-shop/Nv7fHBCFQPu1u1xXkIZE9g,sea-ranch-lakes-florida
https://www.ubereats.com/miami/food-delivery/la-casita-salvadorena-fort-lauderdale/Q_sKslzRROCJamGwW4hswQ,sea-ranch-lakes-florida
https://www.ubereats.com/miami/food-delivery/burger-king-2200-west-sample-road/tBbIYpohSeWwrmv_r97SCw,sea-ranch-lakes-florida
https://www.ubereats.com/miami/food-delivery/miyako-seafood-and-sushi/xrGiqirKRgW3EUrQrN4Npw,sea-ranch-lakes-florida
https://www.ubereats.com/miami/food-delivery/starbucks-cypress-creek-%26-powerline/cU8CoA12RtKxyFP67nhXvg,sea-ranch-lakes-florida
https://www.ubereats.com/miami/food-delivery/pizza-crek/2sjpTFDMQ-W2nEzUBvo97A,sea-ranch-lakes-florida
https://www.ubereats.com/miami/food-delivery/reds-original/SudmTcDuSxSMC1J5oCrZAg,sea-ranch-lakes-florida
https://www.ubereats.com/miami/food-delivery/the-deck-restaurant-%26-bar/X_Gm3ey-SMaq8xUp1_9twQ,sea-ranch-lakes-florida
https://www.ubereats.com/miami/food-delivery/vegan-on-the-go/PFg1RK3ySIS9WTybd8NZvw,sea-ranch-lakes-florida
https://www.ubereats.com/miami/food-delivery/dunkin-3904-n-ocean-blvd/twMjsAN-R-Of0WiQMaKSng,sea-ranch-lakes-florida
https://www.ubereats.com/miami/food-delivery/mcdonalds-galt-ocean-mile/ilOQKjX-SEuhr2KMuINVQQ,sea-ranch-lakes-florida
https://www.ubereats.com/miami/food-delivery/anthonys-pronto-burgers/iP3PkjpGR9aPy2N2D4wPLA,sea-ranch-lakes-florida
https://www.ubereats.com/miami/food-delivery/palate-party-at-rumors/RxkPa_qIQUq9SUBgOASWkg,sea-ranch-lakes-florida
https://www.ubereats.com/miami/food-delivery/el-portal-maya-2-ne-3rd-st/yoMguiUfTXSOjnp-94BIZA,sea-ranch-lakes-florida
https://www.ubereats.com/miami/food-delivery/jjs-fresh-food-to-you/uGZqKspfRvustGO9uRY8Pw,sea-ranch-lakes-florida
https://www.ubereats.com/miami/food-delivery/anthonys-pronto-pizza/7f93iIaSQECIJ-wbflVj5A,sea-ranch-lakes-florida
https://www.ubereats.com/miami/food-delivery/cheesesteak-heaven/Wek4Oa-aRUKgKwRZIXLRWA,sea-ranch-lakes-florida
https://www.ubereats.com/miami/food-delivery/phat-boy-sushi-%26-kitchen-downtown/sgvyO6TTSLuT7W5MU_YyEQ,sea-ranch-lakes-florida
https://www.ubereats.com/miami/food-delivery/percent-bakery/4LfSwhGPQN6iZzugqlHX1w,sea-ranch-lakes-florida
https://www.ubereats.com/miami/food-delivery/el-guanaco-2/51jgZtl0TZOwfNV8GATU6A,sea-ranch-lakes-florida
https://www.ubereats.com/miami/food-delivery/caffe-roma/Er_M5a--TAaHGjQCdPdD1w,sea-ranch-lakes-florida
https://www.ubereats.com/miami/food-delivery/mcdonalds-oakland-park/RCPaJsuqQQq2NVM32HM5uw,sea-ranch-lakes-florida
https://www.ubereats.com/miami/food-delivery/chef-daniel-catering/xId2bOnMQ4KLuCpBvOU4qg,sea-ranch-lakes-florida
https://www.ubereats.com/miami/food-delivery/fat-belly-sandwichcom/jywH1zrRSJK10LQpYwxKqA,sea-ranch-lakes-florida
https://www.ubereats.com/miami/food-delivery/mauro-piras/r1JGaCKuTHaJ8ByHr3fICQ,sea-ranch-lakes-florida
https://www.ubereats.com/miami/food-delivery/jersey-mikes-subs-ft-lauderdale/T9pxRVOvRa-flHOVIIQx-g,sea-ranch-lakes-florida
https://www.ubereats.com/miami/food-delivery/edgies-grill/U8uqrK11RPuKvzEV348M0w,sea-ranch-lakes-florida
https://www.ubereats.com/miami/food-delivery/wendys-1040-e-commercial-blvd/W-VG_uv1QJSw3mRfgOD38Q,sea-ranch-lakes-florida
https://www.ubereats.com/miami/food-delivery/smoothie-jungle-tamarac/Dlercg2BQ2q6tYKeEeVw1g,sea-ranch-lakes-florida
https://www.ubereats.com/miami/food-delivery/la-crepe/WHgptLOHQy2_sC5XrrqQaA,sea-ranch-lakes-florida
https://www.ubereats.com/miami/food-delivery/fern-gully-grill-pompano-1000-power-line/BQckE5zGQr-2gcsQLvA2gg,sea-ranch-lakes-florida
https://www.ubereats.com/miami/food-delivery/dunkin-4840-n-federal-hwy/YmkuUQ_iTpaAg9LS5F2dTw,sea-ranch-lakes-florida
https://www.ubereats.com/miami/food-delivery/sals-italian-ristorante-fort-lauderdale/W8CdlDILRv2gQuI4bmZtmQ,sea-ranch-lakes-florida
https://www.ubereats.com/miami/food-delivery/kisses-from-italy-wyndham-sea-gardens/9Cc6vFQpSLyzAr1jLcMFhQ,sea-ranch-lakes-florida
https://www.ubereats.com/miami/food-delivery/pollo-tropical-3051-w-commercial-blvd/DFypOhgnS9yzd4ipwDtDsA,sea-ranch-lakes-florida
https://www.ubereats.com/miami/food-delivery/bowlicious/hTxDC9EDQDGT71L61rZAHA,sea-ranch-lakes-florida
https://www.ubereats.com/miami/food-delivery/flash-fire-pizza-fort-lauderdale/VfUGOa_RRkuvbB_QDWGSew,sea-ranch-lakes-florida
https://www.ubereats.com/miami/food-delivery/ruths-chris-steak-house-2525-n-federal-highway/ZXjwvbpjTo2D7-yHT0tbbQ,sea-ranch-lakes-florida
https://www.ubereats.com/miami/food-delivery/jj-cafe/UTbSFv-eQcCFeB-4Fs16cA,sea-ranch-lakes-florida
https://www.ubereats.com/miami/food-delivery/mana-poke-beach-place-ft-lauderdale/nB-vX759RfKU_9RuJMrL4w,sea-ranch-lakes-florida
https://www.ubereats.com/miami/food-delivery/smoke-bbq-fort-lauderdale/LLPDr-QtT16783DDt0pjnQ,sea-ranch-lakes-florida
https://www.ubereats.com/miami/food-delivery/bar-red-beard/93X_v-ZmRT-6FhFSJL8fJQ,sea-ranch-lakes-florida
https://www.ubereats.com/miami/food-delivery/donkingtaco/M-B5Sl9mTzWHjKWgAOwiPQ,sea-ranch-lakes-florida
https://www.ubereats.com/miami/food-delivery/edelweiss-bakery/GTrCVPH_SQu28hb_GPpu7A,sea-ranch-lakes-florida
https://www.ubereats.com/miami/food-delivery/nelsons-diner-pompano-beach/d9nvnk0OTx24KbiM37VIaA,sea-ranch-lakes-florida
https://www.ubereats.com/miami/food-delivery/cypress-cafe/3p4X0zBeQ8O3u2mNtQUhHg,sea-ranch-lakes-florida
https://www.ubereats.com/miami/food-delivery/delacaseas-cafe-lauderdale-by-the-sea/hgcW2u5MRkCGVY315_gFbw,sea-ranch-lakes-florida
https://www.ubereats.com/miami/food-delivery/m-%26-s-best-tropical-restaurant/ASwprfF_T2y3o5K3YgOE9w,sea-ranch-lakes-florida
https://www.ubereats.com/miami/food-delivery/charlie-fishfry/hyFSPwvOQMaLO0SdAvX8WA,sea-ranch-lakes-florida
https://www.ubereats.com/miami/food-delivery/pizza-mafia-grill/hm4K-pFtQT2qiWqPQ_xHeQ,sea-ranch-lakes-florida
https://www.ubereats.com/miami/food-delivery/tilapia-fresh-fish-and-chicken-restaurant/u0eBSz3kR-qZBZvfNqKqag,sea-ranch-lakes-florida
https://www.ubereats.com/miami/food-delivery/7024-bonefish-grill-6282-n-federal-hwy/kVqz6O3aSEeGpIbEJCbPFw,sea-ranch-lakes-florida
https://www.ubereats.com/miami/food-delivery/pasquallys-pizza-%26-wings-2201-n-federal-hwy-%23201/X1atmWXFTpq4QA5RC3zzfQ,sea-ranch-lakes-florida
https://www.ubereats.com/miami/food-delivery/lotus-chinese-kitchen/hFQyPPZxTyeFYpMuhsUt8A,sea-ranch-lakes-florida
https://www.ubereats.com/miami/food-delivery/jets-pizza-oakland-park/xy-AWs_8R-yWDMn8yAScZA,sea-ranch-lakes-florida
https://www.ubereats.com/miami/food-delivery/tee-jay-thai-sushi-fort-lauderdale/4AJJzP2oRe-ceVdHV-HLwQ,sea-ranch-lakes-florida
https://www.ubereats.com/miami/food-delivery/lucky-cat-street-eatery/b6OYx9TnQUead5OCl7T34w,sea-ranch-lakes-florida
https://www.ubereats.com/miami/food-delivery/golden-krust-801-east-commercial-blvd/91Qjs9XOT1Or6CNBPLVwvg,sea-ranch-lakes-florida
https://www.ubereats.com/miami/food-delivery/los-tres-golpes-restaurant-inc/mOX_zk82Q2ufYA7GFPHBKg,sea-ranch-lakes-florida
https://www.ubereats.com/miami/food-delivery/mcdonalds-cypress-creek-%26-powerline/ISfoTfwHQ8KTHt7btyFHHw,sea-ranch-lakes-florida
https://www.ubereats.com/miami/food-delivery/dunkin-1070-w-commercial-blvd/XJxxQLVfQ4KS9nJJPVXIYw,sea-ranch-lakes-florida
https://www.ubereats.com/miami/food-delivery/black-box-food-truck/sZiHsawHQxafni0bIGmmgw,sea-ranch-lakes-florida
https://www.ubereats.com/miami/food-delivery/moes-southwest-grill-tamarac/K4t8usBySVGSMfapkHmRXw,sea-ranch-lakes-florida
https://www.ubereats.com/miami/food-delivery/awa-na-vapor/-AUHEwSQROq0f1WPEYlDvQ,sea-ranch-lakes-florida
https://www.ubereats.com/miami/food-delivery/popeyes-louisiana-kitchen-oakland-park/niqLMSG7TtqNWjhn42Vjbg,sea-ranch-lakes-florida
https://www.ubereats.com/miami/food-delivery/lesters-diner-margate/vap2Ovm5TiSoORs-nhVT6Q,sea-ranch-lakes-florida
https://www.ubereats.com/miami/food-delivery/costa-sur-cuban-cafe/fOmQAx7rR8Cudp4lkDJOvQ,sea-ranch-lakes-florida
https://www.ubereats.com/miami/food-delivery/juice2u-pompano-beach/ZU3DgA5fTOuxvM27w4KDsg,sea-ranch-lakes-florida
https://www.ubereats.com/miami/food-delivery/circle-k-1177-w-commercial-blvd/JeU7pTJnTEO5R8ilqlrP3A,sea-ranch-lakes-florida
https://www.ubereats.com/miami/food-delivery/hott-leggz/gPPC6YmUQuy5sK4wXsrLSg,sea-ranch-lakes-florida
https://www.ubereats.com/miami/food-delivery/pops-corn-fort-lauderdale/wzVPnlcXQk-ErbO9QD__zg,sea-ranch-lakes-florida
https://www.ubereats.com/miami/food-delivery/chipotle-mexican-grill-4850-n-federal-hwy/EV3Zn3OnQiepOHor23xVrA,sea-ranch-lakes-florida
https://www.ubereats.com/miami/food-delivery/taj-restaurant/T-i6DXnARg-6uEF4kWMD8A,sea-ranch-lakes-florida
https://www.ubereats.com/miami/food-delivery/kaluz-restaurant-fort-lauderdale/gE8mv2W7SZGarOfhgbcWgg,sea-ranch-lakes-florida
https://www.ubereats.com/miami/food-delivery/the-whole-enchilada-fort-lauderdale/O3X1TkL4SxSFZp_UFGjdFw,sea-ranch-lakes-florida
https://www.ubereats.com/miami/food-delivery/the-halal-guys-6326-n-andrews-ave/6DDonOrhTQOwGqRe68PQgw,sea-ranch-lakes-florida
https://www.ubereats.com/miami/food-delivery/sushi-boat-pompano-beach/n0xYnx0ZQISdfs94lxAd2A,sea-ranch-lakes-florida
https://www.ubereats.com/miami/food-delivery/cold-stone-creamery/O9N5g8IARnu_O3-cEnzMOQ,sea-ranch-lakes-florida
https://www.ubereats.com/miami/food-delivery/umbertos-restaurant-and-pizza/U1e2PITyTgOpLPHyFAg-Zg,sea-ranch-lakes-florida
https://www.ubereats.com/miami/food-delivery/sarava-acai-cafe/76R_YsLKTgSjP8BVR39raQ,sea-ranch-lakes-florida
https://www.ubereats.com/miami/food-delivery/cucina-caruso/J3cF0FN_RZquizjhxIibfg,sea-ranch-lakes-florida
https://www.ubereats.com/miami/food-delivery/checkers-3541-nw-8th-avenue/JnxuGoMzR1G0k6WVT79-Jg,sea-ranch-lakes-florida
https://www.ubereats.com/miami/food-delivery/lazo-empanadas/Mp-NIitNQvmBDz85SaGLWw,sea-ranch-lakes-florida
https://www.ubereats.com/miami/food-delivery/taco-bell-357-w-atlantic-blvd/4Z1XvymxREmitrDAAJ4BCQ,sea-ranch-lakes-florida
https://www.ubereats.com/miami/food-delivery/sister-saras-crab-house-and-grill/cBlyx_WMRwe48EB0wyevVg,sea-ranch-lakes-florida
https://www.ubereats.com/miami/food-delivery/chipotle-mexican-grill-2390-n-federal-hwy-ste-104/f5kr734vRv-1vAUh9RW6Uw,sea-ranch-lakes-florida
https://www.ubereats.com/miami/food-delivery/crisp-eatery-and-bar/5UMKZz_dRM27j2fVLNUqtg,sea-ranch-lakes-florida
https://www.ubereats.com/miami/food-delivery/i-heart-mac-%26-cheese-mia17-2/CdaRUReVSv2BJc4-dhUc5A,sea-ranch-lakes-florida
https://www.ubereats.com/miami/food-delivery/da-livio-ristorante-italiano/9yeApgEeSxemER3kRIY9TA,sea-ranch-lakes-florida
https://www.ubereats.com/miami/food-delivery/strictly-seafood-oakland-park/ly8xpXjUSBmXb6WnMKv8NQ,sea-ranch-lakes-florida
https://www.ubereats.com/miami/food-delivery/aerojuice-pompano-beach/l3FmnYyRQc6MR6JD24j6bg,sea-ranch-lakes-florida
https://www.ubereats.com/miami/food-delivery/ethos-greek-bistro-coconut-creek/GHB1ht_KTi-qYB_igNJo9Q,sea-ranch-lakes-florida
https://www.ubereats.com/miami/food-delivery/rocket-%40-valentinos-italian-kitchen/7CxtWWEDRB-KEHm_eccrpg,sea-ranch-lakes-florida
https://www.ubereats.com/miami/food-delivery/sweet-rustic-bake-shop/-Hh-F-Q3R0STIFymW1wGQQ,sea-ranch-lakes-florida
https://www.ubereats.com/miami/food-delivery/pasta-la-vista/Uis6RIc9QBq9DO1hVez0AQ,sea-ranch-lakes-florida
https://www.ubereats.com/miami/food-delivery/green-bag-meals/b6_Kk6bZTIafL-HtH-hRyw,sea-ranch-lakes-florida
https://www.ubereats.com/miami/food-delivery/di-caputti-pizza-%26-bar/nnVxbRshTn6LGepF2PWIPA,sea-ranch-lakes-florida
https://www.ubereats.com/miami/food-delivery/the-whole-enchilada-oakland-park/Wz-Dix9HRiimHKuYnJatJg,sea-ranch-lakes-florida
https://www.ubereats.com/miami/food-delivery/bohio-latin-flavors/5iAkk33nSuuXLTvLQo8EJg,sea-ranch-lakes-florida
https://www.ubereats.com/miami/food-delivery/exprezo-pompano/ES-UcHR3SWeTYlgg8vcn-g,sea-ranch-lakes-florida
https://www.ubereats.com/miami/food-delivery/dennys-911-e-commercial-blvd/L9U0JsPHSsWkP3zgkjzQdw,sea-ranch-lakes-florida
https://www.ubereats.com/miami/food-delivery/awa-na-zen/b7bl3tOoR1CFNfNDz90qRw,sea-ranch-lakes-florida
https://www.ubereats.com/miami/food-delivery/kfc-2150-w-atlantic-blvd/CKb9EHd2Q_iVFOxHy31OXQ,sea-ranch-lakes-florida
https://www.ubereats.com/miami/food-delivery/starbucks-atlantic-blvd-%26-federal-hwy/wMG7SfkMT-SCX6aYK7K3EQ,sea-ranch-lakes-florida
https://www.ubereats.com/miami/food-delivery/wendys-930-nw-62nd-street/VbA61-CnQeKcJ6cR-ZhxXQ,sea-ranch-lakes-florida
https://www.ubereats.com/miami/food-delivery/17th-st-thai-sushi-17th-st/76sNkqHuRwyqLUZwNbYGwA,sea-ranch-lakes-florida
https://www.ubereats.com/miami/food-delivery/saladworks-mia17-3/lwwg6EqIT6WcH9-tVnVz6w,sea-ranch-lakes-florida
https://www.ubereats.com/miami/food-delivery/poke-lolo/q6ix-hojRBe7nV_Rubukqg,sea-ranch-lakes-florida
https://www.ubereats.com/miami/food-delivery/5-girls-burgers-%26-pizza/YLwlXx-hSEmlyycPr3tGjw,sea-ranch-lakes-florida
https://www.ubereats.com/miami/food-delivery/nikkis-greek-kitchen/nlYuVs9WTp-7SCkcFtQ6AA,sea-ranch-lakes-florida
https://www.ubereats.com/miami/food-delivery/d-land-kitchen/nyZ6RYHgQOuZ0N7QP7Wrqg,sea-ranch-lakes-florida
https://www.ubereats.com/miami/food-delivery/firehouse-subs-891-e-commercial-blvd/Rg5gWFg0QQmuUaT8-joDLA,sea-ranch-lakes-florida
https://www.ubereats.com/miami/food-delivery/tequila-sunrise-mexican-grill/D2yJ4a8MSb6wNW5LR6wiKw,sea-ranch-lakes-florida
https://www.ubereats.com/miami/food-delivery/salt-%26-pepper-chef/3hHByrYhSGyGOdBiHIiwyA,sea-ranch-lakes-florida
https://www.ubereats.com/miami/food-delivery/dunkin-1801-w-oakland-park-blvd/8qjvHvQGR8-YpO-0fDlS-A,sea-ranch-lakes-florida
https://www.ubereats.com/miami/food-delivery/shooters-waterfront/3NR0-nu0TmywKsEO1flKcA,sea-ranch-lakes-florida
https://www.ubereats.com/miami/food-delivery/okinawa-teriyaki-and-sushi-express/AKd8ceW8RxqTU0uemfjUXg,sea-ranch-lakes-florida
https://www.ubereats.com/miami/food-delivery/outback-steakhouse-6201-north-federal-highway/VULzSWRMRTqvIEuq5GZMNA,sea-ranch-lakes-florida
https://www.ubereats.com/miami/food-delivery/jet-runway-cafe/0PXXvuS1TSKqgxMKRvT56A,sea-ranch-lakes-florida
https://www.ubereats.com/miami/food-delivery/the-beach-grille/idBtDKYlS6WvaOl3sH-Zug,sea-ranch-lakes-florida
https://www.ubereats.com/miami/food-delivery/rolls-and-grills-thai-ice-cream-rolls/cwg7GOF5QDqsvFuy9tynKg,sea-ranch-lakes-florida
https://www.ubereats.com/miami/food-delivery/uptown-burger-co/AhuCvZHIR-eLQmPP2_iNmQ,sea-ranch-lakes-florida
https://www.ubereats.com/miami/food-delivery/starbucks-sunrise-%26-bayview/xGNNzNTaTPqqG85SQF-7_A,sea-ranch-lakes-florida
https://www.ubereats.com/miami/food-delivery/oakland-coffee-and-juice-bar/MRDH5AIiRsmA2K_I1Kyhdg,sea-ranch-lakes-florida
https://www.ubereats.com/miami/food-delivery/dunkin-4721-n-ocean-dr/k-gXXTNKRXaTzM4d9N6smQ,sea-ranch-lakes-florida
https://www.ubereats.com/miami/food-delivery/kfc-2292-n-federal-hwy/APywIQE1QUi1IUDlpGaYHw,sea-ranch-lakes-florida
https://www.ubereats.com/miami/food-delivery/chipotle-mexican-grill-6320-n-andrews-ave/8WUNJIFTTzqtGLAb_DrtZw,sea-ranch-lakes-florida
https://www.ubereats.com/miami/food-delivery/ceviche-spot/b7JBxW3LSs-pMX936tAoJg,sea-ranch-lakes-florida
https://www.ubereats.com/miami/food-delivery/happy-wok/bOxdCP40SayXoLBEBdtpow,sea-ranch-lakes-florida
https://www.ubereats.com/miami/food-delivery/brus-room-wings-n-ribs/RhhrjneRSuy7BLpD_1EamQ,sea-ranch-lakes-florida
https://www.ubereats.com/miami/food-delivery/blue-moon-fish-co/cxom-jAxQcy-ktg6KifJFA,sea-ranch-lakes-florida
https://www.ubereats.com/miami/food-delivery/sozo-sushi-bar/QmDs5CY5QHqBR__jXGRWow,sea-ranch-lakes-florida
https://www.ubereats.com/miami/food-delivery/sushi-song-fort-lauderdale/PNU9E2ECRniN9oRADevZ8Q,sea-ranch-lakes-florida
https://www.ubereats.com/miami/food-delivery/aroma-joes-coffee-house-and-drive-thru/s2jVgO3TRLe08msNMKe4ig,sea-ranch-lakes-florida
https://www.ubereats.com/miami/food-delivery/michaels-cafe/MDUWQ0JQQ3-HjI88wrgOSw,sea-ranch-lakes-florida
https://www.ubereats.com/miami/food-delivery/dr-juice/Ev5LIcpGT8KGAJKurE3rQQ,sea-ranch-lakes-florida
https://www.ubereats.com/miami/food-delivery/big-boyz-bbq/OvGrRsuAQumeCpJDuvYJMw,sea-ranch-lakes-florida
https://www.ubereats.com/miami/food-delivery/amys-french-bakery%26bistro/zRfTQ_hwQEanKiMF0Ui7wg,sea-ranch-lakes-florida
https://www.ubereats.com/miami/food-delivery/mcdonalds-atlantic-extension-ii/QQavY2P3QGOJqRjFQe9zgw,sea-ranch-lakes-florida
https://www.ubereats.com/miami/food-delivery/dragon-tea-house-fort-lauderdale/A9pTYaDXQDiS0dla6b0tpA,sea-ranch-lakes-florida
https://www.ubereats.com/miami/food-delivery/sublime-restaurant-and-bar/lPXVtcLCQxGi9wttGM9vYA,sea-ranch-lakes-florida
https://www.ubereats.com/miami/food-delivery/american-coffee-shop/1-7JmPiFQ8mLIgmWCy86Wg,sea-ranch-lakes-florida
https://www.ubereats.com/miami/food-delivery/steak-954/CzbvZ2xcTiGUOvaiRfGFsw,sea-ranch-lakes-florida
https://www.ubereats.com/miami/food-delivery/dandee-donut-factory-pompano-beach/ZFvAq43qQZGyatMP8trI0A,sea-ranch-lakes-florida
https://www.ubereats.com/miami/food-delivery/zona-fresca-pompano-beach/6niRIT0bTnqeamNMLHZbUg,sea-ranch-lakes-florida
https://www.ubereats.com/miami/food-delivery/rossini-italian-bistro/5_cQ52ZSQWCRqdz1W8TT2g,sea-ranch-lakes-florida
https://www.ubereats.com/miami/food-delivery/colombian-mountains-cafe/yoyNw57rT8q19CQVwWf4uA,sea-ranch-lakes-florida
https://www.ubereats.com/miami/food-delivery/super-k-fish-%26-chicken/hABhYgYRRQCm-ZSEKevAqA,sea-ranch-lakes-florida
https://www.ubereats.com/miami/food-delivery/poke-ice-restaurant/qWY1CL_YR5erxQrGKjCnNg,sea-ranch-lakes-florida
https://www.ubereats.com/miami/food-delivery/erics-authentic-mexican-food-restaurant/PfUAEdoCTf6ga83GWH2Q6w,sea-ranch-lakes-florida
https://www.ubereats.com/miami/food-delivery/the-ice-cream-shop/Fy-9xpPpS1WWBmoOib1yTg,sea-ranch-lakes-florida
https://www.ubereats.com/miami/food-delivery/gatsbys-joint/hyjDt3jeTYeEMTdOJUstAg,sea-ranch-lakes-florida
https://www.ubereats.com/miami/food-delivery/tortilla-mexican/dyIOck3kRgqSti6ZkCLtlw,sea-ranch-lakes-florida
https://www.ubereats.com/miami/food-delivery/las-orquideas-restaurant/whuKUVWvSEizkVXCVnGcFw,sea-ranch-lakes-florida
https://www.ubereats.com/miami/food-delivery/creamzicle/5GEKq8x4ShSEeREV0CNJ7g,sea-ranch-lakes-florida
https://www.ubereats.com/miami/food-delivery/doc-bs-fresh-kitchen-ft-lauderdale/HjQDi1cRQxKd30suB-Haog,sea-ranch-lakes-florida
https://www.ubereats.com/miami/food-delivery/royal-beach-palace-restaurant/HV3EyEhDRjm3pgWpkbS8AA,sea-ranch-lakes-florida
https://www.ubereats.com/miami/food-delivery/acai-factory/BmQj5EGcQ1-oSG4_zhLf0A,sea-ranch-lakes-florida
https://www.ubereats.com/miami/food-delivery/taco-bell-1717-east-sample-road/qhWasTpPRhmy__aNDfVM8w,sea-ranch-lakes-florida
https://www.ubereats.com/miami/food-delivery/sea-salt-fish-market/_Tke2_dERL6l_T2yaLS9xg,sea-ranch-lakes-florida
https://www.ubereats.com/miami/food-delivery/kwik-stop/Gf-_l_3lRj-yooFNukzDxg,sea-ranch-lakes-florida
https://www.ubereats.com/miami/food-delivery/tacocraft-taqueria-%26-tequila-bar-ocean-drive/dlr9oQO5TmixVOeqdDbxcg,sea-ranch-lakes-florida
https://www.ubereats.com/miami/food-delivery/wine-garden/QqynHf-STRmpL5PcI2Gppw,sea-ranch-lakes-florida
https://www.ubereats.com/miami/food-delivery/anthonys-coal-fired-pizza-fort-lauderdale/NZOU3xlqSAGr-S4oWb3i4w,sea-ranch-lakes-florida
https://www.ubereats.com/miami/food-delivery/bella-sera-pizza/z8ZNNdv7T-CMGS8d-DcM7A,sea-ranch-lakes-florida
https://www.ubereats.com/miami/food-delivery/anthonys-coal-fired-pizza-north-fort-lauderdale/3w-I-BHnTrW9kpoKZjXcnA,sea-ranch-lakes-florida
https://www.ubereats.com/miami/food-delivery/pollo-tropical-2450-w-atlantic-blvd/KMVQhzk6TMaO_vq29REUZw,sea-ranch-lakes-florida
https://www.ubereats.com/miami/food-delivery/tee-jay-2-sushi/XOaro7H6ROONhi8F8mHq5w,sea-ranch-lakes-florida
https://www.ubereats.com/miami/food-delivery/las-mexicanas-food-truck/XcW1QoDoTtOcCtspV0NOzw,sea-ranch-lakes-florida
https://www.ubereats.com/miami/food-delivery/casa-d-angelo-fort-lauderdale/pFQYPzROTR2XyMRMC3aoxg,sea-ranch-lakes-florida
https://www.ubereats.com/miami/food-delivery/henrys-sandwich-station-fort-lauderdale/ea5448dORUCS2qkPl0dqEA,sea-ranch-lakes-florida
https://www.ubereats.com/miami/food-delivery/legends-tavern-and-grille-lighthouse-point/NfFfN0DyRnWYTP3Q2xn8sg,sea-ranch-lakes-florida
https://www.ubereats.com/miami/food-delivery/starbucks-350-las-olas/Cz-nLZoGRvyoIV9WXZsG8Q,sea-ranch-lakes-florida
https://www.ubereats.com/miami/food-delivery/la-mia-focaccia/vwep-wPlRgCpx29vfg6Arg,sea-ranch-lakes-florida
https://www.ubereats.com/miami/food-delivery/mcdonalds-executive/dt2w0cVBS0aPgdYFw3oaNQ,sea-ranch-lakes-florida
https://www.ubereats.com/miami/food-delivery/bayview-pizza/9wl99zCHQpmGin-EfX2yog,sea-ranch-lakes-florida
https://www.ubereats.com/miami/food-delivery/papis-ny-pizza-inc/Y1zfpWAPQKutdVNB49Md4w,sea-ranch-lakes-florida
https://www.ubereats.com/miami/food-delivery/the-foundry-pompano-beach/ZDWWz05YQFuzbs7cnx-y9w,sea-ranch-lakes-florida
https://www.ubereats.com/miami/food-delivery/spajuicebar/HLC5Y3yHShO5trqdsGPoJA,sea-ranch-lakes-florida
https://www.ubereats.com/miami/food-delivery/arbys-1720-e-sunrise-blvd/DGtaPiRjSmGaqlevyB6KNg,sea-ranch-lakes-florida
https://www.ubereats.com/miami/food-delivery/chicken-box-%26-more/mQuyD7mdR7Co1Mi3KjZ8pA,sea-ranch-lakes-florida
https://www.ubereats.com/miami/food-delivery/fresh-catch-fish-and-chicken/aQTtJ4PbS46xJ2LNqBBP-A,sea-ranch-lakes-florida
https://www.ubereats.com/miami/food-delivery/house-of-flavors-usa-llc/a6_dlneBSGqYkJrQd5Vzrw,sea-ranch-lakes-florida
https://www.ubereats.com/miami/food-delivery/twisted-fork/N92XOKjUTbqgymz6v9db2Q,sea-ranch-lakes-florida
https://www.ubereats.com/miami/food-delivery/beg-for-more/JOIyTl2kSiGoyxJsbybgvQ,sea-ranch-lakes-florida
https://www.ubereats.com/miami/food-delivery/2-live-cookies/altOc3viRYi7b8Sl3QfDwA,sea-ranch-lakes-florida
https://www.ubereats.com/miami/food-delivery/adam-%26-joe-know-lunch/JlnPIHy0TR68gXHwA7Cy4Q,sea-ranch-lakes-florida
https://www.ubereats.com/miami/food-delivery/what-the-pho/ljLbiHCSQNWd97X14bXqog,sea-ranch-lakes-florida
https://www.ubereats.com/miami/food-delivery/big-roccos-pizza-express/AHau-iDhQr-1dR0FLTHClA,sea-ranch-lakes-florida
https://www.ubereats.com/miami/food-delivery/grande-pizza-fort-lauderdale/fmuENppMT-6kecbY5E79Sw,sea-ranch-lakes-florida
https://www.ubereats.com/miami/food-delivery/billy-jacks-shack/LeQQkTMTRdO5NxMr0x3yeg,sea-ranch-lakes-florida
https://www.ubereats.com/miami/food-delivery/lorenzos-pizzeria/hfmNyCx-R5KIhJR-j4OOng,sea-ranch-lakes-florida
https://www.ubereats.com/miami/food-delivery/dunkin-1601-e-sunrise-blvd/8MAwMnV9SHGne4QcxnWBZg,sea-ranch-lakes-florida
https://www.ubereats.com/miami/food-delivery/vitos-gourmet-pizza-federal-highway/GDKtR0f8TMKGXuAojO-j3A,sea-ranch-lakes-florida
https://www.ubereats.com/miami/food-delivery/burgerfi-fort-lauderdale-sunrise/oCjp72jzQMObfQCwBYX-vA,sea-ranch-lakes-florida
https://www.ubereats.com/miami/food-delivery/the-original-pancake-house-2851-north-federal-highway/94Q3oKqdRNG6M6DKQBSFgQ,sea-ranch-lakes-florida
https://www.ubereats.com/miami/food-delivery/wicked-cheesesteaks/HFTmSnSpTVyXx18Vr4xF3Q,sea-ranch-lakes-florida
https://www.ubereats.com/miami/food-delivery/dennys-fort-lauderdale/-xkuYZTER2eHIGXU4ASo-Q,sea-ranch-lakes-florida
https://www.ubereats.com/miami/food-delivery/long-john-silvers-2799-w-oakland-park-blvd/HIVc9J-0Sl-TY8pJjtxjSg,sea-ranch-lakes-florida
https://www.ubereats.com/miami/food-delivery/phat-boy-sushi-%26-kitchen-deerfield-beach/FOyPxizhQl6XelhIHRKgbw,sea-ranch-lakes-florida
https://www.ubereats.com/miami/food-delivery/its-a-cubano-b/jRgbVs1sTUa3xZFzCcEjBg,sea-ranch-lakes-florida
https://www.ubereats.com/miami/food-delivery/sea-and-olive/Cf8om-YwRaGUhtDybCuxYQ,sea-ranch-lakes-florida
https://www.ubereats.com/miami/food-delivery/casa-barilla-mia17-2/miumbB4BR--mc_rAT3HFKA,sea-ranch-lakes-florida
https://www.ubereats.com/miami/food-delivery/tatts-and-tacos/qkqIEU9jRke39rmtWKVVmA,sea-ranch-lakes-florida
https://www.ubereats.com/miami/food-delivery/red-lantern/adjfcTLFTBqwf1vxqdq3hw,sea-ranch-lakes-florida
https://www.ubereats.com/miami/food-delivery/checkers-old-munchen/HbhTUC83QAq0J5rvsqInBQ,sea-ranch-lakes-florida
https://www.ubereats.com/miami/food-delivery/arbys-924-nw-62nd-st/Id37hBg8RNmrN4ts3iYB-w,sea-ranch-lakes-florida
https://www.ubereats.com/miami/food-delivery/amazonia-soul/CGYM0uoaT7a3utDkTPgHVQ,sea-ranch-lakes-florida
https://www.ubereats.com/miami/food-delivery/green-bar-%26-kitchen-galt-ocean/LNvvoPVESSamE6Zyc7H62Q,sea-ranch-lakes-florida
https://www.ubereats.com/miami/food-delivery/tropical-smoothie-cafe-north-andrews-avenue/8vSo0cdpTjaCSXDUT5t-4w,sea-ranch-lakes-florida
https://www.ubereats.com/miami/food-delivery/ceviche-by-the-sea/Ebm4ySzgQcCVeZHTY3Z1XQ,sea-ranch-lakes-florida
https://www.ubereats.com/miami/food-delivery/checkers-590-e-oakland-park-blvd/Anl6voxZTm-MkbvaBlTNlw,sea-ranch-lakes-florida
https://www.ubereats.com/miami/food-delivery/greek-taverna-table2201/VAb54naBTQy_sxhNVREh9g,sea-ranch-lakes-florida
https://www.ubereats.com/miami/food-delivery/mcdonalds-17th-street-causeway/id8JOaJUStS3CL0RZGsLdA,sea-ranch-lakes-florida
https://www.ubereats.com/miami/food-delivery/nanou-ocean/T_T_Bn2sQLGzdp7pax4tyg,sea-ranch-lakes-florida
https://www.ubereats.com/miami/food-delivery/the-original-brooklyn-water-bagel-co-n-fort-lauderdale/eeiafXoOR620xG_jhsID_A,sea-ranch-lakes-florida
https://www.ubereats.com/miami/food-delivery/cafe-vico-restaurant/9gxAnw7XRNCklf7B8RbnSg,sea-ranch-lakes-florida
https://www.ubereats.com/miami/food-delivery/ice-cream-custard-by-top-round-ft-lauderdale/mpQmtOb9StmRwurYYQGKSw,sea-ranch-lakes-florida
https://www.ubereats.com/miami/food-delivery/ihop-1101-n-federal-hwy/u9AVbtk9R0KTpno0yCV5IQ,sea-ranch-lakes-florida
https://www.ubereats.com/miami/food-delivery/spicesea-seafood-%26-thai-restaurant/wi-juaE0Sua953ZeRbCsWw,sea-ranch-lakes-florida
https://www.ubereats.com/miami/food-delivery/wawa-5194-3601-n-federal-hwy/s9U_F4McRtGLb-UXDptXhQ,sea-ranch-lakes-florida
https://www.ubereats.com/miami/food-delivery/bulegreen-cafe-yard/hY-wf9WfQJKyo01yW1r9rA,sea-ranch-lakes-florida
https://www.ubereats.com/miami/food-delivery/wow-bao-mia17-2/itjlpQw5QR2v4pp3VAo0Tg,sea-ranch-lakes-florida
https://www.ubereats.com/miami/food-delivery/chens-kitchen-in-walmat-plaza/0uVCXy-5Rwupf939vY7tOQ,sea-ranch-lakes-florida
https://www.ubereats.com/miami/food-delivery/fried-rice-kitchen/SnGDWZ99TpiL6qfaFGqGMw,sea-ranch-lakes-florida
https://www.ubereats.com/miami/food-delivery/pei-wei-2390-n-federal-highway-suite-101/tZZdrKzKQMSdzpq682TkVQ,sea-ranch-lakes-florida
https://www.ubereats.com/miami/food-delivery/shawn-and-nicks-courtyard-cafe/sb8ezgLoQDyRXs4wIvlcxw,sea-ranch-lakes-florida
https://www.ubereats.com/miami/food-delivery/steak-shop-%26-deli-1801-e-sample-rd/3fhrP4NYTzOGGLIXPD6RYQ,sea-ranch-lakes-florida
https://www.ubereats.com/miami/food-delivery/dapur/DmYYg_H-Qr6V3-hUxPk6Sw,sea-ranch-lakes-florida
https://www.ubereats.com/miami/food-delivery/lucky-fish-pompano-beach/NIt9SeO7QAKiJ7eeyAdu6A,sea-ranch-lakes-florida
https://www.ubereats.com/miami/food-delivery/krispy-kreme-n-federal-hwy-%26-ne-26th-st/TlmIIDoPQX-1sV8er_iHhg,sea-ranch-lakes-florida
https://www.ubereats.com/miami/food-delivery/cielito-lindo-pompano-beach/BffCQhx8T1expQYlr2XOpg,sea-ranch-lakes-florida
https://www.ubereats.com/miami/food-delivery/subway-6217-n-federal/KJZxu7IFTiKb6pUE8FqFTg,sea-ranch-lakes-florida
https://www.ubereats.com/miami/food-delivery/georgies-alibi-monkey-bar/1x2x7FgjQpmWct9OWWsB7w,sea-ranch-lakes-florida
https://www.ubereats.com/miami/food-delivery/bowl-heaven/M50a5YapT1SxQf31YjfxZg,sea-ranch-lakes-florida
https://www.ubereats.com/miami/food-delivery/red-lotus-thai-cuisine/rtho0Rp6TqOCiQPN4j2A8Q,sea-ranch-lakes-florida
https://www.ubereats.com/miami/food-delivery/tobu-asian-eatery/iaS7HUg_Q_69KCIhe6WpKw,sea-ranch-lakes-florida
https://www.ubereats.com/miami/food-delivery/fresh-sushi-%26-poke/QK5FpNtFRam--8rKOfx_Mw,sea-ranch-lakes-florida
https://www.ubereats.com/miami/food-delivery/burgerfi-lauderdale-by-the-sea/i706GCLxS3ah0FeBbAUj0g,sea-ranch-lakes-florida
https://www.ubereats.com/miami/food-delivery/bhw-chicken-%26-seafood/8y6x-TRWQkmALtvk9dZp7A,sea-ranch-lakes-florida
https://www.ubereats.com/miami/food-delivery/ihop-1241-south-federal-highway/eW7Ln6SsTKuX9WehAgFXmg,sea-ranch-lakes-florida
https://www.ubereats.com/miami/food-delivery/thai-me-up/5iGNJ4BlR_W1O1hal2wyZA,sea-ranch-lakes-florida
https://www.ubereats.com/miami/food-delivery/roxannes-liquor-bar-and-kitchen/-C1zMvvrSMKlDWcrfuxfGw,sea-ranch-lakes-florida
https://www.ubereats.com/miami/food-delivery/bamboo-asian-bistro/uzw0d6_URR-p1n5LUxtOTQ,sea-ranch-lakes-florida
https://www.ubereats.com/miami/food-delivery/ebenezer-bakery-one-inc/7T1hi-FCTcGnuhpuEnQqLg,sea-ranch-lakes-florida
https://www.ubereats.com/miami/food-delivery/pollo-tropical-2320-n-federal-highway/z9pT6Nv2QBaHRRsEASKnsg,sea-ranch-lakes-florida
https://www.ubereats.com/miami/food-delivery/lorraines-cafe-%26-catering-llc-fort-lauderdale/LfODtsWuRlObxdJFCtyoJg,sea-ranch-lakes-florida
https://www.ubereats.com/miami/food-delivery/the-breakfast-spot/DMFJL5nPRe6p3Y7fR5iWCg,sea-ranch-lakes-florida
https://www.ubereats.com/miami/food-delivery/and-fish-kitchen-%2B-bar/Znx8RYR5TRK2I_2yROcnwA,sea-ranch-lakes-florida
https://www.ubereats.com/miami/food-delivery/brew-urban-cafe/4Z_swdpPRNiTt4DJf8ATMQ,sea-ranch-lakes-florida
https://www.ubereats.com/miami/food-delivery/salad-creations-sample-road/8KmmQw71Te2b1fnmqbyzGw,sea-ranch-lakes-florida
https://www.ubereats.com/miami/food-delivery/press-gourmet-sandwiches-fort-lauderdale/rtwLcoExT5O-rjASLtAcZw,sea-ranch-lakes-florida
https://www.ubereats.com/miami/food-delivery/harleys-pizza-%26-wings/CVuf3rdSQtmkjnHOhqKvGA,sea-ranch-lakes-florida
https://www.ubereats.com/miami/food-delivery/notorious-creamery/s5IeLQv3QfmoxRF063CdpQ,sea-ranch-lakes-florida
https://www.ubereats.com/miami/food-delivery/pollo-tropical-5554-n-federal-highway/7GW4QguLRKy2lMDM84xHaQ,sea-ranch-lakes-florida
https://www.ubereats.com/miami/food-delivery/subway-4840-north-federal-hwy/QGepLpZtT-u_iTGLdwZY4w,sea-ranch-lakes-florida
https://www.ubereats.com/miami/food-delivery/tap-42-fort-lauderdale/6ZFiQx0mQzKJ-Ij5plkNYg,sea-ranch-lakes-florida
https://www.ubereats.com/miami/food-delivery/chabaa-thai-%26-sushi/DOsEqOLwREqyPGiJc312VA,sea-ranch-lakes-florida
https://www.ubereats.com/miami/food-delivery/bohio-latin-flavors-2/x8Hmj3IwRBKzKZ8Zds6mxg,sea-ranch-lakes-florida
https://www.ubereats.com/miami/food-delivery/wendys-2700-dr-martin-luther-king-blvd/nXj8wpswSzi0F72mL1WjwQ,sea-ranch-lakes-florida
https://www.ubereats.com/miami/food-delivery/uncle-louie-gs/aKSz7krlSSuUNjqSGSUH1Q,sea-ranch-lakes-florida
https://www.ubereats.com/miami/food-delivery/the-rabbit-hole/-w1N3KVuRrWckGvnUMl1aA,sea-ranch-lakes-florida
https://www.ubereats.com/miami/food-delivery/jms-take-outinc/ugHlpv2USQSnROTI-wKdug,sea-ranch-lakes-florida
https://www.ubereats.com/miami/food-delivery/tijuana-flats-sunrise-boulevard/ftAA8aoqRoWEYLEseB5cvQ,sea-ranch-lakes-florida
https://www.ubereats.com/miami/food-delivery/sunset-catch-restaurant/qeeiiS95R2SdhGkVzAZnvg,sea-ranch-lakes-florida
https://www.ubereats.com/miami/food-delivery/frais-cafe/ciCCGxt-Tv2OKL2oCrRtMg,sea-ranch-lakes-florida
https://www.ubereats.com/miami/food-delivery/burgerfi-lighthouse-point/RBkJlm41R6GLXGKSnkSw7A,sea-ranch-lakes-florida
https://www.ubereats.com/miami/food-delivery/peter-pan-diner/Nn0Z084qRi-ugYT1xnwDDw,sea-ranch-lakes-florida
https://www.ubereats.com/miami/food-delivery/inkanto-peruvian-cuisine/vuxF7NZkTNCRa2kdeFyXWg,sea-ranch-lakes-florida
https://www.ubereats.com/miami/food-delivery/lobster-bar-sea-grille/q7YBI4kiRy2jYY1Dym0V5w,sea-ranch-lakes-florida
https://www.ubereats.com/miami/food-delivery/candela-restaurant/eJcGAFBwSzuobZVJ8RT90w,sea-ranch-lakes-florida
https://www.ubereats.com/miami/food-delivery/carluccis-italian-ristorante/H3O-_bj-Qi-_9CTBaj6AlA,sea-ranch-lakes-florida
https://www.ubereats.com/miami/food-delivery/next-door-at-c%26i/yWPjdP2fRomjV9YIaJZTvQ,sea-ranch-lakes-florida
https://www.ubereats.com/miami/food-delivery/oceanic-pompano/hm2hHCj-SbiPvlO8dQhsXw,sea-ranch-lakes-florida
https://www.ubereats.com/miami/food-delivery/the-hen-and-hog/3nvo7qtIQQ6nobWnOYn0Qg,sea-ranch-lakes-florida
https://www.ubereats.com/miami/food-delivery/cafe-brazil/eD5edodnRx2Te3b5LGG6NA,sea-ranch-lakes-florida
https://www.ubereats.com/miami/food-delivery/cabo-blanco-cypress/9uvqyFP6TEq9bg-ZuBc04A,sea-ranch-lakes-florida
https://www.ubereats.com/miami/food-delivery/pod-pazza-osteria-del-duomo/OAXz1_tHQMSahWt_JU8CXQ,sea-ranch-lakes-florida
https://www.ubereats.com/miami/food-delivery/tinto-food-%26-drinks/aOecElgVSpKuCRV_PlPkLw,sea-ranch-lakes-florida
https://www.ubereats.com/miami/food-delivery/la-cueva-bar-%26-grill/CM2C_sMgRIuQIX6pteRssw,sea-ranch-lakes-florida
https://www.ubereats.com/miami/food-delivery/carmela-coffee-company-pompano/Mj3ZVcW3TGexVBS_RBnRdg,sea-ranch-lakes-florida
https://www.ubereats.com/miami/food-delivery/della-bowls-mia17-2/yc0P_XjATjyvG1qYe0dWnA,sea-ranch-lakes-florida
https://www.ubereats.com/miami/food-delivery/isabellas-italian-restaurant/J0X4S8HbSHWJ_dwcB87EYQ,sea-ranch-lakes-florida
https://www.ubereats.com/miami/food-delivery/carluccis-brick-oven-trattoria/OLlVtS0MSeix5SFicOnl5w,sea-ranch-lakes-florida
https://www.ubereats.com/miami/food-delivery/keeses-simply-delicious-fort-lauderdale/m-N-8bUiTd-Qh2Rx4WPFLQ,sea-ranch-lakes-florida
https://www.ubereats.com/miami/food-delivery/pf-changs-2418-e-sunrise-blvd/knYL_2rsQjO9NNku9ffOiQ,sea-ranch-lakes-florida
https://www.ubereats.com/miami/food-delivery/greek-corner/pwCEbw7JQKaEBBh9_68LSQ,sea-ranch-lakes-florida
https://www.ubereats.com/miami/food-delivery/pomperdale-a-new-york-deli/cYvFpnhwSwqs5WZTvz-3iA,sea-ranch-lakes-florida
https://www.ubereats.com/miami/food-delivery/925-nuevos-cubanos/uv6w9BAmRg6Y9inlFaUKuw,sea-ranch-lakes-florida
https://www.ubereats.com/miami/food-delivery/thai-thani/wlMXKKpnRECT7pLe7aiJIQ,sea-ranch-lakes-florida
https://www.ubereats.com/miami/food-delivery/sobe-vegan/HZAt6nVUToqxo8kcrWz18w,sea-ranch-lakes-florida
https://www.ubereats.com/miami/food-delivery/kfc-341-w-atlantic-blvd/W7huK96rTNOqlANSI3bvGg,sea-ranch-lakes-florida
https://www.ubereats.com/miami/food-delivery/top-brew-coffee-company/4K5izN8cQEuVvDM3_Gjsqg,sea-ranch-lakes-florida
https://www.ubereats.com/miami/food-delivery/the-ice-cream-shop/uRINXS08SAGK2_tSzmexmA,sea-ranch-lakes-florida
https://www.ubereats.com/miami/food-delivery/boston-market-2451-n-federal-hwy/qXRsMYfRQsC2gEn4SndFIQ,sea-ranch-lakes-florida
https://www.ubereats.com/miami/food-delivery/yeung-house/408rec51QRiaWkBuXvCy8g,sea-ranch-lakes-florida
https://www.ubereats.com/miami/food-delivery/galaxy-pizza/PklaJre0Tgipztu7NnCrEw,sea-ranch-lakes-florida
https://www.ubereats.com/miami/food-delivery/tossed-galleria/tnjOEiPEThGcezOJ9ajLzQ,sea-ranch-lakes-florida
https://www.ubereats.com/miami/food-delivery/firi-bistro-asian-cuisine/z7Ro70vnTWGEKNqiFLAIXg,sea-ranch-lakes-florida
https://www.ubereats.com/miami/food-delivery/cajun-crab-%26-jerk-shack/u7GbQOQoRv26DhpZ8fnESA,sea-ranch-lakes-florida
https://www.ubereats.com/miami/food-delivery/yes-wings-b!/-21rPa2hSci-NgnKWnw9vw,sea-ranch-lakes-florida
https://www.ubereats.com/miami/food-delivery/sr-ceviche/3xReOlpbQmKu_UCtUSQYJg,sea-ranch-lakes-florida
https://www.ubereats.com/miami/food-delivery/phat-boy-sushi-%26-kitchen-oakland-park/XlNrN8g7TdCQW-IL_yRFOg,sea-ranch-lakes-florida
https://www.ubereats.com/miami/food-delivery/stingers-pizza/oH5zdc7MTPW1KINT7uF1MQ,sea-ranch-lakes-florida
https://www.ubereats.com/miami/food-delivery/boccaccino-cafe-%26-pizzeria/zj60bWqbRdSSIKgcnO25zA,sea-ranch-lakes-florida
https://www.ubereats.com/miami/food-delivery/mulligans-beach-house-bar-%26-grill-lauderdale-by-the-sea/n8xsncwTSQODbUn1l2sh_A,sea-ranch-lakes-florida
https://www.ubereats.com/miami/food-delivery/country-ham-n-eggs-bar-%26-grill/j-UA_n3wTJO_imcm_Nn-1A,sea-ranch-lakes-florida
https://www.ubereats.com/miami/food-delivery/chicken-kitchen-oakland-park/qQf_r0BLSFK0N_Nv3Z3tlA,sea-ranch-lakes-florida
https://www.ubereats.com/miami/food-delivery/finleys-bahamian-restaurant/nyAQkzW4SEWUn9SEuU1apg,sea-ranch-lakes-florida
https://www.ubereats.com/miami/food-delivery/sabores-brasil/q--0Jg1TTx2RWuFL3lT3ZA,sea-ranch-lakes-florida
https://www.ubereats.com/miami/food-delivery/california-pizza-kitchen-2301-n-federal-hwy/beI-ghZLTVSu8mx0kftPag,sea-ranch-lakes-florida
https://www.ubereats.com/miami/food-delivery/take-sushi/eR43CHNxRnasL4-MM7L-cw,sea-ranch-lakes-florida
https://www.ubereats.com/miami/food-delivery/la-vie-restaurant/iuHhmNOjTwOzMXH9hXrkuw,sea-ranch-lakes-florida
https://www.ubereats.com/miami/food-delivery/briny-irish-pub/Ru5b7pFbR8KXAtWs3gMDlg,sea-ranch-lakes-florida
https://www.ubereats.com/miami/food-delivery/waterloos-all-purpose-sauce-catering/VDMcUL0yQKmdwmEL8K_u6g,sea-ranch-lakes-florida
https://www.ubereats.com/miami/food-delivery/umbertos-riatoarante/_5hTBfN5S_ugNK-KcXSl4g,sea-ranch-lakes-florida
https://www.ubereats.com/miami/food-delivery/wongs-chinatown/g7y97UvzRFeI3LCbnkSXPQ,sea-ranch-lakes-florida
https://www.ubereats.com/miami/food-delivery/gelato-go-lauderdale-by-the-sea/cT7I19yqRs21r5svXafaDw,sea-ranch-lakes-florida
https://www.ubereats.com/miami/food-delivery/five-guys-fl-1296-6365-n-andrews/FHatQ2cQRfeIbZkCZ-zlqQ,sea-ranch-lakes-florida
https://www.ubereats.com/miami/food-delivery/chill-n-nitrogen-ice-cream-fort-lauderdale/qxQF6oTmSfyGI-V577fZtw,sea-ranch-lakes-florida
https://www.ubereats.com/miami/food-delivery/direct-from-philly/iShlOWO1RoiCmKh3Hsu_cw,sea-ranch-lakes-florida
https://www.ubereats.com/miami/food-delivery/beach-house-pompano/2lwdypfVTm-ZgEgeeZErDg,sea-ranch-lakes-florida
https://www.ubereats.com/miami/food-delivery/restaurante-las-chonitas/uAFZ_PojSzycmRQMHPYH7w,sea-ranch-lakes-florida
https://www.ubereats.com/miami/food-delivery/whales-bar-%26-grill/QjQEKksFSLeLH_H2mx5Rew,sea-ranch-lakes-florida
https://www.ubereats.com/miami/food-delivery/taco-bell-7120-w-mcnab-road/6P1DktffQCCuLSbI6WelOQ,sea-ranch-lakes-florida
https://www.ubereats.com/miami/food-delivery/dune/41Aw7qlTQ968NU1udY688Q,sea-ranch-lakes-florida
https://www.ubereats.com/miami/food-delivery/richies-gourmet-italian-ices-%26-cappuccino/9yi0KBWVQRaRk_TdsuH8Cg,sea-ranch-lakes-florida
https://www.ubereats.com/miami/food-delivery/jets-pizza/my2lmFGaRNOs7TjITrHJQw,sea-ranch-lakes-florida
https://www.ubereats.com/miami/food-delivery/haagen-dazs-ft-lauderdale/iBOAWMgjTWGN8mBIybQXBg,sea-ranch-lakes-florida
https://www.ubereats.com/miami/food-delivery/arbys-3780-n-federal-hwy/eNpIwTA0Sxeb_9lMC5LCBw,sea-ranch-lakes-florida
https://www.ubereats.com/miami/food-delivery/china-express/HR_rSvGpSMKPXpZCclftaA,sea-ranch-lakes-florida
https://www.ubereats.com/miami/food-delivery/main-stop-grill-food-truck/0JzkEC_VQvGxCw5PM3I8vA,sea-ranch-lakes-florida
https://www.ubereats.com/miami/food-delivery/bangkok-bistro/ZGHPfPTWRbS3DmoAnNI5lQ,sea-ranch-lakes-florida
https://www.ubereats.com/miami/food-delivery/boffins-bites/SwodOxh8QMmfi75GQ0zrGg,sea-ranch-lakes-florida
https://www.ubereats.com/miami/food-delivery/the-wing-man/bpDEn72WS6uIp8hfA9vzVA,sea-ranch-lakes-florida
https://www.ubereats.com/miami/food-delivery/trattoria-novello-pompano-beach/siJLfWBSRxeX-CQcgAwGWw,sea-ranch-lakes-florida
https://www.ubereats.com/miami/food-delivery/pompano-crab-man/ysOUT8CERtqyI1LLLcg-Lw,sea-ranch-lakes-florida
https://www.ubereats.com/miami/food-delivery/starbucks-wilton-manors/HEWwm9R-QdGd-w8JeMqF-A,sea-ranch-lakes-florida
https://www.ubereats.com/miami/food-delivery/mcdonalds-i-95-%26-sunrise/ixmpeSy3TEmUZTZaaZezmg,sea-ranch-lakes-florida
https://www.ubereats.com/miami/food-delivery/a1a-grill/r_B3IGLZTHynhbUCycrdZA,sea-ranch-lakes-florida
https://www.ubereats.com/miami/food-delivery/wingloon-chinese-take-out-restaurant/KURJwUpwQNije-6zXvAqTA,sea-ranch-lakes-florida
https://www.ubereats.com/miami/food-delivery/yo-mamas-ice-cream-fort-lauderdale/WvDoZOiQSluisOO1AKPP8g,sea-ranch-lakes-florida
https://www.ubereats.com/miami/food-delivery/la-cucina-ristorante-cafe/eR6MKEssSIGVHoFY_AnYNw,sea-ranch-lakes-florida
https://www.ubereats.com/miami/food-delivery/taco-bell-2801-w-atlantic-blvd/61bdlePfRFa3diZ5smCE8w,sea-ranch-lakes-florida
https://www.ubereats.com/miami/food-delivery/zuckerellos/EIQ8k13kTOa12XReGaUQ2A,sea-ranch-lakes-florida
https://www.ubereats.com/miami/food-delivery/spatch-grilled-peri-peri-chicken-flagler-village/qWBgjnhLTn6IZ3iGLfX3sg,sea-ranch-lakes-florida
https://www.ubereats.com/miami/food-delivery/fins-kitchen/5dNYyrGtSz2_ytru6Dk0Hg,sea-ranch-lakes-florida
https://www.ubereats.com/miami/food-delivery/pei-wei-1730-n-federal-hwy/yKyoy5RLRUy8LUK7WP8Opg,sea-ranch-lakes-florida
https://www.ubereats.com/miami/food-delivery/blue-fish-sushi-thai/6mQlZyFqSKyUP3WcFthFnw,sea-ranch-lakes-florida
https://www.ubereats.com/miami/food-delivery/black-rock-bar-and-grill/vxmKheg8RdGRrmNWR38osw,sea-ranch-lakes-florida
https://www.ubereats.com/miami/food-delivery/lesters-diner-pompano-beach/NvZqN1t4SSGr7hLd1Cd8Yw,sea-ranch-lakes-florida
https://www.ubereats.com/miami/food-delivery/vegan-shop-pampano/4o0r-Sj5RFe5ti7cUlwvjA,sea-ranch-lakes-florida
https://www.ubereats.com/miami/food-delivery/la-molienda-latin/YHR7xGy0QQ6UxEIALuZ-Ew,sea-ranch-lakes-florida
https://www.ubereats.com/miami/food-delivery/amalias-bakery-%26-catering/FDW1HhAZTaOZK9FdpMGgkQ,sea-ranch-lakes-florida
https://www.ubereats.com/miami/food-delivery/subway-3316-n-federal-hwy/Kcleh_g2QJyrPo6v0g9n2Q,sea-ranch-lakes-florida
https://www.ubereats.com/miami/food-delivery/dixie-pig-bar-b-q/hwFSfLuWRi-6y6RxSTkpZA,sea-ranch-lakes-florida
https://www.ubereats.com/miami/food-delivery/miami-subs-grill-fort-lauderdale/YkeICyZcRcmdqB4g77z7Jw,sea-ranch-lakes-florida
https://www.ubereats.com/miami/food-delivery/chefpats-seafood-and-grill/-0LNPkzyQ_qLWGZdxObCtQ,sea-ranch-lakes-florida
https://www.ubereats.com/miami/food-delivery/gyroville-fort-lauderdale/ep7R5gxpSLaU9i8gKC2-RQ,sea-ranch-lakes-florida
https://www.ubereats.com/miami/food-delivery/feijao-com-arroz-restaurante-pompano-beach/11QwyQs-S0W22Ey3mBfujA,sea-ranch-lakes-florida
https://www.ubereats.com/miami/food-delivery/china-bowl-take-out/-newg_QtRHO-7_KqIzi-fg,sea-ranch-lakes-florida
https://www.ubereats.com/miami/food-delivery/el-granero-restaurant/fxi1fTv4RteillSXDk6rtQ,sea-ranch-lakes-florida
https://www.ubereats.com/miami/food-delivery/kilwins-lauderdale-by-the-sea/OVAG1ERZQhOyWqhCE3sywQ,sea-ranch-lakes-florida
https://www.ubereats.com/miami/food-delivery/osom-crepes-fort-lauderdale/Sv13qYJaTS6GtyJ_HUpbjA,sea-ranch-lakes-florida
https://www.ubereats.com/miami/food-delivery/ferdos-grill-fort-lauderdale/_M_FneFuSEmJRnVMalSIpQ,sea-ranch-lakes-florida
https://www.ubereats.com/miami/food-delivery/peking-duck-house/2JTYT_kBQXa029A6KxjmAg,sea-ranch-lakes-florida
https://www.ubereats.com/miami/food-delivery/the-hummus-house/MxoZnlaKSaSCnClZJYpXbQ,sea-ranch-lakes-florida
https://www.ubereats.com/miami/food-delivery/fratellis/lNxHl6UKQeagzIl3snjZcg,sea-ranch-lakes-florida
https://www.ubereats.com/miami/food-delivery/basilic-vietnamese-grill-fort-lauderdale/fNzJn9NXSVa6utEv1cpuRg,sea-ranch-lakes-florida
https://www.ubereats.com/miami/food-delivery/wongs-chinatown-restaurant/-wl7LdnBTFSVekdg4N3kwA,sea-ranch-lakes-florida
https://www.ubereats.com/miami/food-delivery/la-bella-cafe/vIYOfPLVR7yCAPjQxJf4dg,sea-ranch-lakes-florida
https://www.ubereats.com/miami/food-delivery/downstairs-market-oakland-park/_OORHYOURymQ0alzX0yszg,sea-ranch-lakes-florida
https://www.ubereats.com/miami/food-delivery/starbucks-commercial-%26-federal-hwy/-IgsDPAmTQ2BOT01TSDxGA,sea-ranch-lakes-florida
https://www.ubereats.com/miami/food-delivery/chefpats-seafood-%26-grill-oakland-park/2T71vOMmS7CXFlAPI8lacA,sea-ranch-lakes-florida
https://www.ubereats.com/miami/food-delivery/miami-subs-grill-oakland-park/bwQd9HUYRxOpIYMfm4Ls1Q,sea-ranch-lakes-florida
https://www.ubereats.com/miami/food-delivery/nikkis-orange-kitchen/tG-OZu4WTdmf_4_mtkDQ6A,sea-ranch-lakes-florida
https://www.ubereats.com/miami/food-delivery/bitelicious/AUz95b_zRl-u2Q908j3F9Q,sea-ranch-lakes-florida
https://www.ubereats.com/miami/food-delivery/christina-wans-mandarin-house/u3rLSTHERi2Qv6H7TAKV6Q,sea-ranch-lakes-florida
https://www.ubereats.com/miami/food-delivery/suviche-fort-lauderdale/BhCDa7RVR_uO5hxtjxO2uw,sea-ranch-lakes-florida
https://www.ubereats.com/miami/food-delivery/sip-java-express/caaQDRm5QM-Eu6PX3UA01g,sea-ranch-lakes-florida
https://www.ubereats.com/miami/food-delivery/greek-spice-grill-fort-lauderdale/s7hjZHkoRlWCF0rnSPm80g,sea-ranch-lakes-florida
https://www.ubereats.com/miami/food-delivery/j-marks/ultii0VkTvWwBtID5ziACg,sea-ranch-lakes-florida
https://www.ubereats.com/miami/food-delivery/vegan-cafe/P9tXmyrzTgaEnqt0CDfzaQ,sea-ranch-lakes-florida
https://www.ubereats.com/miami/food-delivery/miami-grill-west-sample/xKYwMi7ZTyexSrtbHr74sA,sea-ranch-lakes-florida
https://www.ubereats.com/miami/food-delivery/wicked-good-wings/UvrySSXuTTGpFR-sbdqebA,sea-ranch-lakes-florida
https://www.ubereats.com/miami/food-delivery/mora-grill/EA6BvN4wQqydxK7lYFM14Q,sea-ranch-lakes-florida
https://www.ubereats.com/miami/food-delivery/play-by-play-bar/OVlmwqyMRsel66RRQccpNA,sea-ranch-lakes-florida
https://www.ubereats.com/miami/food-delivery/mongolia-wok/OBT2Rk10Q9mUWYKnsuf42Q,sea-ranch-lakes-florida
https://www.ubereats.com/miami/food-delivery/nanou-bakery/IZwBfEuySKKzj6Z9E9rJdg,sea-ranch-lakes-florida
https://www.ubereats.com/miami/food-delivery/pdq-2341-n-federal-hwy-pompano-beach/YslahlnzR3KGc73M25_68A,sea-ranch-lakes-florida
https://www.ubereats.com/miami/food-delivery/grandmas-kitchen-of-soul/zez98oTSRI2JzXB9KBpiNA,sea-ranch-lakes-florida
https://www.ubereats.com/miami/food-delivery/house-of-salads/f3RS3mmvRe-FjcNsX0aZpg,sea-ranch-lakes-florida
https://www.ubereats.com/miami/food-delivery/fuzzys-taco-shop-854-w-cypress-creek-rd/YHOAvx3dRlCssa7NRVtYVw,sea-ranch-lakes-florida
https://www.ubereats.com/miami/food-delivery/wendys-2500-west-atlantic-blvd/EfJ505uAQuWo5UYMNgicZg,sea-ranch-lakes-florida
https://www.ubereats.com/miami/food-delivery/antojitos-to-go/MrcC5f4wQrGUrihUQXiFOw,sea-ranch-lakes-florida
https://www.ubereats.com/miami/food-delivery/cao-bakery-%26-cafe-fort-lauderdale/VuK5u8kcR2-qxuMNYhd25w,sea-ranch-lakes-florida
https://www.ubereats.com/miami/food-delivery/sapido-restaurant-%26-cafe/QY32nGmbSjqT0DEtEkwqHA,sea-ranch-lakes-florida
https://www.ubereats.com/miami/food-delivery/dunkin-1305-s-military-trail/J9BSj54ETK6OXmXdMkKpVA,sea-ranch-lakes-florida
https://www.ubereats.com/miami/food-delivery/strictly-wings/9JOWAVAATp2MQtaR0oEX8A,sea-ranch-lakes-florida
https://www.ubereats.com/miami/food-delivery/moms-kitchen/wTt0QgIlQK6vC5G8LEsI9Q,sea-ranch-lakes-florida
https://www.ubereats.com/miami/food-delivery/bean-to-brew/yaA24b-KSQiL7rgeZmVU8Q,sea-ranch-lakes-florida
https://www.ubereats.com/miami/food-delivery/thai-bayshore-restaurant/AmRT7ZS-TciXt0SQSuXUIA,sea-ranch-lakes-florida
https://www.ubereats.com/miami/food-delivery/bufarella-la-pizza-di-napoli/xv0M9fDtSgqGZZlr1wm4Ag,sea-ranch-lakes-florida
https://www.ubereats.com/miami/food-delivery/here-%26-now-hospitality/nlCfIHlhTRCqGhIz3IvFzw,sea-ranch-lakes-florida
https://www.ubereats.com/miami/food-delivery/smoothie-jungle/mkvCoCmAQ2mxcm5Y9QIbrw,sea-ranch-lakes-florida
https://www.ubereats.com/miami/food-delivery/bona-wilton-dr/6ngGt7F5TFa2nfClTMMwVw,sea-ranch-lakes-florida
https://www.ubereats.com/miami/food-delivery/boston-market-3102-w-commercial-blvd/I3g5OvsST5CJfi5J7_H8cg,sea-ranch-lakes-florida
https://www.ubereats.com/miami/food-delivery/alexsandras-caribbean-cafe/-89xfI3OQp69JTWxr_XnUg,sea-ranch-lakes-florida
https://www.ubereats.com/miami/food-delivery/naanwich/2jjUXvHaTxiNNfKRolLBng,sea-ranch-lakes-florida
https://www.ubereats.com/miami/food-delivery/cuscatlan-restaurant-oakland-park/j-CpTrFiSh2XwOqUAQaUUQ,sea-ranch-lakes-florida
https://www.ubereats.com/miami/food-delivery/moonlite-diner-fort-lauderdale/sv7mMeCyTISmL_xtS6_rpA,sea-ranch-lakes-florida
https://www.ubereats.com/miami/food-delivery/panera-204724/P4OjxJ0-RaSP27lwKxaacQ,sea-ranch-lakes-florida
https://www.ubereats.com/miami/food-delivery/ciao-ammore-trattoria/RlE3zqmxQE2OQLkfM5lMHA,sea-ranch-lakes-florida
https://www.ubereats.com/miami/food-delivery/great-indian-grill/H-tXSz6gRlKCuleBk2pI5Q,sea-ranch-lakes-florida
https://www.ubereats.com/miami/food-delivery/offerdahls-off-the-grill/gznq9hU1RaCNrGr3sH6Djw,sea-ranch-lakes-florida
https://www.ubereats.com/miami/food-delivery/the-onion-roll/G-YsdQGLRdSe_efq6JHw7w,sea-ranch-lakes-florida
https://www.ubereats.com/miami/food-delivery/brgr-stop-fort-lauderdale/Qa3C_lHSR2CP-PbW7re20g,sea-ranch-lakes-florida
https://www.ubereats.com/miami/food-delivery/padrinos-cuban-cuisine-ft-lauderdale/e1uJL4ZDTIGQEaKqe0I7Hw,sea-ranch-lakes-florida
https://www.ubereats.com/miami/food-delivery/dairy-queen-grill-%26-chill-5810-n-federal-hwy/FIVXzHyqSKCTAuwhMP0esA,sea-ranch-lakes-florida
https://www.ubereats.com/miami/food-delivery/bohemian-latin-grill/aYRweh2rRie0vO0P-dHMMg,sea-ranch-lakes-florida
https://www.ubereats.com/miami/food-delivery/red-lobster-5950-n-federal-hwy/-jpUn0QRTz6bymd6xfeF7A,sea-ranch-lakes-florida
https://www.ubereats.com/miami/food-delivery/subway-2715-n-dixie-hwy/AGXtXDE1RVSbC4inVtlysA,sea-ranch-lakes-florida
https://www.ubereats.com/miami/food-delivery/ma-now-asian-express/Ngx3JOpOTeuUNfR9hCVnQA,sea-ranch-lakes-florida
https://www.ubereats.com/miami/food-delivery/kfc-7107-w-mcnab-rd/q59_OnHTRkihIKpWua6tTA,sea-ranch-lakes-florida
https://www.ubereats.com/miami/food-delivery/mcdonalds-lauderdale-lakes/TI_i_GA8QKKs09jhYU648Q,sea-ranch-lakes-florida
https://www.ubereats.com/miami/food-delivery/481-applebees-margate/TW2vz_KDSgaKuLTbj9KSEA,sea-ranch-lakes-florida
https://www.ubereats.com/miami/food-delivery/stout-bar-%26-grill-fort-lauderdale/MXLv55QUS_6Tq0oXnYfasQ,sea-ranch-lakes-florida
https://www.ubereats.com/miami/food-delivery/burgers-and-suds/rwW2g_l9R3SV8JAUW20Iyg,sea-ranch-lakes-florida
https://www.ubereats.com/miami/food-delivery/las-orquideas-pompano-beach/dpjjm3fTSiimWtoo6BsT8Q,sea-ranch-lakes-florida
https://www.ubereats.com/miami/food-delivery/subway-6251-n-powerline-rd/XGlK59yUQLScMdGZ_I-DyQ,sea-ranch-lakes-florida
https://www.ubereats.com/miami/food-delivery/first-watch-sea-ranch/Gp7-I6AvRR2X0fcHQqZtuA,sea-ranch-lakes-florida
https://www.ubereats.com/miami/food-delivery/java-%26-jam/fXFySck1TPyPGIRwJsqzzw,sea-ranch-lakes-florida
https://www.ubereats.com/miami/food-delivery/legends-tavern-%26-grille-pompano-beach/2_bDGSS8Sk2eonbeddUSlA,sea-ranch-lakes-florida
https://www.ubereats.com/miami/food-delivery/mcdonalds-2025-east-atlantic-blvd/0tlcZTyZRKmEB8ONxF19yA,sea-ranch-lakes-florida
https://www.ubereats.com/miami/food-delivery/wendys-1190-ne-23rd-street/azc1paDRSgmPzx-u5eOtSA,sea-ranch-lakes-florida
https://www.ubereats.com/miami/food-delivery/smoothie-jungle-oakland-park/6CfikNnARM2RyFWUX483ig,sea-ranch-lakes-florida
https://www.ubereats.com/miami/food-delivery/shipwreckers/WyJDqEI0TN6psB0jEANZIQ,sea-ranch-lakes-florida
https://www.ubereats.com/miami/food-delivery/dream-cream-2600-hammondville/_AukgIsqRQeTLRxF7OCeUg,sea-ranch-lakes-florida
https://www.ubereats.com/miami/food-delivery/mcdonalds-lighthouse-point/wQXj7hLzTzOCXZ4N0cXayg,sea-ranch-lakes-florida
https://www.ubereats.com/miami/food-delivery/brunias-caribbean-take-out-restaurant/m6VWJL91SnisD88bL0boZA,sea-ranch-lakes-florida
https://www.ubereats.com/miami/food-delivery/playa-bowls-fort-lauderdale/3IMOzyNtS6C0YwM4Z4UzYA,sea-ranch-lakes-florida
https://www.ubereats.com/miami/food-delivery/beehive-kitchen-cypress-creek/is6ty_P8Qsib9d-7z4tgHw,sea-ranch-lakes-florida
https://www.ubereats.com/miami/food-delivery/new-york-grilled-cheese-fort-lauderdale/CX2Yy9ALQW6jYNmWw7hM8A,sea-ranch-lakes-florida
https://www.ubereats.com/miami/food-delivery/village-cafe/Ww6_u0YPRkC8bPa8cMCslQ,sea-ranch-lakes-florida
https://www.ubereats.com/miami/food-delivery/thai-on-the-beach/ZYkjwu_CQVSeZ2RftxVgdA,sea-ranch-lakes-florida
https://www.ubereats.com/miami/food-delivery/the-poke-house/9igAKw3xS5C_W-HTvfsekg,sea-ranch-lakes-florida
https://www.ubereats.com/miami/food-delivery/popeyes-louisiana-kitchen-pompano-beach/rwzk70d0RVifJxHnGKejLQ,sea-ranch-lakes-florida
https://www.ubereats.com/miami/food-delivery/galata-kebab-%26-pide-house/tIRKaKk_RP2FQOco0dLqdw,sea-ranch-lakes-florida
https://www.ubereats.com/miami/food-delivery/fat-boyz-bbq/w-FVqLSpQIiqYqxPy8XdxQ,sea-ranch-lakes-florida
https://www.ubereats.com/miami/food-delivery/quates-mexican-restaurant-oakland-park/qKwebEoUQpaUiAbCrBEXcQ,sea-ranch-lakes-florida
https://www.ubereats.com/miami/food-delivery/storks-bakery-%26-cafe/5b-HJXdCQ0yw5BrC8bpBsg,sea-ranch-lakes-florida
https://www.ubereats.com/miami/food-delivery/almacen-de-empanadas/DxxBEVelTl-r2HzuJJhObw,sea-ranch-lakes-florida
https://www.ubereats.com/miami/food-delivery/purely-pressed-juice-company/bFIw0KeWTbyEDQhquwi2IA,sea-ranch-lakes-florida
https://www.ubereats.com/miami/food-delivery/circle-house-coffee/200KGUF6Tr-4ojE_8OOBKw,sea-ranch-lakes-florida
https://www.ubereats.com/miami/food-delivery/outback-steakhouse-1801-southeast-10th-avenue/8uJVnpsKTv-rkE3DikoT8A,sea-ranch-lakes-florida
https://www.ubereats.com/miami/food-delivery/boston-market-1781-e-commercial-blvd/Q9vX3BRmTtG_s1q4eHZ8NQ,sea-ranch-lakes-florida
https://www.ubereats.com/miami/food-delivery/la-mexicana-taco-bar/9FdgVO3WTo6O30yQh4-vsw,sea-ranch-lakes-florida
https://www.ubereats.com/miami/food-delivery/teriyaki-express/DcKJJL8dTnyutr50k_73_g,sea-ranch-lakes-florida
https://www.ubereats.com/miami/food-delivery/hero-thai-sushi-hibachi/NAWwNXltTb-Brdgb4P8EZA,sea-ranch-lakes-florida
https://www.ubereats.com/miami/food-delivery/donnas-caribbean-restaurant-pompano-beach/l5BnnkN8R7-IqMWFfmT0Nw,sea-ranch-lakes-florida
https://www.ubereats.com/miami/food-delivery/pie-zans-fort-lauderdale/AFCQs7G1QDiaVw-p_nipfQ,sea-ranch-lakes-florida
https://www.ubereats.com/miami/food-delivery/chens-garden/Z7hKWMN9TwOvDyovVmnrJQ,sea-ranch-lakes-florida
https://www.ubereats.com/miami/food-delivery/bc-tacos-mobile-food-truck/2OztiYVhTYu36Hv2oXh6-Q,sea-ranch-lakes-florida
https://www.ubereats.com/miami/food-delivery/wendys-1631-east-sunrise-boulevard/_r8r3r9ATmSd3xTa_YVPYA,sea-ranch-lakes-florida
https://www.ubereats.com/miami/food-delivery/bokampers-sports-bar-%26-grill-fort-lauderdale/3455z8zaR8SQmA72dwNiOQ,sea-ranch-lakes-florida
https://www.ubereats.com/miami/food-delivery/hot-lime-fort-lauderdale/5jXqqtuLTIm9hNTsscDT6Q,sea-ranch-lakes-florida
https://www.ubereats.com/miami/food-delivery/pump-sushi-and-thai-cuisine/ynInsF-tQlW1OByrw4rnBA,sea-ranch-lakes-florida
https://www.ubereats.com/miami/food-delivery/shake-shop/J9M-cBYDSi6SpuXq-jf1ng,sea-ranch-lakes-florida
https://www.ubereats.com/miami/food-delivery/mcdonalds-broward-blvd/4ffZjo8oRJi6e4KMjnDfgg,sea-ranch-lakes-florida
https://www.ubereats.com/miami/food-delivery/carrabbas-1299-south-federal-hwy/XOu45AnBRjeMxxS6aZ2w_w,sea-ranch-lakes-florida
https://www.ubereats.com/miami/food-delivery/world-famous-fort-lauderdale/QJGmpXaxROu709ODJ6sOxw,sea-ranch-lakes-florida
https://www.ubereats.com/miami/food-delivery/681-seafood-and-southern-bites/Gmd8UXmwSteI7D4BlfWOZQ,sea-ranch-lakes-florida
https://www.ubereats.com/miami/food-delivery/checkers-1401-sw-26th-ave/RcGi0lVgRxqEPoNsbl510Q,sea-ranch-lakes-florida
https://www.ubereats.com/miami/food-delivery/island-palate-catering/PTgNcdoaQAi464dwD6FHjQ,sea-ranch-lakes-florida
https://www.ubereats.com/miami/food-delivery/sr-ceviche-margate/_qQvygZHSpmepdgwovtaFQ,sea-ranch-lakes-florida
https://www.ubereats.com/miami/food-delivery/kith-%26-co/p0MjpE76Qh-pn8VywXSVXA,sea-ranch-lakes-florida
https://www.ubereats.com/miami/food-delivery/just-salad-fort-lauderdale/_cDNityDSgWn-Hh6wNj90g,sea-ranch-lakes-florida
https://www.ubereats.com/miami/food-delivery/cafe-la-buca/jUhqiyXaRt2U_dft3YdUFg,sea-ranch-lakes-florida
https://www.ubereats.com/miami/food-delivery/char-hut-oakland-park/mf9BDOmrQsKYjnOT6bNYVg,sea-ranch-lakes-florida
https://www.ubereats.com/miami/food-delivery/chicago-stuffed-pizza-co/d8gdWpsXQ0uemRuMhBsOwA,sea-ranch-lakes-florida
https://www.ubereats.com/miami/food-delivery/dunkin-1405-s-powerline-rd/L_ZUwY8qSlOieowzcoZL3w,sea-ranch-lakes-florida
https://www.ubereats.com/miami/food-delivery/burger-king-5556-n-federal-hwy/ed00IM0ZRyG9vkTGoxGy0A,sea-ranch-lakes-florida
https://www.ubereats.com/miami/food-delivery/new-china-restaurant-%E6%96%B0%E4%B8%AD%E5%9B%BD%E9%A4%90%E9%A6%86/qbaF9hm8RAmHacCNxa6xgQ,sea-ranch-lakes-florida
https://www.ubereats.com/miami/food-delivery/sadies-grill/IB_-rMNFTwGfS1onmd1P8A,sea-ranch-lakes-florida
https://www.ubereats.com/miami/food-delivery/roccos-tacos-fort-lauderdale/3mjDX_6UQzCxrd6EIOENrQ,sea-ranch-lakes-florida
https://www.ubereats.com/miami/food-delivery/taco-grill/_Mp_khpoR82OZC8573hj7A,sea-ranch-lakes-florida
https://www.ubereats.com/miami/food-delivery/ming-kong-chinese-restaurant/ehVpD52zQ0C4gUsSj4HTgw,sea-ranch-lakes-florida
https://www.ubereats.com/miami/food-delivery/get-reel-ceviche-fort-lauderdale/aTNqz1F3SnGfd6joe04hCg,sea-ranch-lakes-florida
https://www.ubereats.com/miami/food-delivery/burger-king-1-n-w-oakland-park-boulevard/ZK0lK2ZLTWGWrLJuFh9fgQ,sea-ranch-lakes-florida
https://www.ubereats.com/miami/food-delivery/thai-moon-by-the-sea/kGy45dFUTpiCId4VjgiUWA,sea-ranch-lakes-florida
https://www.ubereats.com/miami/food-delivery/henrys-china-house/mj-Nz4RXR7eWWAi_xEXGHQ,sea-ranch-lakes-florida
https://www.ubereats.com/miami/food-delivery/vegan-on-the-go-pompano-beach-llc/opGGLOnCS-Ckzfxqp8_zng,sea-ranch-lakes-florida
https://www.ubereats.com/miami/food-delivery/pizza-on-the-beach/7UGWzvsVS_ewIW-UZutNvw,sea-ranch-lakes-florida
https://www.ubereats.com/miami/food-delivery/quesadilla-veloz/lggTk1a-T6iZVUDxdscslw,sea-ranch-lakes-florida
https://www.ubereats.com/miami/food-delivery/artisan-mkt/ZTzH0DqiR9imMROmHqPuPw,sea-ranch-lakes-florida
https://www.ubereats.com/miami/food-delivery/jb%26c-juice-bar-%26-cafe/dzY1QEP0QeyyFKwjnfVOUQ,sea-ranch-lakes-florida
https://www.ubereats.com/miami/food-delivery/habaneros-mexican-taqueria/EqHv74EmRVWkgrdbPXdZkQ,sea-ranch-lakes-florida
https://www.ubereats.com/miami/food-delivery/taco-bell-593-east-oakland-park-blvd/HhkYd3a5RxCjlkFwD9ukzQ,sea-ranch-lakes-florida
https://www.ubereats.com/miami/food-delivery/bella-monte-italian-delicatessen/_3sBxSJsQQS6JUJHNiHX9Q,sea-ranch-lakes-florida
https://www.ubereats.com/miami/food-delivery/fuku-mia17-2/_Qeu4ggeRAa3R6PzIs76Hw,sea-ranch-lakes-florida
https://www.ubereats.com/miami/food-delivery/fresh-mexi-bowls/peXn3tShQOOukgEdIWhyng,sea-ranch-lakes-florida
https://www.ubereats.com/miami/food-delivery/wendys-1840-east-atlantic-blvd/VOQDtmh2SRaAFdPHSZTbnQ,sea-ranch-lakes-florida
https://www.ubereats.com/miami/food-delivery/piezanos-pompano/RhB0fuiYQZK5TBCjvxkvAg,sea-ranch-lakes-florida
https://www.ubereats.com/miami/food-delivery/juice-2u-pompano/1NEWYeRSQYmnUzDzWxJRdA,sea-ranch-lakes-florida
https://www.ubereats.com/miami/food-delivery/gorilla-joes/fhhRWb0jQPGG74AvvIMlxQ,sea-ranch-lakes-florida
https://www.ubereats.com/miami/food-delivery/mnjs-kitchen/HvDim3ScQEOshGriS5NnOA,sea-ranch-lakes-florida
https://www.ubereats.com/miami/food-delivery/mini-pita/XeXaf3w4SPeNvhdocS28uA,sea-ranch-lakes-florida
https://www.ubereats.com/miami/food-delivery/chima-steakhouse/7R1PpSGTSP2TmwY7XXCHfA,sea-ranch-lakes-florida
https://www.ubereats.com/miami/food-delivery/golden-rice-bowl/fUksaqUgSruuudD7xcewAw,sea-ranch-lakes-florida
https://www.ubereats.com/miami/food-delivery/sushi-asami/-KF2vAJER_mOjhQ3DFtJ6A,sea-ranch-lakes-florida
https://www.ubereats.com/miami/food-delivery/happy-house-chinese-restaurant/utAGYRzJTwKQj54tGM0FLA,sea-ranch-lakes-florida
https://www.ubereats.com/miami/food-delivery/ggs-of-new-york/hEMr0b7yRLq8ikeqm4zVqA,sea-ranch-lakes-florida
https://www.ubereats.com/miami/food-delivery/pita-manor/2OakWOlUTSmcTjdxgqtN1g,sea-ranch-lakes-florida
https://www.ubereats.com/miami/food-delivery/burger-king-1701-south-federal-highway/QbtuxfGYRFiAzdkNsgv45g,sea-ranch-lakes-florida
https://www.ubereats.com/miami/food-delivery/tucker-dukes/S8rZypE0RpiLCFWx-olS0Q,sea-ranch-lakes-florida
https://www.ubereats.com/miami/food-delivery/burger-king-2350-west-atlantic-boulevard/MVVR3KtaQe2iRFS0-WNj8Q,sea-ranch-lakes-florida
https://www.ubereats.com/miami/food-delivery/jamba-juice-coral-ridge-mall/Qd-bvbdeT9-XRo7HJ8TacQ,sea-ranch-lakes-florida
https://www.ubereats.com/miami/food-delivery/milk-money-bar-%26-kitchen/6oUOWiPeTCCbNxcJBXbFow,sea-ranch-lakes-florida
https://www.ubereats.com/miami/food-delivery/living-green-fresh-market-fort-lauderdale/kwBNlGuWSw2MnVA00zceAA,sea-ranch-lakes-florida
https://www.ubereats.com/miami/food-delivery/the-gyro-joint/ZR880m49Soi7f3JIfI0wjg,sea-ranch-lakes-florida
https://www.ubereats.com/miami/food-delivery/tango-cafe/S4kkNr7uROmN3Pbl1FOcFw,sea-ranch-lakes-florida
https://www.ubereats.com/miami/food-delivery/whales-bar-and-grill/xWr8osx1TniZVt_swI5cjg,sea-ranch-lakes-florida
https://www.ubereats.com/miami/food-delivery/unleash-life-cold-pressed-juice-delivery/z66QCarnT7KGsA0OZDPfHg,sea-ranch-lakes-florida
https://www.ubereats.com/miami/food-delivery/rocken-dogs-%26-catering-inc/KCIgLTlwRt-mRxizFfVzgg,sea-ranch-lakes-florida
https://www.ubereats.com/miami/food-delivery/dannys-bbq/r48o-KSoScmuY6TeIwTlzA,sea-ranch-lakes-florida
https://www.ubereats.com/miami/food-delivery/mcdonalds-commercial/w8sFC8PyTieAaZSWdxdXdw,sea-ranch-lakes-florida
https://www.ubereats.com/miami/food-delivery/beijing-chinese-food/CfwUFljzTjGJrggsDXhz2Q,sea-ranch-lakes-florida
https://www.ubereats.com/miami/food-delivery/sidewalk-chef-kitchen/eCPo5h2xS2ufuJFinaXKoQ,sea-ranch-lakes-florida
https://www.ubereats.com/miami/food-delivery/wicked-pizza/d_Lq5lfITMWD6MdqTiECqg,sea-ranch-lakes-florida
https://www.ubereats.com/miami/food-delivery/dangerous-minds-brewing-company/8F19g509QNqNtmImLDEh1Q,sea-ranch-lakes-florida
https://www.ubereats.com/miami/food-delivery/fern-gully-grill-pompano-2617-atlantic/0BaqCaQQRpqRawTvKES4_w,sea-ranch-lakes-florida
https://www.ubereats.com/miami/food-delivery/pdq-oakland-park/JdziBROmR2WH3Ha4HRPU6A,sea-ranch-lakes-florida
https://www.ubereats.com/miami/food-delivery/fetta-republic-lighthouse/mfGo4l0MTi20C4lKGEnL9g,sea-ranch-lakes-florida
https://www.ubereats.com/miami/food-delivery/mcsorleys-beach-pub/ebUGJ_XyS3KJo6ccDya_Uw,sea-ranch-lakes-florida
https://www.ubereats.com/miami/food-delivery/jade-flower/w-Xmpd_rT2-qZl1eU6PYaA,sea-ranch-lakes-florida
https://www.ubereats.com/miami/food-delivery/living-green-fresh-market-pompano/b4CZFYcPQNePD26OS0cf4A,sea-ranch-lakes-florida
https://www.ubereats.com/miami/food-delivery/duffys-diner/WjdRRleiQIOk6FgcrnLUYA,sea-ranch-lakes-florida
https://www.ubereats.com/miami/food-delivery/il-paesano-fort-lauderdale/YYz651seS06fgIrQJipWxg,sea-ranch-lakes-florida
https://www.ubereats.com/miami/food-delivery/the-sandwich-spot/oWa98T9oRJiV0JzUyZaXpA,sea-ranch-lakes-florida
https://www.ubereats.com/miami/food-delivery/mexican-supermarket/f1xzo56uTyOL_S-ekIxiSQ,sea-ranch-lakes-florida
https://www.ubereats.com/miami/food-delivery/charleys-philly-steaks-%26-wings-riverbend-marketplace/ozl3jgeERc-IXEcz_w7azA,sea-ranch-lakes-florida
https://www.ubereats.com/miami/food-delivery/sushi-song-ocean-boulevard/BVlS1S-DRnO5fiH3lG1IuQ,sea-ranch-lakes-florida
https://www.ubereats.com/miami/food-delivery/taco-bell-2466-n-state-road-7/jlw92bZJTG-tqZPAQon07Q,sea-ranch-lakes-florida
https://www.ubereats.com/miami/food-delivery/bufarella-genuine-italian-gourmet/U-DuMCFUS3-HzDZseHM_ZQ,sea-ranch-lakes-florida
https://www.ubereats.com/miami/food-delivery/casa-do-pastel-east-sample/gbkyH6pYT8if0OEvk-6uEA,sea-ranch-lakes-florida
https://www.ubereats.com/miami/food-delivery/miyi-la-cubanita-cuban-cafe/I97m8UmUS5KY4ItiSRpR-A,sea-ranch-lakes-florida
https://www.ubereats.com/miami/food-delivery/mcdonalds-coral-ridge/JRefqs7WR3aAWt2Fbf1cQA,sea-ranch-lakes-florida
