url,city
https://www.ubereats.com/new-jersey/food-delivery/ob-cos-donuts/N5KBkrHaR1eKwQhWy8L3hg,seaside-heights-new-jersey
https://www.ubereats.com/new-jersey/food-delivery/jersey-mikes-subs-884-fischer-blvd/VPuiw6bjQCOSLvqZYWLwNA,seaside-heights-new-jersey
https://www.ubereats.com/new-jersey/food-delivery/wepa-quenepa-puerto-rican-food/rr-SxHtWQOeLOLEvAszkDw,seaside-heights-new-jersey
https://www.ubereats.com/new-jersey/food-delivery/jersey-mikes-2085-route-88/oT6Fwk1-SiSRG8pOAejcHQ,seaside-heights-new-jersey
https://www.ubereats.com/new-jersey/food-delivery/bubbakoos-burritos/t6tj-wBqT5ScqTK5j1Q86w,seaside-heights-new-jersey
https://www.ubereats.com/new-jersey/food-delivery/el-campesino-mexican-restaurant/S_ZuNbUQQeSNuh_kZrrryg,seaside-heights-new-jersey
https://www.ubereats.com/new-jersey/food-delivery/crystal-diner/npxreYAsQ-aNelZe-CWXPg,seaside-heights-new-jersey
https://www.ubereats.com/new-jersey/food-delivery/dunkin-1594-lakewood-rd/mlnHCFitQe6HR2uiHYpBHg,seaside-heights-new-jersey
https://www.ubereats.com/new-jersey/food-delivery/koi-asian-fusion-lounge/4V6-ZB0WRsClXVQkNO4g1g,seaside-heights-new-jersey
https://www.ubereats.com/new-jersey/food-delivery/beachcomber-bar-%26-grill/vNY7VaZMRWelRNEn9N6RpA,seaside-heights-new-jersey
https://www.ubereats.com/new-jersey/food-delivery/taco-bell-238-n-main-st/-U_QWDKBRWeE9Tia0YJPXQ,seaside-heights-new-jersey
https://www.ubereats.com/new-jersey/food-delivery/ichiban-toms-river/YEz1DHL2Qlai81Vek-z1MQ,seaside-heights-new-jersey
https://www.ubereats.com/new-jersey/food-delivery/joes-bagel-%26-grill-brick/VMTsnxJzStCL-mo_NU5dRg,seaside-heights-new-jersey
https://www.ubereats.com/new-jersey/food-delivery/kfc-222-route-37-east/23mR61ZgRz-DXn-EHvmadg,seaside-heights-new-jersey
https://www.ubereats.com/new-jersey/food-delivery/whitesville-market-%26-deli/KV9Gn3sCSLGPWPHF8hwDwQ,seaside-heights-new-jersey
https://www.ubereats.com/new-jersey/food-delivery/pizza-hut-211-route-37-e/_yFxyj2wRgK1A1WmlZ5thA,seaside-heights-new-jersey
https://www.ubereats.com/new-jersey/food-delivery/artisans-brewery-and-italian-grill/fejbTcowQfGw3tzGYzSUeA,seaside-heights-new-jersey
https://www.ubereats.com/new-jersey/food-delivery/burger-king-44-route-37-e/NPnwE70hQ0W50mCyDZrL5A,seaside-heights-new-jersey
https://www.ubereats.com/new-jersey/food-delivery/playa-bowls-lacey/jJJ5knIpQj6rbtgEKejLdQ,seaside-heights-new-jersey
https://www.ubereats.com/new-jersey/food-delivery/157-applebees-toms-river/JP6W-A82QMemDcRYjmjHAQ,seaside-heights-new-jersey
https://www.ubereats.com/new-jersey/food-delivery/lava-java/y6Ri53sKRHG9ZlLj_xi5Sw,seaside-heights-new-jersey
https://www.ubereats.com/new-jersey/food-delivery/saladworks-toms-river/OsSOIwF4QqiDZ5jTkcBP-g,seaside-heights-new-jersey
https://www.ubereats.com/new-jersey/food-delivery/summer-sweets/Bs6CHNohQ-iv2WvjJ716rQ,seaside-heights-new-jersey
https://www.ubereats.com/new-jersey/food-delivery/surf-taco-silverton/A35sno5JRIWo7rIxGQd7_g,seaside-heights-new-jersey
https://www.ubereats.com/new-jersey/food-delivery/auntie-annes-950-route-37-west/KE9Y9P7SRB2wcoycSznsXw,seaside-heights-new-jersey
https://www.ubereats.com/new-jersey/food-delivery/checkers-140-route-37-east/wN9ioYDoT5ewfXUlt6_SWw,seaside-heights-new-jersey
https://www.ubereats.com/new-jersey/food-delivery/spanos-sub-shop/iPbHSZg9T2CM3tQH1uc7bg,seaside-heights-new-jersey
https://www.ubereats.com/new-jersey/food-delivery/mcdonalds-6-rt-35/0Xg_FgXORd6eEvNi5uAu3w,seaside-heights-new-jersey
https://www.ubereats.com/new-jersey/food-delivery/smashburger-2-w-rte-37-unit-b-3/LiDbwTAyThWGmHLHfNtwEQ,seaside-heights-new-jersey
https://www.ubereats.com/new-jersey/food-delivery/friendlys-1210-hooper-avenue/uZhGYcj0QAKKsjvlRN-psw,seaside-heights-new-jersey
https://www.ubereats.com/new-jersey/food-delivery/ruby-tuesday-1311-rt-37-west/yJiFLByyRhS5NR_h5A4YAg,seaside-heights-new-jersey
https://www.ubereats.com/new-jersey/food-delivery/glatt-gourmet/YLJ9snsrQe2j3BxVFYbq4A,seaside-heights-new-jersey
https://www.ubereats.com/new-jersey/food-delivery/manhattan-bagel-14-route-37-e/zz7EiJAjQrCUDkeg9oBerA,seaside-heights-new-jersey
https://www.ubereats.com/new-jersey/food-delivery/playa-bowls-brick/Q_HpJn6cQwGtlVnmAXRfSQ,seaside-heights-new-jersey
https://www.ubereats.com/new-jersey/food-delivery/frankies-pizza-%26-restaurant-atlantic-city-blvd/biysPQQhTyqzP7oe0nfLcQ,seaside-heights-new-jersey
https://www.ubereats.com/new-jersey/food-delivery/the-greenery-juice-bar-and-cafe/sDbOGdYbRuS_TRurk2RajA,seaside-heights-new-jersey
https://www.ubereats.com/new-jersey/food-delivery/red-lobster-1298-hooper-avenue/cIymf9l-SIaeof0G8i953w,seaside-heights-new-jersey
https://www.ubereats.com/new-jersey/food-delivery/bjs-restaurant-%26-brewhouse-1275-hooper-avenue/Kv0_AO3JRcWR2_77TxwmSA,seaside-heights-new-jersey
https://www.ubereats.com/new-jersey/food-delivery/bun-burger-kitchen/ANoQYehWQiWeotcCu9zz5w,seaside-heights-new-jersey
https://www.ubereats.com/new-jersey/food-delivery/philly-pretzel-factory-309-atlantic-city-blvd/r98afZV7SLiyvEgLPabJvQ,seaside-heights-new-jersey
https://www.ubereats.com/new-jersey/food-delivery/dunkin-477-us-highway-9/rOi8-TwuQJmP6OG74HRLFA,seaside-heights-new-jersey
https://www.ubereats.com/new-jersey/food-delivery/outback-steakhouse-2770-hooper-avenue/lJiCjZluSsW4qKeIQjA8Dw,seaside-heights-new-jersey
https://www.ubereats.com/new-jersey/food-delivery/playa-bowls-603-grand-central-ave/Xuq-1PcHQQ6ucLyRR5Zdow,seaside-heights-new-jersey
https://www.ubereats.com/new-jersey/food-delivery/meemoms-brick/5yIOtiylS1OWIOuA93U7Xw,seaside-heights-new-jersey
https://www.ubereats.com/new-jersey/food-delivery/el-tenampa/J315iSbvQLSfhbyRSyDEtA,seaside-heights-new-jersey
https://www.ubereats.com/new-jersey/food-delivery/jersey-mikes-subs-1-route-37-west/CbwL8A56QwWnsx6PIlSQiQ,seaside-heights-new-jersey
https://www.ubereats.com/new-jersey/food-delivery/via-roma/TAYuM4hHSXWQIpoCz2eeUA,seaside-heights-new-jersey
https://www.ubereats.com/new-jersey/food-delivery/dairy-queen-treat-493-us-hwy-9/DzDuZmkLSbqwoJaJqkClNA,seaside-heights-new-jersey
https://www.ubereats.com/new-jersey/food-delivery/sweetberry-bowls-lacey/odYFz8wtQu6RKKTwj_S-eQ,seaside-heights-new-jersey
https://www.ubereats.com/new-jersey/food-delivery/buffalo-wild-wings-2-route-37-w-%23-c-4/2ZVLNcCNS6ST085MF6Un9w,seaside-heights-new-jersey
https://www.ubereats.com/new-jersey/food-delivery/schianos-pizza-bayville/cxPsfPOoQYGKR4r5ByMRmA,seaside-heights-new-jersey
https://www.ubereats.com/new-jersey/food-delivery/dunkin-1245-lakewood-rd-rt-166/AfUREvwhTOKWKyLzDc26zw,seaside-heights-new-jersey
https://www.ubereats.com/new-jersey/food-delivery/luigis-famous-pizza/9m-zemR_T0GFcJdqMB4BEA,seaside-heights-new-jersey
https://www.ubereats.com/new-jersey/food-delivery/jersey-mikes-333-atlantic-city-blvd/0WOHXq26RD-e9j2Fb1UXdA,seaside-heights-new-jersey
https://www.ubereats.com/new-jersey/food-delivery/wendys-444-rt-37-east/sTG7BWr9T7mDJ3Lzp-coZg,seaside-heights-new-jersey
https://www.ubereats.com/new-jersey/food-delivery/chipotle-mexican-grill-1258-hooper-ave/R8eXBV-6TWu8jh79-_uwnw,seaside-heights-new-jersey
https://www.ubereats.com/new-jersey/food-delivery/pita-hut-river-ave/CsahS3zJQeSUl6pyeWscTg,seaside-heights-new-jersey
https://www.ubereats.com/new-jersey/food-delivery/marucas-pizza/7r9ZXPELQ5m5YEXIeJuTdA,seaside-heights-new-jersey
https://www.ubereats.com/new-jersey/food-delivery/wawa-0995-179-route-37-east/zeXltdSbSs6k_kWN40jvzA,seaside-heights-new-jersey
https://www.ubereats.com/new-jersey/food-delivery/152-applebees-%E2%80%93-brick/yc3nY72GQXe-ohFMmqyfcQ,seaside-heights-new-jersey
https://www.ubereats.com/new-jersey/food-delivery/bubbakoos-burritos/1y0aG6t9Qo6il4Iw4Tee9g,seaside-heights-new-jersey
https://www.ubereats.com/new-jersey/food-delivery/kfc-468-brick-blvd/fm5DYriuR46QyjfH1Hd8Rg,seaside-heights-new-jersey
https://www.ubereats.com/new-jersey/food-delivery/johnny-gs-italian-restaurant/ioS4m8tqToqM8oo_W3gBZw,seaside-heights-new-jersey
https://www.ubereats.com/new-jersey/food-delivery/wawa-0997-116-brick-blvd/Dg9IDAKPSzSU9tckR0aRVA,seaside-heights-new-jersey
https://www.ubereats.com/new-jersey/food-delivery/burger-25-toms-river/9mKH_FibRRWmp7ooErQ8Tg,seaside-heights-new-jersey
https://www.ubereats.com/new-jersey/food-delivery/friendlys-981-route-37-west/L_b4AXyhSPKugy6YbR3xhQ,seaside-heights-new-jersey
https://www.ubereats.com/new-jersey/food-delivery/white-castle-132-rte-37-east/ZtFiv192T-S-uf78dwwBJw,seaside-heights-new-jersey
https://www.ubereats.com/new-jersey/food-delivery/ryans-deli/PcqlDNk7Q_OriFjN-oXreA,seaside-heights-new-jersey
https://www.ubereats.com/new-jersey/food-delivery/moes-southwest-grill-1-route-37-west/eJxcxH4lS4GHjt71LB0pRg,seaside-heights-new-jersey
https://www.ubereats.com/new-jersey/food-delivery/casa-del-sol/IR7FkPGfQVup71naWrxogg,seaside-heights-new-jersey
https://www.ubereats.com/new-jersey/food-delivery/good-vibes-food/OORwthlnTbWOp0SDnnTTYw,seaside-heights-new-jersey
https://www.ubereats.com/new-jersey/food-delivery/sushi-nation/Oi52zebQQEWd_Njpuvd1ZA,seaside-heights-new-jersey
https://www.ubereats.com/new-jersey/food-delivery/manhattan-bagel-860-fischer-blvd/v0Vp-8VgRj2-lsWlBiJqzA,seaside-heights-new-jersey
https://www.ubereats.com/new-jersey/food-delivery/the-grove-restaurant-and-tavern/x8ZbwkSFRzS3x-NgcPmixg,seaside-heights-new-jersey
https://www.ubereats.com/new-jersey/food-delivery/playa-bowls-toms-river/PQ8FfeeNQ--pzJFl6UFj3w,seaside-heights-new-jersey
https://www.ubereats.com/new-jersey/food-delivery/bubbakoos-burritos/KrEqeAk7Tx6Gcj7DJ251gQ,seaside-heights-new-jersey
https://www.ubereats.com/new-jersey/food-delivery/free-range-restaurant/NRTrkThASICoBfMb5HSFQQ,seaside-heights-new-jersey
https://www.ubereats.com/new-jersey/food-delivery/taco-bell-560-brick-blvd/GSc1QVF6T6C70suIidar7A,seaside-heights-new-jersey
https://www.ubereats.com/new-jersey/food-delivery/dairy-queen-treat-931-fischer-blvd-ste-9/aqV6FxPMREGIq2w8mnhcPw,seaside-heights-new-jersey
https://www.ubereats.com/new-jersey/food-delivery/baladina-mediterranean-restaurant/JMKyNfU4RRyyyRRVvKQ53A,seaside-heights-new-jersey
https://www.ubereats.com/new-jersey/food-delivery/carrabbas-990-cedar-bridge-ave-bldg-b/6KIo0-qMQEqM83qGfXoMNQ,seaside-heights-new-jersey
https://www.ubereats.com/new-jersey/food-delivery/taco-bell-908-highway-37-w/2ehSxMrdQ6mkbxtH1wf1dA,seaside-heights-new-jersey
https://www.ubereats.com/new-jersey/food-delivery/sbarro-1201-hooper-ave-%231128-ocean-county-mall/gVcz36n-SbiAKeuVlT_htw,seaside-heights-new-jersey
https://www.ubereats.com/new-jersey/food-delivery/georges-pizza-of-nj/BGgnCU7ZQumU2d-CTv6BZw,seaside-heights-new-jersey
https://www.ubereats.com/new-jersey/food-delivery/poorboys/yRIdDWwcQ2iha-DVfQSmSw,seaside-heights-new-jersey
https://www.ubereats.com/new-jersey/food-delivery/dunkin-1902-route-37-e/DvE-RbBxTJ-FFES-hq_JnA,seaside-heights-new-jersey
https://www.ubereats.com/new-jersey/food-delivery/mi-mexico-lindo-restaurant/JJ1rbBE2S2SwfPOu8oFLJw,seaside-heights-new-jersey
https://www.ubereats.com/new-jersey/food-delivery/ninos-coal-fired-pizza/KY-mqxiCSqer4pBFln5d_w,seaside-heights-new-jersey
https://www.ubereats.com/new-jersey/food-delivery/betty-and-nicks-luncheonette/3mUzr_6XSvuCFg6tb-jD8g,seaside-heights-new-jersey
https://www.ubereats.com/new-jersey/food-delivery/jersey-roll/seo-2XGWSIGolusTPCzcPg,seaside-heights-new-jersey
https://www.ubereats.com/new-jersey/food-delivery/jersey-roll-%40-hooks/mOo4unLZTQu9apCWjZJXxg,seaside-heights-new-jersey
https://www.ubereats.com/new-jersey/food-delivery/manhattan-bagel-1822a-hooper-ave/PAuZJU4bRma_d-zM2giIHw,seaside-heights-new-jersey
https://www.ubereats.com/new-jersey/food-delivery/dunkin-146-route-37-e/_SfyQBRnSui8DVrcKcpxdg,seaside-heights-new-jersey
https://www.ubereats.com/new-jersey/food-delivery/a-1-seafood-center/oarCllHyQHiPye--7nmLww,seaside-heights-new-jersey
https://www.ubereats.com/new-jersey/food-delivery/local-cafe/WmjkeHNZTkS5uoF-yqQwEw,seaside-heights-new-jersey
https://www.ubereats.com/new-jersey/food-delivery/crave/bsHiIKumSU6vYNTlnJLA_g,seaside-heights-new-jersey
https://www.ubereats.com/new-jersey/food-delivery/tgi-fridays-1681-toms-river-nj/IJkyeU9mTAabu23cMYEYGQ,seaside-heights-new-jersey
https://www.ubereats.com/new-jersey/food-delivery/manhattan-bagel-333-atlantic-city-blvd/BlWP7sC-S4uRuEgtlS96vw,seaside-heights-new-jersey
https://www.ubereats.com/new-jersey/food-delivery/cinco-de-mayo-mexican-grill/Xq262U_NTq2qxiNEZR16tA,seaside-heights-new-jersey
https://www.ubereats.com/new-jersey/food-delivery/the-oven/L-22vNTUSviOmAtK4Qnbdg,seaside-heights-new-jersey
https://www.ubereats.com/new-jersey/food-delivery/local-smoke-bbq-%40-jax-garage-seaside-heights/TwWFwYIyRr2q_60Q-q2SAQ,seaside-heights-new-jersey
https://www.ubereats.com/new-jersey/food-delivery/ihop-178-route-37-east/W22jXaT5SBqXuMXVKXhY4A,seaside-heights-new-jersey
https://www.ubereats.com/new-jersey/food-delivery/joes-bagel-%26-grill-fischer-blvd/XJfHihRhSdCeA7HPJQNBsA,seaside-heights-new-jersey
https://www.ubereats.com/new-jersey/food-delivery/jersey-farms-food-store/MOexALIbTtOx1lZvUOQGkA,seaside-heights-new-jersey
https://www.ubereats.com/new-jersey/food-delivery/sunny-hunny/FojYHL82T0aoaT3-M9an8Q,seaside-heights-new-jersey
https://www.ubereats.com/new-jersey/food-delivery/papa-johns-152-route-37-east-toms-river/J9FOutt8T_y0avyXy7SUhg,seaside-heights-new-jersey
https://www.ubereats.com/new-jersey/food-delivery/flaming-grill-buffet/FAJ93SkcQfW8avesh21wFA,seaside-heights-new-jersey
https://www.ubereats.com/new-jersey/food-delivery/cafotteria/H68PlARFTdOL5ETC5BkOkQ,seaside-heights-new-jersey
https://www.ubereats.com/new-jersey/food-delivery/philly-pretzel-factory-1845-hooper-ave/Tx0GJ1L_Q-GLd2c7MOKUPQ,seaside-heights-new-jersey
https://www.ubereats.com/new-jersey/food-delivery/cold-stone-creamery-960-cedar-bridge-ave/cx48e_ZzRaaFmTyWH6dLng,seaside-heights-new-jersey
https://www.ubereats.com/new-jersey/food-delivery/montes-cafe/jgzSWmTVQLqojs-nHhowsw,seaside-heights-new-jersey
https://www.ubereats.com/new-jersey/food-delivery/taco-bell-1402-highway-37-e/Kqsed8M_SG27rZGzcfHYXw,seaside-heights-new-jersey
https://www.ubereats.com/new-jersey/food-delivery/tio-juans-margaritas-mexican-restaurant/EZoz6D99S4KP7WMv7m2d_A,seaside-heights-new-jersey
https://www.ubereats.com/new-jersey/food-delivery/wings-and-things/_VYjHy8ZRM-WMlvqo7bI-A,seaside-heights-new-jersey
https://www.ubereats.com/new-jersey/food-delivery/bills-bbq-shack/IdWo06jYSIuo0BF5sa1F2A,seaside-heights-new-jersey
https://www.ubereats.com/new-jersey/food-delivery/3-brothers-from-italy-pizza/0H7o_K4DTvO3TuC-uqJfEg,seaside-heights-new-jersey
https://www.ubereats.com/new-jersey/food-delivery/four-seasons-diner/y4bKWtg1RJi-y5cdASAg9w,seaside-heights-new-jersey
https://www.ubereats.com/new-jersey/food-delivery/boston-market-141-route-37-east/EjjJy-VcSlCuXj2RxXRJ3w,seaside-heights-new-jersey
https://www.ubereats.com/new-jersey/food-delivery/attilios-pizzeria/d17JS6mrQTaDFe9HrtYoTQ,seaside-heights-new-jersey
https://www.ubereats.com/new-jersey/food-delivery/buffalo-wild-wings-2770-hooper-ave/rbZNF_vBSXSloIQcaJXm1g,seaside-heights-new-jersey
https://www.ubereats.com/new-jersey/food-delivery/mikes-chicken-crunchers/k321uIdORyObyiyhqg-h7g,seaside-heights-new-jersey
https://www.ubereats.com/new-jersey/food-delivery/playa-bowls-island-heights/gKGNCIjVS9yCpi_ybneXGQ,seaside-heights-new-jersey
