url,city
https://www.ubereats.com/knoxville/food-delivery/la-catrachada-mexican-%26-latino-grill/MR4P3vTuSSaqe7__XlksTg,sevierville-tennessee
https://www.ubereats.com/knoxville/food-delivery/taco-bell-931-dolly-parton-prkwy/OjWLUhkZTcioH4QQIad8wg,sevierville-tennessee
https://www.ubereats.com/knoxville/food-delivery/krystal-2041-parkway/EWQf2JvCQsy2GjUROx2fFA,sevierville-tennessee
https://www.ubereats.com/knoxville/food-delivery/margaritaville-pigeon-forge/Ya7vKmagQ32d1nvxvZ57KQ,sevierville-tennessee
https://www.ubereats.com/knoxville/food-delivery/wendys-3644-parkway/J8kQYLklSHyZp_bQiBXg-w,sevierville-tennessee
https://www.ubereats.com/knoxville/food-delivery/baskin-robbins-1420-parkway/eMTaMFt-Sg2DGZw3pFdgtA,sevierville-tennessee
https://www.ubereats.com/knoxville/food-delivery/the-wildflour-bakehouse/l5DnmlbESW-uyZXmpR7WrQ,sevierville-tennessee
https://www.ubereats.com/knoxville/food-delivery/jersey-mikes-subs-2656-parkway/aZW2rXbYQRWoyMfOWCdtWQ,sevierville-tennessee
https://www.ubereats.com/knoxville/food-delivery/cracker-barrel-old-country-store-690-winfield-dunn-pkwy/B398OXk3QViokQfuN89njw,sevierville-tennessee
https://www.ubereats.com/knoxville/food-delivery/red-lobster-1600-parkway/Mhfx4hGqSN6JL3Zuv5QNIg,sevierville-tennessee
https://www.ubereats.com/knoxville/food-delivery/bojangles-famous-chicken-%26-biscuits-2020-912-dolly-parton-parkway/iVWrnomES5iYb464rprIlQ,sevierville-tennessee
https://www.ubereats.com/knoxville/food-delivery/monstermash-burgers/bJXuwLogRkOlmgRVNrmbaQ,sevierville-tennessee
https://www.ubereats.com/knoxville/food-delivery/mcdonalds-225-fork-of-the-river-pky/4MFqsKEJRhy65YebDQj-Xw,sevierville-tennessee
https://www.ubereats.com/knoxville/food-delivery/krystal-125-fork-of-river-pkwy/UB6EgnYiTiGoilcI8FwuIw,sevierville-tennessee
https://www.ubereats.com/knoxville/food-delivery/reagans-house-of-pancakes/XYKUF0UITuyKoydBtRD0yQ,sevierville-tennessee
https://www.ubereats.com/knoxville/food-delivery/dennys-3716-parkway/ZGq3xCorRtqCkeW11qeOxA,sevierville-tennessee
https://www.ubereats.com/knoxville/food-delivery/buffalo-wild-wings-1430-hurley-dr/d0uHJnLDTkqwE48nKcIqZg,sevierville-tennessee
https://www.ubereats.com/knoxville/food-delivery/adinas-sweet-shop/wszJpxu8TOmTR6kUD-m4kA,sevierville-tennessee
https://www.ubereats.com/knoxville/food-delivery/pizza-at-the-cove/Bb8EXSLjRLC_wjGTpbtXsA,sevierville-tennessee
https://www.ubereats.com/knoxville/food-delivery/casual-pint/Pnli9fY2TKOq1-HcY9qZHg,sevierville-tennessee
https://www.ubereats.com/knoxville/food-delivery/mcdonalds-904-dolly-parton-pky/tf2KFPI-SqSMQaho_lbh3Q,sevierville-tennessee
https://www.ubereats.com/knoxville/food-delivery/courtyard-marriott-bistro/nlEMXfGQSPCRVrELxRhQpA,sevierville-tennessee
https://www.ubereats.com/knoxville/food-delivery/mcalisters-deli-3784-parkway/hR0WwTA1Qvq5qtI-dnZkFQ,sevierville-tennessee
https://www.ubereats.com/knoxville/food-delivery/the-local/i9xQL0xfQgC2tEZV4sD2dQ,sevierville-tennessee
https://www.ubereats.com/knoxville/food-delivery/taco-bell-1407-winfield-dunn-pkwy/xumVlIdMRkafFob-yov4VQ,sevierville-tennessee
https://www.ubereats.com/knoxville/food-delivery/outback-steakhouse-1705-parkway/rT4ndfkkT-OLWaDmdyM7EQ,sevierville-tennessee
https://www.ubereats.com/knoxville/food-delivery/cracker-barrel-old-country-store-3960-parkway/om1qGbLhRc-REmh_1Kuh0g,sevierville-tennessee
https://www.ubereats.com/knoxville/food-delivery/firehouse-subs-2726-parkway/elYlVweVQDq2TgetPifGig,sevierville-tennessee
https://www.ubereats.com/knoxville/food-delivery/taco-bell-3310-parkway/ii8ozkVQQeWXRsEoMI_Tjw,sevierville-tennessee
https://www.ubereats.com/knoxville/food-delivery/dickeys-barbecue-restaurants-inc-3784-parkway-suite-101/i5f1n8_-TFi-70g-Z1dwKg,sevierville-tennessee
https://www.ubereats.com/knoxville/food-delivery/burger-king-412-forks-of-the-river/CAmcII-iR1WZjZUstvuVEQ,sevierville-tennessee
https://www.ubereats.com/knoxville/food-delivery/kfc-3984-parkway/nu5s4zQzSv-xMviwe7ivVQ,sevierville-tennessee
https://www.ubereats.com/knoxville/food-delivery/alamo-steak-house-pigeon/Cwo5zPMJQziI7s1tMUn03g,sevierville-tennessee
https://www.ubereats.com/knoxville/food-delivery/panda-express-1526-parkway/mK_zw__iTeeDtJN8fys__w,sevierville-tennessee
https://www.ubereats.com/knoxville/food-delivery/fuddruckers-168-collier-dr/uWpJ7TmVS8ids0J4vJa_fw,sevierville-tennessee
https://www.ubereats.com/knoxville/food-delivery/krispy-kreme-705-winfield-dunn-parkway-suite-1/CaXODk9CTY6TYpX_D7_9GQ,sevierville-tennessee
https://www.ubereats.com/knoxville/food-delivery/five-guys-tn-1093/CEWGok-1Sc6ZHhOYPnnG4A,sevierville-tennessee
https://www.ubereats.com/knoxville/food-delivery/applebees-207-collier-drive/OtmBDM76R52umQvzW1_G4w,sevierville-tennessee
https://www.ubereats.com/knoxville/food-delivery/tgi-fridays-2038-pigeon-forge-%232-tn/K8GdSO1lTcSJPNLp67_3vg,sevierville-tennessee
https://www.ubereats.com/knoxville/food-delivery/marcos-pizza-2656-parkway-suite-1/x26y7ws9TmqZ8FpMw87C2g,sevierville-tennessee
https://www.ubereats.com/knoxville/food-delivery/cracker-barrel-old-country-store-2285-parkway/UTSOYoUySQSGY3FZT9D2qQ,sevierville-tennessee
https://www.ubereats.com/knoxville/food-delivery/arbys-3652-parkway/nu9QrhAER6SbgGkEYeQrXw,sevierville-tennessee
https://www.ubereats.com/knoxville/food-delivery/wendys-1836-parkway/VBdIzL_1SjO6dalbwB-okQ,sevierville-tennessee
https://www.ubereats.com/knoxville/food-delivery/%231-chinese-buffet/J9U_1zmpQb-iVySUXlXLkw,sevierville-tennessee
https://www.ubereats.com/knoxville/food-delivery/zaxbys-698-winfield-dunn-parkway/R9Rb-5xHRbmMvzyqgfbQrw,sevierville-tennessee
https://www.ubereats.com/knoxville/food-delivery/kfc-933-dolly-parton-parkway/oyEm83RJTCWoypA6lrrsMA,sevierville-tennessee
https://www.ubereats.com/knoxville/food-delivery/tgi-fridays-1563-sevierville-tn/x2W6TGpHQNCMV7E_jqhrQQ,sevierville-tennessee
https://www.ubereats.com/knoxville/food-delivery/big-daddy-pizzeria-sevierville/pEGdElb7Q4KPU4WD7yL5JA,sevierville-tennessee
https://www.ubereats.com/knoxville/food-delivery/smokies-cuban-cafe/a8kBPz3rQdufqlwlkpbhNg,sevierville-tennessee
https://www.ubereats.com/knoxville/food-delivery/ihop-3636-parkway/3pFFcOvJTOu_OJkL-7_iIw,sevierville-tennessee
https://www.ubereats.com/knoxville/food-delivery/bojangles-famous-chicken-%26-biscuits-1060-4035-parkway/kGp3gA5tSdqmU7-D2a4YlQ,sevierville-tennessee
https://www.ubereats.com/knoxville/food-delivery/firehouse-subs-209-middle-creek-rd/5PxzhlNdTYaKBdfu4HVBNA,sevierville-tennessee
https://www.ubereats.com/knoxville/food-delivery/burger-king-1231-dolly-parton-pkwy/QfJT0_rPTwWEbzFf9McICA,sevierville-tennessee
https://www.ubereats.com/knoxville/food-delivery/chipotle-mexican-grill-1713-parkway/meb6_zgfTM-DyjPO45PdZw,sevierville-tennessee
https://www.ubereats.com/knoxville/food-delivery/subway-510-winfield-dunn-pkwy/OTwdZX7PTVuzX6uFg1KzAA,sevierville-tennessee
https://www.ubereats.com/knoxville/food-delivery/papa-johns-3152-parkway-%2314/DCPOZxV0SmykTquAMUZ1UQ,sevierville-tennessee
https://www.ubereats.com/knoxville/food-delivery/taco-bell-206-wears-valley-road/DC8EBPIuT86G8Q865VAqRg,sevierville-tennessee
https://www.ubereats.com/knoxville/food-delivery/joes-crab-shack-1605-parkway/Tg4LuotJQzCIN45zUi0S8Q,sevierville-tennessee
https://www.ubereats.com/knoxville/food-delivery/long-john-silvers-3660-parkway/mOKqmAcrRMebh8RB7GGUYA,sevierville-tennessee
https://www.ubereats.com/knoxville/food-delivery/wendys-123-forks-of-the-river-pkwy/IytEuY3BQSKv8Yrv0QuXyA,sevierville-tennessee
https://www.ubereats.com/knoxville/food-delivery/steak-n-shake-1536-parkway/X52fmRu-TPug1xlMJ5y_mg,sevierville-tennessee
https://www.ubereats.com/knoxville/food-delivery/popeyes-601-parkway/V782p6r2Ti2VEaTCmfDYVA,sevierville-tennessee
https://www.ubereats.com/knoxville/food-delivery/starbucks-hwy-66-%26-us-411/E-blQKlXTmCNsw3v6Y203g,sevierville-tennessee
https://www.ubereats.com/knoxville/food-delivery/ihop-1802-parkway/RhP2H7jgT52AJY5A88_PyQ,sevierville-tennessee
https://www.ubereats.com/knoxville/food-delivery/long-john-silvers-211-forks-of-the-river-pkwy/jGou5vhARrikt0FW9PmaDw,sevierville-tennessee
https://www.ubereats.com/knoxville/food-delivery/subway-610-dolly-parton-pkwy/sah1oqQvRvm_c5Y9BSwqZw,sevierville-tennessee
https://www.ubereats.com/knoxville/food-delivery/applewood-farmhouse-grill-restaurant/S21CwaJfQJ2Wxr7rFEti0w,sevierville-tennessee
https://www.ubereats.com/knoxville/food-delivery/quaker-steak-%26-lube-1431-parkway/DWhvZoKIQ6STU_c_fSsuEw,sevierville-tennessee
https://www.ubereats.com/knoxville/food-delivery/honeybaked-ham-pigeon-forge/IMuLbQfTSBmeu7IZeAoajA,sevierville-tennessee
