url,city
https://www.ubereats.com/connecticut/food-delivery/hunan-pan/dyUMU7FsTLS_uDOxzj_sog,shelton-connecticut
https://www.ubereats.com/connecticut/food-delivery/milford-sports-pub-%26-grill/zY5RKXQcRz6t5r7w7-rzBg,shelton-connecticut
https://www.ubereats.com/connecticut/food-delivery/mad-mikes-cheesesteaks-%26-salads/Gdzy8J-3RQCRuJns_1pSPA,shelton-connecticut
https://www.ubereats.com/connecticut/food-delivery/shelton-kitchen/qliF8zU4QhOxAlRC5RBjww,shelton-connecticut
https://www.ubereats.com/connecticut/food-delivery/goldies-eatery/CPaVK23qTz2tLPNAHWsiTg,shelton-connecticut
https://www.ubereats.com/connecticut/food-delivery/dunkin-4150-main-st/oq0RMRjWQBq8HFN1Sfa9Aw,shelton-connecticut
https://www.ubereats.com/connecticut/food-delivery/subway-494-bridgeport-ave/JnrhkjXRTYy6-X4PNyA2Jg,shelton-connecticut
https://www.ubereats.com/connecticut/food-delivery/howells-jamaican-bakery-and-restaurant/BUtiPfrTQfCiuyhE7iktBQ,shelton-connecticut
https://www.ubereats.com/connecticut/food-delivery/five-guys-ct-0694-300-oxford-rd/g-pRX869S-G_D6Y1jqMynA,shelton-connecticut
https://www.ubereats.com/connecticut/food-delivery/paisanos-pizza/I9GlLNszQUGmJY0M3aZvMw,shelton-connecticut
https://www.ubereats.com/connecticut/food-delivery/tacomida/Ewf9xTh0QcS9WVsgT-1sCA,shelton-connecticut
https://www.ubereats.com/connecticut/food-delivery/astudillo-s-place/XYmojxo5R6GmnvVPEfCrfA,shelton-connecticut
https://www.ubereats.com/connecticut/food-delivery/amity-brick-oven-pizza/Qf_kuhaBQra5BGIhVB68hg,shelton-connecticut
https://www.ubereats.com/connecticut/food-delivery/orange-shanghai-gourmet/NUzMJXqXTma5jpZL3sSwcQ,shelton-connecticut
https://www.ubereats.com/connecticut/food-delivery/the-bridge-house-restaurant/8MifXld4R6yxEOUqnHFteA,shelton-connecticut
https://www.ubereats.com/connecticut/food-delivery/sbc-restaurant-%26-beer-bar-milford/fu12lPnOT4mt9MA8VU78cQ,shelton-connecticut
https://www.ubereats.com/connecticut/food-delivery/the-cinnabomb-mini-donut-factory-bridgeport/UQr79sRbTrSDpGxY0uJxOQ,shelton-connecticut
https://www.ubereats.com/connecticut/food-delivery/duchess-restaurant-monroe/YbBN_B9qQu-zqgLhqMfehg,shelton-connecticut
https://www.ubereats.com/connecticut/food-delivery/pitorro-restaurant-west-haven/Xb2H8U2XTG-nHeT338EXPQ,shelton-connecticut
https://www.ubereats.com/connecticut/food-delivery/dannys-drive-in/THW0nhNXQX-84Mw0c91PEA,shelton-connecticut
https://www.ubereats.com/connecticut/food-delivery/jrs-meatless-cuisine-and-juices/YiP8CpsiQmajWiWRWP9POA,shelton-connecticut
https://www.ubereats.com/connecticut/food-delivery/kingston-kafe/X2J3rqn7QN6DLJyZCHI87A,shelton-connecticut
https://www.ubereats.com/connecticut/food-delivery/pancheros-mexican-grill-704-bridgeport-ave/NUtks_cgSpS8dYtHsqn9sQ,shelton-connecticut
https://www.ubereats.com/connecticut/food-delivery/krispy-krunchy-chicken-stratford/RK2x1msDRtKs4EZdcuKWdQ,shelton-connecticut
https://www.ubereats.com/connecticut/food-delivery/crown-pizza/bLuLRbeaQFulJ3M3vRkgYg,shelton-connecticut
https://www.ubereats.com/connecticut/food-delivery/moes-southwest-grill-derby/QnPC5ZpFRC2EczjNWeHVuQ,shelton-connecticut
https://www.ubereats.com/connecticut/food-delivery/lets-wrap/wTWjn38JQW2s_Hniggnxtg,shelton-connecticut
https://www.ubereats.com/connecticut/food-delivery/orange-ale-house/4O9NqlppQy6rI6h2NQ6C2A,shelton-connecticut
https://www.ubereats.com/connecticut/food-delivery/the-greeks/UvIAq4y1RJKwOMx6-M8Uag,shelton-connecticut
https://www.ubereats.com/connecticut/food-delivery/dunkin-226-boston-post-rd/gs1Q_1UkQYCex42XnjS_1A,shelton-connecticut
https://www.ubereats.com/connecticut/food-delivery/devines-bagels/YpmX0i0CSiKakmXkDvjWwA,shelton-connecticut
https://www.ubereats.com/connecticut/food-delivery/main-hing/bbXiUz42TsmMje6VGD39Bw,shelton-connecticut
https://www.ubereats.com/connecticut/food-delivery/vazzys-osteria/tx5GQ74QSrWTiY8YuklJYw,shelton-connecticut
https://www.ubereats.com/connecticut/food-delivery/taco-bell-89-boston-post-rd/DBweJXDASyW0n2Rvu6FM4w,shelton-connecticut
https://www.ubereats.com/connecticut/food-delivery/breeze-latin-fusion-cuisine/r4hwIMxDTfC51Q1IebPNDA,shelton-connecticut
https://www.ubereats.com/connecticut/food-delivery/kathys-famous-cookies/CjGze23qQZukgaMoMza0Yw,shelton-connecticut
https://www.ubereats.com/connecticut/food-delivery/monroe-diner/BqUxiTieTyWS39c47snvMw,shelton-connecticut
https://www.ubereats.com/connecticut/food-delivery/starbucks-trumbull/57422sP7TQKqW-ULIjDpZg,shelton-connecticut
https://www.ubereats.com/connecticut/food-delivery/robertos-restaurant/6X98c_A0QOCNFtxd-lA1pg,shelton-connecticut
https://www.ubereats.com/connecticut/food-delivery/koi/7DCg_EoqQgGeQd7-wUxKjg,shelton-connecticut
https://www.ubereats.com/connecticut/food-delivery/wayback-burgers-54-pershing-drive/V9BzB6-1SPW3YYyDtyLUJA,shelton-connecticut
https://www.ubereats.com/connecticut/food-delivery/cuginos-pizzeria/6crh3jnaTm6iURdCQxxbfw,shelton-connecticut
https://www.ubereats.com/connecticut/food-delivery/five-guys-ct-0600-823-bridgeport-ave/3SZ0MG9vSZKkbzD8hsPDWg,shelton-connecticut
https://www.ubereats.com/connecticut/food-delivery/preference-spot/ws3W6CpITl-j9lf62kZ51g,shelton-connecticut
https://www.ubereats.com/connecticut/food-delivery/goodies-of-milford/VW-a5ydmSmWslmIdNZeVtQ,shelton-connecticut
https://www.ubereats.com/connecticut/food-delivery/apollo-pizza/7nVCQuS_TGyDblDmD7rTuw,shelton-connecticut
https://www.ubereats.com/connecticut/food-delivery/kitchen-number-1/w5KtM0NwRIGIK-T4mYGF-A,shelton-connecticut
https://www.ubereats.com/connecticut/food-delivery/china-sea-restaurant/chYm2IdRS0Csq5hJZZot3w,shelton-connecticut
https://www.ubereats.com/connecticut/food-delivery/one-love-kv-cuisine-restaurant/N2TwJXKzSd2nf_gtMZ3QrQ,shelton-connecticut
https://www.ubereats.com/connecticut/food-delivery/brindavan/s2XFEr4SQk-jJ78aFFSRzA,shelton-connecticut
https://www.ubereats.com/connecticut/food-delivery/cracker-barrel-old-country-store-30-research-drive/eG0Gkgb2QtOIKDOWhqBw-w,shelton-connecticut
https://www.ubereats.com/connecticut/food-delivery/frankies-of-west-haven/nO2DZ0IKSQy0xpyYdXasfw,shelton-connecticut
https://www.ubereats.com/connecticut/food-delivery/new-haven-pizza-place/S9Oj1u89RzOV3AVnUTv-Tg,shelton-connecticut
https://www.ubereats.com/connecticut/food-delivery/el-toro-authentic-mexican/aB6lIV1oRqm4f6Ggx9sxHw,shelton-connecticut
https://www.ubereats.com/connecticut/food-delivery/jerrys-market-and-deli/3p9pTT42RfaC7yVITndqAg,shelton-connecticut
https://www.ubereats.com/connecticut/food-delivery/oaxaca-pizzeria-%26-taqueria/RXu-Zeg0SciXsCn6owItZA,shelton-connecticut
https://www.ubereats.com/connecticut/food-delivery/pokemoto-hamden/6q1ednyjTuyqdqu--K_J7w,shelton-connecticut
https://www.ubereats.com/connecticut/food-delivery/amity-diner/8aoW86LVS-KE71GaKQ31aw,shelton-connecticut
https://www.ubereats.com/connecticut/food-delivery/caracas-grill/0ZimHVS9T-WdugL-edqlNw,shelton-connecticut
https://www.ubereats.com/connecticut/food-delivery/starbucks-derby-new-haven-ave/qSB735_URAKalgpZ0UaYwA,shelton-connecticut
https://www.ubereats.com/connecticut/food-delivery/river-rock-tavern/jMRNKje2SPKyDsxuspyq3w,shelton-connecticut
https://www.ubereats.com/connecticut/food-delivery/noodle-house/hkTCTvVyQOmfWEpADfLlmQ,shelton-connecticut
https://www.ubereats.com/connecticut/food-delivery/mex-on-main/Q-1c6UgCQ024kCuF58Yb5g,shelton-connecticut
https://www.ubereats.com/connecticut/food-delivery/tavern-on-point/Qbp2ocVnQ_28hlpL4gIbfg,shelton-connecticut
https://www.ubereats.com/connecticut/food-delivery/mcdonalds-milford-bridgprt/SfCeBjDRSCW19Vp_I4Cn6g,shelton-connecticut
https://www.ubereats.com/connecticut/food-delivery/main-port-fish-west-haven/po6fJibUTmG7XZOB3DGzrA,shelton-connecticut
https://www.ubereats.com/connecticut/food-delivery/shanghai-chinese-restaurant/c5EjvzE1SeWmzEdp1vqUGA,shelton-connecticut
https://www.ubereats.com/connecticut/food-delivery/serenata/g-NVH-6ATE2TnJWBqVTeDQ,shelton-connecticut
https://www.ubereats.com/connecticut/food-delivery/starbucks-milford-shoprite-plaza/6t4Y-gNATZWG6Z0kLzC6Ig,shelton-connecticut
https://www.ubereats.com/connecticut/food-delivery/mexico-tipico-authentic-mexican-cuisine/Ju6Eax9LTbKjiV4KxMX3-g,shelton-connecticut
https://www.ubereats.com/connecticut/food-delivery/addeos-fire-%26-ice/OqjOBPPfTZu0rwuylPBIUg,shelton-connecticut
https://www.ubereats.com/connecticut/food-delivery/king-chef-chinese/mYvAJnMEQz25Nvi7xz4cIQ,shelton-connecticut
https://www.ubereats.com/connecticut/food-delivery/pine-rock-grocery/cH3HxnXXSwi93lJ-8u9gOg,shelton-connecticut
https://www.ubereats.com/connecticut/food-delivery/paradise-pizza/3jcPpgyBT7O2ahwYABfoXQ,shelton-connecticut
https://www.ubereats.com/connecticut/food-delivery/kfc-7-pershing-drive/XfxKRFxXQJK9qRamtV5-XA,shelton-connecticut
https://www.ubereats.com/connecticut/food-delivery/fatty-patty-shelton/dpIflaDrSTmRZPJisnuWuA,shelton-connecticut
https://www.ubereats.com/connecticut/food-delivery/j-bagels-%26-cafe/S4FtDmB-SQmmwq2qX5JADA,shelton-connecticut
https://www.ubereats.com/connecticut/food-delivery/wakelee-market/cnOSsSoYTkG3zMrs5dfWrw,shelton-connecticut
https://www.ubereats.com/connecticut/food-delivery/viva-tacos/jEo0hIFSTo2qDtAikJ23bA,shelton-connecticut
https://www.ubereats.com/connecticut/food-delivery/flavorz-famous-chicken-%26-fish/jGm9TcOBT5mTIKt2I_kTiw,shelton-connecticut
https://www.ubereats.com/connecticut/food-delivery/uncle-willies-smokehouse-bbq-seymour/PtzFkHIgTHGpA3mQ4vlCOQ,shelton-connecticut
https://www.ubereats.com/connecticut/food-delivery/focaccias-cafe-%26-catery/H0K03hWLRrepwxSXOTXRHQ,shelton-connecticut
https://www.ubereats.com/connecticut/food-delivery/za-pizza-connecticut/5Zgr1W-KQJ64VUUWRVrFWQ,shelton-connecticut
https://www.ubereats.com/connecticut/food-delivery/subway-350-west-main-st/8oVZMyzCTtK7zAa04eQtYg,shelton-connecticut
https://www.ubereats.com/connecticut/food-delivery/sazon-y-mambo/GOk78wC6TYuCaoKRH9M0Tw,shelton-connecticut
https://www.ubereats.com/connecticut/food-delivery/frankies-diner/8zTNrDkgQX2Hzv-oZ1cUhg,shelton-connecticut
https://www.ubereats.com/connecticut/food-delivery/donut-crazy-shelton/tQ8n0oRaTSS8bolyWgokpQ,shelton-connecticut
https://www.ubereats.com/connecticut/food-delivery/casa-bianca-pizza-ansonia/d3_hYVMpRheNdwq6ifdCWw,shelton-connecticut
https://www.ubereats.com/connecticut/food-delivery/mcdonalds-411-barnum-ave-stratford-ct/6zrrSPJkR_K5CLj1lyrgxw,shelton-connecticut
https://www.ubereats.com/connecticut/food-delivery/duchess-restaurant-orange/DH9JaUbGSEi6duGnSvzs4A,shelton-connecticut
https://www.ubereats.com/connecticut/food-delivery/starbucks-orange/Z5g12xcXRD-ohNQ24CmKLQ,shelton-connecticut
https://www.ubereats.com/connecticut/food-delivery/downtown-pizza-and-sandwich-shop/rT7XLGODSDyL5niyOnweyQ,shelton-connecticut
https://www.ubereats.com/connecticut/food-delivery/taco-bell-543-bridgeport-ave/g2pF_K3WTcOY00YHq8HwQg,shelton-connecticut
https://www.ubereats.com/connecticut/food-delivery/three-brothers-diner-hamden-ct/sW1XteNyTk-csbNlp7gDYA,shelton-connecticut
https://www.ubereats.com/connecticut/food-delivery/dayton-street-apizza/qozOujFpS4SRtcN9ojccvg,shelton-connecticut
https://www.ubereats.com/connecticut/food-delivery/duchess-restaurant-shelton/MZVB--XqT0CVPp2NqUQxcA,shelton-connecticut
https://www.ubereats.com/connecticut/food-delivery/country-pizza-and-restaurant/ZWeLOHogTMen5XTE-w5mgA,shelton-connecticut
https://www.ubereats.com/connecticut/food-delivery/liberty-rock-tavern/tOuogvEUShq84xJjVE_mVA,shelton-connecticut
https://www.ubereats.com/connecticut/food-delivery/osteria-romana-monroe/zJT31B5DQgOjEW4A4aFdVg,shelton-connecticut
https://www.ubereats.com/connecticut/food-delivery/chipotle-mexican-grill-1319-boston-post-rd-spc-4b/6gqLWi_ET8mrR1mv4wSjrA,shelton-connecticut
https://www.ubereats.com/connecticut/food-delivery/stones-throw-seymour/epXjCtvRR7uOTDacEimnXA,shelton-connecticut
https://www.ubereats.com/connecticut/food-delivery/cibus-dos/et02UZUBSpa79TyKww894w,shelton-connecticut
https://www.ubereats.com/connecticut/food-delivery/mommies-patties/-p36ucHzSAiCtVJyBz0Hdg,shelton-connecticut
https://www.ubereats.com/connecticut/food-delivery/the-hub-pizza-bar/I8yba4paQbCqtLYtsG2p3A,shelton-connecticut
https://www.ubereats.com/connecticut/food-delivery/heavenly-donuts/LFJxrDbYREOCZz9wJSsjfA,shelton-connecticut
https://www.ubereats.com/connecticut/food-delivery/parkertrumbull/NfNoA6EITsCR_nyHzEF-tg,shelton-connecticut
https://www.ubereats.com/connecticut/food-delivery/cold-stone-creamery-297-boston-post-road/wwSxEIHOTDGlcM6yBrnd0A,shelton-connecticut
https://www.ubereats.com/connecticut/food-delivery/andros-diner/UCoYQXVwQYS8EzVoDp9LRw,shelton-connecticut
https://www.ubereats.com/connecticut/food-delivery/quiznos-sub/LIwiIF1hRXG0CiORnM5VrQ,shelton-connecticut
https://www.ubereats.com/connecticut/food-delivery/westville-seafood/rb0Cnv7VR5e3PC409QVgdA,shelton-connecticut
https://www.ubereats.com/connecticut/food-delivery/duchess-restaurant-ansonia/R7o3IOyRSm6opPjGofafAg,shelton-connecticut
https://www.ubereats.com/connecticut/food-delivery/sapori-ditalia/jfPkgtckQYWhehXtDTAH8w,shelton-connecticut
https://www.ubereats.com/connecticut/food-delivery/five-guys-ct-0090-440-boston-post-rd/iIptlym1RFa2D57j53bfKA,shelton-connecticut
https://www.ubereats.com/connecticut/food-delivery/pizzaco/iYdU4Nj6RHa628fIgWDn-g,shelton-connecticut
https://www.ubereats.com/connecticut/food-delivery/taco-bell-130-amity-road/w3aFCU2vS5GX25ZLcTgLGA,shelton-connecticut
https://www.ubereats.com/connecticut/food-delivery/belly-buster-pancakes/U1B5xX_rQEGsyjAGRWyjJA,shelton-connecticut
https://www.ubereats.com/connecticut/food-delivery/the-original-jerrys-apizza/uQ50KAU0Sf6LRaamsTV4Kg,shelton-connecticut
https://www.ubereats.com/connecticut/food-delivery/charcoal-chicken-restaurant/zOPLs-j_Rq2o9axQBlMJjw,shelton-connecticut
https://www.ubereats.com/connecticut/food-delivery/joeys-wraps-and-salads-vr/o8tgfQKLQPKK5lTBlhBhTQ,shelton-connecticut
https://www.ubereats.com/connecticut/food-delivery/wasabi-orange/6btXWtjXSpW943RbbhQQmQ,shelton-connecticut
https://www.ubereats.com/connecticut/food-delivery/andes-international-gourmet-deli/uIArCi5zSCeDk0svObPvIg,shelton-connecticut
https://www.ubereats.com/connecticut/food-delivery/laylas-falafel-trumbull/0B1E7mTUTPqUpmfFTDB5BQ,shelton-connecticut
https://www.ubereats.com/connecticut/food-delivery/jersey-mikes-subs-1599-boston-post-rd/6VbqFv1QSguCjeEMiAJddw,shelton-connecticut
https://www.ubereats.com/connecticut/food-delivery/kentucky-fried-chicken-boston-ave/8On5KjEeTMCmdxbDA-hDUQ,shelton-connecticut
https://www.ubereats.com/connecticut/food-delivery/geronimo-southwest-grill-new-haven/NjHrOtTAQ06ICzZuexzdkg,shelton-connecticut
https://www.ubereats.com/connecticut/food-delivery/krispy-krunchy-chicken-north-ave/nE_ilA0fTzeGOYy-WsF6vw,shelton-connecticut
https://www.ubereats.com/connecticut/food-delivery/thai-dish-and-burger/UcRaYT2DQyOl2_PgVZo9sg,shelton-connecticut
https://www.ubereats.com/connecticut/food-delivery/subway-815-river-rd/r_PEoxleREys5olpGEQCmA,shelton-connecticut
https://www.ubereats.com/connecticut/food-delivery/aribella/-U4CTCCOToGOlK3IwB9tFA,shelton-connecticut
https://www.ubereats.com/connecticut/food-delivery/latin-%26-soul-food-cafe/lwUpTZeZTz2sclmv_OA5sA,shelton-connecticut
https://www.ubereats.com/connecticut/food-delivery/cilantro-fresh-mexican-grill/Hbw2iDVKRsSy5YIlCcitag,shelton-connecticut
https://www.ubereats.com/connecticut/food-delivery/lenas-cafe-and-confections/sNDSMUjbTzqiZmwnsneq0g,shelton-connecticut
https://www.ubereats.com/connecticut/food-delivery/los-cabos/43nZsqf7SRGEtDy9MEs_zg,shelton-connecticut
https://www.ubereats.com/connecticut/food-delivery/mcdonalds-north-ave/ekJ9qxKpTx-bGczZ-F1yEw,shelton-connecticut
https://www.ubereats.com/connecticut/food-delivery/shelton-pizza-palace/K-nULPF3Sq613GUKkSpIaw,shelton-connecticut
https://www.ubereats.com/connecticut/food-delivery/jamaican-jazz/QGWHc4plT8-ICVreLetIHQ,shelton-connecticut
https://www.ubereats.com/connecticut/food-delivery/poes-kitchen-east-end/ffhMMfpmThyoU3aO_3zKpQ,shelton-connecticut
https://www.ubereats.com/connecticut/food-delivery/bridgeport-flyer-diner/xmrQkAMmR6m1wQYge1pfYw,shelton-connecticut
https://www.ubereats.com/connecticut/food-delivery/crossroads-pizza-house/P_1ZeFqZRLGdQNgzW89cCw,shelton-connecticut
https://www.ubereats.com/connecticut/food-delivery/taste-of-thai/k1xewLxsTqOtPhk1c8B_dA,shelton-connecticut
https://www.ubereats.com/connecticut/food-delivery/osaka-hibachi-buffet/e8G8nvnUShmC4UjaC6IUUQ,shelton-connecticut
https://www.ubereats.com/connecticut/food-delivery/poke-n-ramen-360/q93ZY9u3SsOiGh6bjb1o_w,shelton-connecticut
https://www.ubereats.com/connecticut/food-delivery/crown-fried-chicken-%26-fish/evRCIlylTtazJen8954vwQ,shelton-connecticut
https://www.ubereats.com/connecticut/food-delivery/ming-feng-chinese/Nxd5MY56Q4GQxzK-GXCGFw,shelton-connecticut
https://www.ubereats.com/connecticut/food-delivery/duchess-restaurant-milford/SN8_0FKrTZyR2f7bf-mR0w,shelton-connecticut
https://www.ubereats.com/connecticut/food-delivery/guacamoles-mexican-cuisine/qR7NIW1NR3ShT-fz6RznWQ,shelton-connecticut
https://www.ubereats.com/connecticut/food-delivery/blue-goose-restaurant/RLA1-GplTSWGDuQFKEZKvg,shelton-connecticut
https://www.ubereats.com/connecticut/food-delivery/subway-609-bridgeport-ave/JB8x9dHjR9qB6LHRLYMVrg,shelton-connecticut
https://www.ubereats.com/connecticut/food-delivery/mcdonalds-derby-route-34/iQ7pnlYeQCih1p53iQIHSg,shelton-connecticut
https://www.ubereats.com/connecticut/food-delivery/west-haven-halal-restaurant/g2nqJ3-vQq2pmQvu9SQ0SA,shelton-connecticut
https://www.ubereats.com/connecticut/food-delivery/kentucky-fried-chicken-barnum-ave/peidXGTZRXiiJXCeGKNnBA,shelton-connecticut
https://www.ubereats.com/connecticut/food-delivery/king-%26-i/hgmq3ndCTFuVNXlsTsigQA,shelton-connecticut
https://www.ubereats.com/connecticut/food-delivery/dao-fusion-cuisine-%26-lounge/CtXEXya-RtaCLXa7tiWmCg,shelton-connecticut
https://www.ubereats.com/connecticut/food-delivery/mcgowans-pizzaland/zwBof65SQDWHOcBYc2GN_w,shelton-connecticut
https://www.ubereats.com/connecticut/food-delivery/la-fonda-restaurant/HDTOXHGGRWG7UEbPfNzGyg,shelton-connecticut
https://www.ubereats.com/connecticut/food-delivery/first-street-apizza/muwlikCPQ6ueaVOtIntcMg,shelton-connecticut
https://www.ubereats.com/connecticut/food-delivery/carl-anthony-trattoria-ct/sVAn3O3ZS0KB_PIQFUbhAw,shelton-connecticut
https://www.ubereats.com/connecticut/food-delivery/starbucks-stratford-barnum-avenue/ZzOC0rp-RaKCaPeCIOK1eg,shelton-connecticut
https://www.ubereats.com/connecticut/food-delivery/panera-70-pershing-drive/xCGE5gGkTnWCo6EKR8d6og,shelton-connecticut
https://www.ubereats.com/connecticut/food-delivery/boston-market-1454-boston-post-road/-dU2piT1QEufFfRwIYpJNQ,shelton-connecticut
https://www.ubereats.com/connecticut/food-delivery/legacy-lounge/aV9r5TfiRU2B2PRd1eZQJg,shelton-connecticut
https://www.ubereats.com/connecticut/food-delivery/bonfire-grille/culGINDeR2ObqbKqdk9dIQ,shelton-connecticut
https://www.ubereats.com/connecticut/food-delivery/moon-star-restaurant/WghKPT7fQSuPs4eyW4qGFQ,shelton-connecticut
https://www.ubereats.com/connecticut/food-delivery/pearls-n-swirls/kZqYfkpvQe66emVgONa_Bg,shelton-connecticut
https://www.ubereats.com/connecticut/food-delivery/maddys-grill/1U8Dj5uhRea1oa4sKqEJOQ,shelton-connecticut
https://www.ubereats.com/connecticut/food-delivery/elis-orange/aXYTwsdlRkCEZT5AmtFZBQ,shelton-connecticut
https://www.ubereats.com/connecticut/food-delivery/bandito-burgers/zZF0OR0mR56D9gtikawaJA,shelton-connecticut
https://www.ubereats.com/connecticut/food-delivery/donut-inc/iow7grTcSZ2KoPF0N0STGQ,shelton-connecticut
https://www.ubereats.com/connecticut/food-delivery/salad-shop/Kz3ySe73RCGSRxVRe3zvqA,shelton-connecticut
https://www.ubereats.com/connecticut/food-delivery/india-raj-restaurant/qTPUGNsHQle95K3I_4IoUA,shelton-connecticut
https://www.ubereats.com/connecticut/food-delivery/elis-tavern/ye7FfuhfQoilbJ_fkWemkw,shelton-connecticut
https://www.ubereats.com/connecticut/food-delivery/bianco-rosso/V4F4I2zJT0qzOYk88X9Dwg,shelton-connecticut
https://www.ubereats.com/connecticut/food-delivery/67-family-diner/YormrhJyTxC2jlN_3Le8RQ,shelton-connecticut
https://www.ubereats.com/connecticut/food-delivery/panera-850-bridgeport-avenue/ewSm3rJURo2DaMswJkV-Sw,shelton-connecticut
https://www.ubereats.com/connecticut/food-delivery/fratellis/ZDmHPgm1Q_-VSk_UckFNtw,shelton-connecticut
https://www.ubereats.com/connecticut/food-delivery/bab-al-salam/oNYdhq6ER0iWdLt2qTDEjg,shelton-connecticut
https://www.ubereats.com/connecticut/food-delivery/the-sitting-duck-tavern-trumbull/THe6c2BdTEmT-y8vufI1Sg,shelton-connecticut
https://www.ubereats.com/connecticut/food-delivery/papas-place/8PEUneujRRm4mjeS1v7DGA,shelton-connecticut
https://www.ubereats.com/connecticut/food-delivery/noodle-house/7DTlB-bDQaGZzeAECL4EdA,shelton-connecticut
https://www.ubereats.com/connecticut/food-delivery/casa-de-lopez-dominican-puerto-rican-restaurant/I5vPNbyFSe6jTA2mThtwvw,shelton-connecticut
https://www.ubereats.com/connecticut/food-delivery/kimberly-restaurant/MNCOwgTZRl2qgPhYfP77GQ,shelton-connecticut
https://www.ubereats.com/connecticut/food-delivery/tavern-1757/w9R9XFSlQoSqSOfZBSe8LQ,shelton-connecticut
https://www.ubereats.com/connecticut/food-delivery/sunrise-deli/LrFxdkgdTUKGsOtn-DJYpQ,shelton-connecticut
https://www.ubereats.com/connecticut/food-delivery/milford-diner/zBOHiZx4QTi3L7MAxCCo1Q,shelton-connecticut
https://www.ubereats.com/connecticut/food-delivery/mikes-italian-deli-%26-grill/KQuS5TK0R1aCNyP_It4jFg,shelton-connecticut
https://www.ubereats.com/connecticut/food-delivery/pizza-heaven/a6pQGkjDThiQ6s1j0f6BVA,shelton-connecticut
https://www.ubereats.com/connecticut/food-delivery/starbucks-shelton-commerce-drive/93wOLdciTxaE9ueFDciIxw,shelton-connecticut
https://www.ubereats.com/connecticut/food-delivery/3ds-jamaican-international-cuisine/qemxhDAuSFOu7Gk9G5IHmw,shelton-connecticut
https://www.ubereats.com/connecticut/food-delivery/mama-teresas-italian-restaurant/lcpZ6HCwQl6NFoOuXT2YXw,shelton-connecticut
https://www.ubereats.com/connecticut/food-delivery/el-coyote-m/TlXbTgJgREyqaWOtQmEBGA,shelton-connecticut
https://www.ubereats.com/connecticut/food-delivery/prime-16-orange/h3C6r8XGRCGKWd9cGo7cpA,shelton-connecticut
https://www.ubereats.com/connecticut/food-delivery/nardellis-grinder-shoppe-milford/E_jxwL1ZRmKat_AFOTBiQQ,shelton-connecticut
https://www.ubereats.com/connecticut/food-delivery/ola-latin-kitchen/yqGr2iPARJ-eYWnu3F4wPw,shelton-connecticut
https://www.ubereats.com/connecticut/food-delivery/five-guys-ct-0112-255-south-main-st/8-jzk_QnS0SAkj-BL6msTg,shelton-connecticut
https://www.ubereats.com/connecticut/food-delivery/grand-and-atwater-deli/7YZbyTAzQEiLNuX9_61ukg,shelton-connecticut
https://www.ubereats.com/connecticut/food-delivery/sushi-%26-wok/yXvWwyCFR3yBhJZJaUtUgA,shelton-connecticut
https://www.ubereats.com/connecticut/food-delivery/h%26h-restaurant-%26-catering/Ew2kogyNR5CtA78zADiJYA,shelton-connecticut
https://www.ubereats.com/connecticut/food-delivery/julians-brick-oven-pizza/5uo4mhieTtWOLRn6OlJkYQ,shelton-connecticut
https://www.ubereats.com/connecticut/food-delivery/oar-%26-oak/apxv-WqsR5ihduFGHivWkg,shelton-connecticut
https://www.ubereats.com/connecticut/food-delivery/misimi/hCeMvHwaSvmRs8iS1WhyEw,shelton-connecticut
https://www.ubereats.com/connecticut/food-delivery/brickbox/u57vHtfZTE63sgCXypzNCw,shelton-connecticut
https://www.ubereats.com/connecticut/food-delivery/the-ice-cream-shop/slHNMC2wSe6fgfgUx-DixQ,shelton-connecticut
https://www.ubereats.com/connecticut/food-delivery/fruta-juice/lTY2u6SMQAyih20zp-uj4g,shelton-connecticut
https://www.ubereats.com/connecticut/food-delivery/carmines-ristorante-italiano/Fx4iY-M0TvScRpzj5Q-RZA,shelton-connecticut
https://www.ubereats.com/connecticut/food-delivery/ichiro-japanese-restaurant/TvON50exTT-3ho0zd5xOow,shelton-connecticut
https://www.ubereats.com/connecticut/food-delivery/walnut-beach-creamery/DHpt6JUKQcWhpxGsrsU3Qw,shelton-connecticut
https://www.ubereats.com/connecticut/food-delivery/donut-crazy-stratford/5N66ZjSXRa2NnH1oygDKpQ,shelton-connecticut
https://www.ubereats.com/connecticut/food-delivery/red-lobster-4485-main-street/XduBYFhnSbyZgUwgNCkEDg,shelton-connecticut
https://www.ubereats.com/connecticut/food-delivery/ola-restaurant/0sPSz6LBTea6qVnSgpkY9g,shelton-connecticut
https://www.ubereats.com/connecticut/food-delivery/taco-bell-308-lindley-st/C5bkHGrsSvCc8zKpyOKg0g,shelton-connecticut
https://www.ubereats.com/connecticut/food-delivery/china-pavilion/orNlHnk1R1CuFAGLOlSEyg,shelton-connecticut
https://www.ubereats.com/connecticut/food-delivery/parker-shelton/d56uHgUdQvim5TCfqAAEug,shelton-connecticut
https://www.ubereats.com/connecticut/food-delivery/wild-kanji/mVaA4ayhTumGfWwhBC_hAg,shelton-connecticut
https://www.ubereats.com/connecticut/food-delivery/sweetcookiebakery/bu7RSWrATb-97x-FGCmMsg,shelton-connecticut
https://www.ubereats.com/connecticut/food-delivery/taste-of-asia/EPTZsXr2RzKcJ8AT3RCaGg,shelton-connecticut
https://www.ubereats.com/connecticut/food-delivery/jersey-mikes-subs-derby-50-pershing-dr/KCtiX6QpS8qq7qS21iCOYA,shelton-connecticut
https://www.ubereats.com/connecticut/food-delivery/chipotle-mexican-grill-701-bridgeport-ave/QTJHHi3QRbiNLTauTOEnbQ,shelton-connecticut
https://www.ubereats.com/connecticut/food-delivery/charleys-philly-steaks-1201-boston-post-rd-space-fc-12/a4BJPLlHTUus94V9h5Gzgg,shelton-connecticut
https://www.ubereats.com/connecticut/food-delivery/popeyes-derby/iqs-ntSlTDSfti1Tq9NJ5Q,shelton-connecticut
https://www.ubereats.com/connecticut/food-delivery/yard-jerk-2/SJKAfORHS2KnPxremnSAQw,shelton-connecticut
https://www.ubereats.com/connecticut/food-delivery/famous-50s-diner/tMZGaOdIT0CLc2UsBGQW1A,shelton-connecticut
https://www.ubereats.com/connecticut/food-delivery/burger-king-4196-north-main-street/TJ00uQDwR1WpZFbVp8pifA,shelton-connecticut
https://www.ubereats.com/connecticut/food-delivery/cinnabon-baked-at-pilot-433-old-gate-lane/q2dWgqWHQaSWIBel3HHXSw,shelton-connecticut
https://www.ubereats.com/connecticut/food-delivery/wayback-burger-185-boston-post-road/pffAyCt1T6OEH2XrRoRSKw,shelton-connecticut
https://www.ubereats.com/connecticut/food-delivery/barcode/t3x-xT5lST-Y2d5l7aLWCQ,shelton-connecticut
https://www.ubereats.com/connecticut/food-delivery/taco-bell-205-division-street/n83eULQlQASUCOhx-xWJ7g,shelton-connecticut
https://www.ubereats.com/connecticut/food-delivery/hungry-panda/r3F4Et7RRU-rbJKLPgcstg,shelton-connecticut
https://www.ubereats.com/connecticut/food-delivery/taco-bell-355-foxon-blvd/aJ7WOl58RMynUqWRwmsWIw,shelton-connecticut
https://www.ubereats.com/connecticut/food-delivery/aroogas-rt-8-shelton/b4HrD91dQsid8CWZ8GqzUw,shelton-connecticut
https://www.ubereats.com/connecticut/food-delivery/burger-king-20-pershing-drive/u6-5_S4AQ4-OnlTTc_g6MQ,shelton-connecticut
https://www.ubereats.com/connecticut/food-delivery/ginos-pizza-%26-grill/4ZDDa7CUQ6G_xF9xb6soJg,shelton-connecticut
https://www.ubereats.com/connecticut/food-delivery/kolam/Nf0Y9vRXRkaZMQjpQpF84Q,shelton-connecticut
https://www.ubereats.com/connecticut/food-delivery/lisas-take-out-restaurant-and-catering/RnnOdzgRSsiRc2gLLRocFg,shelton-connecticut
https://www.ubereats.com/connecticut/food-delivery/state-garden-chinese-2/vL0WMhi0TJ6z2E8lQrD8kA,shelton-connecticut
https://www.ubereats.com/connecticut/food-delivery/dunkin-945-white-plains-rd/o4kgJjQORcSkzrr3yLKAjA,shelton-connecticut
https://www.ubereats.com/connecticut/food-delivery/crown-fried-chicken-derby/9Cob4hdjQHC7yzFoag9OHg,shelton-connecticut
https://www.ubereats.com/connecticut/food-delivery/kiosko-diner-authentic-mexican-food/8f3TpqaSTYGATGXLOxl_Zw,shelton-connecticut
https://www.ubereats.com/connecticut/food-delivery/captains-pizza-restaurant-%231/ou71sKvOQ16swa-DakmDIg,shelton-connecticut
https://www.ubereats.com/connecticut/food-delivery/bella-rosa-pizzeria-ristorante/Eu5XGbWhTqqWJirfq-mLRg,shelton-connecticut
https://www.ubereats.com/connecticut/food-delivery/crown-fried-chicken-bridgeport/_8l140L7RyiwxbhztG2MVw,shelton-connecticut
https://www.ubereats.com/connecticut/food-delivery/still-river-bar-%26-grill/1HIjAMjgRpC9ro_aas8z8w,shelton-connecticut
https://www.ubereats.com/connecticut/food-delivery/wayback-burgers-hamden/e9RqW1PiSwaZSa-Ri3cHbg,shelton-connecticut
https://www.ubereats.com/connecticut/food-delivery/j-r-bs-family-restaurant/D1L6NVpYSLC940njek9i3Q,shelton-connecticut
https://www.ubereats.com/connecticut/food-delivery/baingan/aQh1fi-WRKexI90EXaKfvg,shelton-connecticut
https://www.ubereats.com/connecticut/food-delivery/cw-fitness/hs7wlrd0QCCDxwacxv6KGQ,shelton-connecticut
https://www.ubereats.com/connecticut/food-delivery/gippers-restaurant-%26-ale-house/FNyh0zeKRViur_W3uFaIyg,shelton-connecticut
https://www.ubereats.com/connecticut/food-delivery/la-fortuna/OMueDAigTUagWti21NCGlw,shelton-connecticut
https://www.ubereats.com/connecticut/food-delivery/panda-express-5065-main-street/BXKduX6gQ7Ktd8RyMRxa2w,shelton-connecticut
https://www.ubereats.com/connecticut/food-delivery/dunkin-733-bridgeport-ave/rVc54mNGQlaUGyeKEZ-Z2A,shelton-connecticut
https://www.ubereats.com/connecticut/food-delivery/the-pub-on-howe/_rpcbEMCQ9a2mjcfhQOLeA,shelton-connecticut
https://www.ubereats.com/connecticut/food-delivery/ihop-486-boston-post-road/rQRQvxFNQwupDbDTZITUFQ,shelton-connecticut
https://www.ubereats.com/connecticut/food-delivery/rawa/dGLw6KpdR5WWLVWRO4zfcw,shelton-connecticut
https://www.ubereats.com/connecticut/food-delivery/fuji-chinese-%26-japanese-restaurant/cxaRV5wxTneAbSvc8uTwHg,shelton-connecticut
https://www.ubereats.com/connecticut/food-delivery/wayback-burger-2850-main-street/_xxHYEADRzyZ270_BxleYw,shelton-connecticut
https://www.ubereats.com/connecticut/food-delivery/mary-ellens-grocery-and-deli/4uRGzNQMQaqR5wBlJoVNZg,shelton-connecticut
https://www.ubereats.com/connecticut/food-delivery/empanadas/MFNmyA0SQBm98jEhmFu0-A,shelton-connecticut
https://www.ubereats.com/connecticut/food-delivery/popeyes-derby/SFsN8pezSOuJHPcJgxc-Fw,shelton-connecticut
https://www.ubereats.com/connecticut/food-delivery/chifrijo/4yb64zDpRYCTXg8jjD1HIw,shelton-connecticut
https://www.ubereats.com/connecticut/food-delivery/paradice-treats/d08U-G6uTeaGJt_Ca0Ak_Q,shelton-connecticut
https://www.ubereats.com/connecticut/food-delivery/dunkin-377-boston-post-rd/qvP5O5wSQvW4C9Q-Ugy_6g,shelton-connecticut
https://www.ubereats.com/connecticut/food-delivery/wing-madness-new-haven/-idTibxESdO9I7bf9y-grQ,shelton-connecticut
https://www.ubereats.com/connecticut/food-delivery/olives-and-oil-seymour/tJTTdh8oR0i3BBHqQmKHFg,shelton-connecticut
https://www.ubereats.com/connecticut/food-delivery/wendys-709-new-haven-avenue/QOgj5L8RSX6vS3Ocv1BUCg,shelton-connecticut
https://www.ubereats.com/connecticut/food-delivery/subway-465-bridgeport-ave/TXeG2oJLQpOsoqXqJChnRA,shelton-connecticut
https://www.ubereats.com/connecticut/food-delivery/villa-pizzeria-ristorante/g8xEYEgSRhCFeKUobf5hdA,shelton-connecticut
https://www.ubereats.com/connecticut/food-delivery/house-of-pho/CRsSYRvrSdyQz-6wNobm9A,shelton-connecticut
https://www.ubereats.com/connecticut/food-delivery/goodies-of-orange-west-haven/zlpC4iVGSxiBiLgR2DTczA,shelton-connecticut
https://www.ubereats.com/connecticut/food-delivery/lake-zoar-drive-in/Rw8UhejfQ0WTEhtL98FdkA,shelton-connecticut
https://www.ubereats.com/connecticut/food-delivery/dunkin-1055-huntington-tpke/N4SEGEMWS0-qCEpaS0W85A,shelton-connecticut
https://www.ubereats.com/connecticut/food-delivery/mcdonalds-brdgprt-4219main/eNPJZzZ-StqwRa243oXtmQ,shelton-connecticut
https://www.ubereats.com/connecticut/food-delivery/copper-city-bar-%26-grill/wxNhw81aTGicrO5CzDB7Mw,shelton-connecticut
https://www.ubereats.com/connecticut/food-delivery/romanacci-ii/-v5Q63AvRRym7qssmKEEbg,shelton-connecticut
https://www.ubereats.com/connecticut/food-delivery/m%C2%B7a%C2%B7gs-pizza-bar-%26-grill/6HPXIz1ZRGCJSWRSWAgVMg,shelton-connecticut
https://www.ubereats.com/connecticut/food-delivery/dunkin-71-oxford-rd/5JErDuZAQLSY-wcwzKPxbw,shelton-connecticut
https://www.ubereats.com/connecticut/food-delivery/hook-line-and-sinker/AHbzf4LhS_-Udk57JibFjw,shelton-connecticut
https://www.ubereats.com/connecticut/food-delivery/nicks-luncheonette/w7HCziLJSImbzEM3xXHxow,shelton-connecticut
https://www.ubereats.com/connecticut/food-delivery/balkana-european-market-%26-eatery/Du4xZSC9QpeygKFNjlxwBA,shelton-connecticut
https://www.ubereats.com/connecticut/food-delivery/bagel-king-of-bridgeport/cQ-eh12_TjmI2jgqW9kIMg,shelton-connecticut
https://www.ubereats.com/connecticut/food-delivery/woodside-deli/bDQL3pILTYiNWlk_xpR6eg,shelton-connecticut
https://www.ubereats.com/connecticut/food-delivery/stormys-bull-%26-barley/bHOY1YZ9QHG-CknBwoQ3cg,shelton-connecticut
https://www.ubereats.com/connecticut/food-delivery/taco-bell-1463-boston-post-rd/56TIKN7iTyygOXD8H-5Lrg,shelton-connecticut
https://www.ubereats.com/connecticut/food-delivery/dunkin-447-monroe-tpke/PJtc7WhJSMeU1718EagMCQ,shelton-connecticut
https://www.ubereats.com/connecticut/food-delivery/trumbull-cafe-%26-grill/FdGaVXxsQ9WX00zn8ZaAKA,shelton-connecticut
https://www.ubereats.com/connecticut/food-delivery/dennys-487-sawmill-rd/l_117GgGS4-mZcIboYlmQw,shelton-connecticut
https://www.ubereats.com/connecticut/food-delivery/outback-steakhouse-132-marsh-hill-road/rj38WMw3RvOhtzys-vM3vw,shelton-connecticut
https://www.ubereats.com/connecticut/food-delivery/latino-deli-restaurant/Jvx9dShsQ9awJNAjZzJXvA,shelton-connecticut
https://www.ubereats.com/connecticut/food-delivery/buffalo-wild-wings-1201-boston-post-rd/fVIaX8jES5Kkkgp7Z2Ch7Q,shelton-connecticut
https://www.ubereats.com/connecticut/food-delivery/hooters-boston-post-rd-%26-forest-rd/MHsGltLVQI-rVxdmwWAwMA,shelton-connecticut
https://www.ubereats.com/connecticut/food-delivery/michaelangelo-pizza-%26-subs-restaurant/7Wh4c7cDRWGjWfwRWbT2uA,shelton-connecticut
https://www.ubereats.com/connecticut/food-delivery/nardellis-grinder-shoppeoxford/E-87F8fXRkmKSVHslrwPZw,shelton-connecticut
https://www.ubereats.com/connecticut/food-delivery/moon-star-asian-cuisine/KdxoyRDaSsaYpLzcmRA3Iw,shelton-connecticut
https://www.ubereats.com/connecticut/food-delivery/pasta-fina/RkmO0O51TzerwkldmyJiLA,shelton-connecticut
https://www.ubereats.com/connecticut/food-delivery/grimaldis-of-woodbridge/LyeJIL1PSE6WTCZhQFgYbg,shelton-connecticut
https://www.ubereats.com/connecticut/food-delivery/bin-100-restaurant/NJivACkJSpSi7GAEeG2TQA,shelton-connecticut
https://www.ubereats.com/connecticut/food-delivery/sitting-duck-tavern-oxford/adkHQpIeT4quGXm5AAWFng,shelton-connecticut
https://www.ubereats.com/connecticut/food-delivery/planet-pizza-shelton/SumXPIgDTR-CVVu903UHzA,shelton-connecticut
https://www.ubereats.com/connecticut/food-delivery/djs-pizza/7hhLgJgPSyykeHeZ0HJs5A,shelton-connecticut
https://www.ubereats.com/connecticut/food-delivery/burger-king-902-bridgeport-avenue/h-GcDbh8RteBc_X8w0ImMQ,shelton-connecticut
https://www.ubereats.com/connecticut/food-delivery/outback-steakhouse-698-bridgeport-avenue/8X4dZRcURt6THrMKHpubqg,shelton-connecticut
https://www.ubereats.com/connecticut/food-delivery/burger-king-1540-barnum-avenue/9863f4HCSHGlQcW5AeigUg,shelton-connecticut
https://www.ubereats.com/connecticut/food-delivery/dunkin-33-new-haven-rd/Aer9xIUdRoyIEg1cPhVMMw,shelton-connecticut
https://www.ubereats.com/connecticut/food-delivery/romeos-deli-and-grill/lYAnLnCrQ2-us2yNusTt2w,shelton-connecticut
https://www.ubereats.com/connecticut/food-delivery/eat-fish-restaurant/rPD8vqJ9SxuHD_fOAZUMjw,shelton-connecticut
https://www.ubereats.com/connecticut/food-delivery/sakuras-teriyaki-express/MEuXGuwDT_m8vDgxnQ9BZw,shelton-connecticut
https://www.ubereats.com/connecticut/food-delivery/jcs-sports-bar-%26-grill/y5o2WGjaQ1eIXc5fYcMJcQ,shelton-connecticut
https://www.ubereats.com/connecticut/food-delivery/paolo-ristorante/pM3QFiojRsuIXyRTFt_qXw,shelton-connecticut
https://www.ubereats.com/connecticut/food-delivery/codys-diner/KhDo2zq0Slq8VQQkJqD3yQ,shelton-connecticut
https://www.ubereats.com/connecticut/food-delivery/el-gallo-dorado-%232-restaurant/R4aahKmuQlyphbWUK0tSmA,shelton-connecticut
https://www.ubereats.com/connecticut/food-delivery/mcdonalds-derby-division/bHY1LBOHR9-fY7A1EFAGJQ,shelton-connecticut
https://www.ubereats.com/connecticut/food-delivery/the-hops-company/J8ROG0SwQUSBtjjoH6Yu9A,shelton-connecticut
https://www.ubereats.com/connecticut/food-delivery/paradise-indian-cuisine/WNXgJ0fuRMy3jCR9as8aoQ,shelton-connecticut
https://www.ubereats.com/connecticut/food-delivery/the-greek-spot/vENfutGfS5igPpApnQba4A,shelton-connecticut
https://www.ubereats.com/connecticut/food-delivery/fatty-patty/oHfk_vDkTZiCjmuDM63vgA,shelton-connecticut
https://www.ubereats.com/connecticut/food-delivery/kentucky-fried-chicken-north-main/xDM-EVm1T8K-Xps2Dy8Q0Q,shelton-connecticut
https://www.ubereats.com/connecticut/food-delivery/tgi-fridays-690-orange-ct/U32ShMloTpS_lKiipdLxKg,shelton-connecticut
https://www.ubereats.com/connecticut/food-delivery/chips-family-restaurant-orange/x5rCWeqzT7-NCRtV09eJSQ,shelton-connecticut
https://www.ubereats.com/connecticut/food-delivery/paradise-thai-cuisine/j1csS-k8T2WIucPvKm0qsg,shelton-connecticut
https://www.ubereats.com/connecticut/food-delivery/five-guys-ct-0274-75-amity-rd/7qSi30dIRaudk0ZY9W0TfA,shelton-connecticut
https://www.ubereats.com/connecticut/food-delivery/berts-deli/cjG7dmQdStuq1Z9b9c7DlQ,shelton-connecticut
https://www.ubereats.com/connecticut/food-delivery/mi-chinita/N4_mKKIcQUW7LeWQHIVZug,shelton-connecticut
https://www.ubereats.com/connecticut/food-delivery/gioves-pizza-kitchen/prN_IWPmTe-h_jp31XAtKQ,shelton-connecticut
https://www.ubereats.com/connecticut/food-delivery/wood-n-tap-hamden/087RdS7HRTK96cWUNRLowA,shelton-connecticut
https://www.ubereats.com/connecticut/food-delivery/goody-bassetts-ice-cream/s3t3JVgkT3KHHr9-0za5Sw,shelton-connecticut
https://www.ubereats.com/connecticut/food-delivery/the-grinder-shoppe/TupHaKDzTQ-EN3X_pL6kEQ,shelton-connecticut
https://www.ubereats.com/connecticut/food-delivery/dairy-queen-treat-401-monroe-tpke/CIntWSdeRIqXim_1qqafsg,shelton-connecticut
https://www.ubereats.com/connecticut/food-delivery/rosa-mina-ansonia/mnZRUXdySAWA3W4DOzbB3w,shelton-connecticut
https://www.ubereats.com/connecticut/food-delivery/taqueria-la-michoacana/3zpC9Q_RTjCINzqwFU1YFg,shelton-connecticut
https://www.ubereats.com/connecticut/food-delivery/mcdonalds-w-haven-saw-mill-rd/syrEXHRvTlasy6C-fqQK4Q,shelton-connecticut
https://www.ubereats.com/connecticut/food-delivery/el-salvador-restaurant/xsXRtfOFRtq8B85jKAcwjg,shelton-connecticut
https://www.ubereats.com/connecticut/food-delivery/gioves-pizza/gkUT-7pMSuO7f7jPhTNE7Q,shelton-connecticut
https://www.ubereats.com/connecticut/food-delivery/kentucky-fried-chicken-boston-post-rd/l93II5CCSbC7-uSiY8zYgw,shelton-connecticut
https://www.ubereats.com/connecticut/food-delivery/little-pub-fairfield/MsztJS72SZOOc0noRtwzIA,shelton-connecticut
https://www.ubereats.com/connecticut/food-delivery/hooties-burger-bar-milford/LOQjOmThQV-xj7c3yn_Fow,shelton-connecticut
https://www.ubereats.com/connecticut/food-delivery/pj-fresh-433-old-gate-lane/aj0yoDMuTi6RzBh4g2FA2A,shelton-connecticut
https://www.ubereats.com/connecticut/food-delivery/palma-restaurant/DagizrO8SGW8fKcxSmm6uA,shelton-connecticut
https://www.ubereats.com/connecticut/food-delivery/china-ming/yeH51ZVQSfCZZ3fV8qQXGA,shelton-connecticut
https://www.ubereats.com/connecticut/food-delivery/coyote-flaco-845-e-main-st/LX3QLUalQUyf_ccLH9h8mg,shelton-connecticut
https://www.ubereats.com/connecticut/food-delivery/sonic-1365-old-boston-post-road/_foNSSo-SYy_EOB6X6wjIQ,shelton-connecticut
https://www.ubereats.com/connecticut/food-delivery/new-kitchen/MwIlO79CQs2sPJPwZaBRZw,shelton-connecticut
https://www.ubereats.com/connecticut/food-delivery/three-bridges-coffeehouse/rofa3k2uSUOm8RwABh_vYw,shelton-connecticut
https://www.ubereats.com/connecticut/food-delivery/drewbaq-smoke-shack/1zHmUkQuQ6WvJsYTdVzmYg,shelton-connecticut
https://www.ubereats.com/connecticut/food-delivery/taco-town/kxoPlNx5RqOAA9_AbYjh9Q,shelton-connecticut
https://www.ubereats.com/connecticut/food-delivery/mad-mikes-cheesesteaks-%26-salads/4Z_r4xNATgKcdr8d0TjxNQ,shelton-connecticut
https://www.ubereats.com/connecticut/food-delivery/center-street-social/sVEoTEAVTU-sJUMNKQaCzQ,shelton-connecticut
https://www.ubereats.com/connecticut/food-delivery/liberty-pizza/u2vuiK52ROKHFEr8lRYKRw,shelton-connecticut
https://www.ubereats.com/connecticut/food-delivery/mcdonalds-hawley-lane-trumbull/Ha29VbVlQ3ay3rf9h0CZnw,shelton-connecticut
https://www.ubereats.com/connecticut/food-delivery/on-the-border-orange/zTE49t1ZQF6OsX6EozKcZQ,shelton-connecticut
https://www.ubereats.com/connecticut/food-delivery/the-corner-restaurant/Q7KYjprsRCy1MVDGzhTbYA,shelton-connecticut
https://www.ubereats.com/connecticut/food-delivery/hot-tamale-mexican-grill/z9pOdYnfQ1qOQXCzBMr9ow,shelton-connecticut
https://www.ubereats.com/connecticut/food-delivery/riverdale-diner/dTVOmBN7Q0GQrV_TQiBf4A,shelton-connecticut
https://www.ubereats.com/connecticut/food-delivery/damask/nUAzn34ESs2GmaVZdg-Iag,shelton-connecticut
https://www.ubereats.com/connecticut/food-delivery/chipotle-mexican-grill-354-saw-mill-rd/qPuQiBJfSQ6a1t1Ht5sBPA,shelton-connecticut
https://www.ubereats.com/connecticut/food-delivery/new-golden-empire/9g1ebZ75Sam0NpbP14lHjA,shelton-connecticut
https://www.ubereats.com/connecticut/food-delivery/tacocat/r9-GQQZ_QkusAVKx0KbU7g,shelton-connecticut
https://www.ubereats.com/connecticut/food-delivery/twisted-vine-restaurant/-Mea3eYdStuemU3TWlin3g,shelton-connecticut
https://www.ubereats.com/connecticut/food-delivery/swimmers-grill/Bu2D4pWiQf6erYXz-bBTZw,shelton-connecticut
https://www.ubereats.com/connecticut/food-delivery/burger-king-193-boston-avenue/aIkgcbExQQaQn9RSGS6q3g,shelton-connecticut
https://www.ubereats.com/connecticut/food-delivery/salernos-apizza1398-barnum-ave/MrqA58APRWG0ifvhloVqJg,shelton-connecticut
https://www.ubereats.com/connecticut/food-delivery/ceviche-palace/wL0owQrASxm2AvSB2NW9Sg,shelton-connecticut
https://www.ubereats.com/connecticut/food-delivery/watermelon/iDKo_XxwSPaPbT4_SyQGLQ,shelton-connecticut
https://www.ubereats.com/connecticut/food-delivery/cibus-latin-fusion/1nyZEcfeRT2uGkHHdSSKgQ,shelton-connecticut
https://www.ubereats.com/connecticut/food-delivery/new-great-china/SjI7CNVHQ-epG-QKSWv_lg,shelton-connecticut
https://www.ubereats.com/connecticut/food-delivery/beacon-falls-pizza-palace/NWjMMxNrRvG0hK04Bz_I1g,shelton-connecticut
