url,city
https://www.ubereats.com/nyc-suburbs/food-delivery/la-breakfast-club/xXZEZ1RSRoqY3o85xbXTkg,shirley-new-york
https://www.ubereats.com/nyc-suburbs/food-delivery/taco-bell-2425-n-ocean-ave/-d-fbS5iTqODS-cp6RzMiQ,shirley-new-york
https://www.ubereats.com/nyc-suburbs/food-delivery/hamza-halal-food/xPvNhTDRQY2FYnVZiVYavQ,shirley-new-york
https://www.ubereats.com/nyc-suburbs/food-delivery/valentina-brick-oven/5yxwKhB6TE6z7MaRP5Snvw,shirley-new-york
https://www.ubereats.com/nyc-suburbs/food-delivery/boston-market-803-montauk-highway/WZfYt2lqTAyWLdJCpvESyQ,shirley-new-york
https://www.ubereats.com/nyc-suburbs/food-delivery/manhattan-bagel/oMBx4DKjTVOV6YHF7pJClA,shirley-new-york
https://www.ubereats.com/nyc-suburbs/food-delivery/nazs-halal-food-456-william-floyd-parkway/lgs3_O9AS7qMGp0a6DglMA,shirley-new-york
https://www.ubereats.com/nyc-suburbs/food-delivery/brookhouse-pizza-and-grill/2et97TFfRU-czBPFr5XFmw,shirley-new-york
https://www.ubereats.com/nyc-suburbs/food-delivery/wayback-burger-490-mastic-rd/NGvI9fI6TfOs1qLHXMGCBw,shirley-new-york
https://www.ubereats.com/nyc-suburbs/food-delivery/rhum/H1Q7TCh-TQCwk54GMnnwcA,shirley-new-york
https://www.ubereats.com/nyc-suburbs/food-delivery/local-burger-co-patchogue/HPvCj0LaR12nmX012BgKng,shirley-new-york
https://www.ubereats.com/nyc-suburbs/food-delivery/the-captains-boil-700-patchogue-yaphank-road/S1-VHF4GSwGnGVN17VS5MQ,shirley-new-york
https://www.ubereats.com/nyc-suburbs/food-delivery/joes-pizzeria-%26-restaurant/8ZniCKdhSn6Zbg-pcoHkQw,shirley-new-york
https://www.ubereats.com/nyc-suburbs/food-delivery/carolina-kitchen/jNl6vP-GTu63d8i6ibRzhA,shirley-new-york
https://www.ubereats.com/nyc-suburbs/food-delivery/dunkin-1780-middle-country-rd/pOJYJCqwR7298FCZXu07KA,shirley-new-york
https://www.ubereats.com/nyc-suburbs/food-delivery/jcs-restaurant/lVls8-7KTfChiJUhMbKx7Q,shirley-new-york
https://www.ubereats.com/nyc-suburbs/food-delivery/tainos-cafe-%26-lounge/AJxKz-lxTfqwNoYqKKH2Ag,shirley-new-york
https://www.ubereats.com/nyc-suburbs/food-delivery/popeis-coram/6xfTeOjJRZ-12wzHzmcIzw,shirley-new-york
https://www.ubereats.com/nyc-suburbs/food-delivery/ruby-tuesday-700-patchogue-yaphank-road/hukYPzudTRKw5qMQ7E-cDw,shirley-new-york
https://www.ubereats.com/nyc-suburbs/food-delivery/georges-luncheonette-patchogue/8zo7x8cjQ0yO9HuebiSODQ,shirley-new-york
https://www.ubereats.com/nyc-suburbs/food-delivery/sunny-%26-fines-breakfast-burritos/NZnVXLLOSgmoMgYJIOlh-g,shirley-new-york
https://www.ubereats.com/nyc-suburbs/food-delivery/hurricane-grill-and-wings-496-county-rd/YrY5JBqVRd2jxsDYRJUzcQ,shirley-new-york
https://www.ubereats.com/nyc-suburbs/food-delivery/go-burger-ridge-ny/Y-vm4MBcTHyEsTMJxzNlTw,shirley-new-york
https://www.ubereats.com/nyc-suburbs/food-delivery/b*tch-dont-grill-my-cheese/dEdO8L2qQ-WlbEZkkEQlkQ,shirley-new-york
https://www.ubereats.com/nyc-suburbs/food-delivery/tonys-sushi/-Hm8LZaeSvuKq_hId_0fFg,shirley-new-york
https://www.ubereats.com/nyc-suburbs/food-delivery/my-hero/du1_OLz-S0GyXYyKTa7QtA,shirley-new-york
https://www.ubereats.com/nyc-suburbs/food-delivery/dunkin-440-william-floyd-pkwy/mG-gf1tUTsi0Q6TQfu6Srw,shirley-new-york
https://www.ubereats.com/nyc-suburbs/food-delivery/dairy-queen-grill-%26-chill-2846-rt-112/0IJWSvWJSLqPB_j_TmaWqw,shirley-new-york
https://www.ubereats.com/nyc-suburbs/food-delivery/lulus-lobster/Za_C_lKGR22094BsWGm2Jg,shirley-new-york
https://www.ubereats.com/nyc-suburbs/food-delivery/jersey-mikes-280a-middle-country-rd/khjMI_WGRaqSW_JIP5mKQg,shirley-new-york
https://www.ubereats.com/nyc-suburbs/food-delivery/tonys-sushi-%26-steakhouse/ccoOMddXQ469_5ORgU8bpg,shirley-new-york
https://www.ubereats.com/nyc-suburbs/food-delivery/mademoiselle-patisserie/7wFEiEdaR32iqkCTLogHeg,shirley-new-york
https://www.ubereats.com/nyc-suburbs/food-delivery/curry-kebob-house/IyX2NjtMTWq8W2Bpk9rV2w,shirley-new-york
https://www.ubereats.com/nyc-suburbs/food-delivery/mama-bellas-pizzeria-%26-restaurant-route-112/vNjwtOkBQ5uRLXm9yRA6wg,shirley-new-york
https://www.ubereats.com/nyc-suburbs/food-delivery/dba-bagel-cafe/w_bJc5SQQE2urIYAk1i-SA,shirley-new-york
https://www.ubereats.com/nyc-suburbs/food-delivery/dunkin-20-eastport-manor-rd/mzLA78P6QtiY7wPfsIfxvA,shirley-new-york
https://www.ubereats.com/nyc-suburbs/food-delivery/taco-bell-174-medford-avenue/FKb7JniOQX2rTiNv1E7HWA,shirley-new-york
https://www.ubereats.com/nyc-suburbs/food-delivery/brewology-speonk/cSPsWLmiThu32VlYDDtfUQ,shirley-new-york
https://www.ubereats.com/nyc-suburbs/food-delivery/subway-755-montauk-hwy/8GERRvLMROe9BGKWpykBqQ,shirley-new-york
https://www.ubereats.com/nyc-suburbs/food-delivery/bagel-palace/OfgV2A9ST4ux9mFSbRGgxg,shirley-new-york
https://www.ubereats.com/nyc-suburbs/food-delivery/wasabi-japanese-steakhouse/ksz-gxuHQNCSGNxahGuEiw,shirley-new-york
https://www.ubereats.com/nyc-suburbs/food-delivery/carvel-480-patchogue-holbrook-rd/Sv8EtDnOTAq7JmXqs74Ctw,shirley-new-york
https://www.ubereats.com/nyc-suburbs/food-delivery/familia-bakery/3KCZnf9eRn6KdRdee2V7uQ,shirley-new-york
https://www.ubereats.com/nyc-suburbs/food-delivery/coram-diner/JCJpkzIkT9O13EnOTaZynQ,shirley-new-york
https://www.ubereats.com/nyc-suburbs/food-delivery/medford-village-market/lW20WfsuRaqnkxZOqj_5Og,shirley-new-york
https://www.ubereats.com/nyc-suburbs/food-delivery/super-deli/4GRoSge0Tx62yYzkDjCmiQ,shirley-new-york
https://www.ubereats.com/nyc-suburbs/food-delivery/sunshine-deli/2N4Ay_yeRUautDUVfYxE1A,shirley-new-york
https://www.ubereats.com/nyc-suburbs/food-delivery/william-floyd-diner/ZfnHVBVvTVWhW4ZVw5Cyfg,shirley-new-york
https://www.ubereats.com/nyc-suburbs/food-delivery/4-u-convenience-deli/sDblTRd2ScenoBEqVyeBaQ,shirley-new-york
https://www.ubereats.com/nyc-suburbs/food-delivery/kabul-halal-grill/blDjZTK7QkmgPBcLJblSIQ,shirley-new-york
https://www.ubereats.com/nyc-suburbs/food-delivery/castaway-cafe/Vs8NApUZRqeYlhNzZdRKnQ,shirley-new-york
https://www.ubereats.com/nyc-suburbs/food-delivery/athens-diner/NFsuqrbGRx-5zgsGPrNQbw,shirley-new-york
https://www.ubereats.com/nyc-suburbs/food-delivery/pizza-corner-medford/aivWHotxQ4ik3mysuut6CA,shirley-new-york
https://www.ubereats.com/nyc-suburbs/food-delivery/the-vegan-hub/ABx_9JFaQNaoYtdDRLZGog,shirley-new-york
https://www.ubereats.com/nyc-suburbs/food-delivery/brendas-jamaican-restaurant/mm6Mzb4AQ5WPYwGuFdoYAw,shirley-new-york
https://www.ubereats.com/nyc-suburbs/food-delivery/tgi-fridays-326-farmingville-ny/xpIm9cqeQD6TVg-Qa2aeUw,shirley-new-york
https://www.ubereats.com/nyc-suburbs/food-delivery/country-cottage-diner-center-moriches/SZgcszyYRAe5FHn8zMLHgw,shirley-new-york
https://www.ubereats.com/nyc-suburbs/food-delivery/subway-895a-montauk-hwy/ERTdAl3ORCiW2nFcNpMlOA,shirley-new-york
https://www.ubereats.com/nyc-suburbs/food-delivery/215-applebees-patchogue/OCTxJXUxQbyKwDeqBlntiQ,shirley-new-york
https://www.ubereats.com/nyc-suburbs/food-delivery/dijamaican-docbird-restaurant-inc/6b_NuGnzSbmCO5-Fc8bBtQ,shirley-new-york
https://www.ubereats.com/nyc-suburbs/food-delivery/5-brothers-fried-chicken-and-waffles/MeB_EU_7SHavqYaomhyVRA,shirley-new-york
https://www.ubereats.com/nyc-suburbs/food-delivery/best-meal-chinese-food/zBqS0kNgQ0OMe6LiGK8D6A,shirley-new-york
https://www.ubereats.com/nyc-suburbs/food-delivery/the-cuban-patchogue/hQnPzBMDQQyhRn8-SpJAWw,shirley-new-york
https://www.ubereats.com/nyc-suburbs/food-delivery/mastic-deli-%26-market/FAa3JxGXR0SFYKlwcS3IHA,shirley-new-york
https://www.ubereats.com/nyc-suburbs/food-delivery/colins-deli/bSD5vAUcSQOXN58ALhhyig,shirley-new-york
https://www.ubereats.com/nyc-suburbs/food-delivery/pollo-sabroson/PclkXsbxT0e0T2aSlp2zfQ,shirley-new-york
https://www.ubereats.com/nyc-suburbs/food-delivery/jackees-jamaican-cafe/JH5b70RQR6CIkuFMABaukw,shirley-new-york
https://www.ubereats.com/nyc-suburbs/food-delivery/on-the-border-holtsville/PXVepW9JSNO90fQQIwyRYg,shirley-new-york
https://www.ubereats.com/nyc-suburbs/food-delivery/china-star/I1mR4135TkmyGxTRGIgS_Q,shirley-new-york
https://www.ubereats.com/nyc-suburbs/food-delivery/mediterranean-kitchen-mastic/dYJAuV_eS9uw1s4DXi5vsA,shirley-new-york
https://www.ubereats.com/nyc-suburbs/food-delivery/friendlys-940-montauk-hwy/gV2YJZntQtysYoQb4Cbq9g,shirley-new-york
https://www.ubereats.com/nyc-suburbs/food-delivery/big-italy-pizzeria/aOuF4lifQSSZJe_RWsD96Q,shirley-new-york
https://www.ubereats.com/nyc-suburbs/food-delivery/carvel-1289-middle-country-road/5hnY1EURSy6iwIdgY9EVeA,shirley-new-york
https://www.ubereats.com/nyc-suburbs/food-delivery/crumbs-on-main/2nC4DPwnQyi8emovXJ4-Nw,shirley-new-york
https://www.ubereats.com/nyc-suburbs/food-delivery/dunkin-545-william-floyd-pkwy/fUuykizxSiy7XFB0o21czg,shirley-new-york
https://www.ubereats.com/nyc-suburbs/food-delivery/kfc-800-montauk-hwy-ste-22/whcc_rQmR42Ii8rAF-F7Cg,shirley-new-york
https://www.ubereats.com/nyc-suburbs/food-delivery/gerardos-pizza-%26-pasta/wqHQpTHeQ5mdz-bvdUoTuw,shirley-new-york
https://www.ubereats.com/nyc-suburbs/food-delivery/burger-king-862-montauk-hwy/lPNAqfLTQ26HQYwJ2mY9IA,shirley-new-york
https://www.ubereats.com/nyc-suburbs/food-delivery/burgerology-patchogue/hSzBt2b1TrO0yvyC7grJiQ,shirley-new-york
https://www.ubereats.com/nyc-suburbs/food-delivery/deli-beer-smoke/gH4Ee2kvRdGMwWheUjwfOw,shirley-new-york
https://www.ubereats.com/nyc-suburbs/food-delivery/golden-jalapenos/iTiVIuW-ReiE2eOkcA-QTA,shirley-new-york
https://www.ubereats.com/nyc-suburbs/food-delivery/pitstop-pantry-grill-%26-market/Py3A83AOTPyiOZkKoDCmnA,shirley-new-york
https://www.ubereats.com/nyc-suburbs/food-delivery/crazy-crepe-cafe/QAv5T03tRZS_X8fChqAjfg,shirley-new-york
https://www.ubereats.com/nyc-suburbs/food-delivery/alfredos-pizzeria-%26-restaurant/PWy4cTZfQtSu0vp-67TrhQ,shirley-new-york
https://www.ubereats.com/nyc-suburbs/food-delivery/bagels-your-way-medford/n6N52GjkSju_Egt5tPNm8A,shirley-new-york
https://www.ubereats.com/nyc-suburbs/food-delivery/subway-1187-middle-country-rd/CX7YkFTWS2ycMxuNryS2fA,shirley-new-york
https://www.ubereats.com/nyc-suburbs/food-delivery/taco-bell-ridge/AKxvAf6LTh-EXFBf4uN6YA,shirley-new-york
https://www.ubereats.com/nyc-suburbs/food-delivery/johns-pizza-and-restaurant/3dm14PrZQweJqem1ls7m3Q,shirley-new-york
https://www.ubereats.com/nyc-suburbs/food-delivery/joshi-brothers-deli-%26-grocery/CCiHgxKVTOqjmOvNsb7oCQ,shirley-new-york
https://www.ubereats.com/nyc-suburbs/food-delivery/kfc-533-medford-ave/EaAh6aoUQ0KWdDy5nwYgbw,shirley-new-york
https://www.ubereats.com/nyc-suburbs/food-delivery/burger-king-246-medford-ave/wqiWtSYMThSRlbRQAMRFdg,shirley-new-york
https://www.ubereats.com/nyc-suburbs/food-delivery/i-heart-mac-and-cheese-patchogue/k3mLnjFsTSq7iQ79hpLuNA,shirley-new-york
https://www.ubereats.com/nyc-suburbs/food-delivery/sammy-a-vegan-boy/0XOxNiVhSqC-dKXbOPIBQQ,shirley-new-york
https://www.ubereats.com/nyc-suburbs/food-delivery/weirs-corner-deli/IsH4v_OYRWOQ3u6gCg_MBQ,shirley-new-york
https://www.ubereats.com/nyc-suburbs/food-delivery/blue-point-diner/E8ELpjAGSDmo7N3h102X1Q,shirley-new-york
https://www.ubereats.com/nyc-suburbs/food-delivery/206-applebees-farmingville/F3vmjvF0Rl6MHYfJs4OiwQ,shirley-new-york
https://www.ubereats.com/nyc-suburbs/food-delivery/village-bistro/c-SclDHqQ9ubcxYoGs27XA,shirley-new-york
https://www.ubereats.com/nyc-suburbs/food-delivery/friendlys-700-80-rte-101/4IlxFoAlTbefzgCTQLVfZA,shirley-new-york
https://www.ubereats.com/nyc-suburbs/food-delivery/medford-pastaria/zi8aUGOtT2Sz3-sEGrLq8A,shirley-new-york
https://www.ubereats.com/nyc-suburbs/food-delivery/24-7-convenience-store/dqu-mUt2TOeHHCCc3PBUGg,shirley-new-york
https://www.ubereats.com/nyc-suburbs/food-delivery/wendys-1820-rt-112/mxLpdurMQrq9-YuXaju2Rg,shirley-new-york
https://www.ubereats.com/nyc-suburbs/food-delivery/meltology/sBETs4-FTkeNDgpk9ZI7vg,shirley-new-york
https://www.ubereats.com/nyc-suburbs/food-delivery/112-tequila-restaurant/vIkJUOWfSQOg8g089YU1QA,shirley-new-york
https://www.ubereats.com/nyc-suburbs/food-delivery/hero-haven-and-more/7IbHOSMyTmSg7DvQZytbrA,shirley-new-york
https://www.ubereats.com/nyc-suburbs/food-delivery/dunkin-490-mastic-rd/4g6aQT--TTa1NREDTzbo-w,shirley-new-york
https://www.ubereats.com/nyc-suburbs/food-delivery/colins-hero-stop/CZozBBP3TdmxlipIzWkh9Q,shirley-new-york
https://www.ubereats.com/nyc-suburbs/food-delivery/crispys-*/B7U_gw4cTiKiJB-yy1qH8g,shirley-new-york
https://www.ubereats.com/nyc-suburbs/food-delivery/avo-taco/T1Sn8b3kQNyh5W8zw1jpSQ,shirley-new-york
https://www.ubereats.com/nyc-suburbs/food-delivery/moes-southwest-grill-66-98-rocky-point-yaphin-road/ZqwK6ueFSHWlI6SKQfEyFw,shirley-new-york
https://www.ubereats.com/nyc-suburbs/food-delivery/centro-america-deli/XF02iU5fRQa0DssDYxfzKg,shirley-new-york
https://www.ubereats.com/nyc-suburbs/food-delivery/aliyana-pizzeria/EIZsfNZBRXeyuL8Yvf9koA,shirley-new-york
https://www.ubereats.com/nyc-suburbs/food-delivery/buffalos-cafe-manorville/31MHs-V9RGejFcOnhEHYwQ,shirley-new-york
https://www.ubereats.com/nyc-suburbs/food-delivery/golden-jalapenos-cafe/1KZ7Pmb5SeCP4rSWKOcEtQ,shirley-new-york
https://www.ubereats.com/nyc-suburbs/food-delivery/dunkin-1495-montauk-hwy/d6zmXrneT52-WzEYkwRMbA,shirley-new-york
https://www.ubereats.com/nyc-suburbs/food-delivery/sobol-patchogue/9wwEY0e_SDKBsaWBv91TRg,shirley-new-york
https://www.ubereats.com/nyc-suburbs/food-delivery/taco-bell-551-william-floyd-parkway/psiMpNAeSVGiVmkGIov5SQ,shirley-new-york
https://www.ubereats.com/nyc-suburbs/food-delivery/middle-island-pizza/nUPVH3aITbunzi_F7TqsDg,shirley-new-york
https://www.ubereats.com/nyc-suburbs/food-delivery/216-applebees-shirley-855-montauk-highway-bldg-a/wrhQuvctTsiyVjs2vYzzEA,shirley-new-york
https://www.ubereats.com/nyc-suburbs/food-delivery/wing-shun-kitchen-%E6%B0%B8%E8%83%9C/uJqbWmiUS_OUuZEW-AewjQ,shirley-new-york
https://www.ubereats.com/nyc-suburbs/food-delivery/shanghai-chinese-restaurant/qZcWJ-HwToOk9rjwG4iOUw,shirley-new-york
https://www.ubereats.com/nyc-suburbs/food-delivery/burger-mansion/5a2UjqltS0-LlfFeCvOlEg,shirley-new-york
https://www.ubereats.com/nyc-suburbs/food-delivery/sobol-manorville/mOIng6QsQOWbIH6F2t6K_A,shirley-new-york
https://www.ubereats.com/nyc-suburbs/food-delivery/the-oar-steak-%26-seafood-grill/c9q_SaATRs-QOWecyhtAcQ,shirley-new-york
https://www.ubereats.com/nyc-suburbs/food-delivery/sobol-mastic-beach/ffpTjQbjT4O_PylwCCC_Dg,shirley-new-york
https://www.ubereats.com/nyc-suburbs/food-delivery/carman-street-deli/Au5MvHdMS3qo2n3uZOZ_-Q,shirley-new-york
https://www.ubereats.com/nyc-suburbs/food-delivery/dunkin-3197-horseblock-road/R_xH_9klQzaA1gEk12vZVg,shirley-new-york
https://www.ubereats.com/nyc-suburbs/food-delivery/popeyes-17-mcgraw-street/oSamiZQvSfiWGczcPZeg9A,shirley-new-york
https://www.ubereats.com/nyc-suburbs/food-delivery/long-shot-bar-%26-grill/gf8iN_ART36A4ETUENgpJQ,shirley-new-york
https://www.ubereats.com/nyc-suburbs/food-delivery/your-bagel-cafe/1typzXlPTYOCvvsIIdytGQ,shirley-new-york
https://www.ubereats.com/nyc-suburbs/food-delivery/la-buena-vida/t9zL-gTZSrOONrsOUEM7_g,shirley-new-york
https://www.ubereats.com/nyc-suburbs/food-delivery/metropolis-diner/Ww81MA18T1GsU5AjhJaF7g,shirley-new-york
https://www.ubereats.com/nyc-suburbs/food-delivery/seacove-italian-american-bar-%26-grill/8KUIiFZ3SUmw3FaUH9x9Zw,shirley-new-york
https://www.ubereats.com/nyc-suburbs/food-delivery/wendys-555-william-floyd-pkwy/UZ58S5WST_qegD9yQATuuA,shirley-new-york
https://www.ubereats.com/nyc-suburbs/food-delivery/the-hero-joint/3D-Ai0s_R5a3RveAZRNOAQ,shirley-new-york
https://www.ubereats.com/nyc-suburbs/food-delivery/del-fuego-patchogue/02Q7TXqrQj6nt8POWoxKuQ,shirley-new-york
https://www.ubereats.com/nyc-suburbs/food-delivery/wendys-774-montauk-highway/bxsdtOV-S5KTvVAS12aXTg,shirley-new-york
https://www.ubereats.com/nyc-suburbs/food-delivery/alitalia/EM5g_1NGQh-v98lpyUqJbg,shirley-new-york
https://www.ubereats.com/nyc-suburbs/food-delivery/priscos-gourmet-deli/9dRbJZUxRRu3a6bPbKXCIg,shirley-new-york
https://www.ubereats.com/nyc-suburbs/food-delivery/pita-house/K5gEf6PESyqMbWWxyI6ccQ,shirley-new-york
https://www.ubereats.com/nyc-suburbs/food-delivery/bernies-family-pizzeria/CxBmaU-tQ2Ghw-CAByrCBA,shirley-new-york
https://www.ubereats.com/nyc-suburbs/food-delivery/that-meetball-place-patchogue/s-UikbXUTsuE31KtmiY5SA,shirley-new-york
https://www.ubereats.com/nyc-suburbs/food-delivery/nonnas-pizzeria/qdP6CyJ3TNyOezS9xdomiA,shirley-new-york
https://www.ubereats.com/nyc-suburbs/food-delivery/papa-johns-pizza-%233095/fdjPRY1CQMuZB4KE6ppUDw,shirley-new-york
https://www.ubereats.com/nyc-suburbs/food-delivery/carvel-215-east-main-street/JhWp7yVGRYma-uBX8O8orA,shirley-new-york
https://www.ubereats.com/nyc-suburbs/food-delivery/checkers-550-william-floyd-pkwy/X9ywdjfgSZCqn92jFniIhA,shirley-new-york
https://www.ubereats.com/nyc-suburbs/food-delivery/subway-700-patchogue-yaphank-rd-ste-7/BRfHsBYSTwWIRWnw_y_E9w,shirley-new-york
https://www.ubereats.com/nyc-suburbs/food-delivery/cajun-claws/-DxMt2hHRkyuSsJ-6lNBBQ,shirley-new-york
https://www.ubereats.com/nyc-suburbs/food-delivery/wendys-460-sunrise-highway/sjewrLbUSZ-mAjsfQSf3PA,shirley-new-york
