url,city
https://www.ubereats.com/shreveport-la/food-delivery/applebees-1517-e-bert-kouns-industrial-loop/jSaktjkOSt2EGDPbsYqacg,shreveport-louisiana
https://www.ubereats.com/shreveport-la/food-delivery/dennys-9080-mansfield-rd/Vc8ZQoLyS8urQYcuYxqLcw,shreveport-louisiana
https://www.ubereats.com/shreveport-la/food-delivery/mcalisters-deli-1671-e-70th-street/-mAgMzyFTm-pXVnjhsw-aQ,shreveport-louisiana
https://www.ubereats.com/shreveport-la/food-delivery/wendys-450-kings-hwy/4PnoxFPLRemjTR019O8Dug,shreveport-louisiana
https://www.ubereats.com/shreveport-la/food-delivery/tasty-creme-donuts/Oq1lk--7Q0KVxugFztV-iQ,shreveport-louisiana
https://www.ubereats.com/shreveport-la/food-delivery/ralph-%26-kacoos-bossier-city/LbBwyPtrTFK3IALrFO5nlA,shreveport-louisiana
https://www.ubereats.com/shreveport-la/food-delivery/thai-%26-japanese-kitchen/O4mICKwnSsyAXUYpPwRSlA,shreveport-louisiana
https://www.ubereats.com/shreveport-la/food-delivery/wendys-113-e-bert-kouns-industrial-lp/2P3tM5UiRKqg4aPBts4bzA,shreveport-louisiana
https://www.ubereats.com/shreveport-la/food-delivery/chipotle-mexican-grill-7030-youree-dr/7bFdBBGIRbCejj0AOY4iKQ,shreveport-louisiana
https://www.ubereats.com/shreveport-la/food-delivery/chipotle-mexican-grill-2610-airline-dr/Esom8zEASmmNIYnTPwh3Xg,shreveport-louisiana
https://www.ubereats.com/shreveport-la/food-delivery/giuseppes-pastacaffe/n5RkAuIlQ26PWEglL4OQXw,shreveport-louisiana
https://www.ubereats.com/shreveport-la/food-delivery/cicis-6570-youree-dr/yczS_KnoQUS5BKl8I-W1QQ,shreveport-louisiana
https://www.ubereats.com/shreveport-la/food-delivery/hooters-545-boardwalk-blvd/tOzAfr_USUq_Rm34arCEBQ,shreveport-louisiana
https://www.ubereats.com/shreveport-la/food-delivery/popeyes-3565-greenwood-rd/h4l9ui0eRu6SN9evOXZdfA,shreveport-louisiana
https://www.ubereats.com/shreveport-la/food-delivery/churchs-chicken-1046-shreveport-barksdale-hwy/9H6LC3wiQa-VcbxwCOdhvA,shreveport-louisiana
https://www.ubereats.com/shreveport-la/food-delivery/eddies-restaurant/XFzPDhwaR_iExze0IsXsCw,shreveport-louisiana
https://www.ubereats.com/shreveport-la/food-delivery/starbucks-bert-kouns-%26-i-49/fEpKPKNpSZGWScf1WhxYzg,shreveport-louisiana
https://www.ubereats.com/shreveport-la/food-delivery/tinys-shop-and-more/kMw_7RVNRTScmaJoE7Rj3g,shreveport-louisiana
https://www.ubereats.com/shreveport-la/food-delivery/taco-bell-1630-e-bert-kouns-loop/lLAHfvEsQ6imAB3v0XwzkA,shreveport-louisiana
https://www.ubereats.com/shreveport-la/food-delivery/papa-johns-9225-mansfield-road/I5wph0NpShKFzC7fVpGDsQ,shreveport-louisiana
https://www.ubereats.com/shreveport-la/food-delivery/little-caesars-7007-pines-rd/FTzFg0KcTva4Ya5qqqsVmQ,shreveport-louisiana
https://www.ubereats.com/shreveport-la/food-delivery/new-orleans-famous-chicken-%26-seafood/zli_-1vIS7qe184vjkc_xw,shreveport-louisiana
https://www.ubereats.com/shreveport-la/food-delivery/wendys-3900-industrial-drive/TvshnU91T_maFPoOuzJP-Q,shreveport-louisiana
https://www.ubereats.com/shreveport-la/food-delivery/churchs-chicken-575-e-70th-st/Xq2IYPodTdGNJ8ClfsMCsg,shreveport-louisiana
https://www.ubereats.com/shreveport-la/food-delivery/papa-johns-1352-airline-drive-suite-2/N9vKPvXqShePmCOrUByr-g,shreveport-louisiana
https://www.ubereats.com/shreveport-la/food-delivery/posados-cafe-shreveport/_qju6R5fTO6OfbU6_x7zSw,shreveport-louisiana
https://www.ubereats.com/shreveport-la/food-delivery/dunkin-1701-jimmie-davis-hwy/KYcVbLfySYGg9no_5EV2ew,shreveport-louisiana
https://www.ubereats.com/shreveport-la/food-delivery/zaxbys-870-benton-rd/e6XXQirDRciil_SdNNe3yg,shreveport-louisiana
https://www.ubereats.com/shreveport-la/food-delivery/burger-king-3717-greenwood-road/x2ekZZOdSmWdA6YIA3GwEQ,shreveport-louisiana
https://www.ubereats.com/shreveport-la/food-delivery/logans-roadhouse-470-7519-youree-drive/4a6mL_FfSg6wXexasRg-Bg,shreveport-louisiana
https://www.ubereats.com/shreveport-la/food-delivery/sams-southern-eatery/edZfUK-FQNa4GYykBOipCQ,shreveport-louisiana
https://www.ubereats.com/shreveport-la/food-delivery/taco-bell-1990-airline-dr/kYy6XVTSQO2O6MAioBcbsA,shreveport-louisiana
https://www.ubereats.com/shreveport-la/food-delivery/wendys-1287-shreveport-barksdale-hwy/vzrZ2tGtQdmELyUMsSYtKg,shreveport-louisiana
https://www.ubereats.com/shreveport-la/food-delivery/china-hat/xoBnotjtQ-akvSInCg9NFg,shreveport-louisiana
https://www.ubereats.com/shreveport-la/food-delivery/crawdaddys-kitchen/EZQ5jmsaT8anjdmMU6AerQ,shreveport-louisiana
https://www.ubereats.com/shreveport-la/food-delivery/sams-southern-eatery/VxkHRwNkQdqcfz84JRwCkQ,shreveport-louisiana
https://www.ubereats.com/shreveport-la/food-delivery/burger-king-1625-kings-highway/auh9es8HTL-_TffFoKBdTQ,shreveport-louisiana
https://www.ubereats.com/shreveport-la/food-delivery/kfc-4005-hearne-avenue/TiMk-3NoSUqEhihXB2TGXw,shreveport-louisiana
https://www.ubereats.com/shreveport-la/food-delivery/johnnys-catfish-%26-seafood/14x6HZi2SImKng2WEarFiA,shreveport-louisiana
https://www.ubereats.com/shreveport-la/food-delivery/churchs-chicken-9190-mansfield-road/CbFjZF5tTYyAUqntaZqP7g,shreveport-louisiana
https://www.ubereats.com/shreveport-la/food-delivery/posados-cafe-shreveport/8K2MyvqDTBq4a9nofw_ZPw,shreveport-louisiana
https://www.ubereats.com/shreveport-la/food-delivery/mcdonalds-3610-greenwood-road/9qLLXuImQxKDpBnH_xaw6Q,shreveport-louisiana
https://www.ubereats.com/shreveport-la/food-delivery/kims-chicken-%26-waffles/9AmNliDQSPObXrhUhLpyOQ,shreveport-louisiana
https://www.ubereats.com/shreveport-la/food-delivery/wendys-1529-north-market-st/aaQfxWWHShiVT0uAry_sWQ,shreveport-louisiana
https://www.ubereats.com/shreveport-la/food-delivery/taqueria-la-michoacana/HWbNnlQBR-uJJr4kq_I7xA,shreveport-louisiana
https://www.ubereats.com/shreveport-la/food-delivery/ming-garden/pGAagzwXQVmF9HxRLV5g4Q,shreveport-louisiana
https://www.ubereats.com/shreveport-la/food-delivery/gracious-grocery/XhaArFz-Q7mY7lcdUaVsDw,shreveport-louisiana
https://www.ubereats.com/shreveport-la/food-delivery/popeyes-9094-mansfield-rd/cMaNHkmXStSci3cV1DontA,shreveport-louisiana
https://www.ubereats.com/shreveport-la/food-delivery/wendys-6710-pines-road/SpHS8EauTmO8CswRDGYTkw,shreveport-louisiana
https://www.ubereats.com/shreveport-la/food-delivery/five-guys-la-1570-7041-youree-dr/FDOFu19aSeebBT2KYCx8cA,shreveport-louisiana
https://www.ubereats.com/shreveport-la/food-delivery/five-guys-la-1445-2113-airline-dr/dRAhiJT2Rc2LgLtiELxpKA,shreveport-louisiana
https://www.ubereats.com/shreveport-la/food-delivery/popeyes-525-e-70th-st/n-9upzJiRN6E8VpcWy-UxQ,shreveport-louisiana
https://www.ubereats.com/shreveport-la/food-delivery/panda-express-2600-airline-dr/Sw5q8xakSiWPJir2OI5jHg,shreveport-louisiana
https://www.ubereats.com/shreveport-la/food-delivery/burger-king-6363-hearne-ave/EM8fkWZESJCYJPYSX2m2aA,shreveport-louisiana
https://www.ubereats.com/shreveport-la/food-delivery/taco-bell-2601-viking-drive/-K8jyFtuRo2FKEy1nb9kxw,shreveport-louisiana
https://www.ubereats.com/shreveport-la/food-delivery/wendys-2534-bert-kouhns-ind-loop/XMljU8tkTAmiz52BtH8aLA,shreveport-louisiana
https://www.ubereats.com/shreveport-la/food-delivery/papa-murphys-5886-line-ave/tfxOLLooQXyr4RB5jl6RrQ,shreveport-louisiana
https://www.ubereats.com/shreveport-la/food-delivery/dennys-1832-old-minden-road/7eR3NQ6lSbOH4xQNlWFUAw,shreveport-louisiana
https://www.ubereats.com/shreveport-la/food-delivery/newks-eatery-2501-beene-blvd/Xxj06wQGQaWxJ4khAmswTg,shreveport-louisiana
https://www.ubereats.com/shreveport-la/food-delivery/pop-n-pizza/vTZlHt-tSQWyv-0O1NSCUg,shreveport-louisiana
https://www.ubereats.com/shreveport-la/food-delivery/outback-steakhouse-8825-line-avenue/sGztSY6oRsOo7ZDS3LEZgQ,shreveport-louisiana
https://www.ubereats.com/shreveport-la/food-delivery/kfc-6820-pines-road/McDLBPYhQd-d_wc-E_Tpcg,shreveport-louisiana
https://www.ubereats.com/shreveport-la/food-delivery/taco-bell-6810-pines-rd/rsN05Yv8TPeOFldfBPON7A,shreveport-louisiana
https://www.ubereats.com/shreveport-la/food-delivery/kfc-637-benton-road/TA4nWkkXQ4KdWl6h1tZy2Q,shreveport-louisiana
https://www.ubereats.com/shreveport-la/food-delivery/mcdonalds-1601-n-market-street/q6ZUdRQxQI2MZY4Yet_log,shreveport-louisiana
https://www.ubereats.com/shreveport-la/food-delivery/el-potrillo/Je7e6gnrT_Ga2ICQ8Q974Q,shreveport-louisiana
https://www.ubereats.com/shreveport-la/food-delivery/panda-express-7013-youree-dr/OeYM4J3jTze1AsWHOtXhKA,shreveport-louisiana
https://www.ubereats.com/shreveport-la/food-delivery/smittys-pizza/Ssvm7kXySye9V2jASTldoA,shreveport-louisiana
https://www.ubereats.com/shreveport-la/food-delivery/churchs-chicken-2702-hollywood-avenue/kn3S1sfsTGSODnAAAsXpsA,shreveport-louisiana
https://www.ubereats.com/shreveport-la/food-delivery/el-jimador-supremo/xDk1ldG4QrGAhwyVKRo2Hw,shreveport-louisiana
https://www.ubereats.com/shreveport-la/food-delivery/kfc-1650-north-market-street/-pf-uub-SRiuEShD7e-VfA,shreveport-louisiana
https://www.ubereats.com/shreveport-la/food-delivery/burger-king-6301-youree-drive/62QKmKe3RBSl4xJHArPb5g,shreveport-louisiana
https://www.ubereats.com/shreveport-la/food-delivery/raceway/zT6tUyAjSl6hCCXI5myYzA,shreveport-louisiana
https://www.ubereats.com/shreveport-la/food-delivery/pita-pit-1106-shreveport-barksdale-highway-suite-110/EXRWiWUFTBu0ZsKMpiF8yw,shreveport-louisiana
https://www.ubereats.com/shreveport-la/food-delivery/taco-bell-645-e-kings-highway/nZjKsj4mQ3mJ4xriN_J6ZQ,shreveport-louisiana
https://www.ubereats.com/shreveport-la/food-delivery/saltgrass-445-boardwalk-blvd/gXRgPs-7ROqUnjG_s-UMfQ,shreveport-louisiana
https://www.ubereats.com/shreveport-la/food-delivery/cold-stone-creamery-420-boardwalk-blvd/1elsmAsKQeWnLa0AW_Zr5Q,shreveport-louisiana
https://www.ubereats.com/shreveport-la/food-delivery/posados-bossier-city/Rn8WuYtfSAyxT3MaX_WpgA,shreveport-louisiana
https://www.ubereats.com/shreveport-la/food-delivery/first-watch-1370-e-70th-street/Oq6_bIwfQOmqYEyWl6ZfUw,shreveport-louisiana
https://www.ubereats.com/shreveport-la/food-delivery/captain-la-fish-and-chicken/h9RZyIofR966NNSSPvnePg,shreveport-louisiana
https://www.ubereats.com/shreveport-la/food-delivery/kfc-6608-youree-drive/ICUYLRpCSGGNEUCRl8O1IQ,shreveport-louisiana
https://www.ubereats.com/shreveport-la/food-delivery/joes-crab-shack-635-boardwalk-blvd/3jJohyd-T3KAfmfrDlw8pw,shreveport-louisiana
https://www.ubereats.com/shreveport-la/food-delivery/krispy-krunchy-chicken-5203-monkhouse-dr/0OnDCnNVSK6uwrTWJyjEMQ,shreveport-louisiana
https://www.ubereats.com/shreveport-la/food-delivery/wendys-3820-hearne-avenue/WP3Uux7TSVq9HiQW9CGnXw,shreveport-louisiana
https://www.ubereats.com/shreveport-la/food-delivery/carrabbas-1706-e-70th-street/tZXSeB_qQKCyu5ki2lu3Fw,shreveport-louisiana
https://www.ubereats.com/shreveport-la/food-delivery/burger-king-1733-line-avenue/b8ttNOG3QxW5j2CgYurSBw,shreveport-louisiana
https://www.ubereats.com/shreveport-la/food-delivery/taco-bell-1911-north-market/u4WG1-2eRtS15Z88tWcAcQ,shreveport-louisiana
https://www.ubereats.com/shreveport-la/food-delivery/taco-bell-105-east-bert-kouns/xFIo_o9GTUWrLHWAXOVjvA,shreveport-louisiana
https://www.ubereats.com/shreveport-la/food-delivery/taco-bell-4960-barksdale-blvd/hr_8OFxFS32H4_rRwg1hjA,shreveport-louisiana
https://www.ubereats.com/shreveport-la/food-delivery/indigo-indian-bistro/gGjqVeJVQhWdDi9lQ_pOxA,shreveport-louisiana
https://www.ubereats.com/shreveport-la/food-delivery/taco-bell-9424-mansfield-rd/L6R2aBXhTZ-vE-_YtGQk5w,shreveport-louisiana
https://www.ubereats.com/shreveport-la/food-delivery/wendys-2115-old-minden-road/L95W9vuRTVSC2HrWObVP6w,shreveport-louisiana
https://www.ubereats.com/shreveport-la/food-delivery/kfc-125-east-bert-kouns/sD6cLyHxQbebamULypVucQ,shreveport-louisiana
https://www.ubereats.com/shreveport-la/food-delivery/twisted-root-shreveport/wYCLNTTmTrqX7Vfr5QN_Lw,shreveport-louisiana
https://www.ubereats.com/shreveport-la/food-delivery/kfc-9368-mansfield-road/7UKlFe5mRpSo22cFS7IIvg,shreveport-louisiana
https://www.ubereats.com/shreveport-la/food-delivery/ernests-orleans-restaurant/pSxc9SnfQrWqKgpwZfPm9g,shreveport-louisiana
https://www.ubereats.com/shreveport-la/food-delivery/buffalo-wild-wings-7441-youree-dr/L6uxCLznSyur0yoJUHq5bA,shreveport-louisiana
https://www.ubereats.com/shreveport-la/food-delivery/starbucks-line-%26-pierremont/5fZH_Jd4SaecXcd4e0X6cg,shreveport-louisiana
https://www.ubereats.com/shreveport-la/food-delivery/glenwood-tea-room/NHudfEipQKiyzIp056eR3A,shreveport-louisiana
https://www.ubereats.com/shreveport-la/food-delivery/zaxbys-4980-barksdale-blvd/7QdF5_CYR3Gslyga1-b2_g,shreveport-louisiana
https://www.ubereats.com/shreveport-la/food-delivery/taco-bell-4100-industrial-dr/J4V4nkY2TSWWCU-BdYXUBw,shreveport-louisiana
https://www.ubereats.com/shreveport-la/food-delivery/cracker-barrel-old-country-store-6251-westport-avenue/7VhwBO-lSECecm-LzjC7zw,shreveport-louisiana
https://www.ubereats.com/shreveport-la/food-delivery/hungry-wings-and-rice/6zpdXj_pSBOZnrSy2zlWaA,shreveport-louisiana
https://www.ubereats.com/shreveport-la/food-delivery/draft-picks-bar-%26-grill/Gv8qFxNFSoKKjYYi7ComcQ,shreveport-louisiana
https://www.ubereats.com/shreveport-la/food-delivery/cicis-6730-pines-rd-ste-205/h0Hv2nNQSDaXyfmxPoTo6w,shreveport-louisiana
https://www.ubereats.com/shreveport-la/food-delivery/applebees-2126-airline-drive/ZvaZ51HhT5OTByeJIDGgYg,shreveport-louisiana
https://www.ubereats.com/shreveport-la/food-delivery/churchs-chicken-3803-jewella-street/DBkShKcwTByn5tIz_6duiQ,shreveport-louisiana
https://www.ubereats.com/shreveport-la/food-delivery/dunkin-5705-youree-dr/JGGK9iseSI2nz8v89tAQmQ,shreveport-louisiana
https://www.ubereats.com/shreveport-la/food-delivery/pita-pit-9462-ellerbe-road-ste-190/b1cLfxCXQg-ikmHNkM067Q,shreveport-louisiana
https://www.ubereats.com/shreveport-la/food-delivery/mcdonalds-210-benton-road/GxFXONCRTMe45HTC52vgfA,shreveport-louisiana
https://www.ubereats.com/shreveport-la/food-delivery/taco-bell-1120-kings-hwy/sL27rqwKQ9qgxQJ9Bn-PLQ,shreveport-louisiana
https://www.ubereats.com/shreveport-la/food-delivery/zaxbys-7320-youree-drive/cSM6cQc_SvWm1WR4nQufPQ,shreveport-louisiana
https://www.ubereats.com/shreveport-la/food-delivery/burger-king-1733-n-market-st/dGdjKcYZRN620eO-TnqzPQ,shreveport-louisiana
https://www.ubereats.com/shreveport-la/food-delivery/newks-eatery-7423-youree-drive/ZrR1ejjHQC-wzZyidi-1TA,shreveport-louisiana
https://www.ubereats.com/shreveport-la/food-delivery/zaxbys-9619-mansfield-rd/04vMf-jSSa-bxeFcbA3tMA,shreveport-louisiana
https://www.ubereats.com/shreveport-la/food-delivery/long-john-silvers-8928-jewella-avenue/zgqvkxrESHKjjoNfWa9uUw,shreveport-louisiana
https://www.ubereats.com/shreveport-la/food-delivery/buffalo-wild-wings-2640-airline-dr/vea0zpqhQoCkPSdgPEXgpQ,shreveport-louisiana
https://www.ubereats.com/shreveport-la/food-delivery/firehouse-subs-7230-youree-dr-suite-113/mPomm4qHROGx-LOamY1rFg,shreveport-louisiana
https://www.ubereats.com/shreveport-la/food-delivery/kumo-sushi/fXo6bBgGQJyVof5CKRYcQg,shreveport-louisiana
https://www.ubereats.com/shreveport-la/food-delivery/mcdonalds-7000-mansfield-rd/MCy8iC2LT-iFqYS4ec6jgw,shreveport-louisiana
https://www.ubereats.com/shreveport-la/food-delivery/mcdonalds-5920-line-avenue/cRRbHK3TTr2OeLC5Ts0BSQ,shreveport-louisiana
https://www.ubereats.com/shreveport-la/food-delivery/papa-johns-6205-west-port-avenue/44FcPyNVRXeAP8TFgZ9CSg,shreveport-louisiana
https://www.ubereats.com/shreveport-la/food-delivery/ihop-8010-youree-dr/TxatK6xlTcGgiE8ORPtAtQ,shreveport-louisiana
https://www.ubereats.com/shreveport-la/food-delivery/auntie-annes-357-boardwalk-blvd/KRu-UfreTPmIa3yMgUMBhw,shreveport-louisiana
https://www.ubereats.com/shreveport-la/food-delivery/papa-johns-3950-youree-drive/xxqCaTLaS0CcUzu5zmy0zg,shreveport-louisiana
https://www.ubereats.com/shreveport-la/food-delivery/burger-king-6703-pines-road/Cf8YzScUQIC62o6_RmRoYQ,shreveport-louisiana
https://www.ubereats.com/shreveport-la/food-delivery/wendys-2780-airline-drive/1lTVGqVKTbysfYXR6ItX8g,shreveport-louisiana
https://www.ubereats.com/shreveport-la/food-delivery/chengs-garden/LqElAMOEQRmmGY57Kj2QLA,shreveport-louisiana
https://www.ubereats.com/shreveport-la/food-delivery/churchs-chicken-1612-north-market-street/DbnpsqzeSY6ZCR8T1vo5XA,shreveport-louisiana
https://www.ubereats.com/shreveport-la/food-delivery/wendys-6412-line-avenue/4RkBVovETGy2v2I33lQaqw,shreveport-louisiana
https://www.ubereats.com/shreveport-la/food-delivery/nickys-klug-pines-rd/yECbVe6OTri7CknQRm9a6g,shreveport-louisiana
https://www.ubereats.com/shreveport-la/food-delivery/mcdonalds-1980-airline-hwy/BLIlPNvJS5ibebyQWo2qrA,shreveport-louisiana
https://www.ubereats.com/shreveport-la/food-delivery/applebees-9088-mansfield-road/4scIDnH1Tp2q7jnkBejMlw,shreveport-louisiana
