url,city
https://www.ubereats.com/sioux-city/food-delivery/dairy-queen-treat-2402-riverside-blvd/qFWPe5eYSTyuLrAtVIkBWQ,sioux-city
https://www.ubereats.com/sioux-city/food-delivery/blue-cafe-on-the-block/LqToO4sqReW_XS1h-0aI2Q,sioux-city
https://www.ubereats.com/sioux-city/food-delivery/trattoria-fresco/9d_OOEt_QiSl18Yb6fgfcQ,sioux-city
https://www.ubereats.com/sioux-city/food-delivery/subway-2601-hamilton-blvd/Q0hnK3JMRtKxomUMB1_qZg,sioux-city
https://www.ubereats.com/sioux-city/food-delivery/peachwave-5001-sergeant-rd/CkTWn6qiRXCh43k9ev-ohQ,sioux-city
https://www.ubereats.com/sioux-city/food-delivery/popeyes-louisiana-kitchen-801-hamilton-boulevard/SqkM5AuYRP2YrN9UBxtg9Q,sioux-city
https://www.ubereats.com/sioux-city/food-delivery/red-robin-424-4900-sergeant-rd/cbR-HHC6T8m6B03TA_s-8Q,sioux-city
https://www.ubereats.com/sioux-city/food-delivery/taco-bell-4240-s-lewis-blvd/h5T_TsWOQM23RhGDTHE9iw,sioux-city
https://www.ubereats.com/sioux-city/food-delivery/famous-daves-201-pierce-street/59zvnXOOQ-mUVvIADpZOYQ,sioux-city
https://www.ubereats.com/sioux-city/food-delivery/perkins-restaurant-%26-bakery-501-gordon-dr/7yM60BRxQuK0YgDfKQCi1A,sioux-city
https://www.ubereats.com/sioux-city/food-delivery/dairy-queen-treat-160-gaul-dr/rcbWbpjAQp-Bw0weIjFjKA,sioux-city
https://www.ubereats.com/sioux-city/food-delivery/kfc-1500-hamilton-boulevard/Zi48HnNkS1ySYF-9xVQOlw,sioux-city
https://www.ubereats.com/sioux-city/food-delivery/opa-time/70CGiOfXS_2VW15h-smGJg,sioux-city
https://www.ubereats.com/sioux-city/food-delivery/applebees-4555-southern-hills-dr-%23106/KTEKjrFjQPKn9082krQIuA,sioux-city
https://www.ubereats.com/sioux-city/food-delivery/dairy-queen-grill-%26-chill-1405-morningside-ave/V7gj9WUQTnu0VAPtJqC-GQ,sioux-city
https://www.ubereats.com/sioux-city/food-delivery/pancheros-mexican-grill-2400-hamilton-blvd/xSKaFfx6RRmtvk7TcLDAzA,sioux-city
https://www.ubereats.com/sioux-city/food-delivery/outback-steakhouse-4500-southern-hills-drive/9IdxEQi4RYCcEE81F5agGQ,sioux-city
https://www.ubereats.com/sioux-city/food-delivery/pizza-ranch-3116-floyd-blvd/0Dc6ErxmQyCJ-kmKUVa32Q,sioux-city
https://www.ubereats.com/sioux-city/food-delivery/shahi-palace-india-grill/_aSd0V3fTkKAA9ljSWFDoQ,sioux-city
https://www.ubereats.com/sioux-city/food-delivery/chipotle-mexican-grill-5001-sergeant-rd-ste-240/ZoNnuX3_QimfJ0vDWk0Q4Q,sioux-city
https://www.ubereats.com/sioux-city/food-delivery/godfathers-pizza/tlWDGBW2Rj2grgsRZdWouQ,sioux-city
https://www.ubereats.com/sioux-city/food-delivery/old-chicago-5030-sergeant-rd/DBNjDsbOTaOUOFPAujfl6g,sioux-city
https://www.ubereats.com/sioux-city/food-delivery/1000-degrees-neapolitan-pizzeria-sioux-city/5Z57ileeTHarqaS3CAxnjg,sioux-city
https://www.ubereats.com/sioux-city/food-delivery/taco-bell-3115-gordon-drive/whec6tVOTayODnqzjqkr5g,sioux-city
https://www.ubereats.com/sioux-city/food-delivery/qdoba-mexican-grill-5110-sergeant-rd/HrFSYYLoTP6z9xxFD2iN-A,sioux-city
https://www.ubereats.com/sioux-city/food-delivery/ihop-801-gordon-drive/BoCG71nKQQepGG-UlYiEzg,sioux-city
https://www.ubereats.com/sioux-city/food-delivery/subway-500-nebraska-st-%23-02/M0suxOwkSLCBOrm1kKNFzg,sioux-city
https://www.ubereats.com/sioux-city/food-delivery/burger-king-1724-hamilton-boulevard/sDFyQ7ZHTXm87RQvB7_itg,sioux-city
https://www.ubereats.com/sioux-city/food-delivery/burger-king-90-pierce-street/gEyf37MFQlOE7ktsdlbtfQ,sioux-city
https://www.ubereats.com/sioux-city/food-delivery/brightside-cafe-and-deli-llc/rdUfWc3hT0-e9snhxjqIfw,sioux-city
https://www.ubereats.com/sioux-city/food-delivery/burger-king-4225-south-lakeport-street/GKg5fpYTSd2wszXnzl-2HA,sioux-city
https://www.ubereats.com/sioux-city/food-delivery/long-john-silvers-4420-sergeant-road/t_oRqjNpQgyw0egtOWovEg,sioux-city
https://www.ubereats.com/sioux-city/food-delivery/qdoba-mexican-grill-2303-hamilton-blvd/efCIBIR7RZyWpfYYIu6xSg,sioux-city
https://www.ubereats.com/sioux-city/food-delivery/bodega-401/AXnK8UVvTpmqm4OBMuzeHw,sioux-city
https://www.ubereats.com/sioux-city/food-delivery/taco-bell-1800-hamilton-blvd/WE83RWcVQXyJiahhxC16ww,sioux-city
https://www.ubereats.com/sioux-city/food-delivery/mcdonalds-729-hamilton-blvd/7FDUnZHORnq2OeDMsJ1neQ,sioux-city
https://www.ubereats.com/sioux-city/food-delivery/starbucks-sioux-city-lakeport-%26-hwy-20/Q70AUQYQTkG-w_3OZtUWYA,sioux-city
https://www.ubereats.com/sioux-city/food-delivery/mcdonalds-4105-morningside-ave/PBXeMbtMS8q1JZnphoEC1A,sioux-city
https://www.ubereats.com/sioux-city/food-delivery/crave-american-kitchen-%26-sushi-bar/9WWVL0xGQ4uRJuFUinLlnQ,sioux-city
https://www.ubereats.com/sioux-city/food-delivery/table-32/LgZh6zFeTMCZ0Lc8KB0Fsg,sioux-city
https://www.ubereats.com/sioux-city/food-delivery/kfc-3001-singing-hills-blvd/PX9AsRuITSuEobMm127wAA,sioux-city
https://www.ubereats.com/sioux-city/food-delivery/perkins-5925-gordon-drive/fDTDbX9rSemQHtve3n16ZQ,sioux-city
https://www.ubereats.com/sioux-city/food-delivery/clydes-grill-%26-pub/yO9yKg0ITRuoiUOfFmRlFw,sioux-city
https://www.ubereats.com/sioux-city/food-delivery/firehouse-subs-5008-sergeant-rd/yiiSKb8-TQ-AYOvMcx3CLg,sioux-city
https://www.ubereats.com/sioux-city/food-delivery/buffalo-alice/HuiLFbN6Ra-IlftaDL7Upw,sioux-city
https://www.ubereats.com/sioux-city/food-delivery/starbucks-hamilton-and-23rd-sioux-city/QOcdnTfIRm2lZSHLL8QCUQ,sioux-city
https://www.ubereats.com/sioux-city/food-delivery/red-lobster-4290-sergeant-road/MWI5TEleQliUYePIAY-4vw,sioux-city
https://www.ubereats.com/sioux-city/food-delivery/mcdonalds-3093-hamilton-blvd/y6p6KOVvS9CzPuvF0l-6KA,sioux-city
https://www.ubereats.com/sioux-city/food-delivery/subway-3103-gordon-dr/iefOd_GCSFOChEjH7TEoNQ,sioux-city
https://www.ubereats.com/sioux-city/food-delivery/taco-bell-3065-floyd-blvd/ZzrBq6WdS3WrQL2ypRBDCw,sioux-city
https://www.ubereats.com/sioux-city/food-delivery/caribou-coffee-2939-hamilton-blvd/TNbUlhpWRiO3_yJ3lqY4tg,sioux-city
https://www.ubereats.com/sioux-city/food-delivery/dairy-queen-grill-%26-chill-400-hamilton-blvd/_xVmER4FQNaL-roW7iiHKA,sioux-city
https://www.ubereats.com/sioux-city/food-delivery/1008-key-club/2b-pec0PQsywkXzXFd50Ww,sioux-city
https://www.ubereats.com/sioux-city/food-delivery/dairy-queen-treat-2715-trinity-dr/GgYi68OvRaGViijTTHKNwA,sioux-city
https://www.ubereats.com/sioux-city/food-delivery/panda-express-5745-sunnybrook-dr/yIchwuwSSsSlcKWjYM6E4A,sioux-city
https://www.ubereats.com/sioux-city/food-delivery/mcdonalds-607-lewis-blvd/s1JMzmSlTDikdqcp5F3LKA,sioux-city
https://www.ubereats.com/sioux-city/food-delivery/buffalo-wild-wings-5001-sergeant-rd-ste-355/kXPHxHBlTqaMA_6ut6alrg,sioux-city
https://www.ubereats.com/sioux-city/food-delivery/stone-bru/tHhOAyIdSgiFfrrZ13Bf9w,sioux-city
