url,city
https://www.ubereats.com/nashville/food-delivery/subway-10648-cedar-grove-rd/hDxPNqcCQ3GNsDtRN-gXSg,smyrna-tennessee
https://www.ubereats.com/nashville/food-delivery/taco-bell-305-n-lowry-st/omXhvV3SQpSEscv5YXpGdw,smyrna-tennessee
https://www.ubereats.com/nashville/food-delivery/yoshi-sushi-%26-thai/BuOan4ewQtq2Y8FlhJ0ceA,smyrna-tennessee
https://www.ubereats.com/nashville/food-delivery/salvos-pizza/BDw0Z9coR3Sfs7OqSe-jGQ,smyrna-tennessee
https://www.ubereats.com/nashville/food-delivery/roma-pizza/z2iE5A4FSDe8aozE4PPdDQ,smyrna-tennessee
https://www.ubereats.com/nashville/food-delivery/burger-king-833-industrial-blvd/gdY7TxrBSleplVuCSHbmzw,smyrna-tennessee
https://www.ubereats.com/nashville/food-delivery/buffalo-wild-wings-430-sam-ridley-pkwy-w/cgBij-3URoGKksXDKzYlCg,smyrna-tennessee
https://www.ubereats.com/nashville/food-delivery/hardees-508-waldron-rd/15Y7CJyVSTSxceFeZntyhg,smyrna-tennessee
https://www.ubereats.com/nashville/food-delivery/wendys-241-s-lowry-st/uyjpbfkbSq20C-TMkZIeZw,smyrna-tennessee
https://www.ubereats.com/nashville/food-delivery/papa-johns-830-nissan-drive-suite-100/NI-cMUs4T4643rmcAecxMg,smyrna-tennessee
https://www.ubereats.com/nashville/food-delivery/azteca-bakery/Fl64b-1XRbuRPjpI6QRlpw,smyrna-tennessee
https://www.ubereats.com/nashville/food-delivery/pasta-city-and-salads/8tnTIWFzQ-qc2lPMEXKCKg,smyrna-tennessee
https://www.ubereats.com/nashville/food-delivery/gowdys-seafood/_1KNarI_Qj-AOiRRLcQovA,smyrna-tennessee
https://www.ubereats.com/nashville/food-delivery/hella-hot-chicken-antioch/R0JwFPHcQDi2cFI4ajTpag,smyrna-tennessee
https://www.ubereats.com/nashville/food-delivery/donatos-3284-franklin-rd/DG0SV7xNRpmWGGelYMdIjA,smyrna-tennessee
https://www.ubereats.com/nashville/food-delivery/juicy-seafood/MQy9ceamSouD0TL3mOvS8w,smyrna-tennessee
https://www.ubereats.com/nashville/food-delivery/amish-market-nolensville-feed-mill/XN88ZJG1QGyJIqBWUVdeYw,smyrna-tennessee
https://www.ubereats.com/nashville/food-delivery/kfc-5001-murfreesboro-road/D7ctLiROQXe3mDAMUhL8Hg,smyrna-tennessee
https://www.ubereats.com/nashville/food-delivery/arbys-1901-almaville-rd/t58eIs1aRGKL4tvauuEsfw,smyrna-tennessee
https://www.ubereats.com/nashville/food-delivery/brusters-real-ice-cream-10646-concord-rd/uCyq8kxLSlyr4pJyCfMYlg,smyrna-tennessee
https://www.ubereats.com/nashville/food-delivery/cicis-pizza-smyrna/QSpN0RmLSWi3we5EaYRuaA,smyrna-tennessee
https://www.ubereats.com/nashville/food-delivery/subway-3534-murfreesboro-pike/pK-ip42zQg6KWAOpWs5QvA,smyrna-tennessee
https://www.ubereats.com/nashville/food-delivery/taco-bell-2541-murfreesboro-pike/9zz8l_RuROGkTInFgoDqtg,smyrna-tennessee
https://www.ubereats.com/nashville/food-delivery/arbys-1270-north-west-broad-st/Wj_eZ9SaR7etw7pEQjoNBA,smyrna-tennessee
https://www.ubereats.com/nashville/food-delivery/gyro-cafe-smyrna/ZwQSFfwsRYOlqMQv_bSKew,smyrna-tennessee
https://www.ubereats.com/nashville/food-delivery/krystal-750-nissan-dr/vlEfWyYFQDKhLI1dZxSe_A,smyrna-tennessee
https://www.ubereats.com/nashville/food-delivery/los-agaveros-mexican-grill-%26-bar/x4j-vCiJQouYNxRDAoTf2A,smyrna-tennessee
https://www.ubereats.com/nashville/food-delivery/korea-bbq-and-sushi/MEmwm5c8SmitzPaSHq-M-g,smyrna-tennessee
https://www.ubereats.com/nashville/food-delivery/zaxbys-antioch/yWJdl2G9S7-JopLCSqA7yQ,smyrna-tennessee
https://www.ubereats.com/nashville/food-delivery/yummy-yum-thai-restaurant-murfreesboro/XNc9hgTpSWynIpWN5Kd9yg,smyrna-tennessee
https://www.ubereats.com/nashville/food-delivery/ihop-3218/VRsH9YRtQfKi3_dlqkarYw,smyrna-tennessee
https://www.ubereats.com/nashville/food-delivery/bella-vista-coffee-shop/7lATu_cpSSKkPGz1Z6fcVg,smyrna-tennessee
https://www.ubereats.com/nashville/food-delivery/yummy-poki/fEuNJkpYSDeSVcXhwH8pVg,smyrna-tennessee
https://www.ubereats.com/nashville/food-delivery/auntie-annes-570-enon-springs-road-east/G5aEuLcFSUK1fgoJ22fc0w,smyrna-tennessee
https://www.ubereats.com/nashville/food-delivery/bojangles-famous-chicken-%26-biscuits-984-1590-lee-victory-pkwy/RmmA4cWyQpS217lMVcHOiw,smyrna-tennessee
https://www.ubereats.com/nashville/food-delivery/juicy-seafood-smyrna/PMj_2gYUTgiu_XH5aipqXQ,smyrna-tennessee
https://www.ubereats.com/nashville/food-delivery/campo-azul/09zePwhESXe_hqB8an74Rw,smyrna-tennessee
https://www.ubereats.com/nashville/food-delivery/koji-express-west/_5gKmMUvS_mhJ3k2upQJbA,smyrna-tennessee
https://www.ubereats.com/nashville/food-delivery/nashville-chicken/AXqFaXItTweJWPE--Pf7BA,smyrna-tennessee
https://www.ubereats.com/nashville/food-delivery/the-casual-pint-of-smyrna/Y8IwtW1DSXyfNqlfSPJPPQ,smyrna-tennessee
https://www.ubereats.com/nashville/food-delivery/famous-daves-smyrna/6LkwXDaQQVOpDgLpThOTMg,smyrna-tennessee
https://www.ubereats.com/nashville/food-delivery/papa-murphys-440-sam-ridley-parkway-west-suite-110/aK6SfU2rToCpLoWqi7XcrA,smyrna-tennessee
https://www.ubereats.com/nashville/food-delivery/burger-king-almaville-road/Kfo_AkDkTy-7Pt6_NTrcQg,smyrna-tennessee
https://www.ubereats.com/nashville/food-delivery/jersey-mikes-subs-smyrna/CSBf8FlZS5qSFwNXAp4fLg,smyrna-tennessee
https://www.ubereats.com/nashville/food-delivery/sonic-1889-almaville-road/TfzMcvTHSMypuEgbS_F3Hw,smyrna-tennessee
https://www.ubereats.com/nashville/food-delivery/all-american-cafe/-7DXJdL7SaCpRa-73zzkmg,smyrna-tennessee
https://www.ubereats.com/nashville/food-delivery/captain-ds-263-north-lowry-street/Yi4ro3EGT12TtPZJ9270BA,smyrna-tennessee
https://www.ubereats.com/nashville/food-delivery/taco-bell-850-nissan-drive/n7t26WddQ4mcftYkfB4ryQ,smyrna-tennessee
https://www.ubereats.com/nashville/food-delivery/taco-bell-6718-nolensville-pk/cNqJHTBQSuiJHD1cB6DGug,smyrna-tennessee
https://www.ubereats.com/nashville/food-delivery/901-wings-%26-things/KAdhDlFBQ-G4ZrUfQ0V7KA,smyrna-tennessee
https://www.ubereats.com/nashville/food-delivery/dumpling-house/pAjCvdLCTzmO5xkzWtx0OQ,smyrna-tennessee
https://www.ubereats.com/nashville/food-delivery/panda-express-150-movie-row/mkoiYfzxT2aDtiLqVoNqHQ,smyrna-tennessee
https://www.ubereats.com/nashville/food-delivery/chopstick-house/rz7pJUwiR1eIKgvQx5eAEQ,smyrna-tennessee
https://www.ubereats.com/nashville/food-delivery/fat-mos-burgers-298-sam-ridley-pkwy-e/ljJHnAOgTCGxMpq71onatQ,smyrna-tennessee
https://www.ubereats.com/nashville/food-delivery/la-fruta-loca/GLiWOTASQVShDZmtHZPCzw,smyrna-tennessee
https://www.ubereats.com/nashville/food-delivery/subway-1876-almaville-rd/ue1mQW_0SB66R38Tc_XjMg,smyrna-tennessee
https://www.ubereats.com/nashville/food-delivery/logans-roadhouse-390-600-sam-ridley-parkway-west/TRi-xPjGTrKJVUycpyW7DA,smyrna-tennessee
https://www.ubereats.com/nashville/food-delivery/arbys-515-waldron-rd/WUW2infxQNKJKDC_oyowMQ,smyrna-tennessee
https://www.ubereats.com/nashville/food-delivery/starwood-pizza/9JFVdyaNQ524w6SqyVGNuQ,smyrna-tennessee
https://www.ubereats.com/nashville/food-delivery/asian-fusion/4dHolD0FT-KcxAeRqKZS6g,smyrna-tennessee
https://www.ubereats.com/nashville/food-delivery/marcos-pizza-840-nissan-dr/8D1Uh1cSTQqmnTwerjKxWg,smyrna-tennessee
https://www.ubereats.com/nashville/food-delivery/pasta-amore/8dd3PHv4Q2Stz3u6oKu9Jw,smyrna-tennessee
https://www.ubereats.com/nashville/food-delivery/the-burger-boss/7666zWKCToOV4WyMNWWUaA,smyrna-tennessee
https://www.ubereats.com/nashville/food-delivery/macks-hot-chicken/lQYwc-h0TQCDEHgcgAH8MA,smyrna-tennessee
https://www.ubereats.com/nashville/food-delivery/chez-lama-haitian-cuisine/hy3fex5-RV-qad9FmISHgw,smyrna-tennessee
https://www.ubereats.com/nashville/food-delivery/zaxbys-1221-fortress-blvd/uEx8ossHQwGzzEz04ByspA,smyrna-tennessee
https://www.ubereats.com/nashville/food-delivery/red-lobster-5259-hickory-hollow-pkwy/qtkI8raWRNGjjgTZ2lVwrA,smyrna-tennessee
https://www.ubereats.com/nashville/food-delivery/arbys-582-enon-springs-rd-e/K3ustuOmRRuQ3cbJkbkFRw,smyrna-tennessee
https://www.ubereats.com/nashville/food-delivery/cracker-barrel-old-country-store-2697-highwood-blvd/NIqti-OsSg2vIgZD1kkpNQ,smyrna-tennessee
https://www.ubereats.com/nashville/food-delivery/steak-plus-pizza-antioch/WDTvFq5jRlOZ1BhsCUqa0Q,smyrna-tennessee
https://www.ubereats.com/nashville/food-delivery/popeyes-3550-murfreesboro-pike/EeJbCAVdRh2pHvw1-6Pdwg,smyrna-tennessee
https://www.ubereats.com/nashville/food-delivery/rancho-cantina-2/ormCdqqMR5GFfRmDjdY4nw,smyrna-tennessee
https://www.ubereats.com/nashville/food-delivery/santorini-greek-restaurant-gyros-%26-subs/AkX-88mFQDSclLhBPZUMJA,smyrna-tennessee
https://www.ubereats.com/nashville/food-delivery/sparta-grill/NX2tJXFaRveAOUwRm8Bafw,smyrna-tennessee
https://www.ubereats.com/nashville/food-delivery/zaxbys-995-industrial-blvd/l230tFKoRkWKOWvn8E9xaQ,smyrna-tennessee
https://www.ubereats.com/nashville/food-delivery/the-chicken-coop-wing-shop/oGjybwjZQLacLJbGNvCYLg,smyrna-tennessee
https://www.ubereats.com/nashville/food-delivery/mcdonalds-345-n-lowry-st/a8WIpLRRTIuKLx2gn4E-Jg,smyrna-tennessee
https://www.ubereats.com/nashville/food-delivery/starbucks-i-24-%26-sam-ridley-pkwy/jhaq6KEvSJ-olDeuCHf18w,smyrna-tennessee
https://www.ubereats.com/nashville/food-delivery/taco-bell-5143-murfreesboro-rd/pkFuEebbShGIVl18Z1O_kg,smyrna-tennessee
https://www.ubereats.com/nashville/food-delivery/senor-burrito/Fxtlf5BiS0-eTwehm2VWLQ,smyrna-tennessee
https://www.ubereats.com/nashville/food-delivery/sonic-5210-murfreesboro-road/ORAcy1GMRUqtgcCNknZhrA,smyrna-tennessee
https://www.ubereats.com/nashville/food-delivery/karen-thai-%26-sushi/42kXjSHGRa2bA5xzZNqgHQ,smyrna-tennessee
https://www.ubereats.com/nashville/food-delivery/roma-pizza-murfreesboro/9QHPkiFiShm-UAuSjiElCQ,smyrna-tennessee
https://www.ubereats.com/nashville/food-delivery/mexichina/0ZQPlJ-7QmuxbAqQHGdxuA,smyrna-tennessee
https://www.ubereats.com/nashville/food-delivery/starbucks-lee-victory-%26-almaville-smyrna/pBydxIM_QH6N4aiwe9Yn-w,smyrna-tennessee
https://www.ubereats.com/nashville/food-delivery/krispy-kreme-434-sam-ridley-pwy/mHJqMHz4TASvGx6hVHcFTA,smyrna-tennessee
https://www.ubereats.com/nashville/food-delivery/simply-sandwiches/jHh_G5BpQHmw-oPYsb_bxw,smyrna-tennessee
https://www.ubereats.com/nashville/food-delivery/carniceria-y-taqueria-la-frontera/-0ZlZk-wRTWIL-IU5GZIcA,smyrna-tennessee
https://www.ubereats.com/nashville/food-delivery/gyro-tabouli-murfreesboro/N_Iit0sFTmCQS4CVQAchQw,smyrna-tennessee
https://www.ubereats.com/nashville/food-delivery/chipotle-mexican-grill-715-team-blvd/wh5xOxpSRfWDiWb34xqxSA,smyrna-tennessee
https://www.ubereats.com/nashville/food-delivery/arbys-489-sam-ridley-pkwy-w/64xaMInKSqyZzkoX2YlxMw,smyrna-tennessee
https://www.ubereats.com/nashville/food-delivery/ocharleys-820-expo-dr/2DI-_xrNTbKDYRanoWuysw,smyrna-tennessee
https://www.ubereats.com/nashville/food-delivery/smyrna-cafe/0rwz4zKjT3aZ2eMvkqCnmQ,smyrna-tennessee
https://www.ubereats.com/nashville/food-delivery/jamba-juice-murfreesboro/JOV4d7k3QS-bwpnasPAsww,smyrna-tennessee
https://www.ubereats.com/nashville/food-delivery/kfc-5321-hickory-hollow-ln/LdMhdDDvTyqMeLkyn82wQQ,smyrna-tennessee
https://www.ubereats.com/nashville/food-delivery/taco-bell-3378-memorial-blvd/JvvujGqoQaygDmVpr4r4NA,smyrna-tennessee
https://www.ubereats.com/nashville/food-delivery/bojangles-famous-chicken-%26-biscuits-375-5521-murfreesboro-road/97XGbsTVQzGbpg-aJblcHA,smyrna-tennessee
https://www.ubereats.com/nashville/food-delivery/gyro-club/Mdc22hvUQrOWEHBN7UazNA,smyrna-tennessee
https://www.ubereats.com/nashville/food-delivery/sams-deli/v31ZZmxAQluVRuewAxK8gw,smyrna-tennessee
https://www.ubereats.com/nashville/food-delivery/hardees-255-s-lowry-st/J7bu8RtsSxqgSHxFC4JIUQ,smyrna-tennessee
https://www.ubereats.com/nashville/food-delivery/maros-gyro/v4pI-6H4S-27HvQQ1uO7mA,smyrna-tennessee
https://www.ubereats.com/nashville/food-delivery/surreal-spice-creations/FLkHLG1MSMWr2-AdKBkmpg,smyrna-tennessee
https://www.ubereats.com/nashville/food-delivery/papa-johns-5163-murfreesboro-road-suite-9/G5APOFUHRlWQkQdVBQoNtg,smyrna-tennessee
https://www.ubereats.com/nashville/food-delivery/curry-house-smyrna/cuAp5M8lREaqg6HrW-pHWw,smyrna-tennessee
https://www.ubereats.com/nashville/food-delivery/carpe-cafe/UEOjPUqxQK2qXojlLqDSxA,smyrna-tennessee
https://www.ubereats.com/nashville/food-delivery/duplicate-jersey-mikes-subs-479-sam-ridley-parkway-west/2qhKaHjeTE2WKrrmqyVBqg,smyrna-tennessee
https://www.ubereats.com/nashville/food-delivery/five-guys-tn-1044-311-sam-ridley-parkway-west/auZ0hWruTjaoWVRIks7b9w,smyrna-tennessee
https://www.ubereats.com/nashville/food-delivery/italiano-pasta/MH7_9WnuR_qYtS-kipHz9A,smyrna-tennessee
https://www.ubereats.com/nashville/food-delivery/savory-sweets/MsUcjYKCTj-pxQY82TQiYQ,smyrna-tennessee
https://www.ubereats.com/nashville/food-delivery/jets-pizza-murfreesboro/0Z74-RxLTJK0He58w0Sr_w,smyrna-tennessee
https://www.ubereats.com/nashville/food-delivery/salad-eats/rtiXs8NOQwuCPA8PFlY4qw,smyrna-tennessee
https://www.ubereats.com/nashville/food-delivery/pizza-hut-2701-murfreesboro-rd/Xo3CIxV7R3q3Q7bOTqeyqw,smyrna-tennessee
https://www.ubereats.com/nashville/food-delivery/sub-station-ii-smyrna/Oy_WrtA8SzWBjXQ1Ms7sgA,smyrna-tennessee
https://www.ubereats.com/nashville/food-delivery/taco-bell-565-sam-ridley-pkwy-w/p9itxa08RLOaX55fZFepAg,smyrna-tennessee
https://www.ubereats.com/nashville/food-delivery/subway-lavergne/1qNiYd4UR-GlyM4CvgNk4A,smyrna-tennessee
https://www.ubereats.com/nashville/food-delivery/bubble-tea-cafe/EeqKv0V0Q0u_HM_-LIZORw,smyrna-tennessee
https://www.ubereats.com/nashville/food-delivery/subway-enon-springs/O2zG-RPPRCeuiaAuM5ZIJA,smyrna-tennessee
https://www.ubereats.com/nashville/food-delivery/roma-pizza-and-pasta/Ly_kLb4OQSCjvm3cqtZ68A,smyrna-tennessee
https://www.ubereats.com/nashville/food-delivery/antioch-pizza-%26-pasta/mg5K9Oc8RcKRQ3NTUtUScA,smyrna-tennessee
https://www.ubereats.com/nashville/food-delivery/el-rodeo/NZz8RdpbRWqsDmL1-KXd9Q,smyrna-tennessee
https://www.ubereats.com/nashville/food-delivery/%22no-cooking-tonight%22-pizza-shack/_J_eMrAjT_CYrgtsDQK20Q,smyrna-tennessee
https://www.ubereats.com/nashville/food-delivery/jets-pizza-smyrna-almaville/-vQs5zsmQOe4brUclg85mQ,smyrna-tennessee
https://www.ubereats.com/nashville/food-delivery/outback-steakhouse-1968-old-fort-parkway/fseNKHcsTcS-HazbpdrSUg,smyrna-tennessee
https://www.ubereats.com/nashville/food-delivery/taco-bell-1895-almaville-road/8BViETjESPCnlNHzDtsTtA,smyrna-tennessee
https://www.ubereats.com/nashville/food-delivery/subway-lowry-street/q6eNk4saR561Y4tbFeOh4g,smyrna-tennessee
https://www.ubereats.com/nashville/food-delivery/king-tut-cafe/j_bsL7SPQCO7XWv9lpJQgA,smyrna-tennessee
https://www.ubereats.com/nashville/food-delivery/fazolis-450-enon-springs-rd/7uLNNsA7QRyeLbqgwnZ9ZA,smyrna-tennessee
https://www.ubereats.com/nashville/food-delivery/taco-bell-5315-hickory-hollow-ln/dHigUoWKSzO9BKMV7ScWdA,smyrna-tennessee
https://www.ubereats.com/nashville/food-delivery/sabaidee-cafe/dmZenhAjQeuRNj0C2jgcGg,smyrna-tennessee
https://www.ubereats.com/nashville/food-delivery/blue-coast-burrito-smyrna/DGq_-VFGQWio3-J5E2_QOQ,smyrna-tennessee
https://www.ubereats.com/nashville/food-delivery/florence-point/ISnqycO3TBCNB5k-l_P6wQ,smyrna-tennessee
https://www.ubereats.com/nashville/food-delivery/subway-5068-murfreesboro-rd/uLoKGPdtRLSSjEWmIPv8hg,smyrna-tennessee
https://www.ubereats.com/nashville/food-delivery/blue-coast-burrito-murfreesboro-fortress/UjdJuHf_SKuWOq1V_kp7MQ,smyrna-tennessee
https://www.ubereats.com/nashville/food-delivery/mcdonalds-505-waldron-rd/d2hTUMgGS8aDMlquCGjafA,smyrna-tennessee
https://www.ubereats.com/nashville/food-delivery/first-watch-smyrna/oLrdo8FzTU-08W5UayWBjg,smyrna-tennessee
https://www.ubereats.com/nashville/food-delivery/mcdonalds-775-nissan-dr/tEWLTYe-R9atdKgTCoVNyQ,smyrna-tennessee
https://www.ubereats.com/nashville/food-delivery/taco-bell-1301-nw-broad-st/FqDy75ZPT7SGSpafc2MEmw,smyrna-tennessee
https://www.ubereats.com/nashville/food-delivery/mcdonalds-1855-almaville-rd/7R7Pano2QC-CuyjbXUx_Ew,smyrna-tennessee
https://www.ubereats.com/nashville/food-delivery/joses-kitchen/wzhIGWyPSyKNHdS7MfvhEQ,smyrna-tennessee
https://www.ubereats.com/nashville/food-delivery/dairy-queen-grill-%26-chill-2819-murfreesboro-rd/npIKLea9RTK4eKocSGz84w,smyrna-tennessee
https://www.ubereats.com/nashville/food-delivery/checkers-1098-sgt-asbury-hawn-way/RCCTSGt2QCa94gRD_dknpw,smyrna-tennessee
https://www.ubereats.com/nashville/food-delivery/jets-pizza-murfreesboro-franklin-road/Kujz3JU6S5CD7k0Bxf4f2g,smyrna-tennessee
https://www.ubereats.com/nashville/food-delivery/checkers-5062-murfreesboro-pike/w8SKSMA9RdS16TbdGrJ82A,smyrna-tennessee
https://www.ubereats.com/nashville/food-delivery/dos-carnales/pb79A3PbQWeDivIeknh6NA,smyrna-tennessee
https://www.ubereats.com/nashville/food-delivery/kinfolks-bbq/te3zpFXWRt2pHR1g69ZjKw,smyrna-tennessee
https://www.ubereats.com/nashville/food-delivery/so-cali-taco-shop/uQlJ2Jy4QLyB44yYDfr5sw,smyrna-tennessee
https://www.ubereats.com/nashville/food-delivery/deez-greek-cafe/s7eZ4YtFSBayzJH6gAoKGA,smyrna-tennessee
https://www.ubereats.com/nashville/food-delivery/wendys-490-sam-ridley-pkwy-w/yxkNKjjHSwupc7tanp_S8g,smyrna-tennessee
https://www.ubereats.com/nashville/food-delivery/mixed-grill-gyro/fewIt6MAS4uSyCyLEAcjCQ,smyrna-tennessee
https://www.ubereats.com/nashville/food-delivery/firehouse-subs-smyrna-tn/6d74211EQ8OvKWklGDqHug,smyrna-tennessee
https://www.ubereats.com/nashville/food-delivery/mcdonalds-5147-murfreesboro-rd/3EZNBCGTQrC-EGS86NxlPg,smyrna-tennessee
https://www.ubereats.com/nashville/food-delivery/popeyes-enon-springs-rd/l-_KSLLdTEedYi8flxEkAw,smyrna-tennessee
https://www.ubereats.com/nashville/food-delivery/la-tavola/FUFChQL6TCCmfrNVKUfveQ,smyrna-tennessee
https://www.ubereats.com/nashville/food-delivery/captain-ds-1876-almaville-rd/V0aZBNcqQEu5gOu4H_kZ4g,smyrna-tennessee
https://www.ubereats.com/nashville/food-delivery/xiaos-hibachi-and-sushi-coca-cola-consolidated/YSPLZPfXRD-v8h-qn8u2rg,smyrna-tennessee
https://www.ubereats.com/nashville/food-delivery/giorgios-piazza/EdtEZZe7StC3aQgP6T30aQ,smyrna-tennessee
https://www.ubereats.com/nashville/food-delivery/burger-king-5099-murfreesboro-rd/7c4x8W-NT2GJc8LSkpv8xQ,smyrna-tennessee
https://www.ubereats.com/nashville/food-delivery/papa-johns-1909-almaville-road/mGq75-8OQ_CldmLvdGHxyQ,smyrna-tennessee
https://www.ubereats.com/nashville/food-delivery/ichiban-japanese-restaurant/oh9VNIYNQCqFUL9FMNjq1Q,smyrna-tennessee
https://www.ubereats.com/nashville/food-delivery/jamba-juice-434-sam-ridley-parkway-w/fZaa3dWFRYKCOG5Z87X4bA,smyrna-tennessee
https://www.ubereats.com/nashville/food-delivery/boombozz-pizza-%26-taphouse-murfreesboro/8cyiGxX2S2-PWmWG3OkLpg,smyrna-tennessee
https://www.ubereats.com/nashville/food-delivery/shun-cheong/w9a_AxhBRz-oZpbD9UBRUQ,smyrna-tennessee
https://www.ubereats.com/nashville/food-delivery/dunkin-1041-sgt-asbury-hawn-way/2L8oT-NTSduqlagyFixSgQ,smyrna-tennessee
