url,city
https://www.ubereats.com/cleveland/food-delivery/rollhouse-entertainment/u6bs0twIQFumQ8-GVNNbtw,solon-ohio
https://www.ubereats.com/akron/food-delivery/b%26m-bar-b-que-oakwood-village/vqnpJrh9Qbip6T1rc28rvQ,solon-ohio
https://www.ubereats.com/akron/food-delivery/rascal-house-pizza-maple-heights/unvth132TViXlQJwB7zMTw,solon-ohio
https://www.ubereats.com/akron/food-delivery/dunkin-4959-richmond-rd/vZzsnUf8Q4KtDwHaNXTGxQ,solon-ohio
https://www.ubereats.com/akron/food-delivery/spice-thai-cuisine/yJGuCFT5RGuML9CoKH1v5Q,solon-ohio
https://www.ubereats.com/cleveland/food-delivery/bomba-tacos/E1C8_aTQRM-L4DftSu-d1g,solon-ohio
https://www.ubereats.com/cleveland/food-delivery/red-lobster-3655-orange-place/1L1ngzU_TDWzKFERAKi-PQ,solon-ohio
https://www.ubereats.com/cleveland/food-delivery/blu-the-restaurant/pzaSVo6iR7ON9cGUYJWNQA,solon-ohio
https://www.ubereats.com/cleveland/food-delivery/paladar-latin-kitchen-%26-rum-bar/JrIEehGXSkiUeyzIM1z5xg,solon-ohio
https://www.ubereats.com/akron/food-delivery/dunkin-6353-som-center-rd/kOvCaSciQDGg4iFCU-w3KA,solon-ohio
https://www.ubereats.com/akron/food-delivery/chick-fil-a-6150-som-center-rd/uX4J31eLQ7Oxl25bQdgVQg,solon-ohio
https://www.ubereats.com/cleveland/food-delivery/starbucks-solon/YHpW4w5GR0y2Q0tgN_SWUg,solon-ohio
https://www.ubereats.com/akron/food-delivery/cafe-avalaun/9CVyynK4SFa_-zPBc3NL3g,solon-ohio
https://www.ubereats.com/cleveland/food-delivery/pizza-express-cleveland/QgE8ewtORZyWcw73dLcqYg,solon-ohio
https://www.ubereats.com/cleveland/food-delivery/chipotle-mexican-grill-28077-chagrin-blvd/Zc9KLrqpRd23AFslgKoeFA,solon-ohio
https://www.ubereats.com/cleveland/food-delivery/yours-truly-restaurant-mayfield-village/GXDNEfArRhu1lslp6FcROA,solon-ohio
https://www.ubereats.com/cleveland/food-delivery/munch-a-simple-kitchen/IsmwakcnQL25YaI92x3LSg,solon-ohio
https://www.ubereats.com/akron/food-delivery/paladar-latin-kitchen-%26-rum-bar/JrIEehGXSkiUeyzIM1z5xg,solon-ohio
https://www.ubereats.com/cleveland/food-delivery/marcos-pizza-9981-vail-ct/AQxnaRN5RcGmZc-RreG93Q,solon-ohio
https://www.ubereats.com/akron/food-delivery/starbucks-twinsburg-east-aurora-road/midZ2PK4TXC0xEECVOpviA,solon-ohio
https://www.ubereats.com/cleveland/food-delivery/kfc-5516-warrensville-center-road/k9QVNtEHSK6n1nQSarijMA,solon-ohio
https://www.ubereats.com/cleveland/food-delivery/pita-potle/HXxNQOuuTPi_xomDlS0Hnw,solon-ohio
https://www.ubereats.com/cleveland/food-delivery/wendys-34165-aurora-road/6-yVKwq9Q8OAh3frBPMARQ,solon-ohio
https://www.ubereats.com/cleveland/food-delivery/yours-truly-restaurant-hudson/VQUnRh3cRA2XHgdVnxY1-g,solon-ohio
https://www.ubereats.com/akron/food-delivery/perkins-130-w-streetsboro-unit-1/SxUw_qA0RSKxC2hIZLXN8g,solon-ohio
https://www.ubereats.com/cleveland/food-delivery/cucina-rustica/waOvA7T_S--SYfO4rKyKZQ,solon-ohio
https://www.ubereats.com/cleveland/food-delivery/shake-shack-311-park-avenue/W5K_d6XES56WrNksLe72Pw,solon-ohio
https://www.ubereats.com/cleveland/food-delivery/ml-tavern/ZKnxVEIERl6iwSCjjfy5vQ,solon-ohio
https://www.ubereats.com/cleveland/food-delivery/georgios-oven-fresh-pizza/_AfkDga2StKGvmGeVoXQ4w,solon-ohio
https://www.ubereats.com/cleveland/food-delivery/paninis-bar-and-grill/VHB4T9x0SrGdvhNZjBo86Q,solon-ohio
https://www.ubereats.com/cleveland/food-delivery/kfc-22855-emery-road/nQIZsbjuQ1i5kcv1GdkUrw,solon-ohio
https://www.ubereats.com/cleveland/food-delivery/outback-steakhouse-8250-macedonia-commons/Vz8yF5k_Q8OoACsgEspnsA,solon-ohio
https://www.ubereats.com/akron/food-delivery/corky-%26-lennys/6S5tRSAHS7uaQmQNmPwNPQ,solon-ohio
https://www.ubereats.com/cleveland/food-delivery/plaza-agave/QWdxAWvOT86Mw5_fjV5Y6w,solon-ohio
https://www.ubereats.com/cleveland/food-delivery/go-nuts-donuts/zMNpBU3-QQu3PVq1DVg4Og,solon-ohio
https://www.ubereats.com/cleveland/food-delivery/mr-hero-10434-northfield-rd/ype4TLzSQ5Ofp3xRGK1RUg,solon-ohio
https://www.ubereats.com/cleveland/food-delivery/davis-bakery-and-delicatessen/fde-QkayRQSH0kEal1kxAw,solon-ohio
https://www.ubereats.com/cleveland/food-delivery/pie-o-mine-greens/6smj0IzxTRCV_lrbUmB-NQ,solon-ohio
https://www.ubereats.com/cleveland/food-delivery/ruchi-indian-cuisine/kSoER8BCRsyynekwAxc9sw,solon-ohio
https://www.ubereats.com/akron/food-delivery/duck-donuts-200-park-ave-suite-140/Ui9X2brVSVC-vFJEecVA2w,solon-ohio
https://www.ubereats.com/cleveland/food-delivery/wendys-660-east-aurora-rd/dexLOENlScS1QR8RNH_6Jg,solon-ohio
https://www.ubereats.com/cleveland/food-delivery/jersey-mikes-8210-macedonia-commons-blvd/jLAKe7IzR360a2mBH2hgrw,solon-ohio
https://www.ubereats.com/cleveland/food-delivery/speedys-grub-shack-northfield/cvcZBjeuTfqtUhwH7baYbA,solon-ohio
https://www.ubereats.com/cleveland/food-delivery/chipotle-mexican-grill-6267-wilson-mills-rd-unit-a/RYPZ6IcqTGC0IQhPPa3l5A,solon-ohio
https://www.ubereats.com/cleveland/food-delivery/bibibop-asian-grill-511-park-avenue-suite-149/ExaxcIQoSfqV2KtWu_oJ5Q,solon-ohio
https://www.ubereats.com/cleveland/food-delivery/the-original-pancake-house-28700-chagrin-blvd/-soWtPn1RYmnRai6I-L1hA,solon-ohio
https://www.ubereats.com/cleveland/food-delivery/kfc-taco-bell-6030-enterprise-drive/qIaNtPPoQ5KBqtmu95pXBA,solon-ohio
https://www.ubereats.com/akron/food-delivery/pats-wing-queens/4hYbtQ6XRhu-rkXCPf7S0Q,solon-ohio
https://www.ubereats.com/cleveland/food-delivery/black-box-fix/m8kwDTCxSfCgcriwIFOwOw,solon-ohio
https://www.ubereats.com/akron/food-delivery/pizza-express-cleveland/QgE8ewtORZyWcw73dLcqYg,solon-ohio
https://www.ubereats.com/cleveland/food-delivery/rascal-house-pizza-maple-heights/unvth132TViXlQJwB7zMTw,solon-ohio
https://www.ubereats.com/cleveland/food-delivery/panera-203385/cvApLug3R1q8cVGL0t-tGg,solon-ohio
https://www.ubereats.com/cleveland/food-delivery/donatos-pizza-5789-darrow-rd/Y4-aoVSrTLyZ7SWjug9n-A,solon-ohio
https://www.ubereats.com/akron/food-delivery/thon-buri-thai/zizgJ8GiRayzeUVLPOHX1w,solon-ohio
https://www.ubereats.com/cleveland/food-delivery/yours-truly-restaurant-beachwood/K47k1DpURGSEXPeB6M8poQ,solon-ohio
https://www.ubereats.com/cleveland/food-delivery/jenis-cleveland-chagrin-falls/S5vKzjNqSIG4G4fA2CPubg,solon-ohio
https://www.ubereats.com/cleveland/food-delivery/texas-de-brazil-woodmere/SSsviRT-SAeoJ01hmPnNOg,solon-ohio
https://www.ubereats.com/cleveland/food-delivery/papa-johns-5328-warrensville-center-rd/RdDHs18bTPGLH4aatulHvQ,solon-ohio
https://www.ubereats.com/cleveland/food-delivery/hibachi-steakhouse/wv5V61yoTwaKrvbDCBkQWg,solon-ohio
https://www.ubereats.com/cleveland/food-delivery/wendys-2363-east-aurora-road/SQsMg1VjTQqdhqcZ4ati4Q,solon-ohio
https://www.ubereats.com/akron/food-delivery/first-watch-pinecrest/YpHU9uM6RKqRU1D6zNkubQ,solon-ohio
https://www.ubereats.com/cleveland/food-delivery/arbys-6375-som-center-rd/61765cIWT-qLn6hEin43gg,solon-ohio
https://www.ubereats.com/cleveland/food-delivery/qs-cafe/6OK6wR1PRDG77pyN98jX1w,solon-ohio
https://www.ubereats.com/cleveland/food-delivery/paninis-grill/y6GBHZNzRV6CJrPxpznKVA,solon-ohio
https://www.ubereats.com/cleveland/food-delivery/subway-5408-northfield-rd/pTH3S6uWTci8H-UyQt22PA,solon-ohio
https://www.ubereats.com/cleveland/food-delivery/arbys-683-e-aurora-rd/FLEtKHRmThOum_kkwJ8q4A,solon-ohio
https://www.ubereats.com/cleveland/food-delivery/hyde-park-prime-steakhouse-beachwood/UUd9-WRNRsmalPLRp5Wt9A,solon-ohio
https://www.ubereats.com/akron/food-delivery/qs-cafe/6OK6wR1PRDG77pyN98jX1w,solon-ohio
https://www.ubereats.com/cleveland/food-delivery/jersey-mikes-subs-118-w-streetsboro-st/kYKTOB10RnCfL2iWECn01g,solon-ohio
https://www.ubereats.com/akron/food-delivery/plaza-agave/QWdxAWvOT86Mw5_fjV5Y6w,solon-ohio
https://www.ubereats.com/cleveland/food-delivery/otani-japanese-restaurant/gDENbH6QRFCBsh_8KwBlHA,solon-ohio
https://www.ubereats.com/cleveland/food-delivery/subway-22919-broadway-ave/4fhi5gp8TxSc1WMTrkzgNw,solon-ohio
https://www.ubereats.com/akron/food-delivery/speedys-grub-shack-northfield/cvcZBjeuTfqtUhwH7baYbA,solon-ohio
https://www.ubereats.com/cleveland/food-delivery/teriyaki-express-warrensville-center/gjLVaiS0SRyuqlxAgF4CNA,solon-ohio
https://www.ubereats.com/akron/food-delivery/ihop-rockside/FFtxYItrTmeWAAfoPE7C8w,solon-ohio
https://www.ubereats.com/cleveland/food-delivery/hanini-subs/rJ4BTNgLQPGkurviCLpDKQ,solon-ohio
https://www.ubereats.com/akron/food-delivery/yours-truly-restaurant-beachwood/K47k1DpURGSEXPeB6M8poQ,solon-ohio
https://www.ubereats.com/akron/food-delivery/boston-market-34295-aurora-road/ci-4HBb7TruP-bwJedn2rg,solon-ohio
https://www.ubereats.com/akron/food-delivery/papa-johns-pizza-5707-mayfield-rd/pXn7vH5pQDa8PSKEvy8kxg,solon-ohio
https://www.ubereats.com/cleveland/food-delivery/rush-hour-grille/HBqsOeVMQf2WgHTbtdpZjQ,solon-ohio
https://www.ubereats.com/akron/food-delivery/jenis-cleveland-chagrin-falls/S5vKzjNqSIG4G4fA2CPubg,solon-ohio
https://www.ubereats.com/cleveland/food-delivery/jims-open-kitchen/riI_Gl8WSz-jhdYwA-gsGA,solon-ohio
https://www.ubereats.com/akron/food-delivery/davis-bakery-and-delicatessen/fde-QkayRQSH0kEal1kxAw,solon-ohio
https://www.ubereats.com/cleveland/food-delivery/mish-mosh/1915rC9cSb6eiJ_F2XctIA,solon-ohio
https://www.ubereats.com/akron/food-delivery/yours-truly-restaurant-chagrin-falls/pz-5EMc8SL21Eu7zaQheEA,solon-ohio
https://www.ubereats.com/cleveland/food-delivery/popeyes-4645-northfield-road/2_yhV1uoSWCdmjXFbc1YfQ,solon-ohio
https://www.ubereats.com/cleveland/food-delivery/wendys-27400-chagrin-blvd/kq18r2OtS_2-xanSKKikPg,solon-ohio
https://www.ubereats.com/cleveland/food-delivery/spice-thai-cuisine/yJGuCFT5RGuML9CoKH1v5Q,solon-ohio
https://www.ubereats.com/cleveland/food-delivery/applebees-7159-macedonia-commons-blvd-%2389068/gJODci6tR6ib2LK9Zdg3pw,solon-ohio
https://www.ubereats.com/cleveland/food-delivery/village-martini-%26-wine-bar/A2b5tnL-Rk2nreQLO5nrwg,solon-ohio
https://www.ubereats.com/cleveland/food-delivery/paradise-biryani-pointe/NF_KrjObRQq8B8ED5isi2g,solon-ohio
https://www.ubereats.com/cleveland/food-delivery/daves-cosmic-subs-macedonia/6D8fZ6VPR8-WP-Ew2EB8jA,solon-ohio
https://www.ubereats.com/cleveland/food-delivery/papa-johns-pizza-33411-aurora-rd/C3rs8ASgQaS_bPzLQr18zQ,solon-ohio
https://www.ubereats.com/cleveland/food-delivery/rallys-5501-warrensville-center-road/k5Rk1-VCSJSBqz2MiBp_gg,solon-ohio
https://www.ubereats.com/akron/food-delivery/first-watch-solon/Glkcqzv-TP-uqjV7Jerlzg,solon-ohio
https://www.ubereats.com/cleveland/food-delivery/the-pearl-asian-kitchen/XoxCZkHjT-OXexVAJejwfg,solon-ohio
https://www.ubereats.com/cleveland/food-delivery/zeppes-pizzeria/DLfQLQHASwKmbJoYao-XUA,solon-ohio
https://www.ubereats.com/cleveland/food-delivery/daves-cosmic-subs-chagrin-falls/SZO6OD0YQOy_9E1FlcFYnQ,solon-ohio
https://www.ubereats.com/akron/food-delivery/dunkin-5095-northfield-rd/lH_410uqT7Cf02TS-H9KpQ,solon-ohio
https://www.ubereats.com/cleveland/food-delivery/five-guys-oh-0452-4025-richmond-rd/P_l9nmq6RM-2_HVFsynk9A,solon-ohio
https://www.ubereats.com/cleveland/food-delivery/south-end-saloon/Pw0nU_3XRPWe7nrupqQZzA,solon-ohio
https://www.ubereats.com/cleveland/food-delivery/buffalo-wild-wings-18865-giles-rd/yrOGe3CMQbO6se2x7VaRng,solon-ohio
https://www.ubereats.com/cleveland/food-delivery/first-watch-pinecrest/YpHU9uM6RKqRU1D6zNkubQ,solon-ohio
https://www.ubereats.com/cleveland/food-delivery/cilantro-taqueria/uT2lr9aATdafcgK41UWZHw,solon-ohio
https://www.ubereats.com/cleveland/food-delivery/wendys-4602-northfield-road/9V81vWPaT4SM3dkdNOeBew,solon-ohio
https://www.ubereats.com/cleveland/food-delivery/condado-tacos-pinecrest/Fa4Xt1clQ5O2KUAZSffz2A,solon-ohio
https://www.ubereats.com/cleveland/food-delivery/saffron-patch/nhCKp3h7R4KL0kFqe0h_Ew,solon-ohio
https://www.ubereats.com/cleveland/food-delivery/angies-soul-cafe-emery-rd/UuqHGf6-TuadiGZjnzADNw,solon-ohio
https://www.ubereats.com/cleveland/food-delivery/chipotle-mexican-grill-5-atterbury-blvd-ste-1/I2Bkq9KHRlmM3kddW7hbpQ,solon-ohio
https://www.ubereats.com/akron/food-delivery/the-original-pancake-house-28700-chagrin-blvd/-soWtPn1RYmnRai6I-L1hA,solon-ohio
https://www.ubereats.com/cleveland/food-delivery/papa-johns-178-w-streetsboro-st-unit-4/Tiiad5sERL2HHKmI7VTfkw,solon-ohio
https://www.ubereats.com/cleveland/food-delivery/choolaah-indian-bbq-orange-village/yS4GSfHyQsmIeXXBpenUdw,solon-ohio
https://www.ubereats.com/cleveland/food-delivery/boston-market-34295-aurora-road/ci-4HBb7TruP-bwJedn2rg,solon-ohio
https://www.ubereats.com/cleveland/food-delivery/pf-changs-26001-chagrin-blvd/sT2p1SBiS3WCQpYXll3b4w,solon-ohio
https://www.ubereats.com/akron/food-delivery/the-original-steaks-and-hogies/cXXG5RkFRX61XqIqVg1Mjg,solon-ohio
https://www.ubereats.com/cleveland/food-delivery/sicileys-pizza/Lr8F_7-BSICqfYkc30oZyQ,solon-ohio
https://www.ubereats.com/cleveland/food-delivery/bob-evans-438-7105-north-aurora-road/lDMgmqb1QWG5fmF9tfI12w,solon-ohio
https://www.ubereats.com/cleveland/food-delivery/tres-potrillos/OdHkCflUSfaqUyn4D_fNpA,solon-ohio
https://www.ubereats.com/cleveland/food-delivery/chipotle-mexican-grill-4015-richmond-rd/HbAbV1q8QyqR8NtC64B2mw,solon-ohio
https://www.ubereats.com/cleveland/food-delivery/famous-gyro-george-lee-road/5oC-SgykQQiTTOL1Z__p-g,solon-ohio
https://www.ubereats.com/cleveland/food-delivery/sonic-5836-mayfield-road/TTjUG9PtQUGM009MlJ67Lg,solon-ohio
https://www.ubereats.com/cleveland/food-delivery/famous-gyro-george-maple-heights/ARakZm8AQROkT1zXsfAvyg,solon-ohio
https://www.ubereats.com/cleveland/food-delivery/burgers-2-beer-solon/EXQ7HRvHRFWT98lKgCfoVg,solon-ohio
https://www.ubereats.com/cleveland/food-delivery/jersey-mikes-subs-28450-chagrin-blvd/q7RUv1_KScKc9VFZO2QF6Q,solon-ohio
https://www.ubereats.com/cleveland/food-delivery/mcdonalds-northfield-%26-franklin/jrC6HK8IRA2L8WXj7I-m-w,solon-ohio
https://www.ubereats.com/akron/food-delivery/papa-johns-pizza-33411-aurora-rd/C3rs8ASgQaS_bPzLQr18zQ,solon-ohio
https://www.ubereats.com/cleveland/food-delivery/papa-johns-pizza-5707-mayfield-rd/pXn7vH5pQDa8PSKEvy8kxg,solon-ohio
https://www.ubereats.com/akron/food-delivery/starbucks-chagrin-falls-north-main-street/ithjHfImSCiKE5RwXdfe9A,solon-ohio
https://www.ubereats.com/cleveland/food-delivery/dunkin-5095-northfield-rd/lH_410uqT7Cf02TS-H9KpQ,solon-ohio
https://www.ubereats.com/akron/food-delivery/first-watch-macedonia/waO61-qiSwOmJG5U3mz2Ew,solon-ohio
https://www.ubereats.com/cleveland/food-delivery/taste-of-kerala/ncbn1pgiQbGcCubZnSXhpw,solon-ohio
https://www.ubereats.com/akron/food-delivery/applebees-7159-macedonia-commons-blvd-%2389068/gJODci6tR6ib2LK9Zdg3pw,solon-ohio
https://www.ubereats.com/cleveland/food-delivery/cracker-barrel-old-country-store-2371-east-aurora-road/8Hw1UupIQCGNFy_sk5jHbQ,solon-ohio
https://www.ubereats.com/akron/food-delivery/sonic-5836-mayfield-road/TTjUG9PtQUGM009MlJ67Lg,solon-ohio
https://www.ubereats.com/cleveland/food-delivery/davis-bakery-and-delicatessen-warrensville-heights/V_kpivYCQdqgMICjFrxCzw,solon-ohio
https://www.ubereats.com/cleveland/food-delivery/mr-hero-valley-view/OkcrMxlWSAKYQbsa2EHENQ,solon-ohio
https://www.ubereats.com/cleveland/food-delivery/pulp-juice-and-smoothie-bar/MVaaY7UIRQOTPvV67y5DJA,solon-ohio
https://www.ubereats.com/akron/food-delivery/graeters-ice-cream-pinecrest/DlDEFfDoTeiUsPdR6DYeLg,solon-ohio
https://www.ubereats.com/cleveland/food-delivery/scorchers/Wu7StSRkTgewQdidWUaWSA,solon-ohio
https://www.ubereats.com/cleveland/food-delivery/j-pistone-market-%26-gathering-place/U-3tthqfTZqLurpL5XYLDg,solon-ohio
https://www.ubereats.com/cleveland/food-delivery/benihana-chargin-%26-green/Ij1iu9WtQ5alWU4SJT7Ajg,solon-ohio
https://www.ubereats.com/cleveland/food-delivery/twisted-tomato-pizzeria-bedford/yQyWtjX2S6-5RVB_VSCPKQ,solon-ohio
https://www.ubereats.com/cleveland/food-delivery/ts-place/Mi7nuA54Qh2r5Gh-RHix8w,solon-ohio
https://www.ubereats.com/cleveland/food-delivery/wendys-5360-warrensville-center-road/8kSDzzYYQQe_cENr1_0DTw,solon-ohio
https://www.ubereats.com/akron/food-delivery/a-taste-of-tashia/q0huVe3TRcyyqzbOE9boLQ,solon-ohio
https://www.ubereats.com/akron/food-delivery/bomba-tacos/E1C8_aTQRM-L4DftSu-d1g,solon-ohio
https://www.ubereats.com/akron/food-delivery/starbucks-woodmere-center/0T5QLwkyRre1wDXwclIe6Q,solon-ohio
https://www.ubereats.com/akron/food-delivery/j-pistone-market-%26-gathering-place/U-3tthqfTZqLurpL5XYLDg,solon-ohio
https://www.ubereats.com/cleveland/food-delivery/arbys-2670-creekside-dr/T3SJNID9RvOZNQYhLLGnqg,solon-ohio
https://www.ubereats.com/cleveland/food-delivery/ihop-rockside/FFtxYItrTmeWAAfoPE7C8w,solon-ohio
https://www.ubereats.com/cleveland/food-delivery/subway-34192-aurora-rd/R5sz92tFSumOtA3nDcNcYg,solon-ohio
https://www.ubereats.com/cleveland/food-delivery/buffalo-wild-wings-26200-harvard-rd/NJsvFt4nRNGm6nsIgX6kzw,solon-ohio
https://www.ubereats.com/akron/food-delivery/first-watch-mayfield-heights/ZSTkF0ABRbSqyBgEfSsnLA,solon-ohio
https://www.ubereats.com/cleveland/food-delivery/starbucks-chagrin-falls-north-main-street/ithjHfImSCiKE5RwXdfe9A,solon-ohio
https://www.ubereats.com/akron/food-delivery/jersey-mikes-subs-28450-chagrin-blvd/q7RUv1_KScKc9VFZO2QF6Q,solon-ohio
https://www.ubereats.com/cleveland/food-delivery/zoup!-aurora-rd/IGPG2s99RXy5f4yr0OBRaQ,solon-ohio
https://www.ubereats.com/cleveland/food-delivery/sunny-asian-food/GK4iUfrgTlqTW5mcBrSMsQ,solon-ohio
https://www.ubereats.com/akron/food-delivery/bob-evans-438-7105-north-aurora-road/lDMgmqb1QWG5fmF9tfI12w,solon-ohio
https://www.ubereats.com/akron/food-delivery/wendys-2363-east-aurora-road/SQsMg1VjTQqdhqcZ4ati4Q,solon-ohio
https://www.ubereats.com/cleveland/food-delivery/first-watch-macedonia/waO61-qiSwOmJG5U3mz2Ew,solon-ohio
https://www.ubereats.com/cleveland/food-delivery/dunkin-6353-som-center-rd/kOvCaSciQDGg4iFCU-w3KA,solon-ohio
https://www.ubereats.com/cleveland/food-delivery/pats-wing-queens/4hYbtQ6XRhu-rkXCPf7S0Q,solon-ohio
https://www.ubereats.com/cleveland/food-delivery/el-camino-mexican-restaurant/XIw5ObySTHyB5hN4KWaNdQ,solon-ohio
https://www.ubereats.com/cleveland/food-delivery/guys-pizza-co-bedford/IB-o6WrdQqm5vH5by0OgcQ,solon-ohio
https://www.ubereats.com/cleveland/food-delivery/politics-kitchen-and-lounge-warrensville/9P6wwt1WQS-l97yFKoE3Nw,solon-ohio
https://www.ubereats.com/cleveland/food-delivery/the-dog-house-broadway-ave/_TSM8R_ARGGkULMvwIHqBg,solon-ohio
https://www.ubereats.com/cleveland/food-delivery/mcdonalds-broadway-%26-lincolnville/yabdviaJRhi2pqsYZFR39w,solon-ohio
https://www.ubereats.com/cleveland/food-delivery/zeppes-pizzeria320-broadway-ave/YBG2xQHhSai0HDbaimYM9Q,solon-ohio
https://www.ubereats.com/cleveland/food-delivery/yours-truly-restaurant-chagrin-falls/pz-5EMc8SL21Eu7zaQheEA,solon-ohio
https://www.ubereats.com/cleveland/food-delivery/first-watch-solon/Glkcqzv-TP-uqjV7Jerlzg,solon-ohio
https://www.ubereats.com/cleveland/food-delivery/subway-17203-broadway-ave/gjNBByw6Sv2g39cyDUxhDA,solon-ohio
https://www.ubereats.com/cleveland/food-delivery/dennys-6207-wilson-mills-rd/9hvJMC5YSwenFLDE69RBWw,solon-ohio
https://www.ubereats.com/cleveland/food-delivery/popeyes-5581-warrensville-center-road/hHN-rwkGRhqZn_wKmF4kDw,solon-ohio
https://www.ubereats.com/cleveland/food-delivery/zoup!-richmond-road/v8NqSjGFQdKjlm5G-SSF7A,solon-ohio
https://www.ubereats.com/cleveland/food-delivery/pats-wing-queens/Skn45iPkRkij7tOx9ATXDQ,solon-ohio
https://www.ubereats.com/cleveland/food-delivery/alfredos-at-the-inn-italian-restaurant/kTrJU8oZR6aBeZjoYp2Fsg,solon-ohio
https://www.ubereats.com/cleveland/food-delivery/b%26m-bar-b-que-oakwood-village/vqnpJrh9Qbip6T1rc28rvQ,solon-ohio
https://www.ubereats.com/akron/food-delivery/arbys-2670-creekside-dr/T3SJNID9RvOZNQYhLLGnqg,solon-ohio
https://www.ubereats.com/cleveland/food-delivery/perkins-130-w-streetsboro-unit-1/SxUw_qA0RSKxC2hIZLXN8g,solon-ohio
https://www.ubereats.com/akron/food-delivery/jims-open-kitchen/riI_Gl8WSz-jhdYwA-gsGA,solon-ohio
https://www.ubereats.com/akron/food-delivery/starbucks-chagrin-road-and-green-blvd/dpTP8hHtRFiu0tuJ0qClbg,solon-ohio
https://www.ubereats.com/akron/food-delivery/yours-truly-restaurant-hudson/VQUnRh3cRA2XHgdVnxY1-g,solon-ohio
https://www.ubereats.com/cleveland/food-delivery/pulp-juice-and-smoothie-bar/mWwHV6ybTXy-KV2PKvn-NQ,solon-ohio
https://www.ubereats.com/cleveland/food-delivery/golden-dragon-restaurant-woks-%26-roll/oQv3osWHQMOpkPS-dgBGWw,solon-ohio
https://www.ubereats.com/cleveland/food-delivery/chipotle-mexican-grill-8195-golden-link-blvd/ZbiMSO1XRl2h660_UvRcgA,solon-ohio
https://www.ubereats.com/cleveland/food-delivery/m-italian/q4LikLjfQaePaDlsjhKyUw,solon-ohio
https://www.ubereats.com/cleveland/food-delivery/mcdonalds-broadway-%26-libby/QteiIMU3TLyFxSjCmiSDjQ,solon-ohio
https://www.ubereats.com/cleveland/food-delivery/bob-evans-509-3700-orange-place/nPD0lXaATjqlm-Ww82vx5Q,solon-ohio
https://www.ubereats.com/cleveland/food-delivery/la-mexicana-cantina-and-grill/Btnahkk2RM-HnSktosklyA,solon-ohio
https://www.ubereats.com/akron/food-delivery/jersey-mikes-subs-8870-darrow-rd/l_sxpdisTM-yc8xsU8uL-g,solon-ohio
https://www.ubereats.com/cleveland/food-delivery/fresh-healthy-cafe-beachwood-place-mall/F_s7Knl-RmeHXjSOlmQ1xw,solon-ohio
https://www.ubereats.com/cleveland/food-delivery/cafe-avalaun/9CVyynK4SFa_-zPBc3NL3g,solon-ohio
https://www.ubereats.com/cleveland/food-delivery/burger-king-34275-aurora-road/1bGcfe7RQlWGuX4paDxmDA,solon-ohio
https://www.ubereats.com/cleveland/food-delivery/burntwood-tavern-chagrin-falls/8B7BZtjgSAqzYaHoFzP-DA,solon-ohio
https://www.ubereats.com/cleveland/food-delivery/taco-bell-5591-warrensville-ctr-rd/QTUX7nd7SsSQo145OxoDgQ,solon-ohio
https://www.ubereats.com/cleveland/food-delivery/firebirds-wood-fired-grill-211-park-ave/NW_Sx9EVSQi7PmFzMtoR5Q,solon-ohio
https://www.ubereats.com/cleveland/food-delivery/chipotle-mexican-grill-33599-aurora-rd/8wnJ1vrNQb2CsECCdPydVg,solon-ohio
https://www.ubereats.com/akron/food-delivery/angies-soul-cafe-emery-rd/UuqHGf6-TuadiGZjnzADNw,solon-ohio
https://www.ubereats.com/akron/food-delivery/corbos-pasta-and-pizza-house/YiTuhTCCQtmXKR9UpXVtoA,solon-ohio
https://www.ubereats.com/cleveland/food-delivery/little-caesars-16882-harvard-ave/fsFscPYZT_yH1f0X_bxEWA,solon-ohio
https://www.ubereats.com/cleveland/food-delivery/best-gyros-northfield/JqOGlFl7SMOQywnRHNWqdg,solon-ohio
https://www.ubereats.com/cleveland/food-delivery/burntwood-tavern-solon/M_ifc22uTRSEtqtmhkNOHw,solon-ohio
https://www.ubereats.com/cleveland/food-delivery/senorita-bonitas-mexican-grill-%26-cantina/1ZlrUHd9SyGbbe3DUyo4pA,solon-ohio
https://www.ubereats.com/cleveland/food-delivery/1st-class-wellness-%26-healthy-eats/n5beyJNLQ4amJg0xnifmIg,solon-ohio
https://www.ubereats.com/cleveland/food-delivery/jersey-mikes-subs-8440-e-washington-st/q6425xc5RDydnPUK8JWMlA,solon-ohio
https://www.ubereats.com/cleveland/food-delivery/dunkin-4959-richmond-rd/vZzsnUf8Q4KtDwHaNXTGxQ,solon-ohio
https://www.ubereats.com/cleveland/food-delivery/kfc-307-highland-road-east/Yeq1FPotRvWpKPyDaPrVXA,solon-ohio
https://www.ubereats.com/cleveland/food-delivery/jersey-mikes-7037-n-aurora-rd/kEFjPAuRQaafdXVQliIg5A,solon-ohio
https://www.ubereats.com/cleveland/food-delivery/jersey-mikes-subs-8870-darrow-rd/l_sxpdisTM-yc8xsU8uL-g,solon-ohio
https://www.ubereats.com/cleveland/food-delivery/wingkee/fPjoz7XSQKKFBBalicHJdw,solon-ohio
https://www.ubereats.com/akron/food-delivery/papa-johns-178-w-streetsboro-st-unit-4/Tiiad5sERL2HHKmI7VTfkw,solon-ohio
https://www.ubereats.com/cleveland/food-delivery/7-to-7-eatery-mediterranean/XckF2aBqQvKEpcuYTSibyA,solon-ohio
https://www.ubereats.com/akron/food-delivery/rush-hour-grille/HBqsOeVMQf2WgHTbtdpZjQ,solon-ohio
https://www.ubereats.com/cleveland/food-delivery/yours-truly-restaurant-solon/SzCdvlF7RLGoeIHVVt8wiQ,solon-ohio
https://www.ubereats.com/akron/food-delivery/1st-class-wellness-%26-healthy-eats/n5beyJNLQ4amJg0xnifmIg,solon-ohio
https://www.ubereats.com/cleveland/food-delivery/bob-evans-146-266-highland-road-e/RWz8Xf7sQwGz_c3JNPkoGQ,solon-ohio
https://www.ubereats.com/cleveland/food-delivery/subway-7725-market-place-dr/C-AvSKERScy0ZJkSpASXIw,solon-ohio
https://www.ubereats.com/cleveland/food-delivery/charleys-philly-steaks-%26-wings-som-center/EzDg-NdJQj6YFNT_3cGoiA,solon-ohio
https://www.ubereats.com/akron/food-delivery/starbucks-solon/YHpW4w5GR0y2Q0tgN_SWUg,solon-ohio
https://www.ubereats.com/cleveland/food-delivery/burntwood-tavern-lyndhurst/P7CHGDkpS8CdJxJDErJ45w,solon-ohio
https://www.ubereats.com/akron/food-delivery/outback-steakhouse-8250-macedonia-commons/Vz8yF5k_Q8OoACsgEspnsA,solon-ohio
https://www.ubereats.com/akron/food-delivery/cold-stone-creamery-48-park-lane/NljofKU0QsqTS0rva4VSlw,solon-ohio
https://www.ubereats.com/cleveland/food-delivery/clean-eating/uvxe6uJzQRaVyfGiXtfNfQ,solon-ohio
https://www.ubereats.com/akron/food-delivery/dennys-6207-wilson-mills-rd/9hvJMC5YSwenFLDE69RBWw,solon-ohio
https://www.ubereats.com/akron/food-delivery/yours-truly-restaurant-mayfield-village/GXDNEfArRhu1lslp6FcROA,solon-ohio
https://www.ubereats.com/akron/food-delivery/papa-johns-5328-warrensville-center-rd/RdDHs18bTPGLH4aatulHvQ,solon-ohio
https://www.ubereats.com/cleveland/food-delivery/corbos-pasta-and-pizza-house/YiTuhTCCQtmXKR9UpXVtoA,solon-ohio
https://www.ubereats.com/cleveland/food-delivery/kings-tandoor-and-bar/DIrEkrU7RQmYgoyS8PQV4A,solon-ohio
https://www.ubereats.com/cleveland/food-delivery/bar-louie-lyndhurst/xnEGGEUXRLergKPcu3mVxA,solon-ohio
https://www.ubereats.com/cleveland/food-delivery/corky-%26-lennys/6S5tRSAHS7uaQmQNmPwNPQ,solon-ohio
https://www.ubereats.com/cleveland/food-delivery/slymans-tavern-orange/5-sbnm9MSkO5y1Y-q_uyzg,solon-ohio
https://www.ubereats.com/cleveland/food-delivery/floods-urban-seafood/YOtjgRaCTyq1jKlcGfdpug,solon-ohio
https://www.ubereats.com/cleveland/food-delivery/wendys-23050-broadway/uYEI3houRNqztQ6dUSglcw,solon-ohio
https://www.ubereats.com/cleveland/food-delivery/automile-inn-bar-and-grill/Vct1f6P5R3yWk39-Qm9VFw,solon-ohio
https://www.ubereats.com/akron/food-delivery/wendys-660-east-aurora-rd/dexLOENlScS1QR8RNH_6Jg,solon-ohio
https://www.ubereats.com/cleveland/food-delivery/chick-fil-a-6150-som-center-rd/uX4J31eLQ7Oxl25bQdgVQg,solon-ohio
https://www.ubereats.com/cleveland/food-delivery/taco-bell-8906-darrow-road/4tciPkmVQ6KXkqPC-urN1w,solon-ohio
https://www.ubereats.com/akron/food-delivery/panera-203385/cvApLug3R1q8cVGL0t-tGg,solon-ohio
https://www.ubereats.com/cleveland/food-delivery/duck-donuts-200-park-ave-suite-140/Ui9X2brVSVC-vFJEecVA2w,solon-ohio
https://www.ubereats.com/cleveland/food-delivery/subcity/bNcZ8mdQT9C_ElwQ__ih-g,solon-ohio
https://www.ubereats.com/cleveland/food-delivery/bedford-falls-cafe/fg1GR_m9RQy280036wBnpA,solon-ohio
https://www.ubereats.com/cleveland/food-delivery/whitmores-bar-b-q20209-harvard-ave/XXWxdydEQq-uGCQ2EiHqAw,solon-ohio
https://www.ubereats.com/cleveland/food-delivery/hibachi-steakhouse-rockside-rd/ZUqS1VUKRcW25KIeZzSryA,solon-ohio
https://www.ubereats.com/cleveland/food-delivery/dos-coronas/EO8dUilwR4qoqW1YLam8gg,solon-ohio
https://www.ubereats.com/akron/food-delivery/whitmores-bar-b-q20209-harvard-ave/XXWxdydEQq-uGCQ2EiHqAw,solon-ohio
https://www.ubereats.com/akron/food-delivery/best-gyros-mayfield-heights/xZ2IKL39SGmvFj8Q8gZY-w,solon-ohio
https://www.ubereats.com/cleveland/food-delivery/chipotle-mexican-grill-2640-creekside-dr/AQGbhXtrRqOlyS1dehj0zA,solon-ohio
https://www.ubereats.com/cleveland/food-delivery/the-original-steaks-and-hogies/cXXG5RkFRX61XqIqVg1Mjg,solon-ohio
https://www.ubereats.com/cleveland/food-delivery/subway-25575-aurora-rd/IiKxiezETwmf47hRlcfnvw,solon-ohio
https://www.ubereats.com/cleveland/food-delivery/first-watch-mayfield-heights/ZSTkF0ABRbSqyBgEfSsnLA,solon-ohio
https://www.ubereats.com/akron/food-delivery/sides-to-go-bbq!-macedonia/m2KoRRrXTgS5wkqYgvkYcA,solon-ohio
https://www.ubereats.com/cleveland/food-delivery/thon-buri-thai/zizgJ8GiRayzeUVLPOHX1w,solon-ohio
https://www.ubereats.com/cleveland/food-delivery/south-east-gears-%26-cheers/IrLAgkh2TNWNG4LTdXylew,solon-ohio
https://www.ubereats.com/cleveland/food-delivery/best-gyros-mayfield-heights/xZ2IKL39SGmvFj8Q8gZY-w,solon-ohio
https://www.ubereats.com/cleveland/food-delivery/michaels-genuine-food-%26-drink-shaker-heights/1QHw9ETxRra1PYFOvFJKNQ,solon-ohio
https://www.ubereats.com/akron/food-delivery/bob-evans-509-3700-orange-place/nPD0lXaATjqlm-Ww82vx5Q,solon-ohio
https://www.ubereats.com/cleveland/food-delivery/jersey-mikes-subs-wilson-mills/ihHagAqJQ32swrX02uvmJQ,solon-ohio
https://www.ubereats.com/akron/food-delivery/bob-evans-146-266-highland-road-e/RWz8Xf7sQwGz_c3JNPkoGQ,solon-ohio
https://www.ubereats.com/cleveland/food-delivery/taco-bell-4660-northfield-rd/Y1G2_bd2RJKzKIwisLvFTA,solon-ohio
https://www.ubereats.com/cleveland/food-delivery/a-taste-of-tashia/q0huVe3TRcyyqzbOE9boLQ,solon-ohio
