url,city
https://www.ubereats.com/tampa/food-delivery/the-joint-st-pete/gMIDcQchSAmpq_bT6MPDog,south-pasadena-florida
https://www.ubereats.com/tampa/food-delivery/kfc-770-34th-street-n/1Zy_sB4LQsO1T2Qzu_Zl3w,south-pasadena-florida
https://www.ubereats.com/tampa/food-delivery/vito-%26-michaels/nUwtm6zcSkmwcwkxiv5F1A,south-pasadena-florida
https://www.ubereats.com/tampa/food-delivery/popeyes-34th-st-n-%26-6th-ave-n/ulGn9r7qQeWTuYnA0RV8GA,south-pasadena-florida
https://www.ubereats.com/tampa/food-delivery/the-boardwalk-grill/J8Jy3dmZShKf9tJ1aPWMJw,south-pasadena-florida
https://www.ubereats.com/tampa/food-delivery/subway-5901-gulf-blvd/vmQMrzh-SWKLKDFfYGrURw,south-pasadena-florida
https://www.ubereats.com/tampa/food-delivery/bellas-bakes-cakes-and-bagels/Uspnw7KiTO-PHaKNgc_5Wg,south-pasadena-florida
https://www.ubereats.com/tampa/food-delivery/ricks-reef-st-pete-beach/Sr0iOz85SnS_3UmkbCwivg,south-pasadena-florida
https://www.ubereats.com/tampa/food-delivery/carrabbas-3530-tyrone-blvd/jZFWlElASn6qYqjGN5ebZA,south-pasadena-florida
https://www.ubereats.com/tampa/food-delivery/billys-stone-crab/NF-97poQRzi_RqHGsgjb2A,south-pasadena-florida
https://www.ubereats.com/tampa/food-delivery/mcdonalds-38th-avenue/-kBgNKo7RZyFDVB-14ibvQ,south-pasadena-florida
https://www.ubereats.com/tampa/food-delivery/chipotle-mexican-grill-3700-park-blvd-n/byWuipZhTU2zWXtR-NA-LQ,south-pasadena-florida
https://www.ubereats.com/tampa/food-delivery/wendys-4300-34th-street-south/atS7CjH1QpKqT14I-8sU4Q,south-pasadena-florida
https://www.ubereats.com/tampa/food-delivery/captain-bills-gulfside-tavern/qaKp5ODZS5eI9YjL_CgSsg,south-pasadena-florida
https://www.ubereats.com/tampa/food-delivery/hungry-howies-pizza-%26-subs-6570-central-ave/Ft4FfqnRQjm8FbT-uYVZEg,south-pasadena-florida
https://www.ubereats.com/tampa/food-delivery/chipotle-mexican-grill-11241-park-blvd/8uVkizTSSc6FRdo2ZCFjgA,south-pasadena-florida
https://www.ubereats.com/tampa/food-delivery/zaxbys-7520-belcher-rd/GKbGfd56S6GDznhosOCbbA,south-pasadena-florida
https://www.ubereats.com/tampa/food-delivery/crab-daddys/tLn2alAdQRSyyqw-WUMdcQ,south-pasadena-florida
https://www.ubereats.com/tampa/food-delivery/samsushi-restaurant/KzFsBMcuQZuOH4bDSUzjLw,south-pasadena-florida
https://www.ubereats.com/tampa/food-delivery/bellas-ristorante-pizzeria-and-bar-inc/KkoeY0DkQ8exlS6htqdemg,south-pasadena-florida
https://www.ubereats.com/tampa/food-delivery/wendys-1452-south-pasadena-ave/1yHojog0TL2-pP9rzJ7DyA,south-pasadena-florida
https://www.ubereats.com/tampa/food-delivery/dunkin-4599-66th-st-n/TPFuxMnxQuiDvw94nK1nLA,south-pasadena-florida
https://www.ubereats.com/tampa/food-delivery/red-lobster-6151-34th-street-n/gHMHtCKBS4GK6-LdLasIbA,south-pasadena-florida
https://www.ubereats.com/tampa/food-delivery/kimmy-ds-49th-street-cafe-pinellas-park/wvMzUI6QSGOvyVCLE4hfnQ,south-pasadena-florida
https://www.ubereats.com/tampa/food-delivery/salems-fresh-eats-st-pete/DuF7yzedS5CjJM7C7eNdEw,south-pasadena-florida
https://www.ubereats.com/tampa/food-delivery/taco-bus-treasure-island/I4B5-V05QoW60S5nXGLj4w,south-pasadena-florida
https://www.ubereats.com/tampa/food-delivery/freshii-10328-roosevelt-blvd/ZzifRcIkQxCyBC5ArDp55A,south-pasadena-florida
https://www.ubereats.com/tampa/food-delivery/mcdonalds-650-150th-avenue/kXjSsPUsR4mCKV3DQxU4GQ,south-pasadena-florida
https://www.ubereats.com/tampa/food-delivery/firehouse-subs-pinellas-park/1d1WNsvzTQCbRO0wk5bIig,south-pasadena-florida
https://www.ubereats.com/tampa/food-delivery/china-pearl/zy6RxfTCQXC37Wnqh4BNtA,south-pasadena-florida
https://www.ubereats.com/tampa/food-delivery/buya-ramen-st-petersburg/S6LjEEUoTVWLSP-Hk8ibig,south-pasadena-florida
https://www.ubereats.com/tampa/food-delivery/the-campus-grind/_tCzH9NdTfiYwLHw2BKNmg,south-pasadena-florida
https://www.ubereats.com/tampa/food-delivery/salty-sisters-gourmet-popcorn/frNmY3HJQhCmjKQHXR43Ew,south-pasadena-florida
https://www.ubereats.com/tampa/food-delivery/3d-bites/Nxs7H4mzSz24SF5uqOjA5g,south-pasadena-florida
https://www.ubereats.com/tampa/food-delivery/chickncone/7oRWlmFUT5O7lXKHkNkJ4A,south-pasadena-florida
https://www.ubereats.com/tampa/food-delivery/johnnys-4th-kava-bar/DMNyr5rcQPWbVKZymPAd-Q,south-pasadena-florida
https://www.ubereats.com/tampa/food-delivery/400-beach-seafood-and-tap-house/iOvYBUbwTDSaECA-D62Kxg,south-pasadena-florida
https://www.ubereats.com/tampa/food-delivery/sadboy-lounge/UpWSxR1KTse13Ml9UGpZ-g,south-pasadena-florida
https://www.ubereats.com/tampa/food-delivery/nitallys-thaimex/Rwz87_yFQmKtcx0IHspqhg,south-pasadena-florida
https://www.ubereats.com/tampa/food-delivery/il-ritorno/LDhZyPJLTUaoxt9gg7B7vA,south-pasadena-florida
https://www.ubereats.com/tampa/food-delivery/mcdonalds-northside/6BHao7UtSnCZo19DE9jp9A,south-pasadena-florida
https://www.ubereats.com/tampa/food-delivery/oishi-sushi-and-japanese-steakhouse-tyrone/YIdNEHsTR6W_JH4VYxZgfA,south-pasadena-florida
https://www.ubereats.com/tampa/food-delivery/7042-bonefish-grill-2408-tyrone-blvd/X3tCz_uMRHyvw-OsMHXPBA,south-pasadena-florida
https://www.ubereats.com/tampa/food-delivery/tropical-smoothie-cafe-66th-street-north/MiT-PrrxTT-zp2yeKZMfAA,south-pasadena-florida
https://www.ubereats.com/tampa/food-delivery/sams-gyro-%26-seafood/D9v8LJCvRbOWuxYBcuzCDw,south-pasadena-florida
https://www.ubereats.com/tampa/food-delivery/jets-pizza-madeira-redington/-FGfmFh6Ta2FNLTnU2krgw,south-pasadena-florida
https://www.ubereats.com/tampa/food-delivery/jahva-coffee-lounge%2B/HsuNVlzPTMGjf4CGFmwT9Q,south-pasadena-florida
https://www.ubereats.com/tampa/food-delivery/naked-farmer-st-pete/yXjLcxtHSQOp64C425_tYA,south-pasadena-florida
https://www.ubereats.com/tampa/food-delivery/winghouse-of-pinellas-park/K2jVDGkFSoKasJoGfkCmYw,south-pasadena-florida
https://www.ubereats.com/tampa/food-delivery/caddys-on-the-beach/0WkZ81h1QTamC9klD4zMDg,south-pasadena-florida
https://www.ubereats.com/tampa/food-delivery/firehouse-subs-st-petersburg-4th-street/96qIiCslQSm-D-Eyfsk6sA,south-pasadena-florida
https://www.ubereats.com/tampa/food-delivery/big-apple-buffet-2/wtZ7w8BrSlyYiSmE5pNMPw,south-pasadena-florida
https://www.ubereats.com/tampa/food-delivery/amish-creamery/lYN5WYFnR6-ygkbHmjGZTA,south-pasadena-florida
https://www.ubereats.com/tampa/food-delivery/starbucks-4th-st-%26-50th-ave/B9AkSKfoRJOkvOgkhkxkkQ,south-pasadena-florida
https://www.ubereats.com/tampa/food-delivery/twistee-treat/FqaIY0siQlaFZUw_H1ibSg,south-pasadena-florida
https://www.ubereats.com/tampa/food-delivery/vibes/wPO0p25GSf2S9T1PyjkIrA,south-pasadena-florida
https://www.ubereats.com/tampa/food-delivery/winghouse-of-largo/JvPtzXh2RLSNFMXLKOXkNg,south-pasadena-florida
https://www.ubereats.com/tampa/food-delivery/dunkin-9991-bay-pines-blvd/BQOVbPxYQCi_zVe8RN0jKg,south-pasadena-florida
https://www.ubereats.com/tampa/food-delivery/slow-roasted/ITuCeaY5TkStrnLXOaE-bg,south-pasadena-florida
https://www.ubereats.com/tampa/food-delivery/jessis-restaurant/LZCa67MgR9CeDnjtRiiVmA,south-pasadena-florida
https://www.ubereats.com/tampa/food-delivery/applebees-7995-113th-st/p5OLBcf2QRyQvNTIMbU5lw,south-pasadena-florida
https://www.ubereats.com/tampa/food-delivery/pizza-hut-4350-66th-st-n/IiWN8HPyTBOtTG8cO97INA,south-pasadena-florida
https://www.ubereats.com/tampa/food-delivery/tap-burgers/v49eh5KVT5yY3ucMo8c5Jw,south-pasadena-florida
https://www.ubereats.com/tampa/food-delivery/the-well-dressed-chicken/IAfdUPBFS5uETg4ps-_eXQ,south-pasadena-florida
https://www.ubereats.com/tampa/food-delivery/lonnis-sandwiches-etc/QZDozRy4Q4eIw2wRSac0Dg,south-pasadena-florida
https://www.ubereats.com/tampa/food-delivery/siam-garden-thai/DOjsODEwSdGGMyksCsgXOQ,south-pasadena-florida
https://www.ubereats.com/tampa/food-delivery/hooters-boardwalk-pl-e-%26-village-blvd/lHVq046eQMKKIw-NqipxcQ,south-pasadena-florida
https://www.ubereats.com/tampa/food-delivery/pdq-pinellas-park/0cr_vDL1R9WaNHHxN1YEHQ,south-pasadena-florida
https://www.ubereats.com/tampa/food-delivery/tgi-fridays-588-st-petersburg-fl/bSMwAAH7RX282xWvfRj6VQ,south-pasadena-florida
https://www.ubereats.com/tampa/food-delivery/dunkin-1524-4th-st-s/4fh9BiMDScSKOTv-L6xRnA,south-pasadena-florida
https://www.ubereats.com/tampa/food-delivery/subway-2204-62nd-ave-s/lZTX57NNR4uVgs0JhDMIVw,south-pasadena-florida
https://www.ubereats.com/tampa/food-delivery/sloppy-joes-on-the-beach/HBcV5cOVRX2tbjb07KZuZA,south-pasadena-florida
https://www.ubereats.com/tampa/food-delivery/yogurtology-st-pete/EJ82-pZfQTeJZuY1uTytWQ,south-pasadena-florida
https://www.ubereats.com/tampa/food-delivery/oak-%26-stone-dtsp/847yoBgCTZGQT8q04iwjDw,south-pasadena-florida
https://www.ubereats.com/tampa/food-delivery/mickeys-cafe-%26-organics/gE-JVnpORQ6coBcsiuf6iA,south-pasadena-florida
https://www.ubereats.com/tampa/food-delivery/the-twisted-indian/e247TazoS7qOSumYLRK8gg,south-pasadena-florida
https://www.ubereats.com/tampa/food-delivery/subway-956-62nd-ave/zcMtVx_pTvCIRHN2u2GtsA,south-pasadena-florida
https://www.ubereats.com/tampa/food-delivery/el-guerrero-mexican-grill/7pkbG-iBRSaAit-meZxIfQ,south-pasadena-florida
https://www.ubereats.com/tampa/food-delivery/wings-n-things/mMyuHm9CSTWT8gY5vW2AVA,south-pasadena-florida
https://www.ubereats.com/tampa/food-delivery/toasted-monkey-st-pete-beach/Nxnx2Vh3Sm2ldLZoB6schw,south-pasadena-florida
https://www.ubereats.com/tampa/food-delivery/starbucks-tyrone-blvd-north-%26-22nd-ave-n/a2AfwcnCS1ywVLXfIN97gQ,south-pasadena-florida
https://www.ubereats.com/tampa/food-delivery/poke-island/9UxORMaCQpaJhxRNtFrwjw,south-pasadena-florida
https://www.ubereats.com/tampa/food-delivery/westshore-pizza/rrV7KixrRgOXwgLhgp6A4w,south-pasadena-florida
https://www.ubereats.com/tampa/food-delivery/mugs-sports-bar-%26-grill-largo/OWJ0I8-hS8u-1EWpkpcf9w,south-pasadena-florida
https://www.ubereats.com/tampa/food-delivery/kays-kitchen-family-restaurant-st-petersburg/iahK4mMsTWiXYO30ZOiCjw,south-pasadena-florida
https://www.ubereats.com/tampa/food-delivery/trips-diner-st-pete/2CyNqJa_SsCu7dTRpzKF4g,south-pasadena-florida
https://www.ubereats.com/tampa/food-delivery/trips-diner-seminole/AWL3OQ9LSACW-qHpp0l-bw,south-pasadena-florida
https://www.ubereats.com/tampa/food-delivery/aroy-thai-and-sushi-seminole/Im-SiE_CSBazlsEN_uZzOA,south-pasadena-florida
https://www.ubereats.com/tampa/food-delivery/pete-loves-pies/QmuRkgx2Q2GJyxOIEdKbqA,south-pasadena-florida
https://www.ubereats.com/tampa/food-delivery/buffalo-wild-wings-2938-tyrone-blvd-n/cRjTToqfSHWp3YrqWthjiQ,south-pasadena-florida
https://www.ubereats.com/tampa/food-delivery/mcdonalds-pinellas-park/eLYs7oPTQ_ekmsG6smdvJQ,south-pasadena-florida
https://www.ubereats.com/tampa/food-delivery/harold-seltzers-steakhouse/wJWLWNm4TymxpfrPSZRB5Q,south-pasadena-florida
https://www.ubereats.com/tampa/food-delivery/little-greek-st-pete/nGw6Ku_JQheDqTYvwU5pUA,south-pasadena-florida
https://www.ubereats.com/tampa/food-delivery/gyros-%26-seafood-express-downtown-st-petersburg/C61KbZq6Q62KsPpuUvJuZw,south-pasadena-florida
https://www.ubereats.com/tampa/food-delivery/brass-bowl/LfDlvJpmTAy-gxXEih4Y3w,south-pasadena-florida
https://www.ubereats.com/tampa/food-delivery/wawa-5129-9501-bay-pines-blvd/PccSgiQJQ3y0sseev8VBpg,south-pasadena-florida
https://www.ubereats.com/tampa/food-delivery/sly-bar-midtown-grand-central-district/_58TqGQMSRaeL55awcA8Lg,south-pasadena-florida
https://www.ubereats.com/tampa/food-delivery/mcdonalds-2315-tyrone-blvd/88VOHHv7TCKFjoxVgCnrOg,south-pasadena-florida
https://www.ubereats.com/tampa/food-delivery/the-avenue-eat%2Bdrink/hkzh-zWFTjmxhl_Pl5pyTQ,south-pasadena-florida
https://www.ubereats.com/tampa/food-delivery/proino-breakfast-club-largo-2/8Trea8f9QTOBbNSdL9Xcyw,south-pasadena-florida
https://www.ubereats.com/tampa/food-delivery/bento-asian-kitchen-%2B-sushi-320-3rd-st-south/r4yzx--WTjSoAdH-OcQb1Q,south-pasadena-florida
https://www.ubereats.com/tampa/food-delivery/freshii-seminole-city-centre/dvIKVhH9Twe6ahHyX6fR-Q,south-pasadena-florida
https://www.ubereats.com/tampa/food-delivery/the-brass-tap-st-petersburg/Zwfhwx66RSuvCMBO2szotQ,south-pasadena-florida
https://www.ubereats.com/tampa/food-delivery/five-guys-fl-0197-7056-us-highway-19-n/EGGpvfHLQFmWI8e8wY6j4w,south-pasadena-florida
https://www.ubereats.com/tampa/food-delivery/menchies-frozen-yogurt-11201-park-blvd-n/47-hV5EXRO2451-7GOKbvA,south-pasadena-florida
https://www.ubereats.com/tampa/food-delivery/oyster-shucker-craft-and-draft/bkHEPTuvRySlgI_CMLDDDg,south-pasadena-florida
https://www.ubereats.com/tampa/food-delivery/sila-thai-and-sushi/CU2RpZjPS06bT0BZJBaKzg,south-pasadena-florida
https://www.ubereats.com/tampa/food-delivery/tropical-smoothie-cafe-1201-4th-st-n/QaE5Cd8kRzi4k3wvZRLnxA,south-pasadena-florida
https://www.ubereats.com/tampa/food-delivery/speedos-burritos/a81XIBnFS0Whm8Wn7ATtgg,south-pasadena-florida
https://www.ubereats.com/tampa/food-delivery/bob-evans-158-2410-66th-street-n/ROeRBURESs-61OUXsJghtQ,south-pasadena-florida
https://www.ubereats.com/tampa/food-delivery/bajas-southern-cooking-%26-more/j0KKIQ7MQjuohzlBVRQTaQ,south-pasadena-florida
https://www.ubereats.com/tampa/food-delivery/flatbread-%26-butter/eBlnDs_GTgizh5HqhM5Nlw,south-pasadena-florida
https://www.ubereats.com/tampa/food-delivery/biffburger/wLVFXqvpQK-PKQnzPkM3dQ,south-pasadena-florida
https://www.ubereats.com/tampa/food-delivery/parkside-cafe/wTR00DOgRQiiT4dDwyYH9Q,south-pasadena-florida
https://www.ubereats.com/tampa/food-delivery/dead-bobs/2-ldZfQeQWuPrJJb5GVN6g,south-pasadena-florida
https://www.ubereats.com/tampa/food-delivery/eddies-empanadas/eWlc5JARQ7G_z10H7HB5-g,south-pasadena-florida
https://www.ubereats.com/tampa/food-delivery/nuevo-vallarta/XQ8x-ldbSxKjEoGyUZXXCg,south-pasadena-florida
https://www.ubereats.com/tampa/food-delivery/727-seafood-and-grill/3n7yYC7ZRJe4GENYxb8_SA,south-pasadena-florida
https://www.ubereats.com/tampa/food-delivery/famous-jays-bbq-and-more/CZFxx7eYRgGLjlziex2o1w,south-pasadena-florida
https://www.ubereats.com/tampa/food-delivery/smoothie-king-stpetersburg/rUgIrEz9QeeuMvJPuxoMZg,south-pasadena-florida
https://www.ubereats.com/tampa/food-delivery/bones-pizza-shack/nn7KRXUxRC6rGPlf2Skygw,south-pasadena-florida
https://www.ubereats.com/tampa/food-delivery/applebees-10911-starkey-road/x-rTJMQUQz6sHQgozj5u6A,south-pasadena-florida
https://www.ubereats.com/tampa/food-delivery/dairy-queen-grill-%26-chill-3101-n-66th-st/8cUZzB4NSxeTOkZWyjrLng,south-pasadena-florida
https://www.ubereats.com/tampa/food-delivery/red-mesa-mercado/UIfHWQugSlOSedjYxSjtYQ,south-pasadena-florida
https://www.ubereats.com/tampa/food-delivery/fortunatos-pizza-station/IJz4RIOcSj-J-oUEngxaIA,south-pasadena-florida
https://www.ubereats.com/tampa/food-delivery/panda-express-7000-us-highway-19-n/pRwYg6C1TU-0NbW784EzhQ,south-pasadena-florida
https://www.ubereats.com/tampa/food-delivery/tonys-pizza-st-pete/PFaV72OwSqW6WRQy5i1bPA,south-pasadena-florida
https://www.ubereats.com/tampa/food-delivery/the-galley%3A-a-st-pete-tavern/H33otsf6QRK4BEJHiAEDSQ,south-pasadena-florida
https://www.ubereats.com/tampa/food-delivery/taco-bell-10749-park-blvd/DtOJm36sS6G3ZDPasJYJ5A,south-pasadena-florida
https://www.ubereats.com/tampa/food-delivery/fish-bol/bDbD33xjRkWWNRT1-BWvdg,south-pasadena-florida
https://www.ubereats.com/tampa/food-delivery/habana-cafe-st-petersburg/0WtMUHUYSgGrPJh0H_AmDw,south-pasadena-florida
https://www.ubereats.com/tampa/food-delivery/ikigai-poke-and-sushi/934UUpLYRXKbf8EoLq4Rzw,south-pasadena-florida
https://www.ubereats.com/tampa/food-delivery/charleys-philly-steak-tyrone-square-mall/XWsHQz3PSXG96eC6ySj0Kg,south-pasadena-florida
https://www.ubereats.com/tampa/food-delivery/neptune-grill/ukfIV8m4Q6KfTFnMDPVoOw,south-pasadena-florida
https://www.ubereats.com/tampa/food-delivery/kobe-japanese-steakhouse-%26-sushi-bar-st-pete/6k3VPoxDT-mxU1Df7a3GbQ,south-pasadena-florida
https://www.ubereats.com/tampa/food-delivery/bella-breakfast/O37gFu1uSU2SQo8xXyzUig,south-pasadena-florida
https://www.ubereats.com/tampa/food-delivery/central-melt/yi_Ta06hTlusNjxiNa4EpQ,south-pasadena-florida
https://www.ubereats.com/tampa/food-delivery/stonefire-tavern/uXPYO4V5RNqgukpNcRSPPw,south-pasadena-florida
https://www.ubereats.com/tampa/food-delivery/mcdonalds-1661-4th-st-s/sQFZDagFReu1gjV8JzjAtQ,south-pasadena-florida
https://www.ubereats.com/tampa/food-delivery/subway-10237-bay-pines-blvd/RKkoZ3h3Ta-QQs6PFLP07g,south-pasadena-florida
https://www.ubereats.com/tampa/food-delivery/hungry-howies-pizza-st-petersburg-4690-49th-st-n/rGdW0Vp0QU2igKuze6wG7g,south-pasadena-florida
https://www.ubereats.com/tampa/food-delivery/flippers-pizzeria-st-pete/mwFMgpqsT3a12nsjXRc1gA,south-pasadena-florida
https://www.ubereats.com/tampa/food-delivery/vcibo/aZhB-6cPRxCil9AKGNqhYQ,south-pasadena-florida
https://www.ubereats.com/tampa/food-delivery/circle-k-3400-5th-ave-n/1moAL2EmRGKbUmX94CNb2Q,south-pasadena-florida
https://www.ubereats.com/tampa/food-delivery/citys-bistro-st-petersburg/rfQSIuCiR7eQ3hZaDwFDuw,south-pasadena-florida
https://www.ubereats.com/tampa/food-delivery/the-lure/xyj6dpskTzmdWwQTTqcmjA,south-pasadena-florida
https://www.ubereats.com/tampa/food-delivery/stacies-cottage-cafe/GCNxiVZGRNmeWdjsmdhZVw,south-pasadena-florida
https://www.ubereats.com/tampa/food-delivery/alina-cafe-llc/aVmdcEStQBGCqqljPigmYw,south-pasadena-florida
https://www.ubereats.com/tampa/food-delivery/the-ice-cream-shop/X0Q6Mvc2SfGvrO69eRxD9w,south-pasadena-florida
https://www.ubereats.com/tampa/food-delivery/the-tavern-at-bayboro/hraxfOp0TpiAKWuNuHkcmg,south-pasadena-florida
https://www.ubereats.com/tampa/food-delivery/salty-rim-grill/L4fBSDlBSva3hIKru1iXZA,south-pasadena-florida
https://www.ubereats.com/tampa/food-delivery/hungry-howies-pizza-st-petersburg-34th-st/c_QOVV64SJa3aNU4dtuBHQ,south-pasadena-florida
https://www.ubereats.com/tampa/food-delivery/salems-fresh-eats-18th-ave/7AU8P-IrQzGwJHZUg7DcDA,south-pasadena-florida
https://www.ubereats.com/tampa/food-delivery/zaxbys-ulmerton/_aJVzqvqSqC0PLatt7ANUA,south-pasadena-florida
https://www.ubereats.com/tampa/food-delivery/burgermonger-downtown-st-petersburg/RSssSM_qQSGowYhAogF78w,south-pasadena-florida
https://www.ubereats.com/tampa/food-delivery/berry-boss-acai/wWr5QBAZRby1Tn4S9elv8A,south-pasadena-florida
https://www.ubereats.com/tampa/food-delivery/ihop-4199-34th-st-s/DDJ9Oje6SbCFGuooTGibiQ,south-pasadena-florida
https://www.ubereats.com/tampa/food-delivery/checkers-3501-34th-street-n/LLrpqCmdQD64xgklEAx1zw,south-pasadena-florida
https://www.ubereats.com/tampa/food-delivery/trophy-fish-st-petersburg/KtYHYPpRQG2V38JjnK7oUg,south-pasadena-florida
https://www.ubereats.com/tampa/food-delivery/bay-1-ice-cream-parlor-%26-sandwich-shop/Agirz1B5RcOb_dq93X_fng,south-pasadena-florida
https://www.ubereats.com/tampa/food-delivery/jersey-mikes-subs-1740-4th-st/voIF9TzjTO2NwWdpJrvZQA,south-pasadena-florida
https://www.ubereats.com/tampa/food-delivery/churchs-chicken-3510-central-ave/8PRPGDPEQGCPZP14a44r8A,south-pasadena-florida
https://www.ubereats.com/tampa/food-delivery/fo-cheezy-twisted-melts/dpPrPg5TSkSVNB2bROuJ4A,south-pasadena-florida
https://www.ubereats.com/tampa/food-delivery/fourth-street-shrimp-store/80DcJ6cKQ9uZMP1zbwBmFQ,south-pasadena-florida
https://www.ubereats.com/tampa/food-delivery/chai-mixology/Kqz1lAuKRNyzwaKVCUjQTQ,south-pasadena-florida
https://www.ubereats.com/tampa/food-delivery/thirsty-first/sbiPjqYYSga23NMm6ndwaA,south-pasadena-florida
https://www.ubereats.com/tampa/food-delivery/willys-burgers-%26-booze/361ydMc5Qce-NaCpAaoPYA,south-pasadena-florida
https://www.ubereats.com/tampa/food-delivery/moonlight-boba/fnLIgHkqSUSzDb8_keL23Q,south-pasadena-florida
https://www.ubereats.com/tampa/food-delivery/starbucks-baywalk/93QHrQI-S6GHn92RIu3LPA,south-pasadena-florida
https://www.ubereats.com/tampa/food-delivery/boston-market-7820-113th-street/HaeSfyTwQ1KWhbBqsEthfw,south-pasadena-florida
https://www.ubereats.com/tampa/food-delivery/full-plate-chicken%26-gyros/6VQb4uwwS6msbh8w80DBWg,south-pasadena-florida
https://www.ubereats.com/tampa/food-delivery/copper-clover-pubmadeira-beach/yWacettkRfmrLiHIuQDbzg,south-pasadena-florida
https://www.ubereats.com/tampa/food-delivery/calabash/2rTRAE4TTpyedsM2zKfh9Q,south-pasadena-florida
https://www.ubereats.com/tampa/food-delivery/subway-898-49th-st-n/VNjLpMRcS4qiYTTbFBmi2g,south-pasadena-florida
https://www.ubereats.com/tampa/food-delivery/bollywood-aroma-vegan-indian/crZHXLVHQLKgK8P18ID39w,south-pasadena-florida
https://www.ubereats.com/tampa/food-delivery/buoys-waterfront-bar-and-grill/SKmEnbvJSlaQt5bknDcrzA,south-pasadena-florida
https://www.ubereats.com/tampa/food-delivery/nori-thai/Il8C1qEsT_CHLssVgZdAuw,south-pasadena-florida
https://www.ubereats.com/tampa/food-delivery/applebees-4700-4th-street-north/c_mmgLhdRY-KPjkSrA9ylQ,south-pasadena-florida
https://www.ubereats.com/tampa/food-delivery/brunos-bakery-cafe/8xe1AAqSS9W612AKDb95_Q,south-pasadena-florida
https://www.ubereats.com/tampa/food-delivery/giannis-ny-pizza-st-petersburg/sAcOn9zjS8as2X__SsJIqg,south-pasadena-florida
https://www.ubereats.com/tampa/food-delivery/italian-touch-tyrone/1zR-j5bZROaZMPHrvuTFRw,south-pasadena-florida
https://www.ubereats.com/tampa/food-delivery/pacific-counter/-5vqiX2iQry1dc4z4h2kFw,south-pasadena-florida
https://www.ubereats.com/tampa/food-delivery/wendys-336-15th-avenue-s/dL5N5VnLSYit-qnEqFh-oQ,south-pasadena-florida
https://www.ubereats.com/tampa/food-delivery/screwie-louies/uentXYhYSaqXCVW4szhYyw,south-pasadena-florida
https://www.ubereats.com/tampa/food-delivery/largo-family-diner/_NXWJK9TRxSQl4a4hoQ5xQ,south-pasadena-florida
https://www.ubereats.com/tampa/food-delivery/metro-diner-st-pete/Sq7hNJ9vQdedIReJmzslvA,south-pasadena-florida
https://www.ubereats.com/tampa/food-delivery/ihop-4671-park-boulevard/MEM5_rK2Rc6zcYkqevMuqQ,south-pasadena-florida
https://www.ubereats.com/tampa/food-delivery/nitallys-thaimex-mlk/ZU-hIp-IQjqldnWIR5vDnw,south-pasadena-florida
https://www.ubereats.com/tampa/food-delivery/coquina-key-pizza-and-subs/3AMqOIWLT4e9LW78BKgFfQ,south-pasadena-florida
https://www.ubereats.com/tampa/food-delivery/subway-4690-park-blvd/VByRNseCSt-HIMSfxskTzQ,south-pasadena-florida
https://www.ubereats.com/tampa/food-delivery/hardees-3795-34th-st-n/DwXmNKQ2R1yWCJP_IV-gKA,south-pasadena-florida
https://www.ubereats.com/tampa/food-delivery/mad-beach-craft-brewing-company/4kPK4bcqTKa8PA-XHZ-o1w,south-pasadena-florida
https://www.ubereats.com/tampa/food-delivery/rumfish-grill/mDN4fhfaRo-OIxfTVFV6HQ,south-pasadena-florida
https://www.ubereats.com/tampa/food-delivery/wiener-beach/_0cJC6VCST6jFnCvRX31Vg,south-pasadena-florida
https://www.ubereats.com/tampa/food-delivery/mamas-kitchen-seminole/PuI92i_ASnGTcqvZm9940g,south-pasadena-florida
https://www.ubereats.com/tampa/food-delivery/feolas-italian-ristorante/9Jo74Yd1QZqr63ldqfEAPw,south-pasadena-florida
https://www.ubereats.com/tampa/food-delivery/fabrica-pizza/1DCuwOXjSMO6cYVOOhvlPw,south-pasadena-florida
https://www.ubereats.com/tampa/food-delivery/mcdonalds-66th-street/NWKQOxxAQryNWq1yV-cKig,south-pasadena-florida
https://www.ubereats.com/tampa/food-delivery/la-gloria-colombian-restaurant/1rLIjSBoQuWea2YfcPc_9g,south-pasadena-florida
https://www.ubereats.com/tampa/food-delivery/quaker-steak-%26-lube-10400-49th-st/xEe77qP1S3OL-QDdEGvoUQ,south-pasadena-florida
https://www.ubereats.com/tampa/food-delivery/macdintons-st-pete/RckWYZSpSa-cb96Xb_9trA,south-pasadena-florida
https://www.ubereats.com/tampa/food-delivery/outback-steakhouse-7885-113th-street/bIjW3Ky4R2u_s3zPtxHNgQ,south-pasadena-florida
https://www.ubereats.com/tampa/food-delivery/noble-crust/0gTEyWQ_SiWQAdmbgWzS1w,south-pasadena-florida
https://www.ubereats.com/tampa/food-delivery/pdq-st-pete/AdDxHU4JRT68Eo8ZyTKTmg,south-pasadena-florida
https://www.ubereats.com/tampa/food-delivery/hong-kong/HTamjsnBSqmcdKwyLB-ysg,south-pasadena-florida
https://www.ubereats.com/tampa/food-delivery/pdq-seminole/-duVS0nyTuuQ5iccD90B8w,south-pasadena-florida
https://www.ubereats.com/tampa/food-delivery/mity-nice-cafe/xq-8joyYROii_yH65-veZQ,south-pasadena-florida
https://www.ubereats.com/tampa/food-delivery/subway-4193-34th-st-s-us-hwy-19/8Qx4D00KRq2vbuZoG5_5AQ,south-pasadena-florida
https://www.ubereats.com/tampa/food-delivery/valhalla-bakery/KbMfGlqmR62pgUpjx3gV_g,south-pasadena-florida
https://www.ubereats.com/tampa/food-delivery/dunkin-8490-park-blvd/3m_69E0hTmuFuJo7sOmepQ,south-pasadena-florida
https://www.ubereats.com/tampa/food-delivery/fortunato-italian-restaurant/8nfOK_woTmyL9tVvyfsZlw,south-pasadena-florida
https://www.ubereats.com/tampa/food-delivery/kenwood-kitchen/GRaSPF1iSPq3YRIuzZwlqA,south-pasadena-florida
https://www.ubereats.com/tampa/food-delivery/azalea-sandwich-and-salads/hDxPgh-lTU-LDS8thAxbKA,south-pasadena-florida
https://www.ubereats.com/tampa/food-delivery/carmelitas-mexican-restaurant-pinellas-park/vGx0ofccRna3vXTx5_BPrg,south-pasadena-florida
https://www.ubereats.com/tampa/food-delivery/panda-express-11167-park-blvdste-a/LLfu9qdkQH-raCrqPr-3Gg,south-pasadena-florida
https://www.ubereats.com/tampa/food-delivery/fords-garage-st-petersburg/WpPkNAcDToe8d-b6rSw65Q,south-pasadena-florida
https://www.ubereats.com/tampa/food-delivery/johnnys-central-kava-bar/8FX9rUzUTAi8A9Y7-Nw9iA,south-pasadena-florida
https://www.ubereats.com/tampa/food-delivery/the-oyster-bar/F9nBQt91RrOLvVB98iieQg,south-pasadena-florida
https://www.ubereats.com/tampa/food-delivery/burger-king-4570-34th-street-south/Z46sS77MRGSwiQCaTIkzZA,south-pasadena-florida
https://www.ubereats.com/tampa/food-delivery/senor-taco/8XGPS-rgQkm5rh88LB9oDQ,south-pasadena-florida
https://www.ubereats.com/tampa/food-delivery/deli-house/cIMC5zEpSYmY5EhHH644yw,south-pasadena-florida
https://www.ubereats.com/tampa/food-delivery/sids-caribbean-grill-midtown-grand-central-district/2Jy-L_aOSB2-LQxTx8Jh9g,south-pasadena-florida
https://www.ubereats.com/tampa/food-delivery/aroy-keri-noodle/94vM4EDpRDyI8Gxi4kal9A,south-pasadena-florida
https://www.ubereats.com/tampa/food-delivery/central-pizza/xNnTO-5dSsmHPa3Vc57S9A,south-pasadena-florida
https://www.ubereats.com/tampa/food-delivery/azucar-lounge-inc/xB3FN9KDRNiVfu4OHtMdBQ,south-pasadena-florida
https://www.ubereats.com/tampa/food-delivery/lotus-vegetarian-restaurant-pinellas-park/h4izgJ7OTvei46tngubVoA,south-pasadena-florida
https://www.ubereats.com/tampa/food-delivery/great-wall-kitchen-st-petersburg/yiJwCtsBQKSLDM2x7HsT7w,south-pasadena-florida
https://www.ubereats.com/tampa/food-delivery/village-inn/gpqiXS1pQVC9qNPPz9pHsg,south-pasadena-florida
https://www.ubereats.com/tampa/food-delivery/crafty-crab-st-pete/_coZzdnSRpC_TdpbOFcIeg,south-pasadena-florida
https://www.ubereats.com/tampa/food-delivery/red-mesa-cantina-downtown-st-petersburg/X2LUfYXpR-aqQyOs4sY30Q,south-pasadena-florida
https://www.ubereats.com/tampa/food-delivery/rawk-star-cafe/dixdVNRkSbWajaDEui3iSQ,south-pasadena-florida
https://www.ubereats.com/tampa/food-delivery/kao-thai-kitchen/PPkr6MDuRMOMfmom9Zd34g,south-pasadena-florida
https://www.ubereats.com/tampa/food-delivery/taste-of-the-islands-restaurant/9h_pNRlWQGiRUvlKxrY1OQ,south-pasadena-florida
https://www.ubereats.com/tampa/food-delivery/copa/dear2QGDTQerDq3pgKEkZQ,south-pasadena-florida
https://www.ubereats.com/tampa/food-delivery/wawa-5125-6200-n-34th-st/DecB77VfSO2DA6EYSMXe4w,south-pasadena-florida
https://www.ubereats.com/tampa/food-delivery/tikanis-madeira-redington/1Wd51S1wTnu7IR8bHAxKYg,south-pasadena-florida
https://www.ubereats.com/tampa/food-delivery/caddys-st-pete-beach/DIU2OsQoTOul9JftE_gh9A,south-pasadena-florida
https://www.ubereats.com/tampa/food-delivery/pollo-tropical-3900-park-blvd/TTX-niVGRwSnk1V00ttcUg,south-pasadena-florida
https://www.ubereats.com/tampa/food-delivery/arbys-571-34th-st-n/zBozHG45TwOkDkIMYxa1LQ,south-pasadena-florida
https://www.ubereats.com/tampa/food-delivery/dunkin-5602-gulfport-blvd-s/rqBhuzxWQ-SdaLRVZpKr7g,south-pasadena-florida
https://www.ubereats.com/tampa/food-delivery/mcdonalds-102nd-avenue/mLUexOFNR9Oriyad5JAosw,south-pasadena-florida
https://www.ubereats.com/tampa/food-delivery/wawa-5241-5901-9th-ave-n/CTdqvhDQToWxjXS7a6Ksjg,south-pasadena-florida
https://www.ubereats.com/tampa/food-delivery/willie-jewells-old-school-bar-b-q-seminole/yUWZAWHlTWizTiBT6LQ7qQ,south-pasadena-florida
https://www.ubereats.com/tampa/food-delivery/caddys-gulf-port/dJxlJFOkRXylte_W5ZRWaQ,south-pasadena-florida
https://www.ubereats.com/tampa/food-delivery/larrys-ice-cream-gelato-%26-mini-donuts/fcOJTRIGQ1mozQbbanvBqg,south-pasadena-florida
https://www.ubereats.com/tampa/food-delivery/the-wooden-rooster-downtown-st-petersburg/8r4ED9EpR0O6mzTk1Te2kg,south-pasadena-florida
https://www.ubereats.com/tampa/food-delivery/ciccio-cali-st-petersburg/GgCALmneTHiIDuwX-oV8SQ,south-pasadena-florida
https://www.ubereats.com/tampa/food-delivery/smiley-thai-to-go/rB1qBR-7TXu6-cHb4LhP_A,south-pasadena-florida
https://www.ubereats.com/tampa/food-delivery/westshore-pizza-2824-54th-ave-s/vw4aJPO0RWmhSz9HUtp9yQ,south-pasadena-florida
https://www.ubereats.com/tampa/food-delivery/casual-clam/x3KSa2taRgG93UJw0wuvag,south-pasadena-florida
https://www.ubereats.com/tampa/food-delivery/moes-southwest-grill-11140-starkey-road/bGB9oAEqRZSs1Oki6tFgSQ,south-pasadena-florida
https://www.ubereats.com/tampa/food-delivery/asian-wok-st-petersburg/JE3XSzzbRgKiI7D7wvI7aQ,south-pasadena-florida
https://www.ubereats.com/tampa/food-delivery/kogi-grill/v49kWDZKSUu43G1avY29FA,south-pasadena-florida
https://www.ubereats.com/tampa/food-delivery/grand-hacienda-st-pete-beach/b4U8pcaOTUaCAvJv-VkUpg,south-pasadena-florida
https://www.ubereats.com/tampa/food-delivery/cracker-barrel-old-country-store-2151-54th-avenue-north/NPJnXWXnTRa5v8rVMIlo-A,south-pasadena-florida
https://www.ubereats.com/tampa/food-delivery/cassis-american-brasserie-downtown-st-petersburg/YPo3kS5-QOeA6jHeEnhZ5g,south-pasadena-florida
https://www.ubereats.com/tampa/food-delivery/burger-king-6760-22nd-ave-north/SiWuA8ySRUepazQRn6FHTw,south-pasadena-florida
https://www.ubereats.com/tampa/food-delivery/kfc-6595-park-boulevard/MEGSfXb-QKewiarPZ2cabw,south-pasadena-florida
https://www.ubereats.com/tampa/food-delivery/buffalo-wild-wings-4075-park-blvd-n/gJ9d-rqySbyqoiSodG6nHA,south-pasadena-florida
https://www.ubereats.com/tampa/food-delivery/la-gloria-colombian-restaurant/dxKNfEPRQYCHlofn-z-ABg,south-pasadena-florida
https://www.ubereats.com/tampa/food-delivery/cicis/UHvlvf6cRHSNX6FLSXcR6Q,south-pasadena-florida
https://www.ubereats.com/tampa/food-delivery/punkys-bar-%26-grill/p2g7I6u1T4Gl7FE27OBQ-A,south-pasadena-florida
https://www.ubereats.com/tampa/food-delivery/caddys-on-the-beach-st-pete-beach/wWJF_egITtGZKzSfUcH2Rw,south-pasadena-florida
https://www.ubereats.com/tampa/food-delivery/bubba-gump-shrimp-co-185-boardwalk-place-west/L2HVk_-hRpe4Etxdvs0WDg,south-pasadena-florida
https://www.ubereats.com/tampa/food-delivery/frescos-waterfront-bistro/2P9pZeA2TvS0OhwGNbgXmQ,south-pasadena-florida
https://www.ubereats.com/tampa/food-delivery/subway-3135-34th-st-n/Na0BtrnPSw-Q7u9kfjZ1xA,south-pasadena-florida
https://www.ubereats.com/tampa/food-delivery/bavaros-pizza-napoletana-%26-pastaria-st-pete/lBm0mUYWTx6f35ugcInppQ,south-pasadena-florida
https://www.ubereats.com/tampa/food-delivery/mamas-famous-pizza-largo/vCNQvNtiRVGdfzJZq8X4tg,south-pasadena-florida
https://www.ubereats.com/tampa/food-delivery/sonic-7725-49th-street-north/MUgnBATJRjGgVaj1aeNGGg,south-pasadena-florida
https://www.ubereats.com/tampa/food-delivery/alma-llanera-venezuelan-food-pinellas-park/b_1Lk5Q9TCqoSogaKuvWJA,south-pasadena-florida
https://www.ubereats.com/tampa/food-delivery/seminole-subs-%26-gyros-largo/_HNp0vOnRkCltqudd1R1BA,south-pasadena-florida
https://www.ubereats.com/tampa/food-delivery/dr-bbq/yoJnMw1xQjGTsfvF-bdqEQ,south-pasadena-florida
https://www.ubereats.com/tampa/food-delivery/taco-bell-2028-66th-st/TfYtA6xhQqmnLUbn1O5M_A,south-pasadena-florida
https://www.ubereats.com/tampa/food-delivery/latin-bowl-restaurant/ybI4aAxGT4ShsFmgwZbLJw,south-pasadena-florida
https://www.ubereats.com/tampa/food-delivery/hawkers-asian-street-fare-st-pete/7IfosxrpS6O99cDc-OdKzw,south-pasadena-florida
https://www.ubereats.com/tampa/food-delivery/village-inn-10155-bay-pines-blvd/EyM5jl56T5yYwEi14_Eqwg,south-pasadena-florida
https://www.ubereats.com/tampa/food-delivery/renzos-st-pete/qXcfCUagTKyjnqdQLm2xTA,south-pasadena-florida
https://www.ubereats.com/tampa/food-delivery/phila-deli/9iB5dMQWSoys3TmvcKR5Ug,south-pasadena-florida
https://www.ubereats.com/tampa/food-delivery/ice-%26-cream-johns-pass/D_4ft6fLRaq2Fqg_YjoxNg,south-pasadena-florida
https://www.ubereats.com/tampa/food-delivery/caramba/kRjTrMq8TS6_sDKTN_hoyA,south-pasadena-florida
https://www.ubereats.com/tampa/food-delivery/chipotle-mexican-grill-780-4th-st-n/yQvgQxVSTIu1jNBBPBCZQw,south-pasadena-florida
https://www.ubereats.com/tampa/food-delivery/bangkok-street-food/xuqoUCyqS22smXS0ihVL0w,south-pasadena-florida
https://www.ubereats.com/tampa/food-delivery/cedars-grill-st-petersburg/hS-G_WOTQBKCGyEkhxLCXw,south-pasadena-florida
https://www.ubereats.com/tampa/food-delivery/top-slice/PNDmKg8HSVyks5AxnlspmA,south-pasadena-florida
https://www.ubereats.com/tampa/food-delivery/busy-bee-snak-shop/2WD4vhvkRCaqGiDJcQCUrw,south-pasadena-florida
https://www.ubereats.com/tampa/food-delivery/mcdonalds-5111-gulfport-blvd/zKgHJIg7SyOzwUA13o3rzg,south-pasadena-florida
https://www.ubereats.com/tampa/food-delivery/starbucks-park-%26-belcher/BF1h4DjgQ4G_LykTQPOsnA,south-pasadena-florida
https://www.ubereats.com/tampa/food-delivery/dooriban-korean-restaurant/0ErjvOgtQsGt2dYUR5j7gw,south-pasadena-florida
https://www.ubereats.com/tampa/food-delivery/beach-bites-%26-burgers/1XoEJ8IYSryeU6okEPkIJw,south-pasadena-florida
https://www.ubereats.com/tampa/food-delivery/soup-n-greens-st-pete/FU9Rl-hKRiGBdWkirXsXdQ,south-pasadena-florida
https://www.ubereats.com/tampa/food-delivery/benedicts-pinellas-park/XGLey_TUQFKc5DVyYkkcBg,south-pasadena-florida
https://www.ubereats.com/tampa/food-delivery/omaddys-bar-%26-grille/PzWn3Y5GQGySftw8pp1fzA,south-pasadena-florida
https://www.ubereats.com/tampa/food-delivery/da-sesto-italian-restaurant/7slkTUhkTQOGe4e16t3Ttg,south-pasadena-florida
https://www.ubereats.com/tampa/food-delivery/burger-king-3554-central-avenue/G1a5Hjq6THmKcZU821gdEA,south-pasadena-florida
https://www.ubereats.com/tampa/food-delivery/sea-critters-cafe/DiBNJlezRH6J9BW7kNj0pw,south-pasadena-florida
https://www.ubereats.com/tampa/food-delivery/first-watch-4th-street/Nm0mXnN5SSWgglffgOvsUw,south-pasadena-florida
https://www.ubereats.com/tampa/food-delivery/st-pete-bagel-co-4th-st/VrHHAhWMS9OiyEt6Nzn2SA,south-pasadena-florida
https://www.ubereats.com/tampa/food-delivery/beach-snoballs/I0rq42wyQ5WB7STj9ZlDgg,south-pasadena-florida
https://www.ubereats.com/tampa/food-delivery/thai-am-restaurant/v25HXj6SQr6NYe7EZetgxA,south-pasadena-florida
https://www.ubereats.com/tampa/food-delivery/wingin-it/ZGyAZgrhQ92gzijqQfh_OQ,south-pasadena-florida
https://www.ubereats.com/tampa/food-delivery/nueva-cantina/XS0GEtWZTqW0uqST16EpRQ,south-pasadena-florida
https://www.ubereats.com/tampa/food-delivery/bula-kafe/YyW4qFX8SCmeLkPksoBXPA,south-pasadena-florida
https://www.ubereats.com/tampa/food-delivery/applebees-2901-66th-street-north/ROCdFp2CQzmzD_PzTw0m4A,south-pasadena-florida
https://www.ubereats.com/tampa/food-delivery/jersey-mikes-roosevelt-blvd-n-%26-102nd-ave-n/KxjVTtKNSAOxOcSwUqLNhg,south-pasadena-florida
https://www.ubereats.com/tampa/food-delivery/hoots-at-jannus-live/ISE4mhcRSaeamO2--TLBpQ,south-pasadena-florida
https://www.ubereats.com/tampa/food-delivery/hungry-howies-pizza-seminole-6989-seminole-blvd/ouSGy516SRuoze-jB_JK_Q,south-pasadena-florida
https://www.ubereats.com/tampa/food-delivery/rollbotto-sushi/Z5_wBnvURpqHE0ZB9WaSYQ,south-pasadena-florida
https://www.ubereats.com/tampa/food-delivery/sea-dog-brewpub-ti-lcc/Gbn3zZkCQmCtmb3nhRLbTw,south-pasadena-florida
https://www.ubereats.com/tampa/food-delivery/old-key-west-bar-%26-grill-midtown-grand-central-district/Ufpe-aKCReG_4wb53khdBw,south-pasadena-florida
https://www.ubereats.com/tampa/food-delivery/subway-7099-66th-st-n/o1Y7jo6hQBaq5oSFKIexlw,south-pasadena-florida
https://www.ubereats.com/tampa/food-delivery/edo-japanese-steakhouse-tyrone/qXWAOg24TaihWWFnvwHDXg,south-pasadena-florida
https://www.ubereats.com/tampa/food-delivery/chipotle-mexican-grill-1418-66th-st-n/6pqn17p5QG-4cvy3s4evRg,south-pasadena-florida
https://www.ubereats.com/tampa/food-delivery/subway-5901-sun-blvd/cYsQPNqHQ9Sl5zFSAtpy9A,south-pasadena-florida
https://www.ubereats.com/tampa/food-delivery/chill-restaurant-%26-bar-st-pete-beach/xYkzSZbDT7OmZsSdwejmlg,south-pasadena-florida
https://www.ubereats.com/tampa/food-delivery/dunkin-3934-49th-st-n/co7uY9KQSWGI2PAMZ_KPjw,south-pasadena-florida
https://www.ubereats.com/tampa/food-delivery/aroy-raw-bar/InR8LYWuRRenN84eTYuySw,south-pasadena-florida
https://www.ubereats.com/tampa/food-delivery/pieology-pizzeria-11165-park-blvd/e6CqLKjfTpKObbNhcC9v7g,south-pasadena-florida
https://www.ubereats.com/tampa/food-delivery/circle-k-5756-central-ave/lmsFrpR2S9iaTez6kdHzQA,south-pasadena-florida
https://www.ubereats.com/tampa/food-delivery/mcdonalds-starkey/l-UgCRHSSWWmczmQxjm2Ig,south-pasadena-florida
https://www.ubereats.com/tampa/food-delivery/a-taste-for-wine/Y9ht0x5ZR_SexRrd62EEvw,south-pasadena-florida
https://www.ubereats.com/tampa/food-delivery/dixies-dog-house-treasure-island/_HbQ-WJaTzS2WSHzGcOk8Q,south-pasadena-florida
https://www.ubereats.com/tampa/food-delivery/st-pete-burger-co/4O2pZAriS16LK4MUdcC0OQ,south-pasadena-florida
https://www.ubereats.com/tampa/food-delivery/wawa-5159-2465-22nd-avenue-north/jc2GmaI7QQG_7ZbGwuCfkQ,south-pasadena-florida
https://www.ubereats.com/tampa/food-delivery/terra-mar-brazilian-steakhouse/zZfkYyNcSU-wdTzzwwVSTw,south-pasadena-florida
https://www.ubereats.com/tampa/food-delivery/chili-verde-restaurant-34th-street-south/SB0VF-AtTrCpRheimgb35w,south-pasadena-florida
https://www.ubereats.com/tampa/food-delivery/pizza-%40tyrone-square/xYSdKZW-SEK4U5mNQoLEMQ,south-pasadena-florida
https://www.ubereats.com/tampa/food-delivery/4th-street-kava-house/ZzKi_n4BT--UomcefM3ohA,south-pasadena-florida
https://www.ubereats.com/tampa/food-delivery/burgerfi-seminole/q9xu5IR8QYut4-PxxkQBOQ,south-pasadena-florida
https://www.ubereats.com/tampa/food-delivery/paisanos-pizza-n-pasta/B7AfAL2zT7GoiGMqc-By7w,south-pasadena-florida
https://www.ubereats.com/tampa/food-delivery/first-watch-tyrone-xing/ps-AqqbASBWhi4D1NRZCeA,south-pasadena-florida
https://www.ubereats.com/tampa/food-delivery/deanos-beach-kitchen/xI1xs_lmRLKdreA7k18AJw,south-pasadena-florida
https://www.ubereats.com/tampa/food-delivery/the-silver-spoon-diner/k18vPljCRoiCwT_8SUggQA,south-pasadena-florida
https://www.ubereats.com/tampa/food-delivery/sweet-stack-shack/mvpzMZQAS-mJpuusXjJ5hQ,south-pasadena-florida
https://www.ubereats.com/tampa/food-delivery/evosfeel-great-food!-st-petersburg/Tf4k33ZrSXyPe2HzHlIpwQ,south-pasadena-florida
https://www.ubereats.com/tampa/food-delivery/sweet-tea-celebrations/dqZj6ECuTUCyz7Qi3egCdg,south-pasadena-florida
https://www.ubereats.com/tampa/food-delivery/mary-margarets-olde-irish-tavern/pwSMWsEFReCvB_zaPLmjIA,south-pasadena-florida
https://www.ubereats.com/tampa/food-delivery/st-pete-bagel-co-kenneth-city/gNcxfTeLSX6ItV2AaJgd5w,south-pasadena-florida
https://www.ubereats.com/tampa/food-delivery/mad-hatters-tea-bar-st-petersburg/ZPUx3uZTQxKJKfUwKzmkow,south-pasadena-florida
https://www.ubereats.com/tampa/food-delivery/7001-bonefish-grill-5062-4th-st-n/mU3blvhURyCg7tLuB_yxPA,south-pasadena-florida
https://www.ubereats.com/tampa/food-delivery/dunkin-8650-49th-st-n/_rfBVmFiQOmwsGOTbjWqjw,south-pasadena-florida
https://www.ubereats.com/tampa/food-delivery/smokin-sandwiches/y9AEM3IiT9yFV0pB5d_TbA,south-pasadena-florida
https://www.ubereats.com/tampa/food-delivery/chicks-chicken-shack/D0qVkNiMQvWkt2rJWTT3aA,south-pasadena-florida
https://www.ubereats.com/tampa/food-delivery/burger-king-3701-34th-street-north/z_fZ7Z-DR4OYxLHOJz0HZA,south-pasadena-florida
https://www.ubereats.com/tampa/food-delivery/soho-juice-company-st-petersburg/dP3t1uC3Q-STBgqqEX8brw,south-pasadena-florida
https://www.ubereats.com/tampa/food-delivery/oh-greek/u7Vmwv4LQe2PzVeuD0BEmA,south-pasadena-florida
https://www.ubereats.com/tampa/food-delivery/buona-ristorante/Pw_Sw87hQ_WJAWVzwI93pw,south-pasadena-florida
https://www.ubereats.com/tampa/food-delivery/le-macaron-french-pastries-st-petersburg/eADnnrcWR1ut-HTqtllI6g,south-pasadena-florida
https://www.ubereats.com/tampa/food-delivery/tuttorosso-pizzeria-napoletana/_BiWYwF0StiMvcHCjdBbpA,south-pasadena-florida
https://www.ubereats.com/tampa/food-delivery/smokin-burger/mnqOgwNERRSePi84VPoM5Q,south-pasadena-florida
https://www.ubereats.com/tampa/food-delivery/convenient-food-mart/xsiYBSKQTMKgEEVwM2LF2g,south-pasadena-florida
https://www.ubereats.com/tampa/food-delivery/bangkok-clearwater/7yLU49A-S2SeRGplcsOBaQ,south-pasadena-florida
https://www.ubereats.com/tampa/food-delivery/mcdonalds-49th-street/MV4wxVDGQDOqH-WjXLJSvg,south-pasadena-florida
https://www.ubereats.com/tampa/food-delivery/kao-thai-street-food/pQXMyL1WTj-U4qERCn0uBA,south-pasadena-florida
https://www.ubereats.com/tampa/food-delivery/better-byrd/R4yj5bvnShKOBaYcLnkuCw,south-pasadena-florida
https://www.ubereats.com/tampa/food-delivery/mr-sushi/n9nCfIpgQfO2RXUDZBIuzg,south-pasadena-florida
https://www.ubereats.com/tampa/food-delivery/gratzzi-italian-grille-downtown-st-petersburg/Pq9NFv_GS_60Z7FvLcHIww,south-pasadena-florida
https://www.ubereats.com/tampa/food-delivery/aroy-pad-thai/WrG1q-LsRfCsT3wtrx1RLQ,south-pasadena-florida
https://www.ubereats.com/tampa/food-delivery/westshore-pizza/E8xiWJAcQ--_ib1psDaLZg,south-pasadena-florida
https://www.ubereats.com/tampa/food-delivery/jersey-mikes-subs-seminole-11167-park-blvd-n/_DNbaSaKTWyAeugNmBWb1w,south-pasadena-florida
https://www.ubereats.com/tampa/food-delivery/dunkin-1100-tyrone-blvd-n/WmOg0-VeRmGKh58zX52BJA,south-pasadena-florida
https://www.ubereats.com/tampa/food-delivery/the-drunken-clam-st-pete-beach/DXtEqqOXQceZg7W4ReTUgQ,south-pasadena-florida
https://www.ubereats.com/tampa/food-delivery/taste-of-the-islands-restaurant-%26-grill-st-petersburg/eQO7DRxMTfGWDAtRpOzQ8Q,south-pasadena-florida
https://www.ubereats.com/tampa/food-delivery/te-nona-delicatus/me4YmsSQRoKgA0bCekjIFw,south-pasadena-florida
https://www.ubereats.com/tampa/food-delivery/dunkin-3850-34th-st-s/7YP9fc2cSNeEe2ra4LnVTQ,south-pasadena-florida
https://www.ubereats.com/tampa/food-delivery/ha-long-bay-st-petersburg/ow_Qws8bQXaKh0knkNrMNQ,south-pasadena-florida
https://www.ubereats.com/tampa/food-delivery/the-mill-restaurant-downtown-st-petersburg/xc3GveHLQai6rDLDv565vQ,south-pasadena-florida
https://www.ubereats.com/tampa/food-delivery/auntie-annes-at-tyrone-square-16946-tyrone-square/0-J-IuIYRcOjF9hlZ9wh2A,south-pasadena-florida
https://www.ubereats.com/tampa/food-delivery/dunkin-1200-pasadena-ave-s/0lLH8l4GSe-ZJP9jP41oJg,south-pasadena-florida
https://www.ubereats.com/tampa/food-delivery/applebees-4000-park-blvd/BQMMj1T3RJectg8vs0FQQA,south-pasadena-florida
https://www.ubereats.com/tampa/food-delivery/parkshore-grill/cSyAfHrDTxqW9sE-roQ0Kw,south-pasadena-florida
https://www.ubereats.com/tampa/food-delivery/zaytoon-grill-st-petersburg/sEFVWeS9QQuISPPlIaVBLQ,south-pasadena-florida
https://www.ubereats.com/tampa/food-delivery/pipos-cuban-cafe-bay-pines/XwlFNRWGRDqk3sa6yLqZCA,south-pasadena-florida
https://www.ubereats.com/tampa/food-delivery/la-v/9h-M3U19QSSb2d6GBgjAIw,south-pasadena-florida
https://www.ubereats.com/tampa/food-delivery/custom-cafe-and-catering/3YynJ4CwQ9qTLIdEFuJK8g,south-pasadena-florida
https://www.ubereats.com/tampa/food-delivery/seabreeze-family-restaurant/B3WKQ62QQ3aDkuPEoHYGRw,south-pasadena-florida
https://www.ubereats.com/tampa/food-delivery/grumpy-gringo/sFJSLcGaQXW_z4tN0f0dKw,south-pasadena-florida
https://www.ubereats.com/tampa/food-delivery/stillwaters-tavern/bNFvTkjQTdG5Jt4yHtnzXw,south-pasadena-florida
https://www.ubereats.com/tampa/food-delivery/pho-quyen-vietnamese-restaurant-pinellas-park-fl/tIa9m2aqRlqXDtyRsYGAUA,south-pasadena-florida
https://www.ubereats.com/tampa/food-delivery/hao-wah-chinese-restaurant-pinellas-park/Irn3ya5jRMqG5tUumCpWbA,south-pasadena-florida
https://www.ubereats.com/tampa/food-delivery/taco-bell-4703-66th-street-north/d0DY_0LXQiKLn0UcFnXsBA,south-pasadena-florida
https://www.ubereats.com/tampa/food-delivery/toss-salads-%26-wraps/jGxaiME3T0aHDjI2piPe8A,south-pasadena-florida
https://www.ubereats.com/tampa/food-delivery/the-pizza-joint-49th-street-north/pdyl6av-TVeK8JglkUcrCw,south-pasadena-florida
https://www.ubereats.com/tampa/food-delivery/maple-street-biscuit-company-seminole/6MKjK2jTTMiLr5SxoNFB7Q,south-pasadena-florida
https://www.ubereats.com/tampa/food-delivery/glory-days-grill-tyrone/zI3a-Sw3RCGBIKDWchRHbw,south-pasadena-florida
https://www.ubereats.com/tampa/food-delivery/fresh-factory/R8ejhGY3Qki4zpcRe9s8CQ,south-pasadena-florida
https://www.ubereats.com/tampa/food-delivery/subway-3431-b-49th-st-n/TVjVgnFYQ521eMjOA3dWwA,south-pasadena-florida
https://www.ubereats.com/tampa/food-delivery/sandbar-bills-bar-%26-grille/krn6VLMCQGa3Ec8Mtx4zuQ,south-pasadena-florida
https://www.ubereats.com/tampa/food-delivery/starbucks-central-ave-%26-66th-st/WsVmhxApRDu-sqaPSYPTzQ,south-pasadena-florida
https://www.ubereats.com/tampa/food-delivery/gyro-city-and-seafood/E65W-2MbQNKs5yTwPATQ6A,south-pasadena-florida
https://www.ubereats.com/tampa/food-delivery/wendys-10751-park-blvd/sy1P1QSeQkGjwDrHnTxkEQ,south-pasadena-florida
https://www.ubereats.com/tampa/food-delivery/poke-falls/j3w2fOlcSz6KFuxN3FCT9g,south-pasadena-florida
https://www.ubereats.com/tampa/food-delivery/annex-400-beach/eafr4h7bQEyEJ0YM_o0jGw,south-pasadena-florida
https://www.ubereats.com/tampa/food-delivery/pipos-22nd-street/DQ8HbMqWR9OjWTK4yZqO8w,south-pasadena-florida
https://www.ubereats.com/tampa/food-delivery/bombwich-ordermark/7qew-xHzRICSWiyhqcZyeQ,south-pasadena-florida
https://www.ubereats.com/tampa/food-delivery/red-mesa-restaurant-st-petersburg/91nBhpNMQoGzwsbdWw8YoA,south-pasadena-florida
https://www.ubereats.com/tampa/food-delivery/churchs-chicken-2195-34th-street-s/zNJynNS9Rn2YkxandQVjbQ,south-pasadena-florida
https://www.ubereats.com/tampa/food-delivery/krispy-krabs/qJ4_Qj7bQYa1RosrGAB9Qw,south-pasadena-florida
https://www.ubereats.com/tampa/food-delivery/honey-baked-ham-7221-us-hwy-19/MlRYNux0R-O_O6urIxh4Rg,south-pasadena-florida
https://www.ubereats.com/tampa/food-delivery/three-birds-tavern/aGR_zXmqT32N-H5u84vQ-w,south-pasadena-florida
https://www.ubereats.com/tampa/food-delivery/the-floridian-cuban-sandwiches-treasure-island/jfEIast0Q2KZ9hUZQAdodQ,south-pasadena-florida
https://www.ubereats.com/tampa/food-delivery/hooters-4th-st-n-%26-41st-ave-n/Yk76ETPyQr211lY5GDY22A,south-pasadena-florida
https://www.ubereats.com/tampa/food-delivery/italy-bottega/Zjf9e6UnRDWYvxFcB0Ua4A,south-pasadena-florida
https://www.ubereats.com/tampa/food-delivery/pizza-hut-1421-34th-street-north/6GwWtxaXRXuf6oCro65EAA,south-pasadena-florida
https://www.ubereats.com/tampa/food-delivery/tutto-bene/-NjamwD0QGm2nfdM9H6L2Q,south-pasadena-florida
https://www.ubereats.com/tampa/food-delivery/seasons-cafe-%26-bakery/jiYnvUQPRK6a3u0bbiwL8g,south-pasadena-florida
https://www.ubereats.com/tampa/food-delivery/pin-wok%26bowl/5WNdc1StQpmk1NXI4VgyAA,south-pasadena-florida
https://www.ubereats.com/tampa/food-delivery/the-queenshead-eurobar/4rrCJcNFQtibKK1o0p4ueA,south-pasadena-florida
https://www.ubereats.com/tampa/food-delivery/carrabbas-1951-4th-street-north/QHEN1G6uRIa_yU8VOjUASg,south-pasadena-florida
https://www.ubereats.com/tampa/food-delivery/jo-els-kosher-foods/bzVa_GHORfWfXRpEt6FzWw,south-pasadena-florida
https://www.ubereats.com/tampa/food-delivery/blue-parrot/h2RWzKkqRK6xZe9tfxs3cA,south-pasadena-florida
https://www.ubereats.com/tampa/food-delivery/the-iberian-rooster/tFpgqoWNQ42K7plhQesSOw,south-pasadena-florida
https://www.ubereats.com/tampa/food-delivery/hong-kong-restaurant/GNwerhKeRhqsUL41K4xcSA,south-pasadena-florida
https://www.ubereats.com/tampa/food-delivery/maple-street-biscuit-company-st-pete/DELp9eB2QkyoQqbLKtyiCQ,south-pasadena-florida
https://www.ubereats.com/tampa/food-delivery/medianoche-a-fresh-connection/phJi-jbMT22Yd7KFDMlc2w,south-pasadena-florida
https://www.ubereats.com/tampa/food-delivery/grand-hacienda-tyrone-blvd/IbyCTCKoRIKVR_yIfRniIg,south-pasadena-florida
https://www.ubereats.com/tampa/food-delivery/barracuda-deli-cafe-st-pete-beach/jSfSY7d-SbCl20oPkcj2zQ,south-pasadena-florida
https://www.ubereats.com/tampa/food-delivery/stone-soup-cafe/9QcZxogYS-mnRDwqbV4WzQ,south-pasadena-florida
https://www.ubereats.com/tampa/food-delivery/smokin-19-tyrone/VNyc8rprQUuXF47O5aGkPw,south-pasadena-florida
https://www.ubereats.com/tampa/food-delivery/crystal-cove-crab-shack/k36X3kkuQ9S_6wttJbuIRg,south-pasadena-florida
https://www.ubereats.com/tampa/food-delivery/wawa-5306-3637-34th-st-south/W45OdE_ZQ1273YbTL92ogg,south-pasadena-florida
https://www.ubereats.com/tampa/food-delivery/pie12-napoletana-coal-fired-pizzeria/Kz9XbVgyTBe0eRg-4naVRg,south-pasadena-florida
https://www.ubereats.com/tampa/food-delivery/community-cafe/0vJzpkzVS0uluyBoU4Q2Jg,south-pasadena-florida
https://www.ubereats.com/tampa/food-delivery/origin/0vMA0j34TWSMufLuXHCIaw,south-pasadena-florida
https://www.ubereats.com/tampa/food-delivery/cold-stone-creamery-pinellas-park/zTR8jCNAQ8O2Hph4VkMwWg,south-pasadena-florida
https://www.ubereats.com/tampa/food-delivery/speggtacular/BSvCk_MTRdCdlse850RzyQ,south-pasadena-florida
https://www.ubereats.com/tampa/food-delivery/the-ice-cream-shop/wcBb0dnqSaugjRueKPS_Wg,south-pasadena-florida
https://www.ubereats.com/tampa/food-delivery/red-robin-553-2468-tyrone-blvd-435b/fx0m7Sh_RLGOIQzMTbDUTw,south-pasadena-florida
https://www.ubereats.com/tampa/food-delivery/sab-cafe-downtown-st-petersburg/56MxDbUYTuS_TF0hVKE4BA,south-pasadena-florida
https://www.ubereats.com/tampa/food-delivery/sneaky-petes-slick-chicken/FsSuiJ3vTymh0pWZKOpfXw,south-pasadena-florida
https://www.ubereats.com/tampa/food-delivery/the-hangar-restaurant/eaw8jieoS5m0si1WjOHFUA,south-pasadena-florida
https://www.ubereats.com/tampa/food-delivery/the-floribbean-eatery-%26-catering/Hnw4rhN7TLSAR75rTpGalA,south-pasadena-florida
https://www.ubereats.com/tampa/food-delivery/wangs-n-thangs/pu3BdmAmRWqGFN1mNBBShA,south-pasadena-florida
https://www.ubereats.com/tampa/food-delivery/capital-tacos-st-petersburg/-v0zDxXtRg-rw8qtbP5AXw,south-pasadena-florida
https://www.ubereats.com/tampa/food-delivery/jjs-market-%26-delicatessen/VQ3lJDZvS4a_JTtWUMJnvA,south-pasadena-florida
https://www.ubereats.com/tampa/food-delivery/pasquallys-pizza-%26-wings-1024-58th-st-n/4ekFG0bZTYuG_MgV6xtm2A,south-pasadena-florida
https://www.ubereats.com/tampa/food-delivery/subway-3355-5th-ave-north/0oP5qLvgTLWDehqt2ygEcQ,south-pasadena-florida
https://www.ubereats.com/tampa/food-delivery/tijuana-flats-pinellas-park/bTQUtdV7SOCxfvwSiztltA,south-pasadena-florida
https://www.ubereats.com/tampa/food-delivery/papa-johns-6894-gulfport-blvd-s/zo3sIVZvR6SK-0I0rIrsJw,south-pasadena-florida
https://www.ubereats.com/tampa/food-delivery/angry-pepper-waterside/jMFAFi9RRWaPLn5VjBNT5g,south-pasadena-florida
https://www.ubereats.com/tampa/food-delivery/gateway-to-india-authentic-indian-restaurant/PsUO2mr0TkiXMkLQzhTKgw,south-pasadena-florida
https://www.ubereats.com/tampa/food-delivery/brooklyn-south/OhwEax-tRsaqGtxzhpKhVA,south-pasadena-florida
https://www.ubereats.com/tampa/food-delivery/taco-bell-4599-park-blvd/N6MxhscFSq2Uf8M79z-HPg,south-pasadena-florida
https://www.ubereats.com/tampa/food-delivery/thai-orchid-restaurant-tyrone/SdiYSrCsSvyb7mSxjmc75w,south-pasadena-florida
https://www.ubereats.com/tampa/food-delivery/cd-roma-restaurant-st-petersburg/3mfiD5e9S_uUzbN0xi7WSQ,south-pasadena-florida
https://www.ubereats.com/tampa/food-delivery/cosmos-cafe/kq7fDkJOQs6uxYjbjeS6sQ,south-pasadena-florida
https://www.ubereats.com/tampa/food-delivery/fergs-sports-bar/LkoPv4bSSTKf7apVwz6row,south-pasadena-florida
https://www.ubereats.com/tampa/food-delivery/the-simple-greek/pgT7Aj_pRqahwsomKigUnw,south-pasadena-florida
https://www.ubereats.com/tampa/food-delivery/skyway-jacks/ngTvGw9KSJiXoT42mmM5ew,south-pasadena-florida
https://www.ubereats.com/tampa/food-delivery/krispy-kreme-4th-st-n-%26-92nd-ave-n/MIlJyotETmit9f6SddQdMw,south-pasadena-florida
https://www.ubereats.com/tampa/food-delivery/verduccis-restaurant-and-pizzeria/Pb40MOi5STC4UkCb6h5pNg,south-pasadena-florida
https://www.ubereats.com/tampa/food-delivery/boston-market-9595-4th-st-n/mso9NTewSaqmzS3IiByzeg,south-pasadena-florida
https://www.ubereats.com/tampa/food-delivery/china-crossings-st-petersburg/cnCNAtJPQ_OPIJ6sEUwoow,south-pasadena-florida
https://www.ubereats.com/tampa/food-delivery/gias-blue-water-taqueria/F2cpEZJvR4ykV3GmKipRGg,south-pasadena-florida
https://www.ubereats.com/tampa/food-delivery/machi-coffee-and-tea/5-TgrAhcQiK0WAzpoKvFDQ,south-pasadena-florida
https://www.ubereats.com/tampa/food-delivery/clean-juice-1804-4th-street-north/TPXt1uucSTejN2ZWgTdftg,south-pasadena-florida
https://www.ubereats.com/tampa/food-delivery/china-one-downtown-st-petersburg/zHyG_Q1_Tie85BUD1qtiMw,south-pasadena-florida
https://www.ubereats.com/tampa/food-delivery/brick-%26-mortar-downtown-st-petersburg/m_4vhgbgRjqHF3XiQmffPw,south-pasadena-florida
https://www.ubereats.com/tampa/food-delivery/sonnys-bbq-4385-park-blvd/8ini02nFRAy17YcNtu9WSw,south-pasadena-florida
https://www.ubereats.com/tampa/food-delivery/frutta-bowls/u97W1rgMT3WWQ-7prMnT1w,south-pasadena-florida
https://www.ubereats.com/tampa/food-delivery/frog-pond/5VBNo4R8QMOBRLv1o437Pg,south-pasadena-florida
https://www.ubereats.com/tampa/food-delivery/greenstock/R5v-D-DTQtSN3FHnVs2_FQ,south-pasadena-florida
https://www.ubereats.com/tampa/food-delivery/nashs-hot-chicken/GwTl5oNdSpO5paEZeyYxMw,south-pasadena-florida
https://www.ubereats.com/tampa/food-delivery/haze-ice-cream/ir4DqMwTSgqY3_GiRjXxwQ,south-pasadena-florida
https://www.ubereats.com/tampa/food-delivery/taco-bell-903-s-pasadena/p3TmjgU4Q8KynyCzv0OcOg,south-pasadena-florida
https://www.ubereats.com/tampa/food-delivery/mikes-pizza-%26-pub/VxyqyMUaSYaaDW_m3MF-9A,south-pasadena-florida
https://www.ubereats.com/tampa/food-delivery/the-library/XLb_2hKRRl2DQTY-_6BwLA,south-pasadena-florida
https://www.ubereats.com/tampa/food-delivery/yard-of-ale-st-pete/8N5SHiCATVuH6KnfPbaDcQ,south-pasadena-florida
https://www.ubereats.com/tampa/food-delivery/vampire-penguin-seminole/6GMDXw8ESIOkBdQPBp5f_Q,south-pasadena-florida
https://www.ubereats.com/tampa/food-delivery/fresh-kitchen-st-pete/zFtdyrHCSBGLQkyrzZsTEA,south-pasadena-florida
https://www.ubereats.com/tampa/food-delivery/el-maguey-mexican-restaurant/H-wrZuYnSd-T0lTQkyEh0A,south-pasadena-florida
https://www.ubereats.com/tampa/food-delivery/jbs-seafood-takeout/uuVfh7L8SJ-_75tlja0Ijg,south-pasadena-florida
https://www.ubereats.com/tampa/food-delivery/ruths-chris-steak-house-131-2nd-ave-n/WMzg8pwAStO1XPu-3mOlUQ,south-pasadena-florida
https://www.ubereats.com/tampa/food-delivery/pizza-hut-4598-34th-st-s/P5TyqYeVQ5q8PNCX-kFduA,south-pasadena-florida
https://www.ubereats.com/tampa/food-delivery/sonnys-bbq-3650-tyrone-boulevard/M84dFQ1QT7aumRBnVA2H9Q,south-pasadena-florida
https://www.ubereats.com/tampa/food-delivery/poke-party-vr/Bq15bIelT8uS19wTctifRg,south-pasadena-florida
https://www.ubereats.com/tampa/food-delivery/buona-ristorante/yLzDbD7ITWWXNHwJGlwm_A,south-pasadena-florida
https://www.ubereats.com/tampa/food-delivery/the-pesky-pelican/IS_LR1X9TLSWq9Tm8C4hMA,south-pasadena-florida
https://www.ubereats.com/tampa/food-delivery/pias-trattoria/kxCyMS79TlerqN98quk5ng,south-pasadena-florida
https://www.ubereats.com/tampa/food-delivery/the-pizza-place/7tAEtRhmR6aNBRP9E8rHCw,south-pasadena-florida
https://www.ubereats.com/tampa/food-delivery/petes-general/FXvhzSHZRVKyF2ie64UDGQ,south-pasadena-florida
https://www.ubereats.com/tampa/food-delivery/manos-italian-grill/_Mit-4coQwy79n700u-pdg,south-pasadena-florida
https://www.ubereats.com/tampa/food-delivery/beef-o-bradys-4775-34th-st-s/bcjycYdASBuJnFnzwuf4aA,south-pasadena-florida
https://www.ubereats.com/tampa/food-delivery/stack-n-sizzle/_AEWQHxRSeGbXTfiCvejzQ,south-pasadena-florida
https://www.ubereats.com/tampa/food-delivery/taqueria-emanuel-pinellas-park/w5JUKGGWTAaAevbxoygcCQ,south-pasadena-florida
https://www.ubereats.com/tampa/food-delivery/the-better-burrito-company/YAOF7hsZT-SJReo6-36JwA,south-pasadena-florida
https://www.ubereats.com/tampa/food-delivery/joey-brooklyns-famous-pizza-kitchen/7PZ-xEtITHeLzt0RzADyXQ,south-pasadena-florida
https://www.ubereats.com/tampa/food-delivery/chuck-e-cheese-1024-58th-st-n/Xy3u0F1FRQ6fO-2PM_2GTQ,south-pasadena-florida
https://www.ubereats.com/tampa/food-delivery/chiangmai-thai-restaurant/uGxtcomWRdGjYVckZYXgZQ,south-pasadena-florida
https://www.ubereats.com/tampa/food-delivery/outback-steakhouse-1900-4th-street-north/i32LLJhzSO-agCJkTppz_g,south-pasadena-florida
https://www.ubereats.com/tampa/food-delivery/grits/SE4dB_tbR1C2a69uTjo_Kg,south-pasadena-florida
https://www.ubereats.com/tampa/food-delivery/bellabrava/fwTeGGGkQLO5qhk1gKXd0g,south-pasadena-florida
https://www.ubereats.com/tampa/food-delivery/earl-of-sandwich-4th-st-n-%26-50th-ave-n/LdyufyD1SJCYEdSKfMavQQ,south-pasadena-florida
https://www.ubereats.com/tampa/food-delivery/hot-crab/gj0GjtR_QoycLJni0MQjew,south-pasadena-florida
https://www.ubereats.com/tampa/food-delivery/subzero-nitrogen-ice-cream/78JGFavxSy-tpirr7PXfPA,south-pasadena-florida
https://www.ubereats.com/tampa/food-delivery/five-guys-fl-0375-1458-66th-street-north/nDf2RFhkQS6yQ1G3vlYBeg,south-pasadena-florida
https://www.ubereats.com/tampa/food-delivery/cafe-46/dhO6lNVlR02sMu_d7xEnxQ,south-pasadena-florida
https://www.ubereats.com/tampa/food-delivery/starbucks-us-19-%26-22nd-ave/e94HXyopRMezLzys_q7-_g,south-pasadena-florida
https://www.ubereats.com/tampa/food-delivery/jersey-mikes-us-19-n-%26-70th-ave-n/Zv6tZEDCSrKV-dD5Y_7BNw,south-pasadena-florida
https://www.ubereats.com/tampa/food-delivery/jinju-korean-grill-%26-sushi/JmiOu4f3SEenYN8Ag8JGMw,south-pasadena-florida
https://www.ubereats.com/tampa/food-delivery/kahwa-coffee-9th-ave-n/Gvf-rBFzRomagWmuS6Af-A,south-pasadena-florida
https://www.ubereats.com/tampa/food-delivery/acropolis-greek-taverna-st-pete/N4eoIpBcTF6VytsKlXp0Qw,south-pasadena-florida
https://www.ubereats.com/tampa/food-delivery/jersey-mikes-tyrone-blvd-n-%26-38th-ave-n/8YIQ9q_PSwaazeKqyOnOog,south-pasadena-florida
https://www.ubereats.com/tampa/food-delivery/mcdonalds-6855-gulf-blvd/jG152wSaQiqjlVIxwRWAeA,south-pasadena-florida
https://www.ubereats.com/tampa/food-delivery/grand-hacienda/6Dprsa8dThO8FCFPwNCv6w,south-pasadena-florida
https://www.ubereats.com/tampa/food-delivery/chili-verde-restaurant-22nd-avenue-north/xsN4hXA6TLyoTj3omGn19g,south-pasadena-florida
https://www.ubereats.com/tampa/food-delivery/the-crafty-squirrel/OVtcovMfT26HRmHDtJQ3_g,south-pasadena-florida
https://www.ubereats.com/tampa/food-delivery/taquitos-mexican/fwHV705XQbaN6p8rf_Poyw,south-pasadena-florida
https://www.ubereats.com/tampa/food-delivery/sake-house-largo/0GCPsbs1TSqTuBbxZcISPA,south-pasadena-florida
https://www.ubereats.com/tampa/food-delivery/mcdonalds-bayway/bFqYf78yR46VVYA6Fhyoxg,south-pasadena-florida
https://www.ubereats.com/tampa/food-delivery/el-tenampa-mexican-restaurant-st-petersburg/VrQ66bXCQUqnSA2f0EDcZA,south-pasadena-florida
https://www.ubereats.com/tampa/food-delivery/checkers-100-34th-street-s/mhpEAWxfSxGxbcZvf_rCtg,south-pasadena-florida
https://www.ubereats.com/tampa/food-delivery/2nd-and-second/mnGGvKBxRvGAtOr6_0wN-A,south-pasadena-florida
https://www.ubereats.com/tampa/food-delivery/dunkin-1046-4th-st-n/YlY4IUp0SWmaUpnhwqhyGA,south-pasadena-florida
https://www.ubereats.com/tampa/food-delivery/bjs-restaurant-and-brewhouse-3800-park-blvd/s3O_vgimRqSFcDH18qB_8Q,south-pasadena-florida
https://www.ubereats.com/tampa/food-delivery/the-tasty-vegetable/lPWhZEY4TbOIbu8ppB0Tpw,south-pasadena-florida
https://www.ubereats.com/tampa/food-delivery/pizza-hut-1155-pasadena-ave-s-suite-j/EP_Z6sqSQxGU6Zit5Ym27w,south-pasadena-florida
https://www.ubereats.com/tampa/food-delivery/checkers-3775-66th-street-n/21botp4USVGRGgOY18g7lQ,south-pasadena-florida
https://www.ubereats.com/tampa/food-delivery/craftsman-house/E2IUM76sRfG9yH4dapVAjA,south-pasadena-florida
https://www.ubereats.com/tampa/food-delivery/subway-3300-4th-st-n/j1BuOh0RQqO2ZGyQwYBI7w,south-pasadena-florida
https://www.ubereats.com/tampa/food-delivery/ikigai-sushi-st-pete/CUZv3LGkRl-sN80h6vPwHw,south-pasadena-florida
https://www.ubereats.com/tampa/food-delivery/mr-ice-cream/nVUREhhEQ8q7kCecwij_mw,south-pasadena-florida
https://www.ubereats.com/tampa/food-delivery/beech-kombucha/e67eTspAQbuJ3NqOQH2FRA,south-pasadena-florida
https://www.ubereats.com/tampa/food-delivery/fortunatos-taps-and-tavern/iBTRmIcUSsC62Q-dar1xfA,south-pasadena-florida
https://www.ubereats.com/tampa/food-delivery/tropical-smoothie-cafe-pinellas/uW-dFOEpRVmhQUxZfaD81g,south-pasadena-florida
https://www.ubereats.com/tampa/food-delivery/kfc-2430-34th-st/3tjtvp_bStKcznDQHolLJA,south-pasadena-florida
https://www.ubereats.com/tampa/food-delivery/burger-king-3800-fourth-street-north/idKAgrYTSG2IuHQeq1stgw,south-pasadena-florida
https://www.ubereats.com/tampa/food-delivery/iceburg-rolled-ice-cream/YadJsTwNT86p2OC2MYiFug,south-pasadena-florida
https://www.ubereats.com/tampa/food-delivery/subway-2004-66th-street-n/lgb0thxKRiWhgoR7Auc7iA,south-pasadena-florida
https://www.ubereats.com/tampa/food-delivery/the-ice-cream-shop/VZgQ_p_eRIqaTKWcuA_Y0g,south-pasadena-florida
https://www.ubereats.com/tampa/food-delivery/hooters-tyrone-blvd-n-%26-66th-st-n/A4NOo_u7RWWI2nChj7t6pA,south-pasadena-florida
https://www.ubereats.com/tampa/food-delivery/little-greek-largo/xBHh71FcQU2Qt2VkxKV9-g,south-pasadena-florida
https://www.ubereats.com/tampa/food-delivery/mr-empanada-st-pete/lr3nKAgORjSaaPhyzpr8Dw,south-pasadena-florida
https://www.ubereats.com/tampa/food-delivery/mcdonalds-7001-us-hwy-19-n/fKSjOZqQQyucMdgAJXY7QQ,south-pasadena-florida
https://www.ubereats.com/tampa/food-delivery/dunkin-700-34th-st-n/iHcTDTpDSSChMRUuaKfNMQ,south-pasadena-florida
https://www.ubereats.com/tampa/food-delivery/coney-island-sandwich-shop/hxC8JE8eS8GHtmk9JaZPuw,south-pasadena-florida
https://www.ubereats.com/tampa/food-delivery/basil-leaf/RVbDI7MIQQeh2l4X15EZVA,south-pasadena-florida
https://www.ubereats.com/tampa/food-delivery/bandit-coffee-co/lbTTyxUEQkqQrF97Dy3XtA,south-pasadena-florida
https://www.ubereats.com/tampa/food-delivery/katiki/84lxDVNJQ42toOjmXZcl6Q,south-pasadena-florida
https://www.ubereats.com/tampa/food-delivery/ihop-5001-gulf-blvd/SylIlsMBT2-eWQhmd9j8fA,south-pasadena-florida
https://www.ubereats.com/tampa/food-delivery/tijuana-flats-st-pete/uYjc85oNQ_6X_ISi9O-iJQ,south-pasadena-florida
https://www.ubereats.com/tampa/food-delivery/tijuana-flats-tyrone/iqJmWHflTUCGCrSo26XuBA,south-pasadena-florida
https://www.ubereats.com/tampa/food-delivery/new-china-restaurant/SYEulBGzQgakLjnfTVxSeg,south-pasadena-florida
https://www.ubereats.com/tampa/food-delivery/starbucks-bay-pines-%26-100th-way-n/byIrjNJXR8SJKo6TEiSj5g,south-pasadena-florida
https://www.ubereats.com/tampa/food-delivery/carmelitas-mexican-restaurant-tyrone/ZlhwiwflTNGNMYc6YkMUtg,south-pasadena-florida
https://www.ubereats.com/tampa/food-delivery/baum-mi/aNcRCzkQQf6laj9veBm0sw,south-pasadena-florida
https://www.ubereats.com/tampa/food-delivery/tropical-smoothie-cafe-seminole/6iQI1JNiRS69zc33_ncLHg,south-pasadena-florida
https://www.ubereats.com/tampa/food-delivery/meexita/5A7_uejqQA6B6BOKevjDBw,south-pasadena-florida
https://www.ubereats.com/tampa/food-delivery/karma-juice-bar-%26-eatery/hCnS7hbvTTebGpamMIRUow,south-pasadena-florida
https://www.ubereats.com/tampa/food-delivery/the-donut-shoppe/sTgOWMiaQdCAkx0Q1AKEtg,south-pasadena-florida
https://www.ubereats.com/tampa/food-delivery/ihop-7800-ulmerton-rd/Z9kotlwLRWyj4ZnEOgadkA,south-pasadena-florida
https://www.ubereats.com/tampa/food-delivery/wendys-4840-park-street/S2UlI1HgQrqm_PDx_yB3GA,south-pasadena-florida
https://www.ubereats.com/tampa/food-delivery/blakes-crab-cakes/gODOg8jLRbeK1-3IilEibg,south-pasadena-florida
https://www.ubereats.com/tampa/food-delivery/r-bar-treasure-island/YD_RjqGbTBu0bIQFvHWyNw,south-pasadena-florida
https://www.ubereats.com/tampa/food-delivery/angelos-pizza/AuXvSYyKTzm97GP9LY1KpA,south-pasadena-florida
https://www.ubereats.com/tampa/food-delivery/chipotle-mexican-grill-3540-4th-st-n/vVZRirh9S0CMUAXGdcWOlQ,south-pasadena-florida
https://www.ubereats.com/tampa/food-delivery/new-china-st-petersburg/UeftQMJ-RKaNAur09zooBQ,south-pasadena-florida
https://www.ubereats.com/tampa/food-delivery/i-thai-%26-sushi-restaurant-largo/e6qVjhvnTWGZgeZaFlnnJA,south-pasadena-florida
https://www.ubereats.com/tampa/food-delivery/wendys-1115-34th-street-n/-IsQBoINT_KwJzEyrzUjgw,south-pasadena-florida
https://www.ubereats.com/tampa/food-delivery/stellas-gulfport/HfqNwFFmQbGsnHUWiP3g6A,south-pasadena-florida
https://www.ubereats.com/tampa/food-delivery/dmexican/2u_5HQXgSc2GD1U0dRXcYw,south-pasadena-florida
