url,city
https://www.ubereats.com/portland-me/food-delivery/chipotle-mexican-grill-359-maine-mall-rd/ftc0rdU4QGaJfd4tBTQwtQ,south-portland-maine
https://www.ubereats.com/portland-me/food-delivery/starbucks-maine-crossing/s6nylJsDRiO-IpM8J1znuw,south-portland-maine
https://www.ubereats.com/portland-me/food-delivery/friendlys-210-maine-mall-rd/QhINkJXESBuNHqkrSnV5jA,south-portland-maine
https://www.ubereats.com/portland-me/food-delivery/five-guys-me-1598-198-maine-mall-rd/R4rmpOK2SgK-5y8zPT_7bA,south-portland-maine
https://www.ubereats.com/portland-me/food-delivery/mellen-street-market/rMlgeMutRB6ENREUvF9GmQ,south-portland-maine
https://www.ubereats.com/portland-me/food-delivery/sebago-brewing-company-portland/5wLYpjGXR4qs_VelpXByKg,south-portland-maine
https://www.ubereats.com/portland-me/food-delivery/sebago-brewing-company-gorham/WDWRV-G7QNWhrDXUj3-L0w,south-portland-maine
https://www.ubereats.com/portland-me/food-delivery/wendys-617-warren-ave/yRLehIDiRZu3elEeXr2Buw,south-portland-maine
https://www.ubereats.com/portland-me/food-delivery/old-port-candy/HdkiLNDzS16JHOyo9SWkJA,south-portland-maine
https://www.ubereats.com/portland-me/food-delivery/arbys-617-maine-mall/YtxFZmpVTH-dXH2TR3zdlg,south-portland-maine
https://www.ubereats.com/portland-me/food-delivery/elevation-burger-south-portland/McBDab0MQLC2BrXbcjhz6Q,south-portland-maine
https://www.ubereats.com/portland-me/food-delivery/subway-296-st-john-st/VXTLESw3SPGqjEbJFRjf9A,south-portland-maine
https://www.ubereats.com/portland-me/food-delivery/kfc-tb-400-gallery-boulevard/RcaBSlJpRoC7EbjNph2PGQ,south-portland-maine
https://www.ubereats.com/portland-me/food-delivery/starbucks-portland-1080-forest-ave/oWpL-3qtQy2Jo5JCOnULXw,south-portland-maine
https://www.ubereats.com/portland-me/food-delivery/pizza-hut-25-main-st-westbrook-shopping-center/kjl5lC_eQMGlieCrsgoKjg,south-portland-maine
https://www.ubereats.com/portland-me/food-delivery/cracker-barrel-old-country-store-357-maine-mall-rd/rCuOXbaDSkqBmXsj83KYlw,south-portland-maine
https://www.ubereats.com/portland-me/food-delivery/thai-9-restaurant/f-HqM2cuQUKIttUIxsLqzg,south-portland-maine
https://www.ubereats.com/portland-me/food-delivery/mcdonalds-95-main-street/Lud525dLTM6LmM7tE7LrSA,south-portland-maine
https://www.ubereats.com/portland-me/food-delivery/mcdonalds-1208-forest-ave/gELuxUrgQgKWoiDpg3gYIw,south-portland-maine
https://www.ubereats.com/portland-me/food-delivery/oreillys-cure-restaurant/frQc5pqZSGiW0gTsPKSPwg,south-portland-maine
https://www.ubereats.com/portland-me/food-delivery/a%26c-grocery/Z9gN0ki_RremTFy2Mj8rug,south-portland-maine
https://www.ubereats.com/portland-me/food-delivery/china-xpress/KS3ScAvHQUmVQWcmHmn5yw,south-portland-maine
https://www.ubereats.com/portland-me/food-delivery/el-corazon/uj96c2BTSLWzekljUYUVUw,south-portland-maine
https://www.ubereats.com/portland-me/food-delivery/jersey-mikes-subs-550-gallery-boulevard/XUxNQCOASoOwTlkntSvg_Q,south-portland-maine
https://www.ubereats.com/portland-me/food-delivery/amore-on-the-marsh/PlSuKGhvTlCJxsRwJ4HVow,south-portland-maine
https://www.ubereats.com/portland-me/food-delivery/twisted-soft-pretzels/zyz6nrZtTyOZlfE0uc9aAQ,south-portland-maine
https://www.ubereats.com/portland-me/food-delivery/sip-of-europe/PdIB6dzeTT2A59k6dVR0Ow,south-portland-maine
https://www.ubereats.com/portland-me/food-delivery/dyers-variety/amLN2N9XRr-uc440vliPDg,south-portland-maine
https://www.ubereats.com/portland-me/food-delivery/pizzarino/KVw4IAYjRxuNNWy43rxwxA,south-portland-maine
https://www.ubereats.com/portland-me/food-delivery/hilltop-superette/z0TC7vwsTc6lkzKB6xKTaA,south-portland-maine
https://www.ubereats.com/portland-me/food-delivery/veranda-noodle-bar/iNIQyNrAQOudGIGEbAus8g,south-portland-maine
https://www.ubereats.com/portland-me/food-delivery/zen-chinese-bistro/S_ZyHkqsSN2gyCR-R9Kuzw,south-portland-maine
https://www.ubereats.com/portland-me/food-delivery/charleys-philly-steaks-1140-galleria-way/K5Bn-VLrRtGYs3UXwiDo7A,south-portland-maine
https://www.ubereats.com/portland-me/food-delivery/33-elmwood/4_rZcskkQK2X_uiyebfIWg,south-portland-maine
https://www.ubereats.com/portland-me/food-delivery/taco-bell-1363-washington/EozVOhvzRp2ZhzuMrFMNKw,south-portland-maine
https://www.ubereats.com/portland-me/food-delivery/amatos-portland-washington/fPIRCswtQ4q4FeNVAqGRrA,south-portland-maine
https://www.ubereats.com/portland-me/food-delivery/mcdonalds-332-saint-john-st/5Dca20pvRGSLG99k8vuwRg,south-portland-maine
https://www.ubereats.com/portland-me/food-delivery/uno-pizzeria-%26-grill-280-maine-mall-road/NKmPWnQrQDq4yqq2as7w4g,south-portland-maine
https://www.ubereats.com/portland-me/food-delivery/cowbell-wood-fired-grill/47aM3YQsSlCeevxffMBKJA,south-portland-maine
https://www.ubereats.com/portland-me/food-delivery/olive-cafe/PTQV2hsnSziZtmSWt87LUg,south-portland-maine
https://www.ubereats.com/portland-me/food-delivery/buffalo-wild-wings-85-western-ave/SDebEJ6dTKCzXyjdaeecwQ,south-portland-maine
https://www.ubereats.com/portland-me/food-delivery/ginza-town/sfXEItPlQlS4c46tjebcYw,south-portland-maine
https://www.ubereats.com/portland-me/food-delivery/wingstreet-25-main-st-westbrook-shopping-center/G6A7tWZ7QwKplpr9vboACA,south-portland-maine
https://www.ubereats.com/portland-me/food-delivery/belleville/F4-S6hKMSae8DoM_auKOGA,south-portland-maine
https://www.ubereats.com/portland-me/food-delivery/anthonys-italian-kitchen/YBXVxT8eTb6CMfLsiT3-3g,south-portland-maine
https://www.ubereats.com/portland-me/food-delivery/amatos-westbrook/ob2sL5vGSYCiWIVw1-qtsw,south-portland-maine
https://www.ubereats.com/portland-me/food-delivery/elevation-burger-downtown-portland/q-aZbPZOQz-l8AxeQxqmQQ,south-portland-maine
https://www.ubereats.com/portland-me/food-delivery/huongs-vietnamese-restaurant/EGe5u7ZgQqCu7NTjLRg61A,south-portland-maine
https://www.ubereats.com/portland-me/food-delivery/tropical-smoothie-cafe-45-western-ave/frew69uYShCH8XdzzCiXQw,south-portland-maine
https://www.ubereats.com/portland-me/food-delivery/five-guys-me-1260-425-fore-st/RYkMDm7DRQSEiHA3hwP5zQ,south-portland-maine
https://www.ubereats.com/portland-me/food-delivery/the-honey-paw/L6cyYYmYQUKfM0uCnJmmyA,south-portland-maine
https://www.ubereats.com/portland-me/food-delivery/rwanda-bean-coffee/on4NxWrSTl-k_ACikGkmsA,south-portland-maine
https://www.ubereats.com/portland-me/food-delivery/lukes-lobster-60-portland-pier/hBHNwbnfQBSyfSpe4Wky-Q,south-portland-maine
https://www.ubereats.com/portland-me/food-delivery/arabica-coffee-house/EHDQAis2TB-f3Y4m8y8tpg,south-portland-maine
https://www.ubereats.com/portland-me/food-delivery/mainely-hot-dogs/PABLClh3QaSBRXww8REn_A,south-portland-maine
https://www.ubereats.com/portland-me/food-delivery/mekong-thai-bistro/xQPKEgEnSRygeLF355ESLw,south-portland-maine
https://www.ubereats.com/portland-me/food-delivery/cakes-extraordinaire/96BvR7StSxa3hUINq1XC0g,south-portland-maine
https://www.ubereats.com/portland-me/food-delivery/dunkin-1412-congress-st/Yw0uN4HwQxG0_6_ZMslgmg,south-portland-maine
https://www.ubereats.com/portland-me/food-delivery/clam-digger-seafood-restaurant/wysnV_FDSAqn1fqPvkzYWQ,south-portland-maine
https://www.ubereats.com/portland-me/food-delivery/kfc-taco-bell-140-main-st/JDkaa1_jRRych9k5RfVvWA,south-portland-maine
https://www.ubereats.com/portland-me/food-delivery/margaritas-mexican-restaurant-portland/9884A3TMQ9-JYJKnBtwAYA,south-portland-maine
https://www.ubereats.com/portland-me/food-delivery/union-kitchen/627eAl0NSeeoCriMgtRTmg,south-portland-maine
https://www.ubereats.com/portland-me/food-delivery/wendys-240-main-mall-road/K3CTDbKDSJKSuEP4gPs7Tg,south-portland-maine
https://www.ubereats.com/portland-me/food-delivery/amatos-portland-st-john/04d7D8yxRB60vj9ZZPir4g,south-portland-maine
https://www.ubereats.com/portland-me/food-delivery/little-caesars-91-auburn-street/fzkA__SpTke7V8dL30Imug,south-portland-maine
https://www.ubereats.com/portland-me/food-delivery/nura-hummus-and-falafel/ultm3xSaQ2maOxaoaeRPiQ,south-portland-maine
https://www.ubereats.com/portland-me/food-delivery/otto-pizza-576-congress-st/4MR34Ox-ShiziceJwAM8wg,south-portland-maine
https://www.ubereats.com/portland-me/food-delivery/the-holy-donut-exchange-st/VFazlUa0TLeKhfjoafy8Bg,south-portland-maine
https://www.ubereats.com/portland-me/food-delivery/nonesuch-river-brewing/sF_hWmq1QpG9eRFsVstwFA,south-portland-maine
https://www.ubereats.com/portland-me/food-delivery/the-barrel-and-burger-bar/d0mMqetPSryI5NfN0xnZdQ,south-portland-maine
https://www.ubereats.com/portland-me/food-delivery/asia-restaurant/3_TtGQObTTKJKyO7TpWFEw,south-portland-maine
https://www.ubereats.com/portland-me/food-delivery/the-ice-cream-shop/bjJ2IRDjRpuDdW6byesmmA,south-portland-maine
https://www.ubereats.com/portland-me/food-delivery/mister-bagel-mall-plaza/KSFuWF0DRRmt4J9P9tkPQA,south-portland-maine
https://www.ubereats.com/portland-me/food-delivery/subway-85-western-ave/PNZIl76UT5OwZ6vcXnpzAw,south-portland-maine
https://www.ubereats.com/portland-me/food-delivery/ramen-suzukiya/-R2jgZw-TcqhVXASBnTttA,south-portland-maine
https://www.ubereats.com/portland-me/food-delivery/popeyes-291-maine-mall-road/OSOHO6oxQpW-Y7RW19iQnw,south-portland-maine
https://www.ubereats.com/portland-me/food-delivery/panera-343-gorham-road/0g82Va0VSj2NVqr1lAhyLw,south-portland-maine
https://www.ubereats.com/portland-me/food-delivery/bam-bam-bakery/mVQYTkfPRlOT7ksnbEYiOQ,south-portland-maine
https://www.ubereats.com/portland-me/food-delivery/chipotle-mexican-grill-11-main-st-ste-3/lc5kauKGRB2vTR5a-69vYg,south-portland-maine
https://www.ubereats.com/portland-me/food-delivery/red-robin-516-800-gallery-blvd/sXm8946_QK-1lZM-GEloAw,south-portland-maine
https://www.ubereats.com/portland-me/food-delivery/subway-456-payne-rd/yaHJHtQjRRyJPSciH2cC5w,south-portland-maine
https://www.ubereats.com/portland-me/food-delivery/the-ice-cream-shop/zBpDlki9RnGO4I51Bb2ipw,south-portland-maine
https://www.ubereats.com/portland-me/food-delivery/burger-king-449-forest-ave/KZ6pO65sSoaJfWOrCXd1nw,south-portland-maine
https://www.ubereats.com/portland-me/food-delivery/izzys-cheesecake/hztf-QdJSUSJSvbD9sw5vw,south-portland-maine
https://www.ubereats.com/portland-me/food-delivery/sebago-brewing-company-southborough/Vhj4n81SQ92Y1DSZjDYrPA,south-portland-maine
https://www.ubereats.com/portland-me/food-delivery/sebago-brewing-company-main-st-gorham/8htEgDpLQEy5Qwu67FAB9w,south-portland-maine
https://www.ubereats.com/portland-me/food-delivery/veranda-kitchen-%26-bar/wD6By9dZS4icSAPDT_6rlQ,south-portland-maine
https://www.ubereats.com/portland-me/food-delivery/moes-original-bbq-209-western/ndQB3OiITEy5x_9ilRKztw,south-portland-maine
https://www.ubereats.com/portland-me/food-delivery/amatos-south-portland/v8OZSd0ZQ--Va-EzGolxoA,south-portland-maine
https://www.ubereats.com/portland-me/food-delivery/panda-express-364-maine-mall-rd/nMS4uYEGR7GelNpiXyVIlA,south-portland-maine
https://www.ubereats.com/portland-me/food-delivery/the-holy-donut-park-ave/ecPpIuWYR-eQfvYHb_AeBw,south-portland-maine
https://www.ubereats.com/portland-me/food-delivery/the-ice-cream-shop/9TZ8_LqMQrO-Go1SODYv2Q,south-portland-maine
https://www.ubereats.com/portland-me/food-delivery/eventide-portland/KxFlfZg9TkyjNuu9KXFd0A,south-portland-maine
https://www.ubereats.com/portland-me/food-delivery/blue-rooster-food-co/2tDV9Ow9SeaVstlf0E1iVA,south-portland-maine
https://www.ubereats.com/portland-me/food-delivery/petite-jacqueline/CyC6mIl-SraT1oi5IgU8TQ,south-portland-maine
https://www.ubereats.com/portland-me/food-delivery/applebees-1072-brighton-avenue-%2383065/nJ6n-v-TRLasiwZGg_9KXQ,south-portland-maine
https://www.ubereats.com/portland-me/food-delivery/romanos-macaroni-grill-415-philbrook-ave-suite-100/CspQKu0JQAi1qiUPw9dj6A,south-portland-maine
https://www.ubereats.com/portland-me/food-delivery/the-ice-cream-shop/kzybHraVR26NkCD-EQcRlA,south-portland-maine
https://www.ubereats.com/portland-me/food-delivery/the-holy-donut-scarborough/dA3mG1eNSfORYqkuocpLLQ,south-portland-maine
https://www.ubereats.com/portland-me/food-delivery/ameera-bread/CNO4igDmR6mLSLbxdiXo4A,south-portland-maine
https://www.ubereats.com/portland-me/food-delivery/qdoba-364-maine-mall-rd/SrHOtKe6Rl6bQ9sM7hHAjg,south-portland-maine
https://www.ubereats.com/portland-me/food-delivery/ihop-195-maine-mall-rd/PaEVj5dRSs2z5Gw_gb4NRA,south-portland-maine
https://www.ubereats.com/portland-me/food-delivery/veranda-noodle-house/0qNOBOA3TN-3bhu5DzSpaQ,south-portland-maine
https://www.ubereats.com/portland-me/food-delivery/applebees-200-running-hill-rd-%2383067/6BAEh7ZDTYmTmQzKdEfaqQ,south-portland-maine
https://www.ubereats.com/portland-me/food-delivery/bogushas-polish-restaurant-%26-deli/xoE4L2MaRcCRRmpxFONDzw,south-portland-maine
https://www.ubereats.com/portland-me/food-delivery/krispy-krunchy-chicken-westbrook/BO6B6PstSKmgoYcktKV79g,south-portland-maine
https://www.ubereats.com/portland-me/food-delivery/otto-pizza-225-congress/aJmh_BGKTauGafn85JrvuA,south-portland-maine
https://www.ubereats.com/portland-me/food-delivery/otto-pizza-250-read-st/ph0BxyfVSgKXwipoQMvZ5g,south-portland-maine
https://www.ubereats.com/portland-me/food-delivery/pats-pizza-old-port/tGcC0MKxTTyNPpkCqHOj3A,south-portland-maine
https://www.ubereats.com/portland-me/food-delivery/portland-pulp/834bJe9tQKmmZyvGqdyP7Q,south-portland-maine
https://www.ubereats.com/portland-me/food-delivery/maine-squeeze-smoothie-%26-juice-cafe/k7SNRER9SBuh9bjn1ZJomQ,south-portland-maine
https://www.ubereats.com/portland-me/food-delivery/the-ice-cream-shop/M2k64TrUS46pixcIj1o5-g,south-portland-maine
https://www.ubereats.com/portland-me/food-delivery/amatos-234-us-rte-1/Sd-kXD2XRXu8JPRgfbbe_A,south-portland-maine
https://www.ubereats.com/portland-me/food-delivery/aroma-joes/srgMU481QrGtCCSa-xpUxw,south-portland-maine
https://www.ubereats.com/portland-me/food-delivery/bingas-stadium/eqpyYwpySLePUImxMd2CAQ,south-portland-maine
https://www.ubereats.com/portland-me/food-delivery/starbucks-s-portland-market-street/koju8pdET0WQm4vuP4UY7w,south-portland-maine
https://www.ubereats.com/portland-me/food-delivery/ameera/AHF6VZEIThyMuvvk9ONuJw,south-portland-maine
https://www.ubereats.com/portland-me/food-delivery/mainely-noods/kx_LQPeySM6AOqNIVk6qAA,south-portland-maine
https://www.ubereats.com/portland-me/food-delivery/otto-pizza-south-portland/2cQVNFGHSX2RhHR6EXPsVQ,south-portland-maine
https://www.ubereats.com/portland-me/food-delivery/starbucks-route-1-%26-shop-n-save-dr/gLAWkNuTTpK5dLpXF8eDyw,south-portland-maine
https://www.ubereats.com/portland-me/food-delivery/bamboo-bistro/4EEDx7WOQJSABY8_O-5_rQ,south-portland-maine
https://www.ubereats.com/portland-me/food-delivery/the-5-spot/Km9HpLtWSoe-9esF17hdaw,south-portland-maine
https://www.ubereats.com/portland-me/food-delivery/shawarma-%26-kebab-house/EVXtv54HRBaStdALA3-ZbQ,south-portland-maine
https://www.ubereats.com/portland-me/food-delivery/subway-952-brighton-ave/YE-6QXPmSs-9ms8vrFCKYg,south-portland-maine
https://www.ubereats.com/portland-me/food-delivery/esaan/B5pzBLvuRvinGyGQHf5vRQ,south-portland-maine
https://www.ubereats.com/portland-me/food-delivery/mcdonalds-150-waterman-dr/PWSyXEdES6CZb48RBpRGVQ,south-portland-maine
https://www.ubereats.com/portland-me/food-delivery/pho-oob/RfYNlzZ8RUKGXpwUvMeUDg,south-portland-maine
https://www.ubereats.com/portland-me/food-delivery/veranda-thai-cuisine/ydeK9tMUQJS4h7kmyDpJMQ,south-portland-maine
https://www.ubereats.com/portland-me/food-delivery/friendly-discount-beverage/iW70xphPTcKife1ROEZc4g,south-portland-maine
https://www.ubereats.com/portland-me/food-delivery/chipotle-mexican-grill-195-kennebec-st/25XcC7UESq6M0qI9KeXoqQ,south-portland-maine
https://www.ubereats.com/portland-me/food-delivery/the-foreside-tavern/DPFqmnp1Tm28Zl5zGXYM7w,south-portland-maine
https://www.ubereats.com/portland-me/food-delivery/burger-king-375-gorham-rd/PWimOSnWRB-49nG8AK-86g,south-portland-maine
https://www.ubereats.com/portland-me/food-delivery/gelato-fiasco/IIPK-VwuQAWTgg8fu6wsdg,south-portland-maine
https://www.ubereats.com/portland-me/food-delivery/krispy-krunchy-chicken-601-main-street/vp2Kv20DRSCmz33q1RJ4jw,south-portland-maine
https://www.ubereats.com/portland-me/food-delivery/rivalries-portland/pZd5C58oRtuO-0wct2STUw,south-portland-maine
https://www.ubereats.com/portland-me/food-delivery/mcdonalds-419-gorham-rd/EKMHtnl2S9SZp6eDhwaVvA,south-portland-maine
https://www.ubereats.com/portland-me/food-delivery/amatos-portland-india-st/ntZUKnOuTEGHaUDIbhonRg,south-portland-maine
https://www.ubereats.com/portland-me/food-delivery/shays-grill-pub/PTBfoCjST-W1yAjHx2Jitw,south-portland-maine
https://www.ubereats.com/portland-me/food-delivery/bull-feeneys/zF7HX-HqTGusufxkaYA7ag,south-portland-maine
https://www.ubereats.com/portland-me/food-delivery/adas-pasta/MaWQKirgRPucugJwW6YIxQ,south-portland-maine
https://www.ubereats.com/portland-me/food-delivery/starbucks-middle-%26-exchange-st/WUFqST3oTXe8MnzCKlA-Xg,south-portland-maine
https://www.ubereats.com/portland-me/food-delivery/dunkin-325-saint-john-st/d7b4VBNiQBGKZ_t4NUJQHQ,south-portland-maine
https://www.ubereats.com/portland-me/food-delivery/gorgeous-gelato/cGfOzBSpREWsykO75hgmeQ,south-portland-maine
https://www.ubereats.com/portland-me/food-delivery/subway-6-allen-ave/rsqf2fUQQWuoyip8fy-lEw,south-portland-maine
