url,city
https://www.ubereats.com/south-bend/food-delivery/golden-corral-135-e-douglas-rd/JiQ7GJHmSB6-TnTU69Fttw,south-bend
https://www.ubereats.com/south-bend/food-delivery/los-aces-mexican-food/KmfgUCocSJKOYMbTj5vCUw,south-bend
https://www.ubereats.com/south-bend/food-delivery/subway-115-w-washington-st/e4Qe9hwUSK-oI8Zn2jkWFg,south-bend
https://www.ubereats.com/south-bend/food-delivery/starbucks-ironwood-%26-sr-23/MgH_ymQ2TSSTeHOdleOtlw,south-bend
https://www.ubereats.com/south-bend/food-delivery/burger-king-1113-ireland-road/c8Q4mFAoQ3uormxq3faPoQ,south-bend
https://www.ubereats.com/south-bend/food-delivery/cicis-4320-grape-rd/L1QhLCLJRbqqUoFE9RrnzQ,south-bend
https://www.ubereats.com/south-bend/food-delivery/metro-diner-mishawaka/AWYiBQFpThWHJUX8DXGxUQ,south-bend
https://www.ubereats.com/south-bend/food-delivery/bin-23/EQRmTUf6SCSz9YYsfn0evg,south-bend
https://www.ubereats.com/south-bend/food-delivery/on-the-money-bbq/1EYXu_lNQZ-mWPv7o_vpNA,south-bend
https://www.ubereats.com/south-bend/food-delivery/chicory-cafe/B2_6s5MqRkaL3KUOwbUr8w,south-bend
https://www.ubereats.com/south-bend/food-delivery/mcdonalds-western-%26-summit/-6lgkTOERZeJrewUhyl68A,south-bend
https://www.ubereats.com/south-bend/food-delivery/logans-roadhouse-385-4225-n-main-street/sfNwMhA4Q3avA3TmPW4mFg,south-bend
https://www.ubereats.com/south-bend/food-delivery/mcdonalds-ironwood-%26-edison/JnAbQu7NTn-DwQ9LITC8dg,south-bend
https://www.ubereats.com/south-bend/food-delivery/chuck-e-cheese-822-w-mckinley/vjE2IzSJTLSjp47mA9ngzw,south-bend
https://www.ubereats.com/south-bend/food-delivery/taco-bell-3208-lincolnway-west/bQzFnDyeSteHxN5q1RUgLg,south-bend
https://www.ubereats.com/south-bend/food-delivery/outback-steakhouse-4611-grape-road/uIikmQNlRaChmOvVz1r0Jw,south-bend
https://www.ubereats.com/south-bend/food-delivery/barnabys-mishawaka/ktZ1DFvaQP-1Ui5JC15LXA,south-bend
https://www.ubereats.com/south-bend/food-delivery/koto-restaurant/tOVKIC3FQDOmlLztXtVbbg,south-bend
https://www.ubereats.com/south-bend/food-delivery/mcdonalds-michigan-%26-madison/3VhjskEiQPe5H4VZyjLr8w,south-bend
https://www.ubereats.com/south-bend/food-delivery/hooters-mishawaka/xMwiuqnOSs2jADI-pv6kLw,south-bend
https://www.ubereats.com/south-bend/food-delivery/sonic-drive-in-mishawaka/F2NTqd8PRZu4pSGEJhfFhA,south-bend
https://www.ubereats.com/south-bend/food-delivery/shrimp-max/QuXK6zSCQja0qoJN7GULLA,south-bend
https://www.ubereats.com/south-bend/food-delivery/marcos-pizza-1321-milburn-blvd/l2qyvnC8SKmQKHkpPDCwyA,south-bend
https://www.ubereats.com/south-bend/food-delivery/jersey-mikes-subs-315-west-ireland-rd/JHllEVGBS5Os_hEabBibTA,south-bend
https://www.ubereats.com/south-bend/food-delivery/applebees-6615-n-main-street/knQbImIVSl2Pl2O7oFi5DQ,south-bend
https://www.ubereats.com/south-bend/food-delivery/sonic-drive-in-portage-road/CCYYd9wSQhCEQcjUjrmixw,south-bend
https://www.ubereats.com/south-bend/food-delivery/perkins-423-s-dixie-highway/l1dE1NyjTAWYwTVOZlcfqg,south-bend
https://www.ubereats.com/south-bend/food-delivery/burger-king-4852-western-avenue/jdYNX6NfR2Ww4C-WHYaxJw,south-bend
https://www.ubereats.com/south-bend/food-delivery/dairy-queen-grill-%26-chill-3907-s-michigan-st/puXpHwbwRyez5e4MkOi5rQ,south-bend
https://www.ubereats.com/south-bend/food-delivery/subway-837-south-ironwood-dr/p1gnSU-CSo-Ub7f8DVxvyQ,south-bend
https://www.ubereats.com/south-bend/food-delivery/subway-135-e-ireland-rd/x0rh1E2LSQiZSz00z9mNxw,south-bend
https://www.ubereats.com/south-bend/food-delivery/tony-saccos-coal-oven-pizza/3u5ML3d-SfWLCvauKduhSQ,south-bend
https://www.ubereats.com/south-bend/food-delivery/kfc-4207-s-michigan-street/fvAz0ThTSC-XRpdh3wy4ig,south-bend
https://www.ubereats.com/south-bend/food-delivery/noodle-alley/t7Byxkc0SHS9x-faVV7WZw,south-bend
https://www.ubereats.com/south-bend/food-delivery/noodles-%26-company-4342-grape-rd/UAvrn9rmR_uNbG0yUfDe_g,south-bend
https://www.ubereats.com/south-bend/food-delivery/ichiban-golden-dragon/8dLBD5teQJKzeqsoHedSWA,south-bend
https://www.ubereats.com/south-bend/food-delivery/five-guys-in-0497-1233-eddy-st/LvlOaJPzQoWIj3rTcEYqzw,south-bend
https://www.ubereats.com/south-bend/food-delivery/carrabbas-210-west-day-road/PmdJDxS0RjaKdIf-F9Mspw,south-bend
https://www.ubereats.com/south-bend/food-delivery/saylors-pizza/y-M-guvrQYuWoSJw1iR4Bg,south-bend
https://www.ubereats.com/south-bend/food-delivery/taco-bell-5131-w-western-avenue/wVRaAXeNReGlUzn872I-xg,south-bend
https://www.ubereats.com/south-bend/food-delivery/krispy-krunchy-chicken-4023-w-sample-st/oPQraervQ3OkWgggX0K6_g,south-bend
https://www.ubereats.com/south-bend/food-delivery/taco-bell-6225-brick-rd/8QJL6Gq_R-2ysEKfrxv59A,south-bend
https://www.ubereats.com/south-bend/food-delivery/cold-stone-creamery-620-w-edison-rd-ste-116/DMgizJFpTwSqV93B4eWUjA,south-bend
https://www.ubereats.com/south-bend/food-delivery/krispy-kreme-main-st/lahgp6PcS1iUFrbX7OiEqg,south-bend
https://www.ubereats.com/south-bend/food-delivery/dairy-queen-grill-%26-chill-12422-state-rd-23/YG3JGCxRSICQ2YWkCIPonQ,south-bend
https://www.ubereats.com/south-bend/food-delivery/parisis-ristorante-italiano/ZEhLzgWCRB29sqdLJLthmg,south-bend
https://www.ubereats.com/south-bend/food-delivery/blaze-pizza-1234-eddy-st-suite-109/Mdo6iSkHQJStFpRv53njiQ,south-bend
https://www.ubereats.com/south-bend/food-delivery/burger-king-2801-east-lincolnway-east/aKZFyuHDQLWB5W2eq4qHGQ,south-bend
https://www.ubereats.com/south-bend/food-delivery/fazolis-52770-state-route-933/82k-PPGQQRC5vDiDcG8LSg,south-bend
https://www.ubereats.com/south-bend/food-delivery/danny-boy-draft-works/k4ga2d63SRapCKOopwmxmw,south-bend
https://www.ubereats.com/south-bend/food-delivery/arbys-710-w-mckinley-ave/4PqrT7j6TGmO_sXQPgmHOA,south-bend
https://www.ubereats.com/south-bend/food-delivery/the-original-pancake-house-1430-n-ironwood-dr/PXXMZfpgSxCMa1L0m6Q6Sw,south-bend
https://www.ubereats.com/south-bend/food-delivery/fiesta-cancun/wAuFalYRTXOQQyapXbHkdQ,south-bend
https://www.ubereats.com/south-bend/food-delivery/chipotle-mexican-grill-202-w-ireland-rd/_mL3aF0QT2W8IFne3rR8GA,south-bend
https://www.ubereats.com/south-bend/food-delivery/hardees-207-w-ireland-rd/UcPKICr5S0OdIL_EJZ5kMA,south-bend
https://www.ubereats.com/south-bend/food-delivery/ihop-4115-n-main-street/gWEx_pCxSoKrqwO91iqqgQ,south-bend
https://www.ubereats.com/south-bend/food-delivery/hooties-burger-bar-205-w-day-road/8IJcjqYxTD675bv9eV66DA,south-bend
https://www.ubereats.com/south-bend/food-delivery/panera-1290-east-ireland-road/53Bfx4czQUGTxK3y7bQcIg,south-bend
https://www.ubereats.com/south-bend/food-delivery/lincolnway-grill-2/heUdE32_R8-rKHWcz7tdfQ,south-bend
https://www.ubereats.com/south-bend/food-delivery/red-robin-683-4010-n-main-st/6oIGPD62S_m_jf_MZH1xLA,south-bend
https://www.ubereats.com/south-bend/food-delivery/popeyes-louisiana-kitchen-2420-hickory-rd/GwGbkPRLR-WrKqV7QfXzmQ,south-bend
https://www.ubereats.com/south-bend/food-delivery/popeyes-2605-lincoln-way-w/iFZUqiN2RB-O6MGAXigm5w,south-bend
https://www.ubereats.com/south-bend/food-delivery/qdoba-5310-n-main-st/LE3c8fDZTbW_MrFDeyrLyQ,south-bend
https://www.ubereats.com/south-bend/food-delivery/taco-bell-221-w-lasalle-ave/RKGkqEEwRF20u0iZyWlI3g,south-bend
https://www.ubereats.com/south-bend/food-delivery/krispy-krunchy-chicken-14010-cleveland-rd/w_yOfNDwQay8dbrtlTyerA,south-bend
https://www.ubereats.com/south-bend/food-delivery/india-garden/cHmOrWiYSCS2mxpleqcZ0w,south-bend
https://www.ubereats.com/south-bend/food-delivery/arbys-4615-miami-st/32SCrVD7Ss-mtl-zi8Cbfw,south-bend
https://www.ubereats.com/south-bend/food-delivery/kfc-taco-bell-2612-lincoln-way-west/MFq4yH8FTV-1hSzCdNDljA,south-bend
https://www.ubereats.com/south-bend/food-delivery/the-port-of-peri-peri-granger/zq2aeOZ9R72uBzWAjSM0Qw,south-bend
https://www.ubereats.com/south-bend/food-delivery/arbys-52920-us-hwy-33/o9ROlehDTQSPCimMVifcRg,south-bend
https://www.ubereats.com/south-bend/food-delivery/panda-express-209-e-ireland-rd/1zQN7Y6dTDeQg_4POnz1Ag,south-bend
https://www.ubereats.com/south-bend/food-delivery/the-original-pancake-house-ironwood-%26-edison/uPwEIugVSZy0-BWLJweBzQ,south-bend
https://www.ubereats.com/south-bend/food-delivery/smiths-downtown/kAP5pch5Rn-sT9wQBB5Iwg,south-bend
https://www.ubereats.com/south-bend/food-delivery/steak-n-shake-5415-grape-road/zZ0J0PqKR5-kziTwG2bmhQ,south-bend
https://www.ubereats.com/south-bend/food-delivery/wendys-320-dixie-way-south/jEhp3CiNSNqNMa6xZD7bAA,south-bend
https://www.ubereats.com/south-bend/food-delivery/taco-bell-231-e-ireland-road/NeZGejvBQdWspzkVmEuZGg,south-bend
https://www.ubereats.com/south-bend/food-delivery/chicory-cafe-1st-st/hxely8unRD6qP3ntvOqTuQ,south-bend
https://www.ubereats.com/south-bend/food-delivery/starbucks-ireland-%26-miami/FaAdhL_-Qsap9I_CUQg09w,south-bend
https://www.ubereats.com/south-bend/food-delivery/dairy-queen-grill-%26-chill-4836-w-western-ave/Pa00DGz5RvKQe24bOLwHMA,south-bend
https://www.ubereats.com/south-bend/food-delivery/fat-cap-smoked-meats/IOFvu9dPTVqz90RKBQzR2A,south-bend
https://www.ubereats.com/south-bend/food-delivery/burger-king-5809-grape-road/sgQzRJKpTs6JoIW3axUCyg,south-bend
https://www.ubereats.com/south-bend/food-delivery/mcdonalds-grape-%26-indian-ridge/v1ZfsgZ8Sbuwbi8kClH2Qw,south-bend
https://www.ubereats.com/south-bend/food-delivery/wings-over-south-bend/wK4keoh2QdSNWyNt6-zYNQ,south-bend
https://www.ubereats.com/south-bend/food-delivery/flat-top-grill-mishawaka/VHTjmHvHTyiAgLwCeGafxw,south-bend
https://www.ubereats.com/south-bend/food-delivery/tampicos-mexican-grill/PmJFBQpVSx6eMpYvs5vVjA,south-bend
https://www.ubereats.com/south-bend/food-delivery/subway-1615-portage-ave/69dnCbm1TjWFSzbskZ_MvQ,south-bend
https://www.ubereats.com/south-bend/food-delivery/kfc-315-bittersweet-road/7Ljf38vdQKGZ-bjxVzfp2Q,south-bend
https://www.ubereats.com/south-bend/food-delivery/heavenly-goat-brewing/n349gjt2QAarUUTOjVSjdA,south-bend
https://www.ubereats.com/south-bend/food-delivery/the-pub/4g0XDjHFRVW7bIrewIgxCg,south-bend
https://www.ubereats.com/south-bend/food-delivery/fiesta-tapatia/S_1W8iWXQYOn1ckDrxKxPQ,south-bend
https://www.ubereats.com/south-bend/food-delivery/red-lobster-3930-north-main-street/CjwMqhHhSoqW8og9McmECw,south-bend
https://www.ubereats.com/south-bend/food-delivery/kickback-bar-%26-grill/AA0PrC_1TO-RhfUIkI4oRw,south-bend
https://www.ubereats.com/south-bend/food-delivery/panda-express-4906-grape-rd/f18pyJkATSWZyyZojkgpfg,south-bend
https://www.ubereats.com/south-bend/food-delivery/mcdonalds-lincoln-%26-bendix/0bmRsX6ZTI6Yyrgkh8Xt7g,south-bend
https://www.ubereats.com/south-bend/food-delivery/jersey-mikes-subs-5718-n-main-street/vasSNinRSnmTj2cEHpFGhA,south-bend
https://www.ubereats.com/south-bend/food-delivery/wendys-327-west-mckinley/Z5ZPQBn8T-GRWWr3236Iog,south-bend
https://www.ubereats.com/south-bend/food-delivery/arbys-5610-n-main-st/dxMUH343R8ayLkgvubGPYA,south-bend
https://www.ubereats.com/south-bend/food-delivery/tortilleria-el-sol/e4wMHuknTxCmEJDvfg9h4A,south-bend
https://www.ubereats.com/south-bend/food-delivery/burger-king-2171-south-bend-avenue/5wGY-CcyQIKurUfKXWQ7Nw,south-bend
https://www.ubereats.com/south-bend/food-delivery/top-notch/m9xP1ndrR9C0fDFnoBaYdw,south-bend
https://www.ubereats.com/south-bend/food-delivery/steak-n-shake-52965-state-road-933-north/3RiqrNJSQjKIYbqxt6gfyg,south-bend
https://www.ubereats.com/south-bend/food-delivery/subway-2314-n-hickory-rd/vokR9ZdASlyyeCSHgO6XEQ,south-bend
https://www.ubereats.com/south-bend/food-delivery/kfc-5011-western-ave/5s470yA1QniFsAmKg0fQGQ,south-bend
https://www.ubereats.com/south-bend/food-delivery/javiers-bistro/8hx4XVTFT4CB-Y5oeTUczQ,south-bend
https://www.ubereats.com/south-bend/food-delivery/mcalisters-1352-1130-angela-boulevard-suite-102/aIWORJbRTiq1LE5APAdlyA,south-bend
https://www.ubereats.com/south-bend/food-delivery/taco-bell-536-west-mckinley-road/-c9kyJChR5iDxI5gkaSt3w,south-bend
https://www.ubereats.com/south-bend/food-delivery/romeos-pizza-south-bend/KICvqvQQTkqPgKj3x2tIOQ,south-bend
https://www.ubereats.com/south-bend/food-delivery/wendys-4227-s-michigan/9gJMoOSdQyesaB8c6D9aiA,south-bend
https://www.ubereats.com/south-bend/food-delivery/zoup!-eatery-4334-grape-rd/ZDXiC1l1RhyyZiVKY9wAsQ,south-bend
https://www.ubereats.com/south-bend/food-delivery/bourbon-st-pizza/AMBEx-LARNSYUzeVvJTECQ,south-bend
https://www.ubereats.com/south-bend/food-delivery/aloha-poke-bowls/QUO9APJ4Tg22m4zHeepkMA,south-bend
https://www.ubereats.com/south-bend/food-delivery/logans-roadhouse-426-1320-e-ireland-rd/C815y4oJRbqGWpptL3a8vg,south-bend
https://www.ubereats.com/south-bend/food-delivery/j-w-chens/sbIAihOFS622K-dJo0eHDQ,south-bend
https://www.ubereats.com/south-bend/food-delivery/arbys-1807-lincoln-way-e/SJIXyhxfQz2f4vy4V90l3w,south-bend
https://www.ubereats.com/south-bend/food-delivery/five-guys-in-0363-6501-grape-rd/lK1G7KlvQbqFfM6ayJT4dw,south-bend
https://www.ubereats.com/south-bend/food-delivery/applebees-1150-ireland-road/1685f_lFQnWEdTORqOzY9g,south-bend
https://www.ubereats.com/south-bend/food-delivery/chipotle-mexican-grill-5545-n-main-st/uDs_6SsPRMSqHGf0cDc_bw,south-bend
https://www.ubereats.com/south-bend/food-delivery/arbys-209-w-sample-st/787CmNnBRGWAlEkyI6FzMg,south-bend
https://www.ubereats.com/south-bend/food-delivery/portillos-hot-dogs-5102-n-main-street/3zRAnjS2Qk-fCIj2tRN_8w,south-bend
https://www.ubereats.com/south-bend/food-delivery/subway-5316-w-western-ave/EY2Na5vZRdKkmxpNli6_vA,south-bend
https://www.ubereats.com/south-bend/food-delivery/chipotle-mexican-grill-1251-n-eddy-st-ste-101/RSRpYKK4SM6L8eHseAuBww,south-bend
https://www.ubereats.com/south-bend/food-delivery/table-97/4z9Xeu3oTXakJYPq4MEiSA,south-bend
https://www.ubereats.com/south-bend/food-delivery/fazolis-317-west-mc-kinley/tXzvowRPQryWhp1Q7My-mQ,south-bend
https://www.ubereats.com/south-bend/food-delivery/tippecanoe-place-restaurant/ZnX1KvIhTyGEv4ew3CQn4g,south-bend
https://www.ubereats.com/south-bend/food-delivery/potbelly-sandwich-shop-mishawaka-dt-%7C-419/9o5zIc6JQdSd25oxX460Bg,south-bend
https://www.ubereats.com/south-bend/food-delivery/burger-king-530-west-mckinley-avenue/SzsWFItsT3CnlNXS2BKrIw,south-bend
https://www.ubereats.com/south-bend/food-delivery/vegetable-buddies/lgTbHO7nSeSqh-rFhTv76g,south-bend
https://www.ubereats.com/south-bend/food-delivery/luca-pizza-di-roma-mishawaka/bCO3nw67Qdu4-s5E5BL90A,south-bend
https://www.ubereats.com/south-bend/food-delivery/midwest-kosher-%26-deli/VRLrwsnxS3Odl7kHvNI7LA,south-bend
https://www.ubereats.com/south-bend/food-delivery/the-shrimp-king-and-more/5sU9FPqURauAzYb1f0ZXdg,south-bend
https://www.ubereats.com/south-bend/food-delivery/four-horsemen-pizza/0m5i0nVFRje8en-CBrdeKQ,south-bend
https://www.ubereats.com/south-bend/food-delivery/fannie-may-mishawaka/w0lm8LlbTFarr36HCV9Y7g,south-bend
https://www.ubereats.com/south-bend/food-delivery/manjares-de-mexico/OfoGkZY5SICBXpXznqinug,south-bend
https://www.ubereats.com/south-bend/food-delivery/taco-bell-231-dixie-highway/mBZGpNO7ToGHMaxtJUW9Ww,south-bend
https://www.ubereats.com/south-bend/food-delivery/subway-323-north-eddy-st/m0oPqk1TRhqzXkbueHfXFQ,south-bend
https://www.ubereats.com/south-bend/food-delivery/arbys-120-n-bittersweet-rd/egh6Z2xtS8up3geIkYiSJw,south-bend
https://www.ubereats.com/south-bend/food-delivery/east-tokyo-hibachi/4GoclwjySNWjBVEDb99DnA,south-bend
https://www.ubereats.com/south-bend/food-delivery/rallys-2021-south-michigan-street/HEtvm08XQBOkdeai8uy1qg,south-bend
https://www.ubereats.com/south-bend/food-delivery/mcdonalds-portage-%26-cleveland/14fOIAkiSJO_45saxX2xBw,south-bend
https://www.ubereats.com/south-bend/food-delivery/mcdonalds-bremen-%26-east-fulmer/JrgVw9nKRN6n-43xEp_D_w,south-bend
https://www.ubereats.com/south-bend/food-delivery/mcdonalds-mckinley-%26-logan/3zQTp0uAT0Ks5m58zU_8XQ,south-bend
https://www.ubereats.com/south-bend/food-delivery/mcdonalds-lincoln-way-e-%26-ironwood/IyI1cyYHSQiiUIwL16skhA,south-bend
https://www.ubereats.com/south-bend/food-delivery/puerto-vallarta-express/_31gqYc8SuuVKTt9IcLyvw,south-bend
https://www.ubereats.com/south-bend/food-delivery/carmelas-restaurant/HrFj9bLKRU6QM-3J4mXA9Q,south-bend
https://www.ubereats.com/south-bend/food-delivery/mcdonalds-in-933-%26-darden/WcuqPhMlTXS-5HHcbux8uA,south-bend
https://www.ubereats.com/south-bend/food-delivery/wendys-3401-lincoln-way-west/6BMTz5WqR2epAnuomYUucg,south-bend
https://www.ubereats.com/south-bend/food-delivery/taphouse-on-the-edge/u2SB5TQnQD-ZoEDrusq27A,south-bend
https://www.ubereats.com/south-bend/food-delivery/bob-evans-42-204-dixie-way/z-QB0kl5Q9CM0jkwNqRSQQ,south-bend
https://www.ubereats.com/south-bend/food-delivery/flamingos-restaurant/CFl5csNwTvyKefOJyJ_4Pw,south-bend
https://www.ubereats.com/south-bend/food-delivery/burger-king-121-west-la-salle-avenue/RmAIFbRcQCaTv5ZudFPjvA,south-bend
https://www.ubereats.com/south-bend/food-delivery/burger-king-3403-portage-avenue/UTUlCzHrQV6LaCl7ScS26A,south-bend
https://www.ubereats.com/south-bend/food-delivery/pinellia-restaurant/ED5W0t3MRyOB8mz4JNp0UQ,south-bend
https://www.ubereats.com/south-bend/food-delivery/mcalisters-9923-5758-grape-rd/cwnGpLf9T5mUK4n1Tx8VMw,south-bend
https://www.ubereats.com/south-bend/food-delivery/top-notch/61mp7xQUTqqdlYB5rtn_6A,south-bend
https://www.ubereats.com/south-bend/food-delivery/arbys-3425-lincoln-way-w/Udy9Vnb-TTu3GsHZdYSncQ,south-bend
https://www.ubereats.com/south-bend/food-delivery/vesuvio-pizza/mNHMvXP1RLyFmZPgVberHw,south-bend
https://www.ubereats.com/south-bend/food-delivery/brunos-pizza/RX6C1XnNTDe6snsW-np4-A,south-bend
https://www.ubereats.com/south-bend/food-delivery/ruths-chris-steak-house-902-e-university-dr/LkMDU272QJKxkY_cxfEtqA,south-bend
https://www.ubereats.com/south-bend/food-delivery/mcdonalds-lincolnway-%26-mariellen/C7_oypuTQPKONpl-uGR_xw,south-bend
https://www.ubereats.com/south-bend/food-delivery/mcdonalds-michigan-%26-bowman/bsIU8Lq7QHu28AWFQuV8zQ,south-bend
https://www.ubereats.com/south-bend/food-delivery/7503-bonefish-grill-620-w-edison-rd/uIlM10s5SqGm2s78gZ_nVw,south-bend
https://www.ubereats.com/south-bend/food-delivery/mcdonalds-miami-%26-widener/5_3Mcb_ySTWjXYuo2BJ3bA,south-bend
https://www.ubereats.com/south-bend/food-delivery/sweetfrog-frozen-yogurt/QiyYJg9OQSaesn6SqaM0dg,south-bend
https://www.ubereats.com/south-bend/food-delivery/trackside-fine-food-and-spirits/fX6AomUlSUqjW8SRdkjJDQ,south-bend
https://www.ubereats.com/south-bend/food-delivery/tradewinds/PsUHiW1zQxWHMMJKKbVGMg,south-bend
https://www.ubereats.com/south-bend/food-delivery/starbucks-sr-933-%26-cleveland/ORFUkpffSKOrv7D1Fbfx_Q,south-bend
https://www.ubereats.com/south-bend/food-delivery/dairy-queen-grill-%26-chill-2015-south-bend-ave/jvQePQnDQQmr2Z-QwVbtGA,south-bend
