url,city
https://www.ubereats.com/dallas/food-delivery/chicken-express-grapevine/0VimwNvMSoymyg_FEkPKxw,southlake-texas
https://www.ubereats.com/dallas/food-delivery/new-york-pizza-%26-pasta/vboKhCqjRlaL-bsV2t4yRw,southlake-texas
https://www.ubereats.com/dallas/food-delivery/seven-day-donuts/a2drZuwzRViay4NfX52PjA,southlake-texas
https://www.ubereats.com/dallas/food-delivery/soul-bird-wings/xo4Zj5N8QO6MZeKYxmzYbg,southlake-texas
https://www.ubereats.com/dallas/food-delivery/bobaddiction/KBjhfxzVTU2vUhmBLqeT9A,southlake-texas
https://www.ubereats.com/dallas/food-delivery/pho-xpress-grapevine/us4192ItQG21-qrkeDcGcw,southlake-texas
https://www.ubereats.com/dallas/food-delivery/mcalisters-deli-542-irving-tx-1385/J2Wv7P-WTWuaG-SQqzik4g,southlake-texas
https://www.ubereats.com/dallas/food-delivery/yogurtland-1251-e-southlake-blvd/Vkf30mAoTHqza4O7rX6lQQ,southlake-texas
https://www.ubereats.com/dallas/food-delivery/hooties-burger-bar-1711-crossroads-drive/4Riia0f5SD-Bhrc-xJlj6g,southlake-texas
https://www.ubereats.com/dallas/food-delivery/sushi-nomi/C4N7NUILRVOdG4MOBYxnqA,southlake-texas
https://www.ubereats.com/dallas/food-delivery/my-lan-vietnamese-kitchen/HIHPhmVdQ36yUud6RAqoQQ,southlake-texas
https://www.ubereats.com/dallas/food-delivery/ahoyama/mg6ZR9WHSIemSR8-sv06mA,southlake-texas
https://www.ubereats.com/dallas/food-delivery/burger-box-bedford/QJzjqmvPTIe_SvCX3NLCPw,southlake-texas
https://www.ubereats.com/dallas/food-delivery/starbucks-1709-%26-rufe-snow-drive/QWCWThShRrSrUygGkao9uA,southlake-texas
https://www.ubereats.com/dallas/food-delivery/napolis-italian-kitchen/6Wd3QJIZSmKEEOZuq7uGcg,southlake-texas
https://www.ubereats.com/dallas/food-delivery/muggle-shakes-frozen-yogurt/3EdaJeaxR1CGneT7jw6Nyg,southlake-texas
https://www.ubereats.com/dallas/food-delivery/kfc-3116-harwood-road/ymZ69ewoQRyNuTA4pVURxg,southlake-texas
https://www.ubereats.com/dallas/food-delivery/smoothie-king-775-grapevine-highway/rU1pGUTZQlu8RpTEkbHeew,southlake-texas
https://www.ubereats.com/dallas/food-delivery/delucca-gaucho-pizza-%26-wine/KK8WW5GqQeqlzCvQLOfV8w,southlake-texas
https://www.ubereats.com/dallas/food-delivery/tropical-smoothie-cafe-fort-worth/pp8jx9kYQzW1MtolpIGp8g,southlake-texas
https://www.ubereats.com/dallas/food-delivery/hibachi-teppanyaki-and-sushi-bar/p_3tl3_GRIKu7G_1D4uaiQ,southlake-texas
https://www.ubereats.com/dallas/food-delivery/grimaldis-grapevine/y8Gb_w7qQiuZ7f61G0zmow,southlake-texas
https://www.ubereats.com/dallas/food-delivery/judypie/U_s6K42ESG-fpfIhLeQUiA,southlake-texas
https://www.ubereats.com/dallas/food-delivery/papa-murphys-pizza-tx251-2816-central-dr/iXILqg6GTLuInGHiAWfRqg,southlake-texas
https://www.ubereats.com/dallas/food-delivery/argentinas-sweet-%26-salty/b_r2ymLTQZS42LxJF5I41w,southlake-texas
https://www.ubereats.com/dallas/food-delivery/pitstop-bar-and-grill/c81nTc68RyCbOf7FeBI_SA,southlake-texas
https://www.ubereats.com/dallas/food-delivery/fish-city-grill-southlake/Y0mE1LzfSV-6vBZBjqEkjg,southlake-texas
https://www.ubereats.com/dallas/food-delivery/cotton-patch-cafe-128-s-main-st/oZqG-noJQ1G4VbNsesgsaw,southlake-texas
https://www.ubereats.com/dallas/food-delivery/fast-furious-japanese-grill-cypress-waters-blvd/o39C0a2KRt-CFvIPsoKUFw,southlake-texas
https://www.ubereats.com/dallas/food-delivery/creative-memories-the-sweet-spot-bakery/XorVSo-vSVqHq2_dHjCeEQ,southlake-texas
https://www.ubereats.com/dallas/food-delivery/panda-express-1345-hwy-377/PKmPYtUORDWl4anqGmg4Gw,southlake-texas
https://www.ubereats.com/dallas/food-delivery/mesa-mexican-cuisine/N8cDM2MBQW-xlU7tmx-obQ,southlake-texas
https://www.ubereats.com/dallas/food-delivery/elote-mexican-kitchen/0Y69t6tdTg2-nIkqbBeLGw,southlake-texas
https://www.ubereats.com/dallas/food-delivery/firehouse-subs-1411-keller-pkwy/NkaQ3GQ8SS6uSrcaCZTCAQ,southlake-texas
https://www.ubereats.com/dallas/food-delivery/zoes-kitchen-7300-denton-hwy/9CnFsdnLSfuV1GPTO0FK4g,southlake-texas
https://www.ubereats.com/dallas/food-delivery/tazikis-mediterranean-cafe-southlake/HMZhEPiqTq-Hp63kzL3SyA,southlake-texas
https://www.ubereats.com/dallas/food-delivery/trinity-street-food-ector-dr/iyMx39wkREW0kE4f3fhgmg,southlake-texas
https://www.ubereats.com/dallas/food-delivery/the-thai-house/zNqPgU19TCydHOHrea_jqw,southlake-texas
https://www.ubereats.com/dallas/food-delivery/sabai-sabai-southeast-asian-kitchen/cl1GrYsiQjii3ygR-5RBJg,southlake-texas
https://www.ubereats.com/dallas/food-delivery/euros-gyros/YOL6S8_FTuKLvPohFMnRJg,southlake-texas
https://www.ubereats.com/dallas/food-delivery/lava-10/fMWZvxbIQVGDbKptKvj68A,southlake-texas
https://www.ubereats.com/dallas/food-delivery/stop-n-go-gyros-8401-boulevard/3MapOE1qS0OdhTFQ8oY0rw,southlake-texas
https://www.ubereats.com/dallas/food-delivery/fuzzys-taco-shop-600-e-byron-nelson-blvd/Emc7yqh-RsqUiVYQTgFyRg,southlake-texas
https://www.ubereats.com/dallas/food-delivery/tommy-tamale-grapevine/Y7NJD-arRkWir5KF0km2Rw,southlake-texas
https://www.ubereats.com/dallas/food-delivery/sonic-8875-grapevine-hwy/TkHr3MD8RWGY7WKxmncThw,southlake-texas
https://www.ubereats.com/dallas/food-delivery/a-wok-that-rocks/XYG5BSJjT5Ojpp3xDk20LQ,southlake-texas
https://www.ubereats.com/dallas/food-delivery/which-wich-3001-hwy-121-euless-tx/tZFVFfz8ReKfMZhYkUHDJQ,southlake-texas
https://www.ubereats.com/dallas/food-delivery/wendys-2130-e-southlake-blvd/BCiPPvBMSU-Xp5KkuFcWNA,southlake-texas
https://www.ubereats.com/dallas/food-delivery/here-asian-sushi-%26-bar/WfRgnL3zQx65jCX9xXsf4w,southlake-texas
https://www.ubereats.com/dallas/food-delivery/krispy-kreme-grapevine/luwt6nIVRe6vDm2SMZe2ag,southlake-texas
https://www.ubereats.com/dallas/food-delivery/sonic-201-west-nw-highway/_TirwbaZTbqGi53HWP-yZg,southlake-texas
https://www.ubereats.com/dallas/food-delivery/zaxbys-701-keller-parkway/nrryFQW1R--c0-SMwpt_sA,southlake-texas
https://www.ubereats.com/dallas/food-delivery/saltgrass-102-state-highway-114-e/AGHimnNKQsO0J1206oTM9w,southlake-texas
https://www.ubereats.com/dallas/food-delivery/bedford-ice-house/8Sz3Q_1_Q2egsc3C5S0Kkw,southlake-texas
https://www.ubereats.com/dallas/food-delivery/lava-asian-grill/cA0PD9AVR6-5Y2z66wUpTA,southlake-texas
https://www.ubereats.com/dallas/food-delivery/utopia-food-%26-fitness/vR4WVPWmS2K4ZtLC6zdOYw,southlake-texas
https://www.ubereats.com/dallas/food-delivery/firehouse-subs-alliance/bGUHOOazSZGdAKDklA3DYg,southlake-texas
https://www.ubereats.com/dallas/food-delivery/hooters-grapevine-hwy-%26-ne-loop-820/U63lr31xRSW3ugmwQOxFJg,southlake-texas
https://www.ubereats.com/dallas/food-delivery/spice-8/koHubseGSOKBWtvAqP6vwg,southlake-texas
https://www.ubereats.com/dallas/food-delivery/taco-bell-702-east-highway-114/c4r9WOInTrCR2y0rfZidnQ,southlake-texas
https://www.ubereats.com/dallas/food-delivery/corner-bakery-cafe-100-state-st/IiBlz2IRRNqqaSyiphV73Q,southlake-texas
https://www.ubereats.com/dallas/food-delivery/bosses-pizza/YP2r5YGrRd24af0ybxiUAQ,southlake-texas
https://www.ubereats.com/dallas/food-delivery/which-wich-superior-sandwiches-2908-texas-sage-trail/lrF9_X9GQ3-uOLLEUwRP9A,southlake-texas
https://www.ubereats.com/dallas/food-delivery/milwaukee-joes-gourmet-ice-cream-south-lake/zVYgAFWNQwCa6I561alwgw,southlake-texas
https://www.ubereats.com/dallas/food-delivery/el-pollo-loco-1900-central-dr3804/kU8Wvo5vTNmxAwk4FLGLOw,southlake-texas
https://www.ubereats.com/dallas/food-delivery/yogurtland-1251-e-southlake-blvd/749TwfhkQvKeu08uTSCrsg,southlake-texas
https://www.ubereats.com/dallas/food-delivery/sushiyaa-north-richland-hills/X1fG0W82Tpaz7qfagxCXLQ,southlake-texas
https://www.ubereats.com/dallas/food-delivery/hollywood-burger-keller/F7htwNfgRzWYmidiwW2mng,southlake-texas
https://www.ubereats.com/dallas/food-delivery/soulbird-chkn-shack-%26-wing-bar/QLb2cfAYSli_WsKRbzcGhQ,southlake-texas
https://www.ubereats.com/dallas/food-delivery/hermanos-taqueria/_WKdCkauQb2HOvk9VRE5Sw,southlake-texas
https://www.ubereats.com/dallas/food-delivery/seven-mile-cafekeller/PEtFCN4jRoOzGMYkhMdQMA,southlake-texas
https://www.ubereats.com/dallas/food-delivery/flatrock-smokehouse-bbq/xgMO8UYURsGAIrqcLSMzJQ,southlake-texas
https://www.ubereats.com/dallas/food-delivery/ihop-3018-euless/9msOWsEHS5ahrYx1BPWcSQ,southlake-texas
https://www.ubereats.com/dallas/food-delivery/amano-italian-bistro/yA0wpQaqT-O2kQehbcYKNw,southlake-texas
https://www.ubereats.com/dallas/food-delivery/chipotle-mexican-grill-2225-e-grapevine-mills-cir/kxK2ifxkQtOOuDuJxUdUjw,southlake-texas
https://www.ubereats.com/dallas/food-delivery/sonic-euless/xStbshKqTlCkFf7V5ii37Q,southlake-texas
https://www.ubereats.com/dallas/food-delivery/hashi-japanese-kitchen/0tmWzhR5RgaPZdVP0afIpw,southlake-texas
https://www.ubereats.com/dallas/food-delivery/dickeys-bbq-pit-us-377-%26-northwest-pkwy/Bmi1OPItQ5auhyjZTE-DcA,southlake-texas
https://www.ubereats.com/dallas/food-delivery/jon-smith-subs/A5oTgK-tRy-_8NA5TEWO3g,southlake-texas
https://www.ubereats.com/dallas/food-delivery/la-bistro-italian-restaurant/aTnHO_cpTMiFOh7-tXOqCw,southlake-texas
https://www.ubereats.com/dallas/food-delivery/pink-beet-cafe/WE1UDQ_FQd6CpgYeFxCY6Q,southlake-texas
https://www.ubereats.com/dallas/food-delivery/krispy-kreme-denton-hwy-%26-starnes-rd/KDMH6_KVSDaLSEygJAX1ww,southlake-texas
https://www.ubereats.com/dallas/food-delivery/papa-johns-940-keller-parkway-suite-280/jbgENO9kRDSgpf-fS_sJBQ,southlake-texas
https://www.ubereats.com/dallas/food-delivery/los-jimadores-tex-mex-tequila-factory-bedford/N2g7Au6xQo2Thy7-yA525Q,southlake-texas
https://www.ubereats.com/dallas/food-delivery/chick-fil-a-9130-n-tarrant-pkwy/vpym8XZkT6qiMRFVYJdKvA,southlake-texas
https://www.ubereats.com/dallas/food-delivery/the-library-bar-and-grill/qMwVxsQLSWWR1OPiGO53PQ,southlake-texas
https://www.ubereats.com/dallas/food-delivery/italiannis-restaurant/hk3Jw2DERz6bp9ySNDyUig,southlake-texas
https://www.ubereats.com/dallas/food-delivery/ihop-3007-fort-worth/ZaZ3zkS_TtSI11Q2KEOBiw,southlake-texas
https://www.ubereats.com/dallas/food-delivery/taco-bueno-3128-alliance-%231/3Rlj0tQaQvSWX0gnIIQA3Q,southlake-texas
https://www.ubereats.com/dallas/food-delivery/bennys-cafe-breakfast-and-lunch/3TaNP7mxSZu5rAJ0LHZPgw,southlake-texas
https://www.ubereats.com/dallas/food-delivery/tio-carlos-mexican-latin-grill/71wQ3qmMRLmwevdTz7__Xw,southlake-texas
https://www.ubereats.com/dallas/food-delivery/malai-kitchen-southlake/vhHn_tf-S6aH3LRrP9Iixw,southlake-texas
https://www.ubereats.com/dallas/food-delivery/subway-100-w-southlake-blvd/ksPpsSSiSHSB5UDXyXdVXg,southlake-texas
https://www.ubereats.com/dallas/food-delivery/black-walnut-cafe-colleyville/0AUTO1iURE65rlTURMoewQ,southlake-texas
https://www.ubereats.com/dallas/food-delivery/black-sesame/Q8UZ2oGwSAC_Ing-aveWEQ,southlake-texas
https://www.ubereats.com/dallas/food-delivery/wing-squad-dallas-southlake/nuaprzmPSSup5j0oRzMPmQ,southlake-texas
https://www.ubereats.com/dallas/food-delivery/wild-blueberries-frozen-yogurt-gelato-boba-tea-and-coffees/eXQHa-L9Rm6uX29sTZENRA,southlake-texas
https://www.ubereats.com/dallas/food-delivery/mughlai-fine-indian-cuisine/SfVI6WNyRUqR43Rnc8SPvA,southlake-texas
https://www.ubereats.com/dallas/food-delivery/pizza-garden/iQoyChEWS6Os0ElTRaBtQw,southlake-texas
https://www.ubereats.com/dallas/food-delivery/la-burger-north-main/-fkwMipEQGCxsmxX98eniQ,southlake-texas
https://www.ubereats.com/dallas/food-delivery/busy-bs-bakery/TG0aeJV_QliYWDzOfZjEIw,southlake-texas
https://www.ubereats.com/dallas/food-delivery/sphere-boba-tea/1RwhKeMeQUqaFj7nR8eq2Q,southlake-texas
https://www.ubereats.com/dallas/food-delivery/ra-sushi-southlake/Ybh2v9oRR_SsdRG9hd-QZw,southlake-texas
https://www.ubereats.com/dallas/food-delivery/menchies-frozen-yogurt-4709-colleyville-blvd/aTr8W24iS4qgmTfODdJmBQ,southlake-texas
https://www.ubereats.com/dallas/food-delivery/coolgreens-southlake/e99UqatyRhS91fRKx_R_zg,southlake-texas
https://www.ubereats.com/dallas/food-delivery/golden-thai-cuisine/4pU6DlQEQUKGGqtt0tV3xg,southlake-texas
https://www.ubereats.com/dallas/food-delivery/mcdonalds-grapevine-tx-121-%26-glade/Ht940cn9TkWYS76agzvCfw,southlake-texas
https://www.ubereats.com/dallas/food-delivery/our-brunch-spot/CR7JZi0ZTsmAerVqrbWGYw,southlake-texas
https://www.ubereats.com/dallas/food-delivery/sonic-13211-raceway-dr/uJ8HKXx9TACdwxGlf0oUzA,southlake-texas
https://www.ubereats.com/dallas/food-delivery/deli-dun-right/9Xebn_V0QFKsTsvmB-AM_w,southlake-texas
https://www.ubereats.com/dallas/food-delivery/sushi-sam/-1sFp88YTDKwO_oM6WX75Q,southlake-texas
https://www.ubereats.com/dallas/food-delivery/outback-steakhouse-813-airport-freeway/kAd5R2FARP6zhTWIVbwccQ,southlake-texas
https://www.ubereats.com/dallas/food-delivery/jersey-mikes-subs-1431-keller-parkway/0hE0HIbCQVyk4GKKfIRzsg,southlake-texas
https://www.ubereats.com/dallas/food-delivery/the-station-patio-icehouse/VQMgCnJHRT-v9YZhSPOLxg,southlake-texas
https://www.ubereats.com/dallas/food-delivery/wendys-9140-n-tarrant-pkwy/1qP6tgzNQIi3K-ukLM9BaA,southlake-texas
https://www.ubereats.com/dallas/food-delivery/kfc-taco-bell-101-north-kimball-avenue/yjdrbaXARHucskIoKEhFpw,southlake-texas
https://www.ubereats.com/dallas/food-delivery/glorias-latin-cuisine-1121-e-southlake-blvd/_UIhkIXiSMiwYeyeZaV9Mw,southlake-texas
https://www.ubereats.com/dallas/food-delivery/shell-shack/talGzvoFTvaLZs9CmRmajQ,southlake-texas
https://www.ubereats.com/dallas/food-delivery/mannys-uptown-tex-mex-southlake/19kKq6gsR8qrCMu8Giiwsw,southlake-texas
https://www.ubereats.com/dallas/food-delivery/starbucks-hwy-377-and-fm1709/CBqA70hXTiyHcMCnPoqUZg,southlake-texas
https://www.ubereats.com/dallas/food-delivery/joes-pizza-n-pasta-keller/2uPd6PT1RFapcRzmHAH3EQ,southlake-texas
https://www.ubereats.com/dallas/food-delivery/luna-grill-colleyville/I529XhxsSG2I2oq-RO_nYA,southlake-texas
https://www.ubereats.com/dallas/food-delivery/rio-mambo-colleyville/JnDkRFR7TP2nb-nMoM2OPw,southlake-texas
https://www.ubereats.com/dallas/food-delivery/pho-in-the-box-keller/GD4P9KrSRLKXxHtqitNvBA,southlake-texas
https://www.ubereats.com/dallas/food-delivery/flips-patio-grill/TyOVHM0VTqmJeO0-np2dLQ,southlake-texas
https://www.ubereats.com/dallas/food-delivery/the-beacon-cafe-on-the-beach/V-wMWt87RAyiYQyANhV8ag,southlake-texas
https://www.ubereats.com/dallas/food-delivery/starbucks-hwy-377-%26-hwy-114/XzXtO-DwTNS6kYm1SVyc9Q,southlake-texas
https://www.ubereats.com/dallas/food-delivery/howard-wangs-china-grill-southlake-blvd/ILgl5WsvS7CkMyP-x7e9ug,southlake-texas
https://www.ubereats.com/dallas/food-delivery/sara-donuts/Vsovje4NQzKiuHn3NWBnMA,southlake-texas
https://www.ubereats.com/dallas/food-delivery/simply-thai-keller/3o7YHuGRTMKTl8-FdmK41Q,southlake-texas
https://www.ubereats.com/dallas/food-delivery/jets-pizza-north-richland-hills/Tq-Sruh1TrWakAOpb5fNTw,southlake-texas
https://www.ubereats.com/dallas/food-delivery/chez-fabien-main-street-bistro-%26-bakery/D6FuegfmTFu9-ipI_Hgnbw,southlake-texas
https://www.ubereats.com/dallas/food-delivery/charleys-philly-steaks-grapevine-mills-mall/mM1JoTpqQmSwanXiom_66Q,southlake-texas
https://www.ubereats.com/dallas/food-delivery/dickeys-bbq-pit-1320-chisholm-trail/ygMJnrgjQiK4QpCQuEEnAg,southlake-texas
https://www.ubereats.com/dallas/food-delivery/buttermilk-sky-pie-shop/lndEyISKSreZYTVJxoXhxA,southlake-texas
https://www.ubereats.com/dallas/food-delivery/starbucks-southlake-blvd-and-nolen/BdQSw9DJQJmxvo85-g5_9Q,southlake-texas
https://www.ubereats.com/dallas/food-delivery/china-express/WY5hAcnUSbyMVvOf3YNBNw,southlake-texas
https://www.ubereats.com/dallas/food-delivery/panda-express-1301-west-glade/wnZ7UMXDSRCzpGEC_XygDw,southlake-texas
https://www.ubereats.com/dallas/food-delivery/the-original-pancake-house-1505-william-d-tate-ave/TZoounYHS4Os0Gnv1C_WKQ,southlake-texas
https://www.ubereats.com/dallas/food-delivery/chapps-burgers-blvd-26/aOIASX6WRWGzweal9P_tZg,southlake-texas
https://www.ubereats.com/dallas/food-delivery/mcalisters-deli-520-southlake-tx-1196/ku_I_AjVTVOYTmgzgQpAEg,southlake-texas
https://www.ubereats.com/dallas/food-delivery/chicken-express-12620-timberland/iZOnzghwQv6duJ8wf-f_Kw,southlake-texas
https://www.ubereats.com/dallas/food-delivery/ihop-1946-mid-cities/nBp5R4xPQfiFKmyB7ArLYQ,southlake-texas
https://www.ubereats.com/dallas/food-delivery/mid-cities-cafe/rkbN83GcTey2tAuesY1yiQ,southlake-texas
https://www.ubereats.com/dallas/food-delivery/rice-pot-colleyville/9lCIJXenRRm6JjapBspZOw,southlake-texas
https://www.ubereats.com/dallas/food-delivery/the-hot-potato/oSpA1N1yQDOZvRJtzbPriQ,southlake-texas
https://www.ubereats.com/dallas/food-delivery/la-burger-keller-pkwy/xjpFzLXQSOawkBxv1dRong,southlake-texas
https://www.ubereats.com/dallas/food-delivery/pei-wei-asian-diner-1582-e-southlake-blvd/692PxBNxSIeM-zts1XsHcg,southlake-texas
https://www.ubereats.com/dallas/food-delivery/starwood-cafe-north-richland-hills/61eadjGHTgu2qkvsCLTlPw,southlake-texas
https://www.ubereats.com/dallas/food-delivery/kimsdonut/naug9th-QTeymjl9I0Ucqg,southlake-texas
https://www.ubereats.com/dallas/food-delivery/papa-johns-2140-east-southlake-boulevard-suite-w/WOhqhtTmTaWMjyhrJx-x-A,southlake-texas
https://www.ubereats.com/dallas/food-delivery/ozeki-ramen-%26-sushi-izakaya/LH6PsBPCRBGV9bh9UEGdQA,southlake-texas
https://www.ubereats.com/dallas/food-delivery/cinnaholic-southlake-blvd/2m0zMhiZSbSnW_A_523Hcw,southlake-texas
https://www.ubereats.com/dallas/food-delivery/on-the-border-roanoke/lFnD-PdqTDqJt1erxqk7Rg,southlake-texas
https://www.ubereats.com/dallas/food-delivery/schlotzskys-2000-w-southlake-blvd/SbW4C_TVT4mcv03_Yg5Vhg,southlake-texas
https://www.ubereats.com/dallas/food-delivery/potbelly-sandwich-shop-southlake-%7C-342/euKaQ7YyRW6ACJuVaeMYkA,southlake-texas
https://www.ubereats.com/dallas/food-delivery/chipotle-mexican-grill-4609-colleyville-blvd/3dP_tn16Q0Gvc9Qc_RhwrA,southlake-texas
https://www.ubereats.com/dallas/food-delivery/zoes-kitchen-2175-e-southlake-blvd/IHnAghJMTZq9292wRzfShw,southlake-texas
https://www.ubereats.com/dallas/food-delivery/roll-n-bowl/grhmH1d6SvqUzBS9bhu5XA,southlake-texas
https://www.ubereats.com/dallas/food-delivery/marble-slab-creamery-3930-glade-road-%23119/PvynL_heS4aD4j6wa8hD2w,southlake-texas
https://www.ubereats.com/dallas/food-delivery/jack-in-the-box-1290-william-tate-ave/vnScldlkQEGVGDxStdHHIQ,southlake-texas
https://www.ubereats.com/dallas/food-delivery/il-paradiso/8uCldoiVSB6A1YY_Zj7ilg,southlake-texas
https://www.ubereats.com/dallas/food-delivery/chick-fil-a-2255-e-grapevine-mills-cir/VHStUh4DRi2jH7Ki_VqXxA,southlake-texas
https://www.ubereats.com/dallas/food-delivery/sbarro-3000-grapevine-mills-mall/P6v-JnnsT_eJlO8lI_6T0w,southlake-texas
https://www.ubereats.com/dallas/food-delivery/taco-bell-1201-w-glade-rd/fmAGywzhSfeiK8NnNZe36A,southlake-texas
https://www.ubereats.com/dallas/food-delivery/panda-express-3540-highway-114/jv4CqMyATOm3nBdg3PSTXQ,southlake-texas
https://www.ubereats.com/dallas/food-delivery/sonic-180-davis-blvd/W4flcCS6RzKb8bNzN32W6g,southlake-texas
https://www.ubereats.com/dallas/food-delivery/central-donuts-%26-bakery/K-P784yzQVaKow1cC7DQbA,southlake-texas
https://www.ubereats.com/dallas/food-delivery/boomerjacks-grill-and-bar-bedford/clZV8pQPTZqmcHFZEpI8jg,southlake-texas
https://www.ubereats.com/dallas/food-delivery/bahama-bucks-5636-n-tarrant-pkwy-suite-100/DI4x6UVjR8GMhwLNwsuBug,southlake-texas
https://www.ubereats.com/dallas/food-delivery/tolberts-restaurant/E0auRfDRQ_e9RRP32vWMQw,southlake-texas
https://www.ubereats.com/dallas/food-delivery/vitality-bowls-2750-e-southlake-blvd-suite-110/1xMIJBNiTiyH00WRn6WEUg,southlake-texas
https://www.ubereats.com/dallas/food-delivery/ozeki-sushi-%26-ramen/fYftehmhRmSD9w6PDyEaGQ,southlake-texas
https://www.ubereats.com/dallas/food-delivery/mandu-dumpling-house-nrh/oG-7G0_FSHuM8keH0X0BaA,southlake-texas
https://www.ubereats.com/dallas/food-delivery/fosters/nSrb9W7DT8OcgGWiZmqzFQ,southlake-texas
https://www.ubereats.com/dallas/food-delivery/sunny-street-cafe/1iIYH8rESFK4RcIEbHpkjA,southlake-texas
https://www.ubereats.com/dallas/food-delivery/papa-murphys-pizza-tx048-12345-alta-vista-road/gbmrQZdfQteLpsz8DFBqlA,southlake-texas
https://www.ubereats.com/dallas/food-delivery/fast-furious-japanese-grill-w-royal-ln/g0Q6zWFHRlSzotfJpedzpA,southlake-texas
https://www.ubereats.com/dallas/food-delivery/starbucks-cheek-sparger-%26-hwy-121/4ZB070ZiT4iGtu1vWDAMpg,southlake-texas
https://www.ubereats.com/dallas/food-delivery/schlotzskys-1801-s-main-street/86Ibhc0JR4GhHs1qkqbIbw,southlake-texas
https://www.ubereats.com/dallas/food-delivery/first-watch-north-richland-hill/1BFdRSkvTXu-AtdaMnQAcg,southlake-texas
https://www.ubereats.com/dallas/food-delivery/keller-donuts-%26-munchies/9WMIICnNRIiuvgwpOOfOEQ,southlake-texas
https://www.ubereats.com/dallas/food-delivery/donnas-donuts/-GfEWqgbT96UHd3g0rdWJQ,southlake-texas
https://www.ubereats.com/dallas/food-delivery/f2-fusion-flavors/M_uPDSkDRzCrYddzDv6jsA,southlake-texas
https://www.ubereats.com/dallas/food-delivery/starwood-cafe-north-richland-hills/pRgNHJekRn6Zlsot8o_IRA,southlake-texas
https://www.ubereats.com/dallas/food-delivery/five-guys-tx-0321-242-state-st/voixGrRxQgmU8VP3C8uzgw,southlake-texas
https://www.ubereats.com/dallas/food-delivery/fng-eats/bDAukcj9QLuV11EUzrM7TQ,southlake-texas
https://www.ubereats.com/dallas/food-delivery/firehouse-subs-euless/m0BThmflReOiz9ajnYrg2A,southlake-texas
https://www.ubereats.com/dallas/food-delivery/soulbird-chkn/9E8DXmNyTFKMTjqFU6u1Fg,southlake-texas
https://www.ubereats.com/dallas/food-delivery/redrock-canyon-grill-e-southlake/hcrGkVSyQ-OUvgrZhXhXng,southlake-texas
https://www.ubereats.com/dallas/food-delivery/donut-place/l2Slr75AR06VbwuK4eRrHg,southlake-texas
https://www.ubereats.com/dallas/food-delivery/mcdonalds-bedford-harwood/sqqQYDqBSpyn852-vgWU-g,southlake-texas
https://www.ubereats.com/dallas/food-delivery/thai-chili/SdHUA51lSom-THf_WES-iA,southlake-texas
https://www.ubereats.com/dallas/food-delivery/grandys-north-richland-hills/-XEE33vWQqKeLqkjeCLZXA,southlake-texas
https://www.ubereats.com/dallas/food-delivery/smoothie-king-8450-denton-hwy/_yYZQ0_3SsGnI0AauAzX7Q,southlake-texas
https://www.ubereats.com/dallas/food-delivery/hot-n-creamy-donuts/qdLoltMRRpCDhzGjs8UuxQ,southlake-texas
https://www.ubereats.com/dallas/food-delivery/tropical-smoothie-cafe-hurst/9hoo-k4eQeiEl5CK43kDlA,southlake-texas
https://www.ubereats.com/dallas/food-delivery/mks-sushi/WzdA_QsLQ_W_90DsedjfEw,southlake-texas
https://www.ubereats.com/dallas/food-delivery/krab-kingz-seafood/afmGayZkQ-ShxaMo99d_6Q,southlake-texas
https://www.ubereats.com/dallas/food-delivery/noodles-%40-boba-tea-house/Q1VnotEETdKv0Y858bNItg,southlake-texas
https://www.ubereats.com/dallas/food-delivery/famous-fatsos-burgers/hXeGkzanQ7GLV5WbKWESpg,southlake-texas
https://www.ubereats.com/dallas/food-delivery/salvadoreno-latin-cuisine/LpPj_isbRNqAUwD21y_tDg,southlake-texas
https://www.ubereats.com/dallas/food-delivery/ihop-1498-southlake/w6TJmRZ1QXWD0EoyOBnD5Q,southlake-texas
https://www.ubereats.com/dallas/food-delivery/dragon-house/s3LBjdwjQAya6tkr5TmOuA,southlake-texas
https://www.ubereats.com/dallas/food-delivery/luna-grill-southlake/86lgkb7ER1O5dMHB3M0wjw,southlake-texas
https://www.ubereats.com/dallas/food-delivery/taco-bell-115-north-denton-tap-road/xy7RRKvUQ7W5PNctqhVpjA,southlake-texas
https://www.ubereats.com/dallas/food-delivery/jersey-mikes-subs-southlake-410-west-southlake-blvd/oLdSSMijQTOlJevaYo2DOg,southlake-texas
https://www.ubereats.com/dallas/food-delivery/starbucks-davis-%26-1709/O46seqB9S7Oxnpc34ncQcw,southlake-texas
https://www.ubereats.com/dallas/food-delivery/oliva-italian-eatery/HtvYKTIgSxOFDvcpRL64cA,southlake-texas
https://www.ubereats.com/dallas/food-delivery/m-%26-k-mediterranean-grill/YAnnbrNGTgq87344VN1nbg,southlake-texas
https://www.ubereats.com/dallas/food-delivery/burgerim-5000-st-hwy-114-ste-100/bYkgZH8EQJuX9T2MmzEaJQ,southlake-texas
https://www.ubereats.com/dallas/food-delivery/burning-rice-hurst/3zVgrNd8RPOvk-Bj1pKTKA,southlake-texas
https://www.ubereats.com/dallas/food-delivery/sushi-soho/QQYtXBqxQ9WHYy4arJK81A,southlake-texas
https://www.ubereats.com/dallas/food-delivery/red-brick-pizza-colleyville/Hf-EzvzeSQOsIr2Aa24KiQ,southlake-texas
https://www.ubereats.com/dallas/food-delivery/el-paisa-cocina-mexicana-4001-colleyville-blvd/w2abOYA6TDqg2xuelPMFgA,southlake-texas
https://www.ubereats.com/dallas/food-delivery/steel-city-pops-1141-e-southlake-blvd/8mcUGVwQSYi6e6y0U7UYaw,southlake-texas
https://www.ubereats.com/dallas/food-delivery/chick-fil-a-1002-keller-pkwy/aT-xDXA8TdGCJkhdPrLhNA,southlake-texas
https://www.ubereats.com/dallas/food-delivery/om-indian-grill/ywBIuuGJQ-ipo8aYiatN6g,southlake-texas
https://www.ubereats.com/dallas/food-delivery/go-loco-street-tacos-grapevine/wIsRUStdQMazoPqxR7JW7g,southlake-texas
https://www.ubereats.com/dallas/food-delivery/uncle-julios-grapevine/qoWriNPASIixEsdNrU5AxQ,southlake-texas
https://www.ubereats.com/dallas/food-delivery/chipotle-mexican-grill-3010-e-southlake-blvd-%23-600/D0GqXZZVRLmX5qRKH-Cvbg,southlake-texas
https://www.ubereats.com/dallas/food-delivery/imperial-hibachi/x1UXug1qR2mDw2SBb_RRdw,southlake-texas
https://www.ubereats.com/dallas/food-delivery/pei-wei-2901-heritage-trace-parkway-suite-105/SzTjf4YpR6Wrq7RIQP5eZg,southlake-texas
https://www.ubereats.com/dallas/food-delivery/pho-real/2MDS3yivRJaXz37CiiakZA,southlake-texas
https://www.ubereats.com/dallas/food-delivery/chick-fil-a-1245-william-d-tate-ave/IvNP3S9NTo2BgefRRP9tFw,southlake-texas
https://www.ubereats.com/dallas/food-delivery/buffalo-wild-wings-2017-s-main-st/Wub6mtB_S46suLU9mZjLMw,southlake-texas
https://www.ubereats.com/dallas/food-delivery/wendys-2111-hall-johnson-road/-8MrjEftRRK-0QOgsyt5Qw,southlake-texas
https://www.ubereats.com/dallas/food-delivery/bahama-bucks-4605-colleyville-blvd/DSxb-z6sS-q7QLzo4Law0w,southlake-texas
https://www.ubereats.com/dallas/food-delivery/taco-bueno-3123-grapevine-%232/C0Edn0VkS-Owil4LhcvddA,southlake-texas
https://www.ubereats.com/dallas/food-delivery/cafe-italia-ristorante-ira-e/EUeMoP43Q1-XyYdOyO4lEw,southlake-texas
https://www.ubereats.com/dallas/food-delivery/spring-creek-barbeque-highway-114-w/XJG_6T49S2a1ZP0yz8Cllw,southlake-texas
https://www.ubereats.com/dallas/food-delivery/starbucks-hwy-26-%26-mustang-dr/5IHargamQ7eyjGQh4dp1RQ,southlake-texas
https://www.ubereats.com/dallas/food-delivery/reno-reds-frontier-cooking/lpJmOg-8TiGpM0_IBMdWaQ,southlake-texas
https://www.ubereats.com/dallas/food-delivery/taverna-rossa-southlake/cNYNv99CRpSPToHj6AGVow,southlake-texas
https://www.ubereats.com/dallas/food-delivery/sonic-2240-hall-johnson/4xzG74pWQfi7bbFzt4eGmg,southlake-texas
https://www.ubereats.com/dallas/food-delivery/thirsty-lion-gastropub-%26-grill/WgUDwfSFS2ag9h40954NvQ,southlake-texas
https://www.ubereats.com/dallas/food-delivery/mcdonalds-southlake-kimbal/p8nXEGwYSvCnfKFlK20Cvg,southlake-texas
https://www.ubereats.com/dallas/food-delivery/mooyah-burgers-southlake/nbcO_FsiTxOFFh2ag_lzHA,southlake-texas
https://www.ubereats.com/dallas/food-delivery/jersey-mikes-subs-southlake-2645-e-southlake-blvd/KUh8ynBBS-esZRioW6PU7Q,southlake-texas
https://www.ubereats.com/dallas/food-delivery/minerva-indian-cuisine-southlake/QGTuaM8cSFWbhnqWiY3vJw,southlake-texas
https://www.ubereats.com/dallas/food-delivery/nepali-chulo-%26-indian-cuisine/vLeWD5J5T16w2STporIhOg,southlake-texas
https://www.ubereats.com/dallas/food-delivery/crunchii-asian-boneless-chicken/zkeFvH0lRFy4fX-ke6Rq4Q,southlake-texas
https://www.ubereats.com/dallas/food-delivery/subway-3105-ira-e-woods/MQjZseUzTdm1jDWQBLGB9Q,southlake-texas
https://www.ubereats.com/dallas/food-delivery/panda-express-3000-grapevine-mills-parkway/3nQwL5yPS_KYfGktROzQKg,southlake-texas
https://www.ubereats.com/dallas/food-delivery/buffalo-wild-wings-1525-william-d-tate-ave/jrRGWjiWRp-f7evJSKysFg,southlake-texas
https://www.ubereats.com/dallas/food-delivery/chicken-express-southlake/If799by2S6y-lCXAsqPp2A,southlake-texas
https://www.ubereats.com/dallas/food-delivery/aloha-chicken-and-shrimp/_8XrKIjTRA2rrFr-4wd8mA,southlake-texas
https://www.ubereats.com/dallas/food-delivery/tokyo-sushi-asian-food-and-bar/pmh8b9iWTyWD3FcMJxE9RQ,southlake-texas
https://www.ubereats.com/dallas/food-delivery/shake-shack-125-central-avenue/tEd__b3PStSt-uM9Bg8wag,southlake-texas
https://www.ubereats.com/dallas/food-delivery/main-event-grapevine/Go5KMq_cTLmteAvKggB_oA,southlake-texas
https://www.ubereats.com/dallas/food-delivery/tommy-tamale-coppell/baBRzueyT4iMCUkY-bq2ig,southlake-texas
https://www.ubereats.com/dallas/food-delivery/subway-409-e-northwest-hwy/_HsNgX3HS3qHjgCR4o3eAg,southlake-texas
https://www.ubereats.com/dallas/food-delivery/posados-bedford/LO-xAnH7Q4ewieIB72Occg,southlake-texas
https://www.ubereats.com/dallas/food-delivery/boston-market-494-grapevine-hwy/LfY8nHdsSZC6Tws1g5Tuww,southlake-texas
https://www.ubereats.com/dallas/food-delivery/smoothie-king-2707-e-southlake-blvd/Q7uNqBcFQ4qiF6qhWhsw1g,southlake-texas
https://www.ubereats.com/dallas/food-delivery/rush-bowls-keller/vSeoHrj2QjGSoRwozeb8wQ,southlake-texas
https://www.ubereats.com/dallas/food-delivery/donut-haven/9LWaT3O1Qm6b_hdPw0-MOg,southlake-texas
https://www.ubereats.com/dallas/food-delivery/outback-steakhouse-3510-west-airport-freeway/vFHj0s8lRbqHb4TOxiVm3Q,southlake-texas
https://www.ubereats.com/dallas/food-delivery/jersey-mikes-subs-4712-colleyville-blvd/nRtNTpKjQiCrZ8MQPh17CA,southlake-texas
https://www.ubereats.com/dallas/food-delivery/korean-bowl/qzZwbSZETMyG2eb7j9X3Wg,southlake-texas
https://www.ubereats.com/dallas/food-delivery/holey-boba-%26-donuts/6fwaM95JSF2BOcKO0J0TzQ,southlake-texas
https://www.ubereats.com/dallas/food-delivery/mcdonalds-colleyville-tx-colleyville-blvd/MQLqbe-ORe2SzY86tqlLEg,southlake-texas
https://www.ubereats.com/dallas/food-delivery/dickeys-bbq-pit-precinct-line-rd-%26-tcc-rd/I5DEzr0-SIKwuEfMxIhn_A,southlake-texas
https://www.ubereats.com/dallas/food-delivery/smashburger-143-s-denton-tap-rd/aBbqx6hATmW57EksqbHETw,southlake-texas
https://www.ubereats.com/dallas/food-delivery/vault-coffee/u0ofeemSRLueplfahGBYGw,southlake-texas
https://www.ubereats.com/dallas/food-delivery/jack-in-the-box-3500-grapevine-mills-pkwy-%23200/Dd5L9uNTRY-O73FtFSRP7Q,southlake-texas
https://www.ubereats.com/dallas/food-delivery/corkys-gaming-bistro/ZFF1xDoTQa2rTdhGvxdqbw,southlake-texas
https://www.ubereats.com/dallas/food-delivery/giovannis-pizza-n-pasta/eHg6ZiTUSJerpDNqbEt-XQ,southlake-texas
https://www.ubereats.com/dallas/food-delivery/kindred-coffee-co/H9P0WKyTQYCjqE1Zv70Bgg,southlake-texas
https://www.ubereats.com/dallas/food-delivery/tokyo-samurai-hibachi-sushi/3RG1-sRrTKaJL9S8hiOQEQ,southlake-texas
https://www.ubereats.com/dallas/food-delivery/donut-time/dPHjCHpbR3u83iel0K9ANg,southlake-texas
https://www.ubereats.com/dallas/food-delivery/deli-select-and-grill/WpGTYQS4Q16E0_KkjK71Iw,southlake-texas
https://www.ubereats.com/dallas/food-delivery/chick-fil-a-2301-e-southlake-blvd/qINV8wqbSbaLJz0BB7gioA,southlake-texas
https://www.ubereats.com/dallas/food-delivery/arbys-1260-william-d-tate/5UXX9HBqRyqBWhg6tjWe5w,southlake-texas
https://www.ubereats.com/dallas/food-delivery/golden-chick-2600-west-euless-blvd/Nfcq--p2T2q-F8CBVg_NnA,southlake-texas
https://www.ubereats.com/dallas/food-delivery/central-drive-cafe/fjt54ftHTNqactRCheLdXA,southlake-texas
https://www.ubereats.com/dallas/food-delivery/craft-%26-vine/XcXX2TXLRzuWtF51W_9aJQ,southlake-texas
https://www.ubereats.com/dallas/food-delivery/great-american-cookie-marble-slab-creamery-2701-heritage-trace-pkwy/d3ZVKYmiSPK4AD7-vpCFNA,southlake-texas
https://www.ubereats.com/dallas/food-delivery/cristinas-fine-mexican-restaurant-trophy-club/MW3Zi_BMTkmj9ATcs_tz9Q,southlake-texas
https://www.ubereats.com/dallas/food-delivery/dave-%26-busters-euless/zNKR2j99Ske6xOafWr1Zaw,southlake-texas
https://www.ubereats.com/dallas/food-delivery/bird/3fUQt1WfRJqBolbCef8cnw,southlake-texas
https://www.ubereats.com/dallas/food-delivery/los-molcajetes-mexican-restaurant-roanoke/DreE3IOnSIKPZHnnd6fh0Q,southlake-texas
https://www.ubereats.com/dallas/food-delivery/nestle-toll-house-cafe-by-chip-242-rufe-snow-dr/jtBVCKLpTM6foRfC8WCRgA,southlake-texas
https://www.ubereats.com/dallas/food-delivery/china-town-restaurant/jHdrURWvSo2Qorm51vcYeQ,southlake-texas
https://www.ubereats.com/dallas/food-delivery/wendys-1204-n-highway-377/S4FgtvS_SkerqFhyOnOGSw,southlake-texas
https://www.ubereats.com/dallas/food-delivery/hat-creek-burger-co-roanoke/VU5HiTsYTn6gMkVjbw5I6Q,southlake-texas
https://www.ubereats.com/dallas/food-delivery/texs-star-grill/Cc9XydwNQf2JxKlYyMKeRQ,southlake-texas
https://www.ubereats.com/dallas/food-delivery/coppell-deli/tW0cop1PQ9O0tFkJf5Rm_w,southlake-texas
https://www.ubereats.com/dallas/food-delivery/glorias-latin-cuisine-5611-colleyville-blvd-%23300/ahzq0LOyQ5OtwJrO2QDvVQ,southlake-texas
https://www.ubereats.com/dallas/food-delivery/tap-in-grill-%26-pub/qIwrt95uQiKrKV573P683A,southlake-texas
https://www.ubereats.com/dallas/food-delivery/potbelly-sandwich-shop-121-%26-glade-%7C-349/9myDdmL_RnugZ7KOsLRA8Q,southlake-texas
https://www.ubereats.com/dallas/food-delivery/taco-bell-3351-harwood-road/kkoF_GAkR7epYnwRr657Ag,southlake-texas
https://www.ubereats.com/dallas/food-delivery/donut-city/B9IsQjgnTieIic842RoGpw,southlake-texas
https://www.ubereats.com/dallas/food-delivery/pita-pit-irving/8dd20VghRB2OKD6izEUevQ,southlake-texas
https://www.ubereats.com/dallas/food-delivery/the-londoner-colleyville/_iW5EvJYSRi82j-0vIwXoA,southlake-texas
https://www.ubereats.com/dallas/food-delivery/palios-pizza-cafe-keller/C987vNdgQDaO4vb03QDXjw,southlake-texas
https://www.ubereats.com/dallas/food-delivery/904-bonefish-grill-1201-e-southlake-blvd/wkwRq2cmQi6eoDcx58UgYw,southlake-texas
https://www.ubereats.com/dallas/food-delivery/taco-bell-4725-golden-triangle-blvd/s4D77MNpS_6hf0luZKpDWA,southlake-texas
https://www.ubereats.com/dallas/food-delivery/whats-poppin-texas/fe4nlbahQHC-8RQRsOTXEg,southlake-texas
https://www.ubereats.com/dallas/food-delivery/jets-pizza-fort-worth/oRFpR6FMTIe4z_9-NFwqPg,southlake-texas
https://www.ubereats.com/dallas/food-delivery/pineapple-grill-texas/J67mvK_sTq-71QbiVQguPw,southlake-texas
https://www.ubereats.com/dallas/food-delivery/pie-five-pizza-keller/_Hi6x3EmSdu6-cKeb0p9VA,southlake-texas
https://www.ubereats.com/dallas/food-delivery/hoangs-noodle-house/QuI33aH1TVmwE0eNm3WqDA,southlake-texas
https://www.ubereats.com/dallas/food-delivery/rejuv-juice/-RgNvaGjQWqCqXRIE-yE3A,southlake-texas
https://www.ubereats.com/dallas/food-delivery/54th-street-restaurant-%26-drafthouse-euless/TFHs0gNUR1aK5fr4BI4IHQ,southlake-texas
https://www.ubereats.com/dallas/food-delivery/sonic-8661-n-beach-street/9sMJVGUAQLWKDRyHzrq0ew,southlake-texas
https://www.ubereats.com/dallas/food-delivery/fatburger-6039-precinct-line-rd/OFqfbzDDQMKTrukGTS1-9Q,southlake-texas
https://www.ubereats.com/dallas/food-delivery/sayuri-hibachi-express/O86gh6pFTzyN-HTDwlILoA,southlake-texas
https://www.ubereats.com/dallas/food-delivery/cotton-patch-cafe-8528-davis-blvd/xe0Hwjq9TiWElCZszdvskQ,southlake-texas
https://www.ubereats.com/dallas/food-delivery/starbucks-southlake-town-square/fdv7sBZvR6qs2FPvLG9G5w,southlake-texas
https://www.ubereats.com/dallas/food-delivery/nanglo-indian-and-nepalese-restaurant/fV4NAGmfTDuf-JsURPj07w,southlake-texas
https://www.ubereats.com/dallas/food-delivery/avocado-california-roll-and-sushi/y9wPfcipQsChQ6UiMA9jBA,southlake-texas
https://www.ubereats.com/dallas/food-delivery/starbucks-davis-%26-precinct-line/bIrRD7E1S8SxrBvKrXlbCQ,southlake-texas
https://www.ubereats.com/dallas/food-delivery/alwadi-cafe/GIIwLdQYRqqmGKCz2mwpMA,southlake-texas
https://www.ubereats.com/dallas/food-delivery/chicken-express-5100-davis-blvd/F2KYJszKQBGHarN7dxjz1g,southlake-texas
https://www.ubereats.com/dallas/food-delivery/roscoes-smokehouse-keller/GJK9drzHTl-CoBEAL4RdqQ,southlake-texas
https://www.ubereats.com/dallas/food-delivery/sonic-771-keller-parkway/6tEZEepNR_WBYgcZZHn6hA,southlake-texas
https://www.ubereats.com/dallas/food-delivery/cristinas-fine-mexican-restaurant-southlake-blvd/7barBZHdSeKW2fiAi0xfXA,southlake-texas
https://www.ubereats.com/dallas/food-delivery/mi-pueblo-%23-2/RcRVTY3XQX6KW7XpWr1xxg,southlake-texas
https://www.ubereats.com/dallas/food-delivery/mcdonalds-hurst-long-boone/SNuodxQxRaa1BQijsiEn6g,southlake-texas
https://www.ubereats.com/dallas/food-delivery/buca-di-beppo-southlake-tx-114/vGvfolzYRN2NNhkthurmew,southlake-texas
https://www.ubereats.com/dallas/food-delivery/benjamins-pizza-kitchen/tNofwLaVQ4mgt9wOk4oc7w,southlake-texas
https://www.ubereats.com/dallas/food-delivery/chipotle-mexican-grill-3010-state-highway-121-ste-800/vlwkgqItQpqO-BDm4rRHpA,southlake-texas
https://www.ubereats.com/dallas/food-delivery/yori/3NmSoTPfTxO0TVPYPFUbhA,southlake-texas
https://www.ubereats.com/dallas/food-delivery/hopdoddy-burger-bar-euless/M04Vu1YQQUeyrCj5Bu41lA,southlake-texas
https://www.ubereats.com/dallas/food-delivery/papa-johns-208-east-tx-highway-114/09rUPaWdRjqfAg5iKaj1CQ,southlake-texas
https://www.ubereats.com/dallas/food-delivery/sunny-street-cafe-coppell/o-GDYkBiS5aZjfL8a6sQeg,southlake-texas
https://www.ubereats.com/dallas/food-delivery/ankapur-chicken/Z4CfEAkTSiujYo6I_hFsLA,southlake-texas
https://www.ubereats.com/dallas/food-delivery/starbucks-hwy-26-%26-church/Zek8iBmcQoWhafI5affbMQ,southlake-texas
https://www.ubereats.com/dallas/food-delivery/panera-2140-southlake-boulevard/ML2Vy8gNTR2ziIXDk5Q2fw,southlake-texas
https://www.ubereats.com/dallas/food-delivery/burger-street-roanoke/hnVaHFjgQmmrq-hf0oOgnw,southlake-texas
https://www.ubereats.com/dallas/food-delivery/chipotle-mexican-grill-2100-airport-fwy-ste-100/vvNRCpRAQIGVrzxZiDUUdw,southlake-texas
https://www.ubereats.com/dallas/food-delivery/subway-1101-e-state-hwy-114/Zt-kGwG8Rh2D98oLEUEKvg,southlake-texas
https://www.ubereats.com/dallas/food-delivery/crown-x-press-pizza-%26-tacos/i0qxTR5aSLOKo-VR7Ugo0Q,southlake-texas
https://www.ubereats.com/dallas/food-delivery/sonic-4500-golden-triangle-blvd/84MIjkJ0QKGI6vOZ_Mb7GA,southlake-texas
https://www.ubereats.com/dallas/food-delivery/the-salad-bowl-610-e-byron-nelson-boulevard/3NX5flb2Rfq_3Pt2hthpuw,southlake-texas
https://www.ubereats.com/dallas/food-delivery/golden-chick-hurst/4rN19elyT2S4PPZjCfrMsQ,southlake-texas
https://www.ubereats.com/dallas/food-delivery/coal-vines-pizza-southlake/ISCMb4r1TQSCpQM-zsw1iA,southlake-texas
https://www.ubereats.com/dallas/food-delivery/mexican-inn-bedford/IGCqXUWxSRi6nPKxbr8rxQ,southlake-texas
https://www.ubereats.com/dallas/food-delivery/hg-sply-co-trophy-club/fF5mit_4RbukzMp8j2MqFQ,southlake-texas
https://www.ubereats.com/dallas/food-delivery/sonic-1202-n-hwy-377/Cahrw9d4RGy23sZHsY5zNg,southlake-texas
https://www.ubereats.com/dallas/food-delivery/paciugo-grapevine-mills-pkwy/05ERaoKqT5KeDvdvI2Q5sw,southlake-texas
https://www.ubereats.com/dallas/food-delivery/mcdonalds-nrh-davis-blvd-%26-precinct-line/jaH-VQVxSDSPpCpA0mApGw,southlake-texas
https://www.ubereats.com/dallas/food-delivery/italian-bistro/T6xBuvDmQui_sf-im_W4Vg,southlake-texas
https://www.ubereats.com/dallas/food-delivery/sonic-2000-north-central-drive/NW5B8LhYQNKOZUYdl7uCmA,southlake-texas
https://www.ubereats.com/dallas/food-delivery/salata-southlake/n6WU9D-4TDq8kVMi4YkIxw,southlake-texas
https://www.ubereats.com/dallas/food-delivery/papa-murphys-8536-davis-boulevard-suite-200/_1LNXMpKT4CGe0JV-CmaBQ,southlake-texas
https://www.ubereats.com/dallas/food-delivery/busters-american-kitchen-euless/vliPkCoERsyJgx-x-2zQ_Q,southlake-texas
https://www.ubereats.com/dallas/food-delivery/chicken-express-keller/ObIA6lyJTS-emXlX2rAJcw,southlake-texas
https://www.ubereats.com/dallas/food-delivery/churchills-fish-and-chips/Vea9bxUDQvqNSsKA_Mk8ng,southlake-texas
https://www.ubereats.com/dallas/food-delivery/k-pop-burger-keller/yJKAXevOQFW1EMqv1e7BDg,southlake-texas
https://www.ubereats.com/dallas/food-delivery/palios-pizza-cafe-grapevine/mLEl_X6oQe2oxm1izregeg,southlake-texas
https://www.ubereats.com/dallas/food-delivery/del-friscos-grille-1200-e-southlake-blvd/bFOQvuHGTWmk1ZlXPixylA,southlake-texas
https://www.ubereats.com/dallas/food-delivery/nekter-juice-bar-colleyville/z1GSBmzKRp2YzFKUyOs58A,southlake-texas
https://www.ubereats.com/dallas/food-delivery/pho-bae/RdYoWOf2T3aOa9gTYKhmog,southlake-texas
https://www.ubereats.com/dallas/food-delivery/rockfish-seafood-%26-grill-southlake/jyF5_80DRryZEdfYjKlVRQ,southlake-texas
https://www.ubereats.com/dallas/food-delivery/joes-pizza-pasta-%26-subs-southlake/Kdh28ak7RIiwEkRyGYHTJA,southlake-texas
https://www.ubereats.com/dallas/food-delivery/tio-carlos-mexican-latin-grill-colleyville/jUpYbq3hT8-PtSRE0jfRcw,southlake-texas
https://www.ubereats.com/dallas/food-delivery/ramen-sensei-1131-east-southlake-blvd/9dFzR2G4SFqyDgQznkSfMg,southlake-texas
https://www.ubereats.com/dallas/food-delivery/outback-steakhouse-2601-state-highway-121/Gw5Z02pWSemURXxbh4s4Fg,southlake-texas
https://www.ubereats.com/dallas/food-delivery/nyc-bagel-and-sandwich-shop/3178EKffSCiqcUEq-fF8EQ,southlake-texas
https://www.ubereats.com/dallas/food-delivery/taqueria-burritos-locos/u3Tdgk9XRXqSzqL9hgG5qg,southlake-texas
https://www.ubereats.com/dallas/food-delivery/popeyes-601-e-northwest-hwy/JpTG28R-RPaCxoN0fJmMoQ,southlake-texas
https://www.ubereats.com/dallas/food-delivery/duffs-famous-wings/MpO09LtAQK6PleNN4jUmDA,southlake-texas
https://www.ubereats.com/dallas/food-delivery/mama-bear-cafe/ugU86N7QTXyg2-5Wf5O8kw,southlake-texas
https://www.ubereats.com/dallas/food-delivery/cotton-patch-cafe-8004-denton-hwy-hwy377/7gtwgI5TS0WyhmHActYo_w,southlake-texas
https://www.ubereats.com/dallas/food-delivery/mar-cosina/3TJ92vB7QUmqdCwDz345Xw,southlake-texas
https://www.ubereats.com/dallas/food-delivery/starbucks-3525-grapevine-mills-pkwy/g2G7627ETYiHzPZzZExCgQ,southlake-texas
https://www.ubereats.com/dallas/food-delivery/funnel-cakes-%26-gelato-hurst/dbNiBtOqQ1S1HJIMrf4nqA,southlake-texas
https://www.ubereats.com/dallas/food-delivery/cotton-patch-cafe-4020-william-d-tate/x5uKm5zvSe2JYlzKRiRiOA,southlake-texas
https://www.ubereats.com/dallas/food-delivery/mcdonalds-davis-blvd/co6AaY6bTrqM0Ug8WLwGjA,southlake-texas
https://www.ubereats.com/dallas/food-delivery/tacos-y-mas-hurst/UhoTvS4vTXavwsbDqhcvOw,southlake-texas
https://www.ubereats.com/dallas/food-delivery/mcdonalds-tx-114/agCtilWYQOuv9heopwTfbw,southlake-texas
https://www.ubereats.com/dallas/food-delivery/weinbergers-deli/yoEUSSCDS0u4Ke8InKU9FQ,southlake-texas
https://www.ubereats.com/dallas/food-delivery/jack-in-the-box-8416-davis-blvd/AGWGlxDZTau5-DiAXYVHwg,southlake-texas
https://www.ubereats.com/dallas/food-delivery/wine-fusion-winery/cOK33hRuS8-6CcCu0_e-1w,southlake-texas
https://www.ubereats.com/dallas/food-delivery/chicken-express-roanoke/DfyCs6eASLqIgtTRkDRztg,southlake-texas
https://www.ubereats.com/dallas/food-delivery/crazy-cowboy/vcaF4nLtT4ivnsPG8MM9Bw,southlake-texas
https://www.ubereats.com/dallas/food-delivery/poke-station-n-richland-hills/DVJzytZ9S7i0zQz5bQ3XoQ,southlake-texas
https://www.ubereats.com/dallas/food-delivery/the-bistro-at-marriott-courtyard-%26-town-suites-grapevine/2VZQxsgzQSmEhR4nv7_-FQ,southlake-texas
https://www.ubereats.com/dallas/food-delivery/waffle-way-1206-w-northwest-hwy/82WFVONpT-eOauR2DBiwwg,southlake-texas
https://www.ubereats.com/dallas/food-delivery/dinos-pizzeria-harwood-rd/unYU0YQCQOGgL4X863ie9g,southlake-texas
https://www.ubereats.com/dallas/food-delivery/bamboo-house/5STltn80Rl23CJ2UVmTb0g,southlake-texas
https://www.ubereats.com/dallas/food-delivery/ferraris-italian-villa-grapevine/g7o8x3NkR0us4HW3oivScg,southlake-texas
https://www.ubereats.com/dallas/food-delivery/modern-market-e-southlake/YIafwY3RTNed8i4jUu85dg,southlake-texas
https://www.ubereats.com/dallas/food-delivery/panda-express-2252-central-dr/k3o24ig-QICsn8xKzAh05g,southlake-texas
https://www.ubereats.com/dallas/food-delivery/baja-mex-grill/UA_JWDF0QlqLGkOXKL2fLg,southlake-texas
https://www.ubereats.com/dallas/food-delivery/jersey-mikes-subs-9120-north-tarrant-parkway/nmlSUi97RaiY7GyIgezyoQ,southlake-texas
https://www.ubereats.com/dallas/food-delivery/bone-daddys-house-of-smoke/DswdNTnMQNy8xRCZ7dWrDw,southlake-texas
https://www.ubereats.com/dallas/food-delivery/fireside-pies-grapevine/A2t2xLqKSK6eUegUhhsi5w,southlake-texas
https://www.ubereats.com/dallas/food-delivery/burgerim-5615-colleyville-blvd/eezsCWGEQUGueSTV8q6X8w,southlake-texas
https://www.ubereats.com/dallas/food-delivery/sushi-street/herLfk10SziXwnrOHBFTAA,southlake-texas
https://www.ubereats.com/dallas/food-delivery/namoo-korean-restaurant-nrh/7mbQC1oYSKKrxk9iwny9sA,southlake-texas
https://www.ubereats.com/dallas/food-delivery/elegant-cakery/M4xqzQwFQ8iIfEUTw4p2Eg,southlake-texas
https://www.ubereats.com/dallas/food-delivery/kilwins-grapevine/2pzPQbkEQTinzjgqiNrzOQ,southlake-texas
https://www.ubereats.com/dallas/food-delivery/bellissimo/Y-1e9MeNSN6p_bEAxFslyg,southlake-texas
https://www.ubereats.com/dallas/food-delivery/first-watch-glade-road/_wilkdGiSZaasIQfBjHHPA,southlake-texas
https://www.ubereats.com/dallas/food-delivery/sonic-drive-in-denton/BSCSvcbaRlm_zgPyQ--EpA,southlake-texas
https://www.ubereats.com/dallas/food-delivery/dlites-shoppe/btXqtirATHCtlk81wLh4Iw,southlake-texas
https://www.ubereats.com/dallas/food-delivery/subway-2100-northwest-hwy/Z3eA4Af1R-Kd5X_ZOfm-6A,southlake-texas
https://www.ubereats.com/dallas/food-delivery/chipotle-mexican-grill-2310-w-southlake-blvd-ste-180/0DOJx-5OS-eBrMXjHL_RsA,southlake-texas
https://www.ubereats.com/dallas/food-delivery/lennys-grill-%26-subs-1231-william-d-tate-ave/d8DxW-vvRtuJU0bctR5qZw,southlake-texas
https://www.ubereats.com/dallas/food-delivery/lazy-dog-restaurant-%26-bar-euless/ojg2QI__SkKAzkd9TaxFHw,southlake-texas
https://www.ubereats.com/dallas/food-delivery/pei-wei-2511-state-highway-121-suite-300/afHjxSrxQAm0LWWHsaNf0A,southlake-texas
https://www.ubereats.com/dallas/food-delivery/napols-pizza/bJWpL3VKQii20Kn4XOj6cA,southlake-texas
https://www.ubereats.com/dallas/food-delivery/european-in-texas/lv3KKnrGRTGm5Vjvfqjr3w,southlake-texas
https://www.ubereats.com/dallas/food-delivery/snappy-salads-southlake-blvd/phst6QmiSXO8H5ykHxKpTQ,southlake-texas
https://www.ubereats.com/dallas/food-delivery/the-gurkha-bar-and-grill/fn9qvfBXT8aXGpifToPgDQ,southlake-texas
https://www.ubereats.com/dallas/food-delivery/taco-bueno-3061-grapevine-%231/Xi-UHTS0S-mhNCw-fMoxTw,southlake-texas
https://www.ubereats.com/dallas/food-delivery/poke-stop/DUddg8OUSoi1-9spVas3Pw,southlake-texas
https://www.ubereats.com/dallas/food-delivery/chef-point-collyville/ziNwcvDlRfe0ywoslo7FwA,southlake-texas
https://www.ubereats.com/dallas/food-delivery/chicken-express-bedford/BHtHdkYxQPqzMGMQ3kHQsw,southlake-texas
https://www.ubereats.com/dallas/food-delivery/crush-it!-virtual-sports-lounge/2LwuBwitTzmKlU-dRHGgrw,southlake-texas
https://www.ubereats.com/dallas/food-delivery/lette-macarons/0x_FU8x8Qv68aF55ZIFZZQ,southlake-texas
https://www.ubereats.com/dallas/food-delivery/dairy-queen-110-southwestern-blvd/2rLKd2BETIaUgZFcDqAJeQ,southlake-texas
https://www.ubereats.com/dallas/food-delivery/mother-clucker/5hS-B8HQSbeSYz1bS4YYYQ,southlake-texas
https://www.ubereats.com/dallas/food-delivery/starbucks-southlake-blvd-and-white-chape/c84HSkT4S3qGgycQqSDLVg,southlake-texas
https://www.ubereats.com/dallas/food-delivery/taco-bell-8170-precinct-line-road/VKtKjfFSS7-GlSF5UcDecA,southlake-texas
https://www.ubereats.com/dallas/food-delivery/sunny-donuts/YHMGSRH7SD2ZF00dp9oRXg,southlake-texas
https://www.ubereats.com/dallas/food-delivery/nikis-italian-bistro/2xhi1K5iT4SlTmvFv4RILA,southlake-texas
https://www.ubereats.com/dallas/food-delivery/bjs-restaurant-%26-brewhouse-2201-e-southlake-blvd/YJKckKt2SjatleXCLT6OCA,southlake-texas
https://www.ubereats.com/dallas/food-delivery/rice-to-meet-you-cup/Nrh1ox5yShqYm_hGX-R_7A,southlake-texas
https://www.ubereats.com/dallas/food-delivery/red-robin-114-1701-william-d-tate-ave/7XEQMqbyRDutljyzhOfi_g,southlake-texas
https://www.ubereats.com/dallas/food-delivery/swad-indian/8Gdt5wSDROGRlAFu3fFlWw,southlake-texas
https://www.ubereats.com/dallas/food-delivery/sunny-street-cafe-roanoke/xpZjZTibQGmIdWtpUDkByg,southlake-texas
https://www.ubereats.com/dallas/food-delivery/my-lan-bistro/Vvde_53yQhup_jTPpnlUeg,southlake-texas
https://www.ubereats.com/dallas/food-delivery/miguelitos-mexican-restaurant/syj2Sj3zR5ePl2Y51C_OKQ,southlake-texas
https://www.ubereats.com/dallas/food-delivery/woops!-cookies-%26-macarons/XGw5brcmS72brvRUsw5Atg,southlake-texas
https://www.ubereats.com/dallas/food-delivery/starbucks-trophy-lake-%26-hwy-114/-_Fs1ewvTR6dkz80skRlTw,southlake-texas
https://www.ubereats.com/dallas/food-delivery/guanataco/Xus6knRKR_atOK5XphlWwg,southlake-texas
https://www.ubereats.com/dallas/food-delivery/chapps-burgers-keller-pkwy/XMd6wF0pQKqgdaEhwRALLQ,southlake-texas
https://www.ubereats.com/dallas/food-delivery/breakfast-burritos-hurst/8sOt4QlIQnCWjJ6H1Z1Ohg,southlake-texas
https://www.ubereats.com/dallas/food-delivery/buffalos-express-6039-precinct-line-road/EYU7pw7lR8OfIFQ6IFbkKA,southlake-texas
https://www.ubereats.com/dallas/food-delivery/papa-johns-4718-colleyville-blvd/9ZZktW-3RrCYURi4-z9qdw,southlake-texas
https://www.ubereats.com/dallas/food-delivery/thai-papaya-garden/rKa6ESUeQw-8OgCAUq5boA,southlake-texas
https://www.ubereats.com/dallas/food-delivery/popeyes-1331-north-highway-377/1WRgvEj0T9m4YiZXsWuRkw,southlake-texas
https://www.ubereats.com/dallas/food-delivery/great-harvest-bread-co-1241-e-hwy-114-ste-160/sfgpT0JrS6W9DTypl0AWiA,southlake-texas
https://www.ubereats.com/dallas/food-delivery/zena-sushi/WA2jtzgETlmPdDZR3B8Afg,southlake-texas
https://www.ubereats.com/dallas/food-delivery/grandpas-popcorn/hlyZRbZLSduI6e_01SqkFQ,southlake-texas
https://www.ubereats.com/dallas/food-delivery/mount-top-cafe-hot-n-spicy/6v2b1LC5S5W1QPQHuKaxCw,southlake-texas
https://www.ubereats.com/dallas/food-delivery/dks-twisted-smokers-bbq-and-grill/PfUdwGIuSWq84vLVdJVlBg,southlake-texas
https://www.ubereats.com/dallas/food-delivery/mcdonalds-keller-jt-otting/H5pHcbImThyCofDvb0OGXQ,southlake-texas
https://www.ubereats.com/dallas/food-delivery/boomerjacks-grill-%26-bar-grapevine/NJCeE4SIQgG7zTkcO3ib9w,southlake-texas
https://www.ubereats.com/dallas/food-delivery/szechuan-cafe/hE17_jsyR4uCJ_zL8eASOw,southlake-texas
https://www.ubereats.com/dallas/food-delivery/muggle-shakes/ff1tjrjoR5K-xre8t9b2zA,southlake-texas
https://www.ubereats.com/dallas/food-delivery/saltgrass-1813-hwy-121/1wrYz7SkSKyxwJR_PvCymA,southlake-texas
https://www.ubereats.com/dallas/food-delivery/pure-cafe/Ys7VZ0StTn-dgIecdUhWZA,southlake-texas
https://www.ubereats.com/dallas/food-delivery/starbucks-william-d-tate-%26-hwy-114/rVEDwYqtSJ6nEQhFz3_vdg,southlake-texas
https://www.ubereats.com/dallas/food-delivery/big-shots-sports-cafe/mlTf9gr9Rr2p_dq5PU4mwA,southlake-texas
https://www.ubereats.com/dallas/food-delivery/good-morning-donuts/CqYIEF1qQIuPutORDvv4vA,southlake-texas
https://www.ubereats.com/dallas/food-delivery/fuzzys-taco-shop-480-w-southlake-blvd/zCavS6_TSFC55QPOhCJ3wQ,southlake-texas
https://www.ubereats.com/dallas/food-delivery/starbucks-hwy-121-%26-glade/npFBZc88SrmBQGePWeUrDw,southlake-texas
https://www.ubereats.com/dallas/food-delivery/big-shots-sports-cafe/h8wASv-_QK272t28Efj4oQ,southlake-texas
https://www.ubereats.com/dallas/food-delivery/fishtail-harwood-rd/OV6IYULcTK-fIRiIDtLB3A,southlake-texas
https://www.ubereats.com/dallas/food-delivery/burger-king-125-north-kimbal-avenue/O0jrKc7fTaugVTWTLwuhyA,southlake-texas
https://www.ubereats.com/dallas/food-delivery/subway-151-ridgepoint-pkwy/_f_G38iaQgid2kGPSr88vQ,southlake-texas
https://www.ubereats.com/dallas/food-delivery/mamas-pizza-north-richland/8IXMBOb9Ttmtdt4b_lllsQ,southlake-texas
https://www.ubereats.com/dallas/food-delivery/mcdonalds-keller-tx-rufe-snow-n-tarrant-pkwy/RHEnj7iJSX6uWQtpi4qBvA,southlake-texas
https://www.ubereats.com/dallas/food-delivery/whats-cook-n-chef/dGGSeFH2Qr6D_p9JUYn-1g,southlake-texas
https://www.ubereats.com/dallas/food-delivery/taco-cabana-101-s-industrial-blvd/A_hhn1ILQw6Irv32CoAw7Q,southlake-texas
https://www.ubereats.com/dallas/food-delivery/cold-stone-creamery-2948-texas-sage-trail/64wLeuyYQqGFAF2I9t6XRg,southlake-texas
https://www.ubereats.com/dallas/food-delivery/mexican-inn-cafe-keller/ZZIE_P9qRBW_5gU37mU3Ag,southlake-texas
https://www.ubereats.com/dallas/food-delivery/inzo-italian-kitchen/LbHdoyOzT-SjYNuQvmOOyg,southlake-texas
https://www.ubereats.com/dallas/food-delivery/red-hot-%26-blue-n-richland-hills/NgX7vEVCSpWMrZhbSN9trw,southlake-texas
https://www.ubereats.com/dallas/food-delivery/freebirds-world-burrito-1501-william-d-tate-avenue/DodK-WJLRleJfCwt_OkWKg,southlake-texas
https://www.ubereats.com/dallas/food-delivery/hollywood-burger/qrHU4LT9Rx6MJU57_SKEjg,southlake-texas
https://www.ubereats.com/dallas/food-delivery/thai-monkey/efJh71MaQw-J8OBY1_aWNQ,southlake-texas
https://www.ubereats.com/dallas/food-delivery/brick-house-tavern-%2B-tap-700-w-state-hwy-114/CmQOgANCTGerTKDZXTt78A,southlake-texas
https://www.ubereats.com/dallas/food-delivery/loveria-caffe/RkfDs8pwScCFQu2PKT81oQ,southlake-texas
https://www.ubereats.com/dallas/food-delivery/bread-zeppelin-salads-southlake/Aj1XZ58GSdaGgHgnMkahZw,southlake-texas
https://www.ubereats.com/dallas/food-delivery/benihana-1131-east-southlake-blvd/QO5Xl0kAQbu87i-lsf7ayQ,southlake-texas
https://www.ubereats.com/dallas/food-delivery/moonlight-cakes/BM84D7aXTlCO2miO2aFaJw,southlake-texas
https://www.ubereats.com/dallas/food-delivery/papa-johns-3101-harwood-road/hYObGvsxRYiZNFVwOZPdPw,southlake-texas
https://www.ubereats.com/dallas/food-delivery/dairy-queen-5441-rufe-snow-dr/fJSzxn0KR0uYzxRkLfWEbg,southlake-texas
https://www.ubereats.com/dallas/food-delivery/mcalisters-deli-523-colleyville-tx-1251/oSNYN5SJTYGY_7-4qu3vtw,southlake-texas
https://www.ubereats.com/dallas/food-delivery/taco-bell-1134-william-d-tate-ave/n8AzN-d3RqaHAvbHIYlKWQ,southlake-texas
https://www.ubereats.com/dallas/food-delivery/cafe-republic/jI6vctEiRx-HHWZWKpYWUA,southlake-texas
https://www.ubereats.com/dallas/food-delivery/pressed-juicery-southlake-market-place/4l6eiFw5TViiobzNQ8k0-w,southlake-texas
https://www.ubereats.com/dallas/food-delivery/donut-land-grapevine/oV1ZAVZ1R3K-cEALxzxjpw,southlake-texas
https://www.ubereats.com/dallas/food-delivery/starbucks-texan-trail-and-nw-highway/Ao1-x2H6TtOUtAdm7lAwAQ,southlake-texas
https://www.ubereats.com/dallas/food-delivery/panda-express-215-north-kimball-ave/W04YPto5QMq8rtrLy6WNAQ,southlake-texas
https://www.ubereats.com/dallas/food-delivery/zoes-kitchen-4717-colleyville-blvd-suite-100/SXcgp67TSQmnDsKLwstPhA,southlake-texas
https://www.ubereats.com/dallas/food-delivery/taco-bell-grapevine-mills-mall-food-court/nEIWHBGNQB-XtpG_6yiz4g,southlake-texas
https://www.ubereats.com/dallas/food-delivery/chipotle-mexican-grill-9127-grapevine-hwy/uLtnxb9cTECHJUuJp8Phiw,southlake-texas
https://www.ubereats.com/dallas/food-delivery/pf-changs-650-hwy-114/ayZGC-aaRqeQSMuhlTgY8A,southlake-texas
https://www.ubereats.com/dallas/food-delivery/daily-pho-grapevine/Q9zNyrH0SVqcmBW-iDY_kg,southlake-texas
https://www.ubereats.com/dallas/food-delivery/daan-sushi-asian-bistro-%26-bar/NezV7tbnSNmW6MrY9_-phg,southlake-texas
https://www.ubereats.com/dallas/food-delivery/cracker-barrel-old-country-store-2700-grapevine-mills-pkwy/q4I0S7J7S1aG6YjvsN4_1w,southlake-texas
https://www.ubereats.com/dallas/food-delivery/tacos-azteca-roanoke/9UyoKbFaTZu0HIkMF3nGpw,southlake-texas
https://www.ubereats.com/dallas/food-delivery/creamistry-southlake/FngPgpFjQnmkoqIt5bDXGQ,southlake-texas
https://www.ubereats.com/dallas/food-delivery/wendys-3924-highway-121/6MM3NPwKRPCJXtYMWrbBaw,southlake-texas
https://www.ubereats.com/dallas/food-delivery/hooters-cross-roads-dr-%26-william-d-tate-ave/U95bB2eGQqWGgEgDHM_syA,southlake-texas
https://www.ubereats.com/dallas/food-delivery/brio-1431-plaza-place/qiC1IVQmRdq6_tZWSWw2Sg,southlake-texas
https://www.ubereats.com/dallas/food-delivery/pza-dallas-southlake/E7qyg0GZSoaQiA2ozWb5aQ,southlake-texas
