url,city
https://www.ubereats.com/chicago/food-delivery/red-robin-474-2742-sutton-rd/P85d7EhPTGu-Nk1UUgH3Rw,south-elgin-illinois
https://www.ubereats.com/chicago/food-delivery/tap-house-grill-st-charles/ZTYOaGeURj2rzDu8H1mWNA,south-elgin-illinois
https://www.ubereats.com/chicago/food-delivery/wok-n-fire-st-charles/6w6xn3_SRqu78CJfpsW4dw,south-elgin-illinois
https://www.ubereats.com/chicago/food-delivery/noodles-%26-company-3871-e-main-st-unit-3871/MWj5D0KDSk-IijJ3DeRAag,south-elgin-illinois
https://www.ubereats.com/chicago/food-delivery/mcdonalds-state-%26-glengary/sucb5hfCSpOEod-kSOdPmw,south-elgin-illinois
https://www.ubereats.com/chicago/food-delivery/starbucks-1st-%26-main/40YiTLZ2R-CxNIzjLKeGIg,south-elgin-illinois
https://www.ubereats.com/chicago/food-delivery/boston-market-205-s-randall-road/p2anJn1XQ86VHkSmp8F6pQ,south-elgin-illinois
https://www.ubereats.com/chicago/food-delivery/dunkin-2057-lincoln-highway/YmP8jKFHQdmhHjOr03c5Sw,south-elgin-illinois
https://www.ubereats.com/chicago/food-delivery/noodles-%26-company-1310-commons-dr/KaZhB9BtRhmq19qmq5iMGg,south-elgin-illinois
https://www.ubereats.com/chicago/food-delivery/just-burgerz/LRej17HySxamQveVnTJ8xA,south-elgin-illinois
https://www.ubereats.com/chicago/food-delivery/wendys-1001-dundee-avenue/qeTcabDgRl6E7UaSPuBo7Q,south-elgin-illinois
https://www.ubereats.com/chicago/food-delivery/taco-bell-1950-bircher-rd/qtiSlV2fQcivN85Nl3Xl_A,south-elgin-illinois
https://www.ubereats.com/chicago/food-delivery/panera-369-randall-road/FXzed8qfReCLKimVjFzxxw,south-elgin-illinois
https://www.ubereats.com/chicago/food-delivery/papa-saverios-pizzeria/SX6XH1X1SgWyYZLt8r_g-g,south-elgin-illinois
https://www.ubereats.com/chicago/food-delivery/country-style-donuts/dFQKUu1JSyG2-EO2yT8rtA,south-elgin-illinois
https://www.ubereats.com/chicago/food-delivery/la-huerta-grill-%26-market/ix6-OPyMTNqWaM7mGzUtVQ,south-elgin-illinois
https://www.ubereats.com/chicago/food-delivery/dunkin-2701-e-main-st-unit-102/qlF8hp6sSeCb0v4RULQbtQ,south-elgin-illinois
https://www.ubereats.com/chicago/food-delivery/el-coco-loco-mexican-grill-ordermark/7ZG0tBJVRzygzdi7xPz9EQ,south-elgin-illinois
https://www.ubereats.com/chicago/food-delivery/mcdonalds-irving-park-%26-bartlett/0Pa3x5SRQnWSIp-k4q_ihw,south-elgin-illinois
https://www.ubereats.com/chicago/food-delivery/papa-johns-st-charles/C4O7H6qsSre371bcXnsocQ,south-elgin-illinois
https://www.ubereats.com/chicago/food-delivery/hollywood-taste/xjjUY7cNQrK7TahDIO-VqA,south-elgin-illinois
https://www.ubereats.com/chicago/food-delivery/dunkin-812-e-chicago-st/c4sQIfCISueQmB5vPsgPzw,south-elgin-illinois
https://www.ubereats.com/chicago/food-delivery/wok-n-fire-south-barrington/r4IBV9hpQga8EI3vTfJtnA,south-elgin-illinois
https://www.ubereats.com/chicago/food-delivery/dunkin-751-s-route-%2359/DmV-CGECQuCjxpRX3csLUg,south-elgin-illinois
https://www.ubereats.com/chicago/food-delivery/apizzaco-elgin/gHeVjaACTJCzOl6QnxgrRA,south-elgin-illinois
https://www.ubereats.com/chicago/food-delivery/mcdonalds-county-farm-%26-west-army-trail/XY75X0TKSXuNV_HpqTs8AA,south-elgin-illinois
https://www.ubereats.com/chicago/food-delivery/village-tavern-%26-grill/gSlrJuukQUamO2Po3G4vmQ,south-elgin-illinois
https://www.ubereats.com/chicago/food-delivery/la-campana/XfqFSJ4JRa6RngybLRl_zg,south-elgin-illinois
https://www.ubereats.com/chicago/food-delivery/chipotle-mexican-grill-348-randall-rd/WXWyHDbSQYa2i6AI2LCSHQ,south-elgin-illinois
https://www.ubereats.com/chicago/food-delivery/the-chubby-bullfrog-bar-%26-grill/5H_hgDdrQA-Pd3twyWo9XA,south-elgin-illinois
https://www.ubereats.com/chicago/food-delivery/thai-express/sYrUGP2sSwOfKqU3ZB_VVQ,south-elgin-illinois
https://www.ubereats.com/chicago/food-delivery/potbelly-sandwich-shop-st-charles-dt-%7C-427/bEMzCYwkTmSShbGjvDGaNg,south-elgin-illinois
https://www.ubereats.com/chicago/food-delivery/stanleys-ale-house/OsKk5DcVSN-jSRlbyQG_ng,south-elgin-illinois
https://www.ubereats.com/chicago/food-delivery/papa-johns-804-north-randall-road-bldg-c-west/8X2i7L7ySmqbzXD73ck2Nw,south-elgin-illinois
https://www.ubereats.com/chicago/food-delivery/mcdonalds-summit-%26-gifford/Xk7xlxZsSOWcIk4EaPPeAQ,south-elgin-illinois
https://www.ubereats.com/chicago/food-delivery/mcalisters-deli-randall-%26-bowes/77xKJaUfTjyliPwaFacESA,south-elgin-illinois
https://www.ubereats.com/chicago/food-delivery/on-the-border-st-charles/zSlFfu3-TbKvotisgUdE4w,south-elgin-illinois
https://www.ubereats.com/chicago/food-delivery/wise-guys-pizzeria/ITx7LYEKQIa3ivKjXCjRKw,south-elgin-illinois
https://www.ubereats.com/chicago/food-delivery/windmill-ginger-brew/vRfOcYDzTw6F3b7f-ZW2Mw,south-elgin-illinois
https://www.ubereats.com/chicago/food-delivery/red-lobster-902-commons-drive/wqO-9C8NQiW7GEy4iBrbZQ,south-elgin-illinois
https://www.ubereats.com/chicago/food-delivery/pita-pita-mediterranean-grill-higgins/eee7O1SkTNCueDnmn6tjfQ,south-elgin-illinois
https://www.ubereats.com/chicago/food-delivery/starbucks-north-%26-route-59/juzCyrF7Q4-hU6j6HXEU_Q,south-elgin-illinois
https://www.ubereats.com/chicago/food-delivery/blue-box-cafe/lewurXBqT62gtfbIvCAKHA,south-elgin-illinois
https://www.ubereats.com/chicago/food-delivery/ambrosia/7IwY3BagQgGtZmdgYvLIXg,south-elgin-illinois
https://www.ubereats.com/chicago/food-delivery/starbucks-brandy-%26-barrington/Ip1kmoioSNqLOwfS2HJnOg,south-elgin-illinois
https://www.ubereats.com/chicago/food-delivery/taco-patio-hanover-park/bC6TTGmVRE2VnBeOe5hxyA,south-elgin-illinois
https://www.ubereats.com/chicago/food-delivery/potbelly-sandwich-shop-south-elgin-%7C-193/5UQiozNJQfSm_WJ_u48UZQ,south-elgin-illinois
https://www.ubereats.com/chicago/food-delivery/five-guys-il-0561-1314-commons-dr/Ygwb6T9mR8KI9bZ9yUAwWw,south-elgin-illinois
https://www.ubereats.com/chicago/food-delivery/zza-factory/t2pnCmUxS-qeLRNZscNbUQ,south-elgin-illinois
https://www.ubereats.com/chicago/food-delivery/godavari/zNvKrguxTyWFZPEHv0xjNg,south-elgin-illinois
https://www.ubereats.com/chicago/food-delivery/taste-of-himalayas/qO9SZ1LbQ1qZugulPjDRxQ,south-elgin-illinois
https://www.ubereats.com/chicago/food-delivery/arbys-520-s-sutton-road/4l2bH-C-Ty6R5e1XLrbJUA,south-elgin-illinois
https://www.ubereats.com/chicago/food-delivery/mothers-pancake-house-%26-restaurant-st-charles-il/cbTgGKnoT5OApIRRbYiZ5w,south-elgin-illinois
https://www.ubereats.com/chicago/food-delivery/chef-abdul-mediterranean/T3g0y8vzQQuA-UNIGqTYUA,south-elgin-illinois
https://www.ubereats.com/chicago/food-delivery/california-pizza-kitchen-1202-commons-drive/egYa6tRnQbi1BSLzi4inng,south-elgin-illinois
https://www.ubereats.com/chicago/food-delivery/subway-235-irving-park-rd/FE3VQfLcTwiwKwvvfEfuEA,south-elgin-illinois
https://www.ubereats.com/chicago/food-delivery/village-pizza-and-pub-kennedy-drive/YKSNasyeQ8SiHnd0wflGKw,south-elgin-illinois
https://www.ubereats.com/chicago/food-delivery/francescas-by-the-river/BpA3Dap4TLSA3Sp_S9cvxQ,south-elgin-illinois
https://www.ubereats.com/chicago/food-delivery/buffalo-wild-wings-2540-new-sutton-road/zxW7oLFGTbOQNyzCD1rn1A,south-elgin-illinois
https://www.ubereats.com/chicago/food-delivery/checkers-1137-dundee-ave/Yd2slY7VR_uNBrT3ytHlsg,south-elgin-illinois
https://www.ubereats.com/chicago/food-delivery/wendys-942-s-randall-road/gA1Uy2jpSp2cYleWtstwvg,south-elgin-illinois
https://www.ubereats.com/chicago/food-delivery/bellos-restaurant-of-bartlett/tDDPp__mRQqQsmG9-YLbEw,south-elgin-illinois
https://www.ubereats.com/chicago/food-delivery/starbucks-state-%26-3rd/Y3D_ZklQQPCCtCzc8fvnLQ,south-elgin-illinois
https://www.ubereats.com/chicago/food-delivery/el-coco-loco/GuWPI_EiRgmKAweBpkpIBQ,south-elgin-illinois
https://www.ubereats.com/chicago/food-delivery/zaza-trattoria/SjHyuDsZRfuMZUWt0s54dw,south-elgin-illinois
https://www.ubereats.com/chicago/food-delivery/brandys-gyros-irving-park-%26-east/yXuyGoA1RDCCju8nshO8aA,south-elgin-illinois
https://www.ubereats.com/chicago/food-delivery/lumes-pancake-house/OwZR8vKLQain0GqhkH_U5Q,south-elgin-illinois
https://www.ubereats.com/chicago/food-delivery/papa-saverios-605-w-state-st-geneva-il-60134/vpD0LOz8S8qrHKWCmOGFOQ,south-elgin-illinois
https://www.ubereats.com/chicago/food-delivery/sir-nicks-pizza/9g3gmlb2T9-sW6UPNLEEkg,south-elgin-illinois
https://www.ubereats.com/chicago/food-delivery/jersey-mikes-subs-st-charles-2540-east-main-st/qo5zprvNTkunl1j69iO4Rw,south-elgin-illinois
https://www.ubereats.com/chicago/food-delivery/charlie-foxs-pizzeria-%26-eatery/exCyCV-5QSmc-M9uSNCn3w,south-elgin-illinois
https://www.ubereats.com/chicago/food-delivery/dairy-queen-treat-1134-w-wilson-st/rmYipREfSKa60qWu8Edo4g,south-elgin-illinois
https://www.ubereats.com/chicago/food-delivery/dairy-queen-treat-7-s-sutton-rd/8bh3VkT8QF-ku_GRZ_W6Dg,south-elgin-illinois
https://www.ubereats.com/chicago/food-delivery/tap-house-grill-hanover-park/mUTokAXYRtyVoQYzX3ZhlQ,south-elgin-illinois
https://www.ubereats.com/chicago/food-delivery/taqueria-los-2-brothers/mm9HRfhJQl6DJWLFDw01uw,south-elgin-illinois
https://www.ubereats.com/chicago/food-delivery/hacienda-de-los-perez/uiMUgu-iQUehnumBj9rbNQ,south-elgin-illinois
https://www.ubereats.com/chicago/food-delivery/the-port-of-peri-peri-algonquin/W8xYCN9DS5KyKmoNR5e7vQ,south-elgin-illinois
https://www.ubereats.com/chicago/food-delivery/lupitas-cocina/vjQNU3g2Q7ur4PJ2KEFZwg,south-elgin-illinois
https://www.ubereats.com/chicago/food-delivery/chipotle-mexican-grill-1441-s-randall-rd-ste-d/b9LOt6irR-mDodxzcp7aWw,south-elgin-illinois
https://www.ubereats.com/chicago/food-delivery/dunkin-405-n-mclean-blvd/hqMy-acLR2ePg_NAwuDlMg,south-elgin-illinois
https://www.ubereats.com/chicago/food-delivery/starbucks-i-90-%26-sutton-rd-prairie-stone/pCEzmLifRTiTeXqvyJMrEg,south-elgin-illinois
https://www.ubereats.com/chicago/food-delivery/gordys-cafe/TbsI58AFTnS11YkpyFgijg,south-elgin-illinois
https://www.ubereats.com/chicago/food-delivery/bezos-sandwich-shop/o8HrVKdBTRy1QMIQLo5dVg,south-elgin-illinois
https://www.ubereats.com/chicago/food-delivery/chipotle-mexican-grill-2500-n-randall-rd/l1ViQxlcSPuDt07L6AFzcg,south-elgin-illinois
https://www.ubereats.com/chicago/food-delivery/subway-1115-spring-st/d8caAtAWSr27aV4GnknZ4A,south-elgin-illinois
https://www.ubereats.com/chicago/food-delivery/la-taqueria-el-rincon-mexicano/mGINM875SnGWgEW3uEAorg,south-elgin-illinois
https://www.ubereats.com/chicago/food-delivery/apple-villa-pancake-house-wilson-%26-randall/MnJG4DFLR-WDtGDMFrJoRQ,south-elgin-illinois
https://www.ubereats.com/chicago/food-delivery/mcdonalds-mclean-%26-todd-farm/CpACeki3Q4CoVZrb1lMcdQ,south-elgin-illinois
https://www.ubereats.com/chicago/food-delivery/craft-urban/DcGAtsckSzCE2iZy7oNZ8A,south-elgin-illinois
https://www.ubereats.com/chicago/food-delivery/cold-stone-creamery-122-stratford-square-mall/rE3MsC9hQUayDspdBFJCVw,south-elgin-illinois
https://www.ubereats.com/chicago/food-delivery/j-beez-mediterranean-%26-grill-restaurant/NCXlNtEnTYab9yc28E6Yww,south-elgin-illinois
https://www.ubereats.com/chicago/food-delivery/aranda-jalisco-tacos/MRdHT3yoSdGC7L6Za0qYfA,south-elgin-illinois
https://www.ubereats.com/chicago/food-delivery/swordfish/-zr92WrJSTq-886n91v77g,south-elgin-illinois
https://www.ubereats.com/chicago/food-delivery/jersey-mikes-subs-western-%26-spruce/Kb2NIpJoSwmgsWlKY6QWZg,south-elgin-illinois
https://www.ubereats.com/chicago/food-delivery/tea-house/rC1vQ1GHR_aFxGGsCxU4vg,south-elgin-illinois
https://www.ubereats.com/chicago/food-delivery/la-mariskera-kitchen-%26-bar/Lyud-NofSue2kDIlFU2aFg,south-elgin-illinois
https://www.ubereats.com/chicago/food-delivery/cairo-ale-house-2011-franciscan-way/m72e0R2HTs-xNEMueB2jgA,south-elgin-illinois
https://www.ubereats.com/chicago/food-delivery/mcdonalds-south-elgin/M9t7EgKfRDKoZx33P0Ax4g,south-elgin-illinois
https://www.ubereats.com/chicago/food-delivery/papa-johns-schaumburg/NhfwEz2iSOO6JRAP7nUJ6w,south-elgin-illinois
https://www.ubereats.com/chicago/food-delivery/portillos-hot-dogs-3895-e-main-street/AkYXjBKiRhOQr6WNPQcznQ,south-elgin-illinois
https://www.ubereats.com/chicago/food-delivery/fiesta-del-mar/zqqiUepXRZOdjwAWuPqruQ,south-elgin-illinois
https://www.ubereats.com/chicago/food-delivery/josephs-pizza-cucina/avzdPqiuSay8gyXeolMScg,south-elgin-illinois
https://www.ubereats.com/chicago/food-delivery/alexanders-cafe-elgin/tr9OcrNAQROCiio93Alnrg,south-elgin-illinois
https://www.ubereats.com/chicago/food-delivery/kfc-294-south-randall-road/NDm4vaTKThK-N0YP4_jrVQ,south-elgin-illinois
https://www.ubereats.com/chicago/food-delivery/wendys-465-s-mclean-blvd/lJk6VYuKRmmo41HqvSPxHA,south-elgin-illinois
https://www.ubereats.com/chicago/food-delivery/ma-burger-and-brews-co/DUJ-1jQvTCC27cAoDvBO9A,south-elgin-illinois
https://www.ubereats.com/chicago/food-delivery/mc-nallys-traditional-irish-pub/Eo69fIqURSiWovKH0QJnFw,south-elgin-illinois
https://www.ubereats.com/chicago/food-delivery/morettis-ristorante-%26-pizzeria-bartlett/frRVuYpVSduZk6vF23Sv5A,south-elgin-illinois
https://www.ubereats.com/chicago/food-delivery/taylor-street-pizza-elgin/bCU6vvVKSm2mvQLwQhLzpg,south-elgin-illinois
https://www.ubereats.com/chicago/food-delivery/north-of-the-border-mexican-restaurant/BygB6AcyRdqbuTaK4yHvOw,south-elgin-illinois
https://www.ubereats.com/chicago/food-delivery/dunkin-225-e-lake-st/Lnt5FCMXQ1ezD7YLwPW5bQ,south-elgin-illinois
https://www.ubereats.com/chicago/food-delivery/colonial-cafe-randall-rd/58Nc6RviTDSOEosbTDvSzA,south-elgin-illinois
https://www.ubereats.com/chicago/food-delivery/mod-pizza-elgin/MsHx2b6oRlWpU-gBASY-zQ,south-elgin-illinois
https://www.ubereats.com/chicago/food-delivery/nicks-pizza-%26-pub-elgin/du43wTMuR-KmroKdDUcjjw,south-elgin-illinois
https://www.ubereats.com/chicago/food-delivery/river-street-tavern/LhejvC46SWOiGs4j5rqtuw,south-elgin-illinois
https://www.ubereats.com/chicago/food-delivery/starbucks-route-59-%26-irving-park/dRVq0OlPT6-3LbLASl-sRg,south-elgin-illinois
https://www.ubereats.com/chicago/food-delivery/dunkin-1711-w-main-st/lubVsmZVTKGqIT-cVFbw4A,south-elgin-illinois
https://www.ubereats.com/chicago/food-delivery/lao-%26-thai-spicy-noodle/wYEzeelPROyqElL3eNfI1A,south-elgin-illinois
https://www.ubereats.com/chicago/food-delivery/taco-bell-490-randall-road/A32jDrArQp6J3dyr_D8_oA,south-elgin-illinois
https://www.ubereats.com/chicago/food-delivery/faizaans-tasty-burgers/nMsRwAqsRaOxNqCFTXBMEw,south-elgin-illinois
https://www.ubereats.com/chicago/food-delivery/munchie-ps-eatery/Ont08ZTvT0utNbZidQCxYA,south-elgin-illinois
https://www.ubereats.com/chicago/food-delivery/mariscos-el-charco/dyCK1dy5QSyDNtBHbRXO9g,south-elgin-illinois
https://www.ubereats.com/chicago/food-delivery/subway-1145-dundee-ave/_-S8y-VEQn65b5ZWsw6brg,south-elgin-illinois
https://www.ubereats.com/chicago/food-delivery/pasta-mia/yaKrQYXxSxqz1sAzkq08FA,south-elgin-illinois
https://www.ubereats.com/chicago/food-delivery/daves-burritos/EcPfIirVS-GnldEUBZNn7A,south-elgin-illinois
https://www.ubereats.com/chicago/food-delivery/jamesons-charhouse-bloomingdale/r561eodlTw6tOYd0xCMYUQ,south-elgin-illinois
https://www.ubereats.com/chicago/food-delivery/sammys-mexican-grill-elgin/6WKE871lT_mZNlpkp50MLw,south-elgin-illinois
https://www.ubereats.com/chicago/food-delivery/la-michoacana-tlax/OzGV35wCSMWP97TRObleIQ,south-elgin-illinois
https://www.ubereats.com/chicago/food-delivery/jersey-mikes-subs-schaumburg-%26-barrington/EGHzo_3fRjO6EuxTlN4Y5Q,south-elgin-illinois
https://www.ubereats.com/chicago/food-delivery/kfc-bloomingdale/nki7qTqLSHi0PPbxFU1MHw,south-elgin-illinois
https://www.ubereats.com/chicago/food-delivery/dunkin-1500-larkin-ave/rl9SOmtFQgSjEAWGMTA2RA,south-elgin-illinois
https://www.ubereats.com/chicago/food-delivery/bamboozels/PR0YWvgBQ3iSh5obB5eD4A,south-elgin-illinois
https://www.ubereats.com/chicago/food-delivery/panda-express-388-randall-road/QB7VGhfzQU2Vks5Dmmft1Q,south-elgin-illinois
https://www.ubereats.com/chicago/food-delivery/sport-restuarant/7J2BXyIdTNWlCIoU7dVvWw,south-elgin-illinois
https://www.ubereats.com/chicago/food-delivery/alexanders-cafe-st-charles/NbQ2BVm6TnSeD12_SVqIJw,south-elgin-illinois
https://www.ubereats.com/chicago/food-delivery/subway-40w222-la-fox-rd/3cVqZyQuRtqoDiRUgoyi-Q,south-elgin-illinois
https://www.ubereats.com/chicago/food-delivery/rookies-all-american-pub-%26-grill-hoffman-estates/qEkuX4PPTuCQJPhgAtBDqA,south-elgin-illinois
https://www.ubereats.com/chicago/food-delivery/wendys-865-south-randall-road/0gP840w8SwaHlB6mkjGFsg,south-elgin-illinois
https://www.ubereats.com/chicago/food-delivery/the-bunker-bar-%26-grill/8ko39sxkS7a4g11OKQ3nmA,south-elgin-illinois
https://www.ubereats.com/chicago/food-delivery/beef-shack-elgin/gaYrTfvrT3OSPcJ0B5GboQ,south-elgin-illinois
https://www.ubereats.com/chicago/food-delivery/cantarittos-taqueria-%26-bar/PqwPVSoATrya-lwLwr00Ow,south-elgin-illinois
https://www.ubereats.com/chicago/food-delivery/sammys-mexican-grill-and-bar-roselle/6uhwaen-Q_erGEJJjKN9wA,south-elgin-illinois
https://www.ubereats.com/chicago/food-delivery/eden-on-the-river/uQPfGyPCR0e-nBzvZm-FRA,south-elgin-illinois
https://www.ubereats.com/chicago/food-delivery/thai-siri/akx7ie-bSPux1baYdB7pDg,south-elgin-illinois
https://www.ubereats.com/chicago/food-delivery/chipotle-mexican-grill-4600-hoffman-blvd/1aE7NqF_TI67nj-jxpPeAA,south-elgin-illinois
https://www.ubereats.com/chicago/food-delivery/charles-fast-foodgilberts/jPcP9n5VTw6_PyfzMPtgcA,south-elgin-illinois
https://www.ubereats.com/chicago/food-delivery/salsa-street-mexican-restaurant-%26-cantina/Gsuh9srGTwacSbq5cX2oBQ,south-elgin-illinois
https://www.ubereats.com/chicago/food-delivery/thai-town/EiwQb1t1TB2MCrG0aXEmRg,south-elgin-illinois
https://www.ubereats.com/chicago/food-delivery/jersey-mikes-subs-south-elgin-469-redington-drive/AqhfzXPaSveXEgldP1E8DQ,south-elgin-illinois
https://www.ubereats.com/chicago/food-delivery/saffron-restaurant/3KNmCTw2RQOmz6W7LLrogw,south-elgin-illinois
https://www.ubereats.com/chicago/food-delivery/tcby-st-charles/iYzxQr77TbuGuFc9DVnPuw,south-elgin-illinois
https://www.ubereats.com/chicago/food-delivery/cafe-revive/6Cotj-e8QTu8anlK0dZekw,south-elgin-illinois
https://www.ubereats.com/chicago/food-delivery/wendys-854-st-rt-59/_hesBazESAyYadh8LFMhyQ,south-elgin-illinois
https://www.ubereats.com/chicago/food-delivery/charles-fast-food-%234/PL7QxUeDTG6pwOu_ra7UnA,south-elgin-illinois
https://www.ubereats.com/chicago/food-delivery/dunkin-2716-n-sutton-rd/Sd-v5WXDQZy2Ot6keYpyRA,south-elgin-illinois
https://www.ubereats.com/chicago/food-delivery/beef-villa-elgin-west/SpsFK5CwTRm3DU2soxA_AA,south-elgin-illinois
https://www.ubereats.com/chicago/food-delivery/louie-angelos/e1-a8odJSeGdncAycNkMLQ,south-elgin-illinois
https://www.ubereats.com/chicago/food-delivery/puff-truck-pizza/T8TWhKn_QnaJeVoEhqUi0g,south-elgin-illinois
https://www.ubereats.com/chicago/food-delivery/rosatis-pizza-2-tyler-creek-pl/zQXr16XAS_uinF244IKroA,south-elgin-illinois
https://www.ubereats.com/chicago/food-delivery/rosatis-pizza-elburn/HyYstTDeTFqN9T7KaPVfQA,south-elgin-illinois
https://www.ubereats.com/chicago/food-delivery/dunkin-315-e-higgins-rd/9g5JAtWsT3etbgC2dHxP8g,south-elgin-illinois
https://www.ubereats.com/chicago/food-delivery/riverside-pizza-%26-pub/uIdnAsOMSOSomCkjL_a9fQ,south-elgin-illinois
https://www.ubereats.com/chicago/food-delivery/beef-shack-bartlett/ErjzLXRmQQ2-w9S6fs_XyQ,south-elgin-illinois
https://www.ubereats.com/chicago/food-delivery/la-michoacana-premium/f9ItDg73StK0P89Evd0dGg,south-elgin-illinois
https://www.ubereats.com/chicago/food-delivery/starbucks-army-trail-%26-route-59/-XY_SyCKTDeuU7OI6PPZjA,south-elgin-illinois
https://www.ubereats.com/chicago/food-delivery/subway-570-south-randall-rd/Wc6Q_NPTQ4GT3mpa3JlbHg,south-elgin-illinois
https://www.ubereats.com/chicago/food-delivery/papa-johns-main/5IjKolbiShOyWCHOktCwXQ,south-elgin-illinois
https://www.ubereats.com/chicago/food-delivery/chamber-red-chinese-bistro/bApzMf1eT5CVEGHF8nznMQ,south-elgin-illinois
https://www.ubereats.com/chicago/food-delivery/kolachi-tandoori-grill/4SnxLJzkTvi9XKl5OvLbhg,south-elgin-illinois
https://www.ubereats.com/chicago/food-delivery/taco-bell-1160-n-mclean-blvd/DZP1mFIaTA2zEwHRyAGb1g,south-elgin-illinois
https://www.ubereats.com/chicago/food-delivery/my-cocina-mexican-grill/QXHlA5eURra_CRpbfL4r6A,south-elgin-illinois
https://www.ubereats.com/chicago/food-delivery/popeyes-1380-irving-park-rd/HAQtD2iAQae9dYUKSktkwg,south-elgin-illinois
https://www.ubereats.com/chicago/food-delivery/chicago-loop-sports-bar-%26-grill/p4zviC2MQ96Tz4IUlYRI4Q,south-elgin-illinois
https://www.ubereats.com/chicago/food-delivery/tgi-fridays-2671-bloomingdale-il/cV58BzXPQZa_VNrVSFPAJA,south-elgin-illinois
https://www.ubereats.com/chicago/food-delivery/the-ice-cream-shop/Oy2Ve6iTRdeYnlSUOrkZvQ,south-elgin-illinois
https://www.ubereats.com/chicago/food-delivery/potbelly-sandwich-shop-geneva-%7C-17/KMU-z-L1SzW4Xe-XZB_Khw,south-elgin-illinois
https://www.ubereats.com/chicago/food-delivery/rosatis-pizza-kirk-rd/Xs35SvbYQlunlVt1IPynqg,south-elgin-illinois
https://www.ubereats.com/chicago/food-delivery/subway-275-randall-rd/O8HFYboBQgqFzqc1VVs2MA,south-elgin-illinois
https://www.ubereats.com/chicago/food-delivery/buffalo-wild-wings-402-randall-rd/74vJ4gtNS1eqkaZU6f9QMQ,south-elgin-illinois
https://www.ubereats.com/chicago/food-delivery/mcdonalds-main-%26-smith/Ib3eXdwNR5OuLqn45HiGjw,south-elgin-illinois
https://www.ubereats.com/chicago/food-delivery/qdoba-schaumburg-%26-barrington/-7d1Lu2cSa6SYLaEPjH_YQ,south-elgin-illinois
https://www.ubereats.com/chicago/food-delivery/lake-street-pub/fnc_lKe6Tze2cdNokGK6xQ,south-elgin-illinois
https://www.ubereats.com/chicago/food-delivery/dennys-4690-hoffman-blvd/sUZP3YzTRBqwVu_edscjvg,south-elgin-illinois
https://www.ubereats.com/chicago/food-delivery/crazy-crab/zAwMBoB0QA-wTeICbBAmig,south-elgin-illinois
https://www.ubereats.com/chicago/food-delivery/johnnys-burgers-bowls-%26-bbq-st-charles/YzdryGEfT0SKfVSp4iuMAw,south-elgin-illinois
https://www.ubereats.com/chicago/food-delivery/the-village-squire-south-elgin/J5trvY0nQw26o46Omz4haA,south-elgin-illinois
https://www.ubereats.com/chicago/food-delivery/noodles-%26-company-2610-w-schaumburg-rd/e9Txxh5jTC2lPWI3Dyk2mQ,south-elgin-illinois
https://www.ubereats.com/chicago/food-delivery/pita-bbq/sweRzVNlR2qxmZmS1qsuOg,south-elgin-illinois
https://www.ubereats.com/chicago/food-delivery/skippys-gyros-saint-charles/WG4spdRaSTCAs-q2DASDeQ,south-elgin-illinois
https://www.ubereats.com/chicago/food-delivery/alianos-ristorante/XK_X0eWjTUaGvzoyV4jnsg,south-elgin-illinois
https://www.ubereats.com/chicago/food-delivery/petey-pasta/rretml8iQhqhQ9BJn6PmMw,south-elgin-illinois
https://www.ubereats.com/chicago/food-delivery/chipotle-mexican-grill-201-n-8th-st/Y6axVE03SAGT9u_4yT4skA,south-elgin-illinois
https://www.ubereats.com/chicago/food-delivery/village-pizza-and-pub-randall-rd/3MukxnMhTYGTBYOohSu1Vg,south-elgin-illinois
https://www.ubereats.com/chicago/food-delivery/jersey-mikes-subs-hoffman-%26-sutton/Pioq5aqnRzC9u1K74pVyHA,south-elgin-illinois
https://www.ubereats.com/chicago/food-delivery/elgin-buffet/NQCu4a8VTB-O-3MCEScOww,south-elgin-illinois
https://www.ubereats.com/chicago/food-delivery/falafel-now/P_sQk55pT4ayoCzU7v1ytw,south-elgin-illinois
https://www.ubereats.com/chicago/food-delivery/buffalo-wild-wings-820-commons-dr/Y0uLVqiHS2qQGe4h1DN8QA,south-elgin-illinois
https://www.ubereats.com/chicago/food-delivery/dairy-queen-treat-712-mclean-blvd/H-avV-RCTi607DrCPcUAHg,south-elgin-illinois
https://www.ubereats.com/chicago/food-delivery/salsa-verde-st-charles/MxnZowAqTqW9keJlFedRsw,south-elgin-illinois
https://www.ubereats.com/chicago/food-delivery/szechwan-restaurant/okV4NQ39RQq0JueGL2HQwA,south-elgin-illinois
https://www.ubereats.com/chicago/food-delivery/starbucks-randall-%26-bowes/Z3f_fJ2kSGuGfyeXK8GEzA,south-elgin-illinois
https://www.ubereats.com/chicago/food-delivery/dunkin-80-tyler-creek-plz/gL9crwDgRBeh7aDSx1cuFg,south-elgin-illinois
https://www.ubereats.com/chicago/food-delivery/spotted-fox-ale-house/prb8hi_VRTCiFD3lmXAopw,south-elgin-illinois
https://www.ubereats.com/chicago/food-delivery/romanellis/kAUWV_ZVR5OOGp6SdrrZkw,south-elgin-illinois
https://www.ubereats.com/chicago/food-delivery/jersey-mikes-subs-bartlett-959-illinois-route-59/qB5GtUuzStGw-OO1IAnO3g,south-elgin-illinois
https://www.ubereats.com/chicago/food-delivery/frankys-red-hots/5l9fiR2nQ3mZVaEwd2EyfA,south-elgin-illinois
https://www.ubereats.com/chicago/food-delivery/outback-steakhouse-365-randall-road/JIj4CLpIQsuy_BuwqrfFFg,south-elgin-illinois
https://www.ubereats.com/chicago/food-delivery/mcdonalds-north-%26-neltor/vCMj-S1ARBCPuFoi-mLrEw,south-elgin-illinois
https://www.ubereats.com/chicago/food-delivery/nobel-house-geneva/ZRDU6YsQQLOB1thkApX9uQ,south-elgin-illinois
https://www.ubereats.com/chicago/food-delivery/dunkin-1566-e-main-st/wkD5Js3QT0a7yJWrvLGdQQ,south-elgin-illinois
https://www.ubereats.com/chicago/food-delivery/dennys-1086-lake-st/aVk7ZlHqQ8SrgH8QVpfe0g,south-elgin-illinois
https://www.ubereats.com/chicago/food-delivery/brunch-cafe-st-charles/IJEaqc7fRX-qcXpo2aaC_g,south-elgin-illinois
https://www.ubereats.com/chicago/food-delivery/taco-bell-510-dunham-road/4ULn5noLSTiOmu83PUu3YQ,south-elgin-illinois
https://www.ubereats.com/chicago/food-delivery/steak-n-shake-290-s-randall-rd/TqigiIj6Rq6F5K7PvLem7w,south-elgin-illinois
https://www.ubereats.com/chicago/food-delivery/dunkin-2701-e-main-st/H3RKRp-GS_yIsn3qVtmo_w,south-elgin-illinois
https://www.ubereats.com/chicago/food-delivery/inchins-bamboo-garden-chicago/_MC_FjHPQ7yx-OnqTauIjA,south-elgin-illinois
https://www.ubereats.com/chicago/food-delivery/poke-bros-st-charles/2RWM-Y_NR--ozvYL39VKmg,south-elgin-illinois
https://www.ubereats.com/chicago/food-delivery/jersey-mikes-subs-geneva-1770-s-randall-rd/dT1PvEufTbW1sUCA2EAcVQ,south-elgin-illinois
https://www.ubereats.com/chicago/food-delivery/burrito-parrilla-mexicana-west-chicago/q_jEdS19Tma0mD9py2dhjA,south-elgin-illinois
https://www.ubereats.com/chicago/food-delivery/jamba-juice-1544-commons-dr/gHnu_xjzRI2tLifjEyD7Zw,south-elgin-illinois
https://www.ubereats.com/chicago/food-delivery/altiro-latin-fusion/dZ0g-ilESGatqphplwuWBQ,south-elgin-illinois
https://www.ubereats.com/chicago/food-delivery/dennys-200-springhill-dr/LrLTfHywSxyS_Sj1QrPwdg,south-elgin-illinois
https://www.ubereats.com/chicago/food-delivery/las-tias-restaurant/cS5FGBFTSSeAPNl8-ff9sw,south-elgin-illinois
https://www.ubereats.com/chicago/food-delivery/villaggio-ristorante/Qf4oOgLoRPCLDXK9OV03rg,south-elgin-illinois
https://www.ubereats.com/chicago/food-delivery/scoobys-red-hots/dDSL2oSoQJm9Yzxz6txaCg,south-elgin-illinois
https://www.ubereats.com/chicago/food-delivery/wahlburgers-corporate-825-south-randall-road/lul5KlDmSD-D2hAvuCjN6Q,south-elgin-illinois
https://www.ubereats.com/chicago/food-delivery/dairy-queen-treat-727-villa-st/lHLgipTDSAyaBHGmx9KM_Q,south-elgin-illinois
https://www.ubereats.com/chicago/food-delivery/starbucks-lake-%26-barrington/giFvhBYkTWGkW4AA35xwKA,south-elgin-illinois
https://www.ubereats.com/chicago/food-delivery/mcdonalds-larkin-%26-mclean/uP7BCraUT7aHG2aO2dzFbg,south-elgin-illinois
https://www.ubereats.com/chicago/food-delivery/elgin-bbq-pit/l7jDxZalSySkBt4Dbftwvg,south-elgin-illinois
https://www.ubereats.com/chicago/food-delivery/gyradiko/Z1Y2IKD6TnejcJxXq0FHew,south-elgin-illinois
https://www.ubereats.com/chicago/food-delivery/taco-bell-1010-summit-street/oM1Gn2XcQtWYK_JE6d_ShA,south-elgin-illinois
https://www.ubereats.com/chicago/food-delivery/bar-down-sports-grill/-dc6hlpXSF20AJsEevNaww,south-elgin-illinois
https://www.ubereats.com/chicago/food-delivery/tokyo-steak-house-ii/XHm76eVwQY2TNT5pLwI9hw,south-elgin-illinois
https://www.ubereats.com/chicago/food-delivery/los-girasoles-restaurant/W18T1IaTTZu7sXnSkj2Xrg,south-elgin-illinois
https://www.ubereats.com/chicago/food-delivery/italian-dreams/dkqfUhwNR0Ccu0oNi_-vzA,south-elgin-illinois
https://www.ubereats.com/chicago/food-delivery/fannie-may-otter-creek/DQuYr-2sTy6cMHNez9H2hQ,south-elgin-illinois
https://www.ubereats.com/chicago/food-delivery/taco-bell-1075-n-main-street/kCBwAz9ySuuzB6T7jRoeEQ,south-elgin-illinois
https://www.ubereats.com/chicago/food-delivery/red-lobster-701-spring-hill-ring-road/n7FO4hS-Q92lABZ7t5pOCg,south-elgin-illinois
https://www.ubereats.com/chicago/food-delivery/dogfather-hot-dogs/K_871q0HSi-be5Qj9h3gjg,south-elgin-illinois
https://www.ubereats.com/chicago/food-delivery/nuova-italia-st-charles/rrUpOF4qQfq2qM7YKMNTRw,south-elgin-illinois
https://www.ubereats.com/chicago/food-delivery/rosatis-pizza-st-charles/bjPOn18PTBezYalzo8deCw,south-elgin-illinois
https://www.ubereats.com/chicago/food-delivery/brianas-pancake-cafe-randall-rd/oRBu7Z3FQhCGC3U4cJ72HA,south-elgin-illinois
https://www.ubereats.com/chicago/food-delivery/los-fernandez-taqueria/uOT332fwQw67dUBoX-3TAA,south-elgin-illinois
https://www.ubereats.com/chicago/food-delivery/olde-towne-inn/0gbzl5IZTOmBwtUCMrUvuQ,south-elgin-illinois
https://www.ubereats.com/chicago/food-delivery/dunkin-95-clock-tower-plz/lgmtHQg3T-C70Gw4vu0qKA,south-elgin-illinois
https://www.ubereats.com/chicago/food-delivery/firehouse-subs-of-south-elgin/-TQLmLQCTxOe_i95AImgeQ,south-elgin-illinois
https://www.ubereats.com/chicago/food-delivery/jimmys-charhouse-elgin/ZtrQHOokTuyTVb43tTUQmg,south-elgin-illinois
https://www.ubereats.com/chicago/food-delivery/indian-express-cuisine/dMQIQ6vQRFapfAu9w_DN3A,south-elgin-illinois
https://www.ubereats.com/chicago/food-delivery/doughocracy-pizza-and-brews/0zpUh7eXSEyO5dMSle6GGA,south-elgin-illinois
https://www.ubereats.com/chicago/food-delivery/marcus-theatre-elgin/FE7Kt4wuTqWtm2yTzzsvJA,south-elgin-illinois
https://www.ubereats.com/chicago/food-delivery/subway-300-a-mclean-blvd/p67cDvdVTRiB2Igs8nyE5A,south-elgin-illinois
https://www.ubereats.com/chicago/food-delivery/spankys-gyro/guyNsxD-RPywzMESu0dBrg,south-elgin-illinois
https://www.ubereats.com/chicago/food-delivery/kfc-taco-bell-960-s-state-route-59/kol2A50GRuuGpZb2IuOArw,south-elgin-illinois
https://www.ubereats.com/chicago/food-delivery/ihop-smith-%26-main/ZecthCPWTaSBxofekFO0HQ,south-elgin-illinois
https://www.ubereats.com/chicago/food-delivery/subway-2708-e-main-st/iWjJFQmQSemShSfGMKiWZg,south-elgin-illinois
https://www.ubereats.com/chicago/food-delivery/capital-greens-elgin/7xQTqoL9QdyWr01jeKiDoA,south-elgin-illinois
https://www.ubereats.com/chicago/food-delivery/manor-cafe-%26-restaurant/Zc-TgR2qRzegHz0r5eYJUQ,south-elgin-illinois
https://www.ubereats.com/chicago/food-delivery/noodles-%26-company-895-s-randall-rd/LHWJwX0ySxuCfcYY0iV8KQ,south-elgin-illinois
https://www.ubereats.com/chicago/food-delivery/beef-villa-elgin-east/mloedwuRS6-xpXJEBRMnxw,south-elgin-illinois
https://www.ubereats.com/chicago/food-delivery/dunkin-2057-lincoln-hwy/Dg0wSnFOR6WjodSHec9eaQ,south-elgin-illinois
https://www.ubereats.com/chicago/food-delivery/subway-55-clock-tower-dr/pViuGCwbQ-ya3QG0FEdtlQ,south-elgin-illinois
https://www.ubereats.com/chicago/food-delivery/yelo/ZVBUJBY0T7Ol-Vg0ZMRXdg,south-elgin-illinois
https://www.ubereats.com/chicago/food-delivery/mcdonalds-il-59-%26-norwood/Dk1hD96vS9GBtPeOTDABEQ,south-elgin-illinois
https://www.ubereats.com/chicago/food-delivery/mcdonalds-st-charles-%26-russell/UHO2XPscQWqq76xxt60P4A,south-elgin-illinois
https://www.ubereats.com/chicago/food-delivery/taco-bell-665-s-sutton-rd/AFqGlgGJRXOAD4ZpDuGySg,south-elgin-illinois
https://www.ubereats.com/chicago/food-delivery/sportys-chicken-%26-beef/WBgIj0MlT_qo6-ozcc6pfw,south-elgin-illinois
https://www.ubereats.com/chicago/food-delivery/red-robin-477-420-randall-rd/EDaNVAuvSaK2ENjmEAFDtA,south-elgin-illinois
https://www.ubereats.com/chicago/food-delivery/napoli-per-tutti/lFlvKoPWRii8Ir8HJ_UVVA,south-elgin-illinois
https://www.ubereats.com/chicago/food-delivery/sweet-stop/zxy086dOQs2F6RyE-rRltQ,south-elgin-illinois
https://www.ubereats.com/chicago/food-delivery/urban-counter-st-charles/XZzQTwsVTeOgd6Q1ay_rgQ,south-elgin-illinois
https://www.ubereats.com/chicago/food-delivery/taco-bell-304-south-mclean-blvd/_U6r7aIFSa-Cd1xP_1oe4w,south-elgin-illinois
https://www.ubereats.com/chicago/food-delivery/dunkin-3191-us-highway-20-unit-c/nNSPb7e7QCOoEQq2dsLyyw,south-elgin-illinois
https://www.ubereats.com/chicago/food-delivery/papa-johns-1825-larkin-avenue/xLEjQiBWQk251YTDhdfSxg,south-elgin-illinois
https://www.ubereats.com/chicago/food-delivery/old-republic-kitchen-%2B-bar/vrVyWX7pQQ--XUrzqDkvfQ,south-elgin-illinois
https://www.ubereats.com/chicago/food-delivery/outback-steakhouse-166-south-gary-avenue/W6BvG5bkQpOyXc0ZuqFFuQ,south-elgin-illinois
https://www.ubereats.com/chicago/food-delivery/the-country-house-geneva/xcM9PKqUQ4i99N1qWfIEng,south-elgin-illinois
https://www.ubereats.com/chicago/food-delivery/panda-express-110-s-kirk-rd/IV0NP50fRUGQ5AG4B6WYww,south-elgin-illinois
https://www.ubereats.com/chicago/food-delivery/la-poblanita/WYwPuW68RX2a0h8PIo4sYg,south-elgin-illinois
https://www.ubereats.com/chicago/food-delivery/dennys-1120-s-randall-rd/rvUqR-ymSvO0tHxhqIqZig,south-elgin-illinois
https://www.ubereats.com/chicago/food-delivery/beef-villa-south-elgin/A02c9LgxTTmDmk7nI59uIg,south-elgin-illinois
https://www.ubereats.com/chicago/food-delivery/rookies-all-american-pub-%26-grill-elgin/k3EQObx7SyqLs6sGk5iSFw,south-elgin-illinois
https://www.ubereats.com/chicago/food-delivery/skippys-gyros-south-elgin/PXkIkzbQQ2Wgs0jFFvUZ5Q,south-elgin-illinois
https://www.ubereats.com/chicago/food-delivery/joes-barbeque-and-fish-elgin/cFHwr_ITTQST2_Ybf0NoHA,south-elgin-illinois
https://www.ubereats.com/chicago/food-delivery/tasty-nihari/CkUjqAsxRDOobaJkLT4HlQ,south-elgin-illinois
https://www.ubereats.com/chicago/food-delivery/aka-ramen/728CPchiT6KOhAD62hGQBw,south-elgin-illinois
https://www.ubereats.com/chicago/food-delivery/portillos-hot-dogs-1020-s-randall-rd/L-m9tT0DSc6YCQD8wRE60g,south-elgin-illinois
https://www.ubereats.com/chicago/food-delivery/dunkin-656-s-sutton-rd-route-59/pEUXNYuZS7GBAOtXcFw2Ww,south-elgin-illinois
https://www.ubereats.com/chicago/food-delivery/wendys-881-s-sutton-rd/J0OK8BV3SvSEOzH-PVW7Sg,south-elgin-illinois
https://www.ubereats.com/chicago/food-delivery/burger-king-165-dundee-avenue/4UiVzbI9Q_u-a8gEKZS6ZA,south-elgin-illinois
https://www.ubereats.com/chicago/food-delivery/chipotle-mexican-grill-3821-e-main-st/pIj8MY5_SwqVzh21STl0oQ,south-elgin-illinois
https://www.ubereats.com/chicago/food-delivery/chicago-pizza-and-pasta/5-JmbK58SDigj1W0BUjFYw,south-elgin-illinois
https://www.ubereats.com/chicago/food-delivery/the-pub-at-klein-creek-golf-club/yVIbDuWDRYGcdmyxyMm2pQ,south-elgin-illinois
https://www.ubereats.com/chicago/food-delivery/dunkin-514-randall-rd/-gRUu1QzS1GmQ2XDSrBFMw,south-elgin-illinois
https://www.ubereats.com/chicago/food-delivery/browns-chicken-east-dundee/LGxmSQxaQLSuPwFqLhY4jA,south-elgin-illinois
https://www.ubereats.com/chicago/food-delivery/starbucks-randall-%26-north/NDyxgq-_T9q55Crz9AD3wg,south-elgin-illinois
https://www.ubereats.com/chicago/food-delivery/which-wich-superior-sandwich-hoffman-estates/HycEI69iTW-Om5Ju8jwbjg,south-elgin-illinois
https://www.ubereats.com/chicago/food-delivery/dunkin-263-s-randall-rd/99j3b8tqRpWm6s8aer6WZg,south-elgin-illinois
https://www.ubereats.com/chicago/food-delivery/porters-pub/HqasSHShSDiZAK0qO2Eshg,south-elgin-illinois
https://www.ubereats.com/chicago/food-delivery/dunkin-1169-dundee-ave/0RyE7cwbRuerMkWEPvr1rw,south-elgin-illinois
https://www.ubereats.com/chicago/food-delivery/mcdonalds-randall-%26-weld/5ovRFfB4SZK5vz5umsey6Q,south-elgin-illinois
https://www.ubereats.com/chicago/food-delivery/subway-66-tyler-creek-plaza/Y606y13EQt-Y_jYBFP4nGg,south-elgin-illinois
https://www.ubereats.com/chicago/food-delivery/drm-cafe-%26-delicatessen/_d-DNiJcR--afKCIb01xRA,south-elgin-illinois
https://www.ubereats.com/chicago/food-delivery/kfc-465-dundee-ave/k4s4HJkaSwqbjpSVrAh5yQ,south-elgin-illinois
https://www.ubereats.com/chicago/food-delivery/los-fernandez-restaurant/0mpuCOpdSNO7HvAppVoB8A,south-elgin-illinois
https://www.ubereats.com/chicago/food-delivery/starbucks-north-ave-%26-kirk-rd/uncWaQS9QmymYGpTLrDGUA,south-elgin-illinois
https://www.ubereats.com/chicago/food-delivery/steak-n-shake-320-w-north-ave/7EDXvhFoR8GxVlgiomeSog,south-elgin-illinois
https://www.ubereats.com/chicago/food-delivery/starbucks-randall-%26-mcdonald/55sRx8JuQruO8e9rQNx5Eg,south-elgin-illinois
https://www.ubereats.com/chicago/food-delivery/osteria-trulli-st-charles/3usXQYGcSOOYfE1IQVH_dg,south-elgin-illinois
https://www.ubereats.com/chicago/food-delivery/kfc-streamwood/QZivcf4NRQ6C2ixR_2P4ug,south-elgin-illinois
https://www.ubereats.com/chicago/food-delivery/applebees-randall-%26-weld/xDwBltSwS720iTNVTEfKWw,south-elgin-illinois
https://www.ubereats.com/chicago/food-delivery/mcdonalds-redington-%26-thornwood/0-lDHUpxSAOF-zwnc4ahrg,south-elgin-illinois
https://www.ubereats.com/chicago/food-delivery/smashburger-842-n-randall-rd/BNf5qB_zSWq5TqUZYLGNpQ,south-elgin-illinois
https://www.ubereats.com/chicago/food-delivery/dunkin-245-randall-rd/LsgE9SWKT1-Kona5z2u4jA,south-elgin-illinois
https://www.ubereats.com/chicago/food-delivery/starbucks-stearns-%26-route-59/_uZXKRl0Rf2vgytZORcq8A,south-elgin-illinois
https://www.ubereats.com/chicago/food-delivery/browns-chicken-st-charles/JCxw4QioR4mqiHHAQX0k_g,south-elgin-illinois
https://www.ubereats.com/chicago/food-delivery/red-lobster-391-west-army-trail-road/JOcIgktsQbCZ1RAxbPt7sw,south-elgin-illinois
https://www.ubereats.com/chicago/food-delivery/ihop-randall-%26-weld/EOykNeThSdaSAbAJRTumZw,south-elgin-illinois
https://www.ubereats.com/chicago/food-delivery/cicis-pizza-buffet-irving-park-%26-park/VUrVon2bT_y923T67UzmEA,south-elgin-illinois
https://www.ubereats.com/chicago/food-delivery/jorges-paleteria/p4cWoZ4WSO6swB4qSjJVxQ,south-elgin-illinois
https://www.ubereats.com/chicago/food-delivery/dairy-queen-treat-703-e-state-st/XQczsG_aR26x9Bo_FP04bA,south-elgin-illinois
https://www.ubereats.com/chicago/food-delivery/el-puente/HPcmEaC3QDidPZGFEGT-PQ,south-elgin-illinois
https://www.ubereats.com/chicago/food-delivery/mcalisters-deli-1492-s-randall-rd/9ItnJPl4Qu2iICblZhZDfQ,south-elgin-illinois
https://www.ubereats.com/chicago/food-delivery/buona-st-charles/AHJDZekuRtyUnQB4VLq_0Q,south-elgin-illinois
https://www.ubereats.com/chicago/food-delivery/mi-vallarta/dNAEl3RvQQejLqi0n0z86g,south-elgin-illinois
https://www.ubereats.com/chicago/food-delivery/popeyes-1616-big-timber-rd/169neZKBTOie_9dX59YD4w,south-elgin-illinois
https://www.ubereats.com/chicago/food-delivery/la-michoacana-premium/iM_t4HkISnOybxA-QKgrqg,south-elgin-illinois
https://www.ubereats.com/chicago/food-delivery/southern-belles-carpentersville/7Mrvp2ueQC2a3m34NmujWA,south-elgin-illinois
https://www.ubereats.com/chicago/food-delivery/rookies-all-american-pub-%26-grill-st-charles/ZS56w1lbR2qqtVwIySAMoQ,south-elgin-illinois
https://www.ubereats.com/chicago/food-delivery/pizzeria-antica/O9CfoYjrR--AKYK5LltHVw,south-elgin-illinois
https://www.ubereats.com/chicago/food-delivery/coronado-mexican-kitchen/ljjd4TNfQmqvrhXlqxkE0g,south-elgin-illinois
https://www.ubereats.com/chicago/food-delivery/toom-toom-thai-restaurant/nYzTSB7ZSW6TJAg54Uiasg,south-elgin-illinois
https://www.ubereats.com/chicago/food-delivery/bennigans/pj4vT8wVRBuaeUoBV8hm8A,south-elgin-illinois
https://www.ubereats.com/chicago/food-delivery/sonic-drive-in-stearns-%26-i-59/8c51omZTSxO3CYi5Ym-f1g,south-elgin-illinois
https://www.ubereats.com/chicago/food-delivery/bulldog-ale-house-carol-stream/HGLoACAkSfiLQ5smVx78JA,south-elgin-illinois
https://www.ubereats.com/chicago/food-delivery/mcdonalds-barrington-%26-bristol/ofSeuD6dR6utx8i0dwJ-Ug,south-elgin-illinois
https://www.ubereats.com/chicago/food-delivery/subway-1100-s-randall-rd/cSCmzdIeR46J7QKB5jfDlg,south-elgin-illinois
https://www.ubereats.com/chicago/food-delivery/savoury-restaurant-%26-pancake-cafe/6ISrBJArRUac6g9MU9JJ3g,south-elgin-illinois
https://www.ubereats.com/chicago/food-delivery/tgi-fridays-490-n-randall-rd/8enpRKgBRTe6Pi0FmnL45Q,south-elgin-illinois
https://www.ubereats.com/chicago/food-delivery/subway-3191-us-rt-20/eWpUhmPlSo-XrBJBP3hHJQ,south-elgin-illinois
https://www.ubereats.com/chicago/food-delivery/the-jalapeno-grille-charles/UlE8VR9fQGCmqf4yPUcAjQ,south-elgin-illinois
https://www.ubereats.com/chicago/food-delivery/tacatz-tacos/uMZzApvvR_GuJTGPkzgWWA,south-elgin-illinois
https://www.ubereats.com/chicago/food-delivery/taco-bell-1890-army-trail-rd/I7sxSCdRQsmLmaFCyCmrLg,south-elgin-illinois
https://www.ubereats.com/chicago/food-delivery/chipotle-mexican-grill-2558-w-schaumburg-rd/v6BHHXxrRQ6Ft4EDnIc-kA,south-elgin-illinois
https://www.ubereats.com/chicago/food-delivery/arbys-1534-e-main-st/kmJ8iI4rRWm628uNkYwRJQ,south-elgin-illinois
https://www.ubereats.com/chicago/food-delivery/flappys-pancake-house/ZgFBQV4wQo6nd5yqh9sw8A,south-elgin-illinois
https://www.ubereats.com/chicago/food-delivery/taco-madre-stcharles/-OebjUtNRTqd_c0TrQnq_Q,south-elgin-illinois
https://www.ubereats.com/chicago/food-delivery/bellos-restaurant-of-elgin/fXQi4bToQ4CT_UhuzrWazA,south-elgin-illinois
https://www.ubereats.com/chicago/food-delivery/the-crazy-fox-bar-%26-grille/0LjMI61pRPWrFjyfhI79UQ,south-elgin-illinois
https://www.ubereats.com/chicago/food-delivery/mcalisters-deli-army-trail-%26-gary/2NsNhMSRRVaifzHIU4ShMw,south-elgin-illinois
