url,city
https://www.ubereats.com/cleveland/food-delivery/guarinos-restaurant/D29K0V69SD6gULXV3URIhw,south-euclid-ohio
https://www.ubereats.com/cleveland/food-delivery/popeyes-13337-euclid-ave/glwNm8bRS3S8RycqeNPD_w,south-euclid-ohio
https://www.ubereats.com/cleveland/food-delivery/outback-steakhouse-7785-plaza-bkvd/EYS9QHpBSQmk2jWfnVrRFg,south-euclid-ohio
https://www.ubereats.com/cleveland/food-delivery/muncheez/xiCdoanDRyCx1zNkky-JGA,south-euclid-ohio
https://www.ubereats.com/cleveland/food-delivery/red-lobster-3655-orange-place/1L1ngzU_TDWzKFERAKi-PQ,south-euclid-ohio
https://www.ubereats.com/cleveland/food-delivery/blu-the-restaurant/pzaSVo6iR7ON9cGUYJWNQA,south-euclid-ohio
https://www.ubereats.com/cleveland/food-delivery/nighttown/DoygMSwxR-OEvkOvkU1Atw,south-euclid-ohio
https://www.ubereats.com/cleveland/food-delivery/mcdonalds-buckeye-%26-115th-st/Rgv6Sy38T6Chnm4QMiHwLQ,south-euclid-ohio
https://www.ubereats.com/cleveland/food-delivery/cilantro-taqueria/jruxBLw2RMCUhI5TsJyEig,south-euclid-ohio
https://www.ubereats.com/cleveland/food-delivery/michaels-diner/KmCa3JbqSXOjYmx2HyZFGQ,south-euclid-ohio
https://www.ubereats.com/cleveland/food-delivery/pyramid-soul-food-%26-grill/kBtM855xQ4C9q2oRE_G91Q,south-euclid-ohio
https://www.ubereats.com/cleveland/food-delivery/arbys-26000-euclid-ave/6C5QR96cStuYvFWnPCrNCw,south-euclid-ohio
https://www.ubereats.com/cleveland/food-delivery/qdoba-mexican-eats-university-circle/MY4afmrtTzu6yih0clVmxw,south-euclid-ohio
https://www.ubereats.com/cleveland/food-delivery/ml-tavern/ZKnxVEIERl6iwSCjjfy5vQ,south-euclid-ohio
https://www.ubereats.com/cleveland/food-delivery/georgios-oven-fresh-pizza/_AfkDga2StKGvmGeVoXQ4w,south-euclid-ohio
https://www.ubereats.com/cleveland/food-delivery/b2s-bar-%26-grill/h42vykx-Sbq2MJHF9R08nA,south-euclid-ohio
https://www.ubereats.com/cleveland/food-delivery/pacific-grill/sNBlXGIuSO-5CcyoFeNOnA,south-euclid-ohio
https://www.ubereats.com/cleveland/food-delivery/china-dragon/Qs--jnErShGUHcJe4FT-WA,south-euclid-ohio
https://www.ubereats.com/cleveland/food-delivery/chipotle-mexican-grill-6267-wilson-mills-rd-unit-a/RYPZ6IcqTGC0IQhPPa3l5A,south-euclid-ohio
https://www.ubereats.com/cleveland/food-delivery/papa-johns-13515-euclid-avenue/5rGsz2vjR-SgS2AW-tMafg,south-euclid-ohio
https://www.ubereats.com/cleveland/food-delivery/otani-noodle/cGGPZOEnSfm-kIUVdR7Jjw,south-euclid-ohio
https://www.ubereats.com/cleveland/food-delivery/yours-truly-restaurant-beachwood/K47k1DpURGSEXPeB6M8poQ,south-euclid-ohio
https://www.ubereats.com/cleveland/food-delivery/hibachi-steakhouse/wv5V61yoTwaKrvbDCBkQWg,south-euclid-ohio
https://www.ubereats.com/cleveland/food-delivery/best-steak-and-gyros/Sde3f4WNQvSm7zy9UbwwlQ,south-euclid-ohio
https://www.ubereats.com/cleveland/food-delivery/caribbean-vybz-bar-%26-grille/cMRVj2OzQuyv8V7gTBtP6A,south-euclid-ohio
https://www.ubereats.com/cleveland/food-delivery/wendys-3516-warrensville-center-road/_b3QL9F0TwaNUyKLRLhAWA,south-euclid-ohio
https://www.ubereats.com/cleveland/food-delivery/firehouse-subs-6232-mayfield-road/eK5LePF0RUGgzZxiqN-Z_A,south-euclid-ohio
https://www.ubereats.com/cleveland/food-delivery/cracker-barrel-old-country-store-6055-som-center-rd/nYsuZZecSX-BEGuaLZtfsg,south-euclid-ohio
https://www.ubereats.com/cleveland/food-delivery/otani-japanese-restaurant/gDENbH6QRFCBsh_8KwBlHA,south-euclid-ohio
https://www.ubereats.com/cleveland/food-delivery/jade-chinese-kitchen/5cetvdFnRG-lf3LSdWZy0A,south-euclid-ohio
https://www.ubereats.com/cleveland/food-delivery/rascal-house-pizza-university-heights/6Jq05x6uSLmwoSSuUwMOpw,south-euclid-ohio
https://www.ubereats.com/cleveland/food-delivery/burger-king-263-babbitt-rd/Bp5WsqTFSq-Ulmjn3IXktw,south-euclid-ohio
https://www.ubereats.com/cleveland/food-delivery/moes-southwest-grill-5920-mayfield-road/8s2ck-k6TtekhPFzUVoO0g,south-euclid-ohio
https://www.ubereats.com/cleveland/food-delivery/the-standard/XD512dFUQtiWLlTSOyy58A,south-euclid-ohio
https://www.ubereats.com/cleveland/food-delivery/ra-sushi-bar-23611-chargin-blvd/8hFMfxYKR1eS3tBbs3ij2w,south-euclid-ohio
https://www.ubereats.com/cleveland/food-delivery/buffalo-wild-wings-12459-cedar-rd/WBiRQIMISfyJizD6SEWWkQ,south-euclid-ohio
https://www.ubereats.com/cleveland/food-delivery/bibibop-asian-grill-13934-cedar-road/JnCciIc_SruQ9eH2ZZZdUg,south-euclid-ohio
https://www.ubereats.com/cleveland/food-delivery/simply-greek/d5Jt2AvcT5qaqCJZwpUf2g,south-euclid-ohio
https://www.ubereats.com/cleveland/food-delivery/paradise-biryani-pointe/NF_KrjObRQq8B8ED5isi2g,south-euclid-ohio
https://www.ubereats.com/cleveland/food-delivery/natures-oasis/kSrDWrm9QQ-oCjNSE9Ou6w,south-euclid-ohio
https://www.ubereats.com/cleveland/food-delivery/starbucks-chagrin-road-and-green-blvd/dpTP8hHtRFiu0tuJ0qClbg,south-euclid-ohio
https://www.ubereats.com/cleveland/food-delivery/fahrenheit/RSqy0_AYQaSnEgk68XdRpw,south-euclid-ohio
https://www.ubereats.com/cleveland/food-delivery/papa-johns-pizza-33411-aurora-rd/C3rs8ASgQaS_bPzLQr18zQ,south-euclid-ohio
https://www.ubereats.com/cleveland/food-delivery/arova/pjw5My6IRF-WT5e2ydYgUg,south-euclid-ohio
https://www.ubereats.com/cleveland/food-delivery/the-pearl-asian-kitchen/XoxCZkHjT-OXexVAJejwfg,south-euclid-ohio
https://www.ubereats.com/cleveland/food-delivery/mr-hero-richmond-%26-highland/M6PYlngyRI6xKUcoG9j6Jg,south-euclid-ohio
https://www.ubereats.com/cleveland/food-delivery/wendys-4602-northfield-road/9V81vWPaT4SM3dkdNOeBew,south-euclid-ohio
https://www.ubereats.com/cleveland/food-delivery/condado-tacos-pinecrest/Fa4Xt1clQ5O2KUAZSffz2A,south-euclid-ohio
https://www.ubereats.com/cleveland/food-delivery/chipotle-mexican-grill-22250-lake-shore-blvd/p9WOrjO6TeGz27yM6bWQNg,south-euclid-ohio
https://www.ubereats.com/cleveland/food-delivery/fawaky-burst-cleveland-heights/7t3faIy9Toi8aJg_H73wSA,south-euclid-ohio
https://www.ubereats.com/cleveland/food-delivery/choolaah-indian-bbq-orange-village/yS4GSfHyQsmIeXXBpenUdw,south-euclid-ohio
https://www.ubereats.com/cleveland/food-delivery/murray-hill-market/5LCQ8XZcSuKjgDzhkfoRdw,south-euclid-ohio
https://www.ubereats.com/cleveland/food-delivery/teresas-pizza2165-s-taylor-rd/HETPRKKrQmibEg6FQvrOxQ,south-euclid-ohio
https://www.ubereats.com/cleveland/food-delivery/sonic-5836-mayfield-road/TTjUG9PtQUGM009MlJ67Lg,south-euclid-ohio
https://www.ubereats.com/cleveland/food-delivery/famous-gyro-george-maple-heights/ARakZm8AQROkT1zXsfAvyg,south-euclid-ohio
https://www.ubereats.com/cleveland/food-delivery/jalapeno-loco/7BNxDuM6RTuQkBl6-gPIuw,south-euclid-ohio
https://www.ubereats.com/cleveland/food-delivery/incrediblefoodz/mSOnI9owQFaInYgmOJDjww,south-euclid-ohio
https://www.ubereats.com/cleveland/food-delivery/sunoco-harvard-daily/WA0BynvbTEqS_YDx0BAp7Q,south-euclid-ohio
https://www.ubereats.com/cleveland/food-delivery/harvard-express/1cb94WkUTI2yAeGVMwt6-Q,south-euclid-ohio
https://www.ubereats.com/cleveland/food-delivery/starbucks-woodmere-center/0T5QLwkyRre1wDXwclIe6Q,south-euclid-ohio
https://www.ubereats.com/cleveland/food-delivery/taco-bell-4110-lee-road/xR_2mCNXQcCr10s_K1_RfA,south-euclid-ohio
https://www.ubereats.com/cleveland/food-delivery/rallys-14421-euclid-ave/DzBJuxIBT5uZlS3i60spig,south-euclid-ohio
https://www.ubereats.com/cleveland/food-delivery/moes-southwest-grill-1916-warrensville-center-road-building-f/dhupzoAORBy7Ts0ugdlieA,south-euclid-ohio
https://www.ubereats.com/cleveland/food-delivery/subway-10334-st-clair-ave/MhX-FjRYR3-WX4M34C6bJg,south-euclid-ohio
https://www.ubereats.com/cleveland/food-delivery/convenient-food-mart/CLoF-HzmRGCzKgsmwEcfXw,south-euclid-ohio
https://www.ubereats.com/cleveland/food-delivery/kfc-2930-carnegie-avenue/5tXwHutqQSajJcCPQZ9M_w,south-euclid-ohio
https://www.ubereats.com/cleveland/food-delivery/pulp-juice-and-smoothie-bar/MVaaY7UIRQOTPvV67y5DJA,south-euclid-ohio
https://www.ubereats.com/cleveland/food-delivery/dales-deli/JYaUCo0DSOeiQA8ME7y5lQ,south-euclid-ohio
https://www.ubereats.com/cleveland/food-delivery/charleys-philly-steaks-richmond-town-square/KFxsS4qvQSqGMglP_SscZw,south-euclid-ohio
https://www.ubereats.com/cleveland/food-delivery/angelas-family-restaurant/pOzfcK6iTcOfB4yKtCz1dA,south-euclid-ohio
https://www.ubereats.com/cleveland/food-delivery/cousins-restaurant-and-pub/tZu2tJBuRoSU0Ja5H0GzFw,south-euclid-ohio
https://www.ubereats.com/cleveland/food-delivery/rascal-house-pizza-euclid/45TVb9L_SRedYPY_dVnpvw,south-euclid-ohio
https://www.ubereats.com/cleveland/food-delivery/dunkin-6353-som-center-rd/kOvCaSciQDGg4iFCU-w3KA,south-euclid-ohio
https://www.ubereats.com/cleveland/food-delivery/yours-truly-restaurant-chagrin-falls/pz-5EMc8SL21Eu7zaQheEA,south-euclid-ohio
https://www.ubereats.com/cleveland/food-delivery/subway-944-east-152-st/YGky6mqpSk2deQBh9WI6QQ,south-euclid-ohio
https://www.ubereats.com/cleveland/food-delivery/zoup!-richmond-road/v8NqSjGFQdKjlm5G-SSF7A,south-euclid-ohio
https://www.ubereats.com/cleveland/food-delivery/republix/ER_3NFTUSy2bHaH60SRrVA,south-euclid-ohio
https://www.ubereats.com/cleveland/food-delivery/inchins-bamboo-garden-cleveland/hRNeXQLeQ6ulsrW-ooEh4Q,south-euclid-ohio
https://www.ubereats.com/cleveland/food-delivery/pastativo/AoxePX2hRnCx1iGBF2-t4g,south-euclid-ohio
https://www.ubereats.com/cleveland/food-delivery/fresh-healthy-cafe-beachwood-place-mall/F_s7Knl-RmeHXjSOlmQ1xw,south-euclid-ohio
https://www.ubereats.com/cleveland/food-delivery/bar-sushi-cleveland/xVKsroSPQSS6HpTlR9dlkQ,south-euclid-ohio
https://www.ubereats.com/cleveland/food-delivery/blue-breeze-grill/KK6cTV8jRLmvEpp5cm9-4Q,south-euclid-ohio
https://www.ubereats.com/cleveland/food-delivery/mcdonalds-warrensville-%26-bushnell/TjzouEH3T_aenMnz4v71dA,south-euclid-ohio
https://www.ubereats.com/cleveland/food-delivery/tandul-indian-restaurant/1cZ4tggRS7aewAuNdlRisA,south-euclid-ohio
https://www.ubereats.com/cleveland/food-delivery/papa-johns-14404-cedar-rd/ovC5vvBqQHy_pkQgPERzGg,south-euclid-ohio
https://www.ubereats.com/cleveland/food-delivery/chipotle-mexican-grill-24651-cedar-rd/FBav6b7DQ4uJxgqqX9LQ4Q,south-euclid-ohio
https://www.ubereats.com/cleveland/food-delivery/dunkin-4959-richmond-rd/vZzsnUf8Q4KtDwHaNXTGxQ,south-euclid-ohio
https://www.ubereats.com/cleveland/food-delivery/on-the-rise-artisan-bread-%26-pastries/31heu6PASza6nbNtAH5eDA,south-euclid-ohio
https://www.ubereats.com/cleveland/food-delivery/subway-13113-shaker-blvd/lvlkz6G0TmKyFKdwWMnrGg,south-euclid-ohio
https://www.ubereats.com/cleveland/food-delivery/vienna-market/fXIccQvgRbmjxXkVrt-50w,south-euclid-ohio
https://www.ubereats.com/cleveland/food-delivery/krispy-krunchy-chicken-e-cleveland/5wUHfbJtQMWAsP9fhQcVmw,south-euclid-ohio
https://www.ubereats.com/cleveland/food-delivery/ritual-juicery/ZNq5yfLdQFChz-NPWeet-w,south-euclid-ohio
https://www.ubereats.com/cleveland/food-delivery/jordans-eatery/l4NcNzBUSMGfX_TKwmkNdA,south-euclid-ohio
https://www.ubereats.com/cleveland/food-delivery/charleys-philly-steaks-%26-wings-som-center/EzDg-NdJQj6YFNT_3cGoiA,south-euclid-ohio
https://www.ubereats.com/cleveland/food-delivery/zanzibar/x44rSE0cQZi2DjnRUSQu8Q,south-euclid-ohio
https://www.ubereats.com/cleveland/food-delivery/rotasu-hibachi-carry-out-broadway-ave/I_CPmnBmTRackywtkp8NsA,south-euclid-ohio
https://www.ubereats.com/cleveland/food-delivery/tropical-smoothie-cafe-11322-euclid-avenue/PERwL8eJR_CmP_5aRf1zgw,south-euclid-ohio
https://www.ubereats.com/cleveland/food-delivery/pulp-juice-and-smoothie-bar-euclid/-vXR33lEQb-kxH_YsxPjhA,south-euclid-ohio
https://www.ubereats.com/cleveland/food-delivery/corbos-pasta-and-pizza-house/YiTuhTCCQtmXKR9UpXVtoA,south-euclid-ohio
https://www.ubereats.com/cleveland/food-delivery/3-aprons-bakery-%26-cafe/K8uNB_eWTZGZ2fbSUAMQ6g,south-euclid-ohio
https://www.ubereats.com/cleveland/food-delivery/abos-grill/3MlpKK-jQPW7JJpUfpJs9g,south-euclid-ohio
https://www.ubereats.com/cleveland/food-delivery/mcdonalds-euclid-%26-222nd-st/JCwRE-TmR62opnFwyXOP_Q,south-euclid-ohio
https://www.ubereats.com/cleveland/food-delivery/chippers/w3KeFZdPSUOYzlCzoqClUg,south-euclid-ohio
https://www.ubereats.com/cleveland/food-delivery/cork-n-bottle/eU2IfUQhRRONna5hISQpEw,south-euclid-ohio
https://www.ubereats.com/cleveland/food-delivery/china-house-2/t7UFzPb-TDemoNpXaavi3g,south-euclid-ohio
https://www.ubereats.com/cleveland/food-delivery/bite-creole-kitchen-monticello-blvd/LZGVXdiCRYqCGFTcBSLBAQ,south-euclid-ohio
https://www.ubereats.com/cleveland/food-delivery/wendys-1374-som-center/6uw1waw6TP-xJL0gRjV9Sg,south-euclid-ohio
https://www.ubereats.com/cleveland/food-delivery/bibibop-asian-grill-11431-euclid-ave/-KEQKEBYSuGDXY1u9j32Bw,south-euclid-ohio
https://www.ubereats.com/cleveland/food-delivery/whitmores-bar-b-q20209-harvard-ave/XXWxdydEQq-uGCQ2EiHqAw,south-euclid-ohio
https://www.ubereats.com/cleveland/food-delivery/dunkin-4233-mayfield-rd/kSeaShPpSlOfYaS5Vr0nXg,south-euclid-ohio
https://www.ubereats.com/cleveland/food-delivery/kfc-29050-lake-shore-boulevard/3hWcDZZLSYG4-Bs4cI2ZDg,south-euclid-ohio
https://www.ubereats.com/cleveland/food-delivery/best-gyros-mayfield-heights/xZ2IKL39SGmvFj8Q8gZY-w,south-euclid-ohio
https://www.ubereats.com/cleveland/food-delivery/mr-hero-13464-euclid-ave/--Bih4cHRki1u5NwBGEliw,south-euclid-ohio
https://www.ubereats.com/cleveland/food-delivery/mr-hero-17027-euclid-ave/TfwRqYAATomMsK1QG05vbA,south-euclid-ohio
https://www.ubereats.com/cleveland/food-delivery/rise-and-shine-eatery/AhZMM1AXTKumO5J62ZpJww,south-euclid-ohio
https://www.ubereats.com/cleveland/food-delivery/amazing-wok/hp8FSDK5QWaX4GAL3Jzk6A,south-euclid-ohio
https://www.ubereats.com/cleveland/food-delivery/the-dessert-aisle/W-euTnx_R76j3pwpxiWf0Q,south-euclid-ohio
https://www.ubereats.com/cleveland/food-delivery/subway-3610-mayfield-rd/N5hWgQfFSr26w2n64nEWsA,south-euclid-ohio
https://www.ubereats.com/cleveland/food-delivery/5-points-grille/QQVwlinQQ2KAsHH17CUqWQ,south-euclid-ohio
https://www.ubereats.com/cleveland/food-delivery/georgios-oven-fresh-pizza-co-highland-rd/3qbDZWLcRkOJWSkTr5iB7g,south-euclid-ohio
https://www.ubereats.com/cleveland/food-delivery/subway-4265-monticello-blvd/n-Xh-e-4TE-Cb4e7BXIPzA,south-euclid-ohio
https://www.ubereats.com/cleveland/food-delivery/hooley-house-sports-pub-%26-grille-reynolds/sqYVBmyoQHKYcbcZzSTqTA,south-euclid-ohio
https://www.ubereats.com/cleveland/food-delivery/tjs-on-the-avenue/HBm0cY6HSBOlkmOGtBT29Q,south-euclid-ohio
https://www.ubereats.com/cleveland/food-delivery/bomba-tacos/E1C8_aTQRM-L4DftSu-d1g,south-euclid-ohio
https://www.ubereats.com/cleveland/food-delivery/angelos-nido-italia/kNA1UmTsTuiO0qoygDOwVg,south-euclid-ohio
https://www.ubereats.com/cleveland/food-delivery/souper-market-carnegie-main/l92mWcj3SQG4rBwhIBkDSg,south-euclid-ohio
https://www.ubereats.com/cleveland/food-delivery/harry-buffalo-highland/ZD19ic3eTNeuFtvI9Hzo9g,south-euclid-ohio
https://www.ubereats.com/cleveland/food-delivery/boston-market-2184-warrensville-center-rd/21pXP12AShWycDiE-6ea0A,south-euclid-ohio
https://www.ubereats.com/cleveland/food-delivery/panda-express-2100-warrensville-center-rd/huX6b3vETdKsTyxulb98gQ,south-euclid-ohio
https://www.ubereats.com/cleveland/food-delivery/chipotle-mexican-grill-28077-chagrin-blvd/Zc9KLrqpRd23AFslgKoeFA,south-euclid-ohio
https://www.ubereats.com/cleveland/food-delivery/yours-truly-restaurant-mayfield-village/GXDNEfArRhu1lslp6FcROA,south-euclid-ohio
https://www.ubereats.com/cleveland/food-delivery/pizzeria-forno/tOaQUgaFQ5CAoI_pDfhL0Q,south-euclid-ohio
https://www.ubereats.com/cleveland/food-delivery/best-thing-smokin-bbq/jzFOXxCyRC2T4o5la8kOMA,south-euclid-ohio
https://www.ubereats.com/cleveland/food-delivery/kfc-17585-lakeshore-blvd/wuRzUpj6QRqihZFwBWxPKQ,south-euclid-ohio
https://www.ubereats.com/cleveland/food-delivery/boston-market-5096-mayfield-road/f_7bvbz6SayNH2yuxPHssA,south-euclid-ohio
https://www.ubereats.com/cleveland/food-delivery/ipoke-cleveland/sNZiLd-_T1SIDxxDXkueSQ,south-euclid-ohio
https://www.ubereats.com/cleveland/food-delivery/rascal-house-pizza-university-circle/PdiaPWE9Q5WfKAcdoCwf1w,south-euclid-ohio
https://www.ubereats.com/cleveland/food-delivery/fresh-and-meaty-burgers/JWGHND2QSFShHkB2oxs9FQ,south-euclid-ohio
https://www.ubereats.com/cleveland/food-delivery/tommy-vs-pastaria/EOdasS8MSyS5kDADreAfGg,south-euclid-ohio
https://www.ubereats.com/cleveland/food-delivery/peties-family-restaurant/j6UmAXVPSGmrUKEoeWA9_g,south-euclid-ohio
https://www.ubereats.com/cleveland/food-delivery/the-original-pancake-house-28700-chagrin-blvd/-soWtPn1RYmnRai6I-L1hA,south-euclid-ohio
https://www.ubereats.com/cleveland/food-delivery/subway-3988-mayfield-rd/Wgl4Vm1JR2OBK8nBXgc4lQ,south-euclid-ohio
https://www.ubereats.com/cleveland/food-delivery/picnic-hill-market-cafe/dQqkUUUOTVmziCRP_ZOtTw,south-euclid-ohio
https://www.ubereats.com/cleveland/food-delivery/kfc-26021-euclid-avenue/E6a-_CgXREqJnQRyUofCQA,south-euclid-ohio
https://www.ubereats.com/cleveland/food-delivery/jets-pizza-willoughby/UgzhT4ciTbyrNuijlCbagA,south-euclid-ohio
https://www.ubereats.com/cleveland/food-delivery/hanini-sub/g3xeP-b8TnqnG-hxJr-Dqw,south-euclid-ohio
https://www.ubereats.com/cleveland/food-delivery/qs-cafe/6OK6wR1PRDG77pyN98jX1w,south-euclid-ohio
https://www.ubereats.com/cleveland/food-delivery/boss-dog-brewing-co/KV_BxbFJSyOdHCN4L2jGXg,south-euclid-ohio
https://www.ubereats.com/cleveland/food-delivery/starbucks-willoughby-som-center/aV3jA2ISTNGafFMgMoz0Dg,south-euclid-ohio
https://www.ubereats.com/cleveland/food-delivery/teriyaki-express-superior/ACl4BwnyR6unpVj-j22aRQ,south-euclid-ohio
https://www.ubereats.com/cleveland/food-delivery/mcdonalds-mayfield-%26-genesee/8KU-csSwQhOFjMnuvaZ8wA,south-euclid-ohio
https://www.ubereats.com/cleveland/food-delivery/fox-%26-hound-1479-som-center-road/cLC2rJeTS1KN5cpDYYXAIA,south-euclid-ohio
https://www.ubereats.com/cleveland/food-delivery/dairy-queen-grill-%26-chill-34600-euclid-ave/x8GHaF4nT9qUNwF8KFhPIA,south-euclid-ohio
https://www.ubereats.com/cleveland/food-delivery/wendys-13246-cedar-road/6iKm8MS-QgiWWeQD0kufGA,south-euclid-ohio
https://www.ubereats.com/cleveland/food-delivery/the-fairmount/5pOAxsI_Q9ig_IKl-KF8XA,south-euclid-ohio
https://www.ubereats.com/cleveland/food-delivery/chipotle-mexican-grill-11452-euclid-ave/20j7xfB7Qbu2ua6RU6o0fA,south-euclid-ohio
https://www.ubereats.com/cleveland/food-delivery/dairy-queen-treat-435-e-200th-st/sz13LJneRdyCB9Xql_RLMw,south-euclid-ohio
https://www.ubereats.com/cleveland/food-delivery/indian-flame/7mACF9VITPGJl1srErx6dw,south-euclid-ohio
https://www.ubereats.com/cleveland/food-delivery/five-guys-oh-0452-4025-richmond-rd/P_l9nmq6RM-2_HVFsynk9A,south-euclid-ohio
https://www.ubereats.com/cleveland/food-delivery/cilantro-taqueria/uT2lr9aATdafcgK41UWZHw,south-euclid-ohio
https://www.ubereats.com/cleveland/food-delivery/roly-poly/iC1yo6SJTvWxfpbTV7cVfQ,south-euclid-ohio
https://www.ubereats.com/cleveland/food-delivery/fix-bistro/WeAqmV9LRb6zWTKTnEEpLg,south-euclid-ohio
https://www.ubereats.com/cleveland/food-delivery/angies-soul-cafe-emery-rd/UuqHGf6-TuadiGZjnzADNw,south-euclid-ohio
https://www.ubereats.com/cleveland/food-delivery/potbelly-sandwich-shop-uptown-%7C-327/YppVsip-Q0yMU26dJ6ph2Q,south-euclid-ohio
https://www.ubereats.com/cleveland/food-delivery/freddies-rib-house/gPzGqxx1SE-1HCKTyCTU5Q,south-euclid-ohio
https://www.ubereats.com/cleveland/food-delivery/pf-changs-26001-chagrin-blvd/sT2p1SBiS3WCQpYXll3b4w,south-euclid-ohio
https://www.ubereats.com/cleveland/food-delivery/sicileys-pizza/Lr8F_7-BSICqfYkc30oZyQ,south-euclid-ohio
https://www.ubereats.com/cleveland/food-delivery/tres-potrillos/OdHkCflUSfaqUyn4D_fNpA,south-euclid-ohio
https://www.ubereats.com/cleveland/food-delivery/chipotle-mexican-grill-4015-richmond-rd/HbAbV1q8QyqR8NtC64B2mw,south-euclid-ohio
https://www.ubereats.com/cleveland/food-delivery/taste-of-kerala/ncbn1pgiQbGcCubZnSXhpw,south-euclid-ohio
https://www.ubereats.com/cleveland/food-delivery/china-sea/ISiDfFwITbi_OyVfGGoyEQ,south-euclid-ohio
https://www.ubereats.com/cleveland/food-delivery/the-vegan-pizza-company/q6JyAlfPSJe_yZOoDmBFBg,south-euclid-ohio
https://www.ubereats.com/cleveland/food-delivery/the-boiler-65-south-euclid/IViTwDnKRaKyXQdX_um5vg,south-euclid-ohio
https://www.ubereats.com/cleveland/food-delivery/taco-bell-35020-euclid-ave/o3QwwCHHS3SNUKJoKnazRA,south-euclid-ohio
https://www.ubereats.com/cleveland/food-delivery/nujoy/AKacqxv_S0GQbouSNP4Mnw,south-euclid-ohio
https://www.ubereats.com/cleveland/food-delivery/pulp-juice-and-smoothie-bar/0h-pzmX1SF6rjjkM9RZ4vQ,south-euclid-ohio
https://www.ubereats.com/cleveland/food-delivery/cafe-europa-and-bistro/TQJSRUjVT4GyHm3F3uR_vw,south-euclid-ohio
https://www.ubereats.com/cleveland/food-delivery/zoup!-13955-cedar-road/kzaMlqYETDmfSaI5Omer9Q,south-euclid-ohio
https://www.ubereats.com/cleveland/food-delivery/boaz-fresh-lebanese/k6jI59zTQsK91UYZlvYM3g,south-euclid-ohio
https://www.ubereats.com/cleveland/food-delivery/mr-hero-taylor-rd/ekS406RtR8WeyXhMvnby9A,south-euclid-ohio
https://www.ubereats.com/cleveland/food-delivery/the-cabin-of-willowick/YtX-jYHxQa6TlvNB7h6yfg,south-euclid-ohio
https://www.ubereats.com/cleveland/food-delivery/mcdonalds-euclid-%26-eddy/I0X16M06RdmGmOFzQ6C-mA,south-euclid-ohio
https://www.ubereats.com/cleveland/food-delivery/lady-luck-mts/XvaOyW8aQs-7rPWFNIdJCg,south-euclid-ohio
https://www.ubereats.com/cleveland/food-delivery/the-rice-shop/kZV6aP5KRH-pN60_0C4OZQ,south-euclid-ohio
https://www.ubereats.com/cleveland/food-delivery/asian-express/MSrvo5xVSESt2WrK-FJBaw,south-euclid-ohio
https://www.ubereats.com/cleveland/food-delivery/graeters-ice-cream-pinecrest/DlDEFfDoTeiUsPdR6DYeLg,south-euclid-ohio
https://www.ubereats.com/cleveland/food-delivery/swerve-grille/vQgqDPJQRy-JVAnsR_L5CQ,south-euclid-ohio
https://www.ubereats.com/cleveland/food-delivery/fusions-seafood-%26-soul/Cunal6yIQGKpmmOKb3yyMg,south-euclid-ohio
https://www.ubereats.com/cleveland/food-delivery/mcdonalds-st-clair-%26-105th-st/etnr4VlPSMqQG3-Oc8wHhQ,south-euclid-ohio
https://www.ubereats.com/cleveland/food-delivery/sidewalk-cafe-euclid/HL--GN0NSuO4mp2xeFDosQ,south-euclid-ohio
https://www.ubereats.com/cleveland/food-delivery/tacologist/e-ExiR-7SUCxUSqzp92uLw,south-euclid-ohio
https://www.ubereats.com/cleveland/food-delivery/andreas-dekar-and-td-cigar-and-wine-lounge/qLcVu_TDSPKXE6jvYLwuLw,south-euclid-ohio
https://www.ubereats.com/cleveland/food-delivery/auntie-annes-1868-warrensville-ctr-rd/9PEgChk0TMKf88GU5B-UWA,south-euclid-ohio
https://www.ubereats.com/cleveland/food-delivery/firebirds-wood-fired-grill-211-park-ave/NW_Sx9EVSQi7PmFzMtoR5Q,south-euclid-ohio
https://www.ubereats.com/cleveland/food-delivery/burger-king-14101-cedar-road/mS-EPCaJQFOJXygHAgVQDA,south-euclid-ohio
https://www.ubereats.com/cleveland/food-delivery/taco-bell-26002-euclid-ave/slO48dOIQHG5VXY-PptWmg,south-euclid-ohio
https://www.ubereats.com/cleveland/food-delivery/sub-city/ialDd9acS8K1HddFYBQhaQ,south-euclid-ohio
https://www.ubereats.com/cleveland/food-delivery/legends-bistro/DFZrTE6lR3uYLxNqIZr1og,south-euclid-ohio
https://www.ubereats.com/cleveland/food-delivery/the-cleveland-bagel-co-carnegie-ave/UKTNO_YPTpiYj-pm-ePYrQ,south-euclid-ohio
https://www.ubereats.com/cleveland/food-delivery/fried-rice-hibachi-2-go/DXsbovfPSXS3BH1WhnOBfg,south-euclid-ohio
https://www.ubereats.com/cleveland/food-delivery/mcdonalds-152nd-st-%26-st-clair/mFeFJuTfTiilBPIriXV35A,south-euclid-ohio
https://www.ubereats.com/cleveland/food-delivery/georgios-oven-fresh-pizza-co/GrA0FOFjQzezDmfD3yXx3w,south-euclid-ohio
https://www.ubereats.com/cleveland/food-delivery/angies-soul-cafe/8-BimcNbQj2uiWOiuE6nXw,south-euclid-ohio
https://www.ubereats.com/cleveland/food-delivery/rb-%26-jb-eatery/mKtkHG2jRSKs4D3lJjYGXQ,south-euclid-ohio
https://www.ubereats.com/cleveland/food-delivery/ocho-rios-true-island-cuisine/TzEKUQkGQMWhA2VscU0stg,south-euclid-ohio
https://www.ubereats.com/cleveland/food-delivery/floods-urban-seafood/YOtjgRaCTyq1jKlcGfdpug,south-euclid-ohio
https://www.ubereats.com/cleveland/food-delivery/convenient-food-mart/Hc0qk3ZaQB2h6UeS4ZXSpQ,south-euclid-ohio
https://www.ubereats.com/cleveland/food-delivery/scalpers-bar-grille-and-sharpys-subs/zfBX4HlITnS_As1XBJkYgQ,south-euclid-ohio
https://www.ubereats.com/cleveland/food-delivery/the-rustic-grill-at-stonewater/KyBNym12Rqmp_CTbiKjA2g,south-euclid-ohio
https://www.ubereats.com/cleveland/food-delivery/corner-11-bowl-%26-wrap/eAYkhF7wTF-0SBHp3Y1XBw,south-euclid-ohio
https://www.ubereats.com/cleveland/food-delivery/subway-22384-lake-shore-blvd/yXvCKg9nQief53tJtIDrcA,south-euclid-ohio
https://www.ubereats.com/cleveland/food-delivery/jacks-deli-%26-restaurant/M1iCS2crQS6A92eudmSqcg,south-euclid-ohio
https://www.ubereats.com/cleveland/food-delivery/smoke-bbq-grill/2jQBPNbwSXyWaRYa3IfJhg,south-euclid-ohio
https://www.ubereats.com/cleveland/food-delivery/firehouse-subs-willoughby-commons-%231690/QO-PjKxzSLeLb6xBj5bX_g,south-euclid-ohio
https://www.ubereats.com/cleveland/food-delivery/rudys-worlds-greatsest-meal-on-wheels/moDMOm8QRHGvQtVrd7OKjg,south-euclid-ohio
https://www.ubereats.com/cleveland/food-delivery/famous-gyro-george-euclid-indian-hills/aviL6JgYTR-HGNPoOWM5QA,south-euclid-ohio
https://www.ubereats.com/cleveland/food-delivery/anthonys-place-bar-and-grille-legacy-5-lounge/zFe6K4KWQ4WBXclfySvriw,south-euclid-ohio
https://www.ubereats.com/cleveland/food-delivery/subway-mayfield-and-green/TypQVo0fS-qc_3IVeUANxw,south-euclid-ohio
https://www.ubereats.com/cleveland/food-delivery/big-boys-burgers-and-shakes-1288-som-center-rd/T8Ncx1SBR8mMQyCCmIgFkg,south-euclid-ohio
https://www.ubereats.com/cleveland/food-delivery/michaels-genuine-food-%26-drink-shaker-heights/1QHw9ETxRra1PYFOvFJKNQ,south-euclid-ohio
https://www.ubereats.com/cleveland/food-delivery/sub-city/CsF8RxC6QNC3-LjoBP4RuA,south-euclid-ohio
https://www.ubereats.com/cleveland/food-delivery/jersey-mikes-subs-wilson-mills/ihHagAqJQ32swrX02uvmJQ,south-euclid-ohio
https://www.ubereats.com/cleveland/food-delivery/ballantine/PZbD-EGnSBaYooRufHEDhg,south-euclid-ohio
https://www.ubereats.com/cleveland/food-delivery/fresh-catch-seafood/_hZNdpRPRwW_RSF5qiVfLw,south-euclid-ohio
https://www.ubereats.com/cleveland/food-delivery/dagu-rice-noodle/0AP1Ip9tTjiskhmzqd4MoA,south-euclid-ohio
https://www.ubereats.com/cleveland/food-delivery/papa-johns-pizza-34804-euclid-ave/FbxbiJtBTrmYHANMHKlW9w,south-euclid-ohio
https://www.ubereats.com/cleveland/food-delivery/chipotle-mexican-grill-36200-euclid-ave-ste-12/8se8eAjyTu65oP6ihgYRkg,south-euclid-ohio
https://www.ubereats.com/cleveland/food-delivery/buffalo-wild-wings-5433-mayfield-rd/QRjUL3-BR6qfCY0UGzwhSA,south-euclid-ohio
https://www.ubereats.com/cleveland/food-delivery/red-walter-bar-b-q/HMX-OPJzQiGqyWgn99QGSA,south-euclid-ohio
https://www.ubereats.com/cleveland/food-delivery/paragon/ildSnPKwTCqCfBADb5Uzag,south-euclid-ohio
https://www.ubereats.com/cleveland/food-delivery/pizza-express-cleveland/QgE8ewtORZyWcw73dLcqYg,south-euclid-ohio
https://www.ubereats.com/cleveland/food-delivery/munch-a-simple-kitchen/IsmwakcnQL25YaI92x3LSg,south-euclid-ohio
https://www.ubereats.com/cleveland/food-delivery/kuhars-carryout/B2B11ZXSTG2Ju1aRC114sw,south-euclid-ohio
https://www.ubereats.com/cleveland/food-delivery/fowl-play-highland-heights/LEOnG8VySHKImbT7TqQL6A,south-euclid-ohio
https://www.ubereats.com/cleveland/food-delivery/pizzazz-on-the-circle/DNG6_uDWS2OjNDaLZH6kiQ,south-euclid-ohio
https://www.ubereats.com/cleveland/food-delivery/cafe-premier/wIMKDF1PSSyXzVC6ZQZR_A,south-euclid-ohio
https://www.ubereats.com/cleveland/food-delivery/capital-grill/iEAiDs8hQdaTJIm7hZafpQ,south-euclid-ohio
https://www.ubereats.com/cleveland/food-delivery/burger-king-3456-mayfield-road/lK_Sx80lRTifLvofFWY--g,south-euclid-ohio
https://www.ubereats.com/cleveland/food-delivery/boston-market-16773-chagrin-blvd/5NpgOsVzTESBs8eL8o9hlA,south-euclid-ohio
https://www.ubereats.com/cleveland/food-delivery/mcdonalds-bishop-%26-chardon/dT9dqtmmTROkdzASVcOSzg,south-euclid-ohio
https://www.ubereats.com/cleveland/food-delivery/shake-shack-311-park-avenue/W5K_d6XES56WrNksLe72Pw,south-euclid-ohio
https://www.ubereats.com/cleveland/food-delivery/mr-hero-152nd-st/rostNDb5Quu1Zf_TY-cOtQ,south-euclid-ohio
https://www.ubereats.com/cleveland/food-delivery/smokey-bones-mentor/qWoGsHGVTP-ksqR4eXEJkQ,south-euclid-ohio
https://www.ubereats.com/cleveland/food-delivery/rascal-house-pizza-university-circle/1Fopfw1URwmxiY5Ooz0CSQ,south-euclid-ohio
https://www.ubereats.com/cleveland/food-delivery/daves-cosmic-subs-university-heights/A6VtPDFESUWxvzpNCf5s9Q,south-euclid-ohio
https://www.ubereats.com/cleveland/food-delivery/charleys-philly-steaks-26300-cedar-rd/CKCj697uSRSdaxB8_YhGEA,south-euclid-ohio
https://www.ubereats.com/cleveland/food-delivery/davis-bakery-and-delicatessen/fde-QkayRQSH0kEal1kxAw,south-euclid-ohio
https://www.ubereats.com/cleveland/food-delivery/pie-o-mine-greens/6smj0IzxTRCV_lrbUmB-NQ,south-euclid-ohio
https://www.ubereats.com/cleveland/food-delivery/jamerican-kitchen/tlhxBIjXQuWAOzm9hSeElQ,south-euclid-ohio
https://www.ubereats.com/cleveland/food-delivery/the-rib-cage-smokehouse-bar-%26-grill-ohio-city/16sj1rxqT163Pns7gpkpcA,south-euclid-ohio
https://www.ubereats.com/cleveland/food-delivery/speedys-grub-shack-northfield/cvcZBjeuTfqtUhwH7baYbA,south-euclid-ohio
https://www.ubereats.com/cleveland/food-delivery/dunkin-13880-cedar-rd/KK8xt1kRReeuRPBgsFMAzg,south-euclid-ohio
https://www.ubereats.com/cleveland/food-delivery/arbys-2115-warrensville-center-rd/VHM7SknNSbea1FOJWMHiXw,south-euclid-ohio
https://www.ubereats.com/cleveland/food-delivery/christophers-pub/KVgG7VvdThybdwUijyzKFQ,south-euclid-ohio
https://www.ubereats.com/cleveland/food-delivery/china-mountain/ReJlIvqGSfGRyOfEfNpxng,south-euclid-ohio
https://www.ubereats.com/cleveland/food-delivery/kfc-taco-bell-6030-enterprise-drive/qIaNtPPoQ5KBqtmu95pXBA,south-euclid-ohio
https://www.ubereats.com/cleveland/food-delivery/starbucks-mayfield-heights/C2d_5-SZQjWLa1JnIdC4xg,south-euclid-ohio
https://www.ubereats.com/cleveland/food-delivery/qdoba-mexican-eats-shaker-plaza/H3KSrYLyRjG-i5ZiJ6uhyg,south-euclid-ohio
https://www.ubereats.com/cleveland/food-delivery/first-watch-cedar-center/oGYhIYfITpi6Z1LoGis7Sw,south-euclid-ohio
https://www.ubereats.com/cleveland/food-delivery/pizzafire-highland-heights/v1BrOS_HQIOWmxW8Ov7kCw,south-euclid-ohio
https://www.ubereats.com/cleveland/food-delivery/the-gray-area/azYTOsKOSGWIZ9ESKFq4aw,south-euclid-ohio
https://www.ubereats.com/cleveland/food-delivery/lonnies-boy/dEFi75cESjSGGpV0odB-yA,south-euclid-ohio
https://www.ubereats.com/cleveland/food-delivery/papa-johns-16981-chagrin-blvd/UM_sX3ToQX6cmUw9xMIHvQ,south-euclid-ohio
https://www.ubereats.com/cleveland/food-delivery/victory-bistro-ultra-lounge/R67bTbXbR3SaFrC7krGGrg,south-euclid-ohio
https://www.ubereats.com/cleveland/food-delivery/hyde-park-prime-steakhouse-beachwood/UUd9-WRNRsmalPLRp5Wt9A,south-euclid-ohio
https://www.ubereats.com/cleveland/food-delivery/bob-evans-571-13875-cedar-road/v8icGm-tRW6A__jWFt-imw,south-euclid-ohio
https://www.ubereats.com/cleveland/food-delivery/ella-maes-soulfood/K4oLsP7ISVWEu7sfmb0dcg,south-euclid-ohio
https://www.ubereats.com/cleveland/food-delivery/burgerim-11419-euclid-ave/W82W7MOcSIWkshToU-lbxw,south-euclid-ohio
https://www.ubereats.com/cleveland/food-delivery/panera-204634/0B8GzTVdTG2lFlfqJyoKNQ,south-euclid-ohio
https://www.ubereats.com/cleveland/food-delivery/visions-blu-ultra-lounge/cYVRCbw2QSiLMKmm7t-Qow,south-euclid-ohio
https://www.ubereats.com/cleveland/food-delivery/siam-cafe/o-1zsVHNSTKr687tVEwwJg,south-euclid-ohio
https://www.ubereats.com/cleveland/food-delivery/pulp-juice-and-smoothie-bar/mWwHV6ybTXy-KV2PKvn-NQ,south-euclid-ohio
https://www.ubereats.com/cleveland/food-delivery/happys-pizza-euclid-ave/YnQZPWkYR4uUs5njynjRLQ,south-euclid-ohio
https://www.ubereats.com/cleveland/food-delivery/heights-fresh-eats/nVHnOVGpRKWOelgnTSqZ2g,south-euclid-ohio
https://www.ubereats.com/cleveland/food-delivery/wendys-27400-chagrin-blvd/kq18r2OtS_2-xanSKKikPg,south-euclid-ohio
https://www.ubereats.com/cleveland/food-delivery/applebees-5658-mayfield-road-%2386019/_hcFA_cTQcOKmDX7EEsz6A,south-euclid-ohio
https://www.ubereats.com/cleveland/food-delivery/rallys-11701-superior-ave/dNt8zbU9Qu6-1-VjvBH0Cw,south-euclid-ohio
https://www.ubereats.com/cleveland/food-delivery/the-fresh-fix-of-heights/F2Qw_ofWQ8KsrVi4ZHA7YA,south-euclid-ohio
https://www.ubereats.com/cleveland/food-delivery/urban-kitchen/c37pmfMISzeveon9YWg_9A,south-euclid-ohio
https://www.ubereats.com/cleveland/food-delivery/crab-republic/uaPLGzNLQKipiK0QFMiMrA,south-euclid-ohio
https://www.ubereats.com/cleveland/food-delivery/yes-its-fresh/AgqtZOWpSjek8x5Bjd-9aA,south-euclid-ohio
https://www.ubereats.com/cleveland/food-delivery/tgi-fridays-1546-cleveland-mentor-oh/HS7NUfHbSb2NVyP9bCAS_Q,south-euclid-ohio
https://www.ubereats.com/cleveland/food-delivery/saffron-patch/nhCKp3h7R4KL0kFqe0h_Ew,south-euclid-ohio
https://www.ubereats.com/cleveland/food-delivery/zanzibar-soul-fusion/YpF6DhTyRXyq6D75UWIqzA,south-euclid-ohio
https://www.ubereats.com/cleveland/food-delivery/cocos-locos-euclid-ave/skT8GilFQguMpYOkqgPNMw,south-euclid-ohio
https://www.ubereats.com/cleveland/food-delivery/popeyes-26030-euclid-ave/Dc-gbxYVQO-pZBex7EQWew,south-euclid-ohio
https://www.ubereats.com/cleveland/food-delivery/quaker-steak-%26-lube-7834-reynolds-road/1MmH7FawSHWL-ELrUG88Dw,south-euclid-ohio
https://www.ubereats.com/cleveland/food-delivery/mr-hero-euclid-%26-beverly-hills/PQmYmQg5RaSchE22YFHmSQ,south-euclid-ohio
https://www.ubereats.com/cleveland/food-delivery/taste-of-kerala-cafe-mayfield/t2cMH_C_QnWTh-h5iqigwg,south-euclid-ohio
https://www.ubereats.com/cleveland/food-delivery/phat-boyz-bbq/AoBQ_xloRE-bdi6jYc1D_A,south-euclid-ohio
https://www.ubereats.com/cleveland/food-delivery/lees-seafood-boil-cleveland/kjCb8OpCQYakVphihgfj8w,south-euclid-ohio
https://www.ubereats.com/cleveland/food-delivery/burgers-2-beer-solon/EXQ7HRvHRFWT98lKgCfoVg,south-euclid-ohio
https://www.ubereats.com/cleveland/food-delivery/marcos-pizza-lakeshore-blvd-%26-shore-center-dr/xzaA3rSYQeqSiop09V2s9w,south-euclid-ohio
https://www.ubereats.com/cleveland/food-delivery/subway-5401-st-clair-ave/Q0rg-Ae3TgavRLhwpxRFzw,south-euclid-ohio
https://www.ubereats.com/cleveland/food-delivery/fionas-coffee-bar-and-bakery/KioA-VdVQYyLOsfdkvAKMQ,south-euclid-ohio
https://www.ubereats.com/cleveland/food-delivery/popeyes-18126-euclid-ave/nOYqVvUFRiemMVKb8-ne0w,south-euclid-ohio
https://www.ubereats.com/cleveland/food-delivery/five-guys-oh-1530-13971-cedar-rd/mqAOTmIOR3WueUWBpr3TAA,south-euclid-ohio
https://www.ubereats.com/cleveland/food-delivery/dunkin-5790-mayfield-rd/UJDQxM8KRfiPBco6akLBmQ,south-euclid-ohio
https://www.ubereats.com/cleveland/food-delivery/auntie-annes-26300-cedar-rd/mMcWlXgqSJmJG7jaq3LmXA,south-euclid-ohio
https://www.ubereats.com/cleveland/food-delivery/davis-bakery-and-delicatessen-warrensville-heights/V_kpivYCQdqgMICjFrxCzw,south-euclid-ohio
https://www.ubereats.com/cleveland/food-delivery/the-kitchen/yH8AIGcKSTq86OcFgdLD5w,south-euclid-ohio
https://www.ubereats.com/cleveland/food-delivery/ts-place/Mi7nuA54Qh2r5Gh-RHix8w,south-euclid-ohio
https://www.ubereats.com/cleveland/food-delivery/best-gyros-lee-rd/iR_pb4s2RiSrFrrRDzFCSA,south-euclid-ohio
https://www.ubereats.com/cleveland/food-delivery/pacific-east-japanese-restaurant/I4Ca0-35QtG29329pJkraQ,south-euclid-ohio
https://www.ubereats.com/cleveland/food-delivery/mr-hero-lake-shore-%26-228th-st/-C_EOjZWQVG4_oR8Hc_KxQ,south-euclid-ohio
https://www.ubereats.com/cleveland/food-delivery/taco-bell-13660-euclid-avenue/9giSgaCPQ--JG-FBJok2dw,south-euclid-ohio
https://www.ubereats.com/cleveland/food-delivery/citizen-pie-waterloo/2wNaZiKUTtSf33a9Y6TI-g,south-euclid-ohio
https://www.ubereats.com/cleveland/food-delivery/starbucks-lyndhurst-cedar-road/FDflJ1yuQcSnPb9EAlmixA,south-euclid-ohio
https://www.ubereats.com/cleveland/food-delivery/subway-28292-chardon-rd/5IVp8MTTT-6PT26_3ttM0w,south-euclid-ohio
https://www.ubereats.com/cleveland/food-delivery/szechuan-gourmet/KEId9ff9QbajzS7o1-arOA,south-euclid-ohio
https://www.ubereats.com/cleveland/food-delivery/euro-wafel/6f3J5xqcQB6-kNpklkr2RA,south-euclid-ohio
https://www.ubereats.com/cleveland/food-delivery/guys-pizza-co-euclid/wqqWao5gS0G0gbOCqcFlUg,south-euclid-ohio
https://www.ubereats.com/cleveland/food-delivery/luckys-cafe/k4Pt61iRQoGHwiT4uR-hnQ,south-euclid-ohio
https://www.ubereats.com/cleveland/food-delivery/golden-dragon-restaurant-woks-%26-roll/oQv3osWHQMOpkPS-dgBGWw,south-euclid-ohio
https://www.ubereats.com/cleveland/food-delivery/la-mexicana-cantina-and-grill/Btnahkk2RM-HnSktosklyA,south-euclid-ohio
https://www.ubereats.com/cleveland/food-delivery/john-john-seafood-with-soul/8Xl5OqWCTuyuzvJoTGB_rQ,south-euclid-ohio
https://www.ubereats.com/cleveland/food-delivery/melt-bar-%26-grilled-mentor-ave/gLTWkJfcTPm_y3sD8di7yA,south-euclid-ohio
https://www.ubereats.com/cleveland/food-delivery/chipotle-mexican-grill-33599-aurora-rd/8wnJ1vrNQb2CsECCdPydVg,south-euclid-ohio
https://www.ubereats.com/cleveland/food-delivery/first-wok/oE0t7ubNR2e_N2nN1eIndg,south-euclid-ohio
https://www.ubereats.com/cleveland/food-delivery/pin-pin-kitchen-5/zpXhM9q4TDq_4jaE1U54lA,south-euclid-ohio
https://www.ubereats.com/cleveland/food-delivery/taste/CSC0z2ifR7ePcDKxpuf3bQ,south-euclid-ohio
https://www.ubereats.com/cleveland/food-delivery/ginko/zP26WGiKRFebYE2U0rfOJw,south-euclid-ohio
https://www.ubereats.com/cleveland/food-delivery/daboros/48VzT7sKT7iL3093sW719Q,south-euclid-ohio
https://www.ubereats.com/cleveland/food-delivery/california-pizza-kitchen-25365-cedar-road/OtmfvKwERMqUd3OaIO8ZiQ,south-euclid-ohio
https://www.ubereats.com/cleveland/food-delivery/yours-truly-restaurant-solon/SzCdvlF7RLGoeIHVVt8wiQ,south-euclid-ohio
https://www.ubereats.com/cleveland/food-delivery/chipotle-mexican-grill-7851-reynolds-rd/sbexkAO8QISVpDS6L5NWqA,south-euclid-ohio
https://www.ubereats.com/cleveland/food-delivery/columbo-room-bar-%26-grill/u_Owx5kaTTOvLxFPYvO4zQ,south-euclid-ohio
https://www.ubereats.com/cleveland/food-delivery/sam-sylks-chicken-and-fish/V2moey8ISAyDhi3MDDGSeQ,south-euclid-ohio
https://www.ubereats.com/cleveland/food-delivery/burntwood-tavern-lyndhurst/P7CHGDkpS8CdJxJDErJ45w,south-euclid-ohio
https://www.ubereats.com/cleveland/food-delivery/macaron-paris-cafe/s2BROMVpQEG-Ot4nLkhA8A,south-euclid-ohio
https://www.ubereats.com/cleveland/food-delivery/paninis-bar-and-grill/mrnPSTZiQYOcczHlYtntpA,south-euclid-ohio
https://www.ubereats.com/cleveland/food-delivery/bar-louie-lyndhurst/xnEGGEUXRLergKPcu3mVxA,south-euclid-ohio
https://www.ubereats.com/cleveland/food-delivery/corky-%26-lennys/6S5tRSAHS7uaQmQNmPwNPQ,south-euclid-ohio
https://www.ubereats.com/cleveland/food-delivery/starbucks-mayfield-road-cleveland-heights/ngKGf3NfSlOFA5e8aXXOyQ,south-euclid-ohio
https://www.ubereats.com/cleveland/food-delivery/taco-bell-5855-mayfield-road/hZwgIXBTQ4m02EzKXyzQYQ,south-euclid-ohio
https://www.ubereats.com/cleveland/food-delivery/mr-hero-e-185th-st/OXsmolNyRUKskpZvcbBKBg,south-euclid-ohio
https://www.ubereats.com/cleveland/food-delivery/hibachi-steakhouse-rockside-rd/ZUqS1VUKRcW25KIeZzSryA,south-euclid-ohio
https://www.ubereats.com/cleveland/food-delivery/family-chicken/_kSbwVGIQfKzldlOSjT8Wg,south-euclid-ohio
https://www.ubereats.com/cleveland/food-delivery/qdoba-mexican-eats-highland-heights/E34R3MDJSja34dVir7Idhg,south-euclid-ohio
https://www.ubereats.com/cleveland/food-delivery/paninis-bar-and-grill-coventry/YF10ByTJSI2d53Qg27RYwg,south-euclid-ohio
https://www.ubereats.com/cleveland/food-delivery/first-watch-mayfield-heights/ZSTkF0ABRbSqyBgEfSsnLA,south-euclid-ohio
https://www.ubereats.com/cleveland/food-delivery/dunkin-2801-bishop-rd/v5ZnimRcSfyYXiHiKyqElg,south-euclid-ohio
https://www.ubereats.com/cleveland/food-delivery/edwins-butcher-shop/_3PDHU1OQvuwhkGL5gXaEg,south-euclid-ohio
https://www.ubereats.com/cleveland/food-delivery/bds-mongolian-grill-coventry-%26-euclid-heights/szf9aNNjR5ScoxGauQfSKQ,south-euclid-ohio
https://www.ubereats.com/cleveland/food-delivery/taco-bell-4660-northfield-rd/Y1G2_bd2RJKzKIwisLvFTA,south-euclid-ohio
https://www.ubereats.com/cleveland/food-delivery/luna-bakery-cafe/AzXJcq9pTTewcVztq4bmwA,south-euclid-ohio
https://www.ubereats.com/cleveland/food-delivery/unbar-cafe/wY-lFAnwRpKRS0F6bBSICg,south-euclid-ohio
https://www.ubereats.com/cleveland/food-delivery/paladar-latin-kitchen-%26-rum-bar/JrIEehGXSkiUeyzIM1z5xg,south-euclid-ohio
https://www.ubereats.com/cleveland/food-delivery/mr-hero-mayfield-%26-willshire/EN9huLRDQRSdPCD3mRBXuw,south-euclid-ohio
https://www.ubereats.com/cleveland/food-delivery/mirage-party-center/8afFMyXpQzCtpXTv3p1vgA,south-euclid-ohio
https://www.ubereats.com/cleveland/food-delivery/billys-a-cappelli-martini-bar/dvkdTSBGQ-Od69n_X7Prgg,south-euclid-ohio
https://www.ubereats.com/cleveland/food-delivery/honeybaked-ham-1257-som-center-rd/N7F8iE7OQf6q11Fayhcdxw,south-euclid-ohio
https://www.ubereats.com/cleveland/food-delivery/subway-14419-cedar-rd/lE6DTHWWTViv0Z1t2TJw9g,south-euclid-ohio
https://www.ubereats.com/cleveland/food-delivery/kfc-22855-emery-road/nQIZsbjuQ1i5kcv1GdkUrw,south-euclid-ohio
https://www.ubereats.com/cleveland/food-delivery/play-arcade-%2B-kitchen/IR_L1X03TLmZ5igPVaaspQ,south-euclid-ohio
https://www.ubereats.com/cleveland/food-delivery/the-sauce-boiling-seafood-express/1VWxlgbRTf2h9wdb0_PXow,south-euclid-ohio
https://www.ubereats.com/cleveland/food-delivery/the-sweet-fix-bakery/VwpK0a66SYGt617VB00SdA,south-euclid-ohio
https://www.ubereats.com/cleveland/food-delivery/rotasu-hibachi-carry-out-lake-shore-blvd/NHQT3qwaT1KQbaevgnLjBg,south-euclid-ohio
https://www.ubereats.com/cleveland/food-delivery/chipotle-mexican-grill-6717-eastgate-dr/uG8RfajTTHSYVc3fWpRxwA,south-euclid-ohio
https://www.ubereats.com/cleveland/food-delivery/anatolia-cafe/a42_3oARRg2yI9K2gSo36w,south-euclid-ohio
https://www.ubereats.com/cleveland/food-delivery/vs-gourmet-chicken-%26-ribs/AyWz7ErER_Wlc7dJWETzUw,south-euclid-ohio
https://www.ubereats.com/cleveland/food-delivery/chuck-e-cheese-1615-golden-gate-plaza/HR_ygcBiQ_qwp9uWeFsJ-Q,south-euclid-ohio
https://www.ubereats.com/cleveland/food-delivery/bibibop-asian-grill-511-park-avenue-suite-149/ExaxcIQoSfqV2KtWu_oJ5Q,south-euclid-ohio
https://www.ubereats.com/cleveland/food-delivery/daves-cosmic-subs-cleveland-heights/JmZFE-WqS3qY2vYi2sLlDg,south-euclid-ohio
https://www.ubereats.com/cleveland/food-delivery/jersey-mikes-36295-euclid-avenue/FVSLlgwqQdOe6eZJ4C_aMQ,south-euclid-ohio
https://www.ubereats.com/cleveland/food-delivery/black-box-fix/m8kwDTCxSfCgcriwIFOwOw,south-euclid-ohio
https://www.ubereats.com/cleveland/food-delivery/krispy-krunchy-chicken-13441-euclid/Wf-u_8b0QRuDBDw_mPkzWQ,south-euclid-ohio
https://www.ubereats.com/cleveland/food-delivery/cortinas-family-restaurant/Ni4wIMbyTUeZ5H3QWheHDA,south-euclid-ohio
https://www.ubereats.com/cleveland/food-delivery/sunshine-cafe/Zb6GVBA8SryXjm8j43nsyQ,south-euclid-ohio
https://www.ubereats.com/cleveland/food-delivery/texas-de-brazil-woodmere/SSsviRT-SAeoJ01hmPnNOg,south-euclid-ohio
https://www.ubereats.com/cleveland/food-delivery/jenis-cleveland-chagrin-falls/S5vKzjNqSIG4G4fA2CPubg,south-euclid-ohio
https://www.ubereats.com/cleveland/food-delivery/mcdonalds-lee-%26-judson/YXqbLxbtSxGENNsvbP9mHQ,south-euclid-ohio
https://www.ubereats.com/cleveland/food-delivery/peking-chinese-restaurant/5Qwu9jA8TlOzhEwmNWWQ7g,south-euclid-ohio
https://www.ubereats.com/cleveland/food-delivery/subway-22293-euclid-ave/xKbYpYoSQJ6xoTqE2oZ4-w,south-euclid-ohio
https://www.ubereats.com/cleveland/food-delivery/jets-pizza-lyndhurst/hrGNpDS8Swu2xtxAJ8pkCg,south-euclid-ohio
https://www.ubereats.com/cleveland/food-delivery/red-walters-bar-b-que-lakeshore/vQP3E8h6QB6uA70QV1NQdQ,south-euclid-ohio
https://www.ubereats.com/cleveland/food-delivery/georgios-oven-fresh-pizza/vWHO04XER1OkruZ8f6cqfg,south-euclid-ohio
https://www.ubereats.com/cleveland/food-delivery/hilltop-lounge/pMvCViYRQoWQ8I-PcJtcfg,south-euclid-ohio
https://www.ubereats.com/cleveland/food-delivery/chipotle-mexican-grill-13937-cedar-rd/sCDus7g1S_-PBOzp2MzJ6Q,south-euclid-ohio
https://www.ubereats.com/cleveland/food-delivery/fishstix/xMFbY6lcQYq8jF_HybPY7A,south-euclid-ohio
https://www.ubereats.com/cleveland/food-delivery/starbucks-11302-euclid-avenue/4reFe6IOS42Vl6YOtI-QfA,south-euclid-ohio
https://www.ubereats.com/cleveland/food-delivery/subway-25991-highland-rd/OKNBDpHXT9-k-ycomD_QWg,south-euclid-ohio
https://www.ubereats.com/cleveland/food-delivery/sipt-cafe/bIdpLVgURYShOwYARgoGDg,south-euclid-ohio
https://www.ubereats.com/cleveland/food-delivery/hunan-one/3_2rjKtZTAuDMRzvdgFhiQ,south-euclid-ohio
https://www.ubereats.com/cleveland/food-delivery/the-rib-cage-smokehouse/g_iE3x_QT2aeAQF7vJoTXw,south-euclid-ohio
https://www.ubereats.com/cleveland/food-delivery/ben-%26-jerrys-john-carroll-%26-fairmount/8J96WU9vSU2F5v828ENxnw,south-euclid-ohio
https://www.ubereats.com/cleveland/food-delivery/applebees-14020-cedar-road-%2397076/mEQFpcOWQMexctUtrV1QQw,south-euclid-ohio
https://www.ubereats.com/cleveland/food-delivery/wonton-gourmet-%26-bbq/Hq-iUmpuTZqhe1rL_5OFrg,south-euclid-ohio
https://www.ubereats.com/cleveland/food-delivery/hanini-express-east-185th/o9VpJMiMTgSdaiygqhTHQw,south-euclid-ohio
https://www.ubereats.com/cleveland/food-delivery/cinnabon-26300-cedar-rd-%235540/IzK6ORuxQZuTePZtriekcA,south-euclid-ohio
https://www.ubereats.com/cleveland/food-delivery/famous-gyro-george-lee-road/5oC-SgykQQiTTOL1Z__p-g,south-euclid-ohio
https://www.ubereats.com/cleveland/food-delivery/jersey-mikes-subs-28450-chagrin-blvd/q7RUv1_KScKc9VFZO2QF6Q,south-euclid-ohio
https://www.ubereats.com/cleveland/food-delivery/mcdonalds-richmond-%26-highland/lG7yiPRfRD657l6feOA5HA,south-euclid-ohio
https://www.ubereats.com/cleveland/food-delivery/hunan/EKE6fqL4SvqqSzAsuGIFXA,south-euclid-ohio
https://www.ubereats.com/cleveland/food-delivery/papa-johns-pizza-5707-mayfield-rd/pXn7vH5pQDa8PSKEvy8kxg,south-euclid-ohio
https://www.ubereats.com/cleveland/food-delivery/kevantes-restaurant-%26-lounge/NT7Nb7kRSbSjGQoPeAbJYA,south-euclid-ohio
https://www.ubereats.com/cleveland/food-delivery/pastrynow-limited/lKWfD4mzReS-KulqkicR4g,south-euclid-ohio
https://www.ubereats.com/cleveland/food-delivery/kfc-4001-mayfield/ALAcFLwtT--qTTr9e42iOQ,south-euclid-ohio
https://www.ubereats.com/cleveland/food-delivery/mr-hero-valley-view/OkcrMxlWSAKYQbsa2EHENQ,south-euclid-ohio
https://www.ubereats.com/cleveland/food-delivery/j-pistone-market-%26-gathering-place/U-3tthqfTZqLurpL5XYLDg,south-euclid-ohio
https://www.ubereats.com/cleveland/food-delivery/benihana-chargin-%26-green/Ij1iu9WtQ5alWU4SJT7Ajg,south-euclid-ohio
https://www.ubereats.com/cleveland/food-delivery/sbarro-26300-cedar-road/f_i3L95GSHqeGiBw0q8raA,south-euclid-ohio
https://www.ubereats.com/cleveland/food-delivery/off-the-grill-%26-seafood/qUxzurGSSqKNWIBJfRKqBA,south-euclid-ohio
https://www.ubereats.com/cleveland/food-delivery/taco-bell-4537-mayfield-road/kBL6el_nQri5Q1W3Pop_XA,south-euclid-ohio
https://www.ubereats.com/cleveland/food-delivery/dennys-34725-euclid-avenue/C8OA492rRkiCj2mJPZCTGg,south-euclid-ohio
https://www.ubereats.com/cleveland/food-delivery/buffalo-wild-wings-26200-harvard-rd/NJsvFt4nRNGm6nsIgX6kzw,south-euclid-ohio
https://www.ubereats.com/cleveland/food-delivery/heights-soul-food-%26-grill/iS98s11nQHSJB36wIq08fg,south-euclid-ohio
https://www.ubereats.com/cleveland/food-delivery/subway-6107-mayfield-rd/KbMmh2oxTUWFdMPdKU_q4A,south-euclid-ohio
https://www.ubereats.com/cleveland/food-delivery/manhattan-deli-bar-%26-grille/6hxmuDhQRlSvy4a2LSqqwg,south-euclid-ohio
https://www.ubereats.com/cleveland/food-delivery/popeyes-1878-warrensville-center-rd/V6c6QOplSqahafW2OfxHBA,south-euclid-ohio
https://www.ubereats.com/cleveland/food-delivery/krack-of-dawn-restaurant-chardon-rd/KK6OIGuHS-qFWpypksN_Ug,south-euclid-ohio
https://www.ubereats.com/cleveland/food-delivery/alfredos-at-the-inn-italian-restaurant/kTrJU8oZR6aBeZjoYp2Fsg,south-euclid-ohio
https://www.ubereats.com/cleveland/food-delivery/rich-caribbean-cuisine/YDMFUDqGSxeM2sJaj0H6Bg,south-euclid-ohio
https://www.ubereats.com/cleveland/food-delivery/boozerz-sports-bar-%26-grille/DkoJJHpyTLKb1j0iL2c0Zg,south-euclid-ohio
https://www.ubereats.com/cleveland/food-delivery/dennys-6207-wilson-mills-rd/9hvJMC5YSwenFLDE69RBWw,south-euclid-ohio
https://www.ubereats.com/cleveland/food-delivery/starbucks-cedar-road-cleveland-heights/wDsGhoMdTXKCb_pyJvOWOA,south-euclid-ohio
https://www.ubereats.com/cleveland/food-delivery/neo-sports-bar-and-grill/jRlUOvEZS_apcowE_LUAXA,south-euclid-ohio
https://www.ubereats.com/cleveland/food-delivery/bob-evans-509-3700-orange-place/nPD0lXaATjqlm-Ww82vx5Q,south-euclid-ohio
https://www.ubereats.com/cleveland/food-delivery/sam-sylk-chicken-and-fish-shaker-heights/Y61EJR2oSzyplRxif734IA,south-euclid-ohio
https://www.ubereats.com/cleveland/food-delivery/little-caesars-16882-harvard-ave/fsFscPYZT_yH1f0X_bxEWA,south-euclid-ohio
https://www.ubereats.com/cleveland/food-delivery/black-box-fix-2/2-Efq646RKagv-WGb-pmEQ,south-euclid-ohio
https://www.ubereats.com/cleveland/food-delivery/senorita-bonitas-mexican-grill-%26-cantina/1ZlrUHd9SyGbbe3DUyo4pA,south-euclid-ohio
https://www.ubereats.com/cleveland/food-delivery/flame/sN5NqUtpQSGaL_3nj8fW2A,south-euclid-ohio
https://www.ubereats.com/cleveland/food-delivery/mcdonalds-mayfield-%26-green/SI3usFl0RYuOliJL3UU2DA,south-euclid-ohio
https://www.ubereats.com/cleveland/food-delivery/southern-cafe-east/P1o4noUrR5ug-vpSggD5nQ,south-euclid-ohio
https://www.ubereats.com/cleveland/food-delivery/donatos-pizza-shaker-heights/O489KVrRRb-f7TsDplO39A,south-euclid-ohio
https://www.ubereats.com/cleveland/food-delivery/goodfellasbbq/RAbp80yISm22NPCBMVl_tA,south-euclid-ohio
https://www.ubereats.com/cleveland/food-delivery/sports-fanatics/dAW53DreSg-3ywBHoph_BA,south-euclid-ohio
https://www.ubereats.com/cleveland/food-delivery/the-carter-pub-%26-grill/odYZVy-lRPu2Xy-Wh-pPng,south-euclid-ohio
https://www.ubereats.com/cleveland/food-delivery/janelles-restaurant/BM8yHCefSv-TMDbSB6OZWQ,south-euclid-ohio
https://www.ubereats.com/cleveland/food-delivery/dairy-queen-treat-5713-mayfield-rd/ajzkfni7T6SFnykKdxJ-og,south-euclid-ohio
https://www.ubereats.com/cleveland/food-delivery/parkwood-drive-thru/xng5TpJCQWGI4XK2tXDa-A,south-euclid-ohio
https://www.ubereats.com/cleveland/food-delivery/mr-hero-st-clair-%26-77th-st/iXV2dUuSSEq8P1_lvnn4xw,south-euclid-ohio
https://www.ubereats.com/cleveland/food-delivery/subway-5615-mayfield-rd/zy3_pCukRAK24yVEs3qXRA,south-euclid-ohio
https://www.ubereats.com/cleveland/food-delivery/clean-eating/uvxe6uJzQRaVyfGiXtfNfQ,south-euclid-ohio
https://www.ubereats.com/cleveland/food-delivery/subcity-lakeshore-blvd/V50F93jBQMWSGVdynj1XOA,south-euclid-ohio
https://www.ubereats.com/cleveland/food-delivery/arbys-5993-mayfield-rd/87MSBnGdTjWOx5TUPt2_cQ,south-euclid-ohio
https://www.ubereats.com/cleveland/food-delivery/juice-up-cold-press/cz3pgpVLRwWtgY58mcCsgg,south-euclid-ohio
https://www.ubereats.com/cleveland/food-delivery/kfc-34400-euclid-avenue/1tO4GKbeRpGF91fyhOCDxg,south-euclid-ohio
https://www.ubereats.com/cleveland/food-delivery/duck-donuts-200-park-ave-suite-140/Ui9X2brVSVC-vFJEecVA2w,south-euclid-ohio
https://www.ubereats.com/cleveland/food-delivery/cafe-tandoor/TfB6HaPmQvKIea3pumcIcQ,south-euclid-ohio
https://www.ubereats.com/cleveland/food-delivery/b-%26-m-bbq/i8j5AIdzT8OceayGNzg7wQ,south-euclid-ohio
https://www.ubereats.com/cleveland/food-delivery/wendys-250-e-222nd-street/Ti76xKi0Sz-jfRwWC3GqQA,south-euclid-ohio
https://www.ubereats.com/cleveland/food-delivery/piccadilly-artisan-creamery/94xllLCoQSyKWw4K6ZssTg,south-euclid-ohio
https://www.ubereats.com/cleveland/food-delivery/five-guys-oh-0396-1237-som-center-rd/QXQqhDBISvOs7SCWRKmViQ,south-euclid-ohio
https://www.ubereats.com/cleveland/food-delivery/popeyes-7020-carnegie-ave/ptG8HLsTTSWsKM_uUcyTQw,south-euclid-ohio
