url,city
https://www.ubereats.com/houston/food-delivery/yogurt-worx/wkomKEYYRBuNWdADKVNxuw,spring-texas
https://www.ubereats.com/houston/food-delivery/local-pour-1900-hughes-landing/SiIMcFXqTWKxrAGgsxFm4Q,spring-texas
https://www.ubereats.com/houston/food-delivery/chychos/6O4_UR6ZS_63fMBViU5lzA,spring-texas
https://www.ubereats.com/houston/food-delivery/churchs-chicken-21502-aldine-westfield-road/OEXG-IG5TaW5JLaPv-CJtQ,spring-texas
https://www.ubereats.com/houston/food-delivery/silk-road-kitchen/vij-BIcUTc647Xd4iibVew,spring-texas
https://www.ubereats.com/houston/food-delivery/roccos-wings-%26-calzones/hQDeAKHCTC2knzLmyx3mog,spring-texas
https://www.ubereats.com/houston/food-delivery/lama-mediterranean-cuisine/0WnYCaSJT1GsGnS1ZsxrxQ,spring-texas
https://www.ubereats.com/houston/food-delivery/wings-n-more/Cmmt1q0FT_C9T9A7YzEJDw,spring-texas
https://www.ubereats.com/houston/food-delivery/taco-bell-3703-fm-1960-rd-w/Hx4aweyVRreUk86tyu0Gjw,spring-texas
https://www.ubereats.com/houston/food-delivery/popeyes-202-airtex-dr/luhMXT0jQEeLrNm-IdTkZw,spring-texas
https://www.ubereats.com/houston/food-delivery/schlotzskys-deli-1620-louetta-rd/5qeAnFsdRIOPLBOpeYG7GQ,spring-texas
https://www.ubereats.com/houston/food-delivery/banh-mi-113/aliKT9YgRdm3qcV9wk2Jww,spring-texas
https://www.ubereats.com/houston/food-delivery/dunkin-2203-spring-stuebner-rd/W78ldhlnTiqN47dUNtJ_Wg,spring-texas
https://www.ubereats.com/houston/food-delivery/kfc-630-sawdust-rd/aLMQI6xhR2OdSHAPktyUdQ,spring-texas
https://www.ubereats.com/houston/food-delivery/buca-di-beppo-the-woodlands/6mdrFoutTmWykw4AYfBCiQ,spring-texas
https://www.ubereats.com/houston/food-delivery/dj-bar-%26-grill/liVnDzFnQXqHy94ytY4_-Q,spring-texas
https://www.ubereats.com/houston/food-delivery/potatoe-patch/QSk6mMVKQv6_CKGhzkz4Xw,spring-texas
https://www.ubereats.com/houston/food-delivery/twin-peaks-18310-i-45/bzaQ8dEnQqqaX5H23agEPA,spring-texas
https://www.ubereats.com/houston/food-delivery/arbys-130-east-louetta-road/mZfTUNQ-RaGsvCu8D6CeVQ,spring-texas
https://www.ubereats.com/houston/food-delivery/uncle-julios-spring/LL_YTXiCQE6ywct9Tj4-Jw,spring-texas
https://www.ubereats.com/houston/food-delivery/oriental-garden/fP2JRMdMTWasMXESEI833Q,spring-texas
https://www.ubereats.com/houston/food-delivery/kans-sushi/7kpQ_CVNRrm9Sh0l-hqJEg,spring-texas
https://www.ubereats.com/houston/food-delivery/asian-city-restaurant/WGmcLERES6-3iU2NRBOXWw,spring-texas
https://www.ubereats.com/houston/food-delivery/pollo-campero-houston-greens-rd/8s4HPC7RRKGzGyBukshxig,spring-texas
https://www.ubereats.com/houston/food-delivery/el-kiosko-cypresswood-dr/jh5cgDGgRbWpTmZykxkywQ,spring-texas
https://www.ubereats.com/houston/food-delivery/ihop-1437/32__-MMARAWDBQGPpunkIg,spring-texas
https://www.ubereats.com/houston/food-delivery/chick-fil-a-3195-riley-fuzzel-rd/55BsbDyBSSebJp2WWB8H5Q,spring-texas
https://www.ubereats.com/houston/food-delivery/menchies-frozen-yogurt-2129-farm-to-market-2920/5KrwcV3gShCdJxGD5DcfAQ,spring-texas
https://www.ubereats.com/houston/food-delivery/zoes-kitchen-9595-six-pines-dr-ste-1490/_0rYkS17Re6-j8AoywNJ_w,spring-texas
https://www.ubereats.com/houston/food-delivery/jackpot-pizza/Y2lndQNoQO21g8c2wy9Nww,spring-texas
https://www.ubereats.com/houston/food-delivery/wendys-22633-imperial-valley-dr/Ni2aiFTrQIuk8c7Whtgy0g,spring-texas
https://www.ubereats.com/houston/food-delivery/ploy-thai-cuisine/xk_8S_4JStyxIVqdp5q3Lg,spring-texas
https://www.ubereats.com/houston/food-delivery/the-toasted-yolk-cafe-woodlands/7zlZK_yLQaOoo3IspX9yJQ,spring-texas
https://www.ubereats.com/houston/food-delivery/ostioneria-michoacan-seafood-%26-oyster-bar-%238-north-freeway/KVp5tGMFQhCbWxaeZDDl1g,spring-texas
https://www.ubereats.com/houston/food-delivery/buffalo-wild-wings/WnU1smcPTlKrqVJ_UjqL-g,spring-texas
https://www.ubereats.com/houston/food-delivery/pza-the-woodlands/60AOtVxtTXinNlWyKsEcyw,spring-texas
https://www.ubereats.com/houston/food-delivery/toki/61KI2TRhT-CNxKFWASmDtg,spring-texas
https://www.ubereats.com/houston/food-delivery/slim-chickens-6507-fm-rd-2920/bLpnWjn4RfyqPLiBUGxWAw,spring-texas
https://www.ubereats.com/houston/food-delivery/the-omega-grill/NOH2IlpHQvOGwqgN7PkYdA,spring-texas
https://www.ubereats.com/houston/food-delivery/242-pub-and-grill-77385-conroe-location/wtvm8Dx7QamSEzzmw2QcqA,spring-texas
https://www.ubereats.com/houston/food-delivery/smallcakes-spring/R3pXKahyQSy24lR9OQEYwg,spring-texas
https://www.ubereats.com/houston/food-delivery/dennys-20015-i-45-n/PZ6ju5HiSI6JuS-ZKmkEJQ,spring-texas
https://www.ubereats.com/houston/food-delivery/just-vanilla-spring/hZu10fYLRzWjsIfe2vPoGg,spring-texas
https://www.ubereats.com/houston/food-delivery/dunkin-6127-fm-2920-rd/QssP0TJSSS6AZIb2De4Ogw,spring-texas
https://www.ubereats.com/houston/food-delivery/wing-squad-the-woodlands/TIZQUaRUSNumvdifb976Bw,spring-texas
https://www.ubereats.com/houston/food-delivery/victors-deli-and-restaurant-cypress-creek-way/4zYXIydgTQ2Ne_2p53HwKw,spring-texas
https://www.ubereats.com/houston/food-delivery/taqueria-los-lira/k0PWHPUEQWyk95QxXcdmSw,spring-texas
https://www.ubereats.com/houston/food-delivery/macaroni-grill-woodlands/KhpQEysvS1GWw4Oa3oSG3w,spring-texas
https://www.ubereats.com/houston/food-delivery/paw-paw-chico-bbq/TqtuBCJkTaalvWJY40z_yw,spring-texas
https://www.ubereats.com/houston/food-delivery/willies-grill-%26-icehouse-champion/7nbe6FhHSFyxdljtlrMCWw,spring-texas
https://www.ubereats.com/houston/food-delivery/mcdonalds-21330-i-45-n/5WB1_85hQY2eMH8g6gQ8VA,spring-texas
https://www.ubereats.com/houston/food-delivery/mcalisters-deli-humble/lA2Va5pdT_WK2OS-dr644w,spring-texas
https://www.ubereats.com/houston/food-delivery/yummie-fm-1960/GoSgBRSPTOKYRPaF6uU5OQ,spring-texas
https://www.ubereats.com/houston/food-delivery/al-reem-halal/Fe-va3ybSrqqygiI3r0-IQ,spring-texas
https://www.ubereats.com/houston/food-delivery/jack-in-the-box-9300-hwy-242/42_7E2UGSy2Yvh_g12eZ7Q,spring-texas
https://www.ubereats.com/houston/food-delivery/clean-juice-6777-woodlands-parkway/e28T627URACJwuMzLm5UGA,spring-texas
https://www.ubereats.com/houston/food-delivery/cilantros-mexican-grill-woodlands/46yEowLGRYmBFMDueBCCLA,spring-texas
https://www.ubereats.com/houston/food-delivery/lennys-grill-%26-subs-1500-research-forest-drive/KZkhvakJQyyYoWszxva1eQ,spring-texas
https://www.ubereats.com/houston/food-delivery/nara-thai-dining-1960/Q_mDEJkRSeiLXZetADqgSg,spring-texas
https://www.ubereats.com/houston/food-delivery/fieldings-local-kitchen-%2B-bar/bmUVjGXfRta5YA0ADNDzhQ,spring-texas
https://www.ubereats.com/houston/food-delivery/bullritos-spring/ZAvKc-sbSKGy5x_s72VEWw,spring-texas
https://www.ubereats.com/houston/food-delivery/blimpie-25119-grogans-mill-rd-ste-b/S3aqbJH5TIKm5Ggin_RIvA,spring-texas
https://www.ubereats.com/houston/food-delivery/fish-place/3k3_httaRGe69IxTmD8XCw,spring-texas
https://www.ubereats.com/houston/food-delivery/lubys-730-west-fm-1960/MoeA6avRS1qmsbQ1pOnUxw,spring-texas
https://www.ubereats.com/houston/food-delivery/mcdonalds-18604-kuykendahl/LH5TAYBySsKannN_FX6kDg,spring-texas
https://www.ubereats.com/houston/food-delivery/schlotzskys-522-sawdust-road/lKmjIae3TTGms6AvKDIJgQ,spring-texas
https://www.ubereats.com/houston/food-delivery/saks-donuts/hztG4-h3SdaKcEdnttpLhA,spring-texas
https://www.ubereats.com/houston/food-delivery/subway-2901-riley-fuzzell-road/cAskAwpeQBeRgEmGNM0raA,spring-texas
https://www.ubereats.com/houston/food-delivery/the-bayou-cajun-cafe/-G0gH0x0S4S51NuR2yyPlw,spring-texas
https://www.ubereats.com/houston/food-delivery/best-of-filipiniana-too/TIUvpCe6QGaCXRKtliMm3A,spring-texas
https://www.ubereats.com/houston/food-delivery/tropical-smoothie-cafe-25640-kuykendahl-rd-suite-a/VkXUptGrQuK5Gl_sg7Hl-w,spring-texas
https://www.ubereats.com/houston/food-delivery/curry-masala-louetta/PCVfdOm3RByiVlwy_Ki4Xg,spring-texas
https://www.ubereats.com/houston/food-delivery/spring-taco-house-2509-fm-1960/B5r5_BreSAujMKJhohOdWA,spring-texas
https://www.ubereats.com/houston/food-delivery/cotton-patch-cafe-5431-fm-2920/De44GpEGRvG2uIcOboEwiQ,spring-texas
https://www.ubereats.com/houston/food-delivery/si-chuan-chinese-restaurant/NzU9dA1uSPqG9uvh7lH-3g,spring-texas
https://www.ubereats.com/houston/food-delivery/dairy-queen-1651-louetta-rd/loNWF3mZSrSugyQcA2q-iQ,spring-texas
https://www.ubereats.com/houston/food-delivery/los-cucos-woodlands/QxTDa92NQJeLry8-fW6G2A,spring-texas
https://www.ubereats.com/houston/food-delivery/grimaldis-20-waterway-ave-100/nilsaJR-QNmrZzGkYBuumg,spring-texas
https://www.ubereats.com/houston/food-delivery/jersey-mikes-subs-houston/FWbp8lXeS02wiL2AetkQag,spring-texas
https://www.ubereats.com/houston/food-delivery/taqueria-la-perla-de-jalisco/ECR2DsO9RGWFW7tSqIvyPw,spring-texas
https://www.ubereats.com/houston/food-delivery/taco-cabana-3079-college-park-dr/gCl_MQPdSGyrKz8d09HMuA,spring-texas
https://www.ubereats.com/houston/food-delivery/starbucks-tc-woodlands/0NiNxEEXTAGS8gLltP7F4g,spring-texas
https://www.ubereats.com/houston/food-delivery/bjs-restaurant-%26-brewhouse-19075-interstate-45-south-suite-600/Os0s4YKKR1q80VwyCoLxww,spring-texas
https://www.ubereats.com/houston/food-delivery/fronteras-mexican-grill-spring/9Sufj-oxQzCtqdOGfvQBUg,spring-texas
https://www.ubereats.com/houston/food-delivery/the-teahouse-tapioca-%26-tea-champions-forest/wczylbxySj2-Ja4-QSk4sQ,spring-texas
https://www.ubereats.com/houston/food-delivery/taco-bell-650-sawdust-rd/NP2-GjjXTla5Mm-xhAhnGw,spring-texas
https://www.ubereats.com/houston/food-delivery/popeyes-3136-cypress-creek-pkwy/pwrPryiySf2E13cjDpfEjQ,spring-texas
https://www.ubereats.com/houston/food-delivery/red-robin-509-19433-i-45-south/GHC2nSXjTfaq8hzVAB_qEg,spring-texas
https://www.ubereats.com/houston/food-delivery/subway-230-cypresswood-dr/81m5r0x2QHWUCiXNF0G94A,spring-texas
https://www.ubereats.com/houston/food-delivery/panang-thai-cuisine/6WbRQ_PXQTSHsnbmRzKH6A,spring-texas
https://www.ubereats.com/houston/food-delivery/rock-n-roll-sushi/sAzC1SXmSguyHg80gzO5gA,spring-texas
https://www.ubereats.com/houston/food-delivery/klein-coffee/cpY1oYxxS1-Lvk4Qwidq0w,spring-texas
https://www.ubereats.com/houston/food-delivery/1000-degrees-pizza/zDw8X_NCTUOIXzxUX-Bmiw,spring-texas
https://www.ubereats.com/houston/food-delivery/mcalisters-deli-spring/lA1nJ74zSb-5e8JGaIE1zQ,spring-texas
https://www.ubereats.com/houston/food-delivery/krab-kingz/Q3hhxdI-QU2448BS974PMw,spring-texas
https://www.ubereats.com/houston/food-delivery/jing-xins-asian-cafe-%E6%99%B6%E9%91%AB/FIHuiG1FT6iwXL6hY2Rw9g,spring-texas
https://www.ubereats.com/houston/food-delivery/arbys-2113-riley-fuzzel/M2N6mQSoSp27QgdC5Sj8bQ,spring-texas
https://www.ubereats.com/houston/food-delivery/dennys-15919-n-fwy/FYzoY0Z4SLS47d-7jIQpAQ,spring-texas
https://www.ubereats.com/houston/food-delivery/datpho/MkKM1WKiTSKXhvl-sX2bYA,spring-texas
https://www.ubereats.com/houston/food-delivery/royal-ks-diner/43ZyA9hxSBiJVDTSRAPMIQ,spring-texas
https://www.ubereats.com/houston/food-delivery/sonic-1437-fm-1960-road-west/MIpkNqoaRlynoaNrUYJDhA,spring-texas
https://www.ubereats.com/houston/food-delivery/subway-23221-b-aldine-westfield/jWewOaxkSByEzCwA4sZI-Q,spring-texas
https://www.ubereats.com/houston/food-delivery/frans-bakery/M5MJpShHRoyK68XdJS-M5w,spring-texas
https://www.ubereats.com/houston/food-delivery/saltgrass-19533-ih-45-s/jFL3XJqsTUyZJpAOjjNvNw,spring-texas
https://www.ubereats.com/houston/food-delivery/papa-johns-2725-rayford-rd/175MyuDQSS6_YBEUDcFcDw,spring-texas
https://www.ubereats.com/houston/food-delivery/chai-taco/DilDSeG8QjK50EYxT8P14g,spring-texas
https://www.ubereats.com/houston/food-delivery/black-bear-diner-8821-metropark-boulevard/b1EDxl8IS1y_7BaURQWWFQ,spring-texas
https://www.ubereats.com/houston/food-delivery/subway-3040-fm-1960-e/CHbrKx8HQy6gDEsvq-dh9w,spring-texas
https://www.ubereats.com/houston/food-delivery/jci-james-coney-island-1960/vf1Zqp_PRUKvGThzYTEPkQ,spring-texas
https://www.ubereats.com/houston/food-delivery/maryz-mediterranean-cuisine/-AZD1gU-ReCUoK72s_6slg,spring-texas
https://www.ubereats.com/houston/food-delivery/natalitas-2-mexican-restaurant/zfDi06ynSGexD5BR8O5DoA,spring-texas
https://www.ubereats.com/houston/food-delivery/the-well-in-spring/5dbftu8_Tc2RGEazsZByhw,spring-texas
https://www.ubereats.com/houston/food-delivery/blend-nutrition-co/LRoVAWVoRMOgUBp6nKwKYQ,spring-texas
https://www.ubereats.com/houston/food-delivery/the-butler-house/BQo76LNFSI-aHqx6KdEoLQ,spring-texas
https://www.ubereats.com/houston/food-delivery/dickeys-barbecue-restaurants-inc-10700-kuykendahl-road/UZIopbsHTGuGjlF-XviF7Q,spring-texas
https://www.ubereats.com/houston/food-delivery/kabob-korner-antoine-dr/VrNWiEKBQfuS6_y9AF5YEQ,spring-texas
https://www.ubereats.com/houston/food-delivery/california-pizza-kitchen-1900-hughes-landing-blvd-suite-200/oDS0MAX3RyO-9uYI0BRPuw,spring-texas
https://www.ubereats.com/houston/food-delivery/tempura-kabob-grill/euqal647TeOP8thtx443NQ,spring-texas
https://www.ubereats.com/houston/food-delivery/lasagna-house-iii/O1pliwJfQrWTqXahZaKcWg,spring-texas
https://www.ubereats.com/houston/food-delivery/papa-johns-850-fm-1960-rd-w/jRjrNlUTRJS3JGjN7SPmsQ,spring-texas
https://www.ubereats.com/houston/food-delivery/tgi-fridays-670-the-woodlands-tx/jOuKibW8TcK1Zz5Lbqk80w,spring-texas
https://www.ubereats.com/houston/food-delivery/denovo-coffee-spring-tx/9Q5utLlBSfeWc0kgezt09g,spring-texas
https://www.ubereats.com/houston/food-delivery/fieldings-wood-grill/CNx7GJnBSWynBtEcYXUzPA,spring-texas
https://www.ubereats.com/houston/food-delivery/spring-creek-barbeque-19099-i-45-s/76SSAx4iT3K6rZgD-gDcRA,spring-texas
https://www.ubereats.com/houston/food-delivery/puffabellys-restaurant/ieSQWleASRuy1cQALqZq4Q,spring-texas
https://www.ubereats.com/houston/food-delivery/marble-slab-creamery-22560-tx-249-suite-250/9YKlcf4vS4a6d7i1TYyGoQ,spring-texas
https://www.ubereats.com/houston/food-delivery/daikoku-ramen-%26-kushiyaki/zJNK3-S_TCyk9-_CAzjrhQ,spring-texas
https://www.ubereats.com/houston/food-delivery/popeyes-6370-fm-2920/D5NhMq8SSwKxveqN-2oMTQ,spring-texas
https://www.ubereats.com/houston/food-delivery/orange-leaf-frozen-yogurt-22777-springwoods-village-pkwy/FXdJKOu1RBKPuDv9ehWFNg,spring-texas
https://www.ubereats.com/houston/food-delivery/churrascos-woodlands/lJcMkJUuQemOvE_ogsoCLA,spring-texas
https://www.ubereats.com/houston/food-delivery/kfc-1423-cypress-creek-pkwy/qm9u2R60Q7uQMIwrk2WvfA,spring-texas
https://www.ubereats.com/houston/food-delivery/very-fresh-ceviches-%26-snacks/Xtx1ATLwTC2Btskj-Zy5Cg,spring-texas
https://www.ubereats.com/houston/food-delivery/firenza-pizza-spring-tx/eWsczjv5RDGhN10xb25p1w,spring-texas
https://www.ubereats.com/houston/food-delivery/taco-bell-9945-six-pines-dr/9gqm3jFiR72-lH-jDexXbQ,spring-texas
https://www.ubereats.com/houston/food-delivery/kokee-tea-the-woodlands-mall/ctf2efCRQpqOS7RplR8PnQ,spring-texas
https://www.ubereats.com/houston/food-delivery/dunkin-5029-louetta-rd/AUozjEHPTP-DyRGuIpPMKA,spring-texas
https://www.ubereats.com/houston/food-delivery/crabbydaddy-seafood-%26-steak-house/uKVp_j9ZTfOTR8e1QX9yOg,spring-texas
https://www.ubereats.com/houston/food-delivery/la-cocina-de-roberto/ENX6v1TTSEyevj144yOsyw,spring-texas
https://www.ubereats.com/houston/food-delivery/hooties-burger-bar-humble/g9vTwzyzQnOxvrt7vZyH5A,spring-texas
https://www.ubereats.com/houston/food-delivery/jci-james-coney-island-woodlands/cCQ3rAUfQIyV_lnU6dhlnQ,spring-texas
https://www.ubereats.com/houston/food-delivery/teagues-bbq/4k2OIg5sSnGfBgt1-hHT2w,spring-texas
https://www.ubereats.com/houston/food-delivery/ra-sushi-bar-restaurant-1720-lake-woodlands-drive/EN9WglCwRDWxiNB2oCIabQ,spring-texas
https://www.ubereats.com/houston/food-delivery/zaxbys-20818-interstate-45/zkE4wH1ZT_CXHSClN7MeOA,spring-texas
https://www.ubereats.com/houston/food-delivery/outback-steakhouse-9753-fm-1960-bypass/m8oQPo94SAKNQuxDbz7bgg,spring-texas
https://www.ubereats.com/houston/food-delivery/churchs-chicken-743-north-sam-houston-pkwy-e/AURk5Rj-RsOSInej0cjIqw,spring-texas
https://www.ubereats.com/houston/food-delivery/burger-king-603-fm-1960-west/qXbuuEq6QYWKzGX6E3GHRA,spring-texas
https://www.ubereats.com/houston/food-delivery/saks-donuts/sQjW5A7rQnqSTITCaulD6g,spring-texas
https://www.ubereats.com/houston/food-delivery/pastel-gourmet/yYw8x2kyRpSwnOo3oCQEmQ,spring-texas
https://www.ubereats.com/houston/food-delivery/tableyah-mediterranean-cuisine/jW7KddhcQpGU2XTRz6zo_w,spring-texas
https://www.ubereats.com/houston/food-delivery/bamboo-asian-cuisine/Yh_F2Em5TV6zOacAVPDovg,spring-texas
https://www.ubereats.com/houston/food-delivery/brothers-seafood/0S-yulE3SNGNNAcphLV8_g,spring-texas
https://www.ubereats.com/houston/food-delivery/hooters-120-fm-1960-w-%26-westfield-pl-dr/mUIE_sACRDydLErQjZWnhA,spring-texas
https://www.ubereats.com/houston/food-delivery/cielo-latin-bar-%26-grill/5dSNj1ItQ2a4HSut1rS7ww,spring-texas
https://www.ubereats.com/houston/food-delivery/barbarossa-coffee/k8xTfF-9QuS2kMX6KocLkQ,spring-texas
https://www.ubereats.com/houston/food-delivery/hyderabad-house-woodlands/-ma2mhUvQo2mPhN_lqEn6g,spring-texas
https://www.ubereats.com/houston/food-delivery/popeyes-3103-fm-1960-rd-w/RUeeZ3nvSc2rONUFLkOlxw,spring-texas
https://www.ubereats.com/houston/food-delivery/wisdom-vegan-bakery-%26-cafe/eA2szRe8SaqN5ADVD_39OQ,spring-texas
https://www.ubereats.com/houston/food-delivery/starbucks-i-45-%26-louetta/f4aez4hiSQm3Ritg03G2jQ,spring-texas
https://www.ubereats.com/houston/food-delivery/3-bs-burgers-%26-beer/ijqfkuRFS9icuyMlD7L1kA,spring-texas
https://www.ubereats.com/houston/food-delivery/prohibition-texas/jqsjiuKHRPqOnhxN7-CRLw,spring-texas
https://www.ubereats.com/houston/food-delivery/beijing-wok-restaurant/mhCWbfbjSmCTsaRHvqv0sg,spring-texas
https://www.ubereats.com/houston/food-delivery/golden-corral-20170-n-freeway/7BCXMhpnQIyOJZxdMli7jg,spring-texas
https://www.ubereats.com/houston/food-delivery/jersey-mikes-subs-6777-woodlands-pkwy/U8JnoCfmQmeoRwvc-GbtSg,spring-texas
https://www.ubereats.com/houston/food-delivery/teriyaki-madness-1501-lake-robbins-dr/6YXVHne2QFq69els79a1xg,spring-texas
https://www.ubereats.com/houston/food-delivery/salata-314-sawdust-road/IJn7H2PCRCagGRJ4l7AB1g,spring-texas
https://www.ubereats.com/houston/food-delivery/starbucks-fm-1960-%26-aldine-westfield/16wN_jczQ5meoe2khL1t-g,spring-texas
https://www.ubereats.com/houston/food-delivery/mcdonalds-fm-2920-at-kuykendahl/d7pbgTV1TTufqarllf2slw,spring-texas
https://www.ubereats.com/houston/food-delivery/popeyes-3157-riley-fuzzell-road/sT_wcm2AT46Btu1EFrSx2w,spring-texas
https://www.ubereats.com/houston/food-delivery/the-greasy-spoon-soul-food-bistro/-eeT-udJTviXawqYJsPNJA,spring-texas
https://www.ubereats.com/houston/food-delivery/panera-3548-rayford-road/kvtHcheQSbaYXBcDnna2CQ,spring-texas
https://www.ubereats.com/houston/food-delivery/wendys-1481-spring-cypress-rd/JPxbAAx9TeWnjZOyDj1v4Q,spring-texas
https://www.ubereats.com/houston/food-delivery/bodegon-del-sur-corp/RVTb7ACfQ4yZFyCh-bKlnA,spring-texas
https://www.ubereats.com/houston/food-delivery/flemings-prime-steakhouse-%26-wine-bar-the-woodlands/YJUvNjRCR92RXFlgGB3PWg,spring-texas
https://www.ubereats.com/houston/food-delivery/viva-jalisco/LFuo4H6oQheOcurYs5XJZg,spring-texas
https://www.ubereats.com/houston/food-delivery/la-olla-restaurant-spring/TANWNVc5R2-4rTWD2a5nXQ,spring-texas
https://www.ubereats.com/houston/food-delivery/tropical-smoothie-cafe-19075-interstate-45-s-suite-116c/RLkaQg0HS6S7IW_msp-RSw,spring-texas
https://www.ubereats.com/houston/food-delivery/the-teahouse-tapioca-%26-tea-spring/Hk1wZkHgTDmfdcsUe_HsAw,spring-texas
https://www.ubereats.com/houston/food-delivery/mod-pizza-springwoods-village/nFKqdqrbSl6J4_B_pBEWyQ,spring-texas
https://www.ubereats.com/houston/food-delivery/buffalo-wild-wings-6825-n-grand-pkwy-w/9hX3sXAqS92up6gpXj2O6w,spring-texas
https://www.ubereats.com/houston/food-delivery/razzoos-cajun-cafe-spring/FRGAPtI2RwCwMpikBuOS7w,spring-texas
https://www.ubereats.com/houston/food-delivery/daiquiri-island-to-go/30S00Cm7TcCMjl5sBjenew,spring-texas
https://www.ubereats.com/houston/food-delivery/mod-pizza-grand-parkway-marketplace/uCK6kY88TXqRXcs17Um85w,spring-texas
https://www.ubereats.com/houston/food-delivery/bellagreen-the-woodlands/2mCOsnD6TrWqtmxMfleaOA,spring-texas
https://www.ubereats.com/houston/food-delivery/mod-pizza-spring-east/0-cf1-FvQ_auBjDQfdCmZg,spring-texas
https://www.ubereats.com/houston/food-delivery/taco-bell-2681-rayford-rd/s6wolG6dTBKPZ4R7v1Eluw,spring-texas
https://www.ubereats.com/houston/food-delivery/landrys-seafood-house-1212-lake-robbins-dr/plY2NtqVQRuW8hQJ6suryg,spring-texas
https://www.ubereats.com/houston/food-delivery/quiznos-1440a-lake-woodlands-dr/rRWbqiUtRgqZIqZE3YCMow,spring-texas
https://www.ubereats.com/houston/food-delivery/taco-bell-21115-kuykendahl-rd/G_KmJ0vKQkuWhsUwPwS3xQ,spring-texas
https://www.ubereats.com/houston/food-delivery/starbucks-tc-kuykendahl-%26-louetta/u19CXasCQTSoK0LbspUNRA,spring-texas
https://www.ubereats.com/houston/food-delivery/lubys-the-woodlands/w77r3F9ESrGvKFwKOUD3fA,spring-texas
https://www.ubereats.com/houston/food-delivery/dennys-6504-fm-2920/-7RIEItqSUC7oe_j_Ipavg,spring-texas
https://www.ubereats.com/houston/food-delivery/lonestar-sausage-%26-bbq/dHW8OF4CSAiBcKcijJ1R5w,spring-texas
https://www.ubereats.com/houston/food-delivery/nekter-juice-bar-woodlands/cC23C5bkTqe0oRDBhGMqwA,spring-texas
https://www.ubereats.com/houston/food-delivery/yummy-pho-%26-grill/aSb8cCjCS8uUS_RLCFmGTQ,spring-texas
https://www.ubereats.com/houston/food-delivery/jack-in-the-box-25520-aldine-westfield-rd/KTIh-0ZCQ3a2UmUUNY1qVA,spring-texas
https://www.ubereats.com/houston/food-delivery/la-corona-mexican-restaurant/yFkWQ-BYRA-ZuRB2qfYmFg,spring-texas
https://www.ubereats.com/houston/food-delivery/kim-leng/lmgPvCcbRfqIucUMgduxYQ,spring-texas
https://www.ubereats.com/houston/food-delivery/mcdonalds-2911-rayford-rd-bldg-b/SljVkJBKQAmE2-oD2kaIDA,spring-texas
https://www.ubereats.com/houston/food-delivery/big-city-wings-spring/K8b3TX8UQYS6ZU14SqyUzQ,spring-texas
https://www.ubereats.com/houston/food-delivery/katzs-deli-%26-bar/F3aCtS3UThWgWKOcAFmYmg,spring-texas
https://www.ubereats.com/houston/food-delivery/242-pub-and-grill/rH8ncYZkSdeiwzJcKXEtQw,spring-texas
https://www.ubereats.com/houston/food-delivery/hooties-burger-bar-spring/5rj3UKtXREGQQzovEUQhYw,spring-texas
https://www.ubereats.com/houston/food-delivery/taco-cabana-105-louetta-crossing/L19fWZeNQaKiZEsXH20nuQ,spring-texas
https://www.ubereats.com/houston/food-delivery/taco-bell-7139-louetta-rd/XbTJEDmjSwWHGVVHqYZ5FQ,spring-texas
https://www.ubereats.com/houston/food-delivery/slappys-creole-cuisine/5bIcbe4VQU2JfhSBs21v8Q,spring-texas
https://www.ubereats.com/houston/food-delivery/buffalo-wild-wings-15800-north-fwy/ajfFtfubTRWr_d7_Zrfkpw,spring-texas
https://www.ubereats.com/houston/food-delivery/the-blue-fish-woodlands/SOYMZxA9Qsawq58SD9iouA,spring-texas
https://www.ubereats.com/houston/food-delivery/subway-25428-%26-25432-aldine-westfield/8ucEfAKRR6OnTQINwyJSlg,spring-texas
https://www.ubereats.com/houston/food-delivery/golden-chick-2824-spears-rd/HN0GVb0RSLaEauJX-AIkdg,spring-texas
https://www.ubereats.com/houston/food-delivery/first-watch-champion-forest/Sq2jS01LTrCD5MGrlQf06Q,spring-texas
https://www.ubereats.com/houston/food-delivery/sonic-710-fm-1960-east/pXvokVxITe6XyMrduKnJIQ,spring-texas
https://www.ubereats.com/houston/food-delivery/dimassis-mediterranean-restaurant-woodlands/BdfMHsIMSQS-nYuJcHohmw,spring-texas
https://www.ubereats.com/houston/food-delivery/golden-jade-chinese-restaurant/YrfhguGJRuu2EeYm6lBDtQ,spring-texas
https://www.ubereats.com/houston/food-delivery/popeyes-18562-kuykendahl-rd/NAj51HY3Q1GAesgrGmFdUg,spring-texas
https://www.ubereats.com/houston/food-delivery/arepa-xpress-cafe/6SnxpL9xQw6kZPzhMdbVwg,spring-texas
https://www.ubereats.com/houston/food-delivery/bigotes-street-tacos-tomball/KNxIndRKQuWAYmcAlg5ezg,spring-texas
https://www.ubereats.com/houston/food-delivery/palette-indian-kitchen/YBjLJef_Q1aLbTyp61bDTA,spring-texas
https://www.ubereats.com/houston/food-delivery/jack-in-the-box-3842-fm-2920/2M2G0spcSGyoAnJd7Z4iXQ,spring-texas
https://www.ubereats.com/houston/food-delivery/freebirds-world-burrito-1640-lake-woodlands-dr-ste-f/2TnLmIguQU-62PUrgKY3lg,spring-texas
https://www.ubereats.com/houston/food-delivery/hooties-burger-bar-shenandoah/ZLQXyNp6SHW3OrqYgIfwHg,spring-texas
https://www.ubereats.com/houston/food-delivery/el-mojito/f9cZkEYGTHOBSc1lAvguPg,spring-texas
https://www.ubereats.com/houston/food-delivery/the-big-salad-spring/ry2eZGt7QO65W7BqAjR1NQ,spring-texas
https://www.ubereats.com/houston/food-delivery/mcdonalds-25222-i-45-n/QILPnEM1QrmhELMjiJpFtA,spring-texas
https://www.ubereats.com/houston/food-delivery/checkers-15710-ella-blvd/FTauf23QREuCmss0rlrUiw,spring-texas
https://www.ubereats.com/houston/food-delivery/lazeeza-restaurant/DduhEBd9Qq-6tI6UoorCNQ,spring-texas
https://www.ubereats.com/houston/food-delivery/subway-2129-fm-2920/4BBjZdEyRVCPjL8WqDxqWQ,spring-texas
https://www.ubereats.com/houston/food-delivery/jersey-mikes-subs-spring/wOJv0zRzS_CbEl7nM4RkwQ,spring-texas
https://www.ubereats.com/houston/food-delivery/beijing-chinese-restaurant/DWMcqqdFT4GpXfcMyzQZgg,spring-texas
https://www.ubereats.com/houston/food-delivery/burgerfi-the-woodlands/sbX5zp7mRc6sLHz294QJCw,spring-texas
https://www.ubereats.com/houston/food-delivery/el-meson-latin-restaurant/GlUnechGQiC93VmevCfekw,spring-texas
https://www.ubereats.com/houston/food-delivery/taco-bell-619-fm-1960-rd-w/vSXFCwtQRGGpVzkwu04urQ,spring-texas
https://www.ubereats.com/houston/food-delivery/dolphin-restaurant/gCo-FghdS36w7sHLmiuNsA,spring-texas
https://www.ubereats.com/houston/food-delivery/kfc-3130-fm-1960-rd-w/cgFM_NDERY-J9iAPC-yYSQ,spring-texas
https://www.ubereats.com/houston/food-delivery/hooters-humble/pbjI4Nm5TOasDZsEQ3r6LA,spring-texas
https://www.ubereats.com/houston/food-delivery/red-lobster-302-fm-1960-west/viKvJL8JQO2mQgFgukK7-Q,spring-texas
https://www.ubereats.com/houston/food-delivery/whistle-stop-tea-room/s3BUCJpXQYCSUOIbMzz8KQ,spring-texas
https://www.ubereats.com/houston/food-delivery/bahama-bucks-3403-louetta-rd-ste-a/KOKqMw_6QxWFXY3vm1U1eA,spring-texas
https://www.ubereats.com/houston/food-delivery/iza-robata/m6oiv-APRNuoG5XDCVXM1w,spring-texas
https://www.ubereats.com/houston/food-delivery/bgood-houston/hIDqI0a6TAu8d1qDYZatIA,spring-texas
https://www.ubereats.com/houston/food-delivery/jack-in-the-box-4720-spring-cypress/KkuUwV33QFSCTlrSv8NQNQ,spring-texas
https://www.ubereats.com/houston/food-delivery/zazza-pizza-cafe/raqqatBxS4epUMWCDet2Pg,spring-texas
https://www.ubereats.com/houston/food-delivery/sonic-25618-aldine-westfield-road/GMEaN9sxQnmjhK35VGteXg,spring-texas
https://www.ubereats.com/houston/food-delivery/palava/hFqhSVkqSmaRnBkOjvsLwQ,spring-texas
https://www.ubereats.com/houston/food-delivery/red-lobster-18446-interstate-45-s/CRcDuX7qSsuIuf8YQyr30g,spring-texas
https://www.ubereats.com/houston/food-delivery/brazilian-joes/rl9DfHPnTWCZYe3VCSkKDQ,spring-texas
https://www.ubereats.com/houston/food-delivery/sonic-3815-louetta-road/0k3EVGd2RmKXwxZh7wkrAw,spring-texas
https://www.ubereats.com/houston/food-delivery/starbucks-fm-1960-%26-red-oak-rd/jD-3FYu6Tu6dXPp6OePkoA,spring-texas
https://www.ubereats.com/houston/food-delivery/potbelly-sandwich-shop-grand-pkwy-dt-%7C-455/gpfrWhDmRzedEYMws4sy0w,spring-texas
https://www.ubereats.com/houston/food-delivery/chychos-houston/4NCkSie4SvqgQzLoxVCWNg,spring-texas
https://www.ubereats.com/houston/food-delivery/chipotle-mexican-grill-3085-college-park-dr/afB2oqzkR3GcIZBEAPS_4w,spring-texas
https://www.ubereats.com/houston/food-delivery/cilantros-mexican-restaurant/mLwK4baGSE-Yh2BBRNIJCQ,spring-texas
https://www.ubereats.com/houston/food-delivery/kfc-2058-fm-2920/iD-LYX6LTvCnZgb4851Mgw,spring-texas
https://www.ubereats.com/houston/food-delivery/mr-cs-sports-grill-inc/WjJXMfw5TqqoKRt0rYzeFg,spring-texas
https://www.ubereats.com/houston/food-delivery/arbys-21310-kuyjebdahl-rd/xIzLFNavTlaHMr-vJSwWAw,spring-texas
https://www.ubereats.com/houston/food-delivery/subway-1401-spring-cypress-rd/zXvgmMziS2yoDF4qC9rNAQ,spring-texas
https://www.ubereats.com/houston/food-delivery/willies-grill-%26-icehouse-the-woodlands/ahaSIz2UQGunYctW3OIgXw,spring-texas
https://www.ubereats.com/houston/food-delivery/ostioneria-michoacan-i-45/Rhqvx5-eR_On784CGxpUPA,spring-texas
https://www.ubereats.com/houston/food-delivery/crave-cupcakes/nOEbwPznSQCE6BVJQ4dVBA,spring-texas
https://www.ubereats.com/houston/food-delivery/yoko-ramen/CS8yzxIDQdKpKOgI3N-4dA,spring-texas
https://www.ubereats.com/houston/food-delivery/schlotzskys-20920-kuykendahl-suite-%23-a/L_2reA_BTBqW9vQ8p2eK3Q,spring-texas
https://www.ubereats.com/houston/food-delivery/chulas-sports-cantina-north-fwy/iCM-hTvMT8WpaY5ZmiDSOQ,spring-texas
https://www.ubereats.com/houston/food-delivery/chipotle-mexican-grill-15710-n-fwy/C5vwV5ulTouRij576B-a6w,spring-texas
https://www.ubereats.com/houston/food-delivery/mcdonalds-339-fm-1960-w/JivpXcVdSnSIdXwitUxyQw,spring-texas
https://www.ubereats.com/houston/food-delivery/waikiki-grill/hwfI2Q6DQ9uNKOzbHDDZnA,spring-texas
https://www.ubereats.com/houston/food-delivery/outback-steakhouse-18326-i-45-south/L6IycxbpSsenY9lycscCQg,spring-texas
https://www.ubereats.com/houston/food-delivery/china-one-%234/dcBedHKnTji4LvUOYPOuQg,spring-texas
https://www.ubereats.com/houston/food-delivery/the-tea-kettle-cafe/vvYSIvvUQD6XOt6afE0UjQ,spring-texas
https://www.ubereats.com/houston/food-delivery/matsu-japanese-restaurant/eta6UmmyShqvmd_pOAicrQ,spring-texas
https://www.ubereats.com/houston/food-delivery/which-wich-20444-kuykendahl-rd/v4CpJ8KpRNmCr9c4rKGvqg,spring-texas
https://www.ubereats.com/houston/food-delivery/juice-girl/6eZdKsTTSxSRmVRAlyWPiQ,spring-texas
https://www.ubereats.com/houston/food-delivery/alwaldi-mediterranean/MB9Sse1lSvCyIelJpjGNsg,spring-texas
https://www.ubereats.com/houston/food-delivery/golden-bowl-asian-cuisine/RAdA0vsKTrqY8S1iErUvPg,spring-texas
https://www.ubereats.com/houston/food-delivery/tony-street-tacos/_3JXhqbMQQeRU9i7J26UDQ,spring-texas
https://www.ubereats.com/houston/food-delivery/subway-17578-kuykendahl/U1aVo9czSE2SHYuBNa6RvQ,spring-texas
https://www.ubereats.com/houston/food-delivery/potbelly-sandwich-shop-spring-dt-%7C-430/UIl5NF_KTOyJhJ2TsChG-A,spring-texas
https://www.ubereats.com/houston/food-delivery/hasta-la-pasta-spring/MV5eLYgjQAupnH2TK3h9XQ,spring-texas
https://www.ubereats.com/houston/food-delivery/subway-4959-louetta/aX4AGCsyQ1-bnedQQHZr8w,spring-texas
https://www.ubereats.com/houston/food-delivery/louisiana-fish-house/6OJSb0FTSnuGXvOaeFavVw,spring-texas
https://www.ubereats.com/houston/food-delivery/tarka-indian-kitchen-springwoods-village/TcX8dicRRy2Xemrthoby2Q,spring-texas
https://www.ubereats.com/houston/food-delivery/rcs-nyc-pizza-%26-pasta-spring/6WuxA_zoRY68-xT2H_DSGw,spring-texas
https://www.ubereats.com/houston/food-delivery/potbelly-sandwich-shop-the-woodlands-%7C-89/dPDAFUpeQKCHS_TorDyS0w,spring-texas
https://www.ubereats.com/houston/food-delivery/abu-omar-halal-spring/xnhK5e4vS1OPE8xxBysXkw,spring-texas
https://www.ubereats.com/houston/food-delivery/subway-126-b-1960/wtUEyL-dS12Am6JCe3gBKQ,spring-texas
https://www.ubereats.com/houston/food-delivery/primos-venezuelan-street-food/tB14793ORQySEn0GxouFbw,spring-texas
https://www.ubereats.com/houston/food-delivery/taco-bell-28785-birnham-woods-dr/Cz3Ec5h0Q5-iSuLe9IH7UQ,spring-texas
https://www.ubereats.com/houston/food-delivery/el-caribeno-llc/kIjoPxXoRIqX0ptczSMzHA,spring-texas
https://www.ubereats.com/houston/food-delivery/taco-bell-3140-fm-1960-w/9Rn9odSxRTCkj5luulOAZQ,spring-texas
https://www.ubereats.com/houston/food-delivery/zato-thai-restaurant/KzIsHkmvQmSGZDRrQu4clg,spring-texas
https://www.ubereats.com/houston/food-delivery/euro-bakery-and-cafe/KX3XoxD8SFOzqQzg_iYAKA,spring-texas
https://www.ubereats.com/houston/food-delivery/mcdonalds-7140-louetta-rd/wySJKFaXQ8ipZYVoTQDt9A,spring-texas
https://www.ubereats.com/houston/food-delivery/gyros-king/WjIHJafNSAa93W7z2N4-OA,spring-texas
https://www.ubereats.com/houston/food-delivery/big-city-wings-rayford/U944EKKtRHa0wPcpufIn1g,spring-texas
https://www.ubereats.com/houston/food-delivery/taquerias-arandas-%2323/TV3fzr2tRF6OjJCC1HEyqg,spring-texas
https://www.ubereats.com/houston/food-delivery/subway-15135-north-freeway/r4dEYBpXR-K_QiqhNYic9A,spring-texas
https://www.ubereats.com/houston/food-delivery/burger-king-2331-rayford-rd/9PHqUeMGTuaX6xiXrjF8ZQ,spring-texas
https://www.ubereats.com/houston/food-delivery/noon-mediterranean-spring/985Pqz5-T3270mqrW-w99w,spring-texas
https://www.ubereats.com/houston/food-delivery/jasmins-indian-cuisine/2N7wkscnQjykCNZ3CCAxNQ,spring-texas
https://www.ubereats.com/houston/food-delivery/wendys-21130-kuykendahl-rd/DRDF7NLkThWpzVsjxl92TQ,spring-texas
https://www.ubereats.com/houston/food-delivery/5ate-cafe/tJ1Kuhl1TKWh3e9xrheKMg,spring-texas
https://www.ubereats.com/houston/food-delivery/nonas-italian-grill-the-woodlands/apegJ_7AQMqewtMfvRCXlw,spring-texas
https://www.ubereats.com/houston/food-delivery/italian-cafe/Eq0EaB34QO-aRRDxuJTFZw,spring-texas
https://www.ubereats.com/houston/food-delivery/chipotle-mexican-grill-4053-riley-fuzzel-road/KGGoVveYRGiTs6qTSKQAeQ,spring-texas
https://www.ubereats.com/houston/food-delivery/dennys-1760-west-fm-1960/ZLBcbBVMSTCjA0tSxBIUxA,spring-texas
https://www.ubereats.com/houston/food-delivery/la-cabana-mexican-restaurant/cWShWT07SLGFarAdOtrDEg,spring-texas
https://www.ubereats.com/houston/food-delivery/first-watch-the-woodlands/qUvvpfEnRxqWziwtL3Y76Q,spring-texas
https://www.ubereats.com/houston/food-delivery/catfish-station-18416-kuykendahl-rd/R_KJq1I5QDilrLzs6EmD_Q,spring-texas
https://www.ubereats.com/houston/food-delivery/the-halal-guys-10111-louetta-rd-houston-tx/k5gWOEzOS2CgeraZlGQNOA,spring-texas
https://www.ubereats.com/houston/food-delivery/sonic-25411-kuykendahl-road/sYQWqX0FTFWTW2RSfe4YlA,spring-texas
https://www.ubereats.com/houston/food-delivery/subway-2452-fm-1960-w/dWBhvGkbQYm4y-vQ4LquUA,spring-texas
https://www.ubereats.com/houston/food-delivery/smashburger-225-cypresswood-dr-ste-c/99D4sYe9Rxq0Nc5t0RAFpQ,spring-texas
https://www.ubereats.com/houston/food-delivery/starbucks-grand-parkway-%26-rayford/C4lQIYGgSqy24p0KPaS6dQ,spring-texas
https://www.ubereats.com/houston/food-delivery/coco-crepes-waffles-%26-coffee-the-woodlands/CrtbhK0XQ5yx2NkKDYpliw,spring-texas
https://www.ubereats.com/houston/food-delivery/zoes-kitchen-6700-woodlands-parkway-ste-170/AD1v47I3QDmjWVdXdMiBUA,spring-texas
https://www.ubereats.com/houston/food-delivery/smoothie-factory/OlmNZGJyTY62bbvBCPwlhg,spring-texas
https://www.ubereats.com/houston/food-delivery/sonic-25308-interstate-45/XB-kcniPQ96Apf_zKlDMMw,spring-texas
https://www.ubereats.com/houston/food-delivery/alas-crab-house/BgGKuYqXSe6m3uYehycwcg,spring-texas
https://www.ubereats.com/houston/food-delivery/taco-bell-24220-kuykendahl-rd/60r-1sWgQhuvBsfLtzUOOg,spring-texas
https://www.ubereats.com/houston/food-delivery/the-toasted-yolk-cafe-rayford-road/I1V6yVpzQjCx-2jIx0VQkA,spring-texas
https://www.ubereats.com/houston/food-delivery/churchs-chicken-19153-i-45-south/dDMjTdSjQJ2FE9mWGz8dVQ,spring-texas
https://www.ubereats.com/houston/food-delivery/chi-japanese-cuisine/jedpeKj6T5Ky4LgBe9PXEw,spring-texas
https://www.ubereats.com/houston/food-delivery/sonic-13028-veterans-memorial-hwy/7PM1XwGLTy6LoYnafqvYQg,spring-texas
https://www.ubereats.com/houston/food-delivery/sunrise-taquitos/dDXWrT6ZSj-nQVKrbtZeXw,spring-texas
https://www.ubereats.com/houston/food-delivery/popeyes-25192-i-45-suite-1a/hNkoAGD4Th-kmwz7QVGS7Q,spring-texas
https://www.ubereats.com/houston/food-delivery/starbucks-fm-2920-%26-kuykendahl/FEGEKmhfQkeqr39whWkLFA,spring-texas
https://www.ubereats.com/houston/food-delivery/dunkin-2222-rayford-rd/FlNy3O76TiaApBx5a5xpKQ,spring-texas
https://www.ubereats.com/houston/food-delivery/dairy-queen-2300-buckthorne-pl/qHH8vk-BQHKfLVDjJ1vALA,spring-texas
https://www.ubereats.com/houston/food-delivery/korner-slice-spring/iL4GgcgRSOS7BtXvWCx57w,spring-texas
https://www.ubereats.com/houston/food-delivery/amaravati-indian-cuisine/4VKJ7llkTWyMczBxbvXQBQ,spring-texas
https://www.ubereats.com/houston/food-delivery/incanto/W4gpHrD8TFaJSKSRKz6N-Q,spring-texas
https://www.ubereats.com/houston/food-delivery/bloofin-sushi-and-bar/Db9_L2O8QNy1E8UgF1qRrA,spring-texas
https://www.ubereats.com/houston/food-delivery/jets-pizza-24225-kuykendahl-rd/k6hwgEALT02JQeCZPX1kTw,spring-texas
https://www.ubereats.com/houston/food-delivery/dennys-7720-louetta-rd/1jofcnpgStKTmUoc-wcZCg,spring-texas
https://www.ubereats.com/houston/food-delivery/tgi-fridays-668-humble-tx/tYA9ePRfRTSAbU8uAjLb0Q,spring-texas
https://www.ubereats.com/houston/food-delivery/taco-bell-19400-i-h-45/reNgPpX6Snyqjz8RBDv5Cw,spring-texas
https://www.ubereats.com/houston/food-delivery/firehouse-subs-lake-woodlands/T9hzJR87QGi0ZFz1ceT1Vw,spring-texas
https://www.ubereats.com/houston/food-delivery/nestle-toll-house-cafe-by-chip-9315-spring-cypress-rd/KJOWAyaNRVWtimU8VlwL_g,spring-texas
https://www.ubereats.com/houston/food-delivery/taco-bell-4490-panther-creek-pne/r9wDpVTeSr6G4L3s4GkaXw,spring-texas
https://www.ubereats.com/houston/food-delivery/charleys-philly-steaks-woodlands/whTdqWK_TXeRPywOtCsFTw,spring-texas
https://www.ubereats.com/houston/food-delivery/papa-amadeus/BJ02EO8ITkahpF5i_-5LRQ,spring-texas
https://www.ubereats.com/houston/food-delivery/jack-in-the-box-25060-interstate-45/_nYLPUFKQ3ur9Kh6HHnTgg,spring-texas
https://www.ubereats.com/houston/food-delivery/panera-1448-louetta-road/MYvz5jYgT2uYgG0VxkeI6Q,spring-texas
https://www.ubereats.com/houston/food-delivery/louisiana-famous-fried-chicken-%26-seafood-veterans-memorial-dr-tx/0WCsmhapQiaReCwhft00CQ,spring-texas
https://www.ubereats.com/houston/food-delivery/orange-leaf-frozen-yogurt-6633-spring-stuebner-rd/h9oLnYpyT1CxQYOogX16Bg,spring-texas
https://www.ubereats.com/houston/food-delivery/papa-johns-21187-kuykendahl-rd/5Js43H98RTazr9IavdzxpQ,spring-texas
https://www.ubereats.com/houston/food-delivery/burgerim-1650-louetta-rd-suite-500/upd2d34-TQSPH_i4P9zq8A,spring-texas
https://www.ubereats.com/houston/food-delivery/envy-wine-room/Q5_OkpYyQPilhlJevoTc9A,spring-texas
https://www.ubereats.com/houston/food-delivery/dickeys-barbecue-restaurants-inc-1614-louetta-road/a399nirLTbuJb-vqDN77nA,spring-texas
https://www.ubereats.com/houston/food-delivery/julios-mexican-grill-spring/fX3emNdvRrauxz1bl4oxQA,spring-texas
https://www.ubereats.com/houston/food-delivery/mama-juanitas-mexican-restaurant-spring/NlZIxWRrTo-cvxwz93jsWg,spring-texas
https://www.ubereats.com/houston/food-delivery/dunkin-814-fm-1960-rd-w/8HS3m8ePSDa5l0caWbU-7w,spring-texas
https://www.ubereats.com/houston/food-delivery/zoes-kitchen-2162-spring-stuebner-rd-building-c-suite-310/V_u69Px4Qqy5ePJbhX4M3Q,spring-texas
https://www.ubereats.com/houston/food-delivery/burger-king-18219-kuykendahl-road/jsjI7m65Reep8jN6TwuACw,spring-texas
https://www.ubereats.com/houston/food-delivery/common-bond-bakery-city-place/PuE_I9qrS3C8hMor_TTaiw,spring-texas
https://www.ubereats.com/houston/food-delivery/agape-kitchen-%26-pralines/3mMFwvFWStCPlX3qBiUSzw,spring-texas
https://www.ubereats.com/houston/food-delivery/ihop-1414-cypress/CwVNTWj3SE-aBj08hnr82A,spring-texas
https://www.ubereats.com/houston/food-delivery/starbucks-i-45-%26-cypresswood/9XW0faKhSKufOg32TwwLlA,spring-texas
https://www.ubereats.com/houston/food-delivery/mod-pizza-shenandoah/Xjv6tvjgSQ2ZbdjoV5v5kw,spring-texas
https://www.ubereats.com/houston/food-delivery/jack-in-the-box-21510-aldine-westfield-rd/CKcESlPrRq2jpK1_tvG-Sw,spring-texas
https://www.ubereats.com/houston/food-delivery/adriatic-cafe-%26-italian-grill-spring/XzdlfVdrSUOAgH9B-P0jXg,spring-texas
https://www.ubereats.com/houston/food-delivery/lennys-grill-%26-subs-20141-interstate-45-n/rcOaYVE2TzypBtLWar5KlA,spring-texas
https://www.ubereats.com/houston/food-delivery/ba-mien-2/Vk6l1hd8TfiAXdBHs66JaA,spring-texas
https://www.ubereats.com/houston/food-delivery/burger-king-21505-aldine-westfield-rd-%23-b/sqt_fuvUThOUWfK3o7Uiiw,spring-texas
https://www.ubereats.com/houston/food-delivery/moms-country-kitchen/Gp4nrvi1RgKJPDUf_qg6oQ,spring-texas
https://www.ubereats.com/houston/food-delivery/popeyes-20035-i-45-north/bqbY4JzTTMC2of3tKNOzeA,spring-texas
https://www.ubereats.com/houston/food-delivery/waterfalls-cafe/YlF_1hz6RiiNd_ZUxw-A4Q,spring-texas
https://www.ubereats.com/houston/food-delivery/mr-rico-pollo-loco/2TjbVfJxRoOrlr4zsi_q1g,spring-texas
https://www.ubereats.com/houston/food-delivery/hutis-5-free-fire-grill/wMqYLI_3QZavhn_BwMdwkg,spring-texas
https://www.ubereats.com/houston/food-delivery/one-eyed-jacks-poker-%26-grill/0wc3NlNbRd-vzd1f13XseA,spring-texas
https://www.ubereats.com/houston/food-delivery/drunken-oyster/iz89VuK6SiuSNMPRMVYO-w,spring-texas
https://www.ubereats.com/houston/food-delivery/chef-chen/PrpRrToVTciM25t3c1vVqg,spring-texas
https://www.ubereats.com/houston/food-delivery/southern-maid-donuts/of2k2fP0TACdwyRjd1Chqw,spring-texas
https://www.ubereats.com/houston/food-delivery/starbucks-pinecroft-%26-lake-woodlands/SucOvWYdRUeCYbgBpIEJLw,spring-texas
https://www.ubereats.com/houston/food-delivery/sonic-6020-fm-2920-road/zUjiporYROCiG1FX-UXwLg,spring-texas
https://www.ubereats.com/houston/food-delivery/papa-johns-649/BPSUR6qzTByAdzBwWRvevA,spring-texas
https://www.ubereats.com/houston/food-delivery/subway-3730-fm-2920/HdEqu0tnSMyK6cQJDzgerA,spring-texas
https://www.ubereats.com/houston/food-delivery/california-baja-fusion-cuisine/5AfcJXzbSSCrD37_oHv10w,spring-texas
https://www.ubereats.com/houston/food-delivery/eggcellence-cafe/smtJ15lNRpS3I3KaJTRl4w,spring-texas
https://www.ubereats.com/houston/food-delivery/zaras-mediterranean-kitchen/7qGC-_YaSp234JDvqqq1Pw,spring-texas
https://www.ubereats.com/houston/food-delivery/jack-in-the-box-607-fm-1960-rd-e/lwwEMV14SDG1vvhDHJLUNg,spring-texas
https://www.ubereats.com/houston/food-delivery/fuddruckers-the-woodlands/iyM7GVYXQQuZ46iDQthk_A,spring-texas
https://www.ubereats.com/houston/food-delivery/tropical-smoothie-cafe-5921-fm-2920-suite-c/_OrlJZ7ZTpSyEht6H-cAlQ,spring-texas
https://www.ubereats.com/houston/food-delivery/i-heart-boba/jVtiNL3hSraNMOzWHp19uA,spring-texas
https://www.ubereats.com/houston/food-delivery/ranis-kitchen-ranis-world-foods/KXtOVnPBTdOd_ci1X7gBYg,spring-texas
https://www.ubereats.com/houston/food-delivery/dimassis-mediterranean-humble/Hs-Q8ocmTHquRzIVyBvWuQ,spring-texas
https://www.ubereats.com/houston/food-delivery/vees-kajun-kitchen/sazRbEi0QVKOexP7YFcHCQ,spring-texas
https://www.ubereats.com/houston/food-delivery/jack-in-the-box-2685-rayford-rd/XJJ_3Xz0Tzymh67iJUDcSA,spring-texas
https://www.ubereats.com/houston/food-delivery/subway-309-sawdust-rd/SwDQkvmYRl6wPkyujzOpgg,spring-texas
https://www.ubereats.com/houston/food-delivery/poke-man/cloNZ_u9Q1OfYm56cN9zbA,spring-texas
https://www.ubereats.com/houston/food-delivery/mirrey-tacos-y-mas/cAT6EYSeRbKtvJ7o_EeerA,spring-texas
https://www.ubereats.com/houston/food-delivery/zaxbys-21430-kuykendahl-road/tpJjbAFiST-vP6HlGz1ucw,spring-texas
https://www.ubereats.com/houston/food-delivery/mcdonalds-2125-fm-2920-rd/FYIPnF0fR1-Hg88Nl9bPJg,spring-texas
https://www.ubereats.com/houston/food-delivery/go-cajun-subs/KDt5RqjWQtOT2z9ed_i4vQ,spring-texas
https://www.ubereats.com/houston/food-delivery/taqueria-dos-amigos/td3nCqIZRJ6_SEcEOFd10g,spring-texas
https://www.ubereats.com/houston/food-delivery/subway-3440-riley-fuzzell-rd/d60q9AuSSzuWKK9HQL24VA,spring-texas
https://www.ubereats.com/houston/food-delivery/marcos-210-cypresswood/POrwQw2rQZaSL10G3Sik7A,spring-texas
https://www.ubereats.com/houston/food-delivery/wendys-505-sawdust-road/pmS3TkhUQ6Wgnp4fH2PvdQ,spring-texas
https://www.ubereats.com/houston/food-delivery/mortons-the-steakhouse-25-waterway-ave/zg6vDIlORPupG9u6TMBFzQ,spring-texas
https://www.ubereats.com/houston/food-delivery/umaki-sushi-burrito/zbMKOoUJQvqade6KPmHSlw,spring-texas
https://www.ubereats.com/houston/food-delivery/becks-prime-woodlands/Q2liuBN_SemOTZZC-C9kTQ,spring-texas
https://www.ubereats.com/houston/food-delivery/cyclone-anayas-woodlands/2Z-L1sojQBCwmOHx2i6sIA,spring-texas
https://www.ubereats.com/houston/food-delivery/ihop-fm-1960/YiDq_ULZS7etnsLgDao1jQ,spring-texas
https://www.ubereats.com/houston/food-delivery/slim-chickens-9255-fm-1960-bypass-road/U_o3dPFJTmuJh33xBWbLyg,spring-texas
https://www.ubereats.com/houston/food-delivery/jersey-mikes-3091-college-park-drive/0zaVQk5aSrOzkqo2zutueA,spring-texas
https://www.ubereats.com/houston/food-delivery/el-kiosko-%237/Awm0JxuUSu6Eimt-1-BfDg,spring-texas
https://www.ubereats.com/houston/food-delivery/off-the-hook/-OQvSgmXTMaDQ6EA374KiA,spring-texas
https://www.ubereats.com/houston/food-delivery/pf-changs-1201-lake-woodsland-dr-suite-301/MuZeQP9XRE68EQhHt5FdgA,spring-texas
https://www.ubereats.com/houston/food-delivery/black-bear-diner-15720-north-freeway/jF9jDpNgS4qF7ZZMrds-Tw,spring-texas
https://www.ubereats.com/houston/food-delivery/el-tiempo-cantina/xu0E6rZBTb2K6Y7z0i8bRw,spring-texas
https://www.ubereats.com/houston/food-delivery/starbucks-market-street-the-woodlands/2I-bjo_jThOPDfu-EOnRYg,spring-texas
https://www.ubereats.com/houston/food-delivery/salata-6630-spring-stuebner-rd-ste-500/Wo9JsPeoSWG0Kghvr9HJ0Q,spring-texas
https://www.ubereats.com/houston/food-delivery/papa-johns-239-fm-1960-east-bypass/2kHDBXLgRdq5H9agbhrFQg,spring-texas
https://www.ubereats.com/houston/food-delivery/jack-in-the-box-19715-holzwarth-rd/16LfGQwWTWKLWG2mCq4r7Q,spring-texas
https://www.ubereats.com/houston/food-delivery/great-wraps-1201-lake-woodlands-drivesuite-2168/theV2nHbSTSh7nJEnoAi_g,spring-texas
https://www.ubereats.com/houston/food-delivery/kings-blu-jam-cafe/OnzGtdXxQlmxxuc3YyZ8cA,spring-texas
https://www.ubereats.com/houston/food-delivery/salata-1600-louetta-suite-c/IRG-kcJPQbq8D5p7m_o9AA,spring-texas
https://www.ubereats.com/houston/food-delivery/pollo-campero-houston-fm-1960-west/VTyWtvGRS8S0ZgzHhPnbXA,spring-texas
https://www.ubereats.com/houston/food-delivery/cold-stone-creamery-2162-spring-stuebner-rd/4Rfy1vnGSiShhCWIB3HCSg,spring-texas
https://www.ubereats.com/houston/food-delivery/the-gooses-acre/VZIaCTfYRyGyAeREHGPulA,spring-texas
https://www.ubereats.com/houston/food-delivery/taqueria-arandas-36-woodlands/FWl2qQtiReuzSm4ouLFotA,spring-texas
https://www.ubereats.com/houston/food-delivery/chiller-bee-woodlands/v86kjGLrQRCwPqLz--Lhzw,spring-texas
https://www.ubereats.com/houston/food-delivery/chipotle-mexican-grill-1600-louetta-rd-ste-a/ZyQf6VFYQRqrsRmi7GovvA,spring-texas
https://www.ubereats.com/houston/food-delivery/papa-johns-3040-fm-1960-east/ktDO2MaMT_-hObfEPmnRQw,spring-texas
https://www.ubereats.com/houston/food-delivery/srk-indian-restaurant/zK6U3hwkQ9urqz4BiyMJVA,spring-texas
https://www.ubereats.com/houston/food-delivery/fajita-petes/MLgzIHwPTjScG6Mzpn57yQ,spring-texas
https://www.ubereats.com/houston/food-delivery/subway-850-fm-1960-w/sCKJfly6TjimL-gUmdwvLw,spring-texas
https://www.ubereats.com/houston/food-delivery/carrabbas-25665-i-45-north-hwy/ObnTJNtySnSctYHZ0iknlQ,spring-texas
https://www.ubereats.com/houston/food-delivery/dairy-queen-21325-kuykendahl-rd/Z6XV4LGPRKGy1ihPPkinXw,spring-texas
https://www.ubereats.com/houston/food-delivery/has-kitchen-asian-cuisine/5FjgGBbnQ42OMxO6QB0TwA,spring-texas
https://www.ubereats.com/houston/food-delivery/subway-2211-rayford-rd/NsKfNTQvTPyEFzyYkpvtpw,spring-texas
https://www.ubereats.com/houston/food-delivery/fu-manchung/FHQW_oaJT1yb2ctgKUWc1w,spring-texas
https://www.ubereats.com/houston/food-delivery/uncle-tonys/CmHfNHMJRDGc3DwpmnOJ5w,spring-texas
https://www.ubereats.com/houston/food-delivery/nadias-mediterranean-grill/Px9e4yZqTr6acM9Cpmpo1A,spring-texas
https://www.ubereats.com/houston/food-delivery/starbucks-rayford-%26-richard/zU5SwhYhRtOsk5HnzGWXig,spring-texas
https://www.ubereats.com/houston/food-delivery/el-mariachi-mexican-bar-%26-grill/gxTV8GV6TjKA-c6ulJUEDg,spring-texas
https://www.ubereats.com/houston/food-delivery/cracker-barrel-old-country-store-14765-n-freeway/LzsagumORb2LTkmxzOYeQA,spring-texas
https://www.ubereats.com/houston/food-delivery/ihop-3507/cllsuiefQ9OeX70obh_-sg,spring-texas
https://www.ubereats.com/houston/food-delivery/calibomb-nia/yXmQyYwDQxia9SdUj4jnpA,spring-texas
https://www.ubereats.com/houston/food-delivery/the-toasted-yolk-cafe-houston/ByT98-tbQvOlfwQjABaPjA,spring-texas
https://www.ubereats.com/houston/food-delivery/jersey-mikes-4765-fm-1960-rd-west/bubvfx6dQnCE7pc0-FuLug,spring-texas
https://www.ubereats.com/houston/food-delivery/black-fish-kitchen/HVS6QD5pSWCCiyhzDqdTOg,spring-texas
https://www.ubereats.com/houston/food-delivery/hotspot-spring-woodlands/DsRqfooqRNOOQPpOn3FONw,spring-texas
https://www.ubereats.com/houston/food-delivery/fyzas-alhadi/j94O8WJkSla8E2n2BSIy3w,spring-texas
https://www.ubereats.com/houston/food-delivery/max-doughnuts/gUYaSuSSTK67jUGPNblZ7g,spring-texas
https://www.ubereats.com/houston/food-delivery/anthonies-deli/N4ykwemfQJCbSXne_IzHOw,spring-texas
https://www.ubereats.com/houston/food-delivery/dennys-28669-i-45-north/_zDsP6aWQZ2xX124NI1OLQ,spring-texas
https://www.ubereats.com/houston/food-delivery/chipotle-mexican-grill-9595-six-pines-dr-ste-1080/8GLxkKZ9Rd6gfxZtLudq5Q,spring-texas
https://www.ubereats.com/houston/food-delivery/zoners-pizza-wings-and-waffles-the-woodlands/0MNmDEW-TV-tB2_iC0RwrQ,spring-texas
https://www.ubereats.com/houston/food-delivery/spanish-flowers-mexican-restaurant/aUIeSHfiTl6GuWnKbonx8Q,spring-texas
https://www.ubereats.com/houston/food-delivery/lubys-22422-tomball-parkway/Nfk0f95DQDa8wXlEDg1w1g,spring-texas
https://www.ubereats.com/houston/food-delivery/mod-pizza-woodlands-indian-springs/0gl16D1USB-n3JrtE935eA,spring-texas
https://www.ubereats.com/houston/food-delivery/maine-ly-sandwiches-the-woodlands/8W--PSDcT7mDuNCdcQdlug,spring-texas
https://www.ubereats.com/houston/food-delivery/the-concert-pub-north/8avax_PfTXy4Dl4y8i-Ayg,spring-texas
https://www.ubereats.com/houston/food-delivery/jack-in-the-box-1250-lake-woodlands-dr/feLboKn3QJaB5BlgeuP2dA,spring-texas
https://www.ubereats.com/houston/food-delivery/taquerial-el-real-llc/VrQ-Dih-Rr6PoXYoDlbw7w,spring-texas
https://www.ubereats.com/houston/food-delivery/black-walnut-cafe-the-woodlands/G-PeKHqhQjG_NpQImO5M2A,spring-texas
https://www.ubereats.com/houston/food-delivery/starbucks-hughes-landing-%26-lake-woodland/BAwzan1HQhq75ViGs-okZw,spring-texas
https://www.ubereats.com/houston/food-delivery/mcdonalds-22815-cypresswood-dr/REO0EgaGQs2hRYGV6egQLw,spring-texas
https://www.ubereats.com/houston/food-delivery/firehouse-subs-257-cypresswood-dr/zlPgTyTkRYqiUeBiq2rk4w,spring-texas
https://www.ubereats.com/houston/food-delivery/bay-fusion-vietnamese-asian-kitchen/VZrEXTPARKaXzbjWeXQmew,spring-texas
https://www.ubereats.com/houston/food-delivery/my-protein-grill/KbX-KBk2RxW0--L8rHJ-Bw,spring-texas
https://www.ubereats.com/houston/food-delivery/five-guys-tx-0675-6630-spring-stuebner-rd/5LO0bkJDTxyhI9AGXlBnIw,spring-texas
https://www.ubereats.com/houston/food-delivery/the-greasy-spoon-soulfood-bistro/Shjc8wcNQtOBpynt0rXeNA,spring-texas
https://www.ubereats.com/houston/food-delivery/pei-wei-19075-ih-45-s-suite-480/SWaEJ50iTR-PCeGpWjaUbg,spring-texas
https://www.ubereats.com/houston/food-delivery/firehouse-subs-townsen-crossing/b7D_yDbOQXGs1iFyZbbukA,spring-texas
https://www.ubereats.com/houston/food-delivery/churchs-chicken-15515-kuykendahl-rd/GYEzC4kRT3OJaVvSq9Hl6w,spring-texas
https://www.ubereats.com/houston/food-delivery/sonic-12419-kuykendahl-rd/7NUxIG1CTWuxSS7Qw0Igzg,spring-texas
https://www.ubereats.com/houston/food-delivery/chipotle-mexican-grill-6615-n-grand-pkwy-w-ste-300/GyKHUb0gTOa5UKzgcQXJpg,spring-texas
https://www.ubereats.com/houston/food-delivery/the-boba-shop/r9Lc73MFTGOfiJ1H_hihrw,spring-texas
https://www.ubereats.com/houston/food-delivery/taco-bell-3103-college-park-drive/yOFmxsL-SvCZ3VHy_xm_sA,spring-texas
https://www.ubereats.com/houston/food-delivery/howards-hot-chicken/SLsX6gfHRhyr_Wli7d07CQ,spring-texas
https://www.ubereats.com/houston/food-delivery/jinya-ramen-bar-spring-stuebner/RUHwzxybSN2oO7c2J_yTDw,spring-texas
https://www.ubereats.com/houston/food-delivery/chick-fil-a-2102-spring-stuebner-rd/MJmpEDuPQGq2ufLW648Vwg,spring-texas
https://www.ubereats.com/houston/food-delivery/mcdonalds-27515-cypresswood/L6NI63x5QBuE0TbK7zcZrg,spring-texas
https://www.ubereats.com/houston/food-delivery/bar-louie-woodlands/yErpp31tSJ2dWnkqwOL5BQ,spring-texas
https://www.ubereats.com/houston/food-delivery/the-boba-shop/bTDRnJXTQweGx75gDo_RJA,spring-texas
https://www.ubereats.com/houston/food-delivery/burger-king-740-sawdust-rd/XbNz9qPJTh6A3gmx3QO-SQ,spring-texas
https://www.ubereats.com/houston/food-delivery/chicken-express-32-airtex/V5J49bRhQSyEXab8JIVPjw,spring-texas
https://www.ubereats.com/houston/food-delivery/el-pollo-loco-2825-riley-fuzzel-road3797/i3UAc7rMSx2udcsvllK8rg,spring-texas
https://www.ubereats.com/houston/food-delivery/signature-eats/i8puFKqXT7mcIt7Q7TvpNQ,spring-texas
https://www.ubereats.com/houston/food-delivery/el-palenque-spring/sePqi7rxTkm1hcnXYDTNDw,spring-texas
https://www.ubereats.com/houston/food-delivery/subway-5743-treaschwig/-OFswLvfQUSX2INIeib9gg,spring-texas
https://www.ubereats.com/houston/food-delivery/villa-fresh-italian-kitchen-1201-lake-woodlands-dr-sp-2166/Z3q9FWgxRj-jNWBS137_wA,spring-texas
https://www.ubereats.com/houston/food-delivery/benihana-woodlands/ANgRZPmsQSW0eBDfoQlZpw,spring-texas
https://www.ubereats.com/houston/food-delivery/willies-grill-%26-icehouse-6815-n-grand-parkway-west/pUM-dsoNTkS7JLHYCEg4Hg,spring-texas
https://www.ubereats.com/houston/food-delivery/burger-king-444-east-cypresswood-drive/tocF4fcBRTiOu6VxgxzhSw,spring-texas
https://www.ubereats.com/houston/food-delivery/subway-22710-holzworth-rd/_jW8Cb74Q9eKJ6up-lcKuA,spring-texas
https://www.ubereats.com/houston/food-delivery/chens-kitchen/qlH907T3RlCOqkDIfFwyAw,spring-texas
https://www.ubereats.com/houston/food-delivery/mcalisters-deli-fm-1960/5Yl085KqTdCFkVkyyJ876Q,spring-texas
https://www.ubereats.com/houston/food-delivery/chick-fil-a-20608-interstate-45/aBBquy0XSCaLIcmepvLqQg,spring-texas
https://www.ubereats.com/houston/food-delivery/the-olive-oil-greek-restaurant/LUyCzwiiRFyES0rN7DfAcQ,spring-texas
