url,city
https://www.ubereats.com/washington-dc/food-delivery/tropical-smoothie-cafe-alexandria/ySqGXUc0Tly7kAp6wEbdgQ,springfield-virginia
https://www.ubereats.com/washington-dc/food-delivery/mcdonalds-rolling-road/8-oHfl7VTVSEtGoOo9tyxQ,springfield-virginia
https://www.ubereats.com/washington-dc/food-delivery/mcdonalds-fairfax-franconi/WwyWWJHESwaQvsQWc63eTA,springfield-virginia
https://www.ubereats.com/washington-dc/food-delivery/baja-fresh-7003-manchester-blvd/P_uuHV0QT2mNTIektG5T_w,springfield-virginia
https://www.ubereats.com/washington-dc/food-delivery/burger-king-5701-backlick-road/CZ3SH2abQSeUv7XgP70sGQ,springfield-virginia
https://www.ubereats.com/washington-dc/food-delivery/las-americas-restaurant/_sOmC1onRqKWyQWO6WrobQ,springfield-virginia
https://www.ubereats.com/washington-dc/food-delivery/jvs-restaurant/W75bDHsXRu2KUI9ZlvXl5w,springfield-virginia
https://www.ubereats.com/washington-dc/food-delivery/little-chef-asian-kitchen/cGaM2FeuQR2HazYsg52U9g,springfield-virginia
https://www.ubereats.com/washington-dc/food-delivery/moby-dick-house-of-kabob-fairfax/pcD_FO9VRsGcmCX7Bwa6tw,springfield-virginia
https://www.ubereats.com/washington-dc/food-delivery/starbucks-pinecrest/dsA3lFYfQyGeTT2HHLGqeA,springfield-virginia
https://www.ubereats.com/washington-dc/food-delivery/the-ice-cream-shop/EJ3WVoTjQE22-1nxXWQMfg,springfield-virginia
https://www.ubereats.com/washington-dc/food-delivery/dunkin-7001-manchester-blvd/Nogzv5_4Ql25MPMRIS9fPA,springfield-virginia
https://www.ubereats.com/washington-dc/food-delivery/ga-bo-ja-restaurant-annandale/cthhsFcPQDifZrAvVaeU2g,springfield-virginia
https://www.ubereats.com/washington-dc/food-delivery/mcdonalds-arlgtn-wilson/9Z13TG9cSFSCWRH_MSqAtA,springfield-virginia
https://www.ubereats.com/washington-dc/food-delivery/starbucks-bradlee-center/yaNfhr6WR2y8Au0ALUx3EA,springfield-virginia
https://www.ubereats.com/washington-dc/food-delivery/tgi-fridays-119-springfield-va/qrWSSN-uT7emJVRpz6byKA,springfield-virginia
https://www.ubereats.com/washington-dc/food-delivery/popeyes-annandale/lFEsfhcVQ22hvyRG9BFaAw,springfield-virginia
https://www.ubereats.com/washington-dc/food-delivery/austin-grill/B8Ky5Nr8Q9C5w1rFc-bZ1Q,springfield-virginia
https://www.ubereats.com/washington-dc/food-delivery/asian-wok-cafe/cls9aRHgSGeZKvA0M49XSw,springfield-virginia
https://www.ubereats.com/washington-dc/food-delivery/i-heart-salads-fairfax/5_zEquZoRviIm_FWxArgcA,springfield-virginia
https://www.ubereats.com/washington-dc/food-delivery/starbucks-mt-vernon-plaza/361udYrDQdOxUf1MssT-8w,springfield-virginia
https://www.ubereats.com/washington-dc/food-delivery/jersey-mikes-subs-2954-prince-william-parkway/f-09IUBtQquoA6_FbkbnWg,springfield-virginia
https://www.ubereats.com/washington-dc/food-delivery/pho-duong-main-st/S4jmyETZTUuWgH6e9hJFfA,springfield-virginia
https://www.ubereats.com/washington-dc/food-delivery/casa-tequila-bar-%26-grill-alexandria/YfsR5IKrSOaK32b_eex-MQ,springfield-virginia
https://www.ubereats.com/washington-dc/food-delivery/jukebox-diner-annandale/d__TPmq0QrKLxFhedaj6yg,springfield-virginia
https://www.ubereats.com/washington-dc/food-delivery/starbucks-arlington-ridge/CdzGtd9qT7ODre5IBmFC-A,springfield-virginia
https://www.ubereats.com/washington-dc/food-delivery/elevation-burger-fairfax/tMAhsAqiScyTpHVk7_DRHw,springfield-virginia
https://www.ubereats.com/washington-dc/food-delivery/lebanese-bistro/XBtWEDNkSXataQAO7LeNLw,springfield-virginia
https://www.ubereats.com/washington-dc/food-delivery/china-star-restaurant/YOY1HDIJQ3uK8VScnBY5oQ,springfield-virginia
https://www.ubereats.com/washington-dc/food-delivery/eisenhower-cafe/2i1ATUZySa6FNdlqvBCI6Q,springfield-virginia
https://www.ubereats.com/washington-dc/food-delivery/china-house-shirlington/EZIeNnqPSU6VmNHISfVTmQ,springfield-virginia
https://www.ubereats.com/washington-dc/food-delivery/villa-bella-italian-restaurant-burke/nxv_HtqVSc2PVJWAz9pf2Q,springfield-virginia
https://www.ubereats.com/washington-dc/food-delivery/ravi-kabob-house-arlington/o2G4XkcySXSCvmQYIRusxA,springfield-virginia
https://www.ubereats.com/washington-dc/food-delivery/bertuccis-springfield/Aeq75Fc5SjiZ-XXlbRzJZg,springfield-virginia
https://www.ubereats.com/washington-dc/food-delivery/bistro-sancerre/--6YeH82SBqSpn6DFvLoYA,springfield-virginia
https://www.ubereats.com/washington-dc/food-delivery/kfc-taco-bell-9402-old-burke-lake-rd/xTJVWHRnRQq0cr_Lek77uA,springfield-virginia
https://www.ubereats.com/washington-dc/food-delivery/sang-rok-soo/iZTDf862QPSiLGS3m-tqRw,springfield-virginia
https://www.ubereats.com/washington-dc/food-delivery/senor-tequilas-fairfax/a5vwoHWiQzmAp6nNFQYC-w,springfield-virginia
https://www.ubereats.com/washington-dc/food-delivery/starbucks-burke-commons/HldWgdGVTmWS0u6utZ42vA,springfield-virginia
https://www.ubereats.com/washington-dc/food-delivery/makeda-ethiopian-restaurant/vcqmTGU3SNGwXUhSmgRtkA,springfield-virginia
https://www.ubereats.com/washington-dc/food-delivery/stone-hot-pizza-alexandria/J0ggU2mER0eHmvnb7ulAzw,springfield-virginia
https://www.ubereats.com/washington-dc/food-delivery/afghan-bistro/alwNonK5TQyl7FdpdK4jpQ,springfield-virginia
https://www.ubereats.com/washington-dc/food-delivery/subway-5601-general-washington-dr/bb15DAMgQTemr3S_qmFKwQ,springfield-virginia
https://www.ubereats.com/washington-dc/food-delivery/new-york-pizza-factory-fairfax/41YnUXIZTSuuAkSneQacig,springfield-virginia
https://www.ubereats.com/washington-dc/food-delivery/royal-burger/R9RCzwpnRUiv3pQ_1ucpfA,springfield-virginia
https://www.ubereats.com/washington-dc/food-delivery/bob-%26-ediths-diner-alexandria/byu0Vm4FSpaRddkbXIG4DA,springfield-virginia
https://www.ubereats.com/washington-dc/food-delivery/krispy-kreme-richmond-hwy-%26-fairview-dr/Tyq5w0dyQCy6tduejMsvEA,springfield-virginia
https://www.ubereats.com/washington-dc/food-delivery/savios-restaurant/Mxq2P16HQlKgbLoXsL1Fdw,springfield-virginia
https://www.ubereats.com/washington-dc/food-delivery/wendys-3040-gate-house-plza/HIxf-Ot-RjqpqoUN9voKNA,springfield-virginia
https://www.ubereats.com/washington-dc/food-delivery/starbucks-532-king-street/n4eFD-8RReeU09fDcMKkvw,springfield-virginia
https://www.ubereats.com/washington-dc/food-delivery/noodles-%26-company-7702-b-richmond-hwy-ste-a/7RCsPak2QfyJRKQWRXX4qg,springfield-virginia
https://www.ubereats.com/washington-dc/food-delivery/china-garden/-wui-XznRpu1EJlAudS5XA,springfield-virginia
https://www.ubereats.com/washington-dc/food-delivery/mcdonalds-8735-richmond-highway/lWjBZbXqShKryJuJtAkNMw,springfield-virginia
https://www.ubereats.com/washington-dc/food-delivery/outback-steakhouse-9579-braddock-road/MnAZK8xPS1S34XbXIQCllA,springfield-virginia
https://www.ubereats.com/washington-dc/food-delivery/mcdonalds-pan-am-s-c/Md7JL6rqRMe_DC0KQlvPNg,springfield-virginia
https://www.ubereats.com/washington-dc/food-delivery/moes-peyton-place/ozhzRcvBTu-yUiN8rS8xpA,springfield-virginia
https://www.ubereats.com/washington-dc/food-delivery/taco-and-pina/QY-Aiea7RP6KbRjEO36AAA,springfield-virginia
https://www.ubereats.com/washington-dc/food-delivery/light-house-tofu-vit-goel-tofu/eykOAKkHQUGZL4km_aGDSg,springfield-virginia
https://www.ubereats.com/washington-dc/food-delivery/fratelli-alexandria/ulj7vZ_6RzKuaYg2baj9oA,springfield-virginia
https://www.ubereats.com/washington-dc/food-delivery/laportas-restaurant/gV3tOYGCRDC45p1XtS4CSQ,springfield-virginia
https://www.ubereats.com/washington-dc/food-delivery/va-kabob-house/YivAiN8PTtC8kwit9-wMWA,springfield-virginia
https://www.ubereats.com/washington-dc/food-delivery/cold-stone-creamery-7702b-richmond-hwy/c2kJ-ZDbShO-lgCufM8rrg,springfield-virginia
https://www.ubereats.com/washington-dc/food-delivery/pho-hai-duong-annandale/YGUCOCGRR4qaIFE6tcD99A,springfield-virginia
https://www.ubereats.com/washington-dc/food-delivery/italian-gourmet-deli-alexandria/jV3dOn28ReOp7RDXKcmRbA,springfield-virginia
https://www.ubereats.com/washington-dc/food-delivery/taco-baja-falls-church/Uxy-qnu8Som4DrS4tuWjGg,springfield-virginia
https://www.ubereats.com/washington-dc/food-delivery/nandos-peri-peri-702-king-street/GG8ZTaNjQeOzT1qa6c_QTw,springfield-virginia
https://www.ubereats.com/washington-dc/food-delivery/zaytoon-wings/menGAVxhQ7i7iyI6OGL2_Q,springfield-virginia
https://www.ubereats.com/washington-dc/food-delivery/panda-express-6477-old-beulah-st/9sTp05p6RfiXq-jqQdFK4w,springfield-virginia
https://www.ubereats.com/washington-dc/food-delivery/mumbai-darbar-alexandria/xR1N5BjbR-SxFcr9E6QiZQ,springfield-virginia
https://www.ubereats.com/washington-dc/food-delivery/calabash-african-cuisine-%26-bar/XxghOhBMSJ-5DNPZalHjrw,springfield-virginia
https://www.ubereats.com/washington-dc/food-delivery/indaroma/78puZdKTRg2s_XTbmoogzA,springfield-virginia
https://www.ubereats.com/washington-dc/food-delivery/dunes-dishes/VRLRC3y6Qk-yjaoP5qNPPA,springfield-virginia
https://www.ubereats.com/washington-dc/food-delivery/sophies-dough/i-xVDaYYSvGHchUOn8Myuw,springfield-virginia
https://www.ubereats.com/washington-dc/food-delivery/thai-cafe/8XHRAVeyQfyattfLJ-F-sA,springfield-virginia
https://www.ubereats.com/washington-dc/food-delivery/pupuseria-mana/y8lMTASyRPCU3zxDuGiWgQ,springfield-virginia
https://www.ubereats.com/washington-dc/food-delivery/chuck-e-cheese-9404-main-st/NthWTL6_SuqaNQG0Y4zyog,springfield-virginia
https://www.ubereats.com/washington-dc/food-delivery/dunkin-6699-frontier-dr/GC-xLliRSyyPdsG8C_ZS3A,springfield-virginia
https://www.ubereats.com/washington-dc/food-delivery/ihop-burke/3lsdcU8rT8SsO6xAA8Or9w,springfield-virginia
https://www.ubereats.com/washington-dc/food-delivery/grove/Ocy8Pu2AT_G88buhYq3nxg,springfield-virginia
https://www.ubereats.com/washington-dc/food-delivery/taste-of-beijing/GCcWWgmkTYC7TjlRcKYCUA,springfield-virginia
https://www.ubereats.com/washington-dc/food-delivery/starbucks-bradlick-shopping-center/BmmapVrKSiGt_o3hMlqhMw,springfield-virginia
https://www.ubereats.com/washington-dc/food-delivery/ajs-pizza-%26cheesesteak/1JykKFDJTT2w-wsvkO5s3g,springfield-virginia
https://www.ubereats.com/washington-dc/food-delivery/loopys-eatery/52p1xrhlSmybh7LSNLxanA,springfield-virginia
https://www.ubereats.com/washington-dc/food-delivery/viva-pizza/S7_2_INXQPKfBKT1a-MO1w,springfield-virginia
https://www.ubereats.com/washington-dc/food-delivery/cava-4513-duke-street/DSPtpp2DSYiyoVs_IsvPYg,springfield-virginia
https://www.ubereats.com/washington-dc/food-delivery/alexandria-pastry-shop/pS8GNSH2QZCR4ySFLCpdpQ,springfield-virginia
https://www.ubereats.com/washington-dc/food-delivery/chipotle-mexican-grill-6500-springfield-mall-ste-6741/YMokXbHfSFqR4f2pSpVM2Q,springfield-virginia
https://www.ubereats.com/washington-dc/food-delivery/ornery-beer-company/qHSdnfMlQ2eP-7y_bZkzEg,springfield-virginia
https://www.ubereats.com/washington-dc/food-delivery/monster-tea-%26-heebeen-restaurant/Hn8f2fiJTQiJe5WO2rBnNw,springfield-virginia
https://www.ubereats.com/washington-dc/food-delivery/thai-ghang-waan/7_bq3SOgSGeuzyzzTWIqHg,springfield-virginia
https://www.ubereats.com/washington-dc/food-delivery/kabob-zone/NLx1zAHkQqqsFOtI9pkxWA,springfield-virginia
https://www.ubereats.com/washington-dc/food-delivery/mount-olive-restaurant/hoOCrXMhSieaf-LSp-kSfQ,springfield-virginia
https://www.ubereats.com/washington-dc/food-delivery/el-habanero/0DF2ZsE9Qcep77SuD2KDCg,springfield-virginia
https://www.ubereats.com/washington-dc/food-delivery/wendys-6056-burke-commons-road/f0qXgeM6TbmgXUKkuHXe1g,springfield-virginia
https://www.ubereats.com/washington-dc/food-delivery/tea-do/loa62qwzSy6zq9dQwI8y9A,springfield-virginia
https://www.ubereats.com/washington-dc/food-delivery/dice-burger/qoQrtjO5QKqKEDRTPL66PQ,springfield-virginia
https://www.ubereats.com/washington-dc/food-delivery/marumen-fairfax/d9lzvqIyRfa2J97KXyM_4Q,springfield-virginia
https://www.ubereats.com/washington-dc/food-delivery/bozzellis-newington/NJl3ecSpTUqLWLJmw6ymVg,springfield-virginia
https://www.ubereats.com/washington-dc/food-delivery/mcdonalds-lee-hwy-arlingtn/hkEAhfhBR0Otbe3wdyEPaQ,springfield-virginia
https://www.ubereats.com/washington-dc/food-delivery/potbelly-sandwich-shop-fairfax-old-town-%7C-163/qM-_-TKKRQWcVYd5EkeY1w,springfield-virginia
https://www.ubereats.com/washington-dc/food-delivery/ihop-7784-gunston-plaza-drive/2RvNFmToQTm_BzOhD6Altw,springfield-virginia
https://www.ubereats.com/washington-dc/food-delivery/village-chicken/x-x6tcvYQ_a7cK-er-jjow,springfield-virginia
https://www.ubereats.com/washington-dc/food-delivery/wendys-229-south-van-dorn-st/2G8RgWyiQ8qII4uo5ICJYg,springfield-virginia
https://www.ubereats.com/washington-dc/food-delivery/pho-kim-restaurant/vZGIteoGRWC5rxS2PPimUQ,springfield-virginia
https://www.ubereats.com/washington-dc/food-delivery/dunkin-7710-telegraph-rd/h4Fdo00AQZamXulxVNsjAg,springfield-virginia
https://www.ubereats.com/washington-dc/food-delivery/taiko-sushi/WdPggl0NRh-7k3ZboqNVsQ,springfield-virginia
https://www.ubereats.com/washington-dc/food-delivery/district-bbq-washington/TupyMnpSQNKZS03na3pAFA,springfield-virginia
https://www.ubereats.com/washington-dc/food-delivery/potbelly-sandwich-shop-alexandria-va-%7C-406/tE1A4b5dQVC1bcxNQNQIIQ,springfield-virginia
https://www.ubereats.com/washington-dc/food-delivery/wendys-8101-loisdale-rd/IEs5icrISn-zznTELStvTg,springfield-virginia
https://www.ubereats.com/washington-dc/food-delivery/saravana-palace/SMrclQBxQp-lKO8Gaux55Q,springfield-virginia
https://www.ubereats.com/washington-dc/food-delivery/jersey-mikes-subs-3282-old-bridge-road/0sKyh36vSXOWKo8RTWu-kA,springfield-virginia
https://www.ubereats.com/washington-dc/food-delivery/royal-palace-kabob/2GL4SuypTiSUMpkb_2HjsA,springfield-virginia
https://www.ubereats.com/washington-dc/food-delivery/dunkin-6800-commerce-st/69LTG4FATU2TSXrlyrlUJw,springfield-virginia
https://www.ubereats.com/washington-dc/food-delivery/chef-huang-restaurant/KB-CmnC7QHyGsue3GXT0Lg,springfield-virginia
https://www.ubereats.com/washington-dc/food-delivery/pizza-bolis-woodbridge/3KnyB7M1RcSS9WT-NGyR4w,springfield-virginia
https://www.ubereats.com/washington-dc/food-delivery/margaritas-grill-burke/L-J4c6pwTyemfIgDFA4RJA,springfield-virginia
https://www.ubereats.com/washington-dc/food-delivery/hard-times-cafe-springfield/yKCovDjsSgOjHdKjixZs3g,springfield-virginia
https://www.ubereats.com/washington-dc/food-delivery/silverado-annandale/CHaKFHa6QKqD3ArCnrVhQg,springfield-virginia
https://www.ubereats.com/washington-dc/food-delivery/panda-express-7040-old-keene-mill-rd/pavlNPLAQAiFCwvHvdJJzA,springfield-virginia
https://www.ubereats.com/washington-dc/food-delivery/pokeworks-annandale/Q6qh6vJyQfu4LRqrlfYVcQ,springfield-virginia
https://www.ubereats.com/washington-dc/food-delivery/thien-kim-restaurant/2d2fhNs_TLOsYsLz1K6srg,springfield-virginia
https://www.ubereats.com/washington-dc/food-delivery/harmony-wraps/zAAhzEJmR2qRNcqILGV9ig,springfield-virginia
https://www.ubereats.com/washington-dc/food-delivery/five-guys-va-0684-8130-arlington-blvd/aB6yncz1QmKixVoqpToFpg,springfield-virginia
https://www.ubereats.com/washington-dc/food-delivery/kokee-tea-springfield-town-center/_M-kdNZ1QgClNBklC2kNpA,springfield-virginia
https://www.ubereats.com/washington-dc/food-delivery/mandurangkimbap/ru8fPFLqQ2aIAHV8-op94A,springfield-virginia
https://www.ubereats.com/washington-dc/food-delivery/joong-hwa-won-restaurant/442S5qnMTCu--FoWp6SKLQ,springfield-virginia
https://www.ubereats.com/washington-dc/food-delivery/monster-tea/RIrMDCQHS7WiFoJXcQAwFg,springfield-virginia
https://www.ubereats.com/washington-dc/food-delivery/b*tch-dont-grill-my-cheese/w_OjJBkxQ5ye329v02-nzQ,springfield-virginia
https://www.ubereats.com/washington-dc/food-delivery/casa-blanca-restaurant/NompEtMhTZSjIoKVykh-Ug,springfield-virginia
https://www.ubereats.com/washington-dc/food-delivery/brew-republic-bierwerks/8Z3H35LMRM--Z9xSURFxcA,springfield-virginia
https://www.ubereats.com/washington-dc/food-delivery/om-pasta-bar/3702TbYqRA6yHyuUWnd52w,springfield-virginia
https://www.ubereats.com/washington-dc/food-delivery/dunkin-4653-duke-st/MIC-sclwQ4GWuIFSGQi2yA,springfield-virginia
https://www.ubereats.com/washington-dc/food-delivery/sprinkles-georgetown/qDOz7qVPQS-eCox3xkEc3A,springfield-virginia
https://www.ubereats.com/washington-dc/food-delivery/mcdonalds-alex-n-hnry-roys/aqnjww2OSSKx7V93C69tBg,springfield-virginia
https://www.ubereats.com/washington-dc/food-delivery/third-base-pizza-and-frozen-custard-parlor/iK00LfldSWqi-HZJEpZohg,springfield-virginia
https://www.ubereats.com/washington-dc/food-delivery/kfc-taco-bell-5890-kingstowne-center/W9hubBdGTYGz4ggoSv1stw,springfield-virginia
https://www.ubereats.com/washington-dc/food-delivery/tropical-smoothie-cafe-12528-dillingham-square-suite-16/b7qhGJ17T9Ckh4GU33smQw,springfield-virginia
https://www.ubereats.com/washington-dc/food-delivery/cafe-aurora-alexandria/fxC21vsoTSqdEm4DKkg2qA,springfield-virginia
https://www.ubereats.com/washington-dc/food-delivery/uno-pizzeria-%26-grill-kingstowne/0PKuQ8f1TOqnpD96cbMfjg,springfield-virginia
https://www.ubereats.com/washington-dc/food-delivery/asian-grill/RPnXfKXfQnaGjrB6nYmwuQ,springfield-virginia
https://www.ubereats.com/washington-dc/food-delivery/sweet-leaf-maple-vienna/zu2uojwCTx2IeRWIuHL73Q,springfield-virginia
https://www.ubereats.com/washington-dc/food-delivery/frito-chicken/nAyQViShSBKiA3it62i3CQ,springfield-virginia
https://www.ubereats.com/washington-dc/food-delivery/bgr-the-burger-joint-springfield/MJKQUrtcTSmY6CviJd05HQ,springfield-virginia
https://www.ubereats.com/washington-dc/food-delivery/cava-11046-lee-highway-unit-%232/xm5b0mBvTa-a1Hc_9TNuAg,springfield-virginia
https://www.ubereats.com/washington-dc/food-delivery/anitas-new-mexico-style-mexican-food-burke/VhHj4rSSRamX5aHJc3ZnrQ,springfield-virginia
https://www.ubereats.com/washington-dc/food-delivery/curry-n-tandoori/JgXgw5ePRjGBSKXS6GlZGg,springfield-virginia
https://www.ubereats.com/washington-dc/food-delivery/silver-diner-merrifield/vafyxZdeQPGiUca69iKTgQ,springfield-virginia
https://www.ubereats.com/washington-dc/food-delivery/shineys-sweets/5wTxPbjXRMi99Sw3CAocUA,springfield-virginia
https://www.ubereats.com/washington-dc/food-delivery/first-watch-fairfax/YV_sU74zTQmN26wiRiEMzw,springfield-virginia
https://www.ubereats.com/washington-dc/food-delivery/smokey-bones-woodbridge/ugMynn7lRNub88NRozpmHw,springfield-virginia
https://www.ubereats.com/washington-dc/food-delivery/cold-stone-creamery-8190-strawberry-lane/87mqVUt3RGOPKBzAgsBCYA,springfield-virginia
https://www.ubereats.com/washington-dc/food-delivery/jersey-mikes-subs-7000b-brookfield-plaza/DNhEZp7-T1ygRhvn8q3Ixg,springfield-virginia
https://www.ubereats.com/washington-dc/food-delivery/pizza-%26-gyro/8UizQNHDSpK-Kq_YbQ-cxA,springfield-virginia
https://www.ubereats.com/washington-dc/food-delivery/qdoba-mexican-eats-5872-crossroads-ctr/T94A2Gq4SMi6oM_YZAd1Bw,springfield-virginia
https://www.ubereats.com/washington-dc/food-delivery/chicken-loco-annandale/hORnZabdTj2pUdotzLDyfA,springfield-virginia
https://www.ubereats.com/washington-dc/food-delivery/vocelli-pizza-7395-j-lee-hwy/OEvMxQKuQyOYM8WFueRiPw,springfield-virginia
https://www.ubereats.com/washington-dc/food-delivery/asian-star-cafe/p2IdYwUpQpikdKw6n9Jm9A,springfield-virginia
https://www.ubereats.com/washington-dc/food-delivery/jersey-mikes-subs-7732-d-richmond-highway/YQOOLTNXS0yLt4ikP22kIg,springfield-virginia
https://www.ubereats.com/washington-dc/food-delivery/wing-zone-fairfax/c7PJBOfJSpWY_e92K_sEbA,springfield-virginia
https://www.ubereats.com/washington-dc/food-delivery/subway-7263-arlington-blvd/dJ11qFS8QOaS-0IMu_4bBg,springfield-virginia
https://www.ubereats.com/washington-dc/food-delivery/royal-restaurant-old-town-alexandria/BhEpOiUoRkKHbzV6hABSrA,springfield-virginia
https://www.ubereats.com/washington-dc/food-delivery/chipotle-mexican-grill-8191-strawberry-ln/p3D1E6KITAe_x1wIy1Na8w,springfield-virginia
https://www.ubereats.com/washington-dc/food-delivery/starbucks-penrose-square-columbia-pike/NLfyU_ieSaSjszwQl1u80A,springfield-virginia
https://www.ubereats.com/washington-dc/food-delivery/sugar-palm-thai-restaurant/9hJRDMBnRMGzjr3Fu5IAkQ,springfield-virginia
https://www.ubereats.com/washington-dc/food-delivery/grind-n-crepe/GcpFEVh2SwqzKNnR-zVXyw,springfield-virginia
https://www.ubereats.com/washington-dc/food-delivery/aroma-cafe/GsV6W-dERRevBkPjPSaUjw,springfield-virginia
https://www.ubereats.com/washington-dc/food-delivery/moby-dick-house-of-kabob-springfield/ZoW_WERhSY-m-vbXOhPAIQ,springfield-virginia
https://www.ubereats.com/washington-dc/food-delivery/ines-place/VWbBFhqNRyCuaJBzCNKuww,springfield-virginia
https://www.ubereats.com/washington-dc/food-delivery/spartans-family-restaurant-burke/O5niVLb0TLStTaQSN9x0YA,springfield-virginia
https://www.ubereats.com/washington-dc/food-delivery/dos-amigos/rdoHDswyRr245Bs9oeEBzw,springfield-virginia
https://www.ubereats.com/washington-dc/food-delivery/pho-saigon-oi/-RkxJGrfSquMRIOwtU_zFQ,springfield-virginia
https://www.ubereats.com/washington-dc/food-delivery/noodles-%26-company-13900-shoppers-best-way/JErPJQarRAylwXnXU856bw,springfield-virginia
https://www.ubereats.com/washington-dc/food-delivery/zeitoun/StlJmNVdSmanqMHSnHr_xg,springfield-virginia
https://www.ubereats.com/washington-dc/food-delivery/king-pollo/Eg7CXQn_Rgq9XbKSEB8X5A,springfield-virginia
https://www.ubereats.com/washington-dc/food-delivery/wing-squad-springfield/HyQzFHDtTFinH_SR0v73wQ,springfield-virginia
https://www.ubereats.com/washington-dc/food-delivery/mcdonalds-rose-hill/MNb52nwJQsqHb2yoKKzW_A,springfield-virginia
https://www.ubereats.com/washington-dc/food-delivery/french-and-southern/oRC2zXC4Tm-OFxDyO9STuQ,springfield-virginia
https://www.ubereats.com/washington-dc/food-delivery/allis-restaurant/dFhlCavYSEKrc90L6Pec-Q,springfield-virginia
https://www.ubereats.com/washington-dc/food-delivery/the-rub/itoXbrIwTUuVJDHd6UA12Q,springfield-virginia
https://www.ubereats.com/washington-dc/food-delivery/olympians-family-restaurant-alexandria/kVxaUQK1RmqsGGAisOi02w,springfield-virginia
https://www.ubereats.com/washington-dc/food-delivery/ojos-taqueria/n2OaJ0j3S32Pj4lDwslA0A,springfield-virginia
https://www.ubereats.com/washington-dc/food-delivery/yindee-thai-restaurant-springfield/3NU7U-SbQaGUethwK5bbdw,springfield-virginia
https://www.ubereats.com/washington-dc/food-delivery/hunan-delight/8hd-yBWFSIySe5sDk7E5gg,springfield-virginia
https://www.ubereats.com/washington-dc/food-delivery/mezeh-springfield-mall/oeN_AlwzQ5WVTofAHTw63w,springfield-virginia
https://www.ubereats.com/washington-dc/food-delivery/king-pollo-alexandria/NVkhgQS0RRibOFmtQk6-_w,springfield-virginia
https://www.ubereats.com/washington-dc/food-delivery/starbucks-kingstowne/i0fq4pPOQkuJxSuOk41Cxg,springfield-virginia
https://www.ubereats.com/washington-dc/food-delivery/delias-pizzeria-%26-grille/-YjwDSyUQX-EBGH4oGNijw,springfield-virginia
https://www.ubereats.com/washington-dc/food-delivery/dunkin-7645-fordson-rd/37kR8sLeSsmETZfK1SAnOA,springfield-virginia
https://www.ubereats.com/washington-dc/food-delivery/pit-house/tDJYzftPQZuoHI196BFTEA,springfield-virginia
https://www.ubereats.com/washington-dc/food-delivery/chipotle-mexican-grill-9506-main-st-no-22b/OMgTyeAnSh6lsv0CsNJ5oQ,springfield-virginia
https://www.ubereats.com/washington-dc/food-delivery/trademark-drink-and-eat/2dEgI9iGQ7mvJvcnOaaA1g,springfield-virginia
https://www.ubereats.com/washington-dc/food-delivery/baja-fresh/CKIm3suwSsS-h_FaKtlZWg,springfield-virginia
https://www.ubereats.com/washington-dc/food-delivery/best-buns-springfield/oerQaoceQuWfgh-6aCQ_SQ,springfield-virginia
https://www.ubereats.com/washington-dc/food-delivery/golden-lily/lLBmX47VRq-KvgC2lwk36g,springfield-virginia
https://www.ubereats.com/washington-dc/food-delivery/dera-restaurant/LCd0DYQGQ6ehQDYeV8zgFA,springfield-virginia
https://www.ubereats.com/washington-dc/food-delivery/subway-7525-huntsman-blvd/uzOWSnoeQoK73RThWPpHzg,springfield-virginia
https://www.ubereats.com/washington-dc/food-delivery/manginos-pizzeria/cMbRUpIkRXWgCt0aiKyLHw,springfield-virginia
https://www.ubereats.com/washington-dc/food-delivery/wendys-7391-lee-highway/jkIhn3jWRMKYGrO0EKQwmA,springfield-virginia
https://www.ubereats.com/washington-dc/food-delivery/springfield-noodle-kitchen/YbXTbSk2TBKHDk4UxN93sQ,springfield-virginia
https://www.ubereats.com/washington-dc/food-delivery/district-wings/EjLUsLrCQiibVsm9mgQGbQ,springfield-virginia
https://www.ubereats.com/washington-dc/food-delivery/yummy-kabob-annandale/Fq6Zk18QRLqlJYH8ljSrYQ,springfield-virginia
https://www.ubereats.com/washington-dc/food-delivery/momo-and-poke/jfO3VsUkTQCszrEPuptNkw,springfield-virginia
https://www.ubereats.com/washington-dc/food-delivery/mcalisters-deli-7704-richmond-hwy/FNw-0ZsNTye5T5vCEL39EQ,springfield-virginia
https://www.ubereats.com/washington-dc/food-delivery/subway-6711-spring-mall-rd/uG_eIgJASSOOM8I5K-o1AQ,springfield-virginia
https://www.ubereats.com/washington-dc/food-delivery/niralla-restaurant/mQP8JWwaSs-fn3p2K8RryQ,springfield-virginia
https://www.ubereats.com/washington-dc/food-delivery/starbucks-saratoga-shopping-center/arK3w2bTRAawi9fk4-76ww,springfield-virginia
https://www.ubereats.com/washington-dc/food-delivery/arbys-4817-beauregard-st/sO6e5_wFR1u35ijjpRKfPw,springfield-virginia
https://www.ubereats.com/washington-dc/food-delivery/ajs-pizza-cheesesteak/i18G_oFeR-W8PyfawRMvcQ,springfield-virginia
https://www.ubereats.com/washington-dc/food-delivery/subway-6415-shiplett-blvd/SRon6MblRGilDTFIKVsiLw,springfield-virginia
https://www.ubereats.com/washington-dc/food-delivery/wooden-bakery-cafe-vienna/ioLwg2xDSm2N6-tghVt81A,springfield-virginia
https://www.ubereats.com/washington-dc/food-delivery/mcdonalds-industrial-x-roy/uUuWmwWgT7CjIHQh7YDd7w,springfield-virginia
https://www.ubereats.com/washington-dc/food-delivery/rice-pot-asian-cuisine-annandale/aeGGvXMtSoqVKWuKubiyEQ,springfield-virginia
https://www.ubereats.com/washington-dc/food-delivery/giardino-italian-restaurant/BcGGG2HBQwuinHXvgAUMhw,springfield-virginia
https://www.ubereats.com/washington-dc/food-delivery/kfc-7521-richmond-hwy/tXE0tpZCQoKIh25P_sZ4bQ,springfield-virginia
https://www.ubereats.com/washington-dc/food-delivery/kumo-kitchen/SKyYkNQuTlacrNVWIDi2oA,springfield-virginia
https://www.ubereats.com/washington-dc/food-delivery/wendys-1470-old-bridge-rd/RaWXsG0fQ6qPWaReOf_ewQ,springfield-virginia
https://www.ubereats.com/washington-dc/food-delivery/taco-bell-4248-dale-blvd/KrXDq7A5QfKTKT-otWHVLw,springfield-virginia
https://www.ubereats.com/washington-dc/food-delivery/viva-tequila-restaurant/RsvjJW7uQOiPXeIvu64Nqg,springfield-virginia
https://www.ubereats.com/washington-dc/food-delivery/the-ice-cream-shop/qEHUTVjOTTqwDcltsoGOGg,springfield-virginia
https://www.ubereats.com/washington-dc/food-delivery/grill-kabob-express/BlefiOb2Ty2qQKEXwbSg8w,springfield-virginia
https://www.ubereats.com/washington-dc/food-delivery/potbelly-sandwich-shop-alexandria-patent-office-%7C-182/OBNHlEHARGan84Br2xQcKw,springfield-virginia
https://www.ubereats.com/washington-dc/food-delivery/pho-saigon-75/TeB3E8xMRUevSffI-fcVRw,springfield-virginia
https://www.ubereats.com/washington-dc/food-delivery/raaga-tandoor/SzBL_qBDSr6YIXDUqELpyQ,springfield-virginia
https://www.ubereats.com/washington-dc/food-delivery/potbelly-sandwich-shop-springfield-va-%7C-388/cG4KWTzKR-WebRdHwz2rEQ,springfield-virginia
https://www.ubereats.com/washington-dc/food-delivery/bangkok-golden-thai-restaurant/QF1ixvsBSgmWDoTBgfr4Zw,springfield-virginia
https://www.ubereats.com/washington-dc/food-delivery/mcdonalds-columbia-pike/mZuQB8QLRr6T_VaRn2gLBw,springfield-virginia
https://www.ubereats.com/washington-dc/food-delivery/hamrocks-restaurant/sEzxutv4T4CpiSdtrjttaA,springfield-virginia
https://www.ubereats.com/washington-dc/food-delivery/marib-restaurant-springfield/R20w1AYaTEmNyiSgaMxdqw,springfield-virginia
https://www.ubereats.com/washington-dc/food-delivery/kfc-1307-devils-reach-rd/CeEJCovCS5yoF2dZm_CwJw,springfield-virginia
https://www.ubereats.com/washington-dc/food-delivery/toppers-pizza-alexandria-groveton/a5Lfa4kCSISrTUMxU-tcMA,springfield-virginia
https://www.ubereats.com/washington-dc/food-delivery/best-buns-annandale/K6Nn4DqoRuCyfNPnDONGfw,springfield-virginia
https://www.ubereats.com/washington-dc/food-delivery/asian-joint/GxwREL_HSjuNRPnKGiavvA,springfield-virginia
https://www.ubereats.com/washington-dc/food-delivery/ihop-6206-interparcel-road/ruZPlaA_RqS1cq5qFqpyRA,springfield-virginia
https://www.ubereats.com/washington-dc/food-delivery/vegan-bistro-vr/KY8X_M2nQDCQe8UjI2HQ1g,springfield-virginia
https://www.ubereats.com/washington-dc/food-delivery/vocelli-pizza-5765-h-burke-centre-parkway/aX9CxwbQSlKQSqsvWT40Aw,springfield-virginia
https://www.ubereats.com/washington-dc/food-delivery/mcdonalds-alexand-glebe/cL6rBQtCQjCpR3_iwL0SYA,springfield-virginia
https://www.ubereats.com/washington-dc/food-delivery/hong-kong-cafe/pzOACRs2SWO2CBqIWSEAXA,springfield-virginia
https://www.ubereats.com/washington-dc/food-delivery/starbucks-pan-am-shopping-center/9vcV0olrTW6jTzK7mmbLyA,springfield-virginia
https://www.ubereats.com/washington-dc/food-delivery/uncle-lius-hot-pot-%E4%B9%A1%E5%91%B3%E5%B0%8F%E5%8E%A8/TGsKRY2eTxW3JWmp3PAyOA,springfield-virginia
https://www.ubereats.com/washington-dc/food-delivery/tropical-smoothie-cafe-landsdowne-centre/Kx-hriutRxWfp-5XmkEuIQ,springfield-virginia
https://www.ubereats.com/washington-dc/food-delivery/shawarma-guys-alexandria/XkzbZIIqSV201Mqy0MMNRw,springfield-virginia
https://www.ubereats.com/washington-dc/food-delivery/le-bledo/cHXx6HFPST6tu6yx_gE07g,springfield-virginia
https://www.ubereats.com/washington-dc/food-delivery/medi-mediterranean-grill-old-town-alexandria/OT2XD1_KRHy3vCzWHNXGVg,springfield-virginia
https://www.ubereats.com/washington-dc/food-delivery/mcdonalds-old-keene-mill/BYWZiwKnRrieg2KP6pdpYg,springfield-virginia
https://www.ubereats.com/washington-dc/food-delivery/luckys-sports-theatre-%26-grill/cMh3aZbfRcOxuph4zCHPqQ,springfield-virginia
https://www.ubereats.com/washington-dc/food-delivery/silver-diner-springfield/SWDdLJISTRW6nsTUysmizA,springfield-virginia
https://www.ubereats.com/washington-dc/food-delivery/delicioso-annandale/Lf0XBl6pRWeIHKLwu2-d1Q,springfield-virginia
https://www.ubereats.com/washington-dc/food-delivery/heritage-cafe/sGVRK9fcTJu25jWmEuJZkQ,springfield-virginia
https://www.ubereats.com/washington-dc/food-delivery/the-light-horse-old-town-alexandria/a4ha7_wRQlSH3nQCfMlIrQ,springfield-virginia
https://www.ubereats.com/washington-dc/food-delivery/china-wok/8TXmym-cQLmN6Q70fxJp6w,springfield-virginia
https://www.ubereats.com/washington-dc/food-delivery/mediterranean-gourmet-market/DJnpE-xvS9-JIAW_tfNbPQ,springfield-virginia
https://www.ubereats.com/washington-dc/food-delivery/mcdonalds-6729-arlington-blvd/D0AJoGwFQCme-m4BA9nJrQ,springfield-virginia
https://www.ubereats.com/washington-dc/food-delivery/firehouse-subs-5900-kingstowne-center/DKoW_UJGQMmd4Dz26FIWnQ,springfield-virginia
https://www.ubereats.com/washington-dc/food-delivery/cava-5765a-burke-centre-parkway/TZWvgabyTo-s6XA82gTE7g,springfield-virginia
https://www.ubereats.com/washington-dc/food-delivery/ad-vegetarian-restaurant/dA0__l9FTfKgblJQWXJblw,springfield-virginia
https://www.ubereats.com/washington-dc/food-delivery/tgi-fridays-193-alexandria-va/lNMsusNfRTmVMqQrj0Pebw,springfield-virginia
https://www.ubereats.com/washington-dc/food-delivery/vocelli-pizza-9000-lorton-station-blvd/1M8Ace1-R3O4Ezrq0P1jRw,springfield-virginia
https://www.ubereats.com/washington-dc/food-delivery/iron-chef-house/YUUhzw05RKWx8riJCDIsAw,springfield-virginia
https://www.ubereats.com/washington-dc/food-delivery/kathmandu-street-food/RWvNBXquRmmwR_UUkaWV1g,springfield-virginia
https://www.ubereats.com/washington-dc/food-delivery/jersey-mikes-subs-springfield-5250-g-port-royal-rd/m1XaPf80TDGaNePLLwoOGg,springfield-virginia
https://www.ubereats.com/washington-dc/food-delivery/dunkin-4700-s-king-st/I3Cz2h38QNWF0tQ3vZmf2w,springfield-virginia
https://www.ubereats.com/washington-dc/food-delivery/spin-pollo/-51uizUbQsCjWxLGI_IelQ,springfield-virginia
https://www.ubereats.com/washington-dc/food-delivery/el-pollo-ranchero/Wh7jO4kSRO6qrzmSjtwNFg,springfield-virginia
https://www.ubereats.com/washington-dc/food-delivery/amigos-deli-%26-supermarket/3ZoPpoxfTZaeZ6vjGcRR7Q,springfield-virginia
https://www.ubereats.com/washington-dc/food-delivery/el-rancho-springfield/sz81mfwqQ6ajbXYy6eQsbQ,springfield-virginia
https://www.ubereats.com/washington-dc/food-delivery/tanpopo-ramen-house/Gub-Sc26TgSC-XroSuEG_Q,springfield-virginia
https://www.ubereats.com/washington-dc/food-delivery/tanger-house-kabob-cafe/vX4d0MAISeek_-tuRLUs2w,springfield-virginia
https://www.ubereats.com/washington-dc/food-delivery/pho-anh-duong/I3855N1CTjWLcV-cEaqyrQ,springfield-virginia
https://www.ubereats.com/washington-dc/food-delivery/ubar-bowl/FeUcHLwNTjyVbxQXYIjZGw,springfield-virginia
https://www.ubereats.com/washington-dc/food-delivery/carlyle/J1bzNhyIRHa26kxLje82eQ,springfield-virginia
https://www.ubereats.com/washington-dc/food-delivery/noodles-%26-company-5900-kingstowne-blvd-ste-130/L1mb2CddT2KMi9iw6_xT6A,springfield-virginia
https://www.ubereats.com/washington-dc/food-delivery/duk-wo/8YkjQ_PHQI-lA_a2od0XDw,springfield-virginia
https://www.ubereats.com/washington-dc/food-delivery/subway-6691-backlick-rd/Fe_6rScfTTK_s25C7l7Y9Q,springfield-virginia
https://www.ubereats.com/washington-dc/food-delivery/the-wings-spot/WPLcjUy9TU-oD-wPuMrcCQ,springfield-virginia
https://www.ubereats.com/washington-dc/food-delivery/sweetgreen-mosaic/1F9AdLkvRE2uuH0YlGztxA,springfield-virginia
https://www.ubereats.com/washington-dc/food-delivery/spill-the-tea/d2lLLZNXTmiTJO2_YtVT7g,springfield-virginia
https://www.ubereats.com/washington-dc/food-delivery/mcdonalds-loehmanns-roys/goBkVb8vSKCDRnE7uR6MVQ,springfield-virginia
https://www.ubereats.com/washington-dc/food-delivery/starbucks-old-keene-mill/buE5YyBASTiXE_wnLewoJw,springfield-virginia
https://www.ubereats.com/washington-dc/food-delivery/subway-6920-l-braddock-rd/cpKWi6NFSR20Bkmkh4sxdw,springfield-virginia
https://www.ubereats.com/washington-dc/food-delivery/peking-village-ii-fairfax/Kw5LTDHfQH23gZ4d_YGuFQ,springfield-virginia
https://www.ubereats.com/washington-dc/food-delivery/the-ice-cream-shop/xKf5PCW_RrqG-zH9Fg3wrg,springfield-virginia
https://www.ubereats.com/washington-dc/food-delivery/raouche-cafe/4uEikqnbS6GWYUYsnURnHw,springfield-virginia
https://www.ubereats.com/washington-dc/food-delivery/chipotle-mexican-grill-7108-old-keene-mill-rd/xdPBYR4KRqKMJLp7OZgEoQ,springfield-virginia
https://www.ubereats.com/washington-dc/food-delivery/starbucks-mark-shops/yxBz4Jc-TquR-v4Juxcf9g,springfield-virginia
https://www.ubereats.com/washington-dc/food-delivery/szechuan-delight/UrgIb4YJTSq0H5iXkR-0UA,springfield-virginia
https://www.ubereats.com/washington-dc/food-delivery/peking-cafe/NIOrooJGSeylsRmAIy4r3w,springfield-virginia
https://www.ubereats.com/washington-dc/food-delivery/new-york-pizza-factory-annandale/yO-zkLu3TUaau0rhyCvUNA,springfield-virginia
https://www.ubereats.com/washington-dc/food-delivery/subway/1RNSIL57T3G9sMmmL51JVg,springfield-virginia
https://www.ubereats.com/washington-dc/food-delivery/szechuan-star-%E5%B3%A8%E5%B5%8B%E9%A5%AD%E5%BA%97/-rCsiqF0RoGpjcExz5sHKg,springfield-virginia
https://www.ubereats.com/washington-dc/food-delivery/soricha-tea-%26-theater/URhPfAWdRquTlBA4ZAwDzQ,springfield-virginia
https://www.ubereats.com/washington-dc/food-delivery/pho-golden-star-falls-church/8IPaa-vLRZexhguy5VZGfg,springfield-virginia
https://www.ubereats.com/washington-dc/food-delivery/deli-italiano/oR-q23GWSj6RzMBqCxt2pw,springfield-virginia
https://www.ubereats.com/washington-dc/food-delivery/starline-restaurant/sBFT8WGLTGGgTT9se2Prsg,springfield-virginia
https://www.ubereats.com/washington-dc/food-delivery/dona-tere-restaurant/tPWdGi2wTLiv6CpK7d0r3g,springfield-virginia
https://www.ubereats.com/washington-dc/food-delivery/flemings-prime-steakhouse-%26-wine-bar-tysons-corner/btyTDlitTmGvaUPPEMVazQ,springfield-virginia
https://www.ubereats.com/washington-dc/food-delivery/taco-bell-7230-richmond-hwy/P0QKjoAdQ4KBnfdThAiEYA,springfield-virginia
https://www.ubereats.com/washington-dc/food-delivery/mandarin-chinese-halal-restaurant/rZCuifq4TtqWLrqQpaVeWg,springfield-virginia
https://www.ubereats.com/washington-dc/food-delivery/mcdonalds-burke-burke-ctr/lBmaV-N-R7qyxU3a36cXvw,springfield-virginia
https://www.ubereats.com/washington-dc/food-delivery/pho-cong-ly-noodle-%26-grill-annandale/6wG9wJHKQkOU0LiZ40GiQg,springfield-virginia
https://www.ubereats.com/washington-dc/food-delivery/cinnabon-6759-springfield-mall/oi5dmr48QOSuqnMWBFEmiw,springfield-virginia
https://www.ubereats.com/washington-dc/food-delivery/el-tipico-restaurant/hcKKo7vnRTi8vGiRhhNm4A,springfield-virginia
https://www.ubereats.com/washington-dc/food-delivery/innovation-catering/YzcMQSsoRTiWRRwv6fozFg,springfield-virginia
https://www.ubereats.com/washington-dc/food-delivery/the-gluten-free-spot-annandale/lkiNCuWyTquV3baN8k--7Q,springfield-virginia
https://www.ubereats.com/washington-dc/food-delivery/quiznos-9433-lorton-market-st/EULEHGFQRoaeFoquqJC3-Q,springfield-virginia
https://www.ubereats.com/washington-dc/food-delivery/wendys-3431-columbia-pike/_4piAn6eTpCYqDtkYiT0tQ,springfield-virginia
https://www.ubereats.com/washington-dc/food-delivery/cafechino/gaixITh2SkO1DmPyEMFsQQ,springfield-virginia
https://www.ubereats.com/washington-dc/food-delivery/karahi-kabob-sweets/5fNGD0CGR_i8Pf76Nk6-sA,springfield-virginia
https://www.ubereats.com/washington-dc/food-delivery/la-despensa-grosery-and-dely/pYq6_yWwTIew9OLMaKsK5Q,springfield-virginia
https://www.ubereats.com/washington-dc/food-delivery/burger-king-6417-shiplett-blvd/ac5ssWRyT9mmGOo5m6PXhw,springfield-virginia
https://www.ubereats.com/washington-dc/food-delivery/bar-j-chili-parlor-occoquan/YdTkhC51SZuU3jxk499oBg,springfield-virginia
https://www.ubereats.com/washington-dc/food-delivery/social-burger-vienna/sfva5p7xTr-xTe6g6fazpQ,springfield-virginia
https://www.ubereats.com/washington-dc/food-delivery/saran-cafe/pPyJuMG4QAGz9CBagnNHlA,springfield-virginia
https://www.ubereats.com/washington-dc/food-delivery/mcdonalds-bradlick-shopping-center-relo/cMMkRHI2T_uMZRO5Pb6uqg,springfield-virginia
https://www.ubereats.com/washington-dc/food-delivery/pho-duong/XZy2ckkUThyMN7okn-9SOQ,springfield-virginia
https://www.ubereats.com/washington-dc/food-delivery/thompson-italian/XPcEHMLQSiKffw1Fk-GwUQ,springfield-virginia
https://www.ubereats.com/washington-dc/food-delivery/cocorico-chicken-springfield/K5ZhAtmjSb2gp0R9ULWtNA,springfield-virginia
https://www.ubereats.com/washington-dc/food-delivery/boardwalk-fresh-burgers-fries/g2xcuWClR1CQe-U5kUKa2w,springfield-virginia
https://www.ubereats.com/washington-dc/food-delivery/checheho-ethiopian-restaurant/tXxnqHdUTjiqiAetWxf_CQ,springfield-virginia
https://www.ubereats.com/washington-dc/food-delivery/justas-chicken-alexandria/F0RwgziEQcGZu9zrW7FGTQ,springfield-virginia
https://www.ubereats.com/washington-dc/food-delivery/jersey-mikes-8971-ox-rd/3NbGLBS3RK-EMZdTvLP1oA,springfield-virginia
https://www.ubereats.com/washington-dc/food-delivery/rositas-restaurant-%26-carry-out/skWFlOz3QcizZoRUtzvbFw,springfield-virginia
https://www.ubereats.com/washington-dc/food-delivery/deez-wingz-fairfax/RCN-73icToWeWYAY_Wg2zw,springfield-virginia
https://www.ubereats.com/washington-dc/food-delivery/la-casa-restaurant/7AFTH5bnQdiPCHk3biggXQ,springfield-virginia
https://www.ubereats.com/washington-dc/food-delivery/subway-6308-springfield-plaza/PdVFB_1fQ5K-O54-avjO2w,springfield-virginia
https://www.ubereats.com/washington-dc/food-delivery/rosita-bakery-nica/EdLPd2fQTbWBNkuBX49qTw,springfield-virginia
https://www.ubereats.com/washington-dc/food-delivery/9-pad-thai-gourmet-springfield/_3sv-SeWTQa-BumQsk9AOg,springfield-virginia
https://www.ubereats.com/washington-dc/food-delivery/paradiso-italian-restaurant-alexandria/bDAFqqWaTp2yxEZylQo0KA,springfield-virginia
https://www.ubereats.com/washington-dc/food-delivery/casa-tequila-bar-%26-grill-lorton/dKqCAMoyT_2aYDKvbRd53g,springfield-virginia
https://www.ubereats.com/washington-dc/food-delivery/hong-kong-cafe/58192WWwTxqD71x47A420A,springfield-virginia
https://www.ubereats.com/washington-dc/food-delivery/phat-philly-cheesesteaks/EzmrnURJRs6qlflfO_ge2g,springfield-virginia
https://www.ubereats.com/washington-dc/food-delivery/kung-fu-tea-9530b-old-keene-mill-rd/BZy33bRVRmuG3M7SHlXUTQ,springfield-virginia
https://www.ubereats.com/washington-dc/food-delivery/new-china-carryout/rBiTjqC8RU6YHHs3iEtO2g,springfield-virginia
https://www.ubereats.com/washington-dc/food-delivery/the-inside-scoop/gdsBvV4jQj-ogXyJLBsEfQ,springfield-virginia
https://www.ubereats.com/washington-dc/food-delivery/popeyes-6418-b-springfield-plaza/NYJEnzMaTEmNzYewORsueA,springfield-virginia
https://www.ubereats.com/washington-dc/food-delivery/mcdonalds-arlington-va-glebe/kgJslDMcSr28bknTF2PB2w,springfield-virginia
https://www.ubereats.com/washington-dc/food-delivery/happy-lamb-hot-pot-falls-church/gKzU-LCEQY66Iia0AyF3nQ,springfield-virginia
https://www.ubereats.com/washington-dc/food-delivery/royal-sandwich-shop/4F0yHZG-TES5-YYl_cwFwg,springfield-virginia
https://www.ubereats.com/washington-dc/food-delivery/mcdonalds-5005-col-pk-arl/n_zA9e5uTYmCAzDFIK6lPQ,springfield-virginia
https://www.ubereats.com/washington-dc/food-delivery/chipotle-mexican-grill-4477-aquia-creek-lane/nK9XcmuwRdelij_Q_yym8g,springfield-virginia
https://www.ubereats.com/washington-dc/food-delivery/jersey-mikes-6025-c-burke-centre-pkwy/9WQowKgBSAioxt4UZyCw4Q,springfield-virginia
https://www.ubereats.com/washington-dc/food-delivery/starbucks-springfield-plaza/ZpOVVERrR-Cy_fLKdxYEfg,springfield-virginia
https://www.ubereats.com/washington-dc/food-delivery/wendys-8700-richmond-hwy/505H-pYORKCXIhdSJDDscg,springfield-virginia
https://www.ubereats.com/washington-dc/food-delivery/tropical-smoothie-cafe-university-mall/LzJZdF_ZS1a8TvmXMADGgA,springfield-virginia
https://www.ubereats.com/washington-dc/food-delivery/la-hacienda-restaurant/awKDZor9S9q8eHB03inlUQ,springfield-virginia
https://www.ubereats.com/washington-dc/food-delivery/baytna-mediterranean/tIDA4Q90RNCS3NxPozrA-w,springfield-virginia
https://www.ubereats.com/washington-dc/food-delivery/kfc-6310-backlick-road/zDcHt-ZORLmFonygI9dxzQ,springfield-virginia
https://www.ubereats.com/washington-dc/food-delivery/t-zo/u2QKmZRZS9eCm_RoH55U8Q,springfield-virginia
https://www.ubereats.com/washington-dc/food-delivery/joong-mi-annandale/Lyquj6CKT0O387aqmOrDhA,springfield-virginia
https://www.ubereats.com/washington-dc/food-delivery/bozzellis-springfield-town-center/pNla4SZqQJyvix6F9kWDKQ,springfield-virginia
https://www.ubereats.com/washington-dc/food-delivery/aditi-indian-dining/btk9pbIpSpi1R0JdC6V_tQ,springfield-virginia
https://www.ubereats.com/washington-dc/food-delivery/latino-chicken-place/RNFJCaGiSpmuckTEZV9nBQ,springfield-virginia
https://www.ubereats.com/washington-dc/food-delivery/kumo-asian-bistro-7025-manchester-blvd/7Px06qFbTzOWh9GmZZ08jA,springfield-virginia
https://www.ubereats.com/washington-dc/food-delivery/mcdonalds-1480-old-bridge-rd/lViCff1eTiuN-e1KBQlikQ,springfield-virginia
https://www.ubereats.com/washington-dc/food-delivery/ihop-7694-richmond-hwy/jsHhzv-mQ1eqoYZ3EHh8Jg,springfield-virginia
https://www.ubereats.com/washington-dc/food-delivery/philadelphia-cheesesteak-express/D68MXb_cQNiRJ1gpF2mxpQ,springfield-virginia
https://www.ubereats.com/washington-dc/food-delivery/taco-bell-5661-burke-centre-parkway/0f3zu5UmSvSVzSZHhNmEjg,springfield-virginia
https://www.ubereats.com/washington-dc/food-delivery/sarku-japan/JNmYV9gDT0m7ufGqw2S-MA,springfield-virginia
https://www.ubereats.com/washington-dc/food-delivery/mels-melts/CnnUIB6GQIOIaVBv4dop_Q,springfield-virginia
https://www.ubereats.com/washington-dc/food-delivery/sophias-deli/eN4y4NuhRiKArYEbsE_tfw,springfield-virginia
https://www.ubereats.com/washington-dc/food-delivery/barnside-diner/q387vwwrQgOosAoQ2i2NOQ,springfield-virginia
https://www.ubereats.com/washington-dc/food-delivery/nenes-soul-cafe-falls-church/_0WP6KL-TJeYCIyNV08VEw,springfield-virginia
https://www.ubereats.com/washington-dc/food-delivery/olympians-best-pizza-kingstowne/FSUpOxyiRTWl7DxL5HDpNg,springfield-virginia
https://www.ubereats.com/washington-dc/food-delivery/quickway-japanese-hibachi-lincolnia/sjiY-KnCTsiZEAnz0s0Qsw,springfield-virginia
https://www.ubereats.com/washington-dc/food-delivery/jbd-mediterranean-annandale/QeAVECOrRtejwcnmPVMdeA,springfield-virginia
https://www.ubereats.com/washington-dc/food-delivery/the-halal-guys-6304-springfield-plaza-springfield-va/btvhvwLbTEKpUVJ-6fX0Kg,springfield-virginia
https://www.ubereats.com/washington-dc/food-delivery/believe-bowl-asian-fusion-bowl/uz4_FfJoRZOx6JZRGqiBkQ,springfield-virginia
https://www.ubereats.com/washington-dc/food-delivery/moes-southwest-grill-453/U8xiuXefQxuYKwqXYMCmfA,springfield-virginia
https://www.ubereats.com/washington-dc/food-delivery/honey-baked-ham-6200-franconia-rd/mICGkWNgRXCRnqoQxL1oBQ,springfield-virginia
https://www.ubereats.com/washington-dc/food-delivery/kfc-taco-bell-7450-little-river-turnpike/LMSAMPB-RgKigg2tSbg9wg,springfield-virginia
https://www.ubereats.com/washington-dc/food-delivery/walkers-grille/mBrOt_GBTdqJzIBfXPcH-g,springfield-virginia
https://www.ubereats.com/washington-dc/food-delivery/della-js-delectables/4cNzppjSSdeBR4jhdcV5VA,springfield-virginia
https://www.ubereats.com/washington-dc/food-delivery/mcdonalds-flls-ch-ex-roys/qnJ0MAf7SIG8Fuhke5a-Wg,springfield-virginia
https://www.ubereats.com/washington-dc/food-delivery/panda-express-6739-springfield-mall/Rr6ovSm7R3S3YmvPBqc_Gw,springfield-virginia
https://www.ubereats.com/washington-dc/food-delivery/popeyes-6230-t-rolling-road/Ws2momOZQYWX7Ohg3Caizg,springfield-virginia
https://www.ubereats.com/washington-dc/food-delivery/big-panda/wvx-VXQpQ8mBmUz4_dGSNg,springfield-virginia
https://www.ubereats.com/washington-dc/food-delivery/masala-wok/CwuJiEF3TKWV54xo1NnrCQ,springfield-virginia
https://www.ubereats.com/washington-dc/food-delivery/el-mestizo/N3chVNsDR8uIX0S-WL8DkA,springfield-virginia
https://www.ubereats.com/washington-dc/food-delivery/breakers-korean-bbq-%26-grill-fairfax/sxPg3Mv0QJ6RTJe_OJ2cfg,springfield-virginia
https://www.ubereats.com/washington-dc/food-delivery/viva-tequila-restaurant-falls-church/cuWT_uz2QO6YMqCm4zBy3g,springfield-virginia
https://www.ubereats.com/washington-dc/food-delivery/koobala-borderless-chicken-bistro/sSBiKhDnQjuYhFOAjDONNQ,springfield-virginia
https://www.ubereats.com/washington-dc/food-delivery/the-happy-tart/NPw-jTv_QtW_QRBcvOEiuw,springfield-virginia
https://www.ubereats.com/washington-dc/food-delivery/release-the-craycken/reyPusMFSpG0T5XaiC33JA,springfield-virginia
https://www.ubereats.com/washington-dc/food-delivery/baku-delicious/RykXyJesRwCjtlqs31GM9A,springfield-virginia
https://www.ubereats.com/washington-dc/food-delivery/smashmouth-burgers/hNzstc1FQUOmP8xys6qA6Q,springfield-virginia
https://www.ubereats.com/washington-dc/food-delivery/chipotle-mexican-grill-4531-duke-st/Ek38BlysSfyFg62fTJNw3g,springfield-virginia
https://www.ubereats.com/washington-dc/food-delivery/mcdonalds-fairfax-circle/6AFXUzVaTD6eUDrHkAOAtQ,springfield-virginia
https://www.ubereats.com/washington-dc/food-delivery/coal-fire-burke/5-T_YVECQzKdrYUr5coaYA,springfield-virginia
https://www.ubereats.com/washington-dc/food-delivery/ichiban-sushi-%26-ramen-shirlington/WSMBHm0kRgaLGrJF2iyhTg,springfield-virginia
https://www.ubereats.com/washington-dc/food-delivery/taeji-sushi/hFz5bbSSQPuvWeY00mCQwQ,springfield-virginia
https://www.ubereats.com/washington-dc/food-delivery/lebtav-fairfax/mo1Zk_XDQGqgH356AiBzVg,springfield-virginia
https://www.ubereats.com/washington-dc/food-delivery/vim-%26-victor/Bz9Xda7SQwOS0BAbWWQNdA,springfield-virginia
https://www.ubereats.com/washington-dc/food-delivery/a%26j-restaurant-annandale/qZqrCaunQvuksV1P7s6wmg,springfield-virginia
https://www.ubereats.com/washington-dc/food-delivery/jinya-ramen-bar-fairfax/MOUGQQdLTCCKz12pQ41yFA,springfield-virginia
https://www.ubereats.com/washington-dc/food-delivery/kung-fu-tea-7895-heritage-dr/LGxZwaX9SVWqdK5CUPfy5A,springfield-virginia
https://www.ubereats.com/washington-dc/food-delivery/subway/SqvWHupZT5ysWMXtUSgm_w,springfield-virginia
https://www.ubereats.com/washington-dc/food-delivery/subway-8086-rolling-rd-sp-16-saratoga-shopping-ctr/vjPFDEzxSLa-7s89OMUhpA,springfield-virginia
https://www.ubereats.com/washington-dc/food-delivery/hong-kong-cafe/-gTA8h2nQ1uLbsmV66kZVg,springfield-virginia
https://www.ubereats.com/washington-dc/food-delivery/gyro-factory/BuYlH1VmSTCbi92W4qFAQQ,springfield-virginia
https://www.ubereats.com/washington-dc/food-delivery/batter-up-by-riya/0r9l4amEThi6WIsaqXssxA,springfield-virginia
https://www.ubereats.com/washington-dc/food-delivery/sea-boil-crab-house/yKP8GrDVTSuNX_Zd0vX42w,springfield-virginia
https://www.ubereats.com/washington-dc/food-delivery/baja-fresh-mexican-grill-alexandria/KOdd2GU7QXy18GVYkrTy5A,springfield-virginia
https://www.ubereats.com/washington-dc/food-delivery/quickway-japanese-hibachi-alexandria-richmond-hwy/AeHusYCySZ2qwE0JqeT2RQ,springfield-virginia
https://www.ubereats.com/washington-dc/food-delivery/bonchon-chicken-6852-richmond-hwy/0AxpbteMQVOf4Xx4SB24gA,springfield-virginia
https://www.ubereats.com/washington-dc/food-delivery/loopys-eatery/5TqrXy83Ssq3xuY7KSCw0w,springfield-virginia
https://www.ubereats.com/washington-dc/food-delivery/five-guys-va-0175-8971-ox-rd/vzp1L3fBQnCI2-X67rZFhQ,springfield-virginia
https://www.ubereats.com/washington-dc/food-delivery/kiwi-pie-shop/NJH4yZaQRP-KFPkzLxLgdA,springfield-virginia
https://www.ubereats.com/washington-dc/food-delivery/rustico/PHTejst5RVy5nL9GWAiu9Q,springfield-virginia
https://www.ubereats.com/washington-dc/food-delivery/mcdonalds-beauregard-satellite/mSjtmP4lRRW5fCCMf_SGRw,springfield-virginia
https://www.ubereats.com/washington-dc/food-delivery/waraku-sushi/0CUO03NPRCqTy3DdzovLxQ,springfield-virginia
https://www.ubereats.com/washington-dc/food-delivery/bentleys-falls-church-diner/cWoachP9TUG0URRL0jtsWw,springfield-virginia
https://www.ubereats.com/washington-dc/food-delivery/paisanos-pizza-6133-backlick-rd/R1RmiGC9TleITBEACxoXmw,springfield-virginia
https://www.ubereats.com/washington-dc/food-delivery/freshle-prep/C6D_Dw-JQCuU5XmGDV-fqA,springfield-virginia
https://www.ubereats.com/washington-dc/food-delivery/namaste-alexandria/Qw9WgNGATYi2lez42bFzZw,springfield-virginia
https://www.ubereats.com/washington-dc/food-delivery/klebers-restaurant/DcRyh1frTI-fO-wisVRDxg,springfield-virginia
https://www.ubereats.com/washington-dc/food-delivery/mcdonalds-7909-rolling-rd/U0uSEHgNQn-BfMjgTPO47A,springfield-virginia
https://www.ubereats.com/washington-dc/food-delivery/mcdonalds-spgfld-bcklck-ry/LEDCS_pEREOax7lzvpkzHA,springfield-virginia
https://www.ubereats.com/washington-dc/food-delivery/kilroys/A0agEkpiQCaBJIhUOjQOYA,springfield-virginia
https://www.ubereats.com/washington-dc/food-delivery/burger-king-8232-gunston-corner-ln/mtGDCbksQceyNTl72fhLBA,springfield-virginia
https://www.ubereats.com/washington-dc/food-delivery/choongman-chicken/7nl1p3QHTsOUK28OwPeJyA,springfield-virginia
https://www.ubereats.com/washington-dc/food-delivery/dixie-bones-bbq-woodbridge/CtW7J0s6QHuqT2hJ8NkfEQ,springfield-virginia
https://www.ubereats.com/washington-dc/food-delivery/starbucks-barcroft-plaza/E6ycj5T_Qhm6gKLjnvLaiQ,springfield-virginia
https://www.ubereats.com/washington-dc/food-delivery/honey-baked-ham-10940-fairfax-blvd-suite-g-h/KaPffs1qTry7r6ps1M3mew,springfield-virginia
https://www.ubereats.com/washington-dc/food-delivery/willie-ts/3-HMqQ5QRqKTt5iGwNthxg,springfield-virginia
https://www.ubereats.com/washington-dc/food-delivery/dunkin-5701-columbia-pike/eUVlYtCLRZe1E6XXaOM0bA,springfield-virginia
https://www.ubereats.com/washington-dc/food-delivery/pizza-bolis/0d5udbzcTEqd1fbT1TqKyw,springfield-virginia
https://www.ubereats.com/washington-dc/food-delivery/almitas-mexican-restaurant/oyy1j4_PQ3mWI-hIiKUsvQ,springfield-virginia
https://www.ubereats.com/washington-dc/food-delivery/520-ice-cream-%26-tea/2fvAgexIRS-h9FMVnM56zA,springfield-virginia
https://www.ubereats.com/washington-dc/food-delivery/706-bonefish-grill-5920-kingstowne-town-ctr/fgTpvMFsR1edQCdo9YZF3g,springfield-virginia
https://www.ubereats.com/washington-dc/food-delivery/mcdonalds-9398-richmond-hwy/exLzVYmbRmCU2nEbU3bvag,springfield-virginia
https://www.ubereats.com/washington-dc/food-delivery/mcdonalds-penn-daw/DS94Gj_KRtSevyE30FHV1g,springfield-virginia
https://www.ubereats.com/washington-dc/food-delivery/pho-duong/0_IYyVexSEaVTfJ4q87gug,springfield-virginia
https://www.ubereats.com/washington-dc/food-delivery/troika-gastronom-and-restaurant/grZesSy1QdOtyFLZ2mmI8Q,springfield-virginia
https://www.ubereats.com/washington-dc/food-delivery/big-bite-pizza-annandale/drMtKkNhTAyg4yBzXimL_g,springfield-virginia
https://www.ubereats.com/washington-dc/food-delivery/taco-bell-12721-harbor-drive/LujNHkeLQYSOxuDGtIwERg,springfield-virginia
https://www.ubereats.com/washington-dc/food-delivery/mama-chang/wAi4aRSVRNaUvDdqUBOOlA,springfield-virginia
https://www.ubereats.com/washington-dc/food-delivery/taco-bell-935-west-broad-street/AJnzZg6GT8aFODm0Dvt7Bg,springfield-virginia
https://www.ubereats.com/washington-dc/food-delivery/sweetfrog-kingstowne-5926-kingstowne-towne-ctr/Gat7Sk2iS4u9r2wjpsgwdw,springfield-virginia
https://www.ubereats.com/washington-dc/food-delivery/van-dorn-diner/83RrjVUFQJSRtcbbjxDdkg,springfield-virginia
https://www.ubereats.com/washington-dc/food-delivery/bellash-bakery/pQUn9uGCTYiObKyFuvlGsw,springfield-virginia
https://www.ubereats.com/washington-dc/food-delivery/emmas-chicken-restaurant/Uv8cxvRrRL6qjMK4PXlLDQ,springfield-virginia
https://www.ubereats.com/washington-dc/food-delivery/mr-chicken/rYcux-euSBeybmuRIKa56g,springfield-virginia
https://www.ubereats.com/washington-dc/food-delivery/pelicana/yh4FUEOVRuWRsj6lF7DZ2w,springfield-virginia
https://www.ubereats.com/washington-dc/food-delivery/rice-%26-spice-thai-cuisine/Mez0VGw0TSiwKgiXSnDEuQ,springfield-virginia
https://www.ubereats.com/washington-dc/food-delivery/nua-haus-thai-sushi-%26-drafthouse/ZCPiU_NnRL2H0mRr3_BvTw,springfield-virginia
https://www.ubereats.com/washington-dc/food-delivery/tosokchon%ED%86%A0%EC%86%8D%EC%B4%8C/6QjhyLq0SnCHrKhaD5tMcw,springfield-virginia
https://www.ubereats.com/washington-dc/food-delivery/waraku-japanese-ramen/CpQ82epATJ2XWbTABxmGZg,springfield-virginia
https://www.ubereats.com/washington-dc/food-delivery/moes-southwest-grill-4733/BgUyKYUyRbqFfwE6EQNiJQ,springfield-virginia
https://www.ubereats.com/washington-dc/food-delivery/el-pollo-royal/odr-ecX_R6eDcO41DV2Xkw,springfield-virginia
https://www.ubereats.com/washington-dc/food-delivery/hooters-potomac-mills/YO7AxAnLSma6jKFnJk_gjQ,springfield-virginia
https://www.ubereats.com/washington-dc/food-delivery/mason-social/KC6Hize0T5eD6xnN9up3Ug,springfield-virginia
https://www.ubereats.com/washington-dc/food-delivery/ben-%26-jerrys/gR4SLuDdRDWuBWbLqPGY3w,springfield-virginia
https://www.ubereats.com/washington-dc/food-delivery/saigon-1975-vietnamese-restaurant/uCn5P6nnRCS2cwt6Q0pYSQ,springfield-virginia
https://www.ubereats.com/washington-dc/food-delivery/los-toltecos-alexandria/CKy_rt-zRz6HUtvi-bEBWA,springfield-virginia
https://www.ubereats.com/washington-dc/food-delivery/big-bite-pizza-alexandria/PwRoGx2aRSSfocgFTpxIHQ,springfield-virginia
https://www.ubereats.com/washington-dc/food-delivery/the-greene-turtle-alexandria/warlKvC9Tu-VYKHInmAmkw,springfield-virginia
https://www.ubereats.com/washington-dc/food-delivery/chipotle-mexican-grill-3556b-s-jefferson-st/rTK9hB33TiKkFyx57jp2jQ,springfield-virginia
https://www.ubereats.com/washington-dc/food-delivery/clydes-of-mark-center/-l7VpwSQR1GSYCyzhlrJRg,springfield-virginia
https://www.ubereats.com/washington-dc/food-delivery/dennys-7214-richmond-hwy/d8LlKSWaQ7iGp0alBQoygQ,springfield-virginia
https://www.ubereats.com/washington-dc/food-delivery/clean-cuisine/k6G13JxnRf6UdTam6hy0fw,springfield-virginia
https://www.ubereats.com/washington-dc/food-delivery/varinos-pasta-alexandria/mnIULUotR-il4z4o7YBsoQ,springfield-virginia
https://www.ubereats.com/washington-dc/food-delivery/beverly-hills-bungalow/-gsdhuQeTka0SrdkBwjfuQ,springfield-virginia
https://www.ubereats.com/washington-dc/food-delivery/pho-huy/nhrvfte6QL6uTQhtlmewQw,springfield-virginia
https://www.ubereats.com/washington-dc/food-delivery/wendys-7530-little-river-tpke/jJ2N81apTtW_fBHA_GKMxg,springfield-virginia
https://www.ubereats.com/washington-dc/food-delivery/la-campesina/FyeVJ_tXSMm5E7qbFisS6A,springfield-virginia
https://www.ubereats.com/washington-dc/food-delivery/sweetwater-tavern-merrifield/4WjtZTrwSrWJMkZNK1Q5vA,springfield-virginia
https://www.ubereats.com/washington-dc/food-delivery/cava-5965-kingstowne-center-suite-100/kT6tgnH2SvCkqR4Qzkoobg,springfield-virginia
https://www.ubereats.com/washington-dc/food-delivery/ihop-alexandria/DrcX6e9yTTy5fr-ovq3AbQ,springfield-virginia
https://www.ubereats.com/washington-dc/food-delivery/shilla-bakery-%26-cafe-annandale/g69F78UATQ67zIsDY8e6RQ,springfield-virginia
https://www.ubereats.com/washington-dc/food-delivery/sweetfrog-6434-springfield-plaza/W_To-lEWQ36pdjM100z2mw,springfield-virginia
https://www.ubereats.com/washington-dc/food-delivery/subway-6230-s-rolling-rd/7c-wQrowR3qxTnaBrwDUWA,springfield-virginia
https://www.ubereats.com/washington-dc/food-delivery/mcdonalds-franconia/fYL-zXJuTR6J--uXD3IdkQ,springfield-virginia
https://www.ubereats.com/washington-dc/food-delivery/anitas-new-mexico-style-mexican-food-springfield/7GVe4wfTS-O-GjF7U4Zu9Q,springfield-virginia
https://www.ubereats.com/washington-dc/food-delivery/afghan-kabob-restaurant-springfield/GSiRJttwTKCQY2smvBUfBg,springfield-virginia
https://www.ubereats.com/washington-dc/food-delivery/burger-7-alexandria/23GOEjJvTCSwiWOZ6X3X7A,springfield-virginia
https://www.ubereats.com/washington-dc/food-delivery/mcdonalds-duke-ii/ZrzoUgkkRZ-NWnXXllv-kA,springfield-virginia
https://www.ubereats.com/washington-dc/food-delivery/vegetarian-by-fava-pot/N_PJ1h6oRK-fzvopaI44zg,springfield-virginia
https://www.ubereats.com/washington-dc/food-delivery/kokee-kitchen/tSCf9EMzTpO_QNTGpT99Iw,springfield-virginia
https://www.ubereats.com/washington-dc/food-delivery/popeyes-9581-braddock-road/ZpP2KBFuQGe6ABRnmiasCA,springfield-virginia
https://www.ubereats.com/washington-dc/food-delivery/starbucks-the-monarch/laVYgWsjQUmkClPnBPSWrA,springfield-virginia
https://www.ubereats.com/washington-dc/food-delivery/wendys-9688-main-street/7SmKg1K4R9OXP0kTorivFw,springfield-virginia
https://www.ubereats.com/washington-dc/food-delivery/chipotle-mexican-grill-5747-burke-centre-pkwy/veMFg25RSOKFjg6KMhWqMA,springfield-virginia
https://www.ubereats.com/washington-dc/food-delivery/ill-drink-to-that-fountain-of-juice/ZhdJPV8zSiagvYoHCPKs5Q,springfield-virginia
https://www.ubereats.com/washington-dc/food-delivery/peking-chef-restaurant-%E6%B0%B8%E8%88%88/r9q_Z9ZRRjS5g-Nlneubhg,springfield-virginia
https://www.ubereats.com/washington-dc/food-delivery/curry-house/7GVilp3ER22ZWD8JXmC5SA,springfield-virginia
https://www.ubereats.com/washington-dc/food-delivery/desi-bethak/EOea5oppQJ6y3Rd1d0szdw,springfield-virginia
https://www.ubereats.com/washington-dc/food-delivery/chicano-grill/dzxLWdLxQQ2peYhdJ4ZYrg,springfield-virginia
https://www.ubereats.com/washington-dc/food-delivery/osteria-marzano/nzX_nd87QRujKDqMVfR--w,springfield-virginia
https://www.ubereats.com/washington-dc/food-delivery/thai-food/QVDDB3jVSK-Foyg-sEqYeg,springfield-virginia
https://www.ubereats.com/washington-dc/food-delivery/tokyo-one-japanese-steak-and-seafood/xu8vqFXtQbyy48NnMSNZ3g,springfield-virginia
https://www.ubereats.com/washington-dc/food-delivery/lima-district/ngMEXK71S-eC2ulcEUyANg,springfield-virginia
https://www.ubereats.com/washington-dc/food-delivery/deli-news-cafe/DJkgeLV7TbC7SWIKen6ckg,springfield-virginia
https://www.ubereats.com/washington-dc/food-delivery/moby-dick-house-of-kabob-kingstowne/NfKVK6r8QU2rjcnAFH92mA,springfield-virginia
https://www.ubereats.com/washington-dc/food-delivery/time-cafe-%26-market/Cd_PA7vvSAKUG9ELWhUs0g,springfield-virginia
https://www.ubereats.com/washington-dc/food-delivery/mcdonalds-falls-church-arl/bZqqFcyJSfGIZTDRZwE77g,springfield-virginia
https://www.ubereats.com/washington-dc/food-delivery/abshaar-kabobs-%26-sweets-springfield/YF0tg4frTUeMftSqarxUcg,springfield-virginia
https://www.ubereats.com/washington-dc/food-delivery/k-bites/q40Uq2FlRlWzrBXZNl81uQ,springfield-virginia
https://www.ubereats.com/washington-dc/food-delivery/spartans-best-pizza-burke-rd/vHeQxupcSOaog1GkR7h_5w,springfield-virginia
https://www.ubereats.com/washington-dc/food-delivery/tikal-bakery/CcvixOOqTvKUsxWO9E4Mvw,springfield-virginia
https://www.ubereats.com/washington-dc/food-delivery/taco-bell-8652-richmond-hwy/0S21SAZ0Q9qVZ4357pR-rQ,springfield-virginia
https://www.ubereats.com/washington-dc/food-delivery/outback-steakhouse-4821-north-first-street/Yp7ZWayxQC6U0eOMx0R5FA,springfield-virginia
https://www.ubereats.com/washington-dc/food-delivery/zaytoon-pizzeria-fairfax/LAWc8dVTQaK4TC5vgOfWmQ,springfield-virginia
https://www.ubereats.com/washington-dc/food-delivery/mcdonalds-alexdr-van-dorn/l-HLgGMfSqSazf7Z5HvnaQ,springfield-virginia
https://www.ubereats.com/washington-dc/food-delivery/nandos-peri-peri-6802-springfield-mall-ste-6802-s/PME1m7smQkqgs5Sm4_a6wA,springfield-virginia
https://www.ubereats.com/washington-dc/food-delivery/annangol-restaurant/KiRWLZvzQpuSN7ow7f_IBw,springfield-virginia
https://www.ubereats.com/washington-dc/food-delivery/charleys-philly-steaks-springfield-town-center/4xrgP53dRAaLSz11reTiOQ,springfield-virginia
https://www.ubereats.com/washington-dc/food-delivery/subway-9000-lorton-station-blvd-ste-r/vCVOq8PpRUesNScXXc1HaA,springfield-virginia
https://www.ubereats.com/washington-dc/food-delivery/el-super-pollo-alexandria/r2REfhgjT5ODPbq1pMNOXg,springfield-virginia
https://www.ubereats.com/washington-dc/food-delivery/china-star/UQ30jobkRtOAMyrnnAlwcA,springfield-virginia
https://www.ubereats.com/washington-dc/food-delivery/soju-sarang-annandale/wlUT-nolTyWztUa65tYHIQ,springfield-virginia
https://www.ubereats.com/washington-dc/food-delivery/pendleton-carry-out-co/f2k3sYL5Sdq0_S3uxzcDYQ,springfield-virginia
https://www.ubereats.com/washington-dc/food-delivery/haagen-dazs-6500-springfield-mall/4_jl4AngQy6Hd2I1IgGZzg,springfield-virginia
https://www.ubereats.com/washington-dc/food-delivery/bob-%26-ediths-diner-springfield/WTNKGBQ6SdOmlf3Y50lo8w,springfield-virginia
https://www.ubereats.com/washington-dc/food-delivery/china-town/vIMNChKPSMe3Pk7RNTp5LQ,springfield-virginia
https://www.ubereats.com/washington-dc/food-delivery/latin-chicken-place/FaLEHTmSRLaFVDeY4t3-wQ,springfield-virginia
https://www.ubereats.com/washington-dc/food-delivery/wendys-6349-seven-corners/qByZkiN0R4iBQKK6UlDB_w,springfield-virginia
https://www.ubereats.com/washington-dc/food-delivery/dunkin-9425-lorton-market-st/8xzG-BsjRB-B9oraHVBlmA,springfield-virginia
https://www.ubereats.com/washington-dc/food-delivery/le-thai-cuisine/pPcejppKRBmbD0KA77d5nQ,springfield-virginia
https://www.ubereats.com/washington-dc/food-delivery/red-holic-annandale/E7Z0eB5IRAO9M-9T2zD7Jw,springfield-virginia
https://www.ubereats.com/washington-dc/food-delivery/mangolina/ieIoRYhqQh65gsr_k-9AEg,springfield-virginia
https://www.ubereats.com/washington-dc/food-delivery/lasani-kabob-lorton/qTf34563TLeiKlVrknwlxA,springfield-virginia
https://www.ubereats.com/washington-dc/food-delivery/win-buffet/sAueBCceR1mNML2ts9RX9Q,springfield-virginia
https://www.ubereats.com/washington-dc/food-delivery/starbucks-burke-centre/5p2wKfS7R-S5E_zkobqLBQ,springfield-virginia
https://www.ubereats.com/washington-dc/food-delivery/famous-daves-alexandria/VG5uRlWLTcC3IL5EixTSxA,springfield-virginia
https://www.ubereats.com/washington-dc/food-delivery/seoul-bbq/fjRdEwQeSoyH2ww0HaCZvQ,springfield-virginia
https://www.ubereats.com/washington-dc/food-delivery/kokee-tea-faircity/yhx2V42QRROL47JV60b6cQ,springfield-virginia
https://www.ubereats.com/washington-dc/food-delivery/starbucks-s-van-dorn-and-pickett/lV-Aor_PQIqmt-bbb-UxcA,springfield-virginia
https://www.ubereats.com/washington-dc/food-delivery/crepes-%26-karak/k5kbeQfWQYuuO86C4841VQ,springfield-virginia
https://www.ubereats.com/washington-dc/food-delivery/kfc-6227-little-river-turnpike/9X3W4xTeSguCXv0ROm9vZA,springfield-virginia
https://www.ubereats.com/washington-dc/food-delivery/jaipur-royal-indian-cuisine/-rwJTcJ8TUi4RFe-joRoVw,springfield-virginia
https://www.ubereats.com/washington-dc/food-delivery/alta-strada-fairfax-va/Mdt5_E-YQ4OTG5-41t9Ayg,springfield-virginia
https://www.ubereats.com/washington-dc/food-delivery/kabobistan/bG9sGc_0RUyCkmlKqa-0cw,springfield-virginia
https://www.ubereats.com/washington-dc/food-delivery/grill-kabob-springfield-mall/aIx_Wm7lSniYejP5uoUv2Q,springfield-virginia
https://www.ubereats.com/washington-dc/food-delivery/droccos/nrAcJ2xXTlux6QvFImX_Wg,springfield-virginia
https://www.ubereats.com/washington-dc/food-delivery/riveras-restaurant/O5FR7Vi5Qa66f8YcfKk7hQ,springfield-virginia
https://www.ubereats.com/washington-dc/food-delivery/el-buen-gusto/sTjFPrN8QPqexPtag_ctDA,springfield-virginia
https://www.ubereats.com/washington-dc/food-delivery/starbucks-springfield/EY_YXPORT4ChEdf0enM1Hg,springfield-virginia
https://www.ubereats.com/washington-dc/food-delivery/noodles-%26-company-7020-old-keene-mill-rd/Ar6D_1y7T1CKj6_kIz7Gig,springfield-virginia
https://www.ubereats.com/washington-dc/food-delivery/saigon-city-restaurant/uivXSgBZTJ6sz6VuzjPE2w,springfield-virginia
https://www.ubereats.com/washington-dc/food-delivery/red-lobster-555-s-van-dorn-street/maW5TveKQlaArDwGA-DZWQ,springfield-virginia
https://www.ubereats.com/washington-dc/food-delivery/bold-dumpling/oCOTHPa1RD6ilnDgq0St_w,springfield-virginia
https://www.ubereats.com/washington-dc/food-delivery/ritas-italian-ice-116-church-st-nw/gSDkRwYsTaixUWtlw9SirA,springfield-virginia
https://www.ubereats.com/washington-dc/food-delivery/cold-stone-5705-burke-centre-pkwy/VSTcMh_KTF23j_X0aLaRWQ,springfield-virginia
https://www.ubereats.com/washington-dc/food-delivery/taqueria-picoso/jQ6JA7ABT66qdTwk6imXLg,springfield-virginia
https://www.ubereats.com/washington-dc/food-delivery/hanshin-pocha/gwAEoUrARcO0sWh0_erIMg,springfield-virginia
https://www.ubereats.com/washington-dc/food-delivery/fuzion/Bz8X_k-5QfG_8ebvXmj_qg,springfield-virginia
https://www.ubereats.com/washington-dc/food-delivery/jerusalem-restaurant-and-catering/62wogTwcRK2-TZinS35pyg,springfield-virginia
https://www.ubereats.com/washington-dc/food-delivery/wendys-5050-chesterfield-rd/xO3GM_KgS_CWU7JpeIqfZg,springfield-virginia
https://www.ubereats.com/washington-dc/food-delivery/outback-steakhouse-6651-backlick-road/cDY4TDRYTL66I_Obvv5XDg,springfield-virginia
https://www.ubereats.com/washington-dc/food-delivery/chipotle-mexican-grill-9447-lorton-market-st/xFIDuGZeS4KOELlXP20xmA,springfield-virginia
https://www.ubereats.com/washington-dc/food-delivery/la-estancia-churrasqueria/HTp4KIa4Snu6N36VbBBjXA,springfield-virginia
https://www.ubereats.com/washington-dc/food-delivery/sophias-deli/C6elddm4TAmecujKyB5MDw,springfield-virginia
https://www.ubereats.com/washington-dc/food-delivery/taco-bell-231-s-van-dorn-st/dGeAqr87RGmsxnmlY_L8tA,springfield-virginia
https://www.ubereats.com/washington-dc/food-delivery/mango-mango-dessert-virginia/yb6iYt2LQi-0p6diNDn75g,springfield-virginia
https://www.ubereats.com/washington-dc/food-delivery/dunkin-504d-s-van-dorn-st/28UWl8NFS-6vAIJUUjKq_Q,springfield-virginia
https://www.ubereats.com/washington-dc/food-delivery/dunkin-6050-burke-commons-rd/jAbdQhzLSbqn-9Knlm1vKw,springfield-virginia
https://www.ubereats.com/washington-dc/food-delivery/the-gluten-free-spot/QnDpz908TaWgnxBfObupdg,springfield-virginia
https://www.ubereats.com/washington-dc/food-delivery/aroma-pizza-company/_3Z_QCwnSriMj1sdE5Qk-w,springfield-virginia
https://www.ubereats.com/washington-dc/food-delivery/jang-won-ban-jum-annandale/nSS6STFJQLWkwy_XdrUg_w,springfield-virginia
https://www.ubereats.com/washington-dc/food-delivery/casa-blanca-tandoori/xxVJ5Kp9Svaf9mw_9yjzfQ,springfield-virginia
https://www.ubereats.com/washington-dc/food-delivery/bonchon-chicken-7125-columbia-pike/-5VNCc-lR7aASbs8mAyq4A,springfield-virginia
https://www.ubereats.com/washington-dc/food-delivery/chick-fil-a-6681a-backlick-rd/AWd5tQYpQuGLnxmDhBBlLw,springfield-virginia
https://www.ubereats.com/washington-dc/food-delivery/mk-indian-cuisine/KDtKPurgTUuCCK9IqBglxA,springfield-virginia
https://www.ubereats.com/washington-dc/food-delivery/balkan-grill/SGlUt1rkTTioy67RwZOf0A,springfield-virginia
https://www.ubereats.com/washington-dc/food-delivery/the-ice-cream-shop/MQv8hCxiTcuhuV8j_1JjMQ,springfield-virginia
https://www.ubereats.com/washington-dc/food-delivery/five-guys-va-0003-6541-backlick-rd/3z7tBCsVSSy3yMP-cw2JFQ,springfield-virginia
https://www.ubereats.com/washington-dc/food-delivery/brittanys-restaurant-%26-sports-bar/-cXKNP-9Tt2pko0c2y_2OQ,springfield-virginia
https://www.ubereats.com/washington-dc/food-delivery/chasin-tails-arlington/i-wYBKwUSDmnMr1YHxvNWQ,springfield-virginia
https://www.ubereats.com/washington-dc/food-delivery/chipotle-mexican-grill-6242-little-river-tpke-ste-a/7BUtc4IqRUy4JUZiIkTtHw,springfield-virginia
https://www.ubereats.com/washington-dc/food-delivery/arepa-zone-fairfax/8p_rjIcjQWK2nkSsxmajbA,springfield-virginia
https://www.ubereats.com/washington-dc/food-delivery/pica-taco/pTxZoQoAQV6_ITaxaqMOJQ,springfield-virginia
https://www.ubereats.com/washington-dc/food-delivery/famous-daves-2430-prince-william/wd9dB5ExRYOQ4nZQX4Ad5w,springfield-virginia
https://www.ubereats.com/washington-dc/food-delivery/mcdonalds-falls-chur-gall/32xngxHdSLaN_4xMdaSU8A,springfield-virginia
https://www.ubereats.com/washington-dc/food-delivery/seoul-soondae/eO8eeqTWREi1qxj_YL-dKA,springfield-virginia
https://www.ubereats.com/washington-dc/food-delivery/vocelli-pizza-6973-h-hechinger-drive/h-Gj0985Roem40ey6f3Z-A,springfield-virginia
https://www.ubereats.com/washington-dc/food-delivery/seoul-soondae-restaurant-annandale/S0zoxHGpSNy2MKWWIGLmhg,springfield-virginia
https://www.ubereats.com/washington-dc/food-delivery/karahi-kabob-%26-sweets/YnLN3OIZSgOcZx-5FydF-A,springfield-virginia
https://www.ubereats.com/washington-dc/food-delivery/the-secret-garden-cafe/I2v3fSZ9SVqsyqeTzI2cgA,springfield-virginia
https://www.ubereats.com/washington-dc/food-delivery/firenza-pizza-alexandria-va/gVDc4gpLQmSaWGLXRsTaYQ,springfield-virginia
https://www.ubereats.com/washington-dc/food-delivery/the-ice-cream-shop/28ZhpvQbRwGkGcs7QnGxaQ,springfield-virginia
https://www.ubereats.com/washington-dc/food-delivery/starbucks-carlyle-center/d3_8clTwSf-tFXOvxsYD0g,springfield-virginia
https://www.ubereats.com/washington-dc/food-delivery/mezeh-mediterranean-grill-old-keene-mill/BerrnrSjTpeRPxkILaTgVQ,springfield-virginia
https://www.ubereats.com/washington-dc/food-delivery/mcdonalds-fairfax-pickett/fd8ZsI-NRB2n8Omgm2V8ag,springfield-virginia
https://www.ubereats.com/washington-dc/food-delivery/chicken-palace/890dhMvVQ36AT0TjlCrBSQ,springfield-virginia
https://www.ubereats.com/washington-dc/food-delivery/sakura-grill-burke/8EZI-rn7TEWIKLQPr4QShg,springfield-virginia
https://www.ubereats.com/washington-dc/food-delivery/paradise-ice-cream-inc/O_LZ9CZARvSbYKIG3n8A4A,springfield-virginia
https://www.ubereats.com/washington-dc/food-delivery/the-burger-shack-alexandria/Bl7zbZqlR7yduylvhTY9kw,springfield-virginia
https://www.ubereats.com/washington-dc/food-delivery/sweet-fire-donnas/Qk8sggALSdC_CP-8_SymYw,springfield-virginia
https://www.ubereats.com/washington-dc/food-delivery/firehouse-subs-engleside/yleTDDkxSVKfG2RO0qiCLw,springfield-virginia
https://www.ubereats.com/washington-dc/food-delivery/samurai-hibachi-%26-sushi-bar/XI78PFbxRCWzwtCOA-r8UQ,springfield-virginia
https://www.ubereats.com/washington-dc/food-delivery/house-of-dynasty-alexandria/OBcWKGHKRZOiPW5zAwoa8g,springfield-virginia
https://www.ubereats.com/washington-dc/food-delivery/chipotle-mexican-grill-6230-rolling-rd/q-B0HHpZR46EXHww9_H8bQ,springfield-virginia
https://www.ubereats.com/washington-dc/food-delivery/meega-korean-bbq/Mywy5BpJQNKT82zzajWSkA,springfield-virginia
https://www.ubereats.com/washington-dc/food-delivery/hong-kong-express/A9lH7e9QT5SDwFEwPhAVfA,springfield-virginia
https://www.ubereats.com/washington-dc/food-delivery/maggios-italiano-alexandria/uwXg5TXyQXud949nanpM1w,springfield-virginia
https://www.ubereats.com/washington-dc/food-delivery/rice-%26-noodles-thai-gourmet-alexandria/iLxF1aYRTeml3FfJuhvapg,springfield-virginia
https://www.ubereats.com/washington-dc/food-delivery/phoenicia-resto-%26-lounge-vienna/o6iZ99r4SkGQiF5enj4b1A,springfield-virginia
https://www.ubereats.com/washington-dc/food-delivery/pho-bowl/EFkW6MplRmWwaeFG7uSSEQ,springfield-virginia
https://www.ubereats.com/washington-dc/food-delivery/the-peoples-drug/T-L4vM75RQ6Nfn-mEER9fg,springfield-virginia
https://www.ubereats.com/washington-dc/food-delivery/taco-bell-4681-king-st/yDood82nR5W8xxLAxAW7iw,springfield-virginia
https://www.ubereats.com/washington-dc/food-delivery/bungalow-sports-grill/5eWR5uZKTb6PzBNUWQO4aA,springfield-virginia
https://www.ubereats.com/washington-dc/food-delivery/yamazato-sushi-%26-spice/wFUaHVIzRBW-VqJJZd_Zyw,springfield-virginia
https://www.ubereats.com/washington-dc/food-delivery/five-guys-va-0309-6546-little-river-turnpike/zMIUUxUDQcKyGxbMZshteg,springfield-virginia
https://www.ubereats.com/washington-dc/food-delivery/kimen-ramen-%26-izakaya/g6ePOEucReqXi_KL3gZS5A,springfield-virginia
https://www.ubereats.com/washington-dc/food-delivery/fifty-west-cafe/8VlS0AijTYehyk8diVGCjQ,springfield-virginia
https://www.ubereats.com/washington-dc/food-delivery/boston-market-6650-richmond-highway/4Ne3SpLkQX2DuThi16-6Vg,springfield-virginia
https://www.ubereats.com/washington-dc/food-delivery/neisha-thai/6BVsV80ZT7aHzLDmm3oqUg,springfield-virginia
https://www.ubereats.com/washington-dc/food-delivery/los-tios-grill/1P90D1gLTLSWmp7zLHtThw,springfield-virginia
https://www.ubereats.com/washington-dc/food-delivery/genghis-grill-alexandria-kingstowne/08hqEYfPREO0x-jCIe8yog,springfield-virginia
https://www.ubereats.com/washington-dc/food-delivery/khan-japanese-kitchen-%26-bar/3tUM7NbTSru8atB4REUITQ,springfield-virginia
https://www.ubereats.com/washington-dc/food-delivery/chick-fil-a-5815-burke-centre-pkwy/JII7TEfzQeaJRN-BHZ10tA,springfield-virginia
https://www.ubereats.com/washington-dc/food-delivery/choong-man-chicken/75lKfBdNRB6kDcZGCd7mUg,springfield-virginia
https://www.ubereats.com/washington-dc/food-delivery/four-seasons-cafe/WoeOYuSXRjiO-TJmd6VmOw,springfield-virginia
https://www.ubereats.com/washington-dc/food-delivery/mughal-oasis-restaurant/NNrILaCtRhCU6wD6VEggvw,springfield-virginia
https://www.ubereats.com/washington-dc/food-delivery/potbelly-sandwich-shop-fair-city-mall-%7C-363/7OI8d3MNQRiFEejsqqDAiw,springfield-virginia
https://www.ubereats.com/washington-dc/food-delivery/vocelli-pizza-6126-rose-hill-drive-unit-15b/n4ounYUXRT6fplCO4uvPgQ,springfield-virginia
https://www.ubereats.com/washington-dc/food-delivery/el-paso-mexican-restaurant-cooper-rd-alexandria/gKa93g-QT7qHbyguiI3wKw,springfield-virginia
https://www.ubereats.com/washington-dc/food-delivery/starbucks-alexandria-commons/rSDvYlaLTVG5T1GvNmkc1Q,springfield-virginia
https://www.ubereats.com/washington-dc/food-delivery/tamales-pachuca-lorton/nan81GhaQJOupWr4yXAxVg,springfield-virginia
https://www.ubereats.com/washington-dc/food-delivery/chipotle-mexican-grill-5955-kingstowne-towne-ctr-ste-160/07PBQc7CSPiKrINl-s2Fhw,springfield-virginia
https://www.ubereats.com/washington-dc/food-delivery/kung-fu-tea-7000-brookfield-plaza/GmO7hqyPRK2042HqOwcxyg,springfield-virginia
https://www.ubereats.com/washington-dc/food-delivery/mcdonalds-beauregard/rQitE573SvmzQCMoQuXMMQ,springfield-virginia
https://www.ubereats.com/washington-dc/food-delivery/mcdonalds-bwr-rbd-450020-little-river-tpk/rjYu71-aQqCte7ilxTwrmg,springfield-virginia
https://www.ubereats.com/washington-dc/food-delivery/starbucks-yorktowne-center/iSx7Lz7rQmejq0Psais6pw,springfield-virginia
https://www.ubereats.com/washington-dc/food-delivery/kang-chon/pxUAS3WIScCceI_V2b-A0Q,springfield-virginia
https://www.ubereats.com/washington-dc/food-delivery/blue-pearl-buffet/sg9STw0jQpCmG1zFr3UDkw,springfield-virginia
https://www.ubereats.com/washington-dc/food-delivery/los-restaurant/MhD3aGsLSaCdg-M0Seti1w,springfield-virginia
https://www.ubereats.com/washington-dc/food-delivery/sampan/K1eqElLsTBitLvDpVuF--w,springfield-virginia
https://www.ubereats.com/washington-dc/food-delivery/%26pizza-springfield/5pBHXjSISuGxdlgreBbM_g,springfield-virginia
https://www.ubereats.com/washington-dc/food-delivery/mikes-american-grill/1d4SbthkR9aw3KEl9D54IA,springfield-virginia
https://www.ubereats.com/washington-dc/food-delivery/new-york-subs-and-more/DX_gyVlNRe6NQJlrJojCrQ,springfield-virginia
https://www.ubereats.com/washington-dc/food-delivery/dunkin-6451-edsall-rd/OC1eWLUNStOg-nZnB2lmSg,springfield-virginia
https://www.ubereats.com/washington-dc/food-delivery/pulgarcito-grill/sY9Aw57XTeuLXq8cHSxhxA,springfield-virginia
https://www.ubereats.com/washington-dc/food-delivery/subway-7566-telegraph-rd/Hxh63KfUQ2uti8o2NBlxXQ,springfield-virginia
https://www.ubereats.com/washington-dc/food-delivery/dunkin-6715-backlick-rd/m4A_3hGEQ6yKoFbfZtWZpw,springfield-virginia
https://www.ubereats.com/washington-dc/food-delivery/milanos-family-restaurant-springfield/TdDH7z9mR2Wwzt8HehopPA,springfield-virginia
https://www.ubereats.com/washington-dc/food-delivery/natalies-baguette/Bm9v4nt1TmyPIWGfWY1uWw,springfield-virginia
https://www.ubereats.com/washington-dc/food-delivery/siroo/EgptxJjzSzuFbADGL5FE5g,springfield-virginia
https://www.ubereats.com/washington-dc/food-delivery/mcdonalds-kings-park-s-c-relo/hPOypCCBQAqDKujwRi8PYQ,springfield-virginia
https://www.ubereats.com/washington-dc/food-delivery/buffalo-wild-wings-7732-richmond-hwy-ste-mt/8Cng9XhvQN25GDpryLWXFQ,springfield-virginia
https://www.ubereats.com/washington-dc/food-delivery/outback-steakhouse-6804-richmond-highway/jAhbAu58RROKIsfoFrZz4g,springfield-virginia
https://www.ubereats.com/washington-dc/food-delivery/arties-fairfax/L9SOt_nARsuwYzU_T43_EA,springfield-virginia
https://www.ubereats.com/washington-dc/food-delivery/dickeys-barbecue-restaurants-inc-6451-old-beulah-st/4_eDZPGPTfmpELiIatVVug,springfield-virginia
https://www.ubereats.com/washington-dc/food-delivery/scoops-2-u/u9lj0LFXRnae5cs-wTSAGA,springfield-virginia
https://www.ubereats.com/washington-dc/food-delivery/marks-pub/D6u0BxjwT2KwEZ00Jev7CA,springfield-virginia
https://www.ubereats.com/washington-dc/food-delivery/tropical-smoothie-cafe-oakton-shopping-center/TksPRYPXTYGjUmNz98GjTg,springfield-virginia
https://www.ubereats.com/washington-dc/food-delivery/empire-restaurant-%E7%9A%87%E4%B8%8A%E7%9A%87/9Wu5mJW3R_q9DKQ5IT-y5w,springfield-virginia
https://www.ubereats.com/washington-dc/food-delivery/i-heart-salads-alexandria/gp1xQpCNS-mBYFA1zrnqsA,springfield-virginia
https://www.ubereats.com/washington-dc/food-delivery/mcdonalds-bailey-leesbrg/5XgNeH72SESZGSc7mjRb_A,springfield-virginia
https://www.ubereats.com/washington-dc/food-delivery/the-middle-eastern-spot/a1ElrI66QN6shuxfUhaqUg,springfield-virginia
https://www.ubereats.com/washington-dc/food-delivery/chipotle-mexican-grill-8066-rolling-rd-%23-9/0xXJd2lGRK2v9QrKe0Pz4g,springfield-virginia
https://www.ubereats.com/washington-dc/food-delivery/chipotle-mexican-grill-6770-richmond-hwy/ERMMDp3tTy-JjaXyXdgf4A,springfield-virginia
https://www.ubereats.com/washington-dc/food-delivery/on-the-border-2651-prince-william-pkwy/N1kGXWyVSXmLSC0f-R5CYA,springfield-virginia
https://www.ubereats.com/washington-dc/food-delivery/pho-banh-mi-%26-grill-fairfax/mXPFXTeZQH6T-ZWhjiHU5g,springfield-virginia
https://www.ubereats.com/washington-dc/food-delivery/outback-steakhouse-315-maple-avenue-east/ZEku7x5jQ_W5nxkTUhwKPA,springfield-virginia
https://www.ubereats.com/washington-dc/food-delivery/bob-evans-285-6310-augusta-drive/c3N6hv6ZRqWFLf07-nO4Vw,springfield-virginia
https://www.ubereats.com/washington-dc/food-delivery/burger-king-7064-columbia-pike/1FL84fR9SJeOzFirJArNEQ,springfield-virginia
https://www.ubereats.com/washington-dc/food-delivery/subway-8960-burke-lake-rd/RHoKL1HdTgWRlddHQAh8_w,springfield-virginia
https://www.ubereats.com/washington-dc/food-delivery/mcdonalds-fx-brddck-exroys/sJVg-ByhQsmswZzoMV0M5Q,springfield-virginia
https://www.ubereats.com/washington-dc/food-delivery/sampan-cafe/mAVJNpCbSO-oYbmxJFl-8A,springfield-virginia
https://www.ubereats.com/washington-dc/food-delivery/el-paso-mexican-restaurant-springfield/t8RLD0YPSjitUVLJt1M9-A,springfield-virginia
https://www.ubereats.com/washington-dc/food-delivery/pho-777/O22P9ERkQROx4EFvYfn6Mw,springfield-virginia
https://www.ubereats.com/washington-dc/food-delivery/jenis-ice-cream-old-town-alexandria/twZJPo6iQCOosIpfCurrhQ,springfield-virginia
https://www.ubereats.com/washington-dc/food-delivery/wing-zone-richmond-hwy/buAPRk1STT-3t9r1N4f9Ww,springfield-virginia
https://www.ubereats.com/washington-dc/food-delivery/junction-bakery-%26-bistro/T20DOtWASCO-epqe4OxqFQ,springfield-virginia
