url,city
https://www.ubereats.com/springfield-mo/food-delivery/golden-corral-2020-e-primrose-place/oeKdmLXZThK9APUpu03o2w,springfield-missouri
https://www.ubereats.com/springfield-mo/food-delivery/wings-etc/6_eNw8ZyRXCX1Yi38EFEDA,springfield-missouri
https://www.ubereats.com/springfield-mo/food-delivery/qdoba-mexican-eats-2631-e-sunshine-st/10ZdAtvFQi-y85VenbYgfA,springfield-missouri
https://www.ubereats.com/springfield-mo/food-delivery/starbucks-sunshine-%26-campbell/hcrFdSNQS6ueUmHUuW_SKQ,springfield-missouri
https://www.ubereats.com/springfield-mo/food-delivery/subway-4126-south-kansas-expwy/GurpNCHYT8SvaKrh8UDHZA,springfield-missouri
https://www.ubereats.com/springfield-mo/food-delivery/archies-italian-eatery/SjB8jD8oS7WD5QuQl_iyNw,springfield-missouri
https://www.ubereats.com/springfield-mo/food-delivery/starbucks-campbell-%26-cowden/sreLz53VRQuESMlTZMOGOQ,springfield-missouri
https://www.ubereats.com/springfield-mo/food-delivery/urban-roots-farm/JQb5ng18T0CmpqLQQggL8w,springfield-missouri
https://www.ubereats.com/springfield-mo/food-delivery/steak-n-shake-1158-st-louis-st/671ok_F8Qkyqe-Ctb6l1qw,springfield-missouri
https://www.ubereats.com/springfield-mo/food-delivery/cicis-319-e-battlefield-rd/Q5tUcqG7QwOZjfJ7QyMuew,springfield-missouri
https://www.ubereats.com/springfield-mo/food-delivery/zaxbys-3220-e-sunshine-st/nXIwefjDSLewMIbsuGsjIA,springfield-missouri
https://www.ubereats.com/springfield-mo/food-delivery/happy-china/P6ZHx_mDTgyxvArs7Irsig,springfield-missouri
https://www.ubereats.com/springfield-mo/food-delivery/schlotzskys-1316-north-glenstone/kJBwTmFoSVC0PbIGeybRJw,springfield-missouri
https://www.ubereats.com/springfield-mo/food-delivery/lucky-tiger-sandwich-co/Bis-KNUSS32UhdI1Fbb1RQ,springfield-missouri
https://www.ubereats.com/springfield-mo/food-delivery/great-american-taco-battlefield-st/tYpQR8siSEGjreeylRxOhA,springfield-missouri
https://www.ubereats.com/springfield-mo/food-delivery/allis-family-restaurant/lQMbaDQCSbGHOYtzi2is7w,springfield-missouri
https://www.ubereats.com/springfield-mo/food-delivery/starbucks-glenstone-%26-cherry/L1fnuTxRTXmetiFDlnXP0A,springfield-missouri
https://www.ubereats.com/springfield-mo/food-delivery/panchos-mexican-food/zxbw0ImWSGiJNTFXXA2p5Q,springfield-missouri
https://www.ubereats.com/springfield-mo/food-delivery/hooties-burger-bar-2110-e-independence-ave/ANNhSUatTSC-gZdjf48xgg,springfield-missouri
https://www.ubereats.com/springfield-mo/food-delivery/kfc-726-w-kearney-street/VxJWw5LRTlCjWoMtv2lE-g,springfield-missouri
https://www.ubereats.com/springfield-mo/food-delivery/amazin-asian/AtDE0LyOQKq9ZT8_4KDNfg,springfield-missouri
https://www.ubereats.com/springfield-mo/food-delivery/mcdonalds-234-s-national-avenue/xf9u2zEBT2iaCIjg_zjeHQ,springfield-missouri
https://www.ubereats.com/springfield-mo/food-delivery/la-hacienda/XXWGJ5VEQwyjmZeqTlD0aw,springfield-missouri
https://www.ubereats.com/springfield-mo/food-delivery/mcdonalds-1717-w-battlefield/ZrZ5KzVcQZesB_hjaoc-BA,springfield-missouri
https://www.ubereats.com/springfield-mo/food-delivery/garbos/yVvXv1eoTOuj478GCXxHqg,springfield-missouri
https://www.ubereats.com/springfield-mo/food-delivery/dairy-queen-grill-%26-chill-1411-w-kearney-st/S1cTS_mtQS28kwt46VGhFg,springfield-missouri
https://www.ubereats.com/springfield-mo/food-delivery/subway-2734-e-chestnut/TbrNNiJ_RHmUYJGWpGnLAw,springfield-missouri
https://www.ubereats.com/springfield-mo/food-delivery/great-american-taco-republic-rd/lte_nl3KQveaD8F9Uc5lJw,springfield-missouri
https://www.ubereats.com/springfield-mo/food-delivery/jamaican-patty-co/-8Ow8WIlS4GdbbYdB3LSPw,springfield-missouri
https://www.ubereats.com/springfield-mo/food-delivery/druffs/UnwlDsMkTiWsxhgfKlMLQQ,springfield-missouri
https://www.ubereats.com/springfield-mo/food-delivery/kfc-215-east-sunshine-street/R6lSUiztSu-AXV4Lsg10xg,springfield-missouri
https://www.ubereats.com/springfield-mo/food-delivery/tropical-smoothie-cafe-3811-s-campbell-ave-suite-a/tf7Vet3iRweKjWVoRB_qqA,springfield-missouri
https://www.ubereats.com/springfield-mo/food-delivery/rama-thai-cafe/_LHLjzcwQtmL7JjrSs1oPg,springfield-missouri
https://www.ubereats.com/springfield-mo/food-delivery/ocean-zen/FyUMv6QsQ3GgjUpIe4VE5Q,springfield-missouri
https://www.ubereats.com/springfield-mo/food-delivery/mcdonalds-528-s-glenstone/ItDBPPdGTPauOYYx7MCp-Q,springfield-missouri
https://www.ubereats.com/springfield-mo/food-delivery/mcdonalds-3510-w-chestnut-expy/N-BLYZ8YQvGEBC6wUxrCsQ,springfield-missouri
https://www.ubereats.com/springfield-mo/food-delivery/red-lobster-2141-s-glenstone-ave/WEzeosZaSm-j_EGDGoZsKw,springfield-missouri
https://www.ubereats.com/springfield-mo/food-delivery/popeyes-louisiana-kitchen-1701-glenstone-ave/qTZ4yc-QSRuNis5NHaeHkg,springfield-missouri
https://www.ubereats.com/springfield-mo/food-delivery/captain-ds-2964-south-national-road/xrnM6nACSvmo6qi_MVQtNw,springfield-missouri
https://www.ubereats.com/springfield-mo/food-delivery/arbys-1416-w-kearney-st/7s4ZBgEMRhSMGbDB9QNPzg,springfield-missouri
https://www.ubereats.com/springfield-mo/food-delivery/burger-king-2138-north-glenstone-avenue/zjnVXdu2Sp6OzfbtSe-iTQ,springfield-missouri
https://www.ubereats.com/springfield-mo/food-delivery/zayka-indian-cuisine/FlTjopXwTfmTlmQ84yvXzQ,springfield-missouri
https://www.ubereats.com/springfield-mo/food-delivery/taco-bell-601-south-national-avenue/khtLNxDhSMS4mZjUzSKGmg,springfield-missouri
https://www.ubereats.com/springfield-mo/food-delivery/china-king/Y-yXyBK3SfOpMWahDqyNjg,springfield-missouri
https://www.ubereats.com/springfield-mo/food-delivery/subway-3520-w-sunshine-st/KmYXib9wQ_OUopb6IXEKIA,springfield-missouri
https://www.ubereats.com/springfield-mo/food-delivery/hemingways/yleL79yrQCaRIFbDRRubGw,springfield-missouri
https://www.ubereats.com/springfield-mo/food-delivery/taco-bell-1348-n-glenstone/8bwszfOxS8ubmt8reESUdw,springfield-missouri
https://www.ubereats.com/springfield-mo/food-delivery/cracker-barrel-old-country-store-2858-north-glenstone/PoPZsxlSRfKRM97SQeUZsA,springfield-missouri
https://www.ubereats.com/springfield-mo/food-delivery/zaxbys-540-w-el-camino-alto-st/MhmFIKvbS8WHuWRtTHB1UA,springfield-missouri
https://www.ubereats.com/springfield-mo/food-delivery/rib-crib-bbq-%26-grill-2922-s-glenstone-ave/_RTLnraSTzuJt_2CA1SPuw,springfield-missouri
https://www.ubereats.com/springfield-mo/food-delivery/panera-500-south-national-avenue/gigOCakpRlmQxZJu7F4Gyg,springfield-missouri
https://www.ubereats.com/springfield-mo/food-delivery/chipotle-mexican-grill-3356-s-campbell-ave/aLT5eT9PSAW7DwC0gccRmQ,springfield-missouri
https://www.ubereats.com/springfield-mo/food-delivery/jersey-mikes-subs-1008-east-battlefield-rd/xzpco-6vSZ6g92B6U09-RQ,springfield-missouri
https://www.ubereats.com/springfield-mo/food-delivery/subway-1735-w-sunshine/8tQaLvIAT0epjAxeCWAqLQ,springfield-missouri
https://www.ubereats.com/springfield-mo/food-delivery/queen-city-wine-dive/8XUvr9dvTXSlc_ldGyBY_w,springfield-missouri
https://www.ubereats.com/springfield-mo/food-delivery/sams-southern-eatery/ty1ZMjBzQfWMfUW8Hg_SFw,springfield-missouri
https://www.ubereats.com/springfield-mo/food-delivery/qdoba-mexican-eats-401-s-kimbrough-ave/Gs3sqNimQSCYS3C692iBXA,springfield-missouri
https://www.ubereats.com/springfield-mo/food-delivery/fazolis-2055-e-independence-ave/B4ehzfYxSBaAovvAlwo6xg,springfield-missouri
https://www.ubereats.com/springfield-mo/food-delivery/roccos-pizza-and-subs/z7uvWRSZTI6hmFQGFlZOkg,springfield-missouri
https://www.ubereats.com/springfield-mo/food-delivery/dairy-queen-grill-%26-chill-4150-s-campbell-st/n1pc3rnqTtee__K58KTCRg,springfield-missouri
https://www.ubereats.com/springfield-mo/food-delivery/steak-n-shake-3247-e-battlefield/zAmprFjwRLOqVj_gH8dpAQ,springfield-missouri
https://www.ubereats.com/springfield-mo/food-delivery/panchos-mexican-food/tIN3YYthTP6WmZfxUrRbAA,springfield-missouri
https://www.ubereats.com/springfield-mo/food-delivery/five-guys-mo-1575-2711-a-north-kansas-expresswa/bbj0RmwPRHOCNeiSY3iBkw,springfield-missouri
https://www.ubereats.com/springfield-mo/food-delivery/creasian/dz6UlP1MSv6nWUPpu0xliA,springfield-missouri
https://www.ubereats.com/springfield-mo/food-delivery/mcalisters-1186-2445-north-kansas-expressway/UqxhO4yLTHymZG3E9nSLqw,springfield-missouri
https://www.ubereats.com/springfield-mo/food-delivery/purple-burrito-ingram/vFXWDDIKRy6ey5Z5n5L0mw,springfield-missouri
https://www.ubereats.com/springfield-mo/food-delivery/carriage-house/i3dB1uL3T2eY6qwY8ZtF-w,springfield-missouri
https://www.ubereats.com/springfield-mo/food-delivery/subway-2721-n-kansas-expressway/VJHuC2FPQMutilbIIfFvVA,springfield-missouri
https://www.ubereats.com/springfield-mo/food-delivery/dickeys-barbecue-restaurants-inc-1360-republic-road/ke-o4zwrSCGdezs-xR7G5A,springfield-missouri
https://www.ubereats.com/springfield-mo/food-delivery/steak-n-shake-2760-north-glenstone/I1MT2TarQTWxA7UO3BoxSg,springfield-missouri
https://www.ubereats.com/springfield-mo/food-delivery/panda-express-720-n-glenstone-avenue/0wnJ7H_SQQWO6bALbCUgTA,springfield-missouri
https://www.ubereats.com/springfield-mo/food-delivery/bawi-korean-bbq/KdsBF_Y9Re6HplDrS2mk3A,springfield-missouri
https://www.ubereats.com/springfield-mo/food-delivery/bairs-sports-grill/4O8sz7hWSUi489HetFcsVQ,springfield-missouri
https://www.ubereats.com/springfield-mo/food-delivery/burger-king-525-south-national/ebSmDpkVRmqaQ_nY2d2ntw,springfield-missouri
https://www.ubereats.com/springfield-mo/food-delivery/rib-crib-bbq-%26-grill-1640-n-glenstone/78C3RTjSQQ-SfWzQCnlAMA,springfield-missouri
https://www.ubereats.com/springfield-mo/food-delivery/taco-bell-2047-east-independence-street/uThnNktdTouOD7jhbiACEw,springfield-missouri
https://www.ubereats.com/springfield-mo/food-delivery/city-cafe/LWR5p3m-THe6W8KAanHS1w,springfield-missouri
https://www.ubereats.com/springfield-mo/food-delivery/taco-bell-629-west-sunshine-street/WqC7dquORS-iZ7a4kTpGkA,springfield-missouri
https://www.ubereats.com/springfield-mo/food-delivery/taco-bell-3860-west-sunshine-street/QpTViztzQji6r_2QMASuQg,springfield-missouri
https://www.ubereats.com/springfield-mo/food-delivery/buffalo-wild-wings-2725-n-kansas-expy/jG1KOZoMQROgh1UXGmVkHQ,springfield-missouri
https://www.ubereats.com/springfield-mo/food-delivery/nobaked-cookie-dough/XA7bgA8WRCyLOBip4qZ8oA,springfield-missouri
https://www.ubereats.com/springfield-mo/food-delivery/chicago-cheesesteak-company/zylCegwoTIiPj2KXphcO4A,springfield-missouri
https://www.ubereats.com/springfield-mo/food-delivery/jade-east-restaurant/kPlbXm_HRyiyhvB3jbu1zA,springfield-missouri
https://www.ubereats.com/springfield-mo/food-delivery/greek-belly/iKmuZ6MlRY-4NfxOpd-eWQ,springfield-missouri
https://www.ubereats.com/springfield-mo/food-delivery/eurasia-coffee-%26-tea/RagzpiRWREGq01zBhmxWIw,springfield-missouri
https://www.ubereats.com/springfield-mo/food-delivery/mcdonalds-1114-west-kearney/gRysp2lxRQeqK7DUnL62BQ,springfield-missouri
https://www.ubereats.com/springfield-mo/food-delivery/t-bairz-sports-bar-%26-grill/K3T_HZfZQwSREe2qEHhKNw,springfield-missouri
https://www.ubereats.com/springfield-mo/food-delivery/tropical-smoothie-cafe-3645-east-sunshine-street/Q73zO9JGSKqUl0eMkyd47g,springfield-missouri
https://www.ubereats.com/springfield-mo/food-delivery/jersey-mikes-subs-1903-s-glenstone-ave/E91AO6lgTm6AS0ipBZJBHQ,springfield-missouri
https://www.ubereats.com/springfield-mo/food-delivery/hard-knox-bbq/5KaYOOpSSa2VyjmVhTeHiA,springfield-missouri
https://www.ubereats.com/springfield-mo/food-delivery/burger-king-935-west-kearney-street/uL1jMwf8QiqpAmQ4ZUU74g,springfield-missouri
https://www.ubereats.com/springfield-mo/food-delivery/el-charro/KFkh-R9uRWayef_e18g00A,springfield-missouri
https://www.ubereats.com/springfield-mo/food-delivery/moes-southwest-grill-glenstone/_YnEBcObRMO7Ui1IANcoqw,springfield-missouri
https://www.ubereats.com/springfield-mo/food-delivery/pizza-ranch-2825-s-glenstone-ave-room-f01b/1JOzt_pNTq-L8aWAB_tyhg,springfield-missouri
https://www.ubereats.com/springfield-mo/food-delivery/omo-japanese-soul-food/lCl2L-C2TgWjUFT1C8A7XQ,springfield-missouri
https://www.ubereats.com/springfield-mo/food-delivery/dennys-springfield/lcZJ7sIJSmSBstklbH-rAQ,springfield-missouri
https://www.ubereats.com/springfield-mo/food-delivery/steak-n-shake-1550-s-glenstone/SrsPevTUQhazsms2-C_RgA,springfield-missouri
https://www.ubereats.com/springfield-mo/food-delivery/wendys-1312-w-kearney/nG3_Eef3QJWcyn97xQCu2w,springfield-missouri
https://www.ubereats.com/springfield-mo/food-delivery/mcdonalds-1221-e-kingsley/lMyJ98vHQfy3zCls0hgd0Q,springfield-missouri
https://www.ubereats.com/springfield-mo/food-delivery/mcalisters-1030-1460-east-primrose-street/zB1rDwc2SyaZTyiYN8hLdg,springfield-missouri
https://www.ubereats.com/springfield-mo/food-delivery/st-michaels-restaurant-and-catering/yWf_NBL3QSGCdPXswkBYIQ,springfield-missouri
https://www.ubereats.com/springfield-mo/food-delivery/sonic-635-w-commercial/ZYrFBU6YSJCWPeLlK4LnSg,springfield-missouri
https://www.ubereats.com/springfield-mo/food-delivery/roccos-pizza-south-springfield/3oB4CenQSqWZb8E7_h8YyQ,springfield-missouri
https://www.ubereats.com/springfield-mo/food-delivery/fazolis-2137-n-glenstone-avenue/tHerPKtnSfW4z4kdumlo6Q,springfield-missouri
https://www.ubereats.com/springfield-mo/food-delivery/hinode-japanese-steakhouse/r5AA6KaFQBabwWEE6FWuDw,springfield-missouri
https://www.ubereats.com/springfield-mo/food-delivery/qdoba-mexican-eats-4127-s-kansas-expressway/7pEO8alFSg-HFtCIE9bcVA,springfield-missouri
https://www.ubereats.com/springfield-mo/food-delivery/kfc-1808-w-battlefield-street/_JXRLkY6QE-xZgECaWbHrQ,springfield-missouri
https://www.ubereats.com/springfield-mo/food-delivery/ruby-tuesday-2725-north-glenstone-avenue/jmErdSPcSwWH-8YPJC9MxQ,springfield-missouri
https://www.ubereats.com/springfield-mo/food-delivery/black-market-smokehouse/OAjpa7hzSWGDKEW3XA1xCA,springfield-missouri
https://www.ubereats.com/springfield-mo/food-delivery/bairs-sports-grill-kimbrough/bLqBFyNbQN-dO9vucVIfHA,springfield-missouri
https://www.ubereats.com/springfield-mo/food-delivery/krispy-kreme-3860-south-campbell-avenue/Wu5FXnhxQq2F9gjs_YWhBg,springfield-missouri
https://www.ubereats.com/springfield-mo/food-delivery/craft-sushi/8BMAvx4gQMqW_qCii3GJgA,springfield-missouri
https://www.ubereats.com/springfield-mo/food-delivery/huhot-mongolian-grill-2825-south-glenstone-battlefield-mall/0ScvT6TlSa22__REByJbpw,springfield-missouri
https://www.ubereats.com/springfield-mo/food-delivery/papa-johns-1037-s-glenstone/SnPwLD3LRoGXXoFWI61b9Q,springfield-missouri
https://www.ubereats.com/springfield-mo/food-delivery/qdoba-mexican-eats-900-e-battlefield-rd/d1O2lpiqRhS5PDn5XoUtog,springfield-missouri
https://www.ubereats.com/springfield-mo/food-delivery/pasquallys-pizza-%26-wings-3500a-south-glenstone-ave/-0j2nBTmRtS3iQeBPYm85w,springfield-missouri
https://www.ubereats.com/springfield-mo/food-delivery/cold-stone-creamery-battlefield-rd/INUMzVtATumD6k33WUmDJw,springfield-missouri
https://www.ubereats.com/springfield-mo/food-delivery/wendys-1723-w-republic-road/1wxFCtO0Tv6ojHJKri8P6A,springfield-missouri
https://www.ubereats.com/springfield-mo/food-delivery/red-robin-616-3720-south-glenstone-ave/alRexzFFQQaRBWoydFN5UA,springfield-missouri
https://www.ubereats.com/springfield-mo/food-delivery/wendys-1272-e-battlefield/CNS2xSwGSGa92MJ7f9XRAQ,springfield-missouri
https://www.ubereats.com/springfield-mo/food-delivery/popeyes-louisiana-kitchen-1231-w-kearney-street/dCZui-1BR-ePDXFxMEriGA,springfield-missouri
https://www.ubereats.com/springfield-mo/food-delivery/eat-fit-go-springfield/lak2vfjrR4qljXT10d7vnQ,springfield-missouri
https://www.ubereats.com/springfield-mo/food-delivery/papa-murphys-4035-south-campbell-avenue/FTUcBR23TbOv6kaM0q5Ubw,springfield-missouri
https://www.ubereats.com/springfield-mo/food-delivery/kfc-240-west-bypass-north/jmoiLPbSSv237iIwm00aTw,springfield-missouri
https://www.ubereats.com/springfield-mo/food-delivery/buffalo-wild-wings-900-e-battlefield-st/3vF3Y5LmSWeIKw9ECGdaeg,springfield-missouri
https://www.ubereats.com/springfield-mo/food-delivery/schlotzskys-4132-s-campbell/MDqtKjMfS7GyREaCdBikAQ,springfield-missouri
https://www.ubereats.com/springfield-mo/food-delivery/burger-king-3009-south-campbell-avenue/ZCOkQErGSniiv9vYTl9WVg,springfield-missouri
https://www.ubereats.com/springfield-mo/food-delivery/riad/7wOV9QN7ScuUh8R44H1_ZQ,springfield-missouri
https://www.ubereats.com/springfield-mo/food-delivery/arbys-2225-s-campbell-ave/TdnxR5gnTuGK2GS9PKRlNA,springfield-missouri
https://www.ubereats.com/springfield-mo/food-delivery/chipotle-mexican-grill-1211-e-saint-louis-st/5dp7Owk2QNaMkoXsAlCgIw,springfield-missouri
https://www.ubereats.com/springfield-mo/food-delivery/captain-ds-2604-east-sunshine-street/5U0SHaNySL-Pm4jVgTRwmg,springfield-missouri
https://www.ubereats.com/springfield-mo/food-delivery/panda-express-1905-e-independence/JUPfi1csSkqCohG2gIJyNw,springfield-missouri
https://www.ubereats.com/springfield-mo/food-delivery/taj-mahal-indian-restaurant/6Y0SpetnQnqscDWSYVoCcg,springfield-missouri
https://www.ubereats.com/springfield-mo/food-delivery/el-sombrero-mexican-restaurant/qt4flYLJQhqIol48Cm43UA,springfield-missouri
https://www.ubereats.com/springfield-mo/food-delivery/applebees-2430-n-glenstone-ave/jvqsy66SQg2a1ldNERUwMg,springfield-missouri
https://www.ubereats.com/springfield-mo/food-delivery/wendys-3558-s-campbell/84TX0kwBS4eUXvzNDP18SQ,springfield-missouri
https://www.ubereats.com/springfield-mo/food-delivery/burger-king-425-north-west-bypass/RAeDfa1JRzutaWwbo-meNA,springfield-missouri
https://www.ubereats.com/springfield-mo/food-delivery/mcalisters-1060-210-west-sunshine/3twE5t9dSTGGz0pF1HWkzg,springfield-missouri
https://www.ubereats.com/springfield-mo/food-delivery/outback-steakhouse-3760-south-glenstone-avenue/21Rdv41QQcyk8CptRmez8A,springfield-missouri
https://www.ubereats.com/springfield-mo/food-delivery/greek-in-the-box/87sHBMzzQD6X55ED10zx8g,springfield-missouri
https://www.ubereats.com/springfield-mo/food-delivery/papa-johns-1814-w-kearney-st/4uN03S3XQwqvrCPwNhieug,springfield-missouri
https://www.ubereats.com/springfield-mo/food-delivery/taco-bell-2933-s-national-ave/QLoXXRzcSpuxJ8YVq-nwmw,springfield-missouri
https://www.ubereats.com/springfield-mo/food-delivery/honey-baked-ham-1416-e-battlefield-rd/PfxKWe1tTcKMAgp0fCQhlw,springfield-missouri
https://www.ubereats.com/springfield-mo/food-delivery/springfield-family-restaurant/qFQ3F2QwTMS9xih5GFTxng,springfield-missouri
https://www.ubereats.com/springfield-mo/food-delivery/nonnas-italian-american-cafe/gJi4ij_nRcmTLaike13ZQQ,springfield-missouri
https://www.ubereats.com/springfield-mo/food-delivery/burger-king-1929-west-republic-rd/G3oWkxh9TaSsXjH-zj1_ag,springfield-missouri
https://www.ubereats.com/springfield-mo/food-delivery/first-watch-2946-s-national-ave/rCpCVh9MQ_WEQs11_oPBHA,springfield-missouri
https://www.ubereats.com/springfield-mo/food-delivery/carriage-house-parent/GYqzNiFZTXWodszWdz1lzg,springfield-missouri
https://www.ubereats.com/springfield-mo/food-delivery/wok-star/Y1PRP3oITlKMACctFnVLcA,springfield-missouri
https://www.ubereats.com/springfield-mo/food-delivery/dunkin-4020-s-campbell-ave/qTTbFMIPR6Onp8nuyaEdJQ,springfield-missouri
https://www.ubereats.com/springfield-mo/food-delivery/wendys-2125-e-independence/Ftvx3AkdTWy92nueOIfaMg,springfield-missouri
https://www.ubereats.com/springfield-mo/food-delivery/subway-3315-s-campbell-ave/Cx99mIMITUuX0QBdXi7ELQ,springfield-missouri
https://www.ubereats.com/springfield-mo/food-delivery/mcdonalds-501-w-sunshine/AKsdpiIsQ82iRI9FMHN3uA,springfield-missouri
https://www.ubereats.com/springfield-mo/food-delivery/gem-of-india/xHmv7GwYQXuH-MU5Bw5FlQ,springfield-missouri
https://www.ubereats.com/springfield-mo/food-delivery/wendys-3334-e-sunshine/e9facy94TySXABG3P-a4EA,springfield-missouri
https://www.ubereats.com/springfield-mo/food-delivery/arbys-230-s-west-bypass/cuu511hkQiSC67HTNLVzjQ,springfield-missouri
https://www.ubereats.com/springfield-mo/food-delivery/taco-bell-1335-w-kearney-st/ze9GzPAoTiC1aeGibFpblQ,springfield-missouri
https://www.ubereats.com/springfield-mo/food-delivery/progress-restaurant/324NEuP-S3-YvDn1F8Cagg,springfield-missouri
https://www.ubereats.com/springfield-mo/food-delivery/mcdonalds-2512-e-sunshine/T4sGp_qeSCCt_6pVQMk_Kw,springfield-missouri
https://www.ubereats.com/springfield-mo/food-delivery/mcdonalds-4101-s-campbell/AyvqOsHCSD-rgTzxZSvYzw,springfield-missouri
https://www.ubereats.com/springfield-mo/food-delivery/mcdonalds-1607-e-battlefield-rd/obqtmgZFS_eRDql3keSoBA,springfield-missouri
https://www.ubereats.com/springfield-mo/food-delivery/papa-johns-3305-s-campbell-ave-suite-a/ukHwJSFaTpS8EBivBU7r-g,springfield-missouri
https://www.ubereats.com/springfield-mo/food-delivery/first-watch-3103-e-sunshine/09DtsbaiTACLJYrcLcfSbw,springfield-missouri
https://www.ubereats.com/springfield-mo/food-delivery/subway-321-e-battlefield/N4tBiVDnQAGI4bYJrx1l5g,springfield-missouri
https://www.ubereats.com/springfield-mo/food-delivery/popeyes-louisiana-kitchen-3195-s-campbell-ave/sMazwvGnRK-Rz6U_PHV2BA,springfield-missouri
https://www.ubereats.com/springfield-mo/food-delivery/taco-bell-2249-east-sunshine/Jdaacea0Tcut-IebfIQhiw,springfield-missouri
https://www.ubereats.com/springfield-mo/food-delivery/steak-n-shake-3755-s-campbell-street/tfu3fHvERYO-Qj7LMctOnQ,springfield-missouri
https://www.ubereats.com/springfield-mo/food-delivery/chick-fil-a-425-w-sunshine-st/0dZBHLdkQOi4xaYXnyl2SQ,springfield-missouri
https://www.ubereats.com/springfield-mo/food-delivery/taco-bell-3340-south-campbell/4cOEbnlFRAKGmhqwowTgLA,springfield-missouri
https://www.ubereats.com/springfield-mo/food-delivery/tropical-smoothie-cafe-1971-e-independence-st/2kpV4M7pSlK4rJryxEo5YA,springfield-missouri
https://www.ubereats.com/springfield-mo/food-delivery/mcdonalds-2811-n-kansas-expwy/BIn4aYssQl2Mlkxbi9qSfQ,springfield-missouri
https://www.ubereats.com/springfield-mo/food-delivery/asian-hut/iBOYpQ18RuiSnpe5vZ2IHQ,springfield-missouri
https://www.ubereats.com/springfield-mo/food-delivery/bricktown-brewery/Mv12Z44NRNylvJWl4HMKNA,springfield-missouri
https://www.ubereats.com/springfield-mo/food-delivery/mcdonalds-2220-n-glenstone-road/bZWjea9ISEyQskiFKgoyYg,springfield-missouri
https://www.ubereats.com/springfield-mo/food-delivery/ichiban-buffet/Ab1CfiW3SzqIDx7NqbopiQ,springfield-missouri
https://www.ubereats.com/springfield-mo/food-delivery/sonic-5656-s-farm-road-157/zAvAE248RG-d3BDrG1gX3Q,springfield-missouri
https://www.ubereats.com/springfield-mo/food-delivery/applebees-1855-east-primrose-ave/LyjR3xaXRUuzCLEK-g99fA,springfield-missouri
https://www.ubereats.com/springfield-mo/food-delivery/arbys-735-s-glenstone-rd/VlZFZVu9Qv2z8SILP2ao0Q,springfield-missouri
https://www.ubereats.com/springfield-mo/food-delivery/arbys-1833-w-republic-road/qyMP2mKITIO4QsYDubEwqw,springfield-missouri
https://www.ubereats.com/springfield-mo/food-delivery/mcalisters-1242-1711-west-battlefield-suite-m/-FkA9Uw0Qcu-d3OaDaI2Qg,springfield-missouri
https://www.ubereats.com/springfield-mo/food-delivery/subway-3860-w-chestnut-expressway/y_s2nWKERMGS0Mf72Ns3wA,springfield-missouri
https://www.ubereats.com/springfield-mo/food-delivery/5-spice-china-grill/bX2gzK7kT5aKK5TSA9KPaA,springfield-missouri
https://www.ubereats.com/springfield-mo/food-delivery/taco-bell-3511-w-chestnut-expy/JiizgxnORhuxlnuWhqr6uQ,springfield-missouri
https://www.ubereats.com/springfield-mo/food-delivery/five-guys-mo-1558-2825-s-glenstone-ave/FjKV5SDxTlqMSaohO2jD8Q,springfield-missouri
https://www.ubereats.com/springfield-mo/food-delivery/wendys-225-w-sunshine/EcoPEPRXSVSSJmGlTegJFA,springfield-missouri
https://www.ubereats.com/springfield-mo/food-delivery/kfc-2237-e-sunshine-street/x-s7gQ2GS4W8VCmfj7kLOg,springfield-missouri
https://www.ubereats.com/springfield-mo/food-delivery/hurts-donuts-company-republic-road/5WFpuYAuTIew9jFShBxePg,springfield-missouri
https://www.ubereats.com/springfield-mo/food-delivery/kuma-japanese-ramen-%26-sushi/bHpV92WrTqSY5sJB-sAI0g,springfield-missouri
https://www.ubereats.com/springfield-mo/food-delivery/hurts-donuts-company-park-central-west/-FLAeZ9vSoCcM6FgRXmX-g,springfield-missouri
https://www.ubereats.com/springfield-mo/food-delivery/little-korea/9QzWhKM_RuSIkTnY5pvapQ,springfield-missouri
https://www.ubereats.com/springfield-mo/food-delivery/fuddruckers-2920-south-lone-pine/IS8RRNrCRJi6DCCzh5UMbg,springfield-missouri
https://www.ubereats.com/springfield-mo/food-delivery/riad/Fv5h074zQqq09Ka-YtvwXw,springfield-missouri
https://www.ubereats.com/springfield-mo/food-delivery/the-urban-cup/zB7gDytkSgS0Dvr4rzMGGg,springfield-missouri
https://www.ubereats.com/springfield-mo/food-delivery/hooters-2010-e-independence-ave/sMcP3k7QRQqrbwGYWbqAow,springfield-missouri
