url,city
https://www.ubereats.com/baltimore/food-delivery/sharkbar-and-seafood-house/BlrtxFHETSi4ZLzco3ZvDQ,st-charles-maryland
https://www.ubereats.com/baltimore/food-delivery/outback-steakhouse-3020-crain-highway/flYvEqQCRaKhSIpTfELRMg,st-charles-maryland
https://www.ubereats.com/baltimore/food-delivery/hen-and-fin/KcnQ66QoR2q28ZEDEruZUw,st-charles-maryland
https://www.ubereats.com/baltimore/food-delivery/taco-bell-2200-crain-hwy/XW63arGoTISb68pztSFUPw,st-charles-maryland
https://www.ubereats.com/baltimore/food-delivery/starbucks-waldorf/1xxD1NW9QbWYDk02LgS84A,st-charles-maryland
https://www.ubereats.com/baltimore/food-delivery/carrabbas-3754-crain-hwy/uR2hobh6T2-Y0b9EnuS3Ow,st-charles-maryland
https://www.ubereats.com/baltimore/food-delivery/red-lobster-11035-mall-circle/h0DWNfNhQfeZUaoe-9HhRg,st-charles-maryland
https://www.ubereats.com/baltimore/food-delivery/ihop-2190-crain-hwy/VHRr8fpqSTi76Vd3zrTHmw,st-charles-maryland
https://www.ubereats.com/baltimore/food-delivery/wendys-3355-leonardtown-road/FF5lSJeXTbSLVf-IvIItmw,st-charles-maryland
https://www.ubereats.com/baltimore/food-delivery/kfc-2180-crain-highway/wqtTkWS2SOuV5-qajzVdug,st-charles-maryland
https://www.ubereats.com/baltimore/food-delivery/ocean-blui-grill/HqGGcazzSCqv3vjcWHVmIA,st-charles-maryland
https://www.ubereats.com/baltimore/food-delivery/krispy-kreme-2054-crain-hwy/BzLVjhBSTY2TntHvr-T0Ng,st-charles-maryland
https://www.ubereats.com/baltimore/food-delivery/popeyes-2485-crain-hwy/1v2t3hhcTMWEcoOTGUedKQ,st-charles-maryland
https://www.ubereats.com/baltimore/food-delivery/mcdonalds-3000-crain-hwy/oSsLt4mVTqe8CAsT886sdg,st-charles-maryland
https://www.ubereats.com/baltimore/food-delivery/wawa-568-4210-crain-highway/xpQ0dhl0Rnyi3Swr6xMf-A,st-charles-maryland
https://www.ubereats.com/baltimore/food-delivery/dunkin-3510-crain-hwy/fTmwMlmXRuyC7X1HgT9GFw,st-charles-maryland
https://www.ubereats.com/baltimore/food-delivery/kabobbq/W2Fklm8wQf-_2tHpwDXIDw,st-charles-maryland
https://www.ubereats.com/baltimore/food-delivery/boston-market-3295-crain-highway/yjtfv6m0QRKuMZWDsCiWaA,st-charles-maryland
https://www.ubereats.com/baltimore/food-delivery/dennys-2975-crain-highway/nyi7og7PRdyBJMewWKa-9g,st-charles-maryland
https://www.ubereats.com/baltimore/food-delivery/martins-soul-food-and-bbq/GXBIwj5pR7O1Zu3NRZPJBQ,st-charles-maryland
https://www.ubereats.com/baltimore/food-delivery/bostons-restaurant-%26-sports-bar-10440-odonnell-pl/aBZJSNsARXiKN6OlgBYNVg,st-charles-maryland
https://www.ubereats.com/baltimore/food-delivery/chuckwagon-catering/-MuZd-05SA-UC2Za-mntpA,st-charles-maryland
https://www.ubereats.com/baltimore/food-delivery/chick-fil-a-11110-mall-cir-po-box-6134/quxDR1IXQ4GhXpBnTEwNGQ,st-charles-maryland
https://www.ubereats.com/baltimore/food-delivery/subway-158-smallwood-village-ctr/PfU4mFHRS2ma9o5Zr_deRA,st-charles-maryland
https://www.ubereats.com/baltimore/food-delivery/brusters-real-ice-cream-1276-smallwood-drive-w/_QyDx1ULTAq187YH1IflDw,st-charles-maryland
https://www.ubereats.com/baltimore/food-delivery/dunkin-2040-crain-hwy/xB_go7e0RtCJLN_DwaOWXA,st-charles-maryland
https://www.ubereats.com/baltimore/food-delivery/red-robin-120-3072-waldorf-market-pl/xqlz6dMCTGePjLqtxlrvoA,st-charles-maryland
https://www.ubereats.com/baltimore/food-delivery/bob-evans-476-3345-crain-highway/50Qr6L4UR4OEhvn68Eg1Rg,st-charles-maryland
https://www.ubereats.com/baltimore/food-delivery/panda-express-1100-smallwood-dr-west/xr_DCu_IRHCXnACUusEaRA,st-charles-maryland
https://www.ubereats.com/baltimore/food-delivery/mcdonalds-3300-leonardtown-rd/Ab-Tu3eAR3mCINdSZH34XA,st-charles-maryland
https://www.ubereats.com/baltimore/food-delivery/lees-caribbean-and-soul-cuisine/SF3tFvhBQDyC6yqXDN39XA,st-charles-maryland
https://www.ubereats.com/baltimore/food-delivery/applebees-3610-crain-hwy-%2379070/GY3vLa9YR2mBrLeTYxzblA,st-charles-maryland
https://www.ubereats.com/baltimore/food-delivery/smoothie-king-2785-crain-highway/LuJV0YC_S7m-_FegQDD3DQ,st-charles-maryland
https://www.ubereats.com/baltimore/food-delivery/jerry-yums/WYBzbeqNQI-owxvOaCVlww,st-charles-maryland
https://www.ubereats.com/baltimore/food-delivery/charleys-philly-steaks-st-charles-towne-center/nRGsdqmASg65TQ2u396Cog,st-charles-maryland
https://www.ubereats.com/baltimore/food-delivery/beijing-restaurant-343-smallwood-dr/NEvIzixUS5mw2he-iupWlw,st-charles-maryland
https://www.ubereats.com/baltimore/food-delivery/tropical-smoothie-cafe-105-drury-dr/7ukvpcULRf2dyIn_-vrrYg,st-charles-maryland
https://www.ubereats.com/baltimore/food-delivery/mcdonalds-11025-mall-circle/nq4KhT68RFGiM3YluMXKfQ,st-charles-maryland
https://www.ubereats.com/baltimore/food-delivery/sbarro-1110-mall-circle/FJ1vnemZQmS3lJevMJ4q_A,st-charles-maryland
https://www.ubereats.com/baltimore/food-delivery/americas-best-wings-st-charles-towne-center/V6dxm7ozSqqEXk19heqWvA,st-charles-maryland
https://www.ubereats.com/baltimore/food-delivery/chipotle-mexican-grill-3250-crain-hwy/FTwsB70HSTiQCpfcpqJqxA,st-charles-maryland
https://www.ubereats.com/baltimore/food-delivery/papa-johns-126-drury-drive/t5ETfDwWRsGNKvU2dFop4g,st-charles-maryland
https://www.ubereats.com/baltimore/food-delivery/golden-gate-chinese-175-smallwood-village-ctr/RDwpzF87Tz-EtzsRTcJ4nw,st-charles-maryland
https://www.ubereats.com/baltimore/food-delivery/ruby-thai-kitchen/zPVlD9uySJyWo5V-CyxRnA,st-charles-maryland
https://www.ubereats.com/baltimore/food-delivery/asiana-restaurant/3986qoc1Sjmid-gFiahDZA,st-charles-maryland
https://www.ubereats.com/baltimore/food-delivery/taco-bell-91-smallwood-drive/MthGZPYQTwe4FLoaHhp7Hw,st-charles-maryland
https://www.ubereats.com/baltimore/food-delivery/wendys-6293-crain-hwy/HGDsx1jeQvuZiLCYmjjWWg,st-charles-maryland
https://www.ubereats.com/baltimore/food-delivery/horace-%26-dickies-of-waldorf/ZnSyXDY4QR2jVRKOjIdMSQ,st-charles-maryland
https://www.ubereats.com/baltimore/food-delivery/wendys-3005-crain-hwy/ePcXbl1HQXqtArW7MHFDkA,st-charles-maryland
https://www.ubereats.com/baltimore/food-delivery/hooties-burger-bar-3600-crain-highway/joseYlpdRhCYrWTL2WDNrw,st-charles-maryland
https://www.ubereats.com/baltimore/food-delivery/hiphop-fish-%26-chicken-waldorf-i/BJ3kA1VmTYGufmJso2BUDA,st-charles-maryland
https://www.ubereats.com/baltimore/food-delivery/hooters-waldorf-md/kaog0g8QTgiYD3IIOY4-9g,st-charles-maryland
https://www.ubereats.com/baltimore/food-delivery/auntie-annes-11110-mall-cir/VBxoNsZjQM2am8YehgRZ9w,st-charles-maryland
https://www.ubereats.com/baltimore/food-delivery/vocelli-pizza-11850-park-waldorf-lane-suite-114/OaW5aUdEQYGJ3rblSZFl1w,st-charles-maryland
https://www.ubereats.com/baltimore/food-delivery/bennys-chinese-restaurant/7F2LHQnhT4WnVliv-v1E7g,st-charles-maryland
https://www.ubereats.com/baltimore/food-delivery/checkers-3002-leonard-town-road/mg8GlIgyQVewJptYt-q-kQ,st-charles-maryland
https://www.ubereats.com/baltimore/food-delivery/five-guys-md-0068-3233-plaza-way/yRVpSoF5TDaLuW6ROEgdug,st-charles-maryland
https://www.ubereats.com/baltimore/food-delivery/chuck-e-cheese-3241-plaza-way/Wf3YSQR_RiSV1A5unEXLww,st-charles-maryland
https://www.ubereats.com/baltimore/food-delivery/noodles-%26-company-3055-waldorf-market-pl-unit-10/GSXKbaElTf6zzBoROIyRFw,st-charles-maryland
https://www.ubereats.com/baltimore/food-delivery/bonchon-chicken-3059-waldorf-marketplace/s17_EPOORPmDVsVCDq4kPg,st-charles-maryland
https://www.ubereats.com/baltimore/food-delivery/buffalo-wild-wings-11215-mall-cir/-w1F1hsqQRaqhl1TgXwSEw,st-charles-maryland
https://www.ubereats.com/baltimore/food-delivery/silver-diner-waldorf/673lQsgpQMOUZFXtmSa3bg,st-charles-maryland
https://www.ubereats.com/baltimore/food-delivery/firehouse-subs-2875-crain-hwy/eDlkfzjxSqOXzFKvBxTBhw,st-charles-maryland
https://www.ubereats.com/baltimore/food-delivery/tamo-smoothies/gttL60ieQm-t4lk_xrssJA,st-charles-maryland
https://www.ubereats.com/baltimore/food-delivery/cracker-barrel-old-country-store-3742-crain-hwy/xr2QRz4-SBiUT_QgYBLPxQ,st-charles-maryland
https://www.ubereats.com/baltimore/food-delivery/spin-juice-house-waldorf/YBgIg2SZQBi3SpNAanahDg,st-charles-maryland
https://www.ubereats.com/baltimore/food-delivery/goodies-sub-shop-3394-leonardtown-rd-waldorf/nmAXKvpAQx-3xVoVtCzEWw,st-charles-maryland
https://www.ubereats.com/baltimore/food-delivery/szechuan-garden/ObVfBYtbRsuRjpwq9-YzGw,st-charles-maryland
https://www.ubereats.com/baltimore/food-delivery/subway-1184-smallwood-dr-w-%23-a-03/qb_SATnFQsCezlUuE6Tc6Q,st-charles-maryland
https://www.ubereats.com/baltimore/food-delivery/dunkin-2925-crain-hwy/gzd_KplfTf-8gB0Vl732_Q,st-charles-maryland
https://www.ubereats.com/baltimore/food-delivery/pasquallys-pizza-%26-wings-3241-plaza-way/a-DvXAYdSeige4_FIzAtzQ,st-charles-maryland
https://www.ubereats.com/baltimore/food-delivery/panera-2930-festival-way/RKcRx_LNRiWxdrBdTKZEDA,st-charles-maryland
https://www.ubereats.com/baltimore/food-delivery/subway-3023-festival-way-%23-213/H3wgQqOER1ifotngSFPkhQ,st-charles-maryland
https://www.ubereats.com/baltimore/food-delivery/tropical-smoothie-cafe-3390-lenoardtown-road/vNCPjYqASHyECjbO-r2u6Q,st-charles-maryland
https://www.ubereats.com/baltimore/food-delivery/the-habit-burger-grill-2980-festival-way/I6xoF4gjTNeXhGqvZ7mvJw,st-charles-maryland
https://www.ubereats.com/baltimore/food-delivery/cold-stone-creamery-3063-waldorf-market-pl/xnB4cVo7SeyIK-lgKqM7Vw,st-charles-maryland
https://www.ubereats.com/baltimore/food-delivery/americas-best-wings-waldorf/njtfd43PRv-hLd93XDvKZg,st-charles-maryland
https://www.ubereats.com/baltimore/food-delivery/crown-fried-chicken/9DZzmLBPSI6KhDCu34XoEw,st-charles-maryland
https://www.ubereats.com/baltimore/food-delivery/chick-fil-a-3365-crain-hwy/3P2eJkSZQcCPR3ZuuaNTfw,st-charles-maryland
https://www.ubereats.com/baltimore/food-delivery/grille-no13-3016-waldorf-market-pl-waldorf/Z-KnyQjFTSaDQcHpcKM2Hw,st-charles-maryland
https://www.ubereats.com/baltimore/food-delivery/outback-steakhouse-6649-crain-hwy/BJdyIo4eTKm3ola4cDt_RA,st-charles-maryland
https://www.ubereats.com/baltimore/food-delivery/famous-daves-3046-waldorf-market-place/iC4gRpR4REmFGg87EsmO0Q,st-charles-maryland
https://www.ubereats.com/baltimore/food-delivery/tgi-fridays-374-waldorf-md/LFzNHXYbRlK1pWxwcxGaeA,st-charles-maryland
https://www.ubereats.com/baltimore/food-delivery/julitos-peruvian-chicken/qxMzJI5iRY-HAc-s8qUVxg,st-charles-maryland
https://www.ubereats.com/baltimore/food-delivery/the-ice-cream-shop/eDZYGL7BQtCyrWtbpVrW7A,st-charles-maryland
https://www.ubereats.com/baltimore/food-delivery/japan-express/zFVhzoBaTA6sTfQjOjACWQ,st-charles-maryland
