url,city
https://www.ubereats.com/kansas-city/food-delivery/cracker-barrel-old-country-store-915-n-woodbine-road/cjcjgXNFTsaB9psDiSLLXg,st-joseph-missouri
https://www.ubereats.com/kansas-city/food-delivery/kfc-5332-north-belt-highway/PjkfGAltQlWLVJ2PN1PO6w,st-joseph-missouri
https://www.ubereats.com/kansas-city/food-delivery/burger-king-715-e-highland-ave/Mzrq1lVvQh-Et65xZvR5Pw,st-joseph-missouri
https://www.ubereats.com/kansas-city/food-delivery/hardees-1501175/_h1_u5e2SOmuarZKnZd-4A,st-joseph-missouri
https://www.ubereats.com/kansas-city/food-delivery/subway-2411/jRtaWk4vSaSaS41nEPo65A,st-joseph-missouri
https://www.ubereats.com/kansas-city/food-delivery/la-mesa-mexican-restaurant/irRpW-KAQfu1uFrogdpXjA,st-joseph-missouri
https://www.ubereats.com/kansas-city/food-delivery/long-john-silvers-1701-n-belt-hwy/cXofJGk2TkyHkbQOooVb5Q,st-joseph-missouri
https://www.ubereats.com/kansas-city/food-delivery/mcdonalds-3504-n-belt-hwy/GaqSlFQnTjWOw_P8KTSgRw,st-joseph-missouri
https://www.ubereats.com/kansas-city/food-delivery/subway-33873/Nrwp6XZSTei1Ph6rQWgqnw,st-joseph-missouri
https://www.ubereats.com/kansas-city/food-delivery/buffalo-wild-wings-5403-north-belt-highway/ttObrQRLT-akPWBESBjySA,st-joseph-missouri
https://www.ubereats.com/kansas-city/food-delivery/dennys-4015-frederick-blvd/SKW9lPRvQISoVDGrQ3Gg6w,st-joseph-missouri
https://www.ubereats.com/kansas-city/food-delivery/hazels-coffee-%26-roasting-company/mBHiqR6kTxebgGqjgZbLNQ,st-joseph-missouri
https://www.ubereats.com/kansas-city/food-delivery/five-guys-mo-1592-3700-frederick-blvd/cEAWry0URZC0iKE_1Fvx6Q,st-joseph-missouri
https://www.ubereats.com/kansas-city/food-delivery/subway-4177/iLJxlK5uTPGGzVj-S37qXQ,st-joseph-missouri
https://www.ubereats.com/kansas-city/food-delivery/country-cooke-st-joes/PMJOBb1eQjyqik6oPpm-bQ,st-joseph-missouri
https://www.ubereats.com/kansas-city/food-delivery/long-john-silvers-6104-lake-ave/NS6zP6pMSsW5fUAIM0wZyw,st-joseph-missouri
https://www.ubereats.com/kansas-city/food-delivery/applebees-4004-frederick-blvd/p2Nu_ZbZRK-_G3jA_0UsRg,st-joseph-missouri
https://www.ubereats.com/kansas-city/food-delivery/chipotle-mexican-grill-5107-n-belt-hwy-ste-101/HmQ6L9DqRo2mJgwZsVFvwQ,st-joseph-missouri
https://www.ubereats.com/kansas-city/food-delivery/arbys-7412/AHECAmrITjqk_f8LEpfVXQ,st-joseph-missouri
https://www.ubereats.com/kansas-city/food-delivery/papa-johns-1808-n-belt-highway/DRZo22UVRq2eTYTN9b_ong,st-joseph-missouri
https://www.ubereats.com/kansas-city/food-delivery/panda-express-5301-north-belt-highway/U1EbaVStTXySGNn38sRdIQ,st-joseph-missouri
https://www.ubereats.com/kansas-city/food-delivery/kfc-813-s-belt-highway/4WpnaSb9SkG5SbArV8uLtQ,st-joseph-missouri
https://www.ubereats.com/kansas-city/food-delivery/starbucks-belt-hwy-%26-faraon/YP_-zgq_TKyC_Y9v06gCIg,st-joseph-missouri
https://www.ubereats.com/kansas-city/food-delivery/subway-6381/RexMfBWxSuWMe6O2iu_6MQ,st-joseph-missouri
https://www.ubereats.com/kansas-city/food-delivery/perkins-3901-frederick-avenue/kAot-CBdSXKphiFn2L6yDQ,st-joseph-missouri
https://www.ubereats.com/kansas-city/food-delivery/burger-king-1517-s-belt-hwy/oQehduuRTfW68lT1EicNcw,st-joseph-missouri
https://www.ubereats.com/kansas-city/food-delivery/mcdonalds-601-n-belt-hwy/qwMNlZrLQuOye26cLLdlBQ,st-joseph-missouri
https://www.ubereats.com/kansas-city/food-delivery/subway-33872/ncx3OZ67RJGY8IQ1y-k4-Q,st-joseph-missouri
https://www.ubereats.com/kansas-city/food-delivery/panera-1209-n-belt-highway/Z4qRE_poSpqiXbSNjsc0Dw,st-joseph-missouri
https://www.ubereats.com/kansas-city/food-delivery/papa-murphys-2115-north-belt-hwy/ZOgQolpQQb2STQpbxKa8fg,st-joseph-missouri
https://www.ubereats.com/kansas-city/food-delivery/fazolis-504-n-belt-highway/qatygRMATiirPzFcpQchQA,st-joseph-missouri
https://www.ubereats.com/kansas-city/food-delivery/red-lobster-4101-frederick-ave/Jxtj7TXGQt-QhOaF02o2gw,st-joseph-missouri
https://www.ubereats.com/kansas-city/food-delivery/don-sasso-argentinian-restaurant/S6_1kXXNTQWHvYd4gZP5Nw,st-joseph-missouri
https://www.ubereats.com/kansas-city/food-delivery/mcalisters-deli-415-st-joseph-mo-1348/ZOUAWOrtTgWrww32vEfSHw,st-joseph-missouri
https://www.ubereats.com/kansas-city/food-delivery/54th-street-restaurant-%26-drafthouse-saint-joseph/OXDvty6PRDCEFioPJbU2yA,st-joseph-missouri
https://www.ubereats.com/kansas-city/food-delivery/ihop-3804-north-belt-highway/MeOzUFfjSz2g4-15wOmvNA,st-joseph-missouri
https://www.ubereats.com/kansas-city/food-delivery/tropical-smoothie-cafe-5101-north-belt-highway/x23AKZ_8SxayUhHnPJbbEw,st-joseph-missouri
https://www.ubereats.com/kansas-city/food-delivery/burger-king-1212-n-belt-hwy/sYtaP_yiSnKzsy2Xt2K_AQ,st-joseph-missouri
https://www.ubereats.com/kansas-city/food-delivery/churchs-chicken-502-south-belt-hwy/Xjtzc-VyTpS5Ke4BW7gPQg,st-joseph-missouri
https://www.ubereats.com/kansas-city/food-delivery/mcdonalds-3417-s-belt-hwy/KJ0-8ucyTYmuutpNKkEijw,st-joseph-missouri
https://www.ubereats.com/kansas-city/food-delivery/holy-cow-creamery/12v0d8U8T1ShzoMpQA8slQ,st-joseph-missouri
