url,city
https://www.ubereats.com/minneapolis/food-delivery/hen-house-eatery/BOUsESNKRDGlv_lD7N15lQ,st-louis-park-minnesota
https://www.ubereats.com/minneapolis/food-delivery/leeann-chin-5711-xerxes-ave-n/kU5oJ_u9QHmzTLEZv-TQ5A,st-louis-park-minnesota
https://www.ubereats.com/minneapolis/food-delivery/marhaba-grill/3cYarjjEQlSS92_2TBXRAA,st-louis-park-minnesota
https://www.ubereats.com/minneapolis/food-delivery/burger-king-3201-county-road-10/oyhz3ekBSIm1-neYhODP2A,st-louis-park-minnesota
https://www.ubereats.com/minneapolis/food-delivery/clanceys-meats-and-fish/JVxyFb2NQZ2to4SynEYLmQ,st-louis-park-minnesota
https://www.ubereats.com/minneapolis/food-delivery/christos-greek-restaurant-minneapolis/aUpeBPwZQHqMosZQggvgAA,st-louis-park-minnesota
https://www.ubereats.com/minneapolis/food-delivery/dulonos-pizza/Xfo0lNQVQp-pnx_2VhI0Hg,st-louis-park-minnesota
https://www.ubereats.com/minneapolis/food-delivery/uncle-frankys/ZddSBhfaQZS6IMkevmWPhw,st-louis-park-minnesota
https://www.ubereats.com/minneapolis/food-delivery/joes-burger-shack/FiszZEj0Tj-grO1gySfhdQ,st-louis-park-minnesota
https://www.ubereats.com/minneapolis/food-delivery/meseret-ethipoian-restaurant/19pzBFQGStSYC8TqHQZ2dg,st-louis-park-minnesota
https://www.ubereats.com/minneapolis/food-delivery/dragon-wok/aHywKqHSSg-QRNmWiBITfA,st-louis-park-minnesota
https://www.ubereats.com/minneapolis/food-delivery/taco-bell-6620-wayzata-blvd/N8TLhUBIT9a9c3kAePI8wg,st-louis-park-minnesota
https://www.ubereats.com/minneapolis/food-delivery/bluefox/nuLwS4KKQp6szcgZD5hZxw,st-louis-park-minnesota
https://www.ubereats.com/minneapolis/food-delivery/pza-minneapolis/hlmiTHpMQbmbGt8XCGhVsA,st-louis-park-minnesota
https://www.ubereats.com/minneapolis/food-delivery/cinnabon-e-180-broadway/u8rxKMNtTl6Jkhano4jyCA,st-louis-park-minnesota
https://www.ubereats.com/minneapolis/food-delivery/champps-1641-plymouth-road/BvOFecu8R56WM_YuzIIcfA,st-louis-park-minnesota
https://www.ubereats.com/minneapolis/food-delivery/starbucks-hwy-7-%26-hopkins-crossroads/mea9ORCmSo6GystFP2Q4MA,st-louis-park-minnesota
https://www.ubereats.com/minneapolis/food-delivery/arbys-7885-wedgewood-lane/-O6HMHEdTkCZcqagLHfyKQ,st-louis-park-minnesota
https://www.ubereats.com/minneapolis/food-delivery/chipotle-mexican-grill-515-winnetka-ave-n/5eLh3xzWTJWkfKmAk1CoIQ,st-louis-park-minnesota
https://www.ubereats.com/minneapolis/food-delivery/arbys-560-prairie-center-dr/bG_YoNNPQJe-xxJzmNFRZw,st-louis-park-minnesota
https://www.ubereats.com/minneapolis/food-delivery/arbys-5629-broadway-ave-w/1u7Ncnh5TtK9vX_Ji1zaYg,st-louis-park-minnesota
https://www.ubereats.com/minneapolis/food-delivery/caribou-coffee-1700-66th-street-e/nkJiMQoRTXeiN3H2hph4zg,st-louis-park-minnesota
https://www.ubereats.com/minneapolis/food-delivery/moroccan-flavors/zzObyVR3RsSe1yEsbIE28g,st-louis-park-minnesota
https://www.ubereats.com/minneapolis/food-delivery/capriottis-7143-france-avenue-south/1JxCZqbDT4K0VACNKxc8Pg,st-louis-park-minnesota
https://www.ubereats.com/minneapolis/food-delivery/carbones-pizzeria/wZR_zfb1TQ2goOaI52JHBQ,st-louis-park-minnesota
https://www.ubereats.com/minneapolis/food-delivery/caribou-coffee-9420-36th-avenue-n/ADfT3NwISEOw3wsrg3OaQA,st-louis-park-minnesota
https://www.ubereats.com/minneapolis/food-delivery/mcdonalds-lake-%26-2nd-ave/H0eWxoPISumK_GYApMB62g,st-louis-park-minnesota
https://www.ubereats.com/minneapolis/food-delivery/caano-kitchen/PPy3f_IoR0OjOKojk8lzLA,st-louis-park-minnesota
https://www.ubereats.com/minneapolis/food-delivery/sarnas-classic-grill/aj-9iwmqTauwJOHm0Ca-qQ,st-louis-park-minnesota
https://www.ubereats.com/minneapolis/food-delivery/falafel-king-lake-st/5O5QcvbfTeuA1NeS30aGmQ,st-louis-park-minnesota
https://www.ubereats.com/minneapolis/food-delivery/prime-deli/PZrk3pBnSDSR8zVf3xDhSg,st-louis-park-minnesota
https://www.ubereats.com/minneapolis/food-delivery/e-%26-l-food-market/54wESAr0TYuaHTwrIiH08A,st-louis-park-minnesota
https://www.ubereats.com/minneapolis/food-delivery/bonchon-chicken-1414-w-lake/VGURTrdySbGIoa0WP6K-pw,st-louis-park-minnesota
https://www.ubereats.com/minneapolis/food-delivery/fuji-ya/U8HgARb2S4eQSJ6xquRshg,st-louis-park-minnesota
https://www.ubereats.com/minneapolis/food-delivery/desi-chops-mn/Jpii2bk4Qzulp79muxSbmA,st-louis-park-minnesota
https://www.ubereats.com/minneapolis/food-delivery/hong-thai-restaurant-maple-grove/vI0kAPhfTjKyWDx_vaV90g,st-louis-park-minnesota
https://www.ubereats.com/minneapolis/food-delivery/phat-philly-cheesesteaks/KEzJ-EqVTfuSIEiciJXVxg,st-louis-park-minnesota
https://www.ubereats.com/minneapolis/food-delivery/cafe-zupas-13000-technology-dr/UySJ-zziQcaKFeT3Z02e9Q,st-louis-park-minnesota
https://www.ubereats.com/minneapolis/food-delivery/jimmys-kitchen-and-bar/6_qo16FhRP2OP_-OLLXY2A,st-louis-park-minnesota
https://www.ubereats.com/minneapolis/food-delivery/el-taco-riendo/IDWdjf9nTmWTnkMR9pwk-Q,st-louis-park-minnesota
https://www.ubereats.com/minneapolis/food-delivery/coalition-50th-%26-france/4-kHG5vmSLugGLZng3H4Lg,st-louis-park-minnesota
https://www.ubereats.com/minneapolis/food-delivery/mcdonalds-lake-%26-dakota/tF60owg7THu07_RNanot_g,st-louis-park-minnesota
https://www.ubereats.com/minneapolis/food-delivery/caribou-coffee-2720-annapolis-circle-suite-f/AgLdau3xR_-PSstu6kTRQw,st-louis-park-minnesota
https://www.ubereats.com/minneapolis/food-delivery/soul-bowl/N1h6vv9KTseHIwMtnsINPQ,st-louis-park-minnesota
https://www.ubereats.com/minneapolis/food-delivery/potbelly-sandwich-shop-edina-%7C-218/LZmUWvVaQIqbCXJB1vD_eA,st-louis-park-minnesota
https://www.ubereats.com/minneapolis/food-delivery/blue-birch-restaurant-opus-pkwy/QDLJICQLSlS7sd7OzYph4w,st-louis-park-minnesota
https://www.ubereats.com/minneapolis/food-delivery/noodles-%26-company-8120-hwy-7-ste-346/2K3xCmw_RP-TvKbzULNRWw,st-louis-park-minnesota
https://www.ubereats.com/minneapolis/food-delivery/evergreen-chinese-express/sk_hq0YbRae5pBwsLuROKg,st-louis-park-minnesota
https://www.ubereats.com/minneapolis/food-delivery/midnord-empanadas/2rFe67ZsRz2GuEVQqrQFtA,st-louis-park-minnesota
https://www.ubereats.com/minneapolis/food-delivery/cheese-louise/TT_frNsyTOSnlZps0xyVWw,st-louis-park-minnesota
https://www.ubereats.com/minneapolis/food-delivery/caribou-coffee-4754-county-road-101/mclUUyHUQpmsMijv3Y1YSA,st-louis-park-minnesota
https://www.ubereats.com/minneapolis/food-delivery/bay-leaf-indian-cuisine-shady-oak-%26-city-w/KabeIlL9ThmleRqxXXvOJQ,st-louis-park-minnesota
https://www.ubereats.com/minneapolis/food-delivery/pza-eden-prairie/5I7P9aX0SqGoA3fZZDLtyQ,st-louis-park-minnesota
https://www.ubereats.com/minneapolis/food-delivery/sawatdee-thai-minneapolis/lQ8wE1MpSoWqLz7aepk2sQ,st-louis-park-minnesota
https://www.ubereats.com/minneapolis/food-delivery/papa-murphys-7924-highway-7/l7hOCkR4R0y6lMOHE_1MKg,st-louis-park-minnesota
https://www.ubereats.com/minneapolis/food-delivery/sweet-retreat/zYfa--eNSMC5TSzkTZ585Q,st-louis-park-minnesota
https://www.ubereats.com/minneapolis/food-delivery/mama-sheilas-house-of-soul/J5AP_0CJROKPHDX6Dlq0yg,st-louis-park-minnesota
https://www.ubereats.com/minneapolis/food-delivery/raku-japanese-restaurant/HAAwDe6KTAyAks3mDFjkDQ,st-louis-park-minnesota
https://www.ubereats.com/minneapolis/food-delivery/rey-azteca-mexican-restaurant/Xu6N4GauRpyssJLjduPkMw,st-louis-park-minnesota
https://www.ubereats.com/minneapolis/food-delivery/the-loop-west-end/bptGyHO4SMezpGCR-tJ2OA,st-louis-park-minnesota
https://www.ubereats.com/minneapolis/food-delivery/emperor-of-india/CEba3JOlSviurRRatrDz_g,st-louis-park-minnesota
https://www.ubereats.com/minneapolis/food-delivery/caribou-coffee-4210-winnetka-avenue/J6duf5fqTKiARg0LDkYZLg,st-louis-park-minnesota
https://www.ubereats.com/minneapolis/food-delivery/potbelly-sandwich-shop-chanhassen-%7C-380/_-klMy2DSU-DqTEQ-gBV5A,st-louis-park-minnesota
https://www.ubereats.com/minneapolis/food-delivery/valley-pastries/CIl3MPRySLSFdiLioIr8QA,st-louis-park-minnesota
https://www.ubereats.com/minneapolis/food-delivery/1-stop-grocery-%26-deli/Q4EMvYg9QNWlYCqdpypeqg,st-louis-park-minnesota
https://www.ubereats.com/minneapolis/food-delivery/hong-kong-buffet/UF7aewMPRFizchcvx2fSbw,st-louis-park-minnesota
https://www.ubereats.com/minneapolis/food-delivery/pizza-karma/KKlOyUdDQh2BnnUP9_-1dQ,st-louis-park-minnesota
https://www.ubereats.com/minneapolis/food-delivery/red-lobster-1951-american-blvd-west/VPRJR-atQH6kCNaGmUNhcQ,st-louis-park-minnesota
https://www.ubereats.com/minneapolis/food-delivery/hooks-fish-and-chips/rGyZ-8eQTHevj3xdti4ufQ,st-louis-park-minnesota
https://www.ubereats.com/minneapolis/food-delivery/which-wich-superior-sandwiches-cedar-lake-%26-parkdale/z3Zvy5PQSWmZVPkPUbT-ZA,st-louis-park-minnesota
https://www.ubereats.com/minneapolis/food-delivery/noodles-%26-company-3425-vicksburg-ln-n-ste-200/00wWEuZmSUOURCFJxEoNoA,st-louis-park-minnesota
https://www.ubereats.com/minneapolis/food-delivery/sushi-fix/tRlcirH-StqvB1--qvtHBg,st-louis-park-minnesota
https://www.ubereats.com/minneapolis/food-delivery/cocina-latina/PEDTjOSVT5aPW9fdaZznNQ,st-louis-park-minnesota
https://www.ubereats.com/minneapolis/food-delivery/apoy-mpls/25jpD9R2QvyjCkQcI7M3AQ,st-louis-park-minnesota
https://www.ubereats.com/minneapolis/food-delivery/chipotle-mexican-grill-1830-e-66th-st/DYrWh0ztRweXNdxArKB_5Q,st-louis-park-minnesota
https://www.ubereats.com/minneapolis/food-delivery/delhi-woks/x3_4NrvrSsCRHQNtZ3AtZQ,st-louis-park-minnesota
https://www.ubereats.com/minneapolis/food-delivery/chipotle-mexican-grill-786-mainstreet/wKd14YsnQsiEGbCcZxYRaA,st-louis-park-minnesota
https://www.ubereats.com/minneapolis/food-delivery/nightingale/dhM4ZZz5Q0iVM8JbOWsmyg,st-louis-park-minnesota
https://www.ubereats.com/minneapolis/food-delivery/mcdonalds-lake-%26-bottineau/UKYD1wScRb6Z8HSEoPTXsQ,st-louis-park-minnesota
https://www.ubereats.com/minneapolis/food-delivery/james-ballentine-%22vfw-post-246%22/GM73UNCgQ-yZuj7XrOoE6A,st-louis-park-minnesota
https://www.ubereats.com/minneapolis/food-delivery/christos-greek-restaurant-minnetonka/Oq-cQdLXSOu-_WYQJv1-vA,st-louis-park-minnesota
https://www.ubereats.com/minneapolis/food-delivery/mcdonalds-5400-w-broadway/icHd7EU9SvqzlrAYyFNMsA,st-louis-park-minnesota
https://www.ubereats.com/minneapolis/food-delivery/chipotle-mexican-grill-12509-wayzata-blvd-ste-1305/iYpRYEUdSbCSf9v78vGhZQ,st-louis-park-minnesota
https://www.ubereats.com/minneapolis/food-delivery/chick-fil-a-8020-highway-7/-oamCySxRrOnByG8LlzGGw,st-louis-park-minnesota
https://www.ubereats.com/minneapolis/food-delivery/perkins-restaurant-hopkins/DGaX9OFlSqWZBtVRCv9Law,st-louis-park-minnesota
https://www.ubereats.com/minneapolis/food-delivery/chipotle-mexican-grill-7631-jolly-ln/87Zoh33_ShG8aoisMjAxYQ,st-louis-park-minnesota
https://www.ubereats.com/minneapolis/food-delivery/mcdonalds-university-%26-broadway/9aykPe3QTS2P19tnvoQjqw,st-louis-park-minnesota
https://www.ubereats.com/minneapolis/food-delivery/ramen-kazama/HkaRe5AsTaW9_ngGj2BLUg,st-louis-park-minnesota
https://www.ubereats.com/minneapolis/food-delivery/crisp-%26-green-n-loop/eSplON0oQOqCJBvTsvd8oA,st-louis-park-minnesota
https://www.ubereats.com/minneapolis/food-delivery/zoes-bakery-%26-cafe/VwOtiy5YS8Oonq9kXC5SFQ,st-louis-park-minnesota
https://www.ubereats.com/minneapolis/food-delivery/southside-food-and-deli/Ea6BxCzcQNOF6tcbwYwxeg,st-louis-park-minnesota
https://www.ubereats.com/minneapolis/food-delivery/arbys-14420-n-28th-pl/igw25PWVTUe3psgwh_TRWw,st-louis-park-minnesota
https://www.ubereats.com/minneapolis/food-delivery/roat-osha/zRGrMkoSQXms0h-GgkFA5A,st-louis-park-minnesota
https://www.ubereats.com/minneapolis/food-delivery/potbelly-sandwich-shop-minnetonka-%7C-337/5TGMn6joR3mxymrLEbUxAw,st-louis-park-minnesota
https://www.ubereats.com/minneapolis/food-delivery/thai-express-11660-elm-creek-blvd-north/8HNar3trTGiPBqVIYOMr2A,st-louis-park-minnesota
https://www.ubereats.com/minneapolis/food-delivery/burger-king-3200-washington-avenue-north/karch4PgQs-qwDN4EjYJAg,st-louis-park-minnesota
https://www.ubereats.com/minneapolis/food-delivery/dennys-815-e-78th-st/LVIi7I4CQLeHEz_UjX8Ohw,st-louis-park-minnesota
https://www.ubereats.com/minneapolis/food-delivery/standish-cafe/OBgBQ7n0TLWiPJSSGvT2Hg,st-louis-park-minnesota
https://www.ubereats.com/minneapolis/food-delivery/pub-819/AZmGsNXUTfCCTfUxfumgnA,st-louis-park-minnesota
https://www.ubereats.com/minneapolis/food-delivery/great-wall-chinese-restaurant/iecF187iTY6c6F4Nxfed2Q,st-louis-park-minnesota
https://www.ubereats.com/minneapolis/food-delivery/union-bar-%26-grill/ciSH-AVdTSe5umdJaIg0kw,st-louis-park-minnesota
https://www.ubereats.com/minneapolis/food-delivery/benihana-850-louisiana-avenue/gduKfvzVRZOdARvB9BVYwQ,st-louis-park-minnesota
https://www.ubereats.com/minneapolis/food-delivery/red-stag-supperclub/wxOCv_YmSx2ApqhZTWD8zA,st-louis-park-minnesota
https://www.ubereats.com/minneapolis/food-delivery/the-pourhouse/pDH1b5gGTF2IJQN5i4_5CQ,st-louis-park-minnesota
https://www.ubereats.com/minneapolis/food-delivery/caribou-coffee-5816-lincoln-drive/uYkQ6aFTRKW1MTxi9Ijq9A,st-louis-park-minnesota
https://www.ubereats.com/minneapolis/food-delivery/ichiddo-ramen/PgoFzJiSSkqPIeoSvu2e1g,st-louis-park-minnesota
https://www.ubereats.com/minneapolis/food-delivery/jamba-juice-3060-excelsior-blvd/fL3igaIMSXeOxyY3xmXIng,st-louis-park-minnesota
https://www.ubereats.com/minneapolis/food-delivery/olympic-cafe-923-w-broadway/0WHueZnMQ0aizsH96-ioVg,st-louis-park-minnesota
https://www.ubereats.com/minneapolis/food-delivery/milios-sandwiches/PfQhzLaZRs6YOM3WuhCk1g,st-louis-park-minnesota
https://www.ubereats.com/minneapolis/food-delivery/applebees-14400-weaver-lake-road-%2382020/KAOxCGsTQrijmcsB7ZPd1w,st-louis-park-minnesota
https://www.ubereats.com/minneapolis/food-delivery/global-food-market/BJaFNDP4SaqzrcWA7pxryA,st-louis-park-minnesota
https://www.ubereats.com/minneapolis/food-delivery/chipotle-mexican-grill-1313-wayzata-blvd-east/mngpjQQTRb29Pvq5urvY9g,st-louis-park-minnesota
https://www.ubereats.com/minneapolis/food-delivery/hunan-restaurant/xHrxWmuHTYuUwQ9jPNgoMw,st-louis-park-minnesota
https://www.ubereats.com/minneapolis/food-delivery/poki-poke-min01-2/EGd-Vt8NSJ6oEiaJ9v2nBA,st-louis-park-minnesota
https://www.ubereats.com/minneapolis/food-delivery/portillos-hot-dogs-12251-elm-creek-blvd-n/LopnEvrvThuNiVW1E08mnQ,st-louis-park-minnesota
https://www.ubereats.com/minneapolis/food-delivery/daily-cairo-grill-west-lake/y3l-6idzR6W5vWdd-Myl3g,st-louis-park-minnesota
https://www.ubereats.com/minneapolis/food-delivery/papa-johns-7726-olson-memorial-highway/0O5F-0rdR_awZG3uTm5N5Q,st-louis-park-minnesota
https://www.ubereats.com/minneapolis/food-delivery/taco-bell-9900-rockford-road/AdCsu1DnQiWKC7W5_rFS8w,st-louis-park-minnesota
https://www.ubereats.com/minneapolis/food-delivery/wings-%26-things-min01-1/Kc9b-_jFS36vmjmpRnnf6g,st-louis-park-minnesota
https://www.ubereats.com/minneapolis/food-delivery/d-brians-campbell-mithun-skyway/DQCREhe8SIOtQxihcdZl9g,st-louis-park-minnesota
https://www.ubereats.com/minneapolis/food-delivery/agra-culture-kitchen-%26-press-girard-%26-lake/l2VPK7XMRX2jnuPU7mgO0w,st-louis-park-minnesota
https://www.ubereats.com/minneapolis/food-delivery/captain-hook/QbIKETlsS4i0MV3df2wQWw,st-louis-park-minnesota
https://www.ubereats.com/minneapolis/food-delivery/jorden-grocery-halal-meat-%26deli/kacAwf98T26R20tHxKV-tQ,st-louis-park-minnesota
https://www.ubereats.com/minneapolis/food-delivery/big-bowl-chinese-express-golden-valley/ky70vU1LS5q2VpE-Yeg-dQ,st-louis-park-minnesota
https://www.ubereats.com/minneapolis/food-delivery/bian-dang-taiwanese-bento-box/6FmDQ47KSBGEHimNVIqAWA,st-louis-park-minnesota
https://www.ubereats.com/minneapolis/food-delivery/bread-%26-pickle/wGQdb1OMT7SBIuZ0B5bIrw,st-louis-park-minnesota
https://www.ubereats.com/minneapolis/food-delivery/r-a-macsammys-elbow-room/FysajbroT8y6ZhwRofAekw,st-louis-park-minnesota
https://www.ubereats.com/minneapolis/food-delivery/starbucks-hwy-55-and-golden-valley-road/KBcJf814QK2-zgDLv1-ErA,st-louis-park-minnesota
https://www.ubereats.com/minneapolis/food-delivery/caribou-coffee-1700-plymouth-road/0cVQ5yN6QC-STdl4bapLEg,st-louis-park-minnesota
https://www.ubereats.com/minneapolis/food-delivery/sonic-drive-in-2101-american-blvd-w/Nmz2s_tsQ8asSahWVmHBTA,st-louis-park-minnesota
https://www.ubereats.com/minneapolis/food-delivery/la-belle-crepe/8mx8m1uuSUSL8mElhFYXZg,st-louis-park-minnesota
https://www.ubereats.com/minneapolis/food-delivery/leeann-chin-park-place-plaza-1620-b-park-place-blvd/aJrYbrhaS6ihco-kfBgLQQ,st-louis-park-minnesota
https://www.ubereats.com/minneapolis/food-delivery/blaze-pizza-1000-washington-ave-se/wF6oZsjxTEaPbygRFxukfA,st-louis-park-minnesota
https://www.ubereats.com/minneapolis/food-delivery/silver-cafe/eSfU5iOrQ5CAYh1YV1-eWg,st-louis-park-minnesota
https://www.ubereats.com/minneapolis/food-delivery/pennys-coffee-44th/TKz8WFTbRMK_Kkl502cAMg,st-louis-park-minnesota
https://www.ubereats.com/minneapolis/food-delivery/mcdonalds-lyndale-%26-67th-st/6Wx2fZ6tTNOBHY9-S4hFCQ,st-louis-park-minnesota
https://www.ubereats.com/minneapolis/food-delivery/white-castle-600-central-ave-ne/gqQFSp-NTx65jVBoEMEEbQ,st-louis-park-minnesota
https://www.ubereats.com/minneapolis/food-delivery/buffalo-wild-wings-3505-vicksburg-ln-n/5j8AIK9vTAOi7ZpYmH4Lgg,st-louis-park-minnesota
https://www.ubereats.com/minneapolis/food-delivery/hamdi-restaurant/70K8h3G7RxaA22kPsFQHtA,st-louis-park-minnesota
https://www.ubereats.com/minneapolis/food-delivery/five-guys-mn-1891-5699-west-16th-st/RX9nyeBAQDyWnk19DL_YeA,st-louis-park-minnesota
https://www.ubereats.com/minneapolis/food-delivery/taco-bell-3210-southdale-circle/jH7D-fdiTS6SLgCJn9V1Uw,st-louis-park-minnesota
https://www.ubereats.com/minneapolis/food-delivery/yogurt-lab-calhoun/gWpI0VYGTLmIfA0HBh-j9A,st-louis-park-minnesota
https://www.ubereats.com/minneapolis/food-delivery/muddy-waters/YYi-HqDnQ7i7_EesoKyuoA,st-louis-park-minnesota
https://www.ubereats.com/minneapolis/food-delivery/tandoor-restaurant/iIW65g3ZS9C7WnTeONy6GA,st-louis-park-minnesota
https://www.ubereats.com/minneapolis/food-delivery/cafe-zupas-11669-fountain-dr/EFynZH2iSQKo3ZexXFeIzg,st-louis-park-minnesota
https://www.ubereats.com/minneapolis/food-delivery/the-midnord-empanada-truck/TtExUrHASEGdDUQ0GdVtCQ,st-louis-park-minnesota
https://www.ubereats.com/minneapolis/food-delivery/maya-cuisine/xsSAk4qmTr-zblHDpPWqsw,st-louis-park-minnesota
https://www.ubereats.com/minneapolis/food-delivery/perkins-restaurant-golden-valley-ii-wayzata/CPEMTLl6TdyRdjmkpuwFrQ,st-louis-park-minnesota
https://www.ubereats.com/minneapolis/food-delivery/arbys-10205-6th-ave-n/jI6jiUuFST6Wg5oVcScrOQ,st-louis-park-minnesota
https://www.ubereats.com/minneapolis/food-delivery/potbelly-sandwich-shop-ids-center-%7C-57/hxGwdU1TR7yUJFzIWvx3yg,st-louis-park-minnesota
https://www.ubereats.com/minneapolis/food-delivery/noodles-%26-company-7630-lyndale-ave-at-77th-ste-100/MPCNJIuCTRqmIeyz7-kvlA,st-louis-park-minnesota
https://www.ubereats.com/minneapolis/food-delivery/starbucks-5351-lyndale-avenue-south/v4OMxnACQ5uw_eyCQUFkDw,st-louis-park-minnesota
https://www.ubereats.com/minneapolis/food-delivery/caribou-coffee-3900-lakebreeze-avenue-n/gCAPJ3RcRdiGNUbuKWQ5cg,st-louis-park-minnesota
https://www.ubereats.com/minneapolis/food-delivery/buca-di-beppo-minneapolis/bP7BVAkNRz2XPR9onIWx4w,st-louis-park-minnesota
https://www.ubereats.com/minneapolis/food-delivery/noodles-%26-company-6531-york-avenue-s/8NRreK_5RYGHj82jGokjDA,st-louis-park-minnesota
https://www.ubereats.com/minneapolis/food-delivery/chipotle-mexican-grill-10995-red-circle-dr/vOicnxBqRnS68XB40qBZpQ,st-louis-park-minnesota
https://www.ubereats.com/minneapolis/food-delivery/tucci-benucch-minnetonka/T7rR9eYwSQe_IRQoQZVFGw,st-louis-park-minnesota
https://www.ubereats.com/minneapolis/food-delivery/gorditas-el-durango/ijaSnxHtQ6a5kbBs-OP0nQ,st-louis-park-minnesota
https://www.ubereats.com/minneapolis/food-delivery/kbop-korean-bistro/ZW5mNrIqSguvbSo2f5GvdA,st-louis-park-minnesota
https://www.ubereats.com/minneapolis/food-delivery/the-country-bar/ZQXiFyP8Qje6qeWyXrdjaw,st-louis-park-minnesota
https://www.ubereats.com/minneapolis/food-delivery/mccormick-%26-schmicks-3203-galleria/sDKhLANLQia7bLCr_xLMPw,st-louis-park-minnesota
https://www.ubereats.com/minneapolis/food-delivery/noodles-%26-company-1179-wayzata-blvd-e/1Qy-cpKlRhiGd2eFYAFz0Q,st-louis-park-minnesota
https://www.ubereats.com/minneapolis/food-delivery/pow-wow-grounds/_iNqzwsdTgyWG6HFu29G_A,st-louis-park-minnesota
https://www.ubereats.com/minneapolis/food-delivery/panera-5680-cedar-lake-road/BLOnEJiMSGO8e571O615hg,st-louis-park-minnesota
https://www.ubereats.com/minneapolis/food-delivery/encore-sushi/XWFd9q07QUucavT15KECmQ,st-louis-park-minnesota
https://www.ubereats.com/minneapolis/food-delivery/cafe-zupas-12415-wayzata-blvd-suite-14/R1byxjC3SriRYg1ZU6gIkg,st-louis-park-minnesota
https://www.ubereats.com/minneapolis/food-delivery/seed-cafe/N6Z6hqvtQvuA_LMfkeThtA,st-louis-park-minnesota
https://www.ubereats.com/minneapolis/food-delivery/flavor-bee/aqddIFEBRsGgC3vNm97WGg,st-louis-park-minnesota
https://www.ubereats.com/minneapolis/food-delivery/taste-of-india/XzrSf3rTQWS9WgxmMBkcNA,st-louis-park-minnesota
https://www.ubereats.com/minneapolis/food-delivery/papa-johns-740-west-78th-street/5Vx8cLX9SuyKDupjFpFQMQ,st-louis-park-minnesota
https://www.ubereats.com/minneapolis/food-delivery/starbucks-edina-hwy-100-%26-vernon/G7PVnNYYS6Gqybrnc7MfVw,st-louis-park-minnesota
https://www.ubereats.com/minneapolis/food-delivery/jersey-mikes-subs-blake-%26-cambridge/ArPNdmzLT0O0BidpizoJtQ,st-louis-park-minnesota
https://www.ubereats.com/minneapolis/food-delivery/jun/gGbZN_PoTF2UT9EoLmYOHg,st-louis-park-minnesota
https://www.ubereats.com/minneapolis/food-delivery/taco-bell-15110-highway-7/87VnfXxyQueHsvPhDpQNFg,st-louis-park-minnesota
https://www.ubereats.com/minneapolis/food-delivery/honey-and-mackies/aFGO92U2Tm-scd0QP53RZA,st-louis-park-minnesota
https://www.ubereats.com/minneapolis/food-delivery/potbelly-sandwich-shop-rand-tower-%7C-125/Q3CjM4FZQPqbxmfMAEMSDg,st-louis-park-minnesota
https://www.ubereats.com/minneapolis/food-delivery/orient-express/Hd_AOZmFTt24KJk501CVXg,st-louis-park-minnesota
https://www.ubereats.com/minneapolis/food-delivery/kwans-chinese-cuisine/vdGH-o6TRfyitKS9fNsLgg,st-louis-park-minnesota
https://www.ubereats.com/minneapolis/food-delivery/noodles-%26-company-3040-excelsior-blvd-unit-101/_up9CdOiSPeku6lnNKDwsw,st-louis-park-minnesota
https://www.ubereats.com/minneapolis/food-delivery/qdoba-mexican-grill-50-south-10th-st-nicollet-mall/ubog6abGQMOzkCpn5zq9ag,st-louis-park-minnesota
https://www.ubereats.com/minneapolis/food-delivery/fairgrounds-coffee-and-tea/rOLsKW2hQZKn9qlmqeoRkQ,st-louis-park-minnesota
https://www.ubereats.com/minneapolis/food-delivery/old-chicago-58-12300-singletree-lane-suite-100/xUGnebWrTCujANIZTJ1x6g,st-louis-park-minnesota
https://www.ubereats.com/minneapolis/food-delivery/soho-cafe/kdD1mi8FTgqIgLoM5rd6IA,st-louis-park-minnesota
https://www.ubereats.com/minneapolis/food-delivery/starbucks-plymouth-rd-%26-cartway-minnet/XP5_99mdRM-uPzcQBdiVwg,st-louis-park-minnesota
https://www.ubereats.com/minneapolis/food-delivery/leeann-chin-7650-olson-memorial-hwy/JOtG-EgmTRGmPE2az6VZow,st-louis-park-minnesota
https://www.ubereats.com/minneapolis/food-delivery/ray-js-american-grill/m7oeZPsZQjK6388LqkPnbg,st-louis-park-minnesota
https://www.ubereats.com/minneapolis/food-delivery/buffalo-wild-wings-1221-w-lake-st-ste-111/lpH7MXdfQ-G0TBv9ubpLOg,st-louis-park-minnesota
https://www.ubereats.com/minneapolis/food-delivery/caribou-coffee-6545-lyndale-avenue-s/-Hh7mG6uQhu2JPlvRHxJWA,st-louis-park-minnesota
https://www.ubereats.com/minneapolis/food-delivery/pinstripes-edina/vEvvZNGFRguPKNv4EeJiig,st-louis-park-minnesota
https://www.ubereats.com/minneapolis/food-delivery/noodles-%26-company-5592-w-broadway/4GKkUJ9SRm-YJ0gMcuEb2g,st-louis-park-minnesota
https://www.ubereats.com/minneapolis/food-delivery/starbucks-25th-and-riverside/NKN4Rlj2Tjiz5cWEEwrDfQ,st-louis-park-minnesota
https://www.ubereats.com/minneapolis/food-delivery/pita-king-llc/Ju6AHKzlQ4mPPtLQzL-_Xg,st-louis-park-minnesota
https://www.ubereats.com/minneapolis/food-delivery/starbucks-brooklyn-ctr-brooklyn-blvd-%26/bKTQLWcDQR2qDz-sTsCx7w,st-louis-park-minnesota
https://www.ubereats.com/minneapolis/food-delivery/india-palace/oTiJZrEZRkOqvThsYm2fsQ,st-louis-park-minnesota
https://www.ubereats.com/minneapolis/food-delivery/killer-wings/IWtMnGpfRkKSA9u4a77GhQ,st-louis-park-minnesota
https://www.ubereats.com/minneapolis/food-delivery/my-burger-red-circle-dr/iWl2_R6WRF-2tySfjw6ruA,st-louis-park-minnesota
https://www.ubereats.com/minneapolis/food-delivery/ben-%26-jerrys-south-minneapolis/IcQYyRsNREiLIcCgwctuig,st-louis-park-minnesota
https://www.ubereats.com/minneapolis/food-delivery/dunkin-6529-penn-ave-s/YWryqk5gTlOa4aQTopN_kA,st-louis-park-minnesota
https://www.ubereats.com/minneapolis/food-delivery/roti-modern-mediterranean-1620-park-pl-blvd/4y7Ls-B9R46EKY0KXBuAOw,st-louis-park-minnesota
https://www.ubereats.com/minneapolis/food-delivery/soya-sushi-%26-grill-w-79th-st/Xu4B2BSZRyyF397KqznfLA,st-louis-park-minnesota
https://www.ubereats.com/minneapolis/food-delivery/burger-bytes-min01-1/37A-IV7BSgWcQSbyf5fAFg,st-louis-park-minnesota
https://www.ubereats.com/minneapolis/food-delivery/schullers-tavern/5oTdY-bkRRifVh8melZEww,st-louis-park-minnesota
https://www.ubereats.com/minneapolis/food-delivery/big-bowl-chinese-express-minnetonka/0QPn4ceBTSquHfErfeSAUw,st-louis-park-minnesota
https://www.ubereats.com/minneapolis/food-delivery/caribou-coffee-1601-e-66th-st/FmWwenH8SJu0fgBDwdKvig,st-louis-park-minnesota
https://www.ubereats.com/minneapolis/food-delivery/taco-bell-215-east-lake-street/ONr7LaZISUmGpSKxTeQ69Q,st-louis-park-minnesota
https://www.ubereats.com/minneapolis/food-delivery/kincaids-8400-normandale-lake-boulevard/dnCRPT1vT3WoEqAH9sWs3Q,st-louis-park-minnesota
https://www.ubereats.com/minneapolis/food-delivery/big-bowl-galleria-edina/b8TFf3XTTh2c7W3jxuvNnw,st-louis-park-minnesota
https://www.ubereats.com/minneapolis/food-delivery/johnny-boys-pizza/vDA9GDZmQ-awK2ZiOAOtqQ,st-louis-park-minnesota
https://www.ubereats.com/minneapolis/food-delivery/los-sanchez-taqueria-%232/Mwg6hr8FS1eaJ7VuekQLvA,st-louis-park-minnesota
https://www.ubereats.com/minneapolis/food-delivery/sotarol-50th-%26-ewing/CaDS8IUwTWWo_Sm_it-n2A,st-louis-park-minnesota
https://www.ubereats.com/minneapolis/food-delivery/papa-johns-3500-vicksburg-lane-suite-300/2uY0XLgVT1qOTlWi4uMjpA,st-louis-park-minnesota
https://www.ubereats.com/minneapolis/food-delivery/waffleous/lYix434_RPiOPkwFLLHhag,st-louis-park-minnesota
https://www.ubereats.com/minneapolis/food-delivery/my-taco-%26-grocery-inc/p4BvLyDISJ6-BzLVJkMhqA,st-louis-park-minnesota
https://www.ubereats.com/minneapolis/food-delivery/taco-bell-1931-minnehaha/vyUkTGZZTpimthdBFg8EhA,st-louis-park-minnesota
https://www.ubereats.com/minneapolis/food-delivery/papa-johns-6314-minnetonka-boulevard/ccUBspIxS7yxCffcen27Tw,st-louis-park-minnesota
https://www.ubereats.com/minneapolis/food-delivery/papa-murphys-8525-golden-valley-road-suite-200/jMpDH0H9SYuI1CCj8HHViA,st-louis-park-minnesota
https://www.ubereats.com/minneapolis/food-delivery/blaze-pizza-8126-hwy-7/NmRcO2eeS_eKIqJWnOli1g,st-louis-park-minnesota
https://www.ubereats.com/minneapolis/food-delivery/la-loteria-market/kv47eumTSb6sgcKvLJFbMw,st-louis-park-minnesota
https://www.ubereats.com/minneapolis/food-delivery/the-lowry-cafe/FFgeFFdHSLaw3PX6GWB6hg,st-louis-park-minnesota
https://www.ubereats.com/minneapolis/food-delivery/schullers-tavern/vmEKWUuPRvu5HqPn8r2DYg,st-louis-park-minnesota
https://www.ubereats.com/minneapolis/food-delivery/lowry-grocery-and-deli/-d4xxrmETlOoOhC5mRfA_A,st-louis-park-minnesota
https://www.ubereats.com/minneapolis/food-delivery/panda-express-1638-66th-st-e/VgTLiASZSl6YWbkDfexd6A,st-louis-park-minnesota
https://www.ubereats.com/minneapolis/food-delivery/keys-at-the-foshay-tower/Zj1Wpzq0QjGnAHPmMrDWPw,st-louis-park-minnesota
https://www.ubereats.com/minneapolis/food-delivery/olympic-cafe-2117-w-broadway/sSVghIJ1SyiksmwxFceiig,st-louis-park-minnesota
https://www.ubereats.com/minneapolis/food-delivery/cold-stone-creamery-582-prairie-center-dr-ste-250/kRyJTmFwQWCkGxgvJ0bNnA,st-louis-park-minnesota
https://www.ubereats.com/minneapolis/food-delivery/potbelly-sandwich-shop-eden-prairie-ctr-%7C-55/XUoDkFO7TOatq6ZRejM63g,st-louis-park-minnesota
https://www.ubereats.com/minneapolis/food-delivery/crave-american-kitchen-%26-sushi-bar-st-louis-park/IqFGmHoKRoeFuaB7EgHU6w,st-louis-park-minnesota
https://www.ubereats.com/minneapolis/food-delivery/peoples-organic/t1AMMyhzRJ6J29PCKg9MNw,st-louis-park-minnesota
https://www.ubereats.com/minneapolis/food-delivery/asap-burger/bRrSBxKKRzy88ALQ2sBQQw,st-louis-park-minnesota
https://www.ubereats.com/minneapolis/food-delivery/buffalo-wild-wings-5590-w-broadway-ave/6x5zwzfqQDiL3EGWN6DZcA,st-louis-park-minnesota
https://www.ubereats.com/minneapolis/food-delivery/one-two-three-sushi-ids/rT7b2tMaT4CsxriEKbWqKw,st-louis-park-minnesota
https://www.ubereats.com/minneapolis/food-delivery/chipotle-mexican-grill-5901-94th-ave-n/yoKmBmJFSJ6lfY7s5zT7Ig,st-louis-park-minnesota
https://www.ubereats.com/minneapolis/food-delivery/ben-%26-jerrys-539-east-lake-street-1st-floor/a9M5mPWNQZWKzOlHmONo_Q,st-louis-park-minnesota
https://www.ubereats.com/minneapolis/food-delivery/kabobs-indian-grill/7esQP6-DQlGIX4IzbEqvmQ,st-louis-park-minnesota
https://www.ubereats.com/minneapolis/food-delivery/the-original-pancake-house-1415-county-road-101-n/wA3NiYiKSEiQjI-rn6tLjQ,st-louis-park-minnesota
https://www.ubereats.com/minneapolis/food-delivery/noodles-%26-company-7808-olson-memorial-hwy/9Xu9KTpQRqCvDSwOVumqAg,st-louis-park-minnesota
https://www.ubereats.com/minneapolis/food-delivery/el-pollo-de-los-santos/3EP8TU1cSoy8GRD8SzB6Vw,st-louis-park-minnesota
https://www.ubereats.com/minneapolis/food-delivery/buca-di-beppo-eden-prairie/KLXpChdiS0WIgenkvdJFSA,st-louis-park-minnesota
https://www.ubereats.com/minneapolis/food-delivery/burger-king-3650-aquila-avenue-south/hFMpY0zaQC-H7s_FAVEBdQ,st-louis-park-minnesota
https://www.ubereats.com/minneapolis/food-delivery/caribou-coffee-5125-edina-industrial-blvd-suite-100/WcDuAysATGKvBytq5Pcbxg,st-louis-park-minnesota
https://www.ubereats.com/minneapolis/food-delivery/hop-wong/ucVWtFRnTj66cKYagplKjA,st-louis-park-minnesota
https://www.ubereats.com/minneapolis/food-delivery/pappys-minneapolis/lOMgeG76Tbelez3K_n9F0w,st-louis-park-minnesota
https://www.ubereats.com/minneapolis/food-delivery/wendys-421-w-broadway-ave/I-QuyFThRC6fLEzFnmgbQg,st-louis-park-minnesota
https://www.ubereats.com/minneapolis/food-delivery/noodles-%26-company-1732-e-66th-st/HkSpcChDR-uC_RYW3z2cXQ,st-louis-park-minnesota
https://www.ubereats.com/minneapolis/food-delivery/greenfield-natural-kitchen/UGAqcnRGTV6HmptjdHuR9g,st-louis-park-minnesota
https://www.ubereats.com/minneapolis/food-delivery/brim/q8uHiNoYRWedYCJ-ZRa8oQ,st-louis-park-minnesota
https://www.ubereats.com/minneapolis/food-delivery/northeast-social/7oMUkxs6TSitykJJDWknVw,st-louis-park-minnesota
https://www.ubereats.com/minneapolis/food-delivery/nelsons-meats-bakery-deli-%26-catering/DtorjnnQT5y5alJWH4nTDA,st-louis-park-minnesota
https://www.ubereats.com/minneapolis/food-delivery/smashburger-509-winnetka-ave/HWFqrCWqQEm4MCZhuRzWdw,st-louis-park-minnesota
https://www.ubereats.com/minneapolis/food-delivery/namaste-cafe/5NVbl5dURUqGJFvYyFCJYA,st-louis-park-minnesota
https://www.ubereats.com/minneapolis/food-delivery/katar-river-restaurant-and-bakery/hU4LoRCaRRmzx6vquHHp7w,st-louis-park-minnesota
https://www.ubereats.com/minneapolis/food-delivery/jersey-mikes-subs-park-place-%26-16th-st/71lwRifwSQGibQBpzisplg,st-louis-park-minnesota
https://www.ubereats.com/minneapolis/food-delivery/mcdonalds-southdale-%26-york/zf1IYFeIT0qM2if9GO6MWg,st-louis-park-minnesota
https://www.ubereats.com/minneapolis/food-delivery/mcdonalds-lyndale-%26-45th-ave/nUHjWzc2RA6ACG2EjLyIGA,st-louis-park-minnesota
https://www.ubereats.com/minneapolis/food-delivery/outback-steakhouse-1321-east-78th-street/LdhyX1xjTbSX_8_s1PTfsQ,st-louis-park-minnesota
https://www.ubereats.com/minneapolis/food-delivery/jersey-mikes-subs-lake-%26-humboldt/8sflhpL9RJ6fflmf4myCtw,st-louis-park-minnesota
https://www.ubereats.com/minneapolis/food-delivery/pza-maple-grove/3UQuCshLQc2kH4yRUQqzmQ,st-louis-park-minnesota
https://www.ubereats.com/minneapolis/food-delivery/caribou-coffee-1650-park-place-blvd-suite-101/BECFgYdaR3-mKz-ndMHdlQ,st-louis-park-minnesota
https://www.ubereats.com/minneapolis/food-delivery/pho-hoa-noodle-soup-minneapolis/1KFGAbvKT7igAzxwvX0HCA,st-louis-park-minnesota
https://www.ubereats.com/minneapolis/food-delivery/gaels-gourmet/Uv6oBqLKR3yimyPg_dfKkA,st-louis-park-minnesota
https://www.ubereats.com/minneapolis/food-delivery/caribou-coffee-6803-york-avenue-s/eZQrQX4ASHOocKM08a2Xew,st-louis-park-minnesota
https://www.ubereats.com/minneapolis/food-delivery/leeann-chin-6741-york-ave-s/_3tfxQc0QGOPcKkgh66Baw,st-louis-park-minnesota
https://www.ubereats.com/minneapolis/food-delivery/benihana-11840-fountains-way-n/fgnOLrlTTvaYIIp7jbqumg,st-louis-park-minnesota
https://www.ubereats.com/minneapolis/food-delivery/the-nicollet-diner/h05jwU8KRYOCN2dnCk413g,st-louis-park-minnesota
https://www.ubereats.com/minneapolis/food-delivery/hiep-thanh-bbq-%26-deli/G7KXwahNTXO9YJ_qPEkxjQ,st-louis-park-minnesota
https://www.ubereats.com/minneapolis/food-delivery/caribou-coffee-16506-west-78th-street/PjnmJCujQ0ajj37V9G8I5Q,st-louis-park-minnesota
https://www.ubereats.com/minneapolis/food-delivery/chipotle-mexican-grill-7750-main-st-n/Ab23RlS4QRGnw1farh_g3Q,st-louis-park-minnesota
https://www.ubereats.com/minneapolis/food-delivery/taco-bell-425-w-broadway/AzZ-vmwvQZO0AZjha-GRhA,st-louis-park-minnesota
https://www.ubereats.com/minneapolis/food-delivery/gunpowder-cafe/yH-Zmw_dQMq8QaeK5Zh0Dw,st-louis-park-minnesota
https://www.ubereats.com/minneapolis/food-delivery/uptown-diner/-EJIJPAsQcmWwN5ihCmOMw,st-louis-park-minnesota
https://www.ubereats.com/minneapolis/food-delivery/firehouse-subs-2855-glacier-lane-suite-400/S0qDPxgtRy6XT01F1f8u7g,st-louis-park-minnesota
https://www.ubereats.com/minneapolis/food-delivery/barwaqo/3YszpbBETjeV74iLaUFUhg,st-louis-park-minnesota
https://www.ubereats.com/minneapolis/food-delivery/tropical-smoothie-cafe-knollwood-mall/WM7B9RPCQEqVwz1dZPL6nA,st-louis-park-minnesota
https://www.ubereats.com/minneapolis/food-delivery/applebees-8421-joiner-way-%2382010/gOOBsatWSyK71YOiDMGKjA,st-louis-park-minnesota
https://www.ubereats.com/minneapolis/food-delivery/famous-daves-7825-vinewood-ln/tenHIhzmSkqz4JwdyLvGhg,st-louis-park-minnesota
https://www.ubereats.com/minneapolis/food-delivery/crisp-%26-green-edina/c3TLEtjuQpql1Uk7mBPpWQ,st-louis-park-minnesota
https://www.ubereats.com/minneapolis/food-delivery/caribou-coffee-5330-cedar-lake-road-suite-100/2v_Wzse9RXuTgryePBpTfg,st-louis-park-minnesota
https://www.ubereats.com/minneapolis/food-delivery/andys-diner/BS6kqIaiSjWqz4vx8YnPsg,st-louis-park-minnesota
https://www.ubereats.com/minneapolis/food-delivery/kona-grill-eden-prairie/ITMHd7rPTC-i5qFsyn1Z6Q,st-louis-park-minnesota
https://www.ubereats.com/minneapolis/food-delivery/mcdonalds-nicollet-%26-24th-st/Kc4YssJcRb-1jny9MeTkVg,st-louis-park-minnesota
https://www.ubereats.com/minneapolis/food-delivery/papa-johns-11313-hwy-7/2Kf1qv7BRpic5qRO3ohxfw,st-louis-park-minnesota
https://www.ubereats.com/minneapolis/food-delivery/odonovans-irish-pub/wb24671CTkSjHcyD_Kqe_Q,st-louis-park-minnesota
https://www.ubereats.com/minneapolis/food-delivery/arbys-1690-park-place-blvd/TgzmwppYSdaOgZ61iJfjZg,st-louis-park-minnesota
https://www.ubereats.com/minneapolis/food-delivery/kyoto-sushi/x6G1Mb-SSJe0v9b5hPZrIw,st-louis-park-minnesota
https://www.ubereats.com/minneapolis/food-delivery/india-bazaar/fFgdHzm-TIWa2hkL8sXVFQ,st-louis-park-minnesota
https://www.ubereats.com/minneapolis/food-delivery/bambu/hiLql5EnRjuoenGSqJDmrA,st-louis-park-minnesota
https://www.ubereats.com/minneapolis/food-delivery/mama-mia-mexican-grill/O8JhK_brRNmOk_xmonURog,st-louis-park-minnesota
https://www.ubereats.com/minneapolis/food-delivery/jamba-juice-11632-fountains-dr-ste-403/VBkCCXmeQ0yboFTXckyUBQ,st-louis-park-minnesota
https://www.ubereats.com/minneapolis/food-delivery/smith-%26-porter/6w1_M0yQQbmWY8nJhcrnew,st-louis-park-minnesota
https://www.ubereats.com/minneapolis/food-delivery/el-toro/d_Uu3FndT1mouU1gxmWSMw,st-louis-park-minnesota
https://www.ubereats.com/minneapolis/food-delivery/arbys-5444-brooklyn-blvd/4qfXZ5z3RYOeb18_X26YrA,st-louis-park-minnesota
https://www.ubereats.com/minneapolis/food-delivery/subway-5007-1-2-excelsior-blvd/SvvHoBwmSpmmU7bUhDfE7w,st-louis-park-minnesota
https://www.ubereats.com/minneapolis/food-delivery/dunn-brothers-coffee/U-r0lIKWTHOsU9cD4h9hZw,st-louis-park-minnesota
https://www.ubereats.com/minneapolis/food-delivery/applebees-8312-state-hwy-7-%2377061/_AoYNLF0TWmO8QiM8wERDQ,st-louis-park-minnesota
https://www.ubereats.com/minneapolis/food-delivery/wow-bao-min01-2/NQj2wawwSYujkLFfMpa-Fg,st-louis-park-minnesota
https://www.ubereats.com/minneapolis/food-delivery/rudolphs-bar-b-que/1zIw4hLDTrGlh797LVCioA,st-louis-park-minnesota
https://www.ubereats.com/minneapolis/food-delivery/the-copper-cow-kitchen-%26-bar/GXRSylHaTlea_h6co7qp5g,st-louis-park-minnesota
https://www.ubereats.com/minneapolis/food-delivery/pancheros-mexican-grill-7746-olson-memorial-hwy/UNMynt_rTBudR835nrQSkQ,st-louis-park-minnesota
https://www.ubereats.com/minneapolis/food-delivery/mcdonalds-15th-ave-%26-4th-st/9oQS45hGRyOJjKcyM8pBcg,st-louis-park-minnesota
https://www.ubereats.com/minneapolis/food-delivery/nicos-taco-and-tequila/kXPVHKnWRseIpQdITAbY8A,st-louis-park-minnesota
https://www.ubereats.com/minneapolis/food-delivery/chipotle-mexican-grill-560-w-79th-st/BNHLLTr1Tla1CY_mgqZYjQ,st-louis-park-minnesota
https://www.ubereats.com/minneapolis/food-delivery/el-lorito-mexican-grill/cXV4X7yvSRyjJW0YVtnVFQ,st-louis-park-minnesota
https://www.ubereats.com/minneapolis/food-delivery/potbelly-sandwich-shop-dinkytown-%7C-110/3xo1R0iJT4i7wtDPRY2pwg,st-louis-park-minnesota
https://www.ubereats.com/minneapolis/food-delivery/dancing-ganesha/HxuhwkuNRnqVsMrbu7Wong,st-louis-park-minnesota
https://www.ubereats.com/minneapolis/food-delivery/panda-express-7645-jolly-ln/mf6umAReR0q_CfiTPKT_NQ,st-louis-park-minnesota
https://www.ubereats.com/minneapolis/food-delivery/tjs-of-edina-restaurant/pj4Urgh_Q9Kheu42cBvpcQ,st-louis-park-minnesota
https://www.ubereats.com/minneapolis/food-delivery/the-exchange/ls64jSY3T1y4oqQlLYeUHg,st-louis-park-minnesota
https://www.ubereats.com/minneapolis/food-delivery/poor-richards-commonhouse/VQpIHSy4SlGGfrBhIUqTRw,st-louis-park-minnesota
https://www.ubereats.com/minneapolis/food-delivery/pf-changs-12071-elm-creek-blvd/ty-rBtn1Qk6mlfcA2W-3Vw,st-louis-park-minnesota
https://www.ubereats.com/minneapolis/food-delivery/lmore-chocolat/qayNfia7RiWsZ6wV-UeDCg,st-louis-park-minnesota
https://www.ubereats.com/minneapolis/food-delivery/mcdonalds-broadway-%26-dupont/EnvPm7xNTvOzRlPlDJIDRA,st-louis-park-minnesota
https://www.ubereats.com/minneapolis/food-delivery/subway-187-cheshire-ln/CDrs0YwCQTa7dzAUeo6mgg,st-louis-park-minnesota
https://www.ubereats.com/minneapolis/food-delivery/subway-7712-olson-memorial-hwy/ikAZqA5sS8ifvF08XC0O6Q,st-louis-park-minnesota
https://www.ubereats.com/minneapolis/food-delivery/mccoys-of-minneapolis/bKkfOR7vSnCUw8smkc5g2Q,st-louis-park-minnesota
https://www.ubereats.com/minneapolis/food-delivery/market-bar-b-que/xWkrkfBJQsWsksXDgFTwuA,st-louis-park-minnesota
https://www.ubereats.com/minneapolis/food-delivery/chipotle-mexican-grill-3040-excelsior-blvd-ste-104/l4DMWoM0SneMljavTbJ_lQ,st-louis-park-minnesota
https://www.ubereats.com/minneapolis/food-delivery/momo-sushi/EDQ0rra8T_aNV-mikUuWVQ,st-louis-park-minnesota
https://www.ubereats.com/minneapolis/food-delivery/mcdonalds-hiawatha-%26-41st-st/gRCsLHxFRViC11jGfx5HgA,st-louis-park-minnesota
https://www.ubereats.com/minneapolis/food-delivery/mr-bbq/97QbTljaQMaitxGBG4Vm6A,st-louis-park-minnesota
https://www.ubereats.com/minneapolis/food-delivery/local-roots-817-e-66th-st/g6cOWqZVQKCfT007kdeQlQ,st-louis-park-minnesota
https://www.ubereats.com/minneapolis/food-delivery/caribou-coffee-4345-nathan-lane-n/rljvJ9xhSTSpsixpmbun0w,st-louis-park-minnesota
https://www.ubereats.com/minneapolis/food-delivery/pats-tap/NiGbD3DtQP-XO5vyeDcMoA,st-louis-park-minnesota
https://www.ubereats.com/minneapolis/food-delivery/keefer-court-bakery-%26-cafe/zbH7vlNGSSaV5GxF7wbiRg,st-louis-park-minnesota
https://www.ubereats.com/minneapolis/food-delivery/crave-american-kitchen-%26-sushi-bar-eden-prairie/sQdazdNYTL6MeieMKgWZGw,st-louis-park-minnesota
https://www.ubereats.com/minneapolis/food-delivery/chipotle-mexican-grill-7644-lyndale-ave-s-ste-200/RRTki9J1QiKoW282ROT81w,st-louis-park-minnesota
https://www.ubereats.com/minneapolis/food-delivery/nawabi-hyderabad-house-biryani-place/UNgacef1RxmsxPMHyI0Tsw,st-louis-park-minnesota
https://www.ubereats.com/minneapolis/food-delivery/subway-5327-16th-st/dPqeM3_cQjWLQ3OIwky4YA,st-louis-park-minnesota
https://www.ubereats.com/minneapolis/food-delivery/triple-d-espresso/8vcvZBF1Qke3AsE1Ap1mKg,st-louis-park-minnesota
https://www.ubereats.com/minneapolis/food-delivery/dog-park-gourmet-hot-dogs/bKssnAkgQlaHP6xGNfsjbA,st-louis-park-minnesota
https://www.ubereats.com/minneapolis/food-delivery/subway-2752-lyndale-ave-south/RB-xssBVRuy3zXpDE3lAAw,st-louis-park-minnesota
https://www.ubereats.com/minneapolis/food-delivery/wing-squad-minneapolis/eTB6QrrPSt24NpSexKCufA,st-louis-park-minnesota
https://www.ubereats.com/minneapolis/food-delivery/potbelly-sandwich-shop-hennepin-%26-28th-%7C-404/fNIpg5GcQKWNrxZmEmZmGA,st-louis-park-minnesota
https://www.ubereats.com/minneapolis/food-delivery/stellas-fish-cafe/X9DT1KFSRkqsLqguFcsW2Q,st-louis-park-minnesota
https://www.ubereats.com/minneapolis/food-delivery/d-brians-deli-saint-louis-park/XSg5NSGCRhq_l2fh-q8yJQ,st-louis-park-minnesota
https://www.ubereats.com/minneapolis/food-delivery/subway-11524-county-rd-%233/__z4YVNwQc-1tBN40fghIA,st-louis-park-minnesota
https://www.ubereats.com/minneapolis/food-delivery/caribou-coffee-4745-cedar-avenue/TqCnI7MeQMS370bP6dQ5ag,st-louis-park-minnesota
https://www.ubereats.com/minneapolis/food-delivery/rebel-wings-min01-1/VCQWBSkgR82_ZWrwBKuPnA,st-louis-park-minnesota
https://www.ubereats.com/minneapolis/food-delivery/taste-of-africa-restaurant-%26-deli/tcleXXLVTHe7VyFOOGHewQ,st-louis-park-minnesota
https://www.ubereats.com/minneapolis/food-delivery/cajun-kitchen/vPTCI3yQRQG7nUaUh414dw,st-louis-park-minnesota
https://www.ubereats.com/minneapolis/food-delivery/caribou-coffee-1100-nicollet-ave/v78GNqH_T4qpOV1EFgVkMQ,st-louis-park-minnesota
https://www.ubereats.com/minneapolis/food-delivery/pizza-ranch-5526-w-broadway-ave/j_JoG9dDSnKKN8xIMSpO5A,st-louis-park-minnesota
https://www.ubereats.com/minneapolis/food-delivery/tiny-diner/ikUiNH5JTimETcWK94JqVA,st-louis-park-minnesota
https://www.ubereats.com/minneapolis/food-delivery/d-brians-lincoln-%26-londonderry/fFLQwvxyR-i13ef1uPVsTg,st-louis-park-minnesota
https://www.ubereats.com/minneapolis/food-delivery/eggys-diner/6cHafySLTLeBPFKyM-VC2A,st-louis-park-minnesota
https://www.ubereats.com/minneapolis/food-delivery/barbette/rhRhbKjVTc-oV6QeiA7X1g,st-louis-park-minnesota
https://www.ubereats.com/minneapolis/food-delivery/caribou-coffee-3044-excelsior-blvd-%23103-calhoun-commo/SJIlf90ARv6DRWLLBdTiWQ,st-louis-park-minnesota
https://www.ubereats.com/minneapolis/food-delivery/panda-express-1520-shingle-creek-crossing/8tCzuEJZRJ2HDUkAZtaOgQ,st-louis-park-minnesota
https://www.ubereats.com/minneapolis/food-delivery/ahlan-restaurant/5PkwYkHGTyeBN-6Cv5aPuQ,st-louis-park-minnesota
https://www.ubereats.com/minneapolis/food-delivery/stanleys-northeast-bar-room/-qkMTQDNQC2NACloC3KCSw,st-louis-park-minnesota
https://www.ubereats.com/minneapolis/food-delivery/young-man/a7niRdvFSrOjGww3oTgBlw,st-louis-park-minnesota
https://www.ubereats.com/minneapolis/food-delivery/agra-culture-kitchen-%26-press-50th-st-%26-france/WP0mgb4hRLmuzlvCDH9hEg,st-louis-park-minnesota
https://www.ubereats.com/minneapolis/food-delivery/the-original-pancake-house-3501-w-70th-st/Hd-dCRFFRdeYXN7ZxprYRQ,st-louis-park-minnesota
https://www.ubereats.com/minneapolis/food-delivery/outtakes-bar-and-grill/zWFfyl_HTFumUjT46yHYgg,st-louis-park-minnesota
https://www.ubereats.com/minneapolis/food-delivery/big-bowl-chinese-express-wayzata/dBxvQI3nSIySOf7tG6eslg,st-louis-park-minnesota
https://www.ubereats.com/minneapolis/food-delivery/jamba-juice-7511-france-ave-south/ooCJ32tfTwmsNr3Ou4pvzA,st-louis-park-minnesota
https://www.ubereats.com/minneapolis/food-delivery/taco-bell-16855-county-road-24/kBWnkC_ATJ2O5HGXs13Lyg,st-louis-park-minnesota
https://www.ubereats.com/minneapolis/food-delivery/chatime-southdale/C4d0P-cOSkqhA-DMw7BvXQ,st-louis-park-minnesota
https://www.ubereats.com/minneapolis/food-delivery/cajun-boiling-seafood-and-bar/dY_NZUd6QhuJvjKI79_itg,st-louis-park-minnesota
https://www.ubereats.com/minneapolis/food-delivery/panera-8452-highway-7/-JhEpsCSRnCXYusFHH_Ifg,st-louis-park-minnesota
https://www.ubereats.com/minneapolis/food-delivery/valentino-cafe/Ug7FvrfDS_aUe9XFvfeJeQ,st-louis-park-minnesota
https://www.ubereats.com/minneapolis/food-delivery/crave-downtown-minneapolis/qpECXGkdR-CiQrFyegKS_w,st-louis-park-minnesota
https://www.ubereats.com/minneapolis/food-delivery/kincaids-normandale-lake-%26-84th-st/TvUKS-uDQ2CRxg85-HsqLA,st-louis-park-minnesota
https://www.ubereats.com/minneapolis/food-delivery/red-lobster-12515-elm-creek-blvdn/V1_xDFSdSs2v9lJKu_9LDA,st-louis-park-minnesota
https://www.ubereats.com/minneapolis/food-delivery/pei-wei-12561-castlemoor-dr/5sN5eXYoRgGx5R47JKxlRA,st-louis-park-minnesota
https://www.ubereats.com/minneapolis/food-delivery/taco-bell-7740-2nd-ave-south/prMewyl2RRWXkqH8mO2LnA,st-louis-park-minnesota
https://www.ubereats.com/minneapolis/food-delivery/caribou-coffee-12850-bass-lake-road/97Hn0NbOR5aDvzljkZvHzA,st-louis-park-minnesota
https://www.ubereats.com/minneapolis/food-delivery/houlihans-6601-lyndale-ave-s/tibkpY-hTyKPWTwin1jLeQ,st-louis-park-minnesota
https://www.ubereats.com/minneapolis/food-delivery/eat-street-social/GqOYuegWQpy4jM8--t8C_w,st-louis-park-minnesota
https://www.ubereats.com/minneapolis/food-delivery/slice-pizza/2mSZ_k3JS-2Yzr5BMM5RaQ,st-louis-park-minnesota
https://www.ubereats.com/minneapolis/food-delivery/park-tavern/Y7bwqlTBTVSJNQFlAZU6Gw,st-louis-park-minnesota
https://www.ubereats.com/minneapolis/food-delivery/starbucks-st-louis-park-minnetonka-%26-hw/D8_MeNNTRPyruVGdgaZ_eQ,st-louis-park-minnesota
https://www.ubereats.com/minneapolis/food-delivery/qdoba-mexican-eats-4345-nathan-ln-n/DnoBGxupQ7C4teYnPBknmg,st-louis-park-minnesota
https://www.ubereats.com/minneapolis/food-delivery/sencha-tea-bar-uptown/U_azpXUqSLixnoXfnrMy5g,st-louis-park-minnesota
https://www.ubereats.com/minneapolis/food-delivery/noodles-%26-company-4937-county-rd-101/_xv688HYRiqLRxk6jPg_1A,st-louis-park-minnesota
https://www.ubereats.com/minneapolis/food-delivery/kona-grill-minnetonka/ST6o6gBUSs2L6_9gBxp0iw,st-louis-park-minnesota
https://www.ubereats.com/minneapolis/food-delivery/margaritaville-bloomington/SV153O6_Qx-EELMHeXVCTA,st-louis-park-minnesota
https://www.ubereats.com/minneapolis/food-delivery/tastealicious/1G_mrrkgQkSUfENUOjqzEg,st-louis-park-minnesota
https://www.ubereats.com/minneapolis/food-delivery/leeann-chin-8015-eden-glen-lane/Lv_Lc2vpTUuVi8yzi4hHmw,st-louis-park-minnesota
https://www.ubereats.com/minneapolis/food-delivery/mcdonalds-lake-%26-31st-ave/RQOVgWXRSDSa5KtmSKNdiA,st-louis-park-minnesota
https://www.ubereats.com/minneapolis/food-delivery/arbys-5100-county-rd-101/t3xszRoETgCGC6UbBWuz_w,st-louis-park-minnesota
https://www.ubereats.com/minneapolis/food-delivery/northern-coffeeworks-s-washington-ave/ihMVNCSdSBK48xd7r6WLpg,st-louis-park-minnesota
https://www.ubereats.com/minneapolis/food-delivery/bawarchi-indian-cuisine-cheshire-lane/E5w-k44ATHqMtmnQfb28rQ,st-louis-park-minnesota
https://www.ubereats.com/minneapolis/food-delivery/dunkin-7820-42nd-ave-n/UynVWRP2SGe5lkdZoWmuqg,st-louis-park-minnesota
https://www.ubereats.com/minneapolis/food-delivery/basil/TVVQneozQ2G_k1u_K52Udg,st-louis-park-minnesota
https://www.ubereats.com/minneapolis/food-delivery/inda-palace-uptown/Q59e8Q6PR7264H4cOpSGgg,st-louis-park-minnesota
https://www.ubereats.com/minneapolis/food-delivery/mcdonalds-11325-state-highway-55/ZcGoSO-OTI-f9niEj-bH-Q,st-louis-park-minnesota
https://www.ubereats.com/minneapolis/food-delivery/panda-express-2294-southdale-center/ox35OgW1QTOLbtwBGfWdSA,st-louis-park-minnesota
https://www.ubereats.com/minneapolis/food-delivery/the-oceanaire-seafood-50-south-sixth-street/u8VzIg2bSyyHLpe-uN4MZg,st-louis-park-minnesota
https://www.ubereats.com/minneapolis/food-delivery/mr-pizza-n-wingz/zU71lIiGRlqbysKJe4GN8g,st-louis-park-minnesota
https://www.ubereats.com/minneapolis/food-delivery/toppers-pizza-minneapolis-uptown/5dt9euSTTdiaMY3xsLQygA,st-louis-park-minnesota
https://www.ubereats.com/minneapolis/food-delivery/pancheros-mexican-grill-5200-w-84th-st/eAafNX67RValqi2Rt4GPmg,st-louis-park-minnesota
https://www.ubereats.com/minneapolis/food-delivery/ichigo-tokyo-crepes/IOuilmKVQ0us0yqV5INy1A,st-louis-park-minnesota
https://www.ubereats.com/minneapolis/food-delivery/chipotle-mexican-grill-13250-technology-dr/L1Rlc2XaRN-8782fJqVz8g,st-louis-park-minnesota
https://www.ubereats.com/minneapolis/food-delivery/bonchon-chicken-11708-elm-creek-blvd-n/lULH3aZYTgSfnqnK-qxvXg,st-louis-park-minnesota
https://www.ubereats.com/minneapolis/food-delivery/wendys-12950-wayzata-blvd/nlqkMYsnT56K-3OQVRQKdw,st-louis-park-minnesota
https://www.ubereats.com/minneapolis/food-delivery/caribou-coffee-5000-vernon-ave/rd9i_WRRTbGPoBjJ13n4hg,st-louis-park-minnesota
https://www.ubereats.com/minneapolis/food-delivery/caribou-coffee-14444-excelsior-blvd/XhIEfO-ZTN2t6j4oN6kZ2g,st-louis-park-minnesota
https://www.ubereats.com/minneapolis/food-delivery/applebees-4203-winnetka-avenue-north-%2382008/G4ZQ8PbURlShljVFN9rV5A,st-louis-park-minnesota
https://www.ubereats.com/minneapolis/food-delivery/wasabi-fusion/RBkcJ8kHRlGs6WEXR0_efQ,st-louis-park-minnesota
https://www.ubereats.com/minneapolis/food-delivery/dennys-6405-james-circle-n/c8fM5XmWRuKxE65bVblNAA,st-louis-park-minnesota
https://www.ubereats.com/minneapolis/food-delivery/lao-sze-chuan/diXIacy7S2SByGmt3MajeQ,st-louis-park-minnesota
https://www.ubereats.com/minneapolis/food-delivery/vitalis-bistro/jxQHblQSTMeZqa5DBEde8Q,st-louis-park-minnesota
https://www.ubereats.com/minneapolis/food-delivery/buffalo-wild-wings-550-w-79th-st/2e53nvSMRuO9LXc0kTl3Mw,st-louis-park-minnesota
https://www.ubereats.com/minneapolis/food-delivery/mcdonalds-hennepin-%26-lagoon/6tsNXBAhRGaLJEgWDo_4qg,st-louis-park-minnesota
https://www.ubereats.com/minneapolis/food-delivery/burger-king-6660-wayzata-blvd/K6-ZzuDsRfGah6N50tZHUg,st-louis-park-minnesota
https://www.ubereats.com/minneapolis/food-delivery/wing-squad-eden-prairie/ejpKn4SJSaCHmdVfhVEhFA,st-louis-park-minnesota
https://www.ubereats.com/minneapolis/food-delivery/luckys-13-pub-bloomington/c3CYUSLVSZ-ajP0BcIJm0A,st-louis-park-minnesota
https://www.ubereats.com/minneapolis/food-delivery/mels-melts/awkRdCf7RaagxsCghg40WA,st-louis-park-minnesota
https://www.ubereats.com/minneapolis/food-delivery/poke-house-%26-tea-bar/PvAeXU6XStiQCiH0xUKkbQ,st-louis-park-minnesota
https://www.ubereats.com/minneapolis/food-delivery/el-azteca/l_JYFehLT1OyULLig97H2A,st-louis-park-minnesota
https://www.ubereats.com/minneapolis/food-delivery/noodles-%26-company-13300-technology-dr-ste-100/363LpP4fRSuRmOKJOtf-Jg,st-louis-park-minnesota
https://www.ubereats.com/minneapolis/food-delivery/arbys-7744-5th-ave-s/sOJoSg6NT62JoUI92pwrLg,st-louis-park-minnesota
https://www.ubereats.com/minneapolis/food-delivery/darbar-india-grill/yyswqM6KSTud1zUPBUwmVA,st-louis-park-minnesota
https://www.ubereats.com/minneapolis/food-delivery/chipotle-mexican-grill-5608-w-broadway-ave/dvQaOyLlTWqdQrqSUksCNQ,st-louis-park-minnesota
https://www.ubereats.com/minneapolis/food-delivery/pancho-villa-mexican-restaurant/h5qbN7FSQcqp4AbYfy2wUA,st-louis-park-minnesota
https://www.ubereats.com/minneapolis/food-delivery/five-guys-mn-1632-525-blake-road-n/iE9MGd81Tyy6tkH9H6ygnA,st-louis-park-minnesota
https://www.ubereats.com/minneapolis/food-delivery/dagwoods/RqPU9lYITVW1Arl1PQEadg,st-louis-park-minnesota
https://www.ubereats.com/minneapolis/food-delivery/red-lobster-8900-golden-valley-road/pnvx8EjLSRWFGjGlMydlig,st-louis-park-minnesota
https://www.ubereats.com/minneapolis/food-delivery/feng-cha-teahouse/4dsodSF6SlaW7tfglPbeLQ,st-louis-park-minnesota
https://www.ubereats.com/minneapolis/food-delivery/five-guys-mn-1389-12555-castlemoor-dr/jsi9uxqxQ4KCUEkkRsBRkA,st-louis-park-minnesota
https://www.ubereats.com/minneapolis/food-delivery/mama-sahra-kitchen/UZUa_KV_QN2yXl1PruXKyw,st-louis-park-minnesota
https://www.ubereats.com/minneapolis/food-delivery/el-loro-mexican-grill-lyndale/xelg18g2T4SMZuKaJa6maQ,st-louis-park-minnesota
https://www.ubereats.com/minneapolis/food-delivery/caribou-coffee-1400-highway-101-n-unit-a/BdunUNEsRNmi6tUIENpa6w,st-louis-park-minnesota
https://www.ubereats.com/minneapolis/food-delivery/smashburger-3225-vicksburger-lane-north-bldg-b-ste-g/R5sZeLzvT4CosxWcyNqwfg,st-louis-park-minnesota
https://www.ubereats.com/minneapolis/food-delivery/crisp-%26-green-maple-grove/YSLsprZtQyGZa4o1pqh7Iw,st-louis-park-minnesota
https://www.ubereats.com/minneapolis/food-delivery/baarakallah-restaurants/4--b87UUSP6vSdArWYqVgw,st-louis-park-minnesota
https://www.ubereats.com/minneapolis/food-delivery/panda-express-7823-southtown-dr/A1zNa0DQQRKPR1dh1WIOVQ,st-louis-park-minnesota
https://www.ubereats.com/minneapolis/food-delivery/chipotle-mexican-grill-5580-excelsior-blvd/4u7L9yvaRdiUG1DY-DHn7A,st-louis-park-minnesota
https://www.ubereats.com/minneapolis/food-delivery/gold-nugget-tavern-%26-grille/S_1lO9vFQOyIkK1rl2Aw4g,st-louis-park-minnesota
https://www.ubereats.com/minneapolis/food-delivery/hammer-%26-sickle/yjxs2d34T-mllh8Z1XFwVQ,st-louis-park-minnesota
https://www.ubereats.com/minneapolis/food-delivery/caribou-coffee-509-washington-avenue-s/ZNuMnGUNSVKrkIlkTbxOJA,st-louis-park-minnesota
https://www.ubereats.com/minneapolis/food-delivery/big-bowl-chinese-express-50th-st-%26-france/TnVpBvujQbuEex_1yqbezw,st-louis-park-minnesota
https://www.ubereats.com/minneapolis/food-delivery/potbelly-sandwich-shop-plymouth-%7C-104/pMigscvJQZijappBTLLMhw,st-louis-park-minnesota
https://www.ubereats.com/minneapolis/food-delivery/one-two-three-sushi-plaza/SrUPABB-RBiU9TI2A8AAQA,st-louis-park-minnesota
https://www.ubereats.com/minneapolis/food-delivery/leeann-chin-3235-vicksburg-lane-n-ste-f/I08wEu1HRnC7hORoIavwrw,st-louis-park-minnesota
https://www.ubereats.com/minneapolis/food-delivery/the-bird/LVBXmzMqRDu1P0t_-di5oQ,st-louis-park-minnesota
https://www.ubereats.com/minneapolis/food-delivery/taco-bell-5547-west-broadway/FAp9Q6NkRaePTXfaf7uxig,st-louis-park-minnesota
https://www.ubereats.com/minneapolis/food-delivery/wendys-303-11th-avenue-south/SiXV4sikTuaTCUDfyJTxTg,st-louis-park-minnesota
https://www.ubereats.com/minneapolis/food-delivery/safari-restaurant-and-banquet-center/SzsAVwv8SXWMfGiNZeQv2w,st-louis-park-minnesota
https://www.ubereats.com/minneapolis/food-delivery/qdoba-11611-leona-rd/iVPF7fj8QNmC3xtirAXUXw,st-louis-park-minnesota
https://www.ubereats.com/minneapolis/food-delivery/buns-%26-bao-min01-2/L5PRrRAWQemke8KG-Qzc0Q,st-louis-park-minnesota
https://www.ubereats.com/minneapolis/food-delivery/bawarchi-indian-cuisine/Cuzhc_kwTCeNaUeqMtiOcw,st-louis-park-minnesota
https://www.ubereats.com/minneapolis/food-delivery/pyramid-pizza-%26-grill/zOFeqxHbRhmIANAEvyVjXg,st-louis-park-minnesota
https://www.ubereats.com/minneapolis/food-delivery/caribou-coffee-7950-penn-avenue-s/TSOiD58bRXSjV1GgOiBERQ,st-louis-park-minnesota
https://www.ubereats.com/minneapolis/food-delivery/buffalo-wild-wings-525-blake-rd-n-ste-110/0QerCsG3RSqQ-WQHuhN3fQ,st-louis-park-minnesota
https://www.ubereats.com/minneapolis/food-delivery/pepitos-mexi-go-deli/-uu1LvR6Qqi5ON2mDxeZOg,st-louis-park-minnesota
https://www.ubereats.com/minneapolis/food-delivery/la-dona-cerveceria/jhbu6OLDTsSVVL9yprJD1Q,st-louis-park-minnesota
https://www.ubereats.com/minneapolis/food-delivery/chipotle-mexican-grill-4717-county-road-101/ghYnQVAdT6SH8i_vbtWTzQ,st-louis-park-minnesota
https://www.ubereats.com/minneapolis/food-delivery/its-greek-to-me/f4kX96WjQd-YsBZZUybrMA,st-louis-park-minnesota
https://www.ubereats.com/minneapolis/food-delivery/tank-goodness/DU4_RY_bRfCysjF91TiNZw,st-louis-park-minnesota
https://www.ubereats.com/minneapolis/food-delivery/my-burger-excelsior-blvd/XN7th5HaS7qBIfdbA0LMkg,st-louis-park-minnesota
https://www.ubereats.com/minneapolis/food-delivery/sushi-tango-hennepin/SGEVWd_XTT6Q9NDq-XS5hw,st-louis-park-minnesota
https://www.ubereats.com/minneapolis/food-delivery/potbelly-sandwich-shop-maplegrove-%7C-46/9MadN9JwTqmAZFtT0LQY_A,st-louis-park-minnesota
https://www.ubereats.com/minneapolis/food-delivery/arbys-8016-brooklyn-blvd/-GLSbPNHRturH35hvOkIIQ,st-louis-park-minnesota
https://www.ubereats.com/minneapolis/food-delivery/red-robin-640-2669-campus-dr/djOENWgTSxuMan-S19ggfA,st-louis-park-minnesota
https://www.ubereats.com/minneapolis/food-delivery/social-house-restaurant/Bcd9qXjgSZ27qBwZYdPzqA,st-louis-park-minnesota
https://www.ubereats.com/minneapolis/food-delivery/papa-johns-4610-85th-avenue-north-suite-16a/xG_9MLJrQ0SRyoJu8jY5jg,st-louis-park-minnesota
https://www.ubereats.com/minneapolis/food-delivery/taco-bell-919-cambridge-st/u2uMd9YMTQGBhycmDTYezA,st-louis-park-minnesota
https://www.ubereats.com/minneapolis/food-delivery/arbys-9240-lyndale-ave-s/kiHqESnQQGOXYJ1_LCRCBg,st-louis-park-minnesota
https://www.ubereats.com/minneapolis/food-delivery/harmony-wraps/RX8PXEatRn21mpu2qi-64A,st-louis-park-minnesota
https://www.ubereats.com/minneapolis/food-delivery/caribou-coffee-11210-wayzata-blvd-suite-f/Yf13owHuT2GPaxbhuO9PcA,st-louis-park-minnesota
https://www.ubereats.com/minneapolis/food-delivery/american-eclectic-burger-min01-1/DgyF_K5wTBSYZcWSAiKWtQ,st-louis-park-minnesota
https://www.ubereats.com/minneapolis/food-delivery/raag-indian-cuisine/6WGlXkJuT8aGAkgozPje6g,st-louis-park-minnesota
https://www.ubereats.com/minneapolis/food-delivery/papa-johns-2226-hennepin-avenue/KiY6IgtPSsWi3deJdxQFXg,st-louis-park-minnesota
https://www.ubereats.com/minneapolis/food-delivery/last-call/epY_D6oRR7ymHcDJFcFbow,st-louis-park-minnesota
https://www.ubereats.com/minneapolis/food-delivery/leeann-chin-6420-nicollet-avenue/fCGvkfGqQ2arS88mmwDxeA,st-louis-park-minnesota
https://www.ubereats.com/minneapolis/food-delivery/the-keto-scoop/0Pv2fP-eR_GrP2tgbV-ysg,st-louis-park-minnesota
https://www.ubereats.com/minneapolis/food-delivery/korea-restaurant/g4CHTop6QICHa3b82-BZzg,st-louis-park-minnesota
https://www.ubereats.com/minneapolis/food-delivery/jcs-subs/VKUEn6esRH-8BVLky_cYxA,st-louis-park-minnesota
https://www.ubereats.com/minneapolis/food-delivery/famous-daves-800-w-lake-st/ijhoqqkITK2d10pPMUzROw,st-louis-park-minnesota
https://www.ubereats.com/minneapolis/food-delivery/krispy-krunchy-chicken-7201-bass-lake-rd/AHIWfFK6St-FJfuoqu8DJQ,st-louis-park-minnesota
https://www.ubereats.com/minneapolis/food-delivery/the-brothers-deli/atavPzaOQ5y9G3h3uI283A,st-louis-park-minnesota
https://www.ubereats.com/minneapolis/food-delivery/the-block/LM86KJ7JR0K-w3X_s39yjw,st-louis-park-minnesota
https://www.ubereats.com/minneapolis/food-delivery/mister-deli-mpls/HmUi5fkQQhO3OjA9ipiOUA,st-louis-park-minnesota
https://www.ubereats.com/minneapolis/food-delivery/flamin-thai/TJW4N3F7RtOp20_5HeqEcg,st-louis-park-minnesota
https://www.ubereats.com/minneapolis/food-delivery/shake-shack-6603-france-ave-s/H0A5PdxBToqRketSDGfv7Q,st-louis-park-minnesota
https://www.ubereats.com/minneapolis/food-delivery/papa-johns-4121-lakeland-avenue-north/XTbp1y6eQXCmsL9huDQyBQ,st-louis-park-minnesota
https://www.ubereats.com/minneapolis/food-delivery/crooked-pint-ale-house-minneapolis/mGMPOXyuThC80vOIDM-QUA,st-louis-park-minnesota
https://www.ubereats.com/minneapolis/food-delivery/just-wing-it/opa5VcB8QTCEM4Na5Lx7nA,st-louis-park-minnesota
https://www.ubereats.com/minneapolis/food-delivery/mcdonalds-excelsior-%26-park-nicollet/2cHbIf43SWyXkl2SmQuB_Q,st-louis-park-minnesota
https://www.ubereats.com/minneapolis/food-delivery/thai-paradise/eQ6tuiU9R7Cb65Eby6xa9A,st-louis-park-minnesota
https://www.ubereats.com/minneapolis/food-delivery/india-cafe/7B6y5nKyRNO577vI7oA9Kg,st-louis-park-minnesota
https://www.ubereats.com/minneapolis/food-delivery/minnesota-bbq-co/bg-WszW6Tv6Ucwywv6ZDBg,st-louis-park-minnesota
https://www.ubereats.com/minneapolis/food-delivery/wuollet-bakery/ZLFmrwJ1TYCWiBQlOvHb4A,st-louis-park-minnesota
https://www.ubereats.com/minneapolis/food-delivery/ra-sushi-850-louisiana-avenue/xjiXV9fQSLC8ctREiuqoaw,st-louis-park-minnesota
https://www.ubereats.com/minneapolis/food-delivery/smashburger-10-southdale-center-ste-2290b/mvF_qZ-ETKm0hUijp3HGEA,st-louis-park-minnesota
https://www.ubereats.com/minneapolis/food-delivery/the-wienery/3i7SsLKMSba_c_W1p8ot_w,st-louis-park-minnesota
https://www.ubereats.com/minneapolis/food-delivery/wing-squad-maple-grove/RKjfd9TRRrCT81qUTaF0rQ,st-louis-park-minnesota
https://www.ubereats.com/minneapolis/food-delivery/pryes-brewing-company/RmOq5thqSrG7_TW9CGBN0A,st-louis-park-minnesota
https://www.ubereats.com/minneapolis/food-delivery/chipotle-mexican-grill-3425-vicksburg-ln-n-ste-100/M4R34XMETrSyzjgMWNA4FA,st-louis-park-minnesota
https://www.ubereats.com/minneapolis/food-delivery/chipotle-mexican-grill-229-cedar-ave-s/yXQIBDpKT3m4Tu3xljitUw,st-louis-park-minnesota
https://www.ubereats.com/minneapolis/food-delivery/bar-zia/Sf5fKVwnSoaCDgzI7iLqlQ,st-louis-park-minnesota
https://www.ubereats.com/minneapolis/food-delivery/gigis-cafe/Zj6YUI8bS4K19deFCGbxHw,st-louis-park-minnesota
https://www.ubereats.com/minneapolis/food-delivery/chipotle-mexican-grill-6801-york-ave-s/NDUC2BTuSGGgPR1YGAqfxw,st-louis-park-minnesota
https://www.ubereats.com/minneapolis/food-delivery/buca-di-beppo-maple-grove/kG4V7vCHT56Cj8ufewqydw,st-louis-park-minnesota
https://www.ubereats.com/minneapolis/food-delivery/smashburger-8045-flying-cloud-dr/TIzkq7_4RoeixPCeAgfNvA,st-louis-park-minnesota
https://www.ubereats.com/minneapolis/food-delivery/hong-kong-restaurant/AjaTbGI2R4yqRaAzz6bEvg,st-louis-park-minnesota
https://www.ubereats.com/minneapolis/food-delivery/dennys-4209-w-american-blvd/VRAnz5Y3S6a1E3nNLcVZnw,st-louis-park-minnesota
https://www.ubereats.com/minneapolis/food-delivery/perkins-restaurant-edina-hwy-100/KcZBaPimR5eM8bKF5A9xAw,st-louis-park-minnesota
https://www.ubereats.com/minneapolis/food-delivery/leeann-chin-8204-hwy-7/w94T8d2_S5yFf8b2wWX9Qw,st-louis-park-minnesota
https://www.ubereats.com/minneapolis/food-delivery/famous-daves-14601-highway-7/Oz745LHyTxKljkZeITVNBg,st-louis-park-minnesota
https://www.ubereats.com/minneapolis/food-delivery/leeann-chin-1730-new-brighton-blvd/TvvQwx-TRmGfRAp2_uF29w,st-louis-park-minnesota
https://www.ubereats.com/minneapolis/food-delivery/wendys-9850-rockford-road/hGQluFfzSf2c4wyBxYWxmg,st-louis-park-minnesota
https://www.ubereats.com/minneapolis/food-delivery/real-cooks-kitchen/M_XheWZcRtmNKF5u_eDIFQ,st-louis-park-minnesota
https://www.ubereats.com/minneapolis/food-delivery/wendys-14370-28th-place-n/56gyxGq-Soa8FU5FJelCjA,st-louis-park-minnesota
https://www.ubereats.com/minneapolis/food-delivery/famous-daves-11308-highway-55/4pu1RUo1SnizdibvT_WbtA,st-louis-park-minnesota
https://www.ubereats.com/minneapolis/food-delivery/applebees-7901-1-2-southtown-center-%2382005/4EBFPTtSQKiXbiS3P-5c3Q,st-louis-park-minnesota
https://www.ubereats.com/minneapolis/food-delivery/taco-bell-1540-stinson-blvd-ne/YYjMDBKbTryNfyEVpaKUJw,st-louis-park-minnesota
https://www.ubereats.com/minneapolis/food-delivery/bacon-social-house/P20P0RmwS8u7XEsnY8z5GA,st-louis-park-minnesota
https://www.ubereats.com/minneapolis/food-delivery/sammys-avenue-eatery/NXDlmWavSVGobo6GyFwScw,st-louis-park-minnesota
https://www.ubereats.com/minneapolis/food-delivery/banana-blossom/G7HzqrlgQFW90wwUw7LvJA,st-louis-park-minnesota
https://www.ubereats.com/minneapolis/food-delivery/mcdonalds-720-n-winnetka-ave/NBargwkRQnOC2ELcvkdfCw,st-louis-park-minnesota
https://www.ubereats.com/minneapolis/food-delivery/a-slice-of-new-york/FzmSnXpwT5OqTrhNT5bE-A,st-louis-park-minnesota
https://www.ubereats.com/minneapolis/food-delivery/caribou-coffee-609-east-lake-street/eSMFuM56S3amW6Pbk81RTw,st-louis-park-minnesota
https://www.ubereats.com/minneapolis/food-delivery/crave-galleria-edina/qpsuEIhbTxqBQONUOoN-zg,st-louis-park-minnesota
https://www.ubereats.com/minneapolis/food-delivery/white-castle-1111-cambridge-ave/fMdWmlDXTw2ypOnpHhMjmw,st-louis-park-minnesota
https://www.ubereats.com/minneapolis/food-delivery/chipotle-mexican-grill-2600-hennepin-ave/eeCqgu-9SxqLD3vCVrpoFA,st-louis-park-minnesota
https://www.ubereats.com/minneapolis/food-delivery/mu-mu-tea/ou9DiQrGSTSjX5Of5xiJxw,st-louis-park-minnesota
https://www.ubereats.com/minneapolis/food-delivery/taco-bell-8575-aspen-lane-north/qr4BOWEMTXWD75lFQRHH4g,st-louis-park-minnesota
https://www.ubereats.com/minneapolis/food-delivery/bombay-bistro/4XHSguaURyePf8sZLNpaqg,st-louis-park-minnesota
https://www.ubereats.com/minneapolis/food-delivery/hyderabad-house/L-wcE10oRzmcyKLiSIUV0Q,st-louis-park-minnesota
https://www.ubereats.com/minneapolis/food-delivery/ruths-chris-steak-house-920-2nd-ave/PHWu4ECCQD2Oudnhk477jg,st-louis-park-minnesota
https://www.ubereats.com/minneapolis/food-delivery/edina-eatery/PN5FbNr_TauDF54QqIEJWg,st-louis-park-minnesota
https://www.ubereats.com/minneapolis/food-delivery/tgi-fridays-2686-st-louis-park-minneapolis-mn/4vZxPzerQ824mjPzMGF2eQ,st-louis-park-minnesota
https://www.ubereats.com/minneapolis/food-delivery/wendys-3301-hazelton-rd/5CunmwlYQoy5-JoMSXQDfw,st-louis-park-minnesota
https://www.ubereats.com/minneapolis/food-delivery/starbucks-lyndale-and-77th/RI2dDOWNSkOTE-_fQRQ0NA,st-louis-park-minnesota
https://www.ubereats.com/minneapolis/food-delivery/ra-sushi-11840-fountains-way-n/y9dnhp4ORhmkr0vBTzpiBg,st-louis-park-minnesota
https://www.ubereats.com/minneapolis/food-delivery/little-tijuana-restaurant-%26-bar/KxB8ek4ES5Cv3pBHxz1klA,st-louis-park-minnesota
https://www.ubereats.com/minneapolis/food-delivery/new-asian-ju-yuan/HyqfQdrPRAaNmt0seb6AwA,st-louis-park-minnesota
https://www.ubereats.com/minneapolis/food-delivery/leeann-chin-963-w-78th-st/r1KytHIRRvGR_byXdyjRew,st-louis-park-minnesota
https://www.ubereats.com/minneapolis/food-delivery/kyoto-sushi/jBtvloHWS0ChfmsE2LCZ8g,st-louis-park-minnesota
https://www.ubereats.com/minneapolis/food-delivery/applebees-3500-vicksburg-ln-ste-100-%2382029/udkR1lqhRGi2m9PYkHDszg,st-louis-park-minnesota
https://www.ubereats.com/minneapolis/food-delivery/stray-dog/t9W_GaETRauaZW5XFLnZ8A,st-louis-park-minnesota
https://www.ubereats.com/minneapolis/food-delivery/delicioso-taqueria-%26-catering/DVhyKlBgQJKOq_dpJkAIuA,st-louis-park-minnesota
https://www.ubereats.com/minneapolis/food-delivery/cardigan/sGamaXAQR3WPz0Ik2gncow,st-louis-park-minnesota
https://www.ubereats.com/minneapolis/food-delivery/sabor-cuencano/TRRoortITZutJg2IxWBTfw,st-louis-park-minnesota
https://www.ubereats.com/minneapolis/food-delivery/prieto-taqueria/iyliULcMTcKN6HDnbo1TzQ,st-louis-park-minnesota
https://www.ubereats.com/minneapolis/food-delivery/sarpinos-pizzeria-7542-42nd-ave-n/1UZOrPOuTSSEiW1QxehfdQ,st-louis-park-minnesota
https://www.ubereats.com/minneapolis/food-delivery/ichiddo-ramen/AgOdcEueTOeDKMh5YEEybg,st-louis-park-minnesota
https://www.ubereats.com/minneapolis/food-delivery/shifa-coffee-llc/iBEwgwUSSwayR6if2LMtNw,st-louis-park-minnesota
https://www.ubereats.com/minneapolis/food-delivery/taco-bell-8450-joiner-way/rTjwBKlWR_K5VWAEQfAZWg,st-louis-park-minnesota
https://www.ubereats.com/minneapolis/food-delivery/bukhara-indian-bistro/Gwy_Q1gvSOuwsOcKuNJp_w,st-louis-park-minnesota
https://www.ubereats.com/minneapolis/food-delivery/carbon/-4IfOds1SC2y3Z-jn9EXBg,st-louis-park-minnesota
https://www.ubereats.com/minneapolis/food-delivery/mama-ds-kitchen/uW3El2jrRya-rOD4ehJtOw,st-louis-park-minnesota
https://www.ubereats.com/minneapolis/food-delivery/wendys-325-franklin-ave-east/DGeUyH7XSpSesFw6dNyTLw,st-louis-park-minnesota
https://www.ubereats.com/minneapolis/food-delivery/capitol-cafe-minneapolis/hHH14qevSvGtmGdl6XPmgA,st-louis-park-minnesota
https://www.ubereats.com/minneapolis/food-delivery/el-loro-mexican-grill-ensign-ave/CGU329_jRvCN2ZXNSsVQKg,st-louis-park-minnesota
https://www.ubereats.com/minneapolis/food-delivery/trax-burgers-and-bar/ZSJx7pfYRa-d2QQdJU6dfw,st-louis-park-minnesota
https://www.ubereats.com/minneapolis/food-delivery/caribou-coffee-7635-jolly-lane/x6F6pdtuRGiLWDEnfR-drA,st-louis-park-minnesota
https://www.ubereats.com/minneapolis/food-delivery/i-taco/oy5U294eQLWu5ke-9YfO8A,st-louis-park-minnesota
https://www.ubereats.com/minneapolis/food-delivery/raku-sushi-and-lounge/X4Y5n8PXRqG6OZavUF_3Lw,st-louis-park-minnesota
https://www.ubereats.com/minneapolis/food-delivery/mcdonalds-4637-shady-oak-rd/zhdrE5sJQN2nE3O96v6_2A,st-louis-park-minnesota
https://www.ubereats.com/minneapolis/food-delivery/granite-city-food-%26-brewery-maple-grove/NmEO9IOrQ8iVv9zrglgeMg,st-louis-park-minnesota
https://www.ubereats.com/minneapolis/food-delivery/cinco-de-mayo-mercado/L-hRAjRHRSmpwIrjRSsElA,st-louis-park-minnesota
https://www.ubereats.com/minneapolis/food-delivery/taco-bell-5532-brooklyn-blvd/38iRmK8rSrCUwKd3cAsQEQ,st-louis-park-minnesota
https://www.ubereats.com/minneapolis/food-delivery/burger-king-96-west-66-street/vDENHL2oQJSgpvfYDx7brw,st-louis-park-minnesota
https://www.ubereats.com/minneapolis/food-delivery/dunn-bros-coffee/cdRbqP-pR8mcSLd7jZ9ETg,st-louis-park-minnesota
https://www.ubereats.com/minneapolis/food-delivery/papa-johns-4618-nicollet-avenue/bK5ndZKPT3-eKOm4unkK-w,st-louis-park-minnesota
