url,city
https://www.ubereats.com/louisville/food-delivery/main-event-louisville/JUg3c6lwRKGWA6NpohppUg,st-matthews-kentucky
https://www.ubereats.com/louisville/food-delivery/noodles-%26-company-1225-south-hurstborne-parkway/nbOhw-qURW-ViX-5kE6r6Q,st-matthews-kentucky
https://www.ubereats.com/louisville/food-delivery/oriental-palace/XKEaHUhuQ3GUY8G4l1HLgA,st-matthews-kentucky
https://www.ubereats.com/louisville/food-delivery/arbys-7708-preston-hwy/QBTID590Riq94lcSPbXiWA,st-matthews-kentucky
https://www.ubereats.com/louisville/food-delivery/kfc-12420-lagrange-road/R3A8YEQMT0udldTNkofg7g,st-matthews-kentucky
https://www.ubereats.com/louisville/food-delivery/fazolis-6011-preston-highway/CWWrmSAoQoeenHj5sF23UQ,st-matthews-kentucky
https://www.ubereats.com/louisville/food-delivery/burger-king-9120-taylorsville-road/zhQQrOYVRbWArUK8YOmeUA,st-matthews-kentucky
https://www.ubereats.com/louisville/food-delivery/shalimar-indian-restaurant/3CKLlF_FQT2dlIMqnMW5pQ,st-matthews-kentucky
https://www.ubereats.com/louisville/food-delivery/fazolis-337-whittington-parkway/01udgwUGSgCfveFOfSNSBw,st-matthews-kentucky
https://www.ubereats.com/louisville/food-delivery/mcdonalds-ormsby-station-%26-hurstbourne/kj76xBtAStaEgpIw5v1s4w,st-matthews-kentucky
https://www.ubereats.com/louisville/food-delivery/pelicanos-mexican-kitchen/XO4khFg7StyroeYpJ-nA2Q,st-matthews-kentucky
https://www.ubereats.com/louisville/food-delivery/buffalo-wild-wings-1112-veterans-pkwy/VRwI2zOOR9-Hvke-NLRNcA,st-matthews-kentucky
https://www.ubereats.com/louisville/food-delivery/papa-murphys-6756-bardstown-road/vPYb1PSiR9eHESj9_Iib5A,st-matthews-kentucky
https://www.ubereats.com/louisville/food-delivery/river-road-bbq/4-vniJNQRCSOgSC5w39Rrg,st-matthews-kentucky
https://www.ubereats.com/louisville/food-delivery/mcalisters-deli-12911-shelbyville-road/kmnG_UO-TnSMwaF96C3PBA,st-matthews-kentucky
https://www.ubereats.com/louisville/food-delivery/pasquallys-pizza-%26-wings-2030-s-hurstbourne-pkwy/9ErtGLfwQcOxpoH9rBfd-Q,st-matthews-kentucky
https://www.ubereats.com/louisville/food-delivery/dairy-del/nrWG3vLFSRywaaR5AjkHTA,st-matthews-kentucky
https://www.ubereats.com/louisville/food-delivery/veganville/qj1yMxkfTe2Fpkqxpq11aw,st-matthews-kentucky
https://www.ubereats.com/louisville/food-delivery/gigis-cupcakes-10538-fischer-park-dr/RsQq-3-uRfyaL1SSHqvh6Q,st-matthews-kentucky
https://www.ubereats.com/louisville/food-delivery/sonic-8600-ambrosse-lane/0-LwQBMlTjuhjIX9A_abDQ,st-matthews-kentucky
https://www.ubereats.com/louisville/food-delivery/jade-palace/-EKREP8PROGZAusPThhuRw,st-matthews-kentucky
https://www.ubereats.com/louisville/food-delivery/taco-bell-12529-shelbyville-rd/qCnzt2GiRHCqzhT_n3oD5w,st-matthews-kentucky
https://www.ubereats.com/louisville/food-delivery/essence-lounge/Q97FiSLlSX20FgMt2oWdkQ,st-matthews-kentucky
https://www.ubereats.com/louisville/food-delivery/qdoba-312-s-4th-st/XDXQjB26Q4udh8Qi1Gnmkg,st-matthews-kentucky
https://www.ubereats.com/louisville/food-delivery/jersey-mikes-subs-1305-veterans-pkwy/gZYU7_R9SzSZgzDX6WSsSw,st-matthews-kentucky
https://www.ubereats.com/louisville/food-delivery/mcalisters-deli-2400-lime-kiln-lane/CQ6Z1bIXRBOdrSAs57OYWg,st-matthews-kentucky
https://www.ubereats.com/louisville/food-delivery/wendys-7601-shelbyville-road/uuUkUA62QrGuM__hZk3oxQ,st-matthews-kentucky
https://www.ubereats.com/louisville/food-delivery/cash-saver-market/7RbCxh0PRyymF6PDld2R0g,st-matthews-kentucky
https://www.ubereats.com/louisville/food-delivery/mcalisters-deli-10041-forest-green-boulevard/kbxw146ITgWzFfBIwTnewQ,st-matthews-kentucky
https://www.ubereats.com/louisville/food-delivery/heitzman-pink-box-bakery-bardstown/rEtocpG-QKytee0yNeE3Jw,st-matthews-kentucky
https://www.ubereats.com/louisville/food-delivery/long-john-silvers-1805-blankenbaker-pkwy/LxN-kxWOSoCcw9qo-gY82Q,st-matthews-kentucky
https://www.ubereats.com/louisville/food-delivery/subway-2500-bardstown-rd/pOfJu3iwQqKkqEqBPp049w,st-matthews-kentucky
https://www.ubereats.com/louisville/food-delivery/the-weekly-juicery-holiday-manor/6WqM-7b2T7ugy7q_4qNL3g,st-matthews-kentucky
https://www.ubereats.com/louisville/food-delivery/qdoba-2730-s-hurstbourne-pkwy/HvHlSECOTkeswt24sErdtg,st-matthews-kentucky
https://www.ubereats.com/louisville/food-delivery/qdoba-1305-veterans-pkwy/uK3pTjwTTl265RRc_AWeGw,st-matthews-kentucky
https://www.ubereats.com/louisville/food-delivery/bourbon-barrel-foods-eat-your-bourbon-marketplace/hyrzPn2aQCqtwABOd1Z-XA,st-matthews-kentucky
https://www.ubereats.com/louisville/food-delivery/kfc-10224-taylorsville-rd/ZWCfp7R_R7asbTCwEld5kQ,st-matthews-kentucky
https://www.ubereats.com/louisville/food-delivery/outback-steakhouse-9498-brownsboro-road/KwSRIgqiQwWBps3gzNkN-g,st-matthews-kentucky
https://www.ubereats.com/louisville/food-delivery/bob-evans-51-9797-blairwood-road/N0GGKUmQQPqmugu8OjEseQ,st-matthews-kentucky
https://www.ubereats.com/louisville/food-delivery/agave-%26-rye/sHJXV__CQS-h6o8xVmxDbQ,st-matthews-kentucky
https://www.ubereats.com/louisville/food-delivery/los-aztecas-mexican-restaurant-prospect/RceAKSpdRtecePtkeW6wnw,st-matthews-kentucky
https://www.ubereats.com/louisville/food-delivery/spinellis-pizzeria-4005-shelbyville-rd/RrabDxUpQYifHgGP-Hwf8A,st-matthews-kentucky
https://www.ubereats.com/louisville/food-delivery/ramiros-cantina-express/rXsSLJnaQiaz8Xjs6yBMCw,st-matthews-kentucky
https://www.ubereats.com/louisville/food-delivery/diorios-pizza-%26-pub-dundee-road/CP-c60mvS7m2PftQzjI5IA,st-matthews-kentucky
https://www.ubereats.com/louisville/food-delivery/hooters-clarksville/ZbzGDIjjSEOW5mjM6MI0tw,st-matthews-kentucky
https://www.ubereats.com/louisville/food-delivery/mcdonalds-warnock-%26-floyd/kW3BX8hmT3C59rPfvIhVLw,st-matthews-kentucky
https://www.ubereats.com/louisville/food-delivery/taco-bell-3408-preston-hwy/J2gWSc6ERGawZIy8fue4WA,st-matthews-kentucky
https://www.ubereats.com/louisville/food-delivery/wendys-5240-bardstown-rd/N7chmo4tQ4CmkGn0BW8zIQ,st-matthews-kentucky
https://www.ubereats.com/louisville/food-delivery/chong-garden/w_6l1-s-RKmXO5D-NMVrcg,st-matthews-kentucky
https://www.ubereats.com/louisville/food-delivery/wendys-9489-westport-rd/vm0K3EojQIyf8mHDHJhJbA,st-matthews-kentucky
https://www.ubereats.com/louisville/food-delivery/taco-bell-1801-south-brook-street/Lb-RVY85S7eMdCW9KYOSgw,st-matthews-kentucky
https://www.ubereats.com/louisville/food-delivery/panera-4024-shelbyville-rd/fft1TdXCR9ef19DnryedBw,st-matthews-kentucky
https://www.ubereats.com/louisville/food-delivery/white-castle-2350-greene-way/gi-00bIfQj6V_R2qjndm4Q,st-matthews-kentucky
https://www.ubereats.com/louisville/food-delivery/king-gyros/_wDLdYBZSJW0CTDiGore_A,st-matthews-kentucky
https://www.ubereats.com/louisville/food-delivery/galans-meat-market-%26-deli/IRTQayrvS0mBKlkkh5CXGA,st-matthews-kentucky
https://www.ubereats.com/louisville/food-delivery/qdoba-13006-shelbyville-rd/e6GGG6xTR9SPNTrhsstK4g,st-matthews-kentucky
https://www.ubereats.com/louisville/food-delivery/arbys-12424-lagrange-rd/oDkkNppaQaW9WrCJyHwtIA,st-matthews-kentucky
https://www.ubereats.com/louisville/food-delivery/tracks-bar-and-grill/5nBONkHCStmFS4pCcRtFSw,st-matthews-kentucky
https://www.ubereats.com/louisville/food-delivery/starbucks-hurstbourne-%26-taylorsville/Mt9bLup-Q_-m1zIT1N42lg,st-matthews-kentucky
https://www.ubereats.com/louisville/food-delivery/chopsticks-house/hyc65JVjTjKVVLr6B0mvhA,st-matthews-kentucky
https://www.ubereats.com/louisville/food-delivery/sakura-blue-louisville/clr1ewl0Sa2ADlOEA9V9Vw,st-matthews-kentucky
https://www.ubereats.com/louisville/food-delivery/white-castle-3705-bardstown-rd/VemPc75vRsiq4aHivQgOXQ,st-matthews-kentucky
https://www.ubereats.com/louisville/food-delivery/rallys-1514-east-10th-street/bVwu65vgTUi0Gnb6LKH40A,st-matthews-kentucky
https://www.ubereats.com/louisville/food-delivery/la-bamba-louisville-ky/ERP1kZpXTuKqtgdOwmxrRw,st-matthews-kentucky
https://www.ubereats.com/louisville/food-delivery/burger-king-4030-shelbyville-rd/1JRtLPPeT1eurLkw-v5sww,st-matthews-kentucky
https://www.ubereats.com/louisville/food-delivery/kfc-2945-breckenridge-lane/13H-UxfJSWa54isVnr4hlA,st-matthews-kentucky
https://www.ubereats.com/louisville/food-delivery/krispy-krunchy-chicken-1397-2nd-st/8wV1KyFHTPCyCsAKCYbjEw,st-matthews-kentucky
https://www.ubereats.com/louisville/food-delivery/brick-house-871-south-hurstbourne-pkwy/OhMB1z5-SnK2OMnyBKxWEQ,st-matthews-kentucky
https://www.ubereats.com/louisville/food-delivery/hooties-burger-bar-4120-dutchmans-lane/lZSjuYONRM-11oL6jTiUJg,st-matthews-kentucky
https://www.ubereats.com/louisville/food-delivery/fazolis-913-east-highway-131/FGWV-t6aRle-Wd4KBD9aYg,st-matthews-kentucky
https://www.ubereats.com/louisville/food-delivery/mcalisters-deli-1305-veterans-parkway/3lFJnJjyToqpzLGwNMgevQ,st-matthews-kentucky
https://www.ubereats.com/louisville/food-delivery/wendys-3610-buechel-bypass/cOSngyqzRIGdBx08U77Y9w,st-matthews-kentucky
https://www.ubereats.com/louisville/food-delivery/safier-mediterranean-deli/xRU5ZjQ6STyMdwbEb9Aucw,st-matthews-kentucky
https://www.ubereats.com/louisville/food-delivery/con-huevos-frankfort/BT9jdOaXSrSFr9KDaNN0Iw,st-matthews-kentucky
https://www.ubereats.com/louisville/food-delivery/shiraz-mediterranean-grill-bardstown/ubJABet6QGuTT8OrxwFnbg,st-matthews-kentucky
https://www.ubereats.com/louisville/food-delivery/chipotle-mexican-grill-315-s-4th-st/V340BS3SS-qxEV7ESUn0Ew,st-matthews-kentucky
https://www.ubereats.com/louisville/food-delivery/qdoba-1500-bardstown-rd/aKX9EIl9QH6bmUasts6L-w,st-matthews-kentucky
https://www.ubereats.com/louisville/food-delivery/havana-rumba-middletown/Zj4IPdOURPesnyOt5O4AVA,st-matthews-kentucky
https://www.ubereats.com/louisville/food-delivery/ocharleys-10641-fischer-park-dr/sOBXDYXpSeCgjV2Z4lX5gg,st-matthews-kentucky
https://www.ubereats.com/louisville/food-delivery/starbucks-frankfort-%26-lexington/_1C1XffFSvecvRxJvr4vLA,st-matthews-kentucky
https://www.ubereats.com/louisville/food-delivery/bandido-taqueria-mexicana/QNFia_3jS1-rU1wIF94gNA,st-matthews-kentucky
https://www.ubereats.com/louisville/food-delivery/qdoba-1832-s-3rd-st/uj-8f_uNRGSypEaiUX2_gw,st-matthews-kentucky
https://www.ubereats.com/louisville/food-delivery/buckhead-mountain-grill-louisville-ky/JLkZchZyTyW4I5JAEOu3hw,st-matthews-kentucky
https://www.ubereats.com/louisville/food-delivery/asahi-japanese-restaurant/QpmVa-SbSfqafPhmCfRdcA,st-matthews-kentucky
https://www.ubereats.com/louisville/food-delivery/subway-291-n-hubbards-ln/WcJJbaVsTPSyxkg4P-nHAg,st-matthews-kentucky
https://www.ubereats.com/louisville/food-delivery/krispy-kreme-1575-veterans-parkway/Mi5-1Vq3RNCgqvE-hASA9A,st-matthews-kentucky
https://www.ubereats.com/louisville/food-delivery/ms-rhondas-taste-of-philadelphia/RHie50o2TDGGNl1lzsF35Q,st-matthews-kentucky
https://www.ubereats.com/louisville/food-delivery/wwcousins/PCB4bYrrQgulO71BCpA5Cg,st-matthews-kentucky
https://www.ubereats.com/louisville/food-delivery/red-robin-486-9870-von-allmen-court/nKQxk8BQQ4-2JIJ-lc99wg,st-matthews-kentucky
https://www.ubereats.com/louisville/food-delivery/china-one/mq5A_rgKTzKiPs2QKxnp9Q,st-matthews-kentucky
https://www.ubereats.com/louisville/food-delivery/ehrlers-ice-cream/CkswSKGoSV6BcWwL9ufsug,st-matthews-kentucky
https://www.ubereats.com/louisville/food-delivery/king-chicken/25mZ4paQRa2bW1eB7oRh-Q,st-matthews-kentucky
https://www.ubereats.com/louisville/food-delivery/buca-di-beppo-2051-south-hurstbourne-parkway/lXcdY9WxTMuIr3eN8eTROw,st-matthews-kentucky
https://www.ubereats.com/louisville/food-delivery/mcdonalds-shelbyville-%26-i-264/t0kyKNXgRfmtfmeoSu1QEQ,st-matthews-kentucky
https://www.ubereats.com/louisville/food-delivery/vindhu-bhojanam/hYzWu87SQtO4o6NQin4IlA,st-matthews-kentucky
https://www.ubereats.com/louisville/food-delivery/mcdonalds-hurstbourne-%26-linn-station/jwqiBeIYTEGSN4n-SglNow,st-matthews-kentucky
https://www.ubereats.com/louisville/food-delivery/bob-evans-78-1101-lewis-%26-clark-parkway/Yc-6E4nURfGMEXN-PL8-qg,st-matthews-kentucky
https://www.ubereats.com/louisville/food-delivery/qdoba-6403-bardstown-rd/Dm8sUkzRRgaf94rOOhtSWg,st-matthews-kentucky
https://www.ubereats.com/louisville/food-delivery/arbys-4975-shelbyville-rd/KcXMIzrxQumtDiE7ZkP70A,st-matthews-kentucky
https://www.ubereats.com/louisville/food-delivery/mangos-mexican-grill-and-cantina-hendrick/yBjwTg0RTBu82J-k52Dkeg,st-matthews-kentucky
https://www.ubereats.com/louisville/food-delivery/mcdonalds-taylorsville-%26-bardstown/URX34EtVTwetW6j9tv6aeg,st-matthews-kentucky
https://www.ubereats.com/louisville/food-delivery/the-comfy-cow-frankfort-ave/aNvhC5LWSbeDbZ3TxVTUNQ,st-matthews-kentucky
https://www.ubereats.com/louisville/food-delivery/first-watch-1205-veterans-pkwy/5QzUz9cfQvSQB2TgP7H4MQ,st-matthews-kentucky
https://www.ubereats.com/louisville/food-delivery/rye/G7ExJ6dLQz6E8aWYKcrq4w,st-matthews-kentucky
https://www.ubereats.com/louisville/food-delivery/kingfish-restaurant/SS0yy-2lSAylpZZ4qaldIQ,st-matthews-kentucky
https://www.ubereats.com/louisville/food-delivery/papa-johns-221-south-hurstbourne-pkwy-suite-107/ilP_YrgcTHKELiyAQ4qUmg,st-matthews-kentucky
https://www.ubereats.com/louisville/food-delivery/jets-pizza-101-s-hubbards-ln/yhQKg6YBR5aFkIaVBS0zqA,st-matthews-kentucky
https://www.ubereats.com/louisville/food-delivery/liege-%26-dairy/1qJ6lURjQLSibkr5fDIrQw,st-matthews-kentucky
https://www.ubereats.com/louisville/food-delivery/kfc-1801-blankenbaker-parkway/Txi2eMSbTf6VOppiGkHF_Q,st-matthews-kentucky
https://www.ubereats.com/louisville/food-delivery/j-gumbos-highlands/Qv1Rsmo0S7GoICeWUcG11A,st-matthews-kentucky
https://www.ubereats.com/louisville/food-delivery/kfc-1911-w-broadway-st/44mIKFrzTxOOIXdhZnUmPQ,st-matthews-kentucky
https://www.ubereats.com/louisville/food-delivery/north-lime-coffee-%26-donuts-s-7th-st/QJhJDitDTOCfl9dsL--PyQ,st-matthews-kentucky
https://www.ubereats.com/louisville/food-delivery/green-district-salads/KQHuRsRoTIS2vSk1D_GAMg,st-matthews-kentucky
https://www.ubereats.com/louisville/food-delivery/wing-zone-hess-ln/BozZeP0mTASXPn3exSoyUw,st-matthews-kentucky
https://www.ubereats.com/louisville/food-delivery/red-robin-229-1354-veterans-parkway/8samyIqYQI24WM3dG8VQWw,st-matthews-kentucky
https://www.ubereats.com/louisville/food-delivery/taco-bell-12434-lagrange-rd/hR6Zu1a3TCiyMfkVM2tW9A,st-matthews-kentucky
https://www.ubereats.com/louisville/food-delivery/apna-bazaar/9hQ_6Oa7SeqZpnd2uD8Scw,st-matthews-kentucky
https://www.ubereats.com/louisville/food-delivery/boombozz-craft-pizza-%26-taphouse-highlands/-sM-pdWCQXelohNreXaNzQ,st-matthews-kentucky
https://www.ubereats.com/louisville/food-delivery/zaxbys-13811-terra-view-trail/JZK5T28hQ360bdZSoQz5yQ,st-matthews-kentucky
https://www.ubereats.com/louisville/food-delivery/king-fish-restaurant/eLfipOjaTXS1ikepa4yzaA,st-matthews-kentucky
https://www.ubereats.com/louisville/food-delivery/equus-and-jacks-lounge/GtBo22L5ShqX-e4Itf9RUw,st-matthews-kentucky
https://www.ubereats.com/louisville/food-delivery/sonals-kitchen-indian-vegetarian-restaurant/NzIREUYRQomd-oTT2Fu2oA,st-matthews-kentucky
https://www.ubereats.com/louisville/food-delivery/mi-sueno-cuban-express-food/hP6aWdWqRTOubWrSStCi-g,st-matthews-kentucky
https://www.ubereats.com/louisville/food-delivery/la-suerte/iQzoEyd3QuSb5LhxU5JiUQ,st-matthews-kentucky
https://www.ubereats.com/louisville/food-delivery/yen-ching/NjJzxxFaR4q41rGvj19QJw,st-matthews-kentucky
https://www.ubereats.com/louisville/food-delivery/shreeji-indian-vegetarian-street-food/5KJzrkrfQb-qMR_4oH1qSQ,st-matthews-kentucky
https://www.ubereats.com/louisville/food-delivery/long-john-silvers-3407-w-broadway/Zr58D3NLTSyPMM9mCBLGQg,st-matthews-kentucky
https://www.ubereats.com/louisville/food-delivery/mcalisters-deli-4002-towne-center-drive/3ZFvCpzdSIml6-PJcwlnPg,st-matthews-kentucky
https://www.ubereats.com/louisville/food-delivery/mcdonalds-ruckriegel-%26-gaudet/WEQQbv1qSNCIPD4ZTZhl8Q,st-matthews-kentucky
https://www.ubereats.com/louisville/food-delivery/burger-king-1820-blankenbaker-pkwy/aQu_-_XyRfK51SK48nthxQ,st-matthews-kentucky
https://www.ubereats.com/louisville/food-delivery/burgerim/TOrZ4OsxQXS0OdSBHZDO8A,st-matthews-kentucky
https://www.ubereats.com/louisville/food-delivery/arbys-3615-bardstown-rd/b_KQjU4TQR-4s3O4_svHnA,st-matthews-kentucky
https://www.ubereats.com/louisville/food-delivery/kfc-9487-westport-rd/0mZc3vR2S6-KpyJAQtx0FQ,st-matthews-kentucky
https://www.ubereats.com/louisville/food-delivery/qdoba-4600-shelbyville-rd/l0S7fGDGTCSex6AjbOU2WA,st-matthews-kentucky
https://www.ubereats.com/louisville/food-delivery/taco-bell-10541-fischer-park-drive/k5-d_bTjRQSAXZQY-2M1WQ,st-matthews-kentucky
https://www.ubereats.com/louisville/food-delivery/river-city-drafthouse/1osu65ZZTI-UL7CA2d9DKQ,st-matthews-kentucky
https://www.ubereats.com/louisville/food-delivery/doc-crows-southern-smokehouse-%26-raw-bar/GiIDbUaKTzGaa_U5do6ECg,st-matthews-kentucky
https://www.ubereats.com/louisville/food-delivery/famous-daves-8605-citadel-way/OEv-YEypQbCmoLidUTp0uQ,st-matthews-kentucky
https://www.ubereats.com/louisville/food-delivery/pho-phi-vietnamese-noodle-and-grill/gdT14sApR1m1ca_M-T37LQ,st-matthews-kentucky
https://www.ubereats.com/louisville/food-delivery/chuck-e-cheese-2030-s-hurstbourne-pkwy/jgjZrutmSQiUPnibDg7SwQ,st-matthews-kentucky
https://www.ubereats.com/louisville/food-delivery/osaka-japanese-restaurant/1wpD1JbASNeXgyjp6OBnyQ,st-matthews-kentucky
https://www.ubereats.com/louisville/food-delivery/double-dogs-shelbyville-%26-edwards/eSBccpE3R9-nz-96ap9OcQ,st-matthews-kentucky
https://www.ubereats.com/louisville/food-delivery/arbys-2956-breckinridge-lane/qbhaJRCdRVS_5t-ISOS2Mw,st-matthews-kentucky
https://www.ubereats.com/louisville/food-delivery/cinnabon-5000-shelbyville-road/l3gfqHnVTWiJWn42jG88pQ,st-matthews-kentucky
https://www.ubereats.com/louisville/food-delivery/gigis-cupcakes-1977-s-hurstbourne-pkwy/b_I3uhK7RWWWGhtr1a2lqQ,st-matthews-kentucky
https://www.ubereats.com/louisville/food-delivery/blaze-pizza-4118-summit-plaza-drive/Msvjb91ORO6HTqewtquqcw,st-matthews-kentucky
https://www.ubereats.com/louisville/food-delivery/red-robin-488-5000-shelbyville-rd-%231627/Sed3y_GDTSCB7zeeB3eYrA,st-matthews-kentucky
https://www.ubereats.com/louisville/food-delivery/taco-bell-6501-paramount-park-dr/q5rPsiNXQl2Qv6nzSEf6Lg,st-matthews-kentucky
https://www.ubereats.com/louisville/food-delivery/arbys-12933-shelbyville-rd/nCsrNttCQeuWmRK3PMm4HA,st-matthews-kentucky
https://www.ubereats.com/louisville/food-delivery/steak-n-shake-4545-outer-loop/SsjOK_5rTMWKehfLJNuxkw,st-matthews-kentucky
https://www.ubereats.com/louisville/food-delivery/stout-burgers-%26-beers/JgCT7cl7SQOExsm636X_xg,st-matthews-kentucky
https://www.ubereats.com/louisville/food-delivery/blaze-pizza-13317-shelbyville-road/Gwl12aOWS9Sf9wvMt4soKQ,st-matthews-kentucky
https://www.ubereats.com/louisville/food-delivery/pf-changs-9120-shelbyville-rd/eOR5P1JKR7Of26GSJJReCA,st-matthews-kentucky
https://www.ubereats.com/louisville/food-delivery/ruths-chris-steak-house-6100-dutchmans-lane/89eaaIxyS9uI2HfaMMe3gw,st-matthews-kentucky
https://www.ubereats.com/louisville/food-delivery/safai-at-logan-street-market/vX2gEETYRzq9ETCHjc6m5A,st-matthews-kentucky
https://www.ubereats.com/louisville/food-delivery/vibes-restaurant-and-ultra-lounge/35qXhddLSW-xrHVk7_e1yA,st-matthews-kentucky
https://www.ubereats.com/louisville/food-delivery/noodles-%26-company-319-w-cardinal-blvd/wSoL9V32TYmzR9ZWjb9z1g,st-matthews-kentucky
https://www.ubereats.com/louisville/food-delivery/taco-bell-3520-bardstown-rd/novq5JsdTpS6unxajLRrog,st-matthews-kentucky
https://www.ubereats.com/louisville/food-delivery/difabios-casapela/HI7o9x17Q6iT-Pss0uTvZw,st-matthews-kentucky
https://www.ubereats.com/louisville/food-delivery/chipotle-mexican-grill-420-s-hurstbourne-pkwy/doY48BbCQHeZUqocsLX3YQ,st-matthews-kentucky
https://www.ubereats.com/louisville/food-delivery/spinellis-pizzeria-4005-shelbyville-rd/tdXa_q9eTqGjunpD0KCGUg,st-matthews-kentucky
https://www.ubereats.com/louisville/food-delivery/holy-smokes-bbq/g89LC-IPQ-md6DGFh5dKYw,st-matthews-kentucky
https://www.ubereats.com/louisville/food-delivery/taco-bell-3950-taylorsville-road/jszRDvveTVCn1mRCd_D-zQ,st-matthews-kentucky
https://www.ubereats.com/louisville/food-delivery/spinellis-pizzeria-614-baxter-ave/pQ3NAEijSbuEThuzFFzACQ,st-matthews-kentucky
https://www.ubereats.com/louisville/food-delivery/first-watch-201-s-hurstbourne-pkwy/YTk8dTYuS2iP7gaKLBsDeg,st-matthews-kentucky
https://www.ubereats.com/louisville/food-delivery/steak-n-shake-980-east-lewis-and-clark-parkway/Hrxh_4aHRlWibRdNorQBZA,st-matthews-kentucky
https://www.ubereats.com/louisville/food-delivery/smokey-bones-jeffersontown/KWlXICDWTmCMFaGvpLf6pg,st-matthews-kentucky
https://www.ubereats.com/louisville/food-delivery/buffalo-wild-wings-4600-shelbyville-road/cuv539DeS-ab_7PFnjB_ZA,st-matthews-kentucky
https://www.ubereats.com/louisville/food-delivery/red-lobster-951-e-lewis-and-clark-parkway/NsIKoXN3QbyhJ1CuUyu5pQ,st-matthews-kentucky
https://www.ubereats.com/louisville/food-delivery/jocks-sports-bar-%26-grill/okhcwjXjQpaFnjRcvnzQ0g,st-matthews-kentucky
https://www.ubereats.com/louisville/food-delivery/china-king/lw4mT8ODTB-WUyJrrBx6dg,st-matthews-kentucky
https://www.ubereats.com/louisville/food-delivery/wendys-4041-taylorsville-rd/QCknqw4yQ0G8_W6DXn8Bsw,st-matthews-kentucky
https://www.ubereats.com/louisville/food-delivery/golden-corral-1402-cedar-street/2W88EVQ-S_KopsHmYVIEKw,st-matthews-kentucky
https://www.ubereats.com/louisville/food-delivery/cracker-barrel-old-country-store-1401-kentucky-mills-drive/h_tF8y1rStqW5TMYwj6StA,st-matthews-kentucky
https://www.ubereats.com/louisville/food-delivery/kfc-3400-bardstown-rd/XnSkOsgwS_qplTLNAir7BA,st-matthews-kentucky
https://www.ubereats.com/louisville/food-delivery/moes-southwest-grill-2001-south-hurstbourne-pkwy/GcWJHZfER6q1SuHM4febQQ,st-matthews-kentucky
https://www.ubereats.com/louisville/food-delivery/louisvile-cafe-india/krU-jlXoT1ypgsfx_zZAHQ,st-matthews-kentucky
https://www.ubereats.com/louisville/food-delivery/extreme-pita/FsQlDf9VQG6l1r1lRI51OA,st-matthews-kentucky
https://www.ubereats.com/louisville/food-delivery/sweet-savannah-frozen-yogurt/6wyH_v0LQfGpHa3u0p-qsg,st-matthews-kentucky
https://www.ubereats.com/louisville/food-delivery/cumberland-brews/mJK5ztCBQiaLUVbge51KwA,st-matthews-kentucky
https://www.ubereats.com/louisville/food-delivery/jets-pizza-blankenbaker/-5bYDLORR2Gd3QlTd7MK6A,st-matthews-kentucky
https://www.ubereats.com/louisville/food-delivery/los-aztecas-mexican-restaurant-nulu/4RF4qiAuRvKS3JgHfq5W2w,st-matthews-kentucky
https://www.ubereats.com/louisville/food-delivery/panera-6221-dutchmans-lane/yEf3hKTKSdOfF9wPL8Y8NQ,st-matthews-kentucky
https://www.ubereats.com/louisville/food-delivery/mcalisters-deli-6510-bardstown-road/j7j22fuPQjyUhF_eZZc6sA,st-matthews-kentucky
https://www.ubereats.com/louisville/food-delivery/five-guys-ky-1704-4226-shelbyville-road/kAcnd29gRAqpWkuuP4ZFrQ,st-matthews-kentucky
https://www.ubereats.com/louisville/food-delivery/kobe-japanese-steakhouse/NixD5zP0QTuEpD5dJJI6ug,st-matthews-kentucky
https://www.ubereats.com/louisville/food-delivery/ole-hickory-pit-bar-b-que/gndxImpJRb2NGnhC1W2Abg,st-matthews-kentucky
https://www.ubereats.com/louisville/food-delivery/noodles-%26-company-4302-summit-plaza-drive/-WHzz3EiT3CKXp09KL98DQ,st-matthews-kentucky
https://www.ubereats.com/louisville/food-delivery/mcdonalds-breckenridge-%26-hikes/edMmq44yRtSPiCKkd-9CyA,st-matthews-kentucky
https://www.ubereats.com/louisville/food-delivery/jets-pizza-6523-bardstown-rd/QgNPUojcSN2VmaSboaH5Qg,st-matthews-kentucky
https://www.ubereats.com/louisville/food-delivery/jasmine-asian-bistro/vL5ecbWOSTOJ-QwDfT1EMw,st-matthews-kentucky
https://www.ubereats.com/louisville/food-delivery/red-sun/WtNeFkunRAiqHbGsrjF_AA,st-matthews-kentucky
https://www.ubereats.com/louisville/food-delivery/arbys-1203-hurstbourne-ln/gLyOYjItQ0K7f8-AG9I-lA,st-matthews-kentucky
https://www.ubereats.com/louisville/food-delivery/mashallah-african-restaurant/v1_hdlHBQ6apdwEOrYicrQ,st-matthews-kentucky
https://www.ubereats.com/louisville/food-delivery/bjs-restaurant-%26-brewhouse-7900-shelbyville-rd/LETX_HggSWOhQxOTIeus8A,st-matthews-kentucky
https://www.ubereats.com/louisville/food-delivery/taco-bell-108-e-broadway/OP_EY47kSx6IE2F4u9dVMg,st-matthews-kentucky
https://www.ubereats.com/louisville/food-delivery/frischs-big-boy-1710-lincoln-ave/g2NwAtt-TlazvigJoLMl5Q,st-matthews-kentucky
https://www.ubereats.com/louisville/food-delivery/parlour/RXBsXbafRO2_dlMJ5yOVkg,st-matthews-kentucky
https://www.ubereats.com/louisville/food-delivery/mommas-mustard-pickles-%26-bbq-hurstbourne/0E7JFb0RSc6sQahgDRZDDQ,st-matthews-kentucky
https://www.ubereats.com/louisville/food-delivery/mcdonalds-hubbards-%26-castleview/U0GTbcvxQheoQ8By_7Y98w,st-matthews-kentucky
https://www.ubereats.com/louisville/food-delivery/arbys-2804-crittenden-dr/RsprngG6QSWvB9Cf8XPmSg,st-matthews-kentucky
https://www.ubereats.com/louisville/food-delivery/indis-fast-food-restaurant/L8rVlulKSpapFBOXzaWXJg,st-matthews-kentucky
https://www.ubereats.com/louisville/food-delivery/rice-box/N5kFlovkQRGktJ0biBLS2A,st-matthews-kentucky
https://www.ubereats.com/louisville/food-delivery/dunkin-12401-shelbyville-rd/32ic9VS5Sd-uVzcfEX_BNA,st-matthews-kentucky
https://www.ubereats.com/louisville/food-delivery/the-old-spaghetti-factory-louisville/Sl1UWWkpQQS1LcWD4yIROA,st-matthews-kentucky
https://www.ubereats.com/louisville/food-delivery/arbys-5022-s-third-st/GBufUxE1TvWXuHnSFY6rHA,st-matthews-kentucky
https://www.ubereats.com/louisville/food-delivery/heitzman-traditional-bakery-%26-deli/o8w6TuWTRi-V15k7m9mRTA,st-matthews-kentucky
https://www.ubereats.com/louisville/food-delivery/kfc-5501-highway-62/2tII_Zh_RoG4xvOhzunpVA,st-matthews-kentucky
https://www.ubereats.com/louisville/food-delivery/joes-older-than-dirt/DHxUFAsgR_CEwxR2gY4lJg,st-matthews-kentucky
https://www.ubereats.com/louisville/food-delivery/el-toro-mexican-cantina-shelbyville/0leIofMkTG2GbN91mSxD6w,st-matthews-kentucky
https://www.ubereats.com/louisville/food-delivery/outback-steakhouse-8101-bardstown-road/45cBzzTsQ8OWq0YRS7Rl2w,st-matthews-kentucky
https://www.ubereats.com/louisville/food-delivery/yummy-pollo-bishop-lane/qGdIeCKjQFWd5a_Gqsr0nQ,st-matthews-kentucky
https://www.ubereats.com/louisville/food-delivery/mexa-steak-tacos/VIY7Un7STFCev_o8foRWDA,st-matthews-kentucky
https://www.ubereats.com/louisville/food-delivery/adrienne-%26-co-old-louisville/rfp3Mp8VSievNGrNpuoF7g,st-matthews-kentucky
https://www.ubereats.com/louisville/food-delivery/long-john-silvers-12434-la-grange-road/ZW8u5-yvSp6GoM2BVKIGOQ,st-matthews-kentucky
https://www.ubereats.com/louisville/food-delivery/mcdonalds-bardstown-%26-belmont/MY2csKIrR-CJ_vMzF11OYg,st-matthews-kentucky
https://www.ubereats.com/louisville/food-delivery/superchefs/pwBQFKA7QKiPCtw53EesKg,st-matthews-kentucky
https://www.ubereats.com/louisville/food-delivery/wendys-2800-packerland-way/2B9y3fZJQbO2UfV1sNrN4A,st-matthews-kentucky
https://www.ubereats.com/louisville/food-delivery/little-greek-fresh-grill/eezFzCd3QxuF-oHh3qM86Q,st-matthews-kentucky
https://www.ubereats.com/louisville/food-delivery/la-bonita-tacos/0Y-WtdcKQP2OKeSBqMa-dw,st-matthews-kentucky
https://www.ubereats.com/louisville/food-delivery/ville-chicken-%26-seafood/C_UmFcQ8TeWbagGjStPgUA,st-matthews-kentucky
https://www.ubereats.com/louisville/food-delivery/vis-a-vis-bar-and-grill/uHafrjn6Ri-NXdWaJngiqw,st-matthews-kentucky
https://www.ubereats.com/louisville/food-delivery/j-gumbos-stonybrook/-1BVkalYQii4pGY2cT8c-w,st-matthews-kentucky
https://www.ubereats.com/louisville/food-delivery/chefs-cut-pizzeria/AetZBkf3SYupRd6jW-eO9Q,st-matthews-kentucky
https://www.ubereats.com/louisville/food-delivery/jersey-mikes-subs-1983-south-hurstbourne-parkway/GrYd63f-RTm4ZH_DxS_CfA,st-matthews-kentucky
https://www.ubereats.com/louisville/food-delivery/jets-pizza-hurstbourne-pkwy/lz80uHsxST2ovtik7kFFEA,st-matthews-kentucky
https://www.ubereats.com/louisville/food-delivery/taco-bell-9102-taylorsville-rd/7xcCRg_CS0-PD2rL-4CczA,st-matthews-kentucky
https://www.ubereats.com/louisville/food-delivery/game-restaurant/Rg_mkE6XStmtYeHoE9qWpg,st-matthews-kentucky
https://www.ubereats.com/louisville/food-delivery/los-pasteles-de-anita-anitas-bakery/NJ60zTTfSDCMKX5vpLCUCA,st-matthews-kentucky
https://www.ubereats.com/louisville/food-delivery/blaze-pizza-4600-shelbyville-road/-wSTVVoJQx2B2x7Y6IjjpA,st-matthews-kentucky
https://www.ubereats.com/louisville/food-delivery/frischs-big-boy-6209-bardstown-rd/d23lkUlqRuiqsPqn58bo8Q,st-matthews-kentucky
https://www.ubereats.com/louisville/food-delivery/mommas-mustard-pickles-%26-bbq-st-matthews/nQLVqYW3SraLvwguSsWEnA,st-matthews-kentucky
https://www.ubereats.com/louisville/food-delivery/firehouse-subs-215-south-hurstbourne-parkwaysuite-104/abVtfo5WQr-6ryvVJFZ7iQ,st-matthews-kentucky
https://www.ubereats.com/louisville/food-delivery/bambi-bar/gSjVx1X0TIOy9tghCbvLIA,st-matthews-kentucky
https://www.ubereats.com/louisville/food-delivery/mcalisters-deli-store-102221/-G84V1PXQhu1ZPIaH3Ed3w,st-matthews-kentucky
https://www.ubereats.com/louisville/food-delivery/la-que/l82dWXyLQA6H8LN2ONII1g,st-matthews-kentucky
https://www.ubereats.com/louisville/food-delivery/the-granville-pub/sa1CgP5KTI-y7xDPZeN0pg,st-matthews-kentucky
https://www.ubereats.com/louisville/food-delivery/havana-salsa-cuban-cuisine/e7KSmWbVSkaEGT_Jp_qqdA,st-matthews-kentucky
https://www.ubereats.com/louisville/food-delivery/buffalo-wild-wings-12901-shelbyville-road/4OyF9q83TtuN0dOn89Ye7A,st-matthews-kentucky
https://www.ubereats.com/louisville/food-delivery/taco-bell-4910-shelbyville-rd/n-KKEIoyS2u_kJVaJ7FUJA,st-matthews-kentucky
https://www.ubereats.com/louisville/food-delivery/outback-steakhouse-4621-shelbyville-road/99PJ_g8LROKfg_uMAsEsbQ,st-matthews-kentucky
https://www.ubereats.com/louisville/food-delivery/mojitos-tapas/BOST7einTJeU5LDTIdkSEQ,st-matthews-kentucky
https://www.ubereats.com/louisville/food-delivery/against-the-grain-brewery-and-smokehouse/4VUZanoaT8-dgMHNP5SEVQ,st-matthews-kentucky
https://www.ubereats.com/louisville/food-delivery/mcdonalds-brownsboro-%26-jane/ySXAcr_6RoC-3ikjEpa3Jg,st-matthews-kentucky
https://www.ubereats.com/louisville/food-delivery/wendys-4955-old-brownsboro-road/amwJNQzFSQWfemM_uQoWxA,st-matthews-kentucky
https://www.ubereats.com/louisville/food-delivery/honeybaked-ham-4600-shelbyville-rd/_JeAcwJTRjehEZH8exCltA,st-matthews-kentucky
https://www.ubereats.com/louisville/food-delivery/california-pizza-kitchen-7900-shelbyville-rd-sp-e-17/bUR1Kgi-Tf-ocDUL6vEYGw,st-matthews-kentucky
https://www.ubereats.com/louisville/food-delivery/zaxbys-807-blankenbaker/X1Auf8K-Q8Chx632blUjsQ,st-matthews-kentucky
https://www.ubereats.com/louisville/food-delivery/tandoori-fusion/LWMALfiYTBKPv2IhPf1h5w,st-matthews-kentucky
https://www.ubereats.com/louisville/food-delivery/first-watch-2225-taylorsville-rd/EO4H2WZrTs2Bl-FUkyMoIg,st-matthews-kentucky
https://www.ubereats.com/louisville/food-delivery/dunkin-3333-newburg-rd/ZfQM2IP_QkS9mVp4zY2TdQ,st-matthews-kentucky
https://www.ubereats.com/louisville/food-delivery/mcalisters-deli-980-breckenridge-lane/b-n7euECQ_6D03RhCGuGHQ,st-matthews-kentucky
https://www.ubereats.com/louisville/food-delivery/the-simple-greek-louisville/pHbaBbW8T8KXAPXWJQSrow,st-matthews-kentucky
https://www.ubereats.com/louisville/food-delivery/cracker-barrel-old-country-store-2701-crittenden-dr/SySCvOjLQUqP868zdgMisA,st-matthews-kentucky
https://www.ubereats.com/louisville/food-delivery/dunkin-9913-brownsboro-rd/a0whWNfZR5uGWgCcPcNKQQ,st-matthews-kentucky
https://www.ubereats.com/louisville/food-delivery/hooters-dupont/3SWf9AtHRMG2zYdYAdMVFw,st-matthews-kentucky
https://www.ubereats.com/louisville/food-delivery/popeyes-bardstown-%26-goldsmith/cAO7Wcy3Q9K-eqQb7H43ag,st-matthews-kentucky
https://www.ubereats.com/louisville/food-delivery/starbucks-bardstown-%26-heather/rYRSXaclTj6XIHBs0JBXBQ,st-matthews-kentucky
https://www.ubereats.com/louisville/food-delivery/jets-pizza-2500-bardstown-rd/-NUheM2sSjGssL-N5UBCwQ,st-matthews-kentucky
https://www.ubereats.com/louisville/food-delivery/smashburger-312-s-fourth-st/LUVVUW7YTxen4_e-1sIV2Q,st-matthews-kentucky
https://www.ubereats.com/louisville/food-delivery/arbys-935-e-hwy-131/6l6C6FEDTlGvktu9tY8WPg,st-matthews-kentucky
https://www.ubereats.com/louisville/food-delivery/eggs-over-frankfort/MwWm5b8KSri6DKbJDNK9Wg,st-matthews-kentucky
https://www.ubereats.com/louisville/food-delivery/long-john-silvers-2901-goose-creek-rd/dAQs9BI7SuWkT5P-zahX1A,st-matthews-kentucky
https://www.ubereats.com/louisville/food-delivery/papa-murphys-3015-east-10th-street/X8CrJNeURTyfK8Mq_Ln2gQ,st-matthews-kentucky
https://www.ubereats.com/louisville/food-delivery/mcdonalds-bardstown-%26-fegenbush/VCZZ_TyvSiqC2ggKPRsBXQ,st-matthews-kentucky
https://www.ubereats.com/louisville/food-delivery/arbys-2025-e-10th-st/OJSjNcv-QFeMhrSeZfMFQg,st-matthews-kentucky
https://www.ubereats.com/louisville/food-delivery/taco-bell-1805-blankenbaker-parkway/EF7UtOawQa26OSaXIxtCkg,st-matthews-kentucky
https://www.ubereats.com/louisville/food-delivery/potbelly-sandwich-works-paddock/IZ31ScQARy2TnR-XeYf-pw,st-matthews-kentucky
https://www.ubereats.com/louisville/food-delivery/sonic-3641-springhurst-blvd/yPtHouQhTPWK89QUM_uWVQ,st-matthews-kentucky
https://www.ubereats.com/louisville/food-delivery/aspen-creek-grill-oxmoor/RWu_7E-LSPqhxQKkoq8wEQ,st-matthews-kentucky
https://www.ubereats.com/louisville/food-delivery/ihop-hurstbourne-parkway/a3-le8f8Rm62SSb5x1HlOw,st-matthews-kentucky
https://www.ubereats.com/louisville/food-delivery/five-guys-ky-1788-13303-shelbyville-road/p_a5SSmQQWiHv5wRtxD-Dg,st-matthews-kentucky
https://www.ubereats.com/louisville/food-delivery/first-watch-12913-shelbyville-road/QRN9Zdz8TPqL1bxfu8i9NQ,st-matthews-kentucky
https://www.ubereats.com/louisville/food-delivery/maira-mediterranean-grill/PNDjkRtXS9qmxUrEFeiKVA,st-matthews-kentucky
https://www.ubereats.com/louisville/food-delivery/7801-bonefish-grill-657-s-hurstbourne-pkwy/u9Nv9pRwQouVvuLl7h8zww,st-matthews-kentucky
https://www.ubereats.com/louisville/food-delivery/smashburger-9409-shelbyville-rd/PPCbipU1QcCisFUL8HCfhg,st-matthews-kentucky
https://www.ubereats.com/louisville/food-delivery/qdoba-970-breckenridge-ln/IkWVJMcLT7uKJ8o5dv_cPw,st-matthews-kentucky
https://www.ubereats.com/louisville/food-delivery/ocharleys-1901-s-hurstbourne-pkwy/6OnhUvsNSb-DAkSdCcnv2g,st-matthews-kentucky
https://www.ubereats.com/louisville/food-delivery/wendys-10741-fischer-park-drive/n7c9kVDETI25W7_B1aMnLg,st-matthews-kentucky
https://www.ubereats.com/louisville/food-delivery/kathmandu-kitchen-and-bar/cHu2gaM9SKaKB3KyW9O3hw,st-matthews-kentucky
https://www.ubereats.com/louisville/food-delivery/wendys-1630-kentucky-mills-drive/ZGc_ZPgxRjuYNeu157wGwg,st-matthews-kentucky
https://www.ubereats.com/louisville/food-delivery/qdoba-1321-herr-lane/rijyNNUNSp2MkPYLZrgnuA,st-matthews-kentucky
https://www.ubereats.com/louisville/food-delivery/dunkin-2815-fern-valley-rd/qzhkYtafQFuJZa6yXUIM7g,st-matthews-kentucky
https://www.ubereats.com/louisville/food-delivery/beef-o-bradys-3101-s-2nd-st/rktT8qBnQZembNTLgqbiFg,st-matthews-kentucky
https://www.ubereats.com/louisville/food-delivery/kathmandu-kitchen-and-bar/1ZnQgL9sRWKzt8Vj9Xs-Ow,st-matthews-kentucky
https://www.ubereats.com/louisville/food-delivery/mcdonalds-breckenridge-%26-dutchmans/Co9hQ8qIRouM7U41yJCC6g,st-matthews-kentucky
https://www.ubereats.com/louisville/food-delivery/starbucks-hurstbourne-%26-shelbyville/tNhwmYHZSNSw0IjOdJQ_kg,st-matthews-kentucky
https://www.ubereats.com/louisville/food-delivery/kfc-2513-preston-highway/FGETvxdkQzeimivwToUOMw,st-matthews-kentucky
https://www.ubereats.com/louisville/food-delivery/white-castle-4020-shelbyville-rd/qyhDHkfQRWy5nXPECOH88g,st-matthews-kentucky
https://www.ubereats.com/louisville/food-delivery/asian-pot/qrpXRf_zSXGKxRoT76loBA,st-matthews-kentucky
https://www.ubereats.com/louisville/food-delivery/the-ice-cream-shop/nW0kGeUCRMeFW9lPu5MF-w,st-matthews-kentucky
https://www.ubereats.com/louisville/food-delivery/buffalo-wild-wings/XCayIzWXS3O24RSKw_4O0Q,st-matthews-kentucky
https://www.ubereats.com/louisville/food-delivery/hardees-301-w-court-avenue/4l9OPO36TsKfbZNLSJdugg,st-matthews-kentucky
https://www.ubereats.com/louisville/food-delivery/carrabbas-617-south-hurstbourn-pkwy/r8I6keayS02NCgpFyaR-jg,st-matthews-kentucky
https://www.ubereats.com/louisville/food-delivery/krispy-kreme-3000-bardstown-road/oN-TXZb-RTKSOTlpc3huTA,st-matthews-kentucky
https://www.ubereats.com/louisville/food-delivery/jets-pizza-westport/7_3StRp9TxyNgUnbbrn80A,st-matthews-kentucky
https://www.ubereats.com/louisville/food-delivery/krispy-krunchy-chicken-11401-westport-rd/ELGW_bVHRIq-w_ClTaCSFA,st-matthews-kentucky
https://www.ubereats.com/louisville/food-delivery/boss-hog-bbq-%26-catering/zs-HZPdBTUGNHhJPysjmAw,st-matthews-kentucky
https://www.ubereats.com/louisville/food-delivery/papa-johns-3511-springhurst-commons-drive/oQ0XNx5XRiKiIikMZK16Qw,st-matthews-kentucky
https://www.ubereats.com/louisville/food-delivery/captain-ds-12929-shelbyville-rd/oQF_EEEASQKAZMCuMtvkXA,st-matthews-kentucky
https://www.ubereats.com/louisville/food-delivery/los-aztecas/7W2PgI5dTMGwfLBpYaNa9A,st-matthews-kentucky
https://www.ubereats.com/louisville/food-delivery/wendys-978-breckenridge-lane/ncxEV5mlRS-Ux74U8YcMvg,st-matthews-kentucky
https://www.ubereats.com/louisville/food-delivery/moes-southwest-grill-1001-breckenridge-lane/_V19GjcxSSC4L0edwvd1zw,st-matthews-kentucky
https://www.ubereats.com/louisville/food-delivery/mangos-mexican-grill-and-cantina-dutchmans-lane/uFzWajMsQ7ezp6ynpgJ01g,st-matthews-kentucky
https://www.ubereats.com/louisville/food-delivery/mcalisters-deli-2721-south-hurstbourne-parkway/dGoUXvDUT2CDBf1rMOX3sQ,st-matthews-kentucky
https://www.ubereats.com/louisville/food-delivery/auntie-annes-7900-shelbyville-rd-lot-a5/0bfStFv0RBel6nQNSv3QpA,st-matthews-kentucky
https://www.ubereats.com/louisville/food-delivery/taco-bell-1069-bardstown-rd/nP_YN9uvSTqy8iDalnARfA,st-matthews-kentucky
https://www.ubereats.com/louisville/food-delivery/captain-ds-2960-breckinridge-lane/Bskv1_ohQIqPv8-MHymKOQ,st-matthews-kentucky
https://www.ubereats.com/louisville/food-delivery/burger-king-2700-crittenden-drive/Pqg1z80dTm2nqOXMBab0OA,st-matthews-kentucky
https://www.ubereats.com/louisville/food-delivery/chipotle-mexican-grill-13303-shelbyville-rd-ste-101/IldGzhzMTgGGbYU6sJ2yyg,st-matthews-kentucky
https://www.ubereats.com/louisville/food-delivery/mi-tierra-mexican-restaurant/3N4obbX0TgGrH0-SgQfFYA,st-matthews-kentucky
https://www.ubereats.com/louisville/food-delivery/the-seafoodlady/j0fRNly3T1-DLF7hTea-UQ,st-matthews-kentucky
https://www.ubereats.com/louisville/food-delivery/bombay-grill/yLKe-d0qStyOqeyoUfz5Lw,st-matthews-kentucky
https://www.ubereats.com/louisville/food-delivery/ocharleys-962-breckenridge-ln/CweoHAN4SPyw1E862icEGA,st-matthews-kentucky
https://www.ubereats.com/louisville/food-delivery/dennys-4030-dutchmans-lane/zR2Scho8S2O0mRdE67XQjg,st-matthews-kentucky
https://www.ubereats.com/louisville/food-delivery/the-comfy-cow-middletown/OEz5l6MBSkiv3uVFG_qbBA,st-matthews-kentucky
https://www.ubereats.com/louisville/food-delivery/bravo-206-bullitt-lane/iL2NxHDPSmajZagI2qiL2g,st-matthews-kentucky
https://www.ubereats.com/louisville/food-delivery/moes-southwest-grill-4652-chamberlain-lane/VbjCQMmjR1-7L8mOy0UyGQ,st-matthews-kentucky
https://www.ubereats.com/louisville/food-delivery/gander-an-american-grill/2CDYVo8eSL2VNFk7zuultg,st-matthews-kentucky
https://www.ubereats.com/louisville/food-delivery/pizza-lupo/BLZM6u3pRlm0ytabSnVVLA,st-matthews-kentucky
https://www.ubereats.com/louisville/food-delivery/mcdonalds-preston-%26-indian-trail/lqy3vvnlRAy6VWAgb82DpA,st-matthews-kentucky
https://www.ubereats.com/louisville/food-delivery/krispy-kreme-9569-taylorsville-rd/e0T5uSSiQROvuLN08-W4Gg,st-matthews-kentucky
https://www.ubereats.com/louisville/food-delivery/fire-oven-pizza/8kfIcHTdRx-xmyBwjlYx0w,st-matthews-kentucky
https://www.ubereats.com/louisville/food-delivery/qdoba-3021-poplar-level-rd/bhlmrThDQEq0aNXtVXtHSQ,st-matthews-kentucky
https://www.ubereats.com/louisville/food-delivery/my-cafe/oxe6_bQsThONdEVvXm6tkw,st-matthews-kentucky
https://www.ubereats.com/louisville/food-delivery/papa-murphys-291-north-hubbards-lane/MRMU6Ux7SBGv5pkjFG1WZw,st-matthews-kentucky
https://www.ubereats.com/louisville/food-delivery/lou-lou-food-%26-drink/NyfViYsjTneFmFSw7FNf9Q,st-matthews-kentucky
https://www.ubereats.com/louisville/food-delivery/mitchells-fish-market-4031-summit-plaza-dr/8begG8jxRLS9BfHwv3wjvQ,st-matthews-kentucky
https://www.ubereats.com/louisville/food-delivery/chicago-steak-%26-lemonadegalene-dr/S2YgPHuXTWmH2mT1u42GlQ,st-matthews-kentucky
https://www.ubereats.com/louisville/food-delivery/red-lobster-986-breckenridge-lane/_nqcxExlSTGbYT08xYSi6Q,st-matthews-kentucky
https://www.ubereats.com/louisville/food-delivery/great-wall-chinese-restaurant/BMacrDSfRxqwvbHx-nwd4A,st-matthews-kentucky
https://www.ubereats.com/louisville/food-delivery/shiraz-mediterranean-grill/Sh7pOMt0QmW98yTl3bcXug,st-matthews-kentucky
https://www.ubereats.com/louisville/food-delivery/kfc-4910-us-highway-42/Wxh28xk6Rlual98sc0lJuQ,st-matthews-kentucky
https://www.ubereats.com/louisville/food-delivery/raffertys-restaurant-breckenridge/aSSFAxTESOS1SwPdaipwSQ,st-matthews-kentucky
https://www.ubereats.com/louisville/food-delivery/taco-bell-2801-w-broadway-ave/vTWIm_5eSxWrIozLJ3iyog,st-matthews-kentucky
https://www.ubereats.com/louisville/food-delivery/outback-steakhouse-6520-signature-drive/5v6V2tWlSFGS6nX48MNNvg,st-matthews-kentucky
https://www.ubereats.com/louisville/food-delivery/bob-evans-379-10761-fischer-park-drive/uW9ZjMQ_SqqCXQNq0dZTKg,st-matthews-kentucky
https://www.ubereats.com/louisville/food-delivery/ramiros-cantina/wSmB3fYWT-aPlog1aBQYMQ,st-matthews-kentucky
https://www.ubereats.com/louisville/food-delivery/pza-louisville/dNH_6V7zRVifKeFwfvzz_g,st-matthews-kentucky
https://www.ubereats.com/louisville/food-delivery/jets-pizza-jeffersonville/NseY-v4WTUyU0cmzO6KOcg,st-matthews-kentucky
https://www.ubereats.com/louisville/food-delivery/wendys-4029-poplar-level-rd/kRjm9K2ISACkwX8kYYbHYA,st-matthews-kentucky
https://www.ubereats.com/louisville/food-delivery/red-lobster-4639-outer-loop/9PJzAvawSaOq-5zjLZamag,st-matthews-kentucky
https://www.ubereats.com/louisville/food-delivery/frischs-big-boy-4800-shelbyville-rd/fzdO2nVxQyuHsKN3nWdP4Q,st-matthews-kentucky
https://www.ubereats.com/louisville/food-delivery/mcdonalds-old-shepherdsville-%26-fern-valley/p_5BZRW9QDKqQ-QwINQi8Q,st-matthews-kentucky
https://www.ubereats.com/louisville/food-delivery/white-castle-9493-westport-rd/KCJSo1vqRcGXgsaBDCRHRQ,st-matthews-kentucky
https://www.ubereats.com/louisville/food-delivery/derby-city-pizza-co-plainview/ZHfZlkA2SNeYTyJXiWmjbA,st-matthews-kentucky
https://www.ubereats.com/louisville/food-delivery/hardees-2740-allison-lane/NYyx9hTKRBSseZ15xFY9zA,st-matthews-kentucky
https://www.ubereats.com/louisville/food-delivery/qdoba-1831-blankenbaker-pkwy/GEq78lveRyeuOLAHT2U0-w,st-matthews-kentucky
https://www.ubereats.com/louisville/food-delivery/taco-bell-4304-outer-loop/o8b_Xua_R92SIPHbL_05ag,st-matthews-kentucky
https://www.ubereats.com/louisville/food-delivery/wing-zone-hunsinger/sdwV11SvSg-YTPNdBxQ5uA,st-matthews-kentucky
https://www.ubereats.com/louisville/food-delivery/taco-bell-3125-poplar-level-rd/hKLmwf4eSd29U_rvn9scRQ,st-matthews-kentucky
https://www.ubereats.com/louisville/food-delivery/chipotle-mexican-grill-1075-bardstown-rd/g3JYelNkTbKa9ueZ4xw0pw,st-matthews-kentucky
https://www.ubereats.com/louisville/food-delivery/aspen-creek-grill-bardstown-rd/--dJpM2KTg-D3zL9a4WwXg,st-matthews-kentucky
https://www.ubereats.com/louisville/food-delivery/honest-louisville/B4GQex4VQieYQqB_0or8NA,st-matthews-kentucky
https://www.ubereats.com/louisville/food-delivery/white-castle-1922-s-7th-st/8egUfndpQmC1-OSmohvkSQ,st-matthews-kentucky
https://www.ubereats.com/louisville/food-delivery/kfc-7604-highway-60/lU1w8kKDRo2zn8kp_7OP4A,st-matthews-kentucky
https://www.ubereats.com/louisville/food-delivery/first-watch-960-breckenridge-ln/MZTaaqb3TGWBz4BvPhC6mA,st-matthews-kentucky
https://www.ubereats.com/louisville/food-delivery/three-brothers-restaurant/hEIp31IvT1KSXX6UGNiP1Q,st-matthews-kentucky
https://www.ubereats.com/louisville/food-delivery/outback-steakhouse-1209-veterans-pkwy/DYSUwHbJR7OotTO-VXML-g,st-matthews-kentucky
https://www.ubereats.com/louisville/food-delivery/potbelly-sandwich-shop-taylorsville-road/5P_2ek-0Sa2L5zQdOAF2SA,st-matthews-kentucky
https://www.ubereats.com/louisville/food-delivery/double-dragon-9-%E9%BE%99%E8%BF%909/_XxqzXJaSQSsgvJ1x126jQ,st-matthews-kentucky
https://www.ubereats.com/louisville/food-delivery/subway-4945-brownsboro-rd/Tr2BPltcTseDPFHPtIwSXQ,st-matthews-kentucky
https://www.ubereats.com/louisville/food-delivery/the-comfy-cow-bardstown-rd/s9iYUUcHROal5iREp6L8aw,st-matthews-kentucky
https://www.ubereats.com/louisville/food-delivery/kfc-5462-new-cut-rd/SLKa6G-AT2yaNjYmUmFl-w,st-matthews-kentucky
https://www.ubereats.com/louisville/food-delivery/wing-squad-louisville/wKs3vBrGSxeMSYkwGCQBOQ,st-matthews-kentucky
https://www.ubereats.com/louisville/food-delivery/the-comfy-cow-westport-village/7a-4zdCIT9GQhr9-wLRvig,st-matthews-kentucky
https://www.ubereats.com/louisville/food-delivery/burger-king-4620-s-hurstbourne-pkwy/xkRVgzVeQkefJB3xK6TWQA,st-matthews-kentucky
https://www.ubereats.com/louisville/food-delivery/taco-bell-6800-bardstown-rd/ulU-eLwdQNafYWddC9Kl6w,st-matthews-kentucky
https://www.ubereats.com/louisville/food-delivery/chipotle-mexican-grill-10333-westport-rd-ste-100/PNxoiZP6RZqATJj3JxUdhg,st-matthews-kentucky
https://www.ubereats.com/louisville/food-delivery/arbys-6216-bardstown-rd/XJkpIBNtT0-Cmcvfk2IucQ,st-matthews-kentucky
https://www.ubereats.com/louisville/food-delivery/cracker-barrel-old-country-store-10150-brookridge-village-blvd/OCWLW2WcRyiA0O8F_D-Shg,st-matthews-kentucky
https://www.ubereats.com/louisville/food-delivery/primos-pizzeria/yg0IiCrKR2C9fJFbA9FsMw,st-matthews-kentucky
https://www.ubereats.com/louisville/food-delivery/brigadeiroclock/5EOl7HLSSHCZ5yEnQxq3sw,st-matthews-kentucky
https://www.ubereats.com/louisville/food-delivery/grape-leaf/gBrgPljGRwOOcaH3SFuTaQ,st-matthews-kentucky
https://www.ubereats.com/louisville/food-delivery/chick-fil-a-5001-shelbyville-rd/AJRL7bQcRHW76o7yc7-wpg,st-matthews-kentucky
https://www.ubereats.com/louisville/food-delivery/kfc-3280-taylor-blvd/UZRmQTxRQPa20kPD7iu20Q,st-matthews-kentucky
https://www.ubereats.com/louisville/food-delivery/charleys-philly-steaks-mall-st-matthews/tqrRsXv_RvGvvxUp52wv3A,st-matthews-kentucky
https://www.ubereats.com/louisville/food-delivery/mcdonalds-brownsboro-%26-herr/cLbnGS5_Ssy_oaE1AUcXuQ,st-matthews-kentucky
https://www.ubereats.com/louisville/food-delivery/the-goat-middletown/BowySFIeScqcw9AXZbzgiA,st-matthews-kentucky
https://www.ubereats.com/louisville/food-delivery/highview-ice-cream-and-coffee/cWNJ3l2CT1ifK8zjditAeg,st-matthews-kentucky
https://www.ubereats.com/louisville/food-delivery/barcelona-bistro-bar/ZQCMLJq4RBOoUYppvNQ5_g,st-matthews-kentucky
https://www.ubereats.com/louisville/food-delivery/zeggz-shelbyville-road/WjN3psVEQ4CoY4aXZtOlNQ,st-matthews-kentucky
https://www.ubereats.com/louisville/food-delivery/panda-express-1232-s-hurstbourne-pkwy/vTvSG2nMTeSx7N8dymYssA,st-matthews-kentucky
https://www.ubereats.com/louisville/food-delivery/eat-your-bourbon-marketplace/f0C63hkGRNCrd69hkyMQdA,st-matthews-kentucky
https://www.ubereats.com/louisville/food-delivery/subway-1259-hurstbourne-ln/Z1bSvvV-TSaggozPZV_Y5g,st-matthews-kentucky
https://www.ubereats.com/louisville/food-delivery/rallys-3290-bardstown-road/RX9QuQKMRxmt5N5-A_kBdw,st-matthews-kentucky
https://www.ubereats.com/louisville/food-delivery/lennys-sub-shop-3942-taylorsville-rd/0am-rnCWRvOpXPJ6_XaN1g,st-matthews-kentucky
https://www.ubereats.com/louisville/food-delivery/beef-o-bradys-241-blankenbaker-pkwy/XFfP31TuTH-SeJPUAvw_Sg,st-matthews-kentucky
https://www.ubereats.com/louisville/food-delivery/primos-pizzeria/uMQ6K3_4QBmhgWrN76JFYg,st-matthews-kentucky
https://www.ubereats.com/louisville/food-delivery/zoes-kitchen-4126-summit-plaza-drive/akUsNsLOQl2ubBirOfwLNw,st-matthews-kentucky
https://www.ubereats.com/louisville/food-delivery/taco-bell-7420-westport-road/F4_gH_YvSXOrvkqsgyy85g,st-matthews-kentucky
https://www.ubereats.com/louisville/food-delivery/potbelly-sandwich-works-4th-street/tKePoKiiT1m3DNp3WVlWsA,st-matthews-kentucky
https://www.ubereats.com/louisville/food-delivery/hardees-11201-oscar-rd/0uiJpO7uRHmckQ_BT_l4RA,st-matthews-kentucky
https://www.ubereats.com/louisville/food-delivery/mellow-mushroom-shelbyville-rd/voUdPuiiRUO2Uac4cjWrzw,st-matthews-kentucky
https://www.ubereats.com/louisville/food-delivery/buffalo-wild-wings-10206-westport-rd/ueuIqJI2T_qahhTlDthMvQ,st-matthews-kentucky
https://www.ubereats.com/louisville/food-delivery/charrd-bourbon-kitchen-%26-lounge/qTI7fngrTR639Vraa5WEtA,st-matthews-kentucky
https://www.ubereats.com/louisville/food-delivery/auntie-annes-4801-pk-65-outer-loop/p2I0fsNkRvaNy3W9ApKO3w,st-matthews-kentucky
https://www.ubereats.com/louisville/food-delivery/mcdonalds-westport-%26-goose-creek/eeV94LmDT4-sRFosLWlmZw,st-matthews-kentucky
https://www.ubereats.com/louisville/food-delivery/wendys-1108-bardstown_road/f_8uxK9ETSWj-cotIkLl7A,st-matthews-kentucky
https://www.ubereats.com/louisville/food-delivery/arbys-4900-norton-healthcare-blvd/cR0kUrE1QFmVgR9UoNpOSQ,st-matthews-kentucky
https://www.ubereats.com/louisville/food-delivery/metro-diner-louisville/b2Oq0u8iQ9GHLikG-hMZkA,st-matthews-kentucky
https://www.ubereats.com/louisville/food-delivery/derby-city-pizza-co-clifton/6s5lBHq2Qb2xWk8Fgi4VyA,st-matthews-kentucky
https://www.ubereats.com/louisville/food-delivery/five-guys-ky-0475-4116-summit-plaza-dr/1YFLulIHQeOkdiQKf00ywQ,st-matthews-kentucky
https://www.ubereats.com/louisville/food-delivery/steel-city-pops-117-st-matthews-ave/IrF3aeiCRaSiGpAc9hetXg,st-matthews-kentucky
https://www.ubereats.com/louisville/food-delivery/eat-a-pita-bardstown-%26-woodbourne/am9ik6XrS5ajcZKNPpvVIQ,st-matthews-kentucky
https://www.ubereats.com/louisville/food-delivery/caralis-rotisserie-chicken/yYnIKCzoQRSboh039ySOhw,st-matthews-kentucky
https://www.ubereats.com/louisville/food-delivery/eden-%26-kissi/g9KMvocXR36a59WPg3rEQA,st-matthews-kentucky
