url,city
https://www.ubereats.com/tampa/food-delivery/the-joint-st-pete/gMIDcQchSAmpq_bT6MPDog,st-pete-beach-florida
https://www.ubereats.com/tampa/food-delivery/kfc-770-34th-street-n/1Zy_sB4LQsO1T2Qzu_Zl3w,st-pete-beach-florida
https://www.ubereats.com/tampa/food-delivery/vito-%26-michaels/nUwtm6zcSkmwcwkxiv5F1A,st-pete-beach-florida
https://www.ubereats.com/tampa/food-delivery/popeyes-34th-st-n-%26-6th-ave-n/ulGn9r7qQeWTuYnA0RV8GA,st-pete-beach-florida
https://www.ubereats.com/tampa/food-delivery/the-boardwalk-grill/J8Jy3dmZShKf9tJ1aPWMJw,st-pete-beach-florida
https://www.ubereats.com/tampa/food-delivery/subway-5901-gulf-blvd/vmQMrzh-SWKLKDFfYGrURw,st-pete-beach-florida
https://www.ubereats.com/tampa/food-delivery/bellas-bakes-cakes-and-bagels/Uspnw7KiTO-PHaKNgc_5Wg,st-pete-beach-florida
https://www.ubereats.com/tampa/food-delivery/ricks-reef-st-pete-beach/Sr0iOz85SnS_3UmkbCwivg,st-pete-beach-florida
https://www.ubereats.com/tampa/food-delivery/carrabbas-3530-tyrone-blvd/jZFWlElASn6qYqjGN5ebZA,st-pete-beach-florida
https://www.ubereats.com/tampa/food-delivery/billys-stone-crab/NF-97poQRzi_RqHGsgjb2A,st-pete-beach-florida
https://www.ubereats.com/tampa/food-delivery/wendys-4300-34th-street-south/atS7CjH1QpKqT14I-8sU4Q,st-pete-beach-florida
https://www.ubereats.com/tampa/food-delivery/captain-bills-gulfside-tavern/qaKp5ODZS5eI9YjL_CgSsg,st-pete-beach-florida
https://www.ubereats.com/tampa/food-delivery/hungry-howies-pizza-%26-subs-6570-central-ave/Ft4FfqnRQjm8FbT-uYVZEg,st-pete-beach-florida
https://www.ubereats.com/tampa/food-delivery/chipotle-mexican-grill-11241-park-blvd/8uVkizTSSc6FRdo2ZCFjgA,st-pete-beach-florida
https://www.ubereats.com/tampa/food-delivery/zaxbys-7520-belcher-rd/GKbGfd56S6GDznhosOCbbA,st-pete-beach-florida
https://www.ubereats.com/tampa/food-delivery/crab-daddys/tLn2alAdQRSyyqw-WUMdcQ,st-pete-beach-florida
https://www.ubereats.com/tampa/food-delivery/samsushi-restaurant/KzFsBMcuQZuOH4bDSUzjLw,st-pete-beach-florida
https://www.ubereats.com/tampa/food-delivery/bellas-ristorante-pizzeria-and-bar-inc/KkoeY0DkQ8exlS6htqdemg,st-pete-beach-florida
https://www.ubereats.com/tampa/food-delivery/wendys-1452-south-pasadena-ave/1yHojog0TL2-pP9rzJ7DyA,st-pete-beach-florida
https://www.ubereats.com/tampa/food-delivery/dunkin-4599-66th-st-n/TPFuxMnxQuiDvw94nK1nLA,st-pete-beach-florida
https://www.ubereats.com/tampa/food-delivery/red-lobster-6151-34th-street-n/gHMHtCKBS4GK6-LdLasIbA,st-pete-beach-florida
https://www.ubereats.com/tampa/food-delivery/salems-fresh-eats-st-pete/DuF7yzedS5CjJM7C7eNdEw,st-pete-beach-florida
https://www.ubereats.com/tampa/food-delivery/taco-bus-treasure-island/I4B5-V05QoW60S5nXGLj4w,st-pete-beach-florida
https://www.ubereats.com/tampa/food-delivery/mcdonalds-650-150th-avenue/kXjSsPUsR4mCKV3DQxU4GQ,st-pete-beach-florida
https://www.ubereats.com/tampa/food-delivery/firehouse-subs-pinellas-park/1d1WNsvzTQCbRO0wk5bIig,st-pete-beach-florida
https://www.ubereats.com/tampa/food-delivery/china-pearl/zy6RxfTCQXC37Wnqh4BNtA,st-pete-beach-florida
https://www.ubereats.com/tampa/food-delivery/buya-ramen-st-petersburg/S6LjEEUoTVWLSP-Hk8ibig,st-pete-beach-florida
https://www.ubereats.com/tampa/food-delivery/salty-sisters-gourmet-popcorn/frNmY3HJQhCmjKQHXR43Ew,st-pete-beach-florida
https://www.ubereats.com/tampa/food-delivery/chick-fil-a-4623-gulf-blvd/3kxuK_4bTfyHRnEClye8Nw,st-pete-beach-florida
https://www.ubereats.com/tampa/food-delivery/3d-bites/Nxs7H4mzSz24SF5uqOjA5g,st-pete-beach-florida
https://www.ubereats.com/tampa/food-delivery/chickncone/7oRWlmFUT5O7lXKHkNkJ4A,st-pete-beach-florida
https://www.ubereats.com/tampa/food-delivery/400-beach-seafood-and-tap-house/iOvYBUbwTDSaECA-D62Kxg,st-pete-beach-florida
https://www.ubereats.com/tampa/food-delivery/sadboy-lounge/UpWSxR1KTse13Ml9UGpZ-g,st-pete-beach-florida
https://www.ubereats.com/tampa/food-delivery/nitallys-thaimex/Rwz87_yFQmKtcx0IHspqhg,st-pete-beach-florida
https://www.ubereats.com/tampa/food-delivery/il-ritorno/LDhZyPJLTUaoxt9gg7B7vA,st-pete-beach-florida
https://www.ubereats.com/tampa/food-delivery/mcdonalds-northside/6BHao7UtSnCZo19DE9jp9A,st-pete-beach-florida
https://www.ubereats.com/tampa/food-delivery/oishi-sushi-and-japanese-steakhouse-tyrone/YIdNEHsTR6W_JH4VYxZgfA,st-pete-beach-florida
https://www.ubereats.com/tampa/food-delivery/7042-bonefish-grill-2408-tyrone-blvd/X3tCz_uMRHyvw-OsMHXPBA,st-pete-beach-florida
https://www.ubereats.com/tampa/food-delivery/tropical-smoothie-cafe-66th-street-north/MiT-PrrxTT-zp2yeKZMfAA,st-pete-beach-florida
https://www.ubereats.com/tampa/food-delivery/sams-gyro-%26-seafood/D9v8LJCvRbOWuxYBcuzCDw,st-pete-beach-florida
https://www.ubereats.com/tampa/food-delivery/jets-pizza-madeira-redington/-FGfmFh6Ta2FNLTnU2krgw,st-pete-beach-florida
https://www.ubereats.com/tampa/food-delivery/jahva-coffee-lounge%2B/HsuNVlzPTMGjf4CGFmwT9Q,st-pete-beach-florida
https://www.ubereats.com/tampa/food-delivery/naked-farmer-st-pete/yXjLcxtHSQOp64C425_tYA,st-pete-beach-florida
https://www.ubereats.com/tampa/food-delivery/winghouse-of-pinellas-park/K2jVDGkFSoKasJoGfkCmYw,st-pete-beach-florida
https://www.ubereats.com/tampa/food-delivery/caddys-on-the-beach/0WkZ81h1QTamC9klD4zMDg,st-pete-beach-florida
https://www.ubereats.com/tampa/food-delivery/firehouse-subs-st-petersburg-4th-street/96qIiCslQSm-D-Eyfsk6sA,st-pete-beach-florida
https://www.ubereats.com/tampa/food-delivery/amish-creamery/lYN5WYFnR6-ygkbHmjGZTA,st-pete-beach-florida
https://www.ubereats.com/tampa/food-delivery/twistee-treat/FqaIY0siQlaFZUw_H1ibSg,st-pete-beach-florida
https://www.ubereats.com/tampa/food-delivery/vibes/wPO0p25GSf2S9T1PyjkIrA,st-pete-beach-florida
https://www.ubereats.com/tampa/food-delivery/dunkin-9991-bay-pines-blvd/BQOVbPxYQCi_zVe8RN0jKg,st-pete-beach-florida
https://www.ubereats.com/tampa/food-delivery/slow-roasted/ITuCeaY5TkStrnLXOaE-bg,st-pete-beach-florida
https://www.ubereats.com/tampa/food-delivery/jessis-restaurant/LZCa67MgR9CeDnjtRiiVmA,st-pete-beach-florida
https://www.ubereats.com/tampa/food-delivery/applebees-7995-113th-st/p5OLBcf2QRyQvNTIMbU5lw,st-pete-beach-florida
https://www.ubereats.com/tampa/food-delivery/pizza-hut-4350-66th-st-n/IiWN8HPyTBOtTG8cO97INA,st-pete-beach-florida
https://www.ubereats.com/tampa/food-delivery/tap-burgers/v49eh5KVT5yY3ucMo8c5Jw,st-pete-beach-florida
https://www.ubereats.com/tampa/food-delivery/the-well-dressed-chicken/IAfdUPBFS5uETg4ps-_eXQ,st-pete-beach-florida
https://www.ubereats.com/tampa/food-delivery/lonnis-sandwiches-etc/QZDozRy4Q4eIw2wRSac0Dg,st-pete-beach-florida
https://www.ubereats.com/tampa/food-delivery/siam-garden-thai/DOjsODEwSdGGMyksCsgXOQ,st-pete-beach-florida
https://www.ubereats.com/tampa/food-delivery/hooters-boardwalk-pl-e-%26-village-blvd/lHVq046eQMKKIw-NqipxcQ,st-pete-beach-florida
https://www.ubereats.com/tampa/food-delivery/pdq-pinellas-park/0cr_vDL1R9WaNHHxN1YEHQ,st-pete-beach-florida
https://www.ubereats.com/tampa/food-delivery/tgi-fridays-588-st-petersburg-fl/bSMwAAH7RX282xWvfRj6VQ,st-pete-beach-florida
https://www.ubereats.com/tampa/food-delivery/dunkin-1524-4th-st-s/4fh9BiMDScSKOTv-L6xRnA,st-pete-beach-florida
https://www.ubereats.com/tampa/food-delivery/subway-2204-62nd-ave-s/lZTX57NNR4uVgs0JhDMIVw,st-pete-beach-florida
https://www.ubereats.com/tampa/food-delivery/sloppy-joes-on-the-beach/HBcV5cOVRX2tbjb07KZuZA,st-pete-beach-florida
https://www.ubereats.com/tampa/food-delivery/yogurtology-st-pete/EJ82-pZfQTeJZuY1uTytWQ,st-pete-beach-florida
https://www.ubereats.com/tampa/food-delivery/mickeys-cafe-%26-organics/gE-JVnpORQ6coBcsiuf6iA,st-pete-beach-florida
https://www.ubereats.com/tampa/food-delivery/the-twisted-indian/e247TazoS7qOSumYLRK8gg,st-pete-beach-florida
https://www.ubereats.com/tampa/food-delivery/el-guerrero-mexican-grill/7pkbG-iBRSaAit-meZxIfQ,st-pete-beach-florida
https://www.ubereats.com/tampa/food-delivery/wings-n-things/mMyuHm9CSTWT8gY5vW2AVA,st-pete-beach-florida
https://www.ubereats.com/tampa/food-delivery/toasted-monkey-st-pete-beach/Nxnx2Vh3Sm2ldLZoB6schw,st-pete-beach-florida
https://www.ubereats.com/tampa/food-delivery/starbucks-tyrone-blvd-north-%26-22nd-ave-n/a2AfwcnCS1ywVLXfIN97gQ,st-pete-beach-florida
https://www.ubereats.com/tampa/food-delivery/poke-island/9UxORMaCQpaJhxRNtFrwjw,st-pete-beach-florida
https://www.ubereats.com/tampa/food-delivery/westshore-pizza/rrV7KixrRgOXwgLhgp6A4w,st-pete-beach-florida
https://www.ubereats.com/tampa/food-delivery/mugs-sports-bar-%26-grill-largo/OWJ0I8-hS8u-1EWpkpcf9w,st-pete-beach-florida
https://www.ubereats.com/tampa/food-delivery/kays-kitchen-family-restaurant-st-petersburg/iahK4mMsTWiXYO30ZOiCjw,st-pete-beach-florida
https://www.ubereats.com/tampa/food-delivery/trips-diner-st-pete/2CyNqJa_SsCu7dTRpzKF4g,st-pete-beach-florida
https://www.ubereats.com/tampa/food-delivery/trips-diner-seminole/AWL3OQ9LSACW-qHpp0l-bw,st-pete-beach-florida
https://www.ubereats.com/tampa/food-delivery/aroy-thai-and-sushi-seminole/Im-SiE_CSBazlsEN_uZzOA,st-pete-beach-florida
https://www.ubereats.com/tampa/food-delivery/pete-loves-pies/QmuRkgx2Q2GJyxOIEdKbqA,st-pete-beach-florida
https://www.ubereats.com/tampa/food-delivery/buffalo-wild-wings-2938-tyrone-blvd-n/cRjTToqfSHWp3YrqWthjiQ,st-pete-beach-florida
https://www.ubereats.com/tampa/food-delivery/mcdonalds-pinellas-park/eLYs7oPTQ_ekmsG6smdvJQ,st-pete-beach-florida
https://www.ubereats.com/tampa/food-delivery/harold-seltzers-steakhouse/wJWLWNm4TymxpfrPSZRB5Q,st-pete-beach-florida
https://www.ubereats.com/tampa/food-delivery/little-greek-st-pete/nGw6Ku_JQheDqTYvwU5pUA,st-pete-beach-florida
https://www.ubereats.com/tampa/food-delivery/gyros-%26-seafood-express-downtown-st-petersburg/C61KbZq6Q62KsPpuUvJuZw,st-pete-beach-florida
https://www.ubereats.com/tampa/food-delivery/wawa-5129-9501-bay-pines-blvd/PccSgiQJQ3y0sseev8VBpg,st-pete-beach-florida
https://www.ubereats.com/tampa/food-delivery/brass-bowl/LfDlvJpmTAy-gxXEih4Y3w,st-pete-beach-florida
https://www.ubereats.com/tampa/food-delivery/sly-bar-midtown-grand-central-district/_58TqGQMSRaeL55awcA8Lg,st-pete-beach-florida
https://www.ubereats.com/tampa/food-delivery/mcdonalds-2315-tyrone-blvd/88VOHHv7TCKFjoxVgCnrOg,st-pete-beach-florida
https://www.ubereats.com/tampa/food-delivery/the-avenue-eat%2Bdrink/hkzh-zWFTjmxhl_Pl5pyTQ,st-pete-beach-florida
https://www.ubereats.com/tampa/food-delivery/proino-breakfast-club-largo-2/8Trea8f9QTOBbNSdL9Xcyw,st-pete-beach-florida
https://www.ubereats.com/tampa/food-delivery/bento-asian-kitchen-%2B-sushi-320-3rd-st-south/r4yzx--WTjSoAdH-OcQb1Q,st-pete-beach-florida
https://www.ubereats.com/tampa/food-delivery/freshii-seminole-city-centre/dvIKVhH9Twe6ahHyX6fR-Q,st-pete-beach-florida
https://www.ubereats.com/tampa/food-delivery/the-brass-tap-st-petersburg/Zwfhwx66RSuvCMBO2szotQ,st-pete-beach-florida
https://www.ubereats.com/tampa/food-delivery/five-guys-fl-0197-7056-us-highway-19-n/EGGpvfHLQFmWI8e8wY6j4w,st-pete-beach-florida
https://www.ubereats.com/tampa/food-delivery/menchies-frozen-yogurt-11201-park-blvd-n/47-hV5EXRO2451-7GOKbvA,st-pete-beach-florida
https://www.ubereats.com/tampa/food-delivery/oyster-shucker-craft-and-draft/bkHEPTuvRySlgI_CMLDDDg,st-pete-beach-florida
https://www.ubereats.com/tampa/food-delivery/sila-thai-and-sushi/CU2RpZjPS06bT0BZJBaKzg,st-pete-beach-florida
https://www.ubereats.com/tampa/food-delivery/tropical-smoothie-cafe-1201-4th-st-n/QaE5Cd8kRzi4k3wvZRLnxA,st-pete-beach-florida
https://www.ubereats.com/tampa/food-delivery/bob-evans-158-2410-66th-street-n/ROeRBURESs-61OUXsJghtQ,st-pete-beach-florida
https://www.ubereats.com/tampa/food-delivery/bajas-southern-cooking-%26-more/j0KKIQ7MQjuohzlBVRQTaQ,st-pete-beach-florida
https://www.ubereats.com/tampa/food-delivery/flatbread-%26-butter/eBlnDs_GTgizh5HqhM5Nlw,st-pete-beach-florida
https://www.ubereats.com/tampa/food-delivery/biffburger/wLVFXqvpQK-PKQnzPkM3dQ,st-pete-beach-florida
https://www.ubereats.com/tampa/food-delivery/parkside-cafe/wTR00DOgRQiiT4dDwyYH9Q,st-pete-beach-florida
https://www.ubereats.com/tampa/food-delivery/dead-bobs/2-ldZfQeQWuPrJJb5GVN6g,st-pete-beach-florida
https://www.ubereats.com/tampa/food-delivery/eddies-empanadas/eWlc5JARQ7G_z10H7HB5-g,st-pete-beach-florida
https://www.ubereats.com/tampa/food-delivery/727-seafood-and-grill/3n7yYC7ZRJe4GENYxb8_SA,st-pete-beach-florida
https://www.ubereats.com/tampa/food-delivery/famous-jays-bbq-and-more/CZFxx7eYRgGLjlziex2o1w,st-pete-beach-florida
https://www.ubereats.com/tampa/food-delivery/smoothie-king-stpetersburg/rUgIrEz9QeeuMvJPuxoMZg,st-pete-beach-florida
https://www.ubereats.com/tampa/food-delivery/bones-pizza-shack/nn7KRXUxRC6rGPlf2Skygw,st-pete-beach-florida
https://www.ubereats.com/tampa/food-delivery/applebees-10911-starkey-road/x-rTJMQUQz6sHQgozj5u6A,st-pete-beach-florida
https://www.ubereats.com/tampa/food-delivery/dairy-queen-grill-%26-chill-3101-n-66th-st/8cUZzB4NSxeTOkZWyjrLng,st-pete-beach-florida
https://www.ubereats.com/tampa/food-delivery/red-mesa-mercado/UIfHWQugSlOSedjYxSjtYQ,st-pete-beach-florida
https://www.ubereats.com/tampa/food-delivery/panda-express-7000-us-highway-19-n/pRwYg6C1TU-0NbW784EzhQ,st-pete-beach-florida
https://www.ubereats.com/tampa/food-delivery/tonys-pizza-st-pete/PFaV72OwSqW6WRQy5i1bPA,st-pete-beach-florida
https://www.ubereats.com/tampa/food-delivery/the-galley%3A-a-st-pete-tavern/H33otsf6QRK4BEJHiAEDSQ,st-pete-beach-florida
https://www.ubereats.com/tampa/food-delivery/taco-bell-10749-park-blvd/DtOJm36sS6G3ZDPasJYJ5A,st-pete-beach-florida
https://www.ubereats.com/tampa/food-delivery/habana-cafe-st-petersburg/0WtMUHUYSgGrPJh0H_AmDw,st-pete-beach-florida
https://www.ubereats.com/tampa/food-delivery/ikigai-poke-and-sushi/934UUpLYRXKbf8EoLq4Rzw,st-pete-beach-florida
https://www.ubereats.com/tampa/food-delivery/charleys-philly-steak-tyrone-square-mall/XWsHQz3PSXG96eC6ySj0Kg,st-pete-beach-florida
https://www.ubereats.com/tampa/food-delivery/neptune-grill/ukfIV8m4Q6KfTFnMDPVoOw,st-pete-beach-florida
https://www.ubereats.com/tampa/food-delivery/kobe-japanese-steakhouse-%26-sushi-bar-st-pete/6k3VPoxDT-mxU1Df7a3GbQ,st-pete-beach-florida
https://www.ubereats.com/tampa/food-delivery/bella-breakfast/O37gFu1uSU2SQo8xXyzUig,st-pete-beach-florida
https://www.ubereats.com/tampa/food-delivery/central-melt/yi_Ta06hTlusNjxiNa4EpQ,st-pete-beach-florida
https://www.ubereats.com/tampa/food-delivery/stonefire-tavern/uXPYO4V5RNqgukpNcRSPPw,st-pete-beach-florida
https://www.ubereats.com/tampa/food-delivery/mcdonalds-1661-4th-st-s/sQFZDagFReu1gjV8JzjAtQ,st-pete-beach-florida
https://www.ubereats.com/tampa/food-delivery/subway-10237-bay-pines-blvd/RKkoZ3h3Ta-QQs6PFLP07g,st-pete-beach-florida
https://www.ubereats.com/tampa/food-delivery/hungry-howies-pizza-st-petersburg-4690-49th-st-n/rGdW0Vp0QU2igKuze6wG7g,st-pete-beach-florida
https://www.ubereats.com/tampa/food-delivery/flippers-pizzeria-st-pete/mwFMgpqsT3a12nsjXRc1gA,st-pete-beach-florida
https://www.ubereats.com/tampa/food-delivery/vcibo/aZhB-6cPRxCil9AKGNqhYQ,st-pete-beach-florida
https://www.ubereats.com/tampa/food-delivery/circle-k-3400-5th-ave-n/1moAL2EmRGKbUmX94CNb2Q,st-pete-beach-florida
https://www.ubereats.com/tampa/food-delivery/citys-bistro-st-petersburg/rfQSIuCiR7eQ3hZaDwFDuw,st-pete-beach-florida
https://www.ubereats.com/tampa/food-delivery/the-lure/xyj6dpskTzmdWwQTTqcmjA,st-pete-beach-florida
https://www.ubereats.com/tampa/food-delivery/stacies-cottage-cafe/GCNxiVZGRNmeWdjsmdhZVw,st-pete-beach-florida
https://www.ubereats.com/tampa/food-delivery/the-ice-cream-shop/X0Q6Mvc2SfGvrO69eRxD9w,st-pete-beach-florida
https://www.ubereats.com/tampa/food-delivery/salty-rim-grill/L4fBSDlBSva3hIKru1iXZA,st-pete-beach-florida
https://www.ubereats.com/tampa/food-delivery/hungry-howies-pizza-st-petersburg-34th-st/c_QOVV64SJa3aNU4dtuBHQ,st-pete-beach-florida
https://www.ubereats.com/tampa/food-delivery/salems-fresh-eats-18th-ave/7AU8P-IrQzGwJHZUg7DcDA,st-pete-beach-florida
https://www.ubereats.com/tampa/food-delivery/irish-31-seminole/ZdILuJv1QV6kpAiFCfAD-Q,st-pete-beach-florida
https://www.ubereats.com/tampa/food-delivery/burgermonger-downtown-st-petersburg/RSssSM_qQSGowYhAogF78w,st-pete-beach-florida
https://www.ubereats.com/tampa/food-delivery/ihop-4199-34th-st-s/DDJ9Oje6SbCFGuooTGibiQ,st-pete-beach-florida
https://www.ubereats.com/tampa/food-delivery/checkers-3501-34th-street-n/LLrpqCmdQD64xgklEAx1zw,st-pete-beach-florida
https://www.ubereats.com/tampa/food-delivery/trophy-fish-st-petersburg/KtYHYPpRQG2V38JjnK7oUg,st-pete-beach-florida
https://www.ubereats.com/tampa/food-delivery/bay-1-ice-cream-parlor-%26-sandwich-shop/Agirz1B5RcOb_dq93X_fng,st-pete-beach-florida
https://www.ubereats.com/tampa/food-delivery/jersey-mikes-subs-1740-4th-st/voIF9TzjTO2NwWdpJrvZQA,st-pete-beach-florida
https://www.ubereats.com/tampa/food-delivery/churchs-chicken-3510-central-ave/8PRPGDPEQGCPZP14a44r8A,st-pete-beach-florida
https://www.ubereats.com/tampa/food-delivery/fo-cheezy-twisted-melts/dpPrPg5TSkSVNB2bROuJ4A,st-pete-beach-florida
https://www.ubereats.com/tampa/food-delivery/fourth-street-shrimp-store/80DcJ6cKQ9uZMP1zbwBmFQ,st-pete-beach-florida
https://www.ubereats.com/tampa/food-delivery/chai-mixology/Kqz1lAuKRNyzwaKVCUjQTQ,st-pete-beach-florida
https://www.ubereats.com/tampa/food-delivery/thirsty-first/sbiPjqYYSga23NMm6ndwaA,st-pete-beach-florida
https://www.ubereats.com/tampa/food-delivery/willys-burgers-%26-booze/361ydMc5Qce-NaCpAaoPYA,st-pete-beach-florida
https://www.ubereats.com/tampa/food-delivery/starbucks-baywalk/93QHrQI-S6GHn92RIu3LPA,st-pete-beach-florida
https://www.ubereats.com/tampa/food-delivery/boston-market-7820-113th-street/HaeSfyTwQ1KWhbBqsEthfw,st-pete-beach-florida
https://www.ubereats.com/tampa/food-delivery/full-plate-chicken%26-gyros/6VQb4uwwS6msbh8w80DBWg,st-pete-beach-florida
https://www.ubereats.com/tampa/food-delivery/copper-clover-pubmadeira-beach/yWacettkRfmrLiHIuQDbzg,st-pete-beach-florida
https://www.ubereats.com/tampa/food-delivery/calabash/2rTRAE4TTpyedsM2zKfh9Q,st-pete-beach-florida
https://www.ubereats.com/tampa/food-delivery/subway-898-49th-st-n/VNjLpMRcS4qiYTTbFBmi2g,st-pete-beach-florida
https://www.ubereats.com/tampa/food-delivery/bollywood-aroma-vegan-indian/crZHXLVHQLKgK8P18ID39w,st-pete-beach-florida
https://www.ubereats.com/tampa/food-delivery/buoys-waterfront-bar-and-grill/SKmEnbvJSlaQt5bknDcrzA,st-pete-beach-florida
https://www.ubereats.com/tampa/food-delivery/nori-thai/Il8C1qEsT_CHLssVgZdAuw,st-pete-beach-florida
https://www.ubereats.com/tampa/food-delivery/applebees-4700-4th-street-north/c_mmgLhdRY-KPjkSrA9ylQ,st-pete-beach-florida
https://www.ubereats.com/tampa/food-delivery/brunos-bakery-cafe/8xe1AAqSS9W612AKDb95_Q,st-pete-beach-florida
https://www.ubereats.com/tampa/food-delivery/giannis-ny-pizza-st-petersburg/sAcOn9zjS8as2X__SsJIqg,st-pete-beach-florida
https://www.ubereats.com/tampa/food-delivery/italian-touch-tyrone/1zR-j5bZROaZMPHrvuTFRw,st-pete-beach-florida
https://www.ubereats.com/tampa/food-delivery/pacific-counter/-5vqiX2iQry1dc4z4h2kFw,st-pete-beach-florida
https://www.ubereats.com/tampa/food-delivery/wendys-336-15th-avenue-s/dL5N5VnLSYit-qnEqFh-oQ,st-pete-beach-florida
https://www.ubereats.com/tampa/food-delivery/screwie-louies/uentXYhYSaqXCVW4szhYyw,st-pete-beach-florida
https://www.ubereats.com/tampa/food-delivery/largo-family-diner/_NXWJK9TRxSQl4a4hoQ5xQ,st-pete-beach-florida
https://www.ubereats.com/tampa/food-delivery/metro-diner-st-pete/Sq7hNJ9vQdedIReJmzslvA,st-pete-beach-florida
https://www.ubereats.com/tampa/food-delivery/ihop-4671-park-boulevard/MEM5_rK2Rc6zcYkqevMuqQ,st-pete-beach-florida
https://www.ubereats.com/tampa/food-delivery/nitallys-thaimex-mlk/ZU-hIp-IQjqldnWIR5vDnw,st-pete-beach-florida
https://www.ubereats.com/tampa/food-delivery/coquina-key-pizza-and-subs/3AMqOIWLT4e9LW78BKgFfQ,st-pete-beach-florida
https://www.ubereats.com/tampa/food-delivery/hardees-3795-34th-st-n/DwXmNKQ2R1yWCJP_IV-gKA,st-pete-beach-florida
https://www.ubereats.com/tampa/food-delivery/mad-beach-craft-brewing-company/4kPK4bcqTKa8PA-XHZ-o1w,st-pete-beach-florida
https://www.ubereats.com/tampa/food-delivery/rumfish-grill/mDN4fhfaRo-OIxfTVFV6HQ,st-pete-beach-florida
https://www.ubereats.com/tampa/food-delivery/wiener-beach/_0cJC6VCST6jFnCvRX31Vg,st-pete-beach-florida
https://www.ubereats.com/tampa/food-delivery/mamas-kitchen-seminole/PuI92i_ASnGTcqvZm9940g,st-pete-beach-florida
https://www.ubereats.com/tampa/food-delivery/feolas-italian-ristorante/9Jo74Yd1QZqr63ldqfEAPw,st-pete-beach-florida
https://www.ubereats.com/tampa/food-delivery/fabrica-pizza/1DCuwOXjSMO6cYVOOhvlPw,st-pete-beach-florida
https://www.ubereats.com/tampa/food-delivery/mcdonalds-66th-street/NWKQOxxAQryNWq1yV-cKig,st-pete-beach-florida
https://www.ubereats.com/tampa/food-delivery/la-gloria-colombian-restaurant/1rLIjSBoQuWea2YfcPc_9g,st-pete-beach-florida
https://www.ubereats.com/tampa/food-delivery/quaker-steak-%26-lube-10400-49th-st/xEe77qP1S3OL-QDdEGvoUQ,st-pete-beach-florida
https://www.ubereats.com/tampa/food-delivery/macdintons-st-pete/RckWYZSpSa-cb96Xb_9trA,st-pete-beach-florida
https://www.ubereats.com/tampa/food-delivery/outback-steakhouse-7885-113th-street/bIjW3Ky4R2u_s3zPtxHNgQ,st-pete-beach-florida
https://www.ubereats.com/tampa/food-delivery/noble-crust/0gTEyWQ_SiWQAdmbgWzS1w,st-pete-beach-florida
https://www.ubereats.com/tampa/food-delivery/pdq-st-pete/AdDxHU4JRT68Eo8ZyTKTmg,st-pete-beach-florida
https://www.ubereats.com/tampa/food-delivery/hong-kong/HTamjsnBSqmcdKwyLB-ysg,st-pete-beach-florida
https://www.ubereats.com/tampa/food-delivery/pdq-seminole/-duVS0nyTuuQ5iccD90B8w,st-pete-beach-florida
https://www.ubereats.com/tampa/food-delivery/subway-4193-34th-st-s-us-hwy-19/8Qx4D00KRq2vbuZoG5_5AQ,st-pete-beach-florida
https://www.ubereats.com/tampa/food-delivery/valhalla-bakery/KbMfGlqmR62pgUpjx3gV_g,st-pete-beach-florida
https://www.ubereats.com/tampa/food-delivery/dunkin-8490-park-blvd/3m_69E0hTmuFuJo7sOmepQ,st-pete-beach-florida
https://www.ubereats.com/tampa/food-delivery/fortunato-italian-restaurant/8nfOK_woTmyL9tVvyfsZlw,st-pete-beach-florida
https://www.ubereats.com/tampa/food-delivery/kenwood-kitchen/GRaSPF1iSPq3YRIuzZwlqA,st-pete-beach-florida
https://www.ubereats.com/tampa/food-delivery/azalea-sandwich-and-salads/hDxPgh-lTU-LDS8thAxbKA,st-pete-beach-florida
https://www.ubereats.com/tampa/food-delivery/carmelitas-mexican-restaurant-pinellas-park/vGx0ofccRna3vXTx5_BPrg,st-pete-beach-florida
https://www.ubereats.com/tampa/food-delivery/panda-express-11167-park-blvdste-a/LLfu9qdkQH-raCrqPr-3Gg,st-pete-beach-florida
https://www.ubereats.com/tampa/food-delivery/fords-garage-st-petersburg/WpPkNAcDToe8d-b6rSw65Q,st-pete-beach-florida
https://www.ubereats.com/tampa/food-delivery/johnnys-central-kava-bar/8FX9rUzUTAi8A9Y7-Nw9iA,st-pete-beach-florida
https://www.ubereats.com/tampa/food-delivery/the-oyster-bar/F9nBQt91RrOLvVB98iieQg,st-pete-beach-florida
https://www.ubereats.com/tampa/food-delivery/burger-king-4570-34th-street-south/Z46sS77MRGSwiQCaTIkzZA,st-pete-beach-florida
https://www.ubereats.com/tampa/food-delivery/senor-taco/8XGPS-rgQkm5rh88LB9oDQ,st-pete-beach-florida
https://www.ubereats.com/tampa/food-delivery/deli-house/cIMC5zEpSYmY5EhHH644yw,st-pete-beach-florida
https://www.ubereats.com/tampa/food-delivery/sids-caribbean-grill-midtown-grand-central-district/2Jy-L_aOSB2-LQxTx8Jh9g,st-pete-beach-florida
https://www.ubereats.com/tampa/food-delivery/aroy-keri-noodle/94vM4EDpRDyI8Gxi4kal9A,st-pete-beach-florida
https://www.ubereats.com/tampa/food-delivery/central-pizza/xNnTO-5dSsmHPa3Vc57S9A,st-pete-beach-florida
https://www.ubereats.com/tampa/food-delivery/azucar-lounge-inc/xB3FN9KDRNiVfu4OHtMdBQ,st-pete-beach-florida
https://www.ubereats.com/tampa/food-delivery/lotus-vegetarian-restaurant-pinellas-park/h4izgJ7OTvei46tngubVoA,st-pete-beach-florida
https://www.ubereats.com/tampa/food-delivery/village-inn/gpqiXS1pQVC9qNPPz9pHsg,st-pete-beach-florida
https://www.ubereats.com/tampa/food-delivery/crafty-crab-st-pete/_coZzdnSRpC_TdpbOFcIeg,st-pete-beach-florida
https://www.ubereats.com/tampa/food-delivery/red-mesa-cantina-downtown-st-petersburg/X2LUfYXpR-aqQyOs4sY30Q,st-pete-beach-florida
https://www.ubereats.com/tampa/food-delivery/rawk-star-cafe/dixdVNRkSbWajaDEui3iSQ,st-pete-beach-florida
https://www.ubereats.com/tampa/food-delivery/kao-thai-kitchen/PPkr6MDuRMOMfmom9Zd34g,st-pete-beach-florida
https://www.ubereats.com/tampa/food-delivery/taste-of-the-islands-restaurant/9h_pNRlWQGiRUvlKxrY1OQ,st-pete-beach-florida
https://www.ubereats.com/tampa/food-delivery/copa/dear2QGDTQerDq3pgKEkZQ,st-pete-beach-florida
https://www.ubereats.com/tampa/food-delivery/wawa-5125-6200-n-34th-st/DecB77VfSO2DA6EYSMXe4w,st-pete-beach-florida
https://www.ubereats.com/tampa/food-delivery/tikanis-madeira-redington/1Wd51S1wTnu7IR8bHAxKYg,st-pete-beach-florida
https://www.ubereats.com/tampa/food-delivery/village-inn-13105-walsingham-rd/T-iEK_wEQGaYJVkT5x7HeA,st-pete-beach-florida
https://www.ubereats.com/tampa/food-delivery/caddys-st-pete-beach/DIU2OsQoTOul9JftE_gh9A,st-pete-beach-florida
https://www.ubereats.com/tampa/food-delivery/pollo-tropical-3900-park-blvd/TTX-niVGRwSnk1V00ttcUg,st-pete-beach-florida
https://www.ubereats.com/tampa/food-delivery/arbys-571-34th-st-n/zBozHG45TwOkDkIMYxa1LQ,st-pete-beach-florida
https://www.ubereats.com/tampa/food-delivery/dunkin-5602-gulfport-blvd-s/rqBhuzxWQ-SdaLRVZpKr7g,st-pete-beach-florida
https://www.ubereats.com/tampa/food-delivery/wawa-5241-5901-9th-ave-n/CTdqvhDQToWxjXS7a6Ksjg,st-pete-beach-florida
https://www.ubereats.com/tampa/food-delivery/willie-jewells-old-school-bar-b-q-seminole/yUWZAWHlTWizTiBT6LQ7qQ,st-pete-beach-florida
https://www.ubereats.com/tampa/food-delivery/caddys-gulf-port/dJxlJFOkRXylte_W5ZRWaQ,st-pete-beach-florida
https://www.ubereats.com/tampa/food-delivery/larrys-ice-cream-gelato-%26-mini-donuts/fcOJTRIGQ1mozQbbanvBqg,st-pete-beach-florida
https://www.ubereats.com/tampa/food-delivery/the-wooden-rooster-downtown-st-petersburg/8r4ED9EpR0O6mzTk1Te2kg,st-pete-beach-florida
https://www.ubereats.com/tampa/food-delivery/ciccio-cali-st-petersburg/GgCALmneTHiIDuwX-oV8SQ,st-pete-beach-florida
https://www.ubereats.com/tampa/food-delivery/westshore-pizza-2824-54th-ave-s/vw4aJPO0RWmhSz9HUtp9yQ,st-pete-beach-florida
https://www.ubereats.com/tampa/food-delivery/casual-clam/x3KSa2taRgG93UJw0wuvag,st-pete-beach-florida
https://www.ubereats.com/tampa/food-delivery/moes-southwest-grill-11140-starkey-road/bGB9oAEqRZSs1Oki6tFgSQ,st-pete-beach-florida
https://www.ubereats.com/tampa/food-delivery/grand-hacienda-st-pete-beach/b4U8pcaOTUaCAvJv-VkUpg,st-pete-beach-florida
https://www.ubereats.com/tampa/food-delivery/cassis-american-brasserie-downtown-st-petersburg/YPo3kS5-QOeA6jHeEnhZ5g,st-pete-beach-florida
https://www.ubereats.com/tampa/food-delivery/burger-king-6760-22nd-ave-north/SiWuA8ySRUepazQRn6FHTw,st-pete-beach-florida
https://www.ubereats.com/tampa/food-delivery/kfc-6595-park-boulevard/MEGSfXb-QKewiarPZ2cabw,st-pete-beach-florida
https://www.ubereats.com/tampa/food-delivery/buffalo-wild-wings-4075-park-blvd-n/gJ9d-rqySbyqoiSodG6nHA,st-pete-beach-florida
https://www.ubereats.com/tampa/food-delivery/la-gloria-colombian-restaurant/dxKNfEPRQYCHlofn-z-ABg,st-pete-beach-florida
https://www.ubereats.com/tampa/food-delivery/punkys-bar-%26-grill/p2g7I6u1T4Gl7FE27OBQ-A,st-pete-beach-florida
https://www.ubereats.com/tampa/food-delivery/caddys-on-the-beach-st-pete-beach/wWJF_egITtGZKzSfUcH2Rw,st-pete-beach-florida
https://www.ubereats.com/tampa/food-delivery/bubba-gump-shrimp-co-185-boardwalk-place-west/L2HVk_-hRpe4Etxdvs0WDg,st-pete-beach-florida
https://www.ubereats.com/tampa/food-delivery/frescos-waterfront-bistro/2P9pZeA2TvS0OhwGNbgXmQ,st-pete-beach-florida
https://www.ubereats.com/tampa/food-delivery/subway-3135-34th-st-n/Na0BtrnPSw-Q7u9kfjZ1xA,st-pete-beach-florida
https://www.ubereats.com/tampa/food-delivery/bavaros-pizza-napoletana-%26-pastaria-st-pete/lBm0mUYWTx6f35ugcInppQ,st-pete-beach-florida
https://www.ubereats.com/tampa/food-delivery/mamas-famous-pizza-largo/vCNQvNtiRVGdfzJZq8X4tg,st-pete-beach-florida
https://www.ubereats.com/tampa/food-delivery/sonic-7725-49th-street-north/MUgnBATJRjGgVaj1aeNGGg,st-pete-beach-florida
https://www.ubereats.com/tampa/food-delivery/alma-llanera-venezuelan-food-pinellas-park/b_1Lk5Q9TCqoSogaKuvWJA,st-pete-beach-florida
https://www.ubereats.com/tampa/food-delivery/seminole-subs-%26-gyros-largo/_HNp0vOnRkCltqudd1R1BA,st-pete-beach-florida
https://www.ubereats.com/tampa/food-delivery/dr-bbq/yoJnMw1xQjGTsfvF-bdqEQ,st-pete-beach-florida
https://www.ubereats.com/tampa/food-delivery/taco-bell-2028-66th-st/TfYtA6xhQqmnLUbn1O5M_A,st-pete-beach-florida
https://www.ubereats.com/tampa/food-delivery/latin-bowl-restaurant/ybI4aAxGT4ShsFmgwZbLJw,st-pete-beach-florida
https://www.ubereats.com/tampa/food-delivery/hawkers-asian-street-fare-st-pete/7IfosxrpS6O99cDc-OdKzw,st-pete-beach-florida
https://www.ubereats.com/tampa/food-delivery/village-inn-10155-bay-pines-blvd/EyM5jl56T5yYwEi14_Eqwg,st-pete-beach-florida
https://www.ubereats.com/tampa/food-delivery/renzos-st-pete/qXcfCUagTKyjnqdQLm2xTA,st-pete-beach-florida
https://www.ubereats.com/tampa/food-delivery/phila-deli/9iB5dMQWSoys3TmvcKR5Ug,st-pete-beach-florida
https://www.ubereats.com/tampa/food-delivery/the-wooden-rooster-seminole/YIrVoxW7S0q-aFcWOSjHCw,st-pete-beach-florida
https://www.ubereats.com/tampa/food-delivery/ice-%26-cream-johns-pass/D_4ft6fLRaq2Fqg_YjoxNg,st-pete-beach-florida
https://www.ubereats.com/tampa/food-delivery/caramba/kRjTrMq8TS6_sDKTN_hoyA,st-pete-beach-florida
https://www.ubereats.com/tampa/food-delivery/chipotle-mexican-grill-780-4th-st-n/yQvgQxVSTIu1jNBBPBCZQw,st-pete-beach-florida
https://www.ubereats.com/tampa/food-delivery/bangkok-street-food/xuqoUCyqS22smXS0ihVL0w,st-pete-beach-florida
https://www.ubereats.com/tampa/food-delivery/cedars-grill-st-petersburg/hS-G_WOTQBKCGyEkhxLCXw,st-pete-beach-florida
https://www.ubereats.com/tampa/food-delivery/top-slice/PNDmKg8HSVyks5AxnlspmA,st-pete-beach-florida
https://www.ubereats.com/tampa/food-delivery/busy-bee-snak-shop/2WD4vhvkRCaqGiDJcQCUrw,st-pete-beach-florida
https://www.ubereats.com/tampa/food-delivery/mcdonalds-5111-gulfport-blvd/zKgHJIg7SyOzwUA13o3rzg,st-pete-beach-florida
https://www.ubereats.com/tampa/food-delivery/starbucks-park-%26-belcher/BF1h4DjgQ4G_LykTQPOsnA,st-pete-beach-florida
https://www.ubereats.com/tampa/food-delivery/dooriban-korean-restaurant/0ErjvOgtQsGt2dYUR5j7gw,st-pete-beach-florida
https://www.ubereats.com/tampa/food-delivery/beach-bites-%26-burgers/1XoEJ8IYSryeU6okEPkIJw,st-pete-beach-florida
https://www.ubereats.com/tampa/food-delivery/benedicts-pinellas-park/XGLey_TUQFKc5DVyYkkcBg,st-pete-beach-florida
https://www.ubereats.com/tampa/food-delivery/omaddys-bar-%26-grille/PzWn3Y5GQGySftw8pp1fzA,st-pete-beach-florida
https://www.ubereats.com/tampa/food-delivery/da-sesto-italian-restaurant/7slkTUhkTQOGe4e16t3Ttg,st-pete-beach-florida
https://www.ubereats.com/tampa/food-delivery/burger-king-3554-central-avenue/G1a5Hjq6THmKcZU821gdEA,st-pete-beach-florida
https://www.ubereats.com/tampa/food-delivery/sea-critters-cafe/DiBNJlezRH6J9BW7kNj0pw,st-pete-beach-florida
https://www.ubereats.com/tampa/food-delivery/first-watch-4th-street/Nm0mXnN5SSWgglffgOvsUw,st-pete-beach-florida
https://www.ubereats.com/tampa/food-delivery/beach-snoballs/I0rq42wyQ5WB7STj9ZlDgg,st-pete-beach-florida
https://www.ubereats.com/tampa/food-delivery/thai-am-restaurant/v25HXj6SQr6NYe7EZetgxA,st-pete-beach-florida
https://www.ubereats.com/tampa/food-delivery/wingin-it/ZGyAZgrhQ92gzijqQfh_OQ,st-pete-beach-florida
https://www.ubereats.com/tampa/food-delivery/nueva-cantina/XS0GEtWZTqW0uqST16EpRQ,st-pete-beach-florida
https://www.ubereats.com/tampa/food-delivery/bula-kafe/YyW4qFX8SCmeLkPksoBXPA,st-pete-beach-florida
https://www.ubereats.com/tampa/food-delivery/applebees-2901-66th-street-north/ROCdFp2CQzmzD_PzTw0m4A,st-pete-beach-florida
https://www.ubereats.com/tampa/food-delivery/hoots-at-jannus-live/ISE4mhcRSaeamO2--TLBpQ,st-pete-beach-florida
https://www.ubereats.com/tampa/food-delivery/hungry-howies-pizza-seminole-6989-seminole-blvd/ouSGy516SRuoze-jB_JK_Q,st-pete-beach-florida
https://www.ubereats.com/tampa/food-delivery/rollbotto-sushi/Z5_wBnvURpqHE0ZB9WaSYQ,st-pete-beach-florida
https://www.ubereats.com/tampa/food-delivery/sea-dog-brewpub-ti-lcc/Gbn3zZkCQmCtmb3nhRLbTw,st-pete-beach-florida
https://www.ubereats.com/tampa/food-delivery/old-key-west-bar-%26-grill-midtown-grand-central-district/Ufpe-aKCReG_4wb53khdBw,st-pete-beach-florida
https://www.ubereats.com/tampa/food-delivery/subway-7099-66th-st-n/o1Y7jo6hQBaq5oSFKIexlw,st-pete-beach-florida
https://www.ubereats.com/tampa/food-delivery/edo-japanese-steakhouse-tyrone/qXWAOg24TaihWWFnvwHDXg,st-pete-beach-florida
https://www.ubereats.com/tampa/food-delivery/chipotle-mexican-grill-1418-66th-st-n/6pqn17p5QG-4cvy3s4evRg,st-pete-beach-florida
https://www.ubereats.com/tampa/food-delivery/subway-5901-sun-blvd/cYsQPNqHQ9Sl5zFSAtpy9A,st-pete-beach-florida
https://www.ubereats.com/tampa/food-delivery/chill-restaurant-%26-bar-st-pete-beach/xYkzSZbDT7OmZsSdwejmlg,st-pete-beach-florida
https://www.ubereats.com/tampa/food-delivery/dunkin-3934-49th-st-n/co7uY9KQSWGI2PAMZ_KPjw,st-pete-beach-florida
https://www.ubereats.com/tampa/food-delivery/aroy-raw-bar/InR8LYWuRRenN84eTYuySw,st-pete-beach-florida
https://www.ubereats.com/tampa/food-delivery/pieology-pizzeria-11165-park-blvd/e6CqLKjfTpKObbNhcC9v7g,st-pete-beach-florida
https://www.ubereats.com/tampa/food-delivery/circle-k-5756-central-ave/lmsFrpR2S9iaTez6kdHzQA,st-pete-beach-florida
https://www.ubereats.com/tampa/food-delivery/mcdonalds-starkey/l-UgCRHSSWWmczmQxjm2Ig,st-pete-beach-florida
https://www.ubereats.com/tampa/food-delivery/dixies-dog-house-treasure-island/_HbQ-WJaTzS2WSHzGcOk8Q,st-pete-beach-florida
https://www.ubereats.com/tampa/food-delivery/st-pete-burger-co/4O2pZAriS16LK4MUdcC0OQ,st-pete-beach-florida
https://www.ubereats.com/tampa/food-delivery/wawa-5159-2465-22nd-avenue-north/jc2GmaI7QQG_7ZbGwuCfkQ,st-pete-beach-florida
https://www.ubereats.com/tampa/food-delivery/terra-mar-brazilian-steakhouse/zZfkYyNcSU-wdTzzwwVSTw,st-pete-beach-florida
https://www.ubereats.com/tampa/food-delivery/chili-verde-restaurant-34th-street-south/SB0VF-AtTrCpRheimgb35w,st-pete-beach-florida
https://www.ubereats.com/tampa/food-delivery/pizza-%40tyrone-square/xYSdKZW-SEK4U5mNQoLEMQ,st-pete-beach-florida
https://www.ubereats.com/tampa/food-delivery/4th-street-kava-house/ZzKi_n4BT--UomcefM3ohA,st-pete-beach-florida
https://www.ubereats.com/tampa/food-delivery/burgerfi-seminole/q9xu5IR8QYut4-PxxkQBOQ,st-pete-beach-florida
https://www.ubereats.com/tampa/food-delivery/paisanos-pizza-n-pasta/B7AfAL2zT7GoiGMqc-By7w,st-pete-beach-florida
https://www.ubereats.com/tampa/food-delivery/first-watch-tyrone-xing/ps-AqqbASBWhi4D1NRZCeA,st-pete-beach-florida
https://www.ubereats.com/tampa/food-delivery/deanos-beach-kitchen/xI1xs_lmRLKdreA7k18AJw,st-pete-beach-florida
https://www.ubereats.com/tampa/food-delivery/the-silver-spoon-diner/k18vPljCRoiCwT_8SUggQA,st-pete-beach-florida
https://www.ubereats.com/tampa/food-delivery/sweet-stack-shack/mvpzMZQAS-mJpuusXjJ5hQ,st-pete-beach-florida
https://www.ubereats.com/tampa/food-delivery/evosfeel-great-food!-st-petersburg/Tf4k33ZrSXyPe2HzHlIpwQ,st-pete-beach-florida
https://www.ubereats.com/tampa/food-delivery/sweet-tea-celebrations/dqZj6ECuTUCyz7Qi3egCdg,st-pete-beach-florida
https://www.ubereats.com/tampa/food-delivery/st-pete-bagel-co-kenneth-city/gNcxfTeLSX6ItV2AaJgd5w,st-pete-beach-florida
https://www.ubereats.com/tampa/food-delivery/mad-hatters-tea-bar-st-petersburg/ZPUx3uZTQxKJKfUwKzmkow,st-pete-beach-florida
https://www.ubereats.com/tampa/food-delivery/smokin-sandwiches/y9AEM3IiT9yFV0pB5d_TbA,st-pete-beach-florida
https://www.ubereats.com/tampa/food-delivery/chicks-chicken-shack/D0qVkNiMQvWkt2rJWTT3aA,st-pete-beach-florida
https://www.ubereats.com/tampa/food-delivery/burger-king-3701-34th-street-north/z_fZ7Z-DR4OYxLHOJz0HZA,st-pete-beach-florida
https://www.ubereats.com/tampa/food-delivery/soho-juice-company-st-petersburg/dP3t1uC3Q-STBgqqEX8brw,st-pete-beach-florida
https://www.ubereats.com/tampa/food-delivery/oh-greek/u7Vmwv4LQe2PzVeuD0BEmA,st-pete-beach-florida
https://www.ubereats.com/tampa/food-delivery/millers-ale-house-seminole/bo1VNFi7T0yat54ybfnHeQ,st-pete-beach-florida
https://www.ubereats.com/tampa/food-delivery/buona-ristorante/Pw_Sw87hQ_WJAWVzwI93pw,st-pete-beach-florida
https://www.ubereats.com/tampa/food-delivery/le-macaron-french-pastries-st-petersburg/eADnnrcWR1ut-HTqtllI6g,st-pete-beach-florida
https://www.ubereats.com/tampa/food-delivery/tuttorosso-pizzeria-napoletana/_BiWYwF0StiMvcHCjdBbpA,st-pete-beach-florida
https://www.ubereats.com/tampa/food-delivery/smokin-burger/mnqOgwNERRSePi84VPoM5Q,st-pete-beach-florida
https://www.ubereats.com/tampa/food-delivery/convenient-food-mart/xsiYBSKQTMKgEEVwM2LF2g,st-pete-beach-florida
https://www.ubereats.com/tampa/food-delivery/mcdonalds-49th-street/MV4wxVDGQDOqH-WjXLJSvg,st-pete-beach-florida
https://www.ubereats.com/tampa/food-delivery/kao-thai-street-food/pQXMyL1WTj-U4qERCn0uBA,st-pete-beach-florida
https://www.ubereats.com/tampa/food-delivery/better-byrd/R4yj5bvnShKOBaYcLnkuCw,st-pete-beach-florida
https://www.ubereats.com/tampa/food-delivery/mr-sushi/n9nCfIpgQfO2RXUDZBIuzg,st-pete-beach-florida
https://www.ubereats.com/tampa/food-delivery/aroy-pad-thai/WrG1q-LsRfCsT3wtrx1RLQ,st-pete-beach-florida
https://www.ubereats.com/tampa/food-delivery/jersey-mikes-subs-seminole-11167-park-blvd-n/_DNbaSaKTWyAeugNmBWb1w,st-pete-beach-florida
https://www.ubereats.com/tampa/food-delivery/dunkin-1100-tyrone-blvd-n/WmOg0-VeRmGKh58zX52BJA,st-pete-beach-florida
https://www.ubereats.com/tampa/food-delivery/the-drunken-clam-st-pete-beach/DXtEqqOXQceZg7W4ReTUgQ,st-pete-beach-florida
https://www.ubereats.com/tampa/food-delivery/taste-of-the-islands-restaurant-%26-grill-st-petersburg/eQO7DRxMTfGWDAtRpOzQ8Q,st-pete-beach-florida
https://www.ubereats.com/tampa/food-delivery/te-nona-delicatus/me4YmsSQRoKgA0bCekjIFw,st-pete-beach-florida
https://www.ubereats.com/tampa/food-delivery/dunkin-3850-34th-st-s/7YP9fc2cSNeEe2ra4LnVTQ,st-pete-beach-florida
https://www.ubereats.com/tampa/food-delivery/ha-long-bay-st-petersburg/ow_Qws8bQXaKh0knkNrMNQ,st-pete-beach-florida
https://www.ubereats.com/tampa/food-delivery/auntie-annes-at-tyrone-square-16946-tyrone-square/0-J-IuIYRcOjF9hlZ9wh2A,st-pete-beach-florida
https://www.ubereats.com/tampa/food-delivery/dunkin-1200-pasadena-ave-s/0lLH8l4GSe-ZJP9jP41oJg,st-pete-beach-florida
https://www.ubereats.com/tampa/food-delivery/applebees-4000-park-blvd/BQMMj1T3RJectg8vs0FQQA,st-pete-beach-florida
https://www.ubereats.com/tampa/food-delivery/parkshore-grill/cSyAfHrDTxqW9sE-roQ0Kw,st-pete-beach-florida
https://www.ubereats.com/tampa/food-delivery/zaytoon-grill-st-petersburg/sEFVWeS9QQuISPPlIaVBLQ,st-pete-beach-florida
https://www.ubereats.com/tampa/food-delivery/pipos-cuban-cafe-bay-pines/XwlFNRWGRDqk3sa6yLqZCA,st-pete-beach-florida
https://www.ubereats.com/tampa/food-delivery/la-v/9h-M3U19QSSb2d6GBgjAIw,st-pete-beach-florida
https://www.ubereats.com/tampa/food-delivery/custom-cafe-and-catering/3YynJ4CwQ9qTLIdEFuJK8g,st-pete-beach-florida
https://www.ubereats.com/tampa/food-delivery/seabreeze-family-restaurant/B3WKQ62QQ3aDkuPEoHYGRw,st-pete-beach-florida
https://www.ubereats.com/tampa/food-delivery/grumpy-gringo/sFJSLcGaQXW_z4tN0f0dKw,st-pete-beach-florida
https://www.ubereats.com/tampa/food-delivery/stillwaters-tavern/bNFvTkjQTdG5Jt4yHtnzXw,st-pete-beach-florida
https://www.ubereats.com/tampa/food-delivery/pho-quyen-vietnamese-restaurant-pinellas-park-fl/tIa9m2aqRlqXDtyRsYGAUA,st-pete-beach-florida
https://www.ubereats.com/tampa/food-delivery/hao-wah-chinese-restaurant-pinellas-park/Irn3ya5jRMqG5tUumCpWbA,st-pete-beach-florida
https://www.ubereats.com/tampa/food-delivery/taco-bell-4703-66th-street-north/d0DY_0LXQiKLn0UcFnXsBA,st-pete-beach-florida
https://www.ubereats.com/tampa/food-delivery/toss-salads-%26-wraps/jGxaiME3T0aHDjI2piPe8A,st-pete-beach-florida
https://www.ubereats.com/tampa/food-delivery/the-pizza-joint-49th-street-north/pdyl6av-TVeK8JglkUcrCw,st-pete-beach-florida
https://www.ubereats.com/tampa/food-delivery/maple-street-biscuit-company-seminole/6MKjK2jTTMiLr5SxoNFB7Q,st-pete-beach-florida
https://www.ubereats.com/tampa/food-delivery/glory-days-grill-tyrone/zI3a-Sw3RCGBIKDWchRHbw,st-pete-beach-florida
https://www.ubereats.com/tampa/food-delivery/fresh-factory/R8ejhGY3Qki4zpcRe9s8CQ,st-pete-beach-florida
https://www.ubereats.com/tampa/food-delivery/subway-3431-b-49th-st-n/TVjVgnFYQ521eMjOA3dWwA,st-pete-beach-florida
https://www.ubereats.com/tampa/food-delivery/sandbar-bills-bar-%26-grille/krn6VLMCQGa3Ec8Mtx4zuQ,st-pete-beach-florida
https://www.ubereats.com/tampa/food-delivery/starbucks-central-ave-%26-66th-st/WsVmhxApRDu-sqaPSYPTzQ,st-pete-beach-florida
https://www.ubereats.com/tampa/food-delivery/gyro-city-and-seafood/E65W-2MbQNKs5yTwPATQ6A,st-pete-beach-florida
https://www.ubereats.com/tampa/food-delivery/wendys-10751-park-blvd/sy1P1QSeQkGjwDrHnTxkEQ,st-pete-beach-florida
https://www.ubereats.com/tampa/food-delivery/poke-falls/j3w2fOlcSz6KFuxN3FCT9g,st-pete-beach-florida
https://www.ubereats.com/tampa/food-delivery/annex-400-beach/eafr4h7bQEyEJ0YM_o0jGw,st-pete-beach-florida
https://www.ubereats.com/tampa/food-delivery/pipos-22nd-street/DQ8HbMqWR9OjWTK4yZqO8w,st-pete-beach-florida
https://www.ubereats.com/tampa/food-delivery/bombwich-ordermark/7qew-xHzRICSWiyhqcZyeQ,st-pete-beach-florida
https://www.ubereats.com/tampa/food-delivery/churchs-chicken-2195-34th-street-s/zNJynNS9Rn2YkxandQVjbQ,st-pete-beach-florida
https://www.ubereats.com/tampa/food-delivery/krispy-krabs/qJ4_Qj7bQYa1RosrGAB9Qw,st-pete-beach-florida
https://www.ubereats.com/tampa/food-delivery/honey-baked-ham-7221-us-hwy-19/MlRYNux0R-O_O6urIxh4Rg,st-pete-beach-florida
https://www.ubereats.com/tampa/food-delivery/three-birds-tavern/aGR_zXmqT32N-H5u84vQ-w,st-pete-beach-florida
https://www.ubereats.com/tampa/food-delivery/the-floridian-cuban-sandwiches-treasure-island/jfEIast0Q2KZ9hUZQAdodQ,st-pete-beach-florida
https://www.ubereats.com/tampa/food-delivery/hooters-4th-st-n-%26-41st-ave-n/Yk76ETPyQr211lY5GDY22A,st-pete-beach-florida
https://www.ubereats.com/tampa/food-delivery/italy-bottega/Zjf9e6UnRDWYvxFcB0Ua4A,st-pete-beach-florida
https://www.ubereats.com/tampa/food-delivery/tutto-bene/-NjamwD0QGm2nfdM9H6L2Q,st-pete-beach-florida
https://www.ubereats.com/tampa/food-delivery/pin-wok%26bowl/5WNdc1StQpmk1NXI4VgyAA,st-pete-beach-florida
https://www.ubereats.com/tampa/food-delivery/the-queenshead-eurobar/4rrCJcNFQtibKK1o0p4ueA,st-pete-beach-florida
https://www.ubereats.com/tampa/food-delivery/jo-els-kosher-foods/bzVa_GHORfWfXRpEt6FzWw,st-pete-beach-florida
https://www.ubereats.com/tampa/food-delivery/blue-parrot/h2RWzKkqRK6xZe9tfxs3cA,st-pete-beach-florida
https://www.ubereats.com/tampa/food-delivery/the-iberian-rooster/tFpgqoWNQ42K7plhQesSOw,st-pete-beach-florida
https://www.ubereats.com/tampa/food-delivery/hong-kong-restaurant/GNwerhKeRhqsUL41K4xcSA,st-pete-beach-florida
https://www.ubereats.com/tampa/food-delivery/maple-street-biscuit-company-st-pete/DELp9eB2QkyoQqbLKtyiCQ,st-pete-beach-florida
https://www.ubereats.com/tampa/food-delivery/medianoche-a-fresh-connection/phJi-jbMT22Yd7KFDMlc2w,st-pete-beach-florida
https://www.ubereats.com/tampa/food-delivery/grand-hacienda-tyrone-blvd/IbyCTCKoRIKVR_yIfRniIg,st-pete-beach-florida
https://www.ubereats.com/tampa/food-delivery/barracuda-deli-cafe-st-pete-beach/jSfSY7d-SbCl20oPkcj2zQ,st-pete-beach-florida
https://www.ubereats.com/tampa/food-delivery/stone-soup-cafe/9QcZxogYS-mnRDwqbV4WzQ,st-pete-beach-florida
https://www.ubereats.com/tampa/food-delivery/smokin-19-tyrone/VNyc8rprQUuXF47O5aGkPw,st-pete-beach-florida
https://www.ubereats.com/tampa/food-delivery/crystal-cove-crab-shack/k36X3kkuQ9S_6wttJbuIRg,st-pete-beach-florida
https://www.ubereats.com/tampa/food-delivery/wawa-5306-3637-34th-st-south/W45OdE_ZQ1273YbTL92ogg,st-pete-beach-florida
https://www.ubereats.com/tampa/food-delivery/pie12-napoletana-coal-fired-pizzeria/Kz9XbVgyTBe0eRg-4naVRg,st-pete-beach-florida
https://www.ubereats.com/tampa/food-delivery/community-cafe/0vJzpkzVS0uluyBoU4Q2Jg,st-pete-beach-florida
https://www.ubereats.com/tampa/food-delivery/cold-stone-creamery-pinellas-park/zTR8jCNAQ8O2Hph4VkMwWg,st-pete-beach-florida
https://www.ubereats.com/tampa/food-delivery/speggtacular/BSvCk_MTRdCdlse850RzyQ,st-pete-beach-florida
https://www.ubereats.com/tampa/food-delivery/red-robin-553-2468-tyrone-blvd-435b/fx0m7Sh_RLGOIQzMTbDUTw,st-pete-beach-florida
https://www.ubereats.com/tampa/food-delivery/sab-cafe-downtown-st-petersburg/56MxDbUYTuS_TF0hVKE4BA,st-pete-beach-florida
https://www.ubereats.com/tampa/food-delivery/the-hangar-restaurant/eaw8jieoS5m0si1WjOHFUA,st-pete-beach-florida
https://www.ubereats.com/tampa/food-delivery/the-floribbean-eatery-%26-catering/Hnw4rhN7TLSAR75rTpGalA,st-pete-beach-florida
https://www.ubereats.com/tampa/food-delivery/wangs-n-thangs/pu3BdmAmRWqGFN1mNBBShA,st-pete-beach-florida
https://www.ubereats.com/tampa/food-delivery/capital-tacos-st-petersburg/-v0zDxXtRg-rw8qtbP5AXw,st-pete-beach-florida
https://www.ubereats.com/tampa/food-delivery/pasquallys-pizza-%26-wings-1024-58th-st-n/4ekFG0bZTYuG_MgV6xtm2A,st-pete-beach-florida
https://www.ubereats.com/tampa/food-delivery/subway-3355-5th-ave-north/0oP5qLvgTLWDehqt2ygEcQ,st-pete-beach-florida
https://www.ubereats.com/tampa/food-delivery/tijuana-flats-pinellas-park/bTQUtdV7SOCxfvwSiztltA,st-pete-beach-florida
https://www.ubereats.com/tampa/food-delivery/papa-johns-6894-gulfport-blvd-s/zo3sIVZvR6SK-0I0rIrsJw,st-pete-beach-florida
https://www.ubereats.com/tampa/food-delivery/angry-pepper-waterside/jMFAFi9RRWaPLn5VjBNT5g,st-pete-beach-florida
https://www.ubereats.com/tampa/food-delivery/taco-bell-4599-park-blvd/N6MxhscFSq2Uf8M79z-HPg,st-pete-beach-florida
https://www.ubereats.com/tampa/food-delivery/gateway-to-india-authentic-indian-restaurant/PsUO2mr0TkiXMkLQzhTKgw,st-pete-beach-florida
https://www.ubereats.com/tampa/food-delivery/thai-orchid-restaurant-tyrone/SdiYSrCsSvyb7mSxjmc75w,st-pete-beach-florida
https://www.ubereats.com/tampa/food-delivery/cd-roma-restaurant-st-petersburg/3mfiD5e9S_uUzbN0xi7WSQ,st-pete-beach-florida
https://www.ubereats.com/tampa/food-delivery/fergs-sports-bar/LkoPv4bSSTKf7apVwz6row,st-pete-beach-florida
https://www.ubereats.com/tampa/food-delivery/the-simple-greek/pgT7Aj_pRqahwsomKigUnw,st-pete-beach-florida
https://www.ubereats.com/tampa/food-delivery/skyway-jacks/ngTvGw9KSJiXoT42mmM5ew,st-pete-beach-florida
https://www.ubereats.com/tampa/food-delivery/krispy-kreme-4th-st-n-%26-92nd-ave-n/MIlJyotETmit9f6SddQdMw,st-pete-beach-florida
https://www.ubereats.com/tampa/food-delivery/verduccis-restaurant-and-pizzeria/Pb40MOi5STC4UkCb6h5pNg,st-pete-beach-florida
https://www.ubereats.com/tampa/food-delivery/boston-market-9595-4th-st-n/mso9NTewSaqmzS3IiByzeg,st-pete-beach-florida
https://www.ubereats.com/tampa/food-delivery/gias-blue-water-taqueria/F2cpEZJvR4ykV3GmKipRGg,st-pete-beach-florida
https://www.ubereats.com/tampa/food-delivery/machi-coffee-and-tea/5-TgrAhcQiK0WAzpoKvFDQ,st-pete-beach-florida
https://www.ubereats.com/tampa/food-delivery/clean-juice-1804-4th-street-north/TPXt1uucSTejN2ZWgTdftg,st-pete-beach-florida
https://www.ubereats.com/tampa/food-delivery/china-one-downtown-st-petersburg/zHyG_Q1_Tie85BUD1qtiMw,st-pete-beach-florida
https://www.ubereats.com/tampa/food-delivery/chicken-salad-chick-7839-113th-st-n-suite-a/fOiHrq1JT9mHslNEuyhJRA,st-pete-beach-florida
https://www.ubereats.com/tampa/food-delivery/brick-%26-mortar-downtown-st-petersburg/m_4vhgbgRjqHF3XiQmffPw,st-pete-beach-florida
https://www.ubereats.com/tampa/food-delivery/sonnys-bbq-4385-park-blvd/8ini02nFRAy17YcNtu9WSw,st-pete-beach-florida
https://www.ubereats.com/tampa/food-delivery/frutta-bowls/u97W1rgMT3WWQ-7prMnT1w,st-pete-beach-florida
https://www.ubereats.com/tampa/food-delivery/frog-pond/5VBNo4R8QMOBRLv1o437Pg,st-pete-beach-florida
https://www.ubereats.com/tampa/food-delivery/greenstock/R5v-D-DTQtSN3FHnVs2_FQ,st-pete-beach-florida
https://www.ubereats.com/tampa/food-delivery/nashs-hot-chicken/GwTl5oNdSpO5paEZeyYxMw,st-pete-beach-florida
https://www.ubereats.com/tampa/food-delivery/haze-ice-cream/ir4DqMwTSgqY3_GiRjXxwQ,st-pete-beach-florida
https://www.ubereats.com/tampa/food-delivery/taco-bell-903-s-pasadena/p3TmjgU4Q8KynyCzv0OcOg,st-pete-beach-florida
https://www.ubereats.com/tampa/food-delivery/mikes-pizza-%26-pub/VxyqyMUaSYaaDW_m3MF-9A,st-pete-beach-florida
https://www.ubereats.com/tampa/food-delivery/the-library/XLb_2hKRRl2DQTY-_6BwLA,st-pete-beach-florida
https://www.ubereats.com/tampa/food-delivery/yard-of-ale-st-pete/8N5SHiCATVuH6KnfPbaDcQ,st-pete-beach-florida
https://www.ubereats.com/tampa/food-delivery/vampire-penguin-seminole/6GMDXw8ESIOkBdQPBp5f_Q,st-pete-beach-florida
https://www.ubereats.com/tampa/food-delivery/fresh-kitchen-st-pete/zFtdyrHCSBGLQkyrzZsTEA,st-pete-beach-florida
https://www.ubereats.com/tampa/food-delivery/el-maguey-mexican-restaurant/H-wrZuYnSd-T0lTQkyEh0A,st-pete-beach-florida
https://www.ubereats.com/tampa/food-delivery/jbs-seafood-takeout/uuVfh7L8SJ-_75tlja0Ijg,st-pete-beach-florida
https://www.ubereats.com/tampa/food-delivery/ruths-chris-steak-house-131-2nd-ave-n/WMzg8pwAStO1XPu-3mOlUQ,st-pete-beach-florida
https://www.ubereats.com/tampa/food-delivery/pizza-hut-4598-34th-st-s/P5TyqYeVQ5q8PNCX-kFduA,st-pete-beach-florida
https://www.ubereats.com/tampa/food-delivery/sonnys-bbq-3650-tyrone-boulevard/M84dFQ1QT7aumRBnVA2H9Q,st-pete-beach-florida
https://www.ubereats.com/tampa/food-delivery/poke-party-vr/Bq15bIelT8uS19wTctifRg,st-pete-beach-florida
https://www.ubereats.com/tampa/food-delivery/buona-ristorante/yLzDbD7ITWWXNHwJGlwm_A,st-pete-beach-florida
https://www.ubereats.com/tampa/food-delivery/the-pesky-pelican/IS_LR1X9TLSWq9Tm8C4hMA,st-pete-beach-florida
https://www.ubereats.com/tampa/food-delivery/pias-trattoria/kxCyMS79TlerqN98quk5ng,st-pete-beach-florida
https://www.ubereats.com/tampa/food-delivery/the-pizza-place/7tAEtRhmR6aNBRP9E8rHCw,st-pete-beach-florida
https://www.ubereats.com/tampa/food-delivery/petes-general/FXvhzSHZRVKyF2ie64UDGQ,st-pete-beach-florida
https://www.ubereats.com/tampa/food-delivery/manos-italian-grill/_Mit-4coQwy79n700u-pdg,st-pete-beach-florida
https://www.ubereats.com/tampa/food-delivery/beef-o-bradys-4775-34th-st-s/bcjycYdASBuJnFnzwuf4aA,st-pete-beach-florida
https://www.ubereats.com/tampa/food-delivery/stack-n-sizzle/_AEWQHxRSeGbXTfiCvejzQ,st-pete-beach-florida
https://www.ubereats.com/tampa/food-delivery/taqueria-emanuel-pinellas-park/w5JUKGGWTAaAevbxoygcCQ,st-pete-beach-florida
https://www.ubereats.com/tampa/food-delivery/the-better-burrito-company/YAOF7hsZT-SJReo6-36JwA,st-pete-beach-florida
https://www.ubereats.com/tampa/food-delivery/joey-brooklyns-famous-pizza-kitchen/7PZ-xEtITHeLzt0RzADyXQ,st-pete-beach-florida
https://www.ubereats.com/tampa/food-delivery/chuck-e-cheese-1024-58th-st-n/Xy3u0F1FRQ6fO-2PM_2GTQ,st-pete-beach-florida
https://www.ubereats.com/tampa/food-delivery/chiangmai-thai-restaurant/uGxtcomWRdGjYVckZYXgZQ,st-pete-beach-florida
https://www.ubereats.com/tampa/food-delivery/outback-steakhouse-1900-4th-street-north/i32LLJhzSO-agCJkTppz_g,st-pete-beach-florida
https://www.ubereats.com/tampa/food-delivery/grits/SE4dB_tbR1C2a69uTjo_Kg,st-pete-beach-florida
https://www.ubereats.com/tampa/food-delivery/bellabrava/fwTeGGGkQLO5qhk1gKXd0g,st-pete-beach-florida
https://www.ubereats.com/tampa/food-delivery/earl-of-sandwich-4th-st-n-%26-50th-ave-n/LdyufyD1SJCYEdSKfMavQQ,st-pete-beach-florida
https://www.ubereats.com/tampa/food-delivery/hot-crab/gj0GjtR_QoycLJni0MQjew,st-pete-beach-florida
https://www.ubereats.com/tampa/food-delivery/subzero-nitrogen-ice-cream/78JGFavxSy-tpirr7PXfPA,st-pete-beach-florida
https://www.ubereats.com/tampa/food-delivery/five-guys-fl-0375-1458-66th-street-north/nDf2RFhkQS6yQ1G3vlYBeg,st-pete-beach-florida
https://www.ubereats.com/tampa/food-delivery/starbucks-us-19-%26-22nd-ave/e94HXyopRMezLzys_q7-_g,st-pete-beach-florida
https://www.ubereats.com/tampa/food-delivery/jersey-mikes-us-19-n-%26-70th-ave-n/Zv6tZEDCSrKV-dD5Y_7BNw,st-pete-beach-florida
https://www.ubereats.com/tampa/food-delivery/jinju-korean-grill-%26-sushi/JmiOu4f3SEenYN8Ag8JGMw,st-pete-beach-florida
https://www.ubereats.com/tampa/food-delivery/kahwa-coffee-9th-ave-n/Gvf-rBFzRomagWmuS6Af-A,st-pete-beach-florida
https://www.ubereats.com/tampa/food-delivery/acropolis-greek-taverna-st-pete/N4eoIpBcTF6VytsKlXp0Qw,st-pete-beach-florida
https://www.ubereats.com/tampa/food-delivery/creative-catering/atswIpV8TJi7oGUGksqGRg,st-pete-beach-florida
https://www.ubereats.com/tampa/food-delivery/jersey-mikes-tyrone-blvd-n-%26-38th-ave-n/8YIQ9q_PSwaazeKqyOnOog,st-pete-beach-florida
https://www.ubereats.com/tampa/food-delivery/mcdonalds-6855-gulf-blvd/jG152wSaQiqjlVIxwRWAeA,st-pete-beach-florida
https://www.ubereats.com/tampa/food-delivery/grand-hacienda/6Dprsa8dThO8FCFPwNCv6w,st-pete-beach-florida
https://www.ubereats.com/tampa/food-delivery/chili-verde-restaurant-22nd-avenue-north/xsN4hXA6TLyoTj3omGn19g,st-pete-beach-florida
https://www.ubereats.com/tampa/food-delivery/the-crafty-squirrel/OVtcovMfT26HRmHDtJQ3_g,st-pete-beach-florida
https://www.ubereats.com/tampa/food-delivery/taquitos-mexican/fwHV705XQbaN6p8rf_Poyw,st-pete-beach-florida
https://www.ubereats.com/tampa/food-delivery/mcdonalds-bayway/bFqYf78yR46VVYA6Fhyoxg,st-pete-beach-florida
https://www.ubereats.com/tampa/food-delivery/el-tenampa-mexican-restaurant-st-petersburg/VrQ66bXCQUqnSA2f0EDcZA,st-pete-beach-florida
https://www.ubereats.com/tampa/food-delivery/checkers-100-34th-street-s/mhpEAWxfSxGxbcZvf_rCtg,st-pete-beach-florida
https://www.ubereats.com/tampa/food-delivery/2nd-and-second/mnGGvKBxRvGAtOr6_0wN-A,st-pete-beach-florida
https://www.ubereats.com/tampa/food-delivery/dunkin-1046-4th-st-n/YlY4IUp0SWmaUpnhwqhyGA,st-pete-beach-florida
https://www.ubereats.com/tampa/food-delivery/the-tasty-vegetable/lPWhZEY4TbOIbu8ppB0Tpw,st-pete-beach-florida
https://www.ubereats.com/tampa/food-delivery/pizza-hut-1155-pasadena-ave-s-suite-j/EP_Z6sqSQxGU6Zit5Ym27w,st-pete-beach-florida
https://www.ubereats.com/tampa/food-delivery/checkers-3775-66th-street-n/21botp4USVGRGgOY18g7lQ,st-pete-beach-florida
https://www.ubereats.com/tampa/food-delivery/craftsman-house/E2IUM76sRfG9yH4dapVAjA,st-pete-beach-florida
https://www.ubereats.com/tampa/food-delivery/ikigai-sushi-st-pete/CUZv3LGkRl-sN80h6vPwHw,st-pete-beach-florida
https://www.ubereats.com/tampa/food-delivery/mr-ice-cream/nVUREhhEQ8q7kCecwij_mw,st-pete-beach-florida
https://www.ubereats.com/tampa/food-delivery/beech-kombucha/e67eTspAQbuJ3NqOQH2FRA,st-pete-beach-florida
https://www.ubereats.com/tampa/food-delivery/fortunatos-taps-and-tavern/iBTRmIcUSsC62Q-dar1xfA,st-pete-beach-florida
https://www.ubereats.com/tampa/food-delivery/tropical-smoothie-cafe-pinellas/uW-dFOEpRVmhQUxZfaD81g,st-pete-beach-florida
https://www.ubereats.com/tampa/food-delivery/kfc-2430-34th-st/3tjtvp_bStKcznDQHolLJA,st-pete-beach-florida
https://www.ubereats.com/tampa/food-delivery/iceburg-rolled-ice-cream/YadJsTwNT86p2OC2MYiFug,st-pete-beach-florida
https://www.ubereats.com/tampa/food-delivery/subway-2004-66th-street-n/lgb0thxKRiWhgoR7Auc7iA,st-pete-beach-florida
https://www.ubereats.com/tampa/food-delivery/the-ice-cream-shop/VZgQ_p_eRIqaTKWcuA_Y0g,st-pete-beach-florida
https://www.ubereats.com/tampa/food-delivery/hooters-tyrone-blvd-n-%26-66th-st-n/A4NOo_u7RWWI2nChj7t6pA,st-pete-beach-florida
https://www.ubereats.com/tampa/food-delivery/little-greek-largo/xBHh71FcQU2Qt2VkxKV9-g,st-pete-beach-florida
https://www.ubereats.com/tampa/food-delivery/mr-empanada-st-pete/lr3nKAgORjSaaPhyzpr8Dw,st-pete-beach-florida
https://www.ubereats.com/tampa/food-delivery/dunkin-700-34th-st-n/iHcTDTpDSSChMRUuaKfNMQ,st-pete-beach-florida
https://www.ubereats.com/tampa/food-delivery/coney-island-sandwich-shop/hxC8JE8eS8GHtmk9JaZPuw,st-pete-beach-florida
https://www.ubereats.com/tampa/food-delivery/basil-leaf/RVbDI7MIQQeh2l4X15EZVA,st-pete-beach-florida
https://www.ubereats.com/tampa/food-delivery/bandit-coffee-co/lbTTyxUEQkqQrF97Dy3XtA,st-pete-beach-florida
https://www.ubereats.com/tampa/food-delivery/katiki/84lxDVNJQ42toOjmXZcl6Q,st-pete-beach-florida
https://www.ubereats.com/tampa/food-delivery/ihop-5001-gulf-blvd/SylIlsMBT2-eWQhmd9j8fA,st-pete-beach-florida
https://www.ubereats.com/tampa/food-delivery/tijuana-flats-st-pete/uYjc85oNQ_6X_ISi9O-iJQ,st-pete-beach-florida
https://www.ubereats.com/tampa/food-delivery/tijuana-flats-tyrone/iqJmWHflTUCGCrSo26XuBA,st-pete-beach-florida
https://www.ubereats.com/tampa/food-delivery/new-china-restaurant/SYEulBGzQgakLjnfTVxSeg,st-pete-beach-florida
https://www.ubereats.com/tampa/food-delivery/starbucks-bay-pines-%26-100th-way-n/byIrjNJXR8SJKo6TEiSj5g,st-pete-beach-florida
https://www.ubereats.com/tampa/food-delivery/carmelitas-mexican-restaurant-tyrone/ZlhwiwflTNGNMYc6YkMUtg,st-pete-beach-florida
https://www.ubereats.com/tampa/food-delivery/baum-mi/aNcRCzkQQf6laj9veBm0sw,st-pete-beach-florida
https://www.ubereats.com/tampa/food-delivery/tropical-smoothie-cafe-seminole/6iQI1JNiRS69zc33_ncLHg,st-pete-beach-florida
https://www.ubereats.com/tampa/food-delivery/meexita/5A7_uejqQA6B6BOKevjDBw,st-pete-beach-florida
https://www.ubereats.com/tampa/food-delivery/karma-juice-bar-%26-eatery/hCnS7hbvTTebGpamMIRUow,st-pete-beach-florida
https://www.ubereats.com/tampa/food-delivery/the-donut-shoppe/sTgOWMiaQdCAkx0Q1AKEtg,st-pete-beach-florida
https://www.ubereats.com/tampa/food-delivery/ihop-7800-ulmerton-rd/Z9kotlwLRWyj4ZnEOgadkA,st-pete-beach-florida
https://www.ubereats.com/tampa/food-delivery/blakes-crab-cakes/gODOg8jLRbeK1-3IilEibg,st-pete-beach-florida
https://www.ubereats.com/tampa/food-delivery/r-bar-treasure-island/YD_RjqGbTBu0bIQFvHWyNw,st-pete-beach-florida
https://www.ubereats.com/tampa/food-delivery/angelos-pizza/AuXvSYyKTzm97GP9LY1KpA,st-pete-beach-florida
https://www.ubereats.com/tampa/food-delivery/new-china-st-petersburg/UeftQMJ-RKaNAur09zooBQ,st-pete-beach-florida
https://www.ubereats.com/tampa/food-delivery/i-thai-%26-sushi-restaurant-largo/e6qVjhvnTWGZgeZaFlnnJA,st-pete-beach-florida
https://www.ubereats.com/tampa/food-delivery/stellas-gulfport/HfqNwFFmQbGsnHUWiP3g6A,st-pete-beach-florida
