url,city
https://www.ubereats.com/detroit/food-delivery/silk-road-cuisine/LCvhOm3HQ_uoSJSR51pEmw,sterling-heights-michigan
https://www.ubereats.com/detroit/food-delivery/irish-tavern/m6k50z7cQSqiPjlebedMBQ,sterling-heights-michigan
https://www.ubereats.com/detroit/food-delivery/cedar-grille/UnBvLpbpTTyVqkzyic7PQg,sterling-heights-michigan
https://www.ubereats.com/detroit/food-delivery/kfc-41501-garfield-rd/Rc3LaXH1QK-DXOuhMSenuQ,sterling-heights-michigan
https://www.ubereats.com/detroit/food-delivery/kfc-4050-metropolitan-pkwy/w8p7yd8nR0iBG8Ahl7d_Kw,sterling-heights-michigan
https://www.ubereats.com/detroit/food-delivery/platos-coney-island/pmcLhh_IR-G0nAFNN7Fo0A,sterling-heights-michigan
https://www.ubereats.com/detroit/food-delivery/taco-bell-47154-van-dyke-ave/7h_-ukQKR9OuhRQQn6WWQQ,sterling-heights-michigan
https://www.ubereats.com/detroit/food-delivery/dairy-queen-treat-33170-ryan-rd/kATKuwykT8SEVoX2m7dZQw,sterling-heights-michigan
https://www.ubereats.com/detroit/food-delivery/detroit-donuts/hWvAGdSURaKtL94wpcJHIg,sterling-heights-michigan
https://www.ubereats.com/detroit/food-delivery/tim-hortons-25100-ryan-rd/cvQ2VljNRYWjk8dvxdALRw,sterling-heights-michigan
https://www.ubereats.com/detroit/food-delivery/andiamo-sterling-heights/PHvQc3YxTeu85Lwo4YjowA,sterling-heights-michigan
https://www.ubereats.com/detroit/food-delivery/wendys-1421-north-main-street/wVNrrNq7Q-WbZ4wYgahCOQ,sterling-heights-michigan
https://www.ubereats.com/detroit/food-delivery/shake-shack-888-w-big-beaver-rd/t8Z49IwvR5KYeXaviowMOA,sterling-heights-michigan
https://www.ubereats.com/detroit/food-delivery/sushi-kafe/g69YH-iGRUmM_LNsAjua5g,sterling-heights-michigan
https://www.ubereats.com/detroit/food-delivery/papa-johns-pizza-1962-s-rochester-rd/-DFKAuWuS_aDL6coPLcOfA,sterling-heights-michigan
https://www.ubereats.com/detroit/food-delivery/buffalo-wild-wings-15745-15-mile-rd/ZWuk4SQsSQe5iIdLRzYPkQ,sterling-heights-michigan
https://www.ubereats.com/detroit/food-delivery/purple-spoon/y3oNlS72SS68TsfOKtgGIA,sterling-heights-michigan
https://www.ubereats.com/detroit/food-delivery/grand-traverse-pie-company/zYKTPs2sSQKf9l8F7LBeWw,sterling-heights-michigan
https://www.ubereats.com/detroit/food-delivery/pf-changs-17390-hall-rd-unit-r-103/14JCoyCNS7ia7DPK7__9sQ,sterling-heights-michigan
https://www.ubereats.com/detroit/food-delivery/dunkin-42851-van-dyke-ave/-ngLufETTKGZjKRMFW1PlQ,sterling-heights-michigan
https://www.ubereats.com/detroit/food-delivery/shish-palace-livernois-rd/Xg9bsRsdQXa9RN3B3Td4Lw,sterling-heights-michigan
https://www.ubereats.com/detroit/food-delivery/joey-bs-public-house/8AFszgLQSCiNQTHykL_Icw,sterling-heights-michigan
https://www.ubereats.com/detroit/food-delivery/subway-37876-van-dyke-ave/nR4GnS7QR6CHHkEsYokfPg,sterling-heights-michigan
https://www.ubereats.com/detroit/food-delivery/taco-bell-45201-schoenherr-rd/XpU9cXZMRcCqSIHsjXr0hw,sterling-heights-michigan
https://www.ubereats.com/detroit/food-delivery/edible-arrangements-52-west-square-lake-road/E--7D3MOQxiy7hzfw5OUFw,sterling-heights-michigan
https://www.ubereats.com/detroit/food-delivery/pho-chopstix/o_T4eniuTyWrD7OXvIjMuQ,sterling-heights-michigan
https://www.ubereats.com/detroit/food-delivery/qdoba-mexican-grill-15099-hall-rd/8r5fFHIFSYSie31LNe6SVw,sterling-heights-michigan
https://www.ubereats.com/detroit/food-delivery/masala-grill/d8-BgDSvTxGlgN7z8fcwOQ,sterling-heights-michigan
https://www.ubereats.com/detroit/food-delivery/kfc-1555-e-12-mile-rd/vvaDDYtZRNGL3VQnttm7-w,sterling-heights-michigan
https://www.ubereats.com/detroit/food-delivery/noodles-%26-company-184-n-adams-rd-space-e184/bRkhSlr4QT-8gxh-hUJqwA,sterling-heights-michigan
https://www.ubereats.com/detroit/food-delivery/kekos-coney-island-madison-heights/q_8m27xLQ6-SBmZSm5cJDg,sterling-heights-michigan
https://www.ubereats.com/detroit/food-delivery/three-cats-cafe/SrTIC00KT0K77oO-tKFyLw,sterling-heights-michigan
https://www.ubereats.com/detroit/food-delivery/shawarma-bowl/HRLxjzKlRtuIU2gSJQ3_EA,sterling-heights-michigan
https://www.ubereats.com/detroit/food-delivery/jay-jays-bistro/SDf2WtKIRAyMKLkQSxw4aA,sterling-heights-michigan
https://www.ubereats.com/detroit/food-delivery/the-ice-cream-shop/A26u7V9kThCi8LSFzWlyDQ,sterling-heights-michigan
https://www.ubereats.com/detroit/food-delivery/buca-di-beppo-utica/K_Xg8hWpRdiSTqISDbzt0A,sterling-heights-michigan
https://www.ubereats.com/detroit/food-delivery/panera-36808-van-dyke-avenue/NqF1SBkCQZSHG76jRSgKXw,sterling-heights-michigan
https://www.ubereats.com/detroit/food-delivery/alan-d-bistro/x0x0YVcfS6y_7qdgr2Dz5Q,sterling-heights-michigan
https://www.ubereats.com/detroit/food-delivery/qdoba-mexican-grill-301-e-big-beaver-rd/VBrbCxRRTzC1s2P6pzvK0g,sterling-heights-michigan
https://www.ubereats.com/detroit/food-delivery/street-sweets/_ngVpU5iQH6XfKVDFDk8cQ,sterling-heights-michigan
https://www.ubereats.com/detroit/food-delivery/rogers-roost/LGRffAHKRV-fyBw5yQdOyw,sterling-heights-michigan
https://www.ubereats.com/detroit/food-delivery/wing-snob-sterling-heights/7AYd3TwTQtGSohYgCNr0vg,sterling-heights-michigan
https://www.ubereats.com/detroit/food-delivery/buffalo-wild-wings-44833-mound-rd/fX9mCsV3RYimW_dSm8Ogog,sterling-heights-michigan
https://www.ubereats.com/detroit/food-delivery/jalsa-fine-dining-and-banquets/o8gVFiLbSmWZcWPQn93rlA,sterling-heights-michigan
https://www.ubereats.com/detroit/food-delivery/del-taco-28692-dequindre-unit-j-100/K8GWHcnAQ_-Ey6AV3UNjOA,sterling-heights-michigan
https://www.ubereats.com/detroit/food-delivery/sweetwaters-coffee-%26-tea%3A-partridge-creek/9ooPMj8gQRKgieFguTyNSA,sterling-heights-michigan
https://www.ubereats.com/detroit/food-delivery/happys-pizza-36843-mound-rd/ZDuh5pi8SImmKCFnbPNzdg,sterling-heights-michigan
https://www.ubereats.com/detroit/food-delivery/taco-bell-4141-e-14-mile-road/mxhbutG5SIqfLCgBPayvXg,sterling-heights-michigan
https://www.ubereats.com/detroit/food-delivery/starbucks-16-mile-%26-john-r-rd/a4YHIUQcQCqxwoYXxLKwcQ,sterling-heights-michigan
https://www.ubereats.com/detroit/food-delivery/bjs-restaurant-%26-brewhouse-14455-lakeside-circle/jnPUNY3_T_KtrRm--4M5fw,sterling-heights-michigan
https://www.ubereats.com/detroit/food-delivery/tropical-smoothie-cafe/ia73ftGrS6C7WqtpGwPALw,sterling-heights-michigan
https://www.ubereats.com/detroit/food-delivery/antonios-place/taGbU4mmSfmYywxMKoGKHQ,sterling-heights-michigan
https://www.ubereats.com/detroit/food-delivery/arbys-15620-15-mile-rd/LQodZjC7QzyaWsuRjCVC4A,sterling-heights-michigan
https://www.ubereats.com/detroit/food-delivery/uno-pizzeria-%26-grill-44805-mound-rd/KnCmxeVSRbWt_ThkVFK25A,sterling-heights-michigan
https://www.ubereats.com/detroit/food-delivery/tim-hortons-37121-mound-road/hO3q4j2STbyAQHs2x5Ggyg,sterling-heights-michigan
https://www.ubereats.com/detroit/food-delivery/pf-changs-122-north-adams-road/uFA57PuxRhWtAAsBGga2Mg,sterling-heights-michigan
https://www.ubereats.com/detroit/food-delivery/dunkin-44603-mound-rd/bE5NIQbaQaSwSmLqsuDscw,sterling-heights-michigan
https://www.ubereats.com/detroit/food-delivery/la-marsa-schoenherr-rd/HXFuBlnkR8yR3_BscV8RxQ,sterling-heights-michigan
https://www.ubereats.com/detroit/food-delivery/east-lake-chinese-restaurant-%E8%B1%AA%E5%BA%AD%E9%85%92%E6%A8%93/Pxnk4fHwQreavXKvrT4TUA,sterling-heights-michigan
https://www.ubereats.com/detroit/food-delivery/choco-mania-cafe/8QA9sxLcQUiGm9mLFGng7Q,sterling-heights-michigan
https://www.ubereats.com/detroit/food-delivery/joey-bs-public-house/ELkNhcr_TAuTbq5uBdS6qA,sterling-heights-michigan
https://www.ubereats.com/detroit/food-delivery/gnocchi-italian-restaurant/QOff5YesSvuxNgYGvywefw,sterling-heights-michigan
https://www.ubereats.com/detroit/food-delivery/little-saigon-restaurant/EMaY6Y1ASTSxvCYtC_lh_A,sterling-heights-michigan
https://www.ubereats.com/detroit/food-delivery/kung-fu-tea-1256-walton-blvd/fO6uTN20QWy86QzrM60rrw,sterling-heights-michigan
https://www.ubereats.com/detroit/food-delivery/passport-pizza-13737-19-mile-rd/ZvNgYMqnRYelGFcb3sw-Vw,sterling-heights-michigan
https://www.ubereats.com/detroit/food-delivery/arbys-1150-livernois-rd/obG1ERBqT2GmWkxV5A3yGw,sterling-heights-michigan
https://www.ubereats.com/detroit/food-delivery/jersey-mikes-subs/5f51s-xKRQSUcwZjvTy__w,sterling-heights-michigan
https://www.ubereats.com/detroit/food-delivery/dickeys-barbecue-restaurants-inc-36669-van-dyke-ave/q_TwHF3ZQwWBgnwxnMLKbA,sterling-heights-michigan
https://www.ubereats.com/detroit/food-delivery/the-coach-sports-grille/_uPZVd3XRE66p0h03CwOQA,sterling-heights-michigan
https://www.ubereats.com/detroit/food-delivery/kung-fu-tea-2105-15-mile-road/B913cxyhS82voWAPnQrCxw,sterling-heights-michigan
https://www.ubereats.com/detroit/food-delivery/potbelly-sandwich-shop-roseville-dt-%7C-360/C_-Ip4pJSmaQpSD6JlMn2A,sterling-heights-michigan
https://www.ubereats.com/detroit/food-delivery/the-hills-city-grille/wyTj-2ryS9WCaHa_b8kfhQ,sterling-heights-michigan
https://www.ubereats.com/detroit/food-delivery/tubbys-grilled-submarines-56756-van-dyke-ave/v3gVl8L5Qh6poas51J3X4g,sterling-heights-michigan
https://www.ubereats.com/detroit/food-delivery/desi-tadka/39we3bgYRv6BD9YrUplIkQ,sterling-heights-michigan
https://www.ubereats.com/detroit/food-delivery/sahara-restaurant-sterling/t14vmu59RtOMH6d2OZFV7Q,sterling-heights-michigan
https://www.ubereats.com/detroit/food-delivery/temas-fonda/w3BjOZYgRRaKy0YVpHP8AA,sterling-heights-michigan
https://www.ubereats.com/detroit/food-delivery/wendys-40950-ryan-road/7rIy99t8Rn6rXNVzHrwciA,sterling-heights-michigan
https://www.ubereats.com/detroit/food-delivery/wendys-29415-dequindre/zz6sT_RPROyHR2C7C1pZBQ,sterling-heights-michigan
https://www.ubereats.com/detroit/food-delivery/daddys-doughnuts/J8tNyqdtR4efeXHSdCqLwg,sterling-heights-michigan
https://www.ubereats.com/detroit/food-delivery/dennys-44945-woodridge/S6hAZeJqTYqVraOVAFL0vg,sterling-heights-michigan
https://www.ubereats.com/detroit/food-delivery/tim-hortons-4065-15-mile-road/C4uVynNZTN-oJeFaOxlCCA,sterling-heights-michigan
https://www.ubereats.com/detroit/food-delivery/shogun-van-dyke/WpDgYsgSReumDmRtPpFO1A,sterling-heights-michigan
https://www.ubereats.com/detroit/food-delivery/mcdonalds-2000-18-mile-rd/7xMtVQ6IRr2bit3a2173Jw,sterling-heights-michigan
https://www.ubereats.com/detroit/food-delivery/limelight-sports-bar-%26-grille-warren/ZmBMbF1PQiyiZi3xvuAAYw,sterling-heights-michigan
https://www.ubereats.com/detroit/food-delivery/bangkok-station/X-DjCCpiQkaZrcTcFpHpuA,sterling-heights-michigan
https://www.ubereats.com/detroit/food-delivery/poke-fish/76JWJoDVRsWxlcuPsYIP7A,sterling-heights-michigan
https://www.ubereats.com/detroit/food-delivery/burger-king-2210-metropolitan-pkwy/9lITtlReTjSfHfYkZ2i0Ag,sterling-heights-michigan
https://www.ubereats.com/detroit/food-delivery/chipotle-mexican-grill-13975-lakeside-cir/BDv2YttqRAyHEcS5uZLRHw,sterling-heights-michigan
https://www.ubereats.com/detroit/food-delivery/starbucks-van-dyke-%26-16-mile-rd/sv5EGvK6SBa5pfh_akiwCw,sterling-heights-michigan
https://www.ubereats.com/detroit/food-delivery/salsaritas-fresh-mexcian-grill/O0LBKWHVS4ypXH_HbY0xjw,sterling-heights-michigan
https://www.ubereats.com/detroit/food-delivery/mojave-cantina/PbW0-5XnRuy7koRSXIATZg,sterling-heights-michigan
https://www.ubereats.com/detroit/food-delivery/tim-hortons-34918-van-dyke-ave/Q77fFca4QTqYJ5IgAnpr6g,sterling-heights-michigan
https://www.ubereats.com/detroit/food-delivery/rajma-authentic-indian-grill/m6mtR9YPQgS80tQCEvfCjA,sterling-heights-michigan
https://www.ubereats.com/detroit/food-delivery/red-lobster-13800-hall-road/-Uj4GrcLQwCsvUWncpj4ig,sterling-heights-michigan
https://www.ubereats.com/detroit/food-delivery/potbelly-sandwich-shop-troy-%7C-29/cYjHGo2xSrS5dxH7f3dj2A,sterling-heights-michigan
https://www.ubereats.com/detroit/food-delivery/china-town/PmARLHYFQhSziIR6t8HteA,sterling-heights-michigan
https://www.ubereats.com/detroit/food-delivery/boston-market-37105-gratiot-avenue/4CvRiop4TKWGo_t96cZ4Hg,sterling-heights-michigan
https://www.ubereats.com/detroit/food-delivery/main-street-kitchen-indian-cuisine/cCPSi--8SPKWAOoYedB8KQ,sterling-heights-michigan
https://www.ubereats.com/detroit/food-delivery/tim-hortons-26900-groesbeck-hwy/dMdMDrKOSlmPu3EyCFg_Ng,sterling-heights-michigan
https://www.ubereats.com/detroit/food-delivery/burgerim-36741-van-dyke-ave/EzheCv9OS2G1sttTnKB-Fg,sterling-heights-michigan
https://www.ubereats.com/detroit/food-delivery/achatz-handmade-pie-co-shelby-township/EfOX0_LwSDOPFfEOEF-o_g,sterling-heights-michigan
https://www.ubereats.com/detroit/food-delivery/tim-hortons-2214-e-11-mile-rd/C_9Dqym_QZeIpp56FzNN4A,sterling-heights-michigan
https://www.ubereats.com/detroit/food-delivery/pasquallys-pizza-%26-wings-740-john-r-road/w6KRZNEnTaSZgzh3b3W0aQ,sterling-heights-michigan
https://www.ubereats.com/detroit/food-delivery/tim-hortons-507-east-big-beaver-road/BfQtfmJHTs6O04Q8byodVA,sterling-heights-michigan
https://www.ubereats.com/detroit/food-delivery/premium-sweets-and-cafe/9XHVHeJYThmiU_AMdes12A,sterling-heights-michigan
https://www.ubereats.com/detroit/food-delivery/boston-market-26021-hoover-road/eco7P3SBRqi341yA5eokWw,sterling-heights-michigan
https://www.ubereats.com/detroit/food-delivery/teriyaki-madness-15619-hall-rd/Wb7BqD-yRd2KVyKMu4DogA,sterling-heights-michigan
https://www.ubereats.com/detroit/food-delivery/azzas-koshary/rTwwwC6tQO6ozRguDODxvQ,sterling-heights-michigan
https://www.ubereats.com/detroit/food-delivery/poke-poke-sushi-unrolled-862-e-big-beaver-rd/jeBJ2ZmqSvScEA8euXJnQg,sterling-heights-michigan
https://www.ubereats.com/detroit/food-delivery/panda-express-14812-hall-road/3i0gW2HyRHOz_zWKEYwshg,sterling-heights-michigan
https://www.ubereats.com/detroit/food-delivery/taco-bell-41450-garfield-rd/UY8n1aZnQU66ZuiWDQeLIw,sterling-heights-michigan
https://www.ubereats.com/detroit/food-delivery/kfc-43280-van-dyke-ave/ZFrF522-SGOVRRqThoBb4g,sterling-heights-michigan
https://www.ubereats.com/detroit/food-delivery/chuck-e-cheese-13745-lakeside-circle/n0FW2SmuTlKRgRINdI31Mg,sterling-heights-michigan
https://www.ubereats.com/detroit/food-delivery/olgas-kitchen-43201-garfield-rd/fgCUlRFBRruoM2tHCj8oIg,sterling-heights-michigan
https://www.ubereats.com/detroit/food-delivery/applebees-37004-van-dyke/m7bCk87lSOyTMB3-M8V44A,sterling-heights-michigan
https://www.ubereats.com/detroit/food-delivery/buffalo-pizza-%26-wings/F2ncqxmbS8C7LgGx8btwXA,sterling-heights-michigan
https://www.ubereats.com/detroit/food-delivery/red-lobster-101-w12-mile-road/oejskiyQQtqRJCZXRFbOzA,sterling-heights-michigan
https://www.ubereats.com/detroit/food-delivery/wing-squad-utica/D0z4CGHuTAWzSPY5aWat3w,sterling-heights-michigan
https://www.ubereats.com/detroit/food-delivery/biryani-xpress/fbc8Wm44Tlytb9aP7BvLqw,sterling-heights-michigan
https://www.ubereats.com/detroit/food-delivery/mcdonalds-14-mile-%26-ryan/3HSOEuehQFqtyxhERO8LAw,sterling-heights-michigan
https://www.ubereats.com/detroit/food-delivery/chesters-chicken/U211yIF4Qb-Nos8Kwc9Zug,sterling-heights-michigan
https://www.ubereats.com/detroit/food-delivery/taco-bell-2290-crooks-road/cBuhz3pBT3uOMSfbBbC1Gg,sterling-heights-michigan
https://www.ubereats.com/detroit/food-delivery/arbys-44905-mound-rd/bl3P_5PMRUmqF1r4Iu9X-g,sterling-heights-michigan
https://www.ubereats.com/detroit/food-delivery/troy-sushi-ya/FzOaBmR8TW-6XJ4sMsVlzQ,sterling-heights-michigan
https://www.ubereats.com/detroit/food-delivery/far-east-chinese-%26-thai/_2E_bpgDQqKUquVKhRH_Rg,sterling-heights-michigan
https://www.ubereats.com/detroit/food-delivery/big-boy-30460-john-r-rd/UWRZhOPnTV-4ulDA4FntNg,sterling-heights-michigan
https://www.ubereats.com/detroit/food-delivery/burger-king-40200-van-dyke-road/Iv1gzQ4wRdKbYAnraFiMLg,sterling-heights-michigan
https://www.ubereats.com/detroit/food-delivery/the-ice-cream-shop/9ShpgRPAQl6YGK1hQct1-w,sterling-heights-michigan
https://www.ubereats.com/detroit/food-delivery/outback-steakhouse-45170-schoenherr-road/nJ2lUn5AQRWRNNMerKt20g,sterling-heights-michigan
https://www.ubereats.com/detroit/food-delivery/arbys-11566-e-10-mile-rd/GTHUCTqVTtifoUnfl9n8Iw,sterling-heights-michigan
https://www.ubereats.com/detroit/food-delivery/tim-hortons-42875-hayes-road/n0JtLKQcTESnlj2Cew4R3A,sterling-heights-michigan
https://www.ubereats.com/detroit/food-delivery/lebanese-grill%3A-troy/CyYjtf_XQN-HHrij5FbrSg,sterling-heights-michigan
https://www.ubereats.com/detroit/food-delivery/kuma-boba/u_Wt9NeuRkmuuQVW5Mq-RA,sterling-heights-michigan
https://www.ubereats.com/detroit/food-delivery/happys-pizza-clawson/zsTwwXC3Qs-noxao3QdX8Q,sterling-heights-michigan
https://www.ubereats.com/detroit/food-delivery/menchies-frozen-yogurt-15075-hall-road/Oi34kIaaSyWNTCCokPSIDQ,sterling-heights-michigan
https://www.ubereats.com/detroit/food-delivery/sonic-45231-hayes-rd/qX2iEURITnO7PELhAmzSTA,sterling-heights-michigan
https://www.ubereats.com/detroit/food-delivery/taco-bell-36300-van-dyke-ave/vU3DoxjSTFebkHm87ZKzsw,sterling-heights-michigan
https://www.ubereats.com/detroit/food-delivery/qdoba-mexican-grill-1198-walton-blvd/Q637Pwz2SKWVJBbMq1158A,sterling-heights-michigan
https://www.ubereats.com/detroit/food-delivery/dairy-queen-grill-%26-chill-29580-gratiot-ave/rTKPGl-4Q22hwokJ61K2WA,sterling-heights-michigan
https://www.ubereats.com/detroit/food-delivery/jakova-grill/B9SDm7WzQ8O9oFUtfALquA,sterling-heights-michigan
https://www.ubereats.com/detroit/food-delivery/sweet-%26-sweeter-bakery/_t29Z4eoRMKiVaUnvrjclA,sterling-heights-michigan
https://www.ubereats.com/detroit/food-delivery/bds-mongolian-grill-sterling-heights/R5-EIEdGSU67bFfO6JxxHg,sterling-heights-michigan
https://www.ubereats.com/detroit/food-delivery/bangkok-cuisine-rochester/kFM5grpfTIe4Ee9V6NNWyQ,sterling-heights-michigan
https://www.ubereats.com/detroit/food-delivery/tomo-korean-%26-japanese-cuisine/nHPeVX0OTl-_WjQf_4Xs_Q,sterling-heights-michigan
https://www.ubereats.com/detroit/food-delivery/wendys-6001-metro-parkway/MbqM52rZQOuJ-W49sy2jRA,sterling-heights-michigan
https://www.ubereats.com/detroit/food-delivery/8310-bonefish-grill-660-w-big-beaver/ScW9n3d6TV-EZvigegf60w,sterling-heights-michigan
https://www.ubereats.com/detroit/food-delivery/tropical-smoothie-cafe-5353-e-12-mile-road/HnX2_geNT82mLqXIzHGj_g,sterling-heights-michigan
https://www.ubereats.com/detroit/food-delivery/red-robin-385-15780-hall-rd/SUrqw3qfRuafcrOobRYPrQ,sterling-heights-michigan
https://www.ubereats.com/detroit/food-delivery/hola-seoul/aI7-Y0jmSq-vdiwJyvJ_Ng,sterling-heights-michigan
https://www.ubereats.com/detroit/food-delivery/mia-mia-cafe/f2L1vU7pT3eo0gbcsuK4Dw,sterling-heights-michigan
https://www.ubereats.com/detroit/food-delivery/pita-way-troy/TnizYuJ5TDWNl595kVluuw,sterling-heights-michigan
https://www.ubereats.com/detroit/food-delivery/carrabbas-44695-schoenherr-road/ACozmOopR6uD5pg7-ppQSQ,sterling-heights-michigan
https://www.ubereats.com/detroit/food-delivery/del-taco-1120-w-14-mile-road/jdxo_FA7R4CQpAltzsR3bw,sterling-heights-michigan
https://www.ubereats.com/detroit/food-delivery/papa-romanos-mr-pita/YTCY6y7eT_OcgB-uc7nzTQ,sterling-heights-michigan
https://www.ubereats.com/detroit/food-delivery/jersey-mikes-subs-12161-23-mile-road/qaLTK3dHQsG9BelGwtak8g,sterling-heights-michigan
https://www.ubereats.com/detroit/food-delivery/hibachi-buffet/4HgTP5PaQQekVFLSxbq_AA,sterling-heights-michigan
https://www.ubereats.com/detroit/food-delivery/starbucks-rochester-%26-south-blvd/PVEWfP6_RAu4cHWoCk4v4Q,sterling-heights-michigan
https://www.ubereats.com/detroit/food-delivery/rochester-bistro/I-0wlE-6RHuwsHuTXOlcPw,sterling-heights-michigan
https://www.ubereats.com/detroit/food-delivery/cold-stone-creamery-3026-walton-blvd/eNvlxhTCRbCIto4OPOEvWg,sterling-heights-michigan
https://www.ubereats.com/detroit/food-delivery/mod-pizza-troy/ElOmzmsKQdCVVgi2jN4ktA,sterling-heights-michigan
https://www.ubereats.com/detroit/food-delivery/the-original-buscemis/eVGl3kNaR2e2TnL5waFt9Q,sterling-heights-michigan
https://www.ubereats.com/detroit/food-delivery/madison-heights-royal-grill/qFpQlxlHSyKMJIVuhKIPnw,sterling-heights-michigan
https://www.ubereats.com/detroit/food-delivery/the-ice-cream-shop/tJdIjJcSTQyqcbRIgPvyUg,sterling-heights-michigan
https://www.ubereats.com/detroit/food-delivery/kavans-tavern/Cr00ehQNTx2xZoig8_P0kg,sterling-heights-michigan
https://www.ubereats.com/detroit/food-delivery/carrabbas-660-west-big-beaver-road/UBflWBnkQkKHJrvh0o_7Sw,sterling-heights-michigan
https://www.ubereats.com/detroit/food-delivery/crab-house-ribs-and-soul/wm7sJX1dSVyei8vQNHEtjQ,sterling-heights-michigan
https://www.ubereats.com/detroit/food-delivery/noodles-%26-company-6836-rochester-road/f_kU9DsWSP2UlUMY7AfQog,sterling-heights-michigan
https://www.ubereats.com/detroit/food-delivery/pza-utica/K-NgGPzZSwqOIECKpUDaLA,sterling-heights-michigan
https://www.ubereats.com/detroit/food-delivery/pf-changs-2801-w-big-beaver-rd-space-d112/kpaSfNwbQ2CMu6GZatQppA,sterling-heights-michigan
https://www.ubereats.com/detroit/food-delivery/honey-tree-grill/3AYAa5W7R2qZirlkHWusAg,sterling-heights-michigan
https://www.ubereats.com/detroit/food-delivery/sonic-36888-van-dyke-road/U2gPlx7VQWW3oOx_sideCQ,sterling-heights-michigan
https://www.ubereats.com/detroit/food-delivery/boston-market-13993-hall-rd/JTuSIFvlR5qV0uJqk8ljqg,sterling-heights-michigan
https://www.ubereats.com/detroit/food-delivery/mias-bakery-and-coffee/mmzFhA75Tm-ah3WHT03l7g,sterling-heights-michigan
https://www.ubereats.com/detroit/food-delivery/chipotle-mexican-grill-13488-23-mile-rd/3vzTkVnfSoaQCK3RZRuVZg,sterling-heights-michigan
https://www.ubereats.com/detroit/food-delivery/andiamo-14-mile-%26-hollingsworth/gv0v2UCBSIKoRVzL1b9R-g,sterling-heights-michigan
https://www.ubereats.com/detroit/food-delivery/satay-house/1aQzOtdOTMGzXRtfqAKNgQ,sterling-heights-michigan
https://www.ubereats.com/detroit/food-delivery/the-ice-cream-shop/Z6r6vun2QtyjhwsFFvwRFg,sterling-heights-michigan
https://www.ubereats.com/detroit/food-delivery/baghdad-restaurants/iETfItP5QjC_EJqWa2UK4g,sterling-heights-michigan
https://www.ubereats.com/detroit/food-delivery/dunkin-28875-dequindre-rd/znEbgtbzTHiJZD3OTelPJA,sterling-heights-michigan
https://www.ubereats.com/detroit/food-delivery/first-watch-troy/ENtSgePvQketz8bjVxXRjg,sterling-heights-michigan
https://www.ubereats.com/detroit/food-delivery/priya-indian-cuisine/DpvcVKd4SKmJhCewSqXtFA,sterling-heights-michigan
https://www.ubereats.com/detroit/food-delivery/mcdonalds-40422-van-dyke-road/9ItVwgluSBqZrOnPeorfcg,sterling-heights-michigan
https://www.ubereats.com/detroit/food-delivery/taco-bell-1281-walton-blvd/-YAfOKwvQb62pewBbSssZA,sterling-heights-michigan
https://www.ubereats.com/detroit/food-delivery/tim-hortons-40955-mound-road/zpEXGAA3Qguj75yHU7Txpw,sterling-heights-michigan
https://www.ubereats.com/detroit/food-delivery/bangkok-cuisine-sterling-heights/a0YwG-DoQvSa1ZkazmrxGw,sterling-heights-michigan
https://www.ubereats.com/detroit/food-delivery/kfc-1345-north-main/mRUjnautSg2a4pX4oOFTag,sterling-heights-michigan
https://www.ubereats.com/detroit/food-delivery/pita-way-warren/CbJveih_RIq5_PcEF78SEQ,sterling-heights-michigan
https://www.ubereats.com/detroit/food-delivery/tim-hortons-36717-van-dyke/i12ySpDBT8W92ATfeV5Azw,sterling-heights-michigan
https://www.ubereats.com/detroit/food-delivery/olgas-kitchen-e-big-beaver-rd/1APsv3qXQpqIuNVj6Kot6A,sterling-heights-michigan
https://www.ubereats.com/detroit/food-delivery/royal-inn-bar/f8KPjkOcRjeLtKnxrnTtwg,sterling-heights-michigan
https://www.ubereats.com/detroit/food-delivery/mod-pizza-rochester-hills/IEYN_KuaQEWkYzl-0w5jSw,sterling-heights-michigan
https://www.ubereats.com/detroit/food-delivery/nonas-pizza-%26-catering/Zbkx6HzQQ7yV7pDHBlQOWw,sterling-heights-michigan
https://www.ubereats.com/detroit/food-delivery/shawarma-grill-sterling-heights/55xCWkocT5GtCRdfbR_IOQ,sterling-heights-michigan
https://www.ubereats.com/detroit/food-delivery/greek-grill/11Ro4eQlRom5B228_dCtlg,sterling-heights-michigan
https://www.ubereats.com/detroit/food-delivery/chicken-shack-clinton-township/Nk87pI3FT8Ku5cVGDw9VGA,sterling-heights-michigan
https://www.ubereats.com/detroit/food-delivery/tropical-smoothie-cafe-36721-van-dyke-avenue/CAX-5XdISjuU4j2Lxv4UHA,sterling-heights-michigan
https://www.ubereats.com/detroit/food-delivery/tim-hortons-1230-w-14-mile-road/FOFxfG1sQfeHp_6jY9Ur3w,sterling-heights-michigan
https://www.ubereats.com/detroit/food-delivery/sedona-taphouse/cW9uA65WRAuWXbGbzwr6IA,sterling-heights-michigan
https://www.ubereats.com/detroit/food-delivery/gateway-deli-restaurant-%26-catering/E3ANY6YISa2hzPOeZfv2LA,sterling-heights-michigan
https://www.ubereats.com/detroit/food-delivery/subway-40058-van-dyke-ave/KPKMMPWvSj2d3tym3wSf4g,sterling-heights-michigan
https://www.ubereats.com/detroit/food-delivery/krispy-krunchy-chicken-43904-mound-rd/OrnQfq4lQe6wx2YVJr5N-A,sterling-heights-michigan
https://www.ubereats.com/detroit/food-delivery/subway-7960-metropolitan-pkwy/Eb-7uX0qR0qi3eiin5DRMA,sterling-heights-michigan
https://www.ubereats.com/detroit/food-delivery/fattoush/Y2Fl3TbSReC35tXyjmq6MQ,sterling-heights-michigan
https://www.ubereats.com/detroit/food-delivery/clean-juice-766-west-big-beaver-road/d77BRMUQSTSkcxkulQN5ow,sterling-heights-michigan
https://www.ubereats.com/detroit/food-delivery/art-%26-jakes/IgpV3uTsSLuQae3wVAS0ew,sterling-heights-michigan
https://www.ubereats.com/detroit/food-delivery/madison-heights-royal-grill/y8n3jB7VRDuKWq7XBk0kaw,sterling-heights-michigan
https://www.ubereats.com/detroit/food-delivery/toarminas-pizza-madison-heights/9ygkhRrpR_mixTjzZbwYsA,sterling-heights-michigan
https://www.ubereats.com/detroit/food-delivery/chipotle-mexican-grill-35394-van-dyke-ave/Ak1X1pgvR3uWmgzFd8OLVw,sterling-heights-michigan
https://www.ubereats.com/detroit/food-delivery/oasis-lebanese-cuisine/JsVmnZMVS2-YIkpNTVZTFQ,sterling-heights-michigan
https://www.ubereats.com/detroit/food-delivery/mortons-the-steakhouse-888-west-big-beaver-road-suite-111/ErkX1rZyQrmE7L1se0KlOw,sterling-heights-michigan
https://www.ubereats.com/detroit/food-delivery/dunkin-2969-e-big-beaver-rd/HkA0dg8AQ0WOTZOHfbrAXg,sterling-heights-michigan
https://www.ubereats.com/detroit/food-delivery/alies-lebanese-grill-sterling-heights/rU4urSj7TL63Fi6eHROFjQ,sterling-heights-michigan
https://www.ubereats.com/detroit/food-delivery/cold-stone-creamery-28877-schoenherr-road/Tz9VOx7jTZWs9OKaVuwQ_g,sterling-heights-michigan
https://www.ubereats.com/detroit/food-delivery/dairy-queen-treat-45814-van-dyke-ave/HStxAxTVQoaqd6GYxCuJUQ,sterling-heights-michigan
https://www.ubereats.com/detroit/food-delivery/outback-steakhouse-1515-west-14-mile-road/F4o5Nav3SS6tgrD82wU0gA,sterling-heights-michigan
https://www.ubereats.com/detroit/food-delivery/farhat-sweets/qQ1ihi3VSN6ycnYb-v2FaQ,sterling-heights-michigan
https://www.ubereats.com/detroit/food-delivery/kfc-45101-schoenerr-rd/lK31KyTuSRynqaDVbxnKNw,sterling-heights-michigan
https://www.ubereats.com/detroit/food-delivery/chuck-e-cheese-740-john-r-road/9uevhRqBRkGioLUXD-U6dw,sterling-heights-michigan
https://www.ubereats.com/detroit/food-delivery/arbys-744-s-rochester-rd/qKlh12METDCwCA3rcZrMGA,sterling-heights-michigan
https://www.ubereats.com/detroit/food-delivery/captain-jays-fish-%26-chicken-33854-van-dyke/g6KsYAVqSB-yrAW32lxMTw,sterling-heights-michigan
https://www.ubereats.com/detroit/food-delivery/mod-pizza-hall-road/UrWvqaZxRo2DQcN8G5nHSQ,sterling-heights-michigan
https://www.ubereats.com/detroit/food-delivery/miso/iztWhNHhSBOjgQPkRgJIgA,sterling-heights-michigan
https://www.ubereats.com/detroit/food-delivery/the-great-greek-mediterranean-grill/Pbn8eeFXRP6P8YgZlvBStg,sterling-heights-michigan
https://www.ubereats.com/detroit/food-delivery/taco-bell-32270-van-dyke/ajoxjU_iS1uUatNJJnkRRQ,sterling-heights-michigan
https://www.ubereats.com/detroit/food-delivery/parthenon/7YQ30d86THS14bnRw3o6Tw,sterling-heights-michigan
https://www.ubereats.com/detroit/food-delivery/the-ice-cream-shop/rfpcmxBPQIOdb-42KQilrQ,sterling-heights-michigan
https://www.ubereats.com/detroit/food-delivery/royal-masala/8qMGOpHuQAWZXnfFaz8ipg,sterling-heights-michigan
https://www.ubereats.com/detroit/food-delivery/better-health-cafe-shelby-township-mi/7QMgrzBJTs2Ha4sOkrP5cg,sterling-heights-michigan
https://www.ubereats.com/detroit/food-delivery/lebon-sweets-metro/PXbsgS4BSl-Ql7X8SFZHlA,sterling-heights-michigan
https://www.ubereats.com/detroit/food-delivery/pokeworks-716-w-big-beaver-rd/90WTXzz3QiqePJ70Lcj4oQ,sterling-heights-michigan
https://www.ubereats.com/detroit/food-delivery/joe-kools-of-troy/FVwkekNJTCCo0kkAHEiFmQ,sterling-heights-michigan
https://www.ubereats.com/detroit/food-delivery/salsaritas-6892-rochester-rd/v4h-m5YMS5S29ROg8Fx7zg,sterling-heights-michigan
https://www.ubereats.com/detroit/food-delivery/buffalo-wild-wings-1873-e-big-beaver-rd/IAFQEkL9QWmIZ-f5olpmMA,sterling-heights-michigan
https://www.ubereats.com/detroit/food-delivery/mcdonalds-mound-%26-16-mile/8U4RzERNTs2rwI9YdW7boQ,sterling-heights-michigan
https://www.ubereats.com/detroit/food-delivery/woorijip/OudjkYAqSVidBWfYEQJLaw,sterling-heights-michigan
https://www.ubereats.com/detroit/food-delivery/fresh-healthy-cafe/zL1xQOI7QlOE4zXcxDn4TQ,sterling-heights-michigan
https://www.ubereats.com/detroit/food-delivery/jamboozies-sports-bar-%26-grill/Ts2K24XuRiGDA-TFbvQQ6w,sterling-heights-michigan
https://www.ubereats.com/detroit/food-delivery/jimmys-coney-grill-dequindre-rd/8r12Z3_WR4C0kl154WXQ_w,sterling-heights-michigan
https://www.ubereats.com/detroit/food-delivery/arbys-47540-van-dyke-ave/yc9KtQH3QPmRkzuMcVEM0Q,sterling-heights-michigan
https://www.ubereats.com/detroit/food-delivery/panda-express-3110-rochester-rd/1yLUjDuYRcydpp_85S4bRA,sterling-heights-michigan
https://www.ubereats.com/detroit/food-delivery/cedar-kabob-%26-cafe/y7M2KLCYREyWzKBOkcZw-g,sterling-heights-michigan
https://www.ubereats.com/detroit/food-delivery/ruths-chris-steak-house-755-w-big-beaver-rd/pkRxg27vRcyEivXwznRiFQ,sterling-heights-michigan
https://www.ubereats.com/detroit/food-delivery/noodles-%26-company-3119-crooks-rd/AddJDWE6S7udmYSuG0pJmA,sterling-heights-michigan
https://www.ubereats.com/detroit/food-delivery/shawarma-%26-shake/M5fzaKAiQtSwzRuNG7TGwQ,sterling-heights-michigan
https://www.ubereats.com/detroit/food-delivery/taco-bell-15640-hall-rd/1Us0Za0RT7CDxkvuW1BRIQ,sterling-heights-michigan
https://www.ubereats.com/detroit/food-delivery/a1-family-kabob/1mm-pBuKShy36HJWN3No6g,sterling-heights-michigan
https://www.ubereats.com/detroit/food-delivery/tim-hortons-1905-east-maple-road/R_E5B0SPQB6RZZRarwfGmw,sterling-heights-michigan
https://www.ubereats.com/detroit/food-delivery/the-ice-cream-shop/2EZ_oPkDTU-WDIbBOuepNw,sterling-heights-michigan
https://www.ubereats.com/detroit/food-delivery/big-boy-11587-e-12-mile-rd/7PT8aw5VRA2B2VQ1_hN8-A,sterling-heights-michigan
https://www.ubereats.com/detroit/food-delivery/benihana-1985-w-big-beaver-road/ADP9oLm7SYOpHXR5x75T7w,sterling-heights-michigan
https://www.ubereats.com/detroit/food-delivery/applebees-45211-park-avenue/HcAF73-pQ9W1L3KeDlAUcw,sterling-heights-michigan
https://www.ubereats.com/detroit/food-delivery/mcdonalds-dequindre-%26-big-beaver/HIg1wNReRAWMevo5gRqRSg,sterling-heights-michigan
https://www.ubereats.com/detroit/food-delivery/mr-miguels/VanG09XhR9Kno85zpopUZw,sterling-heights-michigan
https://www.ubereats.com/detroit/food-delivery/bismillah-kabob-n-curry-cafe/DwFmNIszRZuM17G_NLdRJg,sterling-heights-michigan
https://www.ubereats.com/detroit/food-delivery/baghdad-restaurant/qI68qCjxS1m04vW-66OANw,sterling-heights-michigan
https://www.ubereats.com/detroit/food-delivery/mr-bs-shelby/uH8w96EXSGiq315py6uQWQ,sterling-heights-michigan
https://www.ubereats.com/detroit/food-delivery/ihop-3132-rochester-road/B-xHV-VJS7S07Pqrtaig4g,sterling-heights-michigan
https://www.ubereats.com/detroit/food-delivery/dae-jang-keum-troy/vjFx9xk0Ty2TUTp20vPwag,sterling-heights-michigan
https://www.ubereats.com/detroit/food-delivery/haagen-dazs-shop-2800-west-big-beaver-rd-stex-343/ednxT0lMTmyZU-VEoM9FBA,sterling-heights-michigan
https://www.ubereats.com/detroit/food-delivery/arbys-2925-e-long-lake-rd/xBGgMtqGQ0GLde4W4EcHdw,sterling-heights-michigan
https://www.ubereats.com/detroit/food-delivery/las-tortugas-taqueria-market/gb6r3tudRNybtnzRQIOHIw,sterling-heights-michigan
https://www.ubereats.com/detroit/food-delivery/sweetwaters-coffee-%26-tea-lakeside-shelby/nu-kNLYuQ5yGwmThBXPGpA,sterling-heights-michigan
https://www.ubereats.com/detroit/food-delivery/auntie-annes-14000-lakeside-cir-spc-%23-1475/KnLJo4rfSd-Mp_hvRV7m5g,sterling-heights-michigan
https://www.ubereats.com/detroit/food-delivery/arbys-1835-e-twelve-mile-rd/Tgh3NLm5SxuqiSB3puSS9w,sterling-heights-michigan
https://www.ubereats.com/detroit/food-delivery/mcdonalds-gratiot-%26-martin/dfpgymNgTDKiGNGZfXH0Yg,sterling-heights-michigan
https://www.ubereats.com/detroit/food-delivery/tgi-fridays-2705-detroit-utica-mi/s2kB4puYTF2Zr3z2o9jfQA,sterling-heights-michigan
https://www.ubereats.com/detroit/food-delivery/sahara-mediterranean-grill-market-street/Z0lCtTbLTvmwXDJfyxGrgg,sterling-heights-michigan
