url,city
https://www.ubereats.com/sacramento/food-delivery/dennys-5033-s-hwy-99-e-frontage-rd/Mib95RFRSc28JEW04KnsGA,stockton-california
https://www.ubereats.com/sacramento/food-delivery/bjs-restaurant-%26-brewhouse-5733-pacific-ave/gNiIEa5CQiWY0kMtueee2A,stockton-california
https://www.ubereats.com/sacramento/food-delivery/jamba-juice-2829-w-march-lane-ste-c7/g0JBCfSdSPa0poe4XD4YBA,stockton-california
https://www.ubereats.com/sacramento/food-delivery/yum-yum-donuts-502-wilson-way/kedOZIWyQrmmPwILhPbuJQ,stockton-california
https://www.ubereats.com/sacramento/food-delivery/mcdonalds-310-s-center/JhPcH4FdSvSd7Hh6A_iWAg,stockton-california
https://www.ubereats.com/sacramento/food-delivery/long-john-silvers/nmhH7Sf8T0a_ExB7i9jW_A,stockton-california
https://www.ubereats.com/sacramento/food-delivery/raw-sushi-bistro-stockton/-5ULsz3aRouc4cXiB4LkPw,stockton-california
https://www.ubereats.com/sacramento/food-delivery/deli-delicious-4426-e-waterloo-rd-%23c/DTNd7BRhQFmFvKXUIlUWlA,stockton-california
https://www.ubereats.com/sacramento/food-delivery/subway-46-n-sutter-st/Caxy07TRRzeBFUfEmRpmwQ,stockton-california
https://www.ubereats.com/sacramento/food-delivery/dennys-4747-pacific-ave/_-ptj4PMQx-bUE2Y8wqrTw,stockton-california
https://www.ubereats.com/sacramento/food-delivery/east-n-west-chinese-cuisine/IJZW-XZmTPmXqSyDS7l8ng,stockton-california
https://www.ubereats.com/sacramento/food-delivery/pizza-guys-waterloo/SzTkMFDPQbO6Fx2sm1Hb3w,stockton-california
https://www.ubereats.com/sacramento/food-delivery/wienerschnitzel-130-w-harding-way/nvdA0JRvRVS7v8kG_pxxnA,stockton-california
https://www.ubereats.com/sacramento/food-delivery/go-falafel-greek-food/sq2UhnnFS6eWL8sNzsVHgg,stockton-california
https://www.ubereats.com/sacramento/food-delivery/chuck-e-cheese-6436-pacific-ave/qQrSO-G5QcqVOgp2F_EheQ,stockton-california
https://www.ubereats.com/sacramento/food-delivery/dream-ice-cream-parlor/rbxXokLuR1SgXN_EDhuxYQ,stockton-california
https://www.ubereats.com/sacramento/food-delivery/kfc-4450-east-waterloo-rd/C3tnN1TpT0COtp_FWa7OIw,stockton-california
https://www.ubereats.com/sacramento/food-delivery/popeyes-7567-pacific-ave/vP6SwCALQ5msjkGVrNdA7Q,stockton-california
https://www.ubereats.com/sacramento/food-delivery/pasquallys-pizza-%26-wings-6436-pacific-ave/B6fxrvQ_SF6ZM4pvmuvqNQ,stockton-california
https://www.ubereats.com/sacramento/food-delivery/halal-pizza/DO6TOj34TbSp-U6fyl7BDw,stockton-california
https://www.ubereats.com/sacramento/food-delivery/nations-giant-hamburgers-stockton/L0nQ5yzXQUacH18tS-1kvA,stockton-california
https://www.ubereats.com/sacramento/food-delivery/starbucks-hwy-99-%26-waterloo-stockton/Ee0IuTqBSuGFervVGwtY2Q,stockton-california
https://www.ubereats.com/sacramento/food-delivery/209-five-star-burger-stockton-ii/8HsD98JSTCGstBo6fIuyWw,stockton-california
https://www.ubereats.com/sacramento/food-delivery/kfc-4455-pacific-ave/PutepnhESMuhi-RY7AAsEg,stockton-california
https://www.ubereats.com/sacramento/food-delivery/jack-in-the-box-493-419-w-lodi/pPJDg_bETSCoPg1P0FyRRg,stockton-california
https://www.ubereats.com/sacramento/food-delivery/jack-in-the-box-4374-10858-trinity-park-way/d3eNAzP3RQWMTEjvYoyAng,stockton-california
https://www.ubereats.com/sacramento/food-delivery/taps-bar-n-grill/31yIykGnSe-oU5-QGKNzVA,stockton-california
https://www.ubereats.com/sacramento/food-delivery/ahipoki-bowl-stockton/mTq600wDSKCrxUE9RA8p-g,stockton-california
https://www.ubereats.com/sacramento/food-delivery/mountain-mikes-pizza/xHPmZ07sTYWSYXTCpvFZKQ,stockton-california
https://www.ubereats.com/sacramento/food-delivery/the-habit-burger-grill-2829-w-march-lane-suite-c-1/rSqr3Rb-SWGHn0xm6rDsSA,stockton-california
https://www.ubereats.com/sacramento/food-delivery/carls-jr-939-w-charter-way/ybRIcbCmRQS7EubSoEtrYw,stockton-california
https://www.ubereats.com/sacramento/food-delivery/mountain-mikes-pizza-2828-country-club-blvd/MCV7cuvzQgmt3vwpuImDxg,stockton-california
https://www.ubereats.com/sacramento/food-delivery/el-comal/XfKHlAT4T8OBBS39S8ZLDg,stockton-california
https://www.ubereats.com/sacramento/food-delivery/starbucks-pacific-%26-yokuts-stockton/fNP-mx6hSJeGzk9Xc98D2A,stockton-california
https://www.ubereats.com/sacramento/food-delivery/jack-in-the-box-565-3506-w-hammer-lane/7nrzaclBRA6WByypxnSpRg,stockton-california
https://www.ubereats.com/sacramento/food-delivery/chipotle-mexican-grill-10710-trinity-pkwy-ste-a/p-xSkBu4TFynM6YV5S98nA,stockton-california
https://www.ubereats.com/sacramento/food-delivery/fondita-elisa/3FYEC1CzTJy2gckiwSnjdw,stockton-california
https://www.ubereats.com/sacramento/food-delivery/cold-stone-creamery-115-w-elm-st/f48ICKuoRLi2k8L68HqZpw,stockton-california
https://www.ubereats.com/sacramento/food-delivery/alfalfas-pizza/dX5BtCSuT-miB9MbooHHQg,stockton-california
https://www.ubereats.com/sacramento/food-delivery/firehouse-subs-7860-west-lane-ste-b1/HgMU9WwVR8W9Ou6PveU-Yg,stockton-california
https://www.ubereats.com/sacramento/food-delivery/juice-it-up-2533-w-kettleman-ln/7nHG1mJjSyONbecjfCx3Zg,stockton-california
https://www.ubereats.com/sacramento/food-delivery/churchs-chicken-110-east-charter-way/iLd9zBFmSfuLJJ124ef5HA,stockton-california
https://www.ubereats.com/sacramento/food-delivery/mi-ranchito-cafe/4i36HgdwSv-3lvyHWI7__A,stockton-california
https://www.ubereats.com/sacramento/food-delivery/tacos-chapala/NHmuSix6S8GELQ2y9Ypb_Q,stockton-california
https://www.ubereats.com/sacramento/food-delivery/papa-murphys-7824-thornton-road/z4uZ7f2HQ76IJZLo2TR-Lw,stockton-california
https://www.ubereats.com/sacramento/food-delivery/togos-15600-s-harland-rd/u9o64VrpQEOp9umZTyEUjA,stockton-california
https://www.ubereats.com/sacramento/food-delivery/burger-king-4608-east-waterloo-road/aoUZb6X1RrGzRLUTlhTRzg,stockton-california
https://www.ubereats.com/sacramento/food-delivery/miguels-mexican-restaurant/LyM2wuapRr6pBH7nrngHPw,stockton-california
https://www.ubereats.com/sacramento/food-delivery/applebees-2442-w-kettleman-lane-%2376061/hb3A3iY_TjifKITc6a5Csg,stockton-california
https://www.ubereats.com/sacramento/food-delivery/jack-in-the-box-460-6200-pacific-ave/7WOvdIFfRQS4FvvQ0Ln9jw,stockton-california
https://www.ubereats.com/sacramento/food-delivery/wienerschnitzel-1107-west-march-lane/G5AQ0c9VTuCAfUmr_tKmGQ,stockton-california
https://www.ubereats.com/sacramento/food-delivery/jack-in-the-box-4370-733-wcharter-way/UzkOp2sqSr-DvI0nYvtHZg,stockton-california
https://www.ubereats.com/sacramento/food-delivery/deli-delicious-franchising-inc-2602-west-kettleman-lane-%23120/RTbxkn3qTuWcSoZvGIWnCQ,stockton-california
https://www.ubereats.com/sacramento/food-delivery/mcdonalds-1009-n-wilson-way/vQ38F5H8RrGZbq6eIqQe7Q,stockton-california
https://www.ubereats.com/sacramento/food-delivery/edible-arrangements-135-north-hunter-street/2_TzL6G2Rqasm_dzbUo2Eg,stockton-california
https://www.ubereats.com/sacramento/food-delivery/chicagos-pizza/9qRR64NxQIqqBPCXtgJ69A,stockton-california
https://www.ubereats.com/sacramento/food-delivery/l%26l-hawaiian-bbq-4555-n-pershing-ave/swnEDxxxT0iVazn_YFXISw,stockton-california
https://www.ubereats.com/sacramento/food-delivery/mcdonalds-1049-e-march-ln/Y1Bdn1lmQc2z5Q4PR26B5Q,stockton-california
https://www.ubereats.com/sacramento/food-delivery/subway-1687-n-california-st/OmdQlqdLREWiTvckCs4YvA,stockton-california
https://www.ubereats.com/sacramento/food-delivery/five-star-burger-stockton/K7gxrT0gTgSCcxZ36sbAVg,stockton-california
https://www.ubereats.com/sacramento/food-delivery/jack-in-the-box-534-2592-march-ln/GRgqbiHmQp-ibWl35H9wTg,stockton-california
https://www.ubereats.com/sacramento/food-delivery/taco-bell-3714-east-hammer-lane/iunF166IQzyOYD5S8XBQgQ,stockton-california
https://www.ubereats.com/sacramento/food-delivery/mcdonalds-611-w-charter-way/HlqA0JciSpaq4jX-xsqLzw,stockton-california
https://www.ubereats.com/sacramento/food-delivery/mcdonalds-4419-waterloo-road/J3U0C2JBSu2Bp0qJ_tqwlQ,stockton-california
https://www.ubereats.com/sacramento/food-delivery/jack-in-the-box-4406-1916-east-march-lane/28jhDpHUSbqugnegN3KzDQ,stockton-california
https://www.ubereats.com/sacramento/food-delivery/krispy-krunchy-chicken/tRaZt1dtQViBc0vX_VKLkQ,stockton-california
https://www.ubereats.com/sacramento/food-delivery/carls-jr-3205-w-hammer-lane/pv1oczLyTv6tPvUN4WIysg,stockton-california
https://www.ubereats.com/sacramento/food-delivery/dynasty-seafood-restaurant/bF2icYs1Si6nyBj0LD1GXQ,stockton-california
https://www.ubereats.com/sacramento/food-delivery/house-of-coffees/poIDqbjaSqqRigzAR2Gwng,stockton-california
https://www.ubereats.com/sacramento/food-delivery/jack-in-the-box-464-1504-pacific-ave/leyAnMPxTkW1Mf7lUMbmNQ,stockton-california
https://www.ubereats.com/sacramento/food-delivery/panda-express-616-w-hammer-ln-space-a/a2PpW3hxTD-2Zi0OLmh-Nw,stockton-california
https://www.ubereats.com/sacramento/food-delivery/dennys-642-west-charter-way/49C2h1kHSymONoOfwO2HDA,stockton-california
https://www.ubereats.com/sacramento/food-delivery/rays-chicken-%26-fish-mart/u39BEYMnQTKO8K4pIGCT7g,stockton-california
https://www.ubereats.com/sacramento/food-delivery/dennys-2670-w-march-lane/NPtGP8d0Qpyokbj3nMS0lA,stockton-california
https://www.ubereats.com/sacramento/food-delivery/carls-jr-2610-w-march-lane/G5UyVMOSTJOBCUiCzrpE-Q,stockton-california
https://www.ubereats.com/sacramento/food-delivery/casa-flores-mexican-restaurant/16apHZSZRRaUKnr-B_BcPw,stockton-california
https://www.ubereats.com/sacramento/food-delivery/finnegans-pub-and-grill/-GiNP3iUTm6WOi4oAW7uMQ,stockton-california
https://www.ubereats.com/sacramento/food-delivery/auntie-annes-5308-pacific-ave-%2330/RaJvMU7iRsuuRnrXP46aAQ,stockton-california
https://www.ubereats.com/sacramento/food-delivery/jack-in-the-box-920-e-hammer-ln/_cfEVlbhTaGqgusRoc5dgQ,stockton-california
https://www.ubereats.com/sacramento/food-delivery/subway-222-n-eldorado-st/DKiIozxTSomBWXUyQOMSxw,stockton-california
https://www.ubereats.com/sacramento/food-delivery/shirasoni-japanese-sushi-%26-steakhouse/WfU4vSpdR2eb1eEkSNp2pw,stockton-california
https://www.ubereats.com/sacramento/food-delivery/port-city-sports-bar-and-grill/jcVE761kRxiWxdD93BVRUQ,stockton-california
https://www.ubereats.com/sacramento/food-delivery/burger-king-1502-east-march-lane/tsBfWyDBRoaA1Vg4GVfh5g,stockton-california
https://www.ubereats.com/sacramento/food-delivery/wendys-3810-east-hammer-lane/stfzfMXKQhOkRSEPxxQ10A,stockton-california
https://www.ubereats.com/sacramento/food-delivery/starbucks-i-5-%26-benjamin-holt/rQ5ffc1tSgGW17xjaky6qA,stockton-california
https://www.ubereats.com/sacramento/food-delivery/wendys-725-west-hammer-lane/h57Pz2TATF-v-UZQy4lYRQ,stockton-california
https://www.ubereats.com/sacramento/food-delivery/jack-in-the-box-4301-2425-kettleman-ln/rzpjuAUVScG6RRD9Ymr5kw,stockton-california
https://www.ubereats.com/sacramento/food-delivery/fat-city-brew-%26-bbq/4XYWMdGBRNiXFM6LsLrfvQ,stockton-california
https://www.ubereats.com/sacramento/food-delivery/indian-taj-cuisine/T3SJXFDjQKiPZ0-56dqFdw,stockton-california
https://www.ubereats.com/sacramento/food-delivery/mimosas-cafe-stockton/xo0WOxCESpqz5XJJf5DBpw,stockton-california
https://www.ubereats.com/sacramento/food-delivery/taqueria-san-antonio/bOuLP7AlSRWQLwO4_gpenw,stockton-california
https://www.ubereats.com/sacramento/food-delivery/panda-express-15099-s-old-harlan-rd/Wd_TB--HQ5SYmVRK491VHg,stockton-california
https://www.ubereats.com/sacramento/food-delivery/kfc-1537-n-wilson-way/1vVxVNOgQcmUwziCQERFuQ,stockton-california
https://www.ubereats.com/sacramento/food-delivery/chicagos-pizza-with-a-twist/zqBoJzXdRiesS8n-WaIjnA,stockton-california
https://www.ubereats.com/sacramento/food-delivery/subway-4663-pacific-ave/ysxxh2_8RgSSG6meXrf6Ng,stockton-california
https://www.ubereats.com/sacramento/food-delivery/sweet-city-catering/0-4G6A69QhqZSuiDDyFi0Q,stockton-california
https://www.ubereats.com/sacramento/food-delivery/subway-678-n-wilson-way/eSXJJ3ejTGCNWZe5PBgYfg,stockton-california
https://www.ubereats.com/sacramento/food-delivery/kfc-2712-w-kettleman-lane/s65QhqZBR3SFB2lrIB_BLw,stockton-california
https://www.ubereats.com/sacramento/food-delivery/taqueria-carolina/lSMSHbehRxCQ2_slBgvLFA,stockton-california
https://www.ubereats.com/sacramento/food-delivery/yogurtland-5765-pacific-ave/tABN_onlTMqMYs-_IL5I7w,stockton-california
https://www.ubereats.com/sacramento/food-delivery/los-agaves-market/F7WLJsomRySoCigUtW-wnw,stockton-california
https://www.ubereats.com/sacramento/food-delivery/papa-murphys-2828-country-club-boulevard-%235/WJrCmt7ZQ52zeW64PJjHOw,stockton-california
https://www.ubereats.com/sacramento/food-delivery/mountain-mikes-pizza-678-n-wilson-way/CEuAiYDXRa-ICdL2t4JWwg,stockton-california
https://www.ubereats.com/sacramento/food-delivery/saigon-bowl-noodle-house/JrpVZvVcRSWQjqYl663nEQ,stockton-california
https://www.ubereats.com/sacramento/food-delivery/arteagas-food-center-lodi/KLGkQwqhSn20Kjazq24i6w,stockton-california
https://www.ubereats.com/sacramento/food-delivery/krispy-kreme-2809-west-march-lane/IfXSQ7FRTnebSD1eBH-nMw,stockton-california
https://www.ubereats.com/sacramento/food-delivery/cold-stone-creamery-874-w-benjamin-holt-dr/-jZCjn1RQlOX3mpeWroIsQ,stockton-california
https://www.ubereats.com/sacramento/food-delivery/la-baja-birrieria-tijuana/A5TdAU9XTqiJ9vdumHIigA,stockton-california
https://www.ubereats.com/sacramento/food-delivery/casa-flores-restaurant/m2EocUvBQK674uiHU3ld7w,stockton-california
https://www.ubereats.com/sacramento/food-delivery/burger-king-4571-north-pershing-avenue/V-TCnEqBRCGRfRwSnwr6MQ,stockton-california
https://www.ubereats.com/sacramento/food-delivery/cdmx/qSORDHsfT7uXX9SXgtdZFg,stockton-california
https://www.ubereats.com/sacramento/food-delivery/kick-ass-burgers/u_I2F7MjSxKg30ZlFkIKqA,stockton-california
https://www.ubereats.com/sacramento/food-delivery/restaurant-chapala/J5H5V9aoTkeoXbxE1oYArg,stockton-california
https://www.ubereats.com/sacramento/food-delivery/pho-lucky/D3cc5Pu-S6mSQHQ5mEFa0w,stockton-california
https://www.ubereats.com/sacramento/food-delivery/a%26w-3519-east-hammer-lane/hxmlUpq8QCa7uOyoR-Go8Q,stockton-california
https://www.ubereats.com/sacramento/food-delivery/del-taco-817-west-hammer-lane/QqKRxpXXQXWjf6_cw5Fxug,stockton-california
https://www.ubereats.com/sacramento/food-delivery/popeyes-4966-west-ln/idz_SL_HRqytVPpOMpgRjQ,stockton-california
https://www.ubereats.com/sacramento/food-delivery/mcdonalds-1423-n-center-st/dx9CeXLCT_uIMZGL6quPaw,stockton-california
https://www.ubereats.com/sacramento/food-delivery/kfc-3519-east-hammer-lane/F4L-c5ZfQ_eGbD0dD7hV1w,stockton-california
https://www.ubereats.com/sacramento/food-delivery/mr-pickles-sandwich-shop-lodi/yS-3dapTRTmdKS5jyz221w,stockton-california
https://www.ubereats.com/sacramento/food-delivery/209-five-star-burger-1/HHLDubCSTTyaxWoNmz7OAA,stockton-california
https://www.ubereats.com/sacramento/food-delivery/starbucks-el-dorado-%26-fremont/LVXeY8EATzSMmWydSdZZZg,stockton-california
https://www.ubereats.com/sacramento/food-delivery/boudin-5615-pacific-ave/_pM1adUlQRyokPq1ApDoCA,stockton-california
https://www.ubereats.com/sacramento/food-delivery/kfc-134-east-charter-way/LqrfSPRPQyKjCM4q8FibNw,stockton-california
https://www.ubereats.com/sacramento/food-delivery/red-lobster-2283-w-march-lane/aaBOpGAKRgCOaOuwhMLU-Q,stockton-california
https://www.ubereats.com/sacramento/food-delivery/a%26w-134-e-martin-luther-king-jr-blvd/oK5a5EsCToStHMBBvRyKpA,stockton-california
https://www.ubereats.com/sacramento/food-delivery/america-waffle/b71n6o8bSQSpChzC8Hrh4g,stockton-california
https://www.ubereats.com/sacramento/food-delivery/sun-king-chinese-restaurant/0cpSWf6FT4qW8ZGXCWXLNg,stockton-california
https://www.ubereats.com/sacramento/food-delivery/sonic-10354-trinity-parkway/q8et8XQPR3SAc-4-NQOOHA,stockton-california
https://www.ubereats.com/sacramento/food-delivery/krispy-krunchy-chicken-el-dorado/-Wc8hUekQaK3TZjm17mCVA,stockton-california
https://www.ubereats.com/sacramento/food-delivery/wendys-4431-e-waterloo-road/GQI6f59uTpiGfErGzUnAuA,stockton-california
https://www.ubereats.com/sacramento/food-delivery/quiznos-209-e-louise-ave/ZacqYuJuQIqJyHQjbdZuSQ,stockton-california
https://www.ubereats.com/sacramento/food-delivery/jamba-juice-201-lincoln-center/kTXJBa7zRiu3aFvfvkUkCg,stockton-california
https://www.ubereats.com/sacramento/food-delivery/mountain-mikes-pizza-1000-w-robinhood-dr/6hsdheImSI-pl6bumupLAw,stockton-california
https://www.ubereats.com/sacramento/food-delivery/el-pollo-loco-10506-trinity/JGI3Qm4sSiW10MATq4dhNQ,stockton-california
https://www.ubereats.com/sacramento/food-delivery/shogun-japanese-restaurant/HnpygJ89T1WQ2f-l_ZETWQ,stockton-california
https://www.ubereats.com/sacramento/food-delivery/friends-indian-restaurant/nD55plfrStyuVGa9Bg78aw,stockton-california
https://www.ubereats.com/sacramento/food-delivery/panda-express-1572-e-fremont-st/FUF1QS8-SR6i3yzGmzITyQ,stockton-california
https://www.ubereats.com/sacramento/food-delivery/papa-murphys-678-north-wilson-way-suite-38/lHTc0KKmTEO9wPsvHytexg,stockton-california
https://www.ubereats.com/sacramento/food-delivery/panda-express-5350-pacific-ave-space-j1/RXzyriN0RD64PxpIZ_hR_Q,stockton-california
https://www.ubereats.com/sacramento/food-delivery/the-omelet-house/yN2RE8b3T_mZr71rTL8wCQ,stockton-california
https://www.ubereats.com/sacramento/food-delivery/chipotle-mexican-grill-2310-tienda-dr-ste-200/pJjU-OEHTo6-dH86tNBzBg,stockton-california
https://www.ubereats.com/sacramento/food-delivery/carls-jr-820-w-kettleman-lane/RrjlWFk1RleTynOk5M78Yg,stockton-california
https://www.ubereats.com/sacramento/food-delivery/el-pollo-loco-1510-e-hammer/NeWni0J1RaejS01lww9NiA,stockton-california
https://www.ubereats.com/sacramento/food-delivery/micheladas-el-patron/XCclkpakRbi7-oD9yBClbg,stockton-california
https://www.ubereats.com/sacramento/food-delivery/starbucks-fremont-%26-wilson-stockton/Jf4dn3vSRGGxt1nGcPdYdQ,stockton-california
https://www.ubereats.com/sacramento/food-delivery/ruby-yogurt-%26-smoothies/KOP3uFilQnmRhelxNcDwHQ,stockton-california
https://www.ubereats.com/sacramento/food-delivery/subway-5620-n-pershing-ave/awNjRYvmQb26yQiI4C63KA,stockton-california
https://www.ubereats.com/sacramento/food-delivery/burger-king-702-north-wilson-way/MbvMt8o4SSmXBdiWeFCGVw,stockton-california
https://www.ubereats.com/sacramento/food-delivery/pieology-pizza-%26-wings-6627-pacific-ave/cnCr7bOcQwqTvSokjaDnBg,stockton-california
https://www.ubereats.com/sacramento/food-delivery/bambu/mwUa9BLiRx-QFc1VEHO9pg,stockton-california
https://www.ubereats.com/sacramento/food-delivery/mikeys/Hdkntj3sTOirAXsZAB1BUQ,stockton-california
https://www.ubereats.com/sacramento/food-delivery/mariscos-chinola/Oi_FteCYTumFEr8nugJkYw,stockton-california
https://www.ubereats.com/sacramento/food-delivery/ihop-2716-w-march-lane/ucpQYeeSTqKrD2JtLPzIuA,stockton-california
https://www.ubereats.com/sacramento/food-delivery/garlic-brothers-restaurant/ckkPmXp5Sy6eEYCg0m3a-Q,stockton-california
https://www.ubereats.com/sacramento/food-delivery/churchs-chicken-8023-west-lane/AQpeYXrXTxy5ulVJ8lHb5A,stockton-california
https://www.ubereats.com/sacramento/food-delivery/blaze-pizza-4950-pacific-ave/qWs87TL0RcWL8JecArTpNw,stockton-california
https://www.ubereats.com/sacramento/food-delivery/blaze-pizza-1537-lower-sacramento-road/sO_v2PuBQNWG9AyDZsgrGg,stockton-california
https://www.ubereats.com/sacramento/food-delivery/the-black-rabbit/6s_TL8r-SLOMnRIJq1vwpg,stockton-california
https://www.ubereats.com/sacramento/food-delivery/five-guys-ca-1172-5633-pacfic-ave/twRUg2lTRLCHI_7a9ARLFw,stockton-california
https://www.ubereats.com/sacramento/food-delivery/roros/dIhAPta1RY-PsiPV_BWXvg,stockton-california
https://www.ubereats.com/sacramento/food-delivery/krispy-krunchy-chicken-10878-n-hwy-99/ph5QUdi-TNS7KI4Svur6Jw,stockton-california
https://www.ubereats.com/sacramento/food-delivery/california-donuts-and-deli/DYKWg7huTf2Lf7Foq_50nQ,stockton-california
https://www.ubereats.com/sacramento/food-delivery/mcdonalds-2505-march-ln/Uvci9G6ORBqxIdGckJTSww,stockton-california
https://www.ubereats.com/sacramento/food-delivery/taco-bell-5115-west-lane/6VFd8xnfSpaL4tDjIcAjWA,stockton-california
https://www.ubereats.com/sacramento/food-delivery/applebees-2659-w-march-lane-%2376063/GW0se31MQXigSs8bDVeyjw,stockton-california
https://www.ubereats.com/sacramento/food-delivery/burgerim-ordermark/XLiYd3I7QYaIGIqopOSjBQ,stockton-california
https://www.ubereats.com/sacramento/food-delivery/ihop-1230-w-kettleman-lane/B4hwAUOsQyqysD_3c3jyog,stockton-california
https://www.ubereats.com/sacramento/food-delivery/el-torito-2593-march-lane/5cAyKbCkSvyR0SS6RcJhcQ,stockton-california
https://www.ubereats.com/sacramento/food-delivery/sweetbot-cafe/YV_Q7nRJQ0qjUizLzKQg8g,stockton-california
https://www.ubereats.com/sacramento/food-delivery/fats-grill-%26-bar/Mo1xrZhiT32DoT1ck0X3AQ,stockton-california
https://www.ubereats.com/sacramento/food-delivery/subway-2353-pacific-ave/FIdyXo23Tl2Q58VYcD2MOw,stockton-california
https://www.ubereats.com/sacramento/food-delivery/deli-delicious-1217-w-march-ln/EOuSwaRpR8OOivSVCrq60w,stockton-california
https://www.ubereats.com/sacramento/food-delivery/g-squad-nutrition/AvTF03vnQA-538ccqlJODA,stockton-california
https://www.ubereats.com/sacramento/food-delivery/subway-1540-e-march-ln/nldA9K64TxCex4Mcfk_u8g,stockton-california
https://www.ubereats.com/sacramento/food-delivery/buffalo-wild-wings-4751-pacific-ave/cds8ofJ4QLa3Egy_29OaZw,stockton-california
https://www.ubereats.com/sacramento/food-delivery/pizza-guys-plymouth/j5X7-rZSR02IcguHCFu0TQ,stockton-california
https://www.ubereats.com/sacramento/food-delivery/rubios-restuarants-5779-pacific-avenue-suite-105/OrGw2m2fSs6uWaWhU00AUw,stockton-california
https://www.ubereats.com/sacramento/food-delivery/taco-bell-4327-east-highway-88/nXWWVwR6QTa1IOzmRhd-oA,stockton-california
https://www.ubereats.com/sacramento/food-delivery/panera-4932-pacific-avenue/II-qjIGMT96pCE6hAlLXqw,stockton-california
https://www.ubereats.com/sacramento/food-delivery/mcdonalds-4515-pacific-ave/MPAy39_UR4aYpC0DIXFiCw,stockton-california
https://www.ubereats.com/sacramento/food-delivery/ihop-1674-e-hammer-ln/hXvydYlwRPiJpz26rhYv1g,stockton-california
https://www.ubereats.com/sacramento/food-delivery/el-pollo-loco-378-n-wilson-way/5HNqGmVMQRmk5MV1cYQmjw,stockton-california
https://www.ubereats.com/sacramento/food-delivery/zacsushi/7wFNebmyQgKhJq7-hQBdaA,stockton-california
https://www.ubereats.com/sacramento/food-delivery/desi-grill/QHhrTuJhRgaKSVfeAwa3TQ,stockton-california
https://www.ubereats.com/sacramento/food-delivery/mcdonalds-8020-lower-sacramento-rd/jAmI-cXlSIWtWfFAZjrFYA,stockton-california
https://www.ubereats.com/sacramento/food-delivery/carls-jr-6301-w-banner-rd/reBQqgU4SiKMrqiv5NtMhw,stockton-california
https://www.ubereats.com/sacramento/food-delivery/california-burrito-lodi/wld1l0iDTzi6BF2TrnPIcQ,stockton-california
https://www.ubereats.com/sacramento/food-delivery/carls-jr-7432-pacific-ave/mTGfrX9WSiqpAizAl4k2QQ,stockton-california
https://www.ubereats.com/sacramento/food-delivery/wings-omg!/lNNwdl6KT1GpK8UJKzXiNQ,stockton-california
https://www.ubereats.com/sacramento/food-delivery/bon-mange/96pTVqyJTsKBFlYGAaMxyg,stockton-california
https://www.ubereats.com/sacramento/food-delivery/starbucks-hammer-%26-west-stockton/gwVBAwmJS2GRWcRxgiLH9g,stockton-california
https://www.ubereats.com/sacramento/food-delivery/yum-yum-donuts-544-e-charter-way/1LBUS3u-StK_H_jJx7f2Kg,stockton-california
https://www.ubereats.com/sacramento/food-delivery/sk-donuts/o6JPPWgbSLy-YRPoEOCJ0A,stockton-california
https://www.ubereats.com/sacramento/food-delivery/chipotle-mexican-grill-4940-pacific-ave/3NnjquAxR_-Bp5RjVEJIXQ,stockton-california
https://www.ubereats.com/sacramento/food-delivery/ragin-cajun/GiaEbwWfRdKHHPuin1mfww,stockton-california
https://www.ubereats.com/sacramento/food-delivery/ikes-love-%26-sandwiches/zRnS9P2LRQSdl6wtYsnPTQ,stockton-california
https://www.ubereats.com/sacramento/food-delivery/togos-1433-w-march-ln/i8CVRtQPSBOCeb2-ifoKzQ,stockton-california
https://www.ubereats.com/sacramento/food-delivery/chipotle-mexican-grill-2601-reynolds-ranch-pkwy/nh8uqdJiR6-5KAi0CRfwmQ,stockton-california
https://www.ubereats.com/sacramento/food-delivery/mr-sibs/wI143hvvTxC187DR54yz4g,stockton-california
https://www.ubereats.com/sacramento/food-delivery/a%26w-4450-east-waterloo-rd/wzvmSfbQRlWEiBSTeljWRQ,stockton-california
https://www.ubereats.com/sacramento/food-delivery/el-pollo-loco-224-w-kettleman-ln/3ZmuJ1SxTFWX6CRcShEGPQ,stockton-california
https://www.ubereats.com/sacramento/food-delivery/inspire-coffee/jqsxsqajSXup12IfAR0fMg,stockton-california
https://www.ubereats.com/sacramento/food-delivery/buffalo-wild-wings-1537-s-lower-sacramento-rd-%23-100/NmRf7weWQ1Smt470qZgu6g,stockton-california
https://www.ubereats.com/sacramento/food-delivery/sizzler-1862-e-hammer-ln/ZzQoW3ArSG-9ZT3c7jcg0A,stockton-california
https://www.ubereats.com/sacramento/food-delivery/taco-bell-2380-w-kettleman-ln/tebPGsGLSNWbvYZcnKu0pA,stockton-california
https://www.ubereats.com/sacramento/food-delivery/subway-2828-country-club-plaza/vRsbnlYPQZ26kzZoDpskdA,stockton-california
https://www.ubereats.com/sacramento/food-delivery/squeeze-burger/KRmLb_AvSpev1itGXelh3A,stockton-california
https://www.ubereats.com/sacramento/food-delivery/burger-king-619-west-charter-way/weRN9gV2S-6t0MPVnB-UPg,stockton-california
https://www.ubereats.com/sacramento/food-delivery/central/Bm_LeTQbT-COYXe3XlZuzQ,stockton-california
https://www.ubereats.com/sacramento/food-delivery/adalbertos-mexican-food-stockton-ca/9B9iKJUHQkSOohk0uJE0vw,stockton-california
https://www.ubereats.com/sacramento/food-delivery/bonchon-chicken-7840-west-ln/i0392rtQSdGJ-nnqpHVe4w,stockton-california
https://www.ubereats.com/sacramento/food-delivery/fruitful-juice-co/8sKSs4EOR8W5g-ATJNXD5A,stockton-california
https://www.ubereats.com/sacramento/food-delivery/carls-jr-1535-e-hammer-lane/dx_X40O9SU2zFNm9uPvhQQ,stockton-california
https://www.ubereats.com/sacramento/food-delivery/nenas-restaurant/mWPgwsTfSaOl055errUhzA,stockton-california
https://www.ubereats.com/sacramento/food-delivery/kfc-3264-west-hammer-lane/yC9PariiQA6esPaOv1vrbw,stockton-california
https://www.ubereats.com/sacramento/food-delivery/romanos-macaroni-grill-5420-pacific-ave/vWLTAdDBS_u-HwlMnA_fJA,stockton-california
https://www.ubereats.com/sacramento/food-delivery/payters/N8QL-9oxS768KhA9AVZd9w,stockton-california
https://www.ubereats.com/sacramento/food-delivery/cast-iron-trading-co/siXnSUzURnG1OmpqKYeU4w,stockton-california
https://www.ubereats.com/sacramento/food-delivery/mountain-mikes-pizza-3526-manthey-rd/C49AAU97S7y_DNHl8H2Rlg,stockton-california
https://www.ubereats.com/sacramento/food-delivery/deli-delicious-lathrop-ca/Cx2MHXjHQOqkgahzN9h66A,stockton-california
https://www.ubereats.com/sacramento/food-delivery/papa-murphys-3322-east-hammer-lane-ste-h/HS4CFt1uRsqLdN1NiOG09A,stockton-california
