url,city
https://www.ubereats.com/nyc-suburbs/food-delivery/haitian-restaurant/_4yU1jWRTaSxLAF92SJjCQ,suffern-new-york
https://www.ubereats.com/nyc-suburbs/food-delivery/superjuice-nation/Ivjmc_-2Rqml9Q_EcDEEDA,suffern-new-york
https://www.ubereats.com/nyc-suburbs/food-delivery/ny-pizza/xvXnCmmnS4ae0NLWCtvx0Q,suffern-new-york
https://www.ubereats.com/new-jersey/food-delivery/chestnut-ridge-hot-bagels/z39s3NbjRc253kghzENnMg,suffern-new-york
https://www.ubereats.com/nyc-suburbs/food-delivery/starbucks-mahwah-rt-17/EtWVySgrSOiQbVeFwxyyCw,suffern-new-york
https://www.ubereats.com/nyc-suburbs/food-delivery/majestic-diner/a0ZZwOazTT2t_ZgBVo74Pg,suffern-new-york
https://www.ubereats.com/nyc-suburbs/food-delivery/dunkin-233-n-franklin-turnpike/TUPZpcIiQW6_tNQZ-qWevA,suffern-new-york
https://www.ubereats.com/nyc-suburbs/food-delivery/ess-n-bench/5lbxedi4QDOUA3h171Bs7Q,suffern-new-york
https://www.ubereats.com/new-jersey/food-delivery/allendale-corner-cafe/OoCqylckSrq27lPzCHReZQ,suffern-new-york
https://www.ubereats.com/nyc-suburbs/food-delivery/little-caesars-288-north-main-st/_4AIl-frQUqy7G6W8Hsd9w,suffern-new-york
https://www.ubereats.com/nyc-suburbs/food-delivery/alfredos-pizza/c17WOVkJQWanmd9cb7VLqQ,suffern-new-york
https://www.ubereats.com/nyc-suburbs/food-delivery/friendlys-441-hillsdale-ave/fekHDizwTQC4YqrMGUHSZQ,suffern-new-york
https://www.ubereats.com/nyc-suburbs/food-delivery/bagel-for-life-%26-gourmet-deli/vWvt50nASdGm_45EbGbZxg,suffern-new-york
https://www.ubereats.com/nyc-suburbs/food-delivery/adaraka-indian-kitchen-and-bar/NFsCfJmVQaiRkG8QeiZj_g,suffern-new-york
https://www.ubereats.com/new-jersey/food-delivery/dera-restaurant/JwbUkbejTPuqsFlVy-8vxA,suffern-new-york
https://www.ubereats.com/new-jersey/food-delivery/dunkin-115-franklin-tpke/Y76qOH6-S8axLzEo6IdcRw,suffern-new-york
https://www.ubereats.com/nyc-suburbs/food-delivery/morning-dew-cafe/3ZaPL0Y4TeWe6joUiQxIIA,suffern-new-york
https://www.ubereats.com/nyc-suburbs/food-delivery/moes-southwest-grill-380-ridge-rd/5yoZEkGvTYKgrxNW7kKPPw,suffern-new-york
https://www.ubereats.com/nyc-suburbs/food-delivery/davids-bagels/yKIghrI1RtagWXAuXqgUZg,suffern-new-york
https://www.ubereats.com/nyc-suburbs/food-delivery/say-cheese-express-kosher-pizza/2cbNhRkrQYKsqJXRPrT2rQ,suffern-new-york
https://www.ubereats.com/nyc-suburbs/food-delivery/mills-late-night/UWk-2qGqRxmg-x1Ddzj9TA,suffern-new-york
https://www.ubereats.com/nyc-suburbs/food-delivery/koi-21-japanese-cuisine/xHdVSvkASQqlRLXM2eW_aA,suffern-new-york
https://www.ubereats.com/nyc-suburbs/food-delivery/jersey-mikes-subs-557-north-franklin-turnpike/MjeXqvXjTDakqPrG-q5Lzg,suffern-new-york
https://www.ubereats.com/new-jersey/food-delivery/le-brick/2HU658i1SQi0m9BRYx7GLg,suffern-new-york
https://www.ubereats.com/nyc-suburbs/food-delivery/pancakes-plus/O0BsA4hNRUyKRXGFM40HlA,suffern-new-york
https://www.ubereats.com/nyc-suburbs/food-delivery/glaubers/dkccz0yrRs-C2xM0EowGyw,suffern-new-york
https://www.ubereats.com/new-jersey/food-delivery/anthonys-coal-fired-pizza-984-state-rt-17/if1RSgJWReG3iVpBFcDjqg,suffern-new-york
https://www.ubereats.com/new-jersey/food-delivery/nussys-cuisine/EHwQ7JbNRyqn52IXW2zRVg,suffern-new-york
https://www.ubereats.com/nyc-suburbs/food-delivery/le-brick/2HU658i1SQi0m9BRYx7GLg,suffern-new-york
https://www.ubereats.com/nyc-suburbs/food-delivery/dunkin-775-state-rt-17-s/-d9_YiLLQ6eHxMCnY0sSYA,suffern-new-york
https://www.ubereats.com/nyc-suburbs/food-delivery/dunkin-794-franklin-ave/5E9mii-bSVu1c3ZbmzvLTA,suffern-new-york
https://www.ubereats.com/new-jersey/food-delivery/georgy-gyros/mrZA28PeT765XvPs61izUA,suffern-new-york
https://www.ubereats.com/new-jersey/food-delivery/jays-thai-kitchen/aAEG0ayhTk6HXNHhiSSIPQ,suffern-new-york
https://www.ubereats.com/nyc-suburbs/food-delivery/the-village-grille/5HJ85RMXTlepp1ynORWMJA,suffern-new-york
https://www.ubereats.com/new-jersey/food-delivery/primohoagies-320-ridge-road/HaXzT8akThOLwmyO-GSHcQ,suffern-new-york
https://www.ubereats.com/new-jersey/food-delivery/jersey-mikes-subs-191-w-route-59/PFk-OyfeS2SSlX97pdyhmw,suffern-new-york
https://www.ubereats.com/nyc-suburbs/food-delivery/dunkin-926-state-rt-17-north/em5y1BQaSRCsbnKrY9G-pw,suffern-new-york
https://www.ubereats.com/nyc-suburbs/food-delivery/bareburger-455-chestnut-ridge-rd/BkPCYrRLTLakPOLyfRkCAg,suffern-new-york
https://www.ubereats.com/new-jersey/food-delivery/adaraka-indian-kitchen-%26-bar/vcr8oqsYQ3G-WgR1J-lvgA,suffern-new-york
https://www.ubereats.com/new-jersey/food-delivery/bradys-at-the-station-w-main-st/zHsWqr5BQlOW12HFI7E6rg,suffern-new-york
https://www.ubereats.com/nyc-suburbs/food-delivery/sushi-bleu-%40-rockland-kosher-supermarket/RxXSKukvTRebRQJX8j7rkA,suffern-new-york
https://www.ubereats.com/nyc-suburbs/food-delivery/bradys-at-the-station-w-main-st/zHsWqr5BQlOW12HFI7E6rg,suffern-new-york
https://www.ubereats.com/nyc-suburbs/food-delivery/502-shannon-rose-ramsey-1200-route-17n/rgq9KZsJSqSmgEDrvjAL0A,suffern-new-york
https://www.ubereats.com/nyc-suburbs/food-delivery/food-mart-usa/gjvyxDqaS6qDgDnGEFyI6g,suffern-new-york
https://www.ubereats.com/nyc-suburbs/food-delivery/103-prime-at-valentinos/vCzgR5O0R0SNbL6fr3jxCw,suffern-new-york
https://www.ubereats.com/nyc-suburbs/food-delivery/opa-breakfast-%26-sandwich-shop/XZKCTGaqQ3KWd2LHCZW4rA,suffern-new-york
https://www.ubereats.com/nyc-suburbs/food-delivery/congers-diner/XmUvubmZT6eFQA5kfshYMg,suffern-new-york
https://www.ubereats.com/new-jersey/food-delivery/fortune-garden-restaurant/1UFm49TNQr-InAeWM2sCBw,suffern-new-york
https://www.ubereats.com/nyc-suburbs/food-delivery/burger-king-259-route-59/swO8E2YjRHmBL7F6GL1skg,suffern-new-york
https://www.ubereats.com/nyc-suburbs/food-delivery/catchy-cafe/H2meclGET8eVNlNGeYSxlw,suffern-new-york
https://www.ubereats.com/nyc-suburbs/food-delivery/papa-johns-75-main-street/pOYOXW3OTIGsnYfbfGiqtg,suffern-new-york
https://www.ubereats.com/nyc-suburbs/food-delivery/bombay-grill/qCzzIcUdRDKn5yTFejtcwg,suffern-new-york
https://www.ubereats.com/nyc-suburbs/food-delivery/monsey-take-out/a6SANTchSlmiNhKtihgDLA,suffern-new-york
https://www.ubereats.com/nyc-suburbs/food-delivery/jersey-mikes-subs-300-godwin-avenue/p1M6lYNXRY6LZaGY3-NiDQ,suffern-new-york
https://www.ubereats.com/nyc-suburbs/food-delivery/pizzaiolo-by-brothers/CwRK28lJTCGElT5ez8rGRA,suffern-new-york
https://www.ubereats.com/nyc-suburbs/food-delivery/popeyes-175-route-59/JwxovfCcSvOQPkGH7Ooe7g,suffern-new-york
https://www.ubereats.com/nyc-suburbs/food-delivery/italian-riviera/xixWGKM0T0aOcRFx9I1bMw,suffern-new-york
https://www.ubereats.com/nyc-suburbs/food-delivery/hava-java-wesley-hills/99B9toBXSwKQ7dPv2z-JbA,suffern-new-york
https://www.ubereats.com/nyc-suburbs/food-delivery/chipotle-mexican-grill-1255-state-rt-17-unit-3/SZ8RMXvgSnWZj_LpA1F1Ug,suffern-new-york
https://www.ubereats.com/nyc-suburbs/food-delivery/dunkin-115-franklin-tpke/Y76qOH6-S8axLzEo6IdcRw,suffern-new-york
https://www.ubereats.com/nyc-suburbs/food-delivery/starbucks-suffern/CSN_US9NTEmvDxUbFoTRtA,suffern-new-york
https://www.ubereats.com/nyc-suburbs/food-delivery/limoncello-restaurant/nf29mff4SkmVq3cGfVWWvQ,suffern-new-york
https://www.ubereats.com/nyc-suburbs/food-delivery/mandarin-restaurant/MfiCF_3xQ8mkpMC_Ri4zeg,suffern-new-york
https://www.ubereats.com/nyc-suburbs/food-delivery/jays-thai-kitchen/aAEG0ayhTk6HXNHhiSSIPQ,suffern-new-york
https://www.ubereats.com/new-jersey/food-delivery/jersey-mikes-subs-300-godwin-avenue/p1M6lYNXRY6LZaGY3-NiDQ,suffern-new-york
https://www.ubereats.com/nyc-suburbs/food-delivery/kumo-sushi/w2HZXetuR5Og0htkLqgISg,suffern-new-york
https://www.ubereats.com/new-jersey/food-delivery/mills-late-night/UWk-2qGqRxmg-x1Ddzj9TA,suffern-new-york
https://www.ubereats.com/nyc-suburbs/food-delivery/bjs-restaurant-%26-brewhouse-1119-fashion-drive/RnVFfiPWSEycYoF9ovue1Q,suffern-new-york
https://www.ubereats.com/nyc-suburbs/food-delivery/garden-deli-west-haverstraw/miEMs1mlT4miHarmFhSXUQ,suffern-new-york
https://www.ubereats.com/nyc-suburbs/food-delivery/burger-king-385-route-17-north/EMq1XbeSTMGZim8KhJ_nEg,suffern-new-york
https://www.ubereats.com/nyc-suburbs/food-delivery/chick-n-chuck/9HSSmaKfTCGWaMkLAfgVlg,suffern-new-york
https://www.ubereats.com/nyc-suburbs/food-delivery/primohoagies-320-ridge-road/HaXzT8akThOLwmyO-GSHcQ,suffern-new-york
https://www.ubereats.com/new-jersey/food-delivery/challah-fairy/5ViEiuL1QtemdFztk4yaCw,suffern-new-york
https://www.ubereats.com/nyc-suburbs/food-delivery/achla!/STyuu9irRQykSW41gwzLUw,suffern-new-york
https://www.ubereats.com/new-jersey/food-delivery/haitian-restaurant/_4yU1jWRTaSxLAF92SJjCQ,suffern-new-york
https://www.ubereats.com/nyc-suburbs/food-delivery/306-southern-bbq/L1GaTtI1Qnusf1Yy2v5i2g,suffern-new-york
https://www.ubereats.com/new-jersey/food-delivery/wingburgers/T-EsS4BBTriJVztVtZmsXQ,suffern-new-york
https://www.ubereats.com/nyc-suburbs/food-delivery/dunkin-14-north-airmont-rd/UxuwRaKiQB2F_j8uvkMtzA,suffern-new-york
https://www.ubereats.com/new-jersey/food-delivery/bombay-grill/qCzzIcUdRDKn5yTFejtcwg,suffern-new-york
https://www.ubereats.com/nyc-suburbs/food-delivery/mcdonalds-846-rt-17-n/G7VhKS1lS6mAIZvk3RbjSg,suffern-new-york
https://www.ubereats.com/nyc-suburbs/food-delivery/rella-cafe/mJ9fV884SGyX8DiaiU1mRQ,suffern-new-york
https://www.ubereats.com/nyc-suburbs/food-delivery/bon-appetit/VsFB4LGeSBudnBzTJkdVhA,suffern-new-york
https://www.ubereats.com/nyc-suburbs/food-delivery/kfc-taco-bell-w-rt-59/gEeuyFedRZeFWwxSxrEvdw,suffern-new-york
https://www.ubereats.com/nyc-suburbs/food-delivery/playa-bowls-franklin-lakes/py_VzK_EQIGEkdSTtwdNXw,suffern-new-york
https://www.ubereats.com/nyc-suburbs/food-delivery/first-watch-38-farm-view/LeTmc9rGTQGH2Z128yi_nw,suffern-new-york
https://www.ubereats.com/nyc-suburbs/food-delivery/elmers-country-store/RP3qrngkS-W6BiXq1--BWg,suffern-new-york
https://www.ubereats.com/nyc-suburbs/food-delivery/five-guys-nj-1503-1300-rt-17-n/8wut-5kCRjCVstz402s9GQ,suffern-new-york
https://www.ubereats.com/nyc-suburbs/food-delivery/bonchon-chicken-17-central-ave/Ti0gcOUIR8-nQ5cSUfVFLg,suffern-new-york
https://www.ubereats.com/new-jersey/food-delivery/dunkin-288-n-main-st/kqFaWlYMQTOdTkVcz-0IGg,suffern-new-york
https://www.ubereats.com/new-jersey/food-delivery/monsey-kosher-take-out/4mEYv5TbQ-2QTpw1e1Ft2A,suffern-new-york
https://www.ubereats.com/nyc-suburbs/food-delivery/airmont-eats/IoD7y7-yTRacxbR7bGPM8g,suffern-new-york
https://www.ubereats.com/new-jersey/food-delivery/kosher-heaven-at-7-11/Eb3P59xERvig2Y0rEmNZKg,suffern-new-york
https://www.ubereats.com/nyc-suburbs/food-delivery/sarinas-afghan-cuisine/kNRAFYQYRyaGsIBUMkFJeA,suffern-new-york
https://www.ubereats.com/new-jersey/food-delivery/aunt-delis-cafe-deli-eats-%26-treats/-7Tej46aT9OnCTTYg4g9zQ,suffern-new-york
https://www.ubereats.com/nyc-suburbs/food-delivery/burger-king-41-franklin-turnpike/bilsZHZ4Stqm5uaMZt0ocw,suffern-new-york
https://www.ubereats.com/nyc-suburbs/food-delivery/tulsi-fine-indian-cuisine/jp0MN_X1ScGfNfZTDfJG0A,suffern-new-york
https://www.ubereats.com/nyc-suburbs/food-delivery/kfc-taco-bell-rt-17-n/AGvav3kqS0qJblZZ8DY2Dg,suffern-new-york
https://www.ubereats.com/nyc-suburbs/food-delivery/lotitos-deli-and-bakery/3dbEaCtMTmG4djJi4A5ryA,suffern-new-york
https://www.ubereats.com/nyc-suburbs/food-delivery/sazone-american-and-latin-fusion/6yyeq5IPQiKANWMlNSMjFw,suffern-new-york
https://www.ubereats.com/new-jersey/food-delivery/healthy-bites-of-suffern/RB3i1k_7Sc68K53JD9Mh8g,suffern-new-york
https://www.ubereats.com/nyc-suburbs/food-delivery/dunkin-270-route-59/aCtmpIRHSqefoC8aOxJang,suffern-new-york
https://www.ubereats.com/new-jersey/food-delivery/poke-zone/EVsaG6p1RhGrm8ADdPOBMg,suffern-new-york
https://www.ubereats.com/new-jersey/food-delivery/opa-breakfast-%26-sandwich-shop/XZKCTGaqQ3KWd2LHCZW4rA,suffern-new-york
https://www.ubereats.com/nyc-suburbs/food-delivery/d%26d-gourmet-deli/xFwp79QJRaSQ8njm1e9RRA,suffern-new-york
https://www.ubereats.com/new-jersey/food-delivery/garden-deli-west-haverstraw/miEMs1mlT4miHarmFhSXUQ,suffern-new-york
https://www.ubereats.com/nyc-suburbs/food-delivery/off-the-hook-of-haverstraw/vlkZtt1BTFKKjSsJfBZLAQ,suffern-new-york
https://www.ubereats.com/nyc-suburbs/food-delivery/cho-cho-san-sushi-%26-hibachi/yPqMXlyGRK6TxsQg6pD28A,suffern-new-york
https://www.ubereats.com/new-jersey/food-delivery/superjuice-nation/Ivjmc_-2Rqml9Q_EcDEEDA,suffern-new-york
https://www.ubereats.com/nyc-suburbs/food-delivery/smashburger-211-w-route-59/5nJVA_3eTOaAOSn3v7-Pwg,suffern-new-york
https://www.ubereats.com/nyc-suburbs/food-delivery/dunkin-288-n-main-st/kqFaWlYMQTOdTkVcz-0IGg,suffern-new-york
https://www.ubereats.com/nyc-suburbs/food-delivery/simply-sushi-airmont/P3krWcCzTXGWfHWeUB7fmw,suffern-new-york
https://www.ubereats.com/nyc-suburbs/food-delivery/noches-de-colombia-nanuet-ny/K0qpxVzjTmiKiNttp6z-zg,suffern-new-york
https://www.ubereats.com/nyc-suburbs/food-delivery/burger-king-160-spring-valley-marktplace/XvP4vJOMRIaSqMGlif9Urg,suffern-new-york
https://www.ubereats.com/nyc-suburbs/food-delivery/shaking-crab-nanuet/cWGSeRh1SF6N9YiQ1ozaCw,suffern-new-york
https://www.ubereats.com/nyc-suburbs/food-delivery/sabor-dominicano-deli/58-nObrBRL6W-Z3DeihmJQ,suffern-new-york
https://www.ubereats.com/new-jersey/food-delivery/d%26d-gourmet-deli/xFwp79QJRaSQ8njm1e9RRA,suffern-new-york
https://www.ubereats.com/nyc-suburbs/food-delivery/pf-changs-1125-fashion-dr/LvLmc2NVRS-DUkNCvL3alg,suffern-new-york
https://www.ubereats.com/nyc-suburbs/food-delivery/longfellows-coffee-mahwah/x0yYkZgGQ8WlZMfk-_-m3A,suffern-new-york
https://www.ubereats.com/nyc-suburbs/food-delivery/blueberry-frozen-yogurt/LTZGJT9_RVG6Fjzyql8L-g,suffern-new-york
https://www.ubereats.com/nyc-suburbs/food-delivery/namaste-india/GmABeC7NQHCGOJUOjCxTWQ,suffern-new-york
https://www.ubereats.com/new-jersey/food-delivery/off-the-hook-of-haverstraw/vlkZtt1BTFKKjSsJfBZLAQ,suffern-new-york
https://www.ubereats.com/nyc-suburbs/food-delivery/bagel-boys/PQKSdKAsR_ifrAyrpVkApA,suffern-new-york
https://www.ubereats.com/nyc-suburbs/food-delivery/ihop-40-spring-valley-market-place/pcrOzeSYSd-Hk0jfcW9_yQ,suffern-new-york
https://www.ubereats.com/nyc-suburbs/food-delivery/state-line-diner/svKXnj3lTSe5NMXe463Zkg,suffern-new-york
https://www.ubereats.com/new-jersey/food-delivery/subway-296-5-route-59/SuN9XCoNRUGrY4GWt7cAZw,suffern-new-york
https://www.ubereats.com/new-jersey/food-delivery/peshawri-grill/qEFaEbDPRuSksk_CloNjlQ,suffern-new-york
https://www.ubereats.com/nyc-suburbs/food-delivery/red-lobster-198-west-route-59/f65eeOWuSAiVfAanVVFJJw,suffern-new-york
https://www.ubereats.com/new-jersey/food-delivery/state-line-diner/svKXnj3lTSe5NMXe463Zkg,suffern-new-york
https://www.ubereats.com/new-jersey/food-delivery/playa-bowls-franklin-lakes/py_VzK_EQIGEkdSTtwdNXw,suffern-new-york
https://www.ubereats.com/nyc-suburbs/food-delivery/sushigo/GF7YmP9LRc2P3IVqRwEbrw,suffern-new-york
https://www.ubereats.com/nyc-suburbs/food-delivery/naru-sushi-hibachi/cq6Y1dHxSEa1IJfudYzeXA,suffern-new-york
https://www.ubereats.com/new-jersey/food-delivery/italian-riviera/xixWGKM0T0aOcRFx9I1bMw,suffern-new-york
https://www.ubereats.com/new-jersey/food-delivery/starbucks-suffern/CSN_US9NTEmvDxUbFoTRtA,suffern-new-york
https://www.ubereats.com/new-jersey/food-delivery/maguro-sushi-house/i0WFlIHdQTWjSNs2mBOviQ,suffern-new-york
https://www.ubereats.com/nyc-suburbs/food-delivery/burger-king-259-franklin-turnpike/xNqJ9gFFReaAleMqK4Q7KQ,suffern-new-york
https://www.ubereats.com/nyc-suburbs/food-delivery/casa-del-mar/X_jfWL8GTsC6i_lylmPTOQ,suffern-new-york
https://www.ubereats.com/new-jersey/food-delivery/nirvana-indian-kitchen/MYIrl7BFSlGpD9TjsMFRnA,suffern-new-york
https://www.ubereats.com/new-jersey/food-delivery/achla!/STyuu9irRQykSW41gwzLUw,suffern-new-york
https://www.ubereats.com/new-jersey/food-delivery/majestic-diner/a0ZZwOazTT2t_ZgBVo74Pg,suffern-new-york
https://www.ubereats.com/nyc-suburbs/food-delivery/threefold-cafe/N7y2gUP1Sw29upKHT_wnmA,suffern-new-york
https://www.ubereats.com/new-jersey/food-delivery/bagel-for-life-%26-gourmet-deli/vWvt50nASdGm_45EbGbZxg,suffern-new-york
https://www.ubereats.com/new-jersey/food-delivery/eons-greek-food-for-life-montvale/uCApu5HbQzGARQuXJ-Pv9A,suffern-new-york
https://www.ubereats.com/new-jersey/food-delivery/bon-appetit/VsFB4LGeSBudnBzTJkdVhA,suffern-new-york
https://www.ubereats.com/nyc-suburbs/food-delivery/nussys-cuisine/EHwQ7JbNRyqn52IXW2zRVg,suffern-new-york
https://www.ubereats.com/nyc-suburbs/food-delivery/eons-greek-food-for-life-montvale/uCApu5HbQzGARQuXJ-Pv9A,suffern-new-york
https://www.ubereats.com/new-jersey/food-delivery/airmont-eats/IoD7y7-yTRacxbR7bGPM8g,suffern-new-york
https://www.ubereats.com/nyc-suburbs/food-delivery/dunkin-1001-macarthur-blvd/q2sc2c1oSDW0xAhsNWedtA,suffern-new-york
https://www.ubereats.com/new-jersey/food-delivery/tulsi-fine-indian-cuisine/jp0MN_X1ScGfNfZTDfJG0A,suffern-new-york
https://www.ubereats.com/new-jersey/food-delivery/no-1-sushi-nanuet/M81ByV4YTayPxex_0wtjkw,suffern-new-york
https://www.ubereats.com/new-jersey/food-delivery/cobea-coffee/7Hy-bOSMTm-vc59D6yzkOw,suffern-new-york
https://www.ubereats.com/nyc-suburbs/food-delivery/simply-sushi-monsey/_73pjUhjRvC_xh0vepruxQ,suffern-new-york
https://www.ubereats.com/nyc-suburbs/food-delivery/gateway-gourmet-franklin-tpke/5z1guJhuQI242XGaKVb5nQ,suffern-new-york
https://www.ubereats.com/nyc-suburbs/food-delivery/shaking-crab/x1a1-vQnRRSnIYnCSImL9A,suffern-new-york
https://www.ubereats.com/new-jersey/food-delivery/monsey-take-out/a6SANTchSlmiNhKtihgDLA,suffern-new-york
https://www.ubereats.com/new-jersey/food-delivery/food-mart-usa/dZLtFt5qTA6UgbxQaGfX0A,suffern-new-york
https://www.ubereats.com/nyc-suburbs/food-delivery/smashburger-984-rte-17-rd/0AD81Ol1T9CqD03cxUhf3Q,suffern-new-york
https://www.ubereats.com/new-jersey/food-delivery/dunkin-15-w-allendale-ave/OOZYWFCiTd-oKSPcGEbg5Q,suffern-new-york
https://www.ubereats.com/nyc-suburbs/food-delivery/marco-polo-chinese-restaurant/mM268sgXSJCQKqdZbYnrXQ,suffern-new-york
https://www.ubereats.com/nyc-suburbs/food-delivery/larte-della-pasticceria/dCpV362eQUW2lCmKDp3qmg,suffern-new-york
https://www.ubereats.com/nyc-suburbs/food-delivery/hilltop-deli-%26-pizza/MYfqSVipQBOg050G3Y25bw,suffern-new-york
https://www.ubereats.com/nyc-suburbs/food-delivery/dunkin-213-w-route-59/jBAKOdM0TMGp_rmDRag85Q,suffern-new-york
https://www.ubereats.com/new-jersey/food-delivery/bareburger-455-chestnut-ridge-rd/BkPCYrRLTLakPOLyfRkCAg,suffern-new-york
https://www.ubereats.com/nyc-suburbs/food-delivery/cobea-coffee/7Hy-bOSMTm-vc59D6yzkOw,suffern-new-york
https://www.ubereats.com/new-jersey/food-delivery/jersey-mikes-subs-557-north-franklin-turnpike/MjeXqvXjTDakqPrG-q5Lzg,suffern-new-york
https://www.ubereats.com/new-jersey/food-delivery/yoffee-coffee/S2P-7IJXT2G_rkGuoH7HeA,suffern-new-york
https://www.ubereats.com/nyc-suburbs/food-delivery/jersey-mikes-subs-191-w-route-59/PFk-OyfeS2SSlX97pdyhmw,suffern-new-york
https://www.ubereats.com/nyc-suburbs/food-delivery/cravings-tapas-bistro/a87JGyEgTmqRGn-GXXKq6g,suffern-new-york
https://www.ubereats.com/nyc-suburbs/food-delivery/huguitos/Me3khqWHSd2lwRVUtXF1Cg,suffern-new-york
https://www.ubereats.com/nyc-suburbs/food-delivery/joeys-gourmet-restaurant-and-pizzeria/BQDnzTDLTouhPk2Ob6gjeQ,suffern-new-york
https://www.ubereats.com/nyc-suburbs/food-delivery/mcdonalds-150-rt-17-s/UCf1M1kDQu-73A0FZHSCvg,suffern-new-york
https://www.ubereats.com/nyc-suburbs/food-delivery/petey-wheatys/rfyZ21l9REuiph2z2ivrrg,suffern-new-york
https://www.ubereats.com/nyc-suburbs/food-delivery/monsey-kosher-take-out/4mEYv5TbQ-2QTpw1e1Ft2A,suffern-new-york
https://www.ubereats.com/nyc-suburbs/food-delivery/taco-bell-131-s-route-9w/lALFrX5uQOuOwcI3DjqPBg,suffern-new-york
https://www.ubereats.com/new-jersey/food-delivery/noches-de-colombia-nanuet-ny/K0qpxVzjTmiKiNttp6z-zg,suffern-new-york
https://www.ubereats.com/nyc-suburbs/food-delivery/caribreeze-vegan-delight/2Q6sEsRQQ3mvnLrJQ-lcZQ,suffern-new-york
https://www.ubereats.com/new-jersey/food-delivery/adaraka-indian-kitchen-and-bar/NFsCfJmVQaiRkG8QeiZj_g,suffern-new-york
https://www.ubereats.com/nyc-suburbs/food-delivery/mamamias/40gYJhFHSl6nEPbLNiw_KA,suffern-new-york
https://www.ubereats.com/nyc-suburbs/food-delivery/mommas-kitchen/bbjvEJRGSSu-2GWs9XPsiw,suffern-new-york
https://www.ubereats.com/new-jersey/food-delivery/bagel-boys-of-nanuet/xRpV1AqVTaqzB3n2E23cmw,suffern-new-york
https://www.ubereats.com/nyc-suburbs/food-delivery/blended-bowls/HoXPmoTfQImpzbDUHqFZNQ,suffern-new-york
https://www.ubereats.com/nyc-suburbs/food-delivery/primavera-cafe/UGlznFnJTnO6FY9eg-RwLQ,suffern-new-york
https://www.ubereats.com/new-jersey/food-delivery/gateway-gourmet-franklin-tpke/5z1guJhuQI242XGaKVb5nQ,suffern-new-york
https://www.ubereats.com/nyc-suburbs/food-delivery/dunkin-274-old-nyack-tpke/ceHFnrGgTeW5yQT9Lk5kuQ,suffern-new-york
https://www.ubereats.com/nyc-suburbs/food-delivery/dunkin-22-w-ramapo-rd/Cr37b6y6SyeTFD8P41CWIQ,suffern-new-york
https://www.ubereats.com/new-jersey/food-delivery/deli-of-nanuet/klgIDjiGSW6ev0prYWCOxg,suffern-new-york
https://www.ubereats.com/new-jersey/food-delivery/happy-belly-kitchen/zUz9P9GARRqWF0-TI0bcCg,suffern-new-york
https://www.ubereats.com/new-jersey/food-delivery/namaste-india/GmABeC7NQHCGOJUOjCxTWQ,suffern-new-york
https://www.ubereats.com/nyc-suburbs/food-delivery/novino/s7rr-b6jT5O7GaqedwPQOA,suffern-new-york
https://www.ubereats.com/new-jersey/food-delivery/leonardos-italian-deli-%26-catering/Qm91laWLQ1Ocl2HjOYCs7Q,suffern-new-york
https://www.ubereats.com/new-jersey/food-delivery/longfellows-coffee-mahwah/x0yYkZgGQ8WlZMfk-_-m3A,suffern-new-york
https://www.ubereats.com/nyc-suburbs/food-delivery/aunt-delis-cafe-deli-eats-%26-treats/-7Tej46aT9OnCTTYg4g9zQ,suffern-new-york
https://www.ubereats.com/nyc-suburbs/food-delivery/happy-belly-kitchen/zUz9P9GARRqWF0-TI0bcCg,suffern-new-york
https://www.ubereats.com/nyc-suburbs/food-delivery/challah-fairy/5ViEiuL1QtemdFztk4yaCw,suffern-new-york
https://www.ubereats.com/new-jersey/food-delivery/starbucks-ramsey-train-station/LLWUgMEATh6ISPwilyEU_w,suffern-new-york
https://www.ubereats.com/nyc-suburbs/food-delivery/deli-of-nanuet/klgIDjiGSW6ev0prYWCOxg,suffern-new-york
https://www.ubereats.com/nyc-suburbs/food-delivery/peach-pit/kwbL9PyiT0SYWetrkVtscg,suffern-new-york
https://www.ubereats.com/new-jersey/food-delivery/502-shannon-rose-ramsey-1200-route-17n/rgq9KZsJSqSmgEDrvjAL0A,suffern-new-york
https://www.ubereats.com/nyc-suburbs/food-delivery/leonardos-italian-deli-%26-catering/Qm91laWLQ1Ocl2HjOYCs7Q,suffern-new-york
https://www.ubereats.com/new-jersey/food-delivery/babka-bakery-%26-cafe/p9_TaawdTl2RhZous89-Gg,suffern-new-york
https://www.ubereats.com/nyc-suburbs/food-delivery/uncle-giuseppes-marketplace/v7Rdas8yTXeybh8Go6ciYA,suffern-new-york
https://www.ubereats.com/nyc-suburbs/food-delivery/no-1-sushi-nanuet/M81ByV4YTayPxex_0wtjkw,suffern-new-york
https://www.ubereats.com/nyc-suburbs/food-delivery/dunkin-29-e-prospect-st/N_D2mbNVTLWaubI6BXWieg,suffern-new-york
https://www.ubereats.com/nyc-suburbs/food-delivery/fortune-garden-restaurant/1UFm49TNQr-InAeWM2sCBw,suffern-new-york
https://www.ubereats.com/nyc-suburbs/food-delivery/yoffee-coffee/S2P-7IJXT2G_rkGuoH7HeA,suffern-new-york
https://www.ubereats.com/nyc-suburbs/food-delivery/lexington-grille-%26-pub/DdS59vMsQBGZ8aL7rg93PA,suffern-new-york
https://www.ubereats.com/new-jersey/food-delivery/food-mart-usa/gjvyxDqaS6qDgDnGEFyI6g,suffern-new-york
https://www.ubereats.com/nyc-suburbs/food-delivery/dunkin-15-w-allendale-ave/OOZYWFCiTd-oKSPcGEbg5Q,suffern-new-york
https://www.ubereats.com/nyc-suburbs/food-delivery/dunkin-525-cedar-hill-ave/JHroyAUTQeelAuygncr2Og,suffern-new-york
https://www.ubereats.com/nyc-suburbs/food-delivery/nanuet-diner/wniVETP2TT29kt1dfTtPQw,suffern-new-york
https://www.ubereats.com/nyc-suburbs/food-delivery/hava-java/qmkskQUhTHCaZ0u-HSltMw,suffern-new-york
https://www.ubereats.com/nyc-suburbs/food-delivery/kosher-heaven-at-7-11/Eb3P59xERvig2Y0rEmNZKg,suffern-new-york
https://www.ubereats.com/nyc-suburbs/food-delivery/boston-market-395-route-17-north/smpTj5Y9Sz-mJhAM2L-Q3g,suffern-new-york
https://www.ubereats.com/nyc-suburbs/food-delivery/mountainview-deli-bakery-%26-catering/nYtrrilFSgamLF6dd3REHQ,suffern-new-york
https://www.ubereats.com/nyc-suburbs/food-delivery/ritas-italian-ice/s-CEAIBkSGyXHj-ElCHr4w,suffern-new-york
https://www.ubereats.com/new-jersey/food-delivery/sazone-american-and-latin-fusion/6yyeq5IPQiKANWMlNSMjFw,suffern-new-york
https://www.ubereats.com/nyc-suburbs/food-delivery/maguro-sushi-house/i0WFlIHdQTWjSNs2mBOviQ,suffern-new-york
https://www.ubereats.com/nyc-suburbs/food-delivery/bernie-s-bagel/w4Krg4Y9RMGDnfdGrLAjNA,suffern-new-york
https://www.ubereats.com/nyc-suburbs/food-delivery/carvel-116-e-main-street/rNRJeHN6QzWxa7BxxdPu3A,suffern-new-york
https://www.ubereats.com/new-jersey/food-delivery/blended-bowls/HoXPmoTfQImpzbDUHqFZNQ,suffern-new-york
https://www.ubereats.com/nyc-suburbs/food-delivery/dunkin-301-route-304/6Y3OQ5CbSEKQZIyhHWuxig,suffern-new-york
https://www.ubereats.com/nyc-suburbs/food-delivery/dunkin-30-n-main-st/NAiyvavNS9e77IjojN4Lwg,suffern-new-york
https://www.ubereats.com/nyc-suburbs/food-delivery/houlihans-ramsey/K5_1_by2RQOdsUwQif8I2A,suffern-new-york
https://www.ubereats.com/nyc-suburbs/food-delivery/babka-bakery-%26-cafe/p9_TaawdTl2RhZous89-Gg,suffern-new-york
https://www.ubereats.com/new-jersey/food-delivery/red-bowl/wcVgmIEAS_SxPLibroas2g,suffern-new-york
https://www.ubereats.com/nyc-suburbs/food-delivery/pizza-hut-388-ramapo-valley-rd/kns_eVgqRca5ZZBQ3J_a4A,suffern-new-york
https://www.ubereats.com/nyc-suburbs/food-delivery/dunkin-66-lafayette-ave/iJpKb4z-SUKTdN1SEO2rUA,suffern-new-york
https://www.ubereats.com/nyc-suburbs/food-delivery/shelis-pizza-and-cafe/hnpQZ3TqQT6LSktarS5PzQ,suffern-new-york
https://www.ubereats.com/new-jersey/food-delivery/rella-cafe/mJ9fV884SGyX8DiaiU1mRQ,suffern-new-york
https://www.ubereats.com/new-jersey/food-delivery/bernie-s-bagel/w4Krg4Y9RMGDnfdGrLAjNA,suffern-new-york
https://www.ubereats.com/nyc-suburbs/food-delivery/110-gourmet-inc/ZAuvXcSvR0iJsbTlGtLa7g,suffern-new-york
https://www.ubereats.com/new-jersey/food-delivery/houlihans-ramsey/K5_1_by2RQOdsUwQif8I2A,suffern-new-york
https://www.ubereats.com/nyc-suburbs/food-delivery/chestnut-ridge-hot-bagels/z39s3NbjRc253kghzENnMg,suffern-new-york
https://www.ubereats.com/nyc-suburbs/food-delivery/dunkin-128-chestnut-ridge-rd/vcXT0k69RNK-UXT1UEo_DA,suffern-new-york
https://www.ubereats.com/nyc-suburbs/food-delivery/cucina-347/_8NXWxLCT2iAs3rZTI1YKw,suffern-new-york
https://www.ubereats.com/new-jersey/food-delivery/bagel-boys/PQKSdKAsR_ifrAyrpVkApA,suffern-new-york
https://www.ubereats.com/new-jersey/food-delivery/dunkin-66-lafayette-ave/iJpKb4z-SUKTdN1SEO2rUA,suffern-new-york
https://www.ubereats.com/new-jersey/food-delivery/sushigo/GF7YmP9LRc2P3IVqRwEbrw,suffern-new-york
https://www.ubereats.com/new-jersey/food-delivery/bjs-restaurant-%26-brewhouse-1119-fashion-drive/RnVFfiPWSEycYoF9ovue1Q,suffern-new-york
https://www.ubereats.com/new-jersey/food-delivery/lexington-grille-%26-pub/DdS59vMsQBGZ8aL7rg93PA,suffern-new-york
https://www.ubereats.com/nyc-suburbs/food-delivery/fiesta-acapulco/C7b2FcqNSeOh0Px1XKbxcg,suffern-new-york
https://www.ubereats.com/new-jersey/food-delivery/mason-jar/9491i1GPSFGw4MPAUQkBdw,suffern-new-york
https://www.ubereats.com/new-jersey/food-delivery/five-guys-nj-1503-1300-rt-17-n/8wut-5kCRjCVstz402s9GQ,suffern-new-york
https://www.ubereats.com/new-jersey/food-delivery/joeys-gourmet-restaurant-and-pizzeria/BQDnzTDLTouhPk2Ob6gjeQ,suffern-new-york
https://www.ubereats.com/nyc-suburbs/food-delivery/mason-jar/9491i1GPSFGw4MPAUQkBdw,suffern-new-york
https://www.ubereats.com/new-jersey/food-delivery/peach-pit/kwbL9PyiT0SYWetrkVtscg,suffern-new-york
https://www.ubereats.com/new-jersey/food-delivery/110-gourmet-inc/ZAuvXcSvR0iJsbTlGtLa7g,suffern-new-york
https://www.ubereats.com/new-jersey/food-delivery/mommas-kitchen/bbjvEJRGSSu-2GWs9XPsiw,suffern-new-york
https://www.ubereats.com/new-jersey/food-delivery/the-village-grille/5HJ85RMXTlepp1ynORWMJA,suffern-new-york
https://www.ubereats.com/new-jersey/food-delivery/ess-n-bench/5lbxedi4QDOUA3h171Bs7Q,suffern-new-york
https://www.ubereats.com/nyc-suburbs/food-delivery/uncle-louie-g-ices-and-ice-cream-ramsey/yJBtjfCIQ1qgy0e9W-5AMw,suffern-new-york
https://www.ubereats.com/nyc-suburbs/food-delivery/harvest-moon-cafe/Es_63q4zSIqiEKFFVwrJkw,suffern-new-york
https://www.ubereats.com/nyc-suburbs/food-delivery/wingburgers/T-EsS4BBTriJVztVtZmsXQ,suffern-new-york
https://www.ubereats.com/nyc-suburbs/food-delivery/starbucks-ramsey-train-station/LLWUgMEATh6ISPwilyEU_w,suffern-new-york
https://www.ubereats.com/new-jersey/food-delivery/dunkin-59-orange-tpke/3IPp7mxfRdS48By_Tksteg,suffern-new-york
https://www.ubereats.com/nyc-suburbs/food-delivery/chuck-e-cheese-255-west-route-59/7D5yF8l7STWEpPiXpyYftA,suffern-new-york
https://www.ubereats.com/nyc-suburbs/food-delivery/red-bowl/wcVgmIEAS_SxPLibroas2g,suffern-new-york
https://www.ubereats.com/new-jersey/food-delivery/benares/Md--VRvdQeSMiudPLGJZAQ,suffern-new-york
https://www.ubereats.com/nyc-suburbs/food-delivery/dera-restaurant/JwbUkbejTPuqsFlVy-8vxA,suffern-new-york
https://www.ubereats.com/nyc-suburbs/food-delivery/yummys-pizza/FHdhhKPBThqoBbYoVjibFw,suffern-new-york
https://www.ubereats.com/nyc-suburbs/food-delivery/anthonys-coal-fired-pizza-984-state-rt-17/if1RSgJWReG3iVpBFcDjqg,suffern-new-york
https://www.ubereats.com/nyc-suburbs/food-delivery/ajs-crab-shack-%26-sushi/-KQpdSldS_GyRILILbq8Pw,suffern-new-york
https://www.ubereats.com/nyc-suburbs/food-delivery/bagel-boys-of-nanuet/xRpV1AqVTaqzB3n2E23cmw,suffern-new-york
https://www.ubereats.com/new-jersey/food-delivery/guys-spot/yxGeQSnRQqKUDJ0zw5_RyQ,suffern-new-york
https://www.ubereats.com/new-jersey/food-delivery/starbucks-mahwah-rt-17/EtWVySgrSOiQbVeFwxyyCw,suffern-new-york
https://www.ubereats.com/new-jersey/food-delivery/friendlys-441-hillsdale-ave/fekHDizwTQC4YqrMGUHSZQ,suffern-new-york
https://www.ubereats.com/new-jersey/food-delivery/pizzaiolo-by-brothers/CwRK28lJTCGElT5ez8rGRA,suffern-new-york
https://www.ubereats.com/nyc-suburbs/food-delivery/healthy-bites-of-suffern/RB3i1k_7Sc68K53JD9Mh8g,suffern-new-york
https://www.ubereats.com/nyc-suburbs/food-delivery/subway-296-5-route-59/SuN9XCoNRUGrY4GWt7cAZw,suffern-new-york
https://www.ubereats.com/nyc-suburbs/food-delivery/el-bandido-mexican-restaurant/i5Rj1GbcTAa4DPVO4tF38w,suffern-new-york
https://www.ubereats.com/new-jersey/food-delivery/petey-wheatys/rfyZ21l9REuiph2z2ivrrg,suffern-new-york
https://www.ubereats.com/nyc-suburbs/food-delivery/ihop-475-route-17-south/SN7bQuopQM6mfFbw8Y_QyA,suffern-new-york
https://www.ubereats.com/nyc-suburbs/food-delivery/dunkin-59-orange-tpke/3IPp7mxfRdS48By_Tksteg,suffern-new-york
https://www.ubereats.com/new-jersey/food-delivery/koi-21-japanese-cuisine/xHdVSvkASQqlRLXM2eW_aA,suffern-new-york
https://www.ubereats.com/nyc-suburbs/food-delivery/deliziosa-pizza/DEev7OuxTCGZ0EE_XBQMzQ,suffern-new-york
https://www.ubereats.com/new-jersey/food-delivery/davids-bagels/yKIghrI1RtagWXAuXqgUZg,suffern-new-york
https://www.ubereats.com/nyc-suburbs/food-delivery/the-ice-cream-shop/5Z4wlOu3Rf2dcE_4zqA6ng,suffern-new-york
https://www.ubereats.com/new-jersey/food-delivery/caribreeze-vegan-delight/2Q6sEsRQQ3mvnLrJQ-lcZQ,suffern-new-york
https://www.ubereats.com/nyc-suburbs/food-delivery/mamamias/s8E2FxA_SfeiQfy8XbBfKQ,suffern-new-york
https://www.ubereats.com/nyc-suburbs/food-delivery/rays-pizza/iXkViF7LTgSZ3SKs_NXvqQ,suffern-new-york
https://www.ubereats.com/nyc-suburbs/food-delivery/chipotle-mexican-grill-18-farm-vw/aD2Iu_o5QP22oWU_1kTGRA,suffern-new-york
https://www.ubereats.com/nyc-suburbs/food-delivery/wendys-1358-route-17-north/i6qHi9dzSLCq63JfLMbUSQ,suffern-new-york
https://www.ubereats.com/nyc-suburbs/food-delivery/peshawri-grill/qEFaEbDPRuSksk_CloNjlQ,suffern-new-york
https://www.ubereats.com/new-jersey/food-delivery/hilltop-deli-%26-pizza/MYfqSVipQBOg050G3Y25bw,suffern-new-york
https://www.ubereats.com/nyc-suburbs/food-delivery/ole-tapas-bar/bC7Qd50kRwizHeN2bnbY2A,suffern-new-york
https://www.ubereats.com/nyc-suburbs/food-delivery/food-mart-usa/dZLtFt5qTA6UgbxQaGfX0A,suffern-new-york
https://www.ubereats.com/new-jersey/food-delivery/harvest-moon-cafe/Es_63q4zSIqiEKFFVwrJkw,suffern-new-york
https://www.ubereats.com/nyc-suburbs/food-delivery/adaraka-indian-kitchen-%26-bar/vcr8oqsYQ3G-WgR1J-lvgA,suffern-new-york
https://www.ubereats.com/nyc-suburbs/food-delivery/bubbakoos-burritos/7VGB_dL5TR2NB4wsZNrQvg,suffern-new-york
https://www.ubereats.com/nyc-suburbs/food-delivery/diddys-of-suffern/dVwXl-IrT8iOkcWEvg5YGg,suffern-new-york
https://www.ubereats.com/nyc-suburbs/food-delivery/dosa-biryani-house/Ofd4vKVQQQKg7yrnsg4bjA,suffern-new-york
