url,city
https://www.ubereats.com/atlanta/food-delivery/cafe-mixx/FrHP9sahS_etOXvJXFzxQw,sugar-hill-georgia
https://www.ubereats.com/atlanta/food-delivery/create-%26-bake-pizzeria-buford/edOWTZFgTy6dXj71u9_r4Q,sugar-hill-georgia
https://www.ubereats.com/atlanta/food-delivery/friends-cumming-grill/s6VRmIsgTR6bhYsrWUIjGw,sugar-hill-georgia
https://www.ubereats.com/atlanta/food-delivery/cakes-castle/gHXAze_WRkKNcLfXK6LMyg,sugar-hill-georgia
https://www.ubereats.com/atlanta/food-delivery/dunkin-116-canton-rd/I4Xx8ptxTT6zNge3RyFYow,sugar-hill-georgia
https://www.ubereats.com/atlanta/food-delivery/yummy-hibachi-%26-wings/Z9OK7p6zReSDQIkqhEa2Mg,sugar-hill-georgia
https://www.ubereats.com/atlanta/food-delivery/burgerfi-lawrenceville/gDbMn-mlTMmaD3StWt0pyQ,sugar-hill-georgia
https://www.ubereats.com/atlanta/food-delivery/hibachicom-suwanee/opHn_4B_SciJy2qsgS4RVA,sugar-hill-georgia
https://www.ubereats.com/atlanta/food-delivery/dunkin-4450k-nelson-blogden-blvd/oGT1EumuSWyBgRa6oxaNAw,sugar-hill-georgia
https://www.ubereats.com/atlanta/food-delivery/arbys-365-peachtree-pkwy/u0YweJKpQWSn2hLGKcTQAw,sugar-hill-georgia
https://www.ubereats.com/atlanta/food-delivery/sankranti-restaurants/SgBARp7CSy-yrazxPuEleg,sugar-hill-georgia
https://www.ubereats.com/atlanta/food-delivery/kani-house-market-place-blvd/0Aqkdc30RQmpl_JD5eQNhQ,sugar-hill-georgia
https://www.ubereats.com/atlanta/food-delivery/antoinettes-cafe/c7t41WTATEiQTehvBrLh2A,sugar-hill-georgia
https://www.ubereats.com/atlanta/food-delivery/2plus2/hAGYTKqaSwi2WoPfJZrNzQ,sugar-hill-georgia
https://www.ubereats.com/atlanta/food-delivery/atlanta-bread-%26-bar/p_fjesS2Se6GbMfNWRiqgw,sugar-hill-georgia
https://www.ubereats.com/atlanta/food-delivery/papa-johns-1595-peachtree-parkway-suite-114/kGq3SR1cS_ejQlgTMA9RxQ,sugar-hill-georgia
https://www.ubereats.com/atlanta/food-delivery/sushi-osaka/EhmytVy9TwmdCw-t7_bSNQ,sugar-hill-georgia
https://www.ubereats.com/atlanta/food-delivery/tropical-smoothie-cafe-cumming/B-7ipJylS1aRQCTZAXiSjg,sugar-hill-georgia
https://www.ubereats.com/atlanta/food-delivery/juice-bar/KiciAaHLQOKjDcshXUfknQ,sugar-hill-georgia
https://www.ubereats.com/atlanta/food-delivery/ti-chi-southern-cuisine/cLqikF05Siqg_5xWvGObHQ,sugar-hill-georgia
https://www.ubereats.com/atlanta/food-delivery/athens-kouzzina-lawrenceville/Roh8kd2lS7GoRwUVlKO7Uw,sugar-hill-georgia
https://www.ubereats.com/atlanta/food-delivery/forever-family-soulfood/UB8E6leURMyKZyR7O_lF-Q,sugar-hill-georgia
https://www.ubereats.com/atlanta/food-delivery/crazy-doughs-buford/fJVpJAkLSea3JxMLwoRIqQ,sugar-hill-georgia
https://www.ubereats.com/atlanta/food-delivery/sushiming-japanese-kitchen-alpharetta/yB99x6WiQJmk2Mel8sqA2A,sugar-hill-georgia
https://www.ubereats.com/atlanta/food-delivery/kung-fu-tea-3480-financial-center-way-m-1000/_hU0qOpWQ3mKQ2hrYcM_Rg,sugar-hill-georgia
https://www.ubereats.com/atlanta/food-delivery/trophy-club-of-apalachee/qGee5GwrSsa2CDvvGOFVdA,sugar-hill-georgia
https://www.ubereats.com/atlanta/food-delivery/jersey-mikes-subs-906-market-place-blvd-suite-103/cvrtxFiSRcWjhai2nMjeMQ,sugar-hill-georgia
https://www.ubereats.com/atlanta/food-delivery/grandmas-ny-pizza-suwanee/MDFPx5HbSpmB89yVM9qJsA,sugar-hill-georgia
https://www.ubereats.com/atlanta/food-delivery/dunkin-1165-buford-hwy/c_zEVaOXQTC4-bodNEfJTw,sugar-hill-georgia
https://www.ubereats.com/atlanta/food-delivery/spice-3%3A16/kSPS-3JzQAiBARJbma842g,sugar-hill-georgia
https://www.ubereats.com/atlanta/food-delivery/sonic-3225-lawrenceville-suwanee-rd/ONcw7ikKSYOpOhQKWQd2hA,sugar-hill-georgia
https://www.ubereats.com/atlanta/food-delivery/daddy-obriens-irish-ice-cream-pub-and-restaurant/MppNek3ZTAOxpD2hTQhiIA,sugar-hill-georgia
https://www.ubereats.com/atlanta/food-delivery/johnnys-new-york-style-pizza-1145-a-peachtree-ind/xHNnYmJ7TRSC00eH8qgs8g,sugar-hill-georgia
https://www.ubereats.com/atlanta/food-delivery/pf-changs-3333-buford-dr-space-va03/LPZ0-xpATMqWSHKvBBnIKg,sugar-hill-georgia
https://www.ubereats.com/atlanta/food-delivery/the-yellow-chilli-atlanta/Mm8r4IBJQnu8VC-aLPfQ8g,sugar-hill-georgia
https://www.ubereats.com/atlanta/food-delivery/ichiban-steak-%26-sushi-the-collection-at-forsyth/7d7Wgg5pQEyhEeQQl1aHnA,sugar-hill-georgia
https://www.ubereats.com/atlanta/food-delivery/tani-thai-restauant/sSg0T8kuR-OyeD2r1d-39g,sugar-hill-georgia
https://www.ubereats.com/atlanta/food-delivery/mika-french-sushi/0A0fXMlfTgWx-xomj7-Uyw,sugar-hill-georgia
https://www.ubereats.com/atlanta/food-delivery/dazzle-dogs/QJ10rbdQQUmiYQc_RAb8Rg,sugar-hill-georgia
https://www.ubereats.com/atlanta/food-delivery/haagen-dazs-3333-buford-dr-k-133/L0_O0iAlTgCPtekDnZagsQ,sugar-hill-georgia
https://www.ubereats.com/atlanta/food-delivery/oyama-sushi-hibachi-suwanee/n4DYKMrGTuuN5t7N2koRWA,sugar-hill-georgia
https://www.ubereats.com/atlanta/food-delivery/frontera-mex-mex-grill-suwanee/-pZaSb4LQG61Ysc6g_8OZg,sugar-hill-georgia
https://www.ubereats.com/atlanta/food-delivery/manna-korean-restaurant/H1gclYYITSOOqUpLXyeqGw,sugar-hill-georgia
https://www.ubereats.com/atlanta/food-delivery/lennys-grill-%26-subs-1040-market-place-blvd/kSnMjkKeTaaoK6eOFDQw8A,sugar-hill-georgia
https://www.ubereats.com/atlanta/food-delivery/frontera-mex-mex-grill-sugar-hill/w8zcD43lQVKpTl3MNrINtw,sugar-hill-georgia
https://www.ubereats.com/atlanta/food-delivery/napoli-1-pizza/IvcgrPU4Qba8LwSNyhnj6Q,sugar-hill-georgia
https://www.ubereats.com/atlanta/food-delivery/barberitos-hamilton-mill-rd/lHZWOcAcQdGqDQyaFEfdRQ,sugar-hill-georgia
https://www.ubereats.com/atlanta/food-delivery/balsas-mexican-restaurant/hF8W1gamT8uv46pODeLfoA,sugar-hill-georgia
https://www.ubereats.com/atlanta/food-delivery/hacienda-bar-%26-grill-cumming/Q9aYxBRfQVWQCQHH8jMBoA,sugar-hill-georgia
https://www.ubereats.com/atlanta/food-delivery/bawarchi-biryani/dqCrWLJ1TsWDpmWKM0x-oQ,sugar-hill-georgia
https://www.ubereats.com/atlanta/food-delivery/burger-bar-1950-mall-of-georgia-blvd/AeleHHuyTIydMBxmtzVmWg,sugar-hill-georgia
https://www.ubereats.com/atlanta/food-delivery/phocom-suwanee/KWgLyTLqTdqUOHiyMJYo9g,sugar-hill-georgia
https://www.ubereats.com/atlanta/food-delivery/burger-21-johns-creek/zfaeszJrQPq7mDzZMDfaGA,sugar-hill-georgia
https://www.ubereats.com/atlanta/food-delivery/rendezvous-cafe/gbHoWHdYR2yjD-xsAHE5hw,sugar-hill-georgia
https://www.ubereats.com/atlanta/food-delivery/outback-steakhouse-1715-market-place-boulevard/kAf8414NSAic6VrVviDmYw,sugar-hill-georgia
https://www.ubereats.com/atlanta/food-delivery/community-cup/wEcvIv-VT5mBREVKK4rLew,sugar-hill-georgia
https://www.ubereats.com/atlanta/food-delivery/el-rio-mexican-restaurant-atlanta-rd/F8BK1fdEQnKEgnigadnimg,sugar-hill-georgia
https://www.ubereats.com/atlanta/food-delivery/fresh-off-the-boat/p3AEeioYS7uJuaGdUMG0iQ,sugar-hill-georgia
https://www.ubereats.com/atlanta/food-delivery/dunkin-4803-golden-parkway/Y66M_FFRTEigOh1vkhOcQg,sugar-hill-georgia
https://www.ubereats.com/atlanta/food-delivery/del-rio-mexican-grill/xL8zRxNFQ-qvKIdMkWlluQ,sugar-hill-georgia
https://www.ubereats.com/atlanta/food-delivery/taco-mac-mall-of-georgia/hvmzXDJlR06LhOGn7Zk82w,sugar-hill-georgia
https://www.ubereats.com/atlanta/food-delivery/mos-gyro-%26-kabob/t3a31r0EQ5S6iEPVFgfjgQ,sugar-hill-georgia
https://www.ubereats.com/atlanta/food-delivery/chopsticks-china-bistro-and-sushi-bar/Mq2OuBscRKKCd_4VWqyvKA,sugar-hill-georgia
https://www.ubereats.com/atlanta/food-delivery/pita-mediterranean-street-food-johns-creek/2AywQ80FTjydIgF75kej0w,sugar-hill-georgia
https://www.ubereats.com/atlanta/food-delivery/jalapeno-mexican-restaurant/mu8A9U7oSJKKvjzaSLtKMw,sugar-hill-georgia
https://www.ubereats.com/atlanta/food-delivery/shazzys-bar-%26-grill/T8gS7s-iQjqrHTAyK-ujxw,sugar-hill-georgia
https://www.ubereats.com/atlanta/food-delivery/tropical-smoothie-cafe-johns-creek-festival/nZ2t6AsBRxumcLasroMxUw,sugar-hill-georgia
https://www.ubereats.com/atlanta/food-delivery/twisted-tokyo/NqDoRjiZRqCTdIHrJk2tqQ,sugar-hill-georgia
https://www.ubereats.com/atlanta/food-delivery/taco-mac-johnscreek/NSt8TFKWR1KkucHHBT4rKA,sugar-hill-georgia
https://www.ubereats.com/atlanta/food-delivery/pueblo-maya-mexican-restaurant/dyN7hW_fR2mfT1rHOTSZZw,sugar-hill-georgia
https://www.ubereats.com/atlanta/food-delivery/auntie-annes-5900-sugarloaf-pkwy/z4RiYYXlTPSFSzVLkoXvng,sugar-hill-georgia
https://www.ubereats.com/atlanta/food-delivery/firehouse-subs-3465-braselton-hwy-ste-150/3zLNYSClTQ6RZMzbappwNg,sugar-hill-georgia
https://www.ubereats.com/atlanta/food-delivery/hardees-1500560/Bv8PvjuURoeIe7sx9VwtzQ,sugar-hill-georgia
https://www.ubereats.com/atlanta/food-delivery/lolas-mexican-cantina/ugQElnLhQ8ay4VrDJtF-VA,sugar-hill-georgia
https://www.ubereats.com/atlanta/food-delivery/taco-bell-1615-buford-highway/cEfahXXHRGygeXP7Y95bEQ,sugar-hill-georgia
https://www.ubereats.com/atlanta/food-delivery/bibas-italian-restaurant/wAqdbNzrS_yAphVK1Af1_A,sugar-hill-georgia
https://www.ubereats.com/atlanta/food-delivery/another-broken-egg-cafe-johns-creek/9ZuzE-W2QL2xiKGzdR5kPg,sugar-hill-georgia
https://www.ubereats.com/atlanta/food-delivery/marina-indian-cuisine-bar-%26-grill/qKr47mBARtqz8imaapX9xQ,sugar-hill-georgia
https://www.ubereats.com/atlanta/food-delivery/reveille-coffeehouse-cafe-sugar-hill/kCWl8G20TYG_llBVQc5meQ,sugar-hill-georgia
https://www.ubereats.com/atlanta/food-delivery/marcos-pizza-5965-cumming-hwy/9Uz78s1ST2OgQd4LMMVgAw,sugar-hill-georgia
https://www.ubereats.com/atlanta/food-delivery/uncle-maddios-buford/xLiJm2r3R1GaTrx41XAQ5g,sugar-hill-georgia
https://www.ubereats.com/atlanta/food-delivery/tannery-row-ale-house/dPzS4R9aRkuhokBm34SprA,sugar-hill-georgia
https://www.ubereats.com/atlanta/food-delivery/marina/aLfTB3YrRaKReglvvNLt5w,sugar-hill-georgia
https://www.ubereats.com/atlanta/food-delivery/farmers-basket/NUKRwvaOT3-9ZJcUbnQM2g,sugar-hill-georgia
https://www.ubereats.com/atlanta/food-delivery/taco-bell-651-atlanta-rd/y0eVsfIMT32fiSl9D72azg,sugar-hill-georgia
https://www.ubereats.com/atlanta/food-delivery/zaxbys-4906-lanier-islands-pkwy/u_5lmLQzQsmYP24aTgOHxA,sugar-hill-georgia
https://www.ubereats.com/atlanta/food-delivery/fridas-mexican-cuisine/H3QNnvfRQpWZxI99ZvwBTg,sugar-hill-georgia
https://www.ubereats.com/atlanta/food-delivery/sids-pizza-and-grill/_IJv-UpVRCiolED1LgsZbg,sugar-hill-georgia
https://www.ubereats.com/atlanta/food-delivery/5-brothers-pizza-%26-pasta/oAMTMTsTTlKVESKhT0Kscg,sugar-hill-georgia
https://www.ubereats.com/atlanta/food-delivery/inchins-bamboo-garden-alpharetta/5o3kkrbEQEWNNsx7Y80s7g,sugar-hill-georgia
https://www.ubereats.com/atlanta/food-delivery/honey-baked-ham-940-buford-hwy/MBybAwyNR6e6sI-KP9kFjA,sugar-hill-georgia
https://www.ubereats.com/atlanta/food-delivery/thai-diner-%26-sushi-sugarloaf-pkwy/ylJnJX0ZQ9qI4T6Ga_eIEA,sugar-hill-georgia
https://www.ubereats.com/atlanta/food-delivery/arbys-403-tri-county-plaza/sMtSrVOySoKHKsNFNfvNRQ,sugar-hill-georgia
https://www.ubereats.com/atlanta/food-delivery/wendys-3661-peachtree-pkwy/tvLcujcYRJehr6NJbXazVg,sugar-hill-georgia
https://www.ubereats.com/atlanta/food-delivery/outback-steakhouse-145-celebration-drive/FRqBcGFTQHmm2aTRyiSMcQ,sugar-hill-georgia
https://www.ubereats.com/atlanta/food-delivery/tacos-and-tequilas-mexican-grill-market-place-blvd/5D_4pYnAQKa-kPQrCRbhiA,sugar-hill-georgia
https://www.ubereats.com/atlanta/food-delivery/abbotts-bar-%26-grill/JKXA9aFqRLCkEak5Qu3o4g,sugar-hill-georgia
https://www.ubereats.com/atlanta/food-delivery/chipotle-mexican-grill-3350-buford-dr-ste-b260/femSZzUWT722dywIEgoHKw,sugar-hill-georgia
https://www.ubereats.com/atlanta/food-delivery/cabos-mex-grill-ridge-rd/QN-RdBjnQE2c7ZyNf7jVtg,sugar-hill-georgia
https://www.ubereats.com/atlanta/food-delivery/asian-kitchen/2bc80dWeQ2STv0fMikdVdA,sugar-hill-georgia
https://www.ubereats.com/atlanta/food-delivery/pearl-lian-oriental-restaurant-%26-bar-johns-creek/ghN08Ye6TPG9b7hUU-Djnw,sugar-hill-georgia
https://www.ubereats.com/atlanta/food-delivery/five-guys-ga-0156-1611-satellite-blvd/AEPhT3I_Rj6HBw0z6UwcgQ,sugar-hill-georgia
https://www.ubereats.com/atlanta/food-delivery/jaz-chinese-cuisine-saint-claire-dr/1yDnIlphTiWYTcnkKS5y3Q,sugar-hill-georgia
https://www.ubereats.com/atlanta/food-delivery/zaxbys-6020-bethelview-rd-cumming-ga-30040/0qdJms9YQaeY4J7jWFSuqA,sugar-hill-georgia
https://www.ubereats.com/atlanta/food-delivery/fry-me-2-the-moon-alpharetta/44cu6acZRpOplvQ-SmgU0g,sugar-hill-georgia
https://www.ubereats.com/atlanta/food-delivery/kimchi-express/5qS3hNiWRRClTOnjOQnIWw,sugar-hill-georgia
https://www.ubereats.com/atlanta/food-delivery/luigis-a-slice-of-italy-buford/IQxvSwtHRe2cs1h-i4WrzQ,sugar-hill-georgia
https://www.ubereats.com/atlanta/food-delivery/krispy-kreme-3387-buford-drive/vl-2QG58QcSpAC7sRspCHg,sugar-hill-georgia
https://www.ubereats.com/atlanta/food-delivery/papa-johns-1498-b-buford-highway/NqKecz3fRp2Qvk8LI6qqqA,sugar-hill-georgia
https://www.ubereats.com/atlanta/food-delivery/planet-smoothie-320-town-center-avenue/5wrJzCanQlCHM4ZsO9AKOg,sugar-hill-georgia
https://www.ubereats.com/atlanta/food-delivery/kfc-3277-lawrenceville-suwanee-rd/bdEz-nJXTnWYw8i_Q18ziA,sugar-hill-georgia
https://www.ubereats.com/atlanta/food-delivery/anjappar-chettinad-restaurant/UPBA_zalTK2mLQ0tL8YdjA,sugar-hill-georgia
https://www.ubereats.com/atlanta/food-delivery/jalapeno-mexican-bar/24W_QxYbRqCIvfit0H1I1Q,sugar-hill-georgia
https://www.ubereats.com/atlanta/food-delivery/ihop-3463-lawrenceville-suwannee-road/5QkdFTW8SxK7-yS-cuGI7A,sugar-hill-georgia
https://www.ubereats.com/atlanta/food-delivery/zaxbys-3125-mathis-airport-pkwy/RAuD49d9SrS1m1sbXrmjVA,sugar-hill-georgia
https://www.ubereats.com/atlanta/food-delivery/taco-bell-4291-hwy-20/B1jLnldhRqGm6iRmcYMIJQ,sugar-hill-georgia
https://www.ubereats.com/atlanta/food-delivery/los-paisanos-mexican-supermarket-buford-hwy/wxPDSxCLQuSX5EmTCvgotw,sugar-hill-georgia
https://www.ubereats.com/atlanta/food-delivery/mayuri-indian-grill/JBxlCL2JSkqwRtLWsl6Jyw,sugar-hill-georgia
https://www.ubereats.com/atlanta/food-delivery/masti-fun-indian-street-eats/OPesnBS4S1GRUWGWA_CkRQ,sugar-hill-georgia
https://www.ubereats.com/atlanta/food-delivery/cheeky-taqueria-cumming/q-znUzvMQ9656KhMnePdRg,sugar-hill-georgia
https://www.ubereats.com/atlanta/food-delivery/spice-wing/kOvOBmBYQRasvHImfyQBBQ,sugar-hill-georgia
https://www.ubereats.com/atlanta/food-delivery/main-st-deli/6aJTn1FhTKW0myLkvGXLAQ,sugar-hill-georgia
https://www.ubereats.com/atlanta/food-delivery/grandmas-homemade-pasta/5h3oMoHSS-ahJwVtpwiFnQ,sugar-hill-georgia
https://www.ubereats.com/atlanta/food-delivery/cafe-bahar/2B4KFt58Q_We2Isoem475w,sugar-hill-georgia
https://www.ubereats.com/atlanta/food-delivery/spice-wing-sugar-hill/w4k2LdMfSqC4tz0zaODk9g,sugar-hill-georgia
https://www.ubereats.com/atlanta/food-delivery/chipotle-mexican-grill-3186-lawrenceville-suwanee-rd/xM3RcdzpQSKFqm5wA4A97w,sugar-hill-georgia
https://www.ubereats.com/atlanta/food-delivery/arbys-3300-buford-dr/Q0gsfU5VRXy4bY5VDgyDYA,sugar-hill-georgia
https://www.ubereats.com/atlanta/food-delivery/las-palmas-mexican-restaurant-cumming/Dp1vwLUVTlOc0OkyVWBouw,sugar-hill-georgia
https://www.ubereats.com/atlanta/food-delivery/buffalo-wild-wings-3333-buford-dr/GL4iK_6QRcWP8-ILMRzUHA,sugar-hill-georgia
https://www.ubereats.com/atlanta/food-delivery/fresh-bowl-thai/vRuAFM05Rte22p1s-egGsw,sugar-hill-georgia
https://www.ubereats.com/atlanta/food-delivery/fish-chicken-n-more/JLxj01PzSySUxtOmqio2iA,sugar-hill-georgia
https://www.ubereats.com/atlanta/food-delivery/caffe-bene/VDj-O-JXTImvrw3BV9zfpw,sugar-hill-georgia
https://www.ubereats.com/atlanta/food-delivery/red-robin-732-3333-buford-dr-ne/2erWsgkVQJu4sd6ItBc7LQ,sugar-hill-georgia
https://www.ubereats.com/atlanta/food-delivery/poke-bar/4lxWjMGdSlG2Ja44bjY2xg,sugar-hill-georgia
https://www.ubereats.com/atlanta/food-delivery/sichuan-wok-chinese-suwanee/7UnaNDtPR0quQBqQZZbuog,sugar-hill-georgia
https://www.ubereats.com/atlanta/food-delivery/chipotle-mexican-grill-905-market-place-blvd-ste-c/2VlQauwaRuarKwzB7QRI4A,sugar-hill-georgia
https://www.ubereats.com/atlanta/food-delivery/summits-wayside-tavern-525-lake-center-pkwy/LxfPS8IhSaecroKMMRsDhQ,sugar-hill-georgia
https://www.ubereats.com/atlanta/food-delivery/taco-bell-2583-hamilton-mill-road/6Ehyw7ZzScaP1nQawzCy8Q,sugar-hill-georgia
https://www.ubereats.com/atlanta/food-delivery/monterrey-mexican-restaurant-lawrenceville/Bx35gDVfQdWluwTMNSra9A,sugar-hill-georgia
https://www.ubereats.com/atlanta/food-delivery/la-cazuela-buford/FjdTosy4QnWV65KYVmAnmw,sugar-hill-georgia
https://www.ubereats.com/atlanta/food-delivery/burger-king-4105-highway-20/MVRKC0pIQ7yat0FVymgEgQ,sugar-hill-georgia
https://www.ubereats.com/atlanta/food-delivery/papa-johns-535-canton-road/i1u3y3i_QIexuPVID2tg1w,sugar-hill-georgia
https://www.ubereats.com/atlanta/food-delivery/sushi-mio/VTMXMoE1S92rUN751RHz0A,sugar-hill-georgia
https://www.ubereats.com/atlanta/food-delivery/the-curry-pot/dKJGn7PPQuiiFimbDUP3hA,sugar-hill-georgia
https://www.ubereats.com/atlanta/food-delivery/flying-roll/CkPtvM_MS9e8IsQMF2sdYA,sugar-hill-georgia
https://www.ubereats.com/atlanta/food-delivery/applebees-504-lakeland-plaza/f7FibSVPSYm9GObALU7ZTQ,sugar-hill-georgia
https://www.ubereats.com/atlanta/food-delivery/saigon-cafe-buford-dr/QYDN8-pUQxCSWZ6KkcnoSA,sugar-hill-georgia
https://www.ubereats.com/atlanta/food-delivery/burger-21-mall-of-georgia/hodRpNTnQsOhrMv7TCpexA,sugar-hill-georgia
https://www.ubereats.com/atlanta/food-delivery/hello-smoothie/zZoVJuEyT_iQUHeGlBmmLw,sugar-hill-georgia
https://www.ubereats.com/atlanta/food-delivery/seven-sisters-kitchen/y3mSDzfISY6qzb5qDsB1TQ,sugar-hill-georgia
https://www.ubereats.com/atlanta/food-delivery/cheeseburger-bobbys-cumming/fRnDRY85Sqe5VOhtjowpKw,sugar-hill-georgia
https://www.ubereats.com/atlanta/food-delivery/famous-toastery-peachtree-blvd/wMgEjaFzTi-V4mga6Cgw3w,sugar-hill-georgia
https://www.ubereats.com/atlanta/food-delivery/five-guys-ga-0361-3105-peachtree-pkwy/FKpNk6cUR4--mRFfFe0c9g,sugar-hill-georgia
https://www.ubereats.com/atlanta/food-delivery/golden-seven-two-suwanee/crcnSrPnTJixfHQjp3G-nw,sugar-hill-georgia
https://www.ubereats.com/atlanta/food-delivery/wendys-2385-mall-of-georgia-boulevard/Y3RefT7_Soi3kGMvzvHDbw,sugar-hill-georgia
https://www.ubereats.com/atlanta/food-delivery/marias-tex-mex/M_KPQhOBTI2U6diCuHQ5KQ,sugar-hill-georgia
https://www.ubereats.com/atlanta/food-delivery/steak-n-shake-2611-peachtree-parkway/LMl9FsZHSKy_VNbeoLwNNA,sugar-hill-georgia
https://www.ubereats.com/atlanta/food-delivery/brusters-icecream/h3k-ysBQTpuHmGj6-J53YQ,sugar-hill-georgia
https://www.ubereats.com/atlanta/food-delivery/babas-gyro-and-kabob/VTwga68zQMORMwiXSDp4fQ,sugar-hill-georgia
https://www.ubereats.com/atlanta/food-delivery/dunkin-2710-hamilton-mill-rd/Oe0nZ8KNSoqHfV9FY0Dmyw,sugar-hill-georgia
https://www.ubereats.com/atlanta/food-delivery/chinese-dhaba-suwanee/k7zBkS59Qfa4QzvsCpc1jA,sugar-hill-georgia
https://www.ubereats.com/atlanta/food-delivery/krystal-1595-hwy-23/K1KEQ2YEQlCZQj23hL698g,sugar-hill-georgia
https://www.ubereats.com/atlanta/food-delivery/wild-wing-cafe-cumming/k2uOvSQURSK3DefPN5Rucg,sugar-hill-georgia
https://www.ubereats.com/atlanta/food-delivery/subway-4300-hwy-20/q0pPPWrgQPqHhQfD2TW5uQ,sugar-hill-georgia
https://www.ubereats.com/atlanta/food-delivery/sunshine-chinese-thai/bGIIlbjnR92EZiaDih0SuA,sugar-hill-georgia
https://www.ubereats.com/atlanta/food-delivery/gong-cha-%E8%B4%A1%E8%8C%B6/RBtgCUynRiWU2vnn7CRVzw,sugar-hill-georgia
https://www.ubereats.com/atlanta/food-delivery/bibas-italian-restaurant-lawrenceville/aAaxQgf7S9uii7Z443-QGA,sugar-hill-georgia
https://www.ubereats.com/atlanta/food-delivery/five-boroughs-pizza-tavern/ZEfDjT-ORZyuWOfXz3bReQ,sugar-hill-georgia
https://www.ubereats.com/atlanta/food-delivery/branchwater/yUbqsTdEQl6F7T-9S3W6Sg,sugar-hill-georgia
https://www.ubereats.com/atlanta/food-delivery/village-burger-cumming/AB8xoO7eTZioXWMqjvjQXw,sugar-hill-georgia
https://www.ubereats.com/atlanta/food-delivery/davincis-donuts/mjbwhcyHQCGnmWTZYACTFA,sugar-hill-georgia
https://www.ubereats.com/atlanta/food-delivery/mellow-mushroom-suwanee/04Wt28TyTRC_s3sswlWVLQ,sugar-hill-georgia
https://www.ubereats.com/atlanta/food-delivery/wicked-sushi-%26-grill/t1-Uwl-NQQadu1k2GC_ewA,sugar-hill-georgia
https://www.ubereats.com/atlanta/food-delivery/popeyes-4455-nelson-brogdon-blvd/ZWeUiDGZRR2gICAwSFOXnw,sugar-hill-georgia
https://www.ubereats.com/atlanta/food-delivery/steak-n-shake-3370-buford-drive/cw7r7q4SS_SaUVZYHFeAVA,sugar-hill-georgia
https://www.ubereats.com/atlanta/food-delivery/kfc-695-atlanta-rd/MuUvwD9uSaqlpaA4QlU7Hg,sugar-hill-georgia
https://www.ubereats.com/atlanta/food-delivery/zoes-kitchen-3205-woodward-crossing-blvd-suite-300/Pvu2x7hsQ1WPGNzaICo6dQ,sugar-hill-georgia
https://www.ubereats.com/atlanta/food-delivery/tropicana-fresh-grill-%2B-bar/vrWDcvHpSqqBA07i7mRlow,sugar-hill-georgia
https://www.ubereats.com/atlanta/food-delivery/aachis-indian-restaurant-and-bakery/XysZ8w-GTHu6RWxp4nYcDw,sugar-hill-georgia
https://www.ubereats.com/atlanta/food-delivery/betos-tacos/9acCf6bdSEaMZLFqWFCtJg,sugar-hill-georgia
https://www.ubereats.com/atlanta/food-delivery/pizza-hut-1525-buford-hwy/n66lbp0KS0-AeZYoFtUQmw,sugar-hill-georgia
https://www.ubereats.com/atlanta/food-delivery/bubbleology-mall-of-georgia/OmhmgJm-S2ipPEISPVvwDQ,sugar-hill-georgia
https://www.ubereats.com/atlanta/food-delivery/veganasiancom-suwanee/quPVIBozT1eOheNbemxqvQ,sugar-hill-georgia
https://www.ubereats.com/atlanta/food-delivery/mcalisters-deli-1030-old-peachtree-rd-nw/4HQCOJb4TvyD_oGExwBUEg,sugar-hill-georgia
https://www.ubereats.com/atlanta/food-delivery/alebrije-mexican-cuisine/GPhVY6cuSq2ws-jtPaHDhw,sugar-hill-georgia
https://www.ubereats.com/atlanta/food-delivery/alessios-restaurant-%26-pizzeria-johns-creek/JgOl5y4lS-uLC1Cvr8kkiw,sugar-hill-georgia
https://www.ubereats.com/atlanta/food-delivery/sri-krishna-vilas/tEmTX9tTSqm2feJRyDnKcQ,sugar-hill-georgia
https://www.ubereats.com/atlanta/food-delivery/smokey-bones-mall-of-georgia/NoL_blf4S42R5CMWF8sFWA,sugar-hill-georgia
https://www.ubereats.com/atlanta/food-delivery/chois-grill/uY4E51mUTS6LeycQLdjCfw,sugar-hill-georgia
https://www.ubereats.com/atlanta/food-delivery/panda-express-3276-lawrenceville-suwanee-rd/vTiJw0qJRtKLPRQacgfdjA,sugar-hill-georgia
https://www.ubereats.com/atlanta/food-delivery/applebees-4685-nelson-brogdon-blvd/WEDakyWiSla6QGHQ6hou2g,sugar-hill-georgia
https://www.ubereats.com/atlanta/food-delivery/california-dreaming/VnDAVkdySRCyxBvuownChg,sugar-hill-georgia
https://www.ubereats.com/atlanta/food-delivery/grandmas-ny-pizza-cumming/zIxRfPz-SgOptmCL9BHM7Q,sugar-hill-georgia
https://www.ubereats.com/atlanta/food-delivery/asian-garden-atl-%E4%BA%9E%E6%B4%B2%E8%8A%B1%E5%9C%92/VPpjBrRlTeyDOiNWDjWd8Q,sugar-hill-georgia
https://www.ubereats.com/atlanta/food-delivery/wendys-4930-friendship-road/YyxrbBLfTcqHdbHxOp44ZQ,sugar-hill-georgia
https://www.ubereats.com/atlanta/food-delivery/tin-drum-asiacafe-forsyth/Dt1oyoDKTYm6QwgiyHkQ8w,sugar-hill-georgia
https://www.ubereats.com/atlanta/food-delivery/zaxbys-2620-winder-hwy-dacula-ga-30019/x5s2jWLYQey81iMABjCUIQ,sugar-hill-georgia
https://www.ubereats.com/atlanta/food-delivery/china-delight/EMWcQSn7QjKx8OrB0b2gCw,sugar-hill-georgia
https://www.ubereats.com/atlanta/food-delivery/dunkin-7810-mcginnis-ferry-rd-ste-101/af2x9CJASb-MOLiCyhpLMQ,sugar-hill-georgia
https://www.ubereats.com/atlanta/food-delivery/golden-palace/Uk8nRTrcRNGU8_g2m8G_Jw,sugar-hill-georgia
https://www.ubereats.com/atlanta/food-delivery/fukulala/PYdVrFo7SB291ktFIgm1XA,sugar-hill-georgia
https://www.ubereats.com/atlanta/food-delivery/buffalos-cafe-3450-braselton-hwy/OwC14ZMaSN-3B4R5M9AnOg,sugar-hill-georgia
https://www.ubereats.com/atlanta/food-delivery/station-master-sushi-bar-and-chinese-cuisine/0t94ChsnT8CkQFP3gCtCUQ,sugar-hill-georgia
https://www.ubereats.com/atlanta/food-delivery/786-kebab-%26-curry/IiH11xrtTQ63LRtTxGMSIg,sugar-hill-georgia
https://www.ubereats.com/atlanta/food-delivery/brown-bag-deli-and-cafe/l3_D1qaUQruQO4Yc_4fd9g,sugar-hill-georgia
https://www.ubereats.com/atlanta/food-delivery/mcdonalds-6005-cumming-hwy/9BsK3MziSVWQCTfygj650g,sugar-hill-georgia
https://www.ubereats.com/atlanta/food-delivery/homespun/q8kF1td1RWiC7YRFlXlv4Q,sugar-hill-georgia
https://www.ubereats.com/atlanta/food-delivery/curry-mantra/5rwnjifNQsqjI3mvczjbMw,sugar-hill-georgia
https://www.ubereats.com/atlanta/food-delivery/auntie-annes-at-mall-of-georgia-3333-buford-drive-ste-1010/pJKrPSWlQ9OvGQdPouKDXA,sugar-hill-georgia
https://www.ubereats.com/atlanta/food-delivery/yuka-roll-and-pho/9AGbu75CSdq7QobrEz4X1g,sugar-hill-georgia
https://www.ubereats.com/atlanta/food-delivery/la-belle-vie-kitchen/UV5KrLe6RjCixYLQVxTLgA,sugar-hill-georgia
https://www.ubereats.com/atlanta/food-delivery/taco-mac-cumming/_GhCiGQqRkGpXyGKHsHtHg,sugar-hill-georgia
https://www.ubereats.com/atlanta/food-delivery/noosh-kitchen/UxZFsZSnTguz7KYpxJMq6A,sugar-hill-georgia
https://www.ubereats.com/atlanta/food-delivery/paopao-ramen-factory-%26-bar/yAqqDIiKTa-Wv9OUqTlC-A,sugar-hill-georgia
https://www.ubereats.com/atlanta/food-delivery/honey-baked-ham-woodward-crossing-blvd/IlJGcT13SV-WJzTvIhKFyQ,sugar-hill-georgia
https://www.ubereats.com/atlanta/food-delivery/wendys-300-tri-county-plz/Xaveb9f_SBuLSqiS0YIU0Q,sugar-hill-georgia
https://www.ubereats.com/atlanta/food-delivery/37-main-buford/lJrdde-CTRWR9TNvAJCoUw,sugar-hill-georgia
https://www.ubereats.com/atlanta/food-delivery/wendys-2960-lawrenceville-suwan/6ptLV8g8SUmtugbPOY6JGA,sugar-hill-georgia
https://www.ubereats.com/atlanta/food-delivery/moes-southwest-grill-2111-hamilton-creek-pkwy/5QxcxNbXTxioLsZode2eVA,sugar-hill-georgia
https://www.ubereats.com/atlanta/food-delivery/chipotle-mexican-grill-2190-peachtree-industrial-blvd-%23-110/0EcJV6OIS1WWu9h75mxDfw,sugar-hill-georgia
https://www.ubereats.com/atlanta/food-delivery/subway-2815-lawrenceville-suwanee-rd/U5SizB4aRqe7Psk4COMyWQ,sugar-hill-georgia
https://www.ubereats.com/atlanta/food-delivery/firehouse-subs-johns-creek/GIZ6cJ-UTcm49vX-HnC7wQ,sugar-hill-georgia
https://www.ubereats.com/atlanta/food-delivery/jets-pizza-old-peachtree-rd/Qh3jMbucReC-e-XtG95gTQ,sugar-hill-georgia
https://www.ubereats.com/atlanta/food-delivery/checkers-2930-lawrenceville-suwanee-road/V_nWW5AJTQu8fLEzG9CqHA,sugar-hill-georgia
https://www.ubereats.com/atlanta/food-delivery/anatolia-cafe/pHcluV-iT4u4umVoa1wEYg,sugar-hill-georgia
https://www.ubereats.com/atlanta/food-delivery/tin-lizzys-cantina-mall-of-ga/pbte58ejSSy58-1HloVlgQ,sugar-hill-georgia
https://www.ubereats.com/atlanta/food-delivery/starbucks-lawrenceville-suwanee-%26-nrtholt-pky/j0TXskGcT3Skyn3pCvJW-A,sugar-hill-georgia
https://www.ubereats.com/atlanta/food-delivery/junk-yard-vegan/StkgI8s-QFqEP-X2at91MQ,sugar-hill-georgia
https://www.ubereats.com/atlanta/food-delivery/taco-mac-suwanee/6RToewYBRS2izSti_1Ia9g,sugar-hill-georgia
https://www.ubereats.com/atlanta/food-delivery/city-lines-bar-%26-grill/T6pvm-pkQfaMm_CVZPopGg,sugar-hill-georgia
https://www.ubereats.com/atlanta/food-delivery/lucha-taqueria-libre/uRHJgchzS4OoBQa92Tpkxw,sugar-hill-georgia
https://www.ubereats.com/atlanta/food-delivery/black-diamond-grill/df7FOa-3TQKIczwrWxf9SA,sugar-hill-georgia
https://www.ubereats.com/atlanta/food-delivery/cracker-barrel-old-country-store-celebration-drive/ajBkrbIgS_WpB_HgFjZwOg,sugar-hill-georgia
https://www.ubereats.com/atlanta/food-delivery/quesitos-venezuela/y5nqz_Y9QkKfI44fSqouPA,sugar-hill-georgia
https://www.ubereats.com/atlanta/food-delivery/twisted-taco-suwanee/a9Sm9HxwQ_qAfNzEZN2UsA,sugar-hill-georgia
https://www.ubereats.com/atlanta/food-delivery/grecian-gyro-johns-creek/HNlpA34cSi69dnV2F4IrfQ,sugar-hill-georgia
https://www.ubereats.com/atlanta/food-delivery/greek-island-grill-%26-bar-parent/F2FStpVpTU-fQmNk5yJzaQ,sugar-hill-georgia
https://www.ubereats.com/atlanta/food-delivery/schlotzskys-deli-2941-lawrenceville-suwanee-road/bj9kJ9LDS3OphHx1zsdi6w,sugar-hill-georgia
https://www.ubereats.com/atlanta/food-delivery/zaxbys-520-sawnee-corners/rIgHdYx7RKCiPHOZG8_Vww,sugar-hill-georgia
https://www.ubereats.com/atlanta/food-delivery/friends-suwanee-grill-suwanee/VJQQ9nGoQwebr3_q4cgE3w,sugar-hill-georgia
https://www.ubereats.com/atlanta/food-delivery/hooters-1950-mall-of-georgia/ehq8y3CfRRKb1MVqciwVYg,sugar-hill-georgia
https://www.ubereats.com/atlanta/food-delivery/arbys-3475-braselton-hwy/vZAI6BH2T_uQLjmD5M_0yw,sugar-hill-georgia
https://www.ubereats.com/atlanta/food-delivery/wnb-factory-wings-%26-burgers-suwanee/tCtOF_2RTBuCvy88cDKkXA,sugar-hill-georgia
https://www.ubereats.com/atlanta/food-delivery/moes-southwest-grill-1825-mall-of-georgia-blvd/UIuFLHPvS9qKbjZLKVEv0A,sugar-hill-georgia
https://www.ubereats.com/atlanta/food-delivery/planet-smoothie-2463-hamilton-mill-parkway-suite-280/lMvgVnS5SNarN-cdOdLohA,sugar-hill-georgia
https://www.ubereats.com/atlanta/food-delivery/cheeky-taqueria-suwanee/PoHbpix-ReK9wbWf2HjSOw,sugar-hill-georgia
https://www.ubereats.com/atlanta/food-delivery/bojangles-famous-chicken-%26-biscuits-799-4040-buford-drive/xG1poKcDQBClnad8ppd4dw,sugar-hill-georgia
https://www.ubereats.com/atlanta/food-delivery/alessios-restaurant-%26-pizzeria-cumming/3inLZBbRT06-Wu41MjWA3g,sugar-hill-georgia
https://www.ubereats.com/atlanta/food-delivery/izumi-asian-bistro/ZOEZZikXRUS10963UcJugg,sugar-hill-georgia
https://www.ubereats.com/atlanta/food-delivery/the-5-spot-cafe/31fOCirURR-yf42Ej-xgYw,sugar-hill-georgia
https://www.ubereats.com/atlanta/food-delivery/tokyo-steak-%26-sushi-asian-fusion-cumming/6Ok3_m6mTbi5HxnARDmkiQ,sugar-hill-georgia
https://www.ubereats.com/atlanta/food-delivery/el-porton-mexican-restaurant-alpharetta/zh9bcO9PQ0mDx2WU0zoFVg,sugar-hill-georgia
https://www.ubereats.com/atlanta/food-delivery/kenzo-sushi/pUOHoAkeSUqg6ohXO_L4Vg,sugar-hill-georgia
https://www.ubereats.com/atlanta/food-delivery/happy-belly-kitchen/PLTmwd4QQeSc-aouA9eyeA,sugar-hill-georgia
https://www.ubereats.com/atlanta/food-delivery/kokee-tea-mall-of-georgia/UGYOc72IQBCCXUHgyd_d6g,sugar-hill-georgia
https://www.ubereats.com/atlanta/food-delivery/pasquallys-pizza-%26-wings-1690-mall-of-gerogia-blvd/Xq20S4b-So2ogQq59t3AYQ,sugar-hill-georgia
https://www.ubereats.com/atlanta/food-delivery/subway-525-peachtree-industrial-blvd/aZWBM78iQPODfff3CciWhQ,sugar-hill-georgia
https://www.ubereats.com/atlanta/food-delivery/village-italian/QTtultyPSxi9kV54ERXW9w,sugar-hill-georgia
https://www.ubereats.com/atlanta/food-delivery/osaka-steak-%26-sushi/c7UjmWvIRwKwBX6UxM3JlA,sugar-hill-georgia
https://www.ubereats.com/atlanta/food-delivery/philly-bistro/LwBFflVyQ9-313XTRm43wQ,sugar-hill-georgia
https://www.ubereats.com/atlanta/food-delivery/knuckies-pizza-and-hoagies-of-sugar-hill/POx3NwzLTB-DsgJeCAT2LQ,sugar-hill-georgia
https://www.ubereats.com/atlanta/food-delivery/ihop-cumming/DAjGCQwETeG6qekjYbyEDg,sugar-hill-georgia
https://www.ubereats.com/atlanta/food-delivery/avocado-vegan-cafe-%26-juice-bar/WnzLQsO3RgGTVh6jak0gyw,sugar-hill-georgia
https://www.ubereats.com/atlanta/food-delivery/moes-southwest-grill-suwanee/Hxft3BmCT7Ck1Fbt1Fh3Vw,sugar-hill-georgia
https://www.ubereats.com/atlanta/food-delivery/la-cazuela-suwanee/GBPoE0hRQIeHFnQnT1qE9w,sugar-hill-georgia
https://www.ubereats.com/atlanta/food-delivery/krystal-510-west-pike-st/udFkUAPzQ56riQwR-hze1g,sugar-hill-georgia
https://www.ubereats.com/atlanta/food-delivery/zaxbys-5982-cumming-hwy/F94TyV0cSeymB_8ip31llw,sugar-hill-georgia
https://www.ubereats.com/atlanta/food-delivery/pizza-hut-525-peachtree-industrial-blvd-suite-c/gd5vUKkQSrq1W6vux7asgQ,sugar-hill-georgia
https://www.ubereats.com/atlanta/food-delivery/starbucks-hwy-20-%26-gravel-springs-rd/df-qd7azR3SlAJFMf4B1IA,sugar-hill-georgia
https://www.ubereats.com/atlanta/food-delivery/pita-mediterranean-street-food-suwanee/2zznWwV-SJ2k9-VaA1XRzg,sugar-hill-georgia
https://www.ubereats.com/atlanta/food-delivery/panera-3235-woodward-crossing/6GJqf27USnO2-E5ItiKVDQ,sugar-hill-georgia
https://www.ubereats.com/atlanta/food-delivery/santa-lucia-brazilian-steakhouse/xqHsXRngQiKhT_NAkIWI9A,sugar-hill-georgia
https://www.ubereats.com/atlanta/food-delivery/creamistry-3333-buford-drive-suite-vb02/F5ezGuh3QnCviUZIgg5X4w,sugar-hill-georgia
https://www.ubereats.com/atlanta/food-delivery/rosatis-pizza-415-peachtree-pkwy-%23200/QbuFAZ96ReWmMzQwl7-TPQ,sugar-hill-georgia
https://www.ubereats.com/atlanta/food-delivery/slopes-bbq-alpharetta/HHli63AhQNWkYfkdl_mRvA,sugar-hill-georgia
https://www.ubereats.com/atlanta/food-delivery/the-station-house-restaurant-atlanta-rd/I15GdRVlQVWtKsBYH_eNsQ,sugar-hill-georgia
https://www.ubereats.com/atlanta/food-delivery/friends-american-grill-buford/atq3lrqsS6q-rdVw3Dupfw,sugar-hill-georgia
https://www.ubereats.com/atlanta/food-delivery/first-watch-cumming/Vf10arWlRe-qErBD0hfJwQ,sugar-hill-georgia
https://www.ubereats.com/atlanta/food-delivery/tropical-smoothie-cafe-3687-buford-highway/Gvg2D2o2Qs-sZIXXpp5CGQ,sugar-hill-georgia
https://www.ubereats.com/atlanta/food-delivery/taco-bell-50-celebration-drive/cG2fYQkSSxaX_e6V7MWcQg,sugar-hill-georgia
https://www.ubereats.com/atlanta/food-delivery/red-robin-548-370-peachtree-pkwy/zcvw2i2dRkefW4XR3mJtbg,sugar-hill-georgia
https://www.ubereats.com/atlanta/food-delivery/on-the-border-buford-dr/3JJs5RsJQk2xPpjMgx-SpQ,sugar-hill-georgia
https://www.ubereats.com/atlanta/food-delivery/ihop-955-lawrenceville-suwanee-road/GxqcFem1Skqmw-unB7pNRw,sugar-hill-georgia
https://www.ubereats.com/atlanta/food-delivery/pearls-tea/SXUWHkPHR2ivZkWOYAf3Sw,sugar-hill-georgia
https://www.ubereats.com/atlanta/food-delivery/wendys-1062-peachtree-industrial-blvd/8mSuXlyoRzqQOTfViWONGA,sugar-hill-georgia
https://www.ubereats.com/atlanta/food-delivery/carrabbas-420-peachtree-pkwy/akv3V6JWTVmphjCF_Bi0Ow,sugar-hill-georgia
https://www.ubereats.com/atlanta/food-delivery/7107-bonefish-grill-3420-state-rd-20/fzxUOk7kQY-en5cC63vxKg,sugar-hill-georgia
https://www.ubereats.com/atlanta/food-delivery/buffalos-cafe-991-peachtree-industrial-blvd/_op8O1-hQfWwevxlBsjvog,sugar-hill-georgia
https://www.ubereats.com/atlanta/food-delivery/ihop-4122-buford-dr/AaPseuc1SF-miIA19nCOqw,sugar-hill-georgia
https://www.ubereats.com/atlanta/food-delivery/la-cantina-bar-and-grill/oIocdNeaQZyjTFIxsJkGCg,sugar-hill-georgia
https://www.ubereats.com/atlanta/food-delivery/fish-153/g1Fl61oiQQ-tO5Cr8tvsHA,sugar-hill-georgia
https://www.ubereats.com/atlanta/food-delivery/don-bonachon-mexican-restaurant/VI31-U05Rteu8QetZb4OoA,sugar-hill-georgia
https://www.ubereats.com/atlanta/food-delivery/hacienda-bar-and-grill/KbNVEUwlR1mLMECE2X3ISg,sugar-hill-georgia
https://www.ubereats.com/atlanta/food-delivery/dunkin-2855-lawrenceville-suwanee-rd/d8RQ-mdpS2KzkIoljTrAqw,sugar-hill-georgia
https://www.ubereats.com/atlanta/food-delivery/johnnys-new-york-style-pizza-4108-hamilton-mill-road/4DBFbJdkTOiWPVFpQn6Ypg,sugar-hill-georgia
https://www.ubereats.com/atlanta/food-delivery/del-taco-3385-buford-drive/VPqUZcuYSOqMpkdspUd5uQ,sugar-hill-georgia
https://www.ubereats.com/atlanta/food-delivery/121-salad-%26-sushi-bowl/1CPts28eT8WvoFhsh8KFmw,sugar-hill-georgia
https://www.ubereats.com/atlanta/food-delivery/hardees-1500839/icFCkDgyRviU7wNALeq0RA,sugar-hill-georgia
https://www.ubereats.com/atlanta/food-delivery/taco-bell-5945-bethelview-road/H16QAVfzTi2Ru0x5Yk4LSA,sugar-hill-georgia
https://www.ubereats.com/atlanta/food-delivery/whole-bowl-bar/kWi2tavNToWRLgH0CvEhdw,sugar-hill-georgia
https://www.ubereats.com/atlanta/food-delivery/cracker-barrel-old-country-store-675-buford-hwy/Xh6-mjsXRbyF2MBjwz_qGw,sugar-hill-georgia
https://www.ubereats.com/atlanta/food-delivery/green-basil-suwanee/XQcbwYBPSOm7GpKkrILUAg,sugar-hill-georgia
https://www.ubereats.com/atlanta/food-delivery/subway-5965-cumming-hwy-%23310/oxB2CSgqQeGnB2Ca9eMwPw,sugar-hill-georgia
https://www.ubereats.com/atlanta/food-delivery/the-diner-at-sugar-hill-nelson-brogdon-blvd/MAcx39k6SAa8utZKHKC3Sw,sugar-hill-georgia
https://www.ubereats.com/atlanta/food-delivery/panda-express-duluth-2240-peachtree-industrial-blvd/X26XMDKYRiyiZB3m4laRaQ,sugar-hill-georgia
https://www.ubereats.com/atlanta/food-delivery/enzo-sushi-suwanee/Dqwe-ejaQGSwdWskOgfFUQ,sugar-hill-georgia
https://www.ubereats.com/atlanta/food-delivery/tropical-smoothie-cafe-the-shoppes-at-shawnee-ridge/eiFiDSuJSvuc0pHTNqzyYA,sugar-hill-georgia
https://www.ubereats.com/atlanta/food-delivery/wrights/5m8M7tGDTRCm6CfNLLclvA,sugar-hill-georgia
https://www.ubereats.com/atlanta/food-delivery/krystal-560-atlanta-rd/AHH8bW5HRWmeUCD3QzTkHg,sugar-hill-georgia
https://www.ubereats.com/atlanta/food-delivery/bonbon-chicken-%26-pizza/lQFYGYGxRXqTw0FXwFQ9Zw,sugar-hill-georgia
https://www.ubereats.com/atlanta/food-delivery/bravo-mexican-grill/Yjg46vZbTNOxTO9SdYHodw,sugar-hill-georgia
https://www.ubereats.com/atlanta/food-delivery/cafe-raik/1ROKW_0PTvOaVIsuTMehmQ,sugar-hill-georgia
https://www.ubereats.com/atlanta/food-delivery/sonnys-bbq-buford/roM3IeMjQcindvO4KRqTlA,sugar-hill-georgia
https://www.ubereats.com/atlanta/food-delivery/zaxbys-3545-lawrenceville-suwanee-rd-suwanee-ga-30024/Qy9jD23SQ1-vNlzekPmuLA,sugar-hill-georgia
https://www.ubereats.com/atlanta/food-delivery/bonbon-chicken-%26-pizza/YmkD5u1gQp-0c9N88n-NNw,sugar-hill-georgia
https://www.ubereats.com/atlanta/food-delivery/main-event-suwanee/MIsY6QtdSQ-c1lUuX1ez4w,sugar-hill-georgia
https://www.ubereats.com/atlanta/food-delivery/taco-bell-3333-buford-drive/dIDaCEExTniGL4pLOKa77A,sugar-hill-georgia
https://www.ubereats.com/atlanta/food-delivery/china-garden/HdTlHUhbRhWZzHoMHUaILQ,sugar-hill-georgia
https://www.ubereats.com/atlanta/food-delivery/marina-mexican-grill-la-hacienda/nvHtEAD1T0qcreAFDqcFiQ,sugar-hill-georgia
https://www.ubereats.com/atlanta/food-delivery/hardees-1505671/8ihCXzS-SQ2Z0aoZKKfesA,sugar-hill-georgia
https://www.ubereats.com/atlanta/food-delivery/i-luv-pho/Xn_fR3ORQ32KyY97OeN5oQ,sugar-hill-georgia
https://www.ubereats.com/atlanta/food-delivery/moes-southwest-grill-cumming/6IZz26ISRWWEgKSTvqjN0w,sugar-hill-georgia
https://www.ubereats.com/atlanta/food-delivery/arbys-4145-hwy-20/4r66tKBRTw-_6bTuJGp8hQ,sugar-hill-georgia
https://www.ubereats.com/atlanta/food-delivery/havana-south/JTDkVNEiSBKHkiGfeISfhg,sugar-hill-georgia
https://www.ubereats.com/atlanta/food-delivery/panda-express-cumming-905-market-place-blvd/tEbIvW12QHaONWAudrkCLg,sugar-hill-georgia
https://www.ubereats.com/atlanta/food-delivery/indian-flavors/gPSGeMgWTJ-oTLgPv6jfpQ,sugar-hill-georgia
https://www.ubereats.com/atlanta/food-delivery/pizza-hut-2603-freedom-pkwy/Q3A15ohsRISRcr2yfsxcHw,sugar-hill-georgia
https://www.ubereats.com/atlanta/food-delivery/sugar-hill-bakery-and-cafe-w-broad-st/UfOCPdjRTH23Fca6Yq9rYA,sugar-hill-georgia
https://www.ubereats.com/atlanta/food-delivery/pizza-hut-670-atlanta-rd/UD0Up9SORViN_HmxTHfu1w,sugar-hill-georgia
https://www.ubereats.com/atlanta/food-delivery/gordos-pizza/J81985QOTbqspRv9bs81_Q,sugar-hill-georgia
https://www.ubereats.com/atlanta/food-delivery/teppan-poke-%26-hibachi/U1IxOyT9QOG4xT7enN55RQ,sugar-hill-georgia
https://www.ubereats.com/atlanta/food-delivery/joes-to-goes/PpAhrY_NRJm62lL-uSDwYA,sugar-hill-georgia
https://www.ubereats.com/atlanta/food-delivery/cracker-barrel-old-country-store-4758-lanier-islands-parkway/hKbTnCK1Qnq3n3eNszsEdA,sugar-hill-georgia
https://www.ubereats.com/atlanta/food-delivery/j-buffalo-wings-buford-dr/NC0PwCohTdqKF8cZAY9BlQ,sugar-hill-georgia
https://www.ubereats.com/atlanta/food-delivery/jersey-mikes-johns-creek/lkA1x6ZRTWGptEJM-30pvw,sugar-hill-georgia
https://www.ubereats.com/atlanta/food-delivery/zoes-kitchen-410-peachtree-pkwy-suite-260/Q6IiTS3DTcm4yCQuPdQMDA,sugar-hill-georgia
https://www.ubereats.com/atlanta/food-delivery/parma-tavern-buford-dr/dakp5tpLTemZhfT8pzvTkw,sugar-hill-georgia
https://www.ubereats.com/atlanta/food-delivery/savory-mexican-restaurant/SExYlBsVTO6XOLcL6iiC6g,sugar-hill-georgia
https://www.ubereats.com/atlanta/food-delivery/chuck-e-cheese-1690-mall-of-gerogia-blvd/Lv078vONRbeDrC3l_0jWPQ,sugar-hill-georgia
https://www.ubereats.com/atlanta/food-delivery/taco-bell-3579-peachtree-pkwy/XoSiMaQJQCqofkExcVA52w,sugar-hill-georgia
https://www.ubereats.com/atlanta/food-delivery/nilgiris-bakery-%26-cafe/oVJOOxlgQB-A8JQi1vV3rA,sugar-hill-georgia
https://www.ubereats.com/atlanta/food-delivery/so-good-chicken-%26-wings-scales-rd/T-VZmZ9uTX2JBaG3GAvFVA,sugar-hill-georgia
https://www.ubereats.com/atlanta/food-delivery/la-hacienda-empanada-cumming/lf0nDN1sT8WxGa4PaOIjIg,sugar-hill-georgia
https://www.ubereats.com/atlanta/food-delivery/guayoyo-coffee-%26-bakery/ygPG2Fj3Q7uhn8TQZR4xOg,sugar-hill-georgia
https://www.ubereats.com/atlanta/food-delivery/five-guys-ga-0250-3465-braselton-hwy/NQN-UWlAQAyiuxeb6_bqhQ,sugar-hill-georgia
https://www.ubereats.com/atlanta/food-delivery/newk-eatery-buford/x8vf0ALySnG2m54OupTQEw,sugar-hill-georgia
https://www.ubereats.com/atlanta/food-delivery/apple-lounge-bar/4m7F_3jxRryabRBWf413iA,sugar-hill-georgia
https://www.ubereats.com/atlanta/food-delivery/kfc-4368-highway-20/TjhM06GPSQWnOgz_-U6ZeA,sugar-hill-georgia
https://www.ubereats.com/atlanta/food-delivery/taco-bell-2660-freedom-parkway/q4oBogDKTIO8X4qBN2XVgA,sugar-hill-georgia
https://www.ubereats.com/atlanta/food-delivery/papa-johns-1052-peachtree-industrial-blvd/7ZPt53lCSkSEXpVE5gumWg,sugar-hill-georgia
https://www.ubereats.com/atlanta/food-delivery/philly-connection-lawrenceville/FDHeQptvRhqrFdbRYgXm8w,sugar-hill-georgia
https://www.ubereats.com/atlanta/food-delivery/arbys-2920-lawrenceville-suwanee-rd/TLqkv4t8Q5KCilS-MB-wYQ,sugar-hill-georgia
https://www.ubereats.com/atlanta/food-delivery/taco-bell-455-peachtree-industrial-blvd/TXzy5c7aRUGBqpzMog5uXA,sugar-hill-georgia
https://www.ubereats.com/atlanta/food-delivery/johnnys-new-york-style-pizza-3490-keith-bridge-rd-suite-d-3/2Kczwv-zST21je1veMtIlw,sugar-hill-georgia
https://www.ubereats.com/atlanta/food-delivery/china-house/3GJaZQINQf2sP1dZNjGRbA,sugar-hill-georgia
https://www.ubereats.com/atlanta/food-delivery/zaxbys-4139-buford-dr/zLqL0YKxT42lnrNR2BI8cA,sugar-hill-georgia
https://www.ubereats.com/atlanta/food-delivery/el-molcajete-cantina-%26-grill/OPYJRdKhTTeAuZGNiem7Rg,sugar-hill-georgia
https://www.ubereats.com/atlanta/food-delivery/maple-street-biscuit-company-parsons-alley/3owIzpoYRhuCIiNo2M1hNA,sugar-hill-georgia
https://www.ubereats.com/atlanta/food-delivery/dunkin-521-peachtree-pkwy/yYUkbSQURTWfdjwdyVA2bw,sugar-hill-georgia
https://www.ubereats.com/atlanta/food-delivery/krispy-kreme-3333-buford-dr-unit-%2350/QOMOnArcQX-zugVs-fbDIA,sugar-hill-georgia
https://www.ubereats.com/atlanta/food-delivery/captain-ds-4287-hwy-20/dFRUTI24Q1yXE8d2rYF95A,sugar-hill-georgia
https://www.ubereats.com/atlanta/food-delivery/panda-express-3410-buford-dr-ne/zC7_tK2ARWmmRLNKp4-wmg,sugar-hill-georgia
https://www.ubereats.com/atlanta/food-delivery/red-lobster-3230-buford-drive/XYdFAUwfROKLx8NAxJ7JNw,sugar-hill-georgia
https://www.ubereats.com/atlanta/food-delivery/panda-express-suwanee-3585-peachtree-parkway/H4TncQ5fSqGIFg7NyyCHLA,sugar-hill-georgia
https://www.ubereats.com/atlanta/food-delivery/johnnys-new-york-style-pizza-2115-market-pl-blvd/OCUMUwdOT4qLn9nK1TSXew,sugar-hill-georgia
https://www.ubereats.com/atlanta/food-delivery/tin-drum-asian-kitchen-johns-creek/olHNrZcgQQm2XD3P7Vznmw,sugar-hill-georgia
https://www.ubereats.com/atlanta/food-delivery/top-wings-and-deli/s2gc5WjaShyqD17ptB_oMA,sugar-hill-georgia
https://www.ubereats.com/atlanta/food-delivery/o4w-pizza/rwYAqpfuQDKFMCNHWI1Kfg,sugar-hill-georgia
https://www.ubereats.com/atlanta/food-delivery/twisted-tavern-nelson-brogdon-blvd/8LCivTBgQm2O7Un7EFpZvw,sugar-hill-georgia
https://www.ubereats.com/atlanta/food-delivery/brusters-real-ice-cream-2720-braselton-hwy/zBK26hXzR2i2ecIBeRy6HA,sugar-hill-georgia
https://www.ubereats.com/atlanta/food-delivery/cafe-wing-max-duluth/bk-KNs1ESLOv0ZhdBx_5Yw,sugar-hill-georgia
https://www.ubereats.com/atlanta/food-delivery/red-ginger-asian-fusion/uNhUvSv9R5aOTq8VHEycZQ,sugar-hill-georgia
https://www.ubereats.com/atlanta/food-delivery/choong-man-chicken-suwanee/MRvsNRi7R1qVRnKOmWELow,sugar-hill-georgia
https://www.ubereats.com/atlanta/food-delivery/macaroni-grill-mall-of-ga/b1rFpwiwSbOL4TG9p3uUwA,sugar-hill-georgia
https://www.ubereats.com/atlanta/food-delivery/lsoi-pizzeria-and-grill/x4y1C4NwTM2zii0CXwogIw,sugar-hill-georgia
https://www.ubereats.com/atlanta/food-delivery/chicken-run/-xUs8f5dQIWb8Efdv5a7Dg,sugar-hill-georgia
https://www.ubereats.com/atlanta/food-delivery/tacos-and-tequilas-mexican-grill-financial-ctr-way/SxerapeSTjuU6uXq4f1MBw,sugar-hill-georgia
https://www.ubereats.com/atlanta/food-delivery/golden-seven-duluth/D5Gi43fvQ3ay5iogDtifsw,sugar-hill-georgia
https://www.ubereats.com/atlanta/food-delivery/samba-steakhouse-cumming-hwy/BJJwyQgnSq6OmmQ4OoM8vg,sugar-hill-georgia
https://www.ubereats.com/atlanta/food-delivery/ocharleys-3217-buford-dr/_9Pve-I5S1a8rgY6fSffLQ,sugar-hill-georgia
https://www.ubereats.com/atlanta/food-delivery/j-christophers-duluth/n4ugQ8PiRUuXOrgsPSIGJw,sugar-hill-georgia
https://www.ubereats.com/atlanta/food-delivery/ocharleys-920-buford-road/AMF19LLFRZyGNsIRAl9DEQ,sugar-hill-georgia
https://www.ubereats.com/atlanta/food-delivery/tequila-mama-taqueria/LKMdu0xtQRq_nVk__LyYHg,sugar-hill-georgia
https://www.ubereats.com/atlanta/food-delivery/zaxbys-7140-mcginnis-ferry-rd/99zmdplkSLahCNXfjM5OlQ,sugar-hill-georgia
https://www.ubereats.com/atlanta/food-delivery/mcdonalds-4358-buford-drive/z2XiK0tpSBeEFzpWqbOfgw,sugar-hill-georgia
https://www.ubereats.com/atlanta/food-delivery/cicis-pizza-ronald-reagan-blvd/lPAZEXiiTkWaM85dWbMxjg,sugar-hill-georgia
https://www.ubereats.com/atlanta/food-delivery/captain-ds-597-atlanta-rd/kmZPij07RzOnfkdX1V8CJw,sugar-hill-georgia
https://www.ubereats.com/atlanta/food-delivery/carniceria-mena/t3mhG-6uRFmy9Dkmjqyvlw,sugar-hill-georgia
https://www.ubereats.com/atlanta/food-delivery/wayback-burger-1030-old-peachtree-rd-nw/_-0-DNs4SfO8_2JSfTcOkw,sugar-hill-georgia
https://www.ubereats.com/atlanta/food-delivery/arbys-3595-peachtree-pkwy/T6ydZnPrTSq8qVHPanAgjg,sugar-hill-georgia
https://www.ubereats.com/atlanta/food-delivery/craft-burgers-by-shane/rISRLJAwSIKPy604R0wo3g,sugar-hill-georgia
https://www.ubereats.com/atlanta/food-delivery/2-plus-2/0X6YmAH7SOeYYOCBNoF4PQ,sugar-hill-georgia
https://www.ubereats.com/atlanta/food-delivery/crave-pie-studio/PAJKbTEiSSWmL-Sz2cQmIg,sugar-hill-georgia
https://www.ubereats.com/atlanta/food-delivery/wendys-4365-buford-dr/ohwKmyaWS2aEr48kjsnF4A,sugar-hill-georgia
https://www.ubereats.com/atlanta/food-delivery/first-watch-buford/rN26-4cdTbS5sPIwFqOFyw,sugar-hill-georgia
https://www.ubereats.com/atlanta/food-delivery/qdoba-mexican-grill-johns-creek/hsHumpaGS4CM5b8iFzrMpA,sugar-hill-georgia
https://www.ubereats.com/atlanta/food-delivery/dunkin-3687-buford-dr/XPAlV_r4R7-95utMjwEcjw,sugar-hill-georgia
https://www.ubereats.com/atlanta/food-delivery/baitong-thai-restaurant/SoUXyHxxTrGnBGcZlrVcOA,sugar-hill-georgia
https://www.ubereats.com/atlanta/food-delivery/subway-2380-buford-dr/FYRZym04R_-AHxuoy0gTpA,sugar-hill-georgia
https://www.ubereats.com/atlanta/food-delivery/dunkin-3154-lawrenceville-suwanee-rd-suite-101/7_I7K1VNTXWHbwaM7YERGA,sugar-hill-georgia
https://www.ubereats.com/atlanta/food-delivery/jays-caribbean-cuisine/gymJw1WrSlGShqjIwY4VpA,sugar-hill-georgia
https://www.ubereats.com/atlanta/food-delivery/papa-johns-2380-buford-dr-ste-104/w5AtZ2VWTQ6FbNuEFK6JLA,sugar-hill-georgia
https://www.ubereats.com/atlanta/food-delivery/zaxbys-3460-braselton-hwy/NJKrdQSXTK67pdqshI-0Zg,sugar-hill-georgia
https://www.ubereats.com/atlanta/food-delivery/vice-bar-%26-bistro-suwanee/cNODErLnRi2KvbV50lqJ2w,sugar-hill-georgia
https://www.ubereats.com/atlanta/food-delivery/pizza-hut-5885-cumming-hwy-ste-301/c4wsABJgTbq_fQKU-EqVCw,sugar-hill-georgia
https://www.ubereats.com/atlanta/food-delivery/q-korean-steakhouse/GxgPzbeiTYaHqwdbIEvfnA,sugar-hill-georgia
