url,city
https://www.ubereats.com/houston/food-delivery/zoes-kitchen-2260-lone-star-drive/wwJ4RU-4QOKwzOEVR5fiKA,sugar-land-texas
https://www.ubereats.com/houston/food-delivery/ihop-stafford/2CftpUMoSHyR50yk0GmZRw,sugar-land-texas
https://www.ubereats.com/houston/food-delivery/bun-mang-vit-thanh-da/dWcPjBzRTIimVlY2nzqs7w,sugar-land-texas
https://www.ubereats.com/houston/food-delivery/dennys-6131-highway-6-s/8vksx2saS4WnDOWUtsnCzw,sugar-land-texas
https://www.ubereats.com/houston/food-delivery/mod-pizza-riverstone/AN7AwnMuQriL_D3yJvDOqw,sugar-land-texas
https://www.ubereats.com/houston/food-delivery/oba-japanese-cuisine/oLUXMsT9QcaimYoPeACx8A,sugar-land-texas
https://www.ubereats.com/houston/food-delivery/feydups-kitchen/SSpwfCnRSSmkpKxC3qol3g,sugar-land-texas
https://www.ubereats.com/houston/food-delivery/pepperonis-rosenberg/ytdgdg4pR9eI62eWUvUPng,sugar-land-texas
https://www.ubereats.com/houston/food-delivery/cajun-kitchen/DgLxolWXSGid5FVxN_hrnw,sugar-land-texas
https://www.ubereats.com/houston/food-delivery/hana-japanese-%26-chinese-cuisine/v-sBe7XeQXayQ2S8aqhWtw,sugar-land-texas
https://www.ubereats.com/houston/food-delivery/another-broken-egg/iBqStdqzR0SKKxkgAVZJIw,sugar-land-texas
https://www.ubereats.com/houston/food-delivery/five-nine-lounge/vs-CG8jHSSCqjnpbBESUDQ,sugar-land-texas
https://www.ubereats.com/houston/food-delivery/kababi-zaytoon/lo8Yg35oQO26NSf5digbPg,sugar-land-texas
https://www.ubereats.com/houston/food-delivery/brewingz-restaurant-%26-bar-the-fountains/YCWD-oVkS_-c6bGkIQbWtQ,sugar-land-texas
https://www.ubereats.com/houston/food-delivery/pepperonis-first-colony/J80RXRQSSdeMG5WG5G8BOw,sugar-land-texas
https://www.ubereats.com/houston/food-delivery/elbitas-mexican-restaurant/4_cEVZekRG6ivCZCG5hSWw,sugar-land-texas
https://www.ubereats.com/houston/food-delivery/mosset-new-american-grill/vpDJp4ytSR20GtM7X0nlQw,sugar-land-texas
https://www.ubereats.com/houston/food-delivery/aki-steak-%26-sushi-sugarland/sVXXOjcdTTemHb9k0Dln2w,sugar-land-texas
https://www.ubereats.com/houston/food-delivery/biryani-n-more/uO11lhkkSnyDaXXmBDetoA,sugar-land-texas
https://www.ubereats.com/houston/food-delivery/smashburger-2623-town-center-blvd/xP2BJK0tQHGjVH6RndIu9g,sugar-land-texas
https://www.ubereats.com/houston/food-delivery/remos-cafe/z8T6i69vQESoX3tEKZ2HPw,sugar-land-texas
https://www.ubereats.com/houston/food-delivery/schlotzskys-8751-highway-6-south-suite-z/eTeQvzi2Shm9NbuzpXJtjQ,sugar-land-texas
https://www.ubereats.com/houston/food-delivery/potbelly-sandwich-shop-sugarland-dt-%7C-171/uHxFIGeHSgyWnovIWUH2VQ,sugar-land-texas
https://www.ubereats.com/houston/food-delivery/subway-13875-sw-freeway/RJ4yIqxPQQu8CkT1v5EPeA,sugar-land-texas
https://www.ubereats.com/houston/food-delivery/tropical-smoothie-cafe-3607-south-main/g9hjH3AhTvCjdIQQhko79A,sugar-land-texas
https://www.ubereats.com/houston/food-delivery/smoothies-%26-more/LkdJuOYfSmKqutWKkbxdQQ,sugar-land-texas
https://www.ubereats.com/houston/food-delivery/yongs-bakery/6bK8I8ICTmiRK3R8YKCyWg,sugar-land-texas
https://www.ubereats.com/houston/food-delivery/panda-express-1401-state-hwy-6/od_mzEWoS_G1MqPpsetIhA,sugar-land-texas
https://www.ubereats.com/houston/food-delivery/carrabbas-2335-hwy-6/M4esbwRVRPOs19hI07tSig,sugar-land-texas
https://www.ubereats.com/houston/food-delivery/pier-36-seafood-%26-oyster-bar/lBTRhSVxTtmdp-MV2KPjog,sugar-land-texas
https://www.ubereats.com/houston/food-delivery/jamba-juice-9303-hwy-6-ste-100/DhM33zCiSPqyu5kJ2s8-gg,sugar-land-texas
https://www.ubereats.com/houston/food-delivery/the-comfort-food-factory-hiram-clarke/_tzGwpnrSEKXt6ElSBFswA,sugar-land-texas
https://www.ubereats.com/houston/food-delivery/raizes-mexican-kitchen/cAu6qM-VTsajwtz1wN1LYw,sugar-land-texas
https://www.ubereats.com/houston/food-delivery/sake-asian-sushi-%26-wine-bar/C4vkICNNR5-NUd_dzCmF4Q,sugar-land-texas
https://www.ubereats.com/houston/food-delivery/fusion-kitchen/sWtsTPpqSteeRAKznrC-FA,sugar-land-texas
https://www.ubereats.com/houston/food-delivery/eggcellence-cafe/i9dFxsAZQE2Qlfam7FAvoA,sugar-land-texas
https://www.ubereats.com/houston/food-delivery/taco-salsa/kyaTrLJdRa-Et8Nm8CSrkw,sugar-land-texas
https://www.ubereats.com/houston/food-delivery/indian-palace/AQL23Hc-RfeEp0_Yzjn3Sw,sugar-land-texas
https://www.ubereats.com/houston/food-delivery/gyro-republic/X7ixQqE7SxSqiIcFu4-5VQ,sugar-land-texas
https://www.ubereats.com/houston/food-delivery/saltgrass-19720-southwest-freeway/CV1q0uaxRvG_Jm20ZAOJrA,sugar-land-texas
https://www.ubereats.com/houston/food-delivery/jack-in-the-box-1744-dulles/oti9T5ybTp2SPTVm485Dzw,sugar-land-texas
https://www.ubereats.com/houston/food-delivery/ihop-gessner/RyTtfvICQoya9efd6UUW9w,sugar-land-texas
https://www.ubereats.com/houston/food-delivery/teapresso-bar/2mduJTslQ5u-OaVydCAxOA,sugar-land-texas
https://www.ubereats.com/houston/food-delivery/southern-maid-donut-sugar-land/SLFmQSLvRAqQ7fMP17_5Zg,sugar-land-texas
https://www.ubereats.com/houston/food-delivery/bfw-pizza-co/nfKWEjdnQyaIqHHkAHBpgQ,sugar-land-texas
https://www.ubereats.com/houston/food-delivery/texas-forever-cafe-and-grill/kX2NEyzETdStAlbKVZhbNA,sugar-land-texas
https://www.ubereats.com/houston/food-delivery/glazed-doughnuts-first-colony-mall/rsad73kzS6qRUSgs-vKMtw,sugar-land-texas
https://www.ubereats.com/houston/food-delivery/the-seafood-spot/fpO4tDgIRj2pWzZ-5b43GA,sugar-land-texas
https://www.ubereats.com/houston/food-delivery/ekiti-parapo-africa-restaurant-and-store/uWc1YKWPRHC8_FcBCCEWmQ,sugar-land-texas
https://www.ubereats.com/houston/food-delivery/decadent-coffee-and-dessert-bar/ZdcRk2ILQViinBzE3vmRsw,sugar-land-texas
https://www.ubereats.com/houston/food-delivery/firehouse-subs-rosenberg/04Mz0Js1RimHttBf1ThgtQ,sugar-land-texas
https://www.ubereats.com/houston/food-delivery/taste-of-china-%E6%B9%98%E6%B5%99%E6%B1%87/jxLNtXIJTym3h2LQxeLGQg,sugar-land-texas
https://www.ubereats.com/houston/food-delivery/boston-market-2410-hwy-6/aJMPGQoRQwOZzpRVCa3qaA,sugar-land-texas
https://www.ubereats.com/houston/food-delivery/jack-in-the-box-5004-avenue-h/GEmLu7N3SM6aVzB9OaQhBA,sugar-land-texas
https://www.ubereats.com/houston/food-delivery/kumars-houston/5jnelzimRuC3xJGU_fD60g,sugar-land-texas
https://www.ubereats.com/houston/food-delivery/dgn-factory-missouri-city/8CFZHMHPRdK18RCmfUMvGg,sugar-land-texas
https://www.ubereats.com/houston/food-delivery/jack-in-the-box-3402-s-main/JljDR-yfSfCwgBIPBwWNmQ,sugar-land-texas
https://www.ubereats.com/houston/food-delivery/china-king/nbQywTXdQY6bj_dKBN0AJg,sugar-land-texas
https://www.ubereats.com/houston/food-delivery/black-bear-diner-13590-university-boulevard-ste-100/-aOFHd_OTDCAvWPsAEUkGA,sugar-land-texas
https://www.ubereats.com/houston/food-delivery/taco-bell-6907-highway-6-south/t_ktPQI9Q96HtXaBBE8ghQ,sugar-land-texas
https://www.ubereats.com/houston/food-delivery/calabar-cuisine/mDkHbppbQ7Wr5SBuOlQ8hA,sugar-land-texas
https://www.ubereats.com/houston/food-delivery/el-pollo-loco-5346-w-grand-pkwy-s6133/QJW_rmhQSp2bUdvkxhi1Fg,sugar-land-texas
https://www.ubereats.com/houston/food-delivery/vs-thai-restaurant-%26-bar/bE7WN-R4R7CCypzN1R0OKA,sugar-land-texas
https://www.ubereats.com/houston/food-delivery/og-tea/EZQMfyB9RMiAgVGbRieoeg,sugar-land-texas
https://www.ubereats.com/houston/food-delivery/mama-ninfas-mexican-restaurant-sugarland/AgJ37MngSSKtZIFv1T7Crg,sugar-land-texas
https://www.ubereats.com/houston/food-delivery/marble-slab-creamery-15227-southwest-freeway/eilrrX8uTXaLGENagyvqnQ,sugar-land-texas
https://www.ubereats.com/houston/food-delivery/breakers-korean-bbq-sugarland/BRoI7-TVRzeKRgVfSoww7A,sugar-land-texas
https://www.ubereats.com/houston/food-delivery/benihana-2579-town-center-blvd/W7m7agynSyaGGuSaitl4xg,sugar-land-texas
https://www.ubereats.com/houston/food-delivery/subway-13151-bissonet/t9Yg17yZTVar47TAtGbLaw,sugar-land-texas
https://www.ubereats.com/houston/food-delivery/ottos-bbq-and-catering/p2z9XUkkSaO8sS2y-PmNNw,sugar-land-texas
https://www.ubereats.com/houston/food-delivery/agha-juice-%26-cafe-sugarland/mznr1QGQQZKsYk_5fqgUjg,sugar-land-texas
https://www.ubereats.com/houston/food-delivery/boogies-chicago-style-bbq/76dt4daXQX-_0qt9GtktWQ,sugar-land-texas
https://www.ubereats.com/houston/food-delivery/steel-city-pops-16155-city-walk/G4VldhhXTxK1dl2r8mZWTw,sugar-land-texas
https://www.ubereats.com/houston/food-delivery/pepperonis-greatwood/DbXnUvKaQOa4NC0I-vcKBQ,sugar-land-texas
https://www.ubereats.com/houston/food-delivery/burger-king-3549-highway-6/IYZOiDc0Q9yvZoX4QChmBA,sugar-land-texas
https://www.ubereats.com/houston/food-delivery/sonic-12260-southwest-fwy/LVPH4W63So-jVL63pniKwg,sugar-land-texas
https://www.ubereats.com/houston/food-delivery/mcdonalds-1053-eldridge/NpCkAFaPT82eEm6wjhLtsw,sugar-land-texas
https://www.ubereats.com/houston/food-delivery/kfc-2210-texas-parkway/yzxnrwd7R56BHKcRkp14Rg,sugar-land-texas
https://www.ubereats.com/houston/food-delivery/the-pho-shack-sugar-land/zZc2D3DaTj-fgR8RK-_C4A,sugar-land-texas
https://www.ubereats.com/houston/food-delivery/japaneiros-sushi-bistro/EsDJ7QmFRjSi8JgFLNMhnw,sugar-land-texas
https://www.ubereats.com/houston/food-delivery/vietwich/O1HLTF4nRNaBwMMe5kemQg,sugar-land-texas
https://www.ubereats.com/houston/food-delivery/cinnabon-sugar-land/SqNzegp0T9Wsh6TnYdKmXg,sugar-land-texas
https://www.ubereats.com/houston/food-delivery/sabo-suya/Ymc140YdSVuWmj9UvUxniw,sugar-land-texas
https://www.ubereats.com/houston/food-delivery/brookstreet-bbq-sugar-land/QX9MO103SIm3VMMLDDk2aQ,sugar-land-texas
https://www.ubereats.com/houston/food-delivery/churchs-chicken-4823-avenue-h/buyVqOx6StiH0Qq5wbzxJA,sugar-land-texas
https://www.ubereats.com/houston/food-delivery/papa-johns-11545-hwy-6-south/Ymkz8jP1SZ2nXM3Zpr6DJw,sugar-land-texas
https://www.ubereats.com/houston/food-delivery/cracker-barrel-old-country-store-23801-sw-fwy/jdvfOr0gSwyxraNTzsxaUQ,sugar-land-texas
https://www.ubereats.com/houston/food-delivery/japenese-food-%26juice-time/cbrY6EQTSjCzAe0sv-2_7A,sugar-land-texas
https://www.ubereats.com/houston/food-delivery/ihop-3598/ABlH7y0ET42-GxclKA-Psw,sugar-land-texas
https://www.ubereats.com/houston/food-delivery/which-wich-8840-hwy-6/rSuRIxA-Rc69-cHfaJSSxQ,sugar-land-texas
https://www.ubereats.com/houston/food-delivery/creamery-teahouse/e5qwXAh9RXensAUMz6O-uA,sugar-land-texas
https://www.ubereats.com/houston/food-delivery/pizza-and-grill-express/JaAp-QiFSbCn2sDsTudWuA,sugar-land-texas
https://www.ubereats.com/houston/food-delivery/outback-steakhouse-%234420-sugar-land/zrD7wsDcTOuznXzCY00Vng,sugar-land-texas
https://www.ubereats.com/houston/food-delivery/russos-new-york-pizzeria/HZERbzlSTR6r7ZVRH25vRg,sugar-land-texas
https://www.ubereats.com/houston/food-delivery/bun-bo-hue-duc-chuong/bqH8IFS1Sk2qBAYAFjXG5w,sugar-land-texas
https://www.ubereats.com/houston/food-delivery/pepperonis-pecan-grove/hEAWYuezQauAi9-FCh3Djw,sugar-land-texas
https://www.ubereats.com/houston/food-delivery/popeyes-16540-southwest-fwy/4GXbKgm-TLGYboakFIjhJQ,sugar-land-texas
https://www.ubereats.com/houston/food-delivery/mcdonalds-9310-hwy-6-s/Pv-83EPsTzSdVBNrXwpmcQ,sugar-land-texas
https://www.ubereats.com/houston/food-delivery/fernandos/orGefaKgTEiCv-0BUwWlTw,sugar-land-texas
https://www.ubereats.com/houston/food-delivery/agas-restaurant-%26-catering/Kz1DL414QMCYeqrppys9WQ,sugar-land-texas
https://www.ubereats.com/houston/food-delivery/pasquallys-pizza-%26-wings-2303-town-center-dr/3gKPgkL5R126VhHhvQWqkg,sugar-land-texas
https://www.ubereats.com/houston/food-delivery/napoli-express-pizza/AO1b-elIQ2KQU3vSdaJE8g,sugar-land-texas
https://www.ubereats.com/houston/food-delivery/express-deli/Z1ZfxNYwSFuFzTnwgObQfw,sugar-land-texas
https://www.ubereats.com/houston/food-delivery/stacked-ice-cream-sugarland/y9_kN4LSQ8WB_RhxtwdFww,sugar-land-texas
https://www.ubereats.com/houston/food-delivery/jersey-mikes-subs-19824-sw-freeway/3eCTKJCrQdqkEb51VMC4xQ,sugar-land-texas
https://www.ubereats.com/houston/food-delivery/wazobia-kitchen/iR76zwIiRQ61-B51VO95Dg,sugar-land-texas
https://www.ubereats.com/houston/food-delivery/saigon-pho-%26-grill/iA8lG1xWQAaODobPc8Q2MA,sugar-land-texas
https://www.ubereats.com/houston/food-delivery/starbucks-hwy-90-%26-easton/24pGfJa6SUCo_1y9lKiJ1A,sugar-land-texas
https://www.ubereats.com/houston/food-delivery/taqueria-el-corralito/q_sPNEp0SuScvOITJ9SUQw,sugar-land-texas
https://www.ubereats.com/houston/food-delivery/ihop-6737-reading-road/Q4zhni4cTGm4-omc0iSvNQ,sugar-land-texas
https://www.ubereats.com/houston/food-delivery/sonic-11511-s-highway-6/dDUoDmrMTAK9HNQRzAClHw,sugar-land-texas
https://www.ubereats.com/houston/food-delivery/lydias-food-truck/QBlOBVL6RYmsiev3yP-8iQ,sugar-land-texas
https://www.ubereats.com/houston/food-delivery/sbarro-16535-southwest/V-k4ucktR1KLum2HX70t1g,sugar-land-texas
https://www.ubereats.com/houston/food-delivery/kfc-tb-4950-highway-90a/gqyNmvkPRH6eQ6IAz5vYyA,sugar-land-texas
https://www.ubereats.com/houston/food-delivery/jack-in-the-box-12331-highway-6/DOgE5zhVROKa0PlCodWj1w,sugar-land-texas
https://www.ubereats.com/houston/food-delivery/mr-sizzles-curbside/2He2gW76TOicomakRcoyfQ,sugar-land-texas
https://www.ubereats.com/houston/food-delivery/subway-3557-hwy-6/WMGUKLVjTK-oYThiOZOVQg,sugar-land-texas
https://www.ubereats.com/houston/food-delivery/chop-meat-%26-grill-halal/jcKRkVLKTTq_ftkVVkYPDQ,sugar-land-texas
https://www.ubereats.com/houston/food-delivery/china-wok-cafe/YuWsZN4aQoq_fdjXKxTvfQ,sugar-land-texas
https://www.ubereats.com/houston/food-delivery/mylk-box/OzOxKlrhRlOwGEiFG_1xDg,sugar-land-texas
https://www.ubereats.com/houston/food-delivery/mod-pizza-aliana/O0bzbwtCQteiZRsGL9gVfg,sugar-land-texas
https://www.ubereats.com/houston/food-delivery/chipotle-mexican-grill-6245-highway-6-ste-100/3HyTWaPqT8-gKJZYCyviCw,sugar-land-texas
https://www.ubereats.com/houston/food-delivery/five-guys-tx-0445-15810-sw-freeway/AWR8njrkRNmScibP0CLbWw,sugar-land-texas
https://www.ubereats.com/houston/food-delivery/bullritos-rosenburg/iD3qqIUPSUawH1fxo1xeqw,sugar-land-texas
https://www.ubereats.com/houston/food-delivery/jersey-mikes-subs-4818-waterview-town-center-drive/fvE86emNS5uyi9HuWJIPGg,sugar-land-texas
https://www.ubereats.com/houston/food-delivery/pho-huynh/WKD-8XRrQRy55DtQFx3fAg,sugar-land-texas
https://www.ubereats.com/houston/food-delivery/papa-johns-7770-west-grand-pkwy-south/cIn3HfomS2yysIrvz0bXgQ,sugar-land-texas
https://www.ubereats.com/houston/food-delivery/avalon-diner-iii/VOTrzCIIQauYko1IwikJow,sugar-land-texas
https://www.ubereats.com/houston/food-delivery/dairy-queen-3707-s-main-st/eZLVeTahSymIX_9fWsZT6A,sugar-land-texas
https://www.ubereats.com/houston/food-delivery/abu-omar-halal-sugar-land/M93dDORxR9a2wJtTNyBpLA,sugar-land-texas
https://www.ubereats.com/houston/food-delivery/zn-pizza/sMlj_XtYRau6BJZdKveuZA,sugar-land-texas
https://www.ubereats.com/houston/food-delivery/app8ite-bar-%26-grill/9f8ugybNSTuE__k-DMd1Kw,sugar-land-texas
https://www.ubereats.com/houston/food-delivery/schlotzskys-deli-15287-sw-freeway/pZBmcKUDTI-Lj54MB2_wOA,sugar-land-texas
https://www.ubereats.com/houston/food-delivery/fresh-grinds-burger-stafford/E8YudrdSRgShHL4SeszNjw,sugar-land-texas
https://www.ubereats.com/houston/food-delivery/smoked-n-chopped/qdOymyWHT_WfRRoSuXiBdA,sugar-land-texas
https://www.ubereats.com/houston/food-delivery/pizza-101-sugar-land/8eTYs10FSPyfIU4DRjHGsw,sugar-land-texas
https://www.ubereats.com/houston/food-delivery/sonic-9835-south-mason-rd/6IYOnUxrRSGqoUMpmjcWcQ,sugar-land-texas
https://www.ubereats.com/houston/food-delivery/burger-king-11765-highway-6/adfFrxmHSjKkbvSFbvmRsA,sugar-land-texas
https://www.ubereats.com/houston/food-delivery/taco-bell-5640-w-grand-parkway-s/QYAkCwqEQx6PquKyVkgqzg,sugar-land-texas
https://www.ubereats.com/houston/food-delivery/wendys-13693-murphy-road/8EHjeJoHRjqDTFRzzCKZHg,sugar-land-texas
https://www.ubereats.com/houston/food-delivery/jersey-mikes-520-hwy-6/KyPBrkKuRFGDAMhGcUzbIQ,sugar-land-texas
https://www.ubereats.com/houston/food-delivery/toast/-yclKa_mTt67qeFk0zHRWw,sugar-land-texas
https://www.ubereats.com/houston/food-delivery/mazzeis-gourmet-pizza/FXkSa625SbutYICTQHXEKg,sugar-land-texas
https://www.ubereats.com/houston/food-delivery/tropical-smoothie-cafe-bella-terra-shopping-centre/pnMRwNK2Su2DqEZfK-cNKg,sugar-land-texas
https://www.ubereats.com/houston/food-delivery/jade-garden-chinese-cuisine/FelsGjnKQAiVJghUJJdYlQ,sugar-land-texas
https://www.ubereats.com/houston/food-delivery/saravanaa-bhavan-sugar-land/rkKL5yZ4TiS8OfgOjcmXmQ,sugar-land-texas
https://www.ubereats.com/houston/food-delivery/the-sweet-boutique-bakery/9JlpPAYcSx6HMdcSfIP_jw,sugar-land-texas
https://www.ubereats.com/houston/food-delivery/bakery-donuts/PimtJHmbQN6h8LTmdQgxtA,sugar-land-texas
https://www.ubereats.com/houston/food-delivery/wing-station-riverstone/H2xc1CRQSsmy5D84S1c3lA,sugar-land-texas
https://www.ubereats.com/houston/food-delivery/big-6-bar-b-que/xYlmHswPTO6JOhohY_Ybeg,sugar-land-texas
https://www.ubereats.com/houston/food-delivery/popeyes-4850-highway-6/r_iBpFfqRDaa5saSfRh3xg,sugar-land-texas
https://www.ubereats.com/houston/food-delivery/mod-pizza-sugar-land/7u1kGGvTQlKXESzGM4yiVg,sugar-land-texas
https://www.ubereats.com/houston/food-delivery/las-mananitas-mexican-restaurant-richmond/ysFagvL1SLuTHClndUIAag,sugar-land-texas
https://www.ubereats.com/houston/food-delivery/michelles-kitchen/peYBJMM7RRiAoODbh22d4w,sugar-land-texas
https://www.ubereats.com/houston/food-delivery/blaze-pizza-16100-kensington-drive-suite-500/AxmBB29gQciSvfnVhIAUzw,sugar-land-texas
https://www.ubereats.com/houston/food-delivery/space-city-wings/sFrC7bUHRmyHeYC-zDewpA,sugar-land-texas
https://www.ubereats.com/houston/food-delivery/marcos-pizza-1912-westcott-ave-suite-200/s_b2SCL4Qv-lUdRYFRVqBg,sugar-land-texas
https://www.ubereats.com/houston/food-delivery/lydias-grill-%26-catering/LUwMQKK-ThqSeHZ0Z1696w,sugar-land-texas
https://www.ubereats.com/houston/food-delivery/mcdonalds-3401-hwy-6/q-wkpHTSRUGxVe0LNkNoqA,sugar-land-texas
https://www.ubereats.com/houston/food-delivery/sonic-grand-parkway/rskbN5WRSAi8X2YpYyb2mA,sugar-land-texas
https://www.ubereats.com/houston/food-delivery/papa-johns-1414/4YNs4Uv8Sgm5Zgh29nyu-w,sugar-land-texas
https://www.ubereats.com/houston/food-delivery/burger-king-1750-crabb-river-road/DDIa3DlcRcmFE16jbnSC5w,sugar-land-texas
https://www.ubereats.com/houston/food-delivery/jack-in-the-box-12175-sw-freeway/7iQiVD4nS7qvmTMcpxEP2w,sugar-land-texas
https://www.ubereats.com/houston/food-delivery/papa-johns-8420-sam-houston-pkwy/KlsSmmKtSRWmj1uWJ-4L4w,sugar-land-texas
https://www.ubereats.com/houston/food-delivery/papa-johns-6262-highway-6-south/bbhRP9T_QAGJ9Mis6L9mIw,sugar-land-texas
https://www.ubereats.com/houston/food-delivery/poketo-bowls-%26-broths/vXTH4MuVRjqfsXj4Tw5YmA,sugar-land-texas
https://www.ubereats.com/houston/food-delivery/dimassis-mediterranean-buffet-sugar-land/je2gdNCiQpa_cUl4x-P9Qg,sugar-land-texas
https://www.ubereats.com/houston/food-delivery/off-the-vine-bistro-and-wine-bar/vwAJ7gXhTtmddUP6onx-SA,sugar-land-texas
https://www.ubereats.com/houston/food-delivery/panda-express-9717-highway-6/tQwpEBI1TEm1xYjDlrft3g,sugar-land-texas
https://www.ubereats.com/houston/food-delivery/the-rouxpour-sugar-land/bPtCIN5ZTX2iMYh7y-5MIw,sugar-land-texas
https://www.ubereats.com/houston/food-delivery/chai-shai-2/gwtiP4mOTtG-yId8o0Qr-w,sugar-land-texas
https://www.ubereats.com/houston/food-delivery/mikkis-cafe-soulfood/i8zNfqprT5mRyW_O_-5K7Q,sugar-land-texas
https://www.ubereats.com/houston/food-delivery/popeyes-1134-eldridge-rd/Df68QWjGSBu01hiZJhmUng,sugar-land-texas
https://www.ubereats.com/houston/food-delivery/panda-express-7420-s-sam-houston-pkwy/9C7pv5GbSqC-sCIAmHURhA,sugar-land-texas
https://www.ubereats.com/houston/food-delivery/savoy-restaurant/K1dGgvVsTeSYAaTSFi-5zg,sugar-land-texas
https://www.ubereats.com/houston/food-delivery/telfair-spices/bSWa4OIZTr66MdMKHRx1Xw,sugar-land-texas
https://www.ubereats.com/houston/food-delivery/bs-bar-%26-grill-houston/-7EOMdnfQimMRKMlTbpx4g,sugar-land-texas
https://www.ubereats.com/houston/food-delivery/checkers-11300-bissonnet-street/WK6yDa7eQxGmU-rExQq-BQ,sugar-land-texas
https://www.ubereats.com/houston/food-delivery/bansuri/pNfLeP6DQxa6ezfVmvGmDA,sugar-land-texas
https://www.ubereats.com/houston/food-delivery/the-haleem-bowl/LaQ0sadDTZ6KQGtmyrIwnQ,sugar-land-texas
https://www.ubereats.com/houston/food-delivery/al-kabab-beechnut-st/5n57lIZ2Sl6eWWin3k-ivQ,sugar-land-texas
https://www.ubereats.com/houston/food-delivery/sonic-1420-jackson-street/nxqz0C46QjCiAoPtr46aHA,sugar-land-texas
https://www.ubereats.com/houston/food-delivery/top-of-flight/VNlaQlVfTUeCfr78mYzmpg,sugar-land-texas
https://www.ubereats.com/houston/food-delivery/bluetree-wing-%26-seafood/tVTyzHt_Qi2U0tyQkJLjCA,sugar-land-texas
https://www.ubereats.com/houston/food-delivery/the-swinging-door/5AiibC5kSu6VH_bYXcnbPQ,sugar-land-texas
https://www.ubereats.com/houston/food-delivery/chick-fil-a-2330-highway-6/zliRXwjfSLWBwNJei2RO2Q,sugar-land-texas
https://www.ubereats.com/houston/food-delivery/whiskey-cake-kitchen-%26-bar-stafford/aUnxUYkuTh6tqt17M095Hg,sugar-land-texas
https://www.ubereats.com/houston/food-delivery/kung-fu-tea-13509-university-blvd-%23a300/ZnFQjwadTwec3dYA8HiCmg,sugar-land-texas
https://www.ubereats.com/houston/food-delivery/popeyes-16722-w-grand-pkwy-s/cBaDMTWXS_OmZl_SckIpRg,sugar-land-texas
https://www.ubereats.com/houston/food-delivery/my-tastes/vjZ2-GejT3GJbMQbIm9pEQ,sugar-land-texas
https://www.ubereats.com/houston/food-delivery/saigon-basil/IQAmbKQnTvi6oO7OT295Vg,sugar-land-texas
https://www.ubereats.com/houston/food-delivery/arbys-1535-state-hwy-6-b/pLDOoLNpQWCbDDZ31zEBrg,sugar-land-texas
https://www.ubereats.com/houston/food-delivery/guru-burgers-%26-crepes-sugar-land/vgDPybUQT3qpumPoq4T98g,sugar-land-texas
https://www.ubereats.com/houston/food-delivery/fort-bend-donuts/6imEJf19RwuE206NtQF7bw,sugar-land-texas
https://www.ubereats.com/houston/food-delivery/panda-bistro/_r1veWpST5m4SmLPA0zX4A,sugar-land-texas
https://www.ubereats.com/houston/food-delivery/chuck-e-cheese-2303-town-center-dr/JRZmmZAKQf-8_EQi4BUjHA,sugar-land-texas
https://www.ubereats.com/houston/food-delivery/subway-12999-murphy-rd/Yr7kJEMBTNGr9AH0XpAaXQ,sugar-land-texas
https://www.ubereats.com/houston/food-delivery/burger-king-8404-highway-6-south/0omz8BHnQj2WFi9X671_OQ,sugar-land-texas
https://www.ubereats.com/houston/food-delivery/umaki-sushi-burrito/Qn-c-AOFRdO5V2cZ2ANnyw,sugar-land-texas
https://www.ubereats.com/houston/food-delivery/truindia-sugarland/qqlquq1JRImY-Pegfdx_pw,sugar-land-texas
https://www.ubereats.com/houston/food-delivery/all-harvest-food-depot/QUgFX1mFSQSCgPirls7z6Q,sugar-land-texas
https://www.ubereats.com/houston/food-delivery/state-fare-houston/1aC3yh-1Qx-HBeXeSklhXQ,sugar-land-texas
https://www.ubereats.com/houston/food-delivery/the-burger-house/GgHLBxf-RSOJA4_j5I9Kwg,sugar-land-texas
https://www.ubereats.com/houston/food-delivery/black-walnut-cafe-16535-southwest-freeway/AZFlBLheTuizQmkdvW6v4A,sugar-land-texas
https://www.ubereats.com/houston/food-delivery/poke-sushi-%26-juice-time/XBQVu0cFRcWIZAkuYn-foA,sugar-land-texas
https://www.ubereats.com/houston/food-delivery/udipi-cafe-sugarland/HyTl1vtBS8ySouk8QmDFKg,sugar-land-texas
https://www.ubereats.com/houston/food-delivery/maharaja-bhog/fvncAf_eS72JFwYvEAKGrg,sugar-land-texas
https://www.ubereats.com/houston/food-delivery/the-roof-restaurant-%2B-lounge/X8C-kPfMSWKs-HlaGaSoLw,sugar-land-texas
https://www.ubereats.com/houston/food-delivery/dumars-mediterranean-grill/WiCPw_3LSQu4BRNpxIBtYw,sugar-land-texas
https://www.ubereats.com/houston/food-delivery/willies-grill-%26-icehouse-sugar-land/CzJD0yI3RbCaqWE8VIWIHw,sugar-land-texas
https://www.ubereats.com/houston/food-delivery/nikoz-fusion-grill/kx3J3hxaQU-veQtY2Zv3QA,sugar-land-texas
https://www.ubereats.com/houston/food-delivery/taco-cabana-16770-southwest-frwy/AYuM3t2YQry8S7-OaEU-Yw,sugar-land-texas
https://www.ubereats.com/houston/food-delivery/restaurante-quisqueya/REmumoVGQByO0qXV4FtxIQ,sugar-land-texas
https://www.ubereats.com/houston/food-delivery/mod-pizza-market-at-town-center/sB8PJBJtQbWmAfDmQlh8Cw,sugar-land-texas
https://www.ubereats.com/houston/food-delivery/jack-in-the-box-6151-south-hwy-6/Y2pnhb2lTPmYs3NdyzXfPA,sugar-land-texas
https://www.ubereats.com/houston/food-delivery/kim-son-restaurant-sugar-land/p8lhhWnSQUelHkREaroGXQ,sugar-land-texas
https://www.ubereats.com/houston/food-delivery/jack-in-the-box-11706-hwy-6-south/MHgVFJ0XS7CBDT7aGSaNcQ,sugar-land-texas
https://www.ubereats.com/houston/food-delivery/marble-slab-creamery-2727-mercantile-dr/B0vBaPXUQbyRaKaoFOriRw,sugar-land-texas
https://www.ubereats.com/houston/food-delivery/the-port-of-peri-peri-sugar-land/KTVRjPjlSHGv9dN6KtdDbg,sugar-land-texas
https://www.ubereats.com/houston/food-delivery/eggcellence-cafe-sugar-land/_3UnRG-6S2WKDmVsz7RUiw,sugar-land-texas
https://www.ubereats.com/houston/food-delivery/teriyaki-madness-636-hwy-6-suite-900/-3f6YGbnRmGHfb7fn_jTSA,sugar-land-texas
https://www.ubereats.com/houston/food-delivery/trill-taco/Fw_1joVMTIeWYC-DFkN1Xg,sugar-land-texas
https://www.ubereats.com/houston/food-delivery/olives-pizza/s3Ee7PK-QNanXj-Z-fXWgA,sugar-land-texas
https://www.ubereats.com/houston/food-delivery/ming-chinese-%26-sushi-restaurant/3sZB2waBQ4WXIPNl-mZNIA,sugar-land-texas
https://www.ubereats.com/houston/food-delivery/frenchys-chicken-murphy-rd/9JbHZjkqTXSwoC-Fa_ecbw,sugar-land-texas
https://www.ubereats.com/houston/food-delivery/singapore-cafe/bbQEMNpPRVy743k8o8irMA,sugar-land-texas
https://www.ubereats.com/houston/food-delivery/i-heart-boba-stafford/rwU9uc_RTBOOnXXg7eBuTQ,sugar-land-texas
https://www.ubereats.com/houston/food-delivery/bombay-to-beijing/gXvu2QKVRCiLpu54BexbtQ,sugar-land-texas
https://www.ubereats.com/houston/food-delivery/stacattos/ktxZI_SpT8O4R7ontcv1vw,sugar-land-texas
https://www.ubereats.com/houston/food-delivery/top-sushi/t9lAgWybS0S9wBTGd9e6Sw,sugar-land-texas
https://www.ubereats.com/houston/food-delivery/waba-winghouse-wilcrest/r18lyVHXTlWClfIy3txYPg,sugar-land-texas
https://www.ubereats.com/houston/food-delivery/schlotzskys-13590-university/z1CVl2J3SmySs-3Rkp2MdQ,sugar-land-texas
https://www.ubereats.com/houston/food-delivery/pollo-campero-houston-west-bellfort/otiD9JN5TSiBQm5FADNPdw,sugar-land-texas
https://www.ubereats.com/houston/food-delivery/louisiana-famous-fried-chicken-%26-seafood-fm-1464-tx/eVPZ3BtdSzmNsd4-RRgtiw,sugar-land-texas
https://www.ubereats.com/houston/food-delivery/subway-11388-fountains-lake-dr/Iwxa8ViLSTOdC4AU0IzZLA,sugar-land-texas
https://www.ubereats.com/houston/food-delivery/kfc-tb-9922-beechnut-st/Jsool1uESX6YFn8rRKGfiA,sugar-land-texas
https://www.ubereats.com/houston/food-delivery/simply-viet/dtGDGb8HSH-XHCC_0hyEjQ,sugar-land-texas
https://www.ubereats.com/houston/food-delivery/taco-bell-3802-fm-762/U10wA753Tw2yz9e6rrWMqQ,sugar-land-texas
https://www.ubereats.com/houston/food-delivery/ashars-kitchen/FPpRB7KZRhy33dCYrTi5iw,sugar-land-texas
https://www.ubereats.com/houston/food-delivery/bamboo-spice/VVtZ7zRdTjGUsg_qML8alw,sugar-land-texas
https://www.ubereats.com/houston/food-delivery/jersey-mikes-subs-8840-highway-6/USPLjNY3S9GRKgPlWS1RLg,sugar-land-texas
https://www.ubereats.com/houston/food-delivery/teaze-daiquiris/9fkGHDn3TFqwPHJUZ0v5Tw,sugar-land-texas
https://www.ubereats.com/houston/food-delivery/biryani-%26-co/812nSY2VRFqtYsxmvOewyg,sugar-land-texas
https://www.ubereats.com/houston/food-delivery/mtea-%26-coffee/oydxlmAQTSW4-tMHwUa7Zg,sugar-land-texas
https://www.ubereats.com/houston/food-delivery/los-tios-sugarland/_RM2UNa-RjeyQCRhc1nhZA,sugar-land-texas
https://www.ubereats.com/houston/food-delivery/sicily-pizza-%26-pasta-stafford/aSnkktPZQUKUOZSq0qq10A,sugar-land-texas
https://www.ubereats.com/houston/food-delivery/sakura-asian-bistro/l0CiUt3QQ6-fcNL_a4PqlQ,sugar-land-texas
https://www.ubereats.com/houston/food-delivery/hangout-fruit-juices-%26-bites/GZqdrLwvStKTedjdpy9cqw,sugar-land-texas
https://www.ubereats.com/houston/food-delivery/tastee-pizza-%26-wings/Qjl3aXf1RRu-nL1aPbNHGA,sugar-land-texas
https://www.ubereats.com/houston/food-delivery/burger-public/BIFszEewTj6Hb735XkECHA,sugar-land-texas
https://www.ubereats.com/houston/food-delivery/regal-seafood-house-%26-lounge/LWZ-KEnaSienvemLhsx0qA,sugar-land-texas
https://www.ubereats.com/houston/food-delivery/guillorys-bbq/wls81uRhRbWvTeRigQmqnQ,sugar-land-texas
https://www.ubereats.com/houston/food-delivery/lasbela-restaurant/s6k0w_XmRwqhEOkP2kH9ig,sugar-land-texas
https://www.ubereats.com/houston/food-delivery/calliopes-bellfort/h_Qh0rEsQLmhrlIUwS4p6w,sugar-land-texas
https://www.ubereats.com/houston/food-delivery/ra-sushi-2579-town-center-blvd/5vKFmof9QAOFvSZ8e3y4dQ,sugar-land-texas
https://www.ubereats.com/houston/food-delivery/pasquallys-pizza-%26-wings-11920-southwest-frwy/mHL9I94dTxuwt8mVAYiB8w,sugar-land-texas
https://www.ubereats.com/houston/food-delivery/la-pupusa-loca/9ugXMS0LTU6jjmjSiSuJ3Q,sugar-land-texas
https://www.ubereats.com/houston/food-delivery/bean-yammy/p3IC6yiET8OwA9rEyPlYsA,sugar-land-texas
https://www.ubereats.com/houston/food-delivery/subway-4720-c-sweetwater-blvd/_9XHmOcmRymqq3JKX9XFCw,sugar-land-texas
https://www.ubereats.com/houston/food-delivery/saras-halal-burgers-%26-gyro/pzTm64OUQKGeBMfgWeRhdw,sugar-land-texas
https://www.ubereats.com/houston/food-delivery/taco-cabana-5850-highway-6/Ff2rTsrzQGS10JLLIlhgcw,sugar-land-texas
https://www.ubereats.com/houston/food-delivery/chipotle-mexican-grill-2280-lone-star-dr/Ct8J1FEuQO2djx8iTaj7RQ,sugar-land-texas
https://www.ubereats.com/houston/food-delivery/dennys-1422-state-hwy-6-s/Fct3IhU0Rbi4hfWkXUUxgQ,sugar-land-texas
https://www.ubereats.com/houston/food-delivery/wendys-10731-w-bellfort-street/PkMEcBnuTiKQB0DAH43RyQ,sugar-land-texas
https://www.ubereats.com/houston/food-delivery/starbucks-murphy-%26-independence/fATQgdOeRlG5pvAagfKP1g,sugar-land-texas
https://www.ubereats.com/houston/food-delivery/love-bird-restaurant/a_zNHjo9Tkmmkap_Lx0KMg,sugar-land-texas
https://www.ubereats.com/houston/food-delivery/chatkhara-grill/Sx64IPITSLewwa6mEyWpmA,sugar-land-texas
https://www.ubereats.com/houston/food-delivery/red-oak-grill/BpA806ZlRR6x20v6IYnGfQ,sugar-land-texas
https://www.ubereats.com/houston/food-delivery/fish-city-grill-sugar-land/fyq04sbOQZKKXf7cG2Ahcw,sugar-land-texas
https://www.ubereats.com/houston/food-delivery/mcdonalds-2025-fm-359/GN8wBmBWRZySXR1GdutVPA,sugar-land-texas
https://www.ubereats.com/houston/food-delivery/ihop-sugar-land/Bc4XINxQSeCN_lSjQH-E0A,sugar-land-texas
https://www.ubereats.com/houston/food-delivery/hyderabad-biryani-hut/RylDsCptTj2QhnSHpGBdvQ,sugar-land-texas
https://www.ubereats.com/houston/food-delivery/main-event-stafford/272mz2E7TECW0le2z3VMHg,sugar-land-texas
https://www.ubereats.com/houston/food-delivery/rice-and-rolls/hrow6_ZOTcOBJPcr0Jh46Q,sugar-land-texas
https://www.ubereats.com/houston/food-delivery/honey-baked-ham-2637-town-center-blvd/G6-UgJa3RuKT6rIlHETqUg,sugar-land-texas
https://www.ubereats.com/houston/food-delivery/kokee-tea-first-colony-mall/IH6KaGEMQ0ik-nu37GY36A,sugar-land-texas
https://www.ubereats.com/houston/food-delivery/muscle-maker-grill-sugarland/zCo63dDXRX2c16jHDoarog,sugar-land-texas
https://www.ubereats.com/houston/food-delivery/changs-chinese-restaurant-sugar-land/FWmkEvGPRzq976Bd-ofbRw,sugar-land-texas
https://www.ubereats.com/houston/food-delivery/gyro-hut/LR3TeHVlShaGBIpFJjv4_g,sugar-land-texas
https://www.ubereats.com/houston/food-delivery/grimaldis-brick-oven-pizzeria-first-colony/2CDzEDbSTs6xxvUqA_mNUA,sugar-land-texas
https://www.ubereats.com/houston/food-delivery/new-food-gallery/v628Hv5cSjeUCjvoP5d5JA,sugar-land-texas
https://www.ubereats.com/houston/food-delivery/cafe-east-3-chinese-buffet/hlbgR7BKQ6eyfm7vp5uu0A,sugar-land-texas
https://www.ubereats.com/houston/food-delivery/hooters-sugarland/UiRxHPY8Q8m_6lH-JTQyyQ,sugar-land-texas
https://www.ubereats.com/houston/food-delivery/wendys-18911-university-blvd/_SPqE2cDQ8OFEhYsT6m8ag,sugar-land-texas
https://www.ubereats.com/houston/food-delivery/the-flying-saucer-sugar-land/sYYpQHweS8KXp0j6TTwTZQ,sugar-land-texas
https://www.ubereats.com/houston/food-delivery/the-teahouse-tapioca-%26-tea-sugarland/gLYZKoINRBmKu1wIZQkP7w,sugar-land-texas
https://www.ubereats.com/houston/food-delivery/brewingz-restaurant-%26-bar-beechnut/xrJYcTLhQi2FsIM9ZZoz5Q,sugar-land-texas
https://www.ubereats.com/houston/food-delivery/wendys-5515-highway-6/9K9eFljlQN6aI2cv1UjjyA,sugar-land-texas
https://www.ubereats.com/houston/food-delivery/r%26r-bbq/hQ0l5kfVT3ikIu4tzJREwQ,sugar-land-texas
https://www.ubereats.com/houston/food-delivery/desi-tadka/6BCQQFXmTo656YNEdl1cgg,sugar-land-texas
https://www.ubereats.com/houston/food-delivery/kfc-3501-highway-6/irMNC4kyR46XHBWnkxrnew,sugar-land-texas
https://www.ubereats.com/houston/food-delivery/starbucks-hwy-59-%26-hwy-762/K0jFFmxcQYOrDqtZ0uF1bA,sugar-land-texas
https://www.ubereats.com/houston/food-delivery/applebees-12740-southwest-freeway/rl5UganHSfm0ZBnUM4L-Ww,sugar-land-texas
https://www.ubereats.com/houston/food-delivery/smoothie-factory/tjd6LuejTeCRsMPNx3EszQ,sugar-land-texas
https://www.ubereats.com/houston/food-delivery/great-wraps-16535-southwest-freewaysuite-440/djYuDqW_RNuAhsKynJSzBQ,sugar-land-texas
https://www.ubereats.com/houston/food-delivery/ihop-3509/uJRZyu3lRciUDgjfgn9hPw,sugar-land-texas
https://www.ubereats.com/houston/food-delivery/amala-spot-restaurant-and-bakery/CcLV3-M6RrGMQLfn2oWMBw,sugar-land-texas
https://www.ubereats.com/houston/food-delivery/catfish-cowboy/red2HLu0RMGSxkdN_Wl8_w,sugar-land-texas
https://www.ubereats.com/houston/food-delivery/fuddruckers-stafford/LXanz6rBQ2OkVI5TfvUoFg,sugar-land-texas
https://www.ubereats.com/houston/food-delivery/becks-prime-sugarland/y5KtTTuuTcO9tAGBgLlyRg,sugar-land-texas
https://www.ubereats.com/houston/food-delivery/fresh-taco-factory/IscaX5dVQo-SZRUSPN4Z7Q,sugar-land-texas
https://www.ubereats.com/houston/food-delivery/la-escondida-missouri-city/gfbO_QCdQbaso441FwFU9Q,sugar-land-texas
https://www.ubereats.com/houston/food-delivery/sit-lo/Lv2UsMnuQGiulVV-AcQKZA,sugar-land-texas
https://www.ubereats.com/houston/food-delivery/cafe-abuja/yitJOFr8TAGjeSCc9Pxuaw,sugar-land-texas
https://www.ubereats.com/houston/food-delivery/mcdonalds-5010-hwy-90a/hPqOQ365TTuuK_bwymbO5A,sugar-land-texas
https://www.ubereats.com/houston/food-delivery/subway-11715-a-w-belfort/t3HUVWstQVekHvdeBmPCiQ,sugar-land-texas
https://www.ubereats.com/houston/food-delivery/tropical-smoothie-cafe/Jl3xgA7VQ3yY2vN_Q62S5A,sugar-land-texas
https://www.ubereats.com/houston/food-delivery/cloud-hookah-lounge-%26-grill/kXAdJuJOS1GqmgovRqIobg,sugar-land-texas
https://www.ubereats.com/houston/food-delivery/harlem-road-texas-bbq/xLd6UrCmSIKHxJiiVUmR8w,sugar-land-texas
https://www.ubereats.com/houston/food-delivery/taco-bell-20440-sw-freeway/ks_lm4AeQViUAKapLe2tCA,sugar-land-texas
https://www.ubereats.com/houston/food-delivery/panda-kitchen-chinese-food/Hv4c1yfbQrWOpyNrvIBOXQ,sugar-land-texas
https://www.ubereats.com/houston/food-delivery/mcdonalds-3643-main-street/95Fb0WegS26K5vu8wp77EQ,sugar-land-texas
https://www.ubereats.com/houston/food-delivery/habibi-kitchen/VbnXhxvhSiqoGnYSfkRFJQ,sugar-land-texas
https://www.ubereats.com/houston/food-delivery/sugar-land-grocer-%26-cafe/8Z-TQBj2RH2pweZt8MfhtQ,sugar-land-texas
https://www.ubereats.com/houston/food-delivery/marble-slab-creamery-10173-grand-parkway-s/0EF2FmUrSSeTez_D1inLaQ,sugar-land-texas
https://www.ubereats.com/houston/food-delivery/playsure-island/K1GcF3mSSPiR2u_XSRe1UA,sugar-land-texas
https://www.ubereats.com/houston/food-delivery/baker-st-pub-%26-grill-sugar-land/wOs-05FuRTu7bqBvWtjYaA,sugar-land-texas
https://www.ubereats.com/houston/food-delivery/al-taj-cafe/f1rQi-dPQsa60BBjhAm8MA,sugar-land-texas
https://www.ubereats.com/houston/food-delivery/taco-cabana-11880-bissonet/jEA3fivNTCW8EpSXRnMpsg,sugar-land-texas
https://www.ubereats.com/houston/food-delivery/brewingz-restaurant-%26-bar-rosenberg/HG2awvgeRvWtPbztOfsU1g,sugar-land-texas
https://www.ubereats.com/houston/food-delivery/tropical-smoothie-cafe-7022-hwy-6/yP89p-GLRdWk4JrQddM50A,sugar-land-texas
https://www.ubereats.com/houston/food-delivery/sushi-hana-fusion-cuisine/ZgpIpyBMSCezGmfD5L9iqA,sugar-land-texas
https://www.ubereats.com/houston/food-delivery/tony-thai-restaurant/4U9-YgWuQoCSIH9F-SeZvQ,sugar-land-texas
https://www.ubereats.com/houston/food-delivery/kfc-12570-southwest-freeway/iQtbyKa0SD-NQIhyyEsSwA,sugar-land-texas
https://www.ubereats.com/houston/food-delivery/fleur-de-licious-catering/XXDWajVWTHGA9kCvYpx1OQ,sugar-land-texas
https://www.ubereats.com/houston/food-delivery/i-luv-pho/I6zGzbiqSIeKIbPCnc9LaA,sugar-land-texas
https://www.ubereats.com/houston/food-delivery/best-donuts/iNUqnFBaT_SVALTAcaJN2A,sugar-land-texas
https://www.ubereats.com/houston/food-delivery/y-taco-bar/eI1oqreLSRqtOpLFiW45xQ,sugar-land-texas
https://www.ubereats.com/houston/food-delivery/sonic-1880-fm-359/8lecrFpUShaM715o7qsseg,sugar-land-texas
https://www.ubereats.com/houston/food-delivery/zero-degrees-sugar-land/D_KWeOskSNSLZReZw-33_Q,sugar-land-texas
https://www.ubereats.com/houston/food-delivery/firehouse-subs-sugarland/HkDh_YYwQEGs_FYChvOSJw,sugar-land-texas
https://www.ubereats.com/houston/food-delivery/starbucks-murphy-rd-%26-hwy-6/7HqeY9mKQBm9-UGlautX4w,sugar-land-texas
https://www.ubereats.com/houston/food-delivery/harvest-market/fhBYXh4_S5CjQ0365H9K1A,sugar-land-texas
https://www.ubereats.com/houston/food-delivery/my-ammis-kitchen/mAmp6YG-QVWCS4VYVu1Thg,sugar-land-texas
https://www.ubereats.com/houston/food-delivery/soul-food-by-catherine/7d1ofxUVQVa_s64fBxoyqw,sugar-land-texas
https://www.ubereats.com/houston/food-delivery/caribbean-cuisine/6kpgyE1fSzuG2uvzn0YRLw,sugar-land-texas
https://www.ubereats.com/houston/food-delivery/ruchis-mexican-grill-rosenberg/L9nwRkglTOyijlLqD69KWg,sugar-land-texas
https://www.ubereats.com/houston/food-delivery/naha-thai-restaurant/kxi5MJBaQAS2n7qY9zZy4A,sugar-land-texas
https://www.ubereats.com/houston/food-delivery/republic-roots/7M6fV0V-Q96zhFBw0J5iMg,sugar-land-texas
https://www.ubereats.com/houston/food-delivery/smallcakes-richmond-texas/jACuJAaAS0a54FO4bxRCaA,sugar-land-texas
https://www.ubereats.com/houston/food-delivery/starbucks-sweetwater-%26-lexington/y7xV0U9aQjG3w8twHNBGRQ,sugar-land-texas
https://www.ubereats.com/houston/food-delivery/popeyes-louisiana-kitchen-23901-sw-freeway/uCJ8loRLSaOT0TzOUZ5BRQ,sugar-land-texas
https://www.ubereats.com/houston/food-delivery/cooking-girl-sugar-land/yAzVTjHaQ_O9zpgxKClhLA,sugar-land-texas
https://www.ubereats.com/houston/food-delivery/turquoise-grill-%26-bar/6ong-vlZRKuhU4JjJmL7UQ,sugar-land-texas
https://www.ubereats.com/houston/food-delivery/the-toasted-yolk-cafe-sugar-land/NzX5giXSRDWoa5-hDVxkqQ,sugar-land-texas
https://www.ubereats.com/houston/food-delivery/great-american-cookies-%7C-marble-slab-creamery-12510-fountain-lake-circle/Oyv0flE9TtaTS-UrI4RtGg,sugar-land-texas
https://www.ubereats.com/houston/food-delivery/kung-fu-tea-6202b-highway-6/qyWYJwr0RMuMTKTWkQK59A,sugar-land-texas
https://www.ubereats.com/houston/food-delivery/masala-pantry/UBTtala6SiSUjlJYA1kVHg,sugar-land-texas
https://www.ubereats.com/houston/food-delivery/standard-sweets/tO5RYecqQJGS2zNJ9TPoKA,sugar-land-texas
https://www.ubereats.com/houston/food-delivery/doner%26gyros/JBZjKN5JQBeYG7K4dPQPew,sugar-land-texas
https://www.ubereats.com/houston/food-delivery/brick-house-19740-southwest-freeway/Vu9BrO5ZTqy8yDNjRWYE1A,sugar-land-texas
https://www.ubereats.com/houston/food-delivery/taco-bell-13325-university-blvd/03koutMhSa6MrElKbowAnw,sugar-land-texas
https://www.ubereats.com/houston/food-delivery/lomontes-italian-restaurant-and-pizzeria-815-plantation-dr-ste-180/HiAwYCYERAiVIfXngmCpsQ,sugar-land-texas
https://www.ubereats.com/houston/food-delivery/african-arena-market/Uc2EalCLQ_WWOJVXvFgTBA,sugar-land-texas
https://www.ubereats.com/houston/food-delivery/starbucks-hwy-90-%26-promenade-stafford/gO-cztj7SD-xltUyXBJqmA,sugar-land-texas
https://www.ubereats.com/houston/food-delivery/delight-lounge/q5OHBEvrQKi-qMTOcY2n5A,sugar-land-texas
https://www.ubereats.com/houston/food-delivery/honest-restaurant-houston/1uT4zr4mQGm-1L7FiIOypQ,sugar-land-texas
https://www.ubereats.com/houston/food-delivery/los-gallitos-mexican-cafe-12030-murphy-road/6dltB6P2QJuapYGDbA_6qw,sugar-land-texas
https://www.ubereats.com/houston/food-delivery/sonic-123-dulles-avenue/L7UOnoGNQWun7O4C6jlv9Q,sugar-land-texas
https://www.ubereats.com/houston/food-delivery/cristobal-mexican-grill/f23FbobJRaOQBBAvpmITNQ,sugar-land-texas
https://www.ubereats.com/houston/food-delivery/pollo-campero-houston-beechnut-st/MbRZNC8USVS2U2pGYW1Q1A,sugar-land-texas
https://www.ubereats.com/houston/food-delivery/la-olla-restaurant-texas-6/OqBSywRWTvGls0wbf-WpJQ,sugar-land-texas
https://www.ubereats.com/houston/food-delivery/pho-mai-noodle-house/yRESkok3QSOT1K7kfnUyqw,sugar-land-texas
https://www.ubereats.com/houston/food-delivery/panda-express-24622-southwest-fwy/YrAjVSYnQjCvYfJnSrsMcg,sugar-land-texas
https://www.ubereats.com/houston/food-delivery/dervish-table-top-grill/yaWhD7trSuuMHU4Dgfzwyw,sugar-land-texas
https://www.ubereats.com/houston/food-delivery/casa-de-bravos-mexican-restaurant-%26-cantina/bUb_2tzlTHOSwkFHoo0zJA,sugar-land-texas
https://www.ubereats.com/houston/food-delivery/jade-ly-asian-bistro/eXpJXGxVR1SXbB1LeE-kRA,sugar-land-texas
https://www.ubereats.com/houston/food-delivery/charleys-philly-steaks-first-colony-mall/J0KCk_c9QzerzclqcZvzsQ,sugar-land-texas
https://www.ubereats.com/houston/food-delivery/reel-seafood-%26-wings/Panr9-UiSCSFJlHXqZPrNA,sugar-land-texas
https://www.ubereats.com/houston/food-delivery/el-tiempo-cantina-stafford/NFQLrqi0QVKwMx9yjyWkog,sugar-land-texas
https://www.ubereats.com/houston/food-delivery/pizza-street-cafe/5KesfQmbSgWbEZwtJegCKw,sugar-land-texas
https://www.ubereats.com/houston/food-delivery/1000-degrees-neapolitan-pizzeria-sugar-land/wywW-nw_R0G6gGFsmxhB3Q,sugar-land-texas
https://www.ubereats.com/houston/food-delivery/subway-16639-w-airport/kg6tYQd-SDq2bspIjp0y5A,sugar-land-texas
https://www.ubereats.com/houston/food-delivery/olive-garden-west-oaks-mall/WSbzyM9CTTmp0-ErJX4rZQ,sugar-land-texas
https://www.ubereats.com/houston/food-delivery/love-bird-restaurant/pd2sJsiWQxuZNdnfCPfL-Q,sugar-land-texas
https://www.ubereats.com/houston/food-delivery/starbucks-hwy-6-%26-bissonnet/zPxAhSAXQfGs-jjfQHvS2w,sugar-land-texas
https://www.ubereats.com/houston/food-delivery/chipotle-mexican-grill-11249-w-airport-blvd/fXFRwoaUSqmuBNcjds4dkA,sugar-land-texas
https://www.ubereats.com/houston/food-delivery/first-watch-sugar-point/2bu6iKlzTYaGX5MGqF3Tsw,sugar-land-texas
https://www.ubereats.com/houston/food-delivery/taco-bell-10535-bissonnet/eyFxVLioQ9OP4zyWxt37vQ,sugar-land-texas
https://www.ubereats.com/houston/food-delivery/hyderabadi-chai-%26-grill/mzI2bhrpQq6wXw2hq51RzQ,sugar-land-texas
https://www.ubereats.com/houston/food-delivery/chismosas-taco-house-too/yej8jtigTZCP2k-qS04Pbw,sugar-land-texas
https://www.ubereats.com/houston/food-delivery/bagel-heaven/J3ZyVMO8RmGfUNZVobz5UA,sugar-land-texas
https://www.ubereats.com/houston/food-delivery/alpha-dessert-juice-cafe/pC00nI9cR1mXqruWfkReUA,sugar-land-texas
https://www.ubereats.com/houston/food-delivery/shahi-darbar/frGPOSQXQVG2-bsJQpWSVw,sugar-land-texas
https://www.ubereats.com/houston/food-delivery/which-wich-sugar-land/aeLEH9GsTUq0t0v0QVENkg,sugar-land-texas
https://www.ubereats.com/houston/food-delivery/burgerim-1914-wescott-ave-150/EsOveC_fRwW6IbTgI934sA,sugar-land-texas
https://www.ubereats.com/houston/food-delivery/joes-oyster-bar-%26-grill/VzgmoNYDTKe03JzwuOgsQw,sugar-land-texas
https://www.ubereats.com/houston/food-delivery/pepperonis-aliana/cxtlNPQ7TT-aLCIR4sVwTw,sugar-land-texas
https://www.ubereats.com/houston/food-delivery/maggie-moos/ycBe1CbpReeYSoVR-0TrrQ,sugar-land-texas
https://www.ubereats.com/houston/food-delivery/tutti-frutti-frozen-yogurt/NjyaSm39T4qIEYqTr9iOtA,sugar-land-texas
https://www.ubereats.com/houston/food-delivery/drakes-burgers-and-shakes/VGp0p2SHQleny2DVn2R18w,sugar-land-texas
https://www.ubereats.com/houston/food-delivery/top-shelf-cajun/EGdMdMaAQduPQmf-aaCfug,sugar-land-texas
https://www.ubereats.com/houston/food-delivery/mai-colachi-indo-pak-cruise/wQdq3AGkQuu4SgY08DrsMQ,sugar-land-texas
https://www.ubereats.com/houston/food-delivery/mcdonalds-1460-hwy-6/go5uwBLcQk6EhV98r6QPfQ,sugar-land-texas
https://www.ubereats.com/houston/food-delivery/jinya-ramen-bar-sugar-land/B6jQnyPgReG7Fr1V4MtWBw,sugar-land-texas
https://www.ubereats.com/houston/food-delivery/baloch-ice-cream-%26-juice/lLlAXYRcRHab4gWiqQHwwA,sugar-land-texas
https://www.ubereats.com/houston/food-delivery/pei-wei-16101-kensington-dr/COnzIjDiRvy2DcbGzIxAxg,sugar-land-texas
https://www.ubereats.com/houston/food-delivery/marble-slab-creamery-%7C-great-american-cookies-missouri-city/w9C8AWb4TdeTpr7jroyasQ,sugar-land-texas
https://www.ubereats.com/houston/food-delivery/taco-cabana-10219-w-grand-parkway-s/BTTVi0VWQZWZGKW4X_BqXA,sugar-land-texas
https://www.ubereats.com/houston/food-delivery/straight-out-of-bangkok/eZLyDW13SYqd2ofeZ1lHFw,sugar-land-texas
https://www.ubereats.com/houston/food-delivery/jci-james-coney-island-meadows/4J6tSPPZQoyGSVp5Bj9HPw,sugar-land-texas
https://www.ubereats.com/houston/food-delivery/olive-garden-9080-sw-freeway/opQPiGEGSliwE3v1s9oYQw,sugar-land-texas
https://www.ubereats.com/houston/food-delivery/dairy-queen-1005-herndon-dr/bo1BVkMrRoqOlnPm4GmOBg,sugar-land-texas
https://www.ubereats.com/houston/food-delivery/kims-tea-house-mission-bend/RI5isgesS8eteyEU-LIKuQ,sugar-land-texas
https://www.ubereats.com/houston/food-delivery/beijing-cafe/2zTWsZhYTv6lbmo2XfG2dA,sugar-land-texas
https://www.ubereats.com/houston/food-delivery/mayaztecas/ywPrfonxTJ-l2dQEcFszWw,sugar-land-texas
https://www.ubereats.com/houston/food-delivery/panera-1928-highway-6/Ct-sSXIFRyCtnPY63S0H6Q,sugar-land-texas
https://www.ubereats.com/houston/food-delivery/skeeters-mesquite-grill-sugar-land/F6mXNoUDSZiVdJm8ovn28w,sugar-land-texas
https://www.ubereats.com/houston/food-delivery/starbucks-hwy-6-%26-dulles-austin-pkwy/RRY_Ui8dSxqCdaG383NzHQ,sugar-land-texas
https://www.ubereats.com/houston/food-delivery/mcalisters-deli-11229-west-airport-blvd/3Gl6LsWxQHWpFS7hFKJGeQ,sugar-land-texas
https://www.ubereats.com/houston/food-delivery/el-rico-sabor-latino/h4je6UQpQ1SjfLGjl9NOew,sugar-land-texas
https://www.ubereats.com/houston/food-delivery/subway-10150-hwy-6-south/6AkL4LF1QpCs3UtidN4teg,sugar-land-texas
https://www.ubereats.com/houston/food-delivery/crab-heads-cajun-boil/JxUfMsTvTr-s0WFqOsBI7g,sugar-land-texas
https://www.ubereats.com/houston/food-delivery/jack-in-the-box-9310-state-hwy-6/A7g_NUG1RiqWg0SZioKEGg,sugar-land-texas
https://www.ubereats.com/houston/food-delivery/anna-asian-bistro/YnHp2x-gQ-mqXe6rrkSXng,sugar-land-texas
https://www.ubereats.com/houston/food-delivery/big-ben-tavern/1IOVmkAITAeCpgSunu0OMQ,sugar-land-texas
https://www.ubereats.com/houston/food-delivery/omg!-burger/rJ8OHGezToKsJWxe_xfiMQ,sugar-land-texas
https://www.ubereats.com/houston/food-delivery/cinnamons-bakery/T-c0zAFsRPqXK5jNN0oZHQ,sugar-land-texas
https://www.ubereats.com/houston/food-delivery/nirmanz-food-boutique/phQh7ZiRQ5GnIz8RlHbQZA,sugar-land-texas
https://www.ubereats.com/houston/food-delivery/baked-by-beena/tdaMyFmUSo2p0ee7XgVATA,sugar-land-texas
https://www.ubereats.com/houston/food-delivery/churchs-chicken-6810-reserve-a-hwy-6-s/seX-H6m7TOq3NepdgaNLEA,sugar-land-texas
https://www.ubereats.com/houston/food-delivery/russos-new-york-pizzeria-greatwood/MGiseD2WTd-OWKItj3pMZA,sugar-land-texas
https://www.ubereats.com/houston/food-delivery/starbucks-hwy-59-%26-wilcrest/uuqnixTNQAGQaP5v_JfdRA,sugar-land-texas
https://www.ubereats.com/houston/food-delivery/king-bo/_0ubHvXfRKeFqFvkR4FOUQ,sugar-land-texas
https://www.ubereats.com/houston/food-delivery/chipotle-mexican-grill-19832-southwest-fwy/kSv8OzRMR4qgb23Fdf-zSw,sugar-land-texas
https://www.ubereats.com/houston/food-delivery/panda-express-9319-hwy-6-s/G941Qb-URD-kvcZup13dpQ,sugar-land-texas
https://www.ubereats.com/houston/food-delivery/coco-crepes-waffles-%26-coffee/jsiW9qr5QAaLeo9wq7-epw,sugar-land-texas
https://www.ubereats.com/houston/food-delivery/alfa-capri-indo-pak-restaurant/VwENyfvcRmqJZw9qm_kHuw,sugar-land-texas
https://www.ubereats.com/houston/food-delivery/mcalisters-24200-southwest-freeway/3Q89lMVjQ-yyDehtfBcuhA,sugar-land-texas
https://www.ubereats.com/houston/food-delivery/bjs-restaurant-%26-brewhouse-2231-highway-6/pcDIvC_FQEuVM7Gf96_0Og,sugar-land-texas
https://www.ubereats.com/houston/food-delivery/churchs-chicken-13548-beechnut-street/ZTael9B7QbSCTlc5nzJ9uw,sugar-land-texas
https://www.ubereats.com/houston/food-delivery/sweets-in-the-sky/rXzq-zFyTsiUcn9vXWlmMw,sugar-land-texas
https://www.ubereats.com/houston/food-delivery/golden-chick-bissonnet/L0-S7GUkSIyqcxyT69XmWA,sugar-land-texas
https://www.ubereats.com/houston/food-delivery/las-haciendas-mexican-bar-%26-grill-stafford/dPkxO9kkTCSCkhKBRK8ceQ,sugar-land-texas
https://www.ubereats.com/houston/food-delivery/taco-bell-5511-highway-6/m5-dQIuVThGaoReuCI4DHQ,sugar-land-texas
https://www.ubereats.com/houston/food-delivery/gyu-kaku-japanese-bbq-sugar-land/REC5dcJOTL-q8DOjOs6thQ,sugar-land-texas
https://www.ubereats.com/houston/food-delivery/dennys-11511-w-airport-blvd/ASTaqJSzS9uLZt0QssysEg,sugar-land-texas
https://www.ubereats.com/houston/food-delivery/pf-changs-2120-lone-star-dr/5yVmr4H3S3KLmPhhSvSYHQ,sugar-land-texas
https://www.ubereats.com/houston/food-delivery/burger-king-1254-fm-1092/3J7iGO-xQsWjxWbLs03h2A,sugar-land-texas
https://www.ubereats.com/houston/food-delivery/jade-cafe/vNGbTPIFQ3KGxMoj9SeBPg,sugar-land-texas
https://www.ubereats.com/houston/food-delivery/marble-slab-creamery-sugar-land/_WE6oawfTAeac3q7dXHzoQ,sugar-land-texas
https://www.ubereats.com/houston/food-delivery/los-gallitos-mexican-cafe/Pdvkpl8YTOqWQkb8xGyTJg,sugar-land-texas
https://www.ubereats.com/houston/food-delivery/russos-new-york-pizzeria-bella-terra/KcARDQ6lR2G7UgRcgTUMFg,sugar-land-texas
https://www.ubereats.com/houston/food-delivery/sonic-22363-bellaire-blvd/BL-i_99IRn2u6tjYEmEImg,sugar-land-texas
https://www.ubereats.com/houston/food-delivery/la-fogata-restaurant/fc5GYdK3RSOshEIFMDMw7w,sugar-land-texas
https://www.ubereats.com/houston/food-delivery/zaxbys-1918-wescott-avenue/8dBK20Y7STS-EHwsFUlqzg,sugar-land-texas
https://www.ubereats.com/houston/food-delivery/papa-johns-11850-bissonnet-st/b7WvjgvkT7i7tpfY0nZymg,sugar-land-texas
https://www.ubereats.com/houston/food-delivery/fadis-mediterranean-grill-sugarland/9maoRX1-Rb2kOzuu_v1DNw,sugar-land-texas
https://www.ubereats.com/houston/food-delivery/center-court-pizza-and-brew/FHkdmfTjTPOCMzFAHLmrZg,sugar-land-texas
https://www.ubereats.com/houston/food-delivery/taco-bell-11719-hwy-6-south/-H6YmYaxT92hlteJDdUxGg,sugar-land-texas
https://www.ubereats.com/houston/food-delivery/sicily-pizza-%26-pasta-stafford/XhtWzoHOR1-ixJHCQvDmYw,sugar-land-texas
https://www.ubereats.com/houston/food-delivery/smallcakes-missouri-city/MHq8YjewQnybtfg2J7gZuA,sugar-land-texas
https://www.ubereats.com/houston/food-delivery/papa-johns-14780-crabb-river-rd/HWuGdlq1Sbi8LCVGpKQMrw,sugar-land-texas
https://www.ubereats.com/houston/food-delivery/the-flying-cow/Glu08T1nTJ-ZXdqXUVpDhw,sugar-land-texas
https://www.ubereats.com/houston/food-delivery/quiznos-11339-fountain-lake-dr/XHKQkKURRJaSE-h4OvEeBw,sugar-land-texas
https://www.ubereats.com/houston/food-delivery/cheers-2-u-bar-and-grill/pXbL-nuHT9WHBNpfrrj5yA,sugar-land-texas
https://www.ubereats.com/houston/food-delivery/jack-in-the-box-13325-w-airport-blvd/q0i43jSdSvuyftBGpNnm4A,sugar-land-texas
https://www.ubereats.com/houston/food-delivery/churchs-chicken-3200-s-main/fjm6BcLjTR6LYREL05NTBg,sugar-land-texas
https://www.ubereats.com/houston/food-delivery/dairy-queen-10730-w-bellfort-st/CphtQhemTCuKIuU6CK3hBg,sugar-land-texas
https://www.ubereats.com/houston/food-delivery/cakes-u-crave/95t5LAeqTAiujq6U91KBAQ,sugar-land-texas
https://www.ubereats.com/houston/food-delivery/subway-1100-fm-1092/DiFzVEPKQmqT0ANi53S3Vw,sugar-land-texas
https://www.ubereats.com/houston/food-delivery/sonic-11902-bissonnet-street/ptKuiQCxTqiFQuwMwKosLg,sugar-land-texas
https://www.ubereats.com/houston/food-delivery/taco-bell-9945-state-highway-6/N0GwUJrSQgukebjlu0qRaw,sugar-land-texas
https://www.ubereats.com/houston/food-delivery/wendys-21950-williams-way/gnwNXQhDRhSW-FsM3oIZ6g,sugar-land-texas
https://www.ubereats.com/houston/food-delivery/ddk-kabab-%26-grill/QR4lwzPNQQmZ131LBE57uA,sugar-land-texas
https://www.ubereats.com/houston/food-delivery/panda-garden-chinese-restaurant/UeavllmQTqeMRvIGpcy4Xw,sugar-land-texas
https://www.ubereats.com/houston/food-delivery/wok-to-go-express/AxOg65fHQPKLxKGoSqBtGA,sugar-land-texas
https://www.ubereats.com/houston/food-delivery/sonic-6018/Wp3rhiXVS0Kg7LbhFyUAMQ,sugar-land-texas
https://www.ubereats.com/houston/food-delivery/chef-on-the-run-halal-food-truck/3tfBI6sySTirXpVr5k0jcg,sugar-land-texas
https://www.ubereats.com/houston/food-delivery/red-lobster-2323-highway-6/ysefcdlKSzKj_vv6J_5JXg,sugar-land-texas
https://www.ubereats.com/houston/food-delivery/mcalisters-deli-13517-university-boulevard/C_TmZ6mOR_SkAAC1Vnk13Q,sugar-land-texas
https://www.ubereats.com/houston/food-delivery/tastea-vietnamese-grill/XZPkVTwFT02RvxyMQ0BspQ,sugar-land-texas
https://www.ubereats.com/houston/food-delivery/dennys-6711-sam-houston-parkway/rGoR9uiBRZq5uufvD3ppqQ,sugar-land-texas
https://www.ubereats.com/houston/food-delivery/five-guys-tx-1273-6215-hwy-6/2cG0198ySvqhekvBFXEqLg,sugar-land-texas
https://www.ubereats.com/houston/food-delivery/bellagreen-sugar-land/S8IiePEQTlS2-Hjwr0gZ4A,sugar-land-texas
https://www.ubereats.com/houston/food-delivery/sushi-monster/FsYVCccNTjW6NNvL0IdDDA,sugar-land-texas
https://www.ubereats.com/houston/food-delivery/mcdonalds-beltway-8-at-bissonnet/HxYsZydBT-KPM8H0bkVrEw,sugar-land-texas
https://www.ubereats.com/houston/food-delivery/bullritos-sugarland/umoEy6YISy-GrTPinPZDsQ,sugar-land-texas
https://www.ubereats.com/houston/food-delivery/red-chili-halal-pakistani-and-indian-cuisine/xUygbK1jTvOIiXPxfCe8_Q,sugar-land-texas
https://www.ubereats.com/houston/food-delivery/catfish-station-1737-fm-rd-2234/FUdA8Y-cTFG8QFgttg4IvA,sugar-land-texas
https://www.ubereats.com/houston/food-delivery/churchs-chicken-12320-highway-6/yl7fAQ9HTNSSqIBPlmZMfg,sugar-land-texas
https://www.ubereats.com/houston/food-delivery/escalantes-sugar-land/Rro2iSfNQMeotGIlx5moBQ,sugar-land-texas
https://www.ubereats.com/houston/food-delivery/njoy-street-food-by-turquoise/LLEth1QVRbm3UJECSF6pXg,sugar-land-texas
https://www.ubereats.com/houston/food-delivery/taco-bell-12560-southwest-freeway/GRiazeLVTsujXSL6a1m0hg,sugar-land-texas
https://www.ubereats.com/houston/food-delivery/minuti-coffee-sugar-land/FStawrPSQ-O2IGUgZBW9fA,sugar-land-texas
https://www.ubereats.com/houston/food-delivery/old-hickory-inn-barbecue-missouri-city/WsgMzOzxRn2F7OH7Lf7WPw,sugar-land-texas
https://www.ubereats.com/houston/food-delivery/68-crawfish-express-dairy-ashford-rd/f2o_wKYLQnaJ4DfCm0hxRg,sugar-land-texas
https://www.ubereats.com/houston/food-delivery/dairy-queen-6520-highway-90a/iIofL-p1Qtmac-TKyTiNjQ,sugar-land-texas
https://www.ubereats.com/houston/food-delivery/taco-bell-3453-hwy-6-south/-03gRVhIS8m_tuLE0qhm2w,sugar-land-texas
https://www.ubereats.com/houston/food-delivery/menchies-frozen-yogurt/6FuF6BpdRimvXBpv1XXLnQ,sugar-land-texas
https://www.ubereats.com/houston/food-delivery/egg-n-more-indian-street-food/aQQkaq2_TNWAo_ocE3ekoQ,sugar-land-texas
https://www.ubereats.com/houston/food-delivery/jang-guem-tofu-%26-bbq/U0mgfawzRcGEyZ0Eqohtrw,sugar-land-texas
https://www.ubereats.com/houston/food-delivery/burger-king-12401-west-airport/eFZdnSgBSYKOnn4si0-48A,sugar-land-texas
https://www.ubereats.com/houston/food-delivery/indian-express/ViE273Y3TPea1pmWtasqeg,sugar-land-texas
https://www.ubereats.com/houston/food-delivery/brookstreet-bbq/BeT59Jq2TsKK-tjWSh_gLg,sugar-land-texas
https://www.ubereats.com/houston/food-delivery/chipotle-mexican-grill-19235-w-bellfort-street/kAEmG9ayR_u0ccWs6G47Yg,sugar-land-texas
https://www.ubereats.com/houston/food-delivery/hooties-burger-bar-sugarland/ij0SG-XnSA2pmg0hjQ4tFQ,sugar-land-texas
https://www.ubereats.com/houston/food-delivery/subway-6260-state-hwy-6/zrbR35ktSI-zk87eRov6FQ,sugar-land-texas
https://www.ubereats.com/houston/food-delivery/boulevard-bagel/R-ZyL2xJQ6y08RaweTv5ZA,sugar-land-texas
https://www.ubereats.com/houston/food-delivery/pepperonis-riverstone/gC3iFetKSzqWow5NDJKjzw,sugar-land-texas
https://www.ubereats.com/houston/food-delivery/frenchys-chicken-w-orem/i7OqpeL9TEe8yUVj53ytNw,sugar-land-texas
https://www.ubereats.com/houston/food-delivery/muse-hookah-cafe/_e-HhN8cT4KHeWagGI_xHg,sugar-land-texas
https://www.ubereats.com/houston/food-delivery/raki/nfL-KE7gQ2214U6huJ7i2g,sugar-land-texas
https://www.ubereats.com/houston/food-delivery/churchs-chicken-10803-bissonnet/49Hwn-tlQseFwdC2dPCyew,sugar-land-texas
https://www.ubereats.com/houston/food-delivery/pepperonis-sienna/AXQ5r7ClRn-UztRqMjWDxw,sugar-land-texas
https://www.ubereats.com/houston/food-delivery/subway-903-eldridge-rd/nEMdGZjsS3KxAcxPNMl0lg,sugar-land-texas
https://www.ubereats.com/houston/food-delivery/double-ts-bar-%26-grill/Yuf4Id_BTpihI42k5cApiQ,sugar-land-texas
https://www.ubereats.com/houston/food-delivery/88-bistro/Fvl7RgFrQxWDeKeWU44UTA,sugar-land-texas
https://www.ubereats.com/houston/food-delivery/anna-thai-food/snPW1hJQTK-M4xT-xi8JDA,sugar-land-texas
https://www.ubereats.com/houston/food-delivery/alings-chinese/CZgaPHypS-WfHsyFemq1ww,sugar-land-texas
https://www.ubereats.com/houston/food-delivery/subway-11549-hwy-6-s/fpzGObcrSWOx7eIdTsfiSg,sugar-land-texas
https://www.ubereats.com/houston/food-delivery/churchs-chicken-1949-fm-2234/xCEYce2lQxKRH9F5s4zOtw,sugar-land-texas
https://www.ubereats.com/houston/food-delivery/popeyes-3833-south-main-street/hioaRV1TSYyKpAGKPoqp-A,sugar-land-texas
https://www.ubereats.com/houston/food-delivery/catfish-willys/VW7rMEsUSvmK37Ju-dUb6A,sugar-land-texas
https://www.ubereats.com/houston/food-delivery/the-sauer-kraut-food-truck/bQQksbipSciPD2G-W9oLiw,sugar-land-texas
https://www.ubereats.com/houston/food-delivery/indian-summer/4NWC1Je-Qp-1hHr70DSBmA,sugar-land-texas
https://www.ubereats.com/houston/food-delivery/buffalo-wild-wings-1401-highway-6-ste-b/9x783IucRjC98qGlCqMtDA,sugar-land-texas
https://www.ubereats.com/houston/food-delivery/jack-in-the-box-13124-dairy-ashford/9k9cyQNTSD2uDS9r9_0JFA,sugar-land-texas
https://www.ubereats.com/houston/food-delivery/churchs-chicken-11121-fondren-rd/7-CjiLz9RoyxpwTl2bhdWQ,sugar-land-texas
https://www.ubereats.com/houston/food-delivery/burger-king-23718-commercial-dr/6jTCdXa8QN2zBQ3agMjqNA,sugar-land-texas
https://www.ubereats.com/houston/food-delivery/one-love-tropical-cafe/JfTX4OsETUO3GT7t1YBTpg,sugar-land-texas
https://www.ubereats.com/houston/food-delivery/subway-7750-hwy-6-south/5spT_2wXRZOQ-0TcjIj8rA,sugar-land-texas
https://www.ubereats.com/houston/food-delivery/ong-nguyen-pho-and-grill/zAug6YZfTSiYdgWZ9OnTfg,sugar-land-texas
https://www.ubereats.com/houston/food-delivery/pier-61-seafood-%26-grill/LBZS8b10QHK9WUqdsp7RdQ,sugar-land-texas
https://www.ubereats.com/houston/food-delivery/cocos-cafe/wuo1GXCWTiOGxLB9VKAjYg,sugar-land-texas
https://www.ubereats.com/houston/food-delivery/great-american-cookies-sugar-land/tbtXX0TiS8CGVkRTfKqkGQ,sugar-land-texas
https://www.ubereats.com/houston/food-delivery/gyro-king/6wNeUo-bRM6t3Y6HU0_AYQ,sugar-land-texas
https://www.ubereats.com/houston/food-delivery/krab-kingz-stafford/88xEBSipQeWo7yeXsYkV7g,sugar-land-texas
https://www.ubereats.com/houston/food-delivery/abol-ethiopian-cuisine-coffee-and-mart/Bq-e3ro9SNitudfNz61SGA,sugar-land-texas
https://www.ubereats.com/houston/food-delivery/russos-coal-fired-kitchen-sienna-plantation/JUCVkTlCSh6Gwgxj0o1YDQ,sugar-land-texas
https://www.ubereats.com/houston/food-delivery/old-hickory-inn-barbecue-mission-bend/Ziz-U1qISduBPjfUGb1y_w,sugar-land-texas
https://www.ubereats.com/houston/food-delivery/spring-creek-barbeque-4895-state-highway-6/2KQS0O5-RUCOnG4sePRB6w,sugar-land-texas
https://www.ubereats.com/houston/food-delivery/subway-13425-university-blvd/wmaki-1tR0yy-3_D6iVmJg,sugar-land-texas
https://www.ubereats.com/houston/food-delivery/razzoos-cajun-cafe-stafford/YJTsw5XtRtSwmeANCJPZNw,sugar-land-texas
https://www.ubereats.com/houston/food-delivery/sonic-1110-eldridge/0pZPiiDCQ_aDGrdwb-mx4A,sugar-land-texas
https://www.ubereats.com/houston/food-delivery/sleek-chocolate-cafe/dlKzVYsYSpanKwTduKa1Hw,sugar-land-texas
https://www.ubereats.com/houston/food-delivery/pho-house/IGThnAAjRR2U6fdjvnxwuw,sugar-land-texas
https://www.ubereats.com/houston/food-delivery/brookstreet-bbq-missouri-city/0hd8U5KLTMKe433EHIG-tw,sugar-land-texas
https://www.ubereats.com/houston/food-delivery/pollo-campero-houston-south-highway-6/kHklC1cqQ7qTy_DSW6GRKg,sugar-land-texas
https://www.ubereats.com/houston/food-delivery/salata-2170-town-square-place/_2ow5N4kREe9m09_RaqjSg,sugar-land-texas
https://www.ubereats.com/houston/food-delivery/freebirds-world-burrito-15285-southwest-freeway/yn7PAKxdTjWS9Fs5q_nbuA,sugar-land-texas
https://www.ubereats.com/houston/food-delivery/kray-cray-cajun-house/gPW85qyWTiel6ovXTpAIuw,sugar-land-texas
https://www.ubereats.com/houston/food-delivery/kabob-house-afghan-halal-grill/MgWQ7V1QQkeRpGf2drdiVg,sugar-land-texas
https://www.ubereats.com/houston/food-delivery/mcdonalds-1605-cartwright-rd/A3wRD3UeRJimuNrWdD_mCQ,sugar-land-texas
https://www.ubereats.com/houston/food-delivery/starbucks-hwy-59-%26-grand-parkway/XwEKfoSbQ1mfwjVjNyyqWA,sugar-land-texas
https://www.ubereats.com/houston/food-delivery/wazobia-kitchen-beechnut-st/4Ja1K_YQTUqlPG7uHCf3ZQ,sugar-land-texas
https://www.ubereats.com/houston/food-delivery/soltan-restaurant/Mn5OKSMGTlKLaFFaEh4Z1w,sugar-land-texas
https://www.ubereats.com/houston/food-delivery/bonchon-chicken-1525-lake-pointe-pkwy/ssnWMcvRQrCAqqil9LA6Og,sugar-land-texas
https://www.ubereats.com/houston/food-delivery/hightower-deli-%26-cafe-south-west-frwy/OdzWCfVmSoOduNEzGDEPKw,sugar-land-texas
https://www.ubereats.com/houston/food-delivery/louisiana-famous-fried-chicken-%26-seafood-w-bellfort-ave-tx/yAHJ3eCES1ClKkpodlXqrQ,sugar-land-texas
