url,city
https://www.ubereats.com/reno/food-delivery/habaneros-taco-grill-4-reno-nv/9ltfWxM_Rdqc3Tri3D-U3g,sun-valley-nevada
https://www.ubereats.com/reno/food-delivery/hash-house-a-go-go-reno/9BkJmievQmeBHZYLvf9zYA,sun-valley-nevada
https://www.ubereats.com/reno/food-delivery/port-of-subs-190-lemmon-drive/gBTc4lRCR6eIiA3AZDBCpA,sun-valley-nevada
https://www.ubereats.com/reno/food-delivery/taco-bell-1395-big-fish-drive/fHQmbBlyQteDsSdYWnyFTA,sun-valley-nevada
https://www.ubereats.com/reno/food-delivery/finbomb-sushi-burrito-and-poke/Ftaw4eaMTrSli3xxd1oMcw,sun-valley-nevada
https://www.ubereats.com/reno/food-delivery/cirias-cocina/TDnUjhTGQC63HrUTAruRKQ,sun-valley-nevada
https://www.ubereats.com/reno/food-delivery/l%26l-hawaiian-bbq-1495-e-prater-way/pa2KG9SNQl-xcPbNSjSsNQ,sun-valley-nevada
https://www.ubereats.com/reno/food-delivery/mcdonalds-s-mccarran-blvd-%26-mira-loma-dr/0mP7cwjYQyuvngETouetsQ,sun-valley-nevada
https://www.ubereats.com/reno/food-delivery/mod-pizza-redfield-promenade/BN2cnbJYSVy2mf_I0JAkZA,sun-valley-nevada
https://www.ubereats.com/reno/food-delivery/jacks-cafe-%232/QTNi5WQ0TB-FjitojkP-_w,sun-valley-nevada
https://www.ubereats.com/reno/food-delivery/papa-johns-pizza-885-sparks-blvd/Onsb3fOLSvGjumEHEtxIjg,sun-valley-nevada
https://www.ubereats.com/reno/food-delivery/starbucks-buck-%26-lemmon-reno/Uar71p70QbOZifmJ5gSWyA,sun-valley-nevada
https://www.ubereats.com/reno/food-delivery/robertos-taco-shop-virginia-st/fTM1L_yUTZCVATBUhb1heQ,sun-valley-nevada
https://www.ubereats.com/reno/food-delivery/antojitos-mexicanos/xAYYXHnhQCaNV7Kq7zWjiA,sun-valley-nevada
https://www.ubereats.com/reno/food-delivery/eclipse-pizza-company/4F2TYFydRJmkLZpTXTiNZA,sun-valley-nevada
https://www.ubereats.com/reno/food-delivery/port-of-subs-2900-clearacre-lane-%23u/r537x9i2RUyBEbqGeDyLOw,sun-valley-nevada
https://www.ubereats.com/reno/food-delivery/full-belly-deli-reno-mill-st/KqwvO6aCQXySneKLIQ3SGg,sun-valley-nevada
https://www.ubereats.com/reno/food-delivery/port-of-subs-87-w-stadium-way-suite-290c/cG4yORSARui3wk_uuwFFGg,sun-valley-nevada
https://www.ubereats.com/reno/food-delivery/great-full-gardens-%26-eatery/xh5aOk3JR4ir-N35zndLXA,sun-valley-nevada
https://www.ubereats.com/reno/food-delivery/el-pollo-loco-591-e-prater-way3349/LcXz229RQHKHVAgiAPdV6Q,sun-valley-nevada
https://www.ubereats.com/reno/food-delivery/outback-steakhouse-1805-east-lincoln-way/SAml2jmHRiaUgwxgDFVC-A,sun-valley-nevada
https://www.ubereats.com/reno/food-delivery/panda-express-287-los-altos-parkway/A2Akn0bKTLW7dGoZGdXpcQ,sun-valley-nevada
https://www.ubereats.com/reno/food-delivery/firehouse-subs-593-e-prater-way/WuphRnV8Shi4FXi-0SyUBg,sun-valley-nevada
https://www.ubereats.com/reno/food-delivery/pure-country-canteen/nN2ca7R4QqCie3_Zcv76dQ,sun-valley-nevada
https://www.ubereats.com/reno/food-delivery/santa-cruz-sushi/l1tAxW3mQ12Ofi1dlcFM8A,sun-valley-nevada
https://www.ubereats.com/reno/food-delivery/taste-of-india/RhBdi2x4SmKuLOT1fsAeNw,sun-valley-nevada
https://www.ubereats.com/reno/food-delivery/jack-in-the-box-2289-oddie-blvd/u2KUETUSRD21Wdf-rZTbNg,sun-valley-nevada
https://www.ubereats.com/reno/food-delivery/nevada-taco-grill/jMAF1WoXTV6afWr6Ohc6pQ,sun-valley-nevada
https://www.ubereats.com/reno/food-delivery/port-of-subs-1775-mill-street/pBfNpA-_SGKXQWtnc88Z_g,sun-valley-nevada
https://www.ubereats.com/reno/food-delivery/dairy-queen-grill-%26-chill-1501-prater-way/UmpcIwr3SpKwMpAillFgqQ,sun-valley-nevada
https://www.ubereats.com/reno/food-delivery/carolina-kitchen/8o5fInehS5-Mr14KyF12YQ,sun-valley-nevada
https://www.ubereats.com/reno/food-delivery/jack-in-the-box-185-lemmon-drive/Rj1thBUwTuuHYCkjbARs_w,sun-valley-nevada
https://www.ubereats.com/reno/food-delivery/taco-bell-1075-w-4th-st/HWdXFH_FSeaUAfwF9r9aiA,sun-valley-nevada
https://www.ubereats.com/reno/food-delivery/sabor-latin-cuisine/v4czqZ9NT2Cip3qyIkZ65A,sun-valley-nevada
https://www.ubereats.com/reno/food-delivery/subway-2875-northtowne-ln/P2v5GkVKQmeHCvb3dQYlGA,sun-valley-nevada
https://www.ubereats.com/reno/food-delivery/tacos-tijuana/LbIoReJDRC6k14sTnToItw,sun-valley-nevada
https://www.ubereats.com/reno/food-delivery/pedalers-deli-icecycle-creamery/_zzLX06iSNuvwTO90G_bmQ,sun-valley-nevada
https://www.ubereats.com/reno/food-delivery/thai-lotus/SMJo6vBEQSKHSbSuITnIBg,sun-valley-nevada
https://www.ubereats.com/reno/food-delivery/jack-in-the-box-10450-n-mcarran-blvd/HSgLILCEQHmc_k--ohsgZQ,sun-valley-nevada
https://www.ubereats.com/reno/food-delivery/taqueria-mendoza/AVX7Z5sORn2e7kxBEhn2XQ,sun-valley-nevada
https://www.ubereats.com/reno/food-delivery/code-coffee/g1Zd4IeGRzqEbwDpcyI01Q,sun-valley-nevada
https://www.ubereats.com/reno/food-delivery/coffee-n-comics/MbGhqRc4Q-OgBGTZmEZGcA,sun-valley-nevada
https://www.ubereats.com/reno/food-delivery/aldertos-fresh-mexican-food/O5kL3wgmQbytqJjOIfTN1w,sun-valley-nevada
https://www.ubereats.com/reno/food-delivery/oburger-company/f4Q5YT0eQbmdHy4Fd9jHIA,sun-valley-nevada
https://www.ubereats.com/reno/food-delivery/capriottis-5140-kietzke-lane-suite-d/z5sInW1aTXOeESDMWAwGIw,sun-valley-nevada
https://www.ubereats.com/reno/food-delivery/royal-india/eGDKh0GVQHuTrtcb5NjqhQ,sun-valley-nevada
https://www.ubereats.com/reno/food-delivery/sizzle-pie/W3PVDScPRM-4MPaY6_0yVA,sun-valley-nevada
https://www.ubereats.com/reno/food-delivery/pizza-guys/yI9khFOBQ-CySr1GfDlzFQ,sun-valley-nevada
https://www.ubereats.com/reno/food-delivery/taco-bell-10635-stead-blvd/CFv-rWlnSfKAqNDuQ9Anog,sun-valley-nevada
https://www.ubereats.com/reno/food-delivery/chipotle-mexican-grill-5144-mae-anne-ave-ste-a/B7fJOtiLSmChN6nEldsU0w,sun-valley-nevada
https://www.ubereats.com/reno/food-delivery/shang-hai-restaurant/_PIKDdcJTn6H7foPkWlO4g,sun-valley-nevada
https://www.ubereats.com/reno/food-delivery/capriottis-810-north-sierra-street/vzJNf7CqT9mbF7c7afRGIw,sun-valley-nevada
https://www.ubereats.com/reno/food-delivery/wienerschnitzel-mccarran-%26-lincoln/jBpqu9W9QZSP357zrb3oFg,sun-valley-nevada
https://www.ubereats.com/reno/food-delivery/baja-fresh-mexican-grill-5140-kietzke-ln/VjThF9v8SF2_Yqr18noOsg,sun-valley-nevada
https://www.ubereats.com/reno/food-delivery/custom-cakes-by-kitchen/bafMgDHxQKm51jjBcg3z5w,sun-valley-nevada
https://www.ubereats.com/reno/food-delivery/big-horn-tavern/1i5279fMRDC_eMaNw16FeA,sun-valley-nevada
https://www.ubereats.com/reno/food-delivery/mcdonalds-e-plumb-ln-%26-carson-reno-hwy/50_y4cFRTAiKo7W-BV20cg,sun-valley-nevada
https://www.ubereats.com/reno/food-delivery/red-lobster-5015-kietzke-lane/iLkJjGj7RtWAARIRQ8m1nQ,sun-valley-nevada
https://www.ubereats.com/reno/food-delivery/jack-in-the-box-410-keystone-ave/28xy8sLzQGqPJi5ym1wzOA,sun-valley-nevada
https://www.ubereats.com/reno/food-delivery/mellow-fellow/ofzGLsZNTSW5TJ4155Kmbw,sun-valley-nevada
https://www.ubereats.com/reno/food-delivery/applebees-4805-kietzke-lane-%2382071/lwpR2eszQzCBj-zBRrY6VA,sun-valley-nevada
https://www.ubereats.com/reno/food-delivery/port-of-subs-9712-pyramid-way/LR_q55D4StqARyRUbcCrZA,sun-valley-nevada
https://www.ubereats.com/reno/food-delivery/el-pollo-loco-10320-n-mccarran-blvd3439/BR6UBnyTQSaiQl26toxHjA,sun-valley-nevada
https://www.ubereats.com/reno/food-delivery/port-of-subs-6275-e-sharlands-avenue-%234/937eKnMLTQyCXtY8aPfRYA,sun-valley-nevada
https://www.ubereats.com/reno/food-delivery/jacks-cafe/_x6tIPkMRm-RI9MGFvw_nA,sun-valley-nevada
https://www.ubereats.com/reno/food-delivery/los-4-vientos/uer3a7uSTRSjHedYtWPLrQ,sun-valley-nevada
https://www.ubereats.com/reno/food-delivery/fortune-star-cuisine/T6y488maRDuUllo4D83ueQ,sun-valley-nevada
https://www.ubereats.com/reno/food-delivery/robertos-taco-shop-4455-s-virginia-st/Z7B7meJ4T9yvzgZhWJnW4g,sun-valley-nevada
https://www.ubereats.com/reno/food-delivery/costa-vida-fresh-mexican-grill-2955-n-mccarran-blvd/ZtNa6XvtRkyEHFK_-NVugg,sun-valley-nevada
https://www.ubereats.com/reno/food-delivery/gaos-noodle-house/c5j-kxBcSBiDY3eNmuHBIQ,sun-valley-nevada
https://www.ubereats.com/reno/food-delivery/the-urban-deli/VJ12XdsSQzWwJTZT4ksDEg,sun-valley-nevada
https://www.ubereats.com/reno/food-delivery/mcdonalds-silverada-blvd-%26-oddie-blvd/ouKaJ3WNTGu5QLSugjrlTg,sun-valley-nevada
https://www.ubereats.com/reno/food-delivery/tc-wings/hFX07rKrRf2imAQRJfTzeQ,sun-valley-nevada
https://www.ubereats.com/reno/food-delivery/buffalo-wild-wings-1560-e-lincoln-way/uczoWpNDT9ybCRk7x9x39g,sun-valley-nevada
https://www.ubereats.com/reno/food-delivery/speciality-wings/AXRlXqo8TAqVz9g8nNgN1A,sun-valley-nevada
https://www.ubereats.com/reno/food-delivery/starbucks-northtowne-%26-mccarran/hYm4C5D8QCyqDstSEhCGMw,sun-valley-nevada
https://www.ubereats.com/reno/food-delivery/399-sushi/P__eG6EpQ7aunPlnnolcWA,sun-valley-nevada
https://www.ubereats.com/reno/food-delivery/del-taco-2920-northtowne-ln/v0qKJDZERpqTEp89vkLirA,sun-valley-nevada
https://www.ubereats.com/reno/food-delivery/red-robin-347-4999-kietzke-ln/hJ88FLirSKaxpzokH9Do5g,sun-valley-nevada
https://www.ubereats.com/reno/food-delivery/sonic-1220-north-mccarran-boulevard/fV7jaP_ZSkOQpaqD8fPIlw,sun-valley-nevada
https://www.ubereats.com/reno/food-delivery/ihop-4752-galleria-parkway/gb64ijaRRdKWWnWiuyD0_A,sun-valley-nevada
https://www.ubereats.com/reno/food-delivery/grimaldis-1180-scheels-dr-ste-b-117/MW0TEu6yTEm9tTmE0TOM7w,sun-valley-nevada
https://www.ubereats.com/reno/food-delivery/pizza-reno/LltvsadLSWOlrTeS82BnuA,sun-valley-nevada
https://www.ubereats.com/reno/food-delivery/jack-in-the-box-655-e-prater-way/naho1fUaRqenBDTEHHGfsw,sun-valley-nevada
https://www.ubereats.com/reno/food-delivery/sierra-st-kitchen-%26-cocktails/CaKTpVjZRsePiP1NuEL_4Q,sun-valley-nevada
https://www.ubereats.com/reno/food-delivery/del-taco-252-los-altos-pkwy/QpPGqIIuQfaDrK1Kl7F18w,sun-valley-nevada
https://www.ubereats.com/reno/food-delivery/taco-bell-6401-s-virginia/Ib5sTBn3SfKr5qA123QB-A,sun-valley-nevada
https://www.ubereats.com/reno/food-delivery/mcdonalds-e-prater-way-%26-n-mccarran-blvd/REwOdzJITySW0S-tOZbHrQ,sun-valley-nevada
https://www.ubereats.com/reno/food-delivery/the-habit-burger-grill-1370-big-fish-drive/x2lBOhgVTReyyWqXrIf7nA,sun-valley-nevada
https://www.ubereats.com/reno/food-delivery/port-of-subs-3350-s-mccarran-blvd/DXhQa0ZmRMaujZ23gytp2w,sun-valley-nevada
https://www.ubereats.com/reno/food-delivery/batch/iDBKEAleTyu8iB5LB_H22Q,sun-valley-nevada
https://www.ubereats.com/reno/food-delivery/capriottis-1530-south-stanford-way-suite-b/yZOgn9uAQhmNLrKF1ZgxAA,sun-valley-nevada
https://www.ubereats.com/reno/food-delivery/taco-bell-9725-pyramid-way/_1i7eOUdSPGYoqOzUaLbcw,sun-valley-nevada
https://www.ubereats.com/reno/food-delivery/taco-bell-1110-n-hills-blvd/tz4oWux7QsO2Wb84Ua8AcQ,sun-valley-nevada
https://www.ubereats.com/reno/food-delivery/el-original-tacos-tijuana/BjUPWn7uR4WwF4MZ5khJgQ,sun-valley-nevada
https://www.ubereats.com/reno/food-delivery/the-coffee-house/8aFQEw_6RyKIF8-oMDVIcw,sun-valley-nevada
https://www.ubereats.com/reno/food-delivery/wienerschnitzel-mill-%26-kietzke/QlAv0BhyS-mCYqpQ3SoZkw,sun-valley-nevada
https://www.ubereats.com/reno/food-delivery/taco-bell-191-disc-dr/6kILpsi8Ta29bTndc1IavA,sun-valley-nevada
https://www.ubereats.com/reno/food-delivery/bazaar-european-deli/f7yO26koQUafXWywqQno2Q,sun-valley-nevada
https://www.ubereats.com/reno/food-delivery/dunkin-435-sparks-blvd/jbF80mhoSvGguWIct5jFEA,sun-valley-nevada
https://www.ubereats.com/reno/food-delivery/costa-vida-fresh-mexican-grill-4965-s-virginia-st/gZN0natFSjScC-2P7j3QzQ,sun-valley-nevada
https://www.ubereats.com/reno/food-delivery/qdoba-151-disc-drive/WZOALE2-Qvq1RQGq_1ZXyg,sun-valley-nevada
https://www.ubereats.com/reno/food-delivery/starbucks-s-virginia-and-liberty-reno/SkufUY6tQ8S2z1IqQr1TUw,sun-valley-nevada
https://www.ubereats.com/reno/food-delivery/redwood-rotisserie/nE7j3-JsTxm_b70rz7zW6Q,sun-valley-nevada
https://www.ubereats.com/reno/food-delivery/mcdonalds-sun-valley-blvd-%26-w-1st-ave/wFyl6lmUQpmL8s7F04PX3A,sun-valley-nevada
https://www.ubereats.com/reno/food-delivery/starbucks-mccarran-%26-pyramid-sparks/JukBDTY-QfS0wikolQF2cg,sun-valley-nevada
https://www.ubereats.com/reno/food-delivery/chipotle-mexican-grill-1560-e-lincoln-way-ste-120/dSvx834mSwKwemrmQ4vKqw,sun-valley-nevada
https://www.ubereats.com/reno/food-delivery/kfc-275-n-mccarran-st/xauZGCa9SnCie2CBYztK5A,sun-valley-nevada
https://www.ubereats.com/reno/food-delivery/blaze-pizza-1370-big-fish-dr-suite-1/1iuVYrOWRQmKCrUL7JyJ9Q,sun-valley-nevada
https://www.ubereats.com/reno/food-delivery/burger-king-285-north-mccarren-boulevard/g2qL-wvaR3OmzmP9BLkyWA,sun-valley-nevada
https://www.ubereats.com/reno/food-delivery/riccos-pizza/ouqeEczlSh-8LZHZosSZkw,sun-valley-nevada
https://www.ubereats.com/reno/food-delivery/papa-murphys-9744-pyramid-highway/L8XrNRp7QQecNshV8rO21g,sun-valley-nevada
https://www.ubereats.com/reno/food-delivery/coney-island-dogs-%26-burgers/IOqpyu7ARUaXHRxFNWH5Dw,sun-valley-nevada
https://www.ubereats.com/reno/food-delivery/bodawgs/HfjYhA4qTyWs332VRLAZKA,sun-valley-nevada
https://www.ubereats.com/reno/food-delivery/french-quarter/AJSFfvDVQ6eKTbwZg6xNUg,sun-valley-nevada
https://www.ubereats.com/reno/food-delivery/chamacos-gourmet-%26-chamacos-tacos/NCkdcRaDTGOl2MI10gImVA,sun-valley-nevada
https://www.ubereats.com/reno/food-delivery/el-pescador/sQXHjXE0SAu9wPXApftr9w,sun-valley-nevada
https://www.ubereats.com/reno/food-delivery/subway-5055-sun-valley-blvd-ste-300/4msa04CbSbmxM54lWONEUw,sun-valley-nevada
https://www.ubereats.com/reno/food-delivery/ihop-1800-s-virginia-st/EuCYQtLLR06xph9e4BUzSw,sun-valley-nevada
https://www.ubereats.com/reno/food-delivery/mcdonalds-n-mccarran-blvd-%26-pyramid-way/XBaO9JEkT9qc8loOVSfYvA,sun-valley-nevada
https://www.ubereats.com/reno/food-delivery/jack-in-the-box-122-los-altos-pkwy/6c0kehehTe-A_JLAiwGf8A,sun-valley-nevada
https://www.ubereats.com/reno/food-delivery/sonic-4995-galleria-parkway/T7RFVpffR4CIE1JvsBnvOQ,sun-valley-nevada
https://www.ubereats.com/reno/food-delivery/port-of-subs-5150-mae-anne-avenue-suite-209/6OtxoX9dSvmyj66Ubrss6w,sun-valley-nevada
https://www.ubereats.com/reno/food-delivery/subway-1075-north-hills-blvd/Mv7MuZvmQuq-iKyvct07TQ,sun-valley-nevada
https://www.ubereats.com/reno/food-delivery/sushi-ok!/QStz9_cHR86_cLOG5cpK3Q,sun-valley-nevada
https://www.ubereats.com/reno/food-delivery/mcdonalds-keystone-ave-%26-w-4th-st/ik5s2igERBGNTVMv42kIjg,sun-valley-nevada
https://www.ubereats.com/reno/food-delivery/mcdonalds-5065-pyramid-lake-hwy/0dGO-DgaQbWlhQXT0A9_6g,sun-valley-nevada
https://www.ubereats.com/reno/food-delivery/kfc-5175-mae-anne-ave/FW8G2N1tQUi9XDF003iY-g,sun-valley-nevada
https://www.ubereats.com/reno/food-delivery/panda-express-745-sparks-blvd-%23105/xPScAOyxTj2GyFl77W_1ew,sun-valley-nevada
https://www.ubereats.com/reno/food-delivery/starbucks-i80-and-north-mccarran-blvd/SgDwJk8wTXqRSgQYxmiDmA,sun-valley-nevada
https://www.ubereats.com/reno/food-delivery/homegrown-gastropub/C4LvB8gzRSK9KkLmkxYSOA,sun-valley-nevada
https://www.ubereats.com/reno/food-delivery/archies-giant-hamburgers-%26-breakfast/viLjqmRTSC2uKvs4wdpLqA,sun-valley-nevada
https://www.ubereats.com/reno/food-delivery/panda-express-395-e-plumb-lane/qWx7G3UFSPGWUl2m95s8gg,sun-valley-nevada
https://www.ubereats.com/reno/food-delivery/kfc-162-los-altos-parkway/dTyH_kYyS_-tiNIKJsAhOQ,sun-valley-nevada
https://www.ubereats.com/reno/food-delivery/burger-me!/bTD_uOXkRHaygVc9eMBH2g,sun-valley-nevada
https://www.ubereats.com/reno/food-delivery/cold-stone-creamery-299-e-plumb-lane/hFUeA7UGTeSkzcFUEv__Zg,sun-valley-nevada
https://www.ubereats.com/reno/food-delivery/la-esperanza-bakery/QXOoVfiyRb-zh9vBat0n5Q,sun-valley-nevada
https://www.ubereats.com/reno/food-delivery/cinnabon-5255-meadowood-mall-cir/h1cRLLcsTaOfRfQMKvREsQ,sun-valley-nevada
https://www.ubereats.com/reno/food-delivery/legends-grill-sports-%26-spirits/BouHxF7RQ8ODE6BXbT2ecg,sun-valley-nevada
https://www.ubereats.com/reno/food-delivery/bjs-restaurant-%26-brewhouse-425-sparks-blvd/ukO45As8RCWwiwQjjue24A,sun-valley-nevada
https://www.ubereats.com/reno/food-delivery/clay-oven-indian-cuisine/u9srlpHbSKy7jR879HGbRQ,sun-valley-nevada
https://www.ubereats.com/reno/food-delivery/dennys-1100-e-plumb-lane/qfutKTfWTISetYpCY_GF4A,sun-valley-nevada
https://www.ubereats.com/reno/food-delivery/noble-pie-parlor-midtown/y2QD0LemR3eQIx7xkXCWfw,sun-valley-nevada
https://www.ubereats.com/reno/food-delivery/old-world-coffee-lab/AQLb_vlKShmMLowd60fIog,sun-valley-nevada
https://www.ubereats.com/reno/food-delivery/taco-bell-4978-sun-valley-blvd/ig5mhrt8S6KiEVMjFAKheA,sun-valley-nevada
https://www.ubereats.com/reno/food-delivery/panda-express-5140-kietzke-lane-suite-e/aXD42fRpSGKvs_sSSrvWqA,sun-valley-nevada
https://www.ubereats.com/reno/food-delivery/chihuahuas-cantina/0b1R7ASzTOKm87bQqXQN8g,sun-valley-nevada
https://www.ubereats.com/reno/food-delivery/panda-express-5115-mae-anne-ave/iRf6sg5iTru3Wa77ACxCcg,sun-valley-nevada
https://www.ubereats.com/reno/food-delivery/taco-bell-200-east-prater-way/peQHKdnHQYysLhBWOc_aqA,sun-valley-nevada
https://www.ubereats.com/reno/food-delivery/dennys-205-nugget-ave/3NAFVkJ9RPGvBx5p8lBUnA,sun-valley-nevada
https://www.ubereats.com/reno/food-delivery/mix-bakeshop/11-2ADAnSlqGtvUro2IoYg,sun-valley-nevada
https://www.ubereats.com/reno/food-delivery/nevada-taco-shop/Xezclzy0RdOz2b8qsRi9Eg,sun-valley-nevada
https://www.ubereats.com/reno/food-delivery/burger-king-1105-west-4th-street/pdgo9qr_Q_GETn6Iuvi_IQ,sun-valley-nevada
https://www.ubereats.com/reno/food-delivery/jersey-mikes-subs-1370-big-fish-drive/LDYFqZPmSIG5pkc8uWo-Aw,sun-valley-nevada
https://www.ubereats.com/reno/food-delivery/chipotle-mexican-grill-6395-s-mccarran-blvd-unit-a/85yPq-2VSmekFD_EgusTtg,sun-valley-nevada
https://www.ubereats.com/reno/food-delivery/waldens-coffeehouse-wells-ave/34P9fCZwSVyWsGalM3AmEA,sun-valley-nevada
https://www.ubereats.com/reno/food-delivery/dennys-680-n-wells-ave/xo9tUDjQR8CLl1lMdiUZzQ,sun-valley-nevada
https://www.ubereats.com/reno/food-delivery/mindful-cupcakes-llc/c2_eU_0qR6qUEdkreCHVAQ,sun-valley-nevada
https://www.ubereats.com/reno/food-delivery/sizzler-e-prater-way/r3vhmQzLQzOZml0KNcJZBw,sun-valley-nevada
https://www.ubereats.com/reno/food-delivery/the-daily-bagel/qtFhAgGyTny-ug5v9ANBnA,sun-valley-nevada
https://www.ubereats.com/reno/food-delivery/cafe-de-thai/NvyXcH3ASPW4GzVMrJi5Qg,sun-valley-nevada
https://www.ubereats.com/reno/food-delivery/krazy-fruits/fwlO5xK6TZ63NGf_4UIamQ,sun-valley-nevada
https://www.ubereats.com/reno/food-delivery/jalapenos-mexican-food-%232/lWyDH6aiQOmWlx7RE1fT2Q,sun-valley-nevada
https://www.ubereats.com/reno/food-delivery/brothers-barbecue/GNwKmVn0RKavL2vuH1EYGQ,sun-valley-nevada
https://www.ubereats.com/reno/food-delivery/port-of-subs-4731-galleria-parkway-suite-101/dT3av_mhT_iVa-3pF5_Odw,sun-valley-nevada
https://www.ubereats.com/reno/food-delivery/hawaiian-time/Feg93HIKSrqEjndsXmISHg,sun-valley-nevada
https://www.ubereats.com/reno/food-delivery/just-ravioli/r_kojU7ZQPeuE96Accuwuw,sun-valley-nevada
https://www.ubereats.com/reno/food-delivery/l%26l-hawaiian-bbq-4978-s-virginia-st/8vrmYSCzSm2r5l6VIXwwrw,sun-valley-nevada
https://www.ubereats.com/reno/food-delivery/unusual-pizzas/RWuQ54IJRJyCeMjU1yggeA,sun-valley-nevada
https://www.ubereats.com/reno/food-delivery/mr-mango-and-friends/-saWdLx-SNSMdGR-ZctBYQ,sun-valley-nevada
https://www.ubereats.com/reno/food-delivery/qdoba-6135-s-virginia-st/KwRXMHotT6OrXbgD5E0vsw,sun-valley-nevada
https://www.ubereats.com/reno/food-delivery/beefys/r7MYjJV0RPKNyIQWQ9oJMA,sun-valley-nevada
https://www.ubereats.com/reno/food-delivery/crafted-palette/x4Vg5nq9QI-XmEvBTcAdJg,sun-valley-nevada
https://www.ubereats.com/reno/food-delivery/jjs-pie-co/6q2G7_a-RfmxB3Bodvw52w,sun-valley-nevada
https://www.ubereats.com/reno/food-delivery/burgerim-254-w-1st-st/A_dIe7SETEGquXHxQfe9_w,sun-valley-nevada
https://www.ubereats.com/reno/food-delivery/subway-10310-n-mccarran-blvd/Xrsl012-QrSQTtuzj7wUXg,sun-valley-nevada
https://www.ubereats.com/reno/food-delivery/hana-garden/5J0r8PMrRWmFA805AxrK3g,sun-valley-nevada
https://www.ubereats.com/reno/food-delivery/burger-king-2901-clearacre-lane/MaG-26LfR-CGSPwi_rc2ag,sun-valley-nevada
https://www.ubereats.com/reno/food-delivery/port-of-subs-2500-east-second-street-%2321/P3Gx-oTZRzKRFJ5TwGR7iA,sun-valley-nevada
https://www.ubereats.com/reno/food-delivery/panda-express-joe-crowley-student-union-1664-n-virginia-st/3PX9JPmSS0KHT8CWkmZLBw,sun-valley-nevada
https://www.ubereats.com/reno/food-delivery/keva-juice-vista-%26-dandrea/Nh2ug3-UQi2bXpYxftQSXw,sun-valley-nevada
https://www.ubereats.com/reno/food-delivery/macaroni-grill-reno/kLRfzUfIQiKDee7Ry8KhhQ,sun-valley-nevada
https://www.ubereats.com/reno/food-delivery/steak-n-shake-1140-north-hills-boulevard/XL4sDYd5QZqvTCeDT3aHEA,sun-valley-nevada
https://www.ubereats.com/reno/food-delivery/noble-pie-parlor-2nd-st-%26-arlington/-IEXyDW9Rha_mW03vH7rRw,sun-valley-nevada
https://www.ubereats.com/reno/food-delivery/the-original-mels-345-n-arlington-ave-reno/n1pr53njSzu5QQp8w39eeQ,sun-valley-nevada
https://www.ubereats.com/reno/food-delivery/a-taste-of-thai-cuisine-llc/1iza-GQzSOylHh9MaO5T8Q,sun-valley-nevada
https://www.ubereats.com/reno/food-delivery/qdoba-10310-n-mccarran-blvd/PpKQ4eKMSuKINy1l_1alfA,sun-valley-nevada
https://www.ubereats.com/reno/food-delivery/famous-daves-reno/Ewy385fUTliIoejmjHVu2Q,sun-valley-nevada
https://www.ubereats.com/reno/food-delivery/applebees-693-north-mccarran-blvd-%2382064/Y6qJH0o6R2CX0CjtFJTSqg,sun-valley-nevada
https://www.ubereats.com/reno/food-delivery/squeeze-inlas-brisas/boKtpK7aSnum9orji3Qn1Q,sun-valley-nevada
https://www.ubereats.com/reno/food-delivery/boston-market-4801-kietzke-lane/DUaQjRbSR3WqfqcyXDobXA,sun-valley-nevada
https://www.ubereats.com/reno/food-delivery/calafuria-the-lasagna-bar/jPcULqRqT4W7_TM9HE6kcA,sun-valley-nevada
https://www.ubereats.com/reno/food-delivery/arbys-2899-northtowne-lane/spDwmhTYR4a3bpS7sgHFRA,sun-valley-nevada
https://www.ubereats.com/reno/food-delivery/lakeside-bar-%26-grill/gO0Po1HbT6GnOyxxLDM1rA,sun-valley-nevada
https://www.ubereats.com/reno/food-delivery/shawarmageddon/1mCye2vLSa6w7AHn4hasog,sun-valley-nevada
https://www.ubereats.com/reno/food-delivery/taco-bell-601-e-moana-lane/G7OA4Gc-Ty2D1FSnBjam0Q,sun-valley-nevada
https://www.ubereats.com/reno/food-delivery/starbucks-5th-%26-nevada-reno/YChwO-JxRH2dppm3jpWKuQ,sun-valley-nevada
https://www.ubereats.com/reno/food-delivery/orange-pedal/Z9hL24XWQWWU3rfA-YrxFg,sun-valley-nevada
https://www.ubereats.com/reno/food-delivery/two-guys-from-hong-kong/v60RWJB-Qxu2mEywDw0HJQ,sun-valley-nevada
https://www.ubereats.com/reno/food-delivery/bab-cafe-downtown/4h6OYqmwQJqO_DnRr0r5hw,sun-valley-nevada
https://www.ubereats.com/reno/food-delivery/annas-taqueria/1PwrdWClQf2KOzc_aaeARQ,sun-valley-nevada
https://www.ubereats.com/reno/food-delivery/quiznos-2905-northtowne-ln/3GkWRsfuTcyjfGp8qa7lQA,sun-valley-nevada
https://www.ubereats.com/reno/food-delivery/port-of-subs-10555-stead-blvd-%2314/ulceQPIpRQSMiWbWyfkNhg,sun-valley-nevada
https://www.ubereats.com/reno/food-delivery/pine-state-biscuits-reno/ZMzgWNwOSemxPvLnq1oTtQ,sun-valley-nevada
https://www.ubereats.com/reno/food-delivery/fat-cat-bar-%26-grill/z4NjnmPvSmqPZivb_Mh9uw,sun-valley-nevada
https://www.ubereats.com/reno/food-delivery/murrietas-sparks/o7OaXPjJQaWlujKG2UtH4A,sun-valley-nevada
https://www.ubereats.com/reno/food-delivery/starbucks-7th-%26-keystone-reno/dG6Ie4bnTzCsTv18WooHqA,sun-valley-nevada
https://www.ubereats.com/reno/food-delivery/sushi-one/P0fQ1qcKSoq2j7d8CB-egw,sun-valley-nevada
https://www.ubereats.com/reno/food-delivery/crazy-ds-hot-chicken/yvpnVpwBRYy6maaFDImd6Q,sun-valley-nevada
https://www.ubereats.com/reno/food-delivery/mcdonalds-120-lemmon-dr/pjZ3ysXZQfuEIwOjP2Yd2Q,sun-valley-nevada
https://www.ubereats.com/reno/food-delivery/mcdonalds-mae-anne-ave-%26-n-mccarran-blvd/w38JTeaET4K8jNMgYaF6Ww,sun-valley-nevada
https://www.ubereats.com/reno/food-delivery/port-of-subs-662-n-mccarran-blvd/QAdCTbe0QoOEYJWpDp5IOw,sun-valley-nevada
https://www.ubereats.com/reno/food-delivery/subway-250-vista-knoll-pkwy/n2KbWyc4RPi-hWidHHgcvQ,sun-valley-nevada
https://www.ubereats.com/reno/food-delivery/pf-changs-5180-s-kietzke-ln/vU1a3fseQoqxCnFZArlTzQ,sun-valley-nevada
https://www.ubereats.com/reno/food-delivery/l%26l-hawaiian-bbq-5150-mae-anne-ave-ste-204/kzNzbFZ7TLunNQ73XgzSgQ,sun-valley-nevada
https://www.ubereats.com/reno/food-delivery/the-little-nugget-casino-diner/eeZuA0eyRxqncOwPAUJ98g,sun-valley-nevada
https://www.ubereats.com/reno/food-delivery/five-guys-nv-1614/eyhXF3B9T7ms9uopCUEBpw,sun-valley-nevada
https://www.ubereats.com/reno/food-delivery/papa-murphys-2868-vista-blvd-suite-102/KuSFVyAYT9SPWVf-YWvn3A,sun-valley-nevada
https://www.ubereats.com/reno/food-delivery/kitzmo-sushi/N5GW516DQLKaX4A0-zjAEw,sun-valley-nevada
https://www.ubereats.com/reno/food-delivery/brauhaus-701/5V_1uEAeQmeFqMGi3qgJoQ,sun-valley-nevada
https://www.ubereats.com/reno/food-delivery/pizzava/BNlOZQuTSpqPeGLpWSxdzw,sun-valley-nevada
https://www.ubereats.com/reno/food-delivery/ricks-pizza-beer-%26-more/YP6dh89BScq1mOPxIwVQHg,sun-valley-nevada
https://www.ubereats.com/reno/food-delivery/chemas-the-real-taco/4R7tp_rvRu-UexvSrpmg6Q,sun-valley-nevada
https://www.ubereats.com/reno/food-delivery/hummus-fresh-robb-%26-mae-anne/iJHpb2D0SOqbAuqulwDbXw,sun-valley-nevada
https://www.ubereats.com/reno/food-delivery/gourmet-pizzas/8XvBKjb6TXq9joRnN5f43w,sun-valley-nevada
https://www.ubereats.com/reno/food-delivery/mcdonalds-10595-stead-blvd-reno/I8Cy5vYTQAGusvZpxTPCmw,sun-valley-nevada
https://www.ubereats.com/reno/food-delivery/pignic-pub-and-patio/0TZ9UQuKRIGtajkzg1-ezA,sun-valley-nevada
https://www.ubereats.com/reno/food-delivery/la-parada-restaurant/J3di4wpvQ6qNZ3Lr0cRxcw,sun-valley-nevada
https://www.ubereats.com/reno/food-delivery/jostella-coffee-company/ZURKdgbPTu20vQs3rcQG4w,sun-valley-nevada
https://www.ubereats.com/reno/food-delivery/burger-king-1025-n-hills-blvd/UoV_wGisTc-mkzj9hE55Pw,sun-valley-nevada
https://www.ubereats.com/reno/food-delivery/ikes-love-and-sandwiches-reno/Fwvovc_-SFq-hM-E2XrAcg,sun-valley-nevada
https://www.ubereats.com/reno/food-delivery/chicagos-pizza-with-a-twist-reno/v1R4UZOvQq-LNSzVX__QZQ,sun-valley-nevada
https://www.ubereats.com/reno/food-delivery/pizanos-pizza/X66tpf8QQQC5d1uP4sGEcw,sun-valley-nevada
https://www.ubereats.com/reno/food-delivery/rocky-mountain-chocolate-factory/fpZVUf0sRwicf5uhlKjsmQ,sun-valley-nevada
https://www.ubereats.com/reno/food-delivery/squeeze-insparks-blvd/6rlvDUzKRfeIje6zGOkVyg,sun-valley-nevada
https://www.ubereats.com/reno/food-delivery/papa-murphys-155-lemmon-drive/Eyb8dpXNTe2gmJjV-R3l1w,sun-valley-nevada
https://www.ubereats.com/reno/food-delivery/thali/mCEQwKonSFGsbz0WVC1P5Q,sun-valley-nevada
https://www.ubereats.com/reno/food-delivery/taco-bell-5165-mae-anne-avenue/28Kzi862RuyLxXGTYpa54w,sun-valley-nevada
https://www.ubereats.com/reno/food-delivery/sushi7/6rgyMts_QSCj8ALOBf9K7Q,sun-valley-nevada
https://www.ubereats.com/reno/food-delivery/starbucks-s-mccarran-%26-e-greg-st-spark/smYLAfp9QGmSaKYRdEnEpA,sun-valley-nevada
https://www.ubereats.com/reno/food-delivery/kfc-1805-silverada-boulevard/VLPZjAhRRQefyguf-vPrjQ,sun-valley-nevada
https://www.ubereats.com/reno/food-delivery/keva-juice-las-brisas-%26-mccarran/GkBsL4MBSZWNfaxUv8mbhg,sun-valley-nevada
https://www.ubereats.com/reno/food-delivery/auntie-annes-5267-meadowood-circle/iJp58FUZQDm5eeiD7TvYNQ,sun-valley-nevada
https://www.ubereats.com/reno/food-delivery/dish-cafe/F-kJNTG9Tr-P_YWGIJFl3w,sun-valley-nevada
https://www.ubereats.com/reno/food-delivery/red-robin-438-4712-galleria-pkwy/7rt66xg8SISjSrDU3jyl4Q,sun-valley-nevada
https://www.ubereats.com/reno/food-delivery/qdoba-135-lemmon-dr/7y4XDn18T3WZPWzFgU_X5g,sun-valley-nevada
https://www.ubereats.com/reno/food-delivery/pizza-express/3ka5SAU2TH2Foun97rYxrQ,sun-valley-nevada
https://www.ubereats.com/reno/food-delivery/taco-johns-770-s-wells-avenue/27aebY3kQNiISOrVGXWEMQ,sun-valley-nevada
https://www.ubereats.com/reno/food-delivery/starbucks-vista-blvd-%26-wingfield-hills-s/ZXvimamHT7GamFHbKnHs3w,sun-valley-nevada
https://www.ubereats.com/reno/food-delivery/port-of-subs-1357-baring-blvd/QNJ4iQuXSMmmw2DIAXLu_Q,sun-valley-nevada
https://www.ubereats.com/reno/food-delivery/burgerim-1180-scheels-drive/eQV30ELkRgWdZvcyzeArIA,sun-valley-nevada
https://www.ubereats.com/reno/food-delivery/black-bear-diner-235-n-mccarran-boulevard/Bm1HSV0bSk63OPh1tvcm1g,sun-valley-nevada
https://www.ubereats.com/reno/food-delivery/piezzetta/MIgyNZxsTwKsNCb3ZR43Lw,sun-valley-nevada
https://www.ubereats.com/reno/food-delivery/carmelitas-taqueira/YPCuSJQaQIaca69frvZbHg,sun-valley-nevada
https://www.ubereats.com/reno/food-delivery/pop-up-pies-vr/ARogCilDTQKzupn8wmzQjw,sun-valley-nevada
https://www.ubereats.com/reno/food-delivery/carniceria-las-mesitas/31OgyzrqQI6cHFiq6gXObw,sun-valley-nevada
https://www.ubereats.com/reno/food-delivery/great-full-gardens-cafe/jqTm33fERqugOcnON6SDIA,sun-valley-nevada
https://www.ubereats.com/reno/food-delivery/asuka/rGFJ4SPRSsWgwDSUiIIsAw,sun-valley-nevada
