url,city
https://www.ubereats.com/dallas/food-delivery/pizza-inn-mesquite/3QD43kqYRWmjKOS6yAxfOg,sunnyvale-texas
https://www.ubereats.com/dallas/food-delivery/popeyes-2000-towne-centre-dr/U5KDAr5LTUeUucDwtGrMfA,sunnyvale-texas
https://www.ubereats.com/dallas/food-delivery/de-rancho-mexican-restaurant/Ooe332dXS-SqxUTYN-LFQA,sunnyvale-texas
https://www.ubereats.com/dallas/food-delivery/glorias-indian-kitchen/mq-6No6ZQn-5wtspyhagbQ,sunnyvale-texas
https://www.ubereats.com/dallas/food-delivery/papa-johns-909-tripp-road/SNowj-BKTJq1_o9mJkeeDA,sunnyvale-texas
https://www.ubereats.com/dallas/food-delivery/trompo-taqueria-on-5th/4xAxYk9tRx-Ab6wnbe-_Qw,sunnyvale-texas
https://www.ubereats.com/dallas/food-delivery/burger-king-3004-south-buckner-blvd/ZB7-S6ehR-Gh8bBaCObmIQ,sunnyvale-texas
https://www.ubereats.com/dallas/food-delivery/usa-donuts/vZLBYAAiSDeF9RLXasm0BQ,sunnyvale-texas
https://www.ubereats.com/dallas/food-delivery/mcdonalds-garland-tx-kingsley/V4bXaTb8TVKDBm8NMJyvcA,sunnyvale-texas
https://www.ubereats.com/dallas/food-delivery/the-house-of-gyros/McUVrdigQqe6NhGD9Z0SRg,sunnyvale-texas
https://www.ubereats.com/dallas/food-delivery/krispy-kreme-n-galloway-ave-%26-tripp-rd/-PIz_PGvQ8CGi11879_d_Q,sunnyvale-texas
https://www.ubereats.com/dallas/food-delivery/enos-pizza-tavern-forney/CgRbbnKqTjir-T4mfxIYPw,sunnyvale-texas
https://www.ubereats.com/dallas/food-delivery/wendys-1310-w-centerville-road/LrDxW3x8R222RYHgj_EgYw,sunnyvale-texas
https://www.ubereats.com/dallas/food-delivery/ihop-3023-mesquite/8F8-hfXjTSyvfpAOftKTzg,sunnyvale-texas
https://www.ubereats.com/dallas/food-delivery/applebees-1440-eastgate-drive/_tHE92QQRqSFG42CfVQhBg,sunnyvale-texas
https://www.ubereats.com/dallas/food-delivery/firehouse-subs-mesquite/EJlTGDs9TfiI5_bioqCEtQ,sunnyvale-texas
https://www.ubereats.com/dallas/food-delivery/texas-land-%26-cattle-garland/FNBYDJ1oQHmmjs2zuijrfg,sunnyvale-texas
https://www.ubereats.com/dallas/food-delivery/taco-bell-1050-northwest-hwy/9NqWunwzSBOaevB1XVkrMg,sunnyvale-texas
https://www.ubereats.com/dallas/food-delivery/titos-meat-market/Klni5aCaQX-1LO5wakZ8pA,sunnyvale-texas
https://www.ubereats.com/dallas/food-delivery/jack-in-the-box-4015-bobtown-rd/dI37-g2mQtawEd8_MrwIfg,sunnyvale-texas
https://www.ubereats.com/dallas/food-delivery/mcdonalds-hwy-80/XpgPuODJTey8eGcbi2orFA,sunnyvale-texas
https://www.ubereats.com/dallas/food-delivery/del-rancho-mexicano-grill/hoHwInh-QR25TBM3CVmhsQ,sunnyvale-texas
https://www.ubereats.com/dallas/food-delivery/subway-184-south-collins/2qSdaAKmRSS1krEV83LK8A,sunnyvale-texas
https://www.ubereats.com/dallas/food-delivery/flying-saucer-draught-emporium-the-lake/0zxA7vOZT7yL54XgUiPhPg,sunnyvale-texas
https://www.ubereats.com/dallas/food-delivery/crab-%26-claw/W4RqRPauT8S5rBwnXoOiEA,sunnyvale-texas
https://www.ubereats.com/dallas/food-delivery/panda-express-1715-n-town-east-blvd/Oj9KIBK_RC6GV6UtOb0xTg,sunnyvale-texas
https://www.ubereats.com/dallas/food-delivery/boomerjacks-grill-%26-bar-mesquite/lLtIpzCtSo-CRhMPzn_26w,sunnyvale-texas
https://www.ubereats.com/dallas/food-delivery/don-burger/bOr1OQGjSVSFx6WmK4H41w,sunnyvale-texas
https://www.ubereats.com/dallas/food-delivery/honey-baked-ham-1765-north-town-east-blvd-ste-131/wSopJ1qnSle9F-rNVpW2IQ,sunnyvale-texas
https://www.ubereats.com/dallas/food-delivery/kfc-11333-garland-road/qWUlpK7FQxqIrewPaTdaxw,sunnyvale-texas
https://www.ubereats.com/dallas/food-delivery/grandys-towneast/Ih3pTiyyQeKLZcFodj_x1g,sunnyvale-texas
https://www.ubereats.com/dallas/food-delivery/phat-wings/RQ64qYxzSwK4hxy1izeviw,sunnyvale-texas
https://www.ubereats.com/dallas/food-delivery/southern-maid-donuts-mesquite/k7BK5rQJRESSewqsaTyVeA,sunnyvale-texas
https://www.ubereats.com/dallas/food-delivery/bakers-ribs-mesquite/GfzWBY1rTnaGFunLIZmIqA,sunnyvale-texas
https://www.ubereats.com/dallas/food-delivery/grandys-jim-miller/AEWUnnDFRGaBBRMrqP7_QQ,sunnyvale-texas
https://www.ubereats.com/dallas/food-delivery/flaming-grill-barbecue/qt0zN0MnSgi2kkguGkxvfQ,sunnyvale-texas
https://www.ubereats.com/dallas/food-delivery/burger-island-garland/5a35MtNmSy6OCE5kj3UNqQ,sunnyvale-texas
https://www.ubereats.com/dallas/food-delivery/chef-derricka/DY4m8nOxRTWL7lPHDs7HeQ,sunnyvale-texas
https://www.ubereats.com/dallas/food-delivery/ihop-101-grand-junction-blvd/7UmDZjvjTKWhqbOS1tO1aw,sunnyvale-texas
https://www.ubereats.com/dallas/food-delivery/wendys-850-e-hwy-80/8hzG2V0fTvKUf6yQo3kDrQ,sunnyvale-texas
https://www.ubereats.com/dallas/food-delivery/taco-bell-5575-n-jim-miller-rd/6I50pzwfTxSQiM7gmB_-nQ,sunnyvale-texas
https://www.ubereats.com/dallas/food-delivery/fish-daddys-seafood-grill/_4QTeYa8SD67JeXVIEucFQ,sunnyvale-texas
https://www.ubereats.com/dallas/food-delivery/dalrock-diner/tiBv3UoIR26HjBvLM7Tz8g,sunnyvale-texas
https://www.ubereats.com/dallas/food-delivery/halls-chicken-shack/SvxAR4AmSh23ZF-FMRdprA,sunnyvale-texas
https://www.ubereats.com/dallas/food-delivery/exxon-taqueria-%26-grill/4IQqdqSIQzK_MUv8rl8bWA,sunnyvale-texas
https://www.ubereats.com/dallas/food-delivery/country-burger-house/JrskSgBTSKOQDgRobf6WvQ,sunnyvale-texas
https://www.ubereats.com/dallas/food-delivery/kfc-5836-broadway-blvd/272ORXtzT1W780iYOEk9RA,sunnyvale-texas
https://www.ubereats.com/dallas/food-delivery/hooters-towne-crossing-blvd-%26-driftwood-dr/L_LEA4sfSJqyhG8ibpidfQ,sunnyvale-texas
https://www.ubereats.com/dallas/food-delivery/sbarro-2063-town-east-mall-%233022/NjmEaiCmQPq7y6hTaQQAsQ,sunnyvale-texas
https://www.ubereats.com/dallas/food-delivery/taqueria-diana/CPjRBHqVT-qyoNKaRxFG9g,sunnyvale-texas
https://www.ubereats.com/dallas/food-delivery/hooties-burger-bar-mesquite/zWsx69EyT9aL88SS420JKw,sunnyvale-texas
https://www.ubereats.com/dallas/food-delivery/chis-wok/4JITSYH9TJCj8JFEnqj4DA,sunnyvale-texas
https://www.ubereats.com/dallas/food-delivery/taco-cabana-110-us-hwy-80-e/E4dXjhugRW6BsqmkCZ0VMQ,sunnyvale-texas
https://www.ubereats.com/dallas/food-delivery/tacos-y-mas-dallas/KFSXegyhQOWVj2fCrKNorA,sunnyvale-texas
https://www.ubereats.com/dallas/food-delivery/pancho-%26-leftys-rowlett/YgolczJqSRqlrWhsu8V8Ug,sunnyvale-texas
https://www.ubereats.com/dallas/food-delivery/taco-bell-6606-dalrock-rd/XBRBgoR1SaWOn-KEeJagkw,sunnyvale-texas
https://www.ubereats.com/dallas/food-delivery/taqueria-la-union/8Wzngbm6TlCL1KQIAfaXcA,sunnyvale-texas
https://www.ubereats.com/dallas/food-delivery/williams-fried-chicken-10161-lake-june-rd/HAz-nHcNQoCwTic2sP8vlw,sunnyvale-texas
https://www.ubereats.com/dallas/food-delivery/taco-bell-201-w-cartwright-rd/CZL5yONRR2S6S9dA013Uqg,sunnyvale-texas
https://www.ubereats.com/dallas/food-delivery/el-patron-tacos-y-tortas-garland/cP1S6fhdTNWwf0U9UakiIQ,sunnyvale-texas
https://www.ubereats.com/dallas/food-delivery/panda-express-1360-w-centerville-rd/3AuCxsqTTMmmV6yC8019Jw,sunnyvale-texas
https://www.ubereats.com/dallas/food-delivery/churchs-chicken-728-n-gallaway-avenue/r1innHPOQ5Gx6sh-WoNJSQ,sunnyvale-texas
https://www.ubereats.com/dallas/food-delivery/chief-papa-bears-fried-chicken/C4GfJ9_cSwan8q9YFdBaoQ,sunnyvale-texas
https://www.ubereats.com/dallas/food-delivery/cruzitos-mexican-restaurant/C-cMWaJwTzuOuAybC_a2rA,sunnyvale-texas
https://www.ubereats.com/dallas/food-delivery/la-regia-fruteria-y-taqueria/CXcxwA4DQYyiNLpwo0VoFQ,sunnyvale-texas
https://www.ubereats.com/dallas/food-delivery/charco-broiler-steakhouse/Aa2UfjLiTRG2oTI4qbxItg,sunnyvale-texas
https://www.ubereats.com/dallas/food-delivery/neveria-y-fruteria/zibn8ksMRRO5pIkCktPYZw,sunnyvale-texas
https://www.ubereats.com/dallas/food-delivery/tortilleria-la-sabrocita/w1BgYlQhQHu-2VfwOshwzw,sunnyvale-texas
https://www.ubereats.com/dallas/food-delivery/cicis-enterprises-3520-lakeview-pkwy/kmgRotIxTpOggXTBRZlUuQ,sunnyvale-texas
https://www.ubereats.com/dallas/food-delivery/mcdonalds-dallas-e-of-lake-june-masters/8tXqPMsDSWSRVJqmM8fJsQ,sunnyvale-texas
https://www.ubereats.com/dallas/food-delivery/cheeses-pizza-pasta-and-wings/AYJYRCsnR6K4_QquNr0XLQ,sunnyvale-texas
https://www.ubereats.com/dallas/food-delivery/taco-bueno-3055-mesquite-%231/FneSn6H3TFuMCKR_gJENPQ,sunnyvale-texas
https://www.ubereats.com/dallas/food-delivery/taqueria-y-pupuseria-el-chipotle/0OGrwJO9SQ-KI_S_MgoJ2Q,sunnyvale-texas
https://www.ubereats.com/dallas/food-delivery/honey-donuts/itKKjiKpSXmQ42uLQ6XW_A,sunnyvale-texas
https://www.ubereats.com/dallas/food-delivery/burger-king-1933-n-town-east-blvd/S3YTWVHiSfyXS4AlBjS_4w,sunnyvale-texas
https://www.ubereats.com/dallas/food-delivery/boston-market-1230-town-east-blvd/b8Kdke1XQ-SgO2hjI2l21A,sunnyvale-texas
https://www.ubereats.com/dallas/food-delivery/jersey-mikes-subs-hwy-66-%26-pres-george-bush-hwy/kUQL17YzQq-Kemqn8rW_aw,sunnyvale-texas
https://www.ubereats.com/dallas/food-delivery/paleteria-el-rey/NE64v36DTUWPfC4DHUfryQ,sunnyvale-texas
https://www.ubereats.com/dallas/food-delivery/popeyes-3040-broadway-blvd/Kwh8e3XdSfyvBeG55BYi5Q,sunnyvale-texas
https://www.ubereats.com/dallas/food-delivery/cheesesteak-house-garland/Y3ZNaV4HQ8qdTHrb7tJGtw,sunnyvale-texas
https://www.ubereats.com/dallas/food-delivery/gloria-rotisserie/qLiWJbB3QuGHunNUeUn7OQ,sunnyvale-texas
https://www.ubereats.com/dallas/food-delivery/popwings/ZSNJ-BytTReg2cf7_gReNw,sunnyvale-texas
https://www.ubereats.com/dallas/food-delivery/dickeys-bbq-pit-3700-gus-tho/T6JtwjHKREObYIrxz9G5Zw,sunnyvale-texas
https://www.ubereats.com/dallas/food-delivery/sushi-zushi-express-garland/GPP7McNcS_uy5x49VB-OpA,sunnyvale-texas
https://www.ubereats.com/dallas/food-delivery/oh-my-curry/Cw0mi0pvTvqQ0efUOHGtiA,sunnyvale-texas
https://www.ubereats.com/dallas/food-delivery/kfc-4400-gus-thomasson-rd/p87F5ATuTA-ZTy0nFQhdLw,sunnyvale-texas
https://www.ubereats.com/dallas/food-delivery/buena-vida-mexican-grill/PRKnm1DRRtuxzNXsH0nX6Q,sunnyvale-texas
https://www.ubereats.com/dallas/food-delivery/burger-king-2341-gus-thomasson-road/UXqLHGkkQymTmmkZQg_vbw,sunnyvale-texas
https://www.ubereats.com/dallas/food-delivery/jack-in-the-box-2001-n-town-east-blvd/Kp-wp5UWQFKTFqoYIovd5Q,sunnyvale-texas
https://www.ubereats.com/dallas/food-delivery/on-the-border-mesquite/jxfMHdqYQ0-tWhuCQoh5tg,sunnyvale-texas
https://www.ubereats.com/dallas/food-delivery/torteria-genesis-to-go/8sSaGQOyT9OXVgnBAaoHjA,sunnyvale-texas
https://www.ubereats.com/dallas/food-delivery/subway-3322-s-broadway/gLbQbvJTSUS4newzZciWzA,sunnyvale-texas
https://www.ubereats.com/dallas/food-delivery/jack-in-the-box-2100-n-galloway-ave/Zbn6xYIZQFymppoh5-rFsw,sunnyvale-texas
https://www.ubereats.com/dallas/food-delivery/chickn-tornado/5MmfWqn-T8CDqGNCsx2ogQ,sunnyvale-texas
https://www.ubereats.com/dallas/food-delivery/chipotle-mexican-grill-3109-lakeview-pkwy/Tp4rAqeTSiSz07ZsHIv0Wg,sunnyvale-texas
https://www.ubereats.com/dallas/food-delivery/main-street-bistro-and-bakery-dalrock-rd/_82CM8OrQSqggsf5qTEIZQ,sunnyvale-texas
https://www.ubereats.com/dallas/food-delivery/taqueria-taxco-%232-galloway-ave/xda4qWwLQ-aKQM--pOadnQ,sunnyvale-texas
https://www.ubereats.com/dallas/food-delivery/tacos-y-mas/_2wOuc6dTjmh6TWeyoJLww,sunnyvale-texas
https://www.ubereats.com/dallas/food-delivery/el-fenix-mesquite/G7uIEUGJSV2E7g5A-5oC0A,sunnyvale-texas
https://www.ubereats.com/dallas/food-delivery/crescent-cafe/NxiVJ_afQTi2spZkws93qA,sunnyvale-texas
https://www.ubereats.com/dallas/food-delivery/cajun-seafood-asian-buffet/mtPh_Jh9SbSDAJpR4q-eUA,sunnyvale-texas
https://www.ubereats.com/dallas/food-delivery/sonic-11921-e-northwest-hwy/AMK8fXvgR-a4LK0kmBQELA,sunnyvale-texas
https://www.ubereats.com/dallas/food-delivery/taco-cabana-5959-broadway/hGU9e10OQW6oEg5_ZL4FoA,sunnyvale-texas
https://www.ubereats.com/dallas/food-delivery/sonic-2945-n-buckner-blvd/k7LoOlscQgusvQJdog-wLg,sunnyvale-texas
https://www.ubereats.com/dallas/food-delivery/twisted-trompo-garland/InjielTrRDGcK6AqPJb6iA,sunnyvale-texas
https://www.ubereats.com/dallas/food-delivery/outback-steakhouse-3903-towne-crossing-boulevard/H7Ru4ToFSISH8XYXgZHytQ,sunnyvale-texas
https://www.ubereats.com/dallas/food-delivery/chipotle-mexican-grill-125-us-80-e-ste-200/qZPAiQJ5TpK2B0DZgqvw6g,sunnyvale-texas
https://www.ubereats.com/dallas/food-delivery/mcdonalds-mesquite-tx-gus-thomasson-%26-oates/aSaQIFPZQ6-v2mjN6b_BeQ,sunnyvale-texas
https://www.ubereats.com/dallas/food-delivery/saltgrass-18680-i-635/CtZtdUSpQa-6QRWLNofyJw,sunnyvale-texas
https://www.ubereats.com/dallas/food-delivery/subway-1900-oates-dr/Nr9RQ3ZVTceNjqjEPh2qAA,sunnyvale-texas
https://www.ubereats.com/dallas/food-delivery/scrambles/eHdSjs6ARFqwhDb1bEJugw,sunnyvale-texas
https://www.ubereats.com/dallas/food-delivery/taco-factory-lancaster/oQpKlsaQS0CO_196JNJl8w,sunnyvale-texas
https://www.ubereats.com/dallas/food-delivery/golden-pot/hB54DdGpRMCyQgdsZM5pQA,sunnyvale-texas
https://www.ubereats.com/dallas/food-delivery/kfc-1801-s-buckner-blvd/YL3u5uG-QcWRHjcfCo8Ckg,sunnyvale-texas
https://www.ubereats.com/dallas/food-delivery/burrito-grande-hurst/PyOgiHdUR-WkLP6KcgPoJA,sunnyvale-texas
https://www.ubereats.com/dallas/food-delivery/momma-dees-comfort-food/k8HFIS23RGSOoIs2s1ehCg,sunnyvale-texas
https://www.ubereats.com/dallas/food-delivery/burger-street-mesquite/tdMpBThWRSOxo71EoqKz_g,sunnyvale-texas
https://www.ubereats.com/dallas/food-delivery/breakfast-burritos-dallas/dO_hoSKMRGCB0Ky_HH0A5w,sunnyvale-texas
https://www.ubereats.com/dallas/food-delivery/cicis-enterprises-1200-e-davis-street/b9gHxrcPQE6Rcfqa-2xIkg,sunnyvale-texas
https://www.ubereats.com/dallas/food-delivery/alondras-cuisine/tIRLlkyIQ4eC937mxvwYyw,sunnyvale-texas
https://www.ubereats.com/dallas/food-delivery/zios-italian-kitchen-express-garland/dvHA7nbLSiy9g3wmGBr5Nw,sunnyvale-texas
https://www.ubereats.com/dallas/food-delivery/dos-charros-rowlett/Kcv1FJsNRyO_HjAC_fHJnA,sunnyvale-texas
https://www.ubereats.com/dallas/food-delivery/ruby-restaurant-n-buckner/1MqH1C1pRuWf37ZYT5eg4A,sunnyvale-texas
https://www.ubereats.com/dallas/food-delivery/golden-chick-865-fm-548/90zM6tj2SOWdXA7u-FFtSA,sunnyvale-texas
https://www.ubereats.com/dallas/food-delivery/peru-cafe-bistro-snack-bar/KFTl32CtRLGn9ahDcVvIcw,sunnyvale-texas
https://www.ubereats.com/dallas/food-delivery/1st-donuts/oeklDVjoQ-uTW2Q2eTOTKg,sunnyvale-texas
https://www.ubereats.com/dallas/food-delivery/dairy-queen-4510-lakeview-pkwy/IddXZsGaQg6pSxFaSUqBjw,sunnyvale-texas
https://www.ubereats.com/dallas/food-delivery/dennys-4125-south-beltline-road/bClO0pwaQ4ClJVDuePx9jg,sunnyvale-texas
https://www.ubereats.com/dallas/food-delivery/georges-bakery/mwQaMmqRQXar4_b8Ckm6PQ,sunnyvale-texas
https://www.ubereats.com/dallas/food-delivery/burger-king-3161-broadway-blvd/9EFZH-mzT629VJR6PUi0mA,sunnyvale-texas
https://www.ubereats.com/dallas/food-delivery/chef-ceds-foodie-shack/3ZSVhgvPSJGGWfPUIrH21g,sunnyvale-texas
https://www.ubereats.com/dallas/food-delivery/skillman-wok-garland/adCqx4DeTUGq4GMcvfUfjw,sunnyvale-texas
https://www.ubereats.com/dallas/food-delivery/boston-market-730-w-centerville-rd/Dl-coAu3RYKCkNMG4AZ6XQ,sunnyvale-texas
https://www.ubereats.com/dallas/food-delivery/subway-1704-military-pky/bZQv6p7YQ2um6kfucBULlg,sunnyvale-texas
https://www.ubereats.com/dallas/food-delivery/churchs-chicken-11913-lake-june-rd/Med_AetYTlqh0CLCIv2XcA,sunnyvale-texas
https://www.ubereats.com/dallas/food-delivery/el-rincon-latino-restaurant/99ri-sP-Qgy2eJZw6DvFvA,sunnyvale-texas
https://www.ubereats.com/dallas/food-delivery/sonic-2001-state-hwy-66/jlXyTT7sSDuQObXH5A-uZQ,sunnyvale-texas
https://www.ubereats.com/dallas/food-delivery/tortas-la-hechizera/lJ2Fk1kfQYORLRZTY81KOg,sunnyvale-texas
https://www.ubereats.com/dallas/food-delivery/mcdonalds-buckner/U9yIWyu0QiGQ0vB9fp099Q,sunnyvale-texas
https://www.ubereats.com/dallas/food-delivery/alejandros-grill-%26-cantina/oQDMuNg5SyOVR2OZDUVR-A,sunnyvale-texas
https://www.ubereats.com/dallas/food-delivery/sushi-go/1uLw7jDPSPubMM2PPGiXJg,sunnyvale-texas
https://www.ubereats.com/dallas/food-delivery/sonic-6202-broadway-blvd/VDgP73HYTEuLpeajwH4YoQ,sunnyvale-texas
https://www.ubereats.com/dallas/food-delivery/real-mexican-tacos/Xa3XVvqFSwGPgSDegK4xFQ,sunnyvale-texas
https://www.ubereats.com/dallas/food-delivery/mardi-gras-daiquiri-cafe/XlgzlCqeSbqc1mRupQJ8Eg,sunnyvale-texas
https://www.ubereats.com/dallas/food-delivery/starbucks-i-30-%26-broadway/C9sIHtWrQMuu5N8vhBuxiQ,sunnyvale-texas
https://www.ubereats.com/dallas/food-delivery/hooters-garland/lBcW_aqhSli1a3bkfP-Wlw,sunnyvale-texas
https://www.ubereats.com/dallas/food-delivery/elotes-garibaldi/v9SJmsQOSryY800uMuKq9g,sunnyvale-texas
https://www.ubereats.com/dallas/food-delivery/dennys-457-west-interstate-30/RLpSkiZ-RzG7oSFkCJW__A,sunnyvale-texas
https://www.ubereats.com/dallas/food-delivery/dickeys-bbq-pit-white-rock-lake/HAJWQaUzR3KSsvtXMy1kFA,sunnyvale-texas
https://www.ubereats.com/dallas/food-delivery/luigis/xrunqiPrTGCiWU9ZhYZMUg,sunnyvale-texas
https://www.ubereats.com/dallas/food-delivery/cracker-barrel-old-country-store-5304-north-galloway-avenue/ZKUpE7-2Qd2bAdOyYrNCJg,sunnyvale-texas
https://www.ubereats.com/dallas/food-delivery/hooties-burger-bar-garland/Tv0NLZegRH-U3PqwO4LSyQ,sunnyvale-texas
https://www.ubereats.com/dallas/food-delivery/mi-comida-hondurena-restaurant/qrLx68cLTwCoWaA-cRdJpw,sunnyvale-texas
https://www.ubereats.com/dallas/food-delivery/taco-cabana-9210-erl-thornton-frwy/RcTESVZqTIaBrHzZD6ifpw,sunnyvale-texas
https://www.ubereats.com/dallas/food-delivery/spring-creek-barbeque-3939-w-emporium-circle/ge6BOJkGRVK7uk4FU20RZg,sunnyvale-texas
https://www.ubereats.com/dallas/food-delivery/panchos-mexican-buffet/Z_68z4egQMqC0Xk9ZQ8oFg,sunnyvale-texas
https://www.ubereats.com/dallas/food-delivery/wendys-3540-gus-thomasson-rd/16z-sJmeR9mWVuYPDqNmXA,sunnyvale-texas
https://www.ubereats.com/dallas/food-delivery/taco-bueno-3130-mesquite-%232/4hBLmCCFTUW9hLDEE1KbPA,sunnyvale-texas
https://www.ubereats.com/dallas/food-delivery/taco-bell-10310-lake-june-rd/SruXa3mGRzCCjsDPmnGNKw,sunnyvale-texas
https://www.ubereats.com/dallas/food-delivery/joes-pizza-and-pasta-tripp-rd/IUdBQSRvRKyLLjayeZ8OBA,sunnyvale-texas
https://www.ubereats.com/dallas/food-delivery/kfc-2118-n-galloway-ave/a3UJwDojTNS6N-MsaqerbA,sunnyvale-texas
https://www.ubereats.com/dallas/food-delivery/taco-cabana-12475-e-nw-hwy/JdIvSvoLQeSVSHA0ZlwgKw,sunnyvale-texas
https://www.ubereats.com/dallas/food-delivery/burrito-grande-dallas/EqFQOOnkQ82nIey8IWZJig,sunnyvale-texas
https://www.ubereats.com/dallas/food-delivery/carls-jr-2104-n-galloway-avenue/SW4CeLqsTgO47tnnk1SWUw,sunnyvale-texas
https://www.ubereats.com/dallas/food-delivery/hat-creek-burger-co-rowlett/LhaZxuKsSWKjoEQ9fm4BFg,sunnyvale-texas
https://www.ubereats.com/dallas/food-delivery/fit-factory-grill-and-smoothies/Q3--oDwjRFueHyghj1UiBg,sunnyvale-texas
https://www.ubereats.com/dallas/food-delivery/papa-johns-1433-south-belt-line-road-suite-116/L9hih9gXQUyH7ZnKz7-JRA,sunnyvale-texas
https://www.ubereats.com/dallas/food-delivery/sonic-3628-shepherd-ln/gsj8KfbfSXCpsEKVusmYNQ,sunnyvale-texas
https://www.ubereats.com/dallas/food-delivery/dennys-114-highway-80/a_r6OXbsTJyb2brIz9ZGnw,sunnyvale-texas
https://www.ubereats.com/dallas/food-delivery/subway-2030-belt-line-rd/kcRCPMt7Q_S8B0ykZONvZA,sunnyvale-texas
https://www.ubereats.com/dallas/food-delivery/wendys-12415-lake-june-road/V1fs8dzwQ1avuoZ72j-x0Q,sunnyvale-texas
https://www.ubereats.com/dallas/food-delivery/taco-bell-5709-broadway-blvd/0N3Hxo8aS0SarQAo3NdBHQ,sunnyvale-texas
https://www.ubereats.com/dallas/food-delivery/shipley-do-nuts/-poB48AyTRW0jpYLhOJHJg,sunnyvale-texas
https://www.ubereats.com/dallas/food-delivery/monterrey-mexican-restaurant/sfmPyOmRSBqto_L7NGCaFg,sunnyvale-texas
https://www.ubereats.com/dallas/food-delivery/nancys-fruteria/Wls-94tERBOsxEYEmm2nsw,sunnyvale-texas
https://www.ubereats.com/dallas/food-delivery/arbys-1821-range-rd/piuZRuHxRM6ckP-su3l0_g,sunnyvale-texas
https://www.ubereats.com/dallas/food-delivery/chick-fil-a-1600-n-town-east-blvd/EkD8RGFyQmCZF8GEktcPbg,sunnyvale-texas
https://www.ubereats.com/dallas/food-delivery/trompo-taqueria-%26-burger/UdFQTCUHSCyTJJvUGc3oeg,sunnyvale-texas
https://www.ubereats.com/dallas/food-delivery/panda-express-12203-lake-june-rd/X5dOPouLRTKkgZXyOb_XRw,sunnyvale-texas
https://www.ubereats.com/dallas/food-delivery/posados-cafe-mesquite/9uO_8W3VRVqX6bfzZW9eZg,sunnyvale-texas
https://www.ubereats.com/dallas/food-delivery/burger-pop-%26-wings/BjekY9nmSmOg9Sp_yjVUtw,sunnyvale-texas
https://www.ubereats.com/dallas/food-delivery/asian-star/RSLIuwgTSVOaOgtJtevBpA,sunnyvale-texas
https://www.ubereats.com/dallas/food-delivery/charleys-philly-steaks-%26-wings-broadway-corner/PnpzH2D6Q9e2OhUS1sPNag,sunnyvale-texas
https://www.ubereats.com/dallas/food-delivery/beef-house/Iv94zS-xRMyeh_2F9mWUow,sunnyvale-texas
https://www.ubereats.com/dallas/food-delivery/mcalisters-deli-545-town-east-blvd-mesquite-tx-1282/3wjEe_WzQ-2BscmX2h16EA,sunnyvale-texas
https://www.ubereats.com/dallas/food-delivery/long-john-silvers-1414-n-town-e-blvd/VKtL8G5iSPO8U_1wV3KibQ,sunnyvale-texas
https://www.ubereats.com/dallas/food-delivery/taco-bell-4500-gus-thomasson-rd/oZsvXZ3SRXeU27GQI0hy7Q,sunnyvale-texas
https://www.ubereats.com/dallas/food-delivery/taco-bell-1955-south-buckner-rd/pH1X7pDxRZq8kYJgWEacmQ,sunnyvale-texas
https://www.ubereats.com/dallas/food-delivery/el-palote-panaderia/cUyaFQwNRPGSboB_Q3tbHA,sunnyvale-texas
https://www.ubereats.com/dallas/food-delivery/genghis-grill-mesquite/PQ6G6HT7T3qLAvFL9LqD4g,sunnyvale-texas
https://www.ubereats.com/dallas/food-delivery/burgerim-2063-town-east-mall-ste-1010/-rMAe9AwRQ6h7s1vr7De3A,sunnyvale-texas
https://www.ubereats.com/dallas/food-delivery/tasty-chicken-and-wings/jxuVDyPzSL2I0c4ZE8s5mQ,sunnyvale-texas
https://www.ubereats.com/dallas/food-delivery/golden-chick-dallas-e-northwest/nrj_fQmPT--8z4K2KVeDxQ,sunnyvale-texas
https://www.ubereats.com/dallas/food-delivery/carls-jr-550-w-i30/t8QFQDX_S2G3MpRYPi6dhg,sunnyvale-texas
https://www.ubereats.com/dallas/food-delivery/golden-chick-1001-e-davis-st/qBLyJGSUTPW2j4kJ6Zt0Dg,sunnyvale-texas
https://www.ubereats.com/dallas/food-delivery/subway-1200-e-davis-st/gDZedtmhQh2Ow6JgXTjQJw,sunnyvale-texas
https://www.ubereats.com/dallas/food-delivery/opa!-greek-taverna/MYlM_YpmQFyO2b8g0LQ0Aw,sunnyvale-texas
https://www.ubereats.com/dallas/food-delivery/lindys-restaurant/lsZWYe5ASnS5iyKKLSmYdQ,sunnyvale-texas
https://www.ubereats.com/dallas/food-delivery/las-morenas-tacos/Je0ESIrgSFuGOuqvT4puDQ,sunnyvale-texas
https://www.ubereats.com/dallas/food-delivery/bombones/R9PYphdERay7YgDFmy6VWQ,sunnyvale-texas
https://www.ubereats.com/dallas/food-delivery/tuckers-grill/yFql6miBSIKudsy0kiu3FA,sunnyvale-texas
https://www.ubereats.com/dallas/food-delivery/mcdonalds-garland-tx-30-broadway/HDBBDpq6TZWwez8HBEKW5g,sunnyvale-texas
https://www.ubereats.com/dallas/food-delivery/jack-in-the-box-311-s-galloway-ave/GONHWtKCQfK-MMLxQ_4ioQ,sunnyvale-texas
https://www.ubereats.com/dallas/food-delivery/captain-ds-12315-elam-rd/6KQERAIiR5-KA24EwcUB9g,sunnyvale-texas
https://www.ubereats.com/dallas/food-delivery/asian-buffet/zVPJcFA3QAarsfqVjLDqtg,sunnyvale-texas
https://www.ubereats.com/dallas/food-delivery/mcdonalds-gus-thomason-ferguson/0kAsK-_xS6KhBk8iREo-Cg,sunnyvale-texas
https://www.ubereats.com/dallas/food-delivery/absolutely-edible-cakes-%26-catering/Yl_ewNjLT_amqahyETKKKA,sunnyvale-texas
https://www.ubereats.com/dallas/food-delivery/subway-5970-broadway-blvd/s7dNklpzQFSmlonq5tE1zw,sunnyvale-texas
https://www.ubereats.com/dallas/food-delivery/henderson-chicken-mesquite/6XTdL4zRRG6NefxkqiM4MQ,sunnyvale-texas
https://www.ubereats.com/dallas/food-delivery/cicis-1515-s-buckner-blvd-suite-115/SuklvBEdTiagBEcz4qZnAA,sunnyvale-texas
https://www.ubereats.com/dallas/food-delivery/razzoos-cajun-cafe-mesquite/kE6ePPcCQlmxdbAvGuA0Fg,sunnyvale-texas
https://www.ubereats.com/dallas/food-delivery/the-burger-shop/fqRxf0JtQ06KeZNWUXDWtw,sunnyvale-texas
https://www.ubereats.com/dallas/food-delivery/five-guys-tx-1211-1725-n-town-east-blvd/FwnbrfX8Ss6NOC8PkaNSKw,sunnyvale-texas
https://www.ubereats.com/dallas/food-delivery/kfc-3612-highway-66/JGqy52AwSvO4PIBq_pztMA,sunnyvale-texas
https://www.ubereats.com/dallas/food-delivery/good-%26-fast-chicken/a5-GAa7PRfGHvzJmYFMsSA,sunnyvale-texas
https://www.ubereats.com/dallas/food-delivery/tgi-fridays-561-mesquite-tx/mnSIa2RaT7qMxZx0Ztp1VQ,sunnyvale-texas
https://www.ubereats.com/dallas/food-delivery/buffalo-wild-wings-3900-pavillion-ct/p2QTsavLR267rDHDo6_mfw,sunnyvale-texas
https://www.ubereats.com/dallas/food-delivery/casa-belen-bakery/xF8R51-aSCiSOWyY5j0goA,sunnyvale-texas
https://www.ubereats.com/dallas/food-delivery/crispy-chicken-%26-rice/eaKdjvWiTD-ft64YT8C7zQ,sunnyvale-texas
https://www.ubereats.com/dallas/food-delivery/papa-johns-501-fm-548-ste-170/dUkO79IIRkijsxGjfg7j-Q,sunnyvale-texas
https://www.ubereats.com/dallas/food-delivery/sonic-1920-s-beltline-road/53YNuk_ZRzKjDuNm__PkIw,sunnyvale-texas
https://www.ubereats.com/dallas/food-delivery/chipotle-mexican-grill-1715-n-town-east-blvd-ste-100/P9CxxE0kTRycbBnky-Gl0g,sunnyvale-texas
https://www.ubereats.com/dallas/food-delivery/taco-bell-12002-elam-road/UuCz9rhmTm6ezxoweM6UoQ,sunnyvale-texas
https://www.ubereats.com/dallas/food-delivery/crispy-n-puffy-taquito/fSw8-DznTXmwElDWB7cTKw,sunnyvale-texas
https://www.ubereats.com/dallas/food-delivery/wendys-1800-n-beltline/LzWkqHmkQ9W7Adnj1eX_tQ,sunnyvale-texas
https://www.ubereats.com/dallas/food-delivery/subway-2411-n-galloway/xIPDjX07QRKW8qn1om4npA,sunnyvale-texas
https://www.ubereats.com/dallas/food-delivery/kaze-sushi-and-hibachi-restaurant/U3kstaIWQm2kODukUyuIew,sunnyvale-texas
https://www.ubereats.com/dallas/food-delivery/joes-crab-shack-1340-n-peachtree-rd/oU374Cj2QZqJODm22P_C3w,sunnyvale-texas
https://www.ubereats.com/dallas/food-delivery/bjs-restaurant-%26-brewhouse-1106-town-east-mall/W_s57-X6QVOJscCphoo95g,sunnyvale-texas
https://www.ubereats.com/dallas/food-delivery/a%26w-restaurant-1414-n-town-east-blvd/Te-T4DiSQOCMxFVEhMmqrg,sunnyvale-texas
https://www.ubereats.com/dallas/food-delivery/rockwall-donuts/DdeU5A7_RUCMOVtIp5y9qg,sunnyvale-texas
https://www.ubereats.com/dallas/food-delivery/atheneos-greek-village-cafe/n6Mz_-wiTOWwTZ0ovpp9oA,sunnyvale-texas
https://www.ubereats.com/dallas/food-delivery/panda-express-3209-lakeview-parkway/HmSSXlU9Qca0zi6unJYjuw,sunnyvale-texas
https://www.ubereats.com/dallas/food-delivery/subway-12350-lake-june-rd/7HAZT4_jRl6zwZoJzo8ouw,sunnyvale-texas
https://www.ubereats.com/dallas/food-delivery/taco-bell-748-pinson-road/49nesWNRTeu3QhT2nMoe6Q,sunnyvale-texas
https://www.ubereats.com/dallas/food-delivery/taco-bell-1931-military-parkway/yMTaRfcoTKeZ_gbhQ88iaA,sunnyvale-texas
https://www.ubereats.com/dallas/food-delivery/wild-over-wings/oyDoOapoTUCHCf7TqOeZwQ,sunnyvale-texas
https://www.ubereats.com/dallas/food-delivery/golden-chick-dallas-masters-dr/MrPi0J6ZQcuMLqsbV0zBVw,sunnyvale-texas
https://www.ubereats.com/dallas/food-delivery/the-curry-leaf/U38QzaEwT5SuNFXHGrIiKQ,sunnyvale-texas
https://www.ubereats.com/dallas/food-delivery/burger-king-10106-lake-june-rd/npOW3G0XRju_8qtZT-jYXA,sunnyvale-texas
https://www.ubereats.com/dallas/food-delivery/shell-shack-mesquite-tx/r99whgaRT5GSZrpSk7kjVg,sunnyvale-texas
https://www.ubereats.com/dallas/food-delivery/la-paloma-taqueria-balch-springs/UH0Z_GgwSQ2gefuv-gpfOg,sunnyvale-texas
https://www.ubereats.com/dallas/food-delivery/blacksmoke-bbq-%26-grill/8id8M3MLTJCs3pvQKAYZSg,sunnyvale-texas
https://www.ubereats.com/dallas/food-delivery/papa-johns-5952-broadway-blvd/dvoettPMRM-mKNyl5VNZVw,sunnyvale-texas
https://www.ubereats.com/dallas/food-delivery/mcdonalds-mesquite-scyene/ZpA0mGvVQPuyGk7eZNsGGg,sunnyvale-texas
https://www.ubereats.com/dallas/food-delivery/chelos-taqueria/K30QxY1xRIC2dIy_1bEK4Q,sunnyvale-texas
https://www.ubereats.com/dallas/food-delivery/da-boyz/oOrvCzrmRRe3MxvmItXVzw,sunnyvale-texas
https://www.ubereats.com/dallas/food-delivery/india-garden-garland/wWCyb4GfSSmvICTRNEkhsw,sunnyvale-texas
https://www.ubereats.com/dallas/food-delivery/louisiana-famous-fried-chicken-great-trinity-forest-way-dallas-tx/nZAFZc0WQACkeS9qj0pe0g,sunnyvale-texas
https://www.ubereats.com/dallas/food-delivery/jack-in-the-box-1150-us-hwy-67/41nOr422SYqIJHKJycbKnQ,sunnyvale-texas
https://www.ubereats.com/dallas/food-delivery/williams-fried-chicken-1020-us-highway-80-e/GIpMXGGWTR2P-pAZ4ykdvg,sunnyvale-texas
https://www.ubereats.com/dallas/food-delivery/papa-murphys-820-east-cartwright-suite-128-tx134/JJ6WCJC7Tpm-0eA6jYfg-w,sunnyvale-texas
https://www.ubereats.com/dallas/food-delivery/bakers-ribs-garland/BHSbsKC4SFewRi-POcG1XA,sunnyvale-texas
https://www.ubereats.com/dallas/food-delivery/normas-mexican-restaurant/i2RCNay0QK20_B1iWusG3A,sunnyvale-texas
https://www.ubereats.com/dallas/food-delivery/chicken-express-5501-rowlett-rd/mHcywpGySXCkd6z6oMa-3w,sunnyvale-texas
https://www.ubereats.com/dallas/food-delivery/assign-mesquite-bbq/Wvp-wyDjSpSSn35x9v0QQA,sunnyvale-texas
https://www.ubereats.com/dallas/food-delivery/applebees-19035-i-635/FAxmnqiESE61caMcpe0zCw,sunnyvale-texas
https://www.ubereats.com/dallas/food-delivery/jersey-mikes-subs-1515-north-town-east-boulevardsuite-120/m7V9y_yvQSuMhKCEQvYLIw,sunnyvale-texas
https://www.ubereats.com/dallas/food-delivery/joes-pizza-and-pasta-galloway-ave/qjK_fGNYSDum0yHjmKDgIg,sunnyvale-texas
https://www.ubereats.com/dallas/food-delivery/tacos-y-tortas-rickis/yvsqhLZdQQ67kXxRcfqFdg,sunnyvale-texas
https://www.ubereats.com/dallas/food-delivery/grandys-balch-springs/Cqh3LG6XRB2Pz3vyhuMB8A,sunnyvale-texas
https://www.ubereats.com/dallas/food-delivery/captain-ds-6327-broadway-blvd/fZA7ok7uS0OYwYuELEhhFw,sunnyvale-texas
https://www.ubereats.com/dallas/food-delivery/subway-1320-gross-rd/iRpKnUAYSE213uP0z--D4Q,sunnyvale-texas
https://www.ubereats.com/dallas/food-delivery/sonic-pioneer/LBaCxcemQ6CALiZjrDE4AA,sunnyvale-texas
https://www.ubereats.com/dallas/food-delivery/donut-ball/vK5D7Li1TPCsiLcq4uouUQ,sunnyvale-texas
https://www.ubereats.com/dallas/food-delivery/que-buen-taco-%232/9LYYoYjYTUGMEU6adIMqiw,sunnyvale-texas
https://www.ubereats.com/dallas/food-delivery/bestie-donuts/SWWQoBO3Q96fKuaDNTDb7Q,sunnyvale-texas
https://www.ubereats.com/dallas/food-delivery/jcs-burger-bar/1Ybd2BWWRSmRImdwgicPdQ,sunnyvale-texas
https://www.ubereats.com/dallas/food-delivery/knockout-sports-bar-mesquite/PjoGHzqSQMyHRiugxDHQwg,sunnyvale-texas
https://www.ubereats.com/dallas/food-delivery/don-jorges-cocina/hJ-V5KDPRgiWVVIUceWuFA,sunnyvale-texas
https://www.ubereats.com/dallas/food-delivery/popeyes-5724-broadway-blvd/Gb8GgkEVSz6k8HJDV6vQDw,sunnyvale-texas
https://www.ubereats.com/dallas/food-delivery/mcdonalds-balch-springs-tx-glenshire/z5nPRqReQ-uLjcw5SYfquA,sunnyvale-texas
https://www.ubereats.com/dallas/food-delivery/long-john-silvers-5621-broadway-blvd/7kOFKqMlSMyAJnlTWSXq6w,sunnyvale-texas
https://www.ubereats.com/dallas/food-delivery/jack-in-the-box-5410-rowlett-rd/Of7DfHFqS3u0Jn5GmkR5aw,sunnyvale-texas
https://www.ubereats.com/dallas/food-delivery/taco-cabana-2601-dean-st/-Vmk9Ht6T2278Z7UySE5aA,sunnyvale-texas
https://www.ubereats.com/dallas/food-delivery/cicis-1220-n-e-town-blvd-suite-246/lPTxfgIWRy-PWW50ek374A,sunnyvale-texas
https://www.ubereats.com/dallas/food-delivery/wendys-1910-s-buckner-ave/_rUneqSUT_OH91FXbGlu5A,sunnyvale-texas
https://www.ubereats.com/dallas/food-delivery/sports-city-cafe/Eo0Axnr6S-qOBVj-PSOtsA,sunnyvale-texas
https://www.ubereats.com/dallas/food-delivery/j-donut/KCVB_sOZTmKvhdL6Ji6DZg,sunnyvale-texas
https://www.ubereats.com/dallas/food-delivery/mcdonalds-bruton/O_Xq6e-7QmGelqeKmYBzSA,sunnyvale-texas
https://www.ubereats.com/dallas/food-delivery/southern-maid-donuts/Rhy-buOiRsaJwhJVDtn70A,sunnyvale-texas
https://www.ubereats.com/dallas/food-delivery/twin-peaks-18995-lyndon-b-johnson-fwy/_6dygL3OTrK7AZ606frDQA,sunnyvale-texas
https://www.ubereats.com/dallas/food-delivery/donuts-and-coffee/IerM-yJ-Tj6_gop6-dqIwQ,sunnyvale-texas
https://www.ubereats.com/dallas/food-delivery/birrieria-aguinaga-ferguson-rd/-dPCfHk1TQqkC2XanWbYZQ,sunnyvale-texas
https://www.ubereats.com/dallas/food-delivery/dickeys-bbq-pit-president-george-bush-hwy-%26-big-a-road/w9Xx3yZTSgCwnmfrSB-jfw,sunnyvale-texas
https://www.ubereats.com/dallas/food-delivery/el-rio-grande-latin-market-mesquite/PdbHFcQmQnOV8wYAqYc9Ug,sunnyvale-texas
https://www.ubereats.com/dallas/food-delivery/mcdonalds-mesquite-635-town-ctr/bxdNDqKNT1iRh0A8THuSLA,sunnyvale-texas
https://www.ubereats.com/dallas/food-delivery/panda-express-8950-e-rl-thornton-fwy/naJZKKtqQ1WoIovwtxp0Zg,sunnyvale-texas
https://www.ubereats.com/dallas/food-delivery/reggae-wings-%26-tings-mesquite/2SQwAUeJR2mEUINg3Llujw,sunnyvale-texas
https://www.ubereats.com/dallas/food-delivery/frulatti-cafe-and-bakery/tsBwXr-iSWqFmIg4WCsTyg,sunnyvale-texas
https://www.ubereats.com/dallas/food-delivery/amazing-donuts/YJeFEF4qQyms-FqedDUAaw,sunnyvale-texas
https://www.ubereats.com/dallas/food-delivery/best-burger-s-dallas/w6Blzo0xSiqGHZsQCXzugA,sunnyvale-texas
https://www.ubereats.com/dallas/food-delivery/taco-bell-11441-jupiter-road/-qvkuimRTaOPW44qpAKoEA,sunnyvale-texas
https://www.ubereats.com/dallas/food-delivery/carnitas-la-cotorra/ukC2CATNSqC6aQkG5t2H4w,sunnyvale-texas
https://www.ubereats.com/dallas/food-delivery/wendys-1325-gross-road/bgklDt6pRkK-oldr3MZUVg,sunnyvale-texas
https://www.ubereats.com/dallas/food-delivery/golden-chick-garland/rtEpN7slTLak_wrR8OT-yg,sunnyvale-texas
https://www.ubereats.com/dallas/food-delivery/kiss-donuts/aSDXhHQATuKpTNdIWFO6zQ,sunnyvale-texas
https://www.ubereats.com/dallas/food-delivery/sonic-8126-lake-june-rd/iaD3D_StSRGp92IqhmqwwA,sunnyvale-texas
https://www.ubereats.com/dallas/food-delivery/rice-xpress/9gt2qByHTpu23LQTNajqwQ,sunnyvale-texas
https://www.ubereats.com/dallas/food-delivery/kikis-authentic-mexican-restaurant/ESna7MkpSKSN3F3DuYnfOw,sunnyvale-texas
https://www.ubereats.com/dallas/food-delivery/red-lobster-3906-towne-crossing-blvd/lOcueJbvT8ConKOOPAtVgQ,sunnyvale-texas
https://www.ubereats.com/dallas/food-delivery/pizza-getti/mL2veKBVTWu9AlR0Ro4Vyg,sunnyvale-texas
https://www.ubereats.com/dallas/food-delivery/williams-fried-chicken-13000-seagoville-rd/lqZtf3tUT0aEPIjHiRs27Q,sunnyvale-texas
https://www.ubereats.com/dallas/food-delivery/fry-daddys/gTEKRu3vTReBaZfaQ_vf-g,sunnyvale-texas
https://www.ubereats.com/dallas/food-delivery/luigis-cafe/B65-H0mOTCu4iFq-jjqjmw,sunnyvale-texas
https://www.ubereats.com/dallas/food-delivery/ihop-1404-centerville-rd/EtQJyerATSOmyrEymEAaUg,sunnyvale-texas
https://www.ubereats.com/dallas/food-delivery/panda-express-3030-town-east-mall/oDp0bL5GQe2dDOIxToNXUg,sunnyvale-texas
https://www.ubereats.com/dallas/food-delivery/nicks-sports-grill-rowlett/ep16kH6nSb2M2Uc_tNJljg,sunnyvale-texas
https://www.ubereats.com/dallas/food-delivery/panda-express-164-s-collins-rd/r-fvtOYAT3WNng1Q4F7qEg,sunnyvale-texas
https://www.ubereats.com/dallas/food-delivery/zs-catfish/JOvQxT14R2abFJUVi5EcOA,sunnyvale-texas
https://www.ubereats.com/dallas/food-delivery/furrs-fresh-buffet-garland/Ge2bamRjS_S_xGJNvsVe7g,sunnyvale-texas
https://www.ubereats.com/dallas/food-delivery/jack-in-the-box-12325-lake-june-rd/8eP9_uWhSAW6lEY6SdDrRw,sunnyvale-texas
https://www.ubereats.com/dallas/food-delivery/taqueria-vazquez-e-r-l-thornton-fwy/UjKQUJwETWKS0V5anEJnwQ,sunnyvale-texas
https://www.ubereats.com/dallas/food-delivery/taqueria-taxco-%237-n-town-east-blvd/cANVVgfJSF-_jBLmEZSh4A,sunnyvale-texas
https://www.ubereats.com/dallas/food-delivery/petes-texas-treats/n9_PsMvCTCaGc_rHqUpSPw,sunnyvale-texas
https://www.ubereats.com/dallas/food-delivery/jannets-pizza-%26-pasta-garland/e_MkYd-uSWabM8ckcU2hog,sunnyvale-texas
https://www.ubereats.com/dallas/food-delivery/smoothie-factory/CF0ZgT9MRHin_9Jz9T-veA,sunnyvale-texas
https://www.ubereats.com/dallas/food-delivery/fuzzys-taco-shop-towne-crossing/HlIoRzDbTsKIz4Oj8pc4qA,sunnyvale-texas
https://www.ubereats.com/dallas/food-delivery/sonic-3327-broadway-boulevard/edjMcvzgTV-ttdU9WM4fnA,sunnyvale-texas
https://www.ubereats.com/dallas/food-delivery/carls-jr-12601-lake-june-road/COd3a0MfSrWxw2rp41Sv3Q,sunnyvale-texas
https://www.ubereats.com/dallas/food-delivery/taco-bell-2114-n-galloway-ave/sWHgEM5_RKKHpmJRHHfIoQ,sunnyvale-texas
https://www.ubereats.com/dallas/food-delivery/tacos-%2B-tequila-uptown/JapqVdK-RH-UIxfCNo4ngA,sunnyvale-texas
https://www.ubereats.com/dallas/food-delivery/india-garden/Z6DU94TnT9CyCcto2I1P-g,sunnyvale-texas
https://www.ubereats.com/dallas/food-delivery/la-salsa-loca-tacos-and-more/rYgh7CIkTrmV-KAcIP8VCQ,sunnyvale-texas
https://www.ubereats.com/dallas/food-delivery/williams-fried-chicken-11932-elam-rd/cMEvToQiS82FXNKkEaapMA,sunnyvale-texas
https://www.ubereats.com/dallas/food-delivery/seafood-daddy-and-steaks/9uLyUVmsS4a25x6zIfiCuA,sunnyvale-texas
https://www.ubereats.com/dallas/food-delivery/pearl-chinese-restaurant/4s6arW5YSIynbPRIUhieCQ,sunnyvale-texas
https://www.ubereats.com/dallas/food-delivery/captain-ds-5514-jim-miller-rd/2X4NmpRaQ4mcz4_CuGWLSA,sunnyvale-texas
https://www.ubereats.com/dallas/food-delivery/starbucks-mesquite-market-east-shopping/oBg-u_4cTDKQKeRPy-1CZA,sunnyvale-texas
https://www.ubereats.com/dallas/food-delivery/mcdonalds-mesquite-tx-towneast/4SLuFL6_S5qLyqH2Hab2eg,sunnyvale-texas
https://www.ubereats.com/dallas/food-delivery/nestle-toll-house-cafe-by-chip-2063-town-east-mall/VjOmv2l6TseikBj-dBJfTA,sunnyvale-texas
https://www.ubereats.com/dallas/food-delivery/glorias-rotisserie/GRWYUZjZTkCKp3_C_ZwnwQ,sunnyvale-texas
https://www.ubereats.com/dallas/food-delivery/jack-in-the-box-1728-scyene-rd/k_f1AulKR3y4CDS4ac4dNg,sunnyvale-texas
https://www.ubereats.com/dallas/food-delivery/bosphorus-mediterranean-grill-mesquite/XEP3mR2zQzGF_IjycuLy5A,sunnyvale-texas
https://www.ubereats.com/dallas/food-delivery/kfc-12325-elam-rd/dZddCCBjTjuMSfPONs23MA,sunnyvale-texas
https://www.ubereats.com/dallas/food-delivery/dairy-queen-105-w-us-hwy-80/crIs4olNT8epQe9G540bhw,sunnyvale-texas
https://www.ubereats.com/dallas/food-delivery/taqueria-la-chona/V_AVhxZaTa6BnDWGWt2Iyg,sunnyvale-texas
https://www.ubereats.com/dallas/food-delivery/the-crawfish-block/ICkgwE3rTwWU7Ttc0LOjiw,sunnyvale-texas
https://www.ubereats.com/dallas/food-delivery/all-about-gyros/_8wNOAtARZawRX7BUa_UbA,sunnyvale-texas
https://www.ubereats.com/dallas/food-delivery/sonic-north-galloway/Q2uVvJoCT8y9RrX68PYboA,sunnyvale-texas
https://www.ubereats.com/dallas/food-delivery/fatmans-bbq/WqEDKZGwScqtUFkNCJny7g,sunnyvale-texas
https://www.ubereats.com/dallas/food-delivery/spicevillage/1x2DBvi0Txmi-ozBfEghaw,sunnyvale-texas
https://www.ubereats.com/dallas/food-delivery/zenna-thai-%26-japanese-mesquite/XNaPuL3wR92qjpZ8jV0hnQ,sunnyvale-texas
https://www.ubereats.com/dallas/food-delivery/the-curry-leaf/Khc5jCcCQQODv5tkykH4tA,sunnyvale-texas
https://www.ubereats.com/dallas/food-delivery/eat-jo-dawgs/WvCA3IXuSxiIfSEk53jsEg,sunnyvale-texas
https://www.ubereats.com/dallas/food-delivery/balch-springs-tacos/RpK2MA-oRtaiPEZNXEoK9A,sunnyvale-texas
https://www.ubereats.com/dallas/food-delivery/wendys-501-west-i-30/4kFV06kbQVa8CA0Lk1zcSQ,sunnyvale-texas
