url,city
https://www.ubereats.com/boston/food-delivery/mcdonalds-1690-president-ave/R-rhNKqMS12hXUL9GTKKgQ,swansea-massachusetts
https://www.ubereats.com/boston/food-delivery/sonic-707-grand-army-hwy/PvW1qLNmS3GBRHPBtJUppw,swansea-massachusetts
https://www.ubereats.com/boston/food-delivery/honey-dew-donuts-174-state-rd/OqhyPjxzRumIuQWPDQ8rVA,swansea-massachusetts
https://www.ubereats.com/boston/food-delivery/golden-star-chinese-restaurant/1W0gWpr7QHiCj0teiP0qgA,swansea-massachusetts
https://www.ubereats.com/boston/food-delivery/papa-ginos-307-elsbree-street/fCdfgD-YSOCSAoD82zeYbA,swansea-massachusetts
https://www.ubereats.com/providence/food-delivery/portside-fish-market/vtkDCljlSq6XH6gC0yhpaw,swansea-massachusetts
https://www.ubereats.com/boston/food-delivery/dangelo-grilled-sandwiches-1040-n-main-st-rt-6/9AET2NTjSui21SMdONqmJQ,swansea-massachusetts
https://www.ubereats.com/boston/food-delivery/timmys-family-restaurant/FCyvB5Z8T6afet1FvzGBew,swansea-massachusetts
https://www.ubereats.com/boston/food-delivery/choco-latte-cafe/O4igtECGTYSd0Y9X2Nsp4Q,swansea-massachusetts
https://www.ubereats.com/providence/food-delivery/taco-bell-11-commerce-way/jrr7HqXIQYWS-T4OAmUBMA,swansea-massachusetts
https://www.ubereats.com/boston/food-delivery/kfc-484-pleasant-st/khw2NsY0QBSiPgsrGudQdg,swansea-massachusetts
https://www.ubereats.com/providence/food-delivery/subway-499-globe-st/TismBChaSHqSOGSLVULwYg,swansea-massachusetts
https://www.ubereats.com/boston/food-delivery/taco-bell-195-marianno-bishop-blvd/Wdic5tKoSi-7X-14Dkl8Kw,swansea-massachusetts
https://www.ubereats.com/providence/food-delivery/swansea-house-of-pizza/Vu661_R5RCOtuvGYYLl4CA,swansea-massachusetts
https://www.ubereats.com/boston/food-delivery/honey-dew-donuts-200-broadway/4zUzJAXPTYCEYTfXCbHL9g,swansea-massachusetts
https://www.ubereats.com/providence/food-delivery/kitchen-bifana/dU8nPfGVQ--zBvGPafQ3IA,swansea-massachusetts
https://www.ubereats.com/boston/food-delivery/jersey-mikes-subs-450-william-s-canning-blvd/KCF1TvyQS6SFceOIYBKZmw,swansea-massachusetts
https://www.ubereats.com/providence/food-delivery/top-of-the-bay/6Hn9fMkTQEeRGJugVp687Q,swansea-massachusetts
https://www.ubereats.com/boston/food-delivery/kfc-525-gar-highway/uad4JgqgS12XWI3ZmuA5RQ,swansea-massachusetts
https://www.ubereats.com/providence/food-delivery/sophias-tuscan-grille/EsO7AuLvTQmVEXI36bjRjg,swansea-massachusetts
https://www.ubereats.com/providence/food-delivery/a-js-bar-%26-grill/JX2HBpN8TMy_9ZKPi8cqLQ,swansea-massachusetts
https://www.ubereats.com/boston/food-delivery/subway-290-s-main-st/gZGHw-ypQZ-WLSnk1F14rQ,swansea-massachusetts
https://www.ubereats.com/providence/food-delivery/dunkin-15-robeson-st/fNrShMboTOiFYXIPGpKOKA,swansea-massachusetts
https://www.ubereats.com/boston/food-delivery/new-china-chinese-restaurant/N3HxFBo5SKSd_IdilDSqag,swansea-massachusetts
https://www.ubereats.com/providence/food-delivery/brass-monkey/NS04NxFjQxKzw9OqEt7z0g,swansea-massachusetts
https://www.ubereats.com/providence/food-delivery/applebees-311-plymouth-avenue-%2381045/M3F9pXvEQb2R7Ua5o277Vg,swansea-massachusetts
https://www.ubereats.com/providence/food-delivery/latinos-cafe/B_JbijsWTaOe2L7_heTytA,swansea-massachusetts
https://www.ubereats.com/providence/food-delivery/the-perfect-sweet-shoppe/dbf_SaRyQYCyQaV8bYNZWA,swansea-massachusetts
https://www.ubereats.com/boston/food-delivery/boulevard-pizza/_F4MMcL3Rqasb8MgTz7JVA,swansea-massachusetts
https://www.ubereats.com/boston/food-delivery/mcdonalds-631-gar-hwy/aW7jPgylTNO8TMMUvXVPvQ,swansea-massachusetts
https://www.ubereats.com/providence/food-delivery/dangelo-grilled-sandwiches-16-canning-blvd-rt-81/V6XLl86cQO-3HweD_wh5aQ,swansea-massachusetts
https://www.ubereats.com/boston/food-delivery/union-burrito/-PwwW2ALQ3qdpopNPyVL2Q,swansea-massachusetts
https://www.ubereats.com/boston/food-delivery/ocean-grove-burrito-bar/WCWJiVhLRiudsGPwvhgwvg,swansea-massachusetts
https://www.ubereats.com/providence/food-delivery/famous-churrascaria/-pVQzktRSmKG51bDHPiFcw,swansea-massachusetts
https://www.ubereats.com/boston/food-delivery/swansea-house-of-pizza/Vu661_R5RCOtuvGYYLl4CA,swansea-massachusetts
https://www.ubereats.com/providence/food-delivery/dangelo-grilled-sandwiches-1040-n-main-st-rt-6/9AET2NTjSui21SMdONqmJQ,swansea-massachusetts
https://www.ubereats.com/boston/food-delivery/new-york-platter/z8hRmwgRRCKC2MkjCeYGeg,swansea-massachusetts
https://www.ubereats.com/boston/food-delivery/honey-dew-donuts-130-william-s-canning-blvd/x-8wE-AxS4S9rT-FFkif1Q,swansea-massachusetts
https://www.ubereats.com/providence/food-delivery/khaosan-thai-street-food/vK8nvMq3TxqyhIw1gJ3TLA,swansea-massachusetts
https://www.ubereats.com/boston/food-delivery/mcdonalds-1853-s-main-st/Fp4Ghh26RWyfn-0C3CgnVA,swansea-massachusetts
https://www.ubereats.com/boston/food-delivery/rebeco-mexican-bar-and-grill/_xFly5uQTIeAY4YjX8vATA,swansea-massachusetts
https://www.ubereats.com/providence/food-delivery/taco-bell-2574-west-shore-road/NC5AtK8ETvSKYu7Aua5g3w,swansea-massachusetts
https://www.ubereats.com/boston/food-delivery/asian-buffet/9FqOy3kPRLKBrYHB-IJszg,swansea-massachusetts
https://www.ubereats.com/boston/food-delivery/oliveiras-express-fall-river/3BdfyFSHT_2LUBEBhSp4xQ,swansea-massachusetts
https://www.ubereats.com/providence/food-delivery/papa-ginos-340-mariano-s-bishop-boulevard/FeqcP0WRS_Kk1DjByuY2bQ,swansea-massachusetts
https://www.ubereats.com/providence/food-delivery/subway-1129-gar-highway/g7Fmqau8SliRi_SpnuJEng,swansea-massachusetts
https://www.ubereats.com/boston/food-delivery/three-brothers-restaurant/MN-9D4AJTrWVFagfJRcIYg,swansea-massachusetts
https://www.ubereats.com/boston/food-delivery/tequila-lime-cantina/YHdM2uQLQVaACCkWftUAMA,swansea-massachusetts
https://www.ubereats.com/boston/food-delivery/five-guys-ma-1350-573-grand-army-hwy/WXAMK3rsRFqhEUT-H1oRNQ,swansea-massachusetts
https://www.ubereats.com/boston/food-delivery/kitchen-bifana/dU8nPfGVQ--zBvGPafQ3IA,swansea-massachusetts
https://www.ubereats.com/boston/food-delivery/popeyes-933-pleasant-st/ldlrgerNQ7qzSHOph7KklA,swansea-massachusetts
https://www.ubereats.com/providence/food-delivery/three-brothers-restaurant/MN-9D4AJTrWVFagfJRcIYg,swansea-massachusetts
https://www.ubereats.com/boston/food-delivery/taco-bell-2574-west-shore-road/NC5AtK8ETvSKYu7Aua5g3w,swansea-massachusetts
https://www.ubereats.com/providence/food-delivery/ocean-grove-burrito-bar/WCWJiVhLRiudsGPwvhgwvg,swansea-massachusetts
https://www.ubereats.com/boston/food-delivery/planit-eats-fall-river/ePKXduFiSDCSkTbFIBmt7Q,swansea-massachusetts
https://www.ubereats.com/boston/food-delivery/the-perfect-sweet-shoppe/dbf_SaRyQYCyQaV8bYNZWA,swansea-massachusetts
https://www.ubereats.com/providence/food-delivery/popeyes-933-pleasant-st/ldlrgerNQ7qzSHOph7KklA,swansea-massachusetts
https://www.ubereats.com/boston/food-delivery/honey-dew-donuts-1363-s-main-st/RubZ09IiS5Ov92PP1JE6pw,swansea-massachusetts
https://www.ubereats.com/boston/food-delivery/mcdonalds-300-plymouth-ave/7S31gUCEQuS7tW0saaY2zw,swansea-massachusetts
https://www.ubereats.com/providence/food-delivery/famous-churrascaria-portuguese-bbq-%26-grill/LEVNybHTRfySe8H_SLr3Gg,swansea-massachusetts
https://www.ubereats.com/boston/food-delivery/taqueria-el-habanero/ZDyvOZcdTtqJsGvQBjlgtA,swansea-massachusetts
https://www.ubereats.com/boston/food-delivery/burger-king-ri-2335/OLMbVvR2QLqaCIiRhnM0vg,swansea-massachusetts
https://www.ubereats.com/boston/food-delivery/latinos-restaurant/dC_JfXHyQeiatNm7FVTEbA,swansea-massachusetts
https://www.ubereats.com/providence/food-delivery/five-guys-ma-1905-450-u10-william-s-canning-blvd/oHmO5q9XQGGLdRIOT2MVpQ,swansea-massachusetts
https://www.ubereats.com/providence/food-delivery/new-china-chinese-restaurant/N3HxFBo5SKSd_IdilDSqag,swansea-massachusetts
https://www.ubereats.com/boston/food-delivery/subway-499-globe-st/TismBChaSHqSOGSLVULwYg,swansea-massachusetts
https://www.ubereats.com/boston/food-delivery/a-js-bar-%26-grill/JX2HBpN8TMy_9ZKPi8cqLQ,swansea-massachusetts
https://www.ubereats.com/boston/food-delivery/friendlys-135-mariano-bishop-boulevard/n5VgzciwSIyqybCiL8fzjg,swansea-massachusetts
https://www.ubereats.com/boston/food-delivery/outback-steakhouse-1301-fall-river-avenue/DcuglQA0SU2ZcVTNqwPILg,swansea-massachusetts
https://www.ubereats.com/providence/food-delivery/timmys-family-restaurant/FCyvB5Z8T6afet1FvzGBew,swansea-massachusetts
https://www.ubereats.com/boston/food-delivery/cantina-del-rio-mexican-restaurant/zsEa-6fFRoWEy3LuuH82mw,swansea-massachusetts
https://www.ubereats.com/boston/food-delivery/taco-bell-150-plymouth-ave/hAfzeRNJQraM5TqyIdG_8g,swansea-massachusetts
https://www.ubereats.com/providence/food-delivery/choco-latte-cafe/O4igtECGTYSd0Y9X2Nsp4Q,swansea-massachusetts
https://www.ubereats.com/providence/food-delivery/union-burrito/-PwwW2ALQ3qdpopNPyVL2Q,swansea-massachusetts
https://www.ubereats.com/providence/food-delivery/golden-star-chinese-restaurant/1W0gWpr7QHiCj0teiP0qgA,swansea-massachusetts
https://www.ubereats.com/boston/food-delivery/number-one-chinese-restaurant/Wd38mEKpRVSGpl5saD-USg,swansea-massachusetts
https://www.ubereats.com/boston/food-delivery/tnt-coney-island-hotdogs/pToMsx98RGSMrV0CVYk1_w,swansea-massachusetts
https://www.ubereats.com/boston/food-delivery/famous-churrascaria-portuguese-bbq-%26-grill/LEVNybHTRfySe8H_SLr3Gg,swansea-massachusetts
https://www.ubereats.com/boston/food-delivery/thyme-blossom/OxPhFaoWRRGborfqR9N7WQ,swansea-massachusetts
https://www.ubereats.com/boston/food-delivery/moon-kingdom/IREgXBJSRMmZ-Y-yAugYrQ,swansea-massachusetts
https://www.ubereats.com/boston/food-delivery/papa-johns-pizza-167-broadway/31oq2OKwSeu-13FC6L4MTg,swansea-massachusetts
https://www.ubereats.com/boston/food-delivery/dunkin-670-metacom-ave/aj4xcKHzSwSUcz4tAOutwQ,swansea-massachusetts
https://www.ubereats.com/providence/food-delivery/latinos-restaurant/dC_JfXHyQeiatNm7FVTEbA,swansea-massachusetts
https://www.ubereats.com/boston/food-delivery/boston-market-30-12th-street/8KFIED0eT3GAL2yb7zTinw,swansea-massachusetts
https://www.ubereats.com/providence/food-delivery/fall-river-grill/1e9BdEJ_S32oVZjdjbGlow,swansea-massachusetts
https://www.ubereats.com/providence/food-delivery/number-one-chinese-restaurant/Wd38mEKpRVSGpl5saD-USg,swansea-massachusetts
https://www.ubereats.com/boston/food-delivery/taco-bell-11-commerce-way/jrr7HqXIQYWS-T4OAmUBMA,swansea-massachusetts
https://www.ubereats.com/boston/food-delivery/burger-king-225-president-avenue/y1nDe5MnQxWSHR8z7y4qJw,swansea-massachusetts
https://www.ubereats.com/providence/food-delivery/boston-market-30-12th-street/8KFIED0eT3GAL2yb7zTinw,swansea-massachusetts
https://www.ubereats.com/boston/food-delivery/mcdonalds-834-brayton-ave/34SKhVoCQAGV1q3maWYAyg,swansea-massachusetts
https://www.ubereats.com/boston/food-delivery/five-guys-ma-1905-450-u10-william-s-canning-blvd/oHmO5q9XQGGLdRIOT2MVpQ,swansea-massachusetts
https://www.ubereats.com/boston/food-delivery/latinos-cafe/B_JbijsWTaOe2L7_heTytA,swansea-massachusetts
https://www.ubereats.com/providence/food-delivery/cozy-kettle/gorLH-UPS9KvhwB7cHhZbw,swansea-massachusetts
https://www.ubereats.com/boston/food-delivery/papa-ginos-340-mariano-s-bishop-boulevard/FeqcP0WRS_Kk1DjByuY2bQ,swansea-massachusetts
https://www.ubereats.com/boston/food-delivery/new-york-platter/CwSYgBMZRH-v4zVI4ESmPg,swansea-massachusetts
https://www.ubereats.com/providence/food-delivery/honey-dew-donuts-200-broadway/4zUzJAXPTYCEYTfXCbHL9g,swansea-massachusetts
https://www.ubereats.com/providence/food-delivery/papa-pasquales-pizzeria/4aCuP9kZSIWQQFE7nzVr8A,swansea-massachusetts
https://www.ubereats.com/providence/food-delivery/ronzio-pizza-and-subs/mZQbT8zyTQyAJXqZJjS38g,swansea-massachusetts
https://www.ubereats.com/providence/food-delivery/new-york-platter/z8hRmwgRRCKC2MkjCeYGeg,swansea-massachusetts
https://www.ubereats.com/boston/food-delivery/applebees-311-plymouth-avenue-%2381045/M3F9pXvEQb2R7Ua5o277Vg,swansea-massachusetts
https://www.ubereats.com/boston/food-delivery/tokyo-steakhouse/Zl9Uzz2bQPeR4yiVu_bfGg,swansea-massachusetts
https://www.ubereats.com/boston/food-delivery/honey-dew-donuts-118-plymouth-ave/DdSUeIruSfetGvRQ9xvebw,swansea-massachusetts
https://www.ubereats.com/providence/food-delivery/jersey-mikes-subs-450-william-s-canning-blvd/KCF1TvyQS6SFceOIYBKZmw,swansea-massachusetts
https://www.ubereats.com/boston/food-delivery/fall-river-grill/1e9BdEJ_S32oVZjdjbGlow,swansea-massachusetts
https://www.ubereats.com/providence/food-delivery/taco-bell-150-plymouth-ave/hAfzeRNJQraM5TqyIdG_8g,swansea-massachusetts
https://www.ubereats.com/providence/food-delivery/boulevard-pizza/_F4MMcL3Rqasb8MgTz7JVA,swansea-massachusetts
https://www.ubereats.com/providence/food-delivery/qdoba-mexican-grill-544-william-s-canning-blvd-ste-a-12/CmoI1kspQq-FLPxnr04Hzw,swansea-massachusetts
https://www.ubereats.com/boston/food-delivery/jersey-mikes-782-warwick-avenue/gSGI8ZslTaagy2AtCQS2zA,swansea-massachusetts
https://www.ubereats.com/providence/food-delivery/papa-ginos-307-elsbree-street/fCdfgD-YSOCSAoD82zeYbA,swansea-massachusetts
https://www.ubereats.com/boston/food-delivery/brass-monkey/NS04NxFjQxKzw9OqEt7z0g,swansea-massachusetts
https://www.ubereats.com/providence/food-delivery/rebeco-mexican-bar-and-grill/_xFly5uQTIeAY4YjX8vATA,swansea-massachusetts
https://www.ubereats.com/providence/food-delivery/hometown-tavern/46qvTloxRzCiM3Za2_R4_Q,swansea-massachusetts
https://www.ubereats.com/boston/food-delivery/portside-fish-market/vtkDCljlSq6XH6gC0yhpaw,swansea-massachusetts
https://www.ubereats.com/boston/food-delivery/dunk-n-munch/HYOlpH0WTDeyYviTJqgh5A,swansea-massachusetts
https://www.ubereats.com/providence/food-delivery/tnt-coney-island-hotdogs/pToMsx98RGSMrV0CVYk1_w,swansea-massachusetts
https://www.ubereats.com/boston/food-delivery/dangelo-grilled-sandwiches-16-canning-blvd-rt-81/V6XLl86cQO-3HweD_wh5aQ,swansea-massachusetts
https://www.ubereats.com/boston/food-delivery/chipotle-mexican-grill-35-highland-ave/QME8UMG_RPqAXpc7fMvtZw,swansea-massachusetts
https://www.ubereats.com/providence/food-delivery/jersey-mikes-782-warwick-avenue/gSGI8ZslTaagy2AtCQS2zA,swansea-massachusetts
https://www.ubereats.com/boston/food-delivery/famous-churrascaria/-pVQzktRSmKG51bDHPiFcw,swansea-massachusetts
https://www.ubereats.com/boston/food-delivery/the-tipsy-toboggan/vHFI_1pISD6arUnym46ErA,swansea-massachusetts
https://www.ubereats.com/boston/food-delivery/dunkin-15-robeson-st/fNrShMboTOiFYXIPGpKOKA,swansea-massachusetts
https://www.ubereats.com/providence/food-delivery/kfc-484-pleasant-st/khw2NsY0QBSiPgsrGudQdg,swansea-massachusetts
https://www.ubereats.com/providence/food-delivery/new-york-platter/CwSYgBMZRH-v4zVI4ESmPg,swansea-massachusetts
https://www.ubereats.com/providence/food-delivery/edus-cafe-%26-pizza/3yZVSV2gSa6DINN6kUQX8A,swansea-massachusetts
https://www.ubereats.com/boston/food-delivery/subway-1129-gar-highway/g7Fmqau8SliRi_SpnuJEng,swansea-massachusetts
https://www.ubereats.com/boston/food-delivery/sophias-tuscan-grille/EsO7AuLvTQmVEXI36bjRjg,swansea-massachusetts
https://www.ubereats.com/providence/food-delivery/oliveiras-express-fall-river/3BdfyFSHT_2LUBEBhSp4xQ,swansea-massachusetts
https://www.ubereats.com/providence/food-delivery/five-guys-ma-1350-573-grand-army-hwy/WXAMK3rsRFqhEUT-H1oRNQ,swansea-massachusetts
https://www.ubereats.com/providence/food-delivery/cantina-del-rio-mexican-restaurant/zsEa-6fFRoWEy3LuuH82mw,swansea-massachusetts
https://www.ubereats.com/providence/food-delivery/papa-ginos-623-metacom-avenue/l-270e8eToGp4ZskO3A1HA,swansea-massachusetts
https://www.ubereats.com/providence/food-delivery/outback-steakhouse-1301-fall-river-avenue/DcuglQA0SU2ZcVTNqwPILg,swansea-massachusetts
https://www.ubereats.com/boston/food-delivery/dennys-243-william-s-canning-boulevard/k9birXJsQ8-3Y2EKBD38Iw,swansea-massachusetts
https://www.ubereats.com/boston/food-delivery/wendys-35-mariano-bishop-blvd/BLJeTr4zQJWyJILLZduoJA,swansea-massachusetts
https://www.ubereats.com/providence/food-delivery/chipotle-mexican-grill-35-highland-ave/QME8UMG_RPqAXpc7fMvtZw,swansea-massachusetts
https://www.ubereats.com/boston/food-delivery/qdoba-mexican-grill-544-william-s-canning-blvd-ste-a-12/CmoI1kspQq-FLPxnr04Hzw,swansea-massachusetts
https://www.ubereats.com/providence/food-delivery/the-tipsy-toboggan/vHFI_1pISD6arUnym46ErA,swansea-massachusetts
https://www.ubereats.com/boston/food-delivery/kfc-tb-651-metacom-avenue/N27Sa3ZiQXOPzn9ok6MyOQ,swansea-massachusetts
https://www.ubereats.com/boston/food-delivery/buffalo-wild-wings-120-highland-ave/gD27m15zTUuECwxQDwGvjw,swansea-massachusetts
https://www.ubereats.com/providence/food-delivery/planit-eats-fall-river/ePKXduFiSDCSkTbFIBmt7Q,swansea-massachusetts
https://www.ubereats.com/providence/food-delivery/dennys-243-william-s-canning-boulevard/k9birXJsQ8-3Y2EKBD38Iw,swansea-massachusetts
https://www.ubereats.com/boston/food-delivery/burger-king-66-plymouth-avenue/Yzgu_k-tRXitfmGaaTkA2Q,swansea-massachusetts
https://www.ubereats.com/providence/food-delivery/tequila-lime-cantina/YHdM2uQLQVaACCkWftUAMA,swansea-massachusetts
https://www.ubereats.com/boston/food-delivery/edus-cafe-%26-pizza/3yZVSV2gSa6DINN6kUQX8A,swansea-massachusetts
https://www.ubereats.com/providence/food-delivery/subway-290-s-main-st/gZGHw-ypQZ-WLSnk1F14rQ,swansea-massachusetts
https://www.ubereats.com/providence/food-delivery/moon-kingdom/IREgXBJSRMmZ-Y-yAugYrQ,swansea-massachusetts
https://www.ubereats.com/boston/food-delivery/wendys-632-grand-army-hwy/YnhnbH0YQK2fdVbkRbK7Wg,swansea-massachusetts
https://www.ubereats.com/boston/food-delivery/cozy-kettle/gorLH-UPS9KvhwB7cHhZbw,swansea-massachusetts
https://www.ubereats.com/providence/food-delivery/taco-bell-195-marianno-bishop-blvd/Wdic5tKoSi-7X-14Dkl8Kw,swansea-massachusetts
https://www.ubereats.com/providence/food-delivery/kfc-525-gar-highway/uad4JgqgS12XWI3ZmuA5RQ,swansea-massachusetts
https://www.ubereats.com/boston/food-delivery/top-of-the-bay/6Hn9fMkTQEeRGJugVp687Q,swansea-massachusetts
https://www.ubereats.com/providence/food-delivery/taqueria-el-habanero/ZDyvOZcdTtqJsGvQBjlgtA,swansea-massachusetts
https://www.ubereats.com/providence/food-delivery/asian-buffet/9FqOy3kPRLKBrYHB-IJszg,swansea-massachusetts
https://www.ubereats.com/providence/food-delivery/kfc-tb-651-metacom-avenue/N27Sa3ZiQXOPzn9ok6MyOQ,swansea-massachusetts
https://www.ubereats.com/boston/food-delivery/wendys-500-bedford-street/5Q-jifClS-ucrsXBv6yOEw,swansea-massachusetts
https://www.ubereats.com/providence/food-delivery/papa-johns-pizza-167-broadway/31oq2OKwSeu-13FC6L4MTg,swansea-massachusetts
https://www.ubereats.com/providence/food-delivery/tokyo-steakhouse/Zl9Uzz2bQPeR4yiVu_bfGg,swansea-massachusetts
https://www.ubereats.com/providence/food-delivery/thyme-blossom/OxPhFaoWRRGborfqR9N7WQ,swansea-massachusetts
https://www.ubereats.com/boston/food-delivery/burger-king-883-gar-hwy-route-6/JH2TwzRBSnCyt4_RgWL6RA,swansea-massachusetts
