url,city
https://www.ubereats.com/los-angeles/food-delivery/burrito-clasico/bmmOHHVrTEmbjSLcG-Wu-Q,sylmar-california
https://www.ubereats.com/los-angeles/food-delivery/sabrositas-pupusas-laurel-canyon/s437SmmzSPym1ojd2nc4vA,sylmar-california
https://www.ubereats.com/los-angeles/food-delivery/dennys-12861-encinitas-ave/mJE_wojzSBeSzcr-PDI3jA,sylmar-california
https://www.ubereats.com/los-angeles/food-delivery/patxis-pizza/ar3nvbWgQOKZnwOPv_v7Hg,sylmar-california
https://www.ubereats.com/los-angeles/food-delivery/the-habit-burger-grill-10370-sepulveda-blvd-suite-3d/b7e-FObGRAKg7oRwEkZqBQ,sylmar-california
https://www.ubereats.com/los-angeles/food-delivery/thai-tasty/ZkgI87pGQBKCUdxj0cUi3g,sylmar-california
https://www.ubereats.com/los-angeles/food-delivery/belwood-bakery-cafe-northridge/xiWwIxkFR02XLpuw88A4mg,sylmar-california
https://www.ubereats.com/los-angeles/food-delivery/mi-ranchito-veracruz/pHAAqjMOST6Op2u8-7Z2-Q,sylmar-california
https://www.ubereats.com/los-angeles/food-delivery/pinkberry-northridge/RfZIIY2cRv-yBvsdyn9Hfg,sylmar-california
https://www.ubereats.com/los-angeles/food-delivery/route-66-classic-grill/XUaBjyUxSSeWvbbuAoRN8g,sylmar-california
https://www.ubereats.com/los-angeles/food-delivery/gentle-chic/2OIHTlA3QnmqpeDage_tsQ,sylmar-california
https://www.ubereats.com/los-angeles/food-delivery/pollos-el-bronco/4R-h7lDcSTadBIiTiEzPjQ,sylmar-california
https://www.ubereats.com/los-angeles/food-delivery/paraiso-kebab/JzvlMT8hRFSIB2pE0NtMyw,sylmar-california
https://www.ubereats.com/los-angeles/food-delivery/bcd-tofu-house-saticoy-%26-reseda/h5IfAewkQ5-81m0G1HROog,sylmar-california
https://www.ubereats.com/los-angeles/food-delivery/mcdonalds-n-hllywd-lankers/nbWfU9IsQ-qfqV2nq9QYwQ,sylmar-california
https://www.ubereats.com/los-angeles/food-delivery/send-noods/_Ym7Ey9PSh-wyN48SXL4yA,sylmar-california
https://www.ubereats.com/los-angeles/food-delivery/la-lasagna-co/9DqJMPeNTUyjUd37SkiI9w,sylmar-california
https://www.ubereats.com/los-angeles/food-delivery/basically-just-burrito-bowls/j0rwzl1gTa-ce5DpW5rzzQ,sylmar-california
https://www.ubereats.com/los-angeles/food-delivery/teriyakiya/BA7w-cEjQlyD2OrAaMhPLQ,sylmar-california
https://www.ubereats.com/los-angeles/food-delivery/los-ruizenores/4XEXCtiKSxy3YGrZKzDcvQ,sylmar-california
https://www.ubereats.com/los-angeles/food-delivery/del-taco-2021-glenoaks-blvd/P26C7UMpRxWzDgJWXR4cYQ,sylmar-california
https://www.ubereats.com/los-angeles/food-delivery/kebab-grill/-2XMrXnlS0Cx_nwJ_7T9Pg,sylmar-california
https://www.ubereats.com/los-angeles/food-delivery/mcdonalds-northrdge-reseda/RdGZlBzPTI6QftCE8Q5DgQ,sylmar-california
https://www.ubereats.com/los-angeles/food-delivery/its-boba-time-santa-clarita-ii-via-princessa/JPwWWyV2TvmcMF-X_lanzA,sylmar-california
https://www.ubereats.com/los-angeles/food-delivery/blazin-bird/t0NJ9TGvTjess7H-ub7_XA,sylmar-california
https://www.ubereats.com/los-angeles/food-delivery/la-michoacana-plus-ice-cream-parlor-san-fernando/lccyx8UiSAunocnYO9M4DA,sylmar-california
https://www.ubereats.com/los-angeles/food-delivery/hanabishi-by-kyushu-ramen/E6FZ18EKTxeM6sQPKf1Eyg,sylmar-california
https://www.ubereats.com/los-angeles/food-delivery/mcdonalds-van-nuys-sherman-wy-woodman/tw4dDI3URxqUnjBFykOrlw,sylmar-california
https://www.ubereats.com/los-angeles/food-delivery/mcdonalds-north-hills-sepulveda-lassen/ZYXhDgFsRE2xVLTfonTLCw,sylmar-california
https://www.ubereats.com/los-angeles/food-delivery/farmer-boys-reseda-blvd/s8Hm_AVzTZWr4qGsbBFk2w,sylmar-california
https://www.ubereats.com/los-angeles/food-delivery/fresh-grill-mediterranean-cuisine/oEH3k4ylTcmM8Wci4tLNbQ,sylmar-california
https://www.ubereats.com/los-angeles/food-delivery/popeyes-19025-golden-valley-road/7KjmGMn-SOKQP0eyhFVJUg,sylmar-california
https://www.ubereats.com/los-angeles/food-delivery/rok-n-sushi/Yjbq2wwETBiZ3TSFfST52A,sylmar-california
https://www.ubereats.com/los-angeles/food-delivery/everest-santa-clarita/ZZYSaILqQ7mqwoYcdMrYOQ,sylmar-california
https://www.ubereats.com/los-angeles/food-delivery/town-cafe/jnrTUn0dTo6Dr2nhiAfKwQ,sylmar-california
https://www.ubereats.com/los-angeles/food-delivery/mexigogo/fL8MUFRURYqTdECuCgw9dA,sylmar-california
https://www.ubereats.com/los-angeles/food-delivery/panda-express-sun-valley-8315-laurel-canyon-blvd/uCGTBs0fQMi7WnqxPDZWkw,sylmar-california
https://www.ubereats.com/los-angeles/food-delivery/numero-uno-pizza-granada-hills/vwhGkEStT12hOAUxqigMdg,sylmar-california
https://www.ubereats.com/los-angeles/food-delivery/la-michoacana-plus-ice-cream-parlor-sylmar/DpW4j5GxSnunsfVciiROWg,sylmar-california
https://www.ubereats.com/los-angeles/food-delivery/ichiban-sushi-%26-bar/SSFugl8EQyqLzEvZdvo-Sw,sylmar-california
https://www.ubereats.com/los-angeles/food-delivery/pollo-campero-van-nuys-van-nuys-blvd/w8f6NFkiRJG-ReeXzzmb-w,sylmar-california
https://www.ubereats.com/los-angeles/food-delivery/mcdonalds-northridge-resda/BTOpQF13QrC1Geu5QmbmWg,sylmar-california
https://www.ubereats.com/los-angeles/food-delivery/yoshinoya-12902-foothill-blvd/Tv_fl9W5TViirAhOlzqjlQ,sylmar-california
https://www.ubereats.com/los-angeles/food-delivery/kfc-8644-balboa-blvd/8MJtQ_ArRQyMVHNHTlqLvw,sylmar-california
https://www.ubereats.com/los-angeles/food-delivery/yogurtland-1106-truman-st/miL2ulC2TFKuyFkcp9xLow,sylmar-california
https://www.ubereats.com/los-angeles/food-delivery/presidente/nD7WAZMHTLSCIIZckWXosg,sylmar-california
https://www.ubereats.com/los-angeles/food-delivery/taco-taco-burrito-burrito/0IPnhJSvQ3qmrFgNwYOD7g,sylmar-california
https://www.ubereats.com/los-angeles/food-delivery/five-guys-ca-1326-8850-tampa-ave/JF75AyplQAyZaNd3SqxRAw,sylmar-california
https://www.ubereats.com/los-angeles/food-delivery/smokehouse-on-main/gHFMVgZqQcGeJAzCIwf6_w,sylmar-california
https://www.ubereats.com/los-angeles/food-delivery/sunny-%26-fines-breakfast-burritos/24CI0F1UQ9mbJrurZefQMA,sylmar-california
https://www.ubereats.com/los-angeles/food-delivery/subway-15232-saticoy-st/BdKe4puiSrq18BTcT6Gu9A,sylmar-california
https://www.ubereats.com/los-angeles/food-delivery/el-burrito-burracho/UtuxE2mhSSigQP-od6AQ6g,sylmar-california
https://www.ubereats.com/los-angeles/food-delivery/jersey-mikes-subs-northridge-19350-c-nordhoff-st/56bq0A_JTJCaKU0MM4VuoQ,sylmar-california
https://www.ubereats.com/los-angeles/food-delivery/subway-12771-van-nuys-blvd/JmHzO2lmSRa4vTJ_RKBxXw,sylmar-california
https://www.ubereats.com/los-angeles/food-delivery/panda-express-18111-nordhoff-st/eq7xkKd2SNSC9ajQ0UPBtw,sylmar-california
https://www.ubereats.com/los-angeles/food-delivery/winzza/wTSjfOXXRCmk4ie7ZuGi3Q,sylmar-california
https://www.ubereats.com/los-angeles/food-delivery/waffle-love-northridge/w2PDB9MxQkqGObgCyy_Omg,sylmar-california
https://www.ubereats.com/los-angeles/food-delivery/cold-stone-creamery-sepulveda-blvd/sUaaJWlVQ-aaXIA7hjgEwg,sylmar-california
https://www.ubereats.com/los-angeles/food-delivery/la-michoacana-s-workman/NBFMZ7asR_Os6dqHSEZnMg,sylmar-california
https://www.ubereats.com/los-angeles/food-delivery/owls/B3UvlAWfQxqYOJvYA0RChQ,sylmar-california
https://www.ubereats.com/los-angeles/food-delivery/subway-8449-laurel-canyon-blvd/OTPnQzAqSHeo33LZSpP1qA,sylmar-california
https://www.ubereats.com/los-angeles/food-delivery/dennys-1041-truman-street/isRF2hinQKC1O5b_nNMRzw,sylmar-california
https://www.ubereats.com/los-angeles/food-delivery/big-pops-bbq-%26-grill/kPHbsJxZSIa7jNtN41gKNQ,sylmar-california
https://www.ubereats.com/los-angeles/food-delivery/poseidon-hot-chicken/EbAnU2XFThqclgbfshOhIg,sylmar-california
https://www.ubereats.com/los-angeles/food-delivery/the-original-khun-dang-thai-restaurant/BOpd_MHsSaeD3iUpE63RYg,sylmar-california
https://www.ubereats.com/los-angeles/food-delivery/aromathai-vegan-restaurant/hcVfewdPR0Wt1s5DvD8L0g,sylmar-california
https://www.ubereats.com/los-angeles/food-delivery/california-chicken-cafe-northridge/Hho8UV4qQoedXa245mSJsQ,sylmar-california
https://www.ubereats.com/los-angeles/food-delivery/la-breakfast-club/N-qsVwIkR0GBLljoBgfenw,sylmar-california
https://www.ubereats.com/los-angeles/food-delivery/buffalo-wild-wings-19252-soledad-canyon-road/mjwv8hjtRdqEpoDB93apgQ,sylmar-california
https://www.ubereats.com/los-angeles/food-delivery/burger-king-8500-reseda-boulevard/VCkK0hFaRyy5afoTMgi0Eg,sylmar-california
https://www.ubereats.com/los-angeles/food-delivery/ihop-1225-truman-st/g_sdsoG0SXSbsnGZGIWRlg,sylmar-california
https://www.ubereats.com/los-angeles/food-delivery/papillon-international-bakery-roscoe-blvd/FfBlzhG2SqOK3PWDugtvSw,sylmar-california
https://www.ubereats.com/los-angeles/food-delivery/oros-bakery-and-pizza/8La2m7V4SkuTjaq6nxeiAA,sylmar-california
https://www.ubereats.com/los-angeles/food-delivery/starbucks-foothill-%26-hubbard/cB9rV_xUS9SWpp6rBdDAWA,sylmar-california
https://www.ubereats.com/los-angeles/food-delivery/tacos-lupita-5/3baozQITSQ2gid3icEoujQ,sylmar-california
https://www.ubereats.com/los-angeles/food-delivery/jersey-mikes-subs-8420-balboa-blvd/EsZgdEqHRIGXejrAOZJGfw,sylmar-california
https://www.ubereats.com/los-angeles/food-delivery/kfc-%2321-19307-soledad-canyon-rd/NUx6Ms3_SdmLiN1hpZ_XBg,sylmar-california
https://www.ubereats.com/los-angeles/food-delivery/fresas-con-crema-cafe/XdAaDuc4RXGhXiRSJ6pQog,sylmar-california
https://www.ubereats.com/los-angeles/food-delivery/chipotle-mexican-grill-8420-balboa-blvd/bO5KIZAFTguJo5nb8QXzAQ,sylmar-california
https://www.ubereats.com/los-angeles/food-delivery/pollo-campero-panorama-city-van-nuys-blvd/PqtyYVbqR4ys6WOpHIf0Qw,sylmar-california
https://www.ubereats.com/los-angeles/food-delivery/spice-up-thai-eatery/RIYDKxcbSuCDk7i8F2ysLA,sylmar-california
https://www.ubereats.com/los-angeles/food-delivery/dennys-16401-delone-st/VZUDRTdUSP61zPi186hmIg,sylmar-california
https://www.ubereats.com/los-angeles/food-delivery/menchies-frozen-yogurt-1201-truman-st-ste-f/7SoAvAQhRRiEFmUIEgwGZQ,sylmar-california
https://www.ubereats.com/los-angeles/food-delivery/dennys-18932-w-soledad-canyon-rd/kXJHt3ovTOurIsNwjKhVcg,sylmar-california
https://www.ubereats.com/los-angeles/food-delivery/mediterranean-bistro/PjMPcC8sTqK2k7yFolejvQ,sylmar-california
https://www.ubereats.com/los-angeles/food-delivery/honeyfish-poke-van-nuys/qBC97ANsSQ6NvDqnsVLDnw,sylmar-california
https://www.ubereats.com/los-angeles/food-delivery/jack-in-the-box-16945-san-fernando-mission-blvd/gnpU-o1FRPSInVaQjHvz7w,sylmar-california
https://www.ubereats.com/los-angeles/food-delivery/musse/COwOSNQRTFmP9U2Ie1KnGw,sylmar-california
https://www.ubereats.com/los-angeles/food-delivery/ichiban-ramen-%26-boba-crush/yekx301qRGS0FKkC_aGL_g,sylmar-california
https://www.ubereats.com/los-angeles/food-delivery/killer-wings/c62Kun6JQ0WvBAv44ujFqQ,sylmar-california
https://www.ubereats.com/los-angeles/food-delivery/el-pollo-loco-8301-reseda-blvd5737/TEKqRh1DTAil9epJ7eqU9A,sylmar-california
https://www.ubereats.com/los-angeles/food-delivery/jack-in-the-box-17744-chatsworth-st/gFSlOzPyS1-cua4Ez3o4Iw,sylmar-california
https://www.ubereats.com/los-angeles/food-delivery/dr-hogly-woglys-tyler-texas-bbq/BWhxwwC7SzmrDlyzupdHtA,sylmar-california
https://www.ubereats.com/los-angeles/food-delivery/dolce-%26-gapasta/e7kEuap1RdWG6vWUVwUlIw,sylmar-california
https://www.ubereats.com/los-angeles/food-delivery/pablitos-tacos-oyster-house/HpZO1VimQ9WdrJV11Qp28w,sylmar-california
https://www.ubereats.com/los-angeles/food-delivery/la-michoacana-helados-mexican-ice-cream/AnnBgcFoR8WQfXzIEghJBw,sylmar-california
https://www.ubereats.com/los-angeles/food-delivery/subway-77-n-mclay-ave/ZR01FAIlTP2z7vKfqn13Dg,sylmar-california
https://www.ubereats.com/los-angeles/food-delivery/brick-burgers/2bszTtw6SAqwYQQqnnAZ-g,sylmar-california
https://www.ubereats.com/los-angeles/food-delivery/dennys-13201-gladstone-ave/jcNIKTYaTm-NtR50DmWhhQ,sylmar-california
https://www.ubereats.com/los-angeles/food-delivery/surf-n-turf-taco-balboa-blvd/CwIq_AmaRrWINbXL9CK6NA,sylmar-california
https://www.ubereats.com/los-angeles/food-delivery/kfc-13720-van-nuys-blvd/c_DDPIaxSHC7KJVn8uprhw,sylmar-california
https://www.ubereats.com/los-angeles/food-delivery/salata-18080-chatsworth-st-%23c/RcE8C7tyRmGmSbahCxkxvw,sylmar-california
https://www.ubereats.com/los-angeles/food-delivery/mcdonalds-801-truman-st/_op5AuG4TMGp6pd54Exedg,sylmar-california
https://www.ubereats.com/los-angeles/food-delivery/carls-jr/QrxxgrF4R1u8_Jv7LQCSrg,sylmar-california
https://www.ubereats.com/los-angeles/food-delivery/chuck-e-cheese-16269-san-fernando-miss/J05TALkVS2SB15u7zuYk_Q,sylmar-california
https://www.ubereats.com/los-angeles/food-delivery/la-sabrosa-restaurant/ENP-t6MDTRah7RZ6nR4VBg,sylmar-california
https://www.ubereats.com/los-angeles/food-delivery/carls-jr-7371/Wgg0HtSvTumxpEZQSXaSww,sylmar-california
https://www.ubereats.com/los-angeles/food-delivery/cha-cha-chicken-northridge/e7_WBT9oQUGKO7drWRdabg,sylmar-california
https://www.ubereats.com/los-angeles/food-delivery/belgium-waffle-haus/EPRNyBOTQJ60LZ5CLtaIUA,sylmar-california
https://www.ubereats.com/los-angeles/food-delivery/bryans-cafe/5F6UE-03QsmbuFuL0GQSnw,sylmar-california
https://www.ubereats.com/los-angeles/food-delivery/ay-caramba!-restaurant/PbNx8vAsRPiixcO0qxKw2w,sylmar-california
https://www.ubereats.com/los-angeles/food-delivery/ceasars-pastry/2UEyQLkdS56uvBSbgfOKhA,sylmar-california
https://www.ubereats.com/los-angeles/food-delivery/panda-express-26529-golden-valley-road/TOQ021dnQAOm3XURB27ntQ,sylmar-california
https://www.ubereats.com/los-angeles/food-delivery/el-pollo-loco-10651-balboa-blvd3532/KwzxMrTcSCygWirvlOJ0xw,sylmar-california
https://www.ubereats.com/los-angeles/food-delivery/ta%3Aco-panorama-city/1LHWDa6rTy2aQI09x38MbQ,sylmar-california
https://www.ubereats.com/los-angeles/food-delivery/poke-rainbow/7Yri3xJjQGGXkRTQXGtGpg,sylmar-california
https://www.ubereats.com/los-angeles/food-delivery/el-pollo-loco-9522-sepulveda-blvd5915/0XeuxROsS82PQsWD0aEFxg,sylmar-california
https://www.ubereats.com/los-angeles/food-delivery/el-camaronero-restaurant-2/6ky0CLiZQAmp-kVlHxeesQ,sylmar-california
https://www.ubereats.com/los-angeles/food-delivery/hot-chile-mexican-food/ZsiMGnBoSPe1564NNadqRQ,sylmar-california
https://www.ubereats.com/los-angeles/food-delivery/chabelitas/sDFMp-AsSumOjCV3HwF3sQ,sylmar-california
https://www.ubereats.com/los-angeles/food-delivery/tacos-mexico-van-nuys-ca/QMaHsanXRj2XcaLr32qK5Q,sylmar-california
https://www.ubereats.com/los-angeles/food-delivery/california-pizza-kitchen-9301-tampa-ave-unit-129/G_P31BwKTIi7L7V4y9nRcw,sylmar-california
https://www.ubereats.com/los-angeles/food-delivery/pressed-juicery-hub-van-nuys/WJPipIX2TJ29WpCusf8esQ,sylmar-california
https://www.ubereats.com/los-angeles/food-delivery/quiznos-8953-sunland-blvd/57B31Hb_R1ec0DXRaEFIKA,sylmar-california
https://www.ubereats.com/los-angeles/food-delivery/bagel-boyz/2MFNFgA8S_yeUuMyPPo4iQ,sylmar-california
https://www.ubereats.com/los-angeles/food-delivery/red-chili-northridge/syJiYENZTaW3RUs-leYBaA,sylmar-california
https://www.ubereats.com/los-angeles/food-delivery/panda-express-9007-woodman-ave/DeFKOAweSMWN13sK6O68uw,sylmar-california
https://www.ubereats.com/los-angeles/food-delivery/pick-up-stix-porter-ranch/JGmM5_oRQLe7yKWVcfiEaw,sylmar-california
https://www.ubereats.com/los-angeles/food-delivery/milans-pizza/z_kshk-nRLi5hRUigRw_ZQ,sylmar-california
https://www.ubereats.com/los-angeles/food-delivery/kabob-station/BfcMFEz7RXOWGuiaow0fHQ,sylmar-california
https://www.ubereats.com/los-angeles/food-delivery/mama-wongs-cusines/UJI6EvDwSo6idsFu37gEdQ,sylmar-california
https://www.ubereats.com/los-angeles/food-delivery/international-kabob-house/LSTWfifPR5mK2Ay_-IG3MA,sylmar-california
https://www.ubereats.com/los-angeles/food-delivery/arbys-27590-sierra-hwy/sePgVSZVSi-i_jWw4WbPSg,sylmar-california
https://www.ubereats.com/los-angeles/food-delivery/starbucks-rinaldi-%26-corbin/v9-G7-rsTg66B5A_1H6fwA,sylmar-california
https://www.ubereats.com/los-angeles/food-delivery/popeyes-12659-glenoaks-blvd/z7lU6xCVS1ioSD3NtG98Rw,sylmar-california
https://www.ubereats.com/los-angeles/food-delivery/dc-cafe-donuts/X7-rSe85QseW8vM4ThE7Cw,sylmar-california
https://www.ubereats.com/los-angeles/food-delivery/panda-express-northridge-17056-devonshire-st/KcGbmL1oTsub0cD-YWpKLA,sylmar-california
https://www.ubereats.com/los-angeles/food-delivery/burgerim-13764-foothill-blvd/CccOanmyQ9WEqw3jV6QJMQ,sylmar-california
https://www.ubereats.com/los-angeles/food-delivery/tare-ramen-ya/RmO9x4urSACDBvWDqhAlAg,sylmar-california
https://www.ubereats.com/los-angeles/food-delivery/bad-mutha-clucka-northridge/IHL_nA6WRcqZJ2Le5HwBHw,sylmar-california
https://www.ubereats.com/los-angeles/food-delivery/house-of-grill/5JhLRm9nT86xxASYQhovNg,sylmar-california
https://www.ubereats.com/los-angeles/food-delivery/sabores-michoacan-ice-cream-parlor-and-snacks-llc/PL6QdG4rTZy8xa_LOlM4Lg,sylmar-california
https://www.ubereats.com/los-angeles/food-delivery/la-michoacana-premium-pacoima/Ovt3VpSyQl-RziNWLmvNaw,sylmar-california
https://www.ubereats.com/los-angeles/food-delivery/senor-sol-restaurante/U8QggBSUSDuGlTlNhGgZ0Q,sylmar-california
https://www.ubereats.com/los-angeles/food-delivery/buon-gusto-ristorante/k1SDkiJoSza-YGbrHwyLWA,sylmar-california
https://www.ubereats.com/los-angeles/food-delivery/ranch-side-cafe/MMBLnkAaSA-tPkK_2YonFQ,sylmar-california
https://www.ubereats.com/los-angeles/food-delivery/freshii-northridge/OVjduv7tS4yejpU9cbvgEg,sylmar-california
https://www.ubereats.com/los-angeles/food-delivery/thai-stops/nx8N08LTSR6-zOWyYjbOPA,sylmar-california
https://www.ubereats.com/los-angeles/food-delivery/excuse-my-french-toast/BYwzGtcxQNmGRSQZcjsXgg,sylmar-california
https://www.ubereats.com/los-angeles/food-delivery/burgerim-9034-tampa-ave/_qa_L7jVSkaaxhb7rcGdgg,sylmar-california
https://www.ubereats.com/los-angeles/food-delivery/starbucks-via-princessa-%26-sierra-highway/gy8U8qgiQXKXwI4IhYKf4A,sylmar-california
https://www.ubereats.com/los-angeles/food-delivery/the-flame-broiler-19350-nordhoff-st/s049z5j1Qy-NGfLV4yu4DA,sylmar-california
https://www.ubereats.com/los-angeles/food-delivery/corn-chop/m7iAGv5BRCCCGgf5bZk1CQ,sylmar-california
https://www.ubereats.com/los-angeles/food-delivery/corner-bakery-cafe-19500-plummer-st/kXhiMt0SSsuR1kiDUnN5gA,sylmar-california
https://www.ubereats.com/los-angeles/food-delivery/popeyes-23434-lyons-ave/ItdtVZP2ReeUuxapnajpTQ,sylmar-california
https://www.ubereats.com/los-angeles/food-delivery/eggwich/n_-BQehxTASw-KfmesbDjw,sylmar-california
https://www.ubereats.com/los-angeles/food-delivery/del-taco-18070-chatsworth-st/oDP_w1dIToGy_Jx-zqJzUA,sylmar-california
https://www.ubereats.com/los-angeles/food-delivery/tacos-jr/Fe46nc4NSLy4-GFcUjy89w,sylmar-california
https://www.ubereats.com/los-angeles/food-delivery/yoshinoya-8267-sepulveda-boulevard/igemFyzcRAi_wR1PsRH52w,sylmar-california
https://www.ubereats.com/los-angeles/food-delivery/subway-9067-woodman-ave/3-FnCWFGTpmGjlS9Sv3BFA,sylmar-california
https://www.ubereats.com/los-angeles/food-delivery/ameci-pizza-%26-pasta-granada-hills/lb6q8rUxSc-C_fKV6ldVJg,sylmar-california
https://www.ubereats.com/los-angeles/food-delivery/chipotle-mexican-grill-19085-golden-valley-rd-unit-105/mJIQGgPfS-K34XZDcj0w0A,sylmar-california
https://www.ubereats.com/los-angeles/food-delivery/cafe-graikos/qg5m2rsRTQSRKO0pi1kg8w,sylmar-california
https://www.ubereats.com/los-angeles/food-delivery/mariscos-puerto-angel-saticoy/c1WeH5NmSTq8VCO5daHUhg,sylmar-california
https://www.ubereats.com/los-angeles/food-delivery/mcdonalds-granada-hills/d8gP5WYsRnqSDO2YWOa7kQ,sylmar-california
https://www.ubereats.com/los-angeles/food-delivery/mcdonalds-northridge-balboa-%26-lassen/y6xYQfBORI2VbyzXQ82sqA,sylmar-california
https://www.ubereats.com/los-angeles/food-delivery/papa-johns-mission-hills/RgLFuQSmQDKwNgDj_vTViQ,sylmar-california
https://www.ubereats.com/los-angeles/food-delivery/el-pollo-loco-9800-laurel-canyon-blvd5994/pusTFgALSEOt51hef1t24Q,sylmar-california
https://www.ubereats.com/los-angeles/food-delivery/baja-fresh-16912-devonshire-st-granada-hills/dJ20GcIzReWERkkh-LCe6w,sylmar-california
https://www.ubereats.com/los-angeles/food-delivery/starbucks-chatsworth-%26-zelzah/KZw_3lOsTjujodTyllgNAA,sylmar-california
https://www.ubereats.com/los-angeles/food-delivery/los-siete-mares/qruYv6sqQhaD-ojPTJVPNg,sylmar-california
https://www.ubereats.com/los-angeles/food-delivery/kfc-13924-foothill-blvd/5fk5xMg8TeuKXl3Cc1jzlw,sylmar-california
https://www.ubereats.com/los-angeles/food-delivery/presidente-restaurant/4MeHQMS1SeCL_aQXVYn6Ug,sylmar-california
https://www.ubereats.com/los-angeles/food-delivery/tinys-submarine/peZiS-_1SSOzSPVQiJ9x5w,sylmar-california
https://www.ubereats.com/los-angeles/food-delivery/tacos-y-quesadillas-dona-ceci/p-4Xv452Q_6wOzrECOmZtg,sylmar-california
https://www.ubereats.com/los-angeles/food-delivery/sweet-blessings-by-cyler-llc/xGtUWotUQFGopr0L3VHbQw,sylmar-california
https://www.ubereats.com/los-angeles/food-delivery/carls-jr-18741-via-princesa/4QI2PDX5QdeXdA7Xk9nn5A,sylmar-california
https://www.ubereats.com/los-angeles/food-delivery/guido-brother-mediterranean-cuisine/FzvaySYEQPqVHKxyUP877Q,sylmar-california
https://www.ubereats.com/los-angeles/food-delivery/jersey-mikes-subs-10388-sepulveda-blvd/zs5YbkFmT3qJvetIVGtMRw,sylmar-california
https://www.ubereats.com/los-angeles/food-delivery/asahi-sushi/rvE2kkq7R2G5wVUPFK0OYg,sylmar-california
https://www.ubereats.com/los-angeles/food-delivery/thai-valley-restaurant/DIzV9KIGQq61OU9exTIP0w,sylmar-california
https://www.ubereats.com/los-angeles/food-delivery/omgrill/GKatMsCWRV66o0ZXqehowA,sylmar-california
https://www.ubereats.com/los-angeles/food-delivery/subway-12902-foothill-blvd/9nkuTjxLS2ypGZ2k53HXqQ,sylmar-california
https://www.ubereats.com/los-angeles/food-delivery/the-wing-spot/iyBCLKp6QpW6qsNPmTeJHw,sylmar-california
https://www.ubereats.com/los-angeles/food-delivery/quiznos-12980-foothill-blvd-ste-130/BLQczWgNS0qTSRfmGzmIeA,sylmar-california
https://www.ubereats.com/los-angeles/food-delivery/buffalo-wild-wings-9301-tampa-ave/4uTqXyzpTXeHnl7-fvO_6w,sylmar-california
https://www.ubereats.com/los-angeles/food-delivery/jersey-mikes-19159-golden-valley-road/578WVH3rRVeM-fSzBWL-7Q,sylmar-california
https://www.ubereats.com/los-angeles/food-delivery/la-asuncion-restaurante/aEaafV1rTTy9N15KRcNnFQ,sylmar-california
https://www.ubereats.com/los-angeles/food-delivery/mcdonalds-mission-hls-sepl/lGCUZbyDTo6GPXLpBask8A,sylmar-california
https://www.ubereats.com/los-angeles/food-delivery/daphnes-desserts/PsPnkRR-TXu0s_7FsAQeBw,sylmar-california
https://www.ubereats.com/los-angeles/food-delivery/subway-north-hills/yxzhWsRMTT-pFAQ9nFWpMw,sylmar-california
https://www.ubereats.com/los-angeles/food-delivery/h-salt-fish-%26-chips/ey76agl_QEys9isVcS2YHg,sylmar-california
https://www.ubereats.com/los-angeles/food-delivery/burrito-loco-express/ajZDqzkORnydsrCtCMGpoA,sylmar-california
https://www.ubereats.com/los-angeles/food-delivery/pasquallys-pizza-%26-wings-16269-san-fernando-miss/GQwQZnxVQpynQzt0LpR0Sg,sylmar-california
https://www.ubereats.com/los-angeles/food-delivery/kop-jai-lai/fI50VgHPRoK8HhlPrsvq_Q,sylmar-california
https://www.ubereats.com/los-angeles/food-delivery/outback-steakhouse-25261n-the-old-rd/0TDT-PkST6y7GlkRfsuKwQ,sylmar-california
https://www.ubereats.com/los-angeles/food-delivery/pollo-campero-north-hills-sepulveda-blvd/-q7PV3iFQiG-gFQfLMWExA,sylmar-california
https://www.ubereats.com/los-angeles/food-delivery/zpizza-19300-rinaldi-st-los-angeles/S4QsiAFWTY6nyfxUueu4dA,sylmar-california
https://www.ubereats.com/los-angeles/food-delivery/casa-torres/zEvFWiaGS6CtwVt12oNnzg,sylmar-california
https://www.ubereats.com/los-angeles/food-delivery/ritas-of-northridge/eWoehi82TBSrINXtM6uIeA,sylmar-california
https://www.ubereats.com/los-angeles/food-delivery/dog-haus-biergarten-northridge/LHmxh9OmTByiVbwpP1_4SQ,sylmar-california
https://www.ubereats.com/los-angeles/food-delivery/tacos-mi-casita/gqhSIaZ2RteOKQVBOYogRQ,sylmar-california
https://www.ubereats.com/los-angeles/food-delivery/jersey-mikes-19138-soledad-canyon-rd/KAwrWvRYQmWLjzRx5idZVg,sylmar-california
https://www.ubereats.com/los-angeles/food-delivery/ikes-love-%26-sandwiches-northridge/UlhMxDNwQe-aA6zC2MwXew,sylmar-california
https://www.ubereats.com/los-angeles/food-delivery/dickeys-barbecue-pit-18742-soledad-canyon-rd/9Jy3wKkJQLWaLM8p3WSY9w,sylmar-california
https://www.ubereats.com/los-angeles/food-delivery/mykes-cafe-pacoima/XbULvBhESwiZANlm63T7vA,sylmar-california
https://www.ubereats.com/los-angeles/food-delivery/furai-chicken/Zv2OsKn9QcWy7by83BOEtw,sylmar-california
https://www.ubereats.com/los-angeles/food-delivery/jersey-mikes-14523-sherman-way/Rk1WzNGbT46ENAJcSPbtCg,sylmar-california
https://www.ubereats.com/los-angeles/food-delivery/subway-18456-dearborne/B5YFfhnSRua_tivjjPPxBw,sylmar-california
https://www.ubereats.com/los-angeles/food-delivery/el-tarasco-mexican-food/7VOhebBpRRuEZ_WrDplP3Q,sylmar-california
https://www.ubereats.com/los-angeles/food-delivery/pizza-man-van-nuys/0tbcdKNrQVOuVhjjp6EtWw,sylmar-california
https://www.ubereats.com/los-angeles/food-delivery/panda-express-pacoima-13520-w-paxton-st/HdIJ4q_LQq2yH1oHinLTkA,sylmar-california
https://www.ubereats.com/los-angeles/food-delivery/bear-pit/FJTySy9pRW-FRDYWzrRpRA,sylmar-california
https://www.ubereats.com/los-angeles/food-delivery/wafflejack-northridge/3622SlvsT0e7Xjch2QtIkA,sylmar-california
https://www.ubereats.com/los-angeles/food-delivery/los-tres-hermanos-foothill-blvd/xCPXmjGMS1KgAHiy1uyKMg,sylmar-california
https://www.ubereats.com/los-angeles/food-delivery/rincon-taurino-14551-nordhoff-st/rwLr-xvSQ7-CzMN1-rgq2A,sylmar-california
https://www.ubereats.com/los-angeles/food-delivery/mandarin-island/OTNjwCPRTw2x-wz72ZWBeQ,sylmar-california
https://www.ubereats.com/los-angeles/food-delivery/thai-dishes-valencia/pHwloNZWRZWQEsbIgOvkSA,sylmar-california
https://www.ubereats.com/los-angeles/food-delivery/srisaket-thai-food/lzu4MwyoQaicVaA4p5f1yw,sylmar-california
https://www.ubereats.com/los-angeles/food-delivery/chipotle-mexican-grill-9160-reseda-blvd/a2AldGu2Q-O66avU2qqpPw,sylmar-california
https://www.ubereats.com/los-angeles/food-delivery/chopspoon/6tkjFjEBT5qkQYZ-uem3MQ,sylmar-california
https://www.ubereats.com/los-angeles/food-delivery/subway-13575-glen-oaks-blvd/0maX4gpiTwGyDAk3A0fbXw,sylmar-california
https://www.ubereats.com/los-angeles/food-delivery/starbucks-sherman-way-%26-woodman/a490RcM1S2uaH3SJoSZ3gg,sylmar-california
https://www.ubereats.com/los-angeles/food-delivery/mcdonalds-pacoima-osborne/FCLhvCTESfal5b9jN7jC8Q,sylmar-california
https://www.ubereats.com/los-angeles/food-delivery/tgi-fridays-676-porter-ranch-ca/huHJveFYSgWvr5faTi3gTg,sylmar-california
https://www.ubereats.com/los-angeles/food-delivery/waba-grill-12940-foothill-blvd-san-fernando/1YWbKl_CTOy9xPaSbAV0XQ,sylmar-california
https://www.ubereats.com/los-angeles/food-delivery/chipotle-mexican-grill-1100-truman-st/A_Qhuw6pQn-Xgeus4_dbMg,sylmar-california
https://www.ubereats.com/los-angeles/food-delivery/la-pizza/PN246yVLQLeZZyGySoMdZw,sylmar-california
https://www.ubereats.com/los-angeles/food-delivery/l%26l-hawaiian-bbq-18727-via-princessa/VFpyo2wXRvWWQQ5Jz6K-xA,sylmar-california
https://www.ubereats.com/los-angeles/food-delivery/subway-15503-devonshire-st/c2ORVITgR7i5RFks3Vv_WQ,sylmar-california
https://www.ubereats.com/los-angeles/food-delivery/bricks/ttk2_qLYRvOmrKp5x88aIw,sylmar-california
https://www.ubereats.com/los-angeles/food-delivery/del-taco-15330-nordhoff-street/ZG5IYuzRToqzB4_CKlmnPg,sylmar-california
https://www.ubereats.com/los-angeles/food-delivery/starbucks-reseda-%26-devonshire/aGVdeI4ySPWvo56BL_ROEw,sylmar-california
https://www.ubereats.com/los-angeles/food-delivery/aji-teppanyaki/4h2U79HUSd-xKZQufyfLeg,sylmar-california
https://www.ubereats.com/los-angeles/food-delivery/earl-of-sandwich-18080-chatsworth-st/ee_mAIaASj2NGsm4uuPadA,sylmar-california
https://www.ubereats.com/los-angeles/food-delivery/chop-shop-butcher-%26-grill/W1mDArqVSOmdsMWKxJly0Q,sylmar-california
https://www.ubereats.com/los-angeles/food-delivery/el-uli-mar-y-tierra/r_YrLhWpSaeZhtaYq79TAg,sylmar-california
https://www.ubereats.com/los-angeles/food-delivery/baan-thai/Kdcv6UpoSLW18XdZZCqwog,sylmar-california
https://www.ubereats.com/los-angeles/food-delivery/marias-italian-kitchen-northridge/wq6uuy0tRuy8B63Icl1NkQ,sylmar-california
https://www.ubereats.com/los-angeles/food-delivery/the-stand-northridge/_lhXhp7-Q-eUyhE7AxCw-w,sylmar-california
https://www.ubereats.com/los-angeles/food-delivery/crazy-hot-chicken/pqRm78_QSZuZJqnaFCQrwQ,sylmar-california
https://www.ubereats.com/los-angeles/food-delivery/starbucks-devonshire-%26-mason/OKvz4xjVRAK1YSLnbJoTzw,sylmar-california
https://www.ubereats.com/los-angeles/food-delivery/cold-stone-creamery-17270-saticoy-street/3_jPBaaPRqKHMv0MXc8VxQ,sylmar-california
https://www.ubereats.com/los-angeles/food-delivery/fire-grill/q14NpfAgRBG8nVxz_A4Mow,sylmar-california
https://www.ubereats.com/los-angeles/food-delivery/og-quesarito/_PiuFQ4hQWGOlM03HAg24A,sylmar-california
https://www.ubereats.com/los-angeles/food-delivery/papa-johns-sun-valley/-e2dAGk6Q0uZmqLoR7JGJg,sylmar-california
https://www.ubereats.com/los-angeles/food-delivery/donut-time-cafe/P9X_gF3NR0e8d4Tv-RIi4A,sylmar-california
https://www.ubereats.com/los-angeles/food-delivery/rok-n-sushi/VTncV6rxR_aUw1ryVgbg0A,sylmar-california
https://www.ubereats.com/los-angeles/food-delivery/the-ice-cream-shop/W9vws58iSvy9MeaZoQU5-A,sylmar-california
https://www.ubereats.com/los-angeles/food-delivery/poquito-mas-chatsworth/D_MUBLUGQiSL9ZW6rWT4Ug,sylmar-california
https://www.ubereats.com/los-angeles/food-delivery/jersey-mikes-subs-granada-hills-18131-chatsworth-street/TsafbnA-R2irXCSDD4It4g,sylmar-california
https://www.ubereats.com/los-angeles/food-delivery/el-pollo-loco-12930-foothill-blvd5615/Gs2R_w0XQQqfznXpsOuM1w,sylmar-california
https://www.ubereats.com/los-angeles/food-delivery/subway-9040-sepulveda-blvd/3e_HiARsS8KfRpI1nsLG8A,sylmar-california
https://www.ubereats.com/los-angeles/food-delivery/baja-fresh-mexican-grill-18744-soledad-canyon-rd/lD_AjESvTjCfa_MD978j8Q,sylmar-california
https://www.ubereats.com/los-angeles/food-delivery/carls-jr-7376/3-UKbacpSrCypFxNHj1tQg,sylmar-california
https://www.ubereats.com/los-angeles/food-delivery/chipotle-mexican-grill-16959-devonshire-st/9PSH-bXKRtuCU3FqQs0blg,sylmar-california
https://www.ubereats.com/los-angeles/food-delivery/casa-vieja/CMB9JXpzTnaohFTxDUMedQ,sylmar-california
https://www.ubereats.com/los-angeles/food-delivery/lauras-restaurant/-3_DL-cKRoC1QHAxm9eKVA,sylmar-california
https://www.ubereats.com/los-angeles/food-delivery/house-of-khan/ZMz5PM5MTg-nVvzvmp7Pew,sylmar-california
https://www.ubereats.com/los-angeles/food-delivery/waba-grill-18427-nordhoff-st-northridge/iiRJ8Jl2RFOHxHWrxurGIA,sylmar-california
https://www.ubereats.com/los-angeles/food-delivery/cube-restaurant/9YGq_8yDQA-QHgOL1pw0Sw,sylmar-california
https://www.ubereats.com/los-angeles/food-delivery/chacha-tandoori/9FCxGWqZTDKh7ZvGsnd2uQ,sylmar-california
https://www.ubereats.com/los-angeles/food-delivery/rincon-taurino-8708-van-nuys-blvd/Z5sRA4lzTHmPJkyo3QYZgA,sylmar-california
https://www.ubereats.com/los-angeles/food-delivery/popeyes-14723-rinaldi-st/yxME6QoyTFWcbxiOFZ8JSw,sylmar-california
https://www.ubereats.com/los-angeles/food-delivery/los-tres-hermanos-sepulveda/X_aWyXyETXa7ZZBsrbSzcA,sylmar-california
https://www.ubereats.com/los-angeles/food-delivery/the-habit-burger-grill-19223-golden-valley-rd/hBC0c5PASTyS75A85UjjmA,sylmar-california
https://www.ubereats.com/los-angeles/food-delivery/the-breakfast-spot/jpdsrI03T5yI6FICkmZNjA,sylmar-california
https://www.ubereats.com/los-angeles/food-delivery/presto-pasta/Ot3l69eVS0aBi4ZiJRXUzA,sylmar-california
https://www.ubereats.com/los-angeles/food-delivery/tacos-los-toritos-soledad-canyon/ubvja7GYSbedRbjVqmu6xw,sylmar-california
https://www.ubereats.com/los-angeles/food-delivery/kinnara-thai/r4SeA_hDRgKvDeUL3Gp9lQ,sylmar-california
https://www.ubereats.com/los-angeles/food-delivery/ay-papa-que-rico-arleta/r26OIErrQPq9u3t2Gs44vg,sylmar-california
https://www.ubereats.com/los-angeles/food-delivery/dennys-17018-devonshire-st/1xEyfQIkRWGVqUoZmhycuw,sylmar-california
https://www.ubereats.com/los-angeles/food-delivery/el-super-arleta/xQH9sIlBQ1K5yA821BBBug,sylmar-california
https://www.ubereats.com/los-angeles/food-delivery/jack-in-the-box-13648-van-nuys-blvd/RTXYYnLmRzy28h0OyrvfUQ,sylmar-california
https://www.ubereats.com/los-angeles/food-delivery/yoshinoya-13750-roscoe-blvd/XiJtLEMXRoatV-689SzggQ,sylmar-california
https://www.ubereats.com/los-angeles/food-delivery/hanabi-sushi-and-teriyaki/3OahcQoXSTiBM079m1CqcQ,sylmar-california
https://www.ubereats.com/los-angeles/food-delivery/crazy-falafel-devonshire-st/qsvegEiNTfKNf8ASR6hepQ,sylmar-california
https://www.ubereats.com/los-angeles/food-delivery/mcdonalds-pacoima-van-nuys/csnnKQ8HTuqYuCLYq4iREw,sylmar-california
https://www.ubereats.com/los-angeles/food-delivery/panda-express-lake-view-terrace-11990-foothill-blvd/3x2txUlUSDKUXNFlIJCq-A,sylmar-california
https://www.ubereats.com/los-angeles/food-delivery/dunkin-10432-sepulveda-blvd/dMSLrXWuSUy2d6ZyGuVNGQ,sylmar-california
https://www.ubereats.com/los-angeles/food-delivery/bene-chicken-cafe/Uu8IMLChTUeo_O8Vn1re4g,sylmar-california
https://www.ubereats.com/los-angeles/food-delivery/subway-10368-mason-ave/u_aEXHyzStygJPK-25khJg,sylmar-california
https://www.ubereats.com/los-angeles/food-delivery/lil-manana/z4cfFZNGSA-c1pE1mFN29Q,sylmar-california
https://www.ubereats.com/los-angeles/food-delivery/ucrave-cafe-and-grill/iagfi7EiTJazgaaksAhu_Q,sylmar-california
https://www.ubereats.com/los-angeles/food-delivery/hurricane-wings-11984-foothill-blvd/fK_sAhbvR2Sc5l3QXgWMnw,sylmar-california
https://www.ubereats.com/los-angeles/food-delivery/la-brasa-roja/4KQn1LVDSaWGZtxhFzMj6Q,sylmar-california
https://www.ubereats.com/los-angeles/food-delivery/burrito-factory-granada-hills/peMPoR-tSROSjjGTj6syCQ,sylmar-california
https://www.ubereats.com/los-angeles/food-delivery/c~viche-express/oHFBXt-CRxyaDnpGVlYgUg,sylmar-california
https://www.ubereats.com/los-angeles/food-delivery/ihop-9012-tampa-ave/03L4za8PSZaRZWuWrB9sPw,sylmar-california
https://www.ubereats.com/los-angeles/food-delivery/la-shawarma/0I1SLDNETS2JvkOTNnau_g,sylmar-california
https://www.ubereats.com/los-angeles/food-delivery/coco-hut-thai-food/hd4qOxCnTn2C0tUXRI3WTA,sylmar-california
https://www.ubereats.com/los-angeles/food-delivery/frosty-queen/iJ7UDwH3S7y0jE2OyihlbA,sylmar-california
https://www.ubereats.com/los-angeles/food-delivery/kfc-10865-sepulveda-blvd/YqmcTOXHT4qTHbwpkYO5jw,sylmar-california
https://www.ubereats.com/los-angeles/food-delivery/subway-9724-woodman-ave/jj5hwnu6TLC-GL1Gqx-sbw,sylmar-california
https://www.ubereats.com/los-angeles/food-delivery/carls-jr-20425-newhall-ave/fuAgXM5fTKOLGYBb5WkdXA,sylmar-california
https://www.ubereats.com/los-angeles/food-delivery/waba-grill-14504-nordhoff-st/2l58_tcKTMG4r0FNa3wEaw,sylmar-california
https://www.ubereats.com/los-angeles/food-delivery/okamoto-kitchen/kkl7GKsTRbmv36oJ0iPg2w,sylmar-california
https://www.ubereats.com/los-angeles/food-delivery/el-taco-llama-newhall/qbNZtQ5FRtK2DalzC5mJjg,sylmar-california
https://www.ubereats.com/los-angeles/food-delivery/zest-grill-house/f0HqVgKfTOigHm1ryRYfvg,sylmar-california
https://www.ubereats.com/los-angeles/food-delivery/pick-up-stix-granada-hills/fcFQtbDpSQWQ4PYTV2yWPQ,sylmar-california
https://www.ubereats.com/los-angeles/food-delivery/mcdonalds-northrdge-parthn/nHYVNec2ROCutSvN-KJOqQ,sylmar-california
https://www.ubereats.com/los-angeles/food-delivery/jasmine-thai-cuisine-porter-ranch/_vxyfyh4Q72drg8-B81S6A,sylmar-california
https://www.ubereats.com/los-angeles/food-delivery/honey-baked-ham-northridge/VQql-44wTGmllQvp3U3Klg,sylmar-california
https://www.ubereats.com/los-angeles/food-delivery/the-horseless-carriage-restaurant/5cFmA6FWTP6akyZd5QAnkw,sylmar-california
https://www.ubereats.com/los-angeles/food-delivery/el-pollo-loco-1125-truman-st-unit-c25948/RXC1ehrHRF6AXGN2yjVe-w,sylmar-california
https://www.ubereats.com/los-angeles/food-delivery/plant-b-northridge/-z7fBeOITzOAcwECGFJw3A,sylmar-california
https://www.ubereats.com/los-angeles/food-delivery/subway-10680-balboa-blvd/KunO8oCNSDmhmAsH1BOcqg,sylmar-california
https://www.ubereats.com/los-angeles/food-delivery/mercado-buenos-aires-granada-hills/neUcBAk2T4Ga_xByOC9lQg,sylmar-california
https://www.ubereats.com/los-angeles/food-delivery/los-tres-hermanos-van-nuys-blvd/HDt88uIUQZS32cx6gDHR8A,sylmar-california
https://www.ubereats.com/los-angeles/food-delivery/subway-10305-zelzah-ave/dYlpfIAmRs2GULMaLClwLQ,sylmar-california
https://www.ubereats.com/los-angeles/food-delivery/tacos-los-toritos-glenoaks/pIfFtAlmRP-c4h67bn95Vg,sylmar-california
https://www.ubereats.com/los-angeles/food-delivery/papa-johns-northridge/osPzjFhCTjSL417obXnTQg,sylmar-california
https://www.ubereats.com/los-angeles/food-delivery/lulus-restaurant/kTORMbpCTLevXEJTxAV-Mg,sylmar-california
https://www.ubereats.com/los-angeles/food-delivery/subway-18649-devonshire-st/VBkdmpK8Tvu0Tvc-f5w3HA,sylmar-california
https://www.ubereats.com/los-angeles/food-delivery/bayshore-fish-%26-grill/RCN7TZixTVK8V8bWjHzmSA,sylmar-california
https://www.ubereats.com/los-angeles/food-delivery/starbucks-van-nuys-%26-michaels/un2MTDKtQEuL6SmoF2qvmw,sylmar-california
https://www.ubereats.com/los-angeles/food-delivery/tacos-el-gordo/0cVJQHXHSeORl-XxWXS1Sw,sylmar-california
https://www.ubereats.com/los-angeles/food-delivery/wienerschnitzel-18420-nordhoff-st/Er3UBq_VR8qt3_YVVZo11Q,sylmar-california
https://www.ubereats.com/los-angeles/food-delivery/la-bocana/dV1SyPqzQN69SSGvIiRfsA,sylmar-california
https://www.ubereats.com/los-angeles/food-delivery/el-de-oro%3A-burritos-dorados/H3pfNPsdTp6H1YmUtFbbmw,sylmar-california
https://www.ubereats.com/los-angeles/food-delivery/jack-in-the-box-15651-nordhoff-street/g-jBQ1dtTrShd2dWoRgHNg,sylmar-california
https://www.ubereats.com/los-angeles/food-delivery/ponchos-taqueria/ozrqFfPCRcukCBZDtIbuPA,sylmar-california
https://www.ubereats.com/los-angeles/food-delivery/waba-grill-7135-sepulvedad-blvd-van-nuys/Rf2jK47TQcWxWkp4QpaWNA,sylmar-california
https://www.ubereats.com/los-angeles/food-delivery/bambu-drinks/5H2nyRBpSOqkybbKjPUjVw,sylmar-california
https://www.ubereats.com/los-angeles/food-delivery/menchies-frozen-yogurt-14523-a-sherman-way/Ug7YtUB8SPWCof4uc4TCDA,sylmar-california
https://www.ubereats.com/los-angeles/food-delivery/la-pizza-loca-pacoima/xbcRN6hwRm-ctIh4gBF69Q,sylmar-california
https://www.ubereats.com/los-angeles/food-delivery/la-michoacana-ice-cream-parlor-foothill/iR_kKbdETaSWJzXkIF_33Q,sylmar-california
https://www.ubereats.com/los-angeles/food-delivery/mcdonalds-van-nuys-sepulveda-sherman/gvNfFG1eRF-H_4987YJrPQ,sylmar-california
https://www.ubereats.com/los-angeles/food-delivery/pizzaholic/hSrHu4PeS0uJRkCG1ROhbg,sylmar-california
https://www.ubereats.com/los-angeles/food-delivery/the-ice-cream-shop/nqnhicpZSMiw8RKu3HHWQw,sylmar-california
https://www.ubereats.com/los-angeles/food-delivery/wok-with-ray/OPHoc6K1QHWA7uKN866_-Q,sylmar-california
https://www.ubereats.com/los-angeles/food-delivery/kfc-1327-san-fernando-road/WHc9FksCTXOCGW76lpWeKg,sylmar-california
https://www.ubereats.com/los-angeles/food-delivery/brooklyn-calzones/jPsUyGZ5ReSMvIXKn7uBaA,sylmar-california
https://www.ubereats.com/los-angeles/food-delivery/jack-in-the-box-18525-via-prencessa/zs_zRKLVQMiI04wVw68oMg,sylmar-california
https://www.ubereats.com/los-angeles/food-delivery/enjoy-bowl/oTrEy2GGTUSTqtWgKGpS5A,sylmar-california
https://www.ubereats.com/los-angeles/food-delivery/fresh-grill-mediterranean-cuisine/KYLM_tV-TYC9P5ts5IBWxw,sylmar-california
https://www.ubereats.com/los-angeles/food-delivery/tijuana-grill-%232-saticoy/BPGqP48dQUC15uPBaFxKxg,sylmar-california
https://www.ubereats.com/los-angeles/food-delivery/los-mariscos/OdKC2utcRZ-VQKpHASkkMA,sylmar-california
https://www.ubereats.com/los-angeles/food-delivery/panda-express-northridge-18427-d-nordhoff-st/jnZjxeIxTnyN7nry70wcYQ,sylmar-california
https://www.ubereats.com/los-angeles/food-delivery/fiesta-taco-grill/_kwhfRUCRounYsCg0M7Wew,sylmar-california
https://www.ubereats.com/los-angeles/food-delivery/burger-king-2008-glenoaks-boulevard/k9cMj-q4R86uL13dlU1CMw,sylmar-california
https://www.ubereats.com/los-angeles/food-delivery/mad-bee-cafe/QZAjmsr-QjiTtbdlUaTXMg,sylmar-california
https://www.ubereats.com/los-angeles/food-delivery/sabor-latino-main-st/_FpmfPWGT2OWCLf85DRLvg,sylmar-california
https://www.ubereats.com/los-angeles/food-delivery/jamba-juice-13520-paxton-s/R1CS5RRSSvO5MERTQcFtzw,sylmar-california
https://www.ubereats.com/los-angeles/food-delivery/popeyes-7608-sepulveda-blvd/uOXqg63ESlKs-fsmsN83Mg,sylmar-california
https://www.ubereats.com/los-angeles/food-delivery/yummy-donuts/HQw5iKGwQ3ydkM4ltfw89w,sylmar-california
https://www.ubereats.com/los-angeles/food-delivery/subway-14713-rinaldi-st/8JE2Q7R6RsKXo2qViDbLdQ,sylmar-california
https://www.ubereats.com/los-angeles/food-delivery/waba-grill-19126-soledad-canyon-rd-santa-clarita/h0fnkGjGRneZqV_KnN3aUQ,sylmar-california
https://www.ubereats.com/los-angeles/food-delivery/l%26l-hawaiian-bbq-18657-devonshire-st/oIk0mepXSR-4DG8KIEmGEA,sylmar-california
https://www.ubereats.com/los-angeles/food-delivery/rincome-restaurant/PY2QnEXGRfuBMEm56DyqsQ,sylmar-california
https://www.ubereats.com/los-angeles/food-delivery/starbucks-devonshire-%26-langdon/YjCFyvsVSfG_t-G-8ZRTnw,sylmar-california
https://www.ubereats.com/los-angeles/food-delivery/carnitas-michoacan-san-fernando/6Jccnl1VRh--0MfFNTDPNw,sylmar-california
https://www.ubereats.com/los-angeles/food-delivery/starbucks-nordhoff-%26-woodley/5ZbSbbGFQ7eeP-kV0LSyjA,sylmar-california
https://www.ubereats.com/los-angeles/food-delivery/baja-fresh-northridge/YbcZjvrdTq-lvG0cle242Q,sylmar-california
https://www.ubereats.com/los-angeles/food-delivery/el-pollo-loco-17240-saticoy-st3457/OMOwv3N8TAS7VYHwEUMaqw,sylmar-california
https://www.ubereats.com/los-angeles/food-delivery/el-super-san-fernando/dxqki6OeRSKmrayK-C4EHw,sylmar-california
https://www.ubereats.com/los-angeles/food-delivery/panda-express-north-hills-9008-sepulveda-blvd/6QNuEz5cRxysDqsMik50uQ,sylmar-california
https://www.ubereats.com/los-angeles/food-delivery/subway-1701-truman-st/GT0OCGz1ROWSiae5qGyTBg,sylmar-california
https://www.ubereats.com/los-angeles/food-delivery/hawaiian-hot-chicken/-OEjraYLRDuT97IFI6-uKw,sylmar-california
https://www.ubereats.com/los-angeles/food-delivery/mcdonalds-northridge-roscoe-%26-white-oak/3a_7YlhkRLaSHQ_kcg7D-w,sylmar-california
https://www.ubereats.com/los-angeles/food-delivery/antonios-kabob-%26-taco-pacoima/Y_gFb5UQSd-iOtmsJoVbdw,sylmar-california
https://www.ubereats.com/los-angeles/food-delivery/el-torito-8855-tampa-avenue/9xjhHikySMGUtCZ8i4macw,sylmar-california
https://www.ubereats.com/los-angeles/food-delivery/vincenzos-pizza-granada-hills/mOv2MWMTSuuI5eU7e2PJBA,sylmar-california
https://www.ubereats.com/los-angeles/food-delivery/subway-13632-foothill-blvd/4r7Wd0-rQICPslHzXUoYaQ,sylmar-california
https://www.ubereats.com/los-angeles/food-delivery/western-bagel-granada-hills/MWR8BoBlQDOEWcNZdVdJng,sylmar-california
https://www.ubereats.com/los-angeles/food-delivery/subway-17224-saticoy-st/melHey81SySIJN9Au8ML-Q,sylmar-california
https://www.ubereats.com/los-angeles/food-delivery/guidos-pizza-and-pasta-northridge/Bp0Mg0h0RJ2bCr-jrVp0rw,sylmar-california
https://www.ubereats.com/los-angeles/food-delivery/el-rinconcito-centro-americano/Tw6hXcKwTNi_B2WOA0OXKg,sylmar-california
https://www.ubereats.com/los-angeles/food-delivery/subway-12411-sheldon-st/S7jf8dRVToSBCNlVmUFygQ,sylmar-california
https://www.ubereats.com/los-angeles/food-delivery/nashville-hot-chicken/nI17dKByRya0hezn3qF0JQ,sylmar-california
https://www.ubereats.com/los-angeles/food-delivery/toms-jr-chili-burgers/6BLksVKqThuDaZpCPiKmWg,sylmar-california
https://www.ubereats.com/los-angeles/food-delivery/el-camaronero-restaurant-%231/C-vHN1YPQKCZutHgyqPnzg,sylmar-california
https://www.ubereats.com/los-angeles/food-delivery/yamaha-sushi/Uxs8k16_TYKI-O_v0PyTuA,sylmar-california
https://www.ubereats.com/los-angeles/food-delivery/los-tres-hermanos-san-fernando-blvd/hbvJmdfXQHmypDoNL18BEg,sylmar-california
https://www.ubereats.com/los-angeles/food-delivery/mad-tuna/slrZ84FCTkuVvyUE6yg_1Q,sylmar-california
https://www.ubereats.com/los-angeles/food-delivery/carnitas-michoacanas/zFicJ-ZoSI2LBAB3s_i_wQ,sylmar-california
https://www.ubereats.com/los-angeles/food-delivery/dennys-8500-van-nuys-blvd/7iap0QdvTLO7k88Qy62E0w,sylmar-california
https://www.ubereats.com/los-angeles/food-delivery/burger-king-12781-van-nuys-boulevard/swQUzqXSTz-leGJYvleEew,sylmar-california
https://www.ubereats.com/los-angeles/food-delivery/teriyaki-madness-1240-truman-st/WJYSHBBSSI-yEssizftj2Q,sylmar-california
https://www.ubereats.com/los-angeles/food-delivery/la-casa-de-la-torta-ahogada/74ha4g-9RtWVJNGlBMuF4A,sylmar-california
https://www.ubereats.com/los-angeles/food-delivery/pho-999/c5ngRvtgSR2uUnS0frAGjw,sylmar-california
https://www.ubereats.com/los-angeles/food-delivery/wendys-18507-devonshire-street/JawlV4cxQFK3cMrlul48Ng,sylmar-california
https://www.ubereats.com/los-angeles/food-delivery/la-michoacana-ice-cream-parlor-sylmar/NqR6DrSpRu2hicMwwaL0vA,sylmar-california
https://www.ubereats.com/los-angeles/food-delivery/mcdonalds-12950-foothill-blvd/sJVGV8pnTO6jwOh7ljEhjw,sylmar-california
https://www.ubereats.com/los-angeles/food-delivery/subway-11100-sepulveda/2Bdsjo8WQQCjvLd7ZJXq0w,sylmar-california
https://www.ubereats.com/los-angeles/food-delivery/daniels-tacos-11840-foothill-blvd/Ymm00LnfRj-NBqdMtAu7kA,sylmar-california
https://www.ubereats.com/los-angeles/food-delivery/kfc-8800-sepulveda-blvd/uCt6gqF1RR-hMa8rDWZ47A,sylmar-california
https://www.ubereats.com/los-angeles/food-delivery/lemon-zest-cafe-van-nuys/DFopVbw3S2WljHapIphmXw,sylmar-california
https://www.ubereats.com/los-angeles/food-delivery/sylmars-fix/kpHmMpx7SOqkXA9WTy5Xnw,sylmar-california
https://www.ubereats.com/los-angeles/food-delivery/burger-king-19662-nordhoff-street/X7YxdTnVRaCINy1G-l9Myw,sylmar-california
https://www.ubereats.com/los-angeles/food-delivery/teacoffhut/2Oso1IAJRGqBTE-PoxyMYg,sylmar-california
https://www.ubereats.com/los-angeles/food-delivery/waba-grill-8383-laurel-canyon-blvd-sun-valley/VgSFTxG_QTGfLb62uJvVZg,sylmar-california
https://www.ubereats.com/los-angeles/food-delivery/f*cking-good-pizza/hTXX2mN4QRGUirN4qeuzQg,sylmar-california
https://www.ubereats.com/los-angeles/food-delivery/birrieria-gonzalez-sylmer/gmumIcuoQHaRR788JB-APA,sylmar-california
https://www.ubereats.com/los-angeles/food-delivery/ceviches/TStHie4DTdWVSPHhvqV_vg,sylmar-california
https://www.ubereats.com/los-angeles/food-delivery/get-loaded-tacos/N4U9oyLjTmWP5zBGM9vXzw,sylmar-california
https://www.ubereats.com/los-angeles/food-delivery/rancheros-tacos-%232-restaurant-%26-pupuseria/xP0NbBRLRY--O5F5HVqDxQ,sylmar-california
https://www.ubereats.com/los-angeles/food-delivery/quiznos-granada-hills/7yVmVPSHQ2yuUrluJfLE7g,sylmar-california
https://www.ubereats.com/los-angeles/food-delivery/mcdonalds-1955-glenoaks-blvd/omGJYsEuTICv1Whjwvf8SQ,sylmar-california
https://www.ubereats.com/los-angeles/food-delivery/michoacana-deluxe/FSKYz58lSLKEyto5hUyE5A,sylmar-california
https://www.ubereats.com/los-angeles/food-delivery/castillo/eFGqX4bBRaOQ2yXGTy2gUg,sylmar-california
https://www.ubereats.com/los-angeles/food-delivery/gyromania/vQMvXg0PS0GCbnhxBOVhsQ,sylmar-california
https://www.ubereats.com/los-angeles/food-delivery/harrys-pizza/aCHNBMntRY2Agx_UWt1Kfg,sylmar-california
https://www.ubereats.com/los-angeles/food-delivery/its-juice-time/B182ZSDqSraZPCA94JXSgw,sylmar-california
https://www.ubereats.com/los-angeles/food-delivery/carls-jr-18950-soledad-canyon-rd/0mLaYExlRuirvsV7dXzfUw,sylmar-california
https://www.ubereats.com/los-angeles/food-delivery/el-pollo-loco-16940-nordhoff-blvd3525/AfLpUbPFSuGMdoWu-G-nrA,sylmar-california
https://www.ubereats.com/los-angeles/food-delivery/daniels-tacos-15307-parthenia-st/KrS3QDn6RLi_o3GEAU6C6A,sylmar-california
https://www.ubereats.com/los-angeles/food-delivery/fishbowl-poke-co/vRpcoBfFRhKYear70_Qdjg,sylmar-california
https://www.ubereats.com/los-angeles/food-delivery/the-burger-spot/i27ut1TbR5u9fNj-me-9IQ,sylmar-california
https://www.ubereats.com/los-angeles/food-delivery/carnitas-michoacanas/2sIDed_-Q7uMSJdOE1Gd1w,sylmar-california
https://www.ubereats.com/los-angeles/food-delivery/la-pizza-panorama/vCNO48roSh6S624tRtLXNA,sylmar-california
https://www.ubereats.com/los-angeles/food-delivery/travelers-coffee-cup/cm4ktb8TQhOn2_RUqgWQzg,sylmar-california
https://www.ubereats.com/los-angeles/food-delivery/grand-panda/kd0Sn6tnQ3SXrkHOXfMT0A,sylmar-california
https://www.ubereats.com/los-angeles/food-delivery/taps-valley-gastropub/jgAN7WOpTGSrhmfRTEZQAw,sylmar-california
https://www.ubereats.com/los-angeles/food-delivery/noahs-ark-cuisine/iLWIkbQhSJGD9C59FV_wcw,sylmar-california
https://www.ubereats.com/los-angeles/food-delivery/el-pollo-loco-26930-sierra-hwy5978/aARCnXtoSZmVAvzebpcKRQ,sylmar-california
https://www.ubereats.com/los-angeles/food-delivery/panda-express-23746-newhall-ave/tuuwrULwSESCSelWZ3tZig,sylmar-california
https://www.ubereats.com/los-angeles/food-delivery/yogurtland-14501-nordhoff-blvd/-NVzE5ikQsG6_CGdb3de9A,sylmar-california
https://www.ubereats.com/los-angeles/food-delivery/papa-johns-pizza-23120-lyons-ave/WUoTMq-uQnO7yDEW5BtbeQ,sylmar-california
https://www.ubereats.com/los-angeles/food-delivery/key-burger/ZUdZa8r5RbK_k7CrIbUGVw,sylmar-california
https://www.ubereats.com/los-angeles/food-delivery/starbucks-san-fernando-mission-%26-sepulveda/kv7IpAY-QhC0Lhet2SGWzQ,sylmar-california
https://www.ubereats.com/los-angeles/food-delivery/subway-13520-paxton-st/d_Ua48LoRvye5_GSWewgiA,sylmar-california
https://www.ubereats.com/los-angeles/food-delivery/noche-azul/3EKT2SntSO-sJNHacyFYEQ,sylmar-california
https://www.ubereats.com/los-angeles/food-delivery/panda-express-13681-foothill-blvd-%23c/UJIOzGrDQU2pW5wJmgb9tA,sylmar-california
https://www.ubereats.com/los-angeles/food-delivery/mcdonalds-panorama-city-van-nuys-blythe/sipzor0KQmee7gj6-JcB-g,sylmar-california
https://www.ubereats.com/los-angeles/food-delivery/jeje-chicken/8Ar13ARCRSK-mFDrBK7SRw,sylmar-california
https://www.ubereats.com/los-angeles/food-delivery/starbucks-sherman-way-%26-sepulveda/f_KWWCQXQJqzK5QIZL3ijQ,sylmar-california
https://www.ubereats.com/los-angeles/food-delivery/el-chilanguito/UHl0dr50R7GOfCDjaSYq0A,sylmar-california
https://www.ubereats.com/los-angeles/food-delivery/kfc-12910-b-foothill-boulevard/hhcVo1LOQ2y8SwXxrHkwew,sylmar-california
https://www.ubereats.com/los-angeles/food-delivery/mcdonalds-balboa-parthenia/2su_8Xs1R2G9nwtEG6fLVg,sylmar-california
https://www.ubereats.com/los-angeles/food-delivery/la-michoacana-ice-cream-parlor-arleta/YWhsf814T8SCYPEhxaxXuw,sylmar-california
https://www.ubereats.com/los-angeles/food-delivery/papa-juans-baja-grill/Tbk3NDB6Rg6DHLunbrI2gQ,sylmar-california
https://www.ubereats.com/los-angeles/food-delivery/love-sushi/5QKEGvrYRIWLeVYawvl0ZQ,sylmar-california
https://www.ubereats.com/los-angeles/food-delivery/aroma-thai/k4-37q69QayYCv8vJ4Rdgg,sylmar-california
https://www.ubereats.com/los-angeles/food-delivery/o-tofu-house/ZGvoIWgoSe-nrwIHOuptdw,sylmar-california
https://www.ubereats.com/los-angeles/food-delivery/yoshinoya-317-san-fernando-mission-bl/7A7SdED-RPyjIN94w1QHdQ,sylmar-california
https://www.ubereats.com/los-angeles/food-delivery/khun-moo-thai-kitchen/BSZu72s5QMOWGwY_CDzmLQ,sylmar-california
https://www.ubereats.com/los-angeles/food-delivery/the-ice-bar/EXZj_ZXlRXuHSZp7mQECMw,sylmar-california
https://www.ubereats.com/los-angeles/food-delivery/hongkong-banjum-by-paiks-noodle/QOHZ-TdTTxSz8zjW4HpDYw,sylmar-california
https://www.ubereats.com/los-angeles/food-delivery/chuck-e-cheese-8375-laurel-canyon-blvd/cmWmx8bXRsSL4bhia3OGIQ,sylmar-california
https://www.ubereats.com/los-angeles/food-delivery/o-sushi/v0WJuzKaSYCQ7voDckjm7w,sylmar-california
https://www.ubereats.com/los-angeles/food-delivery/burger-king-15554-roscoe-boulevard/tgTJ2TVyTXqaouHJKW-NVw,sylmar-california
https://www.ubereats.com/los-angeles/food-delivery/fratellis-italian-kitchen/z6DP5DONRqKRB917M_ckLQ,sylmar-california
https://www.ubereats.com/los-angeles/food-delivery/sylmars-fix/xUTdWguWQG-DfBIUVgwnwQ,sylmar-california
https://www.ubereats.com/los-angeles/food-delivery/viet-kitchen/v-8PO0Z9Tw6E9bEUhcoPIg,sylmar-california
https://www.ubereats.com/los-angeles/food-delivery/jack-in-the-box-13622-foothill-blvd/ou8PidWNT_mSNQ9LiK0bEA,sylmar-california
https://www.ubereats.com/los-angeles/food-delivery/wienerschnitzel-18900-soledad-canyon-rd/1mmrcQYcTYCV8HHkF8b7cw,sylmar-california
https://www.ubereats.com/los-angeles/food-delivery/hub-market/3ywTQUpSTg2DHHHfmEqfVw,sylmar-california
https://www.ubereats.com/los-angeles/food-delivery/fresh-potato-factory/PxTGMqiHSO2R56tOOJo4_Q,sylmar-california
https://www.ubereats.com/los-angeles/food-delivery/king-of-crabs/x8dlDOYYQc2npZC4X1vhaw,sylmar-california
https://www.ubereats.com/los-angeles/food-delivery/the-vegan-place/u6cuvpD4Tu6Xaa7yDxVS0A,sylmar-california
https://www.ubereats.com/los-angeles/food-delivery/wicked-chicken/wTaSO9R8ThOfRpEYaMsbGw,sylmar-california
https://www.ubereats.com/los-angeles/food-delivery/subway-11220-laurel-canyon-blvd/obVR2lg9QGiOcMZYjxUUzA,sylmar-california
https://www.ubereats.com/los-angeles/food-delivery/kings-burgers/-pu3W1w6Riy4PVnPFjr8hQ,sylmar-california
https://www.ubereats.com/los-angeles/food-delivery/chop-shop-butcher-%26-grill/7Osn0pAGScSX7SSwGBK9FQ,sylmar-california
https://www.ubereats.com/los-angeles/food-delivery/chipotle-mexican-grill-10384-sepulveda-blvd-ste-2e/UPCgE0xSSym3yhmdQ84Nlg,sylmar-california
https://www.ubereats.com/los-angeles/food-delivery/tacos-vallarta/K_ja5PIjQ6a-1zutFg99ZA,sylmar-california
https://www.ubereats.com/los-angeles/food-delivery/wongs-kitchen/vteuCPJGQ-ucyWLd08V4sA,sylmar-california
https://www.ubereats.com/los-angeles/food-delivery/el-incomparable-peruvian-cuisine-grenada-hills/oodnlWXkSTGshdQ_uJVLlg,sylmar-california
https://www.ubereats.com/los-angeles/food-delivery/kababe/NDrdrvYdRA-FL6NtBDloig,sylmar-california
https://www.ubereats.com/los-angeles/food-delivery/menchies-frozen-yogurt-26865-sierra-hwy/UfBn7ZIDTQ6XOUeTn0CW_g,sylmar-california
https://www.ubereats.com/los-angeles/food-delivery/magic-restaurant/kLEB-hvgSe6Es849eEw0Cg,sylmar-california
https://www.ubereats.com/los-angeles/food-delivery/the-buffalo-spot/S36dZdhTRQC047cH5t9fKQ,sylmar-california
https://www.ubereats.com/los-angeles/food-delivery/corner-kebab/-XYRFR4TQs6wcJR4-GOY1g,sylmar-california
https://www.ubereats.com/los-angeles/food-delivery/main-kitchen-cafe/2bW3GCXmTGudE1cWGOy7Vw,sylmar-california
https://www.ubereats.com/los-angeles/food-delivery/mothership-pizza/H6e_kc3lSWm9lJxr70VfGg,sylmar-california
https://www.ubereats.com/los-angeles/food-delivery/el-pollo-peru/ymssZCFfRvKZE-AJLswcqQ,sylmar-california
https://www.ubereats.com/los-angeles/food-delivery/carnitas-don-cuco/BmwPXW3sS_y-zhAYnXoixw,sylmar-california
https://www.ubereats.com/los-angeles/food-delivery/eatnakedla/1D7Qv7aPSFGlVrDwvEaYXQ,sylmar-california
https://www.ubereats.com/los-angeles/food-delivery/la-corona-bar-%26-grill/Byp_SHHmQ-uscHlfhC-otg,sylmar-california
https://www.ubereats.com/los-angeles/food-delivery/granny-pannies-pancakes/Z1B7VWS8SZCQG3zBfBmuZA,sylmar-california
https://www.ubereats.com/los-angeles/food-delivery/subway-10118-san-fernando-rd/2-JQ3ZJbRn6WeQt6eBfgCA,sylmar-california
https://www.ubereats.com/los-angeles/food-delivery/me-gusta-gourmet-tamales/vpbYwdusQ-mI-GO0iTdgqg,sylmar-california
https://www.ubereats.com/los-angeles/food-delivery/jamba-juice-9012-balboa-blvd/FeLtwuogR9uDmKSL03Uaiw,sylmar-california
https://www.ubereats.com/los-angeles/food-delivery/marias-deli/AbKGcZmtRxaWKIMqQDHvWA,sylmar-california
https://www.ubereats.com/los-angeles/food-delivery/mcdonalds-pacoima-van-nuys-%26-glenoaks/1vPOs0LLQfeRPjFfD5445A,sylmar-california
https://www.ubereats.com/los-angeles/food-delivery/jack-in-the-box-9855-mason-ave/EXWAsDpxTrCFiCxZfmaCjA,sylmar-california
https://www.ubereats.com/los-angeles/food-delivery/carls-jr-8401-laurel-canyon-blvd/GiqYvaaqTa2cabKHi89VBw,sylmar-california
https://www.ubereats.com/los-angeles/food-delivery/sabrositas-pupusas-vanowen-st/f4bJLOgAQBq_mxHGc8cV3A,sylmar-california
https://www.ubereats.com/los-angeles/food-delivery/panda-express-van-nuys-17276-saticoy-st/Zyw6m6NaQ2a06Ovd8g6xVQ,sylmar-california
https://www.ubereats.com/los-angeles/food-delivery/burrito-bomba/OcK0-zxlQuOzWmVMVURZzg,sylmar-california
https://www.ubereats.com/los-angeles/food-delivery/woah!-breakfast-quesarito!/Cdug0hMgR6Gre5R1tox2zQ,sylmar-california
https://www.ubereats.com/los-angeles/food-delivery/bodhi-leaf-coffee-traders-sierra-hwy/rR4OICaLS3G7LGOsqlRTmQ,sylmar-california
https://www.ubereats.com/los-angeles/food-delivery/odyssey/ukVbLUaZSEOUkjDy9ZKLBw,sylmar-california
https://www.ubereats.com/los-angeles/food-delivery/five-guys-ca-4001-8400-balboa/7ywsy_vxT0uZ-eFoQ2_j7A,sylmar-california
https://www.ubereats.com/los-angeles/food-delivery/jack-in-the-box-314-san-fernando-mission-blvd/SOcThorxR8q93VJlxCo8iw,sylmar-california
https://www.ubereats.com/los-angeles/food-delivery/del-taco-15353-chatsworth-st/tfbWQDMYSOyQLKAja7O5Bw,sylmar-california
https://www.ubereats.com/los-angeles/food-delivery/wienerschnitzel-9000-woodman-ave/A30ipkSBTcGPHU1pwm4O8A,sylmar-california
https://www.ubereats.com/los-angeles/food-delivery/el-7-mares-san-fernando/fqzLB56UTjejJFVoYzzhDw,sylmar-california
https://www.ubereats.com/los-angeles/food-delivery/daniels-tacos-8905-glenoaks-blvd/CB0okJJ2RIGvlJ6k_1leYw,sylmar-california
https://www.ubereats.com/los-angeles/food-delivery/the-knoll-bar-%26-grill/krNakRV6SAKBM8mLvBFMrg,sylmar-california
https://www.ubereats.com/los-angeles/food-delivery/tacosway-san-fernando/D3voO3ufTA60RdFpc-Tazg,sylmar-california
https://www.ubereats.com/los-angeles/food-delivery/panda-express-26913-sierra-hwy/BJ5efwKvQd6Po90OMHmHmQ,sylmar-california
https://www.ubereats.com/los-angeles/food-delivery/la-michoacana-vip/Zk5qHU6jR56WjbJOaExZgg,sylmar-california
https://www.ubereats.com/los-angeles/food-delivery/outback-steakhouse-18711devonshire-st/PfDGkCIjSdGm1Aap0DX9OA,sylmar-california
https://www.ubereats.com/los-angeles/food-delivery/pi-on-sunset/4-k8XUfxT3ib3mARkeB83w,sylmar-california
https://www.ubereats.com/los-angeles/food-delivery/popeyes-16159-parthenia-st/Rf4wi9UaTMSkTSLFsro_bw,sylmar-california
https://www.ubereats.com/los-angeles/food-delivery/popeyes-13746-van-nuys-blvd/GFOdkvHBS82vVCFjr8jZKg,sylmar-california
https://www.ubereats.com/los-angeles/food-delivery/cha-cha-8/dZyjLPwuRyqGSE8rOsglWg,sylmar-california
https://www.ubereats.com/los-angeles/food-delivery/carls-jr-7389/B60DOl6lSAiLvGguKXVbTA,sylmar-california
https://www.ubereats.com/los-angeles/food-delivery/boston-market-14480-sherman-way/QIcKC4nRSmu8AsQpSzbiBw,sylmar-california
https://www.ubereats.com/los-angeles/food-delivery/winchells-donut-house-14530-brand-blvd/u1SXFGPLTj2TByZaxoeI9g,sylmar-california
https://www.ubereats.com/los-angeles/food-delivery/mcdonalds-panorama-cty-van/eJhVhtJpTPmCetWkEPkj_w,sylmar-california
https://www.ubereats.com/los-angeles/food-delivery/h2o-sushi-%26-izakaya-northridge/-WzWJO_ATVy66ATbRStTsg,sylmar-california
https://www.ubereats.com/los-angeles/food-delivery/del-taco-13701-roscoe-blvd/HU_4Rv4OQnOsLYusvZe75Q,sylmar-california
https://www.ubereats.com/los-angeles/food-delivery/antojitos-nena/WcvzBjh4TC-YmuL8t9-hlg,sylmar-california
https://www.ubereats.com/los-angeles/food-delivery/r-coffee-house-inc/ZjAIFvy8Tk-wF-pQUdBaSA,sylmar-california
https://www.ubereats.com/los-angeles/food-delivery/carls-jr-23320-lyons-ave/ThgCU7ckQ2KMwgjLGL2j8w,sylmar-california
https://www.ubereats.com/los-angeles/food-delivery/tomo-sushi-japanese-fusion-cuisine/F9eLalJiQDOVMoycpXjzOg,sylmar-california
https://www.ubereats.com/los-angeles/food-delivery/ryans-bistro-and-boba-house/wc9rwnL9TlCZS7DD_J-boQ,sylmar-california
https://www.ubereats.com/los-angeles/food-delivery/starbucks-sepulveda-%26-nordhoff/E6sYVH8BTdquAkAAmRZnuA,sylmar-california
https://www.ubereats.com/los-angeles/food-delivery/stone-oven-gourmet-sandwiches-%26-salads-northridge/J6FUb6YPTt2NBUCMYsutHw,sylmar-california
https://www.ubereats.com/los-angeles/food-delivery/starbucks-truman-%26-maclay/sEDEDG38Th61-KVXSXcHog,sylmar-california
https://www.ubereats.com/los-angeles/food-delivery/umai-savory-hot-dogs/8DSLb5d6T12nqh7wPKQ3Sg,sylmar-california
https://www.ubereats.com/los-angeles/food-delivery/mcdonalds-12860-encinitas-ave/n0SKRMifSZ6VTCwQI_2WCQ,sylmar-california
https://www.ubereats.com/los-angeles/food-delivery/totos-african-cuisine-nigerian/YeX_W3BwS8a63M5ue49pOw,sylmar-california
https://www.ubereats.com/los-angeles/food-delivery/starbucks-devonshire-%26-balboa/yHiG36mUQiefS1DhTkkW2w,sylmar-california
https://www.ubereats.com/los-angeles/food-delivery/panda-express-granada-hills-18080-chatsworth-st/dyL6KacCRDaJxK6OgI9Ukg,sylmar-california
https://www.ubereats.com/los-angeles/food-delivery/latino-grill/bDeaFkDZSt27NDL9bysiew,sylmar-california
https://www.ubereats.com/los-angeles/food-delivery/starbucks-balboa-%26-knollwood/890GmsfhTHWx7JAdrcffgg,sylmar-california
https://www.ubereats.com/los-angeles/food-delivery/presto-pasta-granadahills/6sz7jILRSpWhlM5uIYX_SA,sylmar-california
https://www.ubereats.com/los-angeles/food-delivery/seoul-tofu-house-galleria-market/IMFByUu5Srm6BgBxUoOFgA,sylmar-california
https://www.ubereats.com/los-angeles/food-delivery/panda-express-15303-roscoe-blvd/ioGyJldgSYeusNRaH72o-A,sylmar-california
https://www.ubereats.com/los-angeles/food-delivery/el-indio-mexicano-restaurant/Wuc2OwakTx-SUaGJLagbAw,sylmar-california
https://www.ubereats.com/los-angeles/food-delivery/gen-korean-bbq-house-northridge/3S_8nc5hSKem4atnWYBoeg,sylmar-california
https://www.ubereats.com/los-angeles/food-delivery/original-tommys-hamburgers-north-hills/7QzTdZrpQEaS2Sd5pid1ow,sylmar-california
https://www.ubereats.com/los-angeles/food-delivery/village-tandoor/zemIp_X3S7uugHH-RSt_Jg,sylmar-california
https://www.ubereats.com/los-angeles/food-delivery/teriyaki-madness-13762-foothill-blvd/CxmJmtuQQd-72GBbrJTN5g,sylmar-california
https://www.ubereats.com/los-angeles/food-delivery/wendys-14645-roscoe-blvd/66rM5Lw6RmSlyvuxO-5mgw,sylmar-california
https://www.ubereats.com/los-angeles/food-delivery/subway-11878-balboa-blvd/wbCh6kEaST2O5bEqHN5n1g,sylmar-california
https://www.ubereats.com/los-angeles/food-delivery/enjoy-bowl-north-hills/bKujl-1nRiKC5bnCg8s01g,sylmar-california
https://www.ubereats.com/los-angeles/food-delivery/mcdonalds-26940-sierra-highway/b128isrSTPOSZCD6QDI5BQ,sylmar-california
https://www.ubereats.com/los-angeles/food-delivery/dennys-15540-roscoe-blvd/FI2ofSIFSKuSxdUho6qS3g,sylmar-california
https://www.ubereats.com/los-angeles/food-delivery/sweetsnow/JTwKXIUrRqagp32fGCKo3g,sylmar-california
https://www.ubereats.com/los-angeles/food-delivery/bad-ass-breakfast-burritos-northridge/ab2dmlruRbmQjFLgFOC9_g,sylmar-california
