url,city
https://www.ubereats.com/toledo/food-delivery/tgi-fridays-2704-toledo-oh/ttMX3abeQPKRBMmbHu8_Cg,sylvania-ohio
https://www.ubereats.com/toledo/food-delivery/bob-evans-540-1220-east-alexis-road/jkJBR7u3Tii5phUwXQQBgw,sylvania-ohio
https://www.ubereats.com/toledo/food-delivery/bambinos-pizza-inc/t4nQExevR2mJDJ3iTKbPgw,sylvania-ohio
https://www.ubereats.com/toledo/food-delivery/vitos-pizza-and-subs-7060-sylvania-ave/d4RJ1tNEQxyamw7Lr3H0Uw,sylvania-ohio
https://www.ubereats.com/toledo/food-delivery/kfc-7150-orchard-centre-drive/5Gk0kmmnQ7aPuYbhuxsTjA,sylvania-ohio
https://www.ubereats.com/toledo/food-delivery/firehouse-subs-monroe-%26-talmadge/N2v8uP-VQGiPO33OuYZvWw,sylvania-ohio
https://www.ubereats.com/toledo/food-delivery/el-camino-real-toledo/_KDKEwDBS4O-QPV4HWmipg,sylvania-ohio
https://www.ubereats.com/toledo/food-delivery/just-like-home/qhk8vWMzQdmN24rswRH_cQ,sylvania-ohio
https://www.ubereats.com/toledo/food-delivery/bambinos-pizza-%26-subs-eleanor-%26-lyman/TIm5TJt3SkiWUx_erNmWdQ,sylvania-ohio
https://www.ubereats.com/toledo/food-delivery/mcdonalds-sylvania-%26-lockwood/UBwNc_cWQTOKV82DxnkUIw,sylvania-ohio
https://www.ubereats.com/toledo/food-delivery/tim-hortons-5640-airport-hwy/zkejRjKGRY6VbZuhx8F7UQ,sylvania-ohio
https://www.ubereats.com/toledo/food-delivery/star-of-india/9Gdq9mCqRxKGwIybd-GpVg,sylvania-ohio
https://www.ubereats.com/toledo/food-delivery/latin-cravings-factory/NvMJyNThTuqOThxGmhg2PA,sylvania-ohio
https://www.ubereats.com/toledo/food-delivery/georgios-grill/dAIdVJ5ITPew-dj5mcQqVQ,sylvania-ohio
https://www.ubereats.com/toledo/food-delivery/crepe-delicious-franklin-park-mall/c-2Wt9-oQP2lKJz00wsWKw,sylvania-ohio
https://www.ubereats.com/toledo/food-delivery/yala-kol-sylvania/1n15-gS4QbmVl9IPDF3yJw,sylvania-ohio
https://www.ubereats.com/toledo/food-delivery/rallys-5855-west-central-avenue/sB-HKnGOR_6LiP15IcqxbA,sylvania-ohio
https://www.ubereats.com/toledo/food-delivery/cinco-de-mayo-amigo/WqhG8f6vTJiBF-Zs1XrO4w,sylvania-ohio
https://www.ubereats.com/toledo/food-delivery/kobe-bay/V7vGB-8-QF6hHGlrSJR-AA,sylvania-ohio
https://www.ubereats.com/toledo/food-delivery/mccords-coney-island/RgkrSxEvRDSvCMpe0K4utg,sylvania-ohio
https://www.ubereats.com/toledo/food-delivery/san-marcos-restaurant/SP3RSLD1TSyGULG53xtVuA,sylvania-ohio
https://www.ubereats.com/toledo/food-delivery/starbucks-westgate-village-central-%26-sec/_9spjn18SG2c7V8EbLsNaw,sylvania-ohio
https://www.ubereats.com/toledo/food-delivery/burger-king-5871-monroe-street/tQgdRcVPR4iUIQWLZ4gYvQ,sylvania-ohio
https://www.ubereats.com/toledo/food-delivery/ferdos-mediterranean/KNhGkP5zS5qBPO_CU93vMQ,sylvania-ohio
https://www.ubereats.com/toledo/food-delivery/vitos-pizza-and-subs-monroe/wVc53EbDQwSGWV1rGaaPWg,sylvania-ohio
https://www.ubereats.com/toledo/food-delivery/applebees-4702-monroe-street/UjCG3DSpTgGvB0U_HODBLA,sylvania-ohio
https://www.ubereats.com/toledo/food-delivery/tim-hortons-161-w-dussel-dr/Yq6aXZkxSJGQnLx8hIQjjw,sylvania-ohio
https://www.ubereats.com/toledo/food-delivery/macs-n-melts/7A6jBUKbQQWfLpP5n_Rekw,sylvania-ohio
https://www.ubereats.com/toledo/food-delivery/ihop-talmadge-%26-wenwood/rvBIU3nfRIqx7gPF7Dss8g,sylvania-ohio
https://www.ubereats.com/toledo/food-delivery/panda-express-7330-w-central-ave/Yb54QOqoT6GJHZDvApAgTg,sylvania-ohio
https://www.ubereats.com/toledo/food-delivery/arbys-611-e-manhattan/h5jGOjxxQoOH17TbO6H-hA,sylvania-ohio
https://www.ubereats.com/toledo/food-delivery/kfc-2902-monroe-street/Wb3DyRCMTyaul1zWv4Izxw,sylvania-ohio
https://www.ubereats.com/toledo/food-delivery/subway-6975-7007-west-central-ave/YTP7ikTNQCWa7Dtk6ZHAFg,sylvania-ohio
https://www.ubereats.com/toledo/food-delivery/sams-diner/gWJt0HJ5RPaW6Ccrujufsw,sylvania-ohio
https://www.ubereats.com/toledo/food-delivery/krispy-krunchy-chicken-9140-angola-road/-oNW_yS2TsSMScHf2S1JKw,sylvania-ohio
https://www.ubereats.com/toledo/food-delivery/vitos-pizza-and-subs-central-ave/2y0y5dQvRjO-VluTBiHRpg,sylvania-ohio
https://www.ubereats.com/toledo/food-delivery/hot-head-burritos-holland/1MIgGfSMTaG4-tHlpqIV5Q,sylvania-ohio
https://www.ubereats.com/toledo/food-delivery/rusty-taco-1470-ford-street/68o0ZYB5TiC5va0DpUC0Hg,sylvania-ohio
https://www.ubereats.com/toledo/food-delivery/tim-hortons-6815-central-ave/Rl3MHRhdRzi7ffi3n11ZNw,sylvania-ohio
https://www.ubereats.com/toledo/food-delivery/outback-steakhouse-5200-monroe-street/4rQT-DsnQDCYobB7IA3yzQ,sylvania-ohio
https://www.ubereats.com/toledo/food-delivery/dairy-queen-treat-5300-monroe-st/rVsComstRliwcrMrm6GTIg,sylvania-ohio
https://www.ubereats.com/toledo/food-delivery/the-original-ginos-pizza-alexis-rd/cFCR_QhnQV-Kx_kjZffDfA,sylvania-ohio
https://www.ubereats.com/toledo/food-delivery/arbys-7030-central-ave/KefCaD1jRzKy1shR1iqk6g,sylvania-ohio
https://www.ubereats.com/toledo/food-delivery/lazeez-mediterranean-cuisine-%26-deli/TpkfS69dR7Wwx1tDYXTOIg,sylvania-ohio
https://www.ubereats.com/toledo/food-delivery/bambinos-pizza-inc-monroe/8ST2hOZfSn6gbyCJF5qnVg,sylvania-ohio
https://www.ubereats.com/toledo/food-delivery/subway-3324-secor-rd/enJqL1ccTKC8_ZG9e5hAKg,sylvania-ohio
https://www.ubereats.com/toledo/food-delivery/stubborn-brother-pizza-bar/n3s4Si42T0KjF0NyAK_pKQ,sylvania-ohio
https://www.ubereats.com/toledo/food-delivery/mcdonalds-holland-sylvania-%26-central/1g6raKtpTFymxUSU7pM2mg,sylvania-ohio
https://www.ubereats.com/toledo/food-delivery/mcdonalds-7159-w-central-ave/6cQrfnkQTryPQDKPDLzWDA,sylvania-ohio
https://www.ubereats.com/toledo/food-delivery/arbys-1540-e-alexis-rd/V7Fs2rGWTFWGQzhmWBViXQ,sylvania-ohio
https://www.ubereats.com/toledo/food-delivery/schlotzskys-1419-reynolds-road/HH7M5vnzQ722dsk8MqhCWA,sylvania-ohio
https://www.ubereats.com/toledo/food-delivery/kfc-1830-w-laskey-road/3aEQdM2uSb6Q6gSb2fCH4g,sylvania-ohio
https://www.ubereats.com/toledo/food-delivery/cinco-de-mayo-amigos/2_JmyNEiQt2qRb2svmGPGg,sylvania-ohio
https://www.ubereats.com/toledo/food-delivery/taco-bell-1220-w-alexis-rd/xT8XRj32QPGaaDEHe8TEzA,sylvania-ohio
https://www.ubereats.com/toledo/food-delivery/zoup!-4204-w-sylvania-ave/WBJdnvQ9Qt-Y0Io60eQu7Q,sylvania-ohio
https://www.ubereats.com/toledo/food-delivery/subway-550-s-reynolds-rd/yAFSws7TSGWg8v2cp-xJOA,sylvania-ohio
https://www.ubereats.com/toledo/food-delivery/kfc-3730-secor-road/lUsdKh-DQPiWxzcCNmEBQA,sylvania-ohio
https://www.ubereats.com/toledo/food-delivery/deets-bbq/XNmd3107Qs2DyGGi5WddXA,sylvania-ohio
https://www.ubereats.com/toledo/food-delivery/cold-stone-creamery-4038-talmadge-rd/-Ai9m3HHTYOC9mmVVvS9Og,sylvania-ohio
https://www.ubereats.com/toledo/food-delivery/papa-johns-4024-n-holland-sylvania-rd-ste-1/EQiOfatPSpmbkLta_91WBw,sylvania-ohio
https://www.ubereats.com/toledo/food-delivery/mr-hero-2829-w-central-ave/8aE5CJs0S3ykKW_EHtyRIw,sylvania-ohio
https://www.ubereats.com/toledo/food-delivery/boston-market-6550-airport-hwy/C0LuXX7tS3Kr38IIelxT5g,sylvania-ohio
https://www.ubereats.com/toledo/food-delivery/magic-wok-laskey-rd/msEkHcWtSnOLhe8AsBk3ww,sylvania-ohio
https://www.ubereats.com/toledo/food-delivery/spicy-tuna/7x3DaLPXSEKWwiYYnt07bQ,sylvania-ohio
https://www.ubereats.com/toledo/food-delivery/vitos-pizza-open-until-4-am-reynolds-rd/MggojS4ARq-iRUjbgrPJhA,sylvania-ohio
https://www.ubereats.com/toledo/food-delivery/rallys-3509-airport-highway/8st97O8pQHCV15Pm1OgVSQ,sylvania-ohio
https://www.ubereats.com/toledo/food-delivery/jeds-bbq-%26-brew-holland-sylvania/h3Ahkkt1RcOA0logyWyKQw,sylvania-ohio
https://www.ubereats.com/toledo/food-delivery/toledo-mr-hero-monroe/zsCzJUwGQYS6W0KlyZ7sbA,sylvania-ohio
https://www.ubereats.com/toledo/food-delivery/panera-7115-west-central-avenue/47Ugnq4PRDenMF0Ee51MAg,sylvania-ohio
https://www.ubereats.com/toledo/food-delivery/el-vaquero-3302-secor/QX08W5eUQoePITCnj85S1Q,sylvania-ohio
https://www.ubereats.com/toledo/food-delivery/papa-johns-3137-w-alexis-road/9euRrit-Tm-U5LF4Et2rXA,sylvania-ohio
https://www.ubereats.com/toledo/food-delivery/sushiyoshi/umMDNrn1T6S1MDJKV4ZrPA,sylvania-ohio
https://www.ubereats.com/toledo/food-delivery/vitos-pizza-and-subs-4235-douglas-rd/pxvW0iEoQOSEapKsJ8WwKA,sylvania-ohio
https://www.ubereats.com/toledo/food-delivery/la-fiesta/jVBzcNOlSkSIAehD6JXdLQ,sylvania-ohio
https://www.ubereats.com/toledo/food-delivery/famous-daves-4757-monroe-street/ZXTOnx1LRsWKZ7Po0iUgqw,sylvania-ohio
https://www.ubereats.com/toledo/food-delivery/tropical-smoothie-cafe-w-central-ave/Fh9roS6-SlK8xx73Px1g2g,sylvania-ohio
https://www.ubereats.com/toledo/food-delivery/burger-king-4010-monroe-street/FA7SxLcDTNOo1zMdzpFUDg,sylvania-ohio
https://www.ubereats.com/toledo/food-delivery/arbys-4411-talmadge-rd/QqF15RisR6KeXMbRWiETHA,sylvania-ohio
https://www.ubereats.com/toledo/food-delivery/magic-wok-monroe-st/tfdHAc_BRtGZ_xENWdthxw,sylvania-ohio
https://www.ubereats.com/toledo/food-delivery/pasquallys-pizza-%26-wings-5077-monroe/2XvuxVm_RVG-N-m6hs9Tyw,sylvania-ohio
https://www.ubereats.com/toledo/food-delivery/taco-bell-2234-w-alexis-rd/cz0VK6MpSGewplsrpO5PEw,sylvania-ohio
https://www.ubereats.com/toledo/food-delivery/pitasub-express/SCWql6EUTq65qI0QdPb3uw,sylvania-ohio
https://www.ubereats.com/toledo/food-delivery/wendys-5166-airport-highway/kBcyP03hQz6WC4rbcmIkrg,sylvania-ohio
https://www.ubereats.com/toledo/food-delivery/starbucks-toledo-west-central-ave/Jyj8AvMKTHWBAkT-rFVqaQ,sylvania-ohio
https://www.ubereats.com/toledo/food-delivery/magic-wok-central-ave/n4I7ma9HSsGhFOfe5t0rHA,sylvania-ohio
https://www.ubereats.com/toledo/food-delivery/nar-mediterranean-grill/TngwbzWaQBuBuwhMrPN89g,sylvania-ohio
https://www.ubereats.com/toledo/food-delivery/royal-bbq-%26-pizza/btnUxtPJT06IHLR101ZsPw,sylvania-ohio
https://www.ubereats.com/toledo/food-delivery/big-slice-pizzeria/P42OVfEzQQyGTDbsslZkpw,sylvania-ohio
https://www.ubereats.com/toledo/food-delivery/moes-5299-monroe-street/7Lwhyn0bSxqKO3rF8WvqaQ,sylvania-ohio
https://www.ubereats.com/toledo/food-delivery/nestle-toll-house-cafe-by-chip-5001-monroe-st/fUYSazBxTQm-3MzM5sCjWA,sylvania-ohio
https://www.ubereats.com/toledo/food-delivery/subway-1726-laskey-rd/Ohw4CxjYTpigjulv3jLrfA,sylvania-ohio
https://www.ubereats.com/toledo/food-delivery/grape-leaf-diner/XXDHPllNSi-WgLvnT3ipbg,sylvania-ohio
https://www.ubereats.com/toledo/food-delivery/bob-evans-7-4805-monroe-street/YiQByLm-SOOUvL8RjXtT_Q,sylvania-ohio
https://www.ubereats.com/toledo/food-delivery/estons-bakery/GmwSJBfQQpu5d6TxuPjkgg,sylvania-ohio
https://www.ubereats.com/toledo/food-delivery/shawarmaholic/VIdOk0q_QzWvjKfg32IRUQ,sylvania-ohio
https://www.ubereats.com/toledo/food-delivery/rockets-cafe/lXnhPvntSwWcj6Vfd7svaw,sylvania-ohio
https://www.ubereats.com/toledo/food-delivery/mcdonalds-secor-%26-central/ajD_FKW-QByuFZiEKLsG7Q,sylvania-ohio
https://www.ubereats.com/toledo/food-delivery/mr-gyros-%26-more/yWG1mVF7R7mpAcxS0b5fHA,sylvania-ohio
https://www.ubereats.com/toledo/food-delivery/great-american-cookies-5001-monroe-st/dzEOOvwoRwaR6_JSVmjiXA,sylvania-ohio
https://www.ubereats.com/toledo/food-delivery/j-cups-pizza-6725-w-central/s87LSiQ4ScGhDT_QRmBbqA,sylvania-ohio
https://www.ubereats.com/toledo/food-delivery/soul-grubs-kitchen/XcuUdKr0SqWmwD3kbO_JSg,sylvania-ohio
https://www.ubereats.com/toledo/food-delivery/wendys-6525-airport-highway/q7gcQRceTGeo-8joJl8i-w,sylvania-ohio
https://www.ubereats.com/toledo/food-delivery/the-spaghetti-warehouse-toledo/5MryimD1QcCXVTHBzhKXlA,sylvania-ohio
https://www.ubereats.com/toledo/food-delivery/brownstone-tavern-and-restaurant/orvVp4UFSXKniUG600Z6cg,sylvania-ohio
https://www.ubereats.com/toledo/food-delivery/ye-olde-cock-n-bull-tavern/fROn-VgcQIy25zDwgih1_w,sylvania-ohio
https://www.ubereats.com/toledo/food-delivery/hooties-burger-bar-4782-monroe-st/aBsOCGalSbqAlyrZ5XRPWQ,sylvania-ohio
https://www.ubereats.com/toledo/food-delivery/balance-pan-asian-grille/WJvK73R-SteN0VR0hKgUhg,sylvania-ohio
https://www.ubereats.com/toledo/food-delivery/tropical-smoothie-cafe-monroe-street/qc88MgTiSEWEYISGzfy9oQ,sylvania-ohio
https://www.ubereats.com/toledo/food-delivery/bambinos-pizza-and-subs-main-%26-convent/w4eMV15gS7CjJLsmVJ22mg,sylvania-ohio
https://www.ubereats.com/toledo/food-delivery/johnsons-cafe/VW73GWaOTMinrWoYzjbP7Q,sylvania-ohio
https://www.ubereats.com/toledo/food-delivery/subway-7621-sylvania-ave/jVmIQ8JITNKOJ1e6_hYq_g,sylvania-ohio
https://www.ubereats.com/toledo/food-delivery/red-lobster-4990-monroe-st/q7eqn0h7Sjev5yZXpy98ww,sylvania-ohio
https://www.ubereats.com/toledo/food-delivery/white-tower-restaurant/Qeh0VZMJTm-v4jAudmbZwA,sylvania-ohio
https://www.ubereats.com/toledo/food-delivery/rallys-3033-cherry-street/Yrlb6QgCRNKG-zdMuqgeHw,sylvania-ohio
https://www.ubereats.com/toledo/food-delivery/mr-hero-central-ave/AOHgA0HnThytNLlr0dLQdg,sylvania-ohio
https://www.ubereats.com/toledo/food-delivery/taco-bell-1422-broadway/otS8sxV8SHqKbwZE3gj22Q,sylvania-ohio
https://www.ubereats.com/toledo/food-delivery/bob-evans-235-6215-west-central-avenue/OfBgZPoJRsumPfol30NCLg,sylvania-ohio
https://www.ubereats.com/toledo/food-delivery/boston-market-930-w-alexis-rd/HpD2mD8-Q2CbS1LNq9m-bw,sylvania-ohio
https://www.ubereats.com/toledo/food-delivery/hooters-4782-monroe-street/F6v7wY6uStOw2mOdW4TJBQ,sylvania-ohio
https://www.ubereats.com/toledo/food-delivery/bjs-restaurant-%26-brewhouse-4905-monroe-street/Fb-aAeNWRKyOFnZk7pwXkQ,sylvania-ohio
https://www.ubereats.com/toledo/food-delivery/cold-stone-creamery-479-w-dussel-dr/3uco0mnaSICumw4cZvMrGw,sylvania-ohio
https://www.ubereats.com/toledo/food-delivery/churchs-chicken-5-south-reynolds-road/0lRQsISyRy-qi9_Bs3snYg,sylvania-ohio
https://www.ubereats.com/toledo/food-delivery/chick-fil-a-6636-w-central-ave/XmmF6YLeTx61pZUg_SueFw,sylvania-ohio
https://www.ubereats.com/toledo/food-delivery/myway-bistro/Binkx_tzRFCtxY7Ws-r0yQ,sylvania-ohio
https://www.ubereats.com/toledo/food-delivery/home-slice-pizza/8x8VoVXgRFm42cNsRXiZuQ,sylvania-ohio
https://www.ubereats.com/toledo/food-delivery/shawarmaholic/ogKJrzHmQ4GAe7iVupCfAQ,sylvania-ohio
https://www.ubereats.com/toledo/food-delivery/subway-4608-talmadge-rd/-7dSr61YQPiJBBGwdlPPRA,sylvania-ohio
https://www.ubereats.com/toledo/food-delivery/jamba-juice-5001-monroe-st-space-9055/hLxv1hQpQY-8ypY6XMZIDg,sylvania-ohio
https://www.ubereats.com/toledo/food-delivery/adams-pizza-wings-and-more/qahARwWATpSTHh6v_Ck4gg,sylvania-ohio
https://www.ubereats.com/toledo/food-delivery/taco-bell-5323-monroe-street/aV8MZ_jmQbmjeobuwCbasw,sylvania-ohio
https://www.ubereats.com/toledo/food-delivery/taco-bell-5844-alexis-rd/8xfZNsFQQGGeFgqcXRy-qA,sylvania-ohio
https://www.ubereats.com/toledo/food-delivery/dunkin-5649-w-alexis-rd/FDVFXeOdRya3uV3h3qR_Qg,sylvania-ohio
https://www.ubereats.com/toledo/food-delivery/auntie-annes-at-westfield-franklin-park-5001-monroe-str-unit-9150/BsTDEQnBRoC_7Z_4RGVLSw,sylvania-ohio
https://www.ubereats.com/toledo/food-delivery/bob-evans-182-6435-centers-drive/EEcQyYiiRfydNpnK_P93XQ,sylvania-ohio
https://www.ubereats.com/toledo/food-delivery/deets-bbq/HniuAg9VRjqASfZI2ZSmGg,sylvania-ohio
https://www.ubereats.com/toledo/food-delivery/kfc-1010-conant-street/FgJhAZVCQr2glewMlJScPg,sylvania-ohio
https://www.ubereats.com/toledo/food-delivery/taco-bell-1525-e-alexis-rd/HsqZz8LwQfmwqKcl03HfIQ,sylvania-ohio
https://www.ubereats.com/toledo/food-delivery/taco-bell-7030-orchard-centre-dr/GXuS8g6mR1W-9DwRUdkmCg,sylvania-ohio
https://www.ubereats.com/toledo/food-delivery/bob-evans-367-6420-kit-lane/CT3GLeXVQNOJSTtBTr0aXg,sylvania-ohio
https://www.ubereats.com/toledo/food-delivery/chipotle-mexican-grill-3305-w-central-ave-unit-a2-60/xdXckBOgTNiTLx23n1iG7g,sylvania-ohio
https://www.ubereats.com/toledo/food-delivery/red-lobster-1422-reynolds-road/sOjzN4G6TGCWPS97csBZww,sylvania-ohio
https://www.ubereats.com/toledo/food-delivery/bombay-kitchen-419/6dz2y49MRQyAPTu62csl6w,sylvania-ohio
https://www.ubereats.com/toledo/food-delivery/taco-bell-3265-w-laskey-rd/7Sh-we24Q7CHlzcWvjb9UA,sylvania-ohio
https://www.ubereats.com/toledo/food-delivery/arbys-1455-secor-rd/J3YaJ0cyRy6x-gR3PAOaig,sylvania-ohio
https://www.ubereats.com/toledo/food-delivery/papa-johns-3137-w-alexis-rd/QumfQqLASwGw3GGr_qBXeQ,sylvania-ohio
https://www.ubereats.com/toledo/food-delivery/fishermen/VWPvxwcER8aWPEnENFrWWg,sylvania-ohio
https://www.ubereats.com/toledo/food-delivery/star-diner/2lEAOkn7SC-YJAEDBSiNFg,sylvania-ohio
https://www.ubereats.com/toledo/food-delivery/krispy-kreme-3145-secor-road/EAYS59xhRYqEG45TC2kK2A,sylvania-ohio
https://www.ubereats.com/toledo/food-delivery/deets-bbq/w5PikGHFTKClVcXmHLCJOg,sylvania-ohio
https://www.ubereats.com/toledo/food-delivery/bar-145-5305-monroe/On28_JtdQjSszYbw8wqwCQ,sylvania-ohio
https://www.ubereats.com/toledo/food-delivery/mcdonalds-monroe-%26-talmagde/ufW1Gm6UTiCtIn40qgatcQ,sylvania-ohio
https://www.ubereats.com/toledo/food-delivery/arbys-6723-airport-hwy/14aaFS0RQcKbQrav-_c2wg,sylvania-ohio
https://www.ubereats.com/toledo/food-delivery/mcdonalds-5810-w-alexis-rd/WbCxJadBRsmZp8E1Iz1sDw,sylvania-ohio
https://www.ubereats.com/toledo/food-delivery/chosica-restaurant/x2sX_pVNR8G2UU5_eDG0WQ,sylvania-ohio
https://www.ubereats.com/toledo/food-delivery/taco-bell-708-front-st/BeJD1wejSMq4H_Uaya4mFQ,sylvania-ohio
https://www.ubereats.com/toledo/food-delivery/jamaican-spice/4TOV4p_IQrKJUYp9flS1WQ,sylvania-ohio
https://www.ubereats.com/toledo/food-delivery/kfc-6790-w-central-avenue/ByMhgW-rSO-qhk0qdMxbsw,sylvania-ohio
https://www.ubereats.com/toledo/food-delivery/vitos-pizza-and-subs-detroit-ave/XgCYQbQdTvSbkQEltW1LMA,sylvania-ohio
https://www.ubereats.com/toledo/food-delivery/jeds-sylvania-%26-king/Rl2VRssLQjuCYSEgYlMuqw,sylvania-ohio
https://www.ubereats.com/toledo/food-delivery/first-watch-secor-road/6uxD43fMRBij_k2qIQGRQA,sylvania-ohio
https://www.ubereats.com/toledo/food-delivery/zoup!-eatery-310-west-dussel-drive/kRFeY2K7TFGBnnD0PTv33g,sylvania-ohio
https://www.ubereats.com/toledo/food-delivery/mancys-bluewater-grille/IFQZmST-Qo-cAusHUA21uw,sylvania-ohio
https://www.ubereats.com/toledo/food-delivery/papa-johns-holland-sylvania-rd/sz-AF_EJScCeE3IsL_ieUg,sylvania-ohio
https://www.ubereats.com/toledo/food-delivery/bob-evans-8-2433-south-reynolds-rd/RbTOwVV4Q9mVe_n6kdvtAA,sylvania-ohio
https://www.ubereats.com/toledo/food-delivery/little-asia-toledo/16lK6dOTShKp54-wIJF5cA,sylvania-ohio
https://www.ubereats.com/toledo/food-delivery/taco-bell-3302-west-central/KBMRawx6RrCA3zdseeafaw,sylvania-ohio
https://www.ubereats.com/toledo/food-delivery/burger-king-7447-west-central-avenue/BvSlOt9wSZGjJ0GFgNX_Mw,sylvania-ohio
https://www.ubereats.com/toledo/food-delivery/chipotle-mexican-grill-4109-talmadge-rd/L2voeANTQbqBjFRhDS-YIw,sylvania-ohio
https://www.ubereats.com/toledo/food-delivery/taco-bell-1317-north-reynolds-road/B2rfCa4UTW2Yaej2CrM91g,sylvania-ohio
https://www.ubereats.com/toledo/food-delivery/subway-5141-s-main-st/1P9DEnEPTeS1rBmw1dNWUA,sylvania-ohio
https://www.ubereats.com/toledo/food-delivery/applebees-266-east-alexis-road/gT5ZD2IgSp-zyPzlhCPZmw,sylvania-ohio
https://www.ubereats.com/toledo/food-delivery/tiger-bakery-and-deli/uRwxudBzRQOPN6zfctoINA,sylvania-ohio
https://www.ubereats.com/toledo/food-delivery/wendys-1859-laskey-road/oRu18H-DQPWN28dwUG2dyA,sylvania-ohio
https://www.ubereats.com/toledo/food-delivery/vitos-pizza-and-subs-heatherdowns/hLmE7jqPQuaSPzdW7fnPvw,sylvania-ohio
https://www.ubereats.com/toledo/food-delivery/chuck-e-cheese-5077-monroe/BwozZ5ehSOqtmBH-Y5gdlg,sylvania-ohio
https://www.ubereats.com/toledo/food-delivery/steak-n-shake-2141-s-reynolds-rd/-6FlUsSzT8iBLgXMmNRg-g,sylvania-ohio
https://www.ubereats.com/toledo/food-delivery/tekela/8r_7OXryQGmkxd26ZHG15g,sylvania-ohio
https://www.ubereats.com/toledo/food-delivery/black-rock-bar-%26-grill/G-OLFUHZS0mZxjR8mxgXiw,sylvania-ohio
https://www.ubereats.com/toledo/food-delivery/jamba-juice-3305-west-central-ave-unit-a2-35/zhaktiDkQNekICXQcgBEXA,sylvania-ohio
https://www.ubereats.com/toledo/food-delivery/taco-bell-7246-west-central-ave/jAXoZJdKQWmrm3PoryX8_Q,sylvania-ohio
https://www.ubereats.com/toledo/food-delivery/outback-steakhouse-401-west-dussel-road/PhXiSXydRxaIYC6_DrSKCg,sylvania-ohio
https://www.ubereats.com/toledo/food-delivery/wendys-7351-w-central/KI9hjxJuRYiwij_PBQKYHg,sylvania-ohio
https://www.ubereats.com/toledo/food-delivery/fuzzys-taco-shop/KYuZ32beR-iK0Txz0U-_dQ,sylvania-ohio
https://www.ubereats.com/toledo/food-delivery/dennys-6920-w-central-ave/ejelKpbOTU2hJJruf2Gsqw,sylvania-ohio
https://www.ubereats.com/toledo/food-delivery/rudys-hot-dog/xLdcQePAQYelcvvOyS3Wdg,sylvania-ohio
https://www.ubereats.com/toledo/food-delivery/chipotle-mexican-grill-7229-w-central-ave/h4ocBkihSFy0BoQvOYhCmw,sylvania-ohio
https://www.ubereats.com/toledo/food-delivery/tiger-bakery-and-deli-central-ave/0aZ3UCYDSPy_zFbc-Av2GQ,sylvania-ohio
https://www.ubereats.com/toledo/food-delivery/wendys-5560-w-central-avenue/3LQZNQOkSRmy4a7wvHfSUA,sylvania-ohio
https://www.ubereats.com/toledo/food-delivery/golden-corral-5730-opportunity-drive/bRJDfYWKSQ25UcYI1b8QZw,sylvania-ohio
https://www.ubereats.com/toledo/food-delivery/wendys-5802-monroe-street/1eJXVjBXSl2M8piyvigtzA,sylvania-ohio
https://www.ubereats.com/toledo/food-delivery/akasan-japanese-street-eats-toledo/rLj5l0FyS3eWSTBW5zj6Hw,sylvania-ohio
https://www.ubereats.com/toledo/food-delivery/rallys-1647-laskey-road/33gfohsPTLCy5Tti9QMEvA,sylvania-ohio
https://www.ubereats.com/toledo/food-delivery/wendys-4277-monroe-street/-10uc6kwQTm_6FBhBDdmEw,sylvania-ohio
https://www.ubereats.com/toledo/food-delivery/jersey-mikes-subs-3444-secor-road/5hs47HmMSnSeTGx6NxL--w,sylvania-ohio
https://www.ubereats.com/toledo/food-delivery/palacio-maya/rFW3TrjJTG-HXdc-fJRWCg,sylvania-ohio
https://www.ubereats.com/toledo/food-delivery/ameera-mediterranean-bistro/Diyi3LCZSeCEaLugJj2p8Q,sylvania-ohio
https://www.ubereats.com/toledo/food-delivery/comboz/pCGKEHe0RPGLz6T18OCdPQ,sylvania-ohio
https://www.ubereats.com/toledo/food-delivery/star-dineralexis-rd/uLzwEGJaRKOn0WJEoOVy4Q,sylvania-ohio
https://www.ubereats.com/toledo/food-delivery/don-juan-mexican-bar-%26-grill-franklin-park-mall/ljaaLwBIQWO4UTTBlDUAxA,sylvania-ohio
https://www.ubereats.com/toledo/food-delivery/hot-head-burritos-sylvania/bm7FCRtXQdeEf-D5LH7mig,sylvania-ohio
https://www.ubereats.com/toledo/food-delivery/tim-hortons-5800-west-alexis/n0j1vhWgRz-9-S8Y11nVtw,sylvania-ohio
https://www.ubereats.com/toledo/food-delivery/sahara-restaurant/SEka2abaQXKW63oIqXHLdw,sylvania-ohio
https://www.ubereats.com/toledo/food-delivery/cafe-donuts/nZKmwt37RfGLKRBgnHT_fw,sylvania-ohio
https://www.ubereats.com/toledo/food-delivery/the-house-of-omelets-american-diner/5JZ40ygvTBCJvaj_AkocTw,sylvania-ohio
https://www.ubereats.com/toledo/food-delivery/starbucks-talmadge-%26-monroe/MpPnOiLXR32NK5bwbDB8sA,sylvania-ohio
https://www.ubereats.com/toledo/food-delivery/tim-hortons-4735-monroe-st/WNTijiRyQteDBuTCoWOv_g,sylvania-ohio
https://www.ubereats.com/toledo/food-delivery/dennys-1122-buck-road/JCRLJm8sRlyV0gCpq6mplw,sylvania-ohio
https://www.ubereats.com/toledo/food-delivery/jo-jos-famous-chili-dog-butter-burger-%26-wings/xupRQM4WTXKCSx9xYXBWLw,sylvania-ohio
https://www.ubereats.com/toledo/food-delivery/tim-hortons-1345-north-reynolds-rd/I3-QJ9TMRz-kftgjvcUd3Q,sylvania-ohio
https://www.ubereats.com/toledo/food-delivery/burger-king-4870-monroe-street/yySgGAVjQoSOHuMrJ0MlVA,sylvania-ohio
https://www.ubereats.com/toledo/food-delivery/the-original-ginos-nantuckett/r3Pq6qn2T9-_DBl8BLqf7A,sylvania-ohio
https://www.ubereats.com/toledo/food-delivery/blaze-pizza-3332-w-central-ave/MQ28lPExTX2dSswskiA5aA,sylvania-ohio
https://www.ubereats.com/toledo/food-delivery/rallys-1035-west-bancroft-street/lTwfBNEEQxG5wdYcKJRFcQ,sylvania-ohio
https://www.ubereats.com/toledo/food-delivery/mcdonalds-reynolds-%26-hill/suR_BBd6SjqJlbx5ITnMZQ,sylvania-ohio
https://www.ubereats.com/toledo/food-delivery/spring-buffet/IPi1vraVRySTJgNpatQivw,sylvania-ohio
https://www.ubereats.com/toledo/food-delivery/chipotle-mexican-grill-6658-airport-hwy-ste-c/rYbMJuLeRQaJaDWhjZWyQw,sylvania-ohio
https://www.ubereats.com/toledo/food-delivery/carrabbas-3405-briarsfield-blvd/I7sfJUaNT_2RLrBAsMMntQ,sylvania-ohio
https://www.ubereats.com/toledo/food-delivery/fusian-toledo/OG8gXV3EQeeQlqakgMGkdg,sylvania-ohio
https://www.ubereats.com/toledo/food-delivery/dunkin-donuts/YxDMkWTDT7Wss6MvVtm2dw,sylvania-ohio
https://www.ubereats.com/toledo/food-delivery/star-diner/2uSBePZsQIit7z56SjuETg,sylvania-ohio
