url,city
https://www.ubereats.com/nyc-suburbs/food-delivery/p%26e-market/DzFzBxarTWKP1d7AX-FzOg,syosset-new-york
https://www.ubereats.com/nyc-suburbs/food-delivery/kfc-huntington/YizRlglFQHCQfbuFuFaxTA,syosset-new-york
https://www.ubereats.com/nyc-suburbs/food-delivery/sobol-melville/dv01dQCUS42dtEyLnHeIjw,syosset-new-york
https://www.ubereats.com/nyc-suburbs/food-delivery/moes-90-northern-boulevard/S027q_h3R8qDysrL3VcHmg,syosset-new-york
https://www.ubereats.com/nyc-suburbs/food-delivery/sobol-oyster-bay/OBq4Or24QA-SYqTdQYP4jA,syosset-new-york
https://www.ubereats.com/nyc-suburbs/food-delivery/heirloom-tavern/984eQ6uSS3eHg6MeRnndsA,syosset-new-york
https://www.ubereats.com/nyc-suburbs/food-delivery/paradise-caribbean-restaurant-west-babylon/sG8IA5jSSxaCTrCM1iCE5A,syosset-new-york
https://www.ubereats.com/nyc-suburbs/food-delivery/blue-line-deli-%26-bagels/uLrWqjkcT3SvZlDwxv9fYg,syosset-new-york
https://www.ubereats.com/nyc-suburbs/food-delivery/almarco-italian-grill/QrttlwP-Qy6FAtB-hdUgbw,syosset-new-york
https://www.ubereats.com/nyc-suburbs/food-delivery/umami-japan/ogxzNNzZSs6169Za-kmL2A,syosset-new-york
https://www.ubereats.com/nyc-suburbs/food-delivery/hibachi-and-noodle-japan/M81L99L8Rv2_DJHrPXQvow,syosset-new-york
https://www.ubereats.com/nyc-suburbs/food-delivery/salvatore-italian-bites/Q8Pxdm5CTNO8wesgCIjMLA,syosset-new-york
https://www.ubereats.com/nyc-suburbs/food-delivery/mcdonalds-jericho-jericho-tpke/FM2fW3FITyG8JT1yUGUYkQ,syosset-new-york
https://www.ubereats.com/nyc-suburbs/food-delivery/dunkin-432-jerusalem-ave/zMjXffkXSVWOtYRRVhZXow,syosset-new-york
https://www.ubereats.com/nyc-suburbs/food-delivery/mongos-coffee-roastery-%26-lounge/POJhX0VLRIWzl3hJyADtFQ,syosset-new-york
https://www.ubereats.com/nyc-suburbs/food-delivery/shake-shack-849-walt-whitman-rd/ign4CRZeSOOynkDYDl4stg,syosset-new-york
https://www.ubereats.com/nyc-suburbs/food-delivery/umbertos-pizzeria-and-restaurant/FjzHuG0KQdyJ6DNK1u27Pg,syosset-new-york
https://www.ubereats.com/nyc-suburbs/food-delivery/la-famiglia-plainview/cnuV8Dd_Q42G5Qa7JrQ8VA,syosset-new-york
https://www.ubereats.com/nyc-suburbs/food-delivery/lourdes-mexican-grill/WaV9jkgdTtqeEEKodwinPA,syosset-new-york
https://www.ubereats.com/nyc-suburbs/food-delivery/casa-di-fratelli/c40LyebKRjudFrkz43Juhw,syosset-new-york
https://www.ubereats.com/nyc-suburbs/food-delivery/ciros-pizza/EjG-EJ1EQP-j9BgccV1cCw,syosset-new-york
https://www.ubereats.com/nyc-suburbs/food-delivery/panera-407-jericho-turnpike/AWMolSj7SBGUSfXn_5PhQQ,syosset-new-york
https://www.ubereats.com/nyc-suburbs/food-delivery/hatch/9BZNPTbQRx6cct5bnCpJ5g,syosset-new-york
https://www.ubereats.com/nyc-suburbs/food-delivery/a%26s-fine-foods/8FjNDyasSiuc2TKDHVMZLA,syosset-new-york
https://www.ubereats.com/nyc-suburbs/food-delivery/akra-haitian-deli/8MbmIDVPT4mhiTrbIaSyww,syosset-new-york
https://www.ubereats.com/nyc-suburbs/food-delivery/buteras/StIKQfB-Q_WQ0yfAQOcXIw,syosset-new-york
https://www.ubereats.com/nyc-suburbs/food-delivery/sabor-a-colombia/S2-RYZlmSoO4Y6cJS_wCLw,syosset-new-york
https://www.ubereats.com/nyc-suburbs/food-delivery/dhoom/mMqvJAv4SeKmNh2j07axjg,syosset-new-york
https://www.ubereats.com/nyc-suburbs/food-delivery/fuel-your-body-cafe/ldFIueWWSqOuTUF0KqBNOg,syosset-new-york
https://www.ubereats.com/nyc-suburbs/food-delivery/mama-theresas-pizzeria-%26-restaurant/dl2vfGwZQ1mFBkoRMIenSg,syosset-new-york
https://www.ubereats.com/nyc-suburbs/food-delivery/el-chipotle-tex-mex-grill/RwD1OqBgRiWNDsE-zkev3Q,syosset-new-york
https://www.ubereats.com/nyc-suburbs/food-delivery/anthonys-coal-fired-pizza-woodbury/FYd9bhY1TSqtM8ty5g2qMg,syosset-new-york
https://www.ubereats.com/nyc-suburbs/food-delivery/checkers-2430-hempstead-turnpike/wKQwFgr8T0if3HbULV6-yQ,syosset-new-york
https://www.ubereats.com/nyc-suburbs/food-delivery/saravanaa-bhavan/gIkAjODGRsWUQnfQO2PHCA,syosset-new-york
https://www.ubereats.com/nyc-suburbs/food-delivery/la-finca-restaurant/EUhIaR80QB6520qkiWVi4g,syosset-new-york
https://www.ubereats.com/nyc-suburbs/food-delivery/master-chef/Ix56H2Y8Q9We6FISm5cVcA,syosset-new-york
https://www.ubereats.com/nyc-suburbs/food-delivery/mcdonalds-hicksville-route-107/MCA5sgJkQZORC_-Il6kpxg,syosset-new-york
https://www.ubereats.com/nyc-suburbs/food-delivery/singas-pizza/CxNVxp6zTFmJWiMBBKor3A,syosset-new-york
https://www.ubereats.com/nyc-suburbs/food-delivery/coach-grill-%26-tavern/eKvGqup-RLm_6we6HrI9QQ,syosset-new-york
https://www.ubereats.com/nyc-suburbs/food-delivery/ruby-sushi/kMELiUCoT3mnRiSU_j7-Ig,syosset-new-york
https://www.ubereats.com/nyc-suburbs/food-delivery/chipotle-mexican-grill-420-jericho-tpke/RNx0BfiyQG6JPFZyn-qhjA,syosset-new-york
https://www.ubereats.com/nyc-suburbs/food-delivery/ihop-259b-old-walt-whitman-rd/2dBf4tHnT5en4A_Cu6S8qQ,syosset-new-york
https://www.ubereats.com/nyc-suburbs/food-delivery/the-greek-grill/MFDKBUfFQA-tq6Hz6Ne-TQ,syosset-new-york
https://www.ubereats.com/nyc-suburbs/food-delivery/kumo-sushi-japanese-restaurant/SlFEEmwkQMWfrJ_i46CcrQ,syosset-new-york
https://www.ubereats.com/nyc-suburbs/food-delivery/burger-king-501-old-country-road/_J8elb0xT2ykSFBhhbhyXw,syosset-new-york
https://www.ubereats.com/nyc-suburbs/food-delivery/bounce!-bites/u2BMm148TQyFYwaZtzXGfg,syosset-new-york
https://www.ubereats.com/nyc-suburbs/food-delivery/dunkin-1068-old-country-rd/Lk89gIG3SlerrWTKGn3FRA,syosset-new-york
https://www.ubereats.com/nyc-suburbs/food-delivery/celebrity-diner/ZhNBtD15RV6c7zA60hzaIA,syosset-new-york
https://www.ubereats.com/nyc-suburbs/food-delivery/teinei-ya-ramen-jericho/Vt_yH8ruRCe0NLK47jQkcQ,syosset-new-york
https://www.ubereats.com/nyc-suburbs/food-delivery/smallcakes-syosset/tWG2QgVZRDuJ2V6SSWiPKg,syosset-new-york
https://www.ubereats.com/nyc-suburbs/food-delivery/juniors-pizza/90EdMwQDT62515LFe6CxdA,syosset-new-york
https://www.ubereats.com/nyc-suburbs/food-delivery/dosa-world-hicksville/piC2MM2bSnGCi9YAjnrbcA,syosset-new-york
https://www.ubereats.com/nyc-suburbs/food-delivery/mays-gourmet-cafe/kz3moqnvQ8SaJb2Iik5Rhg,syosset-new-york
https://www.ubereats.com/nyc-suburbs/food-delivery/ralphs-famous-italian-ices-melville/_Ai1G31fQRShu6B-LESdWQ,syosset-new-york
https://www.ubereats.com/nyc-suburbs/food-delivery/110-bagel-market-%26-bistro/NAVGXvuDQ0aI4Hd_JUYYlA,syosset-new-york
https://www.ubereats.com/nyc-suburbs/food-delivery/pollo-campero-hungtington-station-new-york-ave/O0OwQxfST463riUGBnrfEw,syosset-new-york
https://www.ubereats.com/nyc-suburbs/food-delivery/taco-bell-1898-new-york-avenue/K2P5gfMVTNuXG2c6vYT-1w,syosset-new-york
https://www.ubereats.com/nyc-suburbs/food-delivery/bbq-nite-hicksville/PGktNta8QxOL6GPoD2MJRg,syosset-new-york
https://www.ubereats.com/nyc-suburbs/food-delivery/taco-bell-glen-cove/bXIreq9nSbq2aLnlf3oJwg,syosset-new-york
https://www.ubereats.com/nyc-suburbs/food-delivery/king-ginos-pizza/9nJO7gMySL-9Bw4ShMPaUQ,syosset-new-york
https://www.ubereats.com/nyc-suburbs/food-delivery/la-candela/FhVmqeUgQTGknMXLaZrYwA,syosset-new-york
https://www.ubereats.com/nyc-suburbs/food-delivery/bengali-sweet-shop/hE0Prrg6SB6KJE4mqDQP6g,syosset-new-york
https://www.ubereats.com/nyc-suburbs/food-delivery/new-wave-burrito-bar/j9Lm_NXJSWWrSSTrxxx4Yw,syosset-new-york
https://www.ubereats.com/nyc-suburbs/food-delivery/zou-ji-northeast-china-cuisine/Hl8PVxyIRiyRIc-IYxCHBQ,syosset-new-york
https://www.ubereats.com/nyc-suburbs/food-delivery/ralphs-italian-ices-of-syosset/26kg2ssPSeigTeW9j2P5tA,syosset-new-york
https://www.ubereats.com/nyc-suburbs/food-delivery/starbucks-plainview-centre/iNHrb6xuTMu5HQdE8pi8PQ,syosset-new-york
https://www.ubereats.com/nyc-suburbs/food-delivery/vauxhall-burger-bar/zlqfoquiQ32xgUFD6qwWKw,syosset-new-york
https://www.ubereats.com/nyc-suburbs/food-delivery/flux-coffee/YdEPo4k-SwSQuSiTKnzpdQ,syosset-new-york
https://www.ubereats.com/nyc-suburbs/food-delivery/punta-cana-dominican-grill-huntington/NfzDpYVyStuEPF517Pm8nw,syosset-new-york
https://www.ubereats.com/nyc-suburbs/food-delivery/rangsit-11-thai-kitchen/l6BdBqXvSZuc5kYMnrMPsQ,syosset-new-york
https://www.ubereats.com/nyc-suburbs/food-delivery/lisbon-cafe/e6v-2WZmTf6N8P3XCbuZmA,syosset-new-york
https://www.ubereats.com/nyc-suburbs/food-delivery/kabul-grill/LCRgOjOgQF2hzz7wr-HGbQ,syosset-new-york
https://www.ubereats.com/nyc-suburbs/food-delivery/choppers-burger-bar/Yc6TpkddSM-rV0hJAtIRwg,syosset-new-york
https://www.ubereats.com/nyc-suburbs/food-delivery/tropical-smoothie-cafe-village-square/v4gMXvdGRISCpZiiquxjzA,syosset-new-york
https://www.ubereats.com/nyc-suburbs/food-delivery/vitos-ristorante-%26-pizzeria-ordemark/DLBs3WrLQYOcOI6a9OIqpA,syosset-new-york
https://www.ubereats.com/nyc-suburbs/food-delivery/golden-temple/vI7EesjrQzKerY7BRM7Gtg,syosset-new-york
https://www.ubereats.com/nyc-suburbs/food-delivery/the-patty-wagon/q2YCGxScSVyMVAMlOUv0Zg,syosset-new-york
https://www.ubereats.com/nyc-suburbs/food-delivery/mother-kellys-syosset/RG7ws-9SSqarXWGZVr_jrg,syosset-new-york
https://www.ubereats.com/nyc-suburbs/food-delivery/margaritas-cafe-hicksville/CyUtyRdjSWCf6yVm0m4gHQ,syosset-new-york
https://www.ubereats.com/nyc-suburbs/food-delivery/gustoso-pizzeria/Um8p5HrGROyfXCTtVlGLIQ,syosset-new-york
https://www.ubereats.com/nyc-suburbs/food-delivery/ralphs-italian-ices-plainview/TFdq2ZpnQOeUpIZ8-4I_cg,syosset-new-york
https://www.ubereats.com/nyc-suburbs/food-delivery/toms-2-kitchen/ufhoOjscQEGPwSdCgkb3_g,syosset-new-york
https://www.ubereats.com/nyc-suburbs/food-delivery/asia-grill/M05OOMxGRNuEvu2GKXBsyg,syosset-new-york
https://www.ubereats.com/nyc-suburbs/food-delivery/ravagh-persian-grill-suffolk/qyKiyurzTHygpZGDMFzEWQ,syosset-new-york
https://www.ubereats.com/nyc-suburbs/food-delivery/bistro-cassis/s2iRrYVzQxumZbvRzIq2bg,syosset-new-york
https://www.ubereats.com/nyc-suburbs/food-delivery/lemonshark-poke/kHTyPoj_R9Kif-3867lF6A,syosset-new-york
https://www.ubereats.com/nyc-suburbs/food-delivery/popeyes-huntington/r5riyx0GTzCAsMr_UpY3cg,syosset-new-york
https://www.ubereats.com/nyc-suburbs/food-delivery/dunkin-587-old-country-rd/vGL4KWpATe2f9dQuzHeicw,syosset-new-york
https://www.ubereats.com/nyc-suburbs/food-delivery/el-sueno-mexican-grill/IATz1mQsQh6xkHzprzXh9g,syosset-new-york
https://www.ubereats.com/nyc-suburbs/food-delivery/la-hacienda-huntington-station-ny/0OsfeP_MSSOHGYvnuivsow,syosset-new-york
https://www.ubereats.com/nyc-suburbs/food-delivery/popeis-bethpage/2r7PQjobTey7fimg7ut8ow,syosset-new-york
https://www.ubereats.com/nyc-suburbs/food-delivery/ming-start/WKs_f3UxSDev3erPGiAkVQ,syosset-new-york
https://www.ubereats.com/nyc-suburbs/food-delivery/lotus-asian-fusion/Yq0wDO_ASj-lVMyXIhyoWg,syosset-new-york
https://www.ubereats.com/nyc-suburbs/food-delivery/burger-king-4201-hempstead-turnpike/nwogdWuARH2TmHxWnsWzHA,syosset-new-york
https://www.ubereats.com/nyc-suburbs/food-delivery/yeas-kitchen/cLErE4heTLGI8_592QZV2w,syosset-new-york
https://www.ubereats.com/nyc-suburbs/food-delivery/gem-stone/fb6FQo45Qb20kLYv_hoQQA,syosset-new-york
https://www.ubereats.com/nyc-suburbs/food-delivery/red-lobster-1-nevada-street/4if42XTCQnyl1J0sjHmpOA,syosset-new-york
https://www.ubereats.com/nyc-suburbs/food-delivery/frantonis-pizzeria-%26-ristorante-woodbury/I7kZVPo3S06-1wSpW5g8-Q,syosset-new-york
https://www.ubereats.com/nyc-suburbs/food-delivery/gallifood/4AcymWhQTu2Wk2NruIBcoQ,syosset-new-york
https://www.ubereats.com/nyc-suburbs/food-delivery/ginos-pizza-syosset/Rl-FikjTRaqJ1VRTI6JVWQ,syosset-new-york
https://www.ubereats.com/nyc-suburbs/food-delivery/the-modern-improvement-club/maygqZAOSy6tKFqsYC7qvQ,syosset-new-york
https://www.ubereats.com/nyc-suburbs/food-delivery/iavarone-cafe-italian-kitchen-and-pizzeria/Ks8_UQekRQ6O0LB_p7vhMg,syosset-new-york
https://www.ubereats.com/nyc-suburbs/food-delivery/spice-diner/7pXDU1suSlCJ5Nk2pB6NJQ,syosset-new-york
https://www.ubereats.com/nyc-suburbs/food-delivery/blue-angel-diner/nKnDSI3tT7ypODolXv5usw,syosset-new-york
https://www.ubereats.com/nyc-suburbs/food-delivery/main-bakhtar-halal-kabab/fbQOVx8URcOr3ryEeMvTxQ,syosset-new-york
https://www.ubereats.com/nyc-suburbs/food-delivery/kiran-palace/IXpPef5XRXSECAlkIhkpMw,syosset-new-york
https://www.ubereats.com/nyc-suburbs/food-delivery/wendys-60-north-broadway/1IFBLS-YQWqTsgRcMCQbow,syosset-new-york
https://www.ubereats.com/nyc-suburbs/food-delivery/blackstone-steakhouse/JDm0vACAQ_Wpkv-9crNAxQ,syosset-new-york
https://www.ubereats.com/nyc-suburbs/food-delivery/new-country-deli-aka-jagermeister-deli/_rjZgKmjTvC6e1cN39_w2A,syosset-new-york
https://www.ubereats.com/nyc-suburbs/food-delivery/la-piazza-cucina-italiana-%26-wine-bar/9eRFg9I7Qj643i4uhVOsVA,syosset-new-york
https://www.ubereats.com/nyc-suburbs/food-delivery/subway-131-north-broadway/ObB86AHZSMizVCVazYFIjg,syosset-new-york
https://www.ubereats.com/nyc-suburbs/food-delivery/california-pizza-kitchen-160-walt-whitman-rd/ORTO9aJWTMqeWuqa6nXNfA,syosset-new-york
https://www.ubereats.com/nyc-suburbs/food-delivery/stueys-smokehouse-bbq/Ul6rXO1aSPibj0Lnj7aFew,syosset-new-york
https://www.ubereats.com/nyc-suburbs/food-delivery/sajoma-grocery-ra/9FkKrBuaSC-buOWvOVAbig,syosset-new-york
https://www.ubereats.com/nyc-suburbs/food-delivery/way-of-life-healthy-cafe/-qdWpoOjQ3-XTzIUdJuthg,syosset-new-york
https://www.ubereats.com/nyc-suburbs/food-delivery/pf-changs-160-walt-whitman-rd-space-1027b/h7vMmJDvTpaFGQrqfdQYaQ,syosset-new-york
https://www.ubereats.com/nyc-suburbs/food-delivery/kandahar-grill/jw8gyLDdSAioxdgDgbuj_g,syosset-new-york
https://www.ubereats.com/nyc-suburbs/food-delivery/metropolitan-bistro/ih8rc3zVSMO-mvGJe2_pIg,syosset-new-york
https://www.ubereats.com/nyc-suburbs/food-delivery/el-parral/z-ya004yRXyNFQIwzG8qkg,syosset-new-york
https://www.ubereats.com/nyc-suburbs/food-delivery/texas-chicken-%26-burgers-hicksville/dym0VkpvSQCXe6jApp5_kQ,syosset-new-york
https://www.ubereats.com/nyc-suburbs/food-delivery/pomodorino-ristorante/WOruyMMIR7qW1GGDunG2Cg,syosset-new-york
https://www.ubereats.com/nyc-suburbs/food-delivery/shiro-of-japan-carle-place/AqxiS90-TAqmpPQJJEv1fw,syosset-new-york
https://www.ubereats.com/nyc-suburbs/food-delivery/mediterranean-kebab-house/CyHpYizLSHW2MSZwXNRELQ,syosset-new-york
https://www.ubereats.com/nyc-suburbs/food-delivery/cousins-pizza-and-pasta/csMn_-wuRaylYOzop2k2uw,syosset-new-york
https://www.ubereats.com/nyc-suburbs/food-delivery/pind-kebab-%26-curry/fXkmI9NETAatCDr6PexfmA,syosset-new-york
https://www.ubereats.com/nyc-suburbs/food-delivery/bagel-boss-jericho/q5qax6oJTOCeax5yjdGDOA,syosset-new-york
https://www.ubereats.com/nyc-suburbs/food-delivery/subway-323-jackson-ave/A0PwF_YjTGuUmORwvG0JFQ,syosset-new-york
https://www.ubereats.com/nyc-suburbs/food-delivery/di-carlos-pizzeria/NAHIS1xcRnWsY8JCgFidAg,syosset-new-york
https://www.ubereats.com/nyc-suburbs/food-delivery/mcdonalds-344-w-jericho-tpke/gzPne0e9S2CCsuKxXlpF2w,syosset-new-york
https://www.ubereats.com/nyc-suburbs/food-delivery/boston-market-100-n-broadway/JelWUuu3TEayUt9jULxs-w,syosset-new-york
https://www.ubereats.com/nyc-suburbs/food-delivery/dunkin-81-jericho-tpke/UEooO4pmQqKgb3Q9HtT-PA,syosset-new-york
https://www.ubereats.com/nyc-suburbs/food-delivery/southdown-coffee/KpEEuqAjSZKmrO0pbzVQOw,syosset-new-york
https://www.ubereats.com/nyc-suburbs/food-delivery/365-dim-sum-%E8%8C%B6%E9%A4%90%E5%8E%85/T0fCuddLTkeL7EU-BhB3dA,syosset-new-york
https://www.ubereats.com/nyc-suburbs/food-delivery/sea-cliff-bagel-cafe/1A6BHngAT9ysstusbCqsuQ,syosset-new-york
https://www.ubereats.com/nyc-suburbs/food-delivery/frangos-peri-peri/uGNwHq9DTmeyW07OU3at9Q,syosset-new-york
https://www.ubereats.com/nyc-suburbs/food-delivery/taco-bell-3946-hempstead-turnpike/-Kz4bJNIQfe_rD99daNVkg,syosset-new-york
https://www.ubereats.com/nyc-suburbs/food-delivery/haagen-dazs-358b-broadway-kiosk-%2323/Z0F76Ym0QaKEWILqng9rog,syosset-new-york
https://www.ubereats.com/nyc-suburbs/food-delivery/16-handles-jericho/ckV3xsMXQ2m7jZ5qPrRfjw,syosset-new-york
https://www.ubereats.com/nyc-suburbs/food-delivery/russell-dhaba/baeCDJ13RcKV2PMWrPCkKw,syosset-new-york
https://www.ubereats.com/nyc-suburbs/food-delivery/kam-fong/99veE9z1TsOfaj4FWiK4zA,syosset-new-york
https://www.ubereats.com/nyc-suburbs/food-delivery/yogurt-%26-such-cafe-westbury/MbJ6aisVS1OOHxfqEwzNjQ,syosset-new-york
https://www.ubereats.com/nyc-suburbs/food-delivery/pazzo-paisano/6cABYDSdRfmQhdnebVW7tA,syosset-new-york
https://www.ubereats.com/nyc-suburbs/food-delivery/golden-globe-diner/Q4GAA-rUS8Ss8GlaT067Gw,syosset-new-york
https://www.ubereats.com/nyc-suburbs/food-delivery/honu-kitchen-and-cocktails/zP0yfeIXTR2Dcl3nO9JxVA,syosset-new-york
https://www.ubereats.com/nyc-suburbs/food-delivery/kfc-taco-bell-greenvale/BIZLXxNGSMijE4xPKnkgug,syosset-new-york
https://www.ubereats.com/nyc-suburbs/food-delivery/migueleno-restaurant/VX-te6vuTOSP8Co3TwCv2A,syosset-new-york
https://www.ubereats.com/nyc-suburbs/food-delivery/moca-asian-bistro/HsOLHGuBRhS_iXutxogT5A,syosset-new-york
https://www.ubereats.com/nyc-suburbs/food-delivery/mission-taco/anAnvLSKS0Sr9AHX3Tc_sw,syosset-new-york
https://www.ubereats.com/nyc-suburbs/food-delivery/sabeli/w2PBhjaXTquz-zgXCF8gww,syosset-new-york
https://www.ubereats.com/nyc-suburbs/food-delivery/everest-spicy-kitchen-dba-nagasaki-japanese-restaurant/yCNTyzRPTQySPcCmb6quzg,syosset-new-york
https://www.ubereats.com/nyc-suburbs/food-delivery/united-cheesesteaks/hqkfNNo6SNG7vetR0chk8w,syosset-new-york
https://www.ubereats.com/nyc-suburbs/food-delivery/shahs-halal-food-hicksville/KQ-SqebdTnuM5ahjrxEDGw,syosset-new-york
https://www.ubereats.com/nyc-suburbs/food-delivery/sakana/USpPD97vQ9y1-Lv-w-Tzxw,syosset-new-york
https://www.ubereats.com/nyc-suburbs/food-delivery/mcdonalds-hicksville-n-broadway/VaBTzhPFQ8ORBxozACh8rQ,syosset-new-york
https://www.ubereats.com/nyc-suburbs/food-delivery/mithaas-hicksville/IKx5HUzkT1eJNVN4XjZksA,syosset-new-york
https://www.ubereats.com/nyc-suburbs/food-delivery/platia-greek-kitchen/IgQ_Uf5fTwWA6ZgJHw5o_g,syosset-new-york
https://www.ubereats.com/nyc-suburbs/food-delivery/piccola-bussola-ristorante/OIR6RiHNT9W3j2Vm5xymSw,syosset-new-york
https://www.ubereats.com/nyc-suburbs/food-delivery/rare650/6WvwhnorRkSDzUEF2841YQ,syosset-new-york
https://www.ubereats.com/nyc-suburbs/food-delivery/friendlys-150-jericho-tpke/BFumdNvFTlKLRCHNAi0ttw,syosset-new-york
https://www.ubereats.com/nyc-suburbs/food-delivery/subway-5504-brush-hollow-road/iy6XsXoRRM6u9ktM21Gqtw,syosset-new-york
https://www.ubereats.com/nyc-suburbs/food-delivery/fitrition-oyster-bay/xBpbPk9LRfKnjQn289f08Q,syosset-new-york
https://www.ubereats.com/nyc-suburbs/food-delivery/dunkin-838-new-york-avenue/uKl6QvPJTDSxxuJuf1nfCg,syosset-new-york
https://www.ubereats.com/nyc-suburbs/food-delivery/taco-bell-511-old-country-rd/HiuqAIXwSkmxNrWQKa2M9A,syosset-new-york
https://www.ubereats.com/nyc-suburbs/food-delivery/subway-444-west-jericho-turnpike/PK7_inEqTEK8wepgsFR3PA,syosset-new-york
https://www.ubereats.com/nyc-suburbs/food-delivery/buffalos-cafe-syosset/bSJhoeQeTHCq2UciQIU_Mw,syosset-new-york
https://www.ubereats.com/nyc-suburbs/food-delivery/currikitch/qyc5U6a-QMWm8H0d6O0qmw,syosset-new-york
https://www.ubereats.com/nyc-suburbs/food-delivery/burgerology-huntington/EkX7U_sQSrGaYvEpRI7FIA,syosset-new-york
https://www.ubereats.com/nyc-suburbs/food-delivery/kababjees/2YxKVSsRTZ23W8nQKmBBFA,syosset-new-york
https://www.ubereats.com/nyc-suburbs/food-delivery/red-tomato-pizza/5yfayv8JS86Fa3lJggyqBg,syosset-new-york
https://www.ubereats.com/nyc-suburbs/food-delivery/201-applebees-bethpage/7sf1l1bQQtSXAbNb-9PvSA,syosset-new-york
https://www.ubereats.com/nyc-suburbs/food-delivery/kung-fu-tea-358-broadway-mall/nF9DhILgQbyKi_0-Cxv1Ig,syosset-new-york
https://www.ubereats.com/nyc-suburbs/food-delivery/sobol-syosset/5uMFSJ6yQKKmKG8Od-ZBrA,syosset-new-york
https://www.ubereats.com/nyc-suburbs/food-delivery/harbor-mist-restaurant/9hr9KhBeTrCfsrxzvpGczQ,syosset-new-york
https://www.ubereats.com/nyc-suburbs/food-delivery/it-bgl/Co7VNKMsS56XmXNvx8uEyw,syosset-new-york
https://www.ubereats.com/nyc-suburbs/food-delivery/wendys-205-w-jericho-turnpike/GsDEpby9SjG3Hmysu4vVsg,syosset-new-york
https://www.ubereats.com/nyc-suburbs/food-delivery/pizzabar-141/vc2zFWg-RiKMMtiE05601g,syosset-new-york
https://www.ubereats.com/nyc-suburbs/food-delivery/cena-081/_l-kSSatSlCDU_By329Gaw,syosset-new-york
https://www.ubereats.com/nyc-suburbs/food-delivery/chiddys-cheesesteaks/ZCaHOBcbRfaB4Hfo0U6IaQ,syosset-new-york
https://www.ubereats.com/nyc-suburbs/food-delivery/new-new-star-kitchen/Vuxpj_N-RzutttywuNHc-A,syosset-new-york
https://www.ubereats.com/nyc-suburbs/food-delivery/dunkin-388-w-john-st/wOwd_XA3TByEKAyxp1K7kw,syosset-new-york
https://www.ubereats.com/nyc-suburbs/food-delivery/coliseum-kitchen/ts81iW-6RK6qGfO_qrgSqQ,syosset-new-york
https://www.ubereats.com/nyc-suburbs/food-delivery/miss-sakura/Uo9YggWDTfeZgybg2P6rxA,syosset-new-york
https://www.ubereats.com/nyc-suburbs/food-delivery/town-bagel-plainview/7l1dDeBRTumfwIhgKzYobg,syosset-new-york
https://www.ubereats.com/nyc-suburbs/food-delivery/chipotle-mexican-grill-215-n-broadway/JcfYfUH6RLSn61ZKEayLww,syosset-new-york
https://www.ubereats.com/nyc-suburbs/food-delivery/dunkin-159-pine-hollow-rd/_Le4IkroR1Cqn2UbjKuyQQ,syosset-new-york
https://www.ubereats.com/nyc-suburbs/food-delivery/mcdonalds-syosset-jericho/RcS5JtLDSFK-cmyOL0o_lg,syosset-new-york
https://www.ubereats.com/nyc-suburbs/food-delivery/curry-corner/u1-WHbDfSNuLfunBmwBX0A,syosset-new-york
https://www.ubereats.com/nyc-suburbs/food-delivery/yiasou-yeeros/Pes4rJ5wQviOSPp0TYEOvw,syosset-new-york
https://www.ubereats.com/nyc-suburbs/food-delivery/five-guys-ny-0457-350-route-110/2lhd8WAcTJqeTYSKTRwWEg,syosset-new-york
https://www.ubereats.com/nyc-suburbs/food-delivery/buffalo-wild-wings-358-broadway-mall/MpgjygvMQDiajNGoe14GmQ,syosset-new-york
https://www.ubereats.com/nyc-suburbs/food-delivery/paesano-pizza/GN_LyPs2R8CriI4LzHdumA,syosset-new-york
https://www.ubereats.com/nyc-suburbs/food-delivery/grassos/UwHNONfZR2O-hFdrQlhxcg,syosset-new-york
https://www.ubereats.com/nyc-suburbs/food-delivery/marios-pizzeria-syosset/036zm7FgQcCLdqk0Qps-3A,syosset-new-york
https://www.ubereats.com/nyc-suburbs/food-delivery/starbucks-north-melville/6UryQGuvRKyGtydfP4r_UQ,syosset-new-york
https://www.ubereats.com/nyc-suburbs/food-delivery/ralphs-italian-ices-%26-ice-cream-oyster-bay/c-VUPoYJTA6T7YUklQHDJw,syosset-new-york
https://www.ubereats.com/nyc-suburbs/food-delivery/choopan-grill/xnJCaLmOTvOkLYjwEOiRNQ,syosset-new-york
https://www.ubereats.com/nyc-suburbs/food-delivery/dunkin-597-hicksville-rd/XT4u-b5SR8ulQPQIIH_J6w,syosset-new-york
https://www.ubereats.com/nyc-suburbs/food-delivery/burger-king-409-old-country-road/JpVY0dHwQcyKuHc7r8KrMg,syosset-new-york
https://www.ubereats.com/nyc-suburbs/food-delivery/tenjin-japanese-restaurant/eUgr5OoPRAm5pyixoMH40g,syosset-new-york
https://www.ubereats.com/nyc-suburbs/food-delivery/208-applebees-huntington/ztTR-xMURh2X4UA6K0eFpQ,syosset-new-york
https://www.ubereats.com/nyc-suburbs/food-delivery/coco-fresh-tea-%26-juice-syosset/5m1eav63TQ2EJ0vhGNvMxQ,syosset-new-york
https://www.ubereats.com/nyc-suburbs/food-delivery/%E2%80%9Ceat%E2%80%9D-%40-the-living-room/VV0hXI23Rbq-aHwEKWTs8A,syosset-new-york
https://www.ubereats.com/nyc-suburbs/food-delivery/smoke-barn/9nx2qGuAS12WeqXsvuGnQg,syosset-new-york
https://www.ubereats.com/nyc-suburbs/food-delivery/craft-387/iFzdj0KkSdmiIZVQ0EBcQw,syosset-new-york
https://www.ubereats.com/nyc-suburbs/food-delivery/greek-cove/fZYohR-yQuGwZmWSlTmrNw,syosset-new-york
https://www.ubereats.com/nyc-suburbs/food-delivery/carvel-130-manetto-hill-rd/dQ7XDp06QvK-_9cowMXujg,syosset-new-york
https://www.ubereats.com/nyc-suburbs/food-delivery/brianna-deli/Wi4rXwchS9alDHNoq0OjsQ,syosset-new-york
https://www.ubereats.com/nyc-suburbs/food-delivery/nellys-taqueria/DqTDce1HTx--w037jTjkgw,syosset-new-york
https://www.ubereats.com/nyc-suburbs/food-delivery/the-refuge/nDLx9G_7RPeajr_oZL-9kA,syosset-new-york
https://www.ubereats.com/nyc-suburbs/food-delivery/buttercooky-bakery/9Yv5N7KASd6YTT3ilifdbw,syosset-new-york
https://www.ubereats.com/nyc-suburbs/food-delivery/cedar-creek/TJmMaGI7TDCY5zKGioOmvQ,syosset-new-york
https://www.ubereats.com/nyc-suburbs/food-delivery/kebab-house/Uln50HtmStue0RQGM3qjIg,syosset-new-york
https://www.ubereats.com/nyc-suburbs/food-delivery/yogurt-%26-such-cafe-plainview/0_2bwPHNQ5OxD94XlR8N0A,syosset-new-york
https://www.ubereats.com/nyc-suburbs/food-delivery/nanking/el-CUVvmTUOl6qgYW-3hmg,syosset-new-york
https://www.ubereats.com/nyc-suburbs/food-delivery/sandwich-express/sXvn76SHTF-eFcHaM8G_oQ,syosset-new-york
https://www.ubereats.com/nyc-suburbs/food-delivery/dunkin-490-w-old-country-rd/kimJ_pdtR6WEJH8bCPiYiA,syosset-new-york
https://www.ubereats.com/nyc-suburbs/food-delivery/finnegans/-X9fd8p1TC6OW5nptIsKCw,syosset-new-york
https://www.ubereats.com/nyc-suburbs/food-delivery/pokeworks-8285-jericho-turnpike/XJzASb1bSpaz4_TsHN3NDA,syosset-new-york
https://www.ubereats.com/nyc-suburbs/food-delivery/one-10-restaurant/2SQzNYMbSjOcs5r0lSj2Aw,syosset-new-york
https://www.ubereats.com/nyc-suburbs/food-delivery/on-the-border-hicksville/3zN_eDYwQeOiLnt16e9ilA,syosset-new-york
https://www.ubereats.com/nyc-suburbs/food-delivery/spotlight-art-bar-at-the-paramount/77p1EKHiQh-HkaunJrNZOA,syosset-new-york
https://www.ubereats.com/nyc-suburbs/food-delivery/arbys-334-north-broadway/Qff58jUgTAGXFCM42b9Wag,syosset-new-york
https://www.ubereats.com/nyc-suburbs/food-delivery/bee-organic-huntington/2i84Lch6RWKyZJuN735bmg,syosset-new-york
https://www.ubereats.com/nyc-suburbs/food-delivery/hazuki-sushi-cuisine/3h05l_tsS9aQoRurYV21Jg,syosset-new-york
https://www.ubereats.com/nyc-suburbs/food-delivery/zaros-cafe/1IXLEYdDQlKPAbMjpcslMg,syosset-new-york
https://www.ubereats.com/nyc-suburbs/food-delivery/hook-%26-reel/1MXuX3a9R4iPTIOOzu0atQ,syosset-new-york
https://www.ubereats.com/nyc-suburbs/food-delivery/iavarone-italian-kitchen-%26-pizzeria/aeRkDyX_TtC23u7JSibRhQ,syosset-new-york
https://www.ubereats.com/nyc-suburbs/food-delivery/bayville-deli-%26-pizzeria/n0aNyOgFT8ihPek-7pOnKw,syosset-new-york
https://www.ubereats.com/nyc-suburbs/food-delivery/gios-paninis-and-wraps/_jFv3v93Tsy0a3O2igphIg,syosset-new-york
https://www.ubereats.com/nyc-suburbs/food-delivery/curry-express-huntington/yXXlzUnlSFqGB39SReyC9Q,syosset-new-york
https://www.ubereats.com/nyc-suburbs/food-delivery/morrisons/DZaiXApjTNKtfVrOv5mDPg,syosset-new-york
https://www.ubereats.com/nyc-suburbs/food-delivery/honest-hicksville/rOgzhSt7RVulGxq53F0TGg,syosset-new-york
https://www.ubereats.com/nyc-suburbs/food-delivery/dunkin-59-jackson-ave/Y5xQZT3vT423L2St0HG8Gw,syosset-new-york
https://www.ubereats.com/nyc-suburbs/food-delivery/starbucks-syosset-south-oyster-bay/pt4kkos9SsiCbUbLNS-i9A,syosset-new-york
https://www.ubereats.com/nyc-suburbs/food-delivery/sushi-560-inc/fNfuDT4MRk-JkF2QsQrXdg,syosset-new-york
https://www.ubereats.com/nyc-suburbs/food-delivery/carvel-2-audrey-ave/Ssyr0FIOS_eWcd_lvuzEfg,syosset-new-york
https://www.ubereats.com/nyc-suburbs/food-delivery/one-stop-deli-%26-gyro/IWlVqKdKQD-qiwJYWRmtfQ,syosset-new-york
https://www.ubereats.com/nyc-suburbs/food-delivery/starbucks-melville/rqrm0bdjQimZj3BG2hw1cw,syosset-new-york
https://www.ubereats.com/nyc-suburbs/food-delivery/vitality-bowls-52-manetto-hill-mall/RGBkp2ZSTDicScqRMnZRFQ,syosset-new-york
https://www.ubereats.com/nyc-suburbs/food-delivery/syosset-deli/3pXIU6FoSaafvDSFgQaY7Q,syosset-new-york
https://www.ubereats.com/nyc-suburbs/food-delivery/bango-bowls-huntington-station/6pbQ7KZsT9eOAWPPxnxdQg,syosset-new-york
https://www.ubereats.com/nyc-suburbs/food-delivery/la-nonnas-on-main/J4b5dWpoQxiKdPdZraENSw,syosset-new-york
https://www.ubereats.com/nyc-suburbs/food-delivery/one-eye-jacks/X-xmfDyZQciaH7dDz5dnwA,syosset-new-york
https://www.ubereats.com/nyc-suburbs/food-delivery/philly-pretzel-factory-331-jackson/4oatWRV3Rt2GREAiC99Sdg,syosset-new-york
https://www.ubereats.com/nyc-suburbs/food-delivery/taco-bell-263-s-broadway/DVvnYF4lR5W-hYI0nOftKQ,syosset-new-york
https://www.ubereats.com/nyc-suburbs/food-delivery/power-poke-i/7I4uHKQrS2K97eTkoME2Gw,syosset-new-york
https://www.ubereats.com/nyc-suburbs/food-delivery/mcdonalds-levittown-hempstead/YCqJAbI1Svu4wnUh3GoNVA,syosset-new-york
https://www.ubereats.com/nyc-suburbs/food-delivery/365-spicy-mala-town-%E9%BA%BB%E8%BE%A3%E9%A6%99%E9%94%85/0Dp9XLUdQ46yHwAYAtc1fQ,syosset-new-york
https://www.ubereats.com/nyc-suburbs/food-delivery/dunkin-36-glenhead-rd/1fa4EgguQeqpcH3m6Cn-EA,syosset-new-york
https://www.ubereats.com/nyc-suburbs/food-delivery/broadway-diner-ordermark/5F3hjUE5RtCxljjLitXCZw,syosset-new-york
https://www.ubereats.com/nyc-suburbs/food-delivery/dunkin-24-newbridge-rd/Ju0FKxenTsSMpnqBv195gw,syosset-new-york
https://www.ubereats.com/nyc-suburbs/food-delivery/babalu/DNenEKuRRwiMgVld7vyLpg,syosset-new-york
https://www.ubereats.com/nyc-suburbs/food-delivery/pinons-pizza-company/wXsPszO1ThqJf4699jkHig,syosset-new-york
https://www.ubereats.com/nyc-suburbs/food-delivery/brews-brothers-grille-huntington/ijQeISrzR82jarOhhW4YJw,syosset-new-york
https://www.ubereats.com/nyc-suburbs/food-delivery/regal-deli/HUqoltS7Sgy8X_hxnusP4w,syosset-new-york
https://www.ubereats.com/nyc-suburbs/food-delivery/wing-co/fO_yVeFTQHuQeVvCvjK_Bg,syosset-new-york
https://www.ubereats.com/nyc-suburbs/food-delivery/may-loong-kitchen/JYRXHHUnQsOkVXygxtLyRQ,syosset-new-york
https://www.ubereats.com/nyc-suburbs/food-delivery/carvel-403-jericho-turnpike/E8NQ2w00Q1606oLp6dzTpA,syosset-new-york
https://www.ubereats.com/nyc-suburbs/food-delivery/shake-shack-860-old-country-road/6Wl5yl7SR4m7xsx_ledWXg,syosset-new-york
https://www.ubereats.com/nyc-suburbs/food-delivery/the-burger-man-bethpage/34IbdX-gR-Ct24v4Mi93aQ,syosset-new-york
https://www.ubereats.com/nyc-suburbs/food-delivery/francescos/zGwXLOHZRsiwo1CJEt6jEg,syosset-new-york
https://www.ubereats.com/nyc-suburbs/food-delivery/exotic-bowls/qJ2_Q2ntTNyW_XSVUCGsrw,syosset-new-york
https://www.ubereats.com/nyc-suburbs/food-delivery/because-of-you/tC9YWPL9S5adrhHXBNdsUA,syosset-new-york
https://www.ubereats.com/nyc-suburbs/food-delivery/great-wok/sG3gGIy9TRepUurKpI-SCw,syosset-new-york
https://www.ubereats.com/nyc-suburbs/food-delivery/bagel-boss-hicksville/x4zlpp0_QZuxb8rU22MEVg,syosset-new-york
https://www.ubereats.com/nyc-suburbs/food-delivery/gyrolicious-jericho/JdAlO3bnTxycXd07S23GQg,syosset-new-york
https://www.ubereats.com/nyc-suburbs/food-delivery/mb-ramen-huntington/OTCOl84HQACxauIcbQmtrQ,syosset-new-york
https://www.ubereats.com/nyc-suburbs/food-delivery/starbucks-woodbury-village/QBmhqlRzQVuHxkvo_cZZ_g,syosset-new-york
https://www.ubereats.com/nyc-suburbs/food-delivery/taj-tandoor/bgImilHQTWm7tHSYpZoc1w,syosset-new-york
https://www.ubereats.com/nyc-suburbs/food-delivery/rothmanns-steakhouse/ZWsnngdHTFeROqTfnuc6kA,syosset-new-york
https://www.ubereats.com/nyc-suburbs/food-delivery/la-piazza/FMTlk8HFTuyVkTflMPbs8w,syosset-new-york
https://www.ubereats.com/nyc-suburbs/food-delivery/toxic-wings/yZQEqx_lSBeL_QKyR-H4fw,syosset-new-york
https://www.ubereats.com/nyc-suburbs/food-delivery/carvel-2134-deer-park-avenue/kr34HC8ZTVeVBaMzqhXwIA,syosset-new-york
https://www.ubereats.com/nyc-suburbs/food-delivery/catpurrccinos-cafe/dJBBL14kTfawsgU2JfeEpQ,syosset-new-york
https://www.ubereats.com/nyc-suburbs/food-delivery/dunkin-333-jericho-tpke/EGE_03CmQCqmKnuEy9NNmg,syosset-new-york
https://www.ubereats.com/nyc-suburbs/food-delivery/ohk-bar-%26-restaurant/HDsOn9SQQ2ueL19nHTQwYQ,syosset-new-york
https://www.ubereats.com/nyc-suburbs/food-delivery/dunkin-336-n-broadway/rskfErZ5QxirM73rJ7PJ2g,syosset-new-york
https://www.ubereats.com/nyc-suburbs/food-delivery/chipotle-mexican-grill-435-walt-whitman-rd/8ktsWxGWTP2XkUeulENpgA,syosset-new-york
https://www.ubereats.com/nyc-suburbs/food-delivery/365-noodle-bar-and-grill-%E9%9D%A2%E9%9D%A2%E8%81%9A%E9%81%93/82oq59DTQkOVrDd-u_w37g,syosset-new-york
https://www.ubereats.com/nyc-suburbs/food-delivery/dunkin-100-north-broadway/mNbxY2aJSNS6p0Yc2FO4Pw,syosset-new-york
https://www.ubereats.com/nyc-suburbs/food-delivery/starbucks-westbury-old-country-rd/tqR-_3iKRpSYt2MRBAY-VA,syosset-new-york
https://www.ubereats.com/nyc-suburbs/food-delivery/sushi-village/-Sje99_sSOyKB3NbPlBWiw,syosset-new-york
https://www.ubereats.com/nyc-suburbs/food-delivery/foodworx/OWin6a1ETWCaYSKaiR0INw,syosset-new-york
https://www.ubereats.com/nyc-suburbs/food-delivery/the-rolling-spring-roll-syosset/-7DaNuE8TjOvAzT0WLoO0Q,syosset-new-york
https://www.ubereats.com/nyc-suburbs/food-delivery/sandbar/6HDNKzLhRMe0-eDlAv76lQ,syosset-new-york
https://www.ubereats.com/nyc-suburbs/food-delivery/kfc-melville/UHEQelF4S7u3NuKLVJmosg,syosset-new-york
https://www.ubereats.com/nyc-suburbs/food-delivery/starbucks-wheatly-plaza-greenvale/51wygt-sQieX8LCZiZMvMw,syosset-new-york
https://www.ubereats.com/nyc-suburbs/food-delivery/spice-diner/Z_6VbGrAQmSr9o4b5VlhPA,syosset-new-york
https://www.ubereats.com/nyc-suburbs/food-delivery/golden-river/Ca-6Ix2IRFuSVjz06T1ILw,syosset-new-york
https://www.ubereats.com/nyc-suburbs/food-delivery/dunkin-337-south-oyster-bay-rd/vn22SHyrTNSg5hsYxrPhlg,syosset-new-york
https://www.ubereats.com/nyc-suburbs/food-delivery/209-applebees-farmingdale/0Q8X4pkLT9OEvxN7shiL5Q,syosset-new-york
https://www.ubereats.com/nyc-suburbs/food-delivery/auntie-annes-160-walt-whitman-road/xInFctUBRuCsZbPDXYhpAQ,syosset-new-york
https://www.ubereats.com/nyc-suburbs/food-delivery/mamouns-falafel/Cv9-oreBQEmsLaOIW7jY-w,syosset-new-york
https://www.ubereats.com/nyc-suburbs/food-delivery/taqueria-el-sabor-poblano/1zghO2zlTwyAlKOTIwG_Yg,syosset-new-york
https://www.ubereats.com/nyc-suburbs/food-delivery/taco-joes-westbury/jmPoNAZXSnOfT3cxG2IChA,syosset-new-york
https://www.ubereats.com/nyc-suburbs/food-delivery/moes-southwest-grill-1161-old-country-road/5V4vwotXR6euG2AG0wEFXw,syosset-new-york
https://www.ubereats.com/nyc-suburbs/food-delivery/dunkin-281-walt-whitman-rd/VGtjOwKRREStGrH_Mkr0Jg,syosset-new-york
https://www.ubereats.com/nyc-suburbs/food-delivery/the-healthy-greek/7rFBX_ogQ92SN5lhXtNAdQ,syosset-new-york
https://www.ubereats.com/nyc-suburbs/food-delivery/pista-house/z33A1yanS66vm3ydGzHFxA,syosset-new-york
https://www.ubereats.com/nyc-suburbs/food-delivery/hicksville-diner/kkyeR_20Ska0uzMwGl3vww,syosset-new-york
https://www.ubereats.com/nyc-suburbs/food-delivery/hurricane-grill-and-wings-syosset/tfN-cdwbQyy4YoOZM4M3AA,syosset-new-york
https://www.ubereats.com/nyc-suburbs/food-delivery/tropical-smoothie-cafe-hicksville-delco-plaza/gZVX78JMTn2VwTjGUdRd6w,syosset-new-york
https://www.ubereats.com/nyc-suburbs/food-delivery/masalah-grill/5UzaIk5OTke4aMpD-GFX_g,syosset-new-york
https://www.ubereats.com/nyc-suburbs/food-delivery/guac-shop-jericho-turnpike/5dCHv_-lTgCcsIjAzlE7aA,syosset-new-york
https://www.ubereats.com/nyc-suburbs/food-delivery/barefoot-peddler/GZOPvoQhRyuUiLHtO4bVGQ,syosset-new-york
https://www.ubereats.com/nyc-suburbs/food-delivery/taco-bell-638-s-oyster-bay-rd/8pdMvBAUTmyP4HLP-u-56g,syosset-new-york
https://www.ubereats.com/nyc-suburbs/food-delivery/dunkin-15-southdown-rd/XpVinAxPQ9a06Pc1g8ZwSA,syosset-new-york
https://www.ubereats.com/nyc-suburbs/food-delivery/sur-argentinian-steakhouse/KQmNPdPASqCSnG9t21eemA,syosset-new-york
https://www.ubereats.com/nyc-suburbs/food-delivery/kebab-express-%7C-halal-grill/14Af3jKFSHGQvHbOKJheyw,syosset-new-york
https://www.ubereats.com/nyc-suburbs/food-delivery/dunkin-8285-jericho-tpke/BSXtX6seQjiHt-n22TJZwg,syosset-new-york
https://www.ubereats.com/nyc-suburbs/food-delivery/sawasdee-thai-elevated/r-hv0jRvTBqBTUCmpSJB9w,syosset-new-york
https://www.ubereats.com/nyc-suburbs/food-delivery/gingerbites/xLIFufWySD-tChot4IaXwQ,syosset-new-york
https://www.ubereats.com/nyc-suburbs/food-delivery/house-of-india-huntington/Njxi451WSUeD6V599AYzEg,syosset-new-york
https://www.ubereats.com/nyc-suburbs/food-delivery/kitchen-kabaret-fine-foods/rkA31IxSSuy3AzNg3AncWA,syosset-new-york
https://www.ubereats.com/nyc-suburbs/food-delivery/burger-king-837-new-york-avenue/qaar4oUHTlWFqPtHAsmUDg,syosset-new-york
https://www.ubereats.com/nyc-suburbs/food-delivery/daves-goldmine-mexican-grill/vShXCHavQjSYVCAAy9zCUg,syosset-new-york
https://www.ubereats.com/nyc-suburbs/food-delivery/colony-diner/httZSmu2Q1yksp5C_cCelg,syosset-new-york
https://www.ubereats.com/nyc-suburbs/food-delivery/crown-fried-chicken-halal/GY3gNFfyQXybPEDxJE3O6Q,syosset-new-york
https://www.ubereats.com/nyc-suburbs/food-delivery/the-ice-cream-shop/F1DsOF7vQBKZfKI59sca2w,syosset-new-york
https://www.ubereats.com/nyc-suburbs/food-delivery/european-republic-huntington/nIFl-Q8ZTReiUf8J08KzPg,syosset-new-york
https://www.ubereats.com/nyc-suburbs/food-delivery/krinti-mediterranean-grill/51T4MAsiRgOZEa39UITd-Q,syosset-new-york
https://www.ubereats.com/nyc-suburbs/food-delivery/matteos-trattoria/QM_MjMZZRJakYgzOPBMriQ,syosset-new-york
https://www.ubereats.com/nyc-suburbs/food-delivery/checkers-huntington/6xu-1HKvSjSRFSYQebjsUg,syosset-new-york
https://www.ubereats.com/nyc-suburbs/food-delivery/dairy-queen-grill-%26-chill-321-w-jericho-tpke/51IpXlWtSEarXZYgfz8HwQ,syosset-new-york
https://www.ubereats.com/nyc-suburbs/food-delivery/dunkin-200-e-main-st/dYnxNgdRTVKC7hyznZY43Q,syosset-new-york
https://www.ubereats.com/nyc-suburbs/food-delivery/ruby-tuesday-1226-old-country-road/T1FAiDwYS5eKDWneeKvF2w,syosset-new-york
https://www.ubereats.com/nyc-suburbs/food-delivery/nazs-halal-food-1171-deer-park-ave/BHad6_lGS9SU8PjrbtaFpQ,syosset-new-york
https://www.ubereats.com/nyc-suburbs/food-delivery/george-white-formerly-known-as-george-martin-1989/skTH0BRNSaWO8PVeocpKbg,syosset-new-york
https://www.ubereats.com/nyc-suburbs/food-delivery/outback-steakhouse-1067-old-country-road/BeGL2O35Q8qON71YbZbOeA,syosset-new-york
https://www.ubereats.com/nyc-suburbs/food-delivery/mixed-grill/X3xJU0xYSICzmM_-XPCvcA,syosset-new-york
https://www.ubereats.com/nyc-suburbs/food-delivery/jersey-mikes-subs-4025-hempstead-turnpike-suite-3/VE4XTu3lQ-SVfU7zmObiOg,syosset-new-york
https://www.ubereats.com/nyc-suburbs/food-delivery/dunkin-538-s-broadway/PQjOPOGgT9SbDj0FFqqDjA,syosset-new-york
https://www.ubereats.com/nyc-suburbs/food-delivery/spinnakers-restaurant-%26-bar-oyster-bay/eo3619XISxiiMMa7udgNvQ,syosset-new-york
https://www.ubereats.com/nyc-suburbs/food-delivery/messina-market-%26-catering/rE__w21BTpCY6blgFLKNLQ,syosset-new-york
https://www.ubereats.com/nyc-suburbs/food-delivery/brew-%26-bitters/wEIYaBpZTOWvyhFoOxwYEA,syosset-new-york
https://www.ubereats.com/nyc-suburbs/food-delivery/zouji-dumpling-house/Ui5UuzAkRYSn2FjtPY8oEw,syosset-new-york
https://www.ubereats.com/nyc-suburbs/food-delivery/gambino-italian-trattoria/dB6LmQBkT4yU7oAJKNYSNQ,syosset-new-york
https://www.ubereats.com/nyc-suburbs/food-delivery/dunkin-156-manetto-hill-rd/jHWihUhsQBCY3XozTEWD0w,syosset-new-york
https://www.ubereats.com/nyc-suburbs/food-delivery/starbucks-huntington/9QHMqHtGRSCr-WCbvHAQnw,syosset-new-york
https://www.ubereats.com/nyc-suburbs/food-delivery/star-indian-cuisine/CJRnXtNfSouEUFp4dRP4Tw,syosset-new-york
https://www.ubereats.com/nyc-suburbs/food-delivery/dunkin-285-291-glen-street/kxBWUl90Q0uQu4gPhaRhiQ,syosset-new-york
https://www.ubereats.com/nyc-suburbs/food-delivery/la-parma-ii/YR83mEd9SmyTT8uhyzx2jQ,syosset-new-york
https://www.ubereats.com/nyc-suburbs/food-delivery/mr-sausage/nDiKDeqpSlO0NEs1fP_t3A,syosset-new-york
https://www.ubereats.com/nyc-suburbs/food-delivery/mid-china/ietCeAl2SqaPlYK1yfgGtQ,syosset-new-york
https://www.ubereats.com/nyc-suburbs/food-delivery/burger-king-3-cedar-swamp-road/JG1j8qzOTga6Ory5YRNRCg,syosset-new-york
https://www.ubereats.com/nyc-suburbs/food-delivery/diwan-indian-restaurant-%26-bar/VpVkre50SLiNE3z2jt3v2Q,syosset-new-york
https://www.ubereats.com/nyc-suburbs/food-delivery/bagel-master/l1NLUCoQTDiByzZikJwgvA,syosset-new-york
https://www.ubereats.com/nyc-suburbs/food-delivery/ocean/XvaKQBtQQAKJq9YiT0E7QA,syosset-new-york
https://www.ubereats.com/nyc-suburbs/food-delivery/miyako-hibachi/ynJA314jSkqEiLJAHg4xgQ,syosset-new-york
https://www.ubereats.com/nyc-suburbs/food-delivery/shahs-halal-huntington-village/DnYgLtgKTUShZWli1bvLDQ,syosset-new-york
https://www.ubereats.com/nyc-suburbs/food-delivery/dunkin-726-old-bethpage-rd/3jGVWoWeRyCFB7rMnT0Pzg,syosset-new-york
https://www.ubereats.com/nyc-suburbs/food-delivery/new-china-restaurant-bethpage/2E65suuFSoOx0UzIFlvrJA,syosset-new-york
https://www.ubereats.com/nyc-suburbs/food-delivery/qdoba-327-s-oyster-bay-road/zgVzS5yZSSOoDviUukZ9KQ,syosset-new-york
https://www.ubereats.com/nyc-suburbs/food-delivery/pasquallys-pizza-%26-wings-11-15-hanover-place/OqTs6aWQQcuCnWBUSCCLmA,syosset-new-york
https://www.ubereats.com/nyc-suburbs/food-delivery/smashburger-180-old-country-rd/77OFzPQtQLyXd0CunxCAlA,syosset-new-york
https://www.ubereats.com/nyc-suburbs/food-delivery/beijing-house/ACY6EX3NTIW_7AaNybq1-g,syosset-new-york
https://www.ubereats.com/nyc-suburbs/food-delivery/kotobuki-roslyn/rT-xN1q5Sp607LSJp0a8lg,syosset-new-york
https://www.ubereats.com/nyc-suburbs/food-delivery/meritage-wine-bar/0xdX5tBSQJqQlaMPOsmBpw,syosset-new-york
https://www.ubereats.com/nyc-suburbs/food-delivery/mcdonalds-plainview-old-country-rd/fYmtPKbXRq2HVG8ONGJyMg,syosset-new-york
https://www.ubereats.com/nyc-suburbs/food-delivery/mims-restaurant/dwfmpq9ESDqXYZPsCHhTjQ,syosset-new-york
https://www.ubereats.com/nyc-suburbs/food-delivery/subway-52-west-john-st/BYv7MbwcSQGARwRnsr2rog,syosset-new-york
https://www.ubereats.com/nyc-suburbs/food-delivery/marios-pizzeria-oyster-bay/7Jm4Q2JtRfyawkY-yHjKNw,syosset-new-york
https://www.ubereats.com/nyc-suburbs/food-delivery/north-ridge-cafe/jxbF2sSiQYGOV4hgsUotvg,syosset-new-york
https://www.ubereats.com/nyc-suburbs/food-delivery/kfc-jericho-83-jericho-turnpike/WNkjot-WTu2RN4f-7MsXRA,syosset-new-york
https://www.ubereats.com/nyc-suburbs/food-delivery/la-piazzetta-cafe/DZx6moW9R-Cc-djzc68HPA,syosset-new-york
https://www.ubereats.com/nyc-suburbs/food-delivery/azerbaijan-grill/LllJwzJ0RyuPcVRaid2Lfg,syosset-new-york
https://www.ubereats.com/nyc-suburbs/food-delivery/greek-xpress-plainview/8Zxf9ryWRrmPoPFw-dSO6A,syosset-new-york
https://www.ubereats.com/nyc-suburbs/food-delivery/rincon-criollo/qi1GpeovQ_WgtTOQEXeqrg,syosset-new-york
https://www.ubereats.com/nyc-suburbs/food-delivery/gabbys-gourmet-bagelatessen-woodbury/SLZwiCsWT7aoWOakZH6n_g,syosset-new-york
https://www.ubereats.com/nyc-suburbs/food-delivery/bistro46/ldAuu7eeRlSObSpQwih06A,syosset-new-york
https://www.ubereats.com/nyc-suburbs/food-delivery/burger-village-hicksville/XXXcb1r8SwmpBNkspCqKiA,syosset-new-york
https://www.ubereats.com/nyc-suburbs/food-delivery/uncle-giuseppes-marketplace-melville/ebXufQClQbGL3JKV0U40XQ,syosset-new-york
https://www.ubereats.com/nyc-suburbs/food-delivery/quickbites/xJZ5t7YzSTmbb4IWUxFcqw,syosset-new-york
https://www.ubereats.com/nyc-suburbs/food-delivery/dark-horse-tavern/6Iztg-RYTNS02JH2bccItw,syosset-new-york
https://www.ubereats.com/nyc-suburbs/food-delivery/mcdonalds-oyster-bay/3cne0uI0QpCUsceMx-CFeA,syosset-new-york
https://www.ubereats.com/nyc-suburbs/food-delivery/bareburger-399-s-oyster-bay-rd/sqj1cOo4Q9ytTDuohk3Lew,syosset-new-york
https://www.ubereats.com/nyc-suburbs/food-delivery/masala-wok-hicksville/zSDKlWCFTIqbKSeHbu0rKg,syosset-new-york
https://www.ubereats.com/nyc-suburbs/food-delivery/fukee/ZCXNNT9KSmirRE3_lJ3SFg,syosset-new-york
https://www.ubereats.com/nyc-suburbs/food-delivery/dunkin-116-broadhollow-rd/d1ZMHeWaSU-bE9KGDrdleg,syosset-new-york
https://www.ubereats.com/nyc-suburbs/food-delivery/pantanos-neighborhood-eatery/3pX4e1YNTni1yi8vMHe_Zg,syosset-new-york
https://www.ubereats.com/nyc-suburbs/food-delivery/dunkin-840-carman-ave/ORGy1_MLR0G6GSvzys0LTQ,syosset-new-york
https://www.ubereats.com/nyc-suburbs/food-delivery/hamza-%26-madina-halal-food-hicksville/HVFJgjYoT3yTbzpbxzqSBw,syosset-new-york
https://www.ubereats.com/nyc-suburbs/food-delivery/t%26o-thai-and-japanese/DAZbzDT5Qje1zQyB03POIA,syosset-new-york
https://www.ubereats.com/nyc-suburbs/food-delivery/burger-king-52-jericho-tpke/GfE3dwSyRFuwkC4kNSaLjw,syosset-new-york
https://www.ubereats.com/nyc-suburbs/food-delivery/bagel-biz/clItUKuHSROkSiQZRXB_yQ,syosset-new-york
https://www.ubereats.com/nyc-suburbs/food-delivery/tropical-smoothie-cafe-syosset/_A0BTIgCTQCmd-7oTo2zOQ,syosset-new-york
https://www.ubereats.com/nyc-suburbs/food-delivery/plainview-diner/mxg--bLTRRK8epEjZJu14w,syosset-new-york
https://www.ubereats.com/nyc-suburbs/food-delivery/ting/A73PARAtSGGLxGmhHnvzlQ,syosset-new-york
https://www.ubereats.com/nyc-suburbs/food-delivery/corner-deli-and-cafe/ncfDOOXDQaqw75Kx0wvAqw,syosset-new-york
https://www.ubereats.com/nyc-suburbs/food-delivery/sweet-tomato-by-the-bay/pI0oP8ALR0agnhqtBZRUbg,syosset-new-york
https://www.ubereats.com/nyc-suburbs/food-delivery/barmanis/WS10nbBeTEqMPZ1lMKz8ag,syosset-new-york
https://www.ubereats.com/nyc-suburbs/food-delivery/dunkin-336-w-jericho-tpke/oLj_AqdyT-CTnqEJ_EdVGA,syosset-new-york
https://www.ubereats.com/nyc-suburbs/food-delivery/tim-hortons-2-old-country-road/SKX9AxU5Tj-gDYKJBEy2qA,syosset-new-york
https://www.ubereats.com/nyc-suburbs/food-delivery/gold-%26-meyers-gourmet-deli-%26-bagelry/ZpQPsYdMSXGvhbPEnesb2w,syosset-new-york
