url,city
https://www.ubereats.com/greenville-sc/food-delivery/la-esquina-del-gordo/W_-4lXjnTn2Ii8xgnhS2IQ,taylors-south-carolina
https://www.ubereats.com/greenville-sc/food-delivery/oriental-house/8gstGqULRROgetqE6JTQww,taylors-south-carolina
https://www.ubereats.com/greenville-sc/food-delivery/arbys-6936/3xbMcVEkREW1yKEmFLP3iQ,taylors-south-carolina
https://www.ubereats.com/greenville-sc/food-delivery/cityrange-steakhouse-grill/WHhyN1POQhO3020vfQnAAw,taylors-south-carolina
https://www.ubereats.com/greenville-sc/food-delivery/dunkin-1779-woodruff-rd/EPyeILsgQkmjyCalYTE2dw,taylors-south-carolina
https://www.ubereats.com/greenville-sc/food-delivery/subway-119-w-wade-hampton-blvd/ssrYVq5KSyq5sjEejP9I_Q,taylors-south-carolina
https://www.ubereats.com/greenville-sc/food-delivery/truth-grill-and-chill/Q9XnPyl8QHKa-nh0_SqfFg,taylors-south-carolina
https://www.ubereats.com/greenville-sc/food-delivery/zaxbys-1903-laurens-road/1KicO09VRj2_dz96stKVKA,taylors-south-carolina
https://www.ubereats.com/greenville-sc/food-delivery/tcby-frozen-yogurt/Q32je9orTJG61L48mpABqg,taylors-south-carolina
https://www.ubereats.com/greenville-sc/food-delivery/kuka-juice/_zaa_hdrRvyXTnLtGlOfdg,taylors-south-carolina
https://www.ubereats.com/greenville-sc/food-delivery/spinx-3000-augusta-rd/CZaWeTMPQwqrb_cFXHpJyQ,taylors-south-carolina
https://www.ubereats.com/greenville-sc/food-delivery/chick-fil-a-2801-wade-hampton-blvd-ste-c/TaI6lO5FTYCOtXHxTWAd0g,taylors-south-carolina
https://www.ubereats.com/greenville-sc/food-delivery/bojangles-famous-chicken-%26-biscuits-1205-3031-wade-hampton-blvd/5mI0kxioSya2YNF-a7Fekw,taylors-south-carolina
https://www.ubereats.com/greenville-sc/food-delivery/hooties-burger-bar-2401-laurens-road/HDBNYvqeQU67rddgVaE55w,taylors-south-carolina
https://www.ubereats.com/greenville-sc/food-delivery/cantinflas-mexican-and-vegeterian/pMqXbH9CS7K1NHgwRPYpSg,taylors-south-carolina
https://www.ubereats.com/greenville-sc/food-delivery/kanpai-of-tokyo-haywood-rd/E5DtKMhIT-S6qKpM0IQhjQ,taylors-south-carolina
https://www.ubereats.com/greenville-sc/food-delivery/quaker-steak-%26-lube-10-chrome-dr/TlBpZNkZQ6iD1UYyDequMQ,taylors-south-carolina
https://www.ubereats.com/greenville-sc/food-delivery/spinx-498-the-parkway/Kht29ayNS36SLLih1KnSkA,taylors-south-carolina
https://www.ubereats.com/greenville-sc/food-delivery/zoes-kitchen-2123-augusta-street-ste-a/pmOu_W6CScKj8_Squ1F9Yw,taylors-south-carolina
https://www.ubereats.com/greenville-sc/food-delivery/arbys-7039/9Sp2PqMLSM6YvHs1J-WS2g,taylors-south-carolina
https://www.ubereats.com/greenville-sc/food-delivery/mcdonalds-103-hammett-bridge-rd/mO12dSw9SXml4xqXzAcDLg,taylors-south-carolina
https://www.ubereats.com/greenville-sc/food-delivery/craft-670-greenville/dQhbcVpCSy2oFVf902jbBg,taylors-south-carolina
https://www.ubereats.com/greenville-sc/food-delivery/dunkin-2903-n-pleasantburg-dr/LOFlYHmqQWy4H6deT9DR6w,taylors-south-carolina
https://www.ubereats.com/greenville-sc/food-delivery/hooters-2401-laurens-road/Yv4jCgl4QPq3lr8aUqwugw,taylors-south-carolina
https://www.ubereats.com/greenville-sc/food-delivery/zaxbys-403-west-butler-rd/NOXv4dT7RhSAj9bu2qHJYA,taylors-south-carolina
https://www.ubereats.com/greenville-sc/food-delivery/outback-steakhouse-21-orchard-park-drive-suite-1/DxeRaIfeTJOkZnkDZ6gfdA,taylors-south-carolina
https://www.ubereats.com/greenville-sc/food-delivery/joy-of-tokyo-15-pelham-rd/ss8OhxafSIessj85xzbIow,taylors-south-carolina
https://www.ubereats.com/greenville-sc/food-delivery/golden-llama-peruvian-rotisserie-and-grill/pAzWTLkyRC-MpcRM6UlW6Q,taylors-south-carolina
https://www.ubereats.com/greenville-sc/food-delivery/bulgogi/mQ9hffjuQ4efCb4BGRwe-A,taylors-south-carolina
https://www.ubereats.com/greenville-sc/food-delivery/palmetto-restaurant-and-alehouse/UH57HtitRIemRG6dwmeR6A,taylors-south-carolina
https://www.ubereats.com/greenville-sc/food-delivery/another-broken-egg-cafe-green/UuvkpAVzRvyEX2ExRF58PA,taylors-south-carolina
https://www.ubereats.com/greenville-sc/food-delivery/which-wich-greenville/VoEjwr1kRHWhzNEGgJg8PA,taylors-south-carolina
https://www.ubereats.com/greenville-sc/food-delivery/joes-crab-shack-102-e-beacon-dr/EHZC9wLtRnuXpNz2BVADzw,taylors-south-carolina
https://www.ubereats.com/greenville-sc/food-delivery/sushi-hana/v_-CEj9kQveZAofg-LmQwQ,taylors-south-carolina
https://www.ubereats.com/greenville-sc/food-delivery/spinx-3135-brushy-creek-rd/ECydakA9SFm00KjmaV75EQ,taylors-south-carolina
https://www.ubereats.com/greenville-sc/food-delivery/starbucks-n-pleasantburg-%26-hwy-253/kOTHOr9gQKmtARtgSBsnTw,taylors-south-carolina
https://www.ubereats.com/greenville-sc/food-delivery/mike-and-jeffs-bbq-diner/xYgb8WeGSke9f7rzCiAGMA,taylors-south-carolina
https://www.ubereats.com/greenville-sc/food-delivery/papa-johns-1311-w-wade-hampton-blvd/oZK4qF2BQjCzHbGWeu8e4A,taylors-south-carolina
https://www.ubereats.com/greenville-sc/food-delivery/joy-of-tokyo-hampton-blvd/l6ztTTXMRc-WaRfPoyz5eg,taylors-south-carolina
https://www.ubereats.com/greenville-sc/food-delivery/papa-johns-3093-hwy-14-south/-FTKGTIOQ5y2djKdVQqOyw,taylors-south-carolina
https://www.ubereats.com/greenville-sc/food-delivery/mr-eggo-little-india/a3PFIvfAQoey-Vyo6vjmsQ,taylors-south-carolina
https://www.ubereats.com/greenville-sc/food-delivery/up-on-the-roof/QSbE1c_lR4axkXtAiEo6yg,taylors-south-carolina
https://www.ubereats.com/greenville-sc/food-delivery/golden-llama-peruvian-rotisserie-and-grill/4iYZKNJ0T1uVC4xWZKuUBQ,taylors-south-carolina
https://www.ubereats.com/greenville-sc/food-delivery/mcalisters-deli-1708-b-augusta-street/bX6EQEblRq-9nmmgfO13vw,taylors-south-carolina
https://www.ubereats.com/greenville-sc/food-delivery/iron-hill-brewery-%26-restaurant-greenville/M2HUiZaeT_q80DsRaO3DFQ,taylors-south-carolina
https://www.ubereats.com/greenville-sc/food-delivery/spinx-901-marue-dr/eoaGMWl1Rgypz8TM5Xf6JA,taylors-south-carolina
https://www.ubereats.com/greenville-sc/food-delivery/maple-street-biscuit-company-downtown-greenville/VYo0FFmbR_uiss-2yFyp4A,taylors-south-carolina
https://www.ubereats.com/greenville-sc/food-delivery/ihop-1-park-woodruff-drive/vNeEoDNZSumvwjEYsLzARg,taylors-south-carolina
https://www.ubereats.com/greenville-sc/food-delivery/mcdonalds-6125-wade-hampton-blvd/-oUGsuhYRaiYFfZczejbiw,taylors-south-carolina
https://www.ubereats.com/greenville-sc/food-delivery/taco-bell-2-mills-avenue/gtYN57kNTo2WqGRDicwEAQ,taylors-south-carolina
https://www.ubereats.com/greenville-sc/food-delivery/zaxbys-3830-e-north-street/knjKrnKxQ1Czo1C76EC9IQ,taylors-south-carolina
https://www.ubereats.com/greenville-sc/food-delivery/tsunami-of-greenville/B5Ned5nwQfWpkUMvrSnWzA,taylors-south-carolina
https://www.ubereats.com/greenville-sc/food-delivery/antonino-bertolos-pizza-and-wine-bar/PwlpXB8zRYeqrhGJcyHWUw,taylors-south-carolina
https://www.ubereats.com/greenville-sc/food-delivery/el-carriel/hO2BLNK4Qdq9N4A237bsSA,taylors-south-carolina
https://www.ubereats.com/greenville-sc/food-delivery/pdq-3906-pelham-road/QVubndnDRS2qQdClbz8bVA,taylors-south-carolina
https://www.ubereats.com/greenville-sc/food-delivery/pf-changs-1127-woodruff-rd/yHJnktmxTFm5AIYq8Q7_cw,taylors-south-carolina
https://www.ubereats.com/greenville-sc/food-delivery/wow-bao-681-halton-rd/ihPnJKdPSd2iTmxjeUlACg,taylors-south-carolina
https://www.ubereats.com/greenville-sc/food-delivery/low-country-shrimper/IueyMPShTbqOeYVm8KVfhA,taylors-south-carolina
https://www.ubereats.com/greenville-sc/food-delivery/zaxbys-2707-wade-hampton-blvd/QIYkwKOnSGusKYbF_Z4dlQ,taylors-south-carolina
https://www.ubereats.com/greenville-sc/food-delivery/pita-mediterranean-street-food-greenville/04We7adIQoKgMJ4PeMMo_A,taylors-south-carolina
https://www.ubereats.com/greenville-sc/food-delivery/wendys-943-n-pleasantburg-dr/lRNNgegUQMmf4fMQIYqtew,taylors-south-carolina
https://www.ubereats.com/greenville-sc/food-delivery/jersey-mikes-subs-1507-woodruff-road/EidR0kLvQP6cjlkQPxpoEg,taylors-south-carolina
https://www.ubereats.com/greenville-sc/food-delivery/twin-peaks-1034-woodruff-rd/jewBIhppS-KGwVN4EKq4yg,taylors-south-carolina
https://www.ubereats.com/greenville-sc/food-delivery/sonnys-grill/vTmYP-4ETK2jhekXwYi0iQ,taylors-south-carolina
https://www.ubereats.com/greenville-sc/food-delivery/another-broken-egg-cafe-greenville/B_jCl8yiSd-X-vlCdPpU_w,taylors-south-carolina
https://www.ubereats.com/greenville-sc/food-delivery/mcdonalds-5050-old-buncombe-rd/p_qAxCwhSzW2lBQ5Al3RXw,taylors-south-carolina
https://www.ubereats.com/greenville-sc/food-delivery/compadres-mex-mex-grill/Xz25SJMfTca0B33U7a49mw,taylors-south-carolina
https://www.ubereats.com/greenville-sc/food-delivery/taco-bell-3709-pelham-road/bPatxTfRSgmz1BsZuZJz5A,taylors-south-carolina
https://www.ubereats.com/greenville-sc/food-delivery/saffron-indian-cuisine-1178-woodruff-rd-ste-16/76EEOtS5Q7qcQVyvWs0z6w,taylors-south-carolina
https://www.ubereats.com/greenville-sc/food-delivery/cracker-barrel-old-country-store-1134-woodruff-road/ll4VcEnqRkez1hnhf90-tg,taylors-south-carolina
https://www.ubereats.com/greenville-sc/food-delivery/vitos-pizza-and-subs/3-ScNAR8QUiRDLv0bk2zzA,taylors-south-carolina
https://www.ubereats.com/greenville-sc/food-delivery/buckys-bar-b-q/aHT2L3r3Q_OD0Fup1VX8Bw,taylors-south-carolina
https://www.ubereats.com/greenville-sc/food-delivery/kfc-3200-n-pleasantburg-drive/w2_zJde9TMyLBGzDnkuiIQ,taylors-south-carolina
https://www.ubereats.com/greenville-sc/food-delivery/on-the-border-greenville/sHkf2fZqSEaxdzEerh4-rw,taylors-south-carolina
https://www.ubereats.com/greenville-sc/food-delivery/buffalo-wild-wings-1125-woodruff-rd-ste-1300/Mg7oUvshTlKIq_90urbdnA,taylors-south-carolina
https://www.ubereats.com/greenville-sc/food-delivery/bento-boys/5Nb_T0O7TwCRqHXxIh25Pg,taylors-south-carolina
https://www.ubereats.com/greenville-sc/food-delivery/spinx-1233-w-wade-hampton-blvd/o36XE_QRTrSu5Zg0knu5LQ,taylors-south-carolina
https://www.ubereats.com/greenville-sc/food-delivery/compadres-mex-mex-grill/BOa2Zhe-TJWKftZL3x63tA,taylors-south-carolina
https://www.ubereats.com/greenville-sc/food-delivery/firebirds-wood-fired-grill-1025-woodruff-rd/K9ggokUvRJmeJY4OCKJuPg,taylors-south-carolina
https://www.ubereats.com/greenville-sc/food-delivery/tgi-fridays-2085-greenville-sc/9cTtfGppTGK9e7KgQFc0YA,taylors-south-carolina
https://www.ubereats.com/greenville-sc/food-delivery/chophouse-47/f457ATyxS4qp9Xbdj7gxgw,taylors-south-carolina
https://www.ubereats.com/greenville-sc/food-delivery/firehouse-subs-3935-pelham/l5MAmWTYRYywm2HycYqqyg,taylors-south-carolina
https://www.ubereats.com/greenville-sc/food-delivery/lake-view-steak-house/w490sQbYS0uEnlGrJtYM6A,taylors-south-carolina
https://www.ubereats.com/greenville-sc/food-delivery/hardees-3203-wade-hampton-blvd/A5mG6FV4SZStvyUjpW8sYw,taylors-south-carolina
https://www.ubereats.com/greenville-sc/food-delivery/flying-biscuit-cafe-downtown-west-end/n18seW_TSqKyWoxTFM4Mag,taylors-south-carolina
https://www.ubereats.com/greenville-sc/food-delivery/zaxbys-1511-poinsett-hwy/AYg7q9yFRgChgbvICC4njA,taylors-south-carolina
https://www.ubereats.com/greenville-sc/food-delivery/kilwins-greenville/07B4NdvzQE-3wfnLEkFaMg,taylors-south-carolina
https://www.ubereats.com/greenville-sc/food-delivery/kfc-1466-woodruff-road/9o_ForALTqiPEl4f-pbbYA,taylors-south-carolina
https://www.ubereats.com/greenville-sc/food-delivery/the-farehouse/dMKNjwedTIaQm2lgEThFfw,taylors-south-carolina
https://www.ubereats.com/greenville-sc/food-delivery/spinx-3475-wade-hampton-blvd/wAFUu1qUSiy7l8_nBRpysw,taylors-south-carolina
https://www.ubereats.com/greenville-sc/food-delivery/charleys-philly-steaks-700-haywood-rd/HvPWHJ4BS1KNruR0CqkJAw,taylors-south-carolina
https://www.ubereats.com/greenville-sc/food-delivery/taco-bell-1770-woodruff-road/TpmS0r1_R6uC0u8LBrqfTA,taylors-south-carolina
https://www.ubereats.com/greenville-sc/food-delivery/palmetto-proper/KxK1cLsuQpWLIdsvdWhVXQ,taylors-south-carolina
https://www.ubereats.com/greenville-sc/food-delivery/subway-3027-wade-hampton-blvd/Zyk__XRjTrOXygNf4HqHdg,taylors-south-carolina
https://www.ubereats.com/greenville-sc/food-delivery/sourdough-%26-co-taylors/Z1zQmEmTSAusYptqKIPnfQ,taylors-south-carolina
https://www.ubereats.com/greenville-sc/food-delivery/your-pie-pizza-greenville/LX_B-C2uQf-Fa0_Th5GdGA,taylors-south-carolina
https://www.ubereats.com/greenville-sc/food-delivery/s-%26-s-cafeteria-pleasantburg/83S5WZgGTtqPY91pH7ArIA,taylors-south-carolina
https://www.ubereats.com/greenville-sc/food-delivery/burger-king-2601-locust-hill-road/C9XruyBYRXKLTpGY8xi2Ow,taylors-south-carolina
https://www.ubereats.com/greenville-sc/food-delivery/bojangles-famous-chicken-%26-biscuits-1124-2545-n-pleasantburg-drive/ZEVVdvJmQYuQxpWrRqXsvw,taylors-south-carolina
https://www.ubereats.com/greenville-sc/food-delivery/five-guys-sc-1149-3281-n-pleasantburg-rd/_LXp1ciWQiCoEXNedKCBSw,taylors-south-carolina
https://www.ubereats.com/greenville-sc/food-delivery/schlotzskys-103-old-boiling-springs-road/BuD69nMsQEGwl4jkretf9Q,taylors-south-carolina
https://www.ubereats.com/greenville-sc/food-delivery/crate-restaurant-%26-wine-bar/QN4hb5u2TPWRVqB_Vjevzw,taylors-south-carolina
https://www.ubereats.com/greenville-sc/food-delivery/moes-southwest-grill-3700-pelham-road/BGHmZJfnRNuIlCqYU5Zaqg,taylors-south-carolina
https://www.ubereats.com/greenville-sc/food-delivery/ihop-1494-w-wade-hampton-blvd/rjtCA6sFQkqZiGR7TKAcFw,taylors-south-carolina
https://www.ubereats.com/greenville-sc/food-delivery/dunkin-101-the-parkway/tbuwd-IQRLGjWuWzP5-TqA,taylors-south-carolina
https://www.ubereats.com/greenville-sc/food-delivery/fuddruckers-1147-woodruff-road/6yfKlQLKQg6Y0oJ21rV1kA,taylors-south-carolina
https://www.ubereats.com/greenville-sc/food-delivery/firehouse-subs-taylors/4K7qtcZYSIinGFf4K1LBMw,taylors-south-carolina
https://www.ubereats.com/greenville-sc/food-delivery/sbarro-700-haywood-rd-sp-f2/Y0lmStQdReauWWByZ_Z-eQ,taylors-south-carolina
https://www.ubereats.com/greenville-sc/food-delivery/spinx-94-allen-st/ZAHpF8vXSPy7fzBNaiZUQA,taylors-south-carolina
https://www.ubereats.com/greenville-sc/food-delivery/carolina-ale-house-downtown-greenville/PM8KKTSrQFO-V7oeLogqmg,taylors-south-carolina
https://www.ubereats.com/greenville-sc/food-delivery/brooklyns-pizza-%26-wings/bom1SOsFRTaBb6YoFPyLWQ,taylors-south-carolina
https://www.ubereats.com/greenville-sc/food-delivery/stax-omega-diner/O0iLMJ89TUmDc49d96AklQ,taylors-south-carolina
https://www.ubereats.com/greenville-sc/food-delivery/pasquallys-pizza-%26-wings-253-congaree-rd/WZ82hjYES-WP1PfDaGq9UQ,taylors-south-carolina
https://www.ubereats.com/greenville-sc/food-delivery/burger-king-651-haywood-road/UgJGP88rTUiey5iQ1UBQlQ,taylors-south-carolina
https://www.ubereats.com/greenville-sc/food-delivery/mcdonalds-3618-pelham-rd/Yil9VUtJTKmVOrz5Szs-nQ,taylors-south-carolina
https://www.ubereats.com/greenville-sc/food-delivery/mellow-mushroom-1-augusta-st/yStXmFNmR9Wi7lInjxkV_Q,taylors-south-carolina
https://www.ubereats.com/greenville-sc/food-delivery/burger-king-6029-wade-hampton-boulevard/ioTZSq83Tku_d31SFbf5KQ,taylors-south-carolina
https://www.ubereats.com/greenville-sc/food-delivery/spinx-2497-s-hwy-14/rs1l7fgCQ6G8I4rspK1hYA,taylors-south-carolina
https://www.ubereats.com/greenville-sc/food-delivery/hardees-3-pelham-rd/kVAqXC0TT6u1Cwp4waj7BQ,taylors-south-carolina
https://www.ubereats.com/greenville-sc/food-delivery/firehouse-subs-765-haywood/CJQOgAumSw-E_OlNpHUDPg,taylors-south-carolina
https://www.ubereats.com/greenville-sc/food-delivery/tropical-smoothie-cafe-1118-woodruff-road-suite-b/i9nkf3iNQiu3lKSwkhaaSw,taylors-south-carolina
https://www.ubereats.com/greenville-sc/food-delivery/applebees-6200-white-horse-road/kOjFS0YdRNKxXLi397lFRw,taylors-south-carolina
https://www.ubereats.com/greenville-sc/food-delivery/zen-ramen-%26-sushi-burrito/5GyyZn0xR1qNsxm2ahzupw,taylors-south-carolina
https://www.ubereats.com/greenville-sc/food-delivery/tropical-smoothie-cafe-3704-pelham-road/fBJ0KUwIS0KJcsn19Xxo1g,taylors-south-carolina
https://www.ubereats.com/greenville-sc/food-delivery/tupelo-honey-greenville/EvJJ3psMS0KL1zN099vQMw,taylors-south-carolina
https://www.ubereats.com/greenville-sc/food-delivery/red-robin-665-1125-woodruff-rd-suite-1400/0S-Lfku_T-iHjBzelJm1oA,taylors-south-carolina
https://www.ubereats.com/greenville-sc/food-delivery/viva-villa-mexican-grill/qEg1Jj5-Tgq1J4Ypmbvv2A,taylors-south-carolina
https://www.ubereats.com/greenville-sc/food-delivery/wendys-1331-w-wade-hampton-blvd/5YUEWm3JQsqXcpVgvbPZBA,taylors-south-carolina
https://www.ubereats.com/greenville-sc/food-delivery/jersey-mikes-subs/VkBA5A5mSAWVSdgdjzangg,taylors-south-carolina
https://www.ubereats.com/greenville-sc/food-delivery/sourdough-%26-co-greenville/a58cQhgETpCJN1ZQ0lnZjA,taylors-south-carolina
https://www.ubereats.com/greenville-sc/food-delivery/buckys-bar-b-q/FRqCP8gDQbO-RVzhfXKEdg,taylors-south-carolina
https://www.ubereats.com/greenville-sc/food-delivery/hardees-1220-w-wade-hampton-blvd/Zb27iMxVSqezVYnAtacOtA,taylors-south-carolina
https://www.ubereats.com/greenville-sc/food-delivery/kairos-mediterranean-%23102/4_rPVvH0Qd-KZpxYoH3VIQ,taylors-south-carolina
https://www.ubereats.com/greenville-sc/food-delivery/the-ice-cream-shop/gpSyNQm6S4iQOpiscl_rTA,taylors-south-carolina
https://www.ubereats.com/greenville-sc/food-delivery/chuck-e-cheese-253-congaree-rd/-ID3WtjjT1-iqYzZ7M6FBg,taylors-south-carolina
https://www.ubereats.com/greenville-sc/food-delivery/ihop-915-wade-hampton-blvd/z-doLJSxTNyiytbxGHYnTw,taylors-south-carolina
https://www.ubereats.com/greenville-sc/food-delivery/rapid-fire-pizza-4100-pelham-rd/BoCumXAETS-g9ope00rXLA,taylors-south-carolina
https://www.ubereats.com/greenville-sc/food-delivery/puerto-vallarta-mexican-restaurant/i8EBIpV0SD-K41j2GiXXDg,taylors-south-carolina
https://www.ubereats.com/greenville-sc/food-delivery/jack-in-the-box-1106-n-pleasantburg-dr/9iAMss7dT2CtjT_iATaX7A,taylors-south-carolina
https://www.ubereats.com/greenville-sc/food-delivery/zaxbys-824-s-church-street/65FuKqR9TtONxEV1ubfu9A,taylors-south-carolina
https://www.ubereats.com/greenville-sc/food-delivery/chipotle-mexican-grill-4-market-point-dr-ste-c/hTvr5H-GTXSaTwCAppVVrQ,taylors-south-carolina
https://www.ubereats.com/greenville-sc/food-delivery/joy-of-tokyo-pleasantburg-dr/lfMADiTTRYiW_Xn7JxCg5g,taylors-south-carolina
https://www.ubereats.com/greenville-sc/food-delivery/bojangles-famous-chicken-%26-biscuits-594-112-wade-hampton-blvd-w/cV3wriZTSeGVeP1MWxTMkw,taylors-south-carolina
https://www.ubereats.com/greenville-sc/food-delivery/zoes-kitchen-1130-woodruff-rd-suite-c/_n8tXV7uRkW1U55YkqSkLQ,taylors-south-carolina
https://www.ubereats.com/greenville-sc/food-delivery/white-duck-taco/wHrSSeG7S7iCTl6l9bCTmw,taylors-south-carolina
https://www.ubereats.com/greenville-sc/food-delivery/uncle-bertos-burritos/QbqYjHIkRxejZX1UrFf9MQ,taylors-south-carolina
https://www.ubereats.com/greenville-sc/food-delivery/corona-mexican-restaurant/JWAxDWc2SfO1rlvhDd1ioQ,taylors-south-carolina
https://www.ubereats.com/greenville-sc/food-delivery/chick-fil-a-1379-w-wade-hampton-blvd/Yw4AHzTTQ8uXMJDf8HzJwQ,taylors-south-carolina
https://www.ubereats.com/greenville-sc/food-delivery/asada/kdJO8bVXQgm6enzXOI-HIA,taylors-south-carolina
https://www.ubereats.com/greenville-sc/food-delivery/papa-johns-1507-poinsett-highway/2GTOFbwNQ0uwWHWhQGvQ0A,taylors-south-carolina
https://www.ubereats.com/greenville-sc/food-delivery/ruths-chris-steak-house-congaree-road/opUDg3Y8SuSmmsVkVUUFcQ,taylors-south-carolina
https://www.ubereats.com/greenville-sc/food-delivery/subs-%26-clubs/kSvHYjtvT3GV2VxYx6vL0g,taylors-south-carolina
https://www.ubereats.com/greenville-sc/food-delivery/copper-river-grill-greer/U7u7AiJ7T3-XdOOUMwqbkQ,taylors-south-carolina
https://www.ubereats.com/greenville-sc/food-delivery/red-lobster-1940-wade-hampton-blvd/BQ0XW1CzS_KRVqk030A7AA,taylors-south-carolina
https://www.ubereats.com/greenville-sc/food-delivery/cantina-76n-main-st/-zxTyerBTTyKXRfr1O9bmw,taylors-south-carolina
https://www.ubereats.com/greenville-sc/food-delivery/mcdonalds-630-howell-rd/2nDD7Qy4SFeWjTP-Rh0TNw,taylors-south-carolina
https://www.ubereats.com/greenville-sc/food-delivery/greenfields-bagels-%26-deli/kEQd_2vNQzqFevKw0x3Fmg,taylors-south-carolina
https://www.ubereats.com/greenville-sc/food-delivery/copper-river-grill-greenville/P-mKSMofROmNFXwzUgQrVA,taylors-south-carolina
https://www.ubereats.com/greenville-sc/food-delivery/jersey-mikes-1311-w-wade-hampton-blvd/x2vmlzXJQPus-ZUJbJghaA,taylors-south-carolina
https://www.ubereats.com/greenville-sc/food-delivery/southern-palate/3_uI--CrS2G4k63Vq34XDg,taylors-south-carolina
https://www.ubereats.com/greenville-sc/food-delivery/pizza-artista/Q_TnaBgGSU2Y6BX2g9eugg,taylors-south-carolina
https://www.ubereats.com/greenville-sc/food-delivery/burger-king-5013-pelham-road/CTzkL5ekTmeIcbJKVlc5YA,taylors-south-carolina
https://www.ubereats.com/greenville-sc/food-delivery/krispy-kreme-302-n-pleasantburg-drive/zevcdsKYRkKiBNoXI6nPUw,taylors-south-carolina
https://www.ubereats.com/greenville-sc/food-delivery/kfc-1329-w-wade-hampton-blvd/fDNBjG5PTVqDnyrKXmDXsQ,taylors-south-carolina
https://www.ubereats.com/greenville-sc/food-delivery/kfc-308-w-butler-road/XspCy1QbQiyMKmVVqqCDZg,taylors-south-carolina
https://www.ubereats.com/greenville-sc/food-delivery/panera-6015-wade-hampton-boulevard/6XSWPh9qQvWqoUuja16dbA,taylors-south-carolina
https://www.ubereats.com/greenville-sc/food-delivery/taco-bell-1301j-w-wade-hampton-blvd/TRnOwiyyRf-USEv5z9W0Bw,taylors-south-carolina
https://www.ubereats.com/greenville-sc/food-delivery/just-one-more/4vzRqFYqSKunN-fNv1vdtQ,taylors-south-carolina
https://www.ubereats.com/greenville-sc/food-delivery/brusters-real-ice-cream-207-pelham-rd/6aeKhPsDSuWa54Ey7pi65g,taylors-south-carolina
https://www.ubereats.com/greenville-sc/food-delivery/dennys-2521-wade-hampton/AoFOTgDpQqaQUIBjXhKGtw,taylors-south-carolina
https://www.ubereats.com/greenville-sc/food-delivery/applebees-704-w-wade-hampton-blvd/kIWZWPk2T6iVMeAhMuC0Ow,taylors-south-carolina
https://www.ubereats.com/greenville-sc/food-delivery/dunkin-722-grove-rd/r-PSrenISoKSm8TNHLZOkA,taylors-south-carolina
https://www.ubereats.com/greenville-sc/food-delivery/habiba-mediterranean-restaurant/v2jhMDVCQSCIalv1z0D6Jg,taylors-south-carolina
https://www.ubereats.com/greenville-sc/food-delivery/shuckin-shack-oyster-bar/dzUu1bbYTwOQ8zVCafftTg,taylors-south-carolina
https://www.ubereats.com/greenville-sc/food-delivery/wendys-2711-a-wade-hampton-blvd/R_tYYG5uRHSfDt0dSIrT3A,taylors-south-carolina
https://www.ubereats.com/greenville-sc/food-delivery/503-bonefish-grill-1515-woodruff-rd/EL3NWYhGRv6yFiFqtXebvQ,taylors-south-carolina
https://www.ubereats.com/greenville-sc/food-delivery/happy-%2B-hale/uOv380bjQAasdusErNAQWg,taylors-south-carolina
https://www.ubereats.com/greenville-sc/food-delivery/mei-garden/G8tVPNL_RJ-Tei-oDL0tdQ,taylors-south-carolina
https://www.ubereats.com/greenville-sc/food-delivery/wendys-4100-pelham-rd/8XX-6dVETr2LRK6hNyuf9A,taylors-south-carolina
https://www.ubereats.com/greenville-sc/food-delivery/bada-bing-pizzeria/hmHAotciTt-rUQLoG0OJiw,taylors-south-carolina
https://www.ubereats.com/greenville-sc/food-delivery/steak-n-shake-499-congaree-road/2RfbImJtT3eI8-3WevpWWg,taylors-south-carolina
https://www.ubereats.com/greenville-sc/food-delivery/firehouse-subs-1781-woodruff/37QU_fmyTm-3Y6Ao-n_HXA,taylors-south-carolina
https://www.ubereats.com/greenville-sc/food-delivery/zaxbys-1220-woodruff-rd/NibbrGVJTQq9gaVJzWrBIw,taylors-south-carolina
https://www.ubereats.com/greenville-sc/food-delivery/panda-express-1102-woodruff-road/G--R44h9Tvu3u3oRpLyY4Q,taylors-south-carolina
https://www.ubereats.com/greenville-sc/food-delivery/area-51-foods/fsGZO-bEQ_OMcLUIVHqJ4A,taylors-south-carolina
https://www.ubereats.com/greenville-sc/food-delivery/starbucks-wade-hampton-blvd-%26-brannon-dr/4g1tOPn6RVqc4EaPzlR4Pg,taylors-south-carolina
https://www.ubereats.com/greenville-sc/food-delivery/maple-street-biscuit-company-five-forks/rooyS1qmQX22YEKC9Z5QHw,taylors-south-carolina
https://www.ubereats.com/greenville-sc/food-delivery/papa-johns-624-howell-rd/M5LpAtdcTs2bPJ5DsChwcA,taylors-south-carolina
https://www.ubereats.com/greenville-sc/food-delivery/spinx/_l18PgaJRcC-wGcYDCHdFg,taylors-south-carolina
https://www.ubereats.com/greenville-sc/food-delivery/taco-bell-3207-n-pleasantburg-dr/Byl835YGQwK9U63ZbtxNmg,taylors-south-carolina
https://www.ubereats.com/greenville-sc/food-delivery/purple-international-bistro-%26-sushi/tT7tA0TvQTKhhnYsveJkuw,taylors-south-carolina
https://www.ubereats.com/greenville-sc/food-delivery/ruths-chris-steak-house-250-riverplace/U0tTSoj8RS2_1wQ3kpH-aQ,taylors-south-carolina
https://www.ubereats.com/greenville-sc/food-delivery/starbucks-i-85-%26-pelham-pkwy/j6j7965tRQyq-SQJ47nV-w,taylors-south-carolina
https://www.ubereats.com/greenville-sc/food-delivery/koi-asian-bistro/JgFxIrLeQRCPXHpfUOnYXA,taylors-south-carolina
https://www.ubereats.com/greenville-sc/food-delivery/bojangles-famous-chicken-%26-biscuits-1184-900-s-buncombe-road/wDv485TRTryU6wu7Mh7oTA,taylors-south-carolina
https://www.ubereats.com/greenville-sc/food-delivery/hardees-14520-e-wade-hampton-blvd/oLuX0mdeQfyQX1PxJ11hRg,taylors-south-carolina
https://www.ubereats.com/greenville-sc/food-delivery/tokyo-grill-express/9uk9YU4CQo2gRNGcSODm_g,taylors-south-carolina
https://www.ubereats.com/greenville-sc/food-delivery/great-american-cookies-700-haywood-road/eGC7o-qJTZS5k9dhpRYYZQ,taylors-south-carolina
https://www.ubereats.com/greenville-sc/food-delivery/golden-corral-3240-n-pleasantburg-drive/gwkjRPvWQZ68EL0z3AeiJA,taylors-south-carolina
https://www.ubereats.com/greenville-sc/food-delivery/greentops-kitchen/C3C1yT92QPyVhnkygWOsKw,taylors-south-carolina
https://www.ubereats.com/greenville-sc/food-delivery/sweetberry-bowls-greenville/T7XktfNRSEmC40cpcGRs3A,taylors-south-carolina
https://www.ubereats.com/greenville-sc/food-delivery/wild-wing-cafe-greenville-magnolia/FzUbc1w8Saiiloq4zTZmww,taylors-south-carolina
https://www.ubereats.com/greenville-sc/food-delivery/iras-chicken/ap9xiHNsQj2thJSuOf8kxg,taylors-south-carolina
https://www.ubereats.com/greenville-sc/food-delivery/burger-king-909-gsp-drive/qApSpXtvTCmErb2Bof-OWg,taylors-south-carolina
https://www.ubereats.com/greenville-sc/food-delivery/firehouse-subs-1205-west-wad/EsJcOeckQjiFx63dDEKRUQ,taylors-south-carolina
https://www.ubereats.com/greenville-sc/food-delivery/grimaldis-pizzeria-magnolia/wD1dqWrvTeayZKDhJMV5VA,taylors-south-carolina
https://www.ubereats.com/greenville-sc/food-delivery/tucanos-brazilian-grill-greenville/vnlf3qMbSW-dmXynpBASYw,taylors-south-carolina
https://www.ubereats.com/greenville-sc/food-delivery/sticky-fingers-ribhouse-greenville/BQtIO9X6SbOjG64xEpTknQ,taylors-south-carolina
https://www.ubereats.com/greenville-sc/food-delivery/five-guys-sc-1689/9e_f8z3sR0-pbImVcDqjzw,taylors-south-carolina
https://www.ubereats.com/greenville-sc/food-delivery/zaxbys-6169-white-horse-road/mx5W30vIRumU_zi9kPQRGA,taylors-south-carolina
https://www.ubereats.com/greenville-sc/food-delivery/spinx-2901-n-pleasantburg-dr/bRgJATJmTxeO8dQ3w5Qerg,taylors-south-carolina
https://www.ubereats.com/greenville-sc/food-delivery/eggs-up-grill-greenville-downtown/-L0dSBFGQ-edQGW_Bc25jw,taylors-south-carolina
https://www.ubereats.com/greenville-sc/food-delivery/taco-bell-2031-wade-hampton-blvd/MLeBBjB3R5axTMeBWM-YmQ,taylors-south-carolina
https://www.ubereats.com/greenville-sc/food-delivery/carrabbas-1022a-woodruff-road/uVfEK1_BRkW6g1TV21jikQ,taylors-south-carolina
https://www.ubereats.com/greenville-sc/food-delivery/laurendas-family-restaurant/MNvQUTjBTz6qxaUa5161Qg,taylors-south-carolina
https://www.ubereats.com/greenville-sc/food-delivery/corona-mexican-restaurant/bL1B8ly-R4u6idx-LThOZQ,taylors-south-carolina
https://www.ubereats.com/greenville-sc/food-delivery/carolina-ale-house-greenville-woodruff/XyBJFpsMTl29jTy07GIkww,taylors-south-carolina
https://www.ubereats.com/greenville-sc/food-delivery/jersey-mikes-1818-augusta-st/Nc-5zxVpQC-UUodWHd0lHw,taylors-south-carolina
https://www.ubereats.com/greenville-sc/food-delivery/five-guys-sc-0034-586-haywood-rd/CqclU0GBTGWh704TS7AMYg,taylors-south-carolina
https://www.ubereats.com/greenville-sc/food-delivery/joy-of-tokyo-3710-pelham-rd/WL6YXidqQ8-eY-OmF2zHrw,taylors-south-carolina
https://www.ubereats.com/greenville-sc/food-delivery/mcalisters-deli-535-a-congaree-rd/dzOuNvg3QQmcyaxc09F0zg,taylors-south-carolina
https://www.ubereats.com/greenville-sc/food-delivery/burgerim/XWZ9s5q6SqS5NmThoEnDog,taylors-south-carolina
https://www.ubereats.com/greenville-sc/food-delivery/wayback-burgers-woodruff-rd/qd8sX4uOQUqAubV2j_614Q,taylors-south-carolina
https://www.ubereats.com/greenville-sc/food-delivery/fatz-cafe-greer/U_1W0pZ4ScmBGZdJXFHtcA,taylors-south-carolina
https://www.ubereats.com/greenville-sc/food-delivery/applebees-430-congaree-road/BmLyEyudRpWe1RyH4OrdKA,taylors-south-carolina
https://www.ubereats.com/greenville-sc/food-delivery/mcdonalds-2109-wade-hampton-blvd/CS4xWjgrSzi4XRnxpzNQOg,taylors-south-carolina
https://www.ubereats.com/greenville-sc/food-delivery/popeyes-1109-west-wade-hampton/FpOkdJMgQEGhuQtLSchBLg,taylors-south-carolina
https://www.ubereats.com/greenville-sc/food-delivery/marys-at-falls-cottage/-dLI5U1NQTKP-WILis0axA,taylors-south-carolina
https://www.ubereats.com/greenville-sc/food-delivery/the-coliseum-billiards-and-sports-bar/B71hqV3IRSW_5GpfCKFR8g,taylors-south-carolina
https://www.ubereats.com/greenville-sc/food-delivery/zaxbys-807-s-batesville-rd/8ljU7EA3QUuckB3ke5inPg,taylors-south-carolina
https://www.ubereats.com/greenville-sc/food-delivery/spinx-619-rutherford/QV9WImSmQDazkw-Gcpjbsw,taylors-south-carolina
https://www.ubereats.com/greenville-sc/food-delivery/starbucks-wade-hampton-blvd-and-artiller/0SJvtjpNRyS6PyLr5XYnqQ,taylors-south-carolina
https://www.ubereats.com/greenville-sc/food-delivery/brusters-real-ice-cream-405-s-buncombe-rd/gvaT4NPSTgqO6cuECZ1P6g,taylors-south-carolina
https://www.ubereats.com/greenville-sc/food-delivery/el-molcajete/V4iYJ6EFTvaFeZ6TgzOkqg,taylors-south-carolina
https://www.ubereats.com/greenville-sc/food-delivery/dunkin-1129-w-wade-hampton-blvd/ig-DvJkDSD-BthvWbGIGTw,taylors-south-carolina
https://www.ubereats.com/greenville-sc/food-delivery/dunkin-1551-laurens-road/yoBLeTBWQEuzWvK97RuzpQ,taylors-south-carolina
https://www.ubereats.com/greenville-sc/food-delivery/eastside-bar/Pl3UHTPRSU2w-DBkftBLVA,taylors-south-carolina
https://www.ubereats.com/greenville-sc/food-delivery/five-guys-sc-0319-3935-pelham-rd/2gqEKyArStCOxfQyDIiwyw,taylors-south-carolina
https://www.ubereats.com/greenville-sc/food-delivery/clean-juice-1125-woodruff-road/fR_p3TmZRdicA02EwuPRyQ,taylors-south-carolina
https://www.ubereats.com/greenville-sc/food-delivery/chipotle-mexican-grill-640-haywood-rd/ZATZregFR4OSfuD85bYc0w,taylors-south-carolina
https://www.ubereats.com/greenville-sc/food-delivery/fuddruckers-6100-wade-hampton-blvd/_1Of0l76S5KhpthHonacog,taylors-south-carolina
https://www.ubereats.com/greenville-sc/food-delivery/best-in-show-gourmet-hot-dogs/JFrdnh-xQNOWksWkXV2XHg,taylors-south-carolina
https://www.ubereats.com/greenville-sc/food-delivery/the-pumphouse-bar-and-grill/kHROklPrRo6Ep6bogmsjEQ,taylors-south-carolina
https://www.ubereats.com/greenville-sc/food-delivery/zaxbys-113-batesville-rd/VsqsMG8-QuCYTAS7CdspRA,taylors-south-carolina
https://www.ubereats.com/greenville-sc/food-delivery/sticky-fingers-ribhouse/wXYK4QiVQNaqad-d7QYRjg,taylors-south-carolina
https://www.ubereats.com/greenville-sc/food-delivery/hans-%26-franz-biergarten/Le3VaW2BRK6dtSdxbuSTdg,taylors-south-carolina
https://www.ubereats.com/greenville-sc/food-delivery/starbucks-haywood-rd-%26-woods-crossing-rd/hlEFlMwmQlqRvom2JEKH3g,taylors-south-carolina
https://www.ubereats.com/greenville-sc/food-delivery/greenville-wing-%26-tender-factory-main-st/lsWA8pUQTBa7KmBItenxCg,taylors-south-carolina
https://www.ubereats.com/greenville-sc/food-delivery/persis-biryani-indian-grill/iy6V4m1mRWyGccYbJKPncg,taylors-south-carolina
https://www.ubereats.com/greenville-sc/food-delivery/krispy-kreme-1215-b-woodruff-rd/-FeLAX9xSV6JgJzoLwxiQg,taylors-south-carolina
https://www.ubereats.com/greenville-sc/food-delivery/charlie-graingers/a2ivUEspT8eW5597_l3Y7Q,taylors-south-carolina
https://www.ubereats.com/greenville-sc/food-delivery/cicis-pizza-greenville/qJizb4XASJWENuGm-fF8BQ,taylors-south-carolina
https://www.ubereats.com/greenville-sc/food-delivery/mcalisters-deli-1401-a-woodruff-road/BPyjAtfrRCa1zwfBt4fvJw,taylors-south-carolina
https://www.ubereats.com/greenville-sc/food-delivery/jersey-mikes-subs-215-pelham-rd/UkffwGqgQl2S73EL8Dn8dQ,taylors-south-carolina
https://www.ubereats.com/greenville-sc/food-delivery/california-dreaming-40-beacon-dr/No6u-zLXRWiFZOH_cFpFew,taylors-south-carolina
