url,city
https://www.ubereats.com/killeen/food-delivery/tamarindos/Yde_CC4ARlGLrJTSdTpl0Q,temple-texas
https://www.ubereats.com/killeen/food-delivery/jersey-mikes-subs-2608-n-main-street/XIn6D6mnSN6SiB8GicUIdw,temple-texas
https://www.ubereats.com/killeen/food-delivery/zaxbys-2002-south-31st-street/1UmOv7aUR6OME-iuPQt_Pg,temple-texas
https://www.ubereats.com/killeen/food-delivery/subway-7150-w-adams-ave-ste-105/p9D54D6-SmKJxVR14QlxDw,temple-texas
https://www.ubereats.com/killeen/food-delivery/long-john-silvers-3210-s-31st-street/79JGCQRRS2GqyNW6Cuxvyw,temple-texas
https://www.ubereats.com/killeen/food-delivery/mcalisters-deli-513-temple-tx-1092/oivxhw-JSuW0VcpHXEBNuQ,temple-texas
https://www.ubereats.com/killeen/food-delivery/chipotle-mexican-grill-3550-s-general-bruce-dr/MOoL4hLRRim4mkbIYdLZNA,temple-texas
https://www.ubereats.com/killeen/food-delivery/arbys-6490-w-adams-avenue/U0NW73jNQS67SLZObZg1xg,temple-texas
https://www.ubereats.com/killeen/food-delivery/mcdonalds-1601-w-adams/6ytCiPQvSLCDY1TGKzaSIw,temple-texas
https://www.ubereats.com/killeen/food-delivery/jimmys-egg/SBALnX6xTcCmJONdDuWjZg,temple-texas
https://www.ubereats.com/killeen/food-delivery/schlotzskys-2668-s-31st-street-suite-a/YpvpZez4R1OEojmOa3ZQlg,temple-texas
https://www.ubereats.com/killeen/food-delivery/mod-pizza-temple/ReaVIDa6TxuF5o2UCdctng,temple-texas
https://www.ubereats.com/killeen/food-delivery/hat-creek-burger-co-temple/xTsJ7IbzRa25QKrymmMPoQ,temple-texas
https://www.ubereats.com/killeen/food-delivery/freebirds-world-burrito-2320-s-31st-street-ste-100/MnPXStIKR163Skv9CAFC4A,temple-texas
https://www.ubereats.com/killeen/food-delivery/the-po-boy-shoppe/MOvV4RjVRFuW_NwymTBapA,temple-texas
https://www.ubereats.com/killeen/food-delivery/the-catch-temple/l0gAOEndQOSIQv4Bqv2zlQ,temple-texas
https://www.ubereats.com/killeen/food-delivery/la-romas-pizza-%26-subs/Bu60-CgLTMKg5yuefrEXBA,temple-texas
https://www.ubereats.com/killeen/food-delivery/sams-southern-eatery/yl9NgMEYTSeXkzI6J1tmNw,temple-texas
https://www.ubereats.com/killeen/food-delivery/papa-johns-2320-s-31st-st-suite-106/cNu6C2MESEWctL_whwfV7Q,temple-texas
https://www.ubereats.com/killeen/food-delivery/jack-in-the-box-3608-sw-hk-dodgen-loop/HZ9Tb8ulRwW9mOsuoEgyKQ,temple-texas
https://www.ubereats.com/killeen/food-delivery/schlotzskys-1012-east-2nd-avenue/0nOSUmv8R9-LyFSEZruubQ,temple-texas
https://www.ubereats.com/killeen/food-delivery/buffalo-wild-wings-2202-s-31st-st/FDGs8yE_QEKgYA9ootuwQg,temple-texas
https://www.ubereats.com/killeen/food-delivery/taqueria-mexicano-grill-%232/drcVv98SQrqg8HvYc726HA,temple-texas
https://www.ubereats.com/killeen/food-delivery/chick-fil-a-114-n-31st-st/smQa01znQ0SUBf8orEgh9A,temple-texas
https://www.ubereats.com/killeen/food-delivery/mcdonalds-6811-w-adams-ave/DwUCj8EkQ9GsqgBtQKGcIw,temple-texas
https://www.ubereats.com/killeen/food-delivery/tapa-tapas-authentic-mexican-restaurant/9diJcat5QumMRPurP3WnMw,temple-texas
https://www.ubereats.com/killeen/food-delivery/taco-cabana-3550-s-general-bruce-dr-bldg-h/FOEJ3EnnSom6GE2iyBEx5w,temple-texas
https://www.ubereats.com/killeen/food-delivery/pablos-tex-mex-restaurant/tggLJm1MS9CHGYa4En89Sg,temple-texas
https://www.ubereats.com/killeen/food-delivery/taco-bell-4331-n-general-bruce-dr/npZjFsSvTUqyH2xM4vftRQ,temple-texas
https://www.ubereats.com/killeen/food-delivery/obriens-pub/IQMIfqtSQ2uF7VMj_fDh7w,temple-texas
https://www.ubereats.com/killeen/food-delivery/taqueria-mexicano-grill-%233/qjM9-CcETMaHKO0UzEY1TA,temple-texas
https://www.ubereats.com/killeen/food-delivery/krab-kingz-temple/8XnbNcluTv-vsEzBqzmysg,temple-texas
https://www.ubereats.com/killeen/food-delivery/long-john-silvers-201-n-general-bruce-dr/klp_OJAATDyB1aM6EdZS9g,temple-texas
https://www.ubereats.com/killeen/food-delivery/applebees-1808-sw-hk-dodgen-loop/WQRlMnRAQN-VA-vjrba8Jw,temple-texas
https://www.ubereats.com/killeen/food-delivery/chick-fil-a-3303-s-31st-st/y209oF0CS1-w8laSRkpQdA,temple-texas
https://www.ubereats.com/killeen/food-delivery/jersey-mikes-subs-7425-w-adams-ave/JFZ3_WrtRbea366pB81d5Q,temple-texas
https://www.ubereats.com/killeen/food-delivery/cracker-barrel-old-country-store-3687-s-general-bruce-dr/5TswqKiATHaAhfR9UFwRMA,temple-texas
https://www.ubereats.com/killeen/food-delivery/jersey-mikes-subs-2102-s-31st-street/pdMli_aORL-D8mB5Q2D2PA,temple-texas
https://www.ubereats.com/killeen/food-delivery/mcdonalds-3814-s-general-bruce-dr/GzzHqFbeQ8-_HfHqie5YdA,temple-texas
https://www.ubereats.com/killeen/food-delivery/taco-bell-6820-w-adams-avenue/aTh1GcBDTCaIsENVsle-ng,temple-texas
https://www.ubereats.com/killeen/food-delivery/subway-3-n-29th-st/_gGyX7oiTlSpLNzlTeQHvA,temple-texas
https://www.ubereats.com/killeen/food-delivery/taco-bell-1000-spring-street/KU12YHWmS0uMGh9eVks52w,temple-texas
https://www.ubereats.com/killeen/food-delivery/napolis-italian-bistro/jTTZ467uRxC3gZK0-BT2tA,temple-texas
https://www.ubereats.com/killeen/food-delivery/bjs-restaurant-%26-brewhouse-3550-s-general-bruce-dr-building-g/2X87N_MZR6KGa2HomoiHhg,temple-texas
https://www.ubereats.com/killeen/food-delivery/subway-3550-s-general-bruce-dr/6PbNcRinRLCkaMusdSlI_g,temple-texas
https://www.ubereats.com/killeen/food-delivery/taqueria-el-mexicano-grill/xF85tuIXTb29wSB0JJKRrw,temple-texas
https://www.ubereats.com/killeen/food-delivery/burger-king-6934-west-adams-ave/Xr2Puax1RJqgQZFZyYsH0g,temple-texas
https://www.ubereats.com/killeen/food-delivery/taco-bell-1508-w-adams-ave/idb-SZhdTBCgghq-9kNBsg,temple-texas
https://www.ubereats.com/killeen/food-delivery/bird-creek-burger-co/Fq28BnixRhintZwpw8QtRA,temple-texas
https://www.ubereats.com/killeen/food-delivery/starbucks-i-35-%26-head/JQZd3PDISYyBSlCUGYBw9w,temple-texas
https://www.ubereats.com/killeen/food-delivery/between-the-bunz/g1CTptpaT0axyXXiEr77XA,temple-texas
https://www.ubereats.com/killeen/food-delivery/papa-murphys-2511-north-main-streetsuite-110-tx217/qZsJhHPDQCyEHLCaAsswew,temple-texas
https://www.ubereats.com/killeen/food-delivery/starbucks-31st-%26-dodgen/0VDaCUOFRk6hLPOlvy2StQ,temple-texas
https://www.ubereats.com/killeen/food-delivery/the-gin-at-nolan-creek/TfqnQhRTRwqFT5LddvkuMQ,temple-texas
https://www.ubereats.com/killeen/food-delivery/starbucks-west-adams-%26-hilliard/7wqmAzhKQ5aHyN825BicSA,temple-texas
https://www.ubereats.com/killeen/food-delivery/tuk-tuk-thai-express-and-boba/T8rvMV_-Sp6g5_Csl7CwmQ,temple-texas
https://www.ubereats.com/killeen/food-delivery/taco-bell-2600-n-main/O-efR8lwQy-uKIoddH96WA,temple-texas
https://www.ubereats.com/killeen/food-delivery/lilys-cakes-temple/Uufzu8fqQXSbjS2vcn5eaQ,temple-texas
https://www.ubereats.com/killeen/food-delivery/la-clasica-taqueria/lsGcOD_2QfaVXzFArDSW9g,temple-texas
https://www.ubereats.com/killeen/food-delivery/jack-in-the-box-204-w-adams-ave/EJVFTqbtSZ2exrmdmE2Ajw,temple-texas
https://www.ubereats.com/killeen/food-delivery/casa-ole-3111-s-31st-st/jZaZ73VIT8C3_19MhhdEcw,temple-texas
https://www.ubereats.com/killeen/food-delivery/thai-cafe/f0yOPU6JSv-NvH4N3fZsvg,temple-texas
https://www.ubereats.com/killeen/food-delivery/pignettis-italian-restaurant/NLNXolZUSPKL93qsmg5DmA,temple-texas
https://www.ubereats.com/killeen/food-delivery/popeyes-6512-w-adams-ave/98tifqb2Rw2xdEuCYmfitQ,temple-texas
https://www.ubereats.com/killeen/food-delivery/cotton-patch-cafe-3111-s-31st-st-ste-3043a/W71mZ7ZNRbe0DLDUaGtrjA,temple-texas
https://www.ubereats.com/killeen/food-delivery/italianos/w7URY2yHRPaRkB7eCfalPg,temple-texas
https://www.ubereats.com/killeen/food-delivery/jack-in-the-box-2808-oakmark-dr/PI8Ab1gpSGOBX2DAetILyA,temple-texas
https://www.ubereats.com/killeen/food-delivery/kfc-10-south-31st-street/V2DAWECxT9WifKLE4lKOqw,temple-texas
https://www.ubereats.com/killeen/food-delivery/schoepfs-bar-b-que/XUqxr2V2T3KLbFgDNPVuXA,temple-texas
https://www.ubereats.com/killeen/food-delivery/montereys-little-mexico-1712-sw-h-k-dodgen-loop/Al_sheH1T3OQQL7QfyQQ-Q,temple-texas
https://www.ubereats.com/killeen/food-delivery/wendys-2602-south-31st-street/Dn3ihtw9T_iXZ1_wbs7odg,temple-texas
https://www.ubereats.com/killeen/food-delivery/frys-restaurant/mmCgHEepRk-Rcisk6_2zkg,temple-texas
https://www.ubereats.com/killeen/food-delivery/churchs-chicken-1710-s-31st-street/UhJwTWT7SbCjmc5tDXYLHQ,temple-texas
https://www.ubereats.com/killeen/food-delivery/golden-corral-5101-s-general-bruce-dr/gTQObRZWRfGFwDOXjH37hA,temple-texas
https://www.ubereats.com/killeen/food-delivery/texans-grill/rIFHb9qwQBSrrGMRqBbQuQ,temple-texas
https://www.ubereats.com/killeen/food-delivery/papa-johns-2608-main-st-ste-d/CgqjMuUiSqeXNn0QaskapQ,temple-texas
https://www.ubereats.com/killeen/food-delivery/mcdonalds-3403-s-31st-st/3fMeY0IeQjGEiq4jZvdJyg,temple-texas
https://www.ubereats.com/killeen/food-delivery/taqueria-mexicano-grille-belton-%2313/Ouj2LtHmTlaqaccnOfeEUw,temple-texas
https://www.ubereats.com/killeen/food-delivery/dairy-queen-15-n-7th-st/0J9w0wK1SueTKdFwqep-4A,temple-texas
https://www.ubereats.com/killeen/food-delivery/panda-express-6840-w-adams-ave/yVceoFKZT-2mIREHdnoqPA,temple-texas
https://www.ubereats.com/killeen/food-delivery/nikis-roma-pizza/NL3LB2wITMKyNEvM4TmFBg,temple-texas
https://www.ubereats.com/killeen/food-delivery/wendys-12310-nw-h-k-dodgen-loop/a9EIbtckTEiIWWTtvUnx0g,temple-texas
https://www.ubereats.com/killeen/food-delivery/golden-chick-belton/A21jgG9IQGyVTTuZCDPvZQ,temple-texas
