url,city
https://www.ubereats.com/boston/food-delivery/lukes-roast-beef-%26-pizzeria/XM1gQflWQ3-Itlvr9Xru6Q,tewksbury-massachusetts
https://www.ubereats.com/boston/food-delivery/plaza-azteca-methuen/dx4jmfezRnu0FLs7ZtVIiA,tewksbury-massachusetts
https://www.ubereats.com/boston/food-delivery/the-street-food-rice-and-noodle/yxO0G4T1TSeoGnLETsYhLA,tewksbury-massachusetts
https://www.ubereats.com/boston/food-delivery/honey-dew-donuts-273-littleton-rd/HkqOWBHGQFOwOGfJ0q42-Q,tewksbury-massachusetts
https://www.ubereats.com/boston/food-delivery/neillios-gourmet-kitchen/Ugn2vwQMQjGeycEV1QinDg,tewksbury-massachusetts
https://www.ubereats.com/boston/food-delivery/dunkin-579-andover-st/ipgk1puATmebScgRm0s5cg,tewksbury-massachusetts
https://www.ubereats.com/boston/food-delivery/cocorays/2cZcnUdnQJWGDkRXvWfZGA,tewksbury-massachusetts
https://www.ubereats.com/boston/food-delivery/mcdonalds-50-broadway/ybg9N9rTSYuW5Bkb4_PypA,tewksbury-massachusetts
https://www.ubereats.com/boston/food-delivery/wing-squad-andover/o8rFDkezQ5WKIKYmt6_UXA,tewksbury-massachusetts
https://www.ubereats.com/boston/food-delivery/roccos-restaurant-%26-bar/3iXj7b8jT4mY_l9fkvNkZQ,tewksbury-massachusetts
https://www.ubereats.com/boston/food-delivery/dracut-house-of-pizza-%26-seafood/RhX3WAzlTy6eBbfAvJoU4w,tewksbury-massachusetts
https://www.ubereats.com/boston/food-delivery/china-buffet/0Mv4ffsYTECVkr1ntkNS4w,tewksbury-massachusetts
https://www.ubereats.com/boston/food-delivery/wing-squad-chelmsford/L0TmugWVTyWAw2ZjZopydQ,tewksbury-massachusetts
https://www.ubereats.com/boston/food-delivery/burger-king-280-lowell-street/1udbqAxMRLi1JSrfj6c7iw,tewksbury-massachusetts
https://www.ubereats.com/boston/food-delivery/tripoli-pizza-%26-bakery-lawrence/WSdNRsXNTxqLGSuW0ZKnBw,tewksbury-massachusetts
https://www.ubereats.com/boston/food-delivery/wendys-99-winthrop-ave/pPyemYzLSv6KAdTSgpNJww,tewksbury-massachusetts
https://www.ubereats.com/boston/food-delivery/boston-market-435-winthrop-rd/IgrPYs73R-ag5l11u78Quw,tewksbury-massachusetts
https://www.ubereats.com/boston/food-delivery/kfc-taco-bell-485-boston-road/xlCJRy3RSs-PnwhTr2GYNA,tewksbury-massachusetts
https://www.ubereats.com/boston/food-delivery/maya-gourmet/Ptv2oyWhSUCY5VoXLqruHA,tewksbury-massachusetts
https://www.ubereats.com/boston/food-delivery/mcdonalds-195-n-main-st/tt9XGzhLTlC7qDDdbS4WAA,tewksbury-massachusetts
https://www.ubereats.com/boston/food-delivery/tgi-fridays-641-methuen-ma/IDCj44deQquCmI8jg93s3w,tewksbury-massachusetts
https://www.ubereats.com/boston/food-delivery/rizzos-roast-beef-and-pizza/0dtw3rHVSceQtXOn8tFLSA,tewksbury-massachusetts
https://www.ubereats.com/boston/food-delivery/wendys-1460-middlesex-street/iIdbMgh0QYKsrp9pqGiT_Q,tewksbury-massachusetts
https://www.ubereats.com/boston/food-delivery/terra-luna-cafe/uA7H1QlfRdGojj8OO3KVqA,tewksbury-massachusetts
https://www.ubereats.com/boston/food-delivery/come-y-vete/0FbmHwKEQU-utmKVmvb_hg,tewksbury-massachusetts
https://www.ubereats.com/boston/food-delivery/dunkin-1500-broadway-rd/R27JAt2OTWmX-7F2n82FqQ,tewksbury-massachusetts
https://www.ubereats.com/boston/food-delivery/ejs-pizza-grab-and-go/KgcTHPYZRVuP15Tvmi1JyQ,tewksbury-massachusetts
https://www.ubereats.com/boston/food-delivery/dunkin-80-chelmsford-rd-petrolex-gas-station/50p2lPVoS2SvhweZgUAzjA,tewksbury-massachusetts
https://www.ubereats.com/boston/food-delivery/tripoli-pizza-%26-bakery-north-andover/aAcLOIm0TuyRdnR7UWE3Qw,tewksbury-massachusetts
https://www.ubereats.com/boston/food-delivery/edible-arrangements-319-merrimack-st-unit-4/wqZ2jll5QQqh-l-5y9X_BA,tewksbury-massachusetts
https://www.ubereats.com/boston/food-delivery/dunkin-612-middlesex-tpke-mobil-gas-station/0LynDc7XTBSXyn1M8nBdIQ,tewksbury-massachusetts
https://www.ubereats.com/boston/food-delivery/casa-velha-cafe-%26-eatery/DFs8ih8WQwWmmq1JeJhGYQ,tewksbury-massachusetts
https://www.ubereats.com/boston/food-delivery/dunkin-139-river-rd-mobil-gas-station/ZC7COlQRSUSn21w7gm4S2w,tewksbury-massachusetts
https://www.ubereats.com/boston/food-delivery/donut-dynasty/6hGfOqt6TYyG-Lg68BIZpA,tewksbury-massachusetts
https://www.ubereats.com/boston/food-delivery/the-establishment/YH04Ro4hRq2zVFNp8W6M1Q,tewksbury-massachusetts
https://www.ubereats.com/boston/food-delivery/ihop-95-main-st/5Rvu2TQ_QWWx50mu-WvBOQ,tewksbury-massachusetts
https://www.ubereats.com/boston/food-delivery/mcdonalds-1915-andover-st/gn3j7K30Tx2jXxGGj0IQjQ,tewksbury-massachusetts
https://www.ubereats.com/boston/food-delivery/little-delights-bakery/cgWh_ef-RyODxpQysn-0DQ,tewksbury-massachusetts
https://www.ubereats.com/boston/food-delivery/oscars-pinatas/SeEJv8B5Qf2Yv5hV7E2OXw,tewksbury-massachusetts
https://www.ubereats.com/boston/food-delivery/romanos-pizza-and-roast-beef-of-dracut/w8AYnNqcQauqRyUydcVLUw,tewksbury-massachusetts
https://www.ubereats.com/boston/food-delivery/burger-king-85-main-street/u4REToENSmCwVFdPAQTQ1w,tewksbury-massachusetts
https://www.ubereats.com/boston/food-delivery/cracker-barrel-old-country-store-1795-andover-st/_3qUc72ATA-lxCrzzmjGnQ,tewksbury-massachusetts
https://www.ubereats.com/boston/food-delivery/landana-grill/Rq6uVB3pR3q3aQoT7QHaGg,tewksbury-massachusetts
https://www.ubereats.com/boston/food-delivery/boston-chowda-co-north-andover/fsxltSTERcO4x-q0oAGRMA,tewksbury-massachusetts
https://www.ubereats.com/boston/food-delivery/mcdonalds-1-varnum-ave/w3R8653KQzaJY2wsfVMfmg,tewksbury-massachusetts
https://www.ubereats.com/boston/food-delivery/boston-market-40-drum-hill-rd/xQKTMUKPRByNeP0O2xzkkw,tewksbury-massachusetts
https://www.ubereats.com/boston/food-delivery/piezanos-pizza/fnX5m6TLQwyv0iEqAMsjdA,tewksbury-massachusetts
https://www.ubereats.com/boston/food-delivery/food-shines/JaKYd5SdRaKLmLFpJ5T55g,tewksbury-massachusetts
https://www.ubereats.com/boston/food-delivery/the-ice-cream-shop/-Mmj-deER3CMES3bAYPXYQ,tewksbury-massachusetts
https://www.ubereats.com/boston/food-delivery/indianstyle/VRkHyM67ToukWa9ij2QYKQ,tewksbury-massachusetts
https://www.ubereats.com/boston/food-delivery/subway-1700-shawsheen-st/QtrAvyKISpaVZj_xjcXZsA,tewksbury-massachusetts
https://www.ubereats.com/boston/food-delivery/dunkin-85-wilmington-rd/dLrXX6HcTAqJwlRYMN9Zgg,tewksbury-massachusetts
https://www.ubereats.com/boston/food-delivery/mcdonalds-599-andover-st/m7ZRNfGMS_e91UbpwVarbw,tewksbury-massachusetts
https://www.ubereats.com/boston/food-delivery/the-ice-cream-shop/eqxpSt7bRLCpxa7_PpvinQ,tewksbury-massachusetts
https://www.ubereats.com/boston/food-delivery/blue-lounge-%26-grill/OUHg9_lhSjaytnCy1vREzQ,tewksbury-massachusetts
https://www.ubereats.com/boston/food-delivery/the-ice-cream-shop/ZTIy4PkMSiq2TSbfqYrMGg,tewksbury-massachusetts
https://www.ubereats.com/boston/food-delivery/priya-indian-cuisine/Du_NeVwqRrqt9TVrweuxOQ,tewksbury-massachusetts
https://www.ubereats.com/boston/food-delivery/dunkin-1777-bridge-st/4O24WyslTXuS2WkUqpI8TQ,tewksbury-massachusetts
https://www.ubereats.com/boston/food-delivery/jimmys-pizza-too/t-LLenTaTxmDHC5ANTmE2w,tewksbury-massachusetts
https://www.ubereats.com/boston/food-delivery/jimmys-famous-pizza/9DF90b_zQdO9je5h4i8Zeg,tewksbury-massachusetts
https://www.ubereats.com/boston/food-delivery/pasquallys-pizza-%26-wings-199-plain-st-unit-5/r5agYBSGR0OsnRVGJ76Uyg,tewksbury-massachusetts
https://www.ubereats.com/boston/food-delivery/casa-blanca-mexican-restaurant-north-andover/Ga4F5qeMS1m77_5fFig2fg,tewksbury-massachusetts
https://www.ubereats.com/boston/food-delivery/muddy-waters-pub-%26-restaurant/bsp6dZARRNyZCYpfQ_s1eQ,tewksbury-massachusetts
https://www.ubereats.com/boston/food-delivery/meat-again-inc/X--wPnuiSX2gPE-rzkIFVg,tewksbury-massachusetts
https://www.ubereats.com/boston/food-delivery/balis-restauant/X-159rOaRU-odxTrI9nv1g,tewksbury-massachusetts
https://www.ubereats.com/boston/food-delivery/bertuccis-14-littleton-road/uxhzTyIdSsS94zmCf4j2tQ,tewksbury-massachusetts
https://www.ubereats.com/boston/food-delivery/casa-blanca-mexican-restaurant-wilmington/THTAf_kmRDq2SSwF3zk13Q,tewksbury-massachusetts
https://www.ubereats.com/boston/food-delivery/crown-fried-chicken-lawrence/_e9rASqpR0i5ojrmXjZw5Q,tewksbury-massachusetts
https://www.ubereats.com/boston/food-delivery/wing-squad-north-andover/NthqXpShRl69ful-OiWYbw,tewksbury-massachusetts
https://www.ubereats.com/boston/food-delivery/dascolis-pizza/AtVjcvkNQuG67ULCAD5PUQ,tewksbury-massachusetts
https://www.ubereats.com/boston/food-delivery/pikalo-empanadas/okCA8CWfT8eSryu7R8ofSA,tewksbury-massachusetts
https://www.ubereats.com/boston/food-delivery/gregs-pizza-roast-beef-and-seafood/i-6BXNB7SRW8vlXiNNMJvg,tewksbury-massachusetts
https://www.ubereats.com/boston/food-delivery/five-guys-ma-1609-90-drum-hill-rd/WGn1FX2ySsyIyx3CryUFHw,tewksbury-massachusetts
https://www.ubereats.com/boston/food-delivery/pizza-%26-sub-stop/7eCaC5KySzmbWIrqFAkE5A,tewksbury-massachusetts
https://www.ubereats.com/boston/food-delivery/bgood-82-mall-rd/fjoSEmUDQyWEwlOSsVd-Ng,tewksbury-massachusetts
https://www.ubereats.com/boston/food-delivery/vinaan-cafe/yqnd6d6RRxKXjiWVWqBimw,tewksbury-massachusetts
https://www.ubereats.com/boston/food-delivery/taco-bell-322-s-broadway/9as2Vn6nTk2-C_j_iUyYMQ,tewksbury-massachusetts
https://www.ubereats.com/boston/food-delivery/pizza-hazel/8PqDAwytQ2mLbo1vBeHV6Q,tewksbury-massachusetts
https://www.ubereats.com/boston/food-delivery/flavor-grill/nRlI3yrGSTewhBW9Exf4dA,tewksbury-massachusetts
https://www.ubereats.com/boston/food-delivery/grumpys-g/Wl5AZ6vPTSCSLVLLByA_Pg,tewksbury-massachusetts
https://www.ubereats.com/boston/food-delivery/little-caesars-pizza-430-bridge-st/onk_gEGVSn6UAqxKI0oENw,tewksbury-massachusetts
https://www.ubereats.com/boston/food-delivery/jackies-fried-chicken/C6Y5eTGrQDqrqeZKkXXSlA,tewksbury-massachusetts
https://www.ubereats.com/boston/food-delivery/burger-king-248-haverhill-st/V7_xrG0NRgC7LwMfOn4F9Q,tewksbury-massachusetts
https://www.ubereats.com/boston/food-delivery/wendys-1665-andover-street/_kydYS_yRK-5lp0fOtUWVA,tewksbury-massachusetts
https://www.ubereats.com/boston/food-delivery/athenian-corner/vDEZyqCaQYCItmCJ06mBqw,tewksbury-massachusetts
https://www.ubereats.com/boston/food-delivery/chopsticks/Kso5RVcfQ7uf1R1TdEGVdA,tewksbury-massachusetts
https://www.ubereats.com/boston/food-delivery/attika-restaurant/WidbYIqWSGyQ2L00MDUMsQ,tewksbury-massachusetts
https://www.ubereats.com/boston/food-delivery/dunkin-195-main-st/EnERUKw8SXW5N-z6v1_7ow,tewksbury-massachusetts
https://www.ubereats.com/boston/food-delivery/trolley-pizza/SLbdILgrTfa57jRD4gw6kw,tewksbury-massachusetts
https://www.ubereats.com/boston/food-delivery/feng-shui/YfVWeSB5QUu-oEKgcrd5KQ,tewksbury-massachusetts
https://www.ubereats.com/boston/food-delivery/burger-king-1965-main-street/3Cn5IVkITy2XVzixgN0TrA,tewksbury-massachusetts
https://www.ubereats.com/boston/food-delivery/bertuccis-andover/oxJuhJ1ZSLSaRAgMJSaFxg,tewksbury-massachusetts
https://www.ubereats.com/boston/food-delivery/fuji/BXwsiYO3Q_i8gSVrPsCtdg,tewksbury-massachusetts
https://www.ubereats.com/boston/food-delivery/little-caesars-pizza-160-winthrop-ave/x4KhE9SXSom8P98QGujPhw,tewksbury-massachusetts
https://www.ubereats.com/boston/food-delivery/galeria-cafe/B2d_lSibQACt_Name-D7pg,tewksbury-massachusetts
https://www.ubereats.com/boston/food-delivery/panchos-cantina/nfxVmf4DTA2CtU00bU6vEg,tewksbury-massachusetts
https://www.ubereats.com/boston/food-delivery/jillies-roast-beef/T9AmoYp_RUKrNdHEVnjuvg,tewksbury-massachusetts
https://www.ubereats.com/boston/food-delivery/mcdonalds-1260-bridge-st/WEwYs-juTVSAbySA1DkBvg,tewksbury-massachusetts
https://www.ubereats.com/boston/food-delivery/bgood-99-turnpike-st/bzS7sUCSRgub1vICrdyLJQ,tewksbury-massachusetts
https://www.ubereats.com/boston/food-delivery/applebees-85-main-st-%2381046/kSLXvD0MToiYv29kPssdZg,tewksbury-massachusetts
https://www.ubereats.com/boston/food-delivery/two55-club/jFCVXSs6QqasVV9ZGnuUKQ,tewksbury-massachusetts
https://www.ubereats.com/boston/food-delivery/pronto-pizza/2xXEtGmKSsO2BNrQAhEzKw,tewksbury-massachusetts
https://www.ubereats.com/boston/food-delivery/978-cafe/ORH3uo63Sm2AP_WNUxdSwQ,tewksbury-massachusetts
https://www.ubereats.com/boston/food-delivery/buenomalo/A0DdSZJpRKWQDE1u2Lk3aA,tewksbury-massachusetts
https://www.ubereats.com/boston/food-delivery/el-jefe-taco-bar/bdI3yjYORKip327W0xj1nw,tewksbury-massachusetts
https://www.ubereats.com/boston/food-delivery/casa-blanca-mexican-restaurant-methuen/4yVa-ysyTAuxcsrZesYqMg,tewksbury-massachusetts
https://www.ubereats.com/boston/food-delivery/elaines-pizza/RQkHUbcYQ5OPsckgnXqPeg,tewksbury-massachusetts
https://www.ubereats.com/boston/food-delivery/purple-carrot-bread/idbG7US2RoK35h-sCCUy-g,tewksbury-massachusetts
https://www.ubereats.com/boston/food-delivery/las-palmas/GpPVw2OxTQ-o-2DRAJIUHA,tewksbury-massachusetts
https://www.ubereats.com/boston/food-delivery/holi-indian-restaurant/0j2BNKNFSk2LeZ8qokP2Ew,tewksbury-massachusetts
https://www.ubereats.com/boston/food-delivery/kfc-490-s-union-street/3K53HTt_RgOjMjavg6_yHQ,tewksbury-massachusetts
https://www.ubereats.com/boston/food-delivery/mcdonalds-273-boston-rd/fytKo9_HRN-_7Fk82hz-Cg,tewksbury-massachusetts
https://www.ubereats.com/boston/food-delivery/empanadas-oleaga/MkklKPgBRIKfiFRzy5Wxeg,tewksbury-massachusetts
https://www.ubereats.com/boston/food-delivery/jp-licks-andover/CoovNBi8QwuZMMvzq3V3Ig,tewksbury-massachusetts
https://www.ubereats.com/boston/food-delivery/chipotle-mexican-grill-93-turnpike-st/78zJmRlaTWSQ_KN0KZXgZg,tewksbury-massachusetts
https://www.ubereats.com/boston/food-delivery/papa-ginos-1900-main-street/LWdXm6YjTPqkE3HlEsod2w,tewksbury-massachusetts
https://www.ubereats.com/boston/food-delivery/mcdonalds-170-haverhill-st/5RKK7jmGReyVa3We2Ix0gg,tewksbury-massachusetts
https://www.ubereats.com/boston/food-delivery/outback-steakhouse-28-reiss-avenue/u_oOr-NLTyuQd6Ad-FOk7A,tewksbury-massachusetts
https://www.ubereats.com/boston/food-delivery/pazzo-pizza-andover/gtcRh1RqRyuX98s09FxgfA,tewksbury-massachusetts
https://www.ubereats.com/boston/food-delivery/brothers-sports-bar-%26-grille/YFIVMmSOSGqeYHFf5d98tg,tewksbury-massachusetts
https://www.ubereats.com/boston/food-delivery/raagini-indian-bistro/e62PfMMkQvmzIE-6WCW6jg,tewksbury-massachusetts
https://www.ubereats.com/boston/food-delivery/green-apple-cafe/VEwhxexMRgmffFrQAkKXng,tewksbury-massachusetts
https://www.ubereats.com/boston/food-delivery/nana-7-japanese-steakhouse/QW7EEj6mSjK-qPyZxI-ttQ,tewksbury-massachusetts
https://www.ubereats.com/boston/food-delivery/santoros-subs-and-pizza/lVD44r__SEeBs3nUYIL6oA,tewksbury-massachusetts
https://www.ubereats.com/boston/food-delivery/papa-ginos-553-main-st/wKAH3gqWR2i46mNM2a-cow,tewksbury-massachusetts
https://www.ubereats.com/boston/food-delivery/bertuccis-north-andover/zvrMRyrlRfOkPYBUKEosTA,tewksbury-massachusetts
https://www.ubereats.com/boston/food-delivery/j-%26-j-house-of-pizza/vAl55UHgRlSyMQCB-uHSMg,tewksbury-massachusetts
https://www.ubereats.com/boston/food-delivery/fios-express/0uwSbZcuSsWzLYAqSAbE4A,tewksbury-massachusetts
https://www.ubereats.com/boston/food-delivery/wings-your-way!/QgGAdcGvQGuXHSAJx_uh8A,tewksbury-massachusetts
https://www.ubereats.com/boston/food-delivery/wao-grill/6ieQgWKTQGepMBL4aBsU9g,tewksbury-massachusetts
https://www.ubereats.com/boston/food-delivery/chipotle-mexican-grill-110-mall-rd/oqiVZd0WRxysYRFLerFO-w,tewksbury-massachusetts
https://www.ubereats.com/boston/food-delivery/sauce-wings-ribs-and-burgers/8NUdWclbT8Cgc8tfmhmyog,tewksbury-massachusetts
https://www.ubereats.com/boston/food-delivery/subway-254-merrimack-st/smsS3_q7SdiqGKXVcJZqug,tewksbury-massachusetts
https://www.ubereats.com/boston/food-delivery/subway-333-main-st/FMkd0zI4RwOlarGfyS16Cg,tewksbury-massachusetts
https://www.ubereats.com/boston/food-delivery/wendys-581-rogers-st/2zPNO8x-QA6lRpjLwMI-vA,tewksbury-massachusetts
https://www.ubereats.com/boston/food-delivery/villa-roma-pizza/uLDwUa43S7q5Zpx2QXoBVQ,tewksbury-massachusetts
https://www.ubereats.com/boston/food-delivery/krispy-krunchy-chicken-206-ballardvale-st/Dz0A0IC0TUKjR_QfsG6Haw,tewksbury-massachusetts
https://www.ubereats.com/boston/food-delivery/dunkin-185-woburn-st-gulf-gas-station/Frd1IYafS3-WBpfkOI7Lyw,tewksbury-massachusetts
https://www.ubereats.com/boston/food-delivery/the-ice-cream-shop/dXdorGrPRLquPMSuurdPig,tewksbury-massachusetts
https://www.ubereats.com/boston/food-delivery/the-ice-cream-shop/67QPIBLASrGliqH1NQvXVQ,tewksbury-massachusetts
https://www.ubereats.com/boston/food-delivery/romeu-e-julieta/EEhVfa-bRfi0qpUx0t3V8A,tewksbury-massachusetts
https://www.ubereats.com/boston/food-delivery/blackbird-cafe/5zRXvwWPT16NqpO-6ZChYw,tewksbury-massachusetts
https://www.ubereats.com/boston/food-delivery/edible-arrangements-1721-main-st-unit-6/-V-6rAkvTPil3hKJC4r8SA,tewksbury-massachusetts
https://www.ubereats.com/boston/food-delivery/buono-bistro/qGqwuhXmSRyLiT0MLzvUVw,tewksbury-massachusetts
https://www.ubereats.com/boston/food-delivery/the-ice-cream-shop/DWvqQYibS0Oyu3kphS9dSw,tewksbury-massachusetts
https://www.ubereats.com/boston/food-delivery/mcdonalds-212-main-st/my5tq-_xRhm-tJY6jhIe1w,tewksbury-massachusetts
https://www.ubereats.com/boston/food-delivery/chuck-e-cheese-199-plain-st-unit-5/2k5KlQCwQ5GpofXyEzxo_Q,tewksbury-massachusetts
https://www.ubereats.com/boston/food-delivery/town-market-andover/wvWacZGARx-qJs2qtHVJvg,tewksbury-massachusetts
https://www.ubereats.com/boston/food-delivery/taqueria-del-pueblo/OYKDWjCrTLKmVbg9d1nT-A,tewksbury-massachusetts
https://www.ubereats.com/boston/food-delivery/main-st-pizza-seafood-restaurant/NJ2_GrVIRVCJS7YvOzss9A,tewksbury-massachusetts
https://www.ubereats.com/boston/food-delivery/wicked-cheesy-pizza/bDwjzqrkRU-Iv3FDwWZuWg,tewksbury-massachusetts
https://www.ubereats.com/boston/food-delivery/sals-pizza-328-boston-rd/TLxT-50RS0GIkiXQz-z7BQ,tewksbury-massachusetts
https://www.ubereats.com/boston/food-delivery/minuteman-diner/2xiiawhcQNqBBWkI5IVTrg,tewksbury-massachusetts
https://www.ubereats.com/boston/food-delivery/boars-head-subs-and-sandwiches/o7EIelUSTw-xjF3-5oCrJQ,tewksbury-massachusetts
https://www.ubereats.com/boston/food-delivery/powerhouse-juice/XVKI_PPZSQaiyhIouQy9nA,tewksbury-massachusetts
https://www.ubereats.com/boston/food-delivery/mcdonalds-66-plain-st/lo5B7BXlTP-WKIeEmazY3A,tewksbury-massachusetts
https://www.ubereats.com/boston/food-delivery/pizza-works/d5OMygOdRnGHG4kIj1yCaA,tewksbury-massachusetts
https://www.ubereats.com/boston/food-delivery/papa-ginos-29-chelmsford-street/rBus61wXRBKHw_sXT8AzCQ,tewksbury-massachusetts
https://www.ubereats.com/boston/food-delivery/taco-bell-79-winthrop-avenue/3I2x1zCIR4qhb7O2rhpUMg,tewksbury-massachusetts
https://www.ubereats.com/boston/food-delivery/peters-pizza-and-roast-beef/rOs6zYK9THO5K-ZOVbI2GQ,tewksbury-massachusetts
https://www.ubereats.com/boston/food-delivery/primo-pizza/9QdrGKdoSWCD4y8hRxNTwA,tewksbury-massachusetts
https://www.ubereats.com/boston/food-delivery/ihop-528-s-broadway/Vl5mqZCFSRalc7Czo5BRxg,tewksbury-massachusetts
https://www.ubereats.com/boston/food-delivery/new-great-taste/TJpEweBIScSiRUgmcKaKdA,tewksbury-massachusetts
https://www.ubereats.com/boston/food-delivery/laudis-breakfast-house/C30oDlj8SgSvKPplqMR-DQ,tewksbury-massachusetts
https://www.ubereats.com/boston/food-delivery/chateau-restaurant-%E2%80%93-andover/gZzaZrhoRlOcATI9BCE_3Q,tewksbury-massachusetts
https://www.ubereats.com/boston/food-delivery/wuburger/3Z_5poKGQI-b_hKX5qQ8lw,tewksbury-massachusetts
https://www.ubereats.com/boston/food-delivery/burger-king-1200-bridge-street/PXOjpIvvTKaofS_bVIKDfw,tewksbury-massachusetts
https://www.ubereats.com/boston/food-delivery/elis-place/Z7TnKkfmR2qJK-SU0oFfrw,tewksbury-massachusetts
https://www.ubereats.com/boston/food-delivery/madras-grill/T2JNQW8oRzm23QrP1a35VA,tewksbury-massachusetts
https://www.ubereats.com/boston/food-delivery/roma-pizza/nNhVA2ArSEOjRBoORBtbxw,tewksbury-massachusetts
https://www.ubereats.com/boston/food-delivery/casablanca-mexican-restaurant-%26-cantina/orpepgXZTFubzaNalsHgmA,tewksbury-massachusetts
https://www.ubereats.com/boston/food-delivery/church-street-cafe/knDGjRnoRuewhTSVdaPo_A,tewksbury-massachusetts
https://www.ubereats.com/boston/food-delivery/dunkin-290-central-st/bTIk8eDiSaSnYtDgYoT7SQ,tewksbury-massachusetts
https://www.ubereats.com/boston/food-delivery/regas-grill/CK3Ys4Q4TzWQpLkS5Xlzeg,tewksbury-massachusetts
https://www.ubereats.com/boston/food-delivery/cocos-cafe-%26-catering/OA7HalWWR9G5bEWiIYYeDA,tewksbury-massachusetts
https://www.ubereats.com/boston/food-delivery/moes-southwest-grill-1235-bridge-street/s-iLAnYzR5y0kdAWesWgzw,tewksbury-massachusetts
https://www.ubereats.com/boston/food-delivery/don-matias/-hg9VdeBRSS4l9hi47HF7A,tewksbury-massachusetts
https://www.ubereats.com/boston/food-delivery/lemon-and-thyme-bistro/4555n13tTjSdVu_6XBHnDg,tewksbury-massachusetts
https://www.ubereats.com/boston/food-delivery/subway-424-chelmsford-st/fupk4rUoTRSyHQgdSbYUHA,tewksbury-massachusetts
https://www.ubereats.com/boston/food-delivery/krispy-krunchy-chicken-902-main-st/6Qft4qNvS46IxmzXMB328Q,tewksbury-massachusetts
https://www.ubereats.com/boston/food-delivery/subway-480-boston-rd-unit-110/xeyMjGE8QSyXnP1Qu4FCjw,tewksbury-massachusetts
https://www.ubereats.com/boston/food-delivery/pizza-palace/xdW065omTXOu6J1o4vpw2w,tewksbury-massachusetts
https://www.ubereats.com/boston/food-delivery/honeydew-donuts/_SpVp8nmR7Cam1st8QrTCA,tewksbury-massachusetts
https://www.ubereats.com/boston/food-delivery/chateau-restaurant-%E2%80%93-burlington/hAgifuTfQWeCO2ytV7HsGA,tewksbury-massachusetts
https://www.ubereats.com/boston/food-delivery/burger-king-392-chelmsford-street/r0ALopyjQiGJB_atsgiKhA,tewksbury-massachusetts
https://www.ubereats.com/boston/food-delivery/andover-deli-%26-pizza/y7ALegFRTQus09Sku0HsqA,tewksbury-massachusetts
https://www.ubereats.com/boston/food-delivery/mcdonalds-1928-main-st/hFcdw4EnSPqUONvv43exlw,tewksbury-massachusetts
https://www.ubereats.com/boston/food-delivery/garys-restaurant/SuWN0iVBSgyf6TRlFUneXA,tewksbury-massachusetts
https://www.ubereats.com/boston/food-delivery/the-ice-cream-shop/sUgIC0wJQZeYbNfkv8gPZg,tewksbury-massachusetts
https://www.ubereats.com/boston/food-delivery/bani-restaurant/g6d90oeeRrCf4U41SQ-oog,tewksbury-massachusetts
https://www.ubereats.com/boston/food-delivery/blue-taleh/fG6U7p_3RSivQoee1m2pCw,tewksbury-massachusetts
https://www.ubereats.com/boston/food-delivery/simards-super-roast-beef/lYc-amrJR9iL0edtntv0LQ,tewksbury-massachusetts
https://www.ubereats.com/boston/food-delivery/osteria-nino/m4ORHKi2RQKVBnjigry_fQ,tewksbury-massachusetts
https://www.ubereats.com/boston/food-delivery/piros-pizza-plus/Rz-zOlrMRRqieQm6wsrqVg,tewksbury-massachusetts
https://www.ubereats.com/boston/food-delivery/dragon-kitchen/eGbjf-pbSoCLbsSHKRcoiQ,tewksbury-massachusetts
https://www.ubereats.com/boston/food-delivery/kens-ny-deli-%26-brick-oven-pizzeria/YLPs5Z7bRcqTWf0NNcYmow,tewksbury-massachusetts
https://www.ubereats.com/boston/food-delivery/bollywood-grill/y5iI3OP3QJq0oLplwVy7TQ,tewksbury-massachusetts
https://www.ubereats.com/boston/food-delivery/top-donut-lakeview-ave/rip3A8A_R5CR5CPAKXJ1UA,tewksbury-massachusetts
https://www.ubereats.com/boston/food-delivery/wendys-436-chelmsford-st/8RYlhXQvSCunJmL94g1bjA,tewksbury-massachusetts
https://www.ubereats.com/boston/food-delivery/mlshaws-restaurant/s8k3FcmvRK-mLZs8oCSaPw,tewksbury-massachusetts
https://www.ubereats.com/boston/food-delivery/the-treasury%3A-indian-kitchen/ZLwbJxrnTxGEXtyB_J0y7Q,tewksbury-massachusetts
https://www.ubereats.com/boston/food-delivery/lanxang-star-restaurant/BjPE_V8DRRODlVLc-lbIaA,tewksbury-massachusetts
https://www.ubereats.com/boston/food-delivery/dunkin-24-merrimack-st/n48xm2x-Rs6a3x9HLUCPiQ,tewksbury-massachusetts
https://www.ubereats.com/boston/food-delivery/g%26g-quick-bite/cqldQOz4QbKzR8xTwTPvYA,tewksbury-massachusetts
https://www.ubereats.com/boston/food-delivery/mcdonalds-803-rogers-st/ZHTQzUlKTIOLEDCBzs6YIg,tewksbury-massachusetts
https://www.ubereats.com/boston/food-delivery/belvidere-house-of-pizza/2xJtElSDSyuwTWwFFMyeHQ,tewksbury-massachusetts
https://www.ubereats.com/boston/food-delivery/wee-thai-food/PweAgfkRTYChBqqYePnYTA,tewksbury-massachusetts
https://www.ubereats.com/boston/food-delivery/kfc-taco-bell-1720-middlesex-street/Qj5xJUOYSIyvgSdGyNaReQ,tewksbury-massachusetts
https://www.ubereats.com/boston/food-delivery/flatbread-co/pHK017ixSQuRNlIS2-b95w,tewksbury-massachusetts
https://www.ubereats.com/boston/food-delivery/tavern-in-the-square-lowell/peSWJ7xaSD2ncWGq-jEKTw,tewksbury-massachusetts
https://www.ubereats.com/boston/food-delivery/wendys-5-arlington-street/LeY8gt_vTKuui5IYlztIag,tewksbury-massachusetts
https://www.ubereats.com/boston/food-delivery/lus-cafe-and-bakery/YVoihCVxQPyZ3bkJ3720Vw,tewksbury-massachusetts
https://www.ubereats.com/boston/food-delivery/sals-pizza-296-chelmsford-st/sdnjdEmkQriSjvCLe55iJQ,tewksbury-massachusetts
https://www.ubereats.com/boston/food-delivery/dunkin-309-lowell-st-mobil-gas-station/61IzTD1LQDiVGWSKb5b_4Q,tewksbury-massachusetts
https://www.ubereats.com/boston/food-delivery/outback-steakhouse-145-147-pelham-street/2ccTk8mdTDODmjud5e0UsA,tewksbury-massachusetts
https://www.ubereats.com/boston/food-delivery/angelinas/vJSB1ws1Q-6R5jtvwWgk_Q,tewksbury-massachusetts
https://www.ubereats.com/boston/food-delivery/kfc-tb-212-haverhill-street/BYTb--cUTeeLSohfU8H3Xg,tewksbury-massachusetts
https://www.ubereats.com/boston/food-delivery/dunkin-100-marston-st/ga_-zHixT9OdMIn1je4r3Q,tewksbury-massachusetts
https://www.ubereats.com/boston/food-delivery/chuck-e-cheese-90-pleasant-valley-rd/dYeelvCuR8SyFHNyLr0IPQ,tewksbury-massachusetts
https://www.ubereats.com/boston/food-delivery/chipotle-mexican-grill-199-boston-rd/EnTmLWaBSEaHhh-06ZUCDA,tewksbury-massachusetts
https://www.ubereats.com/boston/food-delivery/wendys-312-boston-rd/N5sOMKDCQeSMkSfuYYeghw,tewksbury-massachusetts
https://www.ubereats.com/boston/food-delivery/moes-southwest-grill-90-drum-hill-road/aXHakXzWToumjc0L_YKw4Q,tewksbury-massachusetts
https://www.ubereats.com/boston/food-delivery/sizzling-kitchen/nihR9wyDQyClOPW8bWf1VA,tewksbury-massachusetts
https://www.ubereats.com/boston/food-delivery/godly-smoothies/If3w_uTiQ7-5L-x1mnYQFQ,tewksbury-massachusetts
https://www.ubereats.com/boston/food-delivery/tavern-in-the-square-burlington/LYQQKJnNSn2qYRa_tJlFZA,tewksbury-massachusetts
https://www.ubereats.com/boston/food-delivery/tu-kasa-restaurant/llrm-do8R6eGzRFknM9VfA,tewksbury-massachusetts
https://www.ubereats.com/boston/food-delivery/life-alive-lowell/_bfnFo8dSheUDvf6plGvpA,tewksbury-massachusetts
https://www.ubereats.com/boston/food-delivery/dunkin-93-main-street/yP-r-QHfRi-qZOq_1-AjNw,tewksbury-massachusetts
https://www.ubereats.com/boston/food-delivery/expresso-pizza/2T907-MMSJ6RfOqQajPFWg,tewksbury-massachusetts
https://www.ubereats.com/boston/food-delivery/alexs-house-of-pizza/newZOYEiT_id-mOKVBPJGQ,tewksbury-massachusetts
https://www.ubereats.com/boston/food-delivery/vaka-restaurant/IYQEKoryRdShHzMXDMzI9A,tewksbury-massachusetts
https://www.ubereats.com/boston/food-delivery/connector-cafe-%26-grill/wxICdLljRCONGyNB5Qk1Pw,tewksbury-massachusetts
https://www.ubereats.com/boston/food-delivery/dunkin-651-rogers-st/boqgbGcYTZ6vzJrXQh6Cpg,tewksbury-massachusetts
https://www.ubereats.com/boston/food-delivery/skewers-wood-grill/zkx96P1zTyGOCFknDk50HQ,tewksbury-massachusetts
https://www.ubereats.com/boston/food-delivery/josephs-catering/zQpSY55kTPmD3b_5ZkeTQg,tewksbury-massachusetts
https://www.ubereats.com/boston/food-delivery/wings-over-lowell/j6s7HIC6QGevtaY8HfZ3sg,tewksbury-massachusetts
