url,city
https://www.ubereats.com/palm-springs/food-delivery/fresh-juice-bar-palm-desert/YxjVEKNPSmOjAqna7smPVQ,thousand-palms-california
https://www.ubereats.com/palm-springs/food-delivery/kfc-%2347-41800-washington-st/2-3prBfcSdOJ1_mhtsSOrw,thousand-palms-california
https://www.ubereats.com/palm-springs/food-delivery/castanedas-mexican-food-dinah-shore-palm-desert-ca/JsPChx4jS1-yvnVBwilqnA,thousand-palms-california
https://www.ubereats.com/palm-springs/food-delivery/chipotle-mexican-grill-2465-e-palm-canyon-dr-ste-1110/h2_r1OHHSq2U3cBQYbgJcQ,thousand-palms-california
https://www.ubereats.com/palm-springs/food-delivery/guacamoles/2qsseLeUQZus3ouJLzVkCg,thousand-palms-california
https://www.ubereats.com/palm-springs/food-delivery/dennys-1201-n-palm-canyon-dr/cDYURQHxRxu9xsoBRkBazg,thousand-palms-california
https://www.ubereats.com/palm-springs/food-delivery/dickeys-bbq-pit-ramon-rd-%26-n-gene-autry-trl/klSVoeN1TyuvJp5dCFZPTw,thousand-palms-california
https://www.ubereats.com/palm-springs/food-delivery/french-rotisserie-cafe/X1_adT89QWa0vsyCckDPwg,thousand-palms-california
https://www.ubereats.com/palm-springs/food-delivery/ben-%26-jerrys-the-river-at-rancho-mirage-71800-hwy-111/nECCGHEQR_aQziB9D48uzw,thousand-palms-california
https://www.ubereats.com/palm-springs/food-delivery/jack-in-the-box-22600-palm-dr/qBYesFJ2Ti6qlsFmWkFz6Q,thousand-palms-california
https://www.ubereats.com/palm-springs/food-delivery/apongs-philly-steak/x9onKlQaSHaFVontPe2I6Q,thousand-palms-california
https://www.ubereats.com/palm-springs/food-delivery/el-ranchito-restaurant/Y2avu866Qv6smx_5gfodkg,thousand-palms-california
https://www.ubereats.com/palm-springs/food-delivery/rubios-5200-ramon-rd/nk760fBNQY2lbfs1jWGBEQ,thousand-palms-california
https://www.ubereats.com/palm-springs/food-delivery/chipotle-mexican-grill-34100-monterey-ave/Tnyf1_ycRqaFh7Plh7S2fA,thousand-palms-california
https://www.ubereats.com/palm-springs/food-delivery/flor-de-jalisco/Y0JrLKnJTc25g2hFuiTlHA,thousand-palms-california
https://www.ubereats.com/palm-springs/food-delivery/ihop-79892-hwy-111/2addWTnyRqOwpjGE1IlQeg,thousand-palms-california
https://www.ubereats.com/palm-springs/food-delivery/sunshine-cafe/ANc1CISdTR6PX70Cv_l1NQ,thousand-palms-california
https://www.ubereats.com/palm-springs/food-delivery/peppers-thai-cuisine/1rGwsOiST1-0X2F44p77-g,thousand-palms-california
https://www.ubereats.com/palm-springs/food-delivery/rio-azul-mexican-bar-%26-grill/KtuouEvXTlyd1nEy046h8A,thousand-palms-california
https://www.ubereats.com/palm-springs/food-delivery/edible-arrangements-68-718-east-palm-canyon-drive-suite-205/EWroT8sASEm9ZM1gB42mPQ,thousand-palms-california
https://www.ubereats.com/palm-springs/food-delivery/applebees-45305-seeley-drive/hEWYy36PRaCwM6tCbjvUGw,thousand-palms-california
https://www.ubereats.com/palm-springs/food-delivery/restaurant-bella-vita/yIIxOs9mQguIs_rCLerXRw,thousand-palms-california
https://www.ubereats.com/palm-springs/food-delivery/la-palapa/LKk0RbQGSKGy4AkNH86rEw,thousand-palms-california
https://www.ubereats.com/palm-springs/food-delivery/andys-4-burgers-indio/-CV5hQ0_QUivv2NHdQxJrg,thousand-palms-california
https://www.ubereats.com/palm-springs/food-delivery/unique-bite-eatery/S8cKWwatQ42WlT2UE5pe8w,thousand-palms-california
https://www.ubereats.com/palm-springs/food-delivery/garden-pepper-chinese/8KY2-89bSV-LmAUDLoLmSA,thousand-palms-california
https://www.ubereats.com/palm-springs/food-delivery/starbucks-hwy-111-%26-magnesia-falls/QSXkv02IQMWBTPh_zMgL7Q,thousand-palms-california
https://www.ubereats.com/palm-springs/food-delivery/las-carretas-taco-shop-cathedral-city/Mi__ySiaS929DIoWsTNK0g,thousand-palms-california
https://www.ubereats.com/palm-springs/food-delivery/mcdonalds-date-palm-dr-bav/LpzWcJmkQQulrlE4FfB0bA,thousand-palms-california
https://www.ubereats.com/palm-springs/food-delivery/dennys-82120-hwy-111/M6CsVzPySM-Fltm9NLZZkg,thousand-palms-california
https://www.ubereats.com/palm-springs/food-delivery/johns-restaurant/072gAkbJT_uAB2Tba4XmmQ,thousand-palms-california
https://www.ubereats.com/palm-springs/food-delivery/subway-49603-34041-date-palm-drive/1x2Bu444TXGJ2_j3GguuGQ,thousand-palms-california
https://www.ubereats.com/palm-springs/food-delivery/jamba-juice-el-paseo-square/RBdJreahR5CU3FfLIpsOXg,thousand-palms-california
https://www.ubereats.com/palm-springs/food-delivery/subway-40-100-washington-st/piX-mMa6RzeGZCGjQPqn_g,thousand-palms-california
https://www.ubereats.com/palm-springs/food-delivery/kaiser-grille-palm-desert/JJNli9kLTsyvnEA0az4uTQ,thousand-palms-california
https://www.ubereats.com/palm-springs/food-delivery/red-robin-243-78-722-highway-111/uWRgOV-mTQ2kg6iLkTm1uA,thousand-palms-california
https://www.ubereats.com/palm-springs/food-delivery/panda-express-72840-ca-111-%23347/mG0MCoE4QyOwtLxu0M9Lew,thousand-palms-california
https://www.ubereats.com/palm-springs/food-delivery/city-wok/Y9mvyvOgR5GcMqafa6drCQ,thousand-palms-california
https://www.ubereats.com/palm-springs/food-delivery/krispy-kreme-72787-dinah-shore-dr/KucKWHs-S6a1K_Ot9_BrfQ,thousand-palms-california
https://www.ubereats.com/palm-springs/food-delivery/jack-in-the-box-2591-tahquitz-cyn-way/Z4XCmxKtReS49nHsMbMKSg,thousand-palms-california
https://www.ubereats.com/palm-springs/food-delivery/del-taco-34540-monterey-avenue/1jIt0d3NSzCXJyNZpL_7YQ,thousand-palms-california
https://www.ubereats.com/palm-springs/food-delivery/fishermans-landing-sports-bar-%26-grill-palm-desert/GrNDJzzLQ3Otdz7HwyyOfw,thousand-palms-california
https://www.ubereats.com/palm-springs/food-delivery/k-tofu-house/rNrkjU3yS5CGPnCP5ZzgQw,thousand-palms-california
https://www.ubereats.com/palm-springs/food-delivery/castanedas-mexican-food-palm-springs-ca/GWBn8Im3SCmY0JCVqsEdGg,thousand-palms-california
https://www.ubereats.com/palm-springs/food-delivery/ihop-34199-monterey-ave/hhRrj0TBSy2LTcETascXog,thousand-palms-california
https://www.ubereats.com/palm-springs/food-delivery/jack-in-the-box-5200-e-ramon-rd/iWiWbN4eQ_62TehUitu24A,thousand-palms-california
https://www.ubereats.com/palm-springs/food-delivery/red-robin-253-72-797-dinah-shore-dr/FUNlGh6NRyC60JD9XbNizQ,thousand-palms-california
https://www.ubereats.com/palm-springs/food-delivery/the-ice-cream-shop/NOT_6FCyRg262klj0pKx2A,thousand-palms-california
https://www.ubereats.com/palm-springs/food-delivery/el-pollo-loco-81901-state-hwy-1113314/qIBs5nZQQkukx0ogwMViWA,thousand-palms-california
https://www.ubereats.com/palm-springs/food-delivery/outback-steakhouse-72-220-highway-111/-D8V1BSCSQSw47-TugaeRw,thousand-palms-california
https://www.ubereats.com/palm-springs/food-delivery/del-taco-72325-varner-rd/U4ytBbbVQj2kXlnaa_I6Zg,thousand-palms-california
https://www.ubereats.com/palm-springs/food-delivery/red-lobster-72291-highway-111/6aUUi3PGTXm7rEkGjhOKvw,thousand-palms-california
https://www.ubereats.com/palm-springs/food-delivery/fishermans-market-%26-grill-la-quinta/vK8NPjUWSwmGr6LhWeqPKg,thousand-palms-california
https://www.ubereats.com/palm-springs/food-delivery/china-jos/WiSxqt5uRp6hBuDKQOS1dw,thousand-palms-california
https://www.ubereats.com/palm-springs/food-delivery/jack-in-the-box-36555-cook-street/3x8ylke0Qp6jo7PetisXrQ,thousand-palms-california
https://www.ubereats.com/palm-springs/food-delivery/castellis/HoJA6AzNTlSQD89Nv6kxrw,thousand-palms-california
https://www.ubereats.com/palm-springs/food-delivery/solanos-bar-and-grill/OW1lFGQRSqCBLF-JMAbYVQ,thousand-palms-california
https://www.ubereats.com/palm-springs/food-delivery/jack-in-the-box-79724-highway-111/3dmhDf5RS86r6Sbkl0LjCQ,thousand-palms-california
https://www.ubereats.com/palm-springs/food-delivery/panda-express-42550-jackson-street/EzfEAvjjTriHWeXyTjczNw,thousand-palms-california
https://www.ubereats.com/palm-springs/food-delivery/goodys-cafe/p2stCKerQvmqZbK9cVRrNg,thousand-palms-california
https://www.ubereats.com/palm-springs/food-delivery/guillermos-restaurante/CGtoXiInTXOHNkU-LQrK-A,thousand-palms-california
https://www.ubereats.com/palm-springs/food-delivery/wendys-78030-country-club-dr/JEM16IFVRQSiF_97JZcQ-w,thousand-palms-california
https://www.ubereats.com/palm-springs/food-delivery/carls-jr-2520-n-palm-canyon-dr/yqMXCoIuR2yRYImIOlWxaQ,thousand-palms-california
https://www.ubereats.com/palm-springs/food-delivery/carls-jr-36879-cook-st/t-9XrMa8QjK3ZHuZ3Cvw0w,thousand-palms-california
https://www.ubereats.com/palm-springs/food-delivery/los-molcajetes/QZlNw6bnQ8WuZWPUMSHAmw,thousand-palms-california
https://www.ubereats.com/palm-springs/food-delivery/burger-king-78405-varner-road/C4ggG55mR6u-JtWCzVDJVw,thousand-palms-california
https://www.ubereats.com/palm-springs/food-delivery/carls-jr-72-305-varner-rd/DgMJP6EZTU2BVSvPXdP_oQ,thousand-palms-california
https://www.ubereats.com/palm-springs/food-delivery/rocs-firehouse-grille/zm1JYn8QRCWRertSG6j_5A,thousand-palms-california
https://www.ubereats.com/palm-springs/food-delivery/the-ice-cream-shop/wurU5BHRRMaW3EWaUBqnyA,thousand-palms-california
https://www.ubereats.com/palm-springs/food-delivery/kfc-%2345-32120-date-palm-dr/arD4vghBSpaOQ0R02AsytQ,thousand-palms-california
https://www.ubereats.com/palm-springs/food-delivery/jack-in-the-box-34-311-date-palm-drive/t8kc4v5YQdeGogBdnHqI6w,thousand-palms-california
https://www.ubereats.com/palm-springs/food-delivery/wendys-72837-dinah-shore-blvd/N6UczET_S9aP6d0Qcco9Pw,thousand-palms-california
https://www.ubereats.com/palm-springs/food-delivery/wendys-79-275-highway-111/6bcvH8daQZa0QBEMamji3w,thousand-palms-california
https://www.ubereats.com/palm-springs/food-delivery/k-tofu-house/97TXrI_jQWGzuq_RC9lShQ,thousand-palms-california
https://www.ubereats.com/palm-springs/food-delivery/carls-jr-40050-washington-st/EJFtKVT6S6CpiEut-c_N1g,thousand-palms-california
https://www.ubereats.com/palm-springs/food-delivery/applebees-74999-frank-sinatra-dr/SYvoYXtPQL6L6CQ3uThpzw,thousand-palms-california
https://www.ubereats.com/palm-springs/food-delivery/jack-in-the-box-42250-washington-st/EGLCzqw0TTiGq_ODmwMKYA,thousand-palms-california
https://www.ubereats.com/palm-springs/food-delivery/sloans/YpBNQqDYS4WclTzUfahxgQ,thousand-palms-california
https://www.ubereats.com/palm-springs/food-delivery/carls-jr-425-s-sunrise-way-ste-d/B8rro6BsRaq3-QuZufxSAQ,thousand-palms-california
https://www.ubereats.com/palm-springs/food-delivery/round-table-pizza-31775-date-palm-drive/NyxdzAGzRMWW5IvNj1iMoQ,thousand-palms-california
https://www.ubereats.com/palm-springs/food-delivery/normas-italian-kitchen/g-fGB7qZQ3-tejmKtG-kbA,thousand-palms-california
https://www.ubereats.com/palm-springs/food-delivery/panda-express-425-s-sunrise-way/ntUNUmRITS-gexoNRjD2zA,thousand-palms-california
https://www.ubereats.com/palm-springs/food-delivery/flemings-prime-steakhouse-%26-wine-bar-rancho-mirage/ZREa6hFkSpSPTt6Grrko0Q,thousand-palms-california
https://www.ubereats.com/palm-springs/food-delivery/crazy-mels-burgers-%26-bar/ntepAPpvRs64QJFS3XIXyQ,thousand-palms-california
https://www.ubereats.com/palm-springs/food-delivery/ramen-musashi/pdQW7p55QLefZ9Oc58rDKw,thousand-palms-california
https://www.ubereats.com/palm-springs/food-delivery/pj-fresh-72235-varner-rd/ODwWum-ZQJC4hknMPD0zRw,thousand-palms-california
https://www.ubereats.com/palm-springs/food-delivery/kuma-catering/E2f6CjVIRyewn6lmF3DQvw,thousand-palms-california
https://www.ubereats.com/palm-springs/food-delivery/fishermans-market-%26-grill-palm-desert/38ApWvgBRlWwoJ3_jMwYDQ,thousand-palms-california
https://www.ubereats.com/palm-springs/food-delivery/subway-72-286-state-hwy-111/W8Tz7PlSToKMfgABB8yICw,thousand-palms-california
https://www.ubereats.com/palm-springs/food-delivery/kobe-japanese-steakhouse/lVFF9EueS1WZEppM4FAGeg,thousand-palms-california
https://www.ubereats.com/palm-springs/food-delivery/the-ice-cream-shop/eht2v6TWRiaK83tIwShxOQ,thousand-palms-california
https://www.ubereats.com/palm-springs/food-delivery/jersey-mikes-subs-72393-highway-111/yI7sf9vXRRmzQdH_ND3sSw,thousand-palms-california
https://www.ubereats.com/palm-springs/food-delivery/panda-express-34151-monterey-ave-%23105/IYIFE0g3T3mxO-clyCv7lQ,thousand-palms-california
https://www.ubereats.com/palm-springs/food-delivery/five-guys-ca-1457/rIg8466gQ3OVafKEd2OJxQ,thousand-palms-california
https://www.ubereats.com/palm-springs/food-delivery/il-sogno/XhR3TNHGQeSqjwSypZpWpw,thousand-palms-california
https://www.ubereats.com/palm-springs/food-delivery/fishermans-market-%26-grill-palm-springs/3OhewQlkRWaHU1XYng2PiA,thousand-palms-california
https://www.ubereats.com/palm-springs/food-delivery/maracas-cantina-rancho-mirage/tfpPPvdUSNezuuS5kiAhoA,thousand-palms-california
https://www.ubereats.com/palm-springs/food-delivery/macarios-grill/qru6jEgPRUW_v5Vp_SnD-g,thousand-palms-california
https://www.ubereats.com/palm-springs/food-delivery/sammys-woodfired-pizza-%26-grill-palm-desert/qaOI1QbpShGNiGadhuIBcQ,thousand-palms-california
https://www.ubereats.com/palm-springs/food-delivery/rubios-78-447-hwy-111/w0WXjINtTQ6FRcQWIkHiZw,thousand-palms-california
https://www.ubereats.com/palm-springs/food-delivery/santorini-gyros-greek-restaurant/U75N3deYRr-owXqQ6lf_jQ,thousand-palms-california
https://www.ubereats.com/palm-springs/food-delivery/wienerschnitzel-82-608-highway-111/xSjVy2HFRYmlDhbfTkLkYw,thousand-palms-california
https://www.ubereats.com/palm-springs/food-delivery/applebees-32400-date-palm-drive/qSvF9qwURsK4uNEFWu3q_g,thousand-palms-california
https://www.ubereats.com/palm-springs/food-delivery/capizzis-cheesecakes-pizzaand-then-some/Kmqrhc8GQK6rxVtGS-V2wg,thousand-palms-california
https://www.ubereats.com/palm-springs/food-delivery/wienerschnitzel-42092-washington-street/72hgOZ3kRsGGOqigAWD2zQ,thousand-palms-california
https://www.ubereats.com/palm-springs/food-delivery/subway-74499-hwy-111/g6Q_ypaFSrCvmvLk1NJeyQ,thousand-palms-california
https://www.ubereats.com/palm-springs/food-delivery/k-tofu-house/GDIvvS0jSBerTjZvZ6iDyg,thousand-palms-california
https://www.ubereats.com/palm-springs/food-delivery/popeyes-78395-varner-rd-suite-a/NqxYJMF5Q3OpFxUtRX63QA,thousand-palms-california
https://www.ubereats.com/palm-springs/food-delivery/nicolinos-italian-restaurant/gJgfDiEiSRWvEA-vImx22Q,thousand-palms-california
https://www.ubereats.com/palm-springs/food-delivery/cafe-italia-where-we-sing-while-you-dine/0hoxHUB6Q-GV2fqDbDl8cw,thousand-palms-california
https://www.ubereats.com/palm-springs/food-delivery/henrys-sports-bar-and-grill/QTI6_6QOQ26Fs3XTKXMZSQ,thousand-palms-california
https://www.ubereats.com/palm-springs/food-delivery/juice-it-up!-la-quinta/auFSBOjLR5y19UbDtXYpQA,thousand-palms-california
https://www.ubereats.com/palm-springs/food-delivery/el-pollo-loco-32089-date-palm-dr6009/6v-aEP1lTtuJgZYMktSXQQ,thousand-palms-california
https://www.ubereats.com/palm-springs/food-delivery/el-pollo-loco-78621-highway-1116119/obyPZJD6TK2UxqWDskn_Iw,thousand-palms-california
https://www.ubereats.com/palm-springs/food-delivery/del-taco-5601-east-ramon-road-unit-c/Gj4tuwjlTEWEV0z259PnUQ,thousand-palms-california
https://www.ubereats.com/palm-springs/food-delivery/capizzis-cheesecake-pizzaand-then-some/i7gP5r2tS4qcW5e1dDXCeA,thousand-palms-california
https://www.ubereats.com/palm-springs/food-delivery/mortons-the-steakhouse-74-880-country-club-dr/5HrVuZCWQUKUlOPtRLZVfw,thousand-palms-california
https://www.ubereats.com/palm-springs/food-delivery/pastry-swan-meatless-marketplace/XMKgY71FTJiQH5VNf9ONAg,thousand-palms-california
https://www.ubereats.com/palm-springs/food-delivery/edoko-sushi/72GjrsZwTcm8wlI9nnJ5lQ,thousand-palms-california
https://www.ubereats.com/palm-springs/food-delivery/which-wich-superior-sandwiches-palm-desert/GbxEQ1m2RKCdV7tuirJ62A,thousand-palms-california
https://www.ubereats.com/palm-springs/food-delivery/buffalos-express-palm-desert/qkRbPKCXSKq8260hceRd0w,thousand-palms-california
https://www.ubereats.com/palm-springs/food-delivery/taqueria-tortilla-factory-mexican-restaurant/EadHl6akQz67jxrXp-jcmQ,thousand-palms-california
https://www.ubereats.com/palm-springs/food-delivery/pf-changs-71800-highway-111-suite-c-104/KBxWRslkTci8G6ZNA_5kkg,thousand-palms-california
https://www.ubereats.com/palm-springs/food-delivery/the-ice-cream-shop/hWWdywAIT9mYBqYkDPQgKg,thousand-palms-california
https://www.ubereats.com/palm-springs/food-delivery/ihop-72363-hwy-111/PhezZtUeRTKLlJil3ikwAA,thousand-palms-california
https://www.ubereats.com/palm-springs/food-delivery/krispy-krunchy-chicken-71800-hwy-111-ste-a-122/a9EwLeNySZSY-r-bxEJGnw,thousand-palms-california
https://www.ubereats.com/palm-springs/food-delivery/shakeys-palm-springs/FCtKAWAiRJ-9MtpRqCTwcw,thousand-palms-california
https://www.ubereats.com/palm-springs/food-delivery/goodys-cafe/gb1mRzetSgau225xp5m1hA,thousand-palms-california
https://www.ubereats.com/palm-springs/food-delivery/subway-34151-monterey-ave/Ih0Elyc7RvWpyABq1o4wxw,thousand-palms-california
https://www.ubereats.com/palm-springs/food-delivery/pieros-pizza-vino/XP0_t6SbRaCP-AWwsm05DQ,thousand-palms-california
https://www.ubereats.com/palm-springs/food-delivery/taco-bell-31-705-date-palm-dr/SnkW-J02RBS5vzGcsqt0IQ,thousand-palms-california
https://www.ubereats.com/palm-springs/food-delivery/ihop-471-s-indian-canyon-dr/xRNSkDCHSKOWjqebD16lQg,thousand-palms-california
https://www.ubereats.com/palm-springs/food-delivery/wienerschnitzel-68785-ramon-road/4AdAbB1nRqiRvfGRC5R6AA,thousand-palms-california
https://www.ubereats.com/palm-springs/food-delivery/dennys-69050-hwy-111/dTzIz4hiQxSOiPekgg4ckQ,thousand-palms-california
https://www.ubereats.com/palm-springs/food-delivery/runway/Bl9A2vKfQSya0nQE5-T3NQ,thousand-palms-california
https://www.ubereats.com/palm-springs/food-delivery/starbucks-date-palm-centre-cathedral-city/hr1qDuu5SCivk7qfTM_FsA,thousand-palms-california
https://www.ubereats.com/palm-springs/food-delivery/cook-street-market/CmZZGOwhSCCidgks9JNZ6w,thousand-palms-california
https://www.ubereats.com/palm-springs/food-delivery/tkb-bakery-%26-deli/myLT8DS_TpGkNyDHG9ye-g,thousand-palms-california
https://www.ubereats.com/palm-springs/food-delivery/cinco-de-mayo-taqueria/tniF3sGuRt-xQlpUkzcARg,thousand-palms-california
https://www.ubereats.com/palm-springs/food-delivery/the-habit-burger-grill-79174-highway-111/C1eFLhVrQuet74Wuhh_wUg,thousand-palms-california
https://www.ubereats.com/palm-springs/food-delivery/china-bistro/1U8RKqVuS6iKGkjacWz0qQ,thousand-palms-california
https://www.ubereats.com/palm-springs/food-delivery/azusenas-raspados-y-ice-cream/XXfS3A8KS6WivzBQdGPY2A,thousand-palms-california
https://www.ubereats.com/palm-springs/food-delivery/pieology-pizza-%26-wings-42500-bob-hope-dr/Qzi0q-tARVenTxazpMcajw,thousand-palms-california
https://www.ubereats.com/palm-springs/food-delivery/el-pollo-loco-34-620-monterrey-ave6031/nfM8JgWhRCCX7q1x-l81Nw,thousand-palms-california
https://www.ubereats.com/palm-springs/food-delivery/jack-in-the-box-72955-varner-rd/9J-7ig0xRXWTx7nUA7jcDA,thousand-palms-california
https://www.ubereats.com/palm-springs/food-delivery/luna-grill-palm-desert/_LmaLajcQkSbtUTxaeIGfA,thousand-palms-california
https://www.ubereats.com/palm-springs/food-delivery/cork-%26-fork/PHQRp3bkTqepKKed0HlvJg,thousand-palms-california
https://www.ubereats.com/palm-springs/food-delivery/panda-express-72-363-highway-111-suite-c/GcYHl_NKQpGUYKFWNxxwkA,thousand-palms-california
https://www.ubereats.com/palm-springs/food-delivery/chipotle-mexican-grill-72333-highway-111-ste-a/tCRK3t0mT6-wN1twfNen2A,thousand-palms-california
https://www.ubereats.com/palm-springs/food-delivery/loco-charlies-mexican-grill/f7b_JB7nR9uo8XGTy8GO8w,thousand-palms-california
https://www.ubereats.com/palm-springs/food-delivery/burger-king-34500-monterey-ave/-FerUJiHSRaRfNB6iFXqLw,thousand-palms-california
https://www.ubereats.com/palm-springs/food-delivery/panda-express-42175-washington-st/WyIWbjjfQyi0f4OI2879Fg,thousand-palms-california
https://www.ubereats.com/palm-springs/food-delivery/carls-jr-42225-jackson-st/_FFML0CGT6-IkuUHHqZA_w,thousand-palms-california
https://www.ubereats.com/palm-springs/food-delivery/carls-jr-78672-highway-111/Wlfo2DqNSdOE68C5OF6lTg,thousand-palms-california
https://www.ubereats.com/palm-springs/food-delivery/the-brown-bag/rXxIHh5GSo2RMnXch5CkGw,thousand-palms-california
https://www.ubereats.com/palm-springs/food-delivery/subway-74-836-technology-drive/l4wO5wK7QJmecjTyWry4Cw,thousand-palms-california
https://www.ubereats.com/palm-springs/food-delivery/juice-it-up!-rancho-mirage/z98_JywiTuyW1W7ot4Rngg,thousand-palms-california
https://www.ubereats.com/palm-springs/food-delivery/fresh-juice-bar-la-quinta/IBBt9nJxQEGHBSFC1a4mrA,thousand-palms-california
https://www.ubereats.com/palm-springs/food-delivery/starbucks-gerald-ford-%26-cook-palm-desert/MfeP82v-S-Ot_P8VDqWDQw,thousand-palms-california
https://www.ubereats.com/palm-springs/food-delivery/panda-express-5200-ramon-road-g-7/jAmRb9gHTayCiNDSHmqzbQ,thousand-palms-california
https://www.ubereats.com/palm-springs/food-delivery/wangs-chinese-cuisine/rfVF-MeRTcGHJN7r6rngog,thousand-palms-california
https://www.ubereats.com/palm-springs/food-delivery/the-slice-pizzeria-and-ristorante/l0V1_oOGQ7K5F5-5--tbmA,thousand-palms-california
https://www.ubereats.com/palm-springs/food-delivery/fresh-juice-bar-rancho/UuJxTCJ2Tz6H6hubcUj2ig,thousand-palms-california
https://www.ubereats.com/palm-springs/food-delivery/the-southern-belle-cafe/cK_VhW59R3-FdGZP9CNvmw,thousand-palms-california
https://www.ubereats.com/palm-springs/food-delivery/las-carretas-taco-shop/LdE6IjnrQLyKWD4cJUTVyw,thousand-palms-california
https://www.ubereats.com/palm-springs/food-delivery/burgerim-44100-jefferson-st/cfM4D8poQeyQvWUV7ZsM5A,thousand-palms-california
https://www.ubereats.com/palm-springs/food-delivery/tortillas-restaurant/MuoAd9u9QMO-18GZarUTkg,thousand-palms-california
https://www.ubereats.com/palm-springs/food-delivery/sbarro-72-840-highway-111-%23s361-palm-desert-town-center/8UAEbOJ2Tb6POVIpaPi2Bg,thousand-palms-california
https://www.ubereats.com/palm-springs/food-delivery/panda-express-74520-hwy-111-%231/I8nnTpGXTpOHtqdhN1Fb7g,thousand-palms-california
https://www.ubereats.com/palm-springs/food-delivery/escena-golf-club/d8-8PZgKR2ywByQKa8akIg,thousand-palms-california
https://www.ubereats.com/palm-springs/food-delivery/panda-express-82-451-hwy-111-building-b/ykn7FGIwQnqfs8aV3qeskQ,thousand-palms-california
https://www.ubereats.com/palm-springs/food-delivery/starbucks-el-paseo-%26-san-pablo-palm-desert/uCGz347NSEeYybo39A1xDQ,thousand-palms-california
https://www.ubereats.com/palm-springs/food-delivery/sushi-on/aACYbSSLRyetTP4g1d9NqQ,thousand-palms-california
https://www.ubereats.com/palm-springs/food-delivery/your-pie-pizza-indio/Q9RsbyEGRpO-0L8WuikDpA,thousand-palms-california
https://www.ubereats.com/palm-springs/food-delivery/giuseppes-palm-springs/YtHLQhL3S-GE_6iYLH4dyw,thousand-palms-california
https://www.ubereats.com/palm-springs/food-delivery/the-sandbox/totAhohARKS_7eacJdetSw,thousand-palms-california
https://www.ubereats.com/palm-springs/food-delivery/california-fish-grill-palm-desert/Txy56OxcRIyPSe6M8yFr1A,thousand-palms-california
https://www.ubereats.com/palm-springs/food-delivery/anicolinos-palm-springs/DLOCL8J3QguBtoM5woq3fw,thousand-palms-california
https://www.ubereats.com/palm-springs/food-delivery/dingtea/q6gAeOFMR8iET6uAiUS2ig,thousand-palms-california
https://www.ubereats.com/palm-springs/food-delivery/enzos-bistro-%26-bar/m70VFXFPTzy_FXtMRjv2cQ,thousand-palms-california
https://www.ubereats.com/palm-springs/food-delivery/subway-48071-69-040-ramon-road/d1sPxdJDQ7KBeGXzDLDvmA,thousand-palms-california
https://www.ubereats.com/palm-springs/food-delivery/panda-express-68900-ramon-rd/R0XPNAvaRwabdyHjud2nDg,thousand-palms-california
https://www.ubereats.com/palm-springs/food-delivery/blaze-pizza-73393-hwy-111/4IdXJFV-Srucq05SuZbI-A,thousand-palms-california
https://www.ubereats.com/palm-springs/food-delivery/carls-jr-32-250-date-palm-dr/CYaVN4fsTpatuPyRTSXImg,thousand-palms-california
https://www.ubereats.com/palm-springs/food-delivery/huertas-restaurant/h66Wx-ktS2WMuSwXLa185A,thousand-palms-california
https://www.ubereats.com/palm-springs/food-delivery/starbucks-washington-%26-42nd/1DxtWyWKToOWPnxAW8GChg,thousand-palms-california
https://www.ubereats.com/palm-springs/food-delivery/dennys-72244-varner-rd/6aVkGS_JS7WYdTzCEQebaQ,thousand-palms-california
https://www.ubereats.com/palm-springs/food-delivery/ihop-34031-date-palm-dr/dYfq6S7uT8uWMocqsWVLiw,thousand-palms-california
https://www.ubereats.com/palm-springs/food-delivery/papa-johns-81-022-us-hwy-111-ste-a/yuT9J-WtRXmDCR3YMEATBg,thousand-palms-california
https://www.ubereats.com/palm-springs/food-delivery/koutouki-greek-estiatorio/yTScqETbTkuzFpqX1wdgzQ,thousand-palms-california
https://www.ubereats.com/palm-springs/food-delivery/sams-sushi/s7RDmF99Sz2lr_jdCl3lsQ,thousand-palms-california
https://www.ubereats.com/palm-springs/food-delivery/dickeys-bbq-pit-42452-4-bob-hope-dr/VL0U6NzxQLasQn5H_PDJJw,thousand-palms-california
https://www.ubereats.com/palm-springs/food-delivery/mcdonalds-31250-bob-hope-drive/1HuibDigTKKYJfsN7sCj-A,thousand-palms-california
https://www.ubereats.com/palm-springs/food-delivery/the-broken-yolk-cafe-la-quinta/7EblE02JRFuxv52PFi1l4Q,thousand-palms-california
https://www.ubereats.com/palm-springs/food-delivery/mastros-steakhouse-73-405-el-paseo-suite-120/5j5fd9dnQ3qLMzxplB-KgQ,thousand-palms-california
https://www.ubereats.com/palm-springs/food-delivery/taco-bell-39335-washington-st/iwGMNyroQxqz7-Sqy5OQSA,thousand-palms-california
https://www.ubereats.com/palm-springs/food-delivery/the-old-spaghetti-factory-rancho-mirage/_28l8ZuzS7WvORQbqSd_8g,thousand-palms-california
https://www.ubereats.com/palm-springs/food-delivery/inka-peruvian-cuisine/yUxBdPxfRZ2pslKAmkWjHg,thousand-palms-california
https://www.ubereats.com/palm-springs/food-delivery/eureka!-indian-wells/Jb557cLdR2WrWtKeeIu5cw,thousand-palms-california
https://www.ubereats.com/palm-springs/food-delivery/del-taco-39500-berkey-dr/Xf3-l1q0QqOPAwLEZ7wDtw,thousand-palms-california
https://www.ubereats.com/palm-springs/food-delivery/taco-bell-31300-bob-hope-dr/F3pM0XeoRzi7IrPr72fIKw,thousand-palms-california
https://www.ubereats.com/palm-springs/food-delivery/super-shawarma-mediterranean-grill/WzCUPhB-ShKX1YtrMAzCyw,thousand-palms-california
https://www.ubereats.com/palm-springs/food-delivery/goodys-cafe/5eOEth_XQO6aVj3jPWKGWA,thousand-palms-california
https://www.ubereats.com/palm-springs/food-delivery/california-pizza-kitchen-73-080-el-paseo-suite-8/Sa149sApRfC6Hcpsn58-vQ,thousand-palms-california
https://www.ubereats.com/palm-springs/food-delivery/el-pollo-loco-67740-ca-1116008/6l9LsxEyRKmtTKRIDPV1qg,thousand-palms-california
https://www.ubereats.com/palm-springs/food-delivery/ruths-chris-steak-house-74740-highway-111/FdsQKEYITu-jciMqjOmK6g,thousand-palms-california
https://www.ubereats.com/palm-springs/food-delivery/jack-in-the-box-68-020-vista-chino/b0dxZQkiSeK1Qgp8UvIsXw,thousand-palms-california
https://www.ubereats.com/palm-springs/food-delivery/antigua-kitchen-and-bar/Iy-CzGetSfWLkfxo8VUYvA,thousand-palms-california
https://www.ubereats.com/palm-springs/food-delivery/normas-italian-kitchen-of-rancho-mirage/wh1KIBFwTUK2ozVc6Z0ckQ,thousand-palms-california
https://www.ubereats.com/palm-springs/food-delivery/ben-%26-jerrys-110-south-palm-canyon-drive/tH_aUrAKSn-VeyqQ3cEnww,thousand-palms-california
https://www.ubereats.com/palm-springs/food-delivery/five-guys-ca-1707-5200-east-ramon-rd/ULGvnMpkRv6cEH171NxQAA,thousand-palms-california
https://www.ubereats.com/palm-springs/food-delivery/babes-bar-b-que-%26-brewhouse/xFsqo2AVQFCM5rYQqHvs3w,thousand-palms-california
https://www.ubereats.com/palm-springs/food-delivery/carls-jr-73-125-highway-111/DlK5VHjlTOuqTv9RKqC41Q,thousand-palms-california
https://www.ubereats.com/palm-springs/food-delivery/buffalo-wild-wings-72-920-highway-111/tSdwYJG2TFa_YT9A1l08ig,thousand-palms-california
https://www.ubereats.com/palm-springs/food-delivery/mcdonalds-palm-springs-e-palm-canyon-%26-barona-rd/UlvttqRJQUeHaZbpBbP1zw,thousand-palms-california
https://www.ubereats.com/palm-springs/food-delivery/the-ice-cream-shop/9Aze85ZkTWuCRDgSdzcbkw,thousand-palms-california
https://www.ubereats.com/palm-springs/food-delivery/jack-in-the-box-42550-b-jackson-street/NT52I8QETgGWGHNfyH9cCA,thousand-palms-california
https://www.ubereats.com/palm-springs/food-delivery/five-guys-ca-1190-78-445-highway-111/chNW6ZyYQJudAgaPASDVGQ,thousand-palms-california
https://www.ubereats.com/palm-springs/food-delivery/subway-1775-east-palm-canyon-drive/0Ft87GGpShqXAjmAS-rVLA,thousand-palms-california
https://www.ubereats.com/palm-springs/food-delivery/charleys-philly-steaks-palm-desert/6340NWfeRTCAlI6ang_RPg,thousand-palms-california
https://www.ubereats.com/palm-springs/food-delivery/sullivans-73505-el-paseo-%232600/ZEhOSuUxRt2iI9bO6cdQag,thousand-palms-california
https://www.ubereats.com/palm-springs/food-delivery/daily-grill-palm-desert/aK1ztTfmTYmQgkq76T9Zew,thousand-palms-california
https://www.ubereats.com/palm-springs/food-delivery/sirocco-pizza-company/XK2tBFMrQZucKdBuASCrmg,thousand-palms-california
https://www.ubereats.com/palm-springs/food-delivery/mcdonalds-rancho-mirage-monterey-dinah-shore/BFyjJUMgQf6LvVjD4vIMWw,thousand-palms-california
https://www.ubereats.com/palm-springs/food-delivery/sonic-30777-date-palm-drive/gfvnaMGoTnWYP69HmiDShA,thousand-palms-california
https://www.ubereats.com/palm-springs/food-delivery/burger-king-69-120-ramon-road/BH5_sAe_RIaJTN8XcB9fJQ,thousand-palms-california
https://www.ubereats.com/palm-springs/food-delivery/jack-in-the-box-694-s-palm-canyon-dr/xXgRYSm3Rs6KIBT4fe_TlA,thousand-palms-california
https://www.ubereats.com/palm-springs/food-delivery/heirloom-craft-kitchen/bq39NvbgQKqlel9ZY-Lopg,thousand-palms-california
https://www.ubereats.com/palm-springs/food-delivery/soul-of-china-washington-st/8C_V5hd6SFCerNb-GziojA,thousand-palms-california
https://www.ubereats.com/palm-springs/food-delivery/eight4nine-restaurant/DqmEQufXTEadDb8EMIFTbg,thousand-palms-california
https://www.ubereats.com/palm-springs/food-delivery/firehouse-subs-palm-desert/H-U_fKc0QPike8IyvjaTfg,thousand-palms-california
https://www.ubereats.com/palm-springs/food-delivery/the-habit-burger-grill-73393-highway-111-suite-1/s-wDGUNPQP2PeQy4ZQOxtg,thousand-palms-california
https://www.ubereats.com/palm-springs/food-delivery/romanos-pizza-subs-salads-%26-wings/dkI9iDQQRo6QfpZDd99z5A,thousand-palms-california
https://www.ubereats.com/palm-springs/food-delivery/guadalajara-cafe/o9nDPxowTom8RTQ0Hrx1-g,thousand-palms-california
https://www.ubereats.com/palm-springs/food-delivery/sams-korean-bbq/VDeklBGzSpawcQe5zHNofQ,thousand-palms-california
https://www.ubereats.com/palm-springs/food-delivery/firehouse-subs-palm-springs/3GtpLs_yRCGZ9EnNFO4laQ,thousand-palms-california
https://www.ubereats.com/palm-springs/food-delivery/starbucks-varner-%26-washington-palm-desert/G8kSh5yhQfinLzbrbw4ggw,thousand-palms-california
https://www.ubereats.com/palm-springs/food-delivery/applebees-82894-us-highway-111/ypYzViJ1TzO74VJU7rLvCA,thousand-palms-california
https://www.ubereats.com/palm-springs/food-delivery/cie-sichuan-cuisine/dDnsCAyxTBuilqYkYGxPLg,thousand-palms-california
