url,city
https://www.ubereats.com/ventura/food-delivery/muzen-sushi/i4g7Bk7tSQaxsJPR51qxFA,thousand-oaks-california
https://www.ubereats.com/ventura/food-delivery/newberry-candy/xztQ3hNZS5SeG0vkK4wl7g,thousand-oaks-california
https://www.ubereats.com/ventura/food-delivery/subway-4227-tierra-rejada-rd-ste-b/y0bD9xI1QQ6KXYnyAOb0uA,thousand-oaks-california
https://www.ubereats.com/los-angeles/food-delivery/dunkin-30895-e-thousand-oaks-blvd-%23101/r28TVgyjQ0-H1lsiiXFBpA,thousand-oaks-california
https://www.ubereats.com/ventura/food-delivery/sunny-%26-fines-breakfast-burritos/7N0hrs0ASZKHyJNTQvYW1A,thousand-oaks-california
https://www.ubereats.com/ventura/food-delivery/taco-bell-4955-las-virgenes-rd/ZnWlUANPSMekIrJ7a62Xqw,thousand-oaks-california
https://www.ubereats.com/ventura/food-delivery/burgerim-587-n-ventu-park-rd-suite-587-a/IErn3fjmTXyo3Ak4NnyH1w,thousand-oaks-california
https://www.ubereats.com/ventura/food-delivery/urbane-cafe-camarillo/Kk2E50iVR66q_31x0kMU1Q,thousand-oaks-california
https://www.ubereats.com/ventura/food-delivery/vincitore-italian-restaurant/7Ib4XhG3QnyzYg-fWoMuEQ,thousand-oaks-california
https://www.ubereats.com/ventura/food-delivery/pickles-deli-restaurant-%26-catering/3kvIOQXiRUSC69O6jxDShA,thousand-oaks-california
https://www.ubereats.com/ventura/food-delivery/sunny-%26-fines-breakfast-burritos/1iolfpjuR9iKIkzCJtNDCQ,thousand-oaks-california
https://www.ubereats.com/ventura/food-delivery/ihop-2315-michael-dr/4efIQx9VRV2DyLkkzGeisg,thousand-oaks-california
https://www.ubereats.com/ventura/food-delivery/tonys-new-york-pizza-ordermark/29wkC5EWR_GpauhhNpYA_w,thousand-oaks-california
https://www.ubereats.com/ventura/food-delivery/vegiterranean-kitchen/jXsVXmsIR2a6y34JRulo4w,thousand-oaks-california
https://www.ubereats.com/ventura/food-delivery/grabbagreen-593-n-moorpark-rd/opEOKUJoQLe0zbNJ_y13Ig,thousand-oaks-california
https://www.ubereats.com/ventura/food-delivery/jersey-mikes-370-n-lantana/GN-TuI63RuuIccfDnlb1KA,thousand-oaks-california
https://www.ubereats.com/los-angeles/food-delivery/hummus-bistro/G1Xbx2bdRZuEydEhD51a6A,thousand-oaks-california
https://www.ubereats.com/ventura/food-delivery/chipotle-mexican-grill-935-broadbeck-dr-ste-c/SVuhsf71SpK-8NZoVKMBBQ,thousand-oaks-california
https://www.ubereats.com/ventura/food-delivery/western-bagel-westlake-village/0i3yMy1hSjGbgqNn2NxHSA,thousand-oaks-california
https://www.ubereats.com/ventura/food-delivery/baja-fresh-camarillo/ynHDM0FnQweOHOGtPkXysA,thousand-oaks-california
https://www.ubereats.com/ventura/food-delivery/kfc-%2325-3605-e-thousand-oaks-blvd/J2ePMYadTHaCXzuwdkzAxw,thousand-oaks-california
https://www.ubereats.com/ventura/food-delivery/taco-bell-2900-townsgate-rd-suite-113/Hts2dF9FRvypcApKFUZVEQ,thousand-oaks-california
https://www.ubereats.com/ventura/food-delivery/hummus-bistro/G1Xbx2bdRZuEydEhD51a6A,thousand-oaks-california
https://www.ubereats.com/ventura/food-delivery/novo-cafe/A9A8XC-GQoi3mWrugL7CpA,thousand-oaks-california
https://www.ubereats.com/ventura/food-delivery/veggie-grill-westlake-village/YBw2o-nHR-KAuIU7gTFtzw,thousand-oaks-california
https://www.ubereats.com/los-angeles/food-delivery/maral-cuisine/THknppd4QIG3JIgh5HrYFw,thousand-oaks-california
https://www.ubereats.com/ventura/food-delivery/kabab-plus/nZK8Jj_jQfCapt2av-D8XA,thousand-oaks-california
https://www.ubereats.com/ventura/food-delivery/jersey-mikes-605-e-janss-road/Iv_Snf45TdispJputyr1yg,thousand-oaks-california
https://www.ubereats.com/ventura/food-delivery/namaste-spiceland/9fXLQtk6QVm0QgQVvcB9Sw,thousand-oaks-california
https://www.ubereats.com/los-angeles/food-delivery/lure-fish-house-westlake/wW75fpI4S12CIdDMLWkDnQ,thousand-oaks-california
https://www.ubereats.com/ventura/food-delivery/mediterranean-pita-grill-westlake-village/7bJ8SLuISk2OFlSJ7FEt4g,thousand-oaks-california
https://www.ubereats.com/ventura/food-delivery/pasquallys-pizza-%26-wings-130-w-hillcrest-dr/hyScFymyS9e4wXR7LAHuSQ,thousand-oaks-california
https://www.ubereats.com/ventura/food-delivery/pho-%26-tea/cpWYpNo6QACQ1tKyQzmxew,thousand-oaks-california
https://www.ubereats.com/ventura/food-delivery/sandwiches-sliders-and-snacks-thousand-oaks/38ADL9a-T5unzvv_TAVHLw,thousand-oaks-california
https://www.ubereats.com/ventura/food-delivery/mastros-steakhouse-2087-east-thousand-oaks-blvd/ROtU8WqFT2Sw2N_F2H3EPA,thousand-oaks-california
https://www.ubereats.com/ventura/food-delivery/pf-changs-2250-thousand-oaks-blvd/r_MLCWexQvOcBTPVws-wNw,thousand-oaks-california
https://www.ubereats.com/ventura/food-delivery/pookies-thai-westlake-cuisine/KJNzLppwT1SPutdOhGsrtQ,thousand-oaks-california
https://www.ubereats.com/ventura/food-delivery/killer-wings/NP-VPem_TPKREIwdZhrXwA,thousand-oaks-california
https://www.ubereats.com/los-angeles/food-delivery/chipotle-mexican-grill-5754-lindero-canyon-rd/HBFovIjVRTau7rFeR6NW7Q,thousand-oaks-california
https://www.ubereats.com/ventura/food-delivery/grecos-new-york-pizzeria-thousand-oaks/XsJ9alp3TmyJ34q7LWZTZg,thousand-oaks-california
https://www.ubereats.com/ventura/food-delivery/el-pollo-loco-moorpark/v-3JnXniQlGPu4I879hO9g,thousand-oaks-california
https://www.ubereats.com/ventura/food-delivery/antojitos-bistro/BtbskKgQTh-TXZrz4yvFng,thousand-oaks-california
https://www.ubereats.com/ventura/food-delivery/starbucks-hillcrest-%26-ventu-park/btdV2ZB_RsmvqtxKQxumJQ,thousand-oaks-california
https://www.ubereats.com/ventura/food-delivery/barones-thousand-oaks/eM8fXw7uSP-3SrzM_nEd5g,thousand-oaks-california
https://www.ubereats.com/ventura/food-delivery/mendocino-farms-westlake-village/Idb-IvkfR5O_N9LaYjtKTg,thousand-oaks-california
https://www.ubereats.com/ventura/food-delivery/cronies-sports-grill-newbury-park/k8VjibqZTo-PU6kfgFhMCA,thousand-oaks-california
https://www.ubereats.com/ventura/food-delivery/del-taco-591-n-ventu-park-rd/E4BFAUm5TfyxM_UU3q5BrQ,thousand-oaks-california
https://www.ubereats.com/ventura/food-delivery/mediterranean-pita-grill-calabasas/juDxYmTLS3qG-jihsYjrYw,thousand-oaks-california
https://www.ubereats.com/ventura/food-delivery/bjs-restaurant-%26-brewhouse-3955-thousand-oaks-boulevard/3g-Z9LYiS3-Lws3s-EGzUw,thousand-oaks-california
https://www.ubereats.com/ventura/food-delivery/himalaya/_zN1v9JwR92Sc5Hf0MUvFg,thousand-oaks-california
https://www.ubereats.com/ventura/food-delivery/plant-b-oaks-blvd/SqRAvCXdSryGdQCyPCbCJA,thousand-oaks-california
https://www.ubereats.com/ventura/food-delivery/pza-thousand-oaks/oeUVryuBShSCU7CTzVtfbw,thousand-oaks-california
https://www.ubereats.com/ventura/food-delivery/jax-pizza/TjITwKIWQQGIHJUEeDHRsQ,thousand-oaks-california
https://www.ubereats.com/ventura/food-delivery/wendys-5788-lindero-canyon-road/nEr0vW30SD-yrhX5_PRKTg,thousand-oaks-california
https://www.ubereats.com/ventura/food-delivery/blaze-pizza-3982-thousand-oaks-blvd/nfIRHyVbRiOsRoJTfs-R2Q,thousand-oaks-california
https://www.ubereats.com/ventura/food-delivery/karma-baker/ox3IBfF8TFSG2JvPm32KxQ,thousand-oaks-california
https://www.ubereats.com/ventura/food-delivery/grinder-deli/ek8gTEh7QfycJB6OBI2lsw,thousand-oaks-california
https://www.ubereats.com/ventura/food-delivery/boney-mountain-pizza/RQWdtqjsTyW2yOh9mMvw2A,thousand-oaks-california
https://www.ubereats.com/ventura/food-delivery/panda-express-29145-canwood-st/ODsvEl6eRASXBR5ewBDA9Q,thousand-oaks-california
https://www.ubereats.com/ventura/food-delivery/taco-bell-125-w-los-angeles-ave/DTB6cStBSj-tCNgr2BF8Gw,thousand-oaks-california
https://www.ubereats.com/ventura/food-delivery/lal-mirch-indian-restaurant-agoura-hills/2oxfDfJRT9Wlgno299H4hA,thousand-oaks-california
https://www.ubereats.com/ventura/food-delivery/buca-di-beppo-thousand-oaks/qHQ0kYLyRkqimuyVD4J36Q,thousand-oaks-california
https://www.ubereats.com/ventura/food-delivery/jarros-cafe/S2anmJ5CRQ27u-RxvWJycQ,thousand-oaks-california
https://www.ubereats.com/ventura/food-delivery/jinkys-cafe-thousand-oaks/oYzEFE_bT3auKqQOGTDQNg,thousand-oaks-california
https://www.ubereats.com/ventura/food-delivery/popeyes-chicken/vcht2U4STiydILsCcFojSw,thousand-oaks-california
https://www.ubereats.com/ventura/food-delivery/urban-society-cafe-and-meal-prep/DrrKTVqrSsqa82xgpruRFA,thousand-oaks-california
https://www.ubereats.com/ventura/food-delivery/taco-bell-25-rancho-rd/h-l-W8wbShChYClJq6ud_g,thousand-oaks-california
https://www.ubereats.com/ventura/food-delivery/brendans-irish-pub-%26-restaurant-agoura-hills/_Z7T87NUTOuRbYmidOUYXQ,thousand-oaks-california
https://www.ubereats.com/ventura/food-delivery/panda-express-2500-las-posas-rd-%23f/1Vq-UmayQ8mD5_sqCY5ILw,thousand-oaks-california
https://www.ubereats.com/ventura/food-delivery/popeyes-2801-agoura-rd/rBm5Dz3NR1qB_eMh3Uijtg,thousand-oaks-california
https://www.ubereats.com/ventura/food-delivery/old-town-cafe/nyJpKuA9SJeV0qJQwPAhVg,thousand-oaks-california
https://www.ubereats.com/ventura/food-delivery/eggwich/TGIwZotmTBeruMtwEQWdIg,thousand-oaks-california
https://www.ubereats.com/ventura/food-delivery/marmalade-cafe-westlake-village/tlMkwNgrRHqo5Um9tI1VAw,thousand-oaks-california
https://www.ubereats.com/ventura/food-delivery/muzen-sushi/88_OGwgSTRWcQ4N0nwIAIg,thousand-oaks-california
https://www.ubereats.com/ventura/food-delivery/jamba-juice-2749-agoura-rd/hpn-AmWcTVOJvj75j8rnfg,thousand-oaks-california
https://www.ubereats.com/ventura/food-delivery/cronies-sports-grill-agoura-hills/MfRrj01rRUqeea2UtYdxsg,thousand-oaks-california
https://www.ubereats.com/ventura/food-delivery/wing-squad-thousand-oaks/pWNfYqNLTPqmliKrRbYL0A,thousand-oaks-california
https://www.ubereats.com/ventura/food-delivery/101-bbq-hut/I-Jt-8rhRGuR65c99fTrqQ,thousand-oaks-california
https://www.ubereats.com/ventura/food-delivery/twisted-oak-tavern/f4O0d6WlRsGHOmmpdFyp0Q,thousand-oaks-california
https://www.ubereats.com/ventura/food-delivery/love-sushi-house-v/R4XYJYnCTcS3QF9Z0qcBQA,thousand-oaks-california
https://www.ubereats.com/ventura/food-delivery/taco-bell-5589-kanan-road/xvCey_AVTkid_IXtkOb68A,thousand-oaks-california
https://www.ubereats.com/ventura/food-delivery/jamba-juice-33-n-moorpark-rd-ste-g/dUW40N0kRS-2WigcWZ3iiA,thousand-oaks-california
https://www.ubereats.com/ventura/food-delivery/tonys-new-york-pizza/K224qQ0cQaeSNcxZpMPkcA,thousand-oaks-california
https://www.ubereats.com/ventura/food-delivery/currying-flavors/p_--_fBNTAeJrr49KGvZPA,thousand-oaks-california
https://www.ubereats.com/ventura/food-delivery/starbucks-moorpark-%26-hillcrest/8OuXUjbLThWldPpGfxJ0PQ,thousand-oaks-california
https://www.ubereats.com/los-angeles/food-delivery/taco-bell-1928-e-avenida-de-los-arboles/v3A60NlVRteBibMVkAoJVA,thousand-oaks-california
https://www.ubereats.com/ventura/food-delivery/starbucks-lindero-canyon-%26-kanan-rd/nFsb8P5UTtaIxEPKecUwGg,thousand-oaks-california
https://www.ubereats.com/ventura/food-delivery/fresh-brothers-westlake-village/sq16een9S8iziP1Kbo2dNg,thousand-oaks-california
https://www.ubereats.com/ventura/food-delivery/subway-440-north-moorpark-road/ox4ID3haTImmxsmUoTzsXw,thousand-oaks-california
https://www.ubereats.com/ventura/food-delivery/el-pollo-loco-2750-camino-dos-rios/RBXdfjV8TuSXGTNVGW--sg,thousand-oaks-california
https://www.ubereats.com/ventura/food-delivery/jersey-mikes-subs-144-w-los-angeles-ave/dyhOyNGZQGOM2A-FNgd6hg,thousand-oaks-california
https://www.ubereats.com/ventura/food-delivery/mali-cuisine/hT83ncjLS_6kqxs3ZoX8qg,thousand-oaks-california
https://www.ubereats.com/ventura/food-delivery/pick-up-stix-westlake-village/2dXT5egsSLCSiqdz05D9pQ,thousand-oaks-california
https://www.ubereats.com/ventura/food-delivery/sushi-ai/oHYPQ_UCT_2pjtzwWvPLyw,thousand-oaks-california
https://www.ubereats.com/ventura/food-delivery/the-ice-cream-shop/OTI7a9Q0Txu9GUyNeSt5Aw,thousand-oaks-california
https://www.ubereats.com/ventura/food-delivery/mcdonalds-1730-n-moorpark-rd/Ux8XYN9BQQKKtoCT89logw,thousand-oaks-california
https://www.ubereats.com/los-angeles/food-delivery/taco-bell-25-rancho-rd/h-l-W8wbShChYClJq6ud_g,thousand-oaks-california
https://www.ubereats.com/ventura/food-delivery/spudnuts-donuts-thousand-oaks/6olvRLApTL6cHoSyq8Wwog,thousand-oaks-california
https://www.ubereats.com/los-angeles/food-delivery/szechuan-place/cv3Dc5MYSPS6K0RtE2J9JA,thousand-oaks-california
https://www.ubereats.com/ventura/food-delivery/jacks-donuts-thousand-oaks/Uz-MpB6WROSFwhctYEtrEw,thousand-oaks-california
https://www.ubereats.com/ventura/food-delivery/jersey-mikes-2000-avenida-de-los-arboles/mIZAQ2aPSGiYhvsyHORXZg,thousand-oaks-california
https://www.ubereats.com/ventura/food-delivery/garden-india-grocery-inc/4sEy5l6GQaOfVYZoLAXFGw,thousand-oaks-california
https://www.ubereats.com/ventura/food-delivery/mod-pizza-newbury-park/3TG7DJuNRKOa9C_aZYt-Yw,thousand-oaks-california
https://www.ubereats.com/ventura/food-delivery/subway-245-n-moorpark-rd/2sMYcxl0T0qjKMNPBAXHAw,thousand-oaks-california
https://www.ubereats.com/ventura/food-delivery/urbane-cafe-thousand-oaks/dgOOwQV8QmqXyn4KYpdldQ,thousand-oaks-california
https://www.ubereats.com/ventura/food-delivery/latino-market-%26-grill/q5bAozbSQoSoPYbYcwQqbQ,thousand-oaks-california
https://www.ubereats.com/ventura/food-delivery/chipotle-mexican-grill-5754-lindero-canyon-rd/HBFovIjVRTau7rFeR6NW7Q,thousand-oaks-california
https://www.ubereats.com/ventura/food-delivery/sienna-deli/Esu7j5BJT-24UPKoMukqdA,thousand-oaks-california
https://www.ubereats.com/los-angeles/food-delivery/chipotle-mexican-grill-162-w-hillcrest-dr-ste-300/IqTQua0LQNW7UbIJbi3xtg,thousand-oaks-california
https://www.ubereats.com/los-angeles/food-delivery/latino-market-%26-grill/q5bAozbSQoSoPYbYcwQqbQ,thousand-oaks-california
https://www.ubereats.com/ventura/food-delivery/which-wich-thousand-oaks/tgcvIQHgSCO2PA0Mo0Fjog,thousand-oaks-california
https://www.ubereats.com/ventura/food-delivery/ali-babas-cafe/k9ZbOnnfRcqZaW-z8HxkkA,thousand-oaks-california
https://www.ubereats.com/ventura/food-delivery/dong-ting-spring/2oE5ja_oRwWnmGsHV0UMYw,thousand-oaks-california
https://www.ubereats.com/los-angeles/food-delivery/pick-up-stix-westlake-village/2dXT5egsSLCSiqdz05D9pQ,thousand-oaks-california
https://www.ubereats.com/los-angeles/food-delivery/taco-bell-791-n-wendy-dr/Pbz6QxBPQ4CW7k_M88MhYg,thousand-oaks-california
https://www.ubereats.com/los-angeles/food-delivery/taco-bell-2900-townsgate-rd-suite-113/Hts2dF9FRvypcApKFUZVEQ,thousand-oaks-california
https://www.ubereats.com/ventura/food-delivery/the-habit-burger-grill-29145-canwood-street-suite-a-1/jFR_un1yTRyIXjRoNwW1Kg,thousand-oaks-california
https://www.ubereats.com/ventura/food-delivery/golden-dragon-chinese-restaurant/ojmldBZLSZOcZbVq4sXe1g,thousand-oaks-california
https://www.ubereats.com/ventura/food-delivery/eggwich/8JZA1YksQoWABIwwsjMTPQ,thousand-oaks-california
https://www.ubereats.com/ventura/food-delivery/diar-kitchen/UvQIbX_-Q3-YQNKJ2250FA,thousand-oaks-california
https://www.ubereats.com/ventura/food-delivery/panda-express-5752-lindero-canyon/_j-1toCHQhSrJiR3pbvrEA,thousand-oaks-california
https://www.ubereats.com/ventura/food-delivery/cold-stone-creamery-215a-n-moorpark-rd-ste-a/uHvQMV9fTg-XSQVnf_lSzA,thousand-oaks-california
https://www.ubereats.com/ventura/food-delivery/sadaf-restaurant-thousand-oaks/wn1vFlVrQZmyors1W74XZQ,thousand-oaks-california
https://www.ubereats.com/ventura/food-delivery/rokabab-mediterranean-grill/OdY8iIsMSzOz7wDhRqq7iw,thousand-oaks-california
https://www.ubereats.com/los-angeles/food-delivery/mali-cuisine/hT83ncjLS_6kqxs3ZoX8qg,thousand-oaks-california
https://www.ubereats.com/ventura/food-delivery/carls-jr-401-w-los-angeles-ave/G1BhJPR-SNGjtOfprBTJpw,thousand-oaks-california
https://www.ubereats.com/ventura/food-delivery/sbarro-350-west-hillcrest-drive/iff763tYQpeoCzdXqtPyUA,thousand-oaks-california
https://www.ubereats.com/ventura/food-delivery/love-sushi-thousand-oaks/QlPDYuAXQIGgQ1_dk1qNCQ,thousand-oaks-california
https://www.ubereats.com/los-angeles/food-delivery/muzen-sushi/88_OGwgSTRWcQ4N0nwIAIg,thousand-oaks-california
https://www.ubereats.com/ventura/food-delivery/starbucks-janss-%26-moorpark-thousand-oak/9xhprHwtQtimoullpAFIPw,thousand-oaks-california
https://www.ubereats.com/ventura/food-delivery/lazy-dog-restaurant-%26-bar-thousand-oaks/0jt38OWpTpm_N5gu3ILDqg,thousand-oaks-california
https://www.ubereats.com/ventura/food-delivery/taco-bell-1505-flynn-rd/LSHIRhENQGaQGDd-3hWGRg,thousand-oaks-california
https://www.ubereats.com/ventura/food-delivery/panda-express-1744-moorpark-rd/S5rlL1Z-TDCPZ-I4F9oe6Q,thousand-oaks-california
https://www.ubereats.com/los-angeles/food-delivery/kabab-plus/nZK8Jj_jQfCapt2av-D8XA,thousand-oaks-california
https://www.ubereats.com/ventura/food-delivery/el-pollo-loco-591-n-moorpark-rd3734/r4jBNYadT_-nbbnDbyLj1g,thousand-oaks-california
https://www.ubereats.com/ventura/food-delivery/thousand-wok/B3ofCOPoQ0eA_chsfPLG9g,thousand-oaks-california
https://www.ubereats.com/ventura/food-delivery/papa-johns-2072-e-avenida-de-los-arboles-ste-b/p5eAsAGlSsizq_SaBVEynw,thousand-oaks-california
https://www.ubereats.com/ventura/food-delivery/tantra-indian-cuisine/I-Gob_5kTdulIhGKnJqd7w,thousand-oaks-california
https://www.ubereats.com/ventura/food-delivery/grissini-ristorante-italiano/B6Hqokp4QvmgswjxZEy2Kg,thousand-oaks-california
https://www.ubereats.com/ventura/food-delivery/panera-205-n-moorpark-road/9gr6l6PkSZSYsDRa5AHEJg,thousand-oaks-california
https://www.ubereats.com/ventura/food-delivery/subway-425-e-avenida-de-los-arboles/IoIsHwWuT6OLqwmuC7HeaQ,thousand-oaks-california
https://www.ubereats.com/los-angeles/food-delivery/antojitos-bistro/BtbskKgQTh-TXZrz4yvFng,thousand-oaks-california
https://www.ubereats.com/ventura/food-delivery/bollywood-spice-indian-cuisine/_8AnCiAsQlKa1yUWZdgL7g,thousand-oaks-california
https://www.ubereats.com/los-angeles/food-delivery/kreasian-kitchen/tTeeQrs5Q_aa9d6FCh_NXg,thousand-oaks-california
https://www.ubereats.com/ventura/food-delivery/zooza-cafe/ylz7l7uEQqSu9PBMjUN75Q,thousand-oaks-california
https://www.ubereats.com/ventura/food-delivery/taco-bell-1928-e-avenida-de-los-arboles/v3A60NlVRteBibMVkAoJVA,thousand-oaks-california
https://www.ubereats.com/ventura/food-delivery/spumoni/kMlPjUo9TFStwaC_EyrPHw,thousand-oaks-california
https://www.ubereats.com/ventura/food-delivery/daphnes-california-greek-newbury-park/q25TGsCfTOaCM6iAYykToQ,thousand-oaks-california
https://www.ubereats.com/ventura/food-delivery/tilted-kilt-thousand-oaks-blvd/Se6dvj3gT06fcw0o5b7C7Q,thousand-oaks-california
https://www.ubereats.com/ventura/food-delivery/chipotle-mexican-grill-806-e-los-angeles-ave/h_hWQzPWQE-zhMCgGnNi_A,thousand-oaks-california
https://www.ubereats.com/ventura/food-delivery/casa-nostra-restaurant-westlake-village/L3EYNawURhugVOiPM6iYgw,thousand-oaks-california
https://www.ubereats.com/ventura/food-delivery/surf-boba-town-center/bNdBs5xeTc2GW-93DzAnIw,thousand-oaks-california
https://www.ubereats.com/ventura/food-delivery/jamba-juice-888-new-los-angeles-ave/2vDWDO2tTV6nEzhZe3PstA,thousand-oaks-california
https://www.ubereats.com/ventura/food-delivery/the-sea-casa-westlake/u2P1Hpr2QIm4GQukkWnFWQ,thousand-oaks-california
https://www.ubereats.com/ventura/food-delivery/la-breakfast-club/B92Jd-KtR0qSXNQp_dOuuA,thousand-oaks-california
https://www.ubereats.com/los-angeles/food-delivery/del-taco-591-n-ventu-park-rd/E4BFAUm5TfyxM_UU3q5BrQ,thousand-oaks-california
https://www.ubereats.com/ventura/food-delivery/hurricane-wings-650-n-moorpark-rd/7Wj4QiUNQKSCM_vocHXuzA,thousand-oaks-california
https://www.ubereats.com/ventura/food-delivery/kreasian-kitchen/tTeeQrs5Q_aa9d6FCh_NXg,thousand-oaks-california
https://www.ubereats.com/los-angeles/food-delivery/sushi-ai/oHYPQ_UCT_2pjtzwWvPLyw,thousand-oaks-california
https://www.ubereats.com/ventura/food-delivery/lure-fish-house-westlake/wW75fpI4S12CIdDMLWkDnQ,thousand-oaks-california
https://www.ubereats.com/ventura/food-delivery/california-pizza-kitchen-2200-e-thousand-oaks-blvd/n81I0jZ7RVecsXtqJZz9tA,thousand-oaks-california
https://www.ubereats.com/ventura/food-delivery/the-healing-tree/U3qh1FwzRnSX35aNy6yoMQ,thousand-oaks-california
https://www.ubereats.com/ventura/food-delivery/chick-fil-a-449-n-moorpark-rd/9_viKqyZTnSYCA6-uDhiHw,thousand-oaks-california
https://www.ubereats.com/ventura/food-delivery/tonys-pizza-and-pasta/UEdxU0sNQk6igGfGmz85PA,thousand-oaks-california
https://www.ubereats.com/ventura/food-delivery/chuck-e-cheese-130-w-hillcrest-dr/gEVnqZMCT-u6GHWlwYtwCQ,thousand-oaks-california
https://www.ubereats.com/ventura/food-delivery/urbane-cafe-simi-valley/0_FXBDGfT8-T4fDWdgewCQ,thousand-oaks-california
https://www.ubereats.com/ventura/food-delivery/al-mulino-italian-restaurant-%26-bar/jbm4vDkZRy2ttjf8actvpw,thousand-oaks-california
https://www.ubereats.com/ventura/food-delivery/jersey-mikes-subs-30845-thousand-oaks-boulevard/kAFfzWNYTc2A6u-lE7BYiQ,thousand-oaks-california
https://www.ubereats.com/ventura/food-delivery/jersey-mikes-26799-agoura-rd/Kq8R_iwcSOGhU0JpcrLpWw,thousand-oaks-california
https://www.ubereats.com/ventura/food-delivery/la-breakfast-club/7OgZYjCkR9WTU7MPBaX8jA,thousand-oaks-california
https://www.ubereats.com/ventura/food-delivery/mcdonalds-3805-e-thousand-oaks-blvd/0sDOnOaURZ-GHp7t1CJF5g,thousand-oaks-california
https://www.ubereats.com/ventura/food-delivery/the-habit-burger-grill-3980-e-thousand-oaks-blvd-suite-1/22f8m_xHRU-6zL9W_RQrug,thousand-oaks-california
https://www.ubereats.com/ventura/food-delivery/thai-peru-restaurant/cuxVziXGTRG7PUtJj7Ulmw,thousand-oaks-california
https://www.ubereats.com/ventura/food-delivery/hot-dog-on-a-stick-382-w-hillcrest-drive/Jtk_DpKDSP6LMKvBEFvNSQ,thousand-oaks-california
https://www.ubereats.com/ventura/food-delivery/round-table-pizza-2060-e-avenida-de-los-arboles/xVdIChYJTKK6J1tTk1Us2g,thousand-oaks-california
https://www.ubereats.com/ventura/food-delivery/the-park-restaurant-%26-bar/prM0hRwkRDiJXOba8-fPOw,thousand-oaks-california
https://www.ubereats.com/ventura/food-delivery/karma-indian-cuisine/GXX553nFSQmEr_SA9zYFDw,thousand-oaks-california
https://www.ubereats.com/ventura/food-delivery/dunkin-30895-e-thousand-oaks-blvd-%23101/r28TVgyjQ0-H1lsiiXFBpA,thousand-oaks-california
https://www.ubereats.com/ventura/food-delivery/sushi-nishi/jjrqOYA2TP-DaqQCueZZnQ,thousand-oaks-california
https://www.ubereats.com/ventura/food-delivery/burgerim-1610-e-thousand-oaks-blvd-ste-%23c/qbaXrdJ7Sf2xE4xL56fn-Q,thousand-oaks-california
https://www.ubereats.com/ventura/food-delivery/luna-llena-restaurant/QZp4qRsoTEGd6zGkr7yxjw,thousand-oaks-california
https://www.ubereats.com/ventura/food-delivery/mcdonalds-501-new-los-angeles-ave/oJZClnvNT1KCINYIOilYdw,thousand-oaks-california
https://www.ubereats.com/ventura/food-delivery/subway-1772-avenida-de-los-arboles/Ew8EXu90ReKTcq-hz3GgwQ,thousand-oaks-california
https://www.ubereats.com/ventura/food-delivery/love-sushi-moorpark/QC6B2RqDSa6ym3gC4C5D-g,thousand-oaks-california
https://www.ubereats.com/ventura/food-delivery/paul-martins-american-grill-westlake/x_RhEG_QTe-_35NgNa_wFQ,thousand-oaks-california
https://www.ubereats.com/ventura/food-delivery/the-habit-burger-grill-11-w-hillcrest-dr/-0ALdBPEQ62HzOQ9ay1d4g,thousand-oaks-california
https://www.ubereats.com/ventura/food-delivery/szechuan-place/cv3Dc5MYSPS6K0RtE2J9JA,thousand-oaks-california
https://www.ubereats.com/ventura/food-delivery/taco-bell-791-n-wendy-dr/Pbz6QxBPQ4CW7k_M88MhYg,thousand-oaks-california
https://www.ubereats.com/ventura/food-delivery/bollywood-indian-restaurant-westlake-village/8HIZ_QeNRDKe4_71oF_lpQ,thousand-oaks-california
https://www.ubereats.com/ventura/food-delivery/bobas-cuz/IOuvtb4oS3mr-DGD40VJdg,thousand-oaks-california
https://www.ubereats.com/ventura/food-delivery/fatburger-%26-buffalos-express-650-n-moorpark-rd/JmP_8NGRShyTRSlIRUbPSQ,thousand-oaks-california
https://www.ubereats.com/ventura/food-delivery/el-sancho-loco/CFFJfl4HQXSaAF7MAu7_Jg,thousand-oaks-california
https://www.ubereats.com/ventura/food-delivery/taras-himalayan-cuisine-newbury-park/c6X3iJQmTVedJXeWkrGSzQ,thousand-oaks-california
https://www.ubereats.com/ventura/food-delivery/east-coast-bagel-westlake/Z-YH0FGHSqqMswrYNmqwtg,thousand-oaks-california
https://www.ubereats.com/ventura/food-delivery/brents-delicatessen-%26-restaurant/uxtTSrKLQYucH0OsWR8JGg,thousand-oaks-california
https://www.ubereats.com/ventura/food-delivery/the-sandwich-spot-newbury-park/G4oDKEjRRYOBcTG5w01DjA,thousand-oaks-california
https://www.ubereats.com/ventura/food-delivery/jersey-mikes-3825-e-thousand-oaks-blvd/eTXo9bQuR_em2bshMKRdnA,thousand-oaks-california
https://www.ubereats.com/ventura/food-delivery/starbucks-agoura-%26-westlake/0AdSTheDQdqh8ZBGDqS1vQ,thousand-oaks-california
https://www.ubereats.com/ventura/food-delivery/panda-express-382-w-hillcrest-dr/QN-QHrMoQuqRCFYrkutkJA,thousand-oaks-california
https://www.ubereats.com/ventura/food-delivery/the-alamo-bar-%26-grill/D5E3tQZVSXSLj5x-CCwVgg,thousand-oaks-california
https://www.ubereats.com/ventura/food-delivery/o-r-authentic-thai-cuisine/GMOBNnF2QxaGUssKs6qu2g,thousand-oaks-california
https://www.ubereats.com/ventura/food-delivery/village-bakery-and-cafe/pEmuKYMeTy2F3ATyETtgEw,thousand-oaks-california
https://www.ubereats.com/ventura/food-delivery/winners-pizza/rAJ3v31vShKENberrhz38Q,thousand-oaks-california
https://www.ubereats.com/ventura/food-delivery/the-saucy-chic/MCPD1EjvRTGnF_PVdYvXfQ,thousand-oaks-california
https://www.ubereats.com/ventura/food-delivery/starbucks-thousand-oaks-%26-rancho/gsF39uTBRi2pWYVDDuLNCw,thousand-oaks-california
https://www.ubereats.com/ventura/food-delivery/carls-jr-887-westlake-blvd/-sv7kojSTmy-BzykjHHYTA,thousand-oaks-california
https://www.ubereats.com/ventura/food-delivery/mcdonalds-29161-canwood-st/DBoXw_BFTberodBzHE2spw,thousand-oaks-california
https://www.ubereats.com/ventura/food-delivery/greens-up!-westlake/U238lR7oRUS8nZxBh4RKoQ,thousand-oaks-california
https://www.ubereats.com/ventura/food-delivery/la-breakfast-club/U14dzFnCTQeDthJ-PjlJAw,thousand-oaks-california
https://www.ubereats.com/ventura/food-delivery/the-habit-burger-grill-1025-broadbeck-dr-%231/zprP6jeaQUaHNNmikXDPVg,thousand-oaks-california
https://www.ubereats.com/ventura/food-delivery/inactive-umami-burger-thousand-oaks/3Ix1d9McTXePl3MAd0Aiwg,thousand-oaks-california
https://www.ubereats.com/ventura/food-delivery/flower-hill-cookie-factory/BE1vWlx1Tk2IZrcdUaivXA,thousand-oaks-california
https://www.ubereats.com/ventura/food-delivery/mythpoint-bistro/0PgUv52sTBOXlIA_DK8E2w,thousand-oaks-california
https://www.ubereats.com/ventura/food-delivery/edelweiss-german-bierhaus-and-restaurant/DwtmNmTDRdG0Va8hjX8TKg,thousand-oaks-california
https://www.ubereats.com/ventura/food-delivery/margaritas-mex-grill-%232/H5AN0XcxRMqv9I0WYW-k5w,thousand-oaks-california
https://www.ubereats.com/ventura/food-delivery/bollywood-indian-kitchen/SSSN6vXgT2uP5EAPqzrn0w,thousand-oaks-california
https://www.ubereats.com/ventura/food-delivery/presto-pasta-newbury-park/4r-zCT4VRSSVfvaY-r2Ltg,thousand-oaks-california
https://www.ubereats.com/ventura/food-delivery/lamppost-pizza/Rs1QFQgCTSioHzEqqdHIaQ,thousand-oaks-california
https://www.ubereats.com/ventura/food-delivery/jersey-mikes-1610-2-newbury-rd/Ma0nIgXbQAODZpIbfEBwQQ,thousand-oaks-california
https://www.ubereats.com/ventura/food-delivery/panda-express-153-cochran-st-%23320/9VFg5LWsQYKMVmB0_VJDQg,thousand-oaks-california
https://www.ubereats.com/ventura/food-delivery/the-landing-grill-%26-sushi-bar/icRzLl-GQvOxDY0z6-uUCA,thousand-oaks-california
https://www.ubereats.com/ventura/food-delivery/boney-mountain-tavern/b0MptF5aSvSbE_r5d_Mi6w,thousand-oaks-california
https://www.ubereats.com/ventura/food-delivery/exotic-thai-cafe/AnHp1uWSQoSPTPIEKU-8Og,thousand-oaks-california
https://www.ubereats.com/ventura/food-delivery/cho-cho-san-thousand-oaks/ZHTp0PuBS86MO-eD60Y0xg,thousand-oaks-california
https://www.ubereats.com/ventura/food-delivery/tavern-101-grill-%26-tap-house/yJ58JvxuQ_moAKqZacgfPg,thousand-oaks-california
https://www.ubereats.com/ventura/food-delivery/mcdonalds-1908-e-avenida-de-los-arboles/UzMcL8dtR9GDsXeTJ9fQmw,thousand-oaks-california
https://www.ubereats.com/ventura/food-delivery/urbane-cafe-agoura-hills/XoUE8aMOR96ptlYVAO1Jlw,thousand-oaks-california
https://www.ubereats.com/ventura/food-delivery/yogurtland-111-s-westlake-blvd/wITb5HXcRm-NgvHPoHIAAA,thousand-oaks-california
https://www.ubereats.com/ventura/food-delivery/the-irish-pub/1BzBJCpcROm-U-RtxnhYtA,thousand-oaks-california
https://www.ubereats.com/ventura/food-delivery/subway-296-west-hillcrest-drive/gy1h_90aRu-m7cTmXVfErQ,thousand-oaks-california
https://www.ubereats.com/ventura/food-delivery/shake-shack-120-promenade-way/RBe6wddQQGO3Zwa7uXFu0w,thousand-oaks-california
https://www.ubereats.com/ventura/food-delivery/sage-plant-based-bistro-agoura-hills/vrhQvoADTv2hh2uPQR0Y4Q,thousand-oaks-california
https://www.ubereats.com/ventura/food-delivery/soom-soom-fresh-mediterranean-westlake-village/3SBhVsCRRXm-2-SLE7XN4g,thousand-oaks-california
https://www.ubereats.com/los-angeles/food-delivery/taco-bell-125-w-los-angeles-ave/DTB6cStBSj-tCNgr2BF8Gw,thousand-oaks-california
https://www.ubereats.com/ventura/food-delivery/damores-pizza-thousand-oaks/yZ1B1AFQSly5OKzm4E0rAw,thousand-oaks-california
https://www.ubereats.com/los-angeles/food-delivery/taco-bell-5589-kanan-road/xvCey_AVTkid_IXtkOb68A,thousand-oaks-california
https://www.ubereats.com/ventura/food-delivery/dennys-2830-camino-del-rios-n/M0aIRGlSQMyZBecQW1Zx9Q,thousand-oaks-california
https://www.ubereats.com/ventura/food-delivery/smileys-hot-dogs/brRHb_WUQi2BhHTe3dVcvQ,thousand-oaks-california
https://www.ubereats.com/ventura/food-delivery/sprinkles-westlake-village/Wir9TYSBT_6MQ-_xWryWxA,thousand-oaks-california
https://www.ubereats.com/ventura/food-delivery/julies-cookies/2mUMGjYDRoWkcviKmZRj6A,thousand-oaks-california
https://www.ubereats.com/ventura/food-delivery/szechuwan-garden/mxNmSDl5QUip3duVqfGp7Q,thousand-oaks-california
https://www.ubereats.com/ventura/food-delivery/killer-wings/D9mMSKoeSbWugyI2B9RPXg,thousand-oaks-california
https://www.ubereats.com/ventura/food-delivery/panera-bread-5784-lindero-canyon-rd/REmMSo3YSeCsfNXFx1oUVQ,thousand-oaks-california
https://www.ubereats.com/los-angeles/food-delivery/taco-bell-4955-las-virgenes-rd/ZnWlUANPSMekIrJ7a62Xqw,thousand-oaks-california
https://www.ubereats.com/ventura/food-delivery/baja-fresh-westlake-village/o1-zA0FkRU-cjonuP8zsGQ,thousand-oaks-california
https://www.ubereats.com/ventura/food-delivery/el-pollo-loco-5050-kanan-rd3394/Oxcc5P4FRvqvA7MG0wXVbg,thousand-oaks-california
https://www.ubereats.com/ventura/food-delivery/azars-sports-bar/IoSN-10ERGC6HVhd8uXDNA,thousand-oaks-california
https://www.ubereats.com/ventura/food-delivery/dog-haus-oaks-blvd/HXyrmSfjQOizdQLMkSjh5Q,thousand-oaks-california
https://www.ubereats.com/ventura/food-delivery/butlers-pizza/UbDywPyVStq6FcsTAzSEIg,thousand-oaks-california
https://www.ubereats.com/ventura/food-delivery/ihop-5031-kanan-rd/wbjPhkG2TNywqHouLxQGQg,thousand-oaks-california
https://www.ubereats.com/ventura/food-delivery/mcdonalds-850-wendy-dr/U4ezpTi5QNq437TGM4zG5g,thousand-oaks-california
https://www.ubereats.com/ventura/food-delivery/anarbagh-westlake-village/MeTji36jSyG7ykQUkUjuyw,thousand-oaks-california
https://www.ubereats.com/ventura/food-delivery/vegan-thyme/zEtZs6g5T9OlgNaD5SVOTg,thousand-oaks-california
https://www.ubereats.com/ventura/food-delivery/el-sancho-loco-taqueria-ordermark/Ht46aNItTCS_KC10IG7MzQ,thousand-oaks-california
https://www.ubereats.com/los-angeles/food-delivery/baja-fresh-westlake-village/o1-zA0FkRU-cjonuP8zsGQ,thousand-oaks-california
https://www.ubereats.com/ventura/food-delivery/jack-in-the-box-5033-kanan-rd/9hfP0791TiiuFn6r1fwRvA,thousand-oaks-california
https://www.ubereats.com/ventura/food-delivery/stonehaus/3eSK56weQD-gjr40zPCFhg,thousand-oaks-california
https://www.ubereats.com/ventura/food-delivery/swan-exotic-thai/YIsQnYg2RhO-NZp-pB7YFg,thousand-oaks-california
https://www.ubereats.com/ventura/food-delivery/starbucks-avenida-de-los-arboles-%26-erbes/-CHYd7ZnRWiU6cgMlaZazQ,thousand-oaks-california
https://www.ubereats.com/ventura/food-delivery/etorna/nmYjsswLSNq485VlEoOVog,thousand-oaks-california
https://www.ubereats.com/ventura/food-delivery/bad-ass-breakfast-burritos-oaks-blvd/xCWFLqVWQICkbVtj_ue0Pw,thousand-oaks-california
https://www.ubereats.com/ventura/food-delivery/farmer-boys/qcINhDCGTZq75g5KwG7tDQ,thousand-oaks-california
https://www.ubereats.com/ventura/food-delivery/the-ice-cream-shop/OuEtkeUgTI-n4u2dh_utIQ,thousand-oaks-california
https://www.ubereats.com/ventura/food-delivery/agouras-famous-deli/pNzQ5efvT92Nv1ZbkJzzcw,thousand-oaks-california
https://www.ubereats.com/ventura/food-delivery/papa-johns-1308-madera-road-ste-b6/hXyfiY0DSoCQ8bu1YyivAw,thousand-oaks-california
https://www.ubereats.com/ventura/food-delivery/agave-maria-restaurant-%26-cantina/pdfW1qyCQwW7_XCOV1yrRg,thousand-oaks-california
https://www.ubereats.com/ventura/food-delivery/sweet-arleens/u-7_BNwsQX6mewJdd6Ffwg,thousand-oaks-california
https://www.ubereats.com/ventura/food-delivery/rave-organics-cafe/cjKCKl-pRBqBBVcvn1zcfw,thousand-oaks-california
https://www.ubereats.com/los-angeles/food-delivery/margaritas-mex-grill-%232/H5AN0XcxRMqv9I0WYW-k5w,thousand-oaks-california
https://www.ubereats.com/ventura/food-delivery/harolds-restaurant/KuqunKGUSGmHSlismfXRdA,thousand-oaks-california
https://www.ubereats.com/ventura/food-delivery/diar-kitchen/yCQVYyvVSCKlmqt7HQe1KQ,thousand-oaks-california
https://www.ubereats.com/ventura/food-delivery/taiyo-ramen/u4zMNJ_uQG-AyqPjDGvVqQ,thousand-oaks-california
https://www.ubereats.com/ventura/food-delivery/pressed-juicery-westlake-village/XtorTIcTQLeO61nrpTu8DQ,thousand-oaks-california
https://www.ubereats.com/ventura/food-delivery/chipotle-mexican-grill-162-w-hillcrest-dr-ste-300/IqTQua0LQNW7UbIJbi3xtg,thousand-oaks-california
https://www.ubereats.com/ventura/food-delivery/primecutts-oaks/sa_yprWhSgu_aZUpfM1A9w,thousand-oaks-california
https://www.ubereats.com/ventura/food-delivery/carls-jr-1384-moorpark-road/k0L3zICqSr2LhuHHcAl36w,thousand-oaks-california
https://www.ubereats.com/ventura/food-delivery/julies-alps-at-jeanettes-edelweiss/7GqkxQWVTLOpKpAtr7QuXA,thousand-oaks-california
https://www.ubereats.com/ventura/food-delivery/jack-in-the-box-484-moorpark-rd/_d_8HMilSvKMPZ_LjW3ENQ,thousand-oaks-california
https://www.ubereats.com/ventura/food-delivery/namaste-spiceland/Ov2sS-DARmSay4LTR5C6-w,thousand-oaks-california
https://www.ubereats.com/ventura/food-delivery/green-burrito-1384-moorpark-rd/H6xHV148T9ijCtFM6YAWPQ,thousand-oaks-california
https://www.ubereats.com/ventura/food-delivery/its-a-grind-coffee-house/ThVkQ0RkTju7pN5VY8S6Ag,thousand-oaks-california
https://www.ubereats.com/ventura/food-delivery/charm-thai/e0LWxDtuT6W8j8bpU5CtWg,thousand-oaks-california
https://www.ubereats.com/ventura/food-delivery/chick-fil-a-3771-e-thousand-oaks-blvd/HK3oGY7kQ9CPnwh4HvgiTA,thousand-oaks-california
https://www.ubereats.com/ventura/food-delivery/corner-bakery-cafe-111-s-westlake-blvd/mzO6AIKBTD6BDqmsytltiw,thousand-oaks-california
https://www.ubereats.com/ventura/food-delivery/panda-express-2690-teller-road/VfEDzMl6TWCjD-66QWJhoQ,thousand-oaks-california
https://www.ubereats.com/ventura/food-delivery/panda-express-840-new-los-angeles-ave/v0JP2TgcTtqRbW59rD640Q,thousand-oaks-california
https://www.ubereats.com/ventura/food-delivery/grabbagreen-2835-e-thousand-oaks-blvd/NDBD54EITC2UHJNekzD06g,thousand-oaks-california
https://www.ubereats.com/ventura/food-delivery/ubatuba-acai-thousand-oaks/rDt25INHS8yFpcEC_77rzg,thousand-oaks-california
https://www.ubereats.com/ventura/food-delivery/saffron-indian-cuisine-%26-bar/hxGr2fQVQcWHbHuqZCaGEg,thousand-oaks-california
https://www.ubereats.com/ventura/food-delivery/great-khans-mongolian-bbq/JcYi9YEKSEyJvLNl_X_T2Q,thousand-oaks-california
https://www.ubereats.com/ventura/food-delivery/stacked-thousand-oaks/STqtiprDRLOUtXnoQILfXA,thousand-oaks-california
https://www.ubereats.com/ventura/food-delivery/taste-of-punjab/soOs3bGqT8isDt_FJ1mA7A,thousand-oaks-california
