url,city
https://www.ubereats.com/san-francisco/food-delivery/stefanos-pizza-corte-madera/AwEAO8T3T_i41bahDrFlUw,tiburon-california
https://www.ubereats.com/san-francisco/food-delivery/kfc-taco-bell-555-second-street/uR8jp7SxQ96P0gq_6zdxyg,tiburon-california
https://www.ubereats.com/san-francisco/food-delivery/amber-kitchen/OXozV_e8TtOCQqW48mUCkw,tiburon-california
https://www.ubereats.com/san-francisco/food-delivery/my-thai-restaurant/a3F8jAYOTvuLIuiiBcCnvQ,tiburon-california
https://www.ubereats.com/san-francisco/food-delivery/bangkok-thai-express/KsZTa2dTTVi9O4b2WJzrFg,tiburon-california
https://www.ubereats.com/san-francisco/food-delivery/roma-antica/pliaTyxnTei2R8vi-0DOOw,tiburon-california
https://www.ubereats.com/san-francisco/food-delivery/freddie-parkers-pasta-%2B-salad-shop-san-rafael/4rRVTsSzSgO4hhazQD48mQ,tiburon-california
https://www.ubereats.com/san-francisco/food-delivery/taortas-anacelis/mFxAzOw9T-m9VxkyX_CewQ,tiburon-california
https://www.ubereats.com/san-francisco/food-delivery/tha-siam/8rQjyTTfRkatYMi-YgNEKg,tiburon-california
https://www.ubereats.com/san-francisco/food-delivery/jack-in-the-box-461-1814-2nd-street/tV5HlJ-FTPSk8s4Hfvwxzw,tiburon-california
https://www.ubereats.com/san-francisco/food-delivery/original-buffalo-wings-san-rafael/1ELELBuKTfGsjw093HQrXw,tiburon-california
https://www.ubereats.com/san-francisco/food-delivery/pings-mandarin-restaurant/gsVX7eA4QVihyD3Qwu_-iw,tiburon-california
https://www.ubereats.com/san-francisco/food-delivery/stefanos-pizzeria-terra-linda/85dPruivSmGUWFk2TL63gg,tiburon-california
https://www.ubereats.com/san-francisco/food-delivery/z-ignore-nj-training/M1Tx6sXVSXqsgYC-D-m8Nw,tiburon-california
https://www.ubereats.com/san-francisco/food-delivery/julies-hummus-bar/Bx8CKz4VQAaG15I84D8AKg,tiburon-california
https://www.ubereats.com/san-francisco/food-delivery/crepevine-san-rafael/DgF7DVoQTEqdOTCRqbBCHw,tiburon-california
https://www.ubereats.com/san-francisco/food-delivery/patxis-pizza-marin/km4bH8D2TNuFDquFxAtcKQ,tiburon-california
https://www.ubereats.com/san-francisco/food-delivery/el-pollo-loco-910-andersen-dr3853/a4dITwBrSwqgwqRk_r3FEQ,tiburon-california
https://www.ubereats.com/san-francisco/food-delivery/baja-fresh-mexican-grill-corte-madera/s8VNYx1bRhqxiN2-bg5JlQ,tiburon-california
https://www.ubereats.com/san-francisco/food-delivery/bombay-grill/MUVmG3IjQQGDUJydR8iHqQ,tiburon-california
https://www.ubereats.com/san-francisco/food-delivery/philz-coffee-403-corte-madera-town-center/gweVww0pS1aTPDtV7dtmEw,tiburon-california
https://www.ubereats.com/san-francisco/food-delivery/taqueria-mi-pueblo-san-anselmo/f_nBVrcQQ72ObenNdIA23Q,tiburon-california
https://www.ubereats.com/san-francisco/food-delivery/uchiwa-ramen/KP499g8QSxqckE2ILr0OGQ,tiburon-california
https://www.ubereats.com/san-francisco/food-delivery/three-twins-ice-cream-larkspur/PB9Hn8ODTZ2DCKnaU3o8IA,tiburon-california
https://www.ubereats.com/san-francisco/food-delivery/falafel-hut/VXEZMzPCQH-qXSNSQE1hAA,tiburon-california
https://www.ubereats.com/san-francisco/food-delivery/andys-corte-madera-market/-Js5OR7eR5eBH1zil2DukQ,tiburon-california
https://www.ubereats.com/san-francisco/food-delivery/baja-fresh-205-corte-madera-town-ctr/BMYzVNAiTrOso8WuShOoQg,tiburon-california
https://www.ubereats.com/san-francisco/food-delivery/mountain-mikes-pizza-2100-4th-st/TUou7duaQNOQIfKgfDuQDQ,tiburon-california
https://www.ubereats.com/san-francisco/food-delivery/starbucks-larkspur-landing-center-court/KbXwH31YTU61cp5w_dIXhg,tiburon-california
https://www.ubereats.com/san-francisco/food-delivery/red-boy-pizza-san-rafael/cD_TFg6CRSibzTd6158IQA,tiburon-california
https://www.ubereats.com/san-francisco/food-delivery/mr-pickles-sandwich-shop-san-rafael/vvZKRN2nTJecpIfOxeKhFA,tiburon-california
https://www.ubereats.com/san-francisco/food-delivery/cafe-verde/ET88-5y8RpmbAf1oMtqmWg,tiburon-california
https://www.ubereats.com/san-francisco/food-delivery/pink-owl-coffee/FHTZnvlSTqGg7tvO11Bo0w,tiburon-california
https://www.ubereats.com/san-francisco/food-delivery/mi-casa-cafe/HkC2epnmSG2L4dPIIu-uGA,tiburon-california
https://www.ubereats.com/san-francisco/food-delivery/banh-mi-zon/C141WdSPT6Sh4hToEYxQHg,tiburon-california
https://www.ubereats.com/san-francisco/food-delivery/los-palillos-restaurant/GuAzmyRhSomwkEqME_mbQw,tiburon-california
https://www.ubereats.com/san-francisco/food-delivery/revel-%26-roost-brick-oven-kitchen/RLeGFE_1SG2yJ4c5i8ON-w,tiburon-california
https://www.ubereats.com/san-francisco/food-delivery/victoria-bakery-and-cafe/Nx5knsZoRLCAS8qX3s4x4w,tiburon-california
https://www.ubereats.com/san-francisco/food-delivery/roadside-rotisserie/7PYi94N4RVi5sTlA-ceI4g,tiburon-california
https://www.ubereats.com/san-francisco/food-delivery/halal-indian-cuisine/3b1AjkkWSAOXY9Rxk5V2Ig,tiburon-california
https://www.ubereats.com/san-francisco/food-delivery/casa-manana-restaurant/MjBlF0epRhS1loQFaceHEg,tiburon-california
https://www.ubereats.com/san-francisco/food-delivery/bjs-restaurant-%26-brewhouse-5800-northgate-mall-suite-159/SHWcnvP7SvOBT2TRur-pJQ,tiburon-california
https://www.ubereats.com/san-francisco/food-delivery/belcampo-larkspur/IiahUIYBRQSGRlVSk6WaiQ,tiburon-california
https://www.ubereats.com/san-francisco/food-delivery/shiro-kuma-sushi/zmxpoUrGQ8qlkyMt2ZiYkA,tiburon-california
https://www.ubereats.com/san-francisco/food-delivery/juice-shop/XP36_mdbQcaNaHwi_dOGEg,tiburon-california
https://www.ubereats.com/san-francisco/food-delivery/sushi-to-dai-for/AbobTRtBRfivKIsPifwzgg,tiburon-california
https://www.ubereats.com/san-francisco/food-delivery/subway-55-bellam-blvd/2_uqGFCaRaaDD0_G__Uumw,tiburon-california
https://www.ubereats.com/san-francisco/food-delivery/keto-to-go-by-belcampo-larkspur/_rVxRucNQwySdYC91WVEVA,tiburon-california
https://www.ubereats.com/san-francisco/food-delivery/boudin-corte-madera/t8o5LtSlS5C2Spvveavl_w,tiburon-california
https://www.ubereats.com/san-francisco/food-delivery/oyama-sushi-282-bon-air-center/kV6y3-7ZSHqtGxWBBJEbUg,tiburon-california
https://www.ubereats.com/san-francisco/food-delivery/burger-king-969-east-francisco-blvd/ZCCjJNOUTmmHY_VhrWwV0w,tiburon-california
https://www.ubereats.com/san-francisco/food-delivery/pressed-juicery-marin-country-mart/IfVJ7-DlQ76EDEQv4J78lg,tiburon-california
https://www.ubereats.com/san-francisco/food-delivery/lavier-latin-fusion/429FjI9KTL-Z_dnAQ1HMCQ,tiburon-california
https://www.ubereats.com/san-francisco/food-delivery/tha-siam-express/AmmDvgl_TdWVCnh1g3f5cg,tiburon-california
https://www.ubereats.com/san-francisco/food-delivery/victoria-bakery-and-cafe/WKNSPC4ES-mrNK7HRzxn8g,tiburon-california
https://www.ubereats.com/san-francisco/food-delivery/shake-shack-1401-larkspur-landing-circle/WuHDmT0qQM-c8cCLspkhIQ,tiburon-california
https://www.ubereats.com/san-francisco/food-delivery/arigatou-japanese-food-to-go/VPpqk0TFS7etAuGHJbpYpA,tiburon-california
https://www.ubereats.com/san-francisco/food-delivery/veggie-grill-corte-madera/s9hheveTRpukMJemEp1fOA,tiburon-california
https://www.ubereats.com/san-francisco/food-delivery/burritoville-cafe/3hzr99w5Rra6wzxEUYEbLw,tiburon-california
https://www.ubereats.com/san-francisco/food-delivery/world-wrapps/2IleiCn5QXyEp8vH1nMFDg,tiburon-california
https://www.ubereats.com/san-francisco/food-delivery/amicis-east-coast-pizzeria-san-rafael/EkgCD9sQRt-nTSxAQOqUlA,tiburon-california
https://www.ubereats.com/san-francisco/food-delivery/taj-of-marin/Iyl_Ep3GQuWsCk960Tq_Ww,tiburon-california
https://www.ubereats.com/san-francisco/food-delivery/depot-garden-restaurant/cNFW5gjzR1WQC4hdh7zoKQ,tiburon-california
https://www.ubereats.com/san-francisco/food-delivery/glyka-sweets/Yrw6BZoXQ9aYn-Iq45Hk3w,tiburon-california
https://www.ubereats.com/san-francisco/food-delivery/easy-breezy-frozen-yogurt-%234/WjNMhF8MQmiXctnZPWwloQ,tiburon-california
https://www.ubereats.com/san-francisco/food-delivery/uncle-willies-wings-%26-things-san-rafael/u9gJTKpqQfCn3AoW8Gv3GA,tiburon-california
