url,city
https://www.ubereats.com/new-jersey/food-delivery/ob-cos-donuts/N5KBkrHaR1eKwQhWy8L3hg,toms-river-new-jersey
https://www.ubereats.com/new-jersey/food-delivery/jersey-mikes-subs-884-fischer-blvd/VPuiw6bjQCOSLvqZYWLwNA,toms-river-new-jersey
https://www.ubereats.com/new-jersey/food-delivery/jersey-mikes-2085-route-88/oT6Fwk1-SiSRG8pOAejcHQ,toms-river-new-jersey
https://www.ubereats.com/new-jersey/food-delivery/authentic-kosher-chinese/dDexqTEISke1EmSULvf-FQ,toms-river-new-jersey
https://www.ubereats.com/new-jersey/food-delivery/pop-up-pizza/ZZ2c49sjQoiaT5qy5om8DA,toms-river-new-jersey
https://www.ubereats.com/new-jersey/food-delivery/cuzzins-pizza-toms-river/8vXNVBO_Qx-mthgGV0qJoQ,toms-river-new-jersey
https://www.ubereats.com/new-jersey/food-delivery/popeyes-toms-river/Gf0FTcchRO6ZYcnFB5IgkQ,toms-river-new-jersey
https://www.ubereats.com/new-jersey/food-delivery/cutting-edge-catering/b0N2ShEnRnaUqHdn5tIMfQ,toms-river-new-jersey
https://www.ubereats.com/new-jersey/food-delivery/bubbakoos-burritos/t6tj-wBqT5ScqTK5j1Q86w,toms-river-new-jersey
https://www.ubereats.com/new-jersey/food-delivery/el-campesino-mexican-restaurant/S_ZuNbUQQeSNuh_kZrrryg,toms-river-new-jersey
https://www.ubereats.com/new-jersey/food-delivery/dairy-queen-treat-1013-route-70-unit-6a/P_629PptS_ibjuVlZulUsQ,toms-river-new-jersey
https://www.ubereats.com/new-jersey/food-delivery/mellow-mushroom-1111-route-37-w/eU-qTEb6SjKr4eHGrTj7yw,toms-river-new-jersey
https://www.ubereats.com/new-jersey/food-delivery/monster-mac/dC1rkbj3RvOfSmxBsMud6w,toms-river-new-jersey
https://www.ubereats.com/new-jersey/food-delivery/five-guys-nj-0204-1311-route-37-west/WDsIqOU8R5-eYYX6JYeuCw,toms-river-new-jersey
https://www.ubereats.com/new-jersey/food-delivery/crystal-diner/npxreYAsQ-aNelZe-CWXPg,toms-river-new-jersey
https://www.ubereats.com/new-jersey/food-delivery/dunkin-1594-lakewood-rd/mlnHCFitQe6HR2uiHYpBHg,toms-river-new-jersey
https://www.ubereats.com/new-jersey/food-delivery/koi-asian-fusion-lounge/4V6-ZB0WRsClXVQkNO4g1g,toms-river-new-jersey
https://www.ubereats.com/new-jersey/food-delivery/beachcomber-bar-%26-grill/vNY7VaZMRWelRNEn9N6RpA,toms-river-new-jersey
https://www.ubereats.com/new-jersey/food-delivery/lorenzos-pizza/HH9BSdfOQNSthgppNmVWeg,toms-river-new-jersey
https://www.ubereats.com/new-jersey/food-delivery/taco-bell-238-n-main-st/-U_QWDKBRWeE9Tia0YJPXQ,toms-river-new-jersey
https://www.ubereats.com/new-jersey/food-delivery/ichiban-toms-river/YEz1DHL2Qlai81Vek-z1MQ,toms-river-new-jersey
https://www.ubereats.com/new-jersey/food-delivery/mcdonalds-42-rt-37-w/k4fMAp3ZRKyMboZbaCQKgQ,toms-river-new-jersey
https://www.ubereats.com/new-jersey/food-delivery/panini-cafe/NObvv_ZzRt2AhVDRaZ5Brw,toms-river-new-jersey
https://www.ubereats.com/new-jersey/food-delivery/joes-bagel-%26-grill-brick/VMTsnxJzStCL-mo_NU5dRg,toms-river-new-jersey
https://www.ubereats.com/new-jersey/food-delivery/jersey-mikes-1311-route-37-west/DmdYmWHGStifGADQGJn4oQ,toms-river-new-jersey
https://www.ubereats.com/new-jersey/food-delivery/kfc-222-route-37-east/23mR61ZgRz-DXn-EHvmadg,toms-river-new-jersey
https://www.ubereats.com/new-jersey/food-delivery/whitesville-market-%26-deli/KV9Gn3sCSLGPWPHF8hwDwQ,toms-river-new-jersey
https://www.ubereats.com/new-jersey/food-delivery/burger-king-1328-river-road/HdWBOlhwRjuKT53MYcOp-g,toms-river-new-jersey
https://www.ubereats.com/new-jersey/food-delivery/pizza-hut-211-route-37-e/_yFxyj2wRgK1A1WmlZ5thA,toms-river-new-jersey
https://www.ubereats.com/new-jersey/food-delivery/149-applebees-manchester/ukamEL_hQrCDCocftFfbQA,toms-river-new-jersey
https://www.ubereats.com/new-jersey/food-delivery/artisans-brewery-and-italian-grill/fejbTcowQfGw3tzGYzSUeA,toms-river-new-jersey
https://www.ubereats.com/new-jersey/food-delivery/mulberry-street/4QRfSHkvRRW5LIhMicAXTQ,toms-river-new-jersey
https://www.ubereats.com/new-jersey/food-delivery/burger-king-44-route-37-e/NPnwE70hQ0W50mCyDZrL5A,toms-river-new-jersey
https://www.ubereats.com/new-jersey/food-delivery/turning-point-of-brick/NRwz-k6UScuOUP-Kqi0vYg,toms-river-new-jersey
https://www.ubereats.com/new-jersey/food-delivery/playa-bowls-lacey/jJJ5knIpQj6rbtgEKejLdQ,toms-river-new-jersey
https://www.ubereats.com/new-jersey/food-delivery/157-applebees-toms-river/JP6W-A82QMemDcRYjmjHAQ,toms-river-new-jersey
https://www.ubereats.com/new-jersey/food-delivery/dream-sushi-asian-fusion/24b2nfDRRtGiGOPDrqkl8A,toms-river-new-jersey
https://www.ubereats.com/new-jersey/food-delivery/saladworks-toms-river/OsSOIwF4QqiDZ5jTkcBP-g,toms-river-new-jersey
https://www.ubereats.com/new-jersey/food-delivery/surf-taco-silverton/A35sno5JRIWo7rIxGQd7_g,toms-river-new-jersey
https://www.ubereats.com/new-jersey/food-delivery/saige-cafe-toms-river/7x9HqCVqSsuDBfdv_BfvIg,toms-river-new-jersey
https://www.ubereats.com/new-jersey/food-delivery/checkers-140-route-37-east/wN9ioYDoT5ewfXUlt6_SWw,toms-river-new-jersey
https://www.ubereats.com/new-jersey/food-delivery/auntie-annes-950-route-37-west/KE9Y9P7SRB2wcoycSznsXw,toms-river-new-jersey
https://www.ubereats.com/new-jersey/food-delivery/allstar-bagel-manchester/x1WJ5jksSi-rcUxj4xaJuw,toms-river-new-jersey
https://www.ubereats.com/new-jersey/food-delivery/tacoholics-brick/LTRCXjq9QIyO9bFyl83zRg,toms-river-new-jersey
https://www.ubereats.com/new-jersey/food-delivery/spanos-sub-shop/iPbHSZg9T2CM3tQH1uc7bg,toms-river-new-jersey
https://www.ubereats.com/new-jersey/food-delivery/smashburger-2-w-rte-37-unit-b-3/LiDbwTAyThWGmHLHfNtwEQ,toms-river-new-jersey
https://www.ubereats.com/new-jersey/food-delivery/friendlys-1210-hooper-avenue/uZhGYcj0QAKKsjvlRN-psw,toms-river-new-jersey
https://www.ubereats.com/new-jersey/food-delivery/ruby-tuesday-1311-rt-37-west/yJiFLByyRhS5NR_h5A4YAg,toms-river-new-jersey
https://www.ubereats.com/new-jersey/food-delivery/pizzaleh/VnNhgjzMQG-F_pC2yCocZg,toms-river-new-jersey
https://www.ubereats.com/new-jersey/food-delivery/glatt-gourmet/YLJ9snsrQe2j3BxVFYbq4A,toms-river-new-jersey
https://www.ubereats.com/new-jersey/food-delivery/manhattan-bagel-14-route-37-e/zz7EiJAjQrCUDkeg9oBerA,toms-river-new-jersey
https://www.ubereats.com/new-jersey/food-delivery/eat-a-pita-kosher-israeli-grill/Vrj1vINFRUe2Y8ouwMk29Q,toms-river-new-jersey
https://www.ubereats.com/new-jersey/food-delivery/panera-2-route-37-west/78dEdcF2Td6I9u3VkO5nMw,toms-river-new-jersey
https://www.ubereats.com/new-jersey/food-delivery/playa-bowls-brick/Q_HpJn6cQwGtlVnmAXRfSQ,toms-river-new-jersey
https://www.ubereats.com/new-jersey/food-delivery/yo-factor/Zzda1CxtQUOgk5chrib9gQ,toms-river-new-jersey
https://www.ubereats.com/new-jersey/food-delivery/rt-70-diner/T8sLved2Rpy8lvG2YQ0aZA,toms-river-new-jersey
https://www.ubereats.com/new-jersey/food-delivery/frankies-pizza-%26-restaurant-atlantic-city-blvd/biysPQQhTyqzP7oe0nfLcQ,toms-river-new-jersey
https://www.ubereats.com/new-jersey/food-delivery/dunkin-380-dover-rd/GHexyN-aQCSd2-C5vgqSPA,toms-river-new-jersey
https://www.ubereats.com/new-jersey/food-delivery/dunkin-1111-route-37-w/beYCqSYzQIC4ToTlo5r5dw,toms-river-new-jersey
https://www.ubereats.com/new-jersey/food-delivery/the-greenery-juice-bar-and-cafe/sDbOGdYbRuS_TRurk2RajA,toms-river-new-jersey
https://www.ubereats.com/new-jersey/food-delivery/red-lobster-1298-hooper-avenue/cIymf9l-SIaeof0G8i953w,toms-river-new-jersey
https://www.ubereats.com/new-jersey/food-delivery/bjs-restaurant-%26-brewhouse-1275-hooper-avenue/Kv0_AO3JRcWR2_77TxwmSA,toms-river-new-jersey
https://www.ubereats.com/new-jersey/food-delivery/bun-burger-kitchen/ANoQYehWQiWeotcCu9zz5w,toms-river-new-jersey
https://www.ubereats.com/new-jersey/food-delivery/porges-bakery-lakewood/vGvhThw4RPW_SIGN4Mqs1Q,toms-river-new-jersey
https://www.ubereats.com/new-jersey/food-delivery/philly-pretzel-factory-309-atlantic-city-blvd/r98afZV7SLiyvEgLPabJvQ,toms-river-new-jersey
https://www.ubereats.com/new-jersey/food-delivery/super-pollo-ii/N5UZCmB9TGOEWQjyhTe_dQ,toms-river-new-jersey
https://www.ubereats.com/new-jersey/food-delivery/dunkin-477-us-highway-9/rOi8-TwuQJmP6OG74HRLFA,toms-river-new-jersey
https://www.ubereats.com/new-jersey/food-delivery/outback-steakhouse-2770-hooper-avenue/lJiCjZluSsW4qKeIQjA8Dw,toms-river-new-jersey
https://www.ubereats.com/new-jersey/food-delivery/ottimo-cafe/yKJMyvatTaichoDeF45Ltw,toms-river-new-jersey
https://www.ubereats.com/new-jersey/food-delivery/playa-bowls-603-grand-central-ave/Xuq-1PcHQQ6ucLyRR5Zdow,toms-river-new-jersey
https://www.ubereats.com/new-jersey/food-delivery/mcdonalds-371-rt-37-e/GSBXe14PSWSePS_pMBhPRA,toms-river-new-jersey
https://www.ubereats.com/new-jersey/food-delivery/meemoms-brick/5yIOtiylS1OWIOuA93U7Xw,toms-river-new-jersey
https://www.ubereats.com/new-jersey/food-delivery/el-tenampa/J315iSbvQLSfhbyRSyDEtA,toms-river-new-jersey
https://www.ubereats.com/new-jersey/food-delivery/jersey-mikes-subs-1-route-37-west/CbwL8A56QwWnsx6PIlSQiQ,toms-river-new-jersey
https://www.ubereats.com/new-jersey/food-delivery/simply-sushi-lakewood/b6IxP4J-TyGnlFGx48-zGQ,toms-river-new-jersey
https://www.ubereats.com/new-jersey/food-delivery/via-roma/TAYuM4hHSXWQIpoCz2eeUA,toms-river-new-jersey
https://www.ubereats.com/new-jersey/food-delivery/burger-king-803-route-37-west/tcp4htWSRH2wj5dxzcLWGA,toms-river-new-jersey
https://www.ubereats.com/new-jersey/food-delivery/greek-eats-brick/DTbbnyxZREiXvH-rn8kMcw,toms-river-new-jersey
https://www.ubereats.com/new-jersey/food-delivery/pizza-on-wheels/ThAtNvMnRFK0pibigjfSSg,toms-river-new-jersey
https://www.ubereats.com/new-jersey/food-delivery/dairy-queen-treat-493-us-hwy-9/DzDuZmkLSbqwoJaJqkClNA,toms-river-new-jersey
https://www.ubereats.com/new-jersey/food-delivery/sweetberry-bowls-lacey/odYFz8wtQu6RKKTwj_S-eQ,toms-river-new-jersey
https://www.ubereats.com/new-jersey/food-delivery/buffalo-wild-wings-2-route-37-w-%23-c-4/2ZVLNcCNS6ST085MF6Un9w,toms-river-new-jersey
https://www.ubereats.com/new-jersey/food-delivery/wendys-51-bananier-drive/YqoF87wGTrmIT5GBdZQDIQ,toms-river-new-jersey
https://www.ubereats.com/new-jersey/food-delivery/espositos-italian-cuisine-%26-pizza/Eqmx8h61RFaEXOoJt1A03Q,toms-river-new-jersey
https://www.ubereats.com/new-jersey/food-delivery/mr-falafel/7743Yj_-QLylI3DwO_llcw,toms-river-new-jersey
https://www.ubereats.com/new-jersey/food-delivery/schianos-pizza-bayville/cxPsfPOoQYGKR4r5ByMRmA,toms-river-new-jersey
https://www.ubereats.com/new-jersey/food-delivery/via-roma-3/5BULBH3CTA6JueeI_KpS3w,toms-river-new-jersey
https://www.ubereats.com/new-jersey/food-delivery/dunkin-1245-lakewood-rd-rt-166/AfUREvwhTOKWKyLzDc26zw,toms-river-new-jersey
https://www.ubereats.com/new-jersey/food-delivery/dunkin-344-n-main-st/hEs3NnhnQxu-Wxf5_pAnUw,toms-river-new-jersey
https://www.ubereats.com/new-jersey/food-delivery/cuzzins-pizza-toms-river/1O5_YnJ4RzOGQb1fFoBwxg,toms-river-new-jersey
https://www.ubereats.com/new-jersey/food-delivery/smashburger-1060-cedar-bridge-ave/HlWq5Sm3SSO4fOZwlilQQg,toms-river-new-jersey
https://www.ubereats.com/new-jersey/food-delivery/south-side-sandwich-shop-and-smokehouse/qI53g99mQBm_AS8WL7V43g,toms-river-new-jersey
https://www.ubereats.com/new-jersey/food-delivery/out-to-lunch/ZTO2Um75Roi8g4levAD0fA,toms-river-new-jersey
https://www.ubereats.com/new-jersey/food-delivery/jersey-mikes-333-atlantic-city-blvd/0WOHXq26RD-e9j2Fb1UXdA,toms-river-new-jersey
https://www.ubereats.com/new-jersey/food-delivery/wendys-444-rt-37-east/sTG7BWr9T7mDJ3Lzp-coZg,toms-river-new-jersey
https://www.ubereats.com/new-jersey/food-delivery/chipotle-mexican-grill-1258-hooper-ave/R8eXBV-6TWu8jh79-_uwnw,toms-river-new-jersey
https://www.ubereats.com/new-jersey/food-delivery/pita-hut-river-ave/CsahS3zJQeSUl6pyeWscTg,toms-river-new-jersey
https://www.ubereats.com/new-jersey/food-delivery/koi-hibachi-%26-kitchen/Q1UiKqDEQkCqyNXV-eaP5w,toms-river-new-jersey
https://www.ubereats.com/new-jersey/food-delivery/marucas-pizza/7r9ZXPELQ5m5YEXIeJuTdA,toms-river-new-jersey
https://www.ubereats.com/new-jersey/food-delivery/sushi-and-chinese-express/YUvhEAmeRheOKLi9OY1bCg,toms-river-new-jersey
https://www.ubereats.com/new-jersey/food-delivery/wawa-0995-179-route-37-east/zeXltdSbSs6k_kWN40jvzA,toms-river-new-jersey
https://www.ubereats.com/new-jersey/food-delivery/152-applebees-%E2%80%93-brick/yc3nY72GQXe-ohFMmqyfcQ,toms-river-new-jersey
https://www.ubereats.com/new-jersey/food-delivery/bubbakoos-burritos-nj-37/0udwlO1ISqG5DECMllN57g,toms-river-new-jersey
https://www.ubereats.com/new-jersey/food-delivery/bubbakoos-burritos/1y0aG6t9Qo6il4Iw4Tee9g,toms-river-new-jersey
https://www.ubereats.com/new-jersey/food-delivery/kfc-468-brick-blvd/fm5DYriuR46QyjfH1Hd8Rg,toms-river-new-jersey
https://www.ubereats.com/new-jersey/food-delivery/johnny-gs-italian-restaurant/ioS4m8tqToqM8oo_W3gBZw,toms-river-new-jersey
https://www.ubereats.com/new-jersey/food-delivery/pops-pizza/egxdQjoMR3KP2SMHumtMiA,toms-river-new-jersey
https://www.ubereats.com/new-jersey/food-delivery/wawa-0997-116-brick-blvd/Dg9IDAKPSzSU9tckR0aRVA,toms-river-new-jersey
https://www.ubereats.com/new-jersey/food-delivery/burger-25-toms-river/9mKH_FibRRWmp7ooErQ8Tg,toms-river-new-jersey
https://www.ubereats.com/new-jersey/food-delivery/bagel-king/iifYYAMyRCquuYzbdrbEsg,toms-river-new-jersey
https://www.ubereats.com/new-jersey/food-delivery/cloud-9-donuts/q9UFliu5QBCIc80TAD5ABQ,toms-river-new-jersey
https://www.ubereats.com/new-jersey/food-delivery/friendlys-981-route-37-west/L_b4AXyhSPKugy6YbR3xhQ,toms-river-new-jersey
https://www.ubereats.com/new-jersey/food-delivery/pizza-hut-320-brick-blvd/vYiWkpEIRnSvwOwTPavmKA,toms-river-new-jersey
https://www.ubereats.com/new-jersey/food-delivery/white-castle-132-rte-37-east/ZtFiv192T-S-uf78dwwBJw,toms-river-new-jersey
https://www.ubereats.com/new-jersey/food-delivery/daddios-grille/KYLIJeHIS7O954i8WqLASA,toms-river-new-jersey
https://www.ubereats.com/new-jersey/food-delivery/chipotle-mexican-grill-74-brick-plz/OUO-Ndh3T1-7YiKG8ZuMUA,toms-river-new-jersey
https://www.ubereats.com/new-jersey/food-delivery/the-captains-boil-1311-rt-37-west/HkRE22xARDeRqcdwImfOMA,toms-river-new-jersey
https://www.ubereats.com/new-jersey/food-delivery/mcdonalds-916-rt-37-w/YaY9b9cPRHaDqMxleUTSNw,toms-river-new-jersey
https://www.ubereats.com/new-jersey/food-delivery/moes-southwest-grill-1-route-37-west/eJxcxH4lS4GHjt71LB0pRg,toms-river-new-jersey
https://www.ubereats.com/new-jersey/food-delivery/casa-del-sol/IR7FkPGfQVup71naWrxogg,toms-river-new-jersey
https://www.ubereats.com/new-jersey/food-delivery/als-pizza-works/l-5N6lY2Q8ahuv9-B8G3xA,toms-river-new-jersey
https://www.ubereats.com/new-jersey/food-delivery/good-vibes-food/OORwthlnTbWOp0SDnnTTYw,toms-river-new-jersey
https://www.ubereats.com/new-jersey/food-delivery/sushi-nation/Oi52zebQQEWd_Njpuvd1ZA,toms-river-new-jersey
https://www.ubereats.com/new-jersey/food-delivery/upper-crust-in-todd-plaza/ffupWaabQ2Sr9o3G2UuTAQ,toms-river-new-jersey
https://www.ubereats.com/new-jersey/food-delivery/manhattan-bagel-860-fischer-blvd/v0Vp-8VgRj2-lsWlBiJqzA,toms-river-new-jersey
https://www.ubereats.com/new-jersey/food-delivery/subway-950-route-37-w/dI8K8yEcRKKuJRL-36hQCw,toms-river-new-jersey
https://www.ubereats.com/new-jersey/food-delivery/the-grove-restaurant-and-tavern/x8ZbwkSFRzS3x-NgcPmixg,toms-river-new-jersey
https://www.ubereats.com/new-jersey/food-delivery/playa-bowls-toms-river/PQ8FfeeNQ--pzJFl6UFj3w,toms-river-new-jersey
https://www.ubereats.com/new-jersey/food-delivery/bubbakoos-burritos/KrEqeAk7Tx6Gcj7DJ251gQ,toms-river-new-jersey
https://www.ubereats.com/new-jersey/food-delivery/taco-bell-560-brick-blvd/GSc1QVF6T6C70suIidar7A,toms-river-new-jersey
https://www.ubereats.com/new-jersey/food-delivery/roma-cafe/JTRtkhBhSdG9VGdPHZMChQ,toms-river-new-jersey
https://www.ubereats.com/new-jersey/food-delivery/tacos-madrigal/K-l197chT3CQ-sGBHDJ7BQ,toms-river-new-jersey
https://www.ubereats.com/new-jersey/food-delivery/wendys-232-route-70/kJMRns0URX2V7XPKYD5fOg,toms-river-new-jersey
https://www.ubereats.com/new-jersey/food-delivery/pizzano/m-cJcdqJTOyODoVHPWlRsA,toms-river-new-jersey
https://www.ubereats.com/new-jersey/food-delivery/revolve-resturant/ldw0UE7bS1yBS9KlDWZK2g,toms-river-new-jersey
https://www.ubereats.com/new-jersey/food-delivery/dairy-queen-treat-931-fischer-blvd-ste-9/aqV6FxPMREGIq2w8mnhcPw,toms-river-new-jersey
https://www.ubereats.com/new-jersey/food-delivery/grilled-cheese-society/yrjwwuD9TVeOzlts4hQQFA,toms-river-new-jersey
https://www.ubereats.com/new-jersey/food-delivery/baladina-mediterranean-restaurant/JMKyNfU4RRyyyRRVvKQ53A,toms-river-new-jersey
https://www.ubereats.com/new-jersey/food-delivery/carrabbas-990-cedar-bridge-ave-bldg-b/6KIo0-qMQEqM83qGfXoMNQ,toms-river-new-jersey
https://www.ubereats.com/new-jersey/food-delivery/taco-bell-908-highway-37-w/2ehSxMrdQ6mkbxtH1wf1dA,toms-river-new-jersey
https://www.ubereats.com/new-jersey/food-delivery/estys-bestys-vegetarian-eatery/X5ePMmzHQ5axt0eaefrKkg,toms-river-new-jersey
https://www.ubereats.com/new-jersey/food-delivery/atlanta-bread-co/NdKxXfqxRvGGgKEZOBc6KA,toms-river-new-jersey
https://www.ubereats.com/new-jersey/food-delivery/sbarro-1201-hooper-ave-%231128-ocean-county-mall/gVcz36n-SbiAKeuVlT_htw,toms-river-new-jersey
https://www.ubereats.com/new-jersey/food-delivery/chicken-holiday/PDfaAkF5RKCvOhXPDK-55A,toms-river-new-jersey
https://www.ubereats.com/new-jersey/food-delivery/joey-ds-pizza-toms-river/aDoVjHSFQHKq8pCYdi9HXQ,toms-river-new-jersey
https://www.ubereats.com/new-jersey/food-delivery/finnigans-lanes/NWK-FFgqT4SW2SzNz3OrYQ,toms-river-new-jersey
https://www.ubereats.com/new-jersey/food-delivery/mentoast-by-keepshuto/5SMAzFlTQYCdcGUfJn5fMg,toms-river-new-jersey
https://www.ubereats.com/new-jersey/food-delivery/joseph-and-david/VjJsV9J-RsW-N7MMRdrfUg,toms-river-new-jersey
https://www.ubereats.com/new-jersey/food-delivery/poorboys/yRIdDWwcQ2iha-DVfQSmSw,toms-river-new-jersey
https://www.ubereats.com/new-jersey/food-delivery/surf-taco-lacey/N5MrnT-USByJ9T0zaWrsyw,toms-river-new-jersey
https://www.ubereats.com/new-jersey/food-delivery/zi-maries-pizzeria-%26-restaurant/R3vNqtKGS0ymcgHYtW39VA,toms-river-new-jersey
https://www.ubereats.com/new-jersey/food-delivery/mi-mexico-lindo-restaurant/JJ1rbBE2S2SwfPOu8oFLJw,toms-river-new-jersey
https://www.ubereats.com/new-jersey/food-delivery/dunkin-1902-route-37-e/DvE-RbBxTJ-FFES-hq_JnA,toms-river-new-jersey
https://www.ubereats.com/new-jersey/food-delivery/ninos-coal-fired-pizza/KY-mqxiCSqer4pBFln5d_w,toms-river-new-jersey
https://www.ubereats.com/new-jersey/food-delivery/ihop-941-route-37-west-%236/2wEsKWAzTqKIA0iQguqdYQ,toms-river-new-jersey
https://www.ubereats.com/new-jersey/food-delivery/el-oaxaqueno-restaurante-%26-panaderia/gMHuz9DTRRKopbjJ5LO-Fg,toms-river-new-jersey
https://www.ubereats.com/new-jersey/food-delivery/dunkin-14-beaverson-blvd/4a_zAHx-SWSNj1pBvEVn5A,toms-river-new-jersey
https://www.ubereats.com/new-jersey/food-delivery/dunkin-700-highway-70/ibxXLGdXQ2q2WMjcQ010dg,toms-river-new-jersey
https://www.ubereats.com/new-jersey/food-delivery/betty-and-nicks-luncheonette/3mUzr_6XSvuCFg6tb-jD8g,toms-river-new-jersey
https://www.ubereats.com/new-jersey/food-delivery/jersey-roll/seo-2XGWSIGolusTPCzcPg,toms-river-new-jersey
https://www.ubereats.com/new-jersey/food-delivery/manhattan-bagel-1822a-hooper-ave/PAuZJU4bRma_d-zM2giIHw,toms-river-new-jersey
https://www.ubereats.com/new-jersey/food-delivery/fried-chicken-house/zbVbeJ_UQgSPzj19oS69RA,toms-river-new-jersey
https://www.ubereats.com/new-jersey/food-delivery/brick-diner/dDrsxAO6Tzq7m1O9dGQTKg,toms-river-new-jersey
https://www.ubereats.com/new-jersey/food-delivery/dunkin-146-route-37-e/_SfyQBRnSui8DVrcKcpxdg,toms-river-new-jersey
https://www.ubereats.com/new-jersey/food-delivery/a-1-seafood-center/oarCllHyQHiPye--7nmLww,toms-river-new-jersey
https://www.ubereats.com/new-jersey/food-delivery/local-cafe/WmjkeHNZTkS5uoF-yqQwEw,toms-river-new-jersey
https://www.ubereats.com/new-jersey/food-delivery/crave/bsHiIKumSU6vYNTlnJLA_g,toms-river-new-jersey
https://www.ubereats.com/new-jersey/food-delivery/snaps-kosher/WTFBofQQQ0a9nYGS7mtzSQ,toms-river-new-jersey
https://www.ubereats.com/new-jersey/food-delivery/tgi-fridays-1681-toms-river-nj/IJkyeU9mTAabu23cMYEYGQ,toms-river-new-jersey
https://www.ubereats.com/new-jersey/food-delivery/that-sushi-spot/FlBqpiGaSX6YpA-HDj8lWg,toms-river-new-jersey
https://www.ubereats.com/new-jersey/food-delivery/manhattan-bagel-333-atlantic-city-blvd/BlWP7sC-S4uRuEgtlS96vw,toms-river-new-jersey
https://www.ubereats.com/new-jersey/food-delivery/the-oven/L-22vNTUSviOmAtK4Qnbdg,toms-river-new-jersey
https://www.ubereats.com/new-jersey/food-delivery/cinco-de-mayo-mexican-grill/Xq262U_NTq2qxiNEZR16tA,toms-river-new-jersey
https://www.ubereats.com/new-jersey/food-delivery/cornerstone-kitchen-%26-tap/IFa-MQ24QDqD4x3qVPLaWQ,toms-river-new-jersey
https://www.ubereats.com/new-jersey/food-delivery/jersey-mikes-subs-1195-route-70/qauNyeVkQEWm2IExSG8YwQ,toms-river-new-jersey
https://www.ubereats.com/new-jersey/food-delivery/local-smoke-bbq-%40-jax-garage-seaside-heights/TwWFwYIyRr2q_60Q-q2SAQ,toms-river-new-jersey
https://www.ubereats.com/new-jersey/food-delivery/ihop-178-route-37-east/W22jXaT5SBqXuMXVKXhY4A,toms-river-new-jersey
https://www.ubereats.com/new-jersey/food-delivery/white-castle-245-n-main-street/96Uw1PvVSTK_9GI-7Tzlkg,toms-river-new-jersey
https://www.ubereats.com/new-jersey/food-delivery/chang-wang/N1qWb6EcRo2xMqtbH_cpXw,toms-river-new-jersey
https://www.ubereats.com/new-jersey/food-delivery/mother-clucker/ZI9O6S4sSvGVxzP-dqMAEg,toms-river-new-jersey
https://www.ubereats.com/new-jersey/food-delivery/joes-bagel-%26-grill-fischer-blvd/XJfHihRhSdCeA7HPJQNBsA,toms-river-new-jersey
https://www.ubereats.com/new-jersey/food-delivery/bubbakoos-burritos/fvXL243VREK9BLEgiLfOcg,toms-river-new-jersey
https://www.ubereats.com/new-jersey/food-delivery/jersey-farms-food-store/MOexALIbTtOx1lZvUOQGkA,toms-river-new-jersey
https://www.ubereats.com/new-jersey/food-delivery/holiday-city-pizza/XNQ4uN_NQQmrD6zgkLK_eQ,toms-river-new-jersey
https://www.ubereats.com/new-jersey/food-delivery/sunny-hunny/FojYHL82T0aoaT3-M9an8Q,toms-river-new-jersey
https://www.ubereats.com/new-jersey/food-delivery/china-express/w_NBEUeITEOMT7a3gQ2g1g,toms-river-new-jersey
https://www.ubereats.com/new-jersey/food-delivery/village-pizza-river-ave/lPxopXnKQtmOfG0WhI5Vpw,toms-river-new-jersey
https://www.ubereats.com/new-jersey/food-delivery/papa-johns-152-route-37-east-toms-river/J9FOutt8T_y0avyXy7SUhg,toms-river-new-jersey
https://www.ubereats.com/new-jersey/food-delivery/flaming-grill-buffet/FAJ93SkcQfW8avesh21wFA,toms-river-new-jersey
https://www.ubereats.com/new-jersey/food-delivery/cafotteria/H68PlARFTdOL5ETC5BkOkQ,toms-river-new-jersey
https://www.ubereats.com/new-jersey/food-delivery/philly-pretzel-factory-1845-hooper-ave/Tx0GJ1L_Q-GLd2c7MOKUPQ,toms-river-new-jersey
https://www.ubereats.com/new-jersey/food-delivery/cold-stone-creamery-960-cedar-bridge-ave/cx48e_ZzRaaFmTyWH6dLng,toms-river-new-jersey
https://www.ubereats.com/new-jersey/food-delivery/playa-bowls-island-heights/gKGNCIjVS9yCpi_ybneXGQ,toms-river-new-jersey
https://www.ubereats.com/new-jersey/food-delivery/taco-bell-1402-highway-37-e/Kqsed8M_SG27rZGzcfHYXw,toms-river-new-jersey
https://www.ubereats.com/new-jersey/food-delivery/tio-juans-margaritas-mexican-restaurant/EZoz6D99S4KP7WMv7m2d_A,toms-river-new-jersey
https://www.ubereats.com/new-jersey/food-delivery/wings-and-things/_VYjHy8ZRM-WMlvqo7bI-A,toms-river-new-jersey
https://www.ubereats.com/new-jersey/food-delivery/all-star-bagels/kvyMe0xkTkKBTIiR0MMoUg,toms-river-new-jersey
https://www.ubereats.com/new-jersey/food-delivery/bills-bbq-shack/IdWo06jYSIuo0BF5sa1F2A,toms-river-new-jersey
https://www.ubereats.com/new-jersey/food-delivery/3-brothers-from-italy-pizza/0H7o_K4DTvO3TuC-uqJfEg,toms-river-new-jersey
https://www.ubereats.com/new-jersey/food-delivery/four-seasons-diner/y4bKWtg1RJi-y5cdASAg9w,toms-river-new-jersey
https://www.ubereats.com/new-jersey/food-delivery/boston-market-141-route-37-east/EjjJy-VcSlCuXj2RxXRJ3w,toms-river-new-jersey
https://www.ubereats.com/new-jersey/food-delivery/attilios-pizzeria/d17JS6mrQTaDFe9HrtYoTQ,toms-river-new-jersey
https://www.ubereats.com/new-jersey/food-delivery/lakewood-j2-south-pizza/5g44CsJNTNaXb1aLXFDzRg,toms-river-new-jersey
https://www.ubereats.com/new-jersey/food-delivery/buffalo-wild-wings-2770-hooper-ave/rbZNF_vBSXSloIQcaJXm1g,toms-river-new-jersey
https://www.ubereats.com/new-jersey/food-delivery/mikes-chicken-crunchers/k321uIdORyObyiyhqg-h7g,toms-river-new-jersey
https://www.ubereats.com/new-jersey/food-delivery/dunkin-1200-route-70/L_tgiUyIRIqZ5PRaZE_sdA,toms-river-new-jersey
