url,city
https://www.ubereats.com/upstate-ny/food-delivery/mister-pizza-grant/5ebTpirrSzmYqIABywpeyA,tonawanda-new-york
https://www.ubereats.com/upstate-ny/food-delivery/kfc-taco-bell-170-abbott-road/cOGzceUYTv2eTxAkxiadoA,tonawanda-new-york
https://www.ubereats.com/upstate-ny/food-delivery/wendys-3180-niagara-falls-blvd/IzHpJ82mQTK25HJAbDzOjg,tonawanda-new-york
https://www.ubereats.com/upstate-ny/food-delivery/sbarro-1-walden-galleria-f-208/T37en_4iTISFomdLUW2zeg,tonawanda-new-york
https://www.ubereats.com/upstate-ny/food-delivery/namaste-indian-restaurant/EJvl-_4OQYKLo1Ivd1lzQQ,tonawanda-new-york
https://www.ubereats.com/upstate-ny/food-delivery/wendys-4050-maple-rd/pttvpojYSMO3dqikwtLbbg,tonawanda-new-york
https://www.ubereats.com/upstate-ny/food-delivery/texas-de-brazil-buffalo/X9v5gsHBS7uTEhTXpH63TQ,tonawanda-new-york
https://www.ubereats.com/upstate-ny/food-delivery/jeonis-wingstop/k5nogRi3QWeozcY1l43Ozg,tonawanda-new-york
https://www.ubereats.com/upstate-ny/food-delivery/tgi-fridays-657-buffalo-downtown-ny/j2IGn_cPT7Wr8LXLyYEXhA,tonawanda-new-york
https://www.ubereats.com/upstate-ny/food-delivery/united-deli-inc/t5KgGjChS4amtcS18ktQgw,tonawanda-new-york
https://www.ubereats.com/upstate-ny/food-delivery/india-star/xMxEbVycTMuhziYvM3MTlw,tonawanda-new-york
https://www.ubereats.com/upstate-ny/food-delivery/deep-south-taco-hertel-ave/KN5cVSGhTO2ClzpdscHDQg,tonawanda-new-york
https://www.ubereats.com/upstate-ny/food-delivery/acapulco-mexican-food/q-S_WMNWQDiSGS4byWFIdw,tonawanda-new-york
https://www.ubereats.com/upstate-ny/food-delivery/burger-king-601-busti-avenue/xUBVnzDMTgGls4ZhtHxdsw,tonawanda-new-york
https://www.ubereats.com/upstate-ny/food-delivery/buffalo-halal-kabab-%26-grill/qLkh4A-rTe2M8SdXCHZy8g,tonawanda-new-york
https://www.ubereats.com/upstate-ny/food-delivery/wendys-3362-main-street/OS9FkXyQQJuhlDbMEs-fIg,tonawanda-new-york
https://www.ubereats.com/upstate-ny/food-delivery/546-yakitori-and-dunburi/6osYeK_vRGikPpNHW2lbHQ,tonawanda-new-york
https://www.ubereats.com/upstate-ny/food-delivery/mighty-taco-buffalo-delaware-ave/r_GENutzSJGD8uvLi2slQQ,tonawanda-new-york
https://www.ubereats.com/upstate-ny/food-delivery/wendys-6020-porter-road/cG6ZTSi_Q2q8CVn97W4Dow,tonawanda-new-york
https://www.ubereats.com/upstate-ny/food-delivery/pandoras-sports-bar/Uc7TJjifR4-6a67As5z_kg,tonawanda-new-york
https://www.ubereats.com/upstate-ny/food-delivery/chipotle-mexican-grill-8020-transit-rd-unit-23/-NTDwnNSQEe_MVPerPwA8g,tonawanda-new-york
https://www.ubereats.com/upstate-ny/food-delivery/mikes-subs/WGBV2HmuT-6phqnlp5M_Nw,tonawanda-new-york
https://www.ubereats.com/upstate-ny/food-delivery/jims-steakout-2180-sheridan-dr/e-9IuDdiRdOmPjJUMGkniw,tonawanda-new-york
https://www.ubereats.com/upstate-ny/food-delivery/%40eleven-wings-%26-cuisines/BkqNvrAiRZivzmV-jz5fvQ,tonawanda-new-york
https://www.ubereats.com/upstate-ny/food-delivery/ashkers-juice-bar-%26-cafe/wbANjo0lRliQfZ33-IW-CQ,tonawanda-new-york
https://www.ubereats.com/upstate-ny/food-delivery/jets-pizza/iDxYo7akQDyMWO1wEyr_8w,tonawanda-new-york
https://www.ubereats.com/upstate-ny/food-delivery/ihop-4003-maple-rd/IlHiXtzTQx6QqDneL9hOFg,tonawanda-new-york
https://www.ubereats.com/upstate-ny/food-delivery/subway-2730-delaware-ave/iHgTI7W1RpijiuXcFl9_3g,tonawanda-new-york
https://www.ubereats.com/upstate-ny/food-delivery/vip-restaurant/iHyAGgS6RFSLzCuM3Rz3pw,tonawanda-new-york
https://www.ubereats.com/upstate-ny/food-delivery/the-phoenix/vLMKUjvtTVetVUhcePUhng,tonawanda-new-york
https://www.ubereats.com/upstate-ny/food-delivery/new-jewel-of-india/SDBxh-3GQV6BQkcbdGdy0w,tonawanda-new-york
https://www.ubereats.com/upstate-ny/food-delivery/red-lobster-4010-maple-rd/lyMgym7tSG6iR8ArTy_7zA,tonawanda-new-york
https://www.ubereats.com/upstate-ny/food-delivery/ashkers-blackrock/Nq61VfzbTw6VSGFLMY8SIw,tonawanda-new-york
https://www.ubereats.com/upstate-ny/food-delivery/buffalo-wing-spot-wra/9hQnIgE6SnqPT-6UyN_q8g,tonawanda-new-york
https://www.ubereats.com/upstate-ny/food-delivery/diegos-modern-mexican-lounge/it7JVzoxSoegpOyMblin6Q,tonawanda-new-york
https://www.ubereats.com/upstate-ny/food-delivery/senor-tequila-mexican-restaurant/3y3getCVRouIB65jTXYrkw,tonawanda-new-york
https://www.ubereats.com/upstate-ny/food-delivery/marcos-italian-deli/ng-N-h8YRumw4fLrSOWeFg,tonawanda-new-york
https://www.ubereats.com/upstate-ny/food-delivery/gramma-moras-mexican-restaurant/SEvvLCXKSXuoptm4I1YrGg,tonawanda-new-york
https://www.ubereats.com/upstate-ny/food-delivery/checkers-1969-elmwood-ave/5lW4WvonSfWY0RIwKkcy3w,tonawanda-new-york
https://www.ubereats.com/upstate-ny/food-delivery/flip-burger/KuSmnR-TRqm38vIk_sLnOg,tonawanda-new-york
https://www.ubereats.com/upstate-ny/food-delivery/panera-1747-sheridan-drive/BIGS4NDERGyMp4DB5st9ww,tonawanda-new-york
https://www.ubereats.com/upstate-ny/food-delivery/panorama-on-seven/yDo-46KmTAWuY7P-o6eZAQ,tonawanda-new-york
https://www.ubereats.com/upstate-ny/food-delivery/hot-spot/vkgS968TRA6NXg9ShtnKoA,tonawanda-new-york
https://www.ubereats.com/upstate-ny/food-delivery/wendys-1051-main-street/_XKNcevoQHqjtspbPfIpNQ,tonawanda-new-york
https://www.ubereats.com/upstate-ny/food-delivery/kfc-535-dick-road/x21Y5X-iQP-vOHGjv45rWA,tonawanda-new-york
https://www.ubereats.com/upstate-ny/food-delivery/papa-johns-pizza/QOaPnNUuRQmUrJZIQwyX_g,tonawanda-new-york
https://www.ubereats.com/upstate-ny/food-delivery/fresh-catch-poke-co/yZXgehslRempRo-vKSsFOg,tonawanda-new-york
https://www.ubereats.com/upstate-ny/food-delivery/flourish-cafe/2GMStnowS4ibGnkyTHhlRA,tonawanda-new-york
https://www.ubereats.com/upstate-ny/food-delivery/solidays-inc/cYe_nXf5Qxa4-MSMCq_6gg,tonawanda-new-york
https://www.ubereats.com/upstate-ny/food-delivery/smokey-bones-buffalo/LeoEVXvSTaa_liQJ4xp1pg,tonawanda-new-york
https://www.ubereats.com/upstate-ny/food-delivery/chipotle-mexican-grill-1717-walden-ave/hIqWjwizSgm5eRl74JHl6g,tonawanda-new-york
https://www.ubereats.com/upstate-ny/food-delivery/china-taste/TPMMbIOZRoyAU7fqZVXH5w,tonawanda-new-york
https://www.ubereats.com/upstate-ny/food-delivery/nissans-kosher-deli/5xHAGKvcQ6a9F3EN6CMyaA,tonawanda-new-york
https://www.ubereats.com/upstate-ny/food-delivery/the-taco-man/CUHMuWzZTpmd7a0eV63Yxg,tonawanda-new-york
https://www.ubereats.com/upstate-ny/food-delivery/just-pizza-%26-wing-co-niagara-falls-blvd/_1KwCMBLSdG0Yq1VJKxPWg,tonawanda-new-york
https://www.ubereats.com/upstate-ny/food-delivery/muscarellas-pizza/0KB3FGswTtWIK2IIiXxEYQ,tonawanda-new-york
https://www.ubereats.com/upstate-ny/food-delivery/the-pita-place-williamsville/R-9TD-2hS7KNlCYL081Ang,tonawanda-new-york
https://www.ubereats.com/upstate-ny/food-delivery/saika-sushi/yB1D3V6tRR-ikiypNDgSNA,tonawanda-new-york
https://www.ubereats.com/upstate-ny/food-delivery/subway-3167-bailey-ave/KcROWgcCTiSWmc_upM05RQ,tonawanda-new-york
https://www.ubereats.com/upstate-ny/food-delivery/thangs-family-japanese-ramen/EQ0-JqKgRai_T4PL9eq4Eg,tonawanda-new-york
https://www.ubereats.com/upstate-ny/food-delivery/tim-hortons-4301-genessee-street/puJzCmKxQOKPuoW-TH9I_w,tonawanda-new-york
https://www.ubereats.com/upstate-ny/food-delivery/kenmore-mini-mart-%26-deli/R28mKF5nTuq819h4MRzezg,tonawanda-new-york
https://www.ubereats.com/upstate-ny/food-delivery/burger-king-1700-grand-island-boulevard/WcZppcRYR86h4WBhrhMq6Q,tonawanda-new-york
https://www.ubereats.com/upstate-ny/food-delivery/taco-bell-4258-maple-road/pFkZB1iuTaq5FC1ceOQ1Pg,tonawanda-new-york
https://www.ubereats.com/upstate-ny/food-delivery/mighty-taco-5117-sheridan-dr/l5joZxHLRb-36xIhibfPCQ,tonawanda-new-york
https://www.ubereats.com/upstate-ny/food-delivery/davolio-williamsville/ImXXYK8GQP2lPsQCLkSIYA,tonawanda-new-york
https://www.ubereats.com/upstate-ny/food-delivery/burger-authority/7JTEkrvhSFuoNTq5GsqC-w,tonawanda-new-york
https://www.ubereats.com/upstate-ny/food-delivery/sahara-cuisine/5pohdCT0RmaOaIATCMQqag,tonawanda-new-york
https://www.ubereats.com/upstate-ny/food-delivery/wendys-811-young-st/0iHYNuLARPWlpsR8g9iO3w,tonawanda-new-york
https://www.ubereats.com/upstate-ny/food-delivery/wendys-1685-grand-island-blvd/hJJiKtQgQF-QDmVnWLoC8A,tonawanda-new-york
https://www.ubereats.com/upstate-ny/food-delivery/tim-hortons-870-maple-road/BypPVC4nR7-L3q8flT07Dw,tonawanda-new-york
https://www.ubereats.com/upstate-ny/food-delivery/mcdonalds-1830-genessee-st/JEB0FVA6QpCF47fh583dPA,tonawanda-new-york
https://www.ubereats.com/upstate-ny/food-delivery/mcdonalds-2156-niagara-st/IW-K4DKVT-6IGSQuD2LQPA,tonawanda-new-york
https://www.ubereats.com/upstate-ny/food-delivery/cheeburger-cheeburger-amherst/gtm5rAOYRuOp4E-3Ey9riA,tonawanda-new-york
https://www.ubereats.com/upstate-ny/food-delivery/arbys-6845-main-street/doSY6BeDR3mMjnBrWqvguQ,tonawanda-new-york
https://www.ubereats.com/upstate-ny/food-delivery/cheesy-chick-main-st/0DKmV-h0SYyStiUgV2CWVQ,tonawanda-new-york
https://www.ubereats.com/upstate-ny/food-delivery/landing-bar-and-grill/nwNYSYThQsqs1-MIWTx9Nw,tonawanda-new-york
https://www.ubereats.com/upstate-ny/food-delivery/burger-king-1066-broadway/19pRApoQRqKhK-ratgy7EQ,tonawanda-new-york
https://www.ubereats.com/upstate-ny/food-delivery/feng-lin-buffet/TIeRniVaR524zQLoFlZuKw,tonawanda-new-york
https://www.ubereats.com/upstate-ny/food-delivery/spot-coffee-snyder/YyK6rk6KQ9242MoGYaGRrw,tonawanda-new-york
https://www.ubereats.com/upstate-ny/food-delivery/mighty-taco-sheridan-dr/Xt24Q0qLRQqpR3FJSbN7NQ,tonawanda-new-york
https://www.ubereats.com/upstate-ny/food-delivery/starbucks-amherst-sheridan-and-n-bailey/AaU6hHGaQN-7O9gK4EfMLg,tonawanda-new-york
https://www.ubereats.com/upstate-ny/food-delivery/mumbles-chicken-and-waffles-buffalo/wid0Gl3HSJuFN5eGIwPU4w,tonawanda-new-york
https://www.ubereats.com/upstate-ny/food-delivery/buffalo-wild-wings-1620-niagara-falls-blvd/pcFyW6LURgqCet6AebnjcA,tonawanda-new-york
https://www.ubereats.com/upstate-ny/food-delivery/tim-hortons-1610walden/h7_V35iQQeKXrQBf1a3jnA,tonawanda-new-york
https://www.ubereats.com/upstate-ny/food-delivery/salsaritas-fresh-mexican-grill-4375-transit-rd/knsePzH1RJ2VKHiW4vIWVw,tonawanda-new-york
https://www.ubereats.com/upstate-ny/food-delivery/just-pizza-%26-wing-co-grand-island/L0G5VqK9TVm72yYHLfZxxQ,tonawanda-new-york
https://www.ubereats.com/upstate-ny/food-delivery/dairy-queen-treat-100-niagara-st/A4ow4CFiS_mcumwjgKOZ-Q,tonawanda-new-york
https://www.ubereats.com/upstate-ny/food-delivery/young-chow/FKQoMpG2SW-jxe7hgXb7Gg,tonawanda-new-york
https://www.ubereats.com/upstate-ny/food-delivery/la-casa-de-sabores/ZdOszK2jSKKLx0onQCyejw,tonawanda-new-york
https://www.ubereats.com/upstate-ny/food-delivery/mcdonalds-315-meadow-dr/yyxwu3lqQeiCCBg3MwcP_g,tonawanda-new-york
https://www.ubereats.com/upstate-ny/food-delivery/arbys-4827-broadway/kkP3CqZXSwe-Edh4rbQ5yg,tonawanda-new-york
https://www.ubereats.com/upstate-ny/food-delivery/qutoom-indian-cuisine/M527eQd_SPGg4uZyxERjeA,tonawanda-new-york
https://www.ubereats.com/upstate-ny/food-delivery/wendys-2230-elmwood-avenue/DP5sz1OpR3G7YoRT74iUFw,tonawanda-new-york
https://www.ubereats.com/upstate-ny/food-delivery/naan-tastic-amherst/DvM_llYhQxOrUHk_hldebQ,tonawanda-new-york
https://www.ubereats.com/upstate-ny/food-delivery/siena-restuarant-main-st/m7sQ1DTERzWwVrw_WlW8lA,tonawanda-new-york
https://www.ubereats.com/upstate-ny/food-delivery/starbucks-elmwood-avenue/Ba1JumN7Rj2Y7DPJloamag,tonawanda-new-york
https://www.ubereats.com/upstate-ny/food-delivery/scotch-and-sirloin/WwXirFhDSSKsiqiAqqkF5w,tonawanda-new-york
https://www.ubereats.com/upstate-ny/food-delivery/mighty-taco-amherst/dx4SaTfCTJepSGIkPWdjxA,tonawanda-new-york
https://www.ubereats.com/upstate-ny/food-delivery/mcdonalds-3120-niagara-falls-blvd/NeKWpFErRoqbUtzDojcxWA,tonawanda-new-york
https://www.ubereats.com/upstate-ny/food-delivery/ferry-express-5/livrgIK3StGOHCOyRxK3aw,tonawanda-new-york
https://www.ubereats.com/upstate-ny/food-delivery/cafe-on-the-avenue/BGQm7DbTRDeailOQtYVOSw,tonawanda-new-york
https://www.ubereats.com/upstate-ny/food-delivery/richiessoulfood-restaurant-and-lounge/HOFy_gZSTvmuKNvr0POTXA,tonawanda-new-york
https://www.ubereats.com/upstate-ny/food-delivery/dunkin-2200-sheridan-dr/2RZrJMceRC6xcx9FBpVaRg,tonawanda-new-york
https://www.ubereats.com/upstate-ny/food-delivery/tim-hortons-2366-grand-island-blv/vSgspz95Tai7T66QYbvbAA,tonawanda-new-york
https://www.ubereats.com/upstate-ny/food-delivery/ruby-tuesday-1669-walden-avenue/nY9lxBuWTlOJjXZ_EDmyuw,tonawanda-new-york
https://www.ubereats.com/upstate-ny/food-delivery/genevieves-cheesecakes-%26-bake-shop/oYNRf1m2TviqtNJ1rXuJOg,tonawanda-new-york
https://www.ubereats.com/upstate-ny/food-delivery/red-lobster-7520-transit-road/NdsHjDuPQMyV42ZB9zRcIQ,tonawanda-new-york
https://www.ubereats.com/upstate-ny/food-delivery/moes-southwest-grill-5063-transit-road/FiQkKtaiQdy0o0aZ6Tb1ig,tonawanda-new-york
https://www.ubereats.com/upstate-ny/food-delivery/chipotle-mexican-grill-1785-military-rd/bNwxPsuhTh6DPiOHrBg1_g,tonawanda-new-york
https://www.ubereats.com/upstate-ny/food-delivery/the-grapevine/l8deV9ETR22qs4hX_YkZYA,tonawanda-new-york
https://www.ubereats.com/upstate-ny/food-delivery/starbucks-235-delaware-ave/lAxYp7JtRCm-FVKsDmHPbw,tonawanda-new-york
https://www.ubereats.com/upstate-ny/food-delivery/taste-of-india/nfyv1KMAQpOlTBgSIAa0CA,tonawanda-new-york
https://www.ubereats.com/upstate-ny/food-delivery/burger-king-3565-delaware-avenue/R7hcmnH9SG2QeMZtoizMaw,tonawanda-new-york
https://www.ubereats.com/upstate-ny/food-delivery/taichi-bubble-tea/uGK1ZIPpRtSykS2V-qa0EA,tonawanda-new-york
https://www.ubereats.com/upstate-ny/food-delivery/manna-%40-northland/_ZRoZrYcQ-qRyWM5dRvr_g,tonawanda-new-york
https://www.ubereats.com/upstate-ny/food-delivery/burger-king-365-amherst-street/68WcZDd0RMCP2Sj3iE5vEw,tonawanda-new-york
https://www.ubereats.com/upstate-ny/food-delivery/la-divina/XsmjXX59QwOIh7CYQc7ZFw,tonawanda-new-york
https://www.ubereats.com/upstate-ny/food-delivery/pho-dollar-vietnamese-restaurant/WsympSA5SRSX7sUziJkzDg,tonawanda-new-york
https://www.ubereats.com/upstate-ny/food-delivery/kerns-kitchen/S5LN3F0dRs-OrmANV8ww4w,tonawanda-new-york
https://www.ubereats.com/upstate-ny/food-delivery/applebees-niagara-falls-blvd/cHMDpeP8SLOHYrs62aN9tA,tonawanda-new-york
https://www.ubereats.com/upstate-ny/food-delivery/mighty-taco-niagra-falls-blvd/zkX2XCXBTBiSNXvz2Ce2cg,tonawanda-new-york
https://www.ubereats.com/upstate-ny/food-delivery/starbucks-the-commons-suny-buffalo/CPw-C0o_TtqcdfOsd88jCw,tonawanda-new-york
https://www.ubereats.com/upstate-ny/food-delivery/tgi-fridays-580-cheektowaga-galleria-ny/rg8pHadHQQGnL2O0oSG7GA,tonawanda-new-york
https://www.ubereats.com/upstate-ny/food-delivery/taqueria-ranchos-la-delicias-niagara-st/2VvmoXCMQCi_do3pWU-pvw,tonawanda-new-york
https://www.ubereats.com/upstate-ny/food-delivery/peace-love-and-little-donuts/MobxM-SDSC61ecIIH3Tm6w,tonawanda-new-york
https://www.ubereats.com/upstate-ny/food-delivery/the-terrace-at-delaware-park/ki2Hm8_WSa6FJQEQ5M9ECw,tonawanda-new-york
https://www.ubereats.com/upstate-ny/food-delivery/shawarma-city/5xVwnvSwQPqm-eRMCBQo0Q,tonawanda-new-york
https://www.ubereats.com/upstate-ny/food-delivery/dennys-2215-delaware-ave/ZucPMMFWTFi8mbKZ0-NZsw,tonawanda-new-york
https://www.ubereats.com/upstate-ny/food-delivery/pf-changs-1-galleria-dr-th131/x25SL3jqSNCoK4k0C6ZuPg,tonawanda-new-york
https://www.ubereats.com/upstate-ny/food-delivery/subway-3290-sheridan-dr/XuhOn4HoRkq9pI7ng_7TRw,tonawanda-new-york
https://www.ubereats.com/upstate-ny/food-delivery/chocolate-bar/yy2UdR69QUaZEO_k294qJw,tonawanda-new-york
https://www.ubereats.com/upstate-ny/food-delivery/icha-cafe/JFUJKCH0TLyfayRQXuuc4Q,tonawanda-new-york
https://www.ubereats.com/upstate-ny/food-delivery/tandoori-hut-main-st/Bw2RcFbnQ7itFD4cI2-2lg,tonawanda-new-york
https://www.ubereats.com/upstate-ny/food-delivery/wendys-7515-niagara-falls-boulevard/ydXCj1vtTcqhRAmQAakNJw,tonawanda-new-york
https://www.ubereats.com/upstate-ny/food-delivery/jims-steakout-sheridan-dr/Fx_9aTR0Q8G6hOf820SSQg,tonawanda-new-york
https://www.ubereats.com/upstate-ny/food-delivery/hertel-bakery-%26-cafe/wTEEfdDiQZSC4kue3GamyQ,tonawanda-new-york
https://www.ubereats.com/upstate-ny/food-delivery/five-guys-ny-1839-1551-niagara-falls-blvd/iHAutrmTQt2G8tZ0VJ62kg,tonawanda-new-york
https://www.ubereats.com/upstate-ny/food-delivery/andale-mexican-restaurant/A5yJN7W4QdiB3WaScC64HA,tonawanda-new-york
https://www.ubereats.com/upstate-ny/food-delivery/spices-of-india/JKzEXqeaSiu30HN886btgA,tonawanda-new-york
https://www.ubereats.com/upstate-ny/food-delivery/eggsperience-vasilis-main-st/aN21-x_BS8SHJ32-L2JjIA,tonawanda-new-york
https://www.ubereats.com/upstate-ny/food-delivery/tim-hortons-3816-union-road/6JxM_vdCTlS5pH0z8HsKOg,tonawanda-new-york
https://www.ubereats.com/upstate-ny/food-delivery/the-corner-store/ajBsIicRRQyfDkhxs-3L_A,tonawanda-new-york
https://www.ubereats.com/upstate-ny/food-delivery/lucky-koi-bubble-tea/ZHplnTZ-T-anQ0v7UIP3Aw,tonawanda-new-york
https://www.ubereats.com/upstate-ny/food-delivery/the-fire-spot-bailey-ave/gUoC7of5TV-6LjFiU0OYYQ,tonawanda-new-york
https://www.ubereats.com/upstate-ny/food-delivery/forno-napoli/NSjlwWW5QxSNG1Ef_rnfbA,tonawanda-new-york
https://www.ubereats.com/upstate-ny/food-delivery/kfc-3962-bailey-avenue/soNcA6DOT4qjm6Xa9_kXuA,tonawanda-new-york
https://www.ubereats.com/upstate-ny/food-delivery/bocce-pizza-hertel/OdRPobr9Q9Gah0zvyJ8Rwg,tonawanda-new-york
https://www.ubereats.com/upstate-ny/food-delivery/sams-pizza-%26-restaurant-inc/f8YSiI1uQ6-6c9P6doXYmQ,tonawanda-new-york
https://www.ubereats.com/upstate-ny/food-delivery/mcdonalds-262-grider-st/IPQP4CLdSiuS0yjnzFHqqA,tonawanda-new-york
https://www.ubereats.com/upstate-ny/food-delivery/sunshine-vegan-eats/ZokQkP23RYSCDbQBMos4rQ,tonawanda-new-york
https://www.ubereats.com/upstate-ny/food-delivery/or-by-falafel-bar/xD8WSsBBSt22XiCi79jyTg,tonawanda-new-york
https://www.ubereats.com/upstate-ny/food-delivery/chipotle-mexican-grill-1643-niagara-falls-blvd/l3Bze0KwRm60XOSfNQbdeQ,tonawanda-new-york
https://www.ubereats.com/upstate-ny/food-delivery/blaze-pizza-1595-niagara-falls-blvd-suite-900/NPYyc6vGTrGifS15Qu6d4w,tonawanda-new-york
https://www.ubereats.com/upstate-ny/food-delivery/xpressway-pizzeria/qzSS5uYHQOKY4FsvqVn4sA,tonawanda-new-york
https://www.ubereats.com/upstate-ny/food-delivery/panda-kitchen/L7f5xSWpTU2-RzMsDUuZSw,tonawanda-new-york
https://www.ubereats.com/upstate-ny/food-delivery/koi-sushi/eTBaszOIRPyK2HBEKkIAbQ,tonawanda-new-york
https://www.ubereats.com/upstate-ny/food-delivery/brothers/qkAKE1RGSumyeGkT_CD3nw,tonawanda-new-york
https://www.ubereats.com/upstate-ny/food-delivery/burrito-bay/mjBBA4FkT12XboxaLjkXWQ,tonawanda-new-york
https://www.ubereats.com/upstate-ny/food-delivery/house-of-shawarma/AnHR1-88TfC9_42nOuifbg,tonawanda-new-york
https://www.ubereats.com/upstate-ny/food-delivery/jims-steakout-938-elmwood-ave/6fvGQ3NGSe2y0LgWIdkLhg,tonawanda-new-york
https://www.ubereats.com/upstate-ny/food-delivery/pizza-amore-the-wood-fire-way/XGkBxM_bTSqbbMuQr7tj8w,tonawanda-new-york
https://www.ubereats.com/upstate-ny/food-delivery/the-original-pancake-house-2075-niagara-falls-blvd/7RhMn0krRn-mzCvO8PkA4w,tonawanda-new-york
https://www.ubereats.com/upstate-ny/food-delivery/auntie-annes-1926-military-rd/daUg-a6FSY26cXQtFx1Vvg,tonawanda-new-york
https://www.ubereats.com/upstate-ny/food-delivery/la-tavola-trattoria/EpHXDzPjRV2HmmMkrT8Y8g,tonawanda-new-york
https://www.ubereats.com/upstate-ny/food-delivery/brick-house-4120-maple-rd/HhC_kIGnQhK3uOZktMOnxQ,tonawanda-new-york
https://www.ubereats.com/upstate-ny/food-delivery/matties-texas-hots/uu9ES138Q4uzjM_T3pE5nA,tonawanda-new-york
https://www.ubereats.com/upstate-ny/food-delivery/marcos-italian-deli/f4hxzQx2TRymHIkrScbprQ,tonawanda-new-york
https://www.ubereats.com/upstate-ny/food-delivery/gardenview-restaurant/o6EDqv8ZQueczAjwGkMyUg,tonawanda-new-york
https://www.ubereats.com/upstate-ny/food-delivery/caz-mini-mart/NESu-8mGRwehNXSJUT1lVA,tonawanda-new-york
https://www.ubereats.com/upstate-ny/food-delivery/habibi-halal-restaurant/wvRU_tJ9SX6U3QAOHesp_w,tonawanda-new-york
https://www.ubereats.com/upstate-ny/food-delivery/arbys-3793-delaware/hp9XVqhLRIKnSkvhgNdkmg,tonawanda-new-york
https://www.ubereats.com/upstate-ny/food-delivery/byblos-authentic-lebanese-restaurant-amherst/Ofweb54eSyusYQd-2zmxCg,tonawanda-new-york
https://www.ubereats.com/upstate-ny/food-delivery/checkers-2374-niagara-falls-blvd/8OQTuA-zRrm7tD5iK_A1sw,tonawanda-new-york
https://www.ubereats.com/upstate-ny/food-delivery/samurai-buffalo/kLFQSFwiSSG_ptww0Bs5RQ,tonawanda-new-york
https://www.ubereats.com/upstate-ny/food-delivery/subway-750-young-st/Rkfs6zQTRRi9cfF8RjGaqg,tonawanda-new-york
https://www.ubereats.com/upstate-ny/food-delivery/swings-specialty-wings/eDHY-dwhTVOqDpu2HV7pEQ,tonawanda-new-york
https://www.ubereats.com/upstate-ny/food-delivery/chocolate-bar-buffalo/e3H1YhX5SYOfjzb5umkZ0w,tonawanda-new-york
https://www.ubereats.com/upstate-ny/food-delivery/shawarma-city/C3le3OXqST-bSWCpTQRfEw,tonawanda-new-york
https://www.ubereats.com/upstate-ny/food-delivery/root-and-bloom-cafe/gmdNelfoTDO4Ngt5BVgp_Q,tonawanda-new-york
https://www.ubereats.com/upstate-ny/food-delivery/zhangs-buffet/89I_h1q-T-S2q37Y5cofqA,tonawanda-new-york
https://www.ubereats.com/upstate-ny/food-delivery/kfc-taco-bell-8160-transit-road/TzmLH9zmQzOS2KWQ9khLGw,tonawanda-new-york
https://www.ubereats.com/upstate-ny/food-delivery/subway-4224-maple-rd/D5fPElmCRTqs9fYuFSafEA,tonawanda-new-york
https://www.ubereats.com/upstate-ny/food-delivery/burger-king-619-dick-road/OpqPgO47QPme1tuqaNiq8g,tonawanda-new-york
https://www.ubereats.com/upstate-ny/food-delivery/ihop-50-thruway-plaza-dr/MQeMUfCWQXmUN-Bk0XdVoQ,tonawanda-new-york
https://www.ubereats.com/upstate-ny/food-delivery/bob-evans-289-1925-niagara-falls-boulevard/RnWvQ8HyR-2sIyNxTJA32A,tonawanda-new-york
https://www.ubereats.com/upstate-ny/food-delivery/alibaba-kebab/Fa3kjO9kQr2Pj2Fn431s9w,tonawanda-new-york
https://www.ubereats.com/upstate-ny/food-delivery/dunkin-2112-niagara-falls-blvd/gsjS0S94SmKpCFYCtxRY1A,tonawanda-new-york
https://www.ubereats.com/upstate-ny/food-delivery/arbys-2945-niagara-falls/hyySMeH2Qc6pqVrq7J25Qg,tonawanda-new-york
https://www.ubereats.com/upstate-ny/food-delivery/goldenwok/OzUFPMSQQwiGlLHV8rMuXA,tonawanda-new-york
https://www.ubereats.com/upstate-ny/food-delivery/twisted-burgers/Q8SeFsJITxKcd_5T6XUYUA,tonawanda-new-york
https://www.ubereats.com/upstate-ny/food-delivery/mcdonalds-3540-main-st/3kzhPBEGTNyg8Hrn6Gag3g,tonawanda-new-york
https://www.ubereats.com/upstate-ny/food-delivery/amherst-buffet/NUN-57KnR--JffMyVs50Tw,tonawanda-new-york
https://www.ubereats.com/upstate-ny/food-delivery/sweet-life-desserts-experience/UVn-Go3kQTC_mJ7mwZ6yXQ,tonawanda-new-york
https://www.ubereats.com/upstate-ny/food-delivery/romeo-%26-juliets-cafe-buffalo/z4KRu8KAR8aLc5fOcfxo3A,tonawanda-new-york
https://www.ubereats.com/upstate-ny/food-delivery/tappo-wood-fired-pizza/XdDvsScyQSOLsUYSwAeX4w,tonawanda-new-york
https://www.ubereats.com/upstate-ny/food-delivery/sophisticated-soul/dbM7bO_1RuyJ0I8iRPZlUQ,tonawanda-new-york
https://www.ubereats.com/upstate-ny/food-delivery/the-avenue-bar-and-grill/jFK6MtbqT1KLUekMoP0tLw,tonawanda-new-york
https://www.ubereats.com/upstate-ny/food-delivery/mighty-taco-kenmore/WWjEc_npSBSJMa7ZmZa5sA,tonawanda-new-york
https://www.ubereats.com/upstate-ny/food-delivery/buffalo-tikka-house/ank7kwg-TnO_firWQVHOBQ,tonawanda-new-york
https://www.ubereats.com/upstate-ny/food-delivery/vin-chet-bakery/NSw7urfkQaG72f5_BLmtDg,tonawanda-new-york
https://www.ubereats.com/upstate-ny/food-delivery/mcdonalds-1970-kensington-ave/PvBlQtv5T1eZdxAmcLfZNg,tonawanda-new-york
https://www.ubereats.com/upstate-ny/food-delivery/salsaritas-fresh-mexican-grill-110-w-chippewa-st/DQxe1G8MTw6fltMqwEJL7g,tonawanda-new-york
https://www.ubereats.com/upstate-ny/food-delivery/bailey-seafood/QMbtp0CiS6iyp-5QZFQQJg,tonawanda-new-york
https://www.ubereats.com/upstate-ny/food-delivery/subway-3190-niagara-falls-blvd/uIyuXT9oT_yWIlcIJ1YMCg,tonawanda-new-york
https://www.ubereats.com/upstate-ny/food-delivery/kfc-470-e-delavan-avenue/3P2I1RZYSnq3FPIPrz1avA,tonawanda-new-york
https://www.ubereats.com/upstate-ny/food-delivery/black-stone-steak-sushi-%26-fusion-cuisine/AV3UJX2QSBiHgDoR5oHYhA,tonawanda-new-york
https://www.ubereats.com/upstate-ny/food-delivery/wendys-2520-walden-avenue/Jy5mpZfzTEim4klGQfp-Fg,tonawanda-new-york
https://www.ubereats.com/upstate-ny/food-delivery/five-guys-ny-1602-2636-delaware-ave/MrWbDBgJQm6UAN3p1rQfFg,tonawanda-new-york
https://www.ubereats.com/upstate-ny/food-delivery/lucy-ethiopian-cuisine/MJlATwBZTm6DKwdAlTsPHQ,tonawanda-new-york
https://www.ubereats.com/upstate-ny/food-delivery/island-mix-restaurant/EYnEyfeHSouanE7CzllTsg,tonawanda-new-york
https://www.ubereats.com/upstate-ny/food-delivery/tgi-fridays-596-amherst-ny/5knnoh2-S12WWOD1tPlUcg,tonawanda-new-york
https://www.ubereats.com/upstate-ny/food-delivery/the-original-pancake-house-5479-main-street/3anGCpEgSMSBijlbw2BhJA,tonawanda-new-york
https://www.ubereats.com/upstate-ny/food-delivery/espresso-pizza/TCRpzGs7QqOCRvzOWQv1Pw,tonawanda-new-york
https://www.ubereats.com/upstate-ny/food-delivery/kensington-pizza/2pd87YCuRYS_-eLAqhRm8Q,tonawanda-new-york
https://www.ubereats.com/upstate-ny/food-delivery/lingling/9tufVaSXSWuDrWWYttvrXw,tonawanda-new-york
https://www.ubereats.com/upstate-ny/food-delivery/romeo-and-juliets-williamsville/5jlSoFoyTV2N6cGb-vVNLw,tonawanda-new-york
https://www.ubereats.com/upstate-ny/food-delivery/jims-steakout-niagara-falls-blvd/vbkzf4KNRzKmNbspShVG1Q,tonawanda-new-york
https://www.ubereats.com/upstate-ny/food-delivery/street-cafe-buffalo/yFHf3qAMS-udM4CjLyhu6g,tonawanda-new-york
https://www.ubereats.com/upstate-ny/food-delivery/applebees-5017-transit-road/6heqMsM1RES_MEkVy49qRw,tonawanda-new-york
https://www.ubereats.com/upstate-ny/food-delivery/boston-market-2380-delaware-ave/tNJ07BExRUqs8AadMCwkOA,tonawanda-new-york
https://www.ubereats.com/upstate-ny/food-delivery/gigis-cucina-povera/niYmA3vZSKmCBDWWHquUdg,tonawanda-new-york
https://www.ubereats.com/upstate-ny/food-delivery/acropolis/8MfrYjt0Rmq5_pL7zKV6iA,tonawanda-new-york
https://www.ubereats.com/upstate-ny/food-delivery/mcdonalds-820-young-st/B-6BhkQ8SMWGzXFUjfzJNw,tonawanda-new-york
https://www.ubereats.com/upstate-ny/food-delivery/pastry-by-camille/7OUOVojTT0-G4UiGVUD9eA,tonawanda-new-york
https://www.ubereats.com/upstate-ny/food-delivery/roly-poly-846-main-st/E4rBqvvWRjmw4rsWsRuAGw,tonawanda-new-york
https://www.ubereats.com/upstate-ny/food-delivery/starbucks-delaware-%26-kenmore/vGcKJWWwRGqZBkOd3t15Yg,tonawanda-new-york
https://www.ubereats.com/upstate-ny/food-delivery/carrabbas-1645-niagara-falls-blvd/G8Icy1haT3OWQy9iL7kNbQ,tonawanda-new-york
https://www.ubereats.com/upstate-ny/food-delivery/panera-1593-niagara-falls-boulevard/e9DT69B5Rr-E-znbKwKoSw,tonawanda-new-york
https://www.ubereats.com/upstate-ny/food-delivery/subway-3842-harlem-rd/BfuHSJirQCG3jPvmCi3utg,tonawanda-new-york
https://www.ubereats.com/upstate-ny/food-delivery/el-ranchito-2/tsgroJo5SSCQgKK0eoKGqg,tonawanda-new-york
https://www.ubereats.com/upstate-ny/food-delivery/fletchers-kitchen/3IPBxxgJScalkmiuO6BF5w,tonawanda-new-york
https://www.ubereats.com/upstate-ny/food-delivery/just-pizza-%26-wing-co-delaware-avenue/FST2EIpHTVWp6kA3wTWipQ,tonawanda-new-york
https://www.ubereats.com/upstate-ny/food-delivery/aladdin-grill-house/SFOucDUQTyGcZkeZWwNOLw,tonawanda-new-york
https://www.ubereats.com/upstate-ny/food-delivery/china-max/YTTYQyu4QtSMF5esR7KL5A,tonawanda-new-york
https://www.ubereats.com/upstate-ny/food-delivery/arbys-2300-union-rd/FFAVDCn1SoieP1gcj_fbSg,tonawanda-new-york
https://www.ubereats.com/upstate-ny/food-delivery/five-guys-ny-1684-1785-military-rd/IFoQ2eScQ4ySKUlFdFP9iA,tonawanda-new-york
https://www.ubereats.com/upstate-ny/food-delivery/just-pizza-%26-wing-co-main-street/ZXsJOh74RauE4e0J6wTiSw,tonawanda-new-york
https://www.ubereats.com/upstate-ny/food-delivery/dennys-4445-main-st/cfZkH9XPSwuZxGRl0GjYoA,tonawanda-new-york
https://www.ubereats.com/upstate-ny/food-delivery/800-maple/IVXqdacTQ5a55uhUgD2qvA,tonawanda-new-york
https://www.ubereats.com/upstate-ny/food-delivery/dairy-queen-treat-2301-military-rd/dJBwluGrRTG6MGEhYEHzbQ,tonawanda-new-york
https://www.ubereats.com/upstate-ny/food-delivery/venus/cClg31bnQLKGnblfehfZ0Q,tonawanda-new-york
https://www.ubereats.com/upstate-ny/food-delivery/el-chinchorro-boricua/8t2s2EElQsShv4VYAPRY1A,tonawanda-new-york
https://www.ubereats.com/upstate-ny/food-delivery/just-pizza-%26-wing-co-tonawanda/JrFnZfsJRKeUOhJyK-C6JQ,tonawanda-new-york
https://www.ubereats.com/upstate-ny/food-delivery/subway-4242-delaware-ave/KjBxpl-eQZGPXxculL_gzw,tonawanda-new-york
https://www.ubereats.com/upstate-ny/food-delivery/tim-hortons-5140-main-street/kiyRc68sSOCfPXIHt4a_9Q,tonawanda-new-york
https://www.ubereats.com/upstate-ny/food-delivery/creativesensationz/0jhPlWj5T1ugxTNd54xylQ,tonawanda-new-york
https://www.ubereats.com/upstate-ny/food-delivery/starbucks-williamsville-main-st/6EPKyXbFTFWJK41BE_rESA,tonawanda-new-york
https://www.ubereats.com/upstate-ny/food-delivery/koreana/TZRGHQLnScuUtW9eTSGGtA,tonawanda-new-york
https://www.ubereats.com/upstate-ny/food-delivery/outback-steakhouse-1551-niagara-falls-boulevard/R9EBvwm_S7y9EoV3NMkXNg,tonawanda-new-york
https://www.ubereats.com/upstate-ny/food-delivery/jims-steakout-delaware/k31lO7RuTb6LgbHkZnp4Jg,tonawanda-new-york
https://www.ubereats.com/upstate-ny/food-delivery/mighty-taco-6930-transit-road/xXnLY2-LQHmvWshtvYcnNw,tonawanda-new-york
https://www.ubereats.com/upstate-ny/food-delivery/the-brick-oven-by-delta-sonic-amherst/qosDSaaNSzSqrbM2bx0Wpw,tonawanda-new-york
https://www.ubereats.com/upstate-ny/food-delivery/the-sweet-whisk/Aa3fVDlvQG2bxmmfXxgF-w,tonawanda-new-york
https://www.ubereats.com/upstate-ny/food-delivery/sammys-ii-pizza-and-pasta/MpIJf3ikS4aR0zLxzTMrPg,tonawanda-new-york
https://www.ubereats.com/upstate-ny/food-delivery/bay-leaf/ErgGLFyYRqS3HyvY7kV5eA,tonawanda-new-york
https://www.ubereats.com/upstate-ny/food-delivery/sun-roll-main-st/hEWKOsteRG6vsSOfZ7iqwA,tonawanda-new-york
https://www.ubereats.com/upstate-ny/food-delivery/burger-king-1140-niagara-falls-blvd/Aie8_6m4RISWJ8C-Yvn5OQ,tonawanda-new-york
https://www.ubereats.com/upstate-ny/food-delivery/zacks-mart/0qMSQ88FShygFXXpiIeCEA,tonawanda-new-york
https://www.ubereats.com/upstate-ny/food-delivery/sato-elmwood-ave/NUByF1VHQRGK6yJeCSOl8w,tonawanda-new-york
https://www.ubereats.com/upstate-ny/food-delivery/kfc-833-young-street/qVxaR1qTSLe745Q8Y0nOeg,tonawanda-new-york
https://www.ubereats.com/upstate-ny/food-delivery/clay-handi-buffalo/L9xlOa2kRp29LYoae1iNqA,tonawanda-new-york
https://www.ubereats.com/upstate-ny/food-delivery/sakura-sushi/iDC61yPHQUW79e9ZIH4tkw,tonawanda-new-york
https://www.ubereats.com/upstate-ny/food-delivery/emilys-restaurant/4bGFJZLuSuyohozxkrf8hA,tonawanda-new-york
https://www.ubereats.com/upstate-ny/food-delivery/wingkings/FZr1UXScQDWJ9fPrq6l-vQ,tonawanda-new-york
https://www.ubereats.com/upstate-ny/food-delivery/wendys-5244-main-st/X95pjZYeRU6jCTTtHIGsgA,tonawanda-new-york
https://www.ubereats.com/upstate-ny/food-delivery/olympia-grill-buffalo/xq6bu2EpQ8icKMaSKigbYA,tonawanda-new-york
https://www.ubereats.com/upstate-ny/food-delivery/burger-king-2515-millersport-highway/2h4mokrzR5i2qB0SnHO6Ig,tonawanda-new-york
https://www.ubereats.com/upstate-ny/food-delivery/burger-king-4199-union-road/h5t4IfE4TZ2yyyMw-s_l_w,tonawanda-new-york
https://www.ubereats.com/upstate-ny/food-delivery/jts-restaurant/-qPYUUDgSXOCv4GvQSuyJw,tonawanda-new-york
https://www.ubereats.com/upstate-ny/food-delivery/the-captains-boil-1669-walden-avenue/o5vUPx8TSpuqQ13-F8tNLQ,tonawanda-new-york
https://www.ubereats.com/upstate-ny/food-delivery/larosa-ny-buffalo/lXXLkevjS0G3GwBrppDnWw,tonawanda-new-york
https://www.ubereats.com/upstate-ny/food-delivery/99-fast-food-restaurant/dGUBRRHjTbuaxJIW07qFig,tonawanda-new-york
https://www.ubereats.com/upstate-ny/food-delivery/popeyes-elmwood/gJ07uz0JQuaGQmoDtIKD-g,tonawanda-new-york
https://www.ubereats.com/upstate-ny/food-delivery/mcdonalds-3400-sheridan-drive/78xrMkUuQheWU96QMV0P2w,tonawanda-new-york
https://www.ubereats.com/upstate-ny/food-delivery/mcdonalds-1385-niagara-falls-blvd/mBU2AqHgRQ6XWFgiirGE-g,tonawanda-new-york
https://www.ubereats.com/upstate-ny/food-delivery/moes-southwest-grill-1551-niagara-falls-blvd-suite-b/H5DgqrL8RK-J6UWo-21BIw,tonawanda-new-york
https://www.ubereats.com/upstate-ny/food-delivery/tropical-smoothie-cafe-4900-transit-road/ZngwuWyTSTeAEfEidmOFAA,tonawanda-new-york
https://www.ubereats.com/upstate-ny/food-delivery/hyderabad-biryani-house-buffalo/l77BIQIVTwayWCcoLvrzqQ,tonawanda-new-york
https://www.ubereats.com/upstate-ny/food-delivery/tim-hortons-6125-main-street/Clk5Adv1QqejVEcEVj1nLw,tonawanda-new-york
https://www.ubereats.com/upstate-ny/food-delivery/sun-cuisines/r2_Zfh2wQ9-fUHaPH09-ZA,tonawanda-new-york
https://www.ubereats.com/upstate-ny/food-delivery/nikkis-chocolates-llc/oVVENjpCQJa96qF_KvI0Wg,tonawanda-new-york
https://www.ubereats.com/upstate-ny/food-delivery/subway-120-w-chippewea-st/6sq07gUyQtiaDkmJ2yIszA,tonawanda-new-york
https://www.ubereats.com/upstate-ny/food-delivery/mcdonalds-3534-delaware-ave/MxqOUQ9tRxeqyI-k82HgOA,tonawanda-new-york
https://www.ubereats.com/upstate-ny/food-delivery/marcos-italian-deli/lERf-1NLSXeGnrh8R2I9MQ,tonawanda-new-york
https://www.ubereats.com/upstate-ny/food-delivery/applebees-delaware-ave/LwL3DOioSb2_o6YFo3EcAA,tonawanda-new-york
https://www.ubereats.com/upstate-ny/food-delivery/madina-halal-sweets-%26-restaurant/1-NwHpRDRl-3R3b4N3HtXA,tonawanda-new-york
https://www.ubereats.com/upstate-ny/food-delivery/papi-grandes-amherst/UOk5VYTTQba0uO_kEck9oA,tonawanda-new-york
https://www.ubereats.com/upstate-ny/food-delivery/adrians-custard-%26-beef/t3TDIM0vQh-_Xwe1421u3g,tonawanda-new-york
https://www.ubereats.com/upstate-ny/food-delivery/arbys-564-dick-rd/8wQprfuwToyyEXZzDJ6-fA,tonawanda-new-york
https://www.ubereats.com/upstate-ny/food-delivery/buffalo-sushi-express/ChlmAYwlS6epp7YOR6ZahQ,tonawanda-new-york
https://www.ubereats.com/upstate-ny/food-delivery/ike-%26-bgs-rib-restaurant/eBcQM_Z9SFiCSgiml_bFXw,tonawanda-new-york
https://www.ubereats.com/upstate-ny/food-delivery/applebees-1785-walden-avenue/QPFir2UlRKWSr-VL5LbrzA,tonawanda-new-york
https://www.ubereats.com/upstate-ny/food-delivery/remington-tavern/tsiz7A5HTqKa3Lv-OQmHZQ,tonawanda-new-york
https://www.ubereats.com/upstate-ny/food-delivery/tim-hortons-1810-maple-road/Jv5b6u6VTEep8uD7yxcW1A,tonawanda-new-york
https://www.ubereats.com/upstate-ny/food-delivery/anchor-bar-amherst/gnK6-veNRjWO30o8iK54Lg,tonawanda-new-york
https://www.ubereats.com/upstate-ny/food-delivery/dairy-queen-grill-%26-chill-6711-transit-rd/yAAVTeQjQyqswbLNfw7hvw,tonawanda-new-york
https://www.ubereats.com/upstate-ny/food-delivery/dennys-3920-maple-road/2TjmU6dcR3qLofmcKls1nQ,tonawanda-new-york
https://www.ubereats.com/upstate-ny/food-delivery/indian-spice-house/c3rnduwjRgWJ5Jg8jxevBw,tonawanda-new-york
https://www.ubereats.com/upstate-ny/food-delivery/burger-king-11-delaware-street/TQqWuPK9RiOXs_9_kCm9dg,tonawanda-new-york
https://www.ubereats.com/upstate-ny/food-delivery/house-of-gourmet/ydj-6FTDS7KPI_yhZmYlhA,tonawanda-new-york
https://www.ubereats.com/upstate-ny/food-delivery/tim-hortons-1685-grand-island-blv/rVwrB2-3QdC3vpLGDqiiwA,tonawanda-new-york
https://www.ubereats.com/upstate-ny/food-delivery/steffies-deli/QTc-prHdSCa0mW0bw7o6jQ,tonawanda-new-york
https://www.ubereats.com/upstate-ny/food-delivery/buffalo-bakery-and-restaurant/dRk0cxALTqiMNPTY_G6kYA,tonawanda-new-york
https://www.ubereats.com/upstate-ny/food-delivery/halal-guys-amherst/_iNaDBJhQQatge13TUWoCQ,tonawanda-new-york
https://www.ubereats.com/upstate-ny/food-delivery/nye-park-tavern/c0GiyzCXT5eD2CWfPl3VIA,tonawanda-new-york
https://www.ubereats.com/upstate-ny/food-delivery/dickeys-barbecue-restaurants-inc-3220-sheridan-dr/s2rCXZa_QCmDsAq1yxcPeg,tonawanda-new-york
https://www.ubereats.com/upstate-ny/food-delivery/baileys-best-cafe/s4j9W8K0Rv-DGD7LVIihUw,tonawanda-new-york
https://www.ubereats.com/upstate-ny/food-delivery/buffalo-bakery/4fx2bFJnR_G3i9HqAIozog,tonawanda-new-york
https://www.ubereats.com/upstate-ny/food-delivery/falafels/-LeMDCVBQWGA0KZOwwPKaA,tonawanda-new-york
https://www.ubereats.com/upstate-ny/food-delivery/family-tree-restaurant/Dh-4E4wJQ9qbtsm3jy7bBA,tonawanda-new-york
https://www.ubereats.com/upstate-ny/food-delivery/beijing-buffet/ZQenoJ0SS0OsiYUWUyvqSw,tonawanda-new-york
https://www.ubereats.com/upstate-ny/food-delivery/moes-southwest-grill-2658-delaware-avenue/ICv_m3HmSSiEYZFJqzPJRg,tonawanda-new-york
https://www.ubereats.com/upstate-ny/food-delivery/mykonos-express/S3Tuv60kQBKxQeTZFlEkeA,tonawanda-new-york
https://www.ubereats.com/upstate-ny/food-delivery/subway-3674-delaware-ave/6OhK_5hgQxWY8tjrHf1X4Q,tonawanda-new-york
https://www.ubereats.com/upstate-ny/food-delivery/poize/nDpnJA7YSW6xS-T5qcMx7Q,tonawanda-new-york
https://www.ubereats.com/upstate-ny/food-delivery/milk-and-tea/po8Ds3jbT82cpcdFBg9Mbw,tonawanda-new-york
https://www.ubereats.com/upstate-ny/food-delivery/tappo-pizza-and-thin-man-brewery/wQe9K5PCSqG6mRZtmzfLnQ,tonawanda-new-york
https://www.ubereats.com/upstate-ny/food-delivery/tim-hortons-8500-niagara-falls-blvd/CiwOp5uhQFKeFrIXMOYaMw,tonawanda-new-york
https://www.ubereats.com/upstate-ny/food-delivery/kfc-taco-bell-4940-transit-rd/oSbVFikKT7mbHjtZhwTSpw,tonawanda-new-york
https://www.ubereats.com/upstate-ny/food-delivery/mcdonalds-241-w-ferry-st/83SCJBR4SFyh1rAKcq6P7Q,tonawanda-new-york
https://www.ubereats.com/upstate-ny/food-delivery/manor-lanes/QFt-IrUHTVmlbAtgW4zDvA,tonawanda-new-york
https://www.ubereats.com/upstate-ny/food-delivery/bgood-burgers/0WVbZOkkQ76fQ7f1ZumdIg,tonawanda-new-york
https://www.ubereats.com/upstate-ny/food-delivery/the-corner-store/zDR70HPsT4OL41QdMPRx_g,tonawanda-new-york
https://www.ubereats.com/upstate-ny/food-delivery/say-cheese!-pizza-company/gtt-ymPIQPSYGFDkt6eSww,tonawanda-new-york
https://www.ubereats.com/upstate-ny/food-delivery/buffalo-roadhouse-grill/lDVCBtDTQle3xFcahZgyRQ,tonawanda-new-york
https://www.ubereats.com/upstate-ny/food-delivery/go-veggies/v4xurC76QxyBJVPkuYTzqA,tonawanda-new-york
https://www.ubereats.com/upstate-ny/food-delivery/taisho-bistro-sheridan-dr/i9D3ROBjTjOXWtohjuJR3w,tonawanda-new-york
https://www.ubereats.com/upstate-ny/food-delivery/dairy-queen-treat-2517-elmwood-ave/ODsMTZ2sRWOJoOdHt6_alw,tonawanda-new-york
https://www.ubereats.com/upstate-ny/food-delivery/mcdonalds-390-niagara-st/re-Uh50QSb2u7SaRCTmTpA,tonawanda-new-york
https://www.ubereats.com/upstate-ny/food-delivery/davolio/U5P4N182RFefIcDbxS_WYQ,tonawanda-new-york
https://www.ubereats.com/upstate-ny/food-delivery/chipotle-mexican-grill-1759-sheridan-dr/FN2hdBFxSfeTVLODIj612Q,tonawanda-new-york
https://www.ubereats.com/upstate-ny/food-delivery/chinese-cookery/KIm_rXZST2yrQrnAxpiv5g,tonawanda-new-york
https://www.ubereats.com/upstate-ny/food-delivery/jims-steakout-main-st/74xoYSqAQquei6GXqwXQMg,tonawanda-new-york
https://www.ubereats.com/upstate-ny/food-delivery/peking-quick-one/vh20apU-RrWOpTZeIsSIMw,tonawanda-new-york
https://www.ubereats.com/upstate-ny/food-delivery/tim-hortons-3465-union-road/qecYjSG3T56H_FFGhbF--Q,tonawanda-new-york
https://www.ubereats.com/upstate-ny/food-delivery/burgerim-1460-hertel/VXxNGfvhSnmAbQqjmuVthg,tonawanda-new-york
https://www.ubereats.com/upstate-ny/food-delivery/kiosko-latino/7OuHYh34RMq3L57dw1kCGw,tonawanda-new-york
https://www.ubereats.com/upstate-ny/food-delivery/romeo-%26-juliets-tonawanda/nF0pbcEFTZyxW3FjQN1sng,tonawanda-new-york
https://www.ubereats.com/upstate-ny/food-delivery/moes-southwest-grill-4944-transit-road/lyQxtJOTRR-f38kCnNmKPg,tonawanda-new-york
https://www.ubereats.com/upstate-ny/food-delivery/mcdonalds-2058-elmwood-ave/2zMzL_T6QkyAurOXUS9Rjg,tonawanda-new-york
https://www.ubereats.com/upstate-ny/food-delivery/world-of-beer-1-walden-galleria/zsqSJwBPTI-_B7Iun9BNfw,tonawanda-new-york
https://www.ubereats.com/upstate-ny/food-delivery/spot-coffee-delaware-rd/wGbJP1qyRsC5VJj0EDJ9vQ,tonawanda-new-york
https://www.ubereats.com/upstate-ny/food-delivery/dunkin-3640-main-st/1KvGruxCQ7ubdY63nGXZ_g,tonawanda-new-york
https://www.ubereats.com/upstate-ny/food-delivery/anchor-bar-williamsville/TE5LXUlBRcKj6VJFIt_eHA,tonawanda-new-york
https://www.ubereats.com/upstate-ny/food-delivery/red-robin-480-4080-maple-rd/CA3IXID4THq-7Rlmtu4nWQ,tonawanda-new-york
https://www.ubereats.com/upstate-ny/food-delivery/the-bayou/9swkWnpPRGW9llMdt2kMfg,tonawanda-new-york
https://www.ubereats.com/upstate-ny/food-delivery/yummys-deli-%26-restaurant/V8T2sZYiRTCMFRYn-3UL4g,tonawanda-new-york
https://www.ubereats.com/upstate-ny/food-delivery/wallys-cafe-%26-pizzeria/HKfeN5LqS4Gc8RuXdM8axg,tonawanda-new-york
https://www.ubereats.com/upstate-ny/food-delivery/salsaritas-fresh-mexican-grill-3901-union-rd/A8qw4BA0TyGO_QtHsrTZBA,tonawanda-new-york
https://www.ubereats.com/upstate-ny/food-delivery/tim-hortons-5225-sheridan-dr/M719JLt-QEalJS7N9D1SBA,tonawanda-new-york
https://www.ubereats.com/upstate-ny/food-delivery/jims-steakout-allen-st/N1508DIsS1eD33K0JBBODQ,tonawanda-new-york
https://www.ubereats.com/upstate-ny/food-delivery/burger-king-600-thruway-plaza-drive/_Cpx3mX8Qa-HlyAFkQIsSA,tonawanda-new-york
https://www.ubereats.com/upstate-ny/food-delivery/tim-hortons-1060-wherle-drive/78PYGUe_Ssedu3zv1HltpA,tonawanda-new-york
https://www.ubereats.com/upstate-ny/food-delivery/bocce-club-pizza/lEnhm6OoThSxEhtxO-tmHA,tonawanda-new-york
https://www.ubereats.com/upstate-ny/food-delivery/mcdonalds-10-main-st/h9-E82OOREyf6mL8L-Ob2w,tonawanda-new-york
https://www.ubereats.com/upstate-ny/food-delivery/marcos-italian-restaurant-buffalo/WjwKI9q3R4ucG4O3v_fdJw,tonawanda-new-york
https://www.ubereats.com/upstate-ny/food-delivery/casa-di-francescas/Ffemi0CnS9W0qQdcJi4S-g,tonawanda-new-york
https://www.ubereats.com/upstate-ny/food-delivery/desi-khabba-halal-restaurant/qPMdxqHoS3SJ_UEiDOOhgw,tonawanda-new-york
