url,city
https://www.ubereats.com/topeka/food-delivery/hardees-1500896/1yMo0L52QZ6W1YUWvSG_Bg,topeka
https://www.ubereats.com/topeka/food-delivery/subway-5421-sw-21st-st/bQArBVIOQx2m8ZcgS8Nr3w,topeka
https://www.ubereats.com/topeka/food-delivery/pasquallys-pizza-%26-wings-2215-sw-wanamaker-rd/4SqDeGjASGesPYU30GupVg,topeka
https://www.ubereats.com/topeka/food-delivery/perkins-1720-sw-wanamaker-rd/OKiI_gsURn-FEqXOxxSVpQ,topeka
https://www.ubereats.com/topeka/food-delivery/kfc-3211-topeka-avenue/jZUuJ6M6QFi3LRa8IxDxsw,topeka
https://www.ubereats.com/topeka/food-delivery/carlos-okellys-3425-s-kansas-ave/lRDEzf7rR6ef9TnVGLzu9Q,topeka
https://www.ubereats.com/topeka/food-delivery/fugetaboutit-pizzeria/slvk242ARoWB9_Tsb2PKRw,topeka
https://www.ubereats.com/topeka/food-delivery/subway-2005-se-29th-st-space-%2321/M3Gpj5ApRruODFGulATYZw,topeka
https://www.ubereats.com/topeka/food-delivery/dunkin-4009-sw-21st-st/hiijH-f_Th2oubasSTc8MA,topeka
https://www.ubereats.com/topeka/food-delivery/the-pennant/VH31EYBOQ3GEBzyyiB5P2A,topeka
https://www.ubereats.com/topeka/food-delivery/cracker-barrel-old-country-store-1421-south-west-ashworth-place/x7xZiTEOT-uerq-dkgJNIw,topeka
https://www.ubereats.com/topeka/food-delivery/sheridans-frozen-custard/6mpZcmsJSwCmtK6JQH1lzQ,topeka
https://www.ubereats.com/topeka/food-delivery/papa-johns-2121-sw-wanamaker-rd/hSsz7ddYQBuxBTvVNxHf0w,topeka
https://www.ubereats.com/topeka/food-delivery/ihop-1731-sw-wanamaker-rd/uLwqj7FsTleBACF-fyr6jQ,topeka
https://www.ubereats.com/topeka/food-delivery/noodles-%26-company-2110-sw-wanamaker-rd/LgPxsrxuSHqePzxa7ZVpKg,topeka
https://www.ubereats.com/topeka/food-delivery/kfc-3920-sw-21st-street/6SraVRhHTXSvoeUm8E_QLA,topeka
https://www.ubereats.com/topeka/food-delivery/subway-3215-3217-sw-topeka-blvd/5OanAY_0TL25LWMlO4sAAA,topeka
https://www.ubereats.com/topeka/food-delivery/dennys-1500-wannamaker-rd/auScXnzHSWW4tGR1x1UUcg,topeka
https://www.ubereats.com/topeka/food-delivery/mcdonalds-1100-kansas-ave/bXKx-mN0SGyrSDetSjz50w,topeka
https://www.ubereats.com/topeka/food-delivery/subway-1151-sw-gage-blvd/JZ1DYHC7SjqCFTWRHcBQdQ,topeka
https://www.ubereats.com/topeka/food-delivery/cicis-2130-sw-wanamaker-rd/LElbyMwYTJGp5-8zXnp6gw,topeka
https://www.ubereats.com/topeka/food-delivery/steak-n-shake-1415-sw-wanamaker-road/aJGjNOGuSIu8oVCyOBrYOg,topeka
https://www.ubereats.com/topeka/food-delivery/lings-bistro/dZGqGrJ6TrWMInTC0tyOGw,topeka
https://www.ubereats.com/topeka/food-delivery/arbys-1408/sDWzCp9hR-eKInPwL7m5bg,topeka
https://www.ubereats.com/topeka/food-delivery/dennys-3210-sw-topeka-blvd/I5qyO8jzQZiIvZJC7aLkJQ,topeka
https://www.ubereats.com/topeka/food-delivery/kfc-1812-nw-topeka-boulevard/_aCJh4WPQNiuygnOLK0Oyw,topeka
https://www.ubereats.com/topeka/food-delivery/cold-stone-creamery-1227-sw-wanamaker-rd-ste-100/INm44CgDTf-GkmnR1t0g7g,topeka
https://www.ubereats.com/topeka/food-delivery/mcdonalds-1201-gage-blvd/dDpxl-1MQWaSeVitXlA4-g,topeka
https://www.ubereats.com/topeka/food-delivery/subway-6020-sw-29th-st/S2LKxzjCR4aVP4l9eT_31g,topeka
https://www.ubereats.com/topeka/food-delivery/huhot-mongolian-grill-5900-sw-huntoon-street/8XSwpG3zSzWAqztWZbmOOg,topeka
https://www.ubereats.com/topeka/food-delivery/subway-935-s-kansas-ave/4DtdawVQQhicafVH61eXrA,topeka
https://www.ubereats.com/topeka/food-delivery/burger-king-2110-nw-topeka-blvd/5dn15YhvR6SYgpzNMna_vw,topeka
https://www.ubereats.com/topeka/food-delivery/chick-fil-a-1625-sw-wanamaker-rd/TQuWOjHiSE6TnoGRo7VDuQ,topeka
https://www.ubereats.com/topeka/food-delivery/lupitas-mexican-restaurant/Whxeie-9R26TKA_r0iWnwQ,topeka
https://www.ubereats.com/topeka/food-delivery/mcalisters-deli-416-topeka-ks-1403/1C6tVbViR9-z_f2bOuvICA,topeka
https://www.ubereats.com/topeka/food-delivery/thin-and-crisp/F4fHXIPoS1eIYnccBXavvA,topeka
https://www.ubereats.com/topeka/food-delivery/long-john-silvers-2746-sw-fairlawn-rd/oACpX2imTHacJIe6_Ac9eA,topeka
https://www.ubereats.com/topeka/food-delivery/five-guys-ks-1700-1191-sw-wanamaker-rd/oh9Qvq3fSD2006Is3m6BVQ,topeka
https://www.ubereats.com/topeka/food-delivery/mcdonalds-3117-s-topeka-ave/g77su6dfSrSsdSkHfn4uYw,topeka
https://www.ubereats.com/topeka/food-delivery/the-steam-engine/ikdK8P5fTDeoiJD8bgxJ6Q,topeka
https://www.ubereats.com/topeka/food-delivery/starbucks-29th-st-and-wannamaker-rd/DnD7aAOqQPGnhlpUeqRedg,topeka
https://www.ubereats.com/topeka/food-delivery/ihop-551-nw-us-highway-24/BYkYqOBBSe2pXDmnUiPHrg,topeka
https://www.ubereats.com/topeka/food-delivery/mcdonalds-29th-%26-wanamaker/_HLO_RnjSomkF7g3MfzUuQ,topeka
https://www.ubereats.com/topeka/food-delivery/burger-king-%234582-6002-s-w-tenth-street/Cx-fXeEwQJyzlMfFlHaoWQ,topeka
https://www.ubereats.com/topeka/food-delivery/gyroville-topeka/y1c4lEx9SU694Aj_TF2gdg,topeka
https://www.ubereats.com/topeka/food-delivery/marcos-pizza-1401-sw-gage-boulevard/mh81ergMRqifxB3N1KBRYw,topeka
https://www.ubereats.com/topeka/food-delivery/buffalo-wild-wings-1227-sw-wanamaker-rd/WBd5pQPBToyrK44q73i-ew,topeka
https://www.ubereats.com/topeka/food-delivery/hardees-1500074/bA0A7P0HQRKUB5R2fCD95A,topeka
https://www.ubereats.com/topeka/food-delivery/red-lobster-2011-sw-wanamaker-road/xadfjjYJQHShGTihLGsBfA,topeka
https://www.ubereats.com/topeka/food-delivery/mcdonalds-2001-n-topeka/e6jlANEZRp2OW8HsDB167g,topeka
https://www.ubereats.com/topeka/food-delivery/schlotzskys-2019-gage/Qm8NdG-0QXi5VMJFaP8qAw,topeka
https://www.ubereats.com/topeka/food-delivery/top-dog/e5C8jTRsRaSG-bJF29KgFQ,topeka
https://www.ubereats.com/topeka/food-delivery/burger-king-%235880-3690-s-w-topeka-blvd/LQGcR0h4Sl6l-8NmXwYe3A,topeka
https://www.ubereats.com/topeka/food-delivery/churchs-chicken-201-e-29th-street/dGebDFpDRbeCI94PH6ytjg,topeka
https://www.ubereats.com/topeka/food-delivery/el-chilar-mexican-restaurant/NEiEjfXfSX6eQC8UhMLwvQ,topeka
https://www.ubereats.com/topeka/food-delivery/old-chicago-63-naperville/a57sneJUQqajx56N8oNd4Q,topeka
https://www.ubereats.com/topeka/food-delivery/burger-king-%235492-2817-se-california/7uMg0ZfHT-m-xpFFSglk4w,topeka
https://www.ubereats.com/topeka/food-delivery/papa-murphys-6021-sw-29th-st/wHRsgDBNQfiFdccllmetAw,topeka
https://www.ubereats.com/topeka/food-delivery/panda-express-1920-s-wanamaker-road-suite-160/XQfHquRXQ8qYRFySkfNwkw,topeka
https://www.ubereats.com/topeka/food-delivery/el-dorado-mexican-grill/55P5aGBNR-68b5EMwmsffw,topeka
https://www.ubereats.com/topeka/food-delivery/mcdonalds-5525-sw-21st-st/FqPPL4m4RtWrNEfgB65bEw,topeka
https://www.ubereats.com/topeka/food-delivery/golden-corral-1601-sw-wanamaker-road/TgASCj1BRXaztL0NjRtWQQ,topeka
https://www.ubereats.com/topeka/food-delivery/pie-five-pizza-topeka/pzc3TOv2SkeRfgswyDl9Tg,topeka
https://www.ubereats.com/topeka/food-delivery/burger-king-%237061-1800-south-west-10th-street/m0E9OnThQ_ypqpe6zcvVrw,topeka
https://www.ubereats.com/topeka/food-delivery/churchs-chicken-3001-sw-10th-avenue/5tpDpqyuS0Gs4HZBVSTHsQ,topeka
https://www.ubereats.com/topeka/food-delivery/globe-indian-restaurant/_5f_EA8USLmBWVlV2EsAhg,topeka
https://www.ubereats.com/topeka/food-delivery/hooties-burger-bar-6100-sw-10th-avenue/FMVnR63SSQK6YDbbB7MwyQ,topeka
https://www.ubereats.com/topeka/food-delivery/applebees-5928-sw-17th-street/oAgOwuGrSFKjVD9pNdPfSA,topeka
https://www.ubereats.com/topeka/food-delivery/chipotle-mexican-grill-2040-sw-wanamaker-rd-ste-103/YUkRv2RiTpGXDYRoFEx5dg,topeka
https://www.ubereats.com/topeka/food-delivery/on-the-border-topeka/aiEkla2nRQuXqpbhXggg-Q,topeka
https://www.ubereats.com/topeka/food-delivery/dickeys-bbq-pit-609-nw-hwy-24/1PUARxz-QFSDrkujprconQ,topeka
https://www.ubereats.com/topeka/food-delivery/schlotzskys-400-sw-29th-st-ste-z/KqZYJfWGQUi9ALxZPF3UZQ,topeka
https://www.ubereats.com/topeka/food-delivery/arbys-1410/2qTJuokrQJynlHbZRJydqA,topeka
https://www.ubereats.com/topeka/food-delivery/chuck-e-cheese-2215-sw-wanamaker-rd/3okCLemRSe27AISYYFXqQg,topeka
https://www.ubereats.com/topeka/food-delivery/red-robin-6230-sw-6th-st/l29edWMMRAelu51J-k1StQ,topeka
https://www.ubereats.com/topeka/food-delivery/papa-murphys-2037-nw-topeka-blvd-suite-b/U-c9wr8yQbynU1ClWM8QqQ,topeka
https://www.ubereats.com/topeka/food-delivery/papa-johns-1700-washburn-ave/CNX0RQbbQ4S8D47DuarbSQ,topeka
https://www.ubereats.com/topeka/food-delivery/noto-burrito/CR7QuUDBSQeowntyjxFo9A,topeka
https://www.ubereats.com/topeka/food-delivery/hooters-topeka/bV7EmiXHS7eCQXzp0-aRSw,topeka
https://www.ubereats.com/topeka/food-delivery/hardees-1500264/xfpLX6EoSki1x4RYQD-1bg,topeka
https://www.ubereats.com/topeka/food-delivery/papa-murphys-1035-south-west-gage-blvd/FLJ2sDc-QgWX2Gs1g8ihWA,topeka
https://www.ubereats.com/topeka/food-delivery/monsoon-indian-grill/v1vlbVfuRsCedyw5vOL6Nw,topeka
https://www.ubereats.com/topeka/food-delivery/spin!-neapolitan-pizza-topeka/jW4ARP61Q7OwAQfWsEYw3A,topeka
https://www.ubereats.com/topeka/food-delivery/jasons-deli-6121-sw-12th-st/3u4bR9wYTeWE0B_j-KaHUg,topeka
https://www.ubereats.com/topeka/food-delivery/arbys-7744/5St6IwzaSaqASoeuOk13ZQ,topeka
