url,city
https://www.ubereats.com/new-jersey/food-delivery/california-pizza-kitchen-1-garden-state-plaza-unit-2320/Kr6ya41nRymnblTWTm9GNQ,township-of-washington-new-jersey
https://www.ubereats.com/new-jersey/food-delivery/boston-market-175-kinderkamack/rI_G_xIHTB6HBL_3wPObHg,township-of-washington-new-jersey
https://www.ubereats.com/new-jersey/food-delivery/a-taste-of-greece/EjgCtKIxQROkZIvfRlnIjw,township-of-washington-new-jersey
https://www.ubereats.com/new-jersey/food-delivery/schnitzel-%2B/r2vsPi3fSWm0C3HBF9cfbg,township-of-washington-new-jersey
https://www.ubereats.com/new-jersey/food-delivery/boom-boom-chicken-paramus/gkrWrhpsQBGFU_PsaXvuGw,township-of-washington-new-jersey
https://www.ubereats.com/new-jersey/food-delivery/cava-bergen-town-center-route-4-east-%23e-3a/r8-DT38BSO6boY1NbiuEcA,township-of-washington-new-jersey
https://www.ubereats.com/new-jersey/food-delivery/burgerim-477-s-washington-ave/NuJVL9DoSseNhCUPP9LN2g,township-of-washington-new-jersey
https://www.ubereats.com/new-jersey/food-delivery/dunkin-1063-goffle-rd/LKdfdOy0QoqPlyLWxH1McQ,township-of-washington-new-jersey
https://www.ubereats.com/new-jersey/food-delivery/goldbergs-original-bagels/BV_JWj3sTJm3uPxKyIypbA,township-of-washington-new-jersey
https://www.ubereats.com/new-jersey/food-delivery/burger-king-439-market-st/I57MFXFRRsi6woC4FVgzig,township-of-washington-new-jersey
https://www.ubereats.com/new-jersey/food-delivery/dunkin-60-broadway/A2DcyqVTSIif5X6kCiitBw,township-of-washington-new-jersey
https://www.ubereats.com/new-jersey/food-delivery/hot-bagels-of-fair-lawn/fk3kis2JSe6pB-AcQgfBiA,township-of-washington-new-jersey
https://www.ubereats.com/new-jersey/food-delivery/gourmet-express-market/kvvWtE8XRf2_JAmKWYgCiw,township-of-washington-new-jersey
https://www.ubereats.com/new-jersey/food-delivery/dosa-and-biryani-house/Wp0u3jyCRhO6G3YOzDg5EQ,township-of-washington-new-jersey
https://www.ubereats.com/new-jersey/food-delivery/jersey-mikes-subs-300-godwin-avenue/p1M6lYNXRY6LZaGY3-NiDQ,township-of-washington-new-jersey
https://www.ubereats.com/new-jersey/food-delivery/park-west-tavern/-5VoR1whTfmU8YHyCdaQ8Q,township-of-washington-new-jersey
https://www.ubereats.com/new-jersey/food-delivery/steel-wheel-tavern/ACUEfoikRsqQYwCM0SPlXg,township-of-washington-new-jersey
https://www.ubereats.com/new-jersey/food-delivery/ossobuco-grill/zDqgboJ7Q8Ohl9uMqmVzdw,township-of-washington-new-jersey
https://www.ubereats.com/new-jersey/food-delivery/piccolo-bistro/q2KPf6F9TtCt9gcYyspEfA,township-of-washington-new-jersey
https://www.ubereats.com/new-jersey/food-delivery/robertas-and-deans-brooklyn-pizza-factory/gYoFz9dbR1OAUR_AEWIM8Q,township-of-washington-new-jersey
https://www.ubereats.com/new-jersey/food-delivery/on-the-border-paramus/4fB9AsHjQ16h1MjuDuG8ZQ,township-of-washington-new-jersey
https://www.ubereats.com/new-jersey/food-delivery/houlihans-paramus/ZK2JSP4DSeahWXIg0urLfg,township-of-washington-new-jersey
https://www.ubereats.com/new-jersey/food-delivery/bibillia/HEt0aUHJQsSAWE_D4eY-3w,township-of-washington-new-jersey
https://www.ubereats.com/new-jersey/food-delivery/panchos-burritos-new-milford/nqYEd5mIT9qdrFqYLUm21A,township-of-washington-new-jersey
https://www.ubereats.com/new-jersey/food-delivery/uncle-louie-g-ices-and-ice-cream-ramsey/yJBtjfCIQ1qgy0e9W-5AMw,township-of-washington-new-jersey
https://www.ubereats.com/new-jersey/food-delivery/smashburger-390-hackensack-ave-space-169/mXi63XXuS5iaXvEvfjUs6A,township-of-washington-new-jersey
https://www.ubereats.com/new-jersey/food-delivery/cocohodo-closter/PJsu-e91RoWihoPZwbhiXw,township-of-washington-new-jersey
https://www.ubereats.com/new-jersey/food-delivery/lolitas-mexican-cantina/X2Bl5S9CQ2eMoQGZJik4ww,township-of-washington-new-jersey
https://www.ubereats.com/new-jersey/food-delivery/the-green-papaya/PEi03DrCTXihg4Jg0N-qsA,township-of-washington-new-jersey
https://www.ubereats.com/new-jersey/food-delivery/house-of-burrito-chicken-and-pizza/p_hJbixRS1a5VIDPP40fGg,township-of-washington-new-jersey
https://www.ubereats.com/new-jersey/food-delivery/pf-changs-390-hackensack-ave-suite-50/N2P5QPT-S_6EKw68lC0m_w,township-of-washington-new-jersey
https://www.ubereats.com/new-jersey/food-delivery/espos-pizza-at-the-fireplace/AdbipNEPTuGg54c37yQgtg,township-of-washington-new-jersey
https://www.ubereats.com/new-jersey/food-delivery/cafe-metro/hFSHRbKVSXq-z_0F6r7lvQ,township-of-washington-new-jersey
https://www.ubereats.com/new-jersey/food-delivery/mr-cupcakes-hawthorne/KlH-kGHsQfWSS8EIOVaSLw,township-of-washington-new-jersey
https://www.ubereats.com/new-jersey/food-delivery/market-eatery-badaya/Ngt6mmt3SzWx4uQVFCCXCQ,township-of-washington-new-jersey
https://www.ubereats.com/new-jersey/food-delivery/rose-restaurant/_BThb1JqQISMboGVAXVC7w,township-of-washington-new-jersey
https://www.ubereats.com/new-jersey/food-delivery/kilwins-ridgewood/tuIcpBoUS-689QBAmNiFcg,township-of-washington-new-jersey
https://www.ubereats.com/new-jersey/food-delivery/burger-king-38-hackensack-avenue/DM1UFf7SQdy4dn2i7Auhcg,township-of-washington-new-jersey
https://www.ubereats.com/new-jersey/food-delivery/peshawri-grill/qEFaEbDPRuSksk_CloNjlQ,township-of-washington-new-jersey
https://www.ubereats.com/new-jersey/food-delivery/bonchon-chicken-17-central-ave/Ti0gcOUIR8-nQ5cSUfVFLg,township-of-washington-new-jersey
https://www.ubereats.com/new-jersey/food-delivery/wendys-411-hillsdale-ave/wFGLwERkQiCroxiiAWV05w,township-of-washington-new-jersey
https://www.ubereats.com/new-jersey/food-delivery/cuban-eddies/5AFco4gqQOi-uY5_b6TGWA,township-of-washington-new-jersey
https://www.ubereats.com/new-jersey/food-delivery/juicy!-platters-halal-fair-lawn/sOod3RYASMCO-R-7DZbSsQ,township-of-washington-new-jersey
https://www.ubereats.com/new-jersey/food-delivery/majestic-diner/a0ZZwOazTT2t_ZgBVo74Pg,township-of-washington-new-jersey
https://www.ubereats.com/new-jersey/food-delivery/jersey-mikes-subs-185-south-kinderkamack-road/IDSSqKSjQMKap0Bl_8Ll6A,township-of-washington-new-jersey
https://www.ubereats.com/new-jersey/food-delivery/starbucks-rt-17-south-paramus/GtHC47EOSEO6RmgaNl_GsQ,township-of-washington-new-jersey
https://www.ubereats.com/new-jersey/food-delivery/dunkin-23-08-maple-ave/Et4usDwfQU6XU7OvqairMw,township-of-washington-new-jersey
https://www.ubereats.com/new-jersey/food-delivery/wild-%26-hearty-samba-bowls/TmNqEIwaSsiU8uHp4j6I7w,township-of-washington-new-jersey
https://www.ubereats.com/new-jersey/food-delivery/myra/UK8RBa8NShSNlIMOz9hBlg,township-of-washington-new-jersey
https://www.ubereats.com/new-jersey/food-delivery/mindys-munchies/i3f4tTJfSUGnJ30XpgIJQA,township-of-washington-new-jersey
https://www.ubereats.com/new-jersey/food-delivery/dunkin-15-w-allendale-ave/OOZYWFCiTd-oKSPcGEbg5Q,township-of-washington-new-jersey
https://www.ubereats.com/new-jersey/food-delivery/bareburger-455-chestnut-ridge-rd/BkPCYrRLTLakPOLyfRkCAg,township-of-washington-new-jersey
https://www.ubereats.com/new-jersey/food-delivery/bergenfield-deli-and-grill/510ug1UDSKaikSx6xSykcw,township-of-washington-new-jersey
https://www.ubereats.com/new-jersey/food-delivery/chipotle-mexican-grill-545-route-17-south/4WmEZWeoSQ6gIzTbz_uAdA,township-of-washington-new-jersey
https://www.ubereats.com/new-jersey/food-delivery/rispoli-pastry-shop-emerson/nqWy_OOQTJKCygpPNFECqw,township-of-washington-new-jersey
https://www.ubereats.com/new-jersey/food-delivery/conrads-confectionery/8DcJEogrRw6bIV6_yv92YA,township-of-washington-new-jersey
https://www.ubereats.com/new-jersey/food-delivery/bop-n-sushi/z24R9GlxQVCysqFqnq40hA,township-of-washington-new-jersey
https://www.ubereats.com/new-jersey/food-delivery/jersey-mikes-305-e-ridgewood-ave/ZYc6-rfGRp2mgRVZE1T8mA,township-of-washington-new-jersey
https://www.ubereats.com/new-jersey/food-delivery/kung-fu-tea-1-garden-state-plaza-%239152/A8BUtUU9TP-D43gxB-dOtQ,township-of-washington-new-jersey
https://www.ubereats.com/new-jersey/food-delivery/organic-tofu-house/h9pB_3_MS-aatGgZY2HcIQ,township-of-washington-new-jersey
https://www.ubereats.com/new-jersey/food-delivery/poke-sushi-burrito-asian-restaurant/isTgdAiCTaW4aovWvM5PPw,township-of-washington-new-jersey
https://www.ubereats.com/new-jersey/food-delivery/longfellows-coffee-mahwah/x0yYkZgGQ8WlZMfk-_-m3A,township-of-washington-new-jersey
https://www.ubereats.com/new-jersey/food-delivery/wendys-657-n-route-17/o8je-YE_ShySKKk9m33iEg,township-of-washington-new-jersey
https://www.ubereats.com/new-jersey/food-delivery/502-shannon-rose-ramsey-1200-route-17n/rgq9KZsJSqSmgEDrvjAL0A,township-of-washington-new-jersey
https://www.ubereats.com/new-jersey/food-delivery/ritas-italian-ice-lodi/0XRHgcXNTpGXOr0SNGQFwA,township-of-washington-new-jersey
https://www.ubereats.com/new-jersey/food-delivery/spice-garden/SwHCwQyrQL6sWt90Tem0CA,township-of-washington-new-jersey
https://www.ubereats.com/new-jersey/food-delivery/sogno-coffee/7gztxAKCQ-6fwyd5lnUFtA,township-of-washington-new-jersey
https://www.ubereats.com/new-jersey/food-delivery/real-fruit-bubble-tea-garden-state-plaza-us/su4ZyFX_Re2fUnmPXG-iYA,township-of-washington-new-jersey
https://www.ubereats.com/new-jersey/food-delivery/lee-garden/VJiJ1fYbRT2rAzQOfE5Wmw,township-of-washington-new-jersey
https://www.ubereats.com/new-jersey/food-delivery/blended-bowls/HoXPmoTfQImpzbDUHqFZNQ,township-of-washington-new-jersey
https://www.ubereats.com/new-jersey/food-delivery/cmc-deli/lyLw1egUSfKClVfc9EElVA,township-of-washington-new-jersey
https://www.ubereats.com/new-jersey/food-delivery/yasou-santorini/mWCAoY9tQm6bfVut8uZZCA,township-of-washington-new-jersey
https://www.ubereats.com/new-jersey/food-delivery/taco-bell-paramus-park/e5dhAwGXSbiEalbtuygkuw,township-of-washington-new-jersey
https://www.ubereats.com/new-jersey/food-delivery/marinade/QclfPd9lTG-44-L1CAuFtg,township-of-washington-new-jersey
https://www.ubereats.com/new-jersey/food-delivery/burger-king-41-franklin-turnpike/bilsZHZ4Stqm5uaMZt0ocw,township-of-washington-new-jersey
https://www.ubereats.com/new-jersey/food-delivery/sumo-tao-sushi/UgiTUxqnTRKxKX0aFPdkQg,township-of-washington-new-jersey
https://www.ubereats.com/new-jersey/food-delivery/samdan/20pQO1YMTX6FyYDyU-r5XA,township-of-washington-new-jersey
https://www.ubereats.com/new-jersey/food-delivery/land-%26-sea-diner/K12gye8yTrOA0QsXTTd1MA,township-of-washington-new-jersey
https://www.ubereats.com/new-jersey/food-delivery/m%26m-bagels-and-cafe/hd_1aHQkS_i9fgFRg5XlvQ,township-of-washington-new-jersey
https://www.ubereats.com/new-jersey/food-delivery/mason-jar/9491i1GPSFGw4MPAUQkBdw,township-of-washington-new-jersey
https://www.ubereats.com/new-jersey/food-delivery/five-guys-nj-1503-1300-rt-17-n/8wut-5kCRjCVstz402s9GQ,township-of-washington-new-jersey
https://www.ubereats.com/new-jersey/food-delivery/farmhouse-cafe-and-eatery-westwood/2HsrfxNgRViV58cZ5_zgjw,township-of-washington-new-jersey
https://www.ubereats.com/new-jersey/food-delivery/yong-kang-street/LCVAD8bpTmO71Te8ywRO4A,township-of-washington-new-jersey
https://www.ubereats.com/new-jersey/food-delivery/dunkin-775-state-rt-17-s/-d9_YiLLQ6eHxMCnY0sSYA,township-of-washington-new-jersey
https://www.ubereats.com/new-jersey/food-delivery/ma-mi-eatery/yiYO1-6gR9amxwFpougR5Q,township-of-washington-new-jersey
https://www.ubereats.com/new-jersey/food-delivery/subway-864-river-rd/H-GNCXLcT7CY0ryg3x1VKw,township-of-washington-new-jersey
https://www.ubereats.com/new-jersey/food-delivery/cravings-tapas-bistro/a87JGyEgTmqRGn-GXXKq6g,township-of-washington-new-jersey
https://www.ubereats.com/new-jersey/food-delivery/chapala-grill/S7KyxWfGRRu_UidO3ra_Jw,township-of-washington-new-jersey
https://www.ubereats.com/new-jersey/food-delivery/pho-thai-lao-kitchen/6079L_L9Q8SoKFoBN8IzoQ,township-of-washington-new-jersey
https://www.ubereats.com/new-jersey/food-delivery/halal-grillo/9hl6Xb9SS_Wa8aHlVKB7JQ,township-of-washington-new-jersey
https://www.ubereats.com/new-jersey/food-delivery/mr-cupcakes-700-paramus-park/tM6GOHTIS0Sl6W33_bul0A,township-of-washington-new-jersey
https://www.ubereats.com/new-jersey/food-delivery/dunkin-303b-pascack-rd/07KncoOeTu-H6eIFzvYFjw,township-of-washington-new-jersey
https://www.ubereats.com/new-jersey/food-delivery/roma-pizza-restaurant/_RLSQe5ETBOT5YqwyWq-OA,township-of-washington-new-jersey
https://www.ubereats.com/new-jersey/food-delivery/boston-market-20-wyckoff-avenue/F8ceLKa2QwuE2L3xdJ0pig,township-of-washington-new-jersey
https://www.ubereats.com/new-jersey/food-delivery/dunkin-260-livingston-st/iCfDPIKMQky3WDbosE-Z_w,township-of-washington-new-jersey
https://www.ubereats.com/new-jersey/food-delivery/taste-of-spain/uqc4H8-wQr6uZuIh8qKIJw,township-of-washington-new-jersey
https://www.ubereats.com/new-jersey/food-delivery/mr-moos-ice-cream-cafe-ridgewood-nj/SqJbJenpTvaNdtBRfpy9BA,township-of-washington-new-jersey
https://www.ubereats.com/new-jersey/food-delivery/burger-king-174-homans-avenue/5QNUIuFvSryWOZ498txPOQ,township-of-washington-new-jersey
https://www.ubereats.com/new-jersey/food-delivery/espos-pizza/IunQgSyiRuKSAOcCpOWjEw,township-of-washington-new-jersey
https://www.ubereats.com/new-jersey/food-delivery/dunkin-13-n-broad-st/Xgk4BY-pRD2tPGXeidWNcQ,township-of-washington-new-jersey
https://www.ubereats.com/new-jersey/food-delivery/sushi-cafe/JQ0LMqiiRIOq7S104uPbiw,township-of-washington-new-jersey
https://www.ubereats.com/new-jersey/food-delivery/taka-japanese/elUjPGBfSqiya8c77XQUDQ,township-of-washington-new-jersey
https://www.ubereats.com/new-jersey/food-delivery/tom-sawyer-diner/MA1MZBniSaSIMmOSO-Uidg,township-of-washington-new-jersey
https://www.ubereats.com/new-jersey/food-delivery/tgi-fridays-625-hackensack-nj/Ti0Fm16QSkOzsG1tjcZI8w,township-of-washington-new-jersey
https://www.ubereats.com/new-jersey/food-delivery/bgood-ridgewood/hUwTCNhmQGGgH-pbXINOUA,township-of-washington-new-jersey
https://www.ubereats.com/new-jersey/food-delivery/broadway-pizzeria-ii/bva8yiqMRP-qEGGx7rQ5zw,township-of-washington-new-jersey
https://www.ubereats.com/new-jersey/food-delivery/casual-habana-cafe-new-milford/ghHTVinpQpOYqmTrhTCvgg,township-of-washington-new-jersey
https://www.ubereats.com/new-jersey/food-delivery/bbq-chicken-old-tappan-nj/jQNfb6moRHOZOuHpEHvhGQ,township-of-washington-new-jersey
https://www.ubereats.com/new-jersey/food-delivery/delhi-accent%3A-innovative-indian-dining-by-khyber-grill-caterers/fsQ7IvxnRECqreKDjLzKlg,township-of-washington-new-jersey
https://www.ubereats.com/new-jersey/food-delivery/toasty-gourmet-eatery-%26-cafe/Z5qQNJ07RNuNBthtOF-C3w,township-of-washington-new-jersey
https://www.ubereats.com/new-jersey/food-delivery/burger-king-162-kinderkamack-road/EgikNQLOSWygzM5rhiT96g,township-of-washington-new-jersey
https://www.ubereats.com/new-jersey/food-delivery/patrizias-old-tappan/KDxEJEDuS62nhdrSoRovSQ,township-of-washington-new-jersey
https://www.ubereats.com/new-jersey/food-delivery/hold-my-knots/udPr0LjsQLWE3ydq72E_Xg,township-of-washington-new-jersey
https://www.ubereats.com/new-jersey/food-delivery/the-ridge-diner/HXFyNMIkQnCHYwbTysby-w,township-of-washington-new-jersey
https://www.ubereats.com/new-jersey/food-delivery/johnny-rollhouse-sushi/DE4fkrrCQSyXSFEkUh4HAg,township-of-washington-new-jersey
https://www.ubereats.com/new-jersey/food-delivery/sanzaris-new-bridge-inn/VqwYc-FkS9eGUG5E4vPFVg,township-of-washington-new-jersey
https://www.ubereats.com/new-jersey/food-delivery/pho-saigon-296-main-st/1Dywq74gRmuQJ1t96DBrWA,township-of-washington-new-jersey
https://www.ubereats.com/new-jersey/food-delivery/stray-cat-brew/fntmJHCOSm-u5Q7a7tBaMw,township-of-washington-new-jersey
https://www.ubereats.com/new-jersey/food-delivery/saffron-modern-indian-cuisine/VVtpswwwSXCNULDBjte_mw,township-of-washington-new-jersey
https://www.ubereats.com/new-jersey/food-delivery/el-carretero-de-bergenfield/4wJcMmFXTLC0H_lc6TNLOg,township-of-washington-new-jersey
https://www.ubereats.com/new-jersey/food-delivery/chipotle-mexican-grill-1-garden-state-plz/kYDClxohTSephM2cgUyCYw,township-of-washington-new-jersey
https://www.ubereats.com/new-jersey/food-delivery/pizza-hut-388-ramapo-valley-rd/kns_eVgqRca5ZZBQ3J_a4A,township-of-washington-new-jersey
https://www.ubereats.com/new-jersey/food-delivery/la-hueca-del-cangrejo/BFkI--bTT3ydMfiuGgCUNg,township-of-washington-new-jersey
https://www.ubereats.com/new-jersey/food-delivery/wendys-150-north-washington-ave/9ziMDlwISXKB55gvl7OD9Q,township-of-washington-new-jersey
https://www.ubereats.com/new-jersey/food-delivery/paramus-bagels-%26-deli/YdTu-wS7RaS8odOmKK4dxA,township-of-washington-new-jersey
https://www.ubereats.com/new-jersey/food-delivery/dunkin-128-chestnut-ridge-rd/vcXT0k69RNK-UXT1UEo_DA,township-of-washington-new-jersey
https://www.ubereats.com/new-jersey/food-delivery/the-office-tavern-grill-ridgewood/22IpzqoqSRe7-XFgr1Mckg,township-of-washington-new-jersey
https://www.ubereats.com/new-jersey/food-delivery/smashburger-556-rte-17-north/Dcy3u8H5QvyIATUnxCCw8g,township-of-washington-new-jersey
https://www.ubereats.com/new-jersey/food-delivery/tomato-%26-company/PqR1KibyQiuTxuGJRA46kQ,township-of-washington-new-jersey
https://www.ubereats.com/new-jersey/food-delivery/armandos-tuscan-grill-westwood-ave/B1su73svQWKS5iNH1XZGcA,township-of-washington-new-jersey
https://www.ubereats.com/new-jersey/food-delivery/choripan-rodizio-parrillada-argentina/2ZP76z0QTxOd_g3F7Pw-OQ,township-of-washington-new-jersey
https://www.ubereats.com/new-jersey/food-delivery/cold-stone-creamery-441-broadway/LlYxQic1T9OHQEOprBK76w,township-of-washington-new-jersey
https://www.ubereats.com/new-jersey/food-delivery/dunkin-125-washington-ave/Q6mDVll_SwCn9gpRA-UE5g,township-of-washington-new-jersey
https://www.ubereats.com/new-jersey/food-delivery/mazaya-grillo/R_6LBU1JQC2wcu7mhbBPQw,township-of-washington-new-jersey
https://www.ubereats.com/new-jersey/food-delivery/five-guys-nj-0173-450-hackensack-ave/GsgSJPgYTNyS-ugCeq_3NA,township-of-washington-new-jersey
https://www.ubereats.com/new-jersey/food-delivery/nihon-kai-japanese-restaurant/aUjDxmOhTaCUhFr5lrSgVQ,township-of-washington-new-jersey
https://www.ubereats.com/new-jersey/food-delivery/kfc-hasbrouck-heights/zbQ4YAFOT128u4dTjQCiXw,township-of-washington-new-jersey
https://www.ubereats.com/new-jersey/food-delivery/just-platters/hGOctzdYTkuH3ZIxZk8Y0g,township-of-washington-new-jersey
https://www.ubereats.com/new-jersey/food-delivery/taco-bell-27-s-kinderkamack-rd/fjRlney8Qrel7knZAgDrOw,township-of-washington-new-jersey
https://www.ubereats.com/new-jersey/food-delivery/tabboule/1TcrQh-5TheTnkbpwICXww,township-of-washington-new-jersey
https://www.ubereats.com/new-jersey/food-delivery/water-bagel-%26-deli/qFx9KaIhSJim-c87G8fO-w,township-of-washington-new-jersey
https://www.ubereats.com/new-jersey/food-delivery/subway-315-lafayette-ave/FTyT9W8USaumi8yca_gJkQ,township-of-washington-new-jersey
https://www.ubereats.com/new-jersey/food-delivery/kimchi-mama/TxUedIkZSja-LYP7vJRzGA,township-of-washington-new-jersey
https://www.ubereats.com/new-jersey/food-delivery/dunkin-417-washington-ave/npL1GRCKRUWPhEsJR5x6Zg,township-of-washington-new-jersey
https://www.ubereats.com/new-jersey/food-delivery/150-applebees-paramus/QRuv9sN8Ty60m6qMT8Amxw,township-of-washington-new-jersey
https://www.ubereats.com/new-jersey/food-delivery/poke-zone/EVsaG6p1RhGrm8ADdPOBMg,township-of-washington-new-jersey
https://www.ubereats.com/new-jersey/food-delivery/pronto-pizza/E-BBk533RcySI-R9riQZZA,township-of-washington-new-jersey
https://www.ubereats.com/new-jersey/food-delivery/mezza-westwood/p1Z7_r0DT2ezmv4wmF1Tkw,township-of-washington-new-jersey
https://www.ubereats.com/new-jersey/food-delivery/pelicana-chicken-dumont/rQ9JNc0IQ5qsbiunA1dvTg,township-of-washington-new-jersey
https://www.ubereats.com/new-jersey/food-delivery/dunkin-1091-main-st/tSUMAlo0S_uWNPlM4mTsBw,township-of-washington-new-jersey
https://www.ubereats.com/new-jersey/food-delivery/lets-meat-stekhouse/7iq8yQqpQa2hkwTetkJGug,township-of-washington-new-jersey
https://www.ubereats.com/new-jersey/food-delivery/blaze-pizza-65-route-4/vOhJ1iGURlCoJZEAzMt0Zw,township-of-washington-new-jersey
https://www.ubereats.com/new-jersey/food-delivery/taco-bell-622-market-street/vqqvrCVCRayBG3xCMXeMSw,township-of-washington-new-jersey
https://www.ubereats.com/new-jersey/food-delivery/eons-greek-food-for-life/x1UdztucQAGBpBR2_aH0Pw,township-of-washington-new-jersey
https://www.ubereats.com/new-jersey/food-delivery/roses-place/aC8dfPhtSRCWzpodFbzrOA,township-of-washington-new-jersey
https://www.ubereats.com/new-jersey/food-delivery/downtown-dhaba/3A_DOd0hTAW1lFizw1HkuQ,township-of-washington-new-jersey
https://www.ubereats.com/new-jersey/food-delivery/phat-platters/3oE41QzZRHeWtXs4qTkcsg,township-of-washington-new-jersey
https://www.ubereats.com/new-jersey/food-delivery/state-line-diner/svKXnj3lTSe5NMXe463Zkg,township-of-washington-new-jersey
https://www.ubereats.com/new-jersey/food-delivery/dunkin-132-hardenburgh-ave/Buga6o84SJytelHjsiecVA,township-of-washington-new-jersey
https://www.ubereats.com/new-jersey/food-delivery/francos-pizza/2WG3DxCpRw6Tyk0jDSDoVw,township-of-washington-new-jersey
https://www.ubereats.com/new-jersey/food-delivery/italian-riviera/xixWGKM0T0aOcRFx9I1bMw,township-of-washington-new-jersey
https://www.ubereats.com/new-jersey/food-delivery/chipotle-mexican-grill-1255-state-rt-17-unit-3/SZ8RMXvgSnWZj_LpA1F1Ug,township-of-washington-new-jersey
https://www.ubereats.com/new-jersey/food-delivery/ewha-won/hF0ZyzzcQiGDBeP7xXY6Mw,township-of-washington-new-jersey
https://www.ubereats.com/new-jersey/food-delivery/seafood-king/cTW3UJpYTfOMAsexKzrBNw,township-of-washington-new-jersey
https://www.ubereats.com/new-jersey/food-delivery/nirvana-indian-kitchen/MYIrl7BFSlGpD9TjsMFRnA,township-of-washington-new-jersey
https://www.ubereats.com/new-jersey/food-delivery/bagel-for-life-%26-gourmet-deli/vWvt50nASdGm_45EbGbZxg,township-of-washington-new-jersey
https://www.ubereats.com/new-jersey/food-delivery/charleys-philly-steaks-1-garden-state-plz/jiUBr1P7Qx2czIMcGohB0w,township-of-washington-new-jersey
https://www.ubereats.com/new-jersey/food-delivery/beard-papas/qtLQlsFRRv-e85swc9-W6g,township-of-washington-new-jersey
https://www.ubereats.com/new-jersey/food-delivery/starfish-cafe/SJcuJxnyTFO4NIn-PQh7Og,township-of-washington-new-jersey
https://www.ubereats.com/new-jersey/food-delivery/pokeworks-1-garden-state-plaza/rN2o_TVzQYmDsL8TtbHq4g,township-of-washington-new-jersey
https://www.ubereats.com/new-jersey/food-delivery/cinco-de-mayo/4YGiQZmjSbyeFXIZtIs_Iw,township-of-washington-new-jersey
https://www.ubereats.com/new-jersey/food-delivery/empanada-mania/oHGs70DZSHKY4vZkveAvWw,township-of-washington-new-jersey
https://www.ubereats.com/new-jersey/food-delivery/mr-wok-%26-sushi/7il9GBvjSYSjsEPQ4LH4vw,township-of-washington-new-jersey
https://www.ubereats.com/new-jersey/food-delivery/oceanos-restaurant/59b5jkEhQTSyaq8NNBOvRg,township-of-washington-new-jersey
https://www.ubereats.com/new-jersey/food-delivery/zen-kitchen/B7ib9QONTHOec2ArNXhotQ,township-of-washington-new-jersey
https://www.ubereats.com/new-jersey/food-delivery/straws-kitchen/GMWEoUYJT0GJu0js_OrKdw,township-of-washington-new-jersey
https://www.ubereats.com/new-jersey/food-delivery/port-of-call/lW-MUuZkSQ2P4KdZfx2UUQ,township-of-washington-new-jersey
https://www.ubereats.com/new-jersey/food-delivery/dunkin-32-02-broadway/m5ygAfO1QQmbs7gyqmsUwg,township-of-washington-new-jersey
https://www.ubereats.com/new-jersey/food-delivery/the-sicilian-sun/1iDUAv3-QqytEHCCBcIfPQ,township-of-washington-new-jersey
https://www.ubereats.com/new-jersey/food-delivery/taco-bell-630-main-street/ZzO4kEKtQdu2izptIC1hAg,township-of-washington-new-jersey
https://www.ubereats.com/new-jersey/food-delivery/don-chicken/BMDvm-VeRjGIvJ2GyDgoVw,township-of-washington-new-jersey
https://www.ubereats.com/new-jersey/food-delivery/pho-binh-duong-iv/T7RMrBFbSMyw0tB6m-9OKg,township-of-washington-new-jersey
https://www.ubereats.com/new-jersey/food-delivery/the-raw-squeeze/aaXoCb-3QxGpFMX06AZUWg,township-of-washington-new-jersey
https://www.ubereats.com/new-jersey/food-delivery/parkway-diner/s0w8wwPRRMW70A85S5ZtIA,township-of-washington-new-jersey
https://www.ubereats.com/new-jersey/food-delivery/mis-raices/P14W6_mSQGifGQsO10yE1w,township-of-washington-new-jersey
https://www.ubereats.com/new-jersey/food-delivery/namaste-india/GmABeC7NQHCGOJUOjCxTWQ,township-of-washington-new-jersey
https://www.ubereats.com/new-jersey/food-delivery/starbucks-ramsey-train-station/LLWUgMEATh6ISPwilyEU_w,township-of-washington-new-jersey
https://www.ubereats.com/new-jersey/food-delivery/wilkes-deli-of-glen-rock/VAMxagUmSySg1pXh0kc7Dg,township-of-washington-new-jersey
https://www.ubereats.com/new-jersey/food-delivery/jacks-lobster-shack%26oyster-bar/WFhBhgatRyuH0UKZmgck5Q,township-of-washington-new-jersey
https://www.ubereats.com/new-jersey/food-delivery/ruby-thai-kitchen/VUCo3TEqRF-QCePQzbuwxQ,township-of-washington-new-jersey
https://www.ubereats.com/new-jersey/food-delivery/js-bagels-%26-cafe/gSgd205FSUGb7y9p20QCbw,township-of-washington-new-jersey
https://www.ubereats.com/new-jersey/food-delivery/gong-cha-garden-state-plaza/MPSpwx91S4aWCmFtdJrF-Q,township-of-washington-new-jersey
https://www.ubereats.com/new-jersey/food-delivery/vicolo-ristorante/lW5fs3ZqTwKB0t7QwA5VLg,township-of-washington-new-jersey
https://www.ubereats.com/new-jersey/food-delivery/bagel-run/FRbV7NSeRVCma_hsTznvkQ,township-of-washington-new-jersey
https://www.ubereats.com/new-jersey/food-delivery/gts-roti-shop/06bv8gJwQBe1tPX0rq8qCQ,township-of-washington-new-jersey
https://www.ubereats.com/new-jersey/food-delivery/made-in-italy/DvzOZ3_-SXyLVnSpw5AXFQ,township-of-washington-new-jersey
https://www.ubereats.com/new-jersey/food-delivery/dunkin-29-e-prospect-st/N_D2mbNVTLWaubI6BXWieg,township-of-washington-new-jersey
https://www.ubereats.com/new-jersey/food-delivery/china-king/AL0MfiBRSeG2LCeupWmcmQ,township-of-washington-new-jersey
https://www.ubereats.com/new-jersey/food-delivery/mangiamo-restaurant-%26-pizza/Ivdysi6RRCOwBUrhnLABiw,township-of-washington-new-jersey
https://www.ubereats.com/new-jersey/food-delivery/the-raw-squeeze/QVBKrzptQc-eJlywy8UHNA,township-of-washington-new-jersey
https://www.ubereats.com/new-jersey/food-delivery/dunkin-14-00-state-highway-208/bzGuK9_vShS_cvRAhn23yQ,township-of-washington-new-jersey
https://www.ubereats.com/new-jersey/food-delivery/houlihans-ramsey/K5_1_by2RQOdsUwQif8I2A,township-of-washington-new-jersey
https://www.ubereats.com/new-jersey/food-delivery/johns-famous-bagels-park-ridge/-nszIb2dSNayzoqrx-o6BQ,township-of-washington-new-jersey
https://www.ubereats.com/new-jersey/food-delivery/hunan-express/kwBOpxwZR2iw_MyRPTJa_A,township-of-washington-new-jersey
https://www.ubereats.com/new-jersey/food-delivery/hack%22n-shack-burger/lwTsy7QGQ0CdAnwMSGJP-Q,township-of-washington-new-jersey
https://www.ubereats.com/new-jersey/food-delivery/limoncello-restaurant/nf29mff4SkmVq3cGfVWWvQ,township-of-washington-new-jersey
https://www.ubereats.com/new-jersey/food-delivery/dunkin-636-westwood-ave/LNMps51rQsqwMs_F3eSa5Q,township-of-washington-new-jersey
https://www.ubereats.com/new-jersey/food-delivery/dunkin-22-20-fair-lawn-ave/JZWPC_XiQv2YOxUxyqaRAw,township-of-washington-new-jersey
https://www.ubereats.com/new-jersey/food-delivery/kirkers-inn/DD5_hEg0QZGyn97-fNobog,township-of-washington-new-jersey
https://www.ubereats.com/new-jersey/food-delivery/tpr-pizzeria/cGetgNmCRRCiFY4mL3iTsg,township-of-washington-new-jersey
https://www.ubereats.com/new-jersey/food-delivery/tri-valley-family-restaurant/od58fs1DRZeW30UrDAH1sg,township-of-washington-new-jersey
https://www.ubereats.com/new-jersey/food-delivery/wilkes-deli/p07OFsLBTg6qdc4IjsECeQ,township-of-washington-new-jersey
https://www.ubereats.com/new-jersey/food-delivery/calabria-pizza/nV6vFqYxRVaGH_FHcocYRg,township-of-washington-new-jersey
https://www.ubereats.com/new-jersey/food-delivery/dim-sum-dynasty/4u7UEN0jTB6B0b95TPzIfg,township-of-washington-new-jersey
https://www.ubereats.com/new-jersey/food-delivery/borderline-bagels/74GLKXGfQ6O3gPe_3eVlAQ,township-of-washington-new-jersey
https://www.ubereats.com/new-jersey/food-delivery/amano-restaurant/cC98kI7uQricuVsIIagzuQ,township-of-washington-new-jersey
https://www.ubereats.com/new-jersey/food-delivery/wendys-31-godwin-avenue/9Gk75VuNSGSJOdskRxDMZA,township-of-washington-new-jersey
https://www.ubereats.com/new-jersey/food-delivery/dunkin-657-franklin-turnpike/nXLV0j2VSg-APvJp3tVqdA,township-of-washington-new-jersey
https://www.ubereats.com/new-jersey/food-delivery/mommas-kitchen/bbjvEJRGSSu-2GWs9XPsiw,township-of-washington-new-jersey
https://www.ubereats.com/new-jersey/food-delivery/little-italy-%40-grand-and-essex-market/Wz7PcH3pTZ2OMVv-imgWLA,township-of-washington-new-jersey
https://www.ubereats.com/new-jersey/food-delivery/blimpie-paramus/T7o7GjHZRCi8xMFRNnhq0g,township-of-washington-new-jersey
https://www.ubereats.com/new-jersey/food-delivery/midland-deli-%26-grill/YHqOCEClQnSYuIYqjGItKA,township-of-washington-new-jersey
https://www.ubereats.com/new-jersey/food-delivery/the-village-grille/5HJ85RMXTlepp1ynORWMJA,township-of-washington-new-jersey
https://www.ubereats.com/new-jersey/food-delivery/wingstop-415-s-washington-ave/ubjqkXUiTO-TqoxHWBqQeA,township-of-washington-new-jersey
https://www.ubereats.com/new-jersey/food-delivery/madison-cafe-%26-grill/a3uA8gmPQASQT50oIz2v-Q,township-of-washington-new-jersey
https://www.ubereats.com/new-jersey/food-delivery/burger-king-250-north-washington-avenue/HClEYA4hTi6H0di6vDC_ng,township-of-washington-new-jersey
https://www.ubereats.com/new-jersey/food-delivery/benares/Md--VRvdQeSMiudPLGJZAQ,township-of-washington-new-jersey
https://www.ubereats.com/new-jersey/food-delivery/firehouse-subs-hackensack/RGIzw6rhQo-mLDMzjzCB9Q,township-of-washington-new-jersey
https://www.ubereats.com/new-jersey/food-delivery/bricklane-curry-house/QMNDBNc2Q3K6hh1rdNxRxQ,township-of-washington-new-jersey
https://www.ubereats.com/new-jersey/food-delivery/dunkin-80-godwin-ave/BBfFTPZuQQ2sAHPmpYjg_Q,township-of-washington-new-jersey
https://www.ubereats.com/new-jersey/food-delivery/14-parish-caribbean-kitchen/REF_T3dBTbyEciliojJE_A,township-of-washington-new-jersey
https://www.ubereats.com/new-jersey/food-delivery/fuki-sushi/C9lcj0Y9RVe6AM-yggOZxQ,township-of-washington-new-jersey
https://www.ubereats.com/new-jersey/food-delivery/stack-creamery/3qbMmP3TSxW2FP_WxfsWPA,township-of-washington-new-jersey
https://www.ubereats.com/new-jersey/food-delivery/ocean-sushi/J6wdXp6eRh2W4-65DNlSxQ,township-of-washington-new-jersey
https://www.ubereats.com/new-jersey/food-delivery/burgerim-430-market-st/XAYjCoQTRIuab-0-D6wR4A,township-of-washington-new-jersey
https://www.ubereats.com/new-jersey/food-delivery/outback-steakhouse-194-north-route-17/6XBcT6_HSQ-34eTiDaa36w,township-of-washington-new-jersey
https://www.ubereats.com/new-jersey/food-delivery/lenape-valley-grill/sX0VkydtTUqRN2VXGxXYkA,township-of-washington-new-jersey
https://www.ubereats.com/new-jersey/food-delivery/wendys-296-east-route-4/ZsbMOcAcTFyu6R55akHTyQ,township-of-washington-new-jersey
https://www.ubereats.com/new-jersey/food-delivery/just-platters/wBmHLbVNTuiLQ7rUBokUDA,township-of-washington-new-jersey
https://www.ubereats.com/new-jersey/food-delivery/lisas-mediterranean-cuisine/0--dCx2qSse9AlXHD_iONw,township-of-washington-new-jersey
https://www.ubereats.com/new-jersey/food-delivery/demarest-deli/vFJnkukCQ2y8WMX3Vgv8JQ,township-of-washington-new-jersey
https://www.ubereats.com/new-jersey/food-delivery/maggies-southern-kitchen/ARmi3sceSp-_QkRJBTCqvg,township-of-washington-new-jersey
https://www.ubereats.com/new-jersey/food-delivery/mei-sushi/lPSRdvYpTfqaUFKsfS98Dg,township-of-washington-new-jersey
https://www.ubereats.com/new-jersey/food-delivery/no-1-sushi-midland-park/2iDBCF0pRU6X3dponxpJ2A,township-of-washington-new-jersey
https://www.ubereats.com/new-jersey/food-delivery/istanblue-restaurant/nzgvT2SyRYuCZysXQRhhVg,township-of-washington-new-jersey
https://www.ubereats.com/new-jersey/food-delivery/mamouns-falafel-paramus/BXeRLIRiTVWSyBAooAaDBA,township-of-washington-new-jersey
https://www.ubereats.com/new-jersey/food-delivery/outback-steakhouse-191-berdan-avenue/KOaRTd85T8SVk9k985rlNQ,township-of-washington-new-jersey
https://www.ubereats.com/new-jersey/food-delivery/bagelicious/_0u4J9K1SC2cZYZzjg4VHg,township-of-washington-new-jersey
https://www.ubereats.com/new-jersey/food-delivery/little-chef/cN-oapkkSdSqJgQ7UxQtCw,township-of-washington-new-jersey
https://www.ubereats.com/new-jersey/food-delivery/finca-the-estate-of-small-plates/jf_WUNn2TRSA9rxDfJHhqw,township-of-washington-new-jersey
https://www.ubereats.com/new-jersey/food-delivery/carmine-and-rays-pizza/C63Hi7MfRYWY2CukHVCPJw,township-of-washington-new-jersey
https://www.ubereats.com/new-jersey/food-delivery/blu-sushi/jeNIDHldRbi7beTA0bkEig,township-of-washington-new-jersey
https://www.ubereats.com/new-jersey/food-delivery/the-brownstone/riBw_7i6QN6uo6VNZGT2ZQ,township-of-washington-new-jersey
https://www.ubereats.com/new-jersey/food-delivery/off-the-rails/Mz6cz5GqSOqA1VmOj0cAuQ,township-of-washington-new-jersey
https://www.ubereats.com/new-jersey/food-delivery/paramus-food-center/hO0Vo8gHQzeTGk3IAql9Ug,township-of-washington-new-jersey
https://www.ubereats.com/new-jersey/food-delivery/dunkin-441-old-hook-rd/Jgvp5fAeSv-UizXPYQCdfA,township-of-washington-new-jersey
https://www.ubereats.com/new-jersey/food-delivery/hawthorne-covenience-store/SigDv5l7Tvip83inq2cvaw,township-of-washington-new-jersey
https://www.ubereats.com/new-jersey/food-delivery/superjuice-nation/VZyFX1eYQ4eb_QEzzgKdJg,township-of-washington-new-jersey
https://www.ubereats.com/new-jersey/food-delivery/carvel-240-south-summit-avenue/FXIEjLl4RgqOJvcDuoKa3g,township-of-washington-new-jersey
https://www.ubereats.com/new-jersey/food-delivery/zais-dessertery-inc/t6VSHINZQ1-ttdKEOKoX8w,township-of-washington-new-jersey
https://www.ubereats.com/new-jersey/food-delivery/simply-sushi-bergenfield/31hY4qx5QkaDfeVGlCOZUw,township-of-washington-new-jersey
https://www.ubereats.com/new-jersey/food-delivery/tabla-fine-dine-indian/UPmJxTjrROewihQt4oIBVA,township-of-washington-new-jersey
https://www.ubereats.com/new-jersey/food-delivery/kinyobi/bBV9JXmxRRKN4-YHx2Y2kg,township-of-washington-new-jersey
https://www.ubereats.com/new-jersey/food-delivery/chipotle-mexican-grill-83-vervalen-st/sSHxt3JQQzekMjimCMp8Gg,township-of-washington-new-jersey
https://www.ubereats.com/new-jersey/food-delivery/dunkin-886-prospect-st/U2-q-IInSiOg6c1kCuQTUw,township-of-washington-new-jersey
https://www.ubereats.com/new-jersey/food-delivery/its-greek-to-me/Qrmo7KKhRLu1AVZqkZSDhg,township-of-washington-new-jersey
https://www.ubereats.com/new-jersey/food-delivery/ridgewood-hot-bagels/7PtflTLSQsSHyak4p8GBkg,township-of-washington-new-jersey
https://www.ubereats.com/new-jersey/food-delivery/blue-42/LKsAdhJvQyqqE4TaSRhTLA,township-of-washington-new-jersey
https://www.ubereats.com/new-jersey/food-delivery/dunkin-130-kinderkamack-rd/jiIAtIWtSCywgAILeYfYZg,township-of-washington-new-jersey
https://www.ubereats.com/new-jersey/food-delivery/first-watch-38-farm-view/LeTmc9rGTQGH2Z128yi_nw,township-of-washington-new-jersey
https://www.ubereats.com/new-jersey/food-delivery/wawa-8326-150-essex-street/scnlL5L8TZ2VjKXBMoIGwQ,township-of-washington-new-jersey
https://www.ubereats.com/new-jersey/food-delivery/inserras-famous-pizza/sdkixgn3RXi3zGLMWrhe7w,township-of-washington-new-jersey
https://www.ubereats.com/new-jersey/food-delivery/luckys-steak-plate/YwVDYM12RuWVpnJw7w36PA,township-of-washington-new-jersey
https://www.ubereats.com/new-jersey/food-delivery/the-iron-horse/PEEyAQVTQQy8uoMUH3buXQ,township-of-washington-new-jersey
https://www.ubereats.com/new-jersey/food-delivery/kilim-mediterranean-cuisine/KMM-P7xMTVmmNZ0H-jkcpw,township-of-washington-new-jersey
https://www.ubereats.com/new-jersey/food-delivery/dunkin-440-rochelle-ave/2BeiHXqWQO27yZMgjnlIDA,township-of-washington-new-jersey
https://www.ubereats.com/new-jersey/food-delivery/woodstone-pizza-bar-%26-grill-352-w-passaic-st/SxUptexnSiSMWTiSbxzw_Q,township-of-washington-new-jersey
https://www.ubereats.com/new-jersey/food-delivery/rosa-mexicano-riverside-square/k4LY4KzpQ8WCQutu1I24Bw,township-of-washington-new-jersey
https://www.ubereats.com/new-jersey/food-delivery/jersey-mikes-subs-305-route-17-s/43J-FNlETx63yV9R6dqG1g,township-of-washington-new-jersey
https://www.ubereats.com/new-jersey/food-delivery/gotham-city-diner/imGJIaWnT-auopv2CU9POw,township-of-washington-new-jersey
https://www.ubereats.com/new-jersey/food-delivery/minit-mart-deli-%26-grill/DtHmcVVISpGPzJnQ43i34g,township-of-washington-new-jersey
https://www.ubereats.com/new-jersey/food-delivery/prestos-new-york-%231/I4oNF7Q6S5Oa8Un83xMt1g,township-of-washington-new-jersey
https://www.ubereats.com/new-jersey/food-delivery/matsuyama/IwV0_pyxTJWNWy0QBQWfOw,township-of-washington-new-jersey
https://www.ubereats.com/new-jersey/food-delivery/grand-%26-essex-market/_ygZecDKS6CetZdwluWNzw,township-of-washington-new-jersey
https://www.ubereats.com/new-jersey/food-delivery/shake-shack-1-garden-state-plaza/VtrDRk5LSai95-F_F_fyVQ,township-of-washington-new-jersey
https://www.ubereats.com/new-jersey/food-delivery/cafe-de-royal/0PGIxxFKTfqH7BH52weMuA,township-of-washington-new-jersey
https://www.ubereats.com/new-jersey/food-delivery/mcdonalds-828-rt-17-n/-mJBE90KRyeCbOhi0976uw,township-of-washington-new-jersey
https://www.ubereats.com/new-jersey/food-delivery/kings-village-food-inside-99-ranch-market/r3VL8TXSTheTCLVi_6WWiQ,township-of-washington-new-jersey
https://www.ubereats.com/new-jersey/food-delivery/playa-bowls-franklin-lakes/py_VzK_EQIGEkdSTtwdNXw,township-of-washington-new-jersey
https://www.ubereats.com/new-jersey/food-delivery/bareburger-129-vervalen-st/lH0_vPcnTQKbuaDy-JFdJA,township-of-washington-new-jersey
https://www.ubereats.com/new-jersey/food-delivery/maguro-sushi-house/i0WFlIHdQTWjSNs2mBOviQ,township-of-washington-new-jersey
https://www.ubereats.com/new-jersey/food-delivery/eons-greek-food-for-life-montvale/uCApu5HbQzGARQuXJ-Pv9A,township-of-washington-new-jersey
https://www.ubereats.com/new-jersey/food-delivery/taan-thai/2zExucwTSs27hfH9TPs5ZA,township-of-washington-new-jersey
https://www.ubereats.com/new-jersey/food-delivery/rock-n-roll-sushi-%26-noodle-bar/aS5UwEQUREKLazzUqyshjQ,township-of-washington-new-jersey
https://www.ubereats.com/new-jersey/food-delivery/the-cornerstone-restaurant-and-bar/5zBoAqjrRESsHyu5QFepuQ,township-of-washington-new-jersey
https://www.ubereats.com/new-jersey/food-delivery/johns-bagels-montvale/yAQUVEZrRFubrYPfo0mTvQ,township-of-washington-new-jersey
https://www.ubereats.com/new-jersey/food-delivery/pasquallys-pizza-%26-wings-275-e-route-4-ste-1/P8nDLkZwRwi_CSOp5jcbUg,township-of-washington-new-jersey
https://www.ubereats.com/new-jersey/food-delivery/gogo-sushi/Kxg4-f53QeyYuzI60lvV1Q,township-of-washington-new-jersey
https://www.ubereats.com/new-jersey/food-delivery/kfc-saddle-brook/qG1mIZNAQLilbrOpQTqyBg,township-of-washington-new-jersey
https://www.ubereats.com/new-jersey/food-delivery/bagels-and-more/UE1HuYTiTOSPJVnIhLKQ0g,township-of-washington-new-jersey
https://www.ubereats.com/new-jersey/food-delivery/chicken-todds/34t6kiVcTjSLB40mK3wRIg,township-of-washington-new-jersey
https://www.ubereats.com/new-jersey/food-delivery/red-lobster-211-route-17-s/2ZIcvAbATDGb3uRJE9k9LA,township-of-washington-new-jersey
https://www.ubereats.com/new-jersey/food-delivery/jersey-mikes-subs-557-north-franklin-turnpike/MjeXqvXjTDakqPrG-q5Lzg,township-of-washington-new-jersey
https://www.ubereats.com/new-jersey/food-delivery/charleys-philly-steaks-700-paramus-park/t1VBSr11SIasAnsMDdNHSA,township-of-washington-new-jersey
https://www.ubereats.com/new-jersey/food-delivery/mantra-restaurant-paramus/1EBr4yaPQT-3RibgSOSmqw,township-of-washington-new-jersey
https://www.ubereats.com/new-jersey/food-delivery/panera-770-route-17-north/nNEU-VYaSM2fOoei5Q4dKQ,township-of-washington-new-jersey
https://www.ubereats.com/new-jersey/food-delivery/casa-del-sole/d7CPsEEATJyip6nII7n2uw,township-of-washington-new-jersey
https://www.ubereats.com/new-jersey/food-delivery/148-applebees-hackensack/D6xYFSqVTPeqz892OiafLw,township-of-washington-new-jersey
https://www.ubereats.com/new-jersey/food-delivery/saddle-brook-diner/4LLi18ESRrqEe5puuNqrEQ,township-of-washington-new-jersey
https://www.ubereats.com/new-jersey/food-delivery/cresskill-hot-bagels/NQVSeSwWTxmpklpVIj2cvQ,township-of-washington-new-jersey
https://www.ubereats.com/new-jersey/food-delivery/3-monkeys-restaurant/93RZPm0hRjqj4vb50drEcg,township-of-washington-new-jersey
https://www.ubereats.com/new-jersey/food-delivery/johns-famous-bagels-woodcliff/1pmV8C47SqKupj9OWWl4Zg,township-of-washington-new-jersey
https://www.ubereats.com/new-jersey/food-delivery/macmurphys-godwin-ave/ePiaxEdlS--Q5L20E5t_aA,township-of-washington-new-jersey
https://www.ubereats.com/new-jersey/food-delivery/jersey-mikes-464-kinderkamack-rd/K4T6U7iUR0iP8hsOc67lnA,township-of-washington-new-jersey
https://www.ubereats.com/new-jersey/food-delivery/la-casa-del-buen-sabor/-Qb0Twj1RDKR4Y5Jxd99-Q,township-of-washington-new-jersey
https://www.ubereats.com/new-jersey/food-delivery/carvel-116-e-main-street/rNRJeHN6QzWxa7BxxdPu3A,township-of-washington-new-jersey
https://www.ubereats.com/new-jersey/food-delivery/ritas-italian-ice/s-CEAIBkSGyXHj-ElCHr4w,township-of-washington-new-jersey
https://www.ubereats.com/new-jersey/food-delivery/smashburger-984-rte-17-rd/0AD81Ol1T9CqD03cxUhf3Q,township-of-washington-new-jersey
https://www.ubereats.com/new-jersey/food-delivery/dunkin-525-cedar-hill-ave/JHroyAUTQeelAuygncr2Og,township-of-washington-new-jersey
https://www.ubereats.com/new-jersey/food-delivery/ritas-italian-ice-glen-rock/kzlI3gv5S3-AHRkelaCnLw,township-of-washington-new-jersey
https://www.ubereats.com/new-jersey/food-delivery/paolos-gourmet/uFd9FxvuT5OoTouNia0YWw,township-of-washington-new-jersey
https://www.ubereats.com/new-jersey/food-delivery/shumi-japanese-cuisine/sJlz7BJ_QIakenhnO_QVtQ,township-of-washington-new-jersey
https://www.ubereats.com/new-jersey/food-delivery/dunkin-233-n-franklin-turnpike/TUPZpcIiQW6_tNQZ-qWevA,township-of-washington-new-jersey
https://www.ubereats.com/new-jersey/food-delivery/patisserie-florentine/SWmjOp23SMm4wwBiCXOUSA,township-of-washington-new-jersey
https://www.ubereats.com/new-jersey/food-delivery/red-bowl/wcVgmIEAS_SxPLibroas2g,township-of-washington-new-jersey
https://www.ubereats.com/new-jersey/food-delivery/green-fusion/EgRnUOJOTSC5uasjfpzkhA,township-of-washington-new-jersey
https://www.ubereats.com/new-jersey/food-delivery/everything-bagel/01MeE_FFTiOr73p1PZXfTw,township-of-washington-new-jersey
https://www.ubereats.com/new-jersey/food-delivery/sgd-tofu-korean-bbq/ZwWBD38tQqmuN4CoP8VQfQ,township-of-washington-new-jersey
https://www.ubereats.com/new-jersey/food-delivery/bourbon-street-grille/K5qb0uZQSdG8KubgYxvcAQ,township-of-washington-new-jersey
https://www.ubereats.com/new-jersey/food-delivery/vitales-restaurant/3sm_VFy8SPCE40dT-A9IiA,township-of-washington-new-jersey
https://www.ubereats.com/new-jersey/food-delivery/planted-eats/4sD1CSlwRtO3FsXZ1BAa5Q,township-of-washington-new-jersey
https://www.ubereats.com/new-jersey/food-delivery/dunkin-669-route-17-south/bRlps5Q0R7ik3KOyCGMs-A,township-of-washington-new-jersey
https://www.ubereats.com/new-jersey/food-delivery/poppys-bagels-pizza-and-tcby/ZCDvyoVpTQaaUha_PhAuew,township-of-washington-new-jersey
https://www.ubereats.com/new-jersey/food-delivery/ninos-pizza/OavPZqFkTXOQHSaxkmf3Nw,township-of-washington-new-jersey
https://www.ubereats.com/new-jersey/food-delivery/dunkin-926-state-rt-17-north/em5y1BQaSRCsbnKrY9G-pw,township-of-washington-new-jersey
https://www.ubereats.com/new-jersey/food-delivery/uncle-louie-g-ices-and-ice-cream-maywood/E_b5pIkXSiWTHLTAs5fUwA,township-of-washington-new-jersey
https://www.ubereats.com/new-jersey/food-delivery/coffeecol-arepa-bar-%26-grill/dKYvraSTRu6BKMph--zcSg,township-of-washington-new-jersey
https://www.ubereats.com/new-jersey/food-delivery/mei-wei-east/cwVm0vxHRySQ1GRC77X8VQ,township-of-washington-new-jersey
https://www.ubereats.com/new-jersey/food-delivery/rockin-roots/BZGibeUwSiOWJC5aNujfxA,township-of-washington-new-jersey
https://www.ubereats.com/new-jersey/food-delivery/celtic-kitchen/XMmTcR9nRv6Zz1v0gedFbQ,township-of-washington-new-jersey
https://www.ubereats.com/new-jersey/food-delivery/playa-bowls-ridgewood/0JiG-WzSRriAc5yfMDJrXg,township-of-washington-new-jersey
https://www.ubereats.com/new-jersey/food-delivery/gmk-cakes/ypydQazDQBu8E1FYdMsBWg,township-of-washington-new-jersey
https://www.ubereats.com/new-jersey/food-delivery/royal-warsaw/406c60SmS7KFLsq_-EW36A,township-of-washington-new-jersey
https://www.ubereats.com/new-jersey/food-delivery/alt-eats-cafe/m_-QWNOEQ7uaZ3B6W3H08w,township-of-washington-new-jersey
https://www.ubereats.com/new-jersey/food-delivery/kfc-taco-bell-rt-17-n/AGvav3kqS0qJblZZ8DY2Dg,township-of-washington-new-jersey
https://www.ubereats.com/new-jersey/food-delivery/cucina-347/_8NXWxLCT2iAs3rZTI1YKw,township-of-washington-new-jersey
https://www.ubereats.com/new-jersey/food-delivery/cuban-eddies-morlot-ave/aHLk_IOpTcOff5Q4LJutGg,township-of-washington-new-jersey
https://www.ubereats.com/new-jersey/food-delivery/hot-fish/idYZF_l-TQCH5azM7eXoGQ,township-of-washington-new-jersey
https://www.ubereats.com/new-jersey/food-delivery/dunkin-520-livingston-ave/LG8fUaXMTcOmEaoqCYqfPg,township-of-washington-new-jersey
https://www.ubereats.com/new-jersey/food-delivery/cranberry-junction-ice-cream/9Rft4BKSTE2d5FDCyR5Npg,township-of-washington-new-jersey
https://www.ubereats.com/new-jersey/food-delivery/suburban-diner/CjThc2ehRSeO2XI9giVj2Q,township-of-washington-new-jersey
https://www.ubereats.com/new-jersey/food-delivery/bagel-express-hawthorne/gh08EKHeRW-poeC91fcd2Q,township-of-washington-new-jersey
https://www.ubereats.com/new-jersey/food-delivery/popeyes-north-paramus/j0etEDHpQKOyFtqtiw_8nA,township-of-washington-new-jersey
https://www.ubereats.com/new-jersey/food-delivery/crossroads-deli/y1VG0uAeQ6iwI8qnhSbjrw,township-of-washington-new-jersey
https://www.ubereats.com/new-jersey/food-delivery/shake-shack-479-route-17-n/qpZnXxWCTAaorYaI3jzD0w,township-of-washington-new-jersey
https://www.ubereats.com/new-jersey/food-delivery/9154-bonefish-grill-601-from-road/66qoX6xyTlOdsb1fnqCCog,township-of-washington-new-jersey
https://www.ubereats.com/new-jersey/food-delivery/taco-bell-415-south-washington-ave/gZwrQTfjSSq1ucRDPt4fcQ,township-of-washington-new-jersey
https://www.ubereats.com/new-jersey/food-delivery/empire-szechuan-restaurant/Vv4Om4Y-TmCgZyDqt7hLXg,township-of-washington-new-jersey
https://www.ubereats.com/new-jersey/food-delivery/crave-home-kitchen/7Lw0oQw9Rxec0mPj-t7nDA,township-of-washington-new-jersey
https://www.ubereats.com/new-jersey/food-delivery/allendale-corner-cafe/OoCqylckSrq27lPzCHReZQ,township-of-washington-new-jersey
https://www.ubereats.com/new-jersey/food-delivery/noches-de-colombia-main-st-hackensack-nj/D0ViZV4dQGGZthZGNrbtww,township-of-washington-new-jersey
https://www.ubereats.com/new-jersey/food-delivery/ho-ho-kus-sushi-cafe/kiomitN3S2-Tori_h0C-1w,township-of-washington-new-jersey
https://www.ubereats.com/new-jersey/food-delivery/johnny-%26-hanges/7H5EN6BERGaCsaoC9N_e6Q,township-of-washington-new-jersey
https://www.ubereats.com/new-jersey/food-delivery/pearl-restaurant/GZrhgJHDRuyV42-tOYAg1g,township-of-washington-new-jersey
https://www.ubereats.com/new-jersey/food-delivery/kumo-japanese-cuisine/kka55U8PRt2t15V1kovXKQ,township-of-washington-new-jersey
https://www.ubereats.com/new-jersey/food-delivery/sushi-x/bjk3fMc4QpWjR-dbchTc6A,township-of-washington-new-jersey
https://www.ubereats.com/new-jersey/food-delivery/poke-aloha/eqFIaPnbTkSy7_psbtfWow,township-of-washington-new-jersey
https://www.ubereats.com/new-jersey/food-delivery/zevys-pizza/c9UmshEHTCC9pgQKqPenag,township-of-washington-new-jersey
https://www.ubereats.com/new-jersey/food-delivery/brainfreeze-ice-cream/p0YQWemuRzmCwPE3-yc3hw,township-of-washington-new-jersey
https://www.ubereats.com/new-jersey/food-delivery/los-fuertes-de-loreto/3rxCuQ03RrCB19OZVzDkoQ,township-of-washington-new-jersey
https://www.ubereats.com/new-jersey/food-delivery/starbucks-fair-lawn-promanade/U1HvOqFIRma-HdYbBc1neg,township-of-washington-new-jersey
https://www.ubereats.com/new-jersey/food-delivery/six-happiness-fair-lawn/l9BpharoR2KzOiwmmYmijg,township-of-washington-new-jersey
https://www.ubereats.com/new-jersey/food-delivery/berrylicious-pizzalicious-kosher-brick-oven-pizza-and-frozen-yogurt/rdZqXwz0TwaueB5bSMAhlw,township-of-washington-new-jersey
https://www.ubereats.com/new-jersey/food-delivery/lulas-latin-cuisine/AGlDhn57RhCBhI7EUAfsgw,township-of-washington-new-jersey
https://www.ubereats.com/new-jersey/food-delivery/callahans/OXnUGKgPS9afIILZuNIJXg,township-of-washington-new-jersey
https://www.ubereats.com/new-jersey/food-delivery/superjuice-nation/2PKI5nukTMKgZk2aAUm7_Q,township-of-washington-new-jersey
https://www.ubereats.com/new-jersey/food-delivery/burger-king-259-franklin-turnpike/xNqJ9gFFReaAleMqK4Q7KQ,township-of-washington-new-jersey
https://www.ubereats.com/new-jersey/food-delivery/cuban-eddies/3PW_1VmkQ-yxJ5apxpfY3g,township-of-washington-new-jersey
https://www.ubereats.com/new-jersey/food-delivery/hook-%26-reel-elmwood-park/RLHs9F2jTym5--uyNqNB1Q,township-of-washington-new-jersey
https://www.ubereats.com/new-jersey/food-delivery/ammata-thai-kitchen/p2DVmCO4QU21mmBlYZwdMA,township-of-washington-new-jersey
https://www.ubereats.com/new-jersey/food-delivery/great-wall-chinese-and-japanese-cuisine-grant-ave/6zCZyObWQW6T2CeQxO2Aww,township-of-washington-new-jersey
https://www.ubereats.com/new-jersey/food-delivery/mommas-kitchen/U8Dngo21RRa4yERaMNlDUw,township-of-washington-new-jersey
https://www.ubereats.com/new-jersey/food-delivery/jj-great-tea/LRRUUqupQMO7HVbrFgKrhQ,township-of-washington-new-jersey
https://www.ubereats.com/new-jersey/food-delivery/adams-bagels-cafee-%26-deli/ZQZs9yYKRyONGt3R6W56dA,township-of-washington-new-jersey
https://www.ubereats.com/new-jersey/food-delivery/jacks-lobster-rolls/NDzKjr9gQIiP8lYWPQ_F_w,township-of-washington-new-jersey
https://www.ubereats.com/new-jersey/food-delivery/muscle-maker-grill-lodi/IHhtfPUbSImAAM1VRrITsw,township-of-washington-new-jersey
https://www.ubereats.com/new-jersey/food-delivery/sarku-japan/pEej4x6XSpacI6utVtoi1A,township-of-washington-new-jersey
https://www.ubereats.com/new-jersey/food-delivery/i-fish/_Ip0GIjyQ6uswmNP-mYYLg,township-of-washington-new-jersey
https://www.ubereats.com/new-jersey/food-delivery/dunkin-175-sr-4/2MPapCl_T2eST3ESnsxlAw,township-of-washington-new-jersey
https://www.ubereats.com/new-jersey/food-delivery/ada-mediterranean-grill/AgxkIFK3Rtu_UgtyBC78QQ,township-of-washington-new-jersey
https://www.ubereats.com/new-jersey/food-delivery/bareburger-15-e-ridgewood-ave/0mRck9zZSYK8KnqGsMhSxw,township-of-washington-new-jersey
https://www.ubereats.com/new-jersey/food-delivery/starbucks-westwood-avenue/WJr1qbsCSdWU0pN34kne6Q,township-of-washington-new-jersey
https://www.ubereats.com/new-jersey/food-delivery/lilis-bistro/Yjc_9IQFSBmuIRRTB7XLfQ,township-of-washington-new-jersey
https://www.ubereats.com/new-jersey/food-delivery/the-kebabci-west/G7FUmFwFSuqJpOmtefzzyA,township-of-washington-new-jersey
https://www.ubereats.com/new-jersey/food-delivery/the-rail-yard-tavern/cYJipr6RRpWv5k9WZ5MfFw,township-of-washington-new-jersey
https://www.ubereats.com/new-jersey/food-delivery/subway-295-pascack-rd/SBseQzrqSQmecfBhmdIHhg,township-of-washington-new-jersey
https://www.ubereats.com/new-jersey/food-delivery/chipotle-mexican-grill-81-e-state-rt-4-ste-101/kEmyzAnbQXuDDHlsLfol3g,township-of-washington-new-jersey
https://www.ubereats.com/new-jersey/food-delivery/aunt-delis-cafe-deli-eats-%26-treats/-7Tej46aT9OnCTTYg4g9zQ,township-of-washington-new-jersey
https://www.ubereats.com/new-jersey/food-delivery/elmers-country-store/RP3qrngkS-W6BiXq1--BWg,township-of-washington-new-jersey
https://www.ubereats.com/new-jersey/food-delivery/simply-vietnamese/2l7HmoQNSfu1rFJbA8g-Jg,township-of-washington-new-jersey
https://www.ubereats.com/new-jersey/food-delivery/fairmount-eats/z_X0IdESQWmmwmtI5lvQUQ,township-of-washington-new-jersey
https://www.ubereats.com/new-jersey/food-delivery/hot-bagelsa-franklin/fqp2KFA3T9Gk9020WSD8Uw,township-of-washington-new-jersey
https://www.ubereats.com/new-jersey/food-delivery/the-habit-burger-grill-3101-promenade-bl/ClIYJzJuQFO9Mfea3r7VYA,township-of-washington-new-jersey
https://www.ubereats.com/new-jersey/food-delivery/big-bowls-little-plates-h-mart-paramus/sA5u6YYrQfS8hA7zEuql3g,township-of-washington-new-jersey
https://www.ubereats.com/new-jersey/food-delivery/dunkin-440-a-forest-ave/NmJid_c7S5e_hZW0Ti_qjg,township-of-washington-new-jersey
https://www.ubereats.com/new-jersey/food-delivery/falafull/z7LOzJUiSw-BGPUTBa5nvA,township-of-washington-new-jersey
https://www.ubereats.com/new-jersey/food-delivery/novino/s7rr-b6jT5O7GaqedwPQOA,township-of-washington-new-jersey
https://www.ubereats.com/new-jersey/food-delivery/jerk-shack-grill/6bN0VVaaR8G1Vl3CsmsioQ,township-of-washington-new-jersey
https://www.ubereats.com/new-jersey/food-delivery/celtic-corner/-V__LsGNS9-MPqevf0oCPw,township-of-washington-new-jersey
https://www.ubereats.com/new-jersey/food-delivery/dunkin-494-n-state-rt-17/wdGpXq-pS0KIXkNQoaEm0g,township-of-washington-new-jersey
https://www.ubereats.com/new-jersey/food-delivery/broadway-pizzeria-restaurant/MzE_Q_KrToaTJiQdSVDccQ,township-of-washington-new-jersey
https://www.ubereats.com/new-jersey/food-delivery/tao-haus/PrvscUWqTTiwxLzT7BoBdw,township-of-washington-new-jersey
https://www.ubereats.com/new-jersey/food-delivery/mikes-delicatessen/Uvf6SOSaTZiyPcgvkzT1DA,township-of-washington-new-jersey
https://www.ubereats.com/new-jersey/food-delivery/ronnies-hot-bagels/2ETMEvQjQQaYrpD7i7e0ww,township-of-washington-new-jersey
https://www.ubereats.com/new-jersey/food-delivery/stone-%26-rail/uY1MrqfJQbSGtQOavJzWnw,township-of-washington-new-jersey
https://www.ubereats.com/new-jersey/food-delivery/burger-king-684-river-road/SPCNK3mqTLOpL0EunXYKBQ,township-of-washington-new-jersey
https://www.ubereats.com/new-jersey/food-delivery/sunrise-bagel-cafe/-rMwk-O9QjiKE6en95zyLA,township-of-washington-new-jersey
https://www.ubereats.com/new-jersey/food-delivery/esty-street-spring-valley-rd/qryXnXexT12DW3tsDWeL2g,township-of-washington-new-jersey
https://www.ubereats.com/new-jersey/food-delivery/millers-ale-house-paramus/hKj_X3bGScq7HmNXZFMqQw,township-of-washington-new-jersey
https://www.ubereats.com/new-jersey/food-delivery/dunkin-12-18-river-rd/oNDLg54JQOmLbAoRQXBGrg,township-of-washington-new-jersey
https://www.ubereats.com/new-jersey/food-delivery/sarku-japan/g6wXGrWnS8ax4PMHb7fvEw,township-of-washington-new-jersey
https://www.ubereats.com/new-jersey/food-delivery/backstreet-cafe/jlfkWckzTgaJpZw5AK5vew,township-of-washington-new-jersey
https://www.ubereats.com/new-jersey/food-delivery/playa-bowls-99-westwood-ave/91lC8TjzSW2IUSey7HFLXw,township-of-washington-new-jersey
https://www.ubereats.com/new-jersey/food-delivery/tous-les-jours-paramus/Sd505vfrTqeK2-_RxVtsWA,township-of-washington-new-jersey
https://www.ubereats.com/new-jersey/food-delivery/dunkin-278-closter-dock-rd/5GHFG93uSzaRlmi6PhXQxA,township-of-washington-new-jersey
https://www.ubereats.com/new-jersey/food-delivery/valley-diner/GOHm77luQCWpY4MJR_Cjdg,township-of-washington-new-jersey
https://www.ubereats.com/new-jersey/food-delivery/sushi-village/DE3Biv1-TGmZcvnB7UXVlA,township-of-washington-new-jersey
https://www.ubereats.com/new-jersey/food-delivery/the-ice-cream-shop/jYDyVHm4RpyZGmQCYPbWaw,township-of-washington-new-jersey
https://www.ubereats.com/new-jersey/food-delivery/glaze-donuts/nFFtF26sS_WKHefScAbqoQ,township-of-washington-new-jersey
https://www.ubereats.com/new-jersey/food-delivery/103-prime-at-valentinos/vCzgR5O0R0SNbL6fr3jxCw,township-of-washington-new-jersey
https://www.ubereats.com/new-jersey/food-delivery/dunkin-184-kinderkamack-rd-unit-d/s0mXPYqBTQy3wFV27mkD6A,township-of-washington-new-jersey
https://www.ubereats.com/new-jersey/food-delivery/chipotle-mexican-grill-18-farm-vw/aD2Iu_o5QP22oWU_1kTGRA,township-of-washington-new-jersey
https://www.ubereats.com/new-jersey/food-delivery/bagel-supreme/LZCJwab_Qbyw_A0KCoCuBg,township-of-washington-new-jersey
https://www.ubereats.com/new-jersey/food-delivery/burger-king-55-godwin-avenue/3qdXlTOKR2iMO5hSxQZptw,township-of-washington-new-jersey
https://www.ubereats.com/new-jersey/food-delivery/chens-yummy-house/-smZd17XTw-2zMKN7NkVNA,township-of-washington-new-jersey
https://www.ubereats.com/new-jersey/food-delivery/vegan-food-truck/khJjnJt6QVaTTN3lj8dk8w,township-of-washington-new-jersey
https://www.ubereats.com/new-jersey/food-delivery/starbucks-emerson-kinderkamack/b-VAvOhiTPS4OzyxcrDioA,township-of-washington-new-jersey
https://www.ubereats.com/new-jersey/food-delivery/mini-mart/_e_DLrIISOi5Jps617JLsw,township-of-washington-new-jersey
https://www.ubereats.com/new-jersey/food-delivery/two-guys-pizza-%26-grill/gRJ_bSaBRISw8ks7Mm64-w,township-of-washington-new-jersey
https://www.ubereats.com/new-jersey/food-delivery/the-habit-burger-grill-1081-main-st/6tOcD5beQzmDryp6dxm41Q,township-of-washington-new-jersey
https://www.ubereats.com/new-jersey/food-delivery/starbucks-midland-park-shopping-center/hdcdJEjsRZWqtRF0M7Rb3g,township-of-washington-new-jersey
https://www.ubereats.com/new-jersey/food-delivery/baci-gelato/r-ib4LmURhuE2RZpmS7znQ,township-of-washington-new-jersey
https://www.ubereats.com/new-jersey/food-delivery/toros-clifton/lQ65PFSoSqy_Jp1bLcblwA,township-of-washington-new-jersey
https://www.ubereats.com/new-jersey/food-delivery/dunkin-101-midland-ave/3i4OuPhyS7GNi6jziAILaA,township-of-washington-new-jersey
https://www.ubereats.com/new-jersey/food-delivery/bonchon-chicken-450-hackensack-ave/c02Q9STfQt2_Ub1KbEhSoQ,township-of-washington-new-jersey
https://www.ubereats.com/new-jersey/food-delivery/raymonds-ridgewood/biK56cQiTM-fn1vjGlew5g,township-of-washington-new-jersey
https://www.ubereats.com/new-jersey/food-delivery/hoshitori/LXP2pqIoSNO6DthBb3Gm3w,township-of-washington-new-jersey
https://www.ubereats.com/new-jersey/food-delivery/dunkin-275-s-washington-ave/aShVcpflRlmQLW4a2iMNQQ,township-of-washington-new-jersey
https://www.ubereats.com/new-jersey/food-delivery/sweetberry-bowls-wayne/hCJVqvwQTY6TdfOuuRH7-A,township-of-washington-new-jersey
https://www.ubereats.com/new-jersey/food-delivery/dunkin-754-river-rd/BncFC9mTQ-2DIPsR0VFw7A,township-of-washington-new-jersey
https://www.ubereats.com/new-jersey/food-delivery/coach-house-diner-and-restaurant/8_VSB3s9R-WwVN1D_n2nwg,township-of-washington-new-jersey
https://www.ubereats.com/new-jersey/food-delivery/marco-polo-chinese-restaurant/mM268sgXSJCQKqdZbYnrXQ,township-of-washington-new-jersey
https://www.ubereats.com/new-jersey/food-delivery/trattoria-la-bocca/ZrLThl1oRAu5qXBmv92icg,township-of-washington-new-jersey
https://www.ubereats.com/new-jersey/food-delivery/el-rey-de-las-arepas/kf7dKeybTCaLsekSxxwfXA,township-of-washington-new-jersey
https://www.ubereats.com/new-jersey/food-delivery/lao-ma-spicy/0GGo6yWTSsWmAxHVa951SQ,township-of-washington-new-jersey
https://www.ubereats.com/new-jersey/food-delivery/yalla-teaneck/XV36kuXBSgOGrC6O18Mg9g,township-of-washington-new-jersey
https://www.ubereats.com/new-jersey/food-delivery/the-cookie-connect/Sj0bRjBQS6iBPoCNw7q4Rw,township-of-washington-new-jersey
https://www.ubereats.com/new-jersey/food-delivery/bagel-culture/E8YYqxmJTI-dloPVblc9DQ,township-of-washington-new-jersey
https://www.ubereats.com/new-jersey/food-delivery/best-of-everything/QShYSAOtRKOwUHUtmMFfuA,township-of-washington-new-jersey
https://www.ubereats.com/new-jersey/food-delivery/prapaisri-thai-cuisine/9327OuexQ8a3IWAJTeW6nA,township-of-washington-new-jersey
https://www.ubereats.com/new-jersey/food-delivery/catchy-cafe/H2meclGET8eVNlNGeYSxlw,township-of-washington-new-jersey
https://www.ubereats.com/new-jersey/food-delivery/asian-american-food-mart/QM-JrFJgTS6Eg6HrYMLytA,township-of-washington-new-jersey
https://www.ubereats.com/new-jersey/food-delivery/el-grecco-pizza/D3JWxIhBREqRGKSzNDqghg,township-of-washington-new-jersey
https://www.ubereats.com/new-jersey/food-delivery/orange-leaf-frozen-yogurt-171-e-ridgewood-avenue/17k2DN9eR-OIUSKhfagOrw,township-of-washington-new-jersey
https://www.ubereats.com/new-jersey/food-delivery/sunny-wok/v_CogpSESs2jiMsZsW9pJQ,township-of-washington-new-jersey
https://www.ubereats.com/new-jersey/food-delivery/baumgarts-cafe-ridgewood/Pbuml-dkS3qHUHeS5Se0NQ,township-of-washington-new-jersey
https://www.ubereats.com/new-jersey/food-delivery/le-bon-choix/0GNvTqpIRT-_zjDwG4eDSw,township-of-washington-new-jersey
https://www.ubereats.com/new-jersey/food-delivery/chicken-delight/SGlyaCUrQ1yjzJkGj7opag,township-of-washington-new-jersey
https://www.ubereats.com/new-jersey/food-delivery/friendlys-441-hillsdale-ave/fekHDizwTQC4YqrMGUHSZQ,township-of-washington-new-jersey
https://www.ubereats.com/new-jersey/food-delivery/lisas-pizza/w1cl1C9YQjaslLRSis3YyQ,township-of-washington-new-jersey
https://www.ubereats.com/new-jersey/food-delivery/popeyes-east-paramus/wERoxfTcSRaS30bjoxV5WA,township-of-washington-new-jersey
https://www.ubereats.com/new-jersey/food-delivery/man-hing-chinese-restaurant/9OX7TfCzT9aPhR8dgZ4q8Q,township-of-washington-new-jersey
https://www.ubereats.com/new-jersey/food-delivery/pizzaiolo-by-brothers/CwRK28lJTCGElT5ez8rGRA,township-of-washington-new-jersey
https://www.ubereats.com/new-jersey/food-delivery/morning-dew-cafe/3ZaPL0Y4TeWe6joUiQxIIA,township-of-washington-new-jersey
https://www.ubereats.com/new-jersey/food-delivery/el-gallo/7_EFH8AcRaCdx68-B3pHTg,township-of-washington-new-jersey
https://www.ubereats.com/new-jersey/food-delivery/the-fireplace/y7hq8LFCTt6ulM-K1b2pGA,township-of-washington-new-jersey
https://www.ubereats.com/new-jersey/food-delivery/manjal-indian-cuisine/58w3Z2yVTCqwj471VDugxA,township-of-washington-new-jersey
https://www.ubereats.com/new-jersey/food-delivery/the-kebabci-west/fWMe9Nn6TWakjzIEu7pQyw,township-of-washington-new-jersey
https://www.ubereats.com/new-jersey/food-delivery/jersey-mikes-subs-rochelle-park/i-_hF59HRnCa0clEn_Fu7w,township-of-washington-new-jersey
https://www.ubereats.com/new-jersey/food-delivery/the-habit-burger-grill-22-farm-view/t1VI3IGYRjSP_casqaYFHw,township-of-washington-new-jersey
https://www.ubereats.com/new-jersey/food-delivery/market-eatery-ondubu/22jSf3eLR1G0Cn1zwwPcMg,township-of-washington-new-jersey
https://www.ubereats.com/new-jersey/food-delivery/wendys-190-e-state-rt-4/UK9JMFQqSRWpdx4SP-UAdQ,township-of-washington-new-jersey
https://www.ubereats.com/new-jersey/food-delivery/chipotle-mexican-grill-450-hackensack-ave/cUPocu0uQe6KN6uwYzwJ-Q,township-of-washington-new-jersey
https://www.ubereats.com/new-jersey/food-delivery/dunkin-258-livingston-ave/VDXb4dSPS3OrQRGA-m36TQ,township-of-washington-new-jersey
