url,city
https://www.ubereats.com/washington-dc/food-delivery/pizza-bolis-dumfries/TiA5xLxhQ7GuydLHP_uCZg,triangle-virginia
https://www.ubereats.com/washington-dc/food-delivery/aroma-pizza-plus/kALogDTJR6WX6k2MkKX5pg,triangle-virginia
https://www.ubereats.com/washington-dc/food-delivery/desi-kitchen/ap5y8USER0Kzntl1tIVi3g,triangle-virginia
https://www.ubereats.com/washington-dc/food-delivery/vocelli-pizza-3139-golansky-blvd/6yoLsIyBQderDD1WJzSbFw,triangle-virginia
https://www.ubereats.com/washington-dc/food-delivery/subway-17041-jefferson-davis-hwy/U0-TgnWYSIeSFm9p63HVjw,triangle-virginia
https://www.ubereats.com/washington-dc/food-delivery/kfc-2838-jefferson-davis-highway/QL86ok5PT6aRuFuhyrTRjA,triangle-virginia
https://www.ubereats.com/washington-dc/food-delivery/kabob-hut/X3DCTsfvQM2KhX2QTuagpQ,triangle-virginia
https://www.ubereats.com/washington-dc/food-delivery/burger-king-2701-potomac-mills-circle/AIWALokpQ0WHmVtjdhgBWw,triangle-virginia
https://www.ubereats.com/washington-dc/food-delivery/checkers-1920-daniel-stuart-square/x1q5_tTWSrmAw_OLcmDSoQ,triangle-virginia
https://www.ubereats.com/washington-dc/food-delivery/noodles-%26-company-13900-shoppers-best-way/JErPJQarRAylwXnXU856bw,triangle-virginia
https://www.ubereats.com/washington-dc/food-delivery/king-pollo/Eg7CXQn_Rgq9XbKSEB8X5A,triangle-virginia
https://www.ubereats.com/washington-dc/food-delivery/kfc-13565-minnieville-rd/HCVJhQ7KQ9y6vPH-mc_g5w,triangle-virginia
https://www.ubereats.com/washington-dc/food-delivery/burgerfi-woodbridge/imcmPRCvTp-IyoGv2sDpsQ,triangle-virginia
https://www.ubereats.com/washington-dc/food-delivery/dalias-african-cuisine/4Y9gcjMNTiugxn8v-PzzpQ,triangle-virginia
https://www.ubereats.com/washington-dc/food-delivery/potbelly-sandwich-shop-woodbridge-%7C-281/qm8XCBEsRV29IbqYFEzZsQ,triangle-virginia
https://www.ubereats.com/washington-dc/food-delivery/kabob-g-grill-kabob-factory/DfRdDUaVTtuQ5FXAEwHPzg,triangle-virginia
https://www.ubereats.com/washington-dc/food-delivery/the-popcorn-bag-woodbridge/gFEK9dH6Ss6UoYApDmGocQ,triangle-virginia
https://www.ubereats.com/washington-dc/food-delivery/jersey-mikes-subs-2954-prince-william-parkway/f-09IUBtQquoA6_FbkbnWg,triangle-virginia
https://www.ubereats.com/washington-dc/food-delivery/tropical-smoothie-cafe-stafford-marketplace/r0chpFNMSb24UaNwdAarHg,triangle-virginia
https://www.ubereats.com/washington-dc/food-delivery/two-brothers-chicken/qHmIiamURsy7tgojsiXY3g,triangle-virginia
https://www.ubereats.com/washington-dc/food-delivery/duck-donuts-15101-potomac-town-pl/3llKlKzESyS1hUXbu8m4sg,triangle-virginia
https://www.ubereats.com/washington-dc/food-delivery/firebirds-wood-fired-grill-15100-potomac-town-pl/Kq8yv7jeT6qtn6SZSHbN6w,triangle-virginia
https://www.ubereats.com/washington-dc/food-delivery/wendys-4461-cheshire-station-way/9aqL7qClT2SWTA6YrLZdRQ,triangle-virginia
https://www.ubereats.com/washington-dc/food-delivery/paddys-steakhouse/ZvQj4FyxTFSxOxD0RH58jw,triangle-virginia
https://www.ubereats.com/washington-dc/food-delivery/california-chicken-wings/x6xE9iLTT2WrVi0cDOngIQ,triangle-virginia
https://www.ubereats.com/washington-dc/food-delivery/moes-southwest-grill-1495-stafford-market-place/vkSa1kdaQvySf-nPKmUdmA,triangle-virginia
https://www.ubereats.com/washington-dc/food-delivery/nandos-peri-peri-15001-potomac-town-place-%23150/yBadxBoDQo2Mdu_VZPLHOg,triangle-virginia
https://www.ubereats.com/washington-dc/food-delivery/ihop-3914-fettler-park-drive/DfAJFjZOS0mwCiZ6sCCGGA,triangle-virginia
https://www.ubereats.com/washington-dc/food-delivery/soul-cakes-by-tanya/G7xyFoSXRumlFfiBaqDPxw,triangle-virginia
https://www.ubereats.com/washington-dc/food-delivery/papa-johns-18085-triangle-plaza/AGu49cbvSS6uCQuM2tFDtw,triangle-virginia
https://www.ubereats.com/washington-dc/food-delivery/la-bendicion/IY6wKHN7SjaOpei6erUQQA,triangle-virginia
https://www.ubereats.com/washington-dc/food-delivery/pancho-villa-mexican-restaurant/KqZx7pl7QXe2bQoZVNcQbg,triangle-virginia
https://www.ubereats.com/washington-dc/food-delivery/hajaras-kitchen-%26-suya-supply/wCaH8nzDSQ-iU2mRQRcnlQ,triangle-virginia
https://www.ubereats.com/washington-dc/food-delivery/ruby-tuesday-2844-jefferson-davis-highway/_2sIQDqVQ4CXR-dc3nRxvw,triangle-virginia
https://www.ubereats.com/washington-dc/food-delivery/charleys-philly-steaks-2700-potomac-mills-cir/VQbQJYL1Q9C4V_9TVwV2cA,triangle-virginia
https://www.ubereats.com/washington-dc/food-delivery/jins-garden-chinese/kB10M9nNTluFEv7jO_1_qA,triangle-virginia
https://www.ubereats.com/washington-dc/food-delivery/tims-rivershore-restaurant-dumfries/DP-XlfGDTYKvcGb53e1z9w,triangle-virginia
https://www.ubereats.com/washington-dc/food-delivery/betanya-ethiopian-market-%26-cafe/eeXxfOorQlaqOAQb9EdKgA,triangle-virginia
https://www.ubereats.com/washington-dc/food-delivery/buffalo-wild-wings-1050-market-pl/RUSXHTRPRBWm0wbJrK_HyA,triangle-virginia
https://www.ubereats.com/washington-dc/food-delivery/stafford-kabob-room/qGAkw4uhSAOV8S87Z_UofQ,triangle-virginia
https://www.ubereats.com/washington-dc/food-delivery/little-taipei/UsM1iOMsSeuW9yfjhnE29A,triangle-virginia
https://www.ubereats.com/washington-dc/food-delivery/silver-diner-potomac-mills/yfnq7n_jSB6wljXhLel0dQ,triangle-virginia
https://www.ubereats.com/washington-dc/food-delivery/starbucks-dumfries/DOZhWooMQBmhmTL0MsuGaQ,triangle-virginia
https://www.ubereats.com/washington-dc/food-delivery/fengs-garden-dumfries/nrlUqvcyRWGlXt9yRj7Zag,triangle-virginia
https://www.ubereats.com/washington-dc/food-delivery/taco-bell-4248-dale-blvd/KrXDq7A5QfKTKT-otWHVLw,triangle-virginia
https://www.ubereats.com/washington-dc/food-delivery/anns-lobster-rolls/bG3Icux5TteNd5ACRed2Vw,triangle-virginia
https://www.ubereats.com/washington-dc/food-delivery/kfc-17450-jefferson-davis-hwy/cnEoVQHNRmKB9qfSXyrBBQ,triangle-virginia
https://www.ubereats.com/washington-dc/food-delivery/montclair-chinese-cuisine/sK-4FLmrSuaRCmR-cUl74A,triangle-virginia
https://www.ubereats.com/washington-dc/food-delivery/wendys-145-garrisonville-road/YSK4X1u4TOShifQHgGhwlQ,triangle-virginia
https://www.ubereats.com/washington-dc/food-delivery/auntie-annes-2700-potomac-mills-cir-ste-800-va-129/lYcLN1IeTqq2J-WJXAt_Aw,triangle-virginia
https://www.ubereats.com/washington-dc/food-delivery/wawa-680-15809-jefferson-davis-hwy/6YG3s27GTB2vNKWKluqX_Q,triangle-virginia
https://www.ubereats.com/washington-dc/food-delivery/subway-17317-jefferson-davis-hwy/dL3ygFFoSnGKWZUAOC_3qw,triangle-virginia
https://www.ubereats.com/washington-dc/food-delivery/panaderia-emanuel-bakery-%26-cafe/TYWzZs3CTM-UAYlFy0z1uQ,triangle-virginia
https://www.ubereats.com/washington-dc/food-delivery/chipotle-mexican-grill-1926-daniel-stuart-sq/9H7vac3hT325d_htkR18Dg,triangle-virginia
https://www.ubereats.com/washington-dc/food-delivery/famous-daves-2430-prince-william/wd9dB5ExRYOQ4nZQX4Ad5w,triangle-virginia
https://www.ubereats.com/washington-dc/food-delivery/americas-best-wings-315-garrisonville/QYJdbRC6Ti613_bcDlHBEw,triangle-virginia
https://www.ubereats.com/washington-dc/food-delivery/el-tropico-restaurant/nNN73OnmTqCXBtnU3dgSbA,triangle-virginia
https://www.ubereats.com/washington-dc/food-delivery/klebers-restaurant/DcRyh1frTI-fO-wisVRDxg,triangle-virginia
https://www.ubereats.com/washington-dc/food-delivery/asian-pan-3974-fettler-park-dr/j6WpnE7zSUiiaONVg_HQqA,triangle-virginia
https://www.ubereats.com/washington-dc/food-delivery/outback-steakhouse-14580-potomac-mills-road/c6M7QAutT4OuqZeNWfFhtQ,triangle-virginia
https://www.ubereats.com/washington-dc/food-delivery/kokee-tea-2/wwhzR2I3S7miu2q4zab7_Q,triangle-virginia
https://www.ubereats.com/washington-dc/food-delivery/subway-3958-fettler-park-dr/wPyBvxeyQteFs4yRznySbg,triangle-virginia
https://www.ubereats.com/washington-dc/food-delivery/bar-louie-stonebridge/D4oO3QnDQRK5zO48T9weTA,triangle-virginia
https://www.ubereats.com/washington-dc/food-delivery/guapos-restaurant-woodbridge-va/6qzGeFx1RrCjh1ygXsKNbg,triangle-virginia
https://www.ubereats.com/washington-dc/food-delivery/tropical-smoothie-cafe-quantico-center/6nfUX29-Rx-dNU2PDEw2Tg,triangle-virginia
https://www.ubereats.com/washington-dc/food-delivery/juicy-claw/_aRa5VIqRCWHNElMhh-CSQ,triangle-virginia
https://www.ubereats.com/washington-dc/food-delivery/bonchon-chicken-14563-potomac-mills-rd/9vwivRA6Qzydp1A4MnV4Bg,triangle-virginia
https://www.ubereats.com/washington-dc/food-delivery/el-tucan/rr8elaNPSh-yt4xvfhEtSA,triangle-virginia
https://www.ubereats.com/washington-dc/food-delivery/tropical-smoothie-cafe-2701-neabsco-common-place-unit-%23128/Jw4mNdw1TXGR6NNiPM_Nvg,triangle-virginia
https://www.ubereats.com/washington-dc/food-delivery/dixie-bones-bbq-woodbridge/CtW7J0s6QHuqT2hJ8NkfEQ,triangle-virginia
https://www.ubereats.com/washington-dc/food-delivery/koi-tea/fFzKTI5pSiOMd2fY8paASw,triangle-virginia
https://www.ubereats.com/washington-dc/food-delivery/almitas-mexican-restaurant/oyy1j4_PQ3mWI-hIiKUsvQ,triangle-virginia
https://www.ubereats.com/washington-dc/food-delivery/burger-king-16551-riverridge-boulevard/gitRf_QcSriQ64FuMfhTMw,triangle-virginia
https://www.ubereats.com/washington-dc/food-delivery/nc-ribs-on-wheels/DUI-qFu7Sna9cr2ZGIZlAw,triangle-virginia
https://www.ubereats.com/washington-dc/food-delivery/kabob-zone/NLx1zAHkQqqsFOtI9pkxWA,triangle-virginia
https://www.ubereats.com/washington-dc/food-delivery/dunkin-17020-jefferson-davis-highway/fkPJqSHoSKyNmItnnikDLg,triangle-virginia
https://www.ubereats.com/washington-dc/food-delivery/starbucks-stafford-marketplace/Ggah36RSR76GajSMv7t5QA,triangle-virginia
https://www.ubereats.com/washington-dc/food-delivery/salsas-mex-grill/7fxBwIgFS8-UGZKMlllwzA,triangle-virginia
https://www.ubereats.com/washington-dc/food-delivery/wendys-14493-gideon-dr/9tk0IpcRSECCnKG5KM1xLA,triangle-virginia
https://www.ubereats.com/washington-dc/food-delivery/five-guys-va-0018-1515-stafford-market-pl/mWqpElDqRFWPh7jz2rHPiw,triangle-virginia
https://www.ubereats.com/washington-dc/food-delivery/the-icing-baking-company/TNTHDIOWRmuZSFBZgZZP_w,triangle-virginia
https://www.ubereats.com/washington-dc/food-delivery/shahi-kabob/My62bHf0QZGXNeReErDfWg,triangle-virginia
https://www.ubereats.com/washington-dc/food-delivery/five-guys-va-0133-4226-fortuna-center-plaza/42AWC_JGTMCcUfq2zR4MFw,triangle-virginia
https://www.ubereats.com/washington-dc/food-delivery/dona-tere-restaurant/tPWdGi2wTLiv6CpK7d0r3g,triangle-virginia
https://www.ubereats.com/washington-dc/food-delivery/bob-evans-282-14490-smoketown-road/2gOUDFjsTdGJegd2_Xt7Yw,triangle-virginia
https://www.ubereats.com/washington-dc/food-delivery/ruby-tuesday-12721-marblestone-drive/ifrR7y-rSH-92ltfVra7Gw,triangle-virginia
https://www.ubereats.com/washington-dc/food-delivery/hooters-potomac-mills/YO7AxAnLSma6jKFnJk_gjQ,triangle-virginia
https://www.ubereats.com/washington-dc/food-delivery/hibachi-grill-sushi-seafood-buffet/arLc66v1R6uZ7nj8i8aSXw,triangle-virginia
https://www.ubereats.com/washington-dc/food-delivery/best-kabob-halal/3lxSlJQrQEypEFBR75Ii0A,triangle-virginia
https://www.ubereats.com/washington-dc/food-delivery/uncle-julios-rio-grande-cafe-woodbridge/6EZHCg9hQtGnw549mqeOjQ,triangle-virginia
https://www.ubereats.com/washington-dc/food-delivery/sbarro-2700-potomac-mills-circle/3rxQ3WAWSzeaiB2q1dn91w,triangle-virginia
https://www.ubereats.com/washington-dc/food-delivery/mcdonalds-14591-jefferson-davis-hwy/JwMnOlrzRO-MNhVxYO2fnw,triangle-virginia
https://www.ubereats.com/washington-dc/food-delivery/jazmin-tea-3934-fettler-park/VIS9QeZQTwqDdVWY2UFOKg,triangle-virginia
https://www.ubereats.com/washington-dc/food-delivery/taco-bell-172-dumfries-ave/c_0W6BGoQDyS_n03RWoGww,triangle-virginia
https://www.ubereats.com/washington-dc/food-delivery/vinnys-italian-grill-%26-pizzeria/IP3YBBFVSjS8OAamrgPn6g,triangle-virginia
https://www.ubereats.com/washington-dc/food-delivery/chipotle-mexican-grill-100-prosperity-ln-ste-101/oln_yNSgSnqsyG6VPrqhPw,triangle-virginia
https://www.ubereats.com/washington-dc/food-delivery/big-pps-pizza/ZkN0TSe0TGi5_VlO9F_wYA,triangle-virginia
https://www.ubereats.com/washington-dc/food-delivery/arepas-capitol-venezuelan-restaurant/SOirPfFmToKR1qrqffnAPQ,triangle-virginia
https://www.ubereats.com/washington-dc/food-delivery/taco-bell-255-garrisonville-rd/9UlS2AjUQxm2rKc_uXR30A,triangle-virginia
https://www.ubereats.com/washington-dc/food-delivery/sampan/K1eqElLsTBitLvDpVuF--w,triangle-virginia
https://www.ubereats.com/washington-dc/food-delivery/fo-japanese-bistro/hcF4aD_wQu-brUPXL1po_g,triangle-virginia
https://www.ubereats.com/washington-dc/food-delivery/pizza-bolis-woodbridge/3KnyB7M1RcSS9WT-NGyR4w,triangle-virginia
https://www.ubereats.com/washington-dc/food-delivery/chick-fil-a-3880-fettler-park-dr/1rCRtVdmS_6zlTGMI44AqA,triangle-virginia
https://www.ubereats.com/washington-dc/food-delivery/taco-bell-13880-shoppers-best-way/f52SYa8eT76M-kEGGlyXbA,triangle-virginia
https://www.ubereats.com/washington-dc/food-delivery/ihop-320-worth-ave/8DcDGhNCQr6SfYZp_bu0Qw,triangle-virginia
https://www.ubereats.com/washington-dc/food-delivery/wawa-697-105-garrisonville-rd/T2d3BjE3T8eXnZb3haYfcg,triangle-virginia
https://www.ubereats.com/washington-dc/food-delivery/brooklyn-pizza/HR9WFacITb2M6StoKElUPA,triangle-virginia
https://www.ubereats.com/washington-dc/food-delivery/wings-guys/wNC-WijrRGmYWa5YQNDzdw,triangle-virginia
https://www.ubereats.com/washington-dc/food-delivery/starbucks-stonebridge-at-potomac-town-center/GlQOq9CrSGWtkf9f1pI8eA,triangle-virginia
https://www.ubereats.com/washington-dc/food-delivery/chuck-e-cheese-14085-shoppers-best-way/KruAwDu4Qhy2U1sTr7AqdA,triangle-virginia
https://www.ubereats.com/washington-dc/food-delivery/brew-republic-bierwerks/8Z3H35LMRM--Z9xSURFxcA,triangle-virginia
https://www.ubereats.com/washington-dc/food-delivery/sultans-pizza-3934-fettler-park-dr/jRtWwFaJSiGyZCLjF1HEhQ,triangle-virginia
https://www.ubereats.com/washington-dc/food-delivery/szechuan-dlite/Rj79KhLATmGY13K3JfgSWA,triangle-virginia
https://www.ubereats.com/washington-dc/food-delivery/firehouse-subs-1465-stafford-market-place/d2h97HsKThKqfBxC79anEQ,triangle-virginia
https://www.ubereats.com/washington-dc/food-delivery/cracker-barrel-old-country-store-17115-dumfries-rd/6lxki1iuT22-YlY-NHW-nw,triangle-virginia
https://www.ubereats.com/washington-dc/food-delivery/dunkin-18021-main-st/RgnFlJMWThuoTPZMOazVbA,triangle-virginia
https://www.ubereats.com/washington-dc/food-delivery/outback-steakhouse-308-worth-avenue-suite-101/a__RNoKzRzCfCzuTmgnG2Q,triangle-virginia
https://www.ubereats.com/washington-dc/food-delivery/duck-donuts-1475-stafford-market-pl/EBVHbJZ-RUKiKwU0mnVZVw,triangle-virginia
https://www.ubereats.com/washington-dc/food-delivery/bob-evans-458-1020-stafford-market-place/3t_ihiNLS-ah_T-uPW2rHQ,triangle-virginia
https://www.ubereats.com/washington-dc/food-delivery/mirnas/ZGnhVNm8Ty27BrCOKKsggA,triangle-virginia
https://www.ubereats.com/washington-dc/food-delivery/on-the-border-2651-prince-william-pkwy/N1kGXWyVSXmLSC0f-R5CYA,triangle-virginia
https://www.ubereats.com/washington-dc/food-delivery/buffalo-wild-wings-14466-potomac-mills-rd/jFrcWLmRS7eC8RkT3-bfaA,triangle-virginia
https://www.ubereats.com/washington-dc/food-delivery/sushi-jin-next-door/OikuRR4wRrGncuDbzcRAUQ,triangle-virginia
https://www.ubereats.com/washington-dc/food-delivery/mcdonalds-18050-triangle-plaza/mZluzEujTyeGYhw2gefI7w,triangle-virginia
https://www.ubereats.com/washington-dc/food-delivery/jersey-mikes-subs-1495-stafford-market-place/BZRDhZt0TEa5mhKp7ii4Iw,triangle-virginia
https://www.ubereats.com/washington-dc/food-delivery/buffalo-phillys-daniel-stuart-sq/Ppa7TN7tRKyR0J9zx3qooQ,triangle-virginia
https://www.ubereats.com/washington-dc/food-delivery/red-robin-116-14090-worth-ave/_V-Re7LSSdyyFrj1fFj6dg,triangle-virginia
https://www.ubereats.com/washington-dc/food-delivery/skrimp-shack/8ddc2FOLSl2oO_Q6DBKD2w,triangle-virginia
https://www.ubereats.com/washington-dc/food-delivery/the-ice-cream-shop/CYSyDpSXQFanbz2rmUV9Ow,triangle-virginia
https://www.ubereats.com/washington-dc/food-delivery/panda-express-320-garrisonville-rd/FFrdNMlBRTWa3dC6erjgBQ,triangle-virginia
https://www.ubereats.com/washington-dc/food-delivery/sams-pizza-%26-subs/XrjlbaqfRq-_bKRQiucbew,triangle-virginia
https://www.ubereats.com/washington-dc/food-delivery/five-guys-va-0054-13580-foulger-square/GsCzWKaoQGmRcy__qk48jQ,triangle-virginia
https://www.ubereats.com/washington-dc/food-delivery/new-china-chinese-restaurant/fIjurfi8RlCXtXmSyE4ypA,triangle-virginia
https://www.ubereats.com/washington-dc/food-delivery/smokey-bones-woodbridge/ugMynn7lRNub88NRozpmHw,triangle-virginia
https://www.ubereats.com/washington-dc/food-delivery/als-buffalo-wings/_w49Qu4HQZS3MZH0ClrMnA,triangle-virginia
https://www.ubereats.com/washington-dc/food-delivery/buffalo-mos-tap-and-grill/MpnnX1sSQmK85d00ebpfOw,triangle-virginia
https://www.ubereats.com/washington-dc/food-delivery/mcdonalds-17340-dumfries-road/UJrqkEmOSuWOQxpew3RlLQ,triangle-virginia
