url,city
https://www.ubereats.com/tampa/food-delivery/starbucks-race-track-%26-nine-eagles/RvQJKoXaR6S6vzgV6OAr7A,trinity-florida
https://www.ubereats.com/tampa/food-delivery/dunkin-2409-us-highway-19/6mX1xqLfSWecnFbVcaIlbg,trinity-florida
https://www.ubereats.com/tampa/food-delivery/starbucks-us-19-%26-gulf-dr/xXcz3ZDcS1GB93r7Vn0Gfw,trinity-florida
https://www.ubereats.com/tampa/food-delivery/sorrento-sweets-port-richey/2UcR5FaqQ-CsCcWjlfFG2Q,trinity-florida
https://www.ubereats.com/tampa/food-delivery/stadium-restaurant/oEm_MI9ERaGMQ1vCjRkrQQ,trinity-florida
https://www.ubereats.com/tampa/food-delivery/sweeties/hBRuV2O2QlyyIlu4Famo3g,trinity-florida
https://www.ubereats.com/tampa/food-delivery/steak-n-shake-3046-little-road/nadvlhCkTLmIog2IIoqCEQ,trinity-florida
https://www.ubereats.com/tampa/food-delivery/dunkin-7635-state-road-%2354/I6tpcqqCQZq_SPhipJN9QA,trinity-florida
https://www.ubereats.com/tampa/food-delivery/the-ice-cream-palace/EJ2ArKjeQpmeinJbRKUmsA,trinity-florida
https://www.ubereats.com/tampa/food-delivery/subway-10900-st-rd-54/AaDZP21ET6u_vOA9NzNXmg,trinity-florida
https://www.ubereats.com/tampa/food-delivery/la-casa-della-pasta/vO2TcNmVR02EZ5HRuJrJew,trinity-florida
https://www.ubereats.com/tampa/food-delivery/little-greek-restaurant-new-port-richey-fl/E-uqSNbrQCKD6Pj7ZZMMSA,trinity-florida
https://www.ubereats.com/tampa/food-delivery/bawarchi-indian-cuisinepalm-harbor/HgnLfeJ1Sf-82VbO_KKm9w,trinity-florida
https://www.ubereats.com/tampa/food-delivery/subway-8745-state-road-54/yLgfzRsaSVWYMUJpknsOKw,trinity-florida
https://www.ubereats.com/tampa/food-delivery/johnny-rockets-citrus-park/MbUGJtgDTJuvZEkY234Xig,trinity-florida
https://www.ubereats.com/tampa/food-delivery/tijuana-flats-westchase/4Q-PmgSPQ0WYJiprPzfLDA,trinity-florida
https://www.ubereats.com/tampa/food-delivery/angelinas-station-deli-pizzeria/iPwWjVYaRa2wgB_m6Wn-sQ,trinity-florida
https://www.ubereats.com/tampa/food-delivery/marcos-pizza-corporate-center-dr-%26-fl-54/O3RXGXGRQFeLEH8xRlfZZg,trinity-florida
https://www.ubereats.com/tampa/food-delivery/arbys-40972-us-hwy-19-n/3lfDaduASi-6sFerLR1sgQ,trinity-florida
https://www.ubereats.com/tampa/food-delivery/topless-tacos/51rubYCnR_Wn_ZYS_tWPng,trinity-florida
https://www.ubereats.com/tampa/food-delivery/havana-dreamers-cafe/nCbQmS-yQ0CFj3QQE0gEfg,trinity-florida
https://www.ubereats.com/tampa/food-delivery/checkers-9014-state-road-52/MGpfVlaRTWGRpBrLOBEV-Q,trinity-florida
https://www.ubereats.com/tampa/food-delivery/maloneys-local-irish-pub-westchase/YmP1FXFeT9KZQq4u8n_IQg,trinity-florida
https://www.ubereats.com/tampa/food-delivery/mcdonalds-10727-sr-54/lpd1GEX7Tn2loZjOqrerYw,trinity-florida
https://www.ubereats.com/tampa/food-delivery/the-ice-cream-shop/1-STBfdOTMS54Had1gpLKQ,trinity-florida
https://www.ubereats.com/tampa/food-delivery/five-guys-fl-0221-10700-sr-54/pQSm_EnUQd-X4HMpHMfs9g,trinity-florida
https://www.ubereats.com/tampa/food-delivery/smallcakes-cupcakery-and-creamery-oldsmar/IoHzFiDuTHCpPUW5oycvqQ,trinity-florida
https://www.ubereats.com/tampa/food-delivery/burger-king-40565-us-highway-19-n/YQsZJZyMSWWXGphLGVY63A,trinity-florida
https://www.ubereats.com/tampa/food-delivery/checkers-8602-us-highway-19/6h8ZGImqRb-jV6ql_bJNwA,trinity-florida
https://www.ubereats.com/tampa/food-delivery/pizza-hut-6666-ridge-rd/AgoHrPwXR5G7DJdupPHzJA,trinity-florida
https://www.ubereats.com/tampa/food-delivery/holidays-market/HGQT0Sk_QVmwN6InjVvbig,trinity-florida
https://www.ubereats.com/tampa/food-delivery/china-gate/FhaGyaMkRz-qfJ_nJfSU1g,trinity-florida
https://www.ubereats.com/tampa/food-delivery/oishi-sushi-%26-thai/wrs-vXB_TseJz5EQN_AzNw,trinity-florida
https://www.ubereats.com/tampa/food-delivery/applebees-8537-little-road/Ne0joe7VRk2a7CwrkfvRzQ,trinity-florida
https://www.ubereats.com/tampa/food-delivery/hungry-howies-pizza-%26-subs-new-port-richey/FwCgZL9dSROTKh5VnssSEQ,trinity-florida
https://www.ubereats.com/tampa/food-delivery/holiday-subs-andpizza/ASQx7JV-QfG08dL8DPkYcQ,trinity-florida
https://www.ubereats.com/tampa/food-delivery/china-wok-palm-harbor/iVir7RBXQ--7K6GDzI7SXw,trinity-florida
https://www.ubereats.com/tampa/food-delivery/mcanthonys-fairway-pizza-too/qeJ9nDbUSQCoxs_5hZ1ZKg,trinity-florida
https://www.ubereats.com/tampa/food-delivery/papa-johns-4120-rowan-road/iHwiN8zoRB62609rkouT0A,trinity-florida
https://www.ubereats.com/tampa/food-delivery/outback-steakhouse-10860-state-road-54/po2ksS6-QtKE3Tj1vdyq_w,trinity-florida
https://www.ubereats.com/tampa/food-delivery/papas-subs/O64BEca6RBSCBa4ZOp27rQ,trinity-florida
https://www.ubereats.com/tampa/food-delivery/little-greek-linebaugh/hNjoCKFoTSCb6ohqzKRk2w,trinity-florida
https://www.ubereats.com/tampa/food-delivery/subway-13032-race-track-rd/Kz_eSsYSQI-zx_CUUDrx4A,trinity-florida
https://www.ubereats.com/tampa/food-delivery/wild-beans-cafe/gRFCKdcoTqOaXnkmUlR4sg,trinity-florida
https://www.ubereats.com/tampa/food-delivery/china-88/hUIbgWvERFS-Udc35LUq2g,trinity-florida
https://www.ubereats.com/tampa/food-delivery/olivias-subs-%26-pizza/owjMmrNCTU2_oU2zPm7MdQ,trinity-florida
https://www.ubereats.com/tampa/food-delivery/buffalo-wild-wings-10936-state-road-54/8FZSifjUTbeHHPD5HF0LCg,trinity-florida
https://www.ubereats.com/tampa/food-delivery/panda-express-3198-word-way/5kIiOH1ASvCbBf9gtO1fyg,trinity-florida
https://www.ubereats.com/tampa/food-delivery/san-jose-mexican-restaurante/yQdTFP73Ssa4hy0VixNEeA,trinity-florida
https://www.ubereats.com/tampa/food-delivery/sonic-6919-ridge-road/wPoaWSu5RKK5RAO3DJianQ,trinity-florida
https://www.ubereats.com/tampa/food-delivery/chick-fil-a-9040-state-road-54/93jJ7vjFQiacU__zBNQA0w,trinity-florida
https://www.ubereats.com/tampa/food-delivery/china-wok/eIioyn6IQVKPM8K1gRJp8w,trinity-florida
https://www.ubereats.com/tampa/food-delivery/koizi-endless-hibachi-%26-sushi-eatery-new-port-richey/35Vp338KQPKGmeDW9bwtXA,trinity-florida
https://www.ubereats.com/tampa/food-delivery/baileys-bar-%26-grill/p57XrbnpRUmWknyEIM9LDA,trinity-florida
https://www.ubereats.com/tampa/food-delivery/planet-smoothie-3947-van-dyke-rd/rCNNK2-DSXWoxxTPIBffUw,trinity-florida
https://www.ubereats.com/tampa/food-delivery/christos-restaurant/tXfrdJ3IQIKGDQJmbesBqQ,trinity-florida
https://www.ubereats.com/tampa/food-delivery/yogurtology-citrus-park/UWl2mE_eTWyb1leXKjb2Yw,trinity-florida
https://www.ubereats.com/tampa/food-delivery/jersey-mikes-subs-us-19-%26-e-tarpon-ave/qn_PkZldQZ6U4mXhD4FFGw,trinity-florida
https://www.ubereats.com/tampa/food-delivery/subway-1938-us-hwy-19/hP_7GOx_SsWTHLrdKb7EQQ,trinity-florida
https://www.ubereats.com/tampa/food-delivery/subway-8907-mitchell-blvd/6unMB9LtRwOquDOOzFXTWQ,trinity-florida
https://www.ubereats.com/tampa/food-delivery/plum-tomato-pizzeria/F-M3D6gXRZO39otXNPI2kg,trinity-florida
https://www.ubereats.com/tampa/food-delivery/dinos-subs-and-pizza/xNkARxL9Tmm0nOVzl28bAA,trinity-florida
https://www.ubereats.com/tampa/food-delivery/tropical-smoothie-cafe-40912-us-hwy-19-n/xCtIJ3vhRVGWTOTPPY36Kw,trinity-florida
https://www.ubereats.com/tampa/food-delivery/arbys-8301-little-rd/EXSQd5hlRs6yy4bg6l2ArA,trinity-florida
https://www.ubereats.com/tampa/food-delivery/andros-greek-grill-and-pan-pizza/yRNGisEaThGXLfnz3gD_Wg,trinity-florida
https://www.ubereats.com/tampa/food-delivery/china-house/ZNuaKS98Tge3PoOOjhYZFA,trinity-florida
https://www.ubereats.com/tampa/food-delivery/wendys-12496-state-road-54/e-6BaM_NR-iOjd-h-1rBww,trinity-florida
https://www.ubereats.com/tampa/food-delivery/roses-bistro-off-main-llc/4XaCbZ8STYW8y_AGDNaSdQ,trinity-florida
https://www.ubereats.com/tampa/food-delivery/krispy-krunchy-chicken-9247-little-rd/LIfyKYmcQ3yk5IgMEJ9baQ,trinity-florida
https://www.ubereats.com/tampa/food-delivery/village-inn-13001-race-track-road/MLa6aP_0Q2GVK20xRvhikw,trinity-florida
https://www.ubereats.com/tampa/food-delivery/pho-saigon-vietnamese-restaurant/hMvcGIDyT0u63Ld_8ox-Dw,trinity-florida
https://www.ubereats.com/tampa/food-delivery/mcdonalds-11367-ridge-rd/ZI3qZlh0SeeSkSmc4UMBPg,trinity-florida
https://www.ubereats.com/tampa/food-delivery/marinas-pizza/JkvIeRikQcGpyr5sFxSqWg,trinity-florida
https://www.ubereats.com/tampa/food-delivery/taco-bell-7605-fl-54/VdZDFgS9TeiW98D7UtS6dA,trinity-florida
https://www.ubereats.com/tampa/food-delivery/subway-7231-state-rd-54/T3Bnyo2fQ2aOdfVSpaPC2Q,trinity-florida
https://www.ubereats.com/tampa/food-delivery/umami-sushi/fbcZrzt7S7eE7whNFSvU9A,trinity-florida
https://www.ubereats.com/tampa/food-delivery/rodies-restaurant-%26-pancake/VLyW7NmqRj-1gf9cCugBDA,trinity-florida
https://www.ubereats.com/tampa/food-delivery/outback-steakhouse-31988-us-highway-19-north/qSbYVCfbSiKQOVDsE85N-A,trinity-florida
https://www.ubereats.com/tampa/food-delivery/thai-nana/KZRW6JM_TPKeMD1MmgMOYg,trinity-florida
https://www.ubereats.com/tampa/food-delivery/long-john-silvers/p41YoIuoTIeo5JJXXHbvhw,trinity-florida
https://www.ubereats.com/tampa/food-delivery/pit-boss-bar-b-q/HX9d5iS-Rr6IPcjB_4I_ag,trinity-florida
https://www.ubereats.com/tampa/food-delivery/currents/cs-EIRDcR5ecBp8fgo8U5Q,trinity-florida
https://www.ubereats.com/tampa/food-delivery/starbucks-sr-54-%26-little-rd/U_8Nyz07QPyAVcRCPFP8ZA,trinity-florida
https://www.ubereats.com/tampa/food-delivery/hellas-restaurant-%26-bakery/-KHzxXqRS0a62dK1XnJD2A,trinity-florida
https://www.ubereats.com/tampa/food-delivery/steak-n-shake-9116-us-hwy-19-north/42bn9DmlTVKFJY0a4_XeZQ,trinity-florida
https://www.ubereats.com/tampa/food-delivery/dunkin-13260-state-road-54/RjSURKYfQimonLPVLFDhqQ,trinity-florida
https://www.ubereats.com/tampa/food-delivery/olivias-wings/8thJymfARkmXdPerY6Oy1A,trinity-florida
https://www.ubereats.com/tampa/food-delivery/juans-mexican-grill/2H1SlB7aRKa9sNiGYcBubg,trinity-florida
https://www.ubereats.com/tampa/food-delivery/catch-twenty-three-westchase/SzmDRHE8Qwe7P3GwHlCIhw,trinity-florida
https://www.ubereats.com/tampa/food-delivery/pizza-hut-7213-county-road-54/6eXUsrwGQPK4EVZYjNsgHw,trinity-florida
https://www.ubereats.com/tampa/food-delivery/wawa-5334-12048-state-rd-54/QeQL7DHgQ32ZuMG4IqyVZA,trinity-florida
https://www.ubereats.com/tampa/food-delivery/shawarma-fusion/Wy8K9Q_STbSxXyBPohezEA,trinity-florida
https://www.ubereats.com/tampa/food-delivery/7044-bonefish-grill-10750-st-rd-54/tk5Jds4LTsSsdRBA5wgNfg,trinity-florida
https://www.ubereats.com/tampa/food-delivery/kfc-2039-us-hwy19/_Wy48tcPRiKSl9QkwZ5z-w,trinity-florida
https://www.ubereats.com/tampa/food-delivery/whiskey-joes-bayview-street/RfBSTsowSDigJtxGXf1_sA,trinity-florida
https://www.ubereats.com/tampa/food-delivery/bread-%26-butter-gourmet-deli/QXXgb7-HTOOmkFKsAWHKOA,trinity-florida
https://www.ubereats.com/tampa/food-delivery/starbucks-us-hwy-19-%26-e-tarpon-ave/pbrdq-LvSSipiioYzVpmPw,trinity-florida
https://www.ubereats.com/tampa/food-delivery/wawa-5181-1929-us-highway-19/MelvKqAxReqSj36rilX8WQ,trinity-florida
https://www.ubereats.com/tampa/food-delivery/the-crooked-wood/jWhShqHTRLKQkVfPwio_7w,trinity-florida
https://www.ubereats.com/tampa/food-delivery/dunkin-8406-little-rd/6IQNumONTnaTeaSZuPdJOw,trinity-florida
https://www.ubereats.com/tampa/food-delivery/taste-of-vegetarian/hKhDyn6eSaOuwVeCoDENRA,trinity-florida
https://www.ubereats.com/tampa/food-delivery/firehouse-subs-40545-us-hwy-19/ob_6vPLCTQyP2qvb5h5kgw,trinity-florida
https://www.ubereats.com/tampa/food-delivery/ichiban-sushi-asian-bistro/exINTyQ3SXK2zagK-V3Diw,trinity-florida
https://www.ubereats.com/tampa/food-delivery/royal-sushi-buffet/mJRpQM62Tz68OdbjG1uc6w,trinity-florida
https://www.ubereats.com/tampa/food-delivery/dunkin-17691-gunn-highway/3APlUFxaQdmCWZK_Xqpxrw,trinity-florida
https://www.ubereats.com/tampa/food-delivery/sofresh-westchase/_dmEuHXoQEqfb06AQZFkdg,trinity-florida
https://www.ubereats.com/tampa/food-delivery/pauls-deli/aH1j8anZSfi99YMMzk1XLw,trinity-florida
https://www.ubereats.com/tampa/food-delivery/arbys-10442-u-s-hwy-19/ul2r7WcXT9OZm6I37dSSyw,trinity-florida
https://www.ubereats.com/tampa/food-delivery/run-away-pizza/dI9PIHo5SjGDh9HxDSe9LQ,trinity-florida
https://www.ubereats.com/tampa/food-delivery/wing-heaven/NvcuYCvSTvib3qDS_J6rjw,trinity-florida
https://www.ubereats.com/tampa/food-delivery/westchase-bbq/Ovrt7YFARV2DCOgYe5obnQ,trinity-florida
https://www.ubereats.com/tampa/food-delivery/el-son-del-coqui/ms1IC5e9T-yhV9B2w50GYg,trinity-florida
https://www.ubereats.com/tampa/food-delivery/dunkin-40076-us-highway-19-n/qFuD5puWTf6cElnMtgLEnw,trinity-florida
https://www.ubereats.com/tampa/food-delivery/winghouse-of-new-port-richey/H2k707i4RSSLE9rpJ2bVIw,trinity-florida
https://www.ubereats.com/tampa/food-delivery/christos-family-restaurant/nWT-0VWzTQeweMkZuNm3dQ,trinity-florida
https://www.ubereats.com/tampa/food-delivery/kawa-japanese-steak-house/BV-29NK2T0udPwTCdP06Aw,trinity-florida
https://www.ubereats.com/tampa/food-delivery/hiros-tokyo-japanese-steakhousr/5Lk27r9_Qmm-QWxUmAh8oA,trinity-florida
https://www.ubereats.com/tampa/food-delivery/nabruzzi-trattoria-lutz/MwTGUIscTXyQoyNWX1RA-g,trinity-florida
https://www.ubereats.com/tampa/food-delivery/beef-o-bradys-new-port-richey/XWYSxuh2RHWTUZw0sSgz9w,trinity-florida
https://www.ubereats.com/tampa/food-delivery/hooters-treadway-dr-%26-bayview-st/heE67kJnQ8yIRjRLXQjVNQ,trinity-florida
https://www.ubereats.com/tampa/food-delivery/little-greek-trinity/rUQaIOU9SvOQoKW_xxj8RA,trinity-florida
https://www.ubereats.com/tampa/food-delivery/pizza-54/_tqeg02WQ7SrThtEBWTZug,trinity-florida
https://www.ubereats.com/tampa/food-delivery/dannys-sports-pub/7XMXKZNNQ8yNZoDZzXTmXw,trinity-florida
https://www.ubereats.com/tampa/food-delivery/la-paisita-market/5qxG4hLJQ0CI_3bHvlrbMg,trinity-florida
https://www.ubereats.com/tampa/food-delivery/slice-of-heaven-pizza-1366-us-19-alt/lW3CO8q3RiycfK_EekHl7A,trinity-florida
https://www.ubereats.com/tampa/food-delivery/dunkin-5421-little-rd-unit-100/e403xsnLQEWnm5xwdh9Tow,trinity-florida
https://www.ubereats.com/tampa/food-delivery/the-hungry-greek-land-o-lakes/4wcX0DFMSzykQdkb3KGYDg,trinity-florida
https://www.ubereats.com/tampa/food-delivery/kfc-taco-bell-tampa-rd/vFIFuo3ZQ1yC--mNRQAASw,trinity-florida
https://www.ubereats.com/tampa/food-delivery/schnikel-fritz-deli-new-port-richey/gn6Yjbw3SK-Aq-cKWafs6g,trinity-florida
https://www.ubereats.com/tampa/food-delivery/bob-evans-134-9115-us-highway-19/TSRgU7BLRKiPc2XQPR3pkA,trinity-florida
https://www.ubereats.com/tampa/food-delivery/dunkin-8419-us-highway-19/eWgfqYNQQz2gJF3WZa9NSw,trinity-florida
https://www.ubereats.com/tampa/food-delivery/johnny-grits/U3SrfmSHRQm3npwXm0CmTw,trinity-florida
https://www.ubereats.com/tampa/food-delivery/taco-bell-40976-us-highway-19-north/mMKgkvCdS_mR6DI_Jiuu4g,trinity-florida
https://www.ubereats.com/tampa/food-delivery/leos-italian-grill/cq82wbt_Tc-aoTgVr-O3UQ,trinity-florida
https://www.ubereats.com/tampa/food-delivery/chipotle-mexican-grill-3286-word-way/-0TVenacQ5C8QcoS_m9TXA,trinity-florida
https://www.ubereats.com/tampa/food-delivery/saki-endless-sushi-%26-hibachi-eatery-palm-harbor/h5019lSlRIm_5donLUi1NA,trinity-florida
https://www.ubereats.com/tampa/food-delivery/amicis-pizza-2/wOxQGKmNSBS_uw5Id1e2jQ,trinity-florida
https://www.ubereats.com/tampa/food-delivery/chicken-salad-chick-lutz/WgDNXfwqSP-e4wGbIt1JSw,trinity-florida
https://www.ubereats.com/tampa/food-delivery/vettures-pizzeria-and-restaurant/MT6IVp7QQrWevy6q8d6UzA,trinity-florida
https://www.ubereats.com/tampa/food-delivery/glory-days-grill-palm-harbor/YZEysSD3QlahlQThXapUrA,trinity-florida
https://www.ubereats.com/tampa/food-delivery/firehouse-subs-new-port-richey/sF__RRcfRs6H3zZbeAAuqg,trinity-florida
https://www.ubereats.com/tampa/food-delivery/sonnys-bbq-new-port-richey/Kg5MxLp5QOau-N1ADRaVeQ,trinity-florida
https://www.ubereats.com/tampa/food-delivery/mcdonalds-5309-ushy-19s/fVg9g2_fTdGJIbcoqFpC4Q,trinity-florida
https://www.ubereats.com/tampa/food-delivery/burger-king-9010-u-s-hwy-19-north/0pgTEo73RbmEK4E6vNRGAQ,trinity-florida
https://www.ubereats.com/tampa/food-delivery/bahama-bucks-851-s-pinellas-ave/Wu5QzYA2RC2zrybC_19odA,trinity-florida
https://www.ubereats.com/tampa/food-delivery/louis-pappas-market-cafe-731-wesley-ave/GEBb_zcMTRygeRiLmJEEwQ,trinity-florida
https://www.ubereats.com/tampa/food-delivery/chicken-salad-chick/K8CUWRIlSH-6HG0WkwxaWw,trinity-florida
https://www.ubereats.com/tampa/food-delivery/costas-restaurant/VWQmTJeXToK1bge7SH0M8g,trinity-florida
https://www.ubereats.com/tampa/food-delivery/ihop-4736-us-highway-19/brtyvI3yTeuynHh9DvInww,trinity-florida
https://www.ubereats.com/tampa/food-delivery/shogun-japanese-restaurant/3NfUXXnASmWn46o7AaRzxA,trinity-florida
https://www.ubereats.com/tampa/food-delivery/stix-billiards-palm-harbor/0nSfQ7BbTxKWzJ7Frfs1HQ,trinity-florida
https://www.ubereats.com/tampa/food-delivery/kfc-taco-bell-4312-us-highway-19/I7AyXCCKRv6lCBdAnxfcSQ,trinity-florida
https://www.ubereats.com/tampa/food-delivery/zaxbys-11300-ridge-rd/1qSpYI6qRI28pWayFCrIWA,trinity-florida
https://www.ubereats.com/tampa/food-delivery/blaze-pizza-3194-word-way-suite-h-3/PyquewrFTFapqzRiBdM0Ow,trinity-florida
https://www.ubereats.com/tampa/food-delivery/mcdonalds-2909-ushy-19-n/wxOzuKumT_yW4IXVEFZlag,trinity-florida
https://www.ubereats.com/tampa/food-delivery/checkers-1501-us-highway-19/bN8_DBzRQNC6AHZfIDftwA,trinity-florida
https://www.ubereats.com/tampa/food-delivery/jersey-mikes-subs-new-port-richey-8263-little-road/ES_zN4O4T0SCFo9oB_oPDA,trinity-florida
https://www.ubereats.com/tampa/food-delivery/the-ultimate-salad-house-new-port-richey/2vERtHWGQD6t7ucRcNfBoA,trinity-florida
https://www.ubereats.com/tampa/food-delivery/arbys-7125-state-road-54/93WmOMdTTXWFbqoIK7Hu3w,trinity-florida
https://www.ubereats.com/tampa/food-delivery/honey-baked-ham-8637-us-highway-19/ptSnIkseROKSnrxD7rQWOw,trinity-florida
https://www.ubereats.com/tampa/food-delivery/carmelitas-mexican-restaurant-new-port-richey/aaynszZlSmWXyDxIYqa0CA,trinity-florida
https://www.ubereats.com/tampa/food-delivery/moes-southwest-grill-6628/dOWZq4LzQA6vY8TudY5BIg,trinity-florida
https://www.ubereats.com/tampa/food-delivery/burger-king-11902-state-road-54/bMoFRwTsRbeNOEncy0lvdg,trinity-florida
https://www.ubereats.com/tampa/food-delivery/wendys-4240-us-hwy-19-south/kAmU33LNTue1Dh5uej8vjw,trinity-florida
https://www.ubereats.com/tampa/food-delivery/taco-bell-17884-aprile-dr/nfUuuhqwQ3O8TeItuTA0cw,trinity-florida
https://www.ubereats.com/tampa/food-delivery/mcdonalds-8527-us-19-n/_gI6D3-oQ6aZ6fSHlOrGzg,trinity-florida
https://www.ubereats.com/tampa/food-delivery/jersey-mikes-fl-54-%26-duck-slough-blvd/21iwckl8RHuzUitUz1viyQ,trinity-florida
https://www.ubereats.com/tampa/food-delivery/menchies-frozen-yogurt-3280-word-way/YGoSXM1GSbK2d-0goMdX9A,trinity-florida
https://www.ubereats.com/tampa/food-delivery/ihop-10740-fl-54/uvjdwicETFqC5YaVU_4vzQ,trinity-florida
https://www.ubereats.com/tampa/food-delivery/brix-33-fine-wines-and-bistro/T80X9M6OSCCkA0QnkCUvdQ,trinity-florida
https://www.ubereats.com/tampa/food-delivery/3-brothers-pizza/7rFtA7kPRyOfmWVbDGOmIg,trinity-florida
https://www.ubereats.com/tampa/food-delivery/krispy-krunchy-chicken-4015-little-rd/6imIHJPhRMGjhi_8WIkxaQ,trinity-florida
https://www.ubereats.com/tampa/food-delivery/dunkin-1143-s-pinellas-ave/EgoQ17nZS4Gv7ZPl6Mejrg,trinity-florida
https://www.ubereats.com/tampa/food-delivery/a%26w-all-american-food-8539-us-highway-19/36gLyFAsTSaDUpWh0thU8g,trinity-florida
https://www.ubereats.com/tampa/food-delivery/hungry-howies-pizza-3780-tampa-rd/JTQ42YUARxafW076HWIMjw,trinity-florida
https://www.ubereats.com/tampa/food-delivery/green-market-cafe-oldsmar/QNtAkLlyQrquPzk5bIeNAQ,trinity-florida
https://www.ubereats.com/tampa/food-delivery/cracker-barrel-old-country-store-5341-us-highway-19/WfwRaYwETJm58h13QaphYg,trinity-florida
https://www.ubereats.com/tampa/food-delivery/penguin-pretzels/h5_OyUURR-iFpvg-eGLxSA,trinity-florida
https://www.ubereats.com/tampa/food-delivery/kfc-taco-bell-new-port-richey/gC1giOb9SMSOm2jB-MCu1A,trinity-florida
https://www.ubereats.com/tampa/food-delivery/cuban-foodies/WO2DtUYaSRmb5HqctLtU5A,trinity-florida
https://www.ubereats.com/tampa/food-delivery/davidsons-dockside/zPV5JRn9RdSMkRhcnkGyjA,trinity-florida
https://www.ubereats.com/tampa/food-delivery/grain-and-berry-trinity/OSg3VhzOQTCyky1KyEQqbg,trinity-florida
https://www.ubereats.com/tampa/food-delivery/pepes-latin-cafe/TGuaV0ZXTdyjWMNiv7eS0Q,trinity-florida
https://www.ubereats.com/tampa/food-delivery/burger-king-3444-us-highway-19/ZgtflTZ-RYWtQd1djOsqCQ,trinity-florida
https://www.ubereats.com/tampa/food-delivery/tuscan-sun-italian-bistro/JxwD4zJ_QKukRBCu0_nFbQ,trinity-florida
https://www.ubereats.com/tampa/food-delivery/cold-stone-creamery-and-rocky-mountain-chocolate-22008/U6k0Czz9SG2-LuhQrimjcQ,trinity-florida
https://www.ubereats.com/tampa/food-delivery/pizza-chef/qvZsHLCITfugZ1zksISy9g,trinity-florida
https://www.ubereats.com/tampa/food-delivery/mothers-restaurant-llc/VFj097OvSimKrDawu03smg,trinity-florida
https://www.ubereats.com/tampa/food-delivery/central-park-family-restaurant/M7gYkfzAQiWdN-Vao6yTug,trinity-florida
https://www.ubereats.com/tampa/food-delivery/burgerfi-trinity/rdcuvKUAS3WbNtWZyAcONw,trinity-florida
https://www.ubereats.com/tampa/food-delivery/westshore-pizza-viii/yIi7LeHXQummWLz01eHpFQ,trinity-florida
https://www.ubereats.com/tampa/food-delivery/daybreak-cafe/n3_UZ8UXRcm69luN6ojD_Q,trinity-florida
https://www.ubereats.com/tampa/food-delivery/organic-life/QGI0am0sTmqkL9hpgjtlVw,trinity-florida
https://www.ubereats.com/tampa/food-delivery/smokey-bones-citrus-park/AuU2ixo4SfaschFctiFSXw,trinity-florida
https://www.ubereats.com/tampa/food-delivery/osaka-express/7duHgUVQRJ-tV4C136gS6g,trinity-florida
https://www.ubereats.com/tampa/food-delivery/jersey-mikes-tampa-rd-%26-pine-ave/mrU6cvKvQDKd69j2N71y7g,trinity-florida
https://www.ubereats.com/tampa/food-delivery/whiskey-river-sports-bar-%26-grill/bEZl15FKRHuzbnELcFzUDQ,trinity-florida
https://www.ubereats.com/tampa/food-delivery/grand-plaza-cafe/H7WA02K-TsSW88to3Rkn5g,trinity-florida
https://www.ubereats.com/tampa/food-delivery/la-primera/76weymycTvqYvmDgXcfHCw,trinity-florida
https://www.ubereats.com/tampa/food-delivery/kfc-palm-harbor/h-rGpUkVTH-CuZRV8A4jLg,trinity-florida
https://www.ubereats.com/tampa/food-delivery/surf-shack-coastal-kitchen-tampa/3K6QnXaqSx2AFD4jcxFhuA,trinity-florida
https://www.ubereats.com/tampa/food-delivery/subs-and-wraps/vitDEPQPTHmynCtGU0v8Kg,trinity-florida
https://www.ubereats.com/tampa/food-delivery/ihop-30200-us-highway-19-n/peXmnvKES0yVkqCZhEtdWA,trinity-florida
https://www.ubereats.com/tampa/food-delivery/trinity-seafood-market/7DIqOj_XTau0xUeuD0a25w,trinity-florida
https://www.ubereats.com/tampa/food-delivery/ruby-tuesday-8512-ridge-rd/Qtsa841VTHm51ake5D5-aw,trinity-florida
https://www.ubereats.com/tampa/food-delivery/the-hungry-greek-race-track/ef3iUVPpTdKkbPSXeUx3-Q,trinity-florida
https://www.ubereats.com/tampa/food-delivery/the-ice-cream-shop/1K5CUJ4ATdaHDIFZmZpZQw,trinity-florida
https://www.ubereats.com/tampa/food-delivery/gyro-king/GHK3lWyBTbKK3iGc7HipAA,trinity-florida
https://www.ubereats.com/tampa/food-delivery/moes-southwest-grill-6625/KHPEYStMQ7qyWT8c4sEmbw,trinity-florida
https://www.ubereats.com/tampa/food-delivery/topless-tacos-and-more-holiday/jQtsKYe9RvuTwHaMjs2qNg,trinity-florida
https://www.ubereats.com/tampa/food-delivery/angelos-italian-restaurant/zRew3BkfS6ywA7oOFYJzIQ,trinity-florida
https://www.ubereats.com/tampa/food-delivery/gyro-king-jr/uewWzjKcRKqituOLoTmXjQ,trinity-florida
https://www.ubereats.com/tampa/food-delivery/burger-king-3063-disciple-lane/jroP7CHkQfuXxmdp9Vbkvw,trinity-florida
https://www.ubereats.com/tampa/food-delivery/glory-days-grill-odessa/Aoaafv50Tn2QPOydlGhC4Q,trinity-florida
https://www.ubereats.com/tampa/food-delivery/spice-kitchen/UMXmiAXaRi-r0XJFWpdAEw,trinity-florida
https://www.ubereats.com/tampa/food-delivery/beef-o-bradys-citrus-park/CbI2sgBNS4i_wrYaYClpFg,trinity-florida
https://www.ubereats.com/tampa/food-delivery/gill-dawg/C06PoRHCSp-E5gM8hcfnvA,trinity-florida
https://www.ubereats.com/tampa/food-delivery/sweet-southern-heat-bbq/EhgSjXbaTFa7anUjjF5hAg,trinity-florida
https://www.ubereats.com/tampa/food-delivery/toast-new-port-richey/sqapSDi0QUGYzKv6L0aInQ,trinity-florida
https://www.ubereats.com/tampa/food-delivery/panera-3234-little-road/IovKy38JRAeA8uo__6XTAw,trinity-florida
https://www.ubereats.com/tampa/food-delivery/sip-85/_DzynFt-TSufJLalRf0SEA,trinity-florida
https://www.ubereats.com/tampa/food-delivery/tijuana-flats-trinity/NLXVaU5lQ4O2HlnpApM1Yg,trinity-florida
https://www.ubereats.com/tampa/food-delivery/nekter-juice-bar/bRutuIi9RpeyFf_sMTjLKQ,trinity-florida
https://www.ubereats.com/tampa/food-delivery/chipotle-mexican-grill-9203-us-highway-19/S-m4lO_0RRuZlIiDQot1Mw,trinity-florida
https://www.ubereats.com/tampa/food-delivery/new-china-ii/YMVVP-S9RLuHjWK7owRIEA,trinity-florida
https://www.ubereats.com/tampa/food-delivery/wendys-912-e-tarpon-ave/7LZUmuJxQKmcdCGtZSM4wg,trinity-florida
https://www.ubereats.com/tampa/food-delivery/wendys-7605-state-road-54/5f1uhBydSx-IsqTd8VyLfg,trinity-florida
https://www.ubereats.com/tampa/food-delivery/zen-bistro-grill-%2B-sushi-citrus-park/Wc52EVXQQOGwxwMEGr66JQ,trinity-florida
https://www.ubereats.com/tampa/food-delivery/capital-tacos-new-port-richey/zq8fom3NSZ253O8U4JsOWQ,trinity-florida
https://www.ubereats.com/tampa/food-delivery/westshore-pizza-%26-cheesesteak-tarpon-springs/DBBfE4h9S1OvJOQ-ZhSRfQ,trinity-florida
https://www.ubereats.com/tampa/food-delivery/grandma-sallys/QMsSLyOQQFeUDJ_EelkVzg,trinity-florida
https://www.ubereats.com/tampa/food-delivery/dennys-4442-us-hwy-19-s/_uxEnmXhRmCS5pB0ez2iZw,trinity-florida
https://www.ubereats.com/tampa/food-delivery/taste-of-curry-fine-indian-%26-pakistani/43SN0p5dTFmRZOlWeIqu7Q,trinity-florida
https://www.ubereats.com/tampa/food-delivery/antonietti-pizzeria/QYPoCmPqQjqGW2rFGxx8ng,trinity-florida
https://www.ubereats.com/tampa/food-delivery/giant-bp-premium-deli/_8ZhwzADQYGWHV0boAD9Uw,trinity-florida
https://www.ubereats.com/tampa/food-delivery/flamestone-grill-new-port-richey/EgI3iTrdR2K6xviZiSQCrg,trinity-florida
https://www.ubereats.com/tampa/food-delivery/jon-smith-subs-lutz/v5Zve_NJR_GS_CwyCGFLwA,trinity-florida
https://www.ubereats.com/tampa/food-delivery/first-watch-trinity/VI_dmVbsTTyMAelrWJT0VA,trinity-florida
https://www.ubereats.com/tampa/food-delivery/sugardarling-cupcakes/RVXM3zk3SEmoUq7oUD_dhw,trinity-florida
https://www.ubereats.com/tampa/food-delivery/johnny-grits-southern-fresh/RiOLPwdDTdadjQ6T92FW8g,trinity-florida
https://www.ubereats.com/tampa/food-delivery/kytos-pastelitos/67lHbUbXSO6Tux9cusZ1Mw,trinity-florida
https://www.ubereats.com/tampa/food-delivery/a1-cafe/eloocvJXT2iLdd5mTBLtIg,trinity-florida
https://www.ubereats.com/tampa/food-delivery/papa-johns-8921-state-road-52/R59Bor-RTpmI1yCKTRmZ5g,trinity-florida
https://www.ubereats.com/tampa/food-delivery/fuel-bar-on-lime/1sWXJVYjRqmc6C2rEq8-zA,trinity-florida
https://www.ubereats.com/tampa/food-delivery/colombian-resturant-brisas-del-valle-%232/61hrrEnbRnKRqBt9rKtR7Q,trinity-florida
https://www.ubereats.com/tampa/food-delivery/jersey-mikes-subs-mitchell-ranch/5Z2nO4C8TG6xnjusw_hvVA,trinity-florida
https://www.ubereats.com/tampa/food-delivery/mamas-greek-cuisine/e-RFG_XlQyuKvcFvZWRPlA,trinity-florida
https://www.ubereats.com/tampa/food-delivery/jets-pizza-palm-harbor/u4g5-9gKREyQDNKL_LzGig,trinity-florida
https://www.ubereats.com/tampa/food-delivery/westshore-pizza-2926-little-rd/oa5V4_q7S0etTI1a_mVisg,trinity-florida
https://www.ubereats.com/tampa/food-delivery/topless-tacos-and-more-port-richey/uxyhzt88SXKhtSzLJhjpng,trinity-florida
https://www.ubereats.com/tampa/food-delivery/red-lobster-8909-us-19/5un_-tZqSr-6ahRqEflNJw,trinity-florida
https://www.ubereats.com/tampa/food-delivery/outback-steakhouse-11950-sheldon-road/IMjg0zSJQz-3JCAgVTmqsw,trinity-florida
https://www.ubereats.com/tampa/food-delivery/boulevard-family-restaurant/7B1oyMwRRMq1HwL-W0IHcQ,trinity-florida
https://www.ubereats.com/tampa/food-delivery/3-sisters-coffee/S8AIwB0LT0KYMyiU73D29g,trinity-florida
https://www.ubereats.com/tampa/food-delivery/panda-chinese-restaurant/YrHns2byRHG7L3GBkaBWDw,trinity-florida
https://www.ubereats.com/tampa/food-delivery/fish-bowl-kitchen/CaxdIfleQEu_sj3KqYpxUg,trinity-florida
https://www.ubereats.com/tampa/food-delivery/cw-noodle-bar/N5fkd0UHTDyB9C6sVczCew,trinity-florida
https://www.ubereats.com/tampa/food-delivery/chicken-salad-chick-35271-us-hwy-19-n/hqaOMBnXTXGELo5nfgkBhQ,trinity-florida
https://www.ubereats.com/tampa/food-delivery/east-main-street-coffee-%26-sandwich-shop/j66XTVcWTHWmumhjdTfYrw,trinity-florida
https://www.ubereats.com/tampa/food-delivery/china-1/tdPHEzj6QFuAuUlX6uhhfQ,trinity-florida
https://www.ubereats.com/tampa/food-delivery/catches-waterfront-grille/l2PQtNIxRZmoXYZ-DiVTVw,trinity-florida
https://www.ubereats.com/tampa/food-delivery/the-captains-boil-8512-ridge-rd/-vtWwfI-QreZMJLHjscMgg,trinity-florida
https://www.ubereats.com/tampa/food-delivery/super-china-chinese-restaurant/s_Qb2rHKSNObcOEwqvbijw,trinity-florida
https://www.ubereats.com/tampa/food-delivery/copenhagen-cafe/74StNJ4qQBCgKTo--2wztw,trinity-florida
https://www.ubereats.com/tampa/food-delivery/flat-top-subs-deli/vCTE5kifR_WBYQGRSrlSEw,trinity-florida
https://www.ubereats.com/tampa/food-delivery/apps-%26-tapps-sports-bar-%26-grill/S3lTAc2bQSae2RgQAR-dNQ,trinity-florida
https://www.ubereats.com/tampa/food-delivery/mcdonalds-8937-rancho-del-rio/7Mrc62TsTB2j3pxCS7Mo7g,trinity-florida
https://www.ubereats.com/tampa/food-delivery/dunkin-10829-state-road-54-ste-101/oLsGSfuFTZW-76VORpc4pg,trinity-florida
https://www.ubereats.com/tampa/food-delivery/fuel-up/m9c9eFm0T3CvZ1C0__KZYA,trinity-florida
https://www.ubereats.com/tampa/food-delivery/zenfinitea/uoc4v1ENTt2c5kHqlNrWpg,trinity-florida
https://www.ubereats.com/tampa/food-delivery/beef-o-bradys-ridge-plaza-new-port-richey/OMU4b8ORS16GSK9ukaS3sg,trinity-florida
https://www.ubereats.com/tampa/food-delivery/poke-falls/tGsacNtdR3yRaYHdQq76Rg,trinity-florida
https://www.ubereats.com/tampa/food-delivery/hungry-howies-7620-gunn-hwy/qkPf46M1ShOBSdxBpzTgUA,trinity-florida
https://www.ubereats.com/tampa/food-delivery/dairy-queen-grill-%26-chill-9200-little-rd/_T6zbeU6SaKBW-39Pg63Ag,trinity-florida
https://www.ubereats.com/tampa/food-delivery/taco-movil-mexican-food-truck-%232/w6Kp8vEWSm-gD8-Ejektmw,trinity-florida
https://www.ubereats.com/tampa/food-delivery/subway-1998-alt-19-s/vbORm7oUQZKaDSRAC8DaoA,trinity-florida
https://www.ubereats.com/tampa/food-delivery/wendys-8216-little-road/mvpAE4V3QSOtG93rva27tw,trinity-florida
https://www.ubereats.com/tampa/food-delivery/the-ice-cream-shop/TVytW6rGStOb6KS_80BTFw,trinity-florida
https://www.ubereats.com/tampa/food-delivery/cold-stone-creamery-palm-harbor/2NdNwxraQGKO57HWqy-E9A,trinity-florida
https://www.ubereats.com/tampa/food-delivery/menchies-frozen-yogurt-794-e-lake-rd/4phtXwUhRDuACa7RXmaPww,trinity-florida
https://www.ubereats.com/tampa/food-delivery/olive-the-world-bistro/EQyfJ7hyTSiIPXOdbj3-VA,trinity-florida
https://www.ubereats.com/tampa/food-delivery/tijuana-flats-oldsmar/wTOMiriRSQSAE413nGvyMg,trinity-florida
https://www.ubereats.com/tampa/food-delivery/thai-sweet-basil/BPpDBpnXRXCvF0Trse46YQ,trinity-florida
https://www.ubereats.com/tampa/food-delivery/grilled-cheese-kitchen/fc2f-RE9RayJRovzZ1QgZw,trinity-florida
https://www.ubereats.com/tampa/food-delivery/starbucks-sr-54-%26-suncoast-pkwy/WXcq8uTbTZynR4K0k_HUsA,trinity-florida
https://www.ubereats.com/tampa/food-delivery/china-dragon/NTpFetLQStef0yT3ACYlsg,trinity-florida
https://www.ubereats.com/tampa/food-delivery/pizza-hut-1955-alt-19-n/Dgs40NZNT66bkjME56BZzw,trinity-florida
https://www.ubereats.com/tampa/food-delivery/the-social-npr/FaQgp7BKTWCLjertlvA74Q,trinity-florida
https://www.ubereats.com/tampa/food-delivery/sweet-carolines-bakery-%26-cafe-palm-harbor/u-t_-oJ0QaiuVBNTZ9ALtg,trinity-florida
https://www.ubereats.com/tampa/food-delivery/spice-kitchen/IoY4SS7NT4qUxX8oZp-PqQ,trinity-florida
https://www.ubereats.com/tampa/food-delivery/taco-bell-10795-state-road-54/WJ6sxyIlRPuRyz2dCdcp_w,trinity-florida
https://www.ubereats.com/tampa/food-delivery/zen-forrest/MzxZkvKnT7uYS5_7xdoH7w,trinity-florida
https://www.ubereats.com/tampa/food-delivery/bunga-raya-restaurant-%26-sushi-bar/8LZ997RCTcu2cimDWgyBOA,trinity-florida
https://www.ubereats.com/tampa/food-delivery/the-ice-cream-shop/A0todwkjQGqbR7qzUArP3w,trinity-florida
https://www.ubereats.com/tampa/food-delivery/boston-market-33163-us-hwy-19-north/X5YW5XyaQJOG2ohlG2IvuQ,trinity-florida
https://www.ubereats.com/tampa/food-delivery/westchase-pizza-%26-pasta-co/YM31OtqiRwq-P64iOb2aOg,trinity-florida
https://www.ubereats.com/tampa/food-delivery/wawa-5109-8330-ridge-rd/6jHt71TES56ahiNyoJ0xlw,trinity-florida
https://www.ubereats.com/tampa/food-delivery/mozzinis-pizza-%26-wings/NtKRCdsaTq62HZScw4zGrQ,trinity-florida
https://www.ubereats.com/tampa/food-delivery/grain-and-berry-westchase/VSQCTBlBQyCW8XyVe6Wncg,trinity-florida
https://www.ubereats.com/tampa/food-delivery/subway-1957-n-pinellas-ave/RCHEgBenR8-Llt-JtNjI_Q,trinity-florida
https://www.ubereats.com/tampa/food-delivery/pdq-trinity-3154-disciple-lane/8LRyjWGbQpKZU6fj29m9yg,trinity-florida
https://www.ubereats.com/tampa/food-delivery/hungry-howies-palm-harbor/gy0BENpLT3iQacntHq1FCA,trinity-florida
https://www.ubereats.com/tampa/food-delivery/kfc-port-richey/m9DlNKk6RW-VdzE0MNsyQA,trinity-florida
https://www.ubereats.com/tampa/food-delivery/starbucks-sr-54-%26-trinity/ML9rP1QqQYe0eg1Pg0ebhg,trinity-florida
https://www.ubereats.com/tampa/food-delivery/starbucks-little-rd-%26-ranch-del-rio/XaB-G3S4S9KOhFeyq-tD9w,trinity-florida
https://www.ubereats.com/tampa/food-delivery/little-greek-palm-harbor/7ZeDR3hGRPa98YLfevJyDw,trinity-florida
https://www.ubereats.com/tampa/food-delivery/hardees-8407-us-highway-19/RrX65myHQnKO4oqnJuYZKQ,trinity-florida
https://www.ubereats.com/tampa/food-delivery/five-guys-fl-1566-300-east-lake-business/YDcdqgUDSyqMYk9I8SZ57A,trinity-florida
https://www.ubereats.com/tampa/food-delivery/dunkin-5524-us-highway-19/rq4dfAgoT5enpax7k0Y2tg,trinity-florida
https://www.ubereats.com/tampa/food-delivery/cuatro-lutz/Obi9PoUkQCmD-3_H7fS4Xw,trinity-florida
https://www.ubereats.com/tampa/food-delivery/mmmm-delicious-cupcakes/A3X_Ypy3QoKf74kD2NVLgg,trinity-florida
https://www.ubereats.com/tampa/food-delivery/la-alameda-mexican-restaurant/EkFk3tp_TM2Gh-XuWX_xKQ,trinity-florida
https://www.ubereats.com/tampa/food-delivery/hungry-howies-pizza-%26-subs/V4qfFY4oTDm_vE1Nb25k4Q,trinity-florida
https://www.ubereats.com/tampa/food-delivery/ar-french-pizzeria-%26-tavern/SoRKPBpYTau6rNpz95QK7A,trinity-florida
https://www.ubereats.com/tampa/food-delivery/tijuana-flats-lutz/YsDVTlqxSsiAteAMyoM3qA,trinity-florida
https://www.ubereats.com/tampa/food-delivery/taso-italiano/yCwNCqg6RvacjzKZekVG-A,trinity-florida
https://www.ubereats.com/tampa/food-delivery/bahama-bucks-8815-mitchell-blvd/JW-V3nGBSrSxPnqMl5W_NQ,trinity-florida
https://www.ubereats.com/tampa/food-delivery/munchies-cafe/EcHYNphBRV-QbhsOpQf7dA,trinity-florida
https://www.ubereats.com/tampa/food-delivery/vinny-ds-pizza-%26-soda/hM4QNgE1SC2MWSJcymgJcA,trinity-florida
https://www.ubereats.com/tampa/food-delivery/the-social/OIn2kunPSViJh-a2yP_L5Q,trinity-florida
https://www.ubereats.com/tampa/food-delivery/carrabbas-16525-pointe-village-drive/YTbgFxxBTwu3SqtYxzxh2w,trinity-florida
https://www.ubereats.com/tampa/food-delivery/the-bayou-cafe/6BUiQnkXTdWtJHgmB_Fppw,trinity-florida
https://www.ubereats.com/tampa/food-delivery/green-culture/YpbiEqdTSauuWG757s60Dw,trinity-florida
https://www.ubereats.com/tampa/food-delivery/taco-bell-8242-little-rd/ScFrV4HuTN-ch9or4c4Waw,trinity-florida
https://www.ubereats.com/tampa/food-delivery/discovery-indian-cuisine/owju1s_fTQWB3Y3ONBdgsw,trinity-florida
https://www.ubereats.com/tampa/food-delivery/checkers-7415-state-road-54/LTpMf6gPTBGxQPgaAryKRw,trinity-florida
https://www.ubereats.com/tampa/food-delivery/mcdonalds-7226-state-road-54/hhCmw946QSGl9l1twVhTWQ,trinity-florida
https://www.ubereats.com/tampa/food-delivery/mr-pastrami/iYb5SwsKSEarzg_-qpZRLg,trinity-florida
https://www.ubereats.com/tampa/food-delivery/winghouse-of-palm-harbor/CWczhvTWRYiRifO0lRQ5Rg,trinity-florida
https://www.ubereats.com/tampa/food-delivery/snappers-palm-harbor/L-7qNhznSmmpsZMY3jh4Fw,trinity-florida
https://www.ubereats.com/tampa/food-delivery/harold-seltzers-steakhouse-gulf-view-square/pOoAmpj7SMaCPmrxfXGV2Q,trinity-florida
https://www.ubereats.com/tampa/food-delivery/fresh-bites/rxotutXPSqKh0RV6xCSiVA,trinity-florida
