url,city
https://www.ubereats.com/connecticut/food-delivery/hunan-pan/dyUMU7FsTLS_uDOxzj_sog,trumbull-connecticut
https://www.ubereats.com/connecticut/food-delivery/shelton-kitchen/qliF8zU4QhOxAlRC5RBjww,trumbull-connecticut
https://www.ubereats.com/connecticut/food-delivery/bryac-restaurant-%26-raw-bar/LgCtJEBIQ7izVJn_ksxOkw,trumbull-connecticut
https://www.ubereats.com/connecticut/food-delivery/la-cabana/smdKwCF2RzifxzJ4kDolWQ,trumbull-connecticut
https://www.ubereats.com/connecticut/food-delivery/dunkin-4150-main-st/oq0RMRjWQBq8HFN1Sfa9Aw,trumbull-connecticut
https://www.ubereats.com/connecticut/food-delivery/julians-pizza-bar-%26-kitchen/qnwVhAi2RWi3AfxeRyZl1w,trumbull-connecticut
https://www.ubereats.com/connecticut/food-delivery/open-door-tea/dCB6RTdXT0yx8-JjROZYRQ,trumbull-connecticut
https://www.ubereats.com/connecticut/food-delivery/subway-494-bridgeport-ave/JnrhkjXRTYy6-X4PNyA2Jg,trumbull-connecticut
https://www.ubereats.com/connecticut/food-delivery/restaurante-cevicheria-sabor-peruano/qDtXrnrnRzKtzYmPhR0cdw,trumbull-connecticut
https://www.ubereats.com/connecticut/food-delivery/howells-jamaican-bakery-and-restaurant/BUtiPfrTQfCiuyhE7iktBQ,trumbull-connecticut
https://www.ubereats.com/connecticut/food-delivery/sitting-duck-tavern-stratford/WoJpPs0wQcWpwuhs1jUyRg,trumbull-connecticut
https://www.ubereats.com/connecticut/food-delivery/eddies-market/DxshBZKtSbKGSDhBwPir8A,trumbull-connecticut
https://www.ubereats.com/connecticut/food-delivery/paisanos-pizza/I9GlLNszQUGmJY0M3aZvMw,trumbull-connecticut
https://www.ubereats.com/connecticut/food-delivery/tacomida/Ewf9xTh0QcS9WVsgT-1sCA,trumbull-connecticut
https://www.ubereats.com/connecticut/food-delivery/roselyrestaurant/7B6MwKVxQPOEgpS0VFIxgA,trumbull-connecticut
https://www.ubereats.com/connecticut/food-delivery/old-post-tavern/Dh_E5SqwRAm5Ev-bcBW93w,trumbull-connecticut
https://www.ubereats.com/connecticut/food-delivery/el-paraiso-restaurant/zaIvF7U-ROC_KoT272y4uw,trumbull-connecticut
https://www.ubereats.com/connecticut/food-delivery/eat-noodle/HeRU6sMDTYWDymAuI29FDQ,trumbull-connecticut
https://www.ubereats.com/connecticut/food-delivery/bereket-turkish-cuisine/P827GNjJQZueEQK3SZ5N7A,trumbull-connecticut
https://www.ubereats.com/connecticut/food-delivery/blue-cactus-grill-fairfield/jpNoVA4KQsCYlEK2f4SOYw,trumbull-connecticut
https://www.ubereats.com/connecticut/food-delivery/the-bridge-house-restaurant/8MifXld4R6yxEOUqnHFteA,trumbull-connecticut
https://www.ubereats.com/connecticut/food-delivery/sbc-restaurant-%26-beer-bar-milford/fu12lPnOT4mt9MA8VU78cQ,trumbull-connecticut
https://www.ubereats.com/connecticut/food-delivery/dynasty/9faINtHGQKCxhS4Q2taoGQ,trumbull-connecticut
https://www.ubereats.com/connecticut/food-delivery/the-cinnabomb-mini-donut-factory-bridgeport/UQr79sRbTrSDpGxY0uJxOQ,trumbull-connecticut
https://www.ubereats.com/connecticut/food-delivery/duchess-restaurant-monroe/YbBN_B9qQu-zqgLhqMfehg,trumbull-connecticut
https://www.ubereats.com/connecticut/food-delivery/dannys-drive-in/THW0nhNXQX-84Mw0c91PEA,trumbull-connecticut
https://www.ubereats.com/connecticut/food-delivery/jrs-meatless-cuisine-and-juices/YiP8CpsiQmajWiWRWP9POA,trumbull-connecticut
https://www.ubereats.com/connecticut/food-delivery/kingston-kafe/X2J3rqn7QN6DLJyZCHI87A,trumbull-connecticut
https://www.ubereats.com/connecticut/food-delivery/pancheros-mexican-grill-704-bridgeport-ave/NUtks_cgSpS8dYtHsqn9sQ,trumbull-connecticut
https://www.ubereats.com/connecticut/food-delivery/pequonnock-deli-market/lIXIJvRVRz-saanSYl286w,trumbull-connecticut
https://www.ubereats.com/connecticut/food-delivery/the-snack-shop/wEg_m_KrRMaDKnaISSLubQ,trumbull-connecticut
https://www.ubereats.com/connecticut/food-delivery/krispy-krunchy-chicken-stratford/RK2x1msDRtKs4EZdcuKWdQ,trumbull-connecticut
https://www.ubereats.com/connecticut/food-delivery/crown-pizza/bLuLRbeaQFulJ3M3vRkgYg,trumbull-connecticut
https://www.ubereats.com/connecticut/food-delivery/moes-southwest-grill-derby/QnPC5ZpFRC2EczjNWeHVuQ,trumbull-connecticut
https://www.ubereats.com/connecticut/food-delivery/lets-wrap/wTWjn38JQW2s_Hniggnxtg,trumbull-connecticut
https://www.ubereats.com/connecticut/food-delivery/the-greeks/UvIAq4y1RJKwOMx6-M8Uag,trumbull-connecticut
https://www.ubereats.com/connecticut/food-delivery/a-bite-of-new-york-kitchen/6hTewd0KQeOJbXOV3qSJcg,trumbull-connecticut
https://www.ubereats.com/connecticut/food-delivery/krispy-krunchy-chicken-624-east-main-st/tnjT_uyCSHKX1-2LIyYtgA,trumbull-connecticut
https://www.ubereats.com/connecticut/food-delivery/devines-bagels/YpmX0i0CSiKakmXkDvjWwA,trumbull-connecticut
https://www.ubereats.com/connecticut/food-delivery/the-ice-cream-shop/5H3GhK9BSSWioKDDU_7O6Q,trumbull-connecticut
https://www.ubereats.com/connecticut/food-delivery/capital-pizza/fE2EoawCSS2blVxOsuBk_A,trumbull-connecticut
https://www.ubereats.com/connecticut/food-delivery/shu-restaurant-fairfield/eJytQsbhS_GevyrmDp1G0g,trumbull-connecticut
https://www.ubereats.com/connecticut/food-delivery/main-hing/bbXiUz42TsmMje6VGD39Bw,trumbull-connecticut
https://www.ubereats.com/connecticut/food-delivery/vazzys-osteria/tx5GQ74QSrWTiY8YuklJYw,trumbull-connecticut
https://www.ubereats.com/connecticut/food-delivery/mikes-pizza/iXI8p22QQSO44vY7RAbKjw,trumbull-connecticut
https://www.ubereats.com/connecticut/food-delivery/breeze-latin-fusion-cuisine/r4hwIMxDTfC51Q1IebPNDA,trumbull-connecticut
https://www.ubereats.com/connecticut/food-delivery/koi/7DCg_EoqQgGeQd7-wUxKjg,trumbull-connecticut
https://www.ubereats.com/connecticut/food-delivery/monroe-diner/BqUxiTieTyWS39c47snvMw,trumbull-connecticut
https://www.ubereats.com/connecticut/food-delivery/starbucks-trumbull/57422sP7TQKqW-ULIjDpZg,trumbull-connecticut
https://www.ubereats.com/connecticut/food-delivery/robertos-restaurant/6X98c_A0QOCNFtxd-lA1pg,trumbull-connecticut
https://www.ubereats.com/connecticut/food-delivery/metric-bar-%26-grill/jp7-1fZERrubB7iBmKZNxw,trumbull-connecticut
https://www.ubereats.com/connecticut/food-delivery/wayback-burgers-54-pershing-drive/V9BzB6-1SPW3YYyDtyLUJA,trumbull-connecticut
https://www.ubereats.com/connecticut/food-delivery/cuginos-pizzeria/6crh3jnaTm6iURdCQxxbfw,trumbull-connecticut
https://www.ubereats.com/connecticut/food-delivery/five-guys-ct-0600-823-bridgeport-ave/3SZ0MG9vSZKkbzD8hsPDWg,trumbull-connecticut
https://www.ubereats.com/connecticut/food-delivery/the-ice-cream-shop/vTdITzhxQOObQsNeSksgog,trumbull-connecticut
https://www.ubereats.com/connecticut/food-delivery/laylas-falafel-fairfield/4J9IRr__RpWNBNWeaCnXAw,trumbull-connecticut
https://www.ubereats.com/connecticut/food-delivery/malibu-taco/CLRy5P3xSQOKkvNlE5K6XA,trumbull-connecticut
https://www.ubereats.com/connecticut/food-delivery/forza-ristorante/2TPUH3JLS1SkEjDPDV9s4w,trumbull-connecticut
https://www.ubereats.com/connecticut/food-delivery/preference-spot/ws3W6CpITl-j9lf62kZ51g,trumbull-connecticut
https://www.ubereats.com/connecticut/food-delivery/goodies-of-milford/VW-a5ydmSmWslmIdNZeVtQ,trumbull-connecticut
https://www.ubereats.com/connecticut/food-delivery/bonchon-chicken-1561-post-rd/oaoZbr-hSoSQQBPjdBgEkA,trumbull-connecticut
https://www.ubereats.com/connecticut/food-delivery/paradice-cream/e_X2hDeMQjuG1fYNmPpVsg,trumbull-connecticut
https://www.ubereats.com/connecticut/food-delivery/the-brickyard-pub/sp-GvMd4RMCVBNSGrtil-A,trumbull-connecticut
https://www.ubereats.com/connecticut/food-delivery/kitchen-number-1/w5KtM0NwRIGIK-T4mYGF-A,trumbull-connecticut
https://www.ubereats.com/connecticut/food-delivery/puag/J7SnLCh2So-444N-SmU6ow,trumbull-connecticut
https://www.ubereats.com/connecticut/food-delivery/one-love-kv-cuisine-restaurant/N2TwJXKzSd2nf_gtMZ3QrQ,trumbull-connecticut
https://www.ubereats.com/connecticut/food-delivery/dunkin-529-north-ave/Sp19Gy19RNqsv4BfEsobKQ,trumbull-connecticut
https://www.ubereats.com/connecticut/food-delivery/dunkin-100-hawley-ln/hVRmSkXJS8mWFeyFuZ74lw,trumbull-connecticut
https://www.ubereats.com/connecticut/food-delivery/brindavan/s2XFEr4SQk-jJ78aFFSRzA,trumbull-connecticut
https://www.ubereats.com/connecticut/food-delivery/new-best-wok/4etKebdBQLW7ie6hgDe4tg,trumbull-connecticut
https://www.ubereats.com/connecticut/food-delivery/chips-family-restaurant-fairfield/L1HCu9zjSaOFD8Kt4BO4XQ,trumbull-connecticut
https://www.ubereats.com/connecticut/food-delivery/milkcraft/5Ak68YeUQzuESSItDSAv6g,trumbull-connecticut
https://www.ubereats.com/connecticut/food-delivery/boston-market-935-barnum-avenue-cut-off/8AcGShAiQLKApj_hgrjULg,trumbull-connecticut
https://www.ubereats.com/connecticut/food-delivery/primo-pizza/Z4TTpgDsTZSR5dQmm3t67A,trumbull-connecticut
https://www.ubereats.com/connecticut/food-delivery/a%26s-italian-fine-foods/CUixIB2SQL2veAsM_qMxoA,trumbull-connecticut
https://www.ubereats.com/connecticut/food-delivery/luigis-cannoli-cafe/beoJJWF0Rwm7KkKk4AeUNA,trumbull-connecticut
https://www.ubereats.com/connecticut/food-delivery/classic-50s-deli/a7i8PATIQg2PRDkYNASNWg,trumbull-connecticut
https://www.ubereats.com/connecticut/food-delivery/trap-chicken/e0EBDCUbRhSkJs76WCo7lA,trumbull-connecticut
https://www.ubereats.com/connecticut/food-delivery/el-toro-authentic-mexican/aB6lIV1oRqm4f6Ggx9sxHw,trumbull-connecticut
https://www.ubereats.com/connecticut/food-delivery/oaxaca-pizzeria-%26-taqueria/RXu-Zeg0SciXsCn6owItZA,trumbull-connecticut
https://www.ubereats.com/connecticut/food-delivery/subway-main-st-bridgeport/MWcYyKM1Qj6h9VryDgJ1VQ,trumbull-connecticut
https://www.ubereats.com/connecticut/food-delivery/candlewood-market/FdmP9WHxSZq3xiQk3hRyIw,trumbull-connecticut
https://www.ubereats.com/connecticut/food-delivery/galaxy-diner-%26-restaurant/-s_HWW-fSdqcl7RoyWvvvg,trumbull-connecticut
https://www.ubereats.com/connecticut/food-delivery/caracas-grill/0ZimHVS9T-WdugL-edqlNw,trumbull-connecticut
https://www.ubereats.com/connecticut/food-delivery/geronimo-southwest-grill/k3mazUtCQ5yclHLERuy41Q,trumbull-connecticut
https://www.ubereats.com/connecticut/food-delivery/mancusos-ristorante-%26-bar/Fssp4PHrTyi9qm5Ok_QdQw,trumbull-connecticut
https://www.ubereats.com/connecticut/food-delivery/mex-on-main/Q-1c6UgCQ024kCuF58Yb5g,trumbull-connecticut
https://www.ubereats.com/connecticut/food-delivery/funchal-cafe/uT-RPf-4TJiQcmiiuLL44w,trumbull-connecticut
https://www.ubereats.com/connecticut/food-delivery/mcdonalds-milford-bridgprt/SfCeBjDRSCW19Vp_I4Cn6g,trumbull-connecticut
https://www.ubereats.com/connecticut/food-delivery/shanghai-chinese-restaurant/c5EjvzE1SeWmzEdp1vqUGA,trumbull-connecticut
https://www.ubereats.com/connecticut/food-delivery/the-granola-bar-fairfield/GPfQzrmdQ1-vwCgEuYfXeA,trumbull-connecticut
https://www.ubereats.com/connecticut/food-delivery/serenata/g-NVH-6ATE2TnJWBqVTeDQ,trumbull-connecticut
https://www.ubereats.com/connecticut/food-delivery/rise-%26-grind-cafe/HYJZne3BSEWsTyWNEBnBQw,trumbull-connecticut
https://www.ubereats.com/connecticut/food-delivery/brick-and-barrel/YC2AJHehREyPRLCnXOrdbw,trumbull-connecticut
https://www.ubereats.com/connecticut/food-delivery/mexico-tipico-authentic-mexican-cuisine/Ju6Eax9LTbKjiV4KxMX3-g,trumbull-connecticut
https://www.ubereats.com/connecticut/food-delivery/dunkin-199-congress-st/gYlvKhfxTlKniDgOL85H0Q,trumbull-connecticut
https://www.ubereats.com/connecticut/food-delivery/addeos-fire-%26-ice/OqjOBPPfTZu0rwuylPBIUg,trumbull-connecticut
https://www.ubereats.com/connecticut/food-delivery/mistik-restaurant/dAvkHz3dTZ-C6SCuqsRbiw,trumbull-connecticut
https://www.ubereats.com/connecticut/food-delivery/pine-rock-grocery/cH3HxnXXSwi93lJ-8u9gOg,trumbull-connecticut
https://www.ubereats.com/connecticut/food-delivery/yalla-organic-hummus-%26-grill/TCgxH9fvScyPVdKsOSsXyQ,trumbull-connecticut
https://www.ubereats.com/connecticut/food-delivery/paradise-pizza/3jcPpgyBT7O2ahwYABfoXQ,trumbull-connecticut
https://www.ubereats.com/connecticut/food-delivery/bamboo-garden-halal-chinese-restaurant/OLMWVwpmTKKmxmIaH-zB7A,trumbull-connecticut
https://www.ubereats.com/connecticut/food-delivery/signature-caterings/IinGjf-CShe51gBOEXx2Jg,trumbull-connecticut
https://www.ubereats.com/connecticut/food-delivery/fatty-patty-shelton/dpIflaDrSTmRZPJisnuWuA,trumbull-connecticut
https://www.ubereats.com/connecticut/food-delivery/krazy-kream/ER8R6ii3RFm52fpWq7g5GQ,trumbull-connecticut
https://www.ubereats.com/connecticut/food-delivery/j-bagels-%26-cafe/S4FtDmB-SQmmwq2qX5JADA,trumbull-connecticut
https://www.ubereats.com/connecticut/food-delivery/viva-tacos/jEo0hIFSTo2qDtAikJ23bA,trumbull-connecticut
https://www.ubereats.com/connecticut/food-delivery/panera-5065-main-street/frW14ku4Ti6h5RcWty-xMg,trumbull-connecticut
https://www.ubereats.com/connecticut/food-delivery/flavorz-famous-chicken-%26-fish/jGm9TcOBT5mTIKt2I_kTiw,trumbull-connecticut
https://www.ubereats.com/connecticut/food-delivery/bettys-kitchen-african/a5IVEzYtSRWTQsWZXOd6YQ,trumbull-connecticut
https://www.ubereats.com/connecticut/food-delivery/focaccias-cafe-%26-catery/H0K03hWLRrepwxSXOTXRHQ,trumbull-connecticut
https://www.ubereats.com/connecticut/food-delivery/city-pizza-and-grill/B8PIXkWoQ-OUkb8tkxz2Xg,trumbull-connecticut
https://www.ubereats.com/connecticut/food-delivery/900-degrees-pizza-truck/0LhtboA6Rg2DnIYF-xv9ng,trumbull-connecticut
https://www.ubereats.com/connecticut/food-delivery/za-pizza-connecticut/5Zgr1W-KQJ64VUUWRVrFWQ,trumbull-connecticut
https://www.ubereats.com/connecticut/food-delivery/duchess-restaurant-bridgeport/f2BqXUSuSDethBmqST4uCQ,trumbull-connecticut
https://www.ubereats.com/connecticut/food-delivery/bonani-indian-kitchen/bL7n5LLDTnuz8iTimyNuIw,trumbull-connecticut
https://www.ubereats.com/connecticut/food-delivery/sazon-y-mambo/GOk78wC6TYuCaoKRH9M0Tw,trumbull-connecticut
https://www.ubereats.com/connecticut/food-delivery/frankies-diner/8zTNrDkgQX2Hzv-oZ1cUhg,trumbull-connecticut
https://www.ubereats.com/connecticut/food-delivery/donut-crazy-shelton/tQ8n0oRaTSS8bolyWgokpQ,trumbull-connecticut
https://www.ubereats.com/connecticut/food-delivery/mcdonalds-411-barnum-ave-stratford-ct/6zrrSPJkR_K5CLj1lyrgxw,trumbull-connecticut
https://www.ubereats.com/connecticut/food-delivery/goodfellas-pizzeria/Drw5oPSDSpm1HE39T2NMAA,trumbull-connecticut
https://www.ubereats.com/connecticut/food-delivery/mamma-winnies-caribbean-restaurant/Sb1K1XNIQIicDw5YClH_Fg,trumbull-connecticut
https://www.ubereats.com/connecticut/food-delivery/garden-catering-fairfield/44nLFNmrR7uxP7RgHSWjxQ,trumbull-connecticut
https://www.ubereats.com/connecticut/food-delivery/cold-stone-creamery-2323-black-rock-tpke/dwxFz0BbQfS1fOq3IqPkCA,trumbull-connecticut
https://www.ubereats.com/connecticut/food-delivery/chipotle-mexican-grill-340-grasmere-ave-ste-1/5kusKVHxTeuc8RjFG--iyQ,trumbull-connecticut
https://www.ubereats.com/connecticut/food-delivery/taco-bell-543-bridgeport-ave/g2pF_K3WTcOY00YHq8HwQg,trumbull-connecticut
https://www.ubereats.com/connecticut/food-delivery/popeyes-north-ave/dLJMTo6zQEi3US5r4NjLwQ,trumbull-connecticut
https://www.ubereats.com/connecticut/food-delivery/duchess-restaurant-shelton/MZVB--XqT0CVPp2NqUQxcA,trumbull-connecticut
https://www.ubereats.com/connecticut/food-delivery/country-pizza-and-restaurant/ZWeLOHogTMen5XTE-w5mgA,trumbull-connecticut
https://www.ubereats.com/connecticut/food-delivery/liberty-rock-tavern/tOuogvEUShq84xJjVE_mVA,trumbull-connecticut
https://www.ubereats.com/connecticut/food-delivery/osteria-romana-monroe/zJT31B5DQgOjEW4A4aFdVg,trumbull-connecticut
https://www.ubereats.com/connecticut/food-delivery/francis-family-restaurant-and-catering/u0zySfNXQl-i6rMVPden6g,trumbull-connecticut
https://www.ubereats.com/connecticut/food-delivery/chipotle-mexican-grill-1319-boston-post-rd-spc-4b/6gqLWi_ET8mrR1mv4wSjrA,trumbull-connecticut
https://www.ubereats.com/connecticut/food-delivery/cibus-dos/et02UZUBSpa79TyKww894w,trumbull-connecticut
https://www.ubereats.com/connecticut/food-delivery/mommies-patties/-p36ucHzSAiCtVJyBz0Hdg,trumbull-connecticut
https://www.ubereats.com/connecticut/food-delivery/the-hub-pizza-bar/I8yba4paQbCqtLYtsG2p3A,trumbull-connecticut
https://www.ubereats.com/connecticut/food-delivery/parkertrumbull/NfNoA6EITsCR_nyHzEF-tg,trumbull-connecticut
https://www.ubereats.com/connecticut/food-delivery/capital-pizza/z_7IyGLtTiOTnDL3c8eSzw,trumbull-connecticut
https://www.ubereats.com/connecticut/food-delivery/leola-n-ophelias/DbMd2B5rSYyw_jzE4XHeOA,trumbull-connecticut
https://www.ubereats.com/connecticut/food-delivery/andros-diner/UCoYQXVwQYS8EzVoDp9LRw,trumbull-connecticut
https://www.ubereats.com/connecticut/food-delivery/bean-n-batter/tor3f4pQTvqPr0LafZ6QTw,trumbull-connecticut
https://www.ubereats.com/connecticut/food-delivery/brunch-and-bar/yE97LQC4QEWl_rYF1nnjPA,trumbull-connecticut
https://www.ubereats.com/connecticut/food-delivery/duchess-restaurant-ansonia/R7o3IOyRSm6opPjGofafAg,trumbull-connecticut
https://www.ubereats.com/connecticut/food-delivery/pizzaco/iYdU4Nj6RHa628fIgWDn-g,trumbull-connecticut
https://www.ubereats.com/connecticut/food-delivery/chester-fried-chicken/-kC-aPDuTIOQPrGPGZAM4g,trumbull-connecticut
https://www.ubereats.com/connecticut/food-delivery/belly-buster-pancakes/U1B5xX_rQEGsyjAGRWyjJA,trumbull-connecticut
https://www.ubereats.com/connecticut/food-delivery/the-original-jerrys-apizza/uQ50KAU0Sf6LRaamsTV4Kg,trumbull-connecticut
https://www.ubereats.com/connecticut/food-delivery/luna-azzura/AmQ2DBGnSM-2BLGFKz5p4w,trumbull-connecticut
https://www.ubereats.com/connecticut/food-delivery/hole-in-the-wall-fairfield/DRk5V-6qQcKqmUGO94lI9A,trumbull-connecticut
https://www.ubereats.com/connecticut/food-delivery/robeks-black-rock-turnpike/qa4MSiFbTbSr6UDuJv6ycw,trumbull-connecticut
https://www.ubereats.com/connecticut/food-delivery/duchess-restaurant-post-road/P4zKDx-xRS-nkYoFzRV6Qw,trumbull-connecticut
https://www.ubereats.com/connecticut/food-delivery/laylas-falafel-trumbull/0B1E7mTUTPqUpmfFTDB5BQ,trumbull-connecticut
https://www.ubereats.com/connecticut/food-delivery/jersey-mikes-subs-1599-boston-post-rd/6VbqFv1QSguCjeEMiAJddw,trumbull-connecticut
https://www.ubereats.com/connecticut/food-delivery/the-park-city-honey-cafe/_6SVESajS0S4eAajH3ROUA,trumbull-connecticut
https://www.ubereats.com/connecticut/food-delivery/the-ice-cream-shop/HtkiWTRESOmFkf11dfRZ_Q,trumbull-connecticut
https://www.ubereats.com/connecticut/food-delivery/kentucky-fried-chicken-boston-ave/8On5KjEeTMCmdxbDA-hDUQ,trumbull-connecticut
https://www.ubereats.com/connecticut/food-delivery/krispy-krunchy-chicken-north-ave/nE_ilA0fTzeGOYy-WsF6vw,trumbull-connecticut
https://www.ubereats.com/connecticut/food-delivery/pappas-pizza-%26-grill/rYW0wyiDSoa6v3QxhVeqXg,trumbull-connecticut
https://www.ubereats.com/connecticut/food-delivery/be-chocolat/fqytx8SrSpihSbIk0virXQ,trumbull-connecticut
https://www.ubereats.com/connecticut/food-delivery/collado-restaurant/CFOM8j6vQDiAkUwDT4HN4w,trumbull-connecticut
https://www.ubereats.com/connecticut/food-delivery/flavaz-jamaican-restaurant/KSqBHaiUSlK14E77y9YFxA,trumbull-connecticut
https://www.ubereats.com/connecticut/food-delivery/aribella/-U4CTCCOToGOlK3IwB9tFA,trumbull-connecticut
https://www.ubereats.com/connecticut/food-delivery/16-handles-fairfield/pGJGkQklTpiX9KOqutPF_g,trumbull-connecticut
https://www.ubereats.com/connecticut/food-delivery/thai-kit/mT2Ou2r5T8eOFBUWmOBnug,trumbull-connecticut
https://www.ubereats.com/connecticut/food-delivery/five-star-pizza/DNsmWpxTTMCM3QeezA9u5w,trumbull-connecticut
https://www.ubereats.com/connecticut/food-delivery/subway-hawley-ln-trumbull/iFPZQcJ7RAqKCsTDXNroNQ,trumbull-connecticut
https://www.ubereats.com/connecticut/food-delivery/captains-pizza-restaurant-boston-ave/T5qmP8kORSSnSdi56OTTDA,trumbull-connecticut
https://www.ubereats.com/connecticut/food-delivery/latin-%26-soul-food-cafe/lwUpTZeZTz2sclmv_OA5sA,trumbull-connecticut
https://www.ubereats.com/connecticut/food-delivery/los-cabos/43nZsqf7SRGEtDy9MEs_zg,trumbull-connecticut
https://www.ubereats.com/connecticut/food-delivery/mcdonalds-north-ave/ekJ9qxKpTx-bGczZ-F1yEw,trumbull-connecticut
https://www.ubereats.com/connecticut/food-delivery/duchess-restaurant-black-rock-turnpike/0io_27MrSca4fJyp_4Hj1Q,trumbull-connecticut
https://www.ubereats.com/connecticut/food-delivery/rosely-restaurant/sa_tDfygT7u6hzsm2C41lg,trumbull-connecticut
https://www.ubereats.com/connecticut/food-delivery/shelton-pizza-palace/K-nULPF3Sq613GUKkSpIaw,trumbull-connecticut
https://www.ubereats.com/connecticut/food-delivery/dominicanhealthfood/xqzmoyvyRYqVQVXYxP9-IA,trumbull-connecticut
https://www.ubereats.com/connecticut/food-delivery/jamaican-jazz/QGWHc4plT8-ICVreLetIHQ,trumbull-connecticut
https://www.ubereats.com/connecticut/food-delivery/zohra-deli/2hEKeb24TO6Ez8iOWhmeDg,trumbull-connecticut
https://www.ubereats.com/connecticut/food-delivery/tequila-revolucion/jkKnvmLkSfGm1H5FXUIf7g,trumbull-connecticut
https://www.ubereats.com/connecticut/food-delivery/the-ice-cream-shop/9zAmtV7yT4qOLdOJuZthFQ,trumbull-connecticut
https://www.ubereats.com/connecticut/food-delivery/poes-kitchen-east-end/ffhMMfpmThyoU3aO_3zKpQ,trumbull-connecticut
https://www.ubereats.com/connecticut/food-delivery/bridgeport-halal-fish-%26chips-hot-fried-chicken/4bjeElKOSXKAIr6cB6tAVg,trumbull-connecticut
https://www.ubereats.com/connecticut/food-delivery/bridgeport-flyer-diner/xmrQkAMmR6m1wQYge1pfYw,trumbull-connecticut
https://www.ubereats.com/connecticut/food-delivery/fryborg-food-truck/4K6q0zy8SZ6xtrWJ1D3vmg,trumbull-connecticut
https://www.ubereats.com/connecticut/food-delivery/mcdonalds-monroe-turnpike/VXvHtLQ7RAu9zRU_Nc1GRw,trumbull-connecticut
https://www.ubereats.com/connecticut/food-delivery/mecha-noodle-bar-fairfield/Yp4ihd4vQb-x0ViDZt7hQg,trumbull-connecticut
https://www.ubereats.com/connecticut/food-delivery/big-jims-galley/T2ScH58LRnyPCSlXHgeMRg,trumbull-connecticut
https://www.ubereats.com/connecticut/food-delivery/taj-indian-cuisine/B60FmA0nS9u7jK22YzVSlw,trumbull-connecticut
https://www.ubereats.com/connecticut/food-delivery/dunkin-3582-main-street/lu1i7wv7Qg6gdISpyqtuDA,trumbull-connecticut
https://www.ubereats.com/connecticut/food-delivery/crossroads-pizza-house/P_1ZeFqZRLGdQNgzW89cCw,trumbull-connecticut
https://www.ubereats.com/connecticut/food-delivery/taste-of-thai/k1xewLxsTqOtPhk1c8B_dA,trumbull-connecticut
https://www.ubereats.com/connecticut/food-delivery/pokemoto-fairfield-ct/XQd3l6V4RQyQhxXerPuaDA,trumbull-connecticut
https://www.ubereats.com/connecticut/food-delivery/osaka-hibachi-buffet/e8G8nvnUShmC4UjaC6IUUQ,trumbull-connecticut
https://www.ubereats.com/connecticut/food-delivery/mama-delucas-930-main-st/wOERoMFGRi691DSi_KPKlA,trumbull-connecticut
https://www.ubereats.com/connecticut/food-delivery/super-duper/SmT_z3WyQNCYgt2rAD_k-g,trumbull-connecticut
https://www.ubereats.com/connecticut/food-delivery/alinas-patisserie/WD5pgg6KQRqQhoXBnfe4Bw,trumbull-connecticut
https://www.ubereats.com/connecticut/food-delivery/poke-n-ramen-360/q93ZY9u3SsOiGh6bjb1o_w,trumbull-connecticut
https://www.ubereats.com/connecticut/food-delivery/ming-feng-chinese/Nxd5MY56Q4GQxzK-GXCGFw,trumbull-connecticut
https://www.ubereats.com/connecticut/food-delivery/guacamoles-mexican-cuisine/qR7NIW1NR3ShT-fz6RznWQ,trumbull-connecticut
https://www.ubereats.com/connecticut/food-delivery/sub-queen/aiUOEWhjTkCtPW-YWsElig,trumbull-connecticut
https://www.ubereats.com/connecticut/food-delivery/blue-goose-restaurant/RLA1-GplTSWGDuQFKEZKvg,trumbull-connecticut
https://www.ubereats.com/connecticut/food-delivery/grill-ii/nMC63DJaRIq7DnIKC_D6qg,trumbull-connecticut
https://www.ubereats.com/connecticut/food-delivery/ez-stop-deli/oac923DfT7q-PM5MuXMfCg,trumbull-connecticut
https://www.ubereats.com/connecticut/food-delivery/taco-king/KiZF7XWMSlS_4OcrGkHpKA,trumbull-connecticut
https://www.ubereats.com/connecticut/food-delivery/subway-609-bridgeport-ave/JB8x9dHjR9qB6LHRLYMVrg,trumbull-connecticut
https://www.ubereats.com/connecticut/food-delivery/surf-vs-turf/QSAAxoQ_RNmTf4auDUjcyA,trumbull-connecticut
https://www.ubereats.com/connecticut/food-delivery/isabelle-et-vincent/WnEZYd45Tn-NGlRoHERMXg,trumbull-connecticut
https://www.ubereats.com/connecticut/food-delivery/kentucky-fried-chicken-barnum-ave/peidXGTZRXiiJXCeGKNnBA,trumbull-connecticut
https://www.ubereats.com/connecticut/food-delivery/king-%26-i/hgmq3ndCTFuVNXlsTsigQA,trumbull-connecticut
https://www.ubereats.com/connecticut/food-delivery/dao-fusion-cuisine-%26-lounge/CtXEXya-RtaCLXa7tiWmCg,trumbull-connecticut
https://www.ubereats.com/connecticut/food-delivery/walrus-%2B-carpenter/AR3GObjsTaKysL5KkB180Q,trumbull-connecticut
https://www.ubereats.com/connecticut/food-delivery/mcgowans-pizzaland/zwBof65SQDWHOcBYc2GN_w,trumbull-connecticut
https://www.ubereats.com/connecticut/food-delivery/la-fonda-restaurant/HDTOXHGGRWG7UEbPfNzGyg,trumbull-connecticut
https://www.ubereats.com/connecticut/food-delivery/carl-anthony-trattoria-ct/sVAn3O3ZS0KB_PIQFUbhAw,trumbull-connecticut
https://www.ubereats.com/connecticut/food-delivery/starbucks-stratford-barnum-avenue/ZzOC0rp-RaKCaPeCIOK1eg,trumbull-connecticut
https://www.ubereats.com/connecticut/food-delivery/el-pueblito-restaurant/3Bv0sOo4SNygZcpY5K8T5Q,trumbull-connecticut
https://www.ubereats.com/connecticut/food-delivery/pearls-n-swirls/kZqYfkpvQe66emVgONa_Bg,trumbull-connecticut
https://www.ubereats.com/connecticut/food-delivery/maddys-grill/1U8Dj5uhRea1oa4sKqEJOQ,trumbull-connecticut
https://www.ubereats.com/connecticut/food-delivery/bandito-burgers/zZF0OR0mR56D9gtikawaJA,trumbull-connecticut
https://www.ubereats.com/connecticut/food-delivery/mi-mexico-lindo-pizzeria-%26-restaurant/LfCDQJliSSyWgZI5JubnSA,trumbull-connecticut
https://www.ubereats.com/connecticut/food-delivery/donut-inc/iow7grTcSZ2KoPF0N0STGQ,trumbull-connecticut
https://www.ubereats.com/connecticut/food-delivery/poke-n-ramen-360-%232/ZuWyvo_GTqCip4wqtVtgdg,trumbull-connecticut
https://www.ubereats.com/connecticut/food-delivery/india-raj-restaurant/qTPUGNsHQle95K3I_4IoUA,trumbull-connecticut
https://www.ubereats.com/connecticut/food-delivery/elis-tavern/ye7FfuhfQoilbJ_fkWemkw,trumbull-connecticut
https://www.ubereats.com/connecticut/food-delivery/bianco-rosso/V4F4I2zJT0qzOYk88X9Dwg,trumbull-connecticut
https://www.ubereats.com/connecticut/food-delivery/fratellis/ZDmHPgm1Q_-VSk_UckFNtw,trumbull-connecticut
https://www.ubereats.com/connecticut/food-delivery/mcdonalds-bridgeport-fairf/VfIeNEB8SfOgTLOMR4Mqxg,trumbull-connecticut
https://www.ubereats.com/connecticut/food-delivery/the-sitting-duck-tavern-trumbull/THe6c2BdTEmT-y8vufI1Sg,trumbull-connecticut
https://www.ubereats.com/connecticut/food-delivery/dinos-market/HQcy8uY-TNCEfAEQFk4u2g,trumbull-connecticut
https://www.ubereats.com/connecticut/food-delivery/papas-place/8PEUneujRRm4mjeS1v7DGA,trumbull-connecticut
https://www.ubereats.com/connecticut/food-delivery/grand-pizzeria/P3tmCMDUSxCN4GGvcpIaNA,trumbull-connecticut
https://www.ubereats.com/connecticut/food-delivery/milford-diner/zBOHiZx4QTi3L7MAxCCo1Q,trumbull-connecticut
https://www.ubereats.com/connecticut/food-delivery/family-spice/3C0mboSqSveZPdmnJEAydg,trumbull-connecticut
https://www.ubereats.com/connecticut/food-delivery/pizza-heaven/a6pQGkjDThiQ6s1j0f6BVA,trumbull-connecticut
https://www.ubereats.com/connecticut/food-delivery/starbucks-shelton-commerce-drive/93wOLdciTxaE9ueFDciIxw,trumbull-connecticut
https://www.ubereats.com/connecticut/food-delivery/starbucks-bridgeport-steelpointe-harbor/YAHM7puuSneZx6GZ1vvDkA,trumbull-connecticut
https://www.ubereats.com/connecticut/food-delivery/el-coyote-m/TlXbTgJgREyqaWOtQmEBGA,trumbull-connecticut
https://www.ubereats.com/connecticut/food-delivery/prime-16-orange/h3C6r8XGRCGKWd9cGo7cpA,trumbull-connecticut
https://www.ubereats.com/connecticut/food-delivery/circle-diner-restaurant/7UCwCE38T0WNIkAGxFN8eQ,trumbull-connecticut
https://www.ubereats.com/connecticut/food-delivery/arthur-ave-pizza-and-catering/DwrJPBx-RGCVzFgLkocoAA,trumbull-connecticut
https://www.ubereats.com/connecticut/food-delivery/que-rico-food-truck/y_q8qyS2RGGBGjutkPSv9g,trumbull-connecticut
https://www.ubereats.com/connecticut/food-delivery/ola-latin-kitchen/yqGr2iPARJ-eYWnu3F4wPw,trumbull-connecticut
https://www.ubereats.com/connecticut/food-delivery/five-guys-ct-0112-255-south-main-st/8-jzk_QnS0SAkj-BL6msTg,trumbull-connecticut
https://www.ubereats.com/connecticut/food-delivery/wickys-caribbean-patties-%26-fritay/b_AJe4QhQkORCk2PHkO0SA,trumbull-connecticut
https://www.ubereats.com/connecticut/food-delivery/five-stars-combo/fzwSki37SEmS8Z2QO-NowQ,trumbull-connecticut
https://www.ubereats.com/connecticut/food-delivery/fairfield-social/-mB7eYskQJ-jNFjk55PjTw,trumbull-connecticut
https://www.ubereats.com/connecticut/food-delivery/steffanos-pizza-restaurant/Umqg1V2zSD6mW2tXlai4aA,trumbull-connecticut
https://www.ubereats.com/connecticut/food-delivery/harlem-soul-lounge/7XXfoc0hSbi2An939MeOJg,trumbull-connecticut
https://www.ubereats.com/connecticut/food-delivery/grk-grill/e0YQTyZ8RZ-7ypuhsE08KQ,trumbull-connecticut
https://www.ubereats.com/connecticut/food-delivery/h%26h-restaurant-%26-catering/Ew2kogyNR5CtA78zADiJYA,trumbull-connecticut
https://www.ubereats.com/connecticut/food-delivery/julians-brick-oven-pizza/5uo4mhieTtWOLRn6OlJkYQ,trumbull-connecticut
https://www.ubereats.com/connecticut/food-delivery/oar-%26-oak/apxv-WqsR5ihduFGHivWkg,trumbull-connecticut
https://www.ubereats.com/connecticut/food-delivery/misimi/hCeMvHwaSvmRs8iS1WhyEw,trumbull-connecticut
https://www.ubereats.com/connecticut/food-delivery/brickbox/u57vHtfZTE63sgCXypzNCw,trumbull-connecticut
https://www.ubereats.com/connecticut/food-delivery/the-ice-cream-shop/slHNMC2wSe6fgfgUx-DixQ,trumbull-connecticut
https://www.ubereats.com/connecticut/food-delivery/bella-sera-ristorante/23lCEF80Ti-RFPJL9_Ww_g,trumbull-connecticut
https://www.ubereats.com/connecticut/food-delivery/dunkin-200-tunxis-hill-rd/KswlfnYfTF-M_B7yotu3Hg,trumbull-connecticut
https://www.ubereats.com/connecticut/food-delivery/moes-burger-joint/OLGMMTC_TcOTBZq47Hvnqw,trumbull-connecticut
https://www.ubereats.com/connecticut/food-delivery/dunkin-815-lafayette-blvd/ex6HXWm-QAmVXtiNns0O4Q,trumbull-connecticut
https://www.ubereats.com/connecticut/food-delivery/fruta-juice/lTY2u6SMQAyih20zp-uj4g,trumbull-connecticut
https://www.ubereats.com/connecticut/food-delivery/carmines-ristorante-italiano/Fx4iY-M0TvScRpzj5Q-RZA,trumbull-connecticut
https://www.ubereats.com/connecticut/food-delivery/ichiro-japanese-restaurant/TvON50exTT-3ho0zd5xOow,trumbull-connecticut
https://www.ubereats.com/connecticut/food-delivery/village-bagels-and-delicatessen-fairfield/cVhfpKbySCyBQh1z-Uairg,trumbull-connecticut
https://www.ubereats.com/connecticut/food-delivery/55-wine-bar-%26-wood-grille/TJY1o-FQReynCBbRNtwesg,trumbull-connecticut
https://www.ubereats.com/connecticut/food-delivery/walnut-beach-creamery/DHpt6JUKQcWhpxGsrsU3Qw,trumbull-connecticut
https://www.ubereats.com/connecticut/food-delivery/donut-crazy-stratford/5N66ZjSXRa2NnH1oygDKpQ,trumbull-connecticut
https://www.ubereats.com/connecticut/food-delivery/red-lobster-4485-main-street/XduBYFhnSbyZgUwgNCkEDg,trumbull-connecticut
https://www.ubereats.com/connecticut/food-delivery/ola-restaurant/0sPSz6LBTea6qVnSgpkY9g,trumbull-connecticut
https://www.ubereats.com/connecticut/food-delivery/taco-bell-308-lindley-st/C5bkHGrsSvCc8zKpyOKg0g,trumbull-connecticut
https://www.ubereats.com/connecticut/food-delivery/super-taqueria-las-salsas/ZvknEw5BSRGxOsQD7DpxTQ,trumbull-connecticut
https://www.ubereats.com/connecticut/food-delivery/mcdonalds-stratford-barnum/oMl9pT24S0uRFGzqfq1cjg,trumbull-connecticut
https://www.ubereats.com/connecticut/food-delivery/ct-cookie-co/lAu7hiIYQlixNtyvKG5vuA,trumbull-connecticut
https://www.ubereats.com/connecticut/food-delivery/parker-shelton/d56uHgUdQvim5TCfqAAEug,trumbull-connecticut
https://www.ubereats.com/connecticut/food-delivery/wild-kanji/mVaA4ayhTumGfWwhBC_hAg,trumbull-connecticut
https://www.ubereats.com/connecticut/food-delivery/walnut-beach-creamery/ET9T2OGBSwWXBs1Ca8YucQ,trumbull-connecticut
https://www.ubereats.com/connecticut/food-delivery/the-ole-dog-tavern/wT61C6GyQH2M5TUdLP-TcA,trumbull-connecticut
https://www.ubereats.com/connecticut/food-delivery/blue-sky-diner/9w8rQ4NhQwCf_g2Vm_yk4w,trumbull-connecticut
https://www.ubereats.com/connecticut/food-delivery/subway-20-quality-st/C3k0yE1cSKeumEV8wkyxBQ,trumbull-connecticut
https://www.ubereats.com/connecticut/food-delivery/taste-of-asia/EPTZsXr2RzKcJ8AT3RCaGg,trumbull-connecticut
https://www.ubereats.com/connecticut/food-delivery/jersey-mikes-subs-derby-50-pershing-dr/KCtiX6QpS8qq7qS21iCOYA,trumbull-connecticut
https://www.ubereats.com/connecticut/food-delivery/laylas-falafel-westport/Om5aRK97RYyLkxSN5tQHXw,trumbull-connecticut
https://www.ubereats.com/connecticut/food-delivery/chipotle-mexican-grill-701-bridgeport-ave/QTJHHi3QRbiNLTauTOEnbQ,trumbull-connecticut
https://www.ubereats.com/connecticut/food-delivery/yard-jerk-2/SJKAfORHS2KnPxremnSAQw,trumbull-connecticut
https://www.ubereats.com/connecticut/food-delivery/organika-kitchen/SRhts9doStaJ2gaIgJ6ntw,trumbull-connecticut
https://www.ubereats.com/connecticut/food-delivery/famous-50s-diner/tMZGaOdIT0CLc2UsBGQW1A,trumbull-connecticut
https://www.ubereats.com/connecticut/food-delivery/burger-king-4196-north-main-street/TJ00uQDwR1WpZFbVp8pifA,trumbull-connecticut
https://www.ubereats.com/connecticut/food-delivery/pronto-chop-shop-%26-pizzeria/ESYN1stQQbKMrmX1oQYfQg,trumbull-connecticut
https://www.ubereats.com/connecticut/food-delivery/barcode/t3x-xT5lST-Y2d5l7aLWCQ,trumbull-connecticut
https://www.ubereats.com/connecticut/food-delivery/taco-bell-205-division-street/n83eULQlQASUCOhx-xWJ7g,trumbull-connecticut
https://www.ubereats.com/connecticut/food-delivery/hungry-panda/r3F4Et7RRU-rbJKLPgcstg,trumbull-connecticut
https://www.ubereats.com/connecticut/food-delivery/348-oyster-bar/gwwOTEatQGiDPRg0xB8k3Q,trumbull-connecticut
https://www.ubereats.com/connecticut/food-delivery/ginos-pizza-%26-grill/4ZDDa7CUQ6G_xF9xb6soJg,trumbull-connecticut
https://www.ubereats.com/connecticut/food-delivery/duchess-restaurant-stratford/HTX_7pjYRVWT-0hccwm63g,trumbull-connecticut
https://www.ubereats.com/connecticut/food-delivery/dunkin-1273-1275-w-broad-st/zng95b2ASVin9mMvro5Y-Q,trumbull-connecticut
https://www.ubereats.com/connecticut/food-delivery/craft-260/crTsVsFMTo65tZEJRTGADQ,trumbull-connecticut
https://www.ubereats.com/connecticut/food-delivery/kolam/Nf0Y9vRXRkaZMQjpQpF84Q,trumbull-connecticut
https://www.ubereats.com/connecticut/food-delivery/krispy-krunchy-chicken-fairfield-ave/36yks6p6TDyj4-jgmDSXVQ,trumbull-connecticut
https://www.ubereats.com/connecticut/food-delivery/lisas-take-out-restaurant-and-catering/RnnOdzgRSsiRc2gLLRocFg,trumbull-connecticut
https://www.ubereats.com/connecticut/food-delivery/uncle-bucks-fish-bowl-and-grill-bridgeport/T-M4w8ODR5K47htwnHt_zA,trumbull-connecticut
https://www.ubereats.com/connecticut/food-delivery/starbucks-monroe-rt-25/aXGV9QJeQTuctkmLeMbDcQ,trumbull-connecticut
https://www.ubereats.com/connecticut/food-delivery/dunkin-945-white-plains-rd/o4kgJjQORcSkzrr3yLKAjA,trumbull-connecticut
https://www.ubereats.com/connecticut/food-delivery/td-vietnam-palace/ePuJoBI8Sve8IHxSNAqyBw,trumbull-connecticut
https://www.ubereats.com/connecticut/food-delivery/dunkin-1910-black-rock-tpke/t0oZde7ZSkCyu1VepJRdhw,trumbull-connecticut
https://www.ubereats.com/connecticut/food-delivery/crown-fried-chicken-derby/9Cob4hdjQHC7yzFoag9OHg,trumbull-connecticut
https://www.ubereats.com/connecticut/food-delivery/kiosko-diner-authentic-mexican-food/8f3TpqaSTYGATGXLOxl_Zw,trumbull-connecticut
https://www.ubereats.com/connecticut/food-delivery/subway-5065-main-st-space-%23182/soUtvV1NQ3mgDnxO-80v-A,trumbull-connecticut
https://www.ubereats.com/connecticut/food-delivery/captains-pizza-restaurant-%231/ou71sKvOQ16swa-DakmDIg,trumbull-connecticut
https://www.ubereats.com/connecticut/food-delivery/bella-rosa-pizzeria-ristorante/Eu5XGbWhTqqWJirfq-mLRg,trumbull-connecticut
https://www.ubereats.com/connecticut/food-delivery/crown-fried-chicken-bridgeport/_8l140L7RyiwxbhztG2MVw,trumbull-connecticut
https://www.ubereats.com/connecticut/food-delivery/still-river-bar-%26-grill/1HIjAMjgRpC9ro_aas8z8w,trumbull-connecticut
https://www.ubereats.com/connecticut/food-delivery/ole-dog-tavern/v44e66ZbSHWGMzwAWL6jUA,trumbull-connecticut
https://www.ubereats.com/connecticut/food-delivery/el-coquito/QTTYQLMaTX6Itd7Qwyl8Gw,trumbull-connecticut
https://www.ubereats.com/connecticut/food-delivery/la-flor-de-mexico-ii/c_M8-E3SR8SAufa4bokOoQ,trumbull-connecticut
https://www.ubereats.com/connecticut/food-delivery/baingan/aQh1fi-WRKexI90EXaKfvg,trumbull-connecticut
https://www.ubereats.com/connecticut/food-delivery/coffee-shop-77-delecatessen/X39Ymk5-T6uxOJfYheUQ7w,trumbull-connecticut
https://www.ubereats.com/connecticut/food-delivery/la-fortuna/OMueDAigTUagWti21NCGlw,trumbull-connecticut
https://www.ubereats.com/connecticut/food-delivery/little-caesars-pizza-186-north-avenue/sEsosQqCQk-UojkfKhAowQ,trumbull-connecticut
https://www.ubereats.com/connecticut/food-delivery/la-bodega-del-mofongo/UnGQG5XSSiyuMaONP6kCVQ,trumbull-connecticut
https://www.ubereats.com/connecticut/food-delivery/panda-express-5065-main-street/BXKduX6gQ7Ktd8RyMRxa2w,trumbull-connecticut
https://www.ubereats.com/connecticut/food-delivery/dunkin-733-bridgeport-ave/rVc54mNGQlaUGyeKEZ-Z2A,trumbull-connecticut
https://www.ubereats.com/connecticut/food-delivery/fuji-chinese-%26-japanese-restaurant/cxaRV5wxTneAbSvc8uTwHg,trumbull-connecticut
https://www.ubereats.com/connecticut/food-delivery/wayback-burger-2850-main-street/_xxHYEADRzyZ270_BxleYw,trumbull-connecticut
https://www.ubereats.com/connecticut/food-delivery/mommies-patties/MO3OgKh-RJ2w1lYlUbDteQ,trumbull-connecticut
https://www.ubereats.com/connecticut/food-delivery/mainport-fish-and-chips/TT7z2gedTb2YQKekpz-ktg,trumbull-connecticut
https://www.ubereats.com/connecticut/food-delivery/chifrijo/4yb64zDpRYCTXg8jjD1HIw,trumbull-connecticut
https://www.ubereats.com/connecticut/food-delivery/jersey-mikes-subs-fairfield-2189-black-rock-turnpike/dXQNxSjxQlKib-kavBw_BA,trumbull-connecticut
https://www.ubereats.com/connecticut/food-delivery/paradice-treats/d08U-G6uTeaGJt_Ca0Ak_Q,trumbull-connecticut
https://www.ubereats.com/connecticut/food-delivery/olives-and-oil-seymour/tJTTdh8oR0i3BBHqQmKHFg,trumbull-connecticut
https://www.ubereats.com/connecticut/food-delivery/villa-pizzeria-ristorante/g8xEYEgSRhCFeKUobf5hdA,trumbull-connecticut
https://www.ubereats.com/connecticut/food-delivery/rio-bravo-fairfield/KA5EWc6ASWG3QuVu87EVQw,trumbull-connecticut
https://www.ubereats.com/connecticut/food-delivery/house-of-pho/CRsSYRvrSdyQz-6wNobm9A,trumbull-connecticut
https://www.ubereats.com/connecticut/food-delivery/dunkin-880-barnum-avenue-cutoff/SfS4VbLoRy613mcZ7ZCyrQ,trumbull-connecticut
https://www.ubereats.com/connecticut/food-delivery/the-sinclair/xRo4jrhESQCyGoxmGdKY9A,trumbull-connecticut
https://www.ubereats.com/connecticut/food-delivery/lake-zoar-drive-in/Rw8UhejfQ0WTEhtL98FdkA,trumbull-connecticut
https://www.ubereats.com/connecticut/food-delivery/dunkin-1055-huntington-tpke/N4SEGEMWS0-qCEpaS0W85A,trumbull-connecticut
https://www.ubereats.com/connecticut/food-delivery/mcdonalds-brdgprt-4219main/eNPJZzZ-StqwRa243oXtmQ,trumbull-connecticut
https://www.ubereats.com/connecticut/food-delivery/copper-city-bar-%26-grill/wxNhw81aTGicrO5CzDB7Mw,trumbull-connecticut
https://www.ubereats.com/connecticut/food-delivery/romanacci-ii/-v5Q63AvRRym7qssmKEEbg,trumbull-connecticut
https://www.ubereats.com/connecticut/food-delivery/hook-line-and-sinker/AHbzf4LhS_-Udk57JibFjw,trumbull-connecticut
https://www.ubereats.com/connecticut/food-delivery/balkana-european-market-%26-eatery/Du4xZSC9QpeygKFNjlxwBA,trumbull-connecticut
https://www.ubereats.com/connecticut/food-delivery/bagel-king-of-bridgeport/cQ-eh12_TjmI2jgqW9kIMg,trumbull-connecticut
https://www.ubereats.com/connecticut/food-delivery/taco-bell-5065-main-street/oPUTiPS0T3ST4He8laxVGQ,trumbull-connecticut
https://www.ubereats.com/connecticut/food-delivery/woodside-deli/bDQL3pILTYiNWlk_xpR6eg,trumbull-connecticut
https://www.ubereats.com/connecticut/food-delivery/stormys-bull-%26-barley/bHOY1YZ9QHG-CknBwoQ3cg,trumbull-connecticut
https://www.ubereats.com/connecticut/food-delivery/dunkin-447-monroe-tpke/PJtc7WhJSMeU1718EagMCQ,trumbull-connecticut
https://www.ubereats.com/connecticut/food-delivery/trumbull-cafe-%26-grill/FdGaVXxsQ9WX00zn8ZaAKA,trumbull-connecticut
https://www.ubereats.com/connecticut/food-delivery/outback-steakhouse-132-marsh-hill-road/rj38WMw3RvOhtzys-vM3vw,trumbull-connecticut
https://www.ubereats.com/connecticut/food-delivery/krispy-krunchy-chicken-1219-stratford-ave/f3wVJrpXQEWAdB3dv_zKNg,trumbull-connecticut
https://www.ubereats.com/connecticut/food-delivery/latino-deli-restaurant/Jvx9dShsQ9awJNAjZzJXvA,trumbull-connecticut
https://www.ubereats.com/connecticut/food-delivery/buffalo-wild-wings-1201-boston-post-rd/fVIaX8jES5Kkkgp7Z2Ch7Q,trumbull-connecticut
https://www.ubereats.com/connecticut/food-delivery/one-love-kv-2/zxDiVoLrQpO6Jl_GDVh7DQ,trumbull-connecticut
https://www.ubereats.com/connecticut/food-delivery/fairfield-deli-%26-grill/zOZfitF_RTuv9xD0iM-kwQ,trumbull-connecticut
https://www.ubereats.com/connecticut/food-delivery/hannahs-kitchen/JWv3pBKrRaSitZpVhshteA,trumbull-connecticut
https://www.ubereats.com/connecticut/food-delivery/trattoria-a-vucchella/zyss6fDHQtOzBOlwvxlm8g,trumbull-connecticut
https://www.ubereats.com/connecticut/food-delivery/nardellis-grinder-shoppeoxford/E-87F8fXRkmKSVHslrwPZw,trumbull-connecticut
https://www.ubereats.com/connecticut/food-delivery/crown-fried-chicken-fairfield-ave/WQjuZWHuSU2q8OpQSwIozA,trumbull-connecticut
https://www.ubereats.com/connecticut/food-delivery/new-asian-chinese-%26-japanese-restaurant/UK2ivf-SQTaHRlClxh6RcQ,trumbull-connecticut
https://www.ubereats.com/connecticut/food-delivery/game-on-bar/C98oM4KXTwSt5nm0bRh45Q,trumbull-connecticut
https://www.ubereats.com/connecticut/food-delivery/taco-loco-restaurant/B2Oy1ptpQUWLVwa9q-1cOA,trumbull-connecticut
https://www.ubereats.com/connecticut/food-delivery/bin-100-restaurant/NJivACkJSpSi7GAEeG2TQA,trumbull-connecticut
https://www.ubereats.com/connecticut/food-delivery/knapps-landing-restaurant/XrGAn5wCSxOc1clWNHlYvg,trumbull-connecticut
https://www.ubereats.com/connecticut/food-delivery/djs-pizza/7hhLgJgPSyykeHeZ0HJs5A,trumbull-connecticut
https://www.ubereats.com/connecticut/food-delivery/burger-king-902-bridgeport-avenue/h-GcDbh8RteBc_X8w0ImMQ,trumbull-connecticut
https://www.ubereats.com/connecticut/food-delivery/outback-steakhouse-698-bridgeport-avenue/8X4dZRcURt6THrMKHpubqg,trumbull-connecticut
https://www.ubereats.com/connecticut/food-delivery/burger-king-1540-barnum-avenue/9863f4HCSHGlQcW5AeigUg,trumbull-connecticut
https://www.ubereats.com/connecticut/food-delivery/johns-best/eAbQ5cXVSA-inM_gu_f5dA,trumbull-connecticut
https://www.ubereats.com/connecticut/food-delivery/charleys-philly-steaks-trumbull-mall/PHP0sdL4Sl2tjJlY17gCPw,trumbull-connecticut
https://www.ubereats.com/connecticut/food-delivery/chefs-table/uNxXiagfQ0-F1O3E_n8JKQ,trumbull-connecticut
https://www.ubereats.com/connecticut/food-delivery/eat-fish-restaurant/rPD8vqJ9SxuHD_fOAZUMjw,trumbull-connecticut
https://www.ubereats.com/connecticut/food-delivery/dunkin-280-washington-ave/NFarbV7_RDGwg4tS1oRiGg,trumbull-connecticut
https://www.ubereats.com/connecticut/food-delivery/peppinos-pizzeria/IKnkge2LTAiHAwT71ufv4g,trumbull-connecticut
https://www.ubereats.com/connecticut/food-delivery/ginkgo-sichuan-cuisine/BkpOItOeSa-dA5SuP_2qCg,trumbull-connecticut
https://www.ubereats.com/connecticut/food-delivery/jcs-sports-bar-%26-grill/y5o2WGjaQ1eIXc5fYcMJcQ,trumbull-connecticut
https://www.ubereats.com/connecticut/food-delivery/el-gallo-dorado-%232-restaurant/R4aahKmuQlyphbWUK0tSmA,trumbull-connecticut
https://www.ubereats.com/connecticut/food-delivery/kings-deli/r92Cij83SpK38alXjNzufw,trumbull-connecticut
https://www.ubereats.com/connecticut/food-delivery/big-jims-galley/vQsjbZEkRtebS-7v424jgA,trumbull-connecticut
https://www.ubereats.com/connecticut/food-delivery/fatboy-steak-n-cheese/Zopf6hv3SA2lw_24i5XNIA,trumbull-connecticut
https://www.ubereats.com/connecticut/food-delivery/collado-family-restaurant/vLwQwaenTuCE7D5C2TR60Q,trumbull-connecticut
https://www.ubereats.com/connecticut/food-delivery/olivias-restaurant-%26-juice-bar/5JssTIvfQYOYBlYU68i5PA,trumbull-connecticut
https://www.ubereats.com/connecticut/food-delivery/the-greek-spot/vENfutGfS5igPpApnQba4A,trumbull-connecticut
https://www.ubereats.com/connecticut/food-delivery/fatty-patty/oHfk_vDkTZiCjmuDM63vgA,trumbull-connecticut
https://www.ubereats.com/connecticut/food-delivery/kentucky-fried-chicken-north-main/xDM-EVm1T8K-Xps2Dy8Q0Q,trumbull-connecticut
https://www.ubereats.com/connecticut/food-delivery/tgi-fridays-690-orange-ct/U32ShMloTpS_lKiipdLxKg,trumbull-connecticut
https://www.ubereats.com/connecticut/food-delivery/berts-deli/cjG7dmQdStuq1Z9b9c7DlQ,trumbull-connecticut
https://www.ubereats.com/connecticut/food-delivery/mi-chinita/N4_mKKIcQUW7LeWQHIVZug,trumbull-connecticut
https://www.ubereats.com/connecticut/food-delivery/maioness-brick-oven-pizza/vt3W43F-R3qYofGA9xV6gQ,trumbull-connecticut
https://www.ubereats.com/connecticut/food-delivery/bocados-cafe/r53Oh3SrRz2To5rNz4O0dA,trumbull-connecticut
https://www.ubereats.com/connecticut/food-delivery/gioves-pizza-kitchen/prN_IWPmTe-h_jp31XAtKQ,trumbull-connecticut
https://www.ubereats.com/connecticut/food-delivery/subway-926-east-main-st/hXT2_EWZTDWiUDc0V5TkXw,trumbull-connecticut
https://www.ubereats.com/connecticut/food-delivery/goody-bassetts-ice-cream/s3t3JVgkT3KHHr9-0za5Sw,trumbull-connecticut
https://www.ubereats.com/connecticut/food-delivery/the-grinder-shoppe/TupHaKDzTQ-EN3X_pL6kEQ,trumbull-connecticut
https://www.ubereats.com/connecticut/food-delivery/quattro-pazzi-cafe-fairfield/xcfYt9R8RjmMnfXkCxmEHg,trumbull-connecticut
https://www.ubereats.com/connecticut/food-delivery/dairy-queen-treat-401-monroe-tpke/CIntWSdeRIqXim_1qqafsg,trumbull-connecticut
https://www.ubereats.com/connecticut/food-delivery/paramount-pizza/aDPEmoEOS1WiVahN611Cww,trumbull-connecticut
https://www.ubereats.com/connecticut/food-delivery/taqueria-la-michoacana/3zpC9Q_RTjCINzqwFU1YFg,trumbull-connecticut
https://www.ubereats.com/connecticut/food-delivery/whoopi-thai-cuisine/FoG18Bb8SNWsF2Umngkk_Q,trumbull-connecticut
https://www.ubereats.com/connecticut/food-delivery/el-salvador-restaurant/xsXRtfOFRtq8B85jKAcwjg,trumbull-connecticut
https://www.ubereats.com/connecticut/food-delivery/gioves-pizza/gkUT-7pMSuO7f7jPhTNE7Q,trumbull-connecticut
https://www.ubereats.com/connecticut/food-delivery/tonys-huntington-inn/EmcYrKhvStKq4uCp1_rsKg,trumbull-connecticut
https://www.ubereats.com/connecticut/food-delivery/little-pub-fairfield/MsztJS72SZOOc0noRtwzIA,trumbull-connecticut
https://www.ubereats.com/connecticut/food-delivery/hooties-burger-bar-milford/LOQjOmThQV-xj7c3yn_Fow,trumbull-connecticut
https://www.ubereats.com/connecticut/food-delivery/palma-restaurant/DagizrO8SGW8fKcxSmm6uA,trumbull-connecticut
https://www.ubereats.com/connecticut/food-delivery/china-ming/yeH51ZVQSfCZZ3fV8qQXGA,trumbull-connecticut
https://www.ubereats.com/connecticut/food-delivery/vedas-indian-cuisine-westport/h1aPIOG9RUaXeKIU7WwB9w,trumbull-connecticut
https://www.ubereats.com/connecticut/food-delivery/coyote-flaco-845-e-main-st/LX3QLUalQUyf_ccLH9h8mg,trumbull-connecticut
https://www.ubereats.com/connecticut/food-delivery/catch-a-healthy-habit/RBJo-t31TSa_qqEjCKDddw,trumbull-connecticut
https://www.ubereats.com/connecticut/food-delivery/new-kitchen/MwIlO79CQs2sPJPwZaBRZw,trumbull-connecticut
https://www.ubereats.com/connecticut/food-delivery/three-bridges-coffeehouse/rofa3k2uSUOm8RwABh_vYw,trumbull-connecticut
https://www.ubereats.com/connecticut/food-delivery/drewbaq-smoke-shack/1zHmUkQuQ6WvJsYTdVzmYg,trumbull-connecticut
https://www.ubereats.com/connecticut/food-delivery/la-mexicana-restaurant-and-bakery/47GETxRPR-GsQtweU4O6ug,trumbull-connecticut
https://www.ubereats.com/connecticut/food-delivery/taco-town/kxoPlNx5RqOAA9_AbYjh9Q,trumbull-connecticut
https://www.ubereats.com/connecticut/food-delivery/creole-fusion-cuisine/bMfr7whxS2SHGSoGBDul6Q,trumbull-connecticut
https://www.ubereats.com/connecticut/food-delivery/the-blind-rhino/FFTQLyr_SNWca7Xb2sCEVg,trumbull-connecticut
https://www.ubereats.com/connecticut/food-delivery/cricket-car-hop/T99cD_jfQjCuOsSX9T-Pqw,trumbull-connecticut
https://www.ubereats.com/connecticut/food-delivery/center-street-social/sVEoTEAVTU-sJUMNKQaCzQ,trumbull-connecticut
https://www.ubereats.com/connecticut/food-delivery/starbucks-fairfield-black-rock-turnpike/_sNJyAFeQKKPiE5Se4bJ6g,trumbull-connecticut
https://www.ubereats.com/connecticut/food-delivery/mcdonalds-hawley-lane-trumbull/Ha29VbVlQ3ay3rf9h0CZnw,trumbull-connecticut
https://www.ubereats.com/connecticut/food-delivery/five-guys-ct-1380-340-grasmere-ave/j8xHLPQ9QWWs-h7b2j469A,trumbull-connecticut
https://www.ubereats.com/connecticut/food-delivery/dunkin-979-main-st/SSEENB4RSjSLUMwXekWu7Q,trumbull-connecticut
https://www.ubereats.com/connecticut/food-delivery/wendys-1105-main-street/6fXAK-MGQROLFt-r5ViEsw,trumbull-connecticut
https://www.ubereats.com/connecticut/food-delivery/mcdonalds-1700-park-ave-bridgeport/wj9rEA8sR-ak7VKBihJRxQ,trumbull-connecticut
https://www.ubereats.com/connecticut/food-delivery/riverdale-diner/dTVOmBN7Q0GQrV_TQiBf4A,trumbull-connecticut
https://www.ubereats.com/connecticut/food-delivery/wings-over-fairfield/MzPcY0gTSqi6Hh2Xb6HT7Q,trumbull-connecticut
https://www.ubereats.com/connecticut/food-delivery/brick-oven-on-main/HPMgFRSuTHyDgOQsSf5XOg,trumbull-connecticut
https://www.ubereats.com/connecticut/food-delivery/dunkin-135-main-st/g3SYSAIURPe5YFT54CxuBQ,trumbull-connecticut
https://www.ubereats.com/connecticut/food-delivery/strickly-good-eatz-llc/W09fas7fReibcJYc3ezYSg,trumbull-connecticut
https://www.ubereats.com/connecticut/food-delivery/new-golden-empire/9g1ebZ75Sam0NpbP14lHjA,trumbull-connecticut
https://www.ubereats.com/connecticut/food-delivery/stratford-skillet/YZf0qrLzReuhkh7jCPAqBQ,trumbull-connecticut
https://www.ubereats.com/connecticut/food-delivery/tacocat/r9-GQQZ_QkusAVKx0KbU7g,trumbull-connecticut
https://www.ubereats.com/connecticut/food-delivery/twisted-vine-restaurant/-Mea3eYdStuemU3TWlin3g,trumbull-connecticut
https://www.ubereats.com/connecticut/food-delivery/vira-deli-stratford/etKpmAUSTtK4RXVvopUDMw,trumbull-connecticut
https://www.ubereats.com/connecticut/food-delivery/ninos-place/Z8UxxZUIS521dpp8coTYnw,trumbull-connecticut
https://www.ubereats.com/connecticut/food-delivery/jb-vibes/I0e-gSWoRUSJVwt9MXUoLA,trumbull-connecticut
https://www.ubereats.com/connecticut/food-delivery/burger-king-193-boston-avenue/aIkgcbExQQaQn9RSGS6q3g,trumbull-connecticut
https://www.ubereats.com/connecticut/food-delivery/salernos-apizza1398-barnum-ave/MrqA58APRWG0ifvhloVqJg,trumbull-connecticut
https://www.ubereats.com/connecticut/food-delivery/ceviche-palace/wL0owQrASxm2AvSB2NW9Sg,trumbull-connecticut
https://www.ubereats.com/connecticut/food-delivery/watermelon/iDKo_XxwSPaPbT4_SyQGLQ,trumbull-connecticut
https://www.ubereats.com/connecticut/food-delivery/san-jiang/Lm2YtLlEREq2Eh_l3Bbl8w,trumbull-connecticut
https://www.ubereats.com/connecticut/food-delivery/cibus-latin-fusion/1nyZEcfeRT2uGkHHdSSKgQ,trumbull-connecticut
https://www.ubereats.com/connecticut/food-delivery/papa-johns-pizza-bridgeport/52G0_W5XR6qo8PKeIt4wmw,trumbull-connecticut
https://www.ubereats.com/connecticut/food-delivery/miss-thelmas/J10h2CnUQECEKP_pL2Vmgw,trumbull-connecticut
https://www.ubereats.com/connecticut/food-delivery/dunkin-195-congress-st/slyIZMtLQH-6l8umx8rYQw,trumbull-connecticut
https://www.ubereats.com/connecticut/food-delivery/new-great-china/SjI7CNVHQ-epG-QKSWv_lg,trumbull-connecticut
https://www.ubereats.com/connecticut/food-delivery/subway-930-main-st/qgV_lRHKShiAz5uhDR5WOA,trumbull-connecticut
https://www.ubereats.com/connecticut/food-delivery/lulus-city-smoke/Y1Aw3jJ4SLWZ1LoycwSlZw,trumbull-connecticut
https://www.ubereats.com/connecticut/food-delivery/antojitos-latinos-bar-%26-restaurant/44sPh4xpRP6IsTEryQpUxw,trumbull-connecticut
https://www.ubereats.com/connecticut/food-delivery/new-point-of-bridgeport/w9ZQ73Q8T8y_t2G1dWHHfw,trumbull-connecticut
