url,city
https://www.ubereats.com/portland/food-delivery/ava-roasteria-beaverton/4TbnTUrsQjukKWpFSuCZNQ,tualatin-oregon
https://www.ubereats.com/portland/food-delivery/22-below/5impkRN0RrqleN6xUrJx4Q,tualatin-oregon
https://www.ubereats.com/portland/food-delivery/tang-dynasty/fTXoruTpTMaYQacZPiKuGg,tualatin-oregon
https://www.ubereats.com/portland/food-delivery/seasons-%26-regions-seafood-grill/T9bARhceR1ay2rFiYLn6Aw,tualatin-oregon
https://www.ubereats.com/portland/food-delivery/garden-bar/szqhO-XgSa2rrtxUsBtNXQ,tualatin-oregon
https://www.ubereats.com/portland/food-delivery/shawarma-spot/2UDZiq03TcaKwubIVLuveQ,tualatin-oregon
https://www.ubereats.com/portland/food-delivery/la-provence-progress-ridge/V6XWycZFTPOQqdvAUy4AEw,tualatin-oregon
https://www.ubereats.com/portland/food-delivery/black-rock-coffee-21250-sw-tualatin-valley-hwy/YtDzDImjRhC6PbafL_v65A,tualatin-oregon
https://www.ubereats.com/portland/food-delivery/red-robin-532-21170-sw-lanager-farms-pkwy/yzbd0C1fQXi8WpDErfGviQ,tualatin-oregon
https://www.ubereats.com/portland/food-delivery/koi-fusion-bethany/QQIOzLx2Rj-5524Yp55wWA,tualatin-oregon
https://www.ubereats.com/portland/food-delivery/veggie-grill-cedar-hills/DiluTreATFOFRLWB1Kr7FQ,tualatin-oregon
https://www.ubereats.com/portland/food-delivery/mcdonalds-tigard-sw-schols/D_iIXJgcTqGY-3GQnRNn3Q,tualatin-oregon
https://www.ubereats.com/portland/food-delivery/taco-bell-19305-sw-martinazzi-ave/dy5wZVy-QlOC6iYQ-K8wGg,tualatin-oregon
https://www.ubereats.com/portland/food-delivery/village-inn/PYgBNBdESvm13SkOmpzCRQ,tualatin-oregon
https://www.ubereats.com/portland/food-delivery/808-grinds-cafe/YixF-FP8R0OYi8iGuXCENw,tualatin-oregon
https://www.ubereats.com/portland/food-delivery/menchies-frozen-yogurt-4835-meadows-rd/VXDktDBSTM-PhXmknp6s0g,tualatin-oregon
https://www.ubereats.com/portland/food-delivery/juan-colorado/x-0S94NZTUyX9N_e2svn8Q,tualatin-oregon
https://www.ubereats.com/portland/food-delivery/too-sweet-cakes/mXbzcW_KSVeRv31M-DbCMQ,tualatin-oregon
https://www.ubereats.com/portland/food-delivery/little-big-burger-multnomah-village/tMLH56qcT4O6UZ5Nrvnkuw,tualatin-oregon
https://www.ubereats.com/portland/food-delivery/donut-land/E4aFLwarR0m0djvXd9T03w,tualatin-oregon
https://www.ubereats.com/portland/food-delivery/vina-deli-baguette/862mDclnTvmS4hJSqgaI_w,tualatin-oregon
https://www.ubereats.com/portland/food-delivery/papa-murphys-15630-boones-ferry-road/-vJYCmxoTxyHyfI6tuErFg,tualatin-oregon
https://www.ubereats.com/portland/food-delivery/black-bear-diner-30175-sw-park-avenue/IWtS4Kj9SgGQJqHZaO63Rg,tualatin-oregon
https://www.ubereats.com/portland/food-delivery/mazatlan-mexican-restaurant/cjwkA7JYRx6At1pBP4HmZQ,tualatin-oregon
https://www.ubereats.com/portland/food-delivery/panda-express-1020-sw-1st-avenue/IkTSdQ5cTq-CnLFsdrDiBg,tualatin-oregon
https://www.ubereats.com/portland/food-delivery/baby-clovis/HjHk1pvyRBaVOX7rrvkQHA,tualatin-oregon
https://www.ubereats.com/portland/food-delivery/si-senor-family-mexican-restaurant-portland/iaa4Pqu2Rb2b4NpwB_4nRA,tualatin-oregon
https://www.ubereats.com/portland/food-delivery/red-curry-thai-restaurant/UfA6L88PQC2xyMpASrdhAQ,tualatin-oregon
https://www.ubereats.com/portland/food-delivery/sushi-zen/ZKg7VgcyRb2iubPDLrJ7mg,tualatin-oregon
https://www.ubereats.com/portland/food-delivery/papa-murphys-2000-8th-avenue/cwW044f4TH6L0X6IuI-y6Q,tualatin-oregon
https://www.ubereats.com/portland/food-delivery/mamas-teriyaki/mDv_cgh5TLiqla6MgiQp3A,tualatin-oregon
https://www.ubereats.com/portland/food-delivery/koi-fusion/o0SXX0J-TbaOUwwptiT0wA,tualatin-oregon
https://www.ubereats.com/portland/food-delivery/biscuits-cafe-scholls-ferry/EYUJcrauTvmR4dY2iFFZfA,tualatin-oregon
https://www.ubereats.com/portland/food-delivery/koi-fusion-bridgeport-village/wCoQgIfgRE-OmWGzPMK5gg,tualatin-oregon
https://www.ubereats.com/portland/food-delivery/ij-sushi-burrito-restaurant/zYL7L_b9RhOX2ZPZ4F5aGw,tualatin-oregon
https://www.ubereats.com/portland/food-delivery/chipotle-mexican-grill-21332-sw-langer-farms-pkwy-ste-118/lgxuhrxwTpSx9MWtASs8-Q,tualatin-oregon
https://www.ubereats.com/portland/food-delivery/happy-fortune/1Ris57wGSPqRDcjzOswLHQ,tualatin-oregon
https://www.ubereats.com/portland/food-delivery/the-ice-cream-shop/D_44_lt2RDGEQtS1IgxGjg,tualatin-oregon
https://www.ubereats.com/portland/food-delivery/chipotle-mexican-grill-7003-sw-nyberg-st/_sWwJg1wTUqT2-KVi4DEyQ,tualatin-oregon
https://www.ubereats.com/portland/food-delivery/kfc-sherwood/Fmb2pdRCSlWCQkJSZrZymw,tualatin-oregon
https://www.ubereats.com/portland/food-delivery/skyline-restaurant/zPTykclTQO-HidLSNL3Y_g,tualatin-oregon
https://www.ubereats.com/portland/food-delivery/chipotle-mexican-grill-8-centerpointe-dr-ste-b/xeLtHEodSzWXWEfgG8IQTQ,tualatin-oregon
https://www.ubereats.com/portland/food-delivery/banya-sushi/JsQqviq2SZ6tgIeoSp4raQ,tualatin-oregon
https://www.ubereats.com/portland/food-delivery/canton-phoenix/qiSA_fZuRHqPjtmQF3QPyQ,tualatin-oregon
https://www.ubereats.com/portland/food-delivery/langers/qhvzZT1PSiKVIvNmMDEoXQ,tualatin-oregon
https://www.ubereats.com/portland/food-delivery/mazatlan-mexican-restaurant-king-city/TwFxPNi7SgmpUUXdVyIiYw,tualatin-oregon
https://www.ubereats.com/portland/food-delivery/taco-bell-11635-sw-pacific-hwy/33gYHGBFR2KI287TWw9CQg,tualatin-oregon
https://www.ubereats.com/portland/food-delivery/red-lobster-10330-sw-greenburg-road/b0xdaWbkQCixdxnxTiuXYw,tualatin-oregon
https://www.ubereats.com/portland/food-delivery/oregon-city-ice-house/svwMFN1LTvy8NUKlK9_HTA,tualatin-oregon
https://www.ubereats.com/portland/food-delivery/j-willys-public-house-and-eatery/E4NCa_wGQo-XkSU81hTNYw,tualatin-oregon
https://www.ubereats.com/portland/food-delivery/rice-thai-cookery/JL2X8vQUQRe_xhR6eltT2w,tualatin-oregon
https://www.ubereats.com/portland/food-delivery/charleys-philly-steaks-9651-sw-washington-square-rd/kNVRSMW7SbWvD-lLOYlCfA,tualatin-oregon
https://www.ubereats.com/portland/food-delivery/qdoba-30040-sw-boones-ferry-rd/cITZx1I9Svyg8BbjPKfa9Q,tualatin-oregon
https://www.ubereats.com/portland/food-delivery/taco-bell-845-s-w-1st-avenue/fQlYNAdnQqWpxl0cuJql_Q,tualatin-oregon
https://www.ubereats.com/portland/food-delivery/burger-king-17971-sw-mc-ewan-road/bvvTKQzrR5Ow13RuRyBRvg,tualatin-oregon
https://www.ubereats.com/portland/food-delivery/muchas-gracias-mexican-food/-dFykIzuSTmVEUnDnA0-PA,tualatin-oregon
https://www.ubereats.com/portland/food-delivery/pyzanos-lounge-and-grill/DlJzzh8gQXyhAhkgzJ25Mw,tualatin-oregon
https://www.ubereats.com/portland/food-delivery/hermans-vegan-organic-bakery/ulR5Vua0RKOuT-4gzfxhzg,tualatin-oregon
https://www.ubereats.com/portland/food-delivery/buffalo-wild-wings-8505-tualatin-sherwood-rd/xFvO-yb_TQqb1V1ZhAxzMw,tualatin-oregon
https://www.ubereats.com/portland/food-delivery/panera-7149-sw-nyberg-st/6Is2rzUlTRqpa2QZrTvrCg,tualatin-oregon
https://www.ubereats.com/portland/food-delivery/la-sen-vietnamese-grill-tualatin/_FZ5XYTQR62LXlf9IyTUEQ,tualatin-oregon
https://www.ubereats.com/portland/food-delivery/mcdonalds-11201-sw-72nd/oyuYFynyRbad6l0ro5SN0A,tualatin-oregon
https://www.ubereats.com/portland/food-delivery/red-robin-77-10100-sw-washington-square-rd/nGL5F6E6SkK2Ojq0d5p5fg,tualatin-oregon
https://www.ubereats.com/portland/food-delivery/rustix-pub/C949Ih3sT5WR-TUaVd6t2Q,tualatin-oregon
https://www.ubereats.com/portland/food-delivery/delight-donuts/hOJj2_IXTLetOYfqM63-PQ,tualatin-oregon
https://www.ubereats.com/portland/food-delivery/babylon-mediterranean-restaurant/0YDwvmvJRNajmhYPKnDBYQ,tualatin-oregon
https://www.ubereats.com/portland/food-delivery/starbucks-hwy-99-sherwood/OC5NU8ggRRmX9zC8tMwM7w,tualatin-oregon
https://www.ubereats.com/portland/food-delivery/brothers-wings-%26-bings-10075-sw-barbur-blvd/cWUDYVFVQLuZHzQ6wFhhtQ,tualatin-oregon
https://www.ubereats.com/portland/food-delivery/bugattis-oregon-city/cHwS7Li2RMOOPN386aMyCQ,tualatin-oregon
https://www.ubereats.com/portland/food-delivery/noodles-%26-company-29991-sw-town-center-loop/5vs8Z98jRhCmoHmjvWdFPw,tualatin-oregon
https://www.ubereats.com/portland/food-delivery/mo-cha-tea-house/iE0MczLiRte6W5lOv4ot2g,tualatin-oregon
https://www.ubereats.com/portland/food-delivery/freshii-11727-sw-beaverton-hillsdale/5-pvE0uFQ6aM_Fjybh73sA,tualatin-oregon
https://www.ubereats.com/portland/food-delivery/pieology-pizza-%26-wings-7695-sw-nyberg/wwX8ensZSPSi3uy-I88dIA,tualatin-oregon
https://www.ubereats.com/portland/food-delivery/cafe-yumm!-beaverton/wEUFr3maRI2SvaI8oVRwQg,tualatin-oregon
https://www.ubereats.com/portland/food-delivery/jamba-juice-8261-b-sw-wilsonville-rd/Ogvdr5VCQAqNw9NqDBxs6A,tualatin-oregon
https://www.ubereats.com/portland/food-delivery/thai-pasta-cuisine/I9O5jj6ASL2ftAUAR9Uhvw,tualatin-oregon
https://www.ubereats.com/portland/food-delivery/next-level-burger-lake-oswego/W9HBQt6iRpyW_y7uQpF9mw,tualatin-oregon
https://www.ubereats.com/portland/food-delivery/thai-lemon-restaurant/FKInMwIXRmS_rFv_RjVzMg,tualatin-oregon
https://www.ubereats.com/portland/food-delivery/wilsonville-lanes-cafe/OIDoDpGaQAqkbpvu736zlw,tualatin-oregon
https://www.ubereats.com/portland/food-delivery/bellagios-pizza-lake-oswego/BKRLBDP4Qk2L91yJlpfEnw,tualatin-oregon
https://www.ubereats.com/portland/food-delivery/love-pasta/n2u44HiaQx65oDAeXCo92w,tualatin-oregon
https://www.ubereats.com/portland/food-delivery/which-wich-superior-sandwiches-7500-sw-dartmouth-st/NH7-oN0_TtWReolh9o42ww,tualatin-oregon
https://www.ubereats.com/portland/food-delivery/black-rock-coffee-bar-11538-sw-pacific-hwy/TyvRIPkfTRms4MmiNH5GSQ,tualatin-oregon
https://www.ubereats.com/portland/food-delivery/big-town-hero-tigard/01MsrHsgRcOzx8x9YaXnjQ,tualatin-oregon
https://www.ubereats.com/portland/food-delivery/applebees-6325-sw-meadows-road-%2384039/EBhm1HOKRnWJ39SASQR9zQ,tualatin-oregon
https://www.ubereats.com/portland/food-delivery/subway-7600-sw-dartmouth-st/PLI5QaPRSqCpW6KZRzVReQ,tualatin-oregon
https://www.ubereats.com/portland/food-delivery/panda-express-9641-sw-washington-square-rd/pUZIiF14R-m7lJTIa6T6ow,tualatin-oregon
https://www.ubereats.com/portland/food-delivery/honey-baked-ham-358-warner-milne-rd/Et_QDn7zRdmZRj9kGU4zaA,tualatin-oregon
https://www.ubereats.com/portland/food-delivery/thirsty-duck-saloon/-VOvaTUEQhKrI5z-Sej_gQ,tualatin-oregon
https://www.ubereats.com/portland/food-delivery/mcdonalds-10050-sw-barbur-blvd/4AmjlvLKQMiO9AeiFGee2g,tualatin-oregon
https://www.ubereats.com/portland/food-delivery/piece-of-cake/ZsDU-U__SHiTFjuWUmcVlw,tualatin-oregon
https://www.ubereats.com/portland/food-delivery/the-waffle-window-sw-bridgeport/_E1fYfVcTayWalKpUaoUjQ,tualatin-oregon
https://www.ubereats.com/portland/food-delivery/burger-king-10105-sw-nimbus-road/YKw02x6qQSOABr1gzgwFNw,tualatin-oregon
https://www.ubereats.com/portland/food-delivery/up-n-smoke-bbq-pit/9D5pt-MdQ4OPULajJI6k0Q,tualatin-oregon
https://www.ubereats.com/portland/food-delivery/amazing-gyro/UVZRMYxzSle2qOybqr5j7Q,tualatin-oregon
https://www.ubereats.com/portland/food-delivery/dairy-queen-grill-%26-chill-12870-sw-farmington-rd/9oxkq2CPSoempkSPQ8JgHQ,tualatin-oregon
https://www.ubereats.com/portland/food-delivery/yifang-taiwan-fruit-tea/XoWM4ki9T1Sj0_ENIvfy5A,tualatin-oregon
https://www.ubereats.com/portland/food-delivery/mod-pizza-bridgeport/tGpRk11GSdaCFw0YSe-uEA,tualatin-oregon
https://www.ubereats.com/portland/food-delivery/freshii-4811-meadows-road-suite-111/2mwiNrHDSUqcScDIeF3urA,tualatin-oregon
https://www.ubereats.com/portland/food-delivery/hero-sushi-%26-sake-bar/0DJBHfP1RvyIP96rgLo9hA,tualatin-oregon
https://www.ubereats.com/portland/food-delivery/non-la-restaurant/AIgKKHVaTdKYPELtE8Z_Hg,tualatin-oregon
https://www.ubereats.com/portland/food-delivery/sushi-valley/YApOUPo0QcuEIj2g1cfDIg,tualatin-oregon
https://www.ubereats.com/portland/food-delivery/five-guys-or-0476-19574-molalla-ave/3YL25SfTS2utWKLfPhlzJA,tualatin-oregon
https://www.ubereats.com/portland/food-delivery/dar-essalam/6zHgM9ttRxuTK9ZuQUm7kA,tualatin-oregon
https://www.ubereats.com/portland/food-delivery/five-guys-or-0398-2050-8th-ave/U-JHJHZZTLOpzPEz8Noa7w,tualatin-oregon
https://www.ubereats.com/portland/food-delivery/ava-roasteria-barrows-road/IzNE5IJKT0iIsrVxtHUHSw,tualatin-oregon
https://www.ubereats.com/portland/food-delivery/taco-bell-6560-sw-beaverton/kMF08G0gTR-hOCnMzghiiQ,tualatin-oregon
https://www.ubereats.com/portland/food-delivery/taco-bell-19795-mcloughlin-blvd/KTe6IbQNQMCaYTq0bsX78g,tualatin-oregon
https://www.ubereats.com/portland/food-delivery/hawaiian-time/aiC_kq6RTBSYE3Q-FlPNEA,tualatin-oregon
https://www.ubereats.com/portland/food-delivery/carls-jr-17929-sw-mcewan-ave/Kx_BlFRbRv6oRQ3G9ck9HQ,tualatin-oregon
https://www.ubereats.com/portland/food-delivery/killer-burger-sherwood/h2KUfr9TQNOS9P6WRy7F0Q,tualatin-oregon
https://www.ubereats.com/portland/food-delivery/papa-johns-pizza-aloha/ekkj3-4aQ2mt6o_BOB87Bw,tualatin-oregon
https://www.ubereats.com/portland/food-delivery/bellagios-pizza-tigard/29VGM-toTZiWU5OjHDVLhQ,tualatin-oregon
https://www.ubereats.com/portland/food-delivery/jersey-mikes-subs-sherwood/Us4XpisUREKbMjeoGSLRtw,tualatin-oregon
https://www.ubereats.com/portland/food-delivery/taco-bell-6255-se-tuallatin-valley/6qzqcmWUTzynxLBjdF2U_g,tualatin-oregon
https://www.ubereats.com/portland/food-delivery/thirsty-lion-gastropub-%26-grill-washington-square/85wY6ySsReWWUuC_zIQMzQ,tualatin-oregon
https://www.ubereats.com/portland/food-delivery/divine-catering-and-cafe/u6KhQux2SWKJzn50YXUS7w,tualatin-oregon
https://www.ubereats.com/portland/food-delivery/papa-murphys-19407-south-west-boones-ferry-road/IR_07xznTb6fFMAGQdAu_g,tualatin-oregon
https://www.ubereats.com/portland/food-delivery/carls-jr-8703-sw-toalatin-sherwood-rd/8dtRIC17QS6kEZnYG8bENg,tualatin-oregon
https://www.ubereats.com/portland/food-delivery/gyro-fresh-mediterranean-grill/jDDq8CeyQHWiLhR0DXevCQ,tualatin-oregon
https://www.ubereats.com/portland/food-delivery/abhiruchi-indian-restaurant/oiuAA0K6Sl2dGOoMotlCug,tualatin-oregon
https://www.ubereats.com/portland/food-delivery/starbucks-sw-elligsen-%26-i-5/gufqkgHaRMuYSFIAXZhTQg,tualatin-oregon
https://www.ubereats.com/portland/food-delivery/ihop-16814-sw-edy-road/DTgzqFeiRlWWK49nGvumaA,tualatin-oregon
https://www.ubereats.com/portland/food-delivery/fujiya-ramen/mIV2dsBAQVCJxt8p4QhO2A,tualatin-oregon
https://www.ubereats.com/portland/food-delivery/uglyfish/KGfgIHeqQe-HLs1BUY2Tig,tualatin-oregon
https://www.ubereats.com/portland/food-delivery/dabba-indian-kitchen/hjDWIDb9ROKAxZzLV_9VfQ,tualatin-oregon
https://www.ubereats.com/portland/food-delivery/mcdonalds-16044-lower-boones-ferry/PYLYk2xxROqJC7Gy3VLuHQ,tualatin-oregon
https://www.ubereats.com/portland/food-delivery/honey-spicy-bowl/0Z-RniuJT7OFPBHa3scqnQ,tualatin-oregon
https://www.ubereats.com/portland/food-delivery/bannings-restaurant-and-pie-house/twhQcI4wT7-nN_GV7cxTXQ,tualatin-oregon
https://www.ubereats.com/portland/food-delivery/taco-bell-19275-sw-tualatin-valley-hwy/QFUOoeHPS0mu6Abv6rFVZA,tualatin-oregon
https://www.ubereats.com/portland/food-delivery/abbys-legendary-pizza-oregon-city/KJBo8KOnQqymPoJPB5uuIg,tualatin-oregon
https://www.ubereats.com/portland/food-delivery/kfc-canby/CEE8jMGJSN-yFmqswt6XyA,tualatin-oregon
https://www.ubereats.com/portland/food-delivery/taco-bell-16240-sw-langer-drive/y6fWy3NmTgKiZPHkGcxYgQ,tualatin-oregon
https://www.ubereats.com/portland/food-delivery/stickmen-brewing-company-lake-oswego/dzxVOPLGS3u95bKneikYnA,tualatin-oregon
https://www.ubereats.com/portland/food-delivery/48-north-pizzeria-dartmouth/ooM-DPTmS9OO9J5P_ncl3A,tualatin-oregon
https://www.ubereats.com/portland/food-delivery/opa-pizzaria/NW0rOZaYQxiaKbdSV3okhw,tualatin-oregon
https://www.ubereats.com/portland/food-delivery/chans-steakery/Kia9MTejRoCtP1-IEahUWA,tualatin-oregon
https://www.ubereats.com/portland/food-delivery/the-local-cow-west/fXRHGs-kSXu4LoA76tJBBw,tualatin-oregon
https://www.ubereats.com/portland/food-delivery/subway-11634-sw-pacific-hwy/ASnq0SO8Sma_uq2ENLcrOQ,tualatin-oregon
https://www.ubereats.com/portland/food-delivery/koi-fusion-washington-square/wNKaVM4hRKSPMDYIGOhLmQ,tualatin-oregon
https://www.ubereats.com/portland/food-delivery/cafe-yumm!-wilsonville/bgZRHT0mQISya4I7pnvSdg,tualatin-oregon
https://www.ubereats.com/portland/food-delivery/red-robin-534-7425-sw-nyberg-street/yDBm_nEwTDW8K4xHSbUgiQ,tualatin-oregon
https://www.ubereats.com/portland/food-delivery/sonic-30129-sw-boones-ferry-road/uEmVfgrlT9mc9Z2M9AlAwA,tualatin-oregon
https://www.ubereats.com/portland/food-delivery/ava-roasteria-lake-oswego/lPkMbFBPQYaCNqzGD3fRQA,tualatin-oregon
https://www.ubereats.com/portland/food-delivery/carinas-bakery/XWRHtghETFiNlFc7JRomGg,tualatin-oregon
https://www.ubereats.com/portland/food-delivery/papa-murphys-6111-south-west-murray-blvd/aLNpAWHYSFarRkxyJyLQVQ,tualatin-oregon
https://www.ubereats.com/portland/food-delivery/panda-express-11490-sw-canyon-rd-%23100/tNfk9m1eQu2nLTVxvoKoKg,tualatin-oregon
https://www.ubereats.com/portland/food-delivery/panda-express-17799-sw-65th-ave/noa_RwIXQdO2IJolkXtntA,tualatin-oregon
https://www.ubereats.com/portland/food-delivery/sonic-15336-sw-highway-99/wZx6JoCIRza9j2r5VSZypQ,tualatin-oregon
https://www.ubereats.com/portland/food-delivery/five-guys-or-0341-2606-cedar-hills-blvd/cgFNjvUZS6ajy7s69exg4A,tualatin-oregon
https://www.ubereats.com/portland/food-delivery/baghdad-gyro/zVRBn3AuTTOtzn6hCaxerw,tualatin-oregon
https://www.ubereats.com/portland/food-delivery/karam-lebanese-deli-%26-catering/blsdZVacQiWqCiftLrC7Ag,tualatin-oregon
https://www.ubereats.com/portland/food-delivery/burger-king-9165-s-w-wilsonville-road/Hz1TnlftRLWHYL1UxRoU1Q,tualatin-oregon
https://www.ubereats.com/portland/food-delivery/toki-sushi-and-teriyaki/JBO6TPYeR32tgSxYTQiogA,tualatin-oregon
https://www.ubereats.com/portland/food-delivery/wendys-7485-sw-nyberg-rd/cQfVBS8sTkGXpU3FBuVxGw,tualatin-oregon
https://www.ubereats.com/portland/food-delivery/stanfords-restaurant-%26-bar-14801-kruse-oaks-boulevard/HHnudDqjSoKYO9_XTxRxCg,tualatin-oregon
https://www.ubereats.com/portland/food-delivery/casa-lola-kitchen-de-mexico/G0TvU2SMRVeiV7EyQuVWxw,tualatin-oregon
https://www.ubereats.com/portland/food-delivery/busters-texas-style-barbecue-tigard/7N7ltFBhSCyi3eaVQZTbpA,tualatin-oregon
https://www.ubereats.com/portland/food-delivery/nekter-juice-bar-lake-oswego/lanCNdxvRYGep03UPX6LsA,tualatin-oregon
https://www.ubereats.com/portland/food-delivery/the-ice-cream-shop/j_YWCBdgRouqjG2Hs5k3BA,tualatin-oregon
https://www.ubereats.com/portland/food-delivery/the-human-bean-8355-sw-beaverton-hillsdale-hwy/RNtM2SpxQvy4A1MoiSUBKg,tualatin-oregon
https://www.ubereats.com/portland/food-delivery/enjoy-teriyaki/o2sfvD5sQy68-rr_ejXTYw,tualatin-oregon
https://www.ubereats.com/portland/food-delivery/menchies-frozen-yogurt-21430-sw-langer-farms-pkwy/AyiDG_itSlqn_P4IuYOz8g,tualatin-oregon
https://www.ubereats.com/portland/food-delivery/black-rock-coffee-1801-molalla-ave/IpwltvUMTtqAgBmt6-l2jg,tualatin-oregon
https://www.ubereats.com/portland/food-delivery/din-tai-fung-washington-square/wfaS_ONZTwuyKzd0NTD8KA,tualatin-oregon
https://www.ubereats.com/portland/food-delivery/pho-tiger-inc/_v7tcaOjRAuZagaE-QYXxw,tualatin-oregon
https://www.ubereats.com/portland/food-delivery/little-big-burger-progress-ridge/aQLpjtiURKeC5cfFuOAV2w,tualatin-oregon
https://www.ubereats.com/portland/food-delivery/swagat-indian-cuisine-beaverton/Wqna29rQQMmkB3gR_a3PpQ,tualatin-oregon
https://www.ubereats.com/portland/food-delivery/rivershore-bar-%26-grill/e2bJ-q_pSN6Y-Ovo1eSonQ,tualatin-oregon
https://www.ubereats.com/portland/food-delivery/starbucks-sherwood-parkway-village/Q3Lpa2NiRJeH5NNl_ddv1Q,tualatin-oregon
https://www.ubereats.com/portland/food-delivery/native-foods-cafe-bridgeport-village/M8xv7mkJRJO2s5jhJHqDhw,tualatin-oregon
https://www.ubereats.com/portland/food-delivery/wichita-bar-%26-grill-molalla/7he01eoDSCqguu1PZoCGBw,tualatin-oregon
https://www.ubereats.com/portland/food-delivery/west-coast-drinkery/3ZiNICoZTMiSS_ghfZMPog,tualatin-oregon
https://www.ubereats.com/portland/food-delivery/kfc-1308-molalla-ave/Yu1-LuopR322vqeon1-__A,tualatin-oregon
https://www.ubereats.com/portland/food-delivery/taiwan-bistro/g6NqF4pfSs2brPr-hl6rvQ,tualatin-oregon
https://www.ubereats.com/portland/food-delivery/tachos-mexican-restaurant-%26-cantina/qduMDoZwQ4yPskbTFu6spg,tualatin-oregon
https://www.ubereats.com/portland/food-delivery/taco-bell-8715-sw-hall-blvd/kksnPDDoT6S1bFcxIRArtg,tualatin-oregon
https://www.ubereats.com/portland/food-delivery/mccormick-%26-schmicks-17015-sw-72nd-ave/QP1HWaBfQoC7JMVTiANevA,tualatin-oregon
https://www.ubereats.com/portland/food-delivery/lil-cooperstown-west-linn/PuIjroPYRhS3OR8DOI5H0w,tualatin-oregon
https://www.ubereats.com/portland/food-delivery/kokiyo-teriyaki-express/ES5KyZkzQgquiJ3oa0rsUQ,tualatin-oregon
https://www.ubereats.com/portland/food-delivery/the-9900/StIQ5lPnRHiachuPQP_svg,tualatin-oregon
https://www.ubereats.com/portland/food-delivery/carls-jr-25300-sw-95th-ave/Ra7ux39eQ-a19Fwq-CzjQw,tualatin-oregon
https://www.ubereats.com/portland/food-delivery/corner-coffee-shoppe/cJIX9A6vQvmULpLCFxhpWQ,tualatin-oregon
https://www.ubereats.com/portland/food-delivery/the-ice-cream-shop/XA2Tzx8CRIyTAXQg5_cniQ,tualatin-oregon
https://www.ubereats.com/portland/food-delivery/rauls-family-mexican-restaurant/X16NqxyjTT2pITOhjmmJRQ,tualatin-oregon
https://www.ubereats.com/portland/food-delivery/pastini-cedar-hills/3r73_bSzQDK8ZsOpm82rPQ,tualatin-oregon
https://www.ubereats.com/portland/food-delivery/the-mac/MSljQ0g7SDOJrIfUje0DEg,tualatin-oregon
https://www.ubereats.com/portland/food-delivery/jersey-mikes-subs-7698-sw-nyberg-rd/LNyoY-LPQeSdkJH3N6dDHQ,tualatin-oregon
https://www.ubereats.com/portland/food-delivery/biscuits-cafe-bethany/YudI61iKSD-QcRicTs1tqQ,tualatin-oregon
https://www.ubereats.com/portland/food-delivery/t4/k3ebfpurQza3CS1flz2YjA,tualatin-oregon
https://www.ubereats.com/portland/food-delivery/mcdonalds-tigard-pacific/bnFD2WSiSnWXzmoLWh-GEg,tualatin-oregon
https://www.ubereats.com/portland/food-delivery/roses-restaurant-and-bakery/gULAESuvTy2bqXhtz0Njug,tualatin-oregon
https://www.ubereats.com/portland/food-delivery/la-vida-veggie/ZVkIOHMxTWeE36liIrjYYQ,tualatin-oregon
https://www.ubereats.com/portland/food-delivery/juan-colorado/tLLTi3MIQMCmNC4KOPdaMw,tualatin-oregon
https://www.ubereats.com/portland/food-delivery/little-big-burger-lake-oswego/72Qy81gaQ-SpHHLynAIjxQ,tualatin-oregon
https://www.ubereats.com/portland/food-delivery/papa-murphys-8269-sw-wilsonville-road-suite-e/L2DzHVz7S0CpMSHcZsvAsg,tualatin-oregon
https://www.ubereats.com/portland/food-delivery/los-tacos-juan/Yj-Z67tIR4-dbEZD6iHxYw,tualatin-oregon
https://www.ubereats.com/portland/food-delivery/gyro-grill/1FRh_M35TsSpyJ2CqMnVNQ,tualatin-oregon
https://www.ubereats.com/portland/food-delivery/el-mariachi-loco/3BO3MPovS4S1qQbeAndWkw,tualatin-oregon
https://www.ubereats.com/portland/food-delivery/sesame-donuts-tigard/ngoJj0t6RNSXsL1Nz2MDmw,tualatin-oregon
https://www.ubereats.com/portland/food-delivery/the-original-pancake-house-8601-sw-24th-ave/ProDa-qqS4-ikVDb3hHzNw,tualatin-oregon
https://www.ubereats.com/portland/food-delivery/wendys-8253-sw-wilsonville-road/XFgVT2BvSIqUEzAGrMlddg,tualatin-oregon
https://www.ubereats.com/portland/food-delivery/moonlight-deli-and-grill/bRuM4q6KQ1CUl3wbc_qxsw,tualatin-oregon
https://www.ubereats.com/portland/food-delivery/mesa-fresca/SW6yL-WxQ8KGGEqa17It6g,tualatin-oregon
https://www.ubereats.com/portland/food-delivery/sushi-hana/X2tLdqLERcWD1KPZJxOQug,tualatin-oregon
https://www.ubereats.com/portland/food-delivery/gators-pub-and-eatery/QlvU1aoaRai6OBJRugQ9QA,tualatin-oregon
https://www.ubereats.com/portland/food-delivery/the-fit-foods/H260yFt4R7m86kYNRgDXtw,tualatin-oregon
https://www.ubereats.com/portland/food-delivery/carls-jr-11437-sw-pacific-hwy/zSe9UqX6SvqhmBkoHVGB6Q,tualatin-oregon
https://www.ubereats.com/portland/food-delivery/open-rice-sushi-and-chinese-restaurant/7JIHVQSRTL6Gm7yLjsyDbA,tualatin-oregon
https://www.ubereats.com/portland/food-delivery/mai-asia-restaurant/GCEZ8Hj9QA27hVL2SQXxtA,tualatin-oregon
https://www.ubereats.com/portland/food-delivery/baja-fresh-lake-oswego/3AvWEj-LTBWLakJ-4ee4Dw,tualatin-oregon
https://www.ubereats.com/portland/food-delivery/jersey-mikes-nw-cornell-rd-%26-nw-murray-rd/_P1mCivuR_qdAQyiy-PsVA,tualatin-oregon
https://www.ubereats.com/portland/food-delivery/sunnys-legendary-frozen-yogurt/GW02hy7lSEiAt4SQXsAKJg,tualatin-oregon
https://www.ubereats.com/portland/food-delivery/pioneer-pizza/010vBCcXSXmmLeEkTrKIdg,tualatin-oregon
https://www.ubereats.com/portland/food-delivery/subway-17773-sw-lower-boones-ferry-rd/LD60Tmr3R3ePvog6qbCHjg,tualatin-oregon
https://www.ubereats.com/portland/food-delivery/honey-baked-ham-11657-sw-beaverton-hillsdale-hwy/2ANNp3b3TPql-WiHdpSoRA,tualatin-oregon
https://www.ubereats.com/portland/food-delivery/panda-express-19526-molalla-ave-%23137/DZ1qZEOwT76Crsk0W00Jww,tualatin-oregon
https://www.ubereats.com/portland/food-delivery/mcdonalds-29682-sw-town-center-loop-w/klbXVoh3SXW3L8Q9g4qF8w,tualatin-oregon
https://www.ubereats.com/portland/food-delivery/hart-road-pizza-%26-pub/_s45MRhlRFS726Xlh3M6qg,tualatin-oregon
https://www.ubereats.com/portland/food-delivery/vitality-bowls-7935-sw-nyberg-st/IaTcSDGuStWT-g6IbpwYQg,tualatin-oregon
https://www.ubereats.com/portland/food-delivery/kaow-thai-cuisine/X-jKbHR7RKCYLH3DSp0HDw,tualatin-oregon
https://www.ubereats.com/portland/food-delivery/jack-in-the-box-13090-sw-pacific-hwy/5ZOelIauTvaZpJGFFd064A,tualatin-oregon
https://www.ubereats.com/portland/food-delivery/kfc-oregon-city/_8-eoLSkRo-DWNI9VW0LSg,tualatin-oregon
https://www.ubereats.com/portland/food-delivery/midway-historic-public-house/FflYs4lTTBi2hD2g3UA5Ug,tualatin-oregon
https://www.ubereats.com/portland/food-delivery/shandiz/MINtZ_kJQK-XQZLvdiIL4w,tualatin-oregon
https://www.ubereats.com/portland/food-delivery/renners-grill/XNWk6HFJS4amqA7ZLEtJew,tualatin-oregon
https://www.ubereats.com/portland/food-delivery/la-real-taqueria/oqZi5iegSzaWtCCTTQtxOQ,tualatin-oregon
https://www.ubereats.com/portland/food-delivery/wongs-chinese-restaurant/kDQlwk8SQNOFU4znyj81Kw,tualatin-oregon
https://www.ubereats.com/portland/food-delivery/the-ridge-grill/o0i8gmiYSNiW1wtFZi6Gvw,tualatin-oregon
https://www.ubereats.com/portland/food-delivery/the-old-spaghetti-factory-sherwood/BChng5iCR2mV2XF-xfNi6Q,tualatin-oregon
https://www.ubereats.com/portland/food-delivery/hankos-sports-bar-and-grill/dpA14mndQq2gRp2Wx7WVkQ,tualatin-oregon
https://www.ubereats.com/portland/food-delivery/mugen-noodle-bar/MemUWWG7Tr-y01FWp6gAFw,tualatin-oregon
https://www.ubereats.com/portland/food-delivery/tacos-%26-more/naYiI3IXSjizFc6mvi3-uQ,tualatin-oregon
https://www.ubereats.com/portland/food-delivery/la-fiesta-mexican-kitchen/yqWLFY_4TpW3C0EmD50WWQ,tualatin-oregon
https://www.ubereats.com/portland/food-delivery/adisaya-thai/UjPexmoWSpitksOEbdJepg,tualatin-oregon
https://www.ubereats.com/portland/food-delivery/mcdonalds-12090-sw-main/GSbAppraQfG0NdsV9D5Asg,tualatin-oregon
https://www.ubereats.com/portland/food-delivery/ivys-pho-and-grill/-rx8TjGASnqdqkIZvofK0g,tualatin-oregon
https://www.ubereats.com/portland/food-delivery/subway-30060-sw-boones-ferry-rd/KF52OQFfRTKYU_O2AKICmg,tualatin-oregon
https://www.ubereats.com/portland/food-delivery/sabrozon-fresh-mexican-restaurant/lE4bAMQaRQSDRHq7N0trCg,tualatin-oregon
https://www.ubereats.com/portland/food-delivery/papa-murphys-11705-sw-pacific-hwy/2DIuGn8yT_GQwHjzI7xHlQ,tualatin-oregon
https://www.ubereats.com/portland/food-delivery/tapatio-mexican-restaurant-beaverton/SsfcdvogQomMvnZ4nrF11g,tualatin-oregon
https://www.ubereats.com/portland/food-delivery/cha!-cha!-cha!-meadows-rd/ko4TlHyyRo-FUuGPOvPFhg,tualatin-oregon
https://www.ubereats.com/portland/food-delivery/the-verdict-bar-and-grill/jNWnVgLRSVCnWDUqjGDKzg,tualatin-oregon
https://www.ubereats.com/portland/food-delivery/the-indian-kitchen/u4VGegMVSQGEO9EqgyDovg,tualatin-oregon
https://www.ubereats.com/portland/food-delivery/biscuits-cafe-canby/C-zxG9zIQUubhIa7OtERAQ,tualatin-oregon
https://www.ubereats.com/portland/food-delivery/sabye-thai-streetfoods/Bltg8ow9RlyX-EOoeYXl7g,tualatin-oregon
https://www.ubereats.com/portland/food-delivery/starbucks-citizens-dr-%26-sw-town-center/MyFQhWf9RR-lXYwqR5dDlg,tualatin-oregon
https://www.ubereats.com/portland/food-delivery/bugattis-west-linn/4FdAsr8_T7iej-upGNbEvg,tualatin-oregon
https://www.ubereats.com/portland/food-delivery/ichi-teriyaki-25/sRmR0W-KSEilvlzXHvvl2w,tualatin-oregon
https://www.ubereats.com/portland/food-delivery/subway-10763-sw-greenburg-rd/5CKs0xblS92m3zbCWOKKxA,tualatin-oregon
https://www.ubereats.com/portland/food-delivery/ploys-thai-food/GrvjhdNHSASFzNxZ8SWrOg,tualatin-oregon
https://www.ubereats.com/portland/food-delivery/starbucks-cascade-summit/LVV69kkjQqa6XjzVbom5sA,tualatin-oregon
https://www.ubereats.com/portland/food-delivery/firehouse-subs-7665-sw-nyberg-st/1A7IxBDvSVKxXhBQNwqDOQ,tualatin-oregon
https://www.ubereats.com/portland/food-delivery/big-town-hero-tualatin/CjpYSzudTRaO5z3J-Z4TbQ,tualatin-oregon
https://www.ubereats.com/portland/food-delivery/subway-15983-sw-72nd-ave/z9A6ftkeTHuPwx0H2Yf8jw,tualatin-oregon
https://www.ubereats.com/portland/food-delivery/renew-juice-co/H_z0_AvdSeq6K3d-AiBwBw,tualatin-oregon
https://www.ubereats.com/portland/food-delivery/papa-murphys-16180-south-west-langer-drive/2nl_LSmPTGCBpBGQXW3ZrA,tualatin-oregon
https://www.ubereats.com/portland/food-delivery/la-sen-vietnamese-grill/VDjlmSsKSISTx9A-NIWE5g,tualatin-oregon
https://www.ubereats.com/portland/food-delivery/firehouse-subs-9120-sw-hall-blvd-suite-c/Dvutp2L4T_mBNKjLUlKnIA,tualatin-oregon
https://www.ubereats.com/portland/food-delivery/the-ice-cream-shop/yBVdtQnsQvq-gUDhAqNHBg,tualatin-oregon
https://www.ubereats.com/portland/food-delivery/big-town-hero-lake-oswego/rfU5t_pORQijo1gIRWIAPA,tualatin-oregon
https://www.ubereats.com/portland/food-delivery/five-guys-or-1341-14700-sw-murray-scholls-dr/ZE8aagYbTyi9g_7c2I1TuQ,tualatin-oregon
https://www.ubereats.com/portland/food-delivery/cracker-barrel-old-country-store-7415-sw-nyberg-street/WVYNd58ST8OiRHm8n7t7yQ,tualatin-oregon
https://www.ubereats.com/portland/food-delivery/burger-king-11539-s-w-pacific-highway/5JpTG6BGTFqQxyuCzEqQgA,tualatin-oregon
https://www.ubereats.com/portland/food-delivery/gin-thai-brasserie/VizR4W8hQ02EG9wueYjsJg,tualatin-oregon
https://www.ubereats.com/portland/food-delivery/5-flavor-cafe/j4nuxeUfR26eNW1PHSVklg,tualatin-oregon
https://www.ubereats.com/portland/food-delivery/carls-jr-15520-sw-pacific-hwy/GLXA3TKrS_OxvIqs_fIqlw,tualatin-oregon
https://www.ubereats.com/portland/food-delivery/starbucks-tigard-marketplace/xcdl8tdoRzm9ZlSxAQxHvw,tualatin-oregon
https://www.ubereats.com/portland/food-delivery/claim-jumper-18000-sw-lower-boones-ferry-road/rDRZ9oEDQHe06f2tvmND0g,tualatin-oregon
https://www.ubereats.com/portland/food-delivery/cafe-yumm!-lake-oswego/D74ZVB5rToGal32GBP6L-A,tualatin-oregon
https://www.ubereats.com/portland/food-delivery/canton-phoenix/5xmeCoOxRle96vaVz3edPw,tualatin-oregon
https://www.ubereats.com/portland/food-delivery/taco-bell-14300-sw-allen-blvd/5OcKhga3R8O9vundGyj4Aw,tualatin-oregon
https://www.ubereats.com/portland/food-delivery/la-provence-lake-oswego/2zMMSmWqTXawVNCgqlgtIg,tualatin-oregon
https://www.ubereats.com/portland/food-delivery/the-sababa-grill/UUegD6CjQhirXVU1n7arZQ,tualatin-oregon
https://www.ubereats.com/portland/food-delivery/pf-changs-7463-sw-bridgeport-rd/3kHACptWS82EJC1iBTPbHg,tualatin-oregon
https://www.ubereats.com/portland/food-delivery/aywa!-lebanese-grill/mmnYHGTjSwmLi8foQSazfw,tualatin-oregon
https://www.ubereats.com/portland/food-delivery/panda-express-21155-sw-baler-way/AIM1PeJrRruTAQxkPkKTIQ,tualatin-oregon
https://www.ubereats.com/portland/food-delivery/si-senor-beaverton/cKc6SztpQACmKWeeTd86xQ,tualatin-oregon
https://www.ubereats.com/portland/food-delivery/starbucks-mcvey/n-1QoHuJTrWIONwFcQkH9A,tualatin-oregon
https://www.ubereats.com/portland/food-delivery/outback-steakhouse-8665-sw-tualatin-sherwood-rd/TKwIxG6pRhGsObCZc-jhbg,tualatin-oregon
https://www.ubereats.com/portland/food-delivery/munch/GoQZ8-6ZTOKrqWlH_ZGaSw,tualatin-oregon
https://www.ubereats.com/portland/food-delivery/sinju-sushi/NdzbIqycSxGfQBBl4R_2Qg,tualatin-oregon
https://www.ubereats.com/portland/food-delivery/papa-johns-pizza-capitol-hwy/q6SPJdf8TvOLfSCqpfvjqA,tualatin-oregon
https://www.ubereats.com/portland/food-delivery/ra-sushi-beaverton/NwEMTfVSRfmDQIaJxgaZuQ,tualatin-oregon
https://www.ubereats.com/portland/food-delivery/sushi-avenue/9cgzKghhRQiFRaF-E6xqvg,tualatin-oregon
https://www.ubereats.com/portland/food-delivery/black-rock-coffee-20180-mcloughlin-blvd/Fk9QRuj-SGuMLmkkOJoQPA,tualatin-oregon
https://www.ubereats.com/portland/food-delivery/chipotle-mexican-grill-14795-sw-murray-scholls-dr-ste-112/UA6hUHRcTJ64cLZMS7Rw2w,tualatin-oregon
https://www.ubereats.com/portland/food-delivery/grab-a-gyro/sJtjMExvQVW4O5sOLKOSsg,tualatin-oregon
https://www.ubereats.com/portland/food-delivery/grab-a-gyro/7MqI6JYfS82e7Kkl5C4zYg,tualatin-oregon
https://www.ubereats.com/portland/food-delivery/panda-express-8755-sw-robert-burns-drive/C5PXH-fSRyqEy1Fd2BID7g,tualatin-oregon
https://www.ubereats.com/portland/food-delivery/treasures-of-the-sea/m2yHl-7cQSO7nGlpKDQxBQ,tualatin-oregon
https://www.ubereats.com/portland/food-delivery/falafel-express/y5Y_DAPfQamkWfKjJn33Nw,tualatin-oregon
https://www.ubereats.com/portland/food-delivery/heavenly-donuts/6yIlQMg8QUGeIXvf4-SLEg,tualatin-oregon
https://www.ubereats.com/portland/food-delivery/godfathers-pizza-14200-sw-barrows-rd/3Kart-5JSDqkyxAHWRpUgw,tualatin-oregon
https://www.ubereats.com/portland/food-delivery/sushi-hana/Bv4ixCYIRhOeofJsGFa6JA,tualatin-oregon
https://www.ubereats.com/portland/food-delivery/the-ice-cream-shop/wt-S1lX8TQGMPFOQpOmtmg,tualatin-oregon
https://www.ubereats.com/portland/food-delivery/jack-in-the-box-7700-sw-nyberg-st/ELcU1WD9QfWelLVUnqt5Cg,tualatin-oregon
https://www.ubereats.com/portland/food-delivery/brothers-wings-%26-bings-4708-nw-bethany-blvd/pXw43O6TSWKF-5lKPK9hsA,tualatin-oregon
https://www.ubereats.com/portland/food-delivery/biscuits-cafe-wilsonville/nKt0J_pfQ3iGb_P47DVuow,tualatin-oregon
https://www.ubereats.com/portland/food-delivery/mod-pizza-sherwood/1UBDj46fQIqHo2HWTfXHTg,tualatin-oregon
https://www.ubereats.com/portland/food-delivery/koi-fusion-trucks/glrQwpLISiypWruD5Kze4A,tualatin-oregon
https://www.ubereats.com/portland/food-delivery/famous-daves-bbq-tualatin/Rg1S_9aOR6Snx4ex5QvEwA,tualatin-oregon
https://www.ubereats.com/portland/food-delivery/qdoba-sw-hazel-fern-rd/yi90FMfHRV2dhxUUeQJJaw,tualatin-oregon
https://www.ubereats.com/portland/food-delivery/the-human-bean-25250-sw-95th-ave/rE2mtSWrSqOiw6S9wd4ALA,tualatin-oregon
https://www.ubereats.com/portland/food-delivery/dairy-queen-grill-%26-chill-7460-sw-garden-home/2II6UWVvSHmVsNd5XKaizg,tualatin-oregon
https://www.ubereats.com/portland/food-delivery/biscuits-cafe-oregon-city/lrHbGASERNeu-tYdjnraGw,tualatin-oregon
https://www.ubereats.com/portland/food-delivery/cafe-allegro/ZhVs5LvXRZGe6j4kplNIiQ,tualatin-oregon
https://www.ubereats.com/portland/food-delivery/hot-plate-asian-cuisine/fsewjMy5S02K7XPDo_uKQQ,tualatin-oregon
https://www.ubereats.com/portland/food-delivery/pastini-bridgeport-village/dFjA3zfQS6moSF70GoNBVg,tualatin-oregon
https://www.ubereats.com/portland/food-delivery/la-parrilla-kitchen-2/-fZMplgMQGC318sKXtcEog,tualatin-oregon
https://www.ubereats.com/portland/food-delivery/casa-del-pollo/wb1Ke99JTBeUcBCv8VJZXA,tualatin-oregon
https://www.ubereats.com/portland/food-delivery/green-curry/MdBATHocSoiSduHhUF3hig,tualatin-oregon
https://www.ubereats.com/portland/food-delivery/papa-johns-pizza-cedar-mill/RBqCDDkoTIOr1pv9MQJiCQ,tualatin-oregon
https://www.ubereats.com/portland/food-delivery/kirin-ramen/qwgraU8kQW67odYhHvDX6Q,tualatin-oregon
https://www.ubereats.com/portland/food-delivery/casa-colima-mexican-restaurant/mG6C8x2mQF6NAxeNyKx_Qg,tualatin-oregon
https://www.ubereats.com/portland/food-delivery/bubble-bubble-tea-beaverton/lzmssen6Q_-ZUutBw6J6-A,tualatin-oregon
https://www.ubereats.com/portland/food-delivery/doja-tea-lounge/oAty5VugTHm52yozS2tyKA,tualatin-oregon
https://www.ubereats.com/portland/food-delivery/mcdonalds-sherwood/Z-hG4fINQTW95aKjpUHyMw,tualatin-oregon
https://www.ubereats.com/portland/food-delivery/don-pedro-mexican-restaurant-%237/XIDSGx-3RqC2Vgd4g4-IHQ,tualatin-oregon
https://www.ubereats.com/portland/food-delivery/szechuan-kitchen-%E5%B7%9D%E5%8E%A8/YCZTuQvMTWWTskcGuTameg,tualatin-oregon
https://www.ubereats.com/portland/food-delivery/pita-pit/7_chM0MlTo6XfMTsOM2R8g,tualatin-oregon
https://www.ubereats.com/portland/food-delivery/sushi-town-murray-scholls-dr/Udlar846RFyxW9x3DsUDpQ,tualatin-oregon
https://www.ubereats.com/portland/food-delivery/bombay-wala-of-india/4T-_twWVRDGEUnhPHHbXzA,tualatin-oregon
https://www.ubereats.com/portland/food-delivery/weinhard-grill/dYpTUJwzQfi46iBRlc9NVQ,tualatin-oregon
https://www.ubereats.com/portland/food-delivery/jersey-mikes-subs-beaverton-10035-sw-nimbus-avenue/yigLUvOvRwiXgHyPWiBPbA,tualatin-oregon
https://www.ubereats.com/portland/food-delivery/subway-lake-oswego/HlYoMiTXR1W8Ev8-3o5-bQ,tualatin-oregon
https://www.ubereats.com/portland/food-delivery/stanfords-restaurant-and-bar-lake-oswego/5YqmfNKnTj6hLptJbIommA,tualatin-oregon
https://www.ubereats.com/portland/food-delivery/white-orchid-thai-cuisine/h7WoqaONQgCib1VF5WTYLA,tualatin-oregon
https://www.ubereats.com/portland/food-delivery/fuddoyama-ramen/iDNz1oNGTiGiN1InbVBxPw,tualatin-oregon
https://www.ubereats.com/portland/food-delivery/papa-murphys-358-warner-milne-road/6tWeF-hARFy_cIRJEKpg5Q,tualatin-oregon
https://www.ubereats.com/portland/food-delivery/mod-pizza-greenway/6IeoE9N3QpKrFKqRjlHz9A,tualatin-oregon
https://www.ubereats.com/portland/food-delivery/five-guys-or-1687-7005-sw-nyberg-rd/uH3YTVa1QtGjmBHQ4I_PaA,tualatin-oregon
https://www.ubereats.com/portland/food-delivery/sushi-bomb/giO7GMd0SFiIdB_-A4Nnaw,tualatin-oregon
https://www.ubereats.com/portland/food-delivery/the-ice-cream-shop/5qFz1eFRSJmLKks3aaRTyA,tualatin-oregon
https://www.ubereats.com/portland/food-delivery/millers-homestead-restaurant/trDO_TSySEu1HE9dOgswMw,tualatin-oregon
https://www.ubereats.com/portland/food-delivery/pita-pit-cedar-hills/NiBODgXaQ7y7Sj__eHvc_w,tualatin-oregon
https://www.ubereats.com/portland/food-delivery/kizuki-ramen-%26-izakaya-beaverton/6LuwRHovReqy8zf3ucIs1A,tualatin-oregon
https://www.ubereats.com/portland/food-delivery/firenza-pizza-tigard-or/pyVPtWhOT-Knlw8yoc4m7A,tualatin-oregon
https://www.ubereats.com/portland/food-delivery/5-flavor-kitchen/BDZQhftNRByrZyq3s2hLfQ,tualatin-oregon
https://www.ubereats.com/portland/food-delivery/mcdonalds-19200-sw-boones-ferry-rd/EiV3aB9CQvq3P_fusbWISA,tualatin-oregon
https://www.ubereats.com/portland/food-delivery/biscuits-cafe-lake-oswego/xI4FrwJaSeGhdvGCPmuwZw,tualatin-oregon
https://www.ubereats.com/portland/food-delivery/corona-mexican-restaurant/i649Vmb3QLmpbmQpuTVLBA,tualatin-oregon
https://www.ubereats.com/portland/food-delivery/benihana-9205-sw-cascade-avenue/9wm5AXErQDSD9IpJTX_8tg,tualatin-oregon
https://www.ubereats.com/portland/food-delivery/sho-authentic-japanese-cuisine/eQZZPK4dTU6COEECcN5l_Q,tualatin-oregon
https://www.ubereats.com/portland/food-delivery/conin-mexican-cuisine/3f94tK3-RjWbJrLk6mKDcg,tualatin-oregon
https://www.ubereats.com/portland/food-delivery/black-rock-coffee-7570-sw-garden-home-rd/aYOj-_w-Tde9e7uCEV0wpQ,tualatin-oregon
https://www.ubereats.com/portland/food-delivery/hall-street-pizza-company/CZSNvurzQOOGC9vTh9-7BQ,tualatin-oregon
https://www.ubereats.com/portland/food-delivery/mcdonalds-west-linn-10thst-%40-205/OR1AjWMnTFSZRDR4yfqvNQ,tualatin-oregon
https://www.ubereats.com/portland/food-delivery/don-pepes-main-st/ceKXODStSWqE3KaBJvk5_w,tualatin-oregon
https://www.ubereats.com/portland/food-delivery/panda-express-16230-sw-pacific-hwy/H7FKNvBgSZaerucGNnRJPQ,tualatin-oregon
https://www.ubereats.com/portland/food-delivery/koba-grill/xGqpkRduSWO-vZNJjP7Nwg,tualatin-oregon
https://www.ubereats.com/portland/food-delivery/robinwood-public-house/F-D0mEVJQ8SPDgn0sos7rA,tualatin-oregon
https://www.ubereats.com/portland/food-delivery/aloha-grill-hawaiian-bbq/dpUYgrWMT-mZAKj_n5jlJg,tualatin-oregon
https://www.ubereats.com/portland/food-delivery/la-parrilla-kitchen-2/lvJSgz6TRl-oKKE9J-4Xag,tualatin-oregon
https://www.ubereats.com/portland/food-delivery/taco-bell-8251-sw-wilsonville-rd/Pwlel3HgT3OwKDUcNA7SIA,tualatin-oregon
https://www.ubereats.com/portland/food-delivery/qdoba-beaverton/8SEWN-56TFucjotJT0U8UA,tualatin-oregon
https://www.ubereats.com/portland/food-delivery/taco-bell-19005-s-bevercreek-rd/At1SLoeRTlyHotx_OW9HsQ,tualatin-oregon
https://www.ubereats.com/portland/food-delivery/las-rosas-mexican-food/AOSDf_B0TIu7oaBcvxYC6Q,tualatin-oregon
https://www.ubereats.com/portland/food-delivery/lugano-cafe-and-catering/yoz6yqboT9G8nQxtgZFnWA,tualatin-oregon
https://www.ubereats.com/portland/food-delivery/east-harbor-chinese/7ZuZBpn7RjGKt87RRjSuJw,tualatin-oregon
https://www.ubereats.com/portland/food-delivery/papa-murphys-13295-sw-pacific-highway/2XCdOM8jQCClU_iqpDxQZw,tualatin-oregon
https://www.ubereats.com/portland/food-delivery/momiji-sushi-restaurant/nNU-E4YvQR-9FvZcA8PLCw,tualatin-oregon
https://www.ubereats.com/portland/food-delivery/thai-orchid/x8JRRfEkSSCGcpTflQ0NoA,tualatin-oregon
https://www.ubereats.com/portland/food-delivery/la-hacienda-peruvian-%26-mexican-cuisine-oregon-city-or/iw3fvBvzRiO_D2HMMSv6rA,tualatin-oregon
https://www.ubereats.com/portland/food-delivery/rice-time-oriental-grill/5kR5Zz24RqaEPrWLrfhNSQ,tualatin-oregon
https://www.ubereats.com/portland/food-delivery/panda-express-11192-sw-barnes-rd/K-b9khw7TOOHF8Hdw_Aqwg,tualatin-oregon
https://www.ubereats.com/portland/food-delivery/r2-ranch-burger/3-tT5yLWRESt5CEpgsdmDg,tualatin-oregon
https://www.ubereats.com/portland/food-delivery/koba-grill/DGADEH0xSSevop39mej92A,tualatin-oregon
https://www.ubereats.com/portland/food-delivery/black-rock-coffee-10020-sw-capitol-hwy/t5qWg59WTm--fYOGpqMalw,tualatin-oregon
https://www.ubereats.com/portland/food-delivery/pine-garden-restaurant/fVhe5JRoTbaeSLTTihuF8g,tualatin-oregon
https://www.ubereats.com/portland/food-delivery/mizumi-buffet/7WtrCnrLRKGv6H7BGU724A,tualatin-oregon
https://www.ubereats.com/portland/food-delivery/pizza-schmizza-cedar-hills/_Uj7vs8lRcOBEe_DpSGuSA,tualatin-oregon
https://www.ubereats.com/portland/food-delivery/taqueria-el-jalapeno/mY-8wHQ2SNyedd0QdhL-fg,tualatin-oregon
https://www.ubereats.com/portland/food-delivery/papa-johns-pizza-tigard/_fcn1bXvS-S63WD_V0uc2w,tualatin-oregon
https://www.ubereats.com/portland/food-delivery/subway-19419-sw-martinazzi-ave/Ms9pj-jgTLS1nV1exEqhaQ,tualatin-oregon
https://www.ubereats.com/portland/food-delivery/chinese-lucky-dragon/uOT6DrWCTB-9ttfGH8xIaA,tualatin-oregon
https://www.ubereats.com/portland/food-delivery/blazin-gyros/XgEF77FuRcii-WOzus_Q2g,tualatin-oregon
https://www.ubereats.com/portland/food-delivery/pizanos-pizza/w01VHYJpTw6Du1UtdMHjFQ,tualatin-oregon
https://www.ubereats.com/portland/food-delivery/new-hings-restaurant-%26-lounge/manHY7vLQPSTwLuEtirPYw,tualatin-oregon
https://www.ubereats.com/portland/food-delivery/burger-king-8699-sw-robert-burns-drive/KaOKe8pNRjytACBl6lJ20w,tualatin-oregon
https://www.ubereats.com/portland/food-delivery/the-old-market-pub-and-brewery/xp7vKGiTRP27OriGB_nHLQ,tualatin-oregon
https://www.ubereats.com/portland/food-delivery/la-isla-bonita/bSVnw2pcSIKRIj7zCSG17w,tualatin-oregon
https://www.ubereats.com/portland/food-delivery/dickeys-bbq-pit-14700-sw-murray-scholls-dr/hqJ_EJkCQvm11X3joId-jw,tualatin-oregon
https://www.ubereats.com/portland/food-delivery/chipotle-mexican-grill-9120-sw-hall-blvd-ste-d/jgWZ2mF9RKOzDdsfZBLnDg,tualatin-oregon
https://www.ubereats.com/portland/food-delivery/california-pizza-kitchen-7315-sw-bridgeport-rd-blg-r2-sp-102/aeU9roUdSJOHQEylITac0A,tualatin-oregon
https://www.ubereats.com/portland/food-delivery/carls-jr-12140-sw-scholls-ferry-rd/mYo6l3HnRYiS4uRFQyJPfg,tualatin-oregon
https://www.ubereats.com/portland/food-delivery/subway-14600-sw-murray-scholls-dr/eShveSUySk2skLr0jwqE9w,tualatin-oregon
https://www.ubereats.com/portland/food-delivery/black-rock-coffee-15300-sw-pacific-hwy/7AlRmQ29RjSF4apvPAhhxQ,tualatin-oregon
https://www.ubereats.com/portland/food-delivery/tacotime-503-molalla-avenue/u-wU5NFGRf2negw41_oJJg,tualatin-oregon
https://www.ubereats.com/portland/food-delivery/ernestos-italian-restaurant/9q0nC5vTS2WwBx726uByqA,tualatin-oregon
https://www.ubereats.com/portland/food-delivery/hayat-restaurant/M0X-yimTTiCFTX7uTmLdJQ,tualatin-oregon
https://www.ubereats.com/portland/food-delivery/taco-bell-17873-sw-mcewan-road/Q07xyxoFTCm9hTaDhReBUw,tualatin-oregon
https://www.ubereats.com/portland/food-delivery/oki-sushi-%26-grill/TWavCmh3QbSxDH_Nblh8AA,tualatin-oregon
https://www.ubereats.com/portland/food-delivery/stickmen-brewing-company/Gr9qJuBoQSWGcd6qGNEgUg,tualatin-oregon
https://www.ubereats.com/portland/food-delivery/chipotle-mexican-grill-29991-sw-town-center-loop-w-ste-a/3ZmwvenOSrG7ylBy8v3joQ,tualatin-oregon
https://www.ubereats.com/portland/food-delivery/nikki-sushi-%26-steak/6RMlM9J6RSKxDnANinEhDQ,tualatin-oregon
https://www.ubereats.com/portland/food-delivery/ram-restaurant-%26-brewery-wilsonville-or/5Lr6V0tzQDqYUkXsXQaP9Q,tualatin-oregon
https://www.ubereats.com/portland/food-delivery/pizza-schmizza-raleigh-hills/OmfZ42WYSvW1pOLizjDFRw,tualatin-oregon
https://www.ubereats.com/portland/food-delivery/mcdonalds-tualatin-nyberg/6KRk9PU-QCyItUlnQazAyQ,tualatin-oregon
https://www.ubereats.com/portland/food-delivery/panda-express-8400-sw-nimbus-ave/kOeI4P09RJKb_rvvf2gGbw,tualatin-oregon
https://www.ubereats.com/portland/food-delivery/mod-pizza-kruse-village/Q9By20lZSAGrIA_xxdFk3Q,tualatin-oregon
https://www.ubereats.com/portland/food-delivery/sharetea-lake-oswego/6qNTLodLQFq_Rrwvu7Q3EQ,tualatin-oregon
https://www.ubereats.com/portland/food-delivery/mod-pizza-oregon-city/ewyKOPBoRECYlBqicUTIow,tualatin-oregon
