url,city
https://www.ubereats.com/atlanta/food-delivery/the-5-bistro-%26-cocktails/-ByOT2-wTDutofzK83uFZQ,tucker-georgia
https://www.ubereats.com/atlanta/food-delivery/ihop-6125-peachtree-parkway/4K8OkIcFTna7mIAspwrPEQ,tucker-georgia
https://www.ubereats.com/atlanta/food-delivery/dairy-queen-grill-%26-chill-2781-chamblee-tucker/gL7MoprVTsmJLFng4hPt5Q,tucker-georgia
https://www.ubereats.com/atlanta/food-delivery/gallas-pizza-%26-wings/hH0VPV3XT8aHprHFkjwRjw,tucker-georgia
https://www.ubereats.com/atlanta/food-delivery/taco-bell-5201-memorial-drive/_GpOfsjYRKWL1JDa5XsPig,tucker-georgia
https://www.ubereats.com/atlanta/food-delivery/ducks-kitchen/_4f-V00vTHmI6xqkdD_55A,tucker-georgia
https://www.ubereats.com/atlanta/food-delivery/don-jose-lawrenceville/yBp5JOBSToar3lbu2BeOsQ,tucker-georgia
https://www.ubereats.com/atlanta/food-delivery/deanas-burgers-joint/cjrCe78qQWuQCITRV8bA6A,tucker-georgia
https://www.ubereats.com/atlanta/food-delivery/thai-express-2502-blackmon-drive-suite-830/pmP-bMiPQamUJcjAy9szHA,tucker-georgia
https://www.ubereats.com/atlanta/food-delivery/chennai-express-pure-veg-indian/FMAN4vc3TPWGaQag8_QyaA,tucker-georgia
https://www.ubereats.com/atlanta/food-delivery/crazy-rons-bbq/qXHWVR-CQSqwkLUMPyi1Hw,tucker-georgia
https://www.ubereats.com/atlanta/food-delivery/panda-express-lilburn-4875-stone-mountain-hwy/_CfOntR2RxKzY3m9t_PI9Q,tucker-georgia
https://www.ubereats.com/atlanta/food-delivery/firehouse-subs-norcross/mb2-G3_lRu2ANHR5MFOC4A,tucker-georgia
https://www.ubereats.com/atlanta/food-delivery/big-joy-chinese-restaurant/kwDS3S3-R4efIgj53AUeOA,tucker-georgia
https://www.ubereats.com/atlanta/food-delivery/papa-johns-4400-hugh-howell-road/8r6IKtA_SMSpIhb0Cjl0hg,tucker-georgia
https://www.ubereats.com/atlanta/food-delivery/coze-tea-studio/DEz-oehqQ_yqZF1C0r2_Eg,tucker-georgia
https://www.ubereats.com/atlanta/food-delivery/empire-restaurant-and-sports-lounge/MnaDoqjCQ-ud8O03y8SfRA,tucker-georgia
https://www.ubereats.com/atlanta/food-delivery/pizza-semplice/-QUdUkCwRjCV9jwgCCRxfA,tucker-georgia
https://www.ubereats.com/atlanta/food-delivery/churchs-chicken-4895-stone-mountain-hwy-ste-a/6L-DVo4SQ9Ss7GMfCsLB3A,tucker-georgia
https://www.ubereats.com/atlanta/food-delivery/red-crab-house-seafood-%26-bar/CQAGuqBqT1ap1UvMWLQA1w,tucker-georgia
https://www.ubereats.com/atlanta/food-delivery/winners-hot-pot-restaurant/iKMMo7FSTTejJwUlQcsb2g,tucker-georgia
https://www.ubereats.com/atlanta/food-delivery/kabab-hut-lilburn/MszkH9RGSTm0gAZmUt_2yA,tucker-georgia
https://www.ubereats.com/atlanta/food-delivery/checkers-5260-jimmy-carter-blvd/h5KTOEQYQi6VezpJiIN_Pg,tucker-georgia
https://www.ubereats.com/atlanta/food-delivery/subway-4785-lawrenceville-hwy-nw/on3lxWcKT26oTP9kdbPd6g,tucker-georgia
https://www.ubereats.com/atlanta/food-delivery/churchs-chicken-4995-buford-highway/DisEREL-TrSPTR-gNkHWsg,tucker-georgia
https://www.ubereats.com/atlanta/food-delivery/funxcess/RsedT7JCS8OXQWHYF7iFvA,tucker-georgia
https://www.ubereats.com/atlanta/food-delivery/olskool-flava/2IjvHueUR9m-fjXwSSBcEQ,tucker-georgia
https://www.ubereats.com/atlanta/food-delivery/arrieros-taqueria-and-grill/ncPT8AH-TFCBRDf1z3eong,tucker-georgia
https://www.ubereats.com/atlanta/food-delivery/wats-crackin-garlic-crabs-kirkwood/f9EiyzTsSUSJtHkRb3dbLQ,tucker-georgia
https://www.ubereats.com/atlanta/food-delivery/feedel-bistro/rQCnqwtlRiG9dqWWG2iCxA,tucker-georgia
https://www.ubereats.com/atlanta/food-delivery/mariscos-%26-cocos-dona-reyna/kz-6TF75RTWpO7kdX22eFA,tucker-georgia
https://www.ubereats.com/atlanta/food-delivery/gyro-now-by-gyro-gyro/A_gJpUTYRManFssd4PdgSQ,tucker-georgia
https://www.ubereats.com/atlanta/food-delivery/tropical-smoothie-cafe-decatur/4sA_6bC6SpqQ_SLuc52ang,tucker-georgia
https://www.ubereats.com/atlanta/food-delivery/gusto!-chamblee/dNpmhLdSSAODYniWh-nPxQ,tucker-georgia
https://www.ubereats.com/atlanta/food-delivery/hoots-righteous-wings-1565-church-st-suite-505/5Le4ajyUSbSQo3sBGsUf8g,tucker-georgia
https://www.ubereats.com/atlanta/food-delivery/ameers-mediterannean-grill/1jJ23cZcRteBqRZFYNb3Yw,tucker-georgia
https://www.ubereats.com/atlanta/food-delivery/sunshine-alchemy-food-truck/E44sjhK7SbCY9TzwLiJOTQ,tucker-georgia
https://www.ubereats.com/atlanta/food-delivery/ponko-chicken-chamblee-tucker-rd-atlanta-ga/filtx8dbStmY4qonTt0ajA,tucker-georgia
https://www.ubereats.com/atlanta/food-delivery/poke-%26-juicy-drop/NSXJ3ecaQUSUyILBzKNKaQ,tucker-georgia
https://www.ubereats.com/atlanta/food-delivery/tena-mart/hDnLGYwCTRCkaPLQmqu5Ew,tucker-georgia
https://www.ubereats.com/atlanta/food-delivery/trend-urban-cafe/10iPNfEwQFa2H11wiwCl-w,tucker-georgia
https://www.ubereats.com/atlanta/food-delivery/spice-root/PER0O_ShSp-PG7koeuPj9g,tucker-georgia
https://www.ubereats.com/atlanta/food-delivery/firehouse-subs-tucker/P1K-sY6jTiOsjT3J9QpNAQ,tucker-georgia
https://www.ubereats.com/atlanta/food-delivery/mint-chinese-%26-thai-cuisine/oXch-Bm5Sd2YrTBy4Mgb0A,tucker-georgia
https://www.ubereats.com/atlanta/food-delivery/pizza-hut-2244-henderson-mill-rd-unit-b/-tfwkQteRCOGa6RZVkspSw,tucker-georgia
https://www.ubereats.com/atlanta/food-delivery/chipotle-mexican-grill-4347-hugh-howell-rd/VlYBc_aAQCOErPYjvTRCgA,tucker-georgia
https://www.ubereats.com/atlanta/food-delivery/dunkin-4760-memorial-dr/qZfLYccXRGuO9SHzx2OPBw,tucker-georgia
https://www.ubereats.com/atlanta/food-delivery/meatballerz/iAWwyABGQ_-4iZbUSs7BIA,tucker-georgia
https://www.ubereats.com/atlanta/food-delivery/thai-star-restaurant/tSOkO1lDRZCJSfTn_ZUlDA,tucker-georgia
https://www.ubereats.com/atlanta/food-delivery/italian-pie-lawrenceville/_oCQEGj9SouIThvVdVRshw,tucker-georgia
https://www.ubereats.com/atlanta/food-delivery/stoned-pizza-kitchen/g35tJdY-ScKl921-74ofLA,tucker-georgia
https://www.ubereats.com/atlanta/food-delivery/masti-fun-indian-street-eats/vpJ7AmDOQqGU40KlZFl5IA,tucker-georgia
https://www.ubereats.com/atlanta/food-delivery/icy-n-ice-cream/LzRdEbkmSumAgXeAGA6R0Q,tucker-georgia
https://www.ubereats.com/atlanta/food-delivery/dickeys-barbecue-pit-2000-bentley-dr-sw/NYzYFYg-TWmthNcEDowoyQ,tucker-georgia
https://www.ubereats.com/atlanta/food-delivery/five-guys-ga-0276-4306-lawrenceville-hwy/HmtCjIBRQ6qQG9wwEgQj7w,tucker-georgia
https://www.ubereats.com/atlanta/food-delivery/chinese-fusion-norcross/bAyCEVVVTO67Ya0V8hMTmA,tucker-georgia
https://www.ubereats.com/atlanta/food-delivery/enzos-pizza/oEliIWmmQS2K6-pRfVhkrQ,tucker-georgia
https://www.ubereats.com/atlanta/food-delivery/kokai-thai-bistro/UPT6BLYBT5O-g4xqZyGXtA,tucker-georgia
https://www.ubereats.com/atlanta/food-delivery/clairmont-cafe/5JyDErFlRWimEipHTv8duw,tucker-georgia
https://www.ubereats.com/atlanta/food-delivery/subway-1525-east-park-place-blvd/fDNMTkfMSZCdlM0BwhIYFA,tucker-georgia
https://www.ubereats.com/atlanta/food-delivery/costa-azul-wings-and-grill/W8IrA3YlQ2Or6bIwbtJOyg,tucker-georgia
https://www.ubereats.com/atlanta/food-delivery/churchs-chicken-4680-memorial-drive/uSz8MOGqReaz-HjyBXOJWw,tucker-georgia
https://www.ubereats.com/atlanta/food-delivery/cafe-dominicano/j4Po1XUkSgmEHp9FfiVrgA,tucker-georgia
https://www.ubereats.com/atlanta/food-delivery/firehouse-subs-indian-trail/oZ2yHocTTLqIP8OP8QKRXQ,tucker-georgia
https://www.ubereats.com/atlanta/food-delivery/happy-valley-dim-sum/CCLkMviXRDeYxV-CyzF1ZA,tucker-georgia
https://www.ubereats.com/atlanta/food-delivery/asian-fusion-cafe/NNwLpMBnTSekzFH1MrMpjA,tucker-georgia
https://www.ubereats.com/atlanta/food-delivery/meet-fresh-%E9%AE%AE%E8%8A%8B%E4%BB%99/uHW1Y9-qTn-Wcn0EhspWbg,tucker-georgia
https://www.ubereats.com/atlanta/food-delivery/dunkin-1300-indian-trail-rd-suite-201b/nPxDj_jEQhGhUasLqkuEZA,tucker-georgia
https://www.ubereats.com/atlanta/food-delivery/jersey-mikes-subs-atlanta-2036-johnson-ferry-road/A3IYwXyZSiiwTkV3LM4woQ,tucker-georgia
https://www.ubereats.com/atlanta/food-delivery/hudson-grille-tucker/d1Sc_V8ZSPaOmCW4sOGikQ,tucker-georgia
https://www.ubereats.com/atlanta/food-delivery/tokyo-ramen-%26-grill/GP-AJXFUQPml-scfSpElYw,tucker-georgia
https://www.ubereats.com/atlanta/food-delivery/sarpinos-pizzeria-2521-piedmont-rd/hrIpdDxzSh6R0LVX4wDyHw,tucker-georgia
https://www.ubereats.com/atlanta/food-delivery/c%26l-jamaican-restaurant/QkxyhPJTQgeURO215h4fwA,tucker-georgia
https://www.ubereats.com/atlanta/food-delivery/sweet-point-bakery-%26-cafe/0U-97858TXiMgsPUmDBS9g,tucker-georgia
https://www.ubereats.com/atlanta/food-delivery/pita-palace/vd_3MVuKQAiZZ8D-23bSAw,tucker-georgia
https://www.ubereats.com/atlanta/food-delivery/boston-market-5170-stone-mtn-highway/xylzmgyvQK2qBjLHI9Qfrw,tucker-georgia
https://www.ubereats.com/atlanta/food-delivery/piccadilly-cafeteria-tucker/vwkyyswERG2aFcAgfkl8VQ,tucker-georgia
https://www.ubereats.com/atlanta/food-delivery/miss-gogi/kX6T5EffTleoBytketmKOw,tucker-georgia
https://www.ubereats.com/atlanta/food-delivery/starbucks-jimmy-carter-and-live-oak/ajxdiGXtRAetMSC37_mgHA,tucker-georgia
https://www.ubereats.com/atlanta/food-delivery/captain-ds-1487-church-street/p_fSR_ERREW4CqQP3WYdKw,tucker-georgia
https://www.ubereats.com/atlanta/food-delivery/schlotzskys-1625-pleasant-hill-rd-ste-110/8IlGVDMNRRehxi0wH8k_gw,tucker-georgia
https://www.ubereats.com/atlanta/food-delivery/smoothie-king-5513-peachtree/9f2TB8b4Tf6zZopoEpezmQ,tucker-georgia
https://www.ubereats.com/atlanta/food-delivery/i-pho-%26-grill/n5jF-T3mRsmCHoVmm9YLtQ,tucker-georgia
https://www.ubereats.com/atlanta/food-delivery/humpty-dumpty/jydTtSOJRAKTD-R1Y10itg,tucker-georgia
https://www.ubereats.com/atlanta/food-delivery/playa-bowls-chamblee/7Blez189QDKjCFg-I6mFew,tucker-georgia
https://www.ubereats.com/atlanta/food-delivery/wing-it/agdnJn1iSMOEpoyvDdMujg,tucker-georgia
https://www.ubereats.com/atlanta/food-delivery/red-lobster-3937-lavista-rd/McJj4floQBqpTgXsOFtryA,tucker-georgia
https://www.ubereats.com/atlanta/food-delivery/frontera-mex-mex-grill-stone-mountain/9EfOydLURuKwHfJcjL582Q,tucker-georgia
https://www.ubereats.com/atlanta/food-delivery/himalayas-indian-restaurant/AUG4MHo0SKaKGd7T62XSlg,tucker-georgia
https://www.ubereats.com/atlanta/food-delivery/china-star-tucker/lMcg4gGqRVOlJfrmsHIfLw,tucker-georgia
https://www.ubereats.com/atlanta/food-delivery/las-tortas-locas-%233/b8-LdSlwSk2Vfevi0lC7-w,tucker-georgia
https://www.ubereats.com/atlanta/food-delivery/american-deli-emory-briarcliff/HnLcl4GQRgeD10cAz1Dgkw,tucker-georgia
https://www.ubereats.com/atlanta/food-delivery/chipotle-mexican-grill-5001-peachtree-blvd-ste-1010/s7eG28NqSJqV2cVyPx5iiQ,tucker-georgia
https://www.ubereats.com/atlanta/food-delivery/dunkin-4941-s-old-peachtree-rd-suite-a/V3Fs9Xx_R3u5qVQ3xNKW8g,tucker-georgia
https://www.ubereats.com/atlanta/food-delivery/mcdonalds-doraville-ga-chamblee-tucker-road/3ipqMQvkQ9C_4P7XNHv9rg,tucker-georgia
https://www.ubereats.com/atlanta/food-delivery/naan-n-curry/2HeSuNe9RweJhavgQrgX9w,tucker-georgia
https://www.ubereats.com/atlanta/food-delivery/wings-on-brockett/R20izhdAS1WAZkkQw6poZA,tucker-georgia
https://www.ubereats.com/atlanta/food-delivery/mama-empanadas-elmhurst/DNY0mroXQ9O1wuWCTCdwnQ,tucker-georgia
https://www.ubereats.com/atlanta/food-delivery/buffalo-china/1e0LOg6jT7Sx3Kc3tyViHw,tucker-georgia
https://www.ubereats.com/atlanta/food-delivery/yummy-arreglos-frutales-%26-snacks/rsAZSqjgSTSeS_NyutnsqA,tucker-georgia
https://www.ubereats.com/atlanta/food-delivery/blazin-cajun-seafood-restaurant/0ZJdBaAdS3e7tiOOaGG2mw,tucker-georgia
https://www.ubereats.com/atlanta/food-delivery/sid-tajine/ovvYcF9IQx2DgNEpz5Aw-g,tucker-georgia
https://www.ubereats.com/atlanta/food-delivery/ibiza-lounge/vBS1_Bd_QKSvsHWnuARJog,tucker-georgia
https://www.ubereats.com/atlanta/food-delivery/murrays-in-a-hurry-norcross/e-FHwEM_RnyvGNT2nQ6QSg,tucker-georgia
https://www.ubereats.com/atlanta/food-delivery/jersey-mikes-subs-6050-peachtree-pkwy/kMSTZe33QUuXIqvV72PqJw,tucker-georgia
https://www.ubereats.com/atlanta/food-delivery/this-is-it!-bbq-%26-seafood-memorial-drive/ybufaJt-QXywGy1u937lUg,tucker-georgia
https://www.ubereats.com/atlanta/food-delivery/carniceria-y-taqueria-la-fe/piqLcdQoTbaHiNOLGrfkiQ,tucker-georgia
https://www.ubereats.com/atlanta/food-delivery/come-to-go/tmU_CcxZShyGo8rqO_ETuQ,tucker-georgia
https://www.ubereats.com/atlanta/food-delivery/ihop-5000-jimmy-carter-blvd/-bNpsC0XSeqxO9ms4ofRDQ,tucker-georgia
https://www.ubereats.com/atlanta/food-delivery/zona-caribbean/J_jz88G4ScS0pXuE-GXBFQ,tucker-georgia
https://www.ubereats.com/atlanta/food-delivery/restaurante-salva-mex/4IO2n5pnRmyb9klQ17oTtg,tucker-georgia
https://www.ubereats.com/atlanta/food-delivery/the-ice-cream-shop/YGztEWHXTB6U9nB8oi1P8g,tucker-georgia
https://www.ubereats.com/atlanta/food-delivery/lyons-jamaican-cuisine-llc/EeoJ-KGZQm2h0ZqjFtj_jw,tucker-georgia
https://www.ubereats.com/atlanta/food-delivery/ihop-4018-lawrenceville-highway/_nc9QJqYT3y2ffFGcrAPEw,tucker-georgia
https://www.ubereats.com/atlanta/food-delivery/vanilla-crepes/r3HhiOyIQleeqxO50yiZ3A,tucker-georgia
https://www.ubereats.com/atlanta/food-delivery/wnb-factory-wings-%26-burger-chamblee/KHQ8aw5SST2QKA-d4NwNcA,tucker-georgia
https://www.ubereats.com/atlanta/food-delivery/the-grill-at-souq/GS9yGdOlSnut3vaG6uuwBw,tucker-georgia
https://www.ubereats.com/atlanta/food-delivery/sidechick/P-e_14HgRyePmeR9m5i0RA,tucker-georgia
https://www.ubereats.com/atlanta/food-delivery/k-wings-lilburn/NloW3Q1XRgGwW0pbfpL__A,tucker-georgia
https://www.ubereats.com/atlanta/food-delivery/biryani-point/lEWWaj7nRkeDKHViQ9OlSQ,tucker-georgia
https://www.ubereats.com/atlanta/food-delivery/express-grub/iJYr3y8ZRAOBya-QJnKlhQ,tucker-georgia
https://www.ubereats.com/atlanta/food-delivery/siam-thai-restaurant/ap4IEN9LRcuh3S5vMRkuFQ,tucker-georgia
https://www.ubereats.com/atlanta/food-delivery/subway/m-icVRGRQPm9bE5JYTTieQ,tucker-georgia
https://www.ubereats.com/atlanta/food-delivery/el-taco-naco-tucker/8gXR0I7TQLaxWM7U-GZeVQ,tucker-georgia
https://www.ubereats.com/atlanta/food-delivery/chaffle-cafe-catering-cart/lk_cVwZWTbeA7Q8v8lnnvA,tucker-georgia
https://www.ubereats.com/atlanta/food-delivery/belal-halal-grocery-%26-grille/oj49FjuLRR2cWcAWKfsaXQ,tucker-georgia
https://www.ubereats.com/atlanta/food-delivery/the-juicy-crabtucker-ga/lZwHQaM0SV20S11UggDuNg,tucker-georgia
https://www.ubereats.com/atlanta/food-delivery/las-costas-nayaritas/A9YIOfpHSeKWwwCGQOLQcg,tucker-georgia
https://www.ubereats.com/atlanta/food-delivery/del-taco-4227-lavista-rd/Q1s30QMxQWSOWFdbxOC09w,tucker-georgia
https://www.ubereats.com/atlanta/food-delivery/cococakes-by-coco/ehsEdAQHRWeaCyHOPrOwNQ,tucker-georgia
https://www.ubereats.com/atlanta/food-delivery/captain-ds-2637-main-street-west/klaOtMpYQxeap1PuZ_E9jg,tucker-georgia
https://www.ubereats.com/atlanta/food-delivery/bevs-jerk-center/8qrGA1JBQ-Cia8PMMBNNvw,tucker-georgia
https://www.ubereats.com/atlanta/food-delivery/the-hotspot-steak-n-take/SZcopgDgTUGkv0lMnOzGwg,tucker-georgia
https://www.ubereats.com/atlanta/food-delivery/mcdonalds-tucker-ga-lawrncvle/1HHikXFoTFSkk7Fxfixx3Q,tucker-georgia
https://www.ubereats.com/atlanta/food-delivery/dunkin-3530-chamblee-tucker-rd-ste-b/9GHtdtN-ToSLP3kLSH9IVA,tucker-georgia
https://www.ubereats.com/atlanta/food-delivery/subway-holcomb-bridge/sv_e18SdQNa0WRLXatCEQw,tucker-georgia
https://www.ubereats.com/atlanta/food-delivery/juicy-jerk-fiesta-grill-%E2%80%9Cfood-trailer%E2%80%9D/xjojFb08TkWkls8UW5bvFA,tucker-georgia
https://www.ubereats.com/atlanta/food-delivery/wendys-1880-rockbridge-road/3xMGjDHATNqntqchFvOlPg,tucker-georgia
https://www.ubereats.com/atlanta/food-delivery/1804-caribbean-cuisine/ks4I-vouTzmMRJgJQ14EdQ,tucker-georgia
https://www.ubereats.com/atlanta/food-delivery/subway-6200-buford-hwy/FPDYUN81ThChy3eSDLdNdA,tucker-georgia
https://www.ubereats.com/atlanta/food-delivery/joes-to-goes/4EFiMG2uQvunXja8E6N-Rg,tucker-georgia
https://www.ubereats.com/atlanta/food-delivery/poke-bar-chamblee/SjMhUjbVQ4icZwc7EVz0pg,tucker-georgia
https://www.ubereats.com/atlanta/food-delivery/pita-mediterranean-street-food-peachtree-corners-norcross/xj05uTi6RACZt767EE5aOg,tucker-georgia
https://www.ubereats.com/atlanta/food-delivery/burger-king-3994-pleasantdale-road/cA9a79DlSY2GLVUMZb3ktQ,tucker-georgia
https://www.ubereats.com/atlanta/food-delivery/supreme-fish-delight-stone-mountain/s257MIjfSPinAnbIXxldPA,tucker-georgia
https://www.ubereats.com/atlanta/food-delivery/sushi-yoshino/A_dqdqzETzyMedZafMfkgQ,tucker-georgia
https://www.ubereats.com/atlanta/food-delivery/starbucks-indian-trail-and-oakbrook/ZCiWGaoCTPGBu1M0mnYjSg,tucker-georgia
https://www.ubereats.com/atlanta/food-delivery/pearls-tea/10IlEb6gQOSf5AAOSfVAkQ,tucker-georgia
https://www.ubereats.com/atlanta/food-delivery/kochi-sushi-%26-hibachi/a-xzSNreRni5sOpQWMffiA,tucker-georgia
https://www.ubereats.com/atlanta/food-delivery/china-panda/O3-NolgXRQOkuPMWD3yGOQ,tucker-georgia
https://www.ubereats.com/atlanta/food-delivery/carmens-kitchen/FJkt_brvSqOdTgSacXATAw,tucker-georgia
https://www.ubereats.com/atlanta/food-delivery/chamoys-restaurant/4Fa0CgmeTgOcQdKbISOCgw,tucker-georgia
https://www.ubereats.com/atlanta/food-delivery/1273-tapas-grille/cRAXQFV7Ta2hLCtxy7GSfg,tucker-georgia
https://www.ubereats.com/atlanta/food-delivery/the-corner-pub-decatur/S7-SbttdR9OAXHnrFFXU0w,tucker-georgia
https://www.ubereats.com/atlanta/food-delivery/butter-%26-cream-decatur/ec2ZihloRjCJM_T5mdJCTQ,tucker-georgia
https://www.ubereats.com/atlanta/food-delivery/kings-southern-delight/fpfZPI3VRdiMv9adRl0eTA,tucker-georgia
https://www.ubereats.com/atlanta/food-delivery/j-christophers-brookhaven/1cgvWDflSS6VDaV1NyWd6g,tucker-georgia
https://www.ubereats.com/atlanta/food-delivery/tropical-smoothie-cafe-town-brookhaven/RPThr_jBSvu52plGHzGYpQ,tucker-georgia
https://www.ubereats.com/atlanta/food-delivery/hello-chicken/RlGgLYxhSjqH5XQXCdzN2w,tucker-georgia
https://www.ubereats.com/atlanta/food-delivery/captain-ds-4113-lawrenceville-highway/jBSsfLb-Rya5v8F_eBw_YQ,tucker-georgia
https://www.ubereats.com/atlanta/food-delivery/brick-oven-pizza/2n3fdkzRR8GLlaKVjwGrqQ,tucker-georgia
https://www.ubereats.com/atlanta/food-delivery/ameribistro-stone-mountain/r1vjgwKQRw2gtTWULDK-nQ,tucker-georgia
https://www.ubereats.com/atlanta/food-delivery/china-wok-lilburn/1v0c2r8bSVmaIdF0OAPylQ,tucker-georgia
https://www.ubereats.com/atlanta/food-delivery/subway-1227-rockbridge-rd/jwn8adXLR32JWSLbowsxCQ,tucker-georgia
https://www.ubereats.com/atlanta/food-delivery/el-rinconcito-del-sabor-%231/sTNvaYW1QFG_TxyucCuVdg,tucker-georgia
https://www.ubereats.com/atlanta/food-delivery/liz-international-roti-house/ITsmTmOhRwywWEyREIuhAA,tucker-georgia
https://www.ubereats.com/atlanta/food-delivery/vegetarian-fusion/z_2-_S3XQf2xhU_3MgNetA,tucker-georgia
https://www.ubereats.com/atlanta/food-delivery/family-cafe-wing-ave/BAenvinFTBy1AQVu-To_DA,tucker-georgia
https://www.ubereats.com/atlanta/food-delivery/atlanta-bread-peachtree-corners/2dpJf08EQLmZRq8aRPE10w,tucker-georgia
https://www.ubereats.com/atlanta/food-delivery/boston-market-2535-briarcliff-road/xsmpvmPuTrOvWcmNG9IgvQ,tucker-georgia
https://www.ubereats.com/atlanta/food-delivery/willys-mexicana-grill-2566-briarcliff-road/t47gXi4WQVqUKSMuUldJ_A,tucker-georgia
https://www.ubereats.com/atlanta/food-delivery/el-rancherito-colombiano/PTEAQY8cSFO4Jh0I8fTX8g,tucker-georgia
https://www.ubereats.com/atlanta/food-delivery/goodazzfood-3795-presidential-pkwy/t0HXOrJ8SEmvf2TLkzGyuw,tucker-georgia
https://www.ubereats.com/atlanta/food-delivery/taqueria-los-rayos/Zxagi_OtSG-jWAV3uz4rDg,tucker-georgia
https://www.ubereats.com/atlanta/food-delivery/a-little-nauti-atlanta-food-truck-by-oystersco/d9gfR2I6QauQcCdlfPjJrw,tucker-georgia
https://www.ubereats.com/atlanta/food-delivery/la-sabrosita-restaurant/pyBgmdx6SOGnMeNSTd31NQ,tucker-georgia
https://www.ubereats.com/atlanta/food-delivery/bambinellis-italian-restaurant-northlake/ym9D5sYXQuW_9P-jUh666w,tucker-georgia
https://www.ubereats.com/atlanta/food-delivery/american-deli/fOtFauJsQNK0aM_nINdk_w,tucker-georgia
https://www.ubereats.com/atlanta/food-delivery/indian-grill-restaurant/Smqt0KN9QaS5kHyUjhKEuw,tucker-georgia
https://www.ubereats.com/atlanta/food-delivery/pasquallys-pizza-%26-wings-5019-jimmy-carter-blvd/OHm1QTTaSMCVBpqJH8Pmeg,tucker-georgia
https://www.ubereats.com/atlanta/food-delivery/krispy-krunchy-chicken-3666-shallowford-rd/TroSixLwQEWk45DKDJvwqw,tucker-georgia
https://www.ubereats.com/atlanta/food-delivery/vegan-king/1aTuEAO2Q3ya8pPGRerHXA,tucker-georgia
https://www.ubereats.com/atlanta/food-delivery/the-breeze-smoothie-bar/jZy3RqALRjaGUxGeLy_fgQ,tucker-georgia
https://www.ubereats.com/atlanta/food-delivery/dijla-cafe/Jdd8XSejR7CHpt43McpX0A,tucker-georgia
https://www.ubereats.com/atlanta/food-delivery/boss-wings/XF-VqZiORnC5xICdeRNARg,tucker-georgia
https://www.ubereats.com/atlanta/food-delivery/golden-drops-cafe/f5opacxlR0m1I2vg-ETv9A,tucker-georgia
https://www.ubereats.com/atlanta/food-delivery/olde-blind-dog-brookhaven/RcPBm7iGRJaZhHTdtPECYw,tucker-georgia
https://www.ubereats.com/atlanta/food-delivery/mcdonalds-atlanta-chamblee-tucker-%40-i-285/PzwURV5lT06gJbZSG8n2bw,tucker-georgia
https://www.ubereats.com/atlanta/food-delivery/floras-grill-restaurant/KRo8_1beSbCYXLEbrXSWjQ,tucker-georgia
https://www.ubereats.com/atlanta/food-delivery/baraka-shawarma-mediterranean-grill-3-stone-mountain/_7jIxMjvSv68xtxqEuYznA,tucker-georgia
https://www.ubereats.com/atlanta/food-delivery/jardi-chocolates/9ZtxnsBXRt6M9BtQWzC1Cg,tucker-georgia
https://www.ubereats.com/atlanta/food-delivery/sprig-restaurant/oyMrXlTgQk6GZgYSHbsgrA,tucker-georgia
https://www.ubereats.com/atlanta/food-delivery/wendys-5621-peachtree-ind-blvd/CxFSRo_BRrClLk9jw-U65Q,tucker-georgia
https://www.ubereats.com/atlanta/food-delivery/jerk-berserk-3-girls-%26-a-grill-llc/3pFSDMQvQpmsxY7ZelpgYA,tucker-georgia
https://www.ubereats.com/atlanta/food-delivery/hibachi/8nF6NzC-TOCxYVGXT47mcw,tucker-georgia
https://www.ubereats.com/atlanta/food-delivery/steel-city-pops-312-church-street/4cMWgLyCRquxBvUAY8sx7Q,tucker-georgia
https://www.ubereats.com/atlanta/food-delivery/krispy-kreme-wesley-chapel-rd-%26-snapfinger-woods-dr/fmjexLGfQyKEB0Rqyphraw,tucker-georgia
https://www.ubereats.com/atlanta/food-delivery/talars/Fv6fyoZoTFSN4ivejtriqA,tucker-georgia
https://www.ubereats.com/atlanta/food-delivery/texcoco-restaraunt/F-vyoDU9RwWPzSmwuLcHcg,tucker-georgia
https://www.ubereats.com/atlanta/food-delivery/tin-drum-asian-kitchen-decatur/pqzMGZfCT82gvqDED1uihA,tucker-georgia
https://www.ubereats.com/atlanta/food-delivery/the-pasta-point-vip-restaurant/w53-RLhcTOGkh-olRgf_dQ,tucker-georgia
https://www.ubereats.com/atlanta/food-delivery/frontera-mex-mex-grill-indian-trail/i_bHQmToQumaebJ1jjQ1IA,tucker-georgia
https://www.ubereats.com/atlanta/food-delivery/smokey-jacks-barbeque/oaTxHpXjS3ObNED0T1MRRQ,tucker-georgia
https://www.ubereats.com/atlanta/food-delivery/tanaka-ramen-town-blvd/vJfq6aCBRKG0iZOCJdbmtQ,tucker-georgia
https://www.ubereats.com/atlanta/food-delivery/tastebuddz/3KC5xKqeSIm7HwJ4Zmr2Iw,tucker-georgia
https://www.ubereats.com/atlanta/food-delivery/subway-4181-steve-reynolds-blvd/JHWb1Mi9TZSatreG9jgcOw,tucker-georgia
https://www.ubereats.com/atlanta/food-delivery/spice-bistro/tv03TYaJSL2KIctr7ncDlQ,tucker-georgia
https://www.ubereats.com/atlanta/food-delivery/mellow-mushroom-atlanta-brookhaven/eFqFu8AkTJ2lUbyExUvh1Q,tucker-georgia
https://www.ubereats.com/atlanta/food-delivery/italian-pie-lilburn/1TXr9DK3RkylWenCsrIXOA,tucker-georgia
https://www.ubereats.com/atlanta/food-delivery/chick-fil-a-5542-memorial-dr/MCmL4cZ5TUSEWlFp3rOi8A,tucker-georgia
https://www.ubereats.com/atlanta/food-delivery/johnnys-sports-bar-and-grill/JQn8dtUfTCCbHUo5x2B4Qg,tucker-georgia
https://www.ubereats.com/atlanta/food-delivery/eats-mediterranean-grill/dFa2s37XTTa4DF8e4gbVFA,tucker-georgia
https://www.ubereats.com/atlanta/food-delivery/wnb-wings-%26-burger-factory-north-druid-hills-road/vGFhdA9wSr2LTT4fecBKDQ,tucker-georgia
https://www.ubereats.com/atlanta/food-delivery/mist-poke-snack-dessert-bar/xTm9G4TeTS2kwmoVv_S3sQ,tucker-georgia
https://www.ubereats.com/atlanta/food-delivery/kaceys-home-cooking-tucker/g5o2_LUIQZe2vjDd4yhuZg,tucker-georgia
https://www.ubereats.com/atlanta/food-delivery/international-roti-house-decatur/SmAhspinRIGVQZ2APj8WJQ,tucker-georgia
https://www.ubereats.com/atlanta/food-delivery/a1-wings/d3wzQ9KgR9O_wfO-STCdrA,tucker-georgia
https://www.ubereats.com/atlanta/food-delivery/sub-zero-nitrogen-ice-cream/0Y_wkkciSpufHbuRpyR6JA,tucker-georgia
https://www.ubereats.com/atlanta/food-delivery/bento-cafe/M2xrlQs6R6GlaYb8loO0Xg,tucker-georgia
https://www.ubereats.com/atlanta/food-delivery/three-dollar-cafe-norcross/aNqQm2kpQfaFZL3HDGNU4w,tucker-georgia
https://www.ubereats.com/atlanta/food-delivery/40-ice-cream-%26-drinks/B-GJKeM0SS-0UdW69vWO2A,tucker-georgia
https://www.ubereats.com/atlanta/food-delivery/mcdonalds-norcrss-peachtre/2_GnmmtRTxe-GnbADRmu7A,tucker-georgia
https://www.ubereats.com/atlanta/food-delivery/subway-4065-memorial-dr/0A8R-wMFQUKDXGS-Vu-4tQ,tucker-georgia
https://www.ubereats.com/atlanta/food-delivery/roc-south-cuisine/VKxnC5EbSMOp3j2ydk9mnA,tucker-georgia
https://www.ubereats.com/atlanta/food-delivery/gossip-lounge/Z5AT0UGSRrmZUknL00TOZQ,tucker-georgia
https://www.ubereats.com/atlanta/food-delivery/pitaria/od8_F4nJRsO8ABZDnwYJyA,tucker-georgia
https://www.ubereats.com/atlanta/food-delivery/shaking-crawfish/Y7PHmxFSR6yGqf7hUEh9Zw,tucker-georgia
https://www.ubereats.com/atlanta/food-delivery/cafe-istanbul-decatur/5zmAoer3ReuDfLlkSF8Cfg,tucker-georgia
https://www.ubereats.com/atlanta/food-delivery/american-deli-893-n-hairston-rd/5SqZKXDoTR6QjD7v-Qbf3A,tucker-georgia
https://www.ubereats.com/atlanta/food-delivery/louisiana-bistreaux-seafood-kitchen-decatur/iMPqbxoGTVC1KjcsEick8A,tucker-georgia
https://www.ubereats.com/atlanta/food-delivery/kyma/P2XmbMMaSzSEjmT-NqWivg,tucker-georgia
https://www.ubereats.com/atlanta/food-delivery/the-african-grill/lIbtuOjUQn64TryWcL6g5A,tucker-georgia
https://www.ubereats.com/atlanta/food-delivery/blimpie-lawrenceville/A4AoygwzQqe6hoME8uLUtg,tucker-georgia
https://www.ubereats.com/atlanta/food-delivery/subway-1241-indian-trail-lilburn-rd/Ftp9fM-DS2ifBhWQxuhp6g,tucker-georgia
https://www.ubereats.com/atlanta/food-delivery/halalpizza%26cafe/KS47RYVdTeuk5Ctp_dn5nA,tucker-georgia
https://www.ubereats.com/atlanta/food-delivery/guestdrivenbbq/pvxa7P9xRE-pD_S_Ev3llA,tucker-georgia
https://www.ubereats.com/atlanta/food-delivery/taqueria-at-supermercado-el-sol/SoXG9bmDQACFk4qSKBRT0Q,tucker-georgia
https://www.ubereats.com/atlanta/food-delivery/the-ice-cream-shop/fRKmgxAMRPKD60lSisJaiw,tucker-georgia
https://www.ubereats.com/atlanta/food-delivery/china-king/gB3jqQk7Q3aoKV92brpydg,tucker-georgia
https://www.ubereats.com/atlanta/food-delivery/nicolas-restaurant/D9CBLZe6QO2IQicTUYT2Mw,tucker-georgia
https://www.ubereats.com/atlanta/food-delivery/hi-pot/eL5nLg4hRyezyCNNdFTrpw,tucker-georgia
https://www.ubereats.com/atlanta/food-delivery/versace-dominican-restaurant/RoELIh8ASgGAyu8q3TO_JA,tucker-georgia
https://www.ubereats.com/atlanta/food-delivery/subway-4010-lawrenceville-hwy/XYhCA_vhTuiUkoZZiYnCgg,tucker-georgia
https://www.ubereats.com/atlanta/food-delivery/flying-biscuit-cafe-peachtree-corners/NiAM9MIgSZeJyHtWsbxD1A,tucker-georgia
https://www.ubereats.com/atlanta/food-delivery/la-costilla-grill/tCoqRd8ZT3SDkGaBh86sAw,tucker-georgia
https://www.ubereats.com/atlanta/food-delivery/mangos-latino-grill-3870-lawrenceville-hwy/u2x9tncwSW-11VDvvmu4mg,tucker-georgia
https://www.ubereats.com/atlanta/food-delivery/los-ranchos-latinos/mQM1AiByTNSzEVwfm8kUEg,tucker-georgia
https://www.ubereats.com/atlanta/food-delivery/planet-smoothie-5275-peachtree-pkwy-106/06Yk0FJTQs6vWkrIzfzzxQ,tucker-georgia
https://www.ubereats.com/atlanta/food-delivery/ardens-garden-stone-mountain/ecZrkmLNTAanS6Wx2xGVBA,tucker-georgia
https://www.ubereats.com/atlanta/food-delivery/great-china-express/IN9lM02SR12TAfJky8ucTg,tucker-georgia
https://www.ubereats.com/atlanta/food-delivery/ps-asian-restaurant/gtYq7MbST0mmXOnGGPKiJQ,tucker-georgia
https://www.ubereats.com/atlanta/food-delivery/jr-crickets-briarcliff-road/oYUay2F1RpObKAsk_vIn2Q,tucker-georgia
https://www.ubereats.com/atlanta/food-delivery/just-grillin-bbq-%26-catering/t5Ne3cEQQPmRc8TGjEHtzg,tucker-georgia
https://www.ubereats.com/atlanta/food-delivery/las-tortas-locas-%231/acj4GyATRzyByNXThTBLkw,tucker-georgia
https://www.ubereats.com/atlanta/food-delivery/krispy-krunchy-chicken-4500-satellite-blvd/1yhrEG4TRuqU869hg8p_Mw,tucker-georgia
https://www.ubereats.com/atlanta/food-delivery/el-rinconcito-del-sabor-%232/3i-NGUe3RuKD4xfdh_RKqw,tucker-georgia
https://www.ubereats.com/atlanta/food-delivery/mangolatinogrill/12-i5MkaSmqltZqXl_G84Q,tucker-georgia
https://www.ubereats.com/atlanta/food-delivery/mr-eggroll-chinese-restaurant/QvZ_0_rkQaCTzEHdMCt6ZQ,tucker-georgia
https://www.ubereats.com/atlanta/food-delivery/la-nina-michoacana-pop/XkbcwQWiSQ2RAry_-ua52Q,tucker-georgia
https://www.ubereats.com/atlanta/food-delivery/mr-crab/BNPZl-XAQXuYW9JHVhbUkg,tucker-georgia
https://www.ubereats.com/atlanta/food-delivery/quick-bite-lithonia/lM4g4f8GRZK9gvWDCEH9tg,tucker-georgia
https://www.ubereats.com/atlanta/food-delivery/jersey-mikes-dunwoody/X8V1C5-ES12knVeLM1-dCQ,tucker-georgia
https://www.ubereats.com/atlanta/food-delivery/mcdonalds-stone-mountain-ga-hairston/brC90TXIQEOAemqWzGLsZQ,tucker-georgia
https://www.ubereats.com/atlanta/food-delivery/arbys-1945-indian-trail-rd/pln3t9VhTOyKmwLPZEsd8A,tucker-georgia
https://www.ubereats.com/atlanta/food-delivery/captain-ds-1881-candler-road/8GQ_304-Qna1LaxY4e8wSg,tucker-georgia
https://www.ubereats.com/atlanta/food-delivery/ladeami/B80G0TZfRDu_c8fHaQKqkg,tucker-georgia
https://www.ubereats.com/atlanta/food-delivery/three-angels-mexican-restaurant/rW3z0AMuQlGiWsn5Sc7XFA,tucker-georgia
https://www.ubereats.com/atlanta/food-delivery/taco-bell-5518-jimmy-carter-blvd/jseUBROBSgm35pMLzgZ-5A,tucker-georgia
https://www.ubereats.com/atlanta/food-delivery/taqueria-morelos/rOQC6PMqSPS0YmwsHsVcCA,tucker-georgia
https://www.ubereats.com/atlanta/food-delivery/wnb-factory-wings-%26-burger-stone-mountain-2/KgT5HchOT2m_Vk-CYs_t6A,tucker-georgia
https://www.ubereats.com/atlanta/food-delivery/red-sea-cafe/3Q1TT3xOQLCWjlQkDFtrig,tucker-georgia
https://www.ubereats.com/atlanta/food-delivery/a-taste-of-paradise/lKFjCVxHR9qMBtS2k9PQBg,tucker-georgia
https://www.ubereats.com/atlanta/food-delivery/panda-chinese-restaurant-new-york-style/z_nMh4ZoTsiEYdI5WAWerw,tucker-georgia
https://www.ubereats.com/atlanta/food-delivery/burgerim/UY-4XZGFSBaOUMpbGzRyWA,tucker-georgia
https://www.ubereats.com/atlanta/food-delivery/dan-moo-ji/j-DcwSU1QMC6AHDZ-zAgPQ,tucker-georgia
https://www.ubereats.com/atlanta/food-delivery/i-luv-pho-buford-highway/I9B2PmBKQ7uzstnp_XdXRg,tucker-georgia
https://www.ubereats.com/atlanta/food-delivery/burger-bar-3550-gwinett-place-drive/CwVNEdgOQpG1G7XK4k1cMg,tucker-georgia
https://www.ubereats.com/atlanta/food-delivery/bell-street-burritos-tucker/Qz9q9V6lQsmgFSMv16-78w,tucker-georgia
https://www.ubereats.com/atlanta/food-delivery/the-original-pancake-house/7_Wxh8xXSkupanXGnaDt2w,tucker-georgia
https://www.ubereats.com/atlanta/food-delivery/willys-mexicana-grill-3883-peachtree-road-ne/sv5XEA2xSEG686DlH9MYzQ,tucker-georgia
https://www.ubereats.com/atlanta/food-delivery/brusters-real-ice-cream-4844-redan-rd/40bXQrVpSj2LyrBWhqidHQ,tucker-georgia
https://www.ubereats.com/atlanta/food-delivery/the-wing-place/LJwVCVpNTNutzmVrdblA6w,tucker-georgia
https://www.ubereats.com/atlanta/food-delivery/heritage-grille/FSOxNSeTTWyW0o99cI-W1g,tucker-georgia
https://www.ubereats.com/atlanta/food-delivery/jr-crickets-lithonia/lhPNT30cSPi9edf6wXnuPA,tucker-georgia
https://www.ubereats.com/atlanta/food-delivery/so-kong-dong-tofu-house/hWtE5mxASySXk_QbC3iP0w,tucker-georgia
https://www.ubereats.com/atlanta/food-delivery/cafe-azalea/5xkmkFCcRmyrkJsSxamwVw,tucker-georgia
https://www.ubereats.com/atlanta/food-delivery/red-lobster-2055-pleasant-hill-road/7vn8UbqTQLKKXX2OpliBtw,tucker-georgia
https://www.ubereats.com/atlanta/food-delivery/sonic-4885-stone-mountain-highway/yHBxMpX6TGKt49rA8TYUHw,tucker-georgia
https://www.ubereats.com/atlanta/food-delivery/grecian-gyro-tucker/hlBOLvRPSzOpvcWjtxS5kw,tucker-georgia
https://www.ubereats.com/atlanta/food-delivery/chom-chom/j7n1kxJzRAabWLGi8E9ljg,tucker-georgia
https://www.ubereats.com/atlanta/food-delivery/louies-sports-grill/BAiz2mJgSbiDGGnckzpX3A,tucker-georgia
https://www.ubereats.com/atlanta/food-delivery/uncle-maddios-pizza-tucker/a96hTStVTKGM6Wr-7QBAfQ,tucker-georgia
https://www.ubereats.com/atlanta/food-delivery/super-wings-and-philly/MTfReG2bSbWsi8r1-_woKA,tucker-georgia
https://www.ubereats.com/atlanta/food-delivery/papa-johns-1230-s-hairston-road/dgEPxzdCTM-i1505NyWJzA,tucker-georgia
https://www.ubereats.com/atlanta/food-delivery/la-martina-mexican-restaurant-bar/OuizS8qfSmqU3EEiMuKmOQ,tucker-georgia
https://www.ubereats.com/atlanta/food-delivery/lucky-key-and-fujiya/bgoetD2OTDasLEcYLxSLmg,tucker-georgia
https://www.ubereats.com/atlanta/food-delivery/subway-2154-henderson-mill-rd-ne/PYqBRJd1QOeCUYFPVCnAhg,tucker-georgia
https://www.ubereats.com/atlanta/food-delivery/newks-eatery-tucker/Y7neXx7-STOo4WFEpM31Fg,tucker-georgia
https://www.ubereats.com/atlanta/food-delivery/joaneys-authentic-jamaican-cuisine/yyTSBXz2QK-ukuUSkOtg-w,tucker-georgia
https://www.ubereats.com/atlanta/food-delivery/yummy-spicy/zC5DrU7xSVegRSFUB_ikUQ,tucker-georgia
https://www.ubereats.com/atlanta/food-delivery/monsoon-masala-kitchen/HVApWp8yT4S7wzBI9ZV00g,tucker-georgia
https://www.ubereats.com/atlanta/food-delivery/honest-indian-restaurant/7r1zwfd2RFat4JmtI4G5_w,tucker-georgia
https://www.ubereats.com/atlanta/food-delivery/sarah-donuts/SY8XnjypQaSLmfOOG6lDTg,tucker-georgia
https://www.ubereats.com/atlanta/food-delivery/sultana-cafe/F8hIZat_S5uO8sDSBdLNTw,tucker-georgia
https://www.ubereats.com/atlanta/food-delivery/footprints-jamaican-restaurant-%26-lounge-decatur/dhmG5jNWQeqXE43ykWIzVA,tucker-georgia
https://www.ubereats.com/atlanta/food-delivery/goldbergs-deli-north-druid-hills/8lYlHycsQau_kh21OeglGA,tucker-georgia
https://www.ubereats.com/atlanta/food-delivery/flemings-prime-steakhouse-%26-wine-bar-atlanta/qC9uZOASTUeM5KHXCXPRTw,tucker-georgia
https://www.ubereats.com/atlanta/food-delivery/sweet-potato-cafe-manor-dr/R1D1o_flSOq_BDht388zBQ,tucker-georgia
https://www.ubereats.com/atlanta/food-delivery/the-ice-cream-shop/6HRx5vBZRkWhM82ws3VXcw,tucker-georgia
https://www.ubereats.com/atlanta/food-delivery/taqueria-la-consentida/9ImzOsLDSZO009C6cjOGFQ,tucker-georgia
https://www.ubereats.com/atlanta/food-delivery/ole-restaurant-lounge-stone-mountain/q0AC2bi-R9uzaixFtfwFpw,tucker-georgia
https://www.ubereats.com/atlanta/food-delivery/mirza-hookah-lounge/zOQsMEGJTGqNZ0I2kVvm7Q,tucker-georgia
https://www.ubereats.com/atlanta/food-delivery/green-olive-kabob-house-duluth/4vjB3PILSdKcMJ-2TNuhaA,tucker-georgia
https://www.ubereats.com/atlanta/food-delivery/b-bs-wings/gSbROlCvS1WbxGtd_kRCLg,tucker-georgia
https://www.ubereats.com/atlanta/food-delivery/the-real-new-york-pizzeria/iQ2Pgk2xQV2IVg7Yb90Irg,tucker-georgia
https://www.ubereats.com/atlanta/food-delivery/sumo-hibachi-%26-wings/kiYqMedwS26rveDtSzrZFg,tucker-georgia
https://www.ubereats.com/atlanta/food-delivery/checkers-5801-buford-highway/q5yYDresQzWCE67tDIGdzQ,tucker-georgia
https://www.ubereats.com/atlanta/food-delivery/china-buffet/OCaXsd1WSwuHGJ5emJGmeA,tucker-georgia
https://www.ubereats.com/atlanta/food-delivery/amt-cafe/aVunVYdZSS-_Zuqi_vCQxQ,tucker-georgia
https://www.ubereats.com/atlanta/food-delivery/touchdown-wings-tucker/UD5eZHuAQQ6nYRSxBMQTzA,tucker-georgia
https://www.ubereats.com/atlanta/food-delivery/casa-vieja-restaurant/1wfeD8BeRj2xTtftcowrxw,tucker-georgia
https://www.ubereats.com/atlanta/food-delivery/applebees-4705-memorial-dr/Nl1nP0zXSdufOQD56gNFaw,tucker-georgia
https://www.ubereats.com/atlanta/food-delivery/asmas-cuisine/BWt5cgCUQ62RRXv64ebzSg,tucker-georgia
https://www.ubereats.com/atlanta/food-delivery/tastee-afrikana/q_l34mHvSfqEsu2kp_fI-g,tucker-georgia
https://www.ubereats.com/atlanta/food-delivery/port-antonio-bistro/7CizQhtcT6uJ571nGo2gOQ,tucker-georgia
https://www.ubereats.com/atlanta/food-delivery/el-monterrey-mexican-restaurant/ruZof2ueRA68KZsFoDehug,tucker-georgia
https://www.ubereats.com/atlanta/food-delivery/chocolate-coffee/56QIK78MR4qRfyFP2ysehw,tucker-georgia
https://www.ubereats.com/atlanta/food-delivery/dunkin-3935-lawrenceville-hwy/kZ80rSEUSLygg8evFez-uA,tucker-georgia
https://www.ubereats.com/atlanta/food-delivery/divine-breeze/hexkj19JSjWkTLPoe-T07w,tucker-georgia
https://www.ubereats.com/atlanta/food-delivery/subway-475-rockbridge-rd/zsyqs1D1QpSpDbg26zvD8A,tucker-georgia
https://www.ubereats.com/atlanta/food-delivery/paopao-ramen-factory-%26-bar/rs70OxA6TLKNXNKb3K6Y4g,tucker-georgia
https://www.ubereats.com/atlanta/food-delivery/brusters-1590-indian-trail-lilburn-rd/JMc4MjKMQiiU_hwnSNynwA,tucker-georgia
https://www.ubereats.com/atlanta/food-delivery/bawarchi-biryanis-decatur/1DRIsVnzTu6z-Y1Qfh5S_A,tucker-georgia
https://www.ubereats.com/atlanta/food-delivery/doos-seafood-snellville/6lyUmLDdRWuXZOKT0jBVDw,tucker-georgia
https://www.ubereats.com/atlanta/food-delivery/the-original-pancake-house/uF8wBpUHRl-VaBtRlAo3SA,tucker-georgia
https://www.ubereats.com/atlanta/food-delivery/hibachi-express-wings-house/_MMhETtxSAGCUawNF1LOWQ,tucker-georgia
https://www.ubereats.com/atlanta/food-delivery/taco-loco/q_ipXIYdQBml5Sza2D11og,tucker-georgia
https://www.ubereats.com/atlanta/food-delivery/taco-bell-1720-indian-trail-rd/PSYElbI4TY2ckpUUuXWlhQ,tucker-georgia
https://www.ubereats.com/atlanta/food-delivery/brusters-real-ice-cream-6359-jimmy-carter-blvd/k8RO2CF1StuXeWgpXBbXHw,tucker-georgia
https://www.ubereats.com/atlanta/food-delivery/cue-barbecue/uyyU4d32Tb2tJDJI0ELsyQ,tucker-georgia
https://www.ubereats.com/atlanta/food-delivery/best-china/hx3XJekhTBmsqZwdF2sVQg,tucker-georgia
https://www.ubereats.com/atlanta/food-delivery/five-daughters-bakery-atlanta-prep/_GFC_wMKTJ-JmoERuD3yQw,tucker-georgia
https://www.ubereats.com/atlanta/food-delivery/chopt-creative-salad-co-2935-c-north-druid-hills-rd/nMIiwieXS_mJ9WJov_TCyA,tucker-georgia
https://www.ubereats.com/atlanta/food-delivery/olive-garden-ashford-dunwoody-rd-%26-ashford-pkwy/03B0MmWNRs6UZ8ODKbf9SQ,tucker-georgia
https://www.ubereats.com/atlanta/food-delivery/wild-ginger-thai/jn3fgcZuSUGApU7tnPxPUg,tucker-georgia
https://www.ubereats.com/atlanta/food-delivery/himalayan-spice/-izsPQDpQySzpV1_syuGxw,tucker-georgia
https://www.ubereats.com/atlanta/food-delivery/zaxbys-pleasant-hill-rd/WfSuThlmSxWkLNXNjuQqFQ,tucker-georgia
https://www.ubereats.com/atlanta/food-delivery/mo%60s-pizza/1wlLv0WMQii0JI7pLEKXaw,tucker-georgia
https://www.ubereats.com/atlanta/food-delivery/wendys-2159-savoy-drive/6JTa4ScdQ7q9zxjSeKc42A,tucker-georgia
https://www.ubereats.com/atlanta/food-delivery/taaj-kabob-%26-grill/8cUTn23BROCgnt9u8HRERg,tucker-georgia
https://www.ubereats.com/atlanta/food-delivery/mezcalitos-cantina-decatur/dccSk5YIToeLgL4kAjzh0g,tucker-georgia
https://www.ubereats.com/atlanta/food-delivery/flying-biscuit-cafe-toco-hills/5fpYReXsT8m0v0g1AdEvwQ,tucker-georgia
https://www.ubereats.com/atlanta/food-delivery/bibas-italian-restaurant-lawrenceville/aAaxQgf7S9uii7Z443-QGA,tucker-georgia
https://www.ubereats.com/atlanta/food-delivery/papa-johns-5200-jimmy-carter-blvd/VLiyD3rcRT6nWRf4VarLLg,tucker-georgia
https://www.ubereats.com/atlanta/food-delivery/burger-king-4622-memorial-drive/CepVOHAIQ8-slSQYwgRFlw,tucker-georgia
https://www.ubereats.com/atlanta/food-delivery/sushi-matsuya/DYIE2vwuQhutdXd_vGWx2w,tucker-georgia
https://www.ubereats.com/atlanta/food-delivery/los-bravos-brookhaven/fCrA4jVcTh6uz42sUrVVKw,tucker-georgia
https://www.ubereats.com/atlanta/food-delivery/duckanoo-grill/uZ3P4IUTQA-qfNMoTquOPw,tucker-georgia
https://www.ubereats.com/atlanta/food-delivery/mariscos-la-riviera-nayarit-norcross/O2OujfyQSUWKOnZymCxDGA,tucker-georgia
https://www.ubereats.com/atlanta/food-delivery/el-potrillo-alpharetta/UlQDqu66TZaqoc-Knsomdg,tucker-georgia
https://www.ubereats.com/atlanta/food-delivery/scrumptious-fare-catering/FadX5tWHSQ-voJ7fYhikuQ,tucker-georgia
https://www.ubereats.com/atlanta/food-delivery/chick-fil-a-3967-lavista-rd/OmHWYpP5RUyehI_WXaEV6A,tucker-georgia
https://www.ubereats.com/atlanta/food-delivery/el-fogon-dominicano/A6h6TkPVTD6QvYvnPawi9A,tucker-georgia
https://www.ubereats.com/atlanta/food-delivery/supreme-burger/dPlGtcpCRI6HRkjcIkZCcQ,tucker-georgia
https://www.ubereats.com/atlanta/food-delivery/impulse-lounge/EKSrK-4iTN26NRqTlGIWDw,tucker-georgia
https://www.ubereats.com/atlanta/food-delivery/contigo-peru-norcross/flNxXRH7TCOICt8xuC22gQ,tucker-georgia
https://www.ubereats.com/atlanta/food-delivery/mos-pizza/w2E-H6FOSYOleW9fKU5JXw,tucker-georgia
https://www.ubereats.com/atlanta/food-delivery/chick-fil-a-4340-hugh-howell-rd/WjjDIlh7Tu-g0HEz8Ret9A,tucker-georgia
https://www.ubereats.com/atlanta/food-delivery/chin-chin-chinese-%26-sushi-restaurant/Mj6ZYANiQUKKoZbr5PfeGA,tucker-georgia
https://www.ubereats.com/atlanta/food-delivery/bojangles-famous-chicken-%26-biscuits-987-5884-buford-highway/IoYDX6mcQXChlX2DLuJn1g,tucker-georgia
https://www.ubereats.com/atlanta/food-delivery/sabores-del-plata-norcross/VWsE7nMtR5uyQfbDH39ryQ,tucker-georgia
https://www.ubereats.com/atlanta/food-delivery/mobile-chef-atl/XQuIl7xwQE6W5hTWXymWcw,tucker-georgia
https://www.ubereats.com/atlanta/food-delivery/chinese-dhaba-decatur/YbH9u348RtWQhA5N5I-YfQ,tucker-georgia
https://www.ubereats.com/atlanta/food-delivery/las-arepas-de-julia/ou5204JAQxGyi7Xr_4b2mQ,tucker-georgia
https://www.ubereats.com/atlanta/food-delivery/mango-mango-dessert-atlanta/lsk9OtYlSRaNqpWsk-Jx4Q,tucker-georgia
https://www.ubereats.com/atlanta/food-delivery/almond-cakes-and-catering/YXXP5gSSSdq2svcgb0iRTg,tucker-georgia
https://www.ubereats.com/atlanta/food-delivery/petite-violette/JGHDwKHxRQ2UEXYDM-URPA,tucker-georgia
https://www.ubereats.com/atlanta/food-delivery/vietvana-pho-noodle-house/BBMhobHtQMyQjaSVZEKSvg,tucker-georgia
https://www.ubereats.com/atlanta/food-delivery/chin-chin-hibachi-express/_oAViF1FSvOk_yaGI4mQ3g,tucker-georgia
https://www.ubereats.com/atlanta/food-delivery/joes-bar-and-grill/k002wCCZSxKxtdu1tpLkgQ,tucker-georgia
https://www.ubereats.com/atlanta/food-delivery/zapata-tacos-%26-tequila-bar/e2MDMALuQgyG06ocBAvQjA,tucker-georgia
https://www.ubereats.com/atlanta/food-delivery/checkers-6344-lawrenceville-hwy/3CW0faOGToqFjZ_K3YLa9w,tucker-georgia
https://www.ubereats.com/atlanta/food-delivery/hi-pot-taiwanese-restaurant/dghbbkfYQtq0piLfnMClag,tucker-georgia
https://www.ubereats.com/atlanta/food-delivery/elsa-mart/InpDYv1HQMWx9IFtZLtEcw,tucker-georgia
https://www.ubereats.com/atlanta/food-delivery/alcove-coffeehouse/UpD92M0RROiy3kC-gabg0w,tucker-georgia
https://www.ubereats.com/atlanta/food-delivery/stars-and-strike-1741-mountain-industrial-blvd/Srt0wewkRdul5qQUIDgiHg,tucker-georgia
https://www.ubereats.com/atlanta/food-delivery/subway-3441-ashford-dunwoody-rd/KAeoBBktTAK7PzTu3quWgQ,tucker-georgia
https://www.ubereats.com/atlanta/food-delivery/ikes-cafe-and-grill/IXTXsESjTR2jiZ06khcUIw,tucker-georgia
https://www.ubereats.com/atlanta/food-delivery/the-wing-bar/s2tiAF1TQuK10juDhIPyEA,tucker-georgia
https://www.ubereats.com/atlanta/food-delivery/big-fat-vegan-tacos/_P6Pa5y-R3eBzTp5MolXIQ,tucker-georgia
https://www.ubereats.com/atlanta/food-delivery/the-halal-guys-4929-buford-hwy-ne-chamblee-ga/Q22_wxR3QluZxcbeunEYFw,tucker-georgia
https://www.ubereats.com/atlanta/food-delivery/bull-gogi/yC8pNNmTQEmTETphdSdsUA,tucker-georgia
https://www.ubereats.com/atlanta/food-delivery/bambinellis-italian-restaurant-lilburn/pkjWONsHQbOQG9TJhFQJzQ,tucker-georgia
https://www.ubereats.com/atlanta/food-delivery/red-lobster-4001-highway-78-w/ycfVh16kT3aFgOt9A_6x0w,tucker-georgia
https://www.ubereats.com/atlanta/food-delivery/wings-on-wheat-stone-mountain/wWdCrMsEQy2hJZejEGYpjQ,tucker-georgia
https://www.ubereats.com/atlanta/food-delivery/chai-pani-decatur/Rksc6uRqTnyFlNDnMl5htA,tucker-georgia
https://www.ubereats.com/atlanta/food-delivery/joeys-pasta-house/3l9s8Dw2R4CvaIIpJTQLRQ,tucker-georgia
https://www.ubereats.com/atlanta/food-delivery/yi-fang-fruit-tea/0jFuQ1XtRCO8YaguryFDXQ,tucker-georgia
https://www.ubereats.com/atlanta/food-delivery/sweet-kitchen/zQJDHULvTu2Q4GI18xajxA,tucker-georgia
https://www.ubereats.com/atlanta/food-delivery/gusto!-decatur/RpgImFjQQLuNJOXyyITU9A,tucker-georgia
https://www.ubereats.com/atlanta/food-delivery/hardees-1506276/ovncArXqRRKIv1G29E7b5w,tucker-georgia
https://www.ubereats.com/atlanta/food-delivery/dunkin-5558-peachtree-industrial-blvd/DAZPmumeTpK1UPBfzufykQ,tucker-georgia
https://www.ubereats.com/atlanta/food-delivery/murrays-in-a-hurry-lilburn/T-QZiSrDRvaApFQgP-H3qg,tucker-georgia
https://www.ubereats.com/atlanta/food-delivery/subway-5395-jimmy-carter-blvd/-wNETR42QKOVAKuMzt4TqQ,tucker-georgia
https://www.ubereats.com/atlanta/food-delivery/subway-6330-lawrenceville-hwy/IOAext7jRJ-6rB1FCk8hkw,tucker-georgia
https://www.ubereats.com/atlanta/food-delivery/sugar-shack/4LkUtkTlQG2pP8pfntCQUA,tucker-georgia
https://www.ubereats.com/atlanta/food-delivery/crawfish-shack-seafood/MjMZ4W68QqOFXARVEy21lA,tucker-georgia
https://www.ubereats.com/atlanta/food-delivery/kafenio-avondale/_WPg7UEOQda9BsVvF0c9BQ,tucker-georgia
https://www.ubereats.com/atlanta/food-delivery/wendys-6130-jimmy-carter-blvd/NN9cPUr4TiqkOZpn4Rh5mQ,tucker-georgia
https://www.ubereats.com/atlanta/food-delivery/dairy-queen-grill-%26-chill-2212-lawrenceville-hwy/mGVEapvBRjOH9xmR6K0dZw,tucker-georgia
https://www.ubereats.com/atlanta/food-delivery/shanes-rib-shack-norcross/f9bYl2n7Tna9foAl3EwKxQ,tucker-georgia
https://www.ubereats.com/atlanta/food-delivery/el-matador/wlM6TyjmSU-Bul5m6uNx6A,tucker-georgia
https://www.ubereats.com/atlanta/food-delivery/%23dem-wings-tho/xPJ5WuRPTeC4kK6-Xs0jBw,tucker-georgia
https://www.ubereats.com/atlanta/food-delivery/red-pepper-taqueria-brookhaven/yNogp3z_Q1qxVqiBz0PKAQ,tucker-georgia
https://www.ubereats.com/atlanta/food-delivery/java-saga/8-Pc5POER8e7lDPQn0djbA,tucker-georgia
https://www.ubereats.com/atlanta/food-delivery/taco-n-madre/kmvzJupOSeSd9RNlmARBkw,tucker-georgia
https://www.ubereats.com/atlanta/food-delivery/starbucks-lavista-and-ranchwood/BwGMr1xeQdq4cwnL4lQj2Q,tucker-georgia
https://www.ubereats.com/atlanta/food-delivery/enzos-pizza-tucker/UgiRykY8QsuRbiQ0hA4R0w,tucker-georgia
https://www.ubereats.com/atlanta/food-delivery/taco-bell-3385-buford-hwy/rDz06A5-TgWAYiVYTTjNdw,tucker-georgia
https://www.ubereats.com/atlanta/food-delivery/buckeyes-getaway/80wcL0eCSKuTsPnbLN3X8w,tucker-georgia
https://www.ubereats.com/atlanta/food-delivery/great-american-cookies-4800-briarcliff-rd-ne/8a8P_EWbTC2UeBjY8dzz7A,tucker-georgia
https://www.ubereats.com/atlanta/food-delivery/papa-johns-2066-beaver-ruin-road-ste-d/chtm3Tj0TkqmYQnNNeL5ZQ,tucker-georgia
https://www.ubereats.com/atlanta/food-delivery/cicis-3912-n-druid-hills-road/eYZm-8ZDS9KstNLu7TyQHQ,tucker-georgia
https://www.ubereats.com/atlanta/food-delivery/el-patron-bar-and-grill/AaB865sBQ7m6iasiNigg9Q,tucker-georgia
https://www.ubereats.com/atlanta/food-delivery/yummy-spicy/QpagvyhqTNSkH4yrnS30Tw,tucker-georgia
https://www.ubereats.com/atlanta/food-delivery/captain-ds-2032-montreal-road/6rIGvJnQRaWdHRenhg3Ccw,tucker-georgia
https://www.ubereats.com/atlanta/food-delivery/lets-eat-essie-%26-coreans/z97d9zPCQ0W-mpWe8a8D4A,tucker-georgia
https://www.ubereats.com/atlanta/food-delivery/gillys-the-spot/SWiOzdkjSzm5eODfFiQqCQ,tucker-georgia
https://www.ubereats.com/atlanta/food-delivery/banjo-coffee/WRR8dh2kSKmWYJJiL0ZQww,tucker-georgia
https://www.ubereats.com/atlanta/food-delivery/zaxbys-3951-stone-mountain-hwy-sw/_eRlFbheRBS1pYdnauxobg,tucker-georgia
https://www.ubereats.com/atlanta/food-delivery/rico-sabor-peruano/ploO5ER4T9ym-bF9WAOx3w,tucker-georgia
https://www.ubereats.com/atlanta/food-delivery/pub-ten/pe8m3qMGS2Kr8z70E6YFyA,tucker-georgia
https://www.ubereats.com/atlanta/food-delivery/village-burger-tucker/xw2bDcLFT2qp-LUl4c05iA,tucker-georgia
https://www.ubereats.com/atlanta/food-delivery/ledet-restaurant/nbwfnfgZQXeTLoINm_Ifcw,tucker-georgia
https://www.ubereats.com/atlanta/food-delivery/burgerfi-peachtree-corners/ja3LgvLISBmsic5puY1Glg,tucker-georgia
https://www.ubereats.com/atlanta/food-delivery/wnb-factory-wings-%26-burger-stone-mountain-3/9vHAzQdlRamntdPEaUgECA,tucker-georgia
https://www.ubereats.com/atlanta/food-delivery/the-lions-restaurant-%26-lounge/hzZkESI7SYeIfKHZrIIsbg,tucker-georgia
https://www.ubereats.com/atlanta/food-delivery/mr-everything-decatur/cKDepkwCSLObUyPOcvEbQQ,tucker-georgia
https://www.ubereats.com/atlanta/food-delivery/dairy-queen-grill-%26-chill-4146-lawrenceville-hwy/Bl_2JGJ_Qx6MM1Jf5adZpg,tucker-georgia
https://www.ubereats.com/atlanta/food-delivery/steak-n-shake-2839-n-druid-hills-road/SihKOosBSeiMFht-WtxDqw,tucker-georgia
https://www.ubereats.com/atlanta/food-delivery/the-halal-guys-4929-buford-hwy-ne/Tt5hCBAbT6Wzqu90XYUQ7Q,tucker-georgia
https://www.ubereats.com/atlanta/food-delivery/subway-4051-hwy-78/mHO8oSdhTOS7DZAD2Riv6A,tucker-georgia
https://www.ubereats.com/atlanta/food-delivery/zaxbys-hugh-howell/dsnqjBvmQ96-McaXwqgYmg,tucker-georgia
https://www.ubereats.com/atlanta/food-delivery/babakabab/JCavQuc_RxmWLYH3q_xSZg,tucker-georgia
https://www.ubereats.com/atlanta/food-delivery/curry-mantra/5rwnjifNQsqjI3mvczjbMw,tucker-georgia
https://www.ubereats.com/atlanta/food-delivery/mod-pizza-chamblee/ZjotgZRyQV2MdSUpMx-yEA,tucker-georgia
https://www.ubereats.com/atlanta/food-delivery/dawat-express/TpR77_u0ScaFFty50qXpTw,tucker-georgia
https://www.ubereats.com/atlanta/food-delivery/wendys-3504-chamblee-tucker-road/4M4II0b4SNSBMBXfMkFwZw,tucker-georgia
https://www.ubereats.com/atlanta/food-delivery/sweet-basil-asian-kitchen/Z7iZANLOTZStgbGUOopvYQ,tucker-georgia
https://www.ubereats.com/atlanta/food-delivery/rice-mac/EZx3N2Z8TNi2fEmszAFJ7g,tucker-georgia
https://www.ubereats.com/atlanta/food-delivery/hermes-gyro-on-the-fly/9WmyEtlaThSToLvBJG7jEQ,tucker-georgia
https://www.ubereats.com/atlanta/food-delivery/srithai-kitchen-duluth/3C0j3IkZSpScJCb6G3Gb_A,tucker-georgia
https://www.ubereats.com/atlanta/food-delivery/mouth-watering-fried-chicken-norcross/ORpSe5QAQsy-n1e07bzQlw,tucker-georgia
https://www.ubereats.com/atlanta/food-delivery/cafe-hot-wing-2/I0VOQGomQzSPuTZwlbY8IA,tucker-georgia
https://www.ubereats.com/atlanta/food-delivery/j-bistro/Z5dUXjeGRlOiTK_sxwUqlg,tucker-georgia
https://www.ubereats.com/atlanta/food-delivery/mellow-mushroom-340-ponce-de-leon-ave/0VhWV1n3Qk-A1PMADIZKPg,tucker-georgia
https://www.ubereats.com/atlanta/food-delivery/wok-on-roll-clarkston/e2aonD_nTIOLPrF505MJ0A,tucker-georgia
https://www.ubereats.com/atlanta/food-delivery/bengal-restaurant/0EgahUlaTRSFJgAVwWlRlg,tucker-georgia
https://www.ubereats.com/atlanta/food-delivery/panaderia-latina/jxsGbRFLQ-28OwjMCMGdqQ,tucker-georgia
https://www.ubereats.com/atlanta/food-delivery/lecheys-kitchen/65BlezIaQ2ioMGL_WmpXVg,tucker-georgia
https://www.ubereats.com/atlanta/food-delivery/toco-grill/XQGLBoP7SFWQZGHqt9Lizw,tucker-georgia
https://www.ubereats.com/atlanta/food-delivery/rozana-restaurant/2csm57h8RCuUNo8xi7FBGg,tucker-georgia
https://www.ubereats.com/atlanta/food-delivery/lazeez-tava-fry/0Wpo7735Sf-WZmX8Ya_SZQ,tucker-georgia
https://www.ubereats.com/atlanta/food-delivery/dennys-5534-jimmy-carter-blvd/3dP6uZc-Rt23xpAAzwvuSg,tucker-georgia
https://www.ubereats.com/atlanta/food-delivery/dunkin-5345-jimmy-carter-blvd/ps-xIqoAQuaD7kwdg8iSDA,tucker-georgia
https://www.ubereats.com/atlanta/food-delivery/coqui-restaurant/ok-QHgSFTxawtltjw3cLdg,tucker-georgia
https://www.ubereats.com/atlanta/food-delivery/moes-southwest-grill-4030-lavista-rd/wpVgwUleTCmukAjqcrlYxA,tucker-georgia
https://www.ubereats.com/atlanta/food-delivery/the-stratford-pub/Zw9yk4f7TemZI1OWUHAbyg,tucker-georgia
https://www.ubereats.com/atlanta/food-delivery/verde-taqueria/_ebXNvczRiSjOWnTMHpD1Q,tucker-georgia
https://www.ubereats.com/atlanta/food-delivery/stevi-bs-pizza-buffet-snellville/FruJvvv3SDOCV3YSPgKAFA,tucker-georgia
https://www.ubereats.com/atlanta/food-delivery/delava-snacks/3MlTgPyzSTGul7ZQSY1J4g,tucker-georgia
https://www.ubereats.com/atlanta/food-delivery/carniceria-la-confianza-%236/ishExQEvQDOWBW6I4JTc8g,tucker-georgia
https://www.ubereats.com/atlanta/food-delivery/n3dos/aKE63YfDTxyKX5bzk-hGTQ,tucker-georgia
https://www.ubereats.com/atlanta/food-delivery/we-got-soul-soul-food-restaurant-stone-mountain/nOib64CCTgO9_xAxuS3Gpg,tucker-georgia
https://www.ubereats.com/atlanta/food-delivery/jimellas-bakery/nEHDlACPSPqRmvoxnLHaMA,tucker-georgia
https://www.ubereats.com/atlanta/food-delivery/subway-1362-brockett-rd/ibvpqVqqQwisVXhFfv33oQ,tucker-georgia
https://www.ubereats.com/atlanta/food-delivery/js-mini-hotpot-deluxe/UjYVXtuTRuyKs9jIHjXyKg,tucker-georgia
https://www.ubereats.com/atlanta/food-delivery/cafe-vendome/d81RLmtORxW7qJF__ypMSw,tucker-georgia
https://www.ubereats.com/atlanta/food-delivery/chopsticks/G3bJhrjHSGOmejTzxkCIYQ,tucker-georgia
https://www.ubereats.com/atlanta/food-delivery/fish-bowl-poke-toco-hills/48Cy1KCkQDCeDZSjnYcQiA,tucker-georgia
https://www.ubereats.com/atlanta/food-delivery/hamdi-restaurant-clarkston/fDuZY1BAR_-wk0hJGPSPDA,tucker-georgia
https://www.ubereats.com/atlanta/food-delivery/buttermilk-sky-pie-shop/cA8pDj5XRui6EvhePdcWDA,tucker-georgia
https://www.ubereats.com/atlanta/food-delivery/el-compagino-mexican-restaurant/nVc3q3D3QNWTXskl76dB2g,tucker-georgia
https://www.ubereats.com/atlanta/food-delivery/tokyo-grill/sfYdEh0XSmiRw3QqiDH6lw,tucker-georgia
https://www.ubereats.com/atlanta/food-delivery/hong-kong-city/LqS4XfQeQ8eOq0OvUq8S7g,tucker-georgia
https://www.ubereats.com/atlanta/food-delivery/chronic-tacos-5070-peachtree-blvd/T-BJIlr3SHaaQT8JLEn4Og,tucker-georgia
https://www.ubereats.com/atlanta/food-delivery/gus-kitchen/sELffekUTTWD838qE4Y3Og,tucker-georgia
https://www.ubereats.com/atlanta/food-delivery/purnima-bangladeshi-restaurant/qqAUIHu2SqGnjURk_EIyiA,tucker-georgia
https://www.ubereats.com/atlanta/food-delivery/pizza-hut-4421-hugh-howell-rd/MpkMoLfGSBqXjeBXO_68RQ,tucker-georgia
https://www.ubereats.com/atlanta/food-delivery/dunkin-2115-e-main-st-ste-e/VNnhqLJBQk23o6hDEyiLZw,tucker-georgia
https://www.ubereats.com/atlanta/food-delivery/applebees-2095-pleasant-hill-rd/t7zXR2kbTEOVPhDiAN8edA,tucker-georgia
https://www.ubereats.com/atlanta/food-delivery/mediterranean-grill-decatur/vwy4bd55S7SRiUffuEUTiA,tucker-georgia
https://www.ubereats.com/atlanta/food-delivery/j-christopher-decatur/DOzJmi7zSH-xkTLh3ZfjGw,tucker-georgia
https://www.ubereats.com/atlanta/food-delivery/sumo-hibachi-and-wings/m09Q790wQ4qHOT-r7SFIug,tucker-georgia
https://www.ubereats.com/atlanta/food-delivery/anthony-pizza-%26-pasta/OmQFGl-oSlG-b3m-yQHevA,tucker-georgia
https://www.ubereats.com/atlanta/food-delivery/marble-slab-creamery-705-town-blvd/ZR5tTwf7QSCkf3CuL1DO0g,tucker-georgia
https://www.ubereats.com/atlanta/food-delivery/kale-me-crazy-toco-hills/7ViJF-N5Rpybdf4LzHaw2g,tucker-georgia
https://www.ubereats.com/atlanta/food-delivery/winfreys-catering/AMZH1B7hTT-4syfGJtRiLA,tucker-georgia
https://www.ubereats.com/atlanta/food-delivery/wingzz-kitchen/fBloKBRFTyawECcIXbx8nA,tucker-georgia
https://www.ubereats.com/atlanta/food-delivery/oriental-pearl/mTRTWLNKSciGuzTKI_acKw,tucker-georgia
https://www.ubereats.com/atlanta/food-delivery/pure-taqueria-brookhaven/UvQrKT3RQpWVYx3OmwgbnQ,tucker-georgia
https://www.ubereats.com/atlanta/food-delivery/honey-baked-ham-2909-buford-hwy/5ZsenpIZQtCi9ynFtJ8ZaA,tucker-georgia
https://www.ubereats.com/atlanta/food-delivery/majestic-bbq-and-seafood/3C6NIBPASYSEzJZNtTPmqw,tucker-georgia
https://www.ubereats.com/atlanta/food-delivery/raduni-indian-cuisine/3YG2EskWS-GCsZT8bgsh-A,tucker-georgia
https://www.ubereats.com/atlanta/food-delivery/sweet-hut-bakery-%26-cafe-duluth/slayrbqLT1e6nHDwMc0inA,tucker-georgia
https://www.ubereats.com/atlanta/food-delivery/chipotle-mexican-grill-5485-jimmy-carter-blvd/8FQ3JMeHTa-hDxgBVtf3hg,tucker-georgia
https://www.ubereats.com/atlanta/food-delivery/sublimes-restaurant/WHqB566wRD6HUKSli86Geg,tucker-georgia
https://www.ubereats.com/atlanta/food-delivery/honeypig/AI3PUcSFRPe9Gc3527Vo3w,tucker-georgia
https://www.ubereats.com/atlanta/food-delivery/2-spicy-burritos/GofJ00XgSQKXjPbL31PE7Q,tucker-georgia
https://www.ubereats.com/atlanta/food-delivery/mamas-chicken-%26-seafood/kA5oCB8DRr6_NF6Y2D_mtA,tucker-georgia
https://www.ubereats.com/atlanta/food-delivery/subway-4975-jimmy-carter-blvd/IZfJFZ_1TtC4YTIAbNZc4A,tucker-georgia
https://www.ubereats.com/atlanta/food-delivery/wendys-4643-memorial-drive/TryaFRbwTNuf4OPrUQSS7w,tucker-georgia
https://www.ubereats.com/atlanta/food-delivery/sugar-jar/zULngm8jReyaeeGz7pNLAw,tucker-georgia
https://www.ubereats.com/atlanta/food-delivery/krispy-kreme-pleasant-hill-rd-%26-old-norcross-rd/sEaZEL3NTCy4RXsNIqdwcA,tucker-georgia
https://www.ubereats.com/atlanta/food-delivery/hardees-1506285/8--JOkZkSqqJQ7lAuxl2BA,tucker-georgia
https://www.ubereats.com/atlanta/food-delivery/green-love-kitchen/CzEr5B2OSAyQtp8i8VIM2g,tucker-georgia
https://www.ubereats.com/atlanta/food-delivery/krystal-6155-peachtree-parkway/6QX-swGPQXO8TjDqyFHb3g,tucker-georgia
https://www.ubereats.com/atlanta/food-delivery/kups-kafe/RPXSHiFlQT2hwuYPQ8daxg,tucker-georgia
https://www.ubereats.com/atlanta/food-delivery/mi-pizza/GjlPhcQNQ9KGd8O5NM50sg,tucker-georgia
https://www.ubereats.com/atlanta/food-delivery/on-the-border-gwinnett/c2Dv03i7SpmLmU25x_nWRA,tucker-georgia
https://www.ubereats.com/atlanta/food-delivery/subway-5158-memorial-dr/Xwx34PnbTyWRwHKeBuvA8Q,tucker-georgia
https://www.ubereats.com/atlanta/food-delivery/brusters-real-ice-cream-5314-five-forks-trickum-rd-sw/tKpMPOWLSr-EBu-sexMW8w,tucker-georgia
https://www.ubereats.com/atlanta/food-delivery/jimmys-tequila-and-carnes/GscSa346RAebQb_3sPXiZA,tucker-georgia
https://www.ubereats.com/atlanta/food-delivery/got-dog-it/MqghmGE0QmGnBm-P4WZrvg,tucker-georgia
https://www.ubereats.com/atlanta/food-delivery/duluth-diner/6Wjf8K85SP6itWWtwalWVA,tucker-georgia
https://www.ubereats.com/atlanta/food-delivery/olive-garden-mall-blvd-nw-%26-market-st/BqwZXwbQTZ24N36vAdfCcg,tucker-georgia
https://www.ubereats.com/atlanta/food-delivery/subway-3926-north-druid-hills-rd/-d_Ba0YAQxKcK8p67brcGw,tucker-georgia
https://www.ubereats.com/atlanta/food-delivery/little-lagos/QCe1Xt4LT2-xLcxu3VYtqA,tucker-georgia
https://www.ubereats.com/atlanta/food-delivery/fortune-cookie/ghdtqFd9Qmul9PlqREi91A,tucker-georgia
https://www.ubereats.com/atlanta/food-delivery/newks-eatery-north-druid-hills/QleJ8ix_S3-S_VPjPp6yCg,tucker-georgia
https://www.ubereats.com/atlanta/food-delivery/napoleons-grill/rYbSB_-dTS-BWyk7wKDGNw,tucker-georgia
https://www.ubereats.com/atlanta/food-delivery/smallcakes-druid-hills/gHpT4DYaTa-hlMdk3cllEA,tucker-georgia
https://www.ubereats.com/atlanta/food-delivery/el-habanero-norcross/yhVc5toTRdO4dSwNFDuwng,tucker-georgia
https://www.ubereats.com/atlanta/food-delivery/taqueria-maria/0CWPQYqOQieL2if1VmKbfQ,tucker-georgia
https://www.ubereats.com/atlanta/food-delivery/smooth-operator/S62wRXgRSbKUStQPpQt21A,tucker-georgia
https://www.ubereats.com/atlanta/food-delivery/shanes-rib-shack-4017-annistown-road/19pKcCAAQxCsbC96p4k2UA,tucker-georgia
https://www.ubereats.com/atlanta/food-delivery/sublime-doughnuts-briarcliff-rd/rDEvuNjZQzKEHlyJqEkOAw,tucker-georgia
https://www.ubereats.com/atlanta/food-delivery/smokin-gold-bbq/gLuJ9qPKSNmYVsoyhsfXlA,tucker-georgia
https://www.ubereats.com/atlanta/food-delivery/subway-3350-a-chamblee-tucker-rd/nTPSFdxGTJ2b7gtS_AhySA,tucker-georgia
https://www.ubereats.com/atlanta/food-delivery/los-bravos-mexican-restaurant/blAzdIMjQLeqTRF9zx4n6g,tucker-georgia
https://www.ubereats.com/atlanta/food-delivery/china-taste-restaurant-%E4%B8%AD%E5%9C%8B%E5%91%B3%E9%A4%90%E5%BB%B3/SLWsCk0xRJa5GcjNyP7OKg,tucker-georgia
https://www.ubereats.com/atlanta/food-delivery/three-dollar-cafe-chamblee/ZLbXsbxWRLGKig6wMbHH1A,tucker-georgia
https://www.ubereats.com/atlanta/food-delivery/pie-tarts/-0NmXvPTTZ-WloUwBiLXyQ,tucker-georgia
https://www.ubereats.com/atlanta/food-delivery/everybodyeatsgrill/l9MZRWxlSPaYEtRNU02FQQ,tucker-georgia
https://www.ubereats.com/atlanta/food-delivery/el-rey-del-taco-embry-hills/MZW7HBs2SRi24iCXztxjRg,tucker-georgia
https://www.ubereats.com/atlanta/food-delivery/antojitos-dominicanos-y-cafeteria/d5MxF4kXQ1Cr5GPyHE7VmA,tucker-georgia
https://www.ubereats.com/atlanta/food-delivery/subway-3685-northcrest-rd/4VGCSRI5Q3qre9FmlpRsRQ,tucker-georgia
https://www.ubereats.com/atlanta/food-delivery/mcdonalds-stone-mountain-ga-rksbrg/j_GX7WCeToSE4sTGopmeVw,tucker-georgia
https://www.ubereats.com/atlanta/food-delivery/willys-mexicana-grill-3384-holcomb-bridge-road/7bcz2eCtSICUHnpYtotzug,tucker-georgia
https://www.ubereats.com/atlanta/food-delivery/the-freakin-incan/kb-91imxQmGPGYQxFEg2ug,tucker-georgia
https://www.ubereats.com/atlanta/food-delivery/moes-southwest-grill-4450-hugh-howell-rd/01iGrfq0TmeZILk3WVkbfA,tucker-georgia
https://www.ubereats.com/atlanta/food-delivery/kfc-5290-us-78/7-h4zdCvT0WjpGX55negVw,tucker-georgia
https://www.ubereats.com/atlanta/food-delivery/panda-express-tucker-4004-lavista-road/5s0tUFIUTyCh493PbREQVQ,tucker-georgia
https://www.ubereats.com/atlanta/food-delivery/subway-2858-la-vista-rd/DedMyBrzT3apGWiuel702g,tucker-georgia
https://www.ubereats.com/atlanta/food-delivery/old-brick-pit-bbq/WGNV5d9GSyy_ELrpZ150aQ,tucker-georgia
https://www.ubereats.com/atlanta/food-delivery/cafe-bombay/nJq7eIhKQ-25z-4Joe1U9g,tucker-georgia
https://www.ubereats.com/atlanta/food-delivery/fishermans-catch-lilburn/oS3xrabVSpmilCt8-3xiOg,tucker-georgia
https://www.ubereats.com/atlanta/food-delivery/almadina-halal/fczEHnTCTD-zSol5PrXXGw,tucker-georgia
https://www.ubereats.com/atlanta/food-delivery/chef-winnies-kitchen/qV4Lkw56RKCzupPuqNfpNg,tucker-georgia
https://www.ubereats.com/atlanta/food-delivery/rice-box-snellville/el4dgQSgTLywWUPU4gpb_g,tucker-georgia
https://www.ubereats.com/atlanta/food-delivery/jr-crickets-north-decatur/GAi3TcThTJuNR3XXgkwbIw,tucker-georgia
https://www.ubereats.com/atlanta/food-delivery/la-michoacana-loca/AjIK_NluSM2LMdQS8Bv4qQ,tucker-georgia
https://www.ubereats.com/atlanta/food-delivery/savannah-shores-seafood-market/qUUzIy59Qv2gOx7aPXYR3A,tucker-georgia
https://www.ubereats.com/atlanta/food-delivery/jamaican-flavors/n9aTsEt7QcWKA_vhZMYNnw,tucker-georgia
https://www.ubereats.com/atlanta/food-delivery/halal-pizza/u6Sp5M2NRxuLbnJVrs_Tdg,tucker-georgia
https://www.ubereats.com/atlanta/food-delivery/come-n-get-it/hhmOm8a7REqzWNluHGR4qA,tucker-georgia
https://www.ubereats.com/atlanta/food-delivery/honey-bee-eatin/CKY8LYbeRjusobvFghC6Rw,tucker-georgia
https://www.ubereats.com/atlanta/food-delivery/no-gluten-inc/pemHiZrPSXCe8lgnCKtTAg,tucker-georgia
https://www.ubereats.com/atlanta/food-delivery/jenis-splendid-ice-cream-decatur/WXvyJI-JRoeA6uzhykqNnw,tucker-georgia
https://www.ubereats.com/atlanta/food-delivery/imperial-chinese-garden/JcNiHhnVTFuvJNXFfYe2Vg,tucker-georgia
https://www.ubereats.com/atlanta/food-delivery/subway-1861-mountain-industrial-blvd/duatqMH4S4Wg7TblgKyx3A,tucker-georgia
https://www.ubereats.com/atlanta/food-delivery/gilly-brewing-co/_254dfYGRwqpli-rJfV5ZA,tucker-georgia
https://www.ubereats.com/atlanta/food-delivery/moes-southwest-grill-lilburn/ITbB9AH1Rpe7f05abVYoXw,tucker-georgia
https://www.ubereats.com/atlanta/food-delivery/subway-3171-amwiler-rd/KaOSb__qT4-Kdr3toDDwnw,tucker-georgia
https://www.ubereats.com/atlanta/food-delivery/tortilleria-avorrate-imperial/TVrsG897Q2Wgs5Rwjjmmdw,tucker-georgia
https://www.ubereats.com/atlanta/food-delivery/taco-bell-2081-savoy-drive/cTfCP0GARlihA_AMLAr9HA,tucker-georgia
https://www.ubereats.com/atlanta/food-delivery/red-lobster-2522-candler-road/_TSeIc-TTL-DYf5YxEMiHQ,tucker-georgia
https://www.ubereats.com/atlanta/food-delivery/subway-tucker/UTnLNTb_SKadgSQ2SSQTHA,tucker-georgia
https://www.ubereats.com/atlanta/food-delivery/a1-wings/PapG1iolTBKNfIWLGfKwZw,tucker-georgia
https://www.ubereats.com/atlanta/food-delivery/golden-chinese-wok/QOY1HSrPRLuiD7JRaavshg,tucker-georgia
https://www.ubereats.com/atlanta/food-delivery/subway-1825-rockbridge-rd/C6Echj4iRBiaqojov7hI9g,tucker-georgia
https://www.ubereats.com/atlanta/food-delivery/asian-cafe-dunwoody/-WukoLBjQxKhCbdcUwcB8Q,tucker-georgia
https://www.ubereats.com/atlanta/food-delivery/fazolis-3781-presidential-parkway/CMgKE5JXTOS56T4Pj6SdRQ,tucker-georgia
https://www.ubereats.com/atlanta/food-delivery/the-ice-cream-shop/vdq343lMToCvy3ZALgtvEg,tucker-georgia
https://www.ubereats.com/atlanta/food-delivery/hu-tieu-my-tho-norcross/aFl4qzQATKmwjQapscoQwg,tucker-georgia
https://www.ubereats.com/atlanta/food-delivery/nana-banana-organic-juice-bar/zgI8hmUvQvqdtgDqB6i4Qg,tucker-georgia
https://www.ubereats.com/atlanta/food-delivery/mariscos-el-korita/8lWEIOmdR1WxXLmXoffuwA,tucker-georgia
https://www.ubereats.com/atlanta/food-delivery/pho-tai/Aqm0v6h1RL2aZcTwEwiotA,tucker-georgia
https://www.ubereats.com/atlanta/food-delivery/i-love-wings/N3pzdLSmTo2eHMaBKUACqA,tucker-georgia
https://www.ubereats.com/atlanta/food-delivery/wnb-factory-wings-%26-burger-lithonia/QE7xpOlITgWvdUr2mQAtgA,tucker-georgia
https://www.ubereats.com/atlanta/food-delivery/mumbai-masala/uwmAZMbHR8uLm-Gmvk2ezA,tucker-georgia
https://www.ubereats.com/atlanta/food-delivery/late-night-wingz/ZyhVFHwISZKWhlg_keCOlg,tucker-georgia
https://www.ubereats.com/atlanta/food-delivery/kang-nam-doraville/sbvOvt1VRoiUNFT4csNYOg,tucker-georgia
https://www.ubereats.com/atlanta/food-delivery/bench-warmers-sports-grill-clairmont-rd/ic3jNZeoR9idVd0X6tfhMQ,tucker-georgia
https://www.ubereats.com/atlanta/food-delivery/vegreen-vegetarian-fusion-restaurant/KMG44Co4QCexvRadGvybCA,tucker-georgia
https://www.ubereats.com/atlanta/food-delivery/hotchick-peas/QECK0mLJSL-bO7cv5aJNWA,tucker-georgia
https://www.ubereats.com/atlanta/food-delivery/hai-authentic-chinese/putesWOCTBemhp6_DtAamw,tucker-georgia
https://www.ubereats.com/atlanta/food-delivery/simones-sweet-treasures/r_YAknV-Q9-rFEey1RBNxQ,tucker-georgia
https://www.ubereats.com/atlanta/food-delivery/vibes-night-club/Ga8O_8yQQYKOlV27KshbIQ,tucker-georgia
https://www.ubereats.com/atlanta/food-delivery/chipotle-mexican-grill-2078-henderson-mill-rd-ne/f9EeRYQAQxOaIa-iWR4bwQ,tucker-georgia
https://www.ubereats.com/atlanta/food-delivery/ivoire-cuisine/Q5UQ57qqS-C9GeAZWszaEQ,tucker-georgia
https://www.ubereats.com/atlanta/food-delivery/flying-biscuit-cafe-brookhaven/l8VyJwHQSLm4e6lcFylP8w,tucker-georgia
https://www.ubereats.com/atlanta/food-delivery/ashiana/YfdtDgSKSrygcuz_eeSBMg,tucker-georgia
https://www.ubereats.com/atlanta/food-delivery/tigis-cafe-and-food-truck/A-8Ytd_GTiOdCiQwTUb49g,tucker-georgia
https://www.ubereats.com/atlanta/food-delivery/world-wings/LgYRBH96R0iH8VwGSuGxwg,tucker-georgia
https://www.ubereats.com/atlanta/food-delivery/eden/kRc-0585RIugj-jLEdTlnw,tucker-georgia
https://www.ubereats.com/atlanta/food-delivery/goldbergs-deli-dunwoody/QxCmr9TPQRabp8FjaaPciQ,tucker-georgia
https://www.ubereats.com/atlanta/food-delivery/zaxbys-snellville/dhXqf6gBTy6n1s7s_0iKUg,tucker-georgia
https://www.ubereats.com/atlanta/food-delivery/outback-steakhouse-2145-lavista-road/dhf5nt3YS66f1yUuAumzuw,tucker-georgia
https://www.ubereats.com/atlanta/food-delivery/yochef!-whats-cooking/eLEi4qbQQXKtWjI4hCMAPA,tucker-georgia
https://www.ubereats.com/atlanta/food-delivery/summit-deli/tvpdWzEeST-7ABkjSK6u-w,tucker-georgia
https://www.ubereats.com/atlanta/food-delivery/kale-me-crazy/cO5-OFHLQm6Fjp3UVl_JSw,tucker-georgia
https://www.ubereats.com/atlanta/food-delivery/kingsway-restaurant-and-bar/K50QZZM4S0ucIxtthdUGMw,tucker-georgia
https://www.ubereats.com/atlanta/food-delivery/pizza-hut-4286-chamblee-tucker-rd-pittsburg-shpg-ctr/vMKBSK2qR2ukOFt5k2skBA,tucker-georgia
https://www.ubereats.com/atlanta/food-delivery/le-nouveau-maquis/CDB83lJeRG2qqrC2dpyMjg,tucker-georgia
https://www.ubereats.com/atlanta/food-delivery/calabar-%26-grill/WSErzrnWSdS0FGXbw9YwHA,tucker-georgia
https://www.ubereats.com/atlanta/food-delivery/corner-cafe/8-fEDNVBRmyf-8U1kW_Eig,tucker-georgia
https://www.ubereats.com/atlanta/food-delivery/ponce-sport-lounge/E8iSB_jcTD-wFQ-e_Lqqog,tucker-georgia
https://www.ubereats.com/atlanta/food-delivery/prime-seafood-market/_NpB-VOhTPa7MZaeWDrPGg,tucker-georgia
https://www.ubereats.com/atlanta/food-delivery/arrieros-taqueria-and-grill/XEVFlOqYT0up4tl2ANGHjA,tucker-georgia
https://www.ubereats.com/atlanta/food-delivery/checkers-2148-lawrenceville-hwy/c5PoBHANTteW_OVZWe3t_Q,tucker-georgia
https://www.ubereats.com/atlanta/food-delivery/debs-groceries-bangladeshi-%26-indian-ready-food/NBdr4wj_TaGcyjjQhQ_IMg,tucker-georgia
https://www.ubereats.com/atlanta/food-delivery/greens-with-things/BMJr9FCtSQWRClEr6IUj3w,tucker-georgia
https://www.ubereats.com/atlanta/food-delivery/chat-patti-indian-vegetarian-restaurant-church-st/8YAfUkLfSuiyrS4Ab6gsig,tucker-georgia
https://www.ubereats.com/atlanta/food-delivery/sarahs-kitchen/bCLvhSZSQ2-gJdnwQ7LP6Q,tucker-georgia
https://www.ubereats.com/atlanta/food-delivery/honey-baked-ham-lavista-road/9W_Ixl-kSfmGNNb61eByUQ,tucker-georgia
https://www.ubereats.com/atlanta/food-delivery/chelseas-bakery-%26-vegetarian/hiCS53o3TcGwLJekyJrUWg,tucker-georgia
https://www.ubereats.com/atlanta/food-delivery/si-senor/FSmiJLuRQnWRR0YrBsopWw,tucker-georgia
https://www.ubereats.com/atlanta/food-delivery/dunkin-3935-lavista-rd/RsFd-xXzS4uIpWpoi3tt4w,tucker-georgia
https://www.ubereats.com/atlanta/food-delivery/hong-kong-city/iAu5pB_sQK6igR-namRT3A,tucker-georgia
https://www.ubereats.com/atlanta/food-delivery/juicys-joint/tGzujQL9RnaULYjRq90F0Q,tucker-georgia
https://www.ubereats.com/atlanta/food-delivery/southern-food-kitchen/u1utZMMiQv6O5goDjFOzhg,tucker-georgia
https://www.ubereats.com/atlanta/food-delivery/arbys-5410-peachtree-industrial-blvd/XBMyxhYnRCGNwGpv1rquBg,tucker-georgia
https://www.ubereats.com/atlanta/food-delivery/onion-bay-mexican/hut5QrIYS-WhULHBNf47tA,tucker-georgia
https://www.ubereats.com/atlanta/food-delivery/mcdonalds-tucker-ga-mt-industrial-%26-roger-mart/AGiNyegJS7uM1WehdOq2Rw,tucker-georgia
https://www.ubereats.com/atlanta/food-delivery/papa-johns-4000-stone-mountain-hwy/b86iZHiRR4KDAIgVGrFgAw,tucker-georgia
https://www.ubereats.com/atlanta/food-delivery/suxian-asian/Woi-orPJQaOoRC19DmWYvg,tucker-georgia
https://www.ubereats.com/atlanta/food-delivery/veganaire/WBxmSag3TNGm0FYfFiNowA,tucker-georgia
https://www.ubereats.com/atlanta/food-delivery/krys-krab-lab/bTdaHaXTRsyGdod-XTjS7A,tucker-georgia
https://www.ubereats.com/atlanta/food-delivery/wingnuts-emory/ACZk90ibQTu4EFJBDhVF3g,tucker-georgia
https://www.ubereats.com/atlanta/food-delivery/el-sinaloense/PdtTMUqsTZ-v6NPwxbkVDw,tucker-georgia
https://www.ubereats.com/atlanta/food-delivery/taco-bell-5460-peachtree-parkway/jOmNGGruQZqXW_SqxQ3GDg,tucker-georgia
https://www.ubereats.com/atlanta/food-delivery/wendys-1705-scott-blvd/Jtesj1mIRaiXFOxybY0dFg,tucker-georgia
https://www.ubereats.com/atlanta/food-delivery/food-to-go/S-L3Kxa9Qs-DGoFFLXLXbA,tucker-georgia
https://www.ubereats.com/atlanta/food-delivery/american-deli-stone-mountain/bdXTOxTLSISxD6ZhZc23tw,tucker-georgia
https://www.ubereats.com/atlanta/food-delivery/metro-cafe-diner-stone-mountain/shFOgEnXRCOZns52FTx7Gw,tucker-georgia
https://www.ubereats.com/atlanta/food-delivery/mamas-teriyaki/4JdQgf0nQ12grGX1GxU_zQ,tucker-georgia
https://www.ubereats.com/atlanta/food-delivery/dunkin-5910-jimmy-carter-blvd-suite-b/KJBu5jg9TOqU6zfiS3RfOg,tucker-georgia
https://www.ubereats.com/atlanta/food-delivery/new-super-pho/_WvqWBBMRp-8xMMLgsT0Cg,tucker-georgia
https://www.ubereats.com/atlanta/food-delivery/dunkin-4009-holcomb-bridge-rd/nuZ-5ma7Rk-ItOZhfn92jw,tucker-georgia
https://www.ubereats.com/atlanta/food-delivery/wild-ribs-and-wings-lilburn/exhPiOZWTLWoE0y0NKEtrQ,tucker-georgia
https://www.ubereats.com/atlanta/food-delivery/lucky-thai/nhvk4xxhQoO8_MtyieydCg,tucker-georgia
https://www.ubereats.com/atlanta/food-delivery/sodere-sports-cafe-and-restaurant/Ij1jrdrZSYqWPBhZ_KJXUw,tucker-georgia
https://www.ubereats.com/atlanta/food-delivery/sushi-osawa-norcross/IOf873TtTLqO1IJ8Asp0ag,tucker-georgia
https://www.ubereats.com/atlanta/food-delivery/haven-restaurant-%26-lounge/sQ0EVlFpQ5uiNKqp1sXDjw,tucker-georgia
https://www.ubereats.com/atlanta/food-delivery/sweet-hut-doraville/PaCvP4CiR72TSM1r0iq5qA,tucker-georgia
https://www.ubereats.com/atlanta/food-delivery/five-bucks-cafe/G3rbH8rbRSmEpSA4Jk3cUQ,tucker-georgia
https://www.ubereats.com/atlanta/food-delivery/checkers-6000-memorial-drive/pWQ1gR2VRX-qayum3n1ohA,tucker-georgia
https://www.ubereats.com/atlanta/food-delivery/burger-king-4094-lawrenceville-highway/QSFT-JYkRgy340RpjSf20Q,tucker-georgia
https://www.ubereats.com/atlanta/food-delivery/kims-kitchen/NqoP0F6VRQG6XHv8nK4ahg,tucker-georgia
https://www.ubereats.com/atlanta/food-delivery/choo-choo-express/k6L4tzpZSOu34a2YnMLyCg,tucker-georgia
https://www.ubereats.com/atlanta/food-delivery/burger-theory/9PMeELyWS4iO-ZEgHvIuiA,tucker-georgia
https://www.ubereats.com/atlanta/food-delivery/wing-district/nBFtG0FER3an06qNpULssQ,tucker-georgia
https://www.ubereats.com/atlanta/food-delivery/the-blaxican-mexsoul-restaurant/kR2W6s5LT1Cm2DZnOGYHKQ,tucker-georgia
https://www.ubereats.com/atlanta/food-delivery/restaurante-y-neveria-michoacan/DtuYTNQOStOzQyKlSZ1ekQ,tucker-georgia
https://www.ubereats.com/atlanta/food-delivery/tcby-treats/q6TbN4avTxe7z-OD1REIUQ,tucker-georgia
https://www.ubereats.com/atlanta/food-delivery/papa-johns-4845-lawrenceville-hwy/X7xD2nKXR1Croukdw2C0Ag,tucker-georgia
https://www.ubereats.com/atlanta/food-delivery/green-basil-sushi/ujREGXlsQkOuEBkkhlRoVg,tucker-georgia
https://www.ubereats.com/atlanta/food-delivery/evangadi/qGKFCFpxSdi2NDwm8Euy1w,tucker-georgia
https://www.ubereats.com/atlanta/food-delivery/mon-viet-asian-bistro/ccNkp0gDTs-YO6gdtsS87Q,tucker-georgia
https://www.ubereats.com/atlanta/food-delivery/frontera-mex-mex-grill-peach-tree-corners/F36sETMkTFewxk1iFwyIMw,tucker-georgia
https://www.ubereats.com/atlanta/food-delivery/bismillah-cafe/vVu9Nz-uQL6XBe-4fU8UfA,tucker-georgia
https://www.ubereats.com/atlanta/food-delivery/super-tacos-dannys/OiJaMVO1RoyT00rXhdfAgw,tucker-georgia
https://www.ubereats.com/atlanta/food-delivery/firehouse-subs-lilburn/Rb7aMCPYSoy7VS87cjQXMg,tucker-georgia
https://www.ubereats.com/atlanta/food-delivery/pricci/HScqxYMYSHqqMmBK3u3qkA,tucker-georgia
https://www.ubereats.com/atlanta/food-delivery/redqueen-gourmet-%26-sweet-delights/VS8Wc58fR8C7Tx-DVNjAfg,tucker-georgia
https://www.ubereats.com/atlanta/food-delivery/havana-soul-cafe-of-atlanta-llc/U0ACOjG3RTuXBCmSi0M5eA,tucker-georgia
https://www.ubereats.com/atlanta/food-delivery/kathmandu-kitchen-%26-grills/xxZOKM5mRoyj69ByVy80Zg,tucker-georgia
https://www.ubereats.com/atlanta/food-delivery/golden-sun-chinese-restaurant-tucker/3ON_-Vi1R4KpFFqjRmbGDA,tucker-georgia
https://www.ubereats.com/atlanta/food-delivery/arbys-4086-hwy-29/KJKfj955TLq-EWkA02eRkA,tucker-georgia
https://www.ubereats.com/atlanta/food-delivery/the-wing-spot/q1ONNk2dSJqKMcR_nCzhfw,tucker-georgia
https://www.ubereats.com/atlanta/food-delivery/wendys-4453-hugh-howell-road/ZxwA0Gy7TESppzzEob1t2w,tucker-georgia
https://www.ubereats.com/atlanta/food-delivery/wayback-burgers-3515-chamblee-tucker-rd/nlPSankfTgW13lFXLcBuuw,tucker-georgia
https://www.ubereats.com/atlanta/food-delivery/batavia/u86zwLG7SYiUouehQDBTPw,tucker-georgia
https://www.ubereats.com/atlanta/food-delivery/atlanta-wings-glenwood-rd/5EtAUFCZRrSRe5zRjTbatg,tucker-georgia
https://www.ubereats.com/atlanta/food-delivery/burger-world/78rz9W5WSFmmdL5DEfsflA,tucker-georgia
https://www.ubereats.com/atlanta/food-delivery/jersey-mikes-subs-3489a-chamblee-tucker-rd/WFm_sJW8Txi3knz0bgAbgw,tucker-georgia
https://www.ubereats.com/atlanta/food-delivery/ihop-4276-lavista-rd/oJpT-h41TAquygOb5PIc-w,tucker-georgia
https://www.ubereats.com/atlanta/food-delivery/enanu-mart/CZXoaZQhQhCTLWaDv3lqtA,tucker-georgia
https://www.ubereats.com/atlanta/food-delivery/china-kitchen/AhLIMBhFQdKqBmx4v7lzFQ,tucker-georgia
https://www.ubereats.com/atlanta/food-delivery/cracker-barrel-old-country-store-6175-mcdonough-drive/H_YOIvtWTvOFPkGo31QrOw,tucker-georgia
https://www.ubereats.com/atlanta/food-delivery/asian-max-snellville/L9AhPKdiRMy7WeWkN_fLlw,tucker-georgia
https://www.ubereats.com/atlanta/food-delivery/chong-qing-hot-pot/wYdKY1PRRMCHSDWhBQYDMQ,tucker-georgia
https://www.ubereats.com/atlanta/food-delivery/willys-mexicana-grill-4076-lavista-road/EwColLIeSuCtVuGkzKm5Vg,tucker-georgia
https://www.ubereats.com/atlanta/food-delivery/bubble-cream-ice-cream/GeJIAtCtSsKxGXpuAvurYQ,tucker-georgia
https://www.ubereats.com/atlanta/food-delivery/my-coffee-shop-%40-eastlake-kirkwood/dOPL1WIMRFWsS9Ma-QId4w,tucker-georgia
https://www.ubereats.com/atlanta/food-delivery/dunkin-5872-buford-highway-ne/nTqnFFEDTdq63_VLzJdW2w,tucker-georgia
https://www.ubereats.com/atlanta/food-delivery/subway-4375-lawrenceville-hwy/oRYEIaUUR0yosrfywqqukA,tucker-georgia
https://www.ubereats.com/atlanta/food-delivery/panda-express-stone-mountain-6006-memorial-drive/90bZIVfsS4aKyqhBZZVeiw,tucker-georgia
https://www.ubereats.com/atlanta/food-delivery/pho-24-buford/31iMkKbcRX6Oh4TC8WrAxA,tucker-georgia
https://www.ubereats.com/atlanta/food-delivery/maximos-gyro-%26-kabob/uHZ9CSZtRDmca4cviBG92g,tucker-georgia
https://www.ubereats.com/atlanta/food-delivery/hardees-1500518/kbdPH_AUT0qSnrT1o5fnYw,tucker-georgia
https://www.ubereats.com/atlanta/food-delivery/doos-seafood/VyrQIMCcTXaiIPY8y0kliQ,tucker-georgia
https://www.ubereats.com/atlanta/food-delivery/mellow-mushroom-2000-main-st-e/PW4ltwlERnutDEzhjAm0PA,tucker-georgia
https://www.ubereats.com/atlanta/food-delivery/dragon-express-brookhaven/-Mshw3M2SUSKJ4YxBpOCtQ,tucker-georgia
https://www.ubereats.com/atlanta/food-delivery/vi-nam-authentic-vietnamese-cuisine/9WNudnZOQSWa87SvauWQcQ,tucker-georgia
https://www.ubereats.com/atlanta/food-delivery/siamese-basil-thai-restaurant/Zk8BT6ElTNehkAxpUwIbBA,tucker-georgia
https://www.ubereats.com/atlanta/food-delivery/kfc-taco-bell-3283-northcrest-rd/VBufn1YGTsODzKOmQsyNSg,tucker-georgia
https://www.ubereats.com/atlanta/food-delivery/darecipe-desserts-%26-more/nefT2Ns3SIWBuhYHtERM2A,tucker-georgia
https://www.ubereats.com/atlanta/food-delivery/green-basil-asian-fusion-restaurant/VQijzhZ7TuaJ8Q0EU5MTVw,tucker-georgia
https://www.ubereats.com/atlanta/food-delivery/wings-n-grill/a6C3fggPRmCFVP3o5oy4Ew,tucker-georgia
https://www.ubereats.com/atlanta/food-delivery/juci-jerk-memorial-dr/w1h15mcbRI-vtfT8wZQwLQ,tucker-georgia
https://www.ubereats.com/atlanta/food-delivery/bojangles-famous-chicken-%26-biscuits-928-3336-lawrenceville-hwy/SdcYf1_rS36KsFzquBZJ8A,tucker-georgia
https://www.ubereats.com/atlanta/food-delivery/fiesta-palace-mexican-taqueria-homemaker/3wtMFpoCSc6johwB3seglA,tucker-georgia
https://www.ubereats.com/atlanta/food-delivery/moes-1524-church-street/-R5C46lMRHmO9qbATZATdQ,tucker-georgia
https://www.ubereats.com/atlanta/food-delivery/georgia-diner-duluth/Zt1g4sn5SxaOob4qxcfm1A,tucker-georgia
https://www.ubereats.com/atlanta/food-delivery/the-real-mexican-vittles-%232/D2yzLvS1RmimohlJRVzawg,tucker-georgia
https://www.ubereats.com/atlanta/food-delivery/captain-ds-4346-hugh-howell-road/_9o0HFmdQt-0-8QKpybAug,tucker-georgia
https://www.ubereats.com/atlanta/food-delivery/bombay-kitchen/kSc5TArWRNW1d5JlN06zYw,tucker-georgia
https://www.ubereats.com/atlanta/food-delivery/b-%26-l-wings-llc/maq4RFaAQiy4QbLLKBbq_A,tucker-georgia
https://www.ubereats.com/atlanta/food-delivery/go-vegan-grill/kgnPWx6kQuCh5YQdNmP4xw,tucker-georgia
https://www.ubereats.com/atlanta/food-delivery/capt-loui/jCY2QsDXTSSu0CAKHBBXAw,tucker-georgia
https://www.ubereats.com/atlanta/food-delivery/boga-latin-cuisine/vfBEGOPgRROg-OMyxWIXCQ,tucker-georgia
https://www.ubereats.com/atlanta/food-delivery/mediterranean-cuisine/kLtKzwHuSQunokWK5wdGog,tucker-georgia
https://www.ubereats.com/atlanta/food-delivery/la-pastorcita-north-druid-hills/zo5zX1IqRH6qs4gKOmQhNA,tucker-georgia
https://www.ubereats.com/atlanta/food-delivery/mcdonalds-chamblee-pchtree/EkiMnZMrTE6AimWdkQHpgw,tucker-georgia
https://www.ubereats.com/atlanta/food-delivery/i-luv-hot-pot/2ifnqKw6TJmSVkNXOsgc9w,tucker-georgia
https://www.ubereats.com/atlanta/food-delivery/gut-busters-hwy-78/F9TdJjPzR_W-4Fu8N5TX0A,tucker-georgia
https://www.ubereats.com/atlanta/food-delivery/taqueria-el-pariente/tCgWUCkaRQqjI3z5YxV-Mw,tucker-georgia
https://www.ubereats.com/atlanta/food-delivery/guss-world-famous-fried-chicken-peachtree-rd/uxWCfYSAQSewSEsLF5lH0w,tucker-georgia
https://www.ubereats.com/atlanta/food-delivery/la-bendicion-lilburn/iPNX6MAWRWyAgREar4Z9NQ,tucker-georgia
https://www.ubereats.com/atlanta/food-delivery/zaxbys-jimmy-carter-blvd/rjxv2AcZSm2TwWHxZ8iBCA,tucker-georgia
https://www.ubereats.com/atlanta/food-delivery/b-%26-l-wings/HydFa2L6QmOy2FteJCSruQ,tucker-georgia
https://www.ubereats.com/atlanta/food-delivery/churchs-chicken-norcross/Lr9CYmpBSO63lFwfu4rw-w,tucker-georgia
https://www.ubereats.com/atlanta/food-delivery/buzy-burrito-taqueria/YJPOQnBvRd62pxLLtD6ylw,tucker-georgia
https://www.ubereats.com/atlanta/food-delivery/mcdonalds-tucker-ga-lavista/W6b2nZXIQHCcuQL33Ju9EQ,tucker-georgia
https://www.ubereats.com/atlanta/food-delivery/taco-bell-2420-n-druid-hills-rd-ne/My-lHyTTQAKBcGGB94QQgA,tucker-georgia
https://www.ubereats.com/atlanta/food-delivery/dunkin-4092-lawrenceville-hwy/d8P2BjXMRyqwdRgl6v5hCQ,tucker-georgia
https://www.ubereats.com/atlanta/food-delivery/queen-sheba-bakery/K7pLCi_vTTOaNHgPLsRBGQ,tucker-georgia
https://www.ubereats.com/atlanta/food-delivery/moes-southwest-grill-chamblee/jvBTdVOKSku_OMvlcy8GOw,tucker-georgia
https://www.ubereats.com/atlanta/food-delivery/ihop-stone-mountain/XdbhFavVRMSz_g6hgCISVQ,tucker-georgia
https://www.ubereats.com/atlanta/food-delivery/bojangles-famous-chicken-%26-biscuits-2019-3971-buford-highway/qoStEL4GRxSFrvObjTZNyw,tucker-georgia
https://www.ubereats.com/atlanta/food-delivery/subway-chamblee-tucker/Tt9KNeGXTjWz1NFaa1IUfg,tucker-georgia
https://www.ubereats.com/atlanta/food-delivery/panahar-bangladeshi-cuisine/kson4pTzRQ6GVRZnd8DWiQ,tucker-georgia
https://www.ubereats.com/atlanta/food-delivery/desta-ethiopian-kitchen-briarcliff/HPAuEpFiTWmxTEjZC9B9Eg,tucker-georgia
https://www.ubereats.com/atlanta/food-delivery/red-and-green-brazilian-steakhouse/4YyJHQxKSwaWM3606yxg1g,tucker-georgia
https://www.ubereats.com/atlanta/food-delivery/epics-foods-atl/BIPfKtRlRGmfcowKT5KF2g,tucker-georgia
https://www.ubereats.com/atlanta/food-delivery/krystal-1700-indian-trail/jEtkh6jmTo-2F8RS6LLVWw,tucker-georgia
https://www.ubereats.com/atlanta/food-delivery/boston-seafood-and-wings/qCEQktCvTkqrRhcoukjF8A,tucker-georgia
https://www.ubereats.com/atlanta/food-delivery/lagarde-american-eatery/hgBAkDERQIWHrd26frd-fg,tucker-georgia
https://www.ubereats.com/atlanta/food-delivery/spice-island/v32ahE8vSo2ZRATRsS3_1A,tucker-georgia
https://www.ubereats.com/atlanta/food-delivery/kaceys-home-cooking-tucker/-sa1oB4CSz-dkOZfbmP7IA,tucker-georgia
https://www.ubereats.com/atlanta/food-delivery/miami-restaurant-%26-lounge/yxbE9_geRCWQ6GTnu1pPfQ,tucker-georgia
https://www.ubereats.com/atlanta/food-delivery/paizanos-norcross/WbDm9tMuTT61dZH8X8fqZA,tucker-georgia
https://www.ubereats.com/atlanta/food-delivery/checkers-4270-la-vista-road/D-q81Xi9SCOMR40wROR0Mg,tucker-georgia
https://www.ubereats.com/atlanta/food-delivery/taste-of-jamaica/0cuCuDnGS_-Zbk4Nk72BlA,tucker-georgia
https://www.ubereats.com/atlanta/food-delivery/dog-days-hot-dogs-%26-burgers/ZGOUiW85QEqDKWbp5WEoqw,tucker-georgia
https://www.ubereats.com/atlanta/food-delivery/mr-crab/Og50E2AUQQuO0EaDLTCcwA,tucker-georgia
https://www.ubereats.com/atlanta/food-delivery/mobile-meals-atl/HMF_PhcxTZeRE6HqxLuQwA,tucker-georgia
https://www.ubereats.com/atlanta/food-delivery/southern-style-bistro/UrIRvrq7QNiqR6f_r8nmZg,tucker-georgia
https://www.ubereats.com/atlanta/food-delivery/applebees-4353-lawrenceville-hwy/o5TK0FllS9usRtPt095znA,tucker-georgia
https://www.ubereats.com/atlanta/food-delivery/kfc-1635-indian-trail-rd/2sfx-jUmTtKYN36E5S7TcQ,tucker-georgia
https://www.ubereats.com/atlanta/food-delivery/your-pie-pizza-tucker/5HHIhluAQc-h6L-o31Nijg,tucker-georgia
https://www.ubereats.com/atlanta/food-delivery/t1-bento/Lmnvfrh0QzOOCqT8VgwMkg,tucker-georgia
https://www.ubereats.com/atlanta/food-delivery/cheeseburger-bobbys-norcross/7I9V09oURwG4y3ZRE5fo7A,tucker-georgia
https://www.ubereats.com/atlanta/food-delivery/1910-public-house/wufMxSzwSS2GszlcXfJZqQ,tucker-georgia
https://www.ubereats.com/atlanta/food-delivery/subway-5935-memorial-dr/93AwgEYBRbeTl5pMrm95IQ,tucker-georgia
https://www.ubereats.com/atlanta/food-delivery/titos-taqueria-lilburn/3gzOFa-jRH2eyMON-T1soQ,tucker-georgia
https://www.ubereats.com/atlanta/food-delivery/madras-mantra/paOLqxk1RkCnBe7GjUyZdA,tucker-georgia
https://www.ubereats.com/atlanta/food-delivery/the-fountain/dioawpqpRF2OPyfqWPxB8Q,tucker-georgia
https://www.ubereats.com/atlanta/food-delivery/coronitas-bar-%26-grill/xJ4cBOuRQpmv1_GnE-GmNw,tucker-georgia
https://www.ubereats.com/atlanta/food-delivery/popeyes-3189-tucker-norcross-rd/dUHJ38gEQ1alabNGvThxDg,tucker-georgia
https://www.ubereats.com/atlanta/food-delivery/curry-up-now-decatur/NexIV7A_RhqLm7-vlJiATw,tucker-georgia
https://www.ubereats.com/atlanta/food-delivery/krystal-2223-lawrenceville-hwy/yFMtXNmMRRuvDVWQbn5Beg,tucker-georgia
https://www.ubereats.com/atlanta/food-delivery/restaurante-salva-mex/pu-TBpe6RaaHRFz0yJX7rw,tucker-georgia
https://www.ubereats.com/atlanta/food-delivery/taquito-express-chamblee/nF1kFsLvQjez77dD3eoABA,tucker-georgia
https://www.ubereats.com/atlanta/food-delivery/angies-place/9CmlZ-STRIaHkTuuQYUBHA,tucker-georgia
https://www.ubereats.com/atlanta/food-delivery/wing-ranch/8vl7hDsNRWixINz-mpnmeQ,tucker-georgia
https://www.ubereats.com/atlanta/food-delivery/raging-burrito-%26-taco/oeakbuU8R1u57ma4XlGZeA,tucker-georgia
https://www.ubereats.com/atlanta/food-delivery/outback-steakhouse-1220-ashford-crossing/cubaJ2M6TeqjH5WP-9gaOw,tucker-georgia
https://www.ubereats.com/atlanta/food-delivery/applebees-5200-hwy-78/yPghDJE5T06LhG820hZtuQ,tucker-georgia
https://www.ubereats.com/atlanta/food-delivery/starbucks-hwy-29-%26-lavista-rd/de59JKopTsKqy-q-AZSSGg,tucker-georgia
https://www.ubereats.com/atlanta/food-delivery/jersey-mikes-subs-snellville/ejsnCBhkStOiGrFdtBS9cA,tucker-georgia
https://www.ubereats.com/atlanta/food-delivery/burger-king-6038-memorial-drive/Mr5c4R8oSc-4bJPUPljrtg,tucker-georgia
https://www.ubereats.com/atlanta/food-delivery/gibs-lounge-and-sports-bar/bFFdqH6LS1yD7-hdfLCJFQ,tucker-georgia
https://www.ubereats.com/atlanta/food-delivery/burger-king-4734-lawrenceville-highway/WB9O6i3YTHWsTPcrpV2LqQ,tucker-georgia
https://www.ubereats.com/atlanta/food-delivery/the-ice-cream-shop/1EDK7lrrRXmiM8EhpbN1lQ,tucker-georgia
https://www.ubereats.com/atlanta/food-delivery/desi-lilburn-cafe-%26-grill/8k7n2M9SROKfO16UuGePpw,tucker-georgia
https://www.ubereats.com/atlanta/food-delivery/la-churreria-bakery/8gF5KrD5Qwi6gB82WAWNiA,tucker-georgia
https://www.ubereats.com/atlanta/food-delivery/snackboxe-bistro/4rx8JikCQEuXQx_u1GDlFQ,tucker-georgia
https://www.ubereats.com/atlanta/food-delivery/fridas-taqueria/bdRtazQkSru36chayT0QrQ,tucker-georgia
https://www.ubereats.com/atlanta/food-delivery/mela-ethiopian-kitchen/isG7Jw_YQFmndpm56ASUeA,tucker-georgia
https://www.ubereats.com/atlanta/food-delivery/stonecreek-pizza-and-froyo/5W581WokR6K7fyaQdTYxDA,tucker-georgia
https://www.ubereats.com/atlanta/food-delivery/chinese-dhaba-norcross/l9K4WCI3SQi4IuCMW9djCA,tucker-georgia
https://www.ubereats.com/atlanta/food-delivery/kfc-5681-memorial-dr/CDO8jHZSQkaWf4m2QoP47Q,tucker-georgia
https://www.ubereats.com/atlanta/food-delivery/taco-bell-5160-hwy-78/SOA5QR4gRPWaEFoSl8D94Q,tucker-georgia
https://www.ubereats.com/atlanta/food-delivery/atl-platez/GJ03Y6P6ScOS0C9Iq2XH1w,tucker-georgia
https://www.ubereats.com/atlanta/food-delivery/mumtaz-enterprise-dba-kids-paradise/kbV-HJjnQ8OtMPv2PaF8YA,tucker-georgia
https://www.ubereats.com/atlanta/food-delivery/idas-deli/XkWV1v2nSQ-faKm7gOBg1A,tucker-georgia
https://www.ubereats.com/atlanta/food-delivery/d92-korean-bbq/K3Sjt5p8RCavslo4oJdrIQ,tucker-georgia
https://www.ubereats.com/atlanta/food-delivery/wavez-bakery/fSpbC8W_RiigasmcCYLT7Q,tucker-georgia
https://www.ubereats.com/atlanta/food-delivery/honey-baked-ham-covington-hwy/FR6QFB7BQNKDxpqPRGBk5A,tucker-georgia
https://www.ubereats.com/atlanta/food-delivery/lambadina-cafe/ZdFccutdQ9yd5YL1hz_fOg,tucker-georgia
https://www.ubereats.com/atlanta/food-delivery/green-ginger-decatur/bZ1R3Y7aROuio9rNwbQJZg,tucker-georgia
https://www.ubereats.com/atlanta/food-delivery/poke-bar-decatur/pwZjh3JnREuXhThRamnYXA,tucker-georgia
https://www.ubereats.com/atlanta/food-delivery/grecian-gyro-dunwoody/5-CbLokyTZK0jJpq8Eb6NQ,tucker-georgia
https://www.ubereats.com/atlanta/food-delivery/papa-johns-386-c-north-deshon-road/u7vatT_KS_qrHpZnHVy3lA,tucker-georgia
https://www.ubereats.com/atlanta/food-delivery/checkers-1220-tech-dr/JDxXtPWeR-KOM135Mb6sRw,tucker-georgia
https://www.ubereats.com/atlanta/food-delivery/360-sports-bar-and-lounge/7ypxqQviTJaO5FQxOjn9cA,tucker-georgia
https://www.ubereats.com/atlanta/food-delivery/e-gyu-sushi-%2B-bbq/VNSE7anaSLe_RTxU3EAZ0A,tucker-georgia
https://www.ubereats.com/atlanta/food-delivery/doos-seafood-lilburn/p7qvL2qHSy-WK8e7xBIzcw,tucker-georgia
https://www.ubereats.com/atlanta/food-delivery/dragon-cupbop-korean-food-truck/CmjFA8hVRw2iq0Ldkt-56w,tucker-georgia
https://www.ubereats.com/atlanta/food-delivery/the-ice-cream-shop/80UgKmevSKqFJWENusfgwQ,tucker-georgia
https://www.ubereats.com/atlanta/food-delivery/west-coast-grill/HaqTqo7oSXaK6IGDvDaEvw,tucker-georgia
https://www.ubereats.com/atlanta/food-delivery/mcdonalds-norcross-ga-jimmy-carter-blvd/UYW5bjGoQZGrzoMiJRbQJQ,tucker-georgia
https://www.ubereats.com/atlanta/food-delivery/dawghouse-restaurant-%26-lounge/jdtHyJ17RpeuMPsFSwdMAw,tucker-georgia
https://www.ubereats.com/atlanta/food-delivery/local-no-7-tucker/tNqFQ5A1TC233midq-Mg5w,tucker-georgia
https://www.ubereats.com/atlanta/food-delivery/iceny-atlanta-ice-cream/BxjfedDuRFKw2dWpAAlA_w,tucker-georgia
https://www.ubereats.com/atlanta/food-delivery/cold-stone-creamery-1565-church-st/NGf61J9nQyGoMFwI_jLQuw,tucker-georgia
https://www.ubereats.com/atlanta/food-delivery/z-churned-jersey-mikes-chamblee/KRpaoXMwTqizGjZQItkgPA,tucker-georgia
https://www.ubereats.com/atlanta/food-delivery/toco-grill/XKIAfRK7QIaGWrZ8Bo45Hg,tucker-georgia
https://www.ubereats.com/atlanta/food-delivery/the-spot-sports-bar-%26-grill-tucker/y4AQlkYbQ5u9CUbK8eXN4g,tucker-georgia
https://www.ubereats.com/atlanta/food-delivery/summits-wayside-tavern-3334-stone-mountain-highway/gQd3ZF7YROG_yTUiLHrjTQ,tucker-georgia
https://www.ubereats.com/atlanta/food-delivery/food-terminal/4xA7QmKZSBONK4-sanYZ0Q,tucker-georgia
https://www.ubereats.com/atlanta/food-delivery/newks-eatery-brookhaven/NojyRJsPSEqeMWNe-Rekiw,tucker-georgia
https://www.ubereats.com/atlanta/food-delivery/thai-chili/CY27o98FSjaXySA-Fm-oxw,tucker-georgia
https://www.ubereats.com/atlanta/food-delivery/papa-johns-1065-columbia-drive/Vz9ZQWYyS72epGgckg8qaQ,tucker-georgia
https://www.ubereats.com/atlanta/food-delivery/napoleons-grill/3oyimkYMSoqFRievh0WmOA,tucker-georgia
https://www.ubereats.com/atlanta/food-delivery/chilango-taco-bar/_M1m4BbFRK64GTvVEt-KEQ,tucker-georgia
https://www.ubereats.com/atlanta/food-delivery/pizza-k/UYXfzpujR4CYHJIGELxSyg,tucker-georgia
