url,city
https://www.ubereats.com/eastern-idaho/food-delivery/johnny-carinos-twin-falls/vgQRBcj4RbaY7TVH3_9Yow,twin-falls-idaho
https://www.ubereats.com/eastern-idaho/food-delivery/mcdonalds-305-blue-lakes-blvd-n/X1J2C9pQSbqHU72B1GGs_w,twin-falls-idaho
https://www.ubereats.com/eastern-idaho/food-delivery/subway-1355-filer-ave-e/tXzdKB0zTxWD2KG05aVPvw,twin-falls-idaho
https://www.ubereats.com/eastern-idaho/food-delivery/sonic-431-blue-lakes-blvd-north/Es9Fd0NLT4-nl3iuV4FEVA,twin-falls-idaho
https://www.ubereats.com/eastern-idaho/food-delivery/five-guys-id-1049-1485-e-pole-line-rd/27RjhtkiSESLbIbrtZqSMA,twin-falls-idaho
https://www.ubereats.com/eastern-idaho/food-delivery/the-twin-falls-sandwich-company/LmFYmJYCTr2YYVbFwJk_vw,twin-falls-idaho
https://www.ubereats.com/eastern-idaho/food-delivery/pizza-pie-cafe-twin-falls/RMRd_sIVR7WWJzxzmQrU3A,twin-falls-idaho
https://www.ubereats.com/eastern-idaho/food-delivery/black-bear-diner-1725-harrison-street/nvMwinEGQ0-y2_4kdhBwvw,twin-falls-idaho
https://www.ubereats.com/eastern-idaho/food-delivery/subway-688-pole-line-rd/KRjWNkLJTlGD3RHecTmj4A,twin-falls-idaho
https://www.ubereats.com/eastern-idaho/food-delivery/golden-corral-1823-blue-lakes-blvd-n/BCUjtGeHQSWgB9U4oEZqZA,twin-falls-idaho
https://www.ubereats.com/eastern-idaho/food-delivery/prasais-thai-cuisine/9b1vliJ1TDa47Cd11rJ9qw,twin-falls-idaho
https://www.ubereats.com/eastern-idaho/food-delivery/slice/2HbRZhkkQ66nwhUud15pjg,twin-falls-idaho
https://www.ubereats.com/eastern-idaho/food-delivery/jack-in-the-box-1501-blue-lakes-blvd-n/jyhzyePVTBeIiOSyGwquLA,twin-falls-idaho
https://www.ubereats.com/eastern-idaho/food-delivery/buffalo-wild-wings-1239-pole-line-rd-e-ste-303b/Kjk7A9DVS4qloj3HneYOHw,twin-falls-idaho
https://www.ubereats.com/eastern-idaho/food-delivery/sweeto-burrito-twin-falls-id/4Q-hhr9RSiKhYk8hZ97MRA,twin-falls-idaho
https://www.ubereats.com/eastern-idaho/food-delivery/the-gyros-shop-llc/zo1PeFqNRsC5aaBo_GjCMA,twin-falls-idaho
https://www.ubereats.com/eastern-idaho/food-delivery/sizzler-719-blue-lakes-blvd-n-%23650/LbgAApxQS9CgFSSbp-q6Qw,twin-falls-idaho
https://www.ubereats.com/eastern-idaho/food-delivery/blaze-pizza-1925-fillmore-st/zM0hJQc9TBueKGN0zjRR6A,twin-falls-idaho
https://www.ubereats.com/eastern-idaho/food-delivery/dennys-291-pole-line-road/5yKhedvTTrGEq3bzJL8Ytw,twin-falls-idaho
https://www.ubereats.com/eastern-idaho/food-delivery/subway-806-blue-lakes-blvd-n/LoCUgzXTScGQn1gOVG5Qjg,twin-falls-idaho
https://www.ubereats.com/eastern-idaho/food-delivery/popeyes-251-pole-line-road/EXnrJjeWRJiPXM65gDQt4Q,twin-falls-idaho
https://www.ubereats.com/eastern-idaho/food-delivery/capriottis-334-cheney-drive-west/Wp8kQezSQfScaXyT7FEN9Q,twin-falls-idaho
https://www.ubereats.com/eastern-idaho/food-delivery/the-habit-burger-grill-1925-fillmore-st-ste-300/Xn89HyfuQ1uSARd68V-mHw,twin-falls-idaho
https://www.ubereats.com/eastern-idaho/food-delivery/taco-bell-1920-blue-lakes-blvd-north/9eik7vXlSuymjXQjMRsRWA,twin-falls-idaho
https://www.ubereats.com/eastern-idaho/food-delivery/the-smokey-bone-bbq-%232/xVKFjlGCRdG0IkAKg6H5Dw,twin-falls-idaho
https://www.ubereats.com/eastern-idaho/food-delivery/yellow-brick-cafe/TZ-iC-FSQKG2TEO3jkobZA,twin-falls-idaho
https://www.ubereats.com/eastern-idaho/food-delivery/jarritos-mexican-restaurant/hUgaK2j8RO6hC7aq2GF8Fg,twin-falls-idaho
https://www.ubereats.com/eastern-idaho/food-delivery/subway-1553-kimberly-rd/OIcVZ4CjQ5KlDMtoxqF_Cg,twin-falls-idaho
https://www.ubereats.com/eastern-idaho/food-delivery/subway-1380-blue-lakes-blvd-n/O2PPtOgKQkaRgx13Jnyu0Q,twin-falls-idaho
https://www.ubereats.com/eastern-idaho/food-delivery/burger-king-156-cheney-drive-w/QkUxn2-NTCG8A0aCTZW1cQ,twin-falls-idaho
https://www.ubereats.com/eastern-idaho/food-delivery/la-fiesta-mexican-restaurant/sYShH2Z-SheBUm2NfpECDg,twin-falls-idaho
https://www.ubereats.com/eastern-idaho/food-delivery/red-robin-730-1824-blue-lakes-blvd/2BJX74b_Rcq7AA1CZLz2wA,twin-falls-idaho
https://www.ubereats.com/eastern-idaho/food-delivery/applebees-1587-blue-lakes-blvd-%2384070/m7uHOnxdTkSpAyqF96eDyw,twin-falls-idaho
https://www.ubereats.com/eastern-idaho/food-delivery/mcdonalds-110-addison-ave-west/owlfthgbTpW498EZtxY2bw,twin-falls-idaho
https://www.ubereats.com/eastern-idaho/food-delivery/hong-kong-restaurant/DJI2CXQJTkePAWkH84Vklw,twin-falls-idaho
https://www.ubereats.com/eastern-idaho/food-delivery/wow-bao-719-blue-lakes-blvd/knVPAflvQkaDS4Y04K_bgw,twin-falls-idaho
https://www.ubereats.com/eastern-idaho/food-delivery/cold-stone-creamery-799-cheney-dr/QyHylmx5Q5WFTdY_DGAWQQ,twin-falls-idaho
https://www.ubereats.com/eastern-idaho/food-delivery/prasais-thai-2-go/j5vE3tWKTX-fsQydy-IybQ,twin-falls-idaho
https://www.ubereats.com/eastern-idaho/food-delivery/mcdonalds-3234-kimberly-road/fLbSKWIgSEuEpyOkktHXtA,twin-falls-idaho
https://www.ubereats.com/eastern-idaho/food-delivery/kneaders-bakery-%26-cafe-twin-falls/53Kgo0VnTaOqyGy29_ab5Q,twin-falls-idaho
https://www.ubereats.com/eastern-idaho/food-delivery/ihop-1944-blue-lake-boulevard-n/NH_o3kDdQbqOCdagzvn42Q,twin-falls-idaho
https://www.ubereats.com/eastern-idaho/food-delivery/outback-steakhouse-1965-blue-lakes-blvd-n/H8RrQmqvSYKIEVHdHdjQQQ,twin-falls-idaho
https://www.ubereats.com/eastern-idaho/food-delivery/mod-pizza-twin-falls/gN2rvLeoRL6irnG2i5oWxw,twin-falls-idaho
https://www.ubereats.com/eastern-idaho/food-delivery/dukes-bar-and-grille/_2MewEfOS5micjyknKuAFw,twin-falls-idaho
https://www.ubereats.com/eastern-idaho/food-delivery/subway-252-cheney-dr-w/01UCIbSnQGWVlKm4q3AN9Q,twin-falls-idaho
https://www.ubereats.com/eastern-idaho/food-delivery/taco-johns/mefGrFpeT5S99PoZ9sfnng,twin-falls-idaho
https://www.ubereats.com/eastern-idaho/food-delivery/kfc-1549-blue-lakes-boulevard-north/dDLPM0jQT5-_RkAc2_aveQ,twin-falls-idaho
https://www.ubereats.com/eastern-idaho/food-delivery/tomatos-italian-grill/-mI3o6DKRL26IqWD2b9twg,twin-falls-idaho
https://www.ubereats.com/eastern-idaho/food-delivery/mcdonalds-869-pole-line-rd/TLsE3XtUSDCShGXiZja1AA,twin-falls-idaho
https://www.ubereats.com/eastern-idaho/food-delivery/costa-vida-fresh-mexican-grill-1239-pole-line-rd-e/fYjSd72FSO-UXKtFxutYZw,twin-falls-idaho
https://www.ubereats.com/eastern-idaho/food-delivery/blu/usRboRKHSzm9Rmz6hPnd2Q,twin-falls-idaho
https://www.ubereats.com/eastern-idaho/food-delivery/panda-express-1671-washington-st-north/6FuvK_XQQPO1zvOK_ezbcg,twin-falls-idaho
https://www.ubereats.com/eastern-idaho/food-delivery/noodles-%26-company-1833-blue-lakes-blvd-n/VK_8lwAUTkGw78dusOAL5A,twin-falls-idaho
https://www.ubereats.com/eastern-idaho/food-delivery/starbucks-blue-lake-blvd-n-%26-filer-ave/QUANjbtEQ3aORMrR6f0ceg,twin-falls-idaho
https://www.ubereats.com/eastern-idaho/food-delivery/orange-leaf-frozen-yogurt-725-blue-lakes-boulevard-north/_64AsOhIRC21TJVBJRstDg,twin-falls-idaho
https://www.ubereats.com/eastern-idaho/food-delivery/burger-king-360-blue-lake-boulevard-n/naXdxjLnRjmszrAVeH02ow,twin-falls-idaho
https://www.ubereats.com/eastern-idaho/food-delivery/persian-coffee-restaurant/noccxiVWSkqVwAIUA2yTxw,twin-falls-idaho
https://www.ubereats.com/eastern-idaho/food-delivery/chick-fil-a-1631-blue-lakes-blvd-n/wRzJgWsCS6KxGnKcW60zQA,twin-falls-idaho
https://www.ubereats.com/eastern-idaho/food-delivery/jakers-bar-and-grill-twin-falls/9VhCYHVDS4aYD-1pcGzO-Q,twin-falls-idaho
https://www.ubereats.com/eastern-idaho/food-delivery/starbucks-blue-lake-and-bridge-view-id/0auRHLZ4RneyjjKjOQ3XHg,twin-falls-idaho
https://www.ubereats.com/eastern-idaho/food-delivery/arbys-1598/nk73q39WSk22r_7W4RELjw,twin-falls-idaho
