url,city
https://www.ubereats.com/tyler/food-delivery/burger-king-7445-south-broadway-ave/SpviVcATQO2LWw_ldIySKw,tyler
https://www.ubereats.com/tyler/food-delivery/supermercado-del-pueblo/dBJXx7OPRKOKaMk8gIxVPw,tyler
https://www.ubereats.com/tyler/food-delivery/taco-bell-3808-s-broadway-ave/Q7VUKH7jQYyhsZi1m0ZmWA,tyler
https://www.ubereats.com/tyler/food-delivery/the-grove-kitchens-and-gardens/bO-R5vBASFixIrc6lHCzVw,tyler
https://www.ubereats.com/tyler/food-delivery/menchies-8926-s-broadway-ave-ste-100/kRzr_uHDQCWC-CMb6_8KwQ,tyler
https://www.ubereats.com/tyler/food-delivery/janies-cakes/EW4gzB-SSqGjSCMfmFQJqw,tyler
https://www.ubereats.com/tyler/food-delivery/dairy-queen-8850-s-broadway-ave/wiMLr6dfSLGm6nYfTh2q_w,tyler
https://www.ubereats.com/tyler/food-delivery/roost/_C3bwdqARm2DsP_dRXwdwA,tyler
https://www.ubereats.com/tyler/food-delivery/firehouse-subs-3304-troup-highway/Pt4UxpdySOaryKHCXPP4Xw,tyler
https://www.ubereats.com/tyler/food-delivery/lubys-1815-roseland/oQHmJOXIR6CGwhSMrgW1mw,tyler
https://www.ubereats.com/tyler/food-delivery/saltgrass-7214-s-broadway-ave/kVNA2UgEShGJqB7AsYb1Qg,tyler
https://www.ubereats.com/tyler/food-delivery/schlotzskys-deli-2105-south-southeast-loop-323/_fo0PjqoTkeHkEC1Iq1DYQ,tyler
https://www.ubereats.com/tyler/food-delivery/jack-in-the-box-121-n-northwest-loop-323/vjWcuwobQlW6TTsef6cAIg,tyler
https://www.ubereats.com/tyler/food-delivery/ihop-209-s-sw-loop-323/leI9o5ZPTX2AQkDbhuC1Tg,tyler
https://www.ubereats.com/tyler/food-delivery/outback-steakhouse-5704-south-broadway/4fvOtBDaTKKMTS7LGgp7Jw,tyler
https://www.ubereats.com/tyler/food-delivery/freebirds-world-burrito-5105-s-broadway/jxhFUzPpQm2YnqNbaUEnXQ,tyler
https://www.ubereats.com/tyler/food-delivery/schlotzskys-deli-720-w-southwest-loop-323/libPgM37TCqsOLTHxmL3hA,tyler
https://www.ubereats.com/tyler/food-delivery/mcdonalds-1300-s-beckham-ave/RiETg3AZQ7SgVedyi44s7g,tyler
https://www.ubereats.com/tyler/food-delivery/shell-shack/unBLJAOoQKe3fbwS55Raog,tyler
https://www.ubereats.com/tyler/food-delivery/five-guys-tx-0617-4510-south-broadway-ave/VeqxheDyS4-L3VrjdfZKpg,tyler
https://www.ubereats.com/tyler/food-delivery/taco-bell-2611-gentry-parkway/4CcCJXuHQQaYQs9RY4KCiQ,tyler
https://www.ubereats.com/tyler/food-delivery/taco-shop-tyler/B0fhyWO1Qai7gvdSV156-Q,tyler
https://www.ubereats.com/tyler/food-delivery/newks-eatery/GSlFQpEKQ8q_PMqIY0Eftw,tyler
https://www.ubereats.com/tyler/food-delivery/jersey-mikes-subs-1690-south-beckham-avenue/z61IAKCTRF6ioUMqmA3gDg,tyler
https://www.ubereats.com/tyler/food-delivery/schlotzskys-deli-709-south-beckham/LcEJ09BdT425NmU-7PCtIA,tyler
https://www.ubereats.com/tyler/food-delivery/subway-2230-w-gentry-pkwy/HQMVSXGZTg2rCIdMr2hrZw,tyler
https://www.ubereats.com/tyler/food-delivery/spudtacular/TdDL3aNuRUyC0PvOK9zhcw,tyler
https://www.ubereats.com/tyler/food-delivery/say-cheese-food-truck/0aAV6zrVSe2FSephvqxURA,tyler
https://www.ubereats.com/tyler/food-delivery/red-lobster-1500-wsw-loop-323/ou63MqbfSEKrxT-3-wP99g,tyler
https://www.ubereats.com/tyler/food-delivery/dunkin-1400-w-southwest-loop-323/CWexQuWDTeibnWPr3VqSWw,tyler
https://www.ubereats.com/tyler/food-delivery/applebees-5502-s-broadway-ave/4wwvYQkYTfmri3Hl62d2FQ,tyler
https://www.ubereats.com/tyler/food-delivery/times-square-grand-slam-infield-restaurant/4PWq0R67S5aLqWrk7ewi0g,tyler
https://www.ubereats.com/tyler/food-delivery/spring-creek-barbeque-5810-s-broadway/VHE0g8vwSMKkZHEw8WZygA,tyler
https://www.ubereats.com/tyler/food-delivery/grandys-1226-s-beckham-ave/S7llOJM7R_yGc4fJdoaGkw,tyler
https://www.ubereats.com/tyler/food-delivery/churchs-chicken-822-w-gentry-parkway/IWZ4bIUCROuePHXGnrepcQ,tyler
https://www.ubereats.com/tyler/food-delivery/yami-buffet/VHkK0GyuSDamxD73tE1mww,tyler
https://www.ubereats.com/tyler/food-delivery/la-vera-restaurante-italiano/HpoCAKVdQo-lDxrIiVjdkg,tyler
https://www.ubereats.com/tyler/food-delivery/burger-king-4113-south-broadway/NAT8nm1bQS6Tud5itvuN2Q,tyler
https://www.ubereats.com/tyler/food-delivery/panera-5755-s-broadway-avenue/WxHhNYBTQBm-bZWch8dNGA,tyler
https://www.ubereats.com/tyler/food-delivery/subway-2350-w-grande-blvd/mCElSYrkSyWZEwETwhpZgw,tyler
https://www.ubereats.com/tyler/food-delivery/taco-bell-500-s-southwest-loop-323/rqbTKhroTKCf_iEIPr2k6A,tyler
https://www.ubereats.com/tyler/food-delivery/starbucks-loop-323-%26-troup/Ylp-_EqmRSeZencl6iq3tw,tyler
https://www.ubereats.com/tyler/food-delivery/mcdonalds-2034-e-se-loop-323/3ZkeAJBvSlOQh6mfS8dkDw,tyler
https://www.ubereats.com/tyler/food-delivery/poke-in-da-eye-world-championship-bbq-%26-catering/JfJzTjAPTUmFeorc1r0FSg,tyler
https://www.ubereats.com/tyler/food-delivery/mercados/XmINzoBGQ0m38TNtb_KupQ,tyler
https://www.ubereats.com/tyler/food-delivery/wendys-3920-sw-loop-323/ADMpmui3RK2pMU5qelJYtA,tyler
https://www.ubereats.com/tyler/food-delivery/mcalisters-deli-510-tyler-1047/QwxwDrepR1uLYHTnQmDy3Q,tyler
https://www.ubereats.com/tyler/food-delivery/brewsters/q5w376EVTCim22xebKop1A,tyler
https://www.ubereats.com/tyler/food-delivery/the-potpourri-house/OTlK1YLIRIOZB1eoEpCMFw,tyler
https://www.ubereats.com/tyler/food-delivery/jack-in-the-box-6915-s-broadway-ave/LN7ZvnEMQ4OM245kX1g-3w,tyler
https://www.ubereats.com/tyler/food-delivery/posados-cafe-gentry/m5nynaCKSUKpbQVylc5EHQ,tyler
https://www.ubereats.com/tyler/food-delivery/ihop-115-w-southwest-loop-323/_vq2aVHrTpeYVJHxH2GSsA,tyler
https://www.ubereats.com/tyler/food-delivery/first-watch-tyler/PAG_yKYgSpqZluHA9XdbcA,tyler
https://www.ubereats.com/tyler/food-delivery/subway-400-sws-loop-323/wysRfVZWRamz7Wdy4bnO-w,tyler
https://www.ubereats.com/tyler/food-delivery/panda-express-3904-troup-hwy/UD-A9r3ySWuyBOIpE5FNrQ,tyler
https://www.ubereats.com/tyler/food-delivery/einstein-bros-bagels-4500-s-broadway-ave/WGZwDBDuQLm4pk42rspTfw,tyler
https://www.ubereats.com/tyler/food-delivery/bunnys-14-chinese-food/WC0hr_KiQem8QPJSUVmF2g,tyler
https://www.ubereats.com/tyler/food-delivery/the-catch-tyler/TwcEbh-QS5CSU3SNwFe-zg,tyler
https://www.ubereats.com/tyler/food-delivery/chick-fil-a-3830-troup-hwy/dmvUk2K2QjuJbztc7K6lNg,tyler
https://www.ubereats.com/tyler/food-delivery/3-charritos/C0W3BGjVQNev_SWqHeF8Mg,tyler
https://www.ubereats.com/tyler/food-delivery/pochs-phoenix-express/xCibUb1YSxC9vY3RNk8ONQ,tyler
https://www.ubereats.com/tyler/food-delivery/taco-bell-2760-e-5th-st/Mnsfe8DhQ16-6j1dv3vXbA,tyler
https://www.ubereats.com/tyler/food-delivery/dairy-queen-1809-e-se-loop-323/QxUc8n09T9ugnO7W6OaxAg,tyler
https://www.ubereats.com/tyler/food-delivery/jersey-mikes-subs-4754-s-broadway/pu5e5EctQ7qiE_OYYWALKg,tyler
https://www.ubereats.com/tyler/food-delivery/slim-chickens-7925-s-broadway/_5EwutiPTjW3ryVyYTVWFQ,tyler
https://www.ubereats.com/tyler/food-delivery/buffalo-wild-wings-7916a-s-broadway/CnlRrp4VR7-C3VE58beMRQ,tyler
https://www.ubereats.com/tyler/food-delivery/bjs-restaurant-%26-brewhouse-210-loop-323-wsw/XtWFP8LsQK6FudlLdQIU0Q,tyler
https://www.ubereats.com/tyler/food-delivery/abuelos-tyler-tx/XsddMB4zS6SAl-Wrntgn7A,tyler
https://www.ubereats.com/tyler/food-delivery/chipotle-mexican-grill-4751-s-broadway-ave/5iOdsruuQEKGf7lO8nK4oA,tyler
https://www.ubereats.com/tyler/food-delivery/kfc-450-s-southeast-loop-323/at2vCqi7Ql6_-NeFyBOjrQ,tyler
https://www.ubereats.com/tyler/food-delivery/topps-pizza/Kg4Ftr9QRdCeq2HG2a-OCA,tyler
https://www.ubereats.com/tyler/food-delivery/chick-fil-a-4601-s-broadway-ave/k2t26JPvT9SH9dUh45q9Ng,tyler
https://www.ubereats.com/tyler/food-delivery/taco-bell-3825-troup-highway/AbwYb4U6Qo-heXWdgh7Fwg,tyler
https://www.ubereats.com/tyler/food-delivery/subway-101-e-8th-st/84nMa73uSbOjcZKyvA1kYA,tyler
https://www.ubereats.com/tyler/food-delivery/taj-mahal/CtvUEqroS320orNpUOXgng,tyler
https://www.ubereats.com/tyler/food-delivery/mcdonalds-2705-e-5th-st/Fh5zIFZXSsiqszJdpCcGdQ,tyler
https://www.ubereats.com/tyler/food-delivery/dairy-queen-2611-e-5th-st/v8c7zIviQ7aGV8PEpxZSUw,tyler
https://www.ubereats.com/tyler/food-delivery/jack-in-the-box-1703-s-broadway-ave/rrLgXVj3Q1-I3FPQnB-kKg,tyler
https://www.ubereats.com/tyler/food-delivery/poke-bop/T3v1oTx1STCw7LN6eLlqSw,tyler
https://www.ubereats.com/tyler/food-delivery/subway-5050-troup-hwy/ttliBCEDSeuok_jpMX5Dsw,tyler
https://www.ubereats.com/tyler/food-delivery/burger-king-2801-w-southwest-loop-323/LNtNpzv8RK-ViGI2QJ--ww,tyler
https://www.ubereats.com/tyler/food-delivery/cup-ojoy-teahouse/EYC2lAUVQ7KDGXySHeitrQ,tyler
https://www.ubereats.com/tyler/food-delivery/churchs-chicken-535-s-beckham-ave/m5ePxjrUTcuTjH2UsZzVRw,tyler
https://www.ubereats.com/tyler/food-delivery/on-the-border-tyler/SsnHUEz4QNukBkvbHF049Q,tyler
https://www.ubereats.com/tyler/food-delivery/razzoos-cajun-cafe-tyler/pIFC_qf-R2WB6AwMW1Bk7A,tyler
https://www.ubereats.com/tyler/food-delivery/kfc-6901-south-broadway/6BZFlqN7SUyrgZ03ZXovTw,tyler
https://www.ubereats.com/tyler/food-delivery/which-wich-8982-s-broadway-ave/euH4VKYVRJqF2oLk8CregA,tyler
https://www.ubereats.com/tyler/food-delivery/papa-johns-6751-s-broadway-ave/H1zbWtE4TMeAg_xBAQXA0w,tyler
https://www.ubereats.com/tyler/food-delivery/subway-4201-s-broadway-ave/-rG6gj_FSISytY0-jXkMIQ,tyler
https://www.ubereats.com/tyler/food-delivery/cotton-patch-cafe-322-e-s-e-loop-323-ste200/qhkKOClFTwy3Ns58CQY1nw,tyler
https://www.ubereats.com/tyler/food-delivery/kfc-3630-troup-highway/_EE2aJE2SQKsWaWa8S9fAw,tyler
https://www.ubereats.com/tyler/food-delivery/liangs-chinese-restaurant/ZkWAQraLTgmkwz-utn532A,tyler
https://www.ubereats.com/tyler/food-delivery/subway-2021-e-southeast-loop-323/EX81mnJITgWZWpQbhlMXhQ,tyler
https://www.ubereats.com/tyler/food-delivery/starbucks-village-at-cumberland-park/NTm0ARLHRf2qVPFA2nROpA,tyler
https://www.ubereats.com/tyler/food-delivery/panda-express-6910-s-broadway-ave/sULrPD2MSXmouD-K3yktug,tyler
https://www.ubereats.com/tyler/food-delivery/mcdonalds-5894-old-jacksonville-hwy/01pJ0mJTScSIfWJzjHqsGg,tyler
https://www.ubereats.com/tyler/food-delivery/churchs-chicken-se-loop-323/ydBFR3i2RwmwpN8bTZ90qA,tyler
https://www.ubereats.com/tyler/food-delivery/cicis-211-n-northwest-loop-323/_p4ivpVzT8WVXxTaa4ep-A,tyler
https://www.ubereats.com/tyler/food-delivery/burger-king-530-south-s-w-loop-323/hHhIbISWThScAGI0sWKMpg,tyler
https://www.ubereats.com/tyler/food-delivery/texas-de-brazil-tyler/mQgqrlzXToyZAy6IfmZEeA,tyler
https://www.ubereats.com/tyler/food-delivery/happys-fish-house/-O9aMu9LRRylfQvXaW8qgQ,tyler
https://www.ubereats.com/tyler/food-delivery/wendys-427-w-front-st/uRVMFSTXRMi9LLczBDic4Q,tyler
https://www.ubereats.com/tyler/food-delivery/posados-cafe-tyler/F0n7EysHTPaMNoVoPkAPuA,tyler
https://www.ubereats.com/tyler/food-delivery/tiba-grill/6YDPXd7ES0WZ3Kwqpqj6bA,tyler
https://www.ubereats.com/tyler/food-delivery/aspen-creek-grill-tyler/4zRu6dSYTb-Ml7lwK630ww,tyler
https://www.ubereats.com/tyler/food-delivery/nekter-juice-bar-8934-s-broadway-ave/zp3rVwBySnOBGyD5oRXAKg,tyler
https://www.ubereats.com/tyler/food-delivery/burger-king-1602-s-se-loop-323/nb4lKyqbTjGg5BzKFE08bg,tyler
https://www.ubereats.com/tyler/food-delivery/el-mejicano-authentic-mexican-buffet/bdDGX38ES5WTCUSiWAbI1A,tyler
https://www.ubereats.com/tyler/food-delivery/taco-bell-5978-old-jacksonville-hwy/Y4DGxixsREaA5vdmx2deQA,tyler
https://www.ubereats.com/tyler/food-delivery/churchs-chicken-105-n-nw-loop-323/_G3_I1FkRGmju2Qp6xGhIA,tyler
https://www.ubereats.com/tyler/food-delivery/starbucks-hwy-64-%26-loop-323/YdsM2I8LT_eJQYHqSwRu2A,tyler
https://www.ubereats.com/tyler/food-delivery/subway-2701-w-southwest-loop-323-ste-800/XiofLPfSSbC0PC2npD1fTQ,tyler
https://www.ubereats.com/tyler/food-delivery/dennys-3244-gentry-pkwy/QVG9SpluR9aN_OoBak45Yw,tyler
https://www.ubereats.com/tyler/food-delivery/dairy-queen-16818-fm-2493/j2bLlRC8R2SSkmMCqzEqxA,tyler
https://www.ubereats.com/tyler/food-delivery/churchs-chicken-beckham-ave/IiNXd0P3TnO-7Zj1dDn32A,tyler
https://www.ubereats.com/tyler/food-delivery/popeyes-3820-w-elm-st/Kyiuy2sFTxKqkN8mq7G5RA,tyler
https://www.ubereats.com/tyler/food-delivery/chuck-e-cheese-736-w-sw-loop-323/lJ9-p0EGQdmQilIgfiBOXQ,tyler
https://www.ubereats.com/tyler/food-delivery/dairy-queen-3250-w-gentry-pkwy/4pEWEIlUQNKyZ9lBeQTcsA,tyler
https://www.ubereats.com/tyler/food-delivery/churchs-chicken-gentry-pkwy/H58CFQLhR5204VaOhO5GJw,tyler
https://www.ubereats.com/tyler/food-delivery/chick-fil-a-5716-s-broadway-ave/e1XzgJ2VQVOG1veAmtpogA,tyler
https://www.ubereats.com/tyler/food-delivery/taco-bell-7425-s-broadway/SkmKhYWbRtqFGYGQcGudbg,tyler
https://www.ubereats.com/tyler/food-delivery/golden-corral-5602-s-broadway-ave/rNEkVwe3Qr-hosrd7C0UUQ,tyler
https://www.ubereats.com/tyler/food-delivery/doeboys-taste-of-chicago/uSJ0iy_HRbW1xBTMv-wLkA,tyler
https://www.ubereats.com/tyler/food-delivery/pasquallys-pizza-%26-wings-736-w-sw-loop-323/iDOZ0SpxT22n7hBbrZQ5Cg,tyler
https://www.ubereats.com/tyler/food-delivery/mcdonalds-4014-s-broadway/fi0c25xDTFm3-QvLZtsviQ,tyler
https://www.ubereats.com/tyler/food-delivery/arbys-4006-s-broadway-ave/p3WDnL9aQtyq4bG4DvYzoQ,tyler
https://www.ubereats.com/tyler/food-delivery/mcdonalds-3109-w-gentry-place/FGw7d5EbSNWHs8-cBZ1Ybg,tyler
https://www.ubereats.com/tyler/food-delivery/boards-and-bites-cafe/QROT_HH6Q9Saj0iKzxWwlQ,tyler
https://www.ubereats.com/tyler/food-delivery/dairy-queen-12050-hwy-64-e/lM0TD-kdRhOZhZmQ1OY4zw,tyler
https://www.ubereats.com/tyler/food-delivery/jack-ryans-steak-%26-chophouse/bSHGp779QFyZXnHFe-x7rg,tyler
https://www.ubereats.com/tyler/food-delivery/culture-etx/9JJ5b5zsQPO8pRsl74DjBg,tyler
https://www.ubereats.com/tyler/food-delivery/papa-johns-631-s-beckham-ave/1U6VyClMRDyKIkUHJnF1Uw,tyler
https://www.ubereats.com/tyler/food-delivery/slim-chickens-3922-troup-hwy/yJw4HJUDSeuO1k5vSToKqA,tyler
https://www.ubereats.com/tyler/food-delivery/pochs-rice-cafe/RfvhHbflT8ab5TkCRw4Uqg,tyler
https://www.ubereats.com/tyler/food-delivery/subway-1949-s-southeast-loop-323/WDBrCkUyREO7GHqEx1-VWA,tyler
https://www.ubereats.com/tyler/food-delivery/taqueria-el-lugar-on-the-square/fIa3IL5wSQ2yAX9x70E6jg,tyler
https://www.ubereats.com/tyler/food-delivery/long-john-silvers-205-w-sw-loop-323/uOTC1chYRH2NMVceGRb11Q,tyler
https://www.ubereats.com/tyler/food-delivery/mcdonalds-5802-s-broadway/-i0qY4osS1uowmMXXclqwQ,tyler
