url,city
https://www.ubereats.com/connecticut/food-delivery/city-pizza/f1In6IC0QASOnzlcGMitVQ,unionville-connecticut
https://www.ubereats.com/connecticut/food-delivery/starbucks-avon-marketplace/q9CZc-ZVRa-lTRQ18dj3tQ,unionville-connecticut
https://www.ubereats.com/connecticut/food-delivery/liquid-nirvana-avon/-LJd_izgSrSfju51PLr2dw,unionville-connecticut
https://www.ubereats.com/connecticut/food-delivery/chengs-kitchen/Kka2Zj3rS6eDZ-3bqo_KGQ,unionville-connecticut
https://www.ubereats.com/connecticut/food-delivery/mikes-pizza/vv1N-hReRpO0aeEQphDKmQ,unionville-connecticut
https://www.ubereats.com/connecticut/food-delivery/taco-bell-5-westfarms-mall/KpqVcYZPRNSXGHh2-hPObg,unionville-connecticut
https://www.ubereats.com/connecticut/food-delivery/friendlys-497-farmington-ave/7LPU-gl_SqGEz01PPIknIQ,unionville-connecticut
https://www.ubereats.com/connecticut/food-delivery/pie-guys-of-new-york/YwnvzeqrTDWz7ejp5DBx5w,unionville-connecticut
https://www.ubereats.com/connecticut/food-delivery/krispy-krunchy-chicken-mos-food-store/dvqRv-xvSOud4MKQQeWZtA,unionville-connecticut
https://www.ubereats.com/connecticut/food-delivery/king-pizza/-4eNLxEEREy38HHCdFMb2Q,unionville-connecticut
https://www.ubereats.com/connecticut/food-delivery/dunkin-140-albany-tpke/mx9bFootRvGH5sEXiXpyBA,unionville-connecticut
https://www.ubereats.com/connecticut/food-delivery/50-west/UtP70OMrTCqaHGjjn9Te8A,unionville-connecticut
https://www.ubereats.com/connecticut/food-delivery/boston-market-417-cottage-grove-rd/XpQ3FmPNSP6Zbb-zwL_P5g,unionville-connecticut
https://www.ubereats.com/connecticut/food-delivery/mcdonalds-150-n-main-st/HZjn--MeTxGKuTD1OawtyQ,unionville-connecticut
https://www.ubereats.com/connecticut/food-delivery/chipotle-mexican-grill-966-farmington-ave/5HeyWVxsRECVMFPkkv0c7A,unionville-connecticut
https://www.ubereats.com/connecticut/food-delivery/lukes-donut-shop/2HulGh5ATAyhihMUc6NW1w,unionville-connecticut
https://www.ubereats.com/connecticut/food-delivery/wei-mei-chinese-restaurant/9YLAjLZNQHq-0Yypsg9ofw,unionville-connecticut
https://www.ubereats.com/connecticut/food-delivery/hot-heaven-pizzeria/et2fSe5kTXabNrQYDG-D6A,unionville-connecticut
https://www.ubereats.com/connecticut/food-delivery/nummy/JN8QVK3eTIK_N1t0D2Veyw,unionville-connecticut
https://www.ubereats.com/connecticut/food-delivery/world-of-beer-73-isham-rd/CXTelVcISGiAlWH3A2Rq2w,unionville-connecticut
https://www.ubereats.com/connecticut/food-delivery/the-rockin-chicken/k7t2nkT0T_W8i1mzwZ_Gdw,unionville-connecticut
https://www.ubereats.com/connecticut/food-delivery/yoyo-ice-cream/PodZcItSRl6-D5sMTMYliQ,unionville-connecticut
https://www.ubereats.com/connecticut/food-delivery/krispy-krunchy-chicken-70-south-main-st/OVPMRtywQBqY8Lue639DMA,unionville-connecticut
https://www.ubereats.com/connecticut/food-delivery/namaste-india/an5soiZ6SgiYpZW4YKpuBw,unionville-connecticut
https://www.ubereats.com/connecticut/food-delivery/ben-%26-jerrys-west-hartford/-DZBediTTKuFeEkICoRvDA,unionville-connecticut
https://www.ubereats.com/connecticut/food-delivery/friendlys-230-new-britain-ave/WO1xTXLNRaCNEeLN-fPj8A,unionville-connecticut
https://www.ubereats.com/connecticut/food-delivery/zohara-mediterranean-kitchen/zGmoKGt2SUGkUqSnK7mclA,unionville-connecticut
https://www.ubereats.com/connecticut/food-delivery/taco-bell-20-e-main-st/rWNIKyYZQsykaVZd-BJLfg,unionville-connecticut
https://www.ubereats.com/connecticut/food-delivery/mcdonalds-646-farmington-avenue/mBaaPdv9R1K_qZYCLObV8g,unionville-connecticut
https://www.ubereats.com/connecticut/food-delivery/tsaloncafe/yE2ONyfBQgiJY4JrJknlAQ,unionville-connecticut
https://www.ubereats.com/connecticut/food-delivery/taco-bell-250-albany-turnpike/LUJhwIq2TPS3DqZqPCwoSQ,unionville-connecticut
https://www.ubereats.com/connecticut/food-delivery/the-place-2-be/SPfhapnbTU-9LYTyOoyd4g,unionville-connecticut
https://www.ubereats.com/connecticut/food-delivery/mcdonalds-new-britain-main/44kmIiJoRGWhup_YUlP0IA,unionville-connecticut
https://www.ubereats.com/connecticut/food-delivery/flemings-prime-steakhouse-%26-wine-bar-west-hartford/CeCz3HdwQAWKhPMAdPRZsg,unionville-connecticut
https://www.ubereats.com/connecticut/food-delivery/village-pizza-halal-restaurant/c-Ath6guTieiBbQdxVhtdQ,unionville-connecticut
https://www.ubereats.com/connecticut/food-delivery/wings-over-newington/BJMDL43hTqq4wLbmTYqO2g,unionville-connecticut
https://www.ubereats.com/connecticut/food-delivery/ben-%26-jerrys-canton/HCDDPFO2RxqQUdPyGzBtVw,unionville-connecticut
https://www.ubereats.com/connecticut/food-delivery/moes-southwest-grill-722-n-main-street/weaKey-oQP2bWyJ9faPteg,unionville-connecticut
https://www.ubereats.com/connecticut/food-delivery/benjies-jamaican/bvtFZS_ETnWXJ6wiU-6V4g,unionville-connecticut
https://www.ubereats.com/connecticut/food-delivery/juiced-up-juice-bar/MKVPvvAjSXeqHEFonig4aw,unionville-connecticut
https://www.ubereats.com/connecticut/food-delivery/mcladdens-west-hartford/AWK5rxt0SK-TSzHzPSaE1g,unionville-connecticut
https://www.ubereats.com/connecticut/food-delivery/starbucks-bristol-plaza/T6Kgq7rbQMaTSBvZFk7wPQ,unionville-connecticut
https://www.ubereats.com/connecticut/food-delivery/brooklyn-deli-and-market/bgbFl3vERJ2MThDHiFM_aA,unionville-connecticut
https://www.ubereats.com/connecticut/food-delivery/xian-noodle-factory-west-hartford/P1P6fgDqR_iXOUglD1cOXA,unionville-connecticut
https://www.ubereats.com/connecticut/food-delivery/bertuccis-380-west-main-street-rte-44/ZfmI3qyjTuG1Sl8csYvquA,unionville-connecticut
https://www.ubereats.com/connecticut/food-delivery/el-nuevo-sarape-restaurant/sspTAPNYT_2eQUpS4mKf8Q,unionville-connecticut
https://www.ubereats.com/connecticut/food-delivery/friendlys-347-w-main-st/mxCr_yO1REOfcX49CJE2aw,unionville-connecticut
https://www.ubereats.com/connecticut/food-delivery/more-than-just-lobster/SCmGdQuYT-yiUgGTYgG-Vg,unionville-connecticut
https://www.ubereats.com/connecticut/food-delivery/san-gennaro/xI-LynYdRbODcJnbRPO6ww,unionville-connecticut
https://www.ubereats.com/connecticut/food-delivery/kfc-866-queen-street/apdNa2vZQkWFQE5U3elw9g,unionville-connecticut
https://www.ubereats.com/connecticut/food-delivery/green-tea-chinese-restaurant/hW_ToyH9QWq60D4kKs2u_w,unionville-connecticut
https://www.ubereats.com/connecticut/food-delivery/wild-orchid/c0nM0wd8Q1KPm8z5gx8w-g,unionville-connecticut
https://www.ubereats.com/connecticut/food-delivery/texas-de-brazil-hartford/sjR7iO8eR0Odj1cVPgzngw,unionville-connecticut
https://www.ubereats.com/connecticut/food-delivery/the-bar/XlExe-BeSt21aT-nP6hSzw,unionville-connecticut
https://www.ubereats.com/connecticut/food-delivery/dennys-621-queen-st/HSAgR7UWT4m9hVU6ObYTEA,unionville-connecticut
https://www.ubereats.com/connecticut/food-delivery/legends-sports-bar-and-grill/ChAONs9kSbqe4H7X8x-MKA,unionville-connecticut
https://www.ubereats.com/connecticut/food-delivery/taco-bell-167-new-britain-avenue/HnKALi5sQS-jahlv6WOkiA,unionville-connecticut
https://www.ubereats.com/connecticut/food-delivery/chips-family-restaurant/UFLfbsJhSnaNJcRsRUeacA,unionville-connecticut
https://www.ubereats.com/connecticut/food-delivery/effies-place-restaurant/2RmYEY8BTU-_k96vTTLXGQ,unionville-connecticut
https://www.ubereats.com/connecticut/food-delivery/luen-hop-chinese-take-out/gHnDd5X1S1ye8sp9GSwXog,unionville-connecticut
https://www.ubereats.com/connecticut/food-delivery/maruichi-japanese-food/KAcD5_zSTAuB1a9VANMlKQ,unionville-connecticut
https://www.ubereats.com/connecticut/food-delivery/parrilla-y-sabores/xFQJB788Qmq17IA-k2bbkA,unionville-connecticut
https://www.ubereats.com/connecticut/food-delivery/ichiro-hibachi-and-sushi/z4T3JdHzTB2yRpVLlTG9nQ,unionville-connecticut
https://www.ubereats.com/connecticut/food-delivery/subway-1426-farmington-ave/U-3njFcqTo2RI-dIM3aciQ,unionville-connecticut
https://www.ubereats.com/connecticut/food-delivery/averys-beverages/PtOkYoJUQNSy2TqF3VIbgA,unionville-connecticut
https://www.ubereats.com/connecticut/food-delivery/pomona-petes/UknsWMrZTS6VvpM6wUL6Ug,unionville-connecticut
https://www.ubereats.com/connecticut/food-delivery/wendys-171-new-britain-avenue/Aspckt0IRyGJw9ThmQ5Mrg,unionville-connecticut
https://www.ubereats.com/connecticut/food-delivery/artisan-restaurant-west-hartford/E4V0yLjfSH69XUEogVgezQ,unionville-connecticut
https://www.ubereats.com/connecticut/food-delivery/dunkin-1015-farmington-ave/gvG5WmhiSUmsRE0JgSuYpA,unionville-connecticut
https://www.ubereats.com/connecticut/food-delivery/savoy-pizzeria-%26-craft-bar/_JT1PvQZTb6pHVxPQt-4DQ,unionville-connecticut
https://www.ubereats.com/connecticut/food-delivery/chosen-1-seafood/S-KCa3KlT4uUMRSDmQyfkQ,unionville-connecticut
https://www.ubereats.com/connecticut/food-delivery/five-guys-ct-0595-316-north-main-st/o2Tzxxz1SNypPw3BbGTMwQ,unionville-connecticut
https://www.ubereats.com/connecticut/food-delivery/the-simple-greek-west-hartford/uL7VkWgBTGabF7-w4gKOEg,unionville-connecticut
https://www.ubereats.com/connecticut/food-delivery/blue-elephant-trail/p7Ngi_0zT4GpXnvu5KjDBg,unionville-connecticut
https://www.ubereats.com/connecticut/food-delivery/dacapo-of-avon/LdebarK2QjCYz-P3BbcZnQ,unionville-connecticut
https://www.ubereats.com/connecticut/food-delivery/pokemoto-west-hartford-ct/45_DultbQ7i0NXt8YTRptA,unionville-connecticut
https://www.ubereats.com/connecticut/food-delivery/kfc-470-farmington-avenue/x4xcfGKaSXCuXAUC3cmGMQ,unionville-connecticut
https://www.ubereats.com/connecticut/food-delivery/vivaldis-pizza-southington/7S1FlkHNTn-o9o62Mz8ngw,unionville-connecticut
https://www.ubereats.com/connecticut/food-delivery/harvest-country-store/bVFsKToRRGO03C9xgZTAlQ,unionville-connecticut
https://www.ubereats.com/connecticut/food-delivery/the-elephant-trail/jicsjnbbR6iP_MoH4CUIjw,unionville-connecticut
https://www.ubereats.com/connecticut/food-delivery/zaytoons-bistro/WtXNpQyMRKGIdIGgTLbrdw,unionville-connecticut
https://www.ubereats.com/connecticut/food-delivery/vivaldis/ZwXAkhY4SXaLFxL4ZHmoxQ,unionville-connecticut
https://www.ubereats.com/connecticut/food-delivery/roma-sports-bar-%26-grill/cGCTjTCPR0-8jTqS-s3irQ,unionville-connecticut
https://www.ubereats.com/connecticut/food-delivery/peoples-choice-pizza/slNH-AoXQr684erPYYK1Fw,unionville-connecticut
https://www.ubereats.com/connecticut/food-delivery/chipotle-mexican-grill-1457-new-britain-ave/jjvu8BqDRgqfnG6dIdH5BQ,unionville-connecticut
https://www.ubereats.com/connecticut/food-delivery/buffalo-wild-wings-774-queen-st/B0NKXInuSXScYPANc4pFnw,unionville-connecticut
https://www.ubereats.com/connecticut/food-delivery/bell-city-diner/4zM4TGWzSvOvC9fRSipzYg,unionville-connecticut
https://www.ubereats.com/connecticut/food-delivery/capitol-lunch/bbL8TSO4QNSA3nKjAB7wZQ,unionville-connecticut
https://www.ubereats.com/connecticut/food-delivery/subway-1197-farmington-ave/fVKINnvmQ_-CCqmARQ3Ugg,unionville-connecticut
https://www.ubereats.com/connecticut/food-delivery/mcdonalds-unionville/yAwC2SGzQpW-UpbVR4eflQ,unionville-connecticut
https://www.ubereats.com/connecticut/food-delivery/pf-changs-322-w-farms-mall-space-f226/HAIAN4FOR12_jB58hwW1sA,unionville-connecticut
https://www.ubereats.com/connecticut/food-delivery/hartford-baking-co/HINFtWfSRXGOof7dzdFl-A,unionville-connecticut
https://www.ubereats.com/connecticut/food-delivery/cuginos-restaurant-of-farmington/q_upMNa2TJGIhRVDigYUIQ,unionville-connecticut
https://www.ubereats.com/connecticut/food-delivery/harvest-bakery/T9-dznSWS3ipo6gONSLM3A,unionville-connecticut
https://www.ubereats.com/connecticut/food-delivery/subway-45-n-main-st/WJ8b0HiSTk6ATXnkMuVKnw,unionville-connecticut
https://www.ubereats.com/connecticut/food-delivery/main-street-diner/GJCzDFavQSmv4j18hWshnA,unionville-connecticut
https://www.ubereats.com/connecticut/food-delivery/sliders-grill-plainville/3HOAKlDpTrq4lyZ0TiXBxA,unionville-connecticut
https://www.ubereats.com/connecticut/food-delivery/wendys-1247-farmington-avenue/Cm7lV0x2RhKRJOoWd8fu4w,unionville-connecticut
https://www.ubereats.com/connecticut/food-delivery/kettle-bagels/H6av5AzXTIC834gWxjG8EA,unionville-connecticut
https://www.ubereats.com/connecticut/food-delivery/wood-n-tap-farmington/ZjjNUkqUQy628T67Iyen7w,unionville-connecticut
https://www.ubereats.com/connecticut/food-delivery/starbucks-farmington-route-4/vGdimkMdRzmDewbOmDxGQw,unionville-connecticut
https://www.ubereats.com/connecticut/food-delivery/chipotle-mexican-grill-110-albany-tpke/WHIrUGecQLimWx82IFmgEg,unionville-connecticut
https://www.ubereats.com/connecticut/food-delivery/goldbergs-bagel-cafe-new-britain-ave/1EV-Ky89Tr2ixojdpog6Kg,unionville-connecticut
https://www.ubereats.com/connecticut/food-delivery/coji-kitchen/2hHGdvrWRlaIxuXBoYnNDw,unionville-connecticut
https://www.ubereats.com/connecticut/food-delivery/dhaba-wala-indian-kitchen/JsBR_YBxRDSiBVT95mQS8Q,unionville-connecticut
https://www.ubereats.com/connecticut/food-delivery/bite%26tea/KgmXwcnQSsiw67wYo7eGmg,unionville-connecticut
https://www.ubereats.com/connecticut/food-delivery/moes-southwest-grill-641-farmington-avenue/iGdIN2fWTSWQFzgW9RqXkw,unionville-connecticut
https://www.ubereats.com/connecticut/food-delivery/krispy-krunchy-chicken-687-arch-st/JMZdo6LGTFOmm4gt2ijYLA,unionville-connecticut
https://www.ubereats.com/connecticut/food-delivery/noodles-%26-company-queen-st-%26-aircraft-rd/AxrgE2RjTv-hxV8FjVezpg,unionville-connecticut
https://www.ubereats.com/connecticut/food-delivery/poke-city/IdFpNcyhQSyZ1dm2nFEbRw,unionville-connecticut
https://www.ubereats.com/connecticut/food-delivery/pho-135/prY6NC8dSsGCoEf4IvkPAw,unionville-connecticut
https://www.ubereats.com/connecticut/food-delivery/crepes-boulevard/BtnZxzJTQ3u4m4mggDgLFA,unionville-connecticut
https://www.ubereats.com/connecticut/food-delivery/arugula/gBeCfTiRTCmPEiGe2CUtWg,unionville-connecticut
https://www.ubereats.com/connecticut/food-delivery/mama-lukes/3NqbbOaOQ7GXqXpAhI-C1g,unionville-connecticut
https://www.ubereats.com/connecticut/food-delivery/wings-over-bristol/aK3ivKlbTPih2fKHdLGaJQ,unionville-connecticut
https://www.ubereats.com/connecticut/food-delivery/nardellis-grinder-shoppe-farmington/CsgXZRt0RhK3KrV7XkI9kA,unionville-connecticut
https://www.ubereats.com/connecticut/food-delivery/the-boss-grill/MFnupoVkQR-cNwgASTg8Bw,unionville-connecticut
https://www.ubereats.com/connecticut/food-delivery/shake-shack-1445-new-britain-avenue/Pfi3CPVnS5aDSlOCwgIGDw,unionville-connecticut
https://www.ubereats.com/connecticut/food-delivery/mykonos-mediterranean-restaurant/tS_4vuvwSuOLX7V9HlFL_w,unionville-connecticut
https://www.ubereats.com/connecticut/food-delivery/seasons-tap-room/vEwaK_dNRZ-XqAsWjIm_sw,unionville-connecticut
https://www.ubereats.com/connecticut/food-delivery/kfc-412-west-main-street/a6HyqKLkSp2oDRhlTpnd5w,unionville-connecticut
https://www.ubereats.com/connecticut/food-delivery/ihop-885-queen-street/dUzxDGGuRoC66pIZVJbK3A,unionville-connecticut
https://www.ubereats.com/connecticut/food-delivery/blue-plate-kitchen/99E2mHGoR7iEoe5NE_w0ew,unionville-connecticut
https://www.ubereats.com/connecticut/food-delivery/mcdonalds-plainville-maple/u_BAs9xHQYS1G4LisS_4GQ,unionville-connecticut
https://www.ubereats.com/connecticut/food-delivery/pizza-house/SWBatd9XTTmpW3hzb6L5Tg,unionville-connecticut
https://www.ubereats.com/connecticut/food-delivery/chefs-dog-house/nETdpKGxSiuYA5MyzKbXeA,unionville-connecticut
https://www.ubereats.com/connecticut/food-delivery/dough-life/EpHuIK0DS6e8cpLtcvVrbQ,unionville-connecticut
https://www.ubereats.com/connecticut/food-delivery/jackies-gourmet-restaurant/Efw6SLH5T8aA5RnICYN5cw,unionville-connecticut
https://www.ubereats.com/connecticut/food-delivery/que-whiskey-kitchen/5cPA5ebOQgKSLRODGOGm5Q,unionville-connecticut
https://www.ubereats.com/connecticut/food-delivery/thai-avenue/aEpTd7NgSnKH80Z5JfRgSA,unionville-connecticut
https://www.ubereats.com/connecticut/food-delivery/vero-pizza/kpIyfCDXRo-sDZrk4DYsCw,unionville-connecticut
https://www.ubereats.com/connecticut/food-delivery/the-green-teahouse/sKC60e1TQHyFeMJNgHP3mA,unionville-connecticut
https://www.ubereats.com/connecticut/food-delivery/claudias-grinder-shop/5TKKVyyWREOP8OHDgCa4lQ,unionville-connecticut
https://www.ubereats.com/connecticut/food-delivery/el-pollo-guapo-wethersfield/dNau4zDwRgOldZoXNN18pQ,unionville-connecticut
https://www.ubereats.com/connecticut/food-delivery/taco-bell-1250-farmington-ave/SFMG7eg9SXyEwl2Y2mOqng,unionville-connecticut
https://www.ubereats.com/connecticut/food-delivery/republic-restaurant/KaSDJqxyQ62hw8_VCcqZrA,unionville-connecticut
https://www.ubereats.com/connecticut/food-delivery/carvel-401-west-main-street/EhtX6u9iR-iK8wHc2TCnuw,unionville-connecticut
https://www.ubereats.com/connecticut/food-delivery/outback-steakhouse-817-queen-street/EJxm273SR-qK-VeNcrCsjg,unionville-connecticut
https://www.ubereats.com/connecticut/food-delivery/california-pizza-kitchen-3-westfarms-mall-space-%23e-125/EbTL8UP1T2aBHzZwOai_Bg,unionville-connecticut
https://www.ubereats.com/connecticut/food-delivery/burgerfi-avon/3Pyda0qlR_Sml8xA1C2cvQ,unionville-connecticut
https://www.ubereats.com/connecticut/food-delivery/jumbo-buffet/Yza_JSnSTNWFZw9wt2Sc9Q,unionville-connecticut
https://www.ubereats.com/connecticut/food-delivery/plaza-azteca-newington/F5JOjxWZTVuhJ5eWJM_VBQ,unionville-connecticut
https://www.ubereats.com/connecticut/food-delivery/boston-market-1240-farmington-ave/p6cO2iGBQMOJV2CGXh50rg,unionville-connecticut
https://www.ubereats.com/connecticut/food-delivery/fuel-good-foods/lSQJOO2RTuGVQhln4kjK2g,unionville-connecticut
https://www.ubereats.com/connecticut/food-delivery/pokeworks-west-hartford/G0I4_Zx1RUmGgbAPCo8HGw,unionville-connecticut
https://www.ubereats.com/connecticut/food-delivery/wing-it-on!-new-britain/PwWQHabXRxK4RPf_hwL32w,unionville-connecticut
https://www.ubereats.com/connecticut/food-delivery/wings-over-west-hartford/L9JvHiTMS36Z5xBGNW_UgA,unionville-connecticut
https://www.ubereats.com/connecticut/food-delivery/taprock-beer-bar-%26-refuge/yCqLypdcQVSsgq_hWeS3dQ,unionville-connecticut
https://www.ubereats.com/connecticut/food-delivery/taste-of-jamaica/7snO9QNcRoO1R7uBwQ29RQ,unionville-connecticut
https://www.ubereats.com/connecticut/food-delivery/kizls/ZJ1P1MhDR9ujS_m5fzgqoA,unionville-connecticut
https://www.ubereats.com/connecticut/food-delivery/noodles-%26-company-n-main-st-%26-albany-ave/A6fOCsi3SWyQ5Z88CXLmYA,unionville-connecticut
https://www.ubereats.com/connecticut/food-delivery/mcdonalds-w-hartfrd-albany/vpMHyf_KSZSNSLtrYpl0UQ,unionville-connecticut
https://www.ubereats.com/connecticut/food-delivery/sweet-basil/0wrSstdGRcq1oPmhmh9d3Q,unionville-connecticut
https://www.ubereats.com/connecticut/food-delivery/hot-basil-thai-cafe/2cxgiUdrSHG5GK6qpWBfKA,unionville-connecticut
https://www.ubereats.com/connecticut/food-delivery/central-blue-moon/Zdq6fG1wSGOljS07SDjxqQ,unionville-connecticut
https://www.ubereats.com/connecticut/food-delivery/boston-market-45-farmington-ave/Qacyttx_Q2mlzSIx8QLo1g,unionville-connecticut
https://www.ubereats.com/connecticut/food-delivery/burger-king-1033-farmington-avenue/qIA_nDsgRu2_n7GbwGhv8w,unionville-connecticut
https://www.ubereats.com/connecticut/food-delivery/elizabeths-bar-and-resturant/El9i7bv9QIOM6cpHvSiY-A,unionville-connecticut
https://www.ubereats.com/connecticut/food-delivery/dunkin-436-farmington-ave/82daPCceRLSSinFcSCkhGg,unionville-connecticut
https://www.ubereats.com/connecticut/food-delivery/bgood-canton/Wc0zq3FyRDeM7XmNKZggQA,unionville-connecticut
https://www.ubereats.com/connecticut/food-delivery/foodies/Du3qRusuQcyAWhtY1yAdTg,unionville-connecticut
https://www.ubereats.com/connecticut/food-delivery/vivaldis-pizza-avon/340F-kwyRP6UJ30jPzbfcw,unionville-connecticut
https://www.ubereats.com/connecticut/food-delivery/china-chef/uZH8tI58SwKNNc11FHqMZQ,unionville-connecticut
https://www.ubereats.com/connecticut/food-delivery/outback-steakhouse-3210-berlin-turnpike/4rkvrmHzSw2BVVTtouJeOQ,unionville-connecticut
https://www.ubereats.com/connecticut/food-delivery/playa-bowls-west-hartford/Ax12sPDAQC2pretwL3ucag,unionville-connecticut
https://www.ubereats.com/connecticut/food-delivery/cinnabon-1500-new-britain-avenue/fJSNo82WQW-hlW8cg6BM0Q,unionville-connecticut
https://www.ubereats.com/connecticut/food-delivery/naatiya-indian-restaurant/sAr5kqaITOef4IFvzdFtgw,unionville-connecticut
https://www.ubereats.com/connecticut/food-delivery/elmers-place/fU_MQzMmRUeleE0r0Iq0PA,unionville-connecticut
https://www.ubereats.com/connecticut/food-delivery/moes-southwest-grill-385-west-main-street/V_bE6lKqTDuVo5EJ5EcK4Q,unionville-connecticut
https://www.ubereats.com/connecticut/food-delivery/kencarlous-jamaican-restaurant/wskr6MdiT62hkbu6UcH6Bg,unionville-connecticut
https://www.ubereats.com/connecticut/food-delivery/vivaldis/8WZUwuWAQ4-CfpE7zH62AA,unionville-connecticut
https://www.ubereats.com/connecticut/food-delivery/koma/cPXLEcu8RROr1ElaOV0_LQ,unionville-connecticut
https://www.ubereats.com/connecticut/food-delivery/mcdonalds-nw-britain-hrtfd/YqRNloHYRrSvPevgihQhXg,unionville-connecticut
https://www.ubereats.com/connecticut/food-delivery/ocho-cafe-hartford/xS8-UUpfSTmH4XDDkmjgLA,unionville-connecticut
https://www.ubereats.com/connecticut/food-delivery/sams-gyro/b6z6MYlVSw-KC-IzCz63GQ,unionville-connecticut
https://www.ubereats.com/connecticut/food-delivery/blue-ginger-vegan-thai/iL1Fx_dVTT2dlFw8NbI2xg,unionville-connecticut
https://www.ubereats.com/connecticut/food-delivery/pick-and-mix-avon/MPmSm7XrSxSTBYd-uLgcUg,unionville-connecticut
https://www.ubereats.com/connecticut/food-delivery/dunns-river-jamaican-restaurant/uxbCzLrKRiW3U7erzYazfA,unionville-connecticut
https://www.ubereats.com/connecticut/food-delivery/taco-bell-709-queen-st/oHeWnsK8QeG21bBA4RL4gw,unionville-connecticut
https://www.ubereats.com/connecticut/food-delivery/crystal-dinner/6sXaFPM8QWSKP6Llj9t8MA,unionville-connecticut
https://www.ubereats.com/connecticut/food-delivery/dennys-539-flatbh-ave/ZgfUdDvWSWi9o7YSdjSC0g,unionville-connecticut
https://www.ubereats.com/connecticut/food-delivery/wing-squad-avon/Cz5WeXlRT02Rq0Y8Aw97ew,unionville-connecticut
https://www.ubereats.com/connecticut/food-delivery/mofongo/zU2UTxK_QLm-sC_ZO4oZSg,unionville-connecticut
https://www.ubereats.com/connecticut/food-delivery/restaurant-bricco/ViZCXYKPRxOBD4cOBSRFRw,unionville-connecticut
https://www.ubereats.com/connecticut/food-delivery/michael-johns-pizza/s8Vh8g8fRRu_Ufeutl96KA,unionville-connecticut
https://www.ubereats.com/connecticut/food-delivery/mooyah-burgers-24-fenn-rd/ZGeEirGCR1mMQZoeQfPUsw,unionville-connecticut
https://www.ubereats.com/connecticut/food-delivery/cora-cora-restaurant/Vrv_k_LySrK--_XgdY-ksQ,unionville-connecticut
https://www.ubereats.com/connecticut/food-delivery/ihop-339-cottage-grove-rd/IjBQlyRVS9SEa-ZxC_T3wA,unionville-connecticut
https://www.ubereats.com/connecticut/food-delivery/milkcraft/S7kmCiupTb-UiCMrBQxrfw,unionville-connecticut
https://www.ubereats.com/connecticut/food-delivery/kfc-1000-blue-hills-avenue/_yXO6_74Q8qx3R_hAruINQ,unionville-connecticut
https://www.ubereats.com/connecticut/food-delivery/donut-crazy-west-hartford/509u5cTlQzyWHSzT7xxR9g,unionville-connecticut
https://www.ubereats.com/connecticut/food-delivery/yummyyummy-chinese-restaurant/uUyL5VYHRgGKg2Nas3GzlA,unionville-connecticut
https://www.ubereats.com/connecticut/food-delivery/peoples-choice-pizza/GZUUPPy_RK2qxoNbET8HUg,unionville-connecticut
https://www.ubereats.com/connecticut/food-delivery/bonchon-chicken-1491-new-britain-ave/GNPORduRSM2W31d0Rks62g,unionville-connecticut
https://www.ubereats.com/connecticut/food-delivery/ichiban-express-and-poke-bowl/gKkLoHBPRpupd9LQtG_ijg,unionville-connecticut
https://www.ubereats.com/connecticut/food-delivery/avon-indian-grill/jHB6lIT2QNyr2sjezpJTzg,unionville-connecticut
https://www.ubereats.com/connecticut/food-delivery/polish-plate/1PPAJjAVTEyF2vkDo-mHgg,unionville-connecticut
https://www.ubereats.com/connecticut/food-delivery/wayback-burger-123-farmington-ave-unit-p3/OIJJZCt0Q8SeCidq69YFAQ,unionville-connecticut
https://www.ubereats.com/connecticut/food-delivery/shish-kebab-house-of-afghanistan/WhvSmutLRwKd8uvfWRSxUw,unionville-connecticut
https://www.ubereats.com/connecticut/food-delivery/pizzapie-wood-fire-pizza/q49mcuwSTymM7nhxfkZNmw,unionville-connecticut
https://www.ubereats.com/connecticut/food-delivery/five-guys-ct-0212-278-scott-swamp-rd/RlzRNoOvRtiZjAtIbxNQIw,unionville-connecticut
https://www.ubereats.com/connecticut/food-delivery/mikado-asian-bistro/hrc55idVTd-Dwy-QlqSGhw,unionville-connecticut
https://www.ubereats.com/connecticut/food-delivery/lemon-mint-bites-%26-salad-bar-new-britain/IlacUcunSNS49ADn-qy3lQ,unionville-connecticut
https://www.ubereats.com/connecticut/food-delivery/jersey-mikes-subs-576-farmington-ave/avrTffpIQFaRZv4igF9SKw,unionville-connecticut
https://www.ubereats.com/connecticut/food-delivery/new-britain-diner/zpxHZXyAQeS4BNML7A8peQ,unionville-connecticut
https://www.ubereats.com/connecticut/food-delivery/krispy-krunchy-chicken-228-pine-street/cUhGeTPsQseyaz83Ocn3rQ,unionville-connecticut
https://www.ubereats.com/connecticut/food-delivery/bears-smokehouse-hartford/Gi8qKdM4Rr6IGrQ5aNA3xQ,unionville-connecticut
https://www.ubereats.com/connecticut/food-delivery/dragon-garden/lKI2ebIFQKK-3BulQRtUjw,unionville-connecticut
