url,city
https://www.ubereats.com/new-jersey/food-delivery/dunkin-80h-bethany-rd/nlo3xvQHQBOLFjdBeI9caw,union-beach-new-jersey
https://www.ubereats.com/new-jersey/food-delivery/kfc-route-36-airport-plaza/xFrFupRrTv6GYG8S-8BaIw,union-beach-new-jersey
https://www.ubereats.com/new-jersey/food-delivery/dunkin-189-route-35/jsgaYxaCQ_Skus6DDc71nQ,union-beach-new-jersey
https://www.ubereats.com/new-jersey/food-delivery/dunkin-865-state-route-35/LZolZQT9SKy6B3YjB746gA,union-beach-new-jersey
https://www.ubereats.com/new-jersey/food-delivery/wawa-0976-204-highway-35/Tn4JXstRSAKkSyOtJEDdIg,union-beach-new-jersey
https://www.ubereats.com/new-jersey/food-delivery/chipotle-mexican-grill-2131-state-route-35-ste-102/j-HpqZ-HRYeHEuxtHHlazw,union-beach-new-jersey
https://www.ubereats.com/new-jersey/food-delivery/starbucks-sayreville-nj/95uyByHxRUajMJ7XYNaogQ,union-beach-new-jersey
https://www.ubereats.com/new-jersey/food-delivery/cluck-u-chicken-aberdeen/niO2kggDQ7WUPwKVw3Cg7w,union-beach-new-jersey
https://www.ubereats.com/new-jersey/food-delivery/houlihans-holmdel/WBdptTMQRySIzVe7RKiACg,union-beach-new-jersey
https://www.ubereats.com/new-jersey/food-delivery/sweetberry-bowls-woodbridge-township/b0ynfF6BQkWNfGLlkV19dw,union-beach-new-jersey
https://www.ubereats.com/new-jersey/food-delivery/costa-verde/yWf_ma5nTwCSmNULmqagJw,union-beach-new-jersey
https://www.ubereats.com/new-jersey/food-delivery/burger-king-734-route-36-%26-union-avenue/Xeiod7ZeSWGUV5J5Ritdzw,union-beach-new-jersey
https://www.ubereats.com/new-jersey/food-delivery/carvel-1050-state-highway-%2334/rVRZ8h9UQPeBsHTfBXQc1w,union-beach-new-jersey
https://www.ubereats.com/new-jersey/food-delivery/saladworks-2136-state-highway-35-south/rtVwneoBShSmvcjJEtlkPA,union-beach-new-jersey
https://www.ubereats.com/new-jersey/food-delivery/burger-express/XwSwW22wQJ2ahu54xsQHkA,union-beach-new-jersey
https://www.ubereats.com/new-jersey/food-delivery/carvel-ice-cream-1362-state-route-36/e6VzTE3LQFOyebk6ENf0ow,union-beach-new-jersey
https://www.ubereats.com/new-jersey/food-delivery/dunkin-351d-matawan-rd/kfqplck1RY6YDqyoCleGlQ,union-beach-new-jersey
https://www.ubereats.com/new-jersey/food-delivery/honey-baked-ham-middletown/zXhPZO_aQpmmgx9gkMZV4Q,union-beach-new-jersey
https://www.ubereats.com/new-jersey/food-delivery/kfc-1100-route-9-south/kslzHV8-QnSOpXZK_956Zg,union-beach-new-jersey
https://www.ubereats.com/new-jersey/food-delivery/taco-bell-125-state-route-34/oqXxPjvwTWqN8NfMjzLAdQ,union-beach-new-jersey
https://www.ubereats.com/new-jersey/food-delivery/subway-304-main-st/B73kDUrjTVGLfGmvri3wYg,union-beach-new-jersey
https://www.ubereats.com/new-jersey/food-delivery/planet-bagel/FhwYBlFtQbajzpgBO96rcA,union-beach-new-jersey
https://www.ubereats.com/new-jersey/food-delivery/sisters-seafood/tepYOSvsTaSuCRWejk1qKQ,union-beach-new-jersey
https://www.ubereats.com/new-jersey/food-delivery/taste-of-jamaica-1/18nHw2bkRJ6MSusGRQdIkQ,union-beach-new-jersey
https://www.ubereats.com/new-jersey/food-delivery/carvel-46-leonardville-rd/VthQddL2TgCHJXS9k6MNDA,union-beach-new-jersey
https://www.ubereats.com/new-jersey/food-delivery/frutta-bowls/R3R9loC-SJaR4-zo4E4qWg,union-beach-new-jersey
https://www.ubereats.com/new-jersey/food-delivery/the-ice-cream-shop/suPrM2OeRkaDsonBzyuEJA,union-beach-new-jersey
https://www.ubereats.com/new-jersey/food-delivery/ciro-pizza-cafe/jmJNdXbmRL6XE9_ycZ97rA,union-beach-new-jersey
https://www.ubereats.com/new-jersey/food-delivery/perkins-family-restaurant/eVrdu3WFQUiz7RoRoZgkqw,union-beach-new-jersey
https://www.ubereats.com/new-jersey/food-delivery/pasquallys-pizza-%26-wings-1107-route-35/21JVYlTVTkCq7P66eR-mGw,union-beach-new-jersey
https://www.ubereats.com/new-jersey/food-delivery/174-applebees-middletown/PhqKJe-MSRCu0p3lEbOyag,union-beach-new-jersey
https://www.ubereats.com/new-jersey/food-delivery/greek-eats/mKhbZyk2SGiCJl22nw-U3g,union-beach-new-jersey
https://www.ubereats.com/new-jersey/food-delivery/hummus-%26-pita-co/Ss5GqkqjSVquIlrHHRSycw,union-beach-new-jersey
https://www.ubereats.com/new-jersey/food-delivery/slaters-deli-and-caterers/bAl7z_8bTfyOpKiO5s4Eig,union-beach-new-jersey
https://www.ubereats.com/new-jersey/food-delivery/doughology/CiQ3nup1Qau7t2fncOgUSQ,union-beach-new-jersey
https://www.ubereats.com/new-jersey/food-delivery/frutta-bowls/t4Jl1O0mQkargftxRnq76A,union-beach-new-jersey
https://www.ubereats.com/new-jersey/food-delivery/barbs-big-burritos/B8l0BUllT4qBnXilo5hD-g,union-beach-new-jersey
https://www.ubereats.com/new-jersey/food-delivery/hamburger-pattys/9fKWwHjBT4CGyOOgNju0lw,union-beach-new-jersey
https://www.ubereats.com/new-jersey/food-delivery/goodfellows-pizza-and-italian-specialties-parlin/nUms51JAS2i25dFIpFsXUg,union-beach-new-jersey
https://www.ubereats.com/new-jersey/food-delivery/starbucks-rte-35-middletown/_n_71c5jRfGYp3IuADJ44g,union-beach-new-jersey
https://www.ubereats.com/new-jersey/food-delivery/dunkin-103-leonardville-rd/K9JVyTw0SKuKdWmWPM5sUA,union-beach-new-jersey
https://www.ubereats.com/new-jersey/food-delivery/dunkin-952-state-route-34/pCLlgy2sQ1yhzoU5g-iHkw,union-beach-new-jersey
https://www.ubereats.com/new-jersey/food-delivery/burger-king-highway-36-and-west-avenue/FtdEIf0fQICxgWG0lVd7SQ,union-beach-new-jersey
https://www.ubereats.com/new-jersey/food-delivery/rico-taco-mex/edocPV4LSSylDHRlbjHHsg,union-beach-new-jersey
https://www.ubereats.com/new-jersey/food-delivery/dunkin-107-route-35/_7r30bThQbe071vbwFYsyA,union-beach-new-jersey
https://www.ubereats.com/new-jersey/food-delivery/lucky-7-deli/90k47vb4SMS2xNoMXkqacw,union-beach-new-jersey
https://www.ubereats.com/new-jersey/food-delivery/la-strada-pizza/dq48EKLgSGG3tq9dw_DmoQ,union-beach-new-jersey
https://www.ubereats.com/new-jersey/food-delivery/tstbbq/fuA4DyhcS0O_5694TjPFIg,union-beach-new-jersey
https://www.ubereats.com/new-jersey/food-delivery/royal-indian-restaurant/3qtaztvDSKyWl7_pOeYtfQ,union-beach-new-jersey
https://www.ubereats.com/new-jersey/food-delivery/vibe-tap-%26-grill/1WuxUzhsQSK66KRFeujX2Q,union-beach-new-jersey
https://www.ubereats.com/new-jersey/food-delivery/aes-thai-%26-bbq/TIZJ94KwRBa8wtH-iUyocQ,union-beach-new-jersey
https://www.ubereats.com/new-jersey/food-delivery/subway-3042-route-35-south/j3Ej_dEvRTS09QVxXyak7g,union-beach-new-jersey
https://www.ubereats.com/new-jersey/food-delivery/rico-taco-mex-2/eCe52DvaSguXYtVa9RQkdA,union-beach-new-jersey
https://www.ubereats.com/new-jersey/food-delivery/meemoms-middletown/ZoKMfPpMS2afhX_ems775Q,union-beach-new-jersey
https://www.ubereats.com/new-jersey/food-delivery/big-m-bbq/MwHEt_I1SqCXGyC_0WdzVw,union-beach-new-jersey
https://www.ubereats.com/new-jersey/food-delivery/ocean-bay-diner/zAzxHGDLTeqV_sTqoRLyKg,union-beach-new-jersey
https://www.ubereats.com/new-jersey/food-delivery/philly-pretzel-factory/m8XYrnu6S1KG6wdF9lwpcg,union-beach-new-jersey
https://www.ubereats.com/new-jersey/food-delivery/panda-house/6b9HDzc7TemJINgB2YF3ww,union-beach-new-jersey
https://www.ubereats.com/new-jersey/food-delivery/ichiban-holmdel/PB4EvqiyS6e-tUX8zElLSA,union-beach-new-jersey
https://www.ubereats.com/new-jersey/food-delivery/vibe-tap-%26-grill/EaTBwq6zRhi38H_vD-fayQ,union-beach-new-jersey
https://www.ubereats.com/new-jersey/food-delivery/sonic-drive-in-1511-state-route-35/dwaVGSWqS1Km_b9GdK9f7A,union-beach-new-jersey
https://www.ubereats.com/new-jersey/food-delivery/starbucks-aberdeen-rte-34/oJPGC6VKSMCnXkEzjn2GJg,union-beach-new-jersey
https://www.ubereats.com/new-jersey/food-delivery/ono-korean-barbeque/sj4BxkZ8Q-CqRbtcf8MJ2g,union-beach-new-jersey
https://www.ubereats.com/new-jersey/food-delivery/glendas-kitchen/Z_WWPfwSSOyWud-aqIfhzg,union-beach-new-jersey
https://www.ubereats.com/new-jersey/food-delivery/stewarts-root-beer/WzmxijtFRYWIhN8e-6Kqqw,union-beach-new-jersey
https://www.ubereats.com/new-jersey/food-delivery/new-monmouth-diner/7wr_dPH-TKiyqCJBtD8-Ng,union-beach-new-jersey
https://www.ubereats.com/new-jersey/food-delivery/wendys-388-highway-35/ZJPtWfi8TXeWzgn1v2d59Q,union-beach-new-jersey
https://www.ubereats.com/new-jersey/food-delivery/taco-bell-366-convery-blvd/E19Q8W3vQeKjtsuCG8JCDw,union-beach-new-jersey
https://www.ubereats.com/new-jersey/food-delivery/mcdonalds-1108-nj-34/_24cRes4TQeiDkuNNKULJg,union-beach-new-jersey
https://www.ubereats.com/new-jersey/food-delivery/dunkin-171-main-st/eLa9zQV1ScmQv6CM6x4D6A,union-beach-new-jersey
https://www.ubereats.com/new-jersey/food-delivery/burger-king-858-highway-35/2BuXTaG8SJ23otLj5fVT5w,union-beach-new-jersey
https://www.ubereats.com/new-jersey/food-delivery/peters-crab-and-steakhouse/0LYZABI2RF6f5IBne3buFw,union-beach-new-jersey
https://www.ubereats.com/new-jersey/food-delivery/jersey-mikes-7-bayshore-plaza/t4LW5-YWQHOSoSGvHS-1PA,union-beach-new-jersey
https://www.ubereats.com/new-jersey/food-delivery/natures-plate-keyport/WZS2cvTMQfutmdAymcjeKQ,union-beach-new-jersey
https://www.ubereats.com/new-jersey/food-delivery/burger-king-940-us-highway-9/oY3nfdvYT26ErbxcQDEyog,union-beach-new-jersey
https://www.ubereats.com/new-jersey/food-delivery/bagel-factory-cafe/bvlAKdiQQ6mzynZt7WonoA,union-beach-new-jersey
https://www.ubereats.com/new-jersey/food-delivery/stewart-root-beer/0op5Xy-eQdq4taPHXGMB1w,union-beach-new-jersey
https://www.ubereats.com/new-jersey/food-delivery/singas-famous-pizza-parlin/LI8xDH53SaW454IkGqV4vw,union-beach-new-jersey
https://www.ubereats.com/new-jersey/food-delivery/lucky-7-tex-mex/IMgElwiUTUe8ZrU64Xy2bw,union-beach-new-jersey
https://www.ubereats.com/new-jersey/food-delivery/dunkin-318-lloyd-rd/DER9bNp4QF2rLLTofmCFXA,union-beach-new-jersey
https://www.ubereats.com/new-jersey/food-delivery/pieros-italian-restaurant/c6_0vCpSQMaAfebFVHscOw,union-beach-new-jersey
https://www.ubereats.com/new-jersey/food-delivery/jersey-mikes-subs-251-main-street/2TqZ_TQrRp6OIanW2Qraug,union-beach-new-jersey
https://www.ubereats.com/new-jersey/food-delivery/the-greek-spot-red-bank/_A8Qn1sFSdi_KTtH53Tzqg,union-beach-new-jersey
https://www.ubereats.com/new-jersey/food-delivery/ginkaku-japanese-bistro/cNPgqou-S9OXF5lu9cJawg,union-beach-new-jersey
https://www.ubereats.com/new-jersey/food-delivery/stevens-ave-deli-liquor/xcwBPNGVT0awA7AuCXAqkg,union-beach-new-jersey
https://www.ubereats.com/new-jersey/food-delivery/ihop-106-nj-36/uV4XqUw6Q6a_N97W2jjPUA,union-beach-new-jersey
https://www.ubereats.com/new-jersey/food-delivery/mi-tierra/NdLSkMshSsCFYaOLngc5iw,union-beach-new-jersey
https://www.ubereats.com/new-jersey/food-delivery/sipos-bakery/g_eqHWqRTBWvtBzSyjhVDg,union-beach-new-jersey
https://www.ubereats.com/new-jersey/food-delivery/old-glory-kitchen-%2B-spirits/YkNFta6zSlK7UZG5kdTb6g,union-beach-new-jersey
https://www.ubereats.com/new-jersey/food-delivery/simplygreek/srL-pYBZQ0aY1GmSEUjQ0w,union-beach-new-jersey
https://www.ubereats.com/new-jersey/food-delivery/dunkin-34-rt-9-north/UZnQpjUfSNaqzXEILTbsRA,union-beach-new-jersey
https://www.ubereats.com/new-jersey/food-delivery/haldi-chowk-authentic-indian-cuisine/7RqOOZvgQJ-XuuWD_7_6ew,union-beach-new-jersey
https://www.ubereats.com/new-jersey/food-delivery/jersey-mikes-2145-state-route-35/l9NsBbGbRnCPWWeoM-qutQ,union-beach-new-jersey
https://www.ubereats.com/new-jersey/food-delivery/joes-bagel-%26-grill-cliffwood/nM-Uj5zRRzOqlua8pPMrNg,union-beach-new-jersey
https://www.ubereats.com/new-jersey/food-delivery/middletown-pancake-house/3gMvOndEQ8Clvnqg3eeViw,union-beach-new-jersey
https://www.ubereats.com/new-jersey/food-delivery/wing-hing-chinese-restaurant/3Wu-VTYVTZm78hjlV8UExQ,union-beach-new-jersey
https://www.ubereats.com/new-jersey/food-delivery/wendys-1450-route-35/pQ_Qg4jsR0Ovrn4MpFyX6A,union-beach-new-jersey
https://www.ubereats.com/new-jersey/food-delivery/uncle-louie-g/GimqQiHNS_KYByuimU4lag,union-beach-new-jersey
https://www.ubereats.com/new-jersey/food-delivery/number-one-chinese-restaurant/Rfsep7kcTjKlBXKYBPXB6g,union-beach-new-jersey
https://www.ubereats.com/new-jersey/food-delivery/raise-the-bar/w1JP2ASMQvubH73sixv8_g,union-beach-new-jersey
https://www.ubereats.com/new-jersey/food-delivery/the-ice-cream-shop/5ffqxp4rTzWA62jgQ6cXXA,union-beach-new-jersey
https://www.ubereats.com/new-jersey/food-delivery/taco-bell-981-us-highway-9/GwtvN1Q-S7yqTM-hg960eQ,union-beach-new-jersey
https://www.ubereats.com/new-jersey/food-delivery/stewarts-root-beer/XwkGn5M6S8OK3H89mt4nzA,union-beach-new-jersey
https://www.ubereats.com/new-jersey/food-delivery/la-playa-restaurant/316Y5pnjSoGHB2xpbX2BdQ,union-beach-new-jersey
https://www.ubereats.com/new-jersey/food-delivery/wahoos-fish-taco-1157-hwy-35/7oplAVL9RZGWb1Y25cgd2w,union-beach-new-jersey
https://www.ubereats.com/new-jersey/food-delivery/dunkin-2055-route-35/rbEIVGFDThKmVUqemHGYqw,union-beach-new-jersey
https://www.ubereats.com/new-jersey/food-delivery/mcdonalds-31-20-route-35/C3RFLXQZQiC-3fzi182PGw,union-beach-new-jersey
https://www.ubereats.com/new-jersey/food-delivery/el-carbon-restaurant/Eh7cNxvdTOybCqKhS8yPTA,union-beach-new-jersey
https://www.ubereats.com/new-jersey/food-delivery/chuck-e-cheese-1107-route-35/Wf-BJ5e6QB-y0sG0YoKSqw,union-beach-new-jersey
https://www.ubereats.com/new-jersey/food-delivery/playa-bowls-2107-route-35-north/QoBQQD9cSPuG5mUaW-YmEA,union-beach-new-jersey
https://www.ubereats.com/new-jersey/food-delivery/kfc-2650-county-road-516/LWgth7YsQHW6i3Wq3L_IHA,union-beach-new-jersey
https://www.ubereats.com/new-jersey/food-delivery/the-burger-shop/JCoHLrkyQ_2nOghjaa9NWg,union-beach-new-jersey
https://www.ubereats.com/new-jersey/food-delivery/rivas-bbq/1mkoAtznS3y46TFXlPZocQ,union-beach-new-jersey
https://www.ubereats.com/new-jersey/food-delivery/pizzeria-de-leonardo/2D7osC7zSMyhiQjbFnplxA,union-beach-new-jersey
https://www.ubereats.com/new-jersey/food-delivery/cheeburger-cheeburger-2130-rte-35-s/GDFAFQQ8R76l8eaBVPrn_w,union-beach-new-jersey
https://www.ubereats.com/new-jersey/food-delivery/paulines-italian-cuisine/jzRsBt55RvSpYeSv5-Ql5Q,union-beach-new-jersey
https://www.ubereats.com/new-jersey/food-delivery/the-ice-cream-shop/JA6DX-R_QRCm08xnKwCbuQ,union-beach-new-jersey
https://www.ubereats.com/new-jersey/food-delivery/dairy-queen-treat-982-us-highway-9/V2bZ-uGISKWTT_Io6VFBcg,union-beach-new-jersey
https://www.ubereats.com/new-jersey/food-delivery/masala-grill/vGPAN_ZDSuKGq5RhsFb53w,union-beach-new-jersey
https://www.ubereats.com/new-jersey/food-delivery/main-street-deli-%26-grocery-240-main-st/I3kt3qAXR5OydDtWnZdSrQ,union-beach-new-jersey
https://www.ubereats.com/new-jersey/food-delivery/subway-1440-hwy-36/VBydErnpSJChmFIdYcqyCw,union-beach-new-jersey
https://www.ubereats.com/new-jersey/food-delivery/luigis-famous-pizza/PwzBoKH5Q7O7nVQMjm65lA,union-beach-new-jersey
https://www.ubereats.com/new-jersey/food-delivery/u-yee-sushi-%26-hibachi/O35qE_UbTz6BSzUtfAI5TA,union-beach-new-jersey
https://www.ubereats.com/new-jersey/food-delivery/nappys-food-store/iUGyOONLQ8OfVSB3uJGMlw,union-beach-new-jersey
https://www.ubereats.com/new-jersey/food-delivery/freshii-838-state-rte-35/pcBRKU9oSUOq69xO-Rq38g,union-beach-new-jersey
https://www.ubereats.com/new-jersey/food-delivery/amazing-bagel-parlin/xy_Zm8Y7ToeKQlBh-zMdxg,union-beach-new-jersey
https://www.ubereats.com/new-jersey/food-delivery/haldiwala/EvfKREu6Q6a29yPw4O90Hw,union-beach-new-jersey
https://www.ubereats.com/new-jersey/food-delivery/daves-hot-dogs/egN9lgo4SoK8Ex48kpIdGA,union-beach-new-jersey
https://www.ubereats.com/new-jersey/food-delivery/the-yellow-rose-diner/UUlv1LyYSNywOXKNToLbNg,union-beach-new-jersey
https://www.ubereats.com/new-jersey/food-delivery/outback-steakhouse-1397-us-highway-9/KcSYF3UcSHGPP7v586YNww,union-beach-new-jersey
https://www.ubereats.com/new-jersey/food-delivery/moes-1449-rte-35/znhSRYBVRPG7CRIDlUpgHA,union-beach-new-jersey
https://www.ubereats.com/new-jersey/food-delivery/normandie-bakery/nycl4BtySBaLl1NFakCSPA,union-beach-new-jersey
https://www.ubereats.com/new-jersey/food-delivery/dunkin-state-highway-36-%26-wilson-ave/ICAFKoUjQx-1mPEdHcaEUw,union-beach-new-jersey
https://www.ubereats.com/new-jersey/food-delivery/pasquales-pizzeria-iii/QMK-3iLyRfuSDHgli00M4Q,union-beach-new-jersey
https://www.ubereats.com/new-jersey/food-delivery/greens-%26-grains-middletown/fVwavZCdSaqxt0WBz2ePwg,union-beach-new-jersey
https://www.ubereats.com/new-jersey/food-delivery/mcdonaghs-pub/ikzdo4QHQl68_7trUaNZoA,union-beach-new-jersey
https://www.ubereats.com/new-jersey/food-delivery/shanghai-bun-restaurant/WX-kk0PPQti4jO3Uvv6ZSA,union-beach-new-jersey
https://www.ubereats.com/new-jersey/food-delivery/the-ice-cream-shop/UFDA6NOhS5u_djKcySu4zw,union-beach-new-jersey
https://www.ubereats.com/new-jersey/food-delivery/shanghai-noodle-house/sJUM51YbT_2BAETBCwJ-kg,union-beach-new-jersey
https://www.ubereats.com/new-jersey/food-delivery/kazia-raes-chicken-%26-bubble-tea/X4sporn5SwWMfa15LLkvDw,union-beach-new-jersey
https://www.ubereats.com/new-jersey/food-delivery/taco-bell-1185-highway-36/bK83WMYPR0GJgf7C0EGMVw,union-beach-new-jersey
https://www.ubereats.com/new-jersey/food-delivery/tgi-fridays-696-hazlet-nj/3b8hI1wvQEOhK_Uj_5gIEQ,union-beach-new-jersey
https://www.ubereats.com/new-jersey/food-delivery/bagel-talk/ULVGxur9TGKGv-lYgYcaKg,union-beach-new-jersey
https://www.ubereats.com/new-jersey/food-delivery/manhattan-bagel-sayreville/UfxCf6tVRBykB0OBWZm-Sw,union-beach-new-jersey
https://www.ubereats.com/new-jersey/food-delivery/mcdonalds-825-rt-36/r-4x344iSvCf_J_5XZy2Hw,union-beach-new-jersey
https://www.ubereats.com/new-jersey/food-delivery/burger-king-992-route-34/jDPxPFOTTBqj7mNUNers7A,union-beach-new-jersey
https://www.ubereats.com/new-jersey/food-delivery/local-smoke-bbq-red-bank/ORudU34iRQmuSG5oJYhMaQ,union-beach-new-jersey
https://www.ubereats.com/new-jersey/food-delivery/dunkin-route-36-%26-main-st/1I1D4SwbSguvLAQiSx059Q,union-beach-new-jersey
https://www.ubereats.com/new-jersey/food-delivery/outback-steakhouse-740-route-35-south/bZaRjRMYQnabAzo-PJE6xA,union-beach-new-jersey
https://www.ubereats.com/new-jersey/food-delivery/tgi-fridays-739-old-bridge-nj/UDvOw1DJT0ua5x8IucpaAQ,union-beach-new-jersey
https://www.ubereats.com/new-jersey/food-delivery/js-empanadas/SmFxMZzrT5y93RtZgHqAgQ,union-beach-new-jersey
https://www.ubereats.com/new-jersey/food-delivery/thai-shangri-la/K9qDTAReSF-Rpz97ukXyXg,union-beach-new-jersey
https://www.ubereats.com/new-jersey/food-delivery/jersey-mikes-subs-728-newman-springs-road/vvEUYaynS1mv437rbG6h-A,union-beach-new-jersey
https://www.ubereats.com/new-jersey/food-delivery/mcdonalds-rt-35-%26-amboy/5BOY2HLvQ0u97UfXsZWkWQ,union-beach-new-jersey
https://www.ubereats.com/new-jersey/food-delivery/dunkin-164-rte-34-n/Q11bx98-RVearrut4FVaBQ,union-beach-new-jersey
https://www.ubereats.com/new-jersey/food-delivery/panda-express-314-us-hwy-9-n/d_blFO9qSQiAx8OkvuLWjA,union-beach-new-jersey
https://www.ubereats.com/new-jersey/food-delivery/cold-stone-creamery-blimpie-2111-nj-35/-5SmbX9LQJi_Cc0Mnl5o7A,union-beach-new-jersey
https://www.ubereats.com/new-jersey/food-delivery/arirang-hibachi-steakhouse-parlin/bLjzK-NKRQ2g0pJ-dkbUBw,union-beach-new-jersey
https://www.ubereats.com/new-jersey/food-delivery/amazing-chicken/SGD2W7I3TkCRaCrwvCeDMQ,union-beach-new-jersey
https://www.ubereats.com/new-jersey/food-delivery/taqueria-los-gueros-new-brunswick-ave-nj/FY2aX7K4TNClnOMSwbBT8Q,union-beach-new-jersey
https://www.ubereats.com/new-jersey/food-delivery/turning-point-of-holmdel/bWPpVq56R_-62rNPVWZHnQ,union-beach-new-jersey
https://www.ubereats.com/new-jersey/food-delivery/sweetberry-bowls-matawan/o_kFstTsTraozwjWjcQG8A,union-beach-new-jersey
https://www.ubereats.com/new-jersey/food-delivery/kribs-bagel-bazaar-and-bakery/yFBrWJYbQJeJJ1MLnThxKA,union-beach-new-jersey
https://www.ubereats.com/new-jersey/food-delivery/ujs-asian-bistro/NwaCwavxTBytEu0ODFR3vw,union-beach-new-jersey
https://www.ubereats.com/new-jersey/food-delivery/starbucks-matawan/i9op5vgeThqawJFHZXXdzQ,union-beach-new-jersey
https://www.ubereats.com/new-jersey/food-delivery/bollywood-bistro/gF5g0aYrT4-xBJY7q6Yl2w,union-beach-new-jersey
https://www.ubereats.com/new-jersey/food-delivery/grill-36/PsIhnk6DQXS3vvzWAbCeZg,union-beach-new-jersey
https://www.ubereats.com/new-jersey/food-delivery/asian-express/gfU5iHmPSM6ofV93S00dpg,union-beach-new-jersey
