url,city
https://www.ubereats.com/st-louis/food-delivery/j-c-supper-club/QAifYmjMTYG9r-8BTYEMFg,university-city-missouri
https://www.ubereats.com/st-louis/food-delivery/panda-express-4400-hampton-ave/3P239nwaR6WG8Ye1BZys_Q,university-city-missouri
https://www.ubereats.com/st-louis/food-delivery/simba-ugandan-restaurant/W80BcsL0RqC3qFMxLdSc4w,university-city-missouri
https://www.ubereats.com/st-louis/food-delivery/papa-johns-12203-dorsett-road/Oa_0jrSwRauLmIodq9r4VQ,university-city-missouri
https://www.ubereats.com/st-louis/food-delivery/pokedoke-central-west-end/e9JpTFE4RgeQ0AQcsI4oyA,university-city-missouri
https://www.ubereats.com/st-louis/food-delivery/sunny-street-cafe-des-peres/uypAKJvbT-2yR1f4xe3Yhw,university-city-missouri
https://www.ubereats.com/st-louis/food-delivery/ihop-5-n-highway-67/PxBAx_IgQWW19WDIJi1h7g,university-city-missouri
https://www.ubereats.com/st-louis/food-delivery/ms-piggies-smokehouse/4YzyTPnHSt2B03bpaEEtcw,university-city-missouri
https://www.ubereats.com/st-louis/food-delivery/brio-1601-south-lindbergh-blvd/zP6XtkaWSKuECvLFChHvQw,university-city-missouri
https://www.ubereats.com/st-louis/food-delivery/bawarchi-indian-cuisine/U4t-BYi7Sgy-JdhVw2VLWA,university-city-missouri
https://www.ubereats.com/st-louis/food-delivery/thai-orchid/yINF6UXMTpSP5iNBxmt9Vg,university-city-missouri
https://www.ubereats.com/st-louis/food-delivery/prime-55-restaurant-and-lounge/zzgkWdXMSKu_nX0JdYP5Tg,university-city-missouri
https://www.ubereats.com/st-louis/food-delivery/long-john-silvers-1230-graham-rd/hmvRyIKxQGma56KTuRoo8w,university-city-missouri
https://www.ubereats.com/st-louis/food-delivery/qdoba-mexican-grill-3100-s-grand-blvd-ste-f/VWv6_qSCSSSfHz1jFtlBoA,university-city-missouri
https://www.ubereats.com/st-louis/food-delivery/3-bay-bbq-%26-bakery/EdMEnGEYSnCmM45xsKjqRQ,university-city-missouri
https://www.ubereats.com/st-louis/food-delivery/potbelly-sandwich-shop-11615-olive-blvd/lRO11HnDRvCgppJmYJsFYw,university-city-missouri
https://www.ubereats.com/st-louis/food-delivery/ocha-thai-and-japanese-cuisine/voGbVENjSK6Kdj0FNy5KBQ,university-city-missouri
https://www.ubereats.com/st-louis/food-delivery/ichiban-sushi-bar-japanese-restaurant/4bohdBjqRBi4RXugYELgog,university-city-missouri
https://www.ubereats.com/st-louis/food-delivery/papa-johns-417-s-florissant-rd/Aa5X2vjQR2mKoihSNSbMeA,university-city-missouri
https://www.ubereats.com/st-louis/food-delivery/dairy-queen-grill-%26-chill-2678-n-hwy-67/eHb5WPPKS6yzyQQeH2GsHA,university-city-missouri
https://www.ubereats.com/st-louis/food-delivery/subjay-bbq/f9Y7TD0iS-WHGdEeQHWzig,university-city-missouri
https://www.ubereats.com/st-louis/food-delivery/grassis-ristorante-and-deli/KB7b2MF7SkG-GIf7jRwAQg,university-city-missouri
https://www.ubereats.com/st-louis/food-delivery/five-guys-mo-0481-790-north-new-ballas-rd/JNli_rhZSQuK1wAVgzwWQA,university-city-missouri
https://www.ubereats.com/st-louis/food-delivery/white-castle-716-n-kingshighway-blvd/h940S64eS9uY0r6nVFpm9A,university-city-missouri
https://www.ubereats.com/st-louis/food-delivery/steak-n-shake-10459-page-avenue/veg0lfCMTJS-9umqqD5kIw,university-city-missouri
https://www.ubereats.com/st-louis/food-delivery/the-lou-eats-%26-drinks/j3-zJo2WQye8brxS4aQVUg,university-city-missouri
https://www.ubereats.com/st-louis/food-delivery/toms-bar-and-grill/vWziuQ-yTvaAKlNHfnrS2g,university-city-missouri
https://www.ubereats.com/st-louis/food-delivery/arbys-7242/6NdavB2CQEuwvTcnwEK6AQ,university-city-missouri
https://www.ubereats.com/st-louis/food-delivery/steak-n-shake-1253-hampton-avenue/BHTyvm5YRBWJDmzYiC5L3g,university-city-missouri
https://www.ubereats.com/st-louis/food-delivery/barcelona-tapas-restaurant-saint-louis/fpvY7CFyTFO10Q2iPDzg6g,university-city-missouri
https://www.ubereats.com/st-louis/food-delivery/rallys-9651-natural-bridge-road/xwbZ22u2QjewGeAkRTYL7A,university-city-missouri
https://www.ubereats.com/st-louis/food-delivery/top-flow-bar-%26-grill/rkPnHCZJRh-lNR1IWCxhag,university-city-missouri
https://www.ubereats.com/st-louis/food-delivery/five-guys-mo-4019-1778-s-hanley-rd/UqqDl3ZET6iMmb_tEguPAw,university-city-missouri
https://www.ubereats.com/st-louis/food-delivery/art-market-%26-grill/e6MmPPW_QOuT6iiHF3xYzw,university-city-missouri
https://www.ubereats.com/st-louis/food-delivery/copia-clayton/BcuIrb62S-u1Ml4GEJDSiA,university-city-missouri
https://www.ubereats.com/st-louis/food-delivery/jack-in-the-box-11122-saint-charles-rock-rd/WVCA9HZwRESOmTfsOxmu-Q,university-city-missouri
https://www.ubereats.com/st-louis/food-delivery/milque-toast-bar/Qk3HSjjlRf2Rf9n8DjNyMA,university-city-missouri
https://www.ubereats.com/st-louis/food-delivery/ghetto-gourmet/tEp7s8Z8QvyFzdIpF_UTjw,university-city-missouri
https://www.ubereats.com/st-louis/food-delivery/smoothie-king-9793-clayton-rd/btgfglelQIyfsNTQ9Gp5ZA,university-city-missouri
https://www.ubereats.com/st-louis/food-delivery/you-gotta-eat-here/4YzIYzicQMatccyqhnSuRQ,university-city-missouri
https://www.ubereats.com/st-louis/food-delivery/blue-box-pizza/PqwlHTAkSCGjjYyKahAeJQ,university-city-missouri
https://www.ubereats.com/st-louis/food-delivery/gringo/5dqdws0ORQeTebdFPU1qaA,university-city-missouri
https://www.ubereats.com/st-louis/food-delivery/california-pizza-kitchen-1493-st-louis-galleria/vnnwkXMOSteUsAJIjHv0Tw,university-city-missouri
https://www.ubereats.com/st-louis/food-delivery/rearn-thai/cArfYfuVRIOFqDlW-6iC2g,university-city-missouri
https://www.ubereats.com/st-louis/food-delivery/mcdonalds-7259-watson-rd/EkU0fv3USJ-08Thv9RMzgQ,university-city-missouri
https://www.ubereats.com/st-louis/food-delivery/bluenote-sports-bar-%26-grille/RaZaIbJtTDiifL9GIgd1-A,university-city-missouri
https://www.ubereats.com/st-louis/food-delivery/churchs-chicken-7215-natural-bridge-road/VPd20FYjQJO8fTAVRqL2Zg,university-city-missouri
https://www.ubereats.com/st-louis/food-delivery/jillys-cupcake-bar/U8n8_RLZQROavBt9HrD1fQ,university-city-missouri
https://www.ubereats.com/st-louis/food-delivery/hotshots-sports-bar-%26-grill/BYxku0WjRSqfWazQ-HO06Q,university-city-missouri
https://www.ubereats.com/st-louis/food-delivery/mcdonalds-8860-st-charles-rock-road/mVINReoXTKyB-oOHHmtOMg,university-city-missouri
https://www.ubereats.com/st-louis/food-delivery/taco-bell-10426-page-ave/V5Di-nMiQ6m4Hulm8ref4Q,university-city-missouri
https://www.ubereats.com/st-louis/food-delivery/king-grill-n-grand-blvd/O1oh450gR5m8RWPzzC3CHQ,university-city-missouri
https://www.ubereats.com/st-louis/food-delivery/red-lobster-12235-saint-charles-rock-rd/GIDlcw-aRE6obb9RO9ZC_w,university-city-missouri
https://www.ubereats.com/st-louis/food-delivery/original-js-tex-mex-bbq/FFwTFDnwTQG38C53UVtAVQ,university-city-missouri
https://www.ubereats.com/st-louis/food-delivery/ocean-grill-stl/TvjtFHXuS-eQR05aa7-8XQ,university-city-missouri
https://www.ubereats.com/st-louis/food-delivery/chipotle-mexican-grill-1-n-central-ave/Xg72g_krQBONAN_dvmYfXw,university-city-missouri
https://www.ubereats.com/st-louis/food-delivery/fit-flavors-eager-rd/2YFMyZJ-TOuHKt8WKGo-KA,university-city-missouri
https://www.ubereats.com/st-louis/food-delivery/jets-pizza-12532-olive-blvd/aQ9YdxHlQ3m3uI4pgLXj0g,university-city-missouri
https://www.ubereats.com/st-louis/food-delivery/cracker-barrel-old-country-store-10915-new-halls-ferry-rd/h9SiGYWPRfaw8qaAi8q0YQ,university-city-missouri
https://www.ubereats.com/st-louis/food-delivery/hooties-burger-bar-100-north-seventh-street/XJIzfZJ1Tq2K18XvOff3aw,university-city-missouri
https://www.ubereats.com/st-louis/food-delivery/dos-reyes-mexican-restaurant/_EZlzpq-TxW3EphdsAjDfQ,university-city-missouri
https://www.ubereats.com/st-louis/food-delivery/john-viviano-%26-sons-inc/8EnhP-YnRpqWmyCnR0gSrw,university-city-missouri
https://www.ubereats.com/st-louis/food-delivery/al-tarboush-deli/avCJ99WaSDW576H1h-6WZw,university-city-missouri
https://www.ubereats.com/st-louis/food-delivery/firehouse-subs-38-hampton-village-plaza/xUw5RFLyT2WtI_pHOR6bIw,university-city-missouri
https://www.ubereats.com/st-louis/food-delivery/barg-continental-restaurant/ASA_zkiGSierErqlYPRLeg,university-city-missouri
https://www.ubereats.com/st-louis/food-delivery/seoul-taco-delmar/7dq1eebvQe6zeU4J-EXhMg,university-city-missouri
https://www.ubereats.com/st-louis/food-delivery/jack-in-the-box-158-howdershell/uJmIsk4tSAiJvfhHcgrh-w,university-city-missouri
https://www.ubereats.com/st-louis/food-delivery/the-dubliner/H7n-3G9mT72nBlB4ukIe7Q,university-city-missouri
https://www.ubereats.com/st-louis/food-delivery/el-maguey-mexican-restaurant/yCyg9dqmROaeOGXJ206I4A,university-city-missouri
https://www.ubereats.com/st-louis/food-delivery/sharpshooter-pit-and-grill/7yw4Qk1oR0ybNvAJi1XmIw,university-city-missouri
https://www.ubereats.com/st-louis/food-delivery/mcalisters-1379-3200-b-laclede-station-road/gx3wNsBhSjapaZa48b_xxg,university-city-missouri
https://www.ubereats.com/st-louis/food-delivery/alis-steak-fish-and-chicken/a24nCJVTTyuksU23veagQA,university-city-missouri
https://www.ubereats.com/st-louis/food-delivery/john-p-fields/V2CJfxCDTKu49dhOcgzqDQ,university-city-missouri
https://www.ubereats.com/st-louis/food-delivery/st-louis-gyros-manchester/XTvjKulsTtyqQ2SGs1xnaQ,university-city-missouri
https://www.ubereats.com/st-louis/food-delivery/bloom-cafe/MD5bS-0-SVan9R95F5hgqA,university-city-missouri
https://www.ubereats.com/st-louis/food-delivery/applebees-11950-olive-blvd/eEshwpqHS1-cMDpUb6O1hA,university-city-missouri
https://www.ubereats.com/st-louis/food-delivery/szechuan-cuisine/cqNoQWqgRpKrGt67U2QC6g,university-city-missouri
https://www.ubereats.com/st-louis/food-delivery/edgewild-bistro-%26-tap-creve-coeur/UxTe4smDQQiLeR2_fKlWBA,university-city-missouri
https://www.ubereats.com/st-louis/food-delivery/johnnys-food-mart/POspzGHdR2qrBLPHbzy5ig,university-city-missouri
https://www.ubereats.com/st-louis/food-delivery/jets-pizza-234-w-lockwood-ave/9sz51Kt6QXOZxXu0DvKVeQ,university-city-missouri
https://www.ubereats.com/st-louis/food-delivery/boston-market-6690-clayton-rd/jaKhnG43TfadSnnlzn1A8Q,university-city-missouri
https://www.ubereats.com/st-louis/food-delivery/subway-7744-forsyth-blvd/cAqEW4_BT-yDxXNB-fPNxQ,university-city-missouri
https://www.ubereats.com/st-louis/food-delivery/mcdonalds-9815-manche-ster-rd/M0tY0RvDQnmULHvbX22R1g,university-city-missouri
https://www.ubereats.com/st-louis/food-delivery/the-blue-elephant-restaurant/AUqy_RJXQxaolBVB74O5LA,university-city-missouri
https://www.ubereats.com/st-louis/food-delivery/cecil-whittakers-pizzeria/nd5RktveShu6E79UdEEAqA,university-city-missouri
https://www.ubereats.com/st-louis/food-delivery/smoothie-king-13275-manchester-rd/aKhk23YPQLWUb5ofvhmnlA,university-city-missouri
https://www.ubereats.com/st-louis/food-delivery/house-of-wong/ZJvEgctIQW6VJ6s_8Xg7VA,university-city-missouri
https://www.ubereats.com/st-louis/food-delivery/white-castle-3524-n-kings-highway-blvd/5GOnq5sqRVuB_TwIB8u1nA,university-city-missouri
https://www.ubereats.com/st-louis/food-delivery/mellow-mushroom-3811-s-lindbergh-blvd/MExjIqtNS4CCe6yj3h2_Jg,university-city-missouri
https://www.ubereats.com/st-louis/food-delivery/ihop-ferry/XGydHfzVRTuO60Dhf2ZNnA,university-city-missouri
https://www.ubereats.com/st-louis/food-delivery/starbucks-olive-%26-price/OzCXcGWeQFO5fAeaUi3yIg,university-city-missouri
https://www.ubereats.com/st-louis/food-delivery/long-john-silvers-3267-hampton-ave/Hsap_TZZQt-vveKRj7yy4w,university-city-missouri
https://www.ubereats.com/st-louis/food-delivery/sanctuaria/UgblvmEgQJOdF6ORIXQDKA,university-city-missouri
https://www.ubereats.com/st-louis/food-delivery/three-of-a-kind-bar/GrcTUDNJTQSb6gnf3iXZ2Q,university-city-missouri
https://www.ubereats.com/st-louis/food-delivery/ruths-chris-steak-house-315-chestnut-st/6GMuvDdxTDuis_9zEmczQw,university-city-missouri
https://www.ubereats.com/st-louis/food-delivery/rallys-305-n-vandeventer/nxOvBstJQ4mhCjEh6DQpSQ,university-city-missouri
https://www.ubereats.com/st-louis/food-delivery/starbucks-manchester-%26-mcknight/biaCEpmCT1yrwCAn1doEqg,university-city-missouri
https://www.ubereats.com/st-louis/food-delivery/first-watch-des-peres/shJ8jJB2Q8-VIeuF9dFODg,university-city-missouri
https://www.ubereats.com/st-louis/food-delivery/white-castle-9301-natural-bridge-rd/iFP-8t3VSCal-K0ZFIvkug,university-city-missouri
https://www.ubereats.com/st-louis/food-delivery/las-palmas-mexican-restaurant/Kd1muRe4RYOAvfiBIemsyA,university-city-missouri
https://www.ubereats.com/st-louis/food-delivery/applebees-2301-maplewood-commons-dr/GTzEo6Q5Rc2Qo6nrWtgJMw,university-city-missouri
https://www.ubereats.com/st-louis/food-delivery/seoul-taco-chouteau-ave/hPlDD1qJTbuUeAsME7Wh1A,university-city-missouri
https://www.ubereats.com/st-louis/food-delivery/auntie-annes-777-casino-center-rd/d2xWIxTVT7qnZ_KUV50E_Q,university-city-missouri
https://www.ubereats.com/st-louis/food-delivery/texas-de-brazil-richmond-heights/wGVnKVIGTlGIA-zMCmWZ5w,university-city-missouri
https://www.ubereats.com/st-louis/food-delivery/chipotle-mexican-grill-1500-s-hanley-rd/Nv-eO2PEQGeYuUNYRc6-nA,university-city-missouri
https://www.ubereats.com/st-louis/food-delivery/tani-sushi-bistro/U1kr5Ul_QHKFzGYoN1Qt6w,university-city-missouri
https://www.ubereats.com/st-louis/food-delivery/bob-evans-216-3583-pennridge-drive/7IQQpqxER9OVQfCkcydPdA,university-city-missouri
https://www.ubereats.com/st-louis/food-delivery/euclid-market-and-grill/3KudJus7QRO6GJOzQOHocw,university-city-missouri
https://www.ubereats.com/st-louis/food-delivery/hardees-1500508/84qDPgE9SF-Ib0NZDx3g0g,university-city-missouri
https://www.ubereats.com/st-louis/food-delivery/papa-johns-8209-north-lindbergh-boulevard/ds-xy0WWS6m0yDn015oEfA,university-city-missouri
https://www.ubereats.com/st-louis/food-delivery/hooties-burger-bar-2765-north-highway-67/8MnogltrTwWLZUEg6OOqhw,university-city-missouri
https://www.ubereats.com/st-louis/food-delivery/rallys-10334-page-avenue/BODX4F_ZRvCOaOIZFHsU-A,university-city-missouri
https://www.ubereats.com/st-louis/food-delivery/panda-express-101-highlands-blvd/NAe65KBGQT2YWwQNmgSx9Q,university-city-missouri
https://www.ubereats.com/st-louis/food-delivery/papa-johns-9800-manchester-rd/1lVls5C0R6yrnnBZa-yPFg,university-city-missouri
https://www.ubereats.com/st-louis/food-delivery/hooters-11835-lackland-rd/0ynp8CVhQ5aJzoYW1gTWtw,university-city-missouri
https://www.ubereats.com/st-louis/food-delivery/papa-johns-8107-olive-boulevard/SpR1TDUUQmef3ou7Fao14w,university-city-missouri
https://www.ubereats.com/st-louis/food-delivery/jack-in-the-box-11830-lusher-rd/cAe_2QtzSyq5WR7N-4e-6A,university-city-missouri
https://www.ubereats.com/st-louis/food-delivery/starbucks-west-port-plaza-st-louis/0_a2veRgRRyGvqot_oNoDQ,university-city-missouri
https://www.ubereats.com/st-louis/food-delivery/kfc-7500-big-bend-boulevard/HTAHUFf_QKO9fHHTooM1Gw,university-city-missouri
https://www.ubereats.com/st-louis/food-delivery/kfc-4071-union-road/w2dCBHC3Qvi2ruD1XKPJUg,university-city-missouri
https://www.ubereats.com/st-louis/food-delivery/king-and-i-thai/gTrN1y7bTmujf-kWbJFg1A,university-city-missouri
https://www.ubereats.com/st-louis/food-delivery/ben-%26-jerrys-6380-delmar-blvd/oCSlfcwiTH2kSAuKH69T0A,university-city-missouri
https://www.ubereats.com/st-louis/food-delivery/rallys-4949-natural-bridge/ZWMNQtkkT3ySzc25apnVpQ,university-city-missouri
https://www.ubereats.com/st-louis/food-delivery/hot-box-cookies-euclid/QvKTsYAFRnGNOFf02qQ6iw,university-city-missouri
https://www.ubereats.com/st-louis/food-delivery/subway-8424-eager-rd/jCTis-AmSl-55f6tvhRX4w,university-city-missouri
https://www.ubereats.com/st-louis/food-delivery/steak-n-shake-8609-watson-road/yayf_ZXISUGqm2bNoB0SXQ,university-city-missouri
https://www.ubereats.com/st-louis/food-delivery/rootbound/TW_hygriQwGYp48QmGjZzw,university-city-missouri
https://www.ubereats.com/st-louis/food-delivery/starbucks-delmar-loop/fWPVP8jRTguO_BRZMpqCig,university-city-missouri
https://www.ubereats.com/st-louis/food-delivery/great-american-cookies-1495-saint-louis-galleria/lrWupVRBQdWhBt5BsZt4NA,university-city-missouri
https://www.ubereats.com/st-louis/food-delivery/dennys-5789-campus-pkwy/PtDv0OhCTViiw1alopBUJg,university-city-missouri
https://www.ubereats.com/st-louis/food-delivery/poke-doke-delmar-loop/fmUdBEVLQ9yoYZ0vxn9oeA,university-city-missouri
https://www.ubereats.com/st-louis/food-delivery/mcdonalds-4979-natural-bridge-rd/A6P5xFMSR7mLvW4qlcJfZw,university-city-missouri
https://www.ubereats.com/st-louis/food-delivery/i-love-mr-sushi/eNFmVAQsQyCbq2WBkEicFQ,university-city-missouri
https://www.ubereats.com/st-louis/food-delivery/krab-kingz-seafood-watson-rd/pTEaNJCOQla3iqCm8XZXKA,university-city-missouri
https://www.ubereats.com/st-louis/food-delivery/panda-express-188-west-county-center/nL0oG0ynS0Wtwx7057VABg,university-city-missouri
https://www.ubereats.com/st-louis/food-delivery/ofure-palace/5JSNQY0UR7SyXwSQly6m4w,university-city-missouri
https://www.ubereats.com/st-louis/food-delivery/starbucks-kirkwood-pioneer-place/XIzpNvFdRzi8il8IXD-m4Q,university-city-missouri
https://www.ubereats.com/st-louis/food-delivery/flemings-prime-steakhouse-%26-wine-bar-st-louis/H6zpYw7ZSU2nAoMPF11CZw,university-city-missouri
https://www.ubereats.com/st-louis/food-delivery/starbucks-lindbergh-%26-st-charles-rock-rd/HxuhuYJgTk-RsXbM93gROQ,university-city-missouri
https://www.ubereats.com/st-louis/food-delivery/jack-in-the-box-4595-washington-st/gi5vEpfZQuC2u7hyW_Egow,university-city-missouri
https://www.ubereats.com/st-louis/food-delivery/lemmons/AhvpROsTT0C_DxHMYbDH9w,university-city-missouri
https://www.ubereats.com/st-louis/food-delivery/el-mexiquense-restaurant/ppIFndGPRpeDAHiji8eMHg,university-city-missouri
https://www.ubereats.com/st-louis/food-delivery/arbys-8368/a4-sVtkrREygTYcEFzFVYg,university-city-missouri
https://www.ubereats.com/st-louis/food-delivery/kimchi-guys/dTp7nRIwTzqgLoxnSQHgig,university-city-missouri
https://www.ubereats.com/st-louis/food-delivery/twin-oak-wood-fired-pizza-and-bbq/LRVJBuNSSw2oNTuJmdEucQ,university-city-missouri
https://www.ubereats.com/st-louis/food-delivery/first-watch-creve-coeur/423GXLUnQO6OG1HsHSEYJw,university-city-missouri
https://www.ubereats.com/st-louis/food-delivery/tropical-smoothie-cafe-159-carondelet-plaza/lUF1nP0wQZmx8fgL1nvchA,university-city-missouri
https://www.ubereats.com/st-louis/food-delivery/mauhaus-cafe/n0o5tIolRy2Ut2Wx5yMbUQ,university-city-missouri
https://www.ubereats.com/st-louis/food-delivery/the-slice-stl/p7vtDqTQSHqNQuN5Go1gFw,university-city-missouri
https://www.ubereats.com/st-louis/food-delivery/steak-n-shake-9550-natural-bridge/4I2ZdFtsRqO9OzQBu3YSLQ,university-city-missouri
https://www.ubereats.com/st-louis/food-delivery/mcdonalds-12680-dorsett-rd/qI9go76aR3qaRuDVLXK4ng,university-city-missouri
https://www.ubereats.com/st-louis/food-delivery/moms-kitchen-goodfellow-blvd/cHWk4ZxBQ4GKbp22Yp5x1A,university-city-missouri
https://www.ubereats.com/st-louis/food-delivery/dairy-queen-grill-%26-chill-5409-hampton-ave/3TcZaqOfSM-4unm36VtqUg,university-city-missouri
https://www.ubereats.com/st-louis/food-delivery/papa-johns-8043-watson-road/8HabYKfSQZuC6jaAlfuyDw,university-city-missouri
https://www.ubereats.com/st-louis/food-delivery/noodles-%26-company-1624-south-hanley-road/KQR7ivyIRp6DZCQiQQuGAA,university-city-missouri
https://www.ubereats.com/st-louis/food-delivery/irie-eats-jamaican-restaurant/iy7739CmQWqShCkKLghGGQ,university-city-missouri
https://www.ubereats.com/st-louis/food-delivery/mix-grill-%26-wings/5Ure5SZWTx6oGPgwSAAm3A,university-city-missouri
https://www.ubereats.com/st-louis/food-delivery/bristol-seafood-grill-11801-olive-blvd/Qo6jzKo6TWGMEubtrY8TNQ,university-city-missouri
https://www.ubereats.com/st-louis/food-delivery/fit-flavors-olive-blvd/LVLr7b9-TaqUJ7Cg2qyk2Q,university-city-missouri
https://www.ubereats.com/st-louis/food-delivery/taste-of-lebanon/JoUZ-T5lT5GNnDFSgutoVg,university-city-missouri
https://www.ubereats.com/st-louis/food-delivery/strange-donuts/HEaXZCXTRKWn3I-yTFm1Rw,university-city-missouri
https://www.ubereats.com/st-louis/food-delivery/mandarin-house/t2PF36X2SAa2zje1-qvwaA,university-city-missouri
https://www.ubereats.com/st-louis/food-delivery/pops-kitchen/epAGXpdBRDqK33DRx4UWXg,university-city-missouri
https://www.ubereats.com/st-louis/food-delivery/qdoba-mexican-grill-2001-maplewood-commons-dr-ste-5/PuKa248TSPqS43NwhNgR_A,university-city-missouri
https://www.ubereats.com/st-louis/food-delivery/bonos-pizzeria/5v_UCThzQpaukVsESxnATA,university-city-missouri
https://www.ubereats.com/st-louis/food-delivery/mod-pizza-maryland-heights/5ZbXuoBeQ0C-4rMJNthlHg,university-city-missouri
https://www.ubereats.com/st-louis/food-delivery/burger-king-1200-south-brentwood-blvd/DBY9_x-UQTu1I_nweTN78w,university-city-missouri
https://www.ubereats.com/st-louis/food-delivery/fridas/WVc0_kstRom0T-H1VCgWOQ,university-city-missouri
https://www.ubereats.com/st-louis/food-delivery/menchies-town-%26-country/75g8IMRDRPqYO_CHnBVuog,university-city-missouri
https://www.ubereats.com/st-louis/food-delivery/drunken-fish-port-plz/kDAadj9bQZeJWueE0YZVLA,university-city-missouri
https://www.ubereats.com/st-louis/food-delivery/k-and-m-market/wrO2qzrxSkmiYXLbNqSmIA,university-city-missouri
https://www.ubereats.com/st-louis/food-delivery/fazolis-12341-st-charles-rock-rd/OgCdhPJxQ-io4fpUS4uw0g,university-city-missouri
https://www.ubereats.com/st-louis/food-delivery/rush-bowls-kirkwood/l9H5LacNTJqqiw1R90VhKw,university-city-missouri
https://www.ubereats.com/st-louis/food-delivery/el-maguey/EPb4cFanSoq8lv5Gf60gqw,university-city-missouri
https://www.ubereats.com/st-louis/food-delivery/mcdonalds-11521-olive-blvd/nIear1kAQ-aIz3ezK9V2mg,university-city-missouri
https://www.ubereats.com/st-louis/food-delivery/jenis-splendid-ice-creams-389-n-euclid-ave/EWtBnSz3Qui-0-as6OfVXg,university-city-missouri
https://www.ubereats.com/st-louis/food-delivery/mcdonalds-25-westport-plaza-drive/JnF_alWBQYGZD0yhP0io7g,university-city-missouri
https://www.ubereats.com/st-louis/food-delivery/hons-wok/a-pwowf6SR2Fc0U6gXD_Ig,university-city-missouri
https://www.ubereats.com/st-louis/food-delivery/haveli-indian-restaurant/P76cB6i8QRGoCaAtnAUJ8w,university-city-missouri
https://www.ubereats.com/st-louis/food-delivery/china-king/ZW41PUaxTyuQ5XPSUkJtLw,university-city-missouri
https://www.ubereats.com/st-louis/food-delivery/captain-ds-920-south-grand-boulevard/KGGQ4H8NQaiznCNGqqLrVw,university-city-missouri
https://www.ubereats.com/st-louis/food-delivery/mod-pizza-ladue/6VzLTpF6S-yyvzG4QRZbYA,university-city-missouri
https://www.ubereats.com/st-louis/food-delivery/quiznos-classic-subs-ferguson/ivRbLdIUQc2LRmHrjjmaIA,university-city-missouri
https://www.ubereats.com/st-louis/food-delivery/taco-bell-1324-hampton-avenue/En3Z6JbUTDq0-ThggFGO5w,university-city-missouri
https://www.ubereats.com/st-louis/food-delivery/ihop-8049-clayton-rd/3X59vjKfQZiGsH2SJP66Ew,university-city-missouri
https://www.ubereats.com/st-louis/food-delivery/walnut-grill-sunset-hills/9UPcCY32QUO6IiNMLuH0mA,university-city-missouri
https://www.ubereats.com/st-louis/food-delivery/pa-dolive/QPU-KPFLT36EBZGjx6EGJQ,university-city-missouri
https://www.ubereats.com/st-louis/food-delivery/rallys-3553-chouteau/SSf3n_pNQKCRwtTbKlpxfw,university-city-missouri
https://www.ubereats.com/st-louis/food-delivery/burger-king-9203-page-ave/J1aL2N_rSaSdAwBYxTR4wA,university-city-missouri
https://www.ubereats.com/st-louis/food-delivery/planet-sub-clayton/GQECpo9eQSCPVxPwwQEoGw,university-city-missouri
https://www.ubereats.com/st-louis/food-delivery/mayana-mexican-kitchen/WoOzso9_TF6gFh8isBuzQg,university-city-missouri
https://www.ubereats.com/st-louis/food-delivery/jack-in-the-box-2666-telegraph-rd/tK69MWrHTK63aOScA1QkXw,university-city-missouri
https://www.ubereats.com/st-louis/food-delivery/firehouse-subs-8027-dale-ave/G6sUss2nQcGMxVD5DG4fEg,university-city-missouri
https://www.ubereats.com/st-louis/food-delivery/taste-of-india-stlouis/6WrrgSaPQg-JO967Xb2qOA,university-city-missouri
https://www.ubereats.com/st-louis/food-delivery/applebees-9031-watson-road/j7_q-rlsQWGPrEbxr91peQ,university-city-missouri
https://www.ubereats.com/st-louis/food-delivery/united-grill/vhFzqNUoQty5ND2lMmRR9A,university-city-missouri
https://www.ubereats.com/st-louis/food-delivery/tastebudz-grille-llc/NSo35_E8R0qdRgneDqA78w,university-city-missouri
https://www.ubereats.com/st-louis/food-delivery/vicia/TYjt2zQVTo-sZ1kwk0VpSQ,university-city-missouri
https://www.ubereats.com/st-louis/food-delivery/mini-donut-co/g0Lrypq1ROWZn92kaYI8iQ,university-city-missouri
https://www.ubereats.com/st-louis/food-delivery/arbys-581/zWjRp8h0RwGw0D4_mC7LdA,university-city-missouri
https://www.ubereats.com/st-louis/food-delivery/taze-mediterranean-street-food-central-west-end/7SMaJbclSdeobVSmnTYTKw,university-city-missouri
https://www.ubereats.com/st-louis/food-delivery/taste-of-lebanon/QRAoOIqzTauWTOC16WxY4Q,university-city-missouri
https://www.ubereats.com/st-louis/food-delivery/five-aces-bar-b-que/s5D-9-V1TmKcfOENeaz6QQ,university-city-missouri
https://www.ubereats.com/st-louis/food-delivery/italian-hoagie/MifYU-HIQ2Gdp6b-XPbypw,university-city-missouri
https://www.ubereats.com/st-louis/food-delivery/joyful-house/-6651gjqQ46YfpnzBZqw0w,university-city-missouri
https://www.ubereats.com/st-louis/food-delivery/taco-bell-3715-lemay-ferry-road/KjN5kU6uRj6Pjb-fkKt7ag,university-city-missouri
https://www.ubereats.com/st-louis/food-delivery/kfc-10557-page/6HRl96zWSC-j6ygkR61pWA,university-city-missouri
https://www.ubereats.com/st-louis/food-delivery/buffalo-wild-wings-1210-strassner-dr/LK66m3dWQcCCHLuGG2CWvA,university-city-missouri
https://www.ubereats.com/st-louis/food-delivery/kohns-kosher-meat-and-deli/T_E9bEr2QIeIhm8oFvvSAg,university-city-missouri
https://www.ubereats.com/st-louis/food-delivery/jack-in-the-box-6950-olive-blvd/Zz5H4P9OQ4O4Yob1eDDHow,university-city-missouri
https://www.ubereats.com/st-louis/food-delivery/taco-bell-9339-olive-blvd/usIWuteAQiiWOB28jh1C-A,university-city-missouri
https://www.ubereats.com/st-louis/food-delivery/hot-box-cookies-clayton/7GY-puvtSVS1Q3P99t0hrA,university-city-missouri
https://www.ubereats.com/st-louis/food-delivery/ihop-4103-lemay-ferry-road/UVswjF3KSvGmfRW_6BLhEw,university-city-missouri
https://www.ubereats.com/st-louis/food-delivery/popeyes-louisiana-kitchen-953-northwest-plaza-dr/hMEIHYrkTCiIo4FBzhYfTw,university-city-missouri
https://www.ubereats.com/st-louis/food-delivery/charleys-philly-steaks-5-saint-louis-galleria/OCpoxdRgRtSNmB_OU1KW8Q,university-city-missouri
https://www.ubereats.com/st-louis/food-delivery/mcdonalds-9406-olive-street-rd/uNBRs9FORbKIBgcJjkBqTQ,university-city-missouri
https://www.ubereats.com/st-louis/food-delivery/shake-shack-60-north-euclid-avenue/lBg3IroIQdGGBTOKFLjfBg,university-city-missouri
https://www.ubereats.com/st-louis/food-delivery/hooties-burger-bar-11835-lackland-road/V_XCEAlrQemiWX-AndaGAA,university-city-missouri
https://www.ubereats.com/st-louis/food-delivery/sunrise-family-restaurant/4Efg_nUVQQume_P3mf-YGQ,university-city-missouri
https://www.ubereats.com/st-louis/food-delivery/sapporo-2/gABLjVAmS2e_ar3p1ILV-Q,university-city-missouri
https://www.ubereats.com/st-louis/food-delivery/colleens/vHru2_enQfupnRKS1VdpLg,university-city-missouri
https://www.ubereats.com/st-louis/food-delivery/oishi-sushi/2rBBY3rhSfCMkgvOxjIDFg,university-city-missouri
https://www.ubereats.com/st-louis/food-delivery/pieology-pizzeria-122-s-county-center-way/9ayMOpeKQeqIWPA9LyjV3g,university-city-missouri
https://www.ubereats.com/st-louis/food-delivery/stl-sunrise-cafe/zI3jhWYlQue7r1Zejs7uOw,university-city-missouri
https://www.ubereats.com/st-louis/food-delivery/trap-pizza/HLu-vqYwSGesyMOMPL60OQ,university-city-missouri
https://www.ubereats.com/st-louis/food-delivery/neighbors-goodeats/NCJA3GFVT5a7ObGdbqlhRw,university-city-missouri
https://www.ubereats.com/st-louis/food-delivery/dunkin-1754-s-hanley-rd/XLrll96STeGs_TWPD8OyzQ,university-city-missouri
https://www.ubereats.com/st-louis/food-delivery/chez-mathy/5hz-gzohSMSWs042VK_-vQ,university-city-missouri
https://www.ubereats.com/st-louis/food-delivery/chick-fil-a-8590-eager-rd/S4E-X1OcREiMarkpY-AVLg,university-city-missouri
https://www.ubereats.com/st-louis/food-delivery/noodles-%26-company-64-hampton-village-plaza/yZG2rxLFToOXvysRBoBXEQ,university-city-missouri
https://www.ubereats.com/st-louis/food-delivery/signature-india/-7YFN14kSV6iFHjaAy9wUA,university-city-missouri
https://www.ubereats.com/st-louis/food-delivery/hacienda-mexican-restaurant/ZzEYiWEgRsK5HQ-tkhsqPQ,university-city-missouri
https://www.ubereats.com/st-louis/food-delivery/miami-grill/U1CgdaBBSUqRHcHFUAMfHA,university-city-missouri
https://www.ubereats.com/st-louis/food-delivery/subway-7888-olive-blvd/sgKCH9ixQHiBN0TcQY-nMA,university-city-missouri
https://www.ubereats.com/st-louis/food-delivery/china-house/CQt7ke4vScmVAW4_BLSyWg,university-city-missouri
https://www.ubereats.com/st-louis/food-delivery/tutti-frutti-frozen-yogurt-7708-delmar/By_wYWp2QQC4s172UFP9bA,university-city-missouri
https://www.ubereats.com/st-louis/food-delivery/king-grill/WcnV5ovIThSMiZyONb8SzA,university-city-missouri
https://www.ubereats.com/st-louis/food-delivery/arbys-1117/_naE6U-tQpOoPHAhAEkDDg,university-city-missouri
https://www.ubereats.com/st-louis/food-delivery/hooters-7517-s-lindbergh-blvd/ZFGBvwxnTdeOoi5ueYhdIQ,university-city-missouri
https://www.ubereats.com/st-louis/food-delivery/shell-city-crab-shack-st-louis/Nd5sabUQS7GZbs9bhMcyXw,university-city-missouri
https://www.ubereats.com/st-louis/food-delivery/applebees-9090-st-charles-rock-road/AbQKoYMZSjqwh_bbpK2B7Q,university-city-missouri
https://www.ubereats.com/st-louis/food-delivery/crazy-bowls-%26-wraps-forsyth-clayton/UV9R4As1RCutpAY-1NaRKQ,university-city-missouri
https://www.ubereats.com/st-louis/food-delivery/or-juice-and-smoothie/QdNvQn8tQe2PcFBQdYnmRQ,university-city-missouri
https://www.ubereats.com/st-louis/food-delivery/up-down-stl/Iyr15_BMTEOXLczsYKU_Ng,university-city-missouri
https://www.ubereats.com/st-louis/food-delivery/snax-by-dre/S4bACE9IS4CHy8dGMMdbrg,university-city-missouri
https://www.ubereats.com/st-louis/food-delivery/pan-dolive/Qtq2WlPXRPqJUJp_dBuQDw,university-city-missouri
https://www.ubereats.com/st-louis/food-delivery/himalayan-hut/GclTp8NAQ-ySaHqjg7HIbA,university-city-missouri
https://www.ubereats.com/st-louis/food-delivery/qdoba-mexican-grill-766-n-new-ballas-rd/gs8K_mCPQYyuhAXam8dvPg,university-city-missouri
https://www.ubereats.com/st-louis/food-delivery/the-nation-sports-bar-%26-grill/Yv_vbwKgRl-Ap1ZVsxLZUQ,university-city-missouri
https://www.ubereats.com/st-louis/food-delivery/elmos-love-lounge/vAm_LT3fTrqiIm_44tNZZQ,university-city-missouri
https://www.ubereats.com/st-louis/food-delivery/zangchi/qz1vBC4QQvqKfkq3y7lnEg,university-city-missouri
https://www.ubereats.com/st-louis/food-delivery/jack-in-the-box-7520-manchester/KqgSv-GbSpOP_7Pl6e3ytw,university-city-missouri
https://www.ubereats.com/st-louis/food-delivery/el-maguey/ggC9q0XgQnKhJte7CN43TA,university-city-missouri
https://www.ubereats.com/st-louis/food-delivery/dairy-queen-grill-%26-chill-6070-s-lindbergh-blvd/FEdQAm56QlC01HY3Qd51tw,university-city-missouri
https://www.ubereats.com/st-louis/food-delivery/ihop-11237-saint-charles-rock-rd/C3takmm2SrWG75Yp2KBq7g,university-city-missouri
https://www.ubereats.com/st-louis/food-delivery/guerrilla-street-food-delmar-blvd/-oOF822iQ96rZQce_lwLIQ,university-city-missouri
https://www.ubereats.com/st-louis/food-delivery/crazy-bowls-%26-wraps-east-olive-and-craig/J7tl6BaSTmqEKO9KyQIfQg,university-city-missouri
https://www.ubereats.com/st-louis/food-delivery/chipotle-mexican-grill-11485-olive-blvd/DvMJri7YQ6mjqJyxsZaKxw,university-city-missouri
https://www.ubereats.com/st-louis/food-delivery/dennys-2925-n-hwy-67/t9lfsUTfQB6jubsfxKq_Qg,university-city-missouri
https://www.ubereats.com/st-louis/food-delivery/chipotle-mexican-grill-3533-mckelvey-rd/pmBM4qDCSmiyuhX8yQUrBw,university-city-missouri
https://www.ubereats.com/st-louis/food-delivery/wasabi-sushi-bar-clayton/KqP4_lv3SaOjO_BNtbcLUg,university-city-missouri
https://www.ubereats.com/st-louis/food-delivery/applebees-4550-forest-park-boulevard/EeymqsLnSdSTeTUhnBOeag,university-city-missouri
https://www.ubereats.com/st-louis/food-delivery/panda-express-1494-s-hanley/XctxjK3aQhKLqm5lVXPmYw,university-city-missouri
https://www.ubereats.com/st-louis/food-delivery/pizzeria-tivoli/5G0U2kGGSkesGH4hyWuKBA,university-city-missouri
https://www.ubereats.com/st-louis/food-delivery/dickeys-barbecue-pit-1912-s-brentwood-blvd/Gz2MFJqMRmia3_Nd9Lr1Xw,university-city-missouri
https://www.ubereats.com/st-louis/food-delivery/wasabi-sushi-bar-kirkwood/3pmbxM4VQMW_j_-nfrKhzA,university-city-missouri
https://www.ubereats.com/st-louis/food-delivery/mcdonalds-10431-page-ave/mm4EqAWvRTKsrANzdIkhhg,university-city-missouri
https://www.ubereats.com/st-louis/food-delivery/pi-pizzeria-delmar-loop/_D67OrpLQGqUbkVQp45kmw,university-city-missouri
https://www.ubereats.com/st-louis/food-delivery/charred-crust/x7v1EqI6RCi3ZZRFgu3gpw,university-city-missouri
https://www.ubereats.com/st-louis/food-delivery/funnelcakefactory-saint-louis/XT4K5ei8RoW6-wWPoNQ-Gg,university-city-missouri
https://www.ubereats.com/st-louis/food-delivery/filomenas-italian-kitchen/Ll27USpISSmwkMg6WMq2aA,university-city-missouri
https://www.ubereats.com/st-louis/food-delivery/gokul-indian-restaurant/ZuNRB7tGRv6b1pgAguYqpQ,university-city-missouri
https://www.ubereats.com/st-louis/food-delivery/rallys-3730-goodfellow/0MgS_wikRvK-08Z_CQbfjw,university-city-missouri
https://www.ubereats.com/st-louis/food-delivery/american-falafel/omQkb571SbW1Lfl0p3p92w,university-city-missouri
https://www.ubereats.com/st-louis/food-delivery/rallys-6710-west-florissant/Gec-Hn-OTDeiSRb19NOoOw,university-city-missouri
https://www.ubereats.com/st-louis/food-delivery/jets-pizza-3533-hampton-ave/mmFH8ePoThi4FElSbemvjA,university-city-missouri
https://www.ubereats.com/st-louis/food-delivery/first-watch-bridgeton-st-ann/Y7bninZsReGGvBdrmup8uA,university-city-missouri
https://www.ubereats.com/st-louis/food-delivery/panda-express-1155-st-louis-galleria/fVUbswkuSUiyPUIM7fUccg,university-city-missouri
https://www.ubereats.com/st-louis/food-delivery/maggie-moos/PN9Gm-ANSmWJ6V18fQ0gtw,university-city-missouri
https://www.ubereats.com/st-louis/food-delivery/hotshots-sports-bar-%26-grill-bridgeton/OejM9cp1TDG1c1yKl6bXpg,university-city-missouri
https://www.ubereats.com/st-louis/food-delivery/crazy-bowls-%26-wraps-lindell-slu/Vm9AzUWdSbGBcYZHoQyk4g,university-city-missouri
https://www.ubereats.com/st-louis/food-delivery/taco-bell-9787-st-charles-rock-rd/eaMeagFcTnWJb51dcwCy4Q,university-city-missouri
https://www.ubereats.com/st-louis/food-delivery/jack-in-the-box-1242-hampton/olNtgVOPSc-ARB0V0tRbig,university-city-missouri
https://www.ubereats.com/st-louis/food-delivery/cj-muggs-restaurant-%26-bar/mvpnMkRHSmGRaGUKer4lNg,university-city-missouri
https://www.ubereats.com/st-louis/food-delivery/white-castle-4525-s-kingshighway-blvd/BGlc8_75TR2reSqyyNrz8Q,university-city-missouri
https://www.ubereats.com/st-louis/food-delivery/beast-butcher-%26-block/E5iEdQHGSOKssV82UR_bNg,university-city-missouri
https://www.ubereats.com/st-louis/food-delivery/qdoba-mexican-grill-6701-clayton-rd/R_Ol56v1TCeWs7xjtZWfbA,university-city-missouri
https://www.ubereats.com/st-louis/food-delivery/jets-pizza-4497-forest-park-ave/Tq1aOY-gQN2hbuvfsswZUA,university-city-missouri
https://www.ubereats.com/st-louis/food-delivery/crispy-edge/gVi3H_1QT66xQLx64qfIDw,university-city-missouri
https://www.ubereats.com/st-louis/food-delivery/the-posh-nosh/SGbPShuYR9CJ5kogPcHq_w,university-city-missouri
https://www.ubereats.com/st-louis/food-delivery/dollar-express-chinese/IaitAqG3SyqKHy4ydG74-A,university-city-missouri
https://www.ubereats.com/st-louis/food-delivery/vincent-van-doughnut-tower-grove/D2YwN8FHS7CDRR6ZhY_01w,university-city-missouri
https://www.ubereats.com/st-louis/food-delivery/oriental-chop-suey/y001jLQXRyKOmK7cBQ3Pzg,university-city-missouri
https://www.ubereats.com/st-louis/food-delivery/bikers-corner/0J9hqK_2Ry2I7NMhgbTAiA,university-city-missouri
https://www.ubereats.com/st-louis/food-delivery/hooters-100-north-7th-st/3yLn-l7jSa2u14zjU5fhtQ,university-city-missouri
https://www.ubereats.com/st-louis/food-delivery/yellowbelly-st-louis/g9phiXjYRSirIv9xO_UFzw,university-city-missouri
https://www.ubereats.com/st-louis/food-delivery/five-guys-mo-1475-4183-lindell-blvd/iNLZKLByTpKDkS1NkFXt-A,university-city-missouri
https://www.ubereats.com/st-louis/food-delivery/majeed-mediterranean-restaurant/6iERVL-aThex3VJr49lv2Q,university-city-missouri
https://www.ubereats.com/st-louis/food-delivery/starbucks-grand-ave-%26-forest-park/drebH6sKTv2OYXSL7QV_4Q,university-city-missouri
https://www.ubereats.com/st-louis/food-delivery/popeyes-louisiana-kitchen-7115-page-avenue/dbDFNa3sQ0Sd0z6uP6Ljzw,university-city-missouri
https://www.ubereats.com/st-louis/food-delivery/k-bop-inc/fybdQBS8QKKANQ7XigiU2w,university-city-missouri
https://www.ubereats.com/st-louis/food-delivery/dairy-queen-grill-%26-chill-2060-mckelvey-rd/yeliwK1rS5mTjnj3cpRhkg,university-city-missouri
https://www.ubereats.com/st-louis/food-delivery/rallys-10004-halls-ferry-road/RQM7zG9BT9KWxLRRDUycwQ,university-city-missouri
https://www.ubereats.com/st-louis/food-delivery/white-castle-7380-olive-blvd/MdtyW4VvS2ekpVdgKfxQHQ,university-city-missouri
https://www.ubereats.com/st-louis/food-delivery/garbanzo-mediterranean-fresh-clayton/tiVmDClORzKGAWzB_TaOOw,university-city-missouri
https://www.ubereats.com/st-louis/food-delivery/tasty-treats-snack-shop-%26-catering/a_p9o2C6QEe79T_yiLi7qA,university-city-missouri
https://www.ubereats.com/st-louis/food-delivery/cocina-latina/GDvqOf2IRzeKLqn0I1KQZQ,university-city-missouri
https://www.ubereats.com/st-louis/food-delivery/pei-wei-11430-olive-blvd/lUtJWkA3SkGOV1MeGDGiTw,university-city-missouri
https://www.ubereats.com/st-louis/food-delivery/red-robin-143-8115-dale-avenue/FJy5NpXOQ7Cm-BBWx3I5GA,university-city-missouri
https://www.ubereats.com/st-louis/food-delivery/re-voaked-sandwiches/b_CW3tdnTRuoLUkHDyfIPQ,university-city-missouri
https://www.ubereats.com/st-louis/food-delivery/la-taco-cantina/Ee_ge250TBKUeXoTubkwPA,university-city-missouri
https://www.ubereats.com/st-louis/food-delivery/dunkin-9860-manchester-rd/BjgGelXnQ1em6mdTjC_T4w,university-city-missouri
https://www.ubereats.com/st-louis/food-delivery/arbys-504/MM1UCveWS8mTEak27w2dag,university-city-missouri
https://www.ubereats.com/st-louis/food-delivery/krispy-kreme-6935-south-lindbergh/NyO4AtjaT7S7SMvS5VeNyg,university-city-missouri
https://www.ubereats.com/st-louis/food-delivery/busloop-burgers/789idexsTGCul2KcgUb9wg,university-city-missouri
https://www.ubereats.com/st-louis/food-delivery/bar-louie-kirkwood/Z4qU2lBxQq-3hbwgt-u19w,university-city-missouri
https://www.ubereats.com/st-louis/food-delivery/mcdonalds-8127-olive-street-road/YUWH_Vz0ToOjmnTpAoTXBQ,university-city-missouri
https://www.ubereats.com/st-louis/food-delivery/the-old-spaghetti-factory-st-louis/g397MixDQHaUvz_t_OoYLw,university-city-missouri
https://www.ubereats.com/st-louis/food-delivery/pi-pizzeria-central-west-end/7Ao-D8XrTQeB0T8ow0pOOg,university-city-missouri
https://www.ubereats.com/st-louis/food-delivery/papa-johns-10464-saint-charles-rock-road/NR2S1FEpQh-DX75DkFwZHA,university-city-missouri
https://www.ubereats.com/st-louis/food-delivery/jack-in-the-box-6100-howdershell-rd/RHiExCrcQbuZe3B8OibHTA,university-city-missouri
https://www.ubereats.com/st-louis/food-delivery/st-louis-gyros/vCrqA7IgSxiG_kPobrV3_g,university-city-missouri
https://www.ubereats.com/st-louis/food-delivery/cafe-cornucopia/nq1Cr7AJS160R5PsHdZR0Q,university-city-missouri
https://www.ubereats.com/st-louis/food-delivery/ranoush/LOI7_71XRpCvofCGKgd5KA,university-city-missouri
https://www.ubereats.com/st-louis/food-delivery/mcalisters-9052-11969-saint-charles-rock-road/5VUUFbzpSJyy2uZelteBJw,university-city-missouri
https://www.ubereats.com/st-louis/food-delivery/firenza-pizza-webster-groves-mo/wfECqr5bQX-1FmNpT8tCtg,university-city-missouri
https://www.ubereats.com/st-louis/food-delivery/dairy-queen-grill-%26-chill-300-howdershell-rd/XZYcKBbzRZqOzFNAv78ypA,university-city-missouri
https://www.ubereats.com/st-louis/food-delivery/shake-shack-ladue-crossing/iCxjAhanRCiZ2ZlipNcSHw,university-city-missouri
https://www.ubereats.com/st-louis/food-delivery/crushed-red-clayton/7uiQZXlnQeqU4XHZH5Jucg,university-city-missouri
https://www.ubereats.com/st-louis/food-delivery/manee-thai/ctzWH_61TiK6gQzxqLHehQ,university-city-missouri
https://www.ubereats.com/st-louis/food-delivery/pastries-of-denmark/Wz8bSMwqSay4Zdo3-hg6RA,university-city-missouri
https://www.ubereats.com/st-louis/food-delivery/subway-9641-olive-blvd/cOn2jGZcTNKHkAIpKG1YnA,university-city-missouri
https://www.ubereats.com/st-louis/food-delivery/captain-ds-9387-page-ave/mvwsFZLuTGGo1X4cTC9cQA,university-city-missouri
https://www.ubereats.com/st-louis/food-delivery/cathys-kitchen/lxjQOnbHSzmuaEHxzPNBsA,university-city-missouri
https://www.ubereats.com/st-louis/food-delivery/papa-johns-21-stonegate-ctr/WIbcFb2ATs6HLVupZfzj1w,university-city-missouri
https://www.ubereats.com/st-louis/food-delivery/taco-bell-13123-olive-blvd/Yonq1yAqTUm0h_sFv7aRjQ,university-city-missouri
https://www.ubereats.com/st-louis/food-delivery/st-louis-kolache-n-lindbergh/s8UIBWw8QM2D5Y1s6iGbBw,university-city-missouri
https://www.ubereats.com/st-louis/food-delivery/dennys-11266-midland-blvd/CWMsxVFRRYSScWntD58mTw,university-city-missouri
https://www.ubereats.com/st-louis/food-delivery/panda-express-2399-n-hwy-67/LMVjHD59T7KIZqJCZGKT5Q,university-city-missouri
https://www.ubereats.com/st-louis/food-delivery/maggie-obriens-sunset-hills/blBnhZuHQm6B1KHlTC4Jvw,university-city-missouri
https://www.ubereats.com/st-louis/food-delivery/juicemasters-fresh-juice-%26-smoothie-truck/FUz6NSkvRqOUo9q16QNrnw,university-city-missouri
https://www.ubereats.com/st-louis/food-delivery/first-watch-kirkwood/iBW5g1KsTxGlem8FO_5oqQ,university-city-missouri
https://www.ubereats.com/st-louis/food-delivery/young-cooleys-wing-heaven/RBG5gCFHQ1GKHCJAz8ITDQ,university-city-missouri
https://www.ubereats.com/st-louis/food-delivery/arbys-6258/mAO27MazTsGXOw9NXXQHdQ,university-city-missouri
https://www.ubereats.com/st-louis/food-delivery/red-lobster-5733-s-lindbergh-blvd/hgWXxaYrRL2XB1XDBhcCRA,university-city-missouri
https://www.ubereats.com/st-louis/food-delivery/tapped/LPZRQ5JTT4CtVKbRqGJkog,university-city-missouri
https://www.ubereats.com/st-louis/food-delivery/wasabi-sushi-bar-warson-woods/4u5KC7SMQaCYJNZDnXrl_A,university-city-missouri
https://www.ubereats.com/st-louis/food-delivery/drunken-fish-maryland-plz/G1TIy0NvS_6mnxNC4WSCcg,university-city-missouri
https://www.ubereats.com/st-louis/food-delivery/jack-in-the-box-9707-natural-bridge/pclq5QVdRKK5QthQZWAmZQ,university-city-missouri
https://www.ubereats.com/st-louis/food-delivery/outback-steakhouse-5240-south-lindbergh/SaBKnXrcSPWYDEuA6Fp4jw,university-city-missouri
https://www.ubereats.com/st-louis/food-delivery/potbelly-sandwich-shop-12-s-bemiston-ave/HiQ9sXMYSlylfPWcAF1oOg,university-city-missouri
https://www.ubereats.com/st-louis/food-delivery/the-cup/sM8Dl4A5STeZyfVI_6yJXg,university-city-missouri
https://www.ubereats.com/st-louis/food-delivery/mi-hungry-catering/ppzI3LxwQmuepMI5uDRB1g,university-city-missouri
https://www.ubereats.com/st-louis/food-delivery/hotshots-sports-bar-%26-grill-st-louis/5nrIdT-NQb-kEOyKYdIvgQ,university-city-missouri
https://www.ubereats.com/st-louis/food-delivery/hooters-2765-n-hwy-67/jL90NUCkRN-72t0JA5RdaA,university-city-missouri
https://www.ubereats.com/st-louis/food-delivery/five-guys-mo-1404-250-n-highway-67/KFLb_fY2SKKPDYzKHawzEg,university-city-missouri
https://www.ubereats.com/st-louis/food-delivery/lulu-chinese-and-dim-sum-9737-manchester/5n-9X1R4QoyNl3XYqrKayg,university-city-missouri
https://www.ubereats.com/st-louis/food-delivery/kfc-3517-south-grand/WMIAki-ASsqkNVmgJlcgvA,university-city-missouri
https://www.ubereats.com/st-louis/food-delivery/applebees-11077-new-halls-ferry-road/VSLsjdyqQ-6eKt5K9CDbDg,university-city-missouri
https://www.ubereats.com/st-louis/food-delivery/mcdonalds-8960-page-avenue-overland-plz/LENDd6ZUR1qjY6hBsBqkwg,university-city-missouri
https://www.ubereats.com/st-louis/food-delivery/kfc-5020-delmar/drVUx8GFRBeBEB5eNYc7Kg,university-city-missouri
https://www.ubereats.com/st-louis/food-delivery/arkansas-fried-chicken-grill-n-bar/-X3D3z_NRruVv3t_J6XMuA,university-city-missouri
https://www.ubereats.com/st-louis/food-delivery/subway-10443-page-ave/cFWzJZ1WQhSRTdghr0RoRg,university-city-missouri
https://www.ubereats.com/st-louis/food-delivery/ranoush/RVL6fHrWQ1q8cYAVo8_P4w,university-city-missouri
https://www.ubereats.com/st-louis/food-delivery/georges-diner/iXqG85_wRmy2UMXdvUpMOQ,university-city-missouri
https://www.ubereats.com/st-louis/food-delivery/buffalo-wild-wings-12653-olive-blvd/dnIU9aY5ROukaQ2I1BSqXA,university-city-missouri
https://www.ubereats.com/st-louis/food-delivery/fort-taco/4cC6WOBeQaOoOxTlskmLIw,university-city-missouri
https://www.ubereats.com/st-louis/food-delivery/piccione-pastry/hY4M5mn0T3yx_RxzNgoBTA,university-city-missouri
https://www.ubereats.com/st-louis/food-delivery/krab-kingz-seafood/o4JbaUMKSLm82ZLAhF_PZg,university-city-missouri
https://www.ubereats.com/st-louis/food-delivery/rallys-2182-n-highway-67/J7bV8DbORpKptsQ5YdtBvw,university-city-missouri
https://www.ubereats.com/st-louis/food-delivery/sweet-art/UydbruGuQe-XQLpQVaCiAw,university-city-missouri
https://www.ubereats.com/st-louis/food-delivery/qdoba-mexican-grill-12121-st-charles-rock-rd/BsSLEF2VQZ6gfTIJeSMdqg,university-city-missouri
https://www.ubereats.com/st-louis/food-delivery/mcdonalds-4-s-old-orchard-rd/PyWE6eejRtmqGZ3lV5ZZew,university-city-missouri
https://www.ubereats.com/st-louis/food-delivery/firehouse-bar-%26-grill/NcuiEk6uRPepLS7nQwR2-Q,university-city-missouri
https://www.ubereats.com/st-louis/food-delivery/alta-calle/Kma4P9mKQBiTC97KKVeqwg,university-city-missouri
https://www.ubereats.com/st-louis/food-delivery/tripe-city/vCuDLtmeT7KlPNXPEj_68w,university-city-missouri
https://www.ubereats.com/st-louis/food-delivery/dairy-queen-treat-4343-weber-rd/OZU8WCBZT4qD3Ql27xsJYQ,university-city-missouri
https://www.ubereats.com/st-louis/food-delivery/bob-evans-144-6528-south-lindbergh-boulevard/dUlJVLZ3Tl6XLXy3ZMBDbQ,university-city-missouri
https://www.ubereats.com/st-louis/food-delivery/vincent-van-doughnut-n-central/ljHh95t1QK2caCfsVLPVZQ,university-city-missouri
https://www.ubereats.com/st-louis/food-delivery/strange-donuts-maplewood/eElB8VIATpCOeIvIhVlfeQ,university-city-missouri
https://www.ubereats.com/st-louis/food-delivery/granite-city-food-%26-brewery-creve-coeur/Lcv5UUHPR_uGlU7QjB5Zrw,university-city-missouri
https://www.ubereats.com/st-louis/food-delivery/jack-in-the-box-10460-page-blvd/W23BZmQvQVWWEdl7BRvPxQ,university-city-missouri
https://www.ubereats.com/st-louis/food-delivery/king-grill-st-louis-ave/wf45zrTlRqe_qUHk-oWBww,university-city-missouri
https://www.ubereats.com/st-louis/food-delivery/the-baked-bear-st-louis/_v4KVYPfSYuPRWUAexVhgw,university-city-missouri
https://www.ubereats.com/st-louis/food-delivery/california-pizza-kitchen-109-w-county-dtr-space-2055/JJNeIy31RXyKvW8HuXsESQ,university-city-missouri
https://www.ubereats.com/st-louis/food-delivery/first-watch-lake-highlands-tc/jkuGo1HuTQeCYzhK8tOrlA,university-city-missouri
https://www.ubereats.com/st-louis/food-delivery/noodles-%26-company-10925-olive-blvd/zcwX4Sk_RnCaQ7lNyPuI8A,university-city-missouri
https://www.ubereats.com/st-louis/food-delivery/casa-tequila-inc-mexican-restaurant/ss44dxC8R7ynrUBjCBkT-Q,university-city-missouri
https://www.ubereats.com/st-louis/food-delivery/king-grill-dr-martin-luther-king-dr/he-mikumQ_KXEJBoo2m89Q,university-city-missouri
https://www.ubereats.com/st-louis/food-delivery/popeyes-10545-page-ave/_WrWn54YR-eJDQZRPtvwbA,university-city-missouri
https://www.ubereats.com/st-louis/food-delivery/nikos-grocery-%26-grill/dfzqf_XQQOGlzMuneM0V1g,university-city-missouri
https://www.ubereats.com/st-louis/food-delivery/jack-in-the-box-12298-saint-charles-rock-rd/ssTyCM2yRVmEFOClZyXOVA,university-city-missouri
https://www.ubereats.com/st-louis/food-delivery/sedara-sweets-%26-ice-cream/18mOcjocSnqV9faPFRUnfQ,university-city-missouri
https://www.ubereats.com/st-louis/food-delivery/rasoi-n-euclid-ave/e4KBwQNmReSSl6B6JqHuxg,university-city-missouri
https://www.ubereats.com/st-louis/food-delivery/papa-johns-6850-gravois-ave/RPDdwhzfSLu0Nl1vxaL8kw,university-city-missouri
https://www.ubereats.com/st-louis/food-delivery/crazy-bowls-%26-wraps-glendale-rock-hill/Yz4Snjm-She-QXMuiJ6AQg,university-city-missouri
https://www.ubereats.com/st-louis/food-delivery/rumas-deli-south-county/RM7-kYLiQ4qfmuNUBEMECw,university-city-missouri
https://www.ubereats.com/st-louis/food-delivery/jack-in-the-box-4201-s-kingshighway-blvd/QbMmmwgJRTWPx8TRIqNpNg,university-city-missouri
https://www.ubereats.com/st-louis/food-delivery/juice-bar/6xHc0uvcQoeTCxlqMzQ3cA,university-city-missouri
https://www.ubereats.com/st-louis/food-delivery/chez-mathyafrican-caribbean-cuisine/QbL8IcW4SB2LvyE6Dq0lbQ,university-city-missouri
https://www.ubereats.com/st-louis/food-delivery/noodles-%26-company-18-s-county-centerway/ThcUQYAJTt2Kd_-qCPOTdQ,university-city-missouri
https://www.ubereats.com/st-louis/food-delivery/arbys-7393/k0rpJ-XjTAGdVNw14sasLA,university-city-missouri
https://www.ubereats.com/st-louis/food-delivery/papa-murphys-8192-north-lindbergh-boulevard/GZjI2yF0Q4SWfXLQ7iE00Q,university-city-missouri
https://www.ubereats.com/st-louis/food-delivery/applebees-2309-n-us-highway-67/7YHDpWogRRilwM_C8c0OnQ,university-city-missouri
https://www.ubereats.com/st-louis/food-delivery/playground-bar-and-grill/cz-PWCNgQK2rDeOnWyLT5A,university-city-missouri
https://www.ubereats.com/st-louis/food-delivery/8611-bonefish-grill-8780-eager-rd/x2bUI4BERbOdoOXws3IU_g,university-city-missouri
https://www.ubereats.com/st-louis/food-delivery/best-friends-market-%26-deli/VJvKh5MtQ2ef2n7I0BEjHg,university-city-missouri
https://www.ubereats.com/st-louis/food-delivery/mcdonalds-1790-s-florissant-rd/4Ooi0-hER5yN0pqL0kWa6g,university-city-missouri
https://www.ubereats.com/st-louis/food-delivery/lu-lu-seafood-restaurant-8224-olive/gOwv59TbQCytw52i3ZTYRA,university-city-missouri
https://www.ubereats.com/st-louis/food-delivery/dee-dees-pickles-llc/WXQJB8lHQy2q7rYImizZtw,university-city-missouri
https://www.ubereats.com/st-louis/food-delivery/hardees-1501285/B34lbE4uRqmydhBJJMURVw,university-city-missouri
https://www.ubereats.com/st-louis/food-delivery/lulu-asian-kitchen-9626-olive/iATPjWWYQSexFMm27gB07Q,university-city-missouri
https://www.ubereats.com/st-louis/food-delivery/arber-cafe/6HbIiwRrTVKW7zvVqQnNJg,university-city-missouri
https://www.ubereats.com/st-louis/food-delivery/qdoba-mexican-grill-11500-page-service-rd/ZzkvGut5Qx2ledZnyx7c7A,university-city-missouri
https://www.ubereats.com/st-louis/food-delivery/subway-1205-hampton-ave/OFbIyrDnR7qjHtnxgLT8bw,university-city-missouri
https://www.ubereats.com/st-louis/food-delivery/royal-palace-kitchen/SyS8HGtqTSeczFWYZV-bmA,university-city-missouri
https://www.ubereats.com/st-louis/food-delivery/weber-grill-restaurant-st-louis/fCeWBroTTYGBOs_v5YDgyA,university-city-missouri
https://www.ubereats.com/st-louis/food-delivery/blues-fired-pizza/3HPx6CU8SFWZ_jjZsXYfIA,university-city-missouri
https://www.ubereats.com/st-louis/food-delivery/arbys-578/HXd4fNqlToW4oBfoP9I12g,university-city-missouri
https://www.ubereats.com/st-louis/food-delivery/jack-in-the-box-8307-page-ave/OToS2KYfQqGWFGe_XK82aA,university-city-missouri
https://www.ubereats.com/st-louis/food-delivery/wasabi-sushi-bar-town-%26-country/Mw5W9yR1S0uFZ8M59KuwUA,university-city-missouri
https://www.ubereats.com/st-louis/food-delivery/grill-stop/lZU-sP0_QG6eGjoKfXJqSw,university-city-missouri
https://www.ubereats.com/st-louis/food-delivery/papa-johns-201-n-tucker/CRbs8qHtSHCGxEK4LlHRZA,university-city-missouri
https://www.ubereats.com/st-louis/food-delivery/guss-world-famous-fried-chicken-manchester-rd/goGhNuRlSk-5ui3Am2sYeQ,university-city-missouri
https://www.ubereats.com/st-louis/food-delivery/chao-baan/ASOGKtUnQVqspdCuA2rgeQ,university-city-missouri
https://www.ubereats.com/st-louis/food-delivery/indias-kitchen/Vez9pPQeSrOygH6x_I4uIg,university-city-missouri
https://www.ubereats.com/st-louis/food-delivery/dunkin-10250-page-ave/MB00nmJqRDKTw86yHKEiJQ,university-city-missouri
https://www.ubereats.com/st-louis/food-delivery/smokehouse-bbq/Sysrjy1NSNe03WQuFaFW2g,university-city-missouri
https://www.ubereats.com/st-louis/food-delivery/cj-muggs-restaurant-webster-groves/HLl6ICfWQ7SgowAzyA7Ong,university-city-missouri
https://www.ubereats.com/st-louis/food-delivery/union-30/8TDqrJ01Q6iZzpX2OZkS-Q,university-city-missouri
https://www.ubereats.com/st-louis/food-delivery/shark-and-deli/kxppZIQmTBaI1XeV3TSSeg,university-city-missouri
https://www.ubereats.com/st-louis/food-delivery/the-stellar-hog/-dMN7eheSIm98Dp59TF6QA,university-city-missouri
https://www.ubereats.com/st-louis/food-delivery/mean-kingz/LqdUyIzLSFuEErjukd-5hw,university-city-missouri
https://www.ubereats.com/st-louis/food-delivery/great-american-cookies-west-county-center/pdNSO7EKQv69WuyN8qs6Gw,university-city-missouri
https://www.ubereats.com/st-louis/food-delivery/arbys-8333/hkUOcaTsShepIBNHIR_ulQ,university-city-missouri
https://www.ubereats.com/st-louis/food-delivery/churchs-chicken-1753-woodson-road/o_Eab_HaTXyxY5iIKaRgWg,university-city-missouri
https://www.ubereats.com/st-louis/food-delivery/pi-pizzeria-chesterfield/Bip-1p4sT9yoBj8ZmMv9Fg,university-city-missouri
https://www.ubereats.com/st-louis/food-delivery/crushed-red-creve-coeur/xnzFIPv6TO67KfAiZpJcsQ,university-city-missouri
https://www.ubereats.com/st-louis/food-delivery/ruths-chris-steak-house-1-n-brentwood-blvd/ojOAb2vORYiq-S63m9G5Cw,university-city-missouri
https://www.ubereats.com/st-louis/food-delivery/mod-pizza-florissant/uW1Mz5AIS5udqeTH-OX_9w,university-city-missouri
https://www.ubereats.com/st-louis/food-delivery/arbys-945/b8ji5PnYRPCUom3_0IAIPg,university-city-missouri
https://www.ubereats.com/st-louis/food-delivery/applebees-11977-st-charles-rock-road/BUwlG4YGR-iHBc1I4YfBRw,university-city-missouri
https://www.ubereats.com/st-louis/food-delivery/sameem-afghan-restaurant/JW2xtSz-QtiLVx--W12Zmg,university-city-missouri
https://www.ubereats.com/st-louis/food-delivery/mcdonalds-1595-s-hanley/0Up7XUkdSWi8LJ3MOR4r5Q,university-city-missouri
https://www.ubereats.com/st-louis/food-delivery/red-lobster-2381-maplewood-commons-dr/7eqyMEu_T_6sp8FphW68kQ,university-city-missouri
https://www.ubereats.com/st-louis/food-delivery/panda-express-10445-olive-blvd/vdlOP5FfTHWfWAICbFPxlA,university-city-missouri
https://www.ubereats.com/st-louis/food-delivery/chicago-fish-and-chicken-grill/c_KRn414Q36rfwRvvOuJHw,university-city-missouri
https://www.ubereats.com/st-louis/food-delivery/katerinas-greek-restaurant/VBrPr_FEQQCI0MEHVb0uUg,university-city-missouri
https://www.ubereats.com/st-louis/food-delivery/popeyes-louisiana-kitchen-8100-manchester-road/fSUFzX9-RZe2Usl4qUXczw,university-city-missouri
https://www.ubereats.com/st-louis/food-delivery/vp-square/uLwmph4yR2Cjuze6WC4TXw,university-city-missouri
https://www.ubereats.com/st-louis/food-delivery/nami-ramen-st-louis/gsmcwibASMmF0u7BF-3-TQ,university-city-missouri
https://www.ubereats.com/st-louis/food-delivery/arbys-6962/ZSfRfOPmRDq00FP6oeLAmQ,university-city-missouri
https://www.ubereats.com/st-louis/food-delivery/strange-donuts-kirkwood/PN1tueNfTYq-3XgTsWbMXg,university-city-missouri
https://www.ubereats.com/st-louis/food-delivery/taco-bell-851-n-skinker-blvd/7DxHaCujTfGnFTm9rzbWyA,university-city-missouri
https://www.ubereats.com/st-louis/food-delivery/starbucks-lindbergh-%26-clayton/Ib9Xq-xbSESpgZ0f_0h5nQ,university-city-missouri
https://www.ubereats.com/st-louis/food-delivery/rush-bowls-stl/FV9udMkuQbupaUfEim9SQw,university-city-missouri
https://www.ubereats.com/st-louis/food-delivery/el-burro-loco-downtown/pSgrwu2DQ1WFQP6MBFB-0Q,university-city-missouri
https://www.ubereats.com/st-louis/food-delivery/hotshots-sports-bar-%26-grill-fenton/1-p9JyGGSr2I__lAIFt6aA,university-city-missouri
https://www.ubereats.com/st-louis/food-delivery/yapi-subs-and-sandwiches/K_wl1Q1GQ1iFiyrEQn321g,university-city-missouri
https://www.ubereats.com/st-louis/food-delivery/starbucks-hanley-%26-dale/H1CrLko0RkmMdWgDHJ7M_g,university-city-missouri
https://www.ubereats.com/st-louis/food-delivery/kfc-101-s-weidman-rd/flEVCsWlT7uGx31tJjPgXQ,university-city-missouri
https://www.ubereats.com/st-louis/food-delivery/steak-n-shake-1525-s-kirkwood-road/UKTnsx7tRt2HjSK3N3zcpw,university-city-missouri
https://www.ubereats.com/st-louis/food-delivery/t-n-t-wieners/6OtqEn4TT5uK9eYTKBs14w,university-city-missouri
https://www.ubereats.com/st-louis/food-delivery/panda-express-6304-s-lindbergh-blvd/NsRCPd1YQsKP_NmnCXTUDA,university-city-missouri
https://www.ubereats.com/st-louis/food-delivery/california-pizza-kitchen-10590-old-olive-street/wuSI85kVSUCpAd9o6HbzQw,university-city-missouri
