url,city
https://www.ubereats.com/tampa/food-delivery/wawa-5107-11510-n-30th-st/JCb-Sd8bRJKW2IkMwuQ5jQ,university-florida
https://www.ubereats.com/tampa/food-delivery/krispy-kreme-w-kennedy-blvd-%26-n-macdill-ave/hKB5LLXERPabyTAg_wn2ag,university-florida
https://www.ubereats.com/tampa/food-delivery/tampa-bay-brewing-company-ybor-city/adq3-abKRtaCGtMW2EefHA,university-florida
https://www.ubereats.com/tampa/food-delivery/kekes-breakfast-cafe-temple-terrace/R0zmwEoETtu_1-txL9KYrA,university-florida
https://www.ubereats.com/tampa/food-delivery/kfc-8550-n-dale-mabry-highway/mPi426YRSWiRts-9d41Vxw,university-florida
https://www.ubereats.com/tampa/food-delivery/la-casa-della-pasta/vO2TcNmVR02EZ5HRuJrJew,university-florida
https://www.ubereats.com/tampa/food-delivery/amys-dumpling-house/-RyXYzZzR0eik-cp-bXF_w,university-florida
https://www.ubereats.com/tampa/food-delivery/jons-gourmet-nutrition/AuHvfIM8TjWhNx8_batfPQ,university-florida
https://www.ubereats.com/tampa/food-delivery/noble-crust-carrollwood/xgW9eWy7RUGrEw3_MqdJ8w,university-florida
https://www.ubereats.com/tampa/food-delivery/burger-21-carrollwood/LiR-xewEQTGYrzuMp9eMOg,university-florida
https://www.ubereats.com/tampa/food-delivery/paradise-cafe/u1wJ4j9QTtGD6cip4gMMvQ,university-florida
https://www.ubereats.com/tampa/food-delivery/pj-fresh-11555-east-sligh-ave/GcjwhHKZTz2agjN4leVg2g,university-florida
https://www.ubereats.com/tampa/food-delivery/shamrocks-ale-house/ksUKF7zTRAyHFrUoqokkTA,university-florida
https://www.ubereats.com/tampa/food-delivery/mahana-fresh/M0Ost0j0STqZh78AqDrSUw,university-florida
https://www.ubereats.com/tampa/food-delivery/shrimp-%26-co/FoeIQUGmQteHxpB75Itouw,university-florida
https://www.ubereats.com/tampa/food-delivery/ihop-408-east-bearss-ave/ITNb06qZS2qxHQCDXtJrUA,university-florida
https://www.ubereats.com/tampa/food-delivery/moes-southwest-grill-369/fHE3IePbTXi998WzF2vJjA,university-florida
https://www.ubereats.com/tampa/food-delivery/chupa-cabra-cafe/LihbPP0mTDu1h3jsPQccow,university-florida
https://www.ubereats.com/tampa/food-delivery/burger-king-8406-north-dale-mabry-hwy/FDQiaFr9QKS4d6hyg8aLqg,university-florida
https://www.ubereats.com/tampa/food-delivery/caketastic-llc/VuCdcSf5Tfm27m2cefyoAA,university-florida
https://www.ubereats.com/tampa/food-delivery/la-bahia-bakery/U124OPvrS02X-XLDIe65Og,university-florida
https://www.ubereats.com/tampa/food-delivery/applebees-10606-sheldon-road/KHRJXCxcR-2RIS8KaO99OQ,university-florida
https://www.ubereats.com/tampa/food-delivery/kaleido-sweets/_qN6vXgiQ6y0Xq3SyZnzFg,university-florida
https://www.ubereats.com/tampa/food-delivery/steves-pizzeria/pylKFRaqTyqdoSX3pwU32w,university-florida
https://www.ubereats.com/tampa/food-delivery/the-ice-cream-shop/660oRIrXRYC8fwDlGdiX2g,university-florida
https://www.ubereats.com/tampa/food-delivery/the-big-easy-tampa/eGb4WaPhTze0ilxkvzJ4GQ,university-florida
https://www.ubereats.com/tampa/food-delivery/jerk-hut-university/ThzrdJbgTUy7IPVqAjddsg,university-florida
https://www.ubereats.com/tampa/food-delivery/sisses-cuisine/oC6jGNv6TmWRMuJVPZuQ5w,university-florida
https://www.ubereats.com/tampa/food-delivery/tropical-rhythm/v4xvhGgcT2aEB9z_MLdyZQ,university-florida
https://www.ubereats.com/tampa/food-delivery/el-eden-3b/-td72gZxRFiVk8jV9BstnA,university-florida
https://www.ubereats.com/tampa/food-delivery/applebees-15090-n-dale-mabry-hwy/jlU1iQfjQ9WDS2QvsVolBQ,university-florida
https://www.ubereats.com/tampa/food-delivery/yogurtology-citrus-park/UWl2mE_eTWyb1leXKjb2Yw,university-florida
https://www.ubereats.com/tampa/food-delivery/china-garden-tampa/RR_OKjJNTF2BkP83qScFFA,university-florida
https://www.ubereats.com/tampa/food-delivery/steak-n-shake-17509-n-palms-village-place/Owt-5UOxSzq1TNnJTXPt8Q,university-florida
https://www.ubereats.com/tampa/food-delivery/nsfoods-indian-homestyle/6Mgf-qV2RzeUqvii4BZIBQ,university-florida
https://www.ubereats.com/tampa/food-delivery/social-house/wbqJIan7TpS_d8K4q7MGJw,university-florida
https://www.ubereats.com/tampa/food-delivery/bay-leaves/nCGOYf95QM-TGKq5TiycBQ,university-florida
https://www.ubereats.com/tampa/food-delivery/samurai-blue-sushi-and-sake-bar-ybor/HrBcAePOTqCAFjnEhAOoYg,university-florida
https://www.ubereats.com/tampa/food-delivery/jannah-market/LtF_cICZRhaoCqv3bL-FLA,university-florida
https://www.ubereats.com/tampa/food-delivery/the-ice-cream-shop/EIS0iSscQoi9F2lqgvy_Mg,university-florida
https://www.ubereats.com/tampa/food-delivery/grillsmith-carrollwood/TnZ-_V7kSZycEYrLJeEeIQ,university-florida
https://www.ubereats.com/tampa/food-delivery/abc-pizza/WggKkioQSO6yP-TQnmnlBA,university-florida
https://www.ubereats.com/tampa/food-delivery/subway-2602-e-fletcher-ave/L9jZIyWHQx6sl6iTvKyE_A,university-florida
https://www.ubereats.com/tampa/food-delivery/bob-evans-502-16314-north-dale-mabry-highway/dEky5PVCSum1ubDxbWk3ag,university-florida
https://www.ubereats.com/tampa/food-delivery/pizza-hut-23118-state-road-54/dqMyG3asRQKuuFo8TI3zew,university-florida
https://www.ubereats.com/tampa/food-delivery/mcdonalds-10410-n-dale-mabry/k2a-WbW5Tre2u4WUugypPQ,university-florida
https://www.ubereats.com/tampa/food-delivery/pita-pit-fowler/7J3uVHCWTumfV5D5j1XUzQ,university-florida
https://www.ubereats.com/tampa/food-delivery/five-star-pizza/0cmvLmL_RuSOUqn7l-x0eA,university-florida
https://www.ubereats.com/tampa/food-delivery/pokeworks-university/yqNfVrYERhuT90MEORy8RQ,university-florida
https://www.ubereats.com/tampa/food-delivery/crazy-and-delicious/toli6wbvTuukMvHv9K-_DA,university-florida
https://www.ubereats.com/tampa/food-delivery/sacred-pepper/WBskGX76TMy-OcURj_Belg,university-florida
https://www.ubereats.com/tampa/food-delivery/wawa-5191-15524-n-dale-mabry-hwy/Rjn38CV6RA67PIbD2c9mfg,university-florida
https://www.ubereats.com/tampa/food-delivery/cross-creek-gormet/I9JQ2H0HTLm8rI9wwbRUrA,university-florida
https://www.ubereats.com/tampa/food-delivery/pdq-westchase/eaQtS0M0Rwqy1hcMMXMTpw,university-florida
https://www.ubereats.com/tampa/food-delivery/alexs-wings/WzhDvWQVQhqtDBp4dlUkpA,university-florida
https://www.ubereats.com/tampa/food-delivery/mr-bs-restaurant/GAel5HumSsecNc6Yv9l2ZA,university-florida
https://www.ubereats.com/tampa/food-delivery/peabodys/Y6U_iPgfQsKKq2z6xgIPgw,university-florida
https://www.ubereats.com/tampa/food-delivery/firehouse-subs-wesley-chapel/uMliQXN_ThCMViB_5gEK5g,university-florida
https://www.ubereats.com/tampa/food-delivery/burger-culture/s9_OrX_fQQm5R-gCHIVk1g,university-florida
https://www.ubereats.com/tampa/food-delivery/perkins-restaurant-tampa-e-fowler/VLwgdi00RWqsnrwd8qozvQ,university-florida
https://www.ubereats.com/tampa/food-delivery/vallartas-restaurante-mexicano/IY2XZelKSea40OPJ5BYChQ,university-florida
https://www.ubereats.com/tampa/food-delivery/monserrate-restaurant-bar-and-grill/My1-hoRGQ_GNWz9IhVcYiw,university-florida
https://www.ubereats.com/tampa/food-delivery/haveli-indian-kitchen/nt_3PBuyQ86A8eNPISQWzA,university-florida
https://www.ubereats.com/tampa/food-delivery/teriyaki-madness/F5Uq05n7R2KN4Yt3hay_CQ,university-florida
https://www.ubereats.com/tampa/food-delivery/panda-express-7207-west-waters-avenue/o5htRgb9QKKgKRYNg0AItw,university-florida
https://www.ubereats.com/tampa/food-delivery/nabruzzi-trattoria-lutz/MwTGUIscTXyQoyNWX1RA-g,university-florida
https://www.ubereats.com/tampa/food-delivery/first-watch-wesley-chapel/_LcBA4XsTfmKgucmYG7Ocg,university-florida
https://www.ubereats.com/tampa/food-delivery/lupes-latin-cravings/2qedECokTMGbikgwJouqZw,university-florida
https://www.ubereats.com/tampa/food-delivery/don-julios-authentic-mexican-cuisine/BV2eGKYJRC2NfEK2f3adwg,university-florida
https://www.ubereats.com/tampa/food-delivery/applebees-5779-e-fowler-ave/akAuZeX5QiKBCHm5O2w8wg,university-florida
https://www.ubereats.com/tampa/food-delivery/hanks-catfish-%26-bbq/afn_nX5VRKOtywBI934dBA,university-florida
https://www.ubereats.com/tampa/food-delivery/hungry-howies-6207-e-hillsborough-%23167/5HXEcMGFTISX8kicelrG6A,university-florida
https://www.ubereats.com/tampa/food-delivery/subway-1819-e-fowler-ave/UZoxJggqRcahIxEO06x1Ew,university-florida
https://www.ubereats.com/tampa/food-delivery/westshore-pizza-iv-inc/ZQh5Q3hZTimpn_FFV3N_qw,university-florida
https://www.ubereats.com/tampa/food-delivery/ihop-11710-morris-bridge-road/EQiIpt5mRC6ILcJ0znTCaA,university-florida
https://www.ubereats.com/tampa/food-delivery/900-degrees-woodfired-pizza-wesley-chapel/c08n8dubSPSHDJS-caj57A,university-florida
https://www.ubereats.com/tampa/food-delivery/walk-ons-sports-bistreaux-wesley-chapel/XPG4KGBbT-G4RNLeuFwqyQ,university-florida
https://www.ubereats.com/tampa/food-delivery/twisted-turtle/uKKaGF3KQDSJPh-XDQrljg,university-florida
https://www.ubereats.com/tampa/food-delivery/dunkin-13430-bruce-b-downs-blvd/Me-BRKeeSpuDgNsNgvwpSw,university-florida
https://www.ubereats.com/tampa/food-delivery/crafty-crab/mjdYaIBrTU6H89K2qJRsIg,university-florida
https://www.ubereats.com/tampa/food-delivery/caliburger-tampa/MORvpbVGSfe2Op6mZZKgjw,university-florida
https://www.ubereats.com/tampa/food-delivery/avas-lowcountry-cuisine/HP0gxcTcSL2RsVbKvHy_YQ,university-florida
https://www.ubereats.com/tampa/food-delivery/kurry-n-more/Tmo2srtOSmeqKNC6OsYTUQ,university-florida
https://www.ubereats.com/tampa/food-delivery/joes-new-york-diner/UzRZyK_rRHSiXMC2Zw474w,university-florida
https://www.ubereats.com/tampa/food-delivery/pitas-republic-carrollwood/dxnP3PArR2Kra5tTiUU6TA,university-florida
https://www.ubereats.com/tampa/food-delivery/sweet-dreams-desserts/QVW-b2LvQ5yYPLaSvJLSWQ,university-florida
https://www.ubereats.com/tampa/food-delivery/dominican-sugar/wCtd3GlsTQuQbJIrxT9QPw,university-florida
https://www.ubereats.com/tampa/food-delivery/mr-empanada-carrollwood/MCiXUghTQ5-UWdsPOecsRQ,university-florida
https://www.ubereats.com/tampa/food-delivery/zauq-indian-%26-pakistani-cuisine/elhOUw8JRsiGW_HsSe9eNg,university-florida
https://www.ubereats.com/tampa/food-delivery/la-semilla-bakery/1vAP21JIT1K0xrK7GPaeuw,university-florida
https://www.ubereats.com/tampa/food-delivery/gangnam-style-fried-chicken/IglfWpvPRf6nMhSe3m_KBg,university-florida
https://www.ubereats.com/tampa/food-delivery/steak-n-shake-1450-e-fowler-ave/OKCrpsO6SWSwlLHO2lj-wQ,university-florida
https://www.ubereats.com/tampa/food-delivery/la-teresita-restaurant/3hdEUfudSwqqnERcL52cgg,university-florida
https://www.ubereats.com/tampa/food-delivery/tokyo-sushi-bar/RERXESYSSAOSVxrMfuwfOQ,university-florida
https://www.ubereats.com/tampa/food-delivery/mcdonalds-6906-n-56th-st/olNHkrvzSXWZYMclhO5DOg,university-florida
https://www.ubereats.com/tampa/food-delivery/popeyes-louisiana-kitchen-2701-e-busch-blvd/PS8K4zhcR2yj7cT5oXBq1w,university-florida
https://www.ubereats.com/tampa/food-delivery/daybreak-cafe/uOL85qO0T7KupFaaj-pjSw,university-florida
https://www.ubereats.com/tampa/food-delivery/subway-6602-east-dr-mlk-jr-blvd/oaUYC3VxRoSWtoRggYrigA,university-florida
https://www.ubereats.com/tampa/food-delivery/hungry-harrys-family-bar-b-que-brandon/29blO-_3QvKOckJ--zPENQ,university-florida
https://www.ubereats.com/tampa/food-delivery/poke-depot/ZW0z7mTmTpC3eoF9z0YO1A,university-florida
https://www.ubereats.com/tampa/food-delivery/house-of-burgers/C6ChEcXnQjOd9-OU82EyGw,university-florida
https://www.ubereats.com/tampa/food-delivery/sonic-2235-collier-parkway/jw5nKCbRRfCFhMZ2JZOcuA,university-florida
https://www.ubereats.com/tampa/food-delivery/marcos-pizza-w-fletcher-ave-%26-edith-st/bMgXwMbtSqW33huYIThfrQ,university-florida
https://www.ubereats.com/tampa/food-delivery/grain-and-berry-fowler-ave/8vyy-ef3Q4eurCc7C7gphQ,university-florida
https://www.ubereats.com/tampa/food-delivery/evosfeel-great-food!-carrollwood/0F32mgwGR-eTu0F9ZDfYng,university-florida
https://www.ubereats.com/tampa/food-delivery/new-china-7013-n-himes-ave/Nmu4WvHJSPCWMtAVyY1HRw,university-florida
https://www.ubereats.com/tampa/food-delivery/palaus-restaurant/auLw7ZIdT1yLwOrq-O3VmA,university-florida
https://www.ubereats.com/tampa/food-delivery/outback-steakhouse-11308-north-56th-street/iAx1OSVjTU2FXcG65e7ieQ,university-florida
https://www.ubereats.com/tampa/food-delivery/bula-kavananda/03tJj7YsRkCICP83q-Dzuw,university-florida
https://www.ubereats.com/tampa/food-delivery/krispy-krunchy-chicken/Z2s3DXDPRs2ZI4kIv9YfTg,university-florida
https://www.ubereats.com/tampa/food-delivery/kfc-2212-e-fowler-avenue/Ol3puc7cQIeeAa3H-HvUDg,university-florida
https://www.ubereats.com/tampa/food-delivery/gyro-cafe/t0uXspaqSci-0GXZ3HfcSw,university-florida
https://www.ubereats.com/tampa/food-delivery/gyro-zone/NEcM3sNeQIOUCqgIRIF-vg,university-florida
https://www.ubereats.com/tampa/food-delivery/chronic-tacos-10420-n-dale-mabry-hwy/gRVIDPcdR1qElpAImYoVUQ,university-florida
https://www.ubereats.com/tampa/food-delivery/tareks-cafe-usf/OFx2p7-TRCiRHh-8yjWntQ,university-florida
https://www.ubereats.com/tampa/food-delivery/mojo-coffee-%26-tea-bar/_uSgn--FRGiIaFL7GSletg,university-florida
https://www.ubereats.com/tampa/food-delivery/dosi-rak/KDmvGrfmQkKBYEs5wzf3JA,university-florida
https://www.ubereats.com/tampa/food-delivery/clean-juice-13138-north-dale-mabry-highway/l0fKP_2uSN2vbw3BrS5LJw,university-florida
https://www.ubereats.com/tampa/food-delivery/sushi-house-ybor-city/CV6-n-tVTmCUlIBid304FA,university-florida
https://www.ubereats.com/tampa/food-delivery/glorirods-coffee-shop/JKPZ99pITH20E8re3bH6TA,university-florida
https://www.ubereats.com/tampa/food-delivery/panini-bar-%26-grill/JeaP3iWeRT6NrlgLb585sg,university-florida
https://www.ubereats.com/tampa/food-delivery/jamaica-jamaica-island-cuisine/RSlBZlGfSEeibsvCxxt8FQ,university-florida
https://www.ubereats.com/tampa/food-delivery/wingets/FhiEXKBBRcqGwsLTTmwhdg,university-florida
https://www.ubereats.com/tampa/food-delivery/wings-and-burgers/y8MsJ9yZTt2QJn7VCGGEvA,university-florida
https://www.ubereats.com/tampa/food-delivery/china-garden-nebraska-tampa/XluHGm9TS2u1D8x3jgSP9Q,university-florida
https://www.ubereats.com/tampa/food-delivery/tampa-bay-j-cafe/yo1KB-FAR1qnZsKUJ0sSLA,university-florida
https://www.ubereats.com/tampa/food-delivery/shells-seafood-restaurant-busch-gardens/Tj4OA7xGQCqPreUH3BSTqw,university-florida
https://www.ubereats.com/tampa/food-delivery/thai-mama/QiI3SxHBSGWOEwpYHbxYFw,university-florida
https://www.ubereats.com/tampa/food-delivery/jon-smith-subs-lutz/v5Zve_NJR_GS_CwyCGFLwA,university-florida
https://www.ubereats.com/tampa/food-delivery/the-brunchery/KhCCB6SVSU20H4CvnHNY1A,university-florida
https://www.ubereats.com/tampa/food-delivery/4-rivers-smokehouse-carrollwood/yOEy8LULRcOWsrVkNMjmWw,university-florida
https://www.ubereats.com/tampa/food-delivery/fish-bowl-kitchen/CaxdIfleQEu_sj3KqYpxUg,university-florida
https://www.ubereats.com/tampa/food-delivery/karib-restaurant-llc/n7nWcFIeR6OlxqJxOZJwnQ,university-florida
https://www.ubereats.com/tampa/food-delivery/vjk-japan/ylaMbeB1S6ahtzYNXwWIAA,university-florida
https://www.ubereats.com/tampa/food-delivery/beef-o-bradys-lutz/IYsU553nRLWqtUB4UrOV8Q,university-florida
https://www.ubereats.com/tampa/food-delivery/wawa-5196-8325-n-florida-ave/xy7_4vb0RfuE_kfQJcHXmw,university-florida
https://www.ubereats.com/tampa/food-delivery/black-rock-bar-%26-grill/qyHqmfEWQqKFkwZ0zMODGQ,university-florida
https://www.ubereats.com/tampa/food-delivery/china-taste/VENn-ZLSSbK5QEPRgXASzQ,university-florida
https://www.ubereats.com/tampa/food-delivery/the-latin-spot/wyG79at6QpSYk8qQRq7pIg,university-florida
https://www.ubereats.com/tampa/food-delivery/dunkin-11302-n-dale-mabry-hwy/lqNx8KJ-Tcax0dglNmtQoQ,university-florida
https://www.ubereats.com/tampa/food-delivery/greenland-grill/-S-DPZSIRrCzs3I_zGmX-A,university-florida
https://www.ubereats.com/tampa/food-delivery/mcdonalds-8214-n-florida-ave/8cwQ4ouDSuqNNm-DGkJDFg,university-florida
https://www.ubereats.com/tampa/food-delivery/mamas-kitchen/wcwiKUaRTBK3rAlaLXzwjQ,university-florida
https://www.ubereats.com/tampa/food-delivery/jazzys-bbq-town-n-country/HigRk4AmSaKay9A3oM4SsQ,university-florida
https://www.ubereats.com/tampa/food-delivery/kekes-breakfast-cafe-carrollwood/B0UQjPNNTyam15JUkS2rHw,university-florida
https://www.ubereats.com/tampa/food-delivery/subway-2501-1-w-busch-blvd/SyyzmM1NQ0KoVg7DWpVdjA,university-florida
https://www.ubereats.com/tampa/food-delivery/ice-dreammm-shop/HWU7K6YtSrK8_lLv2209bw,university-florida
https://www.ubereats.com/tampa/food-delivery/station-house-bbq/PHPtzDpBTauhpmmqRRrMYQ,university-florida
https://www.ubereats.com/tampa/food-delivery/zentu-cafe/Cu4bdFOUR8iRVk-aF2g5Ag,university-florida
https://www.ubereats.com/tampa/food-delivery/firehouse-subs-e-fowler-ave-%26-club-dr/PfAau4vzS8CO6gQ7KjZgZw,university-florida
https://www.ubereats.com/tampa/food-delivery/oakleys-grille/t9R8cTJTTxaWDMU9z-7MnA,university-florida
https://www.ubereats.com/tampa/food-delivery/hungry-howies-7620-gunn-hwy/qkPf46M1ShOBSdxBpzTgUA,university-florida
https://www.ubereats.com/tampa/food-delivery/maikels-kitchen/sE7zpUY-QOmh2JyNk6klhg,university-florida
https://www.ubereats.com/tampa/food-delivery/the-ice-cream-shop/BrHDcX6zSO2q0Ji0tGpLVQ,university-florida
https://www.ubereats.com/tampa/food-delivery/m%26r-cafe-southern-cuisine/gVy2C8DlRca5HwQ1AIsi4g,university-florida
https://www.ubereats.com/tampa/food-delivery/wendys-13119-n-dale-mabry/4gmhF1qRRl2z2Lj_-rrNNw,university-florida
https://www.ubereats.com/tampa/food-delivery/casita-mexicana/Cb5FrFbEQPyxyqJigghW7Q,university-florida
https://www.ubereats.com/tampa/food-delivery/golden-bakery-and-restaurant/NOp_mklkQ_KvIQ6BLGbbKQ,university-florida
https://www.ubereats.com/tampa/food-delivery/burger-king-2902-east-fletcher-avenue/_KbPkaEvS3y1-j3QeyuqBg,university-florida
https://www.ubereats.com/tampa/food-delivery/godavari/UnAV9GWgSzaHQULVnpaBCQ,university-florida
https://www.ubereats.com/tampa/food-delivery/checkers-8800-n-56th-street/L-cy-7tzTFq2jGtkBYMHCQ,university-florida
https://www.ubereats.com/tampa/food-delivery/thai-sweet-basil/BPpDBpnXRXCvF0Trse46YQ,university-florida
https://www.ubereats.com/tampa/food-delivery/juice-factory/tvvL_OkWQySViVdytXUF1g,university-florida
https://www.ubereats.com/tampa/food-delivery/dunkin-330-w-fletcher-ave/OQwv8BMzQba_jZxI5cpYNA,university-florida
https://www.ubereats.com/tampa/food-delivery/hungry-howies-carrollwood/dFBiammLQ1KJIYyWWWBaGg,university-florida
https://www.ubereats.com/tampa/food-delivery/wawa-5139-5702-w-waters-ave/sZPii6XdS_i9EZrgEsNjHQ,university-florida
https://www.ubereats.com/tampa/food-delivery/el-gallo-de-oro/_xm4MFHsQkar8O29sJ56Fg,university-florida
https://www.ubereats.com/tampa/food-delivery/chill-bar-ice-cream/CquUHrghQ_uKNPX-QlBp3w,university-florida
https://www.ubereats.com/tampa/food-delivery/boston-market-16215-n-dale-mabry/xBTh7q0KTPO0sRLf_v7uJA,university-florida
https://www.ubereats.com/tampa/food-delivery/china-dragon/aroocafgT32dDpOFydpNvw,university-florida
https://www.ubereats.com/tampa/food-delivery/poke-point/lmKg9CrPQE2697DJexbLyQ,university-florida
https://www.ubereats.com/tampa/food-delivery/saigon-bay-vietnamese-restaurant/Lp4pB1ddTI-4e18gUo3JlA,university-florida
https://www.ubereats.com/tampa/food-delivery/yummy-house-china-bistro-hillsborough-ave/tAUJvMf5Sf6gc6pYPNWRmw,university-florida
https://www.ubereats.com/tampa/food-delivery/oronzo-honest-italian/v1rFVml2QPS0-fPnF4uS3Q,university-florida
https://www.ubereats.com/tampa/food-delivery/bento-asian-kitchen-%2B-sushi-fowler-ave/Rq17Q_METiyijntunrh9dA,university-florida
https://www.ubereats.com/tampa/food-delivery/hungry-howies-usf-%233064/2PIGu2Z7Q8WPYekBGvTDeQ,university-florida
https://www.ubereats.com/tampa/food-delivery/frank-and-papi-latin-restaurant/aMJXp08YT6O-MNm9euIgjQ,university-florida
https://www.ubereats.com/tampa/food-delivery/wendys-17951-north-dale-mabry-highway/vP0Gvz_5TzmlRPJeHqHy2A,university-florida
https://www.ubereats.com/tampa/food-delivery/chicken-yummy/xfaCMJxoScC9G-iMmOzrcQ,university-florida
https://www.ubereats.com/tampa/food-delivery/babushkas/9sChAoABTz6SKSMfUBGCPA,university-florida
https://www.ubereats.com/tampa/food-delivery/lillie-maes-southern-cafe-3745-n-50th-st/IoSTt2U9T6qH51-18N5hxw,university-florida
https://www.ubereats.com/tampa/food-delivery/taqueria-el-girasol/1--NmdJgQJWBifLvUUOS7Q,university-florida
https://www.ubereats.com/tampa/food-delivery/outback-steakhouse-10918-n-dale-mabry-highway/s7ijdQS3QhOE_y0Bl8cc2Q,university-florida
https://www.ubereats.com/tampa/food-delivery/famous-kabab/yLK2jSEiTQiQqx1uSxLtrw,university-florida
https://www.ubereats.com/tampa/food-delivery/tequila-mexican-restaurant-and-grill/QvT_qKmjTpir1EIhkdSUXA,university-florida
https://www.ubereats.com/tampa/food-delivery/flemings-prime-steakhouse-%26-wine-bar-tampa/y6oIXVEBSpq1LjaqnxVcpg,university-florida
https://www.ubereats.com/tampa/food-delivery/a%26w-restaurant-1707-e-fowler-ave/XdmvOiTWR86O3J8dvV4nAg,university-florida
https://www.ubereats.com/tampa/food-delivery/ichicoro-imoto/-cvO2L-2Q1y-1wKRoJ7_mA,university-florida
https://www.ubereats.com/tampa/food-delivery/brocatos-sandwich-shop/TT0qmVFoTd2cuE2ewPUeAQ,university-florida
https://www.ubereats.com/tampa/food-delivery/dunkin-2086-w-busch-blvd/WIC77jKvQueLN25De-1h7g,university-florida
https://www.ubereats.com/tampa/food-delivery/otsuka-ramen/vD7ARlDKRyu4abgZzDTPPA,university-florida
https://www.ubereats.com/tampa/food-delivery/green-land-restaurant-busch/2uH3GnslTRuOeog1uv3vBg,university-florida
https://www.ubereats.com/tampa/food-delivery/millers-ale-house-tampa-usf/M3zBjAgPTWm6xVlaYkFgog,university-florida
https://www.ubereats.com/tampa/food-delivery/new-york-new-york-pizza-temple-terrace/rOduoH8WSNitAoqv6ttxaA,university-florida
https://www.ubereats.com/tampa/food-delivery/heights-seafood/xWqdZFqITVWnZkpBWD86iA,university-florida
https://www.ubereats.com/tampa/food-delivery/tgi-fridays-587-tampa-fl/gu3VVPOsRH6bkJ0WTDkqtg,university-florida
https://www.ubereats.com/tampa/food-delivery/winghouse-of-brandon/eG4GbpKGQxGkcIvyJ0BRNA,university-florida
https://www.ubereats.com/tampa/food-delivery/pollo-tropical-15298-n-dale-mabry-hwy/dqnwBMEjR_K4qrha8U25WQ,university-florida
https://www.ubereats.com/tampa/food-delivery/vegan-international-co/wwwQhfnWQ-OPE3WoKYfxRA,university-florida
https://www.ubereats.com/tampa/food-delivery/cracker-barrel-old-country-store-3125-cove-bend-drive/Kj7AGWrLRsKNWnSJhnGc2Q,university-florida
https://www.ubereats.com/tampa/food-delivery/poke-falls/BTph-xP1RqurN2a6wTF0wA,university-florida
https://www.ubereats.com/tampa/food-delivery/pizza-mania/j2SXHievRJeU2YmhAuor9w,university-florida
https://www.ubereats.com/tampa/food-delivery/dough-nation/zd5b3FOfT6m5MmMLF5Cfdw,university-florida
https://www.ubereats.com/tampa/food-delivery/xtremebody-nutrition/t87hw_-KSt2vlrfHFEDpHQ,university-florida
https://www.ubereats.com/tampa/food-delivery/salems-fresh-eats-fletcher/9RQYwrq3S2icqZ01xpCMHQ,university-florida
https://www.ubereats.com/tampa/food-delivery/latin-deli/uOn0etuOQN-YdjtZP22L_A,university-florida
https://www.ubereats.com/tampa/food-delivery/m%26r-cafe-southern-cuisine/yKpB1bVRSlKRRNKXC82hww,university-florida
https://www.ubereats.com/tampa/food-delivery/candor-grille/rH2oi7ZbRSu9zol3_hhUWw,university-florida
https://www.ubereats.com/tampa/food-delivery/portillos-hot-dogs-2102-e-fowler-ave/WZpLpAGvTTiNSX6NZOHWCA,university-florida
https://www.ubereats.com/tampa/food-delivery/cafe-artemisa/G7hcH3oTR1qG8SMKtqh2jw,university-florida
https://www.ubereats.com/tampa/food-delivery/bnb-at-armature-works/BjFHx5C6TLeH2Z7eV70kDA,university-florida
https://www.ubereats.com/tampa/food-delivery/maloneys-local-irish-pub-westchase/YmP1FXFeT9KZQq4u8n_IQg,university-florida
https://www.ubereats.com/tampa/food-delivery/hungry-howies-%233019-northdale-lutz/sAMLM3d5T6WG3Dw-_wUFmg,university-florida
https://www.ubereats.com/tampa/food-delivery/mcdonalds-tampa-palms/4TfmVvjKTqG2e7CVJn3Exg,university-florida
https://www.ubereats.com/tampa/food-delivery/taco-bell-2016-north-50th-street/MF979runTFKMk6Iy5bofmg,university-florida
https://www.ubereats.com/tampa/food-delivery/ihop-busch-blvd/tu4ILhtlSj29xV-Of8z-4A,university-florida
https://www.ubereats.com/tampa/food-delivery/taco-bell-2921-e-busch-blvd/ZkeFIQQeR3W_6G1_qSlljQ,university-florida
https://www.ubereats.com/tampa/food-delivery/xilo-%26-kofe/Hf2vMpHrSsmV8Zq9l6Ha9A,university-florida
https://www.ubereats.com/tampa/food-delivery/tierra-mexicana-restaurant/mx-UE4DHThWvAHUiQj1fjA,university-florida
https://www.ubereats.com/tampa/food-delivery/dennys-1700-e-fowler-ave/Jqkf1DOAT36iZoGknHsMXw,university-florida
https://www.ubereats.com/tampa/food-delivery/moes-southwest-grill-670/m8hm4LBdTqOGWogg6bN8xg,university-florida
https://www.ubereats.com/tampa/food-delivery/hong-kong-chinese-restaurant-brandon/zfNUBtOQRnmOlvRoNaIzLw,university-florida
https://www.ubereats.com/tampa/food-delivery/astro-ice-cream/lLqohKejRM2wQPEzlUVNVw,university-florida
https://www.ubereats.com/tampa/food-delivery/circle-k-17402-dona-michelle-blvd/F5Uexj_LRnuar_BTpFhSqA,university-florida
https://www.ubereats.com/tampa/food-delivery/boston-market-7503-w-waters-avenue/PUcXl7WASQC38d0YiDZU6A,university-florida
https://www.ubereats.com/tampa/food-delivery/checkers-107-w-waters-ave/2KmIrgNvRna62gc6yzuEHw,university-florida
https://www.ubereats.com/tampa/food-delivery/pizza-hut-10694-n-56th-st-%237/66-mVy44SeWQfySWJ4m5MA,university-florida
https://www.ubereats.com/tampa/food-delivery/wing-boyz/ActNYR8jRu2X7N22qziRKg,university-florida
https://www.ubereats.com/tampa/food-delivery/taco-bus-zambito/_ic2WqKwTVexyu1pMvWLvA,university-florida
https://www.ubereats.com/tampa/food-delivery/stonewood-grill-%26-tavern-palm-pointe/j5Orzl71TUu-NaMWSBL0sg,university-florida
https://www.ubereats.com/tampa/food-delivery/la-segunda-central-bakery/fEPxbUm1SG2tGXQFoh8XRQ,university-florida
https://www.ubereats.com/tampa/food-delivery/subway-14941-n-dale-mabry-hwy/a-s_wp9xS_mCXuQO2eoAyQ,university-florida
https://www.ubereats.com/tampa/food-delivery/pholicious/8LcTwfisRWyNrr_oSCYLoQ,university-florida
https://www.ubereats.com/tampa/food-delivery/alvarez-authentic-latin-food-2/hRX8NqvsSF2xTlzvvlkGMg,university-florida
https://www.ubereats.com/tampa/food-delivery/tiny-bites/L9z7r2iTTGSFuM0eBT3_GA,university-florida
https://www.ubereats.com/tampa/food-delivery/taco-alvarez/PhKhMn8-RW6_n1-l3KppJA,university-florida
https://www.ubereats.com/tampa/food-delivery/carrabbas-5515-e-fowler-ave/hskWPNKSRXq_DC_fg_zrow,university-florida
https://www.ubereats.com/tampa/food-delivery/winghouse-tampa-stadium/wgvnTdowTIidMTmHUrVHNg,university-florida
https://www.ubereats.com/tampa/food-delivery/fresh-healthy-cafe-tampa/Ju-6e0HUSGWDGQxyQc7lJg,university-florida
https://www.ubereats.com/tampa/food-delivery/posidon-mediterranean-cuisine/cuZ--aLBQ3S30TkSCSSqFA,university-florida
https://www.ubereats.com/tampa/food-delivery/sabines-gout-creole/9qUe9uw5QR-TBCZ6Jtk4xg,university-florida
https://www.ubereats.com/tampa/food-delivery/the-hungry-greek-wesley-chapel/claIiIloS_2ntt9hyKT8pw,university-florida
https://www.ubereats.com/tampa/food-delivery/pizza-villa/Cq3i55FKTlikD8PnYVs3rA,university-florida
https://www.ubereats.com/tampa/food-delivery/little-greek-carrollwood/8okjGBCVS9yMma1rQybQRQ,university-florida
https://www.ubereats.com/tampa/food-delivery/chop-chop-shop/C8p0G26JRQGCcAAl0B36Gg,university-florida
https://www.ubereats.com/tampa/food-delivery/riverside-seafood-restaurant/wIlyVdsgQQmFyEJ4FP-doQ,university-florida
https://www.ubereats.com/tampa/food-delivery/umami-sushi/fbcZrzt7S7eE7whNFSvU9A,university-florida
https://www.ubereats.com/tampa/food-delivery/king-of-falafel/RpxtW60QQcO1V6UyIJsRNg,university-florida
https://www.ubereats.com/tampa/food-delivery/clementine-baked/Ntgq4yK6T_Sb_R2EeQ2nCw,university-florida
https://www.ubereats.com/tampa/food-delivery/7th-%2B-grove/PqDMx99NQQeub_Cd0Begsw,university-florida
https://www.ubereats.com/tampa/food-delivery/island-crew-restaurant-and-catering-services/7UlKkjZoQRqL2AZ_-rNLRw,university-florida
https://www.ubereats.com/tampa/food-delivery/origami-sushi/1Oj2MR3SR6q03ohhDfg0yA,university-florida
https://www.ubereats.com/tampa/food-delivery/maloneys-local-irish-pub-carrollwood/7c-WbGH2TtSIw-YYuTOvxA,university-florida
https://www.ubereats.com/tampa/food-delivery/40th-st-restaurant/jE8_xiJbSzKwu0Bp0O1Ldg,university-florida
https://www.ubereats.com/tampa/food-delivery/forest-hills-grocery-%26-bbw/vTPf7vGlTfKcUXrg74bu2A,university-florida
https://www.ubereats.com/tampa/food-delivery/subway-8840-n-56th-st/YvruKdk2TDS57v6tuYZxNg,university-florida
https://www.ubereats.com/tampa/food-delivery/irish-31-wiregrass/gwV_EP6cTNawyT70QrSomg,university-florida
https://www.ubereats.com/tampa/food-delivery/frappe-el-artesano/OikJyddiRg-_-dSQhbfQ7w,university-florida
https://www.ubereats.com/tampa/food-delivery/la-cabana-restaurant-seminole-heights/8Yoi6pMySIuI_BKICAFU-A,university-florida
https://www.ubereats.com/tampa/food-delivery/kabob-express-downtown/CIbCccORSX2cJ2SNY8TxNQ,university-florida
https://www.ubereats.com/tampa/food-delivery/station-house-bbq/rQmKDlTTT3WmkHbskrymZg,university-florida
https://www.ubereats.com/tampa/food-delivery/pizza-hut-902-w-busch-blvd-ste-110/GIfchh-PRZ-IXCHK-vSs-A,university-florida
https://www.ubereats.com/tampa/food-delivery/taco-bell-22744-state-rd-54/ISuiy6ekSe6XAEtEAA58_Q,university-florida
https://www.ubereats.com/tampa/food-delivery/taqueria-emanuel-westshore/A5QUnrOlTKGw53hdmSSnyw,university-florida
https://www.ubereats.com/tampa/food-delivery/trianacaribbean-cuisine/FiBRmFP3Ti21rbWo-7hEBA,university-florida
https://www.ubereats.com/tampa/food-delivery/krystal-2625-w-hillsborough-ave/vDhjdzVzS2yJ1jjTIbsZ5A,university-florida
https://www.ubereats.com/tampa/food-delivery/mama-rosas-pizza/xXrudKbYSzWdO5pHpS7Hiw,university-florida
https://www.ubereats.com/tampa/food-delivery/red-lobster-11601-n-dale-mabry/ud1I4Hb_S9qmnagkIt0CUg,university-florida
https://www.ubereats.com/tampa/food-delivery/thai-cafe-modern/j2ILcbYdSASesk8II1eG0A,university-florida
https://www.ubereats.com/tampa/food-delivery/sgyros/mX2sm4OaQHCCdRXbtCNG1w,university-florida
https://www.ubereats.com/tampa/food-delivery/taqueria-mi-rancho-carrollwood/7jHnVcPoQ7K-AYeLabpBew,university-florida
https://www.ubereats.com/tampa/food-delivery/wing-king-of-fletcher/AHh3olHETjmmPwg8SXoynw,university-florida
https://www.ubereats.com/tampa/food-delivery/crazy-burrito/7Z7Qzz2ySH2DW4CnCYXpoA,university-florida
https://www.ubereats.com/tampa/food-delivery/girl-and-a-grill/-1LhC7gdRUy4v_YUISq3EA,university-florida
https://www.ubereats.com/tampa/food-delivery/the-ice-cream-shop/89GVo30xQJibFelNfl6JBQ,university-florida
https://www.ubereats.com/tampa/food-delivery/planet-smoothie-collier-pkwy/Wd3MnIyzSFSKq0osiDZatA,university-florida
https://www.ubereats.com/tampa/food-delivery/minerva-indian-restaurant/hOQ7MH7DROauXT9jKbpM7Q,university-florida
https://www.ubereats.com/tampa/food-delivery/blenders-smoothies/ktmsnYE9SlObECQZnWXJ5g,university-florida
https://www.ubereats.com/tampa/food-delivery/buffalo-wild-wings-26725-sr-56/ztSel_OPRRuF02Ryp8PHeA,university-florida
https://www.ubereats.com/tampa/food-delivery/kurried/5UfqXrVfTWa58IfYlzJgDQ,university-florida
https://www.ubereats.com/tampa/food-delivery/the-ice-cream-shop/w9nCnUHlT7CpZYna73-01w,university-florida
https://www.ubereats.com/tampa/food-delivery/don-pancho-tacos-and-more/PjNYCzyoQMym89AJIyRyzA,university-florida
https://www.ubereats.com/tampa/food-delivery/cold-stone-creamery-new-tampa/Sm5oosoNSY2QvXRunN6umQ,university-florida
https://www.ubereats.com/tampa/food-delivery/river-city-smokehouse/YBbvEAw6S8ijVecHIV7QXw,university-florida
https://www.ubereats.com/tampa/food-delivery/aroi-thai-tsuyu-sushi/jFurOaNGSPSrlKK3pI6aYQ,university-florida
https://www.ubereats.com/tampa/food-delivery/kekes-breakfast-cafe-lutz/pW6JHYwCSpW-0EhQDSmseQ,university-florida
https://www.ubereats.com/tampa/food-delivery/sapori-ditalia/8k42j0cVTle3hIR7ZIcYFA,university-florida
https://www.ubereats.com/tampa/food-delivery/genuino-italian-cafe/VSrlOeXBTMili0Cao_iPew,university-florida
https://www.ubereats.com/tampa/food-delivery/fushia-asian-bistro/kKK2V-vzQHGZL-301POEAw,university-florida
https://www.ubereats.com/tampa/food-delivery/pastries-n-chaat-tampa/WtyCQyBKT2CEaiFLbZHmvg,university-florida
https://www.ubereats.com/tampa/food-delivery/7043-bonefish-grill-1640-bruce-b-downs-blvd/vAX8OKyFRPaj0IiNw6Ibvw,university-florida
https://www.ubereats.com/tampa/food-delivery/asian-cuisine-chinese-restuarant/xojGauG_TLaCObwPWf-6tg,university-florida
https://www.ubereats.com/tampa/food-delivery/lima-rotisserie-chicken-and-peruvian-cuisine/Fy8mmoD0QAyoWTErofNEZA,university-florida
https://www.ubereats.com/tampa/food-delivery/fords-garage-wesley-chapel/P15HPY-NTUqaCeSUprMFSQ,university-florida
https://www.ubereats.com/tampa/food-delivery/dairy-queen-grill-%26-chill-23671-state-rd-54/H4SqineUSImPBh3Lc-z3tQ,university-florida
https://www.ubereats.com/tampa/food-delivery/king-state/Wj1nwIkySfqCPX8psOpbpw,university-florida
https://www.ubereats.com/tampa/food-delivery/yogurtology-carrollwood/VaStN7Y0TAa36vLMKdfcWQ,university-florida
https://www.ubereats.com/tampa/food-delivery/hungry-harrys-family-bar-b-que-land-o-lakes/rFkVzNgySuODkOI0H8mJlA,university-florida
https://www.ubereats.com/tampa/food-delivery/burger-king-3911-van-dyke-road/c9448Wu_QPyGIikJEEVdnQ,university-florida
https://www.ubereats.com/tampa/food-delivery/pretty-baked/yQ3ojeC2RV-pvCTN9PaT5Q,university-florida
https://www.ubereats.com/tampa/food-delivery/wicked-oak-barbeque/GcowrAuiTJ2zy5_Y7LhoDA,university-florida
https://www.ubereats.com/tampa/food-delivery/the-ice-cream-shop/9LABt84CRfqB41_zT6AnkQ,university-florida
https://www.ubereats.com/tampa/food-delivery/kung-fu-tea-tampa/IcyXcKboSVKiyM22tME_Hg,university-florida
https://www.ubereats.com/tampa/food-delivery/dunkin-13510-cypress-glenn-lane/Z_rfGketTFK8CsrXO-Vc8A,university-florida
https://www.ubereats.com/tampa/food-delivery/anthonys-coal-fired-pizza-carrollwood/8xpYNBU8RD-1wMxO-AazcQ,university-florida
https://www.ubereats.com/tampa/food-delivery/3-brothers-pizza/7rFtA7kPRyOfmWVbDGOmIg,university-florida
https://www.ubereats.com/tampa/food-delivery/u-poke-spot/BDrV_SUbQ9mNJKX5rnrnTw,university-florida
https://www.ubereats.com/tampa/food-delivery/pinch-a-taco/zvfEwNkzSU-e8DjDgrqnCw,university-florida
https://www.ubereats.com/tampa/food-delivery/5-star-dive-bar/BmuhBSaBRYCp3ERQXx9eLw,university-florida
https://www.ubereats.com/tampa/food-delivery/tropical-cuisine/m65olbKtRr-q43Mn-s4PXg,university-florida
https://www.ubereats.com/tampa/food-delivery/onur-food-market/0B7ctZb2QmaRz9q4y1FMpw,university-florida
https://www.ubereats.com/tampa/food-delivery/pepes-latin-cafe/TGuaV0ZXTdyjWMNiv7eS0Q,university-florida
https://www.ubereats.com/tampa/food-delivery/latin-fresh-market/HRH21kSfTNS0FcTEI11A1A,university-florida
https://www.ubereats.com/tampa/food-delivery/jets-pizza-tampa/VRqr_ja-Ro6hSVRHA88XlA,university-florida
https://www.ubereats.com/tampa/food-delivery/cuenellis-rotisserie-chicken/iYfh3ZK8TtiSB8dsnLgvNQ,university-florida
https://www.ubereats.com/tampa/food-delivery/taco-bus-usf/3FlqWFiEQ6qTkUXUIZWiIQ,university-florida
https://www.ubereats.com/tampa/food-delivery/wendys-13712-bruce-b-downs-blvd/eOZx1wMbRYaAuXv0h5A4jA,university-florida
https://www.ubereats.com/tampa/food-delivery/hawkeyes-new-york-pizza-and-pasta/jInqqBuvRbOMa7Lnbd2Yvg,university-florida
https://www.ubereats.com/tampa/food-delivery/pizza-famiglia/h3QKtDGlSOyZtpgNfqtAqg,university-florida
https://www.ubereats.com/tampa/food-delivery/saucy-lady/CC-Ifdz8TtWe_xSeDnz7PQ,university-florida
https://www.ubereats.com/tampa/food-delivery/e%26j-fish-and-chips/eHi_Y2bxQEKO8WoEgfZYzg,university-florida
https://www.ubereats.com/tampa/food-delivery/kfc-3202-e-hillsborough-avenue/NP9A1zSeR2eB9iO0OX2m2Q,university-florida
https://www.ubereats.com/tampa/food-delivery/taco-bus-mlk/F2ZMb0UuR3q5SZuIBMBb_A,university-florida
https://www.ubereats.com/tampa/food-delivery/smokey-bones-citrus-park/AuU2ixo4SfaschFctiFSXw,university-florida
https://www.ubereats.com/tampa/food-delivery/tropical-cuisine/UUQyCZhhRe6vLXOH7xOntg,university-florida
https://www.ubereats.com/tampa/food-delivery/starbucks-n-dale-mabry-%26-linebaugh/c578Rvh-SX2h0iS7N6YleA,university-florida
https://www.ubereats.com/tampa/food-delivery/big-bellys/JxFCVL02TX6WOHK3SJ8Fvw,university-florida
https://www.ubereats.com/tampa/food-delivery/pj-dolans-irish-pub-%26-grille-usf/MwVYr8MiSmaO664vaYDE4A,university-florida
https://www.ubereats.com/tampa/food-delivery/good-taste/W3kzWDeWSz-p1qxBGy1nkg,university-florida
https://www.ubereats.com/tampa/food-delivery/grain-and-berry-new-tampa/t_cut6qmQr-ygmdOUt2zzg,university-florida
https://www.ubereats.com/tampa/food-delivery/china-gate-anderson/FvKEDo3hRr-R3kPzFttP7A,university-florida
https://www.ubereats.com/tampa/food-delivery/the-ice-cream-shop/-RMuebQoT_SvrTgMcE8o2g,university-florida
https://www.ubereats.com/tampa/food-delivery/mcdonalds-104-w-bearss-ave/5LUnYlcwSpaPfyOkn19hyQ,university-florida
https://www.ubereats.com/tampa/food-delivery/nicos-arepas-grill/bZBminJNTr25P4-waak3UQ,university-florida
https://www.ubereats.com/tampa/food-delivery/xpress-pizza/gz3dcUojTe-2mBOZcFJHTw,university-florida
https://www.ubereats.com/tampa/food-delivery/the-stone-soup-company-ybor-city/ecjLiNDPTHOAJBOqe11AOQ,university-florida
https://www.ubereats.com/tampa/food-delivery/starbucks-fletcher-and-telecom/m0Fdfpz9Sq-oqZjJAtgt8w,university-florida
https://www.ubereats.com/tampa/food-delivery/pdq-carrollwood/YU0KWGVRSu6VjwM5TF8BRA,university-florida
https://www.ubereats.com/tampa/food-delivery/mr-junior-latin-food/pLDLtgCXSvigt96fuLsodg,university-florida
https://www.ubereats.com/tampa/food-delivery/the-revolution-ice-cream-tampa/gyyQWrUTQ0OdO_HZ3sYDSw,university-florida
https://www.ubereats.com/tampa/food-delivery/el-tacolgando/tR_iqhacTbi8E2jT8S_FSQ,university-florida
https://www.ubereats.com/tampa/food-delivery/kfc-3509-e-busch-boulevard/Q7SVTBH8RMuBttEeNqEJqQ,university-florida
https://www.ubereats.com/tampa/food-delivery/salems-fresh-eats-hillsborough-ave/FnoIgIsiQrGMwbU4mddYhg,university-florida
https://www.ubereats.com/tampa/food-delivery/one-stop-jerk-center/p8G9qY23Rfah_TiSxXEkPQ,university-florida
https://www.ubereats.com/tampa/food-delivery/the-ice-cream-shop/xJSfXuiZSjSe2MAyhIUE0A,university-florida
https://www.ubereats.com/tampa/food-delivery/four-brothers-eatery/3uF8qg6YTheuUS6W077ipQ,university-florida
https://www.ubereats.com/tampa/food-delivery/rodrigos-kitchen-in-charlottes-cabaret/rLjS9KB0RzqsUKv3OOi-RA,university-florida
https://www.ubereats.com/tampa/food-delivery/bodega-seminole-heights/fD209T-lQseQsXRN0ww7cA,university-florida
https://www.ubereats.com/tampa/food-delivery/lil-bits-little-bit-of-everything/Pfrgv0mBRNqMyxkJkTNinQ,university-florida
https://www.ubereats.com/tampa/food-delivery/la-perrada-colombiana-tampa-fl/SY5jWcR-QairbY8IiJoMfA,university-florida
https://www.ubereats.com/tampa/food-delivery/baes-burgers-and-gyros/6GDphXxQQFCiyJ3-aTuOAA,university-florida
https://www.ubereats.com/tampa/food-delivery/subway-9513-east-fowler-ave/lGMs6HIHS4aOoGlVnqk-9g,university-florida
https://www.ubereats.com/tampa/food-delivery/munchies-brandon/ozoyrKpsRju9RiZWPWgjew,university-florida
https://www.ubereats.com/tampa/food-delivery/chick-fil-a-3019-cove-bend-dr/7QvJzh3LSeOh5F8PP8TjXg,university-florida
https://www.ubereats.com/tampa/food-delivery/chipotle-mexican-grill-2576-e-fowler-ave/EsVPgi6yTYymLvDs5iUnyw,university-florida
https://www.ubereats.com/tampa/food-delivery/the-american-bar-and-grille/2HIxUcRpT3iwACBgKbUmvg,university-florida
https://www.ubereats.com/tampa/food-delivery/the-hungry-greek-lutz/y0g3Z9PIQauBYnhUv3DKXA,university-florida
https://www.ubereats.com/tampa/food-delivery/grain-and-berry-carrollwood/jX5mhZbsQqizlS2_sBSySA,university-florida
https://www.ubereats.com/tampa/food-delivery/holy-hog-bbq-carrollwood/TipUVz9iSiq82owFsqoBww,university-florida
https://www.ubereats.com/tampa/food-delivery/empamamas/iNZMjNU2QqmCxpeKPW0_Rg,university-florida
https://www.ubereats.com/tampa/food-delivery/pal-campo-restaurant-tampa/G1TbWvVkSguXRWf98U_5iA,university-florida
https://www.ubereats.com/tampa/food-delivery/beef-o-bradys-15784-n-dale-mabry-hwy/1htzDyRoRQm7pewOI87_ww,university-florida
https://www.ubereats.com/tampa/food-delivery/burger-king-14999-north-florida-avenue/xZtMt1NbTaeb5f242E9mCA,university-florida
https://www.ubereats.com/tampa/food-delivery/umu-japanese-%26-thai/-phB2vIXR7Omn0ghpWmLHg,university-florida
https://www.ubereats.com/tampa/food-delivery/arbys-2230-e-fletcher-ave/yRZk-YF8Tg-Ks-TMRK4qtA,university-florida
https://www.ubereats.com/tampa/food-delivery/hong-kong/NS5U3dgnRqWnNHEqe__psw,university-florida
https://www.ubereats.com/tampa/food-delivery/pisco-restaurant-and-bar/7_b24vhXR4OJ8OFp-JOX2A,university-florida
https://www.ubereats.com/tampa/food-delivery/la-fiebre-del-sabor-criollo/8sJ82z-ET1CK7zCyb8eGvA,university-florida
https://www.ubereats.com/tampa/food-delivery/jersey-mikes-bruce-b-downs-blvd-%26-williamsburg-dr/RRYaHA9xTRSz47zpS2I-1w,university-florida
https://www.ubereats.com/tampa/food-delivery/wendys-13565-cypress-glenn-lane/H7JceBcGRUObRP4be2V9GQ,university-florida
https://www.ubereats.com/tampa/food-delivery/blaze-pizza-25456-sierra-center-boulevard/EC-wYVFxSn-zuYTlk3ergQ,university-florida
https://www.ubereats.com/tampa/food-delivery/dunkin-110-e-bearss-ave/Qf-wOSR9R2aI69T1r4zo7Q,university-florida
https://www.ubereats.com/tampa/food-delivery/steak-n-shake-5917-e-hillsborough-ave/EhFQtIkOSwyUNhkTY9ApNQ,university-florida
https://www.ubereats.com/tampa/food-delivery/first-watch-carrollwood/pMfdY-bdQ_m5Qj_0G9NWaw,university-florida
https://www.ubereats.com/tampa/food-delivery/arbys-5818-e-hillsborough-ave/0PHZp1Y4S8uaAgLmOvAkPQ,university-florida
https://www.ubereats.com/tampa/food-delivery/jasmine-thai-carrollwood/CaNqn5u0SLubtR06SbpnHQ,university-florida
https://www.ubereats.com/tampa/food-delivery/avilas-tipico/y_yaRvaLT2aRQh_EpT5X7g,university-florida
https://www.ubereats.com/tampa/food-delivery/le-macaron-french-pastries-wesley-chapel/rbf482GmQASbuMPL-l0QqA,university-florida
https://www.ubereats.com/tampa/food-delivery/bearss-tavern-%26-tap/m1P6_uGYTGqa5ITI7W_sPQ,university-florida
https://www.ubereats.com/tampa/food-delivery/skyview-restaurant/3YSp5k3iQKmIrQYR6w8PBw,university-florida
https://www.ubereats.com/tampa/food-delivery/mangia-bene-pizzeria/7DGeGzTETem4hia-9MYiXw,university-florida
https://www.ubereats.com/tampa/food-delivery/churchs-chicken-2219-east-fletcher-ave/YeTrXVYoSOeVPL1Li6QC1Q,university-florida
https://www.ubereats.com/tampa/food-delivery/mcdonalds-2205-e-fletcher-ave/eWObuOdZQ8SUjHky8kHp2w,university-florida
https://www.ubereats.com/tampa/food-delivery/mcdonalds-11707-n-56th-st/ylO78cq6TF6SOmKCxu-Z_A,university-florida
https://www.ubereats.com/tampa/food-delivery/burger-king-901-e-fowler-avenue/H3toaVuLSGSfoZ2EIFBvSQ,university-florida
https://www.ubereats.com/tampa/food-delivery/popeyes-louisiana-kitchen-2201-e-hillsborough-ave/JbFWbOaMTsitvOuswp3ZuA,university-florida
https://www.ubereats.com/tampa/food-delivery/the-ice-cream-shop/1MzdfEYXQ-uUY57i0njraA,university-florida
https://www.ubereats.com/tampa/food-delivery/angelos/KaAPwwFhT8-VguOFNJKSDA,university-florida
https://www.ubereats.com/tampa/food-delivery/first-watch-fowler/XKO48bZaRAyWGT5rFWbJEQ,university-florida
https://www.ubereats.com/tampa/food-delivery/el-rincon-peruano-carrollwood/al7I7KKeQTihA19fhI0KRA,university-florida
https://www.ubereats.com/tampa/food-delivery/dolce-enigma/h3GHjOwYRwKcL5wi3s3rQQ,university-florida
https://www.ubereats.com/tampa/food-delivery/dunkin-5302-e-busch-blvd/mdv1nXwWQiO6I7Mhoblm5Q,university-florida
https://www.ubereats.com/tampa/food-delivery/rockys-tacos-tampa/mhTkdZcaTOWG5ZSP6KvY0g,university-florida
https://www.ubereats.com/tampa/food-delivery/beef-o-bradys-8810-n-himes-ave/eoyIasFlQIOGSobnpiXehw,university-florida
https://www.ubereats.com/tampa/food-delivery/tu-sabrosito-cafe/ZnbwlzVSTZSMJA9u0VEYRA,university-florida
https://www.ubereats.com/tampa/food-delivery/koizi-endless-hibachi-%26-sushi-eatery-tampa-palms/2zAZe3DiRjSuD0C84Am20A,university-florida
https://www.ubereats.com/tampa/food-delivery/7005-bonefish-grill-13262-n-dale-mabry-hwy/M5fsAl9oQ92aV6iMZyNDKg,university-florida
https://www.ubereats.com/tampa/food-delivery/la-pelotera-latin-food-truck/po5HiOlmRJSpVFKudWkrBQ,university-florida
https://www.ubereats.com/tampa/food-delivery/panera-203339/qSse6Q-vT_qZtljJUp25-w,university-florida
https://www.ubereats.com/tampa/food-delivery/jaffa-street/daJ8M1VtSJ2IWeu7BWvTAw,university-florida
https://www.ubereats.com/tampa/food-delivery/heveli-restaurant/zOJDj3J0T02F9Qfi3lr2xA,university-florida
https://www.ubereats.com/tampa/food-delivery/shogun-sushi/6v0Io4R-Qi-JBZu3hujGpg,university-florida
https://www.ubereats.com/tampa/food-delivery/chixbee-wraps/oSsMkpEtSFGN1j8OL4SnNA,university-florida
https://www.ubereats.com/tampa/food-delivery/miguels-mexican-seafood-%26-grill/PXf1DpIRSfqtk9LjSSsl6w,university-florida
https://www.ubereats.com/tampa/food-delivery/the-hungry-greek-carrollwood/uEZROin6RHChwG4hTBMAwQ,university-florida
https://www.ubereats.com/tampa/food-delivery/abellas-cuban-restaurant/1gnOvVRhQ-6p5kbztE8KWg,university-florida
https://www.ubereats.com/tampa/food-delivery/nara-hibachi/ahHH1DOET4S0qG6PEjHMbA,university-florida
https://www.ubereats.com/tampa/food-delivery/the-nutrition-factory-tampa/tq_zTjQQRnShfFkVtvyotQ,university-florida
https://www.ubereats.com/tampa/food-delivery/new-leaf-cafe-vegan-cuisine/xcxBCAr9SYCz_xE-GY32yg,university-florida
https://www.ubereats.com/tampa/food-delivery/johnny-rockets-citrus-park/MbUGJtgDTJuvZEkY234Xig,university-florida
https://www.ubereats.com/tampa/food-delivery/wendys-6917-n-56th-street/UL581829Sne6MrsGNwC0JA,university-florida
https://www.ubereats.com/tampa/food-delivery/firehouse-subs-23657-sr-54/M-f52sSzRvusl7B5rGeCCQ,university-florida
https://www.ubereats.com/tampa/food-delivery/taco-bell-2031-e-bearss-ave/28gxua9VSfeqJ716jAEAsQ,university-florida
https://www.ubereats.com/tampa/food-delivery/jai-ho-indian-cuisine/hk7RvicvQF2r9e4elTT5Uw,university-florida
https://www.ubereats.com/tampa/food-delivery/ibbis-q-llc/0w5IAoVNSsmUl0engSDVIA,university-florida
https://www.ubereats.com/tampa/food-delivery/mcdonalds-926-w-fletcher-ave/NUB41t9zSuOc7oJYpl5Y-Q,university-florida
https://www.ubereats.com/tampa/food-delivery/planet-smoothie-usf/wCh014u-SVC8uh6iVsAl4Q,university-florida
https://www.ubereats.com/tampa/food-delivery/sawatdee-thai-cuisine/QukyvugxTESGKxvxrZAELQ,university-florida
https://www.ubereats.com/tampa/food-delivery/dickeys-barbecue-restaurants-inc-23020-state-road-54-%23505/AX7ZNp0nQcePobbFJpSpDA,university-florida
https://www.ubereats.com/tampa/food-delivery/ramen-depot/u8MACAWiQzalqrEqC7hYdA,university-florida
https://www.ubereats.com/tampa/food-delivery/the-ice-cream-shop/PQbSWutuTsugXCEXczPafA,university-florida
https://www.ubereats.com/tampa/food-delivery/sofresh-usf/4_b13303T4S2cVNYuhhbGw,university-florida
https://www.ubereats.com/tampa/food-delivery/revelations-cafe/5ZcWdGBzRCCYx4PnCPiBhg,university-florida
https://www.ubereats.com/tampa/food-delivery/serious-tampa-bbq-2245-e-fletcher/jgJiSe9NQsWqGxYUCuzOWQ,university-florida
https://www.ubereats.com/tampa/food-delivery/dragon-rain/aCbMyaF5SYiuJPKKtPLHiQ,university-florida
https://www.ubereats.com/tampa/food-delivery/willie-jewells-old-school-bar-b-q-carrollwood/V9y2k51CTQWF4UuDEBiong,university-florida
https://www.ubereats.com/tampa/food-delivery/xt-munchies/43cIZluZRda5r2plGxwdTw,university-florida
https://www.ubereats.com/tampa/food-delivery/krispy-krunchy-chicken-1312-e-busch-blvd/HN8w3UnMTk6AF8sC9i3t1A,university-florida
https://www.ubereats.com/tampa/food-delivery/wendys-11720-n-56th-street/Q88XGlmWSWmHV5PNV8XGsg,university-florida
https://www.ubereats.com/tampa/food-delivery/tampa-tap-room/4o076GwqTcygbxY4jhlGVw,university-florida
https://www.ubereats.com/tampa/food-delivery/walkabout-bakery-%26-eatery/GW9hBBgMRluPagjTvjZPHw,university-florida
https://www.ubereats.com/tampa/food-delivery/mermaid-tavern-seminole-heights/clKQp9V_TiWOyvBJEd5jkQ,university-florida
https://www.ubereats.com/tampa/food-delivery/beijing-house-tampa/xi1VNe4fSM2C01bQ4TVicw,university-florida
https://www.ubereats.com/tampa/food-delivery/baken-babes/fTy3f7A5TvuDYj8KzVeYJg,university-florida
https://www.ubereats.com/tampa/food-delivery/flavs-barbecue/ZyjuAAjtRn-vLH3mwEaccw,university-florida
https://www.ubereats.com/tampa/food-delivery/planet-smoothie-3947-van-dyke-rd/rCNNK2-DSXWoxxTPIBffUw,university-florida
https://www.ubereats.com/tampa/food-delivery/cazador-grill/kj3ZOeWSRhWNfQqcQkPFXA,university-florida
https://www.ubereats.com/tampa/food-delivery/sus-hi-eatstation-dojo/t-O2kPEORg2haTmKn_AIdg,university-florida
https://www.ubereats.com/tampa/food-delivery/little-italys-family-restaurant-and-catering/uCgweSUFQLO8oIiYhsO38Q,university-florida
https://www.ubereats.com/tampa/food-delivery/hooters-bruce-b-downs-blvd-%26-e-fletcher-ave/GWj3t7lVS4i-5u7m8HCXMw,university-florida
https://www.ubereats.com/tampa/food-delivery/marthas-place-seminole-heights/IHvo0s0DTCy95X7uQU7X_w,university-florida
https://www.ubereats.com/tampa/food-delivery/starbucks-shoppes-of-carrollwood/3jepZlncQMSuOxvWMQJITA,university-florida
https://www.ubereats.com/tampa/food-delivery/dunkin-1909-e-bearss-ave/bfTtTrEWSVupC6NHmUX9TQ,university-florida
https://www.ubereats.com/tampa/food-delivery/ginza/Y1AEVQWHS4G1J4PiGJZm9A,university-florida
https://www.ubereats.com/tampa/food-delivery/taj-indian-cuisine/Kmk_L423T92iqwfUB7rcjw,university-florida
https://www.ubereats.com/tampa/food-delivery/jeremiahs-italian-ice-carrollwood/5DQanzcaRySa5aZqtp06wA,university-florida
https://www.ubereats.com/tampa/food-delivery/churchs-chicken-2301-north-50th-street-n/GJoxgZhDTv2NY35wRCtUew,university-florida
https://www.ubereats.com/tampa/food-delivery/istanbul-mediterranean-grill-%26-market/oYcmpWatTaa76EEmUQ5XoA,university-florida
https://www.ubereats.com/tampa/food-delivery/five-guys-fl-0613-14398-n-dale-mabry-hwy/Dxv-o6JCRri-IB1nN83D-g,university-florida
https://www.ubereats.com/tampa/food-delivery/ebisu-sushi-shack/xuP_K7P4QsOHsqQ_qhCLdA,university-florida
https://www.ubereats.com/tampa/food-delivery/chicken-salad-chick-usf/9pODRHXCTJ-C1275cRMvWA,university-florida
https://www.ubereats.com/tampa/food-delivery/pei-wei-12927-n-dale-mabry-hwy/xL-PQH0PTMqFcC_YoVQowQ,university-florida
https://www.ubereats.com/tampa/food-delivery/jerk-chicken-express/V4wqVTajRd2_E3-PgzAF-A,university-florida
https://www.ubereats.com/tampa/food-delivery/circle-k-5320-n-florida-ave/55fJtR8NS4GJ9-4ec--Z-A,university-florida
https://www.ubereats.com/tampa/food-delivery/honeybaked-ham-12040-anderson-rd/0nTZk3JtT3iajH_x_rXBug,university-florida
https://www.ubereats.com/tampa/food-delivery/which-wich-usf/k-qkA_b0TcGyxN-i0_Q04Q,university-florida
https://www.ubereats.com/tampa/food-delivery/arbys-1009-bruce-b-downs-blvd/V-85X4FrRp-LXbKyYXXpiA,university-florida
https://www.ubereats.com/tampa/food-delivery/marlows-tavern-carrollwood/GhxxtVPfSkKpMGpiv818Fw,university-florida
https://www.ubereats.com/tampa/food-delivery/burger-monger-wesley-chapel/1MSbXKYoThyhWSOxmplWuA,university-florida
https://www.ubereats.com/tampa/food-delivery/congas-latin-cafe/_snhF_ytT1u0X-YQVR_VSg,university-florida
https://www.ubereats.com/tampa/food-delivery/catch-twenty-three-westchase/SzmDRHE8Qwe7P3GwHlCIhw,university-florida
https://www.ubereats.com/tampa/food-delivery/tavolo-uno-pizzeria/cCSGYnn_QWWXEq_Bcgcn9A,university-florida
https://www.ubereats.com/tampa/food-delivery/crystals-fast-n-best/qRHHP1dgQcqzN0f9uPk6HA,university-florida
https://www.ubereats.com/tampa/food-delivery/pizza-hut-4011-e-busch-blvd/gl5QOLcoTke0_8-dtuFTnA,university-florida
https://www.ubereats.com/tampa/food-delivery/cozy-coffee-cafe/UVllaWIvQmWGc835DI-fyQ,university-florida
https://www.ubereats.com/tampa/food-delivery/sonic-1915-e-fowler-ave/rQINATNtSheOCZ3E1nX1Iw,university-florida
https://www.ubereats.com/tampa/food-delivery/taco-bell-16020-mapledale-blvd/gjb-lgMUTsyShlw_VFfhLQ,university-florida
https://www.ubereats.com/tampa/food-delivery/cold-stone-creamery-usf/qeK9Nx5HR3ek51DanZfHeg,university-florida
https://www.ubereats.com/tampa/food-delivery/navas-bar-and-grill/OWr4uR98QeSgzlIHh2hg5w,university-florida
https://www.ubereats.com/tampa/food-delivery/china-moon-west-tampa/0oaeaXwtTCCQBNeHOVV99w,university-florida
https://www.ubereats.com/tampa/food-delivery/naan-boti-%26-chai-shai/vlmTHUUxTvu6Umb8mtrhRw,university-florida
https://www.ubereats.com/tampa/food-delivery/ice-spice-cafe/uYtemkxcToGXa6bUPT_F1g,university-florida
https://www.ubereats.com/tampa/food-delivery/arbys-22820-state-road-54/Gm4zXIUiQ0yYV3suY_mLdA,university-florida
https://www.ubereats.com/tampa/food-delivery/subway-5507-e-fowler-ave/ZfVYsY63SsyWHPrGxD3u8A,university-florida
https://www.ubereats.com/tampa/food-delivery/wendys-8330-n-florida/UBGljBuCSpaBI66juqIuGg,university-florida
https://www.ubereats.com/tampa/food-delivery/maple-street-biscuit-company-carrollwood/AOghXQXHQiC94wray0qNQg,university-florida
https://www.ubereats.com/tampa/food-delivery/four-green-fields-curtis-hixon-park/oaUm47dRT5SJAiM4xfwBVA,university-florida
https://www.ubereats.com/tampa/food-delivery/china-1/Ejggf5urSpmgfngRxeF-9w,university-florida
https://www.ubereats.com/tampa/food-delivery/3-brothers/FIbCmWnUQRaTIqC6PhLFNg,university-florida
https://www.ubereats.com/tampa/food-delivery/anthonys-new-york-style-pizza/dwYf4gEMQaOp3s1meaOBGw,university-florida
https://www.ubereats.com/tampa/food-delivery/cafe-caribe-tampa/1zuu0IhnRFebh7yYlcZmbQ,university-florida
https://www.ubereats.com/tampa/food-delivery/the-hungry-greek-land-o-lakes/4wcX0DFMSzykQdkb3KGYDg,university-florida
https://www.ubereats.com/tampa/food-delivery/pollo-tropical-25570-cierra-center-blvd/qiM0SGutQ5S6rljmIJ5aXw,university-florida
https://www.ubereats.com/tampa/food-delivery/dunkin-5610-e-fowler-ave/lX3-_vHOSPGxkaOn13q07g,university-florida
https://www.ubereats.com/tampa/food-delivery/checkers-2701-e-fletcher-ave/G_4ExSiuT5WmZfnY7XlzKQ,university-florida
https://www.ubereats.com/tampa/food-delivery/acapulco-taqueria/Nv2ExYKpTlOwV1VzolvUFA,university-florida
https://www.ubereats.com/tampa/food-delivery/omis-grill/NwaiSOwHQG-bxrbcTBv8RQ,university-florida
https://www.ubereats.com/tampa/food-delivery/due-amici-pizza/cX_5HYk6Qa-4h49htM2KiA,university-florida
https://www.ubereats.com/tampa/food-delivery/wood-fired/QBJI8YgcSIClDF7mL_NvPA,university-florida
https://www.ubereats.com/tampa/food-delivery/starbucks-i-275-%26-hillsborough/7L381sXQRE6JdlUMkvvflA,university-florida
https://www.ubereats.com/tampa/food-delivery/mr-empanada-west-tampa/dguvcOcSS2-P3wyyNO9klw,university-florida
https://www.ubereats.com/tampa/food-delivery/popeyes-louisiana-kitchen-2619-w-waters-ave/IoBazG34QYe0vQlSGLgKSA,university-florida
https://www.ubereats.com/tampa/food-delivery/east!-japanese-kitchen/uRka7vEPSoyTtKOUw9Bb9g,university-florida
https://www.ubereats.com/tampa/food-delivery/krispy-kreme-n-florida-ave-%26-e-fairbanks-st/uI-8boRwQLelsealUHjwQQ,university-florida
https://www.ubereats.com/tampa/food-delivery/simply-salads/tBBT5ZfYRmWw2Ki6MD3QFA,university-florida
https://www.ubereats.com/tampa/food-delivery/hungry-howies-%23219-usf-tampa-palms/nNJ6__qeTMKoSqH7lcPrqw,university-florida
https://www.ubereats.com/tampa/food-delivery/five-guys-fl-1958-25599-sierra-center-blvd/WtfM4AMBSFqh6-HjdumDkQ,university-florida
https://www.ubereats.com/tampa/food-delivery/mcdonalds-8402-n-armenia-ave/MsoXrxOaTlOVEv361Zd-AA,university-florida
https://www.ubereats.com/tampa/food-delivery/hungry-howies-2001-e-hillsborough/U1m0i0IMTFCNTJ1RYZOtKQ,university-florida
https://www.ubereats.com/tampa/food-delivery/mcandersons-house-of-brews/473jUeUwQyuWPBaNdWSnEg,university-florida
https://www.ubereats.com/tampa/food-delivery/zorahs-comfort-cafe/AuOuJTTPS2aPo_WR2Ljm0A,university-florida
https://www.ubereats.com/tampa/food-delivery/nekter-juice-bar/kseUo4IkSFWJTqwmmY-mCg,university-florida
https://www.ubereats.com/tampa/food-delivery/taco-bell-11007-north-dale-mabry/zv2quzN5Qq6S6StGgSXGoA,university-florida
https://www.ubereats.com/tampa/food-delivery/panda-express-2468-sun-vista-drive/-2p8rNrIQfmRI4rnv3NrsA,university-florida
https://www.ubereats.com/tampa/food-delivery/osmay-house-chinese-restaurant/ugEhkOSFSA65tzzAzFhnMg,university-florida
https://www.ubereats.com/tampa/food-delivery/taco-bell-17884-aprile-dr/nfUuuhqwQ3O8TeItuTA0cw,university-florida
https://www.ubereats.com/tampa/food-delivery/new-bamboo-express/9E3bWFUSQTufK4KcKfca-g,university-florida
https://www.ubereats.com/tampa/food-delivery/churchs-chicken-3201-east-hillsborough/KJGI9BjiRSiqBwyfSQwSzw,university-florida
https://www.ubereats.com/tampa/food-delivery/3-dot-dash-vegan-kitchen/cX0bL7VWRwuEYls3l1eKAQ,university-florida
https://www.ubereats.com/tampa/food-delivery/tostones-inc/KGmcOjCgQbqEBMmrruPG4Q,university-florida
https://www.ubereats.com/tampa/food-delivery/bjs-restaurant-and-brewhouse-25628-sr-56/YMjoo1_xRrm4kM9llbfZPg,university-florida
https://www.ubereats.com/tampa/food-delivery/red-lobster-17021-palm-pointe-drive/2Zf-aUOFRXeCvJjbxSImVg,university-florida
https://www.ubereats.com/tampa/food-delivery/outback-steakhouse-4302-w-boy-scout-rd/TJNDcnUsQ_-uFhVxSu14yg,university-florida
https://www.ubereats.com/tampa/food-delivery/mcdonalds-15698-n-dale-mabry/nSSkEsWoTfGUE1tmQpSx6A,university-florida
https://www.ubereats.com/tampa/food-delivery/nicos-burgers/UKEeaxXJSSOwTHpu2vqfQw,university-florida
https://www.ubereats.com/tampa/food-delivery/brunchies-breakfast-brunch-and-lunch-lutz/APkazAPhR7ayn32_iueTVg,university-florida
https://www.ubereats.com/tampa/food-delivery/angelitos-rotisserie-%26-more/lFU2qomdS9ixzeebwL5veQ,university-florida
https://www.ubereats.com/tampa/food-delivery/firehouse-subs-n-dale-mabry-hwy-%26-s-village-dr/rs9E_3dHQ_KrAn7-aYYTWg,university-florida
https://www.ubereats.com/tampa/food-delivery/pepos-cafe/75ItLTk-Sn6ul2GAnQFASw,university-florida
https://www.ubereats.com/tampa/food-delivery/qdoba-mexican-eats-usf/1k7FHucjSC-FPbQTpX-9ug,university-florida
https://www.ubereats.com/tampa/food-delivery/chipotle-mexican-grill-18019-highwoods-preserve-pkwy/f7x0snOnSx6sVLhRDnqzng,university-florida
https://www.ubereats.com/tampa/food-delivery/dunkin-222-w-waters-ave/Imtemk5GQe6uUc0Xrciu4Q,university-florida
https://www.ubereats.com/tampa/food-delivery/cold-stone-creamery-13168-north-dale-mabry-highway/7a6PNpycQGuNgJ1ss39sAg,university-florida
https://www.ubereats.com/tampa/food-delivery/bangkok-jazz/TScq65ArQVyOBFzTYDYSkA,university-florida
https://www.ubereats.com/tampa/food-delivery/heights-pizza/2WE_lvZQQO6i81qltNZGnA,university-florida
https://www.ubereats.com/tampa/food-delivery/alfonsos-pizzeria/xvd89J25QUOSt8_DUk6M8A,university-florida
https://www.ubereats.com/tampa/food-delivery/the-cuban-sandwich-shop-breakfast-%26-lunch/TruPFucySyWvyyJmfVnz7w,university-florida
https://www.ubereats.com/tampa/food-delivery/pollo-tropical-3285-west-hillsborough-avenue/aj3kVnw5SvykL9Gs-HWjGQ,university-florida
https://www.ubereats.com/tampa/food-delivery/pizza-hut-1727-w-fletcher-ave/0-ntchN2R-CWDUc_hvgXTw,university-florida
https://www.ubereats.com/tampa/food-delivery/pizza-hut-2550-e-fowler-ave/g28XOZE9StePtVZx45hV0w,university-florida
https://www.ubereats.com/tampa/food-delivery/billys-seafood-%26-gyros/Zz0y5oOGTsKt6Jvn6HaLwg,university-florida
https://www.ubereats.com/tampa/food-delivery/the-eatery-at-brew-bus-brewing/D2LSDtEvQvOy0LHUWdBzLA,university-florida
https://www.ubereats.com/tampa/food-delivery/perdigon-italian-grill/3kxewWaGQS-oepqDtlxJNQ,university-florida
https://www.ubereats.com/tampa/food-delivery/royal-sweets-tampa/2vI_OdUvSDuFCdZpUpI1cA,university-florida
https://www.ubereats.com/tampa/food-delivery/james-joyce-irish-pub/Hg7Wg-AxRKq4ldqgLfNJ7g,university-florida
https://www.ubereats.com/tampa/food-delivery/applebees-3920-w-hillsborough-ave/hHFoKOqbRAiaWuL2oRwFew,university-florida
https://www.ubereats.com/tampa/food-delivery/johnny-rockets/FADEEFLEQ-W6KFiLmwS_3A,university-florida
https://www.ubereats.com/tampa/food-delivery/five-guys-fl-1165-8606-elm-fair-blvd/QiNNwKW4RKymMGcmWEDg1g,university-florida
https://www.ubereats.com/tampa/food-delivery/burgermonger-carrollwood/NnunI6RFQYS6TH0H_zFW5g,university-florida
https://www.ubereats.com/tampa/food-delivery/shundras-soul-smokehouse/1z_weI1vSkiNLFLdontLEg,university-florida
https://www.ubereats.com/tampa/food-delivery/jersey-mikes-bruce-b-downs-blvd/2KZfoHhIQxC5_03TWQXuSA,university-florida
https://www.ubereats.com/tampa/food-delivery/spanglish-cafe/IpYxWAMvTi6U5lDVdL7dEA,university-florida
https://www.ubereats.com/tampa/food-delivery/noble-crust-wesley-chapel/JWC_Iaw7SvWTaPP233C0Ww,university-florida
https://www.ubereats.com/tampa/food-delivery/samurai-blue-sushi-and-sake-bar-carrollwood/ymEZJ-tETeayo-9jbSDpQQ,university-florida
https://www.ubereats.com/tampa/food-delivery/yum-yum-hot-pot-ayce/NoYUVrfOSc-bCNDQeJK5Fg,university-florida
https://www.ubereats.com/tampa/food-delivery/foresthill-brick-oven-pizza/r_jFTrRSQIGZTEgvuPZdcA,university-florida
https://www.ubereats.com/tampa/food-delivery/brunos-pizza-tampa/J3yADDV4SmGBok91J3maMg,university-florida
https://www.ubereats.com/tampa/food-delivery/taco-bus-lutz/nFrwbLroQEm2TgFvJTQEqg,university-florida
https://www.ubereats.com/tampa/food-delivery/ava-%40-armature-works/QtOKetlvQYu9U0vpalPoYA,university-florida
https://www.ubereats.com/tampa/food-delivery/beef-o-bradys-citrus-park/CbI2sgBNS4i_wrYaYClpFg,university-florida
https://www.ubereats.com/tampa/food-delivery/burger-theory/CX1cMX3FRpG_OAtyGNL0yA,university-florida
https://www.ubereats.com/tampa/food-delivery/sonic-1908-bruce-b-downs-blvd/88RSQ0gRTm-1RMvhTf5fig,university-florida
https://www.ubereats.com/tampa/food-delivery/craft-fry-wing/FREk1gDfQayYFfSBUEDO4w,university-florida
https://www.ubereats.com/tampa/food-delivery/zaxbys-hillsborough/UU1cj-6TSxmcfU6arD-3MA,university-florida
https://www.ubereats.com/tampa/food-delivery/starbucks-waters-%26-anderson/oAe_C7lAQ96WNTJZ6bGYzg,university-florida
https://www.ubereats.com/tampa/food-delivery/city-buffet/B_84-PdCQ0GE2zqrEXJvcA,university-florida
https://www.ubereats.com/tampa/food-delivery/carrabbas-11435-n-dale-mabry-hwy/ocpKGYT2QiKlk4G2CBJnyg,university-florida
https://www.ubereats.com/tampa/food-delivery/el-chuzo-bbq/IaMUhk0aTV-TcDGHCiKVyA,university-florida
https://www.ubereats.com/tampa/food-delivery/poke-express-tampa-fl/JXr6g0jlTDeeAFBM3r9qbw,university-florida
https://www.ubereats.com/tampa/food-delivery/soho-juice-company-soho/fqkdSljkRMy-tqOTqvZiqw,university-florida
https://www.ubereats.com/tampa/food-delivery/casa-21/xq_yYxZZQ-KqfKFBAvNWig,university-florida
https://www.ubereats.com/tampa/food-delivery/glory-days-grill-tampa/pNMOfKD0S_OLaNVutLP64g,university-florida
https://www.ubereats.com/tampa/food-delivery/gulf-coast-sourdough/5KSxGKXORrmNWV2o4QDOWQ,university-florida
https://www.ubereats.com/tampa/food-delivery/tropical-smoothie-cafe-23673-state-road/FRGYBlNBR1C2b9juFJQmwQ,university-florida
https://www.ubereats.com/tampa/food-delivery/red-lobster-2625-e-busch-blvd/QJTbtp0GStmUPfAYjI15qQ,university-florida
https://www.ubereats.com/tampa/food-delivery/cracker-barrel-old-country-store-6150-lazy-days-blvd/e31lAuRuQTqaNgS1DrTrKg,university-florida
https://www.ubereats.com/tampa/food-delivery/room-1701/JcSv5RS4QGW0hRLvBH9BkA,university-florida
https://www.ubereats.com/tampa/food-delivery/soul-of-korea/jZYoQJ3JQbaWqWr205qpDg,university-florida
https://www.ubereats.com/tampa/food-delivery/asados-al-carbon/74NJP5NGQk-RjgNsO8n2bg,university-florida
https://www.ubereats.com/tampa/food-delivery/mcdonalds-4009-n-armenia/9SeVxALuS2mmoBgcmmbiHw,university-florida
https://www.ubereats.com/tampa/food-delivery/mulligans-irish-pub/DCY4w11sTde8Qs3mJh1KZw,university-florida
https://www.ubereats.com/tampa/food-delivery/magdalenas-pizzeria/Fn5BHWmYSAiQBkNwLjEeXw,university-florida
https://www.ubereats.com/tampa/food-delivery/tazikis-mediterranean-cafe-northdale/Y0rW_it4Qv6ixrEDysHn6g,university-florida
https://www.ubereats.com/tampa/food-delivery/lennys-grill-%26-subs-8225-park-edge-drive/7to0NIV6T5yFoNgwwJOXmw,university-florida
https://www.ubereats.com/tampa/food-delivery/bernini/BRfM-t09Tv6wiLDgtEnGRw,university-florida
https://www.ubereats.com/tampa/food-delivery/honeybaked-ham-1259-bruce-b-downs-road/MP9pLqAwRn-04BaPa0H9Rg,university-florida
https://www.ubereats.com/tampa/food-delivery/subway-2602-e-busch-blvd/7yEOCMGQT_GfqCscXX50Mg,university-florida
https://www.ubereats.com/tampa/food-delivery/best-ny-pizza-inc/LA8-bEaYQCaTRqG7hUDlLg,university-florida
https://www.ubereats.com/tampa/food-delivery/burger-king-9211-north-florida-avenue/5SJu9qMZSeeUKqkjQ_ZbbA,university-florida
https://www.ubereats.com/tampa/food-delivery/new-china/f8JJY_50RPuZvlvHvMFoNA,university-florida
https://www.ubereats.com/tampa/food-delivery/mcdonalds-501-e-dr-m-l-k-jr-dr/Dto3os_fR_yG6JGwal-Fjg,university-florida
https://www.ubereats.com/tampa/food-delivery/wing-castle/EXia9rHgSMeK7jyNn1jJKA,university-florida
https://www.ubereats.com/tampa/food-delivery/mcdonalds-ybor-city/bk7PMrq7S4CZxmYx2F0zrg,university-florida
https://www.ubereats.com/tampa/food-delivery/buckets-tavern-and-tap/HTkF9ITkRaS28_sWK5mvNg,university-florida
https://www.ubereats.com/tampa/food-delivery/mcdonalds-6013-e-dr-martin-luther/7yrJS_PuSLGTaHP3ESBV_A,university-florida
https://www.ubereats.com/tampa/food-delivery/thee-burger-spot/6CVkZoc5RIa6xwnNVJRtCQ,university-florida
https://www.ubereats.com/tampa/food-delivery/jimmys-tacos/NBnzBfHMQwOQdYwkLb-qTA,university-florida
https://www.ubereats.com/tampa/food-delivery/checkers-2598-bearss-avenue-east/sOdTmV-KSwWZp_fYkOjXZg,university-florida
https://www.ubereats.com/tampa/food-delivery/village-inn-town-n-country/L-zMSpOaTe6NMa-6McMi8g,university-florida
https://www.ubereats.com/tampa/food-delivery/hungry-howies-mariner-pl/S0T1ewgGQ-61wr7XZlTpfw,university-florida
https://www.ubereats.com/tampa/food-delivery/deli-plus/apMQQHKbTbSWaS_nPvfC_A,university-florida
https://www.ubereats.com/tampa/food-delivery/joyces-sandwich-shop/rhSiV1uaS4mZmPwiz69RdQ,university-florida
https://www.ubereats.com/tampa/food-delivery/mcdonalds-6717-n-dale-mabry-hwy/JLh3LoqXTdq3fr9qRYS-LA,university-florida
https://www.ubereats.com/tampa/food-delivery/ihop-4910-spruce-street/0385mX1UQiu9x2n-7kkFlw,university-florida
https://www.ubereats.com/tampa/food-delivery/la-antioquena-bakery/GZGRyg9vSV-BidPyEu2pHQ,university-florida
https://www.ubereats.com/tampa/food-delivery/pulgarcito-503-restaurant/8TjX4JXuSOe6J1KK3qsjsQ,university-florida
https://www.ubereats.com/tampa/food-delivery/starbucks-bruce-b-downs-%26-e-132nd-st/tMoN2yxoQe-V402RTZjL8Q,university-florida
https://www.ubereats.com/tampa/food-delivery/indias-grill-kennedy/Reb2UhMFSWazdftNY27EAg,university-florida
https://www.ubereats.com/tampa/food-delivery/islands-club-davis-island/QJwWarBvROyfOMvDnJXLwg,university-florida
https://www.ubereats.com/tampa/food-delivery/al-sham-palace/mershXwxRUyIUdlD8A1t3A,university-florida
https://www.ubereats.com/tampa/food-delivery/la-las-gyros/NF_IklzpTdmxmPoxNMy0IA,university-florida
https://www.ubereats.com/tampa/food-delivery/mcdonalds-920-e-fowler-ave/dIRt6eWZSfCgnD_hMjThQA,university-florida
https://www.ubereats.com/tampa/food-delivery/don-julios-authentic-mexican-cravings/FQBlfJa1Qz2gcP2ut9RyCA,university-florida
https://www.ubereats.com/tampa/food-delivery/tijuana-flats-collier-pkwy/lzDkJTJFRcCmmDerPZvcgw,university-florida
https://www.ubereats.com/tampa/food-delivery/perdigon-el-sabor-tampa/Yg9FZxocSdutSbHyro1XdA,university-florida
https://www.ubereats.com/tampa/food-delivery/dickeys-barbecue-restaurants-inc-2653-bruce-b-downs-blvd-ste-101/E2XPkSjJSPKOeK7KoxIcZA,university-florida
https://www.ubereats.com/tampa/food-delivery/the-saucy-crawfish/t_onjEEOTpeklg-gXBz-qQ,university-florida
https://www.ubereats.com/tampa/food-delivery/subway-19235-n-dale-mabry-hwy/S91jSogsTbWjo8jbDL_7-g,university-florida
https://www.ubereats.com/tampa/food-delivery/el-gallo-express-westshore/2L1EA4vlTg-v8_pMAvpaqw,university-florida
https://www.ubereats.com/tampa/food-delivery/everything-jerk/UPfNGo84RiehPasQWcnEAw,university-florida
https://www.ubereats.com/tampa/food-delivery/cafe-eden-abbys-health-%26-nutrition/BLurrNjgR5iHAm4Pu4svkg,university-florida
https://www.ubereats.com/tampa/food-delivery/wings-xpress/6H-cuNo_QLumkSHRwDI0uw,university-florida
https://www.ubereats.com/tampa/food-delivery/green-land-restaurant/n6_0SROKQVGM9tX2g70RbA,university-florida
https://www.ubereats.com/tampa/food-delivery/ahi-asian-bistro/VJ1-cCP_RSeTbvJXqXAWwA,university-florida
https://www.ubereats.com/tampa/food-delivery/tasty-shop/Qx2r-OjsTNGypwXSaeTOTQ,university-florida
https://www.ubereats.com/tampa/food-delivery/alez-caribbean-restaurant/POJam_CKQVaeO--OjCHqdg,university-florida
https://www.ubereats.com/tampa/food-delivery/boston-market-5501-east-fowler-avenue/zFlkCocjTNSe4zv5FetLfQ,university-florida
https://www.ubereats.com/tampa/food-delivery/kfc-taco-bell-5367-ehrlich-road/1YmjXjl5Q1CAKJR6ZD-5MQ,university-florida
https://www.ubereats.com/tampa/food-delivery/mcdonalds-3411-busch-blvd/iEkNpHbIS12iN-axYTa9Tw,university-florida
https://www.ubereats.com/tampa/food-delivery/the-hummingbird-jerk-house/AIWCAYoyRai4cEX34R_e6Q,university-florida
https://www.ubereats.com/tampa/food-delivery/tampa-pasta-bar/U089Vi4iRxuBgWHL0-IEvA,university-florida
https://www.ubereats.com/tampa/food-delivery/garden-gyros/qc03IAH4SzCfobdg5__-MA,university-florida
https://www.ubereats.com/tampa/food-delivery/fuzzys-taco-shop-usf/Xe8Y4BMuT2Wc08b6jmVWpQ,university-florida
https://www.ubereats.com/tampa/food-delivery/burger-king-8755-n-56th-st/VF6kYU9jTHOWLcHkIdREag,university-florida
https://www.ubereats.com/tampa/food-delivery/macaroni-grill-carrollwood/mLQy_lEeSt2zKb2tgJgKEg,university-florida
https://www.ubereats.com/tampa/food-delivery/mcdonalds-1908-e-hillsborough-ave/9yZWafqwTRW4Tl-a-mrnLg,university-florida
https://www.ubereats.com/tampa/food-delivery/wing-nation/w0vlFFGkQLSnkleJYnIZtQ,university-florida
https://www.ubereats.com/tampa/food-delivery/pdq-wesley-chapel/Qt7dVLMMTsKSxOFHxYwm_g,university-florida
https://www.ubereats.com/tampa/food-delivery/burger-21-new-tampa/qKk1GCu3QcOyKMww7x__Pg,university-florida
https://www.ubereats.com/tampa/food-delivery/melos-caribbean-cafe-tampa/dYYr3hbrRZyzj76lbzqp0Q,university-florida
https://www.ubereats.com/tampa/food-delivery/ho-ho-choy-chinese-restaurant/TDvLrw_lRwCrKpS5ew6lHQ,university-florida
https://www.ubereats.com/tampa/food-delivery/fresh-n-fun/GJnSxy6oSdq978tjb4MWuQ,university-florida
https://www.ubereats.com/tampa/food-delivery/jersey-mikes-subs-17471-n-dale-mabry-hwy/6xJe9YkiTZOEwvUwNq_0_g,university-florida
https://www.ubereats.com/tampa/food-delivery/hooters-w-hillsborough-ave-%26-n-lois-ave/fjXaqOaDQ1G3T2RAVTfkSw,university-florida
https://www.ubereats.com/tampa/food-delivery/vegan-kitchen-carrollwood/vfOH7kYdRiivDZj7hbrvuA,university-florida
https://www.ubereats.com/tampa/food-delivery/dunkin-3203-e-busch-blvd/yIjfgWZGR3Gvu-FEyR3qLA,university-florida
https://www.ubereats.com/tampa/food-delivery/tropical-smoothie-cafe-east-fowler-avenue/aPZfOFJLRBqPtE9MUf0Z3g,university-florida
https://www.ubereats.com/tampa/food-delivery/subway-2513-w-hillsborough-ave/-JeT5uGRTk-TlpMm5G2JXA,university-florida
https://www.ubereats.com/tampa/food-delivery/soul-food-street-kitchen/JIyI32jVQ5OGcnhv_anmeQ,university-florida
https://www.ubereats.com/tampa/food-delivery/grillsmith-new-tampa/yzKZchBqSl21cG-IqBbWTQ,university-florida
https://www.ubereats.com/tampa/food-delivery/singha-thai-viet-restaurant/K1t0NO5HTYKQZbqVRkU5IA,university-florida
https://www.ubereats.com/tampa/food-delivery/max-mini-mart/c3wQw2OxT0ODOfsm0O4HhQ,university-florida
https://www.ubereats.com/tampa/food-delivery/boston-market-2708-w-martin-luther-king/7RZg8LvrTiiuUleM0CTxCw,university-florida
https://www.ubereats.com/tampa/food-delivery/popeyes-louisiana-kitchen-14901-n-florida-ave/6WHwvXnyRUuYF72Q4pcMUA,university-florida
https://www.ubereats.com/tampa/food-delivery/new-heart-fire/LPFfxZAmRuaN9jyuFe58Uw,university-florida
https://www.ubereats.com/tampa/food-delivery/little-greek-usf/Jak0M-tzTxafb5k9EYve1Q,university-florida
https://www.ubereats.com/tampa/food-delivery/jersey-mikes-n-dale-mabry-hwy-%26-w-bearss-ave/y6wXojouRIqOK9gSWWTjhA,university-florida
https://www.ubereats.com/tampa/food-delivery/taco-bell-17402-dona-michelle-dr/kbMXdESGRp6ARFI0V9kOuw,university-florida
https://www.ubereats.com/tampa/food-delivery/zorba/6H2ul3tQTeyJU2I5Za9Ngg,university-florida
https://www.ubereats.com/tampa/food-delivery/tijuana-flats-new-tampa/cXYO7OcASHmsXrwA8BonZQ,university-florida
https://www.ubereats.com/tampa/food-delivery/felicitous-on-51st/gVMAEBzaSViNAuEGeWcd8A,university-florida
https://www.ubereats.com/tampa/food-delivery/kobe-japanese-steakhouse-%26-sushi-bar-tampa/1MQi6p16T4SPx0hg77-wzQ,university-florida
https://www.ubereats.com/tampa/food-delivery/tijuana-flats-westchase/4Q-PmgSPQ0WYJiprPzfLDA,university-florida
https://www.ubereats.com/tampa/food-delivery/la-pita-lebanese-taverna/jjkoinFtSuei_fGkehS9UA,university-florida
https://www.ubereats.com/tampa/food-delivery/steak-n-shake-16201-n-dale-mabry-highway/QE_iVsfJTmywO5dv4vdQcQ,university-florida
https://www.ubereats.com/tampa/food-delivery/steves-pizzeria/FbJljqx7Rue2wV17dVkTWA,university-florida
https://www.ubereats.com/tampa/food-delivery/satkar-indian-cuisine/GHOpYFZBTR6JZza8_GC--A,university-florida
https://www.ubereats.com/tampa/food-delivery/beef-o-bradys-wiregrass/3vyVMQfZREuvf9dmUMMGwg,university-florida
https://www.ubereats.com/tampa/food-delivery/gios-italian-restaurant/Ei63n8vtTiib-65TgaEAIw,university-florida
https://www.ubereats.com/tampa/food-delivery/mangonadas-mexican-kitchen/91ljU3lxSGqrVloWMTnvtQ,university-florida
https://www.ubereats.com/tampa/food-delivery/bob-evans-580-11720-tampa-gateway-boulevard/ln4mY7tbT0OATM0Ube4-rQ,university-florida
https://www.ubereats.com/tampa/food-delivery/jersey-mikes-n-dale-mabry-hwy-%26-lake-carroll-way/ye3pKFimSL6AMxLcO2dwsA,university-florida
https://www.ubereats.com/tampa/food-delivery/california-tacos-usf/7KCCIjnZR-GCmvTQC9pIQg,university-florida
https://www.ubereats.com/tampa/food-delivery/glory-days-grill-carrollwood/D8E-24-nQmOUSeW0zoEZJQ,university-florida
https://www.ubereats.com/tampa/food-delivery/zoes-kitchen-15028-n-dale-mabry-hwy/dFjnR0ZfS66kW0SUNXTAkA,university-florida
https://www.ubereats.com/tampa/food-delivery/havana-86/CSpTvEUYQ--7soY1frsn5Q,university-florida
https://www.ubereats.com/tampa/food-delivery/china-88/hUIbgWvERFS-Udc35LUq2g,university-florida
https://www.ubereats.com/tampa/food-delivery/curry-leaves/wx__QwoqQoSLVBjNNSWTRg,university-florida
https://www.ubereats.com/tampa/food-delivery/moms-restaurant-haitian-cuisine-and-bakery/yyiVz-kNSMukne5NWtrlAg,university-florida
https://www.ubereats.com/tampa/food-delivery/rooster-%26-the-till/lKD6k-Q1TGmYFe-3eQ_XAA,university-florida
https://www.ubereats.com/tampa/food-delivery/bob-evans-469-12272-morris-bridge-road/6zXyE0CWQret1IQ84BLRkQ,university-florida
https://www.ubereats.com/tampa/food-delivery/sweet-daddys-georgia-boy-bar-b-que/37EdZEEkRRCbBfllGMoSEQ,university-florida
https://www.ubereats.com/tampa/food-delivery/panda-express-2214-e-fowler-st/56X-hUB3Q3u9LM62FFz7Fw,university-florida
https://www.ubereats.com/tampa/food-delivery/circle-k-5602-e-fowler-ave/ASS7YZ9QSeqUmp6ohzV2_Q,university-florida
https://www.ubereats.com/tampa/food-delivery/mrs-fields-cookies/v0twX3yXRnOo2d7fNnjd3Q,university-florida
https://www.ubereats.com/tampa/food-delivery/charleys-philly-steaks-shops-at-wiregrass/p0k05DDKSva8jJTOk3yQYw,university-florida
https://www.ubereats.com/tampa/food-delivery/long-john-silvers-1707-e-fowler-ave/BE4hkUJwRxqteDoHk-DH0Q,university-florida
https://www.ubereats.com/tampa/food-delivery/coronas-coffee-shop/bhAOZTtnSciFqXEFIXr-1A,university-florida
https://www.ubereats.com/tampa/food-delivery/sligh-petrol-mart/XNE3KmpCQkiXtaJbZeonmw,university-florida
https://www.ubereats.com/tampa/food-delivery/mcalisters-deli-dale-mabry-hwy-%26-carrollwood-village-run/n8Q5dTqHTxmiotBGL73ZmA,university-florida
https://www.ubereats.com/tampa/food-delivery/thai-bistro/5UICnrK0TMCIfd1yl3qW8Q,university-florida
https://www.ubereats.com/tampa/food-delivery/pasquallys-pizza-%26-wings-14308-a-n-dale-mabry-hwy/diu17hY9QNWs2NcsRLe6Yw,university-florida
https://www.ubereats.com/tampa/food-delivery/house-of-brews/LHpE7PttTnyAi91O43qeLw,university-florida
https://www.ubereats.com/tampa/food-delivery/subway-14961-n-florida-ave/yW54uKX1TSWNGbP2Elcd3g,university-florida
https://www.ubereats.com/tampa/food-delivery/shells-restaurant-carrollwood/LTlOBVFfT6-RPMeOuHSwXg,university-florida
https://www.ubereats.com/tampa/food-delivery/popeyes-louisiana-kitchen-2216-e-fletcher-ave/NWAvmcY6SZqDESQxK6q1DA,university-florida
https://www.ubereats.com/tampa/food-delivery/harvest-bowl-eatery-and-market/YrIyRDzHSlq5WT6GH1QxjA,university-florida
https://www.ubereats.com/tampa/food-delivery/dough/EeRTqEX9Sui24-UlE3j6Fw,university-florida
https://www.ubereats.com/tampa/food-delivery/frontier-steakhouse/ZvnXmj9QQgGmIIQHYjuzIQ,university-florida
https://www.ubereats.com/tampa/food-delivery/peking-chinese-fast-food/0U9n0HVTQUi8yspl8cAhzQ,university-florida
https://www.ubereats.com/tampa/food-delivery/kabob-express/lVjKHibzR7OqSsROdiEpPg,university-florida
https://www.ubereats.com/tampa/food-delivery/capital-tacos-wesley-chapel/Ozp4X-mgSR6-Ehjk9spaKQ,university-florida
https://www.ubereats.com/tampa/food-delivery/kona-grill-tampa-bay/rqwgfvuaTBKXWQ3VMFZkEA,university-florida
https://www.ubereats.com/tampa/food-delivery/vallartas-mexican-restaurant-tampa-palms/jfHu7iMwSWG5SrUSt29yeg,university-florida
https://www.ubereats.com/tampa/food-delivery/trang-viet-cuisine/wj7INy0DSmiUd0IMx1LVEg,university-florida
https://www.ubereats.com/tampa/food-delivery/the-melting-pot-carrollwood/HgJBk76IQPWmXr5_9ebYhQ,university-florida
https://www.ubereats.com/tampa/food-delivery/the-ice-cream-shop/NReDtCWbRq2O_3MazPndHg,university-florida
https://www.ubereats.com/tampa/food-delivery/pasta-house/LWdiIgYmQzefboBl2-ewGg,university-florida
https://www.ubereats.com/tampa/food-delivery/mekenita-cantina/lMwY6-pFRKChPeOXub5Phw,university-florida
https://www.ubereats.com/tampa/food-delivery/sonic-2320-east-bearss-ave/sompP2BLQgCM_gN-P__8gg,university-florida
https://www.ubereats.com/tampa/food-delivery/burger-king-5301-east-fowler-avenue/CR06DTsqQFKtz84bCWS8KA,university-florida
https://www.ubereats.com/tampa/food-delivery/village-inn-restaurant-dale-mabry/tLJ4Z8tZS2q7fZXgDrbIOA,university-florida
https://www.ubereats.com/tampa/food-delivery/mr-penguin/1XXD5c2GRACiIh9pCQoTnA,university-florida
https://www.ubereats.com/tampa/food-delivery/social-house/U0TgKbhIQ6WNDKbWBkGBHQ,university-florida
https://www.ubereats.com/tampa/food-delivery/osaka-sushi-%26-grill/DVvsZQwWR0Kp5rPGfOJQaw,university-florida
https://www.ubereats.com/tampa/food-delivery/alfreds-food-truck/LCHoWh63TJacJbFoh2mZ7Q,university-florida
https://www.ubereats.com/tampa/food-delivery/chipotle-mexican-grill-7002-gunn-hwy/2mryZA-LSg-DYJ9K8fJ00w,university-florida
https://www.ubereats.com/tampa/food-delivery/chick-fil-a-2811-e-fowler-ave/uUwg1ZVnRhmkswHLhUDwgA,university-florida
https://www.ubereats.com/tampa/food-delivery/isaacs-world-famous-burgers-wings-%26-chili/-c-ZQz_CSB69XbIZknQgRA,university-florida
https://www.ubereats.com/tampa/food-delivery/los-gorditos-food-truck/_aqIUSeqTBOIia3EaSFqmw,university-florida
https://www.ubereats.com/tampa/food-delivery/vallartas-mexican-restaurant/xWBHTpdOT6q7_fX3MYoTyw,university-florida
https://www.ubereats.com/tampa/food-delivery/shuffle/LNnaMLxCRNu4qOeu2RzhAg,university-florida
https://www.ubereats.com/tampa/food-delivery/edamame-sushi-joint/t7i3H8ixSkasbQZR7IVI3w,university-florida
https://www.ubereats.com/tampa/food-delivery/tally-ho-bar-%26-grille/BfmDpfcsSsmlNMaL5p4SMQ,university-florida
https://www.ubereats.com/tampa/food-delivery/shawarma-asham/S4VZvu9HSmW8yBjsh3oVQw,university-florida
https://www.ubereats.com/tampa/food-delivery/zydeco-brew-werks/DnrxeSnfQG-jp41vZr0kkw,university-florida
https://www.ubereats.com/tampa/food-delivery/chill-bros-scoop-shop/3BdKbuVcRXe_0lr-bWmBeA,university-florida
https://www.ubereats.com/tampa/food-delivery/china-city/KsH8kb5wTrS5i_seFJ90aQ,university-florida
https://www.ubereats.com/tampa/food-delivery/tacos-la-costena/Xn5ZTtCWRiy1tu_tj-3e9Q,university-florida
https://www.ubereats.com/tampa/food-delivery/mcdonalds-4333-w-hillsborough-ave/nNOH2Eb-QZqDiBUZbjUzSw,university-florida
https://www.ubereats.com/tampa/food-delivery/abc-pizza-4005-land-o-lakes-boulevard/Zp6TgKC8TwaZuiwksB-cCQ,university-florida
https://www.ubereats.com/tampa/food-delivery/pizza-hut-17420-n-highway-41/psGh9knGRkW_R9L3w2qELQ,university-florida
https://www.ubereats.com/tampa/food-delivery/nilsas-puerto-rican-bistro/L_MTD-j2QjuNfWrYh0PEcA,university-florida
https://www.ubereats.com/tampa/food-delivery/sesame-asian-kitchen/Eh8sLAlvSuW3Erx3--xotA,university-florida
https://www.ubereats.com/tampa/food-delivery/serious-tampa-bbq/yfVi7k_VR_-tnqUt_M3ykw,university-florida
https://www.ubereats.com/tampa/food-delivery/chipotle-mexican-grill-12827-n-dale-mabry-hwy/iaUuQrJhS4ORhD7_g7KI2A,university-florida
https://www.ubereats.com/tampa/food-delivery/hamada-maqluba/jQ-u4n10RvaFDtdv9wuh6w,university-florida
https://www.ubereats.com/tampa/food-delivery/raw-smoothie-co/Nvdc7EEmTVyZkstBV3kF3g,university-florida
https://www.ubereats.com/tampa/food-delivery/the-brass-tap-10047-n-dale-mabry-hwy/WTdCSAHzSqSIXiW6TO9jrQ,university-florida
https://www.ubereats.com/tampa/food-delivery/chicken-salad-chick-lutz/WgDNXfwqSP-e4wGbIt1JSw,university-florida
https://www.ubereats.com/tampa/food-delivery/tropical-smoothie-cafe-shoppes-of-carrollwood/tDwuXAa7Rl-reKuzxDlINw,university-florida
https://www.ubereats.com/tampa/food-delivery/del-valle-mexican-grill/60oLzB4wTT-_cav6G-nCvg,university-florida
https://www.ubereats.com/tampa/food-delivery/checkers-2820-w-martin-luther-king-blvd/z6IvSAfHSWqZ302swGvZZA,university-florida
https://www.ubereats.com/tampa/food-delivery/blaze-pizza-5114-east-fowler-avenue-suite-103/s7PnpRvqStCPoPnTLHgcAA,university-florida
https://www.ubereats.com/tampa/food-delivery/hooters-e-adamo-dr-%26-s-falkenburg-rd/C20mVeLIT3qU1RzjmFlpCQ,university-florida
https://www.ubereats.com/tampa/food-delivery/taco-bus-orient/n9HeiSZERZeyhFOe0dnNBA,university-florida
https://www.ubereats.com/tampa/food-delivery/mr-gyro-fish-and-chicken/0-bph75NRLuAipGuX7uhzQ,university-florida
https://www.ubereats.com/tampa/food-delivery/wendys-1507-e-fowler/nL3dh3ogQDmUo3oYzcrTxA,university-florida
https://www.ubereats.com/tampa/food-delivery/hyderabad-biryani-house-usf/KwUx7-JFRAKZBJg5cmTCIA,university-florida
https://www.ubereats.com/tampa/food-delivery/prime-time-sports-grill-carrollwood/5dLA3hIVSmaVjILW6oWK9w,university-florida
https://www.ubereats.com/tampa/food-delivery/sushi-haru-carrollwood/Pc6ZSrdaQJWuMMmjtZygiQ,university-florida
https://www.ubereats.com/tampa/food-delivery/dunkin-17514-us-highway-41/0gXQJS6rQlaxdGrMkZVH3Q,university-florida
https://www.ubereats.com/tampa/food-delivery/healthy-%26-fresco/hXShbHjSTQSeI5uOj9AQ3g,university-florida
https://www.ubereats.com/tampa/food-delivery/pho-quyen-tampa-fl/O9eOoAHqT56lIjYhIQT2ig,university-florida
https://www.ubereats.com/tampa/food-delivery/kfc-8201-n-florida-avenue/RMjZ6H0HSZGl8AB74TpXzg,university-florida
https://www.ubereats.com/tampa/food-delivery/royal-indian-cuisine/bZwidOVFQsmXcZrhc66STw,university-florida
https://www.ubereats.com/tampa/food-delivery/king-of-the-coop/G3KQSI0nQByh9Eh8zgaBFA,university-florida
https://www.ubereats.com/tampa/food-delivery/365-caffe-italiano-wesley-chapel/t1DqQpbJSJSsUMQVGMzr2g,university-florida
https://www.ubereats.com/tampa/food-delivery/kubos-cafe/gb22fUP2RUSc6IuXW061mw,university-florida
https://www.ubereats.com/tampa/food-delivery/quality-foods-gourmet-market/aaAFoMUoSCWMgxbxND3AEA,university-florida
https://www.ubereats.com/tampa/food-delivery/ming-garden/BL-ssTi-SmOeFlUI0RnkMQ,university-florida
https://www.ubereats.com/tampa/food-delivery/don-pan-bakery-wesley-chapel/cXwwzVw0R1C6FgrUFGgUQg,university-florida
https://www.ubereats.com/tampa/food-delivery/tijuana-flats-fowler/mI66y6qhTs-JMHP3Rk3hfg,university-florida
https://www.ubereats.com/tampa/food-delivery/the-ice-cream-shop/ePcYgrWQQSCddEoNQGP9iQ,university-florida
https://www.ubereats.com/tampa/food-delivery/the-garden/crmMe2tXSpSWzod9ItJbyQ,university-florida
https://www.ubereats.com/tampa/food-delivery/wendys-1501-hillsboro-ave/7KGk7aAYShmNUeIYyeDppQ,university-florida
https://www.ubereats.com/tampa/food-delivery/titos-latin-kitchen/uIGbxxggTwa3hEXnjUHBbg,university-florida
https://www.ubereats.com/tampa/food-delivery/renzos-carrollwood/ccz4pf1BSDKGUXahjyeX5w,university-florida
https://www.ubereats.com/tampa/food-delivery/dunkin-4325-hillsborough-plz/oyoXyJhcSqic1MNqf4fU_w,university-florida
https://www.ubereats.com/tampa/food-delivery/sake-house/U5aVfLsKQou5p1heySjfig,university-florida
https://www.ubereats.com/tampa/food-delivery/ebisu-sushi-shack/C7aEj8UDRLOYHlsmTQwy2w,university-florida
https://www.ubereats.com/tampa/food-delivery/trips-diner-tampa/Ex-RWEyLRmmaq1pP3-62Tw,university-florida
https://www.ubereats.com/tampa/food-delivery/fletcher-supermarket/XwZPWSTTQmu7vzr8-IKXGA,university-florida
https://www.ubereats.com/tampa/food-delivery/osaka-express/7duHgUVQRJ-tV4C136gS6g,university-florida
https://www.ubereats.com/tampa/food-delivery/themunchiespot1/ficPwARVRD-0jT7-HVJnGA,university-florida
https://www.ubereats.com/tampa/food-delivery/mr-pepito-tampa-bay/2yu2dPlZSiStbUnNEtRkqg,university-florida
https://www.ubereats.com/tampa/food-delivery/village-inn-11302-n-30th-st/MMANT4qrReW4JFPPe1I-Nw,university-florida
https://www.ubereats.com/tampa/food-delivery/the-ice-cream-shop/2FaAPOMNQgGDAe5NRf8EdA,university-florida
https://www.ubereats.com/tampa/food-delivery/world-of-beer-2815-e-fowler-ave/HstaiAWRRFuWS25oiDoA6w,university-florida
https://www.ubereats.com/tampa/food-delivery/five-guys-fl-0124-2702-east-fowler-ave/NZ98pKhZRmyt8evRsmtbRA,university-florida
https://www.ubereats.com/tampa/food-delivery/dunkin-19130-north-dale-mabry-hwy/qvifQG6MTfGPGnASCdF2Zw,university-florida
https://www.ubereats.com/tampa/food-delivery/the-blind-tiger-cafe-florida-ave/KVX6uzyRRIqe09ZE2-9ZPg,university-florida
https://www.ubereats.com/tampa/food-delivery/ihop-11111-n-dale-mabry-hwy/mCYDPmQJQiaaUh7No1VRPw,university-florida
https://www.ubereats.com/tampa/food-delivery/new-china-moon/d6EtwBh_SYi9COTCIZBXTg,university-florida
https://www.ubereats.com/tampa/food-delivery/l8te-nite-munchies/72Ecemk4QMWdts21kYSoPQ,university-florida
https://www.ubereats.com/tampa/food-delivery/tacos-gone-mobile/8ipyRw0zR8y2M3Z8hBQhog,university-florida
https://www.ubereats.com/tampa/food-delivery/caprichos-deli-coffee/yo7Dx-ntSXOT-nfV4gVRWw,university-florida
https://www.ubereats.com/tampa/food-delivery/cold-stone-creamery-anderson/NpsanivzSH-kKWKD6TSBhQ,university-florida
https://www.ubereats.com/tampa/food-delivery/new-york-style-pizza/zhR1wXTJRS2laQ9A1ljN1A,university-florida
https://www.ubereats.com/tampa/food-delivery/saki-sushi/Mv8fPFkZRsKdsCXITHyVmA,university-florida
https://www.ubereats.com/tampa/food-delivery/brunchies-tampa-breakfast-brunch-%26-lunch/NjRivzKCRKqLKhRqp0ZyHw,university-florida
https://www.ubereats.com/tampa/food-delivery/pollo-tropical-5101-fowler-avenue/xgnJHRGiTle73FZthQGbJw,university-florida
https://www.ubereats.com/tampa/food-delivery/ho-king-chinese/aYH4EnNJT9ajFBju15vV8w,university-florida
https://www.ubereats.com/tampa/food-delivery/aguila-sandwich-shop/9mMXJVYtTX2dQBA1LLSvAA,university-florida
https://www.ubereats.com/tampa/food-delivery/ichicoro-ramen-seminole-heights/HsjGRJqiRQa5Vd9EVYemCA,university-florida
https://www.ubereats.com/tampa/food-delivery/sonic-2523-north-dale-mabry-hwy/Ieq3bXaWSS-b-bf4Efsmww,university-florida
https://www.ubereats.com/tampa/food-delivery/subway-6217-e-hillsborough/4_wlw1GlT1KMQ9Rw8sen2g,university-florida
https://www.ubereats.com/tampa/food-delivery/acropolis-south-tampa/rhW8yG3KRl2y0iGq5yLWEQ,university-florida
https://www.ubereats.com/tampa/food-delivery/zen-bistro-grill-%2B-sushi-citrus-park/Wc52EVXQQOGwxwMEGr66JQ,university-florida
https://www.ubereats.com/tampa/food-delivery/sake2me/Cp-VRFiUQdmJqH859-2M2w,university-florida
https://www.ubereats.com/tampa/food-delivery/fords-garage-westchase/iHgm2MqJQ7O5ktbGiH0Tkw,university-florida
https://www.ubereats.com/tampa/food-delivery/southern-spices/yEo77LuQQzeJsPTVFwpHRA,university-florida
https://www.ubereats.com/tampa/food-delivery/five-guys-fl-1060-6431-e-county-line-rd/LE_VqovoQf6iauZqmQ3AQg,university-florida
https://www.ubereats.com/tampa/food-delivery/starbucks-fowler-%26-15th/XZlzfPUDQQylWZko_xFp9g,university-florida
https://www.ubereats.com/tampa/food-delivery/jerk-hut-seminole-heights/D_Vn6LaNRFecTB8hhirPDw,university-florida
https://www.ubereats.com/tampa/food-delivery/happy-fish-peruvian-fusion-restaurant/XLiunlijT9CP-okVBXFzoQ,university-florida
https://www.ubereats.com/tampa/food-delivery/front-porch-grill-%26-bar/fFF-YhD7TfO-iwPbYAdTGw,university-florida
https://www.ubereats.com/tampa/food-delivery/new-york-pizza-express/Fh3-_aNuRVaPLDxxQ1hu2A,university-florida
https://www.ubereats.com/tampa/food-delivery/bruh-mans-bbq/JLs6QfWwTMSoyjv_2FNpUQ,university-florida
https://www.ubereats.com/tampa/food-delivery/ichiban-japanese-cuisine-%26-sushi-bar-busch-gardens/vIODuhy3Svq5puytLRywCA,university-florida
https://www.ubereats.com/tampa/food-delivery/dunkin-7210-e-hillsborough-ave/_Wlua-THRwelCZZ4pNdtvQ,university-florida
https://www.ubereats.com/tampa/food-delivery/china-star-temple-terrace/L4UBy1NOSW2Rgl939x3WcQ,university-florida
https://www.ubereats.com/tampa/food-delivery/ednas-soulfood-grille/XiZEQyOlT6SCNe7xHbf4MA,university-florida
https://www.ubereats.com/tampa/food-delivery/starbucks-mlk-%26-habana/Cu_dRhS-S7-ECn-SHRe_eA,university-florida
https://www.ubereats.com/tampa/food-delivery/origami-sushi-6507-w-waters-ave/gHojFiO9RmqCqpebfP3GJA,university-florida
https://www.ubereats.com/tampa/food-delivery/tijuana-flats-dale-mabry/Js_5JyYFS_yqDsAq4z_y2w,university-florida
https://www.ubereats.com/tampa/food-delivery/outback-steakhouse-11950-sheldon-road/IMjg0zSJQz-3JCAgVTmqsw,university-florida
https://www.ubereats.com/tampa/food-delivery/tijuana-flats-wesley-chapel/nOpRsezBQDy_JgYCN5fbDg,university-florida
https://www.ubereats.com/tampa/food-delivery/the-c-house/dlo2iJrARXSBdttVBJNHXA,university-florida
https://www.ubereats.com/tampa/food-delivery/benjarong-thai-restaurant/GoIttr0NSLGpzNdfaiVJsw,university-florida
https://www.ubereats.com/tampa/food-delivery/jc-noodle-house/yH1GmGoKQX6qJS27DHFHfg,university-florida
https://www.ubereats.com/tampa/food-delivery/burger-king-3009-east-busch-boulevard/Ncg55Q16QVuDLtxen3sY5A,university-florida
https://www.ubereats.com/tampa/food-delivery/felicitous-on-42nd/V1pVjwNZTCmua4CMV1Ui5Q,university-florida
https://www.ubereats.com/tampa/food-delivery/subway-carrollwood/nX1_f4fzRlOfwoxBlgH15g,university-florida
https://www.ubereats.com/tampa/food-delivery/flavors-indian-cuisine/NGyMTNr7QEKZIyj7309jYw,university-florida
https://www.ubereats.com/tampa/food-delivery/taras-roti-shop/LWAO94mCQlOCgyCLyIzcMA,university-florida
https://www.ubereats.com/tampa/food-delivery/tanya-%26-matts-ice-cream/uA2kFPgXTpi_SxtWJVcBeg,university-florida
https://www.ubereats.com/tampa/food-delivery/udipi-cafe/OZSlkeYBRBqwctFpWOUWHg,university-florida
https://www.ubereats.com/tampa/food-delivery/ellas-americana-folk-art-cafe-seminole-heights/kgff-jDzSUyO2369M54Y_A,university-florida
https://www.ubereats.com/tampa/food-delivery/salems-fresh-eats-nebraska/gIS_kBKtThGrZMJ3EV0cHQ,university-florida
https://www.ubereats.com/tampa/food-delivery/philly-phlava-cheese-steaks-carrollwood/ig1NXfc0QTGccqx8nSep1Q,university-florida
https://www.ubereats.com/tampa/food-delivery/del-valle-mexican-grill/snF9dUEoTe29mdaqhc8zwA,university-florida
https://www.ubereats.com/tampa/food-delivery/ny-times-square-pizza-usf/32DHO_2GSLaKn8W5h_zY9g,university-florida
https://www.ubereats.com/tampa/food-delivery/chesters-fried-chicken/XlkNs-guQjqBatgslNiJdQ,university-florida
https://www.ubereats.com/tampa/food-delivery/world-of-beer-5311-avion-park-dr/xt-Na3CESuCViyZ5DE2cIw,university-florida
https://www.ubereats.com/tampa/food-delivery/mels-house-of-smoke/-ZGhpljPTP6be-Ljyyn7mw,university-florida
https://www.ubereats.com/tampa/food-delivery/lenos-food-truck/pgp6aTv_TIyD9l8RbFaOMw,university-florida
https://www.ubereats.com/tampa/food-delivery/salems-fresh-eats-50th-st/bhuMbg_WQnqLd0OFqvRlbw,university-florida
https://www.ubereats.com/tampa/food-delivery/starbucks-fowler-%26-50th/SnWeTTldQAqK7r587jkXeQ,university-florida
https://www.ubereats.com/tampa/food-delivery/seafood-select/BFWfBBCtR-eEqoqRQRg13w,university-florida
https://www.ubereats.com/tampa/food-delivery/marlenes-original-breakfast-sandwich/-lfg-VS5QcayIFhiJ6udVQ,university-florida
https://www.ubereats.com/tampa/food-delivery/little-greek-tampa-palms/wKWIg67qQRK91lvfLs2e7Q,university-florida
https://www.ubereats.com/tampa/food-delivery/new-york-new-york-pizza-carrollwood/ft4PALBiRkawe4epl0Rwkg,university-florida
https://www.ubereats.com/tampa/food-delivery/china-dragon/NTpFetLQStef0yT3ACYlsg,university-florida
https://www.ubereats.com/tampa/food-delivery/dunkin-3512-e-hillsborough-ave/zWuuwCF8Re64ijbZBN8kHA,university-florida
https://www.ubereats.com/tampa/food-delivery/taco-bell-25630-sierra-center-blvd/UAfAL3cwSVK3IMhbinA5-Q,university-florida
https://www.ubereats.com/tampa/food-delivery/petra-restaurant-usf/ZRDPDyY8TZ2_iD9E2CHiFA,university-florida
https://www.ubereats.com/tampa/food-delivery/acropolis-greek-taverna-usf/aaLpesQwQ4u-HhVVBZtz2Q,university-florida
https://www.ubereats.com/tampa/food-delivery/red-bowl-szechuan/iKE6M781QiSSslUdZfaDyQ,university-florida
https://www.ubereats.com/tampa/food-delivery/the-ice-cream-shop/nQnx4H89RiCWqy8DsGbMBQ,university-florida
https://www.ubereats.com/tampa/food-delivery/taco-de-oro-%233-wesley-chapel/522TBzS1RFOegqVDC-Yrzg,university-florida
https://www.ubereats.com/tampa/food-delivery/the-ice-cream-shop/9aKFpbu8R921CyuYFq3ERg,university-florida
https://www.ubereats.com/tampa/food-delivery/saucin-wings/yT4rgWE1R-KtOQQWWXsSPw,university-florida
https://www.ubereats.com/tampa/food-delivery/taco-bell-busch-gardens/OFM0m76NRHqiFL_HBx7enA,university-florida
https://www.ubereats.com/tampa/food-delivery/costanera-peruvian-cuisine-tampa/75AjBw6XS8SY7HSf9LF3AA,university-florida
https://www.ubereats.com/tampa/food-delivery/tijuana-flats-lutz/YsDVTlqxSsiAteAMyoM3qA,university-florida
https://www.ubereats.com/tampa/food-delivery/clean-juice-28216-paseo-drive/ayrfOg2HRBWbWz3nLH97Gg,university-florida
https://www.ubereats.com/tampa/food-delivery/ciccio-cali-tampa-palms/0Je2PJ9HR8qLtgIPu-D4CA,university-florida
https://www.ubereats.com/tampa/food-delivery/southern-fry/BPOBITg-RKKQWKfxr_Rg1w,university-florida
https://www.ubereats.com/tampa/food-delivery/queen-of-sheba-ethiopian-restaurant/hrDPCJHQQKy8VciD1aiO1A,university-florida
https://www.ubereats.com/tampa/food-delivery/jersey-mikes-collier-pkwy-%26-fl-54/SacAJE-nR_6J_DbW5PAdKg,university-florida
https://www.ubereats.com/tampa/food-delivery/petra-express-mediterranean-cuisine-tampa-palms/VsBHomCnTmKCmKbK5eDOpg,university-florida
https://www.ubereats.com/tampa/food-delivery/papas-cuban-place/VK4PrOhWSTu9u2YilUjqZw,university-florida
https://www.ubereats.com/tampa/food-delivery/miguelitos-taqueria-y-tequilas/Zn4lmGlXTBO321lltdsSWQ,university-florida
https://www.ubereats.com/tampa/food-delivery/sailing-poke-bowl/KwtM47ljT8aSioSEF17DZg,university-florida
https://www.ubereats.com/tampa/food-delivery/don-rubio%60s-italian-restaurant-%26-cuisine/tTPi6WERTaincWzS7ZZZ1w,university-florida
https://www.ubereats.com/tampa/food-delivery/dunkin-1911-c-e-fowler-ave/HtRJa1uGRoWiq5hHJYjKUQ,university-florida
