url,city
https://www.ubereats.com/philadelphia/food-delivery/the-coffee-station-garnet-valley/VQxb2MluQuCHnIO02cQiUQ,upper-chichester-pennsylvania
https://www.ubereats.com/philadelphia/food-delivery/cracker-barrel-old-country-store-125-s-stewart-ave/9RVk7ptaSR-XxCC0hKJRNw,upper-chichester-pennsylvania
https://www.ubereats.com/philadelphia/food-delivery/saladworks-1300-rocky-run-pkwy/lpavAH04SWe5PAdTjVelkA,upper-chichester-pennsylvania
https://www.ubereats.com/philadelphia/food-delivery/saladworks-4127-concord-pike/6thim6WASsSCzxgT91TW3g,upper-chichester-pennsylvania
https://www.ubereats.com/philadelphia/food-delivery/the-ice-cream-shop/jhq14m7bT6STvOh_lK0neQ,upper-chichester-pennsylvania
https://www.ubereats.com/philadelphia/food-delivery/dunkin-2343-chichester-ave/CLLTJ61YQ0mnyJfPyqeD-g,upper-chichester-pennsylvania
https://www.ubereats.com/philadelphia/food-delivery/mcdonalds-upper-chichester/iKdXDg08Q-CKENmnsP9fUQ,upper-chichester-pennsylvania
https://www.ubereats.com/philadelphia/food-delivery/burger-king-5012-pennell-rd/XfBckxt0QdO0m4mSxTpC_A,upper-chichester-pennsylvania
https://www.ubereats.com/philadelphia/food-delivery/nooddi-thai-chef/377E-ZJYQHWkYb278sTVuw,upper-chichester-pennsylvania
https://www.ubereats.com/philadelphia/food-delivery/mod-pizza-brandywine-mills/Y5v12o-ISqux7VFB3yyDZA,upper-chichester-pennsylvania
https://www.ubereats.com/philadelphia/food-delivery/california-tortilla/B7M5gJBRQhe9-ACVZsqUtA,upper-chichester-pennsylvania
https://www.ubereats.com/philadelphia/food-delivery/rasa-indian-cuisine/Su8r_d_VRd-gu0DjiHqawA,upper-chichester-pennsylvania
https://www.ubereats.com/philadelphia/food-delivery/new-tiny-hoagie-shop/H5OwSybaQdWcUp6AfygzRA,upper-chichester-pennsylvania
https://www.ubereats.com/philadelphia/food-delivery/tony-lukes/gQE-0NBnQki8HL1i-yTuIA,upper-chichester-pennsylvania
https://www.ubereats.com/philadelphia/food-delivery/hooters-1110-baltimore-pike/1_W7IfAMSCWoY3rz_JfWTQ,upper-chichester-pennsylvania
https://www.ubereats.com/philadelphia/food-delivery/the-plum-pit-food-truck/Fe9nk4r0R6OyUkW33ayEBw,upper-chichester-pennsylvania
https://www.ubereats.com/philadelphia/food-delivery/zacs-hamburgers-aston/IMU3hKPBQ3OAegSCeehiGw,upper-chichester-pennsylvania
https://www.ubereats.com/philadelphia/food-delivery/chuck-e-cheese-3601-silverside-rd/V-yUfqNLT9GJqlP3B3nZnA,upper-chichester-pennsylvania
https://www.ubereats.com/philadelphia/food-delivery/6804-bonefish-grill-4737-concord-pike/4Qe_iYyCTcyKGBeNYDowlg,upper-chichester-pennsylvania
https://www.ubereats.com/philadelphia/food-delivery/kung-fu-tea-media/N6J0VRpoTSShnhPXEYHfCg,upper-chichester-pennsylvania
https://www.ubereats.com/philadelphia/food-delivery/millers-ale-house-media/dUu_2iMVSaGElNt5YhlVAg,upper-chichester-pennsylvania
https://www.ubereats.com/philadelphia/food-delivery/desert-rose-mediterranean-cuisine/xSO8IFV7SaqjN41tF-XLGA,upper-chichester-pennsylvania
https://www.ubereats.com/philadelphia/food-delivery/arbys-601-conchester-hwy/1RjuEWiNTxmLRn7ux0s1Zg,upper-chichester-pennsylvania
https://www.ubereats.com/philadelphia/food-delivery/mcdonalds-4111-north-market-street/ZvUAVkkuSxCrsdRM2sLdvg,upper-chichester-pennsylvania
https://www.ubereats.com/philadelphia/food-delivery/bertuccis-501-byers-drive/mFNC15JwSaSxz5hF4D3wOA,upper-chichester-pennsylvania
https://www.ubereats.com/philadelphia/food-delivery/ny-halal-food-truck-%23-2/-XcKHPAER56Jb7jJ5VO3Ag,upper-chichester-pennsylvania
https://www.ubereats.com/philadelphia/food-delivery/zoes-kitchen-1751-wilmington-pike%3B-suite-b-1/PjOv6TDXRO-SNOL1XfPS-w,upper-chichester-pennsylvania
https://www.ubereats.com/philadelphia/food-delivery/wing-squad-concordville/GsTABx8TQUmTTrQ9IGk-Rw,upper-chichester-pennsylvania
https://www.ubereats.com/philadelphia/food-delivery/little-anthonys/wpF7WZGBSduz-ha_q02T6A,upper-chichester-pennsylvania
https://www.ubereats.com/philadelphia/food-delivery/new-york-fried-chicken-and-grill/mi3O8k4yT-GIdb8zCpOgMg,upper-chichester-pennsylvania
https://www.ubereats.com/philadelphia/food-delivery/the-hot-dog-stand/J2dTIY8XSay6PLlCIUFN7g,upper-chichester-pennsylvania
https://www.ubereats.com/philadelphia/food-delivery/phillys-taste/_S9CToKaRl6x7skYE7gXCA,upper-chichester-pennsylvania
https://www.ubereats.com/philadelphia/food-delivery/chill-out-ice-cream-and-water-ice/7xJ5FCnyTBGd2DE4_mlAhQ,upper-chichester-pennsylvania
https://www.ubereats.com/philadelphia/food-delivery/unique-chinese-restaurant/VdO2m_x1T4eIep1xOcL_6A,upper-chichester-pennsylvania
https://www.ubereats.com/philadelphia/food-delivery/primohoagies-3501-philadelphia-pike-suite-1/gnV15AU-T2yEm_33WCm_jQ,upper-chichester-pennsylvania
https://www.ubereats.com/philadelphia/food-delivery/the-juice-merchant/iAxLxU7LTWST3wJvIRNo7A,upper-chichester-pennsylvania
https://www.ubereats.com/philadelphia/food-delivery/philly-pretzel-factory-folsom/BAwmtZJxRimNUFNE2WSF8g,upper-chichester-pennsylvania
https://www.ubereats.com/philadelphia/food-delivery/shugar-shack-soulfood-catering/i0Ed0mDZQh2ytksxWSd-Mg,upper-chichester-pennsylvania
https://www.ubereats.com/philadelphia/food-delivery/honeygrow-5609-concord-pike/tgn82LwsSn6vVJFqBWeLYQ,upper-chichester-pennsylvania
https://www.ubereats.com/philadelphia/food-delivery/thai-fusion-kitchen/QMj2VvqpQl-9uv7D4Tzweg,upper-chichester-pennsylvania
https://www.ubereats.com/philadelphia/food-delivery/frankies-on-fairview-by-chef-reeky/L_MxSXCWQD6t1tnxyZICfQ,upper-chichester-pennsylvania
https://www.ubereats.com/philadelphia/food-delivery/stephens-on-state/zWKW2kMiT7q22r56KLnw9g,upper-chichester-pennsylvania
https://www.ubereats.com/philadelphia/food-delivery/yi-palace/r_qZOVkoSHqp5iRTTjKQnw,upper-chichester-pennsylvania
https://www.ubereats.com/philadelphia/food-delivery/desert-rose-bowls/_HrTAgC3QBKWLqa_If7sHw,upper-chichester-pennsylvania
https://www.ubereats.com/philadelphia/food-delivery/pf-changs-983-baltimore-pike/I3EEgbmyS4Go_z2qJ_SANQ,upper-chichester-pennsylvania
https://www.ubereats.com/philadelphia/food-delivery/aston-diner/pbGBo0tYQIGM9owPKHayHA,upper-chichester-pennsylvania
https://www.ubereats.com/philadelphia/food-delivery/dunkin-3224-philadelphia-pike/peLtSzNeS0e0E4KstBHzfg,upper-chichester-pennsylvania
https://www.ubereats.com/philadelphia/food-delivery/infinite-diner/Bo1tbVgdT9qzaNx3O_-HOw,upper-chichester-pennsylvania
https://www.ubereats.com/philadelphia/food-delivery/ariano/7OpCAkXMSdi9WXwH4Mw1BA,upper-chichester-pennsylvania
https://www.ubereats.com/philadelphia/food-delivery/primohoagies-132-e-baltimore-ave/WiQk0SKoSIS6i58uIqZ-KA,upper-chichester-pennsylvania
https://www.ubereats.com/philadelphia/food-delivery/applebees-1600-rocky-run-pkwy/mB3Q1Z_qSKu-EbiWvbkW9Q,upper-chichester-pennsylvania
https://www.ubereats.com/philadelphia/food-delivery/pescatores-wilmington-pike/IamSs6eqQQ2mlMuCotE18w,upper-chichester-pennsylvania
https://www.ubereats.com/philadelphia/food-delivery/arbys-2719-philadelphia-pike/EOpD7xPQRKSNcnjHY4ciUQ,upper-chichester-pennsylvania
https://www.ubereats.com/philadelphia/food-delivery/gatsbys-bar-and-grill/BEJpf4xFSpiRVoI4sJyxkw,upper-chichester-pennsylvania
https://www.ubereats.com/philadelphia/food-delivery/cold-stone-creamery-springfield/Qs9DeFn3Rjyx3hnButO2OQ,upper-chichester-pennsylvania
https://www.ubereats.com/philadelphia/food-delivery/old-state-tavern/kBbmBt-NTMqbIqejHAm4wQ,upper-chichester-pennsylvania
https://www.ubereats.com/philadelphia/food-delivery/jaco-juice-%26-taco-bar/RHk9C3JASgG5nx8qjgQjBw,upper-chichester-pennsylvania
https://www.ubereats.com/philadelphia/food-delivery/dunkin-5101-pennell-rd/EKVyl1JIS-243DCdmD2dLw,upper-chichester-pennsylvania
https://www.ubereats.com/philadelphia/food-delivery/five-guys-de-0167-2217-concord-pike/I484spNwQaCle-MSzGFdWQ,upper-chichester-pennsylvania
https://www.ubereats.com/philadelphia/food-delivery/papa-johns-2114-marsh-road/KFdxY0hvRgyv8YAyXM6qUQ,upper-chichester-pennsylvania
https://www.ubereats.com/philadelphia/food-delivery/smileys-diner-wilmington/OEpgnLaoQqePR9Y_lQ3hOw,upper-chichester-pennsylvania
https://www.ubereats.com/philadelphia/food-delivery/wendys-5150-pennell-road/LrCCT1fcRsqoHmmdXsuOyg,upper-chichester-pennsylvania
https://www.ubereats.com/philadelphia/food-delivery/harvest-seasonal-grill-%26-wine-bar-glen-mills/GOqoFsw9QNmpCYdLqsvQZw,upper-chichester-pennsylvania
https://www.ubereats.com/philadelphia/food-delivery/the-munchy-machine/Iowr39BtQ66BancoyVq8hA,upper-chichester-pennsylvania
https://www.ubereats.com/philadelphia/food-delivery/just-pizza/CNsAeQ5sQsS2JHJ1joecWw,upper-chichester-pennsylvania
https://www.ubereats.com/philadelphia/food-delivery/wendys-294-e-baltimore-pike/UeaxMRUXSQeWdSvarFN-jQ,upper-chichester-pennsylvania
https://www.ubereats.com/philadelphia/food-delivery/chester-jamaican-kitchen/Nti5PqKSSBSzCc5ADBg4GA,upper-chichester-pennsylvania
https://www.ubereats.com/philadelphia/food-delivery/bawarchi/M5uMMXXWSGCVEGWMsMua7w,upper-chichester-pennsylvania
https://www.ubereats.com/philadelphia/food-delivery/ny-bagel-%26-sandwich-shop/KKujwXaESbuc2w9UxSicDA,upper-chichester-pennsylvania
https://www.ubereats.com/philadelphia/food-delivery/firebirds-wood-fired-grill-91-wilmington-w-chester-pike/MKVAEnFMSuKggNdCZQK3Dw,upper-chichester-pennsylvania
https://www.ubereats.com/philadelphia/food-delivery/chipotle-mexican-grill-1075-w-baltimore-pike-ste-l/DsS1LhRhT4a83lNf8ENFvQ,upper-chichester-pennsylvania
https://www.ubereats.com/philadelphia/food-delivery/wawa-269-36-baltimore-pike/IiPpFZr5SA63T_QV7GQQPQ,upper-chichester-pennsylvania
https://www.ubereats.com/philadelphia/food-delivery/bubble-shack/jN5XhSP4RD6ieViZiFG64g,upper-chichester-pennsylvania
https://www.ubereats.com/philadelphia/food-delivery/subway-2400-market-st/6pQDoAo1T2q8bwyp6nidew,upper-chichester-pennsylvania
https://www.ubereats.com/philadelphia/food-delivery/shere-e-punjab-indian-cuisine/RPwu0PrHSg2I-xi4tg4_Qg,upper-chichester-pennsylvania
https://www.ubereats.com/philadelphia/food-delivery/mcdonalds-brookhaven/5V4bcH6bSAKon8sFZB6D8A,upper-chichester-pennsylvania
https://www.ubereats.com/philadelphia/food-delivery/manhattan-bagel-%23-0469/F3bwbpqqQcC89Lywkpc24Q,upper-chichester-pennsylvania
https://www.ubereats.com/philadelphia/food-delivery/kfc-taco-bell3515-edgmont-ave/tFOOxLNaQp6Qxgdr5A8p0g,upper-chichester-pennsylvania
https://www.ubereats.com/philadelphia/food-delivery/applebees-4301-pennell-road/zjOzMSIATZiPt3Gy1jaBSQ,upper-chichester-pennsylvania
https://www.ubereats.com/philadelphia/food-delivery/the-tattooed-pig/bFJpIPH3RhuhZckMIPZzTQ,upper-chichester-pennsylvania
https://www.ubereats.com/philadelphia/food-delivery/wawa-8048-111-morton-ave/yah5M1YJSwe8vxzPpgSa_A,upper-chichester-pennsylvania
https://www.ubereats.com/philadelphia/food-delivery/wawa-8027-5008-pennell-road/ynxRn7g0SMmtfttsZuVT0w,upper-chichester-pennsylvania
https://www.ubereats.com/philadelphia/food-delivery/dunkin-2705-edgmont-ave/YeC0w0ZNQJOv9G3JK6yB4A,upper-chichester-pennsylvania
https://www.ubereats.com/philadelphia/food-delivery/tumble-inn/eT15Mt2wR3eaTK8HliM_xw,upper-chichester-pennsylvania
https://www.ubereats.com/philadelphia/food-delivery/sitaly-to-go/C4L7ANrfSTWb8ka1QBR0XQ,upper-chichester-pennsylvania
https://www.ubereats.com/philadelphia/food-delivery/carrabbas-102-painters-crossing-painters-crossing-shopping-mall/4PASIsWUT7yl-MyMtRmvDA,upper-chichester-pennsylvania
https://www.ubereats.com/philadelphia/food-delivery/friendlys-1250-baltimore-pike-%23-l30/bGQgIQOAQz2HpBm7qrEoTQ,upper-chichester-pennsylvania
https://www.ubereats.com/philadelphia/food-delivery/elbas-deli-%26-restaurant/a8cxewBZTRCb-NWcIlYerA,upper-chichester-pennsylvania
https://www.ubereats.com/philadelphia/food-delivery/red-robin-6100-brandywine-pkwy/NnTAaGx3RdqBBr8nSCYzxQ,upper-chichester-pennsylvania
https://www.ubereats.com/philadelphia/food-delivery/pasta-hut/Hrb4snA8SeiB4CeJKj-Bdg,upper-chichester-pennsylvania
https://www.ubereats.com/philadelphia/food-delivery/krispy-krunchy-fried-chicken-pizza-grill/McZ_s6suRDiSxtbXijCxwg,upper-chichester-pennsylvania
https://www.ubereats.com/philadelphia/food-delivery/walts-flavor-crisp-chicken/55r_reElRHq06HQ63sOhjw,upper-chichester-pennsylvania
https://www.ubereats.com/philadelphia/food-delivery/sweetfrog-600-town-centre-drive/m2_jaLa-RjiNitIdv8e7dA,upper-chichester-pennsylvania
https://www.ubereats.com/philadelphia/food-delivery/state-street-sandwiches/90C2xCRYSG2I4YQ3gedMsA,upper-chichester-pennsylvania
https://www.ubereats.com/philadelphia/food-delivery/primohoagies-3474-concord-rd/GiMM7818Q8WPAjlEdZSR_A,upper-chichester-pennsylvania
https://www.ubereats.com/philadelphia/food-delivery/caribbean-way/tFEwVWjyQiuzcTqD5pq_XQ,upper-chichester-pennsylvania
https://www.ubereats.com/philadelphia/food-delivery/double-dipper-ice-cream-parlor/LgBzcFpxRCekxi2gVX0_5A,upper-chichester-pennsylvania
https://www.ubereats.com/philadelphia/food-delivery/outback-steakhouse-1162-baltimore-pike/uaaFOwIDRT6AcA2uZIMGUw,upper-chichester-pennsylvania
https://www.ubereats.com/philadelphia/food-delivery/ashleys-restaurant/gOBmHF-CQ8iSwyn3gST1bw,upper-chichester-pennsylvania
https://www.ubereats.com/philadelphia/food-delivery/mcdonalds-2702-philadelphia-pike/AY89PR1uQQm1p4mQyN1PAg,upper-chichester-pennsylvania
https://www.ubereats.com/philadelphia/food-delivery/ocean-crab/6LuFVIFvSnCIX-A0likJeQ,upper-chichester-pennsylvania
https://www.ubereats.com/philadelphia/food-delivery/swiss-farms-brookhaven/iOznb2PHQ_60CVTNVAnfjg,upper-chichester-pennsylvania
https://www.ubereats.com/philadelphia/food-delivery/la-tolteca/brQgGsc1RFmemUvPPki6NA,upper-chichester-pennsylvania
https://www.ubereats.com/philadelphia/food-delivery/dennys-47-industrial-hwy/Cuf7S6OASCyhXMi_3r-uYA,upper-chichester-pennsylvania
https://www.ubereats.com/philadelphia/food-delivery/wendys-3100-chichester-avenue/Tr2r2sBUTsaI2xRdgIDu8Q,upper-chichester-pennsylvania
https://www.ubereats.com/philadelphia/food-delivery/dos-gringos-mexican-kitchen/uYAtNWJGRRCOjJ_7BBEVig,upper-chichester-pennsylvania
https://www.ubereats.com/philadelphia/food-delivery/la-taco-bistro/psakLSMNR-6tvaqR7Lui6Q,upper-chichester-pennsylvania
https://www.ubereats.com/philadelphia/food-delivery/auntie-annes-1570-chester-pike/j5KSzr_xS5KwYEdLm1P4sQ,upper-chichester-pennsylvania
https://www.ubereats.com/philadelphia/food-delivery/liberty-bell-chester-diner/pX5CM2IFQ_6jkHGBViyu6g,upper-chichester-pennsylvania
https://www.ubereats.com/philadelphia/food-delivery/krispy-krunchy-chicken-%26-grill/nCK2MqIlT5qq5p5A96D3Qg,upper-chichester-pennsylvania
https://www.ubereats.com/philadelphia/food-delivery/mcdonalds-eddystone/mVGFnkfMTY2sv1sQOjhr8w,upper-chichester-pennsylvania
https://www.ubereats.com/philadelphia/food-delivery/tashas-takeout/VtcqrYdpSjK9NJg79NZz4w,upper-chichester-pennsylvania
https://www.ubereats.com/philadelphia/food-delivery/krispy-krunchy-chicken/LzhCpo62Rpi2Gb4_Q0I-jA,upper-chichester-pennsylvania
https://www.ubereats.com/philadelphia/food-delivery/metro-diner-concord-pike/96YkiBj0QRyW4KIUFZUWnw,upper-chichester-pennsylvania
https://www.ubereats.com/philadelphia/food-delivery/house-restaurant/cxkbSS9pTPGUjECWzUyCvQ,upper-chichester-pennsylvania
https://www.ubereats.com/philadelphia/food-delivery/hometown-breakfast-cafe/ezhSjmMvRlqdfC1RGQNbFA,upper-chichester-pennsylvania
https://www.ubereats.com/philadelphia/food-delivery/queen-cuisine/PF_eKdFmT2ulI7sNzqN4Fw,upper-chichester-pennsylvania
https://www.ubereats.com/philadelphia/food-delivery/popeyes-eddystone/i_hXEKmsSoG7HYqUUBFTCg,upper-chichester-pennsylvania
https://www.ubereats.com/philadelphia/food-delivery/clean-juice-571-wilmington-west-chester-pike/ThsQzWLgRYeQqdXLFfTyNg,upper-chichester-pennsylvania
https://www.ubereats.com/philadelphia/food-delivery/pasquallys-pizza-%26-wings-3601-silverside-rd/QGhUPEJVTE639oyA0bDfyw,upper-chichester-pennsylvania
https://www.ubereats.com/philadelphia/food-delivery/pancheros-mexican-grill-503-e-baltimore-pike/efr5buqySAa6TrrItmqpYw,upper-chichester-pennsylvania
https://www.ubereats.com/philadelphia/food-delivery/toms-dim-sum-ii-media/bO3JImvOSqmf0HKcZ8es3A,upper-chichester-pennsylvania
https://www.ubereats.com/philadelphia/food-delivery/uno-pizzeria-%26-grill-1516-providence-ave/dNU-ngzSQ-CoDANnKhMRUQ,upper-chichester-pennsylvania
https://www.ubereats.com/philadelphia/food-delivery/kfc-taco-bell-609-naamans-rd/Ld4f0DnQQbO2sXudB773VQ,upper-chichester-pennsylvania
https://www.ubereats.com/philadelphia/food-delivery/iron-hill-brewery-%26-restaurant-media/cAm8TR1JSjCErp3MkoqJKw,upper-chichester-pennsylvania
https://www.ubereats.com/philadelphia/food-delivery/boston-market-3603-philadelphia-pk/_uMGWNWmTp2kCCFwUxveAQ,upper-chichester-pennsylvania
https://www.ubereats.com/philadelphia/food-delivery/starbucks-shoppes-at-brookhaven/D_Q-t95vRSqMgMYjDYfpMg,upper-chichester-pennsylvania
https://www.ubereats.com/philadelphia/food-delivery/systahs/9v2qHxdiQLye3OIdoFb1Rw,upper-chichester-pennsylvania
https://www.ubereats.com/philadelphia/food-delivery/wing-hut/sHU0MFtUQBC6sMMg4HPa6A,upper-chichester-pennsylvania
https://www.ubereats.com/philadelphia/food-delivery/poke-bros-glen-mills/I5XPZkjBSY2MAGmk6KJjKQ,upper-chichester-pennsylvania
https://www.ubereats.com/philadelphia/food-delivery/santinos-tap-%26-table/vtro_sxxQYCm1HvmweJe7A,upper-chichester-pennsylvania
https://www.ubereats.com/philadelphia/food-delivery/the-greene-turtle-wilmington/ef0g5UxTQwq_Ztu6dBw75w,upper-chichester-pennsylvania
https://www.ubereats.com/philadelphia/food-delivery/buenos-nachos/MZI5m3EQTwmH_uayBRTwVA,upper-chichester-pennsylvania
https://www.ubereats.com/philadelphia/food-delivery/hollywood-grill/5ENcJ-6KTJ2CL7CICZQTHw,upper-chichester-pennsylvania
https://www.ubereats.com/philadelphia/food-delivery/buffalo-wild-wings-920-baltimore-pike/sgPtm76uRvmbXmjTezof6g,upper-chichester-pennsylvania
https://www.ubereats.com/philadelphia/food-delivery/dunkin-608-conchester-hwy/2BtH-nlARwyDQRxjSdGXtw,upper-chichester-pennsylvania
https://www.ubereats.com/philadelphia/food-delivery/tgi-fridays-301-rocky-run-pkwy/XADUnz-YSsKGZNXuqYVV3g,upper-chichester-pennsylvania
https://www.ubereats.com/philadelphia/food-delivery/late-night-munch-%26-crunch/FjpjQ6u6QqSQaqO_HxV90g,upper-chichester-pennsylvania
https://www.ubereats.com/philadelphia/food-delivery/upland-diner/ymttNv2YQAu8Rr9jGu58vQ,upper-chichester-pennsylvania
https://www.ubereats.com/philadelphia/food-delivery/wawa-8082-435-e-baltimore-pk/52bf2QNlQkec03NTWdHkeA,upper-chichester-pennsylvania
https://www.ubereats.com/philadelphia/food-delivery/320-market-cafe-swarthmore/h5OAlbhrQeWemDo_GjriLg,upper-chichester-pennsylvania
https://www.ubereats.com/philadelphia/food-delivery/seafood-from-the-soul/5TqyFjPzSF--8x2ofgyxNA,upper-chichester-pennsylvania
https://www.ubereats.com/philadelphia/food-delivery/lariele-wood-fired-square-pie/d2JAPYp4TIyx-dXtJlCgpA,upper-chichester-pennsylvania
https://www.ubereats.com/philadelphia/food-delivery/antonias-family-restaurant/oQOW_VamTUSjTT44EedoNQ,upper-chichester-pennsylvania
https://www.ubereats.com/philadelphia/food-delivery/difabios-market-and-tap/8xd0edAFQMOwz9pZTi9_hg,upper-chichester-pennsylvania
https://www.ubereats.com/philadelphia/food-delivery/crown-chicken-%26-grill-edgmont-ave/j52wHL6YSFyd8eo7OUjelQ,upper-chichester-pennsylvania
https://www.ubereats.com/philadelphia/food-delivery/capriottis-2122-silverside-rd/riuiTl8oQRmOxQK5elKUOw,upper-chichester-pennsylvania
https://www.ubereats.com/philadelphia/food-delivery/taco-bell-659-conchester-highway/rTqDNyDoRp6wxXoPkF7zLw,upper-chichester-pennsylvania
https://www.ubereats.com/philadelphia/food-delivery/chipotle-mexican-grill-2209-concord-pike/cId6h9zUTLCJ-17_NMzTIA,upper-chichester-pennsylvania
https://www.ubereats.com/philadelphia/food-delivery/mcdonalds-boothwyn/lSQ2gkudQyuo4NkgbU80GQ,upper-chichester-pennsylvania
https://www.ubereats.com/philadelphia/food-delivery/pretzel-boys/-xJFnpPkRwOjdQnLtKCkoQ,upper-chichester-pennsylvania
https://www.ubereats.com/philadelphia/food-delivery/la-na-thai-french-cuisine/YVFoI0ghQ3y7Oeljo34Zeg,upper-chichester-pennsylvania
https://www.ubereats.com/philadelphia/food-delivery/mexican-post-bar-and-restauart/gjzyD3HhS0aA_K56xw9iuA,upper-chichester-pennsylvania
https://www.ubereats.com/philadelphia/food-delivery/tacos-mexigo/tNw4yLzJQTOx8xa6pjWsCw,upper-chichester-pennsylvania
https://www.ubereats.com/philadelphia/food-delivery/outback-steakhouse-701-byers-drive/mBB59NNTQUeq5fySbzzDAA,upper-chichester-pennsylvania
https://www.ubereats.com/philadelphia/food-delivery/poke-bros-concord-pike/oINJDxpMRKyuIdg3ZiEV-A,upper-chichester-pennsylvania
https://www.ubereats.com/philadelphia/food-delivery/jasmine-asian-cuisine-%26-sushi-bar/myH75URHTp-gBqgQz8TwVQ,upper-chichester-pennsylvania
https://www.ubereats.com/philadelphia/food-delivery/the-coffee-station-morton/KzQYMP4CSM-kvLHE1DfRuQ,upper-chichester-pennsylvania
https://www.ubereats.com/philadelphia/food-delivery/yangtze-inn/H-ad8AxxQuapKrqX49QNoQ,upper-chichester-pennsylvania
https://www.ubereats.com/philadelphia/food-delivery/mrs-marys-kitchen/wUpIlkapQUSgKAVhQUamOQ,upper-chichester-pennsylvania
https://www.ubereats.com/philadelphia/food-delivery/cicontes-italia-pizzeria/iID_93juRzWIDO9_QHIZuA,upper-chichester-pennsylvania
https://www.ubereats.com/philadelphia/food-delivery/qdoba-5609-concord-pike/Mm7FCGSFT46g_ZyNB8tViw,upper-chichester-pennsylvania
https://www.ubereats.com/philadelphia/food-delivery/millers-diner/LTAz8BlRSm-M6Kc7_5kUEQ,upper-chichester-pennsylvania
https://www.ubereats.com/philadelphia/food-delivery/wimpys-original/aijXOuNMTV2o9VM1YIz3bg,upper-chichester-pennsylvania
https://www.ubereats.com/philadelphia/food-delivery/kapow-kitchen/ugVJY9aySm2WHcPdN5Egww,upper-chichester-pennsylvania
https://www.ubereats.com/philadelphia/food-delivery/car-miras-deli/Vidht_TuQimzyjQeHhA2eQ,upper-chichester-pennsylvania
https://www.ubereats.com/philadelphia/food-delivery/burger-king-2911-philadelphia-pike/Jq8Z4jplTPeTxOiYU7xQaw,upper-chichester-pennsylvania
https://www.ubereats.com/philadelphia/food-delivery/arbys-4000-concord-pike/m8Z4Zh9CRZCxligqK-A4Jw,upper-chichester-pennsylvania
https://www.ubereats.com/philadelphia/food-delivery/papa-johns-3403-lancaster-pike/wW3Z3CNZStaw1SzcvV-z8g,upper-chichester-pennsylvania
https://www.ubereats.com/philadelphia/food-delivery/sullivans-steakhouse-5525-concord-pike/Sd-zrMALThGnShqD0KaWVA,upper-chichester-pennsylvania
https://www.ubereats.com/philadelphia/food-delivery/taco-bell-1252-macdade-blvd/oTC8jl2qTkW82W1fUwhTyA,upper-chichester-pennsylvania
https://www.ubereats.com/philadelphia/food-delivery/from-the-roots-natural-smoothie-bar/DomrxrLjRe6e30TWK9-jRw,upper-chichester-pennsylvania
https://www.ubereats.com/philadelphia/food-delivery/five-guys-pa-1873-1075-w-baltimore-pike/BD1TqI7oQEKyAEUf9uEXPQ,upper-chichester-pennsylvania
https://www.ubereats.com/philadelphia/food-delivery/mcdonalds-woodlyn-mac-dade/3ilayAguTE6y2jLK35IIcg,upper-chichester-pennsylvania
https://www.ubereats.com/philadelphia/food-delivery/charcoal-pit/FjXvo3j3TJS0NlSbV0L7yg,upper-chichester-pennsylvania
https://www.ubereats.com/philadelphia/food-delivery/devour-desserts-aston/1WbvaBJJRv-eTh0H4ah8Iw,upper-chichester-pennsylvania
https://www.ubereats.com/philadelphia/food-delivery/famous-crab-cakes-prospect-park/NUzAZfp1RHGhTCPZPYL4Eg,upper-chichester-pennsylvania
https://www.ubereats.com/philadelphia/food-delivery/burger-king-4701-edgmont-ave/rC_j6MsnRQORapZQeWlmYA,upper-chichester-pennsylvania
https://www.ubereats.com/philadelphia/food-delivery/buddys-burger-w-state/jj7ciIy6Q-GYB4N7eR9xRQ,upper-chichester-pennsylvania
https://www.ubereats.com/philadelphia/food-delivery/seafood-hut/DKDXRvnxS9CLD--DjXytJQ,upper-chichester-pennsylvania
https://www.ubereats.com/philadelphia/food-delivery/taco-bell-3902-concord-pke/XJR0jaXMRMaxPF5mO7knlQ,upper-chichester-pennsylvania
https://www.ubereats.com/philadelphia/food-delivery/ginos-pizza-store/_XGMRc9zTeCPk4Pv0icgMQ,upper-chichester-pennsylvania
https://www.ubereats.com/philadelphia/food-delivery/uncle-johns-bbq-stand/N-Sd_Jt3SmG-l-pG9yyqag,upper-chichester-pennsylvania
https://www.ubereats.com/philadelphia/food-delivery/chill-out-chocolate-therapy/98ySfjyrT6itdEtj4QSzCw,upper-chichester-pennsylvania
https://www.ubereats.com/philadelphia/food-delivery/nothing-but-love-soul-food-catering/QRnvnf0oRMa2NJet4BymJw,upper-chichester-pennsylvania
https://www.ubereats.com/philadelphia/food-delivery/smashburger-4828-edgmont-ave/OJ9p8TMTQ3Grwwyeq9lOmw,upper-chichester-pennsylvania
https://www.ubereats.com/philadelphia/food-delivery/diegos-cantina-and-tequila-bar/yKuNisYwQRmPpy8KM5NUVw,upper-chichester-pennsylvania
https://www.ubereats.com/philadelphia/food-delivery/kings-deli/XLkf_ncOQ7CJw7AGPH2dDA,upper-chichester-pennsylvania
https://www.ubereats.com/philadelphia/food-delivery/mcdonalds-prospect-park/NLRw7I-LTW2S8O_lLxc8uQ,upper-chichester-pennsylvania
https://www.ubereats.com/philadelphia/food-delivery/just-pizza/jLWl9o8nRmChSpovJV4sQQ,upper-chichester-pennsylvania
https://www.ubereats.com/philadelphia/food-delivery/chipotle-mexican-grill-1751-wilmington-pike-ste-c-3/GKEFTcJXR-Kn0RzVOGLv4w,upper-chichester-pennsylvania
https://www.ubereats.com/philadelphia/food-delivery/pizzaz-pizza/hJhcuZ59T0aslGBCpHKIcw,upper-chichester-pennsylvania
https://www.ubereats.com/philadelphia/food-delivery/wendys-3521-edgemont-avenue/b2J6CfgdShmmjTUD-qKnNA,upper-chichester-pennsylvania
https://www.ubereats.com/philadelphia/food-delivery/bamboo-bistro-philly/wBK6Z6TqRFmLluBgfYRpWg,upper-chichester-pennsylvania
https://www.ubereats.com/philadelphia/food-delivery/king-wok-chinese-restaurant/kgnd2JteRt-1wAH_-b7JUQ,upper-chichester-pennsylvania
https://www.ubereats.com/philadelphia/food-delivery/bertuccis-springfield-square/oXL1fQhfQFK5SsR_1gI3HQ,upper-chichester-pennsylvania
https://www.ubereats.com/philadelphia/food-delivery/turning-point-of-media/beDWd9sJRx2UUWBuWx_FHg,upper-chichester-pennsylvania
https://www.ubereats.com/philadelphia/food-delivery/shere-e-punjab-indian-cuisine/UDy_ropqTq2lFlURmZuRZw,upper-chichester-pennsylvania
https://www.ubereats.com/philadelphia/food-delivery/taj-mahal-restaurant/Br7a4ip1RHS3IzoTfSBJeQ,upper-chichester-pennsylvania
https://www.ubereats.com/philadelphia/food-delivery/bogarts-bistro/t7A03SMTRlStuNFVpkm79w,upper-chichester-pennsylvania
https://www.ubereats.com/philadelphia/food-delivery/seasons-pizza-aston/QGEvIHwDQOiCmOQZq4d9Vw,upper-chichester-pennsylvania
https://www.ubereats.com/philadelphia/food-delivery/bertuccis-wilmington/l4uny-eeRLGa8q0kZJyn1A,upper-chichester-pennsylvania
https://www.ubereats.com/philadelphia/food-delivery/tom-jones-family-restaurant/0RaJbJQsRT23M-AeAgKSYw,upper-chichester-pennsylvania
https://www.ubereats.com/philadelphia/food-delivery/capriottis-sandwich-shop-301-byers-drive/CEM4VWlLSGWCRy379fpSwg,upper-chichester-pennsylvania
https://www.ubereats.com/philadelphia/food-delivery/dim-sum-mania-%E4%B8%8A%E6%B5%B7%E4%BD%AC/ClcXpBS2QOuxcKnqgrG2hw,upper-chichester-pennsylvania
https://www.ubereats.com/philadelphia/food-delivery/auntie-annes-1250-baltimore-pike-spc-23a/mV9JUqBnRBO-sK8UjVf3Sg,upper-chichester-pennsylvania
https://www.ubereats.com/philadelphia/food-delivery/wawa-0854-2621-philadelphia-pike/ohB_DH__Q3KydR-MZHvuUA,upper-chichester-pennsylvania
https://www.ubereats.com/philadelphia/food-delivery/boston-market-3900-concord-pike/96nwI8z0TB-LX5WHKum_mA,upper-chichester-pennsylvania
https://www.ubereats.com/philadelphia/food-delivery/popeyes-pennell-road/uR7uChRURMyhJXJu9eQ4ig,upper-chichester-pennsylvania
