url,city
https://www.ubereats.com/south-georgia/food-delivery/arbys-2916-n-ashley-st/-y6Uhaf4T0e-NsosXYxQ9Q,valdosta-georgia
https://www.ubereats.com/south-georgia/food-delivery/hardees-1502993/Xt4gvzQ4R_ucNMNOr5ZzNA,valdosta-georgia
https://www.ubereats.com/south-georgia/food-delivery/panera-1173-n-st-augustine-rd/48YWAzR5QjqP5-DDvPjJRw,valdosta-georgia
https://www.ubereats.com/south-georgia/food-delivery/taco-bell-1199-st-augustine-road/QRk0PL8BRwC0XuY8LCj6HQ,valdosta-georgia
https://www.ubereats.com/south-georgia/food-delivery/churchs-chicken-320-east-hill-avenue/0jKZI1uPRHC8nLhHrw7-Jg,valdosta-georgia
https://www.ubereats.com/south-georgia/food-delivery/mcdonalds-1177-n-saint-augustine-rd/hey65YIGRTSkBMTOr1_BRA,valdosta-georgia
https://www.ubereats.com/south-georgia/food-delivery/hardees-1503900/2dYvzAheTZSVA6LZWGfHwg,valdosta-georgia
https://www.ubereats.com/south-georgia/food-delivery/red-lobster-1179-n-st-augustine-road/o3KN-se1ThCffnamfs5KtA,valdosta-georgia
https://www.ubereats.com/south-georgia/food-delivery/firehouse-subs-1525-baytree-rd-ste-b/vDxhtiiBT2yQnbkK4yIVIg,valdosta-georgia
https://www.ubereats.com/south-georgia/food-delivery/tropical-smoothie-cafe-baytree-plaza/1RzpzPGdQcGRQRFn1LL_Eg,valdosta-georgia
https://www.ubereats.com/south-georgia/food-delivery/starbucks-north-valdosta/D3pDdmycQ5iFoBlkvYuDUg,valdosta-georgia
https://www.ubereats.com/south-georgia/food-delivery/louie-smalls/B6ISkH3NQ72W3CidSMm70g,valdosta-georgia
https://www.ubereats.com/south-georgia/food-delivery/burger-king-1801-north-ashley-street/4oCxHwG-RnCfc3Y_dIbUHg,valdosta-georgia
https://www.ubereats.com/south-georgia/food-delivery/wendys-3107-n-oak-st/9DiGUQD9SP687pho2EfdEg,valdosta-georgia
https://www.ubereats.com/south-georgia/food-delivery/burritos-mexican-grill/_6NfDEplT82lDpuif7Tl0Q,valdosta-georgia
https://www.ubereats.com/south-georgia/food-delivery/creations-smoothie-%26-juice-bar/KsKF2DwpTZOZrtVwhg7m2w,valdosta-georgia
https://www.ubereats.com/south-georgia/food-delivery/the-mix/N7iK2ojSTky1nK05IcspXw,valdosta-georgia
https://www.ubereats.com/south-georgia/food-delivery/mcdonalds-2102-north-ashley-st/cTQmDwP2SJWeo2ZDiP_UPg,valdosta-georgia
https://www.ubereats.com/south-georgia/food-delivery/stoners-pizza/OR9zymPvQCiH5bkNCnMgTQ,valdosta-georgia
https://www.ubereats.com/south-georgia/food-delivery/moes-southwest-grill-2112-w-hill-avenue/tcZn5HBJTOG5mAZWqkiE4w,valdosta-georgia
https://www.ubereats.com/south-georgia/food-delivery/chick-fil-a-1700-norman-dr-spc-1056/pUUBbNFmRLyXdW3WqSxtLg,valdosta-georgia
https://www.ubereats.com/south-georgia/food-delivery/soultrys-southern-cuisine/Kt7pguhHTca0Y8ZjBjiGNA,valdosta-georgia
https://www.ubereats.com/south-georgia/food-delivery/ihop-1821-west-hill-ave/-kumZiwDQTOMkNi7iuBZfQ,valdosta-georgia
https://www.ubereats.com/south-georgia/food-delivery/burger-bar-1854-club-house-drive/lQTBlxNhQy2-5As8VlArrQ,valdosta-georgia
https://www.ubereats.com/south-georgia/food-delivery/krystal-1205-st-augustine-rd/ijSijEgfTGSgPomJEU66Mg,valdosta-georgia
https://www.ubereats.com/south-georgia/food-delivery/five-guys-ga-0634-1705-norman-dr/9MTEzHdXQMe-6c1MWbP31A,valdosta-georgia
https://www.ubereats.com/south-georgia/food-delivery/panda-express-1082-n-st-augustine-rd/R_YrX_GvSuS7jfwHFaXaQw,valdosta-georgia
https://www.ubereats.com/south-georgia/food-delivery/mcdonalds-1840-west-hill-ave/ZOl_EIKDSO2qJQhjzv0j1Q,valdosta-georgia
https://www.ubereats.com/south-georgia/food-delivery/taco-bell-3022-n-ashley-st/ve2XWTGcT6mKy7K-UWxi_w,valdosta-georgia
https://www.ubereats.com/south-georgia/food-delivery/arbys-1202-n-st-augustine/g3ULU-DHTFqi58wCFydUZQ,valdosta-georgia
https://www.ubereats.com/south-georgia/food-delivery/dairy-queen-grill-%26-chill-701-n-ashley-st/1ZCRVqraSj-XMwFCgSON5Q,valdosta-georgia
https://www.ubereats.com/south-georgia/food-delivery/jerkin-ya-soul-caribbean-and-soul-food-restaurant/2_7vAL6bT3ia82arX03a0g,valdosta-georgia
https://www.ubereats.com/south-georgia/food-delivery/ggs-southern-kitchen/MZIy8uDYQOGRU1J1qMAljg,valdosta-georgia
https://www.ubereats.com/south-georgia/food-delivery/sonic-2537-bemis-road/VvNp068hSnKA3kr9aSpSDg,valdosta-georgia
https://www.ubereats.com/south-georgia/food-delivery/dicks-wings-%26-grill-valdosta/NQAU3YfYSmimjywgNU09dg,valdosta-georgia
https://www.ubereats.com/south-georgia/food-delivery/outback-steakhouse-1824-club-house-drive/1ukQdSfzS4yd1nnPLQS7_A,valdosta-georgia
https://www.ubereats.com/south-georgia/food-delivery/zaxbys-1102-north-st-augustine-road/sKH0qs4YRYy2QaUu63GMOQ,valdosta-georgia
https://www.ubereats.com/south-georgia/food-delivery/starbucks-i-75-%40-st-augustine-rd/-BghitUQRSOuwUlTpmPPBQ,valdosta-georgia
https://www.ubereats.com/south-georgia/food-delivery/big-nicks-on-baytree/BFVru4GSQOKtbXqP0HRsYw,valdosta-georgia
https://www.ubereats.com/south-georgia/food-delivery/passage-2-india/Nvw-oQBzTwyc77Q9HwNfbg,valdosta-georgia
https://www.ubereats.com/south-georgia/food-delivery/applebees-1301-st-augustine-rd/ZW6m4_C7SluhZblhAB3y4w,valdosta-georgia
https://www.ubereats.com/south-georgia/food-delivery/steak-n-shake-980-n-st-augustine-road/qjH8cwNGQUyqxe7eauQnJQ,valdosta-georgia
https://www.ubereats.com/south-georgia/food-delivery/burritos-mexican-grill/PrbYgraIThCsjkVdq7yZUQ,valdosta-georgia
https://www.ubereats.com/south-georgia/food-delivery/applebees-3254-inner-perimeter-rd/Vr711dKXRuCpwRXMjpplwA,valdosta-georgia
https://www.ubereats.com/south-georgia/food-delivery/kfc-1207-north-ashley-street/ph7jmVP7TSaF5a0FgBhwnA,valdosta-georgia
https://www.ubereats.com/south-georgia/food-delivery/kfc-3026-north-ashley-street/Z954yy5QRI-05YYw3NqULQ,valdosta-georgia
https://www.ubereats.com/south-georgia/food-delivery/cracker-barrel-old-country-store-1195-st-augustine-road/WtFVDVl8RZqJ5uJnopN4vg,valdosta-georgia
https://www.ubereats.com/south-georgia/food-delivery/bojangles-famous-chicken-%26-biscuits-1033-1725-west-hill-ave/f4BF-ZiDQSSPTdkzyTJ0DA,valdosta-georgia
https://www.ubereats.com/south-georgia/food-delivery/hooters-valdosta/7FHSp9bUTzKUBHbrGD-6xQ,valdosta-georgia
https://www.ubereats.com/south-georgia/food-delivery/bojangles-famous-chicken-%26-biscuits-1241-3661-inner-perimeter-rd/65RPhwgIQlK0fj3yUNc8MA,valdosta-georgia
https://www.ubereats.com/south-georgia/food-delivery/checkers-2129-n-ashley-st/hXIjJTnCRtihyMkFz4DxQw,valdosta-georgia
https://www.ubereats.com/south-georgia/food-delivery/wendys-1303-st-augustine-road/BVpfC7-wRb-ggnKp4r_IeA,valdosta-georgia
https://www.ubereats.com/south-georgia/food-delivery/firehouse-subs-2525-n-ashley-st-ste-c/RPiNNGWbS1qq_wxlQYI5rw,valdosta-georgia
https://www.ubereats.com/south-georgia/food-delivery/popeyes-louisiana-kitchen-2119-bemiss-rd/WEBQigFfSNe9Iye_E-qPdw,valdosta-georgia
https://www.ubereats.com/south-georgia/food-delivery/mcdonalds-715-s-patterson-st/V2W_xPnUQ-Ki75KYMGFh4Q,valdosta-georgia
https://www.ubereats.com/south-georgia/food-delivery/wendys-1617-n-ashley-st/RJiKaoWkR4S7qa9RbD5xXw,valdosta-georgia
https://www.ubereats.com/south-georgia/food-delivery/captain-ds-2914-north-ashley-street/Bo7uy5nLRB6Z6oJRiWt1CA,valdosta-georgia
https://www.ubereats.com/south-georgia/food-delivery/sonic-1520-west-hill-avenue/X3IDDzXrS5y3RCOKwn9iRQ,valdosta-georgia
https://www.ubereats.com/south-georgia/food-delivery/taco-bell-3946-bemiss-road/c-bt5T8YRtSm1sWw5sZ2Jw,valdosta-georgia
https://www.ubereats.com/south-georgia/food-delivery/buffalo-wild-wings-1553-baytree-rd/J8GLeMgMQRCc4I2B1AYAJw,valdosta-georgia
https://www.ubereats.com/south-georgia/food-delivery/burger-king-1164-north-st-augustine-road/W4ksxZDtTG2Q-WYU1bKjuA,valdosta-georgia
https://www.ubereats.com/south-georgia/food-delivery/fazolis-1307-n-st-augustine-road/w4ahY1XESG2J2JzCjXsbLQ,valdosta-georgia
https://www.ubereats.com/south-georgia/food-delivery/wendys-3983-bemiss-road/vnP2px2-Ti24A211XlTSjQ,valdosta-georgia
https://www.ubereats.com/south-georgia/food-delivery/wendys-1812-west-hill-avenue/xmpKGiZQTmG9_1WMNdCBDw,valdosta-georgia
https://www.ubereats.com/south-georgia/food-delivery/sonic-4011-bemiss-road/K0Rv89s9SqShg8MUQmKCGw,valdosta-georgia
https://www.ubereats.com/south-georgia/food-delivery/kfc-1300-n-saint-augustine-road/7Ie9Adq-SkOLEV7y9zN-UQ,valdosta-georgia
https://www.ubereats.com/south-georgia/food-delivery/zaxbys-3250-inner-perimeter/eNZaiqf1To2ScxrF9abWlg,valdosta-georgia
https://www.ubereats.com/south-georgia/food-delivery/moes-southwest-grill-3145-north-ashley-street/arvxCZF9R_GHgzA4NfudeA,valdosta-georgia
