url,city
https://www.ubereats.com/nyc-suburbs/food-delivery/greenburg-salads/9T_ym-ReTbOOXJ4vf-YaXQ,valhalla-new-york
https://www.ubereats.com/nyc-suburbs/food-delivery/bravo-peru-takeout/KRfiLh1hSMmLIMdnSyOVFA,valhalla-new-york
https://www.ubereats.com/nyc-suburbs/food-delivery/healthy-sugar-nyc/4J1cSkGCR0iW967yES5PrQ,valhalla-new-york
https://www.ubereats.com/nyc-suburbs/food-delivery/cafe-veracruz-1/d7ylY8EURNmhKbJ_m2nB2A,valhalla-new-york
https://www.ubereats.com/nyc-suburbs/food-delivery/sushi-mikes/Z6MhNQWPTWWCDCteF3tzLg,valhalla-new-york
https://www.ubereats.com/nyc-suburbs/food-delivery/mancora-resturant/aPHoryiRSO2lBKEQQVS6sg,valhalla-new-york
https://www.ubereats.com/nyc-suburbs/food-delivery/prima-deli-%26-catering/RbRxFUJiQHyHUy3ceNKhHA,valhalla-new-york
https://www.ubereats.com/connecticut/food-delivery/asian-legend/GYlbxsr9TJakgfqMWpGsmg,valhalla-new-york
https://www.ubereats.com/nyc-suburbs/food-delivery/kishuya-hartsdale/ME2y9uCqTVGgEZR355D7UQ,valhalla-new-york
https://www.ubereats.com/nyc-suburbs/food-delivery/doms-deli-%26-grille-house/jpp8reqWT227Nxm7JILqtg,valhalla-new-york
https://www.ubereats.com/nyc-suburbs/food-delivery/bareburger-445-main-st/MDPX8bZKTtqOOxzSNijZQA,valhalla-new-york
https://www.ubereats.com/nyc-suburbs/food-delivery/cravin-jamaican-cuisine/1Uj4tqcJSJSVgoaFrt50qA,valhalla-new-york
https://www.ubereats.com/nyc-suburbs/food-delivery/gyu-kaku-japanese-bbq-white-plains/ADCbgyEyRrOtb-tEB1rVOg,valhalla-new-york
https://www.ubereats.com/nyc-suburbs/food-delivery/tredici-north/ggIlcnUbT7i1gTvBbQ21OA,valhalla-new-york
https://www.ubereats.com/nyc-suburbs/food-delivery/longfords-ice-cream-rye/WjsvMYl0R_SD0nZcEPYIZw,valhalla-new-york
https://www.ubereats.com/nyc-suburbs/food-delivery/dunkin-91-e-main-st/TLUZIsl1Q8m4U-84Rcx0Lw,valhalla-new-york
https://www.ubereats.com/nyc-suburbs/food-delivery/the-halal-guys-the-galleria-mall-100-main-street/11wxJCTyTCS5oRyNFhKmYg,valhalla-new-york
https://www.ubereats.com/nyc-suburbs/food-delivery/tsuru-japanese-cuisine/yH7WilnMQ0yjAo6Id5tHqw,valhalla-new-york
https://www.ubereats.com/nyc-suburbs/food-delivery/wood-and-fire/MFvchbUDQtiE2bEBNN4zyA,valhalla-new-york
https://www.ubereats.com/nyc-suburbs/food-delivery/dunkin-3000-merritt-parkway/pA5N4gHCQY2sp0i5igku6g,valhalla-new-york
https://www.ubereats.com/nyc-suburbs/food-delivery/bistro-z-tarrytown/dd2Y0L4bRl2pzBRicWCGWA,valhalla-new-york
https://www.ubereats.com/nyc-suburbs/food-delivery/casa-rina-restaurant/QqmZ9jtARWqHebtD2rCxxw,valhalla-new-york
https://www.ubereats.com/nyc-suburbs/food-delivery/copper-house/B-n0PRTST72auI6SXpRSWA,valhalla-new-york
https://www.ubereats.com/nyc-suburbs/food-delivery/wings-express/ZeU3MSw_Qlej5YQe4XbtDA,valhalla-new-york
https://www.ubereats.com/nyc-suburbs/food-delivery/burger-bistro/frnXSTWeSJa44cjVQrSc7Q,valhalla-new-york
https://www.ubereats.com/nyc-suburbs/food-delivery/pats-deli/hUKhcAgvRxqUu5viXKqdRA,valhalla-new-york
https://www.ubereats.com/nyc-suburbs/food-delivery/utica-pie-co/iJGEhlgSSs22W9xYdkFyxA,valhalla-new-york
https://www.ubereats.com/nyc-suburbs/food-delivery/bibille/E4TVz9BjQ9WITVwpT5uL8w,valhalla-new-york
https://www.ubereats.com/nyc-suburbs/food-delivery/feel-burger/-6jNpjwTSUaP4ZnOMHHxsg,valhalla-new-york
https://www.ubereats.com/nyc-suburbs/food-delivery/piccolo/iEh3gz3YR_qR8xzqcL_6cA,valhalla-new-york
https://www.ubereats.com/nyc-suburbs/food-delivery/romas-pizza-%26-pasta/h1WHsxqUS32v7KtyPkl3UA,valhalla-new-york
https://www.ubereats.com/nyc-suburbs/food-delivery/chutney-masala-bistro/pXBKtlzQRD2q7ppzxPyEtg,valhalla-new-york
https://www.ubereats.com/nyc-suburbs/food-delivery/mad-donuts/EKgwmMEJT0qOuCLWdOXZGg,valhalla-new-york
https://www.ubereats.com/nyc-suburbs/food-delivery/mariachi-loco/FLF6ivzLTaG5kgyXlu36Tg,valhalla-new-york
https://www.ubereats.com/nyc-suburbs/food-delivery/goosefeather/ZG9wb_OKTMC5ivZDPuDUuw,valhalla-new-york
https://www.ubereats.com/nyc-suburbs/food-delivery/the-patio/bilfBfe9TveI_csGxI2ZIQ,valhalla-new-york
https://www.ubereats.com/nyc-suburbs/food-delivery/planet-pizza-white-plains/XcJjXQFKT6uson0huvlDvg,valhalla-new-york
https://www.ubereats.com/nyc-suburbs/food-delivery/carmines-italian-deli-and-cafe/P3xjPMYFSVOiKDXIM33rQg,valhalla-new-york
https://www.ubereats.com/nyc-suburbs/food-delivery/the-bagel-emporium-port-chester/yBoJH7dvSQOGnRBpGLQgMg,valhalla-new-york
https://www.ubereats.com/nyc-suburbs/food-delivery/trattoria-632/4BXHDZbpRTu1WF1vbNGqeQ,valhalla-new-york
https://www.ubereats.com/nyc-suburbs/food-delivery/granita-cucina-%26-bar/2ZcQYavATTCW2Bz87W5MmA,valhalla-new-york
https://www.ubereats.com/nyc-suburbs/food-delivery/taco-shack/4-xoL8tVRNa67H6JlBx6NQ,valhalla-new-york
https://www.ubereats.com/nyc-suburbs/food-delivery/dunkin-80-n-state-rd/PR7Nf1VRRa-Rerqi6g7A6w,valhalla-new-york
https://www.ubereats.com/nyc-suburbs/food-delivery/green-%26-tonic-cos-cob/Xu2hGlx1S-qAXh6ZH5gDfQ,valhalla-new-york
https://www.ubereats.com/nyc-suburbs/food-delivery/outback-steakhouse-1703-central-park-avenue/OnMVTgsaTmiY5kqCT99H3w,valhalla-new-york
https://www.ubereats.com/nyc-suburbs/food-delivery/villarinas-market/8x2zYS9IQ8adLmAgKEKZxg,valhalla-new-york
https://www.ubereats.com/nyc-suburbs/food-delivery/kalbi-house/9kE04WfBT5Of5RAd7SDy9A,valhalla-new-york
https://www.ubereats.com/nyc-suburbs/food-delivery/105-ten-bar-%26-grill/jiYOeiqGReuR6bstvczaIQ,valhalla-new-york
https://www.ubereats.com/nyc-suburbs/food-delivery/schriefers-armonk-deli/cupeouD5SweiWNscpB8MHA,valhalla-new-york
https://www.ubereats.com/nyc-suburbs/food-delivery/old-stone-trattoria/X1NeHwGfSae6MN2hgK6Pdg,valhalla-new-york
https://www.ubereats.com/nyc-suburbs/food-delivery/16-handles-white-plains/KhX5HSXRQBm7L9-Gq0W1nw,valhalla-new-york
https://www.ubereats.com/nyc-suburbs/food-delivery/gosu/e3mrBR9cQ2qXELUOAZRL2A,valhalla-new-york
https://www.ubereats.com/nyc-suburbs/food-delivery/pemberwick-x-change-deli/bOcJhWWzQCGCYbcB83vKcA,valhalla-new-york
https://www.ubereats.com/nyc-suburbs/food-delivery/lago-ristorante-white-plains/-v0tdHtIQHSJ4sFrbFLF-Q,valhalla-new-york
https://www.ubereats.com/nyc-suburbs/food-delivery/bang/yRAnjXJPSPq-KIwMbCMcZA,valhalla-new-york
https://www.ubereats.com/nyc-suburbs/food-delivery/fez-turkish-meze/bcXt8QMsTaKgHYvlbY3zHw,valhalla-new-york
https://www.ubereats.com/nyc-suburbs/food-delivery/the-souvlaki-truck/3FZF5lc_Q8K3q2p6VnKbBw,valhalla-new-york
https://www.ubereats.com/nyc-suburbs/food-delivery/taste-of-china-tarrytown/rG_FOrnSRnOwZbNNdVsNQw,valhalla-new-york
https://www.ubereats.com/nyc-suburbs/food-delivery/as-fine-foods/DZDYoxW-SiKHIyU5ddGkaw,valhalla-new-york
https://www.ubereats.com/nyc-suburbs/food-delivery/el-toro-mexican-grill/Vb5JMm3XR-SGYUsU7a_ngQ,valhalla-new-york
https://www.ubereats.com/nyc-suburbs/food-delivery/105-seventy-bar-%26-grill/pYzlAc9VQ1mXSzSyCz3R7Q,valhalla-new-york
https://www.ubereats.com/nyc-suburbs/food-delivery/justin-deli-cafe/U6x_ujefRX-bwZqRRM11uw,valhalla-new-york
https://www.ubereats.com/nyc-suburbs/food-delivery/the-pirate-grill-and-wings/krt9kpaOTQCh7zrwF6Uo2A,valhalla-new-york
https://www.ubereats.com/nyc-suburbs/food-delivery/off-the-rail/R3-Tj--XRImikFIGx1uD6A,valhalla-new-york
https://www.ubereats.com/nyc-suburbs/food-delivery/little-thai-kitchen-chappaqua/KU8__E3gQg-8QgcvtiUCxw,valhalla-new-york
https://www.ubereats.com/nyc-suburbs/food-delivery/mooyah-burgers-1882-pleasantville-rd/DmxXYbfBT464IHT_xrKUHQ,valhalla-new-york
https://www.ubereats.com/nyc-suburbs/food-delivery/alex-lounge-bar-%26-grill/chjBQBvkQmKFcnkLg1mdVw,valhalla-new-york
https://www.ubereats.com/connecticut/food-delivery/asiana-cafe-greenwich-ct/67OhHAa8Tl6-fD8h8wEW0w,valhalla-new-york
https://www.ubereats.com/nyc-suburbs/food-delivery/sabrosito/uUaa997oTFCAXv7bSGhmzg,valhalla-new-york
https://www.ubereats.com/nyc-suburbs/food-delivery/panera-377-tarrytown-rd/IikY-hhtRjKCcNJwDlFZsw,valhalla-new-york
https://www.ubereats.com/nyc-suburbs/food-delivery/bagel-emporium-of-armonk/FAbJbdQLQVSpZX7-opjwwg,valhalla-new-york
https://www.ubereats.com/nyc-suburbs/food-delivery/back-country-bar-%26-bbq/XsWMtf_bT6mRuOFpBD6Wxg,valhalla-new-york
https://www.ubereats.com/nyc-suburbs/food-delivery/fantasy-cuisine/6QQlSv6DQ5-nnHL_UYmusA,valhalla-new-york
https://www.ubereats.com/nyc-suburbs/food-delivery/frannies-goodie-shop/KMoTKZ0SQRS6OeY0cLeMVQ,valhalla-new-york
https://www.ubereats.com/nyc-suburbs/food-delivery/santorini-greek-restaurant/O-9CCWt2Sr60NJW_CzSg0Q,valhalla-new-york
https://www.ubereats.com/nyc-suburbs/food-delivery/venutis-deli/RkrV4UZyT8qHZLjIqK1dqw,valhalla-new-york
https://www.ubereats.com/nyc-suburbs/food-delivery/mp-taverna-irvington/SDEBrUEeTs6TxNPP5TCSGQ,valhalla-new-york
https://www.ubereats.com/nyc-suburbs/food-delivery/saw-mill-tavern/jdGoWVrHTHe4jIREqIqYgQ,valhalla-new-york
https://www.ubereats.com/nyc-suburbs/food-delivery/dunkin-875-saw-mill-river-rd/Qi2nIccBTruzemmPmKzXZQ,valhalla-new-york
https://www.ubereats.com/nyc-suburbs/food-delivery/swagat-halal-indian-cuisine/q-vnFWM9TRGzscBuTvzYag,valhalla-new-york
https://www.ubereats.com/connecticut/food-delivery/silver-lake-asian-fusion-%26-sushi-bar/hVfFMhFVSr-eQO-EaivDzw,valhalla-new-york
https://www.ubereats.com/nyc-suburbs/food-delivery/gaucho-burger-company/OaffcXSeR6uHP5cbVzkW8A,valhalla-new-york
https://www.ubereats.com/nyc-suburbs/food-delivery/dennys-buffet/nwnSVWzkREaljdYyqneahQ,valhalla-new-york
https://www.ubereats.com/nyc-suburbs/food-delivery/tgi-fridays-548-white-plains-ny/OX6i7GYVRPqfAt3Gtfko5Q,valhalla-new-york
https://www.ubereats.com/nyc-suburbs/food-delivery/peachwave-frozen-yogurt-hartsdale-ave/6jar-nOWTTaCAOjixtA9Cg,valhalla-new-york
https://www.ubereats.com/nyc-suburbs/food-delivery/irvington-delight/4YzDYh2oRMS2wJbOlKAn1A,valhalla-new-york
https://www.ubereats.com/nyc-suburbs/food-delivery/glory-days-diner-restaurant/Mjm7MLBvQ6ma3wY32LEHig,valhalla-new-york
https://www.ubereats.com/nyc-suburbs/food-delivery/anthony-deli/h9DrDlw6SXmigLpy82qhVg,valhalla-new-york
https://www.ubereats.com/connecticut/food-delivery/sals-pastry-shop/l2rxLRE8QMCH2Q5mM-r4cQ,valhalla-new-york
https://www.ubereats.com/nyc-suburbs/food-delivery/stars-bagels-%26-cafe-saw-mill-river-rd/_ySndTMIQDCiWo3lMUD-TQ,valhalla-new-york
https://www.ubereats.com/nyc-suburbs/food-delivery/gyro-gyro/ftqkMWP1RwuZwrwd_e0jhQ,valhalla-new-york
https://www.ubereats.com/nyc-suburbs/food-delivery/raasa/LztUuERGRf-W9xqNaY3K0g,valhalla-new-york
https://www.ubereats.com/nyc-suburbs/food-delivery/taqueria-la-frontera/ZZ09kXLLQtWVNr2ulw9lFA,valhalla-new-york
https://www.ubereats.com/nyc-suburbs/food-delivery/royal-palace/tHaIAw-dSUGEXS3l2iK2aA,valhalla-new-york
https://www.ubereats.com/nyc-suburbs/food-delivery/burger-king-260-boston-post-road/FjGPkdr9Qt2_almbV1Sgrg,valhalla-new-york
https://www.ubereats.com/connecticut/food-delivery/byram-sushi-%26-teriyaki/IhUhKgZIRLmLiEliu8CWjw,valhalla-new-york
https://www.ubereats.com/nyc-suburbs/food-delivery/executive-diner-restaurant/W6Wi3ALqTtiUUvNy-y2ttw,valhalla-new-york
https://www.ubereats.com/nyc-suburbs/food-delivery/gateway-foods-holding-inc/TIErUOAtR0airNpro2sX0A,valhalla-new-york
https://www.ubereats.com/nyc-suburbs/food-delivery/auntie-annes-125-westchester-avenue-%23925/uLG28tr5RjK5KIL0qzKpeA,valhalla-new-york
https://www.ubereats.com/nyc-suburbs/food-delivery/wedged-in-deli-%26-catering/Gi91d48PT-qqJEEdR3Rn9w,valhalla-new-york
https://www.ubereats.com/nyc-suburbs/food-delivery/elmsford-fish-house/hwlnGgJUQEOlLgwc4Riwzw,valhalla-new-york
https://www.ubereats.com/nyc-suburbs/food-delivery/buffalo-wild-wings-1-mamaronek-avenue/LEa6HVofQTazeobk6qbS7Q,valhalla-new-york
https://www.ubereats.com/nyc-suburbs/food-delivery/venice-pizza-%26-trattoria/qSk3Rul0RQiZIWEmyTqeIQ,valhalla-new-york
https://www.ubereats.com/nyc-suburbs/food-delivery/great-wall-restaurant/YqP0HEv4SxqqSiYunHTYDg,valhalla-new-york
https://www.ubereats.com/nyc-suburbs/food-delivery/chuchok-thai/LhcEBVb0S7W7tXbmcwt3SA,valhalla-new-york
https://www.ubereats.com/nyc-suburbs/food-delivery/potayto-potahto/Gy2-NURZTLG668sTH7j4JA,valhalla-new-york
https://www.ubereats.com/nyc-suburbs/food-delivery/trax-side-cafe/L4aYqRBVRyKf97x9nfq0YA,valhalla-new-york
https://www.ubereats.com/nyc-suburbs/food-delivery/ramen-musashi-scarsdale/IfBU7PtrT_m4ETXm1b6qNA,valhalla-new-york
https://www.ubereats.com/nyc-suburbs/food-delivery/the-granola-bar-armonk/hrAHuZGZTW-pIPbYzE9pRA,valhalla-new-york
https://www.ubereats.com/nyc-suburbs/food-delivery/main-st-gourmet-deli/x6TYoK1ySp-MBehbEBOtAg,valhalla-new-york
https://www.ubereats.com/nyc-suburbs/food-delivery/dunkin-1-southfield-ave/YyljxPPxQ5uUE8N9OmrXsQ,valhalla-new-york
https://www.ubereats.com/nyc-suburbs/food-delivery/gabriellas/f5U-7IOVRReEv9mFeKzfeg,valhalla-new-york
https://www.ubereats.com/nyc-suburbs/food-delivery/abis-japanese-traditional-cuisine/94veQQlYS-COwhX4-Nd33Q,valhalla-new-york
https://www.ubereats.com/nyc-suburbs/food-delivery/rudys/wjSjoQTZRJiy9uFMTb6o0g,valhalla-new-york
https://www.ubereats.com/nyc-suburbs/food-delivery/cava-3-rye-ridge-plaza/ELawdiQvQNevZR5jhahe1g,valhalla-new-york
https://www.ubereats.com/nyc-suburbs/food-delivery/caribbean-thyme-restaurant/zzg2vTp1RDCKD9LamHSzew,valhalla-new-york
https://www.ubereats.com/connecticut/food-delivery/shiki-sushi-and-yakitori/GnHjIE3GTAmlHwxhWNlyUw,valhalla-new-york
https://www.ubereats.com/nyc-suburbs/food-delivery/pizzarellis-pizza-%26-pasta/6xIn12AwTiywo9REj5gfZw,valhalla-new-york
https://www.ubereats.com/nyc-suburbs/food-delivery/foleys-club-lounge/kNB7u67VQiqg50Web1ODrg,valhalla-new-york
https://www.ubereats.com/nyc-suburbs/food-delivery/village-creamery-%26-sweet-shop/6g8TOtCrRtayYq1b1zLaug,valhalla-new-york
https://www.ubereats.com/nyc-suburbs/food-delivery/the-birch-collective/rWG_fFU6T9SXXCB-fTxsfw,valhalla-new-york
https://www.ubereats.com/nyc-suburbs/food-delivery/johns-of-arthur-avenue-port-chester/fSYmJj5pTEOAhME41hpGzg,valhalla-new-york
https://www.ubereats.com/nyc-suburbs/food-delivery/uno-pizzeria-%26-grill-14-martine-ave/QbYa07pIRxm7--FY65AMlg,valhalla-new-york
https://www.ubereats.com/nyc-suburbs/food-delivery/aji-limo/P_YpqDaSS-mrUurwQtcsiw,valhalla-new-york
https://www.ubereats.com/connecticut/food-delivery/hida/41XWnysbT0uD-b7vmMANuQ,valhalla-new-york
https://www.ubereats.com/nyc-suburbs/food-delivery/bosphorus-restaurant/xjKqUk7iRSarzh2VqcRcMA,valhalla-new-york
https://www.ubereats.com/nyc-suburbs/food-delivery/little-mumbai-market/fCQpQ_9kRB6wQqqFy0AQlw,valhalla-new-york
https://www.ubereats.com/nyc-suburbs/food-delivery/serafina-white-plains/wvtljKNJQja7NZ7Ui2YoAQ,valhalla-new-york
https://www.ubereats.com/nyc-suburbs/food-delivery/hudson-anchor-seafood-and-grill/D5ZbR_LdSluV8hNfiZzaQw,valhalla-new-york
https://www.ubereats.com/connecticut/food-delivery/umami-sushi/ZLxx7S3vQ22SjIYgLLi9LQ,valhalla-new-york
https://www.ubereats.com/nyc-suburbs/food-delivery/good-choice-kitchen-vegan-cafe-%26-culinary-center/Jxb1EbWPTtu-tWH3Bp6Ibw,valhalla-new-york
https://www.ubereats.com/nyc-suburbs/food-delivery/michaels-pizza-%26-pasta/77sVwGn1TU-pD08Wf-90GQ,valhalla-new-york
https://www.ubereats.com/nyc-suburbs/food-delivery/papi-between-main-and-bank-street/9tiErDTeQ8KInzcjSz7uWA,valhalla-new-york
https://www.ubereats.com/nyc-suburbs/food-delivery/turkish-cuisine/t2xnU0hgT5mBdsVUHWfkKg,valhalla-new-york
https://www.ubereats.com/nyc-suburbs/food-delivery/lillys/dKigndr7Q46Ak-I1V35s6g,valhalla-new-york
https://www.ubereats.com/nyc-suburbs/food-delivery/tous-les-jours-hartsdale/A89F9_1gSu-zq4rUWF2Wlg,valhalla-new-york
https://www.ubereats.com/nyc-suburbs/food-delivery/umami-sushi/ZLxx7S3vQ22SjIYgLLi9LQ,valhalla-new-york
https://www.ubereats.com/nyc-suburbs/food-delivery/chigo/ohDmQlXwT4Ktxl1kANqHwA,valhalla-new-york
https://www.ubereats.com/nyc-suburbs/food-delivery/bollywood-grill/SUHLVeOvRR2A91R1fEIN3g,valhalla-new-york
https://www.ubereats.com/nyc-suburbs/food-delivery/taco-bell-303-boston-post-rd/RR1YjHx3RKmrM8Y_OvM7hw,valhalla-new-york
https://www.ubereats.com/nyc-suburbs/food-delivery/the-rye-roadhouse/C-BZNQKOTIaUe1tZP5ksOw,valhalla-new-york
https://www.ubereats.com/nyc-suburbs/food-delivery/sgd-dubu-so-gong-dong/zZcOUdkLT8aEhXfI7dzQtA,valhalla-new-york
https://www.ubereats.com/nyc-suburbs/food-delivery/dunkin-50-mamaroneck-ave/d-6P7i7ZRzqA9wtUYjd9sQ,valhalla-new-york
https://www.ubereats.com/nyc-suburbs/food-delivery/silver-lake-asian-fusion-%26-sushi-bar/hVfFMhFVSr-eQO-EaivDzw,valhalla-new-york
https://www.ubereats.com/nyc-suburbs/food-delivery/maracas-mexican-bar-%26-grill/24xpEtwcTA60eA2CMJVbzA,valhalla-new-york
https://www.ubereats.com/nyc-suburbs/food-delivery/fongxing-chinese-restsurant/kCRS3IorT5WmCNvAioq8zA,valhalla-new-york
https://www.ubereats.com/nyc-suburbs/food-delivery/locals-breakfast-snob/dRIu75a5TA2mAqdkJ2mO0Q,valhalla-new-york
https://www.ubereats.com/nyc-suburbs/food-delivery/mediterraneo-greenwich/qjOaJDa7R4Scp1DC6ashxg,valhalla-new-york
https://www.ubereats.com/connecticut/food-delivery/starbucks-pleasantville-memorial-plaza/V8jjER7bT7a11beXDU3DYA,valhalla-new-york
https://www.ubereats.com/nyc-suburbs/food-delivery/chipotle-mexican-grill-250-main-st-ste-101/_rMafc31Q7KMXFrAfAi12Q,valhalla-new-york
https://www.ubereats.com/nyc-suburbs/food-delivery/dunkin-425-central-park-ave/9iEbV9fJQjq-TurIh2xugQ,valhalla-new-york
https://www.ubereats.com/nyc-suburbs/food-delivery/sapori-italian-restaurant-%26-bar/nNo9z2VYSl-wFVoAau_neQ,valhalla-new-york
https://www.ubereats.com/nyc-suburbs/food-delivery/kfc-taco-bell-350-saw-mill-river-road/DlRIOQL3QxK_6kEkCeo35w,valhalla-new-york
https://www.ubereats.com/nyc-suburbs/food-delivery/espositos-ristorante-%26-pizzeria-ii/rsB9nrKbQwCRSTUvSOpCdQ,valhalla-new-york
https://www.ubereats.com/nyc-suburbs/food-delivery/lazy-boy-saloon/nWB3pejdS6mCLBx4l_F8Hg,valhalla-new-york
https://www.ubereats.com/nyc-suburbs/food-delivery/taco-street/nW8xblAKQhq_fCVzz0PuPw,valhalla-new-york
https://www.ubereats.com/nyc-suburbs/food-delivery/espositos-ristorante-%26-pizzeria/wUZXR7ZlRX2kxuVV44_DdA,valhalla-new-york
https://www.ubereats.com/nyc-suburbs/food-delivery/el-tio/3wm48fNCQY-F0DacKSlO6g,valhalla-new-york
https://www.ubereats.com/connecticut/food-delivery/auntie-annes-125-westchester-avenue-%23925/uLG28tr5RjK5KIL0qzKpeA,valhalla-new-york
https://www.ubereats.com/nyc-suburbs/food-delivery/casa-maya-authentic-mexican-cuisine/dTOMTlIvSOm2Rv8gNEPiBw,valhalla-new-york
https://www.ubereats.com/nyc-suburbs/food-delivery/taco-street/dA_OnZIyRfuV3AcJn--p2A,valhalla-new-york
https://www.ubereats.com/nyc-suburbs/food-delivery/jewel-of-himalaya/8ntcxFIZS-uvWopgC2o3nw,valhalla-new-york
https://www.ubereats.com/nyc-suburbs/food-delivery/gordos-north/25CSHipNTQeYWpnWfGI3xg,valhalla-new-york
https://www.ubereats.com/nyc-suburbs/food-delivery/carvel-604-north-main-street-%26-route-1/ggDTxxYPQ0Sed2ZjCGXr2Q,valhalla-new-york
https://www.ubereats.com/nyc-suburbs/food-delivery/prima-deli-%26-catering/Ulu_S6JCTQaR0TQ0WSN6rA,valhalla-new-york
https://www.ubereats.com/nyc-suburbs/food-delivery/shiki-sushi-and-yakitori/GnHjIE3GTAmlHwxhWNlyUw,valhalla-new-york
https://www.ubereats.com/nyc-suburbs/food-delivery/smokehouse-tailgate-grill/UdfVKmg5S-WA5URaA-7vjQ,valhalla-new-york
https://www.ubereats.com/nyc-suburbs/food-delivery/captain-crab/y0fCK2hDQ_i8dt2MKOaiNg,valhalla-new-york
https://www.ubereats.com/nyc-suburbs/food-delivery/popojito/nLUwxS3xSUuv2FM3utJEAA,valhalla-new-york
https://www.ubereats.com/nyc-suburbs/food-delivery/hawthorne-pizzeria/T4OicMVbSi-K7U1P5-urcA,valhalla-new-york
https://www.ubereats.com/nyc-suburbs/food-delivery/orfinos-restaurant/wCrfcgMjQJipyC2SS_2Zgw,valhalla-new-york
https://www.ubereats.com/nyc-suburbs/food-delivery/jollyz-jerk-spot/n76e_KVhT3-CdyubbwPKqw,valhalla-new-york
https://www.ubereats.com/nyc-suburbs/food-delivery/i-thai-westchester-ave/tOy69Sg2Q4iRIBj-Ets27g,valhalla-new-york
https://www.ubereats.com/nyc-suburbs/food-delivery/seasons-scarsdale-%26-simply-sushi/L-c7NNdbR1CWNwxBYEM21w,valhalla-new-york
https://www.ubereats.com/connecticut/food-delivery/kishuya-hartsdale/ME2y9uCqTVGgEZR355D7UQ,valhalla-new-york
https://www.ubereats.com/nyc-suburbs/food-delivery/risotto-restaurant/VjneoRxbQkGnCrmd1ZzdLw,valhalla-new-york
https://www.ubereats.com/nyc-suburbs/food-delivery/kfc-tb-100-main-street/eg7gqyw4SqefsXqnBbRpfw,valhalla-new-york
https://www.ubereats.com/nyc-suburbs/food-delivery/shake-shack-379-n-central-ave/NWAbDS8LTwWJcS9hV0AsgQ,valhalla-new-york
https://www.ubereats.com/nyc-suburbs/food-delivery/kensico-kitchen-deli/-S_unyX0Rv-BLhQeapu1hw,valhalla-new-york
https://www.ubereats.com/nyc-suburbs/food-delivery/good-to-go-gourmet/AfOEoG6KRNa1X37JyCwsvw,valhalla-new-york
https://www.ubereats.com/nyc-suburbs/food-delivery/little-pub-cos-cob/er8n4NegRHmf6nAv7gc69g,valhalla-new-york
https://www.ubereats.com/nyc-suburbs/food-delivery/polpettina-eastchester/GIDlElINSgWz2tlNYzIVzg,valhalla-new-york
https://www.ubereats.com/nyc-suburbs/food-delivery/my-tokyo/EwWn7bFUT1aZ5YdyKD4ilQ,valhalla-new-york
https://www.ubereats.com/nyc-suburbs/food-delivery/the-brazen-fox/rTi8XELtSk6ImacXOqjvNg,valhalla-new-york
https://www.ubereats.com/nyc-suburbs/food-delivery/pf-changs-125-westchester-ave-space-d315/ehT6sh7SRM66zTBSfukUOg,valhalla-new-york
https://www.ubereats.com/nyc-suburbs/food-delivery/aquario-restaurant/DRq-wD7PSuqExaS8Ick3rg,valhalla-new-york
https://www.ubereats.com/nyc-suburbs/food-delivery/la-renaissance-bakery/EmaNhKYJT324bdLl59dd-A,valhalla-new-york
https://www.ubereats.com/nyc-suburbs/food-delivery/nikos-greek-taverna/ruYOu12LQKyLZeGSL04SsA,valhalla-new-york
https://www.ubereats.com/nyc-suburbs/food-delivery/carvel-419-north-central-ave/sHmvUg5ITPGutMVqOn_6Vg,valhalla-new-york
https://www.ubereats.com/nyc-suburbs/food-delivery/alexs-lounge-ii/gfujqoQ0Tji7bzCZxALmCw,valhalla-new-york
https://www.ubereats.com/nyc-suburbs/food-delivery/five-guys-ny-1279-240-main-st/qiTnAe95Q_iQmuyoNdWq_A,valhalla-new-york
https://www.ubereats.com/connecticut/food-delivery/banzai-steakhouse-inc/hJMsvb5qTPWHE-6U_i6E1g,valhalla-new-york
https://www.ubereats.com/nyc-suburbs/food-delivery/melt-sandwich-shop/Jq0rYFOJQu-B1oSDQdPQNQ,valhalla-new-york
https://www.ubereats.com/nyc-suburbs/food-delivery/sals-pastry-shop/l2rxLRE8QMCH2Q5mM-r4cQ,valhalla-new-york
https://www.ubereats.com/connecticut/food-delivery/panera-377-tarrytown-rd/IikY-hhtRjKCcNJwDlFZsw,valhalla-new-york
https://www.ubereats.com/nyc-suburbs/food-delivery/burger-king-100-main-st/bRyzh_g7R1-coYQfrl5XMg,valhalla-new-york
https://www.ubereats.com/nyc-suburbs/food-delivery/white-plains-coach-diner/nzsds__eS5mNmnmGheWdRg,valhalla-new-york
https://www.ubereats.com/nyc-suburbs/food-delivery/goosefeather/tQzZceipSuCIQLaD4A69Mg,valhalla-new-york
https://www.ubereats.com/nyc-suburbs/food-delivery/ruths-chris-steak-house-670-white-plains-rd/SUgnrgLRSA6-E-24CZvjvQ,valhalla-new-york
https://www.ubereats.com/nyc-suburbs/food-delivery/ihop-28-s-central-avenue/U4dlOievTcyjCwP4i_cI9w,valhalla-new-york
https://www.ubereats.com/nyc-suburbs/food-delivery/healthy-zone/wIqGfXNGRHmR9NlSS74Unw,valhalla-new-york
https://www.ubereats.com/nyc-suburbs/food-delivery/subway-620-n-broadway/37eQ5WDWTuCs8CZ8VJl1fA,valhalla-new-york
https://www.ubereats.com/nyc-suburbs/food-delivery/bareburger-265-n-central-ave/PeuF8Ic1R0yT8qeeuLMOhg,valhalla-new-york
https://www.ubereats.com/nyc-suburbs/food-delivery/don-coqui-inwood/Ur-chu3PQIGvUXtl0p2MAQ,valhalla-new-york
https://www.ubereats.com/nyc-suburbs/food-delivery/subway-482-bedford-rd/FVpPNhFHR2ecO1z207eqvg,valhalla-new-york
https://www.ubereats.com/nyc-suburbs/food-delivery/haagen-dazs-125-westchester-ave-unit-3330/qQwwuLVyTIiGpaXHihzlpQ,valhalla-new-york
https://www.ubereats.com/nyc-suburbs/food-delivery/o-mandarin-restaurant/4kqdVOdXTauuLqREE15m9w,valhalla-new-york
https://www.ubereats.com/nyc-suburbs/food-delivery/applebees-hawthorne/b1Th6N_uRQiiVowdDp3Npw,valhalla-new-york
https://www.ubereats.com/nyc-suburbs/food-delivery/roadhouse-tavern/pUrE_SPMQumBDgwOmugBiQ,valhalla-new-york
https://www.ubereats.com/nyc-suburbs/food-delivery/metate/-8XWW6N6TOKnee8XaheC5w,valhalla-new-york
https://www.ubereats.com/nyc-suburbs/food-delivery/calcutta-wrap-%26-roll/JGBkzgsMTPKFT224oEdalw,valhalla-new-york
https://www.ubereats.com/nyc-suburbs/food-delivery/capers-restaurant-n-main-st/LnkrhsjCQtSRxP4ksDofaA,valhalla-new-york
https://www.ubereats.com/nyc-suburbs/food-delivery/burger-king-265-e-main-st/JBhM1aPcSwqrGOO8FyPdOw,valhalla-new-york
https://www.ubereats.com/nyc-suburbs/food-delivery/nickys-pizzeria/7SZQR_1YQBOwgX4GJwurpA,valhalla-new-york
https://www.ubereats.com/nyc-suburbs/food-delivery/asian-legend/GYlbxsr9TJakgfqMWpGsmg,valhalla-new-york
https://www.ubereats.com/nyc-suburbs/food-delivery/sundance-deli/dcaq4RgfSeeyY2fY-PMPKA,valhalla-new-york
https://www.ubereats.com/nyc-suburbs/food-delivery/asian-legend-cajun-seafood/W6LIcwTRQCqSDsAvvjFm7A,valhalla-new-york
https://www.ubereats.com/nyc-suburbs/food-delivery/townhouse-diner/J3D4R5rYTYmsRgeRICWZaw,valhalla-new-york
https://www.ubereats.com/nyc-suburbs/food-delivery/cantina-taco-and-tequila/cSZbUZhHRgeghJ4ELQijxw,valhalla-new-york
https://www.ubereats.com/connecticut/food-delivery/sushi-mikes/Z6MhNQWPTWWCDCteF3tzLg,valhalla-new-york
https://www.ubereats.com/nyc-suburbs/food-delivery/tabasco-mexican-grill/yjfulXgvRnCgOw_4Po1rnA,valhalla-new-york
https://www.ubereats.com/nyc-suburbs/food-delivery/subway-6-east-main-st/YSbXGHbxTZOUr0-cPuNmrQ,valhalla-new-york
https://www.ubereats.com/nyc-suburbs/food-delivery/my-mix-creative-kitchen/SFTtj7-aTye1pSvLqJ4fdg,valhalla-new-york
https://www.ubereats.com/nyc-suburbs/food-delivery/petes-saloon/P4WiqvtZSuGOwSL0e9BMfg,valhalla-new-york
https://www.ubereats.com/nyc-suburbs/food-delivery/pleasantville-diner-restaurant/3tVADrcDTaKTBP0XraqM_Q,valhalla-new-york
https://www.ubereats.com/nyc-suburbs/food-delivery/the-ice-cream-shop/TDoPUGQTSVOMwmH3Fiihfg,valhalla-new-york
https://www.ubereats.com/nyc-suburbs/food-delivery/alamo-drafthouse-cinema-yonkers/e4HQHFaCQ8O4cam9PEwnKw,valhalla-new-york
https://www.ubereats.com/nyc-suburbs/food-delivery/ralphs-famous-italian-ices-white-plains/K7Sk9CbHQKOSK3swkCJjUg,valhalla-new-york
https://www.ubereats.com/nyc-suburbs/food-delivery/sunshine-buddha-llc/887DYo-tTAGQQ2KOMYCLBA,valhalla-new-york
https://www.ubereats.com/nyc-suburbs/food-delivery/anthis-greek-specialties/hc7Fa213T1yJCtvKhuhCDQ,valhalla-new-york
https://www.ubereats.com/nyc-suburbs/food-delivery/la-concha-restaurant/rXNdj_ypTfq7ci87WipGIw,valhalla-new-york
https://www.ubereats.com/connecticut/food-delivery/tsuru-japanese-cuisine/yH7WilnMQ0yjAo6Id5tHqw,valhalla-new-york
https://www.ubereats.com/nyc-suburbs/food-delivery/dunkin-755-n-broadway/y-UgBRsjSMitmLfWbjvAIg,valhalla-new-york
https://www.ubereats.com/nyc-suburbs/food-delivery/dai-sushi/xCJ21PJVQVefk5hRzFWMoA,valhalla-new-york
https://www.ubereats.com/nyc-suburbs/food-delivery/jackie-bs/9IxMPbbTQHWzqF7CEPFGkg,valhalla-new-york
https://www.ubereats.com/nyc-suburbs/food-delivery/mamma-rosas/q__yglXlTey65hNXttXU7w,valhalla-new-york
https://www.ubereats.com/nyc-suburbs/food-delivery/nikko-hibachi/3OzOhrSOQhq5qGTHyOri-w,valhalla-new-york
https://www.ubereats.com/nyc-suburbs/food-delivery/la-botte-ristorante/bElL5cLkS_S9_RqYz77Rwg,valhalla-new-york
https://www.ubereats.com/connecticut/food-delivery/silver-lake-murayama/lwpvWvjASR6J0WzQnAZTXQ,valhalla-new-york
https://www.ubereats.com/nyc-suburbs/food-delivery/chop-%26-go/4yrcSHSnTF6xMwpPbMN1Pg,valhalla-new-york
https://www.ubereats.com/nyc-suburbs/food-delivery/revenge-bbq/B5EUEs6wTUKDs62RadPoEA,valhalla-new-york
https://www.ubereats.com/nyc-suburbs/food-delivery/robertos-grill-cafe/2Mz9EQWiSZGMcGFmJff35g,valhalla-new-york
https://www.ubereats.com/nyc-suburbs/food-delivery/milan-grill-and-deli/tnbXd5qURYW-9E5BSX5npg,valhalla-new-york
https://www.ubereats.com/nyc-suburbs/food-delivery/the-bagel-emporium-chappaqua/skmy0upMSc-2o09KdPADQw,valhalla-new-york
https://www.ubereats.com/nyc-suburbs/food-delivery/carvel-650-columbus-dr/nYFP1mdFRbacgjlx_CdIew,valhalla-new-york
https://www.ubereats.com/nyc-suburbs/food-delivery/southern-table/ATDiblHKQoeVGZblyOOPPw,valhalla-new-york
https://www.ubereats.com/nyc-suburbs/food-delivery/delectable-deli/WljfjUV_TJWps-zzk99nxg,valhalla-new-york
https://www.ubereats.com/nyc-suburbs/food-delivery/la-bocca-ristorante/Tn9mMXTDQqeDLFnRMKMrLQ,valhalla-new-york
https://www.ubereats.com/nyc-suburbs/food-delivery/carvel-262-n-saw-mill-river-road/_bIApWR-SSiGL-aZ9l9XQQ,valhalla-new-york
https://www.ubereats.com/nyc-suburbs/food-delivery/wendys-33-sawmill-river-road/g33PL1ixRHez6RkNvZF19Q,valhalla-new-york
https://www.ubereats.com/nyc-suburbs/food-delivery/zero-otto-nove/h6hNHnKsSoyTNJ_LThHk8g,valhalla-new-york
https://www.ubereats.com/nyc-suburbs/food-delivery/burgerim-18-hamilton-st/WPGB-gWRQoW4zUCauhi9Eg,valhalla-new-york
https://www.ubereats.com/nyc-suburbs/food-delivery/banzai-steakhouse-inc/hJMsvb5qTPWHE-6U_i6E1g,valhalla-new-york
https://www.ubereats.com/nyc-suburbs/food-delivery/masala-kraft-cafe/kvhE8iXETfuGm0oho2OcSw,valhalla-new-york
https://www.ubereats.com/nyc-suburbs/food-delivery/smashburger-49-tarrytown-rd/kQ4Xl9S0SlCY1JuX7_0Yrw,valhalla-new-york
https://www.ubereats.com/nyc-suburbs/food-delivery/inca-gaucho/2qk8nTMtQx-lwKa--D21mg,valhalla-new-york
https://www.ubereats.com/nyc-suburbs/food-delivery/playa-bowls-pleasantville/gM5TaU4uTz6hF5AadnEDPA,valhalla-new-york
https://www.ubereats.com/nyc-suburbs/food-delivery/purple-corn-rotisserie/tnRmR0DuSoKNAeB7gOAThw,valhalla-new-york
https://www.ubereats.com/nyc-suburbs/food-delivery/vega-mexican-cuisine/QriofYpPQe-azvJYF1qjqw,valhalla-new-york
https://www.ubereats.com/nyc-suburbs/food-delivery/california-pizza-kitchen-365-central-park-ave/ZPsOu6xGQ3u1D41Gy9otSA,valhalla-new-york
https://www.ubereats.com/connecticut/food-delivery/sabrosito-restaurant-%26-bakery/M4IbaDmKTuqjtLYErJPnbQ,valhalla-new-york
https://www.ubereats.com/nyc-suburbs/food-delivery/fenimore-delicatessen/vllNijf6QeGcyaPG7j2Jsw,valhalla-new-york
https://www.ubereats.com/nyc-suburbs/food-delivery/pub-street-ny/nKi6xDI_TzyPDzfb4eiFMw,valhalla-new-york
https://www.ubereats.com/nyc-suburbs/food-delivery/tipsy-taco-bar/Wi29Mjt7S2eX0HpAcI5lNA,valhalla-new-york
https://www.ubereats.com/connecticut/food-delivery/lamars-pastry/KEcqkUcXQtuXUxkW7_T6uQ,valhalla-new-york
https://www.ubereats.com/nyc-suburbs/food-delivery/ribs-on-the-run/apmfwmAtSzy8eAC-mqn9fQ,valhalla-new-york
https://www.ubereats.com/nyc-suburbs/food-delivery/j-%26-g-deli-and-market/cOLLU_okQYyKFcSelUrqwA,valhalla-new-york
https://www.ubereats.com/nyc-suburbs/food-delivery/rivertown-burgers/aQjacxSZTM-mE1YhQ5ryQw,valhalla-new-york
https://www.ubereats.com/nyc-suburbs/food-delivery/next-stop-gourmet/1j0e2BqETiCvS8b9e6NZGQ,valhalla-new-york
https://www.ubereats.com/nyc-suburbs/food-delivery/mcdonalds-600-marble-ave/4cArj9WDTC2er2OY9g1ExA,valhalla-new-york
https://www.ubereats.com/nyc-suburbs/food-delivery/india-avenue/7KtJKwzaQ-ORUZPQM8m3zw,valhalla-new-york
https://www.ubereats.com/nyc-suburbs/food-delivery/ron-blacks-beer-hall/TUmxfTdiRimenB3Dk57Zkw,valhalla-new-york
https://www.ubereats.com/nyc-suburbs/food-delivery/eastend/bSB8QicWRsm48pOZmYQxSA,valhalla-new-york
https://www.ubereats.com/nyc-suburbs/food-delivery/epsteins-kosher-delicatessen-%26-restaurant/XqbxlVnRStOoHZkmnIHI-A,valhalla-new-york
https://www.ubereats.com/nyc-suburbs/food-delivery/subway-201-tarrytown-rd/EpKM6-moRkmMk9YD4d9_-g,valhalla-new-york
https://www.ubereats.com/nyc-suburbs/food-delivery/mortons-the-steakhouse-5-mamaroneck-avenue/VI9ClW4iSCqFPFx_0eygAQ,valhalla-new-york
https://www.ubereats.com/nyc-suburbs/food-delivery/sobol-white-plains/P54kPE7RQCaI-SOguGpwkQ,valhalla-new-york
https://www.ubereats.com/nyc-suburbs/food-delivery/inca-gaucho/H-RmeQuIS7qd9mesWq4uXg,valhalla-new-york
https://www.ubereats.com/nyc-suburbs/food-delivery/little-drunken-chef/N0zRxOLIRpSaW3Jabtfcrg,valhalla-new-york
https://www.ubereats.com/nyc-suburbs/food-delivery/los-abuelos-restaurant/wJKj4aVzQxa8Pfurwn3-og,valhalla-new-york
https://www.ubereats.com/nyc-suburbs/food-delivery/abeetz-mobile-pizza-truck/asXKTm01QK-elexj1VrilQ,valhalla-new-york
https://www.ubereats.com/nyc-suburbs/food-delivery/dunkin-505a-bedford-rd/1HxtbP8ETCCSU8pyNqqy2w,valhalla-new-york
https://www.ubereats.com/nyc-suburbs/food-delivery/doppio/gXGCW25JSZyYhm297Rpeaw,valhalla-new-york
https://www.ubereats.com/nyc-suburbs/food-delivery/chens-poke/vP7IeBxKQy-c4LwhAA7dMw,valhalla-new-york
https://www.ubereats.com/nyc-suburbs/food-delivery/chat-american-grill/E5LQUbMcTLCMH8rywHYorA,valhalla-new-york
https://www.ubereats.com/nyc-suburbs/food-delivery/falafel-taco/sISNbgmHRLKDAFHzpruC9A,valhalla-new-york
https://www.ubereats.com/nyc-suburbs/food-delivery/bubble-shop/jMKVHJO8Taay1vtiXzIIzQ,valhalla-new-york
https://www.ubereats.com/nyc-suburbs/food-delivery/dunkin-2000-merritt-parkway/k99dLzAOSjGYgtRL99nqnA,valhalla-new-york
https://www.ubereats.com/nyc-suburbs/food-delivery/toxic-wings-white-plains/oFKL0vtnTIegZ2ZCKc9Wgw,valhalla-new-york
https://www.ubereats.com/nyc-suburbs/food-delivery/blockheads-white-plains/SB2uNFfdTxqb1h9Eqc_cZQ,valhalla-new-york
https://www.ubereats.com/nyc-suburbs/food-delivery/the-barley-house/wVAsfVN0R3uGpgh4fD0LUg,valhalla-new-york
https://www.ubereats.com/nyc-suburbs/food-delivery/hot-spot-white-plains/nbyI97zySLCH1PH-jSguEg,valhalla-new-york
https://www.ubereats.com/nyc-suburbs/food-delivery/pasquale-ristorante/ZvS2KIN5QXiX5GkpNSBGhQ,valhalla-new-york
https://www.ubereats.com/nyc-suburbs/food-delivery/silver-lake-murayama/lwpvWvjASR6J0WzQnAZTXQ,valhalla-new-york
https://www.ubereats.com/nyc-suburbs/food-delivery/elevation-burger-176-south-ridge-street/Z3FFctkOT7SPz0kIf245Bg,valhalla-new-york
https://www.ubereats.com/nyc-suburbs/food-delivery/city-limits-diner/lwqyI2JWRriIqGohoxCb6w,valhalla-new-york
https://www.ubereats.com/nyc-suburbs/food-delivery/chipotle-mexican-grill-185-n-bedford-rd/yRG-6_-oRfSKpXpMy3JE9Q,valhalla-new-york
https://www.ubereats.com/connecticut/food-delivery/cold-stone-creamery-25-mamaroneck-avenue/q-kvOBM7T1qmi_76kOL32g,valhalla-new-york
https://www.ubereats.com/nyc-suburbs/food-delivery/cold-stone-creamery-64-washington-ave/-PcHKgotQlCYF2lB8Eujuw,valhalla-new-york
https://www.ubereats.com/connecticut/food-delivery/my-tokyo/EwWn7bFUT1aZ5YdyKD4ilQ,valhalla-new-york
https://www.ubereats.com/connecticut/food-delivery/fez-turkish-meze/bcXt8QMsTaKgHYvlbY3zHw,valhalla-new-york
https://www.ubereats.com/nyc-suburbs/food-delivery/don-juan/p5gDqaSGSa6kfKBrOzVjEQ,valhalla-new-york
https://www.ubereats.com/nyc-suburbs/food-delivery/starbucks-pleasantville-memorial-plaza/V8jjER7bT7a11beXDU3DYA,valhalla-new-york
https://www.ubereats.com/nyc-suburbs/food-delivery/gogoeatery-partner-1000002/Vez-Gj6cRRukOKaVXgV1dw,valhalla-new-york
https://www.ubereats.com/nyc-suburbs/food-delivery/thornwood-pizza-%26-pasta/pcdGxLkEQbuH078Fx_GSBw,valhalla-new-york
https://www.ubereats.com/nyc-suburbs/food-delivery/bbq-chicken-hartsdale-ny/IzIrXzj-QzGqLt84E7bNbw,valhalla-new-york
https://www.ubereats.com/nyc-suburbs/food-delivery/silver-lake-pizza/_XBJhaDrR1a0AYMuTcu8qQ,valhalla-new-york
https://www.ubereats.com/nyc-suburbs/food-delivery/thai-basil/uR5Ly0-ORuuGpYH_xJCA8w,valhalla-new-york
https://www.ubereats.com/nyc-suburbs/food-delivery/champagnetea/KMgy6-OcQFmENJcqNW_ldw,valhalla-new-york
https://www.ubereats.com/nyc-suburbs/food-delivery/tommys-deli-cafe/XGEqjbKGSOOABwt2ow2o8A,valhalla-new-york
https://www.ubereats.com/nyc-suburbs/food-delivery/jersey-mikes-subs/_jZVbJLQSvOmP0WygrppNA,valhalla-new-york
https://www.ubereats.com/nyc-suburbs/food-delivery/copper-kettle-cafe/ZbMqLAuiRTyDE7fypd1RKg,valhalla-new-york
https://www.ubereats.com/nyc-suburbs/food-delivery/doms-pizza-%26-pasta-house/abwvEigvRAyj2Rcu94btng,valhalla-new-york
https://www.ubereats.com/nyc-suburbs/food-delivery/tasty-table/QnCNwSAiR_-crbdJpevVYA,valhalla-new-york
https://www.ubereats.com/nyc-suburbs/food-delivery/hida/41XWnysbT0uD-b7vmMANuQ,valhalla-new-york
https://www.ubereats.com/nyc-suburbs/food-delivery/kee-oyster-house/-LK3fexyQ5iI5bON-DjxRQ,valhalla-new-york
https://www.ubereats.com/nyc-suburbs/food-delivery/buon-amici-italian-cuisine/SzVm73ACSjaVR_YeMgFKRg,valhalla-new-york
https://www.ubereats.com/connecticut/food-delivery/shiki-fusion/-8PV0Mz9SCu-2QvBYMTsjA,valhalla-new-york
https://www.ubereats.com/nyc-suburbs/food-delivery/italian-pavilion-pizzeria/ZA0vuAONRoaL_vyIftx3vg,valhalla-new-york
https://www.ubereats.com/nyc-suburbs/food-delivery/giovannis-pizza/ltgNJpqvSoGaFU-r1r4YxQ,valhalla-new-york
https://www.ubereats.com/nyc-suburbs/food-delivery/tvb-by-pax-romana/5SA6wn0aQ_CzgL9rffEejA,valhalla-new-york
https://www.ubereats.com/nyc-suburbs/food-delivery/sobol-cos-cob/fEMu31c5SrCtrix15vraLA,valhalla-new-york
https://www.ubereats.com/nyc-suburbs/food-delivery/the-bagel-emporium-tarrytown/9buM0YMmRqmqhgBkasHHBw,valhalla-new-york
https://www.ubereats.com/nyc-suburbs/food-delivery/mariachi-loco-ii/_bK1LDQKQCikS81aCw2HdQ,valhalla-new-york
https://www.ubereats.com/connecticut/food-delivery/cold-stone-creamery-64-washington-ave/-PcHKgotQlCYF2lB8Eujuw,valhalla-new-york
https://www.ubereats.com/nyc-suburbs/food-delivery/marios-pizza-%26-restaurant/MHR7IxpCQ1SZ82gT1cau9Q,valhalla-new-york
https://www.ubereats.com/nyc-suburbs/food-delivery/dunkin-662-columbus-ave/aUPLT8ykRtm4vUbYhu7YaQ,valhalla-new-york
https://www.ubereats.com/nyc-suburbs/food-delivery/sambal/i9ZOMCFNSXG0nUwSeOwAuQ,valhalla-new-york
https://www.ubereats.com/nyc-suburbs/food-delivery/lombardos/LWyJSfjWTICz56s9bbVNtQ,valhalla-new-york
https://www.ubereats.com/nyc-suburbs/food-delivery/craft-pizza-%26-beer/Xnk05VfrTWaH0cDWYHPFpA,valhalla-new-york
https://www.ubereats.com/nyc-suburbs/food-delivery/subway-923-broadway/svJ-cqOvQ8WGoji8HOSQzg,valhalla-new-york
https://www.ubereats.com/nyc-suburbs/food-delivery/kfc-taco-bell-100-main-st/5uWB44GhRUSBAvcz4erSIg,valhalla-new-york
https://www.ubereats.com/nyc-suburbs/food-delivery/ernestos-pizza-cucina/NyKSFa2cRaSdI2gpCXXszg,valhalla-new-york
https://www.ubereats.com/nyc-suburbs/food-delivery/modern-slice-restaurant/pKpAVG19S5elvAs0yQ6M7g,valhalla-new-york
https://www.ubereats.com/nyc-suburbs/food-delivery/lubin-n-links/MrzgDEWIShmL4V6FkAUbUg,valhalla-new-york
https://www.ubereats.com/nyc-suburbs/food-delivery/zeus-gyro/MqGb5LiBRP-df_iM-0nBAQ,valhalla-new-york
https://www.ubereats.com/nyc-suburbs/food-delivery/sunrise-pizza/JpKmWiXVTvCGG27guguOJQ,valhalla-new-york
https://www.ubereats.com/nyc-suburbs/food-delivery/the-taco-project/9AFUlDtbRGOBGipdh1TA8A,valhalla-new-york
https://www.ubereats.com/nyc-suburbs/food-delivery/bareburger-50-purchase-st/7lCumEvyQFiyYFlZYy3jSQ,valhalla-new-york
https://www.ubereats.com/nyc-suburbs/food-delivery/river-city-grille/HTl8ChwDREi6KTfYKM0a-A,valhalla-new-york
https://www.ubereats.com/nyc-suburbs/food-delivery/dunkin-80-virginia-rd/uA5VgDw5QBWtsGIvEWqPNg,valhalla-new-york
https://www.ubereats.com/connecticut/food-delivery/abis-japanese-traditional-cuisine/94veQQlYS-COwhX4-Nd33Q,valhalla-new-york
https://www.ubereats.com/nyc-suburbs/food-delivery/chipotle-mexican-grill-100-s-ridge-st/HvTlRkpKRqeC-DGZ4MHPvw,valhalla-new-york
https://www.ubereats.com/nyc-suburbs/food-delivery/freckles-juice-bar-mamaroneck/i86uT3AzRFaDng4Dk0UPFA,valhalla-new-york
https://www.ubereats.com/connecticut/food-delivery/kiku-sushi-irvington/Yx3iU-7oQIOi7iixLZkdVg,valhalla-new-york
https://www.ubereats.com/nyc-suburbs/food-delivery/damore/dUExBjbVTt2G58zry_bOVg,valhalla-new-york
https://www.ubereats.com/nyc-suburbs/food-delivery/bagelicious-cafe/9AOiy23MTVaQgPEKUzgEmA,valhalla-new-york
https://www.ubereats.com/nyc-suburbs/food-delivery/dunkin-137-wildey-st/d0olBiyITsmkLzC7jbmgeQ,valhalla-new-york
https://www.ubereats.com/nyc-suburbs/food-delivery/fatt-root/iNKbRuXvTeGaJF0URBpb0A,valhalla-new-york
https://www.ubereats.com/nyc-suburbs/food-delivery/dunkin-570-mamaroneck-ave/zZoi0nfXR3OVLnm-kh8_jA,valhalla-new-york
https://www.ubereats.com/nyc-suburbs/food-delivery/fritta-arepa/33k2Ej6lSfC5Z8WxRZf_qw,valhalla-new-york
https://www.ubereats.com/nyc-suburbs/food-delivery/casaletto-restaurant/AjJNC3nuQzqF-7lVZkRpnA,valhalla-new-york
https://www.ubereats.com/nyc-suburbs/food-delivery/mediterraneo-white-plains/ERRl_XKYTW2OZgJQWGq6lQ,valhalla-new-york
https://www.ubereats.com/nyc-suburbs/food-delivery/italian-pavillion-pizzeria/S46qrUduTTm0hQVcGsyNoQ,valhalla-new-york
https://www.ubereats.com/nyc-suburbs/food-delivery/tonys-pizzeria/7ZF1SOCHRRWO4N2raCZY4A,valhalla-new-york
https://www.ubereats.com/nyc-suburbs/food-delivery/green-tortilla/w-1LiWI9QeeYJJ6FqIQ5zw,valhalla-new-york
https://www.ubereats.com/nyc-suburbs/food-delivery/asiana-cafe-greenwich-ct/67OhHAa8Tl6-fD8h8wEW0w,valhalla-new-york
https://www.ubereats.com/nyc-suburbs/food-delivery/cerbones-bakery/5GeDdu00TomuKeHzmQFCng,valhalla-new-york
https://www.ubereats.com/nyc-suburbs/food-delivery/flour-%26-sun-bakery/8m5u7r50ThajD3SCCFpfaQ,valhalla-new-york
https://www.ubereats.com/nyc-suburbs/food-delivery/la-perla-poblanita/IUYpmzfRQzqt3oDLvkXPBw,valhalla-new-york
https://www.ubereats.com/nyc-suburbs/food-delivery/the-little-beet-westchester-mall/hy4FC_tSRYWRzN6EF3yRQw,valhalla-new-york
https://www.ubereats.com/nyc-suburbs/food-delivery/mughal-palace/api6ePRkRkCbmYyPrHR3TA,valhalla-new-york
https://www.ubereats.com/nyc-suburbs/food-delivery/kiku-sushi-irvington/Yx3iU-7oQIOi7iixLZkdVg,valhalla-new-york
https://www.ubereats.com/nyc-suburbs/food-delivery/the-808-bistro/z0KU8LL5T32BzzQeq9XZQQ,valhalla-new-york
https://www.ubereats.com/nyc-suburbs/food-delivery/saru/cG5Rk3GxTWWKsdQRPRvmgw,valhalla-new-york
https://www.ubereats.com/nyc-suburbs/food-delivery/long-island-bagel-cafe/t0GUlFAwS1q6XdDCe_tLcQ,valhalla-new-york
https://www.ubereats.com/nyc-suburbs/food-delivery/chipotle-mexican-grill-405-tarrytown-rd/ZP91e8G7TUyQB2X1zgn6Uw,valhalla-new-york
https://www.ubereats.com/nyc-suburbs/food-delivery/pilones-meateria/OePtFNyQR0qVSMPcK6ha7A,valhalla-new-york
https://www.ubereats.com/nyc-suburbs/food-delivery/wendys-91-saw-mill-road/adDKxf05Qo-BuaVP2MEOIw,valhalla-new-york
https://www.ubereats.com/nyc-suburbs/food-delivery/shiki-fusion/-8PV0Mz9SCu-2QvBYMTsjA,valhalla-new-york
https://www.ubereats.com/nyc-suburbs/food-delivery/honey-baked-ham-57-north-central-avenue/sXLjG3jMRsOYYLdWaawVrg,valhalla-new-york
https://www.ubereats.com/nyc-suburbs/food-delivery/rinis-restaurant/SQUsD2h9TNqNajR7N9KNOg,valhalla-new-york
https://www.ubereats.com/nyc-suburbs/food-delivery/walters-hot-dogs-white-plains/ulHvx9_SRjKTKIBw1E6TVQ,valhalla-new-york
https://www.ubereats.com/nyc-suburbs/food-delivery/dunkin-2-washington-ave/eysxi6msReiOzAdKRqQicQ,valhalla-new-york
https://www.ubereats.com/nyc-suburbs/food-delivery/dunkin-42-lake-st/SilRWwFbRBK4K9dZXf7JWQ,valhalla-new-york
https://www.ubereats.com/nyc-suburbs/food-delivery/dunkin-681-e-main-st/wzazR8_pRMK1Clf-hLrCgQ,valhalla-new-york
https://www.ubereats.com/nyc-suburbs/food-delivery/original-pancake-house-170-hamilton-ave/b0A6d0yhSgG7rPH0YXbqRA,valhalla-new-york
https://www.ubereats.com/nyc-suburbs/food-delivery/lamars-pastry/KEcqkUcXQtuXUxkW7_T6uQ,valhalla-new-york
https://www.ubereats.com/nyc-suburbs/food-delivery/espresso-cafe-and-deli/oXLf3KZjTzWh_wGyhF7jEA,valhalla-new-york
https://www.ubereats.com/nyc-suburbs/food-delivery/wolf-and-warrior-brewing-company-195-e-post-rd/wDMIoBhcTkiE39rlg7skmQ,valhalla-new-york
https://www.ubereats.com/connecticut/food-delivery/kalbi-house/9kE04WfBT5Of5RAd7SDy9A,valhalla-new-york
https://www.ubereats.com/nyc-suburbs/food-delivery/maya-riviera-bar-%26-restaurant/PgmoPk96TH29GtyrmjMXhw,valhalla-new-york
https://www.ubereats.com/nyc-suburbs/food-delivery/the-irish-bank/d-vehQHeQk6e8gkVtO9efg,valhalla-new-york
https://www.ubereats.com/nyc-suburbs/food-delivery/dunkin-182-saw-mill-river-rd/-osLM0FiQ0ifjJv5qCHX3g,valhalla-new-york
https://www.ubereats.com/nyc-suburbs/food-delivery/star-diner/VRTBLLhqT86XOmgu9hTkGA,valhalla-new-york
https://www.ubereats.com/nyc-suburbs/food-delivery/byram-sushi-%26-teriyaki/IhUhKgZIRLmLiEliu8CWjw,valhalla-new-york
https://www.ubereats.com/nyc-suburbs/food-delivery/sabrosito-restaurant-%26-bakery/M4IbaDmKTuqjtLYErJPnbQ,valhalla-new-york
https://www.ubereats.com/nyc-suburbs/food-delivery/epsteins-of-yonkers/wYTdteQ_SXmgZGa6L1Pd3w,valhalla-new-york
https://www.ubereats.com/nyc-suburbs/food-delivery/michelangelos-pizza-pasta-%26-things/prZWyZ34R-ac4DF0PeenVA,valhalla-new-york
https://www.ubereats.com/nyc-suburbs/food-delivery/ruths-jamaican-hot-%26-cold-deli/B6S-2IJJS-qi4gK9LKYZlA,valhalla-new-york
https://www.ubereats.com/nyc-suburbs/food-delivery/cold-stone-creamery-25-mamaroneck-avenue/q-kvOBM7T1qmi_76kOL32g,valhalla-new-york
