url,city
https://www.ubereats.com/cleveland/food-delivery/burger-king-4869-turney-road/SmK4hYR2QOyWg9Ld-khoxg,valley-view-ohio
https://www.ubereats.com/cleveland/food-delivery/blu-the-restaurant/pzaSVo6iR7ON9cGUYJWNQA,valley-view-ohio
https://www.ubereats.com/cleveland/food-delivery/mcdonalds-buckeye-%26-115th-st/Rgv6Sy38T6Chnm4QMiHwLQ,valley-view-ohio
https://www.ubereats.com/cleveland/food-delivery/thick-chick/TfFsepb1TxycZr6D-fW6_g,valley-view-ohio
https://www.ubereats.com/cleveland/food-delivery/chipotle-mexican-grill-7683-w-ridgewood-dr/ERtWVXZiTpmTh7fXw-GdyA,valley-view-ohio
https://www.ubereats.com/cleveland/food-delivery/guthries-chicken-fingers/Gp5S-NBITBGyL5fG4O6mDA,valley-view-ohio
https://www.ubereats.com/cleveland/food-delivery/outback-steakhouse-8250-macedonia-commons/Vz8yF5k_Q8OoACsgEspnsA,valley-view-ohio
https://www.ubereats.com/cleveland/food-delivery/sonic-1842-snow-rd/NItT9XVxRRWe0RVhTlJtrw,valley-view-ohio
https://www.ubereats.com/cleveland/food-delivery/catering-affordable/tu4Z5M0HRSiZJcJm879p3Q,valley-view-ohio
https://www.ubereats.com/cleveland/food-delivery/chipotle-mexican-grill-3471-steelyard-dr/Nf5PHltKRI2t33Ct5C0acg,valley-view-ohio
https://www.ubereats.com/cleveland/food-delivery/hansa-brewery/fb_rZTLkTaKx2ZFDMqehUQ,valley-view-ohio
https://www.ubereats.com/cleveland/food-delivery/rascal-house-pizza-maple-heights/unvth132TViXlQJwB7zMTw,valley-view-ohio
https://www.ubereats.com/cleveland/food-delivery/yours-truly-restaurant-beachwood/K47k1DpURGSEXPeB6M8poQ,valley-view-ohio
https://www.ubereats.com/cleveland/food-delivery/ohio-city-bbq/LkaK0hEcQluun106uYVH8Q,valley-view-ohio
https://www.ubereats.com/cleveland/food-delivery/subway-4984-turney-rd/WAhOJHOfRZK1ap5bYnzPQw,valley-view-ohio
https://www.ubereats.com/cleveland/food-delivery/blue-habanero/CF0MwyzSSxqS5fsK7uLVuA,valley-view-ohio
https://www.ubereats.com/cleveland/food-delivery/the-ice-cream-shop/SGmYCqknR0ehL2xD-KspIg,valley-view-ohio
https://www.ubereats.com/cleveland/food-delivery/mcdonalds-ridge-%26-ira/VjU15qGySGKfAld5W9gR9Q,valley-view-ohio
https://www.ubereats.com/cleveland/food-delivery/damascus-gate/-I0SkxpbTxKbMD0OX7-kEg,valley-view-ohio
https://www.ubereats.com/cleveland/food-delivery/big-boy-7800-granger-rd/A2rU1PNHT_6n6rPYhM7nuw,valley-view-ohio
https://www.ubereats.com/cleveland/food-delivery/jaipur-junction/337PGG1YQ9mgLa6Gx1Gi7A,valley-view-ohio
https://www.ubereats.com/cleveland/food-delivery/cracker-barrel-old-country-store-5100-tiedeman-rd/QvPZwZqJS928MsXPwQ9msA,valley-view-ohio
https://www.ubereats.com/cleveland/food-delivery/mr-hero-broadway-%26-lee/h71xFdDdRZaODb_YNHQd8g,valley-view-ohio
https://www.ubereats.com/cleveland/food-delivery/fahrenheit/RSqy0_AYQaSnEgk68XdRpw,valley-view-ohio
https://www.ubereats.com/cleveland/food-delivery/papa-johns-pizza-33411-aurora-rd/C3rs8ASgQaS_bPzLQr18zQ,valley-view-ohio
https://www.ubereats.com/cleveland/food-delivery/mcdonalds-denison-%26-pearl/R7k392_TTZWtwTeXZF0QFA,valley-view-ohio
https://www.ubereats.com/cleveland/food-delivery/the-pearl-asian-kitchen/XoxCZkHjT-OXexVAJejwfg,valley-view-ohio
https://www.ubereats.com/cleveland/food-delivery/papa-johns-4221-fulton-rd/BM_tl41_R--8kw7Fgce2yw,valley-view-ohio
https://www.ubereats.com/cleveland/food-delivery/subway-7525-granger-rd/IYMyHZGSRGOsQdqOyB7KTQ,valley-view-ohio
https://www.ubereats.com/cleveland/food-delivery/adm/PmA5qPaWScqdSokqCGpstg,valley-view-ohio
https://www.ubereats.com/cleveland/food-delivery/melt-bar-%26-grilled-independence/jSDq4dloTM68LTYHJz3Xzg,valley-view-ohio
https://www.ubereats.com/cleveland/food-delivery/wendys-4602-northfield-road/9V81vWPaT4SM3dkdNOeBew,valley-view-ohio
https://www.ubereats.com/cleveland/food-delivery/hanini-sub/rLkXm_RESFqC-Do1GmCRqQ,valley-view-ohio
https://www.ubereats.com/cleveland/food-delivery/biryani-house-indian-restaurant/5prux9OsQ5imAT_UIvx2hg,valley-view-ohio
https://www.ubereats.com/cleveland/food-delivery/steak-n-shake-6880-ridge-road/tBAwRUsXTYmCyKMKxAhdKw,valley-view-ohio
https://www.ubereats.com/cleveland/food-delivery/slices-fabulous-cakes/9IL7j70LS1S1k_4VMvZcHg,valley-view-ohio
https://www.ubereats.com/cleveland/food-delivery/famous-gyro-george-maple-heights/ARakZm8AQROkT1zXsfAvyg,valley-view-ohio
https://www.ubereats.com/cleveland/food-delivery/bonkers-cafe/FAfW0UPuT4-XZO9Ka4o3Aw,valley-view-ohio
https://www.ubereats.com/cleveland/food-delivery/sunoco-harvard-daily/WA0BynvbTEqS_YDx0BAp7Q,valley-view-ohio
https://www.ubereats.com/cleveland/food-delivery/dennys-6100-rockside-rd/-wKGbWdtSHi7DoxmiLyWkA,valley-view-ohio
https://www.ubereats.com/cleveland/food-delivery/taco-bell-4110-lee-road/xR_2mCNXQcCr10s_K1_RfA,valley-view-ohio
https://www.ubereats.com/cleveland/food-delivery/happys-pizza/3ITiKeFkSQmDNEaGXKCMTA,valley-view-ohio
https://www.ubereats.com/cleveland/food-delivery/zoup!-6901-rockside-road/W-8qciGNSl2Vuih2Eg76Hg,valley-view-ohio
https://www.ubereats.com/cleveland/food-delivery/ajs-krispy-krunch-chicken/7DGd5A56SRu9U_3Wq1FraA,valley-view-ohio
https://www.ubereats.com/cleveland/food-delivery/stancatos-italian-restaurant/l2K1oYJ1TeWEor3aSt7fRA,valley-view-ohio
https://www.ubereats.com/cleveland/food-delivery/bob-evans-28-5980-rockside-road/Mq55J4hgSO20e0frzlFtaw,valley-view-ohio
https://www.ubereats.com/cleveland/food-delivery/pulp-juice-and-smoothie-bar/MVaaY7UIRQOTPvV67y5DJA,valley-view-ohio
https://www.ubereats.com/cleveland/food-delivery/twisted-tomato-pizzeria-bedford/yQyWtjX2S6-5RVB_VSCPKQ,valley-view-ohio
https://www.ubereats.com/cleveland/food-delivery/wendys-5360-warrensville-center-road/8kSDzzYYQQe_cENr1_0DTw,valley-view-ohio
https://www.ubereats.com/cleveland/food-delivery/mr-hero-bedford/RvhVNQbkSLyBDsqdvRj_jQ,valley-view-ohio
https://www.ubereats.com/cleveland/food-delivery/tonys-family-restaurant/hT4ZILkISLyjWm_ySdbdGg,valley-view-ohio
https://www.ubereats.com/cleveland/food-delivery/cle-wing-co-parma/THxT193bTaK1m80BtrOVVw,valley-view-ohio
https://www.ubereats.com/cleveland/food-delivery/primoz-pizza/pMTVIzRbTy2p0kfaR8uYzg,valley-view-ohio
https://www.ubereats.com/cleveland/food-delivery/dairy-queen-treat-5501-memphis-ave/sfzVuCuNSU6zylp70rZmww,valley-view-ohio
https://www.ubereats.com/cleveland/food-delivery/dunkin-6353-som-center-rd/kOvCaSciQDGg4iFCU-w3KA,valley-view-ohio
https://www.ubereats.com/cleveland/food-delivery/politics-kitchen-and-lounge-warrensville/9P6wwt1WQS-l97yFKoE3Nw,valley-view-ohio
https://www.ubereats.com/cleveland/food-delivery/subway-17203-broadway-ave/gjNBByw6Sv2g39cyDUxhDA,valley-view-ohio
https://www.ubereats.com/cleveland/food-delivery/zoup!-richmond-road/v8NqSjGFQdKjlm5G-SSF7A,valley-view-ohio
https://www.ubereats.com/cleveland/food-delivery/taco-bell-6447-north-royalton-rd/xg2H9q_5T7eUMlZePKM0ug,valley-view-ohio
https://www.ubereats.com/cleveland/food-delivery/burger-king-1795-snow-road/kxrmo0NqT5O1Mb79x2xzjw,valley-view-ohio
https://www.ubereats.com/cleveland/food-delivery/corleones-ristorante-%26-bar/94ysWUdwQL6IB1QcJGxqzA,valley-view-ohio
https://www.ubereats.com/cleveland/food-delivery/the-ice-cream-shop/jdkJ3F_sQYCQbuNvCigfWQ,valley-view-ohio
https://www.ubereats.com/cleveland/food-delivery/dunkin-4959-richmond-rd/vZzsnUf8Q4KtDwHaNXTGxQ,valley-view-ohio
https://www.ubereats.com/cleveland/food-delivery/subway-13113-shaker-blvd/lvlkz6G0TmKyFKdwWMnrGg,valley-view-ohio
https://www.ubereats.com/cleveland/food-delivery/7-to-7-eatery-mediterranean/XckF2aBqQvKEpcuYTSibyA,valley-view-ohio
https://www.ubereats.com/cleveland/food-delivery/mr-wonderfuls-chicken-%26-waffles/Xb3Q5FHaR7SFZVnds7_nCw,valley-view-ohio
https://www.ubereats.com/cleveland/food-delivery/bob-evans-146-266-highland-road-e/RWz8Xf7sQwGz_c3JNPkoGQ,valley-view-ohio
https://www.ubereats.com/cleveland/food-delivery/bulldog-ice-cream/tNWigtyvTbqXByst8SmkKA,valley-view-ohio
https://www.ubereats.com/cleveland/food-delivery/freddies/kDBpXrLsQyOTQzDAQBYrQg,valley-view-ohio
https://www.ubereats.com/cleveland/food-delivery/jordans-eatery/l4NcNzBUSMGfX_TKwmkNdA,valley-view-ohio
https://www.ubereats.com/cleveland/food-delivery/georgios-oven-fresh-pizza-maple-heights/aOXSfI60TaaGoNtCJSHrAg,valley-view-ohio
https://www.ubereats.com/cleveland/food-delivery/udipi-dosa-corner/gvL_OI4uRJWFeovOqCDWXA,valley-view-ohio
https://www.ubereats.com/cleveland/food-delivery/wendys-5251-turney-road/v9mHg7XBQlqPjZtoF8pPNg,valley-view-ohio
https://www.ubereats.com/cleveland/food-delivery/rotasu-hibachi-carry-out-broadway-ave/I_CPmnBmTRackywtkp8NsA,valley-view-ohio
https://www.ubereats.com/cleveland/food-delivery/boneyard/NhL2k53BS--UlugyZHp1bA,valley-view-ohio
https://www.ubereats.com/cleveland/food-delivery/romeos-pizza-brook-park/dORZcHdjQ0CkCewOdSsJVA,valley-view-ohio
https://www.ubereats.com/cleveland/food-delivery/ming-home/15S5k2kZQqiKvrHPf4uR7A,valley-view-ohio
https://www.ubereats.com/cleveland/food-delivery/mcdonalds-pleasant-valley-%26-broadview/9OaahS2uS5CFHwB5wFeqtA,valley-view-ohio
https://www.ubereats.com/cleveland/food-delivery/bedford-falls-cafe/fg1GR_m9RQy280036wBnpA,valley-view-ohio
https://www.ubereats.com/cleveland/food-delivery/whitmores-bar-b-q20209-harvard-ave/XXWxdydEQq-uGCQ2EiHqAw,valley-view-ohio
https://www.ubereats.com/cleveland/food-delivery/hong-kong-kitchen/BO7AY8OMQpmHDLB-LZMVSg,valley-view-ohio
https://www.ubereats.com/cleveland/food-delivery/krispy-krunchy-chicken/scLDYPHRR4iRyMLgibp3Jw,valley-view-ohio
https://www.ubereats.com/cleveland/food-delivery/mcdonalds-memphis-%26-56th-st/-_PylaCiRYSgtF-t7dTr3w,valley-view-ohio
https://www.ubereats.com/cleveland/food-delivery/quisqueya-latin-cuisine/CBNIlPsUT42uRhGmKQajIg,valley-view-ohio
https://www.ubereats.com/cleveland/food-delivery/la-casa-tequila/h0uW9V-KRmeCGuuh1bYalQ,valley-view-ohio
https://www.ubereats.com/cleveland/food-delivery/skeets-bar-%26-grill/-0rapt2DQcCZC11_N7hC3w,valley-view-ohio
https://www.ubereats.com/cleveland/food-delivery/luans/ibX9KOQmTo2A5uHYikUd0g,valley-view-ohio
https://www.ubereats.com/cleveland/food-delivery/cle-burger-co-parma/pGlrsg3QQ-OA3cHRhRBzIw,valley-view-ohio
https://www.ubereats.com/cleveland/food-delivery/bomba-tacos/E1C8_aTQRM-L4DftSu-d1g,valley-view-ohio
https://www.ubereats.com/cleveland/food-delivery/mr-hero/h12jyEZaRnCEwMk4QtyVng,valley-view-ohio
https://www.ubereats.com/cleveland/food-delivery/applebees-9225-vista-way-%2375098/kSdMZ3mQRByFyS_nVYWnvQ,valley-view-ohio
https://www.ubereats.com/cleveland/food-delivery/gyro-guys/DKZxUve9QmaurWhpCtcutg,valley-view-ohio
https://www.ubereats.com/cleveland/food-delivery/chipotle-mexican-grill-28077-chagrin-blvd/Zc9KLrqpRd23AFslgKoeFA,valley-view-ohio
https://www.ubereats.com/cleveland/food-delivery/exclusive-deli/qTxZEgQvRKii8JXsvulgIQ,valley-view-ohio
https://www.ubereats.com/cleveland/food-delivery/mcdonalds-snow-%26-park/O4yAbQnPQY2gRQQAC1Ubuw,valley-view-ohio
https://www.ubereats.com/cleveland/food-delivery/danny-boys-broadview-%26-wallings/LjfpiJBZQx6dawJ_OKcrdw,valley-view-ohio
https://www.ubereats.com/cleveland/food-delivery/the-oak-barrel/fOgucMSWRoSO-mw9hTpOBg,valley-view-ohio
https://www.ubereats.com/cleveland/food-delivery/best-thing-smokin-bbq/jzFOXxCyRC2T4o5la8kOMA,valley-view-ohio
https://www.ubereats.com/cleveland/food-delivery/happys-pizza-4908-turney-rd/3-gsTRYDSUSyJjyupqXwPg,valley-view-ohio
https://www.ubereats.com/cleveland/food-delivery/panda-express-6895-ridge-road/xbLu_rC1SkGgweTj-DNCCg,valley-view-ohio
https://www.ubereats.com/cleveland/food-delivery/tgi-fridays-1412-brooklyn-oh/UJwMHMGaQZizkNmmazKwxg,valley-view-ohio
https://www.ubereats.com/cleveland/food-delivery/georgio-oven-fresh-pizza/DZGIHn1fQNaCB2iu7_AhVw,valley-view-ohio
https://www.ubereats.com/cleveland/food-delivery/the-original-pancake-house-28700-chagrin-blvd/-soWtPn1RYmnRai6I-L1hA,valley-view-ohio
https://www.ubereats.com/cleveland/food-delivery/mr-hero-garfield-heights/trTLixTRTAmCyWYNfw2PSw,valley-view-ohio
https://www.ubereats.com/cleveland/food-delivery/9604-bonefish-grill-6150-rockside-pl/4muFO8BXToCAYsMWr3MBpA,valley-view-ohio
https://www.ubereats.com/cleveland/food-delivery/thai-gourmet/pEz3CdQyQoKasfHdDM9-ag,valley-view-ohio
https://www.ubereats.com/cleveland/food-delivery/hanini-sub/g3xeP-b8TnqnG-hxJr-Dqw,valley-view-ohio
https://www.ubereats.com/cleveland/food-delivery/qs-cafe/6OK6wR1PRDG77pyN98jX1w,valley-view-ohio
https://www.ubereats.com/cleveland/food-delivery/taco-bell-5840-memphis-avenue/bgNtvtRGQ_aDzlXDyGJ8hQ,valley-view-ohio
https://www.ubereats.com/cleveland/food-delivery/dunkin-5126-turney-rd/ZX7IK5KJTaOfURqd26hvDw,valley-view-ohio
https://www.ubereats.com/cleveland/food-delivery/bonchon-chicken-7581-broadview-rd/X2X5rIKqRpq6zdGcW0xsHQ,valley-view-ohio
https://www.ubereats.com/cleveland/food-delivery/popeyes-4645-northfield-road/2_yhV1uoSWCdmjXFbc1YfQ,valley-view-ohio
https://www.ubereats.com/cleveland/food-delivery/two-bucks-parma/TaD5zR_fQt6eZeCMeadLeg,valley-view-ohio
https://www.ubereats.com/cleveland/food-delivery/yummy-yummy-pho/0iFUFRaAQ3WrtpSbcXpsCQ,valley-view-ohio
https://www.ubereats.com/cleveland/food-delivery/krispy-kreme-pearl-rd-%26-smith-rd/WHshI9QHRcWsLKuU1nQZVA,valley-view-ohio
https://www.ubereats.com/cleveland/food-delivery/my-pizzetta/kRCJMiixQ4uFtNKp8fJjMQ,valley-view-ohio
https://www.ubereats.com/cleveland/food-delivery/mr-hero-brooklyn/BSVHPU-0St678A_ccT2KhQ,valley-view-ohio
https://www.ubereats.com/cleveland/food-delivery/arbys-1441-snow-rd/1T5Khy7XThSynAU0AklzuQ,valley-view-ohio
https://www.ubereats.com/cleveland/food-delivery/five-guys-oh-0452-4025-richmond-rd/P_l9nmq6RM-2_HVFsynk9A,valley-view-ohio
https://www.ubereats.com/cleveland/food-delivery/cilantro-taqueria/uT2lr9aATdafcgK41UWZHw,valley-view-ohio
https://www.ubereats.com/cleveland/food-delivery/angies-soul-cafe-emery-rd/UuqHGf6-TuadiGZjnzADNw,valley-view-ohio
https://www.ubereats.com/cleveland/food-delivery/pf-changs-26001-chagrin-blvd/sT2p1SBiS3WCQpYXll3b4w,valley-view-ohio
https://www.ubereats.com/cleveland/food-delivery/sicileys-pizza/Lr8F_7-BSICqfYkc30oZyQ,valley-view-ohio
https://www.ubereats.com/cleveland/food-delivery/deli-4-less-brecksville/962HVaGZQ8iifbWfzZqGRg,valley-view-ohio
https://www.ubereats.com/cleveland/food-delivery/chipotle-mexican-grill-4015-richmond-rd/HbAbV1q8QyqR8NtC64B2mw,valley-view-ohio
https://www.ubereats.com/cleveland/food-delivery/tres-potrillos/OdHkCflUSfaqUyn4D_fNpA,valley-view-ohio
https://www.ubereats.com/cleveland/food-delivery/subway-12598-rockside-rd/pyuHjGvaQre1TbqDl_BiLQ,valley-view-ohio
https://www.ubereats.com/cleveland/food-delivery/dunkin-5095-northfield-rd/lH_410uqT7Cf02TS-H9KpQ,valley-view-ohio
https://www.ubereats.com/cleveland/food-delivery/red-lobster-7607-day-drive/Xc8-0XtcT8uNAfRA3jtEgQ,valley-view-ohio
https://www.ubereats.com/cleveland/food-delivery/cracker-barrel-old-country-store-2371-east-aurora-road/8Hw1UupIQCGNFy_sk5jHbQ,valley-view-ohio
https://www.ubereats.com/cleveland/food-delivery/mcdonalds-broadway-%26-ackley/dTq4NF8YS8yLqqkohQOMrQ,valley-view-ohio
https://www.ubereats.com/cleveland/food-delivery/scorchers/Wu7StSRkTgewQdidWUaWSA,valley-view-ohio
https://www.ubereats.com/cleveland/food-delivery/ihop-steelyard/H6m0H3F4TbSn8pEa5f52nA,valley-view-ohio
https://www.ubereats.com/cleveland/food-delivery/ihop-rockside/FFtxYItrTmeWAAfoPE7C8w,valley-view-ohio
https://www.ubereats.com/cleveland/food-delivery/sam-sylk-chicken-and-fish-shaker-heights-2/F0dDsHEKRyWxd8v1j9zQHA,valley-view-ohio
https://www.ubereats.com/cleveland/food-delivery/sunny-asian-food/GK4iUfrgTlqTW5mcBrSMsQ,valley-view-ohio
https://www.ubereats.com/cleveland/food-delivery/campbells-sweet-factory-ohio-city/WtE5_X-UQFa8YKVjI0_G_Q,valley-view-ohio
https://www.ubereats.com/cleveland/food-delivery/first-watch-macedonia/waO61-qiSwOmJG5U3mz2Ew,valley-view-ohio
https://www.ubereats.com/cleveland/food-delivery/graeters-ice-cream-pinecrest/DlDEFfDoTeiUsPdR6DYeLg,valley-view-ohio
https://www.ubereats.com/cleveland/food-delivery/dunkin-4740-ridge-rd/kCHsHIHXTfW5l3erh9eFBQ,valley-view-ohio
https://www.ubereats.com/cleveland/food-delivery/pats-wing-queens/Skn45iPkRkij7tOx9ATXDQ,valley-view-ohio
https://www.ubereats.com/cleveland/food-delivery/popeyes-5581-warrensville-center-road/hHN-rwkGRhqZn_wKmF4kDw,valley-view-ohio
https://www.ubereats.com/cleveland/food-delivery/four-js-carryout/_Bdedn2FT0aEJQNfVMQR4g,valley-view-ohio
https://www.ubereats.com/cleveland/food-delivery/swerve-grille/vQgqDPJQRy-JVAnsR_L5CQ,valley-view-ohio
https://www.ubereats.com/cleveland/food-delivery/dickeys-barbeque-7769-day-drive/rOBLVgfkSd2Qx1_S579DLg,valley-view-ohio
https://www.ubereats.com/cleveland/food-delivery/mcdonalds-brecksville-%26-rockside/n7Cq6PecSyaDn3YpcVRJfw,valley-view-ohio
https://www.ubereats.com/cleveland/food-delivery/chipotle-mexican-grill-8195-golden-link-blvd/ZbiMSO1XRl2h660_UvRcgA,valley-view-ohio
https://www.ubereats.com/cleveland/food-delivery/firebirds-wood-fired-grill-211-park-ave/NW_Sx9EVSQi7PmFzMtoR5Q,valley-view-ohio
https://www.ubereats.com/cleveland/food-delivery/mr-hero-brookpark-rd/D07rDrlGSkqvnmZ8Hr1Qlg,valley-view-ohio
https://www.ubereats.com/cleveland/food-delivery/shelias-bar-%26-grille/FUYBq1xAQa-ReJB53If2Ow,valley-view-ohio
https://www.ubereats.com/cleveland/food-delivery/jersey-mikes-subs-8870-darrow-rd/l_sxpdisTM-yc8xsU8uL-g,valley-view-ohio
https://www.ubereats.com/cleveland/food-delivery/arbys-12763-rockside-rd/AG_Z9rGQQyG-3pPlpGqHDw,valley-view-ohio
https://www.ubereats.com/cleveland/food-delivery/wendys-5740-broadview/DOg6_9X6RIamUM1_t8Tp_A,valley-view-ohio
https://www.ubereats.com/cleveland/food-delivery/hashtag-soul-food/IEt54fOFRtm7nmse33XN9Q,valley-view-ohio
https://www.ubereats.com/cleveland/food-delivery/floods-urban-seafood/YOtjgRaCTyq1jKlcGfdpug,valley-view-ohio
https://www.ubereats.com/cleveland/food-delivery/corner-11-bowl-%26-wrap/eAYkhF7wTF-0SBHp3Y1XBw,valley-view-ohio
https://www.ubereats.com/cleveland/food-delivery/sittoos-pita-%26-salads-parma/fDRDgFZNTpC70R-FtvZgww,valley-view-ohio
https://www.ubereats.com/cleveland/food-delivery/kumo-japanese-seafood-buffet/RfCtM7nRSA6HRY9BXi14pA,valley-view-ohio
https://www.ubereats.com/cleveland/food-delivery/burger-king-7903-granger-road/pYheyGIDQN2h8mKv4ImqMA,valley-view-ohio
https://www.ubereats.com/cleveland/food-delivery/five-guys-oh-1460-3273-steelyard-dr/URM3Ubw7SHO4r_LEZkvXOw,valley-view-ohio
https://www.ubereats.com/cleveland/food-delivery/dos-coronas/EO8dUilwR4qoqW1YLam8gg,valley-view-ohio
https://www.ubereats.com/cleveland/food-delivery/moms-deli-%26-grille/dEZUddlxSim8jY9xFQJ96Q,valley-view-ohio
https://www.ubereats.com/cleveland/food-delivery/the-original-steaks-and-hogies/cXXG5RkFRX61XqIqVg1Mjg,valley-view-ohio
https://www.ubereats.com/cleveland/food-delivery/la-breakfast-club/D71mmIf-RuOctYMrb0RMTw,valley-view-ohio
https://www.ubereats.com/cleveland/food-delivery/outback-steakhouse-6950-ridge-road/tPw-ghJYQD--ebK8FBZjmA,valley-view-ohio
https://www.ubereats.com/cleveland/food-delivery/ajs-krispy-krunch-chicken/wsZSs8V1T02UEW8PeBqdRA,valley-view-ohio
https://www.ubereats.com/cleveland/food-delivery/terrapin-coffee-%26-donuts/TR0OZ7EETJCRWg2MiWiqnA,valley-view-ohio
https://www.ubereats.com/cleveland/food-delivery/papa-johns-5358-turney-rd/JOv4gSLBStq1QCnNsOclZA,valley-view-ohio
https://www.ubereats.com/cleveland/food-delivery/pizza-express-cleveland/QgE8ewtORZyWcw73dLcqYg,valley-view-ohio
https://www.ubereats.com/cleveland/food-delivery/mcdonalds-pearl-%26-luelda/IY6qWyknQYiFxfiC2LcK0A,valley-view-ohio
https://www.ubereats.com/cleveland/food-delivery/munch-a-simple-kitchen/IsmwakcnQL25YaI92x3LSg,valley-view-ohio
https://www.ubereats.com/cleveland/food-delivery/qdoba-broadview-rd/jlDqriHTTVm1g1aj2Z7tTQ,valley-view-ohio
https://www.ubereats.com/cleveland/food-delivery/taco-bell-1075-west-pleasant-valley-rd/W4iZMWYPRO2ANhPYXrBiKg,valley-view-ohio
https://www.ubereats.com/cleveland/food-delivery/pita-potle/HXxNQOuuTPi_xomDlS0Hnw,valley-view-ohio
https://www.ubereats.com/cleveland/food-delivery/boston-market-16773-chagrin-blvd/5NpgOsVzTESBs8eL8o9hlA,valley-view-ohio
https://www.ubereats.com/cleveland/food-delivery/shake-shack-311-park-avenue/W5K_d6XES56WrNksLe72Pw,valley-view-ohio
https://www.ubereats.com/cleveland/food-delivery/davis-bakery-and-delicatessen/fde-QkayRQSH0kEal1kxAw,valley-view-ohio
https://www.ubereats.com/cleveland/food-delivery/sesame-%26-soy/y_f1u9YGTPeesZA9PMIC_A,valley-view-ohio
https://www.ubereats.com/cleveland/food-delivery/the-rib-cage-smokehouse-bar-%26-grill-ohio-city/16sj1rxqT163Pns7gpkpcA,valley-view-ohio
https://www.ubereats.com/cleveland/food-delivery/chipotle-mexican-grill-1042-w-pleasant-valley-rd/AV4TDcq8TrO0rh3tndA6CQ,valley-view-ohio
https://www.ubereats.com/cleveland/food-delivery/speedys-grub-shack-northfield/cvcZBjeuTfqtUhwH7baYbA,valley-view-ohio
https://www.ubereats.com/cleveland/food-delivery/jordans-family-restaurant/q0DwidBgTVG3TcbGiCe5PA,valley-view-ohio
https://www.ubereats.com/cleveland/food-delivery/kfc-taco-bell-6030-enterprise-drive/qIaNtPPoQ5KBqtmu95pXBA,valley-view-ohio
https://www.ubereats.com/cleveland/food-delivery/master-pizza-parma/gVC5szh5TaeWYZKpda2Nkw,valley-view-ohio
https://www.ubereats.com/cleveland/food-delivery/taco-bell-3314-steelyard-drive/jVtLY5RHT4a9f0JNYubnFQ,valley-view-ohio
https://www.ubereats.com/cleveland/food-delivery/potbelly-sandwich-shop-independence-%7C-299/OnyWLKVDQASyfdiCAbGtmA,valley-view-ohio
https://www.ubereats.com/cleveland/food-delivery/qdoba-mexican-eats-shaker-plaza/H3KSrYLyRjG-i5ZiJ6uhyg,valley-view-ohio
https://www.ubereats.com/cleveland/food-delivery/angies-pizza/982u7gufS6eljL_gNm-W2g,valley-view-ohio
https://www.ubereats.com/cleveland/food-delivery/mcdonalds-day-%26-ridge/xbLRACb9TPiWfzdR97MBBg,valley-view-ohio
https://www.ubereats.com/cleveland/food-delivery/papa-johns-16981-chagrin-blvd/UM_sX3ToQX6cmUw9xMIHvQ,valley-view-ohio
https://www.ubereats.com/cleveland/food-delivery/medos-sub-city/l529daK_RNCvOVnmWEH2HA,valley-view-ohio
https://www.ubereats.com/cleveland/food-delivery/taco-bell-7475-day-dr/Gq-zHP95QXqcoZ0vNXQAbA,valley-view-ohio
https://www.ubereats.com/cleveland/food-delivery/pulp-juice-and-smoothie-bar/mWwHV6ybTXy-KV2PKvn-NQ,valley-view-ohio
https://www.ubereats.com/cleveland/food-delivery/teriyaki-express-denison-ave-cleveland-oh/TPlyzedNR4WdiEjJWexVAg,valley-view-ohio
https://www.ubereats.com/cleveland/food-delivery/applebees-7159-macedonia-commons-blvd-%2389068/gJODci6tR6ib2LK9Zdg3pw,valley-view-ohio
https://www.ubereats.com/cleveland/food-delivery/starbucks-garfield-heights/nBa44qLGRdmiH6C-bEi8dg,valley-view-ohio
https://www.ubereats.com/cleveland/food-delivery/dj-salad/iuEkHdNGT5KtKFzr9qPBsw,valley-view-ohio
https://www.ubereats.com/cleveland/food-delivery/outback-steakhouse-6100-rockside-place/l9mNFptaRkaJR69wkX99Nw,valley-view-ohio
https://www.ubereats.com/cleveland/food-delivery/daves-cosmic-subs-macedonia/6D8fZ6VPR8-WP-Ew2EB8jA,valley-view-ohio
https://www.ubereats.com/cleveland/food-delivery/rallys-5501-warrensville-center-road/k5Rk1-VCSJSBqz2MiBp_gg,valley-view-ohio
https://www.ubereats.com/cleveland/food-delivery/famous-gyro-george-parma/DYGGzbPsTXyhmh2ci9Kc7w,valley-view-ohio
https://www.ubereats.com/cleveland/food-delivery/saffron-patch/nhCKp3h7R4KL0kFqe0h_Ew,valley-view-ohio
https://www.ubereats.com/cleveland/food-delivery/phat-boyz-bbq/AoBQ_xloRE-bdi6jYc1D_A,valley-view-ohio
https://www.ubereats.com/cleveland/food-delivery/subway-6494-brecksville-rd/t4eQP9H-QFqIf6Bg2WMbNg,valley-view-ohio
https://www.ubereats.com/cleveland/food-delivery/burgers-2-beer-solon/EXQ7HRvHRFWT98lKgCfoVg,valley-view-ohio
https://www.ubereats.com/cleveland/food-delivery/mcdonalds-northfield-%26-franklin/jrC6HK8IRA2L8WXj7I-m-w,valley-view-ohio
https://www.ubereats.com/cleveland/food-delivery/cleats-club-seat-grille/d20Tc6udQkWbnsGlrQEjnQ,valley-view-ohio
https://www.ubereats.com/cleveland/food-delivery/literary-tavern/HqqwxAKXSnKEkGWjiIjXow,valley-view-ohio
https://www.ubereats.com/cleveland/food-delivery/davis-bakery-and-delicatessen-warrensville-heights/V_kpivYCQdqgMICjFrxCzw,valley-view-ohio
https://www.ubereats.com/cleveland/food-delivery/broadway-pizza/PqfMUb3MQPa8RenL81fwWw,valley-view-ohio
https://www.ubereats.com/cleveland/food-delivery/papa-johns-6701-royalton-road/vLqeYwUfR0CGHZ4cFwvoqQ,valley-view-ohio
https://www.ubereats.com/cleveland/food-delivery/chipotle-mexican-grill-6901-rockside-rd-ste-13/brUQ8BjzQhmqCBQq9g99ig,valley-view-ohio
https://www.ubereats.com/cleveland/food-delivery/little-caesars-3228-clark-ave/y1WHBdlxQX6lRBEosaUF7w,valley-view-ohio
https://www.ubereats.com/cleveland/food-delivery/ts-place/Mi7nuA54Qh2r5Gh-RHix8w,valley-view-ohio
https://www.ubereats.com/cleveland/food-delivery/papa-johns-pizza-6058-broadview-rd/cSjJTHwlQ666UonP3JB1Xg,valley-view-ohio
https://www.ubereats.com/cleveland/food-delivery/rock-creek-kitchen-%26-bar/RvqePQ8FSEqeVjpnunVj8Q,valley-view-ohio
https://www.ubereats.com/cleveland/food-delivery/pats-wing-queens/4hYbtQ6XRhu-rkXCPf7S0Q,valley-view-ohio
https://www.ubereats.com/cleveland/food-delivery/szechuan-gourmet/KEId9ff9QbajzS7o1-arOA,valley-view-ohio
https://www.ubereats.com/cleveland/food-delivery/happys-pizza-4908-a-turney-rd/s0PIuH7uRhONnteuO2dc8Q,valley-view-ohio
https://www.ubereats.com/cleveland/food-delivery/the-dog-house-broadway-ave/_TSM8R_ARGGkULMvwIHqBg,valley-view-ohio
https://www.ubereats.com/cleveland/food-delivery/zeppes-pizzeria320-broadway-ave/YBG2xQHhSai0HDbaimYM9Q,valley-view-ohio
https://www.ubereats.com/cleveland/food-delivery/ihop-brookpark/xKF7ZmB9TGSwvTb9-Mphfw,valley-view-ohio
https://www.ubereats.com/cleveland/food-delivery/luckys-cafe/k4Pt61iRQoGHwiT4uR-hnQ,valley-view-ohio
https://www.ubereats.com/cleveland/food-delivery/chipotle-mexican-grill-33599-aurora-rd/8wnJ1vrNQb2CsECCdPydVg,valley-view-ohio
https://www.ubereats.com/cleveland/food-delivery/pin-pin-kitchen-5/zpXhM9q4TDq_4jaE1U54lA,valley-view-ohio
https://www.ubereats.com/cleveland/food-delivery/mcdonalds-clark-%26-32nd-st/u454uqwdSdWZJ-W0Q7BGgA,valley-view-ohio
https://www.ubereats.com/cleveland/food-delivery/taste/CSC0z2ifR7ePcDKxpuf3bQ,valley-view-ohio
https://www.ubereats.com/cleveland/food-delivery/best-gyros-northfield/JqOGlFl7SMOQywnRHNWqdg,valley-view-ohio
https://www.ubereats.com/cleveland/food-delivery/ginko/zP26WGiKRFebYE2U0rfOJw,valley-view-ohio
https://www.ubereats.com/cleveland/food-delivery/kfc-3036-clark-avenue/xlTrbzi5TzWEC9tQJMNhYg,valley-view-ohio
https://www.ubereats.com/cleveland/food-delivery/1st-class-wellness-%26-healthy-eats/n5beyJNLQ4amJg0xnifmIg,valley-view-ohio
https://www.ubereats.com/cleveland/food-delivery/a-taste-above/LbRtlRnfQqST9cdkvPBu5g,valley-view-ohio
https://www.ubereats.com/cleveland/food-delivery/yours-truly-restaurant-solon/SzCdvlF7RLGoeIHVVt8wiQ,valley-view-ohio
https://www.ubereats.com/cleveland/food-delivery/taco-bell-5185-turney-rd/xLOBCXPaQ2mzh45PcaREXw,valley-view-ohio
https://www.ubereats.com/cleveland/food-delivery/starbucks-independence-oh/w0aHUGl3T--MFLPeg0hMRw,valley-view-ohio
https://www.ubereats.com/cleveland/food-delivery/the-kitchen/UNYQch7URgmudZJBDqXkuA,valley-view-ohio
https://www.ubereats.com/cleveland/food-delivery/mr-hero-broadview-%26-civic/2nrppkshQQ6Eiym0SPeOGA,valley-view-ohio
https://www.ubereats.com/cleveland/food-delivery/burntwood-tavern-lyndhurst/P7CHGDkpS8CdJxJDErJ45w,valley-view-ohio
https://www.ubereats.com/cleveland/food-delivery/shanghai-wok-by-b-%26-y/CYNORtoWSeWFwugq1YW7Pg,valley-view-ohio
https://www.ubereats.com/cleveland/food-delivery/applebees-4191-rockside-rd-%2397063/DGA7SXN-TamWnjXj37TkCw,valley-view-ohio
https://www.ubereats.com/cleveland/food-delivery/five-guys-oh-1813-8249-w-ridgewood-dr/tzof3cnISr6IT62wOMR_iA,valley-view-ohio
https://www.ubereats.com/cleveland/food-delivery/wendys-23050-broadway/uYEI3houRNqztQ6dUSglcw,valley-view-ohio
https://www.ubereats.com/cleveland/food-delivery/subcity/bNcZ8mdQT9C_ElwQ__ih-g,valley-view-ohio
https://www.ubereats.com/cleveland/food-delivery/sky-mediterranean-lounge-%26-cuisine/WnKMA7RYTwO79rCyDfkD0g,valley-view-ohio
https://www.ubereats.com/cleveland/food-delivery/hibachi-steakhouse-rockside-rd/ZUqS1VUKRcW25KIeZzSryA,valley-view-ohio
https://www.ubereats.com/cleveland/food-delivery/south-east-gears-%26-cheers/IrLAgkh2TNWNG4LTdXylew,valley-view-ohio
https://www.ubereats.com/cleveland/food-delivery/amici-restaurant-%26-bar/emXIMKL6Rb6-XlHI-ICogg,valley-view-ohio
https://www.ubereats.com/cleveland/food-delivery/annie-ps/0u1Rk8rHRE659OJiSa48Gg,valley-view-ohio
https://www.ubereats.com/cleveland/food-delivery/krispy-krunchy-chicken-turney/-ziikYzrTwuEFUrFCrm_kA,valley-view-ohio
https://www.ubereats.com/cleveland/food-delivery/taco-bell-4660-northfield-rd/Y1G2_bd2RJKzKIwisLvFTA,valley-view-ohio
https://www.ubereats.com/cleveland/food-delivery/harvard-wine-%26-grill/5HFmnWsPRsuA9igUGtW53A,valley-view-ohio
https://www.ubereats.com/cleveland/food-delivery/onikitchen/2mqhQvueTPWwe3OIDBTCZg,valley-view-ohio
https://www.ubereats.com/cleveland/food-delivery/unbar-cafe/wY-lFAnwRpKRS0F6bBSICg,valley-view-ohio
https://www.ubereats.com/cleveland/food-delivery/honeybaked-ham-6527-brecksville-rd/H24C9sQHRcCtn0fKD-9law,valley-view-ohio
https://www.ubereats.com/cleveland/food-delivery/just-wing-it/GkgBS-ZgSp2v33F8T084Dg,valley-view-ohio
https://www.ubereats.com/cleveland/food-delivery/paladar-latin-kitchen-%26-rum-bar/JrIEehGXSkiUeyzIM1z5xg,valley-view-ohio
https://www.ubereats.com/cleveland/food-delivery/the-crown-cafe/_q5vSZFBQlK3eWiwIVLYHQ,valley-view-ohio
https://www.ubereats.com/cleveland/food-delivery/pulp-juice-and-smoothie-bar-rockside-rd/-lTn5B8CRHWypm6Bl6V5vA,valley-view-ohio
https://www.ubereats.com/cleveland/food-delivery/red-robin-217-6750-rockside-rd/_wKItEYRQDq_WbVb3C4uvw,valley-view-ohio
https://www.ubereats.com/cleveland/food-delivery/kfc-5516-warrensville-center-road/k9QVNtEHSK6n1nQSarijMA,valley-view-ohio
https://www.ubereats.com/cleveland/food-delivery/greedys/RKMMgVAXTM6lrFGl3kxyQQ,valley-view-ohio
https://www.ubereats.com/cleveland/food-delivery/fuji-grill-buffet/cOS_1c4_TV6oxGUM-WwL4A,valley-view-ohio
https://www.ubereats.com/cleveland/food-delivery/demetrios-family-restaurant/Q6Do7JdIQiWTJ6jcHAZWgw,valley-view-ohio
https://www.ubereats.com/cleveland/food-delivery/yours-truly-restaurant-rockside/BPlJnZsrTbyR2dxlhRvsqQ,valley-view-ohio
https://www.ubereats.com/cleveland/food-delivery/tavern-of-independence/epVywpbkR-apRVLeJutHvw,valley-view-ohio
https://www.ubereats.com/cleveland/food-delivery/dante/ywxyLVeARKipgVRayPSFvw,valley-view-ohio
https://www.ubereats.com/cleveland/food-delivery/boston-market-1350-w-pleasant-valley-rd/LnlGVmT0Rx2XVHJESiBtvg,valley-view-ohio
https://www.ubereats.com/cleveland/food-delivery/the-sauce-boiling-seafood-express/1VWxlgbRTf2h9wdb0_PXow,valley-view-ohio
https://www.ubereats.com/cleveland/food-delivery/kfc-22855-emery-road/nQIZsbjuQ1i5kcv1GdkUrw,valley-view-ohio
https://www.ubereats.com/cleveland/food-delivery/the-sweet-fix-bakery/VwpK0a66SYGt617VB00SdA,valley-view-ohio
https://www.ubereats.com/cleveland/food-delivery/killer-wings/zcdxaoppR66UGZiW7W2-7g,valley-view-ohio
https://www.ubereats.com/cleveland/food-delivery/go-nuts-donuts/zMNpBU3-QQu3PVq1DVg4Og,valley-view-ohio
https://www.ubereats.com/cleveland/food-delivery/mr-hero-10434-northfield-rd/ype4TLzSQ5Ofp3xRGK1RUg,valley-view-ohio
https://www.ubereats.com/cleveland/food-delivery/starbucks-parma-seven-hills/-5UO1fcjSAmOTAIHmfY9Ag,valley-view-ohio
https://www.ubereats.com/cleveland/food-delivery/jersey-mikes-8210-macedonia-commons-blvd/jLAKe7IzR360a2mBH2hgrw,valley-view-ohio
https://www.ubereats.com/cleveland/food-delivery/obtainable-elegance-express/2kgADfoOSNSjEm7kKbszFw,valley-view-ohio
https://www.ubereats.com/cleveland/food-delivery/chipotle-mexican-grill-4416-royalton-rd-ste-a/E5dCf5tvSJqyN7VJWJki0A,valley-view-ohio
https://www.ubereats.com/cleveland/food-delivery/honey-hut-ice-cream-shoppe-brecksville/542d-RiRRWuP_xlCA8XGRA,valley-view-ohio
https://www.ubereats.com/cleveland/food-delivery/brooklyn-bbq/VYUBp_9WTxSJncX2EsHPGQ,valley-view-ohio
https://www.ubereats.com/cleveland/food-delivery/black-box-fix/m8kwDTCxSfCgcriwIFOwOw,valley-view-ohio
https://www.ubereats.com/cleveland/food-delivery/assads-mediterranean-cuisine/2J3w89xuRdSXao8I9yvAjw,valley-view-ohio
https://www.ubereats.com/cleveland/food-delivery/sunshine-cafe/Zb6GVBA8SryXjm8j43nsyQ,valley-view-ohio
https://www.ubereats.com/cleveland/food-delivery/papa-johns-5328-warrensville-center-rd/RdDHs18bTPGLH4aatulHvQ,valley-view-ohio
https://www.ubereats.com/cleveland/food-delivery/texas-de-brazil-woodmere/SSsviRT-SAeoJ01hmPnNOg,valley-view-ohio
https://www.ubereats.com/cleveland/food-delivery/mcdonalds-lee-%26-judson/YXqbLxbtSxGENNsvbP9mHQ,valley-view-ohio
https://www.ubereats.com/cleveland/food-delivery/subway-5408-northfield-rd/pTH3S6uWTci8H-UyQt22PA,valley-view-ohio
https://www.ubereats.com/cleveland/food-delivery/annapurna-indian-vegetarian-food/5kUtDtnUQHmWMSu-rNPDvA,valley-view-ohio
https://www.ubereats.com/cleveland/food-delivery/rallys-4154-lee-road/vB6CoJVXRRShLTfdKO4pmw,valley-view-ohio
https://www.ubereats.com/cleveland/food-delivery/arbys-683-e-aurora-rd/FLEtKHRmThOum_kkwJ8q4A,valley-view-ohio
https://www.ubereats.com/cleveland/food-delivery/teriyaki-express-warrensville-center/gjLVaiS0SRyuqlxAgF4CNA,valley-view-ohio
https://www.ubereats.com/cleveland/food-delivery/hanini-subs/rJ4BTNgLQPGkurviCLpDKQ,valley-view-ohio
https://www.ubereats.com/cleveland/food-delivery/asia-garden/YkcxthFATRKp6zpwam956Q,valley-view-ohio
https://www.ubereats.com/cleveland/food-delivery/e71st-donuts/Jx4s60OwRIC1Xxu-AP-M6w,valley-view-ohio
https://www.ubereats.com/cleveland/food-delivery/happys-pizza-detroit-ave/IrTF2r4ESf2bxWTamMzOgA,valley-view-ohio
https://www.ubereats.com/cleveland/food-delivery/mcdonalds-turney-%26-elmwood/RAbb5wStRAGuO0EvE_m4Ng,valley-view-ohio
https://www.ubereats.com/cleveland/food-delivery/starbucks-parma-ridge-road/u95RAxX-TJy-zPemkION-Q,valley-view-ohio
https://www.ubereats.com/cleveland/food-delivery/panera-204640/58wndZTKQ8SAYxB9wsmatg,valley-view-ohio
https://www.ubereats.com/cleveland/food-delivery/wendys-6899-rockside-road/32VSrUaJQia1JaCc8pedKA,valley-view-ohio
https://www.ubereats.com/cleveland/food-delivery/chipotle-mexican-grill-10325-cascade-xing/Ddoh-FhIQ9KUoBdzB5OKmQ,valley-view-ohio
https://www.ubereats.com/cleveland/food-delivery/famous-gyro-george-lee-road/5oC-SgykQQiTTOL1Z__p-g,valley-view-ohio
https://www.ubereats.com/cleveland/food-delivery/jersey-mikes-subs-28450-chagrin-blvd/q7RUv1_KScKc9VFZO2QF6Q,valley-view-ohio
https://www.ubereats.com/cleveland/food-delivery/east-china/nWOFuJYSSzKi0d36hw3gNg,valley-view-ohio
https://www.ubereats.com/cleveland/food-delivery/subway-5224-broadview-rd/nU2IdahfSsOkDcoNIy8rjA,valley-view-ohio
https://www.ubereats.com/cleveland/food-delivery/sammys-of-parma/hE4VWG42S9Ox1TdTPqWnYA,valley-view-ohio
https://www.ubereats.com/cleveland/food-delivery/mr-hero-valley-view/OkcrMxlWSAKYQbsa2EHENQ,valley-view-ohio
https://www.ubereats.com/cleveland/food-delivery/phat-philly-cheesesteaks/xxEUzf9aRay8fFB2RBc-Rw,valley-view-ohio
https://www.ubereats.com/cleveland/food-delivery/kfc-5525-royalton-road/hnnPehSoRzK8zpNdS2iT2w,valley-view-ohio
https://www.ubereats.com/cleveland/food-delivery/dunkin-2080-snow-rd/NAO_r8piR56G2AVU8RgAQA,valley-view-ohio
https://www.ubereats.com/cleveland/food-delivery/j-pistone-market-%26-gathering-place/U-3tthqfTZqLurpL5XYLDg,valley-view-ohio
https://www.ubereats.com/cleveland/food-delivery/benihana-chargin-%26-green/Ij1iu9WtQ5alWU4SJT7Ajg,valley-view-ohio
https://www.ubereats.com/cleveland/food-delivery/31707-urban-street-food/aaMEP64lQ8mEB4cMB05EzQ,valley-view-ohio
https://www.ubereats.com/cleveland/food-delivery/off-the-grill-%26-seafood/qUxzurGSSqKNWIBJfRKqBA,valley-view-ohio
https://www.ubereats.com/cleveland/food-delivery/quaker-steak-%26-lube-5935-canal-road/CPAOCGPETy2Z7O98poxCNg,valley-view-ohio
https://www.ubereats.com/cleveland/food-delivery/6flavors-indian-cuisine/pJcTK5MsQQuTWwTJCwcaxw,valley-view-ohio
https://www.ubereats.com/cleveland/food-delivery/buffalo-wild-wings-26200-harvard-rd/NJsvFt4nRNGm6nsIgX6kzw,valley-view-ohio
https://www.ubereats.com/cleveland/food-delivery/starbucks-brecksville/oRK-fzAkQ_SQ4yK326i3-w,valley-view-ohio
https://www.ubereats.com/cleveland/food-delivery/guys-pizza-co-bedford/IB-o6WrdQqm5vH5by0OgcQ,valley-view-ohio
https://www.ubereats.com/cleveland/food-delivery/burntwood-tavern-brecksville/LgWeCNJLSQKIAzrE2uPZ3w,valley-view-ohio
https://www.ubereats.com/cleveland/food-delivery/rich-caribbean-cuisine/YDMFUDqGSxeM2sJaj0H6Bg,valley-view-ohio
https://www.ubereats.com/cleveland/food-delivery/sides-to-go-bbq!-macedonia/m2KoRRrXTgS5wkqYgvkYcA,valley-view-ohio
https://www.ubereats.com/cleveland/food-delivery/taco-bell-5780-broadview-rd/RTf3CH6wSkyG9z6Q-MenYg,valley-view-ohio
https://www.ubereats.com/cleveland/food-delivery/mcdonalds-broadway-%26-libby/QteiIMU3TLyFxSjCmiSDjQ,valley-view-ohio
https://www.ubereats.com/cleveland/food-delivery/bob-evans-509-3700-orange-place/nPD0lXaATjqlm-Ww82vx5Q,valley-view-ohio
https://www.ubereats.com/cleveland/food-delivery/sam-sylk-chicken-and-fish-shaker-heights/Y61EJR2oSzyplRxif734IA,valley-view-ohio
https://www.ubereats.com/cleveland/food-delivery/taco-bell-5591-warrensville-ctr-rd/QTUX7nd7SsSQo145OxoDgQ,valley-view-ohio
https://www.ubereats.com/cleveland/food-delivery/little-caesars-16882-harvard-ave/fsFscPYZT_yH1f0X_bxEWA,valley-view-ohio
https://www.ubereats.com/cleveland/food-delivery/senorita-bonitas-mexican-grill-%26-cantina/1ZlrUHd9SyGbbe3DUyo4pA,valley-view-ohio
https://www.ubereats.com/cleveland/food-delivery/si-senor-mexican-restaurant/ZI_FsBDQSwmUQAec9svONA,valley-view-ohio
https://www.ubereats.com/cleveland/food-delivery/nekter-juice-bar-8215-chippewa-rd/FD_Psf2cTm-K7aIgMfehsw,valley-view-ohio
https://www.ubereats.com/cleveland/food-delivery/southern-cafe-east/P1o4noUrR5ug-vpSggD5nQ,valley-view-ohio
https://www.ubereats.com/cleveland/food-delivery/kfc-307-highland-road-east/Yeq1FPotRvWpKPyDaPrVXA,valley-view-ohio
https://www.ubereats.com/cleveland/food-delivery/wingkee/fPjoz7XSQKKFBBalicHJdw,valley-view-ohio
https://www.ubereats.com/cleveland/food-delivery/aura-bistro/WHLb8xWmTg6jR8JeonD0cw,valley-view-ohio
https://www.ubereats.com/cleveland/food-delivery/chipotle-mexican-grill-9761-vista-way/YHtyJFjxTcaQ7_wLSyQ8og,valley-view-ohio
https://www.ubereats.com/cleveland/food-delivery/mcdonalds-rockside-%26-turney/twQDFKBnR_aCU_IvPzOtRw,valley-view-ohio
https://www.ubereats.com/cleveland/food-delivery/the-carter-pub-%26-grill/odYZVy-lRPu2Xy-Wh-pPng,valley-view-ohio
https://www.ubereats.com/cleveland/food-delivery/kfc-5380-pearl-road/NhDu-sHMSsePAIhn8ZYGQw,valley-view-ohio
https://www.ubereats.com/cleveland/food-delivery/hooley-house-sports-pub-%26-grille/7WX1uYobRlaJrgQB0OkzUA,valley-view-ohio
https://www.ubereats.com/cleveland/food-delivery/clean-eating/uvxe6uJzQRaVyfGiXtfNfQ,valley-view-ohio
https://www.ubereats.com/cleveland/food-delivery/martis-lounge/iZB1Z9M8QrO7kTTO1SVelQ,valley-view-ohio
https://www.ubereats.com/cleveland/food-delivery/automile-inn-bar-and-grill/Vct1f6P5R3yWk39-Qm9VFw,valley-view-ohio
https://www.ubereats.com/cleveland/food-delivery/juice-up-cold-press/cz3pgpVLRwWtgY58mcCsgg,valley-view-ohio
https://www.ubereats.com/cleveland/food-delivery/duck-donuts-200-park-ave-suite-140/Ui9X2brVSVC-vFJEecVA2w,valley-view-ohio
https://www.ubereats.com/cleveland/food-delivery/jersey-mikes-subs-parma-7468-broadview-road/xCPn8rPNSayPTlX8kq-dCQ,valley-view-ohio
https://www.ubereats.com/cleveland/food-delivery/chipotle-mexican-grill-2640-creekside-dr/AQGbhXtrRqOlyS1dehj0zA,valley-view-ohio
https://www.ubereats.com/cleveland/food-delivery/a-taste-of-tashia/q0huVe3TRcyyqzbOE9boLQ,valley-view-ohio
