url,city
https://www.ubereats.com/new-jersey/food-delivery/poke-bowl-tropical-cafe/8fadrlNSTEyE9fzddlXALA,ventnor-city-new-jersey
https://www.ubereats.com/new-jersey/food-delivery/dennys-335-tilton-rd/kBi9tsKFTeiuhBlInufDJQ,ventnor-city-new-jersey
https://www.ubereats.com/new-jersey/food-delivery/mambo-cafe/-dyAAjZoQP6h05pOW80hHA,ventnor-city-new-jersey
https://www.ubereats.com/new-jersey/food-delivery/white-house-sub-shop/vcuDKX_PQjGhNB3SyaH1JQ,ventnor-city-new-jersey
https://www.ubereats.com/new-jersey/food-delivery/marias-luncheonette/bm1hDl_jRDyMdEnhVd8IqA,ventnor-city-new-jersey
https://www.ubereats.com/new-jersey/food-delivery/jws/G6LCmRjcTLGBRcNQ-opP3g,ventnor-city-new-jersey
https://www.ubereats.com/new-jersey/food-delivery/naomis-cafe/XNAGmZZcSK-fXLEIKqahaA,ventnor-city-new-jersey
https://www.ubereats.com/new-jersey/food-delivery/tha-afty/6vScP7ZETfaHVFAxQNll3A,ventnor-city-new-jersey
https://www.ubereats.com/new-jersey/food-delivery/applebees-51-bethel-road-%2375052/0hRjpSV5RvWTxf2c6NBv8A,ventnor-city-new-jersey
https://www.ubereats.com/new-jersey/food-delivery/wawa-8324-16-macarthur-blvd/z_sSfITfTFKY6BOFYmL6Xw,ventnor-city-new-jersey
https://www.ubereats.com/new-jersey/food-delivery/popeyes-555-w-black-horse-pike/FAz0zY9vQomvOmJ07W3Q-w,ventnor-city-new-jersey
https://www.ubereats.com/new-jersey/food-delivery/the-knife-and-fork/-01nZodETHOZ533mdzeilQ,ventnor-city-new-jersey
https://www.ubereats.com/new-jersey/food-delivery/isabellas-ventnor-cafe/iy8goQr7QFiH0scVNq_8Qw,ventnor-city-new-jersey
https://www.ubereats.com/new-jersey/food-delivery/pizza-and-sandwiches-by-rhythm-%26-spirits/9O1rXNJcRTiZvs21aAI9-w,ventnor-city-new-jersey
https://www.ubereats.com/new-jersey/food-delivery/applebees-129-n-michigan-ave-%2398029/xTald0gSS4eBuOfxpj47qg,ventnor-city-new-jersey
https://www.ubereats.com/new-jersey/food-delivery/burger-king-320-white-horse-pike/djJOybjgS7S-DiGU8Ioa1A,ventnor-city-new-jersey
https://www.ubereats.com/new-jersey/food-delivery/burger-king-601-black-horse-pike/pTJB83WKSGavoJrCm_W2pA,ventnor-city-new-jersey
https://www.ubereats.com/new-jersey/food-delivery/chico-%26-sons/OmHpXbdFTbKsfKL_Ch4jrw,ventnor-city-new-jersey
https://www.ubereats.com/new-jersey/food-delivery/manhattan-bagel-1205-tilton-rd/ZqP70w9rRvutFZSUiBk1RA,ventnor-city-new-jersey
https://www.ubereats.com/new-jersey/food-delivery/enlightened-cafe/J3fLuH8GQnuf8joXUE_edA,ventnor-city-new-jersey
https://www.ubereats.com/new-jersey/food-delivery/angelos-fairmount-tavern/qD_fZQfFQeSxyNnvfodQ4Q,ventnor-city-new-jersey
https://www.ubereats.com/new-jersey/food-delivery/johnnys-cafe/AlMR-AMST6yaSHab0GbD4w,ventnor-city-new-jersey
https://www.ubereats.com/new-jersey/food-delivery/bubbakoos-burritos/qqvVihizR_GSQ0GX1YcQtw,ventnor-city-new-jersey
https://www.ubereats.com/new-jersey/food-delivery/gilchrist-at-tropicana/NOS1Rqr-TK6s_D4CN_21tg,ventnor-city-new-jersey
https://www.ubereats.com/new-jersey/food-delivery/torres-primo-pizza/rPIjrci4RkOhyk9OLfdSyQ,ventnor-city-new-jersey
https://www.ubereats.com/new-jersey/food-delivery/dennys-242-e-white-horse-pike/v8ZnF6akRvS1helF9o3UVA,ventnor-city-new-jersey
https://www.ubereats.com/new-jersey/food-delivery/sweet-es-cakes/ESI_lm7NS7up87h-Qr77cw,ventnor-city-new-jersey
https://www.ubereats.com/new-jersey/food-delivery/pizza-hut-335-e-white-horse-pike/WB0vNtC6RuGlz019Nyd66g,ventnor-city-new-jersey
https://www.ubereats.com/new-jersey/food-delivery/ac-king-mix-grill-1301-adriatic-ave/rPddIU-0RXqYj7TOJKnTUQ,ventnor-city-new-jersey
https://www.ubereats.com/new-jersey/food-delivery/downbeach-deli/RIdlBTzbTUC-NH4-zSZDjg,ventnor-city-new-jersey
https://www.ubereats.com/new-jersey/food-delivery/joe-food-market/jtVDhmQiRK-iI22sP-8Jmw,ventnor-city-new-jersey
https://www.ubereats.com/new-jersey/food-delivery/italian-street/9XSe0C6tQHO047pMRPgMtA,ventnor-city-new-jersey
https://www.ubereats.com/new-jersey/food-delivery/primohoagies-313-e-jimmie-leeds-rd/tq1eUfcmRQesXutU_uX2zQ,ventnor-city-new-jersey
https://www.ubereats.com/new-jersey/food-delivery/hot-bagels-%26-more/NdW-OFFrQfGOdCghWRn0xA,ventnor-city-new-jersey
https://www.ubereats.com/new-jersey/food-delivery/charleys-philly-steaks-6801-east-black-horse-pike/xPE_DdBbShOqr6VkoxijyQ,ventnor-city-new-jersey
https://www.ubereats.com/new-jersey/food-delivery/choice-bar-and-grill/ILgkd_-GSsi8weHAPQiW_Q,ventnor-city-new-jersey
https://www.ubereats.com/new-jersey/food-delivery/saladworks-galloway-twp/aweCpMwcSq6X7hwH7UXBIA,ventnor-city-new-jersey
https://www.ubereats.com/new-jersey/food-delivery/ruths-chris-steak-house-atlantic-city/RmfPGCFuT8ql7JWG3ENopQ,ventnor-city-new-jersey
https://www.ubereats.com/new-jersey/food-delivery/vegan-15/p5IMnguATw2SqmHUnBdX4A,ventnor-city-new-jersey
https://www.ubereats.com/new-jersey/food-delivery/stir-it-up/qp4TWJBqTtKq8hMfOinMhg,ventnor-city-new-jersey
https://www.ubereats.com/new-jersey/food-delivery/drip-n-scoop-new-road/ONo12lQqSU2adioXeozccA,ventnor-city-new-jersey
https://www.ubereats.com/new-jersey/food-delivery/hot-bagels-%26-more/VOOylwSqTWSiSchA0IuTNg,ventnor-city-new-jersey
https://www.ubereats.com/new-jersey/food-delivery/yardy-real-jamaican-food/EOq11jsqSGyD9nLT7dSHHQ,ventnor-city-new-jersey
https://www.ubereats.com/new-jersey/food-delivery/brittanys-cafe/SctPfrjtQQSrWHqlH2EgqQ,ventnor-city-new-jersey
https://www.ubereats.com/new-jersey/food-delivery/la-cucina-ristorante/XDQQa8YZTZqOXtRn2xZJxQ,ventnor-city-new-jersey
https://www.ubereats.com/new-jersey/food-delivery/pizza-hut-6825-tilton-rd/LbvprHPHR_a3j54YF8O35Q,ventnor-city-new-jersey
https://www.ubereats.com/new-jersey/food-delivery/boba-cafe/ez3vo8WIT9qlrolVQ4Dpsg,ventnor-city-new-jersey
https://www.ubereats.com/new-jersey/food-delivery/taco-bell-712-black-horse-pike/VyUv5uEkSH6AbZuJdIwfAQ,ventnor-city-new-jersey
https://www.ubereats.com/new-jersey/food-delivery/miyako-japanese/0iM06PCaQw6uW3Ld0055JA,ventnor-city-new-jersey
https://www.ubereats.com/new-jersey/food-delivery/eastwind/Ole2MoLcQX-xJMoPFvudLQ,ventnor-city-new-jersey
https://www.ubereats.com/new-jersey/food-delivery/com-ga-ninh-kieu/GBaBFyaMSUaJ4JXKIm9oKA,ventnor-city-new-jersey
https://www.ubereats.com/new-jersey/food-delivery/mr-taco/m1EkG0EORKKWZdqWv_Xa0g,ventnor-city-new-jersey
https://www.ubereats.com/new-jersey/food-delivery/casels-marketplace/p8ZXzz3LRReseXIpCLP9jQ,ventnor-city-new-jersey
https://www.ubereats.com/new-jersey/food-delivery/chikeeza-food-market/3i7oofYfQ5mROZqcM-2UBw,ventnor-city-new-jersey
https://www.ubereats.com/new-jersey/food-delivery/tennessee-avenue-beer-hall/M20zFPNjRsq8rKRgV09Yqw,ventnor-city-new-jersey
https://www.ubereats.com/new-jersey/food-delivery/pulia-ristorante/fQ1mcXCHRiqP8t_Wuo4ZOg,ventnor-city-new-jersey
https://www.ubereats.com/new-jersey/food-delivery/ac-funnel-cake-house/fAdo5-sySHanRTU6nPP05w,ventnor-city-new-jersey
https://www.ubereats.com/new-jersey/food-delivery/panchos-mexican-taqueria/h_6C8o4dSf-do8O5lmiKpw,ventnor-city-new-jersey
https://www.ubereats.com/new-jersey/food-delivery/rock-n-roll-cafe/quyvcz1ORja4pLIoBZoTCg,ventnor-city-new-jersey
https://www.ubereats.com/new-jersey/food-delivery/wendys-798-tilton-rd/Hvq3bzMXSXC-fdBdneiS8A,ventnor-city-new-jersey
https://www.ubereats.com/new-jersey/food-delivery/rubys-diner/oeJ4f05-TFCaGe6bWC_27g,ventnor-city-new-jersey
https://www.ubereats.com/new-jersey/food-delivery/steves-grilled-cheese-and-quesadilla-company-ocean-city/BOHDbVljTe-IyXjl8uVhDQ,ventnor-city-new-jersey
https://www.ubereats.com/new-jersey/food-delivery/zaffran-indian-cuisine/3T1lXwLRQXCMXr_xCPPU7A,ventnor-city-new-jersey
https://www.ubereats.com/new-jersey/food-delivery/gourmet-restaurant-%26-sweets/GugXpETETUmnOdY0qRZBkg,ventnor-city-new-jersey
https://www.ubereats.com/new-jersey/food-delivery/five-guys-nj-0237-720-white-horse-pike/LhAxa9V-QBOL4u_kFLZTHA,ventnor-city-new-jersey
https://www.ubereats.com/new-jersey/food-delivery/mr-wonton/NHtyhnh1S-aB2QyZCQwEaw,ventnor-city-new-jersey
https://www.ubereats.com/new-jersey/food-delivery/johnny-rockets-1901-pacific-ave/hBCEjnFcTbuQPo5_q_DXrg,ventnor-city-new-jersey
https://www.ubereats.com/new-jersey/food-delivery/primohoagies-3143-fire-road/0yzya5lRRVeZ-eNUnwjhiQ,ventnor-city-new-jersey
https://www.ubereats.com/new-jersey/food-delivery/north-beach-cafe-and-creamery/eM4bbZO2TQa6da64dPvfLg,ventnor-city-new-jersey
https://www.ubereats.com/new-jersey/food-delivery/ole-food-market/-GoHYmdfShieHbg71XbHgg,ventnor-city-new-jersey
https://www.ubereats.com/new-jersey/food-delivery/kelsey-%26-kims-southern-cafe/764y-bhCTX-jRoUaVDsmww,ventnor-city-new-jersey
https://www.ubereats.com/new-jersey/food-delivery/bubbies-bistro/oFzWxXKhRNazIu2R3mb06w,ventnor-city-new-jersey
https://www.ubereats.com/new-jersey/food-delivery/dickeys-bbq-pit-6801-e-black-horse-pike/Akd_4PoHTluDHb36QynEZg,ventnor-city-new-jersey
https://www.ubereats.com/new-jersey/food-delivery/jenis-pizza/_PC9AmiNTNGKYtbnbQFgmA,ventnor-city-new-jersey
https://www.ubereats.com/new-jersey/food-delivery/wawa-0753-5212-ventnor-avenue/RClQ734aR8CzXz6QG20dJw,ventnor-city-new-jersey
https://www.ubereats.com/new-jersey/food-delivery/valentinas-trattoria-italiana/lopJC4kVSliLQyBFeTsleA,ventnor-city-new-jersey
https://www.ubereats.com/new-jersey/food-delivery/katrinas-gyro-restaurant/3cuVjmkVQIGLf7KPwDQqtA,ventnor-city-new-jersey
https://www.ubereats.com/new-jersey/food-delivery/9101-bonefish-grill-3121-f-fire-rd/OPdGTcf1QjiObZ1zd2ivxQ,ventnor-city-new-jersey
https://www.ubereats.com/new-jersey/food-delivery/lunch-street/yWDD2-YVTnemnoTtTJ9HFg,ventnor-city-new-jersey
https://www.ubereats.com/new-jersey/food-delivery/sadias-tea-and-coffee/PKZnctBPRuiOks8IAhoqpw,ventnor-city-new-jersey
https://www.ubereats.com/new-jersey/food-delivery/halal-kitch/9Y-OaW6ZQvmvcFm3sxMcvA,ventnor-city-new-jersey
https://www.ubereats.com/new-jersey/food-delivery/mcdonalds-600-n-albany-ave/JSVDLrNPTQyhySeEQkQCVw,ventnor-city-new-jersey
https://www.ubereats.com/new-jersey/food-delivery/dairy-queen-treat-501-shore-rd/Iw_SqxkwSpOHUoS43DX4Xw,ventnor-city-new-jersey
https://www.ubereats.com/new-jersey/food-delivery/fuji-sushi-%26-steakhouse/8hu0R5LUT0aa_M64pkkvPw,ventnor-city-new-jersey
https://www.ubereats.com/new-jersey/food-delivery/setaara/UmP3EAoGTg-7737MB-HuHg,ventnor-city-new-jersey
https://www.ubereats.com/new-jersey/food-delivery/tony-boloneys/pYLe6VmlRbOWZMyZZW1KeA,ventnor-city-new-jersey
https://www.ubereats.com/new-jersey/food-delivery/original-soupman/cS9zBjndQEC1yLT1UG-QRQ,ventnor-city-new-jersey
https://www.ubereats.com/new-jersey/food-delivery/tonys-baltimore-grill-atlantic-city/87lLpVMURu-SOdQMFF5Tgg,ventnor-city-new-jersey
https://www.ubereats.com/new-jersey/food-delivery/ryfe-bar-restaurant-events/_3nACxeeSjS0dThTWw1n0w,ventnor-city-new-jersey
https://www.ubereats.com/new-jersey/food-delivery/chickies-%26-petes-eht/xCEHmRl_SkSZ_JUyaSLVDA,ventnor-city-new-jersey
https://www.ubereats.com/new-jersey/food-delivery/popeyes-1740-atlantic-ave/vlb4fcbvRoCBGJCF_pZELQ,ventnor-city-new-jersey
https://www.ubereats.com/new-jersey/food-delivery/el-charro-mexican-restaurant-%26-bar/l3zWXEROS3usX9ry4Zvylw,ventnor-city-new-jersey
https://www.ubereats.com/new-jersey/food-delivery/empire-kitchen/QYiHjAQeSvKqozW5z4Af4w,ventnor-city-new-jersey
https://www.ubereats.com/new-jersey/food-delivery/tha-afty/LimG1ygpQUOXV79XYYqC7Q,ventnor-city-new-jersey
https://www.ubereats.com/new-jersey/food-delivery/shore-diner/QfZ1Lh5SRZ-0iqvhVQlslQ,ventnor-city-new-jersey
https://www.ubereats.com/new-jersey/food-delivery/gilchrist-downbeach-restaurant/wGfniwLtSjihd2EYe_T7bw,ventnor-city-new-jersey
https://www.ubereats.com/new-jersey/food-delivery/the-nizams/HBiX3P4YSQu2UZ5ROhU8Og,ventnor-city-new-jersey
https://www.ubereats.com/new-jersey/food-delivery/slingin-wings-llc/6s2K4qGKRKuEyrZRXn1XQw,ventnor-city-new-jersey
https://www.ubereats.com/new-jersey/food-delivery/mcdonalds-31-arkansas-ave/g04c85foSea8qEKR1hbM4g,ventnor-city-new-jersey
https://www.ubereats.com/new-jersey/food-delivery/outback-steakhouse-4231-black-horse-pike/W1ADwBZeQQSRUKmKM3SgOw,ventnor-city-new-jersey
https://www.ubereats.com/new-jersey/food-delivery/gails-salad-co/R2sohOkPTe2TLm3GcviIOA,ventnor-city-new-jersey
https://www.ubereats.com/new-jersey/food-delivery/gregorys-bar-and-restaurant/MFGiPkPtSUiDcndMBDuOmg,ventnor-city-new-jersey
https://www.ubereats.com/new-jersey/food-delivery/the-grilled-cheese-%26-crab-cake-company/OZV4KUbjT_iBkU4TP94PGw,ventnor-city-new-jersey
https://www.ubereats.com/new-jersey/food-delivery/mike-bs-cafe/m0182ZEwSvOiq7kP1wU89w,ventnor-city-new-jersey
https://www.ubereats.com/new-jersey/food-delivery/essls-dugout/BsvHzSqYTD-O7eoquqSnzw,ventnor-city-new-jersey
https://www.ubereats.com/new-jersey/food-delivery/tutto-fresco-at-5000-boardwalk/_Fgsx_YPRGi0ceKH8UMsxw,ventnor-city-new-jersey
https://www.ubereats.com/new-jersey/food-delivery/haagen-dazs-atlantic-city/bGnoBwrGSdqlKmtoe9iC9A,ventnor-city-new-jersey
https://www.ubereats.com/new-jersey/food-delivery/kfc-600-black-horse-pike/o6anXtWwQPewnAZn_S0rNA,ventnor-city-new-jersey
https://www.ubereats.com/new-jersey/food-delivery/starbucks-tanger-outlets-atlantic-city/JWx6703uSZSJWIvz8R49eQ,ventnor-city-new-jersey
https://www.ubereats.com/new-jersey/food-delivery/miami-breeze/NUn4LiuoQCC42y_701oNgg,ventnor-city-new-jersey
https://www.ubereats.com/new-jersey/food-delivery/kelseys/fF8mJHDUQzm4B_0e36947g,ventnor-city-new-jersey
https://www.ubereats.com/new-jersey/food-delivery/famous-famiglia-pizzeria/L2Q__IchQFikREPXpigpWA,ventnor-city-new-jersey
https://www.ubereats.com/new-jersey/food-delivery/mukashi-sushi-bar/MUeIfedGQOS2k24UtO7Ldw,ventnor-city-new-jersey
https://www.ubereats.com/new-jersey/food-delivery/shuckers-bar-%26-grille/u_79n5AyS26Tr_UG_BIT8g,ventnor-city-new-jersey
https://www.ubereats.com/new-jersey/food-delivery/cuba-libre-restaurant-%26-rum-bar/x2hMVqEsSOKDmB32RHyVTw,ventnor-city-new-jersey
https://www.ubereats.com/new-jersey/food-delivery/rosies-island-kuisine/EoNuAYwJQsaCxSRHXgxi2w,ventnor-city-new-jersey
https://www.ubereats.com/new-jersey/food-delivery/chart-house-644-huron-ave/hgzB6daIQ12XjUbtETKiGw,ventnor-city-new-jersey
https://www.ubereats.com/new-jersey/food-delivery/arlenes-on-asbury/N8Sok1Y1RA2hBxbLCGCWbQ,ventnor-city-new-jersey
https://www.ubereats.com/new-jersey/food-delivery/zeytinia/YWCa5ozrQsCfcZSA4_ugpQ,ventnor-city-new-jersey
