url,city
https://www.ubereats.com/chicago/food-delivery/osaka-sushi-mundelein/Kyh8NeuKTdqD-KkmyqTV9Q,vernon-hills-illinois
https://www.ubereats.com/chicago/food-delivery/leos-chicago-grill-gurnee/a7XsNhQWQpeSK4qg3qT6Pg,vernon-hills-illinois
https://www.ubereats.com/chicago/food-delivery/mumbai-tandoor/_EmoI6h5SjusdJWDuRdU9w,vernon-hills-illinois
https://www.ubereats.com/chicago/food-delivery/starbucks-vernon-hills-rte-45-%26-21/0wsVEK9JS4mr_y_-dK9Wyg,vernon-hills-illinois
https://www.ubereats.com/chicago/food-delivery/asian-central-kitchen/O932T3LXRK2qToufm53oLQ,vernon-hills-illinois
https://www.ubereats.com/chicago/food-delivery/noodles-%26-company-20530-n-rand-rd-unit-201/auCaBlG5S4mEYUmBGA8H1g,vernon-hills-illinois
https://www.ubereats.com/chicago/food-delivery/kuro-bistro/vJa7BSGHTcu5HRwmsvVVGQ,vernon-hills-illinois
https://www.ubereats.com/chicago/food-delivery/bake-homemade-pizza-e-deerpath/xDdI48GuQ9i6yLGBH-qn0A,vernon-hills-illinois
https://www.ubereats.com/chicago/food-delivery/potbelly-sandwich-shop-wheeling-%7C-143/x37vw5M3Tpyg6ryFUzJauw,vernon-hills-illinois
https://www.ubereats.com/chicago/food-delivery/dunkin-245-mchenry-rd/sV8iZ5nWQwGHwSpq5IUutQ,vernon-hills-illinois
https://www.ubereats.com/chicago/food-delivery/dunkin-donuts-n-arlington-heights/6EPJ_3XTQ0es_jTPGkZYFw,vernon-hills-illinois
https://www.ubereats.com/chicago/food-delivery/zocalo-bar-%26-grill-co/e4BCoYRIQtaDwBgvE4587A,vernon-hills-illinois
https://www.ubereats.com/chicago/food-delivery/little-caesars-680-south-lake-street/NhudTtQ8SeGtB_kqiJY6vw,vernon-hills-illinois
https://www.ubereats.com/chicago/food-delivery/wajo-sushi/fqpEJpE3SIqwnTYDPzyj2Q,vernon-hills-illinois
https://www.ubereats.com/chicago/food-delivery/bo-bos-gyros-and-hot-dogs/A-w_tMW0Qdm4DrrRsVyreA,vernon-hills-illinois
https://www.ubereats.com/chicago/food-delivery/dairy-queen-treat-712-s-lake-st/qIwoQ_7JSmiijaWhpPs-4w,vernon-hills-illinois
https://www.ubereats.com/chicago/food-delivery/chefyancan/VFKihL-jTIqLz5XokF2ClA,vernon-hills-illinois
https://www.ubereats.com/chicago/food-delivery/burger-king-721-south-midlothian-road/EAbkiEeeT1SYIsN_D0coYg,vernon-hills-illinois
https://www.ubereats.com/chicago/food-delivery/mcdonalds-dundee-%26-old-arlington-heights/n6KdLLX3TFG2uAyblM77RA,vernon-hills-illinois
https://www.ubereats.com/chicago/food-delivery/qdoba-dundee-%26-kennicott/m6WcD6zDRZuMEHCaI7XqgA,vernon-hills-illinois
https://www.ubereats.com/chicago/food-delivery/buca-di-beppo-wheeling/F5My0eydTSKel0h6pM5NBg,vernon-hills-illinois
https://www.ubereats.com/chicago/food-delivery/jimmys-charhouse/86MHOsS3QXO13kYh5GxcVQ,vernon-hills-illinois
https://www.ubereats.com/chicago/food-delivery/nachos-pizza/kgfUaG6VSx6ctfd-rlRi5A,vernon-hills-illinois
https://www.ubereats.com/chicago/food-delivery/taco-bell-6360-grand-ave/1qU_TthZRA6nwnfj31F38Q,vernon-hills-illinois
https://www.ubereats.com/chicago/food-delivery/mcalisters-6557-grand-ave/2r3TOkLtTdO5CTcOjMQUAA,vernon-hills-illinois
https://www.ubereats.com/chicago/food-delivery/dairy-queen-treat-13783-w-oasis-service-rd/pRdLynz1S6qCTe_yH0ikcg,vernon-hills-illinois
https://www.ubereats.com/chicago/food-delivery/city-works-wheeling/USzxZpqlSmO96JPkkWIHmw,vernon-hills-illinois
https://www.ubereats.com/chicago/food-delivery/wiener-take-all/h2AAdpTCS5q7dGEaIP0LGw,vernon-hills-illinois
https://www.ubereats.com/chicago/food-delivery/dunkin-700-n-milwaukee-ave/92usHSIbQpmPWCOleYls9w,vernon-hills-illinois
https://www.ubereats.com/chicago/food-delivery/ram-restaurant-%26-brewery-wheeling/aSEC9P2WSROZnP5airqM5w,vernon-hills-illinois
https://www.ubereats.com/chicago/food-delivery/chipotle-mexican-grill-375-n-milwaukee-ave-ste-100/ZHRoy83vT5Sr4_lGmeY2RA,vernon-hills-illinois
https://www.ubereats.com/chicago/food-delivery/starbucks-aptakisic-%26-buffalo-grove-rd/G2rVtIFAQ_ilh-4PzIpz5Q,vernon-hills-illinois
https://www.ubereats.com/chicago/food-delivery/chipotle-mexican-grill-1572-e-lake-cook-rd/4udA19C-RWKhJjLSpYCOsQ,vernon-hills-illinois
https://www.ubereats.com/chicago/food-delivery/burger-king-1520-south-lake-street/hiKtHXqaQ3OQDxX5yg8m_A,vernon-hills-illinois
https://www.ubereats.com/chicago/food-delivery/jamesons-charhouse/tJDBdnfRTladnJePisu8Ow,vernon-hills-illinois
https://www.ubereats.com/chicago/food-delivery/papa-johns-1276-north-illinois-route-83/l4isnWuGS32Tf6PGSIU4Rw,vernon-hills-illinois
https://www.ubereats.com/chicago/food-delivery/portillos-hot-dogs-221-townline-rd/B4HQqi1YQ823YKNxt-riLg,vernon-hills-illinois
https://www.ubereats.com/chicago/food-delivery/mod-pizza-deerbrook-mall/Aeqr3YceRoeiHlXrFV-0Xw,vernon-hills-illinois
https://www.ubereats.com/chicago/food-delivery/emilys-pancake-house-waukegan/-z_Wes_sR3GMNPfu3wwuGw,vernon-hills-illinois
https://www.ubereats.com/chicago/food-delivery/himalayan-sherpa-kitchen/TDQrJ45eTO-kaz7n5IkdyQ,vernon-hills-illinois
https://www.ubereats.com/chicago/food-delivery/taco-bell-50-w-dundee-road/rsdBmVAzRAGSxfJaM5dw6Q,vernon-hills-illinois
https://www.ubereats.com/chicago/food-delivery/panda-express-1640-milwaukee-ave/n-dZfPxnTFOudZ7fCRAkLQ,vernon-hills-illinois
https://www.ubereats.com/chicago/food-delivery/dunkin-722-s-rt-83/WMoGFN2TRNmuQs_C2mIhlw,vernon-hills-illinois
https://www.ubereats.com/chicago/food-delivery/cafe-zupas-20393-n-rand-rd/ArpkBYkaRH6SxxhVk8a8IA,vernon-hills-illinois
https://www.ubereats.com/chicago/food-delivery/red-lobster-6230-grand-ave/lEi_SZ20SbqVi415B5aL6w,vernon-hills-illinois
https://www.ubereats.com/chicago/food-delivery/starbucks-dundee-%26-arlington-heights/bp6RRFEyRSC8Ihq6JVroqQ,vernon-hills-illinois
https://www.ubereats.com/chicago/food-delivery/luigis-ristorante-italiano/6wNIeyhTSuyL79BIKTf2Fw,vernon-hills-illinois
https://www.ubereats.com/chicago/food-delivery/five-guys-il-0523-701-n-milwaukee-ave/zuFUeFzkT4a9848jQZy1uA,vernon-hills-illinois
https://www.ubereats.com/chicago/food-delivery/dennys-890-milwaukee-avenue/iL6p9oaYQRuRO_jB2NVyiA,vernon-hills-illinois
https://www.ubereats.com/chicago/food-delivery/la-casa-de-isaac-%26-moishe/FC63HKUdTrmYuwPs3ZEzOw,vernon-hills-illinois
https://www.ubereats.com/chicago/food-delivery/sarpinos-pizzeria-34484-us-45/skv2DhwaR9yv65yV_xW4aA,vernon-hills-illinois
https://www.ubereats.com/chicago/food-delivery/the-port-of-peri-peri-buffalo-grove/OSv1y-SzTgucse35UiehLg,vernon-hills-illinois
https://www.ubereats.com/chicago/food-delivery/francescas-intimo/2Mz8Ed5VSY-ad7QGQEVQfQ,vernon-hills-illinois
https://www.ubereats.com/chicago/food-delivery/guss-greek-kitchen/pjcxLo76TGagS8lNi_Cizg,vernon-hills-illinois
https://www.ubereats.com/chicago/food-delivery/las-monarcas-mexican-restaurant/0oBkfCefQBmysgzXJLXDBQ,vernon-hills-illinois
https://www.ubereats.com/chicago/food-delivery/roti-modern-mediterranean-875-n-milwaukee-ave/cZZ4CiBnQaW45bGGOlpUXg,vernon-hills-illinois
https://www.ubereats.com/chicago/food-delivery/dunkin-1697-weiland-rd-cpl/adwOJ_y-TEavh5Ti6PJuyg,vernon-hills-illinois
https://www.ubereats.com/chicago/food-delivery/cafe-zupas-887-n-milwaukee-ave/zwpEtt3DQmiRQPXzjS6a2Q,vernon-hills-illinois
https://www.ubereats.com/chicago/food-delivery/mod-pizza-kildeer/ysBQcuFNSru2Dr6PGyZoxQ,vernon-hills-illinois
https://www.ubereats.com/chicago/food-delivery/dennys-3890-n-point-boulevard/JQ98Q47vQLyG9jQ1lbhP4A,vernon-hills-illinois
https://www.ubereats.com/chicago/food-delivery/port-of-peri-peri/kozXIjneRFOVA_MX7lfDdQ,vernon-hills-illinois
https://www.ubereats.com/chicago/food-delivery/flambe-india/Bo8rbiczRo20dqT6_fUp-Q,vernon-hills-illinois
https://www.ubereats.com/chicago/food-delivery/haku-sushi-%26-bar/Jo1SdJNrRA67UQABD8k_bA,vernon-hills-illinois
https://www.ubereats.com/chicago/food-delivery/ikigai-sushi/i5Ud4MToQhm07qLVHnE1qA,vernon-hills-illinois
https://www.ubereats.com/chicago/food-delivery/potbelly-sandwich-shop-vernon-hills-%7C-81/6BbNBnO2QlmL27VH65h91A,vernon-hills-illinois
https://www.ubereats.com/chicago/food-delivery/starbucks-sheridan-rd-%26-old-elm-highwood/kBCquxhERm-f4Kw62rFQ2w,vernon-hills-illinois
https://www.ubereats.com/chicago/food-delivery/fairgrounds-coffee-%26-tea-vernon-hills/f4t_N1A1Tzq7Sw1SlCwuXQ,vernon-hills-illinois
https://www.ubereats.com/chicago/food-delivery/las-palmas-mexican-restaurant/9I4TbrymQRCfSMx0IUFArA,vernon-hills-illinois
https://www.ubereats.com/chicago/food-delivery/meatheads-lake-bluff/6WxfuKMiTsW05lhQcYSezA,vernon-hills-illinois
https://www.ubereats.com/chicago/food-delivery/jamba-juice-700-n-milwaukee-ave-ste-144/o6beaCGLTx6KbJasJhzigA,vernon-hills-illinois
https://www.ubereats.com/chicago/food-delivery/cold-stone-creamery-20330-n-deer-park-blvd/Tt6-mZj3R3OPe6JmrAc-xg,vernon-hills-illinois
https://www.ubereats.com/chicago/food-delivery/chicago-hot-breads/sIUo082TQF-3k-1RBLslfQ,vernon-hills-illinois
https://www.ubereats.com/chicago/food-delivery/dunkin-1179-w-park-ave/LQOnbtbASvisHfgwq79VHw,vernon-hills-illinois
https://www.ubereats.com/chicago/food-delivery/benihana-150-n-milwaukee-avenue/asVErvOnQCSYAsaK88iSWg,vernon-hills-illinois
https://www.ubereats.com/chicago/food-delivery/casa-chapalas-grill/FO_yiD6cRVa7qmEXW3KlzA,vernon-hills-illinois
https://www.ubereats.com/chicago/food-delivery/jamba-juice-21690-west-long-grove-rd-unit-b/FcIA2FH3QfKPvZJgrLM5Yg,vernon-hills-illinois
https://www.ubereats.com/chicago/food-delivery/grayslake-italian-ovens/0NPk73-XTiK1vJyzg8UtpQ,vernon-hills-illinois
https://www.ubereats.com/chicago/food-delivery/tacos-el-norte/KMouIDnfTqmGPr0hhtCqAg,vernon-hills-illinois
https://www.ubereats.com/chicago/food-delivery/subway-185-nmilwaukee-ave-suite-110/H6KIrTT4RjOxik2OC7bTYw,vernon-hills-illinois
https://www.ubereats.com/chicago/food-delivery/mcdonalds-milwaukee-%26-half-day/ap_qbTppT86TvaXo4xCGgg,vernon-hills-illinois
https://www.ubereats.com/chicago/food-delivery/noodles-%26-company-700-n-milwaukee-unit-149/LpLHThjWTX-p029ke4WKnw,vernon-hills-illinois
https://www.ubereats.com/chicago/food-delivery/hakuya-sushi/lzDuWeg9RsC8ntXhX-gLqA,vernon-hills-illinois
https://www.ubereats.com/chicago/food-delivery/mod-pizza-buffalo-grove/xNlcTqpxSs--_jJfdGVCJw,vernon-hills-illinois
https://www.ubereats.com/chicago/food-delivery/tala-coffee-roasters/iov6jKHqRP2qBlpY8GEYIg,vernon-hills-illinois
https://www.ubereats.com/chicago/food-delivery/happi-sushi/Cr2iHf9vSACMiOW2cJAm1Q,vernon-hills-illinois
https://www.ubereats.com/chicago/food-delivery/dunkin-3980-highway-22/BmnDkAcMThWWxh4Iba21bg,vernon-hills-illinois
https://www.ubereats.com/chicago/food-delivery/7spices/HHcNS9lsRJGDZO1JBN0Iog,vernon-hills-illinois
https://www.ubereats.com/chicago/food-delivery/chipotle-mexican-grill-950-milwaukee-ave-ste-a/lx9vOqFHSOqUbaB8pqHQ1A,vernon-hills-illinois
https://www.ubereats.com/chicago/food-delivery/osteria-trulli/4snQSHH8RL-RTDMEKHyq8w,vernon-hills-illinois
https://www.ubereats.com/chicago/food-delivery/rosatis-pizza-1414-e-hintz-rd/9EFxiPrlRkKyAHH4L5ioEQ,vernon-hills-illinois
https://www.ubereats.com/chicago/food-delivery/burrito-express/Ckh7Nk_KRZi6Dy6Y4Qvgow,vernon-hills-illinois
https://www.ubereats.com/chicago/food-delivery/shake-shack-864-e-townline-rd/u6j4KUUNTZ2bb9JhVdx9rg,vernon-hills-illinois
https://www.ubereats.com/chicago/food-delivery/panda-express-252-east-townline-road/lTAFi5IASLSK2u3eHUPd8Q,vernon-hills-illinois
https://www.ubereats.com/chicago/food-delivery/wendys-2050-shell-drive/eseA7c_VT46wuk1fFTmDBQ,vernon-hills-illinois
https://www.ubereats.com/chicago/food-delivery/grande-jakes-fresh-mexican-grill-buffalo-grove/FmVOdReiT2qbTV-nSa9mjQ,vernon-hills-illinois
https://www.ubereats.com/chicago/food-delivery/ichiban-ramen-shop/dyUD7qANTYuGFPvV366yHw,vernon-hills-illinois
https://www.ubereats.com/chicago/food-delivery/pita-pita-mediterranean-grill-palatine/MREnIkW-SwiD6ENJR6dHGA,vernon-hills-illinois
https://www.ubereats.com/chicago/food-delivery/dangelas-dumplings/dzwUMp8lS0G1RZh0XgBb2Q,vernon-hills-illinois
https://www.ubereats.com/chicago/food-delivery/ararat/-IspppbSQUCsqD_h5Rg4ag,vernon-hills-illinois
https://www.ubereats.com/chicago/food-delivery/marigold-maison/6h0CPsIDTLOyHEWNqeHCKQ,vernon-hills-illinois
https://www.ubereats.com/chicago/food-delivery/el-azteca/b0slWcZ3TRKSUtubXp5-Jw,vernon-hills-illinois
https://www.ubereats.com/chicago/food-delivery/la-michoacana-paleteria/LRjFxLDERJyfIRIw5eZr0w,vernon-hills-illinois
https://www.ubereats.com/chicago/food-delivery/milwalky-taco/Ono7GRlLSPytMela-8CLmg,vernon-hills-illinois
https://www.ubereats.com/chicago/food-delivery/charleys-philly-steaks-904-hawthorn-ctr/MGnhExc4SPebMwt63PhjTQ,vernon-hills-illinois
https://www.ubereats.com/chicago/food-delivery/joanies-pizzeria-of-long-grove/mljPck1fRt2ueA0wsFcMXg,vernon-hills-illinois
https://www.ubereats.com/chicago/food-delivery/chipotle-mexican-grill-945-rockland-rd-ste-a/P1zHovmPRbi4-mIMAb5Aaw,vernon-hills-illinois
https://www.ubereats.com/chicago/food-delivery/giuseppes-pizza/ggyy4m9eRb6SYOnF-0F3uA,vernon-hills-illinois
https://www.ubereats.com/chicago/food-delivery/bawarchi-biryanis/4lnqGfShTTWCQfgrWGVtbA,vernon-hills-illinois
https://www.ubereats.com/chicago/food-delivery/garden-berry-cafe/Ltpke1ICS56xQrhvtnvruw,vernon-hills-illinois
https://www.ubereats.com/chicago/food-delivery/starbucks-waukegan-rd-%26-everett-lake-forest/bR0jiW_kQW-6IsVVUAihUA,vernon-hills-illinois
https://www.ubereats.com/chicago/food-delivery/chiggys-gyros/QmFB3_xFQfSO_PCpqCkMiQ,vernon-hills-illinois
https://www.ubereats.com/chicago/food-delivery/mod-pizza-gurnee/-0PBd5zYSo2TeMEITukNag,vernon-hills-illinois
https://www.ubereats.com/chicago/food-delivery/cold-stone-creamery-281-w-townline-rd-ste-110/dbZE_mAHQ76vORf0NXDirw,vernon-hills-illinois
https://www.ubereats.com/chicago/food-delivery/mcdonalds-milwaukee-%26-walnut/VTVgI3dPSNGz6HOGb0WeRw,vernon-hills-illinois
https://www.ubereats.com/chicago/food-delivery/bo-bos-gyros-hawthorn-village-commons-%26-ring/CNGi68bWSI6b7li51muqcg,vernon-hills-illinois
https://www.ubereats.com/chicago/food-delivery/taste-of-tokyo/-GpsnAHCSH-P9EIMLbeEmg,vernon-hills-illinois
https://www.ubereats.com/chicago/food-delivery/casa-bonita/MGMLfLthRv-jrV7oezDcHA,vernon-hills-illinois
https://www.ubereats.com/chicago/food-delivery/dunkin-210-peterson-rd/z_lxmj_8SHm1ma60qr9q8Q,vernon-hills-illinois
https://www.ubereats.com/chicago/food-delivery/gojos-cafe-%26-pancake-house/8H5owm_rSr6EdP6eEI6g5w,vernon-hills-illinois
https://www.ubereats.com/chicago/food-delivery/new-kong-ming-chinese-restaurant/GeAizKeRRA2w5CZpBtdptA,vernon-hills-illinois
https://www.ubereats.com/chicago/food-delivery/mickey-finns-brewery/MM1MO1_ZQ--8BV8g7da2uQ,vernon-hills-illinois
https://www.ubereats.com/chicago/food-delivery/ochoas-mexican-grill/VuMhZfG5RYivv6HJUNv_hA,vernon-hills-illinois
https://www.ubereats.com/chicago/food-delivery/brunch-cafe-kildeer/IlsGyUwtQDmeV10uqkzVcw,vernon-hills-illinois
https://www.ubereats.com/chicago/food-delivery/fodraks/hrFUdRueRhy87E29-n1zFw,vernon-hills-illinois
https://www.ubereats.com/chicago/food-delivery/pastabilities/-PBP-jbIRe68PF-6UTm9pA,vernon-hills-illinois
https://www.ubereats.com/chicago/food-delivery/cluckers-charcoal-chicken/ctvmxgRjRGCggsaMA1kvNw,vernon-hills-illinois
https://www.ubereats.com/chicago/food-delivery/panda-express-122-hawthorn-center-dr/CjQXKCskSgya2K_OGOpMRQ,vernon-hills-illinois
https://www.ubereats.com/chicago/food-delivery/fannie-may-wheeling/ZQ0aNpepQNiiLIHEmWLUVw,vernon-hills-illinois
https://www.ubereats.com/chicago/food-delivery/potbelly-sandwich-shop-buffalo-grove-dt-%7C-443/qEUlY9_mT8Gw3vNpFkSUAA,vernon-hills-illinois
https://www.ubereats.com/chicago/food-delivery/artistic-cuisine/28zILxVkTAyhXzrhClqQaw,vernon-hills-illinois
https://www.ubereats.com/chicago/food-delivery/the-eating-hub/IRWsA6aTQcGMHBHgaw50mg,vernon-hills-illinois
https://www.ubereats.com/chicago/food-delivery/popeyes-oak-creek-plz/6nNOUC1jS1m9jamVUZx82Q,vernon-hills-illinois
https://www.ubereats.com/chicago/food-delivery/kfc-2200-green-bay-road/qo9kAMGiQMqGDFmZRzKgxg,vernon-hills-illinois
https://www.ubereats.com/chicago/food-delivery/taco-bell-1224-e-dundee-rd/XMTNJkRYQqKRgJq6fXCxNw,vernon-hills-illinois
https://www.ubereats.com/chicago/food-delivery/dunkin-700-e-us-highway-45/BHYz607mTeiDWXDMa3LVoQ,vernon-hills-illinois
https://www.ubereats.com/chicago/food-delivery/mcdonalds-arlington-heights-%26-mchenry/Ayq93oUiSPKaFipfXW6KkA,vernon-hills-illinois
https://www.ubereats.com/chicago/food-delivery/lazy-dog-restaurant-%26-bar-vernon-hills/ezoQjQhHQ3irrnRoPEKNeA,vernon-hills-illinois
https://www.ubereats.com/chicago/food-delivery/asian-island/Km_kJ71bQ7Kq1y2TQv8Mqw,vernon-hills-illinois
https://www.ubereats.com/chicago/food-delivery/subway-2302-n-green-bay-rd/NJXPTTPnTIili5i6Vso6Lw,vernon-hills-illinois
https://www.ubereats.com/chicago/food-delivery/dunkin-346-n-lake-st/VqnAXcBmTe-G0vehgbCoXA,vernon-hills-illinois
https://www.ubereats.com/chicago/food-delivery/foss-park-cuisine/l2vlZ_d-SFe9rB3Tv1RZfQ,vernon-hills-illinois
https://www.ubereats.com/chicago/food-delivery/rise-n-dine-pancake-cafe/enErO-tYS86lLBe8YgDIQA,vernon-hills-illinois
https://www.ubereats.com/chicago/food-delivery/mcdonalds-waukegan-%26-half-day/c4_ajYTgTsyFf2KDDV8mGA,vernon-hills-illinois
https://www.ubereats.com/chicago/food-delivery/potbelly-sandwich-shop-lake-bluff-dt-%7C-381/Bw2fAwLCQOW3DSBDURJtNg,vernon-hills-illinois
https://www.ubereats.com/chicago/food-delivery/taco-%26-burrito-express/tR6A1caBRZqZ0M_W-leMfQ,vernon-hills-illinois
https://www.ubereats.com/chicago/food-delivery/melt-gelato-%26-crepe-caffe/idANke7uRXm9ZFb0xWkGbw,vernon-hills-illinois
https://www.ubereats.com/chicago/food-delivery/dunkin-13783-w-oasis-service-rd-mobil-gas-station/4klRzH_VRMSVaqzGv3OqyQ,vernon-hills-illinois
https://www.ubereats.com/chicago/food-delivery/tacos-el-norte-palatine/DVnz4KKjSaSHtyxQiKvJkw,vernon-hills-illinois
https://www.ubereats.com/chicago/food-delivery/stir-crazy-fresh-asian-grill-northbrook/IVIMbAXPT36TFvmQ01ZVrg,vernon-hills-illinois
https://www.ubereats.com/chicago/food-delivery/bonta/Cdk5bjzoReGtviFDGJ7pZQ,vernon-hills-illinois
https://www.ubereats.com/chicago/food-delivery/mcdonalds-sheridan-%26-old-elm/ob2KqzGwQ2elwg7isQpe6g,vernon-hills-illinois
https://www.ubereats.com/chicago/food-delivery/cherry-pit-cafe/7t_jQjoJSx2RQP-8jWjmPA,vernon-hills-illinois
https://www.ubereats.com/chicago/food-delivery/chipotle-mexican-grill-20505-rand-rd-ste-400/OrnqG4moTbSooa2r0SmE2w,vernon-hills-illinois
https://www.ubereats.com/chicago/food-delivery/oscar-lees-barbecue/vh0TOkS9SnCzAiRaUx17jg,vernon-hills-illinois
https://www.ubereats.com/chicago/food-delivery/emils-sports-bar-%26-pizza/78anGCu3QCyxGeLh9XnwKw,vernon-hills-illinois
https://www.ubereats.com/chicago/food-delivery/sushi-kushi-san-3/sfDv0Ez_Say2_ujNwTKDwA,vernon-hills-illinois
https://www.ubereats.com/chicago/food-delivery/china-chef/t5q_VB9iRt2H8ao3CcSlsg,vernon-hills-illinois
https://www.ubereats.com/chicago/food-delivery/red-robin-518-6420-grand-ave/lrSGYDSYRqOArpvpF43Yyw,vernon-hills-illinois
https://www.ubereats.com/chicago/food-delivery/la-pa-rroqia-mexican-pancake-house-%26-cuisine/SFWbnobQQHOrwbmbKxkzqQ,vernon-hills-illinois
https://www.ubereats.com/chicago/food-delivery/el-famous-burrito-wheeling/VA-Ry5TBS7maHuWcXudT1A,vernon-hills-illinois
https://www.ubereats.com/chicago/food-delivery/uncle-julios-vernon-hills/oS4-Jv2fRz6QiSVts-nMlA,vernon-hills-illinois
https://www.ubereats.com/chicago/food-delivery/papa-johns-buffalo-grove/61hbd974QSilO3E8HaQSWg,vernon-hills-illinois
https://www.ubereats.com/chicago/food-delivery/rosatis-pizza-belvidere-rd/T5lmGl3vTUaTnn6nV6ScMA,vernon-hills-illinois
https://www.ubereats.com/chicago/food-delivery/the-claim-company-of-vernon-hills/XgRjDch6T9Wq1DWZboJODg,vernon-hills-illinois
https://www.ubereats.com/chicago/food-delivery/saranellos/heCN9yjmTqW8i1mtFz2Zig,vernon-hills-illinois
https://www.ubereats.com/chicago/food-delivery/bills-pizza-%26-pub/ndGpeUKCRua0vWCYji0CNw,vernon-hills-illinois
https://www.ubereats.com/chicago/food-delivery/dunkin-749-n-milwaukee-ave-c-100/_ZrYhD4bTJupjEVMMVpGWQ,vernon-hills-illinois
https://www.ubereats.com/chicago/food-delivery/mowa/DDAnC_kRR_ej_bIq8Yr3ZA,vernon-hills-illinois
https://www.ubereats.com/chicago/food-delivery/boston-market-150-n-mchenry-road/16ThiJk4QXCQNxGH5N8jSg,vernon-hills-illinois
https://www.ubereats.com/chicago/food-delivery/knighthawk-burger-bistro/-9Z-V3S7Qc2_8CoetHky_g,vernon-hills-illinois
https://www.ubereats.com/chicago/food-delivery/cousin-subs/9bXBXHVLRZGILj40vg54bg,vernon-hills-illinois
https://www.ubereats.com/chicago/food-delivery/ajua-mexican-restaurant/rFjjweJWRaCG-tQOFxp0xg,vernon-hills-illinois
https://www.ubereats.com/chicago/food-delivery/suzys-swirl/40cqnF0RSSqenMkG8249cw,vernon-hills-illinois
https://www.ubereats.com/chicago/food-delivery/tacos-guananuato/KLsNPI8DQl64GEOq1hJjIw,vernon-hills-illinois
https://www.ubereats.com/chicago/food-delivery/tacos-el-norte/9cIhyxEGTziBkMNKC8nkEg,vernon-hills-illinois
https://www.ubereats.com/chicago/food-delivery/jersey-mikes-subs-rand-%26-arlington-heights/xaZnYHowTc-3Gi_vK5dfng,vernon-hills-illinois
https://www.ubereats.com/chicago/food-delivery/garden-berry-cafe/5xhsL59-STmmmWljSaXX7w,vernon-hills-illinois
https://www.ubereats.com/chicago/food-delivery/kfc-taco-bell-13783-west-oasis-service-road/meGZrY_1TMqa8A9_YiUTPg,vernon-hills-illinois
https://www.ubereats.com/chicago/food-delivery/jersey-mikes-subs-waukegan-%26-lakehurst/sx3OfZ7uQxuhLU7asMJA1w,vernon-hills-illinois
https://www.ubereats.com/chicago/food-delivery/mcdonalds-il-83-%26-midlothian/OcbuXzS3QGeeOcVeHTWi0w,vernon-hills-illinois
https://www.ubereats.com/chicago/food-delivery/poke-burrito-deer-park/FLKoVyFHTZmcXByA42hm6Q,vernon-hills-illinois
https://www.ubereats.com/chicago/food-delivery/arbys-2539-greenbay-rd/vW6U2jPMS_WO4iGgKFa_aA,vernon-hills-illinois
https://www.ubereats.com/chicago/food-delivery/kfc-taco-bell-150-e-dundee-road/S1JjUSsPShG0h95bT_Y2FQ,vernon-hills-illinois
https://www.ubereats.com/chicago/food-delivery/primo-italian-american-cuisine/ITkCRM4UR_6x_wTxk--7RA,vernon-hills-illinois
https://www.ubereats.com/chicago/food-delivery/strawberry-field-pancakes-%26-cafe/sOSfjh99TCGGjLZy2Ajz5A,vernon-hills-illinois
https://www.ubereats.com/chicago/food-delivery/hitz-pizza-and-sports-bar/w7SgGQ09TxS4w8EeRy4jiw,vernon-hills-illinois
https://www.ubereats.com/chicago/food-delivery/viaggio-restaurant/xNYiE2t4TkukoPepMm16UQ,vernon-hills-illinois
https://www.ubereats.com/chicago/food-delivery/biryani-pointe/XwxWslfcTFeF9ScUjayVIw,vernon-hills-illinois
https://www.ubereats.com/chicago/food-delivery/salernos-pizzeria-%26-bar/4mS2cKK9SI2cJoisw3x5kg,vernon-hills-illinois
https://www.ubereats.com/chicago/food-delivery/green-basil-thai/_n46g4dNQaaU2of4q-xOqQ,vernon-hills-illinois
https://www.ubereats.com/chicago/food-delivery/rosatis-pizza-101-e-townline-rd/yu7eLl0VQFaQdqM71KuMew,vernon-hills-illinois
https://www.ubereats.com/chicago/food-delivery/the-burger-pit/Vwvk8DVLQESgICs2WG6WRQ,vernon-hills-illinois
https://www.ubereats.com/chicago/food-delivery/wildfire-lincolnshire/4MBGRetkSR-mB8X3qlVkog,vernon-hills-illinois
https://www.ubereats.com/chicago/food-delivery/dairy-queen-treat-702-s-buffalo-grove-rd/607cVyV5QT2nChSH-uaDUw,vernon-hills-illinois
https://www.ubereats.com/chicago/food-delivery/jersey-mikes-subs-waukegan-%26-half-day/tnF4AXZFR22u08Uf1PH48g,vernon-hills-illinois
https://www.ubereats.com/chicago/food-delivery/maxs-dawg-house/rHJzCbIEQOSv0Bz0YPdT-Q,vernon-hills-illinois
https://www.ubereats.com/chicago/food-delivery/rivaj-indian-cuisine/RM3IM67uSnm59bZ1fwtMDg,vernon-hills-illinois
https://www.ubereats.com/chicago/food-delivery/panda-express-13783-w-oasis-service-rd-space-%23113b/sakqGgEnQLyOfiWJupYDUA,vernon-hills-illinois
https://www.ubereats.com/chicago/food-delivery/holcomb-hollow/FqaLJ4VuRbawwjo6GKjIvg,vernon-hills-illinois
https://www.ubereats.com/chicago/food-delivery/tgi-fridays-2682-wheeling-il/WY8L5RNVS7a2rrZuNCgHBA,vernon-hills-illinois
https://www.ubereats.com/chicago/food-delivery/burger-king-1326-south-milwaukee-avenue/fZKlY2OwQv2DS_UZ3odGSQ,vernon-hills-illinois
https://www.ubereats.com/chicago/food-delivery/kostas-gyros-palatine/aEadlR1ATNqZWLMUjbsg5A,vernon-hills-illinois
https://www.ubereats.com/chicago/food-delivery/gatsbys-pizza-%26-pub/ve1-9f7dSdWMUcDapSjZPQ,vernon-hills-illinois
https://www.ubereats.com/chicago/food-delivery/papa-rays-pizza-%26-wings-palatine/_D1gEAsLTnywr8ZyJoT07w,vernon-hills-illinois
https://www.ubereats.com/chicago/food-delivery/chipotle-mexican-grill-338-e-rand-rd/bqETWI-GSQetZkG9MY5tsA,vernon-hills-illinois
https://www.ubereats.com/chicago/food-delivery/dunkin-215-e-dundee-rd/vE7dagkITJyYDpYL5RYAyg,vernon-hills-illinois
https://www.ubereats.com/chicago/food-delivery/qdoba-townline-%26-milwaukee/RUBiUwFTQDqeQqDXGbErEg,vernon-hills-illinois
https://www.ubereats.com/chicago/food-delivery/wendys-300-w-half-day-road/QZ7wyUGNTJWA-XeHJARYGg,vernon-hills-illinois
https://www.ubereats.com/chicago/food-delivery/disotto/1sy4Gl-WTjGPpi8TDDbzKA,vernon-hills-illinois
https://www.ubereats.com/chicago/food-delivery/main-street-social/LC4QGKQdQrGDUCtcXFGlhw,vernon-hills-illinois
https://www.ubereats.com/chicago/food-delivery/ellys-mundelein/kg8SX4V2SJynVFPRFn5ASg,vernon-hills-illinois
https://www.ubereats.com/chicago/food-delivery/sushi-house/_tBo4m4HSm2WALtsRLEzRg,vernon-hills-illinois
https://www.ubereats.com/chicago/food-delivery/rosatis-pizza-bannockburn/SIfkj5e7T1-frWhs8Vst1g,vernon-hills-illinois
https://www.ubereats.com/chicago/food-delivery/fines/deQFPpPJT2KD7IVGEi0ORg,vernon-hills-illinois
https://www.ubereats.com/chicago/food-delivery/dear-franks/HO-Y9MUnQTy6tE5XQgnHpA,vernon-hills-illinois
https://www.ubereats.com/chicago/food-delivery/five-guys-il-4044-20505-n-rand-road/ZjTY6uvoRO6ughscI1aC_A,vernon-hills-illinois
https://www.ubereats.com/chicago/food-delivery/aroma-indian-cuisine/sYgWsIjvRC6Kkp9Rc0xYLg,vernon-hills-illinois
https://www.ubereats.com/chicago/food-delivery/unwined-of-long-grove/zN-yLQ5OTAiWe26KqEiNvw,vernon-hills-illinois
https://www.ubereats.com/chicago/food-delivery/los-posadas-restaurant/78iyM3M-TDaLIm68Ta0N8g,vernon-hills-illinois
https://www.ubereats.com/chicago/food-delivery/uncle-julios-kildeer/ziwTwbpjSQ-Mh_yk5S7V7w,vernon-hills-illinois
https://www.ubereats.com/chicago/food-delivery/kegon-japanese-steak-and-sushi/uCLyZn9VRW6k8W-uOpYJcQ,vernon-hills-illinois
https://www.ubereats.com/chicago/food-delivery/dennys-grand-%26-hunt-club/rvTF1Yf_QvWvd2F8P8Lghg,vernon-hills-illinois
https://www.ubereats.com/chicago/food-delivery/mcdonalds-quentin-%26-lake-zurich/yKL-kPPUSl--px2tA1CwsA,vernon-hills-illinois
https://www.ubereats.com/chicago/food-delivery/players-grill/4eMgi858Q5WzG1ewYIgRQw,vernon-hills-illinois
https://www.ubereats.com/chicago/food-delivery/california-pizza-kitchen-20502-n-rand-road/LDetEwQ3Q6GYQuCBx-roRg,vernon-hills-illinois
https://www.ubereats.com/chicago/food-delivery/gators-wing-shack/i4zLumA6Sj28H2hYjHZROg,vernon-hills-illinois
https://www.ubereats.com/chicago/food-delivery/white-oak-gourmet/WXBEy9_PSNexkx-h5gDoGw,vernon-hills-illinois
https://www.ubereats.com/chicago/food-delivery/dunkin-119-n-milwaukee-ave-suite-106b/B_oYNQE2Ttqk_OTQ0xX7mg,vernon-hills-illinois
https://www.ubereats.com/chicago/food-delivery/arbys-1874-belvidere-rd/45TEk6XoTOiRPsxdLSKHAQ,vernon-hills-illinois
https://www.ubereats.com/chicago/food-delivery/buffalo-wild-wings-361-w-townline-rd/eZiEz2pxS3SVpZg27o689Q,vernon-hills-illinois
https://www.ubereats.com/chicago/food-delivery/taco-bell-2222-green-bay-rd/f-HzmDVTQuOxkCFhK4m5pg,vernon-hills-illinois
https://www.ubereats.com/chicago/food-delivery/tasty-thai/CGBEg5FLRweDh3WYdxvgBw,vernon-hills-illinois
https://www.ubereats.com/chicago/food-delivery/tokio-sake/JSzv3cRySceVS177x-LpLw,vernon-hills-illinois
https://www.ubereats.com/chicago/food-delivery/prairie-house-tavern/97CvEPZOTYq_GB_mMuWtgg,vernon-hills-illinois
https://www.ubereats.com/chicago/food-delivery/tamales-diana/AL3vTJiWQxifY6UAwj_u3Q,vernon-hills-illinois
https://www.ubereats.com/chicago/food-delivery/chick-fil-a-701-n-milwaukee-ave-ste-360/d2FuIw0_QtqlsUA1SqPBiQ,vernon-hills-illinois
https://www.ubereats.com/chicago/food-delivery/giannis-cafe-kildeer/XDJmE4L9RPiTbuFSMqholw,vernon-hills-illinois
https://www.ubereats.com/chicago/food-delivery/starbucks-mundelein-route-60-%26-83/Ptkni1o3Qfu8m_fdYnl0rA,vernon-hills-illinois
https://www.ubereats.com/chicago/food-delivery/ihop-700-n-milwaukee-ave/cNIuBYMNTIKigjCwc9isYA,vernon-hills-illinois
https://www.ubereats.com/chicago/food-delivery/rockys-pizzeria-north-chicago/tsh6RrkKQAG4TB4X_Y6vyg,vernon-hills-illinois
https://www.ubereats.com/chicago/food-delivery/dunkin-801-east-dundee-rd/rrerCQSnTSmuLtVwIohapQ,vernon-hills-illinois
https://www.ubereats.com/chicago/food-delivery/mama-sophias-subs/leXLzYGFT-2TAScnsqyIEw,vernon-hills-illinois
https://www.ubereats.com/chicago/food-delivery/chipotle-mexican-grill-139-n-milwaukee-ave/wBhsq1ExSy6XyU4eCqKn4w,vernon-hills-illinois
https://www.ubereats.com/chicago/food-delivery/salsa-street-mexican-restaurant-%26-cantina-palatine/rm3Qgy21S46PdC-5pLoLfw,vernon-hills-illinois
https://www.ubereats.com/chicago/food-delivery/francescas-north/aPfK2QIbQFKxO_QFggEJNA,vernon-hills-illinois
https://www.ubereats.com/chicago/food-delivery/mod-pizza-vernon-hills/CXBrqWkcSfSru_nLe4fqNQ,vernon-hills-illinois
https://www.ubereats.com/chicago/food-delivery/chipotle-mexican-grill-675-deerfield-rd-ste-120/eNoWnGxlTKyRcJBuwDlmWw,vernon-hills-illinois
https://www.ubereats.com/chicago/food-delivery/beerhead-bar-%26-eatery-milwaukee-%26-us-45/G-SJ4qVrRGGfiKugN9OhNA,vernon-hills-illinois
https://www.ubereats.com/chicago/food-delivery/wrap-it-up-sandwiches-soups-%26-more/HsXqviNmTPqr3OO23VRg8w,vernon-hills-illinois
https://www.ubereats.com/chicago/food-delivery/panda-express-dundee-%26-milwaukee/YLi46VYgSlu2c-iaE23RWg,vernon-hills-illinois
https://www.ubereats.com/chicago/food-delivery/noodles-%26-company-900-milwaukee-av-ste-a/UzGliDk2TUar0iKdEfjBxg,vernon-hills-illinois
https://www.ubereats.com/chicago/food-delivery/shalom-kosher-bakery/znv5gDp-QDOcRCeBMqqiYQ,vernon-hills-illinois
https://www.ubereats.com/chicago/food-delivery/subway-1400-s-butterfield-rd/19AwbeCrQAu3m2td3QW_sg,vernon-hills-illinois
https://www.ubereats.com/chicago/food-delivery/twizted-burger-company/SAhDaMKJQMWw0fHXzo0yyA,vernon-hills-illinois
https://www.ubereats.com/chicago/food-delivery/clayoven-tandoor-indian-grill-%26-bar/Awk347l-TwysdTrFUi1b4Q,vernon-hills-illinois
https://www.ubereats.com/chicago/food-delivery/subway-555-e-townline-rd/2dJ7qg5QSyaN7oEbBWCFrg,vernon-hills-illinois
https://www.ubereats.com/chicago/food-delivery/city-works-vernon-hills/2r-19RyzQlqhOb1_spQZNw,vernon-hills-illinois
https://www.ubereats.com/chicago/food-delivery/taco-bell-900-n-route-83/mLnlhnTeQimBMf4YC6xsxA,vernon-hills-illinois
https://www.ubereats.com/chicago/food-delivery/palamuru-grill/k-loo1TKQKCiDDBjFrz09Q,vernon-hills-illinois
https://www.ubereats.com/chicago/food-delivery/dunkin-1169-n-old-mchenry-rd-suite-120a/D0MkOUvnTkivzjbFv48rvw,vernon-hills-illinois
https://www.ubereats.com/chicago/food-delivery/indian-bistro/su0SBnuVQ32IWaV4bv6jPw,vernon-hills-illinois
https://www.ubereats.com/chicago/food-delivery/fried-egg-cafe/VkHy14dkTRG1U1x005bhJg,vernon-hills-illinois
https://www.ubereats.com/chicago/food-delivery/hwang-dae-gham/gkvV3mpfRUSHBu2QGGrzkw,vernon-hills-illinois
https://www.ubereats.com/chicago/food-delivery/hunan-hibachi-buffet/Wg1jQNsPQkGvphBlIscgGg,vernon-hills-illinois
https://www.ubereats.com/chicago/food-delivery/dunkin-83-w-belvidere-rd/d4fmIEt4QQOJVqYcjod76Q,vernon-hills-illinois
https://www.ubereats.com/chicago/food-delivery/sarpinos-pizzeria-2017-milwaukee-ave/HKtW1bi_R4ud5TL85ZmlYg,vernon-hills-illinois
https://www.ubereats.com/chicago/food-delivery/tomatillo-taco-ville-2/ucN156MyRcC-nKANCvC81w,vernon-hills-illinois
https://www.ubereats.com/chicago/food-delivery/smokin-bbq-on-45/ZyEN8v7gRjixC1tA2CeJTg,vernon-hills-illinois
https://www.ubereats.com/chicago/food-delivery/dunkin-3092-n-skokie-highway/svTdkGydQTakdEKTMbaBqg,vernon-hills-illinois
https://www.ubereats.com/chicago/food-delivery/jersey-mikes-subs-main-%26-rand/eQkZqTFrSUeKYMWT8igBgQ,vernon-hills-illinois
https://www.ubereats.com/chicago/food-delivery/otooles-of-libertyville/H-UnFsveT8mOHznqsPu_7A,vernon-hills-illinois
https://www.ubereats.com/chicago/food-delivery/nachos-tacos-place/cwZbJNIxT7O-VBpsGzPo4Q,vernon-hills-illinois
https://www.ubereats.com/chicago/food-delivery/mexitaly-pizza/RuMeINPETICLQ_Kq0ThGQg,vernon-hills-illinois
https://www.ubereats.com/chicago/food-delivery/alexs-washington-gardens/Xyux6wGFTsWMvlIh6BQdpg,vernon-hills-illinois
https://www.ubereats.com/chicago/food-delivery/burger-king-1515-w-dundee-rd/WdwsOnc2S_yNUYeyMJDpBg,vernon-hills-illinois
https://www.ubereats.com/chicago/food-delivery/dunkin-435-milwaukee-ave/FDYD5dvXST26VqeykF2_YA,vernon-hills-illinois
https://www.ubereats.com/chicago/food-delivery/starbucks-lake-cook-%26-lexington/xDj82f_uSMqTkIElh_Q2Fg,vernon-hills-illinois
https://www.ubereats.com/chicago/food-delivery/georges-gyros/zX5XulfKTp-S9NNOQ6vL-w,vernon-hills-illinois
https://www.ubereats.com/chicago/food-delivery/tasty-spin/RxyX-sEHT4iFzBNmA6Hdsg,vernon-hills-illinois
https://www.ubereats.com/chicago/food-delivery/woodfire-tavern/A5FwFCk0RTe9HWOtEhugwg,vernon-hills-illinois
https://www.ubereats.com/chicago/food-delivery/mcdonalds-milwaukee-%26-townline/RNBidgJrSjCBiMbcomlysg,vernon-hills-illinois
https://www.ubereats.com/chicago/food-delivery/photos-hotdogs/HA7GXkUPTM24RJtqJxOpBQ,vernon-hills-illinois
https://www.ubereats.com/chicago/food-delivery/subway-buffalo-grove/-Q7AdDBDShSeltVUE_SQQA,vernon-hills-illinois
https://www.ubereats.com/chicago/food-delivery/subway-444-n-lake-st/BDyhHqK7QHG6Es_i_8uvVg,vernon-hills-illinois
https://www.ubereats.com/chicago/food-delivery/blue-house-korean-bbq/pXZMpGLhTo61Em2wiK3AiA,vernon-hills-illinois
https://www.ubereats.com/chicago/food-delivery/big-bowl-lincolnshire/7Zfj3CH7RWmeDvPzWaTQMQ,vernon-hills-illinois
https://www.ubereats.com/chicago/food-delivery/downings/amNQvRcUSC25DIsUw7BlyQ,vernon-hills-illinois
https://www.ubereats.com/chicago/food-delivery/the-juicer/C_vkXQyMSN6KvTf1orINjg,vernon-hills-illinois
https://www.ubereats.com/chicago/food-delivery/starbucks-vernon-hills-rte-60-%26-aspen-dr/nkMp_4BJQHKRvpZhYZfetQ,vernon-hills-illinois
https://www.ubereats.com/chicago/food-delivery/flemings-prime-steakhouse-%26-wine-bar-lincolnshire/cKuT4iHTR7S1-0AtiLK1Wg,vernon-hills-illinois
https://www.ubereats.com/chicago/food-delivery/priya-restaurant-vernon-hills/6wJ5cerpS6ijjv27mZ2sqQ,vernon-hills-illinois
https://www.ubereats.com/chicago/food-delivery/traktir-the-12-chairs/ReYCnrNqQF6VGWzMcJLUFw,vernon-hills-illinois
https://www.ubereats.com/chicago/food-delivery/bills-pizza-%26-pub-north/umOdiJsiT-q7yYXsBhruSQ,vernon-hills-illinois
https://www.ubereats.com/chicago/food-delivery/pita-inn-wheeling/E7rzaFa2RNyRjeIwyUQhDg,vernon-hills-illinois
https://www.ubereats.com/chicago/food-delivery/di-pescara-northbrook-court-mall/-VF24YeMS92oVxwSqe4lww,vernon-hills-illinois
https://www.ubereats.com/chicago/food-delivery/melt-n-dip/5U-3SknXQKScuT6WJxt0Ng,vernon-hills-illinois
https://www.ubereats.com/chicago/food-delivery/uptown-burgers/e-YCdmb9RJKp-t7aPWDs1Q,vernon-hills-illinois
https://www.ubereats.com/chicago/food-delivery/jersey-mikes-subs-mchenry-%26-lake-cook/9Fo9O8R_SBeArPfDuRZk2w,vernon-hills-illinois
https://www.ubereats.com/chicago/food-delivery/nikkos-grecian-grill/8zYvF-0pTLiaQl8F0Yp2Lg,vernon-hills-illinois
https://www.ubereats.com/chicago/food-delivery/rosatis-pizza-mundelein/BX5pb6KZTku2bfoaoMldCw,vernon-hills-illinois
https://www.ubereats.com/chicago/food-delivery/new-crave-cafe/sR88zuAFT8-SxBbTUVwDXA,vernon-hills-illinois
https://www.ubereats.com/chicago/food-delivery/cinnabon/TKuwYwVsQraqA_XBq-35zA,vernon-hills-illinois
https://www.ubereats.com/chicago/food-delivery/the-fogcutter/TWcmMNtsT_ioeBOotVI79Q,vernon-hills-illinois
https://www.ubereats.com/chicago/food-delivery/mambo-italiano/5sAD3EJ3RqKewGtCmRzuyg,vernon-hills-illinois
https://www.ubereats.com/chicago/food-delivery/sunset-foods-libertyville/DlEXnxdMRLq0f4rNAF-2Lw,vernon-hills-illinois
https://www.ubereats.com/chicago/food-delivery/tgi-fridays-2669-gurnee-il/8YSyG41iSz24zzdT_k8vBw,vernon-hills-illinois
https://www.ubereats.com/chicago/food-delivery/potbelly-sandwich-shop-kildeer-%7C-35/z7RwSJARRYWjCmPDdha59Q,vernon-hills-illinois
https://www.ubereats.com/chicago/food-delivery/noodles-%26-company-110-s-waukegan-ste-110c/oo9QOHd3R3G27e3X9HepzA,vernon-hills-illinois
https://www.ubereats.com/chicago/food-delivery/mcalisters-deli-townline-%26-aspen/QVkbTpILSpSOD-9fHm6QJw,vernon-hills-illinois
https://www.ubereats.com/chicago/food-delivery/taco-bell-1308-n-milwaukee-ave/YUAYL2dsQRO13YVYBIke9Q,vernon-hills-illinois
https://www.ubereats.com/chicago/food-delivery/popeyes-7-w-dundee-rd/wkTBMZ0FQNeYAnM_7GBmpg,vernon-hills-illinois
https://www.ubereats.com/chicago/food-delivery/honey-baked-ham-co-%26-cafe-grand-ave/Xfx5B0r6TCWns9uv1A5dnw,vernon-hills-illinois
https://www.ubereats.com/chicago/food-delivery/ihop-mchenry-%26-lake-cook/Ic-rBR6QS8261BSMEFNRiA,vernon-hills-illinois
https://www.ubereats.com/chicago/food-delivery/kebabs%26burgers/_H6bcuUoRPOPiy5ij685dw,vernon-hills-illinois
https://www.ubereats.com/chicago/food-delivery/little-tails-sports-bar/XO6eJvD_RHqaCurT0YHfqA,vernon-hills-illinois
https://www.ubereats.com/chicago/food-delivery/dunkin-707-rockland-rd/z7_o8PoOTK6dH_Pbk1Jmgw,vernon-hills-illinois
https://www.ubereats.com/chicago/food-delivery/lukes-of-lake-bluff/cTaz_4sTQRGZLUnZK41zIQ,vernon-hills-illinois
https://www.ubereats.com/chicago/food-delivery/portillos-hot-dogs-806-w-dundee-rd/HA4WiGE6Tv2gD3KhYvJ0Wg,vernon-hills-illinois
https://www.ubereats.com/chicago/food-delivery/new-china-chef-%E5%AE%B6%E8%88%88/qIQMTWVsQHOgP8DCqLhFUQ,vernon-hills-illinois
https://www.ubereats.com/chicago/food-delivery/wing-king/-HiFai49S-2EZk57dgglJw,vernon-hills-illinois
https://www.ubereats.com/chicago/food-delivery/papa-willies-bbq/84I4L-GiR5uxAHGFkCRD9A,vernon-hills-illinois
https://www.ubereats.com/chicago/food-delivery/burger-king-425-west-dundee-road/TI_nQISuR3CO7jHmLBzfCA,vernon-hills-illinois
https://www.ubereats.com/chicago/food-delivery/simply-thai/JD5dLufcRK-LcpYYVNeI7A,vernon-hills-illinois
https://www.ubereats.com/chicago/food-delivery/quiznos-maple/aY0DK6YkT_uxERQlca1QKg,vernon-hills-illinois
https://www.ubereats.com/chicago/food-delivery/jojos-bar-%26-grill/sRC6DfN9SUiGB_1uKO-Ryw,vernon-hills-illinois
https://www.ubereats.com/chicago/food-delivery/el-manantial-mexican-restaurant/-oRopbMyTamoSRQ5VvWLcQ,vernon-hills-illinois
https://www.ubereats.com/chicago/food-delivery/the-picnic-basket/tw4nqYsYT5OvJHmCJ9bCGg,vernon-hills-illinois
https://www.ubereats.com/chicago/food-delivery/rosatis-pizza-gurnee/9HZyHdMqQYyD02-it2ejXA,vernon-hills-illinois
https://www.ubereats.com/chicago/food-delivery/viet-taste-libertyville/YrnU4bWaRhyQv39r8X0BaA,vernon-hills-illinois
https://www.ubereats.com/chicago/food-delivery/the-left-bank/EzloWImuRRezfGkLrHA66w,vernon-hills-illinois
https://www.ubereats.com/chicago/food-delivery/cafe-zupas-1590-e-lake-cook-rd/4GGJE2SyRvOo2kz34OyAvQ,vernon-hills-illinois
https://www.ubereats.com/chicago/food-delivery/taco-bell-2566-skokie-valley-rd/Ws7Xy9wPRcSjiK4EyacQ8A,vernon-hills-illinois
https://www.ubereats.com/chicago/food-delivery/mcdonalds-lake-%26-division/9cY7F6gtS5G_p_YQZgpxoA,vernon-hills-illinois
https://www.ubereats.com/chicago/food-delivery/calzone-%26-macaroni-co/Kmw3td74RaivvbQiuQUlXw,vernon-hills-illinois
https://www.ubereats.com/chicago/food-delivery/taco-bell-2015-s-lake-st/AWSWSp6lQceiBk2oEZkjPQ,vernon-hills-illinois
https://www.ubereats.com/chicago/food-delivery/king-shabu-shabu/URTPbKMXTmKfWOVpCPURnw,vernon-hills-illinois
https://www.ubereats.com/chicago/food-delivery/red-robin-344-295-pkwy-dr/Py4bXRPWTpOfVxjzrlJbCQ,vernon-hills-illinois
https://www.ubereats.com/chicago/food-delivery/starbucks-milwaukee-%26-rte-137-libertyville/_r00kRC7TpKU7bdyq8aQrQ,vernon-hills-illinois
https://www.ubereats.com/chicago/food-delivery/halsted-street-deli/k6XeKC0fSxi4dtUtpTxBiA,vernon-hills-illinois
https://www.ubereats.com/chicago/food-delivery/pita-inn-mundelein/Ggq62jj2TDKEv96xMQCjHQ,vernon-hills-illinois
https://www.ubereats.com/chicago/food-delivery/subway-224-hawthorne-village-commons/3l9KXd1qQaKtMeZwQfVHiQ,vernon-hills-illinois
https://www.ubereats.com/chicago/food-delivery/jersey-mikes-subs-milwaukee-%26-greggs/Rd2jxwmnSWG962Q0ZyWzEg,vernon-hills-illinois
https://www.ubereats.com/chicago/food-delivery/grill-house/Lc9hsa0jROuTthgTR5h5ug,vernon-hills-illinois
https://www.ubereats.com/chicago/food-delivery/pivot-room-by-whirlyball-center-dr/OaJA0_M9Q0yD5G2cU5QEKQ,vernon-hills-illinois
https://www.ubereats.com/chicago/food-delivery/idof-i-dream-of-falafel-vernon-hills/VFC7GhjYQxm4wMJGojivhg,vernon-hills-illinois
https://www.ubereats.com/chicago/food-delivery/chasers-sports-bar-%26-grill-lake-zurich/sA5FxqeuSGK6x-IVctFNXw,vernon-hills-illinois
https://www.ubereats.com/chicago/food-delivery/pizanoz-pizza/AzwD9zdNQ2ykKigq1fi9Aw,vernon-hills-illinois
https://www.ubereats.com/chicago/food-delivery/mcdonalds-townline-%26-lake/plrqe-8vRy6E5xt9KC7qKw,vernon-hills-illinois
https://www.ubereats.com/chicago/food-delivery/park-street-restaurant/SedkZhunSG6gP1KooH_lig,vernon-hills-illinois
https://www.ubereats.com/chicago/food-delivery/hyderabad-house/jajENJ8dRNG2WQC13WPApA,vernon-hills-illinois
https://www.ubereats.com/chicago/food-delivery/tortorices-pizza-buffalo-grove/bdnojI8uQQSH4-xe6gozOw,vernon-hills-illinois
https://www.ubereats.com/chicago/food-delivery/sarpinos-pizzeria-577-e-dundee-rd/BP43PC_CRjKPMim_1Dx_gw,vernon-hills-illinois
https://www.ubereats.com/chicago/food-delivery/shansgrill/Ga3qgoR_TtSixl1XiAsWTA,vernon-hills-illinois
https://www.ubereats.com/chicago/food-delivery/jersey-mikes-subs-dundee-%26-rand/W9j2OzKsTp-zli5vFBn-iw,vernon-hills-illinois
https://www.ubereats.com/chicago/food-delivery/kfc-700-n-milwaukee-ave/DrEYe75jRu20TVVQEgE_yg,vernon-hills-illinois
https://www.ubereats.com/chicago/food-delivery/taco-bell-906-hawthorn-center/JaLCe5-dR-CM6qi2Cn7Ciw,vernon-hills-illinois
https://www.ubereats.com/chicago/food-delivery/ra-sushi-wheeling/ceIF6WJ9QUiYSRXwTjJ6bw,vernon-hills-illinois
https://www.ubereats.com/chicago/food-delivery/macianos-pizza-%26-pastaria-vernon-hills/NSTXsQqQTzmoNwV8P6O9ag,vernon-hills-illinois
https://www.ubereats.com/chicago/food-delivery/bella-famiglia/bwEgS4fXQSaoJN2flkHXpA,vernon-hills-illinois
https://www.ubereats.com/chicago/food-delivery/forest-greens-juice-bar/PDFt4YncSUOAXZG6Z0pmvA,vernon-hills-illinois
https://www.ubereats.com/chicago/food-delivery/simply-sushi/BNFgI4aSRzm0mDQSJbiNTw,vernon-hills-illinois
https://www.ubereats.com/chicago/food-delivery/burger-king-80-mc-henry-road/xp-jXFAWSvmNqH3E7_h8Hw,vernon-hills-illinois
https://www.ubereats.com/chicago/food-delivery/dolce-italian-restaurant-arlington-heights-rd/uITvr_k0RAuE-CrVQnCXvQ,vernon-hills-illinois
https://www.ubereats.com/chicago/food-delivery/fannie-may-libertyville/Bb0TTGj3STinqnhekaTRhQ,vernon-hills-illinois
https://www.ubereats.com/chicago/food-delivery/wing-squad-wheeling/mBCOw394SJqxJ4ntOuQb6Q,vernon-hills-illinois
https://www.ubereats.com/chicago/food-delivery/cafe-fourteen/lEdACm9_Tkmyk3J7uod0rQ,vernon-hills-illinois
https://www.ubereats.com/chicago/food-delivery/golden-kitchen-butterfield/r-F8QtA3TlqTL3zJLm3CYw,vernon-hills-illinois
https://www.ubereats.com/chicago/food-delivery/purple-sprout-cafe-dundee-rd/afuwq2QrSoe7xe3eyvjaog,vernon-hills-illinois
https://www.ubereats.com/chicago/food-delivery/ra-sushi-150-n-milwaukee-avenue/xE8r3EWzTHG4ZKAjFK6MZA,vernon-hills-illinois
https://www.ubereats.com/chicago/food-delivery/ramen-house-shinchan/vOFmIoKVSemHbJwIqmRd4Q,vernon-hills-illinois
https://www.ubereats.com/chicago/food-delivery/on-the-border-vernon-hills/4anXpiQMQaC_VJ_NQE8euA,vernon-hills-illinois
https://www.ubereats.com/chicago/food-delivery/yus-mandarin-vernon-hills/qo33b1GyTSyyORGm6qxz2Q,vernon-hills-illinois
https://www.ubereats.com/chicago/food-delivery/jets-pizza-wheeling/4jlJPoBoTT6HH_-4xV4N7A,vernon-hills-illinois
https://www.ubereats.com/chicago/food-delivery/salsa-street-mexican-restaurant/p7Dk1Uq0S1KZzgp4FTLpZQ,vernon-hills-illinois
https://www.ubereats.com/chicago/food-delivery/foodhaul-libertyville/TwBZVPCMTB-vf9gLK4933A,vernon-hills-illinois
https://www.ubereats.com/chicago/food-delivery/jesse-oaks/8kbMxotdRvm0yCauBrc9dA,vernon-hills-illinois
https://www.ubereats.com/chicago/food-delivery/sake-sushi-and-grill/Tj8snrArQXq0BFcEs0bYeg,vernon-hills-illinois
https://www.ubereats.com/chicago/food-delivery/mcdonalds-dundee-%26-milwaukee/B3RLbn6dTx-D0IuZXkekAQ,vernon-hills-illinois
https://www.ubereats.com/chicago/food-delivery/mcdonalds-rand-%26-winslowe/6Q7w0HUqRp6oaIL714sSrA,vernon-hills-illinois
https://www.ubereats.com/chicago/food-delivery/little-caesars-534-w-dundee-rd/eakQF-AYR8C6bOyaTnZzTA,vernon-hills-illinois
https://www.ubereats.com/chicago/food-delivery/giannis-cafe-station/q0cwYAGWT92A0qor7tjxaw,vernon-hills-illinois
https://www.ubereats.com/chicago/food-delivery/dairy-queen-treat-502-s-milwaukee-ave/-joCWhq0TnC29Clmo6Pr5Q,vernon-hills-illinois
https://www.ubereats.com/chicago/food-delivery/salt-creek-tacos/6RngTbP9RRqqnej9oD1QVg,vernon-hills-illinois
https://www.ubereats.com/chicago/food-delivery/papa-johns-palatine/McjbWJfJRbilsmBaqpW5Hw,vernon-hills-illinois
https://www.ubereats.com/chicago/food-delivery/pza-wheeling/jKQq9-r8TUSLcGp7deK0zw,vernon-hills-illinois
https://www.ubereats.com/chicago/food-delivery/starbucks-milwaukee-%26-greggs-pkwy/JD6eOHMdSBe08CPtMJa1uQ,vernon-hills-illinois
https://www.ubereats.com/chicago/food-delivery/madras-kafe/QloEJDmITRuLudoZDbVWew,vernon-hills-illinois
