url,city
https://www.ubereats.com/orlando/food-delivery/jamba-juice-ucf/xdOBDaiFT02pZ9TlRMUR7Q,alafaya-florida
https://www.ubereats.com/orlando/food-delivery/papa-johns-11775-east-colonial-drive/IQD5ClgzQQOh4-ikL0S-HA,alafaya-florida
https://www.ubereats.com/orlando/food-delivery/%2361013-subway-3020-lamberton-blvd/LD2ZaGToTWykm1L2N6t-_w,alafaya-florida
https://www.ubereats.com/orlando/food-delivery/halal-gyro-%26-cheesesteak/BjwgSiNrQC2-_0ThfAILLg,alafaya-florida
https://www.ubereats.com/orlando/food-delivery/viet-nomz/pdpdb3k0SaOo2C0aEsSBow,alafaya-florida
https://www.ubereats.com/orlando/food-delivery/kekes-breakfast-cafe-ucf/MZmQr9aXQLSChxhxzPpYAw,alafaya-florida
https://www.ubereats.com/orlando/food-delivery/the-halal-guys-626-north-alafaya-trail-suite-103/KsoAlx7USt-owpZFaybpqQ,alafaya-florida
https://www.ubereats.com/orlando/food-delivery/ihop-588-s-alafaya-trail/vVRg0M9fSGyYgL8cJSZIWg,alafaya-florida
https://www.ubereats.com/orlando/food-delivery/kyoto-sushi-%26-grill-oviedo/Z-Bo3Td9Q0S8I23NdMvshw,alafaya-florida
https://www.ubereats.com/orlando/food-delivery/dunkin-10395-narcoossee-rd/kDft3BTtRyuPzRc_UwdvgQ,alafaya-florida
https://www.ubereats.com/orlando/food-delivery/fonda-el-criollito/RuAZ_mY2QYGY1oXbvTIj7Q,alafaya-florida
https://www.ubereats.com/orlando/food-delivery/firehouse-subs-rio-pinar/mcpMX_4iQfaXVGOgJSwapw,alafaya-florida
https://www.ubereats.com/orlando/food-delivery/sus-hi-eatstation-orlando/mfnUw5AfT_-cWURlpVOSlA,alafaya-florida
https://www.ubereats.com/orlando/food-delivery/tacos-el-rancho-hoffner-ave-orlando-fl/mH0hYYyXT6SCSojTBEgg-g,alafaya-florida
https://www.ubereats.com/orlando/food-delivery/taco-bell-16880-e-colonial-dr/1VpR3ZdqQHyzdn8L6G9wkg,alafaya-florida
https://www.ubereats.com/orlando/food-delivery/panera-203317/1GdjJOycRdeEwwRUnAInqg,alafaya-florida
https://www.ubereats.com/orlando/food-delivery/%2312524-subway-16889-east-colonial-dr/-9lakE1ZRbyocgWbyFrexw,alafaya-florida
https://www.ubereats.com/orlando/food-delivery/pollo-doro/k-H7FAM1SX6mU0-kNY-8kw,alafaya-florida
https://www.ubereats.com/orlando/food-delivery/old-cuban-cafe-s-goldenrod-rd/fow7GM_1Q6aKg7odDUB5WQ,alafaya-florida
https://www.ubereats.com/orlando/food-delivery/taco-bell-5503-s-semoran-blvd/ZTeqMOKbT3OYAHbMbeAB2w,alafaya-florida
https://www.ubereats.com/orlando/food-delivery/burgeraf-aloma/C4HQS8zURFeYPNY_ayc8Pw,alafaya-florida
https://www.ubereats.com/orlando/food-delivery/baked%26toastedaf-aloma/NiOUHIscSTqFUns_EZCqyA,alafaya-florida
https://www.ubereats.com/orlando/food-delivery/city-gyro-%E2%80%A2-cheesesteaks-%26-burgers-halal/AvFhfyy1Tbe8ij1IXnvlDQ,alafaya-florida
https://www.ubereats.com/orlando/food-delivery/coffee-burgers-grill/bJK67mLMS0KRAbJmkiDmWQ,alafaya-florida
https://www.ubereats.com/orlando/food-delivery/breakfast-club-of-tuskawilla/w3SGgj-4QRWT80BnRkJcow,alafaya-florida
https://www.ubereats.com/orlando/food-delivery/%231211-subway-7413-e-colonial-dr/c17j0sxNQtGkYUQNkFvENA,alafaya-florida
https://www.ubereats.com/orlando/food-delivery/starbucks-321-s-avalon-park-blvd/BAcYCYt6TrWijnxY5Kvi8w,alafaya-florida
https://www.ubereats.com/orlando/food-delivery/duo-58-community-coffee-bar-%26-cafe/9qe0xCerS4aSrzsAFOdS8A,alafaya-florida
https://www.ubereats.com/orlando/food-delivery/planet-smoothie-591-s-chickasaw-trail/ux40qxZCRWiepZDSrIcKXg,alafaya-florida
https://www.ubereats.com/orlando/food-delivery/designer-greens/Ut7Hf7uJR2u5GCzdxeLk5Q,alafaya-florida
https://www.ubereats.com/orlando/food-delivery/bbq-factory/MU6ltM61SuaeFp7nyHnYWg,alafaya-florida
https://www.ubereats.com/orlando/food-delivery/juice-bar/bhoQvVUxReaN0yLWLF99pA,alafaya-florida
https://www.ubereats.com/orlando/food-delivery/wingsandribsaf-aloma/tImoDAWWSDy8hSECuQ6B2A,alafaya-florida
https://www.ubereats.com/orlando/food-delivery/dickeys-bbq-pit-s-chickasaw-trl-%26-turkey-dr/1-ERu-9DRkCdCFPArlg3rQ,alafaya-florida
https://www.ubereats.com/orlando/food-delivery/circle-k-12253-lake-underhill-rd/R6V5lfPcSnCp0UohBIQYMA,alafaya-florida
https://www.ubereats.com/orlando/food-delivery/del-taco-12025-collegiate-way/nMZvS9SmRUKZOrGCtKCkqQ,alafaya-florida
https://www.ubereats.com/orlando/food-delivery/tenji-hibachi-express/sVs-YK7xSc6vEkxzaFvf5A,alafaya-florida
https://www.ubereats.com/orlando/food-delivery/millers-ale-house-orlando-winter-park-university/5YIwvc_aRP6KOw-6xVZhLQ,alafaya-florida
https://www.ubereats.com/orlando/food-delivery/salsas-cocina-mex-oviedo/sOnFzBJWSX-daJxAkqIitA,alafaya-florida
https://www.ubereats.com/orlando/food-delivery/yogurt-breeze-lake-nona/RGi07pGlRPW_1VR8lKtC-g,alafaya-florida
https://www.ubereats.com/orlando/food-delivery/larrys-giant-subs/pbOCqIVnSlO_Mduybt-FyA,alafaya-florida
https://www.ubereats.com/orlando/food-delivery/papa-johns-7501-b-colonial-drive/9T8ryDBZRqSnJY1UaJm9aQ,alafaya-florida
https://www.ubereats.com/orlando/food-delivery/fonda-el-criollito-restaurant-semoran-blvd/j4SqxUOBTVmFPsm2WKBt3w,alafaya-florida
https://www.ubereats.com/orlando/food-delivery/tijuana-flats-aloma/wZ5_F1-1Q8atWFjzwtYfSA,alafaya-florida
https://www.ubereats.com/orlando/food-delivery/le-crave-express/ShRjAnPNRBaN04Z0HEOy6A,alafaya-florida
https://www.ubereats.com/orlando/food-delivery/dunkin-14813-east-colonial-dr/F27_OcIHR-CVMAzuvVQ3oA,alafaya-florida
https://www.ubereats.com/orlando/food-delivery/noodles-and-rice/eBjbg76DSuWofjGcCrhsnQ,alafaya-florida
https://www.ubereats.com/orlando/food-delivery/dunkin-12075-collegiate-way/HkjMxOzaRJqTP7z2X40HKg,alafaya-florida
https://www.ubereats.com/orlando/food-delivery/friendly-confines-winter-park/AXTShAM3RfeuBporLTsb9g,alafaya-florida
https://www.ubereats.com/orlando/food-delivery/luya-chinese-restaurant/YMCAXlUsRS-PXwF29l3ZYg,alafaya-florida
https://www.ubereats.com/orlando/food-delivery/mad-hatters-pizza/feYxhh0dQbeOQF7ayFM7eQ,alafaya-florida
https://www.ubereats.com/orlando/food-delivery/taco-bell-10211-narcoossee-rd/uVma7_JMRju0e3Z-41v82Q,alafaya-florida
https://www.ubereats.com/orlando/food-delivery/tijuana-flats-winter-springs/gjEmMX4QTEWO8n8ZFZl8yA,alafaya-florida
https://www.ubereats.com/orlando/food-delivery/burger-king-11834-east-colonial-drive/zQDs5gsTTpm-tU6sg2lvtg,alafaya-florida
https://www.ubereats.com/orlando/food-delivery/i-love-ny-pizza/-3_WGW8PTUi7VbT_RHXyRA,alafaya-florida
https://www.ubereats.com/orlando/food-delivery/mx-taco-waterford/y6icF4Y-T_O39LKykHu2Xg,alafaya-florida
https://www.ubereats.com/orlando/food-delivery/new-shanghai-chinese-restaurant/r4H18CWtR3CDuCUr705OFQ,alafaya-florida
https://www.ubereats.com/orlando/food-delivery/jersey-mikes-n-goldenrod-rd-%26-university-blvd/N4UNpD7PTM-bsbBTIhrJ0A,alafaya-florida
https://www.ubereats.com/orlando/food-delivery/first-watch-oviedo/nWfxQTvRSDuYvMQwCzaUyw,alafaya-florida
https://www.ubereats.com/orlando/food-delivery/small-cakes-avalon-park/HOFFwUhEQo-HmZeBGtfe6A,alafaya-florida
https://www.ubereats.com/orlando/food-delivery/south-philly-steak/qmWO81oBT16ZI_kPvBWs3A,alafaya-florida
https://www.ubereats.com/orlando/food-delivery/ihop-university-blvd/xykGM7M_T2anOKR66FxtcA,alafaya-florida
https://www.ubereats.com/orlando/food-delivery/sazoncito-latin-food/pHy5sFtWQu65Q7AhHkTM4g,alafaya-florida
https://www.ubereats.com/orlando/food-delivery/sonnys-bbq-oviedo/5Bh8zPq6S7Ct45ZUU39UDA,alafaya-florida
https://www.ubereats.com/orlando/food-delivery/planet-smoothie-new-broad-street/22K1KROURE-Ly7PRJwcPng,alafaya-florida
https://www.ubereats.com/orlando/food-delivery/bigbellys-hawaiian-grindz-llc/BQTyEuIgQge2FT2n-WIOGw,alafaya-florida
https://www.ubereats.com/orlando/food-delivery/sea-thai-restaurant/QbzmdD-aRF6INHUvQEKl3w,alafaya-florida
https://www.ubereats.com/orlando/food-delivery/the-cloak-%26-blaster-orlando/vob3wDMwQWGPDziITk-TEQ,alafaya-florida
https://www.ubereats.com/orlando/food-delivery/menchies-frozen-yogurt-1939-aloma-ave/H4hZR28KRcub8HeA71udtg,alafaya-florida
https://www.ubereats.com/orlando/food-delivery/froggers-grill-%26-bar-oviedo/ucjWp7SuQqeRIVVkvGN3gg,alafaya-florida
https://www.ubereats.com/orlando/food-delivery/the-halal-guys-688-north-alafaya-trail/PItFoAufQu6QZiWEPUHOrw,alafaya-florida
https://www.ubereats.com/orlando/food-delivery/fuji-yama-sushi/S35SfPJQR7C2MvYtRZ3v5Q,alafaya-florida
https://www.ubereats.com/orlando/food-delivery/omelet-bar/SWjIMhxtT6K67Semas74KA,alafaya-florida
https://www.ubereats.com/orlando/food-delivery/starbucks-895-alafaya-trail/-Ij6t3rFR56pRYhn25cCrA,alafaya-florida
https://www.ubereats.com/orlando/food-delivery/kathi-rolls/9XjYN5CuRiCRVwHU_fVnJA,alafaya-florida
https://www.ubereats.com/orlando/food-delivery/starbucks-7420-university-blvd/FZcx_SxZSO6a3rckO2i7zA,alafaya-florida
https://www.ubereats.com/orlando/food-delivery/pizza-hut-4432-curry-ford-rd/TGcTd4VCQS6CUiqYjkgQ5Q,alafaya-florida
https://www.ubereats.com/orlando/food-delivery/taco-bell-10005-university-blvd/MW7213JQTxqI5Da9zB-qRA,alafaya-florida
https://www.ubereats.com/orlando/food-delivery/ferraras-pizza-and-pasta/fgnb0gSzThqZt1mdd_P46Q,alafaya-florida
https://www.ubereats.com/orlando/food-delivery/chipotle-mexican-grill-5637-red-bug-lake-rd/BO5w-TFUSBaZDzTkkAECew,alafaya-florida
https://www.ubereats.com/orlando/food-delivery/tgi-fridays-2628-orlando-waterford-lakes-fl/u773S9O7QYCtaxuRjyspyA,alafaya-florida
https://www.ubereats.com/orlando/food-delivery/yucca-grill/HQGWas_3S1CqXbLLIwk8bg,alafaya-florida
https://www.ubereats.com/orlando/food-delivery/kfc-10825-e-colonial-dr/d_HyBdgeTsODeD1JkbHoOg,alafaya-florida
https://www.ubereats.com/orlando/food-delivery/ny-giant-breakfast-and-pizza/_4o_UXtVRjuhJVI10v0X4A,alafaya-florida
https://www.ubereats.com/orlando/food-delivery/bubbalous-bodacious-bar-b-q/hRq3S2F6SlSmi7-1VaBj4A,alafaya-florida
https://www.ubereats.com/orlando/food-delivery/pizza-hut-3662-avalon-park-east-blvd-ste-102/2O8MFmqXT7Ojap5Dh3ZIgg,alafaya-florida
https://www.ubereats.com/orlando/food-delivery/top-top-hot-pot/RitSwsfdSSihZFuPPVFO5Q,alafaya-florida
https://www.ubereats.com/orlando/food-delivery/pizza-hut-10002-university-blvd/0vVMyjHYSnGqvWnMs1bfeA,alafaya-florida
https://www.ubereats.com/orlando/food-delivery/mecatos-bakery-%26-cafe-lake-underhill/m7bbSO8zSMu1KZcP9QhSmw,alafaya-florida
https://www.ubereats.com/orlando/food-delivery/marcos-pizza-857-woodbury-rd/PdkPrRJ3TfarqHOBAvTlqQ,alafaya-florida
https://www.ubereats.com/orlando/food-delivery/cafe-panuzzos/NNBrFArOQL-50P5nhpoCGQ,alafaya-florida
https://www.ubereats.com/orlando/food-delivery/echa-pa-aca!/hpakxIM1SyGSd24EvPJghA,alafaya-florida
https://www.ubereats.com/orlando/food-delivery/la-isla-del-frappe/yo0NnawYR0evditwvkQUUA,alafaya-florida
https://www.ubereats.com/orlando/food-delivery/habibi-ucf/SqO7jDksQ-CSzHbDO7dAWQ,alafaya-florida
https://www.ubereats.com/orlando/food-delivery/poke-poke/GZU6hk7FSPGx5m2w7noESA,alafaya-florida
https://www.ubereats.com/orlando/food-delivery/ny-pizza-baby-winter-park/wBptWaRJQBKOv9n5_jlxSg,alafaya-florida
https://www.ubereats.com/orlando/food-delivery/tutti-frutti-y-mas/lu0HEt10T9amD_qTiIteBg,alafaya-florida
https://www.ubereats.com/orlando/food-delivery/de-la-vega-oviedo/mYxQfMycTYOJAV_bHMjvDA,alafaya-florida
https://www.ubereats.com/orlando/food-delivery/against-the-grain/bR8Fb0C_T4K4NH07X8xPdQ,alafaya-florida
https://www.ubereats.com/orlando/food-delivery/bonfires-bar-and-grill/SAW-O0xaT-GML8rm1oPXLA,alafaya-florida
https://www.ubereats.com/orlando/food-delivery/metro-diner-oviedo/eJsEKPSDRren9D-4FFa9zA,alafaya-florida
https://www.ubereats.com/orlando/food-delivery/menchies-frozen-yogurt-4100-n-alafaya-trl/-WbC2beQShGrrtOve588lQ,alafaya-florida
https://www.ubereats.com/orlando/food-delivery/%2311395-subway-112-w-mitchell-hammock-rd/j40sW12gS6uaZIoCZICQ7A,alafaya-florida
https://www.ubereats.com/orlando/food-delivery/taco-bus-orlando/GY2KznRKQVGDT57UIdaFKg,alafaya-florida
https://www.ubereats.com/orlando/food-delivery/millers-ale-house-oviedo/utMWXXtPSRGqSsL_BQo14A,alafaya-florida
https://www.ubereats.com/orlando/food-delivery/taco-bell-369-s-avalon-park-blvd/m-ZzXSeOR72JsAb9kekbsA,alafaya-florida
https://www.ubereats.com/orlando/food-delivery/goodfellas-pizzeria/7tm-oRiTQg-jAlkdCTDFfA,alafaya-florida
https://www.ubereats.com/orlando/food-delivery/rice-and-beans-cocina-latina-winter-park/PeN4IYWZQBqCa5swV60Hrg,alafaya-florida
https://www.ubereats.com/orlando/food-delivery/thai-island-orlando-restaurant/jHMZHqeBSB2bY0RXJA_9zw,alafaya-florida
https://www.ubereats.com/orlando/food-delivery/smashburger-334-n-alafaya-trail/BtCKS1flTNOwqVmN0s5b2A,alafaya-florida
https://www.ubereats.com/orlando/food-delivery/outback-steakhouse-1927-aloma-avenue/w9KE64Y5QTapfYMJ8_uqew,alafaya-florida
https://www.ubereats.com/orlando/food-delivery/habaneros-mexican-grill-orlando/kOBa9wpTSb-U-Pb279q5_w,alafaya-florida
https://www.ubereats.com/orlando/food-delivery/mcdonalds-waterford-lakes/QfSNGNOtQaeaVYDHIHxy-A,alafaya-florida
https://www.ubereats.com/orlando/food-delivery/diginos-pizzeria-llc/bvZy_p65Re29HMaCwenV6A,alafaya-florida
https://www.ubereats.com/orlando/food-delivery/tropical-smoothie-cafe-3402-technological-avenue-%23112-suite-112/6OuJzHXnQliMcuS9qe4B3A,alafaya-florida
https://www.ubereats.com/orlando/food-delivery/little-greek-fresh-grill-winter-park/2aIaHDQlT7OJ3-24GZrA7g,alafaya-florida
https://www.ubereats.com/orlando/food-delivery/flippers-pizzeria-oviedo/f1DK-dPDQMG3rw4HmxWhtA,alafaya-florida
https://www.ubereats.com/orlando/food-delivery/dunkin-1650-n-alafaya-trl/MlXZtJ5vTCiBfoWb0jlyYw,alafaya-florida
https://www.ubereats.com/orlando/food-delivery/checkers-7604-e-colonial-drive/RfnvWK5bQnOfSNMB6h5uiA,alafaya-florida
https://www.ubereats.com/orlando/food-delivery/firehouse-subs-ucf/9Ic98Lo9Ti2sWBDekj-4Hw,alafaya-florida
https://www.ubereats.com/orlando/food-delivery/piazza-italia/IfKC6e-yTe-Xe11PmdiovQ,alafaya-florida
https://www.ubereats.com/orlando/food-delivery/tropical-smoothie-cafe-research-pkwy/z6vrCxZeTPaqtRCUEqCaKA,alafaya-florida
https://www.ubereats.com/orlando/food-delivery/castaways-sports-bar-and-grill/D6UiIeUTRci-QUI0HwOPOQ,alafaya-florida
https://www.ubereats.com/orlando/food-delivery/market-on-south/RVeaqH5oRpSAQcnlwQulqA,alafaya-florida
https://www.ubereats.com/orlando/food-delivery/kai-asian-street-fare/c0E3HJ0USn-x7vmbypwCdw,alafaya-florida
https://www.ubereats.com/orlando/food-delivery/taipei-101/BnDW5XfwSCaMZ59vDc5CrQ,alafaya-florida
https://www.ubereats.com/orlando/food-delivery/cold-stone-creamery-11565-university-blvd/2PGXlbBaTreltnwVzVz4Kw,alafaya-florida
https://www.ubereats.com/orlando/food-delivery/thai-singha-%26-sushi/HpoPvsf2SGKM7oDD46mY2g,alafaya-florida
https://www.ubereats.com/orlando/food-delivery/burger-king-375-s-avalon-park-blvd/dy-2fnWAT7WJIXcAxFmqFg,alafaya-florida
https://www.ubereats.com/orlando/food-delivery/jersey-mikes-s-semoran-blvd-%26-lee-vista-blvd/edfTtYJKQOSPbBvHY-LVmw,alafaya-florida
https://www.ubereats.com/orlando/food-delivery/bagel-king-casselberry/lTeFPgUGQr-p2kYMmhv1WA,alafaya-florida
https://www.ubereats.com/orlando/food-delivery/%23483-subway-4440-curry-ford-rd/ZNVJ4JWYQ5aEJCu_-_LT2g,alafaya-florida
https://www.ubereats.com/orlando/food-delivery/ginos-italian-restaurant/UnEZjo-uQGyuhJIuL_yQBQ,alafaya-florida
https://www.ubereats.com/orlando/food-delivery/beef-o-bradys-oviedo/aFTxRRG5TeiK_uGpI6of2w,alafaya-florida
https://www.ubereats.com/orlando/food-delivery/%2350664-subway-3573-aloma-ave/w9y9LokiRl-VpK1zSY4MuQ,alafaya-florida
https://www.ubereats.com/orlando/food-delivery/dunkin-4210-w-plaza-dr/RFMWCauhQo65C4qHXSdJRQ,alafaya-florida
https://www.ubereats.com/orlando/food-delivery/the-chimi-spot-restaurant/BKUO-sNEQU6YHa97piLjNQ,alafaya-florida
https://www.ubereats.com/orlando/food-delivery/kfc-502-s-alafaya-trail/Kc27eY76QKiFHRuYkhPK4A,alafaya-florida
https://www.ubereats.com/orlando/food-delivery/island-wing-company/WQdJPzp1RRShVidSM53ugQ,alafaya-florida
https://www.ubereats.com/orlando/food-delivery/pizza-hut-879-n-alafaya-trl/IhJyhTuiSRWsDuT1Bg39mA,alafaya-florida
https://www.ubereats.com/orlando/food-delivery/planet-smoothie-alafaya/E5_DirvxRsqyJDGm6ZVuBg,alafaya-florida
https://www.ubereats.com/orlando/food-delivery/majlis-hookah-lounge/54WsCOiuQY-zvVPC01N4tg,alafaya-florida
https://www.ubereats.com/orlando/food-delivery/tropical-smoothie-cafe-e-colonial-dr/s8ixTAHBQaWiHlNi1-8aHw,alafaya-florida
https://www.ubereats.com/orlando/food-delivery/chick-fil-a-633-n-alafaya-trl/xAiDv0G9RdSxQSSoADG00w,alafaya-florida
https://www.ubereats.com/orlando/food-delivery/hong-kong-alleys-kitchen/2UNh_NvyQuei0_OhOSlkKw,alafaya-florida
https://www.ubereats.com/orlando/food-delivery/mellow-mushroom-ucf/71uBQQX1RXu-hgYDYZUdUQ,alafaya-florida
https://www.ubereats.com/orlando/food-delivery/starbucks-2519-aloma-ave/Hr3nrVq3SFe4h7BhebvXaw,alafaya-florida
https://www.ubereats.com/orlando/food-delivery/first-watch-aloma/IqCN8NLMSWCgHWEjWOdHbw,alafaya-florida
https://www.ubereats.com/orlando/food-delivery/lazy-brew-oviedo/90ybLPjOT-SIxXLI3r1Egw,alafaya-florida
https://www.ubereats.com/orlando/food-delivery/tenders/s_uWdho2Tl6MHC5o00NClQ,alafaya-florida
https://www.ubereats.com/orlando/food-delivery/millers-ale-house-alafaya/Ym1bura0SYexmtzxaSXh7A,alafaya-florida
https://www.ubereats.com/orlando/food-delivery/jade-garden-dim-sum/61FTEbRaQXmEYy3JcT-CKw,alafaya-florida
https://www.ubereats.com/orlando/food-delivery/casa-tapas-wine-culture/03EGkFSdQd2N3J_piEy50A,alafaya-florida
https://www.ubereats.com/orlando/food-delivery/pokeworks/kaPYpnczQJKL0c99az4nkQ,alafaya-florida
https://www.ubereats.com/orlando/food-delivery/firehouse-subs-oviedo/U1aRcJ5SQvK1D5Khpbn5hw,alafaya-florida
https://www.ubereats.com/orlando/food-delivery/juniors-pizza-plus/Gg2CtJO2TdKNPfWEmP1RXw,alafaya-florida
https://www.ubereats.com/orlando/food-delivery/sweetaf-aloma/EUbn4yogSLeXg-hRONzjCg,alafaya-florida
https://www.ubereats.com/orlando/food-delivery/dunkin-588-s-alafaya-trl-unit-10/q2K4JZMxTRG9bmtnzXTccQ,alafaya-florida
https://www.ubereats.com/orlando/food-delivery/las-terropletas-and-more/HOwIjg9NQwum6a-W2K1RSw,alafaya-florida
https://www.ubereats.com/orlando/food-delivery/subway-10165-university-blvd/FedMRmkiS7aA02xjWa8ccQ,alafaya-florida
https://www.ubereats.com/orlando/food-delivery/jimmy-hulas-waterford-lakes/HYeZU7UWTaC5NsYTq_BwOQ,alafaya-florida
https://www.ubereats.com/orlando/food-delivery/787-mofongo/s5PDPX2yTh6rMxADUWfngA,alafaya-florida
https://www.ubereats.com/orlando/food-delivery/%23748-subway-7780-lake-underhill-rd/twRD3RMrQ8CM3nGyEe-vQQ,alafaya-florida
https://www.ubereats.com/orlando/food-delivery/kekes-breakfast-cafe-waterford-lakes/HNC4zU94R5SGCeE3pO6Qrg,alafaya-florida
https://www.ubereats.com/orlando/food-delivery/taco-rio-mexican-restaurant/rE38-bQtQUqRlQWG4umsZA,alafaya-florida
https://www.ubereats.com/orlando/food-delivery/dunkin-1627-conway-rd/XeH6xPCuTEOz5oXshIuUzw,alafaya-florida
https://www.ubereats.com/orlando/food-delivery/jack-and-marys-diner/UI9pVC_6Sg6jFP_V3alpAA,alafaya-florida
https://www.ubereats.com/orlando/food-delivery/burger-u/qFKxyPkgTtKAZ6vzs1BAzw,alafaya-florida
https://www.ubereats.com/orlando/food-delivery/hungry-howies-winter-park/87ztALDAR4aWhRv4TTTkOA,alafaya-florida
https://www.ubereats.com/orlando/food-delivery/rincon-montanero/9c-65BmbR1Gfdxd-YkG4aQ,alafaya-florida
https://www.ubereats.com/orlando/food-delivery/arepa-world/-CD-hS18RiOFycszhSgNIg,alafaya-florida
https://www.ubereats.com/orlando/food-delivery/lakeview-serious-sandwiches-inc/54ZCglQ0Qc-L8U2RXJ_3Mw,alafaya-florida
https://www.ubereats.com/orlando/food-delivery/kung-fu-tea-12098-collegiate-way/VtIVuwjJQ5mLZcVePJzGYg,alafaya-florida
https://www.ubereats.com/orlando/food-delivery/lucky-china-winter-park/MHd0PWtRSHmsJd-z0ARyAw,alafaya-florida
https://www.ubereats.com/orlando/food-delivery/poke-chop/6bg7nMiWSVGEsx14Up73Ow,alafaya-florida
https://www.ubereats.com/orlando/food-delivery/super-sonic/TziEDVJoTRijb0IUwXFNrQ,alafaya-florida
https://www.ubereats.com/orlando/food-delivery/mayflower-chinese-restaurant/rqiZw6gMStayqcXEuDBmRw,alafaya-florida
https://www.ubereats.com/orlando/food-delivery/smokey-bones-waterford-lakes/OWYhsuDORAuoXjuz6rKdJw,alafaya-florida
https://www.ubereats.com/orlando/food-delivery/toasted-ucf-area-orlando-fl/8GC6Ow4_RjOLgNxuDywAPA,alafaya-florida
https://www.ubereats.com/orlando/food-delivery/dupe-dnu/A1qmqamUT9m2rizfZVD4Sw,alafaya-florida
https://www.ubereats.com/orlando/food-delivery/hummus-house-ucf/67cBumVbTqiSvuycF41W3g,alafaya-florida
https://www.ubereats.com/orlando/food-delivery/junior-colombian-burger-ucf/8etun_GnRmuzD0wtWLDPxw,alafaya-florida
https://www.ubereats.com/orlando/food-delivery/wendys-508-south-chickasaw-trail/NctqaSJtRD6o6e7HsrULsg,alafaya-florida
https://www.ubereats.com/orlando/food-delivery/koi-sushi/fR8npSsMT4yVxQ2EHb7cjw,alafaya-florida
https://www.ubereats.com/orlando/food-delivery/orlando-fuji-sushi/tlWh4k9iQQefKzI0aTdKFA,alafaya-florida
https://www.ubereats.com/orlando/food-delivery/mooyah-burgers-1700-mall-boulevard/kQRFNXatROqfVkG_bHuXHQ,alafaya-florida
https://www.ubereats.com/orlando/food-delivery/dustins-bar-b-q-colonial/ZEuZJEJwRTS7z9oES_b1hg,alafaya-florida
https://www.ubereats.com/orlando/food-delivery/outback-steakhouse-5891-red-bug-lake-road/zjAn4bxqQBKxGjM03cVEyg,alafaya-florida
https://www.ubereats.com/orlando/food-delivery/little-greek-alafaya/tIxqvdaFTC2iOCr7KWRX5Q,alafaya-florida
https://www.ubereats.com/orlando/food-delivery/blaze-pizza-4100-n-alafaya-trail-suite-113/siZ1gaiaTiCnXi1ImWpBCg,alafaya-florida
https://www.ubereats.com/orlando/food-delivery/tijuana-flats-ucf/3N4VSNMWRfKwP4a7fujRrw,alafaya-florida
https://www.ubereats.com/orlando/food-delivery/dennys-5725-t-g-lee-blvd/ILXsa55iQzaOiphGfug1CQ,alafaya-florida
https://www.ubereats.com/orlando/food-delivery/coffee-factory-%26-cafe-winter-springs/w0FcoIuxR7Gri9WerJiqBQ,alafaya-florida
https://www.ubereats.com/orlando/food-delivery/mejana-mediterranean/A63K_kBlQ4ubDE46xSxz7w,alafaya-florida
https://www.ubereats.com/orlando/food-delivery/purple-ocean-superfood-bar-orange-blossom/gnukjSiHTwGH-e0sU3ac7w,alafaya-florida
https://www.ubereats.com/orlando/food-delivery/so-fry-inc/eSIFgCZVT8SaCxWs8mm3jA,alafaya-florida
https://www.ubereats.com/orlando/food-delivery/china-wok-winter-springs/1GVrpGX3RFeHrFQ-TvROZA,alafaya-florida
https://www.ubereats.com/orlando/food-delivery/mito-sushi-%26-grill/f1ouEIbVRvWZSkqAECL5hw,alafaya-florida
https://www.ubereats.com/orlando/food-delivery/fratellos-pizza/xudWZ2CxSV2ksZ7qOle81g,alafaya-florida
https://www.ubereats.com/orlando/food-delivery/pastaaf-aloma/MsNCGKmHSk-_KO4JZZT_AQ,alafaya-florida
https://www.ubereats.com/orlando/food-delivery/steak-n-shake-8115-red-bug-lake-road/NGp-ZBEwT3GPcEOFhVQ_Qg,alafaya-florida
https://www.ubereats.com/orlando/food-delivery/taco-bell-7853-colonial-drive/VBiCJeiQQ0ecV_A5J_T_gQ,alafaya-florida
https://www.ubereats.com/orlando/food-delivery/tamarind-indian-cuisine-ucf/Hp3dKLHGQqeUv8r4xrh8fw,alafaya-florida
https://www.ubereats.com/orlando/food-delivery/perkins-restaurant-orlando-university/hVDVDs4hTgS7EVgHr_PoRw,alafaya-florida
https://www.ubereats.com/orlando/food-delivery/wine-4-oysters/A9yGCNHJRhK2J6yBQIFW0g,alafaya-florida
https://www.ubereats.com/orlando/food-delivery/buffalo-wild-wings-11400-university-blvd/gTzL6VP2QmKuhwXoApaynw,alafaya-florida
https://www.ubereats.com/orlando/food-delivery/breakfast-club-oviedo/OCZ48DGxR_2oQOx_-0nv9w,alafaya-florida
https://www.ubereats.com/orlando/food-delivery/jeremiahs-italian-ice-oviedo/rO-iCmb0TLW4tmQAXZVznw,alafaya-florida
https://www.ubereats.com/orlando/food-delivery/ihop-15-alafaya-woods-blvd-suite-101/yRozaH-wRhiYtGk5DD7Rhw,alafaya-florida
https://www.ubereats.com/orlando/food-delivery/paramount-fine-foods-ucf/oFuhOXAPQ9yVsrz13EdBiA,alafaya-florida
https://www.ubereats.com/orlando/food-delivery/ice-%26-bites-cafe/fL5_dwlfTsKlsfnWGZyfUQ,alafaya-florida
https://www.ubereats.com/orlando/food-delivery/sushi-burritos-orlando/0O_wroSFS2mKfYydeD4uuw,alafaya-florida
https://www.ubereats.com/orlando/food-delivery/kyoto-sushi-%26-grill-east-colonial/wxYtDd_1QmCVRTUz0IRC1A,alafaya-florida
https://www.ubereats.com/orlando/food-delivery/danketsu/LUfTzQCuT-ezQP_TpVgTww,alafaya-florida
https://www.ubereats.com/orlando/food-delivery/spice-indian-grill/kciHT2gPThCsHXeuzHNJNw,alafaya-florida
https://www.ubereats.com/orlando/food-delivery/magic-china-chinese/5mRc0Ji_TiSXtTV7lzQRwg,alafaya-florida
https://www.ubereats.com/orlando/food-delivery/old-cuban-cafe-orlando/9LiHHaHjTp-LjJsWA2IFXA,alafaya-florida
https://www.ubereats.com/orlando/food-delivery/baanchan-thai-restaurant/I9T-8lcqS36cwq7Awe6cdQ,alafaya-florida
https://www.ubereats.com/orlando/food-delivery/bagel-king-winter-park/4quod76lQUmmMv4ArheB2A,alafaya-florida
https://www.ubereats.com/orlando/food-delivery/wendys-11251-university-boulevard/bhWV0qnFR7K5cfrIHqEMbg,alafaya-florida
https://www.ubereats.com/orlando/food-delivery/bonchon-chicken-5475-gateway-village-cir/ur5STqtBSjuE5cLClITJqg,alafaya-florida
https://www.ubereats.com/orlando/food-delivery/taco-bell-12101-university-blvd-suite-201/KtaQ2mdaQWuMcRRcEtOl4g,alafaya-florida
https://www.ubereats.com/orlando/food-delivery/chipotle-mexican-grill-464-n-alafaya-trl-ste-111/uT82mGx8R7We4UaDSeRZPA,alafaya-florida
https://www.ubereats.com/orlando/food-delivery/zaxbys-16783-east-colonial-dr/jUqEcOf7TMCwKG9l_-38GQ,alafaya-florida
https://www.ubereats.com/orlando/food-delivery/rock-and-brews-oviedo/WSlbkjz9Q5iL-CJps1DYsg,alafaya-florida
https://www.ubereats.com/orlando/food-delivery/ms-teas-bento/_unoDZQuRdyunDOJ_XoaFA,alafaya-florida
https://www.ubereats.com/orlando/food-delivery/five-guys-fl-0338-4821-new-broad-st/T-O9NvaPRqy1JR9KPDq7iw,alafaya-florida
https://www.ubereats.com/orlando/food-delivery/checkers-11816-e-colonial-drive/gW2STPE7T5KjgDhrSEBNMw,alafaya-florida
https://www.ubereats.com/orlando/food-delivery/taco-bell-576-s-alafaya-trail/AWKbeM8KSlCMJpKkiFiPhw,alafaya-florida
https://www.ubereats.com/orlando/food-delivery/wawa-5145-11750-university-blvd/6twfh5QASwCuMzFhCsf2tA,alafaya-florida
https://www.ubereats.com/orlando/food-delivery/red-lobster-617-north-alafaya-trail/BHVrxDG-QFmz-nNMvyI8Dw,alafaya-florida
https://www.ubereats.com/orlando/food-delivery/twistee-treat-winter-park/qk5Fb0TaS1StUhwtWyBmLg,alafaya-florida
https://www.ubereats.com/orlando/food-delivery/%2331954-subway-3548-avalon-park-blvd/chy0Ukx6T8eE24DzSJq6qQ,alafaya-florida
https://www.ubereats.com/orlando/food-delivery/starbucks-10330-curry-ford-rd/hLiAx4xUSM2uodVFAggUEg,alafaya-florida
https://www.ubereats.com/orlando/food-delivery/menchies-frozen-yogurt-6817-eagle-watch-dr/-Zp9ESedRY6klsiqnMN3rQ,alafaya-florida
https://www.ubereats.com/orlando/food-delivery/maple-street-biscuit-company-oviedo/spQm-4krQn-5M4IR2b-KJg,alafaya-florida
https://www.ubereats.com/orlando/food-delivery/paradise-pasta-bar/kDJueLMlRimD9rHyEilhcA,alafaya-florida
https://www.ubereats.com/orlando/food-delivery/krystal-3634-e-curry-ford-rd/WCu0soIkTNabOAR6MmvGyA,alafaya-florida
https://www.ubereats.com/orlando/food-delivery/the-brass-tap-alafaya/os72Iqc4Sf2YPk1hmIB9uA,alafaya-florida
https://www.ubereats.com/orlando/food-delivery/cheesyaf-aloma/I9AV_LIjSDy36bXvGQ99Kw,alafaya-florida
https://www.ubereats.com/orlando/food-delivery/exquisito-express/snUPuxFvScmKI9f3lLa8KA,alafaya-florida
https://www.ubereats.com/orlando/food-delivery/mcdonalds-woodbury/nqgy-_UdTMu8a4qWfqr2jg,alafaya-florida
https://www.ubereats.com/orlando/food-delivery/kfc-436-s-semoran-blvd/uXA3jlfQQqqGIFyBdV7hxw,alafaya-florida
https://www.ubereats.com/orlando/food-delivery/rincon-latino/BcbjJMWmQkq8QXA3AJUveA,alafaya-florida
https://www.ubereats.com/orlando/food-delivery/the-ice-cream-shop/BWpFOObiSOeZsuTsYB00BA,alafaya-florida
https://www.ubereats.com/orlando/food-delivery/jeremiahs-italian-ice-goldenrod/A_UkwpynQVOxhti64OepeQ,alafaya-florida
https://www.ubereats.com/orlando/food-delivery/kiko-japanese-cuisine/XcGiIS-ZTK2xmCYKCK1_ZA,alafaya-florida
https://www.ubereats.com/orlando/food-delivery/hooters-augusta-national-dr-%26-t-g-lee-blvd/8EWc4FaRQ-SnBm1nY7eFFA,alafaya-florida
https://www.ubereats.com/orlando/food-delivery/the-bowls-house/39HpZc77TMyK-NL2Vw7LjA,alafaya-florida
https://www.ubereats.com/orlando/food-delivery/boston-market-4201-e-colonial-drive/PbMRZIdXSSqpR793bz5Muw,alafaya-florida
https://www.ubereats.com/orlando/food-delivery/tainos-bakery/9PyPcQBZTNC-9TbCrrwqHg,alafaya-florida
https://www.ubereats.com/orlando/food-delivery/romanos-macaroni-grill-oviedo/RX-GVkBKQhaPf1RGGIPeDA,alafaya-florida
https://www.ubereats.com/orlando/food-delivery/planet-smoothie-7538-university-blvd-ste-29/2fqZZXwITVKvSwxH2ohgxA,alafaya-florida
https://www.ubereats.com/orlando/food-delivery/starbucks-305-mitchell-hammock-road/VXQlXwCpRRSEtt34X9A1Xw,alafaya-florida
https://www.ubereats.com/orlando/food-delivery/hungry-howies-ucf/EeHqh-CiSHyYeiBQ0iJkQg,alafaya-florida
https://www.ubereats.com/orlando/food-delivery/baldwin-park-pizza/kNbpAW6cQAChh4NjAio6Jg,alafaya-florida
https://www.ubereats.com/orlando/food-delivery/firehouse-subs-mariners-village/ZQXRb0EJQeixm-_V-XwVig,alafaya-florida
https://www.ubereats.com/orlando/food-delivery/zaxbys-7061-narcoossee-rd/vzsPd4fISiuUw1ccyABAjg,alafaya-florida
https://www.ubereats.com/orlando/food-delivery/arepera-la-nueva/LPDV0GisQMqmivL1JoFgPg,alafaya-florida
https://www.ubereats.com/orlando/food-delivery/tijuana-flats-university/241axImgTyajCh4tSk2kEA,alafaya-florida
https://www.ubereats.com/orlando/food-delivery/pho-au-lac/3NOED1nnR5yUzKMgvnzQ_g,alafaya-florida
https://www.ubereats.com/orlando/food-delivery/mcdonalds-11250-e-colonial-dr/gY1jqdmLTyOevt-z_1A8sg,alafaya-florida
https://www.ubereats.com/orlando/food-delivery/dunkin-10360-e-colonial-dr/E_SfeV5VRbChfokvPmL0JQ,alafaya-florida
https://www.ubereats.com/orlando/food-delivery/lechonera-el-caribe/FZe1I3eQSGuFeeuzndyTjQ,alafaya-florida
https://www.ubereats.com/orlando/food-delivery/tijuana-flats-oviedo/GQ42ga6uSBSsDvrZY6VadA,alafaya-florida
https://www.ubereats.com/orlando/food-delivery/kobe-japanese-steakhouse-%26-sushi-bar-alafaya/mKsIrMipSuerrQpE-UvE9g,alafaya-florida
https://www.ubereats.com/orlando/food-delivery/panda-express-688-north-alafaya-trail/Z1wPFpxDT4eMY5userSHdA,alafaya-florida
https://www.ubereats.com/orlando/food-delivery/planet-wings/cFR3MTVjRsG8iIhEsqIaxw,alafaya-florida
https://www.ubereats.com/orlando/food-delivery/taco-bell-6065-s-goldenrod-rd/S3MuyZwlQB-k5On56g3WcA,alafaya-florida
https://www.ubereats.com/orlando/food-delivery/the-wing-experience-303-n-alafaya-tr/fk5UNCgjSx2kQHp-rQHKZw,alafaya-florida
https://www.ubereats.com/orlando/food-delivery/vegan-tandoori-bowl/03nZEzxaSDyGKiUptB7RwQ,alafaya-florida
https://www.ubereats.com/orlando/food-delivery/thai-villa-restaurant/khgt-2KzSjWipRQNZ5ynlw,alafaya-florida
https://www.ubereats.com/orlando/food-delivery/menchies-frozen-yogurt-45-w-mitchell-hammock-rd/W0Fg7ZMXSxuqqKUcU6z02Q,alafaya-florida
https://www.ubereats.com/orlando/food-delivery/fuzzys-taco-shop/anv4qy-3TX-k8llvmfU7dA,alafaya-florida
https://www.ubereats.com/orlando/food-delivery/gators-dockside-winter-springs/1LCeaLpeTIeWpNWaoGaeDw,alafaya-florida
https://www.ubereats.com/orlando/food-delivery/carrabbas-5820-red-bug-lake-road/cnpRCR8lQKuFktFX3Ihzkw,alafaya-florida
https://www.ubereats.com/orlando/food-delivery/light-on-the-sugar/M9XNU6jJRZerDsJeNLwSaw,alafaya-florida
https://www.ubereats.com/orlando/food-delivery/twisted-root-burger-co/iskfATaeTg6cyB-7YE3M9A,alafaya-florida
https://www.ubereats.com/orlando/food-delivery/jjs-fusion-grille-winter-park/NVg-fNKkTSG-F-cZtHo9aw,alafaya-florida
https://www.ubereats.com/orlando/food-delivery/rock-%26-brews-orlando/hJpIVIQrRWWParApmNNj3Q,alafaya-florida
https://www.ubereats.com/orlando/food-delivery/el-sandwichon-%23-2-orlando-fl/Y7xW1P9dRxaWUsrhFI0CiA,alafaya-florida
https://www.ubereats.com/orlando/food-delivery/siam-garden-thai-restaurant/cCf7WOv2Tq6KP2nD7CEudw,alafaya-florida
https://www.ubereats.com/orlando/food-delivery/planet-smoothie-howell/hA3tXkgVSmWKBJauTV47Hw,alafaya-florida
https://www.ubereats.com/orlando/food-delivery/panda-chinese-restaurant/a2nXVcElQ_6X_NjuTPfuRw,alafaya-florida
https://www.ubereats.com/orlando/food-delivery/wendys-3019-lamberton-blvd/4ViSwRCRQNWsa0wBsVUgvA,alafaya-florida
https://www.ubereats.com/orlando/food-delivery/peters-kitchen-china-bistro/5Ffr5n4gQaq5dUxHUYZ0TA,alafaya-florida
https://www.ubereats.com/orlando/food-delivery/outback-steakhouse-10749-narcoossee-road/_PVelb_3Qf6ccgjwdaA8Ng,alafaya-florida
https://www.ubereats.com/orlando/food-delivery/tin-%26-taco-alafaya-trail/-EHGTf6ET_W8jZhFlb-qbA,alafaya-florida
https://www.ubereats.com/orlando/food-delivery/fresh-kitchen-waterford/aJVrr2RIThy4kwHcLTYYtQ,alafaya-florida
https://www.ubereats.com/orlando/food-delivery/outback-steakhouse-6845-s-semoran-blvd/9VPqaB1FRmuXRktNcQtm5Q,alafaya-florida
https://www.ubereats.com/orlando/food-delivery/saladaf-aloma/mdThJ7oUR8OmSSWOzPjurw,alafaya-florida
https://www.ubereats.com/orlando/food-delivery/jersey-mikes-e-broadway-st-%26-lockwood-blvd/WO63aXcyT0edyEbkdNaE6Q,alafaya-florida
https://www.ubereats.com/orlando/food-delivery/smac-food-truck/GrT680sLSH2CJZ_8-0irVw,alafaya-florida
https://www.ubereats.com/orlando/food-delivery/wing-street-university/udHPDarTQai4lZHzyVn3bA,alafaya-florida
https://www.ubereats.com/orlando/food-delivery/burger-king-728-s-alafaya-trail/BMKnKiG2TmeH6GWmMElvBA,alafaya-florida
https://www.ubereats.com/orlando/food-delivery/world-of-beer-3402-technological-ave/vwUMN3ABRU6tXw73EV-Hqw,alafaya-florida
https://www.ubereats.com/orlando/food-delivery/island-thyme-caribbean-grille/wt05dRfUTEKYJjzZUedwUQ,alafaya-florida
https://www.ubereats.com/orlando/food-delivery/jersey-mikes-red-bug-lake-rd-%26-tuskawilla-rd/3wP3vh7uSuGLiFCqXbZxMQ,alafaya-florida
https://www.ubereats.com/orlando/food-delivery/meis-kitchen/4mvU_dfYTNKLym-u7sWDLQ,alafaya-florida
https://www.ubereats.com/orlando/food-delivery/mi-viejo-san-juan/JA7g0NEtRCmkraY2YSJtvQ,alafaya-florida
https://www.ubereats.com/orlando/food-delivery/circostas-italian-ristorante/lMIlM7nMTL6oXEQUnR9vhQ,alafaya-florida
https://www.ubereats.com/orlando/food-delivery/ihop-casselberry/omqmC0V6QOmftDvU3ABFFw,alafaya-florida
https://www.ubereats.com/orlando/food-delivery/bjs-restaurant-and-brewhouse-8285-red-bug-lake-road/zvJG4hY5Sh-ow1-qpRKqaw,alafaya-florida
https://www.ubereats.com/orlando/food-delivery/ali-babas-deli/hPSwp5QGQP-exqb6iu-3DQ,alafaya-florida
https://www.ubereats.com/orlando/food-delivery/mecatos-bakery-%26-cafe/0ZEJKGLeQnGs-Ygs-eqsFw,alafaya-florida
https://www.ubereats.com/orlando/food-delivery/ihop-795-s-semoran-blvd/-i2HZPkIRr-iN3RmKQLwWQ,alafaya-florida
https://www.ubereats.com/orlando/food-delivery/pizza-hut-563-s-chickasaw-trl/PMxANHa0Qcqj4M3-rhmdjw,alafaya-florida
https://www.ubereats.com/orlando/food-delivery/sonnys-bbq-winter-park/kKk5SVcpTtuTzsnFufAnbg,alafaya-florida
https://www.ubereats.com/orlando/food-delivery/sushi-%26-poke-express-101/zrLo8nohTyiReXIsyyQ1-A,alafaya-florida
https://www.ubereats.com/orlando/food-delivery/gators-dockside-baldwin-park/V8AmxwmCSyOYTv817vjqMw,alafaya-florida
https://www.ubereats.com/orlando/food-delivery/napoli-pizza-restaurant/et5lyBrYQPub-7aAXdNghA,alafaya-florida
https://www.ubereats.com/orlando/food-delivery/pizza-hut-1875-w-county-road-419-ste-100/W_I7RyetQ22cUv_kLDb9Vw,alafaya-florida
https://www.ubereats.com/orlando/food-delivery/tijuana-flats-tuskaloma/Qt1FCuGCQ-WIN9FcM7ZnSQ,alafaya-florida
https://www.ubereats.com/orlando/food-delivery/lazy-moon-pizza-university/0zenVpiuSaWoTTXBOq5jXg,alafaya-florida
https://www.ubereats.com/orlando/food-delivery/steak-n-shake-443-n-semoran-blvd/mDLlsUn8TDuc4ALI2xNTdw,alafaya-florida
https://www.ubereats.com/orlando/food-delivery/clean-juice-945-city-plaza-way/wf0Mh3QUQ_KbFog-j4KLxQ,alafaya-florida
https://www.ubereats.com/orlando/food-delivery/gators-dockside-waterford-lakes/KSaFMIk3QWOBXlua3LVBvg,alafaya-florida
https://www.ubereats.com/orlando/food-delivery/taco-bell-4225-e-colonial-drive/pik9WgC4SxGSoDadw9cSXQ,alafaya-florida
https://www.ubereats.com/orlando/food-delivery/3-natives-orlando/Gd-ZIZe7QHmpmcEE6yW12w,alafaya-florida
https://www.ubereats.com/orlando/food-delivery/407-cafe/NvQ10XpJRYWVq1BBlFT0kw,alafaya-florida
https://www.ubereats.com/orlando/food-delivery/azteca-doro-university/JWKlCXNKQbChiviKEP5SAw,alafaya-florida
https://www.ubereats.com/orlando/food-delivery/bentology/IvzmdlXGTvqRFkqBxni0hA,alafaya-florida
https://www.ubereats.com/orlando/food-delivery/tokyo-steakhouse-and-sushi-bar/rux8vJPHRfeshU3q3_GcUg,alafaya-florida
https://www.ubereats.com/orlando/food-delivery/tgi-fridays-2633-orlando-airport-fl/g5eZZTLWTaCyWC_RbsFGbw,alafaya-florida
https://www.ubereats.com/orlando/food-delivery/broadway-ristorante-%26-pizzeria/nyOj-tzyQLCSbAEnfFNL0w,alafaya-florida
https://www.ubereats.com/orlando/food-delivery/chuan-lu-garden-ucf-orlando-2/kmHXiN-nTs2WqRpHwjokMg,alafaya-florida
https://www.ubereats.com/orlando/food-delivery/tropical-smoothie-cafe-45-west-mitchell-hammock-road-suite-1351/iI6IOmDISHqKHeE4hnBcAg,alafaya-florida
https://www.ubereats.com/orlando/food-delivery/orlando-fuji-sushi/OYGtROAjSs-3i_J886ykMQ,alafaya-florida
https://www.ubereats.com/orlando/food-delivery/izziban-sushi-%26-bbq-e-colonial-dr/Ohu5UAxbSXCyo-cgURFi1w,alafaya-florida
https://www.ubereats.com/orlando/food-delivery/five-guys-fl-1770-5848-red-bug-lake-rd/c623m1TyQPqdBpdEZtHXEg,alafaya-florida
https://www.ubereats.com/orlando/food-delivery/little-greek-fresh-grill-lee-vista-promenade/L0EuDcjERZidPqXCFWmu0Q,alafaya-florida
https://www.ubereats.com/orlando/food-delivery/7054-bonefish-grill-12301-lake-underhill-rd/nhCigiRVSfSvjBZG7n2FtQ,alafaya-florida
https://www.ubereats.com/orlando/food-delivery/pasquallys-pizza-%26-wings-449-n-alafaya-trail/-psC2nqbSIOc0YpchZEkYg,alafaya-florida
https://www.ubereats.com/orlando/food-delivery/steak-n-shake-2700-s-semoran-blvd/sWT4W_AqTL-SB-gF2ASaAg,alafaya-florida
https://www.ubereats.com/orlando/food-delivery/sno-tea-caffe/dvRPhS3zQ0GoaMbBTFo-CQ,alafaya-florida
https://www.ubereats.com/orlando/food-delivery/latin-raices-catering/_6H3mwBYRBuYrC0A_9y-7A,alafaya-florida
https://www.ubereats.com/orlando/food-delivery/summer-palace/cNzddDo6TwqzAOjCTnJNJQ,alafaya-florida
https://www.ubereats.com/orlando/food-delivery/paisanos-pizza-4270-aloma-avenue/37yPVmacSyClUCRcpMzACQ,alafaya-florida
https://www.ubereats.com/orlando/food-delivery/taqueria-las-cazuelas/qYFi1VZeS1ucXI35lU9jww,alafaya-florida
https://www.ubereats.com/orlando/food-delivery/dennys-e-colonial-dr/zXCC0v2tT7eqIeuOiyab_A,alafaya-florida
https://www.ubereats.com/orlando/food-delivery/super-orient-buffet/d87xqPpcSz2rFb4ZVRNbqg,alafaya-florida
https://www.ubereats.com/orlando/food-delivery/bento-asian-kitchen-%2B-sushi-ucf-area/8-tq3UQiTx-GWBitl9gVxA,alafaya-florida
https://www.ubereats.com/orlando/food-delivery/papa-johns-1016-lockwood-blvd/_rG8ALJrT6-vsEk4ipBuhw,alafaya-florida
https://www.ubereats.com/orlando/food-delivery/wok-n-kebab/2u9ai5bERyOaYR5bblwOkg,alafaya-florida
https://www.ubereats.com/orlando/food-delivery/chicken-sandwich-shop/K2xNiQ8RRaSavjaMmvzXdA,alafaya-florida
https://www.ubereats.com/orlando/food-delivery/starbucks-12011-university-blvd/XigSyp_TRrOESgeI09DvEQ,alafaya-florida
https://www.ubereats.com/orlando/food-delivery/papa-johns-7354-curry-ford-road/GLw6laoURmKlmcIEVFgODA,alafaya-florida
https://www.ubereats.com/orlando/food-delivery/joury-ice-cream-%26-cafe/2XcJtjXAQ4uCHCMHvoEDtw,alafaya-florida
https://www.ubereats.com/orlando/food-delivery/%237296-subway-1425-tuskawilla-rd/M8zseqL6QsGUDvSosiNmDQ,alafaya-florida
https://www.ubereats.com/orlando/food-delivery/frozen-nitrogen-ice-cream-ucf/Pc0n6DLwSdWP1KbIKVhgqA,alafaya-florida
https://www.ubereats.com/orlando/food-delivery/quickly-boba-%26-tea-aloma/y69JAe0pQJqkxPT9KT0AWw,alafaya-florida
https://www.ubereats.com/orlando/food-delivery/arbys-951-lockwood-blvd/fL5m1ZDvSeGzNP53ub8cmw,alafaya-florida
https://www.ubereats.com/orlando/food-delivery/planet-smoothie-alafaya-trail/NYTkqgkOT6Ka6aoqZhbcvg,alafaya-florida
https://www.ubereats.com/orlando/food-delivery/giant-panda-orlando/ZjGsnlidR-WyhtJjBTK39Q,alafaya-florida
https://www.ubereats.com/orlando/food-delivery/zoes-kitchen-441-n-alafaya-trail-suite-%23l-4/A-fNCL9sTKqwODLMjpsXWw,alafaya-florida
https://www.ubereats.com/orlando/food-delivery/red-lobster-3552-east-colonial-drive/OxXYuc6MSlaM_-a-8dFs5w,alafaya-florida
https://www.ubereats.com/orlando/food-delivery/colibri-mexican-cuisine/BJupRa86R_efQ8hj6ytL0Q,alafaya-florida
https://www.ubereats.com/orlando/food-delivery/dunkin-7707-e-colonial-dr/OLny5-AUTh6VIMZKzXA2ug,alafaya-florida
https://www.ubereats.com/orlando/food-delivery/jersey-mikes-technological-ave-%26-university-blvd/aE9u1EbPRnyJ1NI8wC1DAQ,alafaya-florida
https://www.ubereats.com/orlando/food-delivery/5-%26-diner-orlando/O2L3LD3UTFimq61FiZaG_A,alafaya-florida
https://www.ubereats.com/orlando/food-delivery/applebees-12103-collegiate-way/MBy49an3Tm--JVuejKb2ow,alafaya-florida
https://www.ubereats.com/orlando/food-delivery/zaza-new-cuban-diner-waterford-lakes/e-YZKSeeS7-M2gfLevKE1g,alafaya-florida
https://www.ubereats.com/orlando/food-delivery/wing-shack-orlando/acAC0jlyTbySYn3wOKpWrQ,alafaya-florida
https://www.ubereats.com/orlando/food-delivery/toasted-winter-park-fl/oIViNQMgRsSqNbygv_wBMQ,alafaya-florida
https://www.ubereats.com/orlando/food-delivery/outback-steakhouse-215-w-east-mitchell-hammock-road/2oQj_MGbRPe9ynfMPKna-g,alafaya-florida
https://www.ubereats.com/orlando/food-delivery/marlows-tavern-waterford-lakes/1Y-orMPGSkWWQCuCpEogIA,alafaya-florida
https://www.ubereats.com/orlando/food-delivery/dragon-court/OBQti1o2QrOI2mOH0X-d3A,alafaya-florida
https://www.ubereats.com/orlando/food-delivery/mi-pan-boricua-cafe/BAj-lUOeR9atR8gf45wqYA,alafaya-florida
https://www.ubereats.com/orlando/food-delivery/thats-a-wrap-cafe/DkuJ5pbdQfOWI9CQZ7sUMQ,alafaya-florida
https://www.ubereats.com/orlando/food-delivery/nunos-cafe/-LkZZD3oTgSGmKpPLU9KiA,alafaya-florida
https://www.ubereats.com/orlando/food-delivery/dairy-queen-grill-%26-chill-7825-e-colonial-dr/MYjto2g8SQWGQ7_2zgiVtg,alafaya-florida
https://www.ubereats.com/orlando/food-delivery/tortilleria-el-progreso/s49BvT-4QE-GPvcB009JeQ,alafaya-florida
https://www.ubereats.com/orlando/food-delivery/tibbys-new-orleans-kitchen-winter-park/MhknbfMJQt221KMPLQL06g,alafaya-florida
https://www.ubereats.com/orlando/food-delivery/annas-polish-restaurant/A4FuOlpcSXmfPHZRp63NSA,alafaya-florida
https://www.ubereats.com/orlando/food-delivery/papa-lozzi-italia/F7RRjwBGSzqz70PcTACgAg,alafaya-florida
https://www.ubereats.com/orlando/food-delivery/dragon-king-bbq/0PHNmW9bSWSV_W48smB2IA,alafaya-florida
https://www.ubereats.com/orlando/food-delivery/bonchon-chicken-504-n-alafaya-trail/3KO9b3J-QzSDOb-saqeQYg,alafaya-florida
https://www.ubereats.com/orlando/food-delivery/pesaros-pizzeria-and-ristorante/Ztj9NfwMRceOecLOpLLS4w,alafaya-florida
https://www.ubereats.com/orlando/food-delivery/%23632-subway-10924-e-colonial-dr/ztMch3U_Q_OI9sguVM8Gdg,alafaya-florida
https://www.ubereats.com/orlando/food-delivery/pasta-palace/vPfG_OLLQTW1kKwySjAB2Q,alafaya-florida
https://www.ubereats.com/orlando/food-delivery/astro-orlando/Dz-LBymeRp268BAI4fPEcQ,alafaya-florida
https://www.ubereats.com/orlando/food-delivery/aroogas-winter-park/fBS29KoISgGs6qSSlrmW6g,alafaya-florida
https://www.ubereats.com/orlando/food-delivery/the-earthy-kitchen/2ll8PlI4Svi9miSkfV3G6A,alafaya-florida
https://www.ubereats.com/orlando/food-delivery/tacos-el-rancho-chickasaw-trail-orlando-fl/bZk5s7Z5TAOYgoelgat5fA,alafaya-florida
https://www.ubereats.com/orlando/food-delivery/habaneros-mexican-restaurant/E2-f8Os3RyKXMxD8yMgdfQ,alafaya-florida
https://www.ubereats.com/orlando/food-delivery/the-mediterranean-spot-deli-%26-gyros-orlando/adLmpSU5SRa2aSR_wTNj7Q,alafaya-florida
https://www.ubereats.com/orlando/food-delivery/china-brothers/v6Cc4UZRROevRWv2VRSDGg,alafaya-florida
https://www.ubereats.com/orlando/food-delivery/island-fin-poke/3-v3hbi7TkKWkSaBRUZp-Q,alafaya-florida
https://www.ubereats.com/orlando/food-delivery/wendys-11734-e-colonial-dr/ZyAH_3zZTcKJAwfhXWykEg,alafaya-florida
https://www.ubereats.com/orlando/food-delivery/firkin-pub/DBH0ewsDQveVS-3fxno2tQ,alafaya-florida
https://www.ubereats.com/orlando/food-delivery/krispy-krunchy-chicken/OtVK7A5HRG2mY9bPw-eCBw,alafaya-florida
https://www.ubereats.com/orlando/food-delivery/golden-krust-orlando/1ceKomu1QvCf_acJL0wQug,alafaya-florida
https://www.ubereats.com/orlando/food-delivery/krispy-kreme-s-orlando-ave-%26-miller-ave/vn0rSaKJTda8kAVLcyI1oQ,alafaya-florida
https://www.ubereats.com/orlando/food-delivery/choulala/FaMBI2LLTjOvDcSQ81c6Mg,alafaya-florida
https://www.ubereats.com/orlando/food-delivery/taco-bell-1859-w-county-road-419/aY_hDbXSRamTlYQi98nCUA,alafaya-florida
https://www.ubereats.com/orlando/food-delivery/what-a-rib-bbq/_ZGylKylQKm6b1cLw0otww,alafaya-florida
https://www.ubereats.com/orlando/food-delivery/shaka-shaka-tea-house-orlando/tSaJj2wNTJWhGFrNHCA80w,alafaya-florida
https://www.ubereats.com/orlando/food-delivery/hooties-burger-bar-7222-augusta-national-dr/vGXfaLetSu6ldm3sNTtUDQ,alafaya-florida
https://www.ubereats.com/orlando/food-delivery/jamaican-cuisine-jerk-spot-%26-lounge/ridPQA-kSVavxqft4ANSqQ,alafaya-florida
https://www.ubereats.com/orlando/food-delivery/huey-magoos-chicken-tenders-oviedo/JkFfZTySTRqi4F3qbyNBtg,alafaya-florida
https://www.ubereats.com/orlando/food-delivery/pizza-hut-wing-street-waterford/jev0EqipQ622V8LSbBZi4A,alafaya-florida
https://www.ubereats.com/orlando/food-delivery/mcdonalds-curry-ford-%26-dean/JXMF1CjPRRSRYAPvbfF5WQ,alafaya-florida
https://www.ubereats.com/orlando/food-delivery/halal-international-food-mart/HB9Kgzw6Q4WuOW0WEDBcWA,alafaya-florida
https://www.ubereats.com/orlando/food-delivery/wendys-3700-aloma-ave/5EDlR1nIT8-FzHMmF2KN_A,alafaya-florida
https://www.ubereats.com/orlando/food-delivery/starbucks-599-s-chickasaw-trail/KyxfHy5eQEqW0RTvHZGyHQ,alafaya-florida
https://www.ubereats.com/orlando/food-delivery/first-watch-ucf/GWOZl_7jTNGiJ2lwbxDEmw,alafaya-florida
https://www.ubereats.com/orlando/food-delivery/chipotle-mexican-grill-327-e-mitchell-hammock-rd/rZCbTmv3QUiQlfLmQ76jBg,alafaya-florida
https://www.ubereats.com/orlando/food-delivery/wendys-90-w-mitchell-hammock-rd/K44F8DJKRfC6vCl-7gsGgg,alafaya-florida
https://www.ubereats.com/orlando/food-delivery/los-autenticos-cuban-cafe-orlando/jUnFoszVRdeGjxljfhsSlw,alafaya-florida
https://www.ubereats.com/orlando/food-delivery/tienda-mexicana-jalisco-orlando/AK8IyaMvQGuhCSWX-yeGCw,alafaya-florida
https://www.ubereats.com/orlando/food-delivery/bad-as-sandwich/7JJ1Ia0oQgWpq2w008GF-A,alafaya-florida
https://www.ubereats.com/orlando/food-delivery/the-simple-greek-city-plaza/Zu23VM5ZQ2KSPoQikCxniw,alafaya-florida
https://www.ubereats.com/orlando/food-delivery/slapfish/CUoeZg6NSXWjj7DK4bj8dg,alafaya-florida
https://www.ubereats.com/orlando/food-delivery/king-bao-waterford/2fdCSHphRamctwzBu1ttKg,alafaya-florida
https://www.ubereats.com/orlando/food-delivery/%2354222-subway-588-s-alafaya-trail/JG8BAcf_ThWe9DIi6DzLVQ,alafaya-florida
https://www.ubereats.com/orlando/food-delivery/pizza-hut-1001-n-semoran-blvd/c6e0z_7TQXuLM4hciJKonA,alafaya-florida
https://www.ubereats.com/orlando/food-delivery/five-guys-fl-0349-551-n-alafaya-trail/9qihmDFeSECypOrKjylRpw,alafaya-florida
https://www.ubereats.com/orlando/food-delivery/chicagos-astro-dogs/d-aEpuwFSbqCHAxpWQBTaw,alafaya-florida
https://www.ubereats.com/orlando/food-delivery/juniors-pizza-%26-more/DJb8Kmw4SoeYmhjijUz0yg,alafaya-florida
https://www.ubereats.com/orlando/food-delivery/casa-nostra-pizzeria-inc/obu6VXm6TduDr_BxJrNPMw,alafaya-florida
https://www.ubereats.com/orlando/food-delivery/newks-eatery-alafaya/ynoOn00wQJyKP2YrtDsF9w,alafaya-florida
https://www.ubereats.com/orlando/food-delivery/chuck-e-cheese-449-n-alafaya-trl/6jFT0cyGTqmJ6HXEE0fGEw,alafaya-florida
https://www.ubereats.com/orlando/food-delivery/chewy-boba-alafaya/lbjqi6SFR_aurDRKBzSz0w,alafaya-florida
https://www.ubereats.com/orlando/food-delivery/the-ice-cream-shop/IeQlJ3vMQ12FoUTNt14Cmw,alafaya-florida
https://www.ubereats.com/orlando/food-delivery/boston-market-12140-lake-underhill-road/LcXHAgfsST63g3SuGbhEFg,alafaya-florida
https://www.ubereats.com/orlando/food-delivery/old-cuban-cafe-orlando-2/OjEncalSSMidj-7LF6iPew,alafaya-florida
https://www.ubereats.com/orlando/food-delivery/willies-pinchos-orlando/1gdDyPpQSgerxoLIK9jcLg,alafaya-florida
https://www.ubereats.com/orlando/food-delivery/latino-grosery-spanish-food/pFOTuv9qTCS_kACIk7K05A,alafaya-florida
https://www.ubereats.com/orlando/food-delivery/jays-hideout/kxVKP4yGR--S-cPOuPjpaQ,alafaya-florida
https://www.ubereats.com/orlando/food-delivery/dunkin-3635-aloma-ave-suite-101/WhyPrSn5TT-SwpV15X0f5g,alafaya-florida
https://www.ubereats.com/orlando/food-delivery/%2335655-subway-7480-university-blvd/-75XGW7pR52hj7sgwq1vhQ,alafaya-florida
https://www.ubereats.com/orlando/food-delivery/tijuana-flats-avalon-park/95rUDZ4mTby6sxQcsLQrEA,alafaya-florida
https://www.ubereats.com/orlando/food-delivery/brooklyn-calzones/fyKO_cBDTyOVQOalJQGxLQ,alafaya-florida
https://www.ubereats.com/orlando/food-delivery/dairy-queen-grill-%26-chill-960-w-mitchell-hammock-rd/N8Il2Aj2QyW7g4xT0ss7qA,alafaya-florida
https://www.ubereats.com/orlando/food-delivery/4-rivers-smokehouse-ucf-orlando/V5FdHXy6Ro2dZA478Z6ufg,alafaya-florida
https://www.ubereats.com/orlando/food-delivery/papa-johns-1675-n-avalon-park-blvd/PN_lAVtfQgKAHMkt7SQszw,alafaya-florida
https://www.ubereats.com/orlando/food-delivery/kfc-4250-aloma-ave/eR5q0YL4TuqDzRhj_QWe8g,alafaya-florida
https://www.ubereats.com/orlando/food-delivery/sweet-by-holly/AeyNe-IbSmWNsKLqIvVu-g,alafaya-florida
https://www.ubereats.com/orlando/food-delivery/pizzeria-valdiano-waterford-lakes/j0vaDVqGSV6hFY1Eo693Tg,alafaya-florida
https://www.ubereats.com/orlando/food-delivery/pho-cali-%26-quickly-boba/YxtRikdxQX2bKBodbY3FLg,alafaya-florida
https://www.ubereats.com/orlando/food-delivery/dam-good-chocolate-co/n7QGtCIXTOCwbzlN7ruU1w,alafaya-florida
https://www.ubereats.com/orlando/food-delivery/bento-asian-kitchen-%2B-sushi-oviedo/y_HSIhEJQYGaHReTdVm_pA,alafaya-florida
https://www.ubereats.com/orlando/food-delivery/starbucks-4650-n-alafaya-trail/RO-RSIG2TESic-t43qgTIg,alafaya-florida
https://www.ubereats.com/orlando/food-delivery/mellow-mushroom-winter-park/mP8FJ_8vTbOAhvg6XKzSGQ,alafaya-florida
https://www.ubereats.com/orlando/food-delivery/sus-hi-eatstation-chickasaw/7ynVyECJQQOwVbYg_6uJ0g,alafaya-florida
https://www.ubereats.com/orlando/food-delivery/chicagos-italian-beef-company/ewagvaSyT6GCAc1tlBlXJA,alafaya-florida
https://www.ubereats.com/orlando/food-delivery/sabor-del-caribe/33AtPe2ZTnK_dmA9NrAQOA,alafaya-florida
https://www.ubereats.com/orlando/food-delivery/steak-n-shake-12035-east-colonial-drive/Ikrg2nn0S-q6nI9h6fpm7w,alafaya-florida
https://www.ubereats.com/orlando/food-delivery/smokey-bones-fashion-sq/6-1Ep9r5S56o9TSr3Dw1JQ,alafaya-florida
https://www.ubereats.com/orlando/food-delivery/the-meatball-stoppe/yBDto8eNQ2-X2HhNvMY39Q,alafaya-florida
https://www.ubereats.com/orlando/food-delivery/quickly-boba-cafe-by-ucf/48binw5TTlaOjJQ-UTufLQ,alafaya-florida
https://www.ubereats.com/orlando/food-delivery/stefanos-trattoria-winter-springs/N5AU0MYjQwyUi3YXc5yHNg,alafaya-florida
https://www.ubereats.com/orlando/food-delivery/dunkin-654-s-goldenrod-rd/aD_oopKjRr-B8DxR5fou2Q,alafaya-florida
https://www.ubereats.com/orlando/food-delivery/tandoori-bowl/1v31aaiwQeqdcF-gzMphaw,alafaya-florida
https://www.ubereats.com/orlando/food-delivery/gringos-locos-ucf/8AsrRvjoSAaAPKEnYh50ew,alafaya-florida
https://www.ubereats.com/orlando/food-delivery/arcade-monsters/9Ufyoj22Qqa6hJiYZ5EH7w,alafaya-florida
https://www.ubereats.com/orlando/food-delivery/kyoto-sushi-%26-grill-lee-vista/4uZgv0USTzGUtMbkEiqG6Q,alafaya-florida
https://www.ubereats.com/orlando/food-delivery/subway-4650-n-alafya-trail/awRVI_8CSRyBHlTr3E4L9g,alafaya-florida
https://www.ubereats.com/orlando/food-delivery/rolled-ice-cream/buPLUt2PSoClWjvEkxPwlg,alafaya-florida
https://www.ubereats.com/orlando/food-delivery/mikes-italian-ice/_PEBHoQmRLmF-8OJ_dObDg,alafaya-florida
https://www.ubereats.com/orlando/food-delivery/bar-louie-orlando-ucf/colkAcVVRmydOe88kqKnUA,alafaya-florida
https://www.ubereats.com/orlando/food-delivery/coffee-factory-%26-cafe/59bMPr0GRf2sylVrIv97tA,alafaya-florida
https://www.ubereats.com/orlando/food-delivery/chai-thai-cuisine-orlando-2/SRvo816LTsmSlUTTiyH29w,alafaya-florida
https://www.ubereats.com/orlando/food-delivery/steak-n-shake-11700-university-boulevard/1IQoCXT6SZ2fCVh0Wze1nQ,alafaya-florida
https://www.ubereats.com/orlando/food-delivery/eastside-bistro-avalon-park/ofssaUpHTUSqh--OgG2GAQ,alafaya-florida
https://www.ubereats.com/orlando/food-delivery/the-ice-cream-shop/MldVI81mR-Kpp5-9RhYJ7Q,alafaya-florida
https://www.ubereats.com/orlando/food-delivery/firehouse-subs-winter-springs/yJx808MHRFiybbyolcE3uQ,alafaya-florida
https://www.ubereats.com/orlando/food-delivery/firehouse-subs-winter-park/JB1M0DviS-aUAXCntC4Q2Q,alafaya-florida
https://www.ubereats.com/orlando/food-delivery/lechonera-latina-orlando-2/oMT56C2LSImdKwziearmeg,alafaya-florida
https://www.ubereats.com/orlando/food-delivery/habibi-lebanese-restaurant/a1tGEYRiRqqSp-4_dEiQyw,alafaya-florida
https://www.ubereats.com/orlando/food-delivery/407-cafe-narcoossee/QLym5eHzT4G9NLatFhsrSw,alafaya-florida
https://www.ubereats.com/orlando/food-delivery/pio-pio-orlando/AKDQo2vgRq-i3v5kQ5EE-Q,alafaya-florida
https://www.ubereats.com/orlando/food-delivery/mcdonalds-ucf/nMHmFFD_SVCZvx1gFefUjA,alafaya-florida
https://www.ubereats.com/orlando/food-delivery/the-original-brooklyn-water-bagel-co-winter-park/Q-Be7dzlTyaDZDwLEGLd-w,alafaya-florida
https://www.ubereats.com/orlando/food-delivery/the-ice-cream-shop/k5FfSUJJQfy4oh3Pq5Y4og,alafaya-florida
https://www.ubereats.com/orlando/food-delivery/bolay-winter-park/fK-sSBpXRDq9Efxu-9qUag,alafaya-florida
https://www.ubereats.com/orlando/food-delivery/cappadocia-turkish-cuisine/J5zJdggnRquE0gG3RIoqtg,alafaya-florida
https://www.ubereats.com/orlando/food-delivery/ihop-5463-gateway-village-cir/VYyW-fhESMiQ_YPUgBaiQw,alafaya-florida
https://www.ubereats.com/orlando/food-delivery/hot-luck-chicken-waterford-lakes/H5Jx2cinRG-ZZOpQO_o39g,alafaya-florida
https://www.ubereats.com/orlando/food-delivery/california-pizza-kitchen-695-n-alafaya-trl/9JFWb4nnRHuqpGPllxaDFQ,alafaya-florida
https://www.ubereats.com/orlando/food-delivery/kellys-homemade-ice-cream-central-ave/Uet9OUO6Rk2cQYhLDop2gA,alafaya-florida
https://www.ubereats.com/orlando/food-delivery/rosati-pizza-winter-park/vaj1ijPISBuahvF5UHH_pg,alafaya-florida
https://www.ubereats.com/orlando/food-delivery/wings-n-fire/-tU3ecL3QBWsOrg6Hc42ng,alafaya-florida
https://www.ubereats.com/orlando/food-delivery/durian-durian-fusion-thai-cuisine/tpkNTKo1SmiMChv19gePNQ,alafaya-florida
https://www.ubereats.com/orlando/food-delivery/roque-pub-orlando/V0pBkKUATWW76I6y0ZYMag,alafaya-florida
https://www.ubereats.com/orlando/food-delivery/uncle-maddios-pizza-orlando/YRfVcdngTDmyhfAsK4medw,alafaya-florida
https://www.ubereats.com/orlando/food-delivery/cuppasta-%26-pizza/Uj5xYp9GTjWCd0o9Wu6bYQ,alafaya-florida
https://www.ubereats.com/orlando/food-delivery/jeremiahs-italian-ice-winter-park/ComirthAQb2ZjAH3kXaJEA,alafaya-florida
https://www.ubereats.com/orlando/food-delivery/tropical-smoothie-cafe-oviedo/Qppr_yj-QgWS4umiteKKIw,alafaya-florida
https://www.ubereats.com/orlando/food-delivery/burgerfi-oviedo/9af0kJsHR7W2Lce5wtFUEw,alafaya-florida
https://www.ubereats.com/orlando/food-delivery/healthy-sinsations/YI0a0yX4SKifg5hXdNm0tg,alafaya-florida
https://www.ubereats.com/orlando/food-delivery/phoresh/7o4OfhkRR7GCS1qJ9FktKQ,alafaya-florida
https://www.ubereats.com/orlando/food-delivery/marios-pizza-%26-subs/0FypgledR8O-HO2x1FtBcQ,alafaya-florida
https://www.ubereats.com/orlando/food-delivery/foxtail-coffee-hourglass/j07xSPw1QfKW4Z4tYifJQQ,alafaya-florida
https://www.ubereats.com/orlando/food-delivery/bolay-oviedo/IcRX1MyER8mC30OQub2oZQ,alafaya-florida
https://www.ubereats.com/orlando/food-delivery/mcdonalds-10401-e-colonial-dr/SdwfRSOERFuYALivq4AQrg,alafaya-florida
https://www.ubereats.com/orlando/food-delivery/planet-smoothie-south-semoran/DQ3LnRRoR5qdplikiaxHCw,alafaya-florida
https://www.ubereats.com/orlando/food-delivery/foxtail-coffee-university-blvd/kQe45-VqR3G3aHpR0tSTMQ,alafaya-florida
https://www.ubereats.com/orlando/food-delivery/saigon-flavors/bwyuGPW3SaqkyzPSQiQMEQ,alafaya-florida
https://www.ubereats.com/orlando/food-delivery/tenders/bZfAHMESQjGff2MklraD3Q,alafaya-florida
https://www.ubereats.com/orlando/food-delivery/the-pop-parlour-ucf/vgo-sDbNQSe9idhGIpBZKg,alafaya-florida
https://www.ubereats.com/orlando/food-delivery/a-aki-sushi-%26-steak-house/RjOynQHtSEqR23y7M56uZw,alafaya-florida
https://www.ubereats.com/orlando/food-delivery/brooklyn-pizza/J241n1UCT3qwYLDq-Px-TA,alafaya-florida
https://www.ubereats.com/orlando/food-delivery/killer-wings/1bt_mnanQTKG3GVIdFSk5Q,alafaya-florida
https://www.ubereats.com/orlando/food-delivery/proccolinos-ristorante-%26-pizzeria-orlando-2/fDmgYQdjR6yc4vE44krfXg,alafaya-florida
https://www.ubereats.com/orlando/food-delivery/mcdonalds-16920-e-colonial/Es-Z5P8RTtiCGHFUADz3rQ,alafaya-florida
https://www.ubereats.com/orlando/food-delivery/mito-sushi-%26-grill/8EWvXszkSTiQ_TglM7u6Vg,alafaya-florida
https://www.ubereats.com/orlando/food-delivery/paradiso-pizzeria-restaurant/PrrnHvJ1QXGCmY9WrNub4g,alafaya-florida
https://www.ubereats.com/orlando/food-delivery/popeyes-louisiana-kitchen-5700-lake-underhill-rd/RKDf2Fj8QdGJTeyQ5pl3OA,alafaya-florida
https://www.ubereats.com/orlando/food-delivery/donut-central-%26-fuelpresso/nfPSBl0YTyKgn4ok5kguyQ,alafaya-florida
https://www.ubereats.com/orlando/food-delivery/el-triunfo-bakery-and-cafe/D0AppR9EQUCZa77GUSouIw,alafaya-florida
https://www.ubereats.com/orlando/food-delivery/royal-thai-cuisine/EAIwFWO8TKGHHgUFJVh7dQ,alafaya-florida
https://www.ubereats.com/orlando/food-delivery/the-donut-patch/xb96fzMoQI-xKYe4pesPdw,alafaya-florida
https://www.ubereats.com/orlando/food-delivery/shaka-shaka-tea-house-winter-park/ONFOUxxORt-L03qbqVXr1A,alafaya-florida
https://www.ubereats.com/orlando/food-delivery/pdq-12195-east-colonial-drive/NptgFnheSECgrE46qoKqhA,alafaya-florida
https://www.ubereats.com/orlando/food-delivery/pollo-tropical-8301-red-bug-lake-rd/P3agVidgQ86LJ7OjAJ6KYg,alafaya-florida
https://www.ubereats.com/orlando/food-delivery/pizza-hut-2335-temple-trl/lb2EgJkCQqS8Sy6SVOVi4Q,alafaya-florida
https://www.ubereats.com/orlando/food-delivery/pizza-hut-700-maguire-blvd/_rgrvvFTQCGy5xZzgzAZMg,alafaya-florida
https://www.ubereats.com/orlando/food-delivery/taco-maker-mexican-grill-lake-underhill-rd/xzvHUHIaSUWqk58c__o-IA,alafaya-florida
https://www.ubereats.com/orlando/food-delivery/dragon-bowl-ramen/uA7tazZ6TK6QBHcZzajeFQ,alafaya-florida
https://www.ubereats.com/orlando/food-delivery/wendys-7693-east-colonial-drive/W2iesyN7RTOgZFrpePNDIw,alafaya-florida
https://www.ubereats.com/orlando/food-delivery/tjs-seafood-shack-oviedo/bPx8iqBbTfG9DLxAXI53Vg,alafaya-florida
https://www.ubereats.com/orlando/food-delivery/junior-colombian-burger-lee-vista/MS4Dp6mEQcOpz7nY_VJ5-g,alafaya-florida
https://www.ubereats.com/orlando/food-delivery/jersey-mikes-lake-underhill-rd-%26-s-alafaya-trail/olvaRHTeToeZk0cOrJuIWQ,alafaya-florida
https://www.ubereats.com/orlando/food-delivery/zaxbys-6503-university-blvd/ld4WxefrQKSPlIGEsJrsJw,alafaya-florida
https://www.ubereats.com/orlando/food-delivery/mediterranean-gourmet-oviedo/H1BTeo_2SLOWJP3YHP82Bw,alafaya-florida
https://www.ubereats.com/orlando/food-delivery/sonnys-bbq-alafaya/P2h_l92rQKizjdmuSxJdsg,alafaya-florida
https://www.ubereats.com/orlando/food-delivery/taka-takas-cafe-orlando/tUpUoHA0Qq6LMMd-L6vlEw,alafaya-florida
https://www.ubereats.com/orlando/food-delivery/miyako-oviedo/QPeZMo26SieabkrTYJbaWw,alafaya-florida
https://www.ubereats.com/orlando/food-delivery/kekes-breakfast-cafe-winter-springs/r_AicZHnQuCdGCbolxjJqQ,alafaya-florida
https://www.ubereats.com/orlando/food-delivery/wahlburgers-749-n-alafaya-trail/5TgSeukZRk63-4sS6aXU9Q,alafaya-florida
https://www.ubereats.com/orlando/food-delivery/avalon-pockets/gsWMBl_mR8qVWTp91Om0Kg,alafaya-florida
https://www.ubereats.com/orlando/food-delivery/starbucks-3607-aloma-avenue/6MF7iTAlQHWJCOliWhRj4g,alafaya-florida
https://www.ubereats.com/orlando/food-delivery/zaxbys-11554-university-blvd/IVmgpjAsTP2fqm4iWzGaVg,alafaya-florida
https://www.ubereats.com/orlando/food-delivery/kabuto-sushi-%26-grill/mrV_qSrrRd6z2g1PlckAmg,alafaya-florida
https://www.ubereats.com/orlando/food-delivery/rice-and-beans-504-n-alafaya-trail/64ZL5QcOQEeD9HOw0dVsRg,alafaya-florida
https://www.ubereats.com/orlando/food-delivery/pdq-11906-narcoossee-rd/g4vauGFMTomolSi8tAoeAw,alafaya-florida
https://www.ubereats.com/orlando/food-delivery/beef-jerky-outlet-alafaya/oo03LfNoTQWsIjrR5U94Mg,alafaya-florida
https://www.ubereats.com/orlando/food-delivery/huey-magoos-chicken-tenders-winter-springs/iSaf7GbfSyeg38N0W8rjKA,alafaya-florida
https://www.ubereats.com/orlando/food-delivery/spices-%2B-sprinklestm/ihd4vZ0qSyytLeU7ifElcA,alafaya-florida
https://www.ubereats.com/orlando/food-delivery/outback-steakhouse-12120-lake-underhill-road/l_IoIOF6QkuCx56CusoMgA,alafaya-florida
https://www.ubereats.com/orlando/food-delivery/soupyaf-aloma/uuFmkGxnQ6uiX7EKkJHpqw,alafaya-florida
https://www.ubereats.com/orlando/food-delivery/the-copper-rocket/Ngu1Nh10RxS901RTpxeaBA,alafaya-florida
https://www.ubereats.com/orlando/food-delivery/a-vegan-spot-ucf-area-orlando-fl/GqeuC8_mSueZ7RyeZAF97g,alafaya-florida
https://www.ubereats.com/orlando/food-delivery/primo-vegan-vegetarian-and-gluten-free-by-the-meatball-stoppe/PV2V5fEsTEaVEUBSQdLcSQ,alafaya-florida
https://www.ubereats.com/orlando/food-delivery/arepa-burger/RFWA6iaXTM6fbICFh0rIGw,alafaya-florida
https://www.ubereats.com/orlando/food-delivery/vespr-coffeebar/Wwm__lOkQWmbSX5OvnvXXQ,alafaya-florida
https://www.ubereats.com/orlando/food-delivery/burgerfi-orlando-ucf/TDSZejv1QJCoc5iJ0o3kdw,alafaya-florida
https://www.ubereats.com/orlando/food-delivery/pollo-tropical-11860-e-colonial-dr/9PL5-W3cRimoyqY3WDF2-A,alafaya-florida
https://www.ubereats.com/orlando/food-delivery/hungry-howies-sun-vista/p-OBCeegTRSkp__N0GdSuw,alafaya-florida
https://www.ubereats.com/orlando/food-delivery/tjs-seafood-shack-orlando/OiiKXwafRZCyEAAdFIgrfA,alafaya-florida
https://www.ubereats.com/orlando/food-delivery/j-petal/IvyIVGbsSIy_nBLfMfrwXg,alafaya-florida
https://www.ubereats.com/orlando/food-delivery/muzzarella-pizza-%26-italian-kitchen/iGXZyKnZT-aVMCVkhVKjmQ,alafaya-florida
https://www.ubereats.com/orlando/food-delivery/kyoto-sushi-and-grill/LkEM5H7wSXKCp6PlMKYEDQ,alafaya-florida
https://www.ubereats.com/orlando/food-delivery/wawa-5207-10052-curry-ford-rd/6s6-ibxHQaS6MI248bUqgw,alafaya-florida
https://www.ubereats.com/orlando/food-delivery/chipotle-mexican-grill-11680-university-blvd/vCof3Q9WSdqzwrWMhpIb-A,alafaya-florida
https://www.ubereats.com/orlando/food-delivery/kekes-breakfast-cafe-chickasaw-trail/Zg8QWngzQ0OeOozbYHBHbw,alafaya-florida
https://www.ubereats.com/orlando/food-delivery/first-watch-waterford-lakes/guMnHC5HSsmww107NMVOyQ,alafaya-florida
https://www.ubereats.com/orlando/food-delivery/xtreme-taco/Wbvm-eupRgyrYA1iuKaoaA,alafaya-florida
https://www.ubereats.com/orlando/food-delivery/wendys-14801-e-colonial-drive/UYTgq8zqQHqr332HwsR2VQ,alafaya-florida
https://www.ubereats.com/orlando/food-delivery/italian-village-pizza-s-chickasaw/F9srIbsVQK-ElOhmBU82jA,alafaya-florida
https://www.ubereats.com/orlando/food-delivery/pokestop/aapz-qPzSeKPR0JFFyloJg,alafaya-florida
https://www.ubereats.com/orlando/food-delivery/cafe-madrid-deli-and-bakeryorlando/qMELuzx5RPumjeqfRKbXfA,alafaya-florida
https://www.ubereats.com/orlando/food-delivery/domu-chibi-ramen/Gzw2O5q6TrKIh4awEiU9bQ,alafaya-florida
https://www.ubereats.com/orlando/food-delivery/dunkin-6627-university-blvd/XVhjaLWyRWOF7d5HOMN3Lw,alafaya-florida
https://www.ubereats.com/orlando/food-delivery/paramount-lebanese-kitchen/xyw0fCIgT_mA7eU6_cHorw,alafaya-florida
https://www.ubereats.com/orlando/food-delivery/popeyes-louisiana-kitchen-12001-east-colonial-road/3MsAOa4VRFyesN5PKB7yRQ,alafaya-florida
https://www.ubereats.com/orlando/food-delivery/charleys-philly-steaks-waterford-lakes-town-center/wAhLY-OvTKiOgh122fhELg,alafaya-florida
