url,city
https://www.ubereats.com/orlando/food-delivery/sonnys-bbq-apopka/A7LYHTieS_WD7Tmeq4JWrg,altamonte-springs-florida
https://www.ubereats.com/orlando/food-delivery/jersey-mikes-n-orlando-ave-%26-george-ave/3pLT32KaRhmG5_DcpZVpJg,altamonte-springs-florida
https://www.ubereats.com/orlando/food-delivery/halal-gyro-%26-cheesesteak/BjwgSiNrQC2-_0ThfAILLg,altamonte-springs-florida
https://www.ubereats.com/orlando/food-delivery/burgerfi-lake-mary/7D6pEGFfTZ6_UdNHxQpNmQ,altamonte-springs-florida
https://www.ubereats.com/orlando/food-delivery/firehouse-subs-casselberry/otmuSmpMRba84IrP7yqMIg,altamonte-springs-florida
https://www.ubereats.com/orlando/food-delivery/taqueria-el-maguey-llc/xi1h8mmpSuacUvo2wxtL9A,altamonte-springs-florida
https://www.ubereats.com/orlando/food-delivery/ootoya-sushi/D7c71wLoQgS7_5hTL3JcWA,altamonte-springs-florida
https://www.ubereats.com/orlando/food-delivery/planet-smoothie-3990-west-lake-mary-blvd/t31l9KICQQat8oPzQwZFaA,altamonte-springs-florida
https://www.ubereats.com/orlando/food-delivery/dunkin-212-e-main-st/bfc45OxaR1ycn510BWo6jg,altamonte-springs-florida
https://www.ubereats.com/orlando/food-delivery/kekes-breakfast-cafe-apopka/ni8qzQ9lR5uEbqZqE8kVBw,altamonte-springs-florida
https://www.ubereats.com/orlando/food-delivery/kyoto-sushi-%26-grill-oviedo/Z-Bo3Td9Q0S8I23NdMvshw,altamonte-springs-florida
https://www.ubereats.com/orlando/food-delivery/noodles-%26-company-850-south-sun-drive/adY5n3fAQDO_a9rCdZ3Gyw,altamonte-springs-florida
https://www.ubereats.com/orlando/food-delivery/ihop-3150-s-orlando-drive/1e4170R_RmmEolPlcY19vA,altamonte-springs-florida
https://www.ubereats.com/orlando/food-delivery/first-watch-mills-park/2klYwNcFTk-qbW6J3pXEuQ,altamonte-springs-florida
https://www.ubereats.com/orlando/food-delivery/pickles-new-york/Ga7JFLl4Qk6Web0C8eZ4vA,altamonte-springs-florida
https://www.ubereats.com/orlando/food-delivery/black-bean-deli-winter-park/9Y_XLxVbSE2XccqL8M-Knw,altamonte-springs-florida
https://www.ubereats.com/orlando/food-delivery/spring-rolls-chineese-restaurant-orlando/0mrmgfzsRou_p6Ea1vlTiA,altamonte-springs-florida
https://www.ubereats.com/orlando/food-delivery/kekes-breakfast-cafe-longwood/jtiuTS_qQMek7PHgTnFRmQ,altamonte-springs-florida
https://www.ubereats.com/orlando/food-delivery/zeytin-turkish-cuisine/t5wzUVBmS76CiN-xvsJfFA,altamonte-springs-florida
https://www.ubereats.com/orlando/food-delivery/something-fishy/H2zKWF6wTxWQfLA9XaIv4A,altamonte-springs-florida
https://www.ubereats.com/orlando/food-delivery/qdoba-mexican-eats-altamonte-springs/Lu30aknGSLyF87kV8DENfg,altamonte-springs-florida
https://www.ubereats.com/orlando/food-delivery/mi-gordita-loca/5EVV5zNyT1u2gpXQgvlhxA,altamonte-springs-florida
https://www.ubereats.com/orlando/food-delivery/rhino-subs/wqYFP2KuQjul0HL1L7jhqA,altamonte-springs-florida
https://www.ubereats.com/orlando/food-delivery/cinnabon-451-e-alamonte/kroG5nmjTs6jLKBwtep0pg,altamonte-springs-florida
https://www.ubereats.com/orlando/food-delivery/chuck-e-cheese-541-fl-436/OPCb6SuBTPGGfG1bVbvXcQ,altamonte-springs-florida
https://www.ubereats.com/orlando/food-delivery/firehouse-subs-apopka/ZwZh8oOoQNK87Oi02hkrDw,altamonte-springs-florida
https://www.ubereats.com/orlando/food-delivery/asian-house/_tkvXZA5QQi5fIt3etxLWA,altamonte-springs-florida
https://www.ubereats.com/orlando/food-delivery/wako-taco/OorGdZyXRQSYY-6_IHjgCw,altamonte-springs-florida
https://www.ubereats.com/orlando/food-delivery/burgeraf-aloma/C4HQS8zURFeYPNY_ayc8Pw,altamonte-springs-florida
https://www.ubereats.com/orlando/food-delivery/arepas-cafe-and-more/-0ojHLHSScG2WpU8e1GEAg,altamonte-springs-florida
https://www.ubereats.com/orlando/food-delivery/tijuana-flats-altamonte-springs/QHs-X0SKTOuOKzCj--9pgA,altamonte-springs-florida
https://www.ubereats.com/orlando/food-delivery/haagen-dazs-116-east-new-england-avenue/9p4E_3CqSPCmbAuFyImWxw,altamonte-springs-florida
https://www.ubereats.com/orlando/food-delivery/baked%26toastedaf-aloma/NiOUHIscSTqFUns_EZCqyA,altamonte-springs-florida
https://www.ubereats.com/orlando/food-delivery/papa-sabz/J7o56OmvR6O05p5gdGw_eA,altamonte-springs-florida
https://www.ubereats.com/orlando/food-delivery/tropical-smoothie-cafe-edgewater-drive/XCwVZu0nTrG580yo0VOo0Q,altamonte-springs-florida
https://www.ubereats.com/orlando/food-delivery/planet-smoothie-cranes-roost/T6wOnKaiRHi_ZZMUqV3CAQ,altamonte-springs-florida
https://www.ubereats.com/orlando/food-delivery/burger-king-450-s-orlando-avenue/eUGZe_x_Q4-SHMPtxyT7uA,altamonte-springs-florida
https://www.ubereats.com/orlando/food-delivery/taco-bell-1265-semoran-blvd-casselberry-fl-32707/lRzeakVsSqWr9OdFwJbozg,altamonte-springs-florida
https://www.ubereats.com/orlando/food-delivery/manzanos-deli-winter-park/rTxFC1NJTIiFyQBRDbxKUQ,altamonte-springs-florida
https://www.ubereats.com/orlando/food-delivery/f%26d-kitchen-and-bar/YIYRDPVvRjK_Eq1fYSYm6g,altamonte-springs-florida
https://www.ubereats.com/orlando/food-delivery/cocina-214-winter-park/oSVC6CejQDGfpzPfRiPUFw,altamonte-springs-florida
https://www.ubereats.com/orlando/food-delivery/wingsandribsaf-aloma/tImoDAWWSDy8hSECuQ6B2A,altamonte-springs-florida
https://www.ubereats.com/orlando/food-delivery/%2311556-subway-1241-%26-1271-semoran-blvd/eDKFCv9bT4uqvje8O-h1cQ,altamonte-springs-florida
https://www.ubereats.com/orlando/food-delivery/an-tobar/QLeBb6rLQZuowVFEEzR0IA,altamonte-springs-florida
https://www.ubereats.com/orlando/food-delivery/topclass-jamaican-restaurant-and-grill/pby1AMPNRfSyvDx8T9TegA,altamonte-springs-florida
https://www.ubereats.com/orlando/food-delivery/viet-nomz-winter-park/0_vmdRYISrGgEEoT_V3W6w,altamonte-springs-florida
https://www.ubereats.com/orlando/food-delivery/jimmy-hulas-altamonte-springs/2KnLKIyqQvmekL6AdmX1pQ,altamonte-springs-florida
https://www.ubereats.com/orlando/food-delivery/hooters-towne-center-cir-%26-st-johns-pkwy/2KFE-umzS0OANMRAN4TB5Q,altamonte-springs-florida
https://www.ubereats.com/orlando/food-delivery/cast-iron-vegan/aHBGmY6dT4-xzZ9serc5Iw,altamonte-springs-florida
https://www.ubereats.com/orlando/food-delivery/china-wok-sanford/6RPqrsrCTCi5n9YAnTXPUQ,altamonte-springs-florida
https://www.ubereats.com/orlando/food-delivery/sonnys-bbq-sanford/C4vHXJ9YS2-Kq1W7GvdU7Q,altamonte-springs-florida
https://www.ubereats.com/orlando/food-delivery/tropical-smoothie-cafe-altamonte-springs/T4NC5UklQf2YfX8_j7hAKQ,altamonte-springs-florida
https://www.ubereats.com/orlando/food-delivery/millers-ale-house-orlando-winter-park-university/5YIwvc_aRP6KOw-6xVZhLQ,altamonte-springs-florida
https://www.ubereats.com/orlando/food-delivery/five-guys-fl-0136-229-e-altamonte-dr/_vJri7fGQaKRx8S1CPvYMg,altamonte-springs-florida
https://www.ubereats.com/orlando/food-delivery/metro-diner-altamonte-springs/54Qm9sqLR3qcHXIP_z2Sqg,altamonte-springs-florida
https://www.ubereats.com/orlando/food-delivery/rossellinis-heathrow/ErdImI9UTmKTq6VtHQC1_w,altamonte-springs-florida
https://www.ubereats.com/orlando/food-delivery/wendys-815-w-state-road-434/X5t0XZ_cQZWSNzBYDjoWjw,altamonte-springs-florida
https://www.ubereats.com/orlando/food-delivery/philly-connection/uuLXsITARwyPd85kDH7LMQ,altamonte-springs-florida
https://www.ubereats.com/orlando/food-delivery/qdoba-mexican-eats-lake-mary-blvd/9pXs78vjRiOZ16uLZCtUFQ,altamonte-springs-florida
https://www.ubereats.com/orlando/food-delivery/grato-italian-grill-%26-pizzeria/E5z-bYK3RJOmaa-3C7zSqA,altamonte-springs-florida
https://www.ubereats.com/orlando/food-delivery/san-joses-original-mexican-restaurant-altamonte-springs/4sl-W4eVT6O6cdt4sTe2HQ,altamonte-springs-florida
https://www.ubereats.com/orlando/food-delivery/tijuana-flats-casselberry/EcpWefdnSTO3A08818oCxg,altamonte-springs-florida
https://www.ubereats.com/orlando/food-delivery/san-miguel-mexican-grill/F9AJI-FKSCy17_Fjr6aMAw,altamonte-springs-florida
https://www.ubereats.com/orlando/food-delivery/tijuana-flats-aloma/wZ5_F1-1Q8atWFjzwtYfSA,altamonte-springs-florida
https://www.ubereats.com/orlando/food-delivery/auntie-annes-451-e-altamonte-dr-ste-1441/Rjv1WKfsQKCU8XHwnRFSyg,altamonte-springs-florida
https://www.ubereats.com/orlando/food-delivery/mamak-asian-street-food/EcEY540lQMGu993DA7XvEw,altamonte-springs-florida
https://www.ubereats.com/orlando/food-delivery/friendly-confines-winter-park/AXTShAM3RfeuBporLTsb9g,altamonte-springs-florida
https://www.ubereats.com/orlando/food-delivery/charleys-philly-steaks-altamonte-springs/9P4x3dRYSTSsUCRGZaKRPQ,altamonte-springs-florida
https://www.ubereats.com/orlando/food-delivery/croissant-gourmet-winter-park/kbtUhWcwQ3uMQRhwu1806g,altamonte-springs-florida
https://www.ubereats.com/orlando/food-delivery/mad-hatters-pizza/feYxhh0dQbeOQF7ayFM7eQ,altamonte-springs-florida
https://www.ubereats.com/orlando/food-delivery/winghouse-of-orlando/6665ZixpT3qJ4kVLmvPO1w,altamonte-springs-florida
https://www.ubereats.com/orlando/food-delivery/gelato-go-orlando/3YAZ53ZhS6iqZXR1kHSiSA,altamonte-springs-florida
https://www.ubereats.com/orlando/food-delivery/wendys-155-e-main-street/vcVQ8NV6SyaUlLlNXdZ2nA,altamonte-springs-florida
https://www.ubereats.com/orlando/food-delivery/tin-%26-taco-fairbanks-ave/jZ0SyNcnRLCbtoR9JPDAPQ,altamonte-springs-florida
https://www.ubereats.com/orlando/food-delivery/papa-joes-pizza-heathrow/Ot9mTPYRTO6XAsVa5kOMVA,altamonte-springs-florida
https://www.ubereats.com/orlando/food-delivery/tijuana-flats-apopka/riHS-rw9SPqUGY5aMVE0Yg,altamonte-springs-florida
https://www.ubereats.com/orlando/food-delivery/tijuana-flats-winter-springs/gjEmMX4QTEWO8n8ZFZl8yA,altamonte-springs-florida
https://www.ubereats.com/orlando/food-delivery/applebees-298-southhall-lane/6T6t4VkDRJm8jUu5w6b6KQ,altamonte-springs-florida
https://www.ubereats.com/orlando/food-delivery/dunkin-653-e-altamonte-dr/mzEuiGX9RV6LiVPyGX2zGQ,altamonte-springs-florida
https://www.ubereats.com/orlando/food-delivery/ice-hut/6zBgcAimQwGbDcoiRh3Vgg,altamonte-springs-florida
https://www.ubereats.com/orlando/food-delivery/alexs-fresh-kitchen/VngCnuGOSSypzhX7c7pWUg,altamonte-springs-florida
https://www.ubereats.com/orlando/food-delivery/the-6-cafe-%26-lounge/aOZSdI3VSGCU_R0Da0gETA,altamonte-springs-florida
https://www.ubereats.com/orlando/food-delivery/1000-degrees-pizzeria-of-heathrow/U3UkSs19Ru-usBU1aEWXQA,altamonte-springs-florida
https://www.ubereats.com/orlando/food-delivery/jersey-mikes-n-goldenrod-rd-%26-university-blvd/N4UNpD7PTM-bsbBTIhrJ0A,altamonte-springs-florida
https://www.ubereats.com/orlando/food-delivery/jersey-mikes-subs-lake-mary/WRP5k4ClQw-5SnbAEvqziQ,altamonte-springs-florida
https://www.ubereats.com/orlando/food-delivery/boku-sushi-%26-grill/6vA7oD5sQ46WyZnA4frFHw,altamonte-springs-florida
https://www.ubereats.com/orlando/food-delivery/outback-steakhouse-990-north-state-road-434/zip94P2qR86mvdkMK188Bw,altamonte-springs-florida
https://www.ubereats.com/orlando/food-delivery/panda-express-1460-rinehart-road/BE0d13tPRpuwCZ_wy5Rpig,altamonte-springs-florida
https://www.ubereats.com/orlando/food-delivery/clicks-billiards-casselberry/URghF0G3TW2BGYA1LW-sqg,altamonte-springs-florida
https://www.ubereats.com/orlando/food-delivery/sonnys-bbq-oviedo/5Bh8zPq6S7Ct45ZUU39UDA,altamonte-springs-florida
https://www.ubereats.com/orlando/food-delivery/pasquallys-pizza-%26-wings-541-w-hwy-436/Dxw_-I5FQ56hI24Ammyzug,altamonte-springs-florida
https://www.ubereats.com/orlando/food-delivery/planet-smoothie-new-broad-street/22K1KROURE-Ly7PRJwcPng,altamonte-springs-florida
https://www.ubereats.com/orlando/food-delivery/kobe-japanese-steakhouse-%26-sushi-bar-altamonte-springs/oW7ZjJbATBOR4BRqST5V5A,altamonte-springs-florida
https://www.ubereats.com/orlando/food-delivery/rookies-cantina/CjDnYcHjQWuoVLKgemYbWQ,altamonte-springs-florida
https://www.ubereats.com/orlando/food-delivery/thai-place-winter-park/91narUrARPSkcHVkFpFtKA,altamonte-springs-florida
https://www.ubereats.com/orlando/food-delivery/orchid-thai-cuisine-winter-park/wzseAyIJQtu2u6_5MrUdrQ,altamonte-springs-florida
https://www.ubereats.com/orlando/food-delivery/bigbellys-hawaiian-grindz-llc/BQTyEuIgQge2FT2n-WIOGw,altamonte-springs-florida
https://www.ubereats.com/orlando/food-delivery/bar-louie-winter-park/4fva9ZMhTimid4DtWQnSDw,altamonte-springs-florida
https://www.ubereats.com/orlando/food-delivery/menchies-frozen-yogurt-1939-aloma-ave/H4hZR28KRcub8HeA71udtg,altamonte-springs-florida
https://www.ubereats.com/orlando/food-delivery/reggae-riddim-jamaican-restaurant/1bGtqxFvSXiWIvSM_inQNw,altamonte-springs-florida
https://www.ubereats.com/orlando/food-delivery/froggers-grill-%26-bar-oviedo/ucjWp7SuQqeRIVVkvGN3gg,altamonte-springs-florida
https://www.ubereats.com/orlando/food-delivery/what-a-rib-bbq/wd6zgrMFQFSQrUEk4iwMmw,altamonte-springs-florida
https://www.ubereats.com/orlando/food-delivery/tijuana-flats-college-park/nPDfW52STdWNfISF41PTig,altamonte-springs-florida
https://www.ubereats.com/orlando/food-delivery/zaxbys-eatonville/VWnNScAmTeSzxNeytc8o7Q,altamonte-springs-florida
https://www.ubereats.com/orlando/food-delivery/starbucks-168-semoran-blvd/iiq_E7yuTv-pxo2dKh4CXQ,altamonte-springs-florida
https://www.ubereats.com/orlando/food-delivery/fuji-yama-sushi/S35SfPJQR7C2MvYtRZ3v5Q,altamonte-springs-florida
https://www.ubereats.com/orlando/food-delivery/the-ice-cream-shop/2MRbvnoqSQaOnvs_4Spxlg,altamonte-springs-florida
https://www.ubereats.com/orlando/food-delivery/terramia-ristorante/MMX4A1kjTkCATsvEzdwOpw,altamonte-springs-florida
https://www.ubereats.com/orlando/food-delivery/el-potro-mexican-restaurant/xMpA-2p-S_y9RVqveYFKTQ,altamonte-springs-florida
https://www.ubereats.com/orlando/food-delivery/zaxbys-apopka/6eAwEbuXTaisVMuXUdWaaQ,altamonte-springs-florida
https://www.ubereats.com/orlando/food-delivery/kennys-bbq/CIYeP-fBQlG0TaatiylcrA,altamonte-springs-florida
https://www.ubereats.com/orlando/food-delivery/dalis-lao-thai-cafe/Xkaa6TJIQsS63qBWAOtfCw,altamonte-springs-florida
https://www.ubereats.com/orlando/food-delivery/hamiltons-kitchen/4UQCvRxLS-KOzCzzP_VH1A,altamonte-springs-florida
https://www.ubereats.com/orlando/food-delivery/chipotle-mexican-grill-5637-red-bug-lake-rd/BO5w-TFUSBaZDzTkkAECew,altamonte-springs-florida
https://www.ubereats.com/orlando/food-delivery/a-vegan-spot-winter-park-fl/8oDOmgx1S4i2r59QBsiPWQ,altamonte-springs-florida
https://www.ubereats.com/orlando/food-delivery/the-magical-taste/okuMoASFTRm20-vV91loEg,altamonte-springs-florida
https://www.ubereats.com/orlando/food-delivery/jersey-mikes-orlando-2100-edgewater-drive/1H6EQeWdTT6TEedLIgQzjw,altamonte-springs-florida
https://www.ubereats.com/orlando/food-delivery/currito-1101-international-pkwy/YF4TCeWCSnyEX8-8PHMGzw,altamonte-springs-florida
https://www.ubereats.com/orlando/food-delivery/mcdonalds-224-w-hwy-436/IUZihID6R66qedyZh5woRg,altamonte-springs-florida
https://www.ubereats.com/orlando/food-delivery/dunkin-801-w-state-road-434/CZh9uad3RmyPU1JWT2piZw,altamonte-springs-florida
https://www.ubereats.com/orlando/food-delivery/wendys-601-executive-park-court/1D96jj_mSlOveyLYiMOTNg,altamonte-springs-florida
https://www.ubereats.com/orlando/food-delivery/luna-station-altamonte-springs/GS5Jb5JsRBya7aLE7iTedA,altamonte-springs-florida
https://www.ubereats.com/orlando/food-delivery/ny-giant-breakfast-and-pizza/_4o_UXtVRjuhJVI10v0X4A,altamonte-springs-florida
https://www.ubereats.com/orlando/food-delivery/jeremiahs-italian-ice-lake-mary/L5hFnhnhSXSU9sB7d8UN5Q,altamonte-springs-florida
https://www.ubereats.com/orlando/food-delivery/tropical-smoothie-cafe-bear-lake/K6Z8ncnYTpK-QanBuTBiwA,altamonte-springs-florida
https://www.ubereats.com/orlando/food-delivery/rosatis-pizza-550-s-hunt-club-blvd/uSY44bamQ_mz9dciSP6rOQ,altamonte-springs-florida
https://www.ubereats.com/orlando/food-delivery/tijuana-flats-longwood/rTmnBxRUSb-erhLlKA6Bbg,altamonte-springs-florida
https://www.ubereats.com/orlando/food-delivery/pilin-thai/8mMALYBNRJi6gRwajj7_5g,altamonte-springs-florida
https://www.ubereats.com/orlando/food-delivery/panda-express-275-east-altamonte-drive/5LwkLcvYSc682Az9_oKDiw,altamonte-springs-florida
https://www.ubereats.com/orlando/food-delivery/la-isla-del-frappe/yo0NnawYR0evditwvkQUUA,altamonte-springs-florida
https://www.ubereats.com/orlando/food-delivery/poke-poke/GZU6hk7FSPGx5m2w7noESA,altamonte-springs-florida
https://www.ubereats.com/orlando/food-delivery/genis-philly-steaks-longwood/YlydpBJDQJCmbw91FNw3jw,altamonte-springs-florida
https://www.ubereats.com/orlando/food-delivery/tokyo-sushi-hibachi/M1I57NYPTnW1NhbxnJYIJA,altamonte-springs-florida
https://www.ubereats.com/orlando/food-delivery/ny-pizza-baby-winter-park/wBptWaRJQBKOv9n5_jlxSg,altamonte-springs-florida
https://www.ubereats.com/orlando/food-delivery/moes-southwest-grill-altamonte-springs/oXZ_rVfGRNOPqz_PCQw33g,altamonte-springs-florida
https://www.ubereats.com/orlando/food-delivery/back-room-steakhouse-apopka/HBHavJt1TxS00zUq1Ps9_w,altamonte-springs-florida
https://www.ubereats.com/orlando/food-delivery/de-la-vega-oviedo/mYxQfMycTYOJAV_bHMjvDA,altamonte-springs-florida
https://www.ubereats.com/orlando/food-delivery/pf-changs-436-n-orlando-ave/sBxI7SRLRaCb_KIrK9qPAA,altamonte-springs-florida
https://www.ubereats.com/orlando/food-delivery/bonfires-bar-and-grill/SAW-O0xaT-GML8rm1oPXLA,altamonte-springs-florida
https://www.ubereats.com/orlando/food-delivery/metro-diner-oviedo/eJsEKPSDRren9D-4FFa9zA,altamonte-springs-florida
https://www.ubereats.com/orlando/food-delivery/mee-thai-restaurant/vAq-ZshkTvScSGT4V7JWQg,altamonte-springs-florida
https://www.ubereats.com/orlando/food-delivery/krystal-6655-us-highway-17-%26-92/BECRrXUVSxCLjlw9mK75FQ,altamonte-springs-florida
https://www.ubereats.com/orlando/food-delivery/perkins-restaurant-701-e-state-rd-434/5dwHJa_rSG6sGuCuZUDZBw,altamonte-springs-florida
https://www.ubereats.com/orlando/food-delivery/another-broken-egg-410-north-orlando-ave-suite-n100a/ioJgEnsdTQGb6t019fIKcQ,altamonte-springs-florida
https://www.ubereats.com/orlando/food-delivery/kairos-latin-restaurant/LwIhFgDBShiWJbs_e75HVg,altamonte-springs-florida
https://www.ubereats.com/orlando/food-delivery/taste-of-jamaica-restaurant/uGmnJ9QhThii3ZRbgSJoDQ,altamonte-springs-florida
https://www.ubereats.com/orlando/food-delivery/anthonys-pizza/NcLYlDjCShy1Ta6pW4IESw,altamonte-springs-florida
https://www.ubereats.com/orlando/food-delivery/%2333740-subway-150-cranes-roost-blvd/_dafnShwSSWdJi8ZYM1DmQ,altamonte-springs-florida
https://www.ubereats.com/orlando/food-delivery/hungry-howies-pizza-casselberry/m9ul0Q2MRJGFPJMwONjq6Q,altamonte-springs-florida
https://www.ubereats.com/orlando/food-delivery/greek-to-go/Z8mQsBOIQdOxiXkTDBkG5w,altamonte-springs-florida
https://www.ubereats.com/orlando/food-delivery/sushi-burrito-altamonte-springs/Ab9U-nWSRICl8ej-4hJSog,altamonte-springs-florida
https://www.ubereats.com/orlando/food-delivery/outback-steakhouse-1927-aloma-avenue/w9KE64Y5QTapfYMJ8_uqew,altamonte-springs-florida
https://www.ubereats.com/orlando/food-delivery/antonios-house-of-pizza/KqJ2Ch4zTmi3VHZNrDqiwA,altamonte-springs-florida
https://www.ubereats.com/orlando/food-delivery/pizza-1905-lake-mary/_Eda_czrTuOPcN7K-x5zwA,altamonte-springs-florida
https://www.ubereats.com/orlando/food-delivery/%23746-subway-954-e-altamonte-dr/drJ-S7ylSTiwiHANLcgNgQ,altamonte-springs-florida
https://www.ubereats.com/orlando/food-delivery/sourdough-bread-house/bz9QBVLhRLeq-9lqrvq46A,altamonte-springs-florida
https://www.ubereats.com/orlando/food-delivery/quickly-boba-%26-snow-orlando/MjjSuhd0TtqJHN6YMZajFQ,altamonte-springs-florida
https://www.ubereats.com/orlando/food-delivery/little-greek-fresh-grill-winter-park/2aIaHDQlT7OJ3-24GZrA7g,altamonte-springs-florida
https://www.ubereats.com/orlando/food-delivery/flippers-pizzeria-lake-mary/jevS20WXS2GOxwtdBz7Dpg,altamonte-springs-florida
https://www.ubereats.com/orlando/food-delivery/rachels-steakhouse/GCKbxZ9zRquZyhB7m5uMsA,altamonte-springs-florida
https://www.ubereats.com/orlando/food-delivery/soul-food-to-go!/dpDh64-ATSytlO94t98jqw,altamonte-springs-florida
https://www.ubereats.com/orlando/food-delivery/papa-johns-332-west-lake-mary-boulevard-suite-102/yze1MeE9RS-9j2MoHmaamA,altamonte-springs-florida
https://www.ubereats.com/orlando/food-delivery/popeyes-louisiana-kitchen-200-e-sr-436/28IJXApcQ4W04-5f8bSLbQ,altamonte-springs-florida
https://www.ubereats.com/orlando/food-delivery/pepes-cantina-443-w/-iNtoUvITlKhzgcWRL_U2w,altamonte-springs-florida
https://www.ubereats.com/orlando/food-delivery/castaways-sports-bar-and-grill/D6UiIeUTRci-QUI0HwOPOQ,altamonte-springs-florida
https://www.ubereats.com/orlando/food-delivery/market-on-south/RVeaqH5oRpSAQcnlwQulqA,altamonte-springs-florida
https://www.ubereats.com/orlando/food-delivery/agave-azul-winter-park/0zfsUUymRka7NY3y699dMg,altamonte-springs-florida
https://www.ubereats.com/orlando/food-delivery/kai-asian-street-fare/c0E3HJ0USn-x7vmbypwCdw,altamonte-springs-florida
https://www.ubereats.com/orlando/food-delivery/twin-peaks-restaurant-227-w-state-road-436/A-e9o1IGQmqDEna_xoJ27Q,altamonte-springs-florida
https://www.ubereats.com/orlando/food-delivery/taco-bell-711-lee-road/VCs0OJXoS56j9aSXb0paqQ,altamonte-springs-florida
https://www.ubereats.com/orlando/food-delivery/buffalo-wild-wings-900-state-road-436/5nFX6Pd2SPm1I_CsORrVww,altamonte-springs-florida
https://www.ubereats.com/orlando/food-delivery/bagel-king-casselberry/lTeFPgUGQr-p2kYMmhv1WA,altamonte-springs-florida
https://www.ubereats.com/orlando/food-delivery/ginos-italian-restaurant/UnEZjo-uQGyuhJIuL_yQBQ,altamonte-springs-florida
https://www.ubereats.com/orlando/food-delivery/maitland-breakfast-club/yP5Bw616RNW44UDbvPkpHg,altamonte-springs-florida
https://www.ubereats.com/orlando/food-delivery/amigos-original-tex-mex-altamonte-springs/vUSMhXgXRo-LtznOIYqFWw,altamonte-springs-florida
https://www.ubereats.com/orlando/food-delivery/pizza-hut-883-semoran-blvd/C5ZZB5ufRkWT2I3uaj4azg,altamonte-springs-florida
https://www.ubereats.com/orlando/food-delivery/copacabana-cuban-cafe/Q9tuSybqTfm_j_hb9WRJ5w,altamonte-springs-florida
https://www.ubereats.com/orlando/food-delivery/churchs-chicken-2561-french-avenue/4vnKzkLEQSueVAQ1Tzl50A,altamonte-springs-florida
https://www.ubereats.com/orlando/food-delivery/bagel-king-lake-mary/X527Y1TBRw6r5-KDwx-1lA,altamonte-springs-florida
https://www.ubereats.com/orlando/food-delivery/planet-smoothie-alafaya/E5_DirvxRsqyJDGm6ZVuBg,altamonte-springs-florida
https://www.ubereats.com/orlando/food-delivery/majlis-hookah-lounge/54WsCOiuQY-zvVPC01N4tg,altamonte-springs-florida
https://www.ubereats.com/orlando/food-delivery/fairbanks-restaurant-winter-park/YhgyEvdERaGoPZiRczXtKg,altamonte-springs-florida
https://www.ubereats.com/orlando/food-delivery/tropical-smoothie-cafe-e-colonial-dr/s8ixTAHBQaWiHlNi1-8aHw,altamonte-springs-florida
https://www.ubereats.com/orlando/food-delivery/dennys-255-e-altamonte-dr/4LebYplJQT2vMvT0FxhZyA,altamonte-springs-florida
https://www.ubereats.com/orlando/food-delivery/mediterranean-gourmet-altamonte-springs/p7QpsbBiSGSMiC-9bKbd5A,altamonte-springs-florida
https://www.ubereats.com/orlando/food-delivery/bosphorous-turkish-cuisine-winter-park/geeU5L3ITxq4_4SPFMawSA,altamonte-springs-florida
https://www.ubereats.com/orlando/food-delivery/starbucks-2519-aloma-ave/Hr3nrVq3SFe4h7BhebvXaw,altamonte-springs-florida
https://www.ubereats.com/orlando/food-delivery/panda-express-1710-south-orange-blossom/046VMO_cTgOIu48a_1d-8A,altamonte-springs-florida
https://www.ubereats.com/orlando/food-delivery/akira-sushi-%26-steak-house/hpHAO7qJSseKPc09JdEf5w,altamonte-springs-florida
https://www.ubereats.com/orlando/food-delivery/pops-pizzeria/WHwrlD_vTT-isqc2kwHxKQ,altamonte-springs-florida
https://www.ubereats.com/orlando/food-delivery/pizza-hut-201-west-sr-434/6Yh47xrpToaSIt49poyK-A,altamonte-springs-florida
https://www.ubereats.com/orlando/food-delivery/first-watch-aloma/IqCN8NLMSWCgHWEjWOdHbw,altamonte-springs-florida
https://www.ubereats.com/orlando/food-delivery/royal-rasoi/rhI89obdRH6OMagR7om-Bg,altamonte-springs-florida
https://www.ubereats.com/orlando/food-delivery/asian-bento-box/0FdIx3dRQRajsHyh0Bt6jg,altamonte-springs-florida
https://www.ubereats.com/orlando/food-delivery/casa-tapas-wine-culture/03EGkFSdQd2N3J_piEy50A,altamonte-springs-florida
https://www.ubereats.com/orlando/food-delivery/pokeworks/kaPYpnczQJKL0c99az4nkQ,altamonte-springs-florida
https://www.ubereats.com/orlando/food-delivery/racks-sports-bar-and-grill/3mzv3Z7_Sm2RquwFaADUSg,altamonte-springs-florida
https://www.ubereats.com/orlando/food-delivery/jersey-mikes-subs-apopka-450-s-hunt-club-blvd/XdsS8EzmTZGNhN5rP6s6Yg,altamonte-springs-florida
https://www.ubereats.com/orlando/food-delivery/sweetaf-aloma/EUbn4yogSLeXg-hRONzjCg,altamonte-springs-florida
https://www.ubereats.com/orlando/food-delivery/island-vibez-restaurant/0-wLTNZfRE61GWrRwD7cZw,altamonte-springs-florida
https://www.ubereats.com/orlando/food-delivery/cafe-perks-longwood/o7Eo9-LOTniSb6HbUpmPjw,altamonte-springs-florida
https://www.ubereats.com/orlando/food-delivery/firehouse-subs-longwood/fQV4_Tg5QIGYzbFVxFqZrw,altamonte-springs-florida
https://www.ubereats.com/orlando/food-delivery/tropical-smoothie-cafe-lake-mary/vbjoR42bS1OeQsFDL9PgIg,altamonte-springs-florida
https://www.ubereats.com/orlando/food-delivery/dunkin-1655-w-fairbanks-ave/8D01jfypTD2eTJsekhWKRg,altamonte-springs-florida
https://www.ubereats.com/orlando/food-delivery/alibaba-house-of-kabob/mGBJaxKrRTGA6oRzIOTBSA,altamonte-springs-florida
https://www.ubereats.com/orlando/food-delivery/quickly-bistro-%26-boba/cgaUvROMS4GDL0QuZ3IPSw,altamonte-springs-florida
https://www.ubereats.com/orlando/food-delivery/steak-n-shake-4500-s-hwy-17-92/p89InCo5Q6aLB7pj3swryA,altamonte-springs-florida
https://www.ubereats.com/orlando/food-delivery/the-fat-lamb/ItpbJL-GRziDnR3Bg-tuLQ,altamonte-springs-florida
https://www.ubereats.com/orlando/food-delivery/burgerfi-winter-park/2TFfcAtdSEyLDjMoULErng,altamonte-springs-florida
https://www.ubereats.com/orlando/food-delivery/black-rooster-taqueria/nwstURuoRneJgZyzvkB58g,altamonte-springs-florida
https://www.ubereats.com/orlando/food-delivery/hungry-howies-winter-park/87ztALDAR4aWhRv4TTTkOA,altamonte-springs-florida
https://www.ubereats.com/orlando/food-delivery/boston-coffeehouse/sJUYncQzSY2IqbuY6zrD_g,altamonte-springs-florida
https://www.ubereats.com/orlando/food-delivery/ruths-chris-steak-house-610-n-orlando-avenue/yHah-KMwR8u0Zf4A0G8_pw,altamonte-springs-florida
https://www.ubereats.com/orlando/food-delivery/smoothie-king-110-semoran-blvd/DdXaZPlXSg22ByzMgg3czA,altamonte-springs-florida
https://www.ubereats.com/orlando/food-delivery/el-buzo-casselberry/rS3LtWl-Sjike4cRX-0-yw,altamonte-springs-florida
https://www.ubereats.com/orlando/food-delivery/ihop-west-orlando/Kn5wJJbZT_WnxZma2J-77A,altamonte-springs-florida
https://www.ubereats.com/orlando/food-delivery/taco-bell-126-s-ronald-reagan-blvd/YNsI3SPIRwmZraxXE1eM2Q,altamonte-springs-florida
https://www.ubereats.com/orlando/food-delivery/rincon-montanero/9c-65BmbR1Gfdxd-YkG4aQ,altamonte-springs-florida
https://www.ubereats.com/orlando/food-delivery/china-wah-on/brovBMMXRDmVr0jhd8PmYQ,altamonte-springs-florida
https://www.ubereats.com/orlando/food-delivery/mcdonalds-1291-e-semoran-blvd/6l7nejAqS1aIFEMysebNaw,altamonte-springs-florida
https://www.ubereats.com/orlando/food-delivery/pass-progressive-cuisine/jUxB1No1SaK6nminABMYUw,altamonte-springs-florida
https://www.ubereats.com/orlando/food-delivery/lakeview-serious-sandwiches-inc/54ZCglQ0Qc-L8U2RXJ_3Mw,altamonte-springs-florida
https://www.ubereats.com/orlando/food-delivery/sala-wine-bar-%26-bistro/3Y5WSpJiRfqDbjTgnF8E5Q,altamonte-springs-florida
https://www.ubereats.com/orlando/food-delivery/wa-sushi/BFdj2EOUSjewIRy7KDW8-w,altamonte-springs-florida
https://www.ubereats.com/orlando/food-delivery/papa-johns-182-w-state-road-434/dsgF5vrXRmSpxiPhvVS2Vw,altamonte-springs-florida
https://www.ubereats.com/orlando/food-delivery/bento-asian-kitchen-%2B-sushi-orlando-ave/DYTJkK66SUCI3bq8tyBiGg,altamonte-springs-florida
https://www.ubereats.com/orlando/food-delivery/red-lobster-340-west-sr-436/J5prrr7MTAmq9Icpd0bKqQ,altamonte-springs-florida
https://www.ubereats.com/orlando/food-delivery/u-roll-express-altamonte-dr/4jb9kC5pSmuWPaXt_xtdEg,altamonte-springs-florida
https://www.ubereats.com/orlando/food-delivery/burger-king-301-n-highway-17-92/qkllAFDLS-uGTDd0sB51oQ,altamonte-springs-florida
https://www.ubereats.com/orlando/food-delivery/dunkin-946-w-state-road-436/pPn4T6maQv6qHWdYdDQbKA,altamonte-springs-florida
https://www.ubereats.com/orlando/food-delivery/jimmy-hulas-lake-mary/G1GN2HUlQdefCjttFQDz1g,altamonte-springs-florida
https://www.ubereats.com/orlando/food-delivery/deco-fruit-orlando/S9n3vECySoWATwO7C5lZ4Q,altamonte-springs-florida
https://www.ubereats.com/orlando/food-delivery/mama-mias-steak-subs-%26-sandwiches/Zf__lTUPQc2okTsh8qe7Bg,altamonte-springs-florida
https://www.ubereats.com/orlando/food-delivery/sausage-shack/pqVlOdgjQOO-lLL9hLq3Wg,altamonte-springs-florida
https://www.ubereats.com/orlando/food-delivery/natures-table-rdv-sportplex/IcQ27geBSNCHEy2cGH0qvQ,altamonte-springs-florida
https://www.ubereats.com/orlando/food-delivery/chipotle-mexican-grill-400-w-state-road-436/VUvi_PlhQUyXus3pP4lPnw,altamonte-springs-florida
https://www.ubereats.com/orlando/food-delivery/pizzeria-valdiano-winter-park/1TH9rGuHRAupPFC6zv2pIg,altamonte-springs-florida
https://www.ubereats.com/orlando/food-delivery/mooyah-burgers-1700-mall-boulevard/kQRFNXatROqfVkG_bHuXHQ,altamonte-springs-florida
https://www.ubereats.com/orlando/food-delivery/outback-steakhouse-5891-red-bug-lake-road/zjAn4bxqQBKxGjM03cVEyg,altamonte-springs-florida
https://www.ubereats.com/orlando/food-delivery/chilangos/xIIjMO47ThSckpHFVBPIag,altamonte-springs-florida
https://www.ubereats.com/orlando/food-delivery/popeyes-louisiana-kitchen-460-w-state-road-436/bIF3qOYfQsS1Ri4ZmnkGiQ,altamonte-springs-florida
https://www.ubereats.com/orlando/food-delivery/wawa-5117-3510-n-us-hwy-17-92/tINr2-NMQ7aRNUhGO6sOdQ,altamonte-springs-florida
https://www.ubereats.com/orlando/food-delivery/college-park-bistro/yJ_qTflkRny_xApOCC_9wA,altamonte-springs-florida
https://www.ubereats.com/orlando/food-delivery/coffee-factory-%26-cafe-winter-springs/w0FcoIuxR7Gri9WerJiqBQ,altamonte-springs-florida
https://www.ubereats.com/orlando/food-delivery/kona-poke/H0t2yoevSYih1KxcniZsjQ,altamonte-springs-florida
https://www.ubereats.com/orlando/food-delivery/hot-asian-buns/2e92CwL0TbWvVyx6P6xu_w,altamonte-springs-florida
https://www.ubereats.com/orlando/food-delivery/el-chef-efrain-creations/uEtHeHXPT0q8_U1AghNo-A,altamonte-springs-florida
https://www.ubereats.com/orlando/food-delivery/mediterranean-street-food-by-shishco/DbW3EdFnRWOI3cpS_LThqA,altamonte-springs-florida
https://www.ubereats.com/orlando/food-delivery/ny-best-pizza/wY6QLQ0ES_SenkQsUNlzLw,altamonte-springs-florida
https://www.ubereats.com/orlando/food-delivery/mcdonalds-1415-e-state-rd/_hb9o5IYSOiteMnLfdog3g,altamonte-springs-florida
https://www.ubereats.com/orlando/food-delivery/laspadas-orlando/REjoUZWzS0WbWMK2Ct3fNw,altamonte-springs-florida
https://www.ubereats.com/orlando/food-delivery/kfc-5808-cinderlane-pkwy/8Bb6EzZAQEqRGpbtqwcJmg,altamonte-springs-florida
https://www.ubereats.com/orlando/food-delivery/jovonnis-pollo-a-la-brasa/tke2fcPJTZ6ccXN8BXkEpg,altamonte-springs-florida
https://www.ubereats.com/orlando/food-delivery/starbucks-3850-e-sr-436/NQ8boyuoSUu_ITCRL32rvQ,altamonte-springs-florida
https://www.ubereats.com/orlando/food-delivery/kfc-349-semoran-boulevard/l14rfnkRQ1Wvdz1r8QzZDw,altamonte-springs-florida
https://www.ubereats.com/orlando/food-delivery/starbucks-1951-west-state-route-434/8iwGd0WdRv6ZlbIv7E8AaQ,altamonte-springs-florida
https://www.ubereats.com/orlando/food-delivery/china-wok-winter-springs/1GVrpGX3RFeHrFQ-TvROZA,altamonte-springs-florida
https://www.ubereats.com/orlando/food-delivery/omaha-steakhouse-and-bar-orlando/sTlX17kLQpmKGQ3E7C6xXw,altamonte-springs-florida
https://www.ubereats.com/orlando/food-delivery/the-crepes-hub/Rpc7pNuZR1qN5ByKPVkWFQ,altamonte-springs-florida
https://www.ubereats.com/orlando/food-delivery/reys-cuban-cafe/ME36RqyCRACBSn9v7FiCzA,altamonte-springs-florida
https://www.ubereats.com/orlando/food-delivery/planetsmoothie-lake-mary/nm9KyO8kRCmZn9kxDHOuaw,altamonte-springs-florida
https://www.ubereats.com/orlando/food-delivery/pastaaf-aloma/MsNCGKmHSk-_KO4JZZT_AQ,altamonte-springs-florida
https://www.ubereats.com/orlando/food-delivery/armandos-winter-park/DKCQGQPlQuOrafGnb3RvuA,altamonte-springs-florida
https://www.ubereats.com/orlando/food-delivery/steak-n-shake-8115-red-bug-lake-road/NGp-ZBEwT3GPcEOFhVQ_Qg,altamonte-springs-florida
https://www.ubereats.com/orlando/food-delivery/checkers-431-state-road-436-w/FSkW5IYrT6eT4q1_HPJo9A,altamonte-springs-florida
https://www.ubereats.com/orlando/food-delivery/the-ice-cream-shop/oLkGe4HOTMyGlX0faZgI8A,altamonte-springs-florida
https://www.ubereats.com/orlando/food-delivery/407-gelato/IjRqTuWuTveMCUufbNXioA,altamonte-springs-florida
https://www.ubereats.com/orlando/food-delivery/%231887-subway-4300-clarcona-ocoee-rd/jTh_-gS7QlCkB7DSV5TS9A,altamonte-springs-florida
https://www.ubereats.com/orlando/food-delivery/infusion-tea/gatcQthRRhe08n51dYjhOw,altamonte-springs-florida
https://www.ubereats.com/orlando/food-delivery/byblos-mediterranean-kitchen/MQnPNl2qQm6-2c6Xs__pTQ,altamonte-springs-florida
https://www.ubereats.com/orlando/food-delivery/perkins-restaurant-orlando-university/hVDVDs4hTgS7EVgHr_PoRw,altamonte-springs-florida
https://www.ubereats.com/orlando/food-delivery/santa-rosa-mexican-grill/GiDCX50aQMSHnlx-HAsCnQ,altamonte-springs-florida
https://www.ubereats.com/orlando/food-delivery/vivi-bubble-tea-mills-50/OsHv9rP8Qqea64CUwopFqA,altamonte-springs-florida
https://www.ubereats.com/orlando/food-delivery/wawa-5186-1390-e-altamonte-dr/RZxlonLgS0mRgmL_9879AQ,altamonte-springs-florida
https://www.ubereats.com/orlando/food-delivery/4-rivers-smokehouse-winter-park/_tyDvr1aRzWG5I4mUTWL3A,altamonte-springs-florida
https://www.ubereats.com/orlando/food-delivery/breakfast-club-oviedo/OCZ48DGxR_2oQOx_-0nv9w,altamonte-springs-florida
https://www.ubereats.com/orlando/food-delivery/zoes-kitchen-501-n-orlando-ave-suite-323/ZiS182R0Tri-SgFPGliJIg,altamonte-springs-florida
https://www.ubereats.com/orlando/food-delivery/ihop-15-alafaya-woods-blvd-suite-101/yRozaH-wRhiYtGk5DD7Rhw,altamonte-springs-florida
https://www.ubereats.com/orlando/food-delivery/froggers-grill-%26-bar-altamonte-springs/5bym59jSS1OqqOzArjS4CA,altamonte-springs-florida
https://www.ubereats.com/orlando/food-delivery/swine-%26-sons/mzSZV1-yR1O0YsUOZ3Gi8Q,altamonte-springs-florida
https://www.ubereats.com/orlando/food-delivery/el-palacio-buffet/okzqnhD3ReeQRZSNIaE2rQ,altamonte-springs-florida
https://www.ubereats.com/orlando/food-delivery/la-baguette-anj/jqoI49jRQfOTdneDFJ2q-Q,altamonte-springs-florida
https://www.ubereats.com/orlando/food-delivery/taco-bell-5400-n-orange-blossom-trail/f7_xqtoeT7OPq7eJ3eOl9A,altamonte-springs-florida
https://www.ubereats.com/orlando/food-delivery/kfc-3890-lake-emma-rd/NsZcm3oCTZi3JHiU-Mqi4g,altamonte-springs-florida
https://www.ubereats.com/orlando/food-delivery/bagel-king-winter-park/4quod76lQUmmMv4ArheB2A,altamonte-springs-florida
https://www.ubereats.com/orlando/food-delivery/tijuana-flats-lake-mary/liUQymkMSyyigkqSdQE_PQ,altamonte-springs-florida
https://www.ubereats.com/orlando/food-delivery/tamarind-indian-cuisine-winter-park/uk02KzP4TY-OxK7BN8krvA,altamonte-springs-florida
https://www.ubereats.com/orlando/food-delivery/rock-and-brews-oviedo/WSlbkjz9Q5iL-CJps1DYsg,altamonte-springs-florida
https://www.ubereats.com/orlando/food-delivery/little-greek-apopka/EhRCeBU1REKko9yJPz_QtQ,altamonte-springs-florida
https://www.ubereats.com/orlando/food-delivery/friendly-confines-lake-mary/DQcupQ7dRvuP_-wLUqvK6Q,altamonte-springs-florida
https://www.ubereats.com/orlando/food-delivery/elvics-kitchen/hSe3TZ48S3u0AeLQVy9pOQ,altamonte-springs-florida
https://www.ubereats.com/orlando/food-delivery/%237297-subway-4353-edgewater-dr/c4L8kVRgSRCy9qH-HRttig,altamonte-springs-florida
https://www.ubereats.com/orlando/food-delivery/jaber-lebanese-cuisine/xQsOyRouT1GiS1HwGxvhoA,altamonte-springs-florida
https://www.ubereats.com/orlando/food-delivery/chipotle-mexican-grill-525-s-orlando-ave/pgYJrIerSMO7M1ZJruL9ig,altamonte-springs-florida
https://www.ubereats.com/orlando/food-delivery/five-guys-fl-0338-4821-new-broad-st/T-O9NvaPRqy1JR9KPDq7iw,altamonte-springs-florida
https://www.ubereats.com/orlando/food-delivery/the-pass-progressve-cuisine/0YYlC2tbQfa-fxTI8rZtzA,altamonte-springs-florida
https://www.ubereats.com/orlando/food-delivery/steak-n-shake-295-e-altamonte-drive/4AElHZ8uTxOTsveJVF5Uog,altamonte-springs-florida
https://www.ubereats.com/orlando/food-delivery/fuzzys-taco-shop-altamonte-springs/xhq0caHJQQqItWEsaUuINw,altamonte-springs-florida
https://www.ubereats.com/orlando/food-delivery/los-portales-restaurant/b9NlhVVZRTOX49RelGE3XQ,altamonte-springs-florida
https://www.ubereats.com/orlando/food-delivery/maple-street-biscuit-company-oviedo/spQm-4krQn-5M4IR2b-KJg,altamonte-springs-florida
https://www.ubereats.com/orlando/food-delivery/todo-sushi/4WRfCgbJR56JiRSX_8XmoA,altamonte-springs-florida
https://www.ubereats.com/orlando/food-delivery/salads-sandwiches-and-sweets/91ZHa9k8R_S-HTD4jkPNNA,altamonte-springs-florida
https://www.ubereats.com/orlando/food-delivery/krystal-3634-e-curry-ford-rd/WCu0soIkTNabOAR6MmvGyA,altamonte-springs-florida
https://www.ubereats.com/orlando/food-delivery/popeyes-louisiana-kitchen-6151-north-orange-blossom-trail/7DUPA0uhSimMimC1ER1Xxg,altamonte-springs-florida
https://www.ubereats.com/orlando/food-delivery/china-taste-orlando/y-qRtj03R1Soo9-FIcMTIA,altamonte-springs-florida
https://www.ubereats.com/orlando/food-delivery/cheesyaf-aloma/I9AV_LIjSDy36bXvGQ99Kw,altamonte-springs-florida
https://www.ubereats.com/orlando/food-delivery/jamaica-gardens/xJJboPohSGKMfMZokwPhZw,altamonte-springs-florida
https://www.ubereats.com/orlando/food-delivery/yamasan-sushi-%26-grill-orlando/w6wLB098S3egEg75zYPutg,altamonte-springs-florida
https://www.ubereats.com/orlando/food-delivery/foxtail-coffee-sanford/Xt31V8pNTpacGosCjhDYNA,altamonte-springs-florida
https://www.ubereats.com/orlando/food-delivery/zippoz-pizza/on-B3_grTrKP8ihtiItwow,altamonte-springs-florida
https://www.ubereats.com/orlando/food-delivery/arbys-1463-e-semoran-blvd/qgXQ0JnXRJyjSkpLnbJ4Dg,altamonte-springs-florida
https://www.ubereats.com/orlando/food-delivery/the-coop%3A-a-southern-affair/DkmJTlgkSiioAPhbN-enTw,altamonte-springs-florida
https://www.ubereats.com/orlando/food-delivery/aladdins-cafe/m0zo0cSuRIe3h51-5TT-ng,altamonte-springs-florida
https://www.ubereats.com/orlando/food-delivery/china-star/2IMlcit6TLeUpOmW4OM46g,altamonte-springs-florida
https://www.ubereats.com/orlando/food-delivery/tbaar-1541-international-pkwy-fl/kLKFEeEUSYeXjf2b3rqGiA,altamonte-springs-florida
https://www.ubereats.com/orlando/food-delivery/froggers-grill-%26-bar-apopka/wNMeeWx9QR-iwYaRZTUZ9A,altamonte-springs-florida
https://www.ubereats.com/orlando/food-delivery/kfc-356-e-main-street/g8H1DOxURwOf4lRcIC3rgA,altamonte-springs-florida
https://www.ubereats.com/orlando/food-delivery/kiko-japanese-cuisine/XcGiIS-ZTK2xmCYKCK1_ZA,altamonte-springs-florida
https://www.ubereats.com/orlando/food-delivery/7-mango-ice-cream-%26-tea/MpieqUetT0mdIm00dN2RbA,altamonte-springs-florida
https://www.ubereats.com/orlando/food-delivery/wingz-wingzz-wingzzz/kXtbppdlRUCqdUFkQCJ43g,altamonte-springs-florida
https://www.ubereats.com/orlando/food-delivery/boston-market-4201-e-colonial-drive/PbMRZIdXSSqpR793bz5Muw,altamonte-springs-florida
https://www.ubereats.com/orlando/food-delivery/romanos-macaroni-grill-oviedo/RX-GVkBKQhaPf1RGGIPeDA,altamonte-springs-florida
https://www.ubereats.com/orlando/food-delivery/kilwins-winter-park/finND6uFS9WgHRxoH_177w,altamonte-springs-florida
https://www.ubereats.com/orlando/food-delivery/planet-smoothie-7538-university-blvd-ste-29/2fqZZXwITVKvSwxH2ohgxA,altamonte-springs-florida
https://www.ubereats.com/orlando/food-delivery/planet-smoothie-south-state-road/o7UcJhDARfyVElRvXrJa0w,altamonte-springs-florida
https://www.ubereats.com/orlando/food-delivery/firehouse-subs-maitland/-rdkVGewQ3uswRmPp4l6Mg,altamonte-springs-florida
https://www.ubereats.com/orlando/food-delivery/circle-k-7661-magnolia-homes-rd/2w34qnsORmWLxc23LGFvMw,altamonte-springs-florida
https://www.ubereats.com/orlando/food-delivery/oh-my-gyro/kSFBqxPpTkSTBa7O70EUyQ,altamonte-springs-florida
https://www.ubereats.com/orlando/food-delivery/paradise-world-foods-%26-smoothies/ptCdYWXZSDWmYJCoPyEq4w,altamonte-springs-florida
https://www.ubereats.com/orlando/food-delivery/oh-my-gyro/CeLKSvJWSxiEAM3PfJZH9g,altamonte-springs-florida
https://www.ubereats.com/orlando/food-delivery/sus-hi-eatstation-altamonte-springs/d0WGo0xgR0i54pa9a40RxA,altamonte-springs-florida
https://www.ubereats.com/orlando/food-delivery/ipho-2-noodle-house-maitland/TjOXcRMTQsuOrBr6spZ06w,altamonte-springs-florida
https://www.ubereats.com/orlando/food-delivery/papa-johns-675-north-orlando-avenue/hhTW93NATse_Yh9flD8lHQ,altamonte-springs-florida
https://www.ubereats.com/orlando/food-delivery/beef-o-bradys-apopka/hk-_rceSTu2xnE5_mBeDlA,altamonte-springs-florida
https://www.ubereats.com/orlando/food-delivery/tijuana-flats-university/241axImgTyajCh4tSk2kEA,altamonte-springs-florida
https://www.ubereats.com/orlando/food-delivery/jerrys-pizza-%26-subs/hR21ycrgTkiyrJaMTeU_uw,altamonte-springs-florida
https://www.ubereats.com/orlando/food-delivery/gateway-to-india-longwood/pd44iCNCQn2IhE39Kr7bkQ,altamonte-springs-florida
https://www.ubereats.com/orlando/food-delivery/alexs-cuban-cafe/sdVcwMUeQGKemkIxJy6yrw,altamonte-springs-florida
https://www.ubereats.com/orlando/food-delivery/pho-au-lac/3NOED1nnR5yUzKMgvnzQ_g,altamonte-springs-florida
https://www.ubereats.com/orlando/food-delivery/power-house-cafe/9vHrX9ZpT160SHJDS3yGeQ,altamonte-springs-florida
https://www.ubereats.com/orlando/food-delivery/capachos-bar-%26-grill/OyQZwQDWSbWPUstneX7Dwg,altamonte-springs-florida
https://www.ubereats.com/orlando/food-delivery/poke-hana/Oks-avuYTraCfX26Lomjjw,altamonte-springs-florida
https://www.ubereats.com/orlando/food-delivery/arbys-1305-tuskawilla-rd/LAp1NtDgSku-PVYfHovGJw,altamonte-springs-florida
https://www.ubereats.com/orlando/food-delivery/frozen-nitrogen-ice-cream-lake-mary/P412F6d4RtC5dP8oawZbwA,altamonte-springs-florida
https://www.ubereats.com/orlando/food-delivery/f%26d-woodfired-longwood/CIXtugalS7S3jEVDe6hfww,altamonte-springs-florida
https://www.ubereats.com/orlando/food-delivery/jersey-mikes-s-state-rd-434-%26-gateway-dr/WWuyjJWdSe2bxbaXzHMLfA,altamonte-springs-florida
https://www.ubereats.com/orlando/food-delivery/millers-jamaican-cuisine/CtXSXz8CSterG4hw6iBJuQ,altamonte-springs-florida
https://www.ubereats.com/orlando/food-delivery/zora-grille-altamonte-springs/v_L2vOYDTieyYCS3xLPbzQ,altamonte-springs-florida
https://www.ubereats.com/orlando/food-delivery/jersey-mikes-s-orlando-ave-%26-balch-ave/8PKsajFITsuJJKK0vpXQaQ,altamonte-springs-florida
https://www.ubereats.com/orlando/food-delivery/metro-diner-casselberry/nxLAnkyMT_uMcDJwt4xwWA,altamonte-springs-florida
https://www.ubereats.com/orlando/food-delivery/buca-di-beppo-s-orlando-ave-%26-circle-dr/l5lNBqP1SfqIwnOguaVlmw,altamonte-springs-florida
https://www.ubereats.com/orlando/food-delivery/zoes-kitchen-150-s-state-rd-434-suite-1093/pq4ZqV9JQ5qkAtLGUSkPig,altamonte-springs-florida
https://www.ubereats.com/orlando/food-delivery/peruvian-cuisine-to-go!/YPxVThkZQm6szZCOdBDOCw,altamonte-springs-florida
https://www.ubereats.com/orlando/food-delivery/china-garden-orlando/49Vjme5kSPa89V11QGuBTg,altamonte-springs-florida
https://www.ubereats.com/orlando/food-delivery/the-seafood-station/tmi_of9tSIyy2FzwBrVshw,altamonte-springs-florida
https://www.ubereats.com/orlando/food-delivery/thai-villa-restaurant/khgt-2KzSjWipRQNZ5ynlw,altamonte-springs-florida
https://www.ubereats.com/orlando/food-delivery/sticky-rice/I3aMNYbfSYecL-wmXFO0YA,altamonte-springs-florida
https://www.ubereats.com/orlando/food-delivery/hana-sushi/ziGbZnZeSKeqU_F1u5nSBg,altamonte-springs-florida
https://www.ubereats.com/orlando/food-delivery/the-magical-taste/_F6DovNfQ_Wc5NK5HXUuAg,altamonte-springs-florida
https://www.ubereats.com/orlando/food-delivery/menchies-frozen-yogurt-45-w-mitchell-hammock-rd/W0Fg7ZMXSxuqqKUcU6z02Q,altamonte-springs-florida
https://www.ubereats.com/orlando/food-delivery/bikkuri-sushi-noodle-%26-grill/kKYF7fUsRK-DbAs3dcQl6w,altamonte-springs-florida
https://www.ubereats.com/orlando/food-delivery/barbeque-bbq-boyz/ILCwWrKhRLq7OhfzuL3lLQ,altamonte-springs-florida
https://www.ubereats.com/orlando/food-delivery/jjs-fusion-grille/zlUVnaVvRAyyVXn62La8kg,altamonte-springs-florida
https://www.ubereats.com/orlando/food-delivery/suva-kava-lounge/tUapTEbWQayvGsMOZ7tCUg,altamonte-springs-florida
https://www.ubereats.com/orlando/food-delivery/jets-pizza-apopka/oYGOYhbzQBWZBIGkHebsXA,altamonte-springs-florida
https://www.ubereats.com/orlando/food-delivery/la-antioquena-restaurant-lake-mary/0RzsNUqoSEmJssVNfXh8OA,altamonte-springs-florida
https://www.ubereats.com/orlando/food-delivery/jersey-mikes-e-altamonte-dr-%26-golf-dr/XRPcicPVTwizCRHoyK4QNQ,altamonte-springs-florida
https://www.ubereats.com/orlando/food-delivery/gators-dockside-winter-springs/1LCeaLpeTIeWpNWaoGaeDw,altamonte-springs-florida
https://www.ubereats.com/orlando/food-delivery/pizza-hut-241-n-hunt-club-blvd-ste-141/QHXuKJrSThyVz0jEXxcukA,altamonte-springs-florida
https://www.ubereats.com/orlando/food-delivery/mecatos-bakery-%26-cafe-downtown/0DEJfe8iQ_ira9-1iXlyAw,altamonte-springs-florida
https://www.ubereats.com/orlando/food-delivery/the-soda-fountain/ksicD-tgRqm5_E6BE3u5gQ,altamonte-springs-florida
https://www.ubereats.com/orlando/food-delivery/graffiti-junktion-college-park/W6-0MIU5Spu99yx2O3oWIA,altamonte-springs-florida
https://www.ubereats.com/orlando/food-delivery/carrabbas-5820-red-bug-lake-road/cnpRCR8lQKuFktFX3Ihzkw,altamonte-springs-florida
https://www.ubereats.com/orlando/food-delivery/light-on-the-sugar/M9XNU6jJRZerDsJeNLwSaw,altamonte-springs-florida
https://www.ubereats.com/orlando/food-delivery/twisted-root-burger-co/iskfATaeTg6cyB-7YE3M9A,altamonte-springs-florida
https://www.ubereats.com/orlando/food-delivery/the-sugar-sow/I2Vs9U75QPGE7XcluYoCGg,altamonte-springs-florida
https://www.ubereats.com/orlando/food-delivery/adriatico-trattoria-italiana/NHXPbt0DTPuu4mKFHWj3kA,altamonte-springs-florida
https://www.ubereats.com/orlando/food-delivery/pollo-tropical-5484-n-orange-blossom-trail/A1FTQzUMTmGQSwfjI2uzfA,altamonte-springs-florida
https://www.ubereats.com/orlando/food-delivery/foxtail-coffee-co-altamonte/guQvjDLzTiOROY7yo_mJZw,altamonte-springs-florida
https://www.ubereats.com/orlando/food-delivery/starbucks-150-south-sr-434-west-town-corners-1087/k-ssoWj4QAuKaXEpr5WFMg,altamonte-springs-florida
https://www.ubereats.com/orlando/food-delivery/chick-fil-a-425-w-state-road-436/RrRAuC53RsOejjFETGW-og,altamonte-springs-florida
https://www.ubereats.com/orlando/food-delivery/firehouse-subs-lake-mary/wqR6Z88ZRY-_18G2H7H7pA,altamonte-springs-florida
https://www.ubereats.com/orlando/food-delivery/maya-rosa-food-truck/EWm1lZTFQ0qYgtaP597rWw,altamonte-springs-florida
https://www.ubereats.com/orlando/food-delivery/zaza-new-cuban-diner-altamonte-springs/A7o_eSI9Qp6jc4u2kDZ8Jg,altamonte-springs-florida
https://www.ubereats.com/orlando/food-delivery/caribbean-sunshine-bakery/9zY02dGyTd-oZN5ZQWqLkQ,altamonte-springs-florida
https://www.ubereats.com/orlando/food-delivery/los-girasoles-apopka/y6ZQlRAsQU6VKjqC8jw78A,altamonte-springs-florida
https://www.ubereats.com/orlando/food-delivery/hummus-house-winter-park/_U0eD9DLQISjT4M76G-6SA,altamonte-springs-florida
https://www.ubereats.com/orlando/food-delivery/imperial-dynasty-restaurant-%E6%9C%9D%E4%BB%A3/7qkSaz3VQ0S-9klwqkYlag,altamonte-springs-florida
https://www.ubereats.com/orlando/food-delivery/starbucks-850-south-sun-drive/UQzY50RHSi-y4lPy1KCtAQ,altamonte-springs-florida
https://www.ubereats.com/orlando/food-delivery/planet-smoothie-howell/hA3tXkgVSmWKBJauTV47Hw,altamonte-springs-florida
https://www.ubereats.com/orlando/food-delivery/san-julians-coffee/NPBjjhsEQxO9Uutis-wBuQ,altamonte-springs-florida
https://www.ubereats.com/orlando/food-delivery/jacked-up-vegan/gkbef2CmTp6PJn8X2N4ilw,altamonte-springs-florida
https://www.ubereats.com/orlando/food-delivery/pizza-hut-600-e-altamonte-dr/52szOIsnSvy0cG93UIbApg,altamonte-springs-florida
https://www.ubereats.com/orlando/food-delivery/krungthep-tea-time/mR-D5-BTScu0RcFl06JqSA,altamonte-springs-florida
https://www.ubereats.com/orlando/food-delivery/da-kine-poke/ZR0wtMtTTPi2vHULIXjGNg,altamonte-springs-florida
https://www.ubereats.com/orlando/food-delivery/hawkers-asian-street-fare-orlando/SrvceapVQk2Natunnk0Jkw,altamonte-springs-florida
https://www.ubereats.com/orlando/food-delivery/dominicks-restaurant/A_Ts5wIoRue9mJhHe72Trw,altamonte-springs-florida
https://www.ubereats.com/orlando/food-delivery/shakers-american-cafe/qjxuPNjzSAiofVpQdrzD1g,altamonte-springs-florida
https://www.ubereats.com/orlando/food-delivery/u-restaurant/aKhSh2ChRVakNyMaXKmUGA,altamonte-springs-florida
https://www.ubereats.com/orlando/food-delivery/create-your-nature/Usm5wKNwSLCs1-Y1rYMJQQ,altamonte-springs-florida
https://www.ubereats.com/orlando/food-delivery/venice-pizza-%26-pasta/K3o1JlD7Q2qrLyl8uwW2nA,altamonte-springs-florida
https://www.ubereats.com/orlando/food-delivery/backyard-burgers-altamonte-springs/i8TfbJTDTyuh8SFxBoWR-w,altamonte-springs-florida
https://www.ubereats.com/orlando/food-delivery/applebees-3315-south-us-hwy-17-92/HYIBiCQTR72_nOZZ1g1u3A,altamonte-springs-florida
https://www.ubereats.com/orlando/food-delivery/pizza-hut-2702-n-pine-hills-rd/HH8XifVQRp2qQPSfutR80A,altamonte-springs-florida
https://www.ubereats.com/orlando/food-delivery/saladaf-aloma/mdThJ7oUR8OmSSWOzPjurw,altamonte-springs-florida
https://www.ubereats.com/orlando/food-delivery/china-gate/hTTreqbgQ1esfmOnSyIt6Q,altamonte-springs-florida
https://www.ubereats.com/orlando/food-delivery/wing-street-university/udHPDarTQai4lZHzyVn3bA,altamonte-springs-florida
https://www.ubereats.com/orlando/food-delivery/boston-market-429-w-sr-436/asMwKUsAR4aVCBxS774_kg,altamonte-springs-florida
https://www.ubereats.com/orlando/food-delivery/perkins-restaurant-altamonte-springs/Z8pGKOI8QPCOlwwU5Z6mWw,altamonte-springs-florida
https://www.ubereats.com/orlando/food-delivery/manzanos-salads-%26-wraps-winter-park/8W514j1AQBSSfVNTPnI16g,altamonte-springs-florida
https://www.ubereats.com/orlando/food-delivery/jersey-mikes-red-bug-lake-rd-%26-tuskawilla-rd/3wP3vh7uSuGLiFCqXbZxMQ,altamonte-springs-florida
https://www.ubereats.com/orlando/food-delivery/gators-dockside-lake-mary/Y4t-RZqtRQ6No1HBRL1yVQ,altamonte-springs-florida
https://www.ubereats.com/orlando/food-delivery/burger-king-3010-semoran-boulevard/6g5DatnpRCSjVTkBthjb0Q,altamonte-springs-florida
https://www.ubereats.com/orlando/food-delivery/ladiezz-first/-75MN5xKSsisYW4AfSicGg,altamonte-springs-florida
https://www.ubereats.com/orlando/food-delivery/mikeys-dog-house/RgsZu9kAQ9yo38h4VvUlpg,altamonte-springs-florida
https://www.ubereats.com/orlando/food-delivery/asian-bowl/7lNBVIEeRWuUmAg1lDrDZQ,altamonte-springs-florida
https://www.ubereats.com/orlando/food-delivery/circostas-italian-ristorante/lMIlM7nMTL6oXEQUnR9vhQ,altamonte-springs-florida
https://www.ubereats.com/orlando/food-delivery/ihop-casselberry/omqmC0V6QOmftDvU3ABFFw,altamonte-springs-florida
https://www.ubereats.com/orlando/food-delivery/bjs-restaurant-and-brewhouse-8285-red-bug-lake-road/zvJG4hY5Sh-ow1-qpRKqaw,altamonte-springs-florida
https://www.ubereats.com/orlando/food-delivery/kobe-japanese-steakhouse-longwood/jg2VTquUTsyT391VHjR7FQ,altamonte-springs-florida
https://www.ubereats.com/orlando/food-delivery/pop-thai-restaurant/r4hQ2JznToaG8yJsNZ2MYg,altamonte-springs-florida
https://www.ubereats.com/orlando/food-delivery/pizza-hut-1148-n-rock-springs-rd/8sf-M2UhQP-K7VkQ2PSAvw,altamonte-springs-florida
https://www.ubereats.com/orlando/food-delivery/lilys-creole-restaurant/sO5HzCTwRE-r6DjZcMaV3g,altamonte-springs-florida
https://www.ubereats.com/orlando/food-delivery/pdq-sanford/ZtNgWcwcQ7uph50liyBCcg,altamonte-springs-florida
https://www.ubereats.com/orlando/food-delivery/arbys-3011-e-semoran-blvd/CxZ_Y2q7Qju7BMIx6vqqLQ,altamonte-springs-florida
https://www.ubereats.com/orlando/food-delivery/mellow-mushroom-sanford/plmPExzCRQKLbHZNl8Ethw,altamonte-springs-florida
https://www.ubereats.com/orlando/food-delivery/ihop-sanford/cY9c0hJwR0el15WdcSgbaA,altamonte-springs-florida
https://www.ubereats.com/orlando/food-delivery/sonnys-bbq-winter-park/kKk5SVcpTtuTzsnFufAnbg,altamonte-springs-florida
https://www.ubereats.com/orlando/food-delivery/wendys-516-e-altamonte/-TxOqLCYTTiWA3S3wMntfQ,altamonte-springs-florida
https://www.ubereats.com/orlando/food-delivery/lombardis-seafood/IwFybc7_QWuJaWkC_qHoEw,altamonte-springs-florida
https://www.ubereats.com/orlando/food-delivery/venus-pizzeria/q1-1zOgLQKCi_Dr8bqfrRA,altamonte-springs-florida
https://www.ubereats.com/orlando/food-delivery/papa-joes-pizza-lake-mary/i9WQdBdsRZuM-9go3F_wSA,altamonte-springs-florida
https://www.ubereats.com/orlando/food-delivery/gators-dockside-baldwin-park/V8AmxwmCSyOYTv817vjqMw,altamonte-springs-florida
https://www.ubereats.com/orlando/food-delivery/carrabbas-931-n-state-road-434/n1Bsv87fSwuQW49RDQtfVA,altamonte-springs-florida
https://www.ubereats.com/orlando/food-delivery/tijuana-flats-tuskaloma/Qt1FCuGCQ-WIN9FcM7ZnSQ,altamonte-springs-florida
https://www.ubereats.com/orlando/food-delivery/steak-n-shake-443-n-semoran-blvd/mDLlsUn8TDuc4ALI2xNTdw,altamonte-springs-florida
https://www.ubereats.com/orlando/food-delivery/ispice-altamonte-dr/Cwive8kVTqOzC2OpCTJMvw,altamonte-springs-florida
https://www.ubereats.com/orlando/food-delivery/nikkis-place-southern-cuisine/M_q0FOS8ShWIOtDL0_Bxhw,altamonte-springs-florida
https://www.ubereats.com/orlando/food-delivery/starbucks-1720-s-orange-blossom-trail/INW9Y7x6TYOOFtpn3aXT_A,altamonte-springs-florida
https://www.ubereats.com/orlando/food-delivery/wendys-2200-west-st-road-434/O4plZ4JTQVWj7naiFi8BYQ,altamonte-springs-florida
https://www.ubereats.com/orlando/food-delivery/park-avenue-smoothie-cafe/7dTUgCP7T3-muP_86McDMg,altamonte-springs-florida
https://www.ubereats.com/orlando/food-delivery/rays-fish-and-chips/CzUoHJBORWaqiTMiMJRTSA,altamonte-springs-florida
https://www.ubereats.com/orlando/food-delivery/dunkin-890-semoran-blvd/hzaN62ICTjag3xJAe28nOw,altamonte-springs-florida
https://www.ubereats.com/orlando/food-delivery/clean-juice-945-city-plaza-way/wf0Mh3QUQ_KbFog-j4KLxQ,altamonte-springs-florida
https://www.ubereats.com/orlando/food-delivery/jazztastings/sKEK8X78QqWC_h2FWT64Ag,altamonte-springs-florida
https://www.ubereats.com/orlando/food-delivery/taco-bell-4225-e-colonial-drive/pik9WgC4SxGSoDadw9cSXQ,altamonte-springs-florida
https://www.ubereats.com/orlando/food-delivery/dunkin-801-lee-rd/Ve9Yu-tbTo62bZhqhnmAfQ,altamonte-springs-florida
https://www.ubereats.com/orlando/food-delivery/circle-k-1412-seminola-blvd/MNIlXBFbRt2nQhaKPGplNg,altamonte-springs-florida
https://www.ubereats.com/orlando/food-delivery/407-cafe/NvQ10XpJRYWVq1BBlFT0kw,altamonte-springs-florida
https://www.ubereats.com/orlando/food-delivery/krystal-6201-w-colonial-dr/VdhMmh4ITPe2qvg6NMA6NQ,altamonte-springs-florida
https://www.ubereats.com/orlando/food-delivery/burger-king-1190-spring-centre-s-blvd/qA_Fm4TUSaiZ50bx-N3M_A,altamonte-springs-florida
https://www.ubereats.com/orlando/food-delivery/la-terraza-bakery/VKN7nMUXQuelOVtqEcv3wA,altamonte-springs-florida
https://www.ubereats.com/orlando/food-delivery/bentology/IvzmdlXGTvqRFkqBxni0hA,altamonte-springs-florida
https://www.ubereats.com/orlando/food-delivery/4-rivers-smokehouse-longwood/IXXhVi_LTlCJmzo9--peiQ,altamonte-springs-florida
https://www.ubereats.com/orlando/food-delivery/kings-wok/K7aqBnkDS8yzGqK9l_21iQ,altamonte-springs-florida
https://www.ubereats.com/orlando/food-delivery/izziban-sushi-%26-bbq-e-colonial-dr/Ohu5UAxbSXCyo-cgURFi1w,altamonte-springs-florida
https://www.ubereats.com/orlando/food-delivery/five-guys-fl-1770-5848-red-bug-lake-rd/c623m1TyQPqdBpdEZtHXEg,altamonte-springs-florida
https://www.ubereats.com/orlando/food-delivery/little-greek-altamonte-springs/QpCYduXXRtm_91xNhEaDdQ,altamonte-springs-florida
https://www.ubereats.com/orlando/food-delivery/anthonys-coal-fired-pizza-altamonte-springs/TaT1m46vRcmJsmucpoo2Fg,altamonte-springs-florida
https://www.ubereats.com/orlando/food-delivery/the-glass-knife/Bu6I_9cvR2W1yDsO0CslrA,altamonte-springs-florida
https://www.ubereats.com/orlando/food-delivery/belanger-bagels/W18EPmkzR_G3ZELzCEixHw,altamonte-springs-florida
https://www.ubereats.com/orlando/food-delivery/zaza-new-cuban-diner-lake-mary/USVpvRzoS3WHR9pef7BY-A,altamonte-springs-florida
https://www.ubereats.com/orlando/food-delivery/grills-lakeside/Uw0HJX6cQku9uKVRCkg4-Q,altamonte-springs-florida
https://www.ubereats.com/orlando/food-delivery/ihop-colonial-drive/1g9Si0EXTjSFddMNPZ87sQ,altamonte-springs-florida
https://www.ubereats.com/orlando/food-delivery/modena-pizzeria/gVwgtLtwSae9znKkzicQXg,altamonte-springs-florida
https://www.ubereats.com/orlando/food-delivery/broadway-ristorante/GLGwPSpzSziQ4FmjSR703g,altamonte-springs-florida
https://www.ubereats.com/orlando/food-delivery/financier-patisserie/__x2kNyoQIyvKp7GRsibdQ,altamonte-springs-florida
https://www.ubereats.com/orlando/food-delivery/gringos-locos-lee-road/mtD_wouaQvOr3gpDPYWD1w,altamonte-springs-florida
https://www.ubereats.com/orlando/food-delivery/paisanos-pizza-4270-aloma-avenue/37yPVmacSyClUCRcpMzACQ,altamonte-springs-florida
https://www.ubereats.com/orlando/food-delivery/%2310798-subway-1018-w-state-rd-434/gnRffrlKTnqBAuElaIuC4g,altamonte-springs-florida
https://www.ubereats.com/orlando/food-delivery/pei-wei-355-e-altamonte-drive-%23100/BN-Rt_0bRNqzjZMIFIgGVw,altamonte-springs-florida
https://www.ubereats.com/orlando/food-delivery/dunkin-2265-aloma-ave/uOmus9_iQCiO_GFyeezSqg,altamonte-springs-florida
https://www.ubereats.com/orlando/food-delivery/%237296-subway-1425-tuskawilla-rd/M8zseqL6QsGUDvSosiNmDQ,altamonte-springs-florida
https://www.ubereats.com/orlando/food-delivery/hokkaido/lJcbTeHbTtuRmfpg9QoeDw,altamonte-springs-florida
https://www.ubereats.com/orlando/food-delivery/quickly-boba-%26-tea-aloma/y69JAe0pQJqkxPT9KT0AWw,altamonte-springs-florida
https://www.ubereats.com/orlando/food-delivery/tropical-smoothie-cafe-center-of-winter-park/ttNue-3eSm-hmhoJCxKmFQ,altamonte-springs-florida
https://www.ubereats.com/orlando/food-delivery/shulas-347-grill/QJ7UOLoGTFOIKA22YangXA,altamonte-springs-florida
https://www.ubereats.com/orlando/food-delivery/kellers-bar-b-q/8mLlme3UTwaR-QNwNihXtw,altamonte-springs-florida
https://www.ubereats.com/orlando/food-delivery/tako-cheena-north-mills/XyZxr0ADTReBR0FWlymCYA,altamonte-springs-florida
https://www.ubereats.com/orlando/food-delivery/wendys-386-hwy-436-e/gQBq8QIjQC2wcUQ2dl4BQA,altamonte-springs-florida
https://www.ubereats.com/orlando/food-delivery/chic-n-gyro/I4fatYv0Q7W_v2kBkI6yFg,altamonte-springs-florida
https://www.ubereats.com/orlando/food-delivery/cold-stone-creamery-229-e-altamonte-dr/ajCAACawSk-5T1FZ2mbWvg,altamonte-springs-florida
https://www.ubereats.com/orlando/food-delivery/colibri-mexican-cuisine/BJupRa86R_efQ8hj6ytL0Q,altamonte-springs-florida
https://www.ubereats.com/orlando/food-delivery/red-lobster-20-town-center-circle/8ix-BXETRh2Oy8maaNQWxg,altamonte-springs-florida
https://www.ubereats.com/orlando/food-delivery/mcdonalds-900-w-state-route-434/QPBctp4ITXGPtNeP6FmDZQ,altamonte-springs-florida
https://www.ubereats.com/orlando/food-delivery/cracker-barrel-old-country-store-285-douglas-avenue/2FGFD-k1SHOTogfxtddB2g,altamonte-springs-florida
https://www.ubereats.com/orlando/food-delivery/papa-johns-4300-lake-mary-blvd/hCf6uwNkRwO1gNWc1wbPWA,altamonte-springs-florida
https://www.ubereats.com/orlando/food-delivery/%23339-subway-2133-e-semoran-blvd/TJ5v9MGQQpmNi4iI1d9flw,altamonte-springs-florida
https://www.ubereats.com/orlando/food-delivery/toasted-winter-park-fl/oIViNQMgRsSqNbygv_wBMQ,altamonte-springs-florida
https://www.ubereats.com/orlando/food-delivery/taboulis-grille/X2Ri1iU4QCCj1kdyhwyWoQ,altamonte-springs-florida
https://www.ubereats.com/orlando/food-delivery/chipotle-mexican-grill-4315-w-lake-mary-blvd/MrlQQhIxQ4KKcbh8oahwaQ,altamonte-springs-florida
https://www.ubereats.com/orlando/food-delivery/outback-steakhouse-215-w-east-mitchell-hammock-road/2oQj_MGbRPe9ynfMPKna-g,altamonte-springs-florida
https://www.ubereats.com/orlando/food-delivery/wawa-5112-1615-s-orange-blossom-trail/_MT9E4TKT_OgXbfU6WThuw,altamonte-springs-florida
https://www.ubereats.com/orlando/food-delivery/domu-east-end/uxR1UH1CRvCBrkTgtIoDqA,altamonte-springs-florida
https://www.ubereats.com/orlando/food-delivery/jimottis-restaurant-2545-s-french-ave/GPE97WXMSI6Wfe-8cWpmYA,altamonte-springs-florida
https://www.ubereats.com/orlando/food-delivery/tijuana-flats-hunt-club/KxuKr2glR5eewod65eQ5og,altamonte-springs-florida
https://www.ubereats.com/orlando/food-delivery/las-americas-grocery-and-deli/IGvR3_goSamoqQjB2QFPHQ,altamonte-springs-florida
https://www.ubereats.com/orlando/food-delivery/brick-%26-spoon/XVnoKJ6UTkOP0_EW-38hHA,altamonte-springs-florida
https://www.ubereats.com/orlando/food-delivery/tortilleria-el-progreso/s49BvT-4QE-GPvcB009JeQ,altamonte-springs-florida
https://www.ubereats.com/orlando/food-delivery/tibbys-new-orleans-kitchen-winter-park/MhknbfMJQt221KMPLQL06g,altamonte-springs-florida
https://www.ubereats.com/orlando/food-delivery/annas-polish-restaurant/A4FuOlpcSXmfPHZRp63NSA,altamonte-springs-florida
https://www.ubereats.com/orlando/food-delivery/fitlife-foods-winter-park/jFumMNCPTgSC2zFqNHoGEA,altamonte-springs-florida
https://www.ubereats.com/orlando/food-delivery/ajs-press-%22tasty-eats%22/HSvVw620Q9yVDCaMmvdsmg,altamonte-springs-florida
https://www.ubereats.com/orlando/food-delivery/bonchon-chicken-504-n-alafaya-trail/3KO9b3J-QzSDOb-saqeQYg,altamonte-springs-florida
https://www.ubereats.com/orlando/food-delivery/gordons-be-back-fish-house-maitland/du3QpgR7Ra2xG8uJH5WosA,altamonte-springs-florida
https://www.ubereats.com/orlando/food-delivery/pollo-tropical-1401-sr-436/v0QrvelOQHSfh7klwmbCag,altamonte-springs-florida
https://www.ubereats.com/orlando/food-delivery/aroogas-winter-park/fBS29KoISgGs6qSSlrmW6g,altamonte-springs-florida
https://www.ubereats.com/orlando/food-delivery/caribgardens-inc/LvBaowUiTCu0sMLQPUhKJA,altamonte-springs-florida
https://www.ubereats.com/orlando/food-delivery/huey-magoos-chicken-tenders-altamonte-springs/pEfgXjE5TVSZh7-gQU4DEw,altamonte-springs-florida
https://www.ubereats.com/orlando/food-delivery/delhi-style-food/i1gOA-gMROKGnPbbGJqQqg,altamonte-springs-florida
https://www.ubereats.com/orlando/food-delivery/habaneros-mexican-restaurant/E2-f8Os3RyKXMxD8yMgdfQ,altamonte-springs-florida
https://www.ubereats.com/orlando/food-delivery/medellin-burger/zUYa09uiS1-5JSufY7G_BA,altamonte-springs-florida
https://www.ubereats.com/orlando/food-delivery/snack-shack-by-mr-k/8IgLgoggS2K-TeirP89_OQ,altamonte-springs-florida
https://www.ubereats.com/orlando/food-delivery/island-fin-poke/3-v3hbi7TkKWkSaBRUZp-Q,altamonte-springs-florida
https://www.ubereats.com/orlando/food-delivery/amura-japanese-restaurant/IxBOnimgTuCdzDH2HZcLdA,altamonte-springs-florida
https://www.ubereats.com/orlando/food-delivery/taco-bell-2700-s-orlando-dr/B2HRjXa-Qf-CRCfkh57VNg,altamonte-springs-florida
https://www.ubereats.com/orlando/food-delivery/chopstix-chinese-%26-sushi-cuisine-lake-mary/qFzLOm6-RK-tUWMdnJ1vAg,altamonte-springs-florida
https://www.ubereats.com/orlando/food-delivery/jade-sushi-%26-new-asian-orlando/rvlhaERKRUG38OZsxkcEEA,altamonte-springs-florida
https://www.ubereats.com/orlando/food-delivery/the-original-brooklyn-water-bagel-co-lake-mary/w_zy4VJjSj6jIH1cPold1g,altamonte-springs-florida
https://www.ubereats.com/orlando/food-delivery/mad-crab-seafood-and-wings/-ZEMrhXXQhSkm7HLj2otcg,altamonte-springs-florida
https://www.ubereats.com/orlando/food-delivery/panda-express-4260-s-us-hwy17-92/gVZ5qsITS-K1KpdLLTW4Gw,altamonte-springs-florida
https://www.ubereats.com/orlando/food-delivery/graffiti-junktion-lake-mary/BNGTK6gdQn2NR4gR4QIrZA,altamonte-springs-florida
https://www.ubereats.com/orlando/food-delivery/krispy-kreme-s-orlando-ave-%26-miller-ave/vn0rSaKJTda8kAVLcyI1oQ,altamonte-springs-florida
https://www.ubereats.com/orlando/food-delivery/midici-the-neapolitan-pizza-company-maitland/azSOdSIiRCGVDFujRVAEPg,altamonte-springs-florida
https://www.ubereats.com/orlando/food-delivery/millers-ale-house-winter-park-village-lee-rd/uvnlNH3uSF6T-AW_owFZpA,altamonte-springs-florida
https://www.ubereats.com/orlando/food-delivery/choulala/FaMBI2LLTjOvDcSQ81c6Mg,altamonte-springs-florida
https://www.ubereats.com/orlando/food-delivery/wawa-5135-901-n-orlando-ave/q3DXllEES5usNQwl6Y0UBw,altamonte-springs-florida
https://www.ubereats.com/orlando/food-delivery/foxtail-coffee-co/KjxUjsCnSaWAguIlK-LIeg,altamonte-springs-florida
https://www.ubereats.com/orlando/food-delivery/jamaican-cuisine-jerk-spot-%26-lounge/ridPQA-kSVavxqft4ANSqQ,altamonte-springs-florida
https://www.ubereats.com/orlando/food-delivery/cfs-winter-park/3AKLHGogTEeqkZegZTznZA,altamonte-springs-florida
https://www.ubereats.com/orlando/food-delivery/chipotle-mexican-grill-2201-e-semoran-blvd/tlCJ5l7RSBidmdjqxOfp2w,altamonte-springs-florida
https://www.ubereats.com/orlando/food-delivery/kellers-real-smoke-bbq-lake-mary/pBl89uhhQCKsIRztnrxhUg,altamonte-springs-florida
https://www.ubereats.com/orlando/food-delivery/huey-magoos-chicken-tenders-oviedo/JkFfZTySTRqi4F3qbyNBtg,altamonte-springs-florida
https://www.ubereats.com/orlando/food-delivery/%2332836-subway-1011-maitland-center-commons-blvd/ifSURPwoRKaI_fJd_jfvxQ,altamonte-springs-florida
https://www.ubereats.com/orlando/food-delivery/bubbalous-bbq-altamonte-springs/MUZCotFbRJWwA6x1b-GbOw,altamonte-springs-florida
https://www.ubereats.com/orlando/food-delivery/friendlys-new-york-style-pizza/LK1QQ6sVRNyhP2xLJHp7IQ,altamonte-springs-florida
https://www.ubereats.com/orlando/food-delivery/sakari-sushi-winter-park/u-WJVvYmSQGae2SKW5MJ3Q,altamonte-springs-florida
https://www.ubereats.com/orlando/food-delivery/perkins-restaurant-apopka/-x0YgtCQSSiS-TzoqNnxFg,altamonte-springs-florida
https://www.ubereats.com/orlando/food-delivery/taco-bell-495-w-state-rd-436/QVC2Nk9hSJSy40OGOUEA4Q,altamonte-springs-florida
https://www.ubereats.com/orlando/food-delivery/edens-fresh-co-winter-park/Z014UBPOT0mk_zxD60vHTQ,altamonte-springs-florida
https://www.ubereats.com/orlando/food-delivery/mulligans-restaurant-and-bar/V2x3zcJETTmaGkqdapfPhQ,altamonte-springs-florida
https://www.ubereats.com/orlando/food-delivery/chipotle-mexican-grill-327-e-mitchell-hammock-rd/rZCbTmv3QUiQlfLmQ76jBg,altamonte-springs-florida
https://www.ubereats.com/orlando/food-delivery/flemings-prime-steakhouse-%26-wine-bar-winter-park/PLF3Yr-gTMqO6aFw-1A6BA,altamonte-springs-florida
https://www.ubereats.com/orlando/food-delivery/cafe-murano-altamonte-springs/W80k93LBRUadnXR1gfpcIA,altamonte-springs-florida
https://www.ubereats.com/orlando/food-delivery/fiddlers-green-irish-pub-%26-eatery/_z7wu1DlQP-yvW8B_v4rqg,altamonte-springs-florida
https://www.ubereats.com/orlando/food-delivery/starbucks-1195-spring-centre-south-blvd/LAUA1bJ9QjeZdQYIt8ItDg,altamonte-springs-florida
https://www.ubereats.com/orlando/food-delivery/little-oasis/YX69GhYKSgOswLtTzWAJhg,altamonte-springs-florida
https://www.ubereats.com/orlando/food-delivery/starbucks-355-e-altamonte-drive/65M3QAnoRxiSs6O4aJA5Ng,altamonte-springs-florida
https://www.ubereats.com/orlando/food-delivery/which-wich-lake-mary/WddnBn9DQXWsm1um2-4GZw,altamonte-springs-florida
https://www.ubereats.com/orlando/food-delivery/shake-shack-119-north-orlando-ave/7E2uHCUpQWiAvWOYRgAGXQ,altamonte-springs-florida
https://www.ubereats.com/orlando/food-delivery/sunny-mini-mart/QBPyGS_GRoC9tp90_hMysA,altamonte-springs-florida
https://www.ubereats.com/orlando/food-delivery/kfc-3601-s-orlando-dr/iMkNg9VkShOaUqsbmhNd4g,altamonte-springs-florida
https://www.ubereats.com/orlando/food-delivery/anthonys-ny-pizza/L9qJl8P9RECv76emdF7MFA,altamonte-springs-florida
https://www.ubereats.com/orlando/food-delivery/german-backhaus/g-Y-LvwhQg2v7P80SBaPpg,altamonte-springs-florida
https://www.ubereats.com/orlando/food-delivery/taco-bell-451-altamonte-avenue/eir-hJPmS_WAh8Awzy3lFQ,altamonte-springs-florida
https://www.ubereats.com/orlando/food-delivery/panera-203310/kWolk6GsRhazFHQaHBLfWA,altamonte-springs-florida
https://www.ubereats.com/orlando/food-delivery/burger-king-1001-willa-springs-drive/glHXFZdSQUm6UbnzEtu1Ig,altamonte-springs-florida
https://www.ubereats.com/orlando/food-delivery/sobiks-subs-apopka/kXbBO7SBSqC1_xA6llKSOA,altamonte-springs-florida
https://www.ubereats.com/orlando/food-delivery/pizza-hut-1001-n-semoran-blvd/c6e0z_7TQXuLM4hciJKonA,altamonte-springs-florida
https://www.ubereats.com/orlando/food-delivery/bad-ass-sandwich/VAdinE_qT9WC4NJ-Q4p2LA,altamonte-springs-florida
https://www.ubereats.com/orlando/food-delivery/pannullos-italian-restaurant/o70rPgn-RWSQAOlLc31OWw,altamonte-springs-florida
https://www.ubereats.com/orlando/food-delivery/wonderful-house-chinese-restaurant/RvoFXz1EQneqVd-nUlViJQ,altamonte-springs-florida
https://www.ubereats.com/orlando/food-delivery/newcity-cafe/EvrbL41QSjqhOHKkERqaxQ,altamonte-springs-florida
https://www.ubereats.com/orlando/food-delivery/krazy-greek-kitchen/y5wQ2EkBR6a18BkE0HCiDA,altamonte-springs-florida
https://www.ubereats.com/orlando/food-delivery/%2354221-subway-1830-1834-longwood-lake-rd/ZMTzRk3sQcqp2Py5G7vBOQ,altamonte-springs-florida
https://www.ubereats.com/orlando/food-delivery/mcdonalds-maitland/Qdm5bBWYTGOCzLhpTSe1Jg,altamonte-springs-florida
https://www.ubereats.com/orlando/food-delivery/pho-ben-thanh-longwood/UQCeOnjcTN2bFS0-StBnLQ,altamonte-springs-florida
https://www.ubereats.com/orlando/food-delivery/gillys-phillys/f2e18JhBQjuKyh3Vt_y0dw,altamonte-springs-florida
https://www.ubereats.com/orlando/food-delivery/mcdonalds-hollieanna/9liyJWHUQTidLGMftexBjA,altamonte-springs-florida
https://www.ubereats.com/orlando/food-delivery/what-a-rib-bbq-%26-soul-food/738HIUq9TmyVRMvqzFrLBw,altamonte-springs-florida
https://www.ubereats.com/orlando/food-delivery/another-broken-egg-920-international-parkway/3eRS-_MYS7mnD0zTzJtSKA,altamonte-springs-florida
https://www.ubereats.com/orlando/food-delivery/la-placita-market/zjD_sn2lTueMFduyN61xUg,altamonte-springs-florida
https://www.ubereats.com/orlando/food-delivery/clean-juice-480-orlando-avenue/C0ZYwkbCQb-pmPfQqcD2XQ,altamonte-springs-florida
https://www.ubereats.com/orlando/food-delivery/burger-king-6400-n-orange-blossom-trail/edJz3Z83R6OMOtgGvHjv0w,altamonte-springs-florida
https://www.ubereats.com/orlando/food-delivery/pizza-hut-130-n-winter-park-drive/vlEKLTxjSKKCmPvro-p8Tw,altamonte-springs-florida
https://www.ubereats.com/orlando/food-delivery/kumo-asian-kitchen/TE446IhDRAqeIyzIpDs18Q,altamonte-springs-florida
https://www.ubereats.com/orlando/food-delivery/willies-pinchos-orlando/1gdDyPpQSgerxoLIK9jcLg,altamonte-springs-florida
https://www.ubereats.com/orlando/food-delivery/starbucks-600-n-orlando-ave/YKdeLOyZQDumLr2Ryo-5jA,altamonte-springs-florida
https://www.ubereats.com/orlando/food-delivery/%237773-subway-380-s-state-rd-434/qZh0ahOdQxG-VQXja_TuMA,altamonte-springs-florida
https://www.ubereats.com/orlando/food-delivery/tibbys-new-orleans-kitchen-altamonte-springs/0G0lVCtVSy2g0IsUAtr5Mw,altamonte-springs-florida
https://www.ubereats.com/orlando/food-delivery/planet-smoothie-winter-park/QslRMTcqSveHjlZOdUdxnw,altamonte-springs-florida
https://www.ubereats.com/orlando/food-delivery/dunkin-3635-aloma-ave-suite-101/WhyPrSn5TT-SwpV15X0f5g,altamonte-springs-florida
https://www.ubereats.com/orlando/food-delivery/fusion-ultra-lounge/ZaxmNTvtSYuG6aS7nVIfdA,altamonte-springs-florida
https://www.ubereats.com/orlando/food-delivery/firebirds-wood-fired-grill-1562-n-mills-ave/DIIaztSETpWr139-Yim5ZQ,altamonte-springs-florida
https://www.ubereats.com/orlando/food-delivery/%23206-subway-995-n-state-rd-434/tIWHQNPuTIqKJKdRL2XYoQ,altamonte-springs-florida
https://www.ubereats.com/orlando/food-delivery/checkers-7551-s-17-92-highway/lus33IZDROKQ4qEdemn6gQ,altamonte-springs-florida
https://www.ubereats.com/orlando/food-delivery/hibachi-express/RVH9OE6jRjme7hEfoSrDnQ,altamonte-springs-florida
https://www.ubereats.com/orlando/food-delivery/wako-taco-longwood/BvbQqe2GTZ-oyJLOnnoi2Q,altamonte-springs-florida
https://www.ubereats.com/orlando/food-delivery/dairy-queen-grill-%26-chill-960-w-mitchell-hammock-rd/N8Il2Aj2QyW7g4xT0ss7qA,altamonte-springs-florida
https://www.ubereats.com/orlando/food-delivery/shake-shop/Z2sLFJ9ITSuQ-ekQVYmmSw,altamonte-springs-florida
https://www.ubereats.com/orlando/food-delivery/wendys-8601-summit-centre-way/H0Ll5LiYRxWWtM1Ww6eK0Q,altamonte-springs-florida
https://www.ubereats.com/orlando/food-delivery/subway-%23562-120-independence-lane-suite-a/8rM9zDzGSg6LqQ7l6V715A,altamonte-springs-florida
https://www.ubereats.com/orlando/food-delivery/mcdonalds-3835-wekiva-springs-rd/Y_VW8CNWTcedEXhj6mpC7Q,altamonte-springs-florida
https://www.ubereats.com/orlando/food-delivery/panera-204157/Me_casBwR2WuNIjGgf45WQ,altamonte-springs-florida
https://www.ubereats.com/orlando/food-delivery/kekes-breakfast-cafe-winter-park/bEvMKlKcQbS_vdf-HO0B8g,altamonte-springs-florida
https://www.ubereats.com/orlando/food-delivery/hurricane-grill-%26-wings-longwood/Jq5yoBF5QmCJzWvkbdAnyg,altamonte-springs-florida
https://www.ubereats.com/orlando/food-delivery/longwood-burger-house/LvHK3c1iRTWlaQr40GfYFw,altamonte-springs-florida
https://www.ubereats.com/orlando/food-delivery/gun-concoction/x9m9FrA-S2iPyTg4bzELNQ,altamonte-springs-florida
https://www.ubereats.com/orlando/food-delivery/china-king-lake-mary/2JcbKPZtSHGnnEKlYGRh6Q,altamonte-springs-florida
https://www.ubereats.com/orlando/food-delivery/friendly-confines-altamonte/oa-r7LYrRziSZ0KNZlCX-g,altamonte-springs-florida
https://www.ubereats.com/orlando/food-delivery/colombia-la-bella/BU40K12_QuOHseAjYuwYqg,altamonte-springs-florida
https://www.ubereats.com/orlando/food-delivery/mcdonalds-290-n-hwy-17-and-92/HDyM4XYiSuOTwXi2B9Gc6A,altamonte-springs-florida
https://www.ubereats.com/orlando/food-delivery/blended-bistro-%26-boba/Swqp1hRRTvuBzBt5DUgWRA,altamonte-springs-florida
https://www.ubereats.com/orlando/food-delivery/mellow-mushroom-winter-park/mP8FJ_8vTbOAhvg6XKzSGQ,altamonte-springs-florida
https://www.ubereats.com/orlando/food-delivery/pizza-hut-767-s-state-road/MZyGHtZqScae_4PO3uyMgQ,altamonte-springs-florida
https://www.ubereats.com/orlando/food-delivery/first-watch-maitland/FxlBo04zSjKCm4JuQvBbrw,altamonte-springs-florida
https://www.ubereats.com/orlando/food-delivery/hebers-cuban-cafe-apopka/YAWYmQhLTPOcMlXUFmlt4Q,altamonte-springs-florida
https://www.ubereats.com/orlando/food-delivery/mcdonalds-1200-e-hwy-434/pz-XIwzDROuoGlpgm0AEIg,altamonte-springs-florida
https://www.ubereats.com/orlando/food-delivery/fuddruckers-apopka/xqBBTd77TEy5NRAjhMckRQ,altamonte-springs-florida
https://www.ubereats.com/orlando/food-delivery/panaderia-la-mexicana/55tJmDK7TrG7mGWh_x9uag,altamonte-springs-florida
https://www.ubereats.com/orlando/food-delivery/dennys-2684-lee-rd/ffNHIeA-QTubHGf54na3xQ,altamonte-springs-florida
https://www.ubereats.com/orlando/food-delivery/smokey-bones-fashion-sq/6-1Ep9r5S56o9TSr3Dw1JQ,altamonte-springs-florida
https://www.ubereats.com/orlando/food-delivery/scotchies/yhinVzoHToS4AQTvdbZLuw,altamonte-springs-florida
https://www.ubereats.com/orlando/food-delivery/ipho-noodle-house-lake-mary/ivATvWNQSkmXZNWqRuYg1A,altamonte-springs-florida
https://www.ubereats.com/orlando/food-delivery/osphere-grill-and-bar/Ovg-qcodTC6GLRqqgic9Lw,altamonte-springs-florida
https://www.ubereats.com/orlando/food-delivery/stefanos-trattoria-winter-springs/N5AU0MYjQwyUi3YXc5yHNg,altamonte-springs-florida
https://www.ubereats.com/orlando/food-delivery/thai-cuisine-restaurant/CP8z86IMQ0eWdRCr-wFACA,altamonte-springs-florida
https://www.ubereats.com/orlando/food-delivery/poke-chop-altamonte-springs/w9RW3iUHQn2bEA72gCMHsA,altamonte-springs-florida
https://www.ubereats.com/orlando/food-delivery/cafe-perks-casselberry/CQAqQatnSc2F9gCaca6rBg,altamonte-springs-florida
https://www.ubereats.com/orlando/food-delivery/the-mango-fresh/IdczunkeS9-tDrK5nQxgow,altamonte-springs-florida
https://www.ubereats.com/orlando/food-delivery/sonic-4887-155-e-state-rd-434/qS8m2NKWRGCAK6W10ga90Q,altamonte-springs-florida
https://www.ubereats.com/orlando/food-delivery/bob-evans-190-385-state-route-436/opV6DdsUQRCkYjoXAD-_bw,altamonte-springs-florida
https://www.ubereats.com/orlando/food-delivery/outpost-neighborhood-kitchen-orlando/n0xFOGfeSS6CHDUeyw2jxQ,altamonte-springs-florida
https://www.ubereats.com/orlando/food-delivery/foxtail-coffee-lee-road/5NsXIK9tRLObUQ1doaoHXA,altamonte-springs-florida
https://www.ubereats.com/orlando/food-delivery/dunkin-1605-s-orlando-ave/NuseDA0RT123juupImsyJQ,altamonte-springs-florida
https://www.ubereats.com/orlando/food-delivery/papa-joes-pizza-altamonte-springs/VDUHY6DvSJ6hJuC5M8xJlA,altamonte-springs-florida
https://www.ubereats.com/orlando/food-delivery/arcade-monsters/9Ufyoj22Qqa6hJiYZ5EH7w,altamonte-springs-florida
https://www.ubereats.com/orlando/food-delivery/al-bacio-winter-park/lHkeCK24QfqE9C83lATB7g,altamonte-springs-florida
https://www.ubereats.com/orlando/food-delivery/zanzibar-coffee-house/CNlW7G0QTSuBranH70GZxg,altamonte-springs-florida
https://www.ubereats.com/orlando/food-delivery/7012-bonefish-grill-1761-w-state-rd-434/jMwo1hoNTz6heHpJeJONRA,altamonte-springs-florida
https://www.ubereats.com/orlando/food-delivery/cold-stone-creamery-944-colonial-grand-lane/mqf7atqTSkC2ouBXQnUJ6g,altamonte-springs-florida
https://www.ubereats.com/orlando/food-delivery/dunkin-2511-howell-branch-rd/CnPPvlrETFmGCUT8qI6Jig,altamonte-springs-florida
https://www.ubereats.com/orlando/food-delivery/pza-maitland/xePdjXytQbiP-aA__-h5Pg,altamonte-springs-florida
https://www.ubereats.com/orlando/food-delivery/mikado-japanese-cuisine-lake-mary/LyItAOExTXGPLH2oxo3wMA,altamonte-springs-florida
https://www.ubereats.com/orlando/food-delivery/hungry-howies-pizza-casselberry-%233004/FKNb5NSHQLuaamlZsddRLw,altamonte-springs-florida
https://www.ubereats.com/orlando/food-delivery/the-pass-progressive-cuisine/F2g_cu2RReyWRy4qKs7EVA,altamonte-springs-florida
https://www.ubereats.com/orlando/food-delivery/choulala/ts3Y1U38RsiI8e7dgQvGUg,altamonte-springs-florida
https://www.ubereats.com/orlando/food-delivery/jax-fifth-avenue-restaurant-and-ale-house-lake-mary/ogaFU-S_SbeAr-ODeawTSg,altamonte-springs-florida
https://www.ubereats.com/orlando/food-delivery/wendys-500-s-us-hwy-17-92/QeAcfAdDTv205q4HxknyPg,altamonte-springs-florida
https://www.ubereats.com/orlando/food-delivery/polskis-polish-restaurant/ibS6YAwRTq2PpnfC8g3mXw,altamonte-springs-florida
https://www.ubereats.com/orlando/food-delivery/the-ice-cream-shop/MldVI81mR-Kpp5-9RhYJ7Q,altamonte-springs-florida
https://www.ubereats.com/orlando/food-delivery/firehouse-subs-3309-e-sr-436/bwSjMy7xQXCcrKl8S7M2og,altamonte-springs-florida
https://www.ubereats.com/orlando/food-delivery/casa-smokehouse/xhPW4S0nRn6kQkIOKOhFsw,altamonte-springs-florida
https://www.ubereats.com/orlando/food-delivery/huey-magoos-chicken-tenders-lake-mary/lA79MkyTR-6Cpp526ImchQ,altamonte-springs-florida
https://www.ubereats.com/orlando/food-delivery/dexters-new-standard/A1jjz7oxS2W6ws4sKBjQOA,altamonte-springs-florida
https://www.ubereats.com/orlando/food-delivery/firehouse-subs-winter-springs/yJx808MHRFiybbyolcE3uQ,altamonte-springs-florida
https://www.ubereats.com/orlando/food-delivery/310-park-south/U7TUilv5RciWmkle54hE7w,altamonte-springs-florida
https://www.ubereats.com/orlando/food-delivery/mykonos-authentic-greek-cuisine/4AZ5h2d-QuG-0O-jIzsvLg,altamonte-springs-florida
https://www.ubereats.com/orlando/food-delivery/el-fuego-latino/TmS5RBe6SDS9R-LPZbDHaQ,altamonte-springs-florida
https://www.ubereats.com/orlando/food-delivery/the-original-brooklyn-water-bagel-co-winter-park/Q-Be7dzlTyaDZDwLEGLd-w,altamonte-springs-florida
https://www.ubereats.com/orlando/food-delivery/huey-magoos-chicken-tenders-apopka/B5c30vuPSQ2ld82NhaBptQ,altamonte-springs-florida
https://www.ubereats.com/orlando/food-delivery/bikes-beans-and-bordeaux/sRUv1bQCSSq_zubfBYr9Bw,altamonte-springs-florida
https://www.ubereats.com/orlando/food-delivery/the-ice-cream-shop/k5FfSUJJQfy4oh3Pq5Y4og,altamonte-springs-florida
https://www.ubereats.com/orlando/food-delivery/bolay-winter-park/fK-sSBpXRDq9Efxu-9qUag,altamonte-springs-florida
https://www.ubereats.com/orlando/food-delivery/taco-bell-307-e-main-st/xeVduAjnRh2I2cWQPSSyHQ,altamonte-springs-florida
https://www.ubereats.com/orlando/food-delivery/dallis-restaurant-%26-pizzeria-lake-mary/AjUvNttpRKSM2fFfERDSlw,altamonte-springs-florida
https://www.ubereats.com/orlando/food-delivery/grattin-dog/mbhhpJj1TfWivG4FgTTsGg,altamonte-springs-florida
https://www.ubereats.com/orlando/food-delivery/italian-express/zOgltmEyTjufGpiRCzAmOQ,altamonte-springs-florida
https://www.ubereats.com/orlando/food-delivery/la-fonda-mexican-kitchen/N0G1rbVuSC6JEbQCpYi3Wg,altamonte-springs-florida
https://www.ubereats.com/orlando/food-delivery/taco-bell-3755-w-lake-mary-blvd/aVL2uLulSByWdcWnLVy8nQ,altamonte-springs-florida
https://www.ubereats.com/orlando/food-delivery/starbucks-131-s-orlando-ave/ydIfHTjCTBSASmbwIdkMrA,altamonte-springs-florida
https://www.ubereats.com/orlando/food-delivery/%23630-subway-156-south-us-hwy-17-92/DNsBleBBQMqQnR-Gvf7F-w,altamonte-springs-florida
https://www.ubereats.com/orlando/food-delivery/kellys-homemade-ice-cream-central-ave/Uet9OUO6Rk2cQYhLDop2gA,altamonte-springs-florida
https://www.ubereats.com/orlando/food-delivery/pdq-925-s-orlando-avenue-winter-park/PazfJEK9QOeXW5Iwqp580A,altamonte-springs-florida
https://www.ubereats.com/orlando/food-delivery/zaxbys-sanford/umz6Ui0HTragrbIOQHzKvA,altamonte-springs-florida
https://www.ubereats.com/orlando/food-delivery/rosati-pizza-winter-park/vaj1ijPISBuahvF5UHH_pg,altamonte-springs-florida
https://www.ubereats.com/orlando/food-delivery/4r-cantina/qj-5tb7oRGGKHsmIw-38sg,altamonte-springs-florida
https://www.ubereats.com/orlando/food-delivery/hungry-howies-pizza-apopka%23154/trKgwB5_RteOt0vEt_4mjg,altamonte-springs-florida
https://www.ubereats.com/orlando/food-delivery/la-campana-mexican/t9V_S08PTxqHsO_MqWlUUg,altamonte-springs-florida
https://www.ubereats.com/orlando/food-delivery/mcdonalds-lockhart/LYtQj6PARv2f3CeloOTMQw,altamonte-springs-florida
https://www.ubereats.com/orlando/food-delivery/taco-bell-1154-rock-springs-rd/3Oj2ZVJ1RXe1JfCRWOXjMg,altamonte-springs-florida
https://www.ubereats.com/orlando/food-delivery/cuppasta-%26-pizza/Uj5xYp9GTjWCd0o9Wu6bYQ,altamonte-springs-florida
https://www.ubereats.com/orlando/food-delivery/dunkin-3768-s-orlando-dr/mBSycLKzRdSDacolTOwKGA,altamonte-springs-florida
https://www.ubereats.com/orlando/food-delivery/jeremiahs-italian-ice-winter-park/ComirthAQb2ZjAH3kXaJEA,altamonte-springs-florida
https://www.ubereats.com/orlando/food-delivery/tropical-smoothie-cafe-oviedo/Qppr_yj-QgWS4umiteKKIw,altamonte-springs-florida
https://www.ubereats.com/orlando/food-delivery/st-vics-smoke-shack/BWtxyvqQSKuc3cMs0RcqUw,altamonte-springs-florida
https://www.ubereats.com/orlando/food-delivery/new-york-deli/O_fPBA_TQqmv6dn32TW5PA,altamonte-springs-florida
https://www.ubereats.com/orlando/food-delivery/dog-house/joyYifkzRKWr-eTy4BkChA,altamonte-springs-florida
https://www.ubereats.com/orlando/food-delivery/burgerfi-oviedo/9af0kJsHR7W2Lce5wtFUEw,altamonte-springs-florida
https://www.ubereats.com/orlando/food-delivery/dumpling-spot/KNC2p9YCR_K9EIBNTvpmxA,altamonte-springs-florida
https://www.ubereats.com/orlando/food-delivery/delish-to-go/NFmykNwcRdW2GfHeSwAEKQ,altamonte-springs-florida
https://www.ubereats.com/orlando/food-delivery/momzs-kitchen/dlsJodkzSwqGlipr9nsktA,altamonte-springs-florida
https://www.ubereats.com/orlando/food-delivery/king-fried-chicken/ZYwF2W0qQlm-5k3A96qm2A,altamonte-springs-florida
https://www.ubereats.com/orlando/food-delivery/soho-juice-company-winter-park/2GpMf20PTsWBsv-w_QdtMA,altamonte-springs-florida
https://www.ubereats.com/orlando/food-delivery/pizza-hut-3852-s-orlando-drive/Mbeov8HITwy6EJndO2K_wQ,altamonte-springs-florida
https://www.ubereats.com/orlando/food-delivery/colorados-prime-steak-sanford/UGuxlLSFQNaBpSyi8yum-Q,altamonte-springs-florida
https://www.ubereats.com/orlando/food-delivery/delicioso-restaurant/Bxvy5J89S8KpiJxU3I5vrA,altamonte-springs-florida
https://www.ubereats.com/orlando/food-delivery/dunkin-300-s-us-highway-17-92/3vOh-bpcRVev-UkhTSPkJA,altamonte-springs-florida
https://www.ubereats.com/orlando/food-delivery/poke-bar/_ZO_Kt7KRqqHqTci2C3y5w,altamonte-springs-florida
https://www.ubereats.com/orlando/food-delivery/burger-king-476-east-altamonte-drive/3UP701KJTwuAK9D8O75-CQ,altamonte-springs-florida
https://www.ubereats.com/orlando/food-delivery/the-local-bar-%26-grill/2qUQIJZVRjGrcxy80L2bzw,altamonte-springs-florida
https://www.ubereats.com/orlando/food-delivery/killer-wings/1bt_mnanQTKG3GVIdFSk5Q,altamonte-springs-florida
https://www.ubereats.com/orlando/food-delivery/st-andrews-tavern/25eJaMk4SWKdJTUSachA6g,altamonte-springs-florida
https://www.ubereats.com/orlando/food-delivery/pure-green-winter-park/VfaH7yMJTy6Mdq7pG57WBA,altamonte-springs-florida
https://www.ubereats.com/orlando/food-delivery/millers-ale-house-altamonte/K7W1r6pQTB-_1xicnZ_mRQ,altamonte-springs-florida
https://www.ubereats.com/orlando/food-delivery/a-taste-of-life-food-truck/2E5FB7moTninqpD4abbaFA,altamonte-springs-florida
https://www.ubereats.com/orlando/food-delivery/mediterranean-gourmet/mWECIJtKQYaVzgU7jHtZYg,altamonte-springs-florida
https://www.ubereats.com/orlando/food-delivery/donut-central-%26-fuelpresso/nfPSBl0YTyKgn4ok5kguyQ,altamonte-springs-florida
https://www.ubereats.com/orlando/food-delivery/royal-thai-cuisine/EAIwFWO8TKGHHgUFJVh7dQ,altamonte-springs-florida
https://www.ubereats.com/orlando/food-delivery/sake-house/TG0pmVIoSXuRTGXFbTJvZw,altamonte-springs-florida
https://www.ubereats.com/orlando/food-delivery/jeremiahs-italian-ice-casselberry/Qkqz3GQ5Szq1-q84YT1UsQ,altamonte-springs-florida
https://www.ubereats.com/orlando/food-delivery/the-donut-patch/xb96fzMoQI-xKYe4pesPdw,altamonte-springs-florida
https://www.ubereats.com/orlando/food-delivery/shaka-shaka-tea-house-winter-park/ONFOUxxORt-L03qbqVXr1A,altamonte-springs-florida
https://www.ubereats.com/orlando/food-delivery/pollo-tropical-8301-red-bug-lake-rd/P3agVidgQ86LJ7OjAJ6KYg,altamonte-springs-florida
https://www.ubereats.com/orlando/food-delivery/tomasinos-pizza-lake-mary/c1u7r1t8Q1O-0OU-TankUw,altamonte-springs-florida
https://www.ubereats.com/orlando/food-delivery/bem-bom-on-corrine/0aj7P0x8R3W0HEuKBVTjKw,altamonte-springs-florida
https://www.ubereats.com/orlando/food-delivery/pizza-hut-2335-temple-trl/lb2EgJkCQqS8Sy6SVOVi4Q,altamonte-springs-florida
https://www.ubereats.com/orlando/food-delivery/krispy-krunchy-chicken-4680-n-orange-blossom-trail/l36FDy7lSwuHNZttofU_Ag,altamonte-springs-florida
https://www.ubereats.com/orlando/food-delivery/chiantis-pizza-%26-pasta-longwood/_KytlMRiT36E3-OoqQoG_w,altamonte-springs-florida
https://www.ubereats.com/orlando/food-delivery/pizza-hut-700-maguire-blvd/_rgrvvFTQCGy5xZzgzAZMg,altamonte-springs-florida
https://www.ubereats.com/orlando/food-delivery/hurricane-grill-%26-wings-apopka/WslQcq2RSZCx7cxXkHt9lQ,altamonte-springs-florida
https://www.ubereats.com/orlando/food-delivery/beths-burger-bar/bnt7TIbUSFiEDN5u51V9sQ,altamonte-springs-florida
https://www.ubereats.com/orlando/food-delivery/chipotle-mexican-grill-103-state-road-436/QhTaVNQDSve2O_WBlbZzYA,altamonte-springs-florida
https://www.ubereats.com/orlando/food-delivery/cheers-altamonte-springs/I8oRQ3z8TXODVhIeP_Zt8w,altamonte-springs-florida
https://www.ubereats.com/orlando/food-delivery/zaxbys-6503-university-blvd/ld4WxefrQKSPlIGEsJrsJw,altamonte-springs-florida
https://www.ubereats.com/orlando/food-delivery/mediterranean-gourmet-oviedo/H1BTeo_2SLOWJP3YHP82Bw,altamonte-springs-florida
https://www.ubereats.com/orlando/food-delivery/natures-table/70Hmjbk1SsapEMza_HoZbw,altamonte-springs-florida
https://www.ubereats.com/orlando/food-delivery/pierres-kitchen/EgkVmZyqThq4mlBnR5j1hA,altamonte-springs-florida
https://www.ubereats.com/orlando/food-delivery/miyako-oviedo/QPeZMo26SieabkrTYJbaWw,altamonte-springs-florida
https://www.ubereats.com/orlando/food-delivery/longwood-country-kitchen/9JJ6oUVBSfimYzOxmMRU7g,altamonte-springs-florida
https://www.ubereats.com/orlando/food-delivery/kekes-breakfast-cafe-winter-springs/r_AicZHnQuCdGCbolxjJqQ,altamonte-springs-florida
https://www.ubereats.com/orlando/food-delivery/churchs-chicken-845-s-orange-blossom-trail/fq7tWCg3R8-4Y3orr2dgwg,altamonte-springs-florida
https://www.ubereats.com/orlando/food-delivery/le-macaron-french-pastries-winter-park/IDYfS1rZTaatEaofYTle9Q,altamonte-springs-florida
https://www.ubereats.com/orlando/food-delivery/hungry-howies-altamonte-springs/ORbDjw1sSHOjLB-R5a_Hyg,altamonte-springs-florida
https://www.ubereats.com/orlando/food-delivery/winghouse-of-sanford/hO7DGkTNRb-9F8mG8cDi9A,altamonte-springs-florida
https://www.ubereats.com/orlando/food-delivery/peterbrooke-chocolatier-of-winter-park/s48w5lrYRsKHujEz6M5RYg,altamonte-springs-florida
https://www.ubereats.com/orlando/food-delivery/steak-n-shake-1680-s-orange-blossomtrail/EaJtWuIRQHuLZGbkeuGmow,altamonte-springs-florida
https://www.ubereats.com/orlando/food-delivery/taco-bell-4460-s-highway-17-92/wlCx5wBpTUuvJl3OXMr6Ig,altamonte-springs-florida
https://www.ubereats.com/orlando/food-delivery/chick-fil-a-451-altamonte-mall/5JN5drDsRfmum8-8fI6_Ew,altamonte-springs-florida
https://www.ubereats.com/orlando/food-delivery/oz-asian/SOtMLzBvQfOVD0sCPjU6LA,altamonte-springs-florida
https://www.ubereats.com/orlando/food-delivery/chiantis-pizza-%26-pasta-sanford/CKatIiM6Qy-wPJzicBm7Jw,altamonte-springs-florida
https://www.ubereats.com/orlando/food-delivery/pdq-altamonte-springs/c7mhikkWQem4jQcaU-dGcA,altamonte-springs-florida
https://www.ubereats.com/orlando/food-delivery/bubbalous-bodacious-bar-b-q-winter-park/G85vMDKuQyyuOVew_SWnvg,altamonte-springs-florida
https://www.ubereats.com/orlando/food-delivery/b-cupcakes/hnkl25azRpSOZu7AKmIjpA,altamonte-springs-florida
https://www.ubereats.com/orlando/food-delivery/blu-on-the-avenue/Vy1Bw0T7QF-SPZxYjXc-7Q,altamonte-springs-florida
https://www.ubereats.com/orlando/food-delivery/burgerfi-altamonte-springs/KgvOB2t-S5KtQewndW9pIQ,altamonte-springs-florida
https://www.ubereats.com/orlando/food-delivery/a-taste-of-life-food-truck-2/duQmjP5OS9qk_Yi2iELoHQ,altamonte-springs-florida
https://www.ubereats.com/orlando/food-delivery/hooties-burger-bar-550-towne-center-circle/pi2wH70MQ3K_uFuV0To1vw,altamonte-springs-florida
https://www.ubereats.com/orlando/food-delivery/popeyes-louisiana-kitchen-1035-lee-rd/R3YhZPZMSKWsWA8EY91bPw,altamonte-springs-florida
https://www.ubereats.com/orlando/food-delivery/wing-squad-maitland/jyDThNIPThW50Oh4eec1pw,altamonte-springs-florida
https://www.ubereats.com/orlando/food-delivery/boston-market-4335-w-lake-mary-blvd/ra7lFAiLRfSXxXotA9R18A,altamonte-springs-florida
https://www.ubereats.com/orlando/food-delivery/huey-magoos-chicken-tenders-winter-springs/iSaf7GbfSyeg38N0W8rjKA,altamonte-springs-florida
https://www.ubereats.com/orlando/food-delivery/shanghai-lake-mary/gMDRBR68Q4q-w_7NxM1dxA,altamonte-springs-florida
https://www.ubereats.com/orlando/food-delivery/spices-%2B-sprinklestm/ihd4vZ0qSyytLeU7ifElcA,altamonte-springs-florida
https://www.ubereats.com/orlando/food-delivery/steak-n-shake-4325-w-lake-mary-blvd/oECtYCYHS9CL0zd5RSfQmQ,altamonte-springs-florida
https://www.ubereats.com/orlando/food-delivery/el-potro-winter-park/vaBMXBT6SP2aKqwTwBtmsg,altamonte-springs-florida
https://www.ubereats.com/orlando/food-delivery/mcdonalds-lakemont/05z8bJoFT3a5MqYmm48P8g,altamonte-springs-florida
https://www.ubereats.com/orlando/food-delivery/taco-bell-690-s-orlando-ave/u1x4uBT4R0u3jYVWc_rB2w,altamonte-springs-florida
https://www.ubereats.com/orlando/food-delivery/fresh-kitchen-lake-mary/W1tHw8uNTT-fLomtzGKKbw,altamonte-springs-florida
https://www.ubereats.com/orlando/food-delivery/soupyaf-aloma/uuFmkGxnQ6uiX7EKkJHpqw,altamonte-springs-florida
https://www.ubereats.com/orlando/food-delivery/the-copper-rocket/Ngu1Nh10RxS901RTpxeaBA,altamonte-springs-florida
https://www.ubereats.com/orlando/food-delivery/first-watch-longwood/5xS9EoN3RqKm_KAHG00QNQ,altamonte-springs-florida
https://www.ubereats.com/orlando/food-delivery/papa-johns-5808-red-bug-lake-rd/1rjePbbfSumdfMyzG5oazA,altamonte-springs-florida
https://www.ubereats.com/orlando/food-delivery/firehouse-subs-altamonte-springs/W1zDfraZSp-D_3lIIXW6rA,altamonte-springs-florida
https://www.ubereats.com/orlando/food-delivery/johnnys-pizza/CS4fiOb5RrOEE9plswNlJA,altamonte-springs-florida
https://www.ubereats.com/orlando/food-delivery/dexters-lake-mary/XW4I5kS3Qa6qHc8_qQcA-A,altamonte-springs-florida
https://www.ubereats.com/orlando/food-delivery/ny-pizza-baby-apopka/X1L6PXY9S6yD6kraHm3wjQ,altamonte-springs-florida
https://www.ubereats.com/orlando/food-delivery/dajen-eats/NPahwCHQQgKIfoVlVhXlrQ,altamonte-springs-florida
https://www.ubereats.com/orlando/food-delivery/pollo-tropical-489-west-sr-436/bn4LcgHJToaTpINHjwJe_g,altamonte-springs-florida
https://www.ubereats.com/orlando/food-delivery/blaze-pizza-501-n-orlando-ave-suite-229/i_drIBXLTN69BfHmWUS2rw,altamonte-springs-florida
https://www.ubereats.com/orlando/food-delivery/kekes-breakfast-cafe-lake-mary/hahKhWyfTom7J0_ZtFcJnQ,altamonte-springs-florida
https://www.ubereats.com/orlando/food-delivery/jersey-mikes-winter-park-1951-aloma-ave/u_uZTVsFSoStmmYHX-SN-Q,altamonte-springs-florida
https://www.ubereats.com/orlando/food-delivery/destinys-big-city-pizza/38q3N3xQRpeBMAdCYL_jVw,altamonte-springs-florida
https://www.ubereats.com/orlando/food-delivery/dennys-351-e-main-st/mVoG-EVMRhWwod8Q-8_2zg,altamonte-springs-florida
https://www.ubereats.com/orlando/food-delivery/bellas-italian-restaurant-%26-pizzeria/eEaifshgRuOJu_6ymRuQmg,altamonte-springs-florida
https://www.ubereats.com/orlando/food-delivery/pho-54-%26-grill-vietnamese-cuisine-oviedo/5COqVmfvRsC9BYZts3tIkA,altamonte-springs-florida
https://www.ubereats.com/orlando/food-delivery/the-hangry-bison/5Y-V0QdQQRevx2c9wYfYig,altamonte-springs-florida
https://www.ubereats.com/orlando/food-delivery/caffe-positanos/TRNpGj7USpGTQveYOO08QA,altamonte-springs-florida
https://www.ubereats.com/orlando/food-delivery/dunkin-429-ridge-rd/9IgXZbmhSJq2hsNLj53jgQ,altamonte-springs-florida
https://www.ubereats.com/orlando/food-delivery/olea-mediterranean-grill-maitland/MIpl2aduQLyWzNcQzcCHPw,altamonte-springs-florida
https://www.ubereats.com/orlando/food-delivery/dunkin-6627-university-blvd/XVhjaLWyRWOF7d5HOMN3Lw,altamonte-springs-florida
https://www.ubereats.com/orlando/food-delivery/shake-%26-burger/IioyZUsgQq2M6TML6Lhb_g,altamonte-springs-florida
https://www.ubereats.com/orlando/food-delivery/gators-dockside-apopka/BKLiR-7xTHiexMwf6jvCpQ,altamonte-springs-florida
https://www.ubereats.com/orlando/food-delivery/burger-king-1477-sr-436/zMXKKna6T2KHJoAKhKMmmw,altamonte-springs-florida
https://www.ubereats.com/orlando/food-delivery/pretzel-burger-company-winter-park/IGW6pJXKTTiaEJHZtWPVOw,altamonte-springs-florida
