url,city
https://www.ubereats.com/orlando/food-delivery/sonnys-bbq-apopka/A7LYHTieS_WD7Tmeq4JWrg,apopka-florida
https://www.ubereats.com/orlando/food-delivery/china-gate/hTTreqbgQ1esfmOnSyIt6Q,apopka-florida
https://www.ubereats.com/orlando/food-delivery/breakfast-club-of-ocoee/7PMlErTNT2yDKdLRugjZUA,apopka-florida
https://www.ubereats.com/orlando/food-delivery/ceviche-mix-mount-dora/4N7IweQlSrWptBLMgG9HjQ,apopka-florida
https://www.ubereats.com/orlando/food-delivery/jersey-mikes-subs-apopka-450-s-hunt-club-blvd/XdsS8EzmTZGNhN5rP6s6Yg,apopka-florida
https://www.ubereats.com/orlando/food-delivery/daniels-cheesesteak-house/RIicgyNTTFirRHqQbJiYBA,apopka-florida
https://www.ubereats.com/orlando/food-delivery/taco-bell-1429-west-orange-blossom-trail/veWVR-gXQj-MQQ9xuzYu7g,apopka-florida
https://www.ubereats.com/orlando/food-delivery/firehouse-subs-longwood/fQV4_Tg5QIGYzbFVxFqZrw,apopka-florida
https://www.ubereats.com/orlando/food-delivery/gators-dockside-ocoee/b6--QerPT2-QhERm7kUGRw,apopka-florida
https://www.ubereats.com/orlando/food-delivery/perkins-restaurant-altamonte-springs/Z8pGKOI8QPCOlwwU5Z6mWw,apopka-florida
https://www.ubereats.com/orlando/food-delivery/ootoya-sushi/D7c71wLoQgS7_5hTL3JcWA,apopka-florida
https://www.ubereats.com/orlando/food-delivery/burger-king-3010-semoran-boulevard/6g5DatnpRCSjVTkBthjb0Q,apopka-florida
https://www.ubereats.com/orlando/food-delivery/mcdonalds-rock-springs/TLw333uwSheKiSjTS-fTGg,apopka-florida
https://www.ubereats.com/orlando/food-delivery/dairy-queen-grill-%26-chill-803-e-semoran-blvd/fS5h9XnGRx-bpgoFg_Vh0A,apopka-florida
https://www.ubereats.com/orlando/food-delivery/pizza-hut-767-s-state-road/MZyGHtZqScae_4PO3uyMgQ,apopka-florida
https://www.ubereats.com/orlando/food-delivery/pizza-1905/DjhBs8lLRj622JHD2wMNTg,apopka-florida
https://www.ubereats.com/orlando/food-delivery/quickly-bistro-%26-boba/cgaUvROMS4GDL0QuZ3IPSw,apopka-florida
https://www.ubereats.com/orlando/food-delivery/sub-shack/bCj1KEAOS-uHA2DhEyploQ,apopka-florida
https://www.ubereats.com/orlando/food-delivery/dunkin-212-e-main-st/bfc45OxaR1ycn510BWo6jg,apopka-florida
https://www.ubereats.com/orlando/food-delivery/kekes-breakfast-cafe-apopka/ni8qzQ9lR5uEbqZqE8kVBw,apopka-florida
https://www.ubereats.com/orlando/food-delivery/hebers-cuban-cafe-apopka/YAWYmQhLTPOcMlXUFmlt4Q,apopka-florida
https://www.ubereats.com/orlando/food-delivery/fuddruckers-apopka/xqBBTd77TEy5NRAjhMckRQ,apopka-florida
https://www.ubereats.com/orlando/food-delivery/panaderia-la-mexicana/55tJmDK7TrG7mGWh_x9uag,apopka-florida
https://www.ubereats.com/orlando/food-delivery/popeyes-louisiana-kitchen-402-e-main-st/XPism8-8Requ-6LQJc8B1A,apopka-florida
https://www.ubereats.com/orlando/food-delivery/boston-coffeehouse/sJUYncQzSY2IqbuY6zrD_g,apopka-florida
https://www.ubereats.com/orlando/food-delivery/pizza-hut-1148-n-rock-springs-rd/8sf-M2UhQP-K7VkQ2PSAvw,apopka-florida
https://www.ubereats.com/orlando/food-delivery/kekes-breakfast-cafe-longwood/jtiuTS_qQMek7PHgTnFRmQ,apopka-florida
https://www.ubereats.com/orlando/food-delivery/ihop-west-orlando/Kn5wJJbZT_WnxZma2J-77A,apopka-florida
https://www.ubereats.com/orlando/food-delivery/qdoba-mexican-eats-altamonte-springs/Lu30aknGSLyF87kV8DENfg,apopka-florida
https://www.ubereats.com/orlando/food-delivery/michaels-ali-coal-fired-pizza-%26-macd-out/MwokrDSKRPSrMX7bHotqWA,apopka-florida
https://www.ubereats.com/orlando/food-delivery/arbys-3011-e-semoran-blvd/CxZ_Y2q7Qju7BMIx6vqqLQ,apopka-florida
https://www.ubereats.com/orlando/food-delivery/firehouse-subs-apopka/ZwZh8oOoQNK87Oi02hkrDw,apopka-florida
https://www.ubereats.com/orlando/food-delivery/front-row-sports-bar-and-grill/szgRntZHQVOnDpMMlg5ylA,apopka-florida
https://www.ubereats.com/orlando/food-delivery/arepas-cafe-and-more/-0ojHLHSScG2WpU8e1GEAg,apopka-florida
https://www.ubereats.com/orlando/food-delivery/venus-pizzeria/q1-1zOgLQKCi_Dr8bqfrRA,apopka-florida
https://www.ubereats.com/orlando/food-delivery/carrabbas-931-n-state-road-434/n1Bsv87fSwuQW49RDQtfVA,apopka-florida
https://www.ubereats.com/orlando/food-delivery/red-lobster-340-west-sr-436/J5prrr7MTAmq9Icpd0bKqQ,apopka-florida
https://www.ubereats.com/orlando/food-delivery/starbucks-1720-s-orange-blossom-trail/INW9Y7x6TYOOFtpn3aXT_A,apopka-florida
https://www.ubereats.com/orlando/food-delivery/dunkin-946-w-state-road-436/pPn4T6maQv6qHWdYdDQbKA,apopka-florida
https://www.ubereats.com/orlando/food-delivery/the-pass-progressive-cuisine/F2g_cu2RReyWRy4qKs7EVA,apopka-florida
https://www.ubereats.com/orlando/food-delivery/%2347418-subway-1501-w-orange-blossom-trail/9UsB2L8hRK2Dy5lK6yiYxQ,apopka-florida
https://www.ubereats.com/orlando/food-delivery/burgerfi-windermere-windermere-village/m8wmVCd-Qv2Kb8SxWQbgPw,apopka-florida
https://www.ubereats.com/orlando/food-delivery/taco-bell-257-west-fountains-blvd/6ff1aWmcT5yud3y6Jo4ZiA,apopka-florida
https://www.ubereats.com/orlando/food-delivery/bella-napoli/cOeh0nFZSd-SvlYbTrVorA,apopka-florida
https://www.ubereats.com/orlando/food-delivery/firehouse-subs-3309-e-sr-436/bwSjMy7xQXCcrKl8S7M2og,apopka-florida
https://www.ubereats.com/orlando/food-delivery/wendys-1650-w-orange-blossom-trail/Ny1vtID-Q8ewRfgVNIVGqw,apopka-florida
https://www.ubereats.com/orlando/food-delivery/mcdonalds-2281-ocoee-apopka-rd/23CBU8XOQYONP0LdQZwmCg,apopka-florida
https://www.ubereats.com/orlando/food-delivery/ihop-1120-west-orange-blossom-trail/w8LNjCXOS7edm1vJPSmmcQ,apopka-florida
https://www.ubereats.com/orlando/food-delivery/topclass-jamaican-restaurant-and-grill/pby1AMPNRfSyvDx8T9TegA,apopka-florida
https://www.ubereats.com/orlando/food-delivery/mykonos-authentic-greek-cuisine/4AZ5h2d-QuG-0O-jIzsvLg,apopka-florida
https://www.ubereats.com/orlando/food-delivery/jimmy-hulas-altamonte-springs/2KnLKIyqQvmekL6AdmX1pQ,apopka-florida
https://www.ubereats.com/orlando/food-delivery/huey-magoos-chicken-tenders-apopka/B5c30vuPSQ2ld82NhaBptQ,apopka-florida
https://www.ubereats.com/orlando/food-delivery/tropical-smoothie-cafe-altamonte-springs/T4NC5UklQf2YfX8_j7hAKQ,apopka-florida
https://www.ubereats.com/orlando/food-delivery/taco-bell-307-e-main-st/xeVduAjnRh2I2cWQPSSyHQ,apopka-florida
https://www.ubereats.com/orlando/food-delivery/metro-diner-altamonte-springs/54Qm9sqLR3qcHXIP_z2Sqg,apopka-florida
https://www.ubereats.com/orlando/food-delivery/italian-express/zOgltmEyTjufGpiRCzAmOQ,apopka-florida
https://www.ubereats.com/orlando/food-delivery/la-fonda-mexican-kitchen/N0G1rbVuSC6JEbQCpYi3Wg,apopka-florida
https://www.ubereats.com/orlando/food-delivery/philly-connection/uuLXsITARwyPd85kDH7LMQ,apopka-florida
https://www.ubereats.com/orlando/food-delivery/bangkok-thai-passion-ocoee/aWlWJX3MTcOw9GeZrXi5Sg,apopka-florida
https://www.ubereats.com/orlando/food-delivery/san-joses-original-mexican-restaurant-altamonte-springs/4sl-W4eVT6O6cdt4sTe2HQ,apopka-florida
https://www.ubereats.com/orlando/food-delivery/starbucks-3850-e-sr-436/NQ8boyuoSUu_ITCRL32rvQ,apopka-florida
https://www.ubereats.com/orlando/food-delivery/cheese-to-share-natural-foods/gSPf8phLSNi85YEoDsaxaQ,apopka-florida
https://www.ubereats.com/orlando/food-delivery/san-miguel-mexican-grill/F9AJI-FKSCy17_Fjr6aMAw,apopka-florida
https://www.ubereats.com/orlando/food-delivery/allyson-a-bake-shop/YkA5GWOjT0u6YZoJxFC-sg,apopka-florida
https://www.ubereats.com/orlando/food-delivery/the-ice-cream-shop/oLkGe4HOTMyGlX0faZgI8A,apopka-florida
https://www.ubereats.com/orlando/food-delivery/hungry-howies-pizza-apopka%23154/trKgwB5_RteOt0vEt_4mjg,apopka-florida
https://www.ubereats.com/orlando/food-delivery/beef-o-bradys-6551-n-orange-blossom/ECa_AaA3TeijbdNRJWyhOQ,apopka-florida
https://www.ubereats.com/orlando/food-delivery/panera-204174/bL6O-gybTT6soKjTLM-uUA,apopka-florida
https://www.ubereats.com/orlando/food-delivery/taco-bell-1154-rock-springs-rd/3Oj2ZVJ1RXe1JfCRWOXjMg,apopka-florida
https://www.ubereats.com/orlando/food-delivery/froggers-grill-%26-bar-altamonte-springs/5bym59jSS1OqqOzArjS4CA,apopka-florida
https://www.ubereats.com/orlando/food-delivery/winghouse-of-orlando/6665ZixpT3qJ4kVLmvPO1w,apopka-florida
https://www.ubereats.com/orlando/food-delivery/%2323785-subway-1454-north-rock-springs-rd/s5Y7kGjcSbGAmADCNSkr2g,apopka-florida
https://www.ubereats.com/orlando/food-delivery/wendys-155-e-main-street/vcVQ8NV6SyaUlLlNXdZ2nA,apopka-florida
https://www.ubereats.com/orlando/food-delivery/chucks-wagon-llc/jgnj0S8ETK-9KuJIA2ps7A,apopka-florida
https://www.ubereats.com/orlando/food-delivery/tijuana-flats-apopka/riHS-rw9SPqUGY5aMVE0Yg,apopka-florida
https://www.ubereats.com/orlando/food-delivery/dumpling-spot/KNC2p9YCR_K9EIBNTvpmxA,apopka-florida
https://www.ubereats.com/orlando/food-delivery/he-hop-chinese-restaurant/gBDZLaNBSL6ziBwQmB6SBA,apopka-florida
https://www.ubereats.com/orlando/food-delivery/kellers-bar-b-q/8mLlme3UTwaR-QNwNihXtw,apopka-florida
https://www.ubereats.com/orlando/food-delivery/ice-hut/6zBgcAimQwGbDcoiRh3Vgg,apopka-florida
https://www.ubereats.com/orlando/food-delivery/outback-steakhouse-990-north-state-road-434/zip94P2qR86mvdkMK188Bw,apopka-florida
https://www.ubereats.com/orlando/food-delivery/little-greek-apopka/EhRCeBU1REKko9yJPz_QtQ,apopka-florida
https://www.ubereats.com/orlando/food-delivery/las-palmas-cuban-restaurant/VPdeg-8nQS2t0ozrMcLYGQ,apopka-florida
https://www.ubereats.com/orlando/food-delivery/chic-n-gyro/I4fatYv0Q7W_v2kBkI6yFg,apopka-florida
https://www.ubereats.com/orlando/food-delivery/kobe-japanese-steakhouse-%26-sushi-bar-altamonte-springs/oW7ZjJbATBOR4BRqST5V5A,apopka-florida
https://www.ubereats.com/orlando/food-delivery/wave-asian-bistro-and-sushi/upm9ykzFTNCbKgfMRE1g_w,apopka-florida
https://www.ubereats.com/orlando/food-delivery/%23339-subway-2133-e-semoran-blvd/TJ5v9MGQQpmNi4iI1d9flw,apopka-florida
https://www.ubereats.com/orlando/food-delivery/the-ice-cream-shop/OFaQmxpVRPWIOSel43lPww,apopka-florida
https://www.ubereats.com/orlando/food-delivery/wawa-5112-1615-s-orange-blossom-trail/_MT9E4TKT_OgXbfU6WThuw,apopka-florida
https://www.ubereats.com/orlando/food-delivery/tijuana-flats-hunt-club/KxuKr2glR5eewod65eQ5og,apopka-florida
https://www.ubereats.com/orlando/food-delivery/copacabana-cuban-cafe/SQqGt0luQOGuJlwH5pBkaQ,apopka-florida
https://www.ubereats.com/orlando/food-delivery/salads-sandwiches-and-sweets/91ZHa9k8R_S-HTD4jkPNNA,apopka-florida
https://www.ubereats.com/orlando/food-delivery/reggae-riddim-jamaican-restaurant/1bGtqxFvSXiWIvSM_inQNw,apopka-florida
https://www.ubereats.com/orlando/food-delivery/checkers-355-e-main-street/GIs1yOfETsmJYBN_-gaXpw,apopka-florida
https://www.ubereats.com/orlando/food-delivery/china-taste-orlando/y-qRtj03R1Soo9-FIcMTIA,apopka-florida
https://www.ubereats.com/orlando/food-delivery/terramia-ristorante/MMX4A1kjTkCATsvEzdwOpw,apopka-florida
https://www.ubereats.com/orlando/food-delivery/el-potro-mexican-restaurant/xMpA-2p-S_y9RVqveYFKTQ,apopka-florida
https://www.ubereats.com/orlando/food-delivery/caribgardens-inc/LvBaowUiTCu0sMLQPUhKJA,apopka-florida
https://www.ubereats.com/orlando/food-delivery/froggers-grill-%26-bar-apopka/wNMeeWx9QR-iwYaRZTUZ9A,apopka-florida
https://www.ubereats.com/orlando/food-delivery/zaxbys-apopka/6eAwEbuXTaisVMuXUdWaaQ,apopka-florida
https://www.ubereats.com/orlando/food-delivery/kfc-356-e-main-street/g8H1DOxURwOf4lRcIC3rgA,apopka-florida
https://www.ubereats.com/orlando/food-delivery/bubbalous-bodacious-bbq-apopka/h0TCc1KfQHeNiv3FT5V_PA,apopka-florida
https://www.ubereats.com/orlando/food-delivery/wingz-wingzz-wingzzz/kXtbppdlRUCqdUFkQCJ43g,apopka-florida
https://www.ubereats.com/orlando/food-delivery/hurricane-grill-%26-wings-apopka/WslQcq2RSZCx7cxXkHt9lQ,apopka-florida
https://www.ubereats.com/orlando/food-delivery/taqueria-el-alacran-758-s-bluford-ave/WRlsVTk4R0aFFPyiDQfT5w,apopka-florida
https://www.ubereats.com/orlando/food-delivery/wendys-601-executive-park-court/1D96jj_mSlOveyLYiMOTNg,apopka-florida
https://www.ubereats.com/orlando/food-delivery/ceviche-mix/Ieg5Qh2OQwyVz5hxF0M6Hw,apopka-florida
https://www.ubereats.com/orlando/food-delivery/planet-smoothie-south-state-road/o7UcJhDARfyVElRvXrJa0w,apopka-florida
https://www.ubereats.com/orlando/food-delivery/tropical-smoothie-cafe-bear-lake/K6Z8ncnYTpK-QanBuTBiwA,apopka-florida
https://www.ubereats.com/orlando/food-delivery/chipotle-mexican-grill-2201-e-semoran-blvd/tlCJ5l7RSBidmdjqxOfp2w,apopka-florida
https://www.ubereats.com/orlando/food-delivery/hungry-howies-ocoee/wsFG5tyjRVSnrm5FsuZB_Q,apopka-florida
https://www.ubereats.com/orlando/food-delivery/rosatis-pizza-550-s-hunt-club-blvd/uSY44bamQ_mz9dciSP6rOQ,apopka-florida
https://www.ubereats.com/orlando/food-delivery/mcdonalds-apopka/RCVPvZOuQsGvYdLuIpt0eg,apopka-florida
https://www.ubereats.com/orlando/food-delivery/tijuana-flats-longwood/rTmnBxRUSb-erhLlKA6Bbg,apopka-florida
https://www.ubereats.com/orlando/food-delivery/oh-my-gyro/CeLKSvJWSxiEAM3PfJZH9g,apopka-florida
https://www.ubereats.com/orlando/food-delivery/sus-hi-eatstation-altamonte-springs/d0WGo0xgR0i54pa9a40RxA,apopka-florida
https://www.ubereats.com/orlando/food-delivery/churchs-chicken-845-s-orange-blossom-trail/fq7tWCg3R8-4Y3orr2dgwg,apopka-florida
https://www.ubereats.com/orlando/food-delivery/pilin-thai/8mMALYBNRJi6gRwajj7_5g,apopka-florida
https://www.ubereats.com/orlando/food-delivery/hungry-howies-altamonte-springs/ORbDjw1sSHOjLB-R5a_Hyg,apopka-florida
https://www.ubereats.com/orlando/food-delivery/perkins-restaurant-apopka/-x0YgtCQSSiS-TzoqNnxFg,apopka-florida
https://www.ubereats.com/orlando/food-delivery/taco-bell-495-w-state-rd-436/QVC2Nk9hSJSy40OGOUEA4Q,apopka-florida
https://www.ubereats.com/orlando/food-delivery/beef-o-bradys-apopka/hk-_rceSTu2xnE5_mBeDlA,apopka-florida
https://www.ubereats.com/orlando/food-delivery/steak-n-shake-1680-s-orange-blossomtrail/EaJtWuIRQHuLZGbkeuGmow,apopka-florida
https://www.ubereats.com/orlando/food-delivery/big-glenns-bbq-and-seafood/4pBkc52-Q9uKjGxBi6t6nQ,apopka-florida
https://www.ubereats.com/orlando/food-delivery/tokyo-sushi-hibachi/M1I57NYPTnW1NhbxnJYIJA,apopka-florida
https://www.ubereats.com/orlando/food-delivery/back-room-steakhouse-apopka/HBHavJt1TxS00zUq1Ps9_w,apopka-florida
https://www.ubereats.com/orlando/food-delivery/jersey-mikes-s-state-rd-434-%26-gateway-dr/WWuyjJWdSe2bxbaXzHMLfA,apopka-florida
https://www.ubereats.com/orlando/food-delivery/millers-jamaican-cuisine/CtXSXz8CSterG4hw6iBJuQ,apopka-florida
https://www.ubereats.com/orlando/food-delivery/b-cupcakes/hnkl25azRpSOZu7AKmIjpA,apopka-florida
https://www.ubereats.com/orlando/food-delivery/burgerfi-altamonte-springs/KgvOB2t-S5KtQewndW9pIQ,apopka-florida
https://www.ubereats.com/orlando/food-delivery/kairos-latin-restaurant/LwIhFgDBShiWJbs_e75HVg,apopka-florida
https://www.ubereats.com/orlando/food-delivery/taste-of-jamaica-restaurant/uGmnJ9QhThii3ZRbgSJoDQ,apopka-florida
https://www.ubereats.com/orlando/food-delivery/sushi-burrito-altamonte-springs/Ab9U-nWSRICl8ej-4hJSog,apopka-florida
https://www.ubereats.com/orlando/food-delivery/spices-%2B-sprinklestm/ihd4vZ0qSyytLeU7ifElcA,apopka-florida
https://www.ubereats.com/orlando/food-delivery/sobiks-subs-apopka/kXbBO7SBSqC1_xA6llKSOA,apopka-florida
https://www.ubereats.com/orlando/food-delivery/mcdonalds-1678-w-orange-blossom-tr/lHEZ-ab9R8Wa2NhZ_UJUSw,apopka-florida
https://www.ubereats.com/orlando/food-delivery/first-watch-longwood/5xS9EoN3RqKm_KAHG00QNQ,apopka-florida
https://www.ubereats.com/orlando/food-delivery/jets-pizza-apopka/oYGOYhbzQBWZBIGkHebsXA,apopka-florida
https://www.ubereats.com/orlando/food-delivery/ny-pizza-baby-apopka/X1L6PXY9S6yD6kraHm3wjQ,apopka-florida
https://www.ubereats.com/orlando/food-delivery/pizza-hut-241-n-hunt-club-blvd-ste-141/QHXuKJrSThyVz0jEXxcukA,apopka-florida
https://www.ubereats.com/orlando/food-delivery/sobiks-subs-ocoee/U8f4dyz_TSW8IKWF8OBapg,apopka-florida
https://www.ubereats.com/orlando/food-delivery/la-placita-market/zjD_sn2lTueMFduyN61xUg,apopka-florida
https://www.ubereats.com/orlando/food-delivery/foxtail-coffee-co-altamonte/guQvjDLzTiOROY7yo_mJZw,apopka-florida
https://www.ubereats.com/orlando/food-delivery/kumo-asian-kitchen/TE446IhDRAqeIyzIpDs18Q,apopka-florida
https://www.ubereats.com/orlando/food-delivery/zaza-new-cuban-diner-altamonte-springs/A7o_eSI9Qp6jc4u2kDZ8Jg,apopka-florida
https://www.ubereats.com/orlando/food-delivery/tibbys-new-orleans-kitchen-altamonte-springs/0G0lVCtVSy2g0IsUAtr5Mw,apopka-florida
https://www.ubereats.com/orlando/food-delivery/los-girasoles-apopka/y6ZQlRAsQU6VKjqC8jw78A,apopka-florida
https://www.ubereats.com/orlando/food-delivery/imperial-dynasty-restaurant-%E6%9C%9D%E4%BB%A3/7qkSaz3VQ0S-9klwqkYlag,apopka-florida
https://www.ubereats.com/orlando/food-delivery/%23206-subway-995-n-state-rd-434/tIWHQNPuTIqKJKdRL2XYoQ,apopka-florida
https://www.ubereats.com/orlando/food-delivery/dennys-w-colonial-dr/AohH9pUZShKKUtm8RyEvrg,apopka-florida
https://www.ubereats.com/orlando/food-delivery/burger-king-488-east-main-street/RSFBIoWARmaTcCnxDuNjEw,apopka-florida
https://www.ubereats.com/orlando/food-delivery/dennys-351-e-main-st/mVoG-EVMRhWwod8Q-8_2zg,apopka-florida
https://www.ubereats.com/orlando/food-delivery/%2313244-subway-101-w-main-st/GqjaU3jURKyXuA9QCI_chw,apopka-florida
https://www.ubereats.com/orlando/food-delivery/amigos-original-tex-mex-altamonte-springs/vUSMhXgXRo-LtznOIYqFWw,apopka-florida
https://www.ubereats.com/orlando/food-delivery/pizza-hut-883-semoran-blvd/C5ZZB5ufRkWT2I3uaj4azg,apopka-florida
https://www.ubereats.com/orlando/food-delivery/bellas-italian-restaurant-%26-pizzeria/eEaifshgRuOJu_6ymRuQmg,apopka-florida
https://www.ubereats.com/orlando/food-delivery/caffe-positanos/TRNpGj7USpGTQveYOO08QA,apopka-florida
https://www.ubereats.com/orlando/food-delivery/mcdonalds-3835-wekiva-springs-rd/Y_VW8CNWTcedEXhj6mpC7Q,apopka-florida
https://www.ubereats.com/orlando/food-delivery/mi-querida-colombia-west/-XInbjE0QdGNDpLHnVr9mA,apopka-florida
https://www.ubereats.com/orlando/food-delivery/juicy-lucys-wings/EN5_bUaUTrKGT2C7lTmq5Q,apopka-florida
https://www.ubereats.com/orlando/food-delivery/backyard-burgers-altamonte-springs/i8TfbJTDTyuh8SFxBoWR-w,apopka-florida
https://www.ubereats.com/orlando/food-delivery/panda-express-1710-south-orange-blossom/046VMO_cTgOIu48a_1d-8A,apopka-florida
https://www.ubereats.com/orlando/food-delivery/gators-dockside-apopka/BKLiR-7xTHiexMwf6jvCpQ,apopka-florida
https://www.ubereats.com/orlando/food-delivery/hurricane-grill-%26-wings-longwood/Jq5yoBF5QmCJzWvkbdAnyg,apopka-florida
