url,city
https://www.ubereats.com/jacksonville/food-delivery/aladdin-grill/dj4oHCKzQ9mOZfUZKXcf1w,atlantic-beach-florida
https://www.ubereats.com/jacksonville/food-delivery/arbys-2501-mayport-rd/yFMS4fp5R_ifaLWLyswAbA,atlantic-beach-florida
https://www.ubereats.com/jacksonville/food-delivery/five-star-pizza/Fun0WQIzRBqjmkr8nW0tYw,atlantic-beach-florida
https://www.ubereats.com/jacksonville/food-delivery/arbys-13696-beach-blvd/h_IDdZz_TQymIETY60XOAg,atlantic-beach-florida
https://www.ubereats.com/jacksonville/food-delivery/volcano-sushi/orXeMNmnTPGaAUHL0tEOog,atlantic-beach-florida
https://www.ubereats.com/jacksonville/food-delivery/7010-bonefish-grill-2400-s-3rd-st/MqaC9c2GQDypxDM6-AoJFw,atlantic-beach-florida
https://www.ubereats.com/jacksonville/food-delivery/bonos-pit-bar-b-q-arlington/Sdwh5RQ6TcuD5qJ9q7h16Q,atlantic-beach-florida
https://www.ubereats.com/jacksonville/food-delivery/bambino-scoops/xY4uM7_ARcC2bZ6WYmS8-A,atlantic-beach-florida
https://www.ubereats.com/jacksonville/food-delivery/starbucks-2500-monument-rd/l-gM0OR4Toy2usYttSeOtg,atlantic-beach-florida
https://www.ubereats.com/jacksonville/food-delivery/abbq-meat-%26-drink/W0dP4CgoTRWHEqZINeulvw,atlantic-beach-florida
https://www.ubereats.com/jacksonville/food-delivery/tropical-smoothie-cafe-hodges-blvd/mJqgLRDrRzWAgVjC-hslIQ,atlantic-beach-florida
https://www.ubereats.com/jacksonville/food-delivery/florida-cracker-kitchen/ms0psd9TQ86UliZMUXhdKA,atlantic-beach-florida
https://www.ubereats.com/jacksonville/food-delivery/first-watch-jacksonville-beach/RiJvqBKhQ4eBLQ2HByL0gw,atlantic-beach-florida
https://www.ubereats.com/jacksonville/food-delivery/cookies-and-creme-llc/jKcV30JGQzei0YmaDhvC8g,atlantic-beach-florida
https://www.ubereats.com/jacksonville/food-delivery/arbys-11190-beach-blvd/4tAtiRsFTgKMW367g97UuQ,atlantic-beach-florida
https://www.ubereats.com/jacksonville/food-delivery/joes-crab-shack-6-beach-blvd/oBu9wol9QbSoORpwoOSQtQ,atlantic-beach-florida
https://www.ubereats.com/jacksonville/food-delivery/kfc-9551-regency-square-blvd-n/78--8al_T4mLvP-3CHPvcQ,atlantic-beach-florida
https://www.ubereats.com/jacksonville/food-delivery/sid-and-lindas-seafood-market-%26-restaurant/rQTEi3ibQxSurSPDY55zIg,atlantic-beach-florida
https://www.ubereats.com/jacksonville/food-delivery/your-pie-pizza-beach-and-hodges/pppCV59vRVqgdzG0tAnpSg,atlantic-beach-florida
https://www.ubereats.com/jacksonville/food-delivery/hawkers-asian-street-fare-241-atlantic-blvd/q2hhE0DWSrqwIelVuSCURg,atlantic-beach-florida
https://www.ubereats.com/jacksonville/food-delivery/hooties-burger-bar-4521-southside-blvd/7Ctd_ZbZSUKxodY8440Hkg,atlantic-beach-florida
https://www.ubereats.com/jacksonville/food-delivery/kairos-nutrition-bar/wDfood3mRs6RZO4YB1Ko0Q,atlantic-beach-florida
https://www.ubereats.com/jacksonville/food-delivery/yummy-crab/S10ctwiwSFKpsWQZtWbJ9Q,atlantic-beach-florida
https://www.ubereats.com/jacksonville/food-delivery/oishii/Du3JRY2NQ2icWyiKs6tZRg,atlantic-beach-florida
https://www.ubereats.com/jacksonville/food-delivery/hong-kong-bistro/6VSYeOYnT2-quW8Nd00xKQ,atlantic-beach-florida
https://www.ubereats.com/jacksonville/food-delivery/ocean-paradise/9DbcDKLwRR-0MTGmjW1Utg,atlantic-beach-florida
https://www.ubereats.com/jacksonville/food-delivery/jalapeno-express/sKRuxMrrQ5yHSzBWjuZd0g,atlantic-beach-florida
https://www.ubereats.com/jacksonville/food-delivery/bonos-pit-bar-b-q-jacksonville-beach/hleX_MPPQlq3kArXxhXt0Q,atlantic-beach-florida
https://www.ubereats.com/jacksonville/food-delivery/kfc-8003-merrill-rd/zV0WG8L6QOmxJ8bsBRsrJg,atlantic-beach-florida
https://www.ubereats.com/jacksonville/food-delivery/another-broken-egg/at1Z4XVRQVCDw3xjrvZFHw,atlantic-beach-florida
https://www.ubereats.com/jacksonville/food-delivery/miami-grill-jacksonville/M-2onhRISLqZ6neXEs2bhA,atlantic-beach-florida
https://www.ubereats.com/jacksonville/food-delivery/german-schnitzel-haus/x59ZUWpbT7exv0IYN4imGA,atlantic-beach-florida
https://www.ubereats.com/jacksonville/food-delivery/sake-house-12620-19-beach-blvd/zWi_iaPVSXqQC4qfuz7IEQ,atlantic-beach-florida
https://www.ubereats.com/jacksonville/food-delivery/sonic-2565-mayport-road/RRWn3ZIARuGYlJEx-Dqaww,atlantic-beach-florida
https://www.ubereats.com/jacksonville/food-delivery/graffiti-junktion-jacksonville-beach/1TocvicmTZ236lE49OLjBw,atlantic-beach-florida
https://www.ubereats.com/jacksonville/food-delivery/pho-today/WQV-W8-xTReSCVncXXr89A,atlantic-beach-florida
https://www.ubereats.com/jacksonville/food-delivery/peterbrooke-chocolatier-333-village-main-st/IsbznEXoTxaC2wlwOeV84A,atlantic-beach-florida
https://www.ubereats.com/jacksonville/food-delivery/yobe-marsh-landing/yandtx4vS1SOF4gghC1Gyg,atlantic-beach-florida
https://www.ubereats.com/jacksonville/food-delivery/starbucks-4761-hodges-blvd/7vsEt_EeS7GdkJIQH7lnmQ,atlantic-beach-florida
https://www.ubereats.com/jacksonville/food-delivery/yafa-grill/gx-hvV_MTQ2q-9a7EtYFjA,atlantic-beach-florida
https://www.ubereats.com/jacksonville/food-delivery/copelands-4310-southside-blvd/3Kk8yhfuSLe_1Dmez--hHA,atlantic-beach-florida
https://www.ubereats.com/jacksonville/food-delivery/popeyes-louisiana-kitchen-524-atlantic-blvd/-Sh9wLTMTXKjvMoU6FQLxA,atlantic-beach-florida
https://www.ubereats.com/jacksonville/food-delivery/larrys-giant-subs-1301-monument-rd/yzbn2tqtRembWyHskGoc5g,atlantic-beach-florida
https://www.ubereats.com/jacksonville/food-delivery/firehouse-subs-hodges/R_jEzjqyTjinCximVtL8rQ,atlantic-beach-florida
https://www.ubereats.com/jacksonville/food-delivery/kazu-sushi-burrito/wBfsul8DS42jxrV9f1v_jw,atlantic-beach-florida
https://www.ubereats.com/jacksonville/food-delivery/taco-bell-13160-atlantic-blvd/4dpv8-vDQ66TY6YvfQ34Xw,atlantic-beach-florida
https://www.ubereats.com/jacksonville/food-delivery/hardees-9111-merrill-rd/BWs5IJjoRyWVlq6W4M02kw,atlantic-beach-florida
https://www.ubereats.com/jacksonville/food-delivery/subway-13170-atlantic-blvd/YIJLKJheSJmB17_dB1z2oA,atlantic-beach-florida
https://www.ubereats.com/jacksonville/food-delivery/krystal-277-south-3rd-street/5WBO_JyrS0S09CMJQUyZLA,atlantic-beach-florida
https://www.ubereats.com/jacksonville/food-delivery/larrys-giant-subs-657-3rd-st-n/8k5U8oJORKasJq-j4jewvg,atlantic-beach-florida
https://www.ubereats.com/jacksonville/food-delivery/vitality-bowls-1516-3rd-st-n/IKqOsVBrTWiMCPpO73qJPg,atlantic-beach-florida
https://www.ubereats.com/jacksonville/food-delivery/papa-johns-pizza-14333-beach-blvd/tM1n1QSMTaSG_63-1m6Pdg,atlantic-beach-florida
https://www.ubereats.com/jacksonville/food-delivery/kazu-sushi/g5ngBRMoQDOhENAOx8RScA,atlantic-beach-florida
https://www.ubereats.com/jacksonville/food-delivery/rosinas-pizza-and-italian-bistro/qJSi4QRpR0ih7SVSY25vJg,atlantic-beach-florida
https://www.ubereats.com/jacksonville/food-delivery/bonos-pit-bar-b-q-san-pablo-%26-beach/02SzDjhnRPGK24tirRj6sQ,atlantic-beach-florida
https://www.ubereats.com/jacksonville/food-delivery/tomo-japanese-restaurant/eTEDDiYLTQW-BlsiJdl7wQ,atlantic-beach-florida
https://www.ubereats.com/jacksonville/food-delivery/roys-jacksonville/rcwQXZEERZafX1JRQleZfg,atlantic-beach-florida
https://www.ubereats.com/jacksonville/food-delivery/firehouse-subs-1234-beach-blvd/3BjOws-WRqepr6MknQvF8w,atlantic-beach-florida
https://www.ubereats.com/jacksonville/food-delivery/burger-king-13404-sutton-park-drive-south/0SOZafp-Ss692-V4xSDozQ,atlantic-beach-florida
https://www.ubereats.com/jacksonville/food-delivery/ruby-tuesday-4784-windsor-commons-court/MIRceSf6QLS8GOGr8D9M4A,atlantic-beach-florida
https://www.ubereats.com/jacksonville/food-delivery/blackfly-cafe-%26-taproom-11702-beach-blvd/sQwLkQNpQZu3qW8Um76y1g,atlantic-beach-florida
https://www.ubereats.com/jacksonville/food-delivery/bagelsrus-%26-deli-%233/RbUXH2JeSCu8drt2Nz5DcQ,atlantic-beach-florida
https://www.ubereats.com/jacksonville/food-delivery/mcdonalds-317-marsh-landing-pkwy/RZI4SRPaSEmMgkeW7p0P0g,atlantic-beach-florida
https://www.ubereats.com/jacksonville/food-delivery/macks-tenders/OATQBHbmSp6dh0JRLHFbbg,atlantic-beach-florida
https://www.ubereats.com/jacksonville/food-delivery/the-ugly-cupcake-muffinry-%26-cafe/9N_z7GSCS0GVKWVLiPHk8w,atlantic-beach-florida
https://www.ubereats.com/jacksonville/food-delivery/southern-coast-seafood/P18e5AXwRD6hgZxCntldxA,atlantic-beach-florida
https://www.ubereats.com/jacksonville/food-delivery/firehouse-subs-ponte-vedra/bvmfaH7QRbaCPLjanZ-hNg,atlantic-beach-florida
https://www.ubereats.com/jacksonville/food-delivery/salsas-mexican-restaurant-13500-beach-blvd/VXsqLhiuQ16JaK5O2-dnaQ,atlantic-beach-florida
https://www.ubereats.com/jacksonville/food-delivery/kfc-626-atlantic-blvd/Jb7V87P2So21jdvSq8_cSg,atlantic-beach-florida
https://www.ubereats.com/jacksonville/food-delivery/kamiya-86/jnQjY2y_TDmA-VAo_IxXhg,atlantic-beach-florida
https://www.ubereats.com/jacksonville/food-delivery/outback-steakhouse-8145-point-meadows-way/rcuH806jS-SrgCuYe-E4Zw,atlantic-beach-florida
https://www.ubereats.com/jacksonville/food-delivery/maple-street-biscuit-company-jacksonville-beach/cNxuznaASCmvT3JMOP4BeA,atlantic-beach-florida
https://www.ubereats.com/jacksonville/food-delivery/wawa-5264-11812-beach-blvd/UzHy0SuBTt-Fbg3wig1OAg,atlantic-beach-florida
https://www.ubereats.com/jacksonville/food-delivery/jimmy-hulas-13170-atlantic-blvd/5I68YZuKS--GdCuz1l2mpQ,atlantic-beach-florida
https://www.ubereats.com/jacksonville/food-delivery/bonchon-chicken-4972-town-center-pkwy/A9jipnzdRguKfm_NPBExLA,atlantic-beach-florida
https://www.ubereats.com/jacksonville/food-delivery/time-out-sports-grill/S27QWiA0Q-Soxh-9JvPpgQ,atlantic-beach-florida
https://www.ubereats.com/jacksonville/food-delivery/bento-asian-kitchen-%2B-sushi-town-center/sGfuWat3SKCzkHFR5hQQxA,atlantic-beach-florida
https://www.ubereats.com/jacksonville/food-delivery/dunkin-719-atlantic-blvd/eVaIiAAcT4ql2EzXYgZb7w,atlantic-beach-florida
https://www.ubereats.com/jacksonville/food-delivery/chipotle-mexican-grill-13546-beach-blvd-ste-1/IDvyVBsJTfCP-T-eL1RdCg,atlantic-beach-florida
https://www.ubereats.com/jacksonville/food-delivery/danos-diner/qlAmngUVQPmj_OCdpsn3mA,atlantic-beach-florida
https://www.ubereats.com/jacksonville/food-delivery/firehouse-subs-atlantic-%26-hodges/S8NoTIlAQhKbXXAadyxXaQ,atlantic-beach-florida
https://www.ubereats.com/jacksonville/food-delivery/china-wok/IrchsTmOQ42eCrqlsfr4uw,atlantic-beach-florida
https://www.ubereats.com/jacksonville/food-delivery/dailys-dash-4755-hodges-blvd/QGx703CaQC6Xw1BS_R-_Jg,atlantic-beach-florida
https://www.ubereats.com/jacksonville/food-delivery/pussers-bar-and-grille/OPxPAqqqRxWYBCMctduxtQ,atlantic-beach-florida
https://www.ubereats.com/jacksonville/food-delivery/tijuana-flats-beach-%26-hodges/SrMKjSupRZmTzQxozy_5TA,atlantic-beach-florida
https://www.ubereats.com/jacksonville/food-delivery/damascus-gate/D95ZgBo5RJyuQs4gp7oCtw,atlantic-beach-florida
https://www.ubereats.com/jacksonville/food-delivery/dailys-dash-4986-kernan-blvd/5Wvuq7XiTnuaXoAJF5H4sw,atlantic-beach-florida
https://www.ubereats.com/jacksonville/food-delivery/dicks-wings-mayport/6eHIC6WuRAicg13JsQRQGg,atlantic-beach-florida
https://www.ubereats.com/jacksonville/food-delivery/bagelsrus-%26-deli/pwGVHOtWRgCO4yE1ivRYFg,atlantic-beach-florida
https://www.ubereats.com/jacksonville/food-delivery/subway-469-atlantic-blvd-ste-13/-Itkwu-VRnaSh_v9bbhyrw,atlantic-beach-florida
https://www.ubereats.com/jacksonville/food-delivery/parsons-seafood/aAYOznQWTxWrxAjMB0Dxcw,atlantic-beach-florida
https://www.ubereats.com/jacksonville/food-delivery/bethabara-jamaican-restaurant/Jg7zkKjIRsiFtBEgLzdiVg,atlantic-beach-florida
https://www.ubereats.com/jacksonville/food-delivery/dunkin-12740-atlantic-blvd-suite-200/2yg9PW9GQKWJF7mCj1D-tA,atlantic-beach-florida
https://www.ubereats.com/jacksonville/food-delivery/bruccis-pizza-west-beaches/4avOsW-YTHm6kfOuCTnnJQ,atlantic-beach-florida
https://www.ubereats.com/jacksonville/food-delivery/dunkin-13627-beach-blvd/kXBBFF_8QUGYyWOBVNK0KA,atlantic-beach-florida
https://www.ubereats.com/jacksonville/food-delivery/papa-murphys-13170-atlantic-blvd/30DodEEyQ4iEMWRU7MKLTQ,atlantic-beach-florida
https://www.ubereats.com/jacksonville/food-delivery/firehouse-subs-neptune/LY_glSFCTQGhV_E3nLxu5Q,atlantic-beach-florida
https://www.ubereats.com/jacksonville/food-delivery/seafood-kitchen/e2Gg-M34Rw-5xSqylbImfw,atlantic-beach-florida
https://www.ubereats.com/jacksonville/food-delivery/red-lobster-416-commerce-center-dr/mXGVCnJyTHiT5q-pUWxmiw,atlantic-beach-florida
https://www.ubereats.com/jacksonville/food-delivery/wendys-400-s-3rd-street/c0sIGIynRuapBqf7kpgvFw,atlantic-beach-florida
https://www.ubereats.com/jacksonville/food-delivery/fancy-garden/Z4U8TptlRS6wQtnqaRurCw,atlantic-beach-florida
https://www.ubereats.com/jacksonville/food-delivery/subway-14070-beach-blvd-ste-2/cgXWvYmNTzi94lbgzIjQ9g,atlantic-beach-florida
https://www.ubereats.com/jacksonville/food-delivery/penman-diner/9b3mcw8oQ5emH8jWpICoZA,atlantic-beach-florida
https://www.ubereats.com/jacksonville/food-delivery/tsaocaa/E0i564HoRbaBRdo6-5h-4g,atlantic-beach-florida
https://www.ubereats.com/jacksonville/food-delivery/halal-food/ip5JV0i7TYyrQ0c-oSqxAg,atlantic-beach-florida
https://www.ubereats.com/jacksonville/food-delivery/fil-am-eatery-and-barbecue/6lJfwZKmQpqMExfImw45Pw,atlantic-beach-florida
https://www.ubereats.com/jacksonville/food-delivery/mavi-waterfront-bar-and-grill/ODkco9pNQ0OqNJJhtd4g3A,atlantic-beach-florida
https://www.ubereats.com/jacksonville/food-delivery/kfc-10770-beach-blvd/LtivSPdbT9OsTj6BEF3mdA,atlantic-beach-florida
https://www.ubereats.com/jacksonville/food-delivery/jax-beach-brunch-haus/jXxD43QnSBuCZdSArsUXvw,atlantic-beach-florida
https://www.ubereats.com/jacksonville/food-delivery/starbucks-14355-beach-blvd/xgpk0IoFRZiSZdKoXQZyow,atlantic-beach-florida
https://www.ubereats.com/jacksonville/food-delivery/empire-city-gastropub/5ZOk2JhJQhuXFzVWSgan0w,atlantic-beach-florida
https://www.ubereats.com/jacksonville/food-delivery/larrys-giant-subs/tUIxzbzuQp6QoKS4GL1sEA,atlantic-beach-florida
https://www.ubereats.com/jacksonville/food-delivery/la-napolera/Y24v_zzATpabg5JYlK8eRg,atlantic-beach-florida
https://www.ubereats.com/jacksonville/food-delivery/wendys-699-mayport-crossing-blvd/tlbXitpCScOGI7GVEIXq1w,atlantic-beach-florida
https://www.ubereats.com/jacksonville/food-delivery/taco-bell-280-s-3rd-st/2WqKU4EBRFeUu6TxB_t2_g,atlantic-beach-florida
https://www.ubereats.com/jacksonville/food-delivery/outback-steakhouse-13245-atlantic-boulevard/PEF5Apy8Qt6N85GFPjLQnA,atlantic-beach-florida
https://www.ubereats.com/jacksonville/food-delivery/starbucks-327-atlantic-blvd/U80gUxvMR6qeHo8LYQruKQ,atlantic-beach-florida
https://www.ubereats.com/jacksonville/food-delivery/noodles-%26-company-4624-town-crossing-dr-suite-113/3OxsX5U5TJuzBRLCdU26og,atlantic-beach-florida
https://www.ubereats.com/jacksonville/food-delivery/burger-king-13180-atlantic-boulevard/80McemI2QJKZrzGPmC28Uw,atlantic-beach-florida
https://www.ubereats.com/jacksonville/food-delivery/hardees-12771-atlantic-blvd/x1JPbZCzQsqjViySpGqrww,atlantic-beach-florida
https://www.ubereats.com/jacksonville/food-delivery/dennys-10445-atlantic-blvd/4Ie54kDUTYCHB7vceKdKFg,atlantic-beach-florida
https://www.ubereats.com/jacksonville/food-delivery/metro-diner-jacksonville-beach/o25mC_VvTE2JdWukYIZFbQ,atlantic-beach-florida
https://www.ubereats.com/jacksonville/food-delivery/dennys-13874-beach-blvd/RM_NFaYqSwCI4vpQtGly8w,atlantic-beach-florida
https://www.ubereats.com/jacksonville/food-delivery/ocean-grille-and-bar/MQKmnJrTRfqwGa3C-mtAug,atlantic-beach-florida
https://www.ubereats.com/jacksonville/food-delivery/pura-bean-coffee-company/EZbFdqw_QS69-xSjOGMORg,atlantic-beach-florida
https://www.ubereats.com/jacksonville/food-delivery/starbucks-hodges-%26-atlantic/bN21038nTdKh7KdW0v_-bw,atlantic-beach-florida
https://www.ubereats.com/jacksonville/food-delivery/mcdonalds-51-s-3rd-st/X5lpYEyJTHCQQItAcNt2tQ,atlantic-beach-florida
https://www.ubereats.com/jacksonville/food-delivery/larrys-giant-subs-3611-st-johns-bluff-rd-s/9aD91VvgRJ6cnV-6ZHWPTw,atlantic-beach-florida
https://www.ubereats.com/jacksonville/food-delivery/kimbe-asian-bistro/Av59MwqyRDqnFzETeaV1sA,atlantic-beach-florida
https://www.ubereats.com/jacksonville/food-delivery/latin-creations/_oQQjGeASa66IcLNQQ2VQg,atlantic-beach-florida
https://www.ubereats.com/jacksonville/food-delivery/tropical-smoothie-cafe-jacksonville-beach/jHhWvFzXRVWQS38tLwSZ2w,atlantic-beach-florida
https://www.ubereats.com/jacksonville/food-delivery/mcdonalds-13217-atlantic-blvd/fFJGqlNHQ_OoC6a8qSEqyw,atlantic-beach-florida
https://www.ubereats.com/jacksonville/food-delivery/moes-southwest-grill-271/hYs0204RQ8O1LVkK1zOqQg,atlantic-beach-florida
https://www.ubereats.com/jacksonville/food-delivery/the-captains-boil-1022-hospitality-lane/kafFZYEkRNSl7NO_nMZrjw,atlantic-beach-florida
https://www.ubereats.com/jacksonville/food-delivery/dicks-wings-%26-grill-beach-blvd/aUQIARHZS5G6Rp8dHhYXAw,atlantic-beach-florida
https://www.ubereats.com/jacksonville/food-delivery/casa-maria/GL9YpkKsSbmDorSpE3RgqQ,atlantic-beach-florida
https://www.ubereats.com/jacksonville/food-delivery/wendys-14447-beach-boulevard/WnBQqtTYRuGW0VFnvKyaRg,atlantic-beach-florida
https://www.ubereats.com/jacksonville/food-delivery/jax-juice-bar/iI5m2FamSW2GCYiCH2YHgg,atlantic-beach-florida
https://www.ubereats.com/jacksonville/food-delivery/mcflamingo/Hg4qjG7QQuWnPFIESGzG4A,atlantic-beach-florida
https://www.ubereats.com/jacksonville/food-delivery/v-pizza-jacksonville-beach/VS_ECnYUTweHwOJTmUuruw,atlantic-beach-florida
https://www.ubereats.com/jacksonville/food-delivery/jersey-mikes-13423-beach-blvd/0-JA8CjRSbeUuDGvDtJksg,atlantic-beach-florida
https://www.ubereats.com/jacksonville/food-delivery/shack-maui/yz-8YWNATfqUW1nXoRW4jA,atlantic-beach-florida
https://www.ubereats.com/jacksonville/food-delivery/pf-changs-10281-midtown-pkwy-137/Dbx1FF5oSvKfEHTIFb7JRw,atlantic-beach-florida
https://www.ubereats.com/jacksonville/food-delivery/sienas-italian-cuisine/_7zLrVzjQUawp2EXiJFbeA,atlantic-beach-florida
https://www.ubereats.com/jacksonville/food-delivery/josephs-pizza-atlantic-beach/tt-dhfLyRsmz87LegBbnmg,atlantic-beach-florida
https://www.ubereats.com/jacksonville/food-delivery/outback-steakhouse-3760-south-3rd-street/YmpbZ4lVQ4iDUsK4UI19Lw,atlantic-beach-florida
https://www.ubereats.com/jacksonville/food-delivery/moes-southwest-grill-144/NH7qMu3rSF2pJuJqzo4kgA,atlantic-beach-florida
https://www.ubereats.com/jacksonville/food-delivery/papa-johns-240-a1a-north/0X5k-Fr1TiaXC5vQGZfBmw,atlantic-beach-florida
https://www.ubereats.com/jacksonville/food-delivery/pita-pit-500-3rd-street-north/pEtS-bTgS_i9flId7Mmovg,atlantic-beach-florida
https://www.ubereats.com/jacksonville/food-delivery/treata-tea-shoppe/NcBq5883TsufXVYaHUIWeA,atlantic-beach-florida
https://www.ubereats.com/jacksonville/food-delivery/ruths-chris-steak-house-814-a1a-n-ste-103/nvO-ETOQQjGODbKq6HNkng,atlantic-beach-florida
https://www.ubereats.com/jacksonville/food-delivery/tropical-smoothie-cafe-ponte-vedra-beach/XneIGRyWTsC1WzVVrYUB7w,atlantic-beach-florida
https://www.ubereats.com/jacksonville/food-delivery/jaxspice/_bg-gnIiRFmzOIBD8BYJPQ,atlantic-beach-florida
https://www.ubereats.com/jacksonville/food-delivery/carrabbas-9-north-3rd-street/A8U1Xv1LR-qJ1pvdNyfYQA,atlantic-beach-florida
https://www.ubereats.com/jacksonville/food-delivery/bonchon-chicken-13423-beach-blvd/kTx8LYByQcG971ATbp5eHg,atlantic-beach-florida
https://www.ubereats.com/jacksonville/food-delivery/tabouleh/3jJWigpdShSSemPLhDgQFA,atlantic-beach-florida
https://www.ubereats.com/jacksonville/food-delivery/larrys-giant-subs-10750-atlantic-blvd/TmeqqWWCRyy7y2yr4mzC7g,atlantic-beach-florida
https://www.ubereats.com/jacksonville/food-delivery/gumbo-ya-yas/doKaeKORT4uO--Ijw9nQ0A,atlantic-beach-florida
https://www.ubereats.com/jacksonville/food-delivery/cicis-pizza-12777-atlantic-blvd/9RneacLbRX2NRq9oFhIO1g,atlantic-beach-florida
https://www.ubereats.com/jacksonville/food-delivery/tony-pepperoni/o2WvfykCQnyUEnZGAZ_SVw,atlantic-beach-florida
https://www.ubereats.com/jacksonville/food-delivery/sonnys-bbq-12719-atlantic-blvd/rou8UcmtQs2XcOEM2wuLiQ,atlantic-beach-florida
https://www.ubereats.com/jacksonville/food-delivery/alleycakes-dessert-company/-UAhfgpJSTCjVgXyK5-fcg,atlantic-beach-florida
https://www.ubereats.com/jacksonville/food-delivery/five-guys-fl-0329-3267-hodges-blvd/RO1_1MDmTzWBG70mrxctYg,atlantic-beach-florida
https://www.ubereats.com/jacksonville/food-delivery/dicks-wings-atlantic-blvd/8sKtjdP4QliXCTkbH1PGFw,atlantic-beach-florida
https://www.ubereats.com/jacksonville/food-delivery/dunkin-10379-atlantic-blvd/8EduCRKTQYmf0XyKzQElCw,atlantic-beach-florida
https://www.ubereats.com/jacksonville/food-delivery/surfwiches-sandwich-shop-1537-penman-rd/_qJDW-MHSZy7JJP2nXN8Ug,atlantic-beach-florida
https://www.ubereats.com/jacksonville/food-delivery/ceviche-jax/5QEJUJ37SaKq5fmDBfSq3A,atlantic-beach-florida
https://www.ubereats.com/jacksonville/food-delivery/panda-express-13460-beach-blvd/3NNLkxv4Qi2XA_U7W2qDeA,atlantic-beach-florida
https://www.ubereats.com/jacksonville/food-delivery/panera-899-atlantic-boulevard/bqB08XFgSSONaq-Hl9Nx3Q,atlantic-beach-florida
https://www.ubereats.com/jacksonville/food-delivery/pdq-3260-hodges-blvd/nrFdDthjSgqz_LGDh_wJCg,atlantic-beach-florida
https://www.ubereats.com/jacksonville/food-delivery/tutem-tea/V4r0H1PWQDCpOHRTGqa4JA,atlantic-beach-florida
https://www.ubereats.com/jacksonville/food-delivery/arbys-7612-merrill-rd/8wJZ_67-RsmbJfoKPyjQ1w,atlantic-beach-florida
https://www.ubereats.com/jacksonville/food-delivery/millers-ale-house-hodges/YyLiojZ1TaKqtYFgR6wtKg,atlantic-beach-florida
https://www.ubereats.com/jacksonville/food-delivery/taco-bell-13710-beach-blvd/KbSfEAtrQqqktfHL-j62MA,atlantic-beach-florida
https://www.ubereats.com/jacksonville/food-delivery/ruby-tuesday-1022-hospitality-lane/XUU20mBRQ-Cj9NDMaTlVDg,atlantic-beach-florida
https://www.ubereats.com/jacksonville/food-delivery/rps-fine-food-%26-drink/aR9MZWc2Rim0urb9WjV5kA,atlantic-beach-florida
https://www.ubereats.com/jacksonville/food-delivery/the-loop-pizza-grill-neptune-beach/1vbhJNUBQa29Dv7meM64mw,atlantic-beach-florida
https://www.ubereats.com/jacksonville/food-delivery/aki-7-11900-atlantic-blvd/PiWnU_wpRPyA_t-_rYfX9w,atlantic-beach-florida
https://www.ubereats.com/jacksonville/food-delivery/salsas-cocina-mexicana-baymeadows/oYn-uEbwQxmuS_Uv5gApXg,atlantic-beach-florida
https://www.ubereats.com/jacksonville/food-delivery/subway-1067-beach-blvd/TvqCdujnRlShI7MrO5heRQ,atlantic-beach-florida
https://www.ubereats.com/jacksonville/food-delivery/vinnys-italian/rO0funIkSh2rNwkrglr6mg,atlantic-beach-florida
https://www.ubereats.com/jacksonville/food-delivery/dunkin-1325-beach-blvd/1DF3F6R3TGywywd6y7DQ7w,atlantic-beach-florida
https://www.ubereats.com/jacksonville/food-delivery/peterbrooke-chocolatier-363-atlantic-blvd/KouoCZL5SHaj3sQt1IxayQ,atlantic-beach-florida
https://www.ubereats.com/jacksonville/food-delivery/the-craft-pizza/WX2VYyrdTO6QTeEYln-HKQ,atlantic-beach-florida
https://www.ubereats.com/jacksonville/food-delivery/mcdonalds-435-atlantic-blvd/xcXFKjKPSxqsOTwchCjF-Q,atlantic-beach-florida
https://www.ubereats.com/jacksonville/food-delivery/zaxbys-13972-beach-blvd/SuL9gAbFTIO1K5jAeWgisA,atlantic-beach-florida
https://www.ubereats.com/jacksonville/food-delivery/oceana-diner/m1Rqz9XeRySULnqD_1tHSw,atlantic-beach-florida
https://www.ubereats.com/jacksonville/food-delivery/tropical-smoothie-cafe-11900-atlantic-blvd-suite-228/xA_uUic1RfiNYKvr-7wyoQ,atlantic-beach-florida
https://www.ubereats.com/jacksonville/food-delivery/kung-fu-tea-12360-beach-boulevard/YFgrPUh2T8aWJGTlW2WviA,atlantic-beach-florida
https://www.ubereats.com/jacksonville/food-delivery/salt-life-food-shack-1018-3rd-st-n/9dj6m-cSQ2uJLm-ZHNSG-g,atlantic-beach-florida
https://www.ubereats.com/jacksonville/food-delivery/dunkin-3031-monument-rd/4LAHFC52RbyywPtjdgzDoA,atlantic-beach-florida
https://www.ubereats.com/jacksonville/food-delivery/3rd-street-diner/dCP0YNOLSyCdQRP6DcUjhg,atlantic-beach-florida
https://www.ubereats.com/jacksonville/food-delivery/habibi/A4V7CguOTS2Ygy5C5Op0JA,atlantic-beach-florida
https://www.ubereats.com/jacksonville/food-delivery/cracker-barrel-old-country-store-438-commerce-ctr-drive/TFUwEZ7VRMq0lA_EkuUyhw,atlantic-beach-florida
https://www.ubereats.com/jacksonville/food-delivery/robeks-628-atlantic-blvd/z4A-EPPRSR6wK3Ml8bu6fg,atlantic-beach-florida
https://www.ubereats.com/jacksonville/food-delivery/7-wonders-restaurant/qhI8ChKMTMy8Fu-J04lhww,atlantic-beach-florida
https://www.ubereats.com/jacksonville/food-delivery/bonos-pit-bar-b-q-neptune-beach/XEzWtsq8RCWkV1CQSCzMTw,atlantic-beach-florida
https://www.ubereats.com/jacksonville/food-delivery/dunkin-2158-mayport-rd-suite-1/9wl71rINSx2IpubIQFz8BA,atlantic-beach-florida
https://www.ubereats.com/jacksonville/food-delivery/epik-burger/UV9WS90kRVqTKNrPrqP0Eg,atlantic-beach-florida
https://www.ubereats.com/jacksonville/food-delivery/watts-juicery/ZqrfOzlITxGCUdGMwnJeow,atlantic-beach-florida
https://www.ubereats.com/jacksonville/food-delivery/the-loop-pizza-grill-san-pablo/85pZHS-gSOuQZxj7mT7Ruw,atlantic-beach-florida
https://www.ubereats.com/jacksonville/food-delivery/dailys-dash-13490-atlantic-blvd/9Hw5F3ijTA6WfuQXbrJ9bQ,atlantic-beach-florida
https://www.ubereats.com/jacksonville/food-delivery/cinco-de-mayo/wUQ5nk-aRGuhpwX17Wt4Ig,atlantic-beach-florida
https://www.ubereats.com/jacksonville/food-delivery/papa-johns-715-atlantic-blvd/rZqJ7-YlRbit8erUvrkhzA,atlantic-beach-florida
https://www.ubereats.com/jacksonville/food-delivery/taco-bell-11228-beach-blvd/DzjxFALGTZSD1Gg1CwfaaQ,atlantic-beach-florida
https://www.ubereats.com/jacksonville/food-delivery/first-watch-hodges-point/PwCjZMVrRraHOKV8kKEl8A,atlantic-beach-florida
https://www.ubereats.com/jacksonville/food-delivery/china-garden-restaurant/wstiKDqbTj6ZPUs7mY-zCQ,atlantic-beach-florida
https://www.ubereats.com/jacksonville/food-delivery/cold-stone-creamery-and-planet-smoothie/XRwE62buQg-ur9zw5eUbkg,atlantic-beach-florida
https://www.ubereats.com/jacksonville/food-delivery/starbucks-975-3rd-street-south/GKKMqYCMSp-8M0-tZ5uJHA,atlantic-beach-florida
https://www.ubereats.com/jacksonville/food-delivery/cinottis-bakery-and-sandwich-shop/F0Oip6CWSeS-3tsDvbFKiQ,atlantic-beach-florida
https://www.ubereats.com/jacksonville/food-delivery/sonic-9572-regency-square-blvd-north/-n0tK2YdQC29G8QUz4Ty-A,atlantic-beach-florida
https://www.ubereats.com/jacksonville/food-delivery/hop-shing-1009-atlantic-blvd/WyssTwo0SDKdOTdliPn42g,atlantic-beach-florida
https://www.ubereats.com/jacksonville/food-delivery/pita-pit-13423-beach-blvd/TYavW9pbQ4qLuCt4db1FqA,atlantic-beach-florida
https://www.ubereats.com/jacksonville/food-delivery/ihop-3250-hodges-blvd/B-ghfIfDRk65Jvv9oUvNpw,atlantic-beach-florida
https://www.ubereats.com/jacksonville/food-delivery/chipotle-mexican-grill-1758-3rd-st-s/2Sd1XZzLT-24l6UGTgAZvQ,atlantic-beach-florida
https://www.ubereats.com/jacksonville/food-delivery/krispy-kreme-12973-atlantic-blvd/oJC4hvw-RfmVAiSG5hEX3w,atlantic-beach-florida
https://www.ubereats.com/jacksonville/food-delivery/hook-fish-and-chicken-jacksonville/doWjqoMiTHGTs09oeLVs0Q,atlantic-beach-florida
