url,city
https://www.ubereats.com/connecticut/food-delivery/burger-king-198-thomaston-avenue/w_xdcD0CQOS65D8lNNeRpQ,wolcott-connecticut
https://www.ubereats.com/connecticut/food-delivery/dunkin-415-n-main-st/ADKrtd3jRR6eRA8EJaTLhw,wolcott-connecticut
https://www.ubereats.com/connecticut/food-delivery/taco-bell-155-thomaston-avenue/XVecjBniTnGjd4qEExE5XA,wolcott-connecticut
https://www.ubereats.com/connecticut/food-delivery/taco-bell-760-e-main-st/J1QdfDJ8Rha714WlnWPE4A,wolcott-connecticut
https://www.ubereats.com/connecticut/food-delivery/peoples-choice-pizza/slNH-AoXQr684erPYYK1Fw,wolcott-connecticut
https://www.ubereats.com/connecticut/food-delivery/brendas-kitchen-%26-deli/hZvhAJIpTg2tCPZWD1LzTw,wolcott-connecticut
https://www.ubereats.com/connecticut/food-delivery/uncle-jack-thai-restaurant/Rzmif152RMm03dMoLlo9NQ,wolcott-connecticut
https://www.ubereats.com/connecticut/food-delivery/krispy-krunchy-chicken-1417-east-main-street/xNpKde4mQg-UQl3582t-Gw,wolcott-connecticut
https://www.ubereats.com/connecticut/food-delivery/crystal-dinner/6sXaFPM8QWSKP6Llj9t8MA,wolcott-connecticut
https://www.ubereats.com/connecticut/food-delivery/krispy-krunchy-chicken-228-pine-street/cUhGeTPsQseyaz83Ocn3rQ,wolcott-connecticut
https://www.ubereats.com/connecticut/food-delivery/sam-the-clams/ccRdnrtjTQG2PoHorsabAQ,wolcott-connecticut
https://www.ubereats.com/connecticut/food-delivery/shahi-zaika/kx1WT-7BRZ66bxXMMQ7onQ,wolcott-connecticut
https://www.ubereats.com/connecticut/food-delivery/krispy-krunchy-chicken-mos-food-store/dvqRv-xvSOud4MKQQeWZtA,wolcott-connecticut
https://www.ubereats.com/connecticut/food-delivery/the-clam-digger-waterbury/YGvrJY7lRqyI1_y3Us8Mcg,wolcott-connecticut
https://www.ubereats.com/connecticut/food-delivery/krispy-krunchy-chicken-waterbury/EII_QmXsR_S8eYf3UBnqpA,wolcott-connecticut
https://www.ubereats.com/connecticut/food-delivery/kfc-649-w-main-st/AgtWulUSQCK78PFvh-JQyw,wolcott-connecticut
https://www.ubereats.com/connecticut/food-delivery/e%26e-caribbean-%26-american-restaurant/w5USTIL6TteMG19gQ7BkGg,wolcott-connecticut
https://www.ubereats.com/connecticut/food-delivery/edgwood-pizza/m9O1nTfIQuC9xMdl5KJHpw,wolcott-connecticut
https://www.ubereats.com/connecticut/food-delivery/fritos-restaurant/X9XPYSHAT8-MR60GUxdOzQ,wolcott-connecticut
https://www.ubereats.com/connecticut/food-delivery/wendys-1799-meriden-waterbury-turnpike/4L5IyWOXQ1qtT2xdTkXTxA,wolcott-connecticut
https://www.ubereats.com/connecticut/food-delivery/krispy-krunchy-chicken-395-main-st/h-YOT4ehQWKLF9KxhRZvSw,wolcott-connecticut
https://www.ubereats.com/connecticut/food-delivery/nardellis-grinder-shoppe-southington/pmQ5zvU_R-63DgG9oJC9-A,wolcott-connecticut
https://www.ubereats.com/connecticut/food-delivery/wayback-burger-1249-west-main-st/aZ40LvT7TfmCELcaoZWj3Q,wolcott-connecticut
https://www.ubereats.com/connecticut/food-delivery/peoples-choice-pizza/GZUUPPy_RK2qxoNbET8HUg,wolcott-connecticut
https://www.ubereats.com/connecticut/food-delivery/bank-street-kitchen/zjB4dH15R8WaZdk2RoVYIw,wolcott-connecticut
https://www.ubereats.com/connecticut/food-delivery/arbys-789-wolcott-st/9Z0xsAh1TjmNAKmZes1Bhw,wolcott-connecticut
https://www.ubereats.com/connecticut/food-delivery/sun-hing-chinese-restaurant/In4T5g4eRI6V6taa5KJQVQ,wolcott-connecticut
https://www.ubereats.com/connecticut/food-delivery/imperial-china-buffet/4UabptFiR-u8J7bIow-mAw,wolcott-connecticut
https://www.ubereats.com/connecticut/food-delivery/taco-bell-276-chase-ave/zxkcxy-fTkGNK8trCLSLFw,wolcott-connecticut
https://www.ubereats.com/connecticut/food-delivery/amalfi/aC0SGNcoRJW8m8oHzz8JqA,wolcott-connecticut
https://www.ubereats.com/connecticut/food-delivery/taco-bell-1079-main-street/EBoXlc21Sw-f22L449grog,wolcott-connecticut
https://www.ubereats.com/connecticut/food-delivery/los-garcia-mexican-fusion/Xqv1qr2-S7CZQPNevMNggA,wolcott-connecticut
https://www.ubereats.com/connecticut/food-delivery/sultans-turkish-restaurant/sjHBTnDiRNCxuf2merMS7w,wolcott-connecticut
https://www.ubereats.com/connecticut/food-delivery/borus-bar-and-grill/trLMuYW9QB-r3I-oRGZp8Q,wolcott-connecticut
https://www.ubereats.com/connecticut/food-delivery/taco-bell-1250-farmington-ave/SFMG7eg9SXyEwl2Y2mOqng,wolcott-connecticut
https://www.ubereats.com/connecticut/food-delivery/buffalo-wild-wings-774-queen-st/B0NKXInuSXScYPANc4pFnw,wolcott-connecticut
https://www.ubereats.com/connecticut/food-delivery/bell-city-diner/4zM4TGWzSvOvC9fRSipzYg,wolcott-connecticut
https://www.ubereats.com/connecticut/food-delivery/taco-bell-167-new-britain-avenue/HnKALi5sQS-jahlv6WOkiA,wolcott-connecticut
https://www.ubereats.com/connecticut/food-delivery/sweet-bella-burgers/qqLzr6eAR3WNZ86jZj44pQ,wolcott-connecticut
https://www.ubereats.com/connecticut/food-delivery/kayles-restaurant-and-bakery/4LZkQ6vrT8uQk7WsgVd62Q,wolcott-connecticut
https://www.ubereats.com/connecticut/food-delivery/sweet-bella-home-cooking/VMMRepcjRvGTzmr1nsY31A,wolcott-connecticut
https://www.ubereats.com/connecticut/food-delivery/amis-bagels-%26-deli/g7s3gngxTiGq5zRm4CpCuA,wolcott-connecticut
https://www.ubereats.com/connecticut/food-delivery/starbucks-1250-west-main-street/psuv8mt6Q3utVUWi22hO5Q,wolcott-connecticut
https://www.ubereats.com/connecticut/food-delivery/chase-ave-pizza-%26-catering/xluByqFHSCWW3cyRC6H38A,wolcott-connecticut
https://www.ubereats.com/connecticut/food-delivery/subway-1842-meriden-waterburyturnpike/QPiYWo8cTOazZwchv172Yg,wolcott-connecticut
https://www.ubereats.com/connecticut/food-delivery/jds-pizzeria-bar-%26-grill/dMu9C2VzT3uZsJzEQtgf1g,wolcott-connecticut
https://www.ubereats.com/connecticut/food-delivery/spiga-restaurant-%26-pizzeria/6xvgl853SNqOn0qHCIhroA,wolcott-connecticut
https://www.ubereats.com/connecticut/food-delivery/bellas-healthy-kitchen/d7FZvSr3SrWR3AUk4sGlBA,wolcott-connecticut
https://www.ubereats.com/connecticut/food-delivery/the-raw-deal-juice-bar/DpyMfiVcS1eEzmyLmFcCSg,wolcott-connecticut
https://www.ubereats.com/connecticut/food-delivery/burger-king-18-federal-street/1bthvVmNQqCjC6MRmQAcJA,wolcott-connecticut
https://www.ubereats.com/connecticut/food-delivery/the-catch-seafood-restaurant-%26-lounge/LJ_J_PwhTd-n7Zl4wlXwsg,wolcott-connecticut
https://www.ubereats.com/connecticut/food-delivery/luen-hop-chinese-take-out/gHnDd5X1S1ye8sp9GSwXog,wolcott-connecticut
https://www.ubereats.com/connecticut/food-delivery/philly-grill/QR5odrr7Qw6ngYjUDuYQbQ,wolcott-connecticut
https://www.ubereats.com/connecticut/food-delivery/taco-bell-709-queen-st/oHeWnsK8QeG21bBA4RL4gw,wolcott-connecticut
https://www.ubereats.com/connecticut/food-delivery/the-ice-cream-shop/mh8RcDqQTY6X-qxJgi5Fog,wolcott-connecticut
https://www.ubereats.com/connecticut/food-delivery/charleys-philly-steaks-brass-mill-center/QBIdx5C-TnGl5PawWGlypw,wolcott-connecticut
https://www.ubereats.com/connecticut/food-delivery/scoreboard-bar-%26-grill/AGcRijr6QJyFOqrsxbI78w,wolcott-connecticut
https://www.ubereats.com/connecticut/food-delivery/frankies-family-restaurant-waterbury/rN4vs8dgQcWNFf7GFzgZUw,wolcott-connecticut
https://www.ubereats.com/connecticut/food-delivery/tokyo-sushi/uEB9zXovQ9erVzdWvvgJ8w,wolcott-connecticut
https://www.ubereats.com/connecticut/food-delivery/sweet-bella-taqueria/BdiX3rgSTpevyBoyxkfJ0Q,wolcott-connecticut
https://www.ubereats.com/connecticut/food-delivery/aunt-cheldas-caribbean-queen/QVBA3sqZRy6uCURlVGK88g,wolcott-connecticut
https://www.ubereats.com/connecticut/food-delivery/kfc-470-farmington-avenue/x4xcfGKaSXCuXAUC3cmGMQ,wolcott-connecticut
https://www.ubereats.com/connecticut/food-delivery/via-al-paraiso/vQ0nsZvtSseCh5U_DUecEw,wolcott-connecticut
https://www.ubereats.com/connecticut/food-delivery/zheng-zheng-chinese-restaurant/egqa3G8aSwSYv8BvKmRo9w,wolcott-connecticut
https://www.ubereats.com/connecticut/food-delivery/chipotle-mexican-grill-785-queen-st-unit-1/6ItYNpZBQEyd2s_REfKeAw,wolcott-connecticut
https://www.ubereats.com/connecticut/food-delivery/polish-plate/1PPAJjAVTEyF2vkDo-mHgg,wolcott-connecticut
https://www.ubereats.com/connecticut/food-delivery/dangelo-grilled-sandwiches-641-queen-street/61eTcBhAQtWDp054JMAOaQ,wolcott-connecticut
https://www.ubereats.com/connecticut/food-delivery/subway-3670-e-main-st/ZzKwgUakQNaEyQl4zITerw,wolcott-connecticut
https://www.ubereats.com/connecticut/food-delivery/kekes-jamaican-%26-american-restaurant/eqvKWdydSHuAEfVzXvpu9Q,wolcott-connecticut
https://www.ubereats.com/connecticut/food-delivery/lakewood-pizza/B0A9zppcTWCZW3E3_jU9Aw,wolcott-connecticut
https://www.ubereats.com/connecticut/food-delivery/royal-buffet-%26-grill/r8ZUZeTXS-Ck4C_qYZ-FuQ,wolcott-connecticut
https://www.ubereats.com/connecticut/food-delivery/pie-guys/ayzjIEb4QiGlJky68ruC9A,wolcott-connecticut
https://www.ubereats.com/connecticut/food-delivery/brooklyn-deli-and-market/bgbFl3vERJ2MThDHiFM_aA,wolcott-connecticut
https://www.ubereats.com/connecticut/food-delivery/friendlys-130-rubber-ave/i6ngVc1gQuiAIIk1N9dXFw,wolcott-connecticut
https://www.ubereats.com/connecticut/food-delivery/kfc-115-bridge-st/tF3dtibAQn2pEFPoF8uoUg,wolcott-connecticut
https://www.ubereats.com/connecticut/food-delivery/tipping-chair-tavern/jFjldGCATyWl5hpD1OyJeA,wolcott-connecticut
https://www.ubereats.com/connecticut/food-delivery/ihop-885-queen-street/dUzxDGGuRoC66pIZVJbK3A,wolcott-connecticut
https://www.ubereats.com/connecticut/food-delivery/mcdonalds-530-reidville-dr/Pm2Ecn6JQ3W9Z_pHnbuY8Q,wolcott-connecticut
https://www.ubereats.com/connecticut/food-delivery/tobins-pizza/WWjnzNjxS5eAC5Yj7xPWtw,wolcott-connecticut
https://www.ubereats.com/connecticut/food-delivery/nonna-lucias-family-restaurant/ErZi6Aa4RT-zpq6ltcv-xw,wolcott-connecticut
https://www.ubereats.com/connecticut/food-delivery/fresh-greens-and-proteins/ZgfksR9rSv6Rln9zdD2dbg,wolcott-connecticut
https://www.ubereats.com/connecticut/food-delivery/wing-it-on-waterbury/nRknYgT8QlS6ZvarOr-s9w,wolcott-connecticut
https://www.ubereats.com/connecticut/food-delivery/subway-45-n-main-st/WJ8b0HiSTk6ATXnkMuVKnw,wolcott-connecticut
https://www.ubereats.com/connecticut/food-delivery/kfc-717-lakewood-rd/Gw0rCkKbRxeyWzdITXppcg,wolcott-connecticut
https://www.ubereats.com/connecticut/food-delivery/san-marino-ristorante-italiano/xloT3hMzScmD1fakxD7f8w,wolcott-connecticut
https://www.ubereats.com/connecticut/food-delivery/sweet-basil/0wrSstdGRcq1oPmhmh9d3Q,wolcott-connecticut
https://www.ubereats.com/connecticut/food-delivery/ninas-desi-kitchen/tCRpboxgTsKPh_RGU7u-PA,wolcott-connecticut
https://www.ubereats.com/connecticut/food-delivery/cafe457/oh6tYas9TlaEoJfg-xu5vQ,wolcott-connecticut
https://www.ubereats.com/connecticut/food-delivery/krispy-krunchy-chicken-531-north-main-st/yB3NOqccQcCUT4mCcoWgnA,wolcott-connecticut
https://www.ubereats.com/connecticut/food-delivery/maples-family-restaurant/pPcK8-PnT8eJjjczs1LUqw,wolcott-connecticut
https://www.ubereats.com/connecticut/food-delivery/rice-thai-to-go/hpBspqdYTQa98nDz4-PSVQ,wolcott-connecticut
https://www.ubereats.com/connecticut/food-delivery/harvest-bakery/T9-dznSWS3ipo6gONSLM3A,wolcott-connecticut
https://www.ubereats.com/connecticut/food-delivery/muyuri-indian/CFA-TVObR32ChLiDYDnwBQ,wolcott-connecticut
https://www.ubereats.com/connecticut/food-delivery/wood-n-tap-southington/QiBSiFmpT7u6LoNA49VH3A,wolcott-connecticut
https://www.ubereats.com/connecticut/food-delivery/hana-japanese-steakhouse/ynp5tuMxT7OZrTjbW06l3A,wolcott-connecticut
https://www.ubereats.com/connecticut/food-delivery/wendys-167-thomaston-avenue/WcauwS0FQL6DO9ESyLSXWA,wolcott-connecticut
https://www.ubereats.com/connecticut/food-delivery/amanos-pizza/NTTfiF_ASQGsQMsBy3Dcuw,wolcott-connecticut
https://www.ubereats.com/connecticut/food-delivery/que-whiskey-kitchen/5cPA5ebOQgKSLRODGOGm5Q,wolcott-connecticut
https://www.ubereats.com/connecticut/food-delivery/vivaldis-pizza-southington/7S1FlkHNTn-o9o62Mz8ngw,wolcott-connecticut
https://www.ubereats.com/connecticut/food-delivery/thai-avenue/aEpTd7NgSnKH80Z5JfRgSA,wolcott-connecticut
https://www.ubereats.com/connecticut/food-delivery/namaste-india/an5soiZ6SgiYpZW4YKpuBw,wolcott-connecticut
https://www.ubereats.com/connecticut/food-delivery/noodles-%26-company-queen-st-%26-aircraft-rd/AxrgE2RjTv-hxV8FjVezpg,wolcott-connecticut
https://www.ubereats.com/connecticut/food-delivery/krauszers/Tz0V4IcSR06qRWUHdCbu6A,wolcott-connecticut
https://www.ubereats.com/connecticut/food-delivery/jersey-mikes-subs-576-farmington-ave/avrTffpIQFaRZv4igF9SKw,wolcott-connecticut
https://www.ubereats.com/connecticut/food-delivery/noochies-deli-and-cafe/YrW2PmVsTt20dD8lLbeTMw,wolcott-connecticut
https://www.ubereats.com/connecticut/food-delivery/nardellis-grinder-shoppe-waterbury-1/RLl1IDaURGOCX9t4c-TOhA,wolcott-connecticut
https://www.ubereats.com/connecticut/food-delivery/fulling-mills-deli/KssT5TcBSnylCW3pQmLzQQ,wolcott-connecticut
https://www.ubereats.com/connecticut/food-delivery/berties-west-indian-%26-american-restaurant/IzXDGr-OSf26iGPySC5PGg,wolcott-connecticut
https://www.ubereats.com/connecticut/food-delivery/ritas-italian-ice-900-straits-tpke/I3keZ18vSWu11TgMMneyvQ,wolcott-connecticut
https://www.ubereats.com/connecticut/food-delivery/legends-sports-bar-and-grill/ChAONs9kSbqe4H7X8x-MKA,wolcott-connecticut
https://www.ubereats.com/connecticut/food-delivery/mcdonalds-45-thomaston-ave/u80IK1WMRpOLdvotrUQ1mQ,wolcott-connecticut
https://www.ubereats.com/connecticut/food-delivery/vivaldis/8WZUwuWAQ4-CfpE7zH62AA,wolcott-connecticut
https://www.ubereats.com/connecticut/food-delivery/king-pizza-33-willow-st/ocE0_2E0THGH4Gd2A2UGyw,wolcott-connecticut
https://www.ubereats.com/connecticut/food-delivery/kfc-866-queen-street/apdNa2vZQkWFQE5U3elw9g,wolcott-connecticut
https://www.ubereats.com/connecticut/food-delivery/pie-guys-of-new-york/YwnvzeqrTDWz7ejp5DBx5w,wolcott-connecticut
https://www.ubereats.com/connecticut/food-delivery/five-guys-ct-0212-278-scott-swamp-rd/RlzRNoOvRtiZjAtIbxNQIw,wolcott-connecticut
https://www.ubereats.com/connecticut/food-delivery/moes-southwest-grill-641-farmington-avenue/iGdIN2fWTSWQFzgW9RqXkw,wolcott-connecticut
https://www.ubereats.com/connecticut/food-delivery/popeyes-650-wolcott-st/3BCNDsufTA6t6CLOHgW8Yw,wolcott-connecticut
https://www.ubereats.com/connecticut/food-delivery/krispy-krunchy-chicken-oakville-ct/7wQ-VhiUQCqxidb7TiQyYg,wolcott-connecticut
https://www.ubereats.com/connecticut/food-delivery/singo-sushi-llc/38EOzSoMRIyYcKZtXzMkDw,wolcott-connecticut
https://www.ubereats.com/connecticut/food-delivery/mikes-jamaican-restaurant/AjAEnCLrTuy3-SMdMwIctg,wolcott-connecticut
https://www.ubereats.com/connecticut/food-delivery/henris-pizza-%26-restaurant/2Xy1fhNmQnCy1MWyYo6Y0Q,wolcott-connecticut
https://www.ubereats.com/connecticut/food-delivery/pho-%26-spice/4i_Q2UkJQEmZdlcWtC1L8Q,wolcott-connecticut
https://www.ubereats.com/connecticut/food-delivery/sicilian-delight-waterbury/unB-5iC-TsC_h06tyAuTbA,wolcott-connecticut
https://www.ubereats.com/connecticut/food-delivery/boston-market-45-farmington-ave/Qacyttx_Q2mlzSIx8QLo1g,wolcott-connecticut
https://www.ubereats.com/connecticut/food-delivery/south-town-apizza/b92f39YaQUajk0bHNTA6Gg,wolcott-connecticut
https://www.ubereats.com/connecticut/food-delivery/jesse-camilles-restaurant/5cauE06_Q7SOAe_8weYFRw,wolcott-connecticut
https://www.ubereats.com/connecticut/food-delivery/moes-southwest-grill-720-queen-street/LIdJXsFpTy6rmp0v0QBi5A,wolcott-connecticut
https://www.ubereats.com/connecticut/food-delivery/bada-bingz-cafe/PLlKTx_DQXWZJ-BkfFTcEg,wolcott-connecticut
https://www.ubereats.com/connecticut/food-delivery/wayback-burger-123-farmington-ave-unit-p3/OIJJZCt0Q8SeCidq69YFAQ,wolcott-connecticut
https://www.ubereats.com/connecticut/food-delivery/city-pizza-and-espresso/qgO1tXHhQgaIK_KxPyvz5A,wolcott-connecticut
https://www.ubereats.com/connecticut/food-delivery/hasnas-afghan-fusion/gCnAGK7NTMu4Te8S2vfnIg,wolcott-connecticut
https://www.ubereats.com/connecticut/food-delivery/el-classico/9SA_X5hdTv6tZjwxcLzqiw,wolcott-connecticut
https://www.ubereats.com/connecticut/food-delivery/585-main-bar-%26-grill/_rPoZ7KlSOqE94Sor15JUg,wolcott-connecticut
https://www.ubereats.com/connecticut/food-delivery/fuel-good-foods/lSQJOO2RTuGVQhln4kjK2g,wolcott-connecticut
https://www.ubereats.com/connecticut/food-delivery/mcdonalds-881-wolcott-st/vmNZOSs_T8myZ1UJfHkP6g,wolcott-connecticut
https://www.ubereats.com/connecticut/food-delivery/starbucks-641-farmington-ave/T6Kgq7rbQMaTSBvZFk7wPQ,wolcott-connecticut
https://www.ubereats.com/connecticut/food-delivery/epicure-pizza-%26-grill/Y1bJ8Q22RR-Vcom0tVueNA,wolcott-connecticut
https://www.ubereats.com/connecticut/food-delivery/friendlys-408-queen-st/1E53bPYpQl6Hza3AzRdy4Q,wolcott-connecticut
https://www.ubereats.com/connecticut/food-delivery/dm-deli-market/BV4CdY9mRymWGPxB-Ne2yQ,wolcott-connecticut
https://www.ubereats.com/connecticut/food-delivery/the-stadium/3pXBTTrlQ_6UtdqBjapa9g,wolcott-connecticut
https://www.ubereats.com/connecticut/food-delivery/arbys-867-meriden-waterbury-tpke/P4UjYf6VT0SN7_iF3FTyIQ,wolcott-connecticut
https://www.ubereats.com/connecticut/food-delivery/avventura-bakery-%26-deli/KhkSbuW-TQO8Y9Xl6BA_7Q,wolcott-connecticut
https://www.ubereats.com/connecticut/food-delivery/mojo-nuevo-latino-cuisine/EYwum7FjSuS4imb4Ff-hgA,wolcott-connecticut
https://www.ubereats.com/connecticut/food-delivery/the-bistro/woDYyry0RZKR9T5UJQNvhw,wolcott-connecticut
https://www.ubereats.com/connecticut/food-delivery/living-right-health-bar/D1aPUFxtREeJXzBbG7v7Pw,wolcott-connecticut
https://www.ubereats.com/connecticut/food-delivery/foodies/Du3qRusuQcyAWhtY1yAdTg,wolcott-connecticut
https://www.ubereats.com/connecticut/food-delivery/jimmys-family-restaurant/PJe--PF3TBW4EtoOEZ0g-A,wolcott-connecticut
https://www.ubereats.com/connecticut/food-delivery/ihopwaterbury/BXOU9f7bTXC3Y1lLVPWSAQ,wolcott-connecticut
https://www.ubereats.com/connecticut/food-delivery/kizls/ZJ1P1MhDR9ujS_m5fzgqoA,wolcott-connecticut
https://www.ubereats.com/connecticut/food-delivery/cherry-valley-cuisine/99wn8yjLRb6dPBttSpoDAw,wolcott-connecticut
https://www.ubereats.com/connecticut/food-delivery/nardellis-grinder-shoppe-waterbury-2/MZZy_1xESRiAsDbfqO8DdA,wolcott-connecticut
https://www.ubereats.com/connecticut/food-delivery/subway-34-thomaston-ave/ahaEaTavT-WpVo4We5RalA,wolcott-connecticut
https://www.ubereats.com/connecticut/food-delivery/sliders-grill-southington/HbcZ2xdwTRqUDeF1fO7_4Q,wolcott-connecticut
https://www.ubereats.com/connecticut/food-delivery/restaurant-%26-deli-antojitos-el-caribe-mix/ZjRDCe10RZSEw6vgeVBASA,wolcott-connecticut
https://www.ubereats.com/connecticut/food-delivery/coji-kitchen/2hHGdvrWRlaIxuXBoYnNDw,wolcott-connecticut
https://www.ubereats.com/connecticut/food-delivery/water-street-pub/OVS0wPZ-S6GnDyJdFPq6NQ,wolcott-connecticut
https://www.ubereats.com/connecticut/food-delivery/la-borinquena-restaurant/oOBVXmfnQIO5VBQ7oZyLFw,wolcott-connecticut
https://www.ubereats.com/connecticut/food-delivery/50-west/UtP70OMrTCqaHGjjn9Te8A,wolcott-connecticut
https://www.ubereats.com/connecticut/food-delivery/red-corner/4LLTcDNcR_CJmrfhkF59uQ,wolcott-connecticut
https://www.ubereats.com/connecticut/food-delivery/outback-steakhouse-817-queen-street/EJxm273SR-qK-VeNcrCsjg,wolcott-connecticut
https://www.ubereats.com/connecticut/food-delivery/tsaloncafe/yE2ONyfBQgiJY4JrJknlAQ,wolcott-connecticut
https://www.ubereats.com/connecticut/food-delivery/burger-builders/S49zDnqNSzuBbfYaqfEX1A,wolcott-connecticut
https://www.ubereats.com/connecticut/food-delivery/dunkin-1249-w-main-st/jUtirxiwTJ6ZjrVicX5lqA,wolcott-connecticut
https://www.ubereats.com/connecticut/food-delivery/mikes-pizza/vv1N-hReRpO0aeEQphDKmQ,wolcott-connecticut
https://www.ubereats.com/connecticut/food-delivery/subway-waterbury/XxgiL3iSReWbsL9S-_2siA,wolcott-connecticut
https://www.ubereats.com/connecticut/food-delivery/tgi-fridays-638-waterbury-ct/ivlL6mQyQS2ncKVeXpA9aA,wolcott-connecticut
https://www.ubereats.com/connecticut/food-delivery/taco-bell-973-wolcott-street/MnqrRG13SPGzQPRM62yLxw,wolcott-connecticut
https://www.ubereats.com/connecticut/food-delivery/wings-over-bristol/aK3ivKlbTPih2fKHdLGaJQ,wolcott-connecticut
https://www.ubereats.com/connecticut/food-delivery/bitas-sofrito/7lYpDfgUR3ez-mTfPahrbQ,wolcott-connecticut
https://www.ubereats.com/connecticut/food-delivery/roodle-rice-%26-noodle-bar-s-broad-st/Q73PQ_ymT1KcQajeOjzNeA,wolcott-connecticut
https://www.ubereats.com/connecticut/food-delivery/the-art-of-yum/H5_PR41IRFiELyVE0wLO5A,wolcott-connecticut
https://www.ubereats.com/connecticut/food-delivery/china-wok/PKDkM7EkTfiNRIee7iCFjg,wolcott-connecticut
https://www.ubereats.com/connecticut/food-delivery/sliders-grill-plainville/3HOAKlDpTrq4lyZ0TiXBxA,wolcott-connecticut
https://www.ubereats.com/connecticut/food-delivery/wendys-910-wolcott-street/rloOrgDfTvOgfzBl0RSFbg,wolcott-connecticut
https://www.ubereats.com/connecticut/food-delivery/subway-72-bridge-st/I6JF5ceuSJSAswzYvNVl8A,wolcott-connecticut
https://www.ubereats.com/connecticut/food-delivery/adrianas-lunch-box/O0RNfIypQQSguBm3v1SMMw,wolcott-connecticut
https://www.ubereats.com/connecticut/food-delivery/wild-orchid/c0nM0wd8Q1KPm8z5gx8w-g,wolcott-connecticut
https://www.ubereats.com/connecticut/food-delivery/mcdonalds-150-n-main-st/HZjn--MeTxGKuTD1OawtyQ,wolcott-connecticut
https://www.ubereats.com/connecticut/food-delivery/the-clamdigger-waterbury/MJY7S1ITRxGTy1QbKNW1XA,wolcott-connecticut
https://www.ubereats.com/connecticut/food-delivery/dunkin-1825-meriden-waterbury-tpke/nNUt8O8nRnOj-clWiIz1_Q,wolcott-connecticut
https://www.ubereats.com/connecticut/food-delivery/mcdonalds-184-chase-ave/jtBiPmT-SbWyknEoZbHYZg,wolcott-connecticut
https://www.ubereats.com/connecticut/food-delivery/verdi/22P6prxUTJ298_yWhJk_YA,wolcott-connecticut
https://www.ubereats.com/connecticut/food-delivery/vivaldis/ZwXAkhY4SXaLFxL4ZHmoxQ,wolcott-connecticut
https://www.ubereats.com/connecticut/food-delivery/wendys-328-queen-street/LNW4McbeSXK9hzg4-Uki9A,wolcott-connecticut
https://www.ubereats.com/connecticut/food-delivery/juneli-india-kitchen/RBMsxf10QbWLK8y7av8oug,wolcott-connecticut
https://www.ubereats.com/connecticut/food-delivery/cc-star/DzTMfCjFR8-K_PP4Z66cUw,wolcott-connecticut
https://www.ubereats.com/connecticut/food-delivery/buffalo-wild-wings-315-union-st/CQPLrVUURzKKVyNPFYHxwA,wolcott-connecticut
https://www.ubereats.com/connecticut/food-delivery/china-chef/uZH8tI58SwKNNc11FHqMZQ,wolcott-connecticut
https://www.ubereats.com/connecticut/food-delivery/pizzapie-wood-fire-pizza/q49mcuwSTymM7nhxfkZNmw,wolcott-connecticut
https://www.ubereats.com/connecticut/food-delivery/panera-920-wolcott-street/OWIse4pyQNuKztg9LwAhog,wolcott-connecticut
https://www.ubereats.com/connecticut/food-delivery/kettle-bagels/H6av5AzXTIC834gWxjG8EA,wolcott-connecticut
https://www.ubereats.com/connecticut/food-delivery/friendlys-497-farmington-ave/7LPU-gl_SqGEz01PPIknIQ,wolcott-connecticut
https://www.ubereats.com/connecticut/food-delivery/nardellis-grinder-shop-naugatuck/casJ5cusRjurKJQs35O56g,wolcott-connecticut
https://www.ubereats.com/connecticut/food-delivery/cielito-lindo-bakery/cl2h1V3aQWGsUhlw6Erp2Q,wolcott-connecticut
https://www.ubereats.com/connecticut/food-delivery/dennys-621-queen-st/HSAgR7UWT4m9hVU6ObYTEA,wolcott-connecticut
https://www.ubereats.com/connecticut/food-delivery/peters-pizza/ilBJgUY3T7irtxVkpPoStg,wolcott-connecticut
https://www.ubereats.com/connecticut/food-delivery/venue-cafe/CJHLujY_RcmjOmD3GHcd0Q,wolcott-connecticut
https://www.ubereats.com/connecticut/food-delivery/sam-the-clams-pub-and-grub/IAbTYwHeTXCz5X6A_X0unA,wolcott-connecticut
https://www.ubereats.com/connecticut/food-delivery/john-bale-cafe/G6DgfZMPQhCnTrQxmQpMIA,wolcott-connecticut
https://www.ubereats.com/connecticut/food-delivery/san-gennaro/xI-LynYdRbODcJnbRPO6ww,wolcott-connecticut
https://www.ubereats.com/connecticut/food-delivery/chips-family-restaurant/UFLfbsJhSnaNJcRsRUeacA,wolcott-connecticut
https://www.ubereats.com/connecticut/food-delivery/bk-supper-cjub/wzNkXlbWQZ6hYXYt6iJdlQ,wolcott-connecticut
https://www.ubereats.com/connecticut/food-delivery/dunkin-160-kukas-ln/5OoLswGJRg-NCs7CM-rWHQ,wolcott-connecticut
