url,city
https://www.ubereats.com/san-diego/food-delivery/shake-%26-wake/Ts4WCjDdRsmR25TFGL4TYA,calexico-california
https://www.ubereats.com/san-diego/food-delivery/dennys-1445-ocotillo-drive/SWwo64zSRMKv-pInjG7i5g,calexico-california
https://www.ubereats.com/san-diego/food-delivery/kfc-213-e-cole-blvd/XILHT2PoQMCapEn1lCrOEQ,calexico-california
https://www.ubereats.com/san-diego/food-delivery/mcdonalds-345-n-imperial-ave/TEIvc_3BSY2Lgp0h4igsEg,calexico-california
https://www.ubereats.com/san-diego/food-delivery/cold-stone-creamery-2049-n-imperial-ave/ZahNBnnCSC-S3BBZeJbZsg,calexico-california
https://www.ubereats.com/san-diego/food-delivery/rallys-200-e-cole-road/8ce0JWtuRBypgUdqzutpxw,calexico-california
https://www.ubereats.com/san-diego/food-delivery/the-ice-cream-shop/14IqVL8-SIOLJIoh5Ioz3g,calexico-california
https://www.ubereats.com/san-diego/food-delivery/jack-in-the-box-121-rockwood-ave/EUNWbpRSSPK1U5P7DZnuyA,calexico-california
https://www.ubereats.com/san-diego/food-delivery/starbucks-599-e-danenberg-dr/A0Xqe5K_RjmPZS23zF4a8Q,calexico-california
https://www.ubereats.com/san-diego/food-delivery/carls-jr-2215-s-4th-st/HlHav5r8ScqAxBOaqYow-w,calexico-california
https://www.ubereats.com/san-diego/food-delivery/panda-express-2530-rockwood-ave/s-wPbkXMRASH5UQwpDlQAQ,calexico-california
https://www.ubereats.com/san-diego/food-delivery/jack-in-the-box-703-s-imperial-ave/iyY57pEwRP6tCDOefPKj_g,calexico-california
https://www.ubereats.com/san-diego/food-delivery/churchs-chicken-480-north-imperial-avenue/TwE4DJP9SiKTo8iXUzcaIw,calexico-california
https://www.ubereats.com/san-diego/food-delivery/del-taco-1540-ocotillo-dr/ddcRctbATcGcDRNC5bPrxA,calexico-california
https://www.ubereats.com/san-diego/food-delivery/taco-bell-2540-rockwood-avenue/76-ic6XtS9mM43UjWeqe6Q,calexico-california
https://www.ubereats.com/san-diego/food-delivery/famous-daves-3103-s-dogwood-rd/D3RZdamUTqmnWayZQFxRqw,calexico-california
https://www.ubereats.com/san-diego/food-delivery/churchs-chicken-344-imperial-avenue/hTQGbk_dQAS8BIGRClrTWQ,calexico-california
https://www.ubereats.com/san-diego/food-delivery/ihop-2362-s-4th-st/dNSLLt-uQbikLilLNkopeA,calexico-california
https://www.ubereats.com/san-diego/food-delivery/the-broken-yolk-cafe-el-centro/n3lW61YxT765dph_FYlERw,calexico-california
https://www.ubereats.com/san-diego/food-delivery/panda-express-2380-s-4th-street/wR888AZoQ02is4VJbnfGFw,calexico-california
https://www.ubereats.com/san-diego/food-delivery/los-cerritos-restaurant/bg-37LIgQaWdrS3QioCajA,calexico-california
https://www.ubereats.com/san-diego/food-delivery/pinkis-hot-dogs/Z3wM6m-5RW2cElJhQPTitQ,calexico-california
https://www.ubereats.com/san-diego/food-delivery/mcdonalds-720-imperial-ave/F5x44MS0T_uceKyV99z2DA,calexico-california
https://www.ubereats.com/san-diego/food-delivery/mcdonalds-1990-s-4th-st/YWbF5akIRAmLCi4Sg1mIxw,calexico-california
https://www.ubereats.com/san-diego/food-delivery/humble-farmer-brewing/YvYycBkUR6eSfj9pHNQIhQ,calexico-california
https://www.ubereats.com/san-diego/food-delivery/chingones-tacos-and-munchies/T4Y5fKzQQEuGQvqdquFiig,calexico-california
https://www.ubereats.com/san-diego/food-delivery/jack-in-the-box-1071-birch-st/XNyF9ilcSxSDGiiSIxUAuw,calexico-california
https://www.ubereats.com/san-diego/food-delivery/taco-bell-350-wake-ave/dR6DQFcPQn-gy0xgByi6TQ,calexico-california
https://www.ubereats.com/san-diego/food-delivery/menchies-frozen-yogurt-508-e-danenberg-dr/_vXUqQLkSCSXqKsVF78JOg,calexico-california
https://www.ubereats.com/san-diego/food-delivery/rosas-plane-food-inc/wE_dT4vKSUOC4Y99gh1f-g,calexico-california
https://www.ubereats.com/san-diego/food-delivery/raspados-cuchis/Q8C9ULRBSgOatW8ckyN2HA,calexico-california
https://www.ubereats.com/san-diego/food-delivery/jack-in-the-box-2100-s-4th-st/CaHDkQZrRveeegKdesM_TA,calexico-california
https://www.ubereats.com/san-diego/food-delivery/kotori-japanese-food/EVyvTljHToyVozWDOHwNIA,calexico-california
https://www.ubereats.com/san-diego/food-delivery/cilantros-la-taqueria/XQI2p3GISLST3JY6ocYKTw,calexico-california
https://www.ubereats.com/san-diego/food-delivery/starbucks-1113-imperial-west-suite-101/sHutcGwZTQ6DBoLPIMiVfg,calexico-california
https://www.ubereats.com/san-diego/food-delivery/subway-3001-n-imperial-ave/rO3c_c6VTDeSFjGl_BuiRg,calexico-california
https://www.ubereats.com/san-diego/food-delivery/briseidas-kitchen/KgDhaaZjSQ2dXXQxr9MD3w,calexico-california
https://www.ubereats.com/san-diego/food-delivery/applebees-2505-scaroni-rd/Wn7njKqMSL2bGh6aZy6dCA,calexico-california
https://www.ubereats.com/san-diego/food-delivery/applebees-2421-n-cottonwood/n9h39BXnS3y6HTU5hoFISw,calexico-california
https://www.ubereats.com/san-diego/food-delivery/jack-in-the-box-1791-maggio-rd/3axNlPvnSVCOK66VpXc9DQ,calexico-california
https://www.ubereats.com/san-diego/food-delivery/poke-n-noodles/I-IkKrM4SXeUk6R7PH5miA,calexico-california
https://www.ubereats.com/san-diego/food-delivery/dennys-3403-s-dogwood-rd/qi1iDda_T46OVENj2yBFJQ,calexico-california
https://www.ubereats.com/san-diego/food-delivery/papa-johns-1051-imperial-hwy-n-ste-a/4JBeZWUcSb6rxcDfFIrVXQ,calexico-california
https://www.ubereats.com/san-diego/food-delivery/the-ice-cream-shop/laTB7yRbS62ux6fYrSUeig,calexico-california
https://www.ubereats.com/san-diego/food-delivery/jack-in-the-box-699-e-danenberg-rd/AAa8paClRGOQ4qVlauJcjg,calexico-california
https://www.ubereats.com/san-diego/food-delivery/carls-jr-1498-adams-ave/H7GOF37TS3OQTl05_2i2Tg,calexico-california
https://www.ubereats.com/san-diego/food-delivery/the-habit-burger-grill-2335-south-4th-street/glKQFx64RziWXBfqFNOaxw,calexico-california
https://www.ubereats.com/san-diego/food-delivery/kfc-1775-s-imperial-ave/0refRmx2Rm6Xg7uXYETn5g,calexico-california
https://www.ubereats.com/san-diego/food-delivery/subway-2451-rockwood-avenue/a05S0Uq1TReQB6fSXjRXmg,calexico-california
https://www.ubereats.com/san-diego/food-delivery/subway-1113-imperial-avenue-west/X4aMWxO9SLWz_zQz3wkBsw,calexico-california
https://www.ubereats.com/san-diego/food-delivery/pasquallys-pizza-%26-wings-803-e-danenberg-dr/-9BRb15mT3WD-P6qmhfC8w,calexico-california
https://www.ubereats.com/san-diego/food-delivery/sweets-smoothies/ft50ttb3ShmTMq0G3xDbdg,calexico-california
https://www.ubereats.com/san-diego/food-delivery/sombrero-mexican-food/2VGGH2OcSlOkcf7WtIXYUw,calexico-california
https://www.ubereats.com/san-diego/food-delivery/buffalo-wild-wings-510-e-danenberg-dr/EMZQONI1RBWzGUNELzrjZw,calexico-california
https://www.ubereats.com/san-diego/food-delivery/los-cabos-seafood-%26-grill/mhhSGON8QTq1B4yhz1Ubgw,calexico-california
https://www.ubereats.com/san-diego/food-delivery/johnny-carinos/I_e18X7JQtWmNnmPK-wUZQ,calexico-california
https://www.ubereats.com/san-diego/food-delivery/johnny-carinos-el-centro/Y9sHyUf2TbeCx1cikzR6Yg,calexico-california
https://www.ubereats.com/san-diego/food-delivery/jack-in-the-box-832-w-birch-st/E_OwRgteQ--vu_3SS53LZg,calexico-california
https://www.ubereats.com/san-diego/food-delivery/el-pollo-loco-1403-north-imperial-ave3656/jUCgBx8kSw-Q8HsShMY6EA,calexico-california
https://www.ubereats.com/san-diego/food-delivery/jack-in-the-box-2499-cottonwood-dr/01pRUUlNRvW-3kkik4l_XA,calexico-california
https://www.ubereats.com/san-diego/food-delivery/hope-cafe/-cXCuqcFSYqz5dTeKl12og,calexico-california
https://www.ubereats.com/san-diego/food-delivery/kennedys-taco/i22jvT9RTVq6KXf7tn7zlg,calexico-california
https://www.ubereats.com/san-diego/food-delivery/carls-jr-221-w-birch-st/U5psNDJFRh28c6QoZT0hGQ,calexico-california
https://www.ubereats.com/san-diego/food-delivery/jack-in-the-box-203-e-cole-rd/VzGYzPgjTNClSbhrgNZg-w,calexico-california
