url,city
https://www.ubereats.com/denver/food-delivery/mcdonalds-boulder-baseline/NNbk0QdHTTOo2jYd3tj-vA,boulder-colorado
https://www.ubereats.com/denver/food-delivery/five-on-black-boulder/nReWfUG_RK6x62Tb0X1dyw,boulder-colorado
https://www.ubereats.com/denver/food-delivery/dangelos-deli/95yKH2eoSgSJFkp8NVpi1A,boulder-colorado
https://www.ubereats.com/denver/food-delivery/motherlode-cafe-%26-tavern/p5osWr1VSKKhgg8ky4D58Q,boulder-colorado
https://www.ubereats.com/denver/food-delivery/starbucks-2770-pearl-st/aI-Dmp44RWW3vK23EKTd_w,boulder-colorado
https://www.ubereats.com/denver/food-delivery/eat!-food-%26-drink/1sgkVwPJQnKX0WV3_9_YJQ,boulder-colorado
https://www.ubereats.com/denver/food-delivery/kfc-tb-3210-arapahoe-avenue/Dmkt0fDoSTyrSa3ijsv0ig,boulder-colorado
https://www.ubereats.com/denver/food-delivery/hellz-chicken/wUmQCCiPQd2LF2FUPfCYQg,boulder-colorado
https://www.ubereats.com/denver/food-delivery/aperitivo-by-kafe-urban/EZpBK_GzQnqnTIfVtx-3mw,boulder-colorado
https://www.ubereats.com/denver/food-delivery/osakas-restaurant/Rx9bOTnSQX-FLC_6-WSjow,boulder-colorado
https://www.ubereats.com/denver/food-delivery/rio-grande-mexican-restaurant-boulder/8-jJm1ZIRxWlhduNAPAOGA,boulder-colorado
https://www.ubereats.com/denver/food-delivery/chautauqua-dining-hall/k9MKZFh8RBCWwM4kvuFVJg,boulder-colorado
https://www.ubereats.com/denver/food-delivery/ihop-1675-28th-st/6nacN8JsSX6dECWs0FAiMw,boulder-colorado
https://www.ubereats.com/denver/food-delivery/panda-express-university-of-colorado/bArvxCvsTU-yxRahIhxwiw,boulder-colorado
https://www.ubereats.com/denver/food-delivery/verde-louisville-640-main-st/Gt8SSLOSRmOrW_WyM02bIA,boulder-colorado
https://www.ubereats.com/denver/food-delivery/garbanzo-mediterranean-grill-boulder/InKYUe1IQ8ePu6rI8O6m8w,boulder-colorado
https://www.ubereats.com/denver/food-delivery/fasika-ethiopian-kitchen/S_gD2WCbRu6eGQ1cK87D-A,boulder-colorado
https://www.ubereats.com/denver/food-delivery/dickeys-bbq-pit-321-s-mccaslin-blvd-unit-d/VT43InSAR4ayj-c7iiDcqw,boulder-colorado
https://www.ubereats.com/denver/food-delivery/tiffins-india-cafe/tHDNFynWSmmOLtvvHJOtJw,boulder-colorado
https://www.ubereats.com/denver/food-delivery/zeal-food/5Gp1rTWURKav2YSeRVv_GA,boulder-colorado
https://www.ubereats.com/denver/food-delivery/vegan-by-the-protein-bar-boulder/NnWIBZYuRxuwOiaSsN_UkQ,boulder-colorado
https://www.ubereats.com/denver/food-delivery/sweet-cow-ice-cream-south-boulder/S_jNeaxXSviqghR7GEiqRw,boulder-colorado
https://www.ubereats.com/denver/food-delivery/the-simple-greek-%2346/TzY7GNAqSP6a0A7CbhpCsQ,boulder-colorado
https://www.ubereats.com/denver/food-delivery/gelato-boy/RG6qyXWeRmyBFpg4ScWicA,boulder-colorado
https://www.ubereats.com/denver/food-delivery/five-guys-co-1763-570-zang-st/_XT5fkG5TVuGGGKjGfyw8A,boulder-colorado
https://www.ubereats.com/denver/food-delivery/twisted-pine-brewing-company/0Rx_jnxoTVSAxNghGHOtUw,boulder-colorado
https://www.ubereats.com/denver/food-delivery/still-smokin/BfPKUDf0TiSFnigRVxFVDw,boulder-colorado
https://www.ubereats.com/denver/food-delivery/bjs-restaurant-%26-brewhouse-1690-28th-street/ziAS2iOaSVGRCnB4ZwmK5Q,boulder-colorado
https://www.ubereats.com/denver/food-delivery/cold-stone-creamery-arapahoe-avenue/ekX7ACIbQsep67eVPDpjdQ,boulder-colorado
https://www.ubereats.com/denver/food-delivery/menchies-frozen-yogurt-535-s-boulder-rd/Aci4rl05S7aSbMU5ngNzzQ,boulder-colorado
https://www.ubereats.com/denver/food-delivery/little-tibet/Sfbi7I-fTD6HoATb2hJMMg,boulder-colorado
https://www.ubereats.com/denver/food-delivery/parma-trattoria/PAMdaBClSWyI6qsUBXt73w,boulder-colorado
https://www.ubereats.com/denver/food-delivery/dots-diner-on-the-hill/MWziBsYRTTeXZHR67UmQkA,boulder-colorado
https://www.ubereats.com/denver/food-delivery/tierra-y-fuego-taqueria/Yq9-m0mZRAivl4L1XZiJfA,boulder-colorado
https://www.ubereats.com/denver/food-delivery/firehouse-subs-lafayette/bE2iekJNQPCUyFfsZ1uwuQ,boulder-colorado
https://www.ubereats.com/denver/food-delivery/asian-cantina/cJ4RutNOSk-tdDakXtzsyg,boulder-colorado
https://www.ubereats.com/denver/food-delivery/half-fast-subs/yrM1dpeCRKi7PZbeT32-7w,boulder-colorado
https://www.ubereats.com/denver/food-delivery/arbys-8548/cEfauRVGQwuxqOXPUdW_Tg,boulder-colorado
https://www.ubereats.com/denver/food-delivery/mcdonalds-boulder-28th/Qd61AlwLRmyLcuLWfCOqCw,boulder-colorado
https://www.ubereats.com/denver/food-delivery/milkshake-bar-and-melt-shop/A7Jj8ZgtRRizSaYgWQLmCQ,boulder-colorado
https://www.ubereats.com/denver/food-delivery/whole-sol-blend-bar-boulder/FDhSaq-fRq28Y_ukEBI_sA,boulder-colorado
https://www.ubereats.com/denver/food-delivery/jersey-mikes-subs-2660-pearl-st/Jr6Lo_HsQ6K32u21sV_iQw,boulder-colorado
https://www.ubereats.com/denver/food-delivery/kin-%26-co-comfort-kitchen/v0CSkPGqSqSkWd3boHv9TQ,boulder-colorado
https://www.ubereats.com/denver/food-delivery/rush-bowls-boulder-13th/Ap4ZhdpuRESmZNx6QfMscg,boulder-colorado
https://www.ubereats.com/denver/food-delivery/mod-pizza-mccaslin-marketplace/vGwfnKeUTluHXSOcxenMvA,boulder-colorado
https://www.ubereats.com/denver/food-delivery/a-cup-of-peace/vne0C2luSQ2TzHwJKYhdpg,boulder-colorado
https://www.ubereats.com/denver/food-delivery/the-attic-bar-and-bistro/Dxf4JkqPSVucAf7CMdDS1Q,boulder-colorado
https://www.ubereats.com/denver/food-delivery/peckish/3u66TCFYSMOl8H_Ki_gmfA,boulder-colorado
https://www.ubereats.com/denver/food-delivery/firehouse-subs-superior-plaza/p278mh82QVaKuli8ZUEaJQ,boulder-colorado
https://www.ubereats.com/denver/food-delivery/qdoba-mexican-grill-459-s-mccaslin-blvd-suite-1/ikD3qnOQQ8SR_g6KIogKjA,boulder-colorado
https://www.ubereats.com/denver/food-delivery/jaipur-indian-restaurant/vhUKha1GSwOm2EbtuxMVYw,boulder-colorado
https://www.ubereats.com/denver/food-delivery/five-guys-co-1612-1855-29th-st/osBP0MRxQYGVTyqxQkx_ig,boulder-colorado
https://www.ubereats.com/denver/food-delivery/taco-junky/smhFAAm2S-mUq2pqeQYkKg,boulder-colorado
https://www.ubereats.com/denver/food-delivery/boulder-salad-healthy-wrap-and-soup-house/WhxsEYs1T2ygDjodNmQQZA,boulder-colorado
https://www.ubereats.com/denver/food-delivery/pei-wei-1675-29th-st-suite-1284/Uhrzy4NeTw6EckWT5gEf8A,boulder-colorado
https://www.ubereats.com/denver/food-delivery/bawarchi-biryanis/ichtQmd3QAaa8vct5Ituhw,boulder-colorado
https://www.ubereats.com/denver/food-delivery/china-gourmet/usbh6d_sTce_D2M29o38Hw,boulder-colorado
https://www.ubereats.com/denver/food-delivery/scrooge-maki/YVwd7Q4YQiCP6dYfOXIfKQ,boulder-colorado
https://www.ubereats.com/denver/food-delivery/boulder-pho/xL6v6gD_RhGCfX7H4ONlwQ,boulder-colorado
https://www.ubereats.com/denver/food-delivery/subway-boulder/WTlCSJFZTeK5pw3-Q8dKog,boulder-colorado
https://www.ubereats.com/denver/food-delivery/rush-bowls-boulder-spine-rd/8uwrSleRTpq_axSnmL93fw,boulder-colorado
https://www.ubereats.com/denver/food-delivery/west-flanders-brewing-company/lIhIfvQYR1G226r6kCwwrQ,boulder-colorado
https://www.ubereats.com/denver/food-delivery/boulder-burger/KXnPMeOWQ_CpCXeOKZw1tw,boulder-colorado
https://www.ubereats.com/denver/food-delivery/pza-broomfield/QwR7yb6GT7uWm93Kqz6RYg,boulder-colorado
https://www.ubereats.com/denver/food-delivery/the-taj/OOExnEFhRWqARxI5aH8PWg,boulder-colorado
https://www.ubereats.com/denver/food-delivery/mile-high-pho/_KVpX1JjSxGrbHQRiS2DyQ,boulder-colorado
https://www.ubereats.com/denver/food-delivery/raglin-market/X-exVhSpSbS8-lgLreOGFg,boulder-colorado
https://www.ubereats.com/denver/food-delivery/taco-bell-3255-28th-street/OA35VPlEQeKj3bfLVSgzNQ,boulder-colorado
https://www.ubereats.com/denver/food-delivery/vitality-bowls-2525-arapahoe-ave/gr-1H1DWR4yLA0zc1Ja2Gg,boulder-colorado
https://www.ubereats.com/denver/food-delivery/sweet-cow-ice-cream-north-boulder/vuQvyuxvSsyjZe6NkqyS8w,boulder-colorado
https://www.ubereats.com/denver/food-delivery/zeal-foodtruck/HyLOXDJJT6OPIF4qWqDtPA,boulder-colorado
https://www.ubereats.com/denver/food-delivery/kathmandu-restaurant-ii/XAOMHvDCRN-NKJMIwmWA_A,boulder-colorado
https://www.ubereats.com/denver/food-delivery/hot-pot-noodle-house-by-queens-kitchen/DfIMb1F1TSu6dCjUlQX_8A,boulder-colorado
https://www.ubereats.com/denver/food-delivery/sherpas-adventure-restaurant-%26-bar/6zV5YJpVRX6fDa0fHBfVhA,boulder-colorado
https://www.ubereats.com/denver/food-delivery/pho-kitchen-bar-and-grill/lgHMPb6xR32uj9OiUPyXUw,boulder-colorado
https://www.ubereats.com/denver/food-delivery/chipotle-mexican-grill-1650-28th-st-unit-1224/BkpkfRS0RgWTfh1BFXF_vA,boulder-colorado
https://www.ubereats.com/denver/food-delivery/motomaki-boulder/3nU-vYG-RJ62bm1ZhPcJ4Q,boulder-colorado
https://www.ubereats.com/denver/food-delivery/under-the-sun-eatery-and-pizzeria/YKxzoAtWR1GxU1-XlUpCvQ,boulder-colorado
https://www.ubereats.com/denver/food-delivery/the-buff-restaurant/R4uEuHzrQvWAe0Dk-smM9g,boulder-colorado
https://www.ubereats.com/denver/food-delivery/wok-to-flatirons-deli/aGoYkJBMSyGC_jMfaYSbxw,boulder-colorado
https://www.ubereats.com/denver/food-delivery/mad-greens-28th-st-%26-canyon/YRR8EicpS6CnVHNh-0U1Qw,boulder-colorado
https://www.ubereats.com/denver/food-delivery/foolish-craigs-cafe/ZEuINvY5TOySk0zNHH1lqw,boulder-colorado
https://www.ubereats.com/denver/food-delivery/folsom-thai/8dYg2wgeTr-SnrLo0agnWA,boulder-colorado
https://www.ubereats.com/denver/food-delivery/hapa-sushi-grill-%26-sake-bar-pearl-street/-X1zuKj_RROzAIs2Cu90Ag,boulder-colorado
https://www.ubereats.com/denver/food-delivery/biscuit-bar/Q5b4uUjbTYSYac0_itMUtg,boulder-colorado
https://www.ubereats.com/denver/food-delivery/subway-2480-baseline-rd/6-4SWj-5St-A7c5nWI0XIA,boulder-colorado
https://www.ubereats.com/denver/food-delivery/mod-pizza-diamond-circle/g_SY2MeGQY6fmy7xJdbrjA,boulder-colorado
https://www.ubereats.com/denver/food-delivery/cafe-aion/D5SJ2cJySD6TP7nczCa-Og,boulder-colorado
https://www.ubereats.com/denver/food-delivery/california-pizza-kitchen-1711-29th-st-%231180/pKZtnMQbQzeEoQoge70leQ,boulder-colorado
https://www.ubereats.com/denver/food-delivery/kalita-grill-greek-cafe/uJfCoLqMThiWBUQIao6LFw,boulder-colorado
https://www.ubereats.com/denver/food-delivery/leaf-vegetarian/n0U50xKLSbaHSTTdR0r7OQ,boulder-colorado
https://www.ubereats.com/denver/food-delivery/chipotle-mexican-grill-919-pearl-st/p56S9YGfSMiqMAywog6i1w,boulder-colorado
https://www.ubereats.com/denver/food-delivery/taco-bell-60-w-flatiron-crossing-dr/J13apsLtRJu9MFpEsBNuRA,boulder-colorado
https://www.ubereats.com/denver/food-delivery/dairy-queen-treat-3265-28th-st/6pGJ56LCQ2W-qm5CH5kvmg,boulder-colorado
https://www.ubereats.com/denver/food-delivery/sushi-hana-boulder/sfdgLdDQRG6wrYaW9CZM3A,boulder-colorado
https://www.ubereats.com/denver/food-delivery/the-morning-table/Cd38lavWS1W0QF8oK9rv3Q,boulder-colorado
https://www.ubereats.com/denver/food-delivery/kelley-and-ping/Hwd8KxutRM6GqRC1Laas3w,boulder-colorado
https://www.ubereats.com/denver/food-delivery/university-hill-market-%26-deli/8fGgiMtUTlaU_oaNdSJVxw,boulder-colorado
https://www.ubereats.com/denver/food-delivery/vero-wood-fire-pizza/Rd3gUO9QQHaWqaBRrLByvw,boulder-colorado
https://www.ubereats.com/denver/food-delivery/cheesy-macs/mqVNliIoQrW4lJyGU-Pbpg,boulder-colorado
https://www.ubereats.com/denver/food-delivery/the-arepa-joint/L-C14ryWQ6KiHbzbFZYoIg,boulder-colorado
https://www.ubereats.com/denver/food-delivery/the-point-cafe/hDRe1ltfQzafzHOlyNJr6g,boulder-colorado
https://www.ubereats.com/denver/food-delivery/gaia-masala-%26-burger/akQ2oMt9SyOjgJAarpkIng,boulder-colorado
https://www.ubereats.com/denver/food-delivery/le-french-cafe/dBPHJWCjR_eSG6IoUPEdlw,boulder-colorado
https://www.ubereats.com/denver/food-delivery/smashburger-1650-28th-st-space-1226/NXGFA7M7RP2UDYVdcjPMVA,boulder-colorado
https://www.ubereats.com/denver/food-delivery/qdoba-mexican-grill-635-b-flatiron-marketplace-dr/mIxBpkgJSmuzMyIIicTY5w,boulder-colorado
https://www.ubereats.com/denver/food-delivery/jersey-mikes-subs-321-s-mccaslin-blvd-louisville/LFjzXQhzTyC0atdqG_hssA,boulder-colorado
https://www.ubereats.com/denver/food-delivery/fat-shack-boulder/VibDuXeGTIWBZDntEN_uGw,boulder-colorado
https://www.ubereats.com/denver/food-delivery/riffs-urban-fare/RGDkDhq8SCq6tDRo8d3pjA,boulder-colorado
https://www.ubereats.com/denver/food-delivery/taco-bell-2450-baseline-rd/vGLu2m7JSk2UPuEzcv_J9g,boulder-colorado
https://www.ubereats.com/denver/food-delivery/salt-the-bistro/48h_tmOESIa6p3Uaj4isPQ,boulder-colorado
https://www.ubereats.com/denver/food-delivery/raglin-market/BONKERhBQZ2l8XjsIrjpPQ,boulder-colorado
https://www.ubereats.com/denver/food-delivery/smashburger-2755-dagny-way/YA3FntBNSwS-LRaX6SR8ag,boulder-colorado
https://www.ubereats.com/denver/food-delivery/salvaggios-deli-pearl-st/pBtpGj_ZSyyCBUysc8Em-w,boulder-colorado
https://www.ubereats.com/denver/food-delivery/modern-market-eatery-28th-st-boulder/iqrqzZG8QbWeWlWrr2lQmg,boulder-colorado
https://www.ubereats.com/denver/food-delivery/kung-fu-tea-1121-broadway/lLXCvhX9TCiY6juSThhJNg,boulder-colorado
https://www.ubereats.com/denver/food-delivery/panda-express-301-center-drive/p79M1YvpTxaC4quWre2s4g,boulder-colorado
https://www.ubereats.com/denver/food-delivery/golden-sun/6JqmTUC1SGyMN0vTdaUkDg,boulder-colorado
https://www.ubereats.com/denver/food-delivery/fior-di-latte/Y95PWjGgSIyMwEWT7W10Zw,boulder-colorado
https://www.ubereats.com/denver/food-delivery/glacier-homemade-ice-cream-east-boulder/SEwkfQqhQXC2sPAYByieHw,boulder-colorado
https://www.ubereats.com/denver/food-delivery/gurkhas-on-the-hill/Ppui7eJ3ScSM3cKrnhtzxQ,boulder-colorado
https://www.ubereats.com/denver/food-delivery/ihop-center/vvuMXZ_nRPWk3TlbBcWHtg,boulder-colorado
https://www.ubereats.com/denver/food-delivery/tangerine-restaurant/Emfhbq83TIaGqdH0AIKENg,boulder-colorado
https://www.ubereats.com/denver/food-delivery/wendys-5350-arapahoe-rd/V0TWRYlJQbWCWZPtzybnvA,boulder-colorado
https://www.ubereats.com/denver/food-delivery/cocolicious/wJp4NEDkSmyjF2wA81Ef9Q,boulder-colorado
https://www.ubereats.com/denver/food-delivery/bacco-trattoria-%26-mozzarella-bar/pvZzQ6_JSxe7fE5z2YO5CA,boulder-colorado
https://www.ubereats.com/denver/food-delivery/outback-steakhouse-988-dillon-road/F95sxozjRPCUF1_PNGF2Kg,boulder-colorado
https://www.ubereats.com/denver/food-delivery/chipotle-mexican-grill-375-mccaslin-blvd-ste-d/-PytUmDCRkOkpH11WSyvkg,boulder-colorado
https://www.ubereats.com/denver/food-delivery/ra-sushi-broomfield/lK4tb-TMQ0GrU-1A6ebtjQ,boulder-colorado
https://www.ubereats.com/denver/food-delivery/breakfast-champion/uUOlq-nfQk6nuZvVJG308g,boulder-colorado
https://www.ubereats.com/denver/food-delivery/rocky-mountain-chocolate-factory/nPKRnOhXQQuDRmekiDZ77Q,boulder-colorado
https://www.ubereats.com/denver/food-delivery/le-frigo/JfRX3cHyS0O82k9Qn87Skg,boulder-colorado
https://www.ubereats.com/denver/food-delivery/lucky-gourmet-deli/WS7HDWmdRn2UcWDF-PnX4w,boulder-colorado
https://www.ubereats.com/denver/food-delivery/noodles-%26-company-2602-baseline-rd/VLAsVNnWSq6G_F561P8Giw,boulder-colorado
https://www.ubereats.com/denver/food-delivery/curry-express/XR6vhvXnR6GB9o1bBth-XQ,boulder-colorado
https://www.ubereats.com/denver/food-delivery/taj-indian-cuisine/7Xejz_TzQPW1obsCWLF45Q,boulder-colorado
https://www.ubereats.com/denver/food-delivery/mr-sake-sushi-%26-grill/8-SKDszGThyeXKSvahEJ3w,boulder-colorado
https://www.ubereats.com/denver/food-delivery/1739-at-the-tune-up/GZUlnxGLSBel5L9mvDRyQA,boulder-colorado
https://www.ubereats.com/denver/food-delivery/boulder-sweet-tooth/Sek7nHnoRoCtbunbb3A9cQ,boulder-colorado
https://www.ubereats.com/denver/food-delivery/chicken-on-the-hill/r8h5nD8iTUKeoFM9dF4VJA,boulder-colorado
https://www.ubereats.com/denver/food-delivery/blackjack-pizza-%26-salads-walnut-st/EH7oV5dqQ-KVAtfD29SzpQ,boulder-colorado
https://www.ubereats.com/denver/food-delivery/bovas/9FRmohoASl-KwPh9F0hDBg,boulder-colorado
https://www.ubereats.com/denver/food-delivery/scratch-kitchen-food-hall/SbL2XpYVRy-0xEq7567ICA,boulder-colorado
https://www.ubereats.com/denver/food-delivery/jerusalem-restaurant-boulder/QFqulCrgQF-c36vbBI-JLA,boulder-colorado
https://www.ubereats.com/denver/food-delivery/oskar-blues-boulder-taproom-boulder/xV9hGz79RVmv3QA-_JURXg,boulder-colorado
https://www.ubereats.com/denver/food-delivery/the-roadhouse-boulder-depot/lmo8f7WiT02t4Gq-AZzReg,boulder-colorado
https://www.ubereats.com/denver/food-delivery/woodgrain-bagels/Yo7ItH_MQe2QmFwP-CM4dA,boulder-colorado
https://www.ubereats.com/denver/food-delivery/red-agave-tequileria-and-cocina/GJL3HrCkQVWROPn5f-VwLg,boulder-colorado
https://www.ubereats.com/denver/food-delivery/curry-n-kebob/VS9ALatVTV-5S0TM04RQhQ,boulder-colorado
https://www.ubereats.com/denver/food-delivery/sweet-cow-ice-cream-louisville/1S_D4yYXS9qGGf0xAMFg8A,boulder-colorado
https://www.ubereats.com/denver/food-delivery/roxies-tacos/p6zG5VjDQ96Rtb9WE0T47g,boulder-colorado
https://www.ubereats.com/denver/food-delivery/daikon-banh-mi-shop/s2TPyy9eRNCymXFU1sw1MQ,boulder-colorado
https://www.ubereats.com/denver/food-delivery/sushi-aji-lafayette/Lay_7LKVR_2wCacY5DVIGA,boulder-colorado
https://www.ubereats.com/denver/food-delivery/t-aco-an-urban-taqueria/1yqTgYo5Qmqo4oyQNnV12w,boulder-colorado
https://www.ubereats.com/denver/food-delivery/qdoba-1625-28th-st/W4qFoOBCTQmlvmltSCGp9w,boulder-colorado
https://www.ubereats.com/denver/food-delivery/cava-1695-29th-st-suite-1248/SZKyKlOLTa67c7oJuKvRbw,boulder-colorado
https://www.ubereats.com/denver/food-delivery/native-foods-boulder/AXHFtRYvSi-MV5WXcJ0lYw,boulder-colorado
https://www.ubereats.com/denver/food-delivery/glacier-homemade-ice-cream-boulder/iCn_Tas5SAC1-mkJZrGbsg,boulder-colorado
https://www.ubereats.com/denver/food-delivery/motorrad-cafe/BLdBHT8DQc60KXEgNdNMZQ,boulder-colorado
https://www.ubereats.com/denver/food-delivery/zeal-boulder/aP_26UswSbKUxm2K0ntEWQ,boulder-colorado
https://www.ubereats.com/denver/food-delivery/mateo/oBegaCTzSSKxA4TZhy66EA,boulder-colorado
https://www.ubereats.com/denver/food-delivery/greenlight-salads-%26-bowls/lr3aqwziQaCPLB3_CIp6Fg,boulder-colorado
https://www.ubereats.com/denver/food-delivery/subway-5290-e-arapahoe-ave/lO2vWEVOTl-8wkb7hcGBYw,boulder-colorado
https://www.ubereats.com/denver/food-delivery/dunkin-3235-28th-st/gCIsjsZnS0i--_Z92WkGLQ,boulder-colorado
https://www.ubereats.com/denver/food-delivery/noodles-%26-company-1245-alpine-ave/dkV_ZgMFRkayjt4zDMbTiw,boulder-colorado
https://www.ubereats.com/denver/food-delivery/club-house-sandwich-bar/d675cRgzSESsUhn73GVboQ,boulder-colorado
https://www.ubereats.com/denver/food-delivery/potbelly-sandwich-shop-boulder-%7C-429/WcFHXw7vQ6K8QphrIpGV5A,boulder-colorado
https://www.ubereats.com/denver/food-delivery/lodel-kitchen/Hlgw8z0sSUyanIDWGT9nUA,boulder-colorado
https://www.ubereats.com/denver/food-delivery/japango/8fgXyUQKR92IvtLkeRm-2A,boulder-colorado
https://www.ubereats.com/denver/food-delivery/burger-king-1770-28th-street/mZtfffQLSzOByYsEASlSIw,boulder-colorado
https://www.ubereats.com/denver/food-delivery/miles-sports-pub-%26-grub/6wA9pt8lSK6fzofQDvFYrg,boulder-colorado
https://www.ubereats.com/denver/food-delivery/button-rock-bakery/F-noj2jITMiYIEcMM03ZUg,boulder-colorado
https://www.ubereats.com/denver/food-delivery/dushanbe-teahouse/IShhfPueR3mnutKEAhM8Rg,boulder-colorado
https://www.ubereats.com/denver/food-delivery/3-margaritas-boulder/47gHPPuDT-eytLp2PVMVxw,boulder-colorado
https://www.ubereats.com/denver/food-delivery/the-sink/R3O2LYlqQKSnWkkaz9rsVw,boulder-colorado
https://www.ubereats.com/denver/food-delivery/firehouse-subs-1695-29th-st/dYgdcCgcQXOehuZ75wnRKg,boulder-colorado
https://www.ubereats.com/denver/food-delivery/sonic-2400-e-coalton-rd/WFD7h47lTAaSuSm2o_Abvw,boulder-colorado
https://www.ubereats.com/denver/food-delivery/aloy-thai-boulder/WceXtnnCRNSIoixZqneUqg,boulder-colorado
https://www.ubereats.com/denver/food-delivery/kilwins-boulder/8qqji1tjRl679WmBmrvLfg,boulder-colorado
https://www.ubereats.com/denver/food-delivery/starbucks-1810-29th-st/lmF8HX6VRweffed52xnoIA,boulder-colorado
https://www.ubereats.com/denver/food-delivery/south-mouth-wings/iVhjtMDoRzGVTKmE8WmYmw,boulder-colorado
https://www.ubereats.com/denver/food-delivery/falafel-king-restaurant/lHGkFL0fQTavQuIqRaAtFA,boulder-colorado
https://www.ubereats.com/denver/food-delivery/alforat/eLoEBN87QZOyKdPflrckVg,boulder-colorado
https://www.ubereats.com/denver/food-delivery/pasta-jays/OlRKCK8TR_2Hz_QDv7pCng,boulder-colorado
https://www.ubereats.com/denver/food-delivery/yellowbelly-boulder/KqWHrChITB6JqSsV_VLA4Q,boulder-colorado
https://www.ubereats.com/denver/food-delivery/larkburger-boulder/RJm8qT5XSlGa1quo6gxVhA,boulder-colorado
https://www.ubereats.com/denver/food-delivery/wendys-2420-baseline-rd/RwxVoCBjTw6aELM9MfFJOw,boulder-colorado
https://www.ubereats.com/denver/food-delivery/rincon-argentino/LWrzMIp3QgG-RHS8ns077w,boulder-colorado
https://www.ubereats.com/denver/food-delivery/fuji-cafe-and-bar/e6JzD1jvSNeTu_PddyqRNg,boulder-colorado
https://www.ubereats.com/denver/food-delivery/sforno-trattoria-romana/EybJnlrvTx-9ilpbCo_wGA,boulder-colorado
https://www.ubereats.com/denver/food-delivery/noodles-%26-company-1600-28th-st-ste-1208/YSIA7dN2QOyzu21C6avUEA,boulder-colorado
https://www.ubereats.com/denver/food-delivery/panera-1855-29th-street/PgcpqJ3gQjeSQ9JPcBgvaw,boulder-colorado
https://www.ubereats.com/denver/food-delivery/tibet-kitchen/wphKFmMwTeiNHl0b-bHTNw,boulder-colorado
https://www.ubereats.com/denver/food-delivery/starbucks-2400-baseline-rd/BnVivMu3RW6MERXzXv5Pmw,boulder-colorado
https://www.ubereats.com/denver/food-delivery/rincon-del-sol/uFw1JDe9S7i-GjE1DH7oMA,boulder-colorado
https://www.ubereats.com/denver/food-delivery/panda-express-2100-1a-28th-street/SIin54AOQVqom3JlYgc-fw,boulder-colorado
https://www.ubereats.com/denver/food-delivery/burger-local/XZ90r93URemyekCocssbIw,boulder-colorado
https://www.ubereats.com/denver/food-delivery/big-daddy-bagels-boulder/QbfiR6nYRGSuKSBF_03BHQ,boulder-colorado
https://www.ubereats.com/denver/food-delivery/smashburger-994-w-dillon-rd/m2mq17CwQCKKUO3U1bKMSA,boulder-colorado
