url,city
https://www.ubereats.com/denver/food-delivery/taco-bell-12480-west-64th-avenue/F_P9moIQSRiumDNwu1dFpw,broomfield-colorado
https://www.ubereats.com/denver/food-delivery/heaven-dragon-chinese-restaurant/reMaAKE3Q32LmhKedkJXUw,broomfield-colorado
https://www.ubereats.com/denver/food-delivery/taco-bell-8760-wadsworth-blvd/nnkzFC31ScKM9HiDokcBPg,broomfield-colorado
https://www.ubereats.com/denver/food-delivery/taco-bell-1220-e-1st-ave/KkxqjxcoSJC79CxE7OZJTQ,broomfield-colorado
https://www.ubereats.com/denver/food-delivery/burger-king-301-west-84th-street/bCf5yJnOTGWxqH54q9a0-w,broomfield-colorado
https://www.ubereats.com/denver/food-delivery/noodles-%26-company-635a-flatiron-marketplace-dr/bNybuDkmSKWgbipNzfuLoA,broomfield-colorado
https://www.ubereats.com/denver/food-delivery/eat!-food-%26-drink/1sgkVwPJQnKX0WV3_9_YJQ,broomfield-colorado
https://www.ubereats.com/denver/food-delivery/long-john-silvers-250-w-136th-ave/rvuonvgATHCKfytWifKB0w,broomfield-colorado
https://www.ubereats.com/denver/food-delivery/papa-murphys-8533-church-ranch-blvd-suite-200/TMn8iIDOQzKrkIiiLPaM4w,broomfield-colorado
https://www.ubereats.com/denver/food-delivery/old-chicago-18-8711-wadsworth-blvd/Qp93VWeNQQmuCyhGK0RX8A,broomfield-colorado
https://www.ubereats.com/denver/food-delivery/kfc-10790-washington-street/L3jzC1CbSAePDCxM5C79kw,broomfield-colorado
https://www.ubereats.com/denver/food-delivery/taco-bell-550-alter-street/v9qYBNaNTRyfjCKxXIE7lQ,broomfield-colorado
https://www.ubereats.com/denver/food-delivery/buffalo-wild-wings-15570-w-64th-ave/Xjeim2gtSRa86ATYzEqruQ,broomfield-colorado
https://www.ubereats.com/denver/food-delivery/ihop-1830/E9OPjig3QJOmVIuJQ-4FBw,broomfield-colorado
https://www.ubereats.com/denver/food-delivery/quiznos-bloomfield/k8i6sRNQTP2wficw-s9Tkw,broomfield-colorado
https://www.ubereats.com/denver/food-delivery/village-inn-16775-washington-street/GLbMhR9nSziWmEvB5JVxuQ,broomfield-colorado
https://www.ubereats.com/denver/food-delivery/dream-bubble-te/Dvz5rWcySJmsbKT5WjPU7A,broomfield-colorado
https://www.ubereats.com/denver/food-delivery/omg-donuts/nSSJg9SmRMuIm73FjaQ2Iw,broomfield-colorado
https://www.ubereats.com/denver/food-delivery/lamars-donuts-wadsworth/nqAeP58fSPKilbWovRThqA,broomfield-colorado
https://www.ubereats.com/denver/food-delivery/pf-changs-1-w-flatiron-circle-unit-500-bldg-5/Oace5WZVT3-k5mBQHmMDFA,broomfield-colorado
https://www.ubereats.com/denver/food-delivery/taco-bell-13732-colorado-blvd/VPFG7LRgT2q5LQotKs18iQ,broomfield-colorado
https://www.ubereats.com/denver/food-delivery/marcos-pizza-6785-120th-street/tdf3-epgQBeDCMwlKpDanA,broomfield-colorado
https://www.ubereats.com/denver/food-delivery/burger-king-1325-e-south-boulder-rd/4OZDnWYFSG64YwsBYgYiww,broomfield-colorado
https://www.ubereats.com/denver/food-delivery/five-guys-co-1763-570-zang-st/_XT5fkG5TVuGGGKjGfyw8A,broomfield-colorado
https://www.ubereats.com/denver/food-delivery/dairy-queen-treat-thornton-plaza-shopping-center/fJAUsgPVSoyl2TbfdkdW0Q,broomfield-colorado
https://www.ubereats.com/denver/food-delivery/original-by-greeks/6ZAQKsbKSfS9WCtzIvwpnw,broomfield-colorado
https://www.ubereats.com/denver/food-delivery/parma-trattoria/PAMdaBClSWyI6qsUBXt73w,broomfield-colorado
https://www.ubereats.com/denver/food-delivery/deli-cious-zs/yFeHn4vGTw2-HaZzfVnZRQ,broomfield-colorado
https://www.ubereats.com/denver/food-delivery/noodles-%26-company-1100-hwy-287-100/aCcYw_5RSAWeJ8KDIgUGYA,broomfield-colorado
https://www.ubereats.com/denver/food-delivery/cb-%26-potts-westminster/_hz53ZAITUqdhnWOtwZaDA,broomfield-colorado
https://www.ubereats.com/denver/food-delivery/bluebird-cafe/yG_YuqgCTF-z0FN5oQgjcQ,broomfield-colorado
https://www.ubereats.com/denver/food-delivery/mariscos-el-berrinches/BeNvXl9bTpCzfxm03BALJw,broomfield-colorado
https://www.ubereats.com/denver/food-delivery/arbys-6648/GdlbWPqqQ6WTT0gjmIRF0w,broomfield-colorado
https://www.ubereats.com/denver/food-delivery/papa-johns-880-e-88th-ave/lMO4ZevIRKe4TEDvSaVUVQ,broomfield-colorado
https://www.ubereats.com/denver/food-delivery/papa-johns-2671-e-120th-ave/phY70Qu4QE6Afin-_q8nkA,broomfield-colorado
https://www.ubereats.com/denver/food-delivery/tibets-food-truck/2WzC4xIOTnm0nMiWQLiWoA,broomfield-colorado
https://www.ubereats.com/denver/food-delivery/macaroni-grill-church-ranch/kJj6P9ZjQBW0aA8De4SzFQ,broomfield-colorado
https://www.ubereats.com/denver/food-delivery/tamale-kitchen-westminster/wBzH50DrSICikteJMAVS7g,broomfield-colorado
https://www.ubereats.com/denver/food-delivery/bawarchi-biryanis/ichtQmd3QAaa8vct5Ituhw,broomfield-colorado
https://www.ubereats.com/denver/food-delivery/los-arcos-express-federal-heights/x5tK3TaISJ-_raBROSSr7A,broomfield-colorado
https://www.ubereats.com/denver/food-delivery/starbucks-10005-grant-st/d0nHf3ObSnmCEUhI_XDZhQ,broomfield-colorado
https://www.ubereats.com/denver/food-delivery/tacos-y-tortas-el-compita/FiWe3TnZSAuWbdcHWEdssQ,broomfield-colorado
https://www.ubereats.com/denver/food-delivery/tokyo-joes-8770-wadsworth-blvd-unit-a/d-dOilpAQTu-aO3471GpFg,broomfield-colorado
https://www.ubereats.com/denver/food-delivery/the-great-greek-mediterranean-grill/S9iV8pamQGO0iyvjoe8fgw,broomfield-colorado
https://www.ubereats.com/denver/food-delivery/the-taj/OOExnEFhRWqARxI5aH8PWg,broomfield-colorado
https://www.ubereats.com/denver/food-delivery/jamba-juice-westminister/6lUWDOAOTZCgyxQnpxRaAA,broomfield-colorado
https://www.ubereats.com/denver/food-delivery/the-old-spaghetti-factory-westminster/6FHCldXkSUyzlEd5j2WAvw,broomfield-colorado
https://www.ubereats.com/denver/food-delivery/chipotle-mexican-grill-10320-federal-blvd-unit-100/0JGNUtWEQ6mUzqvhXPVPcw,broomfield-colorado
https://www.ubereats.com/denver/food-delivery/wendys-9209-sheridan-blvd/3yEnzOanSbKyTJWba0KpSg,broomfield-colorado
https://www.ubereats.com/denver/food-delivery/sonic-9500-north-federal-blvd/yQjn0ifJR7mj6JT5ZTJXxA,broomfield-colorado
https://www.ubereats.com/denver/food-delivery/mcdonalds-72nd-%26-sheridan/FhulcsjfR6qj51EmprCyPQ,broomfield-colorado
https://www.ubereats.com/denver/food-delivery/hot-pot-noodle-house-by-queens-kitchen/DfIMb1F1TSu6dCjUlQX_8A,broomfield-colorado
https://www.ubereats.com/denver/food-delivery/uncle-maddios-pizza-westminster/0AWSgIOTQjSonTEHWCjVKQ,broomfield-colorado
https://www.ubereats.com/denver/food-delivery/bodega-44-tacos-y-things/_HzsI185TOawfxtDQ_EVWw,broomfield-colorado
https://www.ubereats.com/denver/food-delivery/first-watch-broomfield/Qu2epVGISdO0nd5TFGUseA,broomfield-colorado
https://www.ubereats.com/denver/food-delivery/casa-alegre/Z-sS6Q7ERo6DgNFJ9mzc9g,broomfield-colorado
https://www.ubereats.com/denver/food-delivery/plentea/A7VC5J1jQsKMIBQmJzO2rQ,broomfield-colorado
https://www.ubereats.com/denver/food-delivery/mcdonalds-westminster-100/m3O-utCSS6-HsWPQKeDSqg,broomfield-colorado
https://www.ubereats.com/denver/food-delivery/wendys-14857-candelas-pkwy/3yVDRSE1R-WXiVQ-vk3OzA,broomfield-colorado
https://www.ubereats.com/denver/food-delivery/the-arepa-joint/L-C14ryWQ6KiHbzbFZYoIg,broomfield-colorado
https://www.ubereats.com/denver/food-delivery/dunkin-13591-huron-st/VMgeYyIYQou4EhYL_zkNWQ,broomfield-colorado
https://www.ubereats.com/denver/food-delivery/kfc-9185-north-federal-boulevard/3TO7kSZHREm8srNTpeNO2g,broomfield-colorado
https://www.ubereats.com/denver/food-delivery/3-margaritas-orchard-mall/ebTNl-Q9QT2v6prumIGBfg,broomfield-colorado
https://www.ubereats.com/denver/food-delivery/early-bird-restaurant-westminster/ZvGZTEftRNWmZ--hddJBVg,broomfield-colorado
https://www.ubereats.com/denver/food-delivery/starbucks-525-us-hwy-287/0r8fllOdShqa-R9E09cnzg,broomfield-colorado
https://www.ubereats.com/denver/food-delivery/ihop-center/vvuMXZ_nRPWk3TlbBcWHtg,broomfield-colorado
https://www.ubereats.com/denver/food-delivery/subway-104th-federal/HzvCviwITKm7D-99_7WAlg,broomfield-colorado
https://www.ubereats.com/denver/food-delivery/jersey-mikes-subs-2690-w-104th-ave/ra-Z2BiXQeenqHzzSN8bzg,broomfield-colorado
https://www.ubereats.com/denver/food-delivery/wendys-4860-w-120th-ave/neM8xWDZTp6fFytCZZnjUA,broomfield-colorado
https://www.ubereats.com/denver/food-delivery/tgi-fridays-569-thornton-colorado-co/f4ZWmkvPRBSThO6IE44cDg,broomfield-colorado
https://www.ubereats.com/denver/food-delivery/renegade-burrito-westminster/5QnYVN_gSEyJGm_jC22QLQ,broomfield-colorado
https://www.ubereats.com/denver/food-delivery/which-wich-14647-delaware-st/cIs7pTOuQjOVOQoOCqoA9w,broomfield-colorado
https://www.ubereats.com/denver/food-delivery/wendys-10335-federal-blvd/6iI4alHJSVKZtaWGErdgEQ,broomfield-colorado
https://www.ubereats.com/denver/food-delivery/tokyo-joes-1005-w-120th-ave/Pqz7F1lkQt6s_Ymv3ndkjg,broomfield-colorado
https://www.ubereats.com/denver/food-delivery/starbucks-1171-w-120th-ave/SJtsXA_kSCG3FhBnyPN72g,broomfield-colorado
https://www.ubereats.com/denver/food-delivery/kfc-2581-e-120th-ave/fZdD6qxRTtKlb9WBownN0w,broomfield-colorado
https://www.ubereats.com/denver/food-delivery/firehouse-subs-lincoln-st/TcwQovROTOGQcNzIOpQYpw,broomfield-colorado
https://www.ubereats.com/denver/food-delivery/sonic-950-e-120th-avenue/curYUH96SSyCCGZjrvTSsg,broomfield-colorado
https://www.ubereats.com/denver/food-delivery/sushi-aji-lafayette/Lay_7LKVR_2wCacY5DVIGA,broomfield-colorado
https://www.ubereats.com/denver/food-delivery/sweet-cow-ice-cream-louisville/1S_D4yYXS9qGGf0xAMFg8A,broomfield-colorado
https://www.ubereats.com/denver/food-delivery/zoes-coffee-decatur-st/PkF8K2dGTYG4o35-iloEzg,broomfield-colorado
https://www.ubereats.com/denver/food-delivery/big-daddy-bagels-lafayette/m39geFbgS7uZSkhTkbfzGQ,broomfield-colorado
https://www.ubereats.com/denver/food-delivery/paleteria-la-loteria/ivtCnhcpTxeMKgckuyFhVQ,broomfield-colorado
https://www.ubereats.com/denver/food-delivery/jersey-mikes-subs-14452-orchard-parkwaysuite-500/3BcOOOOuSnONuc8MCYPwIw,broomfield-colorado
https://www.ubereats.com/denver/food-delivery/brothers-bbq-broomfield/DO-6c4aJRVaZrP1fPSz2fw,broomfield-colorado
https://www.ubereats.com/denver/food-delivery/miles-sports-pub-%26-grub/6wA9pt8lSK6fzofQDvFYrg,broomfield-colorado
https://www.ubereats.com/denver/food-delivery/arbys-8624/AbT-IR9cQA2FYUd1AFSMxA,broomfield-colorado
https://www.ubereats.com/denver/food-delivery/button-rock-bakery/F-noj2jITMiYIEcMM03ZUg,broomfield-colorado
https://www.ubereats.com/denver/food-delivery/the-broadlands-grill/Pf-fHjriTcCzmCXaceSX8g,broomfield-colorado
https://www.ubereats.com/denver/food-delivery/noodles-%26-company-534-w-south-boulder-rd-unit-a/ulng4lEASnC-Hz41NltPQQ,broomfield-colorado
https://www.ubereats.com/denver/food-delivery/subway-8700-wadsworth-blvd/jH0SZSqARfyq79B8HmQFnA,broomfield-colorado
https://www.ubereats.com/denver/food-delivery/chipotle-mexican-grill-548-w-south-boulder-rd-unit-d/L7yx49GeQ9eZOj2fa4l6Uw,broomfield-colorado
https://www.ubereats.com/denver/food-delivery/benders-bar-%26-grill/JoSCvlOFS_G8NT-Rns18AA,broomfield-colorado
https://www.ubereats.com/denver/food-delivery/menchies-frozen-yogurt-6415-w-104th-ave/IwyCxv-PRv6ylfRHJ-_oZg,broomfield-colorado
https://www.ubereats.com/denver/food-delivery/go-fish-sushi-broomfield/lv13sNOASDqOa7AZMbdITw,broomfield-colorado
https://www.ubereats.com/denver/food-delivery/potbelly-sandwich-shop-thornton-dt-%7C-479/WhtlCGQWSZStF9vfz-uyTg,broomfield-colorado
https://www.ubereats.com/denver/food-delivery/papa-johns-5160-w-120th-ave/HfB8AhPYSeuAAOrTQ6-oMw,broomfield-colorado
https://www.ubereats.com/denver/food-delivery/mad-greens-120th-%26-huron/9OJFp-cLQh2Sw1-klEbwFQ,broomfield-colorado
https://www.ubereats.com/denver/food-delivery/burger-king-6801-west-120th-avenue/ChMqshhQSbCWHrDntgzQyg,broomfield-colorado
https://www.ubereats.com/denver/food-delivery/chipotle-mexican-grill-815-thornton-pkwy/iW2ZtRq_S6C6ZTCjDoUmdQ,broomfield-colorado
https://www.ubereats.com/denver/food-delivery/modern-market-eatery-broomfield/X8Viy9MNQ7ONKDkAzwpqdw,broomfield-colorado
https://www.ubereats.com/denver/food-delivery/hooters-1111-w-120th-ave/lhaHNnmPTuWGpaapBCw4AQ,broomfield-colorado
https://www.ubereats.com/denver/food-delivery/dairy-queen-grill-%26-chill-10140-grant-st/231zQHblToGRPl7cKFHx4A,broomfield-colorado
https://www.ubereats.com/denver/food-delivery/dunkin-7615-w-88th-ave/8j3O-MxkTF2IYOV-I38UaA,broomfield-colorado
https://www.ubereats.com/denver/food-delivery/smashburger-6415-w-104th-ste-100/OOLITU_4Sn-eYX__qSyVzA,broomfield-colorado
https://www.ubereats.com/denver/food-delivery/double-ds-sourdough-pizzeria-%26-tap-house/lSxFTah4RS2tUXd6at1_Kw,broomfield-colorado
https://www.ubereats.com/denver/food-delivery/dickeys-bbq-pit-321-s-mccaslin-blvd-unit-d/VT43InSAR4ayj-c7iiDcqw,broomfield-colorado
https://www.ubereats.com/denver/food-delivery/verde-louisville-640-main-st/Gt8SSLOSRmOrW_WyM02bIA,broomfield-colorado
https://www.ubereats.com/denver/food-delivery/tamale-kitchen-north-glenn/3NFReoLVTwS3cV5KaSCqsA,broomfield-colorado
https://www.ubereats.com/denver/food-delivery/panda-express-16816-sheridan-pkwy/nu7n5OorS2Wn3ipnRMAjBA,broomfield-colorado
https://www.ubereats.com/denver/food-delivery/taco-bell-8401-washington-st/40kOvSQHSI6bqkKNaVYYqA,broomfield-colorado
https://www.ubereats.com/denver/food-delivery/taco-bell-450-w-south-boulder-rd/NsGsSi59SBCRNMe6gpbYvw,broomfield-colorado
https://www.ubereats.com/denver/food-delivery/still-smokin/BfPKUDf0TiSFnigRVxFVDw,broomfield-colorado
https://www.ubereats.com/denver/food-delivery/nighthawk-brewery/2ZtNvkAkRKOD0LZh9QiXvQ,broomfield-colorado
https://www.ubereats.com/denver/food-delivery/popeyes-74-w-flatiron-crossing-drive/i03jjFzbQ9ap1HLZ9TSzLA,broomfield-colorado
https://www.ubereats.com/denver/food-delivery/papa-murphys-765-e-south-boulder-rd/nSPerE2ZRkWSrdZS1nGBLw,broomfield-colorado
https://www.ubereats.com/denver/food-delivery/tuk-tuk-thai-westminster/YSOxmUenQeyrAf_YfBjRoA,broomfield-colorado
https://www.ubereats.com/denver/food-delivery/buffalo-wild-wings-16540-washington-st/Hp5Ep7V_QluzWMLExHDMyQ,broomfield-colorado
https://www.ubereats.com/denver/food-delivery/subway-thornton/N0c_dwcfSs-bccLG6wybxQ,broomfield-colorado
https://www.ubereats.com/denver/food-delivery/yak-%26-yeti-restaurant-%26-brewpub-westminster/4L8bNqgHT9mzjXAUlphW0w,broomfield-colorado
https://www.ubereats.com/denver/food-delivery/costa-vida-fresh-mexican-grill-14315-orchard-pkwy/6Ls_gIK6RSWlWqT2cbLrxw,broomfield-colorado
https://www.ubereats.com/denver/food-delivery/mcdonalds-thornton-co-120th-%26-washington/63c7dojeTlukUWjY9-HkCA,broomfield-colorado
https://www.ubereats.com/denver/food-delivery/qdoba-mexican-grill-459-s-mccaslin-blvd-suite-1/ikD3qnOQQ8SR_g6KIogKjA,broomfield-colorado
https://www.ubereats.com/denver/food-delivery/zona-cero-la-casa-del-rock/JH_hu07XRHyo_mv6AgDGUw,broomfield-colorado
https://www.ubereats.com/denver/food-delivery/red-robin-20-1-west-flatiron-cir/5ahY7LhHSPiNEL0LxB32Bg,broomfield-colorado
https://www.ubereats.com/denver/food-delivery/lazy-dog-restaurant-%26-bar-westminster/RRWAdC2kQ0WWuL3_5ubCrA,broomfield-colorado
https://www.ubereats.com/denver/food-delivery/beltrans-meat-market-and-grill/oPek4mHHREGgoN8oRdaGHg,broomfield-colorado
https://www.ubereats.com/denver/food-delivery/panda-express-550-e-144th-ave/aD92Lk1jSr6zXETVEMKh6Q,broomfield-colorado
https://www.ubereats.com/denver/food-delivery/master-tea-136th-%26-zuni/yPVR1HkHRJCZhRriWDRT8w,broomfield-colorado
https://www.ubereats.com/denver/food-delivery/village-tavern-broomfield/bTs8gkKfQVGhN1pbmju-ng,broomfield-colorado
https://www.ubereats.com/denver/food-delivery/carls-jr-13630-orchard-pkwy/i-Xjh4EPR4eHwI0Aq_L8QQ,broomfield-colorado
https://www.ubereats.com/denver/food-delivery/taco-bell-6390-sheridan-blvd/0sLbDoG9TjKN14fn0TAU0A,broomfield-colorado
https://www.ubereats.com/denver/food-delivery/3-agaves-mexican-grill/C7pPKbwMSmurMYdmAJeN3g,broomfield-colorado
https://www.ubereats.com/denver/food-delivery/burger-king-5255-west-80th-avenue/6CtesIfyT9q37GLcECM9wQ,broomfield-colorado
https://www.ubereats.com/denver/food-delivery/johnnys-italian-steakhouse/wzl70iQ1RUCGrd6lR0CLfw,broomfield-colorado
https://www.ubereats.com/denver/food-delivery/tip-top-savory-pies/eJpra2cuQh2MvUkMLf39pQ,broomfield-colorado
https://www.ubereats.com/denver/food-delivery/donut-time/SEMjFaxeTByW39aszaXqsg,broomfield-colorado
https://www.ubereats.com/denver/food-delivery/cleopatra/1quCtAUdTVO4qocYTimXHA,broomfield-colorado
https://www.ubereats.com/denver/food-delivery/dickeys-barbecue-restaurant-1255-e-1st-ave/O4xBWO-rS3i-WNImGb3xog,broomfield-colorado
https://www.ubereats.com/denver/food-delivery/mcdonalds-broomfieldco-flatirons/9YsSDqByRmGARptRpsMg2w,broomfield-colorado
https://www.ubereats.com/denver/food-delivery/dairy-queen-grill-%26-chill-11631-w-64th-ave/xShdcwBGQmevJhoOsfC6Mw,broomfield-colorado
https://www.ubereats.com/denver/food-delivery/marys-mountain-cookies/zt6ApNMiRpyROdwnQLBHOw,broomfield-colorado
https://www.ubereats.com/denver/food-delivery/mad-greens-dillon-%26-mccaslin/TYb3lU1hTcaXOJGGNPzANQ,broomfield-colorado
https://www.ubereats.com/denver/food-delivery/la-torteria/AAdHHBrTRSK7BW46NVzJkA,broomfield-colorado
https://www.ubereats.com/denver/food-delivery/los-3-garcias-mexican-restaurant-arvada/k146MhsXQbaX_u4RmrQhsg,broomfield-colorado
https://www.ubereats.com/denver/food-delivery/mt-fuji-japanese-sushi-%26-hibachi-restaurant-arvada/lE9HHS8YQUK7EbvwaO6SGQ,broomfield-colorado
https://www.ubereats.com/denver/food-delivery/subway-3700-w-144-ave/83vXOWCOQIexSOiihgT1hg,broomfield-colorado
https://www.ubereats.com/denver/food-delivery/cuba-cuba-sandwicheria-lincoln-st/_9cPnFdCSk--XHdgB52NNg,broomfield-colorado
https://www.ubereats.com/denver/food-delivery/chipotle-mexican-grill-951-e-120th-ave-unit-a/0qSnpf4IT8-PXmHJRAI-8A,broomfield-colorado
https://www.ubereats.com/denver/food-delivery/deleon-cafe/LeRGnUBTRSWPXaGJg0x6iA,broomfield-colorado
https://www.ubereats.com/denver/food-delivery/blackjack-pizza-westminster/T3joPM4qSE6yJ5MsDTNVkw,broomfield-colorado
https://www.ubereats.com/denver/food-delivery/jack-in-the-box-5165-kipling-st/1pSjNm0ATgmIP26TAlJZiA,broomfield-colorado
https://www.ubereats.com/denver/food-delivery/old-chicago-9-3909-east-120th-ave/dFJ9ShnAS82XxJ4ykRXMmg,broomfield-colorado
https://www.ubereats.com/denver/food-delivery/smashburger-14375-orchard-pkwy/_gucODwkSW23KrODZ_Ld9g,broomfield-colorado
https://www.ubereats.com/denver/food-delivery/durbar-nepalese-indian-bistro/sVoLxmD0TL2XkbvNBLJWAg,broomfield-colorado
https://www.ubereats.com/denver/food-delivery/arepas-caribbean-food/N7A3S-_RRAmLzbBn-sP0xQ,broomfield-colorado
https://www.ubereats.com/denver/food-delivery/panda-express-301-center-drive/p79M1YvpTxaC4quWre2s4g,broomfield-colorado
https://www.ubereats.com/denver/food-delivery/arbys-8684/0CEuvquORvOhike1FLZI_A,broomfield-colorado
https://www.ubereats.com/denver/food-delivery/red-lobster-1350-west-104th-ave/HA6FXv6QQFiVn7DL2sXjFA,broomfield-colorado
https://www.ubereats.com/denver/food-delivery/6601-bonefish-grill-10438-towncenter-drive/_SNy6t6hT0-iQ6dEBPnoBA,broomfield-colorado
https://www.ubereats.com/denver/food-delivery/the-garlic-knot-thornton/VhLubwhRSK28GuqnBbovdw,broomfield-colorado
https://www.ubereats.com/denver/food-delivery/taco-bell-2005-w-136th-ave/nHxUJbTkQF-MbNYFlKh2KQ,broomfield-colorado
https://www.ubereats.com/denver/food-delivery/noodles-%26-company-14375-orchard-pkwy-ste-600/yuzybSBVRHKpTFrHYwDymA,broomfield-colorado
https://www.ubereats.com/denver/food-delivery/great-scotts-eatery-denver/0MeGAEnaT0i4hUiVH5Rtyg,broomfield-colorado
https://www.ubereats.com/denver/food-delivery/jack-in-the-box-9703-washington-st/uXx0SOTuT9y9zJ_vX635aw,broomfield-colorado
https://www.ubereats.com/denver/food-delivery/red-robin-587-799-w-146th-ave/Oy6PCuFXQkOH0Ksverh5xA,broomfield-colorado
https://www.ubereats.com/denver/food-delivery/renegade-burrito-thornton/U1-u4ypgTVaQoTDZySfMeA,broomfield-colorado
https://www.ubereats.com/denver/food-delivery/subway-8025-sheridan-blvd/nQkIoHvsR9qwHyYpxfF1eg,broomfield-colorado
https://www.ubereats.com/denver/food-delivery/panda-express-7165-sheridan-blvd/bnOys6c-SD615rl_zclklA,broomfield-colorado
https://www.ubereats.com/denver/food-delivery/mr-sake-sushi-%26-grill/8-SKDszGThyeXKSvahEJ3w,broomfield-colorado
https://www.ubereats.com/denver/food-delivery/five-guys-co-1591-4480-west-121st-ave/buRNTlq9RSOV1kJJnOzqMg,broomfield-colorado
https://www.ubereats.com/denver/food-delivery/smashburger-2690-w-104th-ave-ste-100/mAUbNqeiTxKnh9rHKWXcJg,broomfield-colorado
https://www.ubereats.com/denver/food-delivery/applebees-297-east-120th-avenue-%2384050/upUysIefQYWxN4pDcix4eA,broomfield-colorado
https://www.ubereats.com/denver/food-delivery/arbys-8549/-MkbtVLpTNGC458wR-A0JA,broomfield-colorado
https://www.ubereats.com/denver/food-delivery/five-guys-co-1840-14326-lincoln-st/yGMIe56iTO2enCIL6Nb0lw,broomfield-colorado
https://www.ubereats.com/denver/food-delivery/bandar/VlUnbq2bRdG8v3U_VipjMw,broomfield-colorado
https://www.ubereats.com/denver/food-delivery/everest-cafe/XNvPuYg0Q9mZRJi_lj751A,broomfield-colorado
https://www.ubereats.com/denver/food-delivery/taco-star-thornton/pC2JIQJBSUiH4OWHZ_rB9g,broomfield-colorado
https://www.ubereats.com/denver/food-delivery/taco-river-westminster/entXlg0IQc2ihA6zzDsTkw,broomfield-colorado
https://www.ubereats.com/denver/food-delivery/east-moon-asian-bistro-%26-sushi-westminister/DBnrPVU5ToiRnbBF4sPKSg,broomfield-colorado
https://www.ubereats.com/denver/food-delivery/subway-136th-and-colorado/1bebWIyvTAq4V5DFI9b5oA,broomfield-colorado
https://www.ubereats.com/denver/food-delivery/qdoba-mexican-grill-10431-town-center-dr-suite-600/Niq55gtmQu23JuCyl6ABLQ,broomfield-colorado
https://www.ubereats.com/denver/food-delivery/riccos-burritos/dHbf3R1tR--F5Q6NYt__hg,broomfield-colorado
https://www.ubereats.com/denver/food-delivery/gordos-mexican-restaurant/NzpLktOZQ3iSzPmneUnUBA,broomfield-colorado
https://www.ubereats.com/denver/food-delivery/hot-pho/-hrTXdvtQi-BPVADT51CoA,broomfield-colorado
https://www.ubereats.com/denver/food-delivery/orange-crunch-filipino-staples-and-delights/ezhHAH6HTGyESKDmfgK4rw,broomfield-colorado
https://www.ubereats.com/denver/food-delivery/pho-78-broomfield/WOTmWI2HQ0mSnmy4julKLg,broomfield-colorado
https://www.ubereats.com/denver/food-delivery/buffalo-wild-wings-10436-town-center-dr-ste-100/-nJqXRfyTBaw1T3s_N2_7A,broomfield-colorado
https://www.ubereats.com/denver/food-delivery/old-chicago-521280-east-1st-avenue/GfUgH2RVSRqiDbv9YlXY9g,broomfield-colorado
https://www.ubereats.com/denver/food-delivery/buffalo-wild-wings-8350-w-80th-ave/LRwSTZpqRpWQKd8Gja2DfQ,broomfield-colorado
https://www.ubereats.com/denver/food-delivery/oscars-kabob-and-gyros/dwaJNLoOTee4PwA7lNMfSQ,broomfield-colorado
https://www.ubereats.com/denver/food-delivery/charleys-philly-steaks-denver-premium-outlets/-MROcNxJQSS7iAHGray9Dg,broomfield-colorado
https://www.ubereats.com/denver/food-delivery/the-doughnut-club-broomfield/lYAVsXWUTT25CeYJ9JNEKA,broomfield-colorado
https://www.ubereats.com/denver/food-delivery/zucca-italian-ristorante/SX9be8dMTr6WWzpWk_ZapA,broomfield-colorado
https://www.ubereats.com/denver/food-delivery/pita-pit-westminster/L9-kKel2Rii49lVMvlGVIw,broomfield-colorado
https://www.ubereats.com/denver/food-delivery/mcdonalds-denver-w-104th/yMg9fLHUS8mZwNcAuRvb7Q,broomfield-colorado
https://www.ubereats.com/denver/food-delivery/rush-bowls-broomfield/44sqzMT6QW-RAuqMnYLfpA,broomfield-colorado
https://www.ubereats.com/denver/food-delivery/popeyes-12051-huron-st/tqTDnrOmTv-2_eJrkWovSw,broomfield-colorado
https://www.ubereats.com/denver/food-delivery/jays-grille-%26-bar/l_kQfvSbQyaUdVPpUUiEpw,broomfield-colorado
https://www.ubereats.com/denver/food-delivery/bjs-restaurant-%26-brewhouse-10446-town-center-drive/4jSVoJFZQZaCJPTMZw7eXw,broomfield-colorado
https://www.ubereats.com/denver/food-delivery/papa-johns-8025-sheridan-blvd/zYq1bt1JSIO4a1SlkdOgIQ,broomfield-colorado
https://www.ubereats.com/denver/food-delivery/smashburger-832-e-120th-ave/Kih-KAtCRuyuq92zAOg3CA,broomfield-colorado
https://www.ubereats.com/denver/food-delivery/smashburger-994-w-dillon-rd/m2mq17CwQCKKUO3U1bKMSA,broomfield-colorado
https://www.ubereats.com/denver/food-delivery/the-chicken-coup-westminster/2HRigPmhTlyMLAufv6igcg,broomfield-colorado
https://www.ubereats.com/denver/food-delivery/the-original-chubbys-mexican-food-westminster/CBGouPuTSViGJ-Up7y4ZSQ,broomfield-colorado
https://www.ubereats.com/denver/food-delivery/cinzzettis-pizza-%26-pasta/nLQczf5zRne6HNyhuXAAbw,broomfield-colorado
https://www.ubereats.com/denver/food-delivery/applebees-6405-w-120th-avenue-%2384042/db3ttJ7eR4arVXzW96n7QA,broomfield-colorado
https://www.ubereats.com/denver/food-delivery/himalayan-curry-house/qRJ7DPOGTpq-zuNCiM_kCQ,broomfield-colorado
https://www.ubereats.com/denver/food-delivery/your-pie-pizza-thornton/MnSyCy6vT6K73KOPSg0iNw,broomfield-colorado
https://www.ubereats.com/denver/food-delivery/asti-d-italia/UHk4WheQTa6tYpwE9o9W5g,broomfield-colorado
https://www.ubereats.com/denver/food-delivery/slavinka-cafe/E_jW0HGDSHKnLGoIkhr72w,broomfield-colorado
https://www.ubereats.com/denver/food-delivery/mcdonalds-broomfld-hwy-287/LIo9RB2eRnOP1Iq-befhww,broomfield-colorado
https://www.ubereats.com/denver/food-delivery/panda-express-901-east-120th-ave-unit-a/1Iaynu-kRgesozT0MmFEyg,broomfield-colorado
https://www.ubereats.com/denver/food-delivery/papa-murphys-2355-w-136th-ave-suite-c-118/s0y0fC_qQFi4ManN0yNjqg,broomfield-colorado
https://www.ubereats.com/denver/food-delivery/one-vietnamese-restaurant/zU6nx5HGTf69Wrm-DtyiCA,broomfield-colorado
https://www.ubereats.com/denver/food-delivery/5280-burger-bar-westminster/cwH6cQJISciPVwSOQUVerg,broomfield-colorado
https://www.ubereats.com/denver/food-delivery/dessert-stand-%26-waffle-cakes/IiGKOu2KS026t4Ki_ZnV5g,broomfield-colorado
https://www.ubereats.com/denver/food-delivery/the-simple-greek-%2346/TzY7GNAqSP6a0A7CbhpCsQ,broomfield-colorado
https://www.ubereats.com/denver/food-delivery/dairy-queen-treat-flat-iron-crossing-1-w-flati/4dPkEvb0QvaIf8V_lftZXw,broomfield-colorado
https://www.ubereats.com/denver/food-delivery/boston-market-9269-sheridan-blvd/Rxbh5_6jRf6P00miSwtghg,broomfield-colorado
https://www.ubereats.com/denver/food-delivery/menchies-frozen-yogurt-535-s-boulder-rd/Aci4rl05S7aSbMU5ngNzzQ,broomfield-colorado
https://www.ubereats.com/denver/food-delivery/south-philly-cheese-steaks-arvada/y2Xp38dTTWq-ODf5XPZTrQ,broomfield-colorado
https://www.ubereats.com/denver/food-delivery/firehouse-subs-lafayette/bE2iekJNQPCUyFfsZ1uwuQ,broomfield-colorado
https://www.ubereats.com/denver/food-delivery/subway-1621-coalton-rd/A21ytep2S0e7bUaew0R8Wg,broomfield-colorado
https://www.ubereats.com/denver/food-delivery/taqueria-la-esperanza/7wHa8Ye_R3aqGT0k7fW6Ng,broomfield-colorado
https://www.ubereats.com/denver/food-delivery/delvickios-italian/-w-segT7TyK-pXrb_jo79g,broomfield-colorado
https://www.ubereats.com/denver/food-delivery/arbys-397/0nNBeSKnTEW5lz3Ot5i4WA,broomfield-colorado
https://www.ubereats.com/denver/food-delivery/chipotle-mexican-grill-8797-wadsworth-blvd/SdZyYKvvQgKKkOsRrouuQA,broomfield-colorado
https://www.ubereats.com/denver/food-delivery/3-chicks-kitchen/-s9Y1GhaRR-_En3FN2laMQ,broomfield-colorado
https://www.ubereats.com/denver/food-delivery/arista-deli-%26-coffee/Q8k9JdWoRiOZXV9WMmM5FA,broomfield-colorado
https://www.ubereats.com/denver/food-delivery/golden-corral-9751-grant-st/Gz0u4QGcQbafQ5s0Ju9h9w,broomfield-colorado
https://www.ubereats.com/denver/food-delivery/firehouse-subs-superior-plaza/p278mh82QVaKuli8ZUEaJQ,broomfield-colorado
https://www.ubereats.com/denver/food-delivery/the-dapper-doughnut/S9KmtM0cTl-qLCdjyR-14Q,broomfield-colorado
https://www.ubereats.com/denver/food-delivery/shopeys-sandwiches/Zpwgmv9SQPiG1LPC-tmsOA,broomfield-colorado
https://www.ubereats.com/denver/food-delivery/arbys-1972/T6T4U_V0Se-6rxp33T9Alg,broomfield-colorado
https://www.ubereats.com/denver/food-delivery/firehouse-subs-thornton/0U0AFikPShuAihudtVLAaw,broomfield-colorado
https://www.ubereats.com/denver/food-delivery/carls-jr-4211-e-104th-ave/NLgN9nSnTWKYcyHovJ0ClA,broomfield-colorado
https://www.ubereats.com/denver/food-delivery/qdoba-mexican-grill-4550-w-121st-ave-suite-c/ZZN71z-ISk6SgXsq99Qpjg,broomfield-colorado
https://www.ubereats.com/denver/food-delivery/3-margaritas-wheat-ridge/cZ16FG4DQpC5pfXtcHsm7Q,broomfield-colorado
https://www.ubereats.com/denver/food-delivery/mile-high-pho/_KVpX1JjSxGrbHQRiS2DyQ,broomfield-colorado
https://www.ubereats.com/denver/food-delivery/saltgrass-8931-north-yates-street/Tjve5YA-QlST_O5JY99mbw,broomfield-colorado
https://www.ubereats.com/denver/food-delivery/fazolis-460-e-120th-ave/krkcnfUeQbaiMcjd8ar_lg,broomfield-colorado
https://www.ubereats.com/denver/food-delivery/la-belle-french-bakery/uqdGrwzLSPqZXeBovMd0bw,broomfield-colorado
https://www.ubereats.com/denver/food-delivery/ihop-3581/oN2nz4SPTMKN-5TJ0eaGEA,broomfield-colorado
https://www.ubereats.com/denver/food-delivery/the-butchery-steaks-chops-%26-seafood/-Ep6OKtnT5iF2U3KgxVJcQ,broomfield-colorado
https://www.ubereats.com/denver/food-delivery/master-tea-120th-%26-main/IXTig5l4Sq6-L9cZV84Cgw,broomfield-colorado
https://www.ubereats.com/denver/food-delivery/south-philly-cheese-steaks-thornton/DVewmSIDRH6m0KS5W_2gbA,broomfield-colorado
https://www.ubereats.com/denver/food-delivery/starbucks-459-s-mccaslin-blvd/l8YdTJwnTZGpU92QG-9okg,broomfield-colorado
https://www.ubereats.com/denver/food-delivery/qdoba-mexican-grill-1005-w-120th-ave-suite-100/mGmV6Ki7TqWQuvSA0nuSuQ,broomfield-colorado
https://www.ubereats.com/denver/food-delivery/taco-bell-3901-e-120th-ave/uuh5xY19TVyRdHf-uIahTA,broomfield-colorado
https://www.ubereats.com/denver/food-delivery/dennys-3291-youngfield-service-road/DuuO7JPVSxGHVo7lmIX01Q,broomfield-colorado
https://www.ubereats.com/denver/food-delivery/massinos-pizzeria/aAC9E4wuQ_uPGSry5JPB8A,broomfield-colorado
https://www.ubereats.com/denver/food-delivery/mod-pizza-diamond-circle/g_SY2MeGQY6fmy7xJdbrjA,broomfield-colorado
https://www.ubereats.com/denver/food-delivery/firehouse-subs-64th-ave/SOgTrtyqRmqYv30H7L3-bA,broomfield-colorado
https://www.ubereats.com/denver/food-delivery/sonic-10051-wadsworth-parkway/7lEp_Bg-Q76j3IPEFdsjJg,broomfield-colorado
https://www.ubereats.com/denver/food-delivery/yogurt-brothers/4GIXE6XeRY2mfvKXhDN1LQ,broomfield-colorado
https://www.ubereats.com/denver/food-delivery/taco-bell-60-w-flatiron-crossing-dr/J13apsLtRJu9MFpEsBNuRA,broomfield-colorado
https://www.ubereats.com/denver/food-delivery/the-real-deal-smoothies-%26-latin-food/lYr_FwzfRYWM2BfqRwEjdQ,broomfield-colorado
https://www.ubereats.com/denver/food-delivery/qdoba-14575-west-64th-ave/EYI4g94BSoGgUJR8OoGNRQ,broomfield-colorado
https://www.ubereats.com/denver/food-delivery/cold-stone-10443-town-center-drive/nsVNkm-OTHyTsdTRK9xvVQ,broomfield-colorado
https://www.ubereats.com/denver/food-delivery/wendys-12000-melody-dr/82OiIRhpT4-0z9SI1u9gsQ,broomfield-colorado
https://www.ubereats.com/denver/food-delivery/qdoba-mexican-grill-635-b-flatiron-marketplace-dr/mIxBpkgJSmuzMyIIicTY5w,broomfield-colorado
https://www.ubereats.com/denver/food-delivery/illegal-burger-arvada/cOj0tnKdRUy4MLeL8hMjOg,broomfield-colorado
https://www.ubereats.com/denver/food-delivery/wendys-437-state-highway-7/pim5LYN1Sf-Ss_rjx0qDDg,broomfield-colorado
https://www.ubereats.com/denver/food-delivery/jersey-mikes-subs-westminster-12003-n-pecos-street/OFbBfFdoQRqw2KNKXzm7Pw,broomfield-colorado
https://www.ubereats.com/denver/food-delivery/el-jefe-tacos-%26-burritos/VLoR71wOQCqOvDvssrf-bw,broomfield-colorado
https://www.ubereats.com/denver/food-delivery/buca-di-beppo-broomfield/Yf55_yCRQNm1yQl6VUl0GQ,broomfield-colorado
https://www.ubereats.com/denver/food-delivery/wendys-2681-e-120th-ave/dPir-uS-QxSjbpAB4CG7OQ,broomfield-colorado
https://www.ubereats.com/denver/food-delivery/cracker-barrel-old-country-store-350-west-120th-avenue/0I_Y4tj3RcCnX-lYtAFSlw,broomfield-colorado
https://www.ubereats.com/denver/food-delivery/wendys-150-east-144th-ave/Wm-y0Ly4TeuKyzpKZJzP-g,broomfield-colorado
https://www.ubereats.com/denver/food-delivery/qdoba-mexican-grill-3804-e-120th-ave/yynqW-hsSD-Bi30PdhWlKg,broomfield-colorado
https://www.ubereats.com/denver/food-delivery/el-mirador-mexican-restaurant/v0ofT9GRTn6cAr5wuBuRCw,broomfield-colorado
https://www.ubereats.com/denver/food-delivery/burger-king-650-east-120th-avenue/pqW1VgX2TMaSOsm-UEmnqw,broomfield-colorado
https://www.ubereats.com/denver/food-delivery/outback-steakhouse-988-dillon-road/F95sxozjRPCUF1_PNGF2Kg,broomfield-colorado
https://www.ubereats.com/denver/food-delivery/godfathers-pizza-thornton/CU6TWuOLQ0i8tPHsAj3Ahw,broomfield-colorado
https://www.ubereats.com/denver/food-delivery/famous-daves-bbq-thornton/G8Ypv3IpSvqxlzSyNR0sLg,broomfield-colorado
https://www.ubereats.com/denver/food-delivery/starbucks-16769-n-washington-st-lakeridge/TgLEeXBtRfqcpy58jLSOnw,broomfield-colorado
https://www.ubereats.com/denver/food-delivery/mcdonalds-westminster-co-128th-%26-zuni/roySJ-k-R1OmQotWO3acrQ,broomfield-colorado
https://www.ubereats.com/denver/food-delivery/chipotle-mexican-grill-375-mccaslin-blvd-ste-d/-PytUmDCRkOkpH11WSyvkg,broomfield-colorado
https://www.ubereats.com/denver/food-delivery/ra-sushi-broomfield/lK4tb-TMQ0GrU-1A6ebtjQ,broomfield-colorado
https://www.ubereats.com/denver/food-delivery/fat-shack-thornton/BDHyN6rDSN2LY_hrCO5J4Q,broomfield-colorado
https://www.ubereats.com/denver/food-delivery/parrys-pizzeria-%26-taphouse-northglenn/9Dp2X2qJTuGRN7h9zPD50w,broomfield-colorado
https://www.ubereats.com/denver/food-delivery/subway-9987-wadsworth-parkway/w8oaHQtGRSGA0WNTuigxjg,broomfield-colorado
https://www.ubereats.com/denver/food-delivery/wendys-1905-w-6th-ave/tfvWCi-1QK2M5Cs-UsMeig,broomfield-colorado
https://www.ubereats.com/denver/food-delivery/jersey-mikes-subs-westminster-7159-w-88th-ave/nchrrIokTg6DCXkSgkuBaQ,broomfield-colorado
https://www.ubereats.com/denver/food-delivery/mayans-mexican-restaurant/m3aJyJblR-iw8NvNFKMkGw,broomfield-colorado
https://www.ubereats.com/denver/food-delivery/emperor-palace/WLddaYIHSQKMWHDcKZG_Ug,broomfield-colorado
https://www.ubereats.com/denver/food-delivery/applebees-9010-n-wadsworth-parkway-%2384041/k76b4ufKSCOMHFjrseG7eQ,broomfield-colorado
https://www.ubereats.com/denver/food-delivery/3-sons-italian-restaurant/IZAUWxcJRUyhk2DM39mPqg,broomfield-colorado
https://www.ubereats.com/denver/food-delivery/park-burger-arvada/vPB7iVnlQiWlY8H_whCj3Q,broomfield-colorado
https://www.ubereats.com/denver/food-delivery/cracovia-polish-restaurant/1L-7pYx2RAGtfDe1GDvFDQ,broomfield-colorado
https://www.ubereats.com/denver/food-delivery/kfc-250-w-136th-avenue/oucIytvISSauem8eLXvc4Q,broomfield-colorado
https://www.ubereats.com/denver/food-delivery/zoes-kitchen-4550-main-street-unit-600/6_NjhsulT6m5cZYuO1JwZw,broomfield-colorado
https://www.ubereats.com/denver/food-delivery/taste-of-philly/sjETUPbYQzGhmzkThCfGFw,broomfield-colorado
https://www.ubereats.com/denver/food-delivery/las-potrancas/OnDbu91kQTuJGqUqZQBdUw,broomfield-colorado
https://www.ubereats.com/denver/food-delivery/emilios-almost-famous/1dqiAIijQQW_dO8e-POO_g,broomfield-colorado
https://www.ubereats.com/denver/food-delivery/chipotle-mexican-grill-3294-youngfield-st-ste-a/HL3tC0tFTVSQsotMXNLXhA,broomfield-colorado
https://www.ubereats.com/denver/food-delivery/renegade-burrito/40Nl2uKkSKGxREeafOexog,broomfield-colorado
https://www.ubereats.com/denver/food-delivery/wendys-8750-wadsworth-blvd/Hf_pGjNSSDqBaHZ-P_bPWw,broomfield-colorado
https://www.ubereats.com/denver/food-delivery/taco-bell-3050-youngfield-st/ihHw5JdOQ2yImK0f-ZUYpg,broomfield-colorado
https://www.ubereats.com/denver/food-delivery/wing-squad-broomfield/F9rcdQ1zRniHMd3xO25h9Q,broomfield-colorado
https://www.ubereats.com/denver/food-delivery/meenas-restaraunt/tMxRHpjIQqSbUa38ztH0SA,broomfield-colorado
https://www.ubereats.com/denver/food-delivery/infuzed-soda-bar/VBRGs0PoTBmvURzfYsuBoA,broomfield-colorado
https://www.ubereats.com/denver/food-delivery/mcdonalds-thornton-120th/eMhMwn4mTDOD7O_b5cigcw,broomfield-colorado
https://www.ubereats.com/denver/food-delivery/cava-4550-main-st-unit-600/Uz_qzNYwRfKdXQqfci1u5w,broomfield-colorado
https://www.ubereats.com/denver/food-delivery/sonic-2400-e-coalton-rd/WFD7h47lTAaSuSm2o_Abvw,broomfield-colorado
https://www.ubereats.com/denver/food-delivery/arbys-5926/dI2sLhJ0TU2leX_IikIYCQ,broomfield-colorado
https://www.ubereats.com/denver/food-delivery/twin-peaks-299-e-flatiron-crossing-dr/_D7vrR5aStWe9CnFOkfQbg,broomfield-colorado
https://www.ubereats.com/denver/food-delivery/blackjack-pizza-arvada/yBQy2EQ3SdygDdh2hlSK3A,broomfield-colorado
https://www.ubereats.com/denver/food-delivery/wendys-4101-e-136th-ave/sgWkd93YTdeRaPLHCSsCBg,broomfield-colorado
https://www.ubereats.com/denver/food-delivery/noodles-%26-company-3824-e-120th-ave/nRB5FEeeQHmqEkYx8_co6w,broomfield-colorado
https://www.ubereats.com/denver/food-delivery/today-hawaii-bbq/-qPLTuE7TZeRevHYONDTWQ,broomfield-colorado
https://www.ubereats.com/denver/food-delivery/qdoba-mexican-grill-9379-sheridan-blvd-suite-100/Y-3gRabCS4CxstKOoBr79w,broomfield-colorado
https://www.ubereats.com/denver/food-delivery/taco-bell-1298-east-104th-avenue/oZ4TQ5cKQIWmUc-huuT3Lw,broomfield-colorado
https://www.ubereats.com/denver/food-delivery/outback-steakhouse-497-east-120th-avenue/akT3QFZBQLyQ8upADDNwVw,broomfield-colorado
https://www.ubereats.com/denver/food-delivery/taco-bell-10402-s-belle-creek-drive/vfsir_92Ty6FJQ4dhejXkA,broomfield-colorado
https://www.ubereats.com/denver/food-delivery/gque-bbq/DasuJIzJQpSOhzOb_zSz6Q,broomfield-colorado
https://www.ubereats.com/denver/food-delivery/la-fogata/B9U1l0OuT2quHGGrRFgVzw,broomfield-colorado
https://www.ubereats.com/denver/food-delivery/huhot-mongolian-grill-14697-delaware-st-ste-1500/QXLONPFFQkupBpbwXxSjDQ,broomfield-colorado
https://www.ubereats.com/denver/food-delivery/smoking-fins-grill-arvada/JzAEnZ0ASXGJ-WsF6Luo9g,broomfield-colorado
https://www.ubereats.com/denver/food-delivery/anthonys-ii/WzkSK15RTGyEC8eIvvtNaQ,broomfield-colorado
https://www.ubereats.com/denver/food-delivery/pho-78-westminster/p9wav_hxQlmESNgvUKXiug,broomfield-colorado
https://www.ubereats.com/denver/food-delivery/starbucks-1137-diamond-circle/LZKY7BKoRPCLvmEAe1C1lQ,broomfield-colorado
https://www.ubereats.com/denver/food-delivery/starbucks-9379-sheridan-blvd/k6n8kMhqS36tqWQwajKxTw,broomfield-colorado
https://www.ubereats.com/denver/food-delivery/hana-matsuri-sushi-westminster/31N9y5d4TiKpm1_vWVTnrQ,broomfield-colorado
https://www.ubereats.com/denver/food-delivery/tlaquesalsa/laGrBxphSg2gMTDlL27ucg,broomfield-colorado
https://www.ubereats.com/denver/food-delivery/churchs-chicken-8661-n-washington-street/EvLTZaHjQnyC1ojrawq_zA,broomfield-colorado
https://www.ubereats.com/denver/food-delivery/mini-indias-restaurant/eJjgUGidSUiMoHEepAWAEg,broomfield-colorado
https://www.ubereats.com/denver/food-delivery/rock-a-billies/Ze-Z47K2SUSs109du4482w,broomfield-colorado
https://www.ubereats.com/denver/food-delivery/sushi-star/MgZsWb0sRxO0rQ4y9IxRcw,broomfield-colorado
https://www.ubereats.com/denver/food-delivery/sugarfire-smoke-house/s-1MhnhFTFOZDJ1zwwrHyw,broomfield-colorado
https://www.ubereats.com/denver/food-delivery/saigon-bowl-thornton/PN7txXbLQcmqSokQAggJUw,broomfield-colorado
https://www.ubereats.com/denver/food-delivery/subway-120th-washington/KsvQEZpAQly7P5E5Hf2UOA,broomfield-colorado
https://www.ubereats.com/denver/food-delivery/outback-steakhouse-9329-north-sheridan-boulevard/EzW8domyRYyj-eD__mvp4w,broomfield-colorado
https://www.ubereats.com/denver/food-delivery/village-inn-395-west-120th-avenue/eFNgGxmnScuHcxeKD20WzA,broomfield-colorado
https://www.ubereats.com/denver/food-delivery/taco-bell-555-w-104th-ave/5-5pLvGLTWKgsLHmWKihHg,broomfield-colorado
https://www.ubereats.com/denver/food-delivery/panera-14415-delaware-st/AyktC07CTP-dlkreGo1gEA,broomfield-colorado
https://www.ubereats.com/denver/food-delivery/cheddars-casual-cafe-10250-grant-st/6z-peRLHSBCavjZ334NNBA,broomfield-colorado
https://www.ubereats.com/denver/food-delivery/subway-400-w-south-boulder-rd/mczzUyq-QAGYfcGve8ctSA,broomfield-colorado
https://www.ubereats.com/denver/food-delivery/panda-express-8461-church-ranch-blvd/y06bjricTtGloqBgDYYEcA,broomfield-colorado
https://www.ubereats.com/denver/food-delivery/arbys-8548/cEfauRVGQwuxqOXPUdW_Tg,broomfield-colorado
https://www.ubereats.com/denver/food-delivery/blackjack-pizza-6450-w-120th-ave/KDwWmzdZQnqNQwH59qaBXQ,broomfield-colorado
https://www.ubereats.com/denver/food-delivery/taj-mahal/QxngQhXlRo2TNz6XQJcBSg,broomfield-colorado
https://www.ubereats.com/denver/food-delivery/the-happy-sumo-orchard-town-center/MbbuSNAWRZq7Dx0IAONXag,broomfield-colorado
https://www.ubereats.com/denver/food-delivery/mod-pizza-mccaslin-marketplace/vGwfnKeUTluHXSOcxenMvA,broomfield-colorado
https://www.ubereats.com/denver/food-delivery/kneaders-bakery-%26-cafe-arvada/QlOY7ChDSNa4uimbi7alAA,broomfield-colorado
https://www.ubereats.com/denver/food-delivery/jersey-mikes-subs-westminster-10398-reed-street/n082i9KSS6GtfViqxJcV8g,broomfield-colorado
https://www.ubereats.com/denver/food-delivery/fat-shack-wheat-ridge/ZKOKqe-MSYycrbki11TRUg,broomfield-colorado
https://www.ubereats.com/denver/food-delivery/del-taco-595-summit-blvd/9ONAAwxZQvGCN7GBaxW_0g,broomfield-colorado
https://www.ubereats.com/denver/food-delivery/jack-in-the-box-2105-w-136th/HK6fASQWTx6verWzXBy7Cw,broomfield-colorado
https://www.ubereats.com/denver/food-delivery/pza-broomfield/QwR7yb6GT7uWm93Kqz6RYg,broomfield-colorado
https://www.ubereats.com/denver/food-delivery/mcdonalds-120th-%26-sheridan/32SVk_PyTZKQ5taMBfGKpA,broomfield-colorado
https://www.ubereats.com/denver/food-delivery/cold-stone-creamery-15400-w-64th-ave-bldg-e/Ks6bB1U9Sc2Ho8uZXVyPcA,broomfield-colorado
https://www.ubereats.com/denver/food-delivery/machi-ramen/SYQ9kxCtSAWBUN4fTfHI6Q,broomfield-colorado
https://www.ubereats.com/denver/food-delivery/stirfry88/qOO0qYe4QF20qmkL-luw1A,broomfield-colorado
https://www.ubereats.com/denver/food-delivery/kfc-6400-west-120th-avenue/nbqqE1EET7GYEXt6wi-w8Q,broomfield-colorado
https://www.ubereats.com/denver/food-delivery/3-margaritas-broomfield/20I_-AdMTcOjmamQI29fNw,broomfield-colorado
https://www.ubereats.com/denver/food-delivery/taco-bell-7221-pecos-st/PqwoypuxQxGXQP-ny9ohTw,broomfield-colorado
https://www.ubereats.com/denver/food-delivery/the-garlic-knot-westminster/2T79uqw4SZqPhqgkifHokQ,broomfield-colorado
https://www.ubereats.com/denver/food-delivery/sonic-3605-e-104th-avenue/r5zCa0ytTriv-5mLpD27qQ,broomfield-colorado
https://www.ubereats.com/denver/food-delivery/biscuit-bar/Q5b4uUjbTYSYac0_itMUtg,broomfield-colorado
https://www.ubereats.com/denver/food-delivery/sweetwater-station/vbFqOp8cTOa9TEpw8TWp0g,broomfield-colorado
https://www.ubereats.com/denver/food-delivery/cracovia/z6bzyFsyTFij5BHRZAy65g,broomfield-colorado
https://www.ubereats.com/denver/food-delivery/jackie-chan-chinese-kitchen/7mnHRZxxRPiluTBTsc_U9Q,broomfield-colorado
https://www.ubereats.com/denver/food-delivery/mcdonalds-thornton-102-ave/h8wxcKGdSDyJapSXeTngzw,broomfield-colorado
https://www.ubereats.com/denver/food-delivery/navah-coffee/BS_9TLXiSIK7cm0APxLP2g,broomfield-colorado
https://www.ubereats.com/denver/food-delivery/zaika-indian-cuisine/fXpBDh3UQdWwssIzEd24pg,broomfield-colorado
https://www.ubereats.com/denver/food-delivery/starbucks-2800-rock-creek-blvd/ckmxMnZ2Rs6i_mfyM6rBgA,broomfield-colorado
https://www.ubereats.com/denver/food-delivery/great-scotts-eatery-broomfield-co/BvDfKXC0Q3m3SA6P19dCtg,broomfield-colorado
https://www.ubereats.com/denver/food-delivery/caribou-coffee-10611-westminster-blvd/qLc3nzh7RF-CYdwNk-ya-Q,broomfield-colorado
https://www.ubereats.com/denver/food-delivery/jersey-mikes-subs-321-s-mccaslin-blvd-louisville/LFjzXQhzTyC0atdqG_hssA,broomfield-colorado
https://www.ubereats.com/denver/food-delivery/smashburger-2755-dagny-way/YA3FntBNSwS-LRaX6SR8ag,broomfield-colorado
https://www.ubereats.com/denver/food-delivery/mtfuji-hibachi-westminster/19poFgfdTj-vMPK2jB4jEw,broomfield-colorado
https://www.ubereats.com/denver/food-delivery/jasons-deli-broomfield/GYhiDwlnRTaD-TdNWFbnvQ,broomfield-colorado
https://www.ubereats.com/denver/food-delivery/cold-stone-creamery-1281-e-120th-ave/cd2hA4YkSGagWHwvpdl20w,broomfield-colorado
https://www.ubereats.com/denver/food-delivery/chipotle-mexican-grill-7303-federal-blvd-unit-1/RTxNk0bqS0OMojDWKz9uyw,broomfield-colorado
https://www.ubereats.com/denver/food-delivery/joes-crab-shack-8911-n-yates-street/kntQIUgPTw6ypWUr3bas6A,broomfield-colorado
https://www.ubereats.com/denver/food-delivery/the-delectable-egg-westminster/Wl5nBJJNQfGYQNkxyJgEfw,broomfield-colorado
https://www.ubereats.com/denver/food-delivery/deli-zone-depot-hill/wTM39-MCTtWPYQ3sXaHgEw,broomfield-colorado
https://www.ubereats.com/denver/food-delivery/qdoba-mexican-grill-10018-grant-st/oT9dXxYxTOOVqf5R0UAmIw,broomfield-colorado
https://www.ubereats.com/denver/food-delivery/3-margaritas-thorton/TdZxBgrATZiR5t7Pj48Xtw,broomfield-colorado
https://www.ubereats.com/denver/food-delivery/california-pizza-kitchen-1-west-flatiron-circle-%231120/k1-LFlCASou0rLSse1El-g,broomfield-colorado
https://www.ubereats.com/denver/food-delivery/colorado-breakfast-llc/CMBgaOa-QfKQTX329qjBLA,broomfield-colorado
https://www.ubereats.com/denver/food-delivery/atlanta-bread-northglenn/oqt2AKNETZGXRsr_tEUyDQ,broomfield-colorado
https://www.ubereats.com/denver/food-delivery/dairy-queen-treat-774-w-120th-ave/uUvIuD7tRDCpee4Hum2CLQ,broomfield-colorado
https://www.ubereats.com/denver/food-delivery/3-margaritas-westminster/3_piEpg_To2U7drSfX9k4A,broomfield-colorado
https://www.ubereats.com/denver/food-delivery/burger-king-7613-west-88th-avenue/HAUt99HFSAG19fgRdFz_QQ,broomfield-colorado
https://www.ubereats.com/denver/food-delivery/waikiki-poke/dSk41B1XSMeiebG-oycZHg,broomfield-colorado
https://www.ubereats.com/denver/food-delivery/sonic-2440-w-128th-ave/7YsutCyeTjCPd5A2ATvGvg,broomfield-colorado
https://www.ubereats.com/denver/food-delivery/auntie-annes-1-w-flatiron-crossing-dr-space-2234/3KiEEZU0TIiLRnvXFTPp3Q,broomfield-colorado
https://www.ubereats.com/denver/food-delivery/star-sushi-restaurant/ldWr2eC3TVG1MRCsnkrUuw,broomfield-colorado
https://www.ubereats.com/denver/food-delivery/noodles-%26-company-4530-w-121st-ave/UxlGvNTzT3ulX6zjf81OFQ,broomfield-colorado
https://www.ubereats.com/denver/food-delivery/red-agave-tequileria-and-cocina/GJL3HrCkQVWROPn5f-VwLg,broomfield-colorado
https://www.ubereats.com/denver/food-delivery/mod-pizza-westminster-promenade/CrlMus8dSb2Z9hyrMKdCFg,broomfield-colorado
https://www.ubereats.com/denver/food-delivery/tangerine-lafayette/X8bU47_YT4eKWEmEQQqXPg,broomfield-colorado
https://www.ubereats.com/denver/food-delivery/best-philly-steak/Kmuh14KkQo-Swbf6p9UrIg,broomfield-colorado
https://www.ubereats.com/denver/food-delivery/the-huckleberry/rzM4sXVgQoiDw0SIbeA7zQ,broomfield-colorado
https://www.ubereats.com/denver/food-delivery/subway-4651-w-121st-ave/pLhzEYGWQvGEyWr3ca_KdA,broomfield-colorado
https://www.ubereats.com/denver/food-delivery/wendys-455-s-boulder-rd/V43wZ3L7RO6N07Xs_CVDpw,broomfield-colorado
https://www.ubereats.com/denver/food-delivery/qdoba-8031-wadsworth-blvd/tnWvdFYDRBWnxVnhuvJv2g,broomfield-colorado
https://www.ubereats.com/denver/food-delivery/taco-star-northglenn/sAS5pWAMTHO6F3v1EHG1yA,broomfield-colorado
https://www.ubereats.com/denver/food-delivery/hacienda-colorado-westminster/e18s-D8ITfWGKZ34fMkqZw,broomfield-colorado
https://www.ubereats.com/denver/food-delivery/chipotle-mexican-grill-5160-w-120th-ave-unit-b/2LtiBN9CQ8OoIeGew8HBvQ,broomfield-colorado
https://www.ubereats.com/denver/food-delivery/taco-bell-5325-west-80th-ave/Q6dz5rohQdqI7SJRxXpH_g,broomfield-colorado
https://www.ubereats.com/denver/food-delivery/subway-555-hwy-287/O-o1xxcbSvCeWefZ6bciKg,broomfield-colorado
https://www.ubereats.com/denver/food-delivery/zona-cero-la-casa-del-rock-en-espanol/N2rsrqikSMGOi1kf9wW2yg,broomfield-colorado
https://www.ubereats.com/denver/food-delivery/okinawa-sushi-northglenn/DhSKkUX4Q_q4avnHgdzRCg,broomfield-colorado
https://www.ubereats.com/denver/food-delivery/jamba-juice-northglenn/R9iXVmk_T6mUG4Ozzp7JMA,broomfield-colorado
https://www.ubereats.com/denver/food-delivery/mcdonalds-104th-%26-colo-ave/NeWPcDwOSpaQkwRfoo7uWA,broomfield-colorado
https://www.ubereats.com/denver/food-delivery/bleu-sage-cafe/eizGBY-qT4q2JeSydbBMhA,broomfield-colorado
https://www.ubereats.com/denver/food-delivery/noodles-%26-company-10355-federal-blvd-unit-h/fA1QGJc2QIyPpljvuRxAMQ,broomfield-colorado
https://www.ubereats.com/denver/food-delivery/uncle-julios-hacienda-colorado-wheat-ridge/67AqTVtcTGK-JDPRFmCx4Q,broomfield-colorado
https://www.ubereats.com/denver/food-delivery/hippos-mexican-burgers-and-more/K-naofJ1SOu6KaRPaalg0g,broomfield-colorado
https://www.ubereats.com/denver/food-delivery/panda-express-2680-w-104th-ave/OX-nbXQwTEmQfYlw_TmNRw,broomfield-colorado
https://www.ubereats.com/denver/food-delivery/first-watch-northglenn/UYDMwAKXQVWlW-SMsqnkVw,broomfield-colorado
https://www.ubereats.com/denver/food-delivery/el-pollo-feliz/eKOx30xvTSaCbxwgkdUqhg,broomfield-colorado
https://www.ubereats.com/denver/food-delivery/chipotle-mexican-grill-14452-orchard-pkwy/-IuyXvCcTaG2lxR5ELrvbA,broomfield-colorado
https://www.ubereats.com/denver/food-delivery/sonic-drive-in-8711-washington-st/zmNYW9A9RwG9Srhi4WR86g,broomfield-colorado
https://www.ubereats.com/denver/food-delivery/chipotle-mexican-grill-12550-w-64th-ave/hqxYkmHTS827kKaYUlzWaw,broomfield-colorado
