url,city
https://www.ubereats.com/denver/food-delivery/delfinas-sweets/LGaV_VcPT0SLAxjJ7HLbjw,henderson-colorado
https://www.ubereats.com/denver/food-delivery/taco-mex/EntfdzIlTmSCOs-Q0Ps5Zg,henderson-colorado
https://www.ubereats.com/denver/food-delivery/3-margaritas-brighton/TvRhZ8z3Tn-NKMmxOgdHNA,henderson-colorado
https://www.ubereats.com/denver/food-delivery/subway-104th-%26-colorado/WyxtyfKWT7qGKd4V7Okgng,henderson-colorado
https://www.ubereats.com/denver/food-delivery/churchs-chicken-7295-e-64th-avenue/fapdtxQ1RyGqC2U0JIepVA,henderson-colorado
https://www.ubereats.com/denver/food-delivery/tamale-kitchen-denver/Rsky7FUrT92DyXjwIaCAkw,henderson-colorado
https://www.ubereats.com/denver/food-delivery/churchs-chicken-8661-n-washington-street/EvLTZaHjQnyC1ojrawq_zA,henderson-colorado
https://www.ubereats.com/denver/food-delivery/chipotle-mexican-grill-815-thornton-pkwy/iW2ZtRq_S6C6ZTCjDoUmdQ,henderson-colorado
https://www.ubereats.com/denver/food-delivery/cinzzettis-pizza-%26-pasta/nLQczf5zRne6HNyhuXAAbw,henderson-colorado
https://www.ubereats.com/denver/food-delivery/dairy-queen-grill-%26-chill-10140-grant-st/231zQHblToGRPl7cKFHx4A,henderson-colorado
https://www.ubereats.com/denver/food-delivery/subway-120th-colorado/wtXUOafbT1eYYj7e0uMlaQ,henderson-colorado
https://www.ubereats.com/denver/food-delivery/hooters-1111-w-120th-ave/lhaHNnmPTuWGpaapBCw4AQ,henderson-colorado
https://www.ubereats.com/denver/food-delivery/asti-d-italia/UHk4WheQTa6tYpwE9o9W5g,henderson-colorado
https://www.ubereats.com/denver/food-delivery/himalayan-curry-house/qRJ7DPOGTpq-zuNCiM_kCQ,henderson-colorado
https://www.ubereats.com/denver/food-delivery/your-pie-pizza-thornton/MnSyCy6vT6K73KOPSg0iNw,henderson-colorado
https://www.ubereats.com/denver/food-delivery/slavinka-cafe/E_jW0HGDSHKnLGoIkhr72w,henderson-colorado
https://www.ubereats.com/denver/food-delivery/panda-express-901-east-120th-ave-unit-a/1Iaynu-kRgesozT0MmFEyg,henderson-colorado
https://www.ubereats.com/denver/food-delivery/dairy-queen-grill-%26-chill-2564-e-bridge-st/OkLQS0Z2SyW4Fyd6-xjUgw,henderson-colorado
https://www.ubereats.com/denver/food-delivery/buffet-city/iR7yMszxRsapBGowM04e3A,henderson-colorado
https://www.ubereats.com/denver/food-delivery/kfc-10790-washington-street/L3jzC1CbSAePDCxM5C79kw,henderson-colorado
https://www.ubereats.com/denver/food-delivery/kfc-4880-n-tower-road/r_WFz5taRayu1wC4fbmDIQ,henderson-colorado
https://www.ubereats.com/denver/food-delivery/applebees-922-s-4th-ave/dcYxniwnRUqj96W3hk3lpw,henderson-colorado
https://www.ubereats.com/denver/food-delivery/sugarfire-smoke-house/s-1MhnhFTFOZDJ1zwwrHyw,henderson-colorado
https://www.ubereats.com/denver/food-delivery/ihop-1830/E9OPjig3QJOmVIuJQ-4FBw,henderson-colorado
https://www.ubereats.com/denver/food-delivery/kfc-15495-e-andrews-drive/Kat2zvgGTTmlGyO3C_8pCQ,henderson-colorado
https://www.ubereats.com/denver/food-delivery/tamale-kitchen-north-glenn/3NFReoLVTwS3cV5KaSCqsA,henderson-colorado
https://www.ubereats.com/denver/food-delivery/saigon-bowl-thornton/PN7txXbLQcmqSokQAggJUw,henderson-colorado
https://www.ubereats.com/denver/food-delivery/cuba-cuba-sandwicheria-northfield/HsgSITulTo6t9Zb8loHXXA,henderson-colorado
https://www.ubereats.com/denver/food-delivery/gordi-buena-mexican-restaurant/-XJC3zEXS-2k_ZZHEn1ePQ,henderson-colorado
https://www.ubereats.com/denver/food-delivery/panda-express-16816-sheridan-pkwy/nu7n5OorS2Wn3ipnRMAjBA,henderson-colorado
https://www.ubereats.com/denver/food-delivery/taco-bell-8401-washington-st/40kOvSQHSI6bqkKNaVYYqA,henderson-colorado
https://www.ubereats.com/denver/food-delivery/subway-120th-washington/KsvQEZpAQly7P5E5Hf2UOA,henderson-colorado
https://www.ubereats.com/denver/food-delivery/golden-town-chinese/6NIZxMk1T0-R34WidH1Aow,henderson-colorado
https://www.ubereats.com/denver/food-delivery/village-inn-395-west-120th-avenue/eFNgGxmnScuHcxeKD20WzA,henderson-colorado
https://www.ubereats.com/denver/food-delivery/taco-bell-13732-colorado-blvd/VPFG7LRgT2q5LQotKs18iQ,henderson-colorado
https://www.ubereats.com/denver/food-delivery/taco-bell-555-w-104th-ave/5-5pLvGLTWKgsLHmWKihHg,henderson-colorado
https://www.ubereats.com/denver/food-delivery/popeyes-9747-washington-street/iAVjNxdoTuuFDl7W-kxVtw,henderson-colorado
https://www.ubereats.com/denver/food-delivery/losjimadores/uC7wW7chRCyC4HQRJt1Ncw,henderson-colorado
https://www.ubereats.com/denver/food-delivery/dairy-queen-treat-thornton-plaza-shopping-center/fJAUsgPVSoyl2TbfdkdW0Q,henderson-colorado
https://www.ubereats.com/denver/food-delivery/arbys-8508/najDPdC-QqOCEkyyLEI7YA,henderson-colorado
https://www.ubereats.com/denver/food-delivery/cheddars-casual-cafe-10250-grant-st/6z-peRLHSBCavjZ334NNBA,henderson-colorado
https://www.ubereats.com/denver/food-delivery/subway-10401-belle-creek-blvd/ZViWZHmHQ9KT9ey_T2VTlQ,henderson-colorado
https://www.ubereats.com/denver/food-delivery/papa-johns-10401-belle-creek-blvd/jOHQ0BKHTaafhfx66id2_g,henderson-colorado
https://www.ubereats.com/denver/food-delivery/buffalo-wild-wings-16540-washington-st/Hp5Ep7V_QluzWMLExHDMyQ,henderson-colorado
https://www.ubereats.com/denver/food-delivery/bluebird-cafe/yG_YuqgCTF-z0FN5oQgjcQ,henderson-colorado
https://www.ubereats.com/denver/food-delivery/del-taco-18260-east-104th-ave/r9wNoZ_tQpiQXB10fPbloQ,henderson-colorado
https://www.ubereats.com/denver/food-delivery/cb-%26-potts-westminster/_hz53ZAITUqdhnWOtwZaDA,henderson-colorado
https://www.ubereats.com/denver/food-delivery/wendys-70-w-bromley-ln/KDTGwkTDQBOCKo2d4vwVvg,henderson-colorado
https://www.ubereats.com/denver/food-delivery/blackjack-pizza-6450-w-120th-ave/KDwWmzdZQnqNQwH59qaBXQ,henderson-colorado
https://www.ubereats.com/denver/food-delivery/papa-johns-880-e-88th-ave/lMO4ZevIRKe4TEDvSaVUVQ,henderson-colorado
https://www.ubereats.com/denver/food-delivery/jack-in-the-box-6015-e-parkway-dr/MhlJABSCTQG2_5Jpne5S8g,henderson-colorado
https://www.ubereats.com/denver/food-delivery/taco-bell-4105-chambers-road/9-AeZDDVSFainAotX_TIow,henderson-colorado
https://www.ubereats.com/denver/food-delivery/the-happy-sumo-orchard-town-center/MbbuSNAWRZq7Dx0IAONXag,henderson-colorado
https://www.ubereats.com/denver/food-delivery/papa-johns-2671-e-120th-ave/phY70Qu4QE6Afin-_q8nkA,henderson-colorado
https://www.ubereats.com/denver/food-delivery/jack-in-the-box-64-w-bromley-lane/1ZQKQsBdSymrKAew4UhXxQ,henderson-colorado
https://www.ubereats.com/denver/food-delivery/costa-vida-fresh-mexican-grill-14315-orchard-pkwy/6Ls_gIK6RSWlWqT2cbLrxw,henderson-colorado
https://www.ubereats.com/denver/food-delivery/mcdonalds-thornton-co-120th-%26-washington/63c7dojeTlukUWjY9-HkCA,henderson-colorado
https://www.ubereats.com/denver/food-delivery/golden-corral-9751-grant-st/Gz0u4QGcQbafQ5s0Ju9h9w,henderson-colorado
https://www.ubereats.com/denver/food-delivery/starbucks-10339-tower-road/lmQdcjziT-iReUOg6t8SBA,henderson-colorado
https://www.ubereats.com/denver/food-delivery/teds-philly-cheese-steaks-%26-mexican-grill/q1kaSN_PSJ-3cbyMIGBCfA,henderson-colorado
https://www.ubereats.com/denver/food-delivery/taco-river-s-main-st/y1GCtpCFRgSqX493EKtbCg,henderson-colorado
https://www.ubereats.com/denver/food-delivery/arbys-293/HXCDSqY0SIOaOHrQ7xk1Dw,henderson-colorado
https://www.ubereats.com/denver/food-delivery/sonic-10319-tower-road/aZZuWcENQMimx8epM4TMDA,henderson-colorado
https://www.ubereats.com/denver/food-delivery/papa-murphys-13691-colorado-blvd/p0h92R1MTfKuwd6YyoXUpw,henderson-colorado
https://www.ubereats.com/denver/food-delivery/urban-sombrero-bar-%26-grill-40th-ave/L12wDy4TTIWjxrqCnbY77g,henderson-colorado
https://www.ubereats.com/denver/food-delivery/lazy-dog-restaurant-%26-bar-westminster/RRWAdC2kQ0WWuL3_5ubCrA,henderson-colorado
https://www.ubereats.com/denver/food-delivery/jersey-mikes-subs-6691-n-tower-road/DfQx62ytTxitNGFu3bFAUw,henderson-colorado
https://www.ubereats.com/denver/food-delivery/cold-stone-creamery-245-pavilions-pl/9xlnzZ9ERvGlmIBGXzWQ9Q,henderson-colorado
https://www.ubereats.com/denver/food-delivery/los-arcos-express-federal-heights/x5tK3TaISJ-_raBROSSr7A,henderson-colorado
https://www.ubereats.com/denver/food-delivery/churchs-chicken-4820-chambers-road/HCF-GGjsSSqfPh6KzF3u3w,henderson-colorado
https://www.ubereats.com/denver/food-delivery/starbucks-10005-grant-st/d0nHf3ObSnmCEUhI_XDZhQ,henderson-colorado
https://www.ubereats.com/denver/food-delivery/starbucks-3894-e-120th-ave/E5tEcfExSsGRDld3mYaABQ,henderson-colorado
https://www.ubereats.com/denver/food-delivery/tacos-y-tortas-el-compita/FiWe3TnZSAuWbdcHWEdssQ,henderson-colorado
https://www.ubereats.com/denver/food-delivery/arbys-1972/T6T4U_V0Se-6rxp33T9Alg,henderson-colorado
https://www.ubereats.com/denver/food-delivery/beltrans-meat-market-and-grill/oPek4mHHREGgoN8oRdaGHg,henderson-colorado
https://www.ubereats.com/denver/food-delivery/carls-jr-4211-e-104th-ave/NLgN9nSnTWKYcyHovJ0ClA,henderson-colorado
https://www.ubereats.com/denver/food-delivery/panda-express-550-e-144th-ave/aD92Lk1jSr6zXETVEMKh6Q,henderson-colorado
https://www.ubereats.com/denver/food-delivery/firehouse-subs-thornton/0U0AFikPShuAihudtVLAaw,henderson-colorado
https://www.ubereats.com/denver/food-delivery/qdoba-mexican-grill-4550-w-121st-ave-suite-c/ZZN71z-ISk6SgXsq99Qpjg,henderson-colorado
https://www.ubereats.com/denver/food-delivery/the-great-greek-mediterranean-grill/S9iV8pamQGO0iyvjoe8fgw,henderson-colorado
https://www.ubereats.com/denver/food-delivery/master-tea-136th-%26-zuni/yPVR1HkHRJCZhRriWDRT8w,henderson-colorado
https://www.ubereats.com/denver/food-delivery/eberts-terrace/Cic3zmf9TeKUQh5TbLL-Qg,henderson-colorado
https://www.ubereats.com/denver/food-delivery/south-philly-cheese-steaks-brighton/RuxHGk4nRkulFdUsDO0S0Q,henderson-colorado
https://www.ubereats.com/denver/food-delivery/jack-in-the-box-2105-w-136th/HK6fASQWTx6verWzXBy7Cw,henderson-colorado
https://www.ubereats.com/denver/food-delivery/wendys-4020-chambers-rd/R4w1cKAUQraeJEHFys6nGg,henderson-colorado
https://www.ubereats.com/denver/food-delivery/stirfry88/qOO0qYe4QF20qmkL-luw1A,henderson-colorado
https://www.ubereats.com/denver/food-delivery/jamba-juice-westminister/6lUWDOAOTZCgyxQnpxRaAA,henderson-colorado
https://www.ubereats.com/denver/food-delivery/subway-7101-e-128th-ave/He2DchExSQmvGieneBjLtA,henderson-colorado
https://www.ubereats.com/denver/food-delivery/el-camaron-loco-commerce-city/Xe0L_hHSS8ywkAw2BCsE6Q,henderson-colorado
https://www.ubereats.com/denver/food-delivery/los-robles-mexican-food/xwBEjg-WSdWrOArYhTMgsg,henderson-colorado
https://www.ubereats.com/denver/food-delivery/carls-jr-13630-orchard-pkwy/i-Xjh4EPR4eHwI0Aq_L8QQ,henderson-colorado
https://www.ubereats.com/denver/food-delivery/sonic-4671-tower-rd/wXjrkBTARTOu3p5jloCjJg,henderson-colorado
https://www.ubereats.com/denver/food-delivery/taco-bell-2121-prairie-center-pkwy/jS-u5GpRQx230ZGoIg_H-g,henderson-colorado
https://www.ubereats.com/denver/food-delivery/fazolis-460-e-120th-ave/krkcnfUeQbaiMcjd8ar_lg,henderson-colorado
https://www.ubereats.com/denver/food-delivery/panda-express-15481-e-104th-ave/mdvgnS5VTv-xjLg9Epn_Dw,henderson-colorado
https://www.ubereats.com/denver/food-delivery/la-belle-french-bakery/uqdGrwzLSPqZXeBovMd0bw,henderson-colorado
https://www.ubereats.com/denver/food-delivery/ihop-3581/oN2nz4SPTMKN-5TJ0eaGEA,henderson-colorado
https://www.ubereats.com/denver/food-delivery/jersey-mikes-subs-denver-8381-e-northfield-blvd/ph_jUei5SemNUEitqSz-UA,henderson-colorado
https://www.ubereats.com/denver/food-delivery/sonic-3605-e-104th-avenue/r5zCa0ytTriv-5mLpD27qQ,henderson-colorado
https://www.ubereats.com/denver/food-delivery/south-philly-cheese-steaks-thornton/DVewmSIDRH6m0KS5W_2gbA,henderson-colorado
https://www.ubereats.com/denver/food-delivery/qdoba-mexican-grill-1005-w-120th-ave-suite-100/mGmV6Ki7TqWQuvSA0nuSuQ,henderson-colorado
https://www.ubereats.com/denver/food-delivery/taco-bell-3901-e-120th-ave/uuh5xY19TVyRdHf-uIahTA,henderson-colorado
https://www.ubereats.com/denver/food-delivery/mcdonalds-thornton-102-ave/h8wxcKGdSDyJapSXeTngzw,henderson-colorado
https://www.ubereats.com/denver/food-delivery/navah-coffee/BS_9TLXiSIK7cm0APxLP2g,henderson-colorado
https://www.ubereats.com/denver/food-delivery/subway-104th-tower/iLRGinEtSkClyb1PtEJOmQ,henderson-colorado
https://www.ubereats.com/denver/food-delivery/wendys-15581-east-104th-ave/6DPKgyl2TcmA9ZM-sInXMg,henderson-colorado
https://www.ubereats.com/denver/food-delivery/mcdonalds-104th-and-hwy-85/gzDF7RhTQcaAiKwN0iuHNQ,henderson-colorado
https://www.ubereats.com/denver/food-delivery/yogurt-brothers/4GIXE6XeRY2mfvKXhDN1LQ,henderson-colorado
https://www.ubereats.com/denver/food-delivery/qdoba-15470-andrews-dr/xmmwq7M0TLStXn443UnLgQ,henderson-colorado
https://www.ubereats.com/denver/food-delivery/buffalo-wild-wings-2025-prairie-center-pkwy/--TMv59QSDydsyDM7jQ8Aw,henderson-colorado
https://www.ubereats.com/denver/food-delivery/la-torteria/AAdHHBrTRSK7BW46NVzJkA,henderson-colorado
https://www.ubereats.com/denver/food-delivery/starbucks-8410-pearl-st/rLN9z2l0S_6gO6jcU6a8MA,henderson-colorado
https://www.ubereats.com/denver/food-delivery/plentea/A7VC5J1jQsKMIBQmJzO2rQ,henderson-colorado
https://www.ubereats.com/denver/food-delivery/anthonys-pizza-%26-pasta-gateway-park/QgWGoaqORw68B-LBc8bGAg,henderson-colorado
https://www.ubereats.com/denver/food-delivery/burger-king-11953-holly-st/EbCFnH3DS1CxC9knz1AxSQ,henderson-colorado
https://www.ubereats.com/denver/food-delivery/cuba-cuba-sandwicheria-lincoln-st/_9cPnFdCSk--XHdgB52NNg,henderson-colorado
https://www.ubereats.com/denver/food-delivery/chipotle-mexican-grill-951-e-120th-ave-unit-a/0qSnpf4IT8-PXmHJRAI-8A,henderson-colorado
https://www.ubereats.com/denver/food-delivery/jersey-mikes-subs-westminster-12003-n-pecos-street/OFbBfFdoQRqw2KNKXzm7Pw,henderson-colorado
https://www.ubereats.com/denver/food-delivery/3-margaritas-orchard-mall/ebTNl-Q9QT2v6prumIGBfg,henderson-colorado
https://www.ubereats.com/denver/food-delivery/mcdonalds-thornton-128th-and-quebec/v9Ri8MYRTuKj9pDba1Bs_A,henderson-colorado
https://www.ubereats.com/denver/food-delivery/old-chicago-9-3909-east-120th-ave/dFJ9ShnAS82XxJ4ykRXMmg,henderson-colorado
https://www.ubereats.com/denver/food-delivery/del-taco-570-e-bromley-ln/zqsnQsZ0QqmOIEzZcZ7KvQ,henderson-colorado
https://www.ubereats.com/denver/food-delivery/smashburger-14375-orchard-pkwy/_gucODwkSW23KrODZ_Ld9g,henderson-colorado
https://www.ubereats.com/denver/food-delivery/yak-and-yeti-restaurant-and-brewpub-brighton/9S8YH3XJSW6udbeZGSjLAA,henderson-colorado
https://www.ubereats.com/denver/food-delivery/early-bird-restaurant-westminster/ZvGZTEftRNWmZ--hddJBVg,henderson-colorado
https://www.ubereats.com/denver/food-delivery/pudge-brothers-pizza-commerce-city/7SneYRsbSdO8j8in2xTbww,henderson-colorado
https://www.ubereats.com/denver/food-delivery/quiznos-45th-%26-peoria/e-mjwI3PQZ69gfUeiiqh9g,henderson-colorado
https://www.ubereats.com/denver/food-delivery/mtfuji-hibachi-westminster/19poFgfdTj-vMPK2jB4jEw,henderson-colorado
https://www.ubereats.com/denver/food-delivery/wendys-2681-e-120th-ave/dPir-uS-QxSjbpAB4CG7OQ,henderson-colorado
https://www.ubereats.com/denver/food-delivery/el-lechon/TleLzuSATYiVP-ZY_rSqkQ,henderson-colorado
https://www.ubereats.com/denver/food-delivery/cold-stone-creamery-1281-e-120th-ave/cd2hA4YkSGagWHwvpdl20w,henderson-colorado
https://www.ubereats.com/denver/food-delivery/el-taco-loco/jR3LN1pfTM2yaVwHiYP12Q,henderson-colorado
https://www.ubereats.com/denver/food-delivery/cracker-barrel-old-country-store-350-west-120th-avenue/0I_Y4tj3RcCnX-lYtAFSlw,henderson-colorado
https://www.ubereats.com/denver/food-delivery/joes-crab-shack-8911-n-yates-street/kntQIUgPTw6ypWUr3bas6A,henderson-colorado
https://www.ubereats.com/denver/food-delivery/marcos-pizza-12899-quebec/0fJqhv6KSGqqwAuWgib1ZQ,henderson-colorado
https://www.ubereats.com/denver/food-delivery/arbys-8684/0CEuvquORvOhike1FLZI_A,henderson-colorado
https://www.ubereats.com/denver/food-delivery/tony-romas-the-timbers-hotel/AwALB9vDSeaT6L9bXraECQ,henderson-colorado
https://www.ubereats.com/denver/food-delivery/the-delectable-egg-westminster/Wl5nBJJNQfGYQNkxyJgEfw,henderson-colorado
https://www.ubereats.com/denver/food-delivery/wendys-150-east-144th-ave/Wm-y0Ly4TeuKyzpKZJzP-g,henderson-colorado
https://www.ubereats.com/denver/food-delivery/qdoba-mexican-grill-3804-e-120th-ave/yynqW-hsSD-Bi30PdhWlKg,henderson-colorado
https://www.ubereats.com/denver/food-delivery/el-mirador-mexican-restaurant/v0ofT9GRTn6cAr5wuBuRCw,henderson-colorado
https://www.ubereats.com/denver/food-delivery/taco-bell-4480-n-peoria-street/1DqZPnWiT6eqUXixo3gjLA,henderson-colorado
https://www.ubereats.com/denver/food-delivery/wendys-8970-washington-st/4SFJPIhsRHS1-Ec8cVFPWw,henderson-colorado
https://www.ubereats.com/denver/food-delivery/red-lobster-1350-west-104th-ave/HA6FXv6QQFiVn7DL2sXjFA,henderson-colorado
https://www.ubereats.com/denver/food-delivery/the-garlic-knot-thornton/VhLubwhRSK28GuqnBbovdw,henderson-colorado
https://www.ubereats.com/denver/food-delivery/burger-king-650-east-120th-avenue/pqW1VgX2TMaSOsm-UEmnqw,henderson-colorado
https://www.ubereats.com/denver/food-delivery/qdoba-mexican-grill-10018-grant-st/oT9dXxYxTOOVqf5R0UAmIw,henderson-colorado
https://www.ubereats.com/denver/food-delivery/mcdonalds-8700-n-washington/JoQDZxsuTSuys3_uFDmd6w,henderson-colorado
https://www.ubereats.com/denver/food-delivery/3-margaritas-thorton/TdZxBgrATZiR5t7Pj48Xtw,henderson-colorado
https://www.ubereats.com/denver/food-delivery/taco-bell-2005-w-136th-ave/nHxUJbTkQF-MbNYFlKh2KQ,henderson-colorado
https://www.ubereats.com/denver/food-delivery/taco-bell-5620-n-beeler-st/7QgHoCmNRDSTB-OV8Pepdg,henderson-colorado
https://www.ubereats.com/denver/food-delivery/noodles-%26-company-14375-orchard-pkwy-ste-600/yuzybSBVRHKpTFrHYwDymA,henderson-colorado
https://www.ubereats.com/denver/food-delivery/great-scotts-eatery-denver/0MeGAEnaT0i4hUiVH5Rtyg,henderson-colorado
https://www.ubereats.com/denver/food-delivery/jack-in-the-box-9703-washington-st/uXx0SOTuT9y9zJ_vX635aw,henderson-colorado
https://www.ubereats.com/denver/food-delivery/godfathers-pizza-thornton/CU6TWuOLQ0i8tPHsAj3Ahw,henderson-colorado
https://www.ubereats.com/denver/food-delivery/famous-daves-bbq-thornton/G8Ypv3IpSvqxlzSyNR0sLg,henderson-colorado
https://www.ubereats.com/denver/food-delivery/tgi-fridays-569-thornton-colorado-co/f4ZWmkvPRBSThO6IE44cDg,henderson-colorado
https://www.ubereats.com/denver/food-delivery/taco-bell-15450-e-104th-ave/s8YcAmiRRsaDESBws70pjQ,henderson-colorado
https://www.ubereats.com/denver/food-delivery/colorado-breakfast-llc/CMBgaOa-QfKQTX329qjBLA,henderson-colorado
https://www.ubereats.com/denver/food-delivery/tgi-fridays-573-denver-northfield-co/nYU4vtyETAemRtMxZJyWjw,henderson-colorado
https://www.ubereats.com/denver/food-delivery/fat-shack-thornton/BDHyN6rDSN2LY_hrCO5J4Q,henderson-colorado
https://www.ubereats.com/denver/food-delivery/atlanta-bread-northglenn/oqt2AKNETZGXRsr_tEUyDQ,henderson-colorado
https://www.ubereats.com/denver/food-delivery/renegade-burrito-thornton/U1-u4ypgTVaQoTDZySfMeA,henderson-colorado
https://www.ubereats.com/denver/food-delivery/zume-asian-cuisine/b-s48ie1Sh-3WDhddvhp2Q,henderson-colorado
https://www.ubereats.com/denver/food-delivery/taco-bell-18641-green-valley-ranch-blvd/KmQ41_2kTxub2AVwaEil6w,henderson-colorado
https://www.ubereats.com/denver/food-delivery/parrys-pizzeria-%26-taphouse-northglenn/9Dp2X2qJTuGRN7h9zPD50w,henderson-colorado
https://www.ubereats.com/denver/food-delivery/tokyo-joes-1005-w-120th-ave/Pqz7F1lkQt6s_Ymv3ndkjg,henderson-colorado
https://www.ubereats.com/denver/food-delivery/dairy-queen-treat-774-w-120th-ave/uUvIuD7tRDCpee4Hum2CLQ,henderson-colorado
https://www.ubereats.com/denver/food-delivery/kianas-pacific-island-grill/l6Z8KkujSdukvgk7Kxg_Iw,henderson-colorado
https://www.ubereats.com/denver/food-delivery/carls-jr-4730-tower-rd/MZQuf_0xT9KNx-nAm9yEug,henderson-colorado
https://www.ubereats.com/denver/food-delivery/kfc-2581-e-120th-ave/fZdD6qxRTtKlb9WBownN0w,henderson-colorado
https://www.ubereats.com/denver/food-delivery/arbys-8549/-MkbtVLpTNGC458wR-A0JA,henderson-colorado
https://www.ubereats.com/denver/food-delivery/kfc-250-w-136th-avenue/oucIytvISSauem8eLXvc4Q,henderson-colorado
https://www.ubereats.com/denver/food-delivery/mcdonalds-104th-%26-chambers/gTTMirMwTKifE7kW_ZzBZw,henderson-colorado
https://www.ubereats.com/denver/food-delivery/sonic-950-e-120th-avenue/curYUH96SSyCCGZjrvTSsg,henderson-colorado
https://www.ubereats.com/denver/food-delivery/firehouse-subs-lincoln-st/TcwQovROTOGQcNzIOpQYpw,henderson-colorado
https://www.ubereats.com/denver/food-delivery/five-guys-co-1840-14326-lincoln-st/yGMIe56iTO2enCIL6Nb0lw,henderson-colorado
https://www.ubereats.com/denver/food-delivery/popeyes-15050-east-104th-avenue/naxvMa3LSsqjhAdHT6SU0A,henderson-colorado
https://www.ubereats.com/denver/food-delivery/taste-of-philly/sjETUPbYQzGhmzkThCfGFw,henderson-colorado
https://www.ubereats.com/denver/food-delivery/coriander/HDwztcSYQ26zZ3lL2ERvBg,henderson-colorado
https://www.ubereats.com/denver/food-delivery/mod-pizza-tower/hy6BM7RQSIih5qzjoNV8kg,henderson-colorado
https://www.ubereats.com/denver/food-delivery/taco-star-thornton/pC2JIQJBSUiH4OWHZ_rB9g,henderson-colorado
https://www.ubereats.com/denver/food-delivery/renegade-burrito/40Nl2uKkSKGxREeafOexog,henderson-colorado
https://www.ubereats.com/denver/food-delivery/dickeys-barbeque-4906-n-tower-rd-suite-150/vjwGr1K7R6SloWHs0vNh1A,henderson-colorado
https://www.ubereats.com/denver/food-delivery/menuderia-y-taqueria-chihuas/X7rjPmODTJ2FvdewSZBVdw,henderson-colorado
https://www.ubereats.com/denver/food-delivery/subway-136th-and-colorado/1bebWIyvTAq4V5DFI9b5oA,henderson-colorado
https://www.ubereats.com/denver/food-delivery/outback-steakhouse-16301-east-40th-avenue/7K_YzfNRS4SC7CHpFcgP4A,henderson-colorado
https://www.ubereats.com/denver/food-delivery/paleteria-la-loteria/ivtCnhcpTxeMKgckuyFhVQ,henderson-colorado
https://www.ubereats.com/denver/food-delivery/the-butcher-block-cafe-commerce-city/j2NUN-mySkaUqITiMQNg7g,henderson-colorado
https://www.ubereats.com/denver/food-delivery/jersey-mikes-subs-14452-orchard-parkwaysuite-500/3BcOOOOuSnONuc8MCYPwIw,henderson-colorado
https://www.ubereats.com/denver/food-delivery/riccos-burritos/dHbf3R1tR--F5Q6NYt__hg,henderson-colorado
https://www.ubereats.com/denver/food-delivery/infuzed-soda-bar/VBRGs0PoTBmvURzfYsuBoA,henderson-colorado
https://www.ubereats.com/denver/food-delivery/taco-star-northglenn/sAS5pWAMTHO6F3v1EHG1yA,henderson-colorado
https://www.ubereats.com/denver/food-delivery/mcdonalds-thornton-120th/eMhMwn4mTDOD7O_b5cigcw,henderson-colorado
https://www.ubereats.com/denver/food-delivery/gordos-mexican-restaurant/NzpLktOZQ3iSzPmneUnUBA,henderson-colorado
https://www.ubereats.com/denver/food-delivery/okinawa-sushi-northglenn/DhSKkUX4Q_q4avnHgdzRCg,henderson-colorado
https://www.ubereats.com/denver/food-delivery/fritangas-mexican-restaurant-brighton/j2Ftpg94QIGMLZB03-Zdfg,henderson-colorado
https://www.ubereats.com/denver/food-delivery/cold-stone-creamery-4906-n-tower-rd/_6BxNXbwS4utMc5SPtf1sw,henderson-colorado
https://www.ubereats.com/denver/food-delivery/papa-johns-126-w-bridge-st-unit-b/FOQ7n_lvRt68XJqK_RaYJw,henderson-colorado
https://www.ubereats.com/denver/food-delivery/kfc-15101-e-104th-avenue/_ZNWP8CxSOWcW4JUFZwCdA,henderson-colorado
https://www.ubereats.com/denver/food-delivery/papa-johns-18601-green-valley-ranch-boulevard/nVXdn5LhQDiLriRvdA7HEg,henderson-colorado
https://www.ubereats.com/denver/food-delivery/jamba-juice-northglenn/R9iXVmk_T6mUG4Ozzp7JMA,henderson-colorado
https://www.ubereats.com/denver/food-delivery/wendys-4101-e-136th-ave/sgWkd93YTdeRaPLHCSsCBg,henderson-colorado
https://www.ubereats.com/denver/food-delivery/mcdonalds-104th-%26-colo-ave/NeWPcDwOSpaQkwRfoo7uWA,henderson-colorado
https://www.ubereats.com/denver/food-delivery/noodles-%26-company-3824-e-120th-ave/nRB5FEeeQHmqEkYx8_co6w,henderson-colorado
https://www.ubereats.com/denver/food-delivery/today-hawaii-bbq/-qPLTuE7TZeRevHYONDTWQ,henderson-colorado
https://www.ubereats.com/denver/food-delivery/bleu-sage-cafe/eizGBY-qT4q2JeSydbBMhA,henderson-colorado
https://www.ubereats.com/denver/food-delivery/ruby-tuesday-6751-tower-road/k198ufX4Sw2AzrNb3OSXog,henderson-colorado
https://www.ubereats.com/denver/food-delivery/pita-pit-westminster/L9-kKel2Rii49lVMvlGVIw,henderson-colorado
https://www.ubereats.com/denver/food-delivery/taco-bell-1298-east-104th-avenue/oZ4TQ5cKQIWmUc-huuT3Lw,henderson-colorado
https://www.ubereats.com/denver/food-delivery/mcdonalds-denver-w-104th/yMg9fLHUS8mZwNcAuRvb7Q,henderson-colorado
https://www.ubereats.com/denver/food-delivery/outback-steakhouse-497-east-120th-avenue/akT3QFZBQLyQ8upADDNwVw,henderson-colorado
https://www.ubereats.com/denver/food-delivery/taco-bell-10402-s-belle-creek-drive/vfsir_92Ty6FJQ4dhejXkA,henderson-colorado
https://www.ubereats.com/denver/food-delivery/carniceria-del-norte/TRm4qNi-Tby2bnaBm7U_6g,henderson-colorado
https://www.ubereats.com/denver/food-delivery/panda-express-2680-w-104th-ave/OX-nbXQwTEmQfYlw_TmNRw,henderson-colorado
https://www.ubereats.com/denver/food-delivery/jays-grille-%26-bar/l_kQfvSbQyaUdVPpUUiEpw,henderson-colorado
https://www.ubereats.com/denver/food-delivery/first-watch-northglenn/UYDMwAKXQVWlW-SMsqnkVw,henderson-colorado
https://www.ubereats.com/denver/food-delivery/el-pollo-feliz/eKOx30xvTSaCbxwgkdUqhg,henderson-colorado
https://www.ubereats.com/denver/food-delivery/chipotle-mexican-grill-14452-orchard-pkwy/-IuyXvCcTaG2lxR5ELrvbA,henderson-colorado
https://www.ubereats.com/denver/food-delivery/subway-86th-washington/_x6OlzCSTnifIzdEDszd8w,henderson-colorado
https://www.ubereats.com/denver/food-delivery/sonic-drive-in-8711-washington-st/zmNYW9A9RwG9Srhi4WR86g,henderson-colorado
https://www.ubereats.com/denver/food-delivery/go-fish-sushi-broomfield/lv13sNOASDqOa7AZMbdITw,henderson-colorado
https://www.ubereats.com/denver/food-delivery/potbelly-sandwich-shop-thornton-dt-%7C-479/WhtlCGQWSZStF9vfz-uyTg,henderson-colorado
https://www.ubereats.com/denver/food-delivery/la-fogata/B9U1l0OuT2quHGGrRFgVzw,henderson-colorado
https://www.ubereats.com/denver/food-delivery/smashburger-832-e-120th-ave/Kih-KAtCRuyuq92zAOg3CA,henderson-colorado
https://www.ubereats.com/denver/food-delivery/huhot-mongolian-grill-14697-delaware-st-ste-1500/QXLONPFFQkupBpbwXxSjDQ,henderson-colorado
https://www.ubereats.com/denver/food-delivery/rice-bowl-chinese-cafe/fN2HaP3VSoqd5nGUOiB3Iw,henderson-colorado
https://www.ubereats.com/denver/food-delivery/burgerim-6691-tower-rd/-c3iCFB3T1S7M9OqbMe1ng,henderson-colorado
https://www.ubereats.com/denver/food-delivery/anthonys-ii/WzkSK15RTGyEC8eIvvtNaQ,henderson-colorado
