url,city
https://www.ubereats.com/denver/food-delivery/heaven-dragon-chinese-restaurant/reMaAKE3Q32LmhKedkJXUw,lafayette-colorado
https://www.ubereats.com/denver/food-delivery/starbucks-1137-diamond-circle/LZKY7BKoRPCLvmEAe1C1lQ,lafayette-colorado
https://www.ubereats.com/denver/food-delivery/the-chicken-coup-westminster/2HRigPmhTlyMLAufv6igcg,lafayette-colorado
https://www.ubereats.com/denver/food-delivery/taco-bell-1220-e-1st-ave/KkxqjxcoSJC79CxE7OZJTQ,lafayette-colorado
https://www.ubereats.com/denver/food-delivery/dangelos-deli/95yKH2eoSgSJFkp8NVpi1A,lafayette-colorado
https://www.ubereats.com/denver/food-delivery/yogurtland-7947-wadsworth-blvd/b81tbU-XR5WltkjAuc-ysw,lafayette-colorado
https://www.ubereats.com/denver/food-delivery/noodles-%26-company-635a-flatiron-marketplace-dr/bNybuDkmSKWgbipNzfuLoA,lafayette-colorado
https://www.ubereats.com/denver/food-delivery/motherlode-cafe-%26-tavern/p5osWr1VSKKhgg8ky4D58Q,lafayette-colorado
https://www.ubereats.com/denver/food-delivery/eat!-food-%26-drink/1sgkVwPJQnKX0WV3_9_YJQ,lafayette-colorado
https://www.ubereats.com/denver/food-delivery/burger-king-6801-west-120th-avenue/ChMqshhQSbCWHrDntgzQyg,lafayette-colorado
https://www.ubereats.com/denver/food-delivery/tlaquesalsa/laGrBxphSg2gMTDlL27ucg,lafayette-colorado
https://www.ubereats.com/denver/food-delivery/long-john-silvers-250-w-136th-ave/rvuonvgATHCKfytWifKB0w,lafayette-colorado
https://www.ubereats.com/denver/food-delivery/hooters-1111-w-120th-ave/lhaHNnmPTuWGpaapBCw4AQ,lafayette-colorado
https://www.ubereats.com/denver/food-delivery/smashburger-6415-w-104th-ste-100/OOLITU_4Sn-eYX__qSyVzA,lafayette-colorado
https://www.ubereats.com/denver/food-delivery/asti-d-italia/UHk4WheQTa6tYpwE9o9W5g,lafayette-colorado
https://www.ubereats.com/denver/food-delivery/slavinka-cafe/E_jW0HGDSHKnLGoIkhr72w,lafayette-colorado
https://www.ubereats.com/denver/food-delivery/aperitivo-by-kafe-urban/EZpBK_GzQnqnTIfVtx-3mw,lafayette-colorado
https://www.ubereats.com/denver/food-delivery/osakas-restaurant/Rx9bOTnSQX-FLC_6-WSjow,lafayette-colorado
https://www.ubereats.com/denver/food-delivery/sushi-star/MgZsWb0sRxO0rQ4y9IxRcw,lafayette-colorado
https://www.ubereats.com/denver/food-delivery/mcdonalds-broomfld-hwy-287/LIo9RB2eRnOP1Iq-befhww,lafayette-colorado
https://www.ubereats.com/denver/food-delivery/panda-express-901-east-120th-ave-unit-a/1Iaynu-kRgesozT0MmFEyg,lafayette-colorado
https://www.ubereats.com/denver/food-delivery/double-ds-sourdough-pizzeria-%26-tap-house/lSxFTah4RS2tUXd6at1_Kw,lafayette-colorado
https://www.ubereats.com/denver/food-delivery/taco-bell-550-alter-street/v9qYBNaNTRyfjCKxXIE7lQ,lafayette-colorado
https://www.ubereats.com/denver/food-delivery/sugarfire-smoke-house/s-1MhnhFTFOZDJ1zwwrHyw,lafayette-colorado
https://www.ubereats.com/denver/food-delivery/ihop-1675-28th-st/6nacN8JsSX6dECWs0FAiMw,lafayette-colorado
https://www.ubereats.com/denver/food-delivery/dickeys-bbq-pit-321-s-mccaslin-blvd-unit-d/VT43InSAR4ayj-c7iiDcqw,lafayette-colorado
https://www.ubereats.com/denver/food-delivery/verde-louisville-640-main-st/Gt8SSLOSRmOrW_WyM02bIA,lafayette-colorado
https://www.ubereats.com/denver/food-delivery/tamale-kitchen-north-glenn/3NFReoLVTwS3cV5KaSCqsA,lafayette-colorado
https://www.ubereats.com/denver/food-delivery/ihop-1830/E9OPjig3QJOmVIuJQ-4FBw,lafayette-colorado
https://www.ubereats.com/denver/food-delivery/village-inn-16775-washington-street/GLbMhR9nSziWmEvB5JVxuQ,lafayette-colorado
https://www.ubereats.com/denver/food-delivery/tiffins-india-cafe/tHDNFynWSmmOLtvvHJOtJw,lafayette-colorado
https://www.ubereats.com/denver/food-delivery/dream-bubble-te/Dvz5rWcySJmsbKT5WjPU7A,lafayette-colorado
https://www.ubereats.com/denver/food-delivery/panda-express-16816-sheridan-pkwy/nu7n5OorS2Wn3ipnRMAjBA,lafayette-colorado
https://www.ubereats.com/denver/food-delivery/5280-burger-bar-westminster/cwH6cQJISciPVwSOQUVerg,lafayette-colorado
https://www.ubereats.com/denver/food-delivery/sweet-cow-ice-cream-south-boulder/S_jNeaxXSviqghR7GEiqRw,lafayette-colorado
https://www.ubereats.com/denver/food-delivery/lamars-donuts-wadsworth/nqAeP58fSPKilbWovRThqA,lafayette-colorado
https://www.ubereats.com/denver/food-delivery/pf-changs-1-w-flatiron-circle-unit-500-bldg-5/Oace5WZVT3-k5mBQHmMDFA,lafayette-colorado
https://www.ubereats.com/denver/food-delivery/dessert-stand-%26-waffle-cakes/IiGKOu2KS026t4Ki_ZnV5g,lafayette-colorado
https://www.ubereats.com/denver/food-delivery/the-simple-greek-%2346/TzY7GNAqSP6a0A7CbhpCsQ,lafayette-colorado
https://www.ubereats.com/denver/food-delivery/taco-bell-450-w-south-boulder-rd/NsGsSi59SBCRNMe6gpbYvw,lafayette-colorado
https://www.ubereats.com/denver/food-delivery/taco-bell-13732-colorado-blvd/VPFG7LRgT2q5LQotKs18iQ,lafayette-colorado
https://www.ubereats.com/denver/food-delivery/quiznos-535-w-south-boulder-rd-ste-290/jRrcWQsWST6w-U_q7n29Mw,lafayette-colorado
https://www.ubereats.com/denver/food-delivery/burger-king-1325-e-south-boulder-rd/4OZDnWYFSG64YwsBYgYiww,lafayette-colorado
https://www.ubereats.com/denver/food-delivery/still-smokin/BfPKUDf0TiSFnigRVxFVDw,lafayette-colorado
https://www.ubereats.com/denver/food-delivery/twisted-pine-brewing-company/0Rx_jnxoTVSAxNghGHOtUw,lafayette-colorado
https://www.ubereats.com/denver/food-delivery/nighthawk-brewery/2ZtNvkAkRKOD0LZh9QiXvQ,lafayette-colorado
https://www.ubereats.com/denver/food-delivery/five-guys-co-1763-570-zang-st/_XT5fkG5TVuGGGKjGfyw8A,lafayette-colorado
https://www.ubereats.com/denver/food-delivery/bjs-restaurant-%26-brewhouse-1690-28th-street/ziAS2iOaSVGRCnB4ZwmK5Q,lafayette-colorado
https://www.ubereats.com/denver/food-delivery/dairy-queen-treat-flat-iron-crossing-1-w-flati/4dPkEvb0QvaIf8V_lftZXw,lafayette-colorado
https://www.ubereats.com/denver/food-delivery/dairy-queen-treat-thornton-plaza-shopping-center/fJAUsgPVSoyl2TbfdkdW0Q,lafayette-colorado
https://www.ubereats.com/denver/food-delivery/boston-market-9269-sheridan-blvd/Rxbh5_6jRf6P00miSwtghg,lafayette-colorado
https://www.ubereats.com/denver/food-delivery/menchies-frozen-yogurt-535-s-boulder-rd/Aci4rl05S7aSbMU5ngNzzQ,lafayette-colorado
https://www.ubereats.com/denver/food-delivery/original-by-greeks/6ZAQKsbKSfS9WCtzIvwpnw,lafayette-colorado
https://www.ubereats.com/denver/food-delivery/parma-trattoria/PAMdaBClSWyI6qsUBXt73w,lafayette-colorado
https://www.ubereats.com/denver/food-delivery/deli-cious-zs/yFeHn4vGTw2-HaZzfVnZRQ,lafayette-colorado
https://www.ubereats.com/denver/food-delivery/popeyes-74-w-flatiron-crossing-drive/i03jjFzbQ9ap1HLZ9TSzLA,lafayette-colorado
https://www.ubereats.com/denver/food-delivery/south-philly-cheese-steaks-arvada/y2Xp38dTTWq-ODf5XPZTrQ,lafayette-colorado
https://www.ubereats.com/denver/food-delivery/subway-400-w-south-boulder-rd/mczzUyq-QAGYfcGve8ctSA,lafayette-colorado
https://www.ubereats.com/denver/food-delivery/tuk-tuk-thai-westminster/YSOxmUenQeyrAf_YfBjRoA,lafayette-colorado
https://www.ubereats.com/denver/food-delivery/firehouse-subs-lafayette/bE2iekJNQPCUyFfsZ1uwuQ,lafayette-colorado
https://www.ubereats.com/denver/food-delivery/buffalo-wild-wings-16540-washington-st/Hp5Ep7V_QluzWMLExHDMyQ,lafayette-colorado
https://www.ubereats.com/denver/food-delivery/cb-%26-potts-westminster/_hz53ZAITUqdhnWOtwZaDA,lafayette-colorado
https://www.ubereats.com/denver/food-delivery/arbys-8548/cEfauRVGQwuxqOXPUdW_Tg,lafayette-colorado
https://www.ubereats.com/denver/food-delivery/panda-express-8461-church-ranch-blvd/y06bjricTtGloqBgDYYEcA,lafayette-colorado
https://www.ubereats.com/denver/food-delivery/haagen-dazs-shop-1-west-flatiron-crossing/zKFDX59VSMyabjuOO1OPTw,lafayette-colorado
https://www.ubereats.com/denver/food-delivery/papa-murphys-765-e-south-boulder-rd/nSPerE2ZRkWSrdZS1nGBLw,lafayette-colorado
https://www.ubereats.com/denver/food-delivery/subway-1621-coalton-rd/A21ytep2S0e7bUaew0R8Wg,lafayette-colorado
https://www.ubereats.com/denver/food-delivery/taqueria-la-esperanza/7wHa8Ye_R3aqGT0k7fW6Ng,lafayette-colorado
https://www.ubereats.com/denver/food-delivery/blackjack-pizza-6450-w-120th-ave/KDwWmzdZQnqNQwH59qaBXQ,lafayette-colorado
https://www.ubereats.com/denver/food-delivery/jersey-mikes-subs-2660-pearl-st/Jr6Lo_HsQ6K32u21sV_iQw,lafayette-colorado
https://www.ubereats.com/denver/food-delivery/delvickios-italian/-w-segT7TyK-pXrb_jo79g,lafayette-colorado
https://www.ubereats.com/denver/food-delivery/12degree-brewing/PTUjE6IkS9i1j4TiiSLgQw,lafayette-colorado
https://www.ubereats.com/denver/food-delivery/taj-mahal/QxngQhXlRo2TNz6XQJcBSg,lafayette-colorado
https://www.ubereats.com/denver/food-delivery/the-happy-sumo-orchard-town-center/MbbuSNAWRZq7Dx0IAONXag,lafayette-colorado
https://www.ubereats.com/denver/food-delivery/papa-johns-2671-e-120th-ave/phY70Qu4QE6Afin-_q8nkA,lafayette-colorado
https://www.ubereats.com/denver/food-delivery/arista-deli-%26-coffee/Q8k9JdWoRiOZXV9WMmM5FA,lafayette-colorado
https://www.ubereats.com/denver/food-delivery/mod-pizza-mccaslin-marketplace/vGwfnKeUTluHXSOcxenMvA,lafayette-colorado
https://www.ubereats.com/denver/food-delivery/costa-vida-fresh-mexican-grill-14315-orchard-pkwy/6Ls_gIK6RSWlWqT2cbLrxw,lafayette-colorado
https://www.ubereats.com/denver/food-delivery/a-cup-of-peace/vne0C2luSQ2TzHwJKYhdpg,lafayette-colorado
https://www.ubereats.com/denver/food-delivery/tibets-food-truck/2WzC4xIOTnm0nMiWQLiWoA,lafayette-colorado
https://www.ubereats.com/denver/food-delivery/firehouse-subs-superior-plaza/p278mh82QVaKuli8ZUEaJQ,lafayette-colorado
https://www.ubereats.com/denver/food-delivery/macaroni-grill-church-ranch/kJj6P9ZjQBW0aA8De4SzFQ,lafayette-colorado
https://www.ubereats.com/denver/food-delivery/jersey-mikes-subs-westminster-10398-reed-street/n082i9KSS6GtfViqxJcV8g,lafayette-colorado
https://www.ubereats.com/denver/food-delivery/qdoba-mexican-grill-459-s-mccaslin-blvd-suite-1/ikD3qnOQQ8SR_g6KIogKjA,lafayette-colorado
https://www.ubereats.com/denver/food-delivery/red-robin-20-1-west-flatiron-cir/5ahY7LhHSPiNEL0LxB32Bg,lafayette-colorado
https://www.ubereats.com/denver/food-delivery/bawarchi-biryanis/ichtQmd3QAaa8vct5Ituhw,lafayette-colorado
https://www.ubereats.com/denver/food-delivery/lazy-dog-restaurant-%26-bar-westminster/RRWAdC2kQ0WWuL3_5ubCrA,lafayette-colorado
https://www.ubereats.com/denver/food-delivery/china-gourmet/usbh6d_sTce_D2M29o38Hw,lafayette-colorado
https://www.ubereats.com/denver/food-delivery/los-arcos-express-federal-heights/x5tK3TaISJ-_raBROSSr7A,lafayette-colorado
https://www.ubereats.com/denver/food-delivery/shopeys-sandwiches/Zpwgmv9SQPiG1LPC-tmsOA,lafayette-colorado
https://www.ubereats.com/denver/food-delivery/del-taco-595-summit-blvd/9ONAAwxZQvGCN7GBaxW_0g,lafayette-colorado
https://www.ubereats.com/denver/food-delivery/boulder-pho/xL6v6gD_RhGCfX7H4ONlwQ,lafayette-colorado
https://www.ubereats.com/denver/food-delivery/subway-boulder/WTlCSJFZTeK5pw3-Q8dKog,lafayette-colorado
https://www.ubereats.com/denver/food-delivery/arbys-1972/T6T4U_V0Se-6rxp33T9Alg,lafayette-colorado
https://www.ubereats.com/denver/food-delivery/beltrans-meat-market-and-grill/oPek4mHHREGgoN8oRdaGHg,lafayette-colorado
https://www.ubereats.com/denver/food-delivery/carls-jr-4211-e-104th-ave/NLgN9nSnTWKYcyHovJ0ClA,lafayette-colorado
https://www.ubereats.com/denver/food-delivery/panda-express-550-e-144th-ave/aD92Lk1jSr6zXETVEMKh6Q,lafayette-colorado
https://www.ubereats.com/denver/food-delivery/firehouse-subs-thornton/0U0AFikPShuAihudtVLAaw,lafayette-colorado
https://www.ubereats.com/denver/food-delivery/the-great-greek-mediterranean-grill/S9iV8pamQGO0iyvjoe8fgw,lafayette-colorado
https://www.ubereats.com/denver/food-delivery/qdoba-mexican-grill-4550-w-121st-ave-suite-c/ZZN71z-ISk6SgXsq99Qpjg,lafayette-colorado
https://www.ubereats.com/denver/food-delivery/master-tea-136th-%26-zuni/yPVR1HkHRJCZhRriWDRT8w,lafayette-colorado
https://www.ubereats.com/denver/food-delivery/pza-broomfield/QwR7yb6GT7uWm93Kqz6RYg,lafayette-colorado
https://www.ubereats.com/denver/food-delivery/jack-in-the-box-2105-w-136th/HK6fASQWTx6verWzXBy7Cw,lafayette-colorado
https://www.ubereats.com/denver/food-delivery/the-taj/OOExnEFhRWqARxI5aH8PWg,lafayette-colorado
https://www.ubereats.com/denver/food-delivery/mcdonalds-120th-%26-sheridan/32SVk_PyTZKQ5taMBfGKpA,lafayette-colorado
https://www.ubereats.com/denver/food-delivery/jamba-juice-westminister/6lUWDOAOTZCgyxQnpxRaAA,lafayette-colorado
https://www.ubereats.com/denver/food-delivery/stirfry88/qOO0qYe4QF20qmkL-luw1A,lafayette-colorado
https://www.ubereats.com/denver/food-delivery/mile-high-pho/_KVpX1JjSxGrbHQRiS2DyQ,lafayette-colorado
https://www.ubereats.com/denver/food-delivery/taco-bell-3255-28th-street/OA35VPlEQeKj3bfLVSgzNQ,lafayette-colorado
https://www.ubereats.com/denver/food-delivery/saltgrass-8931-north-yates-street/Tjve5YA-QlST_O5JY99mbw,lafayette-colorado
https://www.ubereats.com/denver/food-delivery/village-tavern-broomfield/bTs8gkKfQVGhN1pbmju-ng,lafayette-colorado
https://www.ubereats.com/denver/food-delivery/chipotle-mexican-grill-10320-federal-blvd-unit-100/0JGNUtWEQ6mUzqvhXPVPcw,lafayette-colorado
https://www.ubereats.com/denver/food-delivery/carls-jr-13630-orchard-pkwy/i-Xjh4EPR4eHwI0Aq_L8QQ,lafayette-colorado
https://www.ubereats.com/denver/food-delivery/hot-pot-noodle-house-by-queens-kitchen/DfIMb1F1TSu6dCjUlQX_8A,lafayette-colorado
https://www.ubereats.com/denver/food-delivery/kfc-6400-west-120th-avenue/nbqqE1EET7GYEXt6wi-w8Q,lafayette-colorado
https://www.ubereats.com/denver/food-delivery/3-margaritas-broomfield/20I_-AdMTcOjmamQI29fNw,lafayette-colorado
https://www.ubereats.com/denver/food-delivery/chipotle-mexican-grill-1650-28th-st-unit-1224/BkpkfRS0RgWTfh1BFXF_vA,lafayette-colorado
https://www.ubereats.com/denver/food-delivery/the-garlic-knot-westminster/2T79uqw4SZqPhqgkifHokQ,lafayette-colorado
https://www.ubereats.com/denver/food-delivery/the-buff-restaurant/R4uEuHzrQvWAe0Dk-smM9g,lafayette-colorado
https://www.ubereats.com/denver/food-delivery/johnnys-italian-steakhouse/wzl70iQ1RUCGrd6lR0CLfw,lafayette-colorado
https://www.ubereats.com/denver/food-delivery/papa-murphys-3331-arapahoe-road/Cto5EThaRpKXeOO-rJJ2eA,lafayette-colorado
https://www.ubereats.com/denver/food-delivery/tip-top-savory-pies/eJpra2cuQh2MvUkMLf39pQ,lafayette-colorado
https://www.ubereats.com/denver/food-delivery/ihop-3581/oN2nz4SPTMKN-5TJ0eaGEA,lafayette-colorado
https://www.ubereats.com/denver/food-delivery/subway-3335-arapahoe-rd/lVYc_SqNSqaJQZA6xbIkTg,lafayette-colorado
https://www.ubereats.com/denver/food-delivery/master-tea-120th-%26-main/IXTig5l4Sq6-L9cZV84Cgw,lafayette-colorado
https://www.ubereats.com/denver/food-delivery/sonic-3605-e-104th-avenue/r5zCa0ytTriv-5mLpD27qQ,lafayette-colorado
https://www.ubereats.com/denver/food-delivery/folsom-thai/8dYg2wgeTr-SnrLo0agnWA,lafayette-colorado
https://www.ubereats.com/denver/food-delivery/south-philly-cheese-steaks-thornton/DVewmSIDRH6m0KS5W_2gbA,lafayette-colorado
https://www.ubereats.com/denver/food-delivery/biscuit-bar/Q5b4uUjbTYSYac0_itMUtg,lafayette-colorado
https://www.ubereats.com/denver/food-delivery/starbucks-459-s-mccaslin-blvd/l8YdTJwnTZGpU92QG-9okg,lafayette-colorado
https://www.ubereats.com/denver/food-delivery/qdoba-mexican-grill-1005-w-120th-ave-suite-100/mGmV6Ki7TqWQuvSA0nuSuQ,lafayette-colorado
https://www.ubereats.com/denver/food-delivery/sweetwater-station/vbFqOp8cTOa9TEpw8TWp0g,lafayette-colorado
https://www.ubereats.com/denver/food-delivery/first-watch-broomfield/Qu2epVGISdO0nd5TFGUseA,lafayette-colorado
https://www.ubereats.com/denver/food-delivery/mod-pizza-diamond-circle/g_SY2MeGQY6fmy7xJdbrjA,lafayette-colorado
https://www.ubereats.com/denver/food-delivery/mcdonalds-lafayette-co-us-287-%26-baseline/8nf1OCe1TXOS1ui2590hKw,lafayette-colorado
https://www.ubereats.com/denver/food-delivery/navah-coffee/BS_9TLXiSIK7cm0APxLP2g,lafayette-colorado
https://www.ubereats.com/denver/food-delivery/mcdonalds-broomfieldco-flatirons/9YsSDqByRmGARptRpsMg2w,lafayette-colorado
https://www.ubereats.com/denver/food-delivery/casa-alegre/Z-sS6Q7ERo6DgNFJ9mzc9g,lafayette-colorado
https://www.ubereats.com/denver/food-delivery/sonic-10051-wadsworth-parkway/7lEp_Bg-Q76j3IPEFdsjJg,lafayette-colorado
https://www.ubereats.com/denver/food-delivery/yogurt-brothers/4GIXE6XeRY2mfvKXhDN1LQ,lafayette-colorado
https://www.ubereats.com/denver/food-delivery/taco-bell-60-w-flatiron-crossing-dr/J13apsLtRJu9MFpEsBNuRA,lafayette-colorado
https://www.ubereats.com/denver/food-delivery/the-real-deal-smoothies-%26-latin-food/lYr_FwzfRYWM2BfqRwEjdQ,lafayette-colorado
https://www.ubereats.com/denver/food-delivery/mad-greens-dillon-%26-mccaslin/TYb3lU1hTcaXOJGGNPzANQ,lafayette-colorado
https://www.ubereats.com/denver/food-delivery/dairy-queen-treat-3265-28th-st/6pGJ56LCQ2W-qm5CH5kvmg,lafayette-colorado
https://www.ubereats.com/denver/food-delivery/the-morning-table/Cd38lavWS1W0QF8oK9rv3Q,lafayette-colorado
https://www.ubereats.com/denver/food-delivery/zaika-indian-cuisine/fXpBDh3UQdWwssIzEd24pg,lafayette-colorado
https://www.ubereats.com/denver/food-delivery/starbucks-2800-rock-creek-blvd/ckmxMnZ2Rs6i_mfyM6rBgA,lafayette-colorado
https://www.ubereats.com/denver/food-delivery/cold-stone-10443-town-center-drive/nsVNkm-OTHyTsdTRK9xvVQ,lafayette-colorado
https://www.ubereats.com/denver/food-delivery/la-torteria/AAdHHBrTRSK7BW46NVzJkA,lafayette-colorado
https://www.ubereats.com/denver/food-delivery/lunada-eatery-%26-cantina/ufytOK_JTn2ix91RpETByQ,lafayette-colorado
https://www.ubereats.com/denver/food-delivery/plentea/A7VC5J1jQsKMIBQmJzO2rQ,lafayette-colorado
https://www.ubereats.com/denver/food-delivery/great-scotts-eatery-broomfield-co/BvDfKXC0Q3m3SA6P19dCtg,lafayette-colorado
https://www.ubereats.com/denver/food-delivery/the-arepa-joint/L-C14ryWQ6KiHbzbFZYoIg,lafayette-colorado
https://www.ubereats.com/denver/food-delivery/le-french-cafe/dBPHJWCjR_eSG6IoUPEdlw,lafayette-colorado
https://www.ubereats.com/denver/food-delivery/taco-palace-longmont/nv2U8qyqQ--AmpAtcyf1dw,lafayette-colorado
https://www.ubereats.com/denver/food-delivery/qdoba-mexican-grill-635-b-flatiron-marketplace-dr/mIxBpkgJSmuzMyIIicTY5w,lafayette-colorado
https://www.ubereats.com/denver/food-delivery/gourmet-ghost/8n6AhP7MT8CEcB5R3ZkiNg,lafayette-colorado
https://www.ubereats.com/denver/food-delivery/benihana-broomfield/tPafCAyORv-qDhkjfhukWg,lafayette-colorado
https://www.ubereats.com/denver/food-delivery/cuba-cuba-sandwicheria-lincoln-st/_9cPnFdCSk--XHdgB52NNg,lafayette-colorado
https://www.ubereats.com/denver/food-delivery/wendys-437-state-highway-7/pim5LYN1Sf-Ss_rjx0qDDg,lafayette-colorado
https://www.ubereats.com/denver/food-delivery/chipotle-mexican-grill-951-e-120th-ave-unit-a/0qSnpf4IT8-PXmHJRAI-8A,lafayette-colorado
https://www.ubereats.com/denver/food-delivery/jersey-mikes-subs-westminster-12003-n-pecos-street/OFbBfFdoQRqw2KNKXzm7Pw,lafayette-colorado
https://www.ubereats.com/denver/food-delivery/3-margaritas-orchard-mall/ebTNl-Q9QT2v6prumIGBfg,lafayette-colorado
https://www.ubereats.com/denver/food-delivery/buca-di-beppo-broomfield/Yf55_yCRQNm1yQl6VUl0GQ,lafayette-colorado
https://www.ubereats.com/denver/food-delivery/old-chicago-9-3909-east-120th-ave/dFJ9ShnAS82XxJ4ykRXMmg,lafayette-colorado
https://www.ubereats.com/denver/food-delivery/smashburger-14375-orchard-pkwy/_gucODwkSW23KrODZ_Ld9g,lafayette-colorado
https://www.ubereats.com/denver/food-delivery/jersey-mikes-subs-321-s-mccaslin-blvd-louisville/LFjzXQhzTyC0atdqG_hssA,lafayette-colorado
https://www.ubereats.com/denver/food-delivery/early-bird-restaurant-westminster/ZvGZTEftRNWmZ--hddJBVg,lafayette-colorado
https://www.ubereats.com/denver/food-delivery/starbucks-525-us-hwy-287/0r8fllOdShqa-R9E09cnzg,lafayette-colorado
https://www.ubereats.com/denver/food-delivery/smashburger-2755-dagny-way/YA3FntBNSwS-LRaX6SR8ag,lafayette-colorado
https://www.ubereats.com/denver/food-delivery/mtfuji-hibachi-westminster/19poFgfdTj-vMPK2jB4jEw,lafayette-colorado
https://www.ubereats.com/denver/food-delivery/jasons-deli-broomfield/GYhiDwlnRTaD-TdNWFbnvQ,lafayette-colorado
https://www.ubereats.com/denver/food-delivery/arepas-caribbean-food/N7A3S-_RRAmLzbBn-sP0xQ,lafayette-colorado
https://www.ubereats.com/denver/food-delivery/wendys-2681-e-120th-ave/dPir-uS-QxSjbpAB4CG7OQ,lafayette-colorado
https://www.ubereats.com/denver/food-delivery/cold-stone-creamery-1281-e-120th-ave/cd2hA4YkSGagWHwvpdl20w,lafayette-colorado
https://www.ubereats.com/denver/food-delivery/kung-fu-tea-1121-broadway/lLXCvhX9TCiY6juSThhJNg,lafayette-colorado
https://www.ubereats.com/denver/food-delivery/cracker-barrel-old-country-store-350-west-120th-avenue/0I_Y4tj3RcCnX-lYtAFSlw,lafayette-colorado
https://www.ubereats.com/denver/food-delivery/joes-crab-shack-8911-n-yates-street/kntQIUgPTw6ypWUr3bas6A,lafayette-colorado
https://www.ubereats.com/denver/food-delivery/panda-express-301-center-drive/p79M1YvpTxaC4quWre2s4g,lafayette-colorado
https://www.ubereats.com/denver/food-delivery/the-delectable-egg-westminster/Wl5nBJJNQfGYQNkxyJgEfw,lafayette-colorado
https://www.ubereats.com/denver/food-delivery/golden-sun/6JqmTUC1SGyMN0vTdaUkDg,lafayette-colorado
https://www.ubereats.com/denver/food-delivery/glacier-homemade-ice-cream-east-boulder/SEwkfQqhQXC2sPAYByieHw,lafayette-colorado
https://www.ubereats.com/denver/food-delivery/qdoba-mexican-grill-3804-e-120th-ave/yynqW-hsSD-Bi30PdhWlKg,lafayette-colorado
https://www.ubereats.com/denver/food-delivery/deli-zone-depot-hill/wTM39-MCTtWPYQ3sXaHgEw,lafayette-colorado
https://www.ubereats.com/denver/food-delivery/wendys-150-east-144th-ave/Wm-y0Ly4TeuKyzpKZJzP-g,lafayette-colorado
https://www.ubereats.com/denver/food-delivery/el-mirador-mexican-restaurant/v0ofT9GRTn6cAr5wuBuRCw,lafayette-colorado
https://www.ubereats.com/denver/food-delivery/ihop-center/vvuMXZ_nRPWk3TlbBcWHtg,lafayette-colorado
https://www.ubereats.com/denver/food-delivery/red-lobster-1350-west-104th-ave/HA6FXv6QQFiVn7DL2sXjFA,lafayette-colorado
https://www.ubereats.com/denver/food-delivery/6601-bonefish-grill-10438-towncenter-drive/_SNy6t6hT0-iQ6dEBPnoBA,lafayette-colorado
https://www.ubereats.com/denver/food-delivery/the-garlic-knot-thornton/VhLubwhRSK28GuqnBbovdw,lafayette-colorado
https://www.ubereats.com/denver/food-delivery/wendys-5350-arapahoe-rd/V0TWRYlJQbWCWZPtzybnvA,lafayette-colorado
https://www.ubereats.com/denver/food-delivery/3-margaritas-thorton/TdZxBgrATZiR5t7Pj48Xtw,lafayette-colorado
https://www.ubereats.com/denver/food-delivery/taco-bell-2005-w-136th-ave/nHxUJbTkQF-MbNYFlKh2KQ,lafayette-colorado
https://www.ubereats.com/denver/food-delivery/noodles-%26-company-14375-orchard-pkwy-ste-600/yuzybSBVRHKpTFrHYwDymA,lafayette-colorado
https://www.ubereats.com/denver/food-delivery/bacco-trattoria-%26-mozzarella-bar/pvZzQ6_JSxe7fE5z2YO5CA,lafayette-colorado
https://www.ubereats.com/denver/food-delivery/carrabbas-575-s-mccaslin-blvd/q4agTBe3RjKfBSLVKYH4TQ,lafayette-colorado
https://www.ubereats.com/denver/food-delivery/outback-steakhouse-988-dillon-road/F95sxozjRPCUF1_PNGF2Kg,lafayette-colorado
https://www.ubereats.com/denver/food-delivery/godfathers-pizza-thornton/CU6TWuOLQ0i8tPHsAj3Ahw,lafayette-colorado
https://www.ubereats.com/denver/food-delivery/subway-1335-s-boulder-rd/PMYqhnm9SlmeyIFT0uajhA,lafayette-colorado
https://www.ubereats.com/denver/food-delivery/famous-daves-bbq-thornton/G8Ypv3IpSvqxlzSyNR0sLg,lafayette-colorado
https://www.ubereats.com/denver/food-delivery/starbucks-16769-n-washington-st-lakeridge/TgLEeXBtRfqcpy58jLSOnw,lafayette-colorado
https://www.ubereats.com/denver/food-delivery/mcdonalds-westminster-co-128th-%26-zuni/roySJ-k-R1OmQotWO3acrQ,lafayette-colorado
https://www.ubereats.com/denver/food-delivery/chipotle-mexican-grill-375-mccaslin-blvd-ste-d/-PytUmDCRkOkpH11WSyvkg,lafayette-colorado
https://www.ubereats.com/denver/food-delivery/tgi-fridays-569-thornton-colorado-co/f4ZWmkvPRBSThO6IE44cDg,lafayette-colorado
https://www.ubereats.com/denver/food-delivery/california-pizza-kitchen-1-west-flatiron-circle-%231120/k1-LFlCASou0rLSse1El-g,lafayette-colorado
https://www.ubereats.com/denver/food-delivery/ra-sushi-broomfield/lK4tb-TMQ0GrU-1A6ebtjQ,lafayette-colorado
https://www.ubereats.com/denver/food-delivery/subway-745-n-us-highway-287/wApQsRgcTAC9fHN5hJgeCQ,lafayette-colorado
https://www.ubereats.com/denver/food-delivery/red-robin-587-799-w-146th-ave/Oy6PCuFXQkOH0Ksverh5xA,lafayette-colorado
https://www.ubereats.com/denver/food-delivery/breakfast-champion/uUOlq-nfQk6nuZvVJG308g,lafayette-colorado
https://www.ubereats.com/denver/food-delivery/fat-shack-thornton/BDHyN6rDSN2LY_hrCO5J4Q,lafayette-colorado
https://www.ubereats.com/denver/food-delivery/atlanta-bread-northglenn/oqt2AKNETZGXRsr_tEUyDQ,lafayette-colorado
https://www.ubereats.com/denver/food-delivery/le-frigo/JfRX3cHyS0O82k9Qn87Skg,lafayette-colorado
https://www.ubereats.com/denver/food-delivery/tokyo-joes-1005-w-120th-ave/Pqz7F1lkQt6s_Ymv3ndkjg,lafayette-colorado
https://www.ubereats.com/denver/food-delivery/panda-express-155-east-ken-pratt-blvd/JtOMBySpQFi6GoG3DyMm2A,lafayette-colorado
https://www.ubereats.com/denver/food-delivery/3-margaritas-westminster/3_piEpg_To2U7drSfX9k4A,lafayette-colorado
https://www.ubereats.com/denver/food-delivery/mr-sake-sushi-%26-grill/8-SKDszGThyeXKSvahEJ3w,lafayette-colorado
https://www.ubereats.com/denver/food-delivery/wendys-1905-w-6th-ave/tfvWCi-1QK2M5Cs-UsMeig,lafayette-colorado
https://www.ubereats.com/denver/food-delivery/emperor-palace/WLddaYIHSQKMWHDcKZG_Ug,lafayette-colorado
https://www.ubereats.com/denver/food-delivery/blackjack-pizza-%26-salads-walnut-st/EH7oV5dqQ-KVAtfD29SzpQ,lafayette-colorado
https://www.ubereats.com/denver/food-delivery/waikiki-poke/dSk41B1XSMeiebG-oycZHg,lafayette-colorado
https://www.ubereats.com/denver/food-delivery/jerusalem-restaurant-boulder/QFqulCrgQF-c36vbBI-JLA,lafayette-colorado
https://www.ubereats.com/denver/food-delivery/auntie-annes-1-w-flatiron-crossing-dr-space-2234/3KiEEZU0TIiLRnvXFTPp3Q,lafayette-colorado
https://www.ubereats.com/denver/food-delivery/oskar-blues-boulder-taproom-boulder/xV9hGz79RVmv3QA-_JURXg,lafayette-colorado
https://www.ubereats.com/denver/food-delivery/the-roadhouse-boulder-depot/lmo8f7WiT02t4Gq-AZzReg,lafayette-colorado
https://www.ubereats.com/denver/food-delivery/sonic-2440-w-128th-ave/7YsutCyeTjCPd5A2ATvGvg,lafayette-colorado
https://www.ubereats.com/denver/food-delivery/kfc-2581-e-120th-ave/fZdD6qxRTtKlb9WBownN0w,lafayette-colorado
https://www.ubereats.com/denver/food-delivery/arbys-8549/-MkbtVLpTNGC458wR-A0JA,lafayette-colorado
https://www.ubereats.com/denver/food-delivery/kfc-250-w-136th-avenue/oucIytvISSauem8eLXvc4Q,lafayette-colorado
https://www.ubereats.com/denver/food-delivery/sonic-950-e-120th-avenue/curYUH96SSyCCGZjrvTSsg,lafayette-colorado
https://www.ubereats.com/denver/food-delivery/star-sushi-restaurant/ldWr2eC3TVG1MRCsnkrUuw,lafayette-colorado
https://www.ubereats.com/denver/food-delivery/zoes-kitchen-4550-main-street-unit-600/6_NjhsulT6m5cZYuO1JwZw,lafayette-colorado
https://www.ubereats.com/denver/food-delivery/noodles-%26-company-4530-w-121st-ave/UxlGvNTzT3ulX6zjf81OFQ,lafayette-colorado
https://www.ubereats.com/denver/food-delivery/five-guys-co-1840-14326-lincoln-st/yGMIe56iTO2enCIL6Nb0lw,lafayette-colorado
https://www.ubereats.com/denver/food-delivery/firehouse-subs-lincoln-st/TcwQovROTOGQcNzIOpQYpw,lafayette-colorado
https://www.ubereats.com/denver/food-delivery/bandar/VlUnbq2bRdG8v3U_VipjMw,lafayette-colorado
https://www.ubereats.com/denver/food-delivery/red-agave-tequileria-and-cocina/GJL3HrCkQVWROPn5f-VwLg,lafayette-colorado
https://www.ubereats.com/denver/food-delivery/curry-n-kebob/VS9ALatVTV-5S0TM04RQhQ,lafayette-colorado
https://www.ubereats.com/denver/food-delivery/sweet-cow-ice-cream-louisville/1S_D4yYXS9qGGf0xAMFg8A,lafayette-colorado
https://www.ubereats.com/denver/food-delivery/mod-pizza-westminster-promenade/CrlMus8dSb2Z9hyrMKdCFg,lafayette-colorado
https://www.ubereats.com/denver/food-delivery/taste-of-philly/sjETUPbYQzGhmzkThCfGFw,lafayette-colorado
https://www.ubereats.com/denver/food-delivery/emilios-almost-famous/1dqiAIijQQW_dO8e-POO_g,lafayette-colorado
https://www.ubereats.com/denver/food-delivery/zoes-coffee-decatur-st/PkF8K2dGTYG4o35-iloEzg,lafayette-colorado
https://www.ubereats.com/denver/food-delivery/sushi-aji-lafayette/Lay_7LKVR_2wCacY5DVIGA,lafayette-colorado
https://www.ubereats.com/denver/food-delivery/bravos-italian-restaurant/JDDKKvf3StuOkl22NB9vtA,lafayette-colorado
https://www.ubereats.com/denver/food-delivery/tangerine-lafayette/X8bU47_YT4eKWEmEQQqXPg,lafayette-colorado
https://www.ubereats.com/denver/food-delivery/everest-cafe/XNvPuYg0Q9mZRJi_lj751A,lafayette-colorado
https://www.ubereats.com/denver/food-delivery/t-aco-an-urban-taqueria/1yqTgYo5Qmqo4oyQNnV12w,lafayette-colorado
https://www.ubereats.com/denver/food-delivery/east-moon-asian-bistro-%26-sushi-westminister/DBnrPVU5ToiRnbBF4sPKSg,lafayette-colorado
https://www.ubereats.com/denver/food-delivery/big-daddy-bagels-boulder/QbfiR6nYRGSuKSBF_03BHQ,lafayette-colorado
https://www.ubereats.com/denver/food-delivery/big-daddy-bagels-lafayette/m39geFbgS7uZSkhTkbfzGQ,lafayette-colorado
https://www.ubereats.com/denver/food-delivery/glacier-homemade-ice-cream-boulder/iCn_Tas5SAC1-mkJZrGbsg,lafayette-colorado
https://www.ubereats.com/denver/food-delivery/qdoba-mexican-grill-10431-town-center-dr-suite-600/Niq55gtmQu23JuCyl6ABLQ,lafayette-colorado
https://www.ubereats.com/denver/food-delivery/mateo/oBegaCTzSSKxA4TZhy66EA,lafayette-colorado
https://www.ubereats.com/denver/food-delivery/subway-5290-e-arapahoe-ave/lO2vWEVOTl-8wkb7hcGBYw,lafayette-colorado
https://www.ubereats.com/denver/food-delivery/the-huckleberry/rzM4sXVgQoiDw0SIbeA7zQ,lafayette-colorado
https://www.ubereats.com/denver/food-delivery/jersey-mikes-subs-14452-orchard-parkwaysuite-500/3BcOOOOuSnONuc8MCYPwIw,lafayette-colorado
https://www.ubereats.com/denver/food-delivery/subway-4651-w-121st-ave/pLhzEYGWQvGEyWr3ca_KdA,lafayette-colorado
https://www.ubereats.com/denver/food-delivery/wing-squad-broomfield/F9rcdQ1zRniHMd3xO25h9Q,lafayette-colorado
https://www.ubereats.com/denver/food-delivery/meenas-restaraunt/tMxRHpjIQqSbUa38ztH0SA,lafayette-colorado
https://www.ubereats.com/denver/food-delivery/wendys-455-s-boulder-rd/V43wZ3L7RO6N07Xs_CVDpw,lafayette-colorado
https://www.ubereats.com/denver/food-delivery/club-house-sandwich-bar/d675cRgzSESsUhn73GVboQ,lafayette-colorado
https://www.ubereats.com/denver/food-delivery/potbelly-sandwich-shop-boulder-%7C-429/WcFHXw7vQ6K8QphrIpGV5A,lafayette-colorado
https://www.ubereats.com/denver/food-delivery/infuzed-soda-bar/VBRGs0PoTBmvURzfYsuBoA,lafayette-colorado
https://www.ubereats.com/denver/food-delivery/brothers-bbq-broomfield/DO-6c4aJRVaZrP1fPSz2fw,lafayette-colorado
https://www.ubereats.com/denver/food-delivery/button-rock-bakery/F-noj2jITMiYIEcMM03ZUg,lafayette-colorado
https://www.ubereats.com/denver/food-delivery/hacienda-colorado-westminster/e18s-D8ITfWGKZ34fMkqZw,lafayette-colorado
https://www.ubereats.com/denver/food-delivery/taco-star-northglenn/sAS5pWAMTHO6F3v1EHG1yA,lafayette-colorado
https://www.ubereats.com/denver/food-delivery/chipotle-mexican-grill-5160-w-120th-ave-unit-b/2LtiBN9CQ8OoIeGew8HBvQ,lafayette-colorado
https://www.ubereats.com/denver/food-delivery/cava-4550-main-st-unit-600/Uz_qzNYwRfKdXQqfci1u5w,lafayette-colorado
https://www.ubereats.com/denver/food-delivery/miles-sports-pub-%26-grub/6wA9pt8lSK6fzofQDvFYrg,lafayette-colorado
https://www.ubereats.com/denver/food-delivery/arbys-8624/AbT-IR9cQA2FYUd1AFSMxA,lafayette-colorado
https://www.ubereats.com/denver/food-delivery/subway-555-hwy-287/O-o1xxcbSvCeWefZ6bciKg,lafayette-colorado
https://www.ubereats.com/denver/food-delivery/sonic-2400-e-coalton-rd/WFD7h47lTAaSuSm2o_Abvw,lafayette-colorado
https://www.ubereats.com/denver/food-delivery/the-broadlands-grill/Pf-fHjriTcCzmCXaceSX8g,lafayette-colorado
https://www.ubereats.com/denver/food-delivery/noodles-%26-company-534-w-south-boulder-rd-unit-a/ulng4lEASnC-Hz41NltPQQ,lafayette-colorado
https://www.ubereats.com/denver/food-delivery/twin-peaks-299-e-flatiron-crossing-dr/_D7vrR5aStWe9CnFOkfQbg,lafayette-colorado
https://www.ubereats.com/denver/food-delivery/buffalo-wild-wings-10436-town-center-dr-ste-100/-nJqXRfyTBaw1T3s_N2_7A,lafayette-colorado
https://www.ubereats.com/denver/food-delivery/pho-78-broomfield/WOTmWI2HQ0mSnmy4julKLg,lafayette-colorado
https://www.ubereats.com/denver/food-delivery/chipotle-mexican-grill-548-w-south-boulder-rd-unit-d/L7yx49GeQ9eZOj2fa4l6Uw,lafayette-colorado
https://www.ubereats.com/denver/food-delivery/old-chicago-521280-east-1st-avenue/GfUgH2RVSRqiDbv9YlXY9g,lafayette-colorado
https://www.ubereats.com/denver/food-delivery/noodles-%26-company-3824-e-120th-ave/nRB5FEeeQHmqEkYx8_co6w,lafayette-colorado
https://www.ubereats.com/denver/food-delivery/bleu-sage-cafe/eizGBY-qT4q2JeSydbBMhA,lafayette-colorado
https://www.ubereats.com/denver/food-delivery/yellowbelly-boulder/KqWHrChITB6JqSsV_VLA4Q,lafayette-colorado
https://www.ubereats.com/denver/food-delivery/oscars-kabob-and-gyros/dwaJNLoOTee4PwA7lNMfSQ,lafayette-colorado
https://www.ubereats.com/denver/food-delivery/charleys-philly-steaks-denver-premium-outlets/-MROcNxJQSS7iAHGray9Dg,lafayette-colorado
https://www.ubereats.com/denver/food-delivery/the-doughnut-club-broomfield/lYAVsXWUTT25CeYJ9JNEKA,lafayette-colorado
https://www.ubereats.com/denver/food-delivery/qdoba-mexican-grill-9379-sheridan-blvd-suite-100/Y-3gRabCS4CxstKOoBr79w,lafayette-colorado
https://www.ubereats.com/denver/food-delivery/larkburger-boulder/RJm8qT5XSlGa1quo6gxVhA,lafayette-colorado
https://www.ubereats.com/denver/food-delivery/zucca-italian-ristorante/SX9be8dMTr6WWzpWk_ZapA,lafayette-colorado
https://www.ubereats.com/denver/food-delivery/pita-pit-westminster/L9-kKel2Rii49lVMvlGVIw,lafayette-colorado
https://www.ubereats.com/denver/food-delivery/rincon-argentino/LWrzMIp3QgG-RHS8ns077w,lafayette-colorado
https://www.ubereats.com/denver/food-delivery/hippos-mexican-burgers-and-more/K-naofJ1SOu6KaRPaalg0g,lafayette-colorado
https://www.ubereats.com/denver/food-delivery/outback-steakhouse-497-east-120th-avenue/akT3QFZBQLyQ8upADDNwVw,lafayette-colorado
https://www.ubereats.com/denver/food-delivery/benders-bar-%26-grill/JoSCvlOFS_G8NT-Rns18AA,lafayette-colorado
https://www.ubereats.com/denver/food-delivery/rush-bowls-broomfield/44sqzMT6QW-RAuqMnYLfpA,lafayette-colorado
https://www.ubereats.com/denver/food-delivery/popeyes-12051-huron-st/tqTDnrOmTv-2_eJrkWovSw,lafayette-colorado
https://www.ubereats.com/denver/food-delivery/noodles-%26-company-1600-28th-st-ste-1208/YSIA7dN2QOyzu21C6avUEA,lafayette-colorado
https://www.ubereats.com/denver/food-delivery/panda-express-2680-w-104th-ave/OX-nbXQwTEmQfYlw_TmNRw,lafayette-colorado
https://www.ubereats.com/denver/food-delivery/gque-bbq/DasuJIzJQpSOhzOb_zSz6Q,lafayette-colorado
https://www.ubereats.com/denver/food-delivery/menchies-frozen-yogurt-6415-w-104th-ave/IwyCxv-PRv6ylfRHJ-_oZg,lafayette-colorado
https://www.ubereats.com/denver/food-delivery/first-watch-northglenn/UYDMwAKXQVWlW-SMsqnkVw,lafayette-colorado
https://www.ubereats.com/denver/food-delivery/chipotle-mexican-grill-14452-orchard-pkwy/-IuyXvCcTaG2lxR5ELrvbA,lafayette-colorado
https://www.ubereats.com/denver/food-delivery/go-fish-sushi-broomfield/lv13sNOASDqOa7AZMbdITw,lafayette-colorado
https://www.ubereats.com/denver/food-delivery/rincon-del-sol/uFw1JDe9S7i-GjE1DH7oMA,lafayette-colorado
https://www.ubereats.com/denver/food-delivery/potbelly-sandwich-shop-thornton-dt-%7C-479/WhtlCGQWSZStF9vfz-uyTg,lafayette-colorado
https://www.ubereats.com/denver/food-delivery/panda-express-2100-1a-28th-street/SIin54AOQVqom3JlYgc-fw,lafayette-colorado
https://www.ubereats.com/denver/food-delivery/bjs-restaurant-%26-brewhouse-10446-town-center-drive/4jSVoJFZQZaCJPTMZw7eXw,lafayette-colorado
https://www.ubereats.com/denver/food-delivery/la-fogata/B9U1l0OuT2quHGGrRFgVzw,lafayette-colorado
https://www.ubereats.com/denver/food-delivery/huhot-mongolian-grill-14697-delaware-st-ste-1500/QXLONPFFQkupBpbwXxSjDQ,lafayette-colorado
https://www.ubereats.com/denver/food-delivery/smashburger-994-w-dillon-rd/m2mq17CwQCKKUO3U1bKMSA,lafayette-colorado
https://www.ubereats.com/denver/food-delivery/anthonys-ii/WzkSK15RTGyEC8eIvvtNaQ,lafayette-colorado
https://www.ubereats.com/denver/food-delivery/pho-78-westminster/p9wav_hxQlmESNgvUKXiug,lafayette-colorado
