url,city
https://www.ubereats.com/los-angeles/food-delivery/bad-ass-breakfast-burritos-northridge/ab2dmlruRbmQjFLgFOC9_g,woodland-hills-california
https://www.ubereats.com/los-angeles/food-delivery/sushi-ai/oHYPQ_UCT_2pjtzwWvPLyw,woodland-hills-california
https://www.ubereats.com/los-angeles/food-delivery/marias-italian-kitchen-woodland-hills/EuZBk9LnRqKn4tsQSsry2Q,woodland-hills-california
https://www.ubereats.com/los-angeles/food-delivery/phat-philly-cheesesteaks/ylfKyQnSToiFIgLeGi7bcA,woodland-hills-california
https://www.ubereats.com/los-angeles/food-delivery/tamales-house/lMO-FBlASIqm6GTkjUo0aw,woodland-hills-california
https://www.ubereats.com/los-angeles/food-delivery/mcdonalds-reseda/B7fzFsuNRIWXZdsmFMz15w,woodland-hills-california
https://www.ubereats.com/los-angeles/food-delivery/subway-6800-reseda-blvd/JotVTm2LTTWw5ndM1JyI-w,woodland-hills-california
https://www.ubereats.com/los-angeles/food-delivery/dine-in-7/_aMgDWBoTlSYG0NKqUpWKQ,woodland-hills-california
https://www.ubereats.com/los-angeles/food-delivery/damores-pizza-canoga-park/k3FnhikwT7Cjf1dN2TadUg,woodland-hills-california
https://www.ubereats.com/los-angeles/food-delivery/currying-flavors/p_--_fBNTAeJrr49KGvZPA,woodland-hills-california
https://www.ubereats.com/los-angeles/food-delivery/chipotle-mexican-grill-6443-canoga-ave/r5TI1xGSRuWBME118fxkiw,woodland-hills-california
https://www.ubereats.com/los-angeles/food-delivery/fab-hot-dogs/8912yWllThqqJKtIJXOxyA,woodland-hills-california
https://www.ubereats.com/los-angeles/food-delivery/capriottis-9171-de-soto-ave-suite-e/6smM2u6XRVO2YafEBZOKaA,woodland-hills-california
https://www.ubereats.com/los-angeles/food-delivery/taco-bell-23275-mulholland-drive/6PsD-QuzQ-WQcu3osrAjwQ,woodland-hills-california
https://www.ubereats.com/los-angeles/food-delivery/wendys-8232-desoto-avenue/1du9soV7QCGE7OvUzQbnSg,woodland-hills-california
https://www.ubereats.com/los-angeles/food-delivery/%26-waffles/vIv-yv_SQMK8SJgjvuI_nw,woodland-hills-california
https://www.ubereats.com/los-angeles/food-delivery/kfc-6916-reseda-boulevard/TLl5BtmhRFSHjTSczbL19A,woodland-hills-california
https://www.ubereats.com/los-angeles/food-delivery/gyu-kaku-japanese-bbq-topanga-canyon/cDZzOvHrTHyPjGtUwQc4UQ,woodland-hills-california
https://www.ubereats.com/los-angeles/food-delivery/baja-fresh-northridge/YbcZjvrdTq-lvG0cle242Q,woodland-hills-california
https://www.ubereats.com/los-angeles/food-delivery/big-boy-8876-corbin-ave/DO84f7BtR0i--dbS1hV4Gw,woodland-hills-california
https://www.ubereats.com/los-angeles/food-delivery/big-mamas-%26-papas-pizzeria-tarzana/ECRR9UexRDatw56p-eipgA,woodland-hills-california
https://www.ubereats.com/los-angeles/food-delivery/kopan-ramen-encino/vJqwLOCTRKCR4QPFqs3kiw,woodland-hills-california
https://www.ubereats.com/los-angeles/food-delivery/cake-bash-studio/KuwI60XFQ-SwYfAE5Gpy-A,woodland-hills-california
https://www.ubereats.com/los-angeles/food-delivery/jack-in-the-box-22730-victory-blvd/TuN3J17US6WDBPa6OHpiiA,woodland-hills-california
https://www.ubereats.com/los-angeles/food-delivery/the-local-peasant-woodland-hills/P7k2GfT8TheMXCBoqRlE_w,woodland-hills-california
https://www.ubereats.com/los-angeles/food-delivery/el-torito-6040-canoga-avenue/u8gfEB69QPyPrNV5ByHc6Q,woodland-hills-california
https://www.ubereats.com/los-angeles/food-delivery/jersey-mikes-subs-northridge-19350-c-nordhoff-st/56bq0A_JTJCaKU0MM4VuoQ,woodland-hills-california
https://www.ubereats.com/los-angeles/food-delivery/tavern-101-grill-%26-tap-house/yJ58JvxuQ_moAKqZacgfPg,woodland-hills-california
https://www.ubereats.com/los-angeles/food-delivery/subway-10368-mason-ave/u_aEXHyzStygJPK-25khJg,woodland-hills-california
https://www.ubereats.com/los-angeles/food-delivery/wendys-22611-ventura-blvd/2l9vDn7lRSObS5XSQ6gTuA,woodland-hills-california
https://www.ubereats.com/los-angeles/food-delivery/vanak-bakery/SJ_gZocxRRa2LBeIADXmQA,woodland-hills-california
https://www.ubereats.com/los-angeles/food-delivery/carls-jr-7351/TsQIsYPJQBuLl8COIJKoqw,woodland-hills-california
https://www.ubereats.com/los-angeles/food-delivery/china-star/KiiyiMg-QaO8g46zVIBXGA,woodland-hills-california
https://www.ubereats.com/los-angeles/food-delivery/popeyes-20915-roscoe-blvd/aQWn8gA5QwOkuuyKmGclRw,woodland-hills-california
https://www.ubereats.com/los-angeles/food-delivery/kosher-eats/1H5BFbomSxyN8rLq9QxRIg,woodland-hills-california
https://www.ubereats.com/los-angeles/food-delivery/subway-20929-ventura-blvd/ZbJwTd8_Q9GxS0oEcYRxNg,woodland-hills-california
https://www.ubereats.com/los-angeles/food-delivery/health-nut-woodland-hills/IQEWyipYRCK8aEb5ghxnEQ,woodland-hills-california
https://www.ubereats.com/los-angeles/food-delivery/chinese-yum!-yum!/_E6xP4NLSXKQyyHccRf7HQ,woodland-hills-california
https://www.ubereats.com/los-angeles/food-delivery/breaking-bad-burritos/AtxZ1cGMRHOZmrC5keka-Q,woodland-hills-california
https://www.ubereats.com/los-angeles/food-delivery/subway-20942-roscoe-blvd/ICzGJHHaT6a9nEgvn_cbuQ,woodland-hills-california
https://www.ubereats.com/los-angeles/food-delivery/bar-louie-northridge/N_QCTChzRo2A-NQCS4xNwg,woodland-hills-california
https://www.ubereats.com/los-angeles/food-delivery/szechuan-place/cv3Dc5MYSPS6K0RtE2J9JA,woodland-hills-california
https://www.ubereats.com/los-angeles/food-delivery/star-donuts/RiqWjqRtQSqmMkus1oig7w,woodland-hills-california
https://www.ubereats.com/los-angeles/food-delivery/kin-sa-japanese-cuisine/PyaMEOWdTSKn-gARxh8xjQ,woodland-hills-california
https://www.ubereats.com/los-angeles/food-delivery/sloans-ice-cream-topanga/tqXZ973tQFKqz1fISyMKqA,woodland-hills-california
https://www.ubereats.com/los-angeles/food-delivery/octopus-japanese-restaurant-encino/QIIe4_JLTf2zVFadrebo_A,woodland-hills-california
https://www.ubereats.com/los-angeles/food-delivery/cold-stone-creamery-19500-plummer-st-unit-f5/Y_cIQ2bjRvCnJjtwPFgcaw,woodland-hills-california
https://www.ubereats.com/los-angeles/food-delivery/corner-bakery-cafe-19500-plummer-st/kXhiMt0SSsuR1kiDUnN5gA,woodland-hills-california
https://www.ubereats.com/los-angeles/food-delivery/myungin-dumplings/hnGYy2awQ72-Rm7tgzRDQQ,woodland-hills-california
https://www.ubereats.com/los-angeles/food-delivery/the-carving-board-tarzana/Xzfct72_QaGyb9CC-5GiGg,woodland-hills-california
https://www.ubereats.com/los-angeles/food-delivery/royal-orchid-thai-cuisine/R2LhfH3tR4iH9GGtZs_YpA,woodland-hills-california
https://www.ubereats.com/los-angeles/food-delivery/poke-bar-6215-topanga-canyon-blvd/uoC-5q58QPOEByGP_eaVwQ,woodland-hills-california
https://www.ubereats.com/los-angeles/food-delivery/jamba-juice-6600-topanga-canyon-blvd/0tihIYuDTWqdhRZbPiIJew,woodland-hills-california
https://www.ubereats.com/los-angeles/food-delivery/starbucks-ventura-%26-de-soto/kFAIaULtSvirZ95HsJMm0Q,woodland-hills-california
https://www.ubereats.com/los-angeles/food-delivery/cava-6256-n-topanga-canyon-blvd-bldg-c-suite-%231280/5wuz7AdLTkmnIYQUMKtjRQ,woodland-hills-california
https://www.ubereats.com/los-angeles/food-delivery/mcdonalds-6433-fallbrook-avenue/NVkk0K0gTfC9efxwR4t87Q,woodland-hills-california
https://www.ubereats.com/los-angeles/food-delivery/bjs-restaurant-%26-brewhouse-6424-canoga-avenue/_mjPQF_sT1KMsKjFJUgysA,woodland-hills-california
https://www.ubereats.com/los-angeles/food-delivery/five-guys-ca-1326-8850-tampa-ave/JF75AyplQAyZaNd3SqxRAw,woodland-hills-california
https://www.ubereats.com/los-angeles/food-delivery/yoshinoya-6800-reseda-blvd-%23h/aXF5TvO1SbalWI1HsrbRgQ,woodland-hills-california
https://www.ubereats.com/los-angeles/food-delivery/starbucks-desoto-%26-knapp/wy4XCqBATC-Z03n7TS1_SQ,woodland-hills-california
https://www.ubereats.com/los-angeles/food-delivery/pita-kitchen/E4S4WqW3R92KeSb5CD5FSg,woodland-hills-california
https://www.ubereats.com/los-angeles/food-delivery/carls-jr-7366/Y8e3mfAQS1W-cGs2uuHjtw,woodland-hills-california
https://www.ubereats.com/los-angeles/food-delivery/top-sushi/QxiUrn7nTp2BjmgtackHgg,woodland-hills-california
https://www.ubereats.com/los-angeles/food-delivery/deli-bros-cafe/7ox87e3PQWCUovn4zhZqTw,woodland-hills-california
https://www.ubereats.com/los-angeles/food-delivery/el-pollo-loco-8301-reseda-blvd5737/TEKqRh1DTAil9epJ7eqU9A,woodland-hills-california
https://www.ubereats.com/los-angeles/food-delivery/the-stand-northridge/_lhXhp7-Q-eUyhE7AxCw-w,woodland-hills-california
https://www.ubereats.com/los-angeles/food-delivery/subway-9870-desoto-ave/MVpb2LKBRrKS5uO6FnOYHw,woodland-hills-california
https://www.ubereats.com/los-angeles/food-delivery/panda-express-6600-topanga-canyon-blvd/0GVKSuUfSWeNktxM5ZssIQ,woodland-hills-california
https://www.ubereats.com/los-angeles/food-delivery/cantoneats/WcQg9DQAQXC6gvTZ5UzoOA,woodland-hills-california
https://www.ubereats.com/los-angeles/food-delivery/panda-express-29145-canwood-st/ODsvEl6eRASXBR5ewBDA9Q,woodland-hills-california
https://www.ubereats.com/los-angeles/food-delivery/yalla-eat/La6mWeR7SSqrN63IMrcg9g,woodland-hills-california
https://www.ubereats.com/los-angeles/food-delivery/starbucks-devonshire-%26-mason/OKvz4xjVRAK1YSLnbJoTzw,woodland-hills-california
https://www.ubereats.com/los-angeles/food-delivery/the-carving-board-topanga/Pa0VYX7nSce-x6YR1E0yMQ,woodland-hills-california
https://www.ubereats.com/los-angeles/food-delivery/pingpong-chinese-cuisine/ss4C7HsjTIao0Knn7J73TA,woodland-hills-california
https://www.ubereats.com/los-angeles/food-delivery/tijuana-grill-%232-saticoy/BPGqP48dQUC15uPBaFxKxg,woodland-hills-california
https://www.ubereats.com/los-angeles/food-delivery/subway-17261-ventura-blvd/LDn8pkNhSkSDSSCF91AuzQ,woodland-hills-california
https://www.ubereats.com/los-angeles/food-delivery/tacosway-roscoe-blvd/MnA9qUeeSfOvHoh8VxAIgQ,woodland-hills-california
https://www.ubereats.com/los-angeles/food-delivery/anarbagh-westlake-village/MeTji36jSyG7ykQUkUjuyw,woodland-hills-california
https://www.ubereats.com/los-angeles/food-delivery/carls-jr-7359/Fl6f0seST0qd7X4OrnTAVQ,woodland-hills-california
https://www.ubereats.com/los-angeles/food-delivery/its-boba-time-northridge/MsiRwjbMQjauQpa8_OIvkQ,woodland-hills-california
https://www.ubereats.com/los-angeles/food-delivery/mamicons-mexican-restaurant/9UXbIBkJRpOng7zb-hYfhg,woodland-hills-california
https://www.ubereats.com/los-angeles/food-delivery/ihop-19100-ventura-blvd/kjSXL-xBQS-uVtTfq0E4JA,woodland-hills-california
https://www.ubereats.com/los-angeles/food-delivery/salad-farm-chatsworth/1drX7ms0TLWejPsXL0wgJw,woodland-hills-california
https://www.ubereats.com/los-angeles/food-delivery/anytime-breakfast/QvYYt8I5QBWQasd2S7XOnw,woodland-hills-california
https://www.ubereats.com/los-angeles/food-delivery/el-taco-llama/Bvp5ETnuQAup-j8PyBTXrw,woodland-hills-california
https://www.ubereats.com/los-angeles/food-delivery/killer-wings/ewMrmFgiQgaXKRAIjpM9WA,woodland-hills-california
https://www.ubereats.com/los-angeles/food-delivery/freshii-northridge/OVjduv7tS4yejpU9cbvgEg,woodland-hills-california
https://www.ubereats.com/los-angeles/food-delivery/poquito-mas-chatsworth/D_MUBLUGQiSL9ZW6rWT4Ug,woodland-hills-california
https://www.ubereats.com/los-angeles/food-delivery/ponchos/ynCcZYHaTY2xxcc2xjhNFw,woodland-hills-california
https://www.ubereats.com/los-angeles/food-delivery/pozis-fresh-grill/uaLfOhF9QTGoHcHlgqm0yw,woodland-hills-california
https://www.ubereats.com/los-angeles/food-delivery/la-corona-bar-%26-grill/Byp_SHHmQ-uscHlfhC-otg,woodland-hills-california
https://www.ubereats.com/los-angeles/food-delivery/dough-girl/54ENfKxpSqmGxMx9UjpxJg,woodland-hills-california
https://www.ubereats.com/los-angeles/food-delivery/flemings-prime-steakhouse-%26-wine-bar-woodland-hills/a3dFvDvyQCuLbeEfEOFGeQ,woodland-hills-california
https://www.ubereats.com/los-angeles/food-delivery/olive-food-market/f6BezkGsRp6GF7wpD_bfmw,woodland-hills-california
https://www.ubereats.com/los-angeles/food-delivery/the-boiling-crab-woodland-hills/TZ6NAhwLRXqIcidtWr55XQ,woodland-hills-california
https://www.ubereats.com/los-angeles/food-delivery/panda-express-17200-ventura-blvd/ZAJ9gG6HQpe_Gkl8be2yAw,woodland-hills-california
https://www.ubereats.com/los-angeles/food-delivery/willies-bbq-%26-smoke-house/wu_uHNdqR6CXXzcqMXPs5w,woodland-hills-california
https://www.ubereats.com/los-angeles/food-delivery/sumo-asian-buffet-%26-grill/k-k4XAqyTzOR-fuPTGaT0Q,woodland-hills-california
https://www.ubereats.com/los-angeles/food-delivery/downtown-philly-cheesesteaks/8W6QkGh1RG-M_oThdWfzQg,woodland-hills-california
https://www.ubereats.com/los-angeles/food-delivery/the-funnel-house/5XSc0W4JTsapcoCCOgCqbQ,woodland-hills-california
https://www.ubereats.com/los-angeles/food-delivery/marmalade-cafe-calabasas/mn_sg5v3S0aEKdDvnN_ZAQ,woodland-hills-california
https://www.ubereats.com/los-angeles/food-delivery/dennys-22027-burbank-blvd/V-E4iJy3RIeBFnSagzweXg,woodland-hills-california
https://www.ubereats.com/los-angeles/food-delivery/las-fuentes/HOm3mHNYSMKUZzSb8PHqxA,woodland-hills-california
https://www.ubereats.com/los-angeles/food-delivery/jerk-wings-cafe/_FCWbr5FTQiKqbzYATAgyQ,woodland-hills-california
https://www.ubereats.com/los-angeles/food-delivery/new-york-style-chicken-%26-gyro/8NFL8Pw9TO6q9AgcZ_b-Uw,woodland-hills-california
https://www.ubereats.com/los-angeles/food-delivery/kings-burgers/-pu3W1w6Riy4PVnPFjr8hQ,woodland-hills-california
https://www.ubereats.com/los-angeles/food-delivery/tacoswow/lUakgrczRhuKBLBGSqXIyg,woodland-hills-california
https://www.ubereats.com/los-angeles/food-delivery/mcdonalds-cp-roscoe/30YnjKq5RC-FEj6rNc_tNQ,woodland-hills-california
https://www.ubereats.com/los-angeles/food-delivery/thaibbq-tarzana/Q5_KcjMJTJy5ZfajTK4lzQ,woodland-hills-california
https://www.ubereats.com/los-angeles/food-delivery/ihop-22810-vanowen-st/WHGiwr7bSPWCj-pQl2FlDg,woodland-hills-california
https://www.ubereats.com/los-angeles/food-delivery/the-shrimp-and-taco-stop/Zy5O_JALQYS8GQlGWEzXOw,woodland-hills-california
https://www.ubereats.com/los-angeles/food-delivery/el-incomparable-peruvian-cuisine-reseda/fMLGOZ87RUCRWxLH2PGNqw,woodland-hills-california
https://www.ubereats.com/los-angeles/food-delivery/chipotle-mexican-grill-9175-de-soto-ave/NL2sMxm6R0S52IG8J443iQ,woodland-hills-california
https://www.ubereats.com/los-angeles/food-delivery/omgrill/GKatMsCWRV66o0ZXqehowA,woodland-hills-california
https://www.ubereats.com/los-angeles/food-delivery/dunkin-30895-e-thousand-oaks-blvd-%23101/r28TVgyjQ0-H1lsiiXFBpA,woodland-hills-california
https://www.ubereats.com/los-angeles/food-delivery/fork-and-spoon/CggqQ5sYS527lTMa6qzQRA,woodland-hills-california
https://www.ubereats.com/los-angeles/food-delivery/cinnabon-6600-topanga-canyon-blvd/32UGKFtLSq2IF_Ff-yLz1A,woodland-hills-california
https://www.ubereats.com/los-angeles/food-delivery/mcdonalds-woodland-erwin/Nnj3I-KgSpe3kqt7b_o2dg,woodland-hills-california
https://www.ubereats.com/los-angeles/food-delivery/panera-bread-6344-north-topanga-canyon-blvd/6CkfMs23R-qnGGboN7S4iw,woodland-hills-california
https://www.ubereats.com/los-angeles/food-delivery/mediterranean-pita-grill-calabasas/juDxYmTLS3qG-jihsYjrYw,woodland-hills-california
https://www.ubereats.com/los-angeles/food-delivery/robeks-juice/8w1Wiv_rSSiCQU6K8WYzYw,woodland-hills-california
https://www.ubereats.com/los-angeles/food-delivery/wanderlust-creamery-ventura-blvd/t6s_j7YOQo690llo7xPqyg,woodland-hills-california
https://www.ubereats.com/los-angeles/food-delivery/mortons-the-steakhouse-6250-canoga-ave-suite-111/g2Tp7R0KRoSEkB1mtRhPvg,woodland-hills-california
https://www.ubereats.com/los-angeles/food-delivery/veganic/yujAjGKjR8mcrs_mgxJXog,woodland-hills-california
https://www.ubereats.com/los-angeles/food-delivery/awesome-thai/b-7KEhSrRd-z2cOdLtonjA,woodland-hills-california
https://www.ubereats.com/los-angeles/food-delivery/earls-donut-house/DAyfdLALQzS9jINa9EgRow,woodland-hills-california
https://www.ubereats.com/los-angeles/food-delivery/oishi-japanese-cuisine/4D0UyyE6SDGmVFmtxI2v1Q,woodland-hills-california
https://www.ubereats.com/los-angeles/food-delivery/leo-and-lily/DZTmUo4_RRWS7zuPseod9Q,woodland-hills-california
https://www.ubereats.com/los-angeles/food-delivery/cafe-du-liban/eOH24suBSpO4ADo9IjwHrQ,woodland-hills-california
https://www.ubereats.com/los-angeles/food-delivery/california-bowl-teriyaki-sushi/Yx-UpxwpQGeacz7k9sym8g,woodland-hills-california
https://www.ubereats.com/los-angeles/food-delivery/poke-poke-bar/Mcv2GJbCTYmlREuIasa4HQ,woodland-hills-california
https://www.ubereats.com/los-angeles/food-delivery/blue-water-cafe/Yf3tUS_4RfeaWu4sCiKvCQ,woodland-hills-california
https://www.ubereats.com/los-angeles/food-delivery/el-pollo-loco-17240-saticoy-st3457/OMOwv3N8TAS7VYHwEUMaqw,woodland-hills-california
https://www.ubereats.com/los-angeles/food-delivery/el-pollo-loco-5050-kanan-rd3394/Oxcc5P4FRvqvA7MG0wXVbg,woodland-hills-california
https://www.ubereats.com/los-angeles/food-delivery/johnny-pacific/i7HINknpQ_6VcaE1OZEg2g,woodland-hills-california
https://www.ubereats.com/los-angeles/food-delivery/pollo-campero-canoga-park-n-topanga-canyon-blvd/oNJwq8dMTa62dXM4oTUfdA,woodland-hills-california
https://www.ubereats.com/los-angeles/food-delivery/house-of-shish-kabob/ox5lFWtPShCL5qf8Dm9k9Q,woodland-hills-california
https://www.ubereats.com/los-angeles/food-delivery/milanos-flame-pizza-and-pasta/I4HxSWJ6QIKxCp_dxQtxdw,woodland-hills-california
https://www.ubereats.com/los-angeles/food-delivery/taco-bell-4955-las-virgenes-rd/ZnWlUANPSMekIrJ7a62Xqw,woodland-hills-california
https://www.ubereats.com/los-angeles/food-delivery/anarbagh-encino-parent/FD1nOr3GSOOd7v2q8W3q7Q,woodland-hills-california
https://www.ubereats.com/los-angeles/food-delivery/nics-burgers-%26-bowls/Z6rWa3d7TIeAQGRUQTGXnw,woodland-hills-california
https://www.ubereats.com/los-angeles/food-delivery/big-burrito/kt_tdSr4Taym-sedQJErPA,woodland-hills-california
https://www.ubereats.com/los-angeles/food-delivery/ubatuba-acai-woodland-hills/RYFnyb0-QbW41T3fageawg,woodland-hills-california
https://www.ubereats.com/los-angeles/food-delivery/sunny-%26-fines-breakfast-burritos/7N0hrs0ASZKHyJNTQvYW1A,woodland-hills-california
https://www.ubereats.com/los-angeles/food-delivery/the-six-calabasas/bqhFvxwaRd6JLhNTBewHJQ,woodland-hills-california
https://www.ubereats.com/los-angeles/food-delivery/tel-aviv-glatt-kosher-grill-encino/qKfIZng9S9W0C2zdNUSYiQ,woodland-hills-california
https://www.ubereats.com/los-angeles/food-delivery/subway-6800-balboa-blvd/J8mjCwjWScGlzeoVAyC_hA,woodland-hills-california
https://www.ubereats.com/los-angeles/food-delivery/donut-time-cafe/P9X_gF3NR0e8d4Tv-RIi4A,woodland-hills-california
https://www.ubereats.com/los-angeles/food-delivery/baked/D-bpnpZ6TC2NfIlO-4C4WA,woodland-hills-california
https://www.ubereats.com/los-angeles/food-delivery/starbucks-topanga-canyon-and-gault/22wbygxBSEaMgqaQCIiAYQ,woodland-hills-california
https://www.ubereats.com/los-angeles/food-delivery/damores-pizza-tarzana/zE6bXBSfTEC1mUt-2etXsQ,woodland-hills-california
https://www.ubereats.com/los-angeles/food-delivery/carls-jr-7400/NSZ3D4iDRa-OecWmpQ-KMQ,woodland-hills-california
https://www.ubereats.com/los-angeles/food-delivery/chevron-grill/1vVYC6EYT5aXKP57x_2BOA,woodland-hills-california
https://www.ubereats.com/los-angeles/food-delivery/subway-19315-victory-blvd/akSEpsk_QJi1OEjer52HLQ,woodland-hills-california
https://www.ubereats.com/los-angeles/food-delivery/shake-shack-topanga/0opTkj1sRCeXJUVkPfplQw,woodland-hills-california
https://www.ubereats.com/los-angeles/food-delivery/popeyes-18300-vanowen-st-ste-1/OaWUpzO_R4ipOF1LgEDtFQ,woodland-hills-california
https://www.ubereats.com/los-angeles/food-delivery/philhouse-canoga/cwdJhpt8QOyiI4cOdd2-Mg,woodland-hills-california
https://www.ubereats.com/los-angeles/food-delivery/michaels-burger/h_6C-oOARXOg0BBqUnSO5Q,woodland-hills-california
https://www.ubereats.com/los-angeles/food-delivery/urbane-cafe-northridge/yIsrAfJqT4GIjYCHff0mvg,woodland-hills-california
https://www.ubereats.com/los-angeles/food-delivery/burger-king-21227-sherman-way/62FZ4_01Tz6O1bAcCNE-Hg,woodland-hills-california
https://www.ubereats.com/los-angeles/food-delivery/banks-thai/lzu4MwyoQaicVaA4p5f1yw,woodland-hills-california
https://www.ubereats.com/los-angeles/food-delivery/the-grill-spot/SR0TGJF0Ry2MlLzFLYGj7w,woodland-hills-california
https://www.ubereats.com/los-angeles/food-delivery/sams-wings/OC_-Zj94SQiWZxu_UdoYfw,woodland-hills-california
https://www.ubereats.com/los-angeles/food-delivery/umai-savory-hot-dogs/Z-E7Fi6eRDC81tjmxg2scA,woodland-hills-california
https://www.ubereats.com/los-angeles/food-delivery/flippin-birds/CBJuwqRCR8WgIKcPb7dhzg,woodland-hills-california
https://www.ubereats.com/los-angeles/food-delivery/aji-peruvian-cuisine/Utdg9hImTUCTqQSH-Feqwg,woodland-hills-california
https://www.ubereats.com/los-angeles/food-delivery/pho-rider/HFVSs2ezQCmLxfH0NkS-hA,woodland-hills-california
https://www.ubereats.com/los-angeles/food-delivery/exotic-thai-woodland-hills/cvHLYCF-TvemQDU-wyV50A,woodland-hills-california
https://www.ubereats.com/los-angeles/food-delivery/fresh-potato-factory/PxTGMqiHSO2R56tOOJo4_Q,woodland-hills-california
https://www.ubereats.com/los-angeles/food-delivery/western-bagel-northridge/LIrGPgPVQei3_N9pKQsWow,woodland-hills-california
https://www.ubereats.com/los-angeles/food-delivery/chipotle-mexican-grill-18700-ventura-blvd-ste-130/O7zgnEUTQ0yMgEAiTD7t3g,woodland-hills-california
https://www.ubereats.com/los-angeles/food-delivery/red-ginger/UOcg7o8jR1K2QVKDmRKziw,woodland-hills-california
https://www.ubereats.com/los-angeles/food-delivery/chop-shop-butcher-%26-grill/W1mDArqVSOmdsMWKxJly0Q,woodland-hills-california
https://www.ubereats.com/los-angeles/food-delivery/italian-ice-shoppe/4IVIS_BURiS_ttMrfGzIvg,woodland-hills-california
https://www.ubereats.com/los-angeles/food-delivery/shalimar-cuisine-of-india-ventura-blvd/scvziFecRxW1Oh765TizIQ,woodland-hills-california
https://www.ubereats.com/los-angeles/food-delivery/king-kong-chinese-garden/TClXAcvlS7WfHwGZdBYXkw,woodland-hills-california
https://www.ubereats.com/los-angeles/food-delivery/carrillos/EI7H2AqiRDeo37JVd2c7yQ,woodland-hills-california
https://www.ubereats.com/los-angeles/food-delivery/anantra-thai-restaurant/7JQ3-lkHTOWKrZvESxONDg,woodland-hills-california
https://www.ubereats.com/los-angeles/food-delivery/criccas-italian-deli-%26-subs/hS-xMkArR2S0zoW2KxZCHA,woodland-hills-california
https://www.ubereats.com/los-angeles/food-delivery/burger-king-5450-canoga-avenue/c_haHkZsTBezZLXG_jIcGQ,woodland-hills-california
https://www.ubereats.com/los-angeles/food-delivery/tacos-michoacan/6gFK2WCGTr2bjoGmCFJ97w,woodland-hills-california
https://www.ubereats.com/los-angeles/food-delivery/sushi-nishi/jjrqOYA2TP-DaqQCueZZnQ,woodland-hills-california
https://www.ubereats.com/los-angeles/food-delivery/jack-in-the-box-20037-ventura-blvd/s6Zj0z9KQmqIG1eavBPJcA,woodland-hills-california
https://www.ubereats.com/los-angeles/food-delivery/sizzler-devonshire-st/yRgSn8OjQeSf8qNnIr2a5w,woodland-hills-california
https://www.ubereats.com/los-angeles/food-delivery/mariscos-puerto-angel-saticoy/c1WeH5NmSTq8VCO5daHUhg,woodland-hills-california
https://www.ubereats.com/los-angeles/food-delivery/red-robin-254-9301-tampa-ave-%23210/dUKmHL9USzmlcGaEizOwKg,woodland-hills-california
https://www.ubereats.com/los-angeles/food-delivery/guidos-pizza-and-pasta/Yk3hNwAISHGY5fzPb1ly9Q,woodland-hills-california
https://www.ubereats.com/los-angeles/food-delivery/catch-me-sushi/HpOpevCFSbuVdiWYQDlwhg,woodland-hills-california
https://www.ubereats.com/los-angeles/food-delivery/pick-up-stix-calabasas/c1kPLdQeSOC8Qt9SEDz5ug,woodland-hills-california
https://www.ubereats.com/los-angeles/food-delivery/milans-pizza-cafe/FzObD20CQ9yiJ9sNao1nqA,woodland-hills-california
https://www.ubereats.com/los-angeles/food-delivery/cold-stone-creamery-vanowen-st/wJccw94XTmKYWk2roglxaw,woodland-hills-california
https://www.ubereats.com/los-angeles/food-delivery/dans-super-subs/JWxDYbEqSZCe0OfhIZzeWA,woodland-hills-california
https://www.ubereats.com/los-angeles/food-delivery/fried/niuRG7L3Ty-q9sns3LffKw,woodland-hills-california
https://www.ubereats.com/los-angeles/food-delivery/yogis-grill-topanga-canyon/W1moIymuSeCRYsVCSg9eQw,woodland-hills-california
https://www.ubereats.com/los-angeles/food-delivery/on-hold-geezers-public-house/9VUuB-nfQUmkiwA72Yo0Mg,woodland-hills-california
https://www.ubereats.com/los-angeles/food-delivery/frankies-italian-kitchen/SkPAKL9mRJuz2rSyPibRwg,woodland-hills-california
https://www.ubereats.com/los-angeles/food-delivery/mora-italiano/4ttFRPShSMSuGOyyaRIJvg,woodland-hills-california
https://www.ubereats.com/los-angeles/food-delivery/pizza-nights/aMBYRZHPSTy0VAzwgzOGtQ,woodland-hills-california
https://www.ubereats.com/los-angeles/food-delivery/jack-in-the-box-22664-ventura-blvd/_-xsdCztR_2zsbMmU-qW1g,woodland-hills-california
https://www.ubereats.com/los-angeles/food-delivery/the-ice-cream-shop/rs4B7ANsRFaymVbLZRuHeg,woodland-hills-california
https://www.ubereats.com/los-angeles/food-delivery/vinh-loi-tofu/W43_QW2ASWG-mD71JPilLQ,woodland-hills-california
https://www.ubereats.com/los-angeles/food-delivery/costa-azul-mix/UjFRlZlOSDWDJbawWTWm_A,woodland-hills-california
https://www.ubereats.com/los-angeles/food-delivery/streets-of-india-cafe/VBF8wB63QWWnUqu4Of5SFw,woodland-hills-california
https://www.ubereats.com/los-angeles/food-delivery/jenis-splendid-ice-creams-calabasas/xRHKtkF1Sw-cZH402UqCgw,woodland-hills-california
https://www.ubereats.com/los-angeles/food-delivery/franks-weilers-deli/biLwab2oQ6OcwHPNMNfpag,woodland-hills-california
https://www.ubereats.com/los-angeles/food-delivery/indian-masala-house/hZGWMHEMTNKlecN-HDOMog,woodland-hills-california
https://www.ubereats.com/los-angeles/food-delivery/shalimar-indian-restaurant-tarzana/LpTGM9-2S-ebommYSX1qHw,woodland-hills-california
https://www.ubereats.com/los-angeles/food-delivery/coco-ds/XE_5Ux4JQzWKHA8r5Za6Zw,woodland-hills-california
https://www.ubereats.com/los-angeles/food-delivery/tacos-mexico-reseda-ca/q1ZC2fH3Qh-VOUdaoN7Tig,woodland-hills-california
https://www.ubereats.com/los-angeles/food-delivery/pressed-juicery-westfield-topanga/U7vBJuUYTauRLr315aGj9w,woodland-hills-california
https://www.ubereats.com/los-angeles/food-delivery/tilted-table/Ge5U0brGQbqQc9nqSPhIfQ,woodland-hills-california
https://www.ubereats.com/los-angeles/food-delivery/del-taco-8941-corbin-ave/80DfhaOkQymVelX4_zBTog,woodland-hills-california
https://www.ubereats.com/los-angeles/food-delivery/rosti-tuscan-kitchen-calabasas/a2mtKvy2R_yZMZpH3BAcxw,woodland-hills-california
https://www.ubereats.com/los-angeles/food-delivery/mcdonalds-canoga-park-plat/_JTAv_QIQS2F0mBhRhgT1w,woodland-hills-california
https://www.ubereats.com/los-angeles/food-delivery/subway-7300-topanga-canyon-blvd/IMZMTkjZQE64FMVFDhYyLw,woodland-hills-california
https://www.ubereats.com/los-angeles/food-delivery/panda-express-chatsworth-20515-devonshire-st/bnQnD0hkQ_e9LGnJcjPcng,woodland-hills-california
https://www.ubereats.com/los-angeles/food-delivery/twisted-oak-tavern/f4O0d6WlRsGHOmmpdFyp0Q,woodland-hills-california
https://www.ubereats.com/los-angeles/food-delivery/fresh-brothers-encino/-4GiwU3fTu6APV6Ede5I-g,woodland-hills-california
https://www.ubereats.com/los-angeles/food-delivery/xoc-tequila-grill/v4l29_CgRfSge8FHwL5oQg,woodland-hills-california
https://www.ubereats.com/los-angeles/food-delivery/la-vaca-brazilian-grill-topanga/iNM9waUMScS2_9etdHz_TA,woodland-hills-california
https://www.ubereats.com/los-angeles/food-delivery/tinders-pizza/-ItYyK-CRYiNXN1I6Rg5hQ,woodland-hills-california
https://www.ubereats.com/los-angeles/food-delivery/the-stand-woodland-hills/BFykJCyeSFCViCCeUOrTDw,woodland-hills-california
https://www.ubereats.com/los-angeles/food-delivery/eggwich/US8ikbsUQx68UPfK_lkjDg,woodland-hills-california
https://www.ubereats.com/los-angeles/food-delivery/starbucks-canoga-%26-sherman-way/Km1hfYCrTBejU6lUPy0Wjg,woodland-hills-california
https://www.ubereats.com/los-angeles/food-delivery/the-great-wall-restaurant/yqP27ZRkSwGjwykrZNa8TA,woodland-hills-california
https://www.ubereats.com/los-angeles/food-delivery/shalom-kosher-meat-and-grill/Bkk764o4Ra-xrPS7unsONQ,woodland-hills-california
https://www.ubereats.com/los-angeles/food-delivery/veggie-grill-encino/WBzu-41xT_CcVOhyhMFMCg,woodland-hills-california
https://www.ubereats.com/los-angeles/food-delivery/western-bagel-woodland-hills/X3vKNyJgSu--5Ad7ndDr8w,woodland-hills-california
https://www.ubereats.com/los-angeles/food-delivery/abc-express-chinese/9xreIdgPSjCPCjm0h_WQ-A,woodland-hills-california
https://www.ubereats.com/los-angeles/food-delivery/papillon-international-bakery-roscoe-blvd/FfBlzhG2SqOK3PWDugtvSw,woodland-hills-california
https://www.ubereats.com/los-angeles/food-delivery/panda-express-18111-nordhoff-st/eq7xkKd2SNSC9ajQ0UPBtw,woodland-hills-california
https://www.ubereats.com/los-angeles/food-delivery/california-chicken-cafe-northridge/Hho8UV4qQoedXa245mSJsQ,woodland-hills-california
https://www.ubereats.com/los-angeles/food-delivery/arcwood-wine-bar/AY2xeyqNRxedMlX2LV-0hA,woodland-hills-california
https://www.ubereats.com/los-angeles/food-delivery/red-lobster-22800-van-owen-ave/H5uA0NMWRamANRvhC_OCKQ,woodland-hills-california
https://www.ubereats.com/los-angeles/food-delivery/maleks-persian-cuisine/6e7VAwq4SXaANWIPlT5zgw,woodland-hills-california
https://www.ubereats.com/los-angeles/food-delivery/menchies-frozen-yogurt-20968-ventura-blvd/Bw0EHZ-VQLu3r671IHzO4Q,woodland-hills-california
https://www.ubereats.com/los-angeles/food-delivery/california-pita-%26-grill-woodland-hills/NFEorj7USZKzAV4KBLJ8BQ,woodland-hills-california
https://www.ubereats.com/los-angeles/food-delivery/razs-little-italy/42Ogh4dnQPWQdso0303kYQ,woodland-hills-california
https://www.ubereats.com/los-angeles/food-delivery/jims-fallbrook-market/djO4jFnTTJ2-8W6JXmaLPg,woodland-hills-california
https://www.ubereats.com/los-angeles/food-delivery/poke-bar-9301-tampa-ave-unit-fc6/LrqLVUd2Qw2nGMl39z94EA,woodland-hills-california
https://www.ubereats.com/los-angeles/food-delivery/musse/COwOSNQRTFmP9U2Ie1KnGw,woodland-hills-california
https://www.ubereats.com/los-angeles/food-delivery/starbucks-platt-%26-victory/cpbsHmIkSMGf90-DN-63rA,woodland-hills-california
https://www.ubereats.com/los-angeles/food-delivery/brooklyn-calzones/MStkKibcRKeNj4-75sOstg,woodland-hills-california
https://www.ubereats.com/los-angeles/food-delivery/flookys/YF1wfuvRTP-sp4Px0cgGsg,woodland-hills-california
https://www.ubereats.com/los-angeles/food-delivery/roll-roll/yM8m3QZnQcmX5Q6R5O9Q-Q,woodland-hills-california
https://www.ubereats.com/los-angeles/food-delivery/chipotle-mexican-grill-19332-nordhoff-st/M4ajWmaFSXC2di71P-tZpQ,woodland-hills-california
https://www.ubereats.com/los-angeles/food-delivery/poke-bar-16060-ventura-blvd-%23111/-0on7xPESPCl7RvMtJy_ZQ,woodland-hills-california
https://www.ubereats.com/los-angeles/food-delivery/el-pollo-loco-7211-winnetka-ave5500/aP82qckLR9yQfMvtaFDtWw,woodland-hills-california
https://www.ubereats.com/los-angeles/food-delivery/duke-pies-pastries/LOBPLPU6QU2wN2U_xotUfg,woodland-hills-california
https://www.ubereats.com/los-angeles/food-delivery/traktir-restaurant/vq0GMKMZR8-irTsRJtmhtw,woodland-hills-california
https://www.ubereats.com/los-angeles/food-delivery/potato-corner/V_wfy1CdQx66oTzwlO2bmQ,woodland-hills-california
https://www.ubereats.com/los-angeles/food-delivery/its-boba-time/XxXQmebuSbenzyuFKvasqA,woodland-hills-california
https://www.ubereats.com/los-angeles/food-delivery/subway-23101-sherman-pl/De9BcGS1RwarQFZbLmY5Zw,woodland-hills-california
https://www.ubereats.com/los-angeles/food-delivery/just-wing-it/VYLTciqnQpG6XAIUI71V3A,woodland-hills-california
https://www.ubereats.com/los-angeles/food-delivery/carls-jr-7379/opJQ3b_0RpCu7rOK7yKlLw,woodland-hills-california
https://www.ubereats.com/los-angeles/food-delivery/thai-original-bbq-%26-restaurant/zFBGPOFrQjmdWZ1X4aizFQ,woodland-hills-california
https://www.ubereats.com/los-angeles/food-delivery/panda-express-woodland-hills-20040-1-2-ventura-blvd/Zhc6KY3KTyW4XF3n2rFhnw,woodland-hills-california
https://www.ubereats.com/los-angeles/food-delivery/el-jalisiense/xvqRyZqOTe6AJAMocsASnA,woodland-hills-california
https://www.ubereats.com/los-angeles/food-delivery/eureka!-woodland-hills/DLsJeoR4SHyCqkoNbdCSSA,woodland-hills-california
https://www.ubereats.com/los-angeles/food-delivery/el-tijuanazo/MtyEAf36QSGLpi1Nk1k6vg,woodland-hills-california
https://www.ubereats.com/los-angeles/food-delivery/flame-pizzeria-vanowen-st/LR2rKa1qTXaQNeAC7NkU_g,woodland-hills-california
https://www.ubereats.com/los-angeles/food-delivery/subway-17224-saticoy-st/melHey81SySIJN9Au8ML-Q,woodland-hills-california
https://www.ubereats.com/los-angeles/food-delivery/kopan-sushi-%26-ramen/Md6Jr4mSSoy3SJAPrcAjiA,woodland-hills-california
https://www.ubereats.com/los-angeles/food-delivery/maine-street-lobster/27duwP5rSDi3s7uZYoxmww,woodland-hills-california
https://www.ubereats.com/los-angeles/food-delivery/magpies-softserve-tarzana/1RYpmEfZSsSy2U199PCrTQ,woodland-hills-california
https://www.ubereats.com/los-angeles/food-delivery/green-cottage/o8U6ZfcuQYKFxSPlT2Qd-A,woodland-hills-california
https://www.ubereats.com/los-angeles/food-delivery/dunkin-22020-ventura-boulevard/P2BqasskT5ilOqX8gjDeUA,woodland-hills-california
https://www.ubereats.com/los-angeles/food-delivery/marias-italian-kitchen-northridge/wq6uuy0tRuy8B63Icl1NkQ,woodland-hills-california
https://www.ubereats.com/los-angeles/food-delivery/sweetsnow/JTwKXIUrRqagp32fGCKo3g,woodland-hills-california
https://www.ubereats.com/los-angeles/food-delivery/break-room-juice-bar-%26-cafe-ventura-blvd/APpo8mXDRv6j3r--hhZbNg,woodland-hills-california
https://www.ubereats.com/los-angeles/food-delivery/tacos-michoacan/Xx_ep0cmRHCIMoXV3ma8zg,woodland-hills-california
https://www.ubereats.com/los-angeles/food-delivery/jack-in-the-box-7264-topanga-canyon-blvd/P6mjuwReSHC7qrfX0JnXgQ,woodland-hills-california
https://www.ubereats.com/los-angeles/food-delivery/el-pollo-amigo/30xvk8SqT4SiTGukBZqnXw,woodland-hills-california
https://www.ubereats.com/los-angeles/food-delivery/corner-bakery-cafe-4776-commons-way-ste-b1/VKpdMrxdTk6QSk4eNDEPQA,woodland-hills-california
https://www.ubereats.com/los-angeles/food-delivery/dog-haus-canoga-park/TPN7LQGdQdWq6FM3ks9U2w,woodland-hills-california
https://www.ubereats.com/los-angeles/food-delivery/firebirds/TSnZreVfTOu6vwgYp0DQ-g,woodland-hills-california
https://www.ubereats.com/los-angeles/food-delivery/terrace-restaurant-and-lounge/qrLlqr7LT3iFRncON_T_xw,woodland-hills-california
https://www.ubereats.com/los-angeles/food-delivery/pinkberry-northridge/RfZIIY2cRv-yBvsdyn9Hfg,woodland-hills-california
https://www.ubereats.com/los-angeles/food-delivery/lusys-mediterranean-cafe-%26-grill/cyuqvkW5SC--ShhhIET_Tw,woodland-hills-california
https://www.ubereats.com/los-angeles/food-delivery/hom-italian-eatery/QNaE20LSTgyQctVqM_ZwpQ,woodland-hills-california
https://www.ubereats.com/los-angeles/food-delivery/oros-bakery-and-pizza/8La2m7V4SkuTjaq6nxeiAA,woodland-hills-california
https://www.ubereats.com/los-angeles/food-delivery/carnitas-michoacan/plCtPpn7QxmKWOhL2lLAqg,woodland-hills-california
https://www.ubereats.com/los-angeles/food-delivery/charleys-philly-steaks-topanga-mall/ISt8gzmaSfm3Rxx4XJ5dNA,woodland-hills-california
https://www.ubereats.com/los-angeles/food-delivery/burgerim-9034-tampa-ave/_qa_L7jVSkaaxhb7rcGdgg,woodland-hills-california
https://www.ubereats.com/los-angeles/food-delivery/sams-philly-steak/bfcDAki3RKapo1moGjDGcg,woodland-hills-california
https://www.ubereats.com/los-angeles/food-delivery/yamaha-sushi/Uxs8k16_TYKI-O_v0PyTuA,woodland-hills-california
https://www.ubereats.com/los-angeles/food-delivery/mcdonalds-22200-sherman-way/0yoxXlGqQFqwcvB4w1U34g,woodland-hills-california
https://www.ubereats.com/los-angeles/food-delivery/senor-sol-restaurante/U8QggBSUSDuGlTlNhGgZ0Q,woodland-hills-california
https://www.ubereats.com/los-angeles/food-delivery/emc-seafood-%26-raw-bar-woodland-hills/-k8r9IFATD-Au0bm9vxteA,woodland-hills-california
https://www.ubereats.com/los-angeles/food-delivery/wish-dish-cafe/5hmpgHKeTeuil3pRHXbC8Q,woodland-hills-california
https://www.ubereats.com/los-angeles/food-delivery/saffron-mediterranean-grill/e4GqW6lPQl6_kMER9soj6w,woodland-hills-california
https://www.ubereats.com/los-angeles/food-delivery/bad-mutha-clucka-canoga-park/3092v-8pRMe8YnXW2ITVBA,woodland-hills-california
https://www.ubereats.com/los-angeles/food-delivery/baja-fresh-22815-victory-blvd/V2gLM7ZDR-yKchrOFoTZRQ,woodland-hills-california
https://www.ubereats.com/los-angeles/food-delivery/sage-plant-based-bistro-agoura-hills/vrhQvoADTv2hh2uPQR0Y4Q,woodland-hills-california
https://www.ubereats.com/los-angeles/food-delivery/east-coast-bagel-woodland-hills/d-nk8Y_lTPubxGl0XL8UNg,woodland-hills-california
https://www.ubereats.com/los-angeles/food-delivery/friedchickendeliverycom/zxM2kc0aT2uOJ2OJTXOV0w,woodland-hills-california
https://www.ubereats.com/los-angeles/food-delivery/grecos-gyros/nFYN3rptRZ6a9U82HofLdA,woodland-hills-california
https://www.ubereats.com/los-angeles/food-delivery/champshotgrill/8KrkAW38RWWfCNEOiGGnwA,woodland-hills-california
https://www.ubereats.com/los-angeles/food-delivery/safir-mediterranean-cuisine/Px8x7NKwSy-l1dbpqhyFdw,woodland-hills-california
https://www.ubereats.com/los-angeles/food-delivery/baja-fresh-mexican-grill-canoga-blvd/dD1Zpv1nSieQHDY4OIcduQ,woodland-hills-california
https://www.ubereats.com/los-angeles/food-delivery/umai-savory-hot-dogs/8DSLb5d6T12nqh7wPKQ3Sg,woodland-hills-california
https://www.ubereats.com/los-angeles/food-delivery/pf-changs-21821-oxnard-st/8fP-QuhqTj2JpfS1xZe0HQ,woodland-hills-california
https://www.ubereats.com/los-angeles/food-delivery/subway-6401-2-platt-ave/MqwgwUaSTmOsieF6kaHLRw,woodland-hills-california
https://www.ubereats.com/los-angeles/food-delivery/keitaros-kitchen-japanese-cuisine/gtg44WX8QiWWZxXpJB6Uqw,woodland-hills-california
https://www.ubereats.com/los-angeles/food-delivery/the-vegan-place/u6cuvpD4Tu6Xaa7yDxVS0A,woodland-hills-california
https://www.ubereats.com/los-angeles/food-delivery/escondido-taqueria/VkCNbmptSZSJ04GQhffJzg,woodland-hills-california
https://www.ubereats.com/los-angeles/food-delivery/jersey-mikes-22649-ventura-blvd/uBAq825qRQSFAdAvJOGNSQ,woodland-hills-california
https://www.ubereats.com/los-angeles/food-delivery/okamoto-kitchen-woodland-hills/AbUwTVcnR1-_ik7XOqoayA,woodland-hills-california
https://www.ubereats.com/los-angeles/food-delivery/la-lasagna-co/9DqJMPeNTUyjUd37SkiI9w,woodland-hills-california
https://www.ubereats.com/los-angeles/food-delivery/charm-thai/e0LWxDtuT6W8j8bpU5CtWg,woodland-hills-california
https://www.ubereats.com/los-angeles/food-delivery/paolis-pizzeria-and-piano-bar/7u0MgIeOSh-EDkoPtAwIrQ,woodland-hills-california
https://www.ubereats.com/los-angeles/food-delivery/pickwick-pub/DNqDNqS2RCudPWc_Y1Kasw,woodland-hills-california
https://www.ubereats.com/los-angeles/food-delivery/the-copper-mine/Y0LoD-9kQjee1HFcXOfLWQ,woodland-hills-california
https://www.ubereats.com/los-angeles/food-delivery/carbon-beach-club/pJX-nGmjSNq7w8uKUAXp0A,woodland-hills-california
https://www.ubereats.com/los-angeles/food-delivery/burger-king-8500-reseda-boulevard/VCkK0hFaRyy5afoTMgi0Eg,woodland-hills-california
https://www.ubereats.com/los-angeles/food-delivery/dennys-7600-reseda-blvd/-qqO6TiHT5KfyoNgymSsCw,woodland-hills-california
https://www.ubereats.com/los-angeles/food-delivery/bad-mutha-clucka-northridge/IHL_nA6WRcqZJ2Le5HwBHw,woodland-hills-california
https://www.ubereats.com/los-angeles/food-delivery/starbucks-topanga-canyon-%26-dumetz/K96jFl78SvO-CYv6kXU0Hw,woodland-hills-california
https://www.ubereats.com/los-angeles/food-delivery/salad-farm-woodland-hills/sVLxNm1nRPWFbvvvGtTAHw,woodland-hills-california
https://www.ubereats.com/los-angeles/food-delivery/stone-oven-gourmet-sandwiches-%26-salads-topanga/JSQjcXzpRJyr4hpCvSwf9A,woodland-hills-california
https://www.ubereats.com/los-angeles/food-delivery/subway-6842-de-soto-ave/zvOmJM7LSJuTeC8Cq7Uh3w,woodland-hills-california
https://www.ubereats.com/los-angeles/food-delivery/szechwan-inn/r2Q9TVW-RaScWDi9I53Z1g,woodland-hills-california
https://www.ubereats.com/los-angeles/food-delivery/daphnes-california-greek-woodland-hills/dGGkJ3DsQTiY3JZ99MN3pA,woodland-hills-california
https://www.ubereats.com/los-angeles/food-delivery/kalesa-grill-hopia-like-it-winetka/pvvsVVFbQkaZsX1Lbcmwhw,woodland-hills-california
https://www.ubereats.com/los-angeles/food-delivery/pressed-juicery-the-avanti-calabasas/geuNdggHQsuAlT6yCUMhsw,woodland-hills-california
https://www.ubereats.com/los-angeles/food-delivery/blu-jam-cafe-woodland-hills/hwoQ9AfNSY2wqd_SPnkQaQ,woodland-hills-california
https://www.ubereats.com/los-angeles/food-delivery/ikes-love-%26-sandwiches-northridge/UlhMxDNwQe-aA6zC2MwXew,woodland-hills-california
https://www.ubereats.com/los-angeles/food-delivery/2-die-for-sushi/B5QR9SS7TXmAqRx1XrQAaw,woodland-hills-california
https://www.ubereats.com/los-angeles/food-delivery/mambo-international-kitchen/GNPKdgF9RFG1y3n26G79Ag,woodland-hills-california
https://www.ubereats.com/los-angeles/food-delivery/hurricane-wings-21911-ventura-blvd/9FMAE_maQDSr8HMjZbLHPw,woodland-hills-california
https://www.ubereats.com/los-angeles/food-delivery/cold-stone-creamery-17270-saticoy-street/3_jPBaaPRqKHMv0MXc8VxQ,woodland-hills-california
https://www.ubereats.com/los-angeles/food-delivery/royal-donuts/Gc3kkroEQzO18gjaNL50Pg,woodland-hills-california
https://www.ubereats.com/los-angeles/food-delivery/jersey-mikes-subs-tarzana-19458-ventura-blvd/9fa8QOn_Q1KPaTgLHmYsIQ,woodland-hills-california
https://www.ubereats.com/los-angeles/food-delivery/el-pollo-loco-8239-topanga-canyon-rd5462/AC2vOjZ7Riq_Aroyk4dqRg,woodland-hills-california
https://www.ubereats.com/los-angeles/food-delivery/bryans-cafe/5F6UE-03QsmbuFuL0GQSnw,woodland-hills-california
https://www.ubereats.com/los-angeles/food-delivery/mcdonalds-northrdge-parthn/nHYVNec2ROCutSvN-KJOqQ,woodland-hills-california
https://www.ubereats.com/los-angeles/food-delivery/szechuwan-garden/OHsxHn5-Tc2aBUqvLfL8eQ,woodland-hills-california
https://www.ubereats.com/los-angeles/food-delivery/panda-express-8201-topanga-canyon-blvd/el8cr8wrQvuv1yqFtCPhHw,woodland-hills-california
https://www.ubereats.com/los-angeles/food-delivery/shamshiri-restaurant/VBO0-cfuR1K0B9A3Bg5vaw,woodland-hills-california
https://www.ubereats.com/los-angeles/food-delivery/taj-of-india/3QB932wLRFqyafY8VlnkOA,woodland-hills-california
https://www.ubereats.com/los-angeles/food-delivery/jamafo-jamaican-food-xpress/bPCqIajcTfO-5Kw07zNtBA,woodland-hills-california
https://www.ubereats.com/los-angeles/food-delivery/tel-aviv-fish-grill-tarzana/UGR5zCXPTYK15qe5cFM5TQ,woodland-hills-california
https://www.ubereats.com/los-angeles/food-delivery/waba-grill-18739-ventura-blvd-los-angeles/8wS4_53WTYivdS9OHGZXIQ,woodland-hills-california
https://www.ubereats.com/los-angeles/food-delivery/kravings-brazilian-fusion-steakhouse/S1MqNgJ4RxicLOgylINKnw,woodland-hills-california
https://www.ubereats.com/los-angeles/food-delivery/jack-in-the-box-6800-de-soto-avenue/Xz7GcB3QTg2gmbkvbg_OnA,woodland-hills-california
https://www.ubereats.com/los-angeles/food-delivery/barones-woodlands-parent/U44_T6_XSrOxSFIW-eRIbg,woodland-hills-california
https://www.ubereats.com/los-angeles/food-delivery/sugarbox-donuts/OBqDQn92Tz-lYJ4fLYckyQ,woodland-hills-california
https://www.ubereats.com/los-angeles/food-delivery/mcdonalds-chatsworth-devonshire/w-hUwq-2SqWNJb39R43rBg,woodland-hills-california
https://www.ubereats.com/los-angeles/food-delivery/salad-world-calabasas/5t5JVa74QM2Qk_gfKtCo0g,woodland-hills-california
https://www.ubereats.com/los-angeles/food-delivery/california-wok/NRdxW4nURHe8UNmxlLwh1Q,woodland-hills-california
https://www.ubereats.com/los-angeles/food-delivery/carls-jr-7401/1WVAhP8SSy2aZww1zXeHLQ,woodland-hills-california
https://www.ubereats.com/los-angeles/food-delivery/halal-house/WusthfdFTkyrzChrA6RpFw,woodland-hills-california
https://www.ubereats.com/los-angeles/food-delivery/el-gallo-giro-canoga-park/39NEg4CXSFWjlrz9OW2Mbw,woodland-hills-california
https://www.ubereats.com/los-angeles/food-delivery/red-chili-northridge/syJiYENZTaW3RUs-leYBaA,woodland-hills-california
https://www.ubereats.com/los-angeles/food-delivery/seoul-ful-burrito/YQvKkFJzSHO4ysX1cP5QHA,woodland-hills-california
https://www.ubereats.com/los-angeles/food-delivery/millies-restaurant-%26-bakery-van-nuys/HzfBkQ8SRPu0ym8j5CLBBQ,woodland-hills-california
https://www.ubereats.com/los-angeles/food-delivery/chilenazo/1B7kzsANTQGprJwf2pu7GA,woodland-hills-california
https://www.ubereats.com/los-angeles/food-delivery/the-ice-cream-shop/0b-CXPQjTH2ekEW0Q5Kong,woodland-hills-california
https://www.ubereats.com/los-angeles/food-delivery/tawakal-tandoori/VoYyTgNLScCymvYjduRssA,woodland-hills-california
https://www.ubereats.com/los-angeles/food-delivery/toscanova/6COKvKReTmy9VDqXabryyA,woodland-hills-california
https://www.ubereats.com/los-angeles/food-delivery/f*cking-good-pizza/y6jkuIuXSBOETtdhv0Zf_A,woodland-hills-california
https://www.ubereats.com/los-angeles/food-delivery/la-michoacana-authentic-ice-cream-parlor/rdQM0DcwTravHH-eEZyhpw,woodland-hills-california
https://www.ubereats.com/los-angeles/food-delivery/carls-jr-7383/8GDJmoX-RXGa0CLfTWylcQ,woodland-hills-california
https://www.ubereats.com/los-angeles/food-delivery/ubatuba-acai-tarzana/IT0yu5-kS6KE5r_QBxliCg,woodland-hills-california
https://www.ubereats.com/los-angeles/food-delivery/thai-boulevard-bistro/-cg5PH1TQg2_bwABTvjYeQ,woodland-hills-california
https://www.ubereats.com/los-angeles/food-delivery/crumbles-patisserie/IRdLboXvSBGZyZ3tqPb3KQ,woodland-hills-california
https://www.ubereats.com/los-angeles/food-delivery/fishbone-seafood-reseda-blvd/I5JJ7wIVSQqka5gJrAn1eQ,woodland-hills-california
https://www.ubereats.com/los-angeles/food-delivery/erewhon-market-calabasas/gqyRjKwUQvKWz6rwnS3joA,woodland-hills-california
https://www.ubereats.com/los-angeles/food-delivery/chuck-e-cheese-22940-van-owen-st/U6WvqSlCQq-0ipRgk1z2Xw,woodland-hills-california
https://www.ubereats.com/los-angeles/food-delivery/yum-yum-donuts-6804-de-soto-ave/eibSMhuATvCgHUGBDYypyA,woodland-hills-california
https://www.ubereats.com/los-angeles/food-delivery/the-vegan-joint-woodland-hills/s1QhP06kSjKLPcxSQxn9PA,woodland-hills-california
https://www.ubereats.com/los-angeles/food-delivery/killer-wings/D9mMSKoeSbWugyI2B9RPXg,woodland-hills-california
https://www.ubereats.com/los-angeles/food-delivery/starbucks-canoga-%26-oxnard/7DXQQJTnTPKO5fEqLRQ-Bw,woodland-hills-california
https://www.ubereats.com/los-angeles/food-delivery/tender-greens-6344-topanga-canyon-blvd/lt9qpjTsRUuK5XXk9YuYzQ,woodland-hills-california
https://www.ubereats.com/los-angeles/food-delivery/brians-shave-ice-%26-boba/H4gmfF8nTpCUgdxh3Dfk8w,woodland-hills-california
https://www.ubereats.com/los-angeles/food-delivery/indian-by-nature/8SNI57vRR4CvPYyEBH4tLw,woodland-hills-california
https://www.ubereats.com/los-angeles/food-delivery/castillo/eFGqX4bBRaOQ2yXGTy2gUg,woodland-hills-california
https://www.ubereats.com/los-angeles/food-delivery/woodland-hills-restaurant/pTQOUH7LT8GuUzk7-_EFGA,woodland-hills-california
https://www.ubereats.com/los-angeles/food-delivery/ihop-9012-tampa-ave/03L4za8PSZaRZWuWrB9sPw,woodland-hills-california
https://www.ubereats.com/los-angeles/food-delivery/chicken-star/HFl3oGoQTzahKWnsrgvMzg,woodland-hills-california
https://www.ubereats.com/los-angeles/food-delivery/senor-grandes-fresh-mexican-grill-woodland-hills/ZP8RXjVZQLaItA4-Vq3tSQ,woodland-hills-california
https://www.ubereats.com/los-angeles/food-delivery/la-libertad-resturante/rD27-iWoS3KK_dJoaT4wlw,woodland-hills-california
https://www.ubereats.com/los-angeles/food-delivery/el-torito-8855-tampa-avenue/9xjhHikySMGUtCZ8i4macw,woodland-hills-california
https://www.ubereats.com/los-angeles/food-delivery/carnitas-michoacanas-restaurants/uZNaE3drQBK3cTUYMSWz7Q,woodland-hills-california
https://www.ubereats.com/los-angeles/food-delivery/the-slaw-dogs-at-the-village/xzaAx57NTx-MyE5N8UGleg,woodland-hills-california
https://www.ubereats.com/los-angeles/food-delivery/hanabi-sushi-and-teriyaki/3OahcQoXSTiBM079m1CqcQ,woodland-hills-california
https://www.ubereats.com/los-angeles/food-delivery/california-pizza-kitchen-18800-ventura-blvd/-rBHjutRRTe0z84LzS-yWQ,woodland-hills-california
https://www.ubereats.com/los-angeles/food-delivery/hummus-bar-%26-grill/ZnxeznnvQs2-EV_iRnkMtw,woodland-hills-california
https://www.ubereats.com/los-angeles/food-delivery/grandma-kims-family-diner/_qoD8IQiRNyTL-8LSJFvCg,woodland-hills-california
https://www.ubereats.com/los-angeles/food-delivery/protini-bar/So1BDdf9SSK7MwiKWL_TeQ,woodland-hills-california
https://www.ubereats.com/los-angeles/food-delivery/creamistry-mulholland-dr/oVnFvLdxRg2Myq2BDImmYw,woodland-hills-california
https://www.ubereats.com/los-angeles/food-delivery/grill-ranch/krOZjQ8cSBO1idcVdYvW7g,woodland-hills-california
https://www.ubereats.com/los-angeles/food-delivery/starbucks-victory-%26-canoga/_AJLctsXSvGPj9FqctkN8A,woodland-hills-california
https://www.ubereats.com/los-angeles/food-delivery/mcdonalds-tarzana-swc-victory-%26-reseda/UuabOvKYRQKorUCTrd34sg,woodland-hills-california
https://www.ubereats.com/los-angeles/food-delivery/milans-pizza/z_kshk-nRLi5hRUigRw_ZQ,woodland-hills-california
https://www.ubereats.com/los-angeles/food-delivery/the-stand-calabasas/LRUH0zqwTb6pWOiiaVN5dQ,woodland-hills-california
https://www.ubereats.com/los-angeles/food-delivery/poquito-mas-woodland-hills/bjmhHxhRTAKgKeQpyrf7yA,woodland-hills-california
https://www.ubereats.com/los-angeles/food-delivery/sabzee-market/D1dPHN93RLaPaEbIimrdKQ,woodland-hills-california
https://www.ubereats.com/los-angeles/food-delivery/wendys-19317-sherman-way/GEqnNYP2ToCx5fd57e8utQ,woodland-hills-california
https://www.ubereats.com/los-angeles/food-delivery/white-horse-cafe/tcR3MIchQPKCuApUzfgvvA,woodland-hills-california
https://www.ubereats.com/los-angeles/food-delivery/burger-king-20838-devonshire-st/nLgV5ugsQ0SXT3eMD442Pg,woodland-hills-california
https://www.ubereats.com/los-angeles/food-delivery/subway-21032-victory-blvd/g-84PY2CRw-O3I9Mg-k0ZQ,woodland-hills-california
https://www.ubereats.com/los-angeles/food-delivery/basils-deli-%26-cafe/Kpbp8JvjRFWfpgtUvXGUZA,woodland-hills-california
https://www.ubereats.com/los-angeles/food-delivery/mr-juice/SlVF1Px5SyiRB5K1cP6LRA,woodland-hills-california
https://www.ubereats.com/los-angeles/food-delivery/stone-oven-gourmet-sandwiches-%26-salads-northridge/J6FUb6YPTt2NBUCMYsutHw,woodland-hills-california
https://www.ubereats.com/los-angeles/food-delivery/bene-chicken-cafe/Uu8IMLChTUeo_O8Vn1re4g,woodland-hills-california
https://www.ubereats.com/los-angeles/food-delivery/fruti-fruit/0_XsKnPlTHmc8RexnNRDkA,woodland-hills-california
https://www.ubereats.com/los-angeles/food-delivery/la-palma/K9VQfh3lTMySjUmBXK0Wxg,woodland-hills-california
https://www.ubereats.com/los-angeles/food-delivery/broad-street-oyster-company/Orw-rLdkTZCTGukijV7tkg,woodland-hills-california
https://www.ubereats.com/los-angeles/food-delivery/casa-comida/yVYWo0cIRYW1D6wIAh5czw,woodland-hills-california
https://www.ubereats.com/los-angeles/food-delivery/waba-grill-18427-nordhoff-st-northridge/iiRJ8Jl2RFOHxHWrxurGIA,woodland-hills-california
https://www.ubereats.com/los-angeles/food-delivery/kazuko-mex/LFkafwe3RRGagdflDzd6GQ,woodland-hills-california
https://www.ubereats.com/los-angeles/food-delivery/lenzinis-pizza/iNtUVz31R6e37BVcjFNt8w,woodland-hills-california
https://www.ubereats.com/los-angeles/food-delivery/crazy-falafel/q63I0f8OQIuoT3UabaLWQA,woodland-hills-california
https://www.ubereats.com/los-angeles/food-delivery/montys-steakhouse/Pm6d-FRGQUG-0khuHhW_Cw,woodland-hills-california
https://www.ubereats.com/los-angeles/food-delivery/cho-cho-san-tarzana/JGYcAJ2mQIWVd55LMNCawQ,woodland-hills-california
https://www.ubereats.com/los-angeles/food-delivery/farmer-boys-w-nordhoff-st/hfUumN-YRL-cfdHJ0Uj-lg,woodland-hills-california
https://www.ubereats.com/los-angeles/food-delivery/marias-italian-kitchen-encino/StJ83YI4SOOMZq8Dof3FaQ,woodland-hills-california
https://www.ubereats.com/los-angeles/food-delivery/kitchen-kebab/85bS-Vp4R6mdmC8a8qrWAw,woodland-hills-california
https://www.ubereats.com/los-angeles/food-delivery/papa-johns-22330-sherman-way/zvn35FXVTc2LySubyPrv9w,woodland-hills-california
https://www.ubereats.com/los-angeles/food-delivery/cute-pan/xXWK6CLmRYm0wXjfQmkCAw,woodland-hills-california
https://www.ubereats.com/los-angeles/food-delivery/sum-dim-sum/I9KTrTm2Q-uXZ_4pqTP0kA,woodland-hills-california
https://www.ubereats.com/los-angeles/food-delivery/subway-8201-topanga-canyon-blvd/Cs2rOVtbSeeWKQ-jgTWTRw,woodland-hills-california
https://www.ubereats.com/los-angeles/food-delivery/wienerschnitzel-18420-nordhoff-st/Er3UBq_VR8qt3_YVVZo11Q,woodland-hills-california
https://www.ubereats.com/los-angeles/food-delivery/parkway-kebab-%26-grill/VVvlO7yhRf63d5XyfW8QjQ,woodland-hills-california
https://www.ubereats.com/los-angeles/food-delivery/nara-mediterranean-bistro-%26-lounge/zGUraIl3Qv6-DqvOZlmrbg,woodland-hills-california
https://www.ubereats.com/los-angeles/food-delivery/fabrocinis-italian-kitchen/twMjz44SSW6XtsVBIq4VsQ,woodland-hills-california
https://www.ubereats.com/los-angeles/food-delivery/laziz-grill-2-go-vanowen-st/0LmHWLkTRSmsJUGTGv0ApA,woodland-hills-california
https://www.ubereats.com/los-angeles/food-delivery/oi-asian-fusion/Kno-C-4MTguYAJBbtHoeNA,woodland-hills-california
https://www.ubereats.com/los-angeles/food-delivery/jgs-nipa-hut/buhGoBv3Td-6s8Zb-_wxhA,woodland-hills-california
https://www.ubereats.com/los-angeles/food-delivery/jack-in-the-box-9855-mason-ave/EXWAsDpxTrCFiCxZfmaCjA,woodland-hills-california
https://www.ubereats.com/los-angeles/food-delivery/starbucks-ventura-%26-shoup/3g6gv8DoRKOp-FMP4CyKhg,woodland-hills-california
https://www.ubereats.com/los-angeles/food-delivery/buffalos-express-woodland-hills/m0UVwn1ITomus6ovrDmEuA,woodland-hills-california
https://www.ubereats.com/los-angeles/food-delivery/eggwich/8JZA1YksQoWABIwwsjMTPQ,woodland-hills-california
https://www.ubereats.com/los-angeles/food-delivery/el-pollo-loco-6430-platt-ave6181/uIbTQKvzQXGNqsBjkKi5Lg,woodland-hills-california
https://www.ubereats.com/los-angeles/food-delivery/tacosway-sherman-way/A7DSR5q6Thektn_hZlxKPQ,woodland-hills-california
https://www.ubereats.com/los-angeles/food-delivery/bad-ass-breakfast-burritos-canoga-park/rkaz3TnXSSqBRt_hiLbidQ,woodland-hills-california
https://www.ubereats.com/los-angeles/food-delivery/the-thyme-pizzeria/qS-xrGR3T6WjtfXA7DxXLA,woodland-hills-california
https://www.ubereats.com/los-angeles/food-delivery/starbucks-sherman-way-%26-winnetka/d9ZKgcDORh-0jfyha4RHVw,woodland-hills-california
https://www.ubereats.com/los-angeles/food-delivery/jamba-juice-22815-victory-blvd-%23b/UQwrQOChS5GXoYc71pr_Tw,woodland-hills-california
https://www.ubereats.com/los-angeles/food-delivery/verdi-garden/axRvL1eSQ3GIxpYh3ki0ig,woodland-hills-california
https://www.ubereats.com/los-angeles/food-delivery/panda-express-canoga-park-6859-topanga-canyon-blvd/iWeWLzvsSuGJd6ZunHWy-A,woodland-hills-california
https://www.ubereats.com/los-angeles/food-delivery/slusheeland-tarzana/jMFLXqX2SO6IwU7TjOQiHw,woodland-hills-california
https://www.ubereats.com/los-angeles/food-delivery/versailles-restaurant-encino/iu3LdpuDQ-GnMvFe4IyzEw,woodland-hills-california
https://www.ubereats.com/los-angeles/food-delivery/izzy-cafe/RicLm2bZROCqBW8J9M-8Zw,woodland-hills-california
https://www.ubereats.com/los-angeles/food-delivery/panini-kabob-grill-woodland-hills/ul3pqz4oQqeALG2l1PRwTg,woodland-hills-california
https://www.ubereats.com/los-angeles/food-delivery/wienerschnitzel-20925-sherman-way/i6PsXrwFSTCdnWcU_WrRxg,woodland-hills-california
https://www.ubereats.com/los-angeles/food-delivery/dirty-bull-tavern/IqbrqqYZSBqv2gmG6X0fhg,woodland-hills-california
https://www.ubereats.com/los-angeles/food-delivery/manuelitos-mexican-restaurant/MRpJprnZSf-veCE49sld9w,woodland-hills-california
https://www.ubereats.com/los-angeles/food-delivery/carls-jr-7384/udaN7tiPS7y-hT6aXWA7FA,woodland-hills-california
https://www.ubereats.com/los-angeles/food-delivery/baja-fresh-westlake-village/o1-zA0FkRU-cjonuP8zsGQ,woodland-hills-california
https://www.ubereats.com/los-angeles/food-delivery/la-michoacana-%22yamis%22/YjB2feT0TLCcR1L-cc0YKQ,woodland-hills-california
https://www.ubereats.com/los-angeles/food-delivery/fruzion-chatsworth/dTgWpm9aRnmQByZrb8xa5g,woodland-hills-california
https://www.ubereats.com/los-angeles/food-delivery/banzai-sushi-calabasas/9kNDR8H2TWeQHWDXSrpodw,woodland-hills-california
https://www.ubereats.com/los-angeles/food-delivery/panda-express-west-hills-22910-w-vanowen-st/jS9KCiyUS8OTcotL31mqbw,woodland-hills-california
https://www.ubereats.com/los-angeles/food-delivery/wokcano-topanga/A6crKyjoStyxK_C_FRM-Rw,woodland-hills-california
https://www.ubereats.com/los-angeles/food-delivery/juicy-ladies/Igrzw2jET9WRI0zcgDiGUg,woodland-hills-california
https://www.ubereats.com/los-angeles/food-delivery/sky-restaurant-%26-lounge/pxp_np6qS-muluQI6K_7tw,woodland-hills-california
https://www.ubereats.com/los-angeles/food-delivery/california-chicken-cafe-woodland-hills/p_yYXI50TPK337eKTmUrLw,woodland-hills-california
https://www.ubereats.com/los-angeles/food-delivery/the-stand-encino/x5WPkYfaR4ePE9BFgtOgAw,woodland-hills-california
https://www.ubereats.com/los-angeles/food-delivery/fatburger-%26-buffalos-express-21911-ventura-blvd/bEOdmXkTT9qVTjSr-_eCPg,woodland-hills-california
https://www.ubereats.com/los-angeles/food-delivery/yoshinoya-7300-topanga-canyon-blvd/Dg8m0L0VTyqNjvKMB2L1pQ,woodland-hills-california
https://www.ubereats.com/los-angeles/food-delivery/kfc-19256-ventura-blvd/SmIw9igNShC98JBmaaQNng,woodland-hills-california
https://www.ubereats.com/los-angeles/food-delivery/harts-sushi/U9xjjAxzS0W6WovMvEyjTw,woodland-hills-california
https://www.ubereats.com/los-angeles/food-delivery/bbq-teriyaki-%26-sushi/yRUWoNgkT3egYuArmEXcbA,woodland-hills-california
https://www.ubereats.com/los-angeles/food-delivery/nashville-crispy-chicken/fxR7OiQuQkmE4Pk0mRnkNQ,woodland-hills-california
https://www.ubereats.com/los-angeles/food-delivery/lovis-delicatessen/jsXaCq29RkqIXADFiw5fcA,woodland-hills-california
https://www.ubereats.com/los-angeles/food-delivery/nicks-kitchen/PSD-2Tn0TrusbtChFxmVkg,woodland-hills-california
https://www.ubereats.com/los-angeles/food-delivery/chick-fil-a-6400-fallbrook-ave/wmoPuEjEQPao_qkIRskHjg,woodland-hills-california
https://www.ubereats.com/los-angeles/food-delivery/del-taco-7121-carlson-cir/L-_El8RbQX6RzVVrjCQDDw,woodland-hills-california
https://www.ubereats.com/los-angeles/food-delivery/round-table-pizza-tarzana/srs2qEg1QnOacM3njk5Myw,woodland-hills-california
https://www.ubereats.com/los-angeles/food-delivery/stars-drive-in/1I_l157FSn6sxUEGILjrlg,woodland-hills-california
https://www.ubereats.com/los-angeles/food-delivery/agouras-famous-deli/pNzQ5efvT92Nv1ZbkJzzcw,woodland-hills-california
https://www.ubereats.com/los-angeles/food-delivery/the-fancy-captain/N_T25WBqT5CrsJoSRdmlpQ,woodland-hills-california
https://www.ubereats.com/los-angeles/food-delivery/fratellis-ny-pizza/UDsJsvanTTC-3-58qptr2A,woodland-hills-california
https://www.ubereats.com/los-angeles/food-delivery/coral-tree-cafe/qg9W5bXMSf-E7TkL6k3O4w,woodland-hills-california
https://www.ubereats.com/los-angeles/food-delivery/dickeys-barbecue-pit-21853-ventura-blvd/4Y_DxPA5R-qlEH2srcdUsw,woodland-hills-california
https://www.ubereats.com/los-angeles/food-delivery/the-flame-broiler-19350-nordhoff-st/s049z5j1Qy-NGfLV4yu4DA,woodland-hills-california
https://www.ubereats.com/los-angeles/food-delivery/chipotle-mexican-grill-5430-topanga-canyon-blvd/LczbqsoEQri1AUwWVpdydA,woodland-hills-california
https://www.ubereats.com/los-angeles/food-delivery/barclays-coffee-and-tea/4wzo37PBSDqJoNG04hVTLw,woodland-hills-california
https://www.ubereats.com/los-angeles/food-delivery/farmer-boys-reseda-blvd/s8Hm_AVzTZWr4qGsbBFk2w,woodland-hills-california
https://www.ubereats.com/los-angeles/food-delivery/bobs-big-boy/O9xhpYmmTDm6Sg_7Cpl_Ew,woodland-hills-california
https://www.ubereats.com/los-angeles/food-delivery/burger-king-19662-nordhoff-street/X7YxdTnVRaCINy1G-l9Myw,woodland-hills-california
https://www.ubereats.com/los-angeles/food-delivery/subway-5579-reseda-blvd/61kveOk5SI-lORoWD4J_JA,woodland-hills-california
https://www.ubereats.com/los-angeles/food-delivery/bubba-subs-premium-subs-%26-sandwiches-woodland-hills/RzpzcXnWSqqX3X7kM8SaLA,woodland-hills-california
https://www.ubereats.com/los-angeles/food-delivery/humble-chef/ZcgwTdZ_QFK1Qnb0Nj7fHQ,woodland-hills-california
https://www.ubereats.com/los-angeles/food-delivery/anarbagh-indian-cuisine/PQbPyhQ0QMyVPObzU0NDMA,woodland-hills-california
https://www.ubereats.com/los-angeles/food-delivery/euroasia/EGxHQ3NsRb-BcrorKn17Mg,woodland-hills-california
https://www.ubereats.com/los-angeles/food-delivery/jasmine-thai-winnetka/GWlHxOvOT368oRsPJIFO2w,woodland-hills-california
https://www.ubereats.com/los-angeles/food-delivery/khaosan-thai-street-food/ohe8hKD0RriCWbSbubjh4w,woodland-hills-california
https://www.ubereats.com/los-angeles/food-delivery/subway-18456-dearborne/B5YFfhnSRua_tivjjPPxBw,woodland-hills-california
https://www.ubereats.com/los-angeles/food-delivery/bad-ass-salads-woodland-hills/PjAeL4GZScOwXhnYH-946Q,woodland-hills-california
https://www.ubereats.com/los-angeles/food-delivery/sansai-japanese-grill-la/kK-4Q6JRQwWAhxmCiz-Hbg,woodland-hills-california
https://www.ubereats.com/los-angeles/food-delivery/sweet-lady-jane-encino/CONDnEoJS5SF3ozV-MZD9w,woodland-hills-california
https://www.ubereats.com/los-angeles/food-delivery/vino-wine-%26-tapas-room/2GmIxtPESMe1eoUXu1TEOA,woodland-hills-california
https://www.ubereats.com/los-angeles/food-delivery/starbucks-reseda-%26-vanowen/bTanhKkITBeoz7KquDLmIQ,woodland-hills-california
https://www.ubereats.com/los-angeles/food-delivery/mcdonalds-van-nuys-balboa/Wg7ZNYtbQt2RBbOxBYOwvA,woodland-hills-california
https://www.ubereats.com/los-angeles/food-delivery/papa-johns-northridge/osPzjFhCTjSL417obXnTQg,woodland-hills-california
https://www.ubereats.com/los-angeles/food-delivery/thick-chick/zF1-PzQURCOT9TQDOhY2Lg,woodland-hills-california
https://www.ubereats.com/los-angeles/food-delivery/menchies-frozen-yogurt-17245-ventura-blvd/5g3dIc6GS7eC9Nw-ngTn2A,woodland-hills-california
https://www.ubereats.com/los-angeles/food-delivery/yoshinoya-9157-de-soto-ave/XmDreFafTam6v96eNccxhg,woodland-hills-california
https://www.ubereats.com/los-angeles/food-delivery/buffalo-wild-wings-9301-tampa-ave/4uTqXyzpTXeHnl7-fvO_6w,woodland-hills-california
https://www.ubereats.com/los-angeles/food-delivery/restaurant-tatsuki/mejxujHnTq6r84wzWi2Kow,woodland-hills-california
https://www.ubereats.com/los-angeles/food-delivery/shirin-restaurant/L74VkWOVROKIGRiQ9DKCoA,woodland-hills-california
https://www.ubereats.com/los-angeles/food-delivery/a-%26-h-shawarma-%26-kabob/1kaWGGoHQcquJ3gdjMPAEQ,woodland-hills-california
https://www.ubereats.com/los-angeles/food-delivery/raspados-gdl/EivYGxXNRFSK_skD1nofvg,woodland-hills-california
https://www.ubereats.com/los-angeles/food-delivery/starbucks-fallbrook-%26-victory/oSNGhfRjRliyJhonfySgxQ,woodland-hills-california
https://www.ubereats.com/los-angeles/food-delivery/qmediterranean-restaurant/7D0zCYXzSKi7neWtOR2ozw,woodland-hills-california
https://www.ubereats.com/los-angeles/food-delivery/big-mamas-%26-papas-pizzeria-northridge/MSaBaawDRDCOBASTWfocyw,woodland-hills-california
https://www.ubereats.com/los-angeles/food-delivery/grand-bawarchi/HqkxxHd4SnW9_3eG3qHfDg,woodland-hills-california
https://www.ubereats.com/los-angeles/food-delivery/western-bagel-encino/Eav8icytQ-KwYQtNM109gQ,woodland-hills-california
https://www.ubereats.com/los-angeles/food-delivery/el-rey-del-mar/dlrG7Z6bRvm8h05YzfwGKA,woodland-hills-california
https://www.ubereats.com/los-angeles/food-delivery/fimi-wings/zsZQjPoKRtG0-MPFr4RI_w,woodland-hills-california
https://www.ubereats.com/los-angeles/food-delivery/the-habit-burger-grill-22651-ventura-blvd/J7mZQ0M4RgupFBDSL8WzOg,woodland-hills-california
https://www.ubereats.com/los-angeles/food-delivery/domingos-italian-deli/rxouZOoiT2aiM9LFMdSuaQ,woodland-hills-california
https://www.ubereats.com/los-angeles/food-delivery/kabob-station/BfcMFEz7RXOWGuiaow0fHQ,woodland-hills-california
https://www.ubereats.com/los-angeles/food-delivery/california-chicken-cafe-chatworth/uSlH42twQlCkSFB3kW3moA,woodland-hills-california
https://www.ubereats.com/los-angeles/food-delivery/unique-pastry/Yog2UaktROaO2eAiWgFVzg,woodland-hills-california
https://www.ubereats.com/los-angeles/food-delivery/chipotle-mexican-grill-3822-cross-creek-rd-%23-3834/sOzuZV4dTsOLBnzjb8w6NA,woodland-hills-california
https://www.ubereats.com/los-angeles/food-delivery/aris-kosher-bar/QMn8sdq_QieDzwTuxs4MWA,woodland-hills-california
https://www.ubereats.com/los-angeles/food-delivery/saladfarm/Qc6BsXj5So6zcOgSeGo3AQ,woodland-hills-california
https://www.ubereats.com/los-angeles/food-delivery/juice-budz-canoga-park/0Q6MpKpRRj6m6NdCqEsE6g,woodland-hills-california
https://www.ubereats.com/los-angeles/food-delivery/grecos-new-york-pizzeria-tarzana/RPfXFebrS_GiUApjFLHcFw,woodland-hills-california
https://www.ubereats.com/los-angeles/food-delivery/sunny-%26-fines-breakfast-burritos/9n6Ubvx3Ss6yc9RSK2ylNA,woodland-hills-california
https://www.ubereats.com/los-angeles/food-delivery/the-spot/58DAsRgXRLygK6APbydnAw,woodland-hills-california
https://www.ubereats.com/los-angeles/food-delivery/wafflejack-northridge/3622SlvsT0e7Xjch2QtIkA,woodland-hills-california
https://www.ubereats.com/los-angeles/food-delivery/wing-squad-encino/vaXSz8txSJ6xnulcgBcxcw,woodland-hills-california
https://www.ubereats.com/los-angeles/food-delivery/subway-23355-mulholland-dr/KdrzHRz6RPmE75OMP0Nl9w,woodland-hills-california
https://www.ubereats.com/los-angeles/food-delivery/blu-jam-cafe-tarzana/lZo4-Ml3RoSwSFK8Rqq3tg,woodland-hills-california
https://www.ubereats.com/los-angeles/food-delivery/guidos-pizza-and-pasta-northridge/Bp0Mg0h0RJ2bCr-jrVp0rw,woodland-hills-california
https://www.ubereats.com/los-angeles/food-delivery/california-pizza-kitchen-16101-ventura-blvd-ste-200/xstaNxUpR2mUXUqFJEFDIA,woodland-hills-california
https://www.ubereats.com/los-angeles/food-delivery/agra-tandoori/myMGRXyLQ1q9jIwmRteqlw,woodland-hills-california
https://www.ubereats.com/los-angeles/food-delivery/darna-mediterranean-cuisine-rcc-kosher/00jmGPlDTHG_Bcvw62xKxg,woodland-hills-california
https://www.ubereats.com/los-angeles/food-delivery/buenos-aires-grill-northridge/qYSbUKDqQfeIhIOKDjeI0w,woodland-hills-california
https://www.ubereats.com/los-angeles/food-delivery/urban-plates-woodland-hills/J0jQBykbTXiMbLCWpMXgUg,woodland-hills-california
https://www.ubereats.com/los-angeles/food-delivery/taqueria-juanitos-no-1/-UqBUGkcT7SDrHqtVRgFrQ,woodland-hills-california
https://www.ubereats.com/los-angeles/food-delivery/h2o-sushi-%26-izakaya-northridge/-WzWJO_ATVy66ATbRStTsg,woodland-hills-california
https://www.ubereats.com/los-angeles/food-delivery/khun-moo-thai-kitchen/BSZu72s5QMOWGwY_CDzmLQ,woodland-hills-california
https://www.ubereats.com/los-angeles/food-delivery/monas-kitchen/8iL-tmfJQcSmJC5q-ipNhg,woodland-hills-california
https://www.ubereats.com/los-angeles/food-delivery/indigo-cafe/OilIISdPRRaxufwV2DXYKQ,woodland-hills-california
https://www.ubereats.com/los-angeles/food-delivery/vincitore-italian-restaurant/7Ib4XhG3QnyzYg-fWoMuEQ,woodland-hills-california
https://www.ubereats.com/los-angeles/food-delivery/california-pizza-kitchen-9301-tampa-ave-unit-129/G_P31BwKTIi7L7V4y9nRcw,woodland-hills-california
https://www.ubereats.com/los-angeles/food-delivery/coconut-thai-cuisine/qF5Dbg9tTsioRgSKPRggZA,woodland-hills-california
https://www.ubereats.com/los-angeles/food-delivery/kfc-20101-sherman-way/qf4N5iguRrGN5ZWO1n9wyA,woodland-hills-california
https://www.ubereats.com/los-angeles/food-delivery/taj-mahal-encino/xvkgAAkxTf-g1e4eURG7UQ,woodland-hills-california
https://www.ubereats.com/los-angeles/food-delivery/its-boba-time-winnetka/viWGdE79TMa8e4W_kf9Tfw,woodland-hills-california
https://www.ubereats.com/los-angeles/food-delivery/baskin-robbins-17330-ventura-blvd/yl80uCKhQVeQGk-u4CXzUA,woodland-hills-california
https://www.ubereats.com/los-angeles/food-delivery/indian-oven/LhGTlTr0T2KhwRd5ckG2sg,woodland-hills-california
https://www.ubereats.com/los-angeles/food-delivery/my-thai-chatsworth/K46UglahRreTqpXagZDt_A,woodland-hills-california
https://www.ubereats.com/los-angeles/food-delivery/dizin-persian-cuisine/H__h1ke6T2ufaHhPr-UL5A,woodland-hills-california
https://www.ubereats.com/los-angeles/food-delivery/mediterranean-pita-grill-westlake-village/7bJ8SLuISk2OFlSJ7FEt4g,woodland-hills-california
https://www.ubereats.com/los-angeles/food-delivery/starbucks-mulholland-%26-calabasas/zdIwfULYR_W3gViQlCCmSw,woodland-hills-california
https://www.ubereats.com/los-angeles/food-delivery/city-market/PBmnagtQQ3-svus4sFXJUA,woodland-hills-california
https://www.ubereats.com/los-angeles/food-delivery/bobbys-coffee-shop/xJnXZlR1QaSZ1RaOf_gf7w,woodland-hills-california
https://www.ubereats.com/los-angeles/food-delivery/california-pizza-kitchen-6600-topanga-canyon-blvd-ste-1082d/4RHarm6sTjKf-hcwAxliHg,woodland-hills-california
https://www.ubereats.com/los-angeles/food-delivery/warner-center-cafe/C9-SGO35R_WA-AZsCxPgNg,woodland-hills-california
https://www.ubereats.com/los-angeles/food-delivery/yogurtland-6400-n-tampa-ave/6RZ673ksR_uTIzbYIW7qBA,woodland-hills-california
https://www.ubereats.com/los-angeles/food-delivery/the-pizzeria-factory/VrbxTXjeQm6mwjBTzVNADw,woodland-hills-california
https://www.ubereats.com/los-angeles/food-delivery/plant-b-northridge/-z7fBeOITzOAcwECGFJw3A,woodland-hills-california
https://www.ubereats.com/los-angeles/food-delivery/papa-johns-20442-sherman-way/VLNXDZPuRBu_K2GD-8jcog,woodland-hills-california
https://www.ubereats.com/los-angeles/food-delivery/two-doughs-pizza-co/7n6emqeKS7u8Z7_mtywGVQ,woodland-hills-california
https://www.ubereats.com/los-angeles/food-delivery/kfc-21930-sherman-way/PDCqZEOxRS-J4xhhe7B0dg,woodland-hills-california
https://www.ubereats.com/los-angeles/food-delivery/yummy-donuts/HQw5iKGwQ3ydkM4ltfw89w,woodland-hills-california
https://www.ubereats.com/los-angeles/food-delivery/ruths-chris-steak-house-6100-topanga-canyon-blvd/-wH6BxDsSFe1y6RstOHGoA,woodland-hills-california
https://www.ubereats.com/los-angeles/food-delivery/calabasas-patio-cafe/iGiJ-YxnTS-iUZvmhzGuuQ,woodland-hills-california
https://www.ubereats.com/los-angeles/food-delivery/los-toros-mexican-restaurant/YQlo3M6SSg-o4biOiYEQpw,woodland-hills-california
https://www.ubereats.com/los-angeles/food-delivery/jamba-juice-6441-canoga-ave/zBH9D1n0QdOwwjQP-jRNxw,woodland-hills-california
https://www.ubereats.com/los-angeles/food-delivery/dunkin-4920-balboa-blvd/LPJkWxnyTKmo4zHuyTqT3A,woodland-hills-california
https://www.ubereats.com/los-angeles/food-delivery/las-dunas/N3-LFuRVTLaT3FDeanNUKg,woodland-hills-california
https://www.ubereats.com/los-angeles/food-delivery/cupids-hot-dogs/NqCJ-uD3QZ29Mij0hqVcwg,woodland-hills-california
https://www.ubereats.com/los-angeles/food-delivery/the-funnel-house-of-northridge/sptsGaW4TMCD6AD_e0KurA,woodland-hills-california
https://www.ubereats.com/los-angeles/food-delivery/romans-carving-kitchen/m_XSW8vERPq75wc2u5d8Qw,woodland-hills-california
https://www.ubereats.com/los-angeles/food-delivery/menchies-frozen-yogurt-19755-vanowen-st/gObgUzFJRluGNGYW3MlZUQ,woodland-hills-california
https://www.ubereats.com/los-angeles/food-delivery/sago-boba-shop/7DImlxebTHeO5MOdweYoAg,woodland-hills-california
https://www.ubereats.com/los-angeles/food-delivery/mother-india-restaurant/HsdpEuzaSnCOpL33IRk35Q,woodland-hills-california
https://www.ubereats.com/los-angeles/food-delivery/sams-burgers/8NghstOfRfu3vDTHNAo-KQ,woodland-hills-california
https://www.ubereats.com/los-angeles/food-delivery/sansai-japanese-grill-woodland-hills/NwIF5YI2Tm2foIEpeFh-Bw,woodland-hills-california
https://www.ubereats.com/los-angeles/food-delivery/shirin-bakery/Z4iezw7mTkuwpsviHF9IfQ,woodland-hills-california
https://www.ubereats.com/los-angeles/food-delivery/gen-korean-bbq-house-northridge/3S_8nc5hSKem4atnWYBoeg,woodland-hills-california
https://www.ubereats.com/los-angeles/food-delivery/panda-express-northridge-18427-d-nordhoff-st/jnZjxeIxTnyN7nry70wcYQ,woodland-hills-california
https://www.ubereats.com/los-angeles/food-delivery/jersey-mikes-22816-vanowen-st/Jz2xNWwYTmuXLQQMuZLo9A,woodland-hills-california
https://www.ubereats.com/los-angeles/food-delivery/new-york-chicken-%26-gyro-canoga-park/j2rTsN-sRfWqCGx6d3UdpA,woodland-hills-california
https://www.ubereats.com/los-angeles/food-delivery/aroma-bakery-cafe/ISb16gJ6SlOF9Rdj4hvaXg,woodland-hills-california
https://www.ubereats.com/los-angeles/food-delivery/del-taco-21920-lassen-st/d4i8y3SLSdeD5QkIYH7VYA,woodland-hills-california
https://www.ubereats.com/los-angeles/food-delivery/subway-5426-topanga-canyon-blvd/-2Hy5hQtQ6iiOGBO1gNK7g,woodland-hills-california
https://www.ubereats.com/los-angeles/food-delivery/halal-boys/Ag2HJZhMRNO-tHdOchI_sw,woodland-hills-california
https://www.ubereats.com/los-angeles/food-delivery/jersey-mikes-subs-encino-16350-ventura-blvd/b98Cl7GIQcKt3vzKUe3xtA,woodland-hills-california
https://www.ubereats.com/los-angeles/food-delivery/pollos-el-incomparable/9ZeoMFFtS4a0O1OXnJ12XQ,woodland-hills-california
https://www.ubereats.com/los-angeles/food-delivery/del-taco-19309-roscoe-blvd/SxGfGy1cR5KnQUwQpp_Z0Q,woodland-hills-california
https://www.ubereats.com/los-angeles/food-delivery/ring-baked-tofu-donuts/m0Cg_Sx9RyKXAEd4K1KYrQ,woodland-hills-california
https://www.ubereats.com/los-angeles/food-delivery/crave-cafe-west-hills/pgnvLioOQeeHs_TY93r1HQ,woodland-hills-california
https://www.ubereats.com/los-angeles/food-delivery/el-pollo-loco-6752-reseda-blvd3425/CQ_3bPV3T-ui7j-Dv4ufRw,woodland-hills-california
https://www.ubereats.com/los-angeles/food-delivery/chennai-tiffins/1W2WRRbCTm6OY5XEGaZFPQ,woodland-hills-california
https://www.ubereats.com/los-angeles/food-delivery/lemongrass-thai-%26-chinese-restaurant/rakHuMBFRn-hup-97O_60Q,woodland-hills-california
https://www.ubereats.com/los-angeles/food-delivery/la-breakfast-club/U14dzFnCTQeDthJ-PjlJAw,woodland-hills-california
https://www.ubereats.com/los-angeles/food-delivery/melodys-fresh-mexican-kitchen/C9TK5mAyTY613cyOFUl_nA,woodland-hills-california
https://www.ubereats.com/los-angeles/food-delivery/ihop-5031-kanan-rd/wbjPhkG2TNywqHouLxQGQg,woodland-hills-california
https://www.ubereats.com/los-angeles/food-delivery/jasmine-thai-cuisine/z37DD5quR1e2fCfsai3i3g,woodland-hills-california
https://www.ubereats.com/los-angeles/food-delivery/valentinos-new-york-pizza/NsmszEI3QGm1fUo3gb-dqA,woodland-hills-california
https://www.ubereats.com/los-angeles/food-delivery/doko-sushi/3jr1u69xSCqR5nPSM2hH1A,woodland-hills-california
https://www.ubereats.com/los-angeles/food-delivery/biriyani-factory/q84nhTtoTT2YmLAMDwJAxQ,woodland-hills-california
https://www.ubereats.com/los-angeles/food-delivery/la-breakfast-club/B9PEyOhvQXiYhBto76e5hQ,woodland-hills-california
https://www.ubereats.com/los-angeles/food-delivery/poseidon-hot-chicken/EbAnU2XFThqclgbfshOhIg,woodland-hills-california
https://www.ubereats.com/los-angeles/food-delivery/urbane-cafe-agoura-hills/XoUE8aMOR96ptlYVAO1Jlw,woodland-hills-california
https://www.ubereats.com/los-angeles/food-delivery/fresh-brothers-calabasas/yVPHSRm9Rr6pYBnSAWOisQ,woodland-hills-california
https://www.ubereats.com/los-angeles/food-delivery/thai-valley-restaurant/DIzV9KIGQq61OU9exTIP0w,woodland-hills-california
https://www.ubereats.com/los-angeles/food-delivery/big-mamas-%26-papas-pizzeria-canoga-park/AbvOiovbTEmnbC7yNQ86YQ,woodland-hills-california
https://www.ubereats.com/los-angeles/food-delivery/ritas-of-northridge/eWoehi82TBSrINXtM6uIeA,woodland-hills-california
https://www.ubereats.com/los-angeles/food-delivery/hawaiian-shaka-burger/X37rDHtgSpqLQ8eMwX0LSg,woodland-hills-california
https://www.ubereats.com/los-angeles/food-delivery/nostal-cafe/EKQO9cnpQOWqTuvxZQh1rA,woodland-hills-california
https://www.ubereats.com/los-angeles/food-delivery/starbucks-topanga-cyn-%26-ventura/TuUiwfCdSZKRMJGa6jcx5w,woodland-hills-california
https://www.ubereats.com/los-angeles/food-delivery/sharkys-woodfired-mexican-grill-chatsworth/E523-RTQSCaaDv1-fywxSQ,woodland-hills-california
https://www.ubereats.com/los-angeles/food-delivery/el-pollo-loco-20780-nordhoff-st6111/YhWqonlRRMWnljAHRCoXsw,woodland-hills-california
https://www.ubereats.com/los-angeles/food-delivery/cronies-sports-grill-agoura-hills/MfRrj01rRUqeea2UtYdxsg,woodland-hills-california
https://www.ubereats.com/los-angeles/food-delivery/burgerim-21512-victory-blvd/FQ3OLmhHR9qO1_D0a_6LWQ,woodland-hills-california
https://www.ubereats.com/los-angeles/food-delivery/subway-18545-roscoe-blvd/tzFUXctwRzKNNCVYxK3I8w,woodland-hills-california
https://www.ubereats.com/los-angeles/food-delivery/king-of-crabs/x8dlDOYYQc2npZC4X1vhaw,woodland-hills-california
https://www.ubereats.com/los-angeles/food-delivery/beverly-hills-platters/_hX9XaITT9iS0E7t6-BqOA,woodland-hills-california
https://www.ubereats.com/los-angeles/food-delivery/hawaiian-hot-chicken/-OEjraYLRDuT97IFI6-uKw,woodland-hills-california
https://www.ubereats.com/los-angeles/food-delivery/crazy-tokyo-sushi/ajVXuaM6RruN0C2ZCT06XQ,woodland-hills-california
https://www.ubereats.com/los-angeles/food-delivery/sol-y-luna/RwJXqMyRQZ-6mJwgc-YcMQ,woodland-hills-california
https://www.ubereats.com/los-angeles/food-delivery/mcdonalds-tarzana-ventura-wilbur/u4LBBaskRp6is_Dg9VUIdQ,woodland-hills-california
https://www.ubereats.com/los-angeles/food-delivery/subway-20105-sherman-way/Wb65Ii2OTkiQ5mYbupjC3Q,woodland-hills-california
https://www.ubereats.com/los-angeles/food-delivery/pasquallys-pizza-%26-wings-8425-reseda-blvd/aIXmg3SOQEGakRT3Ftq8yA,woodland-hills-california
https://www.ubereats.com/los-angeles/food-delivery/sabroso-mexican-restaurant/HkP04AEyR0mun0GxIgCDXQ,woodland-hills-california
https://www.ubereats.com/los-angeles/food-delivery/panda-express-van-nuys-17276-saticoy-st/Zyw6m6NaQ2a06Ovd8g6xVQ,woodland-hills-california
https://www.ubereats.com/los-angeles/food-delivery/fishbowl-poke-co/vRpcoBfFRhKYear70_Qdjg,woodland-hills-california
https://www.ubereats.com/los-angeles/food-delivery/china-garden-restaurant/34l2HrCrSlqS9nNu9Lqjtw,woodland-hills-california
https://www.ubereats.com/los-angeles/food-delivery/roys-woodland-hills/_vnScO2rR7iBNUT5hULvDQ,woodland-hills-california
https://www.ubereats.com/los-angeles/food-delivery/lasbestpizza/HnbbhN8aRO69GjzJquBmPw,woodland-hills-california
https://www.ubereats.com/los-angeles/food-delivery/lucilles-smokehouse-bar-b-que-woodland-hills/3Ql04jWwRnGyNw_jBZGf-g,woodland-hills-california
https://www.ubereats.com/los-angeles/food-delivery/bcd-tofu-house-saticoy-%26-reseda/h5IfAewkQ5-81m0G1HROog,woodland-hills-california
https://www.ubereats.com/los-angeles/food-delivery/fala-bar/LYoAMUOcRBu-sUdUq1garQ,woodland-hills-california
https://www.ubereats.com/los-angeles/food-delivery/orchid-grill-%26-kabob/N7Kwq0gjR1KZ5eU3mg9DRw,woodland-hills-california
https://www.ubereats.com/los-angeles/food-delivery/subway-20044-ventura-blvd/THM1lolBSoeArQTnFLLrQw,woodland-hills-california
https://www.ubereats.com/los-angeles/food-delivery/athenian-grill/b8krwD1LRhyA3xjDX4EKcg,woodland-hills-california
https://www.ubereats.com/los-angeles/food-delivery/mcdonalds-encino-17541-ven/Ti-PdfloQYWG3JJHdHVpkQ,woodland-hills-california
https://www.ubereats.com/los-angeles/food-delivery/plant-b-canoga-park/_cTFQqqRSECMpFVcpSldvg,woodland-hills-california
https://www.ubereats.com/los-angeles/food-delivery/pizza-cookery/RCsJtdVGSvica_kkgt3aiQ,woodland-hills-california
https://www.ubereats.com/los-angeles/food-delivery/mados-kitchen/rt58lvQoQ_Sa915lz0KYOg,woodland-hills-california
https://www.ubereats.com/los-angeles/food-delivery/jersey-mikes-26799-agoura-rd/Kq8R_iwcSOGhU0JpcrLpWw,woodland-hills-california
https://www.ubereats.com/los-angeles/food-delivery/dog-haus-biergarten-northridge/LHmxh9OmTByiVbwpP1_4SQ,woodland-hills-california
https://www.ubereats.com/los-angeles/food-delivery/original-tommys-hamburgers-canoga-park/BJMTC43PQCayvwJqH1fPew,woodland-hills-california
https://www.ubereats.com/los-angeles/food-delivery/boba-loca-woodland-hills/GW0NTNcxQyi_P8I2OZL21A,woodland-hills-california
https://www.ubereats.com/los-angeles/food-delivery/enjoy-bowl-north-hills/bKujl-1nRiKC5bnCg8s01g,woodland-hills-california
https://www.ubereats.com/los-angeles/food-delivery/za-rito-burrito-ft-pizza/ssLE9lM4Q8esUq3M8hnD1A,woodland-hills-california
https://www.ubereats.com/los-angeles/food-delivery/veggie-grill-woodland-hills/iOV3Lg8aQE64T5_SZiH2oQ,woodland-hills-california
https://www.ubereats.com/los-angeles/food-delivery/mcdonalds-ave-san-luis/qQqvqoISRem8_3rYNWrmGQ,woodland-hills-california
https://www.ubereats.com/los-angeles/food-delivery/numero-uno-tavern/JhkdfFh6RYSw5SULqOWecw,woodland-hills-california
https://www.ubereats.com/los-angeles/food-delivery/pasquallys-pizza-%26-wings-22940-van-owen-st/0ZBuDjXyQZWq_2kGuYRi5g,woodland-hills-california
https://www.ubereats.com/los-angeles/food-delivery/muzen-sushi/88_OGwgSTRWcQ4N0nwIAIg,woodland-hills-california
https://www.ubereats.com/los-angeles/food-delivery/jinkys-cafe/K3eBMBVaRhaeJcIbeiIgpA,woodland-hills-california
https://www.ubereats.com/los-angeles/food-delivery/numero-uno-pizza/8V1I3-GaSMy6aKifvCTsAw,woodland-hills-california
https://www.ubereats.com/los-angeles/food-delivery/the-green-cottage-tarzana/dAzyjZOwSbmwPiChCVUuMg,woodland-hills-california
https://www.ubereats.com/los-angeles/food-delivery/auntie-annes-6600-topanga-canyon-blvd-spc-%231098/aanMsTaZR3e3ygpCwsROwg,woodland-hills-california
https://www.ubereats.com/los-angeles/food-delivery/somethings-fishy/e-xNNYidQDStVCOwbmsZgA,woodland-hills-california
https://www.ubereats.com/los-angeles/food-delivery/burritos-el-chavo/MnBGNbMVTc6zR3_X2gkeqw,woodland-hills-california
https://www.ubereats.com/los-angeles/food-delivery/hikari-sushi/DqJHTpUzRV6DcETzG5_KcQ,woodland-hills-california
https://www.ubereats.com/los-angeles/food-delivery/phillys-best/p3UIzvGOQ06Q9CclX0IqBQ,woodland-hills-california
https://www.ubereats.com/los-angeles/food-delivery/jersey-mikes-9840e-topanga-canyon-blvd/23Z_g-DKSqa9iuZtNtKmpw,woodland-hills-california
https://www.ubereats.com/los-angeles/food-delivery/black-bear-diner-18355-ventura-blvd/lqza30i5QEiIZ7ixrPl4ng,woodland-hills-california
https://www.ubereats.com/los-angeles/food-delivery/viva-la-fiesta-mexican-restaurant/vJVeUEF_QgyzyOE8afsCPQ,woodland-hills-california
https://www.ubereats.com/los-angeles/food-delivery/chou-chou-french-patisserie/dFRV0-DrQxmH36mmd44pAQ,woodland-hills-california
https://www.ubereats.com/los-angeles/food-delivery/warner-center-cafe/6p8a9w9JQl2wEu5_hWl78w,woodland-hills-california
https://www.ubereats.com/los-angeles/food-delivery/pita-palace/7iw9jmUWRTCFsYs71s2fZg,woodland-hills-california
https://www.ubereats.com/los-angeles/food-delivery/jamba-juice-21915-ventura-blvd/MjJqFfPaRZGF0RcFFmX1NA,woodland-hills-california
https://www.ubereats.com/los-angeles/food-delivery/la-croi-cafe/n_vk87_wRrC_v9auzZM2nQ,woodland-hills-california
https://www.ubereats.com/los-angeles/food-delivery/chop-stop-encino/M6ODttfCQd--taw50w7kcg,woodland-hills-california
https://www.ubereats.com/los-angeles/food-delivery/kourosh-restaurant/4mwaaEROTqWaUtFL34mlSQ,woodland-hills-california
https://www.ubereats.com/los-angeles/food-delivery/el-charro-mexican-grill/PeCG7NNRQGSpHcDvaQokLw,woodland-hills-california
https://www.ubereats.com/los-angeles/food-delivery/doner-king/UX1C9vpGTAWISet8wHzm_g,woodland-hills-california
https://www.ubereats.com/los-angeles/food-delivery/del-taco-19644-vanowen-st/mOgmPyaXRRehpO5ETbmKsQ,woodland-hills-california
https://www.ubereats.com/los-angeles/food-delivery/ayce-gogi/ext1_e1CRvSQJH7-V8yuAQ,woodland-hills-california
https://www.ubereats.com/los-angeles/food-delivery/big-mamas-and-papas-pizzeria/8RqxCT0RQ2qbKyZj89vM1A,woodland-hills-california
https://www.ubereats.com/los-angeles/food-delivery/starbucks-winnetka-%26-ventura/Vvhy_tEUTw6Hshqir88S-g,woodland-hills-california
https://www.ubereats.com/los-angeles/food-delivery/infinitea-fresh-grill/8IqZSiswQxuBhwShqLoi2A,woodland-hills-california
https://www.ubereats.com/los-angeles/food-delivery/lal-mirch-indian-restaurant/2oxfDfJRT9Wlgno299H4hA,woodland-hills-california
https://www.ubereats.com/los-angeles/food-delivery/poquito-mas-encino/-V13WmGJTS2QJBHiMIIiEA,woodland-hills-california
https://www.ubereats.com/los-angeles/food-delivery/tacosway-2/0xSix55WSdu45pGgBQnWDg,woodland-hills-california
https://www.ubereats.com/los-angeles/food-delivery/hideout-cafe/F7jdMIaXTGq0EkeifC_GKQ,woodland-hills-california
https://www.ubereats.com/los-angeles/food-delivery/mutsumi-sushi/c7DYruNAR0O-m0SnyTQnbg,woodland-hills-california
https://www.ubereats.com/los-angeles/food-delivery/belwood-bakery-cafe-northridge/xiWwIxkFR02XLpuw88A4mg,woodland-hills-california
https://www.ubereats.com/los-angeles/food-delivery/hq-gastropub-woodland-hills/tbCMxLAeTjmaGqI-mU2VoA,woodland-hills-california
https://www.ubereats.com/los-angeles/food-delivery/mcdonalds-canoga-pk-vanowen-desoto-relo/JONkc6fFTnyrEE31IDVnsg,woodland-hills-california
https://www.ubereats.com/los-angeles/food-delivery/naab-mediterranean/gUOzbxRGRoy_Sm068izvzw,woodland-hills-california
https://www.ubereats.com/los-angeles/food-delivery/manelis-kitchen/kqnZFV2aRqaWplnYbvlJnA,woodland-hills-california
https://www.ubereats.com/los-angeles/food-delivery/corner-bakery-cafe-6100-topanga-canyon-blvd-%231330/0O3Lg-IlS1yL03LsqzebLQ,woodland-hills-california
https://www.ubereats.com/los-angeles/food-delivery/bobs-kabobs/RbyRSoncQWSfPe6tlmuGhg,woodland-hills-california
