url,city
https://www.ubereats.com/houston/food-delivery/desi-kitchen/GH4idz2OTcWmsuVSltmPrA,la-porte-texas
https://www.ubereats.com/houston/food-delivery/village-pizza-%26-seafood-seabrook/Y092LHf4S66VF4TBoqzilQ,la-porte-texas
https://www.ubereats.com/houston/food-delivery/brewingz-restaurant-%26-bar-la-porte/QOu5dWOcQkamEYlWZlqaGg,la-porte-texas
https://www.ubereats.com/houston/food-delivery/taco-bell-3520-garth-rd/lLzZR5LdTD64RqJC1nxHPA,la-porte-texas
https://www.ubereats.com/houston/food-delivery/garden-of-eden-delights/q_WpNZJMSpavNE_XwD2YAA,la-porte-texas
https://www.ubereats.com/houston/food-delivery/taco-cabana-207-fm-2094/KR7hu2nYT2qk0K4anOVCQw,la-porte-texas
https://www.ubereats.com/houston/food-delivery/panda-express-13415-hwy-i-10-east-1/x-Zx5bhrRKK-J-S8vB458A,la-porte-texas
https://www.ubereats.com/houston/food-delivery/starbucks-spencer-hwy-%26-beltway-8/lFOx9_1rRsaPQ4Thld2AFg,la-porte-texas
https://www.ubereats.com/houston/food-delivery/jack-in-the-box-14643-woodforest-blvd/ym3twrAeS1eGCRSJaAkxyw,la-porte-texas
https://www.ubereats.com/houston/food-delivery/churchs-chicken-10901-fairmont-pkwy/K1DEZ9sFTM-WMTatMOFIWQ,la-porte-texas
https://www.ubereats.com/houston/food-delivery/jersey-mikes-933-w-bay-area-blvd/LpDMIz_LTiSMwc8b0qkBrw,la-porte-texas
https://www.ubereats.com/houston/food-delivery/fuji-sushi-asian-cuisine/MVy7VYnTTNCSPmnvKbuoRw,la-porte-texas
https://www.ubereats.com/houston/food-delivery/burger-king-1102-highway-146-south/1nzj2-PYQ0OEUkTZIQd8Vg,la-porte-texas
https://www.ubereats.com/houston/food-delivery/sokols-greek-deli-%26-cafe/_UrnfsDiSLe1e8DvvwLC2A,la-porte-texas
https://www.ubereats.com/houston/food-delivery/lukas-bbq-steakhouse/8-yx5wYeQyGPMPsx3p5PGQ,la-porte-texas
https://www.ubereats.com/houston/food-delivery/pei-wei-5932-fairmont-pkwy-suite-150/F_DPxIoMSX2uTZNYL3cioQ,la-porte-texas
https://www.ubereats.com/houston/food-delivery/burger-king-2207-north-alexander-drive/6qTc8QBdSJ6y7sxGRDe8sw,la-porte-texas
https://www.ubereats.com/houston/food-delivery/d%26d-burritos/uY6MRTpTT8OScVbiTtzEXA,la-porte-texas
https://www.ubereats.com/houston/food-delivery/menchies-frozen-yogurt-2353-bay-area-blvd/tHw3LSDeRTWTwPIQ3fkGcA,la-porte-texas
https://www.ubereats.com/houston/food-delivery/mod-pizza-deer-park/9N_C9Q5xT2-iVVUs87m1cA,la-porte-texas
https://www.ubereats.com/houston/food-delivery/jack-in-the-box-302-n-main-st-ste-3/rRZqVL2_QAGeugCRO7ui7Q,la-porte-texas
https://www.ubereats.com/houston/food-delivery/mcdonalds-1305-center/LmhYm7NIR468nHwB_aDRQw,la-porte-texas
https://www.ubereats.com/houston/food-delivery/subway-4009-red-bluffs-blvd/vq1gdf2GSaC2oghu3ZyxYg,la-porte-texas
https://www.ubereats.com/houston/food-delivery/krab-kingz-deer-park/8vxsk7zmQvOpvRIABt7TyA,la-porte-texas
https://www.ubereats.com/houston/food-delivery/churchs-chicken-102-e-san-augustine/7CgGxFWXRXiymoce5q5kig,la-porte-texas
https://www.ubereats.com/houston/food-delivery/truindia-clearlake/P6325t-jR9mZI3mWRTTcNQ,la-porte-texas
https://www.ubereats.com/houston/food-delivery/subway-8307-spencer-hwy/qqAZVrqnTKiikZHjZWOIkQ,la-porte-texas
https://www.ubereats.com/houston/food-delivery/nokturne/IluKPH_sSemzeyeJ0wKHRw,la-porte-texas
https://www.ubereats.com/houston/food-delivery/sonic-9827-w-main/OA7zq8FyTLOjfaGrVfFhkg,la-porte-texas
https://www.ubereats.com/houston/food-delivery/asian-wok/CDA-Bpj9Se6T2kOe9nDT-g,la-porte-texas
https://www.ubereats.com/houston/food-delivery/burger-king-7509-spencer-highway/1VZmAyrnSSCMBfGVWa4ihg,la-porte-texas
https://www.ubereats.com/houston/food-delivery/hooters-seabrook/LeFqifabTTSfVl-JA_MIXw,la-porte-texas
https://www.ubereats.com/houston/food-delivery/five-guys-tx-1642-1760-nasa-pkwy/yEJuABXdTDi55OAPeG0vVw,la-porte-texas
https://www.ubereats.com/houston/food-delivery/backyard-seabrook/3gQxz44SQJiIfoR9lZDK8Q,la-porte-texas
https://www.ubereats.com/houston/food-delivery/dairy-queen-4757-spencer-hwy/GJCdoLjIRDiDvs0NZ4imwQ,la-porte-texas
https://www.ubereats.com/houston/food-delivery/the-neighborhood-scoop/xKyAtrA6TaiDJyeU4uVjiA,la-porte-texas
https://www.ubereats.com/houston/food-delivery/sonic-2500-bay-area-blvd/jBf6SxhgSfqOrcGpXdUj9Q,la-porte-texas
https://www.ubereats.com/houston/food-delivery/outback-steakhouse-5218-1-10-east/_FR3kK2gQ46ou_mjjLX8tQ,la-porte-texas
https://www.ubereats.com/houston/food-delivery/lone-star-taco-deer-park/_tMxuDp-TL6CLkGyqZ_oDA,la-porte-texas
https://www.ubereats.com/houston/food-delivery/snow-house/N4RAyHnYRdCw--Z5DgxihQ,la-porte-texas
https://www.ubereats.com/houston/food-delivery/taco-bell-9047-spencer-hwy/YZDzoJfsSoKnLUwHZsQ46w,la-porte-texas
https://www.ubereats.com/houston/food-delivery/hunan-star/414kYKyOReiSXt-gyR_owA,la-porte-texas
https://www.ubereats.com/houston/food-delivery/mcdonalds-1102-s-8th-st/W52wDf8LQhqBHkuMMmlnBA,la-porte-texas
https://www.ubereats.com/houston/food-delivery/mcdonalds-1770-decker-drive/KekRlC7TQKKGBfeqdHpcjw,la-porte-texas
https://www.ubereats.com/houston/food-delivery/johnny-carinos-baytown/RJXfa6_5Tk25g595Epko2w,la-porte-texas
https://www.ubereats.com/houston/food-delivery/las-haciendas-mexican-bar-and-grill-league-city/WLrtctbGS6ye8LctQMIReQ,la-porte-texas
https://www.ubereats.com/houston/food-delivery/sonic-13908-galveston-road/b6EVE1V7TXCleunY0E31vg,la-porte-texas
https://www.ubereats.com/houston/food-delivery/applebees-5911-sam-houston-parkway-n/05ugWofSS2-wcZf4J1Kp1Q,la-porte-texas
https://www.ubereats.com/houston/food-delivery/taco-bell-3421-center-st/SNTOXfJPSCu_cyZrFOA7BA,la-porte-texas
https://www.ubereats.com/houston/food-delivery/iguanas-ranas-seabrook/OzszlGNqQx2v9tHESUtImA,la-porte-texas
https://www.ubereats.com/houston/food-delivery/iguana-joes/Swl5hjqsTkOx9nlSyl_6mQ,la-porte-texas
https://www.ubereats.com/houston/food-delivery/subway-9629-spencer-hwy/WwlN9zASQNO_pHaGC1R9iQ,la-porte-texas
https://www.ubereats.com/houston/food-delivery/mustard-seed-tea-room/AcUkhPS_R4iJPZs0Rj4h6A,la-porte-texas
https://www.ubereats.com/houston/food-delivery/dennys-1876-east-freeway/XyZ8UGuMSyqgdy3ytRJ3NQ,la-porte-texas
https://www.ubereats.com/houston/food-delivery/wendys-7444-spencer-highway/ElS0rFKjQBaQIhJXwIDv7w,la-porte-texas
https://www.ubereats.com/houston/food-delivery/outback-steakhouse-3509-e-sam-houston-pkwy/TCi0iftfQ1i22v2kEHDUSw,la-porte-texas
https://www.ubereats.com/houston/food-delivery/new-orleans-seafood-kitchen/MM2YGybSQBOi2I7fqpEZGw,la-porte-texas
https://www.ubereats.com/houston/food-delivery/nam-thai/zZ5W96eyTPyYqV1Qpi8U1g,la-porte-texas
https://www.ubereats.com/houston/food-delivery/jack-in-the-box-10-center-st/WU83tzwKRdiuAibK_kwdbw,la-porte-texas
https://www.ubereats.com/houston/food-delivery/tonys-fish-galley/X-zycwv-RraqnG6B7ewqZg,la-porte-texas
https://www.ubereats.com/houston/food-delivery/tostada-regia-southmore/8ho-qy8uSPeKJ8eIC8nUtw,la-porte-texas
https://www.ubereats.com/houston/food-delivery/zero-degrees-baytown/lnPk9urtStSUx9dHCPRcRg,la-porte-texas
https://www.ubereats.com/houston/food-delivery/panda-express-5060-east-freeway/WXTu6APMTzeDO4iwwksOHw,la-porte-texas
https://www.ubereats.com/houston/food-delivery/taqueria-campo-azul/_n8JbOa2TsCOlC-Lx7UAMw,la-porte-texas
https://www.ubereats.com/houston/food-delivery/churchs-chicken-1931-garth-road/fQqyhaRlSCqhLuYagRavuQ,la-porte-texas
https://www.ubereats.com/houston/food-delivery/panda-express-5230-fairmont-parkway/etPQBzeBSJK3FnaBGixv4g,la-porte-texas
https://www.ubereats.com/houston/food-delivery/amaravati-indian-cusine/n33HyF6zTPWuMV_2W-4O3Q,la-porte-texas
https://www.ubereats.com/houston/food-delivery/kfc-6839-spencer-highway/oQUwDmsVSLyS3KPORbSMrQ,la-porte-texas
https://www.ubereats.com/houston/food-delivery/pappa-genos-steak-%26-cheese-deer-park/cVl3NY2wR7OBEJtWLczv5Q,la-porte-texas
https://www.ubereats.com/houston/food-delivery/firehouse-subs-la-porte/s8MIxb4gSbC0EmJOLGAs1g,la-porte-texas
https://www.ubereats.com/houston/food-delivery/grazia-italian-kitchen/Zm9sfpf1QfO929ozHtisUw,la-porte-texas
https://www.ubereats.com/houston/food-delivery/hooters-pasadena-tx/p_XRqg8VSvaL9wxxIKOtcA,la-porte-texas
https://www.ubereats.com/houston/food-delivery/karanchos/tLmO9dM6QHm-HLhUvhX6fQ,la-porte-texas
https://www.ubereats.com/houston/food-delivery/hooties-burger-bar-seabrook/NAN1uVUYQ1uHciudcfVImA,la-porte-texas
https://www.ubereats.com/houston/food-delivery/mcdonalds-3815-red-bluff-road/3IPhc_RbSjq4VamGdzYi1A,la-porte-texas
https://www.ubereats.com/houston/food-delivery/chopsticks-cafe/j9YEsll8RZSvjFC0eO9Lrw,la-porte-texas
https://www.ubereats.com/houston/food-delivery/saltgrass-215-kipp-avenue/ZR82qikPTEGjCSupwn1Kgw,la-porte-texas
https://www.ubereats.com/houston/food-delivery/starbucks-fairmont-pkwy-%26-rhodes/J96NQMNVQ4K3HyFRQpKN0g,la-porte-texas
https://www.ubereats.com/houston/food-delivery/sonic-4355-e-sam-houston-parkway-n-houston/kZSmqw73RKqLr4gpnO_-Dg,la-porte-texas
https://www.ubereats.com/houston/food-delivery/don-pepes-mexican-bar-and-grill/1LhZJfZFS6KVwJAEnf0pDA,la-porte-texas
https://www.ubereats.com/houston/food-delivery/jinya-ramen-bar-nasa/B9kqCRFKQRa8SC9iqrGMSQ,la-porte-texas
https://www.ubereats.com/houston/food-delivery/subway-4804-e-sam-houston-pkwy-s/iJ6eVLQPRzWcWSjMIXBiBQ,la-porte-texas
https://www.ubereats.com/houston/food-delivery/johnny-tamale-cantina/-3va3YNhQ92JhPibGlBx7g,la-porte-texas
https://www.ubereats.com/houston/food-delivery/burger-king-1301-center-street/ZS_rkx13QmmQUyIeWp_p8Q,la-porte-texas
https://www.ubereats.com/houston/food-delivery/cracker-barrel-old-country-store-5173-interstate-10-e/5qUaixhlTp6jX-kKkxY1LA,la-porte-texas
https://www.ubereats.com/houston/food-delivery/jersey-mikes-subs-5815-e-sam-houston-parkway/oKu4ljVsR2yv0N035AGYxQ,la-porte-texas
https://www.ubereats.com/houston/food-delivery/churchs-chicken-5234-spencer-highway/VwzlhAzfRh-p8N1XnubBcw,la-porte-texas
https://www.ubereats.com/houston/food-delivery/mod-pizza-league-city/I4Hjj7KWT0mZMSj0U5mbUw,la-porte-texas
https://www.ubereats.com/houston/food-delivery/subway-9119-highway-225/YnbM6MTyT-G5RiyTOLOFig,la-porte-texas
https://www.ubereats.com/houston/food-delivery/chipotle-mexican-grill-5866-e-sam-houston-pkwy-n-ste-f/yPPN_V1_SLWb54Rw4Ogstg,la-porte-texas
https://www.ubereats.com/houston/food-delivery/popeyes-8506-spencer-highway/iMMGqJ76Rte7_9VnHKkn8A,la-porte-texas
https://www.ubereats.com/houston/food-delivery/dennys-2735-bay-area-blvd/YzKSRpA-QG6kydYvCyLoNA,la-porte-texas
https://www.ubereats.com/houston/food-delivery/mod-pizza-clear-lake/lctogX53QGSmnqppXsvQkQ,la-porte-texas
https://www.ubereats.com/houston/food-delivery/las-brasas-taqueria/2EM_qPeYSc-Kr5L961DCUw,la-porte-texas
https://www.ubereats.com/houston/food-delivery/gyros-express-%26-more/i7t8vAklRPiojHEBb_JJnA,la-porte-texas
https://www.ubereats.com/houston/food-delivery/taquerias-arandas-%2318/eoYBnA3aTYyhcIQq12Cyrw,la-porte-texas
https://www.ubereats.com/houston/food-delivery/brewingz-restaurant-%26-bar-fairmont/48Dkg7cuRXmwIfTmgwGJ-Q,la-porte-texas
https://www.ubereats.com/houston/food-delivery/taco-guero/MryxOJGoQOCTnIAd5mk5Xg,la-porte-texas
https://www.ubereats.com/houston/food-delivery/starbucks-center-%26-pasadena/myz-Lw6YSI2rl7-b0ZRt4Q,la-porte-texas
https://www.ubereats.com/houston/food-delivery/subway-1309-fairmont-parkway-w/flnXyojoTvulvnYuo8_PPA,la-porte-texas
https://www.ubereats.com/houston/food-delivery/gattis-pizza-16607-el-camino-real/6hplwtHOSRi5UzRLRLLVNA,la-porte-texas
https://www.ubereats.com/houston/food-delivery/dairy-queen-grill-%26-chill-100-s-alexander-dr/fIGDv54CRKGu7FuI2if7sQ,la-porte-texas
https://www.ubereats.com/houston/food-delivery/hooters-baytown/aizYTd9sRR2S6R6KLWHimQ,la-porte-texas
https://www.ubereats.com/houston/food-delivery/thai-spice-noodle-%26-sushi-house/3sVwhTwqQHuTFa5VHwRmOw,la-porte-texas
https://www.ubereats.com/houston/food-delivery/hooties-burger-bar-pasadena-tx/h8iQk2pZSM6RxgXM0PartA,la-porte-texas
https://www.ubereats.com/houston/food-delivery/razzoos-cajun-cafe-pasadena/bBePj2N7Suu0RCSV20bmLg,la-porte-texas
https://www.ubereats.com/houston/food-delivery/golden-chicken/YFhp131wQbKOHXpiiWkXWQ,la-porte-texas
https://www.ubereats.com/houston/food-delivery/mcdonalds-2800-bayport-boulevard/B8ONbrESQaaz_czOjxoatA,la-porte-texas
https://www.ubereats.com/houston/food-delivery/taco-bell-475-n-sheldon-road/bRSDksUWRc65LlpmZplpcA,la-porte-texas
https://www.ubereats.com/houston/food-delivery/los-amigos/rq-qBdAPSka62o0wpNKlaQ,la-porte-texas
https://www.ubereats.com/houston/food-delivery/indulge-catering/_WMfKj7TQA-5cnqhH2Vqpw,la-porte-texas
https://www.ubereats.com/houston/food-delivery/sonic-223-n-main-st/O84YQSYITiG-lNM0iUxd_g,la-porte-texas
https://www.ubereats.com/houston/food-delivery/sonic-drive-in-5020-fairmont-pkwy/OdkjbjZjRTeN4sHXceCpFQ,la-porte-texas
https://www.ubereats.com/houston/food-delivery/chipotle-mexican-grill-4996-garth-rd/J7AIXBgoTJW4YJeBj9toug,la-porte-texas
https://www.ubereats.com/houston/food-delivery/panda-express-1505-w-bay-area-blvd/_Fjyz95OTZO8o1PhSeOH6w,la-porte-texas
https://www.ubereats.com/houston/food-delivery/sushi-koi/3eDYuP5iTXSryms8E2cMrQ,la-porte-texas
https://www.ubereats.com/houston/food-delivery/double-daves-pizza-league-city/TKAte3_rQ5qtFcjUMDhygQ,la-porte-texas
https://www.ubereats.com/houston/food-delivery/subway-3203-center-st/BYor4UPiTx6E2oqvaJh5hw,la-porte-texas
https://www.ubereats.com/houston/food-delivery/casa-ole-7750-spencer-hwy/QqpgXqx0Rt-sTWyBxDxSYQ,la-porte-texas
https://www.ubereats.com/houston/food-delivery/louisiana-fried-chicken-red-bluff-rd-tx/aPfifVxZQwGBqA6dXhIu5g,la-porte-texas
https://www.ubereats.com/houston/food-delivery/mankind-sports-bar/2isjkMAxSdGBwgmiKrbmJQ,la-porte-texas
https://www.ubereats.com/houston/food-delivery/burger-king-5475-fairmont-parkway/89lTUj45ScOlsmcjExYV0Q,la-porte-texas
https://www.ubereats.com/houston/food-delivery/hi-smoothies/kTfpfvjrTRSnOGcvxAqVzA,la-porte-texas
https://www.ubereats.com/houston/food-delivery/jack-in-the-box-9629-w-fairmont-pkwy/-kZyuLnoTNG55dN8g5-lOA,la-porte-texas
https://www.ubereats.com/houston/food-delivery/nam-mi/LsE9_opjQ3CfvTLLXTIPpA,la-porte-texas
https://www.ubereats.com/houston/food-delivery/tropical-smoothie-cafe-league-city/xJ817HCsScy_vM0-ORV6ZA,la-porte-texas
https://www.ubereats.com/houston/food-delivery/kfc-5449-fairmont-pkwy/Uh7hAdEISS-jbM_vJvG7bw,la-porte-texas
https://www.ubereats.com/houston/food-delivery/texas-snowbirds-daiquiri-and-grill/xLQn7OSUTkOpAahccsy20w,la-porte-texas
https://www.ubereats.com/houston/food-delivery/papa-johns-210-a-fairmont-pkwy/CHxi4AU2Rq-Y2nlI8RgBJg,la-porte-texas
https://www.ubereats.com/houston/food-delivery/jack-in-the-box-3601-n-main-st/MlFHhiMWQtCJjztpqi0jZg,la-porte-texas
https://www.ubereats.com/houston/food-delivery/subway-6330-spencer-hwy-ste%23b/Df-Lc3BZQj6K98Ez-LT_bw,la-porte-texas
https://www.ubereats.com/houston/food-delivery/shawarma-in-town-mediterranean-grill/SBv8aTOJQ2eE-xnMeBnZCA,la-porte-texas
https://www.ubereats.com/houston/food-delivery/los-toritos-homemade-tamales/WOBSbg88SSawNAdHOtSXYQ,la-porte-texas
https://www.ubereats.com/houston/food-delivery/schlotzskys-deli-8920-spencer-hwy-suite-f/8pU3IKPtTH6lgdomCKeGWg,la-porte-texas
https://www.ubereats.com/houston/food-delivery/aquarium-kemah-%2311-kemah-boardwalk/K7D4ybgsSPyk0-Lm3M2ECw,la-porte-texas
https://www.ubereats.com/houston/food-delivery/tacos-del-julio-pasadena/HT7kQ7t-SPiS_mQ6rtbLGA,la-porte-texas
https://www.ubereats.com/houston/food-delivery/popeyes-1509-w-fairmont-pkwy/jk0zl3D5SMC37XFk0QDRnQ,la-porte-texas
https://www.ubereats.com/houston/food-delivery/mogul-indian-restaurant/P6PF30y9SW-KnyQ_rzQmFA,la-porte-texas
https://www.ubereats.com/houston/food-delivery/taco-cabana-3819-red-bluff-rd/bR2yhBJ3QHqjsrkdoxjYqw,la-porte-texas
https://www.ubereats.com/houston/food-delivery/cinnabon-baked-at-flying-j-102-south-sheldon-road/96Rseen_R1-KyeBbq3eD8w,la-porte-texas
https://www.ubereats.com/houston/food-delivery/kfc-1450-fairmont-parkway/4cDiD3h3S9GaDmAQDwQ7Tw,la-porte-texas
https://www.ubereats.com/houston/food-delivery/taco-bell-1502-fairmont-pkwy/GbLNfl18QJOIyTVG2oRuWw,la-porte-texas
https://www.ubereats.com/houston/food-delivery/papa-johns-4138-center-st/YS1VjcspTreaOWmtPaCURw,la-porte-texas
https://www.ubereats.com/houston/food-delivery/smashburger-8015-spencer-hwy-ste-e/KxPFJAoNSpOSWh9bQlss8w,la-porte-texas
https://www.ubereats.com/houston/food-delivery/kfc-15327-wallisville-road/Cea6g69RTwiwY8meJQSLBA,la-porte-texas
https://www.ubereats.com/houston/food-delivery/lukas-barbecue-steak-house/vc3gt4LoTny0etS1u0mMiQ,la-porte-texas
https://www.ubereats.com/houston/food-delivery/hooties-burger-bar-4710-i-10-east/pnH1jsvhRLmBS98rqtrpHA,la-porte-texas
https://www.ubereats.com/houston/food-delivery/the-boldthouse/SplE5ybuSkClSBQGDgspmA,la-porte-texas
https://www.ubereats.com/houston/food-delivery/firehouse-subs-deer-park/AeJq1FLrQhenoPw_9uikTQ,la-porte-texas
https://www.ubereats.com/houston/food-delivery/marble-slab-creamery-2700-marina-bay-dr/bvIxDiYpQ_iqUz9tBGPvwA,la-porte-texas
https://www.ubereats.com/houston/food-delivery/churchs-chicken-2401-s-shaver/bd3ncPzCRNWsQ5mQpWwJbQ,la-porte-texas
https://www.ubereats.com/houston/food-delivery/subway-1701-center-st/JsMeAJmMTCOhGJkSMPEYWg,la-porte-texas
https://www.ubereats.com/houston/food-delivery/papa-johns-pizza-138-southmore-ave/CbMyALuCSh-_V3F0qvOOIg,la-porte-texas
https://www.ubereats.com/houston/food-delivery/dickeys-bbq-pit-6110-i-10-east-fwy/Cs90ITHCR5OK0ka1auiYUQ,la-porte-texas
https://www.ubereats.com/houston/food-delivery/starbucks-spencer-hwy-%26-college-park/_LX-hOA7TL6Pm9zWlIZ00g,la-porte-texas
https://www.ubereats.com/houston/food-delivery/tuscany-bistro/ZMqjiWTzRu2r80oIBzCjig,la-porte-texas
https://www.ubereats.com/houston/food-delivery/dennys-7207-garth-road/JAoMQ49LQnasOrahflG_oQ,la-porte-texas
https://www.ubereats.com/houston/food-delivery/mcdonalds-7437-spencer-hwy/gE8i84A-QBut-ZTJpByQKQ,la-porte-texas
https://www.ubereats.com/houston/food-delivery/taco-bell-3816-red-bluff-rd/CEfHMBy4TLC56bUw40sgvA,la-porte-texas
https://www.ubereats.com/houston/food-delivery/ihop-3021/rcwD2dFmTLiDzLotfCkrXg,la-porte-texas
https://www.ubereats.com/houston/food-delivery/buffalo-wild-wings-5875-fairmont-pkwy/c116H_vFQViZgn5TziinzQ,la-porte-texas
https://www.ubereats.com/houston/food-delivery/chipotle-mexican-grill-8035-spencer-hwy/071N8FPeTGysB37VhdBoMg,la-porte-texas
https://www.ubereats.com/houston/food-delivery/jack-in-the-box-514-sheldon-rd/X2DG3BkaSgW2btNookPQyg,la-porte-texas
https://www.ubereats.com/houston/food-delivery/sonic-11350-space-center-blvd/qpbaAW3mSIi_jhGHE8igPA,la-porte-texas
https://www.ubereats.com/houston/food-delivery/tnt-icehouse/rUla4HtzSVOL-K9nftk8OQ,la-porte-texas
https://www.ubereats.com/houston/food-delivery/kfc-4006-garth-rd/Lcmh-dT-RMW6M0nHTA3EAQ,la-porte-texas
https://www.ubereats.com/houston/food-delivery/mama-mias-italian-grill/Sj-R2xNdTfSzratYRSsIdA,la-porte-texas
https://www.ubereats.com/houston/food-delivery/texas-pizza-clear-lake/hw1yYk7ZTISpYC2aIVHSNA,la-porte-texas
https://www.ubereats.com/houston/food-delivery/sonic-3916-garth-rd/IxLTuDz7QmqeYYmHzcYygA,la-porte-texas
https://www.ubereats.com/houston/food-delivery/dennys-212-fm-518/vIacTv-DQ4SX18i6cdOJxw,la-porte-texas
https://www.ubereats.com/houston/food-delivery/pho-em/kbIOKlkvRhemZdS2dFH1aA,la-porte-texas
https://www.ubereats.com/houston/food-delivery/lubys-4709-center-street/ClRCgKT3Qo6LhIsR1grK4w,la-porte-texas
https://www.ubereats.com/houston/food-delivery/cafe-mawal-mediterranean-grill/1v-eqxrzTNyjmAvn8pttrQ,la-porte-texas
https://www.ubereats.com/houston/food-delivery/sonic-3506-center-street/yLv26lW6RxyvdjL0n23ClQ,la-porte-texas
https://www.ubereats.com/houston/food-delivery/delicias-latinas-restaurant/nqdE5xgiTlikS9Jf5Q7TrA,la-porte-texas
https://www.ubereats.com/houston/food-delivery/dos-mas-mexican-restaurant/FQPytt9rTGadLRRtPG8zYQ,la-porte-texas
https://www.ubereats.com/houston/food-delivery/burgerim-5623-garth-rd-ste-130/g7DCVSSTRQ-WHilMvqRr9Q,la-porte-texas
https://www.ubereats.com/houston/food-delivery/merlion-thai-restaurant-%26-lounge/J-ETmEwiSua6MHMKj_JyXA,la-porte-texas
https://www.ubereats.com/houston/food-delivery/dickeys-barbecue-restaurants-inc-902-w-barbours-cut-blvd/U2V6zn_yRVK_uVJ6ZFgc7A,la-porte-texas
https://www.ubereats.com/houston/food-delivery/subway-1250-garth-rd-ste-a/zuZR5VzJRkSq5Bi8nTbhwA,la-porte-texas
https://www.ubereats.com/houston/food-delivery/applebees-5103-fairmont-parkway/5cBilBg4RqKroORGOWsr0g,la-porte-texas
https://www.ubereats.com/houston/food-delivery/nam-noodles-and-more/cTl3GqveRZCmH7Hu9g2iRQ,la-porte-texas
https://www.ubereats.com/houston/food-delivery/el-toro-la-porte/WV5AzbzyRJGX_W3L0vxjbw,la-porte-texas
https://www.ubereats.com/houston/food-delivery/village-pizza-%26-seafood-la-porte/MHSyb4CLRi2LD3B0tX1p1Q,la-porte-texas
https://www.ubereats.com/houston/food-delivery/jack-in-the-box-4234-decker-dr/tPoUCxrmTGqv6lzLTG45oA,la-porte-texas
https://www.ubereats.com/houston/food-delivery/nara-thai-dining-baytown/UJ90qnpsRnSdGk8OFtrqXQ,la-porte-texas
https://www.ubereats.com/houston/food-delivery/nobilitea-tea-company/ESjVWEBEQHm4u4No19iKqA,la-porte-texas
https://www.ubereats.com/houston/food-delivery/dennys-928-highway-146-s/lHYttNSuThCaRyoRu7YdBg,la-porte-texas
https://www.ubereats.com/houston/food-delivery/subway-5735-bayport-blvd/2YObrnFkRWS2u5yirONn2g,la-porte-texas
https://www.ubereats.com/houston/food-delivery/chick-fil-a-9101-spencer-hwy/FUGrBKGmQZyD6O3-Zuo9QA,la-porte-texas
https://www.ubereats.com/houston/food-delivery/tempura-restaurant/x6j3TTRsR5iJ7uYvapuDtg,la-porte-texas
https://www.ubereats.com/houston/food-delivery/ashleys-donuts-kolaches-and-tacos/AH1b2GLXSGGiWaOHHq6Ydw,la-porte-texas
https://www.ubereats.com/houston/food-delivery/pj-fresh-102-south-sheldon-rd/EYZhnHJ4SRyWzj5N8xrvYQ,la-porte-texas
https://www.ubereats.com/houston/food-delivery/lil-sauls-tacos/M4xmeZ2RTUy3m7U8KUE_5Q,la-porte-texas
https://www.ubereats.com/houston/food-delivery/papa-johns-pizza5310-e-sam-houston-pkwy-n/8BrX61ZWQ--8k-9LMAbWuA,la-porte-texas
https://www.ubereats.com/houston/food-delivery/pomodoros-cucina-italiana/Fg6eq47fSxuRNvFox5LoUA,la-porte-texas
https://www.ubereats.com/houston/food-delivery/red-lobster-4002-spencer-highway/Vp_8e7u6T76J5xoiNGixAw,la-porte-texas
https://www.ubereats.com/houston/food-delivery/fuzion-bar-%26-lounge/Y0B4_VHQRda4NIdn1gySbQ,la-porte-texas
https://www.ubereats.com/houston/food-delivery/jack-in-the-box-7447-spencer-highway/MadkkgflSeeTUOBwcRl-fA,la-porte-texas
https://www.ubereats.com/houston/food-delivery/san-lorenzo-mexican-restaurant-and-cantina/ynJ1_HWwSWGy_jple7NWPA,la-porte-texas
