url,city
https://www.ubereats.com/charleston/food-delivery/la-hacienda-6322-rivers-ave/Z6w8v5xWQM-ZTerLtBXGTQ,ladson-south-carolina
https://www.ubereats.com/charleston/food-delivery/five-guys-sc-1075-1209-n-main-st/iV_ohIyGSVWvzsPvZkVabw,ladson-south-carolina
https://www.ubereats.com/charleston/food-delivery/jersey-mikes-subs-9500-dorchester-road/D1venftTRxGIxnNCdT-PJA,ladson-south-carolina
https://www.ubereats.com/charleston/food-delivery/dunkin-1099-n-main-st-suite-101/Q2jctJh7SBm042Bdzu0Rag,ladson-south-carolina
https://www.ubereats.com/charleston/food-delivery/moes-southwest-grill-594/uufWx7YqTlylmfgJ8Pl9hA,ladson-south-carolina
https://www.ubereats.com/charleston/food-delivery/mellow-mushroom-tanger/Yk4K5noKT_2zCHDYyu-_aQ,ladson-south-carolina
https://www.ubereats.com/charleston/food-delivery/cold-stone-creamery-7250-rivers-ave-bldg-c7/qm7lzOQbTzG4Azbrlomz3g,ladson-south-carolina
https://www.ubereats.com/charleston/food-delivery/us-asian-buffet/NDRPhEYFSYWid0JVcAdNNw,ladson-south-carolina
https://www.ubereats.com/charleston/food-delivery/schlotzskys-deli-6116-rivers-ave/YpqhcHIVQm2tfgJknqzB5w,ladson-south-carolina
https://www.ubereats.com/charleston/food-delivery/stoners-pizza-joint-dorchester-rd/fisvBaKESwSlYMX4exBXWw,ladson-south-carolina
https://www.ubereats.com/charleston/food-delivery/papa-johns-8421-dorchester-road-%23108/pd0dq838SsathziDMgqVnw,ladson-south-carolina
https://www.ubereats.com/charleston/food-delivery/crust-wood-fired-pizza/c4rB8IvNQ5ufrQxUEV6ZgA,ladson-south-carolina
https://www.ubereats.com/charleston/food-delivery/taco-bell-8430-dorchester-road/UW8ri0dlR_GFFiGdPeN4IA,ladson-south-carolina
https://www.ubereats.com/charleston/food-delivery/dunkin-8507-dorchester-rd/exIxsQiMR2GoHhWBzFiZMw,ladson-south-carolina
https://www.ubereats.com/charleston/food-delivery/mcdonalds-1520-n-main-st/uCqnfYF0QZS54CJfBov1VA,ladson-south-carolina
https://www.ubereats.com/charleston/food-delivery/rusty-crab-seafood-bar-%26-grill/1tGOB0gsQc-k0kkUVWhCPw,ladson-south-carolina
https://www.ubereats.com/charleston/food-delivery/marble-slab-creamery-%26-great-american-cookie-400-azalea-square-blvd/sRDZ9RV6Qouix-L--IMhGA,ladson-south-carolina
https://www.ubereats.com/charleston/food-delivery/donatos-summerville/wsc5aUGRQBubfBBFTg-gJg,ladson-south-carolina
https://www.ubereats.com/charleston/food-delivery/ladles-homemade-soups-dorchester-rd/G7zMBde_SoibcvYjeD8_8A,ladson-south-carolina
https://www.ubereats.com/charleston/food-delivery/house-of-cod/5UJrU8nUS9qGw-8mdU2kQg,ladson-south-carolina
https://www.ubereats.com/charleston/food-delivery/sushi-101/ocObKaVnR0y_N0FJXS0JUg,ladson-south-carolina
https://www.ubereats.com/charleston/food-delivery/jersey-mikes-subs-7225-rivers-avenue/Su5lLQOzSyGxJY9mwC7Hhw,ladson-south-carolina
https://www.ubereats.com/charleston/food-delivery/sportsbook-of-charleston/BlXdfbxkRhO5ZX9HwbNRyg,ladson-south-carolina
https://www.ubereats.com/charleston/food-delivery/hardees-1500663/aD8Lft57R5qyy-G25ELirQ,ladson-south-carolina
https://www.ubereats.com/charleston/food-delivery/swank-desserts/lmLmc9N7QmugVvSfDkjOEQ,ladson-south-carolina
https://www.ubereats.com/charleston/food-delivery/juiceria-smoothie-bar-and-cafe/xPmqa6lGQQOOLaqSZQKRig,ladson-south-carolina
https://www.ubereats.com/charleston/food-delivery/pj-fresh-5714-north-rhett-ave/biXLQ3QNQoeAGWBY46oeoQ,ladson-south-carolina
https://www.ubereats.com/charleston/food-delivery/cicis-pizza-centre-pointe-dr/qW45jfhvSUe_f78xg7MFjg,ladson-south-carolina
https://www.ubereats.com/charleston/food-delivery/spinx-6899-rivers-ave/zskEe6Z2SPumcPQ6BCu-5Q,ladson-south-carolina
https://www.ubereats.com/charleston/food-delivery/arbys-8980-university-blvd/8mekGtmIQnyB1p9_k5sMnw,ladson-south-carolina
https://www.ubereats.com/charleston/food-delivery/ocharleys-2150-northwoods-blvd/3rOf_fc3RkGaY6u6Y18AMg,ladson-south-carolina
https://www.ubereats.com/charleston/food-delivery/ginza-japanese-grill/fwnmjuvOQC-42NSBWTEINg,ladson-south-carolina
https://www.ubereats.com/charleston/food-delivery/sushi-201-s-main-st/B60l5b0bTO217x8fuvJxgg,ladson-south-carolina
https://www.ubereats.com/charleston/food-delivery/bald-monkey-beanery/V3_dpExIQh6Byfx3Pjgwwg,ladson-south-carolina
https://www.ubereats.com/charleston/food-delivery/starbucks-us-17a-%26-berlin-g-myers/N_RKXN8OTWGzy_o08h4dMw,ladson-south-carolina
https://www.ubereats.com/charleston/food-delivery/coopers-pizza-%26-baking-co/TtsrqIuPRpGndGhBmWxnSA,ladson-south-carolina
https://www.ubereats.com/charleston/food-delivery/charleston-sports-pub-summerville/2In36sbeQL-Q-BlwgfZfjA,ladson-south-carolina
https://www.ubereats.com/charleston/food-delivery/spinx-930-w-5th-n-st/ut4TzIpiQEO9IZfenyd3LA,ladson-south-carolina
https://www.ubereats.com/charleston/food-delivery/my-thai-restaurant/ykVUzaxwQlCk7Sk9XfUSCg,ladson-south-carolina
https://www.ubereats.com/charleston/food-delivery/mcdonalds-1651-red-bank-rd/9L2APpk_QQ6Lop-Onc7NGg,ladson-south-carolina
https://www.ubereats.com/charleston/food-delivery/moes-southwest-grill-312/5TwoBLk8RHmHzQH88X37-w,ladson-south-carolina
https://www.ubereats.com/charleston/food-delivery/ruby-tuesday-7400-northside-drive/n4mLxmGyRuKWm4MMLmbPJQ,ladson-south-carolina
https://www.ubereats.com/charleston/food-delivery/spinx-3665-ladson-rd/jSpx8EKbTk2hxB7IiXxXPA,ladson-south-carolina
https://www.ubereats.com/charleston/food-delivery/chipotle-mexican-grill-7398-rivers-ave-ste-102/QvehWh6AQBmYNuokfRxYBw,ladson-south-carolina
https://www.ubereats.com/charleston/food-delivery/la-hacienda-8461-resolute-way/gcT3Z8NXQ5eZdqO53uHuBw,ladson-south-carolina
https://www.ubereats.com/charleston/food-delivery/summerville-burrito-co/aPdWklOYTauCfxwk4j9ODg,ladson-south-carolina
https://www.ubereats.com/charleston/food-delivery/sticky-fingers-ribhouse-n-main-st/U_fu0ig0Sd2-ozGNSE7z3g,ladson-south-carolina
https://www.ubereats.com/charleston/food-delivery/taco-bell-5856-rivers-ave/eNvdVnWdQYuwuI7dTGkO3w,ladson-south-carolina
https://www.ubereats.com/charleston/food-delivery/spinx-1310-orangeburg-rd/Dx51wlHOTQ2vEEr59toyww,ladson-south-carolina
https://www.ubereats.com/charleston/food-delivery/the-captains-boil-1320-north-main-street/PehGwvJtRZiF8kgWVeSUZw,ladson-south-carolina
https://www.ubereats.com/charleston/food-delivery/green-garden/q22WG17VTim1Z0pVs2LCoQ,ladson-south-carolina
https://www.ubereats.com/charleston/food-delivery/hooties-burger-bar-2171-northwoods-blvd/Q_dZ2zhATYi9VWbwA4AnZA,ladson-south-carolina
https://www.ubereats.com/charleston/food-delivery/chuck-e-cheese-7258-rivers-ave/JTS9rYyeSkaTCbncBVcdcA,ladson-south-carolina
https://www.ubereats.com/charleston/food-delivery/wild-wing-cafe-north-charleston/Cy2vb5LCQpS0pqcf1pzIdw,ladson-south-carolina
https://www.ubereats.com/charleston/food-delivery/eggs-up-grill-knightsville/sk_hiuNXRZWom0zjKluMWw,ladson-south-carolina
https://www.ubereats.com/charleston/food-delivery/jersey-mikes-subs-310-azalea-square-blvd/pMmNvzhQQ36tETGn3EKPMA,ladson-south-carolina
https://www.ubereats.com/charleston/food-delivery/bojangles-famous-chicken-%26-biscuits-829-431a-1-2-st-james-ave/khvnzvTGQMuXKc98x_2r0Q,ladson-south-carolina
https://www.ubereats.com/charleston/food-delivery/smashburger-210-azalea-square/u8-_D0CKRRWbxYCnhcdWuQ,ladson-south-carolina
https://www.ubereats.com/charleston/food-delivery/smokey-bones-charleston/8fjjXK8QSn2k4mXcAAHjNQ,ladson-south-carolina
https://www.ubereats.com/charleston/food-delivery/asian-gourmet/tnTjmhRzTw2TAMOp2CZneA,ladson-south-carolina
https://www.ubereats.com/charleston/food-delivery/baja-tacos/kjVOzhqjRcSeP_-OpfRy9Q,ladson-south-carolina
https://www.ubereats.com/charleston/food-delivery/cajun-house/E17c_jzRTKeAa-PZoN7eVg,ladson-south-carolina
https://www.ubereats.com/charleston/food-delivery/ye-ole-fashioned-ice-cream-%26-sandwich-cafe-rivers-ave/eaqmnAyERKOfyv329qgVnA,ladson-south-carolina
https://www.ubereats.com/charleston/food-delivery/bkedshop/_trEsn7jQwyIFmk8eU1EwA,ladson-south-carolina
https://www.ubereats.com/charleston/food-delivery/asian-bowl-bistro/OR8ULtLYQ_WCLghOKDoMFA,ladson-south-carolina
https://www.ubereats.com/charleston/food-delivery/asian-grill-yeamans-hall-rd/XIiVf0iXQvKEB-YBY8jh9g,ladson-south-carolina
https://www.ubereats.com/charleston/food-delivery/hometown-pizzeria/g0jE3qrETyO4-b9KElK-Nw,ladson-south-carolina
https://www.ubereats.com/charleston/food-delivery/china-buffet/TK8EXmnTSmG9qXj0f9N4pQ,ladson-south-carolina
https://www.ubereats.com/charleston/food-delivery/bojangles-famous-chicken-%26-biscuits-468-1221-n-main-street/VXqaA6pIRXqjdb0sjZGApw,ladson-south-carolina
https://www.ubereats.com/charleston/food-delivery/antica-napoli/K_VPnFESRqibZUSpmEPiZA,ladson-south-carolina
https://www.ubereats.com/charleston/food-delivery/applebees-88-old-trolley-road/xzz3Hff6RAOcxTGpNwN0SA,ladson-south-carolina
https://www.ubereats.com/charleston/food-delivery/zaxbys/rz3_LHgMQFyIwekDTIQy1g,ladson-south-carolina
https://www.ubereats.com/charleston/food-delivery/the-kickin-chicken/YgKt63iJQROWBWq6hhVnpA,ladson-south-carolina
https://www.ubereats.com/charleston/food-delivery/captain-ds-300-east-5th-north-street/BaWAaa_ZTiqGMqWVuUC7Rg,ladson-south-carolina
https://www.ubereats.com/charleston/food-delivery/kfc-108-s-goose-creek-boulevard/_KZJ4P0fT7i1jbqOVPzOYw,ladson-south-carolina
https://www.ubereats.com/charleston/food-delivery/papa-johns-1525-old-trolley-rd/U55wA8XzQ6i2BgGYWpBrXg,ladson-south-carolina
https://www.ubereats.com/charleston/food-delivery/zaxbys-9141-university-blvd-north-charleston-sc-29406/zGTr4WSxT2KohIHNDK2Icw,ladson-south-carolina
https://www.ubereats.com/charleston/food-delivery/tsunami-dorchester/l4GCCIx_QjO4sbDlrwujcQ,ladson-south-carolina
https://www.ubereats.com/charleston/food-delivery/cuppa-manna/4_wkQAuARhCsuc2_D97Czg,ladson-south-carolina
https://www.ubereats.com/charleston/food-delivery/taco-boy-summerville/Xiyyv5sKTf2ISsD_6OU3iA,ladson-south-carolina
https://www.ubereats.com/charleston/food-delivery/carolina-ale-house-summerville/5v7VSk5uQBGmw-sNFEQUbQ,ladson-south-carolina
https://www.ubereats.com/charleston/food-delivery/buffalo-wild-wings-109-grandview-drive/DMMcnewCQAqh9wBs8EFDUw,ladson-south-carolina
https://www.ubereats.com/charleston/food-delivery/checkers-601-n-main-st/7GXngf7BS3uo3Yd5uWPeaQ,ladson-south-carolina
https://www.ubereats.com/charleston/food-delivery/bojangles-famous-chicken-%26-biscuits-958-3655-ladson-road/k5XLyqevSXa1k2MHmEYQ3Q,ladson-south-carolina
https://www.ubereats.com/charleston/food-delivery/moes-southwest-grill-989/2ITdUlm5S-2ov843BoD93w,ladson-south-carolina
https://www.ubereats.com/charleston/food-delivery/andolinis-pizza/cSsK4KSgT2ikWUsIsSv1bg,ladson-south-carolina
https://www.ubereats.com/charleston/food-delivery/honkytonk-saloon-college-park-rd/XYmQUcAgTB6b8bH6nix-Hg,ladson-south-carolina
https://www.ubereats.com/charleston/food-delivery/newks-eatery-210-azalea-square-blvd-ste-d/dGMbxEEkTOmTh-3UUOWJFw,ladson-south-carolina
https://www.ubereats.com/charleston/food-delivery/cracker-barrel-old-country-store-7351-mazyck-road/eQBNIVwxRWOSF9aeIJn_6w,ladson-south-carolina
https://www.ubereats.com/charleston/food-delivery/starbucks-highway-17a-%26-sigma-drive-next/Cl4JHqubRJGl8TH6zUKZww,ladson-south-carolina
https://www.ubereats.com/charleston/food-delivery/captain-ds-111-n-goose-creek-blvd/JZEBKw1uTWWSy2g_amWjJw,ladson-south-carolina
https://www.ubereats.com/charleston/food-delivery/wendys-9145-university-blvd/akaJSe1AROeNF8e3usxIiA,ladson-south-carolina
https://www.ubereats.com/charleston/food-delivery/la-hacienda-1205-n-main-st/BexjPOaVS8W14g7Ojtt6VA,ladson-south-carolina
https://www.ubereats.com/charleston/food-delivery/hooters-n-charleston/rIJ3CxbGQRy4B-hF6gKQPA,ladson-south-carolina
https://www.ubereats.com/charleston/food-delivery/bojangles-famous-chicken-%26-biscuits-50-2508-ashley-phosphate/DJnCer38R32ftNvxSnMcbg,ladson-south-carolina
https://www.ubereats.com/charleston/food-delivery/wok-n-roll/_hko_BS2R1uM0G3JH8jD2Q,ladson-south-carolina
https://www.ubereats.com/charleston/food-delivery/seasons-of-japan-rivers-ave/OC4z8535QXScrfXaipVKZQ,ladson-south-carolina
https://www.ubereats.com/charleston/food-delivery/kanji-sushi-hibachi-summerville/5oBc9SoYSAmVrEJmJP2PtQ,ladson-south-carolina
https://www.ubereats.com/charleston/food-delivery/ihop-summerville/x_xZ4Mo9REKOFMB1TdgM-Q,ladson-south-carolina
https://www.ubereats.com/charleston/food-delivery/ocharleys-315-azalea-square-blvd/i8D8f_CgTgul7NnPFelf2w,ladson-south-carolina
https://www.ubereats.com/charleston/food-delivery/dunkin-1605-central-ave/rFlxFMhdT8uDXHtfOmbnzQ,ladson-south-carolina
https://www.ubereats.com/charleston/food-delivery/hardees-1500392/2qrWayFwRrexAirj6WPDtg,ladson-south-carolina
https://www.ubereats.com/charleston/food-delivery/shenanigans-sports/OEreSrroQ6-LuQePt-ucZw,ladson-south-carolina
https://www.ubereats.com/charleston/food-delivery/five-guys-sc-1682-7250-rivers-ave/4jb19r_2RXOnhjpVxsa5Gg,ladson-south-carolina
https://www.ubereats.com/charleston/food-delivery/red-lobster-2460-mall-drive/w0mJtNoTTW6dLZ9--UMocA,ladson-south-carolina
https://www.ubereats.com/charleston/food-delivery/firehouse-subs-7250-rivers-ave/HMsvOzn4SOmyBXaL2TpfOw,ladson-south-carolina
https://www.ubereats.com/charleston/food-delivery/zaxbys-1629-central-ave/wrFpGxvWSMaRCa1YRm7oVA,ladson-south-carolina
https://www.ubereats.com/charleston/food-delivery/ye-ole-fashioned-ice-cream-%26-sandwich-cafe-n-main-st/45DQu5j0S1Sey_MddAhS8w,ladson-south-carolina
https://www.ubereats.com/charleston/food-delivery/spinx-845-jedburg-rd/u61OEScaQjiuVc488d-IfA,ladson-south-carolina
https://www.ubereats.com/charleston/food-delivery/rommys-cuisine/vEabbvD8QO6XGjHo-Kf6vw,ladson-south-carolina
https://www.ubereats.com/charleston/food-delivery/perkins-restaurant/F7IRn9AWSpWhVkgosone5w,ladson-south-carolina
https://www.ubereats.com/charleston/food-delivery/ye-ole-fashioned-ice-cream-%26-sandwich-cafe-trolley-rd/C-AvgJlKQWWPEI5aey33fw,ladson-south-carolina
https://www.ubereats.com/charleston/food-delivery/lanna-thai-cuisine/HU8g7msrTjaipmCwGHgYWA,ladson-south-carolina
https://www.ubereats.com/charleston/food-delivery/toast-of-summerville-old-trolley-rd/rI6niudCSpOw3ZCPH-XgtA,ladson-south-carolina
https://www.ubereats.com/charleston/food-delivery/tanner-hall-public-house/vw5pvYu7RhGL8fR05V7pPQ,ladson-south-carolina
https://www.ubereats.com/charleston/food-delivery/mizu-asian-cuisines/E6gAcsg1StiorKgx7yS8YQ,ladson-south-carolina
https://www.ubereats.com/charleston/food-delivery/taco-bell-10115-dorchester-road/v7qiK50xSpCk6flLIKULaw,ladson-south-carolina
https://www.ubereats.com/charleston/food-delivery/carrabbas-2150-northwoods-blvd-bldg-100/TpaSwIbVTKGFCk2seFB0Nw,ladson-south-carolina
https://www.ubereats.com/charleston/food-delivery/843-korean-bbq-%26-sushi-house/vDSQh66SR26a5tpiuzxiOw,ladson-south-carolina
https://www.ubereats.com/charleston/food-delivery/zaxbys-320-azalea-square-blvd-summerville-sc-29483/IDe2Bm9eTsq1DD5pkhjg0Q,ladson-south-carolina
https://www.ubereats.com/charleston/food-delivery/ladles-bees-ferry-rd/MbQUJu0gTCKNkna7YYsteA,ladson-south-carolina
https://www.ubereats.com/charleston/food-delivery/mellow-mushroom-summerville/_7D73rUDQICkB-V4pavs9g,ladson-south-carolina
https://www.ubereats.com/charleston/food-delivery/spinx-10696-dorchester-rd/yazqqqOWQdeG0CacUxAeIQ,ladson-south-carolina
https://www.ubereats.com/charleston/food-delivery/taco-bell-104-south-goose-creek-blvd/shxgdW-qR86v9_hCHQZT5Q,ladson-south-carolina
https://www.ubereats.com/charleston/food-delivery/vinnys-pizza/EKhbCjVyQoagitGbZx3dPA,ladson-south-carolina
https://www.ubereats.com/charleston/food-delivery/papa-johns-1205-north-main-st/CTvBkPi0T0ahbwrKgQJ8Pw,ladson-south-carolina
https://www.ubereats.com/charleston/food-delivery/sabor-cubarican-cuisine/hGx6MIiMTBakNrCfr8OMqA,ladson-south-carolina
https://www.ubereats.com/charleston/food-delivery/taco-bell-981-bacons-bridge-rd/RoeG-lFoSqGDUcuP2W57fQ,ladson-south-carolina
https://www.ubereats.com/charleston/food-delivery/true-q/ZE9JBydIR2GSZTzz_dTi0A,ladson-south-carolina
https://www.ubereats.com/charleston/food-delivery/panera-204950/plEdIiOjTGGbIkBhGvYCcA,ladson-south-carolina
https://www.ubereats.com/charleston/food-delivery/margaritas-mexican-restaurant/oa94EmzxTRiBDRR7I5SPsA,ladson-south-carolina
https://www.ubereats.com/charleston/food-delivery/king-ramen-and-poke-bowls/GTDNRzUpSKutB8Y7UNepTw,ladson-south-carolina
https://www.ubereats.com/charleston/food-delivery/dragon-house-chinese-restaurant/hNCLKZagRA2P5Osg40wx-g,ladson-south-carolina
https://www.ubereats.com/charleston/food-delivery/arbys-329-n-main-st/AlxPWwfOS-qwvv-EkKn3Hg,ladson-south-carolina
https://www.ubereats.com/charleston/food-delivery/mod-pizza-north-charleston/hfxiv00jSLilvzOEv29UmA,ladson-south-carolina
https://www.ubereats.com/charleston/food-delivery/hardees-1500649/zOHOsV1DT12zSo2XMawa6A,ladson-south-carolina
https://www.ubereats.com/charleston/food-delivery/eggs-up-grill-ladson/noQROEiRRnStWbjjCHplZA,ladson-south-carolina
https://www.ubereats.com/charleston/food-delivery/dashi-food-truck-charleston/UJQo2DB9RHOhE4h25KUdlQ,ladson-south-carolina
https://www.ubereats.com/charleston/food-delivery/ruby-tuesday-1320-north-main-street/vZyqD8m2SuSLVCA0onXlyw,ladson-south-carolina
https://www.ubereats.com/charleston/food-delivery/la-mixteca-mexican-kitchen/KIpCjVJMTLSFRLiEqA4gaQ,ladson-south-carolina
https://www.ubereats.com/charleston/food-delivery/cauliflower-wings/ZQ759s7dQaW1OZvZECUkUg,ladson-south-carolina
https://www.ubereats.com/charleston/food-delivery/kfc-9580-highway-78/ypvFLVsyThWnMyOotvNFuw,ladson-south-carolina
https://www.ubereats.com/charleston/food-delivery/carolina-crab-house/P5a2f_kETWe4A3Qpfd8R9g,ladson-south-carolina
https://www.ubereats.com/charleston/food-delivery/checkers-1846-remount-road/kFj0lbOeRxKnVn580UkWFA,ladson-south-carolina
https://www.ubereats.com/charleston/food-delivery/jersey-mikes-subs-1585-central-ave/15jLNi4gS4aq4vFdWVtwHg,ladson-south-carolina
https://www.ubereats.com/charleston/food-delivery/seasons-of-japan-old-trolley-rd/XW5Q_xalS8-5P7oDX2tDxw,ladson-south-carolina
https://www.ubereats.com/charleston/food-delivery/popeyes-109-parkway-avenue/xpJvdzlARKuLSnoLAlfnMA,ladson-south-carolina
https://www.ubereats.com/charleston/food-delivery/thai-taco-grill-llc/0e6etC_aR7SQ7umntlGyvw,ladson-south-carolina
https://www.ubereats.com/charleston/food-delivery/cicis-431-saint-james-ave/Dl-Bsyz0SHCuIjK1xmEdMQ,ladson-south-carolina
https://www.ubereats.com/charleston/food-delivery/la-cocina-de-lucy-red-bank-rd/BRSvebPRQTaop9rtR7grnQ,ladson-south-carolina
https://www.ubereats.com/charleston/food-delivery/damianos-wood-fired-pizza/G3pw6Y5UToOeLYORNn0LuA,ladson-south-carolina
https://www.ubereats.com/charleston/food-delivery/cinnabon-baked-at-pilot-5714-north-rhett-avenue/xtCuuPTQTdiqtFmhLw5eOg,ladson-south-carolina
https://www.ubereats.com/charleston/food-delivery/yo-bo-cantina-fresca-e-montague-ave/v01diVzGQgGa-dhoFflYow,ladson-south-carolina
https://www.ubereats.com/charleston/food-delivery/wayback-burgers-red-bank-rd/l3or1G2BTeWLtsHUu4u7kA,ladson-south-carolina
https://www.ubereats.com/charleston/food-delivery/ladles-soups-summerville/Sb3deFawQimM2Ctamm8dDQ,ladson-south-carolina
https://www.ubereats.com/charleston/food-delivery/subway-650-college-park-rd/k9yZfhw_SuGlTef0pZTmxg,ladson-south-carolina
https://www.ubereats.com/charleston/food-delivery/sc-wing-fish-%26-deli/tg96To-XQ529ZVn8Qdgwrw,ladson-south-carolina
https://www.ubereats.com/charleston/food-delivery/mcdonalds-302-college-park-road/wL2lfo17S_S2AsTr5DlhmQ,ladson-south-carolina
https://www.ubereats.com/charleston/food-delivery/starbucks-st-james-%26-central-ave/c4e0sVMQSO2fLUk6yPSoFg,ladson-south-carolina
https://www.ubereats.com/charleston/food-delivery/dunkin-2519-n-main-st-suite-a/RPtABzv0QpWC9G7gMjP2Rw,ladson-south-carolina
https://www.ubereats.com/charleston/food-delivery/cuban-gypsy-pantry/TILqnE2lQkGs8tjw_fxi7Q,ladson-south-carolina
https://www.ubereats.com/charleston/food-delivery/five-guys-sc-1021-4959-centre-point-dr/hQuK_jJ_Rya0wlGdeUP0Qg,ladson-south-carolina
https://www.ubereats.com/charleston/food-delivery/subway-8988-university-blvd/S6y9_s_KQkuS3XihhPqRsg,ladson-south-carolina
https://www.ubereats.com/charleston/food-delivery/gorditas-locas/K6q-Xd5XTeyVlPxlBxF_1w,ladson-south-carolina
https://www.ubereats.com/charleston/food-delivery/kfc-10170-dorchester-road/i2O-ozucRZ25v3h7h4_bvw,ladson-south-carolina
https://www.ubereats.com/charleston/food-delivery/taco-bell-787-st-james-avenue/NdwYKW5QSFOQogqL8eYXww,ladson-south-carolina
https://www.ubereats.com/charleston/food-delivery/tip-of-your-tongue-takeout/27xH-KoASUCAlT7o45SncQ,ladson-south-carolina
https://www.ubereats.com/charleston/food-delivery/capannos-pizza-ladson-rd/5LRI6DRFSTqCHw27RTFIzA,ladson-south-carolina
https://www.ubereats.com/charleston/food-delivery/captain-ds-5130-ashley-phosphate-road/i2NhcK21RR6rEixnWarM8g,ladson-south-carolina
https://www.ubereats.com/charleston/food-delivery/subway-1672-n-main-st/cGg2-zvMSfaAjkFroWeZ6Q,ladson-south-carolina
https://www.ubereats.com/charleston/food-delivery/firehouse-subs-3032-w-montague/Oar_n9ZRRImpyL_FlUChaQ,ladson-south-carolina
https://www.ubereats.com/charleston/food-delivery/dunkin-216-st-james-ave/yj-GHIngRTCM3THwi6OafA,ladson-south-carolina
https://www.ubereats.com/charleston/food-delivery/spinx-9636-hwy-78/qD7oSvmDSQS7HAhiCfN46A,ladson-south-carolina
https://www.ubereats.com/charleston/food-delivery/firehouse-subs-azalea-square/DQfGERTJTGezntu8S5QPgg,ladson-south-carolina
https://www.ubereats.com/charleston/food-delivery/captain-ds-6308-troost-ave/EOfoGdU5SxWskfSh11G-kQ,ladson-south-carolina
https://www.ubereats.com/charleston/food-delivery/peno-mediterranean-grill/-DGk0jMuQvucJR8PI_5s7A,ladson-south-carolina
https://www.ubereats.com/charleston/food-delivery/southern-pizza-company/dTzc8C6NQ1WlLC8jUBN3ag,ladson-south-carolina
https://www.ubereats.com/charleston/food-delivery/p%26s-new-jersey-style-cheese-steak-subs-llc/YsnwDmGvRvOg3DkfopoY3g,ladson-south-carolina
https://www.ubereats.com/charleston/food-delivery/swig-%26-swine/pRmQXJnCSDa0McLhfSPxNg,ladson-south-carolina
https://www.ubereats.com/charleston/food-delivery/dunkin-9155-university-blvd/clPewWHuS2-0ANdjl32lIg,ladson-south-carolina
https://www.ubereats.com/charleston/food-delivery/panda-express-7379-rivers-ave/KcNKVlQsRKyp9ePzqpPGPA,ladson-south-carolina
https://www.ubereats.com/charleston/food-delivery/792-steakhouse-summerville/Hk_wrVrnSiSO2J5hW2YtcA,ladson-south-carolina
https://www.ubereats.com/charleston/food-delivery/mcalisters-deli-4950-centre-pointe-drive/hAPv7we8TQmA9AC__UQoLA,ladson-south-carolina
https://www.ubereats.com/charleston/food-delivery/marcos-pizza-650-college-park-rd/3riDYXERTxS6bUX7wJ7faQ,ladson-south-carolina
https://www.ubereats.com/charleston/food-delivery/bombay-bazar-%26-indian-restaurant/NvyvUiQiT0Wktve_3sv42Q,ladson-south-carolina
https://www.ubereats.com/charleston/food-delivery/dallesandros-pizza-nexton/5dsZdd0PS9esKvOYOpagyw,ladson-south-carolina
https://www.ubereats.com/charleston/food-delivery/spinx-2160-n-main-st/fbExXPX2RRm6l1KnK4gW2g,ladson-south-carolina
https://www.ubereats.com/charleston/food-delivery/subway-975-bacons-bridge-rd-unit-102/6pnw1r9GTXmV1dSgIAQBmA,ladson-south-carolina
https://www.ubereats.com/charleston/food-delivery/king-ramen-and-poke-bowls/JU2MtQIASWmI-p7-CZ4ahQ,ladson-south-carolina
https://www.ubereats.com/charleston/food-delivery/mcdonalds-10095-e-dorchester-rd/8InLeDymRcu514_8DPV7Tg,ladson-south-carolina
https://www.ubereats.com/charleston/food-delivery/popeyes-135-saint-james-ave/JoXm5AImRky7VsiAXjAuUg,ladson-south-carolina
https://www.ubereats.com/charleston/food-delivery/mcdonalds-609-saint-james-ave/odcFUiPxTY2LD2T6KuFWrQ,ladson-south-carolina
https://www.ubereats.com/charleston/food-delivery/mcalisters-deli-400-a-azalea-square-blvd/KuSW2khzSWuBEq1N9_DUbw,ladson-south-carolina
https://www.ubereats.com/charleston/food-delivery/kfc-1801-n-main-street/Rw30Pu-zRj6DlMeMBLHo2Q,ladson-south-carolina
https://www.ubereats.com/charleston/food-delivery/zaxbys-8419-dorchester-rd-north-charleston-sc-29420/7enaZVQTQSihw5_BujUAFQ,ladson-south-carolina
https://www.ubereats.com/charleston/food-delivery/mcdonalds-501-n-main-st/14STKHXbQ2KhyyKVipNoDw,ladson-south-carolina
https://www.ubereats.com/charleston/food-delivery/five-guys-sc-1670-9500-dorchester-rd/SzJgO84rT1GxHueb4zGnuw,ladson-south-carolina
https://www.ubereats.com/charleston/food-delivery/two-keys-tavern/bsmMXPPESkulsyEmRY2wzQ,ladson-south-carolina
https://www.ubereats.com/charleston/food-delivery/poblanos-mexican-grill/RMTFWVLWSZahz8iptkOavw,ladson-south-carolina
https://www.ubereats.com/charleston/food-delivery/taco-bell-9637-highway-78/4yiRPVyfT4yQh73bz2QdcA,ladson-south-carolina
https://www.ubereats.com/charleston/food-delivery/kickin-chicken-800-n-main-st/hJeh0CAPQPS9UHbwO_ItEA,ladson-south-carolina
https://www.ubereats.com/charleston/food-delivery/cracker-barrel-old-country-store-1370-n-main-st/kXVIgBErQRa3UYA1L0mqjg,ladson-south-carolina
https://www.ubereats.com/charleston/food-delivery/wild-ginger-asian-bistro/t3-WmxC4SB-stEj3trKDbg,ladson-south-carolina
https://www.ubereats.com/charleston/food-delivery/taco-bell-708-n-main/u5tTKzB8QI-WaCTodFhUbw,ladson-south-carolina
https://www.ubereats.com/charleston/food-delivery/la-hacienda-206-n-goose-creek-blvd/j--VjCJLQhGK5XSm9pW8mw,ladson-south-carolina
https://www.ubereats.com/charleston/food-delivery/jersey-mikes-subs-8983-university-blvd/5i77gqzgTBi-bnbNFEpikg,ladson-south-carolina
https://www.ubereats.com/charleston/food-delivery/hardees-1501039/bHasNhbwTBu-Ew_qGPprVQ,ladson-south-carolina
https://www.ubereats.com/charleston/food-delivery/krispy-kreme-3651-ladson-road/456qcbA3T1SNtuVsflhRUA,ladson-south-carolina
https://www.ubereats.com/charleston/food-delivery/arbys-611-st-james-avenue/JpJwJvUPRcG5Q4kB13DtCw,ladson-south-carolina
https://www.ubereats.com/charleston/food-delivery/burger-king-102-college-park-road/JLPHPspqSRGIw_jEgyoO_A,ladson-south-carolina
https://www.ubereats.com/charleston/food-delivery/holy-cow-burgers-%26-brew/sz7101i9TraKDtdXFuhzBQ,ladson-south-carolina
https://www.ubereats.com/charleston/food-delivery/spinx-360-e-5th-n-st/F62qo4N3ThKbuhxt7eVD4A,ladson-south-carolina
https://www.ubereats.com/charleston/food-delivery/boxcar-bettys-rivers-ave/F-xQvNfOQje4DAS2eCaGoA,ladson-south-carolina
https://www.ubereats.com/charleston/food-delivery/rolled-quesadillas-llc/pRjp-timRkOnJTiVRoxQ0A,ladson-south-carolina
https://www.ubereats.com/charleston/food-delivery/summerville-wing-%26-tender-factory/p9qupZCHTo6gY-KRUcmGEw,ladson-south-carolina
https://www.ubereats.com/charleston/food-delivery/burger-king-105-north-goose-creek-blvd/siSdKmR_QAqLm8vrFyDYBg,ladson-south-carolina
https://www.ubereats.com/charleston/food-delivery/blue-lizard-bar-and-grill/GfRto_HsS9aT2NYqfOiP2g,ladson-south-carolina
https://www.ubereats.com/charleston/food-delivery/mcdonalds-8401-dorchester-road/2trjc3QhSwS9MtTJkEghvg,ladson-south-carolina
https://www.ubereats.com/charleston/food-delivery/eclectic-chef/nRdp6d8RTf6po-shzAWUPA,ladson-south-carolina
https://www.ubereats.com/charleston/food-delivery/firehouse-subs-8966-university-blvd/4UftpdxWTjeyxlrx0LgzCw,ladson-south-carolina
https://www.ubereats.com/charleston/food-delivery/chipotle-mexican-grill-1209-n-main-st-ste-d/0CBLFDqDS1O2JFcwIrl0sA,ladson-south-carolina
https://www.ubereats.com/charleston/food-delivery/tropical-smoothie-cafe-north-rivers-shopping-center/Tll9FXiBS6CbJjxUKGDg7g,ladson-south-carolina
https://www.ubereats.com/charleston/food-delivery/wayback-burgers-bacons-bridge-rd/yjPvs0oBRkSG_-Cq2DVxJQ,ladson-south-carolina
https://www.ubereats.com/charleston/food-delivery/hardees-1500817/l0yMhN_aS9mVZmyQdZUouQ,ladson-south-carolina
https://www.ubereats.com/charleston/food-delivery/alexs-restaurant-2/KCzc4YC_TxGfsJLbd7nFgA,ladson-south-carolina
https://www.ubereats.com/charleston/food-delivery/chinese-express/SFMjhqoZQVuqi3CkyNRemg,ladson-south-carolina
https://www.ubereats.com/charleston/food-delivery/wei-mei-asian-diner/CzpY4SLZS6-dv01VKUXCkg,ladson-south-carolina
https://www.ubereats.com/charleston/food-delivery/italian-bistro-sangaree/lL4oArDXT4SFsK2WschJbg,ladson-south-carolina
https://www.ubereats.com/charleston/food-delivery/kfc-137-n-main/YT0RdwoST3quuH_VZzN5NA,ladson-south-carolina
https://www.ubereats.com/charleston/food-delivery/bits-n-bytes/Q6-I7BhoSKeFVInwAVoCMA,ladson-south-carolina
https://www.ubereats.com/charleston/food-delivery/wendys-3-south-alliance-drive/738UscHQSrm5--5PmvfYbQ,ladson-south-carolina
https://www.ubereats.com/charleston/food-delivery/china-gourmet-goose-creek/qcrhpAssTD6wDkSbXT3e4w,ladson-south-carolina
https://www.ubereats.com/charleston/food-delivery/asian-grill-central-ave/0AOpcTDJQW-WDtOyJ3-NMg,ladson-south-carolina
https://www.ubereats.com/charleston/food-delivery/k2-seafood-charleston/A4cy9gzxRb2Xh3pCwa5k_g,ladson-south-carolina
https://www.ubereats.com/charleston/food-delivery/sunrise-bistro/vKN74wvjTxeZfGsquHWT5A,ladson-south-carolina
https://www.ubereats.com/charleston/food-delivery/the-ice-cream-shop/uI0RfO-UTAuTEvF7TSv-_A,ladson-south-carolina
https://www.ubereats.com/charleston/food-delivery/stoners-pizza-joint-dorchester-rd-2/7vSxSRIuR_-vpIKc0pni4g,ladson-south-carolina
https://www.ubereats.com/charleston/food-delivery/taco-bell-7373-northwoods-blvd/NU-HHXPkQCWmTspblP2epw,ladson-south-carolina
https://www.ubereats.com/charleston/food-delivery/spinx-4895-ashley-phosphate-rd/vYueQfDDQTOvKiEscrRleQ,ladson-south-carolina
https://www.ubereats.com/charleston/food-delivery/sake-house-ctr-pointe-dr/ejpNSLSoT4upIVPO8Jforg,ladson-south-carolina
https://www.ubereats.com/charleston/food-delivery/starbucks-university-blvd-southern-u/Oy4_5HG4QJSmmfUnZByBtQ,ladson-south-carolina
https://www.ubereats.com/charleston/food-delivery/qq-thai-ice-cream-%26-crepes/tLFxXmmMRduDxEZ8T38QMQ,ladson-south-carolina
https://www.ubereats.com/charleston/food-delivery/arbys-8089-rivers-ave/UkiP82ycQDeFAi_ZQhi9lg,ladson-south-carolina
https://www.ubereats.com/charleston/food-delivery/papa-johns-5900-rivers-avenue/aqVE2SLPRjqyfxpEI9jtLA,ladson-south-carolina
https://www.ubereats.com/charleston/food-delivery/dennys-2280-ashley-phosphate-rd/0wuEnbRxTEq7pvt15_j9gg,ladson-south-carolina
https://www.ubereats.com/charleston/food-delivery/stoners-pizza-joint-st-james-ave/Yq8DO429S6eq3rvrqGHhag,ladson-south-carolina
https://www.ubereats.com/charleston/food-delivery/arbys-1590-old-trolley-rd/5jKeU3_gRE-gVSMdrYtEgA,ladson-south-carolina
https://www.ubereats.com/charleston/food-delivery/dunkin-4720-ladson-rd/MFdjOs6DTSqocgjs4HiaQQ,ladson-south-carolina
https://www.ubereats.com/charleston/food-delivery/jersey-mikes-subs-217-a-st-james-ave/p6J4Lk39QmmHhGCbJboCwA,ladson-south-carolina
https://www.ubereats.com/charleston/food-delivery/willie-jewells-old-school-bar-b-q-n-charleston/8--k9e23RlGuDSl0GKUjLw,ladson-south-carolina
https://www.ubereats.com/charleston/food-delivery/papa-johns-431-d-st-james-avenue/rNGUkmJfRuqJrfhsVZVLOQ,ladson-south-carolina
https://www.ubereats.com/charleston/food-delivery/mad-fish-sushi-%26-hibachi-grill-old-trolley-rd/rK-h8B28RDy_smdE3C4nhg,ladson-south-carolina
