url,city
https://www.ubereats.com/west-lafayette/food-delivery/burger-king-4092-south-street/UkHX670fQpiY_hczF7Zp0A,lafayette-indiana
https://www.ubereats.com/west-lafayette/food-delivery/red-lobster-120-creasy-lane-south/6Zb_v7pGTkGg22LRUKGVnw,lafayette-indiana
https://www.ubereats.com/west-lafayette/food-delivery/poke-hibachi/Xx4FRpmeSrC9TXdcMb6yiw,lafayette-indiana
https://www.ubereats.com/west-lafayette/food-delivery/la-bamba-lafayette-in/rGy9-ryMQz6ajUBYEd_e7Q,lafayette-indiana
https://www.ubereats.com/west-lafayette/food-delivery/buffalo-wild-wings-2715-south-creasy-lane/yh_uSrezQu6SLtWHVldSbg,lafayette-indiana
https://www.ubereats.com/west-lafayette/food-delivery/blue-nile/yqj4ROj3Rri68a3xfby_2Q,lafayette-indiana
https://www.ubereats.com/west-lafayette/food-delivery/firehouse-subs-170-s-creasy-ln/pwff4cSXSqysMV1ziDn2MA,lafayette-indiana
https://www.ubereats.com/west-lafayette/food-delivery/starbucks-state-%26-brown-west-lafayette/5nazs17gQM-ABEKcOO6jJw,lafayette-indiana
https://www.ubereats.com/west-lafayette/food-delivery/professor-joes-sports-pub-%26-pizzeria/AZ4Ddt-FQ26yz8nBG9WLIQ,lafayette-indiana
https://www.ubereats.com/west-lafayette/food-delivery/wendys-1201-teal-road/TkvYfbjSSgSKi6KAN1ep4g,lafayette-indiana
https://www.ubereats.com/west-lafayette/food-delivery/chipotle-mexican-grill-4030-south-st/MfvVvPpDSaabAyDHaMIWsg,lafayette-indiana
https://www.ubereats.com/west-lafayette/food-delivery/westside-diner/vh8263yJT-W51361ZqX91A,lafayette-indiana
https://www.ubereats.com/west-lafayette/food-delivery/silver-dipper-ice-cream/87gFuSTeR4e2Rwy-s0dsyA,lafayette-indiana
https://www.ubereats.com/west-lafayette/food-delivery/the-cozy-tavern/optv73BaTdqSdpucFXfWjQ,lafayette-indiana
https://www.ubereats.com/west-lafayette/food-delivery/hooters-lafayette-in/m86zgr0qRq2PomUBp2PoNA,lafayette-indiana
https://www.ubereats.com/west-lafayette/food-delivery/papa-johns-2404-greenbush/PHYM6bGRRJyDPL3EbmPWrQ,lafayette-indiana
https://www.ubereats.com/west-lafayette/food-delivery/arbys-4066-south-st/7vheOopaRbWg9FcvRDH3Tg,lafayette-indiana
https://www.ubereats.com/west-lafayette/food-delivery/b%26n-diner/duHxFbVkTuCrJMEseoJr7Q,lafayette-indiana
https://www.ubereats.com/west-lafayette/food-delivery/taco-bell-2190-south-26th-street/NSbULjc4TjKuoJNpAKSbng,lafayette-indiana
https://www.ubereats.com/west-lafayette/food-delivery/applebees-3009-northwestern-avenue-%2393036/opq4m9kYS0qF5JmuQG544A,lafayette-indiana
https://www.ubereats.com/west-lafayette/food-delivery/sonic-150-south-creasy-lane/DfTV3U-iTeCp_p3IsWND0Q,lafayette-indiana
https://www.ubereats.com/west-lafayette/food-delivery/chipotle-mexican-grill-200-w-state-st/mkwecO4QTD-2garYMJ_SLw,lafayette-indiana
https://www.ubereats.com/west-lafayette/food-delivery/cracker-barrel-old-country-store-40-frontage-road/aByJtVBpSqeXUfFnxgRCyw,lafayette-indiana
https://www.ubereats.com/west-lafayette/food-delivery/mcdonalds-124-e-state-st/5EzZvzpTSQO7tQ-Hi2SxqQ,lafayette-indiana
https://www.ubereats.com/west-lafayette/food-delivery/wendys-3621-state-road-38-e/MMRDEwUIQe68XtxlJ38fAw,lafayette-indiana
https://www.ubereats.com/west-lafayette/food-delivery/steak-n-shake-%232-n-sagamore-pkwy/nuiJ6YzYTAa25_5TWeRV8w,lafayette-indiana
https://www.ubereats.com/west-lafayette/food-delivery/wendys-2029-northgate-dr/V1qQEYk4Q-6AzexAfvtrAQ,lafayette-indiana
https://www.ubereats.com/west-lafayette/food-delivery/kfc-609-sagamore-parkway-west/VO_-NGuzQT2MjYEQjXXGyw,lafayette-indiana
https://www.ubereats.com/west-lafayette/food-delivery/burger-king-2338-teal-road/3T4HtycHQYCbx5adVQpCvw,lafayette-indiana
https://www.ubereats.com/west-lafayette/food-delivery/mcdonalds-4200-south-street/D92wznuhQGKoeHnkVWftJw,lafayette-indiana
https://www.ubereats.com/west-lafayette/food-delivery/outback-steakhouse-3660-state-road-26/Ga0-tnQyTdmL23mshrqQvQ,lafayette-indiana
https://www.ubereats.com/west-lafayette/food-delivery/chuck-e-cheese-100-s-creasy-lane-%23100/izZWfyToShSBy83qksiP1g,lafayette-indiana
https://www.ubereats.com/west-lafayette/food-delivery/taco-bell-3805-state-road-26-e/7uziuL49SCyGQZzOVU7phg,lafayette-indiana
https://www.ubereats.com/west-lafayette/food-delivery/noodles-%26-company-3640-south-st/GHj4uihhR7uwWNIgbmWl4g,lafayette-indiana
https://www.ubereats.com/west-lafayette/food-delivery/qdoba-3515-south-st/szkQo7IJS5awkFlNygVBNw,lafayette-indiana
https://www.ubereats.com/west-lafayette/food-delivery/dunkin-2131-sagamore-pkwy-s/AbxdRrcYRr67-h8JyaaVMA,lafayette-indiana
https://www.ubereats.com/west-lafayette/food-delivery/papa-johns-1400-w-state-st/AG1ZMGwVRfqXXmg782Jg2g,lafayette-indiana
https://www.ubereats.com/west-lafayette/food-delivery/papa-johns-109-beck-lane-ste-114/7WdHZ1fxTaKA7ztaaOcMYQ,lafayette-indiana
https://www.ubereats.com/west-lafayette/food-delivery/sichuan-house/Di9Y637hSW-eCrjOZVPPxw,lafayette-indiana
https://www.ubereats.com/west-lafayette/food-delivery/moes-southwest-grill-332-east-state-st/Zs70lRbLROqmzl9LtfWr0w,lafayette-indiana
https://www.ubereats.com/west-lafayette/food-delivery/kfc-3809-state-road-26-east/rrEloZu1S7uzRgT4kBa3hw,lafayette-indiana
https://www.ubereats.com/west-lafayette/food-delivery/lins-wok/AuL5HtvMSuO2Jbf3-V3GUg,lafayette-indiana
https://www.ubereats.com/west-lafayette/food-delivery/las-brazas-taqueria-teal-rd/_nUZkJ8oT02-ZCcr4AWy1Q,lafayette-indiana
https://www.ubereats.com/west-lafayette/food-delivery/puccinis-smiling-teeth/FxN8BvjvRO-HSbTY0-FIQw,lafayette-indiana
https://www.ubereats.com/west-lafayette/food-delivery/greeks-pizzeria/YmjtOSXuTdiyvMfhUjxkxw,lafayette-indiana
https://www.ubereats.com/west-lafayette/food-delivery/las-perlas-tapatias/iJ8rb9aBRR-1YjL18MakkA,lafayette-indiana
https://www.ubereats.com/west-lafayette/food-delivery/mcdonalds-510-sagamore-pkwy-n/2VA_ILLZTcSCar3F4DfVOg,lafayette-indiana
https://www.ubereats.com/west-lafayette/food-delivery/the-smoking-irishman/Wm1lAsXQRASR0mtXFH2niA,lafayette-indiana
https://www.ubereats.com/west-lafayette/food-delivery/khana-khazana-indian-grill/dXTGo905RR6EN6c4AgaGGA,lafayette-indiana
https://www.ubereats.com/west-lafayette/food-delivery/mary-lou-donuts-s-4th/JnLuCm8qQwegcpELCEYw2w,lafayette-indiana
https://www.ubereats.com/west-lafayette/food-delivery/dunkin-2049-veterans-memorial-pkwy-s/1Zycg0lkTFCUyFGaN6gACQ,lafayette-indiana
https://www.ubereats.com/west-lafayette/food-delivery/arbys-2219-sagamore-pkwy-s/G762v-SpTW64tf2AJD3B6A,lafayette-indiana
https://www.ubereats.com/west-lafayette/food-delivery/la-hacienda-west-lafayette-nc/aVBsTKDIToC6KJor3s_-ng,lafayette-indiana
https://www.ubereats.com/west-lafayette/food-delivery/amers-grill/HByW9YDgQ1uNtx0X-wSnBA,lafayette-indiana
https://www.ubereats.com/west-lafayette/food-delivery/grilled-chicken-%26-rice/0CrpANovQ_afVlnIOljJ8Q,lafayette-indiana
https://www.ubereats.com/west-lafayette/food-delivery/bob-evans-75-4300-state-route-26-e/QNeL9BBxRlenGMdkCrLFbg,lafayette-indiana
https://www.ubereats.com/west-lafayette/food-delivery/starbucks-lafayette-veterans-pkwy-%26-co/ln52tnQ7T6-Kg0BKbcp6Yg,lafayette-indiana
https://www.ubereats.com/west-lafayette/food-delivery/hardees-sagamore-pkwy-n/H28oes-wQ1iM9CHUOQlzfQ,lafayette-indiana
https://www.ubereats.com/west-lafayette/food-delivery/burger-king-3555-promenade-pkwy/ZR1vl_dYQmim7tQHg6yxSw,lafayette-indiana
https://www.ubereats.com/west-lafayette/food-delivery/silver-dipper-ice-cream/aMtjQfs6SvKsLVMULDgO3g,lafayette-indiana
https://www.ubereats.com/west-lafayette/food-delivery/dunkin-2049-veterans-memorial-pkwy/eAqU7OiqTQG0Sc_Z-iP5bg,lafayette-indiana
https://www.ubereats.com/west-lafayette/food-delivery/don-japanese-cuisine/TcDpu2tCTVucLlvmUQOylw,lafayette-indiana
https://www.ubereats.com/west-lafayette/food-delivery/pure-eatery/H0RrkF-tQNWYFiZQPUghrw,lafayette-indiana
https://www.ubereats.com/west-lafayette/food-delivery/taco-bell-1016-west-sagamore/_3-J5YcwREm5aTMy34tKEg,lafayette-indiana
https://www.ubereats.com/west-lafayette/food-delivery/potbelly-sandwich-shop-purdue-%7C-235/bka7HZVtSMS5WRGO567z2w,lafayette-indiana
https://www.ubereats.com/west-lafayette/food-delivery/ocharleys-2413-sagamore-pkwy-s/SBAjS2VOTqqBoBf-ujhnWA,lafayette-indiana
https://www.ubereats.com/west-lafayette/food-delivery/dt-kirbys/_x2FV6Q3QFq8uEKDScM0UQ,lafayette-indiana
https://www.ubereats.com/west-lafayette/food-delivery/white-castle-4723-meijer-ct/GHMuOuuVSYC38qJK-3lciA,lafayette-indiana
https://www.ubereats.com/west-lafayette/food-delivery/buffalo-wild-wings-360-brown-street/tDakLbEHR8GleO2aP-MGcQ,lafayette-indiana
https://www.ubereats.com/west-lafayette/food-delivery/steak-n-shake-200-meijer-way/ZrlJh7naQ7OVwdoc_Y53kg,lafayette-indiana
https://www.ubereats.com/west-lafayette/food-delivery/southside-diner/2J1CfqsSRyuVc1FnNRg8TQ,lafayette-indiana
https://www.ubereats.com/west-lafayette/food-delivery/taco-bell-135-s-chauncey-ave-ste-2h/d3mV81kXTVKfd8CroVChkw,lafayette-indiana
https://www.ubereats.com/west-lafayette/food-delivery/mcdonalds-605-stadium-ave/mTOH5Wc6Qri6-W7i78MDOw,lafayette-indiana
https://www.ubereats.com/west-lafayette/food-delivery/mcdonalds-613-sagamore-pkwy-w/DPaGM5vNQUu6021qgIMYSA,lafayette-indiana
https://www.ubereats.com/west-lafayette/food-delivery/freshii-102-n-chauncey-ave/4XavXBqZQCCzI8A2dB6cnQ,lafayette-indiana
https://www.ubereats.com/west-lafayette/food-delivery/dunkin-4901-sr-26-e/78Hwtt6STyWkRO0dB6hoFA,lafayette-indiana
https://www.ubereats.com/west-lafayette/food-delivery/peppercorn-kitchen/ugMKyVEaRtOWAM6rXgxUIA,lafayette-indiana
https://www.ubereats.com/west-lafayette/food-delivery/wendys-701-sagamore-pk/neyshTKNSXCNE_h1W31QmA,lafayette-indiana
https://www.ubereats.com/west-lafayette/food-delivery/five-guys-in-0495/togatGJDSu2x07no85LW5Q,lafayette-indiana
https://www.ubereats.com/west-lafayette/food-delivery/wendys-252-e-state-street/CIje0NMpSRuF_2znk-4r-w,lafayette-indiana
https://www.ubereats.com/west-lafayette/food-delivery/qdoba-139-northwestern-ave/N4jNVi6ZQPmiwZQs54vbPw,lafayette-indiana
https://www.ubereats.com/west-lafayette/food-delivery/almadina-restaurant/hSULa5Q1QLO5zzlOyKa1gw,lafayette-indiana
https://www.ubereats.com/west-lafayette/food-delivery/starbucks-us-52-%26-sr-38/azCwgW3BQISoAC5HUsnNQw,lafayette-indiana
https://www.ubereats.com/west-lafayette/food-delivery/happy-china/uiHIwXQBRnK6KrJPcddkJA,lafayette-indiana
https://www.ubereats.com/west-lafayette/food-delivery/arbys-531-sagamore-pkwy-w/8opg_omJSe6Pq6eudQb-FA,lafayette-indiana
https://www.ubereats.com/west-lafayette/food-delivery/auntie-annes-at-tippecanoe-mall-2415-sagamore-pkwy-south/qqAEc41tRO2gi-8zl66fbw,lafayette-indiana
https://www.ubereats.com/west-lafayette/food-delivery/wendys-2010-cr-350-south/fI56a57WRLKwYQ75Gdw-Dw,lafayette-indiana
https://www.ubereats.com/west-lafayette/food-delivery/dairy-queen-grill-%26-chill-2831-us-hwy-231-s/EtO085k_Tz64IfWWxkYaLg,lafayette-indiana
https://www.ubereats.com/west-lafayette/food-delivery/luca-pizza-di-roma-lafayette/hr7kmAr7TzWklNew5ph-fg,lafayette-indiana
https://www.ubereats.com/west-lafayette/food-delivery/dairy-queen-grill-%26-chill-purdue-west-shopping-cent/hurtrGK3QvuQT9LpM_3IXA,lafayette-indiana
https://www.ubereats.com/west-lafayette/food-delivery/noodles-%26-company-102-n-chauncey-ave-ste-a/3rBcC_hCTua4MnyuLU0KWg,lafayette-indiana
https://www.ubereats.com/west-lafayette/food-delivery/panda-express-2415-sagamore-pkwy/fdOb-owCT2SYwLGNepW6xg,lafayette-indiana
https://www.ubereats.com/west-lafayette/food-delivery/chick-fil-a-50-n-creasy-ln/0MLHEVB8R_adN_nnb4iRLw,lafayette-indiana
https://www.ubereats.com/west-lafayette/food-delivery/burger-king-2175-greenbush-street/_gaFBQahSmKiBeRmWHJClQ,lafayette-indiana
https://www.ubereats.com/west-lafayette/food-delivery/five-guys-in-1959-210-s-creasy-ln/hH6b_TapTAWrDXCPJ5mfaQ,lafayette-indiana
https://www.ubereats.com/west-lafayette/food-delivery/taste-of-india/SuVKe7TsRRSVtcCl358gVg,lafayette-indiana
https://www.ubereats.com/west-lafayette/food-delivery/panera-4339-south-street/wICJk5JOR3awSVV0Dh3PDg,lafayette-indiana
https://www.ubereats.com/west-lafayette/food-delivery/greyhouse-coffee/2xfkG8qUTF2QD2EGIpP8MA,lafayette-indiana
https://www.ubereats.com/west-lafayette/food-delivery/the-egyptian-cafe/fbleTjg6RKunc3Z7fGLxvA,lafayette-indiana
https://www.ubereats.com/west-lafayette/food-delivery/ihop-4215-south-st/yG1UJY_RRHOw96NifRY6oQ,lafayette-indiana
https://www.ubereats.com/west-lafayette/food-delivery/india-mahal/jiK2R4CnRt6S4SmJDaef-g,lafayette-indiana
https://www.ubereats.com/west-lafayette/food-delivery/maje-sushi/a4YuqEBSRyCvgymK6YxGBw,lafayette-indiana
https://www.ubereats.com/west-lafayette/food-delivery/panera-328-east-state-street/y4tyGB9gSVClnin4leaelQ,lafayette-indiana
https://www.ubereats.com/west-lafayette/food-delivery/mcalisters-1222-100-south-creasy-lane-suite-1000/fzlaYe0eQC-dALZBIRP5vA,lafayette-indiana
https://www.ubereats.com/west-lafayette/food-delivery/mcdonalds-3606-osborne-lane/m2tFR7uvQXiq3hBRVj1WTA,lafayette-indiana
https://www.ubereats.com/west-lafayette/food-delivery/noodles-%26-i/YdlGDAdTQ6yts60gakIodg,lafayette-indiana
https://www.ubereats.com/west-lafayette/food-delivery/mcdonalds-2333-sagamore-pkwy-s/DYf0fnm7TBaSbTE4QtbGpQ,lafayette-indiana
https://www.ubereats.com/west-lafayette/food-delivery/copper-moon-coffee-purdue/cwqywG_nSLe5q8g_M_ZyVQ,lafayette-indiana
https://www.ubereats.com/west-lafayette/food-delivery/dos-amigos/cuNSg5nATK-8m7zoSBBNIQ,lafayette-indiana
https://www.ubereats.com/west-lafayette/food-delivery/huhot-mongolian-grill-creasy/OZAioIYRRDijP0p5mTZOKg,lafayette-indiana
https://www.ubereats.com/west-lafayette/food-delivery/dennys-4260-south-st/JMuopKHTQU6R8feu9PRMlg,lafayette-indiana
https://www.ubereats.com/west-lafayette/food-delivery/digbys-pub-and-patio/pgLZCLlnQri7u9dcccp2VQ,lafayette-indiana
https://www.ubereats.com/west-lafayette/food-delivery/taste/Ox7IwREqRAC5YHzZnFnimg,lafayette-indiana
https://www.ubereats.com/west-lafayette/food-delivery/whiskey-bobs-saloon/kwE7_N3zTaKLL0WVP9AIow,lafayette-indiana
https://www.ubereats.com/west-lafayette/food-delivery/d-%26-r-market/Adr9SyEHRoysfx2a09afRg,lafayette-indiana
https://www.ubereats.com/west-lafayette/food-delivery/el-chicano/0i5o81IoS5WUm1HBwKuI4g,lafayette-indiana
https://www.ubereats.com/west-lafayette/food-delivery/applebees-2415-sagamore-parkway-south-%2387016/ftZV58kPRj-O-9QMp078sw,lafayette-indiana
https://www.ubereats.com/west-lafayette/food-delivery/richelle-in-a-handbasket/6fDQSeBmR9KHBWaEzVETEQ,lafayette-indiana
https://www.ubereats.com/west-lafayette/food-delivery/kung-fu-tea-135-s-chauncey-ave/-8Ckng9qQ7O1_N5oDdXXMA,lafayette-indiana
https://www.ubereats.com/west-lafayette/food-delivery/sushi-don/wWC8iwc3Tl-pf6arhm719A,lafayette-indiana
https://www.ubereats.com/west-lafayette/food-delivery/burger-king-1069-sagamore-parkway-west/n-HybPjFT3CHoI6wSxngPA,lafayette-indiana
https://www.ubereats.com/west-lafayette/food-delivery/copper-moon-coffee-lafayette/OuuN_MPgQ26LKVMwx8Ur1Q,lafayette-indiana
https://www.ubereats.com/west-lafayette/food-delivery/hooties-burger-bar-2327-sagamore-pkwy-south/6Y6veDL3TeaLsHEXbvrWOQ,lafayette-indiana
https://www.ubereats.com/west-lafayette/food-delivery/d-%26-r-b-b-q-%26-catering/_fJ9s8chQtWpfXZia-TnBg,lafayette-indiana
https://www.ubereats.com/west-lafayette/food-delivery/moes-southwest-grill-170-south-creasy-lane/_iakpTlgRqeks5JC9BBpvw,lafayette-indiana
https://www.ubereats.com/west-lafayette/food-delivery/dam-so-korean-restaurant/6U8Hf6U9R-io-vwCWC8MFw,lafayette-indiana
https://www.ubereats.com/west-lafayette/food-delivery/panda-express-138-northwestern-ave/qjso40_HT7GimaboJVPC9Q,lafayette-indiana
https://www.ubereats.com/west-lafayette/food-delivery/fazolis-3457-state-rd-26-east/VeiF39KOQlqW-eao0Z6chQ,lafayette-indiana
https://www.ubereats.com/west-lafayette/food-delivery/mcdonalds-2812-us-231-s/aCS6dAs8SYaftnBMgb-1lg,lafayette-indiana
https://www.ubereats.com/west-lafayette/food-delivery/kfc-3561-promenade-parkway/dGtAZNpTQIK8SSzLpRtMvw,lafayette-indiana
