url,city
https://www.ubereats.com/orange-county/food-delivery/the-krave-kobe-burger-grill/rsSfncq0TcC2o2ZlMZw6BQ,laguna-hills-california
https://www.ubereats.com/orange-county/food-delivery/bricco-pizza-%26-wine-bar-moulton-pkwy/tb6oVTuvQIqqyA-LiJ_LAg,laguna-hills-california
https://www.ubereats.com/orange-county/food-delivery/moes-deli/mYPi41bBSga6-ND1VCtI0A,laguna-hills-california
https://www.ubereats.com/orange-county/food-delivery/original-tommys-hamburgers-lake-forest/vsW6nJXTRsWgZXD0Wqsd0A,laguna-hills-california
https://www.ubereats.com/orange-county/food-delivery/kfc-30071-alicia-parkway/F5NI8QqkTxee_QGwSTKYkQ,laguna-hills-california
https://www.ubereats.com/orange-county/food-delivery/ciao-pasta/AyyTiAZRR4e-8I_tIjhPfA,laguna-hills-california
https://www.ubereats.com/orange-county/food-delivery/left-coast-brewing-co-smokehouse-%26-distilleryirvine/ECg-y_cqT8uKbiah6tkhbA,laguna-hills-california
https://www.ubereats.com/orange-county/food-delivery/krispy-kreme-el-paseo-%26-cabot-rd/5AOmX6_qTHejS_7k7KaWHA,laguna-hills-california
https://www.ubereats.com/orange-county/food-delivery/burnt-crumbs-irvine/geEtXgiRSLOnOilEhLpxEA,laguna-hills-california
https://www.ubereats.com/orange-county/food-delivery/del-taco-59-technology-drive/SA_TpTxeQMajSLUsTw57AA,laguna-hills-california
https://www.ubereats.com/orange-county/food-delivery/starbucks-oso-%26-i-5/6r-n9kilRM2_911_6NIOLA,laguna-hills-california
https://www.ubereats.com/orange-county/food-delivery/daphnes-california-greek-6711-quail-hill-pkwy/llMKWGrxQtuu1axHJFbvGg,laguna-hills-california
https://www.ubereats.com/orange-county/food-delivery/bagel-me!-laguna-hills/7EWVZV-3QwyIqUDDH8XKEg,laguna-hills-california
https://www.ubereats.com/orange-county/food-delivery/another-kind-cafe/Jz6mq8B7RiCaqaU2Gs3cnA,laguna-hills-california
https://www.ubereats.com/orange-county/food-delivery/earth-bowl-superfoods/VBlFq9BLQuu66loiwE8zgA,laguna-hills-california
https://www.ubereats.com/orange-county/food-delivery/green-burrito-23002-lake-forest-dr/LrWsIKTmQzqc1g2i3yl9_w,laguna-hills-california
https://www.ubereats.com/orange-county/food-delivery/elephant-cafe/LCSrB9fnRQONje14ni7qTA,laguna-hills-california
https://www.ubereats.com/orange-county/food-delivery/le-cafe-du-parc/Ji6sCYVxQxGKgb-5Z6OkzQ,laguna-hills-california
https://www.ubereats.com/orange-county/food-delivery/starbucks-los-olivos-market-place/FYfFWXYsRX2eEP33bKwHBQ,laguna-hills-california
https://www.ubereats.com/orange-county/food-delivery/world-class-pizza/y1gc2ZGiRjKXApVyPOapqw,laguna-hills-california
https://www.ubereats.com/orange-county/food-delivery/el-molino-de-oro-san-juan-capistrano/Ajn0KKryScex8mE8DbA2Rw,laguna-hills-california
https://www.ubereats.com/orange-county/food-delivery/luna-grill-dana-point/RaUQmeWmQFW0xFlJlMl3Bg,laguna-hills-california
https://www.ubereats.com/orange-county/food-delivery/el-pollo-loco-inc-20163-lake-forest-dr3442/BYJ2wovRTpGNTB5C2EN1Eg,laguna-hills-california
https://www.ubereats.com/orange-county/food-delivery/burger-king-8695-irvine-center-drive/P4Oy021RSqawlM-5euujvg,laguna-hills-california
https://www.ubereats.com/orange-county/food-delivery/tebo-pho-%26-tea/QWJxIbvrTy6gmrzpajaWjQ,laguna-hills-california
https://www.ubereats.com/orange-county/food-delivery/india-grill/JlQQndTPRzG8qejd3luXCg,laguna-hills-california
https://www.ubereats.com/orange-county/food-delivery/blaze-pizza-555-the-shops-at-mission-viejo/Jh5hqiFZSR6GNCx1TNgcPA,laguna-hills-california
https://www.ubereats.com/orange-county/food-delivery/pho-tasia/7VZ5muY9T8CD2MqwTHAVTA,laguna-hills-california
https://www.ubereats.com/orange-county/food-delivery/sushi-wazen/ScW-0vQ4SW-5B3bOW-JKHA,laguna-hills-california
https://www.ubereats.com/orange-county/food-delivery/dunkin-25242-mcintyre-st/WUpQVDPgQyClLSSRYM-Srw,laguna-hills-california
https://www.ubereats.com/orange-county/food-delivery/luna-grill-rancho-santa-margarita/hJLxYCXxSBGVSEG6zPy0EA,laguna-hills-california
https://www.ubereats.com/orange-county/food-delivery/del-taco-16211-lake-forest-dr/rfJSvgYHRpCMlB0dxQgpbg,laguna-hills-california
https://www.ubereats.com/orange-county/food-delivery/firehouse-subs-laguna-woods/F3CYw21fRUKzEpqAjq30VQ,laguna-hills-california
https://www.ubereats.com/orange-county/food-delivery/yudas/Oult8IBgT_igtJEjbgsHOQ,laguna-hills-california
https://www.ubereats.com/orange-county/food-delivery/7-leaves-cafe-irvine/n-56sZYIQQiYa2-264r6dg,laguna-hills-california
https://www.ubereats.com/orange-county/food-delivery/simply-the-cupcake-store/hXNMqc_ZSqSju2fR8hqFIQ,laguna-hills-california
https://www.ubereats.com/orange-county/food-delivery/starfish-laguna-south-pacific-coast-highway/PoyWj0rTQ12-EC_Rnoo6nQ,laguna-hills-california
https://www.ubereats.com/orange-county/food-delivery/subway-31882-del-obispo-st/b704HiuATEeey8r9j5offQ,laguna-hills-california
https://www.ubereats.com/orange-county/food-delivery/the-parkway-american-grill/5K8jraKESGSRrEote7Zp0A,laguna-hills-california
https://www.ubereats.com/orange-county/food-delivery/panera-bread-25523-marguerite-parkway/P7D-yU9aTK284zQDgjclpQ,laguna-hills-california
https://www.ubereats.com/orange-county/food-delivery/jersey-mikes-subs-mission-viejo-25280-c-marguerite-parkway/Ufi520F_REyiLXrS3mfu6g,laguna-hills-california
https://www.ubereats.com/orange-county/food-delivery/noonerz/dnuLokKRS9WMeOhPeDPHEA,laguna-hills-california
https://www.ubereats.com/orange-county/food-delivery/tan-cha-irvine/7h4JVbpoT4Sq_vrc_bOrMQ,laguna-hills-california
https://www.ubereats.com/orange-county/food-delivery/starbucks-alicia-%26-pacific-park/KVxTu6iCSRquCoQTtG6_Bw,laguna-hills-california
https://www.ubereats.com/orange-county/food-delivery/wendys-24761-alicia-pkwy/vMQR-5ipQJ-amNQCEJ6o9A,laguna-hills-california
https://www.ubereats.com/orange-county/food-delivery/tlt-food-irvine-spectrum/a7z4QXh4RdeDo08C4-fdRQ,laguna-hills-california
https://www.ubereats.com/orange-county/food-delivery/husky-boy-burgers-laguna-beach/kzu0EJJDSWimunerUUQWIg,laguna-hills-california
https://www.ubereats.com/orange-county/food-delivery/popeyes-23426-los-alisos-blvd/-1chsoUuS_C2HQgBs9QU7g,laguna-hills-california
https://www.ubereats.com/orange-county/food-delivery/yogurtland-27855-santa-margarita-pkwy/E9ree5bXRkqNQ2rYcPv2jA,laguna-hills-california
https://www.ubereats.com/orange-county/food-delivery/burger-lounge-irvine/EkQNWpc2RkaO8EoCXMN1BQ,laguna-hills-california
https://www.ubereats.com/orange-county/food-delivery/tender-greens-530-spectrum-center-dr/RItVWwRDRg-4GEQUAtHDXA,laguna-hills-california
https://www.ubereats.com/orange-county/food-delivery/ameci-pizza-%26-pasta-lake-forest/Iidb0F5aTYm2junZALQXAQ,laguna-hills-california
https://www.ubereats.com/orange-county/food-delivery/jack-in-the-box-23812-el-toro-rd/vADhWA4rTzyQWhcVxQjK2w,laguna-hills-california
https://www.ubereats.com/orange-county/food-delivery/starbucks-golden-lantern-%26-camino-de-avi/PAjK7rITTyiXpmF7DtDyXg,laguna-hills-california
https://www.ubereats.com/orange-county/food-delivery/project-juice-laguna-beach/fYp-b_9LT7WzhgWz2w7llQ,laguna-hills-california
https://www.ubereats.com/orange-county/food-delivery/romans-mexican-restaurant-laguna-woods/YVbBtqAQR06Vecyr27GyXA,laguna-hills-california
https://www.ubereats.com/orange-county/food-delivery/five-guys-ca-4014-30622-santa-margarita-parkway/6vydSBhJSeeGw8wX8Tin1g,laguna-hills-california
https://www.ubereats.com/orange-county/food-delivery/bawarchi-biryanis/fxVXNdxnTomVQpvLl8jsXw,laguna-hills-california
https://www.ubereats.com/orange-county/food-delivery/del-friscos-grille-772-spectrum-center-drive/DHpVaCNbS5uEHLIlgwi6Vw,laguna-hills-california
https://www.ubereats.com/orange-county/food-delivery/starbucks-antonio-%26-crown-valley/guog2QrZTsO7-dZvQ4GEOw,laguna-hills-california
https://www.ubereats.com/orange-county/food-delivery/avilas-el-ranchito-mexican-restaurant/Xg6_AU-cTZWmAPDnVeCTog,laguna-hills-california
https://www.ubereats.com/orange-county/food-delivery/angelinas-pizzeria-napoletana/f0c5XdawSg-uS5st7R9PAg,laguna-hills-california
https://www.ubereats.com/orange-county/food-delivery/luna-grill-lake-forest/NcCaijvaTja_QvLE8NuuuQ,laguna-hills-california
https://www.ubereats.com/orange-county/food-delivery/jack-in-the-box-28592-oso-parkway/V_lXAlLzRCu1sKr8QW28pQ,laguna-hills-california
https://www.ubereats.com/orange-county/food-delivery/taco-900/j6NJn3IiSa2TJAwt_IDqXw,laguna-hills-california
https://www.ubereats.com/orange-county/food-delivery/dunkin-donuts-23771-el-toro-rd/P5JKtRT7Sz2fa8SrbIwLzA,laguna-hills-california
https://www.ubereats.com/orange-county/food-delivery/starbucks-el-toro-%26-paseo-de-valencia/ud-YB1y-Sl2MCgY_vxSV-w,laguna-hills-california
https://www.ubereats.com/orange-county/food-delivery/crepe-de-paris-mission-viejo-mall/_upeaFmJRCCeOSL3KQicpA,laguna-hills-california
https://www.ubereats.com/orange-county/food-delivery/heroes-%26-legends-bar-%26-grill/R_XJ3fHtRZSe9PtGAVTC_w,laguna-hills-california
https://www.ubereats.com/orange-county/food-delivery/mustard-cafe-newport-coast/H1-he5e4SmyZRw6KIQLJGg,laguna-hills-california
https://www.ubereats.com/orange-county/food-delivery/bella-roma-pasta-%26-pizza/RAyJz373TuKTwZaLgRmrkA,laguna-hills-california
https://www.ubereats.com/orange-county/food-delivery/mountain-mikes-pizza-22942-ridge-route-dr/hSnm1AZtQnmnRLAu1T9xMA,laguna-hills-california
https://www.ubereats.com/orange-county/food-delivery/pick-up-stix-dana-point/iVpKJtYTSMiY98bRFey-vw,laguna-hills-california
https://www.ubereats.com/orange-county/food-delivery/tacos-%26-co/BDuxYsGdQKq3CfdyJXNWTQ,laguna-hills-california
https://www.ubereats.com/orange-county/food-delivery/buffalo-wild-wings-23600-rockfield-blvd/tiZrGr_YT5urujDCpGKlJg,laguna-hills-california
https://www.ubereats.com/orange-county/food-delivery/taco-bell-26521-aliso-creek-road/UdKvZ4mJSn6FDSqECBQTvg,laguna-hills-california
https://www.ubereats.com/orange-county/food-delivery/fish-district-aliso-viejo/UHm9J36xQ9-NqgawQl3s4w,laguna-hills-california
https://www.ubereats.com/orange-county/food-delivery/pick-up-stix-lake-forest/e3u1anowRNW5AQcqZ3TSow,laguna-hills-california
https://www.ubereats.com/orange-county/food-delivery/pho-tung-%26-cafe/X6gFdbOSTkmoM2t-dofh-A,laguna-hills-california
https://www.ubereats.com/orange-county/food-delivery/ameci-pizza-%26-pasta-irvine/22AxNSj6SAOKbdHcAW9G7A,laguna-hills-california
https://www.ubereats.com/orange-county/food-delivery/dunkin-donuts-23981-alicia-pkwy/CVC-PWnZQkuefbsHSMjfvg,laguna-hills-california
https://www.ubereats.com/orange-county/food-delivery/top-round-roast-beef-irvine/rnfxE-E6THalhDBim_nCRQ,laguna-hills-california
https://www.ubereats.com/orange-county/food-delivery/capital-dim-sum-seafood-bar-irvine-spectrum/jGx6CJBmTRCOyD96pUDdZQ,laguna-hills-california
https://www.ubereats.com/orange-county/food-delivery/mod-pizza-lake-forest/KkAI1xLiQ-imjNhoQNGQKw,laguna-hills-california
https://www.ubereats.com/orange-county/food-delivery/daphnes-california-greek-lake-forest/fQcwFperQLS8Yp77e1jepQ,laguna-hills-california
https://www.ubereats.com/orange-county/food-delivery/spikes-fish-house-laguna-niguel/xqqc0uxtRBGvJwtYD0rbhQ,laguna-hills-california
https://www.ubereats.com/orange-county/food-delivery/rodrigos-mexican-grill-laguna-hills/B90mfKtZRiyKij7tgO03dg,laguna-hills-california
https://www.ubereats.com/orange-county/food-delivery/bad-to-the-bone-bbq/fYR5jYLGTOyM0bgj39Q-HA,laguna-hills-california
https://www.ubereats.com/orange-county/food-delivery/euro-caffe-aliso-viejo/S6WVNdJnQ7uOy6dQAFHUiA,laguna-hills-california
https://www.ubereats.com/orange-county/food-delivery/titans-pho-asian-bistro/TrCdQzWQRTy6Xs-mIzpKwg,laguna-hills-california
https://www.ubereats.com/orange-county/food-delivery/taco-bell-31771-del-obispo/GoQ525bGTj61z8vRYoJIZg,laguna-hills-california
https://www.ubereats.com/orange-county/food-delivery/subway-25614-alicia-parkway/pUwvOJ-FRz-yOBIvlWRqJQ,laguna-hills-california
https://www.ubereats.com/orange-county/food-delivery/taco-bell-28532-oso-parkway/QRi39AAgSTqaMWP9GzL6Bg,laguna-hills-california
https://www.ubereats.com/orange-county/food-delivery/olive-oil-mediterranean-grill-express/tfbMEqcVS2Sv_fxTkhodGQ,laguna-hills-california
https://www.ubereats.com/orange-county/food-delivery/dunkin-26722-portola-parkway-suite-a/5Y5TzAgiSXGdk95BGLnamQ,laguna-hills-california
https://www.ubereats.com/orange-county/food-delivery/jack-in-the-box-23562-moulton-parkway/JVNR3AkETIK7Iys1dpKuIQ,laguna-hills-california
https://www.ubereats.com/orange-county/food-delivery/el-pollo-loco-mission-viejo/WXHWzS2-R8ODzTvyUgDqYg,laguna-hills-california
https://www.ubereats.com/orange-county/food-delivery/frescas-mexican-grill-lake-forest/TiBwpHGjRpa5pHJ_UXIoIg,laguna-hills-california
https://www.ubereats.com/orange-county/food-delivery/el-pollo-loco-5501-alton-pkwy3719/lZHkv6S0RICmxEeVKXfIOQ,laguna-hills-california
https://www.ubereats.com/orange-county/food-delivery/which-wich-lake-forest/Qg2QMYjfRBmDHf_vzLDyAw,laguna-hills-california
https://www.ubereats.com/orange-county/food-delivery/tik-tok-pizza/MqNRat2KRwyB2jp2M6QDYw,laguna-hills-california
https://www.ubereats.com/orange-county/food-delivery/del-taco-22401-el-toro-rd/cLMXk2_WTS2iAJqm4LJO8w,laguna-hills-california
https://www.ubereats.com/orange-county/food-delivery/burgerim-26741-aliso-creek-dr/EiCeSYTBRv-10HQHh_AKAQ,laguna-hills-california
https://www.ubereats.com/orange-county/food-delivery/komi-coffee/dovGySkAQFy15M-EK29-_g,laguna-hills-california
https://www.ubereats.com/orange-county/food-delivery/chipotle-mexican-grill-25523-marguerite-pkwy-ste-a/NDk31ndlQS23MqSP2v1exA,laguna-hills-california
https://www.ubereats.com/orange-county/food-delivery/board-%26-brew-laguna-niguel-south/wQ3ikmFNQkOCDTcVIeWaRw,laguna-hills-california
https://www.ubereats.com/orange-county/food-delivery/the-flame-broiler/UZ6DCSA0SXmtcu8p6cz1uQ,laguna-hills-california
https://www.ubereats.com/orange-county/food-delivery/deemers-american-grill/Pmg3osy7SB-cKYPPT9NPOg,laguna-hills-california
https://www.ubereats.com/orange-county/food-delivery/del-taco-26951-aliso-creek-road/EMB6DLKAShOphfosZ2EDag,laguna-hills-california
https://www.ubereats.com/orange-county/food-delivery/the-olives-branch/r_uz05XkQ5mqfH7RjLjjXA,laguna-hills-california
https://www.ubereats.com/orange-county/food-delivery/kin-sushi/3GscRca_QdSWW2g0XlC5Fg,laguna-hills-california
https://www.ubereats.com/orange-county/food-delivery/jack-in-the-box-25852-el-paseo/QjbIHtSpRdqbR19p9oY-hA,laguna-hills-california
https://www.ubereats.com/orange-county/food-delivery/tacos-%26-co-mission-viejo/scJQshReRFmLcBf-wIEbuw,laguna-hills-california
https://www.ubereats.com/orange-county/food-delivery/green-burrito-26338-oso-pkwy/nQQN1mNiRma0legJGa9bww,laguna-hills-california
https://www.ubereats.com/orange-county/food-delivery/lucilles-smokehouse-bar-b-que-lake-forest/Oi9o9fgFRtawEYR-H8ycxg,laguna-hills-california
https://www.ubereats.com/orange-county/food-delivery/charleys-philly-steaks-mission-viejo-mall/Zrgqp0HJS9iRjQUwwxIo9w,laguna-hills-california
https://www.ubereats.com/orange-county/food-delivery/avilas-el-ranchito-mexican-restaurant-foothill-ranch/8noSqk0vRCqjJouVJbqUZw,laguna-hills-california
https://www.ubereats.com/orange-county/food-delivery/mcdonalds-laguna-hills/vm2G-Z0eSyuG685fVTPqzA,laguna-hills-california
https://www.ubereats.com/orange-county/food-delivery/plumeria-cafe/8yEsRJSxTgambLWIOnu-eA,laguna-hills-california
https://www.ubereats.com/orange-county/food-delivery/mcdonalds-laguna-ngl-la-pa/3sPRJgBFS3ak2wr__PoBlw,laguna-hills-california
https://www.ubereats.com/orange-county/food-delivery/pasquallys-pizza-%26-wings-26538-moulton-pkwy-st-h/0045wQ7UQO6CpbdnTUpYBw,laguna-hills-california
https://www.ubereats.com/orange-county/food-delivery/el-toro-bravo-laguna-hills/QLTmbLX3Tqu3sUuGkvlFUQ,laguna-hills-california
https://www.ubereats.com/orange-county/food-delivery/brizios-pizza-lake-forest/fxJlWrlzTpmlOMcqoj5Aqg,laguna-hills-california
https://www.ubereats.com/orange-county/food-delivery/haagen-dazs-745-spectrum-center-drive/iH4zFkCBRiq0svaKbcHAHg,laguna-hills-california
https://www.ubereats.com/orange-county/food-delivery/burger-king-27470-alicia-pkwy/9MhPxzsAQv6DFfp41YWWEg,laguna-hills-california
https://www.ubereats.com/orange-county/food-delivery/sizzler-23501-el-toro-rd/x7WYqMUSRAmwSP3SfR1rJg,laguna-hills-california
https://www.ubereats.com/orange-county/food-delivery/lulus-cafe/6sggjxsoSBeBowEmcooNcQ,laguna-hills-california
https://www.ubereats.com/orange-county/food-delivery/acai-republic-laguna-niguel/PTSxPG5ZRAGo6WPh8oy9-Q,laguna-hills-california
https://www.ubereats.com/orange-county/food-delivery/ihop-23810-aliso-creek-rd/eCFisvrYRMeokkvKU72WgA,laguna-hills-california
https://www.ubereats.com/orange-county/food-delivery/california-fish-grill-lake-forest/ZQjw_KSuSo23_sflrGucBQ,laguna-hills-california
https://www.ubereats.com/orange-county/food-delivery/subway-27311-la-paz-rd-e/4gN6QZvDQq2m5YNXRqINeg,laguna-hills-california
https://www.ubereats.com/orange-county/food-delivery/chipotle-mexican-grill-22379-el-toro-rd/-QyrYvvETMuXkKI5fVjgAA,laguna-hills-california
https://www.ubereats.com/orange-county/food-delivery/barbonzai/SdtAF-8uRQWp86JffUe6Eg,laguna-hills-california
https://www.ubereats.com/orange-county/food-delivery/hi-house/QGE_HLA0TgGcvC2MICgO5g,laguna-hills-california
https://www.ubereats.com/orange-county/food-delivery/starbucks-woodbury-town-center/Koo6OixTQcqW-AigL_zeNQ,laguna-hills-california
https://www.ubereats.com/orange-county/food-delivery/the-ice-cream-shop/C329IgtXR1qZB9jOPSGkBg,laguna-hills-california
https://www.ubereats.com/orange-county/food-delivery/urban-plates-aliso-viejo/KSqCw0rWS2GQeP7QcZLOFw,laguna-hills-california
https://www.ubereats.com/orange-county/food-delivery/carls-jr-23002-lake-forest-dr/p-A9qkOwRAqTGnxaBI2yaw,laguna-hills-california
https://www.ubereats.com/orange-county/food-delivery/donerg-lake-forest/tT6HdCbzSn2H2Pjh38iTvA,laguna-hills-california
https://www.ubereats.com/orange-county/food-delivery/jersey-mikes-subs-laguna-niguel-24006-aliso-creek-road/0n92q_NuStO7IQCC067CIg,laguna-hills-california
https://www.ubereats.com/orange-county/food-delivery/pick-up-stix-las-flores/xn7TMsi-Req6vaQ7om2RzA,laguna-hills-california
https://www.ubereats.com/orange-county/food-delivery/the-habit-burger-grill-27748-crown-valley-parkway-ste-a/OSNaegMHSge7Jg6mIlmLyQ,laguna-hills-california
https://www.ubereats.com/orange-county/food-delivery/java-bakery-cafe/XtzEmVvpSzSuJOBl2k0iHA,laguna-hills-california
https://www.ubereats.com/orange-county/food-delivery/pita-pita-aliso-viejo/AzH7TOQfQ3mIblqJCK9UXA,laguna-hills-california
https://www.ubereats.com/orange-county/food-delivery/crystal-cove-shake-shack/_pyVHHNtQSW2kzUpOkvQzw,laguna-hills-california
https://www.ubereats.com/orange-county/food-delivery/hacienda-la-joya/x-J0zfXGTXCB_24mWQXnaA,laguna-hills-california
https://www.ubereats.com/orange-county/food-delivery/the-original-pancake-house-26951-moulton-pkwy/VhwNlAu0SCa0dUZTDoJj9w,laguna-hills-california
https://www.ubereats.com/orange-county/food-delivery/cucas-mexican-food/ELke6FAWSe-nsqeLgVX5hg,laguna-hills-california
https://www.ubereats.com/orange-county/food-delivery/chili-chutney-afghan-cuisine/PhHEHuP8Tjqae7V_FZZbgg,laguna-hills-california
https://www.ubereats.com/orange-county/food-delivery/palace-bakery/UYkASAf5SGm_xw_T6FXhpg,laguna-hills-california
https://www.ubereats.com/orange-county/food-delivery/little-bean-coffee-%26-doughnuts/uHqw6kXpTACdqS4AVZUirw,laguna-hills-california
https://www.ubereats.com/orange-county/food-delivery/bjs-restaurant-%26-brewhouse-24032-el-toro-road/cJSOsqgUSu608tfhf2nvCw,laguna-hills-california
https://www.ubereats.com/orange-county/food-delivery/starbucks-la-paz-%26-cabot/EQhVzeP2Q6SyFV197NddNw,laguna-hills-california
https://www.ubereats.com/orange-county/food-delivery/la-michoacana-premier-lake-forest/SHsGKWqWQEWhekKezj5STQ,laguna-hills-california
https://www.ubereats.com/orange-county/food-delivery/ball-park-pizza-sjc/l1jJGqVmSUawnuAi9SlOzw,laguna-hills-california
https://www.ubereats.com/orange-county/food-delivery/rubys-diner-laguna-hills/59DocJRfTnmCwlOjFiSa_w,laguna-hills-california
https://www.ubereats.com/orange-county/food-delivery/the-flame-broiler-22485-el-toro/-VwRpGdwSI2bgXphfUn__Q,laguna-hills-california
https://www.ubereats.com/orange-county/food-delivery/el-molino-de-oro-lake-forest/YmocERgERWCZTncSuABECQ,laguna-hills-california
https://www.ubereats.com/orange-county/food-delivery/starbucks-greenfield-%26-crown-valley/Zmzi6H9tRwCY6CKMtTT0og,laguna-hills-california
https://www.ubereats.com/orange-county/food-delivery/farmer-boys-laguna-hills/XtuDpx4QQyaW9d5GeCnRzw,laguna-hills-california
https://www.ubereats.com/orange-county/food-delivery/mcdonalds-mviejo-st-marg/xDeJoAzgRUChIvhwIwDT2w,laguna-hills-california
https://www.ubereats.com/orange-county/food-delivery/sushi-%26-roll/Vjh0im5YRfiPwEQoEZH80w,laguna-hills-california
https://www.ubereats.com/orange-county/food-delivery/fuji-grill-lake-forest/dCm3Sbq1Sd68ZIqw_VlTjA,laguna-hills-california
https://www.ubereats.com/orange-county/food-delivery/el-conejito-mexican-restaurant/aWmikajnSzy8rTVK-PRhJw,laguna-hills-california
https://www.ubereats.com/orange-county/food-delivery/outback-steakhouse-25322-cabot-rd/zWShDzXLS1CIic_gqeMA8w,laguna-hills-california
https://www.ubereats.com/orange-county/food-delivery/wendys-28961-golden-lantern/jEqK3woSS1yl1BMU6e17lw,laguna-hills-california
https://www.ubereats.com/orange-county/food-delivery/o-fine-japanese-laguna/_V62Xu6gTOuK5IexlJe2GQ,laguna-hills-california
https://www.ubereats.com/orange-county/food-delivery/jons-fish-market/VqVd5h2pSzqcf8vuado-xQ,laguna-hills-california
https://www.ubereats.com/orange-county/food-delivery/rocky-mountain-chocolate-factory-617-spectrum-center-dr/eRPq8qFKRF6mY5KPcuq58w,laguna-hills-california
https://www.ubereats.com/orange-county/food-delivery/sonic-drive-in-jeronimo-rd/7lsfChRNTfCXBSdl7UZ34w,laguna-hills-california
https://www.ubereats.com/orange-county/food-delivery/bahar-restaurant/eelu0SktS76KiEmLVwiGeA,laguna-hills-california
https://www.ubereats.com/orange-county/food-delivery/kfc-32032-camino-capistrano/STzCb-CQT3SGC25LZJoKyA,laguna-hills-california
https://www.ubereats.com/orange-county/food-delivery/ball-park-pizza-laguna-nigel/RRD_NVxBTMmK_fS92eXZEw,laguna-hills-california
https://www.ubereats.com/orange-county/food-delivery/jalapenos-ladera-ranch/XzDyzoxhTK2mKadeOJQoig,laguna-hills-california
https://www.ubereats.com/orange-county/food-delivery/chaupain-bakery/dha2qGmSRnaC58Im1KcZmg,laguna-hills-california
https://www.ubereats.com/orange-county/food-delivery/cafe-au-lait/IChjsppITNyqhB5EO5I3Yg,laguna-hills-california
https://www.ubereats.com/orange-county/food-delivery/baskin-robbins-26722-portola-parkway/2Afefi8zQyCfyvWcnmSs7Q,laguna-hills-california
https://www.ubereats.com/orange-county/food-delivery/eat-thai-cuisine/NQjaYS5TRiihzuUwINQAHw,laguna-hills-california
https://www.ubereats.com/orange-county/food-delivery/blkdot-coffee-spectrum-center-dr/KJ9TAXouTDCjR-lwtRi6EA,laguna-hills-california
https://www.ubereats.com/orange-county/food-delivery/gogiya/t45aDEwJTeifaGYvIy1F5g,laguna-hills-california
https://www.ubereats.com/orange-county/food-delivery/taco-bell-26631-trabuco-road/22U8vciySZ-WdNGn8QBB7g,laguna-hills-california
https://www.ubereats.com/orange-county/food-delivery/starbucks-antonio-%26-la-promesa/bspfup8jTMWag5HgRpZtMA,laguna-hills-california
https://www.ubereats.com/orange-county/food-delivery/starbucks-lake-forest-%26-rockfield/feWQie6jRC-C0Rcqg0LldA,laguna-hills-california
https://www.ubereats.com/orange-county/food-delivery/juicy-way/xA9Db1P9R_WA-u5eh-EhNg,laguna-hills-california
https://www.ubereats.com/orange-county/food-delivery/umami-burger/El1XT1-JSzOhgmhQS-sufA,laguna-hills-california
https://www.ubereats.com/orange-county/food-delivery/chaupain-bakery/gHfx2Hz_QyWq-tuh6JRd2A,laguna-hills-california
https://www.ubereats.com/orange-county/food-delivery/chuck-e-cheese-26538-moulton-pkwy-st-h/Ddi1TFz9Re6hlwZfr4jTnA,laguna-hills-california
https://www.ubereats.com/orange-county/food-delivery/bjs-restaurant-%26-brewhouse-280-s-coast-highway/k25QCBjFS--QELZx5r8vHw,laguna-hills-california
https://www.ubereats.com/orange-county/food-delivery/panini-kabob-grill-mission-viejo/0Nh5i0DvQBGvWOXyWBbNUw,laguna-hills-california
https://www.ubereats.com/orange-county/food-delivery/jack-in-the-box-20101-lake-forest-drive/44WQwzM_R4uU16xr1BSKPw,laguna-hills-california
https://www.ubereats.com/orange-county/food-delivery/mod-pizza-foothill-ranch/SqwZXpRjQtqED5PAHU5guA,laguna-hills-california
https://www.ubereats.com/orange-county/food-delivery/chatime-mission-viejo/VDnuq6dbTtqzjuTAOhzAWw,laguna-hills-california
https://www.ubereats.com/orange-county/food-delivery/carls-jr-27092-la-paz-rd/afn5TUDvSFKdazSK-NkklQ,laguna-hills-california
https://www.ubereats.com/orange-county/food-delivery/phans55-irvine-center/9o6cbihSRH2x04uWAgWVNA,laguna-hills-california
https://www.ubereats.com/orange-county/food-delivery/shou-men-kan-ramen-%26-poke/r0fHvT0ASRqUt6Zsf2781A,laguna-hills-california
https://www.ubereats.com/orange-county/food-delivery/starbucks-oso-%26-antonio/9TIIHY8iSLGE3QD6-ureog,laguna-hills-california
https://www.ubereats.com/orange-county/food-delivery/chipotle-mexican-grill-26552-towne-centre-dr/f_VnV703Rk6NZZKXsd_ZuA,laguna-hills-california
https://www.ubereats.com/orange-county/food-delivery/woodfire-kabob-restaurant/fdBSfzt_RXCHqxqXbdfbNw,laguna-hills-california
https://www.ubereats.com/orange-county/food-delivery/the-ice-cream-shop/4r9FkV4ITtKXWijx8LDmYw,laguna-hills-california
https://www.ubereats.com/orange-county/food-delivery/east-coast-bagel-laguna/j3X4z5j_QbeKCVUtQU8QwQ,laguna-hills-california
https://www.ubereats.com/orange-county/food-delivery/the-ice-cream-shop/X4myi9xcQRCwHedLv4Lp9w,laguna-hills-california
https://www.ubereats.com/orange-county/food-delivery/fish-district-irvine/ccWx48WhTlOnvYmZtB6HYQ,laguna-hills-california
https://www.ubereats.com/orange-county/food-delivery/chipotle-mexican-grill-731-spectrum-center-dr/ia9SmuiaSYClJ7DBlxlcAg,laguna-hills-california
https://www.ubereats.com/orange-county/food-delivery/stefanos/d1ovRCKsTEqhGQH84HJzOA,laguna-hills-california
https://www.ubereats.com/orange-county/food-delivery/skewers-fresh-mediterranean-grill/gcbcDDRBR_u6JXyWAZLBtg,laguna-hills-california
https://www.ubereats.com/orange-county/food-delivery/johnnys-real-new-york-pizza/rTVZz4OvRAO__iUKNAEEtA,laguna-hills-california
https://www.ubereats.com/orange-county/food-delivery/hen-house-grill/n5BMPGd_TKWUTrEAoyCJnQ,laguna-hills-california
https://www.ubereats.com/orange-county/food-delivery/dennys-24445-alicia-parkway/7L7Q2CNVSDWZxN9YVdwKFA,laguna-hills-california
https://www.ubereats.com/orange-county/food-delivery/pacifico-fish-company/JdDRnRMwSg2k51YGf14oIQ,laguna-hills-california
https://www.ubereats.com/orange-county/food-delivery/chipotle-mexican-grill-26661-aliso-creek-road/2id-1M47RWaA6rIDAKvEQg,laguna-hills-california
https://www.ubereats.com/orange-county/food-delivery/outback-steakhouse-26652-portola-pkwy/LADhLBHFRgS7nmgMO3x66Q,laguna-hills-california
https://www.ubereats.com/orange-county/food-delivery/poki-and-sushi/PLgzYMWgSjuYW7EOLBhIVg,laguna-hills-california
https://www.ubereats.com/orange-county/food-delivery/aloha-stacks-pancake-house/bi_nBTEbRU6Gtf9Jf6Bxdw,laguna-hills-california
https://www.ubereats.com/orange-county/food-delivery/jersey-mikes-subs-lake-forest-23572-el-toro-road/47_1EoVlSl-sJF0r0CIJHw,laguna-hills-california
https://www.ubereats.com/orange-county/food-delivery/taco-bell-23651-rockfield-blvd/vcmasJp9R3y5v3K6KO4BeQ,laguna-hills-california
https://www.ubereats.com/orange-county/food-delivery/rising-sun-chinese-restaurant-foothill-ranch/iC3XasViR-uMBhrVg7K8Gg,laguna-hills-california
https://www.ubereats.com/orange-county/food-delivery/the-flame-broiler-30622-santa-margarita/uBRXeiycSsKNFiNy5W7V_g,laguna-hills-california
https://www.ubereats.com/orange-county/food-delivery/meiji/Rh6jc6F2SoiBjvvFGT3tdw,laguna-hills-california
https://www.ubereats.com/orange-county/food-delivery/pho-saigon-pearl-spectrum-center/cXNKTbHfSTOvsofbYKRtFw,laguna-hills-california
https://www.ubereats.com/orange-county/food-delivery/mas-house-laguna-hills/b33WYo6sROKUOLs9yGMm9g,laguna-hills-california
https://www.ubereats.com/orange-county/food-delivery/the-ice-cream-shop/xQ9kbWpiSeKaQrqHzfM3fQ,laguna-hills-california
https://www.ubereats.com/orange-county/food-delivery/del-taco-23781-el-toro-rd/lpAa1WBGQMKeL1JIg36URg,laguna-hills-california
https://www.ubereats.com/orange-county/food-delivery/chronic-tacos-28241-crown-valley-pkwy-ste-c/wrf2_H3fSHKXssV5t2ceIg,laguna-hills-california
https://www.ubereats.com/orange-county/food-delivery/bjs-restaurant-%26-brewhouse-22022-el-paseo/gktgpHECRfSWMUYkhs3F-A,laguna-hills-california
https://www.ubereats.com/orange-county/food-delivery/taco-bell-27371-la-paz-rd/8PnTzR8JSeSZLW293jPh7Q,laguna-hills-california
https://www.ubereats.com/orange-county/food-delivery/ihop-rockfield/6PKysUOjQcye0PilYSkFmg,laguna-hills-california
https://www.ubereats.com/orange-county/food-delivery/bueno-bueno-verdugo/leJqT3I3Q06jRS_ceMtUCA,laguna-hills-california
https://www.ubereats.com/orange-county/food-delivery/togos-25432-trabuco-rd-lake-forest-ca/et4c79ZYRb-4sAsnO6Ozuw,laguna-hills-california
https://www.ubereats.com/orange-county/food-delivery/starbucks-aliso-creek-%26-aliso-viejo-pkwy/ZUr0h0BaTqiMnPDZafGVTA,laguna-hills-california
https://www.ubereats.com/orange-county/food-delivery/cava-27750-crown-valley-parkway/W2Vt5qnPSIylFAxVCu1Jug,laguna-hills-california
https://www.ubereats.com/orange-county/food-delivery/yogurtland-73-spectrum-center-dr/_ejoqeJnTKeuBfWlOcxr3w,laguna-hills-california
https://www.ubereats.com/orange-county/food-delivery/olivers-osteria/cx_Z3tKSTpSBGt5a0X_KnA,laguna-hills-california
https://www.ubereats.com/orange-county/food-delivery/new-york-deli-case/nxgEw-bLQJuY1rzn05vYDQ,laguna-hills-california
https://www.ubereats.com/orange-county/food-delivery/ronaldos-taco-shop/ZLz3eTfNQGi1tL3-_h48pA,laguna-hills-california
https://www.ubereats.com/orange-county/food-delivery/yogis-grill/hxV_P8lcQhO_713PVAapIA,laguna-hills-california
https://www.ubereats.com/orange-county/food-delivery/scotts-donuts/HzdpSfxaSnyFawJn7cGUEg,laguna-hills-california
https://www.ubereats.com/orange-county/food-delivery/pho-hanoi/Zz6L9bCOTme4iTF5PdAuQw,laguna-hills-california
https://www.ubereats.com/orange-county/food-delivery/pick-up-stix-aliso-viejo/UEB78QPNRema4HxE7e1kUA,laguna-hills-california
https://www.ubereats.com/orange-county/food-delivery/pacific-hills-bistro-banquet-%26-catering/8cRGjzy5QoyEG1N3pOXpUQ,laguna-hills-california
https://www.ubereats.com/orange-county/food-delivery/garden-grille/zfceeUs4SEGfwX_r0gdHPA,laguna-hills-california
https://www.ubereats.com/orange-county/food-delivery/tikka-curry-bowls/GBOe4f9JSUq27SFpgg8qeQ,laguna-hills-california
https://www.ubereats.com/orange-county/food-delivery/board-%26-brew-rancho-santa-margarita/Jrjt9oYCSxyzD7frLt-5FQ,laguna-hills-california
https://www.ubereats.com/orange-county/food-delivery/yogurtland-25381-alicia-pkwy/3rB-jPRbQrKTU3VikWSOSw,laguna-hills-california
https://www.ubereats.com/orange-county/food-delivery/inkas/c27eEeJjS1iZqIEvCDZbPg,laguna-hills-california
https://www.ubereats.com/orange-county/food-delivery/renzos-taste-of-peru/6YmoZyEXSnKoBsa8rjsgVA,laguna-hills-california
https://www.ubereats.com/orange-county/food-delivery/saylees/dZM7j8c9TtKbTshkUckB1w,laguna-hills-california
https://www.ubereats.com/orange-county/food-delivery/fuddruckers-lake-forest/oueL883wSmaCfn9cEkmaRQ,laguna-hills-california
https://www.ubereats.com/orange-county/food-delivery/new-york-pizzeria-laguna-hills/F6wORj7eS1O4Ni8V-wfwXQ,laguna-hills-california
https://www.ubereats.com/orange-county/food-delivery/jersey-mikes-subs-641-camino-de-los-mares/QIfgQW7DTama9s7d5NJ3fQ,laguna-hills-california
https://www.ubereats.com/orange-county/food-delivery/forte-mediterranean-bistro-ladera-ranch/I8CGZKozQwaK1yndFXbmLw,laguna-hills-california
https://www.ubereats.com/orange-county/food-delivery/panda-express-aliso-viejo-26841-aliso-creek-dr/a3aQ7TtqRwe4H72Pn12kRg,laguna-hills-california
https://www.ubereats.com/orange-county/food-delivery/sundried-tomato-american-bistro-san-juan/aGIxpcIOQVaRg6MqTigWhA,laguna-hills-california
https://www.ubereats.com/orange-county/food-delivery/villa-roma/qZw0cPxbQzWtoAq8SXjcIQ,laguna-hills-california
https://www.ubereats.com/orange-county/food-delivery/kings-donuts/0Z3MBysGRqivO0u1mCcqpQ,laguna-hills-california
https://www.ubereats.com/orange-county/food-delivery/todos-santos/t3VcwLZpQ0m1nqUfL3w6yw,laguna-hills-california
https://www.ubereats.com/orange-county/food-delivery/round-table-pizza-25290-marguerite-parkway/aZ3jeODfS46Q7FpNEPzSeQ,laguna-hills-california
https://www.ubereats.com/orange-county/food-delivery/the-bagel-shack-el-toro/QLk-8mfcQxWTovWTs4sHCg,laguna-hills-california
https://www.ubereats.com/orange-county/food-delivery/starbucks-alicia-pkwy-%26-paseo-de-valenci/zvSIEKR7S9ibhr56Eirv9w,laguna-hills-california
https://www.ubereats.com/orange-county/food-delivery/nalus-hawaiian-fish-grill-%26-tutus-kitchen-lake-forest/nJ2oWOz7SVKKS6ZjioFdjA,laguna-hills-california
https://www.ubereats.com/orange-county/food-delivery/a-%26-j-restaurant/uTCGoMsFRwOcto4g03LQlA,laguna-hills-california
https://www.ubereats.com/orange-county/food-delivery/pokenoya-irvine/1ynfXkECRzy6Sn8BEHwrGA,laguna-hills-california
https://www.ubereats.com/orange-county/food-delivery/starbucks-muirlands-%26-ridge-route/ulKhCgOBQO-ay_27-6VmPw,laguna-hills-california
https://www.ubereats.com/orange-county/food-delivery/luna-grill-aliso-viejo/Ff4ffDg4SVGFe3tEYoynIg,laguna-hills-california
https://www.ubereats.com/orange-county/food-delivery/subway-24000-alicia-pkwy/AQFaNjWGSyO3Ujf_qXrj6g,laguna-hills-california
https://www.ubereats.com/orange-county/food-delivery/big-fish-little-fish/qCVWULzgSfSsK8N-Fo-cUg,laguna-hills-california
https://www.ubereats.com/orange-county/food-delivery/el-pollo-loco-21212-bake-pkwy3490/bYfCfxV2TkSEc-Te6eARJw,laguna-hills-california
https://www.ubereats.com/orange-county/food-delivery/papa-johns-23582-moulton-pkwy-suite-106/aFhvW0J_TsWMaASVrzZQhw,laguna-hills-california
https://www.ubereats.com/orange-county/food-delivery/pizza-amore-cafe/WWOg_d-GTFa6M_97jIGeBw,laguna-hills-california
https://www.ubereats.com/orange-county/food-delivery/izakaya-tenko/-tvL3b1wTNK_-wpA3_h6vw,laguna-hills-california
https://www.ubereats.com/orange-county/food-delivery/sushi-ramen-house/xF3WIRg9QqaE1FcEW9ZZZw,laguna-hills-california
https://www.ubereats.com/orange-county/food-delivery/morenas-mexican-cuisine/6QCvpvD7TISC3Z1__H_-1Q,laguna-hills-california
https://www.ubereats.com/orange-county/food-delivery/honeymee/ROAnaiiCT3y6jPUPADYGcw,laguna-hills-california
https://www.ubereats.com/orange-county/food-delivery/corner-bakery-cafe-27221-la-paz-rd/-AjawIQpSMe8yK78OdqjTw,laguna-hills-california
https://www.ubereats.com/orange-county/food-delivery/creamistry-26841-aliso-creek-rd/DF52qONNSvaSLwvr4Cf1QQ,laguna-hills-california
https://www.ubereats.com/orange-county/food-delivery/xclusive-taqueria-moderna/oxIaBdHlRYGaEOZDlOEs4Q,laguna-hills-california
https://www.ubereats.com/orange-county/food-delivery/lamppost-pizza/B3di6I9mTry-3NlCZTa-vA,laguna-hills-california
https://www.ubereats.com/orange-county/food-delivery/jack-in-the-box-28651-marguerite-parkway/jDAKEtdzT0e59GjhdcERjA,laguna-hills-california
https://www.ubereats.com/orange-county/food-delivery/el-pollo-loco-22381-antonio-pkwy3432/x46QgfoUQ6aKl_T19Dyp_w,laguna-hills-california
https://www.ubereats.com/orange-county/food-delivery/locca-churros-%2B-tea/HvDCNs4vTeekF1oAdsJGJw,laguna-hills-california
https://www.ubereats.com/orange-county/food-delivery/mcdonalds-i-5-lake-forest/otK14RzTTA2nUhAy0mYq6g,laguna-hills-california
https://www.ubereats.com/orange-county/food-delivery/yangs-braised-chicken-rice-lake-forest/ihOzy3GST4aBEPIrR8Zx_g,laguna-hills-california
https://www.ubereats.com/orange-county/food-delivery/pinos-cucina/4bFiSyUgQxa9Vs9cnG8yng,laguna-hills-california
https://www.ubereats.com/orange-county/food-delivery/subway-21701-lake-forest-dr/EJAJf69dSYyf7OW9_f_-NQ,laguna-hills-california
https://www.ubereats.com/orange-county/food-delivery/five-guys-ca-1287-32341-golden-lantern/RKpp-bM2T0eMm36eAwuW3A,laguna-hills-california
https://www.ubereats.com/orange-county/food-delivery/porkys-pizza/h--a7t5qR9Kp108TP0insA,laguna-hills-california
https://www.ubereats.com/orange-county/food-delivery/oggis-mission-viejo/G4_epkg1Tx6nqDO-6Kz7gA,laguna-hills-california
https://www.ubereats.com/orange-county/food-delivery/old-camp-bar-and-grill/Awi6QxlsRZqEbhf0jkmVOg,laguna-hills-california
https://www.ubereats.com/orange-county/food-delivery/biryani-pot-express/xorcie7MSkuLxdfGJGC9GA,laguna-hills-california
https://www.ubereats.com/orange-county/food-delivery/natrajs-indian-bistro/fTW380yrTkOlWmXLi7Stsg,laguna-hills-california
https://www.ubereats.com/orange-county/food-delivery/zpizza-25672-crown-valley-pkwy-ladera-ranch/0BkewTqOT4W6FaQF-wswBg,laguna-hills-california
https://www.ubereats.com/orange-county/food-delivery/roccos-pizzeria/nF6sTI0nS1qWTejED_WYeQ,laguna-hills-california
https://www.ubereats.com/orange-county/food-delivery/mangi-con-amore/5waSOgNjSMGOLe8rksJ1Dw,laguna-hills-california
https://www.ubereats.com/orange-county/food-delivery/chipotle-mexican-grill-22245-el-paseo-ste-c/EpEOzqHlSNSWIMxXZb4bLw,laguna-hills-california
https://www.ubereats.com/orange-county/food-delivery/high-park-taphouse/ISnfoWSuQWKg9e_t77-QFg,laguna-hills-california
https://www.ubereats.com/orange-county/food-delivery/the-flame-broiler/kkrvIq0NTTGyLP9XKZCrVQ,laguna-hills-california
https://www.ubereats.com/orange-county/food-delivery/panda-express-73-fortune-drive-%23103/2FFwzouKQda5iIOJRsTM0w,laguna-hills-california
https://www.ubereats.com/orange-county/food-delivery/five-guys-ca-1486-24391-alicia-pkwy/XhjZrmXKQTSZcX2-7HQ0aA,laguna-hills-california
https://www.ubereats.com/orange-county/food-delivery/california-pizza-kitchen-25513-marguerite-pkwy/T-duml4ITquNUlDF2w4hYg,laguna-hills-california
https://www.ubereats.com/orange-county/food-delivery/panda-express-27000-crown-valley-parkway/HjSwScUZQVCjSgSnGf3ejQ,laguna-hills-california
https://www.ubereats.com/orange-county/food-delivery/the-empanada-maker/s4qyKZ2pTbm18F8kyHbbRQ,laguna-hills-california
https://www.ubereats.com/orange-county/food-delivery/surfin-souvlaki/HcMU7_odRkm8Xb3DD457NQ,laguna-hills-california
https://www.ubereats.com/orange-county/food-delivery/el-progreso-mexican-restaurant/5VmPEfWXSMO-uR3UzyjQdg,laguna-hills-california
https://www.ubereats.com/orange-county/food-delivery/rubios-25482-marguerite-pkwy/aPdUbRroT9SfaOu5Gprwaw,laguna-hills-california
https://www.ubereats.com/orange-county/food-delivery/la-cocina-de-ricardo-lake-forest/2ddstw1USKeZJxYQ86WNPw,laguna-hills-california
https://www.ubereats.com/orange-county/food-delivery/el-pollo-loco-32535-golden-lantern3273/CULMCZkuQgO-Lj4fi5jt7g,laguna-hills-california
https://www.ubereats.com/orange-county/food-delivery/starbucks-los-alisos-%26-santa-margarita/4R-XUnpmRiOkeXgRis4R1Q,laguna-hills-california
https://www.ubereats.com/orange-county/food-delivery/grater-grilled-cheese-irvine/afBicXM8RPKsDHeRExrtow,laguna-hills-california
https://www.ubereats.com/orange-county/food-delivery/o-fine-japanese-cuisine-irvine/6Skz7uC9Q6SGSI-Dt8HtVw,laguna-hills-california
https://www.ubereats.com/orange-county/food-delivery/smashburger-1003-shops-at-mission-viejo/f_WM_1ABSDGreo1WEqVr_Q,laguna-hills-california
https://www.ubereats.com/orange-county/food-delivery/cold-stone-creamery-627-spectrum-center-drive/cAxpy9QiRlqEalgUGg_j0Q,laguna-hills-california
https://www.ubereats.com/orange-county/food-delivery/starbucks-alton-pkwy-%26-rancho-pkwy-south/sWrWOfRYRcaB6VZ8oLOoMw,laguna-hills-california
https://www.ubereats.com/orange-county/food-delivery/fogo-de-chao-irvine/KK69UPrTRiydruUF-1yz7Q,laguna-hills-california
https://www.ubereats.com/orange-county/food-delivery/waba-grill-23646-rockfield-blvd-lake-forest/Ol93fBA6Qjy7xJ1twKKxcQ,laguna-hills-california
https://www.ubereats.com/orange-county/food-delivery/papa-johns-15435-jeffrey-road-unit-114/N2ZaqDn1Sxqt1394Uy14kA,laguna-hills-california
https://www.ubereats.com/orange-county/food-delivery/starbucks-el-toro-rd-%26-calle-sonora/rIcBxBWERtWVt2uiAVEfnw,laguna-hills-california
https://www.ubereats.com/orange-county/food-delivery/jamba-juice-32585-street-of-the-golden-lantern/W0hgHDxGTACr601PFYG2LQ,laguna-hills-california
https://www.ubereats.com/orange-county/food-delivery/rubios-27000-alicia-pkwy/7sGECpvMRr-3J0jmA5hxUQ,laguna-hills-california
https://www.ubereats.com/orange-county/food-delivery/board-%26-brew-laguna-niguel-north/l3CiRx6kS46DavwiMw6xjA,laguna-hills-california
https://www.ubereats.com/orange-county/food-delivery/sheesh-lebanese-kitchen/kMI7QhRDTg2jxGbXmwIwrQ,laguna-hills-california
https://www.ubereats.com/orange-county/food-delivery/prime-shabu-and-ramen/uu1u9wt0TuC-JguroGTtRg,laguna-hills-california
https://www.ubereats.com/orange-county/food-delivery/sabatino/TLCFh218TsuZ2iV3v56ofA,laguna-hills-california
https://www.ubereats.com/orange-county/food-delivery/blu-fig/x_MP3e1qSIWsv-HprEN2PQ,laguna-hills-california
https://www.ubereats.com/orange-county/food-delivery/veggie-grill-irvine-spectrum-center/uqREYBHGQjaV_90F6F69yA,laguna-hills-california
https://www.ubereats.com/orange-county/food-delivery/asada-tacos-and-beer/fmcrd-hZS8K2CqFmByX-7A,laguna-hills-california
https://www.ubereats.com/orange-county/food-delivery/kish-cuisine/zcUdG2VnQB21Mz0tXj2bVQ,laguna-hills-california
https://www.ubereats.com/orange-county/food-delivery/knolls-restaurant/qjdMRglNSXeD15SOJ4Yttw,laguna-hills-california
https://www.ubereats.com/orange-county/food-delivery/las-fajitas-mexican-grill/0iqkpFaQS1-mV1PFMRZ1Iw,laguna-hills-california
https://www.ubereats.com/orange-county/food-delivery/the-seahorse-bar-at-pearl-street-general/li7HupypTT2cREONUUqUkw,laguna-hills-california
https://www.ubereats.com/orange-county/food-delivery/tommy-pastrami-new-york-delicatessen-laguna-hills/9sDfbpNUS1uWoA5jbv0VtA,laguna-hills-california
https://www.ubereats.com/orange-county/food-delivery/19-restaurant-%26-lounge/3AVXDvvsRf6AkdPKMFOiaw,laguna-hills-california
https://www.ubereats.com/orange-county/food-delivery/hakata-ikkousha-lake-forest/3ADYFtltSIu7-CAv9X2JjQ,laguna-hills-california
https://www.ubereats.com/orange-county/food-delivery/natraj-cuisine-of-india/I_9FfjbTS2elcZnZ59svdw,laguna-hills-california
https://www.ubereats.com/orange-county/food-delivery/pressed-juicery-plaza-de-la-paz/AMCvcMUgRCOiiQRXhKRyhg,laguna-hills-california
https://www.ubereats.com/orange-county/food-delivery/jack-in-the-box-22661-lake-forest-dr/BtDCR0oUSUmX1HiavOJgzQ,laguna-hills-california
https://www.ubereats.com/orange-county/food-delivery/el-torito-24301-avenida-de-la-carlota/yfIdIsB8TsemBFlmuxXbDg,laguna-hills-california
https://www.ubereats.com/orange-county/food-delivery/pengo-drink-station-laguna-hills/lyVytcBoRAmvWwpgtIuQPQ,laguna-hills-california
https://www.ubereats.com/orange-county/food-delivery/pania-pizzaria/cdZBaBkORVK62zObQijHJQ,laguna-hills-california
https://www.ubereats.com/orange-county/food-delivery/california-pizza-kitchen-521-spectrum-center-drive/iQbkMJHVR9OA_Mkhee_gOQ,laguna-hills-california
https://www.ubereats.com/orange-county/food-delivery/aroma-pizza/PzUeBfxcS8arnhoY4fJjYg,laguna-hills-california
https://www.ubereats.com/orange-county/food-delivery/rose-cafe/ImIaC3P7SJuWolOLA0DB-w,laguna-hills-california
https://www.ubereats.com/orange-county/food-delivery/krave-kobe-burger/IyVzHpCWR9KEZjXQ31ZDHg,laguna-hills-california
https://www.ubereats.com/orange-county/food-delivery/taqueria-de-anda-lake-forest/sfUzciDcRCOCUtZmvTd00g,laguna-hills-california
https://www.ubereats.com/orange-county/food-delivery/zinc-cafe-%26-market-laguna-beach/FSWnx36LRFevEjGXwFCydw,laguna-hills-california
https://www.ubereats.com/orange-county/food-delivery/mod-pizza-nellie-gail/fCW2tkJzTf2vh0TSkDotJg,laguna-hills-california
https://www.ubereats.com/orange-county/food-delivery/dennys-23515-el-toro-rd/KAtu0L8-R6unH5ew_x8icg,laguna-hills-california
https://www.ubereats.com/orange-county/food-delivery/starbucks-el-toro-%26-trabuco/4TRPivPcQLa-3is3mt5yDQ,laguna-hills-california
https://www.ubereats.com/orange-county/food-delivery/mint-restaurant/i_0cYa3aQgSXXtYGP9TpvQ,laguna-hills-california
https://www.ubereats.com/orange-county/food-delivery/thrive-juice-lab/G8Kq6RdCQ5--rZPRraUdhQ,laguna-hills-california
https://www.ubereats.com/orange-county/food-delivery/the-melt-irvine/q8SOENyoQ5q7_aEuSqPrqg,laguna-hills-california
https://www.ubereats.com/orange-county/food-delivery/mcdonalds-lake-forest-rockfield/byfiAe5hQPKJITw0MweClQ,laguna-hills-california
https://www.ubereats.com/orange-county/food-delivery/northeast-sisters/nr8TSRcFTUubnsrsF8wb6g,laguna-hills-california
https://www.ubereats.com/orange-county/food-delivery/albertacos-mexican-food-mission-viejo/Oz2DgzIxRnCiBfzqwvT7IA,laguna-hills-california
https://www.ubereats.com/orange-county/food-delivery/el-pollo-loco-28261-crown-valley-pkwy3235/u4HD3wmnRCmaEiWle1G9TQ,laguna-hills-california
https://www.ubereats.com/orange-county/food-delivery/wienerschnitzel-25202-cabot-rd/i_KQ4QuBT_OFIn1EI9OfPQ,laguna-hills-california
https://www.ubereats.com/orange-county/food-delivery/papa-johns-29941-aventura-suite-a/v9hdE5eeQbWZHj7aJgUfJA,laguna-hills-california
https://www.ubereats.com/orange-county/food-delivery/kabob-cafe/JwVm3gICTnuy7gOWCRb0TQ,laguna-hills-california
https://www.ubereats.com/orange-county/food-delivery/ding-tea-mission-viejo/VOuyp1ezRHKaQ17aRPkEJg,laguna-hills-california
https://www.ubereats.com/orange-county/food-delivery/the-ice-cream-shop/3iodKklHRGOG41wkebr-6w,laguna-hills-california
https://www.ubereats.com/orange-county/food-delivery/bangkok-thai/P2mNyA_ESp-2WnP3VAJ6Vg,laguna-hills-california
https://www.ubereats.com/orange-county/food-delivery/falasophy/YIwYz2ATSImLvSTuwv8_cA,laguna-hills-california
https://www.ubereats.com/orange-county/food-delivery/the-alley-irvine/3hAfgjaMTaeNB4Dqe5GGdg,laguna-hills-california
https://www.ubereats.com/orange-county/food-delivery/smashburger-26541-aliso-creek-rd/udj7QbsxTImmmWkq4EZk4Q,laguna-hills-california
https://www.ubereats.com/orange-county/food-delivery/olamendis-mission-viejo/IabT3vdtSiGEbEyhY4RqYg,laguna-hills-california
https://www.ubereats.com/orange-county/food-delivery/menchies-frozen-yogurt-25280-marguerite-pkwy/PPzKhqpeSt6X1v0V6ZZT4Q,laguna-hills-california
https://www.ubereats.com/orange-county/food-delivery/panda-express-mission-viejo-27670b-santa-margarita-pkwy/ML4nz5mPSS2qlJzyIW5zag,laguna-hills-california
https://www.ubereats.com/orange-county/food-delivery/bhan-baitong-thai-cuisine/TWsnfXXMRqaAT9uqZAP3wg,laguna-hills-california
https://www.ubereats.com/orange-county/food-delivery/manila-kusina-grill/uB3o3OUPQuitzOCMgv4yYw,laguna-hills-california
https://www.ubereats.com/orange-county/food-delivery/panda-express-ladera-ranch-27602-antionio-pkwy/m3Z2YEG_SCyzRJ_HRYrm_Q,laguna-hills-california
https://www.ubereats.com/orange-county/food-delivery/nalus-hawaiian-fish-grill-%26-tutus-kitchen-laguna-niguel/nbgbbbxAT4qf7-4Y9trBBA,laguna-hills-california
https://www.ubereats.com/orange-county/food-delivery/starbucks-la-paz-%26-chrisanta/O1S0rM64RXeEES_ewtxlLg,laguna-hills-california
https://www.ubereats.com/orange-county/food-delivery/hatam-restaurant/MEry4GhhT4mR-PriXcNqGw,laguna-hills-california
https://www.ubereats.com/orange-county/food-delivery/silverlake-ramen-irvine-spectrum/TTdD_x3RSZ6edrj3aT8D7g,laguna-hills-california
https://www.ubereats.com/orange-county/food-delivery/olamendis-mexican-restaurant/FDaBI3kYRC6d9qM3X3hX1g,laguna-hills-california
https://www.ubereats.com/orange-county/food-delivery/papa-johns-22335-el-toro-rd/AE2WCT4gRqa8gPCI-D2UPQ,laguna-hills-california
https://www.ubereats.com/orange-county/food-delivery/zpizza-32371-street-of-the-golden-lantern-laguna-niguel/FNhB3f_KRD-_HCl1qDggHA,laguna-hills-california
https://www.ubereats.com/orange-county/food-delivery/pollys-pies-restaurant-%26-bakery-laguna-hills/OFNrK3l-Tq-2USjqwN7TxA,laguna-hills-california
https://www.ubereats.com/orange-county/food-delivery/taco-bell-27770-santa-margarita-pkwy/fsKse_T5SdaEc_WpOsWFLA,laguna-hills-california
https://www.ubereats.com/orange-county/food-delivery/tropical-smoothie-cafe-30451-avenida-de-las-flores-suite-c/9_K99moEQ7ShvDQsLVbY0w,laguna-hills-california
https://www.ubereats.com/orange-county/food-delivery/jamba-juice-26781-portola-pkwy-%234b/onC3fZIxRKmPqIlybJwXfQ,laguna-hills-california
https://www.ubereats.com/orange-county/food-delivery/juice-joint-deli/PxQm6UniQNuD44DxKuLntw,laguna-hills-california
https://www.ubereats.com/orange-county/food-delivery/bowlology-laguna-niguel/TFisInAWQCK8Y4qwUHbHnQ,laguna-hills-california
https://www.ubereats.com/orange-county/food-delivery/taqueros-mexican-restaurant/kWl0TRXKQMmkTBS2VsooPw,laguna-hills-california
https://www.ubereats.com/orange-county/food-delivery/little-chopsticks/qe4PVLfATuesHM5CiI9Kig,laguna-hills-california
https://www.ubereats.com/orange-county/food-delivery/subway-24451-alicia-pkwy/Cf7qrlJIQDa10C0MGvyh0Q,laguna-hills-california
https://www.ubereats.com/orange-county/food-delivery/slice-of-the-pie-pizza/vCCGpuh7QG6BItvZltkLCw,laguna-hills-california
https://www.ubereats.com/orange-county/food-delivery/rubys-diner-shops-at-mission-viejo/RMDZB_xSQj2fdFXX6uabyw,laguna-hills-california
https://www.ubereats.com/orange-county/food-delivery/stacks-pancake-house-mission-viejo/u0GdRJbkTwOtsL1wSNKrhA,laguna-hills-california
https://www.ubereats.com/orange-county/food-delivery/la-casita-olvera/RsxDPm_GS6mJemEWYL2QvQ,laguna-hills-california
https://www.ubereats.com/orange-county/food-delivery/its-a-grind-coffee-house-marguerite-parkway/ALMy98cLQrCvqZZRcvJblg,laguna-hills-california
https://www.ubereats.com/orange-county/food-delivery/chipotle-mexican-grill-32391-golden-lantern-ste-a/prlWWdR2TCaEnbcjSF_RUQ,laguna-hills-california
https://www.ubereats.com/orange-county/food-delivery/the-wing-stop/rUbuiji_QRSy1uw0z7cmLQ,laguna-hills-california
https://www.ubereats.com/orange-county/food-delivery/sushi-plantation/m-7bxW0hRVuPssytRgGI_g,laguna-hills-california
https://www.ubereats.com/orange-county/food-delivery/starbucks-alton-pkwy-%26-jeffrey-rd/N7fFKt76T1iq0Uhx8fea4Q,laguna-hills-california
https://www.ubereats.com/orange-county/food-delivery/green-burrito-6324-irvine-blvd/wUGKKr2zQG2pdx01s5vDOQ,laguna-hills-california
https://www.ubereats.com/orange-county/food-delivery/jamba-juice-23628-el-toro-rd/zO-nO4R0RO6Pof2RS4nRvA,laguna-hills-california
https://www.ubereats.com/orange-county/food-delivery/the-flame-broiler-24451-alicia/gr0NmveqSUSkGIVORoSL8g,laguna-hills-california
https://www.ubereats.com/orange-county/food-delivery/dunkin-donuts-25242-mcintyre-st/385cVi_hQCe1gpfMXXaDRw,laguna-hills-california
https://www.ubereats.com/orange-county/food-delivery/poki-cat-plaza-alicia/dEYwDB9DSTGlzf1LeaikRQ,laguna-hills-california
https://www.ubereats.com/orange-county/food-delivery/which-wich-ladera-ranch/eDHMgvz7SQqU1sTCnWH1wQ,laguna-hills-california
https://www.ubereats.com/orange-county/food-delivery/dickeys-bbq-pit-27931-la-paz-rd/gqpXmrXnSS-AELd-QnFrEg,laguna-hills-california
https://www.ubereats.com/orange-county/food-delivery/togos-24751-alicia-pkwy-laguna-hills-ca/LwljM56IRyyJWO1nvpVstQ,laguna-hills-california
https://www.ubereats.com/orange-county/food-delivery/round-table-pizza-22722-lambert-st/JDnWNhTZT4Oa_pnuLR1v8Q,laguna-hills-california
https://www.ubereats.com/orange-county/food-delivery/starbucks-alicia-pkwy-%26-jeronimo/rruyJmg0StuYVl35D76hFw,laguna-hills-california
https://www.ubereats.com/orange-county/food-delivery/hai-master-kitchen/luaJ1zezRJaZuxPI2nrkKQ,laguna-hills-california
https://www.ubereats.com/orange-county/food-delivery/starbucks-lake-forest-%26-dimension/ZwSUsBwvQn-l2SKUN0bPdg,laguna-hills-california
https://www.ubereats.com/orange-county/food-delivery/pizzeria-amore/xvoQujFMQFSgcFqWh_lw2A,laguna-hills-california
https://www.ubereats.com/orange-county/food-delivery/panera-23612-rockfield-blvd/8oJTywecS1i12OIydhyIXA,laguna-hills-california
https://www.ubereats.com/orange-county/food-delivery/j-san-ramen/xst0TT7MT8KlGZE7FECvXQ,laguna-hills-california
https://www.ubereats.com/orange-county/food-delivery/belgium-waffle-haus/JgFYdU68Sj6e4vcBx2nuTQ,laguna-hills-california
https://www.ubereats.com/orange-county/food-delivery/la-michoacana-premier-san-juan/qk7fMh-xSW-jixpj53lsJg,laguna-hills-california
https://www.ubereats.com/orange-county/food-delivery/the-habit-burger-grill-32505-golden-lantern-st/6vEgZ4RRQ5iIiJoLtiJ4fA,laguna-hills-california
https://www.ubereats.com/orange-county/food-delivery/godavari/s829AVUbR1i0LSCSyPsD4Q,laguna-hills-california
https://www.ubereats.com/orange-county/food-delivery/del-taco-22349-el-toro-rd/GmVeasw6RGKgUSXSAgGTXg,laguna-hills-california
https://www.ubereats.com/orange-county/food-delivery/which-wich-aliso-viejo/fJf4YQl8QhSqzN1VyS5TsA,laguna-hills-california
https://www.ubereats.com/orange-county/food-delivery/the-pizza-store/CobcPMngTJKPE_j5yOZHJg,laguna-hills-california
https://www.ubereats.com/orange-county/food-delivery/empanada-man-pizzeria/vzZJTs9WQR-bue2GHkMmHA,laguna-hills-california
https://www.ubereats.com/orange-county/food-delivery/dennys-26712-portola-parkway/zOFNNjCHTbiJcE8oq57w0Q,laguna-hills-california
https://www.ubereats.com/orange-county/food-delivery/bay-poke-irvine/61c6bJfQTDCMMzRs-RVfdA,laguna-hills-california
https://www.ubereats.com/orange-county/food-delivery/urban-teriyaki-grill/8maQDCutQdqWXDSimif_Bg,laguna-hills-california
https://www.ubereats.com/orange-county/food-delivery/tutor-%26-spunkys-deli/wl8nhUU7Q46S4ckFVVrbiA,laguna-hills-california
https://www.ubereats.com/orange-county/food-delivery/panda-express-laguna-niguel-32411-st-of-the-golden-lantern/UWMy08-lSjaQw0pPnetJEg,laguna-hills-california
https://www.ubereats.com/orange-county/food-delivery/vitality-bowls-4515-campus-dr/3O20k7aEQbeFOMODrlGuhQ,laguna-hills-california
https://www.ubereats.com/orange-county/food-delivery/mothers-market-%26-kitchen-laguna-woods/tcasFDKdQU6hf06fGFQiog,laguna-hills-california
https://www.ubereats.com/orange-county/food-delivery/golden-spoon-frozen-yogurt/ywaIB9x1T1eyySXJ1lPwBg,laguna-hills-california
https://www.ubereats.com/orange-county/food-delivery/shish-taouk-restaurant/So7Blt6DQ2SHUGzB-9I3gw,laguna-hills-california
https://www.ubereats.com/orange-county/food-delivery/royal-rasoi/kONLP6rGRludTbCLOAfKxA,laguna-hills-california
https://www.ubereats.com/orange-county/food-delivery/new-yorks-upper-crust-pizza-laguna-niguel/3eV4QuFoRju808fHaJR-ww,laguna-hills-california
https://www.ubereats.com/orange-county/food-delivery/avenue-bagel/v-xYPgT-QFqTL5Ter67lsA,laguna-hills-california
https://www.ubereats.com/orange-county/food-delivery/urbane-cafe-aliso-viejo/9jbN78teTM6X46cFF6sTRw,laguna-hills-california
https://www.ubereats.com/orange-county/food-delivery/urban-seoul-20/OByuFPzQTvq4FQnWkaR9Og,laguna-hills-california
https://www.ubereats.com/orange-county/food-delivery/jersey-mikes-subs-24365-a-el-toro-road/8jRasYMSQXy8nhKXagXycw,laguna-hills-california
https://www.ubereats.com/orange-county/food-delivery/thai-fix/z1sT8nGXRGeSJKIkypy0EQ,laguna-hills-california
https://www.ubereats.com/orange-county/food-delivery/the-flame-broiler-23411-aliso-viejo-parkway/2N_Z93DST3-ztmih59lP2Q,laguna-hills-california
https://www.ubereats.com/orange-county/food-delivery/menchies-frozen-yogurt-30211-golden-lantern-suite-a/MkIq1gsUSYGWpJqbCw0v7g,laguna-hills-california
https://www.ubereats.com/orange-county/food-delivery/hayashi-sushi-%26-teriyaki/A5aoyY_IQl60H5k2hFWfdg,laguna-hills-california
https://www.ubereats.com/orange-county/food-delivery/the-kebab-shop-irvine/7YK9wsV8Ti6UQw0EZHUI0Q,laguna-hills-california
https://www.ubereats.com/orange-county/food-delivery/subway-23411-aliso-viejo-parkway/bITh41akTWSCAIt3Z8infA,laguna-hills-california
https://www.ubereats.com/orange-county/food-delivery/central-laguna-beach/sIWMRdfqRLKUMOXCLBiAZA,laguna-hills-california
https://www.ubereats.com/orange-county/food-delivery/rubios-30465-avenida-de-las-flores/NM3XkNQbT_CbwpAk5ClYSQ,laguna-hills-california
https://www.ubereats.com/orange-county/food-delivery/curry-up-now-irvine/tK_D6LniSECqE6enxfDSWg,laguna-hills-california
https://www.ubereats.com/orange-county/food-delivery/yeemy-yummy-bento-box-%26-rougamo/SwEE6g8CTt2EMf_F664ghA,laguna-hills-california
https://www.ubereats.com/orange-county/food-delivery/el-pollo-loco-23601-el-toro-rd3753/AOL3avQZQsSpdRUknMVfPA,laguna-hills-california
https://www.ubereats.com/orange-county/food-delivery/taco-bell-30022-crown-valley-pkwy/OFNoyq-VSxii6CG5_97ynw,laguna-hills-california
https://www.ubereats.com/orange-county/food-delivery/jack-in-the-box-6565-burt-road/y3NZtcAhQiyqOlvBFp5EJA,laguna-hills-california
https://www.ubereats.com/orange-county/food-delivery/fluffy-bear/5JTYL_EqRB6uoHAFtprJ2Q,laguna-hills-california
https://www.ubereats.com/orange-county/food-delivery/surfin-donuts/Fot4tVQmRJq5gueNut6btg,laguna-hills-california
https://www.ubereats.com/orange-county/food-delivery/chipotle-mexican-grill-27750-crown-valley-pkwy/IUK8Vr1oTDuU_99e1yeFJw,laguna-hills-california
https://www.ubereats.com/orange-county/food-delivery/le-peep-restaurant/Gb9lIE90R6uRb9of6tLIng,laguna-hills-california
https://www.ubereats.com/orange-county/food-delivery/southern-spice/wXZwjLQ-Qm-9X3Ejv1kfvw,laguna-hills-california
https://www.ubereats.com/orange-county/food-delivery/carls-jr-20532-lake-forest-drive/qJ4E8EV2S3GQ9aJoqPkaKA,laguna-hills-california
https://www.ubereats.com/orange-county/food-delivery/the-flame-broiler-45-auto-center/CyZ0JLXzRQepzlr_9486hQ,laguna-hills-california
https://www.ubereats.com/orange-county/food-delivery/bambu-desserts-%26-drinks/GG3s0PV7RfKKeKAjBa1vAw,laguna-hills-california
https://www.ubereats.com/orange-county/food-delivery/taco-bell-26171-la-paz-rd/atWoqCbSTw2QzQnT2D6QhA,laguna-hills-california
https://www.ubereats.com/orange-county/food-delivery/mcdonalds-lake-forest/HpZqarScTx6QMk8Zbj9BmQ,laguna-hills-california
https://www.ubereats.com/orange-county/food-delivery/north-shore-poke-co-mission-viejo/JpwD8TmyT6W0OZKVKX7T-g,laguna-hills-california
https://www.ubereats.com/orange-county/food-delivery/subway-23582-moulton-pkwy/NMGBDbDXQuuvRAoEnt5bfA,laguna-hills-california
https://www.ubereats.com/orange-county/food-delivery/teriyaki-madness-lake-forest-ca/v8cCCWspRdyGFb8Fm1RNvw,laguna-hills-california
https://www.ubereats.com/orange-county/food-delivery/jersey-mikes-subs-lake-forest-45-auto-center-drive/5q9cCfJBSkWuxEXR8GudZg,laguna-hills-california
https://www.ubereats.com/orange-county/food-delivery/del-taco-24465-alicia-parkway/foA4RtplSpaKCjUNp6DrmA,laguna-hills-california
https://www.ubereats.com/orange-county/food-delivery/mr-pickles-sandwich-shop-lake-forest/Y-HlwjyGSHaXKlSf5cm6Kg,laguna-hills-california
https://www.ubereats.com/orange-county/food-delivery/claim-jumper-27845-santa-margarita-parkway/TFLikhuDQ1SvAhiwdjuKnw,laguna-hills-california
https://www.ubereats.com/orange-county/food-delivery/del-taco-25542-marguerite-pkwy/DbRTYRuGQMaTlInVdXDyjA,laguna-hills-california
https://www.ubereats.com/orange-county/food-delivery/the-flame-broiler-27020-alicia/Wh39-y_cQKCq9ai5VY_zLA,laguna-hills-california
https://www.ubereats.com/orange-county/food-delivery/harmony-tea-bar/pjqYjDzBQrK98cqycQQ0aw,laguna-hills-california
https://www.ubereats.com/orange-county/food-delivery/dickeys-barbecue-pit-26761-portola-pkwy/tPGOqq4MRQmGDS85ASeSPQ,laguna-hills-california
https://www.ubereats.com/orange-county/food-delivery/burgerim-mission-viejo/uQZrOwoDTc6CRL8tHd13hw,laguna-hills-california
https://www.ubereats.com/orange-county/food-delivery/wendys-30471-avenida-de-las-flores/TzjzWLaDRCepFvGQf9zfkQ,laguna-hills-california
https://www.ubereats.com/orange-county/food-delivery/pikup-forx/VGm-qKxdRo2BHnaka0Rr1w,laguna-hills-california
https://www.ubereats.com/orange-county/food-delivery/pick-up-stix-rancho-santa-margarita/R56brz2FTrKY8da7zYxq5g,laguna-hills-california
https://www.ubereats.com/orange-county/food-delivery/selmas-chicago-pizzeria/u3xRh1AKShynMrSPky4n-Q,laguna-hills-california
https://www.ubereats.com/orange-county/food-delivery/ricardos-place/klsLqS7ARhi8K7O7_DYcIA,laguna-hills-california
https://www.ubereats.com/orange-county/food-delivery/fire-breather-bbq/JBjMIij2QkyLY3cEHRoEXg,laguna-hills-california
https://www.ubereats.com/orange-county/food-delivery/waba-grill-26771-portola-pkwy-lake-forest/JzbqxnutQ2OMBtMmfKC8EA,laguna-hills-california
https://www.ubereats.com/orange-county/food-delivery/jc-donuts/GPns5tdvTWSs_gKg0Nxt0A,laguna-hills-california
https://www.ubereats.com/orange-county/food-delivery/pf-changs-100-spectrum-center-dr/aNL25mBiTCa6CIc_hEyENw,laguna-hills-california
https://www.ubereats.com/orange-county/food-delivery/bistro-provincia/zM-q0DNdTgi4wa2eKXz3jw,laguna-hills-california
https://www.ubereats.com/orange-county/food-delivery/kpop-sushi/xxpGf0VSTJGGrSzF_-sTmA,laguna-hills-california
https://www.ubereats.com/orange-county/food-delivery/riptide-rockin-sushi-%26-teppan-grills/HPvfuoS3QEaZz2OT0gmz7A,laguna-hills-california
https://www.ubereats.com/orange-county/food-delivery/kfc-29840-santa-margarita/6xCxdUzpQniTfVzOIp4IPg,laguna-hills-california
https://www.ubereats.com/orange-county/food-delivery/zpizza-25522-marguerite-pkwy-mission-viejo/Xit1wpG0TROC1PEBxxVKHg,laguna-hills-california
https://www.ubereats.com/orange-county/food-delivery/golden-box-express/Kwz9Jr57QZqyswz17spC4Q,laguna-hills-california
https://www.ubereats.com/orange-county/food-delivery/texas-pit-bbq/sTRa5j3RRXONb5sNOFUweg,laguna-hills-california
https://www.ubereats.com/orange-county/food-delivery/carls-jr-26338-oso-pkwy/9gunI4HqS0e4jGjht50Wmg,laguna-hills-california
https://www.ubereats.com/orange-county/food-delivery/burger-boss-mission-viejo/7D73IvsyRX6ReLF7S1GU4g,laguna-hills-california
https://www.ubereats.com/orange-county/food-delivery/thai-juan-on/cGELtYoTS_ux9lMibjIPAA,laguna-hills-california
https://www.ubereats.com/orange-county/food-delivery/sake-sushi/qBsUNUVtTXqu28HsOVPSgg,laguna-hills-california
https://www.ubereats.com/orange-county/food-delivery/chipotle-mexican-grill-27221-la-paz-rd-ste-h/DFdAN1sdSb2Ixe4Byu_qyA,laguna-hills-california
https://www.ubereats.com/orange-county/food-delivery/yasai-japanese-grill/zn2FY4yGRwmdLBJ-A60DPg,laguna-hills-california
https://www.ubereats.com/orange-county/food-delivery/adonis-mediterranean-grill/oRGqXsViSb28SSYK6fwEcg,laguna-hills-california
https://www.ubereats.com/orange-county/food-delivery/scratch-bakery-cafe/un1ZO4TGRpS7MMVyiCwHlw,laguna-hills-california
https://www.ubereats.com/orange-county/food-delivery/solo-ice-cream/lLlbbiC7RHyRW8beIOSeng,laguna-hills-california
https://www.ubereats.com/orange-county/food-delivery/good-choice-sushi-laguna-niguel/zq2Mmy-wQmay63OuCxRCJQ,laguna-hills-california
https://www.ubereats.com/orange-county/food-delivery/panini-kabob-grill-los-olives/OHAVpWpnSLKBoLtDaJN-8g,laguna-hills-california
https://www.ubereats.com/orange-county/food-delivery/tacos-ensenada/5cnky9rsRRqAk31uosJB1g,laguna-hills-california
https://www.ubereats.com/orange-county/food-delivery/veggie-grill-laguna-niguel/aHqecZZlRaeDesYPyu5jDg,laguna-hills-california
https://www.ubereats.com/orange-county/food-delivery/slapfish-laguna-beach/LnmCK8ZtQKqchmIsj2PaGA,laguna-hills-california
https://www.ubereats.com/orange-county/food-delivery/pressed-juicery-irvine-spectrum-center/YaZv29gqRviNTTmv-3Oofg,laguna-hills-california
https://www.ubereats.com/orange-county/food-delivery/wendys-63-technology-drive/OMMf8b80RWaS9PaWWG4Yhw,laguna-hills-california
https://www.ubereats.com/orange-county/food-delivery/mags-donuts-%26-bakery/vsLJJYNLSN6dx7-KIJO51g,laguna-hills-california
https://www.ubereats.com/orange-county/food-delivery/chipotle-mexican-grill-23645-el-toro-road/LuHybpwlQs6L9sTEVS_0MA,laguna-hills-california
https://www.ubereats.com/orange-county/food-delivery/mcdonalds-mison-vejo-trabc/puRhFD5xSjimEohvdZ57WA,laguna-hills-california
https://www.ubereats.com/orange-county/food-delivery/pita-pita-laguna-hills/Rkyb8-2MR4W3zbMMquAb4A,laguna-hills-california
https://www.ubereats.com/orange-county/food-delivery/jack-in-the-box-25800-jeronimo-rd-ste-500/Zo4d5VjFTfuMBLBF93Q5CA,laguna-hills-california
https://www.ubereats.com/orange-county/food-delivery/starbucks-irvine-center-drive-%26-sand-can/PEsT5zeyS3m8Z8Hrh6hCOQ,laguna-hills-california
https://www.ubereats.com/orange-county/food-delivery/del-taco-26241-avery-pkwy/JecbaSfETaOLKhdZRn7frA,laguna-hills-california
https://www.ubereats.com/orange-county/food-delivery/starbucks-marguerite-%26-avery/8ZNmzgmXToyKJ-urqB6mLQ,laguna-hills-california
https://www.ubereats.com/orange-county/food-delivery/tropical-smoothie-cafe-27412-antonio-parkwaysuite-r2/pjHte9M_StiJ0v03R51EYw,laguna-hills-california
https://www.ubereats.com/orange-county/food-delivery/the-habit-burger-grill-23632-el-toro-rd-%23a/NREBP7WuQzadHa-318mjeA,laguna-hills-california
https://www.ubereats.com/orange-county/food-delivery/javatinis-coffee/oRrku8EGTwCnUJy-QdDCkA,laguna-hills-california
https://www.ubereats.com/orange-county/food-delivery/slice-shabu-mission-viejo/oy3dYL7EShKVoSIw8oALTw,laguna-hills-california
https://www.ubereats.com/orange-county/food-delivery/oke-poke-23646-rockfield-blvd/71Hsl5vBQwiTft7Wrn7HHQ,laguna-hills-california
https://www.ubereats.com/orange-county/food-delivery/7-star-cafe/T26TnD3zQ4mc8wfagebulw,laguna-hills-california
https://www.ubereats.com/orange-county/food-delivery/fresh-brothers-laguna-niguel/5DxMe9q2SxmME-Y5Px7rSA,laguna-hills-california
https://www.ubereats.com/orange-county/food-delivery/honey-baked-ham-lake-forest/56P06PRlSEOD5S74V-GQaw,laguna-hills-california
https://www.ubereats.com/orange-county/food-delivery/starbucks-la-paz-%26-pacific-park/My29APflT2iHq1Jh17UETg,laguna-hills-california
https://www.ubereats.com/orange-county/food-delivery/tender-greens-4237-campus-dr-suite-b165/W-7_KY0wTxmNnYFN7O3HVg,laguna-hills-california
https://www.ubereats.com/orange-county/food-delivery/nekter-juice-bar-32371-golden-lantern-ste-g/XybhUF3KRrOHIKgezCDjeA,laguna-hills-california
https://www.ubereats.com/orange-county/food-delivery/pengo-drink-station-lake-forest/VdE4f8jLQnWiK1QpP_wsiw,laguna-hills-california
https://www.ubereats.com/orange-county/food-delivery/inka-grill-lake-forest/8EHWP5WBQliDQiUlRiBfeA,laguna-hills-california
https://www.ubereats.com/orange-county/food-delivery/yangs-braised-chicken-rice-aliso-viejo/LMc9j9vWQamDInIfG5020Q,laguna-hills-california
https://www.ubereats.com/orange-county/food-delivery/tenko-sushi-%26-teriyaki/LMZH6V3YQIiOTjra39JOMQ,laguna-hills-california
https://www.ubereats.com/orange-county/food-delivery/chick-fil-a-26861-aliso-creek-rd/ZfE8cA6dQVSvfryL4a8-4A,laguna-hills-california
https://www.ubereats.com/orange-county/food-delivery/delsushi/X6fpZ12-SB-7lYGHRpoEdQ,laguna-hills-california
https://www.ubereats.com/orange-county/food-delivery/chick-fil-a-24011-el-toro-rd/FrEKPx6RQkKj9l5UpSKnUg,laguna-hills-california
https://www.ubereats.com/orange-county/food-delivery/big-chopsticks-cooker-mission-viejo/xR40If32ROeLWCKfRqN8-w,laguna-hills-california
https://www.ubereats.com/orange-county/food-delivery/the-pizza-press-rancho-santa-margarita/1x4Vj8SvT22YbzgVNdlTrg,laguna-hills-california
https://www.ubereats.com/orange-county/food-delivery/olive-oil-mediterranean-grill/j6QRIr81TdSjFKIHvScBnw,laguna-hills-california
https://www.ubereats.com/orange-county/food-delivery/taqueria-de-anda-mission-viejo/NQYjX8DjQ3GWomZ6oV09Nw,laguna-hills-california
https://www.ubereats.com/orange-county/food-delivery/boston-market-27100-alicia-parkway/4QlsTYm1TXOW3EIal7tEOA,laguna-hills-california
https://www.ubereats.com/orange-county/food-delivery/triquest-cafe/Ud77gbP8Q5Gwc9eASTTz7w,laguna-hills-california
https://www.ubereats.com/orange-county/food-delivery/l%26l-hawaiian-bbq-25800-jeronimo-rd/1kx6O9pwTumIWYhqv9xydA,laguna-hills-california
https://www.ubereats.com/orange-county/food-delivery/the-broken-yolk-cafe-mission-viejo/yCzK844tSMavZJ_TlUb7ZQ,laguna-hills-california
https://www.ubereats.com/orange-county/food-delivery/spikes-fish-house-rancho-santa-margarita/AiZUGwd0Sg-H5xOp6w2-CQ,laguna-hills-california
https://www.ubereats.com/orange-county/food-delivery/tasty-bowl/2dxSV66OTd2MpRJr2zi0cA,laguna-hills-california
https://www.ubereats.com/orange-county/food-delivery/indo-ranch/I4hlNXvoQoiu-6d-DJ1yFA,laguna-hills-california
https://www.ubereats.com/orange-county/food-delivery/kfc-24541-trabuco-road/WC_7ysESSVG_SlkcOD6V0g,laguna-hills-california
https://www.ubereats.com/orange-county/food-delivery/pf-changs-800-shops-at-mission-viejo/W_uAQBOLTnmCLj69bvsXHA,laguna-hills-california
https://www.ubereats.com/orange-county/food-delivery/panda-express-lake-forest-23572-el-toro-road/yVOiGq-wTpOCQI0XdPVxDg,laguna-hills-california
https://www.ubereats.com/orange-county/food-delivery/jamba-juice-28241-crown-valley-pkwy/DlsT7rnCR3S7bUeSN70DGQ,laguna-hills-california
https://www.ubereats.com/orange-county/food-delivery/mastros-ocean-club-8112-east-coast-highway/DC38hHtOSfuv9SciH6tsVg,laguna-hills-california
https://www.ubereats.com/orange-county/food-delivery/dennys-14962-sand-canyon/HFChKeT4QiiEsBJ-nZ-qag,laguna-hills-california
https://www.ubereats.com/orange-county/food-delivery/jersey-mikes-subs-28051-greenfield-drive/Zm2BegwGQPCb181WY1kHPA,laguna-hills-california
https://www.ubereats.com/orange-county/food-delivery/trattoria-contadina/bY1OQlo4QziyBWnz-Em4IA,laguna-hills-california
https://www.ubereats.com/orange-county/food-delivery/the-habit-burger-grill-26921-aliso-creek-rd-%23a/6_s7TwItT5238RwqUPPZrg,laguna-hills-california
https://www.ubereats.com/orange-county/food-delivery/miyabi-shabu-and-grill/Eqmi91beRMG4J5homb3YyQ,laguna-hills-california
https://www.ubereats.com/orange-county/food-delivery/flame-broiler/C5ojhOAcQTuARu7y2Iu2yg,laguna-hills-california
