url,city
https://www.ubereats.com/nyc-suburbs/food-delivery/iron-ramen/g1HWmI5fR3ehcFDoNEQyyw,lake-grove-new-york
https://www.ubereats.com/nyc-suburbs/food-delivery/ralphs-famous-italian-ices-and-ice-cream/s4KeyvR1QgeGEIEyyEeoMg,lake-grove-new-york
https://www.ubereats.com/nyc-suburbs/food-delivery/dunkin-1100-waverly-ave/hHBTaNS6TgGuZt0i0yM3Bw,lake-grove-new-york
https://www.ubereats.com/nyc-suburbs/food-delivery/friendlys-700-80-rte-101/4IlxFoAlTbefzgCTQLVfZA,lake-grove-new-york
https://www.ubereats.com/nyc-suburbs/food-delivery/salsa-salsa-smithtown/boxuKd8IRDuoOabtEGug1g,lake-grove-new-york
https://www.ubereats.com/nyc-suburbs/food-delivery/dunkin-350-middle-country-rd/fw5LRzqTRiSAM5wMDf85yw,lake-grove-new-york
https://www.ubereats.com/nyc-suburbs/food-delivery/alexandros-kitchen-and-bar/46VKh_PjQP-f4bS9ftw-xA,lake-grove-new-york
https://www.ubereats.com/nyc-suburbs/food-delivery/cabo-fresh-centereach/ZM3_xWtHSY6peGilN7UCeg,lake-grove-new-york
https://www.ubereats.com/nyc-suburbs/food-delivery/taco-express-plus/jtiPSOTyTgWtcuUAE3YEEw,lake-grove-new-york
https://www.ubereats.com/nyc-suburbs/food-delivery/subway-173-b-smithtown-blvd/mhYOpclpRHSHKFeQ-4vHbw,lake-grove-new-york
https://www.ubereats.com/nyc-suburbs/food-delivery/mcnulty-ice-cream-parlor/9byL8JNhTjKlRgwGBrK3nw,lake-grove-new-york
https://www.ubereats.com/nyc-suburbs/food-delivery/tofu-spring/4WDc3ETGSCCYq89mvyUCFA,lake-grove-new-york
https://www.ubereats.com/nyc-suburbs/food-delivery/ihop-141-alexander-avenue/_Y9rh18GSxiXaAt9KB6JPw,lake-grove-new-york
https://www.ubereats.com/nyc-suburbs/food-delivery/corinos-pizzeria-and-catering/N3cmUhoIQFWXDwrTxgY8DQ,lake-grove-new-york
https://www.ubereats.com/nyc-suburbs/food-delivery/se-port-deli/MkJNQzGWStyoUQeLkPyESw,lake-grove-new-york
https://www.ubereats.com/nyc-suburbs/food-delivery/bella-maria-restaurant-%26-pizzeria/S_Ye-yjdTR-Jdwl_kCsdcQ,lake-grove-new-york
https://www.ubereats.com/nyc-suburbs/food-delivery/carvel-680-middle-country-rd/bOTAQ3btQ9u1KePTnrLsJA,lake-grove-new-york
https://www.ubereats.com/nyc-suburbs/food-delivery/lake-village-market/P0dKVLLERA-obcjagMykng,lake-grove-new-york
https://www.ubereats.com/nyc-suburbs/food-delivery/picante-tex-mex-%26-deli/Cfxu6wSyQZO1vxTcRHZaGQ,lake-grove-new-york
https://www.ubereats.com/nyc-suburbs/food-delivery/mama-mias-pizza/j1qEINzoQUyGf50hzxDP8g,lake-grove-new-york
https://www.ubereats.com/nyc-suburbs/food-delivery/millers-ale-house-lake-grove/_dfObaRMRkO_F5b80AvMYQ,lake-grove-new-york
https://www.ubereats.com/nyc-suburbs/food-delivery/starbucks-east-setauket/U_vWMPS0TDiCIcygm62bBA,lake-grove-new-york
https://www.ubereats.com/nyc-suburbs/food-delivery/katies-foodtruck/simfxtRzQCecwAV5kmyHTg,lake-grove-new-york
https://www.ubereats.com/nyc-suburbs/food-delivery/taco-bell-773-smithtown-bypass/AvPfYhwKRzOTpkUaCPgLnw,lake-grove-new-york
https://www.ubereats.com/nyc-suburbs/food-delivery/relish/DPA2g4w5RoCZV4Z1hIYfXQ,lake-grove-new-york
https://www.ubereats.com/nyc-suburbs/food-delivery/la-tavola-trattoria/rb8jY__JQGaN9G9eBvtU_Q,lake-grove-new-york
https://www.ubereats.com/nyc-suburbs/food-delivery/anthonys-coal-fired-pizza-bohemia/F16stqf_TyeRaynXQtH27Q,lake-grove-new-york
https://www.ubereats.com/nyc-suburbs/food-delivery/moes-southwest-grill-243-centereach-mall/UlAMbusJRpyWVeUmaUmTng,lake-grove-new-york
https://www.ubereats.com/nyc-suburbs/food-delivery/dunkin-5017-nesconset-hwy/Ab4xrClYTw6lI9_j-rmOLg,lake-grove-new-york
https://www.ubereats.com/nyc-suburbs/food-delivery/wingstop-1759-middle-country-rd/0w0EdChvRcOAYF6Z51Ac1w,lake-grove-new-york
https://www.ubereats.com/nyc-suburbs/food-delivery/michael-anthonys-pizzeria-and-restaurant/aTDUunX9QgCpC7WyHt2RGA,lake-grove-new-york
https://www.ubereats.com/nyc-suburbs/food-delivery/hauppauge-palace-diner/EJ9gmR5PRWSHDZX1DAXusg,lake-grove-new-york
https://www.ubereats.com/nyc-suburbs/food-delivery/halal-on-wheels-selden/7by5WCdOTVSBvNCLO-e7gg,lake-grove-new-york
https://www.ubereats.com/nyc-suburbs/food-delivery/china-wok-2/8DNBN2tnQfikyAb-PSBB9A,lake-grove-new-york
https://www.ubereats.com/nyc-suburbs/food-delivery/express-deli-and-supermarket/mGyDt2dRQtWVr_KwsN5bCQ,lake-grove-new-york
https://www.ubereats.com/nyc-suburbs/food-delivery/new-yee-wo-kitchen/-uclSl5QTvKDgzLHUqW6Wg,lake-grove-new-york
https://www.ubereats.com/nyc-suburbs/food-delivery/the-curry-club/vUEErIQoQfiCM5NXYyT-sA,lake-grove-new-york
https://www.ubereats.com/nyc-suburbs/food-delivery/la-famiglia-smithtown/YVL0-3OrR5mLtstEaDNKuQ,lake-grove-new-york
https://www.ubereats.com/nyc-suburbs/food-delivery/mama-bellas-pizzeria-%26-restaurant-route-112/vNjwtOkBQ5uRLXm9yRA6wg,lake-grove-new-york
https://www.ubereats.com/nyc-suburbs/food-delivery/coram-diner/JCJpkzIkT9O13EnOTaZynQ,lake-grove-new-york
https://www.ubereats.com/nyc-suburbs/food-delivery/dunkin-2815-middle-country-rd/jVN_X1WdT2OPVQGVCTGTBQ,lake-grove-new-york
https://www.ubereats.com/nyc-suburbs/food-delivery/dunkin-430-north-country-rd/TOu3n3ZbTJWFZ6fTshmF0g,lake-grove-new-york
https://www.ubereats.com/nyc-suburbs/food-delivery/zans-kosher-deli/d1sd68LcSCm8EBmOE_TIEg,lake-grove-new-york
https://www.ubereats.com/nyc-suburbs/food-delivery/111-deli/dsklPVHMR6KuTR25vYh6hw,lake-grove-new-york
https://www.ubereats.com/nyc-suburbs/food-delivery/meltology-grilled-cheese/2MVVKQ9uQvi7nijUolfy3Q,lake-grove-new-york
https://www.ubereats.com/nyc-suburbs/food-delivery/badolatos-market/iTShIRCKS8K91FMznH0NhA,lake-grove-new-york
https://www.ubereats.com/nyc-suburbs/food-delivery/paisa-pan-fresh-bakery/hMFR5dXLRZyQrS1loQHF2w,lake-grove-new-york
https://www.ubereats.com/nyc-suburbs/food-delivery/dunkin-3775-expressway-dr-n/XIA85aY6R1yS1X2yVoh_IA,lake-grove-new-york
https://www.ubereats.com/nyc-suburbs/food-delivery/kabul-halal-grill/blDjZTK7QkmgPBcLJblSIQ,lake-grove-new-york
https://www.ubereats.com/nyc-suburbs/food-delivery/centereach-deli/SktTdNaTRPORQy3BACGpOg,lake-grove-new-york
https://www.ubereats.com/nyc-suburbs/food-delivery/la-slice-pizzeria/XFOD4kZRSK2pV1US1jaxgA,lake-grove-new-york
https://www.ubereats.com/nyc-suburbs/food-delivery/dunkin-1085-route-25a/5HplQ0B1SdysUIfmQ9JTbQ,lake-grove-new-york
https://www.ubereats.com/nyc-suburbs/food-delivery/pizza-corner-medford/aivWHotxQ4ik3mysuut6CA,lake-grove-new-york
https://www.ubereats.com/nyc-suburbs/food-delivery/chop-shop-bar-%26-grill/yzvhGk93TjKta-X4tnnL2g,lake-grove-new-york
https://www.ubereats.com/nyc-suburbs/food-delivery/manninos-bagel-bakery-smithtown/wGPcsHPkTOmq61Ll3L3AVA,lake-grove-new-york
https://www.ubereats.com/nyc-suburbs/food-delivery/shake-shack-2003-2093-smith-haven-plaza/tFKZMcaYSBqhPd-dRr5pZQ,lake-grove-new-york
https://www.ubereats.com/nyc-suburbs/food-delivery/friendlys-210-montauk-hwy/aezHhIoFTOWU-Xl104HWeg,lake-grove-new-york
https://www.ubereats.com/nyc-suburbs/food-delivery/dunkin-1852-route-112/4CHvFYg9RMCwqajW6_F7jA,lake-grove-new-york
https://www.ubereats.com/nyc-suburbs/food-delivery/burger-king-121-west-suffolk-avenue/EBcMxxWcSfOCd6ZpM61xtA,lake-grove-new-york
https://www.ubereats.com/nyc-suburbs/food-delivery/mooney-pond-deli/gSOptl50RFudYriv3CUIdA,lake-grove-new-york
https://www.ubereats.com/nyc-suburbs/food-delivery/sophias-pizza-cafe/82D41Z06QtWN83GqIGgfXw,lake-grove-new-york
https://www.ubereats.com/nyc-suburbs/food-delivery/uncle-giuseppes-marketplace-port-jefferson/SNkHUwzuTnOan0LtG7vgfA,lake-grove-new-york
https://www.ubereats.com/nyc-suburbs/food-delivery/outback-steakhouse-325-main-street/j_6tQ_LzQIa55mj67zef_A,lake-grove-new-york
https://www.ubereats.com/nyc-suburbs/food-delivery/margaritas-cafeport-jefferson-stattion/mx9TLZeIRpifgffl5xKDgw,lake-grove-new-york
https://www.ubereats.com/nyc-suburbs/food-delivery/the-greene-turtle-smithtown/eQlnLyD4RV6li8pvHeE_XQ,lake-grove-new-york
https://www.ubereats.com/nyc-suburbs/food-delivery/burger-king-281-middle-country-road/2KGVkWpkQWyJTTsjAfjXnw,lake-grove-new-york
https://www.ubereats.com/nyc-suburbs/food-delivery/mad-over-yogurt/AU3q6WOfSLOgv0ouYQBEew,lake-grove-new-york
https://www.ubereats.com/nyc-suburbs/food-delivery/strong-island-heros/lE9LOiioRt2tSgvKYRKP6A,lake-grove-new-york
https://www.ubereats.com/nyc-suburbs/food-delivery/tropico-island/4kWo64LeSKKU43kp7BQWLQ,lake-grove-new-york
https://www.ubereats.com/nyc-suburbs/food-delivery/dunkin-90-railroad-ave/nDvECC_lQ7Wcw8okTjmQYw,lake-grove-new-york
https://www.ubereats.com/nyc-suburbs/food-delivery/burger-king-254-portion-road/F4Fk8KTLT2ahUeU2cmM2Kg,lake-grove-new-york
https://www.ubereats.com/nyc-suburbs/food-delivery/mount-sinai-bagel-cafe/4pdBWGIJRmGotPRcXKFYMw,lake-grove-new-york
https://www.ubereats.com/nyc-suburbs/food-delivery/tropical-smoothie-cafe-village-commons-shopping-center/zNh9JhU0S8-bWjqE67WZQw,lake-grove-new-york
https://www.ubereats.com/nyc-suburbs/food-delivery/one-stop-deli/Mo0gTPHkR7OF3lZ3cbN1qg,lake-grove-new-york
https://www.ubereats.com/nyc-suburbs/food-delivery/burger-king-1880-middle-country-road/muHUy3SwQ6mg82dOCWHDhA,lake-grove-new-york
https://www.ubereats.com/nyc-suburbs/food-delivery/picante-tex-mex/Kb95HXorQLq_54ZmQz458w,lake-grove-new-york
https://www.ubereats.com/nyc-suburbs/food-delivery/luso-churrasqueria-restaurant/MqpUCI6JQoaV__Z0nErRfw,lake-grove-new-york
https://www.ubereats.com/nyc-suburbs/food-delivery/cajun-claws/-DxMt2hHRkyuSsJ-6lNBBQ,lake-grove-new-york
https://www.ubereats.com/nyc-suburbs/food-delivery/five-guys-ny-1815-202-middle-country-rd/tTrt8iozSNuDOmFDV5c8jA,lake-grove-new-york
https://www.ubereats.com/nyc-suburbs/food-delivery/burger-king-5141-sunrise-highway/Xll9pFqxSlGNlyNNIRBOFw,lake-grove-new-york
https://www.ubereats.com/nyc-suburbs/food-delivery/uncle-giuseppes-marketplace-smithtown/7nHVZxDQSZKEP3s718L6NA,lake-grove-new-york
https://www.ubereats.com/nyc-suburbs/food-delivery/mcdonalds-3850-veterans-memorial-hwy/do_BO3EyReWGRgne1KpkQg,lake-grove-new-york
https://www.ubereats.com/nyc-suburbs/food-delivery/orto/T-iEtCRgTpSuBeYaQrBz4w,lake-grove-new-york
https://www.ubereats.com/nyc-suburbs/food-delivery/metropolis-diner/Ww81MA18T1GsU5AjhJaF7g,lake-grove-new-york
https://www.ubereats.com/nyc-suburbs/food-delivery/carvel-1289-middle-country-road/5hnY1EURSy6iwIdgY9EVeA,lake-grove-new-york
https://www.ubereats.com/nyc-suburbs/food-delivery/dunkin-1327-middle-country-rd/UvfC7jk3QpGSvdudi9bITQ,lake-grove-new-york
https://www.ubereats.com/nyc-suburbs/food-delivery/husk-and-vine-kitchen-and-cocktails/XvtRQc6bSpy0o3Qg-Thktw,lake-grove-new-york
https://www.ubereats.com/nyc-suburbs/food-delivery/american-roadside-burgers/FdukK1txQX6oPgXKa6S9vg,lake-grove-new-york
https://www.ubereats.com/nyc-suburbs/food-delivery/thee-spot-pizza-%26-grill/z9J67QDYSb2uEWQwRCy9iw,lake-grove-new-york
https://www.ubereats.com/nyc-suburbs/food-delivery/benkerts-bakery/6TNGH0fLTNe2nycUda2BuA,lake-grove-new-york
https://www.ubereats.com/nyc-suburbs/food-delivery/smokey-bones-ronkonkoma/T6Khoxd7RtyB7sTCNXYlkw,lake-grove-new-york
https://www.ubereats.com/nyc-suburbs/food-delivery/sweet-frog-sayville/S92IOsMvScSBlvUeK88MOQ,lake-grove-new-york
https://www.ubereats.com/nyc-suburbs/food-delivery/buffalo-wild-wings-1986-middle-country-rd/PMeN94pcQ3qpsWWwEA-Kiw,lake-grove-new-york
https://www.ubereats.com/nyc-suburbs/food-delivery/firehouse-bagels/aVUdvGgsRXekP350IqbuyQ,lake-grove-new-york
https://www.ubereats.com/nyc-suburbs/food-delivery/andersens-smokehouse-%26-grill/vruHY-PGQ5O1o9zc_NH7lA,lake-grove-new-york
https://www.ubereats.com/nyc-suburbs/food-delivery/burrito-palace-and-grill-ronkonkoma/nyrgktB4QYu1iB0xdRimng,lake-grove-new-york
https://www.ubereats.com/nyc-suburbs/food-delivery/chipotle-mexican-grill-2093-smithaven-plaza/frYJUsHDTVWfNc_hehx9uA,lake-grove-new-york
https://www.ubereats.com/nyc-suburbs/food-delivery/harbor-salads-lake-ronkonkoma/nIvDlezHTRuFE24i6F1cSg,lake-grove-new-york
https://www.ubereats.com/nyc-suburbs/food-delivery/panicos-community-market/a003bUYrTTmnqQD8UvhS6A,lake-grove-new-york
https://www.ubereats.com/nyc-suburbs/food-delivery/salsa-salsa/-ritO6FRTzGlJVrC81Wy4w,lake-grove-new-york
https://www.ubereats.com/nyc-suburbs/food-delivery/blue-tortilla-fresh-mexican-grill/brZj2-FrROaGfL2fY-gwqQ,lake-grove-new-york
https://www.ubereats.com/nyc-suburbs/food-delivery/cinnabon-route-25-%26-route-347-site-a22/zw6jM4I4RE2Jjo4VHqZfOw,lake-grove-new-york
https://www.ubereats.com/nyc-suburbs/food-delivery/3-sons-deli-%26-catering/y-V6oJSNQNmt6hHwn-UpjQ,lake-grove-new-york
https://www.ubereats.com/nyc-suburbs/food-delivery/brody-mckays-tavern/ktn73ah_TCitSKJuamKbwQ,lake-grove-new-york
https://www.ubereats.com/nyc-suburbs/food-delivery/narduccis-pizza/tZtI3agaTpSxSuQ8qDUynQ,lake-grove-new-york
https://www.ubereats.com/nyc-suburbs/food-delivery/dairy-queen-grill-%26-chill-2846-rt-112/0IJWSvWJSLqPB_j_TmaWqw,lake-grove-new-york
https://www.ubereats.com/nyc-suburbs/food-delivery/cabo-fresh-smithtown/cgLvf6aBQ92yb-ygPDaLSw,lake-grove-new-york
https://www.ubereats.com/nyc-suburbs/food-delivery/white-castle-2201-middle-country-rd/LDdNA9muTwWgqQmkaHYGag,lake-grove-new-york
https://www.ubereats.com/nyc-suburbs/food-delivery/sammy-a-vegan-boy/0XOxNiVhSqC-dKXbOPIBQQ,lake-grove-new-york
https://www.ubereats.com/nyc-suburbs/food-delivery/rhum/H1Q7TCh-TQCwk54GMnnwcA,lake-grove-new-york
https://www.ubereats.com/nyc-suburbs/food-delivery/brendels-of-ny-bagels-and-eatery/k3iNLzYFRgWTcFgYniFLbQ,lake-grove-new-york
https://www.ubereats.com/nyc-suburbs/food-delivery/texas-taco/uPEjxE1hRvCeBVwbdXEorw,lake-grove-new-york
https://www.ubereats.com/nyc-suburbs/food-delivery/burger-king-1340-motor-parkway/vvrZqzYZSRWBmbI6hfsOFA,lake-grove-new-york
https://www.ubereats.com/nyc-suburbs/food-delivery/burger-time-northport/AorV8DgFQU6lvKt40jaQGw,lake-grove-new-york
https://www.ubereats.com/nyc-suburbs/food-delivery/mirabelle/S1hpgxO_RoiMR-8Sta2pXA,lake-grove-new-york
https://www.ubereats.com/nyc-suburbs/food-delivery/dennys-255-centereach-mall/aYdRZ16DQv6RuZpklMTGkg,lake-grove-new-york
https://www.ubereats.com/nyc-suburbs/food-delivery/five-guys-ny-1330-5120-nesconset-hwy/6sJLTAYJRzOZnu_nBIsSug,lake-grove-new-york
https://www.ubereats.com/nyc-suburbs/food-delivery/arbys-1759-middle-country-rd/TBi-EFEcRZOA9z1ENLmWVg,lake-grove-new-york
https://www.ubereats.com/nyc-suburbs/food-delivery/five-guys-ny-0436-601-veterans-hwy/xBRkdPv7SxiBqqMnJeNoDA,lake-grove-new-york
https://www.ubereats.com/nyc-suburbs/food-delivery/meltology/Bk8wo-_PSo2mD8B6EpTErw,lake-grove-new-york
https://www.ubereats.com/nyc-suburbs/food-delivery/mcdonalds-13-w-suffolk-ave/D-mJqdazQgCvx3Ya9cmoLg,lake-grove-new-york
https://www.ubereats.com/nyc-suburbs/food-delivery/buona-sera-ristorante-pizzeria/BtcFnahOSYSByI71ZZigkw,lake-grove-new-york
https://www.ubereats.com/nyc-suburbs/food-delivery/crazy-crepe-cafe-lake-ronkonkoma/V34VFH0HTWasu_FvQdFT4A,lake-grove-new-york
https://www.ubereats.com/nyc-suburbs/food-delivery/the-good-steer/eY10wE3VTk6v5shwCpsyXA,lake-grove-new-york
https://www.ubereats.com/nyc-suburbs/food-delivery/jiangs-asian-fusion/LePuhnwBSVmVZsfqFmjT2A,lake-grove-new-york
https://www.ubereats.com/nyc-suburbs/food-delivery/tofu-chinese-%26-japanese-restaurant/EmfTpv6lT8OfbrmWG0nAxA,lake-grove-new-york
https://www.ubereats.com/nyc-suburbs/food-delivery/subway-140-e-main-st/EcM39Y3JSRKYp2BoZFINug,lake-grove-new-york
https://www.ubereats.com/nyc-suburbs/food-delivery/aunt-mias-pizzeria-w-1st-st/rPI4aG9aSASoXATIX7EmIg,lake-grove-new-york
https://www.ubereats.com/nyc-suburbs/food-delivery/margaritas-cafe-smithtown/zyRM79EbSxSkxjhap7crxw,lake-grove-new-york
https://www.ubereats.com/nyc-suburbs/food-delivery/dunkin-223-smithtown-blvd/k5mzSxmgRg-337xfCLu1dg,lake-grove-new-york
https://www.ubereats.com/nyc-suburbs/food-delivery/cabo-fresh-mexican-grill-stony-brook/7D5Cp2JjT3qP2PeSTLz2Bw,lake-grove-new-york
https://www.ubereats.com/nyc-suburbs/food-delivery/dunkin-1966-veterans-memorial-hwy/XIClH9PQRba8SIryICsy2Q,lake-grove-new-york
https://www.ubereats.com/nyc-suburbs/food-delivery/wendys-259-middle-country-road/r91qleysRQ-w-RKNwHx9uA,lake-grove-new-york
https://www.ubereats.com/nyc-suburbs/food-delivery/mangiamo/ppX6ft7sQlWqjCItSIClJQ,lake-grove-new-york
https://www.ubereats.com/nyc-suburbs/food-delivery/st-james-burgers/ykl3Dis9RDW5muqsrO9PWw,lake-grove-new-york
https://www.ubereats.com/nyc-suburbs/food-delivery/long-island-bagel-cafe-nesconset-bagel-cafe/pQ1iBcbnTrKkubaDVTx-Bw,lake-grove-new-york
https://www.ubereats.com/nyc-suburbs/food-delivery/%E5%B0%8F%E5%9B%9B%E5%B7%9D-xiao-si-chuan/DjgtDWJuSTGaIPl7rnrwZw,lake-grove-new-york
https://www.ubereats.com/nyc-suburbs/food-delivery/hummus/vgmtqeDNQl62nmzTZaeZlQ,lake-grove-new-york
https://www.ubereats.com/nyc-suburbs/food-delivery/4-u-convenience-deli/sDblTRd2ScenoBEqVyeBaQ,lake-grove-new-york
https://www.ubereats.com/nyc-suburbs/food-delivery/ihop-339-portion-rd/uCzJCmJGQouNQfG1zW6ydQ,lake-grove-new-york
https://www.ubereats.com/nyc-suburbs/food-delivery/a%26a-sushi-house/_PN7H58UQnOJVrK1RR7URQ,lake-grove-new-york
https://www.ubereats.com/nyc-suburbs/food-delivery/familia-bakery/3KCZnf9eRn6KdRdee2V7uQ,lake-grove-new-york
https://www.ubereats.com/nyc-suburbs/food-delivery/subway-600-07-portion-rd/Teqoc29VSx6W8s-PTLqtrA,lake-grove-new-york
https://www.ubereats.com/nyc-suburbs/food-delivery/jersey-mikes-280a-middle-country-rd/khjMI_WGRaqSW_JIP5mKQg,lake-grove-new-york
https://www.ubereats.com/nyc-suburbs/food-delivery/joes-pizza-%26-pasta/Ps-O9aAxRq2tAOV-K5nO_g,lake-grove-new-york
https://www.ubereats.com/nyc-suburbs/food-delivery/old-street-restaurant-%26-bar/viXoWYJXTd-QK-PyuObFnw,lake-grove-new-york
https://www.ubereats.com/nyc-suburbs/food-delivery/dunkin-1573-lakeland-ave/C9lb-eXJQsu-fHCCfpOkjw,lake-grove-new-york
https://www.ubereats.com/nyc-suburbs/food-delivery/weirs-corner-deli/IsH4v_OYRWOQ3u6gCg_MBQ,lake-grove-new-york
https://www.ubereats.com/nyc-suburbs/food-delivery/carvel-77-route-111/kzOfv5_MS9-kqSmCtibL4A,lake-grove-new-york
https://www.ubereats.com/nyc-suburbs/food-delivery/toxic-wings-st-james/6lPXYY5bQP2CKA9mDtFsmQ,lake-grove-new-york
https://www.ubereats.com/nyc-suburbs/food-delivery/subway-1714-veterans-memorial-hwy/XfBscNsNTQmrU-TaFvFsOw,lake-grove-new-york
https://www.ubereats.com/nyc-suburbs/food-delivery/%E8%81%9A%E5%BE%B7%E6%A5%BC/aoQeVqv6T-a5C_jfJMyzcA,lake-grove-new-york
https://www.ubereats.com/nyc-suburbs/food-delivery/mcdonalds-614-middle-country-rd/-WCCeOHSSLe2vQNSsDMzfQ,lake-grove-new-york
https://www.ubereats.com/nyc-suburbs/food-delivery/wendys-460-sunrise-highway/sjewrLbUSZ-mAjsfQSf3PA,lake-grove-new-york
https://www.ubereats.com/nyc-suburbs/food-delivery/raan-thai/qxJFN_NQTYKsULbkTd_6QQ,lake-grove-new-york
https://www.ubereats.com/nyc-suburbs/food-delivery/the-oar-steak-%26-seafood-grill/c9q_SaATRs-QOWecyhtAcQ,lake-grove-new-york
https://www.ubereats.com/nyc-suburbs/food-delivery/boston-market-605-portion-rd/XtxLQuG8SLGBJgShgpcWbQ,lake-grove-new-york
https://www.ubereats.com/nyc-suburbs/food-delivery/avo-taco/T1Sn8b3kQNyh5W8zw1jpSQ,lake-grove-new-york
https://www.ubereats.com/nyc-suburbs/food-delivery/machi-sushi/Xlt7K79NTAWwGafNfFYQVw,lake-grove-new-york
https://www.ubereats.com/nyc-suburbs/food-delivery/crystal-garden/VbYITsUKRl6entA49WaUVg,lake-grove-new-york
https://www.ubereats.com/nyc-suburbs/food-delivery/tgi-fridays-326-farmingville-ny/xpIm9cqeQD6TVg-Qa2aeUw,lake-grove-new-york
https://www.ubereats.com/nyc-suburbs/food-delivery/carrabbas-730-smithtown-bypass/TzJ-IYp5S6eSxsQPmrBZMA,lake-grove-new-york
https://www.ubereats.com/nyc-suburbs/food-delivery/sweet-mamas-stony-brook/0KUHz9W1QWW08UkzxM0EaQ,lake-grove-new-york
https://www.ubereats.com/nyc-suburbs/food-delivery/dunkin-1105-horseblock-rd/hDj4JMNrQ_SThzVMHGD4fQ,lake-grove-new-york
https://www.ubereats.com/nyc-suburbs/food-delivery/holy-guacamole/6XqoIIjeTGWQ5YKvZJdQ9A,lake-grove-new-york
https://www.ubereats.com/nyc-suburbs/food-delivery/wing-shun-kitchen-%E6%B0%B8%E8%83%9C/uJqbWmiUS_OUuZEW-AewjQ,lake-grove-new-york
https://www.ubereats.com/nyc-suburbs/food-delivery/crazy-crepe-cafe-miller-place/s2IG5WzGQcS9QJmWp4nxVQ,lake-grove-new-york
https://www.ubereats.com/nyc-suburbs/food-delivery/smithtown-bagels/MLlHsG6HR0W82tf6lqFDyg,lake-grove-new-york
https://www.ubereats.com/nyc-suburbs/food-delivery/jamba-juice-stony-brook/rm7d2mTGQJiEdJk8m-2-Jw,lake-grove-new-york
https://www.ubereats.com/nyc-suburbs/food-delivery/tropical-smoothie-cafe-nesconset-shopping-center/YKxHbxZdTWGjpetZTncMCg,lake-grove-new-york
https://www.ubereats.com/nyc-suburbs/food-delivery/salsa-salsa-a-burrito-bar-port-jefferson/bP0fO23ETmOvQILkLDdDFQ,lake-grove-new-york
https://www.ubereats.com/nyc-suburbs/food-delivery/starbucks-hauppauge-route-111/ek2ZA_6hRhGGxtIHccNWbQ,lake-grove-new-york
https://www.ubereats.com/nyc-suburbs/food-delivery/pita-house/K5gEf6PESyqMbWWxyI6ccQ,lake-grove-new-york
https://www.ubereats.com/nyc-suburbs/food-delivery/jejojo-bagels/xuakIYPaTr64e_YU6L5iGQ,lake-grove-new-york
https://www.ubereats.com/nyc-suburbs/food-delivery/chipotle-mexican-grill-5181-sunrise-hwy/0L05SbZ2T6mg185CuFHlOA,lake-grove-new-york
https://www.ubereats.com/nyc-suburbs/food-delivery/friendlys-201-hallock-rd/_rrEslquSUyUmhSwvN61WA,lake-grove-new-york
https://www.ubereats.com/nyc-suburbs/food-delivery/dunkin-2165-middle-country-rd/C6XcM_ylR12O8_2JooV1Hg,lake-grove-new-york
https://www.ubereats.com/nyc-suburbs/food-delivery/long-island-bagel-cafe-stony-brook-bagel-cafe/i29KFtbcSdyjEVFBkK1DfA,lake-grove-new-york
https://www.ubereats.com/nyc-suburbs/food-delivery/peters-kitchen/PnodhVNORPiKs8A1O6p5kQ,lake-grove-new-york
https://www.ubereats.com/nyc-suburbs/food-delivery/domo-sushi/etwUbd_vQGes1nj9cHwJEg,lake-grove-new-york
https://www.ubereats.com/nyc-suburbs/food-delivery/green-tea-restaurant/EH6bkQ8HQR2s_dL89q0USw,lake-grove-new-york
https://www.ubereats.com/nyc-suburbs/food-delivery/la-cabana-restaurant/8ou4BwVZTpSnYqwAiaQwKg,lake-grove-new-york
https://www.ubereats.com/nyc-suburbs/food-delivery/pizza-network/LCzEVK2ESp-TuDX4wb5-Qg,lake-grove-new-york
https://www.ubereats.com/nyc-suburbs/food-delivery/fountain-cafe/AP2_AUXaQ4eBybLePcHbGw,lake-grove-new-york
https://www.ubereats.com/nyc-suburbs/food-delivery/blds-restaurant/FxpoTzFhSJKI7s3qudU4tg,lake-grove-new-york
https://www.ubereats.com/nyc-suburbs/food-delivery/curry-kebob-house/IyX2NjtMTWq8W2Bpk9rV2w,lake-grove-new-york
https://www.ubereats.com/nyc-suburbs/food-delivery/subway-2350-nesconset-hwy/h2WxWIEpRB-TjT_-maesIg,lake-grove-new-york
https://www.ubereats.com/nyc-suburbs/food-delivery/lorenzos-pizza-st-james/f1eoMlykS0qV0LKSufywDA,lake-grove-new-york
https://www.ubereats.com/nyc-suburbs/food-delivery/i-heart-mac-and-cheese-patchogue/k3mLnjFsTSq7iQ79hpLuNA,lake-grove-new-york
https://www.ubereats.com/nyc-suburbs/food-delivery/buffalos-cafe-hauppauge/AN5AK7w_RPesfnvmZdv_7g,lake-grove-new-york
https://www.ubereats.com/nyc-suburbs/food-delivery/lotus-dynasty/ViIJiBD3Tl2EVgP_v2-BPg,lake-grove-new-york
https://www.ubereats.com/nyc-suburbs/food-delivery/el-rio-restaurant/XivZ1_7ZSX-0FNdQfdKIbQ,lake-grove-new-york
https://www.ubereats.com/nyc-suburbs/food-delivery/pietro-cucina-italiana/ImBJ3j5WTA-kWk8lfuobPg,lake-grove-new-york
https://www.ubereats.com/nyc-suburbs/food-delivery/carnival-restaurant/CW-_Io4dTny4CtQBzg1RLA,lake-grove-new-york
https://www.ubereats.com/nyc-suburbs/food-delivery/waffle-shack/Yq107f8FS8mHxjY-LzQNSg,lake-grove-new-york
https://www.ubereats.com/nyc-suburbs/food-delivery/dunkin-560-smithtown-byp/6MdOB2orSnC_UfuGncI1Dg,lake-grove-new-york
https://www.ubereats.com/nyc-suburbs/food-delivery/red-lobster-5010-expressway-drive-south/a2PVLb3xRS-t3FIO7VSwYg,lake-grove-new-york
https://www.ubereats.com/nyc-suburbs/food-delivery/checkers-1115-middle-country-rd/ythCRM1iQwGX7gH_VaSGOg,lake-grove-new-york
https://www.ubereats.com/nyc-suburbs/food-delivery/brownstones-coffee-centereach/h0S8F0TPSFCYCg5SQBrPgA,lake-grove-new-york
https://www.ubereats.com/nyc-suburbs/food-delivery/green-cactus-grill-mexican-grill/h7kqCqvmQmGBs-i-vLuQUA,lake-grove-new-york
https://www.ubereats.com/nyc-suburbs/food-delivery/dunkin-4560-express-dr-s/MkOhWQlTTYenGhimcFkwKA,lake-grove-new-york
https://www.ubereats.com/nyc-suburbs/food-delivery/andiamo-pizzeria/x01UDQiRRkyLg44igugy6g,lake-grove-new-york
https://www.ubereats.com/nyc-suburbs/food-delivery/starbucks-stony-brook-347/lD-3qUssTTKFYQQ3bU43uw,lake-grove-new-york
https://www.ubereats.com/nyc-suburbs/food-delivery/mcdonalds-161-centereach-mall/A2OdhX3BT8ufN4Zcy5bteA,lake-grove-new-york
https://www.ubereats.com/nyc-suburbs/food-delivery/burgerology-patchogue/hSzBt2b1TrO0yvyC7grJiQ,lake-grove-new-york
https://www.ubereats.com/nyc-suburbs/food-delivery/215-applebees-patchogue/OCTxJXUxQbyKwDeqBlntiQ,lake-grove-new-york
https://www.ubereats.com/nyc-suburbs/food-delivery/subway-43-railroad-ave/ECCiyr36TymITux4nQ8ojQ,lake-grove-new-york
https://www.ubereats.com/nyc-suburbs/food-delivery/islandia-buffet/O4RwW7UURTy7UnXKQyy-xQ,lake-grove-new-york
https://www.ubereats.com/nyc-suburbs/food-delivery/that-meetball-place-patchogue/s-UikbXUTsuE31KtmiY5SA,lake-grove-new-york
https://www.ubereats.com/nyc-suburbs/food-delivery/barito-tacos-and-cocktails-port-jeff/PC8kNxX_TESLBiRDOVeN0g,lake-grove-new-york
https://www.ubereats.com/nyc-suburbs/food-delivery/carvel-290-ronkonkoma-avenue/ob6f6w7lRNiZHi9PPiU0dg,lake-grove-new-york
https://www.ubereats.com/nyc-suburbs/food-delivery/papa-johns-pizza-411-furrows-rd-ste-1/OkFq4S5pRgeya9AtrFArlQ,lake-grove-new-york
https://www.ubereats.com/nyc-suburbs/food-delivery/paradise-diner/NFAGtOPdTEiSTJlTnudaWw,lake-grove-new-york
https://www.ubereats.com/nyc-suburbs/food-delivery/sweetwaters-coffee-%26-tea-west-main/Cyi8JjBfQzOSquXd6kEvdw,lake-grove-new-york
https://www.ubereats.com/nyc-suburbs/food-delivery/the-pepperoni-grill-pizzeria-%26-restaurant/VJn-U0xnSp6M00V_9PdRNA,lake-grove-new-york
https://www.ubereats.com/nyc-suburbs/food-delivery/medford-pastaria/zi8aUGOtT2Sz3-sEGrLq8A,lake-grove-new-york
https://www.ubereats.com/nyc-suburbs/food-delivery/red-lobster-2220-nesconset-highway/1UWR8FkOTdG5f0PNKbBbBA,lake-grove-new-york
https://www.ubereats.com/nyc-suburbs/food-delivery/the-vegan-hub/ABx_9JFaQNaoYtdDRLZGog,lake-grove-new-york
https://www.ubereats.com/nyc-suburbs/food-delivery/ichi-sushi-ramen/zbLn6JYZQxyORLSt67u6wg,lake-grove-new-york
https://www.ubereats.com/nyc-suburbs/food-delivery/red-chilli-restaurant/MX5g0VZ3QBmTRgBhZ_0DkQ,lake-grove-new-york
https://www.ubereats.com/nyc-suburbs/food-delivery/hurricane-grill-%26-wings-11037-ny-112/rap4noATSyCS4TGytqoNpg,lake-grove-new-york
https://www.ubereats.com/nyc-suburbs/food-delivery/wasabi-japanese-steakhouse/ksz-gxuHQNCSGNxahGuEiw,lake-grove-new-york
https://www.ubereats.com/nyc-suburbs/food-delivery/wing-wah/OoXLnGO2QaK_brEqDOFHvg,lake-grove-new-york
https://www.ubereats.com/nyc-suburbs/food-delivery/crazy-crepe-cafe-selden/SPQsEirIT4OenQnbCGn-gA,lake-grove-new-york
https://www.ubereats.com/nyc-suburbs/food-delivery/california-pizza-kitchen-618-smith-haven-mall/b5OeQqd_TNyM3ovCYN_fTw,lake-grove-new-york
https://www.ubereats.com/nyc-suburbs/food-delivery/mcdonalds-2324-nesconset/3z4UJWy4T7u9g087CVzFyA,lake-grove-new-york
https://www.ubereats.com/nyc-suburbs/food-delivery/eatcetera-deli-cafe/YVfZzROUR9elO4DEV5XkVQ,lake-grove-new-york
https://www.ubereats.com/nyc-suburbs/food-delivery/royal-pizza/7YJQI1taTB2MDYv7Wi423w,lake-grove-new-york
https://www.ubereats.com/nyc-suburbs/food-delivery/bagels-and-brunch-deli/Cflt3BGoSu698dgtG78rGw,lake-grove-new-york
https://www.ubereats.com/nyc-suburbs/food-delivery/el-apretador-2-carleton-ave/eN8xJ-LtTx27_FcJfVqKDg,lake-grove-new-york
https://www.ubereats.com/nyc-suburbs/food-delivery/the-corner-cafe/6DAh1yn0QLSJiZsUQ_pmCQ,lake-grove-new-york
https://www.ubereats.com/nyc-suburbs/food-delivery/crazy-beans/hDXl0zDdSRuEgBqpuxne3Q,lake-grove-new-york
https://www.ubereats.com/nyc-suburbs/food-delivery/burrito-palace-and-grill-miller-place/JiZhxzW7R_yq5o-OrX72dQ,lake-grove-new-york
https://www.ubereats.com/nyc-suburbs/food-delivery/mykonos-greek-restaurant/KTGHl2xASN6uZ5UyK6DvCQ,lake-grove-new-york
https://www.ubereats.com/nyc-suburbs/food-delivery/subway-3460-veterans-memorial-hwy/B9YUNh49RZ20E67spdoolg,lake-grove-new-york
https://www.ubereats.com/nyc-suburbs/food-delivery/holbrook-market-place-and-delicatessen/dagG8CvRQSKGIKyCfhofSA,lake-grove-new-york
https://www.ubereats.com/nyc-suburbs/food-delivery/spice-workshop/vXdLv2g2TqqvMh-3vQqYmg,lake-grove-new-york
https://www.ubereats.com/nyc-suburbs/food-delivery/choopan-grill/OF16zO__RTKimef2jaBmog,lake-grove-new-york
https://www.ubereats.com/nyc-suburbs/food-delivery/wendys-106-portion-road/GOm0CDUDSOiheU1swgADJg,lake-grove-new-york
https://www.ubereats.com/nyc-suburbs/food-delivery/del-fuego-patchogue/02Q7TXqrQj6nt8POWoxKuQ,lake-grove-new-york
https://www.ubereats.com/nyc-suburbs/food-delivery/dunkin-665-middle-country-rd/AlxZwHxHT6uyoTv-9crntg,lake-grove-new-york
https://www.ubereats.com/nyc-suburbs/food-delivery/brendas-jamaican-restaurant/mm6Mzb4AQ5WPYwGuFdoYAw,lake-grove-new-york
https://www.ubereats.com/nyc-suburbs/food-delivery/harbor-wings-lake-ronkonkoma/8YJ2eVkcRXipnTrFWzUfEA,lake-grove-new-york
https://www.ubereats.com/nyc-suburbs/food-delivery/wendys-570-middle-country-rd/YKV_rTAOTayI15WI2s2TjA,lake-grove-new-york
https://www.ubereats.com/nyc-suburbs/food-delivery/kfc-4040-nesconset-hwy/siQ3Ca0BT2SPfH5-XEC5Hw,lake-grove-new-york
https://www.ubereats.com/nyc-suburbs/food-delivery/chipotle-mexican-grill-601-portion-road/aEOIe8mfTl2joK7ivQCa6Q,lake-grove-new-york
https://www.ubereats.com/nyc-suburbs/food-delivery/lake-grove-diner/NXD5CT3dRa-XTnxJrGCkVQ,lake-grove-new-york
https://www.ubereats.com/nyc-suburbs/food-delivery/house-of-mediterranean-eats-coram/Qpl0UkrzRmubkpix7_28hQ,lake-grove-new-york
https://www.ubereats.com/nyc-suburbs/food-delivery/mcdonalds-313-middle-country-rd/r9rl2DCnQCyM0IVuqvmSXA,lake-grove-new-york
https://www.ubereats.com/nyc-suburbs/food-delivery/johnnys-burgers-centereach/QqrL4jxGTS6K6fkHtrzf0Q,lake-grove-new-york
https://www.ubereats.com/nyc-suburbs/food-delivery/crazy-bowls-acai-bowls-%26-more/wsuJ31fwQgCS79NuPHg_7A,lake-grove-new-york
https://www.ubereats.com/nyc-suburbs/food-delivery/h2o-seafood-%26-sushi-east-islip/K9aRdNmKSZa_R5KCcJZB9Q,lake-grove-new-york
https://www.ubereats.com/nyc-suburbs/food-delivery/golden-buffet/Wy__tiMKS6qW4cYeWgFXWw,lake-grove-new-york
https://www.ubereats.com/nyc-suburbs/food-delivery/haagen-dazs-312-smith-haven-mall/CiPGHv0YTCC2TN7AlaUMLQ,lake-grove-new-york
https://www.ubereats.com/nyc-suburbs/food-delivery/nathans-famous-630-portion-rd/VMuHa6t7Qy286kU8udAcmA,lake-grove-new-york
https://www.ubereats.com/nyc-suburbs/food-delivery/chipotle-mexican-grill-387-smithtown-byp/9FjP_Me2QU6VshrNADNi1Q,lake-grove-new-york
https://www.ubereats.com/nyc-suburbs/food-delivery/lucky-spice-grill/iEnuwY0zTZaMR3TcEPIpcQ,lake-grove-new-york
https://www.ubereats.com/nyc-suburbs/food-delivery/yogomania/0z_EbXrsSAmlXHLL_yLTKw,lake-grove-new-york
https://www.ubereats.com/nyc-suburbs/food-delivery/ny-gyro-%26-grill/eKst02TdSCGzLwBdXzRTDQ,lake-grove-new-york
https://www.ubereats.com/nyc-suburbs/food-delivery/setauket-pastaria/lYQfFb9qT96IkCpuc0Plow,lake-grove-new-york
https://www.ubereats.com/nyc-suburbs/food-delivery/mayras-bakery/pqGaAybfRwWrUndQPi-nmw,lake-grove-new-york
https://www.ubereats.com/nyc-suburbs/food-delivery/zaiqa-halal-food/rK3dyVkxQDOd6UbuScUbfA,lake-grove-new-york
https://www.ubereats.com/nyc-suburbs/food-delivery/rb-los-amigos-restaurante-inc/0Pboo-ArRuuP5GDMcCNXBA,lake-grove-new-york
https://www.ubereats.com/nyc-suburbs/food-delivery/papa-johns/K6IMM3z1RoKZoi_Nv7b7iQ,lake-grove-new-york
https://www.ubereats.com/nyc-suburbs/food-delivery/dunkin-33-montauk-hwy/r7Ci--wcS56_wW3a-ihzrQ,lake-grove-new-york
https://www.ubereats.com/nyc-suburbs/food-delivery/boxcar-burgers/LN7_SgpfQb-bkpIrTECkKA,lake-grove-new-york
https://www.ubereats.com/nyc-suburbs/food-delivery/best-express-halal-food/XImf_gczTlirK5H9e7olpw,lake-grove-new-york
https://www.ubereats.com/nyc-suburbs/food-delivery/mcdonalds-174-portion-rd/zbOgiLfzQHqo7Hd1pZ9SnQ,lake-grove-new-york
https://www.ubereats.com/nyc-suburbs/food-delivery/dunkin-628-horseblock-rd/ZhDvuwJYQQSl9omRqbQdmg,lake-grove-new-york
https://www.ubereats.com/nyc-suburbs/food-delivery/outback-steakhouse-5040-nesconset-highway/f6CQppQmTB2qPSJWGFHX-A,lake-grove-new-york
https://www.ubereats.com/nyc-suburbs/food-delivery/sangria-71-williston-park/pbp-rNy_Rkq7HA9lF7U-HQ,lake-grove-new-york
https://www.ubereats.com/nyc-suburbs/food-delivery/ten89-noodle-house-%E7%9F%B3%E6%BA%AA%E9%A5%AD%E5%BA%97/YapbNZh1TTeRvzPbgLlVeg,lake-grove-new-york
https://www.ubereats.com/nyc-suburbs/food-delivery/friendlys-220-mount-pleasant-rd/7yiOXwvMRDubWTtuuBqWFg,lake-grove-new-york
https://www.ubereats.com/nyc-suburbs/food-delivery/dunkin-1275-veterans-memorial-hwy/3mMU2EHVSLGRR1lTi_VbUg,lake-grove-new-york
https://www.ubereats.com/nyc-suburbs/food-delivery/206-applebees-farmingville/F3vmjvF0Rl6MHYfJs4OiwQ,lake-grove-new-york
https://www.ubereats.com/nyc-suburbs/food-delivery/bloomberg-bagels/338Oq2A9QDCpq8hkLT-IFA,lake-grove-new-york
https://www.ubereats.com/nyc-suburbs/food-delivery/americana-burgers-and-wings/ltqY9BcgRIOyPpB5SzGbQg,lake-grove-new-york
https://www.ubereats.com/nyc-suburbs/food-delivery/ming-kong/Ol1mZAvqQg-Y2Ujv82suBg,lake-grove-new-york
https://www.ubereats.com/nyc-suburbs/food-delivery/yogo-mania-holbrook/YuNBjLt7RZ6YSqfJl8fVmg,lake-grove-new-york
https://www.ubereats.com/nyc-suburbs/food-delivery/sals-of-smithtown-pizza/8LekpvJlQHKyPZgdhsUFkA,lake-grove-new-york
https://www.ubereats.com/nyc-suburbs/food-delivery/zpita/Mmq4qOfcSU-sS5_sn2FZug,lake-grove-new-york
https://www.ubereats.com/nyc-suburbs/food-delivery/hummus-fits-c-o-hummus-mediterranean/klOwhMyASMWF7fn65yvzjQ,lake-grove-new-york
https://www.ubereats.com/nyc-suburbs/food-delivery/papa-johns-pizza-%232995/twcChnMaSIqNnAB0zzMPtg,lake-grove-new-york
https://www.ubereats.com/nyc-suburbs/food-delivery/bagel-gallery/5112j3-9S2GEprWWlh9SMQ,lake-grove-new-york
https://www.ubereats.com/nyc-suburbs/food-delivery/karvers-grille/PoeAb-odT_aCQ0SnIWmrUw,lake-grove-new-york
https://www.ubereats.com/nyc-suburbs/food-delivery/subway-18-woods-corner-rd/ks4PJfHrT6iEuiSuLvtDww,lake-grove-new-york
https://www.ubereats.com/nyc-suburbs/food-delivery/sobol-patchogue/9wwEY0e_SDKBsaWBv91TRg,lake-grove-new-york
https://www.ubereats.com/nyc-suburbs/food-delivery/bliss-restaurant/mvrFQVGQQ-KfcU9i5Dyptw,lake-grove-new-york
https://www.ubereats.com/nyc-suburbs/food-delivery/melt-shop-smith-haven-mall/pTna9icqSL23fmDYcfpERg,lake-grove-new-york
https://www.ubereats.com/nyc-suburbs/food-delivery/nathans-famous-662-middle-country-rd/S3lsTXgxQOm5jU7l5ABbnQ,lake-grove-new-york
https://www.ubereats.com/nyc-suburbs/food-delivery/friendlys-553-hawkins-ave/8fZeBFNmQj-Ed2gun15RRg,lake-grove-new-york
https://www.ubereats.com/nyc-suburbs/food-delivery/bettys-deli/d2dnuZRpRFyeDRLqmMAexA,lake-grove-new-york
https://www.ubereats.com/nyc-suburbs/food-delivery/margaritas-cafe-port-jefferson-station/P_6ib7NzRdWioLjotdeJjA,lake-grove-new-york
https://www.ubereats.com/nyc-suburbs/food-delivery/ralphs-italian-ices-nesconset/1C2BUsBPSraDseKf20Q85g,lake-grove-new-york
https://www.ubereats.com/nyc-suburbs/food-delivery/primo-pizza/dcR0-QGyTH6y2IVOvdyUYQ,lake-grove-new-york
https://www.ubereats.com/nyc-suburbs/food-delivery/moes-southwest-grill-589-veterans-hwy/XvErqBpNT5qZq-dj_NTwvg,lake-grove-new-york
https://www.ubereats.com/nyc-suburbs/food-delivery/caribeno-ronkonkoma/5TVe5ZybQVCYt4idD40spg,lake-grove-new-york
https://www.ubereats.com/nyc-suburbs/food-delivery/bellas-bagels-n-deli/FTidQ4ikSke9CV6bDeKEvA,lake-grove-new-york
https://www.ubereats.com/nyc-suburbs/food-delivery/curbside-express/_RzEEHIxRdCMF0_Rx5ASOg,lake-grove-new-york
https://www.ubereats.com/nyc-suburbs/food-delivery/bagels-your-way-selden-plaza/CMp7eWJAQlm3SYLt_-uThA,lake-grove-new-york
https://www.ubereats.com/nyc-suburbs/food-delivery/subway-nicholls-rd-%26-long-island-expy/AC4ttHtsRSewZx7q_6hpMw,lake-grove-new-york
https://www.ubereats.com/nyc-suburbs/food-delivery/panera-136-portion-rd/53EW6FHLQIqbL0ZtBfQoMg,lake-grove-new-york
https://www.ubereats.com/nyc-suburbs/food-delivery/hau-po-chinese-restaurant/D7sjuaG4TXyKLQ_Dob4RGQ,lake-grove-new-york
https://www.ubereats.com/nyc-suburbs/food-delivery/207-applebees-lake-grove/Hrv5qLpsQ0q0OhzUmfIBbQ,lake-grove-new-york
https://www.ubereats.com/nyc-suburbs/food-delivery/pho-fan/wolS1BpYSdqf1dhEVGFozg,lake-grove-new-york
https://www.ubereats.com/nyc-suburbs/food-delivery/dunkin-125-portion-rd/-VbDB8vYRt-dEbF4HWTQgg,lake-grove-new-york
https://www.ubereats.com/nyc-suburbs/food-delivery/homerun-heros/dJZWntIoSy26b2sbIjb2Yg,lake-grove-new-york
https://www.ubereats.com/nyc-suburbs/food-delivery/boston-market-966-middle-country-rd/oUpPyaFPTym00Lu0ITn-hg,lake-grove-new-york
https://www.ubereats.com/nyc-suburbs/food-delivery/nonnas-pizzeria/qdP6CyJ3TNyOezS9xdomiA,lake-grove-new-york
https://www.ubereats.com/nyc-suburbs/food-delivery/dunkin-1075-portion-rd/WimQSN4NRQqATb4t0q4KCw,lake-grove-new-york
https://www.ubereats.com/nyc-suburbs/food-delivery/farmingville-liquor-%26-wine/YWO1rMtrQdetyq2_zwWStA,lake-grove-new-york
https://www.ubereats.com/nyc-suburbs/food-delivery/iseda-happy-wok/o3OinNS1SPm0nKfRrEPCgw,lake-grove-new-york
https://www.ubereats.com/nyc-suburbs/food-delivery/nazs-halal-food-to-go-325-washington-ave/CRvirijJQHezFnIYs_x6Pg,lake-grove-new-york
https://www.ubereats.com/nyc-suburbs/food-delivery/dunkin-5050-nesconset-hwy/kNiYCZLtTFKpT-qX0TcgZQ,lake-grove-new-york
https://www.ubereats.com/nyc-suburbs/food-delivery/tropical-smoothie-cafe-selden-plaza/lDR8OitjSsCQlCRCOi2n3g,lake-grove-new-york
https://www.ubereats.com/nyc-suburbs/food-delivery/sesame-sushi/nXlZTyP0RNiu0otuEaf-aA,lake-grove-new-york
https://www.ubereats.com/nyc-suburbs/food-delivery/china-east-selden/VIqKJAt6Rc-10na6YyPzgQ,lake-grove-new-york
https://www.ubereats.com/nyc-suburbs/food-delivery/simply-devine-deli/p5Ocl3WzTe239KMcWZEwPw,lake-grove-new-york
https://www.ubereats.com/nyc-suburbs/food-delivery/oriental-sushi/tqWIJLCaRMytWrGAPaW2kw,lake-grove-new-york
https://www.ubereats.com/nyc-suburbs/food-delivery/pollo-sabroson/PclkXsbxT0e0T2aSlp2zfQ,lake-grove-new-york
https://www.ubereats.com/nyc-suburbs/food-delivery/pj-sushi-teriyaki/R0hywut8RKW6IQ7VtVpauw,lake-grove-new-york
https://www.ubereats.com/nyc-suburbs/food-delivery/mamma-lombardis/ukIMlrCATtaRQuU67AP9nA,lake-grove-new-york
https://www.ubereats.com/nyc-suburbs/food-delivery/24-7-convenience-store/dqu-mUt2TOeHHCCc3PBUGg,lake-grove-new-york
https://www.ubereats.com/nyc-suburbs/food-delivery/yum-yum-dumplings/hR_fn2cgSOWQAQAm57dEMQ,lake-grove-new-york
https://www.ubereats.com/nyc-suburbs/food-delivery/crazy-crepe-cafe/QAv5T03tRZS_X8fChqAjfg,lake-grove-new-york
https://www.ubereats.com/nyc-suburbs/food-delivery/bagel-patch/FdJUYWOkQPOtxdZrPu2qag,lake-grove-new-york
https://www.ubereats.com/nyc-suburbs/food-delivery/la-fonda-latino-grill/RUiX6dQzQ06-Nq4SdeJ4sA,lake-grove-new-york
https://www.ubereats.com/nyc-suburbs/food-delivery/meltology-grilled-cheese/57Gp9rwuQ2q8tf-GTnermQ,lake-grove-new-york
https://www.ubereats.com/nyc-suburbs/food-delivery/sals-deli-and-g/0ysxABvZT2SLPyuY0-URNw,lake-grove-new-york
https://www.ubereats.com/nyc-suburbs/food-delivery/carvel-480-patchogue-holbrook-rd/Sv8EtDnOTAq7JmXqs74Ctw,lake-grove-new-york
https://www.ubereats.com/nyc-suburbs/food-delivery/holbrook-diner/7hvVmKc4QhuobMi_fhhJhw,lake-grove-new-york
https://www.ubereats.com/nyc-suburbs/food-delivery/la-grova-ristorante-and-pizzeria/uTD2v6v3QbShChK3ImCYNQ,lake-grove-new-york
https://www.ubereats.com/nyc-suburbs/food-delivery/burger-king-2250-north-ocean-avenue/krHjRfDARoS1Y1ZzYfF_mA,lake-grove-new-york
https://www.ubereats.com/nyc-suburbs/food-delivery/amans-texmex/FbuNT2fMRSaXXb6MJKv45Q,lake-grove-new-york
https://www.ubereats.com/nyc-suburbs/food-delivery/prestano-bakery/vUNSJMdeR3izGmqG0cZkvQ,lake-grove-new-york
https://www.ubereats.com/nyc-suburbs/food-delivery/del-fuego-st-james/0MNnW3HZSMOWaRTE4-ajpg,lake-grove-new-york
https://www.ubereats.com/nyc-suburbs/food-delivery/waffle-shack/56WapGtPQ_ag5VPGk0ZE8w,lake-grove-new-york
https://www.ubereats.com/nyc-suburbs/food-delivery/shahs-halal-food-selden/wXwjKHtOTEiRQMb56SkBOA,lake-grove-new-york
https://www.ubereats.com/nyc-suburbs/food-delivery/yan-china-garden/CEaugM8dSdqmxvoFWmV7qQ,lake-grove-new-york
https://www.ubereats.com/nyc-suburbs/food-delivery/wendys-175-morris-avenue/kktlNsfgQZ-wVaJtVLTf_Q,lake-grove-new-york
https://www.ubereats.com/nyc-suburbs/food-delivery/5-brothers-fried-chicken-and-waffles/MeB_EU_7SHavqYaomhyVRA,lake-grove-new-york
https://www.ubereats.com/nyc-suburbs/food-delivery/taco-bell-2425-n-ocean-ave/-d-fbS5iTqODS-cp6RzMiQ,lake-grove-new-york
https://www.ubereats.com/nyc-suburbs/food-delivery/slices-%26-ices-pizzeria/g9MgUVi6S7mnEP0S4n5Tvg,lake-grove-new-york
https://www.ubereats.com/nyc-suburbs/food-delivery/china-jade/ZVYTU6ReQSauWbwXycoL_w,lake-grove-new-york
https://www.ubereats.com/nyc-suburbs/food-delivery/paulys-pizza-%26-pasta/bbwoPTY4QIC3iQww2jl5Bg,lake-grove-new-york
https://www.ubereats.com/nyc-suburbs/food-delivery/sobol-hauppauge/T7KAa3ljQ6OV0SI04a-4Ag,lake-grove-new-york
https://www.ubereats.com/nyc-suburbs/food-delivery/medford-village-market/lW20WfsuRaqnkxZOqj_5Og,lake-grove-new-york
https://www.ubereats.com/nyc-suburbs/food-delivery/istanbul-cafe/QF_qmub7SWmUHNROCirVMA,lake-grove-new-york
https://www.ubereats.com/nyc-suburbs/food-delivery/town-%26-country-market-miller-place/ZmraYYeMR8CygcOzZh_vJQ,lake-grove-new-york
https://www.ubereats.com/nyc-suburbs/food-delivery/cold-stone-creamery-1315-middle-country-rd/JkklLiH8R0eallAvCS831g,lake-grove-new-york
https://www.ubereats.com/nyc-suburbs/food-delivery/carvel-386-portion-rd/x4MtywgoQSCoB-MNcajoGQ,lake-grove-new-york
https://www.ubereats.com/nyc-suburbs/food-delivery/blue-point-diner/E8ELpjAGSDmo7N3h102X1Q,lake-grove-new-york
https://www.ubereats.com/nyc-suburbs/food-delivery/the-neighbors-sports-grille-%26-wings/ltulHtv-Q1amUeaFoRQERQ,lake-grove-new-york
https://www.ubereats.com/nyc-suburbs/food-delivery/taco-bell-360-portion-road/i5oYps2TR2KocAvXa0hIOA,lake-grove-new-york
https://www.ubereats.com/nyc-suburbs/food-delivery/la-famosa-pizzeria/M1GWdpeVQx2TH2PtPjEpVA,lake-grove-new-york
https://www.ubereats.com/nyc-suburbs/food-delivery/chicos-deli/IunNEbSzQKaKdQscGC5Qqw,lake-grove-new-york
https://www.ubereats.com/nyc-suburbs/food-delivery/crispys-*/B7U_gw4cTiKiJB-yy1qH8g,lake-grove-new-york
https://www.ubereats.com/nyc-suburbs/food-delivery/bagel-hero/qiNHS5olSFCeAz9MlvHQ0w,lake-grove-new-york
https://www.ubereats.com/nyc-suburbs/food-delivery/202-applebees-bohemia/XdK8ua0YQUC4I-Hvo9U1ow,lake-grove-new-york
https://www.ubereats.com/nyc-suburbs/food-delivery/mcdonalds-499-85-sunrise-hwy/CVPbDvT3ShOpaxrd56zqoA,lake-grove-new-york
https://www.ubereats.com/nyc-suburbs/food-delivery/pizza-stop/T_Nstrj2RQef9FZ0sIG9aA,lake-grove-new-york
https://www.ubereats.com/nyc-suburbs/food-delivery/recipe-seven-cocktails-and-kitchen/oy1S98YaTri_u2f3QkaPaA,lake-grove-new-york
https://www.ubereats.com/nyc-suburbs/food-delivery/charleys-philly-steaks-313-smith-haven-mall-vc02/-RWJcq7TSru0l2wd-SDePQ,lake-grove-new-york
https://www.ubereats.com/nyc-suburbs/food-delivery/caribbean-spot-coram/StY2urDRQjW0jpHpZkdU5g,lake-grove-new-york
https://www.ubereats.com/nyc-suburbs/food-delivery/checkers-258-portion-rd/A80LQ9RgRbGqbLQJ8kIiqQ,lake-grove-new-york
https://www.ubereats.com/nyc-suburbs/food-delivery/texas-chicken-%26-burgers-middle-country-road/WobwPblNQsSlSZV5TC41hA,lake-grove-new-york
https://www.ubereats.com/nyc-suburbs/food-delivery/waffle-shack/KcEUNFcXTLSOiDaM7WACyA,lake-grove-new-york
https://www.ubereats.com/nyc-suburbs/food-delivery/sobol-st-james/8o_qzwG6SRmTTrG2AUY1pA,lake-grove-new-york
https://www.ubereats.com/nyc-suburbs/food-delivery/villa-sorrento/Bt3L7SkdRuOYABJ0a9sAJA,lake-grove-new-york
https://www.ubereats.com/nyc-suburbs/food-delivery/el-rio-restaurant/yk404VLHT9unBnSzzxGv0g,lake-grove-new-york
https://www.ubereats.com/nyc-suburbs/food-delivery/alpine-pastry-shoppe/0xpg5g7ETr24cTf7las4qw,lake-grove-new-york
https://www.ubereats.com/nyc-suburbs/food-delivery/sobol-ronkonkoma/G2s3y20WRHOT9aJv9RnsfQ,lake-grove-new-york
https://www.ubereats.com/nyc-suburbs/food-delivery/crazy-crepe-cafe-smithtown/D0Lp_1nrR1ChScp2JNc4FA,lake-grove-new-york
https://www.ubereats.com/nyc-suburbs/food-delivery/chipotle-mexican-grill-1064-route-112/pc3_FVPETr2ACgV49Mw0XQ,lake-grove-new-york
https://www.ubereats.com/nyc-suburbs/food-delivery/jersey-mikes-subs-586-veterans-memorial-hwy/055jV8cLRS-yGYuRpVBk2g,lake-grove-new-york
https://www.ubereats.com/nyc-suburbs/food-delivery/vitality-bowls-96-e-main-st/P2zfYz4PQE21tf3zHNmZ7g,lake-grove-new-york
https://www.ubereats.com/nyc-suburbs/food-delivery/chipotle-mexican-grill-367-n-service-rd/CILDQq56SdevvuBH9s_OVw,lake-grove-new-york
https://www.ubereats.com/nyc-suburbs/food-delivery/island-lake-diner/S18VA0gpTGSxLr6qVlasNg,lake-grove-new-york
https://www.ubereats.com/nyc-suburbs/food-delivery/starbucks-islandia-ny/hZ_owgx9Rd6EMTAbuu2jLA,lake-grove-new-york
https://www.ubereats.com/nyc-suburbs/food-delivery/tango-argentinian-steakhouse/yaEOu8sYScG_KziwWAH0Bw,lake-grove-new-york
https://www.ubereats.com/nyc-suburbs/food-delivery/mrs-poke-bowl-cafe/k0uMk-gWSyOKeS1o2UrAlw,lake-grove-new-york
https://www.ubereats.com/nyc-suburbs/food-delivery/harbor-q-smokehouse-lake-ronkonkoma-do-not-enable-food-safety/b2K0RtoNRTujSuY4av9PuQ,lake-grove-new-york
https://www.ubereats.com/nyc-suburbs/food-delivery/starbucks-nesconset-smithtown-blvd/rAG75vlZRYGnNZKBmBScKg,lake-grove-new-york
https://www.ubereats.com/nyc-suburbs/food-delivery/harbor-burgers-lake-ronkonkoma/DEkF-wpyQZu8FsYqmuMCxA,lake-grove-new-york
https://www.ubereats.com/nyc-suburbs/food-delivery/swolehouse-meals/qsl0_AttRh2LSuoxXECxXg,lake-grove-new-york
https://www.ubereats.com/nyc-suburbs/food-delivery/simply-greek/M9M2ww7gTFCULHHv84KFIA,lake-grove-new-york
https://www.ubereats.com/nyc-suburbs/food-delivery/cafe-timboo/k8M1Wj8VQPelPeMr5aF99g,lake-grove-new-york
https://www.ubereats.com/nyc-suburbs/food-delivery/munchies-to-your-door/-v9f-LRjSSuiMO5M6CmE0w,lake-grove-new-york
https://www.ubereats.com/nyc-suburbs/food-delivery/hummus-mediterraneanselden/ibyzvyRyQGepN_w2fdM7yQ,lake-grove-new-york
https://www.ubereats.com/nyc-suburbs/food-delivery/the-hero-joint/3D-Ai0s_R5a3RveAZRNOAQ,lake-grove-new-york
https://www.ubereats.com/nyc-suburbs/food-delivery/sapore-fino/Z4hse3tPRomLmYtIalFe_A,lake-grove-new-york
https://www.ubereats.com/nyc-suburbs/food-delivery/setauket-pita-house/gniLaDoiQN2VE5Nns0rMpg,lake-grove-new-york
https://www.ubereats.com/nyc-suburbs/food-delivery/best-meal-chinese-food/zBqS0kNgQ0OMe6LiGK8D6A,lake-grove-new-york
https://www.ubereats.com/nyc-suburbs/food-delivery/tgi-fridays-782-hauppauge-ny/IhVuJBNBRkG_KQfvyb1tMA,lake-grove-new-york
https://www.ubereats.com/nyc-suburbs/food-delivery/cheezlys/w4FtEBC-Tbuj-_-m2djE0A,lake-grove-new-york
https://www.ubereats.com/nyc-suburbs/food-delivery/dunkin-731-nesconset-hwy/p76xK0bOTV-tnKXmdpshNw,lake-grove-new-york
https://www.ubereats.com/nyc-suburbs/food-delivery/ai-food-inc/IAEJSjIYQuSn1SI0KY6GRg,lake-grove-new-york
https://www.ubereats.com/nyc-suburbs/food-delivery/phayathai/fOe5ktpgTfGvROySa2yoRg,lake-grove-new-york
https://www.ubereats.com/nyc-suburbs/food-delivery/tomo-sushi/IaofPbAGTrKSgnQLKqWdBA,lake-grove-new-york
https://www.ubereats.com/nyc-suburbs/food-delivery/mt-sinai-bagel-cafe/HyyYhpq_QOiQJBs9kRI2LA,lake-grove-new-york
https://www.ubereats.com/nyc-suburbs/food-delivery/insignia-prime-steak-%26-sushi/ClWKQ6RlRAqp_Mi2Wu3dCw,lake-grove-new-york
https://www.ubereats.com/nyc-suburbs/food-delivery/morellis-pizza-%26-gyro/Q_-dyH3MT861Or9TkoaE4Q,lake-grove-new-york
https://www.ubereats.com/nyc-suburbs/food-delivery/dunkin-24-28-lowell-ave/E4FPr7qdTSu0uuZdYpNtAA,lake-grove-new-york
https://www.ubereats.com/nyc-suburbs/food-delivery/the-bench-bar-%26-grill/-bQCmmDlRCWINBhMKM_c2w,lake-grove-new-york
https://www.ubereats.com/nyc-suburbs/food-delivery/wendys-1820-rt-112/mxLpdurMQrq9-YuXaju2Rg,lake-grove-new-york
https://www.ubereats.com/nyc-suburbs/food-delivery/starbucks-selden/Uf2aPgLxTxq_C4yIIyu9YQ,lake-grove-new-york
https://www.ubereats.com/nyc-suburbs/food-delivery/ruvo-restaurant-port-jefferson/O-myjjJQTPmGaLlNV5xPNw,lake-grove-new-york
https://www.ubereats.com/nyc-suburbs/food-delivery/bango-bowls-east-setauket/pJt1E_z8RXOSGWZC2cxYmg,lake-grove-new-york
https://www.ubereats.com/nyc-suburbs/food-delivery/local-burger-co-patchogue/HPvCj0LaR12nmX012BgKng,lake-grove-new-york
https://www.ubereats.com/nyc-suburbs/food-delivery/hamza-%26-madina-halal-food-ronkonkoma/L0e5dMkdQvmjjI3mPu3bZg,lake-grove-new-york
https://www.ubereats.com/nyc-suburbs/food-delivery/caribeno-holbrook/1ot-gJt9R46iw55pP5yptg,lake-grove-new-york
https://www.ubereats.com/nyc-suburbs/food-delivery/mcdonalds-517-ny-rt-111/F9vzwmuCRVmZJNfOI0R2WQ,lake-grove-new-york
https://www.ubereats.com/nyc-suburbs/food-delivery/halal-deshi-grocery-market/JczrMla7SZ-Mbc4wGRFMFg,lake-grove-new-york
https://www.ubereats.com/nyc-suburbs/food-delivery/crazy-bowls-acai-bowls-%26-more/_VtnYQXURFW16ell3bY6Dw,lake-grove-new-york
https://www.ubereats.com/nyc-suburbs/food-delivery/long-shot-bar-%26-grill/gf8iN_ART36A4ETUENgpJQ,lake-grove-new-york
https://www.ubereats.com/nyc-suburbs/food-delivery/the-wing-experience-5012-express-drive-south/bNaABnWJRi-BSCTKwq1h2w,lake-grove-new-york
https://www.ubereats.com/nyc-suburbs/food-delivery/buffalos-cafe-port-jefferson/q_e8ZgvgT5ekhGTsELX3zg,lake-grove-new-york
https://www.ubereats.com/nyc-suburbs/food-delivery/burger-king-246-medford-ave/wqiWtSYMThSRlbRQAMRFdg,lake-grove-new-york
https://www.ubereats.com/nyc-suburbs/food-delivery/ciros/76jRr9PGQ3KdPlxvlxJeNg,lake-grove-new-york
https://www.ubereats.com/nyc-suburbs/food-delivery/melts-wing-shop-smith-haven/p81_0jlDTmCbmD0rLiTc3g,lake-grove-new-york
https://www.ubereats.com/nyc-suburbs/food-delivery/big-belly-que/3ttw_mJiQ9-ZQWkrrUyBbQ,lake-grove-new-york
https://www.ubereats.com/nyc-suburbs/food-delivery/red-tiger-dumpling-house-centereach/FF2QSsOYSmiwCXab5v8B1A,lake-grove-new-york
https://www.ubereats.com/nyc-suburbs/food-delivery/rakkii-ramen/8HxSUcMdTBONf8CvZjDGAg,lake-grove-new-york
https://www.ubereats.com/nyc-suburbs/food-delivery/taco-el-primo/6kbUyz7KT26OWPWSeb0WVg,lake-grove-new-york
https://www.ubereats.com/nyc-suburbs/food-delivery/chipotle-mexican-grill-261-middle-country-rd/8bR-aKz1QgiB5jkN--DxzA,lake-grove-new-york
https://www.ubereats.com/nyc-suburbs/food-delivery/popeis-coram/6xfTeOjJRZ-12wzHzmcIzw,lake-grove-new-york
https://www.ubereats.com/nyc-suburbs/food-delivery/wendys-2278-middle-country-road/3NIB9bicQuGuxtwW5HJbdw,lake-grove-new-york
https://www.ubereats.com/nyc-suburbs/food-delivery/carvel-178-route-25a/-qAeDTC4RAKHDvC7npc5ow,lake-grove-new-york
https://www.ubereats.com/nyc-suburbs/food-delivery/subway-1974-middle-country-rd/A0aocDDeRdiKVDkWu8JBgw,lake-grove-new-york
https://www.ubereats.com/nyc-suburbs/food-delivery/new-fook-fung-chinese-food/ultyQ4HmTwa9Ec8KZzNNuA,lake-grove-new-york
https://www.ubereats.com/nyc-suburbs/food-delivery/on-the-border-holtsville/PXVepW9JSNO90fQQIwyRYg,lake-grove-new-york
https://www.ubereats.com/nyc-suburbs/food-delivery/empanadas-%26-more/7S2X8RXdTLqUEOXAAJ9Idw,lake-grove-new-york
https://www.ubereats.com/nyc-suburbs/food-delivery/tropical-smoothie-cafe-patchogue-mall/BkJdI9fCT56VsickQjoKMw,lake-grove-new-york
https://www.ubereats.com/nyc-suburbs/food-delivery/taco-bell-selden/TSJnhk1SR46BqIf8HrPMwQ,lake-grove-new-york
https://www.ubereats.com/nyc-suburbs/food-delivery/arnor-crepes-%26-bubble-tea-stony-brook/qoGgOkp_SM6-mzbYWrC2Dg,lake-grove-new-york
https://www.ubereats.com/nyc-suburbs/food-delivery/tainos-cafe-%26-lounge/AJxKz-lxTfqwNoYqKKH2Ag,lake-grove-new-york
https://www.ubereats.com/nyc-suburbs/food-delivery/burger-king-942-w-jericho-tpke/KIO_GewJQlWDgByQg4FoLw,lake-grove-new-york
https://www.ubereats.com/nyc-suburbs/food-delivery/jackees-jamaican-cafe/JH5b70RQR6CIkuFMABaukw,lake-grove-new-york
https://www.ubereats.com/nyc-suburbs/food-delivery/slices-and-ices/xvxrybHURoGwYKBQRAVqtw,lake-grove-new-york
https://www.ubereats.com/nyc-suburbs/food-delivery/viva-la-vida/eccBU2asQbO5BKJx93WBcg,lake-grove-new-york
https://www.ubereats.com/nyc-suburbs/food-delivery/smoke-shack-blues/fiOZfC5bRUu9dvYSK-53nQ,lake-grove-new-york
https://www.ubereats.com/nyc-suburbs/food-delivery/alexandros-restaurant/897-A2X4TO-hUBKhXejGzQ,lake-grove-new-york
https://www.ubereats.com/nyc-suburbs/food-delivery/panera-143-alexander-avenue/b8enHQaST2u1AY9nkpc2Lg,lake-grove-new-york
https://www.ubereats.com/nyc-suburbs/food-delivery/sonic-drive-in-2900-middle-country-rd/B09aq4KgQSaEY7Ncq9WrYw,lake-grove-new-york
https://www.ubereats.com/nyc-suburbs/food-delivery/go-greek/2A346OXiSY6a6GeMezcEvQ,lake-grove-new-york
https://www.ubereats.com/nyc-suburbs/food-delivery/wendys-527-route-111/k8S4BKuFSUGT5KpjCAeASA,lake-grove-new-york
https://www.ubereats.com/nyc-suburbs/food-delivery/112-tequila-restaurant/vIkJUOWfSQOg8g089YU1QA,lake-grove-new-york
https://www.ubereats.com/nyc-suburbs/food-delivery/dunkin-411-furrows-rd/k5_lvWFrRNWBqAlnhm6URA,lake-grove-new-york
https://www.ubereats.com/nyc-suburbs/food-delivery/georges-luncheonette-patchogue/8zo7x8cjQ0yO9HuebiSODQ,lake-grove-new-york
https://www.ubereats.com/nyc-suburbs/food-delivery/jersey-mikes-subs-869-montauk-hwy/BnbOQ2vwSc-Tbt7df4farw,lake-grove-new-york
https://www.ubereats.com/nyc-suburbs/food-delivery/taco-bell-174-medford-avenue/FKb7JniOQX2rTiNv1E7HWA,lake-grove-new-york
https://www.ubereats.com/nyc-suburbs/food-delivery/carolina-kitchen/jNl6vP-GTu63d8i6ibRzhA,lake-grove-new-york
https://www.ubereats.com/nyc-suburbs/food-delivery/buffalo-wild-wings-385-route-25a/SLd974MbQa6C6Huv54OLsg,lake-grove-new-york
https://www.ubereats.com/nyc-suburbs/food-delivery/bacon-you-crazy/HcAGHnOSSxC3F9sSiq0vww,lake-grove-new-york
https://www.ubereats.com/nyc-suburbs/food-delivery/dunkin-235-w-main-st/dES2hGGSRuyi2_FWnYv1ZQ,lake-grove-new-york
https://www.ubereats.com/nyc-suburbs/food-delivery/greek-islands-restaurant/PowzYBWpSX-z4YlyhbaJtg,lake-grove-new-york
https://www.ubereats.com/nyc-suburbs/food-delivery/kung-fu-tea-1009-n-country-rd/iGRD7zRVSNSq-3Il17LV8A,lake-grove-new-york
https://www.ubereats.com/nyc-suburbs/food-delivery/lulus-lobster/Za_C_lKGR22094BsWGm2Jg,lake-grove-new-york
https://www.ubereats.com/nyc-suburbs/food-delivery/millennium-diner/Ou3oPwMfTY2grNeFC1fTsQ,lake-grove-new-york
https://www.ubereats.com/nyc-suburbs/food-delivery/subway-400f-horseblock-rd/6IEOnEKVRyCee4hxnjNHag,lake-grove-new-york
https://www.ubereats.com/nyc-suburbs/food-delivery/tropical-smoothie-cafe-hauppauge/Y8wzz54MR8ShmUC7Fdt91g,lake-grove-new-york
https://www.ubereats.com/nyc-suburbs/food-delivery/carman-street-deli/Au5MvHdMS3qo2n3uZOZ_-Q,lake-grove-new-york
https://www.ubereats.com/nyc-suburbs/food-delivery/bagels-your-way-medford/n6N52GjkSju_Egt5tPNm8A,lake-grove-new-york
https://www.ubereats.com/nyc-suburbs/food-delivery/starbucks-smithtown/1aCIGhXZTdWvdX7D8nqlqA,lake-grove-new-york
https://www.ubereats.com/nyc-suburbs/food-delivery/carvel-407-patchogue-road/h1U-4VGfRImLwZkaEZG5Iw,lake-grove-new-york
https://www.ubereats.com/nyc-suburbs/food-delivery/kfc-533-medford-ave/EaAh6aoUQ0KWdDy5nwYgbw,lake-grove-new-york
https://www.ubereats.com/nyc-suburbs/food-delivery/kira-sushi/-RTG2TcDR4-fPJOlT208WA,lake-grove-new-york
https://www.ubereats.com/nyc-suburbs/food-delivery/crazy-bowls-acai-bowls-%26-more/KuiXrh7gRuuT7QEsrmo1oA,lake-grove-new-york
https://www.ubereats.com/nyc-suburbs/food-delivery/taco-bell-4833-nesconset-hwy/ysdtgK4nSouOmVDaHFgp7w,lake-grove-new-york
https://www.ubereats.com/nyc-suburbs/food-delivery/yogurtini/RdOkg-VzQeujZwwV_b2ueA,lake-grove-new-york
https://www.ubereats.com/nyc-suburbs/food-delivery/everyday-bagel/bk3WZ_AqT6a56WfqCIngsg,lake-grove-new-york
https://www.ubereats.com/nyc-suburbs/food-delivery/dunkin-197-main-st/DYeenDWyR7msp94kAozhPQ,lake-grove-new-york
https://www.ubereats.com/nyc-suburbs/food-delivery/go-burger-mount-sinai-ny/DKy_KnVHRtqW7BWmNTrSIQ,lake-grove-new-york
https://www.ubereats.com/nyc-suburbs/food-delivery/burger-king-2488-nesconset-highway/Bl4Hy7iJR0mO-BsKqnH20g,lake-grove-new-york
https://www.ubereats.com/nyc-suburbs/food-delivery/strong-island-ice-cream/ILJJOEJYTmSm0VtWK8C9qQ,lake-grove-new-york
https://www.ubereats.com/nyc-suburbs/food-delivery/carvel-400a-horseblock-road/OuDMjuiCSsG0uRE6IsRYCw,lake-grove-new-york
https://www.ubereats.com/nyc-suburbs/food-delivery/tropical-smoothie-cafe-centereach-mall/PLW1S-U1RT6Mfe-Yw7o3_w,lake-grove-new-york
https://www.ubereats.com/nyc-suburbs/food-delivery/crust-brick-oven-pizza/7kj848lsTWyokY7cLHkdhw,lake-grove-new-york
https://www.ubereats.com/nyc-suburbs/food-delivery/better-burger/5WX5XfRbSpqEOK2NExvHuQ,lake-grove-new-york
https://www.ubereats.com/nyc-suburbs/food-delivery/pollo-campero-central-islip-wheeler-rd/PVS3kq1eTQCffzWxdZv_Zw,lake-grove-new-york
https://www.ubereats.com/nyc-suburbs/food-delivery/big-italy-pizzeria/aOuF4lifQSSZJe_RWsD96Q,lake-grove-new-york
https://www.ubereats.com/nyc-suburbs/food-delivery/texas-de-brazil-long-island/FbSx471jQvehqCd2IKchzA,lake-grove-new-york
https://www.ubereats.com/nyc-suburbs/food-delivery/kfc-centereach/7FMjaLdmTGuZoD1GvR1qwg,lake-grove-new-york
https://www.ubereats.com/nyc-suburbs/food-delivery/mama-angelinas-pizzeria-restaurant/tZpC3qoyQWqCpBvBhhh5bw,lake-grove-new-york
https://www.ubereats.com/nyc-suburbs/food-delivery/crazy-pies-bistro-and-pizzeria/zGItquFARuKWl6UEUhKp-Q,lake-grove-new-york
https://www.ubereats.com/nyc-suburbs/food-delivery/beijing-kitchen/MEeuX-OxQ16Q8yVaqAmRKQ,lake-grove-new-york
https://www.ubereats.com/nyc-suburbs/food-delivery/lotus-garden/avs_k7Q0SiuPBWHjsenJ-A,lake-grove-new-york
https://www.ubereats.com/nyc-suburbs/food-delivery/mcdonalds-1724-middle-country-rd/4RElT3YrRYm_tIG3Yv0-1Q,lake-grove-new-york
https://www.ubereats.com/nyc-suburbs/food-delivery/outback-steakhouse-216-jericho-turnpike/liXhTJATTFuSnAhMP6kSxA,lake-grove-new-york
https://www.ubereats.com/nyc-suburbs/food-delivery/carvel-2195-middle-country-rd/QE2Va_ZxSQeMlZIV428YYw,lake-grove-new-york
https://www.ubereats.com/nyc-suburbs/food-delivery/momos-union-ave/uOUgGN4WTiqtGWDzTUYpXg,lake-grove-new-york
https://www.ubereats.com/nyc-suburbs/food-delivery/bella-bambinas-pizzeria-restaurant/Dndrrn90SyS6MkvniFkNYA,lake-grove-new-york
