url,city
https://www.ubereats.com/chicago/food-delivery/joanies-pizzeria-of-long-grove/mljPck1fRt2ueA0wsFcMXg,lake-forest-illinois
https://www.ubereats.com/chicago/food-delivery/chipotle-mexican-grill-950-milwaukee-ave-ste-a/lx9vOqFHSOqUbaB8pqHQ1A,lake-forest-illinois
https://www.ubereats.com/chicago/food-delivery/panera-305-south-waukegan-road/1d-av9YISb-4bxetMogISA,lake-forest-illinois
https://www.ubereats.com/chicago/food-delivery/papa-willies-bbq/84I4L-GiR5uxAHGFkCRD9A,lake-forest-illinois
https://www.ubereats.com/chicago/food-delivery/ra-sushi-150-n-milwaukee-avenue/xE8r3EWzTHG4ZKAjFK6MZA,lake-forest-illinois
https://www.ubereats.com/chicago/food-delivery/nikkos-grecian-grill/8zYvF-0pTLiaQl8F0Yp2Lg,lake-forest-illinois
https://www.ubereats.com/chicago/food-delivery/hunan-hibachi-buffet/Wg1jQNsPQkGvphBlIscgGg,lake-forest-illinois
https://www.ubereats.com/chicago/food-delivery/dear-franks/HO-Y9MUnQTy6tE5XQgnHpA,lake-forest-illinois
https://www.ubereats.com/chicago/food-delivery/casa-chapalas-grill/FO_yiD6cRVa7qmEXW3KlzA,lake-forest-illinois
https://www.ubereats.com/chicago/food-delivery/sushi-kushi-san-3/sfDv0Ez_Say2_ujNwTKDwA,lake-forest-illinois
https://www.ubereats.com/chicago/food-delivery/mod-pizza-deerbrook-mall/Aeqr3YceRoeiHlXrFV-0Xw,lake-forest-illinois
https://www.ubereats.com/chicago/food-delivery/dunkin-707-rockland-rd/z7_o8PoOTK6dH_Pbk1Jmgw,lake-forest-illinois
https://www.ubereats.com/chicago/food-delivery/17-north-bar-%26-grill/YES9xfirQjSaTfJQXQhzig,lake-forest-illinois
https://www.ubereats.com/chicago/food-delivery/mcdonalds-dundee-%26-milwaukee/B3RLbn6dTx-D0IuZXkekAQ,lake-forest-illinois
https://www.ubereats.com/chicago/food-delivery/panera-1211-half-day-road/Ey4GKMhGT7e-Ug9NzT51Aw,lake-forest-illinois
https://www.ubereats.com/chicago/food-delivery/arbys-1874-belvidere-rd/45TEk6XoTOiRPsxdLSKHAQ,lake-forest-illinois
https://www.ubereats.com/chicago/food-delivery/city-works-vernon-hills/2r-19RyzQlqhOb1_spQZNw,lake-forest-illinois
https://www.ubereats.com/chicago/food-delivery/taco-bell-2222-green-bay-rd/f-HzmDVTQuOxkCFhK4m5pg,lake-forest-illinois
https://www.ubereats.com/chicago/food-delivery/palamuru-grill/k-loo1TKQKCiDDBjFrz09Q,lake-forest-illinois
https://www.ubereats.com/chicago/food-delivery/popeyes-oak-creek-plz/6nNOUC1jS1m9jamVUZx82Q,lake-forest-illinois
https://www.ubereats.com/chicago/food-delivery/mod-pizza-waukegan/nOaJBpBNTUSKLtpLVnxEjQ,lake-forest-illinois
https://www.ubereats.com/chicago/food-delivery/little-caesars-680-south-lake-street/NhudTtQ8SeGtB_kqiJY6vw,lake-forest-illinois
https://www.ubereats.com/chicago/food-delivery/sweet-home-gelato/-yKXuN12QlCF5EfdVekjOA,lake-forest-illinois
https://www.ubereats.com/chicago/food-delivery/dunkin-1609-grand-ave/2IzeSmSpSc-s7crUo376EA,lake-forest-illinois
https://www.ubereats.com/chicago/food-delivery/panda-express-dundee-%26-milwaukee/YLi46VYgSlu2c-iaE23RWg,lake-forest-illinois
https://www.ubereats.com/chicago/food-delivery/honey-baked-ham-co-%26-cafe-grand-ave/Xfx5B0r6TCWns9uv1A5dnw,lake-forest-illinois
https://www.ubereats.com/chicago/food-delivery/dunkin-2829-22nd-st/jc3uLP9XQ3W0iJInfXiMRw,lake-forest-illinois
https://www.ubereats.com/chicago/food-delivery/tasty-thai/CGBEg5FLRweDh3WYdxvgBw,lake-forest-illinois
https://www.ubereats.com/chicago/food-delivery/flemings-prime-steakhouse-%26-wine-bar-lincolnshire/cKuT4iHTR7S1-0AtiLK1Wg,lake-forest-illinois
https://www.ubereats.com/chicago/food-delivery/ikigai-sushi/i5Ud4MToQhm07qLVHnE1qA,lake-forest-illinois
https://www.ubereats.com/chicago/food-delivery/ostioneria-briza-azul/EVX7EDuKSDOPy8LMKrecOA,lake-forest-illinois
https://www.ubereats.com/chicago/food-delivery/sunset-foods-libertyville/DlEXnxdMRLq0f4rNAF-2Lw,lake-forest-illinois
https://www.ubereats.com/chicago/food-delivery/viaggio-restaurant/xNYiE2t4TkukoPepMm16UQ,lake-forest-illinois
https://www.ubereats.com/chicago/food-delivery/dunkin-3092-n-skokie-highway/svTdkGydQTakdEKTMbaBqg,lake-forest-illinois
https://www.ubereats.com/chicago/food-delivery/rockys-pizzeria-north-chicago/tsh6RrkKQAG4TB4X_Y6vyg,lake-forest-illinois
https://www.ubereats.com/chicago/food-delivery/city-works-wheeling/USzxZpqlSmO96JPkkWIHmw,lake-forest-illinois
https://www.ubereats.com/chicago/food-delivery/benihana-150-n-milwaukee-avenue/asVErvOnQCSYAsaK88iSWg,lake-forest-illinois
https://www.ubereats.com/chicago/food-delivery/bo-bos-gyros-hawthorn-village-commons-%26-ring/CNGi68bWSI6b7li51muqcg,lake-forest-illinois
https://www.ubereats.com/chicago/food-delivery/ochoas-mexican-grill/VuMhZfG5RYivv6HJUNv_hA,lake-forest-illinois
https://www.ubereats.com/chicago/food-delivery/starbucks-sheridan-rd-%26-old-elm-highwood/kBCquxhERm-f4Kw62rFQ2w,lake-forest-illinois
https://www.ubereats.com/chicago/food-delivery/mcdonalds-belvidere-%26-knight/Eo0yItJcQtKzNYlgy_eq7A,lake-forest-illinois
https://www.ubereats.com/chicago/food-delivery/park-street-restaurant/SedkZhunSG6gP1KooH_lig,lake-forest-illinois
https://www.ubereats.com/chicago/food-delivery/honey-bays-bbq/QWGrDgpMTVipRXCTElkaCA,lake-forest-illinois
https://www.ubereats.com/chicago/food-delivery/donatis-pizza-waukegan-rd/ZsrBISN3RoWjv3o9rfoFIQ,lake-forest-illinois
https://www.ubereats.com/chicago/food-delivery/dunkin-700-n-milwaukee-ave/92usHSIbQpmPWCOleYls9w,lake-forest-illinois
https://www.ubereats.com/chicago/food-delivery/wing-king/-HiFai49S-2EZk57dgglJw,lake-forest-illinois
https://www.ubereats.com/chicago/food-delivery/rosatis-pizza-bannockburn/SIfkj5e7T1-frWhs8Vst1g,lake-forest-illinois
https://www.ubereats.com/chicago/food-delivery/buffalo-wild-wings-3961-fountain-square-pl/0NbgxuRFQT-tufibbPpsWw,lake-forest-illinois
https://www.ubereats.com/chicago/food-delivery/tacos-el-norte/9cIhyxEGTziBkMNKC8nkEg,lake-forest-illinois
https://www.ubereats.com/chicago/food-delivery/antojitos-guerrero/BEnIpPd1RCizndeOOrMfiw,lake-forest-illinois
https://www.ubereats.com/chicago/food-delivery/mcdonalds-waukegan-%26-washington/xBbs4J0ITXWyv0vIhX-JWQ,lake-forest-illinois
https://www.ubereats.com/chicago/food-delivery/pita-inn-wheeling/E7rzaFa2RNyRjeIwyUQhDg,lake-forest-illinois
https://www.ubereats.com/chicago/food-delivery/rise-n-dine-pancake-cafe/enErO-tYS86lLBe8YgDIQA,lake-forest-illinois
https://www.ubereats.com/chicago/food-delivery/forest-greens-juice-bar/PDFt4YncSUOAXZG6Z0pmvA,lake-forest-illinois
https://www.ubereats.com/chicago/food-delivery/panda-express-122-hawthorn-center-dr/CjQXKCskSgya2K_OGOpMRQ,lake-forest-illinois
https://www.ubereats.com/chicago/food-delivery/dunkin-700-e-us-highway-45/BHYz607mTeiDWXDMa3LVoQ,lake-forest-illinois
https://www.ubereats.com/chicago/food-delivery/jj-fish-and-chicken/u0RbiyCUTRGkNDAs0ACjgA,lake-forest-illinois
https://www.ubereats.com/chicago/food-delivery/noodles-%26-company-900-milwaukee-av-ste-a/UzGliDk2TUar0iKdEfjBxg,lake-forest-illinois
https://www.ubereats.com/chicago/food-delivery/las-palmas-mexican-restaurant/9I4TbrymQRCfSMx0IUFArA,lake-forest-illinois
https://www.ubereats.com/chicago/food-delivery/starbucks-deerfield-%26-waukegan-deerfield/idcrkLU-Soytge1yl9Wg_Q,lake-forest-illinois
https://www.ubereats.com/chicago/food-delivery/otooles-of-libertyville/H-UnFsveT8mOHznqsPu_7A,lake-forest-illinois
https://www.ubereats.com/chicago/food-delivery/dennys-3890-n-point-boulevard/JQ98Q47vQLyG9jQ1lbhP4A,lake-forest-illinois
https://www.ubereats.com/chicago/food-delivery/subway-225-e-deerpath-rd/zP5b8uTRSnWcAafrXQaFbQ,lake-forest-illinois
https://www.ubereats.com/chicago/food-delivery/the-left-bank/EzloWImuRRezfGkLrHA66w,lake-forest-illinois
https://www.ubereats.com/chicago/food-delivery/green-basil-thai/_n46g4dNQaaU2of4q-xOqQ,lake-forest-illinois
https://www.ubereats.com/chicago/food-delivery/ihop-2662-belvidere-rd/lWU7BEk2QaSHpm-kauCPbA,lake-forest-illinois
https://www.ubereats.com/chicago/food-delivery/pza-wheeling/jKQq9-r8TUSLcGp7deK0zw,lake-forest-illinois
https://www.ubereats.com/chicago/food-delivery/fodraks/hrFUdRueRhy87E29-n1zFw,lake-forest-illinois
https://www.ubereats.com/chicago/food-delivery/isaac-%26-moishes-deli/D7xn15NpRTWebFxpqkq9ww,lake-forest-illinois
https://www.ubereats.com/chicago/food-delivery/osaka-sushi-mundelein/Kyh8NeuKTdqD-KkmyqTV9Q,lake-forest-illinois
https://www.ubereats.com/chicago/food-delivery/melt-n-dip/5U-3SknXQKScuT6WJxt0Ng,lake-forest-illinois
https://www.ubereats.com/chicago/food-delivery/foodhaul-libertyville/TwBZVPCMTB-vf9gLK4933A,lake-forest-illinois
https://www.ubereats.com/chicago/food-delivery/dunkin-210-peterson-rd/z_lxmj_8SHm1ma60qr9q8Q,lake-forest-illinois
https://www.ubereats.com/chicago/food-delivery/five-guys-il-0523-701-n-milwaukee-ave/zuFUeFzkT4a9848jQZy1uA,lake-forest-illinois
https://www.ubereats.com/chicago/food-delivery/port-of-peri-peri/kozXIjneRFOVA_MX7lfDdQ,lake-forest-illinois
https://www.ubereats.com/chicago/food-delivery/nachos-tacos-place/cwZbJNIxT7O-VBpsGzPo4Q,lake-forest-illinois
https://www.ubereats.com/chicago/food-delivery/pita-inn-mundelein/Ggq62jj2TDKEv96xMQCjHQ,lake-forest-illinois
https://www.ubereats.com/chicago/food-delivery/kfc-700-n-milwaukee-ave/DrEYe75jRu20TVVQEgE_yg,lake-forest-illinois
https://www.ubereats.com/chicago/food-delivery/salt-creek-tacos/6RngTbP9RRqqnej9oD1QVg,lake-forest-illinois
https://www.ubereats.com/chicago/food-delivery/potbelly-sandwich-shop-wheeling-%7C-143/x37vw5M3Tpyg6ryFUzJauw,lake-forest-illinois
https://www.ubereats.com/chicago/food-delivery/papa-johns-1321-north-green-bay-road/-HwfZRp9TzmKPrvS4lBZMg,lake-forest-illinois
https://www.ubereats.com/chicago/food-delivery/jamba-juice-700-n-milwaukee-ave-ste-144/o6beaCGLTx6KbJasJhzigA,lake-forest-illinois
https://www.ubereats.com/chicago/food-delivery/ihop-700-n-milwaukee-ave/cNIuBYMNTIKigjCwc9isYA,lake-forest-illinois
https://www.ubereats.com/chicago/food-delivery/dunkin-2900-belvidere-rd/bSori5ZuSPqtO5oeYvxF8g,lake-forest-illinois
https://www.ubereats.com/chicago/food-delivery/little-tails-sports-bar/XO6eJvD_RHqaCurT0YHfqA,lake-forest-illinois
https://www.ubereats.com/chicago/food-delivery/subway-1400-s-butterfield-rd/19AwbeCrQAu3m2td3QW_sg,lake-forest-illinois
https://www.ubereats.com/chicago/food-delivery/mod-pizza-buffalo-grove/xNlcTqpxSs--_jJfdGVCJw,lake-forest-illinois
https://www.ubereats.com/chicago/food-delivery/pf-changs-1819-lake-cook-rd/ukWo2TyURRCXOvDAp8w4NA,lake-forest-illinois
https://www.ubereats.com/chicago/food-delivery/green-town-tavern/iBJuGjdJTgq_CiDL68OOPA,lake-forest-illinois
https://www.ubereats.com/chicago/food-delivery/mcalisters-deli-663-lake-cook-road/NnWnteSNQGy3rIZ6FnrBCg,lake-forest-illinois
https://www.ubereats.com/chicago/food-delivery/new-china/OmxivXd-Q2K6aigdFstzSg,lake-forest-illinois
https://www.ubereats.com/chicago/food-delivery/jersey-mikes-subs-waukegan-%26-lakehurst/sx3OfZ7uQxuhLU7asMJA1w,lake-forest-illinois
https://www.ubereats.com/chicago/food-delivery/bangkok-tokyo-restaurant/plsLuOWDQjGGJIxB_k2bmA,lake-forest-illinois
https://www.ubereats.com/chicago/food-delivery/lao-sze-chuan-highland-park/Zecq3eNySzqZBOEtGf5e2Q,lake-forest-illinois
https://www.ubereats.com/chicago/food-delivery/hyderabad-house/jajENJ8dRNG2WQC13WPApA,lake-forest-illinois
https://www.ubereats.com/chicago/food-delivery/mcdonalds-townline-%26-lake/plrqe-8vRy6E5xt9KC7qKw,lake-forest-illinois
https://www.ubereats.com/chicago/food-delivery/gojos-cafe-%26-pancake-house/8H5owm_rSr6EdP6eEI6g5w,lake-forest-illinois
https://www.ubereats.com/chicago/food-delivery/dennys-890-milwaukee-avenue/iL6p9oaYQRuRO_jB2NVyiA,lake-forest-illinois
https://www.ubereats.com/chicago/food-delivery/meatheads-lake-bluff/6WxfuKMiTsW05lhQcYSezA,lake-forest-illinois
https://www.ubereats.com/chicago/food-delivery/the-claim-company-of-vernon-hills/XgRjDch6T9Wq1DWZboJODg,lake-forest-illinois
https://www.ubereats.com/chicago/food-delivery/dunkin-422-washington-st/5g8eVR6XR3a16oFNZZQK1w,lake-forest-illinois
https://www.ubereats.com/chicago/food-delivery/garden-berry-cafe/5xhsL59-STmmmWljSaXX7w,lake-forest-illinois
https://www.ubereats.com/chicago/food-delivery/jersey-mikes-subs-mchenry-%26-lake-cook/9Fo9O8R_SBeArPfDuRZk2w,lake-forest-illinois
https://www.ubereats.com/chicago/food-delivery/ram-restaurant-%26-brewery-wheeling/aSEC9P2WSROZnP5airqM5w,lake-forest-illinois
https://www.ubereats.com/chicago/food-delivery/halsted-street-deli/k6XeKC0fSxi4dtUtpTxBiA,lake-forest-illinois
https://www.ubereats.com/chicago/food-delivery/ravinia-brewing-company/d1i497D-Q0CXeHSTcD3QFQ,lake-forest-illinois
https://www.ubereats.com/chicago/food-delivery/starbucks-aptakisic-%26-buffalo-grove-rd/G2rVtIFAQ_ilh-4PzIpz5Q,lake-forest-illinois
https://www.ubereats.com/chicago/food-delivery/rosatis-pizza-mundelein/BX5pb6KZTku2bfoaoMldCw,lake-forest-illinois
https://www.ubereats.com/chicago/food-delivery/la-poblanita-bakery-inc/fphW6t72TN6aEk_wzDneJw,lake-forest-illinois
https://www.ubereats.com/chicago/food-delivery/himalayan-sherpa-kitchen/TDQrJ45eTO-kaz7n5IkdyQ,lake-forest-illinois
https://www.ubereats.com/chicago/food-delivery/georges-gyros/zX5XulfKTp-S9NNOQ6vL-w,lake-forest-illinois
https://www.ubereats.com/chicago/food-delivery/starbucks-milwaukee-%26-greggs-pkwy/JD6eOHMdSBe08CPtMJa1uQ,lake-forest-illinois
https://www.ubereats.com/chicago/food-delivery/tortorices-pizza-buffalo-grove/bdnojI8uQQSH4-xe6gozOw,lake-forest-illinois
https://www.ubereats.com/chicago/food-delivery/dairy-queen-treat-712-s-lake-st/qIwoQ_7JSmiijaWhpPs-4w,lake-forest-illinois
https://www.ubereats.com/chicago/food-delivery/butterfields-northbrook/3dVnn3mUR-qo3E-i4ld3rw,lake-forest-illinois
https://www.ubereats.com/chicago/food-delivery/froggys/NsCUGWwNStmux1XxRj9wkA,lake-forest-illinois
https://www.ubereats.com/chicago/food-delivery/cold-stone-creamery-281-w-townline-rd-ste-110/dbZE_mAHQ76vORf0NXDirw,lake-forest-illinois
https://www.ubereats.com/chicago/food-delivery/beerhead-bar-%26-eatery-milwaukee-%26-us-45/G-SJ4qVrRGGfiKugN9OhNA,lake-forest-illinois
https://www.ubereats.com/chicago/food-delivery/zocalo-bar-%26-grill-co/e4BCoYRIQtaDwBgvE4587A,lake-forest-illinois
https://www.ubereats.com/chicago/food-delivery/woodfire-tavern/A5FwFCk0RTe9HWOtEhugwg,lake-forest-illinois
https://www.ubereats.com/chicago/food-delivery/francescas-north/aPfK2QIbQFKxO_QFggEJNA,lake-forest-illinois
https://www.ubereats.com/chicago/food-delivery/chipotle-mexican-grill-139-n-milwaukee-ave/wBhsq1ExSy6XyU4eCqKn4w,lake-forest-illinois
https://www.ubereats.com/chicago/food-delivery/cherry-pit-cafe/7t_jQjoJSx2RQP-8jWjmPA,lake-forest-illinois
https://www.ubereats.com/chicago/food-delivery/starbucks-vernon-hills-rte-45-%26-21/0wsVEK9JS4mr_y_-dK9Wyg,lake-forest-illinois
https://www.ubereats.com/chicago/food-delivery/mickey-finns-brewery/MM1MO1_ZQ--8BV8g7da2uQ,lake-forest-illinois
https://www.ubereats.com/chicago/food-delivery/dunkin-1996-2nd-st/e_-4qgTqQFeHmZNbMM2CSQ,lake-forest-illinois
https://www.ubereats.com/chicago/food-delivery/unwined-of-long-grove/zN-yLQ5OTAiWe26KqEiNvw,lake-forest-illinois
https://www.ubereats.com/chicago/food-delivery/starbucks-waukegan-%26-lake-cook-deerfield/G0xQS8GhS7-bLVhMg7hFzg,lake-forest-illinois
https://www.ubereats.com/chicago/food-delivery/jersey-mikes-subs-waukegan-%26-half-day/tnF4AXZFR22u08Uf1PH48g,lake-forest-illinois
https://www.ubereats.com/chicago/food-delivery/main-street-social/LC4QGKQdQrGDUCtcXFGlhw,lake-forest-illinois
https://www.ubereats.com/chicago/food-delivery/chipotle-mexican-grill-675-deerfield-rd-ste-120/eNoWnGxlTKyRcJBuwDlmWw,lake-forest-illinois
https://www.ubereats.com/chicago/food-delivery/buffalo-wild-wings-361-w-townline-rd/eZiEz2pxS3SVpZg27o689Q,lake-forest-illinois
https://www.ubereats.com/chicago/food-delivery/bills-pizza-%26-pub/ndGpeUKCRua0vWCYji0CNw,lake-forest-illinois
https://www.ubereats.com/chicago/food-delivery/uncle-julios-vernon-hills/oS4-Jv2fRz6QiSVts-nMlA,lake-forest-illinois
https://www.ubereats.com/chicago/food-delivery/yus-mandarin-vernon-hills/qo33b1GyTSyyORGm6qxz2Q,lake-forest-illinois
https://www.ubereats.com/chicago/food-delivery/chipotle-mexican-grill-940-s-waukegan-rd/QEVdyPa6R8-OBHutiLH1IA,lake-forest-illinois
https://www.ubereats.com/chicago/food-delivery/jets-pizza-wheeling/4jlJPoBoTT6HH_-4xV4N7A,lake-forest-illinois
https://www.ubereats.com/chicago/food-delivery/francescas-intimo/2Mz8Ed5VSY-ad7QGQEVQfQ,lake-forest-illinois
https://www.ubereats.com/chicago/food-delivery/el-tradicional-mexican-restaurant-%26-cantina/cyjdIQh2T5-kawIYnG-dgw,lake-forest-illinois
https://www.ubereats.com/chicago/food-delivery/dunkin-499-lake-cook-rd/paIcrdEJTM-N2y5PUWGlvw,lake-forest-illinois
https://www.ubereats.com/chicago/food-delivery/panda-express-13783-w-oasis-service-rd-space-%23113b/sakqGgEnQLyOfiWJupYDUA,lake-forest-illinois
https://www.ubereats.com/chicago/food-delivery/starbucks-18-n-waukegan-rd-lake-bluff/G9F7q0qZQ1GYKvjRCTkEXQ,lake-forest-illinois
https://www.ubereats.com/chicago/food-delivery/grayslake-italian-ovens/0NPk73-XTiK1vJyzg8UtpQ,lake-forest-illinois
https://www.ubereats.com/chicago/food-delivery/biryani-pointe/XwxWslfcTFeF9ScUjayVIw,lake-forest-illinois
https://www.ubereats.com/chicago/food-delivery/big-norms/Bf9sAc_oRdCv635st6OADg,lake-forest-illinois
https://www.ubereats.com/chicago/food-delivery/mumbai-tandoor/_EmoI6h5SjusdJWDuRdU9w,lake-forest-illinois
https://www.ubereats.com/chicago/food-delivery/salsa-street-mexican-restaurant/p7Dk1Uq0S1KZzgp4FTLpZQ,lake-forest-illinois
https://www.ubereats.com/chicago/food-delivery/osteria-trulli/4snQSHH8RL-RTDMEKHyq8w,lake-forest-illinois
https://www.ubereats.com/chicago/food-delivery/dunkin-435-milwaukee-ave/FDYD5dvXST26VqeykF2_YA,lake-forest-illinois
https://www.ubereats.com/chicago/food-delivery/di-pescara-northbrook-court-mall/-VF24YeMS92oVxwSqe4lww,lake-forest-illinois
https://www.ubereats.com/chicago/food-delivery/arbys-2539-greenbay-rd/vW6U2jPMS_WO4iGgKFa_aA,lake-forest-illinois
https://www.ubereats.com/chicago/food-delivery/mcdonalds-lake-%26-division/9cY7F6gtS5G_p_YQZgpxoA,lake-forest-illinois
https://www.ubereats.com/chicago/food-delivery/new-china-chef-%E5%AE%B6%E8%88%88/qIQMTWVsQHOgP8DCqLhFUQ,lake-forest-illinois
https://www.ubereats.com/chicago/food-delivery/saranellos/heCN9yjmTqW8i1mtFz2Zig,lake-forest-illinois
https://www.ubereats.com/chicago/food-delivery/tacos-el-norte/KMouIDnfTqmGPr0hhtCqAg,lake-forest-illinois
https://www.ubereats.com/chicago/food-delivery/hwang-dae-gham/gkvV3mpfRUSHBu2QGGrzkw,lake-forest-illinois
https://www.ubereats.com/chicago/food-delivery/kuro-bistro/vJa7BSGHTcu5HRwmsvVVGQ,lake-forest-illinois
https://www.ubereats.com/chicago/food-delivery/fried-egg-cafe/VkHy14dkTRG1U1x005bhJg,lake-forest-illinois
https://www.ubereats.com/chicago/food-delivery/oscar-lees-barbecue/vh0TOkS9SnCzAiRaUx17jg,lake-forest-illinois
https://www.ubereats.com/chicago/food-delivery/royalthai/48vuGNxQSl-I_0ipunQkbA,lake-forest-illinois
https://www.ubereats.com/chicago/food-delivery/sarpinos-pizzeria-2017-milwaukee-ave/HKtW1bi_R4ud5TL85ZmlYg,lake-forest-illinois
https://www.ubereats.com/chicago/food-delivery/bo-bos-gyros-and-hot-dogs/A-w_tMW0Qdm4DrrRsVyreA,lake-forest-illinois
https://www.ubereats.com/chicago/food-delivery/idof-i-dream-of-falafel-vernon-hills/VFC7GhjYQxm4wMJGojivhg,lake-forest-illinois
https://www.ubereats.com/chicago/food-delivery/juans-chuck-wagon-restaurant/GRox6D7QRsmq-UZlJzr3kA,lake-forest-illinois
https://www.ubereats.com/chicago/food-delivery/bonta/Cdk5bjzoReGtviFDGJ7pZQ,lake-forest-illinois
https://www.ubereats.com/chicago/food-delivery/giuseppes-pizza/ggyy4m9eRb6SYOnF-0F3uA,lake-forest-illinois
https://www.ubereats.com/chicago/food-delivery/chipotle-mexican-grill-945-rockland-rd-ste-a/P1zHovmPRbi4-mIMAb5Aaw,lake-forest-illinois
https://www.ubereats.com/chicago/food-delivery/sushi-house/_tBo4m4HSm2WALtsRLEzRg,lake-forest-illinois
https://www.ubereats.com/chicago/food-delivery/jamesons-charhouse/tJDBdnfRTladnJePisu8Ow,lake-forest-illinois
https://www.ubereats.com/chicago/food-delivery/popeyes-green-bay-%26-mlk/x0AiCEN2SGyw5YFAypW55g,lake-forest-illinois
https://www.ubereats.com/chicago/food-delivery/sbarro-13783-w-oasis-service-rd/kaPVF-aKQqeqQjOIyXtOWw,lake-forest-illinois
https://www.ubereats.com/chicago/food-delivery/madras-kafe/QloEJDmITRuLudoZDbVWew,lake-forest-illinois
https://www.ubereats.com/chicago/food-delivery/strawberry-field-pancakes-%26-cafe/sOSfjh99TCGGjLZy2Ajz5A,lake-forest-illinois
https://www.ubereats.com/chicago/food-delivery/kfc-2200-green-bay-road/qo9kAMGiQMqGDFmZRzKgxg,lake-forest-illinois
https://www.ubereats.com/chicago/food-delivery/quiznos-maple/aY0DK6YkT_uxERQlca1QKg,lake-forest-illinois
https://www.ubereats.com/chicago/food-delivery/panda-express-252-east-townline-road/lTAFi5IASLSK2u3eHUPd8Q,lake-forest-illinois
https://www.ubereats.com/chicago/food-delivery/melt-gelato-%26-crepe-caffe/idANke7uRXm9ZFb0xWkGbw,lake-forest-illinois
https://www.ubereats.com/chicago/food-delivery/wildfire-lincolnshire/4MBGRetkSR-mB8X3qlVkog,lake-forest-illinois
https://www.ubereats.com/chicago/food-delivery/suzys-swirl/40cqnF0RSSqenMkG8249cw,lake-forest-illinois
https://www.ubereats.com/chicago/food-delivery/bake-homemade-pizza-e-deerpath/xDdI48GuQ9i6yLGBH-qn0A,lake-forest-illinois
https://www.ubereats.com/chicago/food-delivery/haku-sushi-%26-bar/Jo1SdJNrRA67UQABD8k_bA,lake-forest-illinois
https://www.ubereats.com/chicago/food-delivery/dunkin-215-e-dundee-rd/vE7dagkITJyYDpYL5RYAyg,lake-forest-illinois
https://www.ubereats.com/chicago/food-delivery/casa-de-isaac/9LCk8nanRpWyT7kfuPekzw,lake-forest-illinois
https://www.ubereats.com/chicago/food-delivery/jersey-mikes-subs-milwaukee-%26-greggs/Rd2jxwmnSWG962Q0ZyWzEg,lake-forest-illinois
https://www.ubereats.com/chicago/food-delivery/cafe-zupas-887-n-milwaukee-ave/zwpEtt3DQmiRQPXzjS6a2Q,lake-forest-illinois
https://www.ubereats.com/chicago/food-delivery/oshio-sushi-%26-steakhouse/JK1UjIahTI-0wYPQ9_pUKQ,lake-forest-illinois
https://www.ubereats.com/chicago/food-delivery/potbelly-sandwich-shop-buffalo-grove-dt-%7C-443/qEUlY9_mT8Gw3vNpFkSUAA,lake-forest-illinois
https://www.ubereats.com/chicago/food-delivery/subway-3014-belvidere-rd/9BNAdPCcRdacoNSuH3oQiA,lake-forest-illinois
https://www.ubereats.com/chicago/food-delivery/little-caesars-534-w-dundee-rd/eakQF-AYR8C6bOyaTnZzTA,lake-forest-illinois
https://www.ubereats.com/chicago/food-delivery/rosatis-pizza-101-e-townline-rd/yu7eLl0VQFaQdqM71KuMew,lake-forest-illinois
https://www.ubereats.com/chicago/food-delivery/rockys-bites/244dwW3ZSe6BUjIosgKQiQ,lake-forest-illinois
https://www.ubereats.com/chicago/food-delivery/cluckers-charcoal-chicken/LVLJDN3tQm24O5IyRlXXGw,lake-forest-illinois
https://www.ubereats.com/chicago/food-delivery/grill-house/Lc9hsa0jROuTthgTR5h5ug,lake-forest-illinois
https://www.ubereats.com/chicago/food-delivery/upper-crust-bagels/DSLHQm2_Tv6HtOUc4LpMFA,lake-forest-illinois
https://www.ubereats.com/chicago/food-delivery/pizanoz-pizza/AzwD9zdNQ2ykKigq1fi9Aw,lake-forest-illinois
https://www.ubereats.com/chicago/food-delivery/dunkin-1179-w-park-ave/LQOnbtbASvisHfgwq79VHw,lake-forest-illinois
https://www.ubereats.com/chicago/food-delivery/dunkin-1990-skokie-valley-rd/mRguoFmMTDa-XjqC0BZa1w,lake-forest-illinois
https://www.ubereats.com/chicago/food-delivery/taco-bell-1308-n-milwaukee-ave/YUAYL2dsQRO13YVYBIke9Q,lake-forest-illinois
https://www.ubereats.com/chicago/food-delivery/mcdonalds-milwaukee-%26-walnut/VTVgI3dPSNGz6HOGb0WeRw,lake-forest-illinois
https://www.ubereats.com/chicago/food-delivery/noodles-%26-company-110-s-waukegan-ste-110c/oo9QOHd3R3G27e3X9HepzA,lake-forest-illinois
https://www.ubereats.com/chicago/food-delivery/the-port-of-peri-peri-buffalo-grove/OSv1y-SzTgucse35UiehLg,lake-forest-illinois
https://www.ubereats.com/chicago/food-delivery/starbucks-waukegan-%26-lakehurst-waukegan/MmzQNl4EQlK16mbuodZnpA,lake-forest-illinois
https://www.ubereats.com/chicago/food-delivery/el-famous-burrito-wheeling/VA-Ry5TBS7maHuWcXudT1A,lake-forest-illinois
https://www.ubereats.com/chicago/food-delivery/fatman-pizza-pub/vAkscULSTYiC8Yfbl8m9RA,lake-forest-illinois
https://www.ubereats.com/chicago/food-delivery/subway-444-n-lake-st/BDyhHqK7QHG6Es_i_8uvVg,lake-forest-illinois
https://www.ubereats.com/chicago/food-delivery/garden-berry-cafe/Ltpke1ICS56xQrhvtnvruw,lake-forest-illinois
https://www.ubereats.com/chicago/food-delivery/foss-park-cuisine/l2vlZ_d-SFe9rB3Tv1RZfQ,lake-forest-illinois
https://www.ubereats.com/chicago/food-delivery/guss-greek-kitchen/pjcxLo76TGagS8lNi_Cizg,lake-forest-illinois
https://www.ubereats.com/chicago/food-delivery/subway-185-nmilwaukee-ave-suite-110/H6KIrTT4RjOxik2OC7bTYw,lake-forest-illinois
https://www.ubereats.com/chicago/food-delivery/blue-house-korean-bbq/pXZMpGLhTo61Em2wiK3AiA,lake-forest-illinois
https://www.ubereats.com/chicago/food-delivery/buca-di-beppo-wheeling/F5My0eydTSKel0h6pM5NBg,lake-forest-illinois
https://www.ubereats.com/chicago/food-delivery/the-taproom/Q7QF_SviSSOZPBlKH6n9AA,lake-forest-illinois
https://www.ubereats.com/chicago/food-delivery/dennys-2063-skokie-valley/dJp8-PVpToWB6PdgL6vrTQ,lake-forest-illinois
https://www.ubereats.com/chicago/food-delivery/chipotle-mexican-grill-375-n-milwaukee-ave-ste-100/ZHRoy83vT5Sr4_lGmeY2RA,lake-forest-illinois
https://www.ubereats.com/chicago/food-delivery/la-casa-de-isaac-%26-moishe/FC63HKUdTrmYuwPs3ZEzOw,lake-forest-illinois
https://www.ubereats.com/chicago/food-delivery/mcdonalds-waukegan-%26-half-day/c4_ajYTgTsyFf2KDDV8mGA,lake-forest-illinois
https://www.ubereats.com/chicago/food-delivery/jacks-pizzeria-%26-burgers/y96cGpv0T8mq309w43CBoA,lake-forest-illinois
https://www.ubereats.com/chicago/food-delivery/calzone-%26-macaroni-co/Kmw3td74RaivvbQiuQUlXw,lake-forest-illinois
https://www.ubereats.com/chicago/food-delivery/salernos-pizzeria-%26-bar/4mS2cKK9SI2cJoisw3x5kg,lake-forest-illinois
https://www.ubereats.com/chicago/food-delivery/el-buren-caribbean-cuisine/tMFNcoCFR_qQOlZin_53xQ,lake-forest-illinois
https://www.ubereats.com/chicago/food-delivery/bills-pizza-%26-pub-north/umOdiJsiT-q7yYXsBhruSQ,lake-forest-illinois
https://www.ubereats.com/chicago/food-delivery/simply-thai/JD5dLufcRK-LcpYYVNeI7A,lake-forest-illinois
https://www.ubereats.com/chicago/food-delivery/players-grill/4eMgi858Q5WzG1ewYIgRQw,lake-forest-illinois
https://www.ubereats.com/chicago/food-delivery/charleys-philly-steaks-904-hawthorn-ctr/MGnhExc4SPebMwt63PhjTQ,lake-forest-illinois
https://www.ubereats.com/chicago/food-delivery/dunkin-3925-fountain-square-place/wk3m5OpBRDeEzmYXUbv2YQ,lake-forest-illinois
https://www.ubereats.com/chicago/food-delivery/andys-house/mb8XMUOaR7mvWAiQjCRILw,lake-forest-illinois
https://www.ubereats.com/chicago/food-delivery/mcalisters-deli-townline-%26-aspen/QVkbTpILSpSOD-9fHm6QJw,lake-forest-illinois
https://www.ubereats.com/chicago/food-delivery/purple-sprout-cafe-dundee-rd/afuwq2QrSoe7xe3eyvjaog,lake-forest-illinois
https://www.ubereats.com/chicago/food-delivery/taco-bell-906-hawthorn-center/JaLCe5-dR-CM6qi2Cn7Ciw,lake-forest-illinois
https://www.ubereats.com/chicago/food-delivery/wing-squad-wheeling/mBCOw394SJqxJ4ntOuQb6Q,lake-forest-illinois
https://www.ubereats.com/chicago/food-delivery/taco-bell-2015-s-lake-st/AWSWSp6lQceiBk2oEZkjPQ,lake-forest-illinois
https://www.ubereats.com/chicago/food-delivery/dunkin-1697-weiland-rd-cpl/adwOJ_y-TEavh5Ti6PJuyg,lake-forest-illinois
https://www.ubereats.com/chicago/food-delivery/boston-market-150-n-mchenry-road/16ThiJk4QXCQNxGH5N8jSg,lake-forest-illinois
https://www.ubereats.com/chicago/food-delivery/cafe-zupas-711-deerfield-rd/1IZzxfYcTWKUFFzUulZAIA,lake-forest-illinois
https://www.ubereats.com/chicago/food-delivery/7spices/HHcNS9lsRJGDZO1JBN0Iog,lake-forest-illinois
https://www.ubereats.com/chicago/food-delivery/shake-shack-864-e-townline-rd/u6j4KUUNTZ2bb9JhVdx9rg,lake-forest-illinois
https://www.ubereats.com/chicago/food-delivery/mcdonalds-sheridan-%26-old-elm/ob2KqzGwQ2elwg7isQpe6g,lake-forest-illinois
https://www.ubereats.com/chicago/food-delivery/dunkin-620-n-western-ave/MLEUSIc1RAK5XGjtgYDPfw,lake-forest-illinois
https://www.ubereats.com/chicago/food-delivery/judys-pizzeria/YzkKP2yYTkeqTUuFkzsHXg,lake-forest-illinois
https://www.ubereats.com/chicago/food-delivery/lazy-dog-restaurant-%26-bar-vernon-hills/ezoQjQhHQ3irrnRoPEKNeA,lake-forest-illinois
https://www.ubereats.com/chicago/food-delivery/dunkin-749-n-milwaukee-ave-c-100/_ZrYhD4bTJupjEVMMVpGWQ,lake-forest-illinois
https://www.ubereats.com/chicago/food-delivery/chiefs-pub/FLqbfJViQSacwkVJy1TYjw,lake-forest-illinois
https://www.ubereats.com/chicago/food-delivery/burger-king-1520-south-lake-street/hiKtHXqaQ3OQDxX5yg8m_A,lake-forest-illinois
https://www.ubereats.com/chicago/food-delivery/mcdonalds-milwaukee-%26-half-day/ap_qbTppT86TvaXo4xCGgg,lake-forest-illinois
https://www.ubereats.com/chicago/food-delivery/dangelas-dumplings/dzwUMp8lS0G1RZh0XgBb2Q,lake-forest-illinois
https://www.ubereats.com/chicago/food-delivery/rockys-pizzeria-waukegan/kZCRPMthQoKmxeDiB-Ufig,lake-forest-illinois
https://www.ubereats.com/chicago/food-delivery/flambe-india/Bo8rbiczRo20dqT6_fUp-Q,lake-forest-illinois
https://www.ubereats.com/chicago/food-delivery/lukes-of-lake-bluff/cTaz_4sTQRGZLUnZK41zIQ,lake-forest-illinois
https://www.ubereats.com/chicago/food-delivery/papa-johns-buffalo-grove/61hbd974QSilO3E8HaQSWg,lake-forest-illinois
https://www.ubereats.com/chicago/food-delivery/downings/amNQvRcUSC25DIsUw7BlyQ,lake-forest-illinois
https://www.ubereats.com/chicago/food-delivery/backyard-grill-2nd-st-%26-central/CVNaN0RtS8W66T7u0EPL2w,lake-forest-illinois
https://www.ubereats.com/chicago/food-delivery/wajo-sushi/fqpEJpE3SIqwnTYDPzyj2Q,lake-forest-illinois
https://www.ubereats.com/chicago/food-delivery/king-shabu-shabu/URTPbKMXTmKfWOVpCPURnw,lake-forest-illinois
https://www.ubereats.com/chicago/food-delivery/cinnabon/TKuwYwVsQraqA_XBq-35zA,lake-forest-illinois
https://www.ubereats.com/chicago/food-delivery/kegon-japanese-steak-and-sushi/uCLyZn9VRW6k8W-uOpYJcQ,lake-forest-illinois
https://www.ubereats.com/chicago/food-delivery/pastabilities/-PBP-jbIRe68PF-6UTm9pA,lake-forest-illinois
https://www.ubereats.com/chicago/food-delivery/taco-bell-2780-belvidere-rd/osLSmI89R_Oxb51NFIeCyg,lake-forest-illinois
https://www.ubereats.com/chicago/food-delivery/subway-1630-deerfield-rd/hDbEs40-R7qQDJbuZqQZBA,lake-forest-illinois
https://www.ubereats.com/chicago/food-delivery/potbelly-sandwich-shop-highland-park-%7C-42/ynAMY3lgR7SJrLZaucDYaQ,lake-forest-illinois
https://www.ubereats.com/chicago/food-delivery/kfc-taco-bell-150-e-dundee-road/S1JjUSsPShG0h95bT_Y2FQ,lake-forest-illinois
https://www.ubereats.com/chicago/food-delivery/rosatis-pizza-gurnee/9HZyHdMqQYyD02-it2ejXA,lake-forest-illinois
https://www.ubereats.com/chicago/food-delivery/mod-pizza-vernon-hills/CXBrqWkcSfSru_nLe4fqNQ,lake-forest-illinois
https://www.ubereats.com/chicago/food-delivery/asian-central-kitchen/O932T3LXRK2qToufm53oLQ,lake-forest-illinois
https://www.ubereats.com/chicago/food-delivery/double-d-pizza/3ZS9vjT1SyWTY9EvKwdYnQ,lake-forest-illinois
https://www.ubereats.com/chicago/food-delivery/pivot-room-by-whirlyball-center-dr/OaJA0_M9Q0yD5G2cU5QEKQ,lake-forest-illinois
https://www.ubereats.com/chicago/food-delivery/primo-italian-american-cuisine/ITkCRM4UR_6x_wTxk--7RA,lake-forest-illinois
https://www.ubereats.com/chicago/food-delivery/emils-sports-bar-%26-pizza/78anGCu3QCyxGeLh9XnwKw,lake-forest-illinois
https://www.ubereats.com/chicago/food-delivery/the-authentic-cheese-bread-co/kHrZqQiMTKOPDDSMHsVYuA,lake-forest-illinois
https://www.ubereats.com/chicago/food-delivery/ra-sushi-wheeling/ceIF6WJ9QUiYSRXwTjJ6bw,lake-forest-illinois
https://www.ubereats.com/chicago/food-delivery/wrap-it-up-sandwiches-soups-%26-more/HsXqviNmTPqr3OO23VRg8w,lake-forest-illinois
https://www.ubereats.com/chicago/food-delivery/golden-kitchen-butterfield/r-F8QtA3TlqTL3zJLm3CYw,lake-forest-illinois
https://www.ubereats.com/chicago/food-delivery/cafe-dacha/LxuUNV8aSXOFOi_XHw5apQ,lake-forest-illinois
https://www.ubereats.com/chicago/food-delivery/starbucks-waukegan-rd-%26-everett-lake-forest/bR0jiW_kQW-6IsVVUAihUA,lake-forest-illinois
https://www.ubereats.com/chicago/food-delivery/the-picnic-basket/tw4nqYsYT5OvJHmCJ9bCGg,lake-forest-illinois
https://www.ubereats.com/chicago/food-delivery/big-bowl-lincolnshire/7Zfj3CH7RWmeDvPzWaTQMQ,lake-forest-illinois
https://www.ubereats.com/chicago/food-delivery/rivaj-indian-cuisine/RM3IM67uSnm59bZ1fwtMDg,lake-forest-illinois
https://www.ubereats.com/chicago/food-delivery/knighthawk-burger-bistro/-9Z-V3S7Qc2_8CoetHky_g,lake-forest-illinois
https://www.ubereats.com/chicago/food-delivery/qdoba-townline-%26-milwaukee/RUBiUwFTQDqeQqDXGbErEg,lake-forest-illinois
https://www.ubereats.com/chicago/food-delivery/on-the-border-vernon-hills/4anXpiQMQaC_VJ_NQE8euA,lake-forest-illinois
https://www.ubereats.com/chicago/food-delivery/ararat/-IspppbSQUCsqD_h5Rg4ag,lake-forest-illinois
https://www.ubereats.com/chicago/food-delivery/golosinas-el-encanto/mcY18hapSGeuKeQcVltApQ,lake-forest-illinois
https://www.ubereats.com/chicago/food-delivery/potbelly-sandwich-shop-deerfield-%7C-8/n0LXjViFRm-iH5qPzmtkHg,lake-forest-illinois
https://www.ubereats.com/chicago/food-delivery/starbucks-milwaukee-%26-rte-137-libertyville/_r00kRC7TpKU7bdyq8aQrQ,lake-forest-illinois
https://www.ubereats.com/chicago/food-delivery/phoenicia-mediterranean-restaurant/lmwz4dRhSaWkucAq44q4wg,lake-forest-illinois
https://www.ubereats.com/chicago/food-delivery/dairy-queen-treat-13783-w-oasis-service-rd/pRdLynz1S6qCTe_yH0ikcg,lake-forest-illinois
https://www.ubereats.com/chicago/food-delivery/chipotle-mexican-grill-1572-e-lake-cook-rd/4udA19C-RWKhJjLSpYCOsQ,lake-forest-illinois
https://www.ubereats.com/chicago/food-delivery/disotto/1sy4Gl-WTjGPpi8TDDbzKA,lake-forest-illinois
https://www.ubereats.com/chicago/food-delivery/mambo-italiano/5sAD3EJ3RqKewGtCmRzuyg,lake-forest-illinois
https://www.ubereats.com/chicago/food-delivery/potbelly-sandwich-shop-vernon-hills-%7C-81/6BbNBnO2QlmL27VH65h91A,lake-forest-illinois
https://www.ubereats.com/chicago/food-delivery/maxs-dawg-house/rHJzCbIEQOSv0Bz0YPdT-Q,lake-forest-illinois
https://www.ubereats.com/chicago/food-delivery/dunkin-13783-w-oasis-service-rd-mobil-gas-station/4klRzH_VRMSVaqzGv3OqyQ,lake-forest-illinois
https://www.ubereats.com/chicago/food-delivery/wendys-3101-belvedere/KFGB7P4MQp2aK-eTTIRyfQ,lake-forest-illinois
https://www.ubereats.com/chicago/food-delivery/dunkin-346-n-lake-st/VqnAXcBmTe-G0vehgbCoXA,lake-forest-illinois
https://www.ubereats.com/chicago/food-delivery/kfc-taco-bell-13783-west-oasis-service-road/meGZrY_1TMqa8A9_YiUTPg,lake-forest-illinois
https://www.ubereats.com/chicago/food-delivery/aroma-indian-cuisine/sYgWsIjvRC6Kkp9Rc0xYLg,lake-forest-illinois
https://www.ubereats.com/chicago/food-delivery/viet-taste-libertyville/YrnU4bWaRhyQv39r8X0BaA,lake-forest-illinois
https://www.ubereats.com/chicago/food-delivery/georges-gyros-waukegan/DxbNSKv8SRuZ4M3uyig5KA,lake-forest-illinois
https://www.ubereats.com/chicago/food-delivery/noodles-%26-company-700-n-milwaukee-unit-149/LpLHThjWTX-p029ke4WKnw,lake-forest-illinois
https://www.ubereats.com/chicago/food-delivery/dairy-queen-treat-600-central-ave-ste-113/YPKj6B9uQwuzWZADTd1Npg,lake-forest-illinois
https://www.ubereats.com/chicago/food-delivery/milwalky-taco/Ono7GRlLSPytMela-8CLmg,lake-forest-illinois
https://www.ubereats.com/chicago/food-delivery/starbucks-vernon-hills-rte-60-%26-aspen-dr/nkMp_4BJQHKRvpZhYZfetQ,lake-forest-illinois
https://www.ubereats.com/chicago/food-delivery/portillos-hot-dogs-700-lake-cook-rd/ZBc9C7HBSE2_UDjMji3Xdw,lake-forest-illinois
https://www.ubereats.com/chicago/food-delivery/sarpinos-pizzeria-34484-us-45/skv2DhwaR9yv65yV_xW4aA,lake-forest-illinois
https://www.ubereats.com/chicago/food-delivery/starbucks-1833-deerfield-rd-highland-park/D86rjTYPTJmY1Dq9Pp-G0A,lake-forest-illinois
https://www.ubereats.com/chicago/food-delivery/emilys-pancake-house-waukegan/-z_Wes_sR3GMNPfu3wwuGw,lake-forest-illinois
https://www.ubereats.com/chicago/food-delivery/simply-sushi/BNFgI4aSRzm0mDQSJbiNTw,lake-forest-illinois
https://www.ubereats.com/chicago/food-delivery/potbelly-sandwich-shop-lake-bluff-dt-%7C-381/Bw2fAwLCQOW3DSBDURJtNg,lake-forest-illinois
https://www.ubereats.com/chicago/food-delivery/marigold-maison/6h0CPsIDTLOyHEWNqeHCKQ,lake-forest-illinois
https://www.ubereats.com/chicago/food-delivery/red-robin-344-295-pkwy-dr/Py4bXRPWTpOfVxjzrlJbCQ,lake-forest-illinois
https://www.ubereats.com/chicago/food-delivery/subway-2302-n-green-bay-rd/NJXPTTPnTIili5i6Vso6Lw,lake-forest-illinois
https://www.ubereats.com/chicago/food-delivery/mama-sophias-subs/leXLzYGFT-2TAScnsqyIEw,lake-forest-illinois
https://www.ubereats.com/chicago/food-delivery/roti-modern-mediterranean-875-n-milwaukee-ave/cZZ4CiBnQaW45bGGOlpUXg,lake-forest-illinois
https://www.ubereats.com/chicago/food-delivery/tonys-subs/jc8_P3ZmSwemf1FoC2PKuA,lake-forest-illinois
https://www.ubereats.com/chicago/food-delivery/tasty-spin/RxyX-sEHT4iFzBNmA6Hdsg,lake-forest-illinois
https://www.ubereats.com/chicago/food-delivery/dolce-italian-restaurant-arlington-heights-rd/uITvr_k0RAuE-CrVQnCXvQ,lake-forest-illinois
https://www.ubereats.com/chicago/food-delivery/taco-%26-burrito-express/tR6A1caBRZqZ0M_W-leMfQ,lake-forest-illinois
https://www.ubereats.com/chicago/food-delivery/happi-sushi/Cr2iHf9vSACMiOW2cJAm1Q,lake-forest-illinois
https://www.ubereats.com/chicago/food-delivery/dunkin-119-n-milwaukee-ave-suite-106b/B_oYNQE2Ttqk_OTQ0xX7mg,lake-forest-illinois
https://www.ubereats.com/chicago/food-delivery/taco-bell-2566-skokie-valley-rd/Ws7Xy9wPRcSjiK4EyacQ8A,lake-forest-illinois
https://www.ubereats.com/chicago/food-delivery/mcdonalds-skokie-%26-bittersweet/RhihKUuQSwWzLTdzC6tqoA,lake-forest-illinois
https://www.ubereats.com/chicago/food-delivery/clayoven-tandoor-indian-grill-%26-bar/Awk347l-TwysdTrFUi1b4Q,lake-forest-illinois
https://www.ubereats.com/chicago/food-delivery/browns-chicken-northbrook/LvHSGUB5RUqVOh8xQwhoMw,lake-forest-illinois
https://www.ubereats.com/chicago/food-delivery/fines/deQFPpPJT2KD7IVGEi0ORg,lake-forest-illinois
https://www.ubereats.com/chicago/food-delivery/ramen-house-shinchan/vOFmIoKVSemHbJwIqmRd4Q,lake-forest-illinois
https://www.ubereats.com/chicago/food-delivery/the-armory-pizzeria-%26-grill/SkTs8IurQSS_re_EU69DDQ,lake-forest-illinois
https://www.ubereats.com/chicago/food-delivery/alexs-washington-gardens/Xyux6wGFTsWMvlIh6BQdpg,lake-forest-illinois
https://www.ubereats.com/chicago/food-delivery/mcdonalds-green-bay-%26-mlk/gOTcsp0kSXu_odKcr5Yj8w,lake-forest-illinois
https://www.ubereats.com/chicago/food-delivery/demetris/Xm_soLdiSBao9WhnNzM_zA,lake-forest-illinois
https://www.ubereats.com/chicago/food-delivery/stir-crazy-fresh-asian-grill-northbrook/IVIMbAXPT36TFvmQ01ZVrg,lake-forest-illinois
https://www.ubereats.com/chicago/food-delivery/holcomb-hollow/FqaLJ4VuRbawwjo6GKjIvg,lake-forest-illinois
https://www.ubereats.com/chicago/food-delivery/burrito-express/Ckh7Nk_KRZi6Dy6Y4Qvgow,lake-forest-illinois
https://www.ubereats.com/chicago/food-delivery/taqueria-los-comales-mcaree-%26-grand/78ih5pq2T1m_F014ZROa7Q,lake-forest-illinois
https://www.ubereats.com/chicago/food-delivery/jj-fish-%26-chicken-1327-s-lewis-ave/TzgFQhIbQIqgxJg0iLSwPg,lake-forest-illinois
https://www.ubereats.com/chicago/food-delivery/fairgrounds-coffee-%26-tea-vernon-hills/f4t_N1A1Tzq7Sw1SlCwuXQ,lake-forest-illinois
https://www.ubereats.com/chicago/food-delivery/panda-express-1640-milwaukee-ave/n-dZfPxnTFOudZ7fCRAkLQ,lake-forest-illinois
https://www.ubereats.com/chicago/food-delivery/portillos-hot-dogs-221-townline-rd/B4HQqi1YQ823YKNxt-riLg,lake-forest-illinois
https://www.ubereats.com/chicago/food-delivery/las-monarcas-mexican-restaurant/0oBkfCefQBmysgzXJLXDBQ,lake-forest-illinois
https://www.ubereats.com/chicago/food-delivery/dairy-queen-treat-702-s-buffalo-grove-rd/607cVyV5QT2nChSH-uaDUw,lake-forest-illinois
https://www.ubereats.com/chicago/food-delivery/bawarchi-biryanis/4lnqGfShTTWCQfgrWGVtbA,lake-forest-illinois
https://www.ubereats.com/chicago/food-delivery/macianos-pizza-%26-pastaria-vernon-hills/NSTXsQqQTzmoNwV8P6O9ag,lake-forest-illinois
https://www.ubereats.com/chicago/food-delivery/jamba-juice-1849-green-bay-rd-%23113/wdlbFwWGSNS7Ixrc1Fo3_Q,lake-forest-illinois
