url,city
https://www.ubereats.com/orlando/food-delivery/mcdonalds-1415-e-state-rd/_hb9o5IYSOiteMnLfdog3g,lake-mary-florida
https://www.ubereats.com/orlando/food-delivery/pizza-hut-3852-s-orlando-drive/Mbeov8HITwy6EJndO2K_wQ,lake-mary-florida
https://www.ubereats.com/orlando/food-delivery/coffee-factory-%26-cafe-winter-springs/w0FcoIuxR7Gri9WerJiqBQ,lake-mary-florida
https://www.ubereats.com/orlando/food-delivery/pho-au-lac/3NOED1nnR5yUzKMgvnzQ_g,lake-mary-florida
https://www.ubereats.com/orlando/food-delivery/7012-bonefish-grill-1761-w-state-rd-434/jMwo1hoNTz6heHpJeJONRA,lake-mary-florida
https://www.ubereats.com/orlando/food-delivery/burgerfi-altamonte-springs/KgvOB2t-S5KtQewndW9pIQ,lake-mary-florida
https://www.ubereats.com/orlando/food-delivery/papa-johns-4300-lake-mary-blvd/hCf6uwNkRwO1gNWc1wbPWA,lake-mary-florida
https://www.ubereats.com/orlando/food-delivery/colombia-la-bella/BU40K12_QuOHseAjYuwYqg,lake-mary-florida
https://www.ubereats.com/orlando/food-delivery/genis-philly-steaks-longwood/YlydpBJDQJCmbw91FNw3jw,lake-mary-florida
https://www.ubereats.com/orlando/food-delivery/throwbacks/kTXyA48FT9iLujm0JrT87w,lake-mary-florida
https://www.ubereats.com/orlando/food-delivery/zaxbys-sanford/umz6Ui0HTragrbIOQHzKvA,lake-mary-florida
https://www.ubereats.com/orlando/food-delivery/papa-johns-182-w-state-road-434/dsgF5vrXRmSpxiPhvVS2Vw,lake-mary-florida
https://www.ubereats.com/orlando/food-delivery/boston-market-429-w-sr-436/asMwKUsAR4aVCBxS774_kg,lake-mary-florida
https://www.ubereats.com/orlando/food-delivery/sus-hi-eatstation-altamonte-springs/d0WGo0xgR0i54pa9a40RxA,lake-mary-florida
https://www.ubereats.com/orlando/food-delivery/el-zocalo-mexican-restaurant/WNAIxA2jTYmhj0lHSgXNIQ,lake-mary-florida
https://www.ubereats.com/orlando/food-delivery/froggers-grill-%26-bar-apopka/wNMeeWx9QR-iwYaRZTUZ9A,lake-mary-florida
https://www.ubereats.com/orlando/food-delivery/starbucks-w-sr-434-%26-springs-centre-blvd/LAUA1bJ9QjeZdQYIt8ItDg,lake-mary-florida
https://www.ubereats.com/orlando/food-delivery/planet-smoothie-south-state-road/o7UcJhDARfyVElRvXrJa0w,lake-mary-florida
https://www.ubereats.com/orlando/food-delivery/first-watch-longwood/5xS9EoN3RqKm_KAHG00QNQ,lake-mary-florida
https://www.ubereats.com/orlando/food-delivery/dallis-restaurant-%26-pizzeria-lake-mary/AjUvNttpRKSM2fFfERDSlw,lake-mary-florida
https://www.ubereats.com/orlando/food-delivery/the-donut-patch/xb96fzMoQI-xKYe4pesPdw,lake-mary-florida
https://www.ubereats.com/orlando/food-delivery/menchies-frozen-yogurt-45-w-mitchell-hammock-rd/W0Fg7ZMXSxuqqKUcU6z02Q,lake-mary-florida
https://www.ubereats.com/orlando/food-delivery/pita-gourmet/lyVOzURsQueyJUOoyr3rhg,lake-mary-florida
https://www.ubereats.com/orlando/food-delivery/panda-express-1460-rinehart-road/BE0d13tPRpuwCZ_wy5Rpig,lake-mary-florida
https://www.ubereats.com/orlando/food-delivery/la-terraza-bakery/VKN7nMUXQuelOVtqEcv3wA,lake-mary-florida
https://www.ubereats.com/orlando/food-delivery/honey-baked-ham-company-sanford/se2PRqxqQzyK7163LJZzPQ,lake-mary-florida
https://www.ubereats.com/orlando/food-delivery/metro-diner-oviedo/eJsEKPSDRren9D-4FFa9zA,lake-mary-florida
https://www.ubereats.com/orlando/food-delivery/ihop-casselberry/omqmC0V6QOmftDvU3ABFFw,lake-mary-florida
https://www.ubereats.com/orlando/food-delivery/friendly-confines-altamonte/oa-r7LYrRziSZ0KNZlCX-g,lake-mary-florida
https://www.ubereats.com/orlando/food-delivery/checkers-1501-s-french-avenue/Yh_Sx88kS0SxFcpwMLqP6w,lake-mary-florida
https://www.ubereats.com/orlando/food-delivery/jeremiahs-italian-ice-casselberry/Qkqz3GQ5Szq1-q84YT1UsQ,lake-mary-florida
https://www.ubereats.com/orlando/food-delivery/colorados-prime-steak-sanford/UGuxlLSFQNaBpSyi8yum-Q,lake-mary-florida
https://www.ubereats.com/orlando/food-delivery/kona-poke/H0t2yoevSYih1KxcniZsjQ,lake-mary-florida
https://www.ubereats.com/orlando/food-delivery/tbaar-1541-international-pkwy-fl/kLKFEeEUSYeXjf2b3rqGiA,lake-mary-florida
https://www.ubereats.com/orlando/food-delivery/jimottis-restaurant-2545-s-french-ave/GPE97WXMSI6Wfe-8cWpmYA,lake-mary-florida
https://www.ubereats.com/orlando/food-delivery/anthonys-pizza/NcLYlDjCShy1Ta6pW4IESw,lake-mary-florida
https://www.ubereats.com/orlando/food-delivery/outback-steakhouse-215-w-east-mitchell-hammock-road/2oQj_MGbRPe9ynfMPKna-g,lake-mary-florida
https://www.ubereats.com/orlando/food-delivery/hninas-crab-place/G-rVrSg1SIKiuOQZq2VuAw,lake-mary-florida
https://www.ubereats.com/orlando/food-delivery/dalis-lao-thai-cafe/Xkaa6TJIQsS63qBWAOtfCw,lake-mary-florida
https://www.ubereats.com/orlando/food-delivery/venice-pizza-%26-pasta/K3o1JlD7Q2qrLyl8uwW2nA,lake-mary-florida
https://www.ubereats.com/orlando/food-delivery/cuppasta-%26-pizza/Uj5xYp9GTjWCd0o9Wu6bYQ,lake-mary-florida
https://www.ubereats.com/orlando/food-delivery/face-tea/PGe142d2RYu-S1LwSwmzLg,lake-mary-florida
https://www.ubereats.com/orlando/food-delivery/fresh-kitchen-lake-mary/W1tHw8uNTT-fLomtzGKKbw,lake-mary-florida
https://www.ubereats.com/orlando/food-delivery/wendys-2200-west-st-road-434/O4plZ4JTQVWj7naiFi8BYQ,lake-mary-florida
https://www.ubereats.com/orlando/food-delivery/panera-864-sun-drive/LYsKmMaBQa2JVBjKKV8e_A,lake-mary-florida
https://www.ubereats.com/orlando/food-delivery/ajs-press-%22tasty-eats%22/HSvVw620Q9yVDCaMmvdsmg,lake-mary-florida
https://www.ubereats.com/orlando/food-delivery/steak-n-shake-295-e-altamonte-drive/4AElHZ8uTxOTsveJVF5Uog,lake-mary-florida
https://www.ubereats.com/orlando/food-delivery/wako-taco/OorGdZyXRQSYY-6_IHjgCw,lake-mary-florida
https://www.ubereats.com/orlando/food-delivery/cafe-murano-altamonte-springs/W80k93LBRUadnXR1gfpcIA,lake-mary-florida
https://www.ubereats.com/orlando/food-delivery/tijuana-flats-altamonte-springs/QHs-X0SKTOuOKzCj--9pgA,lake-mary-florida
https://www.ubereats.com/orlando/food-delivery/panda-express-275-east-altamonte-drive/5LwkLcvYSc682Az9_oKDiw,lake-mary-florida
https://www.ubereats.com/orlando/food-delivery/tijuana-flats-sanford/fRxpgZgGRC2y7SMjhJfDig,lake-mary-florida
https://www.ubereats.com/orlando/food-delivery/samurai-sushi/tc9XcHRIQWePEMpubCQ1fA,lake-mary-florida
https://www.ubereats.com/orlando/food-delivery/taco-bell-1200-wp-ball-blvd/dMWEHv5pRmSwz2CSuL4rcA,lake-mary-florida
https://www.ubereats.com/orlando/food-delivery/red-lobster-340-west-sr-436/J5prrr7MTAmq9Icpd0bKqQ,lake-mary-florida
https://www.ubereats.com/orlando/food-delivery/papa-johns-332-west-lake-mary-boulevard-suite-102/yze1MeE9RS-9j2MoHmaamA,lake-mary-florida
https://www.ubereats.com/orlando/food-delivery/tropical-smoothie-cafe-3715-south-orlando-drive/_MrPja_BSECufCCwEG2ZXQ,lake-mary-florida
https://www.ubereats.com/orlando/food-delivery/popeyes-louisiana-kitchen-4932-state-route-46/G7qGsarKTxO1Mt-OPH8Z3Q,lake-mary-florida
https://www.ubereats.com/orlando/food-delivery/pacinos-pizzeria/JsKh74T8TpOukBi3dKOpEg,lake-mary-florida
https://www.ubereats.com/orlando/food-delivery/jersey-mikes-red-bug-lake-rd-%26-tuskawilla-rd/3wP3vh7uSuGLiFCqXbZxMQ,lake-mary-florida
https://www.ubereats.com/orlando/food-delivery/longwood-burger-house/LvHK3c1iRTWlaQr40GfYFw,lake-mary-florida
https://www.ubereats.com/orlando/food-delivery/popeyes-louisiana-kitchen-2660-s-hwy-17-92/T59ri-VoRUq3bbuXXq8pvw,lake-mary-florida
https://www.ubereats.com/orlando/food-delivery/panda-express-4260-s-us-hwy17-92/gVZ5qsITS-K1KpdLLTW4Gw,lake-mary-florida
https://www.ubereats.com/orlando/food-delivery/la-antioquena-restaurant-lake-mary/0RzsNUqoSEmJssVNfXh8OA,lake-mary-florida
https://www.ubereats.com/orlando/food-delivery/marcos-pizza-1165-rinehart-rd/CThg4RRLRYyMALExShKUsw,lake-mary-florida
https://www.ubereats.com/orlando/food-delivery/duffys-sports-grill-lake-mary/IpB-m6smSE-7EXB8DaU9sQ,lake-mary-florida
https://www.ubereats.com/orlando/food-delivery/bagel-king-lake-mary/X527Y1TBRw6r5-KDwx-1lA,lake-mary-florida
https://www.ubereats.com/orlando/food-delivery/chipotle-mexican-grill-327-e-mitchell-hammock-rd/rZCbTmv3QUiQlfLmQ76jBg,lake-mary-florida
https://www.ubereats.com/orlando/food-delivery/wendys-815-w-state-road-434/X5t0XZ_cQZWSNzBYDjoWjw,lake-mary-florida
https://www.ubereats.com/orlando/food-delivery/the-greenery-creamery-sanford/jxIqELhYSY2t-ZGt5RCZGQ,lake-mary-florida
https://www.ubereats.com/orlando/food-delivery/burger-king-201-french-avenue/3IN-Ub-URe6vcLx0bgdZ9Q,lake-mary-florida
https://www.ubereats.com/orlando/food-delivery/wing-way/W7hbMdAVR9S0tM7ZSiEqkA,lake-mary-florida
https://www.ubereats.com/orlando/food-delivery/1000-degrees-pizzeria-of-heathrow/U3UkSs19Ru-usBU1aEWXQA,lake-mary-florida
https://www.ubereats.com/orlando/food-delivery/oh-my-gyro/CeLKSvJWSxiEAM3PfJZH9g,lake-mary-florida
https://www.ubereats.com/orlando/food-delivery/subway-3605-orlando-dr/kYhd8s0_Rde8ThFY8ayDbQ,lake-mary-florida
https://www.ubereats.com/orlando/food-delivery/planet-smoothie-alafaya/E5_DirvxRsqyJDGm6ZVuBg,lake-mary-florida
https://www.ubereats.com/orlando/food-delivery/tropical-smoothie-cafe-altamonte-springs/T4NC5UklQf2YfX8_j7hAKQ,lake-mary-florida
https://www.ubereats.com/orlando/food-delivery/friendly-confines-lake-mary/DQcupQ7dRvuP_-wLUqvK6Q,lake-mary-florida
https://www.ubereats.com/orlando/food-delivery/oh-my-gyro/kSFBqxPpTkSTBa7O70EUyQ,lake-mary-florida
https://www.ubereats.com/orlando/food-delivery/kellers-real-smoke-bbq-lake-mary/pBl89uhhQCKsIRztnrxhUg,lake-mary-florida
https://www.ubereats.com/orlando/food-delivery/burgerfi-lake-mary/7D6pEGFfTZ6_UdNHxQpNmQ,lake-mary-florida
https://www.ubereats.com/orlando/food-delivery/jimmy-hulas-altamonte-springs/2KnLKIyqQvmekL6AdmX1pQ,lake-mary-florida
https://www.ubereats.com/orlando/food-delivery/steak-n-shake-4325-w-lake-mary-blvd/oECtYCYHS9CL0zd5RSfQmQ,lake-mary-florida
https://www.ubereats.com/orlando/food-delivery/amura-japanese-restaurant/IxBOnimgTuCdzDH2HZcLdA,lake-mary-florida
https://www.ubereats.com/orlando/food-delivery/mcdonalds-2960-international-pkwy/m4R12gBFTaSqh0DHJfRKDA,lake-mary-florida
https://www.ubereats.com/orlando/food-delivery/firehouse-subs-altamonte-springs/W1zDfraZSp-D_3lIIXW6rA,lake-mary-florida
https://www.ubereats.com/orlando/food-delivery/mikado-japanese-cuisine-lake-mary/LyItAOExTXGPLH2oxo3wMA,lake-mary-florida
https://www.ubereats.com/orlando/food-delivery/olea-mediterranean-grill-sanford/vLp4rY_fRnuqbqRN3h5Fvw,lake-mary-florida
https://www.ubereats.com/orlando/food-delivery/starbucks-hwy-46-%26-hickman/2gFHwq5wQb-I7r9BA0C9rQ,lake-mary-florida
https://www.ubereats.com/orlando/food-delivery/five-guys-fl-1770-5848-red-bug-lake-rd/c623m1TyQPqdBpdEZtHXEg,lake-mary-florida
https://www.ubereats.com/orlando/food-delivery/wawa-5117-3510-n-us-hwy-17-92/tINr2-NMQ7aRNUhGO6sOdQ,lake-mary-florida
https://www.ubereats.com/orlando/food-delivery/the-mango-fresh/IdczunkeS9-tDrK5nQxgow,lake-mary-florida
https://www.ubereats.com/orlando/food-delivery/taco-bell-3755-w-lake-mary-blvd/aVL2uLulSByWdcWnLVy8nQ,lake-mary-florida
https://www.ubereats.com/orlando/food-delivery/mcdonalds-290-n-hwy-17-and-92/HDyM4XYiSuOTwXi2B9Gc6A,lake-mary-florida
https://www.ubereats.com/orlando/food-delivery/hana-sushi/ziGbZnZeSKeqU_F1u5nSBg,lake-mary-florida
https://www.ubereats.com/orlando/food-delivery/tibbys-new-orleans-kitchen-altamonte-springs/0G0lVCtVSy2g0IsUAtr5Mw,lake-mary-florida
https://www.ubereats.com/orlando/food-delivery/hungry-howies-altamonte-springs/ORbDjw1sSHOjLB-R5a_Hyg,lake-mary-florida
https://www.ubereats.com/orlando/food-delivery/planet-smoothie-cranes-roost/T6wOnKaiRHi_ZZMUqV3CAQ,lake-mary-florida
https://www.ubereats.com/orlando/food-delivery/la-fonda-mexican-kitchen/N0G1rbVuSC6JEbQCpYi3Wg,lake-mary-florida
https://www.ubereats.com/orlando/food-delivery/pokeworks/kaPYpnczQJKL0c99az4nkQ,lake-mary-florida
https://www.ubereats.com/orlando/food-delivery/millers-ale-house-altamonte/K7W1r6pQTB-_1xicnZ_mRQ,lake-mary-florida
https://www.ubereats.com/orlando/food-delivery/hebers-cuban-cafe-apopka/YAWYmQhLTPOcMlXUFmlt4Q,lake-mary-florida
https://www.ubereats.com/orlando/food-delivery/delhi-style-food/i1gOA-gMROKGnPbbGJqQqg,lake-mary-florida
https://www.ubereats.com/orlando/food-delivery/alibaba-house-of-kabob/mGBJaxKrRTGA6oRzIOTBSA,lake-mary-florida
https://www.ubereats.com/orlando/food-delivery/beef-o-bradys-apopka/hk-_rceSTu2xnE5_mBeDlA,lake-mary-florida
https://www.ubereats.com/orlando/food-delivery/ihop-3150-s-orlando-drive/1e4170R_RmmEolPlcY19vA,lake-mary-florida
https://www.ubereats.com/orlando/food-delivery/salata-lake-mary/4JboHyG4RWWzP8caHth1Jw,lake-mary-florida
https://www.ubereats.com/orlando/food-delivery/orchid-thai-cuisine-lake-mary/z4cfvYDDQE6WA2BAduxWow,lake-mary-florida
https://www.ubereats.com/orlando/food-delivery/pollo-tropical-1001-wp-ball-blvd/DWG47CvhTsmnHQ8e-fHNuQ,lake-mary-florida
https://www.ubereats.com/orlando/food-delivery/copacabana-cuban-cafe/Q9tuSybqTfm_j_hb9WRJ5w,lake-mary-florida
https://www.ubereats.com/orlando/food-delivery/wops-hops-brewing-company/x_tI6q0QQJSzjKoT_XAg1Q,lake-mary-florida
https://www.ubereats.com/orlando/food-delivery/taco-bell-1859-w-county-road-419/aY_hDbXSRamTlYQi98nCUA,lake-mary-florida
https://www.ubereats.com/orlando/food-delivery/foxtail-coffee-co-altamonte/guQvjDLzTiOROY7yo_mJZw,lake-mary-florida
https://www.ubereats.com/orlando/food-delivery/akira-sushi-%26-steak-house/hpHAO7qJSseKPc09JdEf5w,lake-mary-florida
https://www.ubereats.com/orlando/food-delivery/zaza-new-cuban-diner-lake-mary/USVpvRzoS3WHR9pef7BY-A,lake-mary-florida
https://www.ubereats.com/orlando/food-delivery/sauced/Zw_4stOlSuuK0sMiCMeGMA,lake-mary-florida
https://www.ubereats.com/orlando/food-delivery/bonfires-bar-and-grill/SAW-O0xaT-GML8rm1oPXLA,lake-mary-florida
https://www.ubereats.com/orlando/food-delivery/pizza-hut-201-west-sr-434/6Yh47xrpToaSIt49poyK-A,lake-mary-florida
https://www.ubereats.com/orlando/food-delivery/cheesyaf-lake-mary/PUFo4MYXTaWiANbEaVuPIg,lake-mary-florida
https://www.ubereats.com/orlando/food-delivery/starbucks-lake-mary-%26-sun/UQzY50RHSi-y4lPy1KCtAQ,lake-mary-florida
https://www.ubereats.com/orlando/food-delivery/gators-dockside-lake-mary/Y4t-RZqtRQ6No1HBRL1yVQ,lake-mary-florida
https://www.ubereats.com/orlando/food-delivery/tropical-smoothie-cafe-bear-lake/K6Z8ncnYTpK-QanBuTBiwA,lake-mary-florida
https://www.ubereats.com/orlando/food-delivery/huey-magoos-chicken-tenders-lake-mary/lA79MkyTR-6Cpp526ImchQ,lake-mary-florida
https://www.ubereats.com/orlando/food-delivery/steak-n-shake-40-town-center-circle/TjdTD5n9Qce6nZKgIciR8Q,lake-mary-florida
https://www.ubereats.com/orlando/food-delivery/jets-pizza-apopka/oYGOYhbzQBWZBIGkHebsXA,lake-mary-florida
https://www.ubereats.com/orlando/food-delivery/outback-steakhouse-180-hickman-drive/rzsPagPfTsSTUyC0_JSZUA,lake-mary-florida
https://www.ubereats.com/orlando/food-delivery/hooties-burger-bar-550-towne-center-circle/pi2wH70MQ3K_uFuV0To1vw,lake-mary-florida
https://www.ubereats.com/orlando/food-delivery/%2354221-subway-1830-1834-longwood-lake-rd/ZMTzRk3sQcqp2Py5G7vBOQ,lake-mary-florida
https://www.ubereats.com/orlando/food-delivery/destinys-big-city-pizza/38q3N3xQRpeBMAdCYL_jVw,lake-mary-florida
https://www.ubereats.com/orlando/food-delivery/gators-dockside-apopka/BKLiR-7xTHiexMwf6jvCpQ,lake-mary-florida
https://www.ubereats.com/orlando/food-delivery/fresh-taste-%40-the-warehouse/SXogP4GaTWudEXpS2VK5RQ,lake-mary-florida
https://www.ubereats.com/orlando/food-delivery/cracker-barrel-old-country-store-285-douglas-avenue/2FGFD-k1SHOTogfxtddB2g,lake-mary-florida
https://www.ubereats.com/orlando/food-delivery/terramia-lake-mary/u3nKeNwNT82ZaFRNeEjJuA,lake-mary-florida
https://www.ubereats.com/orlando/food-delivery/arepas-cafe-and-more/-0ojHLHSScG2WpU8e1GEAg,lake-mary-florida
https://www.ubereats.com/orlando/food-delivery/cracker-barrel-old-country-store-200-hickman-drive/roEO-7-eSZG_5ciw9jV9gQ,lake-mary-florida
https://www.ubereats.com/orlando/food-delivery/chopstix-chinese-%26-sushi-cuisine-lake-mary/qFzLOm6-RK-tUWMdnJ1vAg,lake-mary-florida
https://www.ubereats.com/orlando/food-delivery/chick-fil-a-4420-w-lake-mary-blvd/jzHG9FDgR96gnZ-DvHA5PA,lake-mary-florida
https://www.ubereats.com/orlando/food-delivery/de-la-vega-oviedo/mYxQfMycTYOJAV_bHMjvDA,lake-mary-florida
https://www.ubereats.com/orlando/food-delivery/%2327618-subway-1194-cliff-rose-dr/IRtEeh0nRmqCoBeXgcenhw,lake-mary-florida
https://www.ubereats.com/orlando/food-delivery/mcdonalds-4210-w-lake-mary-blvd/H0PTVBf5TpehQxDtihN8uA,lake-mary-florida
https://www.ubereats.com/orlando/food-delivery/ronis-restaurant/Tpxog-8oSwuIzCKZ_IQ_RQ,lake-mary-florida
https://www.ubereats.com/orlando/food-delivery/pizza-1905-lake-mary/_Eda_czrTuOPcN7K-x5zwA,lake-mary-florida
https://www.ubereats.com/orlando/food-delivery/jersey-mikes-subs-lake-mary/WRP5k4ClQw-5SnbAEvqziQ,lake-mary-florida
https://www.ubereats.com/orlando/food-delivery/which-wich-lake-mary/WddnBn9DQXWsm1um2-4GZw,lake-mary-florida
https://www.ubereats.com/orlando/food-delivery/%23206-subway-995-n-state-rd-434/tIWHQNPuTIqKJKdRL2XYoQ,lake-mary-florida
https://www.ubereats.com/orlando/food-delivery/anthonys-coal-fired-pizza-altamonte-springs/TaT1m46vRcmJsmucpoo2Fg,lake-mary-florida
https://www.ubereats.com/orlando/food-delivery/five-guys-fl-0136-229-e-altamonte-dr/_vJri7fGQaKRx8S1CPvYMg,lake-mary-florida
https://www.ubereats.com/orlando/food-delivery/ladiezz-first/-75MN5xKSsisYW4AfSicGg,lake-mary-florida
https://www.ubereats.com/orlando/food-delivery/js-cakes/3-OeTDhGQ-OC4AK8o8gA2w,lake-mary-florida
https://www.ubereats.com/orlando/food-delivery/carrabbas-931-n-state-road-434/n1Bsv87fSwuQW49RDQtfVA,lake-mary-florida
https://www.ubereats.com/orlando/food-delivery/taco-bell-2700-s-orlando-dr/B2HRjXa-Qf-CRCfkh57VNg,lake-mary-florida
https://www.ubereats.com/orlando/food-delivery/pizza-hut-2335-temple-trl/lb2EgJkCQqS8Sy6SVOVi4Q,lake-mary-florida
https://www.ubereats.com/orlando/food-delivery/la-prensa-latin-grill/gXzQ-tBjQquRvr8xSkMmdQ,lake-mary-florida
https://www.ubereats.com/orlando/food-delivery/vegetti-by-jimottis-restaurant/i1B6kD5WSRatuWUUEFEoMQ,lake-mary-florida
https://www.ubereats.com/orlando/food-delivery/roots-raw-juice-bar-sanford-ave/XZ8PGiFGRZyt3Qy-xs3cxw,lake-mary-florida
https://www.ubereats.com/orlando/food-delivery/sonnys-bbq-oviedo/5Bh8zPq6S7Ct45ZUU39UDA,lake-mary-florida
https://www.ubereats.com/orlando/food-delivery/mcdonalds-3785-orlando-dr/hCihdOOvQAipafB0kSZs9Q,lake-mary-florida
https://www.ubereats.com/orlando/food-delivery/el-chef-efrain-creations/uEtHeHXPT0q8_U1AghNo-A,lake-mary-florida
https://www.ubereats.com/orlando/food-delivery/arbys-3725-orlando-blvd/BokwQieHRrGgxEttY24o1Q,lake-mary-florida
https://www.ubereats.com/orlando/food-delivery/wendys-3717-s-orlando-blvd/hlN1AE1eT5WYMN_scIu3Hw,lake-mary-florida
https://www.ubereats.com/orlando/food-delivery/sonnys-bbq-sanford/C4vHXJ9YS2-Kq1W7GvdU7Q,lake-mary-florida
https://www.ubereats.com/orlando/food-delivery/burger-king-4405-west-lake-mary-boulevard/1bA9mEX6Rh69aMNJEiKc3A,lake-mary-florida
https://www.ubereats.com/orlando/food-delivery/starbucks-w-sr-434-%26-raymond-ave/8iwGd0WdRv6ZlbIv7E8AaQ,lake-mary-florida
https://www.ubereats.com/orlando/food-delivery/the-ice-cream-shop/YVuXD05rSam9stXD0GbcXw,lake-mary-florida
https://www.ubereats.com/orlando/food-delivery/dunkin-222-wheelhouse-ln/g4Xgc50fQpGUF78_EY_Fjw,lake-mary-florida
https://www.ubereats.com/orlando/food-delivery/natures-table/70Hmjbk1SsapEMza_HoZbw,lake-mary-florida
https://www.ubereats.com/orlando/food-delivery/red-lobster-20-town-center-circle/8ix-BXETRh2Oy8maaNQWxg,lake-mary-florida
https://www.ubereats.com/orlando/food-delivery/currito-1101-international-pkwy/YF4TCeWCSnyEX8-8PHMGzw,lake-mary-florida
https://www.ubereats.com/orlando/food-delivery/kekes-breakfast-cafe-lake-mary/hahKhWyfTom7J0_ZtFcJnQ,lake-mary-florida
https://www.ubereats.com/orlando/food-delivery/chiantis-pizza-%26-pasta-sanford/CKatIiM6Qy-wPJzicBm7Jw,lake-mary-florida
https://www.ubereats.com/orlando/food-delivery/buffalo-wild-wings-1670-rinehart-rd/pBYakELfT0mtZ9ZHvYKa3w,lake-mary-florida
https://www.ubereats.com/orlando/food-delivery/venus-pizzeria/q1-1zOgLQKCi_Dr8bqfrRA,lake-mary-florida
https://www.ubereats.com/orlando/food-delivery/pollo-tropical-489-west-sr-436/bn4LcgHJToaTpINHjwJe_g,lake-mary-florida
https://www.ubereats.com/orlando/food-delivery/tomasinos-pizza-lake-mary/c1u7r1t8Q1O-0OU-TankUw,lake-mary-florida
https://www.ubereats.com/orlando/food-delivery/zanzibar-coffee-house/CNlW7G0QTSuBranH70GZxg,lake-mary-florida
https://www.ubereats.com/orlando/food-delivery/dunkin-4510-w-state-road-46/Fm4ijjHmQqi5hGbpgebw0A,lake-mary-florida
https://www.ubereats.com/orlando/food-delivery/jersey-mikes-subs-apopka-450-s-hunt-club-blvd/XdsS8EzmTZGNhN5rP6s6Yg,lake-mary-florida
https://www.ubereats.com/orlando/food-delivery/alexs-cuban-cafe/sdVcwMUeQGKemkIxJy6yrw,lake-mary-florida
https://www.ubereats.com/orlando/food-delivery/sake-house/TG0pmVIoSXuRTGXFbTJvZw,lake-mary-florida
https://www.ubereats.com/orlando/food-delivery/newcity-cafe/EvrbL41QSjqhOHKkERqaxQ,lake-mary-florida
https://www.ubereats.com/orlando/food-delivery/china-gate/hTTreqbgQ1esfmOnSyIt6Q,lake-mary-florida
https://www.ubereats.com/orlando/food-delivery/stefanos-trattoria-winter-springs/N5AU0MYjQwyUi3YXc5yHNg,lake-mary-florida
https://www.ubereats.com/orlando/food-delivery/dunkin-300-s-us-highway-17-92/3vOh-bpcRVev-UkhTSPkJA,lake-mary-florida
https://www.ubereats.com/orlando/food-delivery/natures-table-lake-mary/qh0lXgKJQv6paWfUgQfsHg,lake-mary-florida
https://www.ubereats.com/orlando/food-delivery/papa-joes-pizza-altamonte-springs/VDUHY6DvSJ6hJuC5M8xJlA,lake-mary-florida
https://www.ubereats.com/orlando/food-delivery/omaha-steakhouse-and-bar-orlando/sTlX17kLQpmKGQ3E7C6xXw,lake-mary-florida
https://www.ubereats.com/orlando/food-delivery/la-placita-market/zjD_sn2lTueMFduyN61xUg,lake-mary-florida
https://www.ubereats.com/orlando/food-delivery/king-fried-chicken/ZYwF2W0qQlm-5k3A96qm2A,lake-mary-florida
https://www.ubereats.com/orlando/food-delivery/cold-stone-creamery-944-colonial-grand-lane/mqf7atqTSkC2ouBXQnUJ6g,lake-mary-florida
https://www.ubereats.com/orlando/food-delivery/outback-steakhouse-5891-red-bug-lake-road/zjAn4bxqQBKxGjM03cVEyg,lake-mary-florida
https://www.ubereats.com/orlando/food-delivery/tortilleria-la-mexicana-sanford/Zp2mXOe1RReHQ3B4SkECRg,lake-mary-florida
https://www.ubereats.com/orlando/food-delivery/graffiti-junktion-lake-mary/BNGTK6gdQn2NR4gR4QIrZA,lake-mary-florida
https://www.ubereats.com/orlando/food-delivery/ispice-altamonte-dr/Cwive8kVTqOzC2OpCTJMvw,lake-mary-florida
https://www.ubereats.com/orlando/food-delivery/dunkin-3768-s-orlando-dr/mBSycLKzRdSDacolTOwKGA,lake-mary-florida
https://www.ubereats.com/orlando/food-delivery/the-copper-rocket/Ngu1Nh10RxS901RTpxeaBA,lake-mary-florida
https://www.ubereats.com/orlando/food-delivery/%23630-subway-156-south-us-hwy-17-92/DNsBleBBQMqQnR-Gvf7F-w,lake-mary-florida
https://www.ubereats.com/orlando/food-delivery/noodles-%26-company-850-south-sun-drive/adY5n3fAQDO_a9rCdZ3Gyw,lake-mary-florida
https://www.ubereats.com/orlando/food-delivery/%23746-subway-954-e-altamonte-dr/drJ-S7ylSTiwiHANLcgNgQ,lake-mary-florida
https://www.ubereats.com/orlando/food-delivery/rookies-cantina/CjDnYcHjQWuoVLKgemYbWQ,lake-mary-florida
https://www.ubereats.com/orlando/food-delivery/boston-coffeehouse/sJUYncQzSY2IqbuY6zrD_g,lake-mary-florida
https://www.ubereats.com/orlando/food-delivery/jeremiahs-italian-ice-lake-mary/L5hFnhnhSXSU9sB7d8UN5Q,lake-mary-florida
https://www.ubereats.com/orlando/food-delivery/foxtail-coffee-sanford/Xt31V8pNTpacGosCjhDYNA,lake-mary-florida
https://www.ubereats.com/orlando/food-delivery/captain-ds-2514-south-french-avenue/s2VAe0YQTVywdneF1L6A5w,lake-mary-florida
https://www.ubereats.com/orlando/food-delivery/5thelement-indian-restaurant/I-jS_2WuQQiyt_l9J1vMog,lake-mary-florida
https://www.ubereats.com/orlando/food-delivery/moes-southwest-grill-altamonte-springs/oXZ_rVfGRNOPqz_PCQw33g,lake-mary-florida
https://www.ubereats.com/orlando/food-delivery/cold-stone-creamery-229-e-altamonte-dr/ajCAACawSk-5T1FZ2mbWvg,lake-mary-florida
https://www.ubereats.com/orlando/food-delivery/charleys-philly-steaks-altamonte-springs/9P4x3dRYSTSsUCRGZaKRPQ,lake-mary-florida
https://www.ubereats.com/orlando/food-delivery/medellin-burger/zUYa09uiS1-5JSufY7G_BA,lake-mary-florida
https://www.ubereats.com/orlando/food-delivery/mulligans-restaurant-and-bar/V2x3zcJETTmaGkqdapfPhQ,lake-mary-florida
https://www.ubereats.com/orlando/food-delivery/charleys-philly-steaks-240-towne-center-cir-space-%23-vc-10/6osFFYywSpqmWm44ugNM9g,lake-mary-florida
https://www.ubereats.com/orlando/food-delivery/habaneros-mexican-grill-towne-center/2YOS8_uWTKmSdIg8V8zb2Q,lake-mary-florida
https://www.ubereats.com/orlando/food-delivery/first-watch-lake-mary-blvd/yZ8Xcmw1TqeYR1PHCA3xgA,lake-mary-florida
https://www.ubereats.com/orlando/food-delivery/sushi-burrito-altamonte-springs/Ab9U-nWSRICl8ej-4hJSog,lake-mary-florida
https://www.ubereats.com/orlando/food-delivery/amigos-original-tex-mex-altamonte-springs/vUSMhXgXRo-LtznOIYqFWw,lake-mary-florida
https://www.ubereats.com/orlando/food-delivery/sanford-pizza-co/z50qg_kAQDGrpWqY0MxdPQ,lake-mary-florida
https://www.ubereats.com/orlando/food-delivery/the-smiling-bison/t3PwOLGqQne4TmbKY9yuOw,lake-mary-florida
https://www.ubereats.com/orlando/food-delivery/woodsons-wrap-shack/4pAaeb-vSju-rHnAa0OBzw,lake-mary-florida
https://www.ubereats.com/orlando/food-delivery/italian-express/zOgltmEyTjufGpiRCzAmOQ,lake-mary-florida
https://www.ubereats.com/orlando/food-delivery/island-fin-poke-company-lake-mary/J4mVRDvvTOOEC1x3QGWjRw,lake-mary-florida
https://www.ubereats.com/orlando/food-delivery/royal-rasoi/rhI89obdRH6OMagR7om-Bg,lake-mary-florida
https://www.ubereats.com/orlando/food-delivery/sobiks-subs-sanford/RJhH5g7gRGeByvK76D3u9A,lake-mary-florida
https://www.ubereats.com/orlando/food-delivery/burger-king-3653-s-orlando-dr/OhCl0qsWRwmZ5J06dkxZjQ,lake-mary-florida
https://www.ubereats.com/orlando/food-delivery/pho-ben-thanh-longwood/UQCeOnjcTN2bFS0-StBnLQ,lake-mary-florida
https://www.ubereats.com/orlando/food-delivery/smoothie-king-110-semoran-blvd/DdXaZPlXSg22ByzMgg3czA,lake-mary-florida
https://www.ubereats.com/orlando/food-delivery/407-cafe/NvQ10XpJRYWVq1BBlFT0kw,lake-mary-florida
https://www.ubereats.com/orlando/food-delivery/jjs-fusion-grille/zlUVnaVvRAyyVXn62La8kg,lake-mary-florida
https://www.ubereats.com/orlando/food-delivery/gateway-to-india-longwood/pd44iCNCQn2IhE39Kr7bkQ,lake-mary-florida
https://www.ubereats.com/orlando/food-delivery/imperial-dynasty-restaurant-%E6%9C%9D%E4%BB%A3/7qkSaz3VQ0S-9klwqkYlag,lake-mary-florida
https://www.ubereats.com/orlando/food-delivery/angels-soul-food/2DKd2va9QfaQsxtnr01Fdg,lake-mary-florida
https://www.ubereats.com/orlando/food-delivery/longwood-country-kitchen/9JJ6oUVBSfimYzOxmMRU7g,lake-mary-florida
https://www.ubereats.com/orlando/food-delivery/%2310798-subway-1018-w-state-rd-434/gnRffrlKTnqBAuElaIuC4g,lake-mary-florida
https://www.ubereats.com/orlando/food-delivery/froggers-grill-%26-bar-altamonte-springs/5bym59jSS1OqqOzArjS4CA,lake-mary-florida
https://www.ubereats.com/orlando/food-delivery/pizza-hut-767-s-state-road/MZyGHtZqScae_4PO3uyMgQ,lake-mary-florida
https://www.ubereats.com/orlando/food-delivery/jax-fifth-avenue-restaurant-and-ale-house-lake-mary/ogaFU-S_SbeAr-ODeawTSg,lake-mary-florida
https://www.ubereats.com/orlando/food-delivery/hooters-towne-center-cir-%26-st-johns-pkwy/2KFE-umzS0OANMRAN4TB5Q,lake-mary-florida
https://www.ubereats.com/orlando/food-delivery/mad-hatters-pizza/feYxhh0dQbeOQF7ayFM7eQ,lake-mary-florida
https://www.ubereats.com/orlando/food-delivery/perkins-restaurant-701-e-state-rd-434/5dwHJa_rSG6sGuCuZUDZBw,lake-mary-florida
https://www.ubereats.com/orlando/food-delivery/chases-on-the-river/Ix9kkRRFQGW5PATWTuwuQQ,lake-mary-florida
https://www.ubereats.com/orlando/food-delivery/tijuana-flats-longwood/rTmnBxRUSb-erhLlKA6Bbg,lake-mary-florida
https://www.ubereats.com/orlando/food-delivery/the-wing-experience-1000-wp-ball-blvd/yjpteH0oTx-vtFs7zt_uLA,lake-mary-florida
https://www.ubereats.com/orlando/food-delivery/wa-sushi/BFdj2EOUSjewIRy7KDW8-w,lake-mary-florida
https://www.ubereats.com/orlando/food-delivery/pizza-hut-241-n-hunt-club-blvd-ste-141/QHXuKJrSThyVz0jEXxcukA,lake-mary-florida
https://www.ubereats.com/orlando/food-delivery/mcdonalds-1200-e-hwy-434/pz-XIwzDROuoGlpgm0AEIg,lake-mary-florida
https://www.ubereats.com/orlando/food-delivery/throwbacks/wC-sOLbHRQqMih4WnZmgBQ,lake-mary-florida
https://www.ubereats.com/orlando/food-delivery/happy-teriyaki-sushi-bar-and-restaurant/J5lSzrsuS6Oax3Em3Lusxg,lake-mary-florida
https://www.ubereats.com/orlando/food-delivery/subway-120-international-pkwy-ste-114/xPpnXfvFT12c9EomQvgpHQ,lake-mary-florida
https://www.ubereats.com/orlando/food-delivery/tropical-smoothie-cafe-oviedo/Qppr_yj-QgWS4umiteKKIw,lake-mary-florida
https://www.ubereats.com/orlando/food-delivery/metro-diner-altamonte-springs/54Qm9sqLR3qcHXIP_z2Sqg,lake-mary-florida
https://www.ubereats.com/orlando/food-delivery/arbys-4620-w-lake-mary-blvd/fDZTLUS_Ta-NJBg8y1tZjw,lake-mary-florida
https://www.ubereats.com/orlando/food-delivery/marnis-dolce/unn6Jn5rRS2JtxoDSEKsmQ,lake-mary-florida
https://www.ubereats.com/orlando/food-delivery/steak-n-shake-4500-s-hwy-17-92/p89InCo5Q6aLB7pj3swryA,lake-mary-florida
https://www.ubereats.com/orlando/food-delivery/breakfast-club-lake-mary/dt5sEEEUQHe6eRCj4R6tAQ,lake-mary-florida
https://www.ubereats.com/orlando/food-delivery/philly-connection/uuLXsITARwyPd85kDH7LMQ,lake-mary-florida
https://www.ubereats.com/orlando/food-delivery/pierres-kitchen/EgkVmZyqThq4mlBnR5j1hA,lake-mary-florida
https://www.ubereats.com/orlando/food-delivery/ihop-sanford/cY9c0hJwR0el15WdcSgbaA,lake-mary-florida
https://www.ubereats.com/orlando/food-delivery/china-wok-winter-springs/1GVrpGX3RFeHrFQ-TvROZA,lake-mary-florida
https://www.ubereats.com/orlando/food-delivery/carrabbas-4675-st-johns-pkwy/i302hZZwR22T0RM1sRPvbg,lake-mary-florida
https://www.ubereats.com/orlando/food-delivery/f%26d-kitchen-and-bar/YIYRDPVvRjK_Eq1fYSYm6g,lake-mary-florida
https://www.ubereats.com/orlando/food-delivery/kfc-3890-lake-emma-rd/NsZcm3oCTZi3JHiU-Mqi4g,lake-mary-florida
https://www.ubereats.com/orlando/food-delivery/applebees-3315-south-us-hwy-17-92/HYIBiCQTR72_nOZZ1g1u3A,lake-mary-florida
https://www.ubereats.com/orlando/food-delivery/lees-palace-lake-mary/IYdfgppcQGqdZyhUtSmNDQ,lake-mary-florida
https://www.ubereats.com/orlando/food-delivery/soul-food-to-go!/dpDh64-ATSytlO94t98jqw,lake-mary-florida
https://www.ubereats.com/orlando/food-delivery/planetsmoothie-lake-mary/nm9KyO8kRCmZn9kxDHOuaw,lake-mary-florida
https://www.ubereats.com/orlando/food-delivery/kellys-homemade-ice-cream-central-ave/Uet9OUO6Rk2cQYhLDop2gA,lake-mary-florida
https://www.ubereats.com/orlando/food-delivery/bistro-1501/ZLFAZ2b_QwGleTbHYS17gA,lake-mary-florida
https://www.ubereats.com/orlando/food-delivery/mr-zs/iuNCN2UUR-OShtkfy2R2WA,lake-mary-florida
https://www.ubereats.com/orlando/food-delivery/bob-evans-190-385-state-route-436/opV6DdsUQRCkYjoXAD-_bw,lake-mary-florida
https://www.ubereats.com/orlando/food-delivery/duffys-sports-grill-altamonte-springs/63dQfZuPRnOVVmVLqm5utw,lake-mary-florida
https://www.ubereats.com/orlando/food-delivery/fusion-ultra-lounge/ZaxmNTvtSYuG6aS7nVIfdA,lake-mary-florida
https://www.ubereats.com/orlando/food-delivery/caffe-positano/q3Ev2Z7YRFqd4MjR4DZlzw,lake-mary-florida
https://www.ubereats.com/orlando/food-delivery/gillys-phillys/f2e18JhBQjuKyh3Vt_y0dw,lake-mary-florida
https://www.ubereats.com/orlando/food-delivery/mellow-mushroom-sanford/plmPExzCRQKLbHZNl8Ethw,lake-mary-florida
https://www.ubereats.com/orlando/food-delivery/subway-302-s-french-ave/Gi023BwKQua5RohSUl7PVA,lake-mary-florida
https://www.ubereats.com/orlando/food-delivery/rays-fish-and-chips/CzUoHJBORWaqiTMiMJRTSA,lake-mary-florida
https://www.ubereats.com/orlando/food-delivery/a%26w-restaurant-200-towne-center-cir/EzJgY1LaSQuRk2vl9qXJLw,lake-mary-florida
https://www.ubereats.com/orlando/food-delivery/the-ice-cream-shop/aSzaKhV-TiC3czXjPLLotA,lake-mary-florida
https://www.ubereats.com/orlando/food-delivery/shulas-347-grill/QJ7UOLoGTFOIKA22YangXA,lake-mary-florida
https://www.ubereats.com/orlando/food-delivery/tijuana-flats-casselberry/EcpWefdnSTO3A08818oCxg,lake-mary-florida
https://www.ubereats.com/orlando/food-delivery/wendys-3880-flagg-lane/2mLpGwpzR8eGsjcQwDxwoA,lake-mary-florida
https://www.ubereats.com/orlando/food-delivery/cafe-perks-longwood/o7Eo9-LOTniSb6HbUpmPjw,lake-mary-florida
https://www.ubereats.com/orlando/food-delivery/laspadas-sanford/hn7z_2iFRmqykl0Gs3reyg,lake-mary-florida
https://www.ubereats.com/orlando/food-delivery/another-broken-egg-920-international-parkway/3eRS-_MYS7mnD0zTzJtSKA,lake-mary-florida
https://www.ubereats.com/orlando/food-delivery/kona-poke/e-62ZZ9USAGTC6zCGGsApw,lake-mary-florida
https://www.ubereats.com/orlando/food-delivery/pizza-hut-5252-w-state-rd-46/FZwTGAdOSvuVcL088fYxIQ,lake-mary-florida
https://www.ubereats.com/orlando/food-delivery/bbees-home-cooking/19RKnkMPQ5G9S0-MjQ7aog,lake-mary-florida
https://www.ubereats.com/orlando/food-delivery/pei-wei-355-e-altamonte-drive-%23100/BN-Rt_0bRNqzjZMIFIgGVw,lake-mary-florida
https://www.ubereats.com/orlando/food-delivery/reys-cuban-cafe/ME36RqyCRACBSn9v7FiCzA,lake-mary-florida
https://www.ubereats.com/orlando/food-delivery/otters-on-the-river/g1pvNshzRtmb65auk6w0vg,lake-mary-florida
https://www.ubereats.com/orlando/food-delivery/little-oasis/YX69GhYKSgOswLtTzWAJhg,lake-mary-florida
https://www.ubereats.com/orlando/food-delivery/ruths-chris-steak-house-80-colonial-center-parkway/kaue0cWZT9uXMCQKPaUIeQ,lake-mary-florida
https://www.ubereats.com/orlando/food-delivery/las-americas-grocery-and-deli/IGvR3_goSamoqQjB2QFPHQ,lake-mary-florida
https://www.ubereats.com/orlando/food-delivery/kfc-349-semoran-boulevard/l14rfnkRQ1Wvdz1r8QzZDw,lake-mary-florida
https://www.ubereats.com/orlando/food-delivery/subway-3801-w-lake-mary-blvd-unit-131/e7F8OHXMReaMNu8DTWCnvw,lake-mary-florida
https://www.ubereats.com/orlando/food-delivery/f%26d-cantina-lake-mary/HUfNWBXjQvyyIZer3JxSBg,lake-mary-florida
https://www.ubereats.com/orlando/food-delivery/little-greek-altamonte-springs/QpCYduXXRtm_91xNhEaDdQ,lake-mary-florida
https://www.ubereats.com/orlando/food-delivery/broken-spoon/Uv8HF3jhT6Sgg8Juwlj3YQ,lake-mary-florida
https://www.ubereats.com/orlando/food-delivery/tiger-loves-pizza/C-U_z1bVQ-WKNEpGtipgfw,lake-mary-florida
https://www.ubereats.com/orlando/food-delivery/winghouse-of-sanford/hO7DGkTNRb-9F8mG8cDi9A,lake-mary-florida
https://www.ubereats.com/orlando/food-delivery/mooyah-burgers-1700-mall-boulevard/kQRFNXatROqfVkG_bHuXHQ,lake-mary-florida
https://www.ubereats.com/orlando/food-delivery/krazy-greek-kitchen/y5wQ2EkBR6a18BkE0HCiDA,lake-mary-florida
https://www.ubereats.com/orlando/food-delivery/bubbalous-bbq-altamonte-springs/MUZCotFbRJWwA6x1b-GbOw,lake-mary-florida
https://www.ubereats.com/orlando/food-delivery/firehouse-subs-sanford/WsY6n7bSR92CPvuiCixHCQ,lake-mary-florida
https://www.ubereats.com/orlando/food-delivery/ipho-noodle-house-lake-mary/ivATvWNQSkmXZNWqRuYg1A,lake-mary-florida
https://www.ubereats.com/orlando/food-delivery/red-robin-550-1630-rinehart-rd/RzmnQN1_SHmsFrcTI8Ld2g,lake-mary-florida
https://www.ubereats.com/orlando/food-delivery/burger-king-301-towne-center-boulevard/84rzodYPQrWCJJ732tk3ig,lake-mary-florida
https://www.ubereats.com/orlando/food-delivery/pizza-hut-3005-w-lake-mary-blvd/t9qGCZRKQcKlh_aBQyx2-A,lake-mary-florida
https://www.ubereats.com/orlando/food-delivery/chilangos/xIIjMO47ThSckpHFVBPIag,lake-mary-florida
https://www.ubereats.com/orlando/food-delivery/outback-steakhouse-990-north-state-road-434/zip94P2qR86mvdkMK188Bw,lake-mary-florida
https://www.ubereats.com/orlando/food-delivery/liam-fitzpatricks-irish-restaurant-%26-pub/_6nrvgdGT_W5Psn9VSVq_Q,lake-mary-florida
https://www.ubereats.com/orlando/food-delivery/mcdonalds-150-hickman-dr/Nbyd9hJWTX2LAgpg5Jozew,lake-mary-florida
https://www.ubereats.com/orlando/food-delivery/empress-sissi/x6QCG54rQO2NeUFskodWog,lake-mary-florida
https://www.ubereats.com/orlando/food-delivery/kekes-breakfast-cafe-longwood/jtiuTS_qQMek7PHgTnFRmQ,lake-mary-florida
https://www.ubereats.com/orlando/food-delivery/dunkin-801-w-state-road-434/CZh9uad3RmyPU1JWT2piZw,lake-mary-florida
https://www.ubereats.com/orlando/food-delivery/kumo-asian-kitchen/TE446IhDRAqeIyzIpDs18Q,lake-mary-florida
https://www.ubereats.com/orlando/food-delivery/firehouse-subs-winter-springs/yJx808MHRFiybbyolcE3uQ,lake-mary-florida
https://www.ubereats.com/orlando/food-delivery/skibos-subs/0Y6ZY3o3RlW9V-mkujYVzw,lake-mary-florida
https://www.ubereats.com/orlando/food-delivery/oz-asian/SOtMLzBvQfOVD0sCPjU6LA,lake-mary-florida
https://www.ubereats.com/orlando/food-delivery/kekes-breakfast-cafe-sanford/o76RVFCvQAmarlslCel4Jg,lake-mary-florida
https://www.ubereats.com/orlando/food-delivery/tijuana-flats-winter-springs/gjEmMX4QTEWO8n8ZFZl8yA,lake-mary-florida
https://www.ubereats.com/orlando/food-delivery/kobe-japanese-steakhouse-%26-sushi-bar-altamonte-springs/oW7ZjJbATBOR4BRqST5V5A,lake-mary-florida
https://www.ubereats.com/orlando/food-delivery/huey-magoos-chicken-tenders-altamonte-springs/pEfgXjE5TVSZh7-gQU4DEw,lake-mary-florida
https://www.ubereats.com/orlando/food-delivery/dexters-lake-mary/XW4I5kS3Qa6qHc8_qQcA-A,lake-mary-florida
https://www.ubereats.com/orlando/food-delivery/friendlys-new-york-style-pizza/LK1QQ6sVRNyhP2xLJHp7IQ,lake-mary-florida
https://www.ubereats.com/orlando/food-delivery/froggers-grill-%26-bar-oviedo/ucjWp7SuQqeRIVVkvGN3gg,lake-mary-florida
https://www.ubereats.com/orlando/food-delivery/burger-king-301-n-highway-17-92/qkllAFDLS-uGTDd0sB51oQ,lake-mary-florida
https://www.ubereats.com/orlando/food-delivery/hungry-howies-sanford/2mDkijfESmibV-vHShA2jA,lake-mary-florida
https://www.ubereats.com/orlando/food-delivery/taco-bell-254-town-center-circle/aj1cR8PYRiGuhAO8_c-Ubw,lake-mary-florida
https://www.ubereats.com/orlando/food-delivery/mykonos-authentic-greek-cuisine/4AZ5h2d-QuG-0O-jIzsvLg,lake-mary-florida
https://www.ubereats.com/orlando/food-delivery/terramia-ristorante/MMX4A1kjTkCATsvEzdwOpw,lake-mary-florida
https://www.ubereats.com/orlando/food-delivery/pickles-new-york/Ga7JFLl4Qk6Web0C8eZ4vA,lake-mary-florida
https://www.ubereats.com/orlando/food-delivery/burgerfi-oviedo/9af0kJsHR7W2Lce5wtFUEw,lake-mary-florida
https://www.ubereats.com/orlando/food-delivery/huey-magoos-chicken-tenders-winter-springs/iSaf7GbfSyeg38N0W8rjKA,lake-mary-florida
https://www.ubereats.com/orlando/food-delivery/firehouse-subs-3309-e-sr-436/bwSjMy7xQXCcrKl8S7M2og,lake-mary-florida
https://www.ubereats.com/orlando/food-delivery/parva-colombian-bakery/cHjzBD3hQ-ecER-4lfPQRA,lake-mary-florida
https://www.ubereats.com/orlando/food-delivery/something-fishy/H2zKWF6wTxWQfLA9XaIv4A,lake-mary-florida
https://www.ubereats.com/orlando/food-delivery/4-rivers-smokehouse-longwood/IXXhVi_LTlCJmzo9--peiQ,lake-mary-florida
https://www.ubereats.com/orlando/food-delivery/china-king-lake-mary/2JcbKPZtSHGnnEKlYGRh6Q,lake-mary-florida
https://www.ubereats.com/orlando/food-delivery/subway-4589-st-johns-pkwy/0IkDQkH7TbSWnAPUDzP5vA,lake-mary-florida
https://www.ubereats.com/orlando/food-delivery/boston-market-4335-w-lake-mary-blvd/ra7lFAiLRfSXxXotA9R18A,lake-mary-florida
https://www.ubereats.com/orlando/food-delivery/mcdonalds-112-french-ave/EMyKgRebTSKHJmTTZ76pOA,lake-mary-florida
https://www.ubereats.com/orlando/food-delivery/quickly-bistro-%26-boba/cgaUvROMS4GDL0QuZ3IPSw,lake-mary-florida
https://www.ubereats.com/orlando/food-delivery/tin-%26-taco-international-pkwy/sz43msSBRt-SfjyyrfyY4Q,lake-mary-florida
https://www.ubereats.com/orlando/food-delivery/wako-taco-longwood/BvbQqe2GTZ-oyJLOnnoi2Q,lake-mary-florida
https://www.ubereats.com/orlando/food-delivery/kfc-3601-s-orlando-dr/iMkNg9VkShOaUqsbmhNd4g,lake-mary-florida
https://www.ubereats.com/orlando/food-delivery/nicks-pizza/bZK0jP2fSkSiXFKhb5LmpA,lake-mary-florida
https://www.ubereats.com/orlando/food-delivery/frozen-nitrogen-ice-cream-lake-mary/P412F6d4RtC5dP8oawZbwA,lake-mary-florida
https://www.ubereats.com/orlando/food-delivery/firehouse-subs-lake-mary/wqR6Z88ZRY-_18G2H7H7pA,lake-mary-florida
https://www.ubereats.com/orlando/food-delivery/wawa-5218-4660-w-sr-46/BCMOyrM2QDqbNjynXhyHTQ,lake-mary-florida
https://www.ubereats.com/orlando/food-delivery/polskis-polish-restaurant/ibS6YAwRTq2PpnfC8g3mXw,lake-mary-florida
https://www.ubereats.com/orlando/food-delivery/dominicks-restaurant/A_Ts5wIoRue9mJhHe72Trw,lake-mary-florida
https://www.ubereats.com/orlando/food-delivery/racks-sports-bar-and-grill/3mzv3Z7_Sm2RquwFaADUSg,lake-mary-florida
https://www.ubereats.com/orlando/food-delivery/le-macaron-lake-mary/0xayrAzMSlK9E4WegpO4XQ,lake-mary-florida
https://www.ubereats.com/orlando/food-delivery/taco-bell-126-s-ronald-reagan-blvd/YNsI3SPIRwmZraxXE1eM2Q,lake-mary-florida
https://www.ubereats.com/orlando/food-delivery/wendys-470-town-center-circle/OTeZd3XYRZOw3SB1BToyYw,lake-mary-florida
https://www.ubereats.com/orlando/food-delivery/the-original-christos/otsx-QSpQHajVAWwo5XUJA,lake-mary-florida
https://www.ubereats.com/orlando/food-delivery/china-wok-sanford/6RPqrsrCTCi5n9YAnTXPUQ,lake-mary-florida
https://www.ubereats.com/orlando/food-delivery/peruvian-cuisine-to-go!/YPxVThkZQm6szZCOdBDOCw,lake-mary-florida
https://www.ubereats.com/orlando/food-delivery/bjs-restaurant-and-brewhouse-8285-red-bug-lake-road/zvJG4hY5Sh-ow1-qpRKqaw,lake-mary-florida
https://www.ubereats.com/orlando/food-delivery/jersey-mikes-e-altamonte-dr-%26-golf-dr/XRPcicPVTwizCRHoyK4QNQ,lake-mary-florida
https://www.ubereats.com/orlando/food-delivery/flippers-pizzeria-lake-mary/jevS20WXS2GOxwtdBz7Dpg,lake-mary-florida
https://www.ubereats.com/orlando/food-delivery/ipho-2-noodle-house-maitland/TjOXcRMTQsuOrBr6spZ06w,lake-mary-florida
https://www.ubereats.com/orlando/food-delivery/shantells/vBz_BIV8SVaUXT4FMeUAUA,lake-mary-florida
https://www.ubereats.com/orlando/food-delivery/pdq-sanford/ZtNgWcwcQ7uph50liyBCcg,lake-mary-florida
https://www.ubereats.com/orlando/food-delivery/chipotle-mexican-grill-1805-wp-ball-blvd/cv3IS6MlQ5e4iNX5lffUOQ,lake-mary-florida
https://www.ubereats.com/orlando/food-delivery/hurricane-grill-%26-wings-longwood/Jq5yoBF5QmCJzWvkbdAnyg,lake-mary-florida
https://www.ubereats.com/orlando/food-delivery/sonic-4887-155-e-state-rd-434/qS8m2NKWRGCAK6W10ga90Q,lake-mary-florida
https://www.ubereats.com/orlando/food-delivery/wendys-500-s-us-hwy-17-92/QeAcfAdDTv205q4HxknyPg,lake-mary-florida
https://www.ubereats.com/orlando/food-delivery/beths-burger-bar/bnt7TIbUSFiEDN5u51V9sQ,lake-mary-florida
https://www.ubereats.com/orlando/food-delivery/pho-54-%26-grill-vietnamese-cuisine-oviedo/5COqVmfvRsC9BYZts3tIkA,lake-mary-florida
https://www.ubereats.com/orlando/food-delivery/checkers-7551-s-17-92-highway/lus33IZDROKQ4qEdemn6gQ,lake-mary-florida
https://www.ubereats.com/orlando/food-delivery/the-original-brooklyn-water-bagel-co-lake-mary/w_zy4VJjSj6jIH1cPold1g,lake-mary-florida
https://www.ubereats.com/orlando/food-delivery/back-room-steakhouse-apopka/HBHavJt1TxS00zUq1Ps9_w,lake-mary-florida
https://www.ubereats.com/orlando/food-delivery/tijuana-flats-lake-mary/liUQymkMSyyigkqSdQE_PQ,lake-mary-florida
https://www.ubereats.com/orlando/food-delivery/qdoba-mexican-eats-lake-mary-blvd/9pXs78vjRiOZ16uLZCtUFQ,lake-mary-florida
https://www.ubereats.com/orlando/food-delivery/taco-bell-495-w-state-rd-436/QVC2Nk9hSJSy40OGOUEA4Q,lake-mary-florida
https://www.ubereats.com/orlando/food-delivery/bobacakes-cafe/lpzrFcexToqzOXEpzq_ndA,lake-mary-florida
https://www.ubereats.com/orlando/food-delivery/asian-bowl/7lNBVIEeRWuUmAg1lDrDZQ,lake-mary-florida
https://www.ubereats.com/orlando/food-delivery/jimmy-hulas-lake-mary/G1GN2HUlQdefCjttFQDz1g,lake-mary-florida
https://www.ubereats.com/orlando/food-delivery/chic-n-gyro/I4fatYv0Q7W_v2kBkI6yFg,lake-mary-florida
https://www.ubereats.com/orlando/food-delivery/starbucks-international-pkwy-%26-heathrow-park/FEsixrHAT2-qHQoOindfbg,lake-mary-florida
https://www.ubereats.com/orlando/food-delivery/byblos-mediterranean-kitchen/MQnPNl2qQm6-2c6Xs__pTQ,lake-mary-florida
https://www.ubereats.com/orlando/food-delivery/island-fin-poke/3-v3hbi7TkKWkSaBRUZp-Q,lake-mary-florida
https://www.ubereats.com/orlando/food-delivery/millers-ale-house-sanford/eywC4pdbRY6zspxQNYCzqQ,lake-mary-florida
https://www.ubereats.com/orlando/food-delivery/ichigo-ichie-buffet-sanford/Hl6eEgV5SpCzB5t6o2R5MQ,lake-mary-florida
https://www.ubereats.com/orlando/food-delivery/tijuana-flats-hunt-club/KxuKr2glR5eewod65eQ5og,lake-mary-florida
https://www.ubereats.com/orlando/food-delivery/kyoto-sushi-%26-grill-oviedo/Z-Bo3Td9Q0S8I23NdMvshw,lake-mary-florida
https://www.ubereats.com/orlando/food-delivery/kobe-japanese-steakhouse-longwood/jg2VTquUTsyT391VHjR7FQ,lake-mary-florida
https://www.ubereats.com/orlando/food-delivery/chipotle-mexican-grill-4315-w-lake-mary-blvd/MrlQQhIxQ4KKcbh8oahwaQ,lake-mary-florida
https://www.ubereats.com/orlando/food-delivery/starbucks-sr-436-%26-us-17-92/iiq_E7yuTv-pxo2dKh4CXQ,lake-mary-florida
https://www.ubereats.com/orlando/food-delivery/china-star-lake-mary/2FXSFaO_SECJsbw5C7gBQw,lake-mary-florida
https://www.ubereats.com/orlando/food-delivery/delicioso-restaurant/Bxvy5J89S8KpiJxU3I5vrA,lake-mary-florida
https://www.ubereats.com/orlando/food-delivery/rock-and-brews-oviedo/WSlbkjz9Q5iL-CJps1DYsg,lake-mary-florida
https://www.ubereats.com/orlando/food-delivery/planet-smoothie-3990-west-lake-mary-blvd/t31l9KICQQat8oPzQwZFaA,lake-mary-florida
https://www.ubereats.com/orlando/food-delivery/gators-dockside-winter-springs/1LCeaLpeTIeWpNWaoGaeDw,lake-mary-florida
https://www.ubereats.com/orlando/food-delivery/grato-italian-grill-%26-pizzeria/E5z-bYK3RJOmaa-3C7zSqA,lake-mary-florida
https://www.ubereats.com/orlando/food-delivery/stonewood-tavern-%26-grill-heathrow/8_D_Pra2SRW36FoPHwMwGw,lake-mary-florida
https://www.ubereats.com/orlando/food-delivery/romanos-macaroni-grill-oviedo/RX-GVkBKQhaPf1RGGIPeDA,lake-mary-florida
https://www.ubereats.com/orlando/food-delivery/chipotle-mexican-grill-103-state-road-436/QhTaVNQDSve2O_WBlbZzYA,lake-mary-florida
https://www.ubereats.com/orlando/food-delivery/papa-joes-pizza-lake-mary/i9WQdBdsRZuM-9go3F_wSA,lake-mary-florida
https://www.ubereats.com/orlando/food-delivery/zoes-kitchen-901-currency-circle-suite-1081/hlMiFpUnTUaJrx7yLq3w0g,lake-mary-florida
https://www.ubereats.com/orlando/food-delivery/sushi-%26-seoul-%40-celery-city-craft/XFPj702zQT6tZjLFP0N_Ig,lake-mary-florida
https://www.ubereats.com/orlando/food-delivery/pollo-tropical-8301-red-bug-lake-rd/P3agVidgQ86LJ7OjAJ6KYg,lake-mary-florida
https://www.ubereats.com/orlando/food-delivery/dunkin-653-e-altamonte-dr/mzEuiGX9RV6LiVPyGX2zGQ,lake-mary-florida
https://www.ubereats.com/orlando/food-delivery/kings-wok/K7aqBnkDS8yzGqK9l_21iQ,lake-mary-florida
https://www.ubereats.com/orlando/food-delivery/the-crepes-hub/Rpc7pNuZR1qN5ByKPVkWFQ,lake-mary-florida
https://www.ubereats.com/orlando/food-delivery/maple-street-biscuit-company-oviedo/spQm-4krQn-5M4IR2b-KJg,lake-mary-florida
https://www.ubereats.com/orlando/food-delivery/burger-king-3788-orlando-avenue/7L4JghnpRwuzY68ODYjMlg,lake-mary-florida
https://www.ubereats.com/orlando/food-delivery/mels-family-diner/7kOgg782RlizLSoe1nbRtA,lake-mary-florida
https://www.ubereats.com/orlando/food-delivery/perkins-restaurant-altamonte-springs/Z8pGKOI8QPCOlwwU5Z6mWw,lake-mary-florida
https://www.ubereats.com/orlando/food-delivery/the-greezy-spoon/ctSK2cMfRj2HD9SnKd3Bpg,lake-mary-florida
https://www.ubereats.com/orlando/food-delivery/pizza-hut-2002-s-french-ave/c6Fdra8iQlC5p_-A1TQ53g,lake-mary-florida
https://www.ubereats.com/orlando/food-delivery/clean-juice-945-city-plaza-way/wf0Mh3QUQ_KbFog-j4KLxQ,lake-mary-florida
https://www.ubereats.com/orlando/food-delivery/rossellinis-heathrow/ErdImI9UTmKTq6VtHQC1_w,lake-mary-florida
https://www.ubereats.com/orlando/food-delivery/papa-joes-pizza-heathrow/Ot9mTPYRTO6XAsVa5kOMVA,lake-mary-florida
https://www.ubereats.com/orlando/food-delivery/churchs-chicken-2561-french-avenue/4vnKzkLEQSueVAQ1Tzl50A,lake-mary-florida
https://www.ubereats.com/orlando/food-delivery/pizza-hut-130-n-winter-park-drive/vlEKLTxjSKKCmPvro-p8Tw,lake-mary-florida
https://www.ubereats.com/orlando/food-delivery/chao-cajun-altamonte-springs/dKgqJjYhRXS21IQyubeSqg,lake-mary-florida
https://www.ubereats.com/orlando/food-delivery/steak-n-shake-8115-red-bug-lake-road/NGp-ZBEwT3GPcEOFhVQ_Qg,lake-mary-florida
https://www.ubereats.com/orlando/food-delivery/taqueria-el-maguey-llc/xi1h8mmpSuacUvo2wxtL9A,lake-mary-florida
https://www.ubereats.com/orlando/food-delivery/mediterranean-gourmet-oviedo/H1BTeo_2SLOWJP3YHP82Bw,lake-mary-florida
https://www.ubereats.com/orlando/food-delivery/tropical-smoothie-cafe-lake-mary/vbjoR42bS1OeQsFDL9PgIg,lake-mary-florida
https://www.ubereats.com/orlando/food-delivery/orange-county-brewers/_ZTUf6llRryqPfw97yESrA,lake-mary-florida
https://www.ubereats.com/orlando/food-delivery/taco-bell-4460-s-highway-17-92/wlCx5wBpTUuvJl3OXMr6Ig,lake-mary-florida
https://www.ubereats.com/orlando/food-delivery/shanghai-lake-mary/gMDRBR68Q4q-w_7NxM1dxA,lake-mary-florida
