url,city
https://www.ubereats.com/chicago/food-delivery/georgios-pizza-crystal-lake/2_lTDpwhRmyvG1--C8Z8Cw,lake-in-the-hills-illinois
https://www.ubereats.com/chicago/food-delivery/jersey-mikes-subs-northwest-%26-pingree/czOWKJ_iQKyVCi55jNP6Xg,lake-in-the-hills-illinois
https://www.ubereats.com/chicago/food-delivery/eggceptional-cafe-breakfast-%26-lunch/KFZT64i9S0aeJWlLpPqxTg,lake-in-the-hills-illinois
https://www.ubereats.com/chicago/food-delivery/taco-bell-137-s-western-ave/uvnVsENPQ1C6yZokOzjk_Q,lake-in-the-hills-illinois
https://www.ubereats.com/chicago/food-delivery/mod-pizza-algonquin/ruRrQpV-RvWpE--fbyst7g,lake-in-the-hills-illinois
https://www.ubereats.com/chicago/food-delivery/salsa-street-mexican-restaurant-%26-cantina/Gsuh9srGTwacSbq5cX2oBQ,lake-in-the-hills-illinois
https://www.ubereats.com/chicago/food-delivery/finn-mccools-crystal-lake/0MvaQyuZQpScUQOeFz3Czg,lake-in-the-hills-illinois
https://www.ubereats.com/chicago/food-delivery/ramendobo-noodle-bar/5li1rQbfSc6mAoNq0hDNWQ,lake-in-the-hills-illinois
https://www.ubereats.com/chicago/food-delivery/indian-chatpata-swad/mXmzsKnLTuutlWvA5dsScg,lake-in-the-hills-illinois
https://www.ubereats.com/chicago/food-delivery/taco-%26-burrito-express/rBv3ELfTSEiDmOVCWcRjPw,lake-in-the-hills-illinois
https://www.ubereats.com/chicago/food-delivery/sonic-drive-in-1090-s-randall-rd/lUFeuI7kQ7ObFvXFW2ptpw,lake-in-the-hills-illinois
https://www.ubereats.com/chicago/food-delivery/potbelly-sandwich-shop-algonquin-%7C-174/W2WHL5rRS46zNtY_dkmulw,lake-in-the-hills-illinois
https://www.ubereats.com/chicago/food-delivery/mcdonalds-kennedy-%26-besinger/-7OrgdiiSUOgTBzzG_9kJA,lake-in-the-hills-illinois
https://www.ubereats.com/chicago/food-delivery/sushi-king-algonquin/RrN507GYRAupdi8wGe2L7Q,lake-in-the-hills-illinois
https://www.ubereats.com/chicago/food-delivery/subway-1308-east-algonquin-rd/0LV9OzYiSE-T73hd1AL5IA,lake-in-the-hills-illinois
https://www.ubereats.com/chicago/food-delivery/which-wich-superior-sandwiches-crystal-lake/3YoYecmjTR26AF4nH2kMfA,lake-in-the-hills-illinois
https://www.ubereats.com/chicago/food-delivery/dunkin-280-n-randall-rd/eGLQaRPcTAmiqMQhH6jtyw,lake-in-the-hills-illinois
https://www.ubereats.com/chicago/food-delivery/coco-rolls/8IkL3UjLSfSJBEPTQ7CWDQ,lake-in-the-hills-illinois
https://www.ubereats.com/chicago/food-delivery/mcdonalds-sr-47-%26-kreutzer/aajmOPvtTAWpz4vXNjlZDA,lake-in-the-hills-illinois
https://www.ubereats.com/chicago/food-delivery/chipotle-mexican-grill-412-s-randall-rd/SQQ2M_ZrSpuEOMiJoyr3kA,lake-in-the-hills-illinois
https://www.ubereats.com/chicago/food-delivery/popeyes-340-w-virginia-st/46aR7kMmTuKdv3C0qLIzGg,lake-in-the-hills-illinois
https://www.ubereats.com/chicago/food-delivery/beef-shack-huntley/0dKTiA5zTDGPYUxRZdC-Pg,lake-in-the-hills-illinois
https://www.ubereats.com/chicago/food-delivery/fannie-may-crystal-lake/STvHvoQvS9yrdkVtq8m4nw,lake-in-the-hills-illinois
https://www.ubereats.com/chicago/food-delivery/rookies-all-american-pub-%26-grill-elgin/k3EQObx7SyqLs6sGk5iSFw,lake-in-the-hills-illinois
https://www.ubereats.com/chicago/food-delivery/texan-bbq/CiEbFRFzT5OBK3stP2VN8w,lake-in-the-hills-illinois
https://www.ubereats.com/chicago/food-delivery/bella-vista/AofTQYRPSRKbGHhM3KlWHA,lake-in-the-hills-illinois
https://www.ubereats.com/chicago/food-delivery/burger-king-2163-randall-road/2cFYUpvMQ22bzSanaGETiA,lake-in-the-hills-illinois
https://www.ubereats.com/chicago/food-delivery/750-cucina-rustica/l6suMAoCSEiXsPRyoEoV4g,lake-in-the-hills-illinois
https://www.ubereats.com/chicago/food-delivery/mcdonalds-terra-cotta-%26-virginia/g7KYvaf2QlGt_-Omr78-jw,lake-in-the-hills-illinois
https://www.ubereats.com/chicago/food-delivery/daily-projects-cafe-%26-eatery/c4BaZIoXQ2iYkAE7q4Ltwg,lake-in-the-hills-illinois
https://www.ubereats.com/chicago/food-delivery/starbucks-route-47-%26-regency/q4pRmhJFTd6DRJE--mPWIQ,lake-in-the-hills-illinois
https://www.ubereats.com/chicago/food-delivery/jersey-mikes-subs-western-%26-spruce/Kb2NIpJoSwmgsWlKY6QWZg,lake-in-the-hills-illinois
https://www.ubereats.com/chicago/food-delivery/china-chen/Vjz7tsR1Qy6EEzgqF-moyw,lake-in-the-hills-illinois
https://www.ubereats.com/chicago/food-delivery/organic-rootz/9sbI2fcrRYmqe_pMUjzcXg,lake-in-the-hills-illinois
https://www.ubereats.com/chicago/food-delivery/dunkin-12090-princeton-dr/afv7oy8jREe_B3er7mwWWA,lake-in-the-hills-illinois
https://www.ubereats.com/chicago/food-delivery/manor-cafe-%26-restaurant/Zc-TgR2qRzegHz0r5eYJUQ,lake-in-the-hills-illinois
https://www.ubereats.com/chicago/food-delivery/el-burrito-restaurant/5KF-_Am2QcSQ4LaNOvx02w,lake-in-the-hills-illinois
https://www.ubereats.com/chicago/food-delivery/on-the-border-algonquin/lFvKcjZ5Q5a8_95Cpb2Rxw,lake-in-the-hills-illinois
https://www.ubereats.com/chicago/food-delivery/papa-johns-main/5IjKolbiShOyWCHOktCwXQ,lake-in-the-hills-illinois
https://www.ubereats.com/chicago/food-delivery/lucky-bernies-woodstock/GnZEeDpLTImUqD3lx3LDgg,lake-in-the-hills-illinois
https://www.ubereats.com/chicago/food-delivery/popeyes-2180-randall-rd/4L1CIkUURey4LgsPnfMIbQ,lake-in-the-hills-illinois
https://www.ubereats.com/chicago/food-delivery/arbys-320-n-randall-rd/2qEyIUuMQwikErYD5qtbqQ,lake-in-the-hills-illinois
https://www.ubereats.com/chicago/food-delivery/jamba-juice-6000-northwest-hwy-unit-a/a42jXCijTNCppX3OIM4ocw,lake-in-the-hills-illinois
https://www.ubereats.com/chicago/food-delivery/country-donuts/zTTkTzJ5RL-CCgEL63tCXA,lake-in-the-hills-illinois
https://www.ubereats.com/chicago/food-delivery/browns-chicken-east-dundee/LGxmSQxaQLSuPwFqLhY4jA,lake-in-the-hills-illinois
https://www.ubereats.com/chicago/food-delivery/wendys-245-s-randall-rd/PN6kRU28SjiM9fV2UkHbEg,lake-in-the-hills-illinois
https://www.ubereats.com/chicago/food-delivery/panda-express-5260-us-14/-GUBAow_ReKjVq4nbVb3uw,lake-in-the-hills-illinois
https://www.ubereats.com/chicago/food-delivery/taco-bell-4112-w-elm-st/K9VcAj8oQe6hngRkEqT4Yg,lake-in-the-hills-illinois
https://www.ubereats.com/chicago/food-delivery/tasty-sushi/9vXzi3vJSZmfBFU4dzfBjg,lake-in-the-hills-illinois
https://www.ubereats.com/chicago/food-delivery/new-peking-chinese-restaurant/yfgPf1SBTRekpvKaFyj6ZQ,lake-in-the-hills-illinois
https://www.ubereats.com/chicago/food-delivery/yummy-asian-bistro/bhsywrmVTm-y19J9IgMqbA,lake-in-the-hills-illinois
https://www.ubereats.com/chicago/food-delivery/the-patroons-mexican-restaurant-inc/bsafsOWkS7uzTmnf3x3b6w,lake-in-the-hills-illinois
https://www.ubereats.com/chicago/food-delivery/chipotle-mexican-grill-5006-northwest-hwy-ste-a/BVfCIsPjS2Go8HDyR5LHOw,lake-in-the-hills-illinois
https://www.ubereats.com/chicago/food-delivery/subway-17-s-randall-rd/CmM57RYUQoCxlHbMiGijwg,lake-in-the-hills-illinois
https://www.ubereats.com/chicago/food-delivery/mcdonalds-rt-31-%26-terra-cotta/_dvvRKYSSF2wBYURLBe6wg,lake-in-the-hills-illinois
https://www.ubereats.com/chicago/food-delivery/the-chubby-bullfrog-bar-%26-grill/5H_hgDdrQA-Pd3twyWo9XA,lake-in-the-hills-illinois
https://www.ubereats.com/chicago/food-delivery/noodles-%26-company-4912-nw-hwy/a5LCRZ4LSDW3Gp8QE2YdBQ,lake-in-the-hills-illinois
https://www.ubereats.com/chicago/food-delivery/dunkin-80-tyler-creek-plz/gL9crwDgRBeh7aDSx1cuFg,lake-in-the-hills-illinois
https://www.ubereats.com/chicago/food-delivery/my-place-bar-and-grill/Mc8EbCR1SS2I5VCHQR9yQQ,lake-in-the-hills-illinois
https://www.ubereats.com/chicago/food-delivery/rosatis-pizza-crystal-lake/X7OrBaoSQfSqFpoqpcSOHA,lake-in-the-hills-illinois
https://www.ubereats.com/chicago/food-delivery/firehouse-subs-290-randall-road/D85_rParQ4CuasCdVIUmIA,lake-in-the-hills-illinois
https://www.ubereats.com/chicago/food-delivery/dunkin-9800-highway-47/2daP2EfISjKIZ83WnGMz1Q,lake-in-the-hills-illinois
https://www.ubereats.com/chicago/food-delivery/arbys-6000-northwest-hwy/o-OtDHSvTnGh99NXnBQeVw,lake-in-the-hills-illinois
https://www.ubereats.com/chicago/food-delivery/burger-king-12262-highway-47/e-VKCVfpSaSXB60hPTKT3w,lake-in-the-hills-illinois
https://www.ubereats.com/chicago/food-delivery/el-manantial-mexican-restaurant/-oRopbMyTamoSRQ5VvWLcQ,lake-in-the-hills-illinois
https://www.ubereats.com/chicago/food-delivery/ihop-northwest-%26-virginia/HtnLFZ4tSuKXwowPofcmpA,lake-in-the-hills-illinois
https://www.ubereats.com/chicago/food-delivery/subway-4059-algonquin-rd/P2ofDF5hTPaQOBwmk4z-vg,lake-in-the-hills-illinois
https://www.ubereats.com/chicago/food-delivery/burger-king-855-east-terra-cotta-avenue/otGAQHwkSRiBMtfYsfPjoA,lake-in-the-hills-illinois
https://www.ubereats.com/chicago/food-delivery/el-gordo-mexican-restaurant/0q9caKwCQRS1w6MnrmUbLw,lake-in-the-hills-illinois
https://www.ubereats.com/chicago/food-delivery/hong-express/9rZr5do1Sn6K4m02-89r-A,lake-in-the-hills-illinois
https://www.ubereats.com/chicago/food-delivery/pinecrest-restaurant/llzxR13JTx2t6yLQA9_Z3Q,lake-in-the-hills-illinois
https://www.ubereats.com/chicago/food-delivery/porkies-pig-roast/Fw-JBWwDR8-3twOnuH8dzA,lake-in-the-hills-illinois
https://www.ubereats.com/chicago/food-delivery/dws-bbq/mefh_YynSL2fbq0RKse5BA,lake-in-the-hills-illinois
https://www.ubereats.com/chicago/food-delivery/noodles-%26-company-315-n-randall-rd/Uq12AGF2S32IME91IATG1A,lake-in-the-hills-illinois
https://www.ubereats.com/chicago/food-delivery/vickies-place/FhX_JrY5QlC58WOq21OqFg,lake-in-the-hills-illinois
https://www.ubereats.com/chicago/food-delivery/bella-lukes/u_YHJPdaRemUs64rfthxBQ,lake-in-the-hills-illinois
https://www.ubereats.com/chicago/food-delivery/la-michoacana/nnu60pK_Q9ifKxvNTqfrOg,lake-in-the-hills-illinois
https://www.ubereats.com/chicago/food-delivery/lucky-pennys-of-cary/X8KXcOl9S8S6a-N889RUug,lake-in-the-hills-illinois
https://www.ubereats.com/chicago/food-delivery/woow-sushi/vLrCP9BbRPy_AxnsAooUkA,lake-in-the-hills-illinois
https://www.ubereats.com/chicago/food-delivery/quiznos-667-s-eastwood-dr/-bP9Ig7xTfCnkfCB3PTFHQ,lake-in-the-hills-illinois
https://www.ubereats.com/chicago/food-delivery/steak-n-shake-211-n-randall-rd/BfbeO5J2QSW_gnIY7Dw4pA,lake-in-the-hills-illinois
https://www.ubereats.com/chicago/food-delivery/taco-bell-13320-s-highway-47/qFR0QzhPS8aGOCTBJdw1hw,lake-in-the-hills-illinois
https://www.ubereats.com/chicago/food-delivery/the-port-of-peri-peri-algonquin/W8xYCN9DS5KyKmoNR5e7vQ,lake-in-the-hills-illinois
https://www.ubereats.com/chicago/food-delivery/menchies-frozen-yogurt-2531-north-county-line-road/eVqtcjjRS1aOSRzQbfUYRA,lake-in-the-hills-illinois
https://www.ubereats.com/chicago/food-delivery/bamboozels/PR0YWvgBQ3iSh5obB5eD4A,lake-in-the-hills-illinois
https://www.ubereats.com/chicago/food-delivery/burger-king-60-northwest-highway/cygCkRVsRRCxMO76Q1MpZQ,lake-in-the-hills-illinois
https://www.ubereats.com/chicago/food-delivery/rosatis-pizza-2-tyler-creek-pl/zQXr16XAS_uinF244IKroA,lake-in-the-hills-illinois
https://www.ubereats.com/chicago/food-delivery/mias-la-michoacana/bJUHAUMpSdSydd-WvYJlsw,lake-in-the-hills-illinois
https://www.ubereats.com/chicago/food-delivery/starbucks-north-williams-%26-brink/7MQx6kHMQF-JYQVmcfBPCw,lake-in-the-hills-illinois
https://www.ubereats.com/chicago/food-delivery/subway-658-north-west-hwy/ClVu2W9oQgauU7i3_8F6uw,lake-in-the-hills-illinois
https://www.ubereats.com/chicago/food-delivery/wendys-151-south-western/zXOR04DOSfaBxxxhepUVyQ,lake-in-the-hills-illinois
https://www.ubereats.com/chicago/food-delivery/churros-y-chocolate/FVnPnuXKTh-vSLk3GXd-8Q,lake-in-the-hills-illinois
https://www.ubereats.com/chicago/food-delivery/hacienda-de-los-perez/uiMUgu-iQUehnumBj9rbNQ,lake-in-the-hills-illinois
https://www.ubereats.com/chicago/food-delivery/brunch-cafe-huntley/aMwoIJhrS_6Fxk03PwmyJw,lake-in-the-hills-illinois
https://www.ubereats.com/chicago/food-delivery/subway-10976-rt-%2347/ZXh5pryTQlSpyvYodKeaGw,lake-in-the-hills-illinois
https://www.ubereats.com/chicago/food-delivery/griffin-room/rndyxVo0Q1Ox1fqyyASLtw,lake-in-the-hills-illinois
https://www.ubereats.com/chicago/food-delivery/kfc-415-south-randall-road/dkX0A8KcR8ibePz2hKVPrw,lake-in-the-hills-illinois
https://www.ubereats.com/chicago/food-delivery/mannys-handcrafted-gelato-and-cafe/Xfjs5ehVR2yX58fw2fIFkQ,lake-in-the-hills-illinois
https://www.ubereats.com/chicago/food-delivery/mios-pizza/vicHcSO3QgmzXjuPG5HNjg,lake-in-the-hills-illinois
https://www.ubereats.com/chicago/food-delivery/kostas-gyros-algonquin/x6tzDji6Rae5HdEvOYW3lg,lake-in-the-hills-illinois
https://www.ubereats.com/chicago/food-delivery/village-pizza-and-pub-kennedy-drive/YKSNasyeQ8SiHnd0wflGKw,lake-in-the-hills-illinois
https://www.ubereats.com/chicago/food-delivery/huntleys-tacos-locos/dAIS65lFQ4aiIyh8q5tZTg,lake-in-the-hills-illinois
https://www.ubereats.com/chicago/food-delivery/crystal-lake-rib-house/qiNxHOLZQIGggKmAET6yqw,lake-in-the-hills-illinois
https://www.ubereats.com/chicago/food-delivery/dunkin-1319-e-algonquin-rd/YhUOD2r9RXu9S6MGCpq7Ww,lake-in-the-hills-illinois
https://www.ubereats.com/chicago/food-delivery/buffalo-wild-wings-5755-northwest-hwy/Ab3NygfuSOO_lxVuMLm1rw,lake-in-the-hills-illinois
https://www.ubereats.com/chicago/food-delivery/kumi-sushi/bXdgcXTxQYWCfgwogcEVWw,lake-in-the-hills-illinois
https://www.ubereats.com/chicago/food-delivery/kfc-818-west-main-street/faZm3bhuTLiib5f90QowtQ,lake-in-the-hills-illinois
https://www.ubereats.com/chicago/food-delivery/panera-451-south-randall-road/XGNBYclRTQezfO4zRMeH6A,lake-in-the-hills-illinois
https://www.ubereats.com/chicago/food-delivery/the-port-of-peri-peri/dhtzPHCCQHSfg6BmxhHPTw,lake-in-the-hills-illinois
https://www.ubereats.com/chicago/food-delivery/starbucks-northwest-highway-%26-crystal-point/Ne5l-zEdTjWuscnlhYWm_w,lake-in-the-hills-illinois
https://www.ubereats.com/chicago/food-delivery/la-alcancia/5iaIDbTuSvilyeust3FMGw,lake-in-the-hills-illinois
https://www.ubereats.com/chicago/food-delivery/papa-johns-algonquin/Ce7nsL7qSzml4CqUx6JUqw,lake-in-the-hills-illinois
https://www.ubereats.com/chicago/food-delivery/alfredos-pizza/K-A_0zuAQHOCYPonuUbBpA,lake-in-the-hills-illinois
https://www.ubereats.com/chicago/food-delivery/wendys-2280-randall-road/n6V6Ek_gTy-OOYldf9dKbg,lake-in-the-hills-illinois
https://www.ubereats.com/chicago/food-delivery/chipotle-mexican-grill-201-n-8th-st/Y6axVE03SAGT9u_4yT4skA,lake-in-the-hills-illinois
https://www.ubereats.com/chicago/food-delivery/galloways-chicago-subs/DSA82CWRS-ykaR4TwJdBeQ,lake-in-the-hills-illinois
https://www.ubereats.com/chicago/food-delivery/bold-american-fare/A5xRoshLQBa_-0tjZMg1bg,lake-in-the-hills-illinois
https://www.ubereats.com/chicago/food-delivery/expressly-leslie-vegetarian-specialties/ZJs2PsyeRiG-ca8oziq31A,lake-in-the-hills-illinois
https://www.ubereats.com/chicago/food-delivery/village-vintner-winery-%26-brewery/FdhJpByJSOm0XALYhdqJQQ,lake-in-the-hills-illinois
https://www.ubereats.com/chicago/food-delivery/mcalister-240-s-randall-road/kw2nUa6DQS-664nvtOJtRQ,lake-in-the-hills-illinois
https://www.ubereats.com/chicago/food-delivery/dennys-200-springhill-dr/LrLTfHywSxyS_Sj1QrPwdg,lake-in-the-hills-illinois
https://www.ubereats.com/chicago/food-delivery/morettis-ristorante-%26-pizzeria-lake-in-the-hills/oQyAWpEXRCWS75xie7yQlw,lake-in-the-hills-illinois
https://www.ubereats.com/chicago/food-delivery/little-caesars-327-randall-rd/8-qRrexRRge87zKdFJa8Zg,lake-in-the-hills-illinois
https://www.ubereats.com/chicago/food-delivery/potbelly-sandwich-shop-crystal-lake-%7C-286/MWjCFR20RVSIGLDMW8ZenQ,lake-in-the-hills-illinois
https://www.ubereats.com/chicago/food-delivery/lucky-bernies-huntley/OPHRvb0hQ_Oec2L0C1tXMw,lake-in-the-hills-illinois
https://www.ubereats.com/chicago/food-delivery/red-lobster-701-spring-hill-ring-road/n7FO4hS-Q92lABZ7t5pOCg,lake-in-the-hills-illinois
https://www.ubereats.com/chicago/food-delivery/starbucks-randall-%26-harnish/epkzAAaYTc2EWlR5SANZoQ,lake-in-the-hills-illinois
https://www.ubereats.com/chicago/food-delivery/red-robin-343-441-s-randall-rd/bE3ycmL5RCmgDhhCwP4T6A,lake-in-the-hills-illinois
https://www.ubereats.com/chicago/food-delivery/southern-belles-carpentersville/7Mrvp2ueQC2a3m34NmujWA,lake-in-the-hills-illinois
https://www.ubereats.com/chicago/food-delivery/sbarro-1070-spring-hill-mall/Y4d2ZdqjTI6oOzz95eennw,lake-in-the-hills-illinois
https://www.ubereats.com/chicago/food-delivery/taco-bell-420-virginia-st/2ct1Jc4fTwK8vYMAkSNAWg,lake-in-the-hills-illinois
https://www.ubereats.com/chicago/food-delivery/el-molino-azul/qgsraCSTSNCu9cK_eMTFKw,lake-in-the-hills-illinois
https://www.ubereats.com/chicago/food-delivery/las-cazuelitas/hxwUkghzTOSBlQGBfdwIpA,lake-in-the-hills-illinois
https://www.ubereats.com/chicago/food-delivery/new-chinainc/q0-yS1ZZTy-Jo4ViZcWU6w,lake-in-the-hills-illinois
https://www.ubereats.com/chicago/food-delivery/gianellis-drive-thru/RtTOJVrhS7mHTrzGim-SCw,lake-in-the-hills-illinois
https://www.ubereats.com/chicago/food-delivery/panda-express-27a-south-western-ave/Hne4K5gbTQ-PYVp4sTi1Kw,lake-in-the-hills-illinois
https://www.ubereats.com/chicago/food-delivery/honey-baked-ham-co-%26-cafe-crystal-lake/RUXpMWzTQKiIWz07UK0Cyg,lake-in-the-hills-illinois
https://www.ubereats.com/chicago/food-delivery/king-buffet/iVUjXFSsQ2WCM7zwtTbfxw,lake-in-the-hills-illinois
https://www.ubereats.com/chicago/food-delivery/the-village-squire-crystal-lake/LVE8K8QcSkSvaFmipba3BA,lake-in-the-hills-illinois
https://www.ubereats.com/chicago/food-delivery/jersey-mikes-subs-randall-%26-acorn/VjgxO-c0SM6ovjDjI5GFVQ,lake-in-the-hills-illinois
https://www.ubereats.com/chicago/food-delivery/taco-bell-231-n-randall-rd/KzFu_o7nSPWwIzjVH4njvA,lake-in-the-hills-illinois
https://www.ubereats.com/chicago/food-delivery/taqueria-la-placita/jMb4DcqHQMKwArKwnX839w,lake-in-the-hills-illinois
https://www.ubereats.com/chicago/food-delivery/village-pizza-and-pub-randall-rd/3MukxnMhTYGTBYOohSu1Vg,lake-in-the-hills-illinois
https://www.ubereats.com/chicago/food-delivery/the-uncommon-palate-inc/JnS4YP8FRUitozvUOuFffA,lake-in-the-hills-illinois
https://www.ubereats.com/chicago/food-delivery/quisqueya-punta-cana-restaurant/zghZxYlMTEeL6nttoB7Vhw,lake-in-the-hills-illinois
https://www.ubereats.com/chicago/food-delivery/bangkok-thai-%26-sushi-restaurant/CISOSV7OSTGx_OijxzzSaQ,lake-in-the-hills-illinois
https://www.ubereats.com/chicago/food-delivery/burrito-parilla-mexicana-algonquin/kmMb4sdyTPeRp0equq4sbQ,lake-in-the-hills-illinois
https://www.ubereats.com/chicago/food-delivery/quisqueya-punta-cana-restaurant/WqFm_UUfTq2adTX4S_h9nw,lake-in-the-hills-illinois
https://www.ubereats.com/chicago/food-delivery/chuck-e-cheese-4725-northwest-hwy/zf3-KgeTQ-SvoEVbez8yFQ,lake-in-the-hills-illinois
https://www.ubereats.com/chicago/food-delivery/burger-king-250-virginia-avenue/-et-JdFJRPW4eIHKAjLL5g,lake-in-the-hills-illinois
https://www.ubereats.com/chicago/food-delivery/rosatis-pizza-50-industrial-dr-%23110/5XG-etWWTwStURm5sEF6Gg,lake-in-the-hills-illinois
https://www.ubereats.com/chicago/food-delivery/alexanders-cafe-elgin/tr9OcrNAQROCiio93Alnrg,lake-in-the-hills-illinois
https://www.ubereats.com/chicago/food-delivery/buona-algonquin/0u5m4zbbREehXI4dJVr_8Q,lake-in-the-hills-illinois
https://www.ubereats.com/chicago/food-delivery/starbucks-8th-%26-geneva/ZLTdDm5sTRmqIDR7wXQs9A,lake-in-the-hills-illinois
https://www.ubereats.com/chicago/food-delivery/charles-fast-foodgilberts/jPcP9n5VTw6_PyfzMPtgcA,lake-in-the-hills-illinois
https://www.ubereats.com/chicago/food-delivery/la-mariskera-kitchen-%26-bar/Lyud-NofSue2kDIlFU2aFg,lake-in-the-hills-illinois
https://www.ubereats.com/chicago/food-delivery/dunkin-315-e-higgins-rd/9g5JAtWsT3etbgC2dHxP8g,lake-in-the-hills-illinois
https://www.ubereats.com/chicago/food-delivery/bubs-subs/ozUscy6KTG--wpq7kf5hFA,lake-in-the-hills-illinois
https://www.ubereats.com/chicago/food-delivery/mookies-steak-%26-seafood/UYSyFLHDTlGaMX7GjR20Sw,lake-in-the-hills-illinois
https://www.ubereats.com/chicago/food-delivery/mcdonalds-randall-%26-huntley/uGnFIVAmQRK9sN_kTNnO7w,lake-in-the-hills-illinois
https://www.ubereats.com/chicago/food-delivery/mookies-steak-%26-seafood/bJ48gGbCS2-Njyii2qk6eA,lake-in-the-hills-illinois
https://www.ubereats.com/chicago/food-delivery/panda-express-420-south-randall-rd/d2NTctWcSIy3yN5d9nJ68g,lake-in-the-hills-illinois
https://www.ubereats.com/chicago/food-delivery/tropical-smoothie-cafe-huntley-grove/-lXEViqGR3qQj2xtVQnkvg,lake-in-the-hills-illinois
https://www.ubereats.com/chicago/food-delivery/chipotle-mexican-grill-2500-n-randall-rd/l1ViQxlcSPuDt07L6AFzcg,lake-in-the-hills-illinois
https://www.ubereats.com/chicago/food-delivery/little-caesars-12250-princeton-drive/N4e3ZA9pQFuwWCN3y4cmKw,lake-in-the-hills-illinois
https://www.ubereats.com/chicago/food-delivery/breaking-bread-catering-%26-deli/1BThUQqjQQaFTjip9PQRdQ,lake-in-the-hills-illinois
https://www.ubereats.com/chicago/food-delivery/pasquallys-pizza-%26-wings-4725-northwest-hwy/7yZYwm2TROSALXj-WaBx4A,lake-in-the-hills-illinois
https://www.ubereats.com/chicago/food-delivery/la-pizza-via/C3-qORW2TEOMU231LDCxlw,lake-in-the-hills-illinois
https://www.ubereats.com/chicago/food-delivery/la-mega-michoacana/BaSWv8I7RhGCmh9aj992QQ,lake-in-the-hills-illinois
https://www.ubereats.com/chicago/food-delivery/taco-bell-660-northwest-highway/twWa-kuoQ2yEuK7ru0kj1Q,lake-in-the-hills-illinois
https://www.ubereats.com/chicago/food-delivery/starbucks-randall-%26-acorn/83HKZ9MtR6-OiZh266Xmww,lake-in-the-hills-illinois
https://www.ubereats.com/chicago/food-delivery/river-street-tavern/LhejvC46SWOiGs4j5rqtuw,lake-in-the-hills-illinois
https://www.ubereats.com/chicago/food-delivery/douangchays-kitchen-dba-roll-n-donut-cafe/wwLvNLe4QiyXq-V6qdXkpQ,lake-in-the-hills-illinois
https://www.ubereats.com/chicago/food-delivery/tea-house/rC1vQ1GHR_aFxGGsCxU4vg,lake-in-the-hills-illinois
https://www.ubereats.com/chicago/food-delivery/ta-wan-thai-restaurant/xHps9ZGSTP2xIqdmWq-dKA,lake-in-the-hills-illinois
https://www.ubereats.com/chicago/food-delivery/gyradiko/Z1Y2IKD6TnejcJxXq0FHew,lake-in-the-hills-illinois
https://www.ubereats.com/chicago/food-delivery/jj-polish-restaurant/B2sf7xW9QdyJUwEnrjYN7A,lake-in-the-hills-illinois
https://www.ubereats.com/chicago/food-delivery/kobe-japanese-steakhouse/X0rRebizR9S_e155JB51LA,lake-in-the-hills-illinois
https://www.ubereats.com/chicago/food-delivery/bulldog-ale-house-algonquin/TT8tVh5YSsSJllXvYaauyg,lake-in-the-hills-illinois
https://www.ubereats.com/chicago/food-delivery/the-vine-%26-plate-wine-bar-%2B-provisions/_Q4hMTa3SuCMKV1xS7fuhQ,lake-in-the-hills-illinois
https://www.ubereats.com/chicago/food-delivery/brunch-cafe/4REcUGFDQpecN-qzEm2nHQ,lake-in-the-hills-illinois
https://www.ubereats.com/chicago/food-delivery/white-castle-241-n-randall-rd/EsY8SLj_TUeqSppdBooOow,lake-in-the-hills-illinois
https://www.ubereats.com/chicago/food-delivery/buffalo-wild-wings-461-s-randall-rd/C2dmQbPLSx-OHF3fI6hoFA,lake-in-the-hills-illinois
https://www.ubereats.com/chicago/food-delivery/kfc-4503-w-elm-street/lHX3cBmxTwmLaj2g6dKNig,lake-in-the-hills-illinois
https://www.ubereats.com/chicago/food-delivery/brunch-cafe-mchenry/NsaObs4iQRuqLC00p3iPfA,lake-in-the-hills-illinois
https://www.ubereats.com/chicago/food-delivery/bulldog-ale-house-mchenry/gcLeWIh1QPy-objS_whYYQ,lake-in-the-hills-illinois
https://www.ubereats.com/chicago/food-delivery/wendys-740-northwest-hwy/WCNd5gw1QR61coeAjS5Idg,lake-in-the-hills-illinois
https://www.ubereats.com/chicago/food-delivery/mcdonalds-crystal-point-%26-northwest/QH6ISsKbQbCPHmR5BhIzHQ,lake-in-the-hills-illinois
https://www.ubereats.com/chicago/food-delivery/cafe-31-north/Iq_MeZ64RXej561P15WOCA,lake-in-the-hills-illinois
https://www.ubereats.com/chicago/food-delivery/quiznos-8-east-main-street/ouIaEHpATBmGApLds-9GWg,lake-in-the-hills-illinois
https://www.ubereats.com/chicago/food-delivery/dunkin-510-auburn-drive-unit-a/F9DM6TCkTse9UF24AmVm3w,lake-in-the-hills-illinois
https://www.ubereats.com/chicago/food-delivery/nicks-pizza-%26-pub-crystal-lake/aWK_K0WYQwCZKfPiTEPp4g,lake-in-the-hills-illinois
https://www.ubereats.com/chicago/food-delivery/golden-corral-1591-s-randall-road/c7nNd6sLTei3_Zgkoz8u_w,lake-in-the-hills-illinois
https://www.ubereats.com/chicago/food-delivery/broken-oar/276TXJ-8QFOs8eLalBXbaA,lake-in-the-hills-illinois
https://www.ubereats.com/chicago/food-delivery/boston-market-205-s-randall-road/p2anJn1XQ86VHkSmp8F6pQ,lake-in-the-hills-illinois
https://www.ubereats.com/chicago/food-delivery/butcher-on-the-block/oMbR2UYYRcmSsK-tPoAqGQ,lake-in-the-hills-illinois
https://www.ubereats.com/chicago/food-delivery/taco-bell-1160-n-mclean-blvd/DZP1mFIaTA2zEwHRyAGb1g,lake-in-the-hills-illinois
https://www.ubereats.com/chicago/food-delivery/taco-bell-1000-kennedy-dr/BrvzzazJTgSNJC3FV1Fw0w,lake-in-the-hills-illinois
https://www.ubereats.com/chicago/food-delivery/mcdonalds-northwest-%26-feinberg/oSngdozWRk6bH3IHtWqIlQ,lake-in-the-hills-illinois
https://www.ubereats.com/chicago/food-delivery/ihop-randall-%26-weld/EOykNeThSdaSAbAJRTumZw,lake-in-the-hills-illinois
https://www.ubereats.com/chicago/food-delivery/subway-1024-s-mchenry/cXmwd0J7Svq_fJUp6OBrdg,lake-in-the-hills-illinois
https://www.ubereats.com/chicago/food-delivery/cottage-on-the-go/-6WiMAlsROe3PpC7XY_1jQ,lake-in-the-hills-illinois
https://www.ubereats.com/chicago/food-delivery/subway-nw-hwy/cGHbhwT5Tn-JZIbJnn9u0Q,lake-in-the-hills-illinois
https://www.ubereats.com/chicago/food-delivery/outback-steakhouse-4751-northwest-highway/uwbsLPqyRRSftgmxcT4A5g,lake-in-the-hills-illinois
https://www.ubereats.com/chicago/food-delivery/wendys-6116-northwest-highway/EsGlwNWJSQeiq7fXjSUe9A,lake-in-the-hills-illinois
https://www.ubereats.com/chicago/food-delivery/panda-express-12340-route-47/3tRy3akCT1a0TAutENWOhQ,lake-in-the-hills-illinois
https://www.ubereats.com/chicago/food-delivery/dunkin-1469-s-randall-rd/SNEzs-ISQm27c0KnB0gbaw,lake-in-the-hills-illinois
https://www.ubereats.com/chicago/food-delivery/mcdonalds-randall-%26-algonquin/EU5EjWjmTPq0QVfIPAWRuw,lake-in-the-hills-illinois
https://www.ubereats.com/chicago/food-delivery/thumka-indian-express/2x84Q843RiKL57eVmiy-ng,lake-in-the-hills-illinois
https://www.ubereats.com/chicago/food-delivery/el-fuego/WwoPWFSBRPW2ZkkYRp3jSA,lake-in-the-hills-illinois
https://www.ubereats.com/chicago/food-delivery/alianos-ristorante/XK_X0eWjTUaGvzoyV4jnsg,lake-in-the-hills-illinois
https://www.ubereats.com/chicago/food-delivery/bullseye-pub-%26-eatery/UkYsO0YkQf6wcDHPR4RLnQ,lake-in-the-hills-illinois
https://www.ubereats.com/chicago/food-delivery/rookies-all-american-pub-%26-grill-huntley/g7NO0yzGRm2i4oGzqI6PyA,lake-in-the-hills-illinois
https://www.ubereats.com/chicago/food-delivery/mcdonalds-sr-47-%26-north/3Da1VeUgRK2IWeuuOeTp9A,lake-in-the-hills-illinois
https://www.ubereats.com/chicago/food-delivery/fire-bar-%26-grill/-oHF3tNNQZG8m06L-92rmQ,lake-in-the-hills-illinois
https://www.ubereats.com/chicago/food-delivery/portillos-hot-dogs-855-cog-circle/inwj-9g8QN2HHUY692gtKA,lake-in-the-hills-illinois
https://www.ubereats.com/chicago/food-delivery/mixteca-mexican-grill-%26-tequila-bar/aRm9UoMkRcSWGhAkzBMZrw,lake-in-the-hills-illinois
https://www.ubereats.com/chicago/food-delivery/dinos-pizza/vtuYLPtQTbCxv0I-huUWJw,lake-in-the-hills-illinois
https://www.ubereats.com/chicago/food-delivery/five-guys-il-0579-6000-northwest-hwy/JAy0rOU6R0-XxYLLqxIwrQ,lake-in-the-hills-illinois
https://www.ubereats.com/chicago/food-delivery/bajis-kitchen-homestyle-halal-carry-out/VZOBUGU3QrysVikXfBC6lw,lake-in-the-hills-illinois
https://www.ubereats.com/chicago/food-delivery/breaking-bread-catering-%26-deli/KzOabczxSMi9NHT34w3CYg,lake-in-the-hills-illinois
https://www.ubereats.com/chicago/food-delivery/grounds-coffee-bar/944xcZ5OTQyZQBryiY8WrQ,lake-in-the-hills-illinois
https://www.ubereats.com/chicago/food-delivery/mori-sushi/kCh1cQP_SOGZBolgwC-6DA,lake-in-the-hills-illinois
https://www.ubereats.com/chicago/food-delivery/kfc-6280-northwest-highway/-77RbTgZSTumll_4Faw2Aw,lake-in-the-hills-illinois
https://www.ubereats.com/chicago/food-delivery/buffalo-wings-%26-rings-1520-carlemont-dr/0cmhVok6Q1OveJklhRklBQ,lake-in-the-hills-illinois
https://www.ubereats.com/chicago/food-delivery/7402-bonefish-grill-1604-randall-rd/uWQL7guEQEWiQS5tSsnrBg,lake-in-the-hills-illinois
https://www.ubereats.com/chicago/food-delivery/el-niagara-mexican-restaurant/w9rRmjkmSJa_uBzdYPYrOw,lake-in-the-hills-illinois
https://www.ubereats.com/chicago/food-delivery/taco-bell-400-s-eastwood-dr/CmRAcgLjRIuprlTpNqBE6w,lake-in-the-hills-illinois
https://www.ubereats.com/chicago/food-delivery/burger-king-224-south-randall-road/HDpU5frbSxqNb0cIqQlM4Q,lake-in-the-hills-illinois
https://www.ubereats.com/chicago/food-delivery/jimmys-charhouse-elgin/ZtrQHOokTuyTVb43tTUQmg,lake-in-the-hills-illinois
