url,city
https://www.ubereats.com/philadelphia/food-delivery/renos-pizza-village/34M-M3SoRyewziN5Ye9qLA,langhorne-pennsylvania
https://www.ubereats.com/philadelphia/food-delivery/anthonys-iv-pizza/OFAduR4yRLG6x-7JgnNfoA,langhorne-pennsylvania
https://www.ubereats.com/philadelphia/food-delivery/ihop-110-lincoln-hwy-suite-%231/lc5ZxOI3SvWEBL0mvki4Cw,langhorne-pennsylvania
https://www.ubereats.com/philadelphia/food-delivery/asian-halal-%26-kabab-house/_Vud6lAeSEy3G-IBiAcbhw,langhorne-pennsylvania
https://www.ubereats.com/philadelphia/food-delivery/lees-favorites/YwlhCwftQ9y9HNC6tUMS-A,langhorne-pennsylvania
https://www.ubereats.com/philadelphia/food-delivery/warminster-west-diner-%26-restaurant/18r0Bh7zSc-K7am4gEf69w,langhorne-pennsylvania
https://www.ubereats.com/philadelphia/food-delivery/rjs-bagels-inc/HxfVmpmbRXCFOeEE6M01HA,langhorne-pennsylvania
https://www.ubereats.com/philadelphia/food-delivery/hummingbird-restaurant-llc/hkXFDNxJSoeHWQVMMSXQdw,langhorne-pennsylvania
https://www.ubereats.com/philadelphia/food-delivery/hnt-chicken/GT1qOMDDTcmBKWS7-2KT8g,langhorne-pennsylvania
https://www.ubereats.com/philadelphia/food-delivery/jersey-mikes-subs-182-w-street-rd/65bCSm7aR0C3U_3LdQJTtw,langhorne-pennsylvania
https://www.ubereats.com/philadelphia/food-delivery/pasquallys-pizza-%26-wings-1283-e-lincoln-hwy/OJq98MYqQuOBHWMzZnZroA,langhorne-pennsylvania
https://www.ubereats.com/philadelphia/food-delivery/pork-chops-bbq/SGHZgwWGTQiTsgyZ-D8wJA,langhorne-pennsylvania
https://www.ubereats.com/philadelphia/food-delivery/darby-ogills/DYDTq8JPSgq-CuI8EQ1MJw,langhorne-pennsylvania
https://www.ubereats.com/philadelphia/food-delivery/burgerim-711-easton/nWZA5qQ0Q7691xqsm-kozg,langhorne-pennsylvania
https://www.ubereats.com/philadelphia/food-delivery/revere-river-rd/N3tPpIHqRc-e9WdeY9HPHw,langhorne-pennsylvania
https://www.ubereats.com/philadelphia/food-delivery/red-robin-105-610-middletown-blvd/Q_YGSrTwTLWsCF9FYthF0A,langhorne-pennsylvania
https://www.ubereats.com/philadelphia/food-delivery/friendlys-106-neshaminy-mall/9PNNGdIrR4e2s56stnzWcA,langhorne-pennsylvania
https://www.ubereats.com/philadelphia/food-delivery/cafe-antonio/W_mqAhFSTtSibxUZi-bxFQ,langhorne-pennsylvania
https://www.ubereats.com/philadelphia/food-delivery/delhi-woks/BS-3U2p7QhecV3lb_VwSnA,langhorne-pennsylvania
https://www.ubereats.com/philadelphia/food-delivery/bens-delicatessen/dyKcqmqeTwuLWhzZ33KsFA,langhorne-pennsylvania
https://www.ubereats.com/philadelphia/food-delivery/dunkin-8621-new-falls-rd/EY3LWafPR_eLbT6CF9AG8A,langhorne-pennsylvania
https://www.ubereats.com/philadelphia/food-delivery/kfc-rt-130-%26-high-st/prpPQDphQSKltLvHY0mgcw,langhorne-pennsylvania
https://www.ubereats.com/philadelphia/food-delivery/osaki/sHdX5bX_StiZNFCutESjOw,langhorne-pennsylvania
https://www.ubereats.com/philadelphia/food-delivery/mt-fuji-hibachi-%26-asian-bistro/UkwJ0MKTQoerMikRDmPY6A,langhorne-pennsylvania
https://www.ubereats.com/philadelphia/food-delivery/newtown-bagel-company/29_gg-fzS9aI9jcA3I9bRw,langhorne-pennsylvania
https://www.ubereats.com/philadelphia/food-delivery/east-sushi-restaurant/eZjfQUUVR6W6tJ_tRzd_sQ,langhorne-pennsylvania
https://www.ubereats.com/new-jersey/food-delivery/manhattan-bagel/6cccHpu8Q4uhn3yosdGhdA,langhorne-pennsylvania
https://www.ubereats.com/new-jersey/food-delivery/starbucks-neshaminy/_iyMu6YeR7uo0ABTG6jlpQ,langhorne-pennsylvania
https://www.ubereats.com/philadelphia/food-delivery/pats-colonial-kitchen/ah3gTA9TRlGIk59L-SRmKg,langhorne-pennsylvania
https://www.ubereats.com/philadelphia/food-delivery/saladworks-neshaminy-mall/sSYN9dY6TbWTMbdxjLqScg,langhorne-pennsylvania
https://www.ubereats.com/philadelphia/food-delivery/mt-fuji-japanese-food-%26-steak/NFakDObITJS367rGC4Ox3A,langhorne-pennsylvania
https://www.ubereats.com/philadelphia/food-delivery/manhattan-bagel/6cccHpu8Q4uhn3yosdGhdA,langhorne-pennsylvania
https://www.ubereats.com/philadelphia/food-delivery/route-1-diner/yYWJY0xNRI2pBPITT5Yh5w,langhorne-pennsylvania
https://www.ubereats.com/philadelphia/food-delivery/giovannis/uBgqwBuNRXufHemi14SBjg,langhorne-pennsylvania
https://www.ubereats.com/philadelphia/food-delivery/anthonys-iv-pizza-%26-pasta/gIBUUuiTSOm8ZeBYDpb9EA,langhorne-pennsylvania
https://www.ubereats.com/philadelphia/food-delivery/sonic-1660-north-olden-avenue/3KgCQ8jRTUWkiERzda2Cmg,langhorne-pennsylvania
https://www.ubereats.com/philadelphia/food-delivery/marcellos-coal-fired-restaurant-pizza/N2G88DGNQWqFKtWpd_SZcw,langhorne-pennsylvania
https://www.ubereats.com/philadelphia/food-delivery/manninos-family-ristorante/A2_wIaOQT1qVdQTMzJdRSw,langhorne-pennsylvania
https://www.ubereats.com/philadelphia/food-delivery/the-valley-pizza-restaurant/rcDgW5XySsatX4scdnG97Q,langhorne-pennsylvania
https://www.ubereats.com/philadelphia/food-delivery/millers-ale-house-langhorne/WYRPFqepQZCYkJWpDuNbZA,langhorne-pennsylvania
https://www.ubereats.com/philadelphia/food-delivery/las-margaritas-southampton/7p7ef25kRderuUH5XAcvLA,langhorne-pennsylvania
https://www.ubereats.com/philadelphia/food-delivery/subway-35-bellevue-ave/ivFeu0oOSfqvdlL3nEcLDQ,langhorne-pennsylvania
https://www.ubereats.com/philadelphia/food-delivery/michaels-family-restaurant/MbjMqpGlTMSSNffCafhArg,langhorne-pennsylvania
https://www.ubereats.com/philadelphia/food-delivery/vue-lounge/JWi2gKitSe6SkSe1uboB4g,langhorne-pennsylvania
https://www.ubereats.com/philadelphia/food-delivery/chipotle-mexican-grill-3580-horizon-blvd/p9QT7tipQcicyOpGUCiZjQ,langhorne-pennsylvania
https://www.ubereats.com/philadelphia/food-delivery/mcdonalds-321-w-trenton-ave/4oy76y5vSwa2R8dVP2yBnQ,langhorne-pennsylvania
https://www.ubereats.com/philadelphia/food-delivery/dunkin-3401-street-rd/ngYiDXMIQoaQRREHzA31RQ,langhorne-pennsylvania
https://www.ubereats.com/philadelphia/food-delivery/lees-hoagie-house/pe3EqQBHT6uk44qIrhfoOg,langhorne-pennsylvania
https://www.ubereats.com/philadelphia/food-delivery/sandys-beef-%26-ale/8HD5yRohS3K16LmIEt22EQ,langhorne-pennsylvania
https://www.ubereats.com/philadelphia/food-delivery/perkins-restaurant-%26-bakery-warminster/2oY_DR_iTai-SPFcmv3amQ,langhorne-pennsylvania
https://www.ubereats.com/philadelphia/food-delivery/ritas-italian-ice-161-byberry-rd/mwW5_4bUQsSeUlqGSrEm8w,langhorne-pennsylvania
https://www.ubereats.com/philadelphia/food-delivery/steak-and-hoagie-factory-richboro/UkeJr7OARmiYeHrIGldA5A,langhorne-pennsylvania
https://www.ubereats.com/philadelphia/food-delivery/papa-johns-600-john-f-kennedy-way/HWilZETYRGqrVEROZyHkpQ,langhorne-pennsylvania
https://www.ubereats.com/philadelphia/food-delivery/melts-wing-shop-langhorne/7lZ7apxpRkqPKTip1aOf0Q,langhorne-pennsylvania
https://www.ubereats.com/philadelphia/food-delivery/bagelocity-%26-the-soup-king-cafe/cs56TrfLQqO1L_2rl_jEMw,langhorne-pennsylvania
https://www.ubereats.com/philadelphia/food-delivery/little-istanbul-restaurant/A1xwfjbFRe6EU96KYgBndw,langhorne-pennsylvania
https://www.ubereats.com/philadelphia/food-delivery/metro-diner-bensalem/-cbGUv7QSbOD5MKCIv0-tA,langhorne-pennsylvania
https://www.ubereats.com/philadelphia/food-delivery/arirang-hibachi-steakhouse-langhorne/xCGATzcLRO-t7DO-Hb2-hw,langhorne-pennsylvania
https://www.ubereats.com/philadelphia/food-delivery/indian-hut-bensalem/V_oj20WhRBS9QX_1n1FWyQ,langhorne-pennsylvania
https://www.ubereats.com/philadelphia/food-delivery/suds-cheesesteaks-n-beer/aPEz7d4lTTy9GtSCFFUraA,langhorne-pennsylvania
https://www.ubereats.com/philadelphia/food-delivery/primohoagies-542-andrews-rd/AptiwUdjQvuU42-yrpPKuQ,langhorne-pennsylvania
https://www.ubereats.com/philadelphia/food-delivery/dunkin-555-lincoln-hwy/kszodBGoRayOKHLHByomvg,langhorne-pennsylvania
https://www.ubereats.com/philadelphia/food-delivery/dunkin-1866-brownsville-rd/wEvPFa1FQYyWiN13VQwhrQ,langhorne-pennsylvania
https://www.ubereats.com/philadelphia/food-delivery/taco-bell-499-franklin-mills-circle/iF7PhW4MTnqp4UPX2BA1Ow,langhorne-pennsylvania
https://www.ubereats.com/philadelphia/food-delivery/hogback-deli/Ag_s2_QLROuBBuNXaqkzzA,langhorne-pennsylvania
https://www.ubereats.com/philadelphia/food-delivery/boston-market-451-franklin-mills-circle/UW9qR-QNRESnsR5lILH-BA,langhorne-pennsylvania
https://www.ubereats.com/philadelphia/food-delivery/mcdonalds-fairless-hills/bT3_1LHVRwWoAlhqC8z4NQ,langhorne-pennsylvania
https://www.ubereats.com/philadelphia/food-delivery/crab-du-jour-langhorne/DHahrOMIQiupB9trgCSUpA,langhorne-pennsylvania
https://www.ubereats.com/philadelphia/food-delivery/moose-%26-goose-barbecue/NJedSYZKTmCxNIpI5HhSLg,langhorne-pennsylvania
https://www.ubereats.com/philadelphia/food-delivery/harvest-seasonal-grill-%26-wine-bar-newtown/Ng5xqankQ1CMpjldq-GtuQ,langhorne-pennsylvania
https://www.ubereats.com/philadelphia/food-delivery/dubai-restaurant-%26-bar/z7998GEKR_S7eDnVZokqlA,langhorne-pennsylvania
https://www.ubereats.com/philadelphia/food-delivery/philly-it-cheesesteaks/yCfacmGLTXWnkHc_vD3QTA,langhorne-pennsylvania
https://www.ubereats.com/philadelphia/food-delivery/taco-bell-430-york-rd/_mik6oYzToik9YXDmtRYxQ,langhorne-pennsylvania
https://www.ubereats.com/philadelphia/food-delivery/jb-bakery/wy2NpDRHT9u1-OZfOo3W5w,langhorne-pennsylvania
https://www.ubereats.com/philadelphia/food-delivery/cheeburger-cheeburger-100-north-buckstown-road/UuYWRnOFSXCNbSQmsqA-hQ,langhorne-pennsylvania
https://www.ubereats.com/philadelphia/food-delivery/montys-sandwich-shop/dDm-Jb46T2GTx5wE_XzWMw,langhorne-pennsylvania
https://www.ubereats.com/philadelphia/food-delivery/tonys-place-bar-%26-grille/9GeVnXAvRherjP4ZRiAysA,langhorne-pennsylvania
https://www.ubereats.com/philadelphia/food-delivery/saffran-steak-house/D3T4PXRSQ2SxuTExSLT8gw,langhorne-pennsylvania
https://www.ubereats.com/philadelphia/food-delivery/mcdonalds-trevose/tt6HRKu9RSO4r4p8JuTeHw,langhorne-pennsylvania
https://www.ubereats.com/philadelphia/food-delivery/wendys-2000-s-eagle-road/XX4pB2oVScuQjigSqd16kA,langhorne-pennsylvania
https://www.ubereats.com/philadelphia/food-delivery/bacon-egg-%26-please/YEd7fzvFR0WwP_fl5Qh47g,langhorne-pennsylvania
https://www.ubereats.com/philadelphia/food-delivery/mcdonalds-5-points/HLzkRV4FT4SYe7d5AM6zGg,langhorne-pennsylvania
https://www.ubereats.com/philadelphia/food-delivery/state-street-kitchen/uVydSHVfRLCHNpeMnfFlgA,langhorne-pennsylvania
https://www.ubereats.com/philadelphia/food-delivery/manhattan-bagel-feasterville/CSjb79Y2SVGoQXjtQd_NbQ,langhorne-pennsylvania
https://www.ubereats.com/philadelphia/food-delivery/ayakitchen/jSvTi7lwT7aZOv3fJoE4Xg,langhorne-pennsylvania
https://www.ubereats.com/new-jersey/food-delivery/lous-farm-mart/uby744amToOvGaWU1JqFmg,langhorne-pennsylvania
https://www.ubereats.com/philadelphia/food-delivery/yardley-bagel-cafe/ZKd04DIsQzi4vYG2ffSLQQ,langhorne-pennsylvania
https://www.ubereats.com/new-jersey/food-delivery/auntie-annes-2300-e-lincoln-hwy/XUem_9DlSRyHflpDviIClA,langhorne-pennsylvania
https://www.ubereats.com/philadelphia/food-delivery/zaika-kabab-%26-curry/oza-YeT3SsisZRtk0QlM-g,langhorne-pennsylvania
https://www.ubereats.com/philadelphia/food-delivery/quaker-steak-%26-lube-2900-street-road/8bx_pXMjTImS1HTbl-jg7w,langhorne-pennsylvania
https://www.ubereats.com/philadelphia/food-delivery/cracker-barrel-old-country-store-3611-horizon-blvd/hZtP1SbmR_yvvFVVFo8uOA,langhorne-pennsylvania
https://www.ubereats.com/philadelphia/food-delivery/bradys-american-pub/Vc-LF4a4To2hkJdMqQPVHg,langhorne-pennsylvania
https://www.ubereats.com/philadelphia/food-delivery/porfirios-pizza-%26pasta-%232/DRdhdSm_SiKIPgBJS3QpSw,langhorne-pennsylvania
https://www.ubereats.com/philadelphia/food-delivery/bertuccis-3617-horizon-blvd/QuMIZAdKQ72umXIrA2wKZw,langhorne-pennsylvania
https://www.ubereats.com/philadelphia/food-delivery/chipotle-mexican-grill-2370-e-lincoln-hwy/xoeB8nuVRMKH4nI0SP8qBw,langhorne-pennsylvania
https://www.ubereats.com/philadelphia/food-delivery/taco-bell-185-levittown-parkway/Bg1MKcW-Ri-9hnwtgnaWkQ,langhorne-pennsylvania
https://www.ubereats.com/philadelphia/food-delivery/2nd-street-pike-grill/O5mF--2rRse6F4iwLYwYSQ,langhorne-pennsylvania
https://www.ubereats.com/philadelphia/food-delivery/starbucks-neshaminy/_iyMu6YeR7uo0ABTG6jlpQ,langhorne-pennsylvania
https://www.ubereats.com/philadelphia/food-delivery/ben-%26-irvs-delicatessen/Oj1nR5KFQfKqBtbr9SAKZw,langhorne-pennsylvania
https://www.ubereats.com/new-jersey/food-delivery/jb-bakery/wy2NpDRHT9u1-OZfOo3W5w,langhorne-pennsylvania
https://www.ubereats.com/philadelphia/food-delivery/dunkin-8333-bristol-pike/iOjYhtPaT3ue0ph4kad1rA,langhorne-pennsylvania
https://www.ubereats.com/philadelphia/food-delivery/m%26d-philly-cheesesteaks-%26-wings/gYvY4IovRJWdMjQvs3K5kw,langhorne-pennsylvania
https://www.ubereats.com/philadelphia/food-delivery/tgi-fridays-630-langhorne-oxford-valley-pa/eMIBqa7-R9iIYyagQlAd1A,langhorne-pennsylvania
https://www.ubereats.com/philadelphia/food-delivery/mcdonalds-75-bristol-commerce-park/2NrI6KnKRnG65IUgFYT05g,langhorne-pennsylvania
https://www.ubereats.com/philadelphia/food-delivery/outback-steakhouse-650-commerce-blvd/3Jgh81LuQAe-Fz5uI8pFuQ,langhorne-pennsylvania
https://www.ubereats.com/philadelphia/food-delivery/starbucks-1509-east-lincoln-highway/vxrfjELlQUCKjabPIKLq5Q,langhorne-pennsylvania
https://www.ubereats.com/philadelphia/food-delivery/woks-cooking/SB95yaRATnK7goED0IKbYA,langhorne-pennsylvania
https://www.ubereats.com/philadelphia/food-delivery/flip-city-shakes/CtlB9oxRR0O4-ePaaQVamw,langhorne-pennsylvania
https://www.ubereats.com/philadelphia/food-delivery/subway-2044-e-old-lincoln-hwy/Vvfp2P1ER3WW5HUTEoQ8_w,langhorne-pennsylvania
https://www.ubereats.com/philadelphia/food-delivery/tastyland-kitchen/VjzYMcqDQuygp5pth1H3EQ,langhorne-pennsylvania
https://www.ubereats.com/new-jersey/food-delivery/indigrill-ewing/rwlur95oQcOVHaG7tS8NIw,langhorne-pennsylvania
https://www.ubereats.com/philadelphia/food-delivery/state-road-deli-%26-market/qHHpCIM8SQ6w_UXbW1Tk9g,langhorne-pennsylvania
https://www.ubereats.com/philadelphia/food-delivery/dunkin-1615-e-lincoln-hwy/-JBxRc-1TceDxrN69FIoHQ,langhorne-pennsylvania
https://www.ubereats.com/philadelphia/food-delivery/outback-steakhouse-3240-tillman-drive/gJrkToqPRiyh5HMGFvc4_w,langhorne-pennsylvania
https://www.ubereats.com/philadelphia/food-delivery/maggios/P-C4D4RjTUSID-WN6uIp_Q,langhorne-pennsylvania
https://www.ubereats.com/philadelphia/food-delivery/ritas-italian-ice-2382-durham-rd/KBmykWkkRcGWN0QuzE3Viw,langhorne-pennsylvania
https://www.ubereats.com/philadelphia/food-delivery/poke-bros-feasterville/x-boowCITN-kqneIOM7LsQ,langhorne-pennsylvania
https://www.ubereats.com/philadelphia/food-delivery/dunkin-410-lalor-st/BqE3c-JFRtyZNYZ6sDaNPA,langhorne-pennsylvania
https://www.ubereats.com/philadelphia/food-delivery/saladworks-360-north-oxford-valley-road/Boe50W1xT0aL-qkoYDNDeA,langhorne-pennsylvania
https://www.ubereats.com/philadelphia/food-delivery/corner-xpress-mart-5-lawrenceville-pennington-rd/fkck3oblTkSAJRjUaDDpuw,langhorne-pennsylvania
https://www.ubereats.com/philadelphia/food-delivery/slacks-hoagie-shack-fairless-hills/xzq5rgMZQV-3fkqvmhZINQ,langhorne-pennsylvania
https://www.ubereats.com/philadelphia/food-delivery/lucky-7-deli-bristol/xRp-4l27SZqCNakXddObMg,langhorne-pennsylvania
https://www.ubereats.com/philadelphia/food-delivery/fop-lodge-5/4kBqRba8QbeB9jC92k5v6w,langhorne-pennsylvania
https://www.ubereats.com/philadelphia/food-delivery/red-lobster-2275-e-lincoln-highway/JNwD0WuUReyHee0K6VG4GA,langhorne-pennsylvania
https://www.ubereats.com/philadelphia/food-delivery/crafty-crab/7g4b2onOSyWf3_jmm30otA,langhorne-pennsylvania
https://www.ubereats.com/philadelphia/food-delivery/applebees-3219-street-road/9bvpWibQTASjEnLitCoTZA,langhorne-pennsylvania
https://www.ubereats.com/philadelphia/food-delivery/tgi-fridays-629-bensalem-pa/sEeoLJNoQUqEIGX8uSv6GQ,langhorne-pennsylvania
https://www.ubereats.com/philadelphia/food-delivery/clubhouse-diner/LdTL-xnpSTedcS3l7iBYYA,langhorne-pennsylvania
https://www.ubereats.com/philadelphia/food-delivery/the-union-tap/8sMlCu9lSHunyx_SVCIJ-Q,langhorne-pennsylvania
https://www.ubereats.com/philadelphia/food-delivery/starbucks-170-w-street-road-feasterville/YMvk0e1LQi6K7A_ZYqvVvg,langhorne-pennsylvania
https://www.ubereats.com/philadelphia/food-delivery/american-crab/9UO0xSr9QZmhUfFH13zwlg,langhorne-pennsylvania
https://www.ubereats.com/philadelphia/food-delivery/provecho-mexican-grill/y7pvHWh2QNmqzZh_8yJyMw,langhorne-pennsylvania
https://www.ubereats.com/philadelphia/food-delivery/krispy-krunchy-chicken-spruce-st/fdOzNwR8T1ixbvc-J4LMng,langhorne-pennsylvania
https://www.ubereats.com/philadelphia/food-delivery/dunkin-47-e-state-st/o1zCx7V3Tbq6gScKnIHhPA,langhorne-pennsylvania
https://www.ubereats.com/philadelphia/food-delivery/robbys-wraps/21JGAaX3RdaPOwB_tDQRCQ,langhorne-pennsylvania
https://www.ubereats.com/philadelphia/food-delivery/mamma-mia-trattoria/oaM08RfxQiaZJ6eIB0nN5A,langhorne-pennsylvania
https://www.ubereats.com/philadelphia/food-delivery/steak-and-hoagie-factory-levittown/l45QwI6lQhajzKP4t8GV9A,langhorne-pennsylvania
https://www.ubereats.com/philadelphia/food-delivery/arosso-italian-restaurant/2vab8Q9ZSJGp5K_JyTwSCA,langhorne-pennsylvania
https://www.ubereats.com/philadelphia/food-delivery/melt-shop-lincoln-plaza/HZX1OS28RyuVngE-GzKLtw,langhorne-pennsylvania
https://www.ubereats.com/philadelphia/food-delivery/taco-bell-590-s-broad-street/VFPPFFXGSSWBkm2n5xMUfA,langhorne-pennsylvania
https://www.ubereats.com/philadelphia/food-delivery/manhattan-bagel-philadelphia/IGP9uerXTK6zq5vi848CXg,langhorne-pennsylvania
https://www.ubereats.com/philadelphia/food-delivery/mod-pizza-warrington/h17_IiXAS96yp5CxQ8AzkA,langhorne-pennsylvania
https://www.ubereats.com/philadelphia/food-delivery/turning-point-of-warrington/llGjNc5ERFi7sbaXqT6NlQ,langhorne-pennsylvania
https://www.ubereats.com/philadelphia/food-delivery/poke-ocean-japanese-cuisine/IWN7Zfd6R06dbyIa_h6RUw,langhorne-pennsylvania
https://www.ubereats.com/philadelphia/food-delivery/brusters-real-ice-cream-1502-brownsville-rd/lBn9Oz3mTzqYuPaaiYp4qw,langhorne-pennsylvania
https://www.ubereats.com/philadelphia/food-delivery/dunkin-5007-bristol-pike/KdeZslyzTNa8Q46V8QLZ4A,langhorne-pennsylvania
https://www.ubereats.com/philadelphia/food-delivery/peking-tokyo-restaurant/-O4FiwCwTIOsPZQlC3tr5A,langhorne-pennsylvania
https://www.ubereats.com/philadelphia/food-delivery/primohoagies-360-n-oxford-valley-rd/OQlhj9xPQvaZMNd05OJr7A,langhorne-pennsylvania
https://www.ubereats.com/philadelphia/food-delivery/charleys-philly-steaks-2300-e-lincoln-hwy-sp-f022/8xzqPhYOSvuixy93ZPJnRA,langhorne-pennsylvania
https://www.ubereats.com/philadelphia/food-delivery/wendys-227-plaza-blvd/LjrSGV90Slu9fV1CJKpzlQ,langhorne-pennsylvania
https://www.ubereats.com/philadelphia/food-delivery/baja-fresh-feasterville-trevose/hEl0A53aQuKTacVEQXFwWg,langhorne-pennsylvania
https://www.ubereats.com/philadelphia/food-delivery/taco-bell-265-east-street-road/qGjXFv0pTZmd67ydXVsaww,langhorne-pennsylvania
https://www.ubereats.com/philadelphia/food-delivery/wawa-8004-7625-new-falls-rd/cw1xmvkOTPOWsRjKgES-uA,langhorne-pennsylvania
https://www.ubereats.com/philadelphia/food-delivery/wendys-2041-street-rd/DzkNQo9xSParxGmyd2Iufw,langhorne-pennsylvania
https://www.ubereats.com/philadelphia/food-delivery/ritas-italian-ice-14-swamp-rd/lvmcpzWnSd-SOCQxjU8uew,langhorne-pennsylvania
https://www.ubereats.com/philadelphia/food-delivery/richmans-ice-cream-%26-burger-co/RUh_pCtCRL6jMOM9Jy5c5Q,langhorne-pennsylvania
https://www.ubereats.com/philadelphia/food-delivery/the-market-at-village-shires/6KND3k36SXmIpqZkyGA37A,langhorne-pennsylvania
https://www.ubereats.com/philadelphia/food-delivery/shagun-palace/3Rza-EYZTI-Dq8RhhUPRRQ,langhorne-pennsylvania
https://www.ubereats.com/philadelphia/food-delivery/ruby-tuesday-1440-east-lincoln-highway/yRVdZfy8R-mlgOU2-vyNVQ,langhorne-pennsylvania
https://www.ubereats.com/philadelphia/food-delivery/cold-stone-creamery-140-e-street-rd/LCbmYh0_REuv5foLRuLJEQ,langhorne-pennsylvania
https://www.ubereats.com/philadelphia/food-delivery/applebees-1063-east-street-road/Df2IWcC6QJyI2OX1iBKgWg,langhorne-pennsylvania
https://www.ubereats.com/philadelphia/food-delivery/georgia-fried-chicken-262-parkway-ave/2MTlRGhkT_COBfz17ACy-A,langhorne-pennsylvania
https://www.ubereats.com/philadelphia/food-delivery/auntie-annes-2300-e-lincoln-hwy/XUem_9DlSRyHflpDviIClA,langhorne-pennsylvania
https://www.ubereats.com/philadelphia/food-delivery/peppis-pizza-%26-pasta/gZUCdj7XToyW1OCh3VpORA,langhorne-pennsylvania
https://www.ubereats.com/philadelphia/food-delivery/bottlecaps-bar/8poapx9oREm-SnwaaqjrFQ,langhorne-pennsylvania
https://www.ubereats.com/philadelphia/food-delivery/buffalo-wild-wings-2763-e-lincoln-hwy/Em9O2wVETsKf4Lpj9cJ6Tw,langhorne-pennsylvania
https://www.ubereats.com/philadelphia/food-delivery/chipotle-mexican-grill-2940-s-eagle-rd/HN0tv6GuTiWFGFLCObdkkA,langhorne-pennsylvania
https://www.ubereats.com/philadelphia/food-delivery/friendlys-897-w-trenton-ave/YQCQwmbFRNiL4VPdwGmoxw,langhorne-pennsylvania
https://www.ubereats.com/philadelphia/food-delivery/the-captains-boil-1440-east-lincoln-highway/ODb75VknTaK5tbPoWYUN0g,langhorne-pennsylvania
https://www.ubereats.com/philadelphia/food-delivery/indian-nosh-bar-%26-grill/wdCd-waWRE6TR_bYCpLx_Q,langhorne-pennsylvania
https://www.ubereats.com/philadelphia/food-delivery/mcdonalds-bensalem-st-rd/0TlCJuKHTwiicrhOLnUDsQ,langhorne-pennsylvania
https://www.ubereats.com/philadelphia/food-delivery/marys-gourmet-donut-shoppe/LveuZiZ0RWq-tycKE_d8fA,langhorne-pennsylvania
https://www.ubereats.com/philadelphia/food-delivery/twist-frutti/epZRg8geRRGrz6LY2taLiQ,langhorne-pennsylvania
https://www.ubereats.com/philadelphia/food-delivery/chicken-brothers/hUKUJVlwR9iq3pVWQxqG8g,langhorne-pennsylvania
https://www.ubereats.com/philadelphia/food-delivery/california-tortilla-red-lion/Ed-xVJ3JSHuSxnddidSg-w,langhorne-pennsylvania
https://www.ubereats.com/philadelphia/food-delivery/popeyes-322-w-trenton-avenue/YhyVlEdDSUmopQtm0dl1BQ,langhorne-pennsylvania
https://www.ubereats.com/new-jersey/food-delivery/philly-pretzel-factory-academy-rd/ZESvh3pARXWiLTLFZjZogw,langhorne-pennsylvania
https://www.ubereats.com/philadelphia/food-delivery/papa-johns-7809-new-falls-rd/638HdaMWQbiOCFttRDiReQ,langhorne-pennsylvania
https://www.ubereats.com/philadelphia/food-delivery/el-changarro/nEQQ8-CbQ5uTG89DXeVwsA,langhorne-pennsylvania
https://www.ubereats.com/philadelphia/food-delivery/wendys-1419-e-lincoln-highway/k48gAbeEQ0KbmEbYWdrOWA,langhorne-pennsylvania
https://www.ubereats.com/philadelphia/food-delivery/concerto-fusion-cuisine/tj-gpvTEQFynM2BUxkdmwg,langhorne-pennsylvania
https://www.ubereats.com/philadelphia/food-delivery/la-mexicana-224-bristol-pike/_k_5p_W9T9yIhijkPWKCaA,langhorne-pennsylvania
https://www.ubereats.com/philadelphia/food-delivery/bruno-s-pizza/kCcyL_LAQy64h20VwnwYcg,langhorne-pennsylvania
https://www.ubereats.com/philadelphia/food-delivery/california-tortilla-langhorne/JUOGXJ6hTUKMHMCdOkwSPA,langhorne-pennsylvania
https://www.ubereats.com/philadelphia/food-delivery/dairy-queen-grill-%26-chill-922-2nd-street-pike/AGEboOydTRSZbFfHDloNrA,langhorne-pennsylvania
https://www.ubereats.com/philadelphia/food-delivery/angies-luncheonette/WRsfrlzBQ7yanG5joD43lA,langhorne-pennsylvania
https://www.ubereats.com/philadelphia/food-delivery/barbaras-hungarian-restaurant/yKM9KA-EQkqYPFZiCWqgnw,langhorne-pennsylvania
https://www.ubereats.com/philadelphia/food-delivery/kyoto-sushi-%26-japanese-steakhouse/XjMaUQyHQZqj_svGuVkgmw,langhorne-pennsylvania
https://www.ubereats.com/philadelphia/food-delivery/nukkad-indian-street-food-bensalem/mCkOb6QfSIqoyVHfRFgvGg,langhorne-pennsylvania
https://www.ubereats.com/philadelphia/food-delivery/white-bulls-bbq/Gh1cCdLLQBqc9ekYgpUiFQ,langhorne-pennsylvania
https://www.ubereats.com/philadelphia/food-delivery/metro-diner-langhorne/un_5sr7SS6e7DZthCUyRXw,langhorne-pennsylvania
https://www.ubereats.com/new-jersey/food-delivery/starbucks-1509-east-lincoln-highway/vxrfjELlQUCKjabPIKLq5Q,langhorne-pennsylvania
https://www.ubereats.com/philadelphia/food-delivery/uva/P7mA8PSsSZGdGqHE5uSGIg,langhorne-pennsylvania
https://www.ubereats.com/philadelphia/food-delivery/turning-point-of-newtown/hfSN4EiGQB26DfWgqmN5CA,langhorne-pennsylvania
https://www.ubereats.com/philadelphia/food-delivery/the-borough-pub/0acGg7o-Q7mVLgJWJa3EwA,langhorne-pennsylvania
https://www.ubereats.com/philadelphia/food-delivery/subway-11-summit-square-center/aGgyWK0ZSSCBrrqzjTsbMw,langhorne-pennsylvania
https://www.ubereats.com/philadelphia/food-delivery/aya-kitchen/2J27j92-RkSHKhM66CVFpQ,langhorne-pennsylvania
https://www.ubereats.com/philadelphia/food-delivery/golden-corral-1465-street-road/o3tqokr8QMWbaDjwI7CxjA,langhorne-pennsylvania
https://www.ubereats.com/philadelphia/food-delivery/honest-restaurant/VhqCvwArTVmYj23md8Vong,langhorne-pennsylvania
https://www.ubereats.com/philadelphia/food-delivery/306-bonefish-grill-500-oxford-valley-road/rxT27hEkRjiN6Y3LOcg0AQ,langhorne-pennsylvania
https://www.ubereats.com/philadelphia/food-delivery/saladworks-feasterville/naVeV9rcRlqU_Jn-Hc0eBw,langhorne-pennsylvania
https://www.ubereats.com/philadelphia/food-delivery/krispy-krunchy-chicken-300-charleston-rd/6QXdC7SpQtu28CkVqNkjbg,langhorne-pennsylvania
https://www.ubereats.com/philadelphia/food-delivery/krispy-kreme-1729-street-road/HspTmGQfSCq6x1ti9jKOgQ,langhorne-pennsylvania
https://www.ubereats.com/philadelphia/food-delivery/cafe-ole-in-the-valley/KcLtzcOAQU-PEu3KPv0VNQ,langhorne-pennsylvania
https://www.ubereats.com/philadelphia/food-delivery/belly-busters/YFUcCYZFSTWp7hID858fCw,langhorne-pennsylvania
https://www.ubereats.com/philadelphia/food-delivery/dutch-country-lunchette/ZZpP8X2xRI-yESQrtUAgHg,langhorne-pennsylvania
https://www.ubereats.com/philadelphia/food-delivery/mcdonalds-feasterville/6ksOGSCgQ6aNyuj0o56qmQ,langhorne-pennsylvania
https://www.ubereats.com/philadelphia/food-delivery/dunkin-2-w-bridge-st/0nKZ5zXtTKCq4LOzi_fOzA,langhorne-pennsylvania
https://www.ubereats.com/philadelphia/food-delivery/italian-family-pizza/u88cft9dRHCVo5ITpCv6bg,langhorne-pennsylvania
https://www.ubereats.com/philadelphia/food-delivery/gleasons-pub/m6RStHcpQ-CgVuzLefvuVA,langhorne-pennsylvania
https://www.ubereats.com/new-jersey/food-delivery/starbucks-170-w-street-road-feasterville/YMvk0e1LQi6K7A_ZYqvVvg,langhorne-pennsylvania
https://www.ubereats.com/philadelphia/food-delivery/playa-bowls-newtown/OwWmcHsXTvm_MpXNc2FlwA,langhorne-pennsylvania
https://www.ubereats.com/philadelphia/food-delivery/dunkin-1255-e-old-lincoln-highway/guFOwTRrRvuNrMsfq4Tlrw,langhorne-pennsylvania
https://www.ubereats.com/philadelphia/food-delivery/andale-latino-grill/Cm5jtUriRrerjbcJHhVKvA,langhorne-pennsylvania
https://www.ubereats.com/philadelphia/food-delivery/subway-61-oxford-valley-rd/ibN9Hbt9QFe_EMwY_ijMpA,langhorne-pennsylvania
https://www.ubereats.com/philadelphia/food-delivery/panera-1345-lincoln-highway/b8lfuJrxTUClz0DLrOLReg,langhorne-pennsylvania
https://www.ubereats.com/philadelphia/food-delivery/zhangs-new-china-house/CQVfR40jQIa6Rpb4kD8dYg,langhorne-pennsylvania
https://www.ubereats.com/philadelphia/food-delivery/wawa-128-236-holland-st/nmafO24gQn2ChFMA-i8p6Q,langhorne-pennsylvania
https://www.ubereats.com/philadelphia/food-delivery/chipotle-mexican-grill-2307-street-rd/vsRXZfwaSR2s6g_U0Mk_BQ,langhorne-pennsylvania
https://www.ubereats.com/philadelphia/food-delivery/jacks-cold-cuts-1951-street-rd/NSa0rM_uQ0KuXVO8uCMGkA,langhorne-pennsylvania
https://www.ubereats.com/philadelphia/food-delivery/tonys-king-of-pizza/yzmRmTunTvuNV5yqG8eL9g,langhorne-pennsylvania
https://www.ubereats.com/philadelphia/food-delivery/wendys-1151-oxford-valley-road/bKpttd4MSdqAOEgnppIEWw,langhorne-pennsylvania
https://www.ubereats.com/philadelphia/food-delivery/philly-style-soft-pretzel/c1Kx4vrWT2aQpTtRJc8l0g,langhorne-pennsylvania
https://www.ubereats.com/philadelphia/food-delivery/taco-bell-909-2nd-street-pike/5O40jaP3TNaKkRkV_poKKw,langhorne-pennsylvania
https://www.ubereats.com/philadelphia/food-delivery/dunkin-576-grand-ave/nRrfkF1WQ2mA4o-RHwkBXw,langhorne-pennsylvania
https://www.ubereats.com/philadelphia/food-delivery/dunkin-110-e-street-rd/2YdUxuGTRA2afGY1y0NmZQ,langhorne-pennsylvania
https://www.ubereats.com/philadelphia/food-delivery/nj-weedmans-joint/f3QEwuh5RO-8k5CeqDom1w,langhorne-pennsylvania
https://www.ubereats.com/philadelphia/food-delivery/a%26s-pizza-and-pasta/hux9x68mQS-rhOaobAMGlg,langhorne-pennsylvania
https://www.ubereats.com/philadelphia/food-delivery/langhorne-burgers/apBnYdtaTkqldfRDxDv9dQ,langhorne-pennsylvania
https://www.ubereats.com/philadelphia/food-delivery/top-it-frozen-yogurt-cafe/sn-rLoY1QkyPXy9Fb5v6mQ,langhorne-pennsylvania
https://www.ubereats.com/new-jersey/food-delivery/philly-style-soft-pretzel/c1Kx4vrWT2aQpTtRJc8l0g,langhorne-pennsylvania
https://www.ubereats.com/philadelphia/food-delivery/mcdonalds-penndel/zjFf4P77SfecHqY8B6y8lA,langhorne-pennsylvania
https://www.ubereats.com/philadelphia/food-delivery/wing-squad-langhorne/TK6_bImcTRODWDg8gdp1zg,langhorne-pennsylvania
https://www.ubereats.com/philadelphia/food-delivery/wing-squad-bensalem/caGRwRV3SDa3jkm0MRFDfA,langhorne-pennsylvania
https://www.ubereats.com/philadelphia/food-delivery/golden-eagle-diner/GwZGK_tQQ8Gbi2bWIGaSMA,langhorne-pennsylvania
https://www.ubereats.com/philadelphia/food-delivery/wings-to-go-fairless-hills-513-s-oxford-valley-rd/BrtonQ_cRj2bNPvIRmZXEw,langhorne-pennsylvania
https://www.ubereats.com/philadelphia/food-delivery/taranovas-pizza-and-pasta/ga0F-zRaTZ2xnnWc2CrK8w,langhorne-pennsylvania
https://www.ubereats.com/philadelphia/food-delivery/arbys-177-levittown-pkwy/loeAEmmOQOqvEGDI0VxEmQ,langhorne-pennsylvania
https://www.ubereats.com/philadelphia/food-delivery/arbys-4208-us-route-130/Q1i5JwswREaPEY7zUdK4ZQ,langhorne-pennsylvania
https://www.ubereats.com/philadelphia/food-delivery/pops-bagels/x8i0R4z9R6uS4vHx-7_Uhg,langhorne-pennsylvania
https://www.ubereats.com/philadelphia/food-delivery/little-rockys-pizza/cA764j8FSQG0Nq60s-yZZw,langhorne-pennsylvania
https://www.ubereats.com/philadelphia/food-delivery/wawa-8076-545-w-trenton-ave/KxJePiFLQ9-egy37DBZkyw,langhorne-pennsylvania
https://www.ubereats.com/philadelphia/food-delivery/indigrill-ewing/rwlur95oQcOVHaG7tS8NIw,langhorne-pennsylvania
https://www.ubereats.com/philadelphia/food-delivery/outback-steakhouse-2520-york-road/b7Mfejk4R3mx21okJISO6w,langhorne-pennsylvania
https://www.ubereats.com/philadelphia/food-delivery/lees-hoagie-house/4tkqlDGhSmmz2pFSYClTJw,langhorne-pennsylvania
https://www.ubereats.com/philadelphia/food-delivery/ritas-italian-ice-of-holland/3Ghz4BKOR-agZOgZiNJz9Q,langhorne-pennsylvania
https://www.ubereats.com/philadelphia/food-delivery/margaritas-mexican-restaurant-langhorne/DloPyJyvSYWYRkvcnR1fzw,langhorne-pennsylvania
https://www.ubereats.com/philadelphia/food-delivery/on-the-border-neshaminy/b1V0OYG0QseHJBZDK12CnA,langhorne-pennsylvania
https://www.ubereats.com/philadelphia/food-delivery/dunkin-1072-chambers-st/3yNFKoIMSbOq9pkX1KK3Og,langhorne-pennsylvania
https://www.ubereats.com/philadelphia/food-delivery/stolis-steaks/-vHPNrvyTseRnsLZFBbV-w,langhorne-pennsylvania
https://www.ubereats.com/philadelphia/food-delivery/zara-halal-grill/KisCoRnrQ0G0-msmRcORvA,langhorne-pennsylvania
https://www.ubereats.com/philadelphia/food-delivery/la-choza-restaurant-latin-cuisine%26banquet-hall/HvzpvscnQgynIC5i6Rt8bw,langhorne-pennsylvania
https://www.ubereats.com/philadelphia/food-delivery/mcdonalds-franklin-mills/U4m7dhByTSePg0FsYPlLiQ,langhorne-pennsylvania
https://www.ubereats.com/philadelphia/food-delivery/dunkin-395-w-trenton-ave/0ieRXz-rSN23VfwdeAFzAg,langhorne-pennsylvania
https://www.ubereats.com/philadelphia/food-delivery/red-robin-336-3605-horizon-blvd/yJVwzyiLTLSyvD4l9Ekj-w,langhorne-pennsylvania
https://www.ubereats.com/philadelphia/food-delivery/murphys-beef-%26-ale/_s0HbMNnQIOmHKYx3LbVeg,langhorne-pennsylvania
https://www.ubereats.com/philadelphia/food-delivery/spice-rack/778YhEeuT3q5WwpID3_2CA,langhorne-pennsylvania
https://www.ubereats.com/philadelphia/food-delivery/kfc-1565-princeton-avenue/w0yw0zNtTTmQvFVZBgG6KQ,langhorne-pennsylvania
https://www.ubereats.com/philadelphia/food-delivery/subway-4000-veterans-hwy/PCGTQxRBQMiphlyUMmj8mA,langhorne-pennsylvania
https://www.ubereats.com/philadelphia/food-delivery/slacks-hoagie-shack/YuynbPUxRKyops56TA28Lw,langhorne-pennsylvania
https://www.ubereats.com/philadelphia/food-delivery/chuck-e-cheese-1283-e-lincoln-hwy/f6IhHP2GR_C0jGPVvtzR6Q,langhorne-pennsylvania
https://www.ubereats.com/philadelphia/food-delivery/el-chapin/Nalvc1LNSk-u-WewmaSnrQ,langhorne-pennsylvania
https://www.ubereats.com/philadelphia/food-delivery/popeyes-169-levittown-pkwy/Cv5Q_YY8SHS2yo6BtUAyyw,langhorne-pennsylvania
https://www.ubereats.com/philadelphia/food-delivery/mythai-kitchen/A-96meu8QOOJ2DCHq9qNuA,langhorne-pennsylvania
https://www.ubereats.com/philadelphia/food-delivery/five-guys-pa-0243-864-west-street-rd/NRibMokwRbaZAvnwQmRJCQ,langhorne-pennsylvania
https://www.ubereats.com/philadelphia/food-delivery/kfc-527-franklin-mills-circle/7SWVVbNOQauYYePeB5tQjg,langhorne-pennsylvania
https://www.ubereats.com/philadelphia/food-delivery/papa-johns-york-rd/AJRgB76WToaH60ZI7vD7Xg,langhorne-pennsylvania
https://www.ubereats.com/philadelphia/food-delivery/dunkin-628-w-maple-ave/4CbtP7ufTZ6CXyGq8b9d9g,langhorne-pennsylvania
https://www.ubereats.com/philadelphia/food-delivery/dunkin-4001-new-rodgers-rd/18Kq-PGURyStdQ4nAoVm3A,langhorne-pennsylvania
https://www.ubereats.com/philadelphia/food-delivery/friendlys-2369-street-rd/xYvQ8tV-Rm-sSEULy81VTg,langhorne-pennsylvania
https://www.ubereats.com/philadelphia/food-delivery/richmans-ice-cream-and-burger-co-levittown/LpW_4IS6ReKtfJSz4PMltw,langhorne-pennsylvania
https://www.ubereats.com/philadelphia/food-delivery/zeenos-pizza/dXHEal-nRBO15D7j8g4qkw,langhorne-pennsylvania
https://www.ubereats.com/philadelphia/food-delivery/dutch-country-luncheontte/n1jDi9NDRAKQ8cH9vf4-Lg,langhorne-pennsylvania
https://www.ubereats.com/philadelphia/food-delivery/dunkin-1159-veterans-highway/WiEouO0iSBKqSGVwLW58JQ,langhorne-pennsylvania
https://www.ubereats.com/new-jersey/food-delivery/saladworks-neshaminy-mall/sSYN9dY6TbWTMbdxjLqScg,langhorne-pennsylvania
https://www.ubereats.com/philadelphia/food-delivery/taco-bell-500-commerce-blvd/mF90sOsKRuaTOgRJMtc0zg,langhorne-pennsylvania
https://www.ubereats.com/philadelphia/food-delivery/uno-pizzeria-bensalem/LNHhkGe4SnugXlmeST5B1w,langhorne-pennsylvania
https://www.ubereats.com/philadelphia/food-delivery/baileys-bar-%26-grille/4E8htBO_TVGWLi7SwcT7rQ,langhorne-pennsylvania
https://www.ubereats.com/philadelphia/food-delivery/dunkin-200-lincoln-hwy/5DHqTMIBT0uepktQ_jVtbA,langhorne-pennsylvania
https://www.ubereats.com/philadelphia/food-delivery/dunkin-997-woodbourne-rd/JLxE9vPWT6WN6uwkyyDiXg,langhorne-pennsylvania
https://www.ubereats.com/philadelphia/food-delivery/chucks-big-time-bbq/hb-tzMXwQs-n3ZUCYW_HpA,langhorne-pennsylvania
https://www.ubereats.com/philadelphia/food-delivery/gunpowder-cafe/9apbv-Y0SGm3CnDlt_JS8w,langhorne-pennsylvania
https://www.ubereats.com/philadelphia/food-delivery/wawa-165-4662-bensalem-blvd-%26-ford-ave/YL6QlNlnQcul2WJQJQ2DNA,langhorne-pennsylvania
https://www.ubereats.com/philadelphia/food-delivery/chick-fil-a-2424-e-lincoln-hwy/y9xhR5oOTQeby_RjHC6ACA,langhorne-pennsylvania
https://www.ubereats.com/philadelphia/food-delivery/mannys-restaurant-and-delicatessen/xQmCo7tkS_mxnimSaTi7UQ,langhorne-pennsylvania
https://www.ubereats.com/philadelphia/food-delivery/taco-bell-1760-north-olden-avenue/_uqXnUWdT8uKs7srn0zPag,langhorne-pennsylvania
https://www.ubereats.com/philadelphia/food-delivery/smokerhead-bbq/LfvHNAcnRSW2tYFKTYvcMg,langhorne-pennsylvania
https://www.ubereats.com/philadelphia/food-delivery/brothers-pizza/l9_BUQIOQh-BgiFwci3Vww,langhorne-pennsylvania
https://www.ubereats.com/philadelphia/food-delivery/pizza-yeah!/p8YqzjrURaKJMzWQMDmApQ,langhorne-pennsylvania
https://www.ubereats.com/philadelphia/food-delivery/panda-express-3570-horizon-blvd/NeCLEoySSWuwlBTU95pylw,langhorne-pennsylvania
https://www.ubereats.com/philadelphia/food-delivery/sunrise-diner-and-restaurant/RXptvGCxRJeU622IcA6TBg,langhorne-pennsylvania
https://www.ubereats.com/philadelphia/food-delivery/ginger-wok/neXGa4QORXiQHdMTs3oqNg,langhorne-pennsylvania
https://www.ubereats.com/philadelphia/food-delivery/bertuccis-langhorne/qdgOLjkqQaqJfg2MbO2GLQ,langhorne-pennsylvania
https://www.ubereats.com/philadelphia/food-delivery/holland-pizza/92JGQovkTpWFQqAABJvTiQ,langhorne-pennsylvania
https://www.ubereats.com/philadelphia/food-delivery/dunkin-2901-hulmville-rd/T8WXW8lXRM2ENShoH8ZaSA,langhorne-pennsylvania
https://www.ubereats.com/philadelphia/food-delivery/ihop-811-parkway-avenue/NXFpGIT3Qbadi-6kggOJ2Q,langhorne-pennsylvania
https://www.ubereats.com/philadelphia/food-delivery/kfc-432-lincoln-hwy/7MnUVL39T5e8t1zpwNwKDA,langhorne-pennsylvania
https://www.ubereats.com/philadelphia/food-delivery/wing-wah/HtB37UrCT46M0rEAvTDaFA,langhorne-pennsylvania
https://www.ubereats.com/philadelphia/food-delivery/primohoagies-2862-street-rd/xsBpmn-sQD-hVzQhqcfsRQ,langhorne-pennsylvania
https://www.ubereats.com/philadelphia/food-delivery/wendys-3413-horizon-blvd/B_5x-2rWR2WW_JSKfZXA3w,langhorne-pennsylvania
https://www.ubereats.com/new-jersey/food-delivery/panera-1345-lincoln-highway/b8lfuJrxTUClz0DLrOLReg,langhorne-pennsylvania
https://www.ubereats.com/philadelphia/food-delivery/la-casa-di-lucia/bnc4Uo9VRcuVNCc1dGUF6Q,langhorne-pennsylvania
https://www.ubereats.com/philadelphia/food-delivery/five-guys-pa-1146-125-e-street-rd/0BgNIPl5TYe3qR4YIqIq7g,langhorne-pennsylvania
https://www.ubereats.com/philadelphia/food-delivery/osaka-sushi/4_sDl11vRCaX5o84KAdR0g,langhorne-pennsylvania
https://www.ubereats.com/philadelphia/food-delivery/taco-bell-1298-veterans-hwy/lGCkbNWcSZeCQaNHYIYamw,langhorne-pennsylvania
https://www.ubereats.com/philadelphia/food-delivery/carrabbas-3210-tillman-drive/9C_K7OaUQjGucuw3X-MkwA,langhorne-pennsylvania
https://www.ubereats.com/philadelphia/food-delivery/trent-city-pizzeria/NKZpXIo3RdGj2G_1J1hTCQ,langhorne-pennsylvania
https://www.ubereats.com/philadelphia/food-delivery/mcdonalds-southampton/z6Yhfs7OQq6Avuj9mKOiUg,langhorne-pennsylvania
https://www.ubereats.com/philadelphia/food-delivery/redhouse-bagels-bensalem/e6YAQxuFSqiC2yJ9SfUMMw,langhorne-pennsylvania
https://www.ubereats.com/philadelphia/food-delivery/the-general/LHNdBKGgQ7Cax5hv7FLTAw,langhorne-pennsylvania
https://www.ubereats.com/philadelphia/food-delivery/sandys-beef-%26-ale/dYVDSyCtR9ihTDO6RGUo0w,langhorne-pennsylvania
https://www.ubereats.com/philadelphia/food-delivery/manhattan-bagel-hatboro/NRVTeaarTDix0p9BRa1NGA,langhorne-pennsylvania
https://www.ubereats.com/new-jersey/food-delivery/krispy-krunchy-chicken-300-charleston-rd/6QXdC7SpQtu28CkVqNkjbg,langhorne-pennsylvania
https://www.ubereats.com/philadelphia/food-delivery/jb-dawsons-restaurant-%26-bar-92-n-flowers-mill-rd/fiGYm3h5T1mwo5cihVDTBg,langhorne-pennsylvania
https://www.ubereats.com/philadelphia/food-delivery/moes-southwest-grill-648-easton-rd/HXsanlCpToC5R5mKjryuyA,langhorne-pennsylvania
https://www.ubereats.com/philadelphia/food-delivery/andres-gourmet-burgers-%26-steak-sandwiches/LHgyRvjZRradyfNWv2T4qg,langhorne-pennsylvania
https://www.ubereats.com/philadelphia/food-delivery/taco-bell-2035-rt-130-north/MIzGPNFyQXyf9jK45IAtgg,langhorne-pennsylvania
https://www.ubereats.com/philadelphia/food-delivery/boston-market-360-n-oxford-valley-road/X6HDx0U_TZi3JTsDs8T9VA,langhorne-pennsylvania
https://www.ubereats.com/philadelphia/food-delivery/bertuccis-huntingdon-valley/MWTeYsGrSVKEGx7GxAzCJQ,langhorne-pennsylvania
https://www.ubereats.com/philadelphia/food-delivery/zoes-kitchen-280-n-sycamore-st/tSWGaszXSuihz3ct9ZSbxw,langhorne-pennsylvania
https://www.ubereats.com/philadelphia/food-delivery/mcdonalds-levittown/Zf7bXF2-TWypSHFTz2RPUA,langhorne-pennsylvania
https://www.ubereats.com/new-jersey/food-delivery/redhouse-bagels-bensalem/e6YAQxuFSqiC2yJ9SfUMMw,langhorne-pennsylvania
https://www.ubereats.com/philadelphia/food-delivery/friendlys-1462-e-lincoln-hwy/4ovJyzSKRSm3xhwpzioI3Q,langhorne-pennsylvania
https://www.ubereats.com/philadelphia/food-delivery/enigma-mediterranean-turkish-cuisine/DoEkuO3PSVuhK5ka4SqqfQ,langhorne-pennsylvania
https://www.ubereats.com/philadelphia/food-delivery/el-paso-mexican-restaurant/fT0C6IIWSkS2J57LC-ndhg,langhorne-pennsylvania
https://www.ubereats.com/philadelphia/food-delivery/sol-luna-tea-room-and-hookah-lounge/RmlCYIHKQO2G5BS7ZLohEA,langhorne-pennsylvania
https://www.ubereats.com/philadelphia/food-delivery/lous-farm-mart/uby744amToOvGaWU1JqFmg,langhorne-pennsylvania
https://www.ubereats.com/philadelphia/food-delivery/hong-kong-star-noodle-house/WGHmtUYxSzezgZ7KkCU71A,langhorne-pennsylvania
https://www.ubereats.com/philadelphia/food-delivery/applebees-2-west-road/evcrlUaESw6cT1a5IS0t7Q,langhorne-pennsylvania
https://www.ubereats.com/philadelphia/food-delivery/dennys-640-e-lincoln-hwy/5Ef9hxMVToeVUONn1W-X4w,langhorne-pennsylvania
