url,city
https://www.ubereats.com/dallas/food-delivery/luxor-shawarma-%26-gyro/9nRviH2USuC09evIn8w8Xw,lantana-texas
https://www.ubereats.com/dallas/food-delivery/corner-bakery-3640-justin-rd/AeNh9FusQ9un5x4xeq8qWw,lantana-texas
https://www.ubereats.com/dallas/food-delivery/mandu-dumpling-house-highland/S8_C-G4JROW7_Dj_9tj3aQ,lantana-texas
https://www.ubereats.com/dallas/food-delivery/rice-pot-flower-mound/VTT6DLvaReWfYA3M6yY45w,lantana-texas
https://www.ubereats.com/dallas/food-delivery/chipotle-mexican-grill-2735-west-university-drive-suite-1051/aITvXPcwTrWvzxfX8EPgQA,lantana-texas
https://www.ubereats.com/dallas/food-delivery/mooyah-burgers-flower-mound/19ObV6w2SO-AfVT6ZBSLxQ,lantana-texas
https://www.ubereats.com/dallas/food-delivery/outback-steakhouse-300-i-35-east/ugN91dc1Rr6EcEbTWnwvrw,lantana-texas
https://www.ubereats.com/dallas/food-delivery/sharetea/dcYrnFM1SnqZxDGpBqEEaw,lantana-texas
https://www.ubereats.com/dallas/food-delivery/mi-casita/vm1V0E2TT3OpHZWQqi9rNQ,lantana-texas
https://www.ubereats.com/dallas/food-delivery/prime/Y8kw5S1bQEWKoq0VvhcPNA,lantana-texas
https://www.ubereats.com/dallas/food-delivery/panda-express-5861-long-prarie-rd/_c16Wic5RreI6HsAARK91g,lantana-texas
https://www.ubereats.com/dallas/food-delivery/sushi-yamazaki/9_RKgxrHSu-ZVWb4mWmGnQ,lantana-texas
https://www.ubereats.com/dallas/food-delivery/las-pinas/yx1Hy-8YTYeNLXuaOr8nOA,lantana-texas
https://www.ubereats.com/dallas/food-delivery/ihop-1948-long-prairie-rd/ctJSQ4RcT1CuBf-4lYifgw,lantana-texas
https://www.ubereats.com/dallas/food-delivery/mcdonalds-denton-tx-teasley-hickory-creek/pZKR7vKzRWSit_7QSyiOKg,lantana-texas
https://www.ubereats.com/dallas/food-delivery/the-taste/RcETC4oJSKqmJA_IDSxvkA,lantana-texas
https://www.ubereats.com/dallas/food-delivery/hat-creek-burger-co-roanoke/VU5HiTsYTn6gMkVjbw5I6Q,lantana-texas
https://www.ubereats.com/dallas/food-delivery/papa-johns-1801-alice-street/a8URkF7qSJKSv0yV-AgS5A,lantana-texas
https://www.ubereats.com/dallas/food-delivery/taco-bell-2708-flower-mound-road/ZD-LQOhjRkCPVlobAahPzQ,lantana-texas
https://www.ubereats.com/dallas/food-delivery/sonic-7060-justin-road/GMHbylCxQUe0ZctvVW9t0w,lantana-texas
https://www.ubereats.com/dallas/food-delivery/bjs-restaurant-%26-brewhouse-3250-south-i-35e/J7HTRiSVQfycQg2rKA4eZw,lantana-texas
https://www.ubereats.com/dallas/food-delivery/pei-wei-1931-s-loop-288-suite-130/6iWHktj5TzuSPI5cZUfEFw,lantana-texas
https://www.ubereats.com/dallas/food-delivery/honey-baked-ham-1435-s-loop-288-ste-113/yhV4gBISTvagLsB2XOWxag,lantana-texas
https://www.ubereats.com/dallas/food-delivery/the-saucy-hibachi/67BnbEoVQ4av172bCEBvOQ,lantana-texas
https://www.ubereats.com/dallas/food-delivery/delhi6-indian-kitchen-%26-bar/mLD0o7IaR_O5RNTHq4UUxQ,lantana-texas
https://www.ubereats.com/dallas/food-delivery/mt-fuji-japanese-restaurant/zpfeU2vDTGe8q5z0V3ZPiA,lantana-texas
https://www.ubereats.com/dallas/food-delivery/lucky-panda-cafe/IiM79VD3Sn67DrlRAQFJyQ,lantana-texas
https://www.ubereats.com/dallas/food-delivery/tacos-regio-monterrey/z-_C4X_6T0aaflDVoElD3w,lantana-texas
https://www.ubereats.com/dallas/food-delivery/j-sushi/2YgxozZ6ReKGzle6ReBYEg,lantana-texas
https://www.ubereats.com/dallas/food-delivery/hooties-burger-bar-985-s-i-35-east/ofGXFlI9Qk2D03tYwEt19A,lantana-texas
https://www.ubereats.com/dallas/food-delivery/dickeys-bbq-pit-fm407-%26-mcmakin-rd/DD_6rzdKSTO_pSEATqwzXA,lantana-texas
https://www.ubereats.com/dallas/food-delivery/mazatlan/cx_yzPr9Q1-c6ncFf4BU8w,lantana-texas
https://www.ubereats.com/dallas/food-delivery/rosatis-pizza-2704-cross-timbers/57fDcNw2Qn6qG4QIxLg4vg,lantana-texas
https://www.ubereats.com/dallas/food-delivery/romanos-pizza/w9P96fCKS2ayC4LiTUVyaw,lantana-texas
https://www.ubereats.com/dallas/food-delivery/papa-johns-208-east-tx-highway-114/09rUPaWdRjqfAg5iKaj1CQ,lantana-texas
https://www.ubereats.com/dallas/food-delivery/kurume-ramen-%26-izakaya-at-rayzor-ranch/2mKktOCdRwKHSGGHliPjqA,lantana-texas
https://www.ubereats.com/dallas/food-delivery/taco-bell-1800-university-drive/zBTT3WDdSP6FzYzhyriZWQ,lantana-texas
https://www.ubereats.com/dallas/food-delivery/papa-johns-2201-justin-rd-suite-307/MK7NQj3wQaCZ8E57pOmjEA,lantana-texas
https://www.ubereats.com/dallas/food-delivery/giro-pizza/uVvpF6PjRpq1h6cofNKhYA,lantana-texas
https://www.ubereats.com/dallas/food-delivery/starbucks-407-%26-morriss/cHxeVojuR2y6oifXQYcNjg,lantana-texas
https://www.ubereats.com/dallas/food-delivery/buffalo-wild-wings-3780-justin-rd/bZUSOWI4QjePqg4LQ0mfwQ,lantana-texas
https://www.ubereats.com/dallas/food-delivery/sonic-109-n-loop-288/kE5lPW2cS0i0mrMWWbMRWA,lantana-texas
https://www.ubereats.com/dallas/food-delivery/fiori-italian-restaurant/G5GR7TzVS7uMZWWQvAzSIQ,lantana-texas
https://www.ubereats.com/dallas/food-delivery/cotton-patch-cafe-6101-long-prairie-rd-ste712/THYOXpkBTMSEE9L_qxX1gQ,lantana-texas
https://www.ubereats.com/dallas/food-delivery/rusty-anchor-bar-%26-grill1425-justin-road/7f20UPpvTnKIPBLN__oI9w,lantana-texas
https://www.ubereats.com/dallas/food-delivery/chick-fil-a-2001-long-prairie-rd/pcM-hOYMSiej5a5LLVYZ8Q,lantana-texas
https://www.ubereats.com/dallas/food-delivery/baris-pasta/3sESQhspTVKdK4P4CvNIGA,lantana-texas
https://www.ubereats.com/dallas/food-delivery/pokeyaa-highland-village/tmUfpStNR0q-zlSATGkPwQ,lantana-texas
https://www.ubereats.com/dallas/food-delivery/ihop-1499-w-main-st/S46lxUDRQ9Kk3UmQq7x4Kw,lantana-texas
https://www.ubereats.com/dallas/food-delivery/swine-and-garden/Aupv_Od8QeCnARANIyKPsQ,lantana-texas
https://www.ubereats.com/dallas/food-delivery/benjamins-pizza-kitchen/tNofwLaVQ4mgt9wOk4oc7w,lantana-texas
https://www.ubereats.com/dallas/food-delivery/taco-bell-702-east-highway-114/c4r9WOInTrCR2y0rfZidnQ,lantana-texas
https://www.ubereats.com/dallas/food-delivery/deli-dun-right/9Xebn_V0QFKsTsvmB-AM_w,lantana-texas
https://www.ubereats.com/dallas/food-delivery/wendys-4900-teasley-ln/mki0jrpqRECttTJ9mJeAog,lantana-texas
https://www.ubereats.com/dallas/food-delivery/eggspress-cafe/1F0gIXQfS0SgzKAlA2w1GQ,lantana-texas
https://www.ubereats.com/dallas/food-delivery/chilitos/gMqaU3wNRGyHaARBPq6tpw,lantana-texas
https://www.ubereats.com/dallas/food-delivery/mi-dia-from-scratch-flower-mound/won0CyYMQQSrNeTWV8BFUA,lantana-texas
https://www.ubereats.com/dallas/food-delivery/chick-fil-a-4481-fm-2181/7DUdeHCUSuiFCMeZlLvI0g,lantana-texas
https://www.ubereats.com/dallas/food-delivery/pho-xpress-grapevine/us4192ItQG21-qrkeDcGcw,lantana-texas
https://www.ubereats.com/dallas/food-delivery/marias-mexican-restaurant-corinth/iwBN9IoSR4W-1R5Bhxp5hw,lantana-texas
https://www.ubereats.com/dallas/food-delivery/combs-coffee/vOmWSlBGTT2zBUeguSUTGQ,lantana-texas
https://www.ubereats.com/dallas/food-delivery/chipotle-mexican-grill-1900-long-prairie-rd-ste-108/4pZKxTMfSnqBD9WAMgrtxg,lantana-texas
https://www.ubereats.com/dallas/food-delivery/houlihans-embassy-suites/7TfpcMztTl6Txf7AfnMt9Q,lantana-texas
https://www.ubereats.com/dallas/food-delivery/amano-italian-bistro/yA0wpQaqT-O2kQehbcYKNw,lantana-texas
https://www.ubereats.com/dallas/food-delivery/mcdonalds-flower-mound/8aUYMz2dSYyJ9VxVhDI1Mg,lantana-texas
https://www.ubereats.com/dallas/food-delivery/subway-4030-fm-2181/0_QxxVReSBGb46lpYb-Nyw,lantana-texas
https://www.ubereats.com/dallas/food-delivery/legends-diner/fQUnxJfMSyqU5sSHCZlF7A,lantana-texas
https://www.ubereats.com/dallas/food-delivery/pita-pit-denton/-AqUd2CqQeiH9Kne6KYwSw,lantana-texas
https://www.ubereats.com/dallas/food-delivery/dairy-queen-2000-long-prairie-rd/0utIJ_dHRF-EXqSoIV7A_w,lantana-texas
https://www.ubereats.com/dallas/food-delivery/sweet-basil-denton/Zoi7LYrSSpy4oi0i0ml4mQ,lantana-texas
https://www.ubereats.com/dallas/food-delivery/frescos-mexicana/s54Wf0d1RV2BOJgh0388RA,lantana-texas
https://www.ubereats.com/dallas/food-delivery/panda-express-8131-i-35-e/cjToeLL6RACU5_usGybvVA,lantana-texas
https://www.ubereats.com/dallas/food-delivery/taco-bell-855-w-main-st/tsjPgJGvQFWVhaajTOrfVw,lantana-texas
https://www.ubereats.com/dallas/food-delivery/panda-express-1345-hwy-377/PKmPYtUORDWl4anqGmg4Gw,lantana-texas
https://www.ubereats.com/dallas/food-delivery/here-asian-sushi-%26-bar/WfRgnL3zQx65jCX9xXsf4w,lantana-texas
https://www.ubereats.com/dallas/food-delivery/sonny-donuts-teasley-%40-i-35e/0G3ITLKLSbuuz-W1khbqtg,lantana-texas
https://www.ubereats.com/dallas/food-delivery/fuzzys-taco-shop-lewisville/6_DCATAYRwagZjcMNzgkBQ,lantana-texas
https://www.ubereats.com/dallas/food-delivery/lagos-island/4gB1vIkjQIWfC3BeNy_2Tw,lantana-texas
https://www.ubereats.com/dallas/food-delivery/mcdonalds-lewisville-main/e5tB_xvdS-G5O5trwMDTsA,lantana-texas
https://www.ubereats.com/dallas/food-delivery/chipotle-mexican-grill-1224-w-hickory-st/m164eDwYSw2VO1a8ffyXaQ,lantana-texas
https://www.ubereats.com/dallas/food-delivery/papa-johns-8171-s-interstate-35-e/0YdXrPbJQEiOLFygg5Jv9A,lantana-texas
https://www.ubereats.com/dallas/food-delivery/ista-indian-cuisine-flower-mound/8_rB9W-HTZ26Z_j6a52drg,lantana-texas
https://www.ubereats.com/dallas/food-delivery/loco-cafe/FOG43LjKTSC_qktl8S1WLQ,lantana-texas
https://www.ubereats.com/dallas/food-delivery/sonic-drive-in-state-school-rd/3jHSoaykSf-RXvyQFsjLww,lantana-texas
https://www.ubereats.com/dallas/food-delivery/kfc-1502-w-main-st/9qS2WW1TQjSJ-7_UNhANbQ,lantana-texas
https://www.ubereats.com/dallas/food-delivery/saffron-girl/9BC7bgNgQPSUZrfrBu8OGA,lantana-texas
https://www.ubereats.com/dallas/food-delivery/taco-bell-5050-teasley-lane/ynqIzZfTTqy_o0qrx0dWAA,lantana-texas
https://www.ubereats.com/dallas/food-delivery/muggle-shakes-frozen-yogurt/hOIhl_1kQp20HGL-Kv4n1A,lantana-texas
https://www.ubereats.com/dallas/food-delivery/auntie-annes-2201-s-i-35-east-ste-p-3/L8MMpRUGTIC_by_3g5tgOA,lantana-texas
https://www.ubereats.com/dallas/food-delivery/fuzzys-taco-shop/qfzxO7rlTTSF0TPJoWDjww,lantana-texas
https://www.ubereats.com/dallas/food-delivery/fosters/nSrb9W7DT8OcgGWiZmqzFQ,lantana-texas
https://www.ubereats.com/dallas/food-delivery/mellow-mushroom-denton/TBMlvCw3TYCGHQiQiLvo3g,lantana-texas
https://www.ubereats.com/dallas/food-delivery/the-original-joey-os/8qgGS7A7Sum-z_3EEqmw4g,lantana-texas
https://www.ubereats.com/dallas/food-delivery/940s-kitchen-%26-cocktails/hVm-ZYQSR0S1oZHTfd0e5A,lantana-texas
https://www.ubereats.com/dallas/food-delivery/el-fenix-denton/Z7SiXUyGRtqNuzSavZY8QQ,lantana-texas
https://www.ubereats.com/dallas/food-delivery/dragon-express/kMP4ChIXTOmmWW_QnYmIng,lantana-texas
https://www.ubereats.com/dallas/food-delivery/taqueria-monterrey-denton/30gwGD8wSlOpbpgOV106Vw,lantana-texas
https://www.ubereats.com/dallas/food-delivery/rush-bowls-flower-mound/JW7DDaO_Tj-KuhLEa1bZqw,lantana-texas
https://www.ubereats.com/dallas/food-delivery/dennys-8000-s-i-35-e/1Di6R2u6TQ-5z10Egsk6gw,lantana-texas
https://www.ubereats.com/dallas/food-delivery/sunny-street-cafe-roanoke/xpZjZTibQGmIdWtpUDkByg,lantana-texas
https://www.ubereats.com/dallas/food-delivery/schlotzskys-deli-long-prairie-rd-%26-cross-timbers-rd/IkZfYdQ6SdaEt-lSzEFVOw,lantana-texas
https://www.ubereats.com/dallas/food-delivery/fat-cow-bbq/JYrwJ3YmTfi9zX1DrGE3cA,lantana-texas
https://www.ubereats.com/dallas/food-delivery/nestle-toll-house-cafe-by-chip-1400-shoal-creek/Rg6ivtKRTEaaoGvwUgnbug,lantana-texas
https://www.ubereats.com/dallas/food-delivery/kolache-haven-denton/NzsoEnesTnGnMj--g1fQqw,lantana-texas
https://www.ubereats.com/dallas/food-delivery/panda-express-3540-highway-114/jv4CqMyATOm3nBdg3PSTXQ,lantana-texas
https://www.ubereats.com/dallas/food-delivery/the-hot-potato/oSpA1N1yQDOZvRJtzbPriQ,lantana-texas
https://www.ubereats.com/dallas/food-delivery/dickeys-bbq-pit-us-377-%26-northwest-pkwy/Bmi1OPItQ5auhyjZTE-DcA,lantana-texas
https://www.ubereats.com/dallas/food-delivery/its-a-burger-denton/Kk8if4coQiaO-0XsocWhUA,lantana-texas
https://www.ubereats.com/dallas/food-delivery/jersey-mikes-2200-west-university-dr/zOYPTmp-RzOOY8dAh7nitQ,lantana-texas
https://www.ubereats.com/dallas/food-delivery/chinatown-cafe/oNJW0yKnSJaJ_bexd8cHNQ,lantana-texas
https://www.ubereats.com/dallas/food-delivery/fat-shack-denton/SgcG6MKPTzyebZCyXPVKdA,lantana-texas
https://www.ubereats.com/dallas/food-delivery/chicken-express-roanoke/DfyCs6eASLqIgtTRkDRztg,lantana-texas
https://www.ubereats.com/dallas/food-delivery/taco-cielo/vTsHTTOjQtKszl3i-rfT1Q,lantana-texas
https://www.ubereats.com/dallas/food-delivery/casamia-bartonville/L1Vqba3USBan4JwNPfCkmw,lantana-texas
https://www.ubereats.com/dallas/food-delivery/j%26c-donuts/cd1toKOQT4u437_g3vXEgQ,lantana-texas
https://www.ubereats.com/dallas/food-delivery/daan-sushi-asian-bistro-%26-bar/NezV7tbnSNmW6MrY9_-phg,lantana-texas
https://www.ubereats.com/dallas/food-delivery/los-molcajetes-mexican-restaurant-roanoke/DreE3IOnSIKPZHnnd6fh0Q,lantana-texas
https://www.ubereats.com/dallas/food-delivery/oriental-garden-restaurant/XEqFvQsYQ1OPz1rjx4mPpw,lantana-texas
https://www.ubereats.com/dallas/food-delivery/mcdonalds-s-stemmons/nK61BFpkR8ahPCukT4VK2A,lantana-texas
https://www.ubereats.com/dallas/food-delivery/sonic-930-ft-worth-dr/cG7UwZ1RQ7eAjH_mPTg5gQ,lantana-texas
https://www.ubereats.com/dallas/food-delivery/chipotle-mexican-grill-1800-s-loop-288-ste-398/h8ezDKbdRJyat2QmOixLOg,lantana-texas
https://www.ubereats.com/dallas/food-delivery/starbucks-hickory-creek-%26-teasley/9tH46kdQSTCNEHQ-dP3EyA,lantana-texas
https://www.ubereats.com/dallas/food-delivery/papa-murphys-pizza-tx064-5017-teasley-lane/EMdOgeF2TiCJsS_bsQQPlg,lantana-texas
https://www.ubereats.com/dallas/food-delivery/inzo-italian-kitchen/LbHdoyOzT-SjYNuQvmOOyg,lantana-texas
https://www.ubereats.com/dallas/food-delivery/starbucks-cross-timbers-%26-garden-ridge/a37d4XnST6-NT_32ZYtR3g,lantana-texas
https://www.ubereats.com/dallas/food-delivery/subway-2648-fm-407/8mZeiwGRTq2y7awhBlRNWQ,lantana-texas
https://www.ubereats.com/dallas/food-delivery/i-love-juice-bar-flower-mound/wuoCdn1hRwqcNz0Z6AWySw,lantana-texas
https://www.ubereats.com/dallas/food-delivery/palios-pizza-cafe/kToa9lv7Q-ibHwYjqI3YXQ,lantana-texas
https://www.ubereats.com/dallas/food-delivery/grandys-lewisville/E4tooFhjTnWYWZ0GW3eu6w,lantana-texas
https://www.ubereats.com/dallas/food-delivery/palios-pizza-cafe/0W6YfaRgT8eb9T1onJsKMg,lantana-texas
https://www.ubereats.com/dallas/food-delivery/golden-chick-lewisville/mEvThOkoTxytX902cl5y0w,lantana-texas
https://www.ubereats.com/dallas/food-delivery/lakeside-donuts/untjfkWdQ_aFIo1uiBR_sw,lantana-texas
https://www.ubereats.com/dallas/food-delivery/long-john-silvers-1901-south-loop-288/hPMM05QpRWa8OvyG0H_P4w,lantana-texas
https://www.ubereats.com/dallas/food-delivery/elchico/pe8a-iOFTtmIEnazNWKQEg,lantana-texas
https://www.ubereats.com/dallas/food-delivery/thai-chili/SdHUA51lSom-THf_WES-iA,lantana-texas
https://www.ubereats.com/dallas/food-delivery/burgerim-5000-st-hwy-114-ste-100/bYkgZH8EQJuX9T2MmzEaJQ,lantana-texas
https://www.ubereats.com/dallas/food-delivery/sonora-factory-grill/oXWT0f0vQEerxt1XqmOeGA,lantana-texas
https://www.ubereats.com/dallas/food-delivery/costa-vida-2628-long-prairie-rd-ste-110/EHqN9IwIQemUJsEs6tjjBA,lantana-texas
https://www.ubereats.com/dallas/food-delivery/sonic-1413-west-fm-407/z54tKb9uQeyzn5wEWInvkA,lantana-texas
https://www.ubereats.com/dallas/food-delivery/chillicious-thai/V46brIQQR8yQbKw9w2kDiQ,lantana-texas
https://www.ubereats.com/dallas/food-delivery/here-asain-cuisine/nRFlUWViS2uGtljPXQLPhQ,lantana-texas
https://www.ubereats.com/dallas/food-delivery/sweetwaters-coffee-%26-tea-teasley/V47y5SqXSa2RWM3ct1f0kQ,lantana-texas
https://www.ubereats.com/dallas/food-delivery/papa-johns-2201-long-prairie-road-suite-115/a9VSqiLVRcqxvgyWQwP78A,lantana-texas
https://www.ubereats.com/dallas/food-delivery/chicken-express-3801-fm2181/4r6esG99SPmged0SCE2P-w,lantana-texas
https://www.ubereats.com/dallas/food-delivery/little-caesars-717-s-interstate-35-e/HBz6nviYRDS95OpX5KDxWQ,lantana-texas
https://www.ubereats.com/dallas/food-delivery/sonic-13211-raceway-dr/uJ8HKXx9TACdwxGlf0oUzA,lantana-texas
https://www.ubereats.com/dallas/food-delivery/got-donut/bY1t5cbpSRiZCtTxS7BpoA,lantana-texas
https://www.ubereats.com/dallas/food-delivery/bubble-well/xBHQm_IuR-ukcXY832E2RQ,lantana-texas
https://www.ubereats.com/dallas/food-delivery/sonic-2925-cross-timbers/14ZhCd1FRbarb1vGo4uXFQ,lantana-texas
https://www.ubereats.com/dallas/food-delivery/firehouse-subs-rayzor-ranch/OJn7OA6UQgSvs4Ko-XBjfg,lantana-texas
https://www.ubereats.com/dallas/food-delivery/7-estrellas-taqueria/AOy-ecrfS8S1MkA1zDyCIg,lantana-texas
https://www.ubereats.com/dallas/food-delivery/subway-850-valley-ridge-blvd/NLtPrXsCSciFFMUxgD1UyQ,lantana-texas
https://www.ubereats.com/dallas/food-delivery/fresh-%26-creamy-donuts/FTnEmB1dQYio_DtgDtv_Iw,lantana-texas
https://www.ubereats.com/dallas/food-delivery/north-point-cafe/vdOC3ToTTi-ORX7W7gmwHw,lantana-texas
https://www.ubereats.com/dallas/food-delivery/chipotle-mexican-grill-6100-long-prairie-rd-ste-100/tlxSLL1qRy2Z-YbYxAfZIg,lantana-texas
https://www.ubereats.com/dallas/food-delivery/subway-100-country-club-rd/MBMXieHQSLe_FeXih0Nzlw,lantana-texas
https://www.ubereats.com/dallas/food-delivery/the-cookie-crave/dvxfqxS1SEyQ_Pk9LP9uVw,lantana-texas
https://www.ubereats.com/dallas/food-delivery/the-great-egg-restaurant-formerly-the-egg-%26-i/8PTdK2lTTLiz0XPdIwPmsg,lantana-texas
https://www.ubereats.com/dallas/food-delivery/jersey-mikes-subs-flower-mound-2701-cross-timbers-road/Lgff64tGSoKnxdS69PMcsA,lantana-texas
https://www.ubereats.com/dallas/food-delivery/munchies-food-truck/gsghC_78T6CyyOIQiGYQ2g,lantana-texas
https://www.ubereats.com/dallas/food-delivery/woops!-cookies-%26-macarons/XGw5brcmS72brvRUsw5Atg,lantana-texas
https://www.ubereats.com/dallas/food-delivery/chick-fil-a-2001-justin-rd/wvtRPE3eSTeJiM-jJU9O8w,lantana-texas
https://www.ubereats.com/dallas/food-delivery/mi-tata-mexican-restaurant/sALwZkg9TGeLXH8qfqCHhQ,lantana-texas
https://www.ubereats.com/dallas/food-delivery/burger-king-1104-west-main-street/CNWCvcNzSDmFWt3bLFr1sg,lantana-texas
https://www.ubereats.com/dallas/food-delivery/po-k-loco/qVoyiHSqSAu9oFZZDouE3w,lantana-texas
https://www.ubereats.com/dallas/food-delivery/home-taste-asian-restaurant/zxzsxP3HQzep6914_suOXQ,lantana-texas
https://www.ubereats.com/dallas/food-delivery/mcdonalds-3601-fm-407/gb04VpZOTU-AG4v4XbJiWQ,lantana-texas
https://www.ubereats.com/dallas/food-delivery/boston-market-1570-w-main-st/cUzMgwb1QKS0ZBzvK2zNPA,lantana-texas
https://www.ubereats.com/dallas/food-delivery/crooked-crust-denton/WRBCOMb2SseqBBDK3euc7Q,lantana-texas
https://www.ubereats.com/dallas/food-delivery/panda-express-1320-s-loop-288/kOYVtVbgQYeRXCxaL-v6Ew,lantana-texas
https://www.ubereats.com/dallas/food-delivery/peters-pizzeria-and-italian-favorites/8p6dBoBIS4Os4ls3TK4hMw,lantana-texas
https://www.ubereats.com/dallas/food-delivery/dennys-4007-north-i-35/fTF8lyKlRfGdorydCNsHjQ,lantana-texas
https://www.ubereats.com/dallas/food-delivery/brisket-burger/wcMwbCQtSmuUzZuGAd8Ucg,lantana-texas
https://www.ubereats.com/dallas/food-delivery/taco-cabana-2330-w-university-dr/P45Cpj39QtKOUW105E5rEA,lantana-texas
https://www.ubereats.com/dallas/food-delivery/jack-in-the-box-2200-s-interstate-35e/_q97OhdJR2yZJcJzaAIapg,lantana-texas
https://www.ubereats.com/dallas/food-delivery/red-lobster-2801-south-i-35-east/wpbM4L3ATyuUm2Ur3nfVyw,lantana-texas
https://www.ubereats.com/dallas/food-delivery/old-house-bbq-lewisville/QID18W44QVm5VME-GShbBA,lantana-texas
https://www.ubereats.com/dallas/food-delivery/kfc-1516-teasley-ln/iIqqil3hRfupXsK5qD5HEg,lantana-texas
https://www.ubereats.com/dallas/food-delivery/famous-fatsos-burgers/hXeGkzanQ7GLV5WbKWESpg,lantana-texas
https://www.ubereats.com/dallas/food-delivery/coffee-tree-cafe/OYn8v8MJQZyQ_8v4czkfhQ,lantana-texas
https://www.ubereats.com/dallas/food-delivery/the-bistro-at-marriott-courtyard-%26-town-suites-grapevine/2VZQxsgzQSmEhR4nv7_-FQ,lantana-texas
https://www.ubereats.com/dallas/food-delivery/chipotle-mexican-grill-722-w-main-st/A8aoJ2pIRoyRKBJdz65HDw,lantana-texas
https://www.ubereats.com/dallas/food-delivery/sonic-drive-in-w-university/kabnFy1OQnWHKyP_TaXWig,lantana-texas
https://www.ubereats.com/dallas/food-delivery/yummys-greek-cafe/PZkDQSlWQxGeKJLqZWnzRA,lantana-texas
https://www.ubereats.com/dallas/food-delivery/good-morning-joy-donut/hE5q99W0RH2-yUf0PzOQtg,lantana-texas
https://www.ubereats.com/dallas/food-delivery/ihop-3002-hickory-creek/8FC9nti4TfWcbOUcxH_23w,lantana-texas
https://www.ubereats.com/dallas/food-delivery/luna-grill-flower-mound/riQeqNSZTMaIO8BrAxfxOQ,lantana-texas
https://www.ubereats.com/dallas/food-delivery/soulmans-bar-bqmain-st/FPw-csC7RRmQ8DAMl_XmOg,lantana-texas
https://www.ubereats.com/dallas/food-delivery/milpa-mexican-restaurant/bHlu3qjORIKg74--S7rR5g,lantana-texas
https://www.ubereats.com/dallas/food-delivery/chow-joe-cuisine/DAw6GQOfSqeGR7KEue8lsg,lantana-texas
https://www.ubereats.com/dallas/food-delivery/drunchies-tacos/CDeUkpZBQNKzCwe4dIE89Q,lantana-texas
https://www.ubereats.com/dallas/food-delivery/boomerjacks-grill-%26-bar-denton/CqWLvVyhSsGtRgM9XR_-PQ,lantana-texas
https://www.ubereats.com/dallas/food-delivery/wingtown-and-grill/id9Yjd3CTTuBr_sPnOcsGw,lantana-texas
https://www.ubereats.com/dallas/food-delivery/sonic-1202-n-hwy-377/Cahrw9d4RGy23sZHsY5zNg,lantana-texas
https://www.ubereats.com/dallas/food-delivery/cracker-barrel-old-country-store-889-south-stemmons/KvPgr1OcQpSrE7gewFHdlA,lantana-texas
https://www.ubereats.com/dallas/food-delivery/the-catch/1kcEOPSIT2exbSRGR8YYag,lantana-texas
https://www.ubereats.com/dallas/food-delivery/el-matador-restaurant/xDenptJJSWSrCmaJ_qOj7g,lantana-texas
https://www.ubereats.com/dallas/food-delivery/grimaldis-highland-village/mb2YSQ2tTFelXwOLwcJs2A,lantana-texas
https://www.ubereats.com/dallas/food-delivery/popeyes-1394-w-main-st/rUfJ_xpjSXWIEqK97HgyXw,lantana-texas
https://www.ubereats.com/dallas/food-delivery/mi-ranchito-mexican-restaurant-denton/iy5JdwdQTLKdqennM8xOkw,lantana-texas
https://www.ubereats.com/dallas/food-delivery/pier-407-seafood-%26-grill/rTc1AXzmSOemA6tKaKp6KQ,lantana-texas
https://www.ubereats.com/dallas/food-delivery/palermos-italian-cafe/14XP_JHVQ9uPov_L3QuTvg,lantana-texas
https://www.ubereats.com/dallas/food-delivery/ds-donuts/QuYgOKaBSFKxjq5byw4rCQ,lantana-texas
https://www.ubereats.com/dallas/food-delivery/pei-wei-3090-fm-407-suite-306/Y-PO2_gvTkOMIJhpVKEziQ,lantana-texas
https://www.ubereats.com/dallas/food-delivery/thai-square-denton/6G-8sKgmSumaLCVyqhwhKQ,lantana-texas
https://www.ubereats.com/dallas/food-delivery/mcdonalds-lewisville-tx-main-street/tyBYD650TYaY8INThYa8Tw,lantana-texas
https://www.ubereats.com/dallas/food-delivery/nori-sushi/ks7y-_vuSdujQfV0yFW9Zw,lantana-texas
https://www.ubereats.com/dallas/food-delivery/freebirds-world-burrito-2700-west-university-ste-1090/CYE7D0yUR7SfQs2V8ny1Cg,lantana-texas
https://www.ubereats.com/dallas/food-delivery/sonic-2541-flower-mound-road/Z9VC4NjlSceBsHqqfQFbyA,lantana-texas
https://www.ubereats.com/dallas/food-delivery/burgerim-771-w-round-grove-rd-ste-e600/h3TLblcHSfmYqqohT6ZS7g,lantana-texas
https://www.ubereats.com/dallas/food-delivery/sushi-fugu/Fxo_xU4-RrurZg7ucVLTWw,lantana-texas
https://www.ubereats.com/dallas/food-delivery/jack-in-the-box-7900-s-interstate-35e/f15VnKfoSJS8NDMZ_l0nHw,lantana-texas
https://www.ubereats.com/dallas/food-delivery/gyro-360/H-4eYWhHQw2HppFeiVX_1w,lantana-texas
https://www.ubereats.com/dallas/food-delivery/chipotle-mexican-grill-2225-e-grapevine-mills-cir/kxK2ifxkQtOOuDuJxUdUjw,lantana-texas
https://www.ubereats.com/dallas/food-delivery/mcalisters-deli-3180-justin-roadsuite-502/MkGZai03RmS35mcmiZTcmA,lantana-texas
https://www.ubereats.com/dallas/food-delivery/la-fondita-authentic-mexican-kitchen-from-scratch/LUOmI8b-SSOsxzsKef087Q,lantana-texas
https://www.ubereats.com/dallas/food-delivery/korner-cafe/bzHF0zbpTCWg9cMxvNyrkg,lantana-texas
https://www.ubereats.com/dallas/food-delivery/wing-pit/PN7aQLbYRomhJIYp9fMuPw,lantana-texas
https://www.ubereats.com/dallas/food-delivery/glorias-latin-cuisine-3721-justin-rd/sic7525YRvatmWNwtKBS1w,lantana-texas
https://www.ubereats.com/dallas/food-delivery/taco-bueno-3215-flower-mound-%231/jQrFWuPcSea0vI6cOl9kiw,lantana-texas
https://www.ubereats.com/dallas/food-delivery/jack-in-the-box-328-w-university-dr/we-Yh0DHTcCZ-MpLmU1erg,lantana-texas
https://www.ubereats.com/dallas/food-delivery/southern-maid-donuts/VNukrrgBQPGPJXiEbSMvzg,lantana-texas
https://www.ubereats.com/dallas/food-delivery/kung-fu-tea-denton/rETmnqErSUWWMVAjM9iUlw,lantana-texas
https://www.ubereats.com/dallas/food-delivery/napolis-italian-restaurant/Aq6sHk4dTvS_U1Pw5eQ6dA,lantana-texas
https://www.ubereats.com/dallas/food-delivery/hanaya/15xKg2rxR_iDLzDQUQ8UBg,lantana-texas
https://www.ubereats.com/dallas/food-delivery/sushi-motto/5xMPrXM-RTeSnyHEnGcu7w,lantana-texas
https://www.ubereats.com/dallas/food-delivery/the-juice-lab/XguNvREQTdOQHJYzYRTstQ,lantana-texas
https://www.ubereats.com/dallas/food-delivery/taco-bell-681-fort-worth-ave/_vJWP-hFQl6nlSOJQBs_gQ,lantana-texas
https://www.ubereats.com/dallas/food-delivery/cracker-barrel-old-country-store-2700-grapevine-mills-pkwy/q4I0S7J7S1aG6YjvsN4_1w,lantana-texas
https://www.ubereats.com/dallas/food-delivery/tavern-at-lakeside/fabqyHeCQs6lkPnVUD0lBw,lantana-texas
https://www.ubereats.com/dallas/food-delivery/soulbird-chkn-shack-%26-wing-bar/QLb2cfAYSli_WsKRbzcGhQ,lantana-texas
https://www.ubereats.com/dallas/food-delivery/urbano-enchilada-taco-bar/O8ynRU8rR66iS8obW_4a5g,lantana-texas
https://www.ubereats.com/dallas/food-delivery/schlotzskys-deli-west-university-dr/7tdxgCPaTMWtX9M_8N4zHg,lantana-texas
https://www.ubereats.com/dallas/food-delivery/greenhouse-restaurant/o_MLgdV_RPyai-NZXlFEUA,lantana-texas
https://www.ubereats.com/dallas/food-delivery/el-pollo-loco-2822-w-university-dr3867/lRyGJmSbTXubp46OqqrKWw,lantana-texas
https://www.ubereats.com/dallas/food-delivery/lonestar-popcorn/LVR-3xCzRbCUPVrFAlq3oQ,lantana-texas
https://www.ubereats.com/dallas/food-delivery/craft-%26-vine/XcXX2TXLRzuWtF51W_9aJQ,lantana-texas
https://www.ubereats.com/dallas/food-delivery/buffet-king-denton/vRpTzFfeTEyNGVJA7bINCg,lantana-texas
https://www.ubereats.com/dallas/food-delivery/redds-cajun-kitchen/SWyYyrCQRtGlJW6FTbNAKA,lantana-texas
https://www.ubereats.com/dallas/food-delivery/churchills-fish-and-chips/Vea9bxUDQvqNSsKA_Mk8ng,lantana-texas
https://www.ubereats.com/dallas/food-delivery/rockin-s-bar-%26-grill/5VzqhFYOQvuIxb1lgQxzBw,lantana-texas
https://www.ubereats.com/dallas/food-delivery/red-robin-5731-long-prairie-rd/qlmwVd6JSWm2buCrTQwtFA,lantana-texas
https://www.ubereats.com/dallas/food-delivery/kurume-ramen-%26-izakaya-at-288/VPmuupgSTjeXH9kHNyWkCw,lantana-texas
https://www.ubereats.com/dallas/food-delivery/blu-crab-seafood-house-and-bar/CqEiQ7S7Q7-_tHbYrNt9dA,lantana-texas
https://www.ubereats.com/dallas/food-delivery/sonic-4150-teasley-lane/cEzEga4HTOuv-CITVY4e0A,lantana-texas
https://www.ubereats.com/dallas/food-delivery/beatitudes/HiwXo2eiQwuLbb1FZpCgBQ,lantana-texas
https://www.ubereats.com/dallas/food-delivery/mcdonalds-735-fort-worth-drive/Jo9oyjIrSCWs5BcB16sl0g,lantana-texas
https://www.ubereats.com/dallas/food-delivery/the-flour-shop-bakery/2z7eLYxkSrmx4TlhDsMz5g,lantana-texas
https://www.ubereats.com/dallas/food-delivery/pokey-os-denton-county/vbJ-lecYSBelQFEtGs0bEQ,lantana-texas
https://www.ubereats.com/dallas/food-delivery/hauoli-poke-teppan/HnWkYou2TUCpGI0Pay9lrg,lantana-texas
https://www.ubereats.com/dallas/food-delivery/taco-bueno-3037-denton-%232/EPh3H5d8S2yhXLs0myJqkg,lantana-texas
https://www.ubereats.com/dallas/food-delivery/cafe-dount/cFcTBZILSXe9_qVZ05t2MQ,lantana-texas
https://www.ubereats.com/dallas/food-delivery/the-windy-city-grub-hub/L7suQ0H8RRG9uTbUbqxhTA,lantana-texas
https://www.ubereats.com/dallas/food-delivery/popeyes-1331-north-highway-377/1WRgvEj0T9m4YiZXsWuRkw,lantana-texas
https://www.ubereats.com/dallas/food-delivery/subway-2911-cross-timbers-rd/Id9IQe7MQW6xbFzZs0ztWQ,lantana-texas
https://www.ubereats.com/dallas/food-delivery/black-walnut-cafe-flower-mound/Fbc3n__rQPu49yR451j3Qw,lantana-texas
https://www.ubereats.com/dallas/food-delivery/subway-717-s-interstate-35-e/SSOi-MnITqOxd_dyi4O5QQ,lantana-texas
https://www.ubereats.com/dallas/food-delivery/gentis-pizza-%26-pasta/Udmx-0cOSw-lSphyec-DGg,lantana-texas
https://www.ubereats.com/dallas/food-delivery/sushi-cafe/TA-rxaERQletgfZyVPtApw,lantana-texas
https://www.ubereats.com/dallas/food-delivery/burgers-%26-brats-flower-mound/OatYbUBLRLOC8DIwN7j1BA,lantana-texas
https://www.ubereats.com/dallas/food-delivery/on-the-border-denton/pM_dcBZ1TN6vdoS3ULvXyA,lantana-texas
https://www.ubereats.com/dallas/food-delivery/swirl-bakery-cafe-catering/pYxbBfpQSRKYlEqDCsyjiA,lantana-texas
https://www.ubereats.com/dallas/food-delivery/popeyes-8151-i-35-east/9gV5kEuDTfqPVwMvd-MMgw,lantana-texas
https://www.ubereats.com/dallas/food-delivery/five-guys-tx-1184-1715-south-loop-288/QQZPgLbpTLCtCTI1zKnDMQ,lantana-texas
https://www.ubereats.com/dallas/food-delivery/gobi-mongolian-grill-and-asian-diner/kBhaVVh3SQ69byyjsQVAjQ,lantana-texas
https://www.ubereats.com/dallas/food-delivery/burger-street-roanoke/hnVaHFjgQmmrq-hf0oOgnw,lantana-texas
https://www.ubereats.com/dallas/food-delivery/taco-bell-4471-fm-2181/AfunWGU0Srqk_DKWp3bIXQ,lantana-texas
https://www.ubereats.com/dallas/food-delivery/frios-gourmet-pops/Yv2ME9eXS9yN8QteNx2u_A,lantana-texas
https://www.ubereats.com/dallas/food-delivery/mamas-daughters-diner-lewisville/RZy3szkHTJ6nIdwXWDXXgg,lantana-texas
https://www.ubereats.com/dallas/food-delivery/chipotle-mexican-grill-8201-i-35-e/LFNuMzPzT1WPgSQi6YZpHQ,lantana-texas
https://www.ubereats.com/dallas/food-delivery/yummys-greek-restaurant/b18ixzQvQHeIKcimTcDsRg,lantana-texas
https://www.ubereats.com/dallas/food-delivery/hot-n-creamy-donuts/qdLoltMRRpCDhzGjs8UuxQ,lantana-texas
https://www.ubereats.com/dallas/food-delivery/donut-haven/9LWaT3O1Qm6b_hdPw0-MOg,lantana-texas
https://www.ubereats.com/dallas/food-delivery/bahama-bucks-125-chinn-chapel-rd/tMhZYviAT_OOndRYGfYa1g,lantana-texas
https://www.ubereats.com/dallas/food-delivery/tacos-sabrositos/MjKDuVLZRa-X7M7g-wn3Ug,lantana-texas
https://www.ubereats.com/dallas/food-delivery/chicken-express-lewisville/7I5OXS0oRjako1VG4reH4Q,lantana-texas
https://www.ubereats.com/dallas/food-delivery/thai-ocha/aKR8vLKMSsCdpejijy0gHQ,lantana-texas
https://www.ubereats.com/dallas/food-delivery/pho-luv/hc-_nMFeSoWIiGXPTk6GKg,lantana-texas
https://www.ubereats.com/dallas/food-delivery/gourmet-donuts/BhaOxwG6R7GN6Vqp9f07lQ,lantana-texas
https://www.ubereats.com/dallas/food-delivery/holey-donuts/n31p3_eSQEe_I-S40TlgLg,lantana-texas
https://www.ubereats.com/dallas/food-delivery/kimsdonut/naug9th-QTeymjl9I0Ucqg,lantana-texas
https://www.ubereats.com/dallas/food-delivery/reno-reds-frontier-cooking/lpJmOg-8TiGpM0_IBMdWaQ,lantana-texas
https://www.ubereats.com/dallas/food-delivery/shell-shack/DfSGGce5RAyJGnA_4FJKig,lantana-texas
https://www.ubereats.com/dallas/food-delivery/the-brass-tap-4151-waller-creek/021qDeJqSdS0oJ2_AguB3g,lantana-texas
https://www.ubereats.com/dallas/food-delivery/taqueria-monterrey-east-university-dr/oD3wWezBRtaBwwg7qEsL8Q,lantana-texas
https://www.ubereats.com/dallas/food-delivery/tortilleria-la-sabrocita-denton/rBAr-dGFS7iPsszfSIYrAw,lantana-texas
https://www.ubereats.com/dallas/food-delivery/fish-city-grill-flower-mound/dvIUKQdnQMuyGAf3Q98Hvw,lantana-texas
https://www.ubereats.com/dallas/food-delivery/papa-johns-2430-s-interstate-35-e/-ymUDVZVS9eX5obdCoBb-Q,lantana-texas
https://www.ubereats.com/dallas/food-delivery/doubledaves-denton/K2RwMQCSQB2FqycBf-c_Mw,lantana-texas
https://www.ubereats.com/dallas/food-delivery/zoes-kitchen-5871-long-prairie-road-ste-300/pM-5tKKbTTSFkHLFXDmF4w,lantana-texas
https://www.ubereats.com/dallas/food-delivery/el-taco-rico/99TQPQhEQ5-jEo037gV8Vw,lantana-texas
https://www.ubereats.com/dallas/food-delivery/buffalo-wild-wings-1400-s-loop-288-ste-110/xhZMi_XpQti3pXeXtK2HbA,lantana-texas
https://www.ubereats.com/dallas/food-delivery/ben-%26-jerrys-4061-barton-creek/BLRmTB37QN65kJDZLKxIig,lantana-texas
https://www.ubereats.com/dallas/food-delivery/starbucks-swisher-road-%26-i-35/5SOKBEyOQUGxDElGGR1R3Q,lantana-texas
https://www.ubereats.com/dallas/food-delivery/morris-donuts/NSQo_Q62Rzyu49zpsa-fMw,lantana-texas
https://www.ubereats.com/dallas/food-delivery/viva-la-pasta/_97YH-W3R2OhJpPYxx0fdQ,lantana-texas
https://www.ubereats.com/dallas/food-delivery/taqueria-monterrey-mayhill-road/vMlT4l15T6SFBF3uKKV1_A,lantana-texas
https://www.ubereats.com/dallas/food-delivery/ihop-3019-highland-village/AwCHuRwqQs6CdlvYXznIHw,lantana-texas
https://www.ubereats.com/dallas/food-delivery/burger-king-8001-south-interstate-35/yU76tzOdR6qNoQXsyVtA0A,lantana-texas
https://www.ubereats.com/dallas/food-delivery/rockfish-seafood-%26-grill-highland-village/VMWpVaalRlOtAmtY7MWY3Q,lantana-texas
https://www.ubereats.com/dallas/food-delivery/sonic-2131-e-university-drive/8ABmCP3nS563GTYRWGifoA,lantana-texas
https://www.ubereats.com/dallas/food-delivery/starbucks-i-35-%26-fox/f2jEmztyQ62vZXnlnqS5_Q,lantana-texas
https://www.ubereats.com/dallas/food-delivery/cicis-pizza-long-prairie/JZhq8d5yS8awhVS6N-zKJQ,lantana-texas
https://www.ubereats.com/dallas/food-delivery/taco-bell-6040-long-prairie-dr/5C1qYofrQrGp8xe93JsqBg,lantana-texas
https://www.ubereats.com/dallas/food-delivery/la-estrella-denton/q5cB_7nxTTibHudI59MUWw,lantana-texas
https://www.ubereats.com/dallas/food-delivery/pazzo!/PwQNSsyDTKuZymOGN4J_pA,lantana-texas
https://www.ubereats.com/dallas/food-delivery/dickeys-bbq-pit-lewisville/w70k4o0vQX2pYY1wbZ9a3A,lantana-texas
https://www.ubereats.com/dallas/food-delivery/starbucks-407-%26-mcmakin/JHxdItmFTxyBxJhLN6dNnw,lantana-texas
https://www.ubereats.com/dallas/food-delivery/rock-n-roll-sushi/XF4UvD3xSeqjUMeXxAXX2A,lantana-texas
https://www.ubereats.com/dallas/food-delivery/kfc-taco-bell-2170-fm-407/lSJNAMV9R5OfvvNq3YwOgg,lantana-texas
https://www.ubereats.com/dallas/food-delivery/wendys-2041-justin-road/4ZojGXWJTJuXzc1vGXohKw,lantana-texas
https://www.ubereats.com/dallas/food-delivery/sonic-101-main-street/tHB9kyXJTkWayk2YZ7m3QQ,lantana-texas
https://www.ubereats.com/dallas/food-delivery/taqueria-morelita/y5ryjl2_SSWgrBQ4QtDBOw,lantana-texas
https://www.ubereats.com/dallas/food-delivery/terrys-donut/xNXLKVomSJyjetWvQ6gXPA,lantana-texas
https://www.ubereats.com/dallas/food-delivery/sonic-175-n-valley-parkway/b4Ni9cCNQwKd-FO4z2mSTw,lantana-texas
https://www.ubereats.com/dallas/food-delivery/cristinas-fine-mexican-restaurant-flower-mound/fpk7oUaiRJOMLRFEKecr5Q,lantana-texas
https://www.ubereats.com/dallas/food-delivery/bumbershoot-barbecue/5JsADst-SSS78035zPqnUg,lantana-texas
https://www.ubereats.com/dallas/food-delivery/jets-pizza-2001-cross-timbers-rd-ste-105/aphpsC4XR8GELVBXJTKmog,lantana-texas
https://www.ubereats.com/dallas/food-delivery/thai-monkey/efJh71MaQw-J8OBY1_aWNQ,lantana-texas
https://www.ubereats.com/dallas/food-delivery/dairy-queen-1909-justin-rd/MDkx2NBaSdqDPASUEQNeGw,lantana-texas
https://www.ubereats.com/dallas/food-delivery/zalat-pizza-denton/tTs0qFsCS7uFvYRIvc1xKQ,lantana-texas
https://www.ubereats.com/dallas/food-delivery/first-watch-flower-mound/tXsdEeZDSX2HJ7fNp25eDQ,lantana-texas
https://www.ubereats.com/dallas/food-delivery/starbucks-lakeside-parkway-%26-fm-2499/DM94Ui9jRZ6k_IZK9XCKWg,lantana-texas
https://www.ubereats.com/dallas/food-delivery/cafe-brazil-denton/jFo-4fRGR6-ipCh7cQNDSw,lantana-texas
https://www.ubereats.com/dallas/food-delivery/hot-spots-eat-fresh/HXn8msuCSSevdskMrMCgyg,lantana-texas
https://www.ubereats.com/dallas/food-delivery/mcdonalds-1201-w-fm-407/5hHTtlQWSeOAZxyvrmnWSw,lantana-texas
https://www.ubereats.com/dallas/food-delivery/kfc-315-w-university-dr/xVBj73qvQR2KgNoWTLpPlA,lantana-texas
https://www.ubereats.com/dallas/food-delivery/taco-bell-2124-sadau-ct/gUlsG3bXRC-OD5nk4v5TyA,lantana-texas
https://www.ubereats.com/dallas/food-delivery/chicken-express-highland-village/VinFBs1HR5axi69v7rexdA,lantana-texas
https://www.ubereats.com/dallas/food-delivery/spartan-bbq/W3ixsL00TUKMKDhB-S9XUg,lantana-texas
https://www.ubereats.com/dallas/food-delivery/fruteria-pati/nw7pr-xLTvWIrWsoJCFLBw,lantana-texas
https://www.ubereats.com/dallas/food-delivery/seven-mile-cafe/lDjWU-4zQ6aVBNWBg510tQ,lantana-texas
https://www.ubereats.com/dallas/food-delivery/mikes-bakery/dUWKEdiwTk6WfNx90Bdo4g,lantana-texas
https://www.ubereats.com/dallas/food-delivery/fruteria-pati/41_zIpzXSaeryKE_jkpBrg,lantana-texas
https://www.ubereats.com/dallas/food-delivery/starbucks-fm-2499-%26-dixon/xdSSHxIQSUe-_NUrnMMohw,lantana-texas
https://www.ubereats.com/dallas/food-delivery/starbucks-loop-288-%26-i-35-denton/VAJY3QKKTcKOD1MbNvqHHQ,lantana-texas
https://www.ubereats.com/dallas/food-delivery/firehouse-subs-flower-mound/nGNyl3fQSkC-VBavz53KJw,lantana-texas
https://www.ubereats.com/dallas/food-delivery/sukoon-coffee-%26-ice-cream/O_YW2UIAQcmNWZAgfjgJjA,lantana-texas
https://www.ubereats.com/dallas/food-delivery/tsunami-sushi-and-grill/ZRlb0FwsTM2hRRo41rJXtA,lantana-texas
https://www.ubereats.com/dallas/food-delivery/f%26f-express/TNaOg5OST12R_lDtswjn7w,lantana-texas
https://www.ubereats.com/dallas/food-delivery/panda-express-2700-west-university/EDbl7BSNTpubTfO0PLl1Ig,lantana-texas
https://www.ubereats.com/dallas/food-delivery/mcdonalds-denton-tx-288-colorado-drive-thru-plus/wtErNYqLSTmPyj_e5LVNzA,lantana-texas
https://www.ubereats.com/dallas/food-delivery/snuffers-highland-village/d95BgXvhSYqyXCJmDIu3cw,lantana-texas
https://www.ubereats.com/dallas/food-delivery/naranja-cafe-denton/70SSw0aRQbqMu_3YgYr7mQ,lantana-texas
https://www.ubereats.com/dallas/food-delivery/landmark-grill/UdF70RL7TsCM4WbudmYsMQ,lantana-texas
https://www.ubereats.com/dallas/food-delivery/cicis-pizza/DOHIBTsjSzSZFctbabL6vg,lantana-texas
https://www.ubereats.com/dallas/food-delivery/dickeys-barbecue-restaurants-inc-3320-long-prairie-road/D7iLVTk0Snmlb8AZdZEy8Q,lantana-texas
https://www.ubereats.com/dallas/food-delivery/vault-coffee/u0ofeemSRLueplfahGBYGw,lantana-texas
https://www.ubereats.com/dallas/food-delivery/hooters-s-i-35-east-%26-teasley-ln/AivAv0XWQSC4OVWGhvCuMg,lantana-texas
https://www.ubereats.com/dallas/food-delivery/italian-bistro/T6xBuvDmQui_sf-im_W4Vg,lantana-texas
https://www.ubereats.com/dallas/food-delivery/mooyah-burgers-denton/_EzgYX4LQwywJmBv7XjfBg,lantana-texas
https://www.ubereats.com/dallas/food-delivery/the-pickled-carrot/Cphp-dQhRgmQ4Gft17J74w,lantana-texas
https://www.ubereats.com/dallas/food-delivery/jersey-mikes-subs-flower-mound-3651-justin-road/ZICyvKTeRbumm4NZDoE0rg,lantana-texas
https://www.ubereats.com/dallas/food-delivery/3-aguilas-taqueria-authentic-mexican-food/vsM2GmrGTfm5UCrhqXeJxQ,lantana-texas
https://www.ubereats.com/dallas/food-delivery/the-salad-bowl-610-e-byron-nelson-boulevard/3NX5flb2Rfq_3Pt2hthpuw,lantana-texas
https://www.ubereats.com/dallas/food-delivery/sonic-2219-colorado-blvd/LjrPTvLMQwCQaFTUdo3UUw,lantana-texas
https://www.ubereats.com/dallas/food-delivery/fuzzys-taco-shop-2412-s-interstate-35-e/Pp2s7oMYSnK6Vflfe6MYXA,lantana-texas
https://www.ubereats.com/dallas/food-delivery/taco-cabana-525-surf/hbiz_UdYQWWYr9b2cqNhyQ,lantana-texas
https://www.ubereats.com/dallas/food-delivery/cracker-barrel-old-country-store-4008-n-i-35/p0aDEGv0T1WlczZ86p8jLw,lantana-texas
https://www.ubereats.com/dallas/food-delivery/dandy-donuts/9saDohqvTcG5m3NM8d6hvg,lantana-texas
https://www.ubereats.com/dallas/food-delivery/istanbul-cuisine/kF7alTH6SwKSpKNPl21zAg,lantana-texas
https://www.ubereats.com/dallas/food-delivery/rusty-beagle/okAhaeFOTHm811O0RxVLKg,lantana-texas
https://www.ubereats.com/dallas/food-delivery/the-flour-shop-bakery/sa840jj8TLamrrjkqH_yzg,lantana-texas
https://www.ubereats.com/dallas/food-delivery/palios-pizza-cross-timbers/HGr4zcAVR0anopI9b2el9g,lantana-texas
