url,city
https://www.ubereats.com/tampa/food-delivery/dunkin-2551-gulf-to-bay-blvd/mOk0MpnPTsyalW72nWuocw,largo-florida
https://www.ubereats.com/tampa/food-delivery/backwaters-clearwater-beach/q8GAbFJ9TJWe-UlXiZP3MA,largo-florida
https://www.ubereats.com/tampa/food-delivery/panera-203347/v0acZb4MRuKn6_L913CNgQ,largo-florida
https://www.ubereats.com/tampa/food-delivery/green-market-cafe-clearwater/4CwV-YufTCu8XkO8qEFBAQ,largo-florida
https://www.ubereats.com/tampa/food-delivery/home-plate/H-xzOnStSyesI490dXMVBQ,largo-florida
https://www.ubereats.com/tampa/food-delivery/bookmark-cafe/Vp98D-46Ro2qH7YtFav0_w,largo-florida
https://www.ubereats.com/tampa/food-delivery/the-silver-spoon-diner/k18vPljCRoiCwT_8SUggQA,largo-florida
https://www.ubereats.com/tampa/food-delivery/ocean-blue-asian-fusion/_J9fVmZjScCjePvGklQJ8g,largo-florida
https://www.ubereats.com/tampa/food-delivery/freshii-dunedin/9gTitbUsQnGxXUzgZXMIqA,largo-florida
https://www.ubereats.com/tampa/food-delivery/sonnys-bbq-4385-park-blvd/8ini02nFRAy17YcNtu9WSw,largo-florida
https://www.ubereats.com/tampa/food-delivery/newks-eatery-clearwater/G6XurpMpTDGVFNwg3MlwPg,largo-florida
https://www.ubereats.com/tampa/food-delivery/pizza-%40tyrone-square/xYSdKZW-SEK4U5mNQoLEMQ,largo-florida
https://www.ubereats.com/tampa/food-delivery/boston-market-9595-4th-st-n/mso9NTewSaqmzS3IiByzeg,largo-florida
https://www.ubereats.com/tampa/food-delivery/dunkin-7030-ulmerton-rd/AiBNltdbQXuHBibqMDLT_g,largo-florida
https://www.ubereats.com/tampa/food-delivery/wendys-2290-gulf-to-bay/g_A7u7O2QjebJ8vbmMzKQg,largo-florida
https://www.ubereats.com/tampa/food-delivery/kao-thai-street-food/pQXMyL1WTj-U4qERCn0uBA,largo-florida
https://www.ubereats.com/tampa/food-delivery/taco-bell-1824-gulf-to-bay-blvd/762pXxXETD-XvTMwmWLGkA,largo-florida
https://www.ubereats.com/tampa/food-delivery/applebees-7995-113th-st/p5OLBcf2QRyQvNTIMbU5lw,largo-florida
https://www.ubereats.com/tampa/food-delivery/la-pasadita-authentic-mexican-restaurant/JZ7w7SilQwu3onNxspFT7Q,largo-florida
https://www.ubereats.com/tampa/food-delivery/the-ice-cream-shop/4mUEYHMlR12ZM-Jv0AMyzw,largo-florida
https://www.ubereats.com/tampa/food-delivery/tropical-smoothie-cafe-66th-street-north/MiT-PrrxTT-zp2yeKZMfAA,largo-florida
https://www.ubereats.com/tampa/food-delivery/zeins-pizza-clearwater/0teaMocHQ1-Z4tb9FaU3sw,largo-florida
https://www.ubereats.com/tampa/food-delivery/la-gloria-colombian-restaurant/1rLIjSBoQuWea2YfcPc_9g,largo-florida
https://www.ubereats.com/tampa/food-delivery/thai-bay-and-sushi-restaurant-largo/4hwQn9rFRwOUnW1F6Fu01Q,largo-florida
https://www.ubereats.com/tampa/food-delivery/tropical-smoothie-cafe-seminole/6iQI1JNiRS69zc33_ncLHg,largo-florida
https://www.ubereats.com/tampa/food-delivery/chatter-box-405-patricia-ave/ipZP380dTLK8YRP-UvlutQ,largo-florida
https://www.ubereats.com/tampa/food-delivery/sharks-bar-and-grill/vyjjdqCsTqiuucXRAb-LcA,largo-florida
https://www.ubereats.com/tampa/food-delivery/taste-of-punjab-largo/9lEb2OEZTgeBjW1mm3_iUA,largo-florida
https://www.ubereats.com/tampa/food-delivery/tijuana-flats-clearwater/iEUFaGkiQmqZL3kLf2yVTQ,largo-florida
https://www.ubereats.com/tampa/food-delivery/d-town-bar-and-grill/omzLvDTnTPKUDt4uys4U1A,largo-florida
https://www.ubereats.com/tampa/food-delivery/taco-bell-5225-east-bay-drive/8693jEfkSJqgRVjoZjvKVw,largo-florida
https://www.ubereats.com/tampa/food-delivery/gateway-to-india-authentic-indian-restaurant/PsUO2mr0TkiXMkLQzhTKgw,largo-florida
https://www.ubereats.com/tampa/food-delivery/the-better-burrito-company/YAOF7hsZT-SJReo6-36JwA,largo-florida
https://www.ubereats.com/tampa/food-delivery/wawa-5129-9501-bay-pines-blvd/PccSgiQJQ3y0sseev8VBpg,largo-florida
https://www.ubereats.com/tampa/food-delivery/checkers-1595-missouri-ave/jToi4Wx2RKiJUdpr2oJo0g,largo-florida
https://www.ubereats.com/tampa/food-delivery/burger-king-1888-gulf-to-bay-blvd/XH2BnNMYQ2ala4t8a1himQ,largo-florida
https://www.ubereats.com/tampa/food-delivery/smashburger-10801-starkey-road/MHNox6XnShWLKr8YmKfORg,largo-florida
https://www.ubereats.com/tampa/food-delivery/executive-deli-%26-cafe/4iGuH0AnTEmaaksG8bBPaQ,largo-florida
https://www.ubereats.com/tampa/food-delivery/suncoast-cafe-largo/B--e9p80TyqBzf8dunJ8Ag,largo-florida
https://www.ubereats.com/tampa/food-delivery/veggie-thai-cafe/V5HL-qs5SpmhHp6H8Ymm8A,largo-florida
https://www.ubereats.com/tampa/food-delivery/pete-%26-shortys-tavern-clearwater/Gdou8q2GSTGjXEmx6dJ2kQ,largo-florida
https://www.ubereats.com/tampa/food-delivery/winghouse-of-largo/JvPtzXh2RLSNFMXLKOXkNg,largo-florida
https://www.ubereats.com/tampa/food-delivery/zeins-mediterranean/f2YKAWIfSyKYniyEa2obSQ,largo-florida
https://www.ubereats.com/tampa/food-delivery/ihop-4671-park-boulevard/MEM5_rK2Rc6zcYkqevMuqQ,largo-florida
https://www.ubereats.com/tampa/food-delivery/miami-restaurant/np6KRiwSTv2wQAWq8xTHxA,largo-florida
https://www.ubereats.com/tampa/food-delivery/tijuana-flats-seminole/raWn4r5ZRhWTR0WkWmdsqQ,largo-florida
https://www.ubereats.com/tampa/food-delivery/the-ice-cream-shop/ga8ff6fuSC2Ih361v_ZsSg,largo-florida
https://www.ubereats.com/tampa/food-delivery/alina-cafe-llc/aVmdcEStQBGCqqljPigmYw,largo-florida
https://www.ubereats.com/tampa/food-delivery/firehouse-subs-dunedin/zWPkYtroT0-reVNunY_DUA,largo-florida
https://www.ubereats.com/tampa/food-delivery/dunkin-8150-bryan-dairy-rd/0tU7GwAtTkylPoG1DOgM2w,largo-florida
https://www.ubereats.com/tampa/food-delivery/circle-k-13396-seminole-blvd/G6K5-VN4TMOAcdDyuuHUcw,largo-florida
https://www.ubereats.com/tampa/food-delivery/zaxbys-ulmerton/_aJVzqvqSqC0PLatt7ANUA,largo-florida
https://www.ubereats.com/tampa/food-delivery/mr-submarine-mr-gyros/K8PntGIETGSLDgrxEgf5pg,largo-florida
https://www.ubereats.com/tampa/food-delivery/jessis-restaurant/LZCa67MgR9CeDnjtRiiVmA,largo-florida
https://www.ubereats.com/tampa/food-delivery/a-%26-n-italian-deli/ToSFBf4mRXiX1cLNPv7vIQ,largo-florida
https://www.ubereats.com/tampa/food-delivery/wendys-10751-park-blvd/sy1P1QSeQkGjwDrHnTxkEQ,largo-florida
https://www.ubereats.com/tampa/food-delivery/sea-dog-brewpub-ti-lcc/Gbn3zZkCQmCtmb3nhRLbTw,largo-florida
https://www.ubereats.com/tampa/food-delivery/johnnys-italian-restaurant/NKVelLCDTLu_-j7facRsyQ,largo-florida
https://www.ubereats.com/tampa/food-delivery/pico-rojo/QY0yzptlRpGgd4LEh9Tblw,largo-florida
https://www.ubereats.com/tampa/food-delivery/willie-jewells-old-school-bar-b-q-largo/M2UO0Ch3Rq6gl0R2TKXYhQ,largo-florida
https://www.ubereats.com/tampa/food-delivery/mcdonalds-3470-ulmerton-road/QYg2YdgIQeK6rjtf0STuRQ,largo-florida
https://www.ubereats.com/tampa/food-delivery/kcs-saloon/Lj6trXbHTXyGVyprcfwVTQ,largo-florida
https://www.ubereats.com/tampa/food-delivery/hangry/sm-vj6JGRjadnybCBTGxEA,largo-florida
https://www.ubereats.com/tampa/food-delivery/kao-thai-kitchen/PPkr6MDuRMOMfmom9Zd34g,largo-florida
https://www.ubereats.com/tampa/food-delivery/rodies-restaurant-%26-pancake-house/llDnL1MYROi0mHpL9AeWnA,largo-florida
https://www.ubereats.com/tampa/food-delivery/gyro-city-and-seafood/E65W-2MbQNKs5yTwPATQ6A,largo-florida
https://www.ubereats.com/tampa/food-delivery/moes-southwest-grill-204/m4H83627TvG8ZD3my-1gww,largo-florida
https://www.ubereats.com/tampa/food-delivery/quaker-steak-%26-lube-10400-49th-st/xEe77qP1S3OL-QDdEGvoUQ,largo-florida
https://www.ubereats.com/tampa/food-delivery/kakachi-juicy-shrimp-n-wings/7o00A_hCQo-RqGUVNNr-gg,largo-florida
https://www.ubereats.com/tampa/food-delivery/cinnabon-27001-us-highway-19n/8SFo-lTdQiel2Qtf-PIy1w,largo-florida
https://www.ubereats.com/tampa/food-delivery/golden-corral-10050-ulmerton-road/OqsyAc9LSXCtpXD30_G9VA,largo-florida
https://www.ubereats.com/tampa/food-delivery/tropical-smoothie-cafe-gulf-to-bay-boulevard/qvh5yjzNSkGbWJK8GlUdZA,largo-florida
https://www.ubereats.com/tampa/food-delivery/green-mint-asian-grill/DoGgiwAXS42tKkXLjb7tjA,largo-florida
https://www.ubereats.com/tampa/food-delivery/a-slice-of-rome/GxvK3Lo0RvumatK3N9LFhw,largo-florida
https://www.ubereats.com/tampa/food-delivery/anthonys-deli-and-pizzeria/rTE1OMX9TiGmqG52bzsAog,largo-florida
https://www.ubereats.com/tampa/food-delivery/thai-town/3fTO5XapSP2_LE7NrcZ1qQ,largo-florida
https://www.ubereats.com/tampa/food-delivery/tap-burgers/v49eh5KVT5yY3ucMo8c5Jw,largo-florida
https://www.ubereats.com/tampa/food-delivery/another-broken-egg-booth/YTetCDtwRq6L0Hdrg14F3w,largo-florida
https://www.ubereats.com/tampa/food-delivery/breaktime-with-chef-kyle/4wdOpbpkQueflpzs9UCIWg,largo-florida
https://www.ubereats.com/tampa/food-delivery/arbys-1920-gulf-to-bay-blvd/VMV5hMhjQfKuMbQIh6VF4A,largo-florida
https://www.ubereats.com/tampa/food-delivery/taco-bell-10749-park-blvd/DtOJm36sS6G3ZDPasJYJ5A,largo-florida
https://www.ubereats.com/tampa/food-delivery/carrabbas-3530-tyrone-blvd/jZFWlElASn6qYqjGN5ebZA,largo-florida
https://www.ubereats.com/tampa/food-delivery/dharma-kava-lounge/T_OWvEQ6TEyo9OWwveZmeA,largo-florida
https://www.ubereats.com/tampa/food-delivery/sylvias-waffles/p4u2jxi3RlO-l5OTEk0V9g,largo-florida
https://www.ubereats.com/tampa/food-delivery/4th-street-kava-house/ZzKi_n4BT--UomcefM3ohA,largo-florida
https://www.ubereats.com/tampa/food-delivery/steak-n-shake-10555-ulmerton-road/AMnxkWkyTsG7w2_5wRM7HA,largo-florida
https://www.ubereats.com/tampa/food-delivery/dooriban-korean-restaurant/0ErjvOgtQsGt2dYUR5j7gw,largo-florida
https://www.ubereats.com/tampa/food-delivery/burger-king-23904-us-highway-19-n/9Ai-sd1MRBuHqvcCYeZHhg,largo-florida
https://www.ubereats.com/tampa/food-delivery/boardwalk-vibes/JEowdoM_SXOQBm4Ret2geQ,largo-florida
https://www.ubereats.com/tampa/food-delivery/juans-mexican-grill/Pf4c2LoySkeA01dzbUl79w,largo-florida
https://www.ubereats.com/tampa/food-delivery/seminole-subs-%26-gyros/8e_a93oCSCSJOMSkwfr_og,largo-florida
https://www.ubereats.com/tampa/food-delivery/mcdonalds-east-bay/wi1ARNI5REe7MnkB54cpow,largo-florida
https://www.ubereats.com/tampa/food-delivery/jersey-mikes-roosevelt-blvd-n-%26-102nd-ave-n/KxjVTtKNSAOxOcSwUqLNhg,largo-florida
https://www.ubereats.com/tampa/food-delivery/mad-hatters-tea-bar-st-petersburg/ZPUx3uZTQxKJKfUwKzmkow,largo-florida
https://www.ubereats.com/tampa/food-delivery/tropical-smoothie-cafe-pinellas/uW-dFOEpRVmhQUxZfaD81g,largo-florida
https://www.ubereats.com/tampa/food-delivery/poke-havana/NqI1mrtVT-anm-ZxMBciMA,largo-florida
https://www.ubereats.com/tampa/food-delivery/wakamole-tacos/v-SwO5VLQder3FqfCxzcUQ,largo-florida
https://www.ubereats.com/tampa/food-delivery/taco-bell-13709-walsingham-rd/aKE6O9llRzuEHDIqp7XUcw,largo-florida
https://www.ubereats.com/tampa/food-delivery/java-kava/CV7kIHoQQfOUzcHdgMau3Q,largo-florida
https://www.ubereats.com/tampa/food-delivery/largo-family-restaurant-largo/1oT4zu1pQJKqG7zlNuN20A,largo-florida
https://www.ubereats.com/tampa/food-delivery/firehouse-subs-largo/Ik8OHa2XTk6wQdZc61zHMA,largo-florida
https://www.ubereats.com/tampa/food-delivery/the-tasty-vegetable/lPWhZEY4TbOIbu8ppB0Tpw,largo-florida
https://www.ubereats.com/tampa/food-delivery/dunkin-18419-us-19-n/9CeGvohxTN-C3ipTuXENoA,largo-florida
https://www.ubereats.com/tampa/food-delivery/salems-fresh-eats-st-pete/DuF7yzedS5CjJM7C7eNdEw,largo-florida
https://www.ubereats.com/tampa/food-delivery/subway-11180-66th-st/HOK8AvHjToOCQxMXuRDVuA,largo-florida
https://www.ubereats.com/tampa/food-delivery/kays-kitchen-family-restaurant-st-petersburg/iahK4mMsTWiXYO30ZOiCjw,largo-florida
https://www.ubereats.com/tampa/food-delivery/smoothie-king-stpetersburg/rUgIrEz9QeeuMvJPuxoMZg,largo-florida
https://www.ubereats.com/tampa/food-delivery/dennys-940-missouri-ave/BXptUn9bSkimLjlYbQw7PQ,largo-florida
https://www.ubereats.com/tampa/food-delivery/the-local-deli-%26-cafe/fU8j4RRvRqeRdkmn8w90NQ,largo-florida
https://www.ubereats.com/tampa/food-delivery/mexico-lindo-restaurant-clearwater/MzprcxaoSxaCpQs8NHQv4w,largo-florida
https://www.ubereats.com/tampa/food-delivery/campanellas-bar/qYuWnIzkSkut6AC9u7JHoQ,largo-florida
https://www.ubereats.com/tampa/food-delivery/buffalo-wild-wings-4075-park-blvd-n/gJ9d-rqySbyqoiSodG6nHA,largo-florida
https://www.ubereats.com/tampa/food-delivery/china-1-clearwater/PeTAEdjBQz-D9pDjJV_LTw,largo-florida
https://www.ubereats.com/tampa/food-delivery/frenchys-to-go/aFQSuvGfS3W9v1v6ap7-Og,largo-florida
https://www.ubereats.com/tampa/food-delivery/honey-baked-ham-23310-us-hwy-19-n/-hsQh2ztT6COWdEvAxjmNg,largo-florida
https://www.ubereats.com/tampa/food-delivery/little-greek-largo/xBHh71FcQU2Qt2VkxKV9-g,largo-florida
https://www.ubereats.com/tampa/food-delivery/boston-market-4001-e-bay-drive/lL8VKLopRVWbrIUU7makOg,largo-florida
https://www.ubereats.com/tampa/food-delivery/chipotle-mexican-grill-2662-gulf-to-bay-blvd/Stt2yxdYRACRCVtC0g-dgg,largo-florida
https://www.ubereats.com/tampa/food-delivery/the-spot-sushi-burritos/weuwmP_5TBSzAlkX0_2r8w,largo-florida
https://www.ubereats.com/tampa/food-delivery/alma-llanera-venezuelan-food-pinellas-park/b_1Lk5Q9TCqoSogaKuvWJA,largo-florida
https://www.ubereats.com/tampa/food-delivery/starbucks-walsingham-%26-137th/wjQ-DSlVQ3KPkgJeGqs1xg,largo-florida
https://www.ubereats.com/tampa/food-delivery/the-green-corner/OK5M170zQpu2GNfiwjdBCA,largo-florida
https://www.ubereats.com/tampa/food-delivery/the-pesky-pelican/IS_LR1X9TLSWq9Tm8C4hMA,largo-florida
https://www.ubereats.com/tampa/food-delivery/clear-sky-cafe-clearwater-beach/4anTHnnYSnmy2Y3v9tmejg,largo-florida
https://www.ubereats.com/tampa/food-delivery/taquitos-mexican/fwHV705XQbaN6p8rf_Poyw,largo-florida
https://www.ubereats.com/tampa/food-delivery/aroy-pad-thai/WrG1q-LsRfCsT3wtrx1RLQ,largo-florida
https://www.ubereats.com/tampa/food-delivery/famous-greek-salads/uozBUSOIRHyiU21h5LXVVA,largo-florida
https://www.ubereats.com/tampa/food-delivery/mirage-restaurant/LKIfwJJkQ3G45HsDHe5X9g,largo-florida
https://www.ubereats.com/tampa/food-delivery/little-greek-ulmerton-rd/xBeGl7u5Tx-c8IDzHAoSpw,largo-florida
https://www.ubereats.com/tampa/food-delivery/belleair-market-grill/aBdjtGylS2i6TrleLUhUKA,largo-florida
https://www.ubereats.com/tampa/food-delivery/i-thai-%26-sushi-restaurant-largo/e6qVjhvnTWGZgeZaFlnnJA,largo-florida
https://www.ubereats.com/tampa/food-delivery/russos-new-york-pizzeria/2CWeHTtrRpCvfswelWtqhw,largo-florida
https://www.ubereats.com/tampa/food-delivery/mugs-n-jugs-temple-terrace/cSvVwjRYRUKPfjYscV7KjQ,largo-florida
https://www.ubereats.com/tampa/food-delivery/glory-days-grill-tyrone/zI3a-Sw3RCGBIKDWchRHbw,largo-florida
https://www.ubereats.com/tampa/food-delivery/hooters-gulf-to-bay-blvd-%26-hampton-rd/PHKb0FvCQ9qf-mBIMo2aQg,largo-florida
https://www.ubereats.com/tampa/food-delivery/j%26k-seafood-shack/VC3Q3cUhQnajBitpEGBG1Q,largo-florida
https://www.ubereats.com/tampa/food-delivery/chipotle-mexican-grill-5360-e-bay-dr/VXIYgEEZTByw-sTKH5XCwA,largo-florida
https://www.ubereats.com/tampa/food-delivery/cold-stone-creamery-pinellas-park/zTR8jCNAQ8O2Hph4VkMwWg,largo-florida
https://www.ubereats.com/tampa/food-delivery/pdq-seminole/-duVS0nyTuuQ5iccD90B8w,largo-florida
https://www.ubereats.com/tampa/food-delivery/deccan-spice-2325-ulmerton-rd/KyRsg3BxQs2H9sI9ptcoVg,largo-florida
https://www.ubereats.com/tampa/food-delivery/subway-1200-missouri-ave-n/ZvTG0rc_Rmy9tEzMV9uMiQ,largo-florida
https://www.ubereats.com/tampa/food-delivery/subway-23106-us-highway-19-n/6J_5IQ3HRZq8SEHAb3uNAw,largo-florida
https://www.ubereats.com/tampa/food-delivery/u-thai-restaurant/OPmEQvELQACgZwdUZ85J1w,largo-florida
https://www.ubereats.com/tampa/food-delivery/florence-cafe/Scrv-s3iRRWDsrG7vWlS2g,largo-florida
https://www.ubereats.com/tampa/food-delivery/tropical-smoothie-cafe-27001-us-19-north/p7C2EZn_Sfiz4jY3nBvc5g,largo-florida
https://www.ubereats.com/tampa/food-delivery/poke-party-vr/Bq15bIelT8uS19wTctifRg,largo-florida
https://www.ubereats.com/tampa/food-delivery/italian-touch-tyrone/1zR-j5bZROaZMPHrvuTFRw,largo-florida
https://www.ubereats.com/tampa/food-delivery/deanos-beach-kitchen/xI1xs_lmRLKdreA7k18AJw,largo-florida
https://www.ubereats.com/tampa/food-delivery/buffalo-wild-wings-2938-tyrone-blvd-n/cRjTToqfSHWp3YrqWthjiQ,largo-florida
https://www.ubereats.com/tampa/food-delivery/lotus-vegetarian-restaurant-pinellas-park/h4izgJ7OTvei46tngubVoA,largo-florida
https://www.ubereats.com/tampa/food-delivery/hispania-tapas-bar-%26-cafe/ibnUggkCRK64vNMOaGvKoQ,largo-florida
https://www.ubereats.com/tampa/food-delivery/deep-sea-crab/cQSsLKqfROWBKfBI19FnBw,largo-florida
https://www.ubereats.com/tampa/food-delivery/checkers-1877-highland-ave-n/mltkjr8YRpOJ4lrPlF65aA,largo-florida
https://www.ubereats.com/tampa/food-delivery/outback-steakhouse-7885-113th-street/bIjW3Ky4R2u_s3zPtxHNgQ,largo-florida
https://www.ubereats.com/tampa/food-delivery/hibachi-express-largo/QE6zbftGR4KgAxhB5XSIkA,largo-florida
https://www.ubereats.com/tampa/food-delivery/papas-new-york-diner/FYqNQjzpTZyUY0rYQXvLRg,largo-florida
https://www.ubereats.com/tampa/food-delivery/applebees-5110-east-bay-dr/Z3ACKwmFTze--wTsMV3fug,largo-florida
https://www.ubereats.com/tampa/food-delivery/jo-els-kosher-foods/bzVa_GHORfWfXRpEt6FzWw,largo-florida
https://www.ubereats.com/tampa/food-delivery/azalea-sandwich-and-salads/hDxPgh-lTU-LDS8thAxbKA,largo-florida
https://www.ubereats.com/tampa/food-delivery/mamas-famous-pizza-largo/vCNQvNtiRVGdfzJZq8X4tg,largo-florida
https://www.ubereats.com/tampa/food-delivery/adriatic-cafe/be_nbiCrTnqPwJixCDAaEA,largo-florida
https://www.ubereats.com/tampa/food-delivery/burger-monger-safety-harbor/eKjVIrnSToeDLkIRL_eYQg,largo-florida
https://www.ubereats.com/tampa/food-delivery/lennys-restaurant/fiCrP6WBSLC21KbXzLx1sw,largo-florida
https://www.ubereats.com/tampa/food-delivery/te-nona-delicatus/me4YmsSQRoKgA0bCekjIFw,largo-florida
https://www.ubereats.com/tampa/food-delivery/steak-n-shake-2490-sr-580/LqMW61eeTS2Gi1EGCE6stw,largo-florida
https://www.ubereats.com/tampa/food-delivery/haze-ice-cream/ir4DqMwTSgqY3_GiRjXxwQ,largo-florida
https://www.ubereats.com/tampa/food-delivery/niagara-wings/ZiNRf7yURCC8w9x-IKJu5w,largo-florida
https://www.ubereats.com/tampa/food-delivery/benedicts-family-restaurant-largo/JANtuAz-TSOq88D-kiwqSQ,largo-florida
https://www.ubereats.com/tampa/food-delivery/dunkin-3920-ulmerton-rd/PA6J0q-dRRqvq5e_ZwIVeg,largo-florida
https://www.ubereats.com/tampa/food-delivery/caracara-asian-tapas-%2B-tacos-dunedin/qe-c6QCUQWCvi3CXhMBsUQ,largo-florida
https://www.ubereats.com/tampa/food-delivery/carrabbas-2680-gulf-to-bay-blvd/q2Vg-W-KSomdQEsHbc7hWg,largo-florida
https://www.ubereats.com/tampa/food-delivery/havana-harrys-largo/wULYYcFDQrOSzbOrXTWoFg,largo-florida
https://www.ubereats.com/tampa/food-delivery/mcdonalds-gulf-to-bay/ggmmWkr3RzuXOmzCRypCWA,largo-florida
https://www.ubereats.com/tampa/food-delivery/wing-wing/AGHdU2zvQTC02KqUeaToEw,largo-florida
https://www.ubereats.com/tampa/food-delivery/wendys-4960-e-bay-drive/BRCfh4rOSwS6bc8W703pSg,largo-florida
https://www.ubereats.com/tampa/food-delivery/trips-diner-seminole/AWL3OQ9LSACW-qHpp0l-bw,largo-florida
https://www.ubereats.com/tampa/food-delivery/bay-1-ice-cream-parlor-%26-sandwich-shop/Agirz1B5RcOb_dq93X_fng,largo-florida
https://www.ubereats.com/tampa/food-delivery/ice-%26-cream-dunedin/KkqAguPlRGWeT0ixAroPtg,largo-florida
https://www.ubereats.com/tampa/food-delivery/pho-quyen-vietnamese-restaurant-pinellas-park-fl/tIa9m2aqRlqXDtyRsYGAUA,largo-florida
https://www.ubereats.com/tampa/food-delivery/hungry-howies-pizza-%26-subs-6570-central-ave/Ft4FfqnRQjm8FbT-uYVZEg,largo-florida
https://www.ubereats.com/tampa/food-delivery/halong-bay/HyNoXN2-S_iz6JllWYQuPA,largo-florida
https://www.ubereats.com/tampa/food-delivery/taco-baby-dunedin/XtwA1Gn6S2C9xMQPbX01eg,largo-florida
https://www.ubereats.com/tampa/food-delivery/grindhouse-coffee-and-cafe/fxj5LKo-RWqbF9MEWOEnOA,largo-florida
https://www.ubereats.com/tampa/food-delivery/top-ramen/J8DzeZ0ZQH-PtZpK9aBF0g,largo-florida
https://www.ubereats.com/tampa/food-delivery/greek-city-cafe-largo/DX-g37XUQRyVWbdoR-cWIA,largo-florida
https://www.ubereats.com/tampa/food-delivery/cosmos-cafe/kq7fDkJOQs6uxYjbjeS6sQ,largo-florida
https://www.ubereats.com/tampa/food-delivery/your-mothers-backyard-sandwiches/souTcRY9Rzmy5W6dzCSuxg,largo-florida
https://www.ubereats.com/tampa/food-delivery/wawa-5147-12750-walsingham-rd/wSdgY65BQ9WrnMocBpwABg,largo-florida
https://www.ubereats.com/tampa/food-delivery/shomi-sushi-%26-seafood/ekhjRMcFQ4iXnO9UZNijLA,largo-florida
https://www.ubereats.com/tampa/food-delivery/amys-dumpling-house/IYI4ihpDSFqj9KOxxdfJuw,largo-florida
https://www.ubereats.com/tampa/food-delivery/halalway-cafe/W9_WKKLsS7elIyqj1LlCsQ,largo-florida
https://www.ubereats.com/tampa/food-delivery/asian-pearl-chinese-restaurant/3m7wzlpOSJewvCRHQ-LX2w,largo-florida
https://www.ubereats.com/tampa/food-delivery/chipotle-mexican-grill-10160-ulmerton-rd/inwTe1JQToi5ony8Tmg6jQ,largo-florida
https://www.ubereats.com/tampa/food-delivery/cesarinas-italian-deli/e44NQi87RAatajy10rqtcg,largo-florida
https://www.ubereats.com/tampa/food-delivery/downtown-pizza-sports-bar-and-grill/bQXTUYb-SLOPnvt9XRfNMg,largo-florida
https://www.ubereats.com/tampa/food-delivery/pizza-hut-407-s-belcher-rd-%234/XgArl_-aTruzzTM_NH2lBg,largo-florida
https://www.ubereats.com/tampa/food-delivery/good-vibes-juice-co-dunedin/12Yc4KWDTPukbJT51BMNZg,largo-florida
https://www.ubereats.com/tampa/food-delivery/willie-jewells-old-school-bar-b-q-seminole/yUWZAWHlTWizTiBT6LQ7qQ,largo-florida
https://www.ubereats.com/tampa/food-delivery/subway-largo-2/J-KPh_LUQyKHLcPMWDoC1Q,largo-florida
https://www.ubereats.com/tampa/food-delivery/kobe-japanese-steakhouse-%26-sushi-bar-st-pete/6k3VPoxDT-mxU1Df7a3GbQ,largo-florida
https://www.ubereats.com/tampa/food-delivery/benedicts-family-restaurant-clearwater/qzMW3aS3Sge3M1WyTSCN8Q,largo-florida
https://www.ubereats.com/tampa/food-delivery/1933-pub-%26-grill-clearwater/Tx3_y2qYTCe6hk8UM0Oiiw,largo-florida
https://www.ubereats.com/tampa/food-delivery/jersey-mikes-tyrone-blvd-n-%26-38th-ave-n/8YIQ9q_PSwaazeKqyOnOog,largo-florida
https://www.ubereats.com/tampa/food-delivery/taqueria-viva-mexico-clearwater/y2vU25jiSuagEu0wqKuIPg,largo-florida
https://www.ubereats.com/tampa/food-delivery/mcdonalds-largo-mall/GPIgiwzaRBqqwn4ZK-YBsA,largo-florida
https://www.ubereats.com/tampa/food-delivery/village-inn/gpqiXS1pQVC9qNPPz9pHsg,largo-florida
https://www.ubereats.com/tampa/food-delivery/edo-japanese-steakhouse-tyrone/qXWAOg24TaihWWFnvwHDXg,largo-florida
https://www.ubereats.com/tampa/food-delivery/mms-healthy/eBGpDfn2Si2AbDP0G_VsIg,largo-florida
https://www.ubereats.com/tampa/food-delivery/europa-cafelargo/FFdc8AwFRM6gVEK71K3Pww,largo-florida
https://www.ubereats.com/tampa/food-delivery/los-magueyes-mexican-grill/lpLmD2KmR428zWS-UH71Hg,largo-florida
https://www.ubereats.com/tampa/food-delivery/mr-sushi/n9nCfIpgQfO2RXUDZBIuzg,largo-florida
https://www.ubereats.com/tampa/food-delivery/the-breakroom/XojjNec9SLObs6VYMqBocw,largo-florida
https://www.ubereats.com/tampa/food-delivery/tijuana-flats-roosevelt/OawXYSNQQkqT-VpakbOLNg,largo-florida
https://www.ubereats.com/tampa/food-delivery/parkside-cafe/wTR00DOgRQiiT4dDwyYH9Q,largo-florida
https://www.ubereats.com/tampa/food-delivery/panda-express-2200-east-bay-drive/tYl5HpqmT1OLMtX9hK-nww,largo-florida
https://www.ubereats.com/tampa/food-delivery/corner-bar-and-grill/jO3L31zLTGGjkZ8prxk9Og,largo-florida
https://www.ubereats.com/tampa/food-delivery/mcdonalds-pinellas-trail/yorA3eSdSaqM7Kv-YGldKw,largo-florida
https://www.ubereats.com/tampa/food-delivery/tijuana-flats-pinellas-park/bTQUtdV7SOCxfvwSiztltA,largo-florida
https://www.ubereats.com/tampa/food-delivery/aroy-thai-and-sushi-seminole/Im-SiE_CSBazlsEN_uZzOA,largo-florida
https://www.ubereats.com/tampa/food-delivery/hungry-howies-pizza-clearwater/KtISAQDRSsy7KcxMKcqM6g,largo-florida
https://www.ubereats.com/tampa/food-delivery/yardie-vybz/3C_m05RKSv-pay8M1o527A,largo-florida
https://www.ubereats.com/tampa/food-delivery/bula-kafe/YyW4qFX8SCmeLkPksoBXPA,largo-florida
https://www.ubereats.com/tampa/food-delivery/ravello-pizzeria-clearwater/R1GHKOVsSmi574wGxKXm-A,largo-florida
https://www.ubereats.com/tampa/food-delivery/jersey-mikes-subs-dunedin-1785-main-street/snoOgizqQ8CrAdhHwOwz0Q,largo-florida
https://www.ubereats.com/tampa/food-delivery/sharks-bars-%26-grill/PTQBpg4eR32AVl59PTMTfQ,largo-florida
https://www.ubereats.com/tampa/food-delivery/tropical-smoothie-cafe-roosevelt-blvd/IBe_bRnUQDuEKn2WlYt-2g,largo-florida
https://www.ubereats.com/tampa/food-delivery/the-brass-tap-st-petersburg/Zwfhwx66RSuvCMBO2szotQ,largo-florida
https://www.ubereats.com/tampa/food-delivery/china-crossings-st-petersburg/cnCNAtJPQ_OPIJ6sEUwoow,largo-florida
https://www.ubereats.com/tampa/food-delivery/4-u-convenience-%26-deli-fl-590/wdWND7M4SsySQucrxWnOIg,largo-florida
https://www.ubereats.com/tampa/food-delivery/boardwalk-pizza-and-gyros-clearwater/PMVF1LKTTI6VbR_8Hq4uFg,largo-florida
https://www.ubereats.com/tampa/food-delivery/a-taste-of-my-islands/QtGsS4wLSmCA1OoauGTBqw,largo-florida
https://www.ubereats.com/tampa/food-delivery/china-wok-clearwater/ZHXWQ-diSCOmhaUX46Xhbw,largo-florida
https://www.ubereats.com/tampa/food-delivery/jets-pizza-clearwater/gh9R98lnSGaDtjFa5k3osA,largo-florida
https://www.ubereats.com/tampa/food-delivery/los-amigos-taqueria-y-tienda-largo/E7CCJJ1TRCeoErcNfMRfHQ,largo-florida
https://www.ubereats.com/tampa/food-delivery/pizza-hut-8380-seminole-blvd/78ySB0QuSIqV7Dl4b82GNw,largo-florida
https://www.ubereats.com/tampa/food-delivery/bangkok-street-food/xuqoUCyqS22smXS0ihVL0w,largo-florida
https://www.ubereats.com/tampa/food-delivery/freshii-seminole-city-centre/dvIKVhH9Twe6ahHyX6fR-Q,largo-florida
https://www.ubereats.com/tampa/food-delivery/dunkin-393-mandalay-ave/ZE9_SFS0RUe9x-PPPSiIHQ,largo-florida
https://www.ubereats.com/tampa/food-delivery/charleys-philly-steaks-%26-wings-ulmerton-rd/GOaBKeHZT-yGYwxJcp4efA,largo-florida
https://www.ubereats.com/tampa/food-delivery/phillys-famous-cheesesteaks/YxQqa-7ZQqajhT1lgp83jw,largo-florida
https://www.ubereats.com/tampa/food-delivery/azucar-lounge-inc/xB3FN9KDRNiVfu4OHtMdBQ,largo-florida
https://www.ubereats.com/tampa/food-delivery/verena-food-mart/c_yxi0EATwqgMLLODqdOZw,largo-florida
https://www.ubereats.com/tampa/food-delivery/falafel-n-cafe/Y8o37zVxSpG5SAZIaFBQcA,largo-florida
https://www.ubereats.com/tampa/food-delivery/sadboy-lounge/UpWSxR1KTse13Ml9UGpZ-g,largo-florida
https://www.ubereats.com/tampa/food-delivery/boston-market-7820-113th-street/HaeSfyTwQ1KWhbBqsEthfw,largo-florida
https://www.ubereats.com/tampa/food-delivery/ikigai-poke-and-sushi/934UUpLYRXKbf8EoLq4Rzw,largo-florida
https://www.ubereats.com/tampa/food-delivery/saigon-bowl/mXYPdgA-SuSq-MYnb5AETw,largo-florida
https://www.ubereats.com/tampa/food-delivery/famous-jays-bbq-and-more/CZFxx7eYRgGLjlziex2o1w,largo-florida
https://www.ubereats.com/tampa/food-delivery/newhongkong-chinese-restaurant/rMhr6S1FSFeFqukYnrDmkg,largo-florida
https://www.ubereats.com/tampa/food-delivery/la-gloria-colombian-restaurant/dxKNfEPRQYCHlofn-z-ABg,largo-florida
https://www.ubereats.com/tampa/food-delivery/subway-10330-seminole-blvd/ULET3oxEQRmF99yyM5Gk_w,largo-florida
https://www.ubereats.com/tampa/food-delivery/bangkok-clearwater/7yLU49A-S2SeRGplcsOBaQ,largo-florida
https://www.ubereats.com/tampa/food-delivery/pdq-pinellas-park/0cr_vDL1R9WaNHHxN1YEHQ,largo-florida
https://www.ubereats.com/tampa/food-delivery/la-comida-foods/mVfArsuqQ5eSwcgmRlB7vg,largo-florida
https://www.ubereats.com/tampa/food-delivery/popeyes-clearwater/eEmD71R9RNWZaYtSkZpogQ,largo-florida
https://www.ubereats.com/tampa/food-delivery/feolas-italian-ristorante/9Jo74Yd1QZqr63ldqfEAPw,largo-florida
https://www.ubereats.com/tampa/food-delivery/mcdonalds-102nd-avenue/mLUexOFNR9Oriyad5JAosw,largo-florida
https://www.ubereats.com/tampa/food-delivery/krispy-krab-largo/twvBiigATCiLonFUaX578A,largo-florida
https://www.ubereats.com/tampa/food-delivery/pattaya-thai/npe23TsCQAuvK_jsJuNRyQ,largo-florida
https://www.ubereats.com/tampa/food-delivery/burger-king-3770-ulmerton-road/IVcMGKpDQzKfUf6SVpoZEA,largo-florida
https://www.ubereats.com/tampa/food-delivery/pizza-hut-1602-n-missouri-ave/rUs0j-0QRsiy8hLtSrZ-sw,largo-florida
https://www.ubereats.com/tampa/food-delivery/pal-joeys-pizza/YtmVncSHQyqYwhvncvqJLg,largo-florida
https://www.ubereats.com/tampa/food-delivery/arbys-6640-ulmerton-rd/iokbnpaUTzC6-zlW3W0iWw,largo-florida
https://www.ubereats.com/tampa/food-delivery/taco-bell-3550-ulmerton-rd/ufp5zZ9gQFaaTZbsL6QISg,largo-florida
https://www.ubereats.com/tampa/food-delivery/panda-express-11167-park-blvdste-a/LLfu9qdkQH-raCrqPr-3Gg,largo-florida
https://www.ubereats.com/tampa/food-delivery/red-lobster-6151-34th-street-n/gHMHtCKBS4GK6-LdLasIbA,largo-florida
https://www.ubereats.com/tampa/food-delivery/china-king-ulmerton-rd/A7EQcf0PT4O3dFCEhsoZkg,largo-florida
https://www.ubereats.com/tampa/food-delivery/tropical-smoothie-cafe-carillon-business-center/GAy4eD_0RpamOnjAXgNYsg,largo-florida
https://www.ubereats.com/tampa/food-delivery/largo-family-diner/_NXWJK9TRxSQl4a4hoQ5xQ,largo-florida
https://www.ubereats.com/tampa/food-delivery/mcdonalds-walsingham/M0kVpibdTs6CXtUxub0IqA,largo-florida
https://www.ubereats.com/tampa/food-delivery/freaken-vegan/ruforLo8SUmwtd8UmfsDpg,largo-florida
https://www.ubereats.com/tampa/food-delivery/the-pizza-joint-49th-street-north/pdyl6av-TVeK8JglkUcrCw,largo-florida
https://www.ubereats.com/tampa/food-delivery/rib-shack-bbq/1Hcrc5MfRQeWQGMkXvxOeA,largo-florida
https://www.ubereats.com/tampa/food-delivery/chipotle-mexican-grill-3700-park-blvd-n/byWuipZhTU2zWXtR-NA-LQ,largo-florida
https://www.ubereats.com/tampa/food-delivery/el-hidalguense/Vog6yUcFT_q1hDGKqjJgBA,largo-florida
https://www.ubereats.com/tampa/food-delivery/dixies-dog-house-treasure-island/_HbQ-WJaTzS2WSHzGcOk8Q,largo-florida
https://www.ubereats.com/tampa/food-delivery/marcelas-mexican-restaurant/mDcAYJN3TlunDgLt4B-9Lg,largo-florida
https://www.ubereats.com/tampa/food-delivery/deeya-indian-cuisine/hVgXh-fiQvCr3gZXYQjZ4Q,largo-florida
https://www.ubereats.com/tampa/food-delivery/pearlys-beach-eats-dunedin/XpWYjhj3T5u5RuI7FOJoiw,largo-florida
https://www.ubereats.com/tampa/food-delivery/hi-poke/o0LMEay0QAa25YJ1KJSsSg,largo-florida
https://www.ubereats.com/tampa/food-delivery/jets-pizza-madeira-redington/-FGfmFh6Ta2FNLTnU2krgw,largo-florida
https://www.ubereats.com/tampa/food-delivery/freshii-10328-roosevelt-blvd/ZzifRcIkQxCyBC5ArDp55A,largo-florida
https://www.ubereats.com/tampa/food-delivery/speggtacular-restaurant/tEL65fflSqqB8f5p1u10Qg,largo-florida
https://www.ubereats.com/tampa/food-delivery/seminole-subs-%26-gyros-largo/_HNp0vOnRkCltqudd1R1BA,largo-florida
https://www.ubereats.com/tampa/food-delivery/china-buffet-largo/favJP8zbQGyxMqM4mGb39A,largo-florida
https://www.ubereats.com/tampa/food-delivery/subway-1444-s-belcher-rd/5F5znRjzTtSjq_iVUXkaWA,largo-florida
https://www.ubereats.com/tampa/food-delivery/frutta-bowls/u97W1rgMT3WWQ-7prMnT1w,largo-florida
https://www.ubereats.com/tampa/food-delivery/mikes-pizza-%26-pub/VxyqyMUaSYaaDW_m3MF-9A,largo-florida
https://www.ubereats.com/tampa/food-delivery/jersey-mikes-subs-seminole-11167-park-blvd-n/_DNbaSaKTWyAeugNmBWb1w,largo-florida
https://www.ubereats.com/tampa/food-delivery/the-amish-country-store/kJowHt0tQfugr8lWmXu5rg,largo-florida
https://www.ubereats.com/tampa/food-delivery/taco-bus-treasure-island/I4B5-V05QoW60S5nXGLj4w,largo-florida
https://www.ubereats.com/tampa/food-delivery/westshore-pizza-largo/s9XCycyFQse6swbIQ6hFCA,largo-florida
https://www.ubereats.com/tampa/food-delivery/applebees-4000-park-blvd/BQMMj1T3RJectg8vs0FQQA,largo-florida
https://www.ubereats.com/tampa/food-delivery/grillsmith-clearwater/_ZjjadUiT6-_F051iMWXLA,largo-florida
https://www.ubereats.com/tampa/food-delivery/thai-am-restaurant/v25HXj6SQr6NYe7EZetgxA,largo-florida
https://www.ubereats.com/tampa/food-delivery/banelly-tienda-y-taqueria/8voY81l-SGeIw68I8aqUnQ,largo-florida
https://www.ubereats.com/tampa/food-delivery/bob-evans-158-2410-66th-street-n/ROeRBURESs-61OUXsJghtQ,largo-florida
https://www.ubereats.com/tampa/food-delivery/emilys-restaurant/uX5CVHX1SdGJ1HhG8bHJ1Q,largo-florida
https://www.ubereats.com/tampa/food-delivery/long-john-silvers-largo-2/vGL0OT0kRmCF_yzGNSRLog,largo-florida
https://www.ubereats.com/tampa/food-delivery/starbucks-433-cleveland-street/Akwm4iqBTIa-_OsxA18YvQ,largo-florida
https://www.ubereats.com/tampa/food-delivery/barbacoa-mexican-grill/tQhEY8dVQQa5OKKSRESl6g,largo-florida
https://www.ubereats.com/tampa/food-delivery/blue-sake/xQ-WWNOXSKCJiLkYGG7q3g,largo-florida
https://www.ubereats.com/tampa/food-delivery/pieology-pizzeria-11165-park-blvd/e6CqLKjfTpKObbNhcC9v7g,largo-florida
https://www.ubereats.com/tampa/food-delivery/vapour-kava-bar/RUmorEbTT0eN2KxZ6MP51A,largo-florida
https://www.ubereats.com/tampa/food-delivery/millers-ale-house-seminole/bo1VNFi7T0yat54ybfnHeQ,largo-florida
https://www.ubereats.com/tampa/food-delivery/kogi-grill/v49kWDZKSUu43G1avY29FA,largo-florida
https://www.ubereats.com/tampa/food-delivery/tailgators-sports-bar-%26-pizza-publargo/KazNiuP0TT2ORe9hr_9x0A,largo-florida
https://www.ubereats.com/tampa/food-delivery/harold-seltzers-steakhouse/wJWLWNm4TymxpfrPSZRB5Q,largo-florida
https://www.ubereats.com/tampa/food-delivery/clear-sky-on-cleveland/XhDCy3fBSaGYApTI5DDUig,largo-florida
https://www.ubereats.com/tampa/food-delivery/winghouse-of-clearwater/B7GA91CFTumUsOvebZZecg,largo-florida
https://www.ubereats.com/tampa/food-delivery/the-joint-st-pete/gMIDcQchSAmpq_bT6MPDog,largo-florida
https://www.ubereats.com/tampa/food-delivery/buffalo-wild-wings-21688-us-highway-19-n/Q-crZJYjSgKeMLf51iRp_g,largo-florida
https://www.ubereats.com/tampa/food-delivery/baked-batata-and-more/N_w8l2s1SyqPl1j2NPFkCQ,largo-florida
https://www.ubereats.com/tampa/food-delivery/seabreeze-family-restaurant/B3WKQ62QQ3aDkuPEoHYGRw,largo-florida
https://www.ubereats.com/tampa/food-delivery/mugs-sports-bar-%26-grill-largo/OWJ0I8-hS8u-1EWpkpcf9w,largo-florida
https://www.ubereats.com/tampa/food-delivery/le-macaron-french-pastries/ZCpqF4AjSjq-5MP8B4yBVw,largo-florida
https://www.ubereats.com/tampa/food-delivery/noble-crust/0gTEyWQ_SiWQAdmbgWzS1w,largo-florida
https://www.ubereats.com/tampa/food-delivery/applebees-10911-starkey-road/x-rTJMQUQz6sHQgozj5u6A,largo-florida
https://www.ubereats.com/tampa/food-delivery/subway-18419-us-highway-19-n/XMwTKuIlQNOsStZCNAnakg,largo-florida
https://www.ubereats.com/tampa/food-delivery/angry-pepper-waterside/jMFAFi9RRWaPLn5VjBNT5g,largo-florida
https://www.ubereats.com/tampa/food-delivery/machi-coffee-and-tea/5-TgrAhcQiK0WAzpoKvFDQ,largo-florida
https://www.ubereats.com/tampa/food-delivery/kfc-patricia-ave/a3kbJLxVQF2ptGwbE0ZEmA,largo-florida
https://www.ubereats.com/tampa/food-delivery/mity-nice-cafe/xq-8joyYROii_yH65-veZQ,largo-florida
https://www.ubereats.com/tampa/food-delivery/courtside-grille-st-petersburg/Q920Sgy6SwGMgT0wHywA7g,largo-florida
https://www.ubereats.com/tampa/food-delivery/senor-sub-and-gyros/9ARhRrBFRIyD9OcmhKSLlQ,largo-florida
https://www.ubereats.com/tampa/food-delivery/umai-cafe/jLmGHzwvQ0iR0j6ky2qheQ,largo-florida
https://www.ubereats.com/tampa/food-delivery/saki-endless-sushi-%26-hibachi-eatery-clearwater/jMFCDoA5QTSM1bl5OJ1zCA,largo-florida
https://www.ubereats.com/tampa/food-delivery/speakeasy-lounge/WU7QF5DbQZKUgKlAkXxClw,largo-florida
https://www.ubereats.com/tampa/food-delivery/sauced/tbTuOmwaRXu7yyM6-HVv1w,largo-florida
https://www.ubereats.com/tampa/food-delivery/china-taste-largo/OSyWP1QbQhan9SU8k_VI_w,largo-florida
https://www.ubereats.com/tampa/food-delivery/vcibo/aZhB-6cPRxCil9AKGNqhYQ,largo-florida
https://www.ubereats.com/tampa/food-delivery/cook-eat-mingle/1ouBAvbyQAe0Ag_LDHwJWw,largo-florida
https://www.ubereats.com/tampa/food-delivery/wawa-5176-1215-n-missouri-ave/4BcJZN2GQBeQ0oiJpFPIHg,largo-florida
https://www.ubereats.com/tampa/food-delivery/starbucks-ulmerton-rd-%26-egret-blvd/Nl5xxj34Q5C2Jm3TxsK22A,largo-florida
https://www.ubereats.com/tampa/food-delivery/speggtacular-irr/xCelNMVDR42bUeP9Daq-ng,largo-florida
https://www.ubereats.com/tampa/food-delivery/mr-waffles/Va2A8su6QeqV0Trf41RnMQ,largo-florida
https://www.ubereats.com/tampa/food-delivery/subway-2790a-gulf-to-bay/P3JPWBtnRv2u5Xn3KNh2Ww,largo-florida
https://www.ubereats.com/tampa/food-delivery/checkers-1972-gulf-to-bay-blvd/wtySmQkmTiGjcVzD1UcKRw,largo-florida
https://www.ubereats.com/tampa/food-delivery/angies-grill-clearwater/_erAC3x9TjSNJ9e4PiK2Aw,largo-florida
https://www.ubereats.com/tampa/food-delivery/golden-bear/cEPOl6JlRlaH7SV0OLLyKQ,largo-florida
https://www.ubereats.com/tampa/food-delivery/good-vibes-juice-co-largo/4TEGBTzYRPKxZp_tkU0K_w,largo-florida
https://www.ubereats.com/tampa/food-delivery/fat-cat-tavern-largo/SNJNaModR12Lt3ZJpDWcDQ,largo-florida
https://www.ubereats.com/tampa/food-delivery/first-watch-largo/uzfB2JVrQ2GOOw_38dtl1Q,largo-florida
https://www.ubereats.com/tampa/food-delivery/st-pete-burger-co/4O2pZAriS16LK4MUdcC0OQ,largo-florida
https://www.ubereats.com/tampa/food-delivery/perkins-restaurant-%26-bakery-clearwater/LRqZBggSSd20ls3PPHewLg,largo-florida
https://www.ubereats.com/tampa/food-delivery/carmel-kitchen-%26-wine-bar-clearwater/UhYoJsEvQQa0DG3fid1e4w,largo-florida
https://www.ubereats.com/tampa/food-delivery/fish-bol/bDbD33xjRkWWNRT1-BWvdg,largo-florida
https://www.ubereats.com/tampa/food-delivery/sake-house-largo/0GCPsbs1TSqTuBbxZcISPA,largo-florida
https://www.ubereats.com/tampa/food-delivery/china99/t3AmyZTIRGinCFtJsGnSrQ,largo-florida
https://www.ubereats.com/tampa/food-delivery/chicago-deli-%26-coney-dogs/62V_BJGYRBOgQExZl_eCDA,largo-florida
https://www.ubereats.com/tampa/food-delivery/starbucks-ulmerton-%26-starkey/belwZnGDSoGB70evyE8-3A,largo-florida
https://www.ubereats.com/tampa/food-delivery/westshore-pizza-east-bay-largo/833h-a2rSBC5D-EQUhvbkA,largo-florida
https://www.ubereats.com/tampa/food-delivery/casa-compay/XqrX1EVNSAqh5X3klZuZ8A,largo-florida
https://www.ubereats.com/tampa/food-delivery/burger-king-3575-east-bay-drive/IxRtJ7m7SWafhJHmifgWcw,largo-florida
https://www.ubereats.com/tampa/food-delivery/pho-bowl/gSZ0Ks1qRhWLRpgZKfPe_w,largo-florida
https://www.ubereats.com/tampa/food-delivery/latin-bowl-restaurant/ybI4aAxGT4ShsFmgwZbLJw,largo-florida
https://www.ubereats.com/tampa/food-delivery/hooters-tyrone-blvd-n-%26-66th-st-n/A4NOo_u7RWWI2nChj7t6pA,largo-florida
https://www.ubereats.com/tampa/food-delivery/fusion-street-eatery/HSLqU-xoRIif-Zczz9fT5Q,largo-florida
https://www.ubereats.com/tampa/food-delivery/subway-2006-drew-street/jcPrqqhET-aCsoQjZYdz5g,largo-florida
https://www.ubereats.com/tampa/food-delivery/taqueria-emanuel-pinellas-park/w5JUKGGWTAaAevbxoygcCQ,largo-florida
https://www.ubereats.com/tampa/food-delivery/the-artistic-whisk/H5P3tfOIR4q8zT86cNQp1A,largo-florida
https://www.ubereats.com/tampa/food-delivery/vampire-penguin-seminole/6GMDXw8ESIOkBdQPBp5f_Q,largo-florida
https://www.ubereats.com/tampa/food-delivery/aroma-indian-cuisine/WyRDwNQGQNil8slbsFGMqg,largo-florida
https://www.ubereats.com/tampa/food-delivery/pie12-napoletana-coal-fired-pizzeria/Kz9XbVgyTBe0eRg-4naVRg,largo-florida
https://www.ubereats.com/tampa/food-delivery/starbucks-park-%26-belcher/BF1h4DjgQ4G_LykTQPOsnA,largo-florida
https://www.ubereats.com/tampa/food-delivery/first-watch-tyrone-xing/ps-AqqbASBWhi4D1NRZCeA,largo-florida
https://www.ubereats.com/tampa/food-delivery/mikes-burgers/hu6YvHMFRV2nINQqH8PBdQ,largo-florida
https://www.ubereats.com/tampa/food-delivery/pollo-tropical-3900-park-blvd/TTX-niVGRwSnk1V00ttcUg,largo-florida
https://www.ubereats.com/tampa/food-delivery/menchies-frozen-yogurt-11201-park-blvd-n/47-hV5EXRO2451-7GOKbvA,largo-florida
https://www.ubereats.com/tampa/food-delivery/homestyle-restaurant-pizza-and-deli/FZ7MfYAsQayT3chTsU9Bvg,largo-florida
https://www.ubereats.com/tampa/food-delivery/surfside-taphouse-clearwater-beach/M_kA2e4yQUCuasE_sBMQHA,largo-florida
https://www.ubereats.com/tampa/food-delivery/the-ice-cream-shop/q-lcrFxhRoOgMtY7Juw1VA,largo-florida
https://www.ubereats.com/tampa/food-delivery/venus-restaurant/apeIDVUYS3uF3zBhcYIxjA,largo-florida
https://www.ubereats.com/tampa/food-delivery/dunkin-13050-walsingham-rd/hQidfZ-3QXel88txx_oA-g,largo-florida
https://www.ubereats.com/tampa/food-delivery/dunkin-1749-drew-st/zygDHQcQSqqpJWsiJ4w5jQ,largo-florida
https://www.ubereats.com/tampa/food-delivery/hungry-howies-pizza-2109-d-main-st-%23105/y_56GQO_QVCRXQbpclDwrg,largo-florida
https://www.ubereats.com/tampa/food-delivery/amore-pizzeria/00OmFu8KQHaGswi4et5ZKA,largo-florida
https://www.ubereats.com/tampa/food-delivery/jets-pizza-dunedin/UV2T8DuYSjGXd5-PM3YSvg,largo-florida
https://www.ubereats.com/tampa/food-delivery/tin-can-cafe-clearwater/SbbG1evSTxq118FnlrJtYQ,largo-florida
https://www.ubereats.com/tampa/food-delivery/the-chefs-table-cafe/BLYF0MiHQQCJa5VOlwjmDw,largo-florida
https://www.ubereats.com/tampa/food-delivery/brunos-bakery-cafe/8xe1AAqSS9W612AKDb95_Q,largo-florida
https://www.ubereats.com/tampa/food-delivery/kfc-taco-bell-1648-s-missouri-avenue/lFSeD9bYT2m4KMeusYiHaQ,largo-florida
https://www.ubereats.com/tampa/food-delivery/daily-news-cafe-%26restaurant/k_XzREHmSj-E_-B44Unflw,largo-florida
https://www.ubereats.com/tampa/food-delivery/burger-king-980-missouri-avenue/lBbJOCWySHq489pyMTuB9w,largo-florida
https://www.ubereats.com/tampa/food-delivery/subway-11111-park-blvd/t9N6f2OuQ5GvR17acPUEEg,largo-florida
https://www.ubereats.com/tampa/food-delivery/paisanos-pizza-n-pasta/B7AfAL2zT7GoiGMqc-By7w,largo-florida
https://www.ubereats.com/tampa/food-delivery/mcdonalds-pinellas-park/eLYs7oPTQ_ekmsG6smdvJQ,largo-florida
https://www.ubereats.com/tampa/food-delivery/aroy-keri-noodle/94vM4EDpRDyI8Gxi4kal9A,largo-florida
https://www.ubereats.com/tampa/food-delivery/thai-spice/iew-DHgeS5qAU2zjwRBxfQ,largo-florida
https://www.ubereats.com/tampa/food-delivery/moes-southwest-grill-11140-starkey-road/bGB9oAEqRZSs1Oki6tFgSQ,largo-florida
https://www.ubereats.com/tampa/food-delivery/the-raven-eatery-largo/nuIT38lpSQqjfI8jeGmFAA,largo-florida
https://www.ubereats.com/tampa/food-delivery/subway-2677-roosevelt-blvd/NJiGBk6bQ6C0TmgzArM77Q,largo-florida
https://www.ubereats.com/tampa/food-delivery/lennys-restaurant/vmPZ-IocQ1yibKFR_GHvKw,largo-florida
https://www.ubereats.com/tampa/food-delivery/wendys-8770-ulmerton-road/J0SmvWnYT2CAE7X_XqK6IQ,largo-florida
https://www.ubereats.com/tampa/food-delivery/firehouse-subs-st-petersburg-4th-street/96qIiCslQSm-D-Eyfsk6sA,largo-florida
https://www.ubereats.com/tampa/food-delivery/globe-restaurant/jCYbesHWQhemM8ueStFdoQ,largo-florida
https://www.ubereats.com/tampa/food-delivery/barbs-wooden-spoon/EIcU6sYzQhyK82tUahNluA,largo-florida
https://www.ubereats.com/tampa/food-delivery/mcdonalds-clearwater-mall/wZBmDd5ZSDGOvdHMi7iY8Q,largo-florida
https://www.ubereats.com/tampa/food-delivery/don-pancho-villa-clearwater/eEaR_Al6Sh6fblypfff5Eg,largo-florida
https://www.ubereats.com/tampa/food-delivery/dunkin-8595-seminole-blvd/k5I0oICNSwKty7VrUHPhig,largo-florida
https://www.ubereats.com/tampa/food-delivery/lanes-lemonade-%26-deli/eoL96IxhQcy1i94h3ukzSg,largo-florida
https://www.ubereats.com/tampa/food-delivery/hong-kong-restaurant/GNwerhKeRhqsUL41K4xcSA,largo-florida
https://www.ubereats.com/tampa/food-delivery/okeefes-tavern-clearwater/AyUZ_SFfSVG9p2y_y5_HbQ,largo-florida
https://www.ubereats.com/tampa/food-delivery/chicken-salad-chick-7839-113th-st-n-suite-a/fOiHrq1JT9mHslNEuyhJRA,largo-florida
https://www.ubereats.com/tampa/food-delivery/convenient-food-mart/xsiYBSKQTMKgEEVwM2LF2g,largo-florida
https://www.ubereats.com/tampa/food-delivery/dunkin-8650-49th-st-n/_rfBVmFiQOmwsGOTbjWqjw,largo-florida
https://www.ubereats.com/tampa/food-delivery/tijuana-flats-gulf-to-bay/RJU4zgSBRC-JgN3oA48Zwg,largo-florida
https://www.ubereats.com/tampa/food-delivery/red-lobster-26320-us-19-n/N76kv0OlS0iOu1CA4oIUGw,largo-florida
https://www.ubereats.com/tampa/food-delivery/the-wooden-rooster-seminole/YIrVoxW7S0q-aFcWOSjHCw,largo-florida
https://www.ubereats.com/tampa/food-delivery/tonys-pizza-dunedin/jh3ciTf1RaOFOWnYasxB1g,largo-florida
https://www.ubereats.com/tampa/food-delivery/taco-bus-clearwater/4B2svnTQQb2rF6KfPJINpQ,largo-florida
https://www.ubereats.com/tampa/food-delivery/bob-evans-582-2183-gulf-to-bay-boulevard/GmbBTOBeSdWXJsmSoyGaQw,largo-florida
https://www.ubereats.com/tampa/food-delivery/veras-kitchen/RMvMeSZrRRieXAdB0QophQ,largo-florida
https://www.ubereats.com/tampa/food-delivery/checkers-4909-ulmerton-rd/br1eu-ePTymxlCgx7DF9gA,largo-florida
https://www.ubereats.com/tampa/food-delivery/jupiter-donuts-of-largo/txxnLMEsQgSw1_BOtlhu2g,largo-florida
https://www.ubereats.com/tampa/food-delivery/aroy-raw-bar/InR8LYWuRRenN84eTYuySw,largo-florida
https://www.ubereats.com/tampa/food-delivery/hungry-howies-pizza-largo-%23117/mbN7wBHvRMSbIWW0iKvjDw,largo-florida
https://www.ubereats.com/tampa/food-delivery/better-byrd/R4yj5bvnShKOBaYcLnkuCw,largo-florida
https://www.ubereats.com/tampa/food-delivery/fork-in-the-road-eatery-largo/2csxKYr_RViTztlz-vniHA,largo-florida
https://www.ubereats.com/tampa/food-delivery/hooters-boardwalk-pl-e-%26-village-blvd/lHVq046eQMKKIw-NqipxcQ,largo-florida
https://www.ubereats.com/tampa/food-delivery/bakery-makel/jBt8qE3iRtihDVNSm5-qCA,largo-florida
https://www.ubereats.com/tampa/food-delivery/sila-thai-and-sushi/CU2RpZjPS06bT0BZJBaKzg,largo-florida
https://www.ubereats.com/tampa/food-delivery/mexico-lindo/Sovd2-C3RCGzsLEcm7RvvA,largo-florida
https://www.ubereats.com/tampa/food-delivery/chiang-mai-thai-%26-sushi-bar-clearwater/4w7w5kipSvyjKB47MSkpVA,largo-florida
https://www.ubereats.com/tampa/food-delivery/applebees-1465-mcmullen-booth-rd/JAOF6MbsS9CafQrAFAsc1Q,largo-florida
https://www.ubereats.com/tampa/food-delivery/acropol-family-restaurant-largo/2Owc48iNRTWq5Se9PuJeCg,largo-florida
https://www.ubereats.com/tampa/food-delivery/poke-island/9UxORMaCQpaJhxRNtFrwjw,largo-florida
https://www.ubereats.com/tampa/food-delivery/wendys-900-s-missouri-ave/U9ch-Xh-S_eBLsw1Wx_meg,largo-florida
https://www.ubereats.com/tampa/food-delivery/cafe-sahara-largo-and-clearwater/hsH-e-QARkS_SwO63Icy3g,largo-florida
https://www.ubereats.com/tampa/food-delivery/cold-stone-creamery-safety-harbor/tUzOBTiYR_KDWG7H5h_rpA,largo-florida
https://www.ubereats.com/tampa/food-delivery/jersey-mikes-roosevelt-blvd-%26-michigan-dr/SCbW-PfiRF-dbrhPzcP6Fg,largo-florida
https://www.ubereats.com/tampa/food-delivery/memphis-style-bbq-co/XpQLQ1fgSceQvVZN6mvWQg,largo-florida
https://www.ubereats.com/tampa/food-delivery/wepaa-restaurant/iD9dxWDqS5WkM0PM1zjGjg,largo-florida
https://www.ubereats.com/tampa/food-delivery/eddies-bar-%26-grill/3qmhNNBFSW6-ta8zGFKUJQ,largo-florida
https://www.ubereats.com/tampa/food-delivery/subway-clearwater/WdYvmK9oTDyCkANcycq8wA,largo-florida
https://www.ubereats.com/tampa/food-delivery/burgerfi-seminole/q9xu5IR8QYut4-PxxkQBOQ,largo-florida
https://www.ubereats.com/tampa/food-delivery/pollo-tropical-2140-gulf-to-bay-blvd/z58Qe4cBTW2L_sczsftE1g,largo-florida
https://www.ubereats.com/tampa/food-delivery/hungry-crab/hmbPnm2RSyu-PfRy4hCxzA,largo-florida
https://www.ubereats.com/tampa/food-delivery/applebees-30180-us-hwy-19-north/-7O8cbhuSt-9084GdpIF6Q,largo-florida
https://www.ubereats.com/tampa/food-delivery/jockyboys-bbq/LzhskWOuRnCAE98Q_PaaCQ,largo-florida
https://www.ubereats.com/tampa/food-delivery/crabby-bills/Bgo_o5zMQkOKzU99gUUFdQ,largo-florida
https://www.ubereats.com/tampa/food-delivery/krispy-krunchy-chicken-%26-hot-deli/xuwn2QmWSgui6TdzexorFw,largo-florida
https://www.ubereats.com/tampa/food-delivery/taco-bell-8671-ulmerton-rd/sez16h_3TRyWwmjPHGNNrQ,largo-florida
https://www.ubereats.com/tampa/food-delivery/gondolier-italian-restaurant-and-pizza-clearwater/6T6IN-_DR9mCvfw0ofSoxA,largo-florida
https://www.ubereats.com/tampa/food-delivery/panda-express-7000-us-highway-19-n/pRwYg6C1TU-0NbW784EzhQ,largo-florida
https://www.ubereats.com/tampa/food-delivery/q-southern-bbq-%26-catering/WTaQJY1qTMKIXP52D3JG6Q,largo-florida
https://www.ubereats.com/tampa/food-delivery/smiley-thai-to-go/rB1qBR-7TXu6-cHb4LhP_A,largo-florida
https://www.ubereats.com/tampa/food-delivery/tazikis-medterranean-cafe/PcUqYpIXTtKPCtlb2Vil0A,largo-florida
https://www.ubereats.com/tampa/food-delivery/dunkin-1261-gulf-blvd/GkDtND9FQWmUv7GMfz8OyQ,largo-florida
https://www.ubereats.com/tampa/food-delivery/al-%26-stella-authentic-italian-restaurant-%26-pizzeria/qPE_U2rWQv6E45-WkS4rjQ,largo-florida
https://www.ubereats.com/tampa/food-delivery/han-way/PvUdnod2TISmrVO8cguWZg,largo-florida
https://www.ubereats.com/tampa/food-delivery/felice-italian-pork-store-and-deli/wLbSHWi3S7eMPC8smPeR2A,largo-florida
https://www.ubereats.com/tampa/food-delivery/outback-steakhouse-3690-east-bay-drive/cGniGlxzSbK5BMyo7GvCBg,largo-florida
https://www.ubereats.com/tampa/food-delivery/china-city/TkB__SxjR1asidi55tsJwA,largo-florida
https://www.ubereats.com/tampa/food-delivery/gershys-cafe-%26-pastry/hSnk9I3qTAu8VA-xZ9hH2w,largo-florida
https://www.ubereats.com/tampa/food-delivery/greek-islands-cafe/WGxrJGthSUmhHJn99ZSu-A,largo-florida
https://www.ubereats.com/tampa/food-delivery/mcdonalds-hercules/RyZMuj6cTJOcdc85AnvZCw,largo-florida
https://www.ubereats.com/tampa/food-delivery/kaia-bowls/yOvHxIO8SCWZ4QHCPONyhg,largo-florida
https://www.ubereats.com/tampa/food-delivery/our-place/aC0d3aVzTNGToMmVNbQAAw,largo-florida
https://www.ubereats.com/tampa/food-delivery/samgelos-pizza/gNz9ATAqQAWLmUSGssMAhA,largo-florida
https://www.ubereats.com/tampa/food-delivery/brooklyn-pizza-company/kpEyMVp8T-WCZ428oujFow,largo-florida
https://www.ubereats.com/tampa/food-delivery/aloha-ansley-hawaiian-fusion/tMdcXTClSfCj2Mu2PN5-9Q,largo-florida
https://www.ubereats.com/tampa/food-delivery/bjs-restaurant-and-brewhouse-27001-us-highway-19n-suite-1160/-L4OXj7nQdacqsITVOnwBw,largo-florida
https://www.ubereats.com/tampa/food-delivery/irish-31-seminole/ZdILuJv1QV6kpAiFCfAD-Q,largo-florida
https://www.ubereats.com/tampa/food-delivery/the-honu/n2jy5kezSPCKSD4hS8-bbw,largo-florida
https://www.ubereats.com/tampa/food-delivery/kfc-2530-e-bay-drive/0O-EHr16Rs6Oi_RSEBz8bw,largo-florida
https://www.ubereats.com/tampa/food-delivery/ronnie-pastramis-deli-and-catering/DDeE-1G0RGePc_6W_bzpvg,largo-florida
https://www.ubereats.com/tampa/food-delivery/zios-italian-market-largo/WRR7eBzPRMK5hJA-3Xss5w,largo-florida
https://www.ubereats.com/tampa/food-delivery/cold-stone-creamery-2923-w-bay-dr/eOhIoyKDQsih-B0fZQGPIw,largo-florida
https://www.ubereats.com/tampa/food-delivery/kfc-13677-walsingham-road/MfZ_KbNYQcWISp3RG5Ws1Q,largo-florida
https://www.ubereats.com/tampa/food-delivery/a%26w-all-american-food-351-missouri-ave-n/FMYhjOnsS3egGYvxDj9L_w,largo-florida
https://www.ubereats.com/tampa/food-delivery/red-lobster-10500-e-ulmerton-road-%23490/vCJE2mYhTYuxNxky7r5Q9Q,largo-florida
https://www.ubereats.com/tampa/food-delivery/pizza-hut-13789-walsingham-rd/B0zR3n2aQEGEUKj5pZ_coQ,largo-florida
https://www.ubereats.com/tampa/food-delivery/carmelitas-mexican-grill-%26-cantina-dunedin/ABizZnkhQY-swIMWc0kB7A,largo-florida
https://www.ubereats.com/tampa/food-delivery/hao-wah-chinese-restaurant-pinellas-park/Irn3ya5jRMqG5tUumCpWbA,largo-florida
https://www.ubereats.com/tampa/food-delivery/popeyes-louisiana-kitchen-8700-ulmerton-rd/_iijkk9WSpaopYNVSqgsxg,largo-florida
https://www.ubereats.com/tampa/food-delivery/cd-roma-restaurant-st-petersburg/3mfiD5e9S_uUzbN0xi7WSQ,largo-florida
https://www.ubereats.com/tampa/food-delivery/7007-bonefish-grill-2939-west-bay-drive/tMrPPRanQ9CEIr4k3JAG0g,largo-florida
https://www.ubereats.com/tampa/food-delivery/the-haus-coffee-shop-inc/6Ph4C4AdRc6cP6nXW6XfSA,largo-florida
https://www.ubereats.com/tampa/food-delivery/phoedin/awdcJ7fqQ-2rWGu55lUiJQ,largo-florida
https://www.ubereats.com/tampa/food-delivery/cracker-barrel-old-country-store-4011-ulmerton-rd/SG-LNSGYRl6KV01ZBUfkhw,largo-florida
https://www.ubereats.com/tampa/food-delivery/umai-sushi/sQ-ufidpT5O3gzXIy5Qb1Q,largo-florida
https://www.ubereats.com/tampa/food-delivery/china-king/9kmAmHpsQ-uJEmbbap04pg,largo-florida
https://www.ubereats.com/tampa/food-delivery/cowboy-corral/Jlr4-nOzR6SCZOnyYVZxEg,largo-florida
https://www.ubereats.com/tampa/food-delivery/frankies-deli-inc/mRtbYlFSSMaUVFsKi9EiTQ,largo-florida
https://www.ubereats.com/tampa/food-delivery/honey-baked-ham-7221-us-hwy-19/MlRYNux0R-O_O6urIxh4Rg,largo-florida
https://www.ubereats.com/tampa/food-delivery/the-ice-cream-shop/q4M9hKQaSeWC800J_yMQ5w,largo-florida
https://www.ubereats.com/tampa/food-delivery/mcdonalds-roosevelt-%26-19/7zG4v6NaSeSTVc6MhuW8Sw,largo-florida
https://www.ubereats.com/tampa/food-delivery/wendys-11760-oakhurst-road/V2sPe8b3RWyCaQnPCXTqNw,largo-florida
https://www.ubereats.com/tampa/food-delivery/pauls-chicago-pizza/1UbGvqycR4mHPCxU3BbwUA,largo-florida
https://www.ubereats.com/tampa/food-delivery/hippie-hi/eM-m-aKeTj2aCIk7Zza4QQ,largo-florida
https://www.ubereats.com/tampa/food-delivery/pizza-hut-5020-e-bay-dr-ste-400/zxvIegrSTfKr1OhLflOCEA,largo-florida
https://www.ubereats.com/tampa/food-delivery/benedicts-pinellas-park/XGLey_TUQFKc5DVyYkkcBg,largo-florida
https://www.ubereats.com/tampa/food-delivery/hungry-howies-pizza-st-petersburg-34th-st/c_QOVV64SJa3aNU4dtuBHQ,largo-florida
https://www.ubereats.com/tampa/food-delivery/cricketers-pub-dunedin/Vo6l21EHR72fGRMfjgQLqw,largo-florida
https://www.ubereats.com/tampa/food-delivery/starbucks-starkey-rd-%26-east-bay-dr/hsBl3sTLRemUVs76NZfyiA,largo-florida
https://www.ubereats.com/tampa/food-delivery/r-bar-treasure-island/YD_RjqGbTBu0bIQFvHWyNw,largo-florida
https://www.ubereats.com/tampa/food-delivery/nicks-pizza-%26-greek-food/5yQybfaVTfuaR3M96JBiUA,largo-florida
https://www.ubereats.com/tampa/food-delivery/five-guys-fl-0375-1458-66th-street-north/nDf2RFhkQS6yQ1G3vlYBeg,largo-florida
https://www.ubereats.com/tampa/food-delivery/crown-%26-bull/SUhDxhJvROW-Tj323S35Hw,largo-florida
https://www.ubereats.com/tampa/food-delivery/hangry-bowl-clearwater/amuz6sLYSmmkF_iePAWY5A,largo-florida
https://www.ubereats.com/tampa/food-delivery/village-inn-13105-walsingham-rd/T-iEK_wEQGaYJVkT5x7HeA,largo-florida
https://www.ubereats.com/tampa/food-delivery/pizza-hut-1155-pasadena-ave-s-suite-j/EP_Z6sqSQxGU6Zit5Ym27w,largo-florida
https://www.ubereats.com/tampa/food-delivery/st-pete-bagel-co-largo/tptWBRP5RBCQMhvncGRNjg,largo-florida
https://www.ubereats.com/tampa/food-delivery/dunkin-8490-park-blvd/3m_69E0hTmuFuJo7sOmepQ,largo-florida
https://www.ubereats.com/tampa/food-delivery/dunkin-3515-e-bay-dr/0KqBzJOJTOe-4Zt36Qz-iA,largo-florida
https://www.ubereats.com/tampa/food-delivery/fords-garage-countryside/sfBV7CEtSyWaV6ray0f_pA,largo-florida
https://www.ubereats.com/tampa/food-delivery/time-out-sports-bar-seminole/kR8_Lf-vS5ulaf_8ViMGfg,largo-florida
https://www.ubereats.com/tampa/food-delivery/churchs-chicken-3510-central-ave/8PRPGDPEQGCPZP14a44r8A,largo-florida
https://www.ubereats.com/tampa/food-delivery/joes-crab-shack-2730-gulf-to-bay-blvd/qvGJMs4VT-Sj7v04U0l6DQ,largo-florida
https://www.ubereats.com/tampa/food-delivery/wawa-5141-8910-ulmerton-rd/m1BIW9WtTyWEvZLpFgAYkw,largo-florida
https://www.ubereats.com/tampa/food-delivery/subway-7725-ulmerton-rd/nDdZgNkYRKmC3IscnHnY3Q,largo-florida
https://www.ubereats.com/tampa/food-delivery/yogurtland-10500-ulmerton-rd/P9woVJcaQ8SRUvm1D0Cv-A,largo-florida
https://www.ubereats.com/tampa/food-delivery/seminole-subs-%26-gyros-clearwater/eRKXg52BTw28QlVYF2byaQ,largo-florida
https://www.ubereats.com/tampa/food-delivery/starbucks-gulf-to-bay-%26-cross-cir/vAjZCNokQkWVvUMygLT7fg,largo-florida
https://www.ubereats.com/tampa/food-delivery/the-country-skillet/qfdVLDqVQIWIozzK_rVhrw,largo-florida
https://www.ubereats.com/tampa/food-delivery/mega-burrito-restaurant-and-bakery/OX4eo3aeTKuWYbsoutSefg,largo-florida
https://www.ubereats.com/tampa/food-delivery/dunkin-600-missouri-ave-n/n92ud9aOQ3OM6qmf_2o03g,largo-florida
https://www.ubereats.com/tampa/food-delivery/carmelitas-mexican-restaurant-pinellas-park/vGx0ofccRna3vXTx5_BPrg,largo-florida
https://www.ubereats.com/tampa/food-delivery/fortunatos-pizza-station/IJz4RIOcSj-J-oUEngxaIA,largo-florida
https://www.ubereats.com/tampa/food-delivery/churchs-chicken-1575-gulf-to-bay-blvd/JDSkGbRHTTqd_2lMnpmTyQ,largo-florida
https://www.ubereats.com/tampa/food-delivery/el-maguey-mexican-restaurant/H-wrZuYnSd-T0lTQkyEh0A,largo-florida
https://www.ubereats.com/tampa/food-delivery/the-red-lion-pub/sNfjPmADR52EJdZEnmukTw,largo-florida
https://www.ubereats.com/tampa/food-delivery/the-ice-cream-shop/Wa6in60rRXWWL-fjuVualQ,largo-florida
https://www.ubereats.com/tampa/food-delivery/anthonys-coal-fired-pizza-clearwater/Nax--nYVR6mtH1btIJRISA,largo-florida
https://www.ubereats.com/tampa/food-delivery/arbys-12260-seminole-blvd/mTekMVb_Rompf13VKdFstA,largo-florida
https://www.ubereats.com/tampa/food-delivery/sunrise-restaurant/TZiSxZwER2O7ISHI7WuiUA,largo-florida
https://www.ubereats.com/tampa/food-delivery/grits/SE4dB_tbR1C2a69uTjo_Kg,largo-florida
https://www.ubereats.com/tampa/food-delivery/nuevo-vallarta/XQ8x-ldbSxKjEoGyUZXXCg,largo-florida
https://www.ubereats.com/tampa/food-delivery/starbucks-gulf-to-bay-%26-belcher/YUxmoHOoRjudn_dQAV7boA,largo-florida
https://www.ubereats.com/tampa/food-delivery/subway-7099-66th-st-n/o1Y7jo6hQBaq5oSFKIexlw,largo-florida
https://www.ubereats.com/tampa/food-delivery/the-floridian-cuban-sandwiches-treasure-island/jfEIast0Q2KZ9hUZQAdodQ,largo-florida
https://www.ubereats.com/tampa/food-delivery/pipos-cuban-cafe-bay-pines/XwlFNRWGRDqk3sa6yLqZCA,largo-florida
https://www.ubereats.com/tampa/food-delivery/smashburger-5300-e-bay-dr-ste-300/p4POlv7vTzqSjU-kZSKquA,largo-florida
https://www.ubereats.com/tampa/food-delivery/sofias-greek-grill/0VZaL6GDSumiluO5il_WCg,largo-florida
https://www.ubereats.com/tampa/food-delivery/applebees-2901-66th-street-north/ROCdFp2CQzmzD_PzTw0m4A,largo-florida
https://www.ubereats.com/tampa/food-delivery/thai-coconut-clearwater-2/xtRr6gRpT2qhnVaZI-uvYg,largo-florida
https://www.ubereats.com/tampa/food-delivery/mugs-n-jugs-largo/Qe9GcDA6QbCTSqt3Np7CGQ,largo-florida
https://www.ubereats.com/tampa/food-delivery/taco-bell-2990-gulf-to-bay-blvd/Vp51-z0yT1GwDJqQdcNG7A,largo-florida
https://www.ubereats.com/tampa/food-delivery/dannys-sports-pub/7XMXKZNNQ8yNZoDZzXTmXw,largo-florida
https://www.ubereats.com/tampa/food-delivery/gunpowder-cafe/PeGFRZSKTru2oKM7biAeVg,largo-florida
https://www.ubereats.com/tampa/food-delivery/chipotle-mexican-grill-11241-park-blvd/8uVkizTSSc6FRdo2ZCFjgA,largo-florida
https://www.ubereats.com/tampa/food-delivery/hooters-mandalay-ave-%26-causeway-blvd/695nr0NwSCWs_oURyxQtJw,largo-florida
https://www.ubereats.com/tampa/food-delivery/moes-southwest-grill-2683-roosevelt-blvd/f2ItAK48RO2OzXj4uWgBfw,largo-florida
https://www.ubereats.com/tampa/food-delivery/carmelitas-mexican-restaurant-tyrone/ZlhwiwflTNGNMYc6YkMUtg,largo-florida
https://www.ubereats.com/tampa/food-delivery/dunkin-1831-n-highland-ave/nECtkGj2S_KrRg2LPQy8Hw,largo-florida
https://www.ubereats.com/tampa/food-delivery/ugos-pizza/zrYc0yN4QDSFyBUabbAV-A,largo-florida
https://www.ubereats.com/tampa/food-delivery/taco-bell-4599-park-blvd/N6MxhscFSq2Uf8M79z-HPg,largo-florida
https://www.ubereats.com/tampa/food-delivery/tangs-chicken/aAdpx9zoQomqzS5rcWTTwQ,largo-florida
https://www.ubereats.com/tampa/food-delivery/happi-wok/GdkFVsOTQbqOvI-0OsIA8Q,largo-florida
https://www.ubereats.com/tampa/food-delivery/ihop-7800-ulmerton-rd/Z9kotlwLRWyj4ZnEOgadkA,largo-florida
https://www.ubereats.com/tampa/food-delivery/speggtacular/BSvCk_MTRdCdlse850RzyQ,largo-florida
https://www.ubereats.com/tampa/food-delivery/samsushi-restaurant/KzFsBMcuQZuOH4bDSUzjLw,largo-florida
https://www.ubereats.com/tampa/food-delivery/mamas-kitchen-seminole/PuI92i_ASnGTcqvZm9940g,largo-florida
https://www.ubereats.com/tampa/food-delivery/the-ice-cream-shop/LSzZmcCSSQKAkVnpF9iJ9g,largo-florida
https://www.ubereats.com/tampa/food-delivery/mr-ice-cream/nVUREhhEQ8q7kCecwij_mw,largo-florida
https://www.ubereats.com/tampa/food-delivery/ikigai-sushi-st-pete/CUZv3LGkRl-sN80h6vPwHw,largo-florida
https://www.ubereats.com/tampa/food-delivery/jjs-market-%26-delicatessen/VQ3lJDZvS4a_JTtWUMJnvA,largo-florida
https://www.ubereats.com/tampa/food-delivery/clear-sky-draught-haus-dunedin/szYDWr_RQpGGX6f8WXOD1Q,largo-florida
https://www.ubereats.com/tampa/food-delivery/coffee-mill/l5Ey9ianTJSGK2lErHnfgA,largo-florida
https://www.ubereats.com/tampa/food-delivery/jersey-mikes-mcmullen-booth-rd-%26-eastland-blvd/W3HIkC7TQ9erbbzthREn-w,largo-florida
https://www.ubereats.com/tampa/food-delivery/pachanga-arepa/geP3fDsrSaCwluHl7qhJmw,largo-florida
https://www.ubereats.com/tampa/food-delivery/pacific-bowls/rk5xkOkJTPO83-HuAEuXbw,largo-florida
https://www.ubereats.com/tampa/food-delivery/st-pete-bagel-co-kenneth-city/gNcxfTeLSX6ItV2AaJgd5w,largo-florida
https://www.ubereats.com/tampa/food-delivery/tikanis-madeira-redington/1Wd51S1wTnu7IR8bHAxKYg,largo-florida
https://www.ubereats.com/tampa/food-delivery/vinnys-pizza/LOSQpNsnSL65_nPVV1poCA,largo-florida
https://www.ubereats.com/tampa/food-delivery/country-boy-restaurant/4JbTB66pRYG0li1Eabw1Ww,largo-florida
https://www.ubereats.com/tampa/food-delivery/pattaya-thai/O8gztHR8QKWvbyzFlI4PUg,largo-florida
https://www.ubereats.com/tampa/food-delivery/maggie-maes-on-the-bluff-largo/y8uPjX-qTx2lmsCx-_rbGw,largo-florida
https://www.ubereats.com/tampa/food-delivery/maple-street-biscuit-company-seminole/6MKjK2jTTMiLr5SxoNFB7Q,largo-florida
https://www.ubereats.com/tampa/food-delivery/cocos-crush-bar-%26-grill/aT96TTFmSROyr_4PPu53OA,largo-florida
https://www.ubereats.com/tampa/food-delivery/hungry-howies-pizza-st-petersburg-4690-49th-st-n/rGdW0Vp0QU2igKuze6wG7g,largo-florida
https://www.ubereats.com/tampa/food-delivery/checkers-3775-66th-street-n/21botp4USVGRGgOY18g7lQ,largo-florida
https://www.ubereats.com/tampa/food-delivery/smokehouse-brown-%26-co/lKB5-cpHTWCHhXiXhapWqw,largo-florida
https://www.ubereats.com/tampa/food-delivery/krispy-kreme-4th-st-n-%26-92nd-ave-n/MIlJyotETmit9f6SddQdMw,largo-florida
https://www.ubereats.com/tampa/food-delivery/kimmy-ds-49th-street-cafe-pinellas-park/wvMzUI6QSGOvyVCLE4hfnQ,largo-florida
https://www.ubereats.com/tampa/food-delivery/pita-pan/MuUokDe0QjSYsdbAhdhLdA,largo-florida
https://www.ubereats.com/tampa/food-delivery/winghouse-of-pinellas-park/K2jVDGkFSoKasJoGfkCmYw,largo-florida
https://www.ubereats.com/tampa/food-delivery/busy-bee-snak-shop/2WD4vhvkRCaqGiDJcQCUrw,largo-florida
https://www.ubereats.com/tampa/food-delivery/granadinos-italian-restaurant/gdxubIudRP6BusewPMJ8ZA,largo-florida
https://www.ubereats.com/tampa/food-delivery/burger-king-13238-66th-street/dPbYhQB9TJWhe8fak8ukRg,largo-florida
https://www.ubereats.com/tampa/food-delivery/tu-tienda-latina/Y9W5DuB0SYm4nQkERmSDiA,largo-florida
https://www.ubereats.com/tampa/food-delivery/expo-restaurant/Q8hSpPHdQUKkRsk4WtxoMQ,largo-florida
https://www.ubereats.com/tampa/food-delivery/mcdonalds-dunedin-main-st/SkaOw0NwRpiuACQ7Aj8xzw,largo-florida
https://www.ubereats.com/tampa/food-delivery/wung-thai-restaurant-and-sushi/cCjtq3RlRx6hyx18VnGRtQ,largo-florida
https://www.ubereats.com/tampa/food-delivery/little-greek-gulf-to-bay/0HBABY4zTDC_QmJL284ZTg,largo-florida
https://www.ubereats.com/tampa/food-delivery/new-china-beach-largo/gyF1WAdIQpSQWyu_DjvHmA,largo-florida
https://www.ubereats.com/tampa/food-delivery/mcdonalds-66th-street/NWKQOxxAQryNWq1yV-cKig,largo-florida
https://www.ubereats.com/tampa/food-delivery/asian-cuisine/NED6TkY1TpSAsf6LHn5U_Q,largo-florida
https://www.ubereats.com/tampa/food-delivery/kfc-6595-park-boulevard/MEGSfXb-QKewiarPZ2cabw,largo-florida
https://www.ubereats.com/tampa/food-delivery/dolce-speakeasy-%26-supperclub-clearwater/QBG-O1R8SN6fdHNkI_eZNw,largo-florida
https://www.ubereats.com/tampa/food-delivery/dunkin-13013-66th-st/aL9GS5TBQLe_W1-KDcICPQ,largo-florida
https://www.ubereats.com/tampa/food-delivery/sonic-7725-49th-street-north/MUgnBATJRjGgVaj1aeNGGg,largo-florida
https://www.ubereats.com/tampa/food-delivery/hungry-howies-pizza-largo-14219-w-walsingham/vRNEvJrdTi66TwDphyD4xA,largo-florida
https://www.ubereats.com/tampa/food-delivery/five-guys-fl-0197-7056-us-highway-19-n/EGGpvfHLQFmWI8e8wY6j4w,largo-florida
https://www.ubereats.com/tampa/food-delivery/mcdonalds-starkey/l-UgCRHSSWWmczmQxjm2Ig,largo-florida
https://www.ubereats.com/tampa/food-delivery/village-inn-clearwater/u0Fq6hvwRmC7UqfQKIKMuQ,largo-florida
https://www.ubereats.com/tampa/food-delivery/hot-sake-sushi-%26-asian/9OVhfwUUSbuUmEbdkpweHg,largo-florida
https://www.ubereats.com/tampa/food-delivery/cabana-alcohol-infused/kie6fU9TSNuohynSMLU1Yg,largo-florida
https://www.ubereats.com/tampa/food-delivery/dunkin-2298-seminole-blvd/6VoAgRcvQ5qJpFWF9li16w,largo-florida
https://www.ubereats.com/tampa/food-delivery/thai-basil-clearwater/HLkVLFT4RXerc1IY8tlOBg,largo-florida
https://www.ubereats.com/tampa/food-delivery/firehouse-subs-pinellas-park/1d1WNsvzTQCbRO0wk5bIig,largo-florida
https://www.ubereats.com/tampa/food-delivery/zaxbys-7520-belcher-rd/GKbGfd56S6GDznhosOCbbA,largo-florida
https://www.ubereats.com/tampa/food-delivery/tijuana-flats-largo/t45vjHUMTYyurHRN-dpx7Q,largo-florida
https://www.ubereats.com/tampa/food-delivery/extreme-pizza-clearwater-beach/dVCW1OBwScWNYV-6R7awpQ,largo-florida
https://www.ubereats.com/tampa/food-delivery/hooters-4th-st-n-%26-41st-ave-n/Yk76ETPyQr211lY5GDY22A,largo-florida
https://www.ubereats.com/tampa/food-delivery/mcdonalds-jasper/7I6Pqpb3TzeY6Yp0shOgmQ,largo-florida
https://www.ubereats.com/tampa/food-delivery/cedars-grill-st-petersburg/hS-G_WOTQBKCGyEkhxLCXw,largo-florida
https://www.ubereats.com/tampa/food-delivery/boston-market-1847-enterprise-road-east/DtOtoyXrSHScwfsfGW2GRA,largo-florida
https://www.ubereats.com/tampa/food-delivery/kfc-1960-gulf-to-bay-boulevard/AAvfvvfnTyeot_LL-quzPw,largo-florida
https://www.ubereats.com/tampa/food-delivery/twistee-treat/FqaIY0siQlaFZUw_H1ibSg,largo-florida
https://www.ubereats.com/tampa/food-delivery/proino-breakfast-club-largo-2/8Trea8f9QTOBbNSdL9Xcyw,largo-florida
https://www.ubereats.com/tampa/food-delivery/subway-largo/T2ZjGzeLS2WzO8pWYc4rgQ,largo-florida
https://www.ubereats.com/tampa/food-delivery/five-guys-fl-1058-20505-us-highway-19/0PZo2ak8SiOdz6t5lOkizg,largo-florida
https://www.ubereats.com/tampa/food-delivery/tampa-style-cubans/WdRFQuGdROuye7qaiTvCCg,largo-florida
https://www.ubereats.com/tampa/food-delivery/pearlys-beach-eats-clearwater-beach/bkfn3kW-Q5uWBxkTei3iMg,largo-florida
https://www.ubereats.com/tampa/food-delivery/newks-eatery-2613-gulf-to-bay-blvd-%231650/tV6Bvz_qQ0KXPh8GLUJMqg,largo-florida
https://www.ubereats.com/tampa/food-delivery/little-india-restaurant/AUJo14XLT0-YkbDRfY_reQ,largo-florida
https://www.ubereats.com/tampa/food-delivery/mcdonalds-nursery-%26-belcher/UdrBi_LXRhOmT52-dcczIQ,largo-florida
https://www.ubereats.com/tampa/food-delivery/thai-orchid-restaurant-tyrone/SdiYSrCsSvyb7mSxjmc75w,largo-florida
https://www.ubereats.com/tampa/food-delivery/subway-3753-ulmerton-rd/efq_TPtCTtG6O_VRnm4QFQ,largo-florida
https://www.ubereats.com/tampa/food-delivery/checkers-1610-mcmullen-booth-road/YK835mEERpuG7nW8_m7FvA,largo-florida
https://www.ubereats.com/tampa/food-delivery/da-sesto-italian-restaurant/7slkTUhkTQOGe4e16t3Ttg,largo-florida
https://www.ubereats.com/tampa/food-delivery/pdq-clearwater/Ciz2kloBT5yC7_135qOh2A,largo-florida
https://www.ubereats.com/tampa/food-delivery/juice-habit/IaOZ19l2RYWirVIPpRzTEQ,largo-florida
https://www.ubereats.com/tampa/food-delivery/belleair-market/xcZMjsSGQP24s3bbiQQoKA,largo-florida
https://www.ubereats.com/tampa/food-delivery/the-healthy-hive/M6OrAx3nSMSoLtzZ-D8SYw,largo-florida
https://www.ubereats.com/tampa/food-delivery/capognas-dugout-clearwater/Y8Hhw9MHSXqq0kQW-6GZUw,largo-florida
https://www.ubereats.com/tampa/food-delivery/el-tenampa-mexican-restaurant-st-petersburg/VrQ66bXCQUqnSA2f0EDcZA,largo-florida
https://www.ubereats.com/tampa/food-delivery/la-mordida-restaurant-bar-%26-grill/1EH5RhsXQJ6jaHmLSK_Jbg,largo-florida
https://www.ubereats.com/tampa/food-delivery/greek-city-cafe-clearwater/ugAvKb_JRtSVwSd93PinVw,largo-florida
https://www.ubereats.com/tampa/food-delivery/joes-new-york-style-pizzeria-and-restaurant/yjPvALS8R1ys9CFyuG7TkA,largo-florida
https://www.ubereats.com/tampa/food-delivery/samgelos-pizza/RpGyMbgaTT-WJVs-yRjGcg,largo-florida
https://www.ubereats.com/tampa/food-delivery/mcdonalds-missouri/PotejKq4Rt6A2Y2zyUtLDw,largo-florida
https://www.ubereats.com/tampa/food-delivery/hay-querico-puerto-rico/8RtaiYghRf-qqtmsXAxeQA,largo-florida
https://www.ubereats.com/tampa/food-delivery/central-pizza/xNnTO-5dSsmHPa3Vc57S9A,largo-florida
https://www.ubereats.com/tampa/food-delivery/buffalo-wild-wings-10500-ulmerton-rd/si0EZilVR6WFIBsh48tNUQ,largo-florida
https://www.ubereats.com/tampa/food-delivery/freaky-tzatziki/u5Jz_Q7AT8-9ewDIpUSMbw,largo-florida
https://www.ubereats.com/tampa/food-delivery/cravingz/VhP8-QNsQUq9-jPFJL89sg,largo-florida
https://www.ubereats.com/tampa/food-delivery/tijuana-flats-tyrone/iqJmWHflTUCGCrSo26XuBA,largo-florida
https://www.ubereats.com/tampa/food-delivery/proino-breakfast-clearwater/EXk6tAJoSQWAmnmgScTJCQ,largo-florida
https://www.ubereats.com/tampa/food-delivery/checkers-3150-east-bay-drive/1SvrFEzSTHyT1fBQXz3maA,largo-florida
https://www.ubereats.com/tampa/food-delivery/first-watch-east-bay/5NMvEKHCQ8ieLXMi57IsCQ,largo-florida
https://www.ubereats.com/tampa/food-delivery/jersey-mikes-us-19-n-%26-70th-ave-n/Zv6tZEDCSrKV-dD5Y_7BNw,largo-florida
https://www.ubereats.com/tampa/food-delivery/santa-fe-mexican-restaurant/hRJv5r2ITHixdk_C5x-W5Q,largo-florida
https://www.ubereats.com/tampa/food-delivery/bella-doras-pizza-and-pasta/AuhFSqQiRRmErWDx6nkR-w,largo-florida
https://www.ubereats.com/tampa/food-delivery/indian-bistro/y20innhST6CmOezogcAsEg,largo-florida
https://www.ubereats.com/tampa/food-delivery/village-inn-10155-bay-pines-blvd/EyM5jl56T5yYwEi14_Eqwg,largo-florida
https://www.ubereats.com/tampa/food-delivery/el-guerrero-mexican-grill/7pkbG-iBRSaAit-meZxIfQ,largo-florida
https://www.ubereats.com/tampa/food-delivery/hungry-howies-pizza-seminole-6989-seminole-blvd/ouSGy516SRuoze-jB_JK_Q,largo-florida
https://www.ubereats.com/tampa/food-delivery/tgi-fridays-588-st-petersburg-fl/bSMwAAH7RX282xWvfRj6VQ,largo-florida
https://www.ubereats.com/tampa/food-delivery/smokey-bones-clearwater/wFWyPqrmQFCFOU0geHGqUQ,largo-florida
https://www.ubereats.com/tampa/food-delivery/r%26s-pizzeria/-wDbaxoeS7Wv7r2E4zSPJA,largo-florida
https://www.ubereats.com/tampa/food-delivery/taco-bell-4703-66th-street-north/d0DY_0LXQiKLn0UcFnXsBA,largo-florida
https://www.ubereats.com/tampa/food-delivery/santa-fe-mexican-grill-largo/dr-tEqvcT8SHGe8HHnnoow,largo-florida
https://www.ubereats.com/tampa/food-delivery/senor-taco/8XGPS-rgQkm5rh88LB9oDQ,largo-florida
https://www.ubereats.com/tampa/food-delivery/sonnys-bbq-largo/WaDVlCEuSbim5aioImmZGQ,largo-florida
https://www.ubereats.com/tampa/food-delivery/chick-fil-a-10075-ulmerton-rd/vtaqib-LT3mxII_BnkSB0A,largo-florida
https://www.ubereats.com/tampa/food-delivery/mcdonalds-largo-belcher-rd/TH-tyW8yQjyOcfHMx0Tfgg,largo-florida
https://www.ubereats.com/tampa/food-delivery/katiki/84lxDVNJQ42toOjmXZcl6Q,largo-florida
https://www.ubereats.com/tampa/food-delivery/crazy-burrito-2/0xgo2C9cS3aVbP-Fb0ZlrQ,largo-florida
https://www.ubereats.com/tampa/food-delivery/stonefire-tavern/uXPYO4V5RNqgukpNcRSPPw,largo-florida
