url,city
https://www.ubereats.com/salt-lake-city/food-delivery/del-taco-737-n-main-street/n8k7hAhXRDatdtYtF0mUaQ,layton-utah
https://www.ubereats.com/salt-lake-city/food-delivery/garcias-mexican-restaurant-layton/17NyYNV2TwG6qULqjL1UJg,layton-utah
https://www.ubereats.com/salt-lake-city/food-delivery/fiiz-drinks-kaysville/2hxlVnNfQ0GoTFw5XzHmhQ,layton-utah
https://www.ubereats.com/salt-lake-city/food-delivery/thai-house-of-ogden/Q0b5pkl6RKyGwxTICHy1Iw,layton-utah
https://www.ubereats.com/salt-lake-city/food-delivery/zaxbys-n-2000-w-clinton/UbXIniB4TLq9xlbWzso4Gg,layton-utah
https://www.ubereats.com/salt-lake-city/food-delivery/chick-fil-a-1201-n-hill-field-rd-ste-fc-07/bLsZ8DXxQ7WlGom26xka0Q,layton-utah
https://www.ubereats.com/salt-lake-city/food-delivery/kneaders-bakery-%26-cafe-kaysville/pxVaTCHGTKmQTFxa7Zoj_g,layton-utah
https://www.ubereats.com/salt-lake-city/food-delivery/arbys-760-w-riverdale-road/YnhXfkM3QqGXiBQ3_z3TPw,layton-utah
https://www.ubereats.com/salt-lake-city/food-delivery/papa-johns-895-w-1700-south/FDmUWUFLTxiVzxrR6iL2_Q,layton-utah
https://www.ubereats.com/salt-lake-city/food-delivery/jamba-juice-1776-north-2000-west-ste-2/6ytV3pseTDyjS0IDu-4Aiw,layton-utah
https://www.ubereats.com/salt-lake-city/food-delivery/fiiz-drinks-roy/pXTtprYZRe2Ijg713rCcug,layton-utah
https://www.ubereats.com/salt-lake-city/food-delivery/cafe-sabor-layton/bGsd4Fr_QO-e0NUS9JtriQ,layton-utah
https://www.ubereats.com/salt-lake-city/food-delivery/papa-johns-1322-n-highway-89/fTpVN3cIRSiUAbJtNrQdjQ,layton-utah
https://www.ubereats.com/salt-lake-city/food-delivery/scrambled!-breakfast-%2B-lunch/_LOW6yrwRv2bs66ZMFNF2Q,layton-utah
https://www.ubereats.com/salt-lake-city/food-delivery/taste-of-india/QzOycsumQKOTaj3PDKNVGA,layton-utah
https://www.ubereats.com/salt-lake-city/food-delivery/papa-murphys-765-west-antelope-drive-suite-c/SgGIZAx_Tiu2ETvzQ2HZZA,layton-utah
https://www.ubereats.com/salt-lake-city/food-delivery/wendys-1344-e-hwy-193/O-1cC53QScKvHjHP8LevRA,layton-utah
https://www.ubereats.com/salt-lake-city/food-delivery/mcdonalds-2080-n-main/b6NhZyCUTvSBQc2XHQYJlQ,layton-utah
https://www.ubereats.com/salt-lake-city/food-delivery/marcos-pizza-100-s-fort-ln/OiI_EwX_SAGobMeoE1JomQ,layton-utah
https://www.ubereats.com/salt-lake-city/food-delivery/the-corner-noodle/DITIkLmITIKAl_t2r797Yg,layton-utah
https://www.ubereats.com/salt-lake-city/food-delivery/burger-king-1688-north-2000-west/eyCdWu8vSJuxaK2Rrq7geQ,layton-utah
https://www.ubereats.com/salt-lake-city/food-delivery/ichiban-sushi-%26-asian-food/mZnxSvB2Qju01bZCSa2cPw,layton-utah
https://www.ubereats.com/salt-lake-city/food-delivery/kneaders-bakery-%26-cafe-layton/LobXgr6FSZGFqE3BKE8oug,layton-utah
https://www.ubereats.com/salt-lake-city/food-delivery/five-guys-ut-1203-2065-n-harris-blvd/Q14S2KaLRf6GfAWN3SBvfg,layton-utah
https://www.ubereats.com/salt-lake-city/food-delivery/noodles-%26-company-748-w-antelope-dr-ste-e/jUTuvEA5R1STX4jDu3h4NA,layton-utah
https://www.ubereats.com/salt-lake-city/food-delivery/china-fortune/Ab73OoHvRN-yj_bGbB2gig,layton-utah
https://www.ubereats.com/salt-lake-city/food-delivery/outback-steakhouse-1664-n-heritage-park-blvd/4-cSCMLRQtivbQsYlI2XOQ,layton-utah
https://www.ubereats.com/salt-lake-city/food-delivery/eastern-winds-chinese-restaurant/boyfr0AyTcOmlQ-oAUFaiA,layton-utah
https://www.ubereats.com/salt-lake-city/food-delivery/black-bear-diner-310-e-gentile/UqZEXWFFS8GGhAVZZGvgSg,layton-utah
https://www.ubereats.com/salt-lake-city/food-delivery/dennys-991-n-400-w/h-aAA-HYTlmU4xA2s6rVfA,layton-utah
https://www.ubereats.com/salt-lake-city/food-delivery/famous-daves-1977-n-1200-w/bQRdkvPvT2K5ADs3ltROiw,layton-utah
https://www.ubereats.com/salt-lake-city/food-delivery/wendys-5710-harrison-blvd/oMB8jEV7T-KBbvOB-IQxTA,layton-utah
https://www.ubereats.com/salt-lake-city/food-delivery/marcos-pizza-5585-s-3500-w/x09J9b_yRKeYMCCUjfB6Gw,layton-utah
https://www.ubereats.com/salt-lake-city/food-delivery/the-habit-burger-grill-260-n-union-ave-%23115/Q1ssr5VdQE2v7IrD7NiknA,layton-utah
https://www.ubereats.com/salt-lake-city/food-delivery/firehouse-subs-2151-north-hillfield-rd/0c2z7_b5RxSNN5Jd6JkLRw,layton-utah
https://www.ubereats.com/salt-lake-city/food-delivery/papa-murphys-2052-west-antelope-drive-suite-b-2/ccFTz-f7RMq5s-3TdEid7w,layton-utah
https://www.ubereats.com/salt-lake-city/food-delivery/greener-grass-juicery/uixKkAPrSzCsvqJQ0e9W6A,layton-utah
https://www.ubereats.com/salt-lake-city/food-delivery/arbys-5424-s-1900-w/eEeQmBAUSyKmxZdPWNHn-A,layton-utah
https://www.ubereats.com/salt-lake-city/food-delivery/buffalo-wild-wings-702-w-riverdale-rd/dbvIC0AUSlqdc5JsLh2SSg,layton-utah
https://www.ubereats.com/salt-lake-city/food-delivery/salt-city-pizza-co/n_M02Cj7SaCySMC7GqyvEQ,layton-utah
https://www.ubereats.com/salt-lake-city/food-delivery/noodles-%26-company-1032-w-park-ln-bldg-w/-LHDzQhTTlG5mn-YhFFeEg,layton-utah
https://www.ubereats.com/salt-lake-city/food-delivery/papa-murphys-210-south-fairfield-road/74V-CRVTSYuZ9AuKLxDxLg,layton-utah
https://www.ubereats.com/salt-lake-city/food-delivery/red-robin-412-1562-n-woodland-park-dr/55-n92k-Q4GWI9noblCAoQ,layton-utah
https://www.ubereats.com/salt-lake-city/food-delivery/twigs-bistro-and-martini-bar-155-e-promontory/6P38Ye38TImZeyYZRiTWEg,layton-utah
https://www.ubereats.com/salt-lake-city/food-delivery/kfc-5445-south-1900-west/oWKe0EryRrmvcVCW9886fg,layton-utah
https://www.ubereats.com/salt-lake-city/food-delivery/ichiban-sushi-%26-asian-food/SYT0eoBCQNW1_3bhE-iFqg,layton-utah
https://www.ubereats.com/salt-lake-city/food-delivery/sonic-layton/tX27RIz-SbSn34T9hOqurA,layton-utah
https://www.ubereats.com/salt-lake-city/food-delivery/kfc-3642-south-riverdale-rd/67DInnNyRzaJKJZytwXkXg,layton-utah
https://www.ubereats.com/salt-lake-city/food-delivery/jersey-mikes-sub-1060-w-park-lane/6yc9mUGQRy6iLvDgIv41pg,layton-utah
https://www.ubereats.com/salt-lake-city/food-delivery/marcos-pizza-185-n-2000-w/asrjvmHgT5OI2IYcwTqn7g,layton-utah
https://www.ubereats.com/salt-lake-city/food-delivery/cracker-barrel-old-country-store-1792-n-heritage-park-blvd/hMIqB3jLTbqcGjAtP_Qdsg,layton-utah
https://www.ubereats.com/salt-lake-city/food-delivery/dennys-4029-riverdale-rd/bTj-yt_9R0q6zjImYFCI4A,layton-utah
https://www.ubereats.com/salt-lake-city/food-delivery/seoul-korean-restaurant/Vf9b6dBcRS-q121qOCClAA,layton-utah
https://www.ubereats.com/salt-lake-city/food-delivery/osaka-sushi-%26-izakaya/XqcAZOwFTsGqVtP8EpD5dg,layton-utah
https://www.ubereats.com/salt-lake-city/food-delivery/mcdonalds-1155-n-hillfield-rd/NQeaty8WS_yvg2fOpUE5iw,layton-utah
https://www.ubereats.com/salt-lake-city/food-delivery/tonyburgers-1800-n-%26-2000-w/aBWLRrbHR8WLs2i-lWwTXw,layton-utah
https://www.ubereats.com/salt-lake-city/food-delivery/starbucks-antelope-%26-hillfield-layton/zsmwuLVRRHumKrBBNmbm9g,layton-utah
https://www.ubereats.com/salt-lake-city/food-delivery/the-habit-burger-grill-839-w-riverdale-rd/WPUrWQn_SbSIo2up0DUqFA,layton-utah
https://www.ubereats.com/salt-lake-city/food-delivery/krispy-kreme-4212-s-riverdale-rd/2emPgVf2Suq3Mnqsxyuryg,layton-utah
https://www.ubereats.com/salt-lake-city/food-delivery/burger-king-%237837-803-n-main/0ZusPnKIS_m1iU4EQcAiSw,layton-utah
https://www.ubereats.com/salt-lake-city/food-delivery/pepitos-philly-cheese-steak/rSKALu9wTCCYxQ8Ypb3Npg,layton-utah
https://www.ubereats.com/salt-lake-city/food-delivery/starbucks-1800-north-%26-2000-west-clinton/nrgYl9DeT_S92u16haibMA,layton-utah
https://www.ubereats.com/salt-lake-city/food-delivery/arbys-4740-harrison-blvd/OpQ4FKUwT9K8QrJ6T6ABQQ,layton-utah
https://www.ubereats.com/salt-lake-city/food-delivery/kfc-747-north-main/haf5HM6USt-szVm9okZUGQ,layton-utah
https://www.ubereats.com/salt-lake-city/food-delivery/alexs-kitchen/ysw1m_68SZijvSQYSLegvA,layton-utah
https://www.ubereats.com/salt-lake-city/food-delivery/wbs-eatery/sPGBFxCEQMOrv4psUrY4_w,layton-utah
https://www.ubereats.com/salt-lake-city/food-delivery/devils-pit-barbecue/tGqIEW_TQ5eJAyiq2DOTGQ,layton-utah
https://www.ubereats.com/salt-lake-city/food-delivery/jins-restaurant-korean-and-japanese-cuisine/SXrGe8TxQiyLY5bh2WVKzw,layton-utah
https://www.ubereats.com/salt-lake-city/food-delivery/kim-korean-house-%26-sushi-bar/wdTJpfV6RsCAMgsrCbbYRg,layton-utah
https://www.ubereats.com/salt-lake-city/food-delivery/mod-pizza-riverdale/s3GwOag3SuO6oLUB31BK-Q,layton-utah
https://www.ubereats.com/salt-lake-city/food-delivery/taco-time-1776-n-2000-w/uargvD1uT_GvzW7YqvYT7Q,layton-utah
https://www.ubereats.com/salt-lake-city/food-delivery/firehouse-subs-4197-riverdale-road/AcZeXDLHRnelAQPGPteBGg,layton-utah
https://www.ubereats.com/salt-lake-city/food-delivery/arbys-3385-washington-blvd/dNG-1qZCSWa1ydfGukDjMw,layton-utah
https://www.ubereats.com/salt-lake-city/food-delivery/wendys-n-1100-w-block-park-lane/M7VtUJKfTkWYIhNPRt4CXw,layton-utah
https://www.ubereats.com/salt-lake-city/food-delivery/chipotle-mexican-grill-849-w-riverdale-rd/In5j0Kz7Tm2S_KvGgw4QrQ,layton-utah
https://www.ubereats.com/salt-lake-city/food-delivery/taco-time-170-n-main-st/i6o-hFSHS1-Nhgi2l6IqUg,layton-utah
https://www.ubereats.com/salt-lake-city/food-delivery/wendys-1903-north-2000-west/14xkD646TNCtFyCVqY2E7w,layton-utah
https://www.ubereats.com/salt-lake-city/food-delivery/kfc-609-north-main-street/JR_gtLrZSz2tGuDIFg8DUA,layton-utah
https://www.ubereats.com/salt-lake-city/food-delivery/subway-1034-w-gentile-st/2PH5JJckSpScG-qa_4g-yw,layton-utah
https://www.ubereats.com/salt-lake-city/food-delivery/blue-lemon-farmington/eO-YH8Q5TwuUUpzjwL6Pxw,layton-utah
https://www.ubereats.com/salt-lake-city/food-delivery/waffle-love-ogden/M2ho1xvkTVu4zuNTfzlX6g,layton-utah
https://www.ubereats.com/salt-lake-city/food-delivery/rice-bowl/EPVvRI8dSUy0u1Fnope_eA,layton-utah
https://www.ubereats.com/salt-lake-city/food-delivery/mcdonalds-1866-north-2000-west/grA8EfSjTbCUonCT1czxlg,layton-utah
https://www.ubereats.com/salt-lake-city/food-delivery/good-burger-layton-hills-mall/deb-jXIQTQOHizJub14gnA,layton-utah
https://www.ubereats.com/salt-lake-city/food-delivery/popeyes-924-west-antelope-drive/jEEYIVS0QQadIOQocZGqgg,layton-utah
https://www.ubereats.com/salt-lake-city/food-delivery/waffle-stop/3yXRWZYsQA2rTKgeh-KOFQ,layton-utah
https://www.ubereats.com/salt-lake-city/food-delivery/papa-murphys-323-36th-street/Vbl9hi_pQVeagdrIn98sFQ,layton-utah
https://www.ubereats.com/salt-lake-city/food-delivery/big-daddys-pizza/WdAer5XkQrKzFvU3vB5vHg,layton-utah
https://www.ubereats.com/salt-lake-city/food-delivery/panda-express-1950-north-1000-west/8o4bbUFPRTupfPCw_HbNqg,layton-utah
https://www.ubereats.com/salt-lake-city/food-delivery/arbys-1766-s-2000-w/S_qYiaaiQfavbIOoIAdaHw,layton-utah
https://www.ubereats.com/salt-lake-city/food-delivery/menchies-frozen-yogurt-765-w-antelope-dr/nrnr2_sDSPOMVI3amWAkfA,layton-utah
https://www.ubereats.com/salt-lake-city/food-delivery/mcdonalds-1075-e-gentile/mI4rJTmjSS2B4rClMMRm7Q,layton-utah
https://www.ubereats.com/salt-lake-city/food-delivery/burger-king-2025-north-main-%2310511/-4iLQlvYRHu3Ilju2r6URA,layton-utah
https://www.ubereats.com/salt-lake-city/food-delivery/cafe-zupas-748-w-antelope-dr/7hW3i0MjROSIrN6AACAQkQ,layton-utah
https://www.ubereats.com/salt-lake-city/food-delivery/orange-blossom-cafe/TRiPaTQdQLOxV-47xNH8EQ,layton-utah
https://www.ubereats.com/salt-lake-city/food-delivery/buffalo-wild-wings-695-w-south-ring-road/BcTD2FM5QPSe1Em1X23Xow,layton-utah
https://www.ubereats.com/salt-lake-city/food-delivery/arbys-987-north-fairfield-rd/CmIbeGkeQGec_3hngZlo5g,layton-utah
https://www.ubereats.com/salt-lake-city/food-delivery/cafe-zupas-4245-s-riverdale-rd/epxddKaYQOOAd-AIJpjA0w,layton-utah
https://www.ubereats.com/salt-lake-city/food-delivery/panda-express-4115-riverdale-road-space-a/XcDa3ffSSS6fE7NUOOmjEw,layton-utah
https://www.ubereats.com/salt-lake-city/food-delivery/wendys-1350-s-state-st/opsjUDY7RaKN2pn1D3ENBw,layton-utah
https://www.ubereats.com/salt-lake-city/food-delivery/chipotle-mexican-grill-1035-w-antelope-dr-unit-2/J6AdzGlxTM6CEUzsfs7Qsg,layton-utah
https://www.ubereats.com/salt-lake-city/food-delivery/jamba-juice-1944-n-woodland-park-dr/b89xs1fMS6-p4l2saFA9fg,layton-utah
https://www.ubereats.com/salt-lake-city/food-delivery/krispy-kreme-968-north-main-street/zWzm8jbvSMuPiYHRqUsglg,layton-utah
https://www.ubereats.com/salt-lake-city/food-delivery/fiiz-drinks-south-ogden/gGsOlGN3RWyvD5wpemnT8A,layton-utah
https://www.ubereats.com/salt-lake-city/food-delivery/papa-johns-1986-n-hillfield-rd/J9whwNNNTKm0_Y35buCqwQ,layton-utah
https://www.ubereats.com/salt-lake-city/food-delivery/port-of-subs-2029-n-main-st/q-VRdF60S3uP48IDxWvuUQ,layton-utah
https://www.ubereats.com/salt-lake-city/food-delivery/dairy-queen-treat-layton-hills-mall-1076-layton-hills/6-1LegGPRuO8FQISMeAjIw,layton-utah
https://www.ubereats.com/salt-lake-city/food-delivery/futures-coffee-collective/OjeQcUFDSfC2veZZi6s_PQ,layton-utah
https://www.ubereats.com/salt-lake-city/food-delivery/arbys-1896-n-2000-w/8hGXuxGDQ0iWZ3LCAWjCdA,layton-utah
https://www.ubereats.com/salt-lake-city/food-delivery/blaze-pizza-260-n-university-drive/vl81F-yBT62eRpWb-_f_iA,layton-utah
https://www.ubereats.com/salt-lake-city/food-delivery/daleys-woodfire/W5wfxFljQc2Ed7VTCVNE3w,layton-utah
https://www.ubereats.com/salt-lake-city/food-delivery/haru-ramen/N9doRivySK6nZbmAtPP6Lg,layton-utah
https://www.ubereats.com/salt-lake-city/food-delivery/mcdonalds-320-w-%26-200-n/uIc3pdEQQgOr5-ycu-Vz0w,layton-utah
https://www.ubereats.com/salt-lake-city/food-delivery/taco-time-4773-harrison/JokjHXg8R-mEC64etWcXcg,layton-utah
https://www.ubereats.com/salt-lake-city/food-delivery/taco-bell-1180-east-hwy-193/3YP23g5hSTy49h3Gp5svWw,layton-utah
https://www.ubereats.com/salt-lake-city/food-delivery/cafe-zupas-262-n-central-ave/kbX6ZpuKQsaEIkzS5Yq1wg,layton-utah
https://www.ubereats.com/salt-lake-city/food-delivery/the-habit-burger-grill-508-w-antelope-dr/o_z6pz8LQcWAHUuS6Q1u1w,layton-utah
https://www.ubereats.com/salt-lake-city/food-delivery/my-pie/MWjqH6R8T7eF48TmnLRBOQ,layton-utah
https://www.ubereats.com/salt-lake-city/food-delivery/mod-pizza-layton/1JY7LBOhTQm263Jpekx8PQ,layton-utah
https://www.ubereats.com/salt-lake-city/food-delivery/mcdonalds-867-w-1700-s/L1akVbPTT1SoSKCYlv8fkg,layton-utah
https://www.ubereats.com/salt-lake-city/food-delivery/arbys-255-north-400-west/TZvSa7u6Tk2T8Fxd2YJAQA,layton-utah
https://www.ubereats.com/salt-lake-city/food-delivery/taco-bell-885-n-main-st/6WJBfMU-SlOnUaoXzjnamg,layton-utah
https://www.ubereats.com/salt-lake-city/food-delivery/fiiz-drinks-syracuse/UDLXJ74sQt2SOySYK33l_A,layton-utah
https://www.ubereats.com/salt-lake-city/food-delivery/chick-fil-a-651-w-antelope-dr/-au7GJZ8SbCAsPPpbhlK-Q,layton-utah
https://www.ubereats.com/salt-lake-city/food-delivery/sizzler-n-400-west/T88OCFrtR_-pJrZntiJbgA,layton-utah
https://www.ubereats.com/salt-lake-city/food-delivery/ihop-1741/fQegzBdVRuumk4LNtY0-LA,layton-utah
https://www.ubereats.com/salt-lake-city/food-delivery/applebees-1622-n-1000-west/vHYVJD-QR2WnkauGJexsAg,layton-utah
https://www.ubereats.com/salt-lake-city/food-delivery/teriyaki-grill-layton/WJ7S2F-zSOy3nUeHKpUEwA,layton-utah
https://www.ubereats.com/salt-lake-city/food-delivery/fiiz-drinks-layton/1L5wJ5A1S7uUShoAwdhtyQ,layton-utah
https://www.ubereats.com/salt-lake-city/food-delivery/float-on/aoh3chnqS8ukQeiv70kSeQ,layton-utah
https://www.ubereats.com/salt-lake-city/food-delivery/noodles-%26-company-4245-s-riverdale-rd-ste-d/hmlGHUpYRCKtd8VrT0N0dQ,layton-utah
https://www.ubereats.com/salt-lake-city/food-delivery/red-lobster-979-n-hill-field-road/JoZCGTghS1-0BytK9IBi6w,layton-utah
https://www.ubereats.com/salt-lake-city/food-delivery/iceberg-drive-inn-syracuse/UflUFztHQtid77qEqzauWg,layton-utah
https://www.ubereats.com/salt-lake-city/food-delivery/megaplex-theaters-junction/tZO2z5yTSE2E_xcS0Rs0GQ,layton-utah
https://www.ubereats.com/salt-lake-city/food-delivery/papa-murphys-1330-e-highway-193-ste-d-3/5vjXNF2rTyyLAATJW1bmHw,layton-utah
https://www.ubereats.com/salt-lake-city/food-delivery/wendys-353-west-200-north/itNoVVujSkWnRC1QHP480w,layton-utah
https://www.ubereats.com/salt-lake-city/food-delivery/arbys-2030-n-main-st/NpzY7sbOTw-wttUoXhlE0A,layton-utah
https://www.ubereats.com/salt-lake-city/food-delivery/corner-bakery-cafe-4315-harrison-blvd/c_HpLFsZSB-zyCs7j96TzA,layton-utah
https://www.ubereats.com/salt-lake-city/food-delivery/jamba-juice-1155-west-riverdale-rd-unit-b/MJbBUFnASeCnOsat2VFQ0A,layton-utah
https://www.ubereats.com/salt-lake-city/food-delivery/papa-murphys-5697-south-1900-west/VqU8m8t1R--QRSGXf8o55A,layton-utah
https://www.ubereats.com/salt-lake-city/food-delivery/pizza-pie-cafe-clinton/2tm0xASzRVqGNcv7Nk-3Eg,layton-utah
https://www.ubereats.com/salt-lake-city/food-delivery/ihop-1743/s1XbvVOrTk-ImLpxSKbQDw,layton-utah
https://www.ubereats.com/salt-lake-city/food-delivery/pf-changs-905-w-west-promontory/yYtm1ErTSmiGGUJZ4OGY1g,layton-utah
https://www.ubereats.com/salt-lake-city/food-delivery/da-kine-grindz-restaurant/WdSdwaPuTfKc9GO_tDVLog,layton-utah
https://www.ubereats.com/salt-lake-city/food-delivery/pizza-pie-cafe-layton/6K4r52UNRi-oCMjcSR1AAg,layton-utah
https://www.ubereats.com/salt-lake-city/food-delivery/jessie-jeans-cafe/x2xXCXdRRi6hnYPGGrwrbQ,layton-utah
https://www.ubereats.com/salt-lake-city/food-delivery/sushi-ya/EWglA4TkRoKtDc0h5vKF9Q,layton-utah
https://www.ubereats.com/salt-lake-city/food-delivery/el-pollo-loco-799-w-riverdale-rd3833/sEdjhBW3QASPrrxMPfy2gw,layton-utah
https://www.ubereats.com/salt-lake-city/food-delivery/golden-corral-1624-heritage-park-blvd/_QoYficIQ6yskDBw4Vr0bQ,layton-utah
https://www.ubereats.com/salt-lake-city/food-delivery/subway-1540-north-hillfield-rd/mHQt1UL9S5mDBxjFmyQTFQ,layton-utah
https://www.ubereats.com/salt-lake-city/food-delivery/applebees-1125-w-riverdale-road/AxN_tvxRShuHh-S0V4qiqw,layton-utah
https://www.ubereats.com/salt-lake-city/food-delivery/mcdonalds-691-n-main-st/TfIEW4iBSeu-twdwVmrZ1g,layton-utah
https://www.ubereats.com/salt-lake-city/food-delivery/wendys-1105-n-400-west/TlpAS09bRX6TjiU7sX4gdg,layton-utah
https://www.ubereats.com/salt-lake-city/food-delivery/jersey-mikes-829-w-riverdale-road/xXO0UUmKSNyeV63yb79iNA,layton-utah
https://www.ubereats.com/salt-lake-city/food-delivery/panda-express-350-n-central-ave/7poVlhPNQVWygh_Lj-WoSA,layton-utah
