url,city
https://www.ubereats.com/nashville/food-delivery/burger-king-100-hartman-dr/i_dscwXjQYOkV5-_xZVxfQ,lebanon-tennessee
https://www.ubereats.com/nashville/food-delivery/blue-moon-bbq/El55TT_hQ9WV53bIOHxO3w,lebanon-tennessee
https://www.ubereats.com/nashville/food-delivery/sweet-biscuit-company/MlX8qHjlQDiMQL6bmTyJMg,lebanon-tennessee
https://www.ubereats.com/nashville/food-delivery/ruby-tuesday-1317-west-main-st/-sfT5aCzSDGnoT7sX_ZbDg,lebanon-tennessee
https://www.ubereats.com/nashville/food-delivery/steak-n-shake-5006-crossings-circle/Z8uKTEmoTqyqE5XopLoDIQ,lebanon-tennessee
https://www.ubereats.com/nashville/food-delivery/papa-murphys-1416-west-main-street/oLCkZb8ZTvO0zucadUVLzQ,lebanon-tennessee
https://www.ubereats.com/nashville/food-delivery/taco-bell-401-south-mount-juliet-rd-%23145/M4yq_dE2Sdy69VlwU5LuxA,lebanon-tennessee
https://www.ubereats.com/nashville/food-delivery/taco-bell-1672-west-main-st/uxNQBsDhSRG7eIeOy4e3Jw,lebanon-tennessee
https://www.ubereats.com/nashville/food-delivery/jonathans-grille-mt-juliet/V-yPguWkT_CvI07k3VHnnA,lebanon-tennessee
https://www.ubereats.com/nashville/food-delivery/hardees-701-s-cumberland-st/2srw_uWhRuKfOtzXp2UXIw,lebanon-tennessee
https://www.ubereats.com/nashville/food-delivery/the-goat-mt-juliet/T7s1tfOiTPOPOK6th9do2Q,lebanon-tennessee
https://www.ubereats.com/nashville/food-delivery/arbys-813-s-cumberland/OsfS5bDmRb-rJgPquRCiBw,lebanon-tennessee
https://www.ubereats.com/nashville/food-delivery/demos-restaurant-lebanon/hBwf1xNwSCuTSO8h76gUXA,lebanon-tennessee
https://www.ubereats.com/nashville/food-delivery/krystal-1423-west-main-street/3aL7pv11SbiINcHXoueszA,lebanon-tennessee
https://www.ubereats.com/nashville/food-delivery/jersey-mikes-subs-1315-west-main-st/wdmShekqTlSk8AC5n6oJjg,lebanon-tennessee
https://www.ubereats.com/nashville/food-delivery/papa-johns-1313-west-main-street-suite-g/3z89eiARQVetgMv8bg27qg,lebanon-tennessee
https://www.ubereats.com/nashville/food-delivery/papa-johns-4134-n-mt-juliet-rd/k4qMKS0RQjG3R_t25tRiBA,lebanon-tennessee
https://www.ubereats.com/nashville/food-delivery/slim-chickens-4161-n-mt-juliet-rd/HHsnfP5RR9mE0HWDDEnPsA,lebanon-tennessee
https://www.ubereats.com/nashville/food-delivery/chick-fil-a-706-s-cumberland-st/lUvG3FqBSoahz___EHvQ7Q,lebanon-tennessee
https://www.ubereats.com/nashville/food-delivery/zaxbys-638-s-cumberland-street/fB2SVLz0QYSv3I5dFwQrGg,lebanon-tennessee
https://www.ubereats.com/nashville/food-delivery/subway-3441-lebanon-rd/O_KExqHHSwyPk3q5yQag0A,lebanon-tennessee
https://www.ubereats.com/nashville/food-delivery/taco-bell-823-s-cumberland-street/-s-YbeeiRA2IB09EPh0aFA,lebanon-tennessee
https://www.ubereats.com/nashville/food-delivery/courtneys/w2SSyfz5T5uJm6BcHCWhUA,lebanon-tennessee
https://www.ubereats.com/nashville/food-delivery/burger-king-106-north-cumberland/QFkfNfulT7Kr2rOGRTIEtw,lebanon-tennessee
https://www.ubereats.com/nashville/food-delivery/mangos-mexican-restaurant-lebanon/wwj9A8y1SjCymfWQzGT5Zw,lebanon-tennessee
https://www.ubereats.com/nashville/food-delivery/fulins-asian-cuisine-mt-juliet/CAe3AZ1NT1qdOOi1jhAUjA,lebanon-tennessee
https://www.ubereats.com/nashville/food-delivery/jack-in-the-box-509-s-cumberland-st/M6UuR6q2Qsuo84DH4tDNxQ,lebanon-tennessee
https://www.ubereats.com/nashville/food-delivery/zaxbys-719-south-mt-juliet-rd/lC2s0LWmT4e7N1mfvMZ_5g,lebanon-tennessee
https://www.ubereats.com/nashville/food-delivery/calabria-brickoven-pizzeria/3d-E_RdKSyKJK4i_S1b4NA,lebanon-tennessee
https://www.ubereats.com/nashville/food-delivery/bojangles-famous-chicken-%26-biscuits-2007-906-s-hartmann-drive/hrVfiC1JR9C_Nashp2-iRw,lebanon-tennessee
https://www.ubereats.com/nashville/food-delivery/outback-steakhouse-1125-franklin-road/GdTpmILxS76OBEl9V0Y30g,lebanon-tennessee
https://www.ubereats.com/nashville/food-delivery/hardees-1039-w-main-st/c8_6ZvjpRjCclkKjVBMwuQ,lebanon-tennessee
https://www.ubereats.com/nashville/food-delivery/subway-1414-w-main-st/vdnowcM5TcaIACtUxYnw4w,lebanon-tennessee
https://www.ubereats.com/nashville/food-delivery/red-robin-703-401-s-mt-juliet-rd-%23135/74iifsuAQl2fqDBz94wrNg,lebanon-tennessee
https://www.ubereats.com/nashville/food-delivery/wendys-807-s-cumberland_street/UVo1t9T9TuqeheG2XlPTCA,lebanon-tennessee
https://www.ubereats.com/nashville/food-delivery/blue-coast-burrito-mt-juliet/bC0M5hozTpCASaHoOLNZVg,lebanon-tennessee
https://www.ubereats.com/nashville/food-delivery/dunkin-636-s-cumberland-st/0HJkp8InRS6tpzPxn7GjDg,lebanon-tennessee
https://www.ubereats.com/nashville/food-delivery/honeybaked-ham-company/dn9K2NW8Tku2JNJLNUGHew,lebanon-tennessee
https://www.ubereats.com/nashville/food-delivery/buffalo-wild-wings-100-adams-ln/OMe6xJqARxCskeJRNP3lsQ,lebanon-tennessee
https://www.ubereats.com/nashville/food-delivery/billy-goat-coffee-cafe/XCbUAekQSKuwmzv27STLgg,lebanon-tennessee
https://www.ubereats.com/nashville/food-delivery/kfc-710-s-cumberland-street/YPvStjnfT3aWmRQmQogmtQ,lebanon-tennessee
https://www.ubereats.com/nashville/food-delivery/panda-express-611-s-cumberland-st/dyGf9dWEStGi2zqDQcDLhw,lebanon-tennessee
https://www.ubereats.com/nashville/food-delivery/firehouse-subs-mt-juliet-tn/4rpCQEkaTi2LyzhlE7DpHw,lebanon-tennessee
https://www.ubereats.com/nashville/food-delivery/pdk-southern-kitchen-%26-pantry-mt-juliet/hQEp1sIgTq67oX4xv-cg3A,lebanon-tennessee
https://www.ubereats.com/nashville/food-delivery/mcdonalds-705-s-cumberland-st/IuVoxmUoSSqlK-fs_J6I1w,lebanon-tennessee
https://www.ubereats.com/nashville/food-delivery/ihop-520-pleasant-grove-rd/Kb1OjS53RzCYO23bbfe1ig,lebanon-tennessee
https://www.ubereats.com/nashville/food-delivery/mcdonalds-1420-w-main-st/DkY9dct_T1C0EHS1nImMtA,lebanon-tennessee
https://www.ubereats.com/nashville/food-delivery/captain-ds-1041-west-main-street/2xoqnr2RQrSr0yMV-tlHFw,lebanon-tennessee
https://www.ubereats.com/nashville/food-delivery/arbys-245-n-mt-juliet-rd/QGd7pivkRh2Y7ImgmF2lzg,lebanon-tennessee
https://www.ubereats.com/nashville/food-delivery/subway-1010-n-cumberland-st/pb2zFSxlR7KOFXwWtGxAiw,lebanon-tennessee
https://www.ubereats.com/nashville/food-delivery/moes-southwest-grill-621-s-mt-juliet-road/ocRjYAWvRc2Idr53N7F6gA,lebanon-tennessee
https://www.ubereats.com/nashville/food-delivery/arbys-1457-w-main/l_RcufL5Qxmg6aAvy8XEaQ,lebanon-tennessee
https://www.ubereats.com/nashville/food-delivery/wendys-160-hwy-109-north/--bFWXaiRfSTQmlyl7GqmA,lebanon-tennessee
https://www.ubereats.com/nashville/food-delivery/cracker-barrel-old-country-store-100-herschel-drive/nq5d6IjHQqmGYutkHlXyjg,lebanon-tennessee
https://www.ubereats.com/nashville/food-delivery/taco-bell-11001-lebanon-road/EGH08nxSQYW6sI8wLIOFbQ,lebanon-tennessee
https://www.ubereats.com/nashville/food-delivery/uncle-petes-truck-stop/-ROhjHzXSB2_9XFRM9Kr9g,lebanon-tennessee
https://www.ubereats.com/nashville/food-delivery/starbucks-south-cumberland-street/xMHkIxO-QPWxLuGT8LcOZg,lebanon-tennessee
https://www.ubereats.com/nashville/food-delivery/ocharleys-401-s-mt-juliet-rd/sHU6zKQ3SHCTSA0bG-xm2g,lebanon-tennessee
https://www.ubereats.com/nashville/food-delivery/dunkin-1645-w-main-st/ToE4tXOITCyQwhzqcc6W2w,lebanon-tennessee
https://www.ubereats.com/nashville/food-delivery/wendys-1445-1-2-west-main-st/1JILRpekS5GDW-FfOhU5-w,lebanon-tennessee
https://www.ubereats.com/nashville/food-delivery/cracker-barrel-old-country-store-635-south-cumberland/FEhEp66BTauSk4hdA4gLeg,lebanon-tennessee
https://www.ubereats.com/nashville/food-delivery/pj-fresh-921-murfreesboro/M_v-TseSTgCq8q3sS_DMfQ,lebanon-tennessee
https://www.ubereats.com/nashville/food-delivery/cinnabon-baked-at-pilot-921-murfreesboro-rd/BLWlMNAWTz2IMNDdswg33w,lebanon-tennessee
https://www.ubereats.com/nashville/food-delivery/the-captains-boil-1317-west-main-st/AJfV6Rm5Tm-F6LUus0dsrg,lebanon-tennessee
https://www.ubereats.com/nashville/food-delivery/jersey-mikes-subs-2231-n-mount-juliet-rd/1buuPC9oSWWMbs32KbddeA,lebanon-tennessee
https://www.ubereats.com/nashville/food-delivery/ocharleys-902-murfreesboro-rd/sjei-7txTpKB4yNrCk7wyQ,lebanon-tennessee
