url,city
https://www.ubereats.com/harrisburg/food-delivery/friendlys-1701-quentin-rd/pFgMYGFeSBiyswo2bJTqBA,lebanon-pennsylvania
https://www.ubereats.com/harrisburg/food-delivery/popeyes-louisiana-kitchen-2159-w-cumberland-st/WAooSCa4RzaqT2KYhI8nuQ,lebanon-pennsylvania
https://www.ubereats.com/harrisburg/food-delivery/wendys-2420-w-cumberland-st/Gm6cwFdiR9ed5jRAaQFjGQ,lebanon-pennsylvania
https://www.ubereats.com/harrisburg/food-delivery/ruby-tuesday-1351-quentin-road/J3B51Nj8TxOSJ8wviOPIxQ,lebanon-pennsylvania
https://www.ubereats.com/harrisburg/food-delivery/papa-johns-pizza-650-e-penn-ave/Xyws0JIGSIKP9OnGTyZUdg,lebanon-pennsylvania
https://www.ubereats.com/harrisburg/food-delivery/mod-pizza-lebanon/cQArkBRlS8ubYc9pK8otIg,lebanon-pennsylvania
https://www.ubereats.com/harrisburg/food-delivery/javi-resturant/Wat157c9QM6lNkCiU9nMhg,lebanon-pennsylvania
https://www.ubereats.com/harrisburg/food-delivery/burger-king-710-e-cumberland-st/lFfzPBZLQYmMlsNvCAlgfw,lebanon-pennsylvania
https://www.ubereats.com/harrisburg/food-delivery/the-captains-boil-1351-quentin-road/Db1-NJTRQXaT9rEq_BDeLg,lebanon-pennsylvania
https://www.ubereats.com/harrisburg/food-delivery/dairy-queen-treat-2600-w-cumberland-st/uxwwnC2yTUiaHb52hU0fIQ,lebanon-pennsylvania
https://www.ubereats.com/harrisburg/food-delivery/taco-bell-2100-w-cumberland-street/-ilyLGlgRRaCBEsAcbPelw,lebanon-pennsylvania
https://www.ubereats.com/harrisburg/food-delivery/snitz-creek-brewpub-annville/JJtFWobRTDa4bM-ntsJh_w,lebanon-pennsylvania
https://www.ubereats.com/harrisburg/food-delivery/infinitos-pizza/BvrQxDEVSViEYdqOgb_RMA,lebanon-pennsylvania
https://www.ubereats.com/harrisburg/food-delivery/divas-have-to-eat/UHrJDYw1SJO4G7aKGnM1Cg,lebanon-pennsylvania
https://www.ubereats.com/harrisburg/food-delivery/kfc-1505-cumberland-street/1RnxzOV_TjOgBjwQotPiGQ,lebanon-pennsylvania
https://www.ubereats.com/harrisburg/food-delivery/dunkin-2199-cumberland-st/pmPjN914STKUz7H0VtaRTA,lebanon-pennsylvania
https://www.ubereats.com/harrisburg/food-delivery/chipotle-mexican-grill-1451-quentin-rd/LiPDf278Rn6WMeZ5kT8ltg,lebanon-pennsylvania
https://www.ubereats.com/harrisburg/food-delivery/burger-king-2040-cumberland-st/45lZBvHJSc-uEFHPBCP8WA,lebanon-pennsylvania
https://www.ubereats.com/harrisburg/food-delivery/mcdonalds-1725-quentin-rd/hW-uicBBT3uBLfxoCNjE5w,lebanon-pennsylvania
https://www.ubereats.com/harrisburg/food-delivery/mcdonalds-1202-w-maple-st/rofFLpx-QuyUolqXNMgsBw,lebanon-pennsylvania
https://www.ubereats.com/harrisburg/food-delivery/mcdonalds-757-e-cumberland-st/qLhivO-5Q3Wc_GSlcB3DaA,lebanon-pennsylvania
https://www.ubereats.com/harrisburg/food-delivery/mt-gretna-hideaway/5PxgKyMsQKyr7wwaS9glHQ,lebanon-pennsylvania
https://www.ubereats.com/harrisburg/food-delivery/snitz-creek-brewery-lebanon/tBkpJzV1SKmExrxOXTz-Zg,lebanon-pennsylvania
https://www.ubereats.com/harrisburg/food-delivery/five-guys-pa-1477-201-rocherty-rd/Fd9Rm6v5SK2-_jad5f40Kg,lebanon-pennsylvania
https://www.ubereats.com/harrisburg/food-delivery/rising-sun-kitchen-and-bar/zHE4UHOrS-u4qJOOvqvoZA,lebanon-pennsylvania
https://www.ubereats.com/harrisburg/food-delivery/subway-135-s-12th-st/CeL9RX3TSIqp2JcsJzdonw,lebanon-pennsylvania
https://www.ubereats.com/harrisburg/food-delivery/panera-1451-quentin-road/KlABK6D1SnC30lPciI3JxQ,lebanon-pennsylvania
https://www.ubereats.com/harrisburg/food-delivery/ceballos-bakery/z7x4UcX0TWyvxmazsRh4Gw,lebanon-pennsylvania
https://www.ubereats.com/harrisburg/food-delivery/philly-pretzel-factory/_5atiwOVTJGEJe9g3blCDw,lebanon-pennsylvania
https://www.ubereats.com/harrisburg/food-delivery/south-china-buffet/Pzqoc4EoRRKPanuqaZha4A,lebanon-pennsylvania
https://www.ubereats.com/harrisburg/food-delivery/wendys-1490-east-lehman-street/vBr322q1RPCUCoOjO3-hqg,lebanon-pennsylvania
https://www.ubereats.com/harrisburg/food-delivery/philly-pretzel-factory-lebanon-west/banV21x7R1OWa2_Iv4J5_g,lebanon-pennsylvania
