url,city
https://www.ubereats.com/new-jersey/food-delivery/cold-stone-321-mount-hope-ave/H5RalxEGQ52qbVWgGpHPSA,ledgewood-new-jersey
https://www.ubereats.com/new-jersey/food-delivery/california-tortilla-roxbury/kpdQMXyrQae3SGPJ6OfgtQ,ledgewood-new-jersey
https://www.ubereats.com/new-jersey/food-delivery/dunkin-210-state-route-15-s/bsSLqG6wQVSunl93ac5uiw,ledgewood-new-jersey
https://www.ubereats.com/new-jersey/food-delivery/marleys-gotham-grill/AGMjdaHTQqSXC4jBPFfB0g,ledgewood-new-jersey
https://www.ubereats.com/new-jersey/food-delivery/jersey-mikes-subs-437-us-highway-46/ifBshiEoQkWzw3Lnv0btYw,ledgewood-new-jersey
https://www.ubereats.com/new-jersey/food-delivery/la-strada-ristorante/J__KFX5IS9WbiQZIo_dlGw,ledgewood-new-jersey
https://www.ubereats.com/new-jersey/food-delivery/dunkin-136-lakeside-dr/H5S_Jfa3TxeJVMcvW7aEzQ,ledgewood-new-jersey
https://www.ubereats.com/new-jersey/food-delivery/ihop-810-us-highway-46/Uq7miK6RQhCIUDm8S4ePMA,ledgewood-new-jersey
https://www.ubereats.com/new-jersey/food-delivery/dunkin-25-us-hwy-206/8QZrN8evTvuSZYTqE3fRZg,ledgewood-new-jersey
https://www.ubereats.com/new-jersey/food-delivery/ajs-bagel-%26-deli/1oAywD2yRK6R7w62c1Kp4w,ledgewood-new-jersey
https://www.ubereats.com/new-jersey/food-delivery/dunkin-114-state-hwy-route-206/gUgcg2mPTWiV5HmoVdUkTw,ledgewood-new-jersey
https://www.ubereats.com/new-jersey/food-delivery/acai-express-superfood-bowls/VSQVLZDyT7Ga-2mFfjSMgQ,ledgewood-new-jersey
https://www.ubereats.com/new-jersey/food-delivery/small-fries-bbq-%26-grill/HVpLHTt4TUifSYFOOlPAZw,ledgewood-new-jersey
https://www.ubereats.com/new-jersey/food-delivery/wendys-50-international-drive-south/4RQMg2tDSZWN3W1rd0jGfg,ledgewood-new-jersey
https://www.ubereats.com/new-jersey/food-delivery/denville-pizza/81EZ2ROPQRKGKGCXI4GnkQ,ledgewood-new-jersey
https://www.ubereats.com/new-jersey/food-delivery/dunkin-274-rte-46/AeinzzTCRuuC27BFq6AApg,ledgewood-new-jersey
https://www.ubereats.com/new-jersey/food-delivery/dunkin-314-route-15/QzA-Y2CxTROV5V221QF9wQ,ledgewood-new-jersey
https://www.ubereats.com/new-jersey/food-delivery/cinnabon-301-mt-hope-avenue/H2hNr_QwSHmYhkCDNjsZoQ,ledgewood-new-jersey
https://www.ubereats.com/new-jersey/food-delivery/nolvias-restaurant/RAREzAhZTpuvGSq-tsAkrA,ledgewood-new-jersey
https://www.ubereats.com/new-jersey/food-delivery/weenies/j9jtuFGURhGJjJKRsFK1bQ,ledgewood-new-jersey
https://www.ubereats.com/new-jersey/food-delivery/cold-stone-hackettstown/rZcWdKbTT1KRuIu7kjRVKg,ledgewood-new-jersey
https://www.ubereats.com/new-jersey/food-delivery/berry-bowls-smoothie-and-salad-bar/UQLFiSBDS8S_NlDFNE8LxQ,ledgewood-new-jersey
https://www.ubereats.com/new-jersey/food-delivery/antimos-pizzeria-and-restaurant/nASK_mw2TxeL92rc-RK2gA,ledgewood-new-jersey
https://www.ubereats.com/new-jersey/food-delivery/dunkin-100-us-highway-46-w/vgXIJPPGSRyD7fG0vbSaXw,ledgewood-new-jersey
https://www.ubereats.com/new-jersey/food-delivery/anthony-%26-sons-bakery-succasana/qK4ZU_xMTkmFiIAHeC_ZHw,ledgewood-new-jersey
https://www.ubereats.com/new-jersey/food-delivery/white-castle-1113-us-highway-46/_HjSZAhlTXWjvaSEicl78A,ledgewood-new-jersey
https://www.ubereats.com/new-jersey/food-delivery/new-asian-mizuki/BLezeUf6QgK6SEgq9tpASw,ledgewood-new-jersey
https://www.ubereats.com/new-jersey/food-delivery/dunkin-387-route-46/pq9EGcrGSTywTiGEAWMI4Q,ledgewood-new-jersey
https://www.ubereats.com/new-jersey/food-delivery/outback-steakhouse-1070-us-highway-46/24r9mfagSiyDHmp0Q_UCWQ,ledgewood-new-jersey
https://www.ubereats.com/new-jersey/food-delivery/brooklyn-bagel-%26-deli/C3Mi5sm5Qm64GdvchM2XZQ,ledgewood-new-jersey
https://www.ubereats.com/new-jersey/food-delivery/marinos-cafe/HiptA6NzThWIajpnK_Uf1A,ledgewood-new-jersey
https://www.ubereats.com/new-jersey/food-delivery/pavincis-italian-grill/GbzG5LPeSmmm2Aya1g9mww,ledgewood-new-jersey
https://www.ubereats.com/new-jersey/food-delivery/qdoba-395-mount-hope-ave/WPWywjN3QX-A81qrS_Ozeg,ledgewood-new-jersey
https://www.ubereats.com/new-jersey/food-delivery/cracker-barrel-old-country-store-172-howard-blvd/wom3WzxgQBeM9EgfvSR6DA,ledgewood-new-jersey
https://www.ubereats.com/new-jersey/food-delivery/kfc-190-route-46/XALcpgCVR16YWEGdvfZ9lA,ledgewood-new-jersey
https://www.ubereats.com/new-jersey/food-delivery/antimos-pizzeria-%26-restaurant-sussex-tpke/dET2Vvl0Qy2mPfaH91o4nA,ledgewood-new-jersey
https://www.ubereats.com/new-jersey/food-delivery/dunkin-180-howard-blvd/1NYRtwzwRkKVVxk1i59iPQ,ledgewood-new-jersey
https://www.ubereats.com/new-jersey/food-delivery/riviera-maya-taqueria-hope-ave/9KwVDKTxSqKxuJ650Tq0Og,ledgewood-new-jersey
https://www.ubereats.com/new-jersey/food-delivery/marios-famous-pizza/L40iBmobTriHYdoGdYyPjw,ledgewood-new-jersey
https://www.ubereats.com/new-jersey/food-delivery/cheeks-chicken-and-waffles-rockaway/Tdqk9RugQhaV3tQuH6vPgw,ledgewood-new-jersey
https://www.ubereats.com/new-jersey/food-delivery/smoke-%26-steer/sLWkHC31SH2I2iR8R1Umhg,ledgewood-new-jersey
https://www.ubereats.com/new-jersey/food-delivery/brenda-lee-restaurant/-rOYoge5TWKOiEKkK9y_Hw,ledgewood-new-jersey
https://www.ubereats.com/new-jersey/food-delivery/subway-293-us-highway-206/fyLcTCSbTCOdAIurBBIYhg,ledgewood-new-jersey
https://www.ubereats.com/new-jersey/food-delivery/burger-king-route-10-e-%26-hillside-ave/JSD64AyaRDmjb7iz8D8d5Q,ledgewood-new-jersey
https://www.ubereats.com/new-jersey/food-delivery/mcdonalds-30-international-dr-south/Ac7tf8vZRrORe1UgZ0NY7g,ledgewood-new-jersey
https://www.ubereats.com/new-jersey/food-delivery/jefferson-diner/qkUD1VDNSoiM-ns_YM2G1A,ledgewood-new-jersey
https://www.ubereats.com/new-jersey/food-delivery/panera-275-state-route-10-e/AyL3Ai6xT-W8yYF-duxTYQ,ledgewood-new-jersey
https://www.ubereats.com/new-jersey/food-delivery/mcdonalds-249-rt-10-e/MdetRcUpRUiONGLT8gn9WQ,ledgewood-new-jersey
https://www.ubereats.com/new-jersey/food-delivery/vincenzo-pizzeria/1LotMMz2TkOdkz3yUtlsLg,ledgewood-new-jersey
https://www.ubereats.com/new-jersey/food-delivery/ritas-italian-ice-286-route-206/IFONta3VRvmxTtV3-Or_bg,ledgewood-new-jersey
https://www.ubereats.com/new-jersey/food-delivery/randolph-diner/G1jpBvBsTWSaqtqfDsxrpQ,ledgewood-new-jersey
https://www.ubereats.com/new-jersey/food-delivery/bagels-on-the-hill/dcOe523ATGeTnv2BNSlHOA,ledgewood-new-jersey
https://www.ubereats.com/new-jersey/food-delivery/townsquare-diner-inc-nj-15/55zfQDrDRc63CqUyBsjOAA,ledgewood-new-jersey
https://www.ubereats.com/new-jersey/food-delivery/pauls-family-diner/NK9lOlZ0RF2pNqVkccBZRg,ledgewood-new-jersey
https://www.ubereats.com/new-jersey/food-delivery/wendys-505-rt-10-east/MZvy9sAQQlu9jCyrnJDKKQ,ledgewood-new-jersey
https://www.ubereats.com/new-jersey/food-delivery/red-lobster-303-route-10/zim9Vo6KTVWBstYKOyrxMw,ledgewood-new-jersey
https://www.ubereats.com/new-jersey/food-delivery/las-delicias-de-clara/xjR257z-T36-NfuEgB2_XA,ledgewood-new-jersey
https://www.ubereats.com/new-jersey/food-delivery/buffalo-wild-wings-343-mount-hope-ave/Ws6SO9mIQ46jJvVVSeCT5g,ledgewood-new-jersey
https://www.ubereats.com/new-jersey/food-delivery/boston-market-247-route-10-east/69FUXyLQSIuw_gqh_yNdAw,ledgewood-new-jersey
https://www.ubereats.com/new-jersey/food-delivery/red-robin-653-301-mount-hope-ave/hYfAWX_2SdK12_TDuTjGDA,ledgewood-new-jersey
https://www.ubereats.com/new-jersey/food-delivery/dunkin-778-state-route-15-n/WycYwjx5REiQtwY_M1hU5Q,ledgewood-new-jersey
https://www.ubereats.com/new-jersey/food-delivery/gelotti-randolph/2r_igCYRSC61bXF6Qpf4yQ,ledgewood-new-jersey
https://www.ubereats.com/new-jersey/food-delivery/pavillion-lounge/5QX1vJDqQSy8E087mVm8OA,ledgewood-new-jersey
https://www.ubereats.com/new-jersey/food-delivery/mcdonalds-1117-route-46-west/GBqpe-XvQl-eXc4HZ_YXNA,ledgewood-new-jersey
https://www.ubereats.com/new-jersey/food-delivery/bagel-bistro/8kL-k_muThSFTNlkHaAFFQ,ledgewood-new-jersey
https://www.ubereats.com/new-jersey/food-delivery/enjoy-creperie/O1daq0I_TNWe-QYMDqMNlg,ledgewood-new-jersey
https://www.ubereats.com/new-jersey/food-delivery/kfc-1110-route-46/PcmcD7dXSpCJVTNfLlE7SA,ledgewood-new-jersey
https://www.ubereats.com/new-jersey/food-delivery/lotus-thai-cuisine/OQvHcRvrS4Grivm7IGKnqA,ledgewood-new-jersey
https://www.ubereats.com/new-jersey/food-delivery/empower-nutritionroxbury/PxPE1hXHRguLWpAO7rPxZA,ledgewood-new-jersey
https://www.ubereats.com/new-jersey/food-delivery/noches-de-colombia-randolph-nj/lVhAIMrHRFaLqqUxerUcsQ,ledgewood-new-jersey
https://www.ubereats.com/new-jersey/food-delivery/caffe-delhi/cTX3sdjHRm-KeGWbLmEgww,ledgewood-new-jersey
https://www.ubereats.com/new-jersey/food-delivery/pops-chicken/eLPEeFIdTPW5SUwFgjggzQ,ledgewood-new-jersey
https://www.ubereats.com/new-jersey/food-delivery/adams-hot-bagels/xYrsMndUQPeEV94O1lMgDw,ledgewood-new-jersey
https://www.ubereats.com/new-jersey/food-delivery/empire-buffet/fUScf0CwRuy6TRTVCkzkCQ,ledgewood-new-jersey
https://www.ubereats.com/new-jersey/food-delivery/manhattan-bagel-321-route-15/icUVWWZGT9Ga7ErXarIsuQ,ledgewood-new-jersey
https://www.ubereats.com/new-jersey/food-delivery/dunkin-10-rt-46-e/hZrEnRE5TnS2R7-41-XEqQ,ledgewood-new-jersey
https://www.ubereats.com/new-jersey/food-delivery/4-seasons-mediterranean-restaurant/DvkGD2etT32dHFah51YnmA,ledgewood-new-jersey
https://www.ubereats.com/new-jersey/food-delivery/big-eds-tap-house/twFwwoMAQLSEKNA_naXMeg,ledgewood-new-jersey
https://www.ubereats.com/new-jersey/food-delivery/istanbul-cuisine-restaurant/KtiCR4XDQqmUHXKDd3IgCw,ledgewood-new-jersey
https://www.ubereats.com/new-jersey/food-delivery/kfc-230-east-mountain-avenue/wgYGKkllRO-VEOdBV1vQDA,ledgewood-new-jersey
https://www.ubereats.com/new-jersey/food-delivery/chipotle-mexican-grill-301-mt-hope-ave/Mt-hyWm6SrOgG-H-L12IGQ,ledgewood-new-jersey
https://www.ubereats.com/new-jersey/food-delivery/dunkin-57-state-route-10-e/LvZ9ln6lRE2qbOckJgK0Fg,ledgewood-new-jersey
https://www.ubereats.com/new-jersey/food-delivery/tony-%26-vinnies-italian-bakery-%26-deli/pYVJo2S2SQafrfIT3aZDAA,ledgewood-new-jersey
https://www.ubereats.com/new-jersey/food-delivery/eagle-mini-diner/cOYzlXheSM-HCSH1GHfw0w,ledgewood-new-jersey
https://www.ubereats.com/new-jersey/food-delivery/monchys-colombian-grill%3A-dover/V47ZgWwKQhu3Fl1GpeL9uw,ledgewood-new-jersey
https://www.ubereats.com/new-jersey/food-delivery/iron-hills-tavern/mT0vAvbmSDWO4lB4RXgQPg,ledgewood-new-jersey
https://www.ubereats.com/new-jersey/food-delivery/dantes-of-denville/l2o44fT2SUCejw0Mujubqg,ledgewood-new-jersey
https://www.ubereats.com/new-jersey/food-delivery/royal-halal-chicken-%26-biscuit/I5jIdTU1Q2i8rapTZ-AmUA,ledgewood-new-jersey
https://www.ubereats.com/new-jersey/food-delivery/164-applebees-hackettstown/4L9heMp2T5G5vRwKjfjkYg,ledgewood-new-jersey
https://www.ubereats.com/new-jersey/food-delivery/auntie-annes-301-mt-hope-ave-ste-1048/gh18Z_DcS2O2txnZNe7hkg,ledgewood-new-jersey
https://www.ubereats.com/new-jersey/food-delivery/wendys-301-state-route-10/ipFSg7fWSt-fk6xI5CDPmw,ledgewood-new-jersey
https://www.ubereats.com/new-jersey/food-delivery/dunkin-470-state-route-10/cTyXFWg4SRerLmOv_IBu1A,ledgewood-new-jersey
https://www.ubereats.com/new-jersey/food-delivery/mostly-grill-indian-fusion-cuisine/_NC8w4XySwufdpXkTe_Csw,ledgewood-new-jersey
https://www.ubereats.com/new-jersey/food-delivery/hummus-grill-rockaway/Zhqk9OVNRfiE7SY0lb9mAQ,ledgewood-new-jersey
https://www.ubereats.com/new-jersey/food-delivery/club-15/1-ziiZQETRiQ3qc5evlVkw,ledgewood-new-jersey
https://www.ubereats.com/new-jersey/food-delivery/indian-aroma/md6iV6dkSGm0CHwkiWbsNw,ledgewood-new-jersey
https://www.ubereats.com/new-jersey/food-delivery/dunkin-766-route-15-s/nhbza6bJSuCHDDqAyFReXQ,ledgewood-new-jersey
https://www.ubereats.com/new-jersey/food-delivery/tgi-fridays-627-roxbury-nj/bL7JudJcRTWhAraSv3zX8Q,ledgewood-new-jersey
https://www.ubereats.com/new-jersey/food-delivery/dunkin-375-us-highway-46/nOSK--OpRnWiDF5tWNWJfA,ledgewood-new-jersey
https://www.ubereats.com/new-jersey/food-delivery/roxbury-diner/C2dsBWraSCKLmsI1BJMM7g,ledgewood-new-jersey
https://www.ubereats.com/new-jersey/food-delivery/five-guys-nj-1711/3BPyFYzMRDqysvPgk11NKQ,ledgewood-new-jersey
https://www.ubereats.com/new-jersey/food-delivery/dunkin-321-state-route-15/cCYRqxN-ReSjCiW7tf75Yw,ledgewood-new-jersey
https://www.ubereats.com/new-jersey/food-delivery/dunkin-295-us-highway-206/RqRFLrG7SAq8zthcXmqTMg,ledgewood-new-jersey
https://www.ubereats.com/new-jersey/food-delivery/ja-spice-island-jerk-and-american-food/MTKgE-KfT_yOrI9G-s90mQ,ledgewood-new-jersey
https://www.ubereats.com/new-jersey/food-delivery/damo-eating/52yZo0RURrOssC8sjNfVoQ,ledgewood-new-jersey
https://www.ubereats.com/new-jersey/food-delivery/137-applebees-mt-olive/KA8FgEErQhCVdOg3doCoBg,ledgewood-new-jersey
https://www.ubereats.com/new-jersey/food-delivery/burger-king-399-route-46/DGXZq3UaTGeuBD054AREwg,ledgewood-new-jersey
https://www.ubereats.com/new-jersey/food-delivery/sushi-hana-hibachi-house/k77-YtfuTaOtRPmcSrW9Ew,ledgewood-new-jersey
https://www.ubereats.com/new-jersey/food-delivery/133-applebees-rockaway/QywO15MbQPGgO3RXU7Ezfw,ledgewood-new-jersey
https://www.ubereats.com/new-jersey/food-delivery/mondo-pizza-restaurant-and-catering/cplxZ4x3QEeqCA8K6rWvFg,ledgewood-new-jersey
https://www.ubereats.com/new-jersey/food-delivery/six-west/jF35heXeS-WfsrIg8zbitQ,ledgewood-new-jersey
https://www.ubereats.com/new-jersey/food-delivery/roys-fish-fry-wharton/VW7cVFOBSvSPINGp56TMMw,ledgewood-new-jersey
https://www.ubereats.com/new-jersey/food-delivery/la-forchetta-n-main-st/aFgTW90AR0mYPLt7cOi3Uw,ledgewood-new-jersey
https://www.ubereats.com/new-jersey/food-delivery/jersey-mikes-subs-1885-rt-57/45JUespSRQ2TwFklL_Ai7Q,ledgewood-new-jersey
https://www.ubereats.com/new-jersey/food-delivery/bubbakoos-burritos/c98mxJhWSCuEEnzqfJbSUQ,ledgewood-new-jersey
https://www.ubereats.com/new-jersey/food-delivery/kabab-paradise-randolph/H3jf4rDhR12n9RNWMWYJcA,ledgewood-new-jersey
https://www.ubereats.com/new-jersey/food-delivery/jersey-mikes-subs-275-state-route-10-e/BeA_5BxKRiOJo2lgkb_R5w,ledgewood-new-jersey
https://www.ubereats.com/new-jersey/food-delivery/cluck-u-chicken-netcong/a127H-tNTfuEt_ljm5ak6w,ledgewood-new-jersey
https://www.ubereats.com/new-jersey/food-delivery/hot-bagels-abroad/UjYKcnB9T2GAsIR-kLFOYg,ledgewood-new-jersey
https://www.ubereats.com/new-jersey/food-delivery/the-salad-house-of-morristown/LqPqjxjQQ3-tlgoLayTD_A,ledgewood-new-jersey
https://www.ubereats.com/new-jersey/food-delivery/j-towne-tavern/316LeOyzRiCOluWYLsFzPw,ledgewood-new-jersey
https://www.ubereats.com/new-jersey/food-delivery/taco-bell-268-route-10/520d7xd4RLmNqs1Ghw1cwA,ledgewood-new-jersey
https://www.ubereats.com/new-jersey/food-delivery/the-corner-bistro/2yJSBfXSSr68bP3foS8ZKg,ledgewood-new-jersey
https://www.ubereats.com/new-jersey/food-delivery/krispy-krunchy-chicken-401-state-route-15-north/-VHZohPzRA6eQ0NShp63Zw,ledgewood-new-jersey
https://www.ubereats.com/new-jersey/food-delivery/bagels-on-the-hill/x3SRaih7Q_qBS2xIlgX_Uw,ledgewood-new-jersey
https://www.ubereats.com/new-jersey/food-delivery/more-life-nutrition/C2rz5j0xQQiQCV6H78gnlg,ledgewood-new-jersey
https://www.ubereats.com/new-jersey/food-delivery/golden-burrito-mexican-spot/5Us2-SE7TEi6wG79y3CkAg,ledgewood-new-jersey
https://www.ubereats.com/new-jersey/food-delivery/taco-bell-321-route-15/Vg5vg05KTqOjctX9HBZpvQ,ledgewood-new-jersey
https://www.ubereats.com/new-jersey/food-delivery/dunkin-1039-us-hwy-46/GEjyl4U1Q7iRawveGJn86Q,ledgewood-new-jersey
https://www.ubereats.com/new-jersey/food-delivery/wingstop-321-nj-15/IdykAwFxSVyuhWsJcOKqWA,ledgewood-new-jersey
https://www.ubereats.com/new-jersey/food-delivery/sams-deli-2-greenpond-rd/oNNmn3MjQ2OfxWS78V3_vg,ledgewood-new-jersey
https://www.ubereats.com/new-jersey/food-delivery/up-thai/bTWWbXCvRs6Jvr9h95m4fA,ledgewood-new-jersey
https://www.ubereats.com/new-jersey/food-delivery/ginza/nUt0zWtFS3GMzN4UCM_owQ,ledgewood-new-jersey
https://www.ubereats.com/new-jersey/food-delivery/dunkin-375-state-route-10/4hcna70WQO-bajQcQUUAnQ,ledgewood-new-jersey
https://www.ubereats.com/new-jersey/food-delivery/franks-pizza-rockaway/QbaqelaNSFaG1Ud1dR72wA,ledgewood-new-jersey
