url,city
https://www.ubereats.com/chicago/food-delivery/panda-express-31-orland-square-dr/tiFDt3XqSomyWHS9lQcXLw,lemont-illinois
https://www.ubereats.com/chicago/food-delivery/dennys-7737-s-kingery-hwy/wtwfaaxaSI-MGd-1Z9be_A,lemont-illinois
https://www.ubereats.com/chicago/food-delivery/starbucks-143rd-%26-bell/xDlGUWX4RcSudUTnMdT1rA,lemont-illinois
https://www.ubereats.com/chicago/food-delivery/mcdonalds-boughton-%26-i-355/wWB5tcYPQuqO2YnbNc0J8A,lemont-illinois
https://www.ubereats.com/chicago/food-delivery/five-guys-il-0650-2401-lincoln-hwy/f2j46ZERSpCLWJsfG2V-wA,lemont-illinois
https://www.ubereats.com/chicago/food-delivery/arbys-1950-w-75-st/wVDY1op-ToyFQGFmd7i6WQ,lemont-illinois
https://www.ubereats.com/chicago/food-delivery/jamesons-charhouse-woodridge/fRk8AnT6S26Y2oswV-MwBQ,lemont-illinois
https://www.ubereats.com/chicago/food-delivery/rosatis-pizza-woodridge/sePZvq94TViGMvPBP8JYGQ,lemont-illinois
https://www.ubereats.com/chicago/food-delivery/prenos/DuCrxR88TouE8EDhRa56pQ,lemont-illinois
https://www.ubereats.com/chicago/food-delivery/wooden-paddle/vZmz4_aIToW47ruY5uz0_g,lemont-illinois
https://www.ubereats.com/chicago/food-delivery/popeyes-1245-w-normantown-rd/KS2kQ9rSQ2uDvdd8Vu64NA,lemont-illinois
https://www.ubereats.com/chicago/food-delivery/famous-daves-bolingbrook/v-ER9Z_PQVeF3hSaZoCraw,lemont-illinois
https://www.ubereats.com/chicago/food-delivery/subway-636-n-independence-blvd/bPVi4WfJRxuwWvhnaHQHoA,lemont-illinois
https://www.ubereats.com/chicago/food-delivery/china-king-restaurant/qxC0xa_6TUm_Jz96ezMtRQ,lemont-illinois
https://www.ubereats.com/chicago/food-delivery/frankies-ristorante/8heUX9jHT4uwWwykH40dLw,lemont-illinois
https://www.ubereats.com/chicago/food-delivery/jets-pizza-darien/7yTrAm-TSKyOFRdDeT155Q,lemont-illinois
https://www.ubereats.com/chicago/food-delivery/chipotle-mexican-grill-14116-s-bell-rd/WsJR5DdrT1KmEwcUOmmiyw,lemont-illinois
https://www.ubereats.com/chicago/food-delivery/jackies-subs-salads-%26-gyros/Bm2cBoTKSeewWYsZMgSttA,lemont-illinois
https://www.ubereats.com/chicago/food-delivery/cafe-salsa/lPNCXkXSQj--UjiT4n2WCA,lemont-illinois
https://www.ubereats.com/chicago/food-delivery/panda-express-781-e-boughton-rd/b_xpnqPFRniSy5Zt0DXEgA,lemont-illinois
https://www.ubereats.com/chicago/food-delivery/red-robin-297-250-s-weber-rd/fuEOgyY3Ru2FsKXkWPbjWw,lemont-illinois
https://www.ubereats.com/chicago/food-delivery/mora-asian-kitchen-bolingbrook/6U9oNXyaSpGuLqDwvoFbuA,lemont-illinois
https://www.ubereats.com/chicago/food-delivery/popeyes-257-s-bolingbrook-dr/dwsPw9CAQCu7sq_TrQauzw,lemont-illinois
https://www.ubereats.com/chicago/food-delivery/catfish-willowbrook-il/ZHc0hNnbStC5TOP_QMkDkA,lemont-illinois
https://www.ubereats.com/chicago/food-delivery/shikara-indian-restaurant/z5tgaCo5SmaGGBx91vLMtQ,lemont-illinois
https://www.ubereats.com/chicago/food-delivery/red-lobster-2950-plainfield-road/sG5j2dKCSim-QaMxMpOMzw,lemont-illinois
https://www.ubereats.com/chicago/food-delivery/potbelly-sandwich-shop-219-n-weber-road/XoDguYI-QHi43HrCdyMu5g,lemont-illinois
https://www.ubereats.com/chicago/food-delivery/kabob-q/JRxi0jOjTIS1N4YMp1pvxg,lemont-illinois
https://www.ubereats.com/chicago/food-delivery/wabiq/geLRAqd5RoyY6uvc6kXUWg,lemont-illinois
https://www.ubereats.com/chicago/food-delivery/five-guys-il-0540-741-e-boughton-rd/nyLFjkmvQRWIF-3xK28Eig,lemont-illinois
https://www.ubereats.com/chicago/food-delivery/mod-pizza-bolingbrook/FSpFipMdREa7m-ag8Q6uhA,lemont-illinois
https://www.ubereats.com/chicago/food-delivery/tacqueria-coral/5wpma0QiRjikfd-O4lH-gQ,lemont-illinois
https://www.ubereats.com/chicago/food-delivery/dennys-orland-square-%26-la-grange/MHRiKR4LRyGNyvhdDduyDQ,lemont-illinois
https://www.ubereats.com/chicago/food-delivery/fatties-pub/AfAlx0rQRJy5BSeBqgJclQ,lemont-illinois
https://www.ubereats.com/chicago/food-delivery/grilled-cheesin/ExG6_zm1Q0iioswODCNEJQ,lemont-illinois
https://www.ubereats.com/chicago/food-delivery/portillos-hot-dogs-134-e-boughton-rd/erRio82uSHSkV3Hxi5rgJw,lemont-illinois
https://www.ubereats.com/chicago/food-delivery/chishack/Zpox8GcdQjSliPRTheu9RA,lemont-illinois
https://www.ubereats.com/chicago/food-delivery/wendys-396-s-bolingbrook-drive/CnlJPop_Rtih7suOlGxYkQ,lemont-illinois
https://www.ubereats.com/chicago/food-delivery/mandys-soul-food-kitchen/Qwkr-bWsSWekkeKkNNMtLQ,lemont-illinois
https://www.ubereats.com/chicago/food-delivery/jj-fish-%26-chicken-w-boughton/DVp7w5rcSPiNkZdCxMoRsg,lemont-illinois
https://www.ubereats.com/chicago/food-delivery/popeyes-7518-s-cass-ave/9pI3piwXTDCMDh0RiFEWvg,lemont-illinois
https://www.ubereats.com/chicago/food-delivery/jersey-mikes-subs-weber-%26-airport/CPuJ7xlwQHulQsaLKBuw3g,lemont-illinois
https://www.ubereats.com/chicago/food-delivery/red-lobster-14750-s-lagrange-rd/FmCMPirpSXqyXqN9lDDDdA,lemont-illinois
https://www.ubereats.com/chicago/food-delivery/between-the-buns-bolingbrook/KrsRwFNpTKSlH-KqrF7zHA,lemont-illinois
https://www.ubereats.com/chicago/food-delivery/mama-ds/xLGiB5mqS32BZiEXxnbw9Q,lemont-illinois
https://www.ubereats.com/chicago/food-delivery/kfc-1450-75th-st/I3q9aBiXSFOS6wIxfzg99g,lemont-illinois
https://www.ubereats.com/chicago/food-delivery/tgi-fridays-2676-orland-park-il/2PYa2f9uSSeeoofcsV4gnw,lemont-illinois
https://www.ubereats.com/chicago/food-delivery/dairy-queen-treat/xOtNUGHXQGmE6X7cMpNwBQ,lemont-illinois
https://www.ubereats.com/chicago/food-delivery/mcdonalds-plainfield-%26-75th-st/tHY4Bjk0ShO5oH0e_bk_Sg,lemont-illinois
https://www.ubereats.com/chicago/food-delivery/7405-bonefish-grill-15537-s-lagrange-road/OE5Zrk7sSJWES6nYBoi8Pw,lemont-illinois
https://www.ubereats.com/chicago/food-delivery/hamiltons-pub/Q8GB7V5lRDWv1_V4WAPSgg,lemont-illinois
https://www.ubereats.com/chicago/food-delivery/claras/ULkU8AukSXGwKin9E-dS5w,lemont-illinois
https://www.ubereats.com/chicago/food-delivery/taste-indian-chinese-cuisine/F9z4mgIGQiCJKGqHqlJ1MA,lemont-illinois
https://www.ubereats.com/chicago/food-delivery/bulldog-ale-house-bolingbrook/_LG8LBWBQ5mdA9ucfdf9dA,lemont-illinois
https://www.ubereats.com/chicago/food-delivery/mcdonalds-63rd-st-%26-cass/TkuqzkRRQP6k9L91Bwsj-g,lemont-illinois
https://www.ubereats.com/chicago/food-delivery/xs-%26os-sports-lounge-%26-grill-palos-heights/DwmgBQoMT1myM0bwu6WKag,lemont-illinois
https://www.ubereats.com/chicago/food-delivery/noodles-pho-u-bolingbrook/FcX4R6m_SkKTe1p1j4KhnA,lemont-illinois
https://www.ubereats.com/chicago/food-delivery/lucky-dragon-2/Jtsr0XAiQ1CjlYaMT7kK_Q,lemont-illinois
https://www.ubereats.com/chicago/food-delivery/francescas-vicinato/oxONaQnzToKSXW0W4guHuQ,lemont-illinois
https://www.ubereats.com/chicago/food-delivery/bernies-jerk-kitchen-%26-waffles/RJU1uDQ1R9mSC90N0iRs4Q,lemont-illinois
https://www.ubereats.com/chicago/food-delivery/browns-chicken-homer-glen/l05hIVHFSyChWVYMJkhF5Q,lemont-illinois
https://www.ubereats.com/chicago/food-delivery/kfc-taco-bell-15663-127th-street/ok5h5yefQBav-Gz38lWwbA,lemont-illinois
https://www.ubereats.com/chicago/food-delivery/barracos-pizzeria-orland-park/WTD0rWCnRdWvnaAP9_Crtg,lemont-illinois
https://www.ubereats.com/chicago/food-delivery/dunkin-donuts-75th-st/GdZ_imXeQIqijBRAyNySzg,lemont-illinois
https://www.ubereats.com/chicago/food-delivery/zorbas-gyros/zfRWQPmvR-eYGSGUftjYwQ,lemont-illinois
https://www.ubereats.com/chicago/food-delivery/sushi-house-downers-grove/C3iF91X_S6uhbWIj_jxlMw,lemont-illinois
https://www.ubereats.com/chicago/food-delivery/mod-pizza-lockport/QtAG2AjSQTCcHJhnJ4D5cA,lemont-illinois
https://www.ubereats.com/chicago/food-delivery/mod-pizza-willowbrook-tc/AePbiB-YQseAW15SIRW_kg,lemont-illinois
https://www.ubereats.com/chicago/food-delivery/fannie-may-woodgrove/RYDqzAEzRsO3sZZ9Kc-O8Q,lemont-illinois
https://www.ubereats.com/chicago/food-delivery/shanahans/JZEDfOD1TXeQJjMJJlMiXg,lemont-illinois
https://www.ubereats.com/chicago/food-delivery/tanaka-ramen/REQ74mIaS2eToMYBgc-bpA,lemont-illinois
https://www.ubereats.com/chicago/food-delivery/kenootz-wingin-it/mhr6jNGdRRyRcDRamOGKQQ,lemont-illinois
https://www.ubereats.com/chicago/food-delivery/mcdonalds-independence-%26-greenwood/HQJptfTvRaie6LyKuEnGhA,lemont-illinois
https://www.ubereats.com/chicago/food-delivery/ihop-janes-%26-boughton/TCLPd4P8T4qyRYi_A1kU_A,lemont-illinois
https://www.ubereats.com/chicago/food-delivery/subway-1920-87th-st/ScqQLk9oSYW03PfuKx_OqA,lemont-illinois
https://www.ubereats.com/chicago/food-delivery/eat-moore-cakes/SXicgCHsQUSv9pfsfzK-gQ,lemont-illinois
https://www.ubereats.com/chicago/food-delivery/dunkin-2516-n-cedar-rd/NH7mwLfmR0qTorGKxIq2dQ,lemont-illinois
https://www.ubereats.com/chicago/food-delivery/krispy-krunchy-chicken-680-north-independence-boulevard/qtpIm0pRScSIUyat9vgb-A,lemont-illinois
https://www.ubereats.com/chicago/food-delivery/mediterranean-oasis/ZT3wBdY0TxWfpT_dfwvh7g,lemont-illinois
https://www.ubereats.com/chicago/food-delivery/taco-bell-14348-s-bell-road/flchKnIFTWedRnhpDMSiKQ,lemont-illinois
https://www.ubereats.com/chicago/food-delivery/chipotle-mexican-grill-750-janes-ave-ste-a/5lljjkaGR--S3i9eOqCsGQ,lemont-illinois
https://www.ubereats.com/chicago/food-delivery/ihop-14860-s-lagrange-rd/WEP_xHg8SvyK33O0xUOArg,lemont-illinois
https://www.ubereats.com/chicago/food-delivery/chipotle-mexican-grill-253-s-weber-road/Gm4SkgApRoSwijsTUDzJmQ,lemont-illinois
https://www.ubereats.com/chicago/food-delivery/suparossa-restaurant/qwdXJUynSv2Sybgm31IZRA,lemont-illinois
https://www.ubereats.com/chicago/food-delivery/red-lobster-209-south-weber-road/6_XjRBuETUaf8ZvPKkj9JQ,lemont-illinois
https://www.ubereats.com/chicago/food-delivery/lucky-dragon/SbcGz6s_S6eRT3hm1kmJvw,lemont-illinois
https://www.ubereats.com/chicago/food-delivery/wing-squad-orland-park/lsVNlO2oTBqnkegyFrk6VQ,lemont-illinois
https://www.ubereats.com/chicago/food-delivery/burger-king-919-east-9th-street/HD19P89TR_O-5dHWi1Ehdw,lemont-illinois
https://www.ubereats.com/chicago/food-delivery/mcdonalds-75th-st-%26-janes/UmG49TFfS3iMQjVmPYE_oQ,lemont-illinois
https://www.ubereats.com/chicago/food-delivery/taco-bell-7451-lemont-rd/4OBSDfhTQdi7h06r1TAWHA,lemont-illinois
https://www.ubereats.com/chicago/food-delivery/the-beer-market/8X7uGNubSBiAbsIicDwtHw,lemont-illinois
https://www.ubereats.com/chicago/food-delivery/fulla-mediterranean/W6ESiwCETNSPmFoS-SKKBg,lemont-illinois
https://www.ubereats.com/chicago/food-delivery/another-round-bar-and-grill/74EGOKNkQRSd2c9HF-sEWg,lemont-illinois
https://www.ubereats.com/chicago/food-delivery/cold-stone-creamery-lockport/FaqE8n4PROCmRwsWHZOaYA,lemont-illinois
https://www.ubereats.com/chicago/food-delivery/pizza-track/Fk2KhVk7StGHyeLoYRyn-A,lemont-illinois
https://www.ubereats.com/chicago/food-delivery/the-original-pancake-house-15256-s-la-grange-rd/9xYnWjO7QDSHlRP7t8_Hqw,lemont-illinois
https://www.ubereats.com/chicago/food-delivery/blueberry-hill-breakfast-cafehomer-glen/mvF9TQ1dRTu2RWDQhYubEw,lemont-illinois
https://www.ubereats.com/chicago/food-delivery/taco-bell-444-n-bolingbrook-dr/9qpJyWAPSH6VAx3-5A_qZg,lemont-illinois
https://www.ubereats.com/chicago/food-delivery/mcdonalds-state-%26-wend/Uxh8ymTES8qA9yYpYTWTfA,lemont-illinois
https://www.ubereats.com/chicago/food-delivery/anthonys-restaurant-%26-pub/N2wxZFJQTdOv2QOBn97SPA,lemont-illinois
https://www.ubereats.com/chicago/food-delivery/mago-grill-%26-cantina-bolingbrook/co0VeQanQl6pqgA-fhckTA,lemont-illinois
https://www.ubereats.com/chicago/food-delivery/buona-darien/HvuE4zjIS1CCW_IfLxCVZw,lemont-illinois
https://www.ubereats.com/chicago/food-delivery/dunkin-11309-w-143rd-st/hSbnc0SHQiCYUKiqBpRK4Q,lemont-illinois
https://www.ubereats.com/chicago/food-delivery/damascus-falafel/-0wJWXJ0RsOxsqtXYlyosQ,lemont-illinois
https://www.ubereats.com/chicago/food-delivery/carrabbas-1001-75th-st/J3K7eixKRk6vPbZ0Nm4KMg,lemont-illinois
https://www.ubereats.com/chicago/food-delivery/buca-di-beppo-orland-park/PKONRYrkRcSDacLhoTBFVQ,lemont-illinois
https://www.ubereats.com/chicago/food-delivery/dunkin-419-s-joliet-rd/FxgBaICwSBG_KnfqUuXloA,lemont-illinois
https://www.ubereats.com/chicago/food-delivery/salernos-pizza-%26-pasta-bolingbrook/irN_Y6rVTx2neidyQqEKEA,lemont-illinois
https://www.ubereats.com/chicago/food-delivery/jersey-mikes-subs-weber-%26-boughton/9IDg0ad9QMuA6J4V9EX9UQ,lemont-illinois
https://www.ubereats.com/chicago/food-delivery/dunkin-760-s-weber-rd/41TRaOk5Sl-aSo4omVzKQg,lemont-illinois
https://www.ubereats.com/chicago/food-delivery/capri-express-pizza-%26-pasta/YJ5GKUlmQWOAcwzMVD8EPw,lemont-illinois
https://www.ubereats.com/chicago/food-delivery/the-links-at-carillon/gVBP1xeTTUy6tD3XJQWwYg,lemont-illinois
https://www.ubereats.com/chicago/food-delivery/creamery/_RSljBL_SqiDfXECyY4zLw,lemont-illinois
https://www.ubereats.com/chicago/food-delivery/wus-house-orland-park/aei84wGsQfmexqeVpt-Y5g,lemont-illinois
https://www.ubereats.com/chicago/food-delivery/chiba-japanese/za-rCerER_6WRi_8jZ5SfQ,lemont-illinois
https://www.ubereats.com/chicago/food-delivery/the-black-sheep/gLkY2mOSRUiqYPhI29Qd3g,lemont-illinois
https://www.ubereats.com/chicago/food-delivery/shree-indian-restaurant-westmont/-ksJRGsfQb6WU4VfG4XtYA,lemont-illinois
https://www.ubereats.com/chicago/food-delivery/next-mex/YRrPZ6x3Rm-m_xIIznj-FA,lemont-illinois
https://www.ubereats.com/chicago/food-delivery/craftd/hf25STyyQIKkVwhoAORK6w,lemont-illinois
https://www.ubereats.com/chicago/food-delivery/tgi-fridays-2673-joliet-il/OdKeKmqiR2WVzckCeK-iJg,lemont-illinois
https://www.ubereats.com/chicago/food-delivery/jumbo-crab/Z3sIHOBHS2eWKuYALYUzfw,lemont-illinois
https://www.ubereats.com/chicago/food-delivery/square-celt-ale-house-%26-grill/OoBWVgpZS4SHUMOYETzksA,lemont-illinois
https://www.ubereats.com/chicago/food-delivery/pepes-woodridge-il/Y6RW-R26SkeahKpUSyeQOg,lemont-illinois
https://www.ubereats.com/chicago/food-delivery/opera-house-steak-%26-seafood-restaurant/jSThETG4RZC71LZkymX4rw,lemont-illinois
https://www.ubereats.com/chicago/food-delivery/taqueria-los-comales-collins-%26-irving/cAIpFdFGQRSOV64tuesuMw,lemont-illinois
https://www.ubereats.com/chicago/food-delivery/bens-soft-pretzels-14169-s-bell-rd/0Padd1ItQx6S2VoCQQc_LQ,lemont-illinois
https://www.ubereats.com/chicago/food-delivery/pueblito/WeVLouhRQou0gUyGrKOmLw,lemont-illinois
https://www.ubereats.com/chicago/food-delivery/shish-kabob-house/OnmMtHbCQi6M2qAx5Bx--w,lemont-illinois
https://www.ubereats.com/chicago/food-delivery/subway-1043-e-9th-st/EqF565rcTI2aPn588J11nw,lemont-illinois
https://www.ubereats.com/chicago/food-delivery/j-%26-j-fish-and-chicken/48nlEDCRRLmujOyRAzkPyw,lemont-illinois
https://www.ubereats.com/chicago/food-delivery/tgi-fridays-2670-darien-il/ehOv0IQtQReUgT3WafeO8A,lemont-illinois
https://www.ubereats.com/chicago/food-delivery/alzadas-convenient-store-and-carryout-foods/g6BsTz0eReC3E-l8MTvxxg,lemont-illinois
https://www.ubereats.com/chicago/food-delivery/pagoda/6xu0Wa1hRMuSzMeT14BK1A,lemont-illinois
https://www.ubereats.com/chicago/food-delivery/kitaro-grill-%26-sushi-lounge/6YFwGch4SD2QR4qLvG9BJg,lemont-illinois
https://www.ubereats.com/chicago/food-delivery/sr-tatos/kJs5CddZRo-IbYh0nci4sg,lemont-illinois
https://www.ubereats.com/chicago/food-delivery/bee-brothers/LisXOeNIQ860VMa-yaFRRw,lemont-illinois
https://www.ubereats.com/chicago/food-delivery/potbelly-sandwich-shop-orland-park-%7C-37/oI4vEnsgQF-mSjvQPNKUPg,lemont-illinois
https://www.ubereats.com/chicago/food-delivery/mojos-east-coast-eats/iI2pARBJQd-PU7LejMgY1A,lemont-illinois
https://www.ubereats.com/chicago/food-delivery/burger-king-7301-lemont-road/3khZn5gZTSOhRVzt2KjYhA,lemont-illinois
https://www.ubereats.com/chicago/food-delivery/golden-corral-381-brookview-lane/3zh_UFNFTwOUsfx2douGzg,lemont-illinois
https://www.ubereats.com/chicago/food-delivery/lao-sze-chuan-restaurant-downers-grove/-QAszjVaTo62s4dTvawpZw,lemont-illinois
https://www.ubereats.com/chicago/food-delivery/dennys-bolingbrook/I6QsCqO5SFSWTFp65vJm9w,lemont-illinois
https://www.ubereats.com/chicago/food-delivery/el-authentico-burrito/MT0flOZfRu-kR5tqSyUTsw,lemont-illinois
https://www.ubereats.com/chicago/food-delivery/pepes-romeoville/3dtD8ELhSwKaAqSf6riTZw,lemont-illinois
https://www.ubereats.com/chicago/food-delivery/el-burrito-habanero/ClFqSrktQZKlgWz2OJoYHA,lemont-illinois
https://www.ubereats.com/chicago/food-delivery/el-primo-mexican-restaurant/slopBjFFRTOCTHVz9pZ7Wg,lemont-illinois
https://www.ubereats.com/chicago/food-delivery/el-barrio-mexican-restaurant/28jVR3BqT4OHlDeUwAaD3A,lemont-illinois
https://www.ubereats.com/chicago/food-delivery/capri-to-go/2F1h-lE6Qr-r4p13eri_kQ,lemont-illinois
https://www.ubereats.com/chicago/food-delivery/taco-patio-lockport/gkNn6ZQISoKL-OZXbs_hTQ,lemont-illinois
https://www.ubereats.com/chicago/food-delivery/mr-burger-inc/jvGEi5K6QiOgQsZCGqLLiw,lemont-illinois
https://www.ubereats.com/chicago/food-delivery/tropical-smoothie-cafe-16105-farrell-road/14OTHdqAT22_24ZDFRk4pA,lemont-illinois
https://www.ubereats.com/chicago/food-delivery/chipotle-mexican-grill-16433-w-159th-st/txvBGMyERTWkZ1bjvVxOjg,lemont-illinois
https://www.ubereats.com/chicago/food-delivery/jersey-mikes-subs-la-grange-%26-156th-st/1w4_ltezStilSO-1pnok1Q,lemont-illinois
https://www.ubereats.com/chicago/food-delivery/burritos-mi-tierra/-6k4BokfSnajvROZ4NsmZQ,lemont-illinois
https://www.ubereats.com/chicago/food-delivery/pops-italian-beef-orland-park-%231/NvxOHJfMToeTDF6inWcUjQ,lemont-illinois
https://www.ubereats.com/chicago/food-delivery/rosebud-restaurants-lemont/gN-AGkOESoy9xBb2EWlbMA,lemont-illinois
https://www.ubereats.com/chicago/food-delivery/stagecoach-eatery-and-saloon/76jsgOKVT-KCwSIDcstROw,lemont-illinois
https://www.ubereats.com/chicago/food-delivery/zazas/47-v5gu2S1uP3BSsCgDkYQ,lemont-illinois
https://www.ubereats.com/chicago/food-delivery/subway-221-s-bolingbrook-dr/bAhQ_NRVQu2qmLY6nH1kTg,lemont-illinois
https://www.ubereats.com/chicago/food-delivery/all-aboard-diner/NfK_BursSAOPOUuHe6Vcfg,lemont-illinois
https://www.ubereats.com/chicago/food-delivery/pita-zone/h43X2DSWQGCr4a7HOv61zA,lemont-illinois
https://www.ubereats.com/chicago/food-delivery/french-toastery/Pl5XF0v0Q0qyrsiFHxKGNQ,lemont-illinois
https://www.ubereats.com/chicago/food-delivery/pita-pita-mediterranean-orland-park/JZ6OYIlkSpmUxt3MO_ABxA,lemont-illinois
https://www.ubereats.com/chicago/food-delivery/los-burritos-tapatios-bolingbrook/_gd_PLnmT42mqGD518-t0A,lemont-illinois
https://www.ubereats.com/chicago/food-delivery/los-burritos-tapatios-westmont/MD8ruDZAQaCT4V7PF_TpGQ,lemont-illinois
https://www.ubereats.com/chicago/food-delivery/hooters-la-grange-%26-153rd-st/nESK8VTXTmGm6AI-wlqyTQ,lemont-illinois
https://www.ubereats.com/chicago/food-delivery/mickeys-gyros/exzHWwK2QRytUahC8BTVOA,lemont-illinois
https://www.ubereats.com/chicago/food-delivery/friacos-mexican-grill-and-cantina-lisle/deGxlrmcRNuWYzv9ZR0Tew,lemont-illinois
https://www.ubereats.com/chicago/food-delivery/jalapenos-mexican-food-orland-park/s0LyN5wUQTyp309XTcql4Q,lemont-illinois
https://www.ubereats.com/chicago/food-delivery/goodys-gyros/masXVHHCQr6xEveqHIEZBw,lemont-illinois
https://www.ubereats.com/chicago/food-delivery/cozzi-corner-hot-dogs-beef-%26-catering/W8daFSo-S36_JRtLXBZHOA,lemont-illinois
https://www.ubereats.com/chicago/food-delivery/dunkin-6310-woodward-ave/xLi-69bwRfOQ7sHQxLptDQ,lemont-illinois
https://www.ubereats.com/chicago/food-delivery/bar-louie-bolingbrook/_HGDaSw0RJyRaZ4LZN4NXg,lemont-illinois
https://www.ubereats.com/chicago/food-delivery/priyas-kitchen-westmont/-6clMLQeSWmI_O6dEy3qNg,lemont-illinois
https://www.ubereats.com/chicago/food-delivery/gios-breakfast-lunch-%26-dinner/UO9ahrATQ4-tgaFOjUR7-A,lemont-illinois
https://www.ubereats.com/chicago/food-delivery/gelsosomos-pizzeria-and-pub/mYPRICYSSwSv9oAh7_xqBA,lemont-illinois
https://www.ubereats.com/chicago/food-delivery/zacarellis-pizza/vzWWEuoiTgGd4kVNbhMYwA,lemont-illinois
https://www.ubereats.com/chicago/food-delivery/perla-negra-mariscos/3ZCucSLnSmmN4dSfoZ77pA,lemont-illinois
https://www.ubereats.com/chicago/food-delivery/mod-pizza-west-bolingbrook/1bVqQXZaQGOOLTAC6p4gHg,lemont-illinois
https://www.ubereats.com/chicago/food-delivery/starbucks-75th-%26-cass/T3jalagzSJ2AxTo3zMSfmw,lemont-illinois
https://www.ubereats.com/chicago/food-delivery/honeyfield-restaurant/AhCPG6aIQai-nWcaBTHRkg,lemont-illinois
https://www.ubereats.com/chicago/food-delivery/mcalisters-deli-14309-south-lagrange-road/2F-sGFHpTkyI50q1Qdg8GQ,lemont-illinois
https://www.ubereats.com/chicago/food-delivery/mcdivots-restaurant/LKKViRqXRqOJnczkMFD5sg,lemont-illinois
https://www.ubereats.com/chicago/food-delivery/quarry-pub-and-grill/ivD7gWDTSwGbr7hUoyxSzw,lemont-illinois
https://www.ubereats.com/chicago/food-delivery/el-burrito-loco-woodridge/dXrFN5lTQ-KbZ6GoBuSwbw,lemont-illinois
https://www.ubereats.com/chicago/food-delivery/kenootz-pizza-and-catering/h3b3OpvZTbe-Ffe1NI-r8A,lemont-illinois
https://www.ubereats.com/chicago/food-delivery/dhaba-express/ShgBcGiRQ5e3nKB1UOHKHQ,lemont-illinois
https://www.ubereats.com/chicago/food-delivery/el-burrito-loco-lockport/c5piukdLQJGHmAeEn5n4iw,lemont-illinois
https://www.ubereats.com/chicago/food-delivery/kfc-taco-bell-16616-w-159th-street/U5Uxal3jQIufCxYEYVp8KQ,lemont-illinois
https://www.ubereats.com/chicago/food-delivery/chucks-southern-comforts-cafe/4RVPrC7NQKSECrLySEZhGg,lemont-illinois
https://www.ubereats.com/chicago/food-delivery/white-castle-120-s-bolingbrook-dr/65b0zSZkT1W07cXNL5ItGg,lemont-illinois
https://www.ubereats.com/chicago/food-delivery/tasty-deli/SQdxptDLTLWBPhN5yeTPdg,lemont-illinois
https://www.ubereats.com/chicago/food-delivery/the-white-sheep/dziLgvpsQeOeJhNKyLGjyA,lemont-illinois
https://www.ubereats.com/chicago/food-delivery/pasquallys-pizza-%26-wings-7409-cass-ave/3xyjZpnDTm2wVSUtRUoOvA,lemont-illinois
https://www.ubereats.com/chicago/food-delivery/neat-kitchen-%2B-bar/69k4VkGuRnSS8cHwATO3yg,lemont-illinois
https://www.ubereats.com/chicago/food-delivery/dunkin-7516-s-cass-ave-unit-5b/4u84NygdQlefSyfrIGSI2A,lemont-illinois
https://www.ubereats.com/chicago/food-delivery/jewel-of-siam/BzRjgnHKSAy3E6i4xJoq3w,lemont-illinois
https://www.ubereats.com/chicago/food-delivery/starbucks-bolingbrook-rte-53-%26-remington/YpyEtL55R1qWE5BZ5QMkCg,lemont-illinois
https://www.ubereats.com/chicago/food-delivery/sals-phillys/QjDSVCKCRPCXjYSWI8zcDg,lemont-illinois
https://www.ubereats.com/chicago/food-delivery/mcdonalds-9101-s-kingery-highway/cxnI-_zRTCmE5aZh0nlxFg,lemont-illinois
https://www.ubereats.com/chicago/food-delivery/maries/0ROEHBY5TeuHsnFsZbuoyA,lemont-illinois
https://www.ubereats.com/chicago/food-delivery/two-pints-lounge/p_BtzBNVRwqcds1VfRXnUg,lemont-illinois
https://www.ubereats.com/chicago/food-delivery/capri/wmrMYjdKRF-tmcJs_E7LvQ,lemont-illinois
https://www.ubereats.com/chicago/food-delivery/rosebud-lemont/DbSUgrRkQQCPY7kbJi38Ew,lemont-illinois
https://www.ubereats.com/chicago/food-delivery/sals-philly-palos-park/ZFJBO_IqT62JunKj0ORuQQ,lemont-illinois
https://www.ubereats.com/chicago/food-delivery/mccarthys-carry-out/tlM14dqETpW7e-S76oHO6g,lemont-illinois
https://www.ubereats.com/chicago/food-delivery/wok-n-fire/QykBeLtlRtGjLwHdnM0CcA,lemont-illinois
https://www.ubereats.com/chicago/food-delivery/mcwethys-sports-bar/6KCFj4f1RamMfI5lMcYcpw,lemont-illinois
https://www.ubereats.com/chicago/food-delivery/bakers-square-2020-75th-street/3PE5gX_0QtKuRh0sjgD__w,lemont-illinois
https://www.ubereats.com/chicago/food-delivery/starbucks-lockport-159th-%26-farrell/vG3583iRQPet718O0Y6riw,lemont-illinois
https://www.ubereats.com/chicago/food-delivery/steak-n-shake-2019-w-75th-street/bXW_XVKGQE2nANq1M8TC-A,lemont-illinois
https://www.ubereats.com/chicago/food-delivery/luna-mexicana/1U9o5UjsSgmi0knTtswdKg,lemont-illinois
https://www.ubereats.com/chicago/food-delivery/white-castle-12640-w-143rd/pmhyHXGQS8CQT9WcyDL-PQ,lemont-illinois
https://www.ubereats.com/chicago/food-delivery/dao-sushi-%26-thai-restaurant-willowbrook/i1DLWfBIS_OteYCrqvKQ8g,lemont-illinois
https://www.ubereats.com/chicago/food-delivery/clique-sports-bar/ulitmKlyR2C6EfmpfRHpbw,lemont-illinois
https://www.ubereats.com/chicago/food-delivery/illinois-bar-%26-grill/ew3ZWBsFR2WpzxRtRQEHag,lemont-illinois
https://www.ubereats.com/chicago/food-delivery/potbelly-sandwich-shop-willowbrook-%7C-94/BZNei2yRQNuSEKb3PF7Egw,lemont-illinois
https://www.ubereats.com/chicago/food-delivery/el-burrito-loco-bolingbrook-%26-briarcliff/fwZEU78LTjO2fsafbBVVCA,lemont-illinois
https://www.ubereats.com/chicago/food-delivery/tom-kellys-chophouse-%26-pub/TQYmkFctSvCUTDEhfFLV7Q,lemont-illinois
https://www.ubereats.com/chicago/food-delivery/potbelly-sandwich-shop-bolingbrook-%7C-122/aYsPS9KHRaakul1c7azkLA,lemont-illinois
https://www.ubereats.com/chicago/food-delivery/rosatis-pizza-darien/vJIbeXsQTt-O1SQmenj9sQ,lemont-illinois
https://www.ubereats.com/chicago/food-delivery/pepes-homer-glen/fHjErzYFRcKwqVQWTsr_tQ,lemont-illinois
https://www.ubereats.com/chicago/food-delivery/portillos-hot-dogs-2306-e-lincoln-hwy/Qjh-WbA8TrW8FLwQs2CWNQ,lemont-illinois
https://www.ubereats.com/chicago/food-delivery/rustic-knead/lY_xN_9HSxmMCKmrQWo-UQ,lemont-illinois
https://www.ubereats.com/chicago/food-delivery/bens-14169-s-bell-rd/RPQRoztHQESPBjmAhdKQ2w,lemont-illinois
https://www.ubereats.com/chicago/food-delivery/fatty-magoos-bar-%26-eatery/tP7H_jcBQKuVR8U2u3E9MQ,lemont-illinois
https://www.ubereats.com/chicago/food-delivery/fiesta-taco/FRLHE5rwTfaWXq28uPsqag,lemont-illinois
https://www.ubereats.com/chicago/food-delivery/pf-changs-14135-la-grange-rd/gNkPZSTQTLuy_hfOupvVlw,lemont-illinois
https://www.ubereats.com/chicago/food-delivery/rubi-agave-latin-kitchen-whiskey-and-tequila-bar/jGnRc-IaTpm7OYoceyhZ0g,lemont-illinois
https://www.ubereats.com/chicago/food-delivery/meatheads-willowbrook/z9QKaouIS0uBDHnUCSbM0g,lemont-illinois
https://www.ubereats.com/chicago/food-delivery/panda-express-75th-st-%26-lyman/tlWgd43wTpek7tDfXPGmeA,lemont-illinois
https://www.ubereats.com/chicago/food-delivery/uhmazing-blt/3lFSlCnbRpy7ox7bWGhk0w,lemont-illinois
https://www.ubereats.com/chicago/food-delivery/subway-lemont/PcbE87dJTki36Ob0jrS2oA,lemont-illinois
https://www.ubereats.com/chicago/food-delivery/pops-italian-beef-%26-sausage-lockport/rdU1ceBoS92MA1P9LoStNg,lemont-illinois
https://www.ubereats.com/chicago/food-delivery/woodgrain-neapolitan-pizzeria-bolingbrook/ffawJsDSTVKEqbPLLk95Iw,lemont-illinois
https://www.ubereats.com/chicago/food-delivery/burger-king-304-n-independence/gA0raOoRTum8dacBOMvyvA,lemont-illinois
https://www.ubereats.com/chicago/food-delivery/fannie-may-homer/oXhE35S6SSWG3nCD26x_Eg,lemont-illinois
https://www.ubereats.com/chicago/food-delivery/subway-8266-janes-ave/pK3BrwGwQvmWjhNoGQ6UXw,lemont-illinois
https://www.ubereats.com/chicago/food-delivery/dunkin-649-n-independence-blvd/gaQPqswuRquqXN_wt2FTmQ,lemont-illinois
https://www.ubereats.com/chicago/food-delivery/blueberry-hill-breakfast-cafe/jqoqOstYQU6PeLc2K87REQ,lemont-illinois
https://www.ubereats.com/chicago/food-delivery/the-fremont-bar-and-grill/xubDDutZQEygTKmRibMw8Q,lemont-illinois
https://www.ubereats.com/chicago/food-delivery/sams-triple-crown/EuSfwqD6SQOQ6YzGg9-rJQ,lemont-illinois
https://www.ubereats.com/chicago/food-delivery/indra/9Rin__JBTri4E9WMoVRgOw,lemont-illinois
https://www.ubereats.com/chicago/food-delivery/buffalo-wild-wings-7111-s-kingery-hwy/2GHjh3aWRC-Ghyigo3fNbg,lemont-illinois
https://www.ubereats.com/chicago/food-delivery/wendys-1925-boughton-road/InLQs2YtSaKfDvppqLYBIg,lemont-illinois
https://www.ubereats.com/chicago/food-delivery/desi-diner/nIw0DyDNQ1qZOfOxFAvQ9g,lemont-illinois
https://www.ubereats.com/chicago/food-delivery/mcdonalds-bell-%26-143rd-st/VupIys78QXS7mTzFAOegOg,lemont-illinois
https://www.ubereats.com/chicago/food-delivery/menchies-frozen-yogurt-7339-lemont-rd/a-mt3BXhTRe2pY3slA4LUg,lemont-illinois
https://www.ubereats.com/chicago/food-delivery/taqueria-los-paisanos/xQjsLtKGRt6YhWvm30dDyA,lemont-illinois
https://www.ubereats.com/chicago/food-delivery/checkers-drive-in-651-n-independence/pd6ai6xlRhaIV7YRKHwoxQ,lemont-illinois
https://www.ubereats.com/chicago/food-delivery/capri-ristorante-woodridge/A_M89Kw1TqibqXnbQMT2Ww,lemont-illinois
https://www.ubereats.com/chicago/food-delivery/dunkin-15629-w-127th-st/YPFudF-nQcy0_iMj75Sr9A,lemont-illinois
https://www.ubereats.com/chicago/food-delivery/dunkin-14135-s-bell-rd/ngdKSNtST5Spqy3tlcdxnw,lemont-illinois
https://www.ubereats.com/chicago/food-delivery/cracker-barrel-old-country-store-1295-lakeview-drive/Njiter6OQCSo9_66hJo58w,lemont-illinois
https://www.ubereats.com/chicago/food-delivery/starbucks-bolingbrook-weber-%26-lilly-cache/CIiMKmIoTgKjPVED3c1cig,lemont-illinois
https://www.ubereats.com/chicago/food-delivery/burrito-paradise/fmtfnyDWQE-9tLBrYOnu7g,lemont-illinois
https://www.ubereats.com/chicago/food-delivery/arbys-16545-w-159th-st/5y7eJyT4R7mLGuy2hnF2Lg,lemont-illinois
https://www.ubereats.com/chicago/food-delivery/jersey-mikes-subs-lincoln-%26-roberts/tOv67VrPQLO4A4rV-LhRyg,lemont-illinois
https://www.ubereats.com/chicago/food-delivery/buona-bolingbrook/bDlN582-QyedUbjNCZT9ZA,lemont-illinois
https://www.ubereats.com/chicago/food-delivery/chipotle-mexican-grill-15240-s-la-grange-rd/ep6BlH33QvecOfFf9RuQXQ,lemont-illinois
https://www.ubereats.com/chicago/food-delivery/ruby-kitchen/1lHAtkkSQ-SwhjBIdmJaFQ,lemont-illinois
https://www.ubereats.com/chicago/food-delivery/boston-market-285-n-weber-rd/3his1MQmRK2ZzObCK0R0Iw,lemont-illinois
https://www.ubereats.com/chicago/food-delivery/noodles-%26-company-14662-la-grange-rd-unit-b-1/i7FuDPA9Q3S6l93W_vuzkQ,lemont-illinois
https://www.ubereats.com/chicago/food-delivery/auntie-annes-308-orland-square/OfUyHxUqSlunp1GMg9kaHg,lemont-illinois
https://www.ubereats.com/chicago/food-delivery/five-guys-il-0515-15837-s-lagrange-rd/nAg3S3FmT8ax2MCbi4oNtw,lemont-illinois
https://www.ubereats.com/chicago/food-delivery/wing-society/iWZvGIEqTCSE18rnDqzYLg,lemont-illinois
https://www.ubereats.com/chicago/food-delivery/china-chef/mh5sHXAzQsao24KGFkRwZA,lemont-illinois
https://www.ubereats.com/chicago/food-delivery/portillos-hot-dogs-7195-n-kingery-highway/80_d1LPxRPioe7chox-Lvg,lemont-illinois
https://www.ubereats.com/chicago/food-delivery/pepes-hickory-hills/V5gq77GbRke6-Rbtk5LJbA,lemont-illinois
https://www.ubereats.com/chicago/food-delivery/burger-21-orland-park/6cbcbczLQJCnHcWlNYvwIw,lemont-illinois
https://www.ubereats.com/chicago/food-delivery/casa-margarita-orland-park/-40wHYuGTU64yvN04I_u-Q,lemont-illinois
https://www.ubereats.com/chicago/food-delivery/cold-stone-creamery-16135-s-la-grange-rd/W0VCTLowTCeQKmHAeIsfOw,lemont-illinois
https://www.ubereats.com/chicago/food-delivery/jens-guesthouse/cxqnxn8zRFqs6Eu92ylDxw,lemont-illinois
https://www.ubereats.com/chicago/food-delivery/european-deli-%26-subs/QDHyi0McT0Sg85xhaq5Uxw,lemont-illinois
https://www.ubereats.com/chicago/food-delivery/casa-margarita-bolingbrook/hJNglfZ0TKWztFs3zBN8CQ,lemont-illinois
https://www.ubereats.com/chicago/food-delivery/kismet-of-orland-inc/vCul6lhFTNyjDkWlfRC7Ow,lemont-illinois
https://www.ubereats.com/chicago/food-delivery/rosatis-pizza-homer-glen/at1AJCwdS7KWa02iUeSpRA,lemont-illinois
https://www.ubereats.com/chicago/food-delivery/firehouse-subs-la-grange-rd/ziTVb4dBTPqfiWiNSe-_PQ,lemont-illinois
https://www.ubereats.com/chicago/food-delivery/charlies-restaurant/UCwlinoSRQuGmc6J96HSqw,lemont-illinois
https://www.ubereats.com/chicago/food-delivery/chicago-style-grill/-R3pDMzCSZy-a-gdTHgNOg,lemont-illinois
https://www.ubereats.com/chicago/food-delivery/the-americana-diner-inside-the-greater-chicago-i-55-auto-truckstop/n_ovt7aZQJWvyImaA9xtMg,lemont-illinois
https://www.ubereats.com/chicago/food-delivery/sonic-drive-in-farrell-%26-159th-st/pSC8oiyYS-Oj96h5FAaVSQ,lemont-illinois
https://www.ubereats.com/chicago/food-delivery/dunkin-595-n-pinecrest-rd/LEQOwKlNTuaiEuGyjf3oBg,lemont-illinois
https://www.ubereats.com/chicago/food-delivery/starbucks-willowbrook-rte-83-%26-plainfield/UlO45HaKQoKMwgTQPT7T6Q,lemont-illinois
https://www.ubereats.com/chicago/food-delivery/my-way-ristorante/NVdHbJemR8OGFz0WM6peww,lemont-illinois
https://www.ubereats.com/chicago/food-delivery/fill-a-pita/TxEeurOJRb2iDcMI5uCycA,lemont-illinois
https://www.ubereats.com/chicago/food-delivery/el-famous-burrito-downers-grove/JO_X5WUsSR2-6RdSRC6CZQ,lemont-illinois
https://www.ubereats.com/chicago/food-delivery/texas-de-brazil-orland-park/3fpFb5-RR6mpv5jMSEmBVQ,lemont-illinois
https://www.ubereats.com/chicago/food-delivery/dunkin-1069-e-9th-st/wNN0uSs8RjmHmOMZTUig7w,lemont-illinois
https://www.ubereats.com/chicago/food-delivery/cedar-grill/5joC8iroTEqXY1j0WrF_4Q,lemont-illinois
https://www.ubereats.com/chicago/food-delivery/zoup!-1001-west-75th-street/vu36tcizR0a0d6R1rPbQCA,lemont-illinois
https://www.ubereats.com/chicago/food-delivery/checkers-439-n-bolingbrook-rd/Taz1vho7T3OILT2uDdAtKQ,lemont-illinois
https://www.ubereats.com/chicago/food-delivery/osaka-grill-%26-supreme-buffet/OwV0bgbzS4-TeJweJqmkHw,lemont-illinois
https://www.ubereats.com/chicago/food-delivery/mcdonalds-bolingbrook-%26-briarcliff/pLU4bHwDR5uzeHCdxQq_Pg,lemont-illinois
https://www.ubereats.com/chicago/food-delivery/q-bar-darien/F8CTpLb3Qge3M6zAWT9b5Q,lemont-illinois
https://www.ubereats.com/chicago/food-delivery/public-landing-restaurant/CvGLnBvbRryVxrDPbbL0Fw,lemont-illinois
https://www.ubereats.com/chicago/food-delivery/uncle-julios-fine-mexican-food-orland-park/pyxPGTWuQJGTxJnqsdC22w,lemont-illinois
https://www.ubereats.com/chicago/food-delivery/woodridge-caffe/4vNtq6ubQxyJNx0_bddC9Q,lemont-illinois
https://www.ubereats.com/chicago/food-delivery/dunkin-730-s-state-st/eXUNG5hdSreDdUqKF9krLA,lemont-illinois
https://www.ubereats.com/chicago/food-delivery/pza-orland-park/eKkSHwkYRKOpJONweizyWQ,lemont-illinois
https://www.ubereats.com/chicago/food-delivery/francescas-at-the-promenade/Y-sKbw5YSCW68yRGUoTZxQ,lemont-illinois
https://www.ubereats.com/chicago/food-delivery/taco-bell-76-s-weber-rd/wUU3lxt8SWK-BzVliOm9KQ,lemont-illinois
https://www.ubereats.com/chicago/food-delivery/the-lonesome-keg-llc/_iC76gDqTQ--94CE5__Asg,lemont-illinois
https://www.ubereats.com/chicago/food-delivery/babas-famous-steak-%26-lemonade-schmidt-%26-boughton/WiLkIpRWSQKsJVr0gu71Yg,lemont-illinois
https://www.ubereats.com/chicago/food-delivery/cali-girl-cakes/Igls1pTzS5S87tc5xzvIYg,lemont-illinois
https://www.ubereats.com/chicago/food-delivery/burger-king-1276-state-street/9pAc71E8QsWjajBq6H5XuA,lemont-illinois
https://www.ubereats.com/chicago/food-delivery/starbucks-lemont-127th-%26-state/SdaCIy7OQ3WAkSHwhqxS-w,lemont-illinois
https://www.ubereats.com/chicago/food-delivery/doc-watsons-smokehouse/5-TBGr96TkuKNbox4BY08w,lemont-illinois
https://www.ubereats.com/chicago/food-delivery/capri-of-downers-grove/XVCsZSVZSkmAoS19VXowkg,lemont-illinois
https://www.ubereats.com/chicago/food-delivery/honey-jam-cafe/7GRbxmojSGyICleSe0cdkw,lemont-illinois
https://www.ubereats.com/chicago/food-delivery/mcdonalds-south-la-grange-%26-144th-pl/MqI1op_wQGG7BwWkxxmORQ,lemont-illinois
https://www.ubereats.com/chicago/food-delivery/tap-house-grill-lemont/O9OZ9DoVRz-KlLmL2NcGqg,lemont-illinois
https://www.ubereats.com/chicago/food-delivery/wendys-7100-kingery-rd/u_piKav7TEWouLaSaD32qQ,lemont-illinois
https://www.ubereats.com/chicago/food-delivery/taco-bell-7419-s-cass-ave/pKxV0rdkTymUiv6bk6UJEQ,lemont-illinois
https://www.ubereats.com/chicago/food-delivery/bds-mongolian-grill-boughton-%26-janes/OYULWfh3RkaUHFHoDRtHlg,lemont-illinois
https://www.ubereats.com/chicago/food-delivery/xando-cafe/PRp76M73TXi2b3Utjjmriw,lemont-illinois
https://www.ubereats.com/chicago/food-delivery/sbarro-356-orland-square-mall-food-court/6TUj2UvRRfiZaRagqhaUig,lemont-illinois
https://www.ubereats.com/chicago/food-delivery/eds-kitchen/hS4E0iniT8eBwClLTyZ3eQ,lemont-illinois
https://www.ubereats.com/chicago/food-delivery/rosatis-pizza-lemont/ZggF0s0uRy-7qSETCqx3Vw,lemont-illinois
https://www.ubereats.com/chicago/food-delivery/paleteria-el-sabor-de-michoacan-%23-3/NjHKBc0JRMuNEo8CQW1mVQ,lemont-illinois
https://www.ubereats.com/chicago/food-delivery/mcdonalds-marquette-%26-bolingbrook/WrHhFlKHRK-CiWcc5KTRtQ,lemont-illinois
https://www.ubereats.com/chicago/food-delivery/the-irish-legend/YDPuIqkERCm4x01tPESQQQ,lemont-illinois
https://www.ubereats.com/chicago/food-delivery/roundheads-pizza-downers-grove/wMvUxymuTTSCsH33UVQcwQ,lemont-illinois
https://www.ubereats.com/chicago/food-delivery/chipotle-mexican-grill-274-s-weber-rd/tnxSgDpTRLKeCJLLoa-s0A,lemont-illinois
https://www.ubereats.com/chicago/food-delivery/cooms-corner/fBLrWJiHTDWin93kzC0-aA,lemont-illinois
https://www.ubereats.com/chicago/food-delivery/mcwethys-tavern-renwick-%26-gaylord/471DCP0hTs-LK6pJ_iIm4Q,lemont-illinois
https://www.ubereats.com/chicago/food-delivery/blissful-banana-cafe/nmrlqRVWQE6eG7ItlZ2W2A,lemont-illinois
https://www.ubereats.com/chicago/food-delivery/dunkin-18700-s-wolf-rd/SvOiI9qHT_CfvCHe1jxq_w,lemont-illinois
https://www.ubereats.com/chicago/food-delivery/la-michoacana-classic/RstW0hMsQk6ZKTW7RW0OUQ,lemont-illinois
https://www.ubereats.com/chicago/food-delivery/which-wich-superior-sandwiches-south-la-grange-%26-149th-st/iwRz7ipkRcKyPbbdnP6dOg,lemont-illinois
https://www.ubereats.com/chicago/food-delivery/captains-fish-%26-chicken-inc/TuOY8Q-mQZaQN9nfQBkOBw,lemont-illinois
https://www.ubereats.com/chicago/food-delivery/starbucks-75th-%26-lemont/L_aWYoz8QXOPgxDo_FSxzQ,lemont-illinois
https://www.ubereats.com/chicago/food-delivery/the-port-of-peri-peri-bolingbrook/nMX_4noQT7ufY8PE9QfFyA,lemont-illinois
https://www.ubereats.com/chicago/food-delivery/starbucks-bolingbrook-boughton-%26-janes/MzulR5YsQyqxjxudhLEtCA,lemont-illinois
https://www.ubereats.com/chicago/food-delivery/sunrise-sandwich-co/tFb0syuVRoKczjAPqAMSsQ,lemont-illinois
https://www.ubereats.com/chicago/food-delivery/submarine-city/_0nmL6lEQImM7cwhLAmj8Q,lemont-illinois
https://www.ubereats.com/chicago/food-delivery/panda-express-340-orland-square/7Ryze4K7RI-Ew5ARjWhzdw,lemont-illinois
https://www.ubereats.com/chicago/food-delivery/mcdonalds-9th-st-%26-read/btdrMKlKSW-KX4xeaNytgg,lemont-illinois
https://www.ubereats.com/chicago/food-delivery/otobo-sushi-%26-bar/UTQUjhMARACHR-fbjqbWzQ,lemont-illinois
https://www.ubereats.com/chicago/food-delivery/grand-dukes-restaurant-llc/gavmtMgVRaaGVQMEtjhpqA,lemont-illinois
https://www.ubereats.com/chicago/food-delivery/hopscotch-and-vine/KQdW1hvSSh-3NttI5LNZWg,lemont-illinois
https://www.ubereats.com/chicago/food-delivery/buona-orland-park/2xpmKacyTmWINfoTO8vCPw,lemont-illinois
https://www.ubereats.com/chicago/food-delivery/wendys-14115-south-bell-road/IvFA5n6pSjai2VgEQLtpIw,lemont-illinois
https://www.ubereats.com/chicago/food-delivery/the-patty-melt-co/sxttPwOERpe5oJwx4VDg7g,lemont-illinois
https://www.ubereats.com/chicago/food-delivery/taco-bell-8760-w-95th-street/Rx01zh6jSFiWeIH-KvSnwg,lemont-illinois
https://www.ubereats.com/chicago/food-delivery/arbys-1245-lakeview-drive/DDOcN3P6TEqS6nY8tIjqTQ,lemont-illinois
https://www.ubereats.com/chicago/food-delivery/aodake/vMIpF9nvQkyuO5PFGiEENA,lemont-illinois
https://www.ubereats.com/chicago/food-delivery/buffalo-wild-wings-777-e-boughton-rd/9G0OQrMhRQi-qY1r8xC_bQ,lemont-illinois
https://www.ubereats.com/chicago/food-delivery/the-alley-tap-and-grill/H41XHOLNT3qbivMNPVnnAA,lemont-illinois
https://www.ubereats.com/chicago/food-delivery/burger-king-331-s-bolingbrook-drive/ATFIkpEsRdyAF4HeqVzNSg,lemont-illinois
https://www.ubereats.com/chicago/food-delivery/cold-stone-creamery-72-south-weber-road/StjxhBmlRYKkohw-qwB0Ig,lemont-illinois
https://www.ubereats.com/chicago/food-delivery/rosatis-pizza-plainfield/x-VfTb7GRGGzWV0sr1cPNA,lemont-illinois
https://www.ubereats.com/chicago/food-delivery/outback-steakhouse-15608-harlem-avenue/e-kWyzlxS-C4YxyL9fZrAA,lemont-illinois
https://www.ubereats.com/chicago/food-delivery/dunkin-245-south-bolingbrook-drive/HWTqjXHQTuqqPmy0kkpJ4A,lemont-illinois
https://www.ubereats.com/chicago/food-delivery/submarine-city-lockport-il/51QFzFOfQTi1X1NcEqoYDw,lemont-illinois
https://www.ubereats.com/chicago/food-delivery/subway-6300-robert-kingery-hwy-%23124/Ew2GfV85Rxe-SLnJvEmZCA,lemont-illinois
https://www.ubereats.com/chicago/food-delivery/la-michoacana-del-valle/n82W2VaGT121Da3b4ldNFw,lemont-illinois
