url,city
https://www.ubereats.com/columbus/food-delivery/kilwins-dublin/1Fp2ChZRR5-0zm5cBYgWvA,lewis-center-ohio
https://www.ubereats.com/columbus/food-delivery/be-fit-cafe-powell/aJhbx6EDQMuMqSVPJQYBlA,lewis-center-ohio
https://www.ubereats.com/columbus/food-delivery/romeos-pizza-dublin-bridge-st/QREZuJJZQYGpvyHFj-Y9Ow,lewis-center-ohio
https://www.ubereats.com/columbus/food-delivery/mcdonalds-worthington-galena-%26-worthington-woods/OJIOIuKySDCJLiCjM6gDzA,lewis-center-ohio
https://www.ubereats.com/columbus/food-delivery/buca-di-beppo-worthington-wilson-bridge-road/K6pHf_w3QzePqizyArVGOw,lewis-center-ohio
https://www.ubereats.com/columbus/food-delivery/rise-pies-south-wilson/gU_FK_emTE6pRHSIc3UmIA,lewis-center-ohio
https://www.ubereats.com/columbus/food-delivery/papa-johns-7172-muirfield-drive/3g9LCY-mRRm9LrBeFb2rdA,lewis-center-ohio
https://www.ubereats.com/columbus/food-delivery/papa-johns-8304-sancus-boulevard/olp55T08RamTwX0lXnOAbA,lewis-center-ohio
https://www.ubereats.com/columbus/food-delivery/pokebap/VHNH0-18SZG4XQIAKzUsWw,lewis-center-ohio
https://www.ubereats.com/columbus/food-delivery/jets-pizza-lewis-center/g3GQHbwjQva7vl84SvVC6Q,lewis-center-ohio
https://www.ubereats.com/columbus/food-delivery/katzingers-deli-dublin/MxTakGc8TRKitD3tAk4NZQ,lewis-center-ohio
https://www.ubereats.com/columbus/food-delivery/noodletopia/JtkzHW9_RVeengYndcPxZQ,lewis-center-ohio
https://www.ubereats.com/columbus/food-delivery/starbucks-delaware-ohio/QyTQVLYBS9-C9dbScpdRpA,lewis-center-ohio
https://www.ubereats.com/columbus/food-delivery/the-brass-tap/0k7M_YcXQ-GSBnILwkg1Eg,lewis-center-ohio
https://www.ubereats.com/columbus/food-delivery/taco-bell-1429-polaris-pkwy/u5P2vnaeS5KdAlpjt6Roqw,lewis-center-ohio
https://www.ubereats.com/columbus/food-delivery/mcdonalds-wison-bridge-%26-high/jPDPhaTdRBei7YL3NNLhFA,lewis-center-ohio
https://www.ubereats.com/columbus/food-delivery/tim-hortons-7493-sawmill-rd/f66n-jBsR_yhYsSkkRmvMw,lewis-center-ohio
https://www.ubereats.com/columbus/food-delivery/crazzy-greek/zhFtAgPTTlGv7o4Z5NWZ7w,lewis-center-ohio
https://www.ubereats.com/columbus/food-delivery/mcdonalds-cleveland-%26-main/caXC8rM9S16qzg6duvn4qQ,lewis-center-ohio
https://www.ubereats.com/columbus/food-delivery/pf-changs-4040-townsfair-way/VmdWWuEYRIuVqF1WWgfwxw,lewis-center-ohio
https://www.ubereats.com/columbus/food-delivery/the-point-bar-%26-grill-at-star-lanes/klGQ7DStSGiZ_PY6T8ta-A,lewis-center-ohio
https://www.ubereats.com/columbus/food-delivery/chipotle-mexican-grill-8695-owenfield-dr/m5tSQ8riTNWjK55o4w_Y1w,lewis-center-ohio
https://www.ubereats.com/columbus/food-delivery/puerto-vallarta/9XzZGI80TGaIX_4DEWxtfg,lewis-center-ohio
https://www.ubereats.com/columbus/food-delivery/the-porch/IboG0xbFS4mdXShm1neLsg,lewis-center-ohio
https://www.ubereats.com/columbus/food-delivery/prohibition-gastro-lounge/k7i8nm2wRs-Y2M5HtUeDCw,lewis-center-ohio
https://www.ubereats.com/columbus/food-delivery/mcdonalds-gemini-%26-antares/muycw7FVTsykgMD9r7LpLw,lewis-center-ohio
https://www.ubereats.com/columbus/food-delivery/dairy-queen-treat-1519-schrock-rd/cyY5U_PFT3SFYhVqqk4Eqg,lewis-center-ohio
https://www.ubereats.com/columbus/food-delivery/papa-johns-503-south-state-street/vDpJb54DQFaTRTF-WwryKw,lewis-center-ohio
https://www.ubereats.com/columbus/food-delivery/yappy-greek/yN_m7dBbTn6EMuvnE5LMAA,lewis-center-ohio
https://www.ubereats.com/columbus/food-delivery/steak-escape-state-st/XWd5MtfIRy6et7n_7PgV2w,lewis-center-ohio
https://www.ubereats.com/columbus/food-delivery/steak-n-shake-1880-polaris-pkwy/FwhtXI18RPSrJoTdNA2zxg,lewis-center-ohio
https://www.ubereats.com/columbus/food-delivery/kfc-525-s-state-street/OjN2kMbPRxWdvfd8QK7Llw,lewis-center-ohio
https://www.ubereats.com/columbus/food-delivery/tula-taqueria/vkKoJmr4SYCfaDs-GiyfPQ,lewis-center-ohio
https://www.ubereats.com/columbus/food-delivery/bob-evans-121-7550-north-high-street/2GE3RaVnSjyCNDgDxQnaCA,lewis-center-ohio
https://www.ubereats.com/columbus/food-delivery/j-gumbos%3A-delaware/974wljMOSTSfqUWOiyUN5A,lewis-center-ohio
https://www.ubereats.com/columbus/food-delivery/hibachi-express/b50hSZAjSfaCZH9au7-gLw,lewis-center-ohio
https://www.ubereats.com/columbus/food-delivery/9605-bonefish-grill-1930-polaris-pkwy/8fcfNoKySCa8tFgnkJBbPA,lewis-center-ohio
https://www.ubereats.com/columbus/food-delivery/dakshin-indian-bistro-high-st/S5HcnvRbQ5yojxGFnYGOmg,lewis-center-ohio
https://www.ubereats.com/columbus/food-delivery/taco-bell-6140-sunbury-rd/2SZWd1oZT764mXQXBduOLg,lewis-center-ohio
https://www.ubereats.com/columbus/food-delivery/subway-8707-owenfield-dr/geDb0LV2TE2DpAsFMUHLmw,lewis-center-ohio
https://www.ubereats.com/columbus/food-delivery/wendys-1500-worthington-woods-blvd/kgt7IYKST5GD3AqGXYl5Ow,lewis-center-ohio
https://www.ubereats.com/columbus/food-delivery/panda-express-85-maxtown/rsWXvDPaQVG0A9Q71TZtUQ,lewis-center-ohio
https://www.ubereats.com/columbus/food-delivery/the-rail-dublin-marketplace/TRhPOG5tTaKbqP2cmF9ARg,lewis-center-ohio
https://www.ubereats.com/columbus/food-delivery/benihana-8781-lyra-dr/w5ZinDSoTk-OLblaIRusmA,lewis-center-ohio
https://www.ubereats.com/columbus/food-delivery/bob-evans-195-3830-tuller-road/1cg0gVAWQdipmNP_2txULg,lewis-center-ohio
https://www.ubereats.com/columbus/food-delivery/greek-express-powell-rd/hyN5uKSfRjWLgMxzsw746Q,lewis-center-ohio
https://www.ubereats.com/columbus/food-delivery/pf-changs-6135-parkcenter-circle/ZAC-P8RfSCOG2HUwS_eeCQ,lewis-center-ohio
https://www.ubereats.com/columbus/food-delivery/subway-6445-pullman-dr/OFZDiIhGSrWLbendwbSQ-g,lewis-center-ohio
https://www.ubereats.com/columbus/food-delivery/cake-walk-indian-restaurant-%26-bakery-lewis-center/HAdw8GsTSV2fQ4s9Tb_RIw,lewis-center-ohio
https://www.ubereats.com/columbus/food-delivery/keystone-pub-and-patio/eL65gBKnQDWpZrYIBeNCMw,lewis-center-ohio
https://www.ubereats.com/columbus/food-delivery/smashburger-552-s-state-st/FlsV_pRMR4ymPa09tnmEPQ,lewis-center-ohio
https://www.ubereats.com/columbus/food-delivery/steak-n-shake-5995-sawmill-rd/AzEa8E_7SROrezFuqKzQPQ,lewis-center-ohio
https://www.ubereats.com/columbus/food-delivery/dunkin-8235-n-high-st/bz73eDNITJemFq1XMh767w,lewis-center-ohio
https://www.ubereats.com/columbus/food-delivery/sunny-street-cafe-westerville/yng8W6tDR_u-74Z2h-2TXQ,lewis-center-ohio
https://www.ubereats.com/columbus/food-delivery/rebol/LaJC_BxSS-u4q5Ii6XKt_A,lewis-center-ohio
https://www.ubereats.com/columbus/food-delivery/carrabbas-8460-lyra-drive/b3Ism9jtQu--RL-yijaTsg,lewis-center-ohio
https://www.ubereats.com/columbus/food-delivery/seven-little-sliders/JuBp7o3tTECJ_kjlqsuvUA,lewis-center-ohio
https://www.ubereats.com/columbus/food-delivery/chipotle-mexican-grill-1140-polaris-pkwy/J43u1sS4TXSZkqasGX8UtA,lewis-center-ohio
https://www.ubereats.com/columbus/food-delivery/big-tonys-pizza-and-pasta/ctT7HctzQh-fPpsAN5YGFA,lewis-center-ohio
https://www.ubereats.com/columbus/food-delivery/starbucks-westerville-n-cleveland-ave/D4r_W5x2QGe87FTc0aHsAg,lewis-center-ohio
https://www.ubereats.com/columbus/food-delivery/steak-n-shake-8800-owenfield-drive/msePE1_oSeOd3kMNTuUgtQ,lewis-center-ohio
https://www.ubereats.com/columbus/food-delivery/chop5-salad-kitchen/zjgMEMf8RMWrP0YIzKjlcA,lewis-center-ohio
https://www.ubereats.com/columbus/food-delivery/tropical-smoothie-cafe-9733-sawmill-parkway/oFWYQn9lRfaNLqTKCJv_OA,lewis-center-ohio
https://www.ubereats.com/columbus/food-delivery/gigis-cupcakes-columbus/jGzxDCAGQLC2a5icmZ22Dw,lewis-center-ohio
https://www.ubereats.com/columbus/food-delivery/tim-hortons-9037-owenfield-dr/aVDmSK7DR8yvnMhb37rgFQ,lewis-center-ohio
https://www.ubereats.com/columbus/food-delivery/tim-hortons-2086-polaris-pkwy/D1PptoYGQAWL3DPaGidCug,lewis-center-ohio
https://www.ubereats.com/columbus/food-delivery/amul-india/7OmKUIjIR7ufzOhiGRchSg,lewis-center-ohio
https://www.ubereats.com/columbus/food-delivery/bheemas-indian-kitchen-and-bakery/MBhGxmo_ReyhsR9kQnODow,lewis-center-ohio
https://www.ubereats.com/columbus/food-delivery/real-deal-grill-llc/JAZtVsjxRn-oqOs6grGw1Q,lewis-center-ohio
https://www.ubereats.com/columbus/food-delivery/potbelly-sandwich-shop-polaris-%7C-85/QYUUDwqrT7aIf_cmV3-r2A,lewis-center-ohio
https://www.ubereats.com/columbus/food-delivery/five-guys-oh-1392-8607-columbus-pike/l01r96b6RfOkvg6SlqtvVA,lewis-center-ohio
https://www.ubereats.com/columbus/food-delivery/kfc-6611-sawmill-rd/Jc6Sai9CTva9BoRmpG0QqA,lewis-center-ohio
https://www.ubereats.com/columbus/food-delivery/flyers-pizza-%26-subs-presidential-pkwy/ibwo9t6OR8y1FodZbflikA,lewis-center-ohio
https://www.ubereats.com/columbus/food-delivery/first-watch-polaris/OR4or15QSL6VojWnYLJAFA,lewis-center-ohio
https://www.ubereats.com/columbus/food-delivery/the-crafty-pint/ir4zOqlsTqC-SU1udQTUQQ,lewis-center-ohio
https://www.ubereats.com/columbus/food-delivery/barry-bagels-worthington-%26-polaris/iZdXmuKBQ9WlUR0eSMDkaQ,lewis-center-ohio
https://www.ubereats.com/columbus/food-delivery/firehouse-subs-polaris-pkwy/qjdxqv8ETBif8lvKIghCnA,lewis-center-ohio
https://www.ubereats.com/columbus/food-delivery/kyoto-japanese-steakhouse/SGs8XYcCR8m_jC6aaZhxJQ,lewis-center-ohio
https://www.ubereats.com/columbus/food-delivery/papa-johns-760-north-state-street/aKhqX6T6SOeH1AxeG-xxJw,lewis-center-ohio
https://www.ubereats.com/columbus/food-delivery/ihop-40-polaris-pkwy/-UEtvuRJSCygg2Kth_D1dQ,lewis-center-ohio
https://www.ubereats.com/columbus/food-delivery/taquero-mexican-street-kitchen/TAh9h2XVTTaGqQsMBIEuQw,lewis-center-ohio
https://www.ubereats.com/columbus/food-delivery/bawarchi-indian-cuisine/RjDti_MoT1yM2GBE8VcNxA,lewis-center-ohio
https://www.ubereats.com/columbus/food-delivery/silk-road-asian-cuisine/qldZLaeKSpSFxzBEYJ9YkQ,lewis-center-ohio
https://www.ubereats.com/columbus/food-delivery/taco-bell-1167-columbus-pike/W48cudGURzWXa6IdIB3HlQ,lewis-center-ohio
https://www.ubereats.com/columbus/food-delivery/saigon-baguette-%26-coffee/EmvI1ZvbT3WDCkmMp5ykSw,lewis-center-ohio
https://www.ubereats.com/columbus/food-delivery/outback-steakhouse-2704-bethel-road/kIBNmG3ITVaDWxUvTAVDQg,lewis-center-ohio
https://www.ubereats.com/columbus/food-delivery/poke-bros-1065-gemini-pl/6bl-_iSMT_KiyY1zIDrbyA,lewis-center-ohio
https://www.ubereats.com/columbus/food-delivery/hot-head-burritos-26-north-sandusky-st/i2xvLxL8S6-DjDmXuQ3tXg,lewis-center-ohio
https://www.ubereats.com/columbus/food-delivery/smashburger-8715-owenfield-dr/w5O1Tps3R7qXfJydnqha0Q,lewis-center-ohio
https://www.ubereats.com/columbus/food-delivery/tim-hortons-6259-sunbury-road/tuv8enGTTwWpJm-fNtrzQw,lewis-center-ohio
https://www.ubereats.com/columbus/food-delivery/wendys-185-south-sandusky-street/S7yPqmeKQCSCYoICUaebtA,lewis-center-ohio
https://www.ubereats.com/columbus/food-delivery/kraft-house-no-5/DJQplikzTjKpt1u_CXLx1A,lewis-center-ohio
https://www.ubereats.com/columbus/food-delivery/the-pub-polaris-pkwy/lojhv1ZaSKKM_wwDAxt4WQ,lewis-center-ohio
https://www.ubereats.com/columbus/food-delivery/el-vaquero-dublin-rd/wxJ_9QKST9SkUeABla3Zrw,lewis-center-ohio
https://www.ubereats.com/columbus/food-delivery/eggholic/vHE-9EDHQUaWlkRMfPkl-g,lewis-center-ohio
https://www.ubereats.com/columbus/food-delivery/first-watch-westerville/hxMqyB2tQ0y9hevCYtCL_A,lewis-center-ohio
https://www.ubereats.com/columbus/food-delivery/hyderabad-house-indian-cusine/qwLrMf7wSXmsrDChV3-nTQ,lewis-center-ohio
https://www.ubereats.com/columbus/food-delivery/mod-pizza-polaris/OMQP-eQUTpKC0OLSeA3jHw,lewis-center-ohio
https://www.ubereats.com/columbus/food-delivery/carfagnas-kitchen/UVHKjIxRRzejgBm0vPbHMw,lewis-center-ohio
https://www.ubereats.com/columbus/food-delivery/tropical-smoothie-cafe-8928-lyra-drive/rGTD6WGCRoqTSg47iGUUKg,lewis-center-ohio
https://www.ubereats.com/columbus/food-delivery/first-watch-worthington/5zTcEhMgTyutuJw9PJdcdg,lewis-center-ohio
https://www.ubereats.com/columbus/food-delivery/starbucks-powell-oh/PQ3jmtzgTqWpxHj2fx3VNQ,lewis-center-ohio
https://www.ubereats.com/columbus/food-delivery/buffalo-wild-wings-807-polaris-pkwy/18bJXqOvQMqXwAz1BczFCg,lewis-center-ohio
https://www.ubereats.com/columbus/food-delivery/rude-dog-bar-%26-grill-polaris/1qMfDkJPQhyW3XiMUuo3cw,lewis-center-ohio
https://www.ubereats.com/columbus/food-delivery/dairy-queen-treat-920-high-st/rWoCsFpFTVKt_jYQz7m5YQ,lewis-center-ohio
https://www.ubereats.com/columbus/food-delivery/zoup!-522-polaris-pkwy/Ih2Ezq8USfW8HdaJX_wFtg,lewis-center-ohio
https://www.ubereats.com/columbus/food-delivery/starbucks-polaris-parkway-and-sancus-blvd/ebvPpFdeSAaZBNaW9f-ccA,lewis-center-ohio
https://www.ubereats.com/columbus/food-delivery/pho-fast/DKT2etM2RSuTouSV0EHtNQ,lewis-center-ohio
https://www.ubereats.com/columbus/food-delivery/hc-way-campus-way/uh7H5LsrSwa1axP-WXA7YA,lewis-center-ohio
https://www.ubereats.com/columbus/food-delivery/sbarro-1500-polaris-parkway/lhVnW52tRqW0MYUUv2ljgw,lewis-center-ohio
https://www.ubereats.com/columbus/food-delivery/mcdonalds-state-%26-polaris-woods/8XyAdFrPSsWGz8R_t3Fs_A,lewis-center-ohio
https://www.ubereats.com/columbus/food-delivery/tostadalicious/YU_4MSZYSKCH6hp_XuRtnA,lewis-center-ohio
https://www.ubereats.com/columbus/food-delivery/condado-tacos-dublin/pb-5FH_EQvqnPMy_wmgo1w,lewis-center-ohio
https://www.ubereats.com/columbus/food-delivery/cake-walk-indian-restaurant-and-bakery/Ews_v33LSwO12twe4KJ5AA,lewis-center-ohio
https://www.ubereats.com/columbus/food-delivery/atlas-tavern/6GeZENgvRaOlP55DL4nrIw,lewis-center-ohio
https://www.ubereats.com/columbus/food-delivery/sunny-street-cafe-sancus/40NyVv1QQqyi36ln-cXYbg,lewis-center-ohio
https://www.ubereats.com/columbus/food-delivery/ocharleys-1425-polaris-pkwy/lVJy49a3QSGqGoQkC2aW7w,lewis-center-ohio
https://www.ubereats.com/columbus/food-delivery/chile-verde-gemini/8cs-BjBCSza7YkcQJrB4kg,lewis-center-ohio
https://www.ubereats.com/columbus/food-delivery/victors-taco-shop/dbxMHKd-Sbidp742Miegyw,lewis-center-ohio
https://www.ubereats.com/columbus/food-delivery/kfc-1671-e-dublin-granville-rd/-EFbk6SAQ9uVBV7I3QQzQQ,lewis-center-ohio
https://www.ubereats.com/columbus/food-delivery/mitchells-fish-market-1408-polaris-parkway/Qeeu_N2uQ4i_XZWUeZCm4w,lewis-center-ohio
https://www.ubereats.com/columbus/food-delivery/tasty-hands/7w_OmXYwRL2n0Lm_nn4w7Q,lewis-center-ohio
https://www.ubereats.com/columbus/food-delivery/subway-7558-worthington-galena/EAmrL-oOTCCj2npK3hzyLQ,lewis-center-ohio
https://www.ubereats.com/columbus/food-delivery/jersey-mikes-subs-polaris-parkway/RnwmrHXyT0KPaFWQ5C6OWg,lewis-center-ohio
https://www.ubereats.com/columbus/food-delivery/great-asian-restaurant-county-line-rd/vSLexDqcTniWeFaWlO2EMA,lewis-center-ohio
https://www.ubereats.com/columbus/food-delivery/graeters-ice-cream-powell/hdTcFc6_RmCQWlE-IYj24Q,lewis-center-ohio
https://www.ubereats.com/columbus/food-delivery/rollz-rice/XgLC_QdNRDKjtkUlQmatxA,lewis-center-ohio
https://www.ubereats.com/columbus/food-delivery/saffron-indian-grill/LD_1aSErTlSmNy3U3Zyr1Q,lewis-center-ohio
https://www.ubereats.com/columbus/food-delivery/fukuryu-ramen-bridge-park-%26-mooney/g6NiLPnjQQ2BjQsw2Cp1YA,lewis-center-ohio
https://www.ubereats.com/columbus/food-delivery/azteca-mexican-grill/G1V0Se_dQiyOeGPK4z_DTw,lewis-center-ohio
https://www.ubereats.com/columbus/food-delivery/101-beer-kitchen-westerville/WwhV0_6gSviTW_-WL62zyA,lewis-center-ohio
https://www.ubereats.com/columbus/food-delivery/mcdonalds-meadow-park-%26-columbus/ZYX5C4Q4RFy5Py8c1-q9XA,lewis-center-ohio
https://www.ubereats.com/columbus/food-delivery/corner-bakery-cafe-1478-gemini-pl/_F1T3ON7SLiVPP9z93RAew,lewis-center-ohio
https://www.ubereats.com/columbus/food-delivery/fiesta-bar-%26-grill/kh9-DA2xRCSTS4cRGH1G0Q,lewis-center-ohio
https://www.ubereats.com/columbus/food-delivery/wendys-8450-n-high-st/q6jfyZVXRb2OIVxm8bx-DQ,lewis-center-ohio
https://www.ubereats.com/columbus/food-delivery/buffalo-wild-wings-3878-attucks-dr/y0YNo4qSSJO1q2Evosqzeg,lewis-center-ohio
https://www.ubereats.com/columbus/food-delivery/yabos-tacos-westerville/Rct-JEQUSvC5auIjA3TX0g,lewis-center-ohio
https://www.ubereats.com/columbus/food-delivery/harry-buffalo-westerville/6s5Cjo_OTO-e3Qf263Aq1Q,lewis-center-ohio
https://www.ubereats.com/columbus/food-delivery/quaker-steak-%26-lube-8500-lyra-drive/3LzYlfSLRuyluE9aiZcziw,lewis-center-ohio
https://www.ubereats.com/columbus/food-delivery/wing-snob-sawmill-road/PNVpn-c5Qxi7r-wjTnuIzQ,lewis-center-ohio
https://www.ubereats.com/columbus/food-delivery/onellys-sports-pub-%26-grill/nJsVHdlpTA-nejInufrjjg,lewis-center-ohio
https://www.ubereats.com/columbus/food-delivery/bob-evans-428-841-north-state-street/qVYR-yLZRt2mCwxuNuPHVQ,lewis-center-ohio
https://www.ubereats.com/columbus/food-delivery/wendys-8655-columbus-pike/y5_kh6SRS-CcmmxvlXlUcw,lewis-center-ohio
https://www.ubereats.com/columbus/food-delivery/donatos-pizza-powell/LKQPqjfNTYyeMilRAHWnFw,lewis-center-ohio
https://www.ubereats.com/columbus/food-delivery/kfc-1300-cameron-avenue/mCsJHjkNSF6mJzePBlVhqQ,lewis-center-ohio
https://www.ubereats.com/columbus/food-delivery/wendys-5771-maxtown-road/fR4-YPJqQViDTZm4ysNk3A,lewis-center-ohio
https://www.ubereats.com/columbus/food-delivery/blue-ginger/Bz73iuyZT42LKqPZzgZIPg,lewis-center-ohio
https://www.ubereats.com/columbus/food-delivery/mcdonalds-attucks-%26-sawmill-powell/DQeQgKJJSkihnmr3FDEUQA,lewis-center-ohio
https://www.ubereats.com/columbus/food-delivery/daawat-indian-bistro/fPWBVM-lSWmlQFV9eDlwSw,lewis-center-ohio
https://www.ubereats.com/columbus/food-delivery/rapid-fired-pizza-state-st/ivQkNBTsRWuF_XHH1FFNOA,lewis-center-ohio
https://www.ubereats.com/columbus/food-delivery/krispy-kreme-polaris-pkwy-%26-gemini-pkwy/drOrp8udSwqb0ATbO1w84Q,lewis-center-ohio
https://www.ubereats.com/columbus/food-delivery/burger-king-8667-columbus-pike/5LZ1SZghQW6Gmt-CaHAv9w,lewis-center-ohio
https://www.ubereats.com/columbus/food-delivery/buffalo-wings-%26-rings-8661-columbus-pike/aRhd16PeSnqlRaenCQKI5A,lewis-center-ohio
https://www.ubereats.com/columbus/food-delivery/tim-hortons-2415-schrock-rd/1_KO0WKPQO2YCLmKJp8fKA,lewis-center-ohio
https://www.ubereats.com/columbus/food-delivery/tim-hortons-6850-hospital-dr/v1H-YPZzRU-Y7RmL6fgYuw,lewis-center-ohio
https://www.ubereats.com/columbus/food-delivery/chipotle-mexican-grill-9733-sawmill-pkwy/MRSSUWBxQYGVMJkmapLMBg,lewis-center-ohio
https://www.ubereats.com/columbus/food-delivery/starbucks-crosswood-commons/-UpuTzMsS-OZDUQxP0zCVw,lewis-center-ohio
https://www.ubereats.com/columbus/food-delivery/clean-juice-665-worthington-rd/18hXnBzrSb6shiF1jlUJMw,lewis-center-ohio
https://www.ubereats.com/columbus/food-delivery/dairy-queen-treat-811-park-rd/hQ41kUmoROO1kR-okLanwg,lewis-center-ohio
https://www.ubereats.com/columbus/food-delivery/papa-johns-7430-sawmill-road/Y5n6MjDzRj23mk0Nza6BJA,lewis-center-ohio
https://www.ubereats.com/columbus/food-delivery/be-fit-cafe-westerville/AgjLYL7oTQOclmw2VYfSWw,lewis-center-ohio
https://www.ubereats.com/columbus/food-delivery/noodles-%26-company-630-n-state-st/CmQzYbJ7S7uB6weNpuOckQ,lewis-center-ohio
https://www.ubereats.com/columbus/food-delivery/woodys-wing-house/8Byjx7sbTcq6SVn2yk-KTQ,lewis-center-ohio
https://www.ubereats.com/columbus/food-delivery/panera-204803/IDEBGaDUTpiU6YUYhjG1gQ,lewis-center-ohio
https://www.ubereats.com/columbus/food-delivery/tim-hortons-8333-north-high-st/SVr-oFzORyWpmfs8ivPvxA,lewis-center-ohio
https://www.ubereats.com/columbus/food-delivery/potbelly-sandwich-shop-dublin-%7C-74/G5g4vGKtQVCBVE-V9eUuEw,lewis-center-ohio
https://www.ubereats.com/columbus/food-delivery/101-beer-kitchen-dublin/1_eLgPsMT769Kmp12OJ6lQ,lewis-center-ohio
https://www.ubereats.com/columbus/food-delivery/jersey-mikes-subs/pMIlbPpxSRGGM-NMH2HtOg,lewis-center-ohio
https://www.ubereats.com/columbus/food-delivery/kfc-134-south-sandusky-street/ELoZ7FMYTn6XGvUorkWZuw,lewis-center-ohio
https://www.ubereats.com/columbus/food-delivery/java-central-cafe-%26-roasters/uuL8QbpKQtmfBXBPN-nTOw,lewis-center-ohio
https://www.ubereats.com/columbus/food-delivery/chipotle-mexican-grill-6590-sawmill-rd/BCApas45RlSW4Fzt5XgfaQ,lewis-center-ohio
https://www.ubereats.com/columbus/food-delivery/corner-cafe-restaurant/S4VvQCAiS6uBP-QfgdIIYg,lewis-center-ohio
https://www.ubereats.com/columbus/food-delivery/five-guys-oh-0391-2134-polaris-pkwy/6c8h49-kTAq79Bi8reoaVw,lewis-center-ohio
https://www.ubereats.com/columbus/food-delivery/arbys-680-s-state-st/vgYoSRMmSMusXp0sA0FcGw,lewis-center-ohio
https://www.ubereats.com/columbus/food-delivery/taco-bell-2777-billingsley-rd/YbxlNAGZSFy-fXy4vEjkgQ,lewis-center-ohio
https://www.ubereats.com/columbus/food-delivery/yabos-tacos-w-powell/ZUj7Y78ARfCKYcZWKd8tjw,lewis-center-ohio
https://www.ubereats.com/columbus/food-delivery/taco-bell-7960-worthington-galena-road/DYlOk2gbQoicibmDGDz0OQ,lewis-center-ohio
https://www.ubereats.com/columbus/food-delivery/ocharleys-6285-cleveland-ave/60YovF3hSLW9uRKuwEsWqg,lewis-center-ohio
https://www.ubereats.com/columbus/food-delivery/panda-express-1388-gemini-place-gemini-place-towne-center/kLth62wZR1SqPm7aQ9llVA,lewis-center-ohio
https://www.ubereats.com/columbus/food-delivery/little-dragons-chinese-restaurant/nQ4F9d3IR2247Uruqe3n2w,lewis-center-ohio
https://www.ubereats.com/columbus/food-delivery/aangan-india-bistro/x098-jfCQgK1SZxwjDjAcQ,lewis-center-ohio
https://www.ubereats.com/columbus/food-delivery/dennys-7735-state-rd-rt-37/VD1CaxI0R9OXxceE2yloXQ,lewis-center-ohio
https://www.ubereats.com/columbus/food-delivery/wendys-3455-n-cleveland-ave/MUvlEsJaR5qm685YsNR_bg,lewis-center-ohio
https://www.ubereats.com/columbus/food-delivery/bjs-restaurant-%26-brewhouse-1414-polaris-parkway/s-Asof-0Q0-O3KmgvNUV9g,lewis-center-ohio
https://www.ubereats.com/columbus/food-delivery/firebirds-wood-fired-grill-8760-sancus-blvd/Qz35_gKBQaSbNncRPwExYg,lewis-center-ohio
https://www.ubereats.com/columbus/food-delivery/mcalisters-deli-7664-sawmill-road/Ji2OqaG1QEinGMFbvjvY1g,lewis-center-ohio
https://www.ubereats.com/columbus/food-delivery/hamburger-inn-diner/-_ca6acDQ66vZh1wFGOcRg,lewis-center-ohio
https://www.ubereats.com/columbus/food-delivery/luigis-city-pizza/5oVLLShJQFmLo_kgajyUIw,lewis-center-ohio
https://www.ubereats.com/columbus/food-delivery/thai-lagoon-bistro/eXK7K7AYTd20oFnWUxELGQ,lewis-center-ohio
https://www.ubereats.com/columbus/food-delivery/the-whitney-house/WRE-zd3SSPKIUSg5hYk15g,lewis-center-ohio
https://www.ubereats.com/columbus/food-delivery/frutimix/d4pOGOVWT2egrfKHEjqWmA,lewis-center-ohio
https://www.ubereats.com/columbus/food-delivery/panda-house/tpewZpWhTdqMoHs530oMag,lewis-center-ohio
https://www.ubereats.com/columbus/food-delivery/papa-johns-8730-moreland-drive/2DdT4z7tSv65iovdq8PGpA,lewis-center-ohio
https://www.ubereats.com/columbus/food-delivery/white-castle-8787-owenfield-dr/Arx3udeoSniqgGCSJb-B0A,lewis-center-ohio
https://www.ubereats.com/columbus/food-delivery/fresh-38/T00paLD0S9-0VQe9ZloH4Q,lewis-center-ohio
https://www.ubereats.com/columbus/food-delivery/cottage-inn-pizza-market-exchange-%26-lazelle/OKKjsg23Ty2p3i3KWf7ixg,lewis-center-ohio
https://www.ubereats.com/columbus/food-delivery/the-late-night-taco/L46ZE4jcRLqKfd02WXZxaA,lewis-center-ohio
https://www.ubereats.com/columbus/food-delivery/estilo-brazil-cafe/P4o1yqMRS_ifxF47xlPmkw,lewis-center-ohio
https://www.ubereats.com/columbus/food-delivery/marcus-theaters-columbus/zk112hwyQOW_rijaxowzKA,lewis-center-ohio
https://www.ubereats.com/columbus/food-delivery/starbucks-worthington-north-high-street/xrqE9joQQa2wecE-W94rFw,lewis-center-ohio
https://www.ubereats.com/columbus/food-delivery/saigon-asian-bistro/0JsUQBgcQ8CDgE2S8lhS0A,lewis-center-ohio
https://www.ubereats.com/columbus/food-delivery/vaqueiros-real-mexican-street-food/xXe9t7XrQTWef2p55pn3Bw,lewis-center-ohio
https://www.ubereats.com/columbus/food-delivery/poke-bros-westerville/zQf0nGfgRK21hruZ-iZRxg,lewis-center-ohio
https://www.ubereats.com/columbus/food-delivery/mod-pizza-sawmill-road/hz_bgr3kTWKuTUfs9mDvKA,lewis-center-ohio
https://www.ubereats.com/columbus/food-delivery/amanos/kN4mGDn5Qsym7sW8XD_C8Q,lewis-center-ohio
https://www.ubereats.com/columbus/food-delivery/charlies-chicken/Rp96fMwHRF65kutW74Fxjw,lewis-center-ohio
https://www.ubereats.com/columbus/food-delivery/el-vaquero/goLCrE6cS-W-xJr5mFJldw,lewis-center-ohio
https://www.ubereats.com/columbus/food-delivery/tim-hortons-89-wwilliam-st/PDyAjLkvT5KVRDCOwstzEw,lewis-center-ohio
https://www.ubereats.com/columbus/food-delivery/laguna-mexican-street-food-%26-ice-cream/3HJBHb_iQaardCKEOE9Img,lewis-center-ohio
https://www.ubereats.com/columbus/food-delivery/charleys-philly-steaks-1500-polaris-pkwy/gV948FdURiyjmF6OJ0hWiA,lewis-center-ohio
https://www.ubereats.com/columbus/food-delivery/applebees-1161-polaris-parkway/vhk7Jg2OTz2Hw5oht7hYIA,lewis-center-ohio
https://www.ubereats.com/columbus/food-delivery/cold-stone-creamery-1089-polaris-pkwy/hLoChMNjRL2tteuXHn97Mw,lewis-center-ohio
https://www.ubereats.com/columbus/food-delivery/mellow-mushroom-polaris/bB6GayAPSJukFqnE3uyFaQ,lewis-center-ohio
https://www.ubereats.com/columbus/food-delivery/chipotle-mexican-grill-6776-perimeter-loop-rd/fT0ZQ8l2QQigeGt_QjKtcg,lewis-center-ohio
https://www.ubereats.com/columbus/food-delivery/red-lobster-1270-polaris-parkway/U2cOQ7PtTbSIEeisj5SgCg,lewis-center-ohio
https://www.ubereats.com/columbus/food-delivery/wendys-1850-columbus-pike/Tn17dlExRU-LCZH6kJonMA,lewis-center-ohio
https://www.ubereats.com/columbus/food-delivery/starbucks-lewis-center-olentangy-crossing/tEgVUku-R2aDGTJwzPsP7g,lewis-center-ohio
https://www.ubereats.com/columbus/food-delivery/california-pizza-kitchen-1500-polaris-pkwy-sp%231238/zGQJJqGBTySWxdYxTfaslg,lewis-center-ohio
https://www.ubereats.com/columbus/food-delivery/asterisk-supper-club/Fbx1d4HjQc-ypcvvBuQBPA,lewis-center-ohio
https://www.ubereats.com/columbus/food-delivery/j-liu-restaurant-%26-bar-worthington/ClpkLuXURgOnr6Yk7XQqOg,lewis-center-ohio
https://www.ubereats.com/columbus/food-delivery/mcdonalds-orion-%26-polaris/8SflxtO5R7Kmywcejy_J9Q,lewis-center-ohio
https://www.ubereats.com/columbus/food-delivery/cracker-barrel-old-country-store-60-fourwinds-drive/UUMhXm9mTXOl6xpb371YIA,lewis-center-ohio
https://www.ubereats.com/columbus/food-delivery/borgata-pizza-cafe/cqOxntkbTd2FJEf0328Ojg,lewis-center-ohio
https://www.ubereats.com/columbus/food-delivery/burger-king-1360-gemini-place/h8oebCeERJuJdbx4bXEmyA,lewis-center-ohio
https://www.ubereats.com/columbus/food-delivery/golden-china/smD7iD38QP-PFRnggmgvfg,lewis-center-ohio
https://www.ubereats.com/columbus/food-delivery/duck-donuts-825-polaris-pkwy/Nr7Lt4k-Tr6fBpOCMUKyFg,lewis-center-ohio
https://www.ubereats.com/columbus/food-delivery/great-american-cookies-1500-polaris-parkway/FtO0-biATjC96bWdOh36Eg,lewis-center-ohio
https://www.ubereats.com/columbus/food-delivery/noodles-%26-company-1528-gemini-pl/rKxafbFkTUGcobRuNwbbUg,lewis-center-ohio
https://www.ubereats.com/columbus/food-delivery/ra-sushi-bar-8718-lyra-drive/aH-vOxu9SF-xt9H-Fbs0rw,lewis-center-ohio
https://www.ubereats.com/columbus/food-delivery/red-robin-603-1021-gemini-pl/fE6j4V4oQ7a5HuNi-UqKiA,lewis-center-ohio
https://www.ubereats.com/columbus/food-delivery/hot-head-burritos-high-st/3db3hoO5RNaYR3NvUWDsBA,lewis-center-ohio
https://www.ubereats.com/columbus/food-delivery/sunny-street-cafe-dublin/LWZWsbt-SU2fdw4LE7NoRQ,lewis-center-ohio
https://www.ubereats.com/columbus/food-delivery/tommy-obryans-pub/6PRMEhfcQt6zHyxuahKgjg,lewis-center-ohio
https://www.ubereats.com/columbus/food-delivery/fujiyama-steakhouse-of-japan/K-vZQDKISd2GKQSpFmBuGQ,lewis-center-ohio
https://www.ubereats.com/columbus/food-delivery/tim-hortons-772-s-state-st/jrCUPCqPRkOnht-vBBBOIg,lewis-center-ohio
https://www.ubereats.com/columbus/food-delivery/tim-hortons-3700-discovery-ln/QTeNyS5ETbGJpPhORe6M9Q,lewis-center-ohio
https://www.ubereats.com/columbus/food-delivery/tupelo-doughnuts/Fxp8a4igQ0esP3MLapSV3w,lewis-center-ohio
https://www.ubereats.com/columbus/food-delivery/condado-tacos-polaris/7NTbwhDGR0yQgDuVwtf84Q,lewis-center-ohio
https://www.ubereats.com/columbus/food-delivery/arbys-8673-columbus-pike/Szzc7txeTv65qtdlfW8zcg,lewis-center-ohio
https://www.ubereats.com/columbus/food-delivery/chipotle-mexican-grill-641-s-state-st/vMJIsbRsSIeY5RW0gn0eog,lewis-center-ohio
https://www.ubereats.com/columbus/food-delivery/jenis-splendid-ice-creams-dublin/CNFT-JlPSSCBnht0pyCuLA,lewis-center-ohio
https://www.ubereats.com/columbus/food-delivery/dairy-queen-grill-%26-chill-211-w-cherry-st/K_8lSlzkQhOIMauLZjHVOA,lewis-center-ohio
https://www.ubereats.com/columbus/food-delivery/bubbles-tea-and-juice-co-dublin/MHRUnkzARsmwa6N3MX7x7Q,lewis-center-ohio
https://www.ubereats.com/columbus/food-delivery/pablos-havana-cafe/c7Yfgnl3S5Kwiar3bmhuEA,lewis-center-ohio
https://www.ubereats.com/columbus/food-delivery/simply-rolled-ice-cream/8zefuelkSgOVNtWwr-89QQ,lewis-center-ohio
https://www.ubereats.com/columbus/food-delivery/menchies-frozen-yogurt-7545-sawmill-rd/x-8JqI1DS2qt0edc5LRT9A,lewis-center-ohio
https://www.ubereats.com/columbus/food-delivery/bob-evans-481-9891-brewster-lane/4NsA14NVTseL9Zf-Jo4xyw,lewis-center-ohio
https://www.ubereats.com/columbus/food-delivery/buffalo-wild-wings-475-n-houk-rd/9YydlHxESN6VlPCvRbKpUw,lewis-center-ohio
https://www.ubereats.com/columbus/food-delivery/vaqueros-restaurant/fBasayX9TXGF_4Fco6Gc_Q,lewis-center-ohio
https://www.ubereats.com/columbus/food-delivery/papa-johns-108-south-sandusky/YYoFRPdeRtCOCzo-cUuWlQ,lewis-center-ohio
https://www.ubereats.com/columbus/food-delivery/bibibop-asian-grill-1500-polaris-parkway-suite-5/pprcUrfZS9KA6w1OkB_4Ow,lewis-center-ohio
https://www.ubereats.com/columbus/food-delivery/greek-express-sancus-blvd/VjCQe0y8SNaKEVEML5ve6A,lewis-center-ohio
https://www.ubereats.com/columbus/food-delivery/sushi-ko-japanese-restaurant/wEPfDELZQumbHp4zsAyv_g,lewis-center-ohio
https://www.ubereats.com/columbus/food-delivery/sunny-street-cafe-sawmill/Uw7n6kjbQl-qb5-g8EotFw,lewis-center-ohio
https://www.ubereats.com/columbus/food-delivery/bob-evans-99-23-huber-village-boulevard/H5yki4XwQTaX98OqWmDUAA,lewis-center-ohio
https://www.ubereats.com/columbus/food-delivery/bob-evans-394-46-hornbeam-lane/cszz--fDTFWJzUnBCkSn8w,lewis-center-ohio
https://www.ubereats.com/columbus/food-delivery/chipotle-mexican-grill-1710-columbus-pike-ste-220/288VM0nTRvuWdcM-JzOLHA,lewis-center-ohio
https://www.ubereats.com/columbus/food-delivery/buffalo-wild-wings-6595-perimeter-loop-rd/UPg5WupkTyCb7dDSvsR0yA,lewis-center-ohio
https://www.ubereats.com/columbus/food-delivery/chipotle-mexican-grill-63-maxtown-rd/AYfj_LDbQhm4eFgJR9EYuA,lewis-center-ohio
https://www.ubereats.com/columbus/food-delivery/siam-orchid-thai-restaurant/FguNM5QyRa-ScnK8E8Padg,lewis-center-ohio
https://www.ubereats.com/columbus/food-delivery/bibibop-asian-grill-1281-polaris-pkwy/nQ6xnGnWRTSE1cULS0TAjA,lewis-center-ohio
https://www.ubereats.com/columbus/food-delivery/godavari/-NSpLaguRpCuWFiiXI5wyQ,lewis-center-ohio
https://www.ubereats.com/columbus/food-delivery/vitality-juicery/WEfIGxdoQb-ZpRAgZnmjJA,lewis-center-ohio
https://www.ubereats.com/columbus/food-delivery/brio-1500-polaris-pkwy/eKYaV8h1Tdadqfxd7JC-sA,lewis-center-ohio
https://www.ubereats.com/columbus/food-delivery/j%26ds-place/luGkCCrpREy_ooixFxNkQQ,lewis-center-ohio
https://www.ubereats.com/columbus/food-delivery/jets-pizza-powell/aZ_k6Ax8Rxij9SOCwOg9fA,lewis-center-ohio
https://www.ubereats.com/columbus/food-delivery/graeters-ice-cream-polaris/Fw2r6vK_Tr-EfnCnn2nCRQ,lewis-center-ohio
https://www.ubereats.com/columbus/food-delivery/wendys-4003-powell-road/HhLjduL5TluueS2ZlUJr_Q,lewis-center-ohio
https://www.ubereats.com/columbus/food-delivery/arbys-5711-maxtown-rd/ztxGXwsvTZmhTfLHAT5jTQ,lewis-center-ohio
https://www.ubereats.com/columbus/food-delivery/bob-evans-193-1301-columbus-pike/gkFTp18TQ2Onan0w-mbJdg,lewis-center-ohio
https://www.ubereats.com/columbus/food-delivery/atlas-tavern/ZFZ7QHUTRj2s9JDuZBVMjA,lewis-center-ohio
https://www.ubereats.com/columbus/food-delivery/everest-cuisine/Xwh89D_GRt6n17-02m8w2A,lewis-center-ohio
https://www.ubereats.com/columbus/food-delivery/duck-donuts-7717-sawmill-rd/fK0qrCYmQqOKBiL6iNNtCg,lewis-center-ohio
https://www.ubereats.com/columbus/food-delivery/donatos-pizza-122-s-sandusky-st/6DotOWBERhefH9y6e6Yvrw,lewis-center-ohio
https://www.ubereats.com/columbus/food-delivery/a-matter-of-steak-dublin/EmzZzmyVS6yIJ5U1Q9GHXw,lewis-center-ohio
https://www.ubereats.com/columbus/food-delivery/j-gilberts-2-e-campus-view-blvd/XxGyK0PORvScBgn4hGJEpQ,lewis-center-ohio
https://www.ubereats.com/columbus/food-delivery/wing-squad-worthington/Og1gwC4zSoGknY6i3mNs6g,lewis-center-ohio
https://www.ubereats.com/columbus/food-delivery/charleys-philly-steaks-polaris-towne-center/6sa5jPKaSve-EAzjRhUQnQ,lewis-center-ohio
https://www.ubereats.com/columbus/food-delivery/rallys-5895-karl-road/UhBSP10-SRy41pWt96BkLg,lewis-center-ohio
https://www.ubereats.com/columbus/food-delivery/the-fat-girl-bakery/1Al72ACHTiW61l-ZOUzQxQ,lewis-center-ohio
https://www.ubereats.com/columbus/food-delivery/tomatillos-authentic-mexican/zFaFwU-aThG1nADS1udV6g,lewis-center-ohio
https://www.ubereats.com/columbus/food-delivery/bubbles-tea-%26-juice-co-polaris/xiSCMhqXQTaMVBPFaYfnFA,lewis-center-ohio
https://www.ubereats.com/columbus/food-delivery/donatos-pizza-cameron-ave/VfxsODH-QxC5LjMIyycidw,lewis-center-ohio
https://www.ubereats.com/columbus/food-delivery/chipotle-mexican-grill-191-e-campus-view-blvd/Xmb_Fu1PT4e-hXszSVXXxA,lewis-center-ohio
https://www.ubereats.com/columbus/food-delivery/wendys-8585-lyra-drive/NNrTxxg8T1y3PU2X1EQSAw,lewis-center-ohio
https://www.ubereats.com/columbus/food-delivery/eat-greek/RYbacTj3QZGNrhNLOXTxCQ,lewis-center-ohio
https://www.ubereats.com/columbus/food-delivery/cold-stone-creamery-762-n-state-st/qShJiP13To62ZQ_plhkr0A,lewis-center-ohio
https://www.ubereats.com/columbus/food-delivery/cafe-istanbul-riverside-%26-harding/wU0lPM1SRK6K6rjVDCCnww,lewis-center-ohio
https://www.ubereats.com/columbus/food-delivery/subway-16-south-sandusky/lxevczgYR8uSAwLGztfwlw,lewis-center-ohio
https://www.ubereats.com/columbus/food-delivery/blaze-pizza-7166-n-high-st/dIDoBVGuQACbrBnspQpPNQ,lewis-center-ohio
https://www.ubereats.com/columbus/food-delivery/carsonies/b6N88HLSTNi2KYWggBfyGw,lewis-center-ohio
