url,city
https://www.ubereats.com/new-jersey/food-delivery/dunkin-1238-chews-landing-rd/3M3h0yG7QTaAJ90OGTObyg,lindenwold-new-jersey
https://www.ubereats.com/new-jersey/food-delivery/tropical-smoothie-cafe-521a-berlin-cross-keys-road/MC4m0pbiSLC9gSnjhbbdXw,lindenwold-new-jersey
https://www.ubereats.com/new-jersey/food-delivery/plaza-azteca-restaurant/agsEhg7CSqivLcz972Xaag,lindenwold-new-jersey
https://www.ubereats.com/new-jersey/food-delivery/viet-pho/-EgOa2YIQC6BC7Xthd9-kg,lindenwold-new-jersey
https://www.ubereats.com/new-jersey/food-delivery/luigis-family-restaurant-%26-pizzeria/yzJScGMbT0aNzB4eeAvaNw,lindenwold-new-jersey
https://www.ubereats.com/new-jersey/food-delivery/wendys-1381-blackwood-clementon-road/r4YVDmbRR8WCEpg5Qm0JqA,lindenwold-new-jersey
https://www.ubereats.com/new-jersey/food-delivery/arbys-100-black-horse-pike/eGMRCfeYR4y1nJj8Ejgehg,lindenwold-new-jersey
https://www.ubereats.com/new-jersey/food-delivery/cold-stone-creamery-304-greentree-road/4GVJW27rRL-Fj6ACpsQrgQ,lindenwold-new-jersey
https://www.ubereats.com/new-jersey/food-delivery/mssweeteas-comfort-food-cafe/2n3SZzyATnWEFafeB0e2PQ,lindenwold-new-jersey
https://www.ubereats.com/new-jersey/food-delivery/wendys-1001-whitehorse-road/lJGq8lIbS_OfTEAIJOypOg,lindenwold-new-jersey
https://www.ubereats.com/new-jersey/food-delivery/mount-masala/T0yGF6sbSJWCFrTSsePKnA,lindenwold-new-jersey
https://www.ubereats.com/new-jersey/food-delivery/chipotle-mexican-grill-629-cross-keys-rd-ste-c/7i_X9q73R36__aaVLk5SgA,lindenwold-new-jersey
https://www.ubereats.com/new-jersey/food-delivery/saladworks-914-n-route-73/zphrWa6eQxKiN6hCxCiw7g,lindenwold-new-jersey
https://www.ubereats.com/new-jersey/food-delivery/dunkin-900-route-73-s/7GRVt_yJSa6Q95T1hk8b7A,lindenwold-new-jersey
https://www.ubereats.com/new-jersey/food-delivery/bertuccis-gloucester/GZTpgLZwSnGRo6cnmCNhug,lindenwold-new-jersey
https://www.ubereats.com/new-jersey/food-delivery/wawa-392-2-somersdale-rd/rH34j8mCQ1GBV5KREHMacw,lindenwold-new-jersey
https://www.ubereats.com/new-jersey/food-delivery/boston-market-891-hurffville-rd/KGLtsQUCQ5Kiv1mmZ9jEPg,lindenwold-new-jersey
https://www.ubereats.com/new-jersey/food-delivery/mcdonalds-582-berlin-cross-keys-rd/QzfVuqQ9SGSkXn7QzFcFTA,lindenwold-new-jersey
https://www.ubereats.com/new-jersey/food-delivery/ihop-285-route-73-north/hAX6aZkDQ36ZStFGoQ6V1A,lindenwold-new-jersey
https://www.ubereats.com/new-jersey/food-delivery/reytas-filipino-cuisine/d347dT_DRNWZctTE2dclxw,lindenwold-new-jersey
https://www.ubereats.com/new-jersey/food-delivery/amici-ristorante/oCrlOS7AQ4GfcPdJTBaxgA,lindenwold-new-jersey
https://www.ubereats.com/new-jersey/food-delivery/ephesus-grill/ztEw1OFYRcSy-2-cOa4dkg,lindenwold-new-jersey
https://www.ubereats.com/new-jersey/food-delivery/smashburger-698-delsea-dr-n/lag6jmSBTlmz2WBGO5TdoQ,lindenwold-new-jersey
https://www.ubereats.com/new-jersey/food-delivery/dunkin-460-hursville-crosskeys-rd/fnosBF4tToSO32PtHv-uWQ,lindenwold-new-jersey
https://www.ubereats.com/new-jersey/food-delivery/carlos-bakery-marlton/aLb-mbV8SwGPXZm57Rq0yA,lindenwold-new-jersey
https://www.ubereats.com/new-jersey/food-delivery/eagle-diner/svM7f9-NTkSf36TqajSKAQ,lindenwold-new-jersey
https://www.ubereats.com/new-jersey/food-delivery/frutta-bowls/ENUVPziFQuui1Ui79kL_ZA,lindenwold-new-jersey
https://www.ubereats.com/new-jersey/food-delivery/dairy-queen-treat-4840-route-42/8eCAOHE-RDSkAM_HqVXTgw,lindenwold-new-jersey
https://www.ubereats.com/new-jersey/food-delivery/taco-bell-1515-blackwood-clementon-rd/aEy08RduRMCCGZjO8Q1k_A,lindenwold-new-jersey
https://www.ubereats.com/new-jersey/food-delivery/starbucks-gloucester-premium-outlets/d9TWiaCrRbyFrmsQozlFbQ,lindenwold-new-jersey
https://www.ubereats.com/new-jersey/food-delivery/dunkin-111-cross-keys-rd/D3qVz0OpRvC0_svxb1fFHA,lindenwold-new-jersey
https://www.ubereats.com/new-jersey/food-delivery/krispy-krunchy-chicken-2100-mount-empraim-ave/ycmX-dXFQKa3vLG9urg47g,lindenwold-new-jersey
https://www.ubereats.com/new-jersey/food-delivery/starbucks-1490-blackwood-clementon-road/wg8U0L8tQVK6IQuhQOox7w,lindenwold-new-jersey
https://www.ubereats.com/new-jersey/food-delivery/applebees-455-cross-keys-road-%2375055/-95WiWWtTwqZPF1tNRuNMQ,lindenwold-new-jersey
https://www.ubereats.com/new-jersey/food-delivery/ritas-italian-ice-511-erial-rd/2lG5de0cSoGaTMvjVg9oEw,lindenwold-new-jersey
https://www.ubereats.com/new-jersey/food-delivery/pikpon-thai/5m9-e75kTJ-PceI5WrBtYA,lindenwold-new-jersey
https://www.ubereats.com/new-jersey/food-delivery/dunkin-604-rt-47/IUoIxElKRqaLC8W_jrswng,lindenwold-new-jersey
https://www.ubereats.com/new-jersey/food-delivery/mexican-mariachi-grill-glassboro/0iglfhywR_qxylctc6w8jA,lindenwold-new-jersey
https://www.ubereats.com/new-jersey/food-delivery/little-caesars-1265-blackwood-clementon-rd/LjTSWAmRQp-l86gcuDzyhA,lindenwold-new-jersey
https://www.ubereats.com/new-jersey/food-delivery/the-bean-street-cafe/o4X0O9AqSsePWnPt-k8NyA,lindenwold-new-jersey
https://www.ubereats.com/new-jersey/food-delivery/taste-of-szechuan/RmQ552iSS7qla3n8HwGm9g,lindenwold-new-jersey
https://www.ubereats.com/new-jersey/food-delivery/taco-bell-845-williamstown-erial-road/fYi3njjlRSGpJ47aIL6zOg,lindenwold-new-jersey
https://www.ubereats.com/new-jersey/food-delivery/nimit-indian-kitchen/MtL7SEiSQ3-IZZVJVYcpEg,lindenwold-new-jersey
https://www.ubereats.com/new-jersey/food-delivery/mama-nuccios-pizzeria/3DCP5oznQFiCYXNVmzSxGQ,lindenwold-new-jersey
https://www.ubereats.com/new-jersey/food-delivery/dinner-bell/J8vzq648Tg2qQXDxJ9zo_Q,lindenwold-new-jersey
https://www.ubereats.com/new-jersey/food-delivery/panera-1200-white-horse-road/gwFg5292RoK7XrfAqdFilw,lindenwold-new-jersey
https://www.ubereats.com/new-jersey/food-delivery/wendys-500-berlin-cross-keys-road/eD88MtX6T9GZ3JlbvLchqw,lindenwold-new-jersey
https://www.ubereats.com/new-jersey/food-delivery/wendys-69-route-73/_DlknpQkQaW7Uhbu320mQA,lindenwold-new-jersey
https://www.ubereats.com/new-jersey/food-delivery/muscle-maker-grill-4991-route-42/CNmB-KDlQ3eBMZCGArIB3Q,lindenwold-new-jersey
https://www.ubereats.com/new-jersey/food-delivery/haitian-american-cuisine/WlL8JX4GS9utNZWT8WNwcg,lindenwold-new-jersey
https://www.ubereats.com/new-jersey/food-delivery/applebees-1102-route-73/7chw4TjsTzi6yvZrnVZnSg,lindenwold-new-jersey
https://www.ubereats.com/new-jersey/food-delivery/dunkin-1551-hurffville-rd/wM6EdCPFRRGVxDL0y_Su-A,lindenwold-new-jersey
https://www.ubereats.com/new-jersey/food-delivery/t-swirl-crepe/K3IFwUpASt6iB_seQkjwww,lindenwold-new-jersey
https://www.ubereats.com/new-jersey/food-delivery/cono-pizza-%26-ice-cream/eF10QmO0R3CKVU6bKBwWmw,lindenwold-new-jersey
https://www.ubereats.com/new-jersey/food-delivery/boston-market-5716-black-horse-pike/uBsCnWFBQcafauaCB0XAsg,lindenwold-new-jersey
https://www.ubereats.com/new-jersey/food-delivery/soulsations-kitchen/IAmAKxfAT7eQ_lJGaFx4kA,lindenwold-new-jersey
https://www.ubereats.com/new-jersey/food-delivery/auntie-annes-100-premium-outlets-dr-spc-%23475/ytk8-AjxTqCeGdx9b7pOMQ,lindenwold-new-jersey
https://www.ubereats.com/new-jersey/food-delivery/arbys-804-white-horse-pike/sJpW47NgRH-9D7hXVFuB-A,lindenwold-new-jersey
https://www.ubereats.com/new-jersey/food-delivery/jalapenos-grill-2-oaklyn/KZQP5-zlQhiJ60JkHc42Rw,lindenwold-new-jersey
https://www.ubereats.com/new-jersey/food-delivery/new-chinatown-restaurant/p8qaCV9ZTvqnK5AN7ToWpw,lindenwold-new-jersey
https://www.ubereats.com/new-jersey/food-delivery/dunkin-1-s-lakeview-dr/v8WWcUtfSa6ljkQ5SOJefA,lindenwold-new-jersey
https://www.ubereats.com/new-jersey/food-delivery/friendlys-647-cross-keys-rd/wUl5q4qkTeOxYN3go07o2A,lindenwold-new-jersey
https://www.ubereats.com/new-jersey/food-delivery/duck-donuts-101-south-route-73-suite-141/u0bwuSDiQDa8e6Qd2xV65g,lindenwold-new-jersey
https://www.ubereats.com/new-jersey/food-delivery/zoes-kitchen-500-route-73-south-ste-b-7/4IyjaisKT_690YSV0H_C5Q,lindenwold-new-jersey
https://www.ubereats.com/new-jersey/food-delivery/coffee-%26-creams-southwest-grill/tuqf6ZatSMWJUxQaYBGKrQ,lindenwold-new-jersey
https://www.ubereats.com/new-jersey/food-delivery/crab-du-jour-turnersville/fmk_p7A6SKe2gXG3N9pIAQ,lindenwold-new-jersey
https://www.ubereats.com/new-jersey/food-delivery/primohoagies-151-s-black-horse-pike/nIRXy5qjRNqPtBugTvlIjg,lindenwold-new-jersey
https://www.ubereats.com/new-jersey/food-delivery/jersey-mikes-908-route-73-north/Wn-S_Dl5TsCbypno-FgYIQ,lindenwold-new-jersey
https://www.ubereats.com/new-jersey/food-delivery/scarpinatos-cucina-%26-catering/FfeMQ-CkRwO9TzKtFXLlng,lindenwold-new-jersey
https://www.ubereats.com/new-jersey/food-delivery/mod-pizza-marlton-square/VT9jlf8YQzqXSw3QyFc6WQ,lindenwold-new-jersey
https://www.ubereats.com/new-jersey/food-delivery/pizza-hut-1488-blackwood-clementon-rd/CnsC28WNQsS9ttSOoLvSvQ,lindenwold-new-jersey
https://www.ubereats.com/new-jersey/food-delivery/marlton-diner/2UeW0RHySpG3g0M59f222A,lindenwold-new-jersey
https://www.ubereats.com/new-jersey/food-delivery/five-guys-nj-1269-161-rt-73-south/d3eV2sBIRgiWxGJGH-Qecw,lindenwold-new-jersey
https://www.ubereats.com/new-jersey/food-delivery/jersey-mikes-subs-910-haddonfield-berlin-rd/aUT6aYo8T3umgoE312hCyg,lindenwold-new-jersey
https://www.ubereats.com/new-jersey/food-delivery/chick-fil-a-1170-white-horse-rd/Lyxmpw4xTtW_tMlRAOhhyw,lindenwold-new-jersey
https://www.ubereats.com/new-jersey/food-delivery/marcellos-ristorante-%26-pizzeria/fAFyrrJqRKa26wWRRt-qHg,lindenwold-new-jersey
https://www.ubereats.com/new-jersey/food-delivery/don-tequila/6YFumgVCTYWL2ljBfhq1kg,lindenwold-new-jersey
https://www.ubereats.com/new-jersey/food-delivery/papa-thai-chef/w1o4KLDHSrW-WubycKOVxQ,lindenwold-new-jersey
https://www.ubereats.com/new-jersey/food-delivery/new-berlin-diner/kDs11VO_QpCyATuHjEhnag,lindenwold-new-jersey
https://www.ubereats.com/new-jersey/food-delivery/boiling-house/rTefHyOQRaS29YvGzM7hjA,lindenwold-new-jersey
https://www.ubereats.com/new-jersey/food-delivery/tao-yuan-bistro/izZ_V-emT1SQtP_MDtFGKA,lindenwold-new-jersey
https://www.ubereats.com/new-jersey/food-delivery/dunkin-583-berlin-cross-keys-road/UUdUX9aBR0KByr6KztuI4w,lindenwold-new-jersey
https://www.ubereats.com/new-jersey/food-delivery/dunkin-5400-route-42/4AIkVlBBSIKCguDwQkvduw,lindenwold-new-jersey
https://www.ubereats.com/new-jersey/food-delivery/brio-500-route-73-south/Ja_cK9qmSjKtUL6PAX_tlQ,lindenwold-new-jersey
https://www.ubereats.com/new-jersey/food-delivery/tilted-kilt-cross-keys-rd/0KGSc0LMQ8-ZK7SQ32mU6Q,lindenwold-new-jersey
https://www.ubereats.com/new-jersey/food-delivery/bertuccis-515-north-route-73/CQdnou4vRwmg4o7vGWw7cw,lindenwold-new-jersey
https://www.ubereats.com/new-jersey/food-delivery/tony-sopranos-pizza-%26-ristorante-somerdale/aijlFYNGRhe8Zw5-F7KE_Q,lindenwold-new-jersey
https://www.ubereats.com/new-jersey/food-delivery/el-mariachi-san-lucas/L9OMtxJ7TkiakKdWefWG0A,lindenwold-new-jersey
https://www.ubereats.com/new-jersey/food-delivery/chipotle-mexican-grill-700-haddonfield-berlin-rd-ste-40c/HvYNCN19QMigtObLlnot-g,lindenwold-new-jersey
https://www.ubereats.com/new-jersey/food-delivery/casa-nostra/8lmek-o1SA29LsDPyg4gaA,lindenwold-new-jersey
https://www.ubereats.com/new-jersey/food-delivery/mirabella-ristorante-italiano/0O7J-FsKSEG3esSVlUqsNg,lindenwold-new-jersey
https://www.ubereats.com/new-jersey/food-delivery/grilly-cheese-new-jersey/Y3TEPss2ReuTSWZh6K9NIg,lindenwold-new-jersey
https://www.ubereats.com/new-jersey/food-delivery/healthy-garden-and-gourmet-pizza-voorhees/rkvSenZqRhWQmLQIE7Bo4g,lindenwold-new-jersey
https://www.ubereats.com/new-jersey/food-delivery/burger-king-175-north-black-horse-pike/NdrmsKZcRniXrkOEWivAkg,lindenwold-new-jersey
https://www.ubereats.com/new-jersey/food-delivery/wawa-0981-2700-sicklerville-rd/ibTgNXqBQHyjVpfFNGAhiw,lindenwold-new-jersey
https://www.ubereats.com/new-jersey/food-delivery/jzs-fishwing/aT3opLu_QoCE_2cAgch3wQ,lindenwold-new-jersey
https://www.ubereats.com/new-jersey/food-delivery/tandoori-kabab/r3VZv2N5QUme2sUxMZL3QQ,lindenwold-new-jersey
https://www.ubereats.com/new-jersey/food-delivery/wendys-1149-hurffville-road/G-Yxs3jGRr22VOvzjBQMjg,lindenwold-new-jersey
https://www.ubereats.com/new-jersey/food-delivery/not-just-pizza/CUvW8zbvQOW0dRNpv_NY4w,lindenwold-new-jersey
https://www.ubereats.com/new-jersey/food-delivery/tgi-fridays-1408-turnersville-nj/vlG0J7JeSrmS1qVH_WJ1-Q,lindenwold-new-jersey
https://www.ubereats.com/new-jersey/food-delivery/thai-basil/3vqTOFJtRNKAidOCY5HtMw,lindenwold-new-jersey
https://www.ubereats.com/new-jersey/food-delivery/auntie-annes-1750-deptford-center-rd-space-2b-19ab/El-dRyXJQ5625hwO5rfovA,lindenwold-new-jersey
https://www.ubereats.com/new-jersey/food-delivery/voorhees-diner/c3U4CQxtQfK8lQnxAyoxJg,lindenwold-new-jersey
https://www.ubereats.com/new-jersey/food-delivery/chipotle-mexican-grill-882-route-73-n-ste-a/GByu5N8BQIen7Qg88nQSmQ,lindenwold-new-jersey
https://www.ubereats.com/new-jersey/food-delivery/dunkin-501-erial-rd/7j70h01UQ_qSVcTBRVHryA,lindenwold-new-jersey
https://www.ubereats.com/new-jersey/food-delivery/saladworks-1692-clements-bridge-road/Gb7mmXblSA2kvjQ2SFGrpg,lindenwold-new-jersey
https://www.ubereats.com/new-jersey/food-delivery/kfc-1140-blackwood-clementon-rd/TzlpW136ROS-iCeL1QjU1A,lindenwold-new-jersey
https://www.ubereats.com/new-jersey/food-delivery/thai-chili-88/_JAbzF6ZQMa4fNSUxr6VgA,lindenwold-new-jersey
https://www.ubereats.com/new-jersey/food-delivery/indian-villa-curry-n-cakes/Js4H3btJQia_PkIeqka3oA,lindenwold-new-jersey
https://www.ubereats.com/new-jersey/food-delivery/kfc-rt-130-%26-browning-road/5VFv7kzgSfiCjdrql5TD3Q,lindenwold-new-jersey
https://www.ubereats.com/new-jersey/food-delivery/friendlys-1220-hurffville-rd/K2UGrj9DQEmKeVLuUEfaKA,lindenwold-new-jersey
https://www.ubereats.com/new-jersey/food-delivery/wild-wing-cafe-barrington/2j9Zdry7SnyfWyuzqILkVg,lindenwold-new-jersey
https://www.ubereats.com/new-jersey/food-delivery/saladworks-116-walker-avenue-space-7f/ELEd4952SKm5mY2TSqgJ3A,lindenwold-new-jersey
https://www.ubereats.com/new-jersey/food-delivery/dunkin-1120-white-horse-rd/atsIzcOaSAe8oWUz49D-5w,lindenwold-new-jersey
https://www.ubereats.com/new-jersey/food-delivery/dunkin-709-n-black-horse-pk/IGqm1YT9QcyujN-6VLW7Wg,lindenwold-new-jersey
https://www.ubereats.com/new-jersey/food-delivery/tgi-fridays-632-marlton-evesham-nj/-n_5WG0UQRuAH0lnYuEYCg,lindenwold-new-jersey
https://www.ubereats.com/new-jersey/food-delivery/red-robin-661-1750-deptford-center-rd/9uioeuXGQKWHUJiMjwWA2A,lindenwold-new-jersey
https://www.ubereats.com/new-jersey/food-delivery/primohoagies-581-berlin-crosskeys-rd/WFj_bxXETVeliywnFyZpcg,lindenwold-new-jersey
https://www.ubereats.com/new-jersey/food-delivery/dolsot-house-korean-restaurant/BYSoRv25QFycR6ZdBqN2-w,lindenwold-new-jersey
https://www.ubereats.com/new-jersey/food-delivery/dunkin-1215-sr-73/lkCHURq4Q16xLKODwlimXg,lindenwold-new-jersey
https://www.ubereats.com/new-jersey/food-delivery/bennys-brick-oven-pizzeria/yYWAIwLgSFaDttIB42WQAg,lindenwold-new-jersey
https://www.ubereats.com/new-jersey/food-delivery/pancheros-mexican-grill-1058-n-delsea-dr/z6UCcowNRwm6AlZwSfhfag,lindenwold-new-jersey
https://www.ubereats.com/new-jersey/food-delivery/outback-steakhouse-4600-route-42/9KCW7UWeSIm0jGYIR-qGmQ,lindenwold-new-jersey
https://www.ubereats.com/new-jersey/food-delivery/annies-cafe/wL_HxHVPSq6DJb86j6_0AQ,lindenwold-new-jersey
https://www.ubereats.com/new-jersey/food-delivery/royal-buffet-sushi-%26-hibachi/j8ROYk0wT0GQzd1Lfveixw,lindenwold-new-jersey
https://www.ubereats.com/new-jersey/food-delivery/cracker-barrel-old-country-store-1240-route-73/n3hjbhGCSJSYz0x6e4FiBQ,lindenwold-new-jersey
https://www.ubereats.com/new-jersey/food-delivery/honeygrow-1586-kings-highway-n/gRM18vSbT5e_LHJvcxEfGg,lindenwold-new-jersey
https://www.ubereats.com/new-jersey/food-delivery/chickies-%26-petes-marlton/SP9UTLvoTmuUZlGwsm3TkQ,lindenwold-new-jersey
https://www.ubereats.com/new-jersey/food-delivery/marias-restaurante/-tg4Vw1mTh6zkIPXFkvoxg,lindenwold-new-jersey
https://www.ubereats.com/new-jersey/food-delivery/cono-pizza-%26-ice-cream-glendora/LT8zmI7iQvC_vggXlydPKQ,lindenwold-new-jersey
https://www.ubereats.com/new-jersey/food-delivery/popeyes-1223-blackwood-clementon-rd/I3ojvTHZTkKKT8h3pE2xQg,lindenwold-new-jersey
https://www.ubereats.com/new-jersey/food-delivery/applebees-880-berlin-road-%2392039/jMfyxMxSTAS6f346ho0MxQ,lindenwold-new-jersey
https://www.ubereats.com/new-jersey/food-delivery/playa-bowls-rowan/rfOSJay-TiKA4Trw-MFm8g,lindenwold-new-jersey
https://www.ubereats.com/new-jersey/food-delivery/dads-deli-%26-catering/3DrFxvN7SN6kosHb7CB56A,lindenwold-new-jersey
https://www.ubereats.com/new-jersey/food-delivery/arbys-5600-rte-42/QpaYlopZSxKb2jl4B8zW4w,lindenwold-new-jersey
https://www.ubereats.com/new-jersey/food-delivery/tejas-grill/Aq8C86eEQ3u8e2kDsxxvIg,lindenwold-new-jersey
https://www.ubereats.com/new-jersey/food-delivery/uno-pizzeria-%26-grill-1162-hurffville-road/H6iRdC3nSZSOBE6RO_1Fzg,lindenwold-new-jersey
https://www.ubereats.com/new-jersey/food-delivery/blue-fig-cafe/tC9_RpxHSu29_OIgNrtgYw,lindenwold-new-jersey
https://www.ubereats.com/new-jersey/food-delivery/honeygrow-323-west-route-70/1L0mDDe7S1-Gqqm47ymk6A,lindenwold-new-jersey
https://www.ubereats.com/new-jersey/food-delivery/clean-plate-meal-prep/cqWyLghkSxGamU7tZBdpeg,lindenwold-new-jersey
https://www.ubereats.com/new-jersey/food-delivery/dunkin-1399-north-delsea-drive/qyLtoC8kRBilJTSioCWsaA,lindenwold-new-jersey
https://www.ubereats.com/new-jersey/food-delivery/amici-restaurant/tWfpXDV3SN6AU8WBMHODoQ,lindenwold-new-jersey
https://www.ubereats.com/new-jersey/food-delivery/seasons-pizza-stratford/cHkbg7BWRc-Dm0tKnQzVHA,lindenwold-new-jersey
https://www.ubereats.com/new-jersey/food-delivery/caribbean-paradise-jerk-center/QJK_Qd8lSfaqK5aZWx_HSw,lindenwold-new-jersey
https://www.ubereats.com/new-jersey/food-delivery/krispy-krunchy-chicken-123-south-white-horse-pike/4fE4xplTTam2EPUGm1Sr3Q,lindenwold-new-jersey
https://www.ubereats.com/new-jersey/food-delivery/sicklerville-soul/JPawUPWDSZG-Hr-py5o_Zw,lindenwold-new-jersey
https://www.ubereats.com/new-jersey/food-delivery/pancheros-mexican-grill-221-greentree-rd/gHHgkuA3TrqZDS_lD7KDFw,lindenwold-new-jersey
https://www.ubereats.com/new-jersey/food-delivery/haagen-dazs-shop-1750-deptford-center-road/v_t002psQXaRe0m695uVtA,lindenwold-new-jersey
https://www.ubereats.com/new-jersey/food-delivery/sushi-king/_hZXRcWSTveYS-FHkFcd8g,lindenwold-new-jersey
https://www.ubereats.com/new-jersey/food-delivery/treesys-soul-food-cafe/-iUte3hVQeiLETIA6khQ3g,lindenwold-new-jersey
https://www.ubereats.com/new-jersey/food-delivery/eden-korean-restaurant/P-82ZdsOTPK8sEXZgCNEFw,lindenwold-new-jersey
https://www.ubereats.com/new-jersey/food-delivery/dunkin-901-old-marlton-pike-west/J_aGJmyeQXOJND67gSY2LA,lindenwold-new-jersey
https://www.ubereats.com/new-jersey/food-delivery/arbys-299-route-73-n/1X0rfCsMTDWxPSvyV-WOIA,lindenwold-new-jersey
https://www.ubereats.com/new-jersey/food-delivery/wendys-310-whitehorse-pike-n/7-h-vwOoQ4OqvKantsMvXA,lindenwold-new-jersey
https://www.ubereats.com/new-jersey/food-delivery/wing-squad-gloucester/xgNNfbLoSs2Snn5ebNBgWQ,lindenwold-new-jersey
https://www.ubereats.com/new-jersey/food-delivery/dooneys-pub-voorhees/jshlTfLCTtWDDnRLvgfmlA,lindenwold-new-jersey
https://www.ubereats.com/new-jersey/food-delivery/arbys-220-n-maple-ave/Y4nRhzOKTSOXxUOJbg33Og,lindenwold-new-jersey
https://www.ubereats.com/new-jersey/food-delivery/ollie-gators-pub/zdFYe1qbTl6xuMd6BD3kPA,lindenwold-new-jersey
https://www.ubereats.com/new-jersey/food-delivery/pancheros-mexican-grill-4325-dearborn-circle/PtkA8G_wS_eubmZs15CBUw,lindenwold-new-jersey
https://www.ubereats.com/new-jersey/food-delivery/pizza-bolis-lindenwold/Ev_iyYUoRPenl0I4gVZznQ,lindenwold-new-jersey
https://www.ubereats.com/new-jersey/food-delivery/maryanns-pizza/eRMLXlnCRQqRn910GMVTjg,lindenwold-new-jersey
https://www.ubereats.com/new-jersey/food-delivery/burger-king-593-route-73-north/F8vp0BOJQGaYASiYMod36g,lindenwold-new-jersey
https://www.ubereats.com/new-jersey/food-delivery/wayback-burger-152-state-route-73/MJTJ8962TU-zL9LZrKVOAQ,lindenwold-new-jersey
https://www.ubereats.com/new-jersey/food-delivery/lai-thai-cuisine/2UDrHBoZQ5Wm5Qf6dOuhjA,lindenwold-new-jersey
https://www.ubereats.com/new-jersey/food-delivery/five-guys-nj-0316/AmTbL6KFQAqyJSFqbF2GKQ,lindenwold-new-jersey
https://www.ubereats.com/new-jersey/food-delivery/la-polpetta/KStZnGSXSwmIRHf6PBVj8A,lindenwold-new-jersey
https://www.ubereats.com/new-jersey/food-delivery/on-the-border-mt-laurel/IKjntLWgSaKeuRfFdRftnQ,lindenwold-new-jersey
https://www.ubereats.com/new-jersey/food-delivery/bobby-chez-cherry-hill/HPqmT2M4SomxNJ2HaaQJRw,lindenwold-new-jersey
https://www.ubereats.com/new-jersey/food-delivery/mcdonalds-1521-blackwood-clementon-road/025u4uj6TnmaZ_xyNxEdHA,lindenwold-new-jersey
https://www.ubereats.com/new-jersey/food-delivery/rodizio-grill-voorhees/hRGKU969T2Kg6IF2QjbzGw,lindenwold-new-jersey
https://www.ubereats.com/new-jersey/food-delivery/taco-bell-198-n-route-73/PeE02fFeS6yfQPX_LKwLfw,lindenwold-new-jersey
https://www.ubereats.com/new-jersey/food-delivery/primohoagies-604-haddon-avenue/ipEyavduRlqbHAv3tbAJqQ,lindenwold-new-jersey
https://www.ubereats.com/new-jersey/food-delivery/select-pizza-%7C-grill-washington-township/jzbh-KweSiKCMCQghPj0bQ,lindenwold-new-jersey
https://www.ubereats.com/new-jersey/food-delivery/the-ice-cream-shop/9LI2i-jaTpSwZVkE6yTCQg,lindenwold-new-jersey
https://www.ubereats.com/new-jersey/food-delivery/hen-vietnamese-eatery/3MUx1JTwSa-aMoUJ82K5eQ,lindenwold-new-jersey
https://www.ubereats.com/new-jersey/food-delivery/il-villaggio/OG97dIu_TfCi-BCXSPAAXQ,lindenwold-new-jersey
https://www.ubereats.com/new-jersey/food-delivery/maryanns-pizza/aLqZsQa0Sxywm6gAVJl72g,lindenwold-new-jersey
https://www.ubereats.com/new-jersey/food-delivery/tonys-pizza/Q-3TIdGkShquNJYb8drHhg,lindenwold-new-jersey
https://www.ubereats.com/new-jersey/food-delivery/popeyes-188-n-route-73/-OgMQI7iT5aSJ_dXnI-Lzg,lindenwold-new-jersey
https://www.ubereats.com/new-jersey/food-delivery/five-guys-nj-0260-493-berlin-cross-keys-rd/WvKf0uqRTIqQHk5mEsuzIA,lindenwold-new-jersey
https://www.ubereats.com/new-jersey/food-delivery/caribbean-paradise-washington-township/r67Bxj94S4qooW_5LGteFQ,lindenwold-new-jersey
https://www.ubereats.com/new-jersey/food-delivery/taco-bell-401-s-whitehorse-pike/v7TWR0-CSdaIxRspRygq1A,lindenwold-new-jersey
https://www.ubereats.com/new-jersey/food-delivery/dunkin-651-college-drive/1o-6EPVWRvaOgMrz6ZP4sQ,lindenwold-new-jersey
https://www.ubereats.com/new-jersey/food-delivery/no-1-china-chinese-restaurant/lyyaljKAR_eeftO_kD_k8A,lindenwold-new-jersey
https://www.ubereats.com/new-jersey/food-delivery/good-taste-chinese-restaurant/rxRUdbg_QcSBAQwZ6a2QKg,lindenwold-new-jersey
https://www.ubereats.com/new-jersey/food-delivery/buffalo-wild-wings-1598-nixon-dr/TPN3FhvVQG6r8tZDkIhHrg,lindenwold-new-jersey
https://www.ubereats.com/new-jersey/food-delivery/red-lobster-301-i-north-almonesson-road/C7wjYT3BQIiRNKqkL-Tyow,lindenwold-new-jersey
https://www.ubereats.com/new-jersey/food-delivery/wing-squad-marlton/4MV_weVCQiOaYKiU9gZOpA,lindenwold-new-jersey
https://www.ubereats.com/new-jersey/food-delivery/local-links-market-cafe/oCywBIscR8utqWpPbJClBg,lindenwold-new-jersey
https://www.ubereats.com/new-jersey/food-delivery/loco-burgers/CRCIGMlURQKbmMXApQadjQ,lindenwold-new-jersey
https://www.ubereats.com/new-jersey/food-delivery/roma-pizza-840-s-route-73/Wv0bqFXWQl6GuFx8bMa5SA,lindenwold-new-jersey
https://www.ubereats.com/new-jersey/food-delivery/ihop-334-berlin-cross-keys-road/9dLHiSOYTUeIoEQU-znPsg,lindenwold-new-jersey
https://www.ubereats.com/new-jersey/food-delivery/dunkin-1031-route-73-n/JDIFKRFWRTakWFybB9eiYQ,lindenwold-new-jersey
https://www.ubereats.com/new-jersey/food-delivery/papa-marios-pizza/VrlR7BgRREOTmSv9DbS6iQ,lindenwold-new-jersey
https://www.ubereats.com/new-jersey/food-delivery/moes-southwest-grill-1692-clements-bridge-road/YZ0PuPZtR_GcTRcbtaa2Cw,lindenwold-new-jersey
https://www.ubereats.com/new-jersey/food-delivery/papa-johns-617-stokes-road-suite-5/ReMwm72cRSSdKHFjIn4V7A,lindenwold-new-jersey
https://www.ubereats.com/new-jersey/food-delivery/nimit-indian-kitchen-voorhees/FWTZH5WPRau9VEock0lhnw,lindenwold-new-jersey
https://www.ubereats.com/new-jersey/food-delivery/saladworks-404-e-route-70/5MCNfdQRSRebX4BZoFHZjg,lindenwold-new-jersey
https://www.ubereats.com/new-jersey/food-delivery/jamrock-reggae-soul/hQR9HlamRXezdMVe7eicbQ,lindenwold-new-jersey
https://www.ubereats.com/new-jersey/food-delivery/boujee-burgers/6uF2KMNnTu6KJz5tqPhC7A,lindenwold-new-jersey
https://www.ubereats.com/new-jersey/food-delivery/dunkin-220-s-black-horse-pike/NXy2J_QlRqSZAKZMwfbFyw,lindenwold-new-jersey
https://www.ubereats.com/new-jersey/food-delivery/little-sicily-pizza/N3mxMcSZTi-wYiclQmE-0A,lindenwold-new-jersey
https://www.ubereats.com/new-jersey/food-delivery/mcdonalds-517-white-horse-pike/rTVOC0yeScG1bcOH_YETBQ,lindenwold-new-jersey
https://www.ubereats.com/new-jersey/food-delivery/saladworks-241-s-route-73/kz4SlcH3Rfa_eNOZCbiepA,lindenwold-new-jersey
https://www.ubereats.com/new-jersey/food-delivery/the-ice-cream-shop/pF6H6x-HTuCzTaLlmDWkZQ,lindenwold-new-jersey
https://www.ubereats.com/new-jersey/food-delivery/sho-gun-japanese-cuisine/q9AeDhyGRxquNhB3RtVE8Q,lindenwold-new-jersey
https://www.ubereats.com/new-jersey/food-delivery/b-good-500-route-73-s/p7PEr6aPQz6oHLmbW0eZyQ,lindenwold-new-jersey
https://www.ubereats.com/new-jersey/food-delivery/dunkin-320-s-black-horse-pike/PGLr4xlQSoeSztBAwvOwsA,lindenwold-new-jersey
https://www.ubereats.com/new-jersey/food-delivery/ocean-asian-cuisine/-CYX8SNQQCi8XZ0OToq2mw,lindenwold-new-jersey
https://www.ubereats.com/new-jersey/food-delivery/arbys-1335-hurffville-rd/w68pxwpnRMSEmqJjVtnqjA,lindenwold-new-jersey
https://www.ubereats.com/new-jersey/food-delivery/megu-haddonfield/_xhWS-wiRMS7_vs-gwpcEw,lindenwold-new-jersey
https://www.ubereats.com/new-jersey/food-delivery/sweet-charlies-haddonfield/KM8Ks5PwSS-u5MIHRkOdHg,lindenwold-new-jersey
https://www.ubereats.com/new-jersey/food-delivery/louie-gs/Ss4ID2SzRTy4D_a2nSrNDg,lindenwold-new-jersey
https://www.ubereats.com/new-jersey/food-delivery/kaminskis-sports-bar-and-grill/wKSILQlKQb2tXY8HlPgSZQ,lindenwold-new-jersey
https://www.ubereats.com/new-jersey/food-delivery/schileens-pub/Belr6gt4Rky1OcCWe08jUA,lindenwold-new-jersey
https://www.ubereats.com/new-jersey/food-delivery/cicontes-italia-pizzeria/th_c1yJ5QTivAe-k_V6c2A,lindenwold-new-jersey
https://www.ubereats.com/new-jersey/food-delivery/saladworks-glassboro/5thEFpYfTdq2n1tg-QrVMw,lindenwold-new-jersey
https://www.ubereats.com/new-jersey/food-delivery/friendlys-route-70-west/gwTvQFE0TPOefyUjobXF-Q,lindenwold-new-jersey
https://www.ubereats.com/new-jersey/food-delivery/subway-1-coopertowne-blvd/p9pAQiebRQaIGw8a6LG0fw,lindenwold-new-jersey
https://www.ubereats.com/new-jersey/food-delivery/dunkin-235-route-73-north/Ny61Pu3rT92N-ueEOH5JTQ,lindenwold-new-jersey
https://www.ubereats.com/new-jersey/food-delivery/dunkin-106-white-horse-pike/Ui_p34DyQiS8xvSSCxJDtQ,lindenwold-new-jersey
https://www.ubereats.com/new-jersey/food-delivery/kibitz-room/1r1Q46rMTzGt1j9qciGtIA,lindenwold-new-jersey
https://www.ubereats.com/new-jersey/food-delivery/stios-water-ice-and-ice-cream/uP0rM_LDQp-ApE1xF0SNww,lindenwold-new-jersey
https://www.ubereats.com/new-jersey/food-delivery/china-house/0u0hNclkSRqVhMj1Y7E6BQ,lindenwold-new-jersey
https://www.ubereats.com/new-jersey/food-delivery/graces-bistro/Pi7c9mbLRfmOv_pPlOD4IQ,lindenwold-new-jersey
https://www.ubereats.com/new-jersey/food-delivery/corinnes-place/034lYz1kTC6IvbfDnTkRQA,lindenwold-new-jersey
https://www.ubereats.com/new-jersey/food-delivery/dunkin-263-white-horse-pike-n/gdWp8eqLTaCFoRCb44eHpw,lindenwold-new-jersey
https://www.ubereats.com/new-jersey/food-delivery/smashburger-490-s-lenola-rd/phbNbYs0RJOn75FALaDkCg,lindenwold-new-jersey
https://www.ubereats.com/new-jersey/food-delivery/yoshimoto-japanese-steakhouse/28ncR3GwTVCNlzl14KxbNQ,lindenwold-new-jersey
https://www.ubereats.com/new-jersey/food-delivery/krispy-krunchy-chicken-1401-little-gloucester-rd/1uL_u526S5eOvsWN7-evXA,lindenwold-new-jersey
https://www.ubereats.com/new-jersey/food-delivery/ammas-south-indian-cuisine/xvQZiYB2RBqJhJiKfijoog,lindenwold-new-jersey
https://www.ubereats.com/new-jersey/food-delivery/turning-point-of-marlton/FXq5kC3jRQK5MIGHFH-hqA,lindenwold-new-jersey
https://www.ubereats.com/new-jersey/food-delivery/hibachi-grill-%26-supreme-buffet/_o4islssTQ6K-3xihg_g8Q,lindenwold-new-jersey
https://www.ubereats.com/new-jersey/food-delivery/applebees-78004/xQD3WGc2QdCDTtu5UjZBYw,lindenwold-new-jersey
https://www.ubereats.com/new-jersey/food-delivery/auntie-annes-150-route-70-east/2XFYwiYaQ3aubLDTHa8TqA,lindenwold-new-jersey
https://www.ubereats.com/new-jersey/food-delivery/black-olive/DshcqGaGRgKdCD6-lGn4-g,lindenwold-new-jersey
https://www.ubereats.com/new-jersey/food-delivery/papa-marios-pizzeria/8nSNTpuNTpqtoXGBW3j6sQ,lindenwold-new-jersey
https://www.ubereats.com/new-jersey/food-delivery/9106-bonefish-grill-500-route-73-north/HCKoYrRCQiS4mvleUsKLZQ,lindenwold-new-jersey
https://www.ubereats.com/new-jersey/food-delivery/villaris-lakeside-restaurant/JXCihHznRryayoX1QtRDTQ,lindenwold-new-jersey
https://www.ubereats.com/new-jersey/food-delivery/racks-pub-%26-grill-williamstown/54ttjC82SB6rsLEaMfG06w,lindenwold-new-jersey
https://www.ubereats.com/new-jersey/food-delivery/dunkin-301-evesham-rd/scrVg-QbQbSVTiKTws-DXg,lindenwold-new-jersey
https://www.ubereats.com/new-jersey/food-delivery/buffalo-wild-wings-627-cross-keys-rd/z2butmXST_alDcC5EhVxyA,lindenwold-new-jersey
https://www.ubereats.com/new-jersey/food-delivery/carrabbas-4650-route-42/jklfArURRe6i06PSpfhA9w,lindenwold-new-jersey
https://www.ubereats.com/new-jersey/food-delivery/crust-n-fire/qzkjy6lsRPO6FrDgnSDzbQ,lindenwold-new-jersey
https://www.ubereats.com/new-jersey/food-delivery/applebees-711-evesham-rd-%2377005/y4cfY4vmQ62olZHKv62k7g,lindenwold-new-jersey
https://www.ubereats.com/new-jersey/food-delivery/la-matta-pizza/qPZgmuRJTTmhc5Ex_7xj2Q,lindenwold-new-jersey
https://www.ubereats.com/new-jersey/food-delivery/friendlys-1100-delsea-dr-n/OphHS8zTTYWeCtEziC9kJA,lindenwold-new-jersey
https://www.ubereats.com/new-jersey/food-delivery/tilted-kilt-pub-%26-eatery-sicklerville/_LrW-9iESN-tdpgJvjTq2A,lindenwold-new-jersey
https://www.ubereats.com/new-jersey/food-delivery/pho-asia/DSuPwxItRqG2_1wwwOmv8A,lindenwold-new-jersey
https://www.ubereats.com/new-jersey/food-delivery/9103-bonefish-grill-1709-deptford-center-rd/P4yYPsuvSFKCsGWipKsPig,lindenwold-new-jersey
https://www.ubereats.com/new-jersey/food-delivery/heart-beet-kitchen/5LCYb_CBTAGT0xQtvfDg-w,lindenwold-new-jersey
https://www.ubereats.com/new-jersey/food-delivery/wawa-956-409-n-route-73-n/4aRAboz8Qtqcmx_qGQVzPg,lindenwold-new-jersey
https://www.ubereats.com/new-jersey/food-delivery/racks-pub-and-grill-atco/gEm-ghR3Qpe8wp0KHemlsA,lindenwold-new-jersey
https://www.ubereats.com/new-jersey/food-delivery/phily-diner/qi11Hk94RD2kzwFlJi9H8Q,lindenwold-new-jersey
https://www.ubereats.com/new-jersey/food-delivery/dunkin-1860-marlton-pike-e/aeIkqP8vRS6LDHt809CsAA,lindenwold-new-jersey
https://www.ubereats.com/new-jersey/food-delivery/friendlys-9103-town-center-blvd/g4LnTZJ-QEeWswddsUqNOA,lindenwold-new-jersey
https://www.ubereats.com/new-jersey/food-delivery/chipotle-mexican-grill-2000-clements-bridge-road/z-FB90lTSOa1iI4gpmnJTg,lindenwold-new-jersey
https://www.ubereats.com/new-jersey/food-delivery/pancheros-mexican-grill-115-n-route-73/op657EpjQfKgDgxBKNylAA,lindenwold-new-jersey
https://www.ubereats.com/new-jersey/food-delivery/rexys/Gh3K7kvjR2CdY5NP2AjgBw,lindenwold-new-jersey
https://www.ubereats.com/new-jersey/food-delivery/iron-hill-brewery-%26-restaurant-voorhees/FCsXkwJJRLGyN_rIrgHbaw,lindenwold-new-jersey
https://www.ubereats.com/new-jersey/food-delivery/flemings-prime-steakhouse-%26-wine-bar-marlton/hDM0sDGsSZa5B9xa1r1zEw,lindenwold-new-jersey
https://www.ubereats.com/new-jersey/food-delivery/the-laughing-fox-tavern/hSHdbPN3TVOPSoOoof3hXg,lindenwold-new-jersey
https://www.ubereats.com/new-jersey/food-delivery/wawa-374-100-springdale-road/dpUgHLqdRRKhBD6yM-SySw,lindenwold-new-jersey
https://www.ubereats.com/new-jersey/food-delivery/taco-bell-1110-hurffville-rd/Xw9GaRsJQWC6_OowtIKqhg,lindenwold-new-jersey
https://www.ubereats.com/new-jersey/food-delivery/dunkin-5751-route-42-south/3sFO3QfzQ7KjtcqxVjyBog,lindenwold-new-jersey
https://www.ubereats.com/new-jersey/food-delivery/redhouse-bagels/wlNrruyUR1-Di_VFV0S2tQ,lindenwold-new-jersey
https://www.ubereats.com/new-jersey/food-delivery/cold-stone-creamery-4270-dearborn-circle/6LEv4jqAQZG3OHDKzfC17w,lindenwold-new-jersey
https://www.ubereats.com/new-jersey/food-delivery/california-tortilla-sicklerville/Jf5cQZN-S0C_dB70qN_viA,lindenwold-new-jersey
https://www.ubereats.com/new-jersey/food-delivery/wendys-300-south-blackhorse-pike/BXQqa_VBTA6df1BYiAnOtw,lindenwold-new-jersey
https://www.ubereats.com/new-jersey/food-delivery/dunkin-434-n-warwick-rd/rwG9sHDpQl2rdL-0-9MQzg,lindenwold-new-jersey
https://www.ubereats.com/new-jersey/food-delivery/outback-steakhouse-901-route-73-south/X9H9hrXWQiCz5ZRUwPi3eQ,lindenwold-new-jersey
https://www.ubereats.com/new-jersey/food-delivery/chipotle-mexican-grill-500-route-73-s/fgIhY954SA6OnH1ZrkUrfQ,lindenwold-new-jersey
https://www.ubereats.com/new-jersey/food-delivery/club-diner/QNCg82upTQWrsMY77K7y2g,lindenwold-new-jersey
https://www.ubereats.com/new-jersey/food-delivery/joes-crab-shack-2000-clements-bridge-rd/Jgt9RWN7RWCV7kmGsEqOiA,lindenwold-new-jersey
https://www.ubereats.com/new-jersey/food-delivery/ginos-pizzeria/-XMUTNRNSOGKnLSa9nt4sA,lindenwold-new-jersey
https://www.ubereats.com/new-jersey/food-delivery/rochesters-barbeque-%26-grill-llc/TsVoBMtRTFKR68cQ1PadzA,lindenwold-new-jersey
https://www.ubereats.com/new-jersey/food-delivery/tuccis-mini-hoagies/WDeOpIHYTcSEHeva9-4b0A,lindenwold-new-jersey
https://www.ubereats.com/new-jersey/food-delivery/popeyes-16-white-horse-pike-n/sXnpyPrtSsSuHY-Ke4vCzw,lindenwold-new-jersey
https://www.ubereats.com/new-jersey/food-delivery/sonic-112-black-horse-pike/mRfC0uPeRHOEBmBsBpGSlw,lindenwold-new-jersey
https://www.ubereats.com/new-jersey/food-delivery/philly-pretzel-factory/Bp_hjrPZRAaqCPEAn1f3Eg,lindenwold-new-jersey
https://www.ubereats.com/new-jersey/food-delivery/pdq-610-cross-keys-rd/IdEbVQJySDekrKiu6snGTg,lindenwold-new-jersey
https://www.ubereats.com/new-jersey/food-delivery/cousins-deli-grill-%26-catering-llc/p81yo8nKQeCK0Qr1CKpoRQ,lindenwold-new-jersey
https://www.ubereats.com/new-jersey/food-delivery/wok-n-roll/IavzVmKIThexZPeKb-Aucg,lindenwold-new-jersey
https://www.ubereats.com/new-jersey/food-delivery/canton-express/1mOuiGoOSimQDYkMC72zZw,lindenwold-new-jersey
https://www.ubereats.com/new-jersey/food-delivery/select-pizza-%7C-grill-marlton/hsoK2Is7RuuXUxqcdCOg4A,lindenwold-new-jersey
https://www.ubereats.com/new-jersey/food-delivery/flamez-wood-fired-pizza/OnVdbwVKTzyBFNtF40Rixw,lindenwold-new-jersey
https://www.ubereats.com/new-jersey/food-delivery/starbucks-haddonfield/8oMIDzUxS3GooAPfZBitAw,lindenwold-new-jersey
https://www.ubereats.com/new-jersey/food-delivery/papa-johns-1000-cooper-street/zo_6IbTERkqGzyKHFuVJVw,lindenwold-new-jersey
https://www.ubereats.com/new-jersey/food-delivery/volcano-steak-and-sushi-berlin-township/6Do7P0yLTbmV-S5FZ2xPYw,lindenwold-new-jersey
https://www.ubereats.com/new-jersey/food-delivery/outback-steakhouse-1709-deptford-center-road/WW3M9T1DT9-Q2n97cIh93Q,lindenwold-new-jersey
https://www.ubereats.com/new-jersey/food-delivery/mcdonalds-702-2-berlin-rd/X8wcjr3LQa6Fq8eEOiXrSw,lindenwold-new-jersey
https://www.ubereats.com/new-jersey/food-delivery/pizza-hut-201-s-white-horse-pike/ax3CsuXiTS-Cp1_ommKn6w,lindenwold-new-jersey
https://www.ubereats.com/new-jersey/food-delivery/olgas-diner/ptRKdYDnQVi4v9rZRZa5GA,lindenwold-new-jersey
https://www.ubereats.com/new-jersey/food-delivery/kfc-taco-bell-110-n-black-horse-pike/gNGEtFczRbO6eg20lVXtGA,lindenwold-new-jersey
https://www.ubereats.com/new-jersey/food-delivery/el-conuco-restaurant-and-lounge/WxCXyt3MRqO8zT2kxrQrig,lindenwold-new-jersey
https://www.ubereats.com/new-jersey/food-delivery/nicks-pizza-voorhees/j5zhz8e_TNubyDMEF3-3iQ,lindenwold-new-jersey
https://www.ubereats.com/new-jersey/food-delivery/dunkin-1901-deptford-center-rd/vavTg2iFSs2ZfoS5kmNwow,lindenwold-new-jersey
https://www.ubereats.com/new-jersey/food-delivery/mare-monte/PFArDLdMQ5GVeN5wEdm4Ag,lindenwold-new-jersey
https://www.ubereats.com/new-jersey/food-delivery/shake-shack-321-w-rte-70/9fU7mS7JRti_JJeYgNRr9A,lindenwold-new-jersey
https://www.ubereats.com/new-jersey/food-delivery/pancheros-mexican-grill-910-haddonfield-berlin-rd/a4A5kazCTCGsJwxlrqIOrg,lindenwold-new-jersey
https://www.ubereats.com/new-jersey/food-delivery/di-nics-oven-roasted-beef/pji_XtrFTEiUakQRF3lo5g,lindenwold-new-jersey
https://www.ubereats.com/new-jersey/food-delivery/dunkin-1061-s-black-horse-pike/raMtbWmkQHu1cQxEt5RIag,lindenwold-new-jersey
https://www.ubereats.com/new-jersey/food-delivery/munsalwa/G-1UvG1bQqee899sxNdzQg,lindenwold-new-jersey
https://www.ubereats.com/new-jersey/food-delivery/starbucks-sicklerville-nj/T5QFkTgZQdSqQuFd48OmxQ,lindenwold-new-jersey
https://www.ubereats.com/new-jersey/food-delivery/taco-bell-710-n-black-horse-pike/G4Koail6Tsaqo0oWhCP8Lg,lindenwold-new-jersey
https://www.ubereats.com/new-jersey/food-delivery/applebees-3800-black-horse-pike-%2395041/q4nSczJKTluvvlKSi786VQ,lindenwold-new-jersey
https://www.ubereats.com/new-jersey/food-delivery/nicky-bs-pizza/ZNorpdgwQ_6WCsBsAcfhpg,lindenwold-new-jersey
https://www.ubereats.com/new-jersey/food-delivery/thai-thai/BEMDa531SrqdYQ6QW6Fabg,lindenwold-new-jersey
https://www.ubereats.com/new-jersey/food-delivery/tgi-fridays-636-mt-laurel/lB9c8j2mRd6FIQoat3D_mg,lindenwold-new-jersey
https://www.ubereats.com/new-jersey/food-delivery/papa-johns-1200-church-street-ste-111/sOnEZTaIT_CN5afJ7ZKh6g,lindenwold-new-jersey
https://www.ubereats.com/new-jersey/food-delivery/sushi-kingdom/-LXHuErVQb-fv-9G-kvcCg,lindenwold-new-jersey
https://www.ubereats.com/new-jersey/food-delivery/saladworks-sicklerville/QZ6-_lklSjGvI1bEZdm7fg,lindenwold-new-jersey
https://www.ubereats.com/new-jersey/food-delivery/mcdonalds-700-white-hourse-pike-north/RF1wTMAoSnqEzSqL4xPXKQ,lindenwold-new-jersey
https://www.ubereats.com/new-jersey/food-delivery/johnny-longhots-deptford/hEuCjamdTXGm8SV3R9VmlA,lindenwold-new-jersey
https://www.ubereats.com/new-jersey/food-delivery/dunkin-150-s-white-horse-pike/uSogCdm1SRWDi82eZmC1PQ,lindenwold-new-jersey
https://www.ubereats.com/new-jersey/food-delivery/thai-terrace-cuisine/gHmkPgNsShq_8Wp9kcbx-A,lindenwold-new-jersey
https://www.ubereats.com/new-jersey/food-delivery/subway-265-n-route-73/5WMHY5IgQl2k5HZW1OnfWg,lindenwold-new-jersey
