url,city
https://www.ubereats.com/nyc-suburbs/food-delivery/juno-pizza-pasta-%26-algo-mas/bWxImV-MSoWP4evxNVLYaA,lindenhurst-new-york
https://www.ubereats.com/nyc-suburbs/food-delivery/subway-671-route-109/4UEtmCJzR2KYER5hAEtBtg,lindenhurst-new-york
https://www.ubereats.com/nyc-suburbs/food-delivery/wendys-5001-hempstead-turnpike/SvRaB17PQE6vBQAFKedKlA,lindenhurst-new-york
https://www.ubereats.com/nyc-suburbs/food-delivery/noor-food-halal-gyros/S76cl6IkRtGCCSh5Ky3-uw,lindenhurst-new-york
https://www.ubereats.com/nyc-suburbs/food-delivery/bayview-kitchen/P7btCsmBSxCL2Wc4RnvD1g,lindenhurst-new-york
https://www.ubereats.com/nyc-suburbs/food-delivery/north-babylon-deli/aUMrsTtHTSuBBFe953zznA,lindenhurst-new-york
https://www.ubereats.com/nyc-suburbs/food-delivery/mariams-cafe-all-halal-fusion/4lgu2uljRoaRpezhLURWeQ,lindenhurst-new-york
https://www.ubereats.com/nyc-suburbs/food-delivery/stuff-a-bagel-massapequa/f6PqVxjwSbSaeAlN-jk9kQ,lindenhurst-new-york
https://www.ubereats.com/nyc-suburbs/food-delivery/greek-street/rDN2VRr2TyeNANmwt_VqJw,lindenhurst-new-york
https://www.ubereats.com/nyc-suburbs/food-delivery/blu-mediterranean-restaurant-inc/_Q0hVQKeQ5e1hZ5h0l44aw,lindenhurst-new-york
https://www.ubereats.com/nyc-suburbs/food-delivery/station-market/08ALSOTGQY-i0DF1UgJg-A,lindenhurst-new-york
https://www.ubereats.com/nyc-suburbs/food-delivery/bagel-and-deli-creations/0G75dBcNQF-4ErpUIJT-1Q,lindenhurst-new-york
https://www.ubereats.com/nyc-suburbs/food-delivery/mamey-mexican-taqueria/AxqlAIegRyuFDnLXdhDBbg,lindenhurst-new-york
https://www.ubereats.com/nyc-suburbs/food-delivery/checkers-136-sunrise-hwy/O8EimLreTvml1txQZG9puw,lindenhurst-new-york
https://www.ubereats.com/nyc-suburbs/food-delivery/wanna-waffle/UUoBS3lJRCSuSJZbcoNnTA,lindenhurst-new-york
https://www.ubereats.com/nyc-suburbs/food-delivery/energy-fuel/w24hUwphT-iLW4U6Dttj-w,lindenhurst-new-york
https://www.ubereats.com/nyc-suburbs/food-delivery/salad-buzz/ViTqHQ1-THmO0_jgZ0KXNg,lindenhurst-new-york
https://www.ubereats.com/nyc-suburbs/food-delivery/kabuki-japanese-cuisine/V2azzkZwQM2sSo3KFM6QeA,lindenhurst-new-york
https://www.ubereats.com/nyc-suburbs/food-delivery/first-class-bagels-deer-park/qBp6BawHTrmXGUxafq0T8g,lindenhurst-new-york
https://www.ubereats.com/nyc-suburbs/food-delivery/paradise-caribbean-restaurant-west-babylon/sG8IA5jSSxaCTrCM1iCE5A,lindenhurst-new-york
https://www.ubereats.com/nyc-suburbs/food-delivery/toxic-wings-deer-park/g1H_XYZmTLGnPLyQ4SV2zA,lindenhurst-new-york
https://www.ubereats.com/nyc-suburbs/food-delivery/alberts-pizza-shop/zyjbpn-LSsGGwUVoK2Gpug,lindenhurst-new-york
https://www.ubereats.com/nyc-suburbs/food-delivery/dunkin-1000-carmans-rd/t8akXNBZT3Sn22baEkC2XQ,lindenhurst-new-york
https://www.ubereats.com/nyc-suburbs/food-delivery/nanking/el-CUVvmTUOl6qgYW-3hmg,lindenhurst-new-york
https://www.ubereats.com/nyc-suburbs/food-delivery/dominican-restaurant-4/hbKLlgitRkS50knilLzPjg,lindenhurst-new-york
https://www.ubereats.com/nyc-suburbs/food-delivery/jin-fu-garden/YrtSuxymROKLZ0M35wgBfA,lindenhurst-new-york
https://www.ubereats.com/nyc-suburbs/food-delivery/carvel-1075-montauk-hwy/esgizuhsTK2DB7Lkz7AgZA,lindenhurst-new-york
https://www.ubereats.com/nyc-suburbs/food-delivery/cusmos-greek-american-restaurant/KGU-dTyyTSOCK4wcqJdu5g,lindenhurst-new-york
https://www.ubereats.com/nyc-suburbs/food-delivery/dominicks-pizza-%26-pasta/F0NE_mbiSL24J9X4kTCpWg,lindenhurst-new-york
https://www.ubereats.com/nyc-suburbs/food-delivery/sobol-farmingdale/Dl_GPo-qStGxDjrkMnt4UA,lindenhurst-new-york
https://www.ubereats.com/nyc-suburbs/food-delivery/the-energy-bar-of-long-island/4TF2rbegSAeNOZp1s6I2tA,lindenhurst-new-york
https://www.ubereats.com/nyc-suburbs/food-delivery/island-poke-massapequa/ncC-JST_QoiUzf1zN1zggQ,lindenhurst-new-york
https://www.ubereats.com/nyc-suburbs/food-delivery/tacos-guacamola/K5e8HCezQ6KTJVJC0shzmQ,lindenhurst-new-york
https://www.ubereats.com/nyc-suburbs/food-delivery/lighthouse-diner/pJDJh8YEQwm2b3SlRxiKBg,lindenhurst-new-york
https://www.ubereats.com/nyc-suburbs/food-delivery/cancun-mexican-grill/aFGtpb4pRWe8mfab5oAz6g,lindenhurst-new-york
https://www.ubereats.com/nyc-suburbs/food-delivery/ihop-651-montauk-highway/7hV2CxguRzSIJDS1v5WCHw,lindenhurst-new-york
https://www.ubereats.com/nyc-suburbs/food-delivery/shahs-halal-food-farmingdale/VKx9uWKpSeeYnDprnLEP1w,lindenhurst-new-york
https://www.ubereats.com/nyc-suburbs/food-delivery/new-china-restaurant-bethpage/2E65suuFSoOx0UzIFlvrJA,lindenhurst-new-york
https://www.ubereats.com/nyc-suburbs/food-delivery/coliseum-tacos/5ZzPL9siRAin_qcJJp_jhw,lindenhurst-new-york
https://www.ubereats.com/nyc-suburbs/food-delivery/golden-pine-deli/aS7sfPqTS1ekNSEEN5Y_-A,lindenhurst-new-york
https://www.ubereats.com/nyc-suburbs/food-delivery/sweet-sensations/SD21_1f4Q4izSAHZJ8AcmA,lindenhurst-new-york
https://www.ubereats.com/nyc-suburbs/food-delivery/el-buen-gusto/fvWb-isqR6608p2_b7qhzw,lindenhurst-new-york
https://www.ubereats.com/nyc-suburbs/food-delivery/teriyaki-express/h7U4vY2GTOCZoRmSVLlddQ,lindenhurst-new-york
https://www.ubereats.com/nyc-suburbs/food-delivery/tropical-smoothie-cafe-massapequa-park/ha474w6mSF6zjeHSfxnP3g,lindenhurst-new-york
https://www.ubereats.com/nyc-suburbs/food-delivery/wow-american-eats-753-sunrise-hwy/5xH4UU6gQk-Z-2bDPoU1NA,lindenhurst-new-york
https://www.ubereats.com/nyc-suburbs/food-delivery/dunkin-20-broadway/CuFUiZGTRGKZBXhqgFyBeg,lindenhurst-new-york
https://www.ubereats.com/nyc-suburbs/food-delivery/mizuki-sushi/fy1xiCwqQ5qjkL4q6WrJGg,lindenhurst-new-york
https://www.ubereats.com/nyc-suburbs/food-delivery/arrosto-italian-rotisserie/0z9qRfQSTQiEsGeflK5ccA,lindenhurst-new-york
https://www.ubereats.com/nyc-suburbs/food-delivery/suki-japan-restaurant-inc/zhI_bxynQs-YaenaYtG3MQ,lindenhurst-new-york
https://www.ubereats.com/nyc-suburbs/food-delivery/roppongi-sushi/VfA-ppu9R4mO5A2kJuMVpg,lindenhurst-new-york
https://www.ubereats.com/nyc-suburbs/food-delivery/okinii-japanese-restaurant/tRePf4G9R4m3YS9ow_XP9g,lindenhurst-new-york
https://www.ubereats.com/nyc-suburbs/food-delivery/cafe-europa-pizzeria-%26-restaurant/T5RdXZw6QlS3LgdoxY139A,lindenhurst-new-york
https://www.ubereats.com/nyc-suburbs/food-delivery/supreme-philly-cheese-steak/W0-o3IQrSOi3PgGmelajVg,lindenhurst-new-york
https://www.ubereats.com/nyc-suburbs/food-delivery/fusion-yogurt-and-bowls/hswTqOVMT4eGYA8kK9vpgg,lindenhurst-new-york
https://www.ubereats.com/nyc-suburbs/food-delivery/the-pie-shoppe/-d-uctUhTQO7GgaDircTRQ,lindenhurst-new-york
https://www.ubereats.com/nyc-suburbs/food-delivery/patrizias-of-long-island-massapequa-park/vuvQZOrJQ16GFb14GyZ3DA,lindenhurst-new-york
https://www.ubereats.com/nyc-suburbs/food-delivery/dunkin-529-e-main-st/HvhohJsMSCmo_wqm8uyH_g,lindenhurst-new-york
https://www.ubereats.com/nyc-suburbs/food-delivery/suzi-soup-%26-salad/Rxdp9thRQdGG8x7hgvqraQ,lindenhurst-new-york
https://www.ubereats.com/nyc-suburbs/food-delivery/sobol-babylon/IMqUYwH0T6qFPeurp37bqA,lindenhurst-new-york
https://www.ubereats.com/nyc-suburbs/food-delivery/dairy-queen-grill-%26-chill-321-w-jericho-tpke/51IpXlWtSEarXZYgfz8HwQ,lindenhurst-new-york
https://www.ubereats.com/nyc-suburbs/food-delivery/new-food-luck-kitchen/nSPtWIdxSFqN4VyjQ7C67w,lindenhurst-new-york
https://www.ubereats.com/nyc-suburbs/food-delivery/el-sueno-mexican-grill/IATz1mQsQh6xkHzprzXh9g,lindenhurst-new-york
https://www.ubereats.com/nyc-suburbs/food-delivery/b*tch-dont-grill-my-cheese/LqtwsuedQcyWdzYJFcdh5g,lindenhurst-new-york
https://www.ubereats.com/nyc-suburbs/food-delivery/shake-house/3Jubo84iTSGt3Lh0YtMm8g,lindenhurst-new-york
https://www.ubereats.com/nyc-suburbs/food-delivery/maracas-express/_sEjAAdvRg2l7rOz_yMshA,lindenhurst-new-york
https://www.ubereats.com/nyc-suburbs/food-delivery/subway-1157-deer-park-ave/eMWfYK9NQSu6zKuo_mBaGw,lindenhurst-new-york
https://www.ubereats.com/nyc-suburbs/food-delivery/subway-47-3-boundary-ave/byRXEW_CSTqyTNSTxWkkhA,lindenhurst-new-york
https://www.ubereats.com/nyc-suburbs/food-delivery/the-delica-sea/NGKxxq7OQlOz66a9qk00Xg,lindenhurst-new-york
https://www.ubereats.com/nyc-suburbs/food-delivery/jessies-on-the-water/4JPqwGWgQE2o6dXL-6vVfQ,lindenhurst-new-york
https://www.ubereats.com/nyc-suburbs/food-delivery/five-guys-ny-0457-350-route-110/2lhd8WAcTJqeTYSKTRwWEg,lindenhurst-new-york
https://www.ubereats.com/nyc-suburbs/food-delivery/phils-pizzeria-%26-restaurant-ordermark/zcKE3PokQBuaQwKsEqjSRw,lindenhurst-new-york
https://www.ubereats.com/nyc-suburbs/food-delivery/tropical-smoothie-cafe-228-airport-plaza-blvd/8iqKSf2NS7-eDRtDuf8CVQ,lindenhurst-new-york
https://www.ubereats.com/nyc-suburbs/food-delivery/3-brothers-pizza-cafe/f9cihAnAS8W05L1EgJeuYg,lindenhurst-new-york
https://www.ubereats.com/nyc-suburbs/food-delivery/the-green-island-cafe/RL5gTN4nQImKfibmybH3sg,lindenhurst-new-york
https://www.ubereats.com/nyc-suburbs/food-delivery/sidelines-cafe/cUe8xQiDRd6Bhr_h-XyF1A,lindenhurst-new-york
https://www.ubereats.com/nyc-suburbs/food-delivery/franks-deli-plus/zQ_CTLW3T4aI68ruV0A4Wg,lindenhurst-new-york
https://www.ubereats.com/nyc-suburbs/food-delivery/joes-gourmet-meats/LUVYwrnmQSS0iLlgln2WvQ,lindenhurst-new-york
https://www.ubereats.com/nyc-suburbs/food-delivery/dennys-1143-deer-park-ave/b6yYguKNSfmKQNMlwo-JGg,lindenhurst-new-york
https://www.ubereats.com/nyc-suburbs/food-delivery/that-meetball-place-farmingdale/CKXSnNu_SFCHmD1Pv1VLxw,lindenhurst-new-york
https://www.ubereats.com/nyc-suburbs/food-delivery/mcdonalds-wantagh-1946-wantagh/1snAQVNYQ3Wmhoq83DthFw,lindenhurst-new-york
https://www.ubereats.com/nyc-suburbs/food-delivery/gold-%26-meyers-deli/iM-Vj7n3QSG7sJxHymLp-g,lindenhurst-new-york
https://www.ubereats.com/nyc-suburbs/food-delivery/blackstone-steakhouse/JDm0vACAQ_Wpkv-9crNAxQ,lindenhurst-new-york
https://www.ubereats.com/nyc-suburbs/food-delivery/burger-king-96-route-110/wDC8aMO0Tae1-vRCmiPs0w,lindenhurst-new-york
https://www.ubereats.com/nyc-suburbs/food-delivery/copiague-bagel-%26-deli/sEG0IU7CQbG0B2fGmgaPCw,lindenhurst-new-york
https://www.ubereats.com/nyc-suburbs/food-delivery/bobby-mccanns-sports-restaurant-and-bar/dxI4ESgPRAKkytJahTVmAw,lindenhurst-new-york
https://www.ubereats.com/nyc-suburbs/food-delivery/dunkin-575-fulton-st/45yTZqUpQEGyoI4rF02mug,lindenhurst-new-york
https://www.ubereats.com/nyc-suburbs/food-delivery/shake-shack-849-walt-whitman-rd/ign4CRZeSOOynkDYDl4stg,lindenhurst-new-york
https://www.ubereats.com/nyc-suburbs/food-delivery/the-rolling-spring-roll-farmindale/fgfZ96oXR-uEhu4uhx8uhg,lindenhurst-new-york
https://www.ubereats.com/nyc-suburbs/food-delivery/don-juan/U8qfDm3cSF6Cb65NiSsv7A,lindenhurst-new-york
https://www.ubereats.com/nyc-suburbs/food-delivery/nutriwolf-deer-park/mR49vEgJQlqaTngikmk2aA,lindenhurst-new-york
https://www.ubereats.com/nyc-suburbs/food-delivery/michelles-110-diner/ciCZcVl1RBqTbFTPouzozg,lindenhurst-new-york
https://www.ubereats.com/nyc-suburbs/food-delivery/rositas-bakery/W608nx45QNOcW_BqzVF-lw,lindenhurst-new-york
https://www.ubereats.com/nyc-suburbs/food-delivery/toxic-wings/yZQEqx_lSBeL_QKyR-H4fw,lindenhurst-new-york
https://www.ubereats.com/nyc-suburbs/food-delivery/marios-pizza-%26-restaurant/QerNvoDIQeem8H37edenuA,lindenhurst-new-york
https://www.ubereats.com/nyc-suburbs/food-delivery/ihop-201-airport-plaza-boulevard/cAE5QyMiSHWLOfnVJB7tLA,lindenhurst-new-york
https://www.ubereats.com/nyc-suburbs/food-delivery/nanitos-deli/DE8LF4ndQ2W_wycV9QvA2g,lindenhurst-new-york
https://www.ubereats.com/nyc-suburbs/food-delivery/nazs-halal-food-1171-deer-park-ave/BHad6_lGS9SU8PjrbtaFpQ,lindenhurst-new-york
https://www.ubereats.com/nyc-suburbs/food-delivery/caffe-rio/zpAe7IOZTWiwouQn-yJSdw,lindenhurst-new-york
https://www.ubereats.com/nyc-suburbs/food-delivery/carvel-188-howells-rd/P9V5faMKRR6J3gBkEnxy4A,lindenhurst-new-york
https://www.ubereats.com/nyc-suburbs/food-delivery/kotobuki-babylon/Wnuxz_JMTSCoyTj9VJ6dvA,lindenhurst-new-york
https://www.ubereats.com/nyc-suburbs/food-delivery/subway-282-c-higbie-ln/QmcO1CjKTtaT0Lgyz0_34Q,lindenhurst-new-york
https://www.ubereats.com/nyc-suburbs/food-delivery/the-tap-room-bayshore/ttkmnHXjR5OkmR5w-QyMeA,lindenhurst-new-york
https://www.ubereats.com/nyc-suburbs/food-delivery/wingstop-1209-deer-park/6lQKTREISVagJ5gpE16_jA,lindenhurst-new-york
https://www.ubereats.com/nyc-suburbs/food-delivery/main-street-pizza-company/11E91qe0RC6m3UT03evv_g,lindenhurst-new-york
https://www.ubereats.com/nyc-suburbs/food-delivery/lulus-empowering-goods/Zc4BtvCsS7OoRWWjEc95tA,lindenhurst-new-york
https://www.ubereats.com/nyc-suburbs/food-delivery/white-castle-6207-sunrise-hwy/OqLI2mOMQxWZR7BLC9oEBA,lindenhurst-new-york
https://www.ubereats.com/nyc-suburbs/food-delivery/tullulahs/2enCchOxTduZLKj5VwPl1g,lindenhurst-new-york
https://www.ubereats.com/nyc-suburbs/food-delivery/suki-japan-restaurant/2Ew_sV_dToOSOkJZ_L9H0g,lindenhurst-new-york
https://www.ubereats.com/nyc-suburbs/food-delivery/starbucks-north-babylon/MC_UBw3HToiYo_jGdA3LsQ,lindenhurst-new-york
https://www.ubereats.com/nyc-suburbs/food-delivery/dunkin-187-sunrise-hwy/AdX38z91TbivRXllh0m9Ew,lindenhurst-new-york
https://www.ubereats.com/nyc-suburbs/food-delivery/shahs-hv-inc-500-rte-109/U5_gOj0VQ7WNHcq0Xp-64A,lindenhurst-new-york
https://www.ubereats.com/nyc-suburbs/food-delivery/spk/NbOtZirPR0CMHU4ELwaEcA,lindenhurst-new-york
https://www.ubereats.com/nyc-suburbs/food-delivery/nazar-restaurant/zuu7ivU6Qb-0TUO8DrRDqQ,lindenhurst-new-york
https://www.ubereats.com/nyc-suburbs/food-delivery/kabab-platter-and-burger/_MxZhhrLSnmRyVc1hpSUSg,lindenhurst-new-york
https://www.ubereats.com/nyc-suburbs/food-delivery/buffalo-wild-wings-1080-broadhollow-rd/gvEx-h9OS9KRkgnZAbqGQA,lindenhurst-new-york
https://www.ubereats.com/nyc-suburbs/food-delivery/island-jerk-wyandanch/7zCvLnjpSiSkrvECTfYibQ,lindenhurst-new-york
https://www.ubereats.com/nyc-suburbs/food-delivery/mcdonalds-massapequa-sunrise-hwy/Fi3RWVNAQTWbiVso1MhTCQ,lindenhurst-new-york
https://www.ubereats.com/nyc-suburbs/food-delivery/torta-fina-bake-shoppe-%26-patisserie/aIVHBPBvSECU0HWgT7kmuw,lindenhurst-new-york
https://www.ubereats.com/nyc-suburbs/food-delivery/pasquallys-pizza-%26-wings-155-sunrise-hwy/UJOKDSdMTv6w6MOuCQ0Rzg,lindenhurst-new-york
https://www.ubereats.com/nyc-suburbs/food-delivery/sushi-express/10XtzrkdRYyl-dlwcMyIjA,lindenhurst-new-york
https://www.ubereats.com/nyc-suburbs/food-delivery/iavarone-cafe-italian-kitchen-and-pizzeria/Ks8_UQekRQ6O0LB_p7vhMg,lindenhurst-new-york
https://www.ubereats.com/nyc-suburbs/food-delivery/spanish-soul-food-truck/9s9X-7MLQEuvs0HVr_PDvA,lindenhurst-new-york
https://www.ubereats.com/nyc-suburbs/food-delivery/kfc-deer-park/v0hI4ZmsS16E3dRLB5mzQQ,lindenhurst-new-york
https://www.ubereats.com/nyc-suburbs/food-delivery/dunkin-4025b-hempstead-tpke/eeZaDtQ3Slay7sR-Q-TqQw,lindenhurst-new-york
https://www.ubereats.com/nyc-suburbs/food-delivery/thai-basil/ZfXYcALdQh21SvanaXEBjw,lindenhurst-new-york
https://www.ubereats.com/nyc-suburbs/food-delivery/the-halal-guys-911-broad-hollow-rd-farmingdale-ny/RjPQYcBGQKG93wuTn9C-bg,lindenhurst-new-york
https://www.ubereats.com/nyc-suburbs/food-delivery/raimos-of-amityville/33U6TIl9Qi6mYwAbvuiHNw,lindenhurst-new-york
https://www.ubereats.com/nyc-suburbs/food-delivery/off-the-avenue-eats/sV2CSwecTfej7OJ1yjrZsA,lindenhurst-new-york
https://www.ubereats.com/nyc-suburbs/food-delivery/la-famiglia-babylon-village/0-Ti1JzoSmGQsbQaHt19cw,lindenhurst-new-york
https://www.ubereats.com/nyc-suburbs/food-delivery/peninsula/JrRWEKGwShmHzJXOynf5pA,lindenhurst-new-york
https://www.ubereats.com/nyc-suburbs/food-delivery/taco-joes-massapequa/vbEJVQJRS3ikH4RTFTvpwg,lindenhurst-new-york
https://www.ubereats.com/nyc-suburbs/food-delivery/sj-lucky/sLswo1RZQfKQq2kS2P1s0w,lindenhurst-new-york
https://www.ubereats.com/nyc-suburbs/food-delivery/new-fortune-house/3e_MZLT5TQS85aqTIZn7MA,lindenhurst-new-york
https://www.ubereats.com/nyc-suburbs/food-delivery/del-fuego-babylon/dsCA8UWxTMOC-1h0AZI_lw,lindenhurst-new-york
https://www.ubereats.com/nyc-suburbs/food-delivery/tim-hortons-4030-merrick-road/GVU17MuUTiqNJnXnuHvnqg,lindenhurst-new-york
https://www.ubereats.com/nyc-suburbs/food-delivery/tropical-smoothie-cafe-bay-shore-commons/5M5mwKHJRpqf3ZYDHqhwPw,lindenhurst-new-york
https://www.ubereats.com/nyc-suburbs/food-delivery/35th-st-family-deli/DQWJ8Fo4TweUerg6L08Ikg,lindenhurst-new-york
https://www.ubereats.com/nyc-suburbs/food-delivery/a%26j-sandwich/GdkAKKrdQM-BdAqrx61BUg,lindenhurst-new-york
https://www.ubereats.com/nyc-suburbs/food-delivery/dunkin-5477-5515-merrick-road/toC3QK1nREmrIeE1JLao4Q,lindenhurst-new-york
https://www.ubereats.com/nyc-suburbs/food-delivery/ralphs-famous-italian-ices-north-babylon/nEwxUvt1SVqQk_UUdHD1Ew,lindenhurst-new-york
https://www.ubereats.com/nyc-suburbs/food-delivery/alberts-pizza/hWDsLdkLRkiuFTkXc0NDtA,lindenhurst-new-york
https://www.ubereats.com/nyc-suburbs/food-delivery/nellys-taqueria-farmingdale/wEXdJlN2TwGdVd_ia0Bcbg,lindenhurst-new-york
https://www.ubereats.com/nyc-suburbs/food-delivery/bango-bowls-bay-shore/pwoxLDBhQxGjP-rQnwr0Ow,lindenhurst-new-york
https://www.ubereats.com/nyc-suburbs/food-delivery/long-wall-kitchens/T4bsHuNjTo-vh9qO87hyDA,lindenhurst-new-york
https://www.ubereats.com/nyc-suburbs/food-delivery/farmingdale-diner-ordermark/NZgzGUeWRM2jrtw9z4tMqA,lindenhurst-new-york
https://www.ubereats.com/nyc-suburbs/food-delivery/uncle-chucks-bar-n-restaurant/9FPaF9JfQ-SoGRdl3EgP2Q,lindenhurst-new-york
https://www.ubereats.com/nyc-suburbs/food-delivery/library-cafe/CU63EF9fSfq49xCAfrVonA,lindenhurst-new-york
https://www.ubereats.com/nyc-suburbs/food-delivery/brownstones-coffee-amitville/9H_ZMsN_RrG1qxzWtzDdTw,lindenhurst-new-york
https://www.ubereats.com/nyc-suburbs/food-delivery/one-bite-jamaican-restaurant-%26-bakery/oZUszMqqQN-EbrN1B2p5Kg,lindenhurst-new-york
https://www.ubereats.com/nyc-suburbs/food-delivery/njoy/qBTRQBQHS6O_3-t8g505nQ,lindenhurst-new-york
https://www.ubereats.com/nyc-suburbs/food-delivery/kabanos-polish-deli/3baJFVO7RfWjTjLM1MmCMg,lindenhurst-new-york
https://www.ubereats.com/nyc-suburbs/food-delivery/buffalo-wild-wings-1112-deer-park-ave/VZlxs2X0RXGCbEjElBbuig,lindenhurst-new-york
https://www.ubereats.com/nyc-suburbs/food-delivery/surf-city-squeeze-52-willow-park-ctr-%23d/X54mewJ9QaWADCYZkpn7gA,lindenhurst-new-york
https://www.ubereats.com/nyc-suburbs/food-delivery/flux-coffee/YdEPo4k-SwSQuSiTKnzpdQ,lindenhurst-new-york
https://www.ubereats.com/nyc-suburbs/food-delivery/white-castle-265-broad-hollow-rd/vRZlRYEuQfaqL8RWNyU6qA,lindenhurst-new-york
https://www.ubereats.com/nyc-suburbs/food-delivery/mcdonalds-amityville-rt-110/1xK3pB81TSOIYjQwKHHkuA,lindenhurst-new-york
https://www.ubereats.com/nyc-suburbs/food-delivery/kirin-china-restaurant/IHSBHtkhTzyrvBn7h5SERg,lindenhurst-new-york
https://www.ubereats.com/nyc-suburbs/food-delivery/panera-1025-montauk-highway/aqJfQaGaTYa3i3YkZtVuvg,lindenhurst-new-york
https://www.ubereats.com/nyc-suburbs/food-delivery/vinoco-east/q1RYSeDmRliag2lCD_5jog,lindenhurst-new-york
https://www.ubereats.com/nyc-suburbs/food-delivery/pollo-campero-bayshore-fifth-ave/5NP5-mLIRciphEuNu5IoJw,lindenhurst-new-york
https://www.ubereats.com/nyc-suburbs/food-delivery/dooleys-bagels-%26-deli/vCvzv6K-QBmqu63K3V3itA,lindenhurst-new-york
https://www.ubereats.com/nyc-suburbs/food-delivery/dunkin-1261-sunrise-hwy/l5l4R65jTfObWk-21LGQhA,lindenhurst-new-york
https://www.ubereats.com/nyc-suburbs/food-delivery/ginos-of-seaford/IQ0lpjVVQb2sFSHVD1Qmyg,lindenhurst-new-york
https://www.ubereats.com/nyc-suburbs/food-delivery/yo-go-wild-creperie/qLpM1mAtTi-ZWHlUw-HgPw,lindenhurst-new-york
https://www.ubereats.com/nyc-suburbs/food-delivery/dunkin-203-broadhollow-rd/ujr2uIEKTuqXTL1tTH9XhA,lindenhurst-new-york
https://www.ubereats.com/nyc-suburbs/food-delivery/taco-bell-farmingdale/4J71eID7RaiLBWbtBN2bIA,lindenhurst-new-york
https://www.ubereats.com/nyc-suburbs/food-delivery/lazzat-restaurant/vPR1eGUmQ2SP_x6yjOSOnw,lindenhurst-new-york
https://www.ubereats.com/nyc-suburbs/food-delivery/greekrave/sNccMmQbSDiu1lc3MujX4A,lindenhurst-new-york
https://www.ubereats.com/nyc-suburbs/food-delivery/sky/jBcKoBeqQm-n22iUrMUj7g,lindenhurst-new-york
https://www.ubereats.com/nyc-suburbs/food-delivery/ginos-pizza-of-west-babylon/NiweGRrwQeGiHhVWi5cEig,lindenhurst-new-york
https://www.ubereats.com/nyc-suburbs/food-delivery/jersey-mikes-subs-1280-broad-hollow-rd/KzTsw6D5TyePzWJ2rASEpw,lindenhurst-new-york
https://www.ubereats.com/nyc-suburbs/food-delivery/taco-bell-1937-deer-park-avenue/KAUNr2KvRFa0c7Jp1ULeqw,lindenhurst-new-york
https://www.ubereats.com/nyc-suburbs/food-delivery/qdoba-mexican-grill-1024-broadhollow-road/4ZSxjyxZQFaLVIKxkCM7lA,lindenhurst-new-york
https://www.ubereats.com/nyc-suburbs/food-delivery/the-bagel-factory-of-farmingdale/HL08SRczQXeL2yQdfvkbFw,lindenhurst-new-york
https://www.ubereats.com/nyc-suburbs/food-delivery/dunkin-355-broadway/xZtOWhQFQr-WyaDSXvwJeg,lindenhurst-new-york
https://www.ubereats.com/nyc-suburbs/food-delivery/mamis-cuisine/ADfezkIeQV2Z2w-FLiYm1w,lindenhurst-new-york
https://www.ubereats.com/nyc-suburbs/food-delivery/wendys-625-w-montauk-hwy/GGoezJgTSPGmrkxIALHrHg,lindenhurst-new-york
https://www.ubereats.com/nyc-suburbs/food-delivery/rubys-cajun/tJ_QEvDUTSiGYtyP75YzJw,lindenhurst-new-york
https://www.ubereats.com/nyc-suburbs/food-delivery/wings-over-farmindale/MaOodkoUSVG0tpSq8dahbg,lindenhurst-new-york
https://www.ubereats.com/nyc-suburbs/food-delivery/subway-5-ruland-rd/27kUUeYdRU6za5R74L2Yiw,lindenhurst-new-york
https://www.ubereats.com/nyc-suburbs/food-delivery/nutriwolf-farmingdale/IE6eU39CRTi1Ch4sN7OuUA,lindenhurst-new-york
https://www.ubereats.com/nyc-suburbs/food-delivery/pizzarev-1088-the-arches-circle/ZB2VpvJnT7Cct4_f2PtZNg,lindenhurst-new-york
https://www.ubereats.com/nyc-suburbs/food-delivery/a%26r-bagel-world-itd/nt5nvadRTr-WqHA0QiONiQ,lindenhurst-new-york
https://www.ubereats.com/nyc-suburbs/food-delivery/f%E2%80%A2a%E2%80%A2n-chinese-cuisine-%E9%A5%AD/rH4b6LhJQPedu6M8fVchFw,lindenhurst-new-york
https://www.ubereats.com/nyc-suburbs/food-delivery/carvel-38-northwest-drive/ejqqpN3iRXGPrGXm0YKc4w,lindenhurst-new-york
https://www.ubereats.com/nyc-suburbs/food-delivery/absolutely-mario/wA_azOP8QIKDCVEy1JFiQA,lindenhurst-new-york
https://www.ubereats.com/nyc-suburbs/food-delivery/bagel-hut/vu3kpPS9RjSrgn-K19dIFA,lindenhurst-new-york
https://www.ubereats.com/nyc-suburbs/food-delivery/swirls-and-twirls-massapequa-park/4_4bsmiYRbS3aFXfItYniA,lindenhurst-new-york
https://www.ubereats.com/nyc-suburbs/food-delivery/the-one-sushi/qNKDRyjwQi2nyF2-Q2w39Q,lindenhurst-new-york
https://www.ubereats.com/nyc-suburbs/food-delivery/lindenhurst-diner/3JgLAvjKSaWknLR49Itf9g,lindenhurst-new-york
https://www.ubereats.com/nyc-suburbs/food-delivery/winnies/MTMbbgxeTGybqgaL3zeHMw,lindenhurst-new-york
https://www.ubereats.com/nyc-suburbs/food-delivery/sortos-top-bun-burgers-%26-fries/j77szcYcTzqab2I2ummtOA,lindenhurst-new-york
https://www.ubereats.com/nyc-suburbs/food-delivery/ninja-ramen-%26-poke-bowl/KSDdnsRXQciCbveCD0cgdg,lindenhurst-new-york
https://www.ubereats.com/nyc-suburbs/food-delivery/crown-fried-chicken-31-bay-shore/0QBGXp1VT8qefAScf7X-UQ,lindenhurst-new-york
https://www.ubereats.com/nyc-suburbs/food-delivery/wendys-1234-deer-park-ave/lPxzN7SzRdCn63vw0OsoJw,lindenhurst-new-york
https://www.ubereats.com/nyc-suburbs/food-delivery/dunkin-19-bay-shore-rd/MLJjnHlLRSK1OmFWb1QKLA,lindenhurst-new-york
https://www.ubereats.com/nyc-suburbs/food-delivery/dunkin-1201-deer-park-ave/D1R5R3QcQsy5LI16il4oYQ,lindenhurst-new-york
https://www.ubereats.com/nyc-suburbs/food-delivery/marinos-pizza/5j7ijtLASZ2NCdKyBkuv5g,lindenhurst-new-york
https://www.ubereats.com/nyc-suburbs/food-delivery/smashburger-1223-wantagh-ave/5adc8UWzRSSc-W34g-UuSA,lindenhurst-new-york
https://www.ubereats.com/nyc-suburbs/food-delivery/ginos-of-lindenhurst-pizzeria-%26-restaurant/2noBPedOTb6ozODPXt35Ww,lindenhurst-new-york
https://www.ubereats.com/nyc-suburbs/food-delivery/subway-739-wantagh-ave/BRInHRB4Tj-EWaermhToCw,lindenhurst-new-york
https://www.ubereats.com/nyc-suburbs/food-delivery/long-island-pekin/_B_zovjSQ7KkVGqFX9iydw,lindenhurst-new-york
https://www.ubereats.com/nyc-suburbs/food-delivery/thai-green-leaf/djzV6a7ZQrWXrdjH0-JF-A,lindenhurst-new-york
https://www.ubereats.com/nyc-suburbs/food-delivery/kawa-sushi/LZptUc2fSsWuXSIdmNm97w,lindenhurst-new-york
https://www.ubereats.com/nyc-suburbs/food-delivery/taco-bell-85-e-sunrise-hwy/R4N2fH2MTcy1wt5B4egLBA,lindenhurst-new-york
https://www.ubereats.com/nyc-suburbs/food-delivery/boston-market-163-east-montauk-hwy/sUUc-GPfTYCmyxpvG7147Q,lindenhurst-new-york
https://www.ubereats.com/nyc-suburbs/food-delivery/ajs-gourmet-grilled-cheese-shop/kU2uym5ySqa4TZ5NBllNRA,lindenhurst-new-york
https://www.ubereats.com/nyc-suburbs/food-delivery/hooties-burger-bar-farmingdale/218R-oTYSom3TamOWMjIIw,lindenhurst-new-york
https://www.ubereats.com/nyc-suburbs/food-delivery/dunkin-194-merritts-rd/-8dqphWiQv2tmcs-K_n0Og,lindenhurst-new-york
https://www.ubereats.com/nyc-suburbs/food-delivery/taco-bell-1260-wantagh-avenue/zh-9kBGFRDyHBnrwuz2Y_A,lindenhurst-new-york
https://www.ubereats.com/nyc-suburbs/food-delivery/kawa-poke-bowls/GZtLUj0eRSaEnj_U7lh1gg,lindenhurst-new-york
https://www.ubereats.com/nyc-suburbs/food-delivery/alfredos-pizza/JEwhucBVRJ-qhjwEgiI_VA,lindenhurst-new-york
https://www.ubereats.com/nyc-suburbs/food-delivery/buffalos-cafe-lindenhurst/apUwQQf6RsGe9Brwri2hwA,lindenhurst-new-york
https://www.ubereats.com/nyc-suburbs/food-delivery/subway-477-park-ave/E6qrlKViQsuvcVCsQYeyzA,lindenhurst-new-york
https://www.ubereats.com/nyc-suburbs/food-delivery/mcdonalds-levittown-hempstead/YCqJAbI1Svu4wnUh3GoNVA,lindenhurst-new-york
https://www.ubereats.com/nyc-suburbs/food-delivery/starbucks-melville/rqrm0bdjQimZj3BG2hw1cw,lindenhurst-new-york
https://www.ubereats.com/nyc-suburbs/food-delivery/the-one-juicy-cajun-seafood/8QvXjrsGSLK3g1HDiIo66Q,lindenhurst-new-york
https://www.ubereats.com/nyc-suburbs/food-delivery/burger-king-700-farmingdale-road/LyaEUsAxT0Sp00dRcm2MJg,lindenhurst-new-york
https://www.ubereats.com/nyc-suburbs/food-delivery/a%26s-fine-foods/8FjNDyasSiuc2TKDHVMZLA,lindenhurst-new-york
https://www.ubereats.com/nyc-suburbs/food-delivery/uncle-louie-g-ices-and-ice-cream-lindenhurst/n_3Ta10-S1aeT4K6fPZQuA,lindenhurst-new-york
https://www.ubereats.com/nyc-suburbs/food-delivery/petes-deli/zBXDRAp3Rjys9v0vfAez5A,lindenhurst-new-york
https://www.ubereats.com/nyc-suburbs/food-delivery/season-kitchen/Wq0-ktC0QQ2dBVblN74SGQ,lindenhurst-new-york
https://www.ubereats.com/nyc-suburbs/food-delivery/taco-bell-3946-hempstead-turnpike/-Kz4bJNIQfe_rD99daNVkg,lindenhurst-new-york
https://www.ubereats.com/nyc-suburbs/food-delivery/glens-dinette/dKvgQ4tKScuX3G8DEcj6NQ,lindenhurst-new-york
https://www.ubereats.com/nyc-suburbs/food-delivery/el-paso-taco-grill/iDgaNNGeRNipXYIwIT6vtQ,lindenhurst-new-york
https://www.ubereats.com/nyc-suburbs/food-delivery/hurricane-grill-%26-wings-lindenhurst/m-xEvOCyQZisimyRrxxbtA,lindenhurst-new-york
https://www.ubereats.com/nyc-suburbs/food-delivery/forum-diner/hw_cn5wlREeVeYpZ5Zm-gw,lindenhurst-new-york
https://www.ubereats.com/nyc-suburbs/food-delivery/one-eye-jacks/X-xmfDyZQciaH7dDz5dnwA,lindenhurst-new-york
https://www.ubereats.com/nyc-suburbs/food-delivery/a-touch-of-italy/RXi0NG6mT7Sliy0FGaO6nw,lindenhurst-new-york
https://www.ubereats.com/nyc-suburbs/food-delivery/gold-%26-meyers-gourmet-deli-%26-bagelry/ZpQPsYdMSXGvhbPEnesb2w,lindenhurst-new-york
https://www.ubereats.com/nyc-suburbs/food-delivery/subway-1270-wellwood-ave/XTVSCWvxT2O3pyLwRliQtQ,lindenhurst-new-york
https://www.ubereats.com/nyc-suburbs/food-delivery/mcdonalds-131-sunrise-hwy-bobs-shopping-center/WNrBXkQtSSCvCxZOCm3V_A,lindenhurst-new-york
https://www.ubereats.com/nyc-suburbs/food-delivery/taco-joes-west-babylon/rl-YMLy4TGuFhhik86kgNw,lindenhurst-new-york
https://www.ubereats.com/nyc-suburbs/food-delivery/atlantis-diner-ordermark/jgjdpHuDR1-H9QEqeKt-rA,lindenhurst-new-york
https://www.ubereats.com/nyc-suburbs/food-delivery/plainview-diner/mxg--bLTRRK8epEjZJu14w,lindenhurst-new-york
https://www.ubereats.com/nyc-suburbs/food-delivery/king-halal/C-iEsyEzRjix-bcWrgL_ug,lindenhurst-new-york
https://www.ubereats.com/nyc-suburbs/food-delivery/carvel-350-east-montauk-highway/W_AordqfT8mG1VeLxiNPFg,lindenhurst-new-york
https://www.ubereats.com/nyc-suburbs/food-delivery/lindys-restaurant/YPu-jYvTTf-kMydlO5wO9w,lindenhurst-new-york
https://www.ubereats.com/nyc-suburbs/food-delivery/dunkin-1399-hicksville-rd/dO-mDCFbR_C3H52ba7MNcg,lindenhurst-new-york
https://www.ubereats.com/nyc-suburbs/food-delivery/lazzat-indian-restaurant-nassau/KKgbdQLWQvOndKV1XeKWmg,lindenhurst-new-york
https://www.ubereats.com/nyc-suburbs/food-delivery/horace-and-sylvias-publick-house/ZfP1xPs9Qh6XuZSmPNOjlQ,lindenhurst-new-york
https://www.ubereats.com/nyc-suburbs/food-delivery/moes-southwest-grill-5288-sunrise-hwy/EcSsadLOR8OKrMrf-ziKgw,lindenhurst-new-york
https://www.ubereats.com/nyc-suburbs/food-delivery/babylon-carriage-house/3AtqE1X0SYakHR50EiMzcA,lindenhurst-new-york
https://www.ubereats.com/nyc-suburbs/food-delivery/mcdonalds-334-e-montauk-hwy/1Ba7eoPCSpqrHdk4Sy7LOg,lindenhurst-new-york
https://www.ubereats.com/nyc-suburbs/food-delivery/lasdelicias-latinas/2l1X4DjZTmyfQV5CF8F7dA,lindenhurst-new-york
https://www.ubereats.com/nyc-suburbs/food-delivery/new-taste-cuisine/kW2xW_kxSYi-701Aso4BQQ,lindenhurst-new-york
https://www.ubereats.com/nyc-suburbs/food-delivery/fans-dim-sum-palace/EtmTzZqMR5aJ2qLocyN9JQ,lindenhurst-new-york
https://www.ubereats.com/nyc-suburbs/food-delivery/taco-bell-311-montauk-hwy/5rMikkBUQV2cFPCxBo0Xxw,lindenhurst-new-york
https://www.ubereats.com/nyc-suburbs/food-delivery/a-%26-g-bakery/-8cH7Y-XSyWTR1aVRRYgyg,lindenhurst-new-york
https://www.ubereats.com/nyc-suburbs/food-delivery/cornucopias-noshery/fHk7rRDSSPyly2XbhWd19g,lindenhurst-new-york
https://www.ubereats.com/nyc-suburbs/food-delivery/dunkin-1011-route-109/Qu1KdcT_SGmmPmkYuEBfSg,lindenhurst-new-york
https://www.ubereats.com/nyc-suburbs/food-delivery/kebab-express-%7C-halal-grill/14Af3jKFSHGQvHbOKJheyw,lindenhurst-new-york
https://www.ubereats.com/nyc-suburbs/food-delivery/karinas-deli/xzzzLGW3ST-4eVDqAPApew,lindenhurst-new-york
https://www.ubereats.com/nyc-suburbs/food-delivery/yogurt-%26-such-cafe-massapequa/SUARfx99QyW-hJIzlJYMoQ,lindenhurst-new-york
https://www.ubereats.com/nyc-suburbs/food-delivery/kfc-melville/UHEQelF4S7u3NuKLVJmosg,lindenhurst-new-york
https://www.ubereats.com/nyc-suburbs/food-delivery/railroad-bagel-express/1bApAw5ASKSzCewMXqwJpg,lindenhurst-new-york
https://www.ubereats.com/nyc-suburbs/food-delivery/dunkin-4886-sunrise-hwy/WdEM1FOiRJmm9IKZquNX3w,lindenhurst-new-york
https://www.ubereats.com/nyc-suburbs/food-delivery/ginos-pizza/zHikGqlETHm-PheGES9LGg,lindenhurst-new-york
https://www.ubereats.com/nyc-suburbs/food-delivery/bonillas-pizza/k_RMo67fRSa897MRlQBGeA,lindenhurst-new-york
https://www.ubereats.com/nyc-suburbs/food-delivery/takeshi-sushi-%26-teriyaki/u6-mrMfHS3-4WFJnmyhVFQ,lindenhurst-new-york
https://www.ubereats.com/nyc-suburbs/food-delivery/franciscos-vegan-pizzeria/0xVUMAmnReO8r32rmtjCbA,lindenhurst-new-york
https://www.ubereats.com/nyc-suburbs/food-delivery/five-guys-ny-1767-1701-sunrise-hwy/UC0fRfypRO6qf50lYn3LxA,lindenhurst-new-york
https://www.ubereats.com/nyc-suburbs/food-delivery/subway-729-sunrise-hwy/AZ7YsotRQLW1N3L5jJG23w,lindenhurst-new-york
https://www.ubereats.com/nyc-suburbs/food-delivery/hersheys-ice-cream/rxRCOvFJReK4jYNE0sw7vw,lindenhurst-new-york
https://www.ubereats.com/nyc-suburbs/food-delivery/jersey-mikes-155-w-sunrise-highway/sGAG6UZsQAWqnKWAHQiQ2A,lindenhurst-new-york
https://www.ubereats.com/nyc-suburbs/food-delivery/buffalo-wild-wings-1701-sunrise-hwy/b7CqX-nnTriZ5Dlei55b3g,lindenhurst-new-york
https://www.ubereats.com/nyc-suburbs/food-delivery/red-lobster-1700-the-arches-circle/OfB4eAOrQMqTJ_Ip7QWU6w,lindenhurst-new-york
https://www.ubereats.com/nyc-suburbs/food-delivery/the-tap-room-massapequa/L4AbuA1uTqaYThavJ34F8Q,lindenhurst-new-york
https://www.ubereats.com/nyc-suburbs/food-delivery/friendlys-4812-sunrise-hwy/XFqxysE1RVuFnspIfkCEBQ,lindenhurst-new-york
https://www.ubereats.com/nyc-suburbs/food-delivery/pdq-1004-broadhollow-road/n3-FFSl7SHGgbrMsQsi1vQ,lindenhurst-new-york
https://www.ubereats.com/nyc-suburbs/food-delivery/il-vizio-ristorante/Or31eLbnSSetQVLjOVBwTQ,lindenhurst-new-york
https://www.ubereats.com/nyc-suburbs/food-delivery/rancho-jubilee/G6P27elGR9aKAAKlkyY7YA,lindenhurst-new-york
https://www.ubereats.com/nyc-suburbs/food-delivery/burger-king-1200-ny-109/L-FBR0JlTiaiE4Z1-OKswQ,lindenhurst-new-york
https://www.ubereats.com/nyc-suburbs/food-delivery/bougatfa-halal-food/AFjItcpRSeiaqZXNjDEOOw,lindenhurst-new-york
https://www.ubereats.com/nyc-suburbs/food-delivery/h2o-seafood-%26-sushi-east-islip/K9aRdNmKSZa_R5KCcJZB9Q,lindenhurst-new-york
https://www.ubereats.com/nyc-suburbs/food-delivery/la-la-bistro-soup-salad-%26-sandwich-bar/dkz9EHxARIGIcrSgjIzJaw,lindenhurst-new-york
https://www.ubereats.com/nyc-suburbs/food-delivery/kfc-amityville/4iUEXbfATvuOJe9fDTxKGQ,lindenhurst-new-york
https://www.ubereats.com/nyc-suburbs/food-delivery/the-ice-cream-shop/v0Kpt79-Rd6Mc3LAlq6cGQ,lindenhurst-new-york
https://www.ubereats.com/nyc-suburbs/food-delivery/sotto-sopra-pizza/GP7AaX_4Syq2JgDsUJpgUQ,lindenhurst-new-york
https://www.ubereats.com/nyc-suburbs/food-delivery/brunellos-heroes/hO5-qnd4RayOpXxkm5GkIw,lindenhurst-new-york
https://www.ubereats.com/nyc-suburbs/food-delivery/gourmet-surf-cafe-babylon/gsKPmQuQSNayLQHWsk_IoA,lindenhurst-new-york
https://www.ubereats.com/nyc-suburbs/food-delivery/doughology/yqwLK7pQSzC_KthACRBVSg,lindenhurst-new-york
https://www.ubereats.com/nyc-suburbs/food-delivery/bella-vie/jPNLbWFlSt-nsnFWiwjIRw,lindenhurst-new-york
https://www.ubereats.com/nyc-suburbs/food-delivery/k-t-wines-%26-liquors/wscHztwTSMWJE9Af-JiCAw,lindenhurst-new-york
https://www.ubereats.com/nyc-suburbs/food-delivery/mulcahys-pub-and-concert-hall/FGhzshFtQsigBhF7CG1sLw,lindenhurst-new-york
https://www.ubereats.com/nyc-suburbs/food-delivery/avenue-bagels/L1U9EzsbTjCqj6MIBGUgJA,lindenhurst-new-york
https://www.ubereats.com/nyc-suburbs/food-delivery/the-better-bagel/0cG1OtNyS-O7bW4bgyFoIg,lindenhurst-new-york
https://www.ubereats.com/nyc-suburbs/food-delivery/higbie-bagels/_cqEscOTRDeLsEGpdBdqxQ,lindenhurst-new-york
https://www.ubereats.com/nyc-suburbs/food-delivery/iavarone-italian-kitchen-%26-pizzeria/aeRkDyX_TtC23u7JSibRhQ,lindenhurst-new-york
https://www.ubereats.com/nyc-suburbs/food-delivery/slice-of-bay-shore/ce0kcoeKQ8GizlrE653zkQ,lindenhurst-new-york
https://www.ubereats.com/nyc-suburbs/food-delivery/savor-eatery/2BioJt0eQIK4AO0IzkzvOg,lindenhurst-new-york
https://www.ubereats.com/nyc-suburbs/food-delivery/the-refuge/nDLx9G_7RPeajr_oZL-9kA,lindenhurst-new-york
https://www.ubereats.com/nyc-suburbs/food-delivery/blaze-pizza-1047-w-montauk-hwy/w_M0G3sTTsG7-HGo88PSjw,lindenhurst-new-york
https://www.ubereats.com/nyc-suburbs/food-delivery/figueroas-deli-copiague/VwKaj00DQySSfqZj3Ba9Bw,lindenhurst-new-york
https://www.ubereats.com/nyc-suburbs/food-delivery/xing-wang-kitchen/2d8lL_MYQkiKAng0qyuOsw,lindenhurst-new-york
https://www.ubereats.com/nyc-suburbs/food-delivery/chicken-tonight/UUJpBGgGRq-uTTwOUIXUyw,lindenhurst-new-york
https://www.ubereats.com/nyc-suburbs/food-delivery/captree-gourmet-deli/VfQU3uGXTi2pqlpDDxWnnA,lindenhurst-new-york
https://www.ubereats.com/nyc-suburbs/food-delivery/napper-tandys-bay-shore/zgLpTGDdRHi6BwIakXYHDg,lindenhurst-new-york
https://www.ubereats.com/nyc-suburbs/food-delivery/sonic-1380-deer-park-avenue/sVSv5WDSS2GyMeStMcblNw,lindenhurst-new-york
https://www.ubereats.com/nyc-suburbs/food-delivery/delicias-latinas-bakery-restaurant/sdX9ZHRuQByyV0Yow8nWEA,lindenhurst-new-york
https://www.ubereats.com/nyc-suburbs/food-delivery/richies-pizza/W1CHz8I_QpiP9JQUHgSrVw,lindenhurst-new-york
https://www.ubereats.com/nyc-suburbs/food-delivery/pf-changs-160-walt-whitman-rd-space-1027b/h7vMmJDvTpaFGQrqfdQYaQ,lindenhurst-new-york
https://www.ubereats.com/nyc-suburbs/food-delivery/island-empanada/pLpaYXyXTpm4nyXu87fhAg,lindenhurst-new-york
https://www.ubereats.com/nyc-suburbs/food-delivery/post-office-cafe/gWC5kYTQS6SgI1dcd1j_7Q,lindenhurst-new-york
https://www.ubereats.com/nyc-suburbs/food-delivery/smashburger-36-e-sunrise-hwy/5fQNmaP_SSWX0Oq4bEBAiw,lindenhurst-new-york
https://www.ubereats.com/nyc-suburbs/food-delivery/la-piazza/FMTlk8HFTuyVkTflMPbs8w,lindenhurst-new-york
https://www.ubereats.com/nyc-suburbs/food-delivery/junos-pizza-new-york-city/UsF_-mrMS4CXDVEAnXc43w,lindenhurst-new-york
https://www.ubereats.com/nyc-suburbs/food-delivery/brekkie-bagels/k9dIcbSeT32XHTVpOU5uxQ,lindenhurst-new-york
https://www.ubereats.com/nyc-suburbs/food-delivery/hells-kitchen/Rr0pZuxkQJqC8i3VuglP6g,lindenhurst-new-york
https://www.ubereats.com/nyc-suburbs/food-delivery/kaze-japanese-sushi-%26-hibachi/tlG10XaRRSyeQjT6w52_LA,lindenhurst-new-york
https://www.ubereats.com/nyc-suburbs/food-delivery/local-babylon/lm2AEGyeRTei1ecDbjFjBA,lindenhurst-new-york
https://www.ubereats.com/nyc-suburbs/food-delivery/empanada-shoppe/9H3rpAbWQlKw3rHVqXo7Ww,lindenhurst-new-york
https://www.ubereats.com/nyc-suburbs/food-delivery/the-republic-pub/RQbW-XRASiGIBCkxta6hSw,lindenhurst-new-york
https://www.ubereats.com/nyc-suburbs/food-delivery/sweet-surrender-bake-house/jPQVVCHRS0iXk57dHwRX-g,lindenhurst-new-york
https://www.ubereats.com/nyc-suburbs/food-delivery/kenko-asian-cuisine/mTPcExgSSF6Pq3dBftlZCg,lindenhurst-new-york
https://www.ubereats.com/nyc-suburbs/food-delivery/lindys-deli/SvsuZweYSMqB6rswkBwghw,lindenhurst-new-york
https://www.ubereats.com/nyc-suburbs/food-delivery/jersey-mikes-5050-sunrise-highway/BBcSOcEERdO-2KuqZNUYRA,lindenhurst-new-york
https://www.ubereats.com/nyc-suburbs/food-delivery/peters-diner/yA6SCSCiSlyOHB2DNceLfA,lindenhurst-new-york
https://www.ubereats.com/nyc-suburbs/food-delivery/109-thaiana/RhdR0UctSe2eNBOFy_1GcQ,lindenhurst-new-york
https://www.ubereats.com/nyc-suburbs/food-delivery/bay-shore-deli-%26-grocery/0VZTvnHGTcq3lca4cx_eVQ,lindenhurst-new-york
https://www.ubereats.com/nyc-suburbs/food-delivery/brick-%26-cork/XxT3bXawSZylb-JRatLVyA,lindenhurst-new-york
https://www.ubereats.com/nyc-suburbs/food-delivery/pinatas-mexican-grill-massapequa/HPaVe0PDTE24Zk8DZ1kwsg,lindenhurst-new-york
https://www.ubereats.com/nyc-suburbs/food-delivery/deli-zone/Q8KK_1qUQtW1bwMqnXGunw,lindenhurst-new-york
https://www.ubereats.com/nyc-suburbs/food-delivery/fried-chicken-%40-deli/HawfRVdAQp-f3rniDCQIXg,lindenhurst-new-york
https://www.ubereats.com/nyc-suburbs/food-delivery/subway-914-carmans-rd/skQxhTDwSIaE_issgTb8Tg,lindenhurst-new-york
https://www.ubereats.com/nyc-suburbs/food-delivery/frankies-east-side-gourmet-restaurant/CvA13tE4S_C5q0IBzvYzNg,lindenhurst-new-york
https://www.ubereats.com/nyc-suburbs/food-delivery/taco-bell-1245-deer-park-ave/lazwpWdnQ1atMdL-prkCHw,lindenhurst-new-york
https://www.ubereats.com/nyc-suburbs/food-delivery/emmas-deli/eccpzdGwSj6I-B7KSituBQ,lindenhurst-new-york
https://www.ubereats.com/nyc-suburbs/food-delivery/starbucks-farmingdale/aGhIAXbeRAGUWyPoaquQ-w,lindenhurst-new-york
https://www.ubereats.com/nyc-suburbs/food-delivery/mcdonalds-221-e-sunrise-hwy/A6iyI22RRBaCq51khibmDg,lindenhurst-new-york
https://www.ubereats.com/nyc-suburbs/food-delivery/mcdonalds-1255-deer-park-ave/c2EvaAuHRIGjbM7sWtpjLQ,lindenhurst-new-york
https://www.ubereats.com/nyc-suburbs/food-delivery/taco-bell-490-e-main-street/GXqyLdfjTTuxeJBOOx3kug,lindenhurst-new-york
https://www.ubereats.com/nyc-suburbs/food-delivery/toxic-wings-deer-park/ZgT6WoVBQIu5E6J-jYfTUA,lindenhurst-new-york
https://www.ubereats.com/nyc-suburbs/food-delivery/grandpa-js-bagel-and-deli/HDbdmUcSSkGl3_gXX4V1HQ,lindenhurst-new-york
https://www.ubereats.com/nyc-suburbs/food-delivery/coastal-kitchen-%26-daiquiri-bar/eZQx_VBfTQ-NM6KyJ25-9w,lindenhurst-new-york
https://www.ubereats.com/nyc-suburbs/food-delivery/sobol-massapequa-park/zFShVVo1SN2WWPhHaPmNpA,lindenhurst-new-york
https://www.ubereats.com/nyc-suburbs/food-delivery/andys-italian-ices-kitchen-nyc/fo1Qyd-zTWy1awXA43Nkjg,lindenhurst-new-york
https://www.ubereats.com/nyc-suburbs/food-delivery/subway-1490-5th-ave/I0c9pkNMSI69QwHpfvyR0w,lindenhurst-new-york
https://www.ubereats.com/nyc-suburbs/food-delivery/pokeworks-8285-jericho-turnpike/XJzASb1bSpaz4_TsHN3NDA,lindenhurst-new-york
https://www.ubereats.com/nyc-suburbs/food-delivery/dunkin-34-hempstead-tpke/cswJyDKDRg-QOxkDrsHiEQ,lindenhurst-new-york
https://www.ubereats.com/nyc-suburbs/food-delivery/carvel-2134-deer-park-avenue/kr34HC8ZTVeVBaMzqhXwIA,lindenhurst-new-york
https://www.ubereats.com/nyc-suburbs/food-delivery/tang-asian-fusion/lEG9NgGjTsWN9qt_-zB30g,lindenhurst-new-york
https://www.ubereats.com/nyc-suburbs/food-delivery/local-burger-co-bayshore/1ne_YsmUTGWjaJMHwmxpEQ,lindenhurst-new-york
https://www.ubereats.com/nyc-suburbs/food-delivery/wellwood-bagels-and-bialy/FGVEuPMGQliAvkaaNPO0Xw,lindenhurst-new-york
https://www.ubereats.com/nyc-suburbs/food-delivery/taj-tandoor/bgImilHQTWm7tHSYpZoc1w,lindenhurst-new-york
https://www.ubereats.com/nyc-suburbs/food-delivery/burger-king-1300-deer-park-avenue/_ppJLPslTsybugYc-hBx-A,lindenhurst-new-york
https://www.ubereats.com/nyc-suburbs/food-delivery/the-olympic-diner/r2PLC-N2RiGhxUhB_0_HiQ,lindenhurst-new-york
https://www.ubereats.com/nyc-suburbs/food-delivery/ali-baba-halal/dw4Y1R7SRMOfVK_6vzS7Jw,lindenhurst-new-york
https://www.ubereats.com/nyc-suburbs/food-delivery/shahs-halal-lindenhurst/SYXz3cobTJeN47vzn-06iw,lindenhurst-new-york
https://www.ubereats.com/nyc-suburbs/food-delivery/subway-1393-straight-path/iGoImLgyRMSg7rMb0rw8OA,lindenhurst-new-york
https://www.ubereats.com/nyc-suburbs/food-delivery/monsoon/CuzzskgtQriOtECTZmvcRg,lindenhurst-new-york
https://www.ubereats.com/nyc-suburbs/food-delivery/burger-king-628-east-montauk-highway/vLqwxf9dSympDtGacStzVA,lindenhurst-new-york
https://www.ubereats.com/nyc-suburbs/food-delivery/fukee/ZCXNNT9KSmirRE3_lJ3SFg,lindenhurst-new-york
https://www.ubereats.com/nyc-suburbs/food-delivery/sbarro-479-sunrise-mall/_iu-YDtVQYWjyG0qZS8jYA,lindenhurst-new-york
https://www.ubereats.com/nyc-suburbs/food-delivery/ihop-lindenhurst/f4MH22_GRHO-QhQ5KT3qaQ,lindenhurst-new-york
https://www.ubereats.com/nyc-suburbs/food-delivery/popeyes-155-w-sunrise-hwy/z_sl13xIQKSYYLPxxByNCw,lindenhurst-new-york
https://www.ubereats.com/nyc-suburbs/food-delivery/dunkin-2109-broadhollow-rd/i_OFEDqXR1SbeisvzG7tsA,lindenhurst-new-york
https://www.ubereats.com/nyc-suburbs/food-delivery/hibachi-and-noodle-japan/M81L99L8Rv2_DJHrPXQvow,lindenhurst-new-york
https://www.ubereats.com/nyc-suburbs/food-delivery/tai-show-hibachi/G9QhBoLiQ7GH7x1mlMoZVw,lindenhurst-new-york
https://www.ubereats.com/nyc-suburbs/food-delivery/golden-orange/ZLqhnYq_ShuKm2oULY2VgA,lindenhurst-new-york
https://www.ubereats.com/nyc-suburbs/food-delivery/dunkin-1906-deer-park-ave/JOdgUVSaRHS6b9zN13UnqQ,lindenhurst-new-york
https://www.ubereats.com/nyc-suburbs/food-delivery/stuff-a-bagel-montauk-hwy/Ok8LlQQaT5uZxVVyRsSxPQ,lindenhurst-new-york
https://www.ubereats.com/nyc-suburbs/food-delivery/charleys-philly-steaks-westfield-sunrise-mall/B2J9gBTRT9yby4LG342tDg,lindenhurst-new-york
https://www.ubereats.com/nyc-suburbs/food-delivery/subway-1028-montauk-hwy/F5e07yIrRYW3B6ZeKwHzYA,lindenhurst-new-york
https://www.ubereats.com/nyc-suburbs/food-delivery/francescos-pizzeria/WQh4bIemRjmI_GtD8vku_g,lindenhurst-new-york
https://www.ubereats.com/nyc-suburbs/food-delivery/carvel-1163-deer-park-ave/zu698Oy9T8qqkc0u8gTUsA,lindenhurst-new-york
https://www.ubereats.com/nyc-suburbs/food-delivery/sabor-a-colombia/S2-RYZlmSoO4Y6cJS_wCLw,lindenhurst-new-york
https://www.ubereats.com/nyc-suburbs/food-delivery/3-brothers-vegan-cafe/LcB0bR2NRIGwHVc1uaJp6Q,lindenhurst-new-york
https://www.ubereats.com/nyc-suburbs/food-delivery/core-life-eatery/FgTGqhltS66UdfDTfVxP5Q,lindenhurst-new-york
https://www.ubereats.com/nyc-suburbs/food-delivery/brunello-italian-kitchen/62d9X1yGR6iLgP5kWScQkA,lindenhurst-new-york
https://www.ubereats.com/nyc-suburbs/food-delivery/wendys-2123-broadhollow-rd/U4FQr83QTXqYF1jQVUGtpw,lindenhurst-new-york
https://www.ubereats.com/nyc-suburbs/food-delivery/croxleys-ale-house-farmingdale/yjG0RYXbQdC8vIxcuM4pXA,lindenhurst-new-york
https://www.ubereats.com/nyc-suburbs/food-delivery/coyles-homemade-ice-cream/lkl0bfkAQe6rv1kjsFVWcQ,lindenhurst-new-york
https://www.ubereats.com/nyc-suburbs/food-delivery/our-little-italy/ej12RVcIQHuMdSwZAoEW4g,lindenhurst-new-york
https://www.ubereats.com/nyc-suburbs/food-delivery/papa-johns-1840-deer-park-ave/LUpzaS9oT6Cqqxx6OtNjHg,lindenhurst-new-york
https://www.ubereats.com/nyc-suburbs/food-delivery/changing-times-american-sports-bar-%26-grille/FAu5QqD7TDykre6s5J179w,lindenhurst-new-york
https://www.ubereats.com/nyc-suburbs/food-delivery/dunkin-41-sunrise-hwy/Vg8daaGPSsSZzJPxbuRyiA,lindenhurst-new-york
https://www.ubereats.com/nyc-suburbs/food-delivery/la-terraza-bar-%26-grill/f_tTPszRQfWLp7i_9jp5MA,lindenhurst-new-york
https://www.ubereats.com/nyc-suburbs/food-delivery/massapequa-diner/fyWGv-NjTESuAbxbdTAWsA,lindenhurst-new-york
https://www.ubereats.com/nyc-suburbs/food-delivery/khyber-grill-%26-gyro/yFz9ZkoPQMmMBijtxKoszQ,lindenhurst-new-york
https://www.ubereats.com/nyc-suburbs/food-delivery/one-10-restaurant/2SQzNYMbSjOcs5r0lSj2Aw,lindenhurst-new-york
https://www.ubereats.com/nyc-suburbs/food-delivery/exotic-bowls/qJ2_Q2ntTNyW_XSVUCGsrw,lindenhurst-new-york
https://www.ubereats.com/nyc-suburbs/food-delivery/dunkin-925-montauk-hwy/8mcEJwzCTQm6hpeasnJkmA,lindenhurst-new-york
https://www.ubereats.com/nyc-suburbs/food-delivery/wendys-220-route-109/kq77pCziQim-p7k2CAx9Fg,lindenhurst-new-york
https://www.ubereats.com/nyc-suburbs/food-delivery/mushroom-restaurant/JToxdR1MSr2YKIiQPCPiOQ,lindenhurst-new-york
https://www.ubereats.com/nyc-suburbs/food-delivery/jersey-mikes-subs-4025-hempstead-turnpike-suite-3/VE4XTu3lQ-SVfU7zmObiOg,lindenhurst-new-york
https://www.ubereats.com/nyc-suburbs/food-delivery/subway-965-broadhollow-rd/wSkvWJhfR7CdPj2CnPOUmA,lindenhurst-new-york
https://www.ubereats.com/nyc-suburbs/food-delivery/ciao-baby/FiEcOy6kQVuBoxRIFzXahg,lindenhurst-new-york
https://www.ubereats.com/nyc-suburbs/food-delivery/dark-horse-tavern/6Iztg-RYTNS02JH2bccItw,lindenhurst-new-york
https://www.ubereats.com/nyc-suburbs/food-delivery/ita-kitchen/r0GEW5Z1QhqQG2_vr26RVA,lindenhurst-new-york
https://www.ubereats.com/nyc-suburbs/food-delivery/chipotle-mexican-grill-901-broadhollow-rd/vkcDw-BOR8OZ2dt1cb8Prw,lindenhurst-new-york
https://www.ubereats.com/nyc-suburbs/food-delivery/317-main-street/VxAljB9nQk2aDh2wPS164g,lindenhurst-new-york
https://www.ubereats.com/nyc-suburbs/food-delivery/dalisa-pizza/u7-36_44RJiDssBiKZj0NQ,lindenhurst-new-york
https://www.ubereats.com/nyc-suburbs/food-delivery/la-mesa/Aqp1ryzbQH6eA43HYs2EEA,lindenhurst-new-york
https://www.ubereats.com/nyc-suburbs/food-delivery/wendys-820-montauk-highway/CNS96XuNRx6ohHbKTarKow,lindenhurst-new-york
https://www.ubereats.com/nyc-suburbs/food-delivery/jamaican-paradise-restaurant/kQuF-kw7RTKsUJY_tEpSDA,lindenhurst-new-york
https://www.ubereats.com/nyc-suburbs/food-delivery/burgerim/a8yYQmygT0Kg9MU0ZTMUOA,lindenhurst-new-york
https://www.ubereats.com/nyc-suburbs/food-delivery/dunkin-393-little-east-neck-rd/Gd-IuwftSd-Q2X88BXg1hA,lindenhurst-new-york
https://www.ubereats.com/nyc-suburbs/food-delivery/kfc-huntington/YizRlglFQHCQfbuFuFaxTA,lindenhurst-new-york
https://www.ubereats.com/nyc-suburbs/food-delivery/michaelangelos-wine-bar/zuFvcZuqQlWEmcceujV_uA,lindenhurst-new-york
https://www.ubereats.com/nyc-suburbs/food-delivery/cara-mia/7XljcGfJQHiznfNx2GEnbA,lindenhurst-new-york
https://www.ubereats.com/nyc-suburbs/food-delivery/dairy-queen-grill-%26-chill-5366-sunrise-hwy/0PEeYqFzRZaiO_IXcypFIQ,lindenhurst-new-york
https://www.ubereats.com/nyc-suburbs/food-delivery/yannibels-greek-cuisine/ONbUOEY4SLa3O89-Yb4XnA,lindenhurst-new-york
https://www.ubereats.com/nyc-suburbs/food-delivery/213-applebees-lindenhurst/KHS_RBOFTj-7rGK47P5GPQ,lindenhurst-new-york
https://www.ubereats.com/nyc-suburbs/food-delivery/east-eats/tGKFv3o9R2ugzglfTxzgRQ,lindenhurst-new-york
https://www.ubereats.com/nyc-suburbs/food-delivery/starbucks-amityville-broadway/OcRg5Lk3QB6fNSDRipJ4AA,lindenhurst-new-york
https://www.ubereats.com/nyc-suburbs/food-delivery/brownstones-coffee/ZXwSw5JWQFOuFhDqYUr2Qg,lindenhurst-new-york
https://www.ubereats.com/nyc-suburbs/food-delivery/the-crazy-bagel/QBno-HyLSyC7x4aU3XKpzg,lindenhurst-new-york
https://www.ubereats.com/nyc-suburbs/food-delivery/subway-66-e-sunrise-hwy/mS001dKXRF-NbFS66aP-CA,lindenhurst-new-york
https://www.ubereats.com/nyc-suburbs/food-delivery/mvp-diner/1JgD_7I1Tx-A4FaxJNXcWg,lindenhurst-new-york
https://www.ubereats.com/nyc-suburbs/food-delivery/trento/Uxu_Et88QwO4VuZX4itxQw,lindenhurst-new-york
https://www.ubereats.com/nyc-suburbs/food-delivery/noamar-markets/GfmHConIQ0-YTv1sGkWUrw,lindenhurst-new-york
https://www.ubereats.com/nyc-suburbs/food-delivery/babylon-burger-bar/z6UDxqtOT5aHLmoJKTcnFg,lindenhurst-new-york
https://www.ubereats.com/nyc-suburbs/food-delivery/ritas-italian-ice/UQ1zk2p0Rw-ZgJa1ipdurA,lindenhurst-new-york
https://www.ubereats.com/nyc-suburbs/food-delivery/grecian-grill/YenfZw79QTCnmt9_DrhBrw,lindenhurst-new-york
https://www.ubereats.com/nyc-suburbs/food-delivery/island-soul-restaurant/GfLAnYC_RM-2DLjywLezBw,lindenhurst-new-york
https://www.ubereats.com/nyc-suburbs/food-delivery/haagen-dazs-1701-sunrise-hgwy-space-%239118/0Dnnz-KQQOaH3Ie5eVEdLg,lindenhurst-new-york
https://www.ubereats.com/nyc-suburbs/food-delivery/bagelman/bLwXzk7cS0CFeHPxJIM_fg,lindenhurst-new-york
https://www.ubereats.com/nyc-suburbs/food-delivery/chiddys-cheesesteaks/ZCaHOBcbRfaB4Hfo0U6IaQ,lindenhurst-new-york
https://www.ubereats.com/nyc-suburbs/food-delivery/jn-deli-%26-convenience/qVOfa6CITzSgrObgqpVaJA,lindenhurst-new-york
https://www.ubereats.com/nyc-suburbs/food-delivery/wendys-1255-sunrise-highway/WWIQXqJETm2Liyx2zR_SLA,lindenhurst-new-york
https://www.ubereats.com/nyc-suburbs/food-delivery/bo-bo-chinese-kitchen/9xKLBQyNRqOMAD-GGdLyOw,lindenhurst-new-york
https://www.ubereats.com/nyc-suburbs/food-delivery/carvel-5596-merrick-road/Fh4vK90zTOCVz5aWW-8Hfw,lindenhurst-new-york
https://www.ubereats.com/nyc-suburbs/food-delivery/yogurt-%26-such-cafe-west-babylon/fGEsyV-GScW14CJTv4K4jg,lindenhurst-new-york
https://www.ubereats.com/nyc-suburbs/food-delivery/carvel-280-n-wellwood-avenue/Hxb1wDe9ShePxR9FaSgSlQ,lindenhurst-new-york
https://www.ubereats.com/nyc-suburbs/food-delivery/mcdonalds-farmingdale-fulton/2l1l7zCQQCe8T-udr55tdg,lindenhurst-new-york
https://www.ubereats.com/nyc-suburbs/food-delivery/ching-lai-kitchen/ub8IgJGPT5yhJ5nlZqc6-Q,lindenhurst-new-york
https://www.ubereats.com/nyc-suburbs/food-delivery/island-jerk-north-babylon/g_-tu3NNQBmi_k4SzXgbnQ,lindenhurst-new-york
https://www.ubereats.com/nyc-suburbs/food-delivery/texas-taco/Zj-aFtVnQdCuS7Wb5YWcjg,lindenhurst-new-york
https://www.ubereats.com/nyc-suburbs/food-delivery/lindenhurst-bagels-%26-deli/wolrG8CqRzWtpccXp-j49w,lindenhurst-new-york
https://www.ubereats.com/nyc-suburbs/food-delivery/the-panini-press/45moNxXMTGqOrD0_VccEmQ,lindenhurst-new-york
https://www.ubereats.com/nyc-suburbs/food-delivery/vibes-jamaican-restaurant/MRgWpEenQEuSEOBZPP_aEQ,lindenhurst-new-york
https://www.ubereats.com/nyc-suburbs/food-delivery/mcdonalds-1484-5th-ave/R4H9dX8iRRGRjAEe9xAOuA,lindenhurst-new-york
https://www.ubereats.com/nyc-suburbs/food-delivery/burger-king-3960-sunrise-highway/ZiSlbxDzS9GnPWFO8eBhUQ,lindenhurst-new-york
https://www.ubereats.com/nyc-suburbs/food-delivery/houlihans-farmingdale/0tpMkdZiQTSo1-j8MQV2cw,lindenhurst-new-york
https://www.ubereats.com/nyc-suburbs/food-delivery/outback-steakhouse-612-wellwood-avenue/vAS-Fp9mR_6SYVec8ELdYg,lindenhurst-new-york
https://www.ubereats.com/nyc-suburbs/food-delivery/dunkin-320-e-montauk-hwy/tGGJFy32Sh20VlSVo0Lb8g,lindenhurst-new-york
https://www.ubereats.com/nyc-suburbs/food-delivery/bagel-cafe-%26-eatery/E72adJ_QQ92-XSyvqmEZnw,lindenhurst-new-york
https://www.ubereats.com/nyc-suburbs/food-delivery/burger-king-1131-wantagh-avenue/YPsBvcY-RUaHb1jnYPWESg,lindenhurst-new-york
https://www.ubereats.com/nyc-suburbs/food-delivery/brothers-cafe-in-copaigue/fmSVMendTZ-DQlrskY_ZmA,lindenhurst-new-york
https://www.ubereats.com/nyc-suburbs/food-delivery/bagel-factory/8ZtlkXpxQby0sb7oK5u7MQ,lindenhurst-new-york
https://www.ubereats.com/nyc-suburbs/food-delivery/fredos-pizza-%26-pasta/GUGjkZnRRRWt5emSgRneGA,lindenhurst-new-york
https://www.ubereats.com/nyc-suburbs/food-delivery/mary-carrolls/Zse6pT4jTM2KVXS9ZSBoGw,lindenhurst-new-york
https://www.ubereats.com/nyc-suburbs/food-delivery/town-bagel-massapequa-park/ZiN7xS50Td6GpxOMlTXiOQ,lindenhurst-new-york
https://www.ubereats.com/nyc-suburbs/food-delivery/pizza-king/nO_QNZp_TUqr32E69bOdKg,lindenhurst-new-york
https://www.ubereats.com/nyc-suburbs/food-delivery/maracas-southwest-grill/dafH_X4lSR2vxvy7d6xUMw,lindenhurst-new-york
https://www.ubereats.com/nyc-suburbs/food-delivery/caffe-catania/QmD79xI7TKuHPMUvtgUbFw,lindenhurst-new-york
https://www.ubereats.com/nyc-suburbs/food-delivery/the-village-pub/q12Q2zZOTaCi1xPniCTY-Q,lindenhurst-new-york
https://www.ubereats.com/nyc-suburbs/food-delivery/auntie-annes-1701-sunrise-highway/Ey2si-lOQJS6COJqukSg1Q,lindenhurst-new-york
https://www.ubereats.com/nyc-suburbs/food-delivery/johnny-mcgoreys-pub/6gmWo6VpSY2IyN47-2A0qw,lindenhurst-new-york
https://www.ubereats.com/nyc-suburbs/food-delivery/taco-bell-810-broadway/rg8IIHG7SUaXA1TJ1HO1Cg,lindenhurst-new-york
https://www.ubereats.com/nyc-suburbs/food-delivery/burger-king-4201-hempstead-turnpike/nwogdWuARH2TmHxWnsWzHA,lindenhurst-new-york
https://www.ubereats.com/nyc-suburbs/food-delivery/209-applebees-farmingdale/0Q8X4pkLT9OEvxN7shiL5Q,lindenhurst-new-york
https://www.ubereats.com/nyc-suburbs/food-delivery/sushi-560-inc/fNfuDT4MRk-JkF2QsQrXdg,lindenhurst-new-york
https://www.ubereats.com/nyc-suburbs/food-delivery/rositas-bakery-%26restaurant/BdPnjWG6TSG6-22MQHmtCA,lindenhurst-new-york
https://www.ubereats.com/nyc-suburbs/food-delivery/naz-halal-food-4125-hempstead-turnpike/M6k3mgh_TOed3NNB9E7n_w,lindenhurst-new-york
https://www.ubereats.com/nyc-suburbs/food-delivery/deli-belli/CQwG4h4dSGSaPftfUBk4Jw,lindenhurst-new-york
https://www.ubereats.com/nyc-suburbs/food-delivery/bango-bowls-massapequa-park/p3CwPu8OQ4Gj0f8T1Macug,lindenhurst-new-york
https://www.ubereats.com/nyc-suburbs/food-delivery/starbucks-west-babylon/c3EA9CG4QxuAbRP5Bzt6dQ,lindenhurst-new-york
https://www.ubereats.com/nyc-suburbs/food-delivery/208-applebees-huntington/ztTR-xMURh2X4UA6K0eFpQ,lindenhurst-new-york
https://www.ubereats.com/nyc-suburbs/food-delivery/millers-ale-house-deer-park/-IUmMCgBSMe5n53s8zznQg,lindenhurst-new-york
https://www.ubereats.com/nyc-suburbs/food-delivery/five-guys-ny-0413-35-merrick-rd/rvvv2wi6TSS5-JZcnyB7zA,lindenhurst-new-york
https://www.ubereats.com/nyc-suburbs/food-delivery/willies-delight/07AeAEZSQUC0mH4xNlWXAQ,lindenhurst-new-york
https://www.ubereats.com/nyc-suburbs/food-delivery/hi-bagel-deli-%26-grocery/aNeVrQzJQKe-oD68ZbAXSA,lindenhurst-new-york
https://www.ubereats.com/nyc-suburbs/food-delivery/burger-king-1201-sunrise-highway-ny-11726/dZuHYTHwRv6JdXKZXOKmmg,lindenhurst-new-york
https://www.ubereats.com/nyc-suburbs/food-delivery/arbys-100-sunrise-highway/ot_fgVEISYWexkYZC62_5g,lindenhurst-new-york
https://www.ubereats.com/nyc-suburbs/food-delivery/nathans-famous-1086-the-arches-circle/Jbp1k8IOQcaxzyc3v7txRQ,lindenhurst-new-york
https://www.ubereats.com/nyc-suburbs/food-delivery/bullseye-bagels/FVoTXOaGTc6pXTfcwlDKbA,lindenhurst-new-york
https://www.ubereats.com/nyc-suburbs/food-delivery/dunkin-155-w-sunrise-hwy/pgN3DQqzShuTUJ88T4hYYw,lindenhurst-new-york
https://www.ubereats.com/nyc-suburbs/food-delivery/ginos-wings/Pw_CPcEYR1yD7v5oV36W6g,lindenhurst-new-york
https://www.ubereats.com/nyc-suburbs/food-delivery/bakuto/RIhMpVmlTa2b5qLtTaabhg,lindenhurst-new-york
https://www.ubereats.com/nyc-suburbs/food-delivery/golden-river/Ca-6Ix2IRFuSVjz06T1ILw,lindenhurst-new-york
https://www.ubereats.com/nyc-suburbs/food-delivery/el-pilon-restaurant-spanish-cuisine/u5XldI9gSnaU-G8tghsgFg,lindenhurst-new-york
https://www.ubereats.com/nyc-suburbs/food-delivery/right-coast-taqueria/c715yFFmQdS9L4U1KV9hng,lindenhurst-new-york
https://www.ubereats.com/nyc-suburbs/food-delivery/five-guys-ny-1109-1942-deer-park-ave/TeV9JuQERZi_9Nz676KwnQ,lindenhurst-new-york
https://www.ubereats.com/nyc-suburbs/food-delivery/cold-stone-creamery-255-deer-park-avenue/atzTBn8cTQG54uCkXyJnXA,lindenhurst-new-york
https://www.ubereats.com/nyc-suburbs/food-delivery/pizzaiola/eCnDxlPPQbOQcTnsyF35QA,lindenhurst-new-york
https://www.ubereats.com/nyc-suburbs/food-delivery/checkers-1260-deer-park-ave/Ip7Wm9jrRMSLGoaqXOLCow,lindenhurst-new-york
https://www.ubereats.com/nyc-suburbs/food-delivery/peter-pan-diner/WC2P9uXITHi8uyxZrpoD4g,lindenhurst-new-york
https://www.ubereats.com/nyc-suburbs/food-delivery/blimpie-52-d-willow-park/of6t-DvrR7KWUE03RyG2AA,lindenhurst-new-york
https://www.ubereats.com/nyc-suburbs/food-delivery/american-beauty-bistro/Z7wrteMdTviMNnVYDT8WVw,lindenhurst-new-york
https://www.ubereats.com/nyc-suburbs/food-delivery/rancho-jubilee/O6saGGR0TcWCL-EBD-viug,lindenhurst-new-york
https://www.ubereats.com/nyc-suburbs/food-delivery/bellagio-pizzeria/ZWWQBMBtQFyL51v65HQExg,lindenhurst-new-york
https://www.ubereats.com/nyc-suburbs/food-delivery/primavera-pizza-170-montauk-hwy/jqSzSRk_Rx-vUiXDX6bDCA,lindenhurst-new-york
https://www.ubereats.com/nyc-suburbs/food-delivery/the-turning-point-restaurant-%26-bar-farmingdale/2bvHJRZfT4uc7WKpPXVeCQ,lindenhurst-new-york
https://www.ubereats.com/nyc-suburbs/food-delivery/egg-the-f*-out/PjEevlfxR_6locBaXKsuyQ,lindenhurst-new-york
https://www.ubereats.com/nyc-suburbs/food-delivery/gregorios-pizzeria/jMr50pynT8u4-wmpT3nAxQ,lindenhurst-new-york
https://www.ubereats.com/nyc-suburbs/food-delivery/kitchen-door/1q14VM_9RWaPZLRuf1a59g,lindenhurst-new-york
https://www.ubereats.com/nyc-suburbs/food-delivery/chipotle-mexican-grill-1675-sunrise-hwy/Hbg71ZdIRy-RF9Eaidexyg,lindenhurst-new-york
https://www.ubereats.com/nyc-suburbs/food-delivery/starbucks-wantagh/tEOTp9VlSYuy6FXyYMw0Tg,lindenhurst-new-york
https://www.ubereats.com/nyc-suburbs/food-delivery/tgi-fridays-790-massapequa-ny/Qh9hcCd3QmOq6blCRTatSw,lindenhurst-new-york
https://www.ubereats.com/nyc-suburbs/food-delivery/the-homestead/b467ixtBTHSXPS508Am-yw,lindenhurst-new-york
https://www.ubereats.com/nyc-suburbs/food-delivery/obsession-banquet-hall/B1ROC7oNTBuvzvvE5QLUDA,lindenhurst-new-york
https://www.ubereats.com/nyc-suburbs/food-delivery/the-good-life/ax4K_iOQSwi65z-pmN6Wsw,lindenhurst-new-york
https://www.ubereats.com/nyc-suburbs/food-delivery/infinity-diner/KLazsDiITzikz4hVS_R5TQ,lindenhurst-new-york
https://www.ubereats.com/nyc-suburbs/food-delivery/halal-on-wheels-amityville/d_KTV6VmQTmMfRzTS5WEUg,lindenhurst-new-york
https://www.ubereats.com/nyc-suburbs/food-delivery/ihop-1701-sunrise-hwy-unit-d10b/YFvnhqFBRxGqweINdQEr_g,lindenhurst-new-york
https://www.ubereats.com/nyc-suburbs/food-delivery/madame-butterfly-cakes/vMcaek6WQkKvD8Ox2XUwhQ,lindenhurst-new-york
https://www.ubereats.com/nyc-suburbs/food-delivery/popeis-bethpage/2r7PQjobTey7fimg7ut8ow,lindenhurst-new-york
https://www.ubereats.com/nyc-suburbs/food-delivery/cheeburger-cheeburger-farmingdale/O2bTY5wpR-OOvk9QJuMlhA,lindenhurst-new-york
https://www.ubereats.com/nyc-suburbs/food-delivery/kfc-bay-shore/KKNoFO4eSPiAqttMiH45yw,lindenhurst-new-york
https://www.ubereats.com/nyc-suburbs/food-delivery/vasquez-deli/wtV7TEO0ReeBuwefcb90bg,lindenhurst-new-york
https://www.ubereats.com/nyc-suburbs/food-delivery/checkers-800-broadway/nphI7Pi0Rwq9E7XY-ynfhw,lindenhurst-new-york
https://www.ubereats.com/nyc-suburbs/food-delivery/corks-and-taps/BFk_lKfwTiCUYpM8sGvb7w,lindenhurst-new-york
https://www.ubereats.com/nyc-suburbs/food-delivery/blooming-flavors/6SxuZ1yxRfKWf01G_EB8wA,lindenhurst-new-york
https://www.ubereats.com/nyc-suburbs/food-delivery/tropical-smoothie-cafe-deer-park/kKYzkc-ZSnqV6a7BLiWFHA,lindenhurst-new-york
https://www.ubereats.com/nyc-suburbs/food-delivery/hops-scotch-bottle-shop/_H7O5O4WQF2Lq_mfZTRCKw,lindenhurst-new-york
https://www.ubereats.com/nyc-suburbs/food-delivery/dunkin-343-union-blvd/ZWMpmBqfRhG_YUnlPsDwLQ,lindenhurst-new-york
https://www.ubereats.com/nyc-suburbs/food-delivery/checkers-huntington/6xu-1HKvSjSRFSYQebjsUg,lindenhurst-new-york
https://www.ubereats.com/nyc-suburbs/food-delivery/auntie-annes-35-sunrise-mall/Eo_rD4wgS-e8TFFZ2lRCtg,lindenhurst-new-york
https://www.ubereats.com/nyc-suburbs/food-delivery/moo-cluck-vegan/d5bkUNr8S6Kanu3--M9W2Q,lindenhurst-new-york
https://www.ubereats.com/nyc-suburbs/food-delivery/west-babylon-bagels-and-deli/JD428uhmRpyf3Xhwa2Qzvw,lindenhurst-new-york
https://www.ubereats.com/nyc-suburbs/food-delivery/anamelis-bakery-empanadas/YcNH8sYxTeGkUXnhY5apIQ,lindenhurst-new-york
https://www.ubereats.com/nyc-suburbs/food-delivery/kfc-lindenhurst/CJwqm9ccQZGJUeuTC_UzYA,lindenhurst-new-york
https://www.ubereats.com/nyc-suburbs/food-delivery/miceli-brothers-pizzeria-%26-restaurant/k4ToHnlkTaK1XssPSInEzA,lindenhurst-new-york
https://www.ubereats.com/nyc-suburbs/food-delivery/morellis-pizza-%26-gyros-belmont/93rEDjZeT0GwkEEsev7U_Q,lindenhurst-new-york
https://www.ubereats.com/nyc-suburbs/food-delivery/el-paso-tacqueria-grill-ii-corp/IzRQ0fYYT0GZ3EVXmOhhkQ,lindenhurst-new-york
https://www.ubereats.com/nyc-suburbs/food-delivery/burger-king-1104-sunrise-hwy/x6tiP2vmSD-l_2-NuX0YSw,lindenhurst-new-york
https://www.ubereats.com/nyc-suburbs/food-delivery/new-york-beanery/Jqj7i27XQ3G_oSg9WU9Dqw,lindenhurst-new-york
https://www.ubereats.com/nyc-suburbs/food-delivery/mamis-cuisine/keAFCGT7RbqCMV5YlIqilQ,lindenhurst-new-york
https://www.ubereats.com/nyc-suburbs/food-delivery/calzone-corner-seaford/fDHf7VD9R9mPnnlXvFFTDw,lindenhurst-new-york
https://www.ubereats.com/nyc-suburbs/food-delivery/martins-coffee-cafe/S8a4Z8OHQCyM0iN4TCWFAw,lindenhurst-new-york
https://www.ubereats.com/nyc-suburbs/food-delivery/mr-cajun/VBs85ByxQxWFPLO7_iPHDQ,lindenhurst-new-york
https://www.ubereats.com/nyc-suburbs/food-delivery/ohayo-japanese-cuisine/p5zB0VN1TdOAuDMNnMtB2g,lindenhurst-new-york
https://www.ubereats.com/nyc-suburbs/food-delivery/red-lobster-801-sunrise-highway/lumucHxLRs-LmnezQx7iUA,lindenhurst-new-york
https://www.ubereats.com/nyc-suburbs/food-delivery/vincenzos-pizzeria-of-levittown/TG3oIaQzQem8w2Sj1jKgJw,lindenhurst-new-york
https://www.ubereats.com/nyc-suburbs/food-delivery/starbucks-copiague-1700-sunrise-hwy/b2v0PxANQ4yCBCE6RphduA,lindenhurst-new-york
https://www.ubereats.com/nyc-suburbs/food-delivery/great-american-eats/m441Ab5kRHKmnwMutcEcDw,lindenhurst-new-york
https://www.ubereats.com/nyc-suburbs/food-delivery/dunkin-280-e-sunrise-hwy/21br7GR3ROKprJ5NF4PVmA,lindenhurst-new-york
https://www.ubereats.com/nyc-suburbs/food-delivery/popeyes-121-west-montauk-highway/GyolUHgMRKqBWbKr67kL0Q,lindenhurst-new-york
https://www.ubereats.com/nyc-suburbs/food-delivery/whiskey-down-diner/vQOb8G6wSlGGxxcG-EhbiQ,lindenhurst-new-york
https://www.ubereats.com/nyc-suburbs/food-delivery/bang-bang-burritos/PHTJ95t4QyyQ4Etr8tuDAw,lindenhurst-new-york
https://www.ubereats.com/nyc-suburbs/food-delivery/kb-deli/OyfyGmofRmexvuHKFtD6bw,lindenhurst-new-york
https://www.ubereats.com/nyc-suburbs/food-delivery/yo-go-wild-cafe/Tm4b2K62TPmzC-bC-Umfyw,lindenhurst-new-york
https://www.ubereats.com/nyc-suburbs/food-delivery/subway-1735-union-blvd/qE1AqJFGRum3umpgPp5B7Q,lindenhurst-new-york
https://www.ubereats.com/nyc-suburbs/food-delivery/wendys-168-main-street/B9gA71dyStarcRfyZnnHbQ,lindenhurst-new-york
https://www.ubereats.com/nyc-suburbs/food-delivery/big-daddys/6mwzkpGsRMGRuBZ6fIsQcg,lindenhurst-new-york
https://www.ubereats.com/nyc-suburbs/food-delivery/brunellos-pizza-%26-pasta/Vnq_OMvGQQ-lCWe2MAgnhA,lindenhurst-new-york
https://www.ubereats.com/nyc-suburbs/food-delivery/angianas-ice-cream/RIoWxpi1TJC2WZKRloHBHg,lindenhurst-new-york
https://www.ubereats.com/nyc-suburbs/food-delivery/taco-bell-3950-sunrise-hwy/2vipBxT2T6i4CNOZh_WVyw,lindenhurst-new-york
