url,city
https://www.ubereats.com/salt-lake-city/food-delivery/ihop-1775/AJI7UFdaT8-W3J_cz3pxyw,lindon-utah
https://www.ubereats.com/salt-lake-city/food-delivery/fiiz-drinks-orem/XeiPg1iIQQ-Uy_O33tZgRg,lindon-utah
https://www.ubereats.com/salt-lake-city/food-delivery/subway-1170-west-800-north/XKfqn7E_Qe-qAKSF7gBOWQ,lindon-utah
https://www.ubereats.com/salt-lake-city/food-delivery/tucanos-brazillian-grill-orem/2QsCJMWVRqWm0pLvBmoKeg,lindon-utah
https://www.ubereats.com/salt-lake-city/food-delivery/sonic-orem/2YD8RToQRq2Ee3XMGVS2SQ,lindon-utah
https://www.ubereats.com/salt-lake-city/food-delivery/del-taco-1055-s-state-street/W3AHfxBXThOzVan3OP5r1Q,lindon-utah
https://www.ubereats.com/salt-lake-city/food-delivery/the-holy-grill-pleasant-grove/GBESTASZQB6A8DybzQVDrQ,lindon-utah
https://www.ubereats.com/salt-lake-city/food-delivery/roxberry-juice-nw-state-st-%26-n-950-w/aPWMDrceSBWWayhiyvDzXg,lindon-utah
https://www.ubereats.com/salt-lake-city/food-delivery/burger-king-11-west-center-street/xia0qOYER2yANzKiz9XpJg,lindon-utah
https://www.ubereats.com/salt-lake-city/food-delivery/papa-murphys-1659-n-state-street/ToGk_DmcStWJDkgLnzrAPQ,lindon-utah
https://www.ubereats.com/salt-lake-city/food-delivery/mcdonalds-406-e-state/nGU6SLR3SA-7Qfj-rWeCRA,lindon-utah
https://www.ubereats.com/salt-lake-city/food-delivery/rice-wok/_LJCFmH4R_WryrlhgDsjLw,lindon-utah
https://www.ubereats.com/salt-lake-city/food-delivery/carls-jr-344-w-1230-n/rxSO23CXRFm3w9vpdl2q5Q,lindon-utah
https://www.ubereats.com/salt-lake-city/food-delivery/silver-dish-thai-cuisine/-L5MOiNTTRy_9Nn_Pd4BkA,lindon-utah
https://www.ubereats.com/salt-lake-city/food-delivery/buffalo-wild-wings-92-n-1200-e/8JEzTGZUTvC_xgNH6Fw2zQ,lindon-utah
https://www.ubereats.com/salt-lake-city/food-delivery/smokehouse-bbq-and-burgers/A3HVCBNZRc-HbAdr15qFCQ,lindon-utah
https://www.ubereats.com/salt-lake-city/food-delivery/subway-25-s-state-st/4KoZhGtGRrujde8_kx-BVA,lindon-utah
https://www.ubereats.com/salt-lake-city/food-delivery/haku-ramen-house/k0O9RYULTtWio-S3RIS9bg,lindon-utah
https://www.ubereats.com/salt-lake-city/food-delivery/la-costa-restaurant-american-fork/eEjw6vcZQtSdk-d3egsfcw,lindon-utah
https://www.ubereats.com/salt-lake-city/food-delivery/papa-johns-207-s-state-st/EbtyaLerQj-YWukPSFb4vw,lindon-utah
https://www.ubereats.com/salt-lake-city/food-delivery/tandoor/Q7IpRCYTRw2oYxWhcVhf5g,lindon-utah
https://www.ubereats.com/salt-lake-city/food-delivery/papa-johns-104-w-main-street/0BguUenOSYyuays72NY_KA,lindon-utah
https://www.ubereats.com/salt-lake-city/food-delivery/wienerschnitzel-314-n-state-street/JrWAxQ-ZTOWNkeqqkQexSw,lindon-utah
https://www.ubereats.com/salt-lake-city/food-delivery/cafe-zupas-408-w-2230-n/FMfjQN8eRVeqkdWtkFmAkw,lindon-utah
https://www.ubereats.com/salt-lake-city/food-delivery/oh-mai/Ui99ackNTT6FkhkD0RC8uA,lindon-utah
https://www.ubereats.com/salt-lake-city/food-delivery/aubergine-and-company-orem/APABFTg8RIWubXgx7IYL2Q,lindon-utah
https://www.ubereats.com/salt-lake-city/food-delivery/taco-bell-5751-n-state-st/xa8wpC6iQP-3KQB1RLW3ew,lindon-utah
https://www.ubereats.com/salt-lake-city/food-delivery/corner-bakery-cafe-115-w-center-st/EXAd67-CTliYyHtkqXuwqQ,lindon-utah
https://www.ubereats.com/salt-lake-city/food-delivery/noodles-%26-company-62-w-bulldog-blvd-ste-100/RfP5rrHXSCKijWqQ0jrKZA,lindon-utah
https://www.ubereats.com/salt-lake-city/food-delivery/panda-express-148-s-pleasant-grove-blvd/WWVnRFFnT3ybslJHaakReQ,lindon-utah
https://www.ubereats.com/salt-lake-city/food-delivery/subway-48-e-state-rd/hgLltCeWQZWjL9V0OYtD8A,lindon-utah
https://www.ubereats.com/salt-lake-city/food-delivery/sonic-american-fork/q_33yQyUQu6d6I9oJJS6Zg,lindon-utah
https://www.ubereats.com/salt-lake-city/food-delivery/charleys-philly-steaks-university-mall/g2ZZAgtVSS-RKORMOvm2Tg,lindon-utah
https://www.ubereats.com/salt-lake-city/food-delivery/applebees-290-west-1300-south/k5vUrCAhTvKV-fhy1H8xVA,lindon-utah
https://www.ubereats.com/salt-lake-city/food-delivery/subway-585-n-state-st/3i0KjIsbQFaQX4_z2AdETA,lindon-utah
https://www.ubereats.com/salt-lake-city/food-delivery/mcdonalds-312-e-state-st/6vdKVbtUQdCGHVUFV-zGGA,lindon-utah
https://www.ubereats.com/salt-lake-city/food-delivery/arbys-593-n-state-st/3zoTvi1TQKqahifDtYt2cw,lindon-utah
https://www.ubereats.com/salt-lake-city/food-delivery/honest-eatery-provo/iNTPN03rSOeKzCaMNtvuPg,lindon-utah
https://www.ubereats.com/salt-lake-city/food-delivery/a%26w-439-e-state-st/DobkASm6STa3MlM0ORbKJA,lindon-utah
https://www.ubereats.com/salt-lake-city/food-delivery/jersey-mikes-73-s-state-street/pES_pJ6aTQG7oEpBJ-K3fA,lindon-utah
https://www.ubereats.com/salt-lake-city/food-delivery/subway-1410-n-state-st/FbwTRSJ1RY67c5dTksQQeg,lindon-utah
https://www.ubereats.com/salt-lake-city/food-delivery/noodles-%26-company-293-e-university-pkwy/YOxJrCYVSEWl9SzVAEa0ew,lindon-utah
https://www.ubereats.com/salt-lake-city/food-delivery/jurassic-street-tacos/UElMcZrvS-OCflxM2KHivA,lindon-utah
https://www.ubereats.com/salt-lake-city/food-delivery/papa-murphys-981-w-state-st-%23130/nNVs_gJaRzKT7CB-yBPDKQ,lindon-utah
https://www.ubereats.com/salt-lake-city/food-delivery/panda-express-1200-towne-centre-%232072/3tEGJT2KSRySUpw_M11HZQ,lindon-utah
https://www.ubereats.com/salt-lake-city/food-delivery/oteo/JvpK4JYvTwSgRp5c8ZVbhQ,lindon-utah
https://www.ubereats.com/salt-lake-city/food-delivery/asado-argentinian-grill/UCbFZ9-nTlWL11-NmPW_9w,lindon-utah
https://www.ubereats.com/salt-lake-city/food-delivery/black-bear-diner-771-e-university-pkwy/6p00XFdgSaqdIMDBEksGyw,lindon-utah
https://www.ubereats.com/salt-lake-city/food-delivery/a%26w-restaurant-433-north-state-street/IZTd9NmrQGWN6w7euFIyYw,lindon-utah
https://www.ubereats.com/salt-lake-city/food-delivery/sizzler-state-st/95XcQ59OS3WBKe-W6peLOA,lindon-utah
https://www.ubereats.com/salt-lake-city/food-delivery/kneaders-bakery-%26-cafe-provo-riverwoods/Nx6NTRlLQlG3-Js5--TWxQ,lindon-utah
https://www.ubereats.com/salt-lake-city/food-delivery/blaze-pizza-1350-south-state-st/OJ4Uo3IKRaG3d_PU7X3cBw,lindon-utah
https://www.ubereats.com/salt-lake-city/food-delivery/lovebirds-hot-chicken/ryvHv4sxQ2-II_xQ4dz8MQ,lindon-utah
https://www.ubereats.com/salt-lake-city/food-delivery/wendys-215-west-center-street/B6odt0a-SKSn5w49n5he0g,lindon-utah
https://www.ubereats.com/salt-lake-city/food-delivery/vegan-sun/epIOXrzgQfCF95y6DLeVBA,lindon-utah
https://www.ubereats.com/salt-lake-city/food-delivery/ivie-juice-bar/io4WGOboSbaYZSuIvkgv7A,lindon-utah
https://www.ubereats.com/salt-lake-city/food-delivery/carnitas-de-michoacan/aomedQm_RIemtivbkHDrzg,lindon-utah
https://www.ubereats.com/salt-lake-city/food-delivery/papa-johns-1283-n-university-ave-ste-100/-vGdITOzTaqkYB6-t6GGMQ,lindon-utah
https://www.ubereats.com/salt-lake-city/food-delivery/pizzeria-limone-lehi/qVkangIXRqeni49bSU0iHQ,lindon-utah
https://www.ubereats.com/salt-lake-city/food-delivery/zaxbys-w-center-st-orem/l5146ZkvTXCkONOzvJtysg,lindon-utah
https://www.ubereats.com/salt-lake-city/food-delivery/keloke/uUKklQOTQwu9F-shW4Vsdg,lindon-utah
https://www.ubereats.com/salt-lake-city/food-delivery/papa-murphys-770-e-main-st/lX5tSQYiQWCYhKchNKserQ,lindon-utah
https://www.ubereats.com/salt-lake-city/food-delivery/menchies-frozen-yogurt-153-n-state-st/XkQpBv4IQa6kXuofqrFslg,lindon-utah
https://www.ubereats.com/salt-lake-city/food-delivery/rancheritos-mexican-food-provo-ut/IvxetgG_Tbiz-e9rs2sqGw,lindon-utah
https://www.ubereats.com/salt-lake-city/food-delivery/cafe-zupas-599-w-main-st/0UYcDn-AQvaTDLrY2ACTag,lindon-utah
https://www.ubereats.com/salt-lake-city/food-delivery/papa-murphys-3153-north-canyon-road/YEeaFDlXQDKhv417Nt8Bsg,lindon-utah
https://www.ubereats.com/salt-lake-city/food-delivery/kfc-196-south-850-east/UaMfYgOhTJmz97NweJ67VA,lindon-utah
https://www.ubereats.com/salt-lake-city/food-delivery/wendys-368-e-state-st/9cPB82VHQQeoHGUzJQsaRQ,lindon-utah
https://www.ubereats.com/salt-lake-city/food-delivery/bumblebees-kbbq-provo/OCUNnigHRuWBK31pe90QyA,lindon-utah
https://www.ubereats.com/salt-lake-city/food-delivery/dennys-1680-n-200-w/ZyKh8djfSbuViuCasO615A,lindon-utah
https://www.ubereats.com/salt-lake-city/food-delivery/ganesh-indian-cuisine/NEJiKHQ0TL-cBzvp-bAa0A,lindon-utah
https://www.ubereats.com/salt-lake-city/food-delivery/carrabbas-683-e-university-pkwy/0Z4v_HydSN2f-6RXHg4oHQ,lindon-utah
https://www.ubereats.com/salt-lake-city/food-delivery/pf-changs-575-e-university-pkwy-suite-a-20/zDunbxCNS6-OzRBACsv6Zw,lindon-utah
https://www.ubereats.com/salt-lake-city/food-delivery/cold-stone-creamery-2302-n-university-pkwy/m2o4rTW2S36rHx8oM0yh-w,lindon-utah
https://www.ubereats.com/salt-lake-city/food-delivery/wing-it!-provo/LAiR1JrpThabB0D7j1JgKQ,lindon-utah
https://www.ubereats.com/salt-lake-city/food-delivery/del-taco-730-e-state-rd/0sEFHzLPQKe-r4QLrPsLww,lindon-utah
https://www.ubereats.com/salt-lake-city/food-delivery/wendys-122-east-1230-north/cd1yhpxBT1enAhnX3FMWwQ,lindon-utah
https://www.ubereats.com/salt-lake-city/food-delivery/taco-bell-633-s-500-e/aabK6dY1RTSMOBuFzX54xQ,lindon-utah
https://www.ubereats.com/salt-lake-city/food-delivery/taco-bell-9968-n-4800-w/chVSNbmbQZqQTlugspqZtg,lindon-utah
https://www.ubereats.com/salt-lake-city/food-delivery/wendys-47-s-850-east/gDld4cwjSAWlUulGeS5_7w,lindon-utah
https://www.ubereats.com/salt-lake-city/food-delivery/smart-cookie-company-american-fork/CTfXGWG4R0yWu_4qq02s4Q,lindon-utah
https://www.ubereats.com/salt-lake-city/food-delivery/mcdonalds-1611-n-state-st/00w_dZigQDiT4Bbjm_EGXQ,lindon-utah
https://www.ubereats.com/salt-lake-city/food-delivery/gandolfos-new-york-deli-s-main-st/OFX8gCcPR_yO917ArXmS-w,lindon-utah
https://www.ubereats.com/salt-lake-city/food-delivery/roxberry-juice-1200s-%26-200-e/d7BDzM2RR52NqfS8Q9jz-Q,lindon-utah
https://www.ubereats.com/salt-lake-city/food-delivery/stix-fresh-asian-grill/nbQhwkpjRHGFLz2DhI1G1w,lindon-utah
https://www.ubereats.com/salt-lake-city/food-delivery/ihop-1730/8slBAwE-R9uOieIhwqcf5Q,lindon-utah
https://www.ubereats.com/salt-lake-city/food-delivery/el-pollo-loco-88-north-1200-east-state-st3652/-5iNLay4SMiXiusB8olCWA,lindon-utah
https://www.ubereats.com/salt-lake-city/food-delivery/papa-murphys-979-south-university-avenue-suite-6/UoSWQH3eQmKzb3S3u69WMw,lindon-utah
https://www.ubereats.com/salt-lake-city/food-delivery/betos-truck/8nZcC_RwTnGvEdIvsUt4Kg,lindon-utah
https://www.ubereats.com/salt-lake-city/food-delivery/taco-bell-1130-west-800-north/5QCw3FQ3Sh2FcPYZLGDmPA,lindon-utah
https://www.ubereats.com/salt-lake-city/food-delivery/wendys-997-north-state-street/fkJz3gMHQv6s5EgXpgwNrw,lindon-utah
https://www.ubereats.com/salt-lake-city/food-delivery/kfc-439-east-state-road/F5zs5Vo3TFGD__VKlt6MOA,lindon-utah
https://www.ubereats.com/salt-lake-city/food-delivery/howells-british-grub/sgU0_YS0RtqLofg4wrp78w,lindon-utah
https://www.ubereats.com/salt-lake-city/food-delivery/wing-nutz-orem/W9Ixz7KFQaK--2z5dAIeEA,lindon-utah
https://www.ubereats.com/salt-lake-city/food-delivery/starbucks-american-fork-500-e-and-stat/PU1xtUZaTsGNg268gAuSFA,lindon-utah
https://www.ubereats.com/salt-lake-city/food-delivery/firehouse-subs-american-fork/gReJHYkHT7a5b8a8WE2HVw,lindon-utah
https://www.ubereats.com/salt-lake-city/food-delivery/jcws-american-fork/6yPGlIFqQdqmxTV6pv_bgA,lindon-utah
https://www.ubereats.com/salt-lake-city/food-delivery/dennys-101-n-1200th-east/f5SuINWtTSiDdGvO_OBBXQ,lindon-utah
https://www.ubereats.com/salt-lake-city/food-delivery/starbucks-8th-north-and-state-orem/h3iDCN1BT8uWymzzesENTg,lindon-utah
https://www.ubereats.com/salt-lake-city/food-delivery/starbucks-orem-university-mall/JjhyV9juTzu3vy2T9sT-IA,lindon-utah
https://www.ubereats.com/salt-lake-city/food-delivery/bangkok-grill/9YHfsrVUTiq_DmmiVhqDlw,lindon-utah
https://www.ubereats.com/salt-lake-city/food-delivery/rockwell-ice-cream-co/cARkIunoQ8uQI3BV24GzcQ,lindon-utah
https://www.ubereats.com/salt-lake-city/food-delivery/black-bear-diner-154-north-west-state-street/Ibx3-5MmSLu7Gbi9hcI-sw,lindon-utah
https://www.ubereats.com/salt-lake-city/food-delivery/mcdonalds-211-w-1230-n/VFN9VW6tQjKV-b2fohQNeQ,lindon-utah
https://www.ubereats.com/salt-lake-city/food-delivery/five-guys-ut-0411-1051-south-750-east/3ddqQNEYRB2NK1_PdF0Dow,lindon-utah
https://www.ubereats.com/salt-lake-city/food-delivery/california-pizza-kitchen-575-e-university-pkwy-b-28/sIb2jU5DQwCrFEy1sJfdug,lindon-utah
https://www.ubereats.com/salt-lake-city/food-delivery/famous-daves-express/GlNiaArtSn6vmJOZr-AOQg,lindon-utah
https://www.ubereats.com/salt-lake-city/food-delivery/red-lobster-1261-s-800-east/4Dc-4OKITla8qnWjCnCGJA,lindon-utah
https://www.ubereats.com/salt-lake-city/food-delivery/the-habit-burger-grill-2245-university-parkway/_f1H8i6CSR6_8qYAXqrYLA,lindon-utah
https://www.ubereats.com/salt-lake-city/food-delivery/panda-express-800-w-university-pkwy/iX-daLGxSdqIYKoO-giSHQ,lindon-utah
https://www.ubereats.com/salt-lake-city/food-delivery/fiiz-drinks-provo/TO6LJY0_RLKQth7NDWhR4g,lindon-utah
https://www.ubereats.com/salt-lake-city/food-delivery/dennys-485-n-state-st/Rie49PnUQNmE8xioLhR2BA,lindon-utah
https://www.ubereats.com/salt-lake-city/food-delivery/happpy-dragon-chinese/khYHNkSsSHqLRue0ZeayjQ,lindon-utah
https://www.ubereats.com/salt-lake-city/food-delivery/megaplex-theaters-geneva/vXb9MdHGTdycNHBIxU7Q7Q,lindon-utah
https://www.ubereats.com/salt-lake-city/food-delivery/del-taco-1599-n-state-st/kq3WOCODSranhvCETi8Yag,lindon-utah
https://www.ubereats.com/salt-lake-city/food-delivery/the-roll-up-crepe/5v4UuYrrTiCJU2EC_5nqKg,lindon-utah
https://www.ubereats.com/salt-lake-city/food-delivery/el-pollo-loco-76-e-university-parkway3809/P4CtNvO9QCquEdFarsBeOA,lindon-utah
https://www.ubereats.com/salt-lake-city/food-delivery/yogurtland-534-e-university-pkwy/hjEX5pwxQ1OdQ9GHKkFulg,lindon-utah
https://www.ubereats.com/salt-lake-city/food-delivery/aubergine-and-company-american-fork/Q4GLqmnWRTW3nnsuygUUKQ,lindon-utah
https://www.ubereats.com/salt-lake-city/food-delivery/blaze-pizza-3370-north-digital-drive%3B-suite-100/E76ntXiTSC2u2Uui7_7wHQ,lindon-utah
https://www.ubereats.com/salt-lake-city/food-delivery/mod-pizza-american-fork/Lbhb0ppWQSWXwQZECa4vNw,lindon-utah
https://www.ubereats.com/salt-lake-city/food-delivery/arbys-210-w-1230-n/iFCnkQe-TlSvI4FCg56D5g,lindon-utah
https://www.ubereats.com/salt-lake-city/food-delivery/brookers-founding-flavors-ice-cream/76ZPuT88S6m0U6HCsTvWdA,lindon-utah
https://www.ubereats.com/salt-lake-city/food-delivery/cafe-zupas-55-s-state-st/Qie8CK6lS9KP_0_m_MO0uA,lindon-utah
https://www.ubereats.com/salt-lake-city/food-delivery/roxberry-juice-co-pg/HWjohtwJSRC8E1lLPq6JJg,lindon-utah
https://www.ubereats.com/salt-lake-city/food-delivery/rancheritos-mexican-food-orem-ut/CZMDG9E5TAWpDRZvvrizig,lindon-utah
https://www.ubereats.com/salt-lake-city/food-delivery/mcdonalds-1140-w-800-n/HgN1UoQsTYyLWO_mxTKjTg,lindon-utah
https://www.ubereats.com/salt-lake-city/food-delivery/kneaders-bakery-%26-cafe-orem/rPlYd9QhTJiS5KgY1D06eg,lindon-utah
https://www.ubereats.com/salt-lake-city/food-delivery/jamba-juice-1774-n-university-pkwy-%2360/AtHf-zgIQjeHC6CSx9XmnA,lindon-utah
https://www.ubereats.com/salt-lake-city/food-delivery/ivie-juice-bar/vWRp1dxhSY64lV93FCA3rA,lindon-utah
https://www.ubereats.com/salt-lake-city/food-delivery/zaxbys-w-main-st-american-fork/2V5QLKovQuuJLjB-Oimqnw,lindon-utah
https://www.ubereats.com/salt-lake-city/food-delivery/fong-asian-dining/A1L0k7ssSFCiCIo8SNJ_Ow,lindon-utah
https://www.ubereats.com/salt-lake-city/food-delivery/big-daddys-pizza-state-st-pleasant-grove-ut/drvytlGaT6uYJmqjA7b0zw,lindon-utah
https://www.ubereats.com/salt-lake-city/food-delivery/yummys-usa/TqvRNaJzTVeM1lDcqiwgUw,lindon-utah
https://www.ubereats.com/salt-lake-city/food-delivery/gandolfos-new-york-deli-775-n-state-st/iK2C4BQlT9mXz3ML24r8zg,lindon-utah
https://www.ubereats.com/salt-lake-city/food-delivery/marcos-pizza-569-n-state-st-ste-c/T9dK1Zb6SAiiqMTvgLSXCA,lindon-utah
https://www.ubereats.com/salt-lake-city/food-delivery/arbys-937-w-state-rd/_tFtUzhSQP2hGICE1JdH2A,lindon-utah
https://www.ubereats.com/salt-lake-city/food-delivery/happy-sumo-provo/IrWDCO1cQ2ml_K9JwiVdSw,lindon-utah
https://www.ubereats.com/salt-lake-city/food-delivery/asahi/PwM4GjkjQ7qTmiQkoIoLBQ,lindon-utah
https://www.ubereats.com/salt-lake-city/food-delivery/wendys-795-n-state-road/OJXGRVIWTnet8QsnF93SBA,lindon-utah
https://www.ubereats.com/salt-lake-city/food-delivery/pizza-pie-cafe-highland/nFBYUUUdRAutAKOseXuWhQ,lindon-utah
https://www.ubereats.com/salt-lake-city/food-delivery/marcos-pizza-45-w-800-n/CQKXpXjYQseLNALhxEy6Pw,lindon-utah
https://www.ubereats.com/salt-lake-city/food-delivery/the-smoking-apple/zSTb7uznSIqvpn_dTxm-DQ,lindon-utah
https://www.ubereats.com/salt-lake-city/food-delivery/arbys-910-state-st/i8Ih66yQR_mbYO5_qUYDMg,lindon-utah
https://www.ubereats.com/salt-lake-city/food-delivery/gurus-cafe/NJndJ7A0Rruwdd3l0qaatQ,lindon-utah
https://www.ubereats.com/salt-lake-city/food-delivery/chinatown-restaurant-%E4%B8%AD%E5%9C%8B%E5%9F%8E%E9%A4%90%E5%BB%B3/4SnuVpPRSAymfhl2jfghQA,lindon-utah
https://www.ubereats.com/salt-lake-city/food-delivery/kfc-433-north-state-street/-YRMAcIHTeORSQ7wcZkP9g,lindon-utah
https://www.ubereats.com/salt-lake-city/food-delivery/panda-express-80-east-center-st/j96nH5f_Qv2S3GBSJIAw8Q,lindon-utah
https://www.ubereats.com/salt-lake-city/food-delivery/cafe-namasthe/22kfuJ3qQHeCc6lliT1Y8Q,lindon-utah
https://www.ubereats.com/salt-lake-city/food-delivery/starbucks-pleasant-grove-and-north-count/zZ9Gt6W8RLq_IdmNhiszLw,lindon-utah
https://www.ubereats.com/salt-lake-city/food-delivery/jcws-provo/8h4HFq5ATQKjiQHBURhRlg,lindon-utah
https://www.ubereats.com/salt-lake-city/food-delivery/sub-zero-ice-cream-%26-yogurt-62-west-center-street/aYxxwa_fQr6mDEP97S3_ew,lindon-utah
https://www.ubereats.com/salt-lake-city/food-delivery/ombu-grill/TTCG7clwRb-ckxNpgB2bfQ,lindon-utah
https://www.ubereats.com/salt-lake-city/food-delivery/arbys-1150-s-state-st/WmXfrGe1QuanyG2PZVAsNA,lindon-utah
https://www.ubereats.com/salt-lake-city/food-delivery/marcos-pizza-4723-w-cedar-hills-dr/XVhKxxWKTyK7WWTbrF7ong,lindon-utah
https://www.ubereats.com/salt-lake-city/food-delivery/midici-the-neapolitan-pizza-company-orem/yYeOFq3tRbW2BeTxlVmwCQ,lindon-utah
https://www.ubereats.com/salt-lake-city/food-delivery/chuck-a-rama-lehi/cz6GwuNLRFKTYw-qxkz5RQ,lindon-utah
https://www.ubereats.com/salt-lake-city/food-delivery/mcdonalds-1265-s-sandhill-rd/xF1nPH-mTPKf-g8OYmRnMw,lindon-utah
https://www.ubereats.com/salt-lake-city/food-delivery/cold-stone-creamery-456-east-state-road/N-vGr8NYTlSGOdznQKkF4g,lindon-utah
https://www.ubereats.com/salt-lake-city/food-delivery/the-habit-burger-grill-232-north-west-state-st-suite-101/ZL9nZBffQdOe55yDKwHMcg,lindon-utah
https://www.ubereats.com/salt-lake-city/food-delivery/taco-bell-195-west-center-street/1o_S7dzwTDKWW8FgS-pZnQ,lindon-utah
https://www.ubereats.com/salt-lake-city/food-delivery/delicatto-gourmet-bakery-!/wxhlfaPkSEO4P1DSiE_vYg,lindon-utah
https://www.ubereats.com/salt-lake-city/food-delivery/golden-corral-225-west-university-parkway/42kIeKAES9ON36-BC0hhqQ,lindon-utah
https://www.ubereats.com/salt-lake-city/food-delivery/five-guys-ut-1299-209-nw-state-st/W0WO2Ux4RBqMgnllMvLE1Q,lindon-utah
https://www.ubereats.com/salt-lake-city/food-delivery/pita-pit-1240-north-university-ave-b/6iaurxvEQPqESu8oGYQRtg,lindon-utah
https://www.ubereats.com/salt-lake-city/food-delivery/shoga/RtchLB6oTymTd5BT2uTSuQ,lindon-utah
https://www.ubereats.com/salt-lake-city/food-delivery/sushi-burrito-orem/eL-35aLvSmKP-xlGZT3GPw,lindon-utah
https://www.ubereats.com/salt-lake-city/food-delivery/papa-murphys-5435-west-11000-north-suite-13/AW1oL2DrTfSjS09Jlsc0FQ,lindon-utah
https://www.ubereats.com/salt-lake-city/food-delivery/mcdonalds-15-n-state/k1rFJgrDSqqrHvnaYqx-3A,lindon-utah
https://www.ubereats.com/salt-lake-city/food-delivery/chuck-a-rama-buffet-orem/AttEtkftTzqN69DknR4sbA,lindon-utah
https://www.ubereats.com/salt-lake-city/food-delivery/jersey-mikes-1882-w-pleasant-grove-blvd/AMHyYiklSbO3cQYJO-eaVA,lindon-utah
https://www.ubereats.com/salt-lake-city/food-delivery/east-moon-bistro-lehi/PqQytjvOSxqI_mirZV8CQA,lindon-utah
https://www.ubereats.com/salt-lake-city/food-delivery/the-crepery/w_KEAJFlQxiFPhClOa3iFQ,lindon-utah
https://www.ubereats.com/salt-lake-city/food-delivery/sonic-provo/pa3nclNPTEazhNVvL5dRoA,lindon-utah
https://www.ubereats.com/salt-lake-city/food-delivery/krispy-kreme-417-west-university-parkway/xRi-CdcPSUKL4WCFzrVj3Q,lindon-utah
https://www.ubereats.com/salt-lake-city/food-delivery/jamba-juice-117-n-state-street/fYiAwRYNTDSqN8AxXLeBxA,lindon-utah
https://www.ubereats.com/salt-lake-city/food-delivery/waffle-love-american-fork/3TYKVIV3Qm-8_Hh_EeYNqw,lindon-utah
https://www.ubereats.com/salt-lake-city/food-delivery/chipotle-mexican-grill-715-e-university-pkwy/8voPSm75QpuT-CBQQXYsrA,lindon-utah
https://www.ubereats.com/salt-lake-city/food-delivery/tamashi-ramen/Kxy5D9WGQdijiT4bsb3aMQ,lindon-utah
https://www.ubereats.com/salt-lake-city/food-delivery/carls-jr-1331-n-state-st/A0GXAvIyR1Gzl1F3f8IgdQ,lindon-utah
https://www.ubereats.com/salt-lake-city/food-delivery/burger-king-1075-south-state-street/Rav9sZTXQ4yLUWmOyLDESQ,lindon-utah
https://www.ubereats.com/salt-lake-city/food-delivery/fruta-crush/hRzG9g_yQgqVJV3lfig0Gg,lindon-utah
https://www.ubereats.com/salt-lake-city/food-delivery/gandolfos-new-york-deli-818-n-500-w/JTWeZ9d4TjK5butYNRml2w,lindon-utah
https://www.ubereats.com/salt-lake-city/food-delivery/jersey-mikes-50-n-1200-east/HP56rIufTAePKRaJC3qW5Q,lindon-utah
https://www.ubereats.com/salt-lake-city/food-delivery/gandolfos-new-york-deli/bc8pS-b7Qwa_h9OsU4VzSA,lindon-utah
https://www.ubereats.com/salt-lake-city/food-delivery/pizza-pie-cafe-provo/b5affn8BTuuqydBV0A_eFw,lindon-utah
https://www.ubereats.com/salt-lake-city/food-delivery/don-chuys-taco-shop/Y8yo8Fa1SO2sGldsZU1-pg,lindon-utah
https://www.ubereats.com/salt-lake-city/food-delivery/subway-106-n-state-st/d6fvCbJVSMS5tWEpoHV-SA,lindon-utah
https://www.ubereats.com/salt-lake-city/food-delivery/sweeto-burrito-provo/s_CurTfER_i8EliUpiXVTA,lindon-utah
https://www.ubereats.com/salt-lake-city/food-delivery/papa-murphys-190-west-center-street/YjlkCZURSBaO4qzixX1lMQ,lindon-utah
https://www.ubereats.com/salt-lake-city/food-delivery/outback-steakhouse-372-e-university-pkwy/IL1MOmtJQCGfX3VOitKBOQ,lindon-utah
https://www.ubereats.com/salt-lake-city/food-delivery/del-taco-424-north-900-west/7XBqbvMDRwWOSNBR35SlaA,lindon-utah
https://www.ubereats.com/salt-lake-city/food-delivery/arbys-450-e-state-rd/r9IwlnKPSFeQsg3jfsqb6A,lindon-utah
