url,city
https://www.ubereats.com/green-bay/food-delivery/mcdonalds-moasis-%26-freedom/AclJFHvETAGreQcjk1MBhQ,little-chute-wisconsin
https://www.ubereats.com/green-bay/food-delivery/uno-pizzeria-%26-grill-van-roy-%26-milky/7i7oWpy9SM2eswtbMdFykg,little-chute-wisconsin
https://www.ubereats.com/green-bay/food-delivery/dunkin-w3208-county-road-kk/Wdl8XVGBRh-nfwk3ntklzw,little-chute-wisconsin
https://www.ubereats.com/green-bay/food-delivery/mcdonalds-ballard-%26-capitol/JzUXj-HxSPSTRX4gQFTJ7A,little-chute-wisconsin
https://www.ubereats.com/green-bay/food-delivery/red-lobster-1200-n-casaloma-drive/bFR3rdkFS3my89rVW4DcIQ,little-chute-wisconsin
https://www.ubereats.com/green-bay/food-delivery/ricos-family-restaurant-appleton/stD2qnkzRv6IxdOYmkW6Fg,little-chute-wisconsin
https://www.ubereats.com/green-bay/food-delivery/papa-murphys-851-north-casaloma-drive/JIEeV76eQTK6g4l1vZp4Jw,little-chute-wisconsin
https://www.ubereats.com/green-bay/food-delivery/fratellos-waterfront-restaurant/mxZFpQLjRFqgxMdWCnNy4Q,little-chute-wisconsin
https://www.ubereats.com/green-bay/food-delivery/papa-murphys-223-east-ann-street/4FM6DgNbROOSO9q-IXb60Q,little-chute-wisconsin
https://www.ubereats.com/green-bay/food-delivery/el-jaripeo-freedom-rd/LkKqMysDRGGG2imE3jQ7mA,little-chute-wisconsin
https://www.ubereats.com/green-bay/food-delivery/macs-macaroni-and-cheese-shop/nulgZorRQGSLfwHYVy98gA,little-chute-wisconsin
https://www.ubereats.com/green-bay/food-delivery/perkins-restaurant-appleton-college-ave/v07Kpf-0TeaxRkyS4_3J0Q,little-chute-wisconsin
https://www.ubereats.com/green-bay/food-delivery/copper-rock-coffee-college-ave/qCY9Vu-kT_2YXKbQ3w0D3A,little-chute-wisconsin
https://www.ubereats.com/green-bay/food-delivery/huhot-mongolian-grill-3456-west-college-avenue/dsVgG2O6QHClnPhg2MoXYA,little-chute-wisconsin
https://www.ubereats.com/green-bay/food-delivery/sai-ram-indian-cuisine/ukPeiqoRQfWKYHVcpodPJQ,little-chute-wisconsin
https://www.ubereats.com/green-bay/food-delivery/burger-king-2221-freedom-road/k-_kQazMRMyaEfeaLBx7Vg,little-chute-wisconsin
https://www.ubereats.com/green-bay/food-delivery/outback-steakhouse-4287-west-college-avenue/LniOqk9YSoKf8ErHDHtzQg,little-chute-wisconsin
https://www.ubereats.com/green-bay/food-delivery/the-cozzy-corner-2nd-st-%26-main/lajovkmXSrOJdIW5F7oBhA,little-chute-wisconsin
https://www.ubereats.com/green-bay/food-delivery/pappas-cafe/h-FFX4kqTMyWAYiKH_qjVA,little-chute-wisconsin
https://www.ubereats.com/green-bay/food-delivery/great-american-cookies/RrDm-9QDSiqsz5gcwbdidA,little-chute-wisconsin
https://www.ubereats.com/green-bay/food-delivery/taco-bell-3221-east-express-court/XP_BQenETZuokkhjDAFW4g,little-chute-wisconsin
https://www.ubereats.com/green-bay/food-delivery/fazolis-4687-w-college-avenue/1pbZi5TNS1eZUqS1znCEkw,little-chute-wisconsin
https://www.ubereats.com/green-bay/food-delivery/kfc-1195-valley-road/8SYdA2MWROyHbd9KVM2hnw,little-chute-wisconsin
https://www.ubereats.com/green-bay/food-delivery/pisco-mar/lnOwRIlSRLu4L7Peuw0FyA,little-chute-wisconsin
https://www.ubereats.com/green-bay/food-delivery/famous-daves-westhill-%26-wisconsin/Tx6R5PqrROaY0djyFeTZTg,little-chute-wisconsin
https://www.ubereats.com/green-bay/food-delivery/the-outpost-pub-%26-provisions/AaVnrrNhR0q5eF6dpHO5Jg,little-chute-wisconsin
https://www.ubereats.com/green-bay/food-delivery/chinagate/KcbKScW4RuG4oHEs2GGiHQ,little-chute-wisconsin
https://www.ubereats.com/green-bay/food-delivery/arbys-1131-westowne-dr/y69IzYOhSauX-tJzhSU87w,little-chute-wisconsin
https://www.ubereats.com/green-bay/food-delivery/five-guys-wi-0565-137-mall-dr/Wx7GAYNbQtCHX5F94h6ysw,little-chute-wisconsin
https://www.ubereats.com/green-bay/food-delivery/garden-view-family-restaurant/xXtjpFxPSzGyFfuN7kUruw,little-chute-wisconsin
https://www.ubereats.com/green-bay/food-delivery/qdoba-1125-w-winneconne-ave-unit-a/vhNKTCCfS7qEKQXBtPyVjA,little-chute-wisconsin
https://www.ubereats.com/green-bay/food-delivery/quiznos-calumet-%26-eisenhower/dgsHKnl0Sm6BTCQb25tAHQ,little-chute-wisconsin
https://www.ubereats.com/green-bay/food-delivery/cousins-subs-3020-e-college-ave/qP6cX9BaRUyhWkhG-ACbtw,little-chute-wisconsin
https://www.ubereats.com/green-bay/food-delivery/pita-factory/jb_ZbQ9ZR6OInxNI8_Q3og,little-chute-wisconsin
https://www.ubereats.com/green-bay/food-delivery/kfc-1020-winneconne-avenue/9uqKyHdqQbyqziyEyYXQLg,little-chute-wisconsin
https://www.ubereats.com/green-bay/food-delivery/chipotle-mexican-grill-w3198-county-road-kk-ste-a/K6lxgIfiTGGZXmrSKcAUGg,little-chute-wisconsin
https://www.ubereats.com/green-bay/food-delivery/doughlicious-appleton/WOz6lfiyRL6pqpPRRRLoQQ,little-chute-wisconsin
https://www.ubereats.com/green-bay/food-delivery/mcdonalds-valley-%26-astor/Rxe-wbqCQ0Kje2Z-Qe17RQ,little-chute-wisconsin
https://www.ubereats.com/green-bay/food-delivery/panda-express-3641-w-college-av/1oF_rnCPRzGeu9R3buKw7Q,little-chute-wisconsin
https://www.ubereats.com/green-bay/food-delivery/perkins-restaurant-appleton-ii/47GwKhxrQC-eNbCnP_eJiA,little-chute-wisconsin
https://www.ubereats.com/green-bay/food-delivery/honey-baked-ham-%26-cafe-of-appleton/GRRS7_fOTCapGM4ilZI2RQ,little-chute-wisconsin
https://www.ubereats.com/green-bay/food-delivery/toppers-pizza-appleton/n_PPHAxqT1Wo8ELYB4SkMw,little-chute-wisconsin
https://www.ubereats.com/green-bay/food-delivery/arbys-473-west-calumet-st/4TnN1XikT8KBbFEpizdTdw,little-chute-wisconsin
https://www.ubereats.com/green-bay/food-delivery/mcdonalds-lawe-%26-sarah/mLno6y4gRna26HY1Rl-w4A,little-chute-wisconsin
https://www.ubereats.com/green-bay/food-delivery/el-azteca-mexican-restaurant-northland/-_dg_U61TeCLkVOo2JNjzQ,little-chute-wisconsin
https://www.ubereats.com/green-bay/food-delivery/mcdonalds-kensington-%26-calumet/CkDkSPtCSRuE8C6R7DgwkA,little-chute-wisconsin
https://www.ubereats.com/green-bay/food-delivery/chipotle-mexican-grill-111-n-mall-dr/kbwEWHdkSceQhUxr87Xpww,little-chute-wisconsin
https://www.ubereats.com/green-bay/food-delivery/frio-mexican-treats/PEOz557oRNKgw4qYtdxvyw,little-chute-wisconsin
https://www.ubereats.com/green-bay/food-delivery/a%26w-restaurant-3801-east-calumet-st/ScRv8WPqQEm4FES587F0FA,little-chute-wisconsin
https://www.ubereats.com/green-bay/food-delivery/cannovas-pizzeria/ipUpPm9HRRSAashQHomzTg,little-chute-wisconsin
https://www.ubereats.com/green-bay/food-delivery/bamboo-2230-e-northland-ave/rcS7f4wMRp21ziyLOL9NQw,little-chute-wisconsin
https://www.ubereats.com/green-bay/food-delivery/buffalo-wild-wings-4601-w-college-ave/_vEkJifbTeStM8DsyCrSWg,little-chute-wisconsin
https://www.ubereats.com/green-bay/food-delivery/wendys-3300-s-oneida/Drez38kxSjSIqTEJ5wDdfw,little-chute-wisconsin
https://www.ubereats.com/green-bay/food-delivery/subway-320-s-kensington-dr/bkbvOVCGSA2G4NXGMRdn-Q,little-chute-wisconsin
https://www.ubereats.com/green-bay/food-delivery/koi-coffee-%26-tea/cbShH8u6R1Kp_-gqyZ0aSA,little-chute-wisconsin
https://www.ubereats.com/green-bay/food-delivery/arbys-3709-e-calumet-st/E3oAsBOaTdGZXrL5z87WyA,little-chute-wisconsin
https://www.ubereats.com/green-bay/food-delivery/fika-tea-bar/oRYJLkokQgyM5lUdTtDbNQ,little-chute-wisconsin
https://www.ubereats.com/green-bay/food-delivery/applebees-3730-west-college-avenue/I3myhmbZQmSqufViNuvZLA,little-chute-wisconsin
https://www.ubereats.com/green-bay/food-delivery/mcdonalds-college-%26-bluemound/K8J8V89vSRGFwqyxIp6ImQ,little-chute-wisconsin
https://www.ubereats.com/green-bay/food-delivery/tgi-fridays-1485-appleton-wi/2-LqN5efRBuXI9zvv7EC9g,little-chute-wisconsin
https://www.ubereats.com/green-bay/food-delivery/tropical-smoothie-cafe-10-college-avenue/3-n86lrRRrSmB4cMMj4d6w,little-chute-wisconsin
https://www.ubereats.com/green-bay/food-delivery/paradise-island-grill-%26-ice-cream/YSj-XhB4Rn6IDAgccpbPtw,little-chute-wisconsin
https://www.ubereats.com/green-bay/food-delivery/the-northland-ave-neighborhood-sports-pub/M7hCrNQ5QAWP_QY_SB5V8A,little-chute-wisconsin
https://www.ubereats.com/green-bay/food-delivery/subway-237-n-washington-st/1UUZ9tlkR7qX35e3myDu8A,little-chute-wisconsin
https://www.ubereats.com/green-bay/food-delivery/bona-fide-juicery-college-%26-oneida/zfXjWmuYQ4y-hspEBWg6tQ,little-chute-wisconsin
https://www.ubereats.com/green-bay/food-delivery/the-cozzy-corner-walnut-%26-college/FFObTcM4SFaAVaA_O_wGfg,little-chute-wisconsin
https://www.ubereats.com/green-bay/food-delivery/miss-browns-fine-foods-ii/EDPijEBKT1iEoezyaSSCxw,little-chute-wisconsin
https://www.ubereats.com/green-bay/food-delivery/wendys-3815-wisconsin-avenue/KjgW2DMqSiWj3dEeDNyYfg,little-chute-wisconsin
https://www.ubereats.com/green-bay/food-delivery/copper-rock-coffee-edgewood/xhzuThWeSm6sW2b-CGqgRA,little-chute-wisconsin
https://www.ubereats.com/green-bay/food-delivery/burger-king-west-3154-vanroy-road/BxobWLC1QV-FTKAuqWdQ8A,little-chute-wisconsin
https://www.ubereats.com/green-bay/food-delivery/noodles-%26-company-4333-wisconsin-ave/0ziLfyPuTM2VeMw7ZqQPZg,little-chute-wisconsin
https://www.ubereats.com/green-bay/food-delivery/arbys-601-w-northland-ave/PT0Nj9bwTMKLE9J_5HKDzQ,little-chute-wisconsin
https://www.ubereats.com/green-bay/food-delivery/subway-2000-e-edgewood-dr/YaD-RBHMSXOATD3ZqZT0Og,little-chute-wisconsin
https://www.ubereats.com/green-bay/food-delivery/el-azteca-mexican-restaurant-eisenhower/ii_4QpTxTLi-wfcS-3516Q,little-chute-wisconsin
https://www.ubereats.com/green-bay/food-delivery/mad-chicken/aiDcitloTBSeRCBqggHIiQ,little-chute-wisconsin
https://www.ubereats.com/green-bay/food-delivery/subway-1050-midway-rd/EMO6vcFgT6a6TPc2ppCRRA,little-chute-wisconsin
https://www.ubereats.com/green-bay/food-delivery/mcdonalds-northland-%26-richmond/oGAf8Up_Sq2Clgrer0jP1Q,little-chute-wisconsin
https://www.ubereats.com/green-bay/food-delivery/noodles-%26-company-3719-e-calumet-st/-nQn0iRAQcKN6tv9fNtXIw,little-chute-wisconsin
https://www.ubereats.com/green-bay/food-delivery/mcdonalds-eisenhower-%26-college/mlBNTBKrS5akXmWjCMLkvQ,little-chute-wisconsin
https://www.ubereats.com/green-bay/food-delivery/fazolis-2720-n-richmond-street/u22WRtVsSHuESnXi9qyHZg,little-chute-wisconsin
https://www.ubereats.com/green-bay/food-delivery/china-garden/x6NZ2WQBTnufchThsviSrg,little-chute-wisconsin
https://www.ubereats.com/green-bay/food-delivery/rookies-sports-bar-%26-grill/E179bzdpQ-yb1CCHzJxuYA,little-chute-wisconsin
https://www.ubereats.com/green-bay/food-delivery/qdoba-3813-e-calumet-st/8KnNNQ_9TeiDkyHz3kyRlg,little-chute-wisconsin
https://www.ubereats.com/green-bay/food-delivery/el-jaripeo-main-st/aLMK6XbyQuOzWh-eTIX2dA,little-chute-wisconsin
https://www.ubereats.com/green-bay/food-delivery/papa-murphys-420-east-northland-avenue/9_kzfVsiSIOTmDKS40YvdQ,little-chute-wisconsin
https://www.ubereats.com/green-bay/food-delivery/arbys-1350-delanglade-st/ywVUE4OmR8Ccjc2EkWHjxQ,little-chute-wisconsin
https://www.ubereats.com/green-bay/food-delivery/appleton-beer-factory/vZYEldhASG2BnAAjekhCFA,little-chute-wisconsin
https://www.ubereats.com/green-bay/food-delivery/buffalo-wild-wings-3201-e-calumet-st/szoOSX6TQ5uexZNa4Dw72A,little-chute-wisconsin
https://www.ubereats.com/green-bay/food-delivery/jaripeo-mexican-grill/zDGl3berSjaC8BBi_F1jpg,little-chute-wisconsin
https://www.ubereats.com/green-bay/food-delivery/island-sushi-eisenhower-%26-calumet/D2ALAAcnR0qSDFH-1Of6fA,little-chute-wisconsin
https://www.ubereats.com/green-bay/food-delivery/arbys-3801-w-wisconsin-ave/VKDljRG3S0ihSAnfuI2Lxw,little-chute-wisconsin
https://www.ubereats.com/green-bay/food-delivery/lindo-michoacan-authentic-mexican-restaurant/gk7hkJg8QeW9jyj0TZ6hqQ,little-chute-wisconsin
https://www.ubereats.com/green-bay/food-delivery/burger-king-919-w-wisconsin-avenue/u9nKmZLqSdS6hdwnTwlidQ,little-chute-wisconsin
https://www.ubereats.com/green-bay/food-delivery/fox-river-brewery-and-restaurant-fox-river-mall/OVb6BL2qT8KiC2R1zmj7fg,little-chute-wisconsin
https://www.ubereats.com/green-bay/food-delivery/dunkin-1490-oneida-st/KcTDIONURgKwCrop-bxmGQ,little-chute-wisconsin
https://www.ubereats.com/green-bay/food-delivery/taco-bell-2130-freedom-road/wcpWTaD_SG6sVr0lHjzk4w,little-chute-wisconsin
https://www.ubereats.com/green-bay/food-delivery/el-azteca-mexican-restaurant-fox-point/bd4bwqirTZyOLaarTXBFlg,little-chute-wisconsin
https://www.ubereats.com/green-bay/food-delivery/sidelines-sports-pub-%26-grille/PXb9Lnt4QQK4e9dR-g9Nyw,little-chute-wisconsin
https://www.ubereats.com/green-bay/food-delivery/applebees-1111-westowne-drive/AoKHgSeQQ6Cf1zljTwOMSg,little-chute-wisconsin
https://www.ubereats.com/green-bay/food-delivery/burger-king-2511-west-college-avenue/zZ7V7-NZSrSb0ame3hGz3g,little-chute-wisconsin
https://www.ubereats.com/green-bay/food-delivery/spats-food-%26-spirits/M6IeUOYjTUyQN5gSNI0hkA,little-chute-wisconsin
https://www.ubereats.com/green-bay/food-delivery/burger-king-2020-east-northland/FID3ZXfvTG6wqU_ayVpgAw,little-chute-wisconsin
https://www.ubereats.com/green-bay/food-delivery/chicken-palace-and-la-michoacana/NMvc7FNlTjq9VRQ0OCiN6w,little-chute-wisconsin
https://www.ubereats.com/green-bay/food-delivery/subway-2151-crooks-ave/ONDb_FGmRUa_DyzPrTt_pw,little-chute-wisconsin
https://www.ubereats.com/green-bay/food-delivery/fronteras-restaurant/188YROqwRFC3-qPBMgBBoQ,little-chute-wisconsin
https://www.ubereats.com/green-bay/food-delivery/papa-murphys-2700-east-calumet-street/lAKTd2rRQBO1Ep0LeEgYPQ,little-chute-wisconsin
https://www.ubereats.com/green-bay/food-delivery/red-robin-397-n109-stoneybrook-rd/_cKiFpmZRum95AP8dnLzNg,little-chute-wisconsin
https://www.ubereats.com/green-bay/food-delivery/obs-brau-haus/9ZOXloDFQ6qybD5VVlTz-w,little-chute-wisconsin
https://www.ubereats.com/green-bay/food-delivery/the-bar-appleton-the-avenue/gRNBTbhAS12aNaaRwvPSNA,little-chute-wisconsin
https://www.ubereats.com/green-bay/food-delivery/krispy-krunchy-chicken-120-s-mccarthy-rd/k2ZCH0oqSc-MDiON9mqh4w,little-chute-wisconsin
https://www.ubereats.com/green-bay/food-delivery/the-bar-appleton-lynndale/_Rh3Hx8kR_C-uUF1r7yh4w,little-chute-wisconsin
https://www.ubereats.com/green-bay/food-delivery/zacatecas-mexican-grill-%26-tequila-lounge/ZlE6ZEoZQ2a1jDB7D05GlA,little-chute-wisconsin
https://www.ubereats.com/green-bay/food-delivery/subway-105-w-northland-ave/MXLhNVY_SheoyQIByZgOvA,little-chute-wisconsin
https://www.ubereats.com/green-bay/food-delivery/kfc-111-e-wisconsin-ave/b9EtuWULSyCMO04rGmAG6g,little-chute-wisconsin
https://www.ubereats.com/green-bay/food-delivery/lous-brew-cafe-and-lounge/Eg0DJFWXTCWcIF7Q4mIxIA,little-chute-wisconsin
https://www.ubereats.com/green-bay/food-delivery/emperors-buffet-and-grill/SDxwfWEQRtK7ZdAS0-JYMg,little-chute-wisconsin
https://www.ubereats.com/green-bay/food-delivery/starbucks-northland-%26-richmond/EPnO7QbrSYq5rmN-UP-22g,little-chute-wisconsin
https://www.ubereats.com/green-bay/food-delivery/qdoba-4343-w-wisconsin-avenue/0oATaHV8SS-ZxbxTMG6_1g,little-chute-wisconsin
https://www.ubereats.com/green-bay/food-delivery/subway-3701-e-calumet-st/lYZEygjYS0-yHSDqCYfvgw,little-chute-wisconsin
https://www.ubereats.com/green-bay/food-delivery/schlotzskys-881-north-casaloma-drive/-pRWbecATq2ngWVkN6u23w,little-chute-wisconsin
https://www.ubereats.com/green-bay/food-delivery/charleys-philly-steaks-4301-west-wisconsin-ave-sp%23-602/8KS4FUI3TJGGEuIFpsqPUQ,little-chute-wisconsin
https://www.ubereats.com/green-bay/food-delivery/freshii-eisenhower-%26-calumet/oBRhf08ERbupjenkJnhBOw,little-chute-wisconsin
https://www.ubereats.com/green-bay/food-delivery/panda-express-4301-w-wisconsin-ave/DbSRq2x0SWasIfBtBMe3fA,little-chute-wisconsin
https://www.ubereats.com/green-bay/food-delivery/taste-of-thai-appleton/EzRPpFJXQQGknrjuhAkXfg,little-chute-wisconsin
https://www.ubereats.com/green-bay/food-delivery/panda-express-n112-stoneybrook-rd/2p0-GMAPSrmYRnYHAXOR5w,little-chute-wisconsin
