url,city
https://www.ubereats.com/denver/food-delivery/buffalo-wild-wings-980-sgt-jon-stiles-dr/DnVAmqjGSuCXNUc4_rktgw,littleton-colorado
https://www.ubereats.com/denver/food-delivery/qdoba-9956-w-remington-pl/23b8Q-nTRTen064gQyXYUA,littleton-colorado
https://www.ubereats.com/denver/food-delivery/taste-of-philly-colo-blvd/jkk1gx5jTIGFWYTIHL1r8A,littleton-colorado
https://www.ubereats.com/denver/food-delivery/my-fit-foods/HAqWMBmySDSG15Um5ZRZ2A,littleton-colorado
https://www.ubereats.com/denver/food-delivery/zaika-indian-express/k_eamcgHQaKvVt6bhMRVvg,littleton-colorado
https://www.ubereats.com/denver/food-delivery/the-broken-tee-grill/4N1psAE6TiS0Ld5QyKEDYg,littleton-colorado
https://www.ubereats.com/denver/food-delivery/wendys-8040-s-broadway/8yTNL--vQpekGL97earlAA,littleton-colorado
https://www.ubereats.com/denver/food-delivery/kfc-1960-east-county-line-road/5y-SFSR8Rqqu_sqGyzTdAQ,littleton-colorado
https://www.ubereats.com/denver/food-delivery/qdoba-9364-s-colorado-blvd/da_KLtpCRZC8lMSLZEaBRQ,littleton-colorado
https://www.ubereats.com/denver/food-delivery/felt/O8taRqwRSYuFpAwSNZd6Jw,littleton-colorado
https://www.ubereats.com/denver/food-delivery/midici-neapolitan-pizza/rmfXyJmcQtmtyuwUw_5Jxw,littleton-colorado
https://www.ubereats.com/denver/food-delivery/shake-shack-1509-park-central-dr/aK3SFcqxTJ6hxaV_RtREXA,littleton-colorado
https://www.ubereats.com/denver/food-delivery/ihop-12634-w-indore-pl/e_YVofAWTz6Wh-lxIHjMjw,littleton-colorado
https://www.ubereats.com/denver/food-delivery/3-margaritas-lakewood/Qm9gp3f9SnCdqM_eiEYFfw,littleton-colorado
https://www.ubereats.com/denver/food-delivery/the-copper-pot/rKbzjFl8S7CvV9LZzYcOuA,littleton-colorado
https://www.ubereats.com/denver/food-delivery/chipotle-mexican-grill-1644-e-evans-ave/afsTYBGtQx6CZ6qnNvG5tw,littleton-colorado
https://www.ubereats.com/denver/food-delivery/pho-92/M3HpLzRVTsW58y0AKJOE1A,littleton-colorado
https://www.ubereats.com/denver/food-delivery/mona-lisa/ap2uVPQ7SQWKPCIwrV07oA,littleton-colorado
https://www.ubereats.com/denver/food-delivery/my-fit-foods/WQJX89-aS8S3N1MckjlUNw,littleton-colorado
https://www.ubereats.com/denver/food-delivery/little-india-restaurant-%26-bar-6th-ave/z5CoZEMfTlK2-V4BmEzUzg,littleton-colorado
https://www.ubereats.com/denver/food-delivery/meet-fresh/4Fiywht8QF62noXk3yr_pw,littleton-colorado
https://www.ubereats.com/denver/food-delivery/papa-murphys-9315-dorchester-st-suite-108/9UB5cNrmQwmASyutueA_0Q,littleton-colorado
https://www.ubereats.com/denver/food-delivery/mod-pizza-highlands-ranch/9L-BznCJTE-30E2lcFdivw,littleton-colorado
https://www.ubereats.com/denver/food-delivery/jerusalem-restaurant/m5Lpf37sTfGccZ1TQXDAwg,littleton-colorado
https://www.ubereats.com/denver/food-delivery/subway-9956-w-reimington-pl-%23a4/yZc3TlidRr274o9NIQRwWA,littleton-colorado
https://www.ubereats.com/denver/food-delivery/village-inn-23-centennial-blvd/CPgeAAi0Tjmn80N2eKs5uw,littleton-colorado
https://www.ubereats.com/denver/food-delivery/mcdonalds-alameda-%26lincoln/hWoJLjmKTZeHDbWzMMbIKg,littleton-colorado
https://www.ubereats.com/denver/food-delivery/el-parral-mexican-restaurant-littleton/ufmKvphRRCy30hTkXkp1Bw,littleton-colorado
https://www.ubereats.com/denver/food-delivery/makizushico/mLU1_rfESK6Jh6E4g6zlrw,littleton-colorado
https://www.ubereats.com/denver/food-delivery/carls-jr-4080-river-point-pkwy/Z8cb-SUVTzSU75WUkCv3Sw,littleton-colorado
https://www.ubereats.com/denver/food-delivery/city-pop-southglenn/T14h0l3TQR2lYxthYr6n1g,littleton-colorado
https://www.ubereats.com/denver/food-delivery/corner-bakery-cafe-2253-e-briarwood-ave/AH_9FW-MQj6r7eo3g3z0yA,littleton-colorado
https://www.ubereats.com/denver/food-delivery/dunkin-4820-e-hampden-ave/BZdYZZtOS1Ku4lE11ARvlw,littleton-colorado
https://www.ubereats.com/denver/food-delivery/nonos-cafe/rbPBYMqSTwqQoYDYa_88hg,littleton-colorado
https://www.ubereats.com/denver/food-delivery/cafe-terracotta/c6WYYCePTsykpcG6PbbqWA,littleton-colorado
https://www.ubereats.com/denver/food-delivery/papa-johns-8555-w-belleview-ave/psncCwqARmuzWBsKsO-niw,littleton-colorado
https://www.ubereats.com/denver/food-delivery/mcdonalds-sheridan-federal-%26-hampden/pxRsuBXsR1S-kg9fLQ3YUg,littleton-colorado
https://www.ubereats.com/denver/food-delivery/mcdonalds-wads-%26-jewell/BRSdyjtTTXm_hAJSDxwPcA,littleton-colorado
https://www.ubereats.com/denver/food-delivery/qdoba-9338-s-dorchester-st/tKZt8XGlQ2qooFJXXODBfA,littleton-colorado
https://www.ubereats.com/denver/food-delivery/burger-king-2095-south-federal-boulevard/fiKRyJjNQE-_WB1lI-2XJQ,littleton-colorado
https://www.ubereats.com/denver/food-delivery/cb-%26-potts-englewood/Zn3D53rkQdKbxK3b4zrXCA,littleton-colorado
https://www.ubereats.com/denver/food-delivery/walters303-pizzeria-%26-publik-house-bow-mar/4i5VYdUzTeWjBtt-wJVUxw,littleton-colorado
https://www.ubereats.com/denver/food-delivery/auntie-annes-14500-w-colfax-avenue-%23536/TdpAguORRWK66-1hdT846Q,littleton-colorado
https://www.ubereats.com/denver/food-delivery/wendys-9365-hepburn-st/NHF5WZfwSNW-VjgvXxd9kw,littleton-colorado
https://www.ubereats.com/denver/food-delivery/chipotle-mexican-grill-6570-s-yosemite-st-ste-d/8nGroz0pQHOwwEBQ5ghcxw,littleton-colorado
https://www.ubereats.com/denver/food-delivery/chipotle-mexican-grill-3170-s-wadsworth-blvd/X3fsDMpxSLefBfGf3d-NCw,littleton-colorado
https://www.ubereats.com/denver/food-delivery/subway-40-west-littleton-blvd/zp9tVizZRaeP77OcJyTAwg,littleton-colorado
https://www.ubereats.com/denver/food-delivery/joy-hill/B6YgUopJQ2GCTSkfoAPs_Q,littleton-colorado
https://www.ubereats.com/denver/food-delivery/chipotle-mexican-grill-2760-s-colorado-blvd-unit-m/8UBTD1-RTcGU6CPsEcpDBA,littleton-colorado
https://www.ubereats.com/denver/food-delivery/subway-6768-coalmine-ave/ME_9qRrPRyihhOw9q1BmtQ,littleton-colorado
https://www.ubereats.com/denver/food-delivery/bjs-restaurant-%26-brewhouse-14245-west-colfax/GoM85axfQDmTO0JwjZaQTQ,littleton-colorado
https://www.ubereats.com/denver/food-delivery/tavern-littleton/RJKv01GCQLOQ1mvWbL5q4w,littleton-colorado
https://www.ubereats.com/denver/food-delivery/a%26w-1960-east-county-line-road/3AksbODXQ66Yy-n8Ikzp6w,littleton-colorado
https://www.ubereats.com/denver/food-delivery/lamars-donuts-990-w-6th-ave/dB1GxKJlTaSVHeON2scoBw,littleton-colorado
https://www.ubereats.com/denver/food-delivery/menya-sushi-%26-ramen/6KLUEx02TU6Wiyj3huwxPw,littleton-colorado
https://www.ubereats.com/denver/food-delivery/quiznos-8775-e-orchard-rd/6pKDCOOWSEWd-r4buRqXbg,littleton-colorado
https://www.ubereats.com/denver/food-delivery/mcdonalds-broadway-%26-mineral/UXjBfnXaS1yOdSyLigwp6w,littleton-colorado
https://www.ubereats.com/denver/food-delivery/wild-basil/ApiTuLEzSwmo_vqtL95g6A,littleton-colorado
https://www.ubereats.com/denver/food-delivery/pho-real/pgA6DKJUQ_Wlp7enyPcDRw,littleton-colorado
https://www.ubereats.com/denver/food-delivery/postino-broadway/pm2-lLMDSGGUYe2uZba3QA,littleton-colorado
https://www.ubereats.com/denver/food-delivery/cowbobas/krGH2x6WSVunpSLZm8-NEw,littleton-colorado
https://www.ubereats.com/denver/food-delivery/the-donut-house-university/TwJx1wrpTkO42V075aX8fQ,littleton-colorado
https://www.ubereats.com/denver/food-delivery/mcdonalds-littleton-broadw/kbCmoh_3TM6pNjvROFTLJQ,littleton-colorado
https://www.ubereats.com/denver/food-delivery/colonna%60s-pizza-centennial/OwopMXR3RlGxOcqO1TmDIw,littleton-colorado
https://www.ubereats.com/denver/food-delivery/cuba-cuba-sandwicheria-highlands-ranch/PuvLsFdJRN-cacRDQVwwuA,littleton-colorado
https://www.ubereats.com/denver/food-delivery/mcdonalds-denver-hampden/KN0tYwsCSk-hyGvXOZirxQ,littleton-colorado
https://www.ubereats.com/denver/food-delivery/dairy-queen-grill-%26-chill-2897-w-belleview-ave-unit-a/cSenCOVbRyeTLt0Z2lZfgA,littleton-colorado
https://www.ubereats.com/denver/food-delivery/winchells-donut-house-1301-s-broadway/wb1iyuCLTJuNRg8A5iBjMw,littleton-colorado
https://www.ubereats.com/denver/food-delivery/taco-bell-8500-w-crestline-unit-8/xILJb6jKToqGwwIh-y1BXQ,littleton-colorado
https://www.ubereats.com/denver/food-delivery/pho-fusion/ytQC2JV9RHK47WpU_AnSng,littleton-colorado
https://www.ubereats.com/denver/food-delivery/sonic-7561-shaffer-parkway/rdV159wzTJmfVm8Cr-Ve3A,littleton-colorado
https://www.ubereats.com/denver/food-delivery/dunkin-5021-jellison-way/Rzys9UWiT5G157b1oip4Mw,littleton-colorado
https://www.ubereats.com/denver/food-delivery/del-taco-5240-south-wadsworth/GYQLfH8UQTqGesYZItfq5Q,littleton-colorado
https://www.ubereats.com/denver/food-delivery/sweet-cow-ice-cream-denver-platt-park/2XMb1HoSQia-ngf4s_pohQ,littleton-colorado
https://www.ubereats.com/denver/food-delivery/taco-bell-8220-s-quebec/uSZkoI8kRHCky7yET3w4Lg,littleton-colorado
https://www.ubereats.com/denver/food-delivery/modern-market-southglenn/riMDfRVITJuDHqOPMFCCUQ,littleton-colorado
https://www.ubereats.com/denver/food-delivery/qdoba-12027-w-alameda-pkwy/jKCowuMoQJmlU41DWowo1w,littleton-colorado
https://www.ubereats.com/denver/food-delivery/jersey-mikes-subs-180-south-union-blvd/juFaSPQnQruhsCV-2vzjqA,littleton-colorado
https://www.ubereats.com/denver/food-delivery/on-the-border-highlands-ranch/7ALZUVXDTrW0InshTTzaSQ,littleton-colorado
https://www.ubereats.com/denver/food-delivery/five-guys-co-1709-2021-south-colorado-blvd/RtXEyH1MRwuAuS2aT2ioKw,littleton-colorado
https://www.ubereats.com/denver/food-delivery/red-robin-210-7708-w-long-dr/IzwusZIzR_213JX9nVKMcw,littleton-colorado
https://www.ubereats.com/denver/food-delivery/blackjack-pizza-%26-salads-centennial/7Mwlif40S4i90ih9xB8Elg,littleton-colorado
https://www.ubereats.com/denver/food-delivery/arbys-1537/d0dbYhavTZiZ8F9QkbqtCA,littleton-colorado
https://www.ubereats.com/denver/food-delivery/ihop-800-englewood-parkway/XORK8TXBSJKLyVTsfb_NQQ,littleton-colorado
https://www.ubereats.com/denver/food-delivery/noodles-%26-company-9956-remington-pl-space-a-5/rb-O78G6R5OhLD9ZTYg0qg,littleton-colorado
https://www.ubereats.com/denver/food-delivery/tropical-smoothie-cafe-1485-park-central-drive/Ka1u8QTaSAq1gX0vONDVdw,littleton-colorado
https://www.ubereats.com/denver/food-delivery/south-philly-cheese-steaks-cherry-hills/0BEbt5miSa6tHiT1jb4UnA,littleton-colorado
https://www.ubereats.com/denver/food-delivery/smashburger-7740-w-alameda-ave-ste-b/jB9Q8TG9Q8S0GsQx4WwZNw,littleton-colorado
https://www.ubereats.com/denver/food-delivery/3-margaritas-littleton/dtTsq5gaTue27V3Pn9hZ4g,littleton-colorado
https://www.ubereats.com/denver/food-delivery/the-castle-bar-%26-grille/3Kc52mPcTUef2TLdieQm6Q,littleton-colorado
https://www.ubereats.com/denver/food-delivery/sonic-2611-s-broadway/j0vOlCJZTfKOjM24zr840A,littleton-colorado
https://www.ubereats.com/denver/food-delivery/bubba-chinos-19-denver/Yv-mW5pSRWW-aeCFhn4-mA,littleton-colorado
https://www.ubereats.com/denver/food-delivery/parrys-pizzeria-%26-taphouse-highlands-ranch/VOm3LYkdTEywjRr40vVp5w,littleton-colorado
https://www.ubereats.com/denver/food-delivery/big-sky-burger/kxv9Qc2nT4O8ksRMR06K4Q,littleton-colorado
https://www.ubereats.com/denver/food-delivery/mcdonalds-highlands-ranch/jAXpbcrpS_WrzQOdkub5fw,littleton-colorado
https://www.ubereats.com/denver/food-delivery/chipotle-mexican-grill-8100-w-crestline-ave-unit-a1/T4FcamaORLi7v1XwBGAQpw,littleton-colorado
https://www.ubereats.com/denver/food-delivery/buffalo-wild-wings-3900-river-point-pkwy-river-point-at-sheridan/_bgUEefpSSC9vCGH11LOvw,littleton-colorado
https://www.ubereats.com/denver/food-delivery/taco-bell-5572-s-broadway/B-wm_iwHSjOnbRkZceoBWg,littleton-colorado
https://www.ubereats.com/denver/food-delivery/mcdonalds-denver-santa-fe-%26-florida/c3Lf663zShquZnGicp152Q,littleton-colorado
https://www.ubereats.com/denver/food-delivery/jersey-mikes-subs-highlands-ranch-9362-s-colorado-blvd/DcMWbcTYQOmzuUi00Pa9TQ,littleton-colorado
https://www.ubereats.com/denver/food-delivery/old-chicago-104-1489-park-central-drive/Ek3tEdmNT7CaO9ytKGWDeA,littleton-colorado
https://www.ubereats.com/denver/food-delivery/rubios-111-w-mineral-ave/B1ji4lJXSsC9LL1EurpqbQ,littleton-colorado
https://www.ubereats.com/denver/food-delivery/a%26w-2900-w-belleview-avenue/yExo7na-QlG0h-kI1f4HNQ,littleton-colorado
https://www.ubereats.com/denver/food-delivery/potbelly-sandwich-shop-denver-tech-center-%7C-604/Zi3kG1DqSR6Jpffp9gc1EA,littleton-colorado
https://www.ubereats.com/denver/food-delivery/dairy-queen-treat-9435-s-university-blvd/3xhJhZiwQW6WN5OH38lF4w,littleton-colorado
https://www.ubereats.com/denver/food-delivery/menya-noodle-bar/rQ0s4fk7TdaghltWRnm4eA,littleton-colorado
https://www.ubereats.com/denver/food-delivery/my-fry-dude-denver/5mA7mLmVSYOAkedny5bLig,littleton-colorado
https://www.ubereats.com/denver/food-delivery/burger-king-900-w-hampden/9ci1BkJlQMaItlc83ibsqQ,littleton-colorado
https://www.ubereats.com/denver/food-delivery/mcdonalds-ken-caryl-%26-alkire/ZVXDn7R8Sp2ZV7zm-CoWMQ,littleton-colorado
https://www.ubereats.com/denver/food-delivery/which-wich-superior-sandwiches-8331-willow-st/q8TMRz_7TnW6O4B9JHchhw,littleton-colorado
https://www.ubereats.com/denver/food-delivery/taco-river/Q7ye1bhHSGmkYoEzBZs6Zg,littleton-colorado
https://www.ubereats.com/denver/food-delivery/chipotle-mexican-grill-145-union-blvd-ste-103/rSu993W6Rr-i3vF3zPYarw,littleton-colorado
https://www.ubereats.com/denver/food-delivery/first-watch-bowles/omijtQbcTHigqCLsDKyOWg,littleton-colorado
https://www.ubereats.com/denver/food-delivery/gennaros-cafe-italiano/htc2PxZ0R_yXO1glX_T6xg,littleton-colorado
https://www.ubereats.com/denver/food-delivery/subway-2897-w-belleview-ave/NTuu90gWSVqiJewrkSVQ_A,littleton-colorado
https://www.ubereats.com/denver/food-delivery/smashburger-6305-e-hampden-rd-ste-101/lTNiF4wvSteds_zWWJt_kg,littleton-colorado
https://www.ubereats.com/denver/food-delivery/pho-bowlevard-vietnamese-grill/PgBsn8UGQSyGkLqNc7TeEA,littleton-colorado
https://www.ubereats.com/denver/food-delivery/saucys-southern-barbecue-%26-cuisine/SFOKF1wVTga-SbOJsJfPPA,littleton-colorado
https://www.ubereats.com/denver/food-delivery/dennys-275-w-hampden-ave/E-Y1SIwMRAGMkXx--R4U9w,littleton-colorado
https://www.ubereats.com/denver/food-delivery/tbaar-denver-co/X7LQUwKvTxmIsTTQFHxJNQ,littleton-colorado
https://www.ubereats.com/denver/food-delivery/wake-%26-bake/H6AmsHooTcG4SmYG5tNFtw,littleton-colorado
https://www.ubereats.com/denver/food-delivery/arbys-6878/4-S0AV4aSOS6Tgru6W3uXw,littleton-colorado
https://www.ubereats.com/denver/food-delivery/reeds-southside-tavern/mHzh9nZsTseuso2lgL2wFw,littleton-colorado
https://www.ubereats.com/denver/food-delivery/i-love-crazy-dough/izthAKnpRamwi8prWu_gmA,littleton-colorado
https://www.ubereats.com/denver/food-delivery/imperial-garden/Jmoj5Nf6QLSVVcpp7ZdVIQ,littleton-colorado
https://www.ubereats.com/denver/food-delivery/kfc-tb-3110-south-sheridan/QPDX1gCyTjGgooJFTb9VtQ,littleton-colorado
https://www.ubereats.com/denver/food-delivery/gyros-town-restaurant-2276/YCEjGPw5Tai-jQFRafC_kg,littleton-colorado
https://www.ubereats.com/denver/food-delivery/panda-express-9563-south-university-blvd/bUuEDWbVRuuxIu1mVJx8nA,littleton-colorado
https://www.ubereats.com/denver/food-delivery/park-burger-platt-park/rNUmaxmGSliaBoX0Z1ekSg,littleton-colorado
https://www.ubereats.com/denver/food-delivery/fit-kitchen-centennial/Ln7FLsbSSHCkx0Mt-DkAzQ,littleton-colorado
https://www.ubereats.com/denver/food-delivery/rice-and-kabob-littleton/1p6ppFZcRIi2ZKCXPbpb8w,littleton-colorado
https://www.ubereats.com/denver/food-delivery/smokin-fins-highland-ranch/20WPOdY7QMWKhkpgXsEebA,littleton-colorado
https://www.ubereats.com/denver/food-delivery/kneaders-bakery-%26-cafe-highlands-ranch/zLT95wP0RtCK1VRyUXANxA,littleton-colorado
https://www.ubereats.com/denver/food-delivery/taco-bell-3984-red-cedar-dr/PoCSpqCDSh6qa_tK8syGeA,littleton-colorado
https://www.ubereats.com/denver/food-delivery/the-49th/u8Y9O4B6ReCL7PR8udCH8w,littleton-colorado
https://www.ubereats.com/denver/food-delivery/anthonys-pizza-%26-pasta-highlands-ranch-west/CLuaTBb_S1aPReib1b69dg,littleton-colorado
https://www.ubereats.com/denver/food-delivery/cooks-fresh-market/V9X_z04yRIenvkJS38A0IA,littleton-colorado
https://www.ubereats.com/denver/food-delivery/the-poke-story-at-southglenn-centennial/z3WSouWJS0abz2LgkH8DAA,littleton-colorado
https://www.ubereats.com/denver/food-delivery/flying-pig-burger-company/rHqjQy6FTjuWBA65_oT0JQ,littleton-colorado
https://www.ubereats.com/denver/food-delivery/mcdonalds-ltn-co-belleview-%26-prince/MmMfchAeTpmhFz493NOFnw,littleton-colorado
https://www.ubereats.com/denver/food-delivery/burger-king-9985-west-remington-place/GRkyG0KgQTi1NQnP9GONlQ,littleton-colorado
https://www.ubereats.com/denver/food-delivery/burger-king-2110-south-broadway-street/r51yJEcNR4CAy3yAqzK-eg,littleton-colorado
https://www.ubereats.com/denver/food-delivery/great-harvest-bread-co-11068-w-jewell-ave/PSlpfJioQzGphVnCkuRFrg,littleton-colorado
https://www.ubereats.com/denver/food-delivery/smashburger-9563-s-university-blvd-ste-a/xyVLvBtXQmebjwcGo2dhDw,littleton-colorado
https://www.ubereats.com/denver/food-delivery/burnt-end-bbq/bRHKWbm2TjOFPqy8yh7agA,littleton-colorado
https://www.ubereats.com/denver/food-delivery/taco-bell-2717-w-bellview-ave/mn74QgYIREGKl_pVxVdD-g,littleton-colorado
https://www.ubereats.com/denver/food-delivery/kfc-taco-bell-8164-s-kipling-parkway/DV-_2uAPRxSEesoSAcs4Lw,littleton-colorado
https://www.ubereats.com/denver/food-delivery/taco-bell-8695-e-arapahoe-rd/fcsi11qwRNemkwUAD7osvA,littleton-colorado
https://www.ubereats.com/denver/food-delivery/churchs-chicken-1445-s-federal-blvd/6y4ZSSw3TjeVsZSxgKbmEg,littleton-colorado
https://www.ubereats.com/denver/food-delivery/noodles-%26-company-9563-s-university-blvd/KJwiaJkcTra4C1cPDbqSnw,littleton-colorado
https://www.ubereats.com/denver/food-delivery/tokyo-joes-145-union-blvd-%23102/YB7WsclJRomvsulXHZYLNg,littleton-colorado
https://www.ubereats.com/denver/food-delivery/zaika-indian-cuisine/hUGqNq0cR1OU7ax00eCn4w,littleton-colorado
https://www.ubereats.com/denver/food-delivery/the-rock-wood-fired-pizza-centennial/sYZPIOoYT7GtWH3CbP6Pvg,littleton-colorado
https://www.ubereats.com/denver/food-delivery/chipotle-mexican-grill-12512-w-ken-caryl-ave-unit-c/JxWtfg9tQgOoD4VZCvM97g,littleton-colorado
https://www.ubereats.com/denver/food-delivery/winstons-smoke-bbq/ZSRtaI5URd6ApcEufXc3tQ,littleton-colorado
https://www.ubereats.com/denver/food-delivery/new-york-deli-news/xOVpUjX4RJuv_bvERfEE5A,littleton-colorado
https://www.ubereats.com/denver/food-delivery/smashburger-2330-e-arapahoe-rd-ste-909/w5Q2gHJeSMyqlSjYiQpKFQ,littleton-colorado
https://www.ubereats.com/denver/food-delivery/taco-bell-1998-s-federal-blvd/yjY_Bhf1RluSMSrUIFIwgg,littleton-colorado
https://www.ubereats.com/denver/food-delivery/burger-king-7480-s-university-blvd/6lnE_zBgSdGhb-ZUxQr9RQ,littleton-colorado
https://www.ubereats.com/denver/food-delivery/subway-9245-s-broadway/9c3zr0_YSK6sWFs2Xm0rvw,littleton-colorado
https://www.ubereats.com/denver/food-delivery/alamo-drafthouse-littleton/E81kcfY-SV-W7kraIq9UaA,littleton-colorado
https://www.ubereats.com/denver/food-delivery/jersey-mikes-subs-2660-pearl-st/Jr6Lo_HsQ6K32u21sV_iQw,littleton-colorado
https://www.ubereats.com/denver/food-delivery/cafe-ole/w7xRucPwRw2pMpVTpim71A,littleton-colorado
https://www.ubereats.com/denver/food-delivery/chipotle-mexican-grill-355-s-wadsworth-blvd/YWaO90RUQAKQ-7ZowNd4sg,littleton-colorado
https://www.ubereats.com/denver/food-delivery/now-pho/ctnuHciVQ2KEKWoZMqI4hw,littleton-colorado
https://www.ubereats.com/denver/food-delivery/chocklo/jWw96pkFQGu7MQUDinlNjQ,littleton-colorado
https://www.ubereats.com/denver/food-delivery/heaven-creamery/S81UO2bXTsaKCQT9CQKHIA,littleton-colorado
https://www.ubereats.com/denver/food-delivery/the-fort/o706ddEcSoeLUa_uemVueg,littleton-colorado
https://www.ubereats.com/denver/food-delivery/taste-of-philly-highlands-ranch/JbqoLjGPSzW-4yknmKbRCg,littleton-colorado
https://www.ubereats.com/denver/food-delivery/qdoba-mexican-eats-4955-s-ulster/QzVfEGSqSbyHC0AYRIBQIg,littleton-colorado
https://www.ubereats.com/denver/food-delivery/birdcall-east-evans/Qz8dCrUBRQiJfvIijrzB4Q,littleton-colorado
https://www.ubereats.com/denver/food-delivery/starbucks-w-towne-center-dr-%26-santa-fe-dr/_01qy3RXTqWFDFVcMLagkg,littleton-colorado
https://www.ubereats.com/denver/food-delivery/papa-johns-9227-east-lincoln-avenue-suite-400/6bzsUsSLReeZNO2MLtvpbw,littleton-colorado
https://www.ubereats.com/denver/food-delivery/red-lobster-5656-s-wadsworth-blvd/yu7Uh-gWSHiwNRnH_CAd7A,littleton-colorado
https://www.ubereats.com/denver/food-delivery/kfc-10161-west-bowles-avenue/VY00luIJRwCg2eQ52BasMw,littleton-colorado
https://www.ubereats.com/denver/food-delivery/golden-shanghai/VWYP4tdgQ2qoZNDV93mEQg,littleton-colorado
https://www.ubereats.com/denver/food-delivery/fontana-sushi-denver/JHsjVxyRSX-bCZ693nggag,littleton-colorado
https://www.ubereats.com/denver/food-delivery/dairy-queen-treat-1525-s-sheridan-blvd/j0d4B0AlTU6WBO4LvwV6zw,littleton-colorado
https://www.ubereats.com/denver/food-delivery/smashburger-8100-w-crestline-ave-ste-a2/5sb6QsdiSOyRfc0fzxU1YQ,littleton-colorado
https://www.ubereats.com/denver/food-delivery/shangrila/Q5qscPt_RyybgJg2HqEVPw,littleton-colorado
https://www.ubereats.com/denver/food-delivery/gypsy-house-cafe/QJIoDxM6Sp6mVbpbfid_DQ,littleton-colorado
https://www.ubereats.com/denver/food-delivery/kseni-mademoiselle/KmSU8Z70RruE1oxnUh3mhw,littleton-colorado
https://www.ubereats.com/denver/food-delivery/tokayo-sushi/J7aV0QCFQIW0Mt3Lk2yp_g,littleton-colorado
https://www.ubereats.com/denver/food-delivery/francys-gourmet/S3EUO2A3TjqeVyWLKd3AQw,littleton-colorado
https://www.ubereats.com/denver/food-delivery/a%26w-2599-south-lewis-way/OH8TKexyQ3SH3iR6vD3C_w,littleton-colorado
https://www.ubereats.com/denver/food-delivery/buffalo-wild-wings-5138-s-wadsworth-blvd/frrd3kDXRdiy7ZK5hngX3g,littleton-colorado
https://www.ubereats.com/denver/food-delivery/moosehill-cantina/9sYfPR1ER7O1TlZzdd27QQ,littleton-colorado
https://www.ubereats.com/denver/food-delivery/old-chicago-11-3550-so-wadsworth-blvd/svxgysgDTWCkol9boTuHFQ,littleton-colorado
https://www.ubereats.com/denver/food-delivery/mcdonalds-lttltn-wads-%26-chatfield/MMfrLPWrR7-DDcq5dl3M9A,littleton-colorado
https://www.ubereats.com/denver/food-delivery/6602-bonefish-grill-8100-w-crestline-ave/muOkZbAoT1GKwdQc1oPeRg,littleton-colorado
https://www.ubereats.com/denver/food-delivery/coal-mine-kitchen/rungdyp1QhC8e5n_TNwBeg,littleton-colorado
https://www.ubereats.com/denver/food-delivery/pie-hole/G0uvbcAYT-SrFWkHh98eSg,littleton-colorado
https://www.ubereats.com/denver/food-delivery/chipotle-mexican-grill-2209-w-wildcat-reserve-pkwy-unit-e1a/2PK10RH0QUWCeHIPyO1oIg,littleton-colorado
https://www.ubereats.com/denver/food-delivery/aki-japanese-cuisine/iFja5N1lS5OmY9Z-n-Jbvw,littleton-colorado
https://www.ubereats.com/denver/food-delivery/hacienda-colorado-lakewood/Bk78qRn_QEaXqNGKepe4uw,littleton-colorado
https://www.ubereats.com/denver/food-delivery/jasons-deli-lakewood/b9QmsDPURNqk1y11zO-lSQ,littleton-colorado
https://www.ubereats.com/denver/food-delivery/mcdonalds-den-monaco/XmJpj2_8SnOhPni4OIyYIw,littleton-colorado
https://www.ubereats.com/denver/food-delivery/yayas-euro-bistro-denver/It9LOHy1QiKqDkptShIG0g,littleton-colorado
https://www.ubereats.com/denver/food-delivery/rosa-mexican-kitchen/U0VNWQbASpSOGZr6QAmcMg,littleton-colorado
https://www.ubereats.com/denver/food-delivery/schlotzskys-deli-e-arapahoe-rd/yRw_bNDTSFu3BenQQd5jpw,littleton-colorado
https://www.ubereats.com/denver/food-delivery/qdoba-7301-s-santa-fe-dr/MEv_EgJRTcyOoLtIh6VUuQ,littleton-colorado
https://www.ubereats.com/denver/food-delivery/giuseppes-pizzeria-%26-deli/pETYgYwTRlKQrSw7ZoWxTQ,littleton-colorado
https://www.ubereats.com/denver/food-delivery/qdoba-6703-s-university-blvd/B0PFcSHXTYGtyliFWPzOpg,littleton-colorado
https://www.ubereats.com/denver/food-delivery/taco-bell-1265-s-colorado-blvd/Gb1FYhCiQQ6-ud7w2Q_IKA,littleton-colorado
https://www.ubereats.com/denver/food-delivery/papa-johns-6400-leetsdale-dr/IjtNhlgdT_697CyK9Lcz5A,littleton-colorado
https://www.ubereats.com/denver/food-delivery/anthonys-pizza-%26-pasta-lakewood/RfmUoCiuTGS8LcA1ZVZnUA,littleton-colorado
https://www.ubereats.com/denver/food-delivery/the-cow-an-eatery/u_Trq1prQR6OYtXXFdIZZw,littleton-colorado
https://www.ubereats.com/denver/food-delivery/larkburger-dtc/63h1-_IsQ3eiFW42HxdWhw,littleton-colorado
https://www.ubereats.com/denver/food-delivery/pei-wei-9352-s-colorado-blvd-suite-g-1/1ULbAT6eQ6edD_BgSzZYKA,littleton-colorado
https://www.ubereats.com/denver/food-delivery/moxie-eatery/TXFfJ_ZeTPCj_aRoohWu5Q,littleton-colorado
https://www.ubereats.com/denver/food-delivery/east-moon-asian-bistro-%26-sushi-centennial/tDQIZ9pUSESN0JMVRf8k7A,littleton-colorado
https://www.ubereats.com/denver/food-delivery/glacier-homemade-ice-cream-and-gelato/tZkE49IfSLejomYSiFveXQ,littleton-colorado
https://www.ubereats.com/denver/food-delivery/basic-smoothie-bar/WDs3e_gJR9-7FP7NMuLb1g,littleton-colorado
https://www.ubereats.com/denver/food-delivery/tokyo-joes-8501-w-bowles-%231270/t7ntAb_oSH-NKHSUrP3KJA,littleton-colorado
https://www.ubereats.com/denver/food-delivery/mad-greens-highlands-ranch/W0aSKddWQHWZW9Yn4k-U8w,littleton-colorado
https://www.ubereats.com/denver/food-delivery/wild-corgi-pub/DyrikeOZR1-yZx5XUTsnJg,littleton-colorado
https://www.ubereats.com/denver/food-delivery/lilys-cocina-y-cantina/q1wVxrm5TE67QuoQiKuTtQ,littleton-colorado
https://www.ubereats.com/denver/food-delivery/old-chicago-66-145-union-blvd/q1OB9b9qRCGekJFvuTmjBA,littleton-colorado
https://www.ubereats.com/denver/food-delivery/yogurtland-550-grand-st/DEYIKAkZSV6kUWlgsmY_OQ,littleton-colorado
https://www.ubereats.com/denver/food-delivery/the-donut-house-south-denver/9ZqVWecQTzO5i8ebTd5T1w,littleton-colorado
https://www.ubereats.com/denver/food-delivery/starbucks-belleview-%26-prince-littleton/S_hvEn8ZRhWw4l_SGXP_Wg,littleton-colorado
https://www.ubereats.com/denver/food-delivery/mcdonalds-belmar/Hj2ctk1iSVWCqk38uXFy0g,littleton-colorado
https://www.ubereats.com/denver/food-delivery/burger-king-2397-west-belleview-ave/c8yxwgkwT_KMDx3E0wBg-Q,littleton-colorado
https://www.ubereats.com/denver/food-delivery/three-little-griddles-dtc/aob1ut5jTlulwiI6VC9oRw,littleton-colorado
https://www.ubereats.com/denver/food-delivery/auntie-annes-8501-w-bowles-ave-%232c-339/XYpTKl9xTjubASI1px9kqA,littleton-colorado
https://www.ubereats.com/denver/food-delivery/noodles-%26-company-1601-mayberry-dr-space-104/7ekQyYE9TuWqqxctC7htNw,littleton-colorado
https://www.ubereats.com/denver/food-delivery/which-wich-superior-sandwiches-8100-w-crestline-ave/yv7jH6PZQFKZGldIbSbQrg,littleton-colorado
https://www.ubereats.com/denver/food-delivery/taco-bell-540-west-hampden-avenue/DfNzzIafSDC_gi9bQcMBTg,littleton-colorado
https://www.ubereats.com/denver/food-delivery/applebees-8292-s-university-blvd-%2384033/BSRDcKJNSySR8NkXVw9x1A,littleton-colorado
https://www.ubereats.com/denver/food-delivery/bangkok-thai-food-2/TISyay_US-yaJWJ1JywcVQ,littleton-colorado
https://www.ubereats.com/denver/food-delivery/burger-king-5061-south-jellison-way/qO86dt1VTCa9Ewg3PTkF6w,littleton-colorado
https://www.ubereats.com/denver/food-delivery/taco-bell-350-south-federal-blvd/uD-s6Ee2QIiPTa2QaaSk4Q,littleton-colorado
https://www.ubereats.com/denver/food-delivery/jersey-mikes-subs-englewood-4989-s-broadway/V7aKmiV-SQuikMtvfpGSoQ,littleton-colorado
https://www.ubereats.com/denver/food-delivery/india-express-restaurant/LOb3SrERTNyed0z2Zbj2Yg,littleton-colorado
https://www.ubereats.com/denver/food-delivery/winchels-donuts/7K_H3JvxR4aCmvCovQeXzQ,littleton-colorado
https://www.ubereats.com/denver/food-delivery/carreras-tacos/U67ls7CzRKKgd9F7Dm3Z-w,littleton-colorado
https://www.ubereats.com/denver/food-delivery/mcdonalds-santa-fe-%26-church/roqMAF4CQ-eimXSwzqzAhA,littleton-colorado
https://www.ubereats.com/denver/food-delivery/subway-3506-town-center-dr/icSkZ4A1SWmMCSiebztLXw,littleton-colorado
https://www.ubereats.com/denver/food-delivery/village-inn-3160-south-wadsworth-boulevard/sOS6bXxKT2mPZnU_iJH-nA,littleton-colorado
https://www.ubereats.com/denver/food-delivery/qdoba-1156-s-colorado-blvd/fweyP_lNTo6gjSYD_YOQVg,littleton-colorado
https://www.ubereats.com/denver/food-delivery/bar-louie-lakewood/az3wus3oSFKJ9hrpJ3IYrw,littleton-colorado
https://www.ubereats.com/denver/food-delivery/berriegood-co/x2pLMxSVSQKARXkmnFLKOw,littleton-colorado
https://www.ubereats.com/denver/food-delivery/great-harvest-bread-co/veZGomD8RX2oontvrUb9pw,littleton-colorado
https://www.ubereats.com/denver/food-delivery/cold-stone-creamery-697-w-hampden-ave-ste-102/CUT8sRwOSfKr9sMkDH6S1w,littleton-colorado
https://www.ubereats.com/denver/food-delivery/cold-stone-creamery-9338-dorchester-st-ste-a-101/BWmcto33QOWgDsWrGjxq-Q,littleton-colorado
https://www.ubereats.com/denver/food-delivery/which-wich-superior-sandwiches-14255-w-colfax-ave/QbsdjMAVSluEmpOMI0kf3w,littleton-colorado
https://www.ubereats.com/denver/food-delivery/red-robin-211-63-w-centennial-blvd/kTm21qG-ToKPZ-9yFKvxig,littleton-colorado
https://www.ubereats.com/denver/food-delivery/cafe-byblos-greek-%26-lebanese/1Dx4bjOYQKiiRDMlD3fLQQ,littleton-colorado
https://www.ubereats.com/denver/food-delivery/firehouse-subs-highland-ranch/6fbyZYdfRLOonah25zFjMQ,littleton-colorado
https://www.ubereats.com/denver/food-delivery/chop-shop-casual-urban-eatery-sobo/tMT7EAcWS_60ym8lf1fspg,littleton-colorado
https://www.ubereats.com/denver/food-delivery/starbucks-ken-caryl-%26-alkire/pk81DucLQJOgcxwinYsDOw,littleton-colorado
https://www.ubereats.com/denver/food-delivery/dairy-queen-grill-%26-chill-5005-s-kipling-pkwy/gJw9Nr4aR3uoYP8GpX_jPQ,littleton-colorado
https://www.ubereats.com/denver/food-delivery/westrail-tap-%26-grill/uSHKQaKiQqmv-CsEPXNDaw,littleton-colorado
https://www.ubereats.com/denver/food-delivery/sonic-12820-w-alameda-pkwy/m3enbWUPS7amzgedDlq-Bg,littleton-colorado
https://www.ubereats.com/denver/food-delivery/viewhouse-littleton/9HB03xdmS9GD6pCidR9UJw,littleton-colorado
https://www.ubereats.com/denver/food-delivery/qdoba-5188-s-broadway/UjX0SPcASsGNzGOMaJ-tdw,littleton-colorado
https://www.ubereats.com/denver/food-delivery/the-boardroom-sports-bar/_6bMDxjcRN6tmD-cAfThMQ,littleton-colorado
https://www.ubereats.com/denver/food-delivery/blackjack-pizza-%26-salads-6465-w-colfax-ave/N1sQT10mROaSL8oiN9IfTg,littleton-colorado
https://www.ubereats.com/denver/food-delivery/tokyo-joes-9131-s-broadway/Gwg2SvLcSbW2-7Kc5RVtbA,littleton-colorado
https://www.ubereats.com/denver/food-delivery/mcdonalds-englewood-i-25/PdU3xWeVSNylNIHPBBxobQ,littleton-colorado
https://www.ubereats.com/denver/food-delivery/yogurtland-7535-s-university/Hd218vUpQdijZdy5JyKOyg,littleton-colorado
https://www.ubereats.com/denver/food-delivery/caribou-coffee-1400-east-hampden-avenue/beuYo9mUQU-h--_9Pgm-gg,littleton-colorado
https://www.ubereats.com/denver/food-delivery/la-fogata/o5Z317_FQieU3-29GyKVCw,littleton-colorado
https://www.ubereats.com/denver/food-delivery/agave-taco-bar/NjituJHlQMabfI-OIUsgkw,littleton-colorado
https://www.ubereats.com/denver/food-delivery/big-daddys-pizza-s-wadsworth-blvd-denver-co/o4EHw7S0TWiYH2_r4ELBKw,littleton-colorado
https://www.ubereats.com/denver/food-delivery/4gs/JBIWs5NjQ8OLrxz9X5Bt7A,littleton-colorado
https://www.ubereats.com/denver/food-delivery/glacier-ice-cream-and-gelato-greenwood-village/oDvC2TCkSKmCHIGEIx25tw,littleton-colorado
https://www.ubereats.com/denver/food-delivery/honey-baked-ham-w-bowles-ave/TBw79U7HSO68XPQsAglVcQ,littleton-colorado
https://www.ubereats.com/denver/food-delivery/in-tea/RmVb04_jQ4-X1-QoFIkyoQ,littleton-colorado
https://www.ubereats.com/denver/food-delivery/taco-bell-6460-e-yale-ave-unit-b/6E3X_5WURX664-uDfobLyw,littleton-colorado
https://www.ubereats.com/denver/food-delivery/hogback-bbq-%26-grill-depew-st/jqNW76FQRvSXARVeTlo8Bw,littleton-colorado
https://www.ubereats.com/denver/food-delivery/taco-bell-7911-s-broadway/Z-zQAfbZSYur30wNcCfUaQ,littleton-colorado
https://www.ubereats.com/denver/food-delivery/yogurtland-9910-w-belleview-ave/CxDu2JXsTG6GXC-CkMrnWQ,littleton-colorado
https://www.ubereats.com/denver/food-delivery/falafel-house-%26-grill-wadsworth/aQBnPsWZSBeaU76Tp8L-9g,littleton-colorado
https://www.ubereats.com/denver/food-delivery/cold-stone-creamery-7421-w-bowles-ave-ste-10/1QhMlWG5SaqobvPpsFtmeg,littleton-colorado
https://www.ubereats.com/denver/food-delivery/papa-johns-9245-s-broadway-unit-400/VFJoH7FNQNmh_g1y2DHFFQ,littleton-colorado
https://www.ubereats.com/denver/food-delivery/lynns-tea-shop-%26-cafe/qsZSxl6IT1-wwb3XlmR1gw,littleton-colorado
https://www.ubereats.com/denver/food-delivery/mcdonalds-den-brentwood/jqDIE49wQuiQB7NIEttiOg,littleton-colorado
https://www.ubereats.com/denver/food-delivery/noodles-%26-company-7301-s-santa-fe-dr/fBLLWr-QTSunhGR1YSNvQQ,littleton-colorado
https://www.ubereats.com/denver/food-delivery/kfc-taco-bell-13109-w-alameda-pkwy/QcOMlzHfTMW0Jc2uIJNRXw,littleton-colorado
https://www.ubereats.com/denver/food-delivery/chipotle-mexican-grill-14255-w-colfax-ave-ste-a/ayVfWBNLQyOgyt_tqjlTlg,littleton-colorado
https://www.ubereats.com/denver/food-delivery/dunkin-2766-s-broadway/jHWrg8doQlKXG9Os2NPS6g,littleton-colorado
https://www.ubereats.com/denver/food-delivery/papa-murphys-11614-west-belleview-avenue-suite-n/GQb-NMG0RDmGm3B68lNQJg,littleton-colorado
https://www.ubereats.com/denver/food-delivery/papa-johns-1745-s-wadsworth-blvd/kE3YCWRQQYSa5aLCTHyH-g,littleton-colorado
https://www.ubereats.com/denver/food-delivery/chipotle-mexican-grill-8000-e-belleview-ave-ste-f20/pRpEo-VORrqvuRBvu_me7Q,littleton-colorado
https://www.ubereats.com/denver/food-delivery/papa-johns-1505-e-evans-ave/D8pmbM8hSwyTndYPRFvcgQ,littleton-colorado
https://www.ubereats.com/denver/food-delivery/indias-restaurant-denver/p4LG-2MwQ1Wqdm6ebwaxog,littleton-colorado
https://www.ubereats.com/denver/food-delivery/thats-a-wrap/R7ufQx39TKWf7OJTAvdtCA,littleton-colorado
https://www.ubereats.com/denver/food-delivery/arbys-591/rZBhpywEQiWGSaq66jJ3ag,littleton-colorado
https://www.ubereats.com/denver/food-delivery/piccino-wood-oven-pizza/N-8CtndcSzepewi18yKFVg,littleton-colorado
https://www.ubereats.com/denver/food-delivery/outback-steakhouse-8601-west-cross-drive/wYT5yyAjS8ekj0Knf8ZRNA,littleton-colorado
https://www.ubereats.com/denver/food-delivery/starbucks-highlands-ranch-%26-university-blvd/vPoVAAcKTlK3u1HWgO7I-g,littleton-colorado
https://www.ubereats.com/denver/food-delivery/mcdonalds-cty-line-%26-holly/_hmGDlDGTQ-yMj2nhVLMxg,littleton-colorado
https://www.ubereats.com/denver/food-delivery/the-sports-lounge-off-broadway/jCpCJ6sER3mqkJabTrWXlw,littleton-colorado
https://www.ubereats.com/denver/food-delivery/mi-cocina-mexican-restaurant-county-line-rd/v3ISLQZqQnu7kX_OiyK9EA,littleton-colorado
https://www.ubereats.com/denver/food-delivery/garnish-indian-fusion/yhdj4cOiR0OazLVVVkiBhQ,littleton-colorado
https://www.ubereats.com/denver/food-delivery/don-juans-mexican-grill/sZMu0ljqToCLue6gArb8AQ,littleton-colorado
https://www.ubereats.com/denver/food-delivery/dairy-queen-treat-2380-s-colorado-blvd/OKUJIEuZRK-au6DGi8qGig,littleton-colorado
https://www.ubereats.com/denver/food-delivery/ricos-pizzeria/BARdXQaRS_uz8fQIZjLvEw,littleton-colorado
https://www.ubereats.com/denver/food-delivery/shawarma-mediterranean-grill/hQNzRPs5TuWwoSJTzUxWfQ,littleton-colorado
https://www.ubereats.com/denver/food-delivery/casa-caliente/YIGHL-BERZWUjoPwM_UrVw,littleton-colorado
https://www.ubereats.com/denver/food-delivery/he-xing-garden/6s6pw-dgQSG4v52uo7By2A,littleton-colorado
https://www.ubereats.com/denver/food-delivery/chipotle-mexican-grill-7515-s-university-blvd/xJml4I1ySh65lzqCwPiqbA,littleton-colorado
https://www.ubereats.com/denver/food-delivery/chubbys-%2314/S_GcM_jtQSmx26A891wyGw,littleton-colorado
https://www.ubereats.com/denver/food-delivery/big-daddys-pizza-s-broadway-littleton-co/MTwZPTlOR0SJ8Q4yg_l-rw,littleton-colorado
https://www.ubereats.com/denver/food-delivery/ihop-1831/Xc8V-FB5TDyL_8SVrFA2Zg,littleton-colorado
https://www.ubereats.com/denver/food-delivery/tuk-tuk-thai-lakewood/rNpemVJsTbuHcbWiNOnp2Q,littleton-colorado
https://www.ubereats.com/denver/food-delivery/bacon-social-house-littleton/HWTHisx3RYy5PwWNnBA_5A,littleton-colorado
https://www.ubereats.com/denver/food-delivery/burger-king-1998-south-kipling-parkway/Gw0ddm1SQFCF9ACqruf9AQ,littleton-colorado
https://www.ubereats.com/denver/food-delivery/jersey-mikes-subs-10278-west-centennial-rd/-Nr0J_20TeSsFb2nRABLVw,littleton-colorado
https://www.ubereats.com/denver/food-delivery/qdoba-14231-w-colfax-ave/NfE4HkcLSjGsV6lTq7r_vg,littleton-colorado
https://www.ubereats.com/denver/food-delivery/panda-express-5350-s-santa-fe-dr/TJS8ZYeJRym22q6JgiVNIw,littleton-colorado
https://www.ubereats.com/denver/food-delivery/papa-johns-5194-s-broadway/QB3ly2VSRt-J3jGue_6PBA,littleton-colorado
https://www.ubereats.com/denver/food-delivery/the-rusty-tapp-colorado-bbq-%26-catering/HIKf7047TJW6AI5gBgJzYg,littleton-colorado
https://www.ubereats.com/denver/food-delivery/illegal-burger-cityset/7wMjAanWSmayIMuAVJuNpw,littleton-colorado
https://www.ubereats.com/denver/food-delivery/a%26w-2096-south-colorado-boulevard/y24aQ4yQQGmx75t7AjCLAQ,littleton-colorado
https://www.ubereats.com/denver/food-delivery/paradise-biryani-pointe-indian-cuisine-%26-bakery/GcicSbX4S4m3d7FNVj96xg,littleton-colorado
https://www.ubereats.com/denver/food-delivery/huhot-mongolian-grill-3698-s-natches-ct/5-9IaRV5SVmnt3xCork9TQ,littleton-colorado
https://www.ubereats.com/denver/food-delivery/potbelly-sandwich-shop-colorado-%26-yale-%7C-347/z1pOldVjS1auH2sRyr8jcQ,littleton-colorado
https://www.ubereats.com/denver/food-delivery/mcdonalds-denver-s-colorado-blvd/1qY8q_hTSNi3tU8r5eiuyg,littleton-colorado
https://www.ubereats.com/denver/food-delivery/subway-9904-west-belleview/Gles2_6dSX-e3yS1O2obNw,littleton-colorado
https://www.ubereats.com/denver/food-delivery/mcdonalds-denver-co-colorado-%26-evans/M_HAz6mtThe-zjSk9f8jyA,littleton-colorado
https://www.ubereats.com/denver/food-delivery/dairy-queen-treat-1010-s-union-blvd/pKTLZuUMSp25uG-lofAO7g,littleton-colorado
https://www.ubereats.com/denver/food-delivery/mad-greens-s-colorado-blvd/g42vMrcbSDOBuvgmm2lVJg,littleton-colorado
https://www.ubereats.com/denver/food-delivery/beirut-grill/70eCZGLgRzmMwzHbNgQWFg,littleton-colorado
https://www.ubereats.com/denver/food-delivery/taco-bell-165-s-sheridan-blvd/lC9efUU1SIyGCLQ5oXK8IQ,littleton-colorado
https://www.ubereats.com/denver/food-delivery/bottoms-up-sports-tavern/RLt0tPi9QvOOvXojfw_XUw,littleton-colorado
https://www.ubereats.com/denver/food-delivery/el-rancherito/sZYWh3vUT223-KTJWyPJdg,littleton-colorado
https://www.ubereats.com/denver/food-delivery/mali-thai-cuisine/svLann9MQBCZITDSak8IoA,littleton-colorado
https://www.ubereats.com/denver/food-delivery/nekter-juice-bar-2500-e-orchard-rd/Em_bD7ccQZW5ydBRxCji3g,littleton-colorado
https://www.ubereats.com/denver/food-delivery/mcdonalds-belleview-%26-kipling/1x2uzys1S_mZZAcE1TAX8g,littleton-colorado
https://www.ubereats.com/denver/food-delivery/dunkin-4760-w-mineral-ave/xuCMn9SKTMme0-XjlsB3hA,littleton-colorado
https://www.ubereats.com/denver/food-delivery/garbanzo-mediterranean-grill-littleton-wadsworth/l9mx3uTxRFew-OZU3GYZzQ,littleton-colorado
https://www.ubereats.com/denver/food-delivery/qdoba-800-englewood-pkwy/-RixIsRJQ8i4_TSV_qoyug,littleton-colorado
https://www.ubereats.com/denver/food-delivery/chick-fil-a-3085-s-broadway/v7F0ms5YSZiAtYO2qp2UZA,littleton-colorado
https://www.ubereats.com/denver/food-delivery/chipotle-mexican-grill-333-w-hampden-ave-ste-110/u8a0fkSURsKZCeJAXMcL1A,littleton-colorado
https://www.ubereats.com/denver/food-delivery/the-chicken-coup-dtc/WFh0Ip_xRC6j8NbYU7qiIA,littleton-colorado
https://www.ubereats.com/denver/food-delivery/lansdowne-arms/i-cdhGVNQrWXZPWtSsuPMA,littleton-colorado
https://www.ubereats.com/denver/food-delivery/applebees-5250-s-wadsworth-blvd-%2384030/Px-xTqIwS-ajq2SlPon61w,littleton-colorado
https://www.ubereats.com/denver/food-delivery/mikes-famous-pizza/5dgyxAiSQW6DE9b4MBDC3A,littleton-colorado
https://www.ubereats.com/denver/food-delivery/taco-bell-5050-s-quebec/LENA4_u8ThKdSF5KCB4U1g,littleton-colorado
https://www.ubereats.com/denver/food-delivery/wayback-burger-5098-south-federal-blvd/0-0e1be0Tjet2e6htwwogg,littleton-colorado
https://www.ubereats.com/denver/food-delivery/little-india-restaurant-and-bar-lakewood/s97MM0LZTY2qgDcqyHtqRw,littleton-colorado
https://www.ubereats.com/denver/food-delivery/cold-stone-creamery-7850-w-alameda-ave-unit-b/-POF_YQ-TbmxLnVmyTAAYw,littleton-colorado
https://www.ubereats.com/denver/food-delivery/el-torito-taqueria-y-mas/sCD2KmSmQWOQzq6bvBZlaw,littleton-colorado
https://www.ubereats.com/denver/food-delivery/dairy-queen/vr25hVuqTBGKQIb3KZOxSg,littleton-colorado
https://www.ubereats.com/denver/food-delivery/chipotle-mexican-grill-5699-s-broadway/XFJIQVd2RQ-5QauttynYeg,littleton-colorado
https://www.ubereats.com/denver/food-delivery/cubs-q/vgaB0U1KSfeu5AS2CbhQnQ,littleton-colorado
https://www.ubereats.com/denver/food-delivery/chick-fil-a-9976-w-remington-pl/AY5vy7AuQk2pAHfPyRR00Q,littleton-colorado
https://www.ubereats.com/denver/food-delivery/papa-murphys-7408-s-university-blvd/MaM94upxTeSgvUBLXcu89w,littleton-colorado
https://www.ubereats.com/denver/food-delivery/first-watch-highlands-ranch/s92Etj0uTsKZG_6fyVbAkA,littleton-colorado
https://www.ubereats.com/denver/food-delivery/sunflower-asian-cafe/6bddXfuIQ4ON6n5laNHswA,littleton-colorado
https://www.ubereats.com/denver/food-delivery/thai-basil/ONQNxCXGSxa-3Puudvb8zA,littleton-colorado
https://www.ubereats.com/denver/food-delivery/burger-king-3520-town-center-drive/ozXth2WhQfux4M8LSR_ZBg,littleton-colorado
https://www.ubereats.com/denver/food-delivery/las-potrancas-littleton/FlmYneikQDiVSKezU6PYyQ,littleton-colorado
https://www.ubereats.com/denver/food-delivery/bistro-king/wID7mdQjSsWOVUiCbjvw6w,littleton-colorado
https://www.ubereats.com/denver/food-delivery/lakewood-grill/gfmIynDeSKKjKZVu6N9fnQ,littleton-colorado
https://www.ubereats.com/denver/food-delivery/steak-n-shake-3502-river-point-parkway/-E70FNEtQp6UfQ6DA1o4ng,littleton-colorado
https://www.ubereats.com/denver/food-delivery/wendys-5155-s-broadway/msT8N86MT02mDlrVNwrH_w,littleton-colorado
https://www.ubereats.com/denver/food-delivery/boston-market-8507-e-arapahoe-road/St3-QRbsSPmJ7Bu-k_nBuw,littleton-colorado
https://www.ubereats.com/denver/food-delivery/spicy-asian/lf1ywnI7RKSSQVZYXfqKUQ,littleton-colorado
https://www.ubereats.com/denver/food-delivery/arbys-7483/I3C4FpW2QeaUIgWkIEgeVQ,littleton-colorado
https://www.ubereats.com/denver/food-delivery/modern-market-eatery-highlands-ranch/ZsUc52uVRQq_carV7E1gMw,littleton-colorado
https://www.ubereats.com/denver/food-delivery/boston-market-8500-w-crestline-ave/XQ1QXJKDTFiI2y7hjtgqTg,littleton-colorado
https://www.ubereats.com/denver/food-delivery/parrys-pizzeria-%26-taphouse-southglenn/AcU6xVZ6Sl2sSU3ANK1E2g,littleton-colorado
https://www.ubereats.com/denver/food-delivery/starbucks-wadworth-%26-bowles-littleton/asC_aMRqSWSZxNMX8Hmd5A,littleton-colorado
https://www.ubereats.com/denver/food-delivery/qdoba-e-hampden-ave-%26-s-poplar-st/lOqtH80ZS5OpCyYZPlD8kw,littleton-colorado
https://www.ubereats.com/denver/food-delivery/watda-pho/GFd4Gu1hQtqGg3hZ4oluyg,littleton-colorado
https://www.ubereats.com/denver/food-delivery/wendys-8555-w-belleview-ave/_bzsLZucTHGDUILSmLZO1w,littleton-colorado
https://www.ubereats.com/denver/food-delivery/arbys-8491/m2nNmAAJS9O-UwGr5lIvCw,littleton-colorado
https://www.ubereats.com/denver/food-delivery/mcdonalds-sw-commons-sc/QVb1wGDkR6ajr9NJmOs4nQ,littleton-colorado
https://www.ubereats.com/denver/food-delivery/mcdonalds-alameda-%26-federal/-oPaU92DTRKxhGA5eE4twg,littleton-colorado
https://www.ubereats.com/denver/food-delivery/ajs-pit-bar-b-q/ID9e0YFrRimlsezk7iDD9w,littleton-colorado
https://www.ubereats.com/denver/food-delivery/main-event-highlands-ranch/PLg8afGGQHG55oKudmgLjQ,littleton-colorado
https://www.ubereats.com/denver/food-delivery/kfc-2599-south-lewis-way/M0lv3TULSryD2EOdztyBeA,littleton-colorado
https://www.ubereats.com/denver/food-delivery/lamars-donuts-colorado-blvd/BLHW_hLXTsezXpwRDyWdnA,littleton-colorado
https://www.ubereats.com/denver/food-delivery/finn-mccools-bar-%26-grill/NZzVrcjESHulAvK-3rYS8Q,littleton-colorado
https://www.ubereats.com/denver/food-delivery/potbelly-sandwich-shop-union-%26-4th-%7C-354/OrnfOlrARtmoJeZbNp8-lw,littleton-colorado
https://www.ubereats.com/denver/food-delivery/high-point-creamery-hilltop/bLMmZPMERcKnVSnWWPdBvA,littleton-colorado
https://www.ubereats.com/denver/food-delivery/kfc-2900-w-belleview-avenue/bgVKjC-ZSZiliFnsoup0YQ,littleton-colorado
https://www.ubereats.com/denver/food-delivery/fresas-mexican-ice-cream/xWn-r5hZRt2KFgDDX5YF9Q,littleton-colorado
https://www.ubereats.com/denver/food-delivery/the-pint-room/6bhl0RANTk-DmvOZuKaQtA,littleton-colorado
https://www.ubereats.com/denver/food-delivery/mama-mias-englewood/H-XvFzqmR0KfFXWf_nYNeg,littleton-colorado
https://www.ubereats.com/denver/food-delivery/panda-express-7850-w-quincy-ave/IzH1WunkQVC1MQWt7qBHLQ,littleton-colorado
https://www.ubereats.com/denver/food-delivery/corner-bakery-cafe-1601-mayberry-dr/ltIUtsuNTlyWRjTiydfaYw,littleton-colorado
https://www.ubereats.com/denver/food-delivery/firehouse-subs-lakewood/QlbRaZwUQee-t9HpQts6jg,littleton-colorado
https://www.ubereats.com/denver/food-delivery/ihop-7733-w-long-dr/pGdIYvonRvCebhsfRm53mw,littleton-colorado
https://www.ubereats.com/denver/food-delivery/saucy-buns-bbq/ZkBDRFo1TFaq-lUKzSirdA,littleton-colorado
https://www.ubereats.com/denver/food-delivery/taste-of-philly-littleton/BCECbY-0QnGlkNXzeEWhTQ,littleton-colorado
https://www.ubereats.com/denver/food-delivery/five-guys-co-1681-4989-s-broadway/cFay5WdCSnCoAj6uT8cN-w,littleton-colorado
https://www.ubereats.com/denver/food-delivery/five-guys-co-1588-14630-west-colfax-ave/ZeX8zyYDSiiEoAXMs73Ajw,littleton-colorado
https://www.ubereats.com/denver/food-delivery/sugar-storm/LLnHiLYzSy6uI_tLunnpLQ,littleton-colorado
https://www.ubereats.com/denver/food-delivery/pokeco/BeQlRJ_US6inLIbXdFHBHg,littleton-colorado
https://www.ubereats.com/denver/food-delivery/mcdonalds-bear-valley-5550-dartmouth/yA0PMrbUR7WLP7m7iVk1og,littleton-colorado
https://www.ubereats.com/denver/food-delivery/jamba-juice-highlands-ranch/jhi_RdPqRyOh7Z3WBdhCMA,littleton-colorado
https://www.ubereats.com/denver/food-delivery/taco-bell-2097-s-sheridan/da0KOFFjTpCXTLobeCAooA,littleton-colorado
https://www.ubereats.com/denver/food-delivery/outback-steakhouse-15-west-springer-drive/tEwOOI6KTr-BPwzDqz_40w,littleton-colorado
https://www.ubereats.com/denver/food-delivery/indias-kitchen-ii/VR8OvVVvRL-40r9PpB-0gQ,littleton-colorado
https://www.ubereats.com/denver/food-delivery/indias-best-restaurant-%26-bar/6WVJCQZURS-TTTK8lLFtqw,littleton-colorado
https://www.ubereats.com/denver/food-delivery/chick-fil-a-4090-river-point-pkwy/w2i9UiSQR5ae9RHsDZ21wQ,littleton-colorado
https://www.ubereats.com/denver/food-delivery/the-donut-house-our-original-location/dpwI5fxtQnm1l2IBMuYOtA,littleton-colorado
https://www.ubereats.com/denver/food-delivery/quiznos-8053-s-broadway/HK4WT6X9TymJmMw2j7BCJA,littleton-colorado
https://www.ubereats.com/denver/food-delivery/arbys-6881/I7h31OQlTTeB5IM3hmBm7Q,littleton-colorado
https://www.ubereats.com/denver/food-delivery/garibaldi-mexican-bistro/KAGJLaOeQCuSS-K66YHTpw,littleton-colorado
https://www.ubereats.com/denver/food-delivery/five-guys-co-0420-9352-s-colorado-blvd/7kAoh6v0TdiF3uz-1nYckw,littleton-colorado
https://www.ubereats.com/denver/food-delivery/qdoba-7465-e-arapahoe-rd/k3sBQh5jQwqtqICqS3WKLg,littleton-colorado
https://www.ubereats.com/denver/food-delivery/wendys-2485-s-university-blvd/5okv_pL1TSaumgbD8VZV9w,littleton-colorado
https://www.ubereats.com/denver/food-delivery/qdoba-w-bowles-ave-%26-s-wadsworth-blvd/VPhm4EY8TVql8MNjMXN2KQ,littleton-colorado
https://www.ubereats.com/denver/food-delivery/starbucks-lucent-%26-town-center/mRkjzq3JSIuh3TH7QmnOyg,littleton-colorado
https://www.ubereats.com/denver/food-delivery/papa-johns-12792-alameda-parkway/OG_H5bfZRNmx102aJcWwEA,littleton-colorado
https://www.ubereats.com/denver/food-delivery/smashburger-220-union-blvd/4RG0TTg4ToOMYenW_6Vxug,littleton-colorado
https://www.ubereats.com/denver/food-delivery/taco-bell-1505-s-kipling-pkwy/_WZSDvb8TkydBVYFRQETCw,littleton-colorado
https://www.ubereats.com/denver/food-delivery/del-friscos-double-8100-e-orchard-rd/NXt2PBqKQCmCGAyOkUJzKw,littleton-colorado
https://www.ubereats.com/denver/food-delivery/tamale-kitchen-%237/-D0AeR8JQSKrhOQHb3W-XA,littleton-colorado
https://www.ubereats.com/denver/food-delivery/milk-and-cake/w41k5qqcRAqfEVTDzmtC-Q,littleton-colorado
https://www.ubereats.com/denver/food-delivery/neveria-juarez/ygm7djV_QXiyljqWtk80uQ,littleton-colorado
https://www.ubereats.com/denver/food-delivery/carefree-cuisine/FFluvK0ZRUOb9mqB72nLiw,littleton-colorado
https://www.ubereats.com/denver/food-delivery/sonic-11237-east-arapahoe-place/dQ4URsI-TQeHKXasqS9LPA,littleton-colorado
https://www.ubereats.com/denver/food-delivery/taco-bell-447-south-broadway/WtOv54g4QTSreDw3XrsIrQ,littleton-colorado
https://www.ubereats.com/denver/food-delivery/panda-express-2990-s-broadway/jGqTlVPaThm6lkHdXmxXfg,littleton-colorado
https://www.ubereats.com/denver/food-delivery/taco-bell-5041-s-jellison-way/g65v1ZQpTJS0jQmdgvasuw,littleton-colorado
https://www.ubereats.com/denver/food-delivery/arbys-858/z-v5S5_rQdezBPR7P-8S6A,littleton-colorado
https://www.ubereats.com/denver/food-delivery/mother-clucker-denver/yAsIJXBDQGuuHsPQHKjuAw,littleton-colorado
https://www.ubereats.com/denver/food-delivery/papa-murphys-12482-west-ken-caryl-avenue/o0jDq2RHToKlDFz5jTBk7g,littleton-colorado
https://www.ubereats.com/denver/food-delivery/smokin-fins-grill-littleton/sku5ZxnaRI2KMoNAhUiDeg,littleton-colorado
https://www.ubereats.com/denver/food-delivery/coloradough-pizza/TWthg8THT2mQTim9l1YecQ,littleton-colorado
https://www.ubereats.com/denver/food-delivery/indulge-bistro-%26-wine-bar-highlands-ranch/OhGQMoHCRlSMftxCys-vOA,littleton-colorado
https://www.ubereats.com/denver/food-delivery/new-york-bagel-cafe/bG6c0BW9TX-gD3G1CBbFlg,littleton-colorado
https://www.ubereats.com/denver/food-delivery/cold-stone-creamery-14239-w-colfax-ave/EPvTy2lrR4uU40yMtKfFbg,littleton-colorado
https://www.ubereats.com/denver/food-delivery/baghdad-restaurant/LwAeA_ikRwW2uJl59Vua3g,littleton-colorado
https://www.ubereats.com/denver/food-delivery/the-garlic-knot-green-mountain/y5HpOkXjSCCBjv_pn0u3Hw,littleton-colorado
https://www.ubereats.com/denver/food-delivery/quiznos-6366-e-evans-ave-unit-a/qg3XbfwWSLuedP9OEKND-Q,littleton-colorado
https://www.ubereats.com/denver/food-delivery/mcdonalds-630-w-hampden/Ej1Oz0uGQ-aOXMenZPkVNg,littleton-colorado
https://www.ubereats.com/denver/food-delivery/little-india-restaurant-%26-bar-s-downing/bDIuTmfgSQm0kBcJBfsxZw,littleton-colorado
https://www.ubereats.com/denver/food-delivery/karma-asian/NTbmJMOgSu-pL9QNLOUqzA,littleton-colorado
https://www.ubereats.com/denver/food-delivery/moes-original-bar-b-que-3295-s-broadway/HWc9wfrhS--pixL47g7pPw,littleton-colorado
https://www.ubereats.com/denver/food-delivery/cava-1515-park-central-dr-suite-100/MBMo9nFmTn2Mg4Lyn9Rm5w,littleton-colorado
https://www.ubereats.com/denver/food-delivery/which-wich-superior-sandwiches-1110-sgt-jon-stiles-dr/U9A2pJ7_Q2eDOmEHHGDiQQ,littleton-colorado
https://www.ubereats.com/denver/food-delivery/dirt-coffee-bar/E-2gFRPlQRaQfT_CQ0uKuQ,littleton-colorado
https://www.ubereats.com/denver/food-delivery/papa-johns-8655-e-arapahoe-rd/8DX12pJ0TVGi35csoQZ0Cg,littleton-colorado
https://www.ubereats.com/denver/food-delivery/winchells-donuts-evans-ave/uLIGimsZTbiZA2zYLHdgJA,littleton-colorado
https://www.ubereats.com/denver/food-delivery/dennys-3291-youngfield-service-road/DuuO7JPVSxGHVo7lmIX01Q,littleton-colorado
https://www.ubereats.com/denver/food-delivery/old-santa-fe-express/mrYI1yWjRW6bEQlnlKatmw,littleton-colorado
https://www.ubereats.com/denver/food-delivery/wangs-gourmet/hyuuF48RRJamx_3n3S6i_A,littleton-colorado
https://www.ubereats.com/denver/food-delivery/ponchos-mexican-grill/rgtG_G-_TA2krkYjQvFnXA,littleton-colorado
https://www.ubereats.com/denver/food-delivery/big-daddys-pizza-w-colfax-ave-denver-co/8wchMuomSvOSQz0kqQCA8A,littleton-colorado
https://www.ubereats.com/denver/food-delivery/mi-cocina-restaurant-belleview/zERKVUKvTOa8Ak4RHhM5dw,littleton-colorado
https://www.ubereats.com/denver/food-delivery/ruths-chris-steak-house-7001-e-belleview-ave-ste-100/TX07_narRXG3f3suQ_HQGw,littleton-colorado
https://www.ubereats.com/denver/food-delivery/flemings-prime-steakhouse-%26-wine-bar-denver/gSIGNsXQTbWHVqR_elSx8A,littleton-colorado
https://www.ubereats.com/denver/food-delivery/subway-littleton/1-T_4E8ESZ6M0_L4i_5yCA,littleton-colorado
https://www.ubereats.com/denver/food-delivery/south-restautant/OmZIGbXSS6e_4n3Yhz43Lg,littleton-colorado
https://www.ubereats.com/denver/food-delivery/papa-murphys-6696-west-coal-mine-avenue/rB-TvGYmRc-39K_KNH_BuQ,littleton-colorado
https://www.ubereats.com/denver/food-delivery/dirt-coffee/4tETnBfBQ_-uU0GBIBflDQ,littleton-colorado
https://www.ubereats.com/denver/food-delivery/angry-chicken/rapLmlrYQrKjshpfTddBEQ,littleton-colorado
https://www.ubereats.com/denver/food-delivery/del-taco-50-west-belleview-ave/dNKCKhYeTtOHJjmjRgsb9A,littleton-colorado
https://www.ubereats.com/denver/food-delivery/sawa-sushi/758ovIIUT5C9UVyqyewd2w,littleton-colorado
https://www.ubereats.com/denver/food-delivery/noodles-%26-company-8555-w-belleview-ave-ste-h300/FyCtySMuQnG2jFEo4dS2dQ,littleton-colorado
https://www.ubereats.com/denver/food-delivery/chipotle-mexican-grill-9579-s-university-blvd-lot-3a/gVPojIv5TTqXqTZkw6Bz6g,littleton-colorado
https://www.ubereats.com/denver/food-delivery/krispy-kreme-e-parkway-dr-%26-e-county-line-rd/O8lz8HtRTZmqAozS9wQQpw,littleton-colorado
