url,city
https://www.ubereats.com/san-francisco/food-delivery/rosemary-cafe/TWuSO5eaToiFR9lxUvg8rQ,livermore-california
https://www.ubereats.com/san-francisco/food-delivery/wendys-207-s-vasco-rd/R2I7O2MaQRyg93tgy9cPTw,livermore-california
https://www.ubereats.com/san-francisco/food-delivery/almare-gelato-italiano/rHEf87PQQUGgVLb_2MPP2A,livermore-california
https://www.ubereats.com/san-francisco/food-delivery/the-kebab-shop-pleasanton/VVQVdwIjTj-bA6wzCZmATA,livermore-california
https://www.ubereats.com/san-francisco/food-delivery/tequilas-taqueria-160-s-livermore-ave/Nec21EiNRuu_zyXsmODRqQ,livermore-california
https://www.ubereats.com/san-francisco/food-delivery/kfc-1803-santa-rita-road/5J8SE5yFQjSco37U7gyNGQ,livermore-california
https://www.ubereats.com/san-francisco/food-delivery/india-garden/jfLqJEe2RmSihWQ5SJfHiw,livermore-california
https://www.ubereats.com/san-francisco/food-delivery/grillaz-gone-wild-food-truck/cFHWgFsJQ5uKdK5CqJIiNQ,livermore-california
https://www.ubereats.com/san-francisco/food-delivery/popeyes-louisiana-kitchen-2301-las-positas-rd/3uwEHeo1QACjmIqzr-A1fw,livermore-california
https://www.ubereats.com/san-francisco/food-delivery/subway-6700-santa-rita-rd-ste-l/xjuos0nQT2-7FJ8Ofb4jqA,livermore-california
https://www.ubereats.com/san-francisco/food-delivery/chipotle-mexican-grill-3238-livermore-outlets-dr/WQJVhBNaRUWtKPCELCCxBQ,livermore-california
https://www.ubereats.com/san-francisco/food-delivery/chipotle-mexican-grill-7020-amador-plaza-rd/GO6L0YapScSeMFLhFwqcgg,livermore-california
https://www.ubereats.com/san-francisco/food-delivery/el-cerrito-taqueria-887-airway-boulevard/EFzNA-cHSjuYuHaHHm5CSg,livermore-california
https://www.ubereats.com/san-francisco/food-delivery/bawarchi-indian-cuisine-pleasonton/GneYbl37Se6vfp7JCjvKWA,livermore-california
https://www.ubereats.com/san-francisco/food-delivery/yalla-mediterranean-catering-5246-dublin-blvd/sUMzD6XhRxqPFC6EqJ18oQ,livermore-california
https://www.ubereats.com/san-francisco/food-delivery/mountain-mikes-pizza-8951-san-ramon-rd/-KbcBLEJSIqixhemmKIqIA,livermore-california
https://www.ubereats.com/san-francisco/food-delivery/chipotle-mexican-grill-5240-dublin-blvd-ste-s2j/3ZuOpJcEQG--NzXVytiszw,livermore-california
https://www.ubereats.com/san-francisco/food-delivery/new-york-pizza-pleasanton/z2pmwDZ3QC2_kJqQAx3v-g,livermore-california
https://www.ubereats.com/san-francisco/food-delivery/kfc-6061-northfront-road/La5aycEuQTaN5tWXIKXXAA,livermore-california
https://www.ubereats.com/san-francisco/food-delivery/seoul-komtang/dMIaT1FzQ3y3Kxg3DQiEEA,livermore-california
https://www.ubereats.com/san-francisco/food-delivery/sri-ananda-bhavan-pleasanton/Z1i_acwRSoO-fxzjwwqWsA,livermore-california
https://www.ubereats.com/san-francisco/food-delivery/el-pollo-loco-3898-fallon-rd3851/jlnw0xgKRK-jfwkxIlLOgg,livermore-california
https://www.ubereats.com/san-francisco/food-delivery/nishiki-sushi/Hi9UxvPaTe2li1TSJOGYSA,livermore-california
https://www.ubereats.com/san-francisco/food-delivery/sri-vasantha-bhavan/NqkHlAUQSQKmGIcg_eUYJg,livermore-california
https://www.ubereats.com/san-francisco/food-delivery/marios-french-dips/d1E2A4-wRbWtOVObVQM86Q,livermore-california
https://www.ubereats.com/san-francisco/food-delivery/togos-4325-1st-st-livermore-ca/W_6EUUZFQAy9hE8aWN__GA,livermore-california
https://www.ubereats.com/san-francisco/food-delivery/shihlin-pleasanton/PVBcaV6yQFq4vMvlFbPNOQ,livermore-california
https://www.ubereats.com/san-francisco/food-delivery/eastwestdining/pxFqbdqWROCq__-tlw8goA,livermore-california
https://www.ubereats.com/san-francisco/food-delivery/aappakadai-4555-hopyard-rd-pleasanton-ca-94588/GK6wFR-8T6qTNZV2TRpuoQ,livermore-california
https://www.ubereats.com/san-francisco/food-delivery/brunos-italian-cuisine/mAS3YQk5ReyDpjC24Bmb0g,livermore-california
https://www.ubereats.com/san-francisco/food-delivery/vitality-bowls-2117-stoneridge-dr/BeeFpizdRDCBDxkI-T1eHw,livermore-california
https://www.ubereats.com/san-francisco/food-delivery/taqueria-azteca-dublin/fGkGPyzvT5yK1uHwfO-4Zg,livermore-california
https://www.ubereats.com/san-francisco/food-delivery/fatburger-1025-n-vasco-road/sIvl0D9kR4eyJtuR3qzENg,livermore-california
https://www.ubereats.com/san-francisco/food-delivery/patxis-pizza-dublin/UyF7p5DKRFikk6Cg7ydZWA,livermore-california
https://www.ubereats.com/san-francisco/food-delivery/jack-in-the-box-4295-valley-ave/26OeDe-5S_y0QC1i11vF1g,livermore-california
https://www.ubereats.com/san-francisco/food-delivery/china-villa/KRMdK92uTnqlkBCSGQl8JQ,livermore-california
https://www.ubereats.com/san-francisco/food-delivery/fusion-twist-pleasanton/q5llQoB4TaKEhfSXOglVkA,livermore-california
https://www.ubereats.com/san-francisco/food-delivery/wendys-1051-airway-blvd/7iU_2ecaTRilDH4gZIKFfQ,livermore-california
https://www.ubereats.com/san-francisco/food-delivery/buckhorn-grill-pleasanton/nxmtkWrCTDqrNc-ieDP_Dw,livermore-california
https://www.ubereats.com/san-francisco/food-delivery/experience-burma-restaurant-%26-bar/e4zpqjToTe2HEXplErsU6w,livermore-california
https://www.ubereats.com/san-francisco/food-delivery/koi-palace-dublin/FTVtrW-1QqyP4Qa5xiKJrg,livermore-california
https://www.ubereats.com/san-francisco/food-delivery/cold-stone-creamery-livermore/sRqT2LENQrGqmPZm5ew_4g,livermore-california
https://www.ubereats.com/san-francisco/food-delivery/chipotle-mexican-grill-4691-1st-st/DegERiGtTHGzBq2GVFKmeA,livermore-california
https://www.ubereats.com/san-francisco/food-delivery/viet-noms/ooDzplTZTSmMNzFrV14vUA,livermore-california
https://www.ubereats.com/san-francisco/food-delivery/ast-pos/jK6_8NEXTlijUQodFxwNCQ,livermore-california
https://www.ubereats.com/san-francisco/food-delivery/xushi-bento-house/PC4lB7hbQLqQ5cr5gxip9Q,livermore-california
https://www.ubereats.com/san-francisco/food-delivery/pizza-guys-4000-pimlico-dr-suite-110/UKSrOuGSRra4m69AKQKH6g,livermore-california
https://www.ubereats.com/san-francisco/food-delivery/bonchon-chicken-2725-stoneridge-dr/z2cBb9zCTO6SB6fEk4nwcA,livermore-california
https://www.ubereats.com/san-francisco/food-delivery/koja-kitchen-dublin/k8sN0VVwTMCvKnVd-IJ1rg,livermore-california
https://www.ubereats.com/san-francisco/food-delivery/cream-livermore/EqgE2Zj3T6aw06xabz85Dg,livermore-california
https://www.ubereats.com/san-francisco/food-delivery/gotta-eatta-pita-pleasanton/FY0tCMxZSYugc6mMa8cOuQ,livermore-california
https://www.ubereats.com/san-francisco/food-delivery/starbucks-san-francisco-premium-outlets/wKhuDxcEReqWobRMGb3yuw,livermore-california
https://www.ubereats.com/san-francisco/food-delivery/panera-4685-1st-street/GheCk1lOQ9-UuXG5PKyVIg,livermore-california
https://www.ubereats.com/san-francisco/food-delivery/falafel-flame/tCTmrHjMQm2B2VDztkuEfA,livermore-california
https://www.ubereats.com/san-francisco/food-delivery/ihop-4567-1st-st/74IE9oh5QzmAe8Zd3GlqVA,livermore-california
https://www.ubereats.com/san-francisco/food-delivery/mumu-hot-pot-pleasanton/BtO_JYyFTV-kBExG0T8lpw,livermore-california
https://www.ubereats.com/san-francisco/food-delivery/favorite-indian-restaurant/9MtrYut_RXe1FJOrS-c-oQ,livermore-california
https://www.ubereats.com/san-francisco/food-delivery/vitality-bowls-5271-martinelli-way/F68Q05jFRV-wo7Wr6AiyWQ,livermore-california
https://www.ubereats.com/san-francisco/food-delivery/mr-pickles-sandwich-shop-pleasanton/SPDAjyhoR8SrKPvaZeXoJA,livermore-california
https://www.ubereats.com/san-francisco/food-delivery/kabul-kabob-%26-grill/FVKzsCI7SAumMwYfiSkp-w,livermore-california
https://www.ubereats.com/san-francisco/food-delivery/ny-pizza-and-pasta/OOsMwOV5RnCd9QGS2o5GoQ,livermore-california
https://www.ubereats.com/san-francisco/food-delivery/togos-3120-santa-rita-rd-ste-d/eGG3WTo9TwGWqnxWGfgTqA,livermore-california
https://www.ubereats.com/san-francisco/food-delivery/jersey-mikes-subs-3740-fallon-road/q8DJfhwLSLa-CKDob0qgew,livermore-california
https://www.ubereats.com/san-francisco/food-delivery/iniburger-4233-rosewood-drive-%2311/ljRUbRf4RG65hNxrqd33Ig,livermore-california
https://www.ubereats.com/san-francisco/food-delivery/livermores-big-apple-pizza/HdDXB8PzQTusIESUqx3b9w,livermore-california
https://www.ubereats.com/san-francisco/food-delivery/taqueria-el-gallo/qcm0equITZmtLQJTmHHBCQ,livermore-california
https://www.ubereats.com/san-francisco/food-delivery/vitality-bowls-2175-first-st/XWqdpk76Qz-68S8-jT7Hrw,livermore-california
https://www.ubereats.com/san-francisco/food-delivery/yanagi-sushi-%26-grill/LgDLLx3oTh6BdJ-lCOEJWA,livermore-california
https://www.ubereats.com/san-francisco/food-delivery/shalimar-dublin/BJUPVLBNSPiN_PRlEECr2A,livermore-california
https://www.ubereats.com/san-francisco/food-delivery/monicas-livermore/Z8eyOAj6QYa2Dle2An4rjA,livermore-california
https://www.ubereats.com/san-francisco/food-delivery/jack-in-the-box-6020-industrial-way/ccGwftviTHexW5Mo0KfcFA,livermore-california
https://www.ubereats.com/san-francisco/food-delivery/thai-zapp/MI9zeC6XQrCdfD9NdVDp4w,livermore-california
https://www.ubereats.com/san-francisco/food-delivery/peacock-indian-cuisine-6608-dublin/pwOjvMCuRf2WJMBhCkTDlQ,livermore-california
https://www.ubereats.com/san-francisco/food-delivery/curry-cravings-organic-indian-cuisine/svsgAWKmQISNyG4HHIgTqQ,livermore-california
https://www.ubereats.com/san-francisco/food-delivery/petra-middle-eastern-cuisine/ZaYtbaDcQ2WKvzdTLpJ7Xw,livermore-california
https://www.ubereats.com/san-francisco/food-delivery/chicagos-pizza-with-a-twist-livermore/jNg_n7F3QQWTBV-n1I1uTw,livermore-california
https://www.ubereats.com/san-francisco/food-delivery/buffalo-wild-wings-1790-1st-st/_rFCEa0bTVK1sebP5gA_kA,livermore-california
https://www.ubereats.com/san-francisco/food-delivery/wens-baking-studio-organic-bento/0WOtYp99T3eAKrZkyJYMmg,livermore-california
https://www.ubereats.com/san-francisco/food-delivery/mcdonalds-las-positas-rd/PCDxRTPpQ_eSP07PnFdqUg,livermore-california
https://www.ubereats.com/san-francisco/food-delivery/eddie-papas-american-hangout/KncGmyNcQbqmSpz7mZ4LUg,livermore-california
https://www.ubereats.com/san-francisco/food-delivery/burger-king-4341-north-first-street/woRf7OVySta03QPLCPWu9A,livermore-california
https://www.ubereats.com/san-francisco/food-delivery/fiery-shanghai/j_iyzCYER2SvxYCnYWTTSg,livermore-california
https://www.ubereats.com/san-francisco/food-delivery/chinese-szechuan/xbG9rxHTQnuOijdP3fpBaA,livermore-california
https://www.ubereats.com/san-francisco/food-delivery/amazing-basil-pho-%26-a-cup-of/OEOtToK6Se-XxtrdC3QaOA,livermore-california
https://www.ubereats.com/san-francisco/food-delivery/wienerschnitzel-816-n-vasco-road/qs_bXKZMRKK2M217L-C9Eg,livermore-california
https://www.ubereats.com/san-francisco/food-delivery/patxis-pizza-livermore/c7Eoo39RRiifH5FlxkAQwA,livermore-california
https://www.ubereats.com/san-francisco/food-delivery/lazy-dog-restaurant-%26-bar-dublin/OJP7GoT-T_eTRigw1t2kQQ,livermore-california
https://www.ubereats.com/san-francisco/food-delivery/pb08-indian-bistro-%26-bar/sQp-yxNnTr2wTClKZshmbQ,livermore-california
https://www.ubereats.com/san-francisco/food-delivery/tasty-pot-dublin/BpjWEzh-QPq1qlyO7kCtWw,livermore-california
https://www.ubereats.com/san-francisco/food-delivery/rigatonis-7350-dublin-blvd/P6nlboZGRT27sLi5-2yFDQ,livermore-california
https://www.ubereats.com/san-francisco/food-delivery/world-of-beer-4920-dublin-blvd/ktGLcpSHSHeayHNjiozYdA,livermore-california
https://www.ubereats.com/san-francisco/food-delivery/taqueria-los-caporales/WJKg__rkTV2-1B1yXBOFPw,livermore-california
https://www.ubereats.com/san-francisco/food-delivery/chicagos-pizza-with-a-twist-larkspur-drive/qEsxZltnTn694MSnBK3-6g,livermore-california
https://www.ubereats.com/san-francisco/food-delivery/round-table-pizza-4098-east-avenue/c4mMqC1YSLWZyXjVeA5BVg,livermore-california
https://www.ubereats.com/san-francisco/food-delivery/cold-stone-3040-bernal-ave-suite-310/RhmGdwwPQySIzLpDnwWgVw,livermore-california
https://www.ubereats.com/san-francisco/food-delivery/mings-garden/Kudht49ETjqYnqw5oAFm3Q,livermore-california
https://www.ubereats.com/san-francisco/food-delivery/cafe-tazza/u0baN-bKT2O5WLyTR6UowA,livermore-california
https://www.ubereats.com/san-francisco/food-delivery/prime-poke/KkjWMQqeTRuDxMKxJclF8w,livermore-california
https://www.ubereats.com/san-francisco/food-delivery/faz-restaurants-pleasanton/ncgUmMtdRved7PuhFnY51Q,livermore-california
https://www.ubereats.com/san-francisco/food-delivery/el-pollo-loco-1114-e-stanley-blvd3852/tywLH390SBCOsj072JQVcw,livermore-california
https://www.ubereats.com/san-francisco/food-delivery/indian-hotspot/HKHCsiJlRZ6955xTuopNOQ,livermore-california
https://www.ubereats.com/san-francisco/food-delivery/the-everest-momo-pleasanton/3lebEZ8BSLePw-ol7kGA-w,livermore-california
https://www.ubereats.com/san-francisco/food-delivery/pho-tai-dublin/6otn9TlCSaqjiJDZVMq8nw,livermore-california
https://www.ubereats.com/san-francisco/food-delivery/villa-fresh-italian-kitchen-3410-livermore-outlets-dr-fc2/tluQeo8aR_yY5Z98CeKPKQ,livermore-california
https://www.ubereats.com/san-francisco/food-delivery/tea-joy/eYuqb-TDQVaM_40rgv-FPA,livermore-california
https://www.ubereats.com/san-francisco/food-delivery/sultans-kebab-pleasanton/XSJMd0RoRyW2xCGqNqiyag,livermore-california
https://www.ubereats.com/san-francisco/food-delivery/mountain-mikes-pizza-3120-santa-rita-rd/N275hgtzReW1AzJ7udnTNA,livermore-california
https://www.ubereats.com/san-francisco/food-delivery/kfc-6797-village-parkway/fkXmhsKxSbqVblB6Je0-iA,livermore-california
https://www.ubereats.com/san-francisco/food-delivery/sri-thai-dublin-blvd/p-QqwtTQRyGBSmmBnxZLbA,livermore-california
https://www.ubereats.com/san-francisco/food-delivery/panda-express-4001-santa-rita-rd/AOZ8EJeWRFWoKUvXcyTQxg,livermore-california
https://www.ubereats.com/san-francisco/food-delivery/the-original-mels-1116-e-stanley-blvd-livermore/HaEgMNf8RLukPpsGXvGF5g,livermore-california
https://www.ubereats.com/san-francisco/food-delivery/ros-ni-yom/1DNwD7M5RPqsfpsJHeAnbg,livermore-california
https://www.ubereats.com/san-francisco/food-delivery/cafe-tapioca/DaUVNybgQ6-8HHyWx_tPxw,livermore-california
https://www.ubereats.com/san-francisco/food-delivery/pick-6-sports-lounge/1tVQz3nESWKehrMvPN24FQ,livermore-california
https://www.ubereats.com/san-francisco/food-delivery/dickeys-bbq-pit-n-vasco-rd-%26-scenic-ave/VCw4CkX2SAm6myX7xZ-1yg,livermore-california
https://www.ubereats.com/san-francisco/food-delivery/panda-express-6774-bernal-ave/xjQCumb6QuW0PYSx-ibxZA,livermore-california
https://www.ubereats.com/san-francisco/food-delivery/waynes-sushi-bistro/exQaggLyRjyOjpSnWuFybg,livermore-california
https://www.ubereats.com/san-francisco/food-delivery/paradise-biryani-pointe-dublin/1eGa3W37SvyQCB01KjCp6A,livermore-california
https://www.ubereats.com/san-francisco/food-delivery/tommy-katsu/FMqFCWnhSdiMpsYY2SiWYQ,livermore-california
https://www.ubereats.com/san-francisco/food-delivery/mountain-mikes-pizza-5424-sunol/YfH4jPxFRMCxo_mCIitE4A,livermore-california
https://www.ubereats.com/san-francisco/food-delivery/meiko-sushi-japanese-restaurant/KbNV2Po8SpyUrH7rEKcN9Q,livermore-california
https://www.ubereats.com/san-francisco/food-delivery/five-guys-ca-1259-4930-dublin-blvd/Tt47ElwDR26-SHZ6JJZMvw,livermore-california
https://www.ubereats.com/san-francisco/food-delivery/taco-bell-985-east-stanley-blvd/KEA209YVSJ61ODfs97I6mw,livermore-california
https://www.ubereats.com/san-francisco/food-delivery/mum-mum-boba-ice-cream-and-snacks/ASbYGi3jQ9GpXR1nmzedSw,livermore-california
https://www.ubereats.com/san-francisco/food-delivery/tandoori-pizza/WKbfnkrCRliAA6goToKipQ,livermore-california
https://www.ubereats.com/san-francisco/food-delivery/subway-3030-pacific-ave/-eQDdpg_QWKtplnGgbBkfQ,livermore-california
https://www.ubereats.com/san-francisco/food-delivery/a%26w-6061-northfront-road/5oKpRa-QTiiutZPsXRVKLA,livermore-california
https://www.ubereats.com/san-francisco/food-delivery/little-madfish-dublin/o0vIatcqTcqLybQ6RRSSGw,livermore-california
https://www.ubereats.com/san-francisco/food-delivery/mirchi-cafe-dublin/o2fmMIY7TDyE8RBr-JCBhg,livermore-california
https://www.ubereats.com/san-francisco/food-delivery/chipotle-mexican-grill-6654-koll-center-pkwy-ste-330/J8trtpRmSeWJbFNU9txBfQ,livermore-california
https://www.ubereats.com/san-francisco/food-delivery/jamba-juice-2050-portola-ave-%23g/PHazk-eWROavJ5hUfS16lg,livermore-california
https://www.ubereats.com/san-francisco/food-delivery/fresh-millions-restaurant-dublin/NyC7FsI_Qoiy7UPZERG5Xw,livermore-california
https://www.ubereats.com/san-francisco/food-delivery/bak-kung-korean-bbq-stoneridge-dr/3bnOBZHBTjyxAtJ6w1aH0A,livermore-california
https://www.ubereats.com/san-francisco/food-delivery/panda-express-2100-a-portola-ave/ErjoWNK8SsW0mhjDnsMc7Q,livermore-california
https://www.ubereats.com/san-francisco/food-delivery/nations-giant-hamburgers-pleasanton/U_4QybR4SYCt7W73uD3O2w,livermore-california
https://www.ubereats.com/san-francisco/food-delivery/baci-bistro-and-bars/XAKH2r_mQzKqLi4ip_KOEQ,livermore-california
https://www.ubereats.com/san-francisco/food-delivery/the-ice-cream-shop/82qxsUkzSzWwUCnhbUGCKA,livermore-california
https://www.ubereats.com/san-francisco/food-delivery/hawaiian-grill-express-dublin/O4lHce6gTx6MCpiiecRwCQ,livermore-california
https://www.ubereats.com/san-francisco/food-delivery/tadka-indian-cuisine-llc/9ska4Pz4Tf66-MI9xSjnAg,livermore-california
https://www.ubereats.com/san-francisco/food-delivery/strizzis-restaurant-649-main-st/2G0jfqTQThyoVvNZ1Hqz4Q,livermore-california
https://www.ubereats.com/san-francisco/food-delivery/i-love-thai-food/eGiWAwQJT8i6S_BKgtT_HA,livermore-california
https://www.ubereats.com/san-francisco/food-delivery/tequilas-taqueria/QTqO07uAQIyKjbYrtmfuSA,livermore-california
https://www.ubereats.com/san-francisco/food-delivery/juice-and-java-express/SAQOR4g5QMibbi_p3L7uEA,livermore-california
https://www.ubereats.com/san-francisco/food-delivery/bobs-giant-burgers/ezt60V8LRNeVlvXlauzIsQ,livermore-california
https://www.ubereats.com/san-francisco/food-delivery/mantra-india-express-dublin/B1VoWaRfSamly-jklhpeSA,livermore-california
https://www.ubereats.com/san-francisco/food-delivery/subway-969-e-stanley-blvd/A517SVONTmuh_HLS1muWOg,livermore-california
https://www.ubereats.com/san-francisco/food-delivery/blaze-pizza-4247-rosewood-dr/GhVscTK9T5Cr9uK9UU7duQ,livermore-california
https://www.ubereats.com/san-francisco/food-delivery/chianti-reserve/gqS9ogO-SVOCoOSDDiZTNw,livermore-california
https://www.ubereats.com/san-francisco/food-delivery/ramen-101-livermore/4lp6i3jUSU6wcEJihpBa7Q,livermore-california
https://www.ubereats.com/san-francisco/food-delivery/sais-t-restaurant/ofe8AUk6RfOTDISztFwLww,livermore-california
https://www.ubereats.com/san-francisco/food-delivery/menchies-frozen-yogurt-973-e-stanley-blvd/lDje89yfSsiECdOr-Snl6A,livermore-california
https://www.ubereats.com/san-francisco/food-delivery/sansar-indian-cuisine-livermore/EBSJH8RSQ6C812zGiAUPww,livermore-california
https://www.ubereats.com/san-francisco/food-delivery/pho-saigon-city-pleasanton/KMD3vpi7TouY0WeHVQga6g,livermore-california
https://www.ubereats.com/san-francisco/food-delivery/baja-fresh-4550-tassajara-rd/Jd28dWvqTO-DAaIfTlQpvQ,livermore-california
https://www.ubereats.com/san-francisco/food-delivery/patio/K3DhKevPTkO3lusOcKHIQQ,livermore-california
https://www.ubereats.com/san-francisco/food-delivery/johns-char-burger/JaEoZ-SUR9qkGXt2QnGk1Q,livermore-california
https://www.ubereats.com/san-francisco/food-delivery/shangrila-chinese-cuisine/mZsFIEHgR62kjWfg0u8dTg,livermore-california
https://www.ubereats.com/san-francisco/food-delivery/koi-palace-express-dublin-blvd/qO_gN5_wT92WDWMQlEwgpA,livermore-california
https://www.ubereats.com/san-francisco/food-delivery/chaat-bhavan/RNsoiNlRQBGLiNW6phImHw,livermore-california
https://www.ubereats.com/san-francisco/food-delivery/yin-ji-chang-fen/_YhWYFnQR1-g_xrZ4H3UYg,livermore-california
https://www.ubereats.com/san-francisco/food-delivery/bangkok-101-thai-cusine/vh1rqgyQRd-MZ9G2EGigog,livermore-california
https://www.ubereats.com/san-francisco/food-delivery/shalimar-livermore/j1i0PHF8Rr6GkWRitEzVWg,livermore-california
https://www.ubereats.com/san-francisco/food-delivery/cuppa-cafe/g0hLtnd-SFq_N507wX16qw,livermore-california
https://www.ubereats.com/san-francisco/food-delivery/beijing-chef/ZRlgKr9YRQGzlif9u1XZRA,livermore-california
https://www.ubereats.com/san-francisco/food-delivery/shwe-myanmar/W4CtBfaHSCqXIAjx1twulA,livermore-california
https://www.ubereats.com/san-francisco/food-delivery/subway-2050-portola-ave/WFlhSbqdTRyJc4NhUHLBTg,livermore-california
https://www.ubereats.com/san-francisco/food-delivery/togos-1414-1st-st-livermore-ca/3Ft9jZiiQQWQWv0Qwxo7Pw,livermore-california
https://www.ubereats.com/san-francisco/food-delivery/mountain-mikes-pizza-livermore-first-street/NlK-WGzHSxGn23hUjIGR5Q,livermore-california
https://www.ubereats.com/san-francisco/food-delivery/jack-in-the-box-1817-1st-street/UWfTkbPaRe-ZUddXN7Puhg,livermore-california
https://www.ubereats.com/san-francisco/food-delivery/mcdonalds-p-st/fQO4pdpZTguHqa0csHmd_A,livermore-california
https://www.ubereats.com/san-francisco/food-delivery/panda-express-3010-w-jack-london-blvd/dSJfMsqpR5SYBCOTbz2SDw,livermore-california
https://www.ubereats.com/san-francisco/food-delivery/starbucks-isabel-%26-vineyard/VA93OTIVT_6azn1tdXynxQ,livermore-california
https://www.ubereats.com/san-francisco/food-delivery/lv-fusion-eatery/nLaTEGUiQICdpqr6bxQb5Q,livermore-california
https://www.ubereats.com/san-francisco/food-delivery/mountain-mikes-pizza-1129-catalina-dr/AfNcikPuTMGorOYdNTXjLQ,livermore-california
https://www.ubereats.com/san-francisco/food-delivery/starbucks-fallon-%26-580/xAxNGkFwSxiUB1zfjtSBYA,livermore-california
https://www.ubereats.com/san-francisco/food-delivery/papa-johns-pizza-dublin/xEQ9jsV8TFWvx3mNWWDhiQ,livermore-california
https://www.ubereats.com/san-francisco/food-delivery/papa-murphys-2002-portola-avenue-suite-e/FZi5-1mnQSWOv_W9jNXzSg,livermore-california
https://www.ubereats.com/san-francisco/food-delivery/4001-wings-vr/7EBx8JMyR7meCMe615mUGA,livermore-california
https://www.ubereats.com/san-francisco/food-delivery/uncle-yus-at-the-vineyard/0Flzul07TkGOzp3tvsq4eA,livermore-california
https://www.ubereats.com/san-francisco/food-delivery/strings-italian-livermore/MPsVZLvcSXSTgFgnxE8zxA,livermore-california
https://www.ubereats.com/san-francisco/food-delivery/mountain-mikes-pizza-vasco-rd/f3t2hg1pShq6L_fXg6mGGg,livermore-california
https://www.ubereats.com/san-francisco/food-delivery/cloud-9-pizzeria/BIMOlAExSXOGPniIABAjCQ,livermore-california
https://www.ubereats.com/san-francisco/food-delivery/chaat-cafe-dublin/oYXmgevuRL666Yfi2ogQ4w,livermore-california
https://www.ubereats.com/san-francisco/food-delivery/wienerschnitzel-323-s-livermore/xQHWb7dHSLeduYNj2zeEIQ,livermore-california
https://www.ubereats.com/san-francisco/food-delivery/strizzis-restaurant-2205-1st-st/y9j1LLInRn-SECrh9Ur1mw,livermore-california
https://www.ubereats.com/san-francisco/food-delivery/country-waffles/n_K-Z4sZTl-Rq4XKRlzOxw,livermore-california
https://www.ubereats.com/san-francisco/food-delivery/subway-4554-dublin-blvd/Tk1PO_SrSlitB0chlBzHLQ,livermore-california
https://www.ubereats.com/san-francisco/food-delivery/mustache-mikes-italian-ice/sOb-9i9MTfiz8xNc7V5Rrg,livermore-california
https://www.ubereats.com/san-francisco/food-delivery/torarenbou-sushi-bistro/okUGbKgCTRq6rJJ68p0sfQ,livermore-california
https://www.ubereats.com/san-francisco/food-delivery/de-afghanan-kabob-house/9e-LSiu4QTSPmfterou-Og,livermore-california
https://www.ubereats.com/san-francisco/food-delivery/the-banana-garden/zFWKxwyBSXChu1BN3iFOCg,livermore-california
https://www.ubereats.com/san-francisco/food-delivery/legacy-thai-cuisine/BCiBKlflSY-NMJpxxWyjow,livermore-california
https://www.ubereats.com/san-francisco/food-delivery/pamir/IStZF5O0SZWHSUCXQgdvUA,livermore-california
https://www.ubereats.com/san-francisco/food-delivery/new-thai-bistro/tbU2rP56SyG4cZp8yE4aMw,livermore-california
https://www.ubereats.com/san-francisco/food-delivery/azteca/DjsohLaWSCmbj_RyTvvwOg,livermore-california
https://www.ubereats.com/san-francisco/food-delivery/garre-vineyard-%26-winery-inc/8yf-WoprTJ2EZ5FjoxWZog,livermore-california
https://www.ubereats.com/san-francisco/food-delivery/starbucks-main-and-rose/jGHDYKWsRt2zs-sPyr3YWg,livermore-california
https://www.ubereats.com/san-francisco/food-delivery/fat-fish-sushi/m7wD0Q3VRrebY3hXdeuVVg,livermore-california
https://www.ubereats.com/san-francisco/food-delivery/americano/Jd8X0z8WQHCyNC94WN92_Q,livermore-california
https://www.ubereats.com/san-francisco/food-delivery/the-ice-cream-shop/DDXvM2czSq6iicxmPi8yBA,livermore-california
https://www.ubereats.com/san-francisco/food-delivery/lemongrass-veggie/K3oBslgjSv6TMVPejJqLcg,livermore-california
https://www.ubereats.com/san-francisco/food-delivery/the-gluten-free-pizza-%26-vegan-shop-vr/rTMfgj2-RnGek6eyTi-ckg,livermore-california
https://www.ubereats.com/san-francisco/food-delivery/fuddruckers-dublin/XAm7CgHnRlOrpJpjZ9AW-A,livermore-california
https://www.ubereats.com/san-francisco/food-delivery/bjs-restaurant-%26-brewhouse-3620-fallon-road/2FVpvtEHS0iOCtJsHyyFqg,livermore-california
https://www.ubereats.com/san-francisco/food-delivery/a-town-pizza-%26-kabob-house/XkjcIBZuQK6OTo4stOuxyw,livermore-california
https://www.ubereats.com/san-francisco/food-delivery/canton-village/0HH3oDHiQt6rwA_oXsaFVw,livermore-california
https://www.ubereats.com/san-francisco/food-delivery/urban-ka-re-house/XpevuXMLQzis5-fJ3fiE7Q,livermore-california
https://www.ubereats.com/san-francisco/food-delivery/nations-giant-hamburgers-livermore/dpnx42VnRAeHbc5g_9RZaw,livermore-california
https://www.ubereats.com/san-francisco/food-delivery/starbucks-vasco-%26-scenic/uxX330lAThmLJw4iNqnlOw,livermore-california
https://www.ubereats.com/san-francisco/food-delivery/the-habit-burger-grill-2150-portola-ave-suite-a/bBDHAImtTx-GCLS00o3i_A,livermore-california
https://www.ubereats.com/san-francisco/food-delivery/wild-one-restaurant/mRA_Sa2sQh6EovTO7VLKMg,livermore-california
https://www.ubereats.com/san-francisco/food-delivery/haagen-dazs-shop-2774-livermore-outlets-drive/OLPPgjVOSCmkI5ZB7ZVamA,livermore-california
https://www.ubereats.com/san-francisco/food-delivery/demitris-taverna/prTShHDGTKeQlo_shE5fCw,livermore-california
https://www.ubereats.com/san-francisco/food-delivery/panda-express-4223-first-street/yY_-uaepTvuOmV_-JYdGIg,livermore-california
https://www.ubereats.com/san-francisco/food-delivery/amaravati-house/7Lsvz3ZUTeiVGq0VSLl3EA,livermore-california
https://www.ubereats.com/san-francisco/food-delivery/jack-in-the-box-1650-n-livermore-ave/lPyoVVURR6O1hmTiQh9gqw,livermore-california
https://www.ubereats.com/san-francisco/food-delivery/rebel-kitchen-%26-libations/6GJ-8Gm9Sfm2rcEn9R72QA,livermore-california
https://www.ubereats.com/san-francisco/food-delivery/uncle-willies-wings-%26-things-dublin/3GHaKwz_Q8qgsocqc2by0g,livermore-california
https://www.ubereats.com/san-francisco/food-delivery/subway-4229-first-st/RjAkBJBGQHS5g-71Q-aF4g,livermore-california
https://www.ubereats.com/san-francisco/food-delivery/taco-bell-6005-preston-avenue/Fn_jz6cDQbSCp1HhBaISlw,livermore-california
https://www.ubereats.com/san-francisco/food-delivery/burgerim-4233-rosewood-drive-suite-140/fDMpsnZZQWGW9BhMH5nSBg,livermore-california
https://www.ubereats.com/san-francisco/food-delivery/black-bear-diner-5100-hopyard-road/SDXOCILFRDyTzUszHEJQEA,livermore-california
https://www.ubereats.com/san-francisco/food-delivery/frontier-spice/cm4AQ5c5RW2tDMnUI261vA,livermore-california
https://www.ubereats.com/san-francisco/food-delivery/el-chaparrito-taqueria/MasuzmnjR5O59a_AbPLtdg,livermore-california
https://www.ubereats.com/san-francisco/food-delivery/gong-chalivermore/FPYeF8HeSeKq7TfIaZTLRA,livermore-california
https://www.ubereats.com/san-francisco/food-delivery/royas-afghan-cuisine/UDbYPM_CSoeUJgrsf3fTLg,livermore-california
https://www.ubereats.com/san-francisco/food-delivery/ikes-love-and-sandwiches-dublin/LgSBJxZzTU28mUFxESJzJQ,livermore-california
https://www.ubereats.com/san-francisco/food-delivery/amicis-east-coast-pizzeria-dublin/J6ly6qqbQ4uSB8xvwPYmMQ,livermore-california
https://www.ubereats.com/san-francisco/food-delivery/subway-239-south-vasco-rd/Crc0a5GhSXqECa8r8IxxHw,livermore-california
https://www.ubereats.com/san-francisco/food-delivery/dalian-club-house/j64_ZRLbRUWAbrKScdPa0w,livermore-california
https://www.ubereats.com/san-francisco/food-delivery/danas-indo-medi-fusion/fHTVnM9HQWaynavcnDEweA,livermore-california
https://www.ubereats.com/san-francisco/food-delivery/zume-pizza-livermore/ZPTmm-lsQmOj_5P0-lOOfw,livermore-california
