url,city
https://www.ubereats.com/orlando/food-delivery/donut-central-%26-fuelpresso/nfPSBl0YTyKgn4ok5kguyQ,lockhart-florida
https://www.ubereats.com/orlando/food-delivery/the-junction-bar-and-restaurant/0fvVoFocRvCSllRit68sNg,lockhart-florida
https://www.ubereats.com/orlando/food-delivery/mcdonalds-1415-e-state-rd/_hb9o5IYSOiteMnLfdog3g,lockhart-florida
https://www.ubereats.com/orlando/food-delivery/laspadas-orlando/REjoUZWzS0WbWMK2Ct3fNw,lockhart-florida
https://www.ubereats.com/orlando/food-delivery/i-love-ny-pizza-winter-garden/MMR3EzD5T7CDS4U20Y_umg,lockhart-florida
https://www.ubereats.com/orlando/food-delivery/jinya-ramen-bar-orlando/2ttuOuiSScK9Zl9AZmUSvw,lockhart-florida
https://www.ubereats.com/orlando/food-delivery/firehouse-subs-apopka/ZwZh8oOoQNK87Oi02hkrDw,lockhart-florida
https://www.ubereats.com/orlando/food-delivery/olea-mediterranean-grill-maitland/MIpl2aduQLyWzNcQzcCHPw,lockhart-florida
https://www.ubereats.com/orlando/food-delivery/time-marketplace-square/qU2Vk8QoS9G7dx4PKMntNQ,lockhart-florida
https://www.ubereats.com/orlando/food-delivery/7012-bonefish-grill-1761-w-state-rd-434/jMwo1hoNTz6heHpJeJONRA,lockhart-florida
https://www.ubereats.com/orlando/food-delivery/ice-hut/6zBgcAimQwGbDcoiRh3Vgg,lockhart-florida
https://www.ubereats.com/orlando/food-delivery/burgerfi-altamonte-springs/KgvOB2t-S5KtQewndW9pIQ,lockhart-florida
https://www.ubereats.com/orlando/food-delivery/genis-philly-steaks-longwood/YlydpBJDQJCmbw91FNw3jw,lockhart-florida
https://www.ubereats.com/orlando/food-delivery/chipotle-mexican-grill-2201-e-semoran-blvd/tlCJ5l7RSBidmdjqxOfp2w,lockhart-florida
https://www.ubereats.com/orlando/food-delivery/edens-fresh-co-winter-park/Z014UBPOT0mk_zxD60vHTQ,lockhart-florida
https://www.ubereats.com/orlando/food-delivery/greenbeat-crescent-central-station/F-DYHtIWT3qKvjneCUltsw,lockhart-florida
https://www.ubereats.com/orlando/food-delivery/boston-market-429-w-sr-436/asMwKUsAR4aVCBxS774_kg,lockhart-florida
https://www.ubereats.com/orlando/food-delivery/%2323785-subway-1454-north-rock-springs-rd/s5Y7kGjcSbGAmADCNSkr2g,lockhart-florida
https://www.ubereats.com/orlando/food-delivery/auntie-annes-451-e-altamonte-dr-ste-1441/Rjv1WKfsQKCU8XHwnRFSyg,lockhart-florida
https://www.ubereats.com/orlando/food-delivery/sus-hi-eatstation-altamonte-springs/d0WGo0xgR0i54pa9a40RxA,lockhart-florida
https://www.ubereats.com/orlando/food-delivery/caribbean-supercenter/Ilw-y1ZLTu2sNh73shfeCA,lockhart-florida
https://www.ubereats.com/orlando/food-delivery/ootoya-sushi/D7c71wLoQgS7_5hTL3JcWA,lockhart-florida
https://www.ubereats.com/orlando/food-delivery/froggers-grill-%26-bar-apopka/wNMeeWx9QR-iwYaRZTUZ9A,lockhart-florida
https://www.ubereats.com/orlando/food-delivery/taco-bell-711-lee-road/VCs0OJXoS56j9aSXb0paqQ,lockhart-florida
https://www.ubereats.com/orlando/food-delivery/starbucks-w-sr-434-%26-springs-centre-blvd/LAUA1bJ9QjeZdQYIt8ItDg,lockhart-florida
https://www.ubereats.com/orlando/food-delivery/pizza-hut-4343-edgewater-dr/dHbbrW_4QuKUOWg5t-aN0g,lockhart-florida
https://www.ubereats.com/orlando/food-delivery/king-bao-orlando/wZhzsWmURNOsbWNnr-KSZQ,lockhart-florida
https://www.ubereats.com/orlando/food-delivery/planet-smoothie-south-state-road/o7UcJhDARfyVElRvXrJa0w,lockhart-florida
https://www.ubereats.com/orlando/food-delivery/first-watch-longwood/5xS9EoN3RqKm_KAHG00QNQ,lockhart-florida
https://www.ubereats.com/orlando/food-delivery/bikkuri-sushi-noodle-%26-grill/kKYF7fUsRK-DbAs3dcQl6w,lockhart-florida
https://www.ubereats.com/orlando/food-delivery/le-house-vietnamese-restaurant/QUx9MIkhRoaD7sFIXidlEg,lockhart-florida
https://www.ubereats.com/orlando/food-delivery/pasquallys-pizza-%26-wings-7456-w-colonial-dr/J118INBdRFizWZSIMAgndg,lockhart-florida
https://www.ubereats.com/orlando/food-delivery/mcdonalds-lee-road/7BnTnLvfT0G-q0sA4G10MA,lockhart-florida
https://www.ubereats.com/orlando/food-delivery/chef-nite-orlando/lSQBowTHSZ2NS1IQKGHhWA,lockhart-florida
https://www.ubereats.com/orlando/food-delivery/royal-thai-cuisine/EAIwFWO8TKGHHgUFJVh7dQ,lockhart-florida
https://www.ubereats.com/orlando/food-delivery/olea-mediterranean-grill-orlando/0kMUf5KXRpu0btpLjr25wg,lockhart-florida
https://www.ubereats.com/orlando/food-delivery/7-mango-ice-cream-%26-tea/MpieqUetT0mdIm00dN2RbA,lockhart-florida
https://www.ubereats.com/orlando/food-delivery/noodles-%26-company-3683-e-colonial-dr/rWKk0xFvTtyOtJCrfcU6YA,lockhart-florida
https://www.ubereats.com/orlando/food-delivery/san-joses-original-mexican-restaurant-altamonte-springs/4sl-W4eVT6O6cdt4sTe2HQ,lockhart-florida
https://www.ubereats.com/orlando/food-delivery/boa-pedida-delivery/87YsANgLTIyiDvjyhjceMA,lockhart-florida
https://www.ubereats.com/orlando/food-delivery/steak-n-shake-7101-w-colonial-blvd/2FvRxgRSSnO9S8FSeYUFwA,lockhart-florida
https://www.ubereats.com/orlando/food-delivery/saladaf-aloma/mdThJ7oUR8OmSSWOzPjurw,lockhart-florida
https://www.ubereats.com/orlando/food-delivery/wendys-8601-summit-centre-way/H0Ll5LiYRxWWtM1Ww6eK0Q,lockhart-florida
https://www.ubereats.com/orlando/food-delivery/pizza-hut-883-semoran-blvd/C5ZZB5ufRkWT2I3uaj4azg,lockhart-florida
https://www.ubereats.com/orlando/food-delivery/mcdonalds-hollieanna/9liyJWHUQTidLGMftexBjA,lockhart-florida
https://www.ubereats.com/orlando/food-delivery/subway-%2344993-3101-w-princeton-st/EbBjo7kIQT6FtJVjhKWLuw,lockhart-florida
https://www.ubereats.com/orlando/food-delivery/the-tea-spot/Q_k-Ih6USTqrP7TA8bqkcg,lockhart-florida
https://www.ubereats.com/orlando/food-delivery/pizza-hut-hiawassee/Lz9kiucJTMylNi3kUq82JA,lockhart-florida
https://www.ubereats.com/orlando/food-delivery/gringos-locos-lee-road/mtD_wouaQvOr3gpDPYWD1w,lockhart-florida
https://www.ubereats.com/orlando/food-delivery/mamak-asian-street-food/EcEY540lQMGu993DA7XvEw,lockhart-florida
https://www.ubereats.com/orlando/food-delivery/todo-sushi/4WRfCgbJR56JiRSX_8XmoA,lockhart-florida
https://www.ubereats.com/orlando/food-delivery/la-terraza-bakery/VKN7nMUXQuelOVtqEcv3wA,lockhart-florida
https://www.ubereats.com/orlando/food-delivery/thai-place-winter-park/91narUrARPSkcHVkFpFtKA,lockhart-florida
https://www.ubereats.com/orlando/food-delivery/ihop-casselberry/omqmC0V6QOmftDvU3ABFFw,lockhart-florida
https://www.ubereats.com/orlando/food-delivery/crown-fried-chicken/2IznGtaSTI2f44EKaesMjw,lockhart-florida
https://www.ubereats.com/orlando/food-delivery/pf-changs-436-n-orlando-ave/sBxI7SRLRaCb_KIrK9qPAA,lockhart-florida
https://www.ubereats.com/orlando/food-delivery/foxtail-coffee-co/KjxUjsCnSaWAguIlK-LIeg,lockhart-florida
https://www.ubereats.com/orlando/food-delivery/zoes-kitchen-501-n-orlando-ave-suite-323/ZiS182R0Tri-SgFPGliJIg,lockhart-florida
https://www.ubereats.com/orlando/food-delivery/%237297-subway-4353-edgewater-dr/c4L8kVRgSRCy9qH-HRttig,lockhart-florida
https://www.ubereats.com/orlando/food-delivery/indian-hut/golrgdCCRNGSzHHi56h61A,lockhart-florida
https://www.ubereats.com/orlando/food-delivery/rosatis-pizza-550-s-hunt-club-blvd/uSY44bamQ_mz9dciSP6rOQ,lockhart-florida
https://www.ubereats.com/orlando/food-delivery/sub-shack/bCj1KEAOS-uHA2DhEyploQ,lockhart-florida
https://www.ubereats.com/orlando/food-delivery/st-andrews-tavern/25eJaMk4SWKdJTUSachA6g,lockhart-florida
https://www.ubereats.com/orlando/food-delivery/munch-2-go/vrOMIuVbR4ON3J9ptHg4Cw,lockhart-florida
https://www.ubereats.com/orlando/food-delivery/friendly-confines-altamonte/oa-r7LYrRziSZ0KNZlCX-g,lockhart-florida
https://www.ubereats.com/orlando/food-delivery/jeremiahs-italian-ice-casselberry/Qkqz3GQ5Szq1-q84YT1UsQ,lockhart-florida
https://www.ubereats.com/orlando/food-delivery/fitlife-foods-winter-park/jFumMNCPTgSC2zFqNHoGEA,lockhart-florida
https://www.ubereats.com/orlando/food-delivery/pizza-hut-700-maguire-blvd/_rgrvvFTQCGy5xZzgzAZMg,lockhart-florida
https://www.ubereats.com/orlando/food-delivery/panda-express-2655-east-colonial-drive/Vm1aFDE_Sem2b5F0U-p3qQ,lockhart-florida
https://www.ubereats.com/orlando/food-delivery/negril-jamaican-restaurant-old-winter-garden-rd/8hBlF_JSTCaticaz5nDi6Q,lockhart-florida
https://www.ubereats.com/orlando/food-delivery/jeremiahs-italian-ice-south-orange/_Q8BgisZS5qlC_wJPJOCoQ,lockhart-florida
https://www.ubereats.com/orlando/food-delivery/rhino-subs/wqYFP2KuQjul0HL1L7jhqA,lockhart-florida
https://www.ubereats.com/orlando/food-delivery/mcdonalds-3835-wekiva-springs-rd/Y_VW8CNWTcedEXhj6mpC7Q,lockhart-florida
https://www.ubereats.com/orlando/food-delivery/anthonys-pizza/NcLYlDjCShy1Ta6pW4IESw,lockhart-florida
https://www.ubereats.com/orlando/food-delivery/subway-%23562-120-independence-lane-suite-a/8rM9zDzGSg6LqQ7l6V715A,lockhart-florida
https://www.ubereats.com/orlando/food-delivery/gators-dockside-baldwin-park/V8AmxwmCSyOYTv817vjqMw,lockhart-florida
https://www.ubereats.com/orlando/food-delivery/agave-azul-winter-park/0zfsUUymRka7NY3y699dMg,lockhart-florida
https://www.ubereats.com/orlando/food-delivery/mi-gordita-loca/5EVV5zNyT1u2gpXQgvlhxA,lockhart-florida
https://www.ubereats.com/orlando/food-delivery/venice-pizza-%26-pasta/K3o1JlD7Q2qrLyl8uwW2nA,lockhart-florida
https://www.ubereats.com/orlando/food-delivery/cholo-dogs/MZeQj9DdQJa9RmzGsMDlKA,lockhart-florida
https://www.ubereats.com/orlando/food-delivery/wendys-2608-n-hiawassee-rd/9nKXzwWDRPCoNfaWnuBheg,lockhart-florida
https://www.ubereats.com/orlando/food-delivery/broadway-ristorante/GLGwPSpzSziQ4FmjSR703g,lockhart-florida
https://www.ubereats.com/orlando/food-delivery/spicy-%26-juicy-crab/aRfFJThWTLGrXguETzSyWA,lockhart-florida
https://www.ubereats.com/orlando/food-delivery/wendys-2200-west-st-road-434/O4plZ4JTQVWj7naiFi8BYQ,lockhart-florida
https://www.ubereats.com/orlando/food-delivery/pepes-cantina-443-w/-iNtoUvITlKhzgcWRL_U2w,lockhart-florida
https://www.ubereats.com/orlando/food-delivery/ajs-press-%22tasty-eats%22/HSvVw620Q9yVDCaMmvdsmg,lockhart-florida
https://www.ubereats.com/orlando/food-delivery/ninos-pizza/8AU9ODErSgm_J6EQQu2MvA,lockhart-florida
https://www.ubereats.com/orlando/food-delivery/steak-n-shake-295-e-altamonte-drive/4AElHZ8uTxOTsveJVF5Uog,lockhart-florida
https://www.ubereats.com/orlando/food-delivery/tijuana-flats-metro-west/Kjy7RN1ZRJmGxHV-Rr_K7A,lockhart-florida
https://www.ubereats.com/orlando/food-delivery/elvics-kitchen/hSe3TZ48S3u0AeLQVy9pOQ,lockhart-florida
https://www.ubereats.com/orlando/food-delivery/circle-k-7661-magnolia-homes-rd/2w34qnsORmWLxc23LGFvMw,lockhart-florida
https://www.ubereats.com/orlando/food-delivery/bosphorous-turkish-cuisine-winter-park/geeU5L3ITxq4_4SPFMawSA,lockhart-florida
https://www.ubereats.com/orlando/food-delivery/wendys-155-e-main-street/vcVQ8NV6SyaUlLlNXdZ2nA,lockhart-florida
https://www.ubereats.com/orlando/food-delivery/churchs-chicken-1234-w-church-street/0-KazxnpTNuMQEdmv6uf8w,lockhart-florida
https://www.ubereats.com/orlando/food-delivery/fairbanks-restaurant-winter-park/YhgyEvdERaGoPZiRczXtKg,lockhart-florida
https://www.ubereats.com/orlando/food-delivery/cafe-murano-altamonte-springs/W80k93LBRUadnXR1gfpcIA,lockhart-florida
https://www.ubereats.com/orlando/food-delivery/hardees-of-ocoee/jFyhXjopQ3m8P_JYP0AkTA,lockhart-florida
https://www.ubereats.com/orlando/food-delivery/blended-bistro-%26-boba/Swqp1hRRTvuBzBt5DUgWRA,lockhart-florida
https://www.ubereats.com/orlando/food-delivery/tijuana-flats-altamonte-springs/QHs-X0SKTOuOKzCj--9pgA,lockhart-florida
https://www.ubereats.com/orlando/food-delivery/outback-steakhouse-1927-aloma-avenue/w9KE64Y5QTapfYMJ8_uqew,lockhart-florida
https://www.ubereats.com/orlando/food-delivery/hunan-taste/sfuF3hSCTkmK8ILX52Jwaw,lockhart-florida
https://www.ubereats.com/orlando/food-delivery/panda-express-275-east-altamonte-drive/5LwkLcvYSc682Az9_oKDiw,lockhart-florida
https://www.ubereats.com/orlando/food-delivery/soupyaf-aloma/uuFmkGxnQ6uiX7EKkJHpqw,lockhart-florida
https://www.ubereats.com/orlando/food-delivery/bad-ass-sandwich/VAdinE_qT9WC4NJ-Q4p2LA,lockhart-florida
https://www.ubereats.com/orlando/food-delivery/el-palacio-buffet/okzqnhD3ReeQRZSNIaE2rQ,lockhart-florida
https://www.ubereats.com/orlando/food-delivery/jack-and-jackies-wingz-thingz-%26-bbq-inc/2FXiN5ZMQcu1lAc_xR_LPQ,lockhart-florida
https://www.ubereats.com/orlando/food-delivery/arbys-3011-e-semoran-blvd/CxZ_Y2q7Qju7BMIx6vqqLQ,lockhart-florida
https://www.ubereats.com/orlando/food-delivery/popeyes-louisiana-kitchen-1035-lee-rd/R3YhZPZMSKWsWA8EY91bPw,lockhart-florida
https://www.ubereats.com/orlando/food-delivery/applebees-298-southhall-lane/6T6t4VkDRJm8jUu5w6b6KQ,lockhart-florida
https://www.ubereats.com/orlando/food-delivery/pollo-tropical-7643-w-colonial-drive/jdv19d23TdedBMrLHGkMbg,lockhart-florida
https://www.ubereats.com/orlando/food-delivery/the-burger-joint/Q6LLSwm3Rea4KN491Lc1ZQ,lockhart-florida
https://www.ubereats.com/orlando/food-delivery/the-pass-progressive-cuisine/F2g_cu2RReyWRy4qKs7EVA,lockhart-florida
https://www.ubereats.com/orlando/food-delivery/la-isla-del-frappe/yo0NnawYR0evditwvkQUUA,lockhart-florida
https://www.ubereats.com/orlando/food-delivery/red-lobster-340-west-sr-436/J5prrr7MTAmq9Icpd0bKqQ,lockhart-florida
https://www.ubereats.com/orlando/food-delivery/dajen-eats/NPahwCHQQgKIfoVlVhXlrQ,lockhart-florida
https://www.ubereats.com/orlando/food-delivery/armandos-cucina-italiana-college-park/y_Ve_TCjRZCM5FmOChPAEA,lockhart-florida
https://www.ubereats.com/orlando/food-delivery/dickeys-bbq-pit-10341-w-colonial-drive/VfXJvBuHS8yv_KWILgzRwA,lockhart-florida
https://www.ubereats.com/orlando/food-delivery/wingz-wingzz-wingzzz/kXtbppdlRUCqdUFkQCJ43g,lockhart-florida
https://www.ubereats.com/orlando/food-delivery/popeyes-louisiana-kitchen-460-w-state-road-436/bIF3qOYfQsS1Ri4ZmnkGiQ,lockhart-florida
https://www.ubereats.com/orlando/food-delivery/tako-cheena-north-mills/XyZxr0ADTReBR0FWlymCYA,lockhart-florida
https://www.ubereats.com/orlando/food-delivery/michaels-ali-coal-fired-pizza-%26-macd-out/MwokrDSKRPSrMX7bHotqWA,lockhart-florida
https://www.ubereats.com/orlando/food-delivery/auntie-annes-10500-w-colonial-dr/7ma_dhMKQ5Gow3rxhV7_gQ,lockhart-florida
https://www.ubereats.com/orlando/food-delivery/la-empanada/tF3gwErcSAq76PfVynBsEw,lockhart-florida
https://www.ubereats.com/orlando/food-delivery/china-garden-orlando/49Vjme5kSPa89V11QGuBTg,lockhart-florida
https://www.ubereats.com/orlando/food-delivery/hungry-howies-pizza-apopka%23154/trKgwB5_RteOt0vEt_4mjg,lockhart-florida
https://www.ubereats.com/orlando/food-delivery/thai-house-of-orlando/td8l0ZLiTLelE8k3LOXS2Q,lockhart-florida
https://www.ubereats.com/orlando/food-delivery/jeremiahs-italian-ice-windermere/I71rxYhAQVOc29oiDV98eA,lockhart-florida
https://www.ubereats.com/orlando/food-delivery/popeyes-louisiana-kitchen-5245-w-colonial-dr/IdaTjKgBRRyhh8UdDtmIOA,lockhart-florida
https://www.ubereats.com/orlando/food-delivery/fratelli-italian-restaurant/9GLKxD0nTACbRFE3jHQ_9g,lockhart-florida
https://www.ubereats.com/orlando/food-delivery/gators-dockside-ocoee/b6--QerPT2-QhERm7kUGRw,lockhart-florida
https://www.ubereats.com/orlando/food-delivery/manzanos-deli-winter-park/rTxFC1NJTIiFyQBRDbxKUQ,lockhart-florida
https://www.ubereats.com/orlando/food-delivery/panda-express-4260-s-us-hwy17-92/gVZ5qsITS-K1KpdLLTW4Gw,lockhart-florida
https://www.ubereats.com/orlando/food-delivery/first-watch-aloma/IqCN8NLMSWCgHWEjWOdHbw,lockhart-florida
https://www.ubereats.com/orlando/food-delivery/pho-54-vietnamese-restaurant/EebHlnA_SPu0N3kg_V4nvA,lockhart-florida
https://www.ubereats.com/orlando/food-delivery/vera-asian/kvW0nxVeS9O1Yf-LAcuR4g,lockhart-florida
https://www.ubereats.com/orlando/food-delivery/%2332835-subway-7341-w-colonial-dr/H_Wl1ksgRVi4UU1i6y22cg,lockhart-florida
https://www.ubereats.com/orlando/food-delivery/jersey-mikes-conroy-rd-%26-turkey-lake-rd/2_sG7mCYRJO_UPmXYrpl5A,lockhart-florida
https://www.ubereats.com/orlando/food-delivery/the-original-brooklyn-water-bagel-co-winter-park/Q-Be7dzlTyaDZDwLEGLd-w,lockhart-florida
https://www.ubereats.com/orlando/food-delivery/asian-house/_tkvXZA5QQi5fIt3etxLWA,lockhart-florida
https://www.ubereats.com/orlando/food-delivery/china-magic/G9gWLDCiRn6TqN5LmCvlHQ,lockhart-florida
https://www.ubereats.com/orlando/food-delivery/tokyo-sushi-hibachi/M1I57NYPTnW1NhbxnJYIJA,lockhart-florida
https://www.ubereats.com/orlando/food-delivery/blu-on-the-avenue/Vy1Bw0T7QF-SPZxYjXc-7Q,lockhart-florida
https://www.ubereats.com/orlando/food-delivery/daniels-cheesesteak-house/RIicgyNTTFirRHqQbJiYBA,lockhart-florida
https://www.ubereats.com/orlando/food-delivery/krungthep-tea-time/mR-D5-BTScu0RcFl06JqSA,lockhart-florida
https://www.ubereats.com/orlando/food-delivery/santa-rosa-mexican-grill/GiDCX50aQMSHnlx-HAsCnQ,lockhart-florida
https://www.ubereats.com/orlando/food-delivery/la-villa-bakery/ICEDKXeLTDK68aOyiNIlbA,lockhart-florida
https://www.ubereats.com/orlando/food-delivery/dunkin-1655-w-fairbanks-ave/8D01jfypTD2eTJsekhWKRg,lockhart-florida
https://www.ubereats.com/orlando/food-delivery/armandos-cucina-italiana-winter-park/DKCQGQPlQuOrafGnb3RvuA,lockhart-florida
https://www.ubereats.com/orlando/food-delivery/hungry-howies-orange-blossom/M4jkTPGwRwmE4VSWkH8TEA,lockhart-florida
https://www.ubereats.com/orlando/food-delivery/poke-hana/Oks-avuYTraCfX26Lomjjw,lockhart-florida
https://www.ubereats.com/orlando/food-delivery/al-bacio-winter-park/lHkeCK24QfqE9C83lATB7g,lockhart-florida
https://www.ubereats.com/orlando/food-delivery/mings-bistro/PkeMTJ6qRVK_o6zyR8QNmA,lockhart-florida
https://www.ubereats.com/orlando/food-delivery/taste-of-wings-%26-things/0NCTP9EMSkOK24LdKHV1lA,lockhart-florida
https://www.ubereats.com/orlando/food-delivery/black-bean-deli-winter-park/9Y_XLxVbSE2XccqL8M-Knw,lockhart-florida
https://www.ubereats.com/orlando/food-delivery/perkins-restaurant-apopka/-x0YgtCQSSiS-TzoqNnxFg,lockhart-florida
https://www.ubereats.com/orlando/food-delivery/antonios-house-of-pizza/KqJ2Ch4zTmi3VHZNrDqiwA,lockhart-florida
https://www.ubereats.com/orlando/food-delivery/oh-my-gyro/CeLKSvJWSxiEAM3PfJZH9g,lockhart-florida
https://www.ubereats.com/orlando/food-delivery/cheesyaf-aloma/I9AV_LIjSDy36bXvGQ99Kw,lockhart-florida
https://www.ubereats.com/orlando/food-delivery/croissant-gourmet-winter-park/kbtUhWcwQ3uMQRhwu1806g,lockhart-florida
https://www.ubereats.com/orlando/food-delivery/tropical-smoothie-cafe-altamonte-springs/T4NC5UklQf2YfX8_j7hAKQ,lockhart-florida
https://www.ubereats.com/orlando/food-delivery/dunkin-3009-edgewater-dr/Y372J83jTrO_j0eWb0jPwA,lockhart-florida
https://www.ubereats.com/orlando/food-delivery/caribgardens-inc/LvBaowUiTCu0sMLQPUhKJA,lockhart-florida
https://www.ubereats.com/orlando/food-delivery/lineage-coffee-mills50/zjy1sQYTSRCeS3GnP7DaxQ,lockhart-florida
https://www.ubereats.com/orlando/food-delivery/delish-to-go/NFmykNwcRdW2GfHeSwAEKQ,lockhart-florida
https://www.ubereats.com/orlando/food-delivery/spices-%2B-sprinklestm/ihd4vZ0qSyytLeU7ifElcA,lockhart-florida
https://www.ubereats.com/orlando/food-delivery/taco-bell-1429-west-orange-blossom-trail/veWVR-gXQj-MQQ9xuzYu7g,lockhart-florida
https://www.ubereats.com/orlando/food-delivery/fiddlers-green-irish-pub-%26-eatery/_z7wu1DlQP-yvW8B_v4rqg,lockhart-florida
https://www.ubereats.com/orlando/food-delivery/jimmy-hulas-altamonte-springs/2KnLKIyqQvmekL6AdmX1pQ,lockhart-florida
https://www.ubereats.com/orlando/food-delivery/kai-asian-street-fare/c0E3HJ0USn-x7vmbypwCdw,lockhart-florida
https://www.ubereats.com/orlando/food-delivery/dunkin-946-w-state-road-436/pPn4T6maQv6qHWdYdDQbKA,lockhart-florida
https://www.ubereats.com/orlando/food-delivery/firehouse-subs-altamonte-springs/W1zDfraZSp-D_3lIIXW6rA,lockhart-florida
https://www.ubereats.com/orlando/food-delivery/hawkers-asian-street-fare-windermere/t9K6OMsfRO6MaKlTPi9ovQ,lockhart-florida
https://www.ubereats.com/orlando/food-delivery/p-%26-d-soul-food-kitchen/b-AQVBRUR-yAKtFhMVPIQQ,lockhart-florida
https://www.ubereats.com/orlando/food-delivery/shake-shack-119-north-orlando-ave/7E2uHCUpQWiAvWOYRgAGXQ,lockhart-florida
https://www.ubereats.com/orlando/food-delivery/juniors-diner/3iGbMEhsTQ-T5NJVPHTUkQ,lockhart-florida
https://www.ubereats.com/orlando/food-delivery/the-mango-fresh/IdczunkeS9-tDrK5nQxgow,lockhart-florida
https://www.ubereats.com/orlando/food-delivery/el-ranchito/6vXgk6bsS-2_vCM1gj86ew,lockhart-florida
https://www.ubereats.com/orlando/food-delivery/la-baguette-anj/jqoI49jRQfOTdneDFJ2q-Q,lockhart-florida
https://www.ubereats.com/orlando/food-delivery/dream-kitchen-%40-dream-city/PVJckr-hRrCu9ymlnHJ9zg,lockhart-florida
https://www.ubereats.com/orlando/food-delivery/urban-hibachi-kirkman-road/Sf_ZHG8EScu-GAnOyokwag,lockhart-florida
https://www.ubereats.com/orlando/food-delivery/cast-iron-vegan/aHBGmY6dT4-xzZ9serc5Iw,lockhart-florida
https://www.ubereats.com/orlando/food-delivery/tropical-smoothie-cafe-kirkman-rd/UkzTGH8dQF69HUfqJJfEtA,lockhart-florida
https://www.ubereats.com/orlando/food-delivery/winghouse-of-orlando/6665ZixpT3qJ4kVLmvPO1w,lockhart-florida
https://www.ubereats.com/orlando/food-delivery/tin-%26-taco-edgewater-dr/F7ig1J9CQA-gci-u8qllgg,lockhart-florida
https://www.ubereats.com/orlando/food-delivery/zero-degrees-west-orlando/r6LOQi6gQXWU6ht-TE0JFQ,lockhart-florida
https://www.ubereats.com/orlando/food-delivery/hana-sushi/ziGbZnZeSKeqU_F1u5nSBg,lockhart-florida
https://www.ubereats.com/orlando/food-delivery/tibbys-new-orleans-kitchen-altamonte-springs/0G0lVCtVSy2g0IsUAtr5Mw,lockhart-florida
https://www.ubereats.com/orlando/food-delivery/hungry-howies-altamonte-springs/ORbDjw1sSHOjLB-R5a_Hyg,lockhart-florida
https://www.ubereats.com/orlando/food-delivery/planet-smoothie-cranes-roost/T6wOnKaiRHi_ZZMUqV3CAQ,lockhart-florida
https://www.ubereats.com/orlando/food-delivery/la-fonda-mexican-kitchen/N0G1rbVuSC6JEbQCpYi3Wg,lockhart-florida
https://www.ubereats.com/orlando/food-delivery/millers-ale-house-altamonte/K7W1r6pQTB-_1xicnZ_mRQ,lockhart-florida
https://www.ubereats.com/orlando/food-delivery/orchid-thai-cuisine-winter-park/wzseAyIJQtu2u6_5MrUdrQ,lockhart-florida
https://www.ubereats.com/orlando/food-delivery/ihop-kirkman-rd/5GTgmqj1RBKYTxvrFU8fKQ,lockhart-florida
https://www.ubereats.com/orlando/food-delivery/burger-king-1700-s-orange-blossom-trl/EDPs0nEMTimJHoU-PKYX0g,lockhart-florida
https://www.ubereats.com/orlando/food-delivery/hebers-cuban-cafe-apopka/YAWYmQhLTPOcMlXUFmlt4Q,lockhart-florida
https://www.ubereats.com/orlando/food-delivery/dunkin-486-n-orange-ave/dCANeWwmQJ-NfXNKoHOQJA,lockhart-florida
https://www.ubereats.com/orlando/food-delivery/tropical-smoothie-cafe-e-colonial-dr/s8ixTAHBQaWiHlNi1-8aHw,lockhart-florida
https://www.ubereats.com/orlando/food-delivery/jersey-mikes-orlando-2100-edgewater-drive/1H6EQeWdTT6TEedLIgQzjw,lockhart-florida
https://www.ubereats.com/orlando/food-delivery/carlos-diner/VOlEPoetRGavG4edWRRKwQ,lockhart-florida
https://www.ubereats.com/orlando/food-delivery/napasorn-thai-restaurant-orlando/93VIfD2QTmOoMUrrzdqQ5w,lockhart-florida
https://www.ubereats.com/orlando/food-delivery/edens-fresh-co-college-park/K3_EhVSPS3yT7WJQE9CSiw,lockhart-florida
https://www.ubereats.com/orlando/food-delivery/seanas/o6S7Q_qWSQaI5Ro2ufozCQ,lockhart-florida
https://www.ubereats.com/orlando/food-delivery/tamarind-indian-cuisine-winter-park/uk02KzP4TY-OxK7BN8krvA,lockhart-florida
https://www.ubereats.com/orlando/food-delivery/fuzzys-taco-shop-altamonte-springs/xhq0caHJQQqItWEsaUuINw,lockhart-florida
https://www.ubereats.com/orlando/food-delivery/takumi/h9ouX4YxTWKIFmSXUR-J_w,lockhart-florida
https://www.ubereats.com/orlando/food-delivery/planet-smoothie-metro-west-kirkman/njRJejBuSZ6vV5jMXsAIOQ,lockhart-florida
https://www.ubereats.com/orlando/food-delivery/kellers-bar-b-q/8mLlme3UTwaR-QNwNihXtw,lockhart-florida
https://www.ubereats.com/orlando/food-delivery/beef-o-bradys-apopka/hk-_rceSTu2xnE5_mBeDlA,lockhart-florida
https://www.ubereats.com/orlando/food-delivery/taco-bell-307-e-main-st/xeVduAjnRh2I2cWQPSSyHQ,lockhart-florida
https://www.ubereats.com/orlando/food-delivery/dennys-2684-lee-rd/ffNHIeA-QTubHGf54na3xQ,lockhart-florida
https://www.ubereats.com/orlando/food-delivery/create-your-nature/Usm5wKNwSLCs1-Y1rYMJQQ,lockhart-florida
https://www.ubereats.com/orlando/food-delivery/fuddruckers-apopka/xqBBTd77TEy5NRAjhMckRQ,lockhart-florida
https://www.ubereats.com/orlando/food-delivery/pio-pio-restaurant-ocoee-fl/Aa7krsHxRFuC8OpguWSgzQ,lockhart-florida
https://www.ubereats.com/orlando/food-delivery/cafe-linger/RPNu6pvTTm6VhIGOjbdKrw,lockhart-florida
https://www.ubereats.com/orlando/food-delivery/copacabana-cuban-cafe/Q9tuSybqTfm_j_hb9WRJ5w,lockhart-florida
https://www.ubereats.com/orlando/food-delivery/flemings-prime-steakhouse-%26-wine-bar-winter-park/PLF3Yr-gTMqO6aFw-1A6BA,lockhart-florida
https://www.ubereats.com/orlando/food-delivery/nikkis-place-southern-cuisine/M_q0FOS8ShWIOtDL0_Bxhw,lockhart-florida
https://www.ubereats.com/orlando/food-delivery/310-park-south/U7TUilv5RciWmkle54hE7w,lockhart-florida
https://www.ubereats.com/orlando/food-delivery/3in1-cafe/ybazDVTmSwqrWKN85wPGtA,lockhart-florida
https://www.ubereats.com/orlando/food-delivery/kennys-bbq/CIYeP-fBQlG0TaatiylcrA,lockhart-florida
https://www.ubereats.com/orlando/food-delivery/foxtail-coffee-co-altamonte/guQvjDLzTiOROY7yo_mJZw,lockhart-florida
https://www.ubereats.com/orlando/food-delivery/pretzel-burger-company-winter-park/IGW6pJXKTTiaEJHZtWPVOw,lockhart-florida
https://www.ubereats.com/orlando/food-delivery/front-row-sports-bar-and-grill/szgRntZHQVOnDpMMlg5ylA,lockhart-florida
https://www.ubereats.com/orlando/food-delivery/chengs-asian-bistro-ocoee/bs6LPiPOQU2QWhboM-5x5g,lockhart-florida
https://www.ubereats.com/orlando/food-delivery/park-avenue-smoothie-cafe/7dTUgCP7T3-muP_86McDMg,lockhart-florida
https://www.ubereats.com/orlando/food-delivery/los-girasoles-apopka/y6ZQlRAsQU6VKjqC8jw78A,lockhart-florida
https://www.ubereats.com/orlando/food-delivery/tropical-smoothie-cafe-edgewater-drive/XCwVZu0nTrG580yo0VOo0Q,lockhart-florida
https://www.ubereats.com/orlando/food-delivery/azteca-doro-west-colonial/Fv0d-3wES5K4leEsA1lpJw,lockhart-florida
https://www.ubereats.com/orlando/food-delivery/%2313244-subway-101-w-main-st/GqjaU3jURKyXuA9QCI_chw,lockhart-florida
https://www.ubereats.com/orlando/food-delivery/chewy-boba-colonial/nWWEjcYPSy2-_QrSEyMsSQ,lockhart-florida
https://www.ubereats.com/orlando/food-delivery/mecatos-bakery-%26-cafe-downtown/0DEJfe8iQ_ira9-1iXlyAw,lockhart-florida
https://www.ubereats.com/orlando/food-delivery/natures-table-rdv-sportplex/IcQ27geBSNCHEy2cGH0qvQ,lockhart-florida
https://www.ubereats.com/orlando/food-delivery/kairos-latin-restaurant/LwIhFgDBShiWJbs_e75HVg,lockhart-florida
https://www.ubereats.com/orlando/food-delivery/kfc-5808-cinderlane-pkwy/8Bb6EzZAQEqRGpbtqwcJmg,lockhart-florida
https://www.ubereats.com/orlando/food-delivery/best-seafood-place/i27R6h3DRy6gzuIJ2Wsx2A,lockhart-florida
https://www.ubereats.com/orlando/food-delivery/lazy-moon-pizza-colonial/7rGTGvhySNW22D-Ie9YRWg,lockhart-florida
https://www.ubereats.com/orlando/food-delivery/tropical-smoothie-cafe-bear-lake/K6Z8ncnYTpK-QanBuTBiwA,lockhart-florida
https://www.ubereats.com/orlando/food-delivery/krispy-krunchy-chicken-4680-n-orange-blossom-trail/l36FDy7lSwuHNZttofU_Ag,lockhart-florida
https://www.ubereats.com/orlando/food-delivery/dumpling-spot/KNC2p9YCR_K9EIBNTvpmxA,lockhart-florida
https://www.ubereats.com/orlando/food-delivery/prime-mediterranean-grill/wGNtoaUoTkyNW95yIdgOKw,lockhart-florida
https://www.ubereats.com/orlando/food-delivery/dennys-w-colonial-dr/AohH9pUZShKKUtm8RyEvrg,lockhart-florida
https://www.ubereats.com/orlando/food-delivery/checkers-6371-w-colonial-drive/w3aOR6tzS_WQ5YuX_F7hjQ,lockhart-florida
https://www.ubereats.com/orlando/food-delivery/friendly-confines-metro-west/5MCIn_QlQxq5ZPqMy69T7g,lockhart-florida
https://www.ubereats.com/orlando/food-delivery/lilys-creole-restaurant/sO5HzCTwRE-r6DjZcMaV3g,lockhart-florida
https://www.ubereats.com/orlando/food-delivery/jets-pizza-apopka/oYGOYhbzQBWZBIGkHebsXA,lockhart-florida
https://www.ubereats.com/orlando/food-delivery/jade-sushi-%26-new-asian-orlando/rvlhaERKRUG38OZsxkcEEA,lockhart-florida
https://www.ubereats.com/orlando/food-delivery/checkers-431-state-road-436-w/FSkW5IYrT6eT4q1_HPJo9A,lockhart-florida
https://www.ubereats.com/orlando/food-delivery/qdoba-10959-w-colonial-dr-ste-12/n6wTT8FpRJe5ISF5tv4UMg,lockhart-florida
https://www.ubereats.com/orlando/food-delivery/sfihas/cm4GTwPJQMmQyKFUlkUDqw,lockhart-florida
https://www.ubereats.com/orlando/food-delivery/kiko-japanese-cuisine/XcGiIS-ZTK2xmCYKCK1_ZA,lockhart-florida
https://www.ubereats.com/orlando/food-delivery/winghouse-of-kirkman-rd/CrwwnMuFTVyzSIrQ5WyRbw,lockhart-florida
https://www.ubereats.com/orlando/food-delivery/pinottis-pizza/3ftrTcGGRaWByufYKLzEmA,lockhart-florida
https://www.ubereats.com/orlando/food-delivery/gators-dockside-apopka/BKLiR-7xTHiexMwf6jvCpQ,lockhart-florida
https://www.ubereats.com/orlando/food-delivery/starbucks-yale-%26-edgewater/DdsYWSYtRPyi4SgdeRFAgA,lockhart-florida
https://www.ubereats.com/orlando/food-delivery/cracker-barrel-old-country-store-285-douglas-avenue/2FGFD-k1SHOTogfxtddB2g,lockhart-florida
https://www.ubereats.com/orlando/food-delivery/boston-market-250-e-michigan-st/UJdanFWGTvyXvTFyyaPj8w,lockhart-florida
https://www.ubereats.com/orlando/food-delivery/the-glass-knife/Bu6I_9cvR2W1yDsO0CslrA,lockhart-florida
https://www.ubereats.com/orlando/food-delivery/pannullos-italian-restaurant/o70rPgn-RWSQAOlLc31OWw,lockhart-florida
https://www.ubereats.com/orlando/food-delivery/starbucks-winterpark-village/YKdeLOyZQDumLr2Ryo-5jA,lockhart-florida
https://www.ubereats.com/orlando/food-delivery/arepas-cafe-and-more/-0ojHLHSScG2WpU8e1GEAg,lockhart-florida
https://www.ubereats.com/orlando/food-delivery/hungry-howies-ocoee/wsFG5tyjRVSnrm5FsuZB_Q,lockhart-florida
https://www.ubereats.com/orlando/food-delivery/andrea-quality-cheesecake-and-cafe/Xkfn9CZCQ-mFws8Eb_DERw,lockhart-florida
https://www.ubereats.com/orlando/food-delivery/friendly-confines-winter-park/AXTShAM3RfeuBporLTsb9g,lockhart-florida
https://www.ubereats.com/orlando/food-delivery/bolay-winter-park/fK-sSBpXRDq9Efxu-9qUag,lockhart-florida
https://www.ubereats.com/orlando/food-delivery/tin-%26-taco-downtown/1a3TAo15Ty6BSagKNImC_Q,lockhart-florida
https://www.ubereats.com/orlando/food-delivery/osphere-grill-and-bar/Ovg-qcodTC6GLRqqgic9Lw,lockhart-florida
https://www.ubereats.com/orlando/food-delivery/authentic-gyros-%26-grill/wqBzAR0KRji7syYz9lNtJw,lockhart-florida
https://www.ubereats.com/orlando/food-delivery/bagel-world/btT5wtiKR0mI3fYtECfzkQ,lockhart-florida
https://www.ubereats.com/orlando/food-delivery/grills-lakeside/Uw0HJX6cQku9uKVRCkg4-Q,lockhart-florida
https://www.ubereats.com/orlando/food-delivery/mynt-fine-indian-cuisine/TSCOWmW4Rhy6bDH1QxwyYQ,lockhart-florida
https://www.ubereats.com/orlando/food-delivery/kfc-taco-bell-3009-w-colonial-drive/zN4QYHr8RMyNwnZggw9N5g,lockhart-florida
https://www.ubereats.com/orlando/food-delivery/sala-wine-bar-%26-bistro/3Y5WSpJiRfqDbjTgnF8E5Q,lockhart-florida
https://www.ubereats.com/orlando/food-delivery/burger-king-6400-n-orange-blossom-trail/edJz3Z83R6OMOtgGvHjv0w,lockhart-florida
https://www.ubereats.com/orlando/food-delivery/krystal-6201-w-colonial-dr/VdhMmh4ITPe2qvg6NMA6NQ,lockhart-florida
https://www.ubereats.com/orlando/food-delivery/c-and-b-grill/I7EIv0JiSyqL-KZRUUupuA,lockhart-florida
https://www.ubereats.com/orlando/food-delivery/graffiti-junktion-college-park/W6-0MIU5Spu99yx2O3oWIA,lockhart-florida
https://www.ubereats.com/orlando/food-delivery/%231887-subway-4300-clarcona-ocoee-rd/jTh_-gS7QlCkB7DSV5TS9A,lockhart-florida
https://www.ubereats.com/orlando/food-delivery/shanghai-gourmet/hGUfcvoQQL2ZX7HKR4UiTg,lockhart-florida
https://www.ubereats.com/orlando/food-delivery/kfc-356-e-main-street/g8H1DOxURwOf4lRcIC3rgA,lockhart-florida
https://www.ubereats.com/orlando/food-delivery/haagen-dazs-116-east-new-england-avenue/9p4E_3CqSPCmbAuFyImWxw,lockhart-florida
https://www.ubereats.com/orlando/food-delivery/bagel-king-winter-park/4quod76lQUmmMv4ArheB2A,lockhart-florida
https://www.ubereats.com/orlando/food-delivery/shake-shop/Z2sLFJ9ITSuQ-ekQVYmmSw,lockhart-florida
https://www.ubereats.com/orlando/food-delivery/zaza-new-cuban-diner-altamonte-springs/A7o_eSI9Qp6jc4u2kDZ8Jg,lockhart-florida
https://www.ubereats.com/orlando/food-delivery/german-backhaus/g-Y-LvwhQg2v7P80SBaPpg,lockhart-florida
https://www.ubereats.com/orlando/food-delivery/%23339-subway-2133-e-semoran-blvd/TJ5v9MGQQpmNi4iI1d9flw,lockhart-florida
https://www.ubereats.com/orlando/food-delivery/%23206-subway-995-n-state-rd-434/tIWHQNPuTIqKJKdRL2XYoQ,lockhart-florida
https://www.ubereats.com/orlando/food-delivery/anthonys-coal-fired-pizza-altamonte-springs/TaT1m46vRcmJsmucpoo2Fg,lockhart-florida
https://www.ubereats.com/orlando/food-delivery/five-guys-fl-0136-229-e-altamonte-dr/_vJri7fGQaKRx8S1CPvYMg,lockhart-florida
https://www.ubereats.com/orlando/food-delivery/tamas-restaurant-%26-bakery/Rp6wEcgRRFmBy-6ci5DxHA,lockhart-florida
https://www.ubereats.com/orlando/food-delivery/mcdonalds-2281-ocoee-apopka-rd/23CBU8XOQYONP0LdQZwmCg,lockhart-florida
https://www.ubereats.com/orlando/food-delivery/carrabbas-931-n-state-road-434/n1Bsv87fSwuQW49RDQtfVA,lockhart-florida
https://www.ubereats.com/orlando/food-delivery/pizza-hut-2335-temple-trl/lb2EgJkCQqS8Sy6SVOVi4Q,lockhart-florida
https://www.ubereats.com/orlando/food-delivery/mikado-sushi-metrowest/_WB7OqVETTCoECWKwJoI2A,lockhart-florida
https://www.ubereats.com/orlando/food-delivery/ihop-1120-west-orange-blossom-trail/w8LNjCXOS7edm1vJPSmmcQ,lockhart-florida
https://www.ubereats.com/orlando/food-delivery/%23311-subway-5539-w-colonial-dr/xyaJi6pRT32AZ6x2sZvqWA,lockhart-florida
https://www.ubereats.com/orlando/food-delivery/%23747-subway-2455-s-hiawassee-rd/tgGnBkAqR8eSG4HLRPtooA,lockhart-florida
https://www.ubereats.com/orlando/food-delivery/taco-bell-1154-rock-springs-rd/3Oj2ZVJ1RXe1JfCRWOXjMg,lockhart-florida
https://www.ubereats.com/orlando/food-delivery/u-restaurant/aKhSh2ChRVakNyMaXKmUGA,lockhart-florida
https://www.ubereats.com/orlando/food-delivery/jazztastings/sKEK8X78QqWC_h2FWT64Ag,lockhart-florida
https://www.ubereats.com/orlando/food-delivery/juicypot/_20HcODqR4SWL3uDod72ug,lockhart-florida
https://www.ubereats.com/orlando/food-delivery/jack-%26-jackies-wingz-thingz-%26-bbq/mUOGxkATTx-ar5H9TdSHmw,lockhart-florida
https://www.ubereats.com/orlando/food-delivery/cafe-perks-orlando/GOKkNt5HRIuD0BRiRym39w,lockhart-florida
https://www.ubereats.com/orlando/food-delivery/bad-as-sandwich/7JJ1Ia0oQgWpq2w008GF-A,lockhart-florida
https://www.ubereats.com/orlando/food-delivery/shaka-shaka-tea-house-winter-park/ONFOUxxORt-L03qbqVXr1A,lockhart-florida
https://www.ubereats.com/orlando/food-delivery/pie-fection/b35O51gzQAeeARfa6exGnQ,lockhart-florida
https://www.ubereats.com/orlando/food-delivery/hand-roll-sushi/Vzw5CV-xQOKyeSDOjBptGw,lockhart-florida
https://www.ubereats.com/orlando/food-delivery/el-chef-efrain-creations/uEtHeHXPT0q8_U1AghNo-A,lockhart-florida
https://www.ubereats.com/orlando/food-delivery/boston-market-4201-e-colonial-drive/PbMRZIdXSSqpR793bz5Muw,lockhart-florida
https://www.ubereats.com/orlando/food-delivery/taco-bell-2600-orlando-west-dr/xJcp-N7kRhu5BrDkTdRF1A,lockhart-florida
https://www.ubereats.com/orlando/food-delivery/honduras-restaurant-438/eq_RrwIxSe6Agvl779flaA,lockhart-florida
https://www.ubereats.com/orlando/food-delivery/bella-napoli/cOeh0nFZSd-SvlYbTrVorA,lockhart-florida
https://www.ubereats.com/orlando/food-delivery/juice-bar/bhoQvVUxReaN0yLWLF99pA,lockhart-florida
https://www.ubereats.com/orlando/food-delivery/bulla-gastrobar-winter-park/VxHHUM0oTSeVp4NHvbGTZQ,lockhart-florida
https://www.ubereats.com/orlando/food-delivery/flora-plant-based-cuisine/Btnz7js3SPak0pp9exoPpg,lockhart-florida
https://www.ubereats.com/orlando/food-delivery/starbucks-w-sr-434-%26-raymond-ave/8iwGd0WdRv6ZlbIv7E8AaQ,lockhart-florida
https://www.ubereats.com/orlando/food-delivery/bagel-bruno/rFDWsaUXSuyGxt4vKGDXHA,lockhart-florida
https://www.ubereats.com/orlando/food-delivery/pollo-tropical-5484-n-orange-blossom-trail/A1FTQzUMTmGQSwfjI2uzfA,lockhart-florida
https://www.ubereats.com/orlando/food-delivery/scotchies/yhinVzoHToS4AQTvdbZLuw,lockhart-florida
https://www.ubereats.com/orlando/food-delivery/market-on-south/RVeaqH5oRpSAQcnlwQulqA,lockhart-florida
https://www.ubereats.com/orlando/food-delivery/hawkers-asian-street-fare-orlando/SrvceapVQk2Natunnk0Jkw,lockhart-florida
https://www.ubereats.com/orlando/food-delivery/goute-creole-restaurant/9yyTqsZuS5a9qUZMbioiww,lockhart-florida
https://www.ubereats.com/orlando/food-delivery/red-lobster-3552-east-colonial-drive/OxXYuc6MSlaM_-a-8dFs5w,lockhart-florida
https://www.ubereats.com/orlando/food-delivery/bangkok-thai-passion-ocoee/aWlWJX3MTcOw9GeZrXi5Sg,lockhart-florida
https://www.ubereats.com/orlando/food-delivery/pops-pizzeria/WHwrlD_vTT-isqc2kwHxKQ,lockhart-florida
https://www.ubereats.com/orlando/food-delivery/natures-table/70Hmjbk1SsapEMza_HoZbw,lockhart-florida
https://www.ubereats.com/orlando/food-delivery/loading-zone-philly-steaks/LtrCB6iJR4OOtqGhb89iyg,lockhart-florida
https://www.ubereats.com/orlando/food-delivery/huey-magoos-chicken-tenders-ocoee/vjKg4JK9QJSNoiJH8VvsYQ,lockhart-florida
https://www.ubereats.com/orlando/food-delivery/momzs-kitchen/dlsJodkzSwqGlipr9nsktA,lockhart-florida
https://www.ubereats.com/orlando/food-delivery/gordons-be-back-fish-house-maitland/du3QpgR7Ra2xG8uJH5WosA,lockhart-florida
https://www.ubereats.com/orlando/food-delivery/burgerfi-winter-park/2TFfcAtdSEyLDjMoULErng,lockhart-florida
https://www.ubereats.com/orlando/food-delivery/taco-bell-8868-w-colonial-dr/N50SwjamT4CX3FRhYNJjEQ,lockhart-florida
https://www.ubereats.com/orlando/food-delivery/dunkin-1605-s-orlando-ave/NuseDA0RT123juupImsyJQ,lockhart-florida
https://www.ubereats.com/orlando/food-delivery/cinnabon-451-e-alamonte/kroG5nmjTs6jLKBwtep0pg,lockhart-florida
https://www.ubereats.com/orlando/food-delivery/brick-%26-spoon/XVnoKJ6UTkOP0_EW-38hHA,lockhart-florida
https://www.ubereats.com/orlando/food-delivery/popeyes-louisiana-kitchen-402-e-main-st/XPism8-8Requ-6LQJc8B1A,lockhart-florida
https://www.ubereats.com/orlando/food-delivery/financier-patisserie/__x2kNyoQIyvKp7GRsibdQ,lockhart-florida
https://www.ubereats.com/orlando/food-delivery/venus-pizzeria/q1-1zOgLQKCi_Dr8bqfrRA,lockhart-florida
https://www.ubereats.com/orlando/food-delivery/shots-orlando/a0CrjcTMRAam-LM_lTpdbA,lockhart-florida
https://www.ubereats.com/orlando/food-delivery/mi-querida-colombia-west/-XInbjE0QdGNDpLHnVr9mA,lockhart-florida
https://www.ubereats.com/orlando/food-delivery/pollo-tropical-489-west-sr-436/bn4LcgHJToaTpINHjwJe_g,lockhart-florida
https://www.ubereats.com/orlando/food-delivery/pizza-hut-1148-n-rock-springs-rd/8sf-M2UhQP-K7VkQ2PSAvw,lockhart-florida
https://www.ubereats.com/orlando/food-delivery/kekes-breakfast-cafe-apopka/ni8qzQ9lR5uEbqZqE8kVBw,lockhart-florida
https://www.ubereats.com/orlando/food-delivery/the-sanctum-cafe/9MEq2pLfRhubEQvQRK3oVA,lockhart-florida
https://www.ubereats.com/orlando/food-delivery/zoes-kitchen-150-s-state-rd-434-suite-1093/pq4ZqV9JQ5qkAtLGUSkPig,lockhart-florida
https://www.ubereats.com/orlando/food-delivery/frutamix/Sbb2QggZQNOn71s-YXhepg,lockhart-florida
https://www.ubereats.com/orlando/food-delivery/firehouse-subs-good-homes/KJNsGt1jQLKXFq2D1zVyWQ,lockhart-florida
https://www.ubereats.com/orlando/food-delivery/jersey-mikes-subs-apopka-450-s-hunt-club-blvd/XdsS8EzmTZGNhN5rP6s6Yg,lockhart-florida
https://www.ubereats.com/orlando/food-delivery/yamasan-sushi-%26-grill-orlando/w6wLB098S3egEg75zYPutg,lockhart-florida
https://www.ubereats.com/orlando/food-delivery/an-tobar/QLeBb6rLQZuowVFEEzR0IA,lockhart-florida
https://www.ubereats.com/orlando/food-delivery/ny-giant-breakfast-and-pizza/_4o_UXtVRjuhJVI10v0X4A,lockhart-florida
https://www.ubereats.com/orlando/food-delivery/tropical-smoothie-cafe-center-of-winter-park/ttNue-3eSm-hmhoJCxKmFQ,lockhart-florida
https://www.ubereats.com/orlando/food-delivery/bem-bom-on-corrine/0aj7P0x8R3W0HEuKBVTjKw,lockhart-florida
https://www.ubereats.com/orlando/food-delivery/china-gate/hTTreqbgQ1esfmOnSyIt6Q,lockhart-florida
https://www.ubereats.com/orlando/food-delivery/san-julians-coffee/NPBjjhsEQxO9Uutis-wBuQ,lockhart-florida
https://www.ubereats.com/orlando/food-delivery/papa-joes-pizza-altamonte-springs/VDUHY6DvSJ6hJuC5M8xJlA,lockhart-florida
https://www.ubereats.com/orlando/food-delivery/mama-mias-steak-subs-%26-sandwiches/Zf__lTUPQc2okTsh8qe7Bg,lockhart-florida
https://www.ubereats.com/orlando/food-delivery/desserts-by-q/apwvlt7ZQ86MjpuvqbROFg,lockhart-florida
https://www.ubereats.com/orlando/food-delivery/sobiks-subs-ocoee/U8f4dyz_TSW8IKWF8OBapg,lockhart-florida
https://www.ubereats.com/orlando/food-delivery/itar-bistro-market/RLFNr5tBRgOR2XG5A4pfaQ,lockhart-florida
https://www.ubereats.com/orlando/food-delivery/mr-quick-orlando/HstvUvGCT6eHM5PPmAV2BA,lockhart-florida
https://www.ubereats.com/orlando/food-delivery/gringos-locos-downtown/z51aYVRPRUmxFQ4jJcystg,lockhart-florida
https://www.ubereats.com/orlando/food-delivery/omaha-steakhouse-and-bar-orlando/sTlX17kLQpmKGQ3E7C6xXw,lockhart-florida
https://www.ubereats.com/orlando/food-delivery/starbucks-hwy-50-%26-maguire-ocoee/uIiGQk4sQ8uOx_8j1seOiw,lockhart-florida
https://www.ubereats.com/orlando/food-delivery/starbucks-us-17-92-%26-horatio/ydIfHTjCTBSASmbwIdkMrA,lockhart-florida
https://www.ubereats.com/orlando/food-delivery/la-placita-market/zjD_sn2lTueMFduyN61xUg,lockhart-florida
https://www.ubereats.com/orlando/food-delivery/starbucks-434-%26-orange/k-ssoWj4QAuKaXEpr5WFMg,lockhart-florida
https://www.ubereats.com/orlando/food-delivery/lac-viet-bistro/HH76tItiT5qGcCX1lJBFrg,lockhart-florida
https://www.ubereats.com/orlando/food-delivery/salads-sandwiches-and-sweets/91ZHa9k8R_S-HTD4jkPNNA,lockhart-florida
https://www.ubereats.com/orlando/food-delivery/sus-hi-eatstation-orlando/0ROlxrEaSX-gnrnTF7EAhA,lockhart-florida
https://www.ubereats.com/orlando/food-delivery/foxtail-coffee-lee-road/5NsXIK9tRLObUQ1doaoHXA,lockhart-florida
https://www.ubereats.com/orlando/food-delivery/millers-ale-house-winter-park-village-lee-rd/uvnlNH3uSF6T-AW_owFZpA,lockhart-florida
https://www.ubereats.com/orlando/food-delivery/ispice-altamonte-dr/Cwive8kVTqOzC2OpCTJMvw,lockhart-florida
https://www.ubereats.com/orlando/food-delivery/bar-louie-winter-park/4fva9ZMhTimid4DtWQnSDw,lockhart-florida
https://www.ubereats.com/orlando/food-delivery/mia-grill/kF4vp8qqT1a6aNxKe_XniA,lockhart-florida
https://www.ubereats.com/orlando/food-delivery/jersey-mikes-n-orlando-ave-%26-george-ave/3pLT32KaRhmG5_DcpZVpJg,lockhart-florida
https://www.ubereats.com/orlando/food-delivery/zaxbys-eatonville/VWnNScAmTeSzxNeytc8o7Q,lockhart-florida
https://www.ubereats.com/orlando/food-delivery/starbucks-renaissance-center/65M3QAnoRxiSs6O4aJA5Ng,lockhart-florida
https://www.ubereats.com/orlando/food-delivery/a-taste-of-life-food-truck/2E5FB7moTninqpD4abbaFA,lockhart-florida
https://www.ubereats.com/orlando/food-delivery/china-taste-orlando/y-qRtj03R1Soo9-FIcMTIA,lockhart-florida
https://www.ubereats.com/orlando/food-delivery/mellow-mushroom-winter-park/mP8FJ_8vTbOAhvg6XKzSGQ,lockhart-florida
https://www.ubereats.com/orlando/food-delivery/the-copper-rocket/Ngu1Nh10RxS901RTpxeaBA,lockhart-florida
https://www.ubereats.com/orlando/food-delivery/college-park-cafe/AaKDMQR1TEmETrHUMdO23A,lockhart-florida
https://www.ubereats.com/orlando/food-delivery/churchs-chicken-845-s-orange-blossom-trail/fq7tWCg3R8-4Y3orr2dgwg,lockhart-florida
https://www.ubereats.com/orlando/food-delivery/juiced/6YRLcumIQMSbVNJDCXTC0g,lockhart-florida
https://www.ubereats.com/orlando/food-delivery/burger-king-744-west-colonial-drive/wHNK8c-LRtuW1WoQ9mh1lw,lockhart-florida
https://www.ubereats.com/orlando/food-delivery/%23746-subway-954-e-altamonte-dr/drJ-S7ylSTiwiHANLcgNgQ,lockhart-florida
https://www.ubereats.com/orlando/food-delivery/pass-progressive-cuisine/jUxB1No1SaK6nminABMYUw,lockhart-florida
https://www.ubereats.com/orlando/food-delivery/boston-coffeehouse/sJUYncQzSY2IqbuY6zrD_g,lockhart-florida
https://www.ubereats.com/orlando/food-delivery/caffe-positanos/TRNpGj7USpGTQveYOO08QA,lockhart-florida
https://www.ubereats.com/orlando/food-delivery/the-toribio-healing-house/9jOe50AMRM6bQ6zcI-Gsdw,lockhart-florida
https://www.ubereats.com/orlando/food-delivery/moes-southwest-grill-altamonte-springs/oXZ_rVfGRNOPqz_PCQw33g,lockhart-florida
https://www.ubereats.com/orlando/food-delivery/wendys-516-e-altamonte/-TxOqLCYTTiWA3S3wMntfQ,lockhart-florida
https://www.ubereats.com/orlando/food-delivery/cold-stone-creamery-229-e-altamonte-dr/ajCAACawSk-5T1FZ2mbWvg,lockhart-florida
https://www.ubereats.com/orlando/food-delivery/charleys-philly-steaks-altamonte-springs/9P4x3dRYSTSsUCRGZaKRPQ,lockhart-florida
https://www.ubereats.com/orlando/food-delivery/pilin-thai/8mMALYBNRJi6gRwajj7_5g,lockhart-florida
https://www.ubereats.com/orlando/food-delivery/greek-to-go/Z8mQsBOIQdOxiXkTDBkG5w,lockhart-florida
https://www.ubereats.com/orlando/food-delivery/cocina-214-winter-park/oSVC6CejQDGfpzPfRiPUFw,lockhart-florida
https://www.ubereats.com/orlando/food-delivery/medellin-burger/zUYa09uiS1-5JSufY7G_BA,lockhart-florida
https://www.ubereats.com/orlando/food-delivery/ceviche-mix/Ieg5Qh2OQwyVz5hxF0M6Hw,lockhart-florida
https://www.ubereats.com/orlando/food-delivery/pizza-hut-1001-n-semoran-blvd/c6e0z_7TQXuLM4hciJKonA,lockhart-florida
https://www.ubereats.com/orlando/food-delivery/lamitie-bakery-and-cafe/6Q_gilFSQ461qJvjOG7-2A,lockhart-florida
https://www.ubereats.com/orlando/food-delivery/mulligans-restaurant-and-bar/V2x3zcJETTmaGkqdapfPhQ,lockhart-florida
https://www.ubereats.com/orlando/food-delivery/toasted-winter-park-fl/oIViNQMgRsSqNbygv_wBMQ,lockhart-florida
https://www.ubereats.com/orlando/food-delivery/swine-%26-sons/mzSZV1-yR1O0YsUOZ3Gi8Q,lockhart-florida
https://www.ubereats.com/orlando/food-delivery/chimiking-restaurant-windermere/wAIz2Qc9RYmhHxghM_qFng,lockhart-florida
https://www.ubereats.com/orlando/food-delivery/popeyes-louisiana-kitchen-600-s-orlando-ave/y8JT6A5URzeEX4aCQIZYQQ,lockhart-florida
https://www.ubereats.com/orlando/food-delivery/mcdonalds-lockhart/LYtQj6PARv2f3CeloOTMQw,lockhart-florida
https://www.ubereats.com/orlando/food-delivery/sushi-burrito-altamonte-springs/Ab9U-nWSRICl8ej-4hJSog,lockhart-florida
https://www.ubereats.com/orlando/food-delivery/amigos-original-tex-mex-altamonte-springs/vUSMhXgXRo-LtznOIYqFWw,lockhart-florida
https://www.ubereats.com/orlando/food-delivery/swededish/jVXFgphlRqCfeOjgJ3O3Lg,lockhart-florida
https://www.ubereats.com/orlando/food-delivery/bento-asian-kitchen-%2B-sushi-orange-ave/rDEd_iP3SfOznCLbsoz44g,lockhart-florida
https://www.ubereats.com/orlando/food-delivery/mediterranean-street-food-by-shishco/DbW3EdFnRWOI3cpS_LThqA,lockhart-florida
https://www.ubereats.com/orlando/food-delivery/dragon-city-orlando/13N28Bx2Qoy-jBt-YV2IIg,lockhart-florida
https://www.ubereats.com/orlando/food-delivery/menchies-frozen-yogurt-1939-aloma-ave/H4hZR28KRcub8HeA71udtg,lockhart-florida
https://www.ubereats.com/orlando/food-delivery/the-magical-taste/_F6DovNfQ_Wc5NK5HXUuAg,lockhart-florida
https://www.ubereats.com/orlando/food-delivery/snow-city/6n8r09irQ2GAJyHS0A9t8w,lockhart-florida
https://www.ubereats.com/orlando/food-delivery/singhs-roti-shop-restaurant-and-bar/dE4Y-sslR0CM3lcpcCgVkQ,lockhart-florida
https://www.ubereats.com/orlando/food-delivery/dunkin-212-e-main-st/bfc45OxaR1ycn510BWo6jg,lockhart-florida
https://www.ubereats.com/orlando/food-delivery/planet-smoothie-winter-park/QslRMTcqSveHjlZOdUdxnw,lockhart-florida
https://www.ubereats.com/orlando/food-delivery/asian-bento-box/0FdIx3dRQRajsHyh0Bt6jg,lockhart-florida
https://www.ubereats.com/orlando/food-delivery/la-campana-mexican/t9V_S08PTxqHsO_MqWlUUg,lockhart-florida
https://www.ubereats.com/orlando/food-delivery/b-cupcakes/hnkl25azRpSOZu7AKmIjpA,lockhart-florida
https://www.ubereats.com/orlando/food-delivery/italian-express/zOgltmEyTjufGpiRCzAmOQ,lockhart-florida
https://www.ubereats.com/orlando/food-delivery/509-caribbean-cuisine/OTGzLI7qSM-_9ZSp5HCBAw,lockhart-florida
https://www.ubereats.com/orlando/food-delivery/jerkmanbbq/Gia1Xlf0QrOWiHXql7WEOQ,lockhart-florida
https://www.ubereats.com/orlando/food-delivery/ihop-7344-w-colonial-dr/u50b-8oMQvGjm2iAPlnMmw,lockhart-florida
https://www.ubereats.com/orlando/food-delivery/chi-kin/gfSaP3gCRIulmZ3Z0Sw9vA,lockhart-florida
https://www.ubereats.com/orlando/food-delivery/midici-the-neapolitan-pizza-company-maitland/azSOdSIiRCGVDFujRVAEPg,lockhart-florida
https://www.ubereats.com/orlando/food-delivery/poke-chop-altamonte-springs/w9RW3iUHQn2bEA72gCMHsA,lockhart-florida
https://www.ubereats.com/orlando/food-delivery/juicy-lucys-wings/EN5_bUaUTrKGT2C7lTmq5Q,lockhart-florida
https://www.ubereats.com/orlando/food-delivery/black-bean-deli-mills-50/jPALRNQTR4CbIxAZbo6PLg,lockhart-florida
https://www.ubereats.com/orlando/food-delivery/mcdonalds-hiawassee/mwsLTkHtSoiYSWQ-qSLCCQ,lockhart-florida
https://www.ubereats.com/orlando/food-delivery/sunshine-chef-bs-foods/9SeseoV2Q4artK2zx2fRqw,lockhart-florida
https://www.ubereats.com/orlando/food-delivery/latin-square-cuisine/MmCqE0GSR1OFj-ydXQjMBQ,lockhart-florida
https://www.ubereats.com/orlando/food-delivery/firehouse-subs-maitland/-rdkVGewQ3uswRmPp4l6Mg,lockhart-florida
https://www.ubereats.com/orlando/food-delivery/smoke-%26-donuts/pARTL-q0Qda1PUar04cpTw,lockhart-florida
https://www.ubereats.com/orlando/food-delivery/ethos-vegan-kitchen/CCiO2b_HScCSKFC12q3esg,lockhart-florida
https://www.ubereats.com/orlando/food-delivery/soho-juice-company-winter-park/2GpMf20PTsWBsv-w_QdtMA,lockhart-florida
https://www.ubereats.com/orlando/food-delivery/joen-korean/2PjKPhXmRO6gGN3nYG1Zlw,lockhart-florida
https://www.ubereats.com/orlando/food-delivery/jersey-mikes-s-orlando-ave-%26-balch-ave/8PKsajFITsuJJKK0vpXQaQ,lockhart-florida
https://www.ubereats.com/orlando/food-delivery/fresh-kitchen-downtown-orlando/EVtqfGIuRlOCudrNsutkkA,lockhart-florida
https://www.ubereats.com/orlando/food-delivery/planet-smoothie-howell/hA3tXkgVSmWKBJauTV47Hw,lockhart-florida
https://www.ubereats.com/orlando/food-delivery/smoothie-king-110-semoran-blvd/DdXaZPlXSg22ByzMgg3czA,lockhart-florida
https://www.ubereats.com/orlando/food-delivery/gateway-to-india-longwood/pd44iCNCQn2IhE39Kr7bkQ,lockhart-florida
https://www.ubereats.com/orlando/food-delivery/imperial-dynasty-restaurant-%E6%9C%9D%E4%BB%A3/7qkSaz3VQ0S-9klwqkYlag,lockhart-florida
https://www.ubereats.com/orlando/food-delivery/mr-snapper-fish-%26-chicken-orlando/5XeWDE71RbuS40KFE7ySSA,lockhart-florida
https://www.ubereats.com/orlando/food-delivery/%2310798-subway-1018-w-state-rd-434/gnRffrlKTnqBAuElaIuC4g,lockhart-florida
https://www.ubereats.com/orlando/food-delivery/panda-express-1710-south-orange-blossom/046VMO_cTgOIu48a_1d-8A,lockhart-florida
https://www.ubereats.com/orlando/food-delivery/froggers-grill-%26-bar-altamonte-springs/5bym59jSS1OqqOzArjS4CA,lockhart-florida
https://www.ubereats.com/orlando/food-delivery/burgeraf-aloma/C4HQS8zURFeYPNY_ayc8Pw,lockhart-florida
https://www.ubereats.com/orlando/food-delivery/grilled-cheezus/kRFod95CRNqtmxLh33MSlA,lockhart-florida
https://www.ubereats.com/orlando/food-delivery/taco-bell-1265-semoran-blvd-casselberry-fl-32707/lRzeakVsSqWr9OdFwJbozg,lockhart-florida
https://www.ubereats.com/orlando/food-delivery/foxtail-coffee-hourglass/j07xSPw1QfKW4Z4tYifJQQ,lockhart-florida
https://www.ubereats.com/orlando/food-delivery/the-ice-cream-shop/2MRbvnoqSQaOnvs_4Spxlg,lockhart-florida
https://www.ubereats.com/orlando/food-delivery/little-greek-apopka/EhRCeBU1REKko9yJPz_QtQ,lockhart-florida
https://www.ubereats.com/orlando/food-delivery/clean-juice-480-orlando-avenue/C0ZYwkbCQb-pmPfQqcD2XQ,lockhart-florida
https://www.ubereats.com/orlando/food-delivery/pizza-hut-767-s-state-road/MZyGHtZqScae_4PO3uyMgQ,lockhart-florida
https://www.ubereats.com/orlando/food-delivery/golden-krust-2753-n-hiawassee-rd/V8esFrOzTfK3njLDmG5vBA,lockhart-florida
https://www.ubereats.com/orlando/food-delivery/ny-pizza-baby-apopka/X1L6PXY9S6yD6kraHm3wjQ,lockhart-florida
https://www.ubereats.com/orlando/food-delivery/shakers-american-cafe/qjxuPNjzSAiofVpQdrzD1g,lockhart-florida
https://www.ubereats.com/orlando/food-delivery/gratitude-coffee/cYqr-IajTHS-ZULxd6wmKw,lockhart-florida
https://www.ubereats.com/orlando/food-delivery/the-ice-cream-shop/MldVI81mR-Kpp5-9RhYJ7Q,lockhart-florida
https://www.ubereats.com/orlando/food-delivery/mad-crab-seafood-and-wings/-ZEMrhXXQhSkm7HLj2otcg,lockhart-florida
https://www.ubereats.com/orlando/food-delivery/dexters-new-standard/A1jjz7oxS2W6ws4sKBjQOA,lockhart-florida
https://www.ubereats.com/orlando/food-delivery/tijuana-flats-longwood/rTmnBxRUSb-erhLlKA6Bbg,lockhart-florida
https://www.ubereats.com/orlando/food-delivery/sticky-rice/I3aMNYbfSYecL-wmXFO0YA,lockhart-florida
https://www.ubereats.com/orlando/food-delivery/snack-shack-by-mr-k/8IgLgoggS2K-TeirP89_OQ,lockhart-florida
https://www.ubereats.com/orlando/food-delivery/mama-lau-%26-oc/s4H-qEefSU6enTL9n3deDA,lockhart-florida
https://www.ubereats.com/orlando/food-delivery/office-bar-and-grill/i4DwLRmpQBCfSGgDlz5j_A,lockhart-florida
https://www.ubereats.com/orlando/food-delivery/tin-%26-taco-fairbanks-ave/jZ0SyNcnRLCbtoR9JPDAPQ,lockhart-florida
https://www.ubereats.com/orlando/food-delivery/wa-sushi/BFdj2EOUSjewIRy7KDW8-w,lockhart-florida
https://www.ubereats.com/orlando/food-delivery/the-ice-cream-shop/vUIQgaZ_RxG3snGfZXSEYQ,lockhart-florida
https://www.ubereats.com/orlando/food-delivery/sobiks-subs-apopka/kXbBO7SBSqC1_xA6llKSOA,lockhart-florida
https://www.ubereats.com/orlando/food-delivery/ellie-lous-brews-%26-bbq/0wa7BVCHSTGAZeQWSE4LYw,lockhart-florida
https://www.ubereats.com/orlando/food-delivery/pizza-hut-241-n-hunt-club-blvd-ste-141/QHXuKJrSThyVz0jEXxcukA,lockhart-florida
https://www.ubereats.com/orlando/food-delivery/birdy-kitchen/4jbgNebORZGZOLb6X1gIKQ,lockhart-florida
https://www.ubereats.com/orlando/food-delivery/chai-thai-cuisine/rinbxj40TTuZH5LkSpgQ5w,lockhart-florida
https://www.ubereats.com/orlando/food-delivery/mediterranean-gourmet-altamonte-springs/p7QpsbBiSGSMiC-9bKbd5A,lockhart-florida
https://www.ubereats.com/orlando/food-delivery/cheers-altamonte-springs/I8oRQ3z8TXODVhIeP_Zt8w,lockhart-florida
https://www.ubereats.com/orlando/food-delivery/black-rooster-taqueria/nwstURuoRneJgZyzvkB58g,lockhart-florida
https://www.ubereats.com/orlando/food-delivery/a-vegan-spot-winter-park-fl/8oDOmgx1S4i2r59QBsiPWQ,lockhart-florida
https://www.ubereats.com/orlando/food-delivery/burgerfi-winter-garden/m8wmVCd-Qv2Kb8SxWQbgPw,lockhart-florida
https://www.ubereats.com/orlando/food-delivery/another-broken-egg-410-north-orlando-ave-suite-n100a/ioJgEnsdTQGb6t019fIKcQ,lockhart-florida
https://www.ubereats.com/orlando/food-delivery/dunkin-801-lee-rd/Ve9Yu-tbTo62bZhqhnmAfQ,lockhart-florida
https://www.ubereats.com/orlando/food-delivery/pooks-sauce-shack/pXBvp_PVQQ6mKIUFRouh0w,lockhart-florida
https://www.ubereats.com/orlando/food-delivery/backyard-burgers-altamonte-springs/i8TfbJTDTyuh8SFxBoWR-w,lockhart-florida
https://www.ubereats.com/orlando/food-delivery/metro-diner-altamonte-springs/54Qm9sqLR3qcHXIP_z2Sqg,lockhart-florida
https://www.ubereats.com/orlando/food-delivery/domu-east-end/uxR1UH1CRvCBrkTgtIoDqA,lockhart-florida
https://www.ubereats.com/orlando/food-delivery/san-joses-original-mexican-restaurant/wVD9Db3cSUOJTCLLI5y1LA,lockhart-florida
https://www.ubereats.com/orlando/food-delivery/red-line-kremas/i76m-FPaQNq6xDJDKn7eqQ,lockhart-florida
https://www.ubereats.com/orlando/food-delivery/philly-connection/uuLXsITARwyPd85kDH7LMQ,lockhart-florida
https://www.ubereats.com/orlando/food-delivery/jacked-up-vegan/gkbef2CmTp6PJn8X2N4ilw,lockhart-florida
https://www.ubereats.com/orlando/food-delivery/pierres-kitchen/EgkVmZyqThq4mlBnR5j1hA,lockhart-florida
https://www.ubereats.com/orlando/food-delivery/chipotle-mexican-grill-525-s-orlando-ave/pgYJrIerSMO7M1ZJruL9ig,lockhart-florida
https://www.ubereats.com/orlando/food-delivery/china-grill-orlando/4CTQsavxQIGqoANRDDj5AQ,lockhart-florida
https://www.ubereats.com/orlando/food-delivery/applebees-3315-south-us-hwy-17-92/HYIBiCQTR72_nOZZ1g1u3A,lockhart-florida
https://www.ubereats.com/orlando/food-delivery/rosemont-pizza/J6v5d_7cR_mAo30P2mO6sA,lockhart-florida
https://www.ubereats.com/orlando/food-delivery/mcdonalds-park-wood/-g0myUgCQlCTAJvrCoCAkg,lockhart-florida
https://www.ubereats.com/orlando/food-delivery/u-roll-sushi-pine-street/2q4qP8qAQzyMbshlJJ4cnA,lockhart-florida
https://www.ubereats.com/orlando/food-delivery/halal-gyro-%26-cheesesteak/BjwgSiNrQC2-_0ThfAILLg,lockhart-florida
https://www.ubereats.com/orlando/food-delivery/little-haiti/uys4-XeJRlWXNVsDYjzhGw,lockhart-florida
https://www.ubereats.com/orlando/food-delivery/tasty-wok/VDLWUXk3SciYmTVU4th2GA,lockhart-florida
https://www.ubereats.com/orlando/food-delivery/the-ice-cream-shop/oLkGe4HOTMyGlX0faZgI8A,lockhart-florida
https://www.ubereats.com/orlando/food-delivery/island-vibez-restaurant/0-wLTNZfRE61GWrRwD7cZw,lockhart-florida
https://www.ubereats.com/orlando/food-delivery/ruths-chris-steak-house-610-n-orlando-avenue/yHah-KMwR8u0Zf4A0G8_pw,lockhart-florida
https://www.ubereats.com/orlando/food-delivery/china-wah-on/brovBMMXRDmVr0jhd8PmYQ,lockhart-florida
https://www.ubereats.com/orlando/food-delivery/bob-evans-190-385-state-route-436/opV6DdsUQRCkYjoXAD-_bw,lockhart-florida
https://www.ubereats.com/orlando/food-delivery/pizza-hut-south-orange/sKkUHu46QfC-YPhwGOJp8w,lockhart-florida
https://www.ubereats.com/orlando/food-delivery/da-kine-poke/ZR0wtMtTTPi2vHULIXjGNg,lockhart-florida
https://www.ubereats.com/orlando/food-delivery/duffys-sports-grill-altamonte-springs/63dQfZuPRnOVVmVLqm5utw,lockhart-florida
https://www.ubereats.com/orlando/food-delivery/jaber-lebanese-cuisine/xQsOyRouT1GiS1HwGxvhoA,lockhart-florida
https://www.ubereats.com/orlando/food-delivery/tokyo-ramen-fusion-cuisine/2c-As51TQAabF21cEFPmqg,lockhart-florida
https://www.ubereats.com/orlando/food-delivery/izziban-sushi-%26-bbq-w-colonial-dr/6nTeMVWyTIySeYoDjBbJeQ,lockhart-florida
https://www.ubereats.com/orlando/food-delivery/quickly-boba-%26-snow-orlando/MjjSuhd0TtqJHN6YMZajFQ,lockhart-florida
https://www.ubereats.com/orlando/food-delivery/taco-bell-5400-n-orange-blossom-trail/f7_xqtoeT7OPq7eJ3eOl9A,lockhart-florida
https://www.ubereats.com/orlando/food-delivery/taqueria-el-alacran-758-s-bluford-ave/WRlsVTk4R0aFFPyiDQfT5w,lockhart-florida
https://www.ubereats.com/orlando/food-delivery/wendys-3011-n-john-young-pkwy/WbdG8edaRXW9IrkGX5nm5w,lockhart-florida
https://www.ubereats.com/orlando/food-delivery/suva-kava-lounge/tUapTEbWQayvGsMOZ7tCUg,lockhart-florida
https://www.ubereats.com/orlando/food-delivery/gillys-phillys/f2e18JhBQjuKyh3Vt_y0dw,lockhart-florida
https://www.ubereats.com/orlando/food-delivery/pei-wei-3011-e-colonial-dr-suite-b/JBhgGAJRQ4iVjoleWCjgGA,lockhart-florida
https://www.ubereats.com/orlando/food-delivery/taco-bell-6611-west-colonial-drive/Af1xnFf-Qji61gXbl3KsJw,lockhart-florida
https://www.ubereats.com/orlando/food-delivery/krispy-kreme-s-orlando-ave-%26-miller-ave/vn0rSaKJTda8kAVLcyI1oQ,lockhart-florida
https://www.ubereats.com/orlando/food-delivery/rays-fish-and-chips/CzUoHJBORWaqiTMiMJRTSA,lockhart-florida
https://www.ubereats.com/orlando/food-delivery/munch-2-go/LKs_b8PsT26Q8RjQKTF61A,lockhart-florida
https://www.ubereats.com/orlando/food-delivery/tijuana-flats-casselberry/EcpWefdnSTO3A08818oCxg,lockhart-florida
https://www.ubereats.com/orlando/food-delivery/sunny-mini-mart/QBPyGS_GRoC9tp90_hMysA,lockhart-florida
https://www.ubereats.com/orlando/food-delivery/gabriels-sub-shop/0derTNMfTRyKDmeWEyBjOg,lockhart-florida
https://www.ubereats.com/orlando/food-delivery/ihop-west-orlando/Kn5wJJbZT_WnxZma2J-77A,lockhart-florida
https://www.ubereats.com/orlando/food-delivery/applebees-2503-south-kirkman-rd/b_jKSZ9DRPy4tbK3_45JFQ,lockhart-florida
https://www.ubereats.com/orlando/food-delivery/otown-burgers-n-wings-halal/M5nSpO1xSwKqPnomxIMbNA,lockhart-florida
https://www.ubereats.com/orlando/food-delivery/el-potro-winter-park/vaBMXBT6SP2aKqwTwBtmsg,lockhart-florida
https://www.ubereats.com/orlando/food-delivery/new-texas-fried-chicken/U227CQ9yQyqYXjY0qTWG6w,lockhart-florida
https://www.ubereats.com/orlando/food-delivery/vivi-bubble-tea-mills-50/OsHv9rP8Qqea64CUwopFqA,lockhart-florida
https://www.ubereats.com/orlando/food-delivery/pei-wei-355-e-altamonte-drive-%23100/BN-Rt_0bRNqzjZMIFIgGVw,lockhart-florida
https://www.ubereats.com/orlando/food-delivery/firebirds-wood-fired-grill-1562-n-mills-ave/DIIaztSETpWr139-Yim5ZQ,lockhart-florida
https://www.ubereats.com/orlando/food-delivery/hurricane-grill-%26-wings-apopka/WslQcq2RSZCx7cxXkHt9lQ,lockhart-florida
https://www.ubereats.com/orlando/food-delivery/dog-house/joyYifkzRKWr-eTy4BkChA,lockhart-florida
https://www.ubereats.com/orlando/food-delivery/reys-cuban-cafe/ME36RqyCRACBSn9v7FiCzA,lockhart-florida
https://www.ubereats.com/orlando/food-delivery/first-watch-maitland/FxlBo04zSjKCm4JuQvBbrw,lockhart-florida
https://www.ubereats.com/orlando/food-delivery/cicis-pizza-10151-w-colonial-dr/yH8pZaj0QzqUkvXBHAQDsA,lockhart-florida
https://www.ubereats.com/orlando/food-delivery/better-than-sex-a-dessert-restaurant-orlando/-LWcywYtT4ukJrV_QInkew,lockhart-florida
https://www.ubereats.com/orlando/food-delivery/little-greek-fresh-grill-winter-park/2aIaHDQlT7OJ3-24GZrA7g,lockhart-florida
https://www.ubereats.com/orlando/food-delivery/wendys-5115-w-colonial-dr/ejJmjuqfTxG_27vvJMRalQ,lockhart-florida
https://www.ubereats.com/orlando/food-delivery/kfc-349-semoran-boulevard/l14rfnkRQ1Wvdz1r8QzZDw,lockhart-florida
https://www.ubereats.com/orlando/food-delivery/ny-pizza-baby-winter-park/wBptWaRJQBKOv9n5_jlxSg,lockhart-florida
https://www.ubereats.com/orlando/food-delivery/blaze-pizza-501-n-orlando-ave-suite-229/i_drIBXLTN69BfHmWUS2rw,lockhart-florida
https://www.ubereats.com/orlando/food-delivery/aladdins-cafe/m0zo0cSuRIe3h51-5TT-ng,lockhart-florida
https://www.ubereats.com/orlando/food-delivery/dunkin-5422-n-orange-blossom-trl/ldBBWzCbS4qlLtsK8nXP3g,lockhart-florida
https://www.ubereats.com/orlando/food-delivery/churchs-chicken-6234-west-colonial-drive/GKS_W4FNTq6T9Th6v2QLOg,lockhart-florida
https://www.ubereats.com/orlando/food-delivery/flippers-pizzeria-sodo/FBYS4FCMSUKKNOG6JOcuhA,lockhart-florida
https://www.ubereats.com/orlando/food-delivery/ihop-colonial-drive/1g9Si0EXTjSFddMNPZ87sQ,lockhart-florida
https://www.ubereats.com/orlando/food-delivery/little-greek-altamonte-springs/QpCYduXXRtm_91xNhEaDdQ,lockhart-florida
https://www.ubereats.com/orlando/food-delivery/cecils-texas-style-bbq/Zs3NKpyiTFq0fdoe6nevMQ,lockhart-florida
https://www.ubereats.com/orlando/food-delivery/the-ice-cream-shop/iIunbTDkTROEjtAb_CxNiQ,lockhart-florida
https://www.ubereats.com/orlando/food-delivery/qdoba-mexican-eats-altamonte-springs/Lu30aknGSLyF87kV8DENfg,lockhart-florida
https://www.ubereats.com/orlando/food-delivery/cholo-dogs/5vNmW7NaTBWYWcGxOBFlOg,lockhart-florida
https://www.ubereats.com/orlando/food-delivery/royal-tea/24AIKUwPTWSgUci0f4XJ0Q,lockhart-florida
https://www.ubereats.com/orlando/food-delivery/belanger-bagels/W18EPmkzR_G3ZELzCEixHw,lockhart-florida
https://www.ubereats.com/orlando/food-delivery/starbucks-thornton-park/JXNZ-sPDTQevikWssPatTw,lockhart-florida
https://www.ubereats.com/orlando/food-delivery/tin-%26-taco-sodo-district/cSkVO4yHQ6-3eKK9CCjySQ,lockhart-florida
https://www.ubereats.com/orlando/food-delivery/brick-house-pisa-pizza/U9oLlUqdSnqUSG_feVIe6Q,lockhart-florida
https://www.ubereats.com/orlando/food-delivery/carieras-fresh-italian/JFO7cVu1RLqcpWDGGDHjTA,lockhart-florida
https://www.ubereats.com/orlando/food-delivery/%2333740-subway-150-cranes-roost-blvd/_dafnShwSSWdJi8ZYM1DmQ,lockhart-florida
https://www.ubereats.com/orlando/food-delivery/starbucks-us-441-%26-hiawassee-rd/INW9Y7x6TYOOFtpn3aXT_A,lockhart-florida
https://www.ubereats.com/orlando/food-delivery/first-watch-mills-park/2klYwNcFTk-qbW6J3pXEuQ,lockhart-florida
https://www.ubereats.com/orlando/food-delivery/he-hop-chinese-restaurant/gBDZLaNBSL6ziBwQmB6SBA,lockhart-florida
https://www.ubereats.com/orlando/food-delivery/bubbalous-bbq-altamonte-springs/MUZCotFbRJWwA6x1b-GbOw,lockhart-florida
https://www.ubereats.com/orlando/food-delivery/winter-garden-pizza-company/wIt-3pmISKCsFlGT5PXYwQ,lockhart-florida
https://www.ubereats.com/orlando/food-delivery/jersey-mikes-s-state-rd-434-%26-gateway-dr/WWuyjJWdSe2bxbaXzHMLfA,lockhart-florida
https://www.ubereats.com/orlando/food-delivery/papa-johns-675-north-orlando-avenue/hhTW93NATse_Yh9flD8lHQ,lockhart-florida
https://www.ubereats.com/orlando/food-delivery/pizza-hut-2702-n-pine-hills-rd/HH8XifVQRp2qQPSfutR80A,lockhart-florida
https://www.ubereats.com/orlando/food-delivery/spring-rolls-chineese-restaurant-orlando/0mrmgfzsRou_p6Ea1vlTiA,lockhart-florida
https://www.ubereats.com/orlando/food-delivery/outback-steakhouse-990-north-state-road-434/zip94P2qR86mvdkMK188Bw,lockhart-florida
https://www.ubereats.com/orlando/food-delivery/caribbean-sunshine-bakery/9zY02dGyTd-oZN5ZQWqLkQ,lockhart-florida
https://www.ubereats.com/orlando/food-delivery/sea-thai-restaurant/QbzmdD-aRF6INHUvQEKl3w,lockhart-florida
https://www.ubereats.com/orlando/food-delivery/kekes-breakfast-cafe-longwood/jtiuTS_qQMek7PHgTnFRmQ,lockhart-florida
https://www.ubereats.com/orlando/food-delivery/kumo-asian-kitchen/TE446IhDRAqeIyzIpDs18Q,lockhart-florida
https://www.ubereats.com/orlando/food-delivery/zaxbys-apopka/6eAwEbuXTaisVMuXUdWaaQ,lockhart-florida
https://www.ubereats.com/orlando/food-delivery/boku-sushi-%26-grill/6vA7oD5sQ46WyZnA4frFHw,lockhart-florida
https://www.ubereats.com/orlando/food-delivery/tibbys-new-orleans-kitchen-winter-park/MhknbfMJQt221KMPLQL06g,lockhart-florida
https://www.ubereats.com/orlando/food-delivery/college-park-bistro/yJ_qTflkRny_xApOCC_9wA,lockhart-florida
https://www.ubereats.com/orlando/food-delivery/wing-squad-maitland/jyDThNIPThW50Oh4eec1pw,lockhart-florida
https://www.ubereats.com/orlando/food-delivery/big-glenns-bbq-and-seafood/4pBkc52-Q9uKjGxBi6t6nQ,lockhart-florida
https://www.ubereats.com/orlando/food-delivery/pure-green-winter-park/VfaH7yMJTy6Mdq7pG57WBA,lockhart-florida
https://www.ubereats.com/orlando/food-delivery/lombardis-seafood/IwFybc7_QWuJaWkC_qHoEw,lockhart-florida
https://www.ubereats.com/orlando/food-delivery/colibri-mexican-cuisine/BJupRa86R_efQ8hj6ytL0Q,lockhart-florida
https://www.ubereats.com/orlando/food-delivery/new-york-deli-subs/XZ63RWuNRGGd7l395tQiYA,lockhart-florida
https://www.ubereats.com/orlando/food-delivery/kobe-japanese-steakhouse-%26-sushi-bar-altamonte-springs/oW7ZjJbATBOR4BRqST5V5A,lockhart-florida
https://www.ubereats.com/orlando/food-delivery/407-gelato/IjRqTuWuTveMCUufbNXioA,lockhart-florida
https://www.ubereats.com/orlando/food-delivery/huey-magoos-chicken-tenders-altamonte-springs/pEfgXjE5TVSZh7-gQU4DEw,lockhart-florida
https://www.ubereats.com/orlando/food-delivery/ny-best-pizza/wY6QLQ0ES_SenkQsUNlzLw,lockhart-florida
https://www.ubereats.com/orlando/food-delivery/taco-bell-257-west-fountains-blvd/6ff1aWmcT5yud3y6Jo4ZiA,lockhart-florida
https://www.ubereats.com/orlando/food-delivery/jeremiahs-italian-ice-college-park/7dDNwnKRQQ6kgEW00qHUig,lockhart-florida
https://www.ubereats.com/orlando/food-delivery/smokey-bones-fashion-sq/6-1Ep9r5S56o9TSr3Dw1JQ,lockhart-florida
https://www.ubereats.com/orlando/food-delivery/mykonos-authentic-greek-cuisine/4AZ5h2d-QuG-0O-jIzsvLg,lockhart-florida
https://www.ubereats.com/orlando/food-delivery/power-house-cafe/9vHrX9ZpT160SHJDS3yGeQ,lockhart-florida
https://www.ubereats.com/orlando/food-delivery/terramia-ristorante/MMX4A1kjTkCATsvEzdwOpw,lockhart-florida
https://www.ubereats.com/orlando/food-delivery/burger-king-2600-dardanelle-drive/ovy9dckkSqyYhUyVARD82A,lockhart-florida
https://www.ubereats.com/orlando/food-delivery/mcdonalds-lakemont/05z8bJoFT3a5MqYmm48P8g,lockhart-florida
https://www.ubereats.com/orlando/food-delivery/pickles-new-york/Ga7JFLl4Qk6Web0C8eZ4vA,lockhart-florida
https://www.ubereats.com/orlando/food-delivery/firehouse-subs-3309-e-sr-436/bwSjMy7xQXCcrKl8S7M2og,lockhart-florida
https://www.ubereats.com/orlando/food-delivery/rincon-montanero/9c-65BmbR1Gfdxd-YkG4aQ,lockhart-florida
https://www.ubereats.com/orlando/food-delivery/pop-thai-restaurant/r4hQ2JznToaG8yJsNZ2MYg,lockhart-florida
https://www.ubereats.com/orlando/food-delivery/mee-thai-restaurant/vAq-ZshkTvScSGT4V7JWQg,lockhart-florida
https://www.ubereats.com/orlando/food-delivery/duck-%26-drake-kitchen/bBTHkTEPQxqCWAm2HLMCLw,lockhart-florida
https://www.ubereats.com/orlando/food-delivery/tori-tori/VXdBaKZBSy2qzmJfJU5dBA,lockhart-florida
https://www.ubereats.com/orlando/food-delivery/cafe-trastevere/biBTNXwgShWqAuoZeadnkg,lockhart-florida
https://www.ubereats.com/orlando/food-delivery/something-fishy/H2zKWF6wTxWQfLA9XaIv4A,lockhart-florida
https://www.ubereats.com/orlando/food-delivery/what-a-rib-bbq/wd6zgrMFQFSQrUEk4iwMmw,lockhart-florida
https://www.ubereats.com/orlando/food-delivery/chipotle-mexican-grill-400-w-state-road-436/VUvi_PlhQUyXus3pP4lPnw,lockhart-florida
https://www.ubereats.com/orlando/food-delivery/mcdonalds-pine-hills/s7VyzCEyS6uJ61MsvAonlQ,lockhart-florida
https://www.ubereats.com/orlando/food-delivery/exotic-empanadas/H5kEVSlmSlWayG6y5874VQ,lockhart-florida
https://www.ubereats.com/orlando/food-delivery/choulala/ts3Y1U38RsiI8e7dgQvGUg,lockhart-florida
https://www.ubereats.com/orlando/food-delivery/quickly-bistro-%26-boba/cgaUvROMS4GDL0QuZ3IPSw,lockhart-florida
https://www.ubereats.com/orlando/food-delivery/wendys-1650-w-orange-blossom-trail/Ny1vtID-Q8ewRfgVNIVGqw,lockhart-florida
https://www.ubereats.com/orlando/food-delivery/wako-taco-longwood/BvbQqe2GTZ-oyJLOnnoi2Q,lockhart-florida
https://www.ubereats.com/orlando/food-delivery/nicks-pizza/bZK0jP2fSkSiXFKhb5LmpA,lockhart-florida
https://www.ubereats.com/orlando/food-delivery/reggae-riddim-jamaican-restaurant/1bGtqxFvSXiWIvSM_inQNw,lockhart-florida
https://www.ubereats.com/orlando/food-delivery/thai-cafe/FtWrw3V8RQuWsKrj1iEwmA,lockhart-florida
https://www.ubereats.com/orlando/food-delivery/tijuana-flats-e-colonial/8laeIHDIQ1ar4UX10NXoAw,lockhart-florida
https://www.ubereats.com/orlando/food-delivery/new-york-deli/O_fPBA_TQqmv6dn32TW5PA,lockhart-florida
https://www.ubereats.com/orlando/food-delivery/tijuana-flats-apopka/riHS-rw9SPqUGY5aMVE0Yg,lockhart-florida
https://www.ubereats.com/orlando/food-delivery/hot-asian-buns/2e92CwL0TbWvVyx6P6xu_w,lockhart-florida
https://www.ubereats.com/orlando/food-delivery/hungry-howies-kirkman/k3rTC_C8RRKIJBhK5ys2pg,lockhart-florida
https://www.ubereats.com/orlando/food-delivery/grounding-roots/S9EUT119TfWfFtIBwggufA,lockhart-florida
https://www.ubereats.com/orlando/food-delivery/mediterranean-gourmet/mWECIJtKQYaVzgU7jHtZYg,lockhart-florida
https://www.ubereats.com/orlando/food-delivery/bellas-italian-restaurant-%26-pizzeria/eEaifshgRuOJu_6ymRuQmg,lockhart-florida
https://www.ubereats.com/orlando/food-delivery/breakfast-club-of-ocoee/7PMlErTNT2yDKdLRugjZUA,lockhart-florida
https://www.ubereats.com/orlando/food-delivery/u-roll-express-altamonte-dr/4jb9kC5pSmuWPaXt_xtdEg,lockhart-florida
https://www.ubereats.com/orlando/food-delivery/adriatico-trattoria-italiana/NHXPbt0DTPuu4mKFHWj3kA,lockhart-florida
https://www.ubereats.com/orlando/food-delivery/thai-cuisine-restaurant/CP8z86IMQ0eWdRCr-wFACA,lockhart-florida
https://www.ubereats.com/orlando/food-delivery/alacran-mexican-restaurant/9ry3pjbnSeqyO5JrTc3yjQ,lockhart-florida
https://www.ubereats.com/orlando/food-delivery/tako-cheena-john-young/zSsMRC2rT5i97jKRlg_4xg,lockhart-florida
https://www.ubereats.com/orlando/food-delivery/starbucks-bear-lake-rd-%26-sr-436/NQ8boyuoSUu_ITCRL32rvQ,lockhart-florida
https://www.ubereats.com/orlando/food-delivery/the-local-bar-%26-grill/2qUQIJZVRjGrcxy80L2bzw,lockhart-florida
https://www.ubereats.com/orlando/food-delivery/jersey-mikes-e-altamonte-dr-%26-golf-dr/XRPcicPVTwizCRHoyK4QNQ,lockhart-florida
https://www.ubereats.com/orlando/food-delivery/barbeque-bbq-boyz/ILCwWrKhRLq7OhfzuL3lLQ,lockhart-florida
https://www.ubereats.com/orlando/food-delivery/burger-king-3010-semoran-boulevard/6g5DatnpRCSjVTkBthjb0Q,lockhart-florida
https://www.ubereats.com/orlando/food-delivery/ipho-2-noodle-house-maitland/TjOXcRMTQsuOrBr6spZ06w,lockhart-florida
https://www.ubereats.com/orlando/food-delivery/subway-1569-e-silver-star-rd/Fu7rH0foShK3q-rMMc-tgA,lockhart-florida
https://www.ubereats.com/orlando/food-delivery/izziban-sushi-%26-bbq-e-colonial-dr/Ohu5UAxbSXCyo-cgURFi1w,lockhart-florida
https://www.ubereats.com/orlando/food-delivery/wendys-601-executive-park-court/1D96jj_mSlOveyLYiMOTNg,lockhart-florida
https://www.ubereats.com/orlando/food-delivery/el-potro-mexican-restaurant/xMpA-2p-S_y9RVqveYFKTQ,lockhart-florida
https://www.ubereats.com/orlando/food-delivery/shin-japanese-cuisine-orlando/uXG1KlstRAe345f1xRWCmA,lockhart-florida
https://www.ubereats.com/orlando/food-delivery/dennys-255-e-altamonte-dr/4LebYplJQT2vMvT0FxhZyA,lockhart-florida
https://www.ubereats.com/orlando/food-delivery/red-lobster-7373-w-colonial-drive/8mUumHGtTrye0cCTAIQnBA,lockhart-florida
https://www.ubereats.com/orlando/food-delivery/polochicken-best-in-town-restaurant/VCUzGKecQYKY5Dc1O8J3eg,lockhart-florida
https://www.ubereats.com/orlando/food-delivery/oleys-kitchen-%26-bbq/dBo8brA_TbiuSOLikjmhSg,lockhart-florida
https://www.ubereats.com/orlando/food-delivery/peterbrooke-chocolatier-of-winter-park/s48w5lrYRsKHujEz6M5RYg,lockhart-florida
https://www.ubereats.com/orlando/food-delivery/hurricane-grill-%26-wings-longwood/Jq5yoBF5QmCJzWvkbdAnyg,lockhart-florida
https://www.ubereats.com/orlando/food-delivery/chipotle-mexican-grill-10149-w-colonial-dr/pcOhG27HShK3SxBbQPJvoQ,lockhart-florida
https://www.ubereats.com/orlando/food-delivery/%237773-subway-380-s-state-rd-434/qZh0ahOdQxG-VQXja_TuMA,lockhart-florida
https://www.ubereats.com/orlando/food-delivery/city-pub/Ok6bdShyTJ2CAy_WJeSKZw,lockhart-florida
https://www.ubereats.com/orlando/food-delivery/outback-steakhouse-4845-south-kirkman-road/Y15ae-HKTt2qDtAqrYJgLA,lockhart-florida
https://www.ubereats.com/orlando/food-delivery/wawa-5112-1615-s-orange-blossom-trail/_MT9E4TKT_OgXbfU6WThuw,lockhart-florida
https://www.ubereats.com/orlando/food-delivery/checkers-355-e-main-street/GIs1yOfETsmJYBN_-gaXpw,lockhart-florida
https://www.ubereats.com/orlando/food-delivery/checkers-7551-s-17-92-highway/lus33IZDROKQ4qEdemn6gQ,lockhart-florida
https://www.ubereats.com/orlando/food-delivery/back-room-steakhouse-apopka/HBHavJt1TxS00zUq1Ps9_w,lockhart-florida
https://www.ubereats.com/orlando/food-delivery/the-fat-lamb/ItpbJL-GRziDnR3Bg-tuLQ,lockhart-florida
https://www.ubereats.com/orlando/food-delivery/taco-bell-451-altamonte-avenue/eir-hJPmS_WAh8Awzy3lFQ,lockhart-florida
https://www.ubereats.com/orlando/food-delivery/vitality-bowls-8014-conroy-windermere-rd/fvt1H0aURoGoErdS-f4phw,lockhart-florida
https://www.ubereats.com/orlando/food-delivery/taco-bell-495-w-state-rd-436/QVC2Nk9hSJSy40OGOUEA4Q,lockhart-florida
https://www.ubereats.com/orlando/food-delivery/mcdonalds-arnold-palmer-dr-%26-kirkman-dr/sIu3ZfHiRKS6xmd2YQk47w,lockhart-florida
https://www.ubereats.com/orlando/food-delivery/san-miguel-mexican-grill/F9AJI-FKSCy17_Fjr6aMAw,lockhart-florida
https://www.ubereats.com/orlando/food-delivery/tijuana-flats-college-park/nPDfW52STdWNfISF41PTig,lockhart-florida
https://www.ubereats.com/orlando/food-delivery/cfs-winter-park/3AKLHGogTEeqkZegZTznZA,lockhart-florida
https://www.ubereats.com/orlando/food-delivery/j-caribbean-cuisine/i5vweGaOScmZhqbeFrhnlQ,lockhart-florida
https://www.ubereats.com/orlando/food-delivery/outpost-neighborhood-kitchen-orlando/n0xFOGfeSS6CHDUeyw2jxQ,lockhart-florida
https://www.ubereats.com/orlando/food-delivery/the-soda-fountain/ksicD-tgRqm5_E6BE3u5gQ,lockhart-florida
https://www.ubereats.com/orlando/food-delivery/what-a-rib-bbq-%26-soul-food/738HIUq9TmyVRMvqzFrLBw,lockhart-florida
https://www.ubereats.com/orlando/food-delivery/krispy-krunchy-chicken-our-c-restaurant/Sev_vzi3Rheoh7TZoTpyYg,lockhart-florida
https://www.ubereats.com/orlando/food-delivery/panaderia-la-mexicana/55tJmDK7TrG7mGWh_x9uag,lockhart-florida
https://www.ubereats.com/orlando/food-delivery/yoyo-dogs-%26-catering/LTXIuMkSQWi4BgVYie-3UQ,lockhart-florida
https://www.ubereats.com/orlando/food-delivery/hungry-howies-winter-park/87ztALDAR4aWhRv4TTTkOA,lockhart-florida
https://www.ubereats.com/orlando/food-delivery/dunkin-2000-s-orange-ave/IMnXS1h7QZyfhXVA3cLN_w,lockhart-florida
https://www.ubereats.com/orlando/food-delivery/gypsy-remedy-recipes/bMS5qKUKTJO9cQMFejsFjQ,lockhart-florida
https://www.ubereats.com/orlando/food-delivery/le-cafe-de-paris/QU-DEImvTO2TMH7qtYMjKw,lockhart-florida
https://www.ubereats.com/orlando/food-delivery/4-rivers-smokehouse-winter-park/_tyDvr1aRzWG5I4mUTWL3A,lockhart-florida
https://www.ubereats.com/orlando/food-delivery/chic-n-gyro/I4fatYv0Q7W_v2kBkI6yFg,lockhart-florida
https://www.ubereats.com/orlando/food-delivery/purple-ocean-superfood-bar/2gzwnFyfTju60bvSDEHDEw,lockhart-florida
https://www.ubereats.com/orlando/food-delivery/buca-di-beppo-s-orlando-ave-%26-circle-dr/l5lNBqP1SfqIwnOguaVlmw,lockhart-florida
https://www.ubereats.com/orlando/food-delivery/le-macaron-french-pastries-winter-park/IDYfS1rZTaatEaofYTle9Q,lockhart-florida
https://www.ubereats.com/orlando/food-delivery/gelato-go-orlando/3YAZ53ZhS6iqZXR1kHSiSA,lockhart-florida
https://www.ubereats.com/orlando/food-delivery/starbucks-colonial-plaza/owO1GdYrSDGuoB7fvaALug,lockhart-florida
https://www.ubereats.com/orlando/food-delivery/firehouse-subs-longwood/fQV4_Tg5QIGYzbFVxFqZrw,lockhart-florida
https://www.ubereats.com/orlando/food-delivery/peters-kitchen-china-bistro/5Ffr5n4gQaq5dUxHUYZ0TA,lockhart-florida
https://www.ubereats.com/orlando/food-delivery/bamboo-asian-cuisine/b0wg_9e0RAasBeTV-nIi6g,lockhart-florida
https://www.ubereats.com/orlando/food-delivery/tijuana-flats-hunt-club/KxuKr2glR5eewod65eQ5og,lockhart-florida
https://www.ubereats.com/orlando/food-delivery/burger-king-450-s-orlando-avenue/eUGZe_x_Q4-SHMPtxyT7uA,lockhart-florida
https://www.ubereats.com/orlando/food-delivery/pasquallys-pizza-%26-wings-541-w-hwy-436/Dxw_-I5FQ56hI24Ammyzug,lockhart-florida
https://www.ubereats.com/orlando/food-delivery/maitland-breakfast-club/yP5Bw616RNW44UDbvPkpHg,lockhart-florida
https://www.ubereats.com/orlando/food-delivery/due-amici-italian-wine-bar-%26-restaurant/SWEThLXERYOb21RTL_5j_w,lockhart-florida
https://www.ubereats.com/orlando/food-delivery/bento-asian-kitchen-%2B-sushi-orlando-ave/DYTJkK66SUCI3bq8tyBiGg,lockhart-florida
https://www.ubereats.com/orlando/food-delivery/jam-eng-jamaican-and-english/3L_l9g1mRdemZV0uZdtKYw,lockhart-florida
https://www.ubereats.com/orlando/food-delivery/taco-bell-4225-e-colonial-drive/pik9WgC4SxGSoDadw9cSXQ,lockhart-florida
https://www.ubereats.com/orlando/food-delivery/circle-k-700-s-kirkman-rd/kaTWDIVfQT2D2wHrt_SglQ,lockhart-florida
https://www.ubereats.com/orlando/food-delivery/jeremiahs-italian-ice-winter-park/ComirthAQb2ZjAH3kXaJEA,lockhart-florida
https://www.ubereats.com/orlando/food-delivery/taco-bell-690-s-orlando-ave/u1x4uBT4R0u3jYVWc_rB2w,lockhart-florida
https://www.ubereats.com/orlando/food-delivery/the-hangry-bison/5Y-V0QdQQRevx2c9wYfYig,lockhart-florida
https://www.ubereats.com/orlando/food-delivery/kobe-japanese-steakhouse-longwood/jg2VTquUTsyT391VHjR7FQ,lockhart-florida
https://www.ubereats.com/orlando/food-delivery/tijuana-flats-aloma/wZ5_F1-1Q8atWFjzwtYfSA,lockhart-florida
https://www.ubereats.com/orlando/food-delivery/starbucks-sr-436-%26-us-17-92/iiq_E7yuTv-pxo2dKh4CXQ,lockhart-florida
https://www.ubereats.com/orlando/food-delivery/krispy-kreme-millenia-blvd-%26-conroy-blvd/HwXqc8JST4KsEWkJl5LKBw,lockhart-florida
https://www.ubereats.com/orlando/food-delivery/delicioso-restaurant/Bxvy5J89S8KpiJxU3I5vrA,lockhart-florida
https://www.ubereats.com/orlando/food-delivery/captain-ds-6027-west-colonial-drive/WMT-AY3YRuqoCjCTbfhbhg,lockhart-florida
https://www.ubereats.com/orlando/food-delivery/hummus-house-winter-park/_U0eD9DLQISjT4M76G-6SA,lockhart-florida
https://www.ubereats.com/orlando/food-delivery/a%26d-buffalos/9O00t-MfTiCTcDo1AxO0iw,lockhart-florida
https://www.ubereats.com/orlando/food-delivery/gators-dockside-winter-springs/1LCeaLpeTIeWpNWaoGaeDw,lockhart-florida
https://www.ubereats.com/orlando/food-delivery/dennys-351-e-main-st/mVoG-EVMRhWwod8Q-8_2zg,lockhart-florida
https://www.ubereats.com/orlando/food-delivery/dunkin-410-n-terry/hjradoqWSAGadU_iognaDQ,lockhart-florida
https://www.ubereats.com/orlando/food-delivery/%2311556-subway-1241-%26-1271-semoran-blvd/eDKFCv9bT4uqvje8O-h1cQ,lockhart-florida
https://www.ubereats.com/orlando/food-delivery/mason-jar-provisions/6PQGsrbPTxyVIuGuBC50yw,lockhart-florida
https://www.ubereats.com/orlando/food-delivery/chipotle-mexican-grill-103-state-road-436/QhTaVNQDSve2O_WBlbZzYA,lockhart-florida
https://www.ubereats.com/orlando/food-delivery/%23789-subway-2848-n-hiawassee-rd/DVUHYmfmR2-5wMxDVBzrDg,lockhart-florida
https://www.ubereats.com/orlando/food-delivery/roque-pub-orlando/V0pBkKUATWW76I6y0ZYMag,lockhart-florida
https://www.ubereats.com/orlando/food-delivery/sourdough-bread-house/bz9QBVLhRLeq-9lqrvq46A,lockhart-florida
https://www.ubereats.com/orlando/food-delivery/dunkin-5598-w-colonial-dr/Nu0e4Py3SeW8hvJVz1_DYA,lockhart-florida
https://www.ubereats.com/orlando/food-delivery/angelicas-pizza-parlor/wG5DEd_8Qs-9m_BGrYai6A,lockhart-florida
https://www.ubereats.com/orlando/food-delivery/sonnys-bbq-apopka/A7LYHTieS_WD7Tmeq4JWrg,lockhart-florida
https://www.ubereats.com/orlando/food-delivery/the-pass-progressve-cuisine/0YYlC2tbQfa-fxTI8rZtzA,lockhart-florida
https://www.ubereats.com/orlando/food-delivery/mcdonalds-jyp-%26-silver-star/eTH6uJUASe67lTz9mNR1fw,lockhart-florida
https://www.ubereats.com/orlando/food-delivery/sakari-sushi-winter-park/u-WJVvYmSQGae2SKW5MJ3Q,lockhart-florida
https://www.ubereats.com/orlando/food-delivery/infusion-tea/gatcQthRRhe08n51dYjhOw,lockhart-florida
https://www.ubereats.com/orlando/food-delivery/438-wings-%26-grill/8Nk1AIUrRYW8qqn6sD_v6g,lockhart-florida
https://www.ubereats.com/orlando/food-delivery/dunkin-653-e-altamonte-dr/mzEuiGX9RV6LiVPyGX2zGQ,lockhart-florida
https://www.ubereats.com/orlando/food-delivery/tropical-house-pastel-e-acai/0RpJa9XoRmSH6CNgMVyCqQ,lockhart-florida
https://www.ubereats.com/orlando/food-delivery/the-seafood-station/tmi_of9tSIyy2FzwBrVshw,lockhart-florida
https://www.ubereats.com/orlando/food-delivery/china-star/2IMlcit6TLeUpOmW4OM46g,lockhart-florida
https://www.ubereats.com/orlando/food-delivery/huey-magoos-chicken-tenders-apopka/B5c30vuPSQ2ld82NhaBptQ,lockhart-florida
https://www.ubereats.com/orlando/food-delivery/taglish-filipino-american-fare/B5OyrBJPRD-GcavZEunXNw,lockhart-florida
https://www.ubereats.com/orlando/food-delivery/the-crepes-hub/Rpc7pNuZR1qN5ByKPVkWFQ,lockhart-florida
https://www.ubereats.com/orlando/food-delivery/zaxbys-8895-w-colonial-dr/0lYYvCfJQlio2Tqy5V6FlA,lockhart-florida
https://www.ubereats.com/orlando/food-delivery/maya-rosa-food-truck/EWm1lZTFQ0qYgtaP597rWw,lockhart-florida
https://www.ubereats.com/orlando/food-delivery/chuan-lu-garden/rrsH3oEmS66gh9ulNH1YKw,lockhart-florida
https://www.ubereats.com/orlando/food-delivery/ok-china/IO_8EI57QLGEhB-v9FW3zw,lockhart-florida
https://www.ubereats.com/orlando/food-delivery/pdq-925-s-orlando-avenue-winter-park/PazfJEK9QOeXW5Iwqp580A,lockhart-florida
https://www.ubereats.com/orlando/food-delivery/spoleto-windermere/uBZBunRIQvOZ3eiFGRxAoA,lockhart-florida
https://www.ubereats.com/orlando/food-delivery/caribbean-sunshine-bakery-silver-star/zmYf4jP1SuS1MsIhq4IwEg,lockhart-florida
https://www.ubereats.com/orlando/food-delivery/perkins-restaurant-altamonte-springs/Z8pGKOI8QPCOlwwU5Z6mWw,lockhart-florida
https://www.ubereats.com/orlando/food-delivery/the-coop%3A-a-southern-affair/DkmJTlgkSiioAPhbN-enTw,lockhart-florida
https://www.ubereats.com/orlando/food-delivery/popeyes-louisiana-kitchen-6151-north-orange-blossom-trail/7DUPA0uhSimMimC1ER1Xxg,lockhart-florida
https://www.ubereats.com/orlando/food-delivery/chucks-wagon-llc/jgnj0S8ETK-9KuJIA2ps7A,lockhart-florida
https://www.ubereats.com/orlando/food-delivery/cafe-express/b8UhgU3CQ7WGEmg3oGwrCw,lockhart-florida
https://www.ubereats.com/orlando/food-delivery/the-magical-taste/okuMoASFTRm20-vV91loEg,lockhart-florida
https://www.ubereats.com/orlando/food-delivery/bagel-king-casselberry/lTeFPgUGQr-p2kYMmhv1WA,lockhart-florida
https://www.ubereats.com/orlando/food-delivery/chao-cajun-altamonte-springs/dKgqJjYhRXS21IQyubeSqg,lockhart-florida
https://www.ubereats.com/orlando/food-delivery/a-taste-of-life-food-truck-2/duQmjP5OS9qk_Yi2iELoHQ,lockhart-florida
https://www.ubereats.com/orlando/food-delivery/krystal-3634-e-curry-ford-rd/WCu0soIkTNabOAR6MmvGyA,lockhart-florida
https://www.ubereats.com/orlando/food-delivery/kfc-2882-n-hiawassee-rd/Vw2ox6K2S1SUtOCzUqLE0w,lockhart-florida
https://www.ubereats.com/orlando/food-delivery/twin-peaks-restaurant-227-w-state-road-436/A-e9o1IGQmqDEna_xoJ27Q,lockhart-florida
https://www.ubereats.com/orlando/food-delivery/burger-king-1745-east-silverstar-road/exYW2UTQSTuh7fGM9zzXqQ,lockhart-florida
https://www.ubereats.com/orlando/food-delivery/steak-n-shake-1680-s-orange-blossomtrail/EaJtWuIRQHuLZGbkeuGmow,lockhart-florida
https://www.ubereats.com/orlando/food-delivery/casa-smokehouse/xhPW4S0nRn6kQkIOKOhFsw,lockhart-florida
https://www.ubereats.com/orlando/food-delivery/soong-thai-restaurant/C2LXnLbTSKaZ8UyIbDqqUg,lockhart-florida
https://www.ubereats.com/orlando/food-delivery/numero-uno-cuban-restaurant/LaSrzyGBSJCes5CsgvWOqQ,lockhart-florida
https://www.ubereats.com/orlando/food-delivery/%23177-subway-908-s-orlando-ave/HfxBVV2qQByMHToj7nAbqA,lockhart-florida
https://www.ubereats.com/orlando/food-delivery/soong-thai-restaurant/kKTlfOYGTwKgp0hxfS3hzQ,lockhart-florida
https://www.ubereats.com/orlando/food-delivery/kekes-breakfast-cafe-winter-park/bEvMKlKcQbS_vdf-HO0B8g,lockhart-florida
https://www.ubereats.com/orlando/food-delivery/johnnys-other-side/K1ayXfniQsOYI-mf-u5fmQ,lockhart-florida
https://www.ubereats.com/orlando/food-delivery/taco-bell-4460-s-highway-17-92/wlCx5wBpTUuvJl3OXMr6Ig,lockhart-florida
https://www.ubereats.com/orlando/food-delivery/popeyes-2663-n-hiawassee-rd/SFh4KqpUQUSayKhOQym4NA,lockhart-florida
https://www.ubereats.com/orlando/food-delivery/4r-cantina/qj-5tb7oRGGKHsmIw-38sg,lockhart-florida
https://www.ubereats.com/orlando/food-delivery/pizzeria-valdiano-winter-park/1TH9rGuHRAupPFC6zv2pIg,lockhart-florida
https://www.ubereats.com/orlando/food-delivery/scoopsnbrew/wCxMS-iERgWostut6OwYUw,lockhart-florida
