url,city
https://www.ubereats.com/nyc-suburbs/food-delivery/carvel-2-audrey-ave/Ssyr0FIOS_eWcd_lvuzEfg,locust-valley-new-york
https://www.ubereats.com/nyc-suburbs/food-delivery/kappame-sushi-bowl/D80pnVb6Q2eeBo6K-XEG0w,locust-valley-new-york
https://www.ubereats.com/nyc-suburbs/food-delivery/la-famiglia-pizzeria-%26-restaurant/cTqaeVDbT2qh95AAAeHbBQ,locust-valley-new-york
https://www.ubereats.com/nyc-suburbs/food-delivery/diwan/zl2006LBS76sAMnhJknzpg,locust-valley-new-york
https://www.ubereats.com/nyc-suburbs/food-delivery/roslyn-heights-deli/2SIxfITmQmO-MShtFpwMMg,locust-valley-new-york
https://www.ubereats.com/nyc-suburbs/food-delivery/harbor-mist-restaurant/9hr9KhBeTrCfsrxzvpGczQ,locust-valley-new-york
https://www.ubereats.com/nyc-suburbs/food-delivery/mcdonalds-glen-cove-glen-st/ss3SXVdjSBOwr3vMqsgrLQ,locust-valley-new-york
https://www.ubereats.com/nyc-suburbs/food-delivery/sals-pastry-shop/l2rxLRE8QMCH2Q5mM-r4cQ,locust-valley-new-york
https://www.ubereats.com/nyc-suburbs/food-delivery/messina-market-%26-catering/rE__w21BTpCY6blgFLKNLQ,locust-valley-new-york
https://www.ubereats.com/connecticut/food-delivery/tenjin-japanese-restaurant/eUgr5OoPRAm5pyixoMH40g,locust-valley-new-york
https://www.ubereats.com/nyc-suburbs/food-delivery/tropical-smoothie-cafe-port-washington/Thm7EvLPT4ilD0Q7bB6-CA,locust-valley-new-york
https://www.ubereats.com/nyc-suburbs/food-delivery/friendlys-150-jericho-tpke/BFumdNvFTlKLRCHNAi0ttw,locust-valley-new-york
https://www.ubereats.com/nyc-suburbs/food-delivery/the-rolling-spring-roll-syosset/-7DaNuE8TjOvAzT0WLoO0Q,locust-valley-new-york
https://www.ubereats.com/connecticut/food-delivery/haru-2105-northern-blvd/mGrKgzafTN6gN8192dLEqQ,locust-valley-new-york
https://www.ubereats.com/nyc-suburbs/food-delivery/subway-217-forest-ave/YVfdHUzHS4m7-7oQkJIgUQ,locust-valley-new-york
https://www.ubereats.com/nyc-suburbs/food-delivery/tenjin-japanese-restaurant/eUgr5OoPRAm5pyixoMH40g,locust-valley-new-york
https://www.ubereats.com/nyc-suburbs/food-delivery/grassroots/OddFKMpcSnGwkvlWsgwn7w,locust-valley-new-york
https://www.ubereats.com/nyc-suburbs/food-delivery/sea-cliff-bagel-cafe/1A6BHngAT9ysstusbCqsuQ,locust-valley-new-york
https://www.ubereats.com/nyc-suburbs/food-delivery/la-nonnas-on-main/J4b5dWpoQxiKdPdZraENSw,locust-valley-new-york
https://www.ubereats.com/nyc-suburbs/food-delivery/delicious-pizzeria/3LRCh7KqR1mpjAxJ56Q_Sw,locust-valley-new-york
https://www.ubereats.com/nyc-suburbs/food-delivery/golden-globe-diner/Q4GAA-rUS8Ss8GlaT067Gw,locust-valley-new-york
https://www.ubereats.com/nyc-suburbs/food-delivery/paesano-pizza/GN_LyPs2R8CriI4LzHdumA,locust-valley-new-york
https://www.ubereats.com/nyc-suburbs/food-delivery/choppers-burger-bar/Yc6TpkddSM-rV0hJAtIRwg,locust-valley-new-york
https://www.ubereats.com/connecticut/food-delivery/sals-pastry-shop/l2rxLRE8QMCH2Q5mM-r4cQ,locust-valley-new-york
https://www.ubereats.com/nyc-suburbs/food-delivery/roslyn-social/iggeTOnJTiyatpMgX3l4FA,locust-valley-new-york
https://www.ubereats.com/nyc-suburbs/food-delivery/grassos/UwHNONfZR2O-hFdrQlhxcg,locust-valley-new-york
https://www.ubereats.com/nyc-suburbs/food-delivery/vitos-ristorante-%26-pizzeria-ordemark/DLBs3WrLQYOcOI6a9OIqpA,locust-valley-new-york
https://www.ubereats.com/nyc-suburbs/food-delivery/el-parral/z-ya004yRXyNFQIwzG8qkg,locust-valley-new-york
https://www.ubereats.com/nyc-suburbs/food-delivery/pf-changs-160-walt-whitman-rd-space-1027b/h7vMmJDvTpaFGQrqfdQYaQ,locust-valley-new-york
https://www.ubereats.com/nyc-suburbs/food-delivery/villa-meci-pizzeria/ZIJAlWQIRNCF3MniYlJwnA,locust-valley-new-york
https://www.ubereats.com/connecticut/food-delivery/kotobuki-roslyn/rT-xN1q5Sp607LSJp0a8lg,locust-valley-new-york
https://www.ubereats.com/nyc-suburbs/food-delivery/sajoma-grocery-ra/9FkKrBuaSC-buOWvOVAbig,locust-valley-new-york
https://www.ubereats.com/connecticut/food-delivery/starbucks-sea-cliff-glen-cove-ave/JoLoO_UuTV6EYna5M7V2Zg,locust-valley-new-york
https://www.ubereats.com/nyc-suburbs/food-delivery/starbucks-wheatly-plaza-greenvale/51wygt-sQieX8LCZiZMvMw,locust-valley-new-york
https://www.ubereats.com/connecticut/food-delivery/tokyo-sushi/kPCEsOmZQ9-hpMFqy6RGqw,locust-valley-new-york
https://www.ubereats.com/nyc-suburbs/food-delivery/wings-plus-deli/1ks2NDnrQWesf9TGbbS20A,locust-valley-new-york
https://www.ubereats.com/nyc-suburbs/food-delivery/bagel-master/l1NLUCoQTDiByzZikJwgvA,locust-valley-new-york
https://www.ubereats.com/nyc-suburbs/food-delivery/coach-grill-%26-tavern/eKvGqup-RLm_6we6HrI9QQ,locust-valley-new-york
https://www.ubereats.com/nyc-suburbs/food-delivery/dunkin-347-glen-cove-ave/mlDVheNgR-We9xsWKbBvrQ,locust-valley-new-york
https://www.ubereats.com/nyc-suburbs/food-delivery/starbucks-glen-cove/ZyskcPRaRvyddNfbzznuVQ,locust-valley-new-york
https://www.ubereats.com/nyc-suburbs/food-delivery/fitrition-oyster-bay/xBpbPk9LRfKnjQn289f08Q,locust-valley-new-york
https://www.ubereats.com/nyc-suburbs/food-delivery/ralphs-italian-ices-of-syosset/26kg2ssPSeigTeW9j2P5tA,locust-valley-new-york
https://www.ubereats.com/nyc-suburbs/food-delivery/taco-bell-glen-cove/bXIreq9nSbq2aLnlf3oJwg,locust-valley-new-york
https://www.ubereats.com/connecticut/food-delivery/starbucks-port-washington/6KOHlpMARGaWXT7I24hAmA,locust-valley-new-york
https://www.ubereats.com/nyc-suburbs/food-delivery/marios-pizzeria-oyster-bay/7Jm4Q2JtRfyawkY-yHjKNw,locust-valley-new-york
https://www.ubereats.com/nyc-suburbs/food-delivery/barefoot-peddler/GZOPvoQhRyuUiLHtO4bVGQ,locust-valley-new-york
https://www.ubereats.com/nyc-suburbs/food-delivery/sobol-oyster-bay/OBq4Or24QA-SYqTdQYP4jA,locust-valley-new-york
https://www.ubereats.com/nyc-suburbs/food-delivery/ralphs-italian-ices-%26-ice-cream-glen-head/z6dzdTrUQiOp4HllP1Sm9w,locust-valley-new-york
https://www.ubereats.com/nyc-suburbs/food-delivery/stueys-smokehouse-bbq/Ul6rXO1aSPibj0Lnj7aFew,locust-valley-new-york
https://www.ubereats.com/nyc-suburbs/food-delivery/zouji-dumpling-house/Ui5UuzAkRYSn2FjtPY8oEw,locust-valley-new-york
https://www.ubereats.com/nyc-suburbs/food-delivery/ciros-pizza/EjG-EJ1EQP-j9BgccV1cCw,locust-valley-new-york
https://www.ubereats.com/nyc-suburbs/food-delivery/rare650/6WvwhnorRkSDzUEF2841YQ,locust-valley-new-york
https://www.ubereats.com/nyc-suburbs/food-delivery/ralphs-italian-ices-%26-ice-cream-glen-cove/KDsbWzJJQvmfwV4uvgsN7A,locust-valley-new-york
https://www.ubereats.com/nyc-suburbs/food-delivery/tokyo-sushi/kPCEsOmZQ9-hpMFqy6RGqw,locust-valley-new-york
https://www.ubereats.com/connecticut/food-delivery/starbucks-wheatly-plaza-greenvale/51wygt-sQieX8LCZiZMvMw,locust-valley-new-york
https://www.ubereats.com/nyc-suburbs/food-delivery/panera-1-village-square/zbUJL755QimgZz262Z15gg,locust-valley-new-york
https://www.ubereats.com/nyc-suburbs/food-delivery/asiana-cafe-greenwich-ct/67OhHAa8Tl6-fD8h8wEW0w,locust-valley-new-york
https://www.ubereats.com/nyc-suburbs/food-delivery/hazuki-sushi-cuisine/3h05l_tsS9aQoRurYV21Jg,locust-valley-new-york
https://www.ubereats.com/nyc-suburbs/food-delivery/long-island-bagel-cafe-glen-cove-bagel-cafe/kioQNOkPSa6qtntYSiru7A,locust-valley-new-york
https://www.ubereats.com/nyc-suburbs/food-delivery/dunkin-285-291-glen-street/kxBWUl90Q0uQu4gPhaRhiQ,locust-valley-new-york
https://www.ubereats.com/nyc-suburbs/food-delivery/krinti-mediterranean-grill/51T4MAsiRgOZEa39UITd-Q,locust-valley-new-york
https://www.ubereats.com/connecticut/food-delivery/starbucks-glen-cove/ZyskcPRaRvyddNfbzznuVQ,locust-valley-new-york
https://www.ubereats.com/nyc-suburbs/food-delivery/meritage-wine-bar/0xdX5tBSQJqQlaMPOsmBpw,locust-valley-new-york
https://www.ubereats.com/nyc-suburbs/food-delivery/the-mansion-at-glen-cove/PpkIhUK4QAuH0UEUkLHJ5Q,locust-valley-new-york
https://www.ubereats.com/connecticut/food-delivery/pokeworks-8285-jericho-turnpike/XJzASb1bSpaz4_TsHN3NDA,locust-valley-new-york
https://www.ubereats.com/connecticut/food-delivery/sweet-mandarin-glen-cove/Jg16NOJWQUGDv3t2G53ztA,locust-valley-new-york
https://www.ubereats.com/nyc-suburbs/food-delivery/ocean/XvaKQBtQQAKJq9YiT0E7QA,locust-valley-new-york
https://www.ubereats.com/nyc-suburbs/food-delivery/pokeworks-8285-jericho-turnpike/XJzASb1bSpaz4_TsHN3NDA,locust-valley-new-york
https://www.ubereats.com/nyc-suburbs/food-delivery/port-thai-place/aIwY5m97SrK3gqnpTXdJ1Q,locust-valley-new-york
https://www.ubereats.com/nyc-suburbs/food-delivery/let-there-be-bagels/VBBxtx6fSUqJxLTO5HUq4w,locust-valley-new-york
https://www.ubereats.com/nyc-suburbs/food-delivery/sobol-cos-cob/fEMu31c5SrCtrix15vraLA,locust-valley-new-york
https://www.ubereats.com/nyc-suburbs/food-delivery/mcdonalds-oyster-bay/3cne0uI0QpCUsceMx-CFeA,locust-valley-new-york
https://www.ubereats.com/nyc-suburbs/food-delivery/golden-river/Ca-6Ix2IRFuSVjz06T1ILw,locust-valley-new-york
https://www.ubereats.com/nyc-suburbs/food-delivery/dairy-queen-grill-%26-chill-321-w-jericho-tpke/51IpXlWtSEarXZYgfz8HwQ,locust-valley-new-york
https://www.ubereats.com/nyc-suburbs/food-delivery/el-sueno-mexican-grill/IATz1mQsQh6xkHzprzXh9g,locust-valley-new-york
https://www.ubereats.com/nyc-suburbs/food-delivery/mcdonalds-jericho-jericho-tpke/FM2fW3FITyG8JT1yUGUYkQ,locust-valley-new-york
https://www.ubereats.com/nyc-suburbs/food-delivery/finnegans/-X9fd8p1TC6OW5nptIsKCw,locust-valley-new-york
https://www.ubereats.com/connecticut/food-delivery/rare650/6WvwhnorRkSDzUEF2841YQ,locust-valley-new-york
https://www.ubereats.com/connecticut/food-delivery/kappame-sushi-bowl/D80pnVb6Q2eeBo6K-XEG0w,locust-valley-new-york
https://www.ubereats.com/connecticut/food-delivery/abis-japanese-traditional-cuisine/94veQQlYS-COwhX4-Nd33Q,locust-valley-new-york
https://www.ubereats.com/nyc-suburbs/food-delivery/european-republic-huntington/nIFl-Q8ZTReiUf8J08KzPg,locust-valley-new-york
https://www.ubereats.com/nyc-suburbs/food-delivery/mid-china/ietCeAl2SqaPlYK1yfgGtQ,locust-valley-new-york
https://www.ubereats.com/connecticut/food-delivery/byram-sushi-%26-teriyaki/IhUhKgZIRLmLiEliu8CWjw,locust-valley-new-york
https://www.ubereats.com/nyc-suburbs/food-delivery/pinons-pizza-company/wXsPszO1ThqJf4699jkHig,locust-valley-new-york
https://www.ubereats.com/nyc-suburbs/food-delivery/el-chipotle-tex-mex-grill/RwD1OqBgRiWNDsE-zkev3Q,locust-valley-new-york
https://www.ubereats.com/nyc-suburbs/food-delivery/mcdonalds-syosset-jericho/RcS5JtLDSFK-cmyOL0o_lg,locust-valley-new-york
https://www.ubereats.com/nyc-suburbs/food-delivery/dunkin-159-pine-hollow-rd/_Le4IkroR1Cqn2UbjKuyQQ,locust-valley-new-york
https://www.ubereats.com/nyc-suburbs/food-delivery/hurricane-grill-and-wings-syosset/tfN-cdwbQyy4YoOZM4M3AA,locust-valley-new-york
https://www.ubereats.com/nyc-suburbs/food-delivery/celebrity-diner/ZhNBtD15RV6c7zA60hzaIA,locust-valley-new-york
https://www.ubereats.com/nyc-suburbs/food-delivery/dunkin-5-brewster-st/_MVsdibXSvSZg9VLCO8MpA,locust-valley-new-york
https://www.ubereats.com/nyc-suburbs/food-delivery/healthy-cafe/IJK8o9BMRdi6iSzGirT2uQ,locust-valley-new-york
https://www.ubereats.com/nyc-suburbs/food-delivery/starbucks-port-washington/6KOHlpMARGaWXT7I24hAmA,locust-valley-new-york
https://www.ubereats.com/nyc-suburbs/food-delivery/byram-sushi-%26-teriyaki/IhUhKgZIRLmLiEliu8CWjw,locust-valley-new-york
https://www.ubereats.com/nyc-suburbs/food-delivery/locust-valley-bagels/PLX8FBl8RcGUJWi9t4uKOg,locust-valley-new-york
https://www.ubereats.com/nyc-suburbs/food-delivery/kfc-taco-bell-greenvale/BIZLXxNGSMijE4xPKnkgug,locust-valley-new-york
https://www.ubereats.com/nyc-suburbs/food-delivery/sweet-tomato-by-the-bay/pI0oP8ALR0agnhqtBZRUbg,locust-valley-new-york
https://www.ubereats.com/connecticut/food-delivery/steiners-coffee-cake-of-new-york/_CMA5SAVRTS09u4oHsox3A,locust-valley-new-york
https://www.ubereats.com/connecticut/food-delivery/ocean/XvaKQBtQQAKJq9YiT0E7QA,locust-valley-new-york
https://www.ubereats.com/nyc-suburbs/food-delivery/mill-creek-tavern/iwR5ykBOQQGqS3WrMd7EfA,locust-valley-new-york
https://www.ubereats.com/nyc-suburbs/food-delivery/ny-chicken-and-rice/IdkkSwe4TXS7usHTuwEoPg,locust-valley-new-york
https://www.ubereats.com/nyc-suburbs/food-delivery/piccola-bussola-ristorante/OIR6RiHNT9W3j2Vm5xymSw,locust-valley-new-york
https://www.ubereats.com/nyc-suburbs/food-delivery/dunkin-36-glenhead-rd/1fa4EgguQeqpcH3m6Cn-EA,locust-valley-new-york
https://www.ubereats.com/nyc-suburbs/food-delivery/benihana-2105-northern-blvd/_CWhLspIRiC2RpCAOfKw3Q,locust-valley-new-york
https://www.ubereats.com/nyc-suburbs/food-delivery/the-cove-restaurant-and-oyster-bar/s8u42eWBRmK59KzIejvtYw,locust-valley-new-york
https://www.ubereats.com/nyc-suburbs/food-delivery/t%26o-thai-and-japanese/DAZbzDT5Qje1zQyB03POIA,locust-valley-new-york
https://www.ubereats.com/nyc-suburbs/food-delivery/outback-steakhouse-1067-old-country-road/BeGL2O35Q8qON71YbZbOeA,locust-valley-new-york
https://www.ubereats.com/nyc-suburbs/food-delivery/golden-temple/vI7EesjrQzKerY7BRM7Gtg,locust-valley-new-york
https://www.ubereats.com/nyc-suburbs/food-delivery/bistro-cassis/s2iRrYVzQxumZbvRzIq2bg,locust-valley-new-york
https://www.ubereats.com/nyc-suburbs/food-delivery/abis-japanese-traditional-cuisine/94veQQlYS-COwhX4-Nd33Q,locust-valley-new-york
https://www.ubereats.com/nyc-suburbs/food-delivery/heritage-bakers/fJ61ZvdQQqWfCLlRQ6biLg,locust-valley-new-york
https://www.ubereats.com/nyc-suburbs/food-delivery/glen-cove-diner/-vP4DyqgQFSCyLPxdeo6_g,locust-valley-new-york
https://www.ubereats.com/connecticut/food-delivery/t%26o-thai-and-japanese/DAZbzDT5Qje1zQyB03POIA,locust-valley-new-york
https://www.ubereats.com/nyc-suburbs/food-delivery/power-poke-i/7I4uHKQrS2K97eTkoME2Gw,locust-valley-new-york
https://www.ubereats.com/nyc-suburbs/food-delivery/heirloom-tavern/984eQ6uSS3eHg6MeRnndsA,locust-valley-new-york
https://www.ubereats.com/nyc-suburbs/food-delivery/sweet-mandarin-glen-cove/Jg16NOJWQUGDv3t2G53ztA,locust-valley-new-york
https://www.ubereats.com/nyc-suburbs/food-delivery/starbucks-sea-cliff-glen-cove-ave/JoLoO_UuTV6EYna5M7V2Zg,locust-valley-new-york
https://www.ubereats.com/nyc-suburbs/food-delivery/toxic-wings/yZQEqx_lSBeL_QKyR-H4fw,locust-valley-new-york
https://www.ubereats.com/nyc-suburbs/food-delivery/rothmanns-steakhouse/ZWsnngdHTFeROqTfnuc6kA,locust-valley-new-york
https://www.ubereats.com/nyc-suburbs/food-delivery/subway-347-glen-cove-ave/80FWSF4HTJqLeF6--PNgxA,locust-valley-new-york
https://www.ubereats.com/connecticut/food-delivery/hazuki-sushi-cuisine/3h05l_tsS9aQoRurYV21Jg,locust-valley-new-york
https://www.ubereats.com/nyc-suburbs/food-delivery/lourdes-mexican-grill/WaV9jkgdTtqeEEKodwinPA,locust-valley-new-york
https://www.ubereats.com/nyc-suburbs/food-delivery/checkers-huntington/6xu-1HKvSjSRFSYQebjsUg,locust-valley-new-york
https://www.ubereats.com/nyc-suburbs/food-delivery/mays-gourmet-cafe/kz3moqnvQ8SaJb2Iik5Rhg,locust-valley-new-york
https://www.ubereats.com/nyc-suburbs/food-delivery/samis-kabab-house/j5-IPJVWSKmhCkDdXGs4Wg,locust-valley-new-york
https://www.ubereats.com/nyc-suburbs/food-delivery/home-baked-doughs/WJUCS7OFSw-tEvIlH3OUdA,locust-valley-new-york
https://www.ubereats.com/nyc-suburbs/food-delivery/machupicchu-restaurant/SMX5-e1RS1-H5aCmwEtFOA,locust-valley-new-york
https://www.ubereats.com/nyc-suburbs/food-delivery/kitchen-kabaret-fine-foods/rkA31IxSSuy3AzNg3AncWA,locust-valley-new-york
https://www.ubereats.com/nyc-suburbs/food-delivery/the-ice-cream-shop/INh7v1VmS866hldY1QP8VQ,locust-valley-new-york
https://www.ubereats.com/connecticut/food-delivery/asiana-cafe-greenwich-ct/67OhHAa8Tl6-fD8h8wEW0w,locust-valley-new-york
https://www.ubereats.com/nyc-suburbs/food-delivery/the-modern-improvement-club/maygqZAOSy6tKFqsYC7qvQ,locust-valley-new-york
https://www.ubereats.com/nyc-suburbs/food-delivery/way-of-life-healthy-cafe/-qdWpoOjQ3-XTzIUdJuthg,locust-valley-new-york
https://www.ubereats.com/nyc-suburbs/food-delivery/carvel-181-forest-ave/2nx4LuE8R_KwBChZqWY92g,locust-valley-new-york
https://www.ubereats.com/nyc-suburbs/food-delivery/moes-90-northern-boulevard/S027q_h3R8qDysrL3VcHmg,locust-valley-new-york
https://www.ubereats.com/nyc-suburbs/food-delivery/metropolitan-bistro/ih8rc3zVSMO-mvGJe2_pIg,locust-valley-new-york
https://www.ubereats.com/nyc-suburbs/food-delivery/sur-argentinian-steakhouse/KQmNPdPASqCSnG9t21eemA,locust-valley-new-york
https://www.ubereats.com/nyc-suburbs/food-delivery/haru-2105-northern-blvd/mGrKgzafTN6gN8192dLEqQ,locust-valley-new-york
https://www.ubereats.com/nyc-suburbs/food-delivery/pezzi-pizza-inc/Aqm7pbo7Qh-iO3rLKvfd-A,locust-valley-new-york
https://www.ubereats.com/nyc-suburbs/food-delivery/gambino-italian-trattoria/dB6LmQBkT4yU7oAJKNYSNQ,locust-valley-new-york
https://www.ubereats.com/nyc-suburbs/food-delivery/yuzu-fushion/vj50oo0QSUeME5gfERn9uQ,locust-valley-new-york
https://www.ubereats.com/nyc-suburbs/food-delivery/oak-neck-deli/UFDeB9teQV-t1xz8MMZ99g,locust-valley-new-york
https://www.ubereats.com/nyc-suburbs/food-delivery/babalu/DNenEKuRRwiMgVld7vyLpg,locust-valley-new-york
https://www.ubereats.com/nyc-suburbs/food-delivery/sawasdee-thai-elevated/r-hv0jRvTBqBTUCmpSJB9w,locust-valley-new-york
https://www.ubereats.com/nyc-suburbs/food-delivery/mb-ramen-huntington/OTCOl84HQACxauIcbQmtrQ,locust-valley-new-york
https://www.ubereats.com/nyc-suburbs/food-delivery/the-view-grill/03MElZ4FRjqShu0oF4ZZFA,locust-valley-new-york
https://www.ubereats.com/nyc-suburbs/food-delivery/mims-restaurant/dwfmpq9ESDqXYZPsCHhTjQ,locust-valley-new-york
https://www.ubereats.com/connecticut/food-delivery/yuzu-fushion/vj50oo0QSUeME5gfERn9uQ,locust-valley-new-york
https://www.ubereats.com/nyc-suburbs/food-delivery/simpliciti-cafe/m_Vw6qzCS0S2Fagyyv9eqQ,locust-valley-new-york
https://www.ubereats.com/nyc-suburbs/food-delivery/dunkin-59-jackson-ave/Y5xQZT3vT423L2St0HG8Gw,locust-valley-new-york
https://www.ubereats.com/nyc-suburbs/food-delivery/gem-stone/fb6FQo45Qb20kLYv_hoQQA,locust-valley-new-york
https://www.ubereats.com/nyc-suburbs/food-delivery/kotobuki-roslyn/rT-xN1q5Sp607LSJp0a8lg,locust-valley-new-york
https://www.ubereats.com/nyc-suburbs/food-delivery/burger-king-3-cedar-swamp-road/JG1j8qzOTga6Ory5YRNRCg,locust-valley-new-york
https://www.ubereats.com/nyc-suburbs/food-delivery/brews-brothers-grille-huntington/ijQeISrzR82jarOhhW4YJw,locust-valley-new-york
https://www.ubereats.com/nyc-suburbs/food-delivery/rangsit-11-thai-kitchen/l6BdBqXvSZuc5kYMnrMPsQ,locust-valley-new-york
https://www.ubereats.com/nyc-suburbs/food-delivery/ginos-pizza-syosset/Rl-FikjTRaqJ1VRTI6JVWQ,locust-valley-new-york
https://www.ubereats.com/nyc-suburbs/food-delivery/house-of-india-huntington/Njxi451WSUeD6V599AYzEg,locust-valley-new-york
https://www.ubereats.com/nyc-suburbs/food-delivery/thai-basil/uR5Ly0-ORuuGpYH_xJCA8w,locust-valley-new-york
https://www.ubereats.com/nyc-suburbs/food-delivery/cedar-creek/TJmMaGI7TDCY5zKGioOmvQ,locust-valley-new-york
https://www.ubereats.com/nyc-suburbs/food-delivery/chipotle-mexican-grill-420-jericho-tpke/RNx0BfiyQG6JPFZyn-qhjA,locust-valley-new-york
https://www.ubereats.com/nyc-suburbs/food-delivery/spinnakers-restaurant-%26-bar-oyster-bay/eo3619XISxiiMMa7udgNvQ,locust-valley-new-york
https://www.ubereats.com/nyc-suburbs/food-delivery/steiners-coffee-cake-of-new-york/_CMA5SAVRTS09u4oHsox3A,locust-valley-new-york
https://www.ubereats.com/nyc-suburbs/food-delivery/yummy-oriental-restaurant/631aAYj-RHirtPM6Dvfp6w,locust-valley-new-york
https://www.ubereats.com/nyc-suburbs/food-delivery/salvatores-coal-oven-pizzeria/5ItEPqxNQoiUxe8KRLkR8w,locust-valley-new-york
https://www.ubereats.com/nyc-suburbs/food-delivery/it-bgl/Co7VNKMsS56XmXNvx8uEyw,locust-valley-new-york
https://www.ubereats.com/nyc-suburbs/food-delivery/ralphs-italian-ices-%26-ice-cream-oyster-bay/c-VUPoYJTA6T7YUklQHDJw,locust-valley-new-york
https://www.ubereats.com/connecticut/food-delivery/the-modern-improvement-club/maygqZAOSy6tKFqsYC7qvQ,locust-valley-new-york
https://www.ubereats.com/nyc-suburbs/food-delivery/mother-kellys-syosset/RG7ws-9SSqarXWGZVr_jrg,locust-valley-new-york
https://www.ubereats.com/nyc-suburbs/food-delivery/wendys-210-glen-street/GbIqUJIZQvCLCc-noLVaQQ,locust-valley-new-york
https://www.ubereats.com/nyc-suburbs/food-delivery/yeas-kitchen/cLErE4heTLGI8_592QZV2w,locust-valley-new-york
https://www.ubereats.com/nyc-suburbs/food-delivery/bayville-deli-%26-pizzeria/n0aNyOgFT8ihPek-7pOnKw,locust-valley-new-york
