url,city
https://www.ubereats.com/chicago/food-delivery/arbys-340-n-york-rd/qFzGX8vjTkqECE9S29EjCA,lombard-illinois
https://www.ubereats.com/chicago/food-delivery/uncle-julios-naperville/Y3QRVkP2Qu-IV5z8T875Uw,lombard-illinois
https://www.ubereats.com/chicago/food-delivery/crazy-dillas/idmBWihkSXGd3KmGC4tP5g,lombard-illinois
https://www.ubereats.com/chicago/food-delivery/smashburger-1-rice-lake-square/R6iq8xW-S2SJCZi6UsRB-Q,lombard-illinois
https://www.ubereats.com/chicago/food-delivery/macianos-pizza-%26-pastaria-winfield/CbvUYxctSb6-boPtA3vq6A,lombard-illinois
https://www.ubereats.com/chicago/food-delivery/casa-margarita-downers-grove/2NKwK1NJREChDBPK46DnKg,lombard-illinois
https://www.ubereats.com/chicago/food-delivery/grandos/vY1uBbKoSXCy1JKXIomrdg,lombard-illinois
https://www.ubereats.com/chicago/food-delivery/kitakata-ramen-bannai/kCAuie4GTK6ZzZebhAVnQw,lombard-illinois
https://www.ubereats.com/chicago/food-delivery/the-grill-effect/Vq0scVwJR5aSCUzt1d62pw,lombard-illinois
https://www.ubereats.com/chicago/food-delivery/rosatis-pizza-woodridge/sePZvq94TViGMvPBP8JYGQ,lombard-illinois
https://www.ubereats.com/chicago/food-delivery/mannys-ale-house/v1MbrDjbRn6WyOuUsv53ug,lombard-illinois
https://www.ubereats.com/chicago/food-delivery/stans-donuts-%26-coffee-oakbrook-terrace/175n6xccTIOvK41VguFNaA,lombard-illinois
https://www.ubereats.com/chicago/food-delivery/chipotle-mexican-grill-1516-n-naper-blvd-ste-104/ljoAlmviR4-6NOr-25HjzA,lombard-illinois
https://www.ubereats.com/chicago/food-delivery/brick-house-1461-butterfield-rd/KF4Imx0HTAC5z-VXgjoa9Q,lombard-illinois
https://www.ubereats.com/chicago/food-delivery/blueberry-hill-breakfast-cafe-oak-brook/vZgWOmnKQs6hgLw7gwWLZw,lombard-illinois
https://www.ubereats.com/chicago/food-delivery/fitzs-spare-keys/z_p09n2-RCa6hqW9W1x7rA,lombard-illinois
https://www.ubereats.com/chicago/food-delivery/mr-burrito-%231/0jFeTbxmTIiou3QlmmrvWA,lombard-illinois
https://www.ubereats.com/chicago/food-delivery/teriyaki-madness-795-e-butterfield-rd-lombard/Y87f9IPwT4aAdorTzW1wVw,lombard-illinois
https://www.ubereats.com/chicago/food-delivery/papa-rays-pizza-%26-wings-carol-stream/YWDdcy7LS5aqZ8e_sNZ7Pw,lombard-illinois
https://www.ubereats.com/chicago/food-delivery/signature-slabs/M2vUnrFxR6SwLIz9sCikxw,lombard-illinois
https://www.ubereats.com/chicago/food-delivery/honey-baked-ham-e-roosevelt-rd/m0Rkr_CoT9-VPGqROKs2Iw,lombard-illinois
https://www.ubereats.com/chicago/food-delivery/rosatis-pizza-elk-grove/piU6Mp8VQNK7o7dPds2wwQ,lombard-illinois
https://www.ubereats.com/chicago/food-delivery/jets-pizza-ogden/L-Yo34OJQC6bjShwfIOcHw,lombard-illinois
https://www.ubereats.com/chicago/food-delivery/pita-inn-naperville/HI1fsIlQRO-wMcu2fnvm6g,lombard-illinois
https://www.ubereats.com/chicago/food-delivery/subway-1009-e-roosevelt-rd/4c60D_IDRcCs3VnTauvbtA,lombard-illinois
https://www.ubereats.com/chicago/food-delivery/fannie-may-glen-ellyn/AiyZCTg4RTGQDoQ9ron2_g,lombard-illinois
https://www.ubereats.com/chicago/food-delivery/subway-17w627-roosevelt-rd/gHaxosrAT0-YahKz1NqrFg,lombard-illinois
https://www.ubereats.com/chicago/food-delivery/schmaltz-deli/WynBFX6cS8Ke_ICqQEzh9g,lombard-illinois
https://www.ubereats.com/chicago/food-delivery/dunkleys-tavern/ChSSSRCCR2aB7ZWHqW8xuw,lombard-illinois
https://www.ubereats.com/chicago/food-delivery/stans-donuts-oak-brook/MjmNXbzDS02XDaTKLcpd5A,lombard-illinois
https://www.ubereats.com/chicago/food-delivery/amadas-cafe/Z-rNLPdMTxqSQ1dbRR_EqQ,lombard-illinois
https://www.ubereats.com/chicago/food-delivery/culichi-town/mCo77j4NSZW0-oupFVXvcg,lombard-illinois
https://www.ubereats.com/chicago/food-delivery/mr-wonton/8CSMwR1wT_KVQEST43FiSg,lombard-illinois
https://www.ubereats.com/chicago/food-delivery/which-wich-superior-sandwiches-22nd-st-%26-midwest/o-yhXR1hR9C7iWJf_rGfZg,lombard-illinois
https://www.ubereats.com/chicago/food-delivery/mcdonalds-ogden-%26-cross/f2stPNYjTRGSYQ9bxsWfBA,lombard-illinois
https://www.ubereats.com/chicago/food-delivery/argo-tea-oakbrook-center/nQf-KBGTRcCIAkV5LW_CTw,lombard-illinois
https://www.ubereats.com/chicago/food-delivery/chuck-e-cheese-200-w-roosevelt/cbMIQuqcTaepSPxCT2B9rg,lombard-illinois
https://www.ubereats.com/chicago/food-delivery/dairy-queen-treat-841-e-roosevelt-rd/bArWbmwpQ0Wju9y143Mw2Q,lombard-illinois
https://www.ubereats.com/chicago/food-delivery/el-coco-loco-mexican-grill-ordermark/7ZG0tBJVRzygzdi7xPz9EQ,lombard-illinois
https://www.ubereats.com/chicago/food-delivery/sha-poppin-gourmet-popcorn-shoppe/Rb1tL2j_QoGHfOQZPC0kBQ,lombard-illinois
https://www.ubereats.com/chicago/food-delivery/dunkin-106-e-north-ave/B4ppTVcoQvaatE5oRqyTMg,lombard-illinois
https://www.ubereats.com/chicago/food-delivery/elliotts-off-broadway-deli/EAwgA9cpSVagRPaH90jAsA,lombard-illinois
https://www.ubereats.com/chicago/food-delivery/potbelly-sandwich-shop-glen-ellyn-dt-%7C-167/Zpr9MlcMQy664nIqh6K6tA,lombard-illinois
https://www.ubereats.com/chicago/food-delivery/uncle-julios-lombard/g_ZR2k_URiOGAN4CQmwrHQ,lombard-illinois
https://www.ubereats.com/chicago/food-delivery/jets-pizza-darien/7yTrAm-TSKyOFRdDeT155Q,lombard-illinois
https://www.ubereats.com/chicago/food-delivery/makon-restaurant/nLFw2muQQSWLj4kECxd5Lg,lombard-illinois
https://www.ubereats.com/chicago/food-delivery/the-country-house-lisle/00jueaTNREqL9guRViaVXw,lombard-illinois
https://www.ubereats.com/chicago/food-delivery/chipotle-mexican-grill-811-butterfield-rd-ste-101/1yT7XkpmRk25SXw3dgrqeA,lombard-illinois
https://www.ubereats.com/chicago/food-delivery/brewpoint-coffee-founders-cafe/i2ctMMrJSzGFnWot1ITf_A,lombard-illinois
https://www.ubereats.com/chicago/food-delivery/china-wok/lkGD7JCESB66nymb1vElug,lombard-illinois
https://www.ubereats.com/chicago/food-delivery/sebastians-ale-%26-whiskey-house-lombard/Ai9vhK_0SuW1RF6tYHUMPw,lombard-illinois
https://www.ubereats.com/chicago/food-delivery/dunkin-317-s-schmale-rd/YNd4W2_0SI61s0W-qTuyqg,lombard-illinois
https://www.ubereats.com/chicago/food-delivery/steak-burrito/bi2ekMlkS-ORNknxOAR6xA,lombard-illinois
https://www.ubereats.com/chicago/food-delivery/taco-real/ViwFW2--RdiZ9G5U2Tkrhw,lombard-illinois
https://www.ubereats.com/chicago/food-delivery/cafe-salsa/lPNCXkXSQj--UjiT4n2WCA,lombard-illinois
https://www.ubereats.com/chicago/food-delivery/jorges-paleteria/p4cWoZ4WSO6swB4qSjJVxQ,lombard-illinois
https://www.ubereats.com/chicago/food-delivery/hannas-bistro-cafe/uwi_zHEYSLizOaW6TjmVxA,lombard-illinois
https://www.ubereats.com/chicago/food-delivery/tgi-fridays-2671-bloomingdale-il/cV58BzXPQZa_VNrVSFPAJA,lombard-illinois
https://www.ubereats.com/chicago/food-delivery/china-star/HfEYq0cbSh-q2KW3laAeHA,lombard-illinois
https://www.ubereats.com/chicago/food-delivery/shinto-sushi-at-freedom-commons/xcwpGPNeTEGfc3mw67gAOQ,lombard-illinois
https://www.ubereats.com/chicago/food-delivery/fulfula/voAkCtdxQ5GNlsA6YJZJcg,lombard-illinois
https://www.ubereats.com/chicago/food-delivery/sarpinos-pizzeria-5107-fairview-ave/6w1QwAINTnio5PtcdCJfHw,lombard-illinois
https://www.ubereats.com/chicago/food-delivery/red-lobster-391-west-army-trail-road/JOcIgktsQbCZ1RAxbPt7sw,lombard-illinois
https://www.ubereats.com/chicago/food-delivery/blissful-nachos/F_BHCcH6SUuKvDyUOsLFyw,lombard-illinois
https://www.ubereats.com/chicago/food-delivery/millies-pancake-shoppe/IXYO24u0So-2-nftOdTg6Q,lombard-illinois
https://www.ubereats.com/chicago/food-delivery/shikara-indian-restaurant/z5tgaCo5SmaGGBx91vLMtQ,lombard-illinois
https://www.ubereats.com/chicago/food-delivery/oaked-italian-kitchen-front-st-vr/3fVXThuBRvOKDeRTqvfO2w,lombard-illinois
https://www.ubereats.com/chicago/food-delivery/shoeless-joes-ale-house-%26-grille-addison/3wiWsFddQAyRqCSWyc2NUQ,lombard-illinois
https://www.ubereats.com/chicago/food-delivery/muggs-n-manor/V1pZRJBRR6GBlOZ7jQf3tA,lombard-illinois
https://www.ubereats.com/chicago/food-delivery/jersey-mikes-subs-army-trail-%26-knollwood/P_C6zcM8T_i_4FX1ffFQ8g,lombard-illinois
https://www.ubereats.com/chicago/food-delivery/kabob-q/JRxi0jOjTIS1N4YMp1pvxg,lombard-illinois
https://www.ubereats.com/chicago/food-delivery/dmk-burger-bar/48JlvIrIQ5-qYMoSJTreRA,lombard-illinois
https://www.ubereats.com/chicago/food-delivery/mr-broast-roosevelt-%26-school/qUSuzE6IQgyJvqKaqpqFhg,lombard-illinois
https://www.ubereats.com/chicago/food-delivery/jj-bistro/M5iLU-N9RTuj03xl7bQEAA,lombard-illinois
https://www.ubereats.com/chicago/food-delivery/jerusalem-cafe-lombard/WKs6NpiSSzyAHSUfbDwKMg,lombard-illinois
https://www.ubereats.com/chicago/food-delivery/burger-king-10170-west-grand-avenue/QwRx6HpuTvuaTrSbgQ0QzQ,lombard-illinois
https://www.ubereats.com/chicago/food-delivery/subway-1-west-st-charles-rd/OlYRU6XrSLSNtMm1iH6xnw,lombard-illinois
https://www.ubereats.com/chicago/food-delivery/taco-bell-1140-s-york-rd/cfg30J9ARlGCDlwIBUsblA,lombard-illinois
https://www.ubereats.com/chicago/food-delivery/warrens-ale-house/iwKkC6FWRyacBvUNKJoEbQ,lombard-illinois
https://www.ubereats.com/chicago/food-delivery/billy-bricks-wood-fired-pizza-lombard/mdMvjaLmQJ-DTeyeW0lMrA,lombard-illinois
https://www.ubereats.com/chicago/food-delivery/freshii-203-yorktown-shopping-center/_c5vnGJvR1SHfUCqMA680g,lombard-illinois
https://www.ubereats.com/chicago/food-delivery/mcdonalds-north-%26-bloomingdale/yQNlUWygSkySehFxWVCn6Q,lombard-illinois
https://www.ubereats.com/chicago/food-delivery/dunkin-2130-bloomingdale-rd/ZFwy517VRteOT54sLfY5Zw,lombard-illinois
https://www.ubereats.com/chicago/food-delivery/johnnys-burgers-bowls-%26-bbq-carol-stream/wzfiif8DRxyU4YGwgHw9Pw,lombard-illinois
https://www.ubereats.com/chicago/food-delivery/cafe-23/JNZG5LXMQemrLSg3Oihc0g,lombard-illinois
https://www.ubereats.com/chicago/food-delivery/roka-akor-oak-brook/Y89cfuDCSbyGAk1RK-gLhQ,lombard-illinois
https://www.ubereats.com/chicago/food-delivery/kfc-taco-bell-1015-maple-avenue/b7MHyF_rRyKdgtrfmC8qzg,lombard-illinois
https://www.ubereats.com/chicago/food-delivery/wasabi-restaurant-%26-bar/z3FMoXmBQvaXq2SypwcZPg,lombard-illinois
https://www.ubereats.com/chicago/food-delivery/adelles-kitchen-%26-bar/DKZMrw9DQmyRssPhHVQihg,lombard-illinois
https://www.ubereats.com/chicago/food-delivery/india-house-express/JruFRuisQ7GW7_dn2Wi_5Q,lombard-illinois
https://www.ubereats.com/chicago/food-delivery/starbucks-york-%26-industrial/PD1RF9SyTjC0y-_u5-w2ew,lombard-illinois
https://www.ubereats.com/chicago/food-delivery/billy-bricks-wood-fired-pizza-wheaton/Tnt8SMrWQHiOQxiCVqH5eQ,lombard-illinois
https://www.ubereats.com/chicago/food-delivery/dunkin-1090-roosevelt-rd/Ya1PCCJSTFqCqmA8tm9N-Q,lombard-illinois
https://www.ubereats.com/chicago/food-delivery/nicksons-eatery/GRJrKS9rQZ28TEUq1dKBUw,lombard-illinois
https://www.ubereats.com/chicago/food-delivery/la-catrina/NXy0KBC1TsiR91QTROYZ5A,lombard-illinois
https://www.ubereats.com/chicago/food-delivery/taqueria-azteca/GXH-uRXzQMasML8B7RebXg,lombard-illinois
https://www.ubereats.com/chicago/food-delivery/el-coco-loco/GuWPI_EiRgmKAweBpkpIBQ,lombard-illinois
https://www.ubereats.com/chicago/food-delivery/weber-grill-restaurant-lombard/5wAyp2tPRIu3XS6Rnnr8yw,lombard-illinois
https://www.ubereats.com/chicago/food-delivery/chicken-crossing/aeM3TmvtQw2c9hXNUkH6cw,lombard-illinois
https://www.ubereats.com/chicago/food-delivery/starbucks-lisle-rte-53-%26-maple/KKo2MFynRDOVqy5R8mhrfw,lombard-illinois
https://www.ubereats.com/chicago/food-delivery/cuisine-of-india-naperville/vWcLRi8AQx2QAWtwL-RRSg,lombard-illinois
https://www.ubereats.com/chicago/food-delivery/jersey-mikes-subs-roosevelt-%26-summit/32MGtpSRQuC4bdM-DfLmyw,lombard-illinois
https://www.ubereats.com/chicago/food-delivery/taco-grill-%26-salsa-bar/syPSEZIDTYiYzr4fboYt2w,lombard-illinois
https://www.ubereats.com/chicago/food-delivery/taste-greek-street-food/gx3n7xJ7T4-HFYp7bsrQlg,lombard-illinois
https://www.ubereats.com/chicago/food-delivery/mcdonalds-naperville-%26-loop/Hn5ciIZ4SCq2NTE6NqoOgw,lombard-illinois
https://www.ubereats.com/chicago/food-delivery/portillos-hot-dogs-170-north-ave/mwl_KFWYTbmnAFryVLerYw,lombard-illinois
https://www.ubereats.com/chicago/food-delivery/shake-shack-1950-spring-road/gJioG4DPSnaFIyQOuayU7A,lombard-illinois
https://www.ubereats.com/chicago/food-delivery/nanis-pizza-and-pasta/w20sDSZCQaSFZfXcnq-OEg,lombard-illinois
https://www.ubereats.com/chicago/food-delivery/chipotle-mexican-grill-1078-n-rohlwing-rd/ai2ypDaHRt6lU8atxp0_Qg,lombard-illinois
https://www.ubereats.com/chicago/food-delivery/freshii-1-oakbrook-center/6xEsCcQ0S3Wj06Gww5ei3g,lombard-illinois
https://www.ubereats.com/chicago/food-delivery/papa-johns-pizza-bloomingdale/cAzfkEFoTRamEptEbdoulA,lombard-illinois
https://www.ubereats.com/chicago/food-delivery/dunkin-1160-s-main-st/z4nHPZ8MQya63MtbjZ6vqQ,lombard-illinois
https://www.ubereats.com/chicago/food-delivery/shimla-peppers/LVOHCne5RPuSid3Ogox5zA,lombard-illinois
https://www.ubereats.com/chicago/food-delivery/claras/ULkU8AukSXGwKin9E-dS5w,lombard-illinois
https://www.ubereats.com/chicago/food-delivery/taco-bell-51-w-north-avenue/YGKEpkUiTq6unsQskf6fkA,lombard-illinois
https://www.ubereats.com/chicago/food-delivery/stir-crazy-fresh-asian-grill-oak-brook/zlKhqIfyR6O9ZM-WfsDmiA,lombard-illinois
https://www.ubereats.com/chicago/food-delivery/subway-314-w-army-trail-rd/YzFaISobTcGO-dYRqTrRxA,lombard-illinois
https://www.ubereats.com/chicago/food-delivery/taste-indian-chinese-cuisine/F9z4mgIGQiCJKGqHqlJ1MA,lombard-illinois
https://www.ubereats.com/chicago/food-delivery/claim-jumper-92-yorktown-center-mall/8NOYC0YvRMWTQBRqcOOQ3A,lombard-illinois
https://www.ubereats.com/chicago/food-delivery/mcdonalds-63rd-st-%26-cass/TkuqzkRRQP6k9L91Bwsj-g,lombard-illinois
https://www.ubereats.com/chicago/food-delivery/dunkin-26w220-geneva-rd/dbjEZIHKRLiAwEvxNIHWhQ,lombard-illinois
https://www.ubereats.com/chicago/food-delivery/sweetberry-bowls-elmhurst/-FSoDSbtQfaNacqDWISu0g,lombard-illinois
https://www.ubereats.com/chicago/food-delivery/taco-bell-322-w-irving-park-rd/aw046HvTTwqY2zNCtfLKYg,lombard-illinois
https://www.ubereats.com/chicago/food-delivery/auntie-annes-118-stratford-square/mzHH0DooTiGhcNQOiEDshg,lombard-illinois
https://www.ubereats.com/chicago/food-delivery/billy-bricks-wood-fired-pizza-yorktown-center/GYk1y4sQRIS4u4k_FwXgpA,lombard-illinois
https://www.ubereats.com/chicago/food-delivery/wendys-206-w-north-ave/tyeA-vyiTOmlI9WlcRSprA,lombard-illinois
https://www.ubereats.com/chicago/food-delivery/flavor-frenzy/TRME8IsUTiiN39F843ZTLA,lombard-illinois
https://www.ubereats.com/chicago/food-delivery/halsted-street-deli/INc7--4gSEK6j3C6TCUp6A,lombard-illinois
https://www.ubereats.com/chicago/food-delivery/white-castle-306-w-north-ave/AGi3RUDPT2eIRlDS1fiS8w,lombard-illinois
https://www.ubereats.com/chicago/food-delivery/the-simple-greek/e3MHOKevTlCiQt6gp6j2Qw,lombard-illinois
https://www.ubereats.com/chicago/food-delivery/the-stand/kSDIbnnZSTCq9O77BovL9A,lombard-illinois
https://www.ubereats.com/chicago/food-delivery/starbucks-clarendon-hills-park-ave/k_05R2DJS0aEVeo3xxtbOQ,lombard-illinois
https://www.ubereats.com/chicago/food-delivery/buona-itasca/si2wG7IZQB6wobTQ_M4zzQ,lombard-illinois
https://www.ubereats.com/chicago/food-delivery/zio-tonys-pizza/SHCDZTjNRAeBB4x1Ux15ZQ,lombard-illinois
https://www.ubereats.com/chicago/food-delivery/bar-louie-oakbrook/dPVzbUPDROqy9zPUWGdIaw,lombard-illinois
https://www.ubereats.com/chicago/food-delivery/oaked-highland-ave/kmxEWk7XSTifTU8_-OdPCA,lombard-illinois
https://www.ubereats.com/chicago/food-delivery/burrito-parrilla-mexicana-glendale-heights/fmpZ58pVTZ26QYGzYYkquw,lombard-illinois
https://www.ubereats.com/chicago/food-delivery/manic-meatball/MlExdsQcQPODslEybNKvaA,lombard-illinois
https://www.ubereats.com/chicago/food-delivery/burrito-grill/oooRjyf0TzSK_YYhsETXXA,lombard-illinois
https://www.ubereats.com/chicago/food-delivery/los-burritos-mexicanos-%231/ClzpkDX4QEabuLbdrUd4fA,lombard-illinois
https://www.ubereats.com/chicago/food-delivery/capital-greens-highland-ave/_QxJVfKaTF2FjY59cGJPDg,lombard-illinois
https://www.ubereats.com/chicago/food-delivery/mcdonalds-yorktown-center-%26-highland/h7LZGAMtS8Ox6eQf2Upmzw,lombard-illinois
https://www.ubereats.com/chicago/food-delivery/pizzeria-antica/O9CfoYjrR--AKYK5LltHVw,lombard-illinois
https://www.ubereats.com/chicago/food-delivery/mac-daddys-highland/FEp3MK0_QRipGXK98kQ06w,lombard-illinois
https://www.ubereats.com/chicago/food-delivery/sonic-drive-in-roosevelt-%26-ardmore/gjleEWQkRkuOSDK0O_BsiA,lombard-illinois
https://www.ubereats.com/chicago/food-delivery/sushi-house-downers-grove/C3iF91X_S6uhbWIj_jxlMw,lombard-illinois
https://www.ubereats.com/chicago/food-delivery/el-tesoro/ByN8lU9AT7yE4HZiF6WAFA,lombard-illinois
https://www.ubereats.com/chicago/food-delivery/the-dog-on-mannheim/CWcoXjHiS4ab_z7Q0takgQ,lombard-illinois
https://www.ubereats.com/chicago/food-delivery/casa-margarita-la-grange/QcbX8mVJTb2hoa9lRRSGQg,lombard-illinois
https://www.ubereats.com/chicago/food-delivery/apizzaco-highland-ave/iSgrmay5SIGUdMUakXe0_A,lombard-illinois
https://www.ubereats.com/chicago/food-delivery/petey-pasta-highland-ave/zvSOxLelRLSIbFdO50SKhA,lombard-illinois
https://www.ubereats.com/chicago/food-delivery/shanahans/JZEDfOD1TXeQJjMJJlMiXg,lombard-illinois
https://www.ubereats.com/chicago/food-delivery/subway-822-ogden-ave/NTpB-IROQQS6z4_JAUHblQ,lombard-illinois
https://www.ubereats.com/chicago/food-delivery/honey-bee-cafe/HhiLGdMVT3ajy5br0pqWTA,lombard-illinois
https://www.ubereats.com/chicago/food-delivery/taco-bell-2721-rose-street/hk-f1fgWQniUrPAXWPN2GA,lombard-illinois
https://www.ubereats.com/chicago/food-delivery/the-port-of-peri-peri-villa-park/6m6tAxofRSWFrxMkkKhPAA,lombard-illinois
https://www.ubereats.com/chicago/food-delivery/beijing-bros/w1BlRqrsT2KhcA7PHk33JA,lombard-illinois
https://www.ubereats.com/chicago/food-delivery/noodles-%26-company-706-roosevelt-rd/Hd87-2t9Q6qiISYojfxYGw,lombard-illinois
https://www.ubereats.com/chicago/food-delivery/el-gran-agave/GetuOcb5RhWMLs2fW4HsSQ,lombard-illinois
https://www.ubereats.com/chicago/food-delivery/noodles-%26-company-18-w-64-w-22nd-st/pUMZqVK5SrC4yAlfl47FcA,lombard-illinois
https://www.ubereats.com/chicago/food-delivery/auntie-annes-203-yorktown/IQm1lztHRIa5b3Py1i4NLQ,lombard-illinois
https://www.ubereats.com/chicago/food-delivery/skippys-gyros-oak-brook/OmShFz9LSga2purV0BKkfg,lombard-illinois
https://www.ubereats.com/chicago/food-delivery/buca-di-beppo-lombard/JYSHzVFQTSq6i-I6jngTow,lombard-illinois
https://www.ubereats.com/chicago/food-delivery/kabab-guys/1jK7drAhQWG5wj4ViIj6Xg,lombard-illinois
https://www.ubereats.com/chicago/food-delivery/subway-2101-w-army-trail-rd/zmdETvwSSA2C-SwDW5Ay-A,lombard-illinois
https://www.ubereats.com/chicago/food-delivery/five-guys-il-0575-340-ogden-ave/B7oICECzTi6QiCTbiRFTVA,lombard-illinois
https://www.ubereats.com/chicago/food-delivery/kanya/q0ZwlPpITRGXrKEWe6EMDw,lombard-illinois
https://www.ubereats.com/chicago/food-delivery/beatrix-oakbrook/zRC8HUN5QsaPayDjY-WoPA,lombard-illinois
https://www.ubereats.com/chicago/food-delivery/evviva!-bar-%26-eatery/kZFOloCrS2-c36HK02Odvw,lombard-illinois
https://www.ubereats.com/chicago/food-delivery/casinos-pizza/nGOrLxY8QuC1oambdYWqKQ,lombard-illinois
https://www.ubereats.com/chicago/food-delivery/banda-nawaz/hXux2eYtQUq1pzivaE1ZzQ,lombard-illinois
https://www.ubereats.com/chicago/food-delivery/nanas/01-cYpkdQdiCeBhh9qdaBQ,lombard-illinois
https://www.ubereats.com/chicago/food-delivery/gloria-jeans-coffees/vncLxulkSmaFccj0Dfvtvg,lombard-illinois
https://www.ubereats.com/chicago/food-delivery/portillos-hot-dogs-235-north-ave/LfL03HHfSN6xD22F3DO6jg,lombard-illinois
https://www.ubereats.com/chicago/food-delivery/j-beez-mediterranean-%26-grill-restaurant/NCXlNtEnTYab9yc28E6Yww,lombard-illinois
https://www.ubereats.com/chicago/food-delivery/fitzs-bulldog/_HoNm30NQZ-BB6t7WrhISA,lombard-illinois
https://www.ubereats.com/chicago/food-delivery/mediterranean-oasis/ZT3wBdY0TxWfpT_dfwvh7g,lombard-illinois
https://www.ubereats.com/chicago/food-delivery/so-cheesy/udXRrJUURhaVlXRQt5rnig,lombard-illinois
https://www.ubereats.com/chicago/food-delivery/burger-king-1540-butterfield-road/HjJIRM9MQRKQ7RYMLmJO-Q,lombard-illinois
https://www.ubereats.com/chicago/food-delivery/the-happy-tapper/hIV8yIkLQMmhhU1UYTf_2w,lombard-illinois
https://www.ubereats.com/chicago/food-delivery/california-pizza-kitchen-551-oakbrook-center/pBTR76ksS_GkLJuimGtfAg,lombard-illinois
https://www.ubereats.com/chicago/food-delivery/fannie-may-ogden/oH24DT3MQSmtdJ6x6p5BKg,lombard-illinois
https://www.ubereats.com/chicago/food-delivery/sweet-baby-rays-barbecue-wood-dale/3Tz6Kv1wTJaml4bu3jSJeQ,lombard-illinois
https://www.ubereats.com/chicago/food-delivery/suparossa-restaurant/qwdXJUynSv2Sybgm31IZRA,lombard-illinois
https://www.ubereats.com/chicago/food-delivery/the-hen-house-of-wheaton/IJliFIRuQVOm_qk9QJKeMQ,lombard-illinois
https://www.ubereats.com/chicago/food-delivery/noodles-%26-company-2019-s-naperville-rd/zTaAXSuzSp2HMFqNxmVO5g,lombard-illinois
https://www.ubereats.com/chicago/food-delivery/panda-express-1070-n-rohlwing-rd/8JbHOUezQNqXVUPCotOSfA,lombard-illinois
https://www.ubereats.com/chicago/food-delivery/mcdonalds-naper-%26-ogden/Iowf3v7QS0W5VLcP6fxBng,lombard-illinois
https://www.ubereats.com/chicago/food-delivery/potbelly-sandwich-shop-bloomingdale-%7C-75/hGwH0nQIRYWT8TeqM-Ln_g,lombard-illinois
https://www.ubereats.com/chicago/food-delivery/los-burritos-tapatios-glen-ellyn/rGIHtZ1NS1WNsEUiiBOxYQ,lombard-illinois
https://www.ubereats.com/chicago/food-delivery/tacos-y-cemitas-poblana/T7k-ws0OSXCgdsDkGo6sAA,lombard-illinois
https://www.ubereats.com/chicago/food-delivery/nay-restaurant/c_tH8H8_Rf-BkB9CWIW-FA,lombard-illinois
https://www.ubereats.com/chicago/food-delivery/popeyes-844-e-roosevelt-rd/rvbCMmGPRcWhITpeShwg2Q,lombard-illinois
https://www.ubereats.com/chicago/food-delivery/food-street-restaurant/kxAN_GrESSGjrb2hki9XPw,lombard-illinois
https://www.ubereats.com/chicago/food-delivery/dunkin-651-roosevelt-rd/yi5BKwdWQrK79fE962fiSA,lombard-illinois
https://www.ubereats.com/chicago/food-delivery/starbucks-roosevelt-%26-nicoll/E9ZmxfCNRXygIjhMjw4yOw,lombard-illinois
https://www.ubereats.com/chicago/food-delivery/bulldog-ale-house-roselle/Ms5a-pxxSk6gWNGglSe8rg,lombard-illinois
https://www.ubereats.com/chicago/food-delivery/fannie-may-elmhurst/9iMTy4m8QVuxJF9ty5X5vA,lombard-illinois
https://www.ubereats.com/chicago/food-delivery/mcdonalds-lake-%26-mill/Nlc9YBfLT7--9kdHjQKfgQ,lombard-illinois
https://www.ubereats.com/chicago/food-delivery/fahrenheit-786/XOSMuUp5TzyNAyKbzz3XbA,lombard-illinois
https://www.ubereats.com/chicago/food-delivery/hummingbird-restaurant/N5OnKJk7TQWRK7OPQUsGng,lombard-illinois
https://www.ubereats.com/chicago/food-delivery/hooters-downers-grove-%26-butterfield/zMy8wxVrSMu4HFAZpGSsbw,lombard-illinois
https://www.ubereats.com/chicago/food-delivery/mcdonalds-roosevelt-%26-main/wE7PeS6GSPGApQCJEqLmeQ,lombard-illinois
https://www.ubereats.com/chicago/food-delivery/cousins-pizza-pub/XBBnDVP8SA6lnps4MTG7fQ,lombard-illinois
https://www.ubereats.com/chicago/food-delivery/urban-counter-hinsdale/BBIbekYfSRSxQVBdtWgTIg,lombard-illinois
https://www.ubereats.com/chicago/food-delivery/ds-treats/Y4NDLlH4SGyGYfRXhCRmbA,lombard-illinois
https://www.ubereats.com/chicago/food-delivery/kebab-house/oMs8pW4ATqilaLXXmq44jQ,lombard-illinois
https://www.ubereats.com/chicago/food-delivery/dunkin-121-w-ogden-ave/ajUIrtrtS2u4O5j_LWzBbw,lombard-illinois
https://www.ubereats.com/chicago/food-delivery/another-round-bar-and-grill/74EGOKNkQRSd2c9HF-sEWg,lombard-illinois
https://www.ubereats.com/chicago/food-delivery/fry-the-coop-elmhurst/2AkSPkA3Q_mPP0eilpYy9Q,lombard-illinois
https://www.ubereats.com/chicago/food-delivery/mariscos-el-amigo-3/dr7YrqgLRTGX2X8pMKYTwQ,lombard-illinois
https://www.ubereats.com/chicago/food-delivery/green-street-grille/WWI5KQWATU6lKgFaUCoM_Q,lombard-illinois
https://www.ubereats.com/chicago/food-delivery/calzones-highland-ave/f5nL9n77TBKmlIC7Ag1Ysg,lombard-illinois
https://www.ubereats.com/chicago/food-delivery/wildfire-oak-brook/EArDI_IATQ-ejvek4jpUiQ,lombard-illinois
https://www.ubereats.com/chicago/food-delivery/davanti-enoteca-western-springs/zYrem14PSHWcO4DBNOAtwQ,lombard-illinois
https://www.ubereats.com/chicago/food-delivery/honey-jam-cafe-downers-grove/hyUAKwqTR_i01zXKDDGT9w,lombard-illinois
https://www.ubereats.com/chicago/food-delivery/chipotle-mexican-grill-2103-clearwater-dr/RT1o67j5Sc6puZjTf7dmgA,lombard-illinois
https://www.ubereats.com/chicago/food-delivery/skinnysweet-frozen-yogurt/LD_wNNkhSEuCpvtDQ3FlRw,lombard-illinois
https://www.ubereats.com/chicago/food-delivery/the-clubhouse-oak-brook/iniAqgjiTGWOKxKm9N_sEQ,lombard-illinois
https://www.ubereats.com/chicago/food-delivery/stray-hen-cafe/Hwzz1upbSy68ecDAWVSbAA,lombard-illinois
https://www.ubereats.com/chicago/food-delivery/la-barra-oak-brook/FAbLeJORTcytl8OwZ_C_VQ,lombard-illinois
https://www.ubereats.com/chicago/food-delivery/char-kabobs/T5cpBX_FQZuaPsSGXO_3QQ,lombard-illinois
https://www.ubereats.com/chicago/food-delivery/between-the-buns-naperville/3_yCLeIuT--I8MIMkyfzog,lombard-illinois
https://www.ubereats.com/chicago/food-delivery/chinns-34th-street-fishery/GwLEMNybRryEkycp3SFsTw,lombard-illinois
https://www.ubereats.com/chicago/food-delivery/nu-crepes/LAkBDlaUSlyvPBrewGr2DA,lombard-illinois
https://www.ubereats.com/chicago/food-delivery/brothers-mexican-grill-4824-butterfield-rd/pL7fIH9KSxGzF01fo7tUEQ,lombard-illinois
https://www.ubereats.com/chicago/food-delivery/chipotle-mexican-grill-695-roosevelt-rd/NPxX7rApS5OonacPxZng9Q,lombard-illinois
https://www.ubereats.com/chicago/food-delivery/rockys-gyros/L01vc3w7SHakwnoO0a12DA,lombard-illinois
https://www.ubereats.com/chicago/food-delivery/big-suchir/Avd5-RZsSvKAO8N0fW7aTQ,lombard-illinois
https://www.ubereats.com/chicago/food-delivery/domo-77-glendale-heights/6VGE1wWmSbWaKX8FbTq5ug,lombard-illinois
https://www.ubereats.com/chicago/food-delivery/palmers-burger-bar/GtwmzsScTVakw09_SxL4YA,lombard-illinois
https://www.ubereats.com/chicago/food-delivery/billy-bricks-wood-fired-pizza-naperville/lgWDT1yKSw-T_eb_lPgVcQ,lombard-illinois
https://www.ubereats.com/chicago/food-delivery/manhattan-club/QcpYoKecQGmJr1utzGQGFg,lombard-illinois
https://www.ubereats.com/chicago/food-delivery/brewpoint-coffee-workshop-%26-roastery/lNiWJYFMShOZ7QU-9DZALw,lombard-illinois
https://www.ubereats.com/chicago/food-delivery/steak-n-shake-275-e-army-trail/ozxj9ed0T_yI7jdfwxynxA,lombard-illinois
https://www.ubereats.com/chicago/food-delivery/taco-bell-3063-s-wolf-rd/PZw9dJxGQLCRC1_u44aXLA,lombard-illinois
https://www.ubereats.com/chicago/food-delivery/pozoleria-amiguitas/CBvw1wRaQFy8g3jh2hMUSQ,lombard-illinois
https://www.ubereats.com/chicago/food-delivery/dolce-restaurant-%26-wine-bar/P2sHwx6QQ8GCtYO8VnTxgA,lombard-illinois
https://www.ubereats.com/chicago/food-delivery/doctor-dogs/xFLvawSBReqw4e-Z-uo3eA,lombard-illinois
https://www.ubereats.com/chicago/food-delivery/vanilla-sugar-bakery/PaVDyEO-TmOw43OzPjr2kw,lombard-illinois
https://www.ubereats.com/chicago/food-delivery/kfc-carol-stream/cAjCna03SbalScwBYxFnvA,lombard-illinois
https://www.ubereats.com/chicago/food-delivery/sarpinos-pizzeria-322-w-army-trail-rd/ynjzoHEwQrOGf4Fu-B5D0w,lombard-illinois
https://www.ubereats.com/chicago/food-delivery/playas-bar-and-grill/8YQfJbdDQqy1IPzUqjz7yw,lombard-illinois
https://www.ubereats.com/chicago/food-delivery/maple-cafe/ku4_tU5dR0a6CaC6fyEsTw,lombard-illinois
https://www.ubereats.com/chicago/food-delivery/dunkin-donuts-oak-brook/z24RXuPYSE6Ns-TeCVw2sw,lombard-illinois
https://www.ubereats.com/chicago/food-delivery/colombians-taste/Vxp-8CXET76kBM1VwlPgnA,lombard-illinois
https://www.ubereats.com/chicago/food-delivery/starbucks-799-butterfield/BXFVoObURRill8_5RUlung,lombard-illinois
https://www.ubereats.com/chicago/food-delivery/nwb-the-next-whiskey-bar/mdE-yqqJR3Crtae0VtrtdQ,lombard-illinois
https://www.ubereats.com/chicago/food-delivery/jamba-juice-278-danada-square-west/uuGLlRiQRouzHaOV-JZ4iA,lombard-illinois
https://www.ubereats.com/chicago/food-delivery/dennys-363-s-schmale-road/79j6qXtyTveiSq1CojC10A,lombard-illinois
https://www.ubereats.com/chicago/food-delivery/burger-king-545-west-north-avenue/9thNiJwqRH6D8FoZu4pqAw,lombard-illinois
https://www.ubereats.com/chicago/food-delivery/golden-corral-154-s-gary-ave/0oTjSJn3R0qREroaaS6vYA,lombard-illinois
https://www.ubereats.com/chicago/food-delivery/kfc-bloomingdale/nki7qTqLSHi0PPbxFU1MHw,lombard-illinois
https://www.ubereats.com/chicago/food-delivery/alfies-inn/32loHaXWSE2y4bY1rxq12g,lombard-illinois
https://www.ubereats.com/chicago/food-delivery/bnk-thai-%26-sushi/zJoH-ms8QgilepeIqK6PxQ,lombard-illinois
https://www.ubereats.com/chicago/food-delivery/los-sombreros-taqueria/VhrolDbXTb2npCR-QgYa8A,lombard-illinois
https://www.ubereats.com/chicago/food-delivery/chiba-japanese/za-rCerER_6WRi_8jZ5SfQ,lombard-illinois
https://www.ubereats.com/chicago/food-delivery/butterfields-oakbrook-terrace/pK_n1amMTVKJekdDmed3pg,lombard-illinois
https://www.ubereats.com/chicago/food-delivery/shree-indian-restaurant-westmont/-ksJRGsfQb6WU4VfG4XtYA,lombard-illinois
https://www.ubereats.com/chicago/food-delivery/dunkin-411-e-north-ave/oGWtpyE4RhWwCptvyFk_mA,lombard-illinois
https://www.ubereats.com/chicago/food-delivery/smallcakes-of-elmhurst/qL5KWu1uSHGGOmhakOeV9g,lombard-illinois
https://www.ubereats.com/chicago/food-delivery/burrito-parrilla-mexicana-lisle/dlOeuS4BS1Sl3oZxKP3U5w,lombard-illinois
https://www.ubereats.com/chicago/food-delivery/red-mango-233-town-sq/wV8ZBCohRYyyvPRMHxJG8g,lombard-illinois
https://www.ubereats.com/chicago/food-delivery/subway-3-s-100-rt-53/bLfyxVpERPuwgMeImURzqA,lombard-illinois
https://www.ubereats.com/chicago/food-delivery/new-korea-garden/3Pz-8KKCTHGnqn8sLnCyQQ,lombard-illinois
https://www.ubereats.com/chicago/food-delivery/midnight-kitchen/nKCLpWxsSDWqwbXNL1SB1Q,lombard-illinois
https://www.ubereats.com/chicago/food-delivery/mod-pizza-downers-grove/trC1LMA_SgWsxCRu6-xYLQ,lombard-illinois
https://www.ubereats.com/chicago/food-delivery/pierce-tavernmain-st/m3vRucIvSZGTLL6tdeBDag,lombard-illinois
https://www.ubereats.com/chicago/food-delivery/subway-159-e-north-ave/aJrvU7xGRxSHnEsMQxCJuA,lombard-illinois
https://www.ubereats.com/chicago/food-delivery/pepes-woodridge-il/Y6RW-R26SkeahKpUSyeQOg,lombard-illinois
https://www.ubereats.com/chicago/food-delivery/meal-village/_eFAo3UUT9mhDJ-8CX2Tbw,lombard-illinois
https://www.ubereats.com/chicago/food-delivery/pyramid-pizzeria-%26-sports-bar-addison/bblsGIM4QzSFQv-XN8bXUg,lombard-illinois
https://www.ubereats.com/chicago/food-delivery/portillos-hot-dogs-1500-butterfield-rd/MR-_rmoqT_ud7vA6yisOog,lombard-illinois
https://www.ubereats.com/chicago/food-delivery/dunkin-2040-s-naperville-rd/jDTzo8S8QP6Ym8dUVhhOdA,lombard-illinois
https://www.ubereats.com/chicago/food-delivery/good-tequilas-mexican-grill-glendale-heights/4RzGgLtcSyK6-hJlie4xiA,lombard-illinois
https://www.ubereats.com/chicago/food-delivery/starbucks-north-%26-route-83/FKmbziokSY28pCb8NkQuow,lombard-illinois
https://www.ubereats.com/chicago/food-delivery/subway-183-s-il-route-83/RRjVMv1uTLmdoGxfrFnlag,lombard-illinois
https://www.ubereats.com/chicago/food-delivery/las-palmas-of-naperville-inc/M1fcFqe3SumcDBNR0SAuRA,lombard-illinois
https://www.ubereats.com/chicago/food-delivery/kizuna-sushi-bistro/mDzkKkgfR323PClFNUUCtg,lombard-illinois
https://www.ubereats.com/chicago/food-delivery/jins-china/r6D214fgRRuj9J_wx0CLYw,lombard-illinois
https://www.ubereats.com/chicago/food-delivery/starbucks-naper-%26-ogden/ALkOhSV0Rv-3WNWgTKDRzw,lombard-illinois
https://www.ubereats.com/chicago/food-delivery/sushi-time/va-EBFAnQCC3a0We0FIfgg,lombard-illinois
https://www.ubereats.com/chicago/food-delivery/601-bar-%26-grill/WjnTRQtCTuSv0nhjEIxTFg,lombard-illinois
https://www.ubereats.com/chicago/food-delivery/chipotle-mexican-grill-18w050-22nd-st/mULYWmgsSUmIRE5Z9rXpZQ,lombard-illinois
https://www.ubereats.com/chicago/food-delivery/chipotle-mexican-grill-298-w-north-ave-unit-1/6YIOk6tlTtGOLu-4m-_zlg,lombard-illinois
https://www.ubereats.com/chicago/food-delivery/dunkin-522-ogden-ave/aVj0qVH1RxmK1MZcCEph7A,lombard-illinois
https://www.ubereats.com/chicago/food-delivery/akwa-fusion-cuisine/YAj-amn_Stqx1gGlP_gZJg,lombard-illinois
https://www.ubereats.com/chicago/food-delivery/mod-pizza-bloomingdale-court/SIeNYNQBT_yyM4Ov_bSwhw,lombard-illinois
https://www.ubereats.com/chicago/food-delivery/starbucks-downers-grove-main-%26-warren/AnhVwIsUQ6i0ttDS7gWDxA,lombard-illinois
https://www.ubereats.com/chicago/food-delivery/sr-tatos/kJs5CddZRo-IbYh0nci4sg,lombard-illinois
https://www.ubereats.com/chicago/food-delivery/four-seasons-steak-%26grill/R951BCO0TvyQlLM3WBe87A,lombard-illinois
https://www.ubereats.com/chicago/food-delivery/amigas-restaurant/UnLUzkdyQLOVVq7B9rg4og,lombard-illinois
https://www.ubereats.com/chicago/food-delivery/subway-404-w-roosevelt-rd/dt6A-n8KRa-uRCISOXvpJA,lombard-illinois
https://www.ubereats.com/chicago/food-delivery/foodhaul-carol-stream/ovQTJxI_RlO9M5BLGt8WYg,lombard-illinois
https://www.ubereats.com/chicago/food-delivery/mojos-east-coast-eats/iI2pARBJQd-PU7LejMgY1A,lombard-illinois
https://www.ubereats.com/chicago/food-delivery/strats/B8HQ0FvYTfSOldYWxeGe4w,lombard-illinois
https://www.ubereats.com/chicago/food-delivery/lao-sze-chuan-restaurant-downers-grove/-QAszjVaTo62s4dTvawpZw,lombard-illinois
https://www.ubereats.com/chicago/food-delivery/mon-ami-gabi-oak-brook-center/VQHij92TRhmRv4BsxdTcSg,lombard-illinois
https://www.ubereats.com/chicago/food-delivery/honeyberry-cafe/-kH7WDfwQA2GHh10jM7n5w,lombard-illinois
https://www.ubereats.com/chicago/food-delivery/starbucks-north-%26-schmale/ski0aloxQq-BUudjgEScOQ,lombard-illinois
https://www.ubereats.com/chicago/food-delivery/burgerim/XxnzFkeBTzyyxT1i2FSOGQ,lombard-illinois
https://www.ubereats.com/chicago/food-delivery/between-the-buns-wheaton/XOKoYL39Q1u6Xb9ZUIEe3g,lombard-illinois
https://www.ubereats.com/chicago/food-delivery/courageous-bakery-and-cafe-108/s5QbJwRiRXWeZsKt3M_Wpw,lombard-illinois
https://www.ubereats.com/chicago/food-delivery/burger-king-440-west-lake-street/Un5A_V2oRyitez10OnvR9w,lombard-illinois
https://www.ubereats.com/chicago/food-delivery/capri-to-go/2F1h-lE6Qr-r4p13eri_kQ,lombard-illinois
https://www.ubereats.com/chicago/food-delivery/dunkin-17521-roosevelt-rd/I8v0AykgTYW72oHcig7beA,lombard-illinois
https://www.ubereats.com/chicago/food-delivery/cold-stone-creamery-122-stratford-square-mall/rE3MsC9hQUayDspdBFJCVw,lombard-illinois
https://www.ubereats.com/chicago/food-delivery/dunkin-donuts-roosevelt-rd/nZ6zPpXpQky7c-40t2Fpeg,lombard-illinois
https://www.ubereats.com/chicago/food-delivery/ramen-sensei-310-yorktown-center/1eFh-7sBS7G8YaR9Fl2ywA,lombard-illinois
https://www.ubereats.com/chicago/food-delivery/portillos-hot-dogs-155-s-route-83/naY4uTIAQBymk-7uybKuVQ,lombard-illinois
https://www.ubereats.com/chicago/food-delivery/burger-king-1021-east-st-charles-road/WEtuP9i2ThW7wqPOKzGaaA,lombard-illinois
https://www.ubereats.com/chicago/food-delivery/kona-grill-oak-brook/MJYX9AY6SkGgRha8JHX8hA,lombard-illinois
https://www.ubereats.com/chicago/food-delivery/little-caesars/HSSbmiGbQle4g12glvUkxg,lombard-illinois
https://www.ubereats.com/chicago/food-delivery/il-sogno/Q9fKFyE2Qqu_9BoNluMq7w,lombard-illinois
https://www.ubereats.com/chicago/food-delivery/crazy-pour-sports-bar/PdhuEpzdQ2-Q-VFXCsKV2A,lombard-illinois
https://www.ubereats.com/chicago/food-delivery/egg-jam-highland-ave/Srko6eGKRVW_CZJbpUJCvQ,lombard-illinois
https://www.ubereats.com/chicago/food-delivery/el-famous-burrito-lombard/8nV9-LeaRBK4vJKhe8fRzw,lombard-illinois
https://www.ubereats.com/chicago/food-delivery/mcdonalds-irving-park-%26-prospect/vdTrW2ddQPWsa4E0gdunNw,lombard-illinois
https://www.ubereats.com/chicago/food-delivery/tacochela/7YoZLOAWTKCptALUCL2DNQ,lombard-illinois
https://www.ubereats.com/chicago/food-delivery/chipotle-mexican-grill-2119-w-roosevelt-rd/0DmIfQ9gQt2yWr_FvqCZmQ,lombard-illinois
https://www.ubereats.com/chicago/food-delivery/woodgrain-neapolitan-pizzeria-glen-ellyn/RmqX98GwSNO670NyAeO1Hw,lombard-illinois
https://www.ubereats.com/chicago/food-delivery/corkys-catering/SvUgw3BUR4maCztMqeQtzg,lombard-illinois
https://www.ubereats.com/chicago/food-delivery/potbelly-sandwich-shop-westmont-dt-%7C-355/X8FhmEq8SueRKAEtdwPMIQ,lombard-illinois
https://www.ubereats.com/chicago/food-delivery/dunkin-4300-lincoln-ave-unit-a/PrmqDUjxT0apyGVG1WbaFg,lombard-illinois
https://www.ubereats.com/chicago/food-delivery/taco-bell-74-stratford-dr/yRf8oqAnQxi03iOzbmInlA,lombard-illinois
https://www.ubereats.com/chicago/food-delivery/centro-burger-%26-shake/xZAxI-TaQwKMcldpznmO2Q,lombard-illinois
https://www.ubereats.com/chicago/food-delivery/dunkin-donuts-addison/Yf-yX7ZhTtOpV-zBEc6jcQ,lombard-illinois
https://www.ubereats.com/chicago/food-delivery/pinched-mediterranean-grill/AMAx2rxUSLWfzCpHtZu0Ww,lombard-illinois
https://www.ubereats.com/chicago/food-delivery/mcdonalds-butterfield-%26-york/ao9c96NNTd6L48bv1IWLhQ,lombard-illinois
https://www.ubereats.com/chicago/food-delivery/potbelly-sandwich-shop-wheaton-relo-%7C-262/CzMVoQe9RayMxyp7WnNVRA,lombard-illinois
https://www.ubereats.com/chicago/food-delivery/ballydoyle-irish-pub-downers-grove/usKHSH8tQDKQFCev3zqYcw,lombard-illinois
https://www.ubereats.com/chicago/food-delivery/skuddlebutts/C0OjnXn6Rp2OTdz_MCRH4g,lombard-illinois
https://www.ubereats.com/chicago/food-delivery/fresh-start-cafe/npFoDnFXR7K28aR1yGmIsw,lombard-illinois
https://www.ubereats.com/chicago/food-delivery/papa-saverios-pizza/TMHFkQUET_ycQAxaLfgiIA,lombard-illinois
https://www.ubereats.com/chicago/food-delivery/buenos-dias-burritos/oMAxzm6JQaOv-o6LbuCLmQ,lombard-illinois
https://www.ubereats.com/chicago/food-delivery/rosatis-pizza-carol-stream-hiawatha/pEqHoW1JRUOH-YHgbse55A,lombard-illinois
https://www.ubereats.com/chicago/food-delivery/magarottos/CvEW3YglSKC7HixHwhSjWw,lombard-illinois
https://www.ubereats.com/chicago/food-delivery/zazas/47-v5gu2S1uP3BSsCgDkYQ,lombard-illinois
https://www.ubereats.com/chicago/food-delivery/starbucks-butterfield-%26-finley/aITvNFG7QQeLtwDwLIJd2g,lombard-illinois
https://www.ubereats.com/chicago/food-delivery/papa-saverios-pizzeria-county-farm-%26-north/SdLlkBlnT4mOYoOYlTWvFQ,lombard-illinois
https://www.ubereats.com/chicago/food-delivery/chipotle-mexican-grill-396-w-army-trail-rd/IdsgSwUkSs65OARw81_tJg,lombard-illinois
https://www.ubereats.com/chicago/food-delivery/q-bar-glendale-heights/fyVrVjlGQ3e7G263c9gXNg,lombard-illinois
https://www.ubereats.com/chicago/food-delivery/mai-thai-cafe/mx7OQVXuR1iDZ9zq5ahYwA,lombard-illinois
https://www.ubereats.com/chicago/food-delivery/lili-sushi/bu-jhQKlS7CgzLbU_cdOMQ,lombard-illinois
https://www.ubereats.com/chicago/food-delivery/papa-johns-pizza-melrose-park/BwCx4culRPqox8l_jqQDdw,lombard-illinois
https://www.ubereats.com/chicago/food-delivery/jersey-mikes-subs-2115-w-roosevelt-rd/iS5JUNSDSyeptnv1qcjtlw,lombard-illinois
https://www.ubereats.com/chicago/food-delivery/sammys-mexican-grill-and-bar-roselle/6uhwaen-Q_erGEJJjKN9wA,lombard-illinois
https://www.ubereats.com/chicago/food-delivery/petey-pasta-vr-front-st/L7hjbYmQQIiJ2pzePJxL1Q,lombard-illinois
https://www.ubereats.com/chicago/food-delivery/carols-garden-restaurant/_oOh94DPRH-fST30ererOw,lombard-illinois
https://www.ubereats.com/chicago/food-delivery/noodles-%26-company-342-yorktown-shopping-center/AA_y_miUSFmAQGUYnO-H_Q,lombard-illinois
https://www.ubereats.com/chicago/food-delivery/briki-cafe/68vzcHjFQtCmX6jj0kXB1w,lombard-illinois
https://www.ubereats.com/chicago/food-delivery/subway-2303-w-63rd-st/ojwN9_OKSWe2iXF-TIcXyQ,lombard-illinois
https://www.ubereats.com/chicago/food-delivery/starbucks-mannheim-rd-%26-grand-ave/V_DJRXLyTGGspLWp1UvXVQ,lombard-illinois
https://www.ubereats.com/chicago/food-delivery/flat-top-grill-lombard/GedKlrcNSPmYjWnyuuqnKA,lombard-illinois
https://www.ubereats.com/chicago/food-delivery/mac-daddys-naperville/siErqqT-SNa1DogFlxUehw,lombard-illinois
https://www.ubereats.com/chicago/food-delivery/sakura-nami/Lh3hW6EoQgytsqOU5H8yZQ,lombard-illinois
https://www.ubereats.com/chicago/food-delivery/friacos-mexican-grill-and-cantina-lisle/deGxlrmcRNuWYzv9ZR0Tew,lombard-illinois
https://www.ubereats.com/chicago/food-delivery/starbucks-main-%26-crescent/VW98n6eBSRCTk2LiDllm2g,lombard-illinois
https://www.ubereats.com/chicago/food-delivery/starbucks-geneva-%26-main/BEem0ZzvSBCIuV_KJVHJTA,lombard-illinois
https://www.ubereats.com/chicago/food-delivery/the-bunker-bar-%26-grill/8ko39sxkS7a4g11OKQ3nmA,lombard-illinois
https://www.ubereats.com/chicago/food-delivery/dunkin-222-w-army-trail-rd/xyR5GgcPTEqOVyHwmPSOMw,lombard-illinois
https://www.ubereats.com/chicago/food-delivery/big-boss-pizza/rjNEn2CCTaaQQ1AUOUO4xg,lombard-illinois
https://www.ubereats.com/chicago/food-delivery/dunkin-1931-w-ogden-ave/1LD4znNOQGCqjdyixEad3Q,lombard-illinois
https://www.ubereats.com/chicago/food-delivery/subway-1033-west-north-ave/ra9-51OrSJ6aGZqwRDA9Hg,lombard-illinois
https://www.ubereats.com/chicago/food-delivery/zazzos-pizza-westmont/enmbAxBRRgau2mn1a3i1QQ,lombard-illinois
https://www.ubereats.com/chicago/food-delivery/halsted-street-deli/2XVoMCRuRgiz-dUE5xVnQQ,lombard-illinois
https://www.ubereats.com/chicago/food-delivery/arbys-2910-s-finley-rd/aBFygoVZTFO5hIHieo8Zcg,lombard-illinois
https://www.ubereats.com/chicago/food-delivery/shawarma-express/ugMgQq8VTr6nLQImkk4EiA,lombard-illinois
https://www.ubereats.com/chicago/food-delivery/dunkin-6310-woodward-ave/xLi-69bwRfOQ7sHQxLptDQ,lombard-illinois
https://www.ubereats.com/chicago/food-delivery/outback-steakhouse-166-south-gary-avenue/W6BvG5bkQpOyXc0ZuqFFuQ,lombard-illinois
https://www.ubereats.com/chicago/food-delivery/famous-daves-1631-west-lake-street/jABl9Hz9TRGKIzDlyRGw4w,lombard-illinois
https://www.ubereats.com/chicago/food-delivery/popeyes-ogden-%26-old-tavern/14lg5clgTeSZ90NNAjt7oA,lombard-illinois
https://www.ubereats.com/chicago/food-delivery/skinnysweet-frozen-yogurt/ndbio-wIR528mk3v4GDs8Q,lombard-illinois
https://www.ubereats.com/chicago/food-delivery/buffalo-wild-wings-207-e-roosevelt-rd/bJvEaz3rQwSXKcD0Zaxl1g,lombard-illinois
https://www.ubereats.com/chicago/food-delivery/priyas-kitchen-westmont/-6clMLQeSWmI_O6dEy3qNg,lombard-illinois
https://www.ubereats.com/chicago/food-delivery/red-apple-pancake-house-schmale-rd/1DkpQG6GQBmgbQ2sGr6juw,lombard-illinois
https://www.ubereats.com/chicago/food-delivery/ihop-mannheim-%26-harrison/2kwRr5hBRPu1-EdcUHApHg,lombard-illinois
https://www.ubereats.com/chicago/food-delivery/cassanos-pizzeria/_ohiU9AbQ_qaIV8tGZtd3Q,lombard-illinois
https://www.ubereats.com/chicago/food-delivery/rosatis-pizza-bloomingdale/bTk3TYq6QaSNmf2acNctkQ,lombard-illinois
https://www.ubereats.com/chicago/food-delivery/los-burritos-tapatios-downers-grove/8hnvc2ONR2qNpICRwXa80Q,lombard-illinois
https://www.ubereats.com/chicago/food-delivery/kababish-karahi-%26-grill/gCbA22MITvO8a-SMqZhuPg,lombard-illinois
https://www.ubereats.com/chicago/food-delivery/dunkin-298-w-north-ave-ste-8/uxc_RLblSMaKVZgZ8-yjbg,lombard-illinois
https://www.ubereats.com/chicago/food-delivery/dairy-queen-treat-224-e-irving-park-rd/d_PkTJGNS-Wi6ZeVGneC8g,lombard-illinois
https://www.ubereats.com/chicago/food-delivery/dunkin-148-w-north-ave/USvEZKkPRZK57fSJcLP0Qw,lombard-illinois
https://www.ubereats.com/chicago/food-delivery/christys-restaurant/WQAOW4Z9R2OVjrsN6eC6cg,lombard-illinois
https://www.ubereats.com/chicago/food-delivery/harolds-shrimp-chicken-and-pizzeria/_AZMlI2PQOqTZgMaufFqdA,lombard-illinois
https://www.ubereats.com/chicago/food-delivery/cafe-on-the-park/bcDhRlHNTtiy0WOxHJA6Hw,lombard-illinois
https://www.ubereats.com/chicago/food-delivery/southtown-hotdogs/jpob2uI2Rume5CFZwV1iFw,lombard-illinois
https://www.ubereats.com/chicago/food-delivery/la-campana/XfqFSJ4JRa6RngybLRl_zg,lombard-illinois
https://www.ubereats.com/chicago/food-delivery/dunkin-1-w-st-charles-rd/18kjK877TduZU_uU68vUPQ,lombard-illinois
https://www.ubereats.com/chicago/food-delivery/pizza-hub-inc/UJYMOZL6RRSQionTWHc2YQ,lombard-illinois
https://www.ubereats.com/chicago/food-delivery/tacos-el-tio-%233/c38Sa4aCSe6mV2HWuk9-pg,lombard-illinois
https://www.ubereats.com/chicago/food-delivery/scrumptious-by-hira/4oLvCSElStW6lvS9KAjXsQ,lombard-illinois
https://www.ubereats.com/chicago/food-delivery/auntie-annes-403-oakbrook-center/Njzmz8jwRCWnhIbEOOR1fw,lombard-illinois
https://www.ubereats.com/chicago/food-delivery/subway-450-w-lake-st/mq3MegWAQYOF1ARnHektWg,lombard-illinois
https://www.ubereats.com/chicago/food-delivery/panda-express-1010-ogden-ave/uNNK0XEgTBusSdZmJkx2tg,lombard-illinois
https://www.ubereats.com/chicago/food-delivery/chipotle-mexican-grill-1203-ogden-ave/CR0Jrk5iQcGdpSTx3L-TrA,lombard-illinois
https://www.ubereats.com/chicago/food-delivery/schmaltz-delicatessen/4S6FeZULQBC0iSdPBxa1EQ,lombard-illinois
https://www.ubereats.com/chicago/food-delivery/palmer-place-restaurant-and-biergarten/-wlJeB9OTxSPPd_vyT2MEg,lombard-illinois
https://www.ubereats.com/chicago/food-delivery/kfc-872-north-york-road/5-9PeO5vR1CLE6muwd8BSA,lombard-illinois
https://www.ubereats.com/chicago/food-delivery/mcdonalds-roosevelt-%26-mannheim/oQb8rlVRTmS6Htf5Rfc0Kw,lombard-illinois
https://www.ubereats.com/chicago/food-delivery/sgd-dubu-oakbrook-terrace/wFRFvxqkSdis-l2bSNkQHA,lombard-illinois
https://www.ubereats.com/chicago/food-delivery/jamba-juice-17w426-22nd-street/3GclvrhpTM2FdBcUbWcEiA,lombard-illinois
https://www.ubereats.com/chicago/food-delivery/browns-chicken-elk-grove-village/a5uAawmGSwOH0voY56RhRw,lombard-illinois
https://www.ubereats.com/chicago/food-delivery/grilled-cheesin/zARAjV5UQQWy4gSti2EU4w,lombard-illinois
https://www.ubereats.com/chicago/food-delivery/ariston-restaurant/eny2yF-uTpCKKmJBVNVP6A,lombard-illinois
https://www.ubereats.com/chicago/food-delivery/young-prince/oh6yLZY-QzSVwpaaA34yFA,lombard-illinois
https://www.ubereats.com/chicago/food-delivery/potbelly-sandwich-shop-northlake-%7C-146/wzg7qtg1SPGg8QejOn3oug,lombard-illinois
https://www.ubereats.com/chicago/food-delivery/gary-burritos/VgcXSFqvT2S6askOxbELrQ,lombard-illinois
https://www.ubereats.com/chicago/food-delivery/burger-king-590-roosevelt-road/UMOnhSvHRduN5oXW9giRwQ,lombard-illinois
https://www.ubereats.com/chicago/food-delivery/middleterranean/1LXwpCECTMij_0mt4GOT0A,lombard-illinois
https://www.ubereats.com/chicago/food-delivery/pita-pita-mediterranean-grill-lombard/UO7jLyN2TfS4HoHOMcP8IA,lombard-illinois
https://www.ubereats.com/chicago/food-delivery/idof-i-dream-of-falafel-oakbrook/8N3_YdA2TVa4wFFy__U8gw,lombard-illinois
https://www.ubereats.com/chicago/food-delivery/chic-chef/TlaQxeP_TK6QGd3RvjBbjQ,lombard-illinois
https://www.ubereats.com/chicago/food-delivery/starbucks-lake-%26-rohlwing/fYsGP-MtT4WfGNsM2z94eA,lombard-illinois
https://www.ubereats.com/chicago/food-delivery/taco-bell-125-w-roosevelt-rd/pRs07qGgTcalgLlkN-eLfg,lombard-illinois
https://www.ubereats.com/chicago/food-delivery/dunkin-1004-w-irving-park-rd/l-jRfAtCQxSDXVEiVrQKsw,lombard-illinois
https://www.ubereats.com/chicago/food-delivery/scoobys-red-hots/dDSL2oSoQJm9Yzxz6txaCg,lombard-illinois
https://www.ubereats.com/chicago/food-delivery/subway-357-w-ogden-ave/3DmLgKQwQhK0KS86ghxulQ,lombard-illinois
https://www.ubereats.com/chicago/food-delivery/bayleaf-by-saffron/ts8M8UibShyBDsF-QnoDBQ,lombard-illinois
https://www.ubereats.com/chicago/food-delivery/sushi-ukai-glen-ellyn/Z-NfdXS4R8O_hlrg-NVz1w,lombard-illinois
https://www.ubereats.com/chicago/food-delivery/neat-kitchen-%2B-bar/69k4VkGuRnSS8cHwATO3yg,lombard-illinois
https://www.ubereats.com/chicago/food-delivery/granite-city-food-%26-brewery-1828-abriter-ct/CPMtw2RATvSUAukTx12fHw,lombard-illinois
https://www.ubereats.com/chicago/food-delivery/dunkin-936-n-york-rd/QGP7N2y_RGqz9tEOVrSOYA,lombard-illinois
https://www.ubereats.com/chicago/food-delivery/mapo-restaurant/otABfe8jRcyOooacU_s9dA,lombard-illinois
https://www.ubereats.com/chicago/food-delivery/di-leos-pizzeria/RSyqjez4RLyH-8p7B3u5kQ,lombard-illinois
https://www.ubereats.com/chicago/food-delivery/protein-bar-%26-kitchen-york-%26-22nd-st/Zg68NwEqRGelfKiIYzYh_w,lombard-illinois
https://www.ubereats.com/chicago/food-delivery/panda-express-264-danada-square-w/_Wt_43ndQbu690auB2hWRw,lombard-illinois
https://www.ubereats.com/chicago/food-delivery/sunmist/QVbivkOTSVa4FnY5Ks36Sw,lombard-illinois
https://www.ubereats.com/chicago/food-delivery/ginos-east-wheaton/Z9L7YaSCSrqT-v6RapTPog,lombard-illinois
https://www.ubereats.com/chicago/food-delivery/krispy-kreme-110-s-mannheim-rd/PiuFy9ABQwa8YLM6dgQMWA,lombard-illinois
https://www.ubereats.com/chicago/food-delivery/brunch-cafe-roselle/7f-2HfB-R2STUYq3BCzF_g,lombard-illinois
https://www.ubereats.com/chicago/food-delivery/labriola-cafe-oak-brook/TRdussV4RK6FPPZMwfRxrA,lombard-illinois
https://www.ubereats.com/chicago/food-delivery/pizza-hub/ZrLG4b2fStmj98acUJskbQ,lombard-illinois
https://www.ubereats.com/chicago/food-delivery/portillos-hot-dogs-635-1-2-north-ave/F8hF9hTlS8WP7oXFhrFoYw,lombard-illinois
https://www.ubereats.com/chicago/food-delivery/punkys-pub/LoVWVzltT0eAs4-Wre4vBA,lombard-illinois
https://www.ubereats.com/chicago/food-delivery/millhurst-charhouse-%26-banquets/ClJmpbTXTw-1-jXOmFKKiw,lombard-illinois
https://www.ubereats.com/chicago/food-delivery/uncle-petes-pizzeria/XaZrZaaXQfylA4q5sD-H5A,lombard-illinois
https://www.ubereats.com/chicago/food-delivery/subway-113-schiller-st/CK4pZ1TKRV6OybkezzcXvg,lombard-illinois
https://www.ubereats.com/chicago/food-delivery/tacos-n-tarka-tnt/vaU8kEFGTh-O9EKsgIT6-A,lombard-illinois
https://www.ubereats.com/chicago/food-delivery/jersey-mikes-subs-glen-ellyn-711-e-roosevelt-road/82Zhe7qvSdagDn0utkHfgA,lombard-illinois
https://www.ubereats.com/chicago/food-delivery/kfc-11158-west-31st-street/0c8eaOycQy-prkV1_PysoQ,lombard-illinois
https://www.ubereats.com/chicago/food-delivery/dunkin-600-s-county-farm-rd/m5rB-BX_Q8-W8z8mQ4_IAQ,lombard-illinois
https://www.ubereats.com/chicago/food-delivery/de-campana-restaurant/WCyuyplhTwuSaDYc8CzIxQ,lombard-illinois
https://www.ubereats.com/chicago/food-delivery/bulldog-ale-house-carol-stream/HGLoACAkSfiLQ5smVx78JA,lombard-illinois
https://www.ubereats.com/chicago/food-delivery/lemonshark-poke/S85y_T3QR-WTwkA_km_Ggw,lombard-illinois
https://www.ubereats.com/chicago/food-delivery/elmhurst-family-restaurant/21ZbTXY7QImCB4fuo5trbQ,lombard-illinois
https://www.ubereats.com/chicago/food-delivery/naked-burger/Xrq9kqYgSYukj8tbLzy2Uw,lombard-illinois
https://www.ubereats.com/chicago/food-delivery/currito-york-%26-north/WiqwCftrS3qbt1pmF0sAtg,lombard-illinois
https://www.ubereats.com/chicago/food-delivery/smoothie-king-glendale-heights/ttqK2QntRKuU5D7rCALJVg,lombard-illinois
https://www.ubereats.com/chicago/food-delivery/wok-n-fire-wheaton/5BMBDafySTiy-4mqBmjEuQ,lombard-illinois
https://www.ubereats.com/chicago/food-delivery/wendys-1-south-576-midwest-road/MsCPEvSSQLCWU5e1dNSDkg,lombard-illinois
https://www.ubereats.com/chicago/food-delivery/sabor-de-mi-tierra-mexican-grill/n2It6aA5TUqBOJX6TXwP9A,lombard-illinois
https://www.ubereats.com/chicago/food-delivery/potbelly-sandwich-shop-519-oakbrook-center/G47sIWRvTPG2BeHoAzz7Mw,lombard-illinois
https://www.ubereats.com/chicago/food-delivery/north-side-sports-bar/EmJRvhrnQ6-Sz9vOwZjr2g,lombard-illinois
https://www.ubereats.com/chicago/food-delivery/golden-basket/e_C04EzXTLCO80K1j1gFaQ,lombard-illinois
https://www.ubereats.com/chicago/food-delivery/white-castle-4-e-roosevelt-rd/Iarqr6CfT_2VtsoMUJPk7A,lombard-illinois
https://www.ubereats.com/chicago/food-delivery/wing-squad-lombard/GEDYVBPZRh2VwUYqTn9sGQ,lombard-illinois
https://www.ubereats.com/chicago/food-delivery/the-desi-accent/IesRk1K4SW6cculNYzA7HQ,lombard-illinois
https://www.ubereats.com/chicago/food-delivery/nandos-peri-peri-523-oakbrook-center/CL1_9NfwQyuZhtZdhyIk2Q,lombard-illinois
https://www.ubereats.com/chicago/food-delivery/poke-bros-oakbrook-terrace/M31T1yrWRtaTI-Xri7qE1g,lombard-illinois
https://www.ubereats.com/chicago/food-delivery/captain-bs-shrimp-house/Y50N77o2RuKGTUtVTqHG3Q,lombard-illinois
https://www.ubereats.com/chicago/food-delivery/panda-express-128-west-north-ave/8U0mEP0fT0qySu7PKCMSig,lombard-illinois
https://www.ubereats.com/chicago/food-delivery/la-michoacana-premium/hEvzc4_ESn-gHlgZCCzkUg,lombard-illinois
https://www.ubereats.com/chicago/food-delivery/yerbabuena/YDKD1jCXQUCf_C3jxdJ9Xw,lombard-illinois
https://www.ubereats.com/chicago/food-delivery/mamas-mabuhay-restaurant/dCS45H1aSjODC8asHFrbdg,lombard-illinois
https://www.ubereats.com/chicago/food-delivery/brauerhouse/m2oyhUb4TsCesuW2e2RZfQ,lombard-illinois
https://www.ubereats.com/chicago/food-delivery/flappys-pancake-house/ZgFBQV4wQo6nd5yqh9sw8A,lombard-illinois
https://www.ubereats.com/chicago/food-delivery/clique-sports-bar/ulitmKlyR2C6EfmpfRHpbw,lombard-illinois
https://www.ubereats.com/chicago/food-delivery/thai-kitchen/HBO7JLiuRGmcEJa2rr4dMA,lombard-illinois
https://www.ubereats.com/chicago/food-delivery/mcdonalds-maple-%26-lenox/BH66NZOeQAiflIZRb7_PgQ,lombard-illinois
https://www.ubereats.com/chicago/food-delivery/starbucks-roosevelt-%26-summit/vQck3ZmKTtWZQxZ513M_xA,lombard-illinois
https://www.ubereats.com/chicago/food-delivery/los-buenos-diaz-mexican-grill/Y8yz3ujIT4SZb12Xjdoffw,lombard-illinois
https://www.ubereats.com/chicago/food-delivery/albaraka-grill/aFz132ENRM6Pz6sEplioQA,lombard-illinois
https://www.ubereats.com/chicago/food-delivery/starbucks-ogden-%26-i-294-hinsdale/RHeGxnI-T5CnBbxeqohc6w,lombard-illinois
https://www.ubereats.com/chicago/food-delivery/bulldog-ale-house-villa-park/wq9KKIaJRmCCD2gyX_VfFw,lombard-illinois
https://www.ubereats.com/chicago/food-delivery/francescos-bros-pizzeria/1ml48yHoRk-5BjQZIf6Uig,lombard-illinois
https://www.ubereats.com/chicago/food-delivery/taco-patio/EUWlOEIRQniouKN-G_5ZLw,lombard-illinois
https://www.ubereats.com/chicago/food-delivery/ellyns-tap-and-grill/QXJZo7kWQfy83nNkRObtHw,lombard-illinois
https://www.ubereats.com/chicago/food-delivery/naxos-greek-restaurant/bAv3d0x9St-vyshbyLjzFw,lombard-illinois
https://www.ubereats.com/chicago/food-delivery/between-the-buns-downers-grove/V3L3pg4ZQL-zQRKHjQ-N-Q,lombard-illinois
https://www.ubereats.com/chicago/food-delivery/olive-theory-pizzeria/ks_qINiPQdqgm_QmXoHAgg,lombard-illinois
https://www.ubereats.com/chicago/food-delivery/groundlevel-105/M-IuOsd7QbOG8b5Tnb9-YA,lombard-illinois
https://www.ubereats.com/chicago/food-delivery/smallcakes-western-springs/HNpZLwjnQzSob3kI2eptrw,lombard-illinois
https://www.ubereats.com/chicago/food-delivery/chicks-n-salsa/DUSuaWwaSlitgeP5AGz-mw,lombard-illinois
https://www.ubereats.com/chicago/food-delivery/mcdonalds-roosevelt-%26-county-farm/irybAdOTQEmakqbkcC2fMA,lombard-illinois
https://www.ubereats.com/chicago/food-delivery/jamesons-charhouse-bloomingdale/r561eodlTw6tOYd0xCMYUQ,lombard-illinois
https://www.ubereats.com/chicago/food-delivery/mantra/kp58V8qMREepgYxRcjw9TA,lombard-illinois
https://www.ubereats.com/chicago/food-delivery/mcdonalds-north-%26-rohlwing/AYcCKST5Roede935nlYDXA,lombard-illinois
https://www.ubereats.com/chicago/food-delivery/wayback-burgers-17w420-422-22nd-street/27xl5imzTf-JxSgFVA45BQ,lombard-illinois
https://www.ubereats.com/chicago/food-delivery/eriks-deli-lisle/RNTVEtTuScyVCt_o87QRtA,lombard-illinois
https://www.ubereats.com/chicago/food-delivery/falak-restaurant-and-banquets/MqgEKNvvRiGJlEXNnjkohw,lombard-illinois
https://www.ubereats.com/chicago/food-delivery/frankys-red-hots/z7_htmK7Q72pL8Vj4W9ZjQ,lombard-illinois
https://www.ubereats.com/chicago/food-delivery/charkies/ELxr30eGTFy3xlRsF5Pmig,lombard-illinois
https://www.ubereats.com/chicago/food-delivery/ichiban-asian-bistro/zAuTzZRJTei5BmbuIC7qDg,lombard-illinois
https://www.ubereats.com/chicago/food-delivery/shaahi-biryani/CMne3eiPRmSQkN6vBzyfVQ,lombard-illinois
https://www.ubereats.com/chicago/food-delivery/francescas-amici/gXE_LL_pTCuaWRJksyCHJw,lombard-illinois
https://www.ubereats.com/chicago/food-delivery/joes-barbeque-and-fish/F_xBsbEFQ-eIkv_4PCOYvQ,lombard-illinois
https://www.ubereats.com/chicago/food-delivery/mcdonalds-st-charles-%26-ashbel/HIELI4C0SBqC249twzC-_g,lombard-illinois
https://www.ubereats.com/chicago/food-delivery/guac-n-tacos/BssCsSMFR5q8Te7KF5t2UQ,lombard-illinois
https://www.ubereats.com/chicago/food-delivery/v-thai/WmGAWZuHSSOKfm4bgeUQig,lombard-illinois
https://www.ubereats.com/chicago/food-delivery/kilwins-wheaton/GRFWllDcTHOPbd82ovdY0Q,lombard-illinois
https://www.ubereats.com/chicago/food-delivery/panda-express-203-yorktown/k2Y-mqyIT9eslfZHpemYUg,lombard-illinois
https://www.ubereats.com/chicago/food-delivery/tonys-steamers/Rv1zZpwcQMO5m04FF8e7bw,lombard-illinois
https://www.ubereats.com/chicago/food-delivery/wing-society/JH4xfMtZSQeaSh5xXmDM4A,lombard-illinois
https://www.ubereats.com/chicago/food-delivery/en-fuego-mexican-grille/MwBtuevkQZq8B0K3TQkacQ,lombard-illinois
https://www.ubereats.com/chicago/food-delivery/wendys-424-s-schmale-rd/ojbB1U7vR86MnivLqge-KA,lombard-illinois
https://www.ubereats.com/chicago/food-delivery/five-guys-il-0524-383-west-army-trail-rd/7nGeKOrDTKm9FnVxMHwZqQ,lombard-illinois
https://www.ubereats.com/chicago/food-delivery/wendys-956-n-york-road/tKnq1xg5Q7mxNmk4EspR3g,lombard-illinois
https://www.ubereats.com/chicago/food-delivery/steak-n-shake-1520-ogden-ave/UBRHFtT8TDi8xd7VlKWr7g,lombard-illinois
https://www.ubereats.com/chicago/food-delivery/dinos-cafe/P99imHmaSSeSi4QpkHSzeQ,lombard-illinois
https://www.ubereats.com/chicago/food-delivery/georgies-red-hots/Xgf2uhoZRoO2QVGsUlbekQ,lombard-illinois
https://www.ubereats.com/chicago/food-delivery/brooks-kitchen-%26-tap/Oor5mGwbQX-1214eO6Rsvw,lombard-illinois
https://www.ubereats.com/chicago/food-delivery/the-fremont-bar-and-grill/xubDDutZQEygTKmRibMw8Q,lombard-illinois
https://www.ubereats.com/chicago/food-delivery/panda-express-roosevelt-%26-fairfield/IiLxNXpmRq6WwHfGo4JRHQ,lombard-illinois
https://www.ubereats.com/chicago/food-delivery/simply-thai-bistro/Z5aN_krUR7Csy6WH-EJLcw,lombard-illinois
https://www.ubereats.com/chicago/food-delivery/suns-kitchen-%E7%AB%AF%E9%99%BD/_lA-76RSQvWpjyvHnAP16g,lombard-illinois
https://www.ubereats.com/chicago/food-delivery/casa-margarita-hinsdale/t_WrWQbqS4OYn7Hl-Ol6eQ,lombard-illinois
https://www.ubereats.com/chicago/food-delivery/del-carmen-restaurant-chicago/ecc0cbKDQ3magfTpWgHjMg,lombard-illinois
https://www.ubereats.com/chicago/food-delivery/dunkin-530-crescent-blvd/UoU3OnjHSK-TN4kKPQ1PaQ,lombard-illinois
https://www.ubereats.com/chicago/food-delivery/arrowhead-golf-club/lx82tdD_StGMXiCPUITETw,lombard-illinois
https://www.ubereats.com/chicago/food-delivery/mcdonalds-63rd-st-%26-i-355/8AuIH9RKTfWLZhWKLAIBWw,lombard-illinois
https://www.ubereats.com/chicago/food-delivery/altiro-latin-fusion-wheaton/HGfi5KDkRBiLbZc6DqpwbA,lombard-illinois
https://www.ubereats.com/chicago/food-delivery/arbys-441-e-geneva-rd/EoPQUVNkQgiPQ2Mdx39hkA,lombard-illinois
https://www.ubereats.com/chicago/food-delivery/victorias-mexican-cocina/1OmYVeQ7RTG4fa3axKR4xQ,lombard-illinois
https://www.ubereats.com/chicago/food-delivery/golden-wok/z2CtvgmFSxCvncd_iMRKCA,lombard-illinois
https://www.ubereats.com/chicago/food-delivery/krispy-kreme-devon-%26-michael/aacxRG_HRYGVeGTzBFFkSg,lombard-illinois
https://www.ubereats.com/chicago/food-delivery/starbucks-ogden-and-prince/1fQyIXjSTcWqzPbej9JHjg,lombard-illinois
https://www.ubereats.com/chicago/food-delivery/alejandras-mexican-cuisine/WL1d0iPtQraJIHlcrcpRmA,lombard-illinois
https://www.ubereats.com/chicago/food-delivery/urban-counter-wheaton/egswpWkhTiWD_MCfSc0dpA,lombard-illinois
https://www.ubereats.com/chicago/food-delivery/burger-king-620-west-north-avenue/8UKOZQo-TfajDxwMXcPaog,lombard-illinois
https://www.ubereats.com/chicago/food-delivery/cozymels-mexican-grill/IsYSmBxLTouyVhpJKelehg,lombard-illinois
https://www.ubereats.com/chicago/food-delivery/cafe-zupas-148-s-gary-ave/C3w29biOT0-NsZQANL5l_Q,lombard-illinois
https://www.ubereats.com/chicago/food-delivery/jimmys-street-tacos/T7Ez8MLNR6yDEVU5ibxjNQ,lombard-illinois
https://www.ubereats.com/chicago/food-delivery/taco-tuesday/Rq06CJntRReKBFIDwP8vOA,lombard-illinois
https://www.ubereats.com/chicago/food-delivery/burger-king-11124-west-31st-avenue/L0b1zBMUSfirJtuhYNtwYw,lombard-illinois
https://www.ubereats.com/chicago/food-delivery/dmk-burger-bar-fountain-square-%26-butterfield/vktJb-cRRhusbMGJgzcrtA,lombard-illinois
https://www.ubereats.com/chicago/food-delivery/panera-751-roosevelt-road/52mVbRzKQbuG34CACfnxdA,lombard-illinois
https://www.ubereats.com/chicago/food-delivery/corner-bakery-cafe-42-e-hinsdale-ave/0Buj65LDTumKHa0DVde28g,lombard-illinois
https://www.ubereats.com/chicago/food-delivery/twin-peaks-restaurant-17w744-22nd-st/XT_jp8V6QkWuNwxKAfJj6g,lombard-illinois
https://www.ubereats.com/chicago/food-delivery/subway-2958-s-finley-rd/4x_tqDoNSjyChowK5CiEwQ,lombard-illinois
https://www.ubereats.com/chicago/food-delivery/kyoto-japanese-sushi-restaurant/A7IesnCjRcCrZxJXgL3C0g,lombard-illinois
https://www.ubereats.com/chicago/food-delivery/honest-grilled-wings/xsTTIjEgRLCNbwsUg-g9hQ,lombard-illinois
https://www.ubereats.com/chicago/food-delivery/mcdonalds-ogden-%26-florence/oLjV77GWRTKwSgvs2lv0-w,lombard-illinois
https://www.ubereats.com/chicago/food-delivery/japan-77-steak-house/kDBZODm9QG-npxBpRkmANQ,lombard-illinois
https://www.ubereats.com/chicago/food-delivery/papa-johns-355-w-ogden-ave/tya141dOQKidXJ7uaqUR1g,lombard-illinois
https://www.ubereats.com/chicago/food-delivery/buona-glendale-heights/RZ7T_dEXTs62MNsTFWNjEg,lombard-illinois
https://www.ubereats.com/chicago/food-delivery/mcdonalds-roosevelt-%26-stewart/sgzhJeCNR5-tcAo3mILuyQ,lombard-illinois
https://www.ubereats.com/chicago/food-delivery/dennys-17-w-660-22nd-st/SX_3AFZgTvSSdcjGeQNvvA,lombard-illinois
https://www.ubereats.com/chicago/food-delivery/touch-of-spice-authentic-indian-restaurant/IxgF-_u9TamwQR_rOf0drQ,lombard-illinois
https://www.ubereats.com/chicago/food-delivery/browns-chicken-carol-stream/Jo6eAdZKQ0CQdwKh--Mamw,lombard-illinois
https://www.ubereats.com/chicago/food-delivery/buona-lombard/-ZLrD2o8TSOvMDSQyl1d8Q,lombard-illinois
https://www.ubereats.com/chicago/food-delivery/my-kind-of-deli/uzgpXvbzQzCYc8Pi2gW84w,lombard-illinois
https://www.ubereats.com/chicago/food-delivery/cold-stone-creamery-23-w-jefferson-ave/Mj68Saj5R4akNME-Y7Egng,lombard-illinois
https://www.ubereats.com/chicago/food-delivery/hong-kong-carry-out/n-Llehj5Ru-OJ8bAD94Jag,lombard-illinois
https://www.ubereats.com/chicago/food-delivery/wendys-305-roosevelt-road/MSF8KRSxSN-5tfgN8S9TZQ,lombard-illinois
https://www.ubereats.com/chicago/food-delivery/chipotle-mexican-grill-170-e-lake-st/Gl87zF90QYC2PxjqOIk99Q,lombard-illinois
https://www.ubereats.com/chicago/food-delivery/taco-bell-13-w-ogden-avenue/OAriunA2RSiKJ4EVSmOl_g,lombard-illinois
https://www.ubereats.com/chicago/food-delivery/the-indian-harvest/KMOJLBZWSsW_Cd5RSGZJvQ,lombard-illinois
https://www.ubereats.com/chicago/food-delivery/blue-line-bar-%26-grill/fNiU6Xg9R6WAy8YK8C6FWQ,lombard-illinois
https://www.ubereats.com/chicago/food-delivery/benihana-747-e-butterfield-road/1k-eTCC0TSC6Q8rgrbZq1Q,lombard-illinois
https://www.ubereats.com/chicago/food-delivery/fulla-bologna/vUj2biABSsOvLahptLZ7Qg,lombard-illinois
https://www.ubereats.com/chicago/food-delivery/mcdonalds-st-charles-%26-villa/GMvCkzRJTNO8elYSiLs61w,lombard-illinois
https://www.ubereats.com/chicago/food-delivery/jersey-mikes-subs-lisle-1032-maple-avenue/C3QYURJeTc6ZntggX97oAw,lombard-illinois
https://www.ubereats.com/chicago/food-delivery/buona-glen-ellyn/od8okmqMR8CIC5lx9uQZnw,lombard-illinois
https://www.ubereats.com/chicago/food-delivery/burrito-parrilla-mexicana-carol-stream/j-tCPAwUQHizIwEB48YjFQ,lombard-illinois
https://www.ubereats.com/chicago/food-delivery/qdoba-main-%26-geneva/0LlepTPJSROcinc160UAxQ,lombard-illinois
https://www.ubereats.com/chicago/food-delivery/los-burritos-tapatios-lombard/JYwESSv0Sy6YVxA8wVY4tQ,lombard-illinois
https://www.ubereats.com/chicago/food-delivery/cousins-subs/xkIf57FdRUOZA8dH_aYrjw,lombard-illinois
https://www.ubereats.com/chicago/food-delivery/mcdonalds-north-%26-wolf/ukL1ofE3TzClao91K-F-jQ,lombard-illinois
https://www.ubereats.com/chicago/food-delivery/china-chef/mh5sHXAzQsao24KGFkRwZA,lombard-illinois
https://www.ubereats.com/chicago/food-delivery/made-in-italy-trattoria-476-forest-ave/Yg11hwlHR5eKPkjB_JJPfQ,lombard-illinois
https://www.ubereats.com/chicago/food-delivery/mcdonalds-york-%26-ogden/c6U_uJTxSdC8ZHmHbBVMgA,lombard-illinois
https://www.ubereats.com/chicago/food-delivery/gordillas-addison/USxuD_0AQWiixl3Z60Ukcg,lombard-illinois
https://www.ubereats.com/chicago/food-delivery/sweet-desserts/MunpykDlR72joXFoV1KKVQ,lombard-illinois
https://www.ubereats.com/chicago/food-delivery/balkan-bakery-and-cafe/h58Rhz9zTASV83Rxg2iQIQ,lombard-illinois
https://www.ubereats.com/chicago/food-delivery/the-white-chocolate-grill-naperville/atWZ7krHQbmj_c4tlOg-eA,lombard-illinois
https://www.ubereats.com/chicago/food-delivery/wendys-467-georgetown-square/2lBRMTqJQPKTZRnZzuLPaw,lombard-illinois
https://www.ubereats.com/chicago/food-delivery/browns-chicken-downers-grove/yBR2xHQcT4mK-c_ZQFc8CQ,lombard-illinois
https://www.ubereats.com/chicago/food-delivery/burrito-parilla-mexicana-lombard/8jp3dZvqQp2RdBBm8LvjlQ,lombard-illinois
https://www.ubereats.com/chicago/food-delivery/panda-express-county-rd-11-%26-wall/tldMWWamQG6ErfznSEBAfw,lombard-illinois
https://www.ubereats.com/chicago/food-delivery/ice-cream-shop-by-slice-factory/YLSeTOU3RtSRVX-nyBnZRQ,lombard-illinois
https://www.ubereats.com/chicago/food-delivery/wild-monk/8Lal3qAZS8evoQFOB90F1A,lombard-illinois
https://www.ubereats.com/chicago/food-delivery/el-burrito-mexicano-real-ii/_f0BLaGHSOaIC2tzpWhoig,lombard-illinois
https://www.ubereats.com/chicago/food-delivery/guzman-y-gomez-naperville/jM6t0JCZTAW7gDe2EMp9Fw,lombard-illinois
https://www.ubereats.com/chicago/food-delivery/taquerias-atotonilco-stone-park/FghQqP1FTs-Luwyfc0oEVQ,lombard-illinois
https://www.ubereats.com/chicago/food-delivery/jersey-mikes-subs-elmhurst-297-n-york-rd/vONR0iZTR6SfTlPqmdBX4Q,lombard-illinois
https://www.ubereats.com/chicago/food-delivery/chipotle-mexican-grill-139-n-york-st/0O_1TJc1SlOu_VZj-SV5dA,lombard-illinois
https://www.ubereats.com/chicago/food-delivery/bacci-pizzeria-elmhurst/0YVamu_dTomRsqij9e2IxA,lombard-illinois
https://www.ubereats.com/chicago/food-delivery/pza-lombard/kib2Gn5LRkKl4z_wD4kLig,lombard-illinois
https://www.ubereats.com/chicago/food-delivery/gloria-jeans/rZgqiwagR9mtef7t5YlAxA,lombard-illinois
https://www.ubereats.com/chicago/food-delivery/papa-johns-pizza-wheaton/mEOnPq1MQWmsXBe8B-tkYg,lombard-illinois
https://www.ubereats.com/chicago/food-delivery/altavillas/ZKICojP_RRq7aVnP45DQsA,lombard-illinois
https://www.ubereats.com/chicago/food-delivery/dunkin-150-e-ogden-ave/4WdBEOIaSpukFjR-ulWMKg,lombard-illinois
https://www.ubereats.com/chicago/food-delivery/gloria-jeans-coffees/3A9-xk1ST0qUm12NFcfzOw,lombard-illinois
https://www.ubereats.com/chicago/food-delivery/fiamme-pizzeria-napoletana/1eCFOuuzS7mv1ednbOzB8w,lombard-illinois
https://www.ubereats.com/chicago/food-delivery/buffalo-wild-wings-149-n-york-st/uq3veR1ETv-z8QsgXNaQCg,lombard-illinois
https://www.ubereats.com/chicago/food-delivery/los-burritos-tapatios-lisle/wer65CvIRTq7dmniV5IdaA,lombard-illinois
https://www.ubereats.com/chicago/food-delivery/mcalisters-deli-army-trail-%26-gary/2NsNhMSRRVaifzHIU4ShMw,lombard-illinois
https://www.ubereats.com/chicago/food-delivery/dairy-queen-treat-850-n-main-st/S1SuCnsjQl6tk68gQUKY-A,lombard-illinois
https://www.ubereats.com/chicago/food-delivery/american-tap/gVpUsrJARFKC7_Vpktm0MQ,lombard-illinois
https://www.ubereats.com/chicago/food-delivery/fuller-house-bar/u00FtmlHSkON3RCnVkuHnQ,lombard-illinois
https://www.ubereats.com/chicago/food-delivery/apizzaco-front-st/SAsglU7wRaqeT897NWU07Q,lombard-illinois
https://www.ubereats.com/chicago/food-delivery/desi-grill-and-pizza/QE_TF7_MQxu2XphAJ2sBCQ,lombard-illinois
https://www.ubereats.com/chicago/food-delivery/rosatis-pizza-877-e-geneva-rd/cWDiClXHR8yM9yMOURo8EQ,lombard-illinois
https://www.ubereats.com/chicago/food-delivery/subway-1034-s-york-rd/J7YzwsU_TpeF0OYExpjSiw,lombard-illinois
https://www.ubereats.com/chicago/food-delivery/buona-naperville/mVlRlab7T9mrEgjxre13Bw,lombard-illinois
https://www.ubereats.com/chicago/food-delivery/starbucks-22nd-%26-tower/cB73AKpYR8SAi_rJ61aEMg,lombard-illinois
https://www.ubereats.com/chicago/food-delivery/dunkin-200-e-lake-st/k6YR_V4pQhekSBZPPXyeKA,lombard-illinois
https://www.ubereats.com/chicago/food-delivery/juicy-o-pancake-house-downers-grove/R-imWBd3TiSHtLrYDAJRIQ,lombard-illinois
https://www.ubereats.com/chicago/food-delivery/taqueria-san-miguel/KC6KnW-5SqO155_ZfsJSvg,lombard-illinois
https://www.ubereats.com/chicago/food-delivery/chipotle-mexican-grill-1556-butterfield-rd-ste-a/-JFjkroZReWScmEWNY_NSA,lombard-illinois
https://www.ubereats.com/chicago/food-delivery/taco-bell-270-e-army-trail-rd/4BOPQS17RKOi5WuRUKwlFA,lombard-illinois
https://www.ubereats.com/chicago/food-delivery/arbys-4806-w-cermak-ave/yQrSIEy5S5SQrJHH8EFqsQ,lombard-illinois
https://www.ubereats.com/chicago/food-delivery/biryani-pointe/0Rrn7fW3Q2-frt-WkQaumg,lombard-illinois
https://www.ubereats.com/chicago/food-delivery/burger-king-401-e-roosevelt-rd/xZPlBXieSUuLPnff7lrQrg,lombard-illinois
https://www.ubereats.com/chicago/food-delivery/shree-indian-restaurant-naperville/85_fOC4yTi63uveAvag7Pg,lombard-illinois
https://www.ubereats.com/chicago/food-delivery/tommys-red-hots/Ees2zIZNSPqMUXx6lFUGjA,lombard-illinois
https://www.ubereats.com/chicago/food-delivery/8000-miles-main-st/gJvKY0gDQE2p3w3u9uanyw,lombard-illinois
https://www.ubereats.com/chicago/food-delivery/jenis-splendid-ice-cream-oakbrook-center/GGHFnJOiQCeGrip6s6xbEQ,lombard-illinois
https://www.ubereats.com/chicago/food-delivery/dairy-queen-treat-27w223-geneva-rd/qUW6Y8D6RPO4KrHfPdo_uA,lombard-illinois
https://www.ubereats.com/chicago/food-delivery/chicken-tender-kitchen-naperville/3vARO0LkS76gfkXUxMYLcg,lombard-illinois
https://www.ubereats.com/chicago/food-delivery/dairy-queen-treat-709-w-lake-st/5hAO5K-hSOuYHRappZEvAw,lombard-illinois
https://www.ubereats.com/chicago/food-delivery/tony-spavones/2JDwctCTQH6OrJIqZ_s1fw,lombard-illinois
https://www.ubereats.com/chicago/food-delivery/subway-925-e-roosevelt-rd/RmMrV-D0SVO3CLhOSf_zPw,lombard-illinois
https://www.ubereats.com/chicago/food-delivery/starbucks-york-%26-2nd/G9tQ6slRSvWqq56c6Wy52Q,lombard-illinois
https://www.ubereats.com/chicago/food-delivery/fill-a-pita/TxEeurOJRb2iDcMI5uCycA,lombard-illinois
https://www.ubereats.com/chicago/food-delivery/rameys-bar-and-grill/_HUjMDVQQ4a1i9bqeDxnvw,lombard-illinois
https://www.ubereats.com/chicago/food-delivery/halsted-street-deli-on-s-meyers-rd/pnpPb6NXR4eSPOfApU6tpg,lombard-illinois
https://www.ubereats.com/chicago/food-delivery/rios-addison/qnsZljrkQhiyeJdFrb2W7w,lombard-illinois
https://www.ubereats.com/chicago/food-delivery/beerhead-bar-%26-eatery-york-%26-1st/yj2rIFCqSWWurD12n0-pTg,lombard-illinois
https://www.ubereats.com/chicago/food-delivery/kens/pEeYm_YQSAadAIaODiStQg,lombard-illinois
https://www.ubereats.com/chicago/food-delivery/taqueria-los-comales-roosevelt-%26-westmore-meyers/yVagsUvASyaAt0MLBsQ7dQ,lombard-illinois
https://www.ubereats.com/chicago/food-delivery/senor-jalapeno/VGou0MdzRO2v2dyGqgQxqg,lombard-illinois
https://www.ubereats.com/chicago/food-delivery/mcdonalds-schmale-%26-gundersen/P2q3p_-ITWCE55bEFhUhng,lombard-illinois
https://www.ubereats.com/chicago/food-delivery/cedar-grill/5joC8iroTEqXY1j0WrF_4Q,lombard-illinois
https://www.ubereats.com/chicago/food-delivery/nestle-toll-house-cafe-by-chip-203-yorktown-center-store%23c2/b8TSq19kT-6OxAHc24irNw,lombard-illinois
https://www.ubereats.com/chicago/food-delivery/sportys-chicken-%26-beef/WBgIj0MlT_qo6-ozcc6pfw,lombard-illinois
https://www.ubereats.com/chicago/food-delivery/pinstripes-oak-brook/7OazfKNNRHq0y2yIIxQacA,lombard-illinois
https://www.ubereats.com/chicago/food-delivery/italian-express-restaurant-glendale-heights/5acensZgS9WcIGCfjpC4DA,lombard-illinois
https://www.ubereats.com/chicago/food-delivery/mcdonalds-il-53-%26-butterfield/8NvrQtsOSXC3obxP6OncWg,lombard-illinois
https://www.ubereats.com/chicago/food-delivery/tinas-breakfast-stop/sjqkzCA2SpuSYynHq707Vw,lombard-illinois
https://www.ubereats.com/chicago/food-delivery/kolachi-tandoori-grill/4SnxLJzkTvi9XKl5OvLbhg,lombard-illinois
https://www.ubereats.com/chicago/food-delivery/burger-king-199-e-north-ave/pUAQIpweQHm67Yz0dyuhTA,lombard-illinois
https://www.ubereats.com/chicago/food-delivery/lake-street-pub/fnc_lKe6Tze2cdNokGK6xQ,lombard-illinois
https://www.ubereats.com/chicago/food-delivery/rosatis-pizza-elmhurst/v9vr7oT3TxWOkVm2fpnuFA,lombard-illinois
https://www.ubereats.com/chicago/food-delivery/calzones-highland-ave/hYDpaEnQS1KzwLI-4kq96g,lombard-illinois
https://www.ubereats.com/chicago/food-delivery/the-silverado-grill/UY2zFnvrRNmWzkphdNuQ3A,lombard-illinois
https://www.ubereats.com/chicago/food-delivery/chipotle-mexican-grill-300-e-ogden-ave/YdE3pdLGR3iPOSsrsUUQoA,lombard-illinois
https://www.ubereats.com/chicago/food-delivery/taco-bell-345-rice-lake-square/4vp9WrBZSmqCzIecHhILxg,lombard-illinois
https://www.ubereats.com/chicago/food-delivery/starbucks-army-trail-%26-bloomingdale/6uUN7OQaRFu6rrcWdXsFrQ,lombard-illinois
https://www.ubereats.com/chicago/food-delivery/starbucks-irving-park-%26-walnut/nzPFZPOLRHWpCVBvaXSbAA,lombard-illinois
https://www.ubereats.com/chicago/food-delivery/starbucks-roosevelt-%26-ardmore/TY5lfZxmTW2Gj0lSLSsZzA,lombard-illinois
https://www.ubereats.com/chicago/food-delivery/mcdonalds-midwest-%26-22nd-st/j7U-63kLSnqy2bp9YB5uiQ,lombard-illinois
https://www.ubereats.com/chicago/food-delivery/kfc-lombard/JZEwvbBZSiuKaLAjo8OJNg,lombard-illinois
https://www.ubereats.com/chicago/food-delivery/buffalo-wild-wings-140-s-gary-ave/fDwoMXvPS8qkloo2gHXqkQ,lombard-illinois
https://www.ubereats.com/chicago/food-delivery/which-wich-superior-sandwiches-gary-%26-schick/v3iDyXWgQQOVff_o338Wrw,lombard-illinois
https://www.ubereats.com/chicago/food-delivery/kfc-taco-bell-370-roosevelt-road/YSpbtRIET2imrIuq8sCn9g,lombard-illinois
https://www.ubereats.com/chicago/food-delivery/subway-900-s-rte-83/K93z3hu_TnyN4PjlDUoDRg,lombard-illinois
https://www.ubereats.com/chicago/food-delivery/fitfresh-cafe-and-juice-bar/YpdtPywxSqiP0n7mlkzghA,lombard-illinois
https://www.ubereats.com/chicago/food-delivery/sarpinos-pizzeria-623-w-north-ave/0JVxriGSTaGT4ZZrPnhwbw,lombard-illinois
https://www.ubereats.com/chicago/food-delivery/starbucks-north-%26-grace/dxEpY7FOQAGYTee19Jrs4Q,lombard-illinois
https://www.ubereats.com/chicago/food-delivery/taco-bell-145-north-avenue/geOTEhdKQ0ihqc824o5cbQ,lombard-illinois
https://www.ubereats.com/chicago/food-delivery/five-guys-il-0583-141-danada-square-east/q18Y7HArQ4SRM8xOVvLheQ,lombard-illinois
https://www.ubereats.com/chicago/food-delivery/new-beijing-chinese-restaurant/EFEEkciXTlOyT6N9OD9oFg,lombard-illinois
https://www.ubereats.com/chicago/food-delivery/kama-bistro/z4d-sN_6SiepFvpCGA2lhw,lombard-illinois
https://www.ubereats.com/chicago/food-delivery/old-town-pour-house-naperville/23B9qjG3RQ6Az8_jXYkMdQ,lombard-illinois
https://www.ubereats.com/chicago/food-delivery/royal-hummus-and-falafel/nkdZ031NTNi4aPz4xL2QYA,lombard-illinois
https://www.ubereats.com/chicago/food-delivery/fitzs-pub/-4F1ymhOQhCGL_pEHC_0OA,lombard-illinois
https://www.ubereats.com/chicago/food-delivery/mcdonalds-busse-%26-foster/SibGMLR2TRif5xlSkjFF1w,lombard-illinois
https://www.ubereats.com/chicago/food-delivery/bowl-o-biryani/onP86-wYRNOuAwTf4txSTA,lombard-illinois
https://www.ubereats.com/chicago/food-delivery/millers-ale-house-lombard/2iW3qUJYTm65g8Fxjgxo_g,lombard-illinois
https://www.ubereats.com/chicago/food-delivery/tm-basil/RQyDBnvQSgasCPbPsiozGA,lombard-illinois
https://www.ubereats.com/chicago/food-delivery/dunkin-33-e-lake-st/JHAd5xdyRxix2iXx0AhIVA,lombard-illinois
https://www.ubereats.com/chicago/food-delivery/chouns-restaurant/bZ6nLWf0QQ--N6k8FjIiIg,lombard-illinois
https://www.ubereats.com/chicago/food-delivery/sarpinos-pizzeria-922-roosevelt-rd/W74llbs0Sgm31ljKbr8uUw,lombard-illinois
https://www.ubereats.com/chicago/food-delivery/la-michoacana-tres-hermanos/vwqFKWzQSTyO9JRYdGiR5A,lombard-illinois
https://www.ubereats.com/chicago/food-delivery/papa-johns-pizza-westchester/Ttt4SZuDROeuXXdnadG5Ow,lombard-illinois
https://www.ubereats.com/chicago/food-delivery/joeys-pizza/WGpsHfz6SNKzBm312STpbg,lombard-illinois
https://www.ubereats.com/chicago/food-delivery/jimmys-dog-house/J62MQQD0QjGn7qxlo5Excw,lombard-illinois
https://www.ubereats.com/chicago/food-delivery/cassanos-pizzeria-downers-grove/g_TzODklQNGittC_RNfnOw,lombard-illinois
https://www.ubereats.com/chicago/food-delivery/kogii-kogii-express/k89o09tbT9au5y-dcn2trQ,lombard-illinois
https://www.ubereats.com/chicago/food-delivery/sushi-house-westmont/vhT-NgazSPO8D-XlC8v0Eg,lombard-illinois
https://www.ubereats.com/chicago/food-delivery/danbys-station-cafe/E_hA_j3NQRePWWmWKrVwhQ,lombard-illinois
https://www.ubereats.com/chicago/food-delivery/sals-pizza-pub/d52iUBBuSpOmJVn5bKFeHA,lombard-illinois
https://www.ubereats.com/chicago/food-delivery/jersey-mikes-subs-62-ogden-avenue/Luz05me4RVqcNfj3l8R-mA,lombard-illinois
https://www.ubereats.com/chicago/food-delivery/saffron-restaurant/3KNmCTw2RQOmz6W7LLrogw,lombard-illinois
https://www.ubereats.com/chicago/food-delivery/deccan-spice/fZswNb53TLSMKB182uXRfQ,lombard-illinois
https://www.ubereats.com/chicago/food-delivery/halal-express-cuisine/KhaG6fv5RsS9kKc-O3t56w,lombard-illinois
https://www.ubereats.com/chicago/food-delivery/dunkin-10131-w-grand-ave/YKmOM2mHRvSmOHwJeqNOEg,lombard-illinois
https://www.ubereats.com/chicago/food-delivery/covo-greek-street-food/sHAoAqEwSTK3SJ3yKn2qyw,lombard-illinois
https://www.ubereats.com/chicago/food-delivery/between-the-buns-oakbrook-terrace/WGBztpyzREGBym1qMje0Aw,lombard-illinois
https://www.ubereats.com/chicago/food-delivery/capri-of-downers-grove/XVCsZSVZSkmAoS19VXowkg,lombard-illinois
https://www.ubereats.com/chicago/food-delivery/old-town-pour-house-oak-brook/BGZTNaroQwukePwE0w3iCw,lombard-illinois
https://www.ubereats.com/chicago/food-delivery/mcdonalds-army-trail-%26-george-bell/0C8syJB5SSaunkWi0xP-fw,lombard-illinois
https://www.ubereats.com/chicago/food-delivery/popeyes-691-w-lake-street/Aok3KVQ5S9Wab5khSep9uw,lombard-illinois
https://www.ubereats.com/chicago/food-delivery/chipotle-mexican-grill-353-s-il-route-83/JXt1ABmiRhaTySzHlvqz1A,lombard-illinois
https://www.ubereats.com/chicago/food-delivery/okapi-bistro/Du6UoNnqQLChr0VWgVh_qA,lombard-illinois
https://www.ubereats.com/chicago/food-delivery/chick-fil-a-717-e-butterfield-rd/181r7HnsSBKueR83gA_jbQ,lombard-illinois
https://www.ubereats.com/chicago/food-delivery/mcdonalds-mannheim-%26-grand/NOOBmPBiRgiQNQzr4cfvQA,lombard-illinois
https://www.ubereats.com/chicago/food-delivery/dunkin-142-s-gary-ave-ste-109-near-marianos/jl_kB89kTveI1uQQklBCgg,lombard-illinois
https://www.ubereats.com/chicago/food-delivery/wendys-320-e-ogden/Y1S2uYGATJ-S24rplV-4sg,lombard-illinois
https://www.ubereats.com/chicago/food-delivery/potbelly-sandwich-shop-lombard-%7C-33/9MwkQbjLT2SKrw5Bd5IPPw,lombard-illinois
https://www.ubereats.com/chicago/food-delivery/bds-mongolian-grill-boughton-%26-janes/OYULWfh3RkaUHFHoDRtHlg,lombard-illinois
https://www.ubereats.com/chicago/food-delivery/nobel-house-glen-ellyn/Ii5CjE-iS76dSR1E5A3VnQ,lombard-illinois
https://www.ubereats.com/chicago/food-delivery/wing-zone-bensenville/JN_r_VtYSv63ZwnHpaSDMg,lombard-illinois
https://www.ubereats.com/chicago/food-delivery/devon-seafood-grill-17w400-22nd-st/3GfgZERYQ5G_Iv3k_J3tlg,lombard-illinois
https://www.ubereats.com/chicago/food-delivery/pf-changs-2361-fountain-square-dr/TDptF9MWRdeCA7XfhqDfEg,lombard-illinois
https://www.ubereats.com/chicago/food-delivery/rehman-sweets/bKZMDhgJR3uhGKGYp9U51Q,lombard-illinois
https://www.ubereats.com/chicago/food-delivery/red-arrow-smoked-meats/fd3udMK1ROWK5YK--mpx1w,lombard-illinois
https://www.ubereats.com/chicago/food-delivery/potbelly-sandwich-shop-elmhurst-%7C-263/8czAnkrsS7iG8NUdHptQ3w,lombard-illinois
https://www.ubereats.com/chicago/food-delivery/eds-kitchen/hS4E0iniT8eBwClLTyZ3eQ,lombard-illinois
https://www.ubereats.com/chicago/food-delivery/el-famous-burrito-elmhurst/x_wtfBwvT32v6I4L7N3Acw,lombard-illinois
https://www.ubereats.com/chicago/food-delivery/subway-2211-gary-ave/gGfeAqRmT_-NgHhec4tkvQ,lombard-illinois
https://www.ubereats.com/chicago/food-delivery/portillos-hot-dogs-134-e-lake-st/Nz39W-FASIyqQnpE-enU1Q,lombard-illinois
https://www.ubereats.com/chicago/food-delivery/crazy-crab-roselle/eY6T7BoUTDOgJUVQv1MO6g,lombard-illinois
https://www.ubereats.com/chicago/food-delivery/subway-274-w-fullerton-ave/3qtMzb_WQzCguStGp6VCUw,lombard-illinois
https://www.ubereats.com/chicago/food-delivery/johnnys-burgers-bowls-%26-bbq/XtGlsoP6QXaYLn5ahx87RA,lombard-illinois
https://www.ubereats.com/chicago/food-delivery/mcdonalds-york-%26-diversey/IAAbEbYMSMiWbj6bBPdpDA,lombard-illinois
https://www.ubereats.com/chicago/food-delivery/taco-bell-555-w-lake-st/OH-QiGnFReCoZNALCDw1rQ,lombard-illinois
https://www.ubereats.com/chicago/food-delivery/petey-pasta-naperville/MkiT3KpFRg2MjGInrRCCPg,lombard-illinois
https://www.ubereats.com/chicago/food-delivery/outback-steakhouse-2970-finley-rd/ijpy4y9GReq9R7jIJFHU5g,lombard-illinois
https://www.ubereats.com/chicago/food-delivery/wendys-525-e-north-avenue/fXDRZxmCRh6Ad8XaYXkKyA,lombard-illinois
https://www.ubereats.com/chicago/food-delivery/super-taco-express/j_X6CACnTIiIva5XNjduhw,lombard-illinois
https://www.ubereats.com/chicago/food-delivery/subway-105-e-front-st/asRKOYS8QSiUUV_jlZumEA,lombard-illinois
https://www.ubereats.com/chicago/food-delivery/roundheads-pizza-downers-grove/wMvUxymuTTSCsH33UVQcwQ,lombard-illinois
https://www.ubereats.com/chicago/food-delivery/eagle-restaurant/CFxLrEQlT4iFuydSFRRw4g,lombard-illinois
https://www.ubereats.com/chicago/food-delivery/guac-n-tacos-north-ave/wzuRD2jKRpO0Qyi1MHqiZg,lombard-illinois
https://www.ubereats.com/chicago/food-delivery/flips-beef/Y-glNbw8TrSjlakMjKH89Q,lombard-illinois
https://www.ubereats.com/chicago/food-delivery/kabab-point/4e8CH31sSvGdbtV3eOBZZQ,lombard-illinois
https://www.ubereats.com/chicago/food-delivery/mcdonalds-stratford-%26-entrance-drive-5/ilyPhI1HSXeg8Cxhs9ax7Q,lombard-illinois
https://www.ubereats.com/chicago/food-delivery/red-lobster-3001-finley-road/UAaFRnwET62O8Ugk-EiN5w,lombard-illinois
https://www.ubereats.com/chicago/food-delivery/masala/0M4NqGkiRzSEfZTrS80VGw,lombard-illinois
https://www.ubereats.com/chicago/food-delivery/el-famous-burrito-glendale-heights/qTsVJjQvTAmAAjZEbATBxA,lombard-illinois
https://www.ubereats.com/chicago/food-delivery/las-tias-restaurant/cS5FGBFTSSeAPNl8-ff9sw,lombard-illinois
https://www.ubereats.com/chicago/food-delivery/bumper-2-burger-ordermark/jA_CzpPDQLOUbnK-Kf1-Tg,lombard-illinois
https://www.ubereats.com/chicago/food-delivery/apizzaco-freedom-dr/F7yyjvAnRrmXCnstBk21XQ,lombard-illinois
https://www.ubereats.com/chicago/food-delivery/butterfields-naperville/03eGGyvDRBuzJpba2mmR6g,lombard-illinois
https://www.ubereats.com/chicago/food-delivery/pasquallys-pizza-%26-wings-200-w-roosevelt/G6a3oiQNTju4TSQh11Nm9A,lombard-illinois
https://www.ubereats.com/chicago/food-delivery/starbucks-army-trail-%26-gary/jq-pd4ZAR66RQ1aRvUVURw,lombard-illinois
https://www.ubereats.com/chicago/food-delivery/johnnys-philly-steaks/ORCG0H6pTWe73SPQMjQrww,lombard-illinois
https://www.ubereats.com/chicago/food-delivery/mai-thai-restaurant/EC_K5MrtQDigsV8TOfJmWw,lombard-illinois
https://www.ubereats.com/chicago/food-delivery/pizza-bunny/5AJ7Pmb-RrKwgyBpttWaWw,lombard-illinois
https://www.ubereats.com/chicago/food-delivery/buona-hillside/DuxRtOp1TfS7UEtSBT0EAQ,lombard-illinois
https://www.ubereats.com/chicago/food-delivery/mcdonalds-north-%26-westwood/E5YbURpkTBqzutHCduDa3A,lombard-illinois
https://www.ubereats.com/chicago/food-delivery/dunkin-22w251-north-ave/Hbwosp6xTxWYotU3WkUpfw,lombard-illinois
https://www.ubereats.com/chicago/food-delivery/salt-and-pepper-cajun-kitchen/UTI-h4m0RUaDousraZecYg,lombard-illinois
https://www.ubereats.com/chicago/food-delivery/the-great-indian-cafe/ty5mkVCfTcarn6gxtDPvFg,lombard-illinois
https://www.ubereats.com/chicago/food-delivery/taco-maya-bloomingdale/STIGbGOmQdukaO95_PmTjA,lombard-illinois
https://www.ubereats.com/chicago/food-delivery/taqueria-el-camino/0-rFFreZT2it1WU2WdcZvw,lombard-illinois
https://www.ubereats.com/chicago/food-delivery/dunkin-1-e-saint-charles-rd/5oJUih9tTmuPU5A7Qor7iA,lombard-illinois
https://www.ubereats.com/chicago/food-delivery/villaggio-ristorante/Qf4oOgLoRPCLDXK9OV03rg,lombard-illinois
https://www.ubereats.com/chicago/food-delivery/jersey-mikes-subs-naperville-%26-butterfield/kpMimAiqRvyrLoGBKYM_NA,lombard-illinois
https://www.ubereats.com/chicago/food-delivery/kfc-schaumburg/LCGnCmqmS7-92pRNo_WQVw,lombard-illinois
https://www.ubereats.com/chicago/food-delivery/butterfields-wheaton/nwL8t9GPSbG_hKzp8j3OWg,lombard-illinois
https://www.ubereats.com/chicago/food-delivery/prasino/HVVTzo-oSKWWKqRwtYeWyw,lombard-illinois
https://www.ubereats.com/chicago/food-delivery/subway-197-army-trail-rd/ISGTtUEqS5anOvFEP8f-yw,lombard-illinois
https://www.ubereats.com/chicago/food-delivery/lawrences-fish-%26-shrimp-lombard/e9NG0u4iTx6q9OysZah1JA,lombard-illinois
https://www.ubereats.com/chicago/food-delivery/starbucks-wheaton-danada/mCNObG49T02N4f_5SXIyPA,lombard-illinois
https://www.ubereats.com/chicago/food-delivery/harlo-grill/tHH9_solTaC4D2NKAQd3OA,lombard-illinois
https://www.ubereats.com/chicago/food-delivery/starbucks-main-%26-front/WRrqnZ0CR3q50fxSZSCu6g,lombard-illinois
https://www.ubereats.com/chicago/food-delivery/dunkin-85-yorktown-shopping-center/btA1cbCDSm6b1OOKbcxMng,lombard-illinois
https://www.ubereats.com/chicago/food-delivery/noodles-pho-u-lombard/vHVo7wYgQJeHQFw3omvUKg,lombard-illinois
https://www.ubereats.com/chicago/food-delivery/mcdonalds-25th-ave-%26-washington/Z8LXa25KQA6-QJY2p75Xkw,lombard-illinois
https://www.ubereats.com/chicago/food-delivery/dairy-queen-treat-148-s-bloomingdale-rd/I9guvuFaTvuYKSkPMxXHIQ,lombard-illinois
https://www.ubereats.com/chicago/food-delivery/nathans-noodle-and-rice/WYbq5M0qT2Sa3s08A0YprA,lombard-illinois
https://www.ubereats.com/chicago/food-delivery/sonic-drive-in-grand-%26-mannheim/6dVDYN5RSeCLoWo-G8-8tg,lombard-illinois
https://www.ubereats.com/chicago/food-delivery/portillos-hot-dogs-100-w-lake-st/_j7LzM_HQZqOVu0dAYzZ-A,lombard-illinois
