url,city
https://www.ubereats.com/denver/food-delivery/buffalo-wild-wings-980-sgt-jon-stiles-dr/DnVAmqjGSuCXNUc4_rktgw,lone-tree-colorado
https://www.ubereats.com/denver/food-delivery/burger-king-6675-business-center-dr/MMopUul4QVu17K-8CzBBlg,lone-tree-colorado
https://www.ubereats.com/denver/food-delivery/cold-stone-creamery-312-metzler-dr-ste-a/bEpUGrk7Qoe8LOsTdympUQ,lone-tree-colorado
https://www.ubereats.com/denver/food-delivery/cherry-thai/oQtfnKK3Qz-TVFBLe6lxdA,lone-tree-colorado
https://www.ubereats.com/denver/food-delivery/los-arcos-mexican-restaurant/kyTxWQ0mSXiL7eSC0bfAqA,lone-tree-colorado
https://www.ubereats.com/denver/food-delivery/dairy-queen-grill-%26-chill-4650-s-yosemite-st/qnG-x7VqTBuHWwpbc_k5gQ,lone-tree-colorado
https://www.ubereats.com/denver/food-delivery/my-fit-foods/HAqWMBmySDSG15Um5ZRZ2A,lone-tree-colorado
https://www.ubereats.com/denver/food-delivery/boston-market-14110-e-illiff-ave/O9RSc_dMTmWB-j1lkhM-vg,lone-tree-colorado
https://www.ubereats.com/denver/food-delivery/wendys-8040-s-broadway/8yTNL--vQpekGL97earlAA,lone-tree-colorado
https://www.ubereats.com/denver/food-delivery/sugami-hibachi-express/2q-gpzs5QlSbejnFKYPLAw,lone-tree-colorado
https://www.ubereats.com/denver/food-delivery/kfc-1960-east-county-line-road/5y-SFSR8Rqqu_sqGyzTdAQ,lone-tree-colorado
https://www.ubereats.com/denver/food-delivery/qdoba-9364-s-colorado-blvd/da_KLtpCRZC8lMSLZEaBRQ,lone-tree-colorado
https://www.ubereats.com/denver/food-delivery/midici-neapolitan-pizza/rmfXyJmcQtmtyuwUw_5Jxw,lone-tree-colorado
https://www.ubereats.com/denver/food-delivery/daniels-of-paris/7TMnczpOSVatLC5tbPj9FA,lone-tree-colorado
https://www.ubereats.com/denver/food-delivery/asuka-ramen-%26-poke-yosemite-st/r4Cv_Wu6The62JWxkwTxgg,lone-tree-colorado
https://www.ubereats.com/denver/food-delivery/wendys-16931-e-lincoln-ave/nha63ppxQqagfHc28O9IEg,lone-tree-colorado
https://www.ubereats.com/denver/food-delivery/shake-shack-1509-park-central-dr/aK3SFcqxTJ6hxaV_RtREXA,lone-tree-colorado
https://www.ubereats.com/denver/food-delivery/kfc-186-metzler-drive/EUxmi_vUSA2lpok_dqrKIg,lone-tree-colorado
https://www.ubereats.com/denver/food-delivery/benihana-denver/wkyh7yP9TRqyTjukoncO4Q,lone-tree-colorado
https://www.ubereats.com/denver/food-delivery/my-fit-foods/WQJX89-aS8S3N1MckjlUNw,lone-tree-colorado
https://www.ubereats.com/denver/food-delivery/mad-greens-arapahoe-%26-quebec/muF5XFncS7G92j4ix5q-dA,lone-tree-colorado
https://www.ubereats.com/denver/food-delivery/taco-bell-21865-e-quincy-ave/97eU0i-lT-qv1T8LaqYUxA,lone-tree-colorado
https://www.ubereats.com/denver/food-delivery/papa-murphys-9315-dorchester-st-suite-108/9UB5cNrmQwmASyutueA_0Q,lone-tree-colorado
https://www.ubereats.com/denver/food-delivery/mariachi-breakfast-on-the-go/kvpRvXS1RTWB3S2M9zbpmQ,lone-tree-colorado
https://www.ubereats.com/denver/food-delivery/wendys-9185-crown-crest-blvd/Ps_AtBPWTZCFfDunjY6WHA,lone-tree-colorado
https://www.ubereats.com/denver/food-delivery/naan-curry-grill/_vGunzu0Tm6osCN46vRVRQ,lone-tree-colorado
https://www.ubereats.com/denver/food-delivery/mod-pizza-highlands-ranch/9L-BznCJTE-30E2lcFdivw,lone-tree-colorado
https://www.ubereats.com/denver/food-delivery/jersey-mikes-subs-aurora-23870-e-smokey-hill-road/MEWSEBysQkKcPCBF9Hoepg,lone-tree-colorado
https://www.ubereats.com/denver/food-delivery/carls-jr-12165-lioness-way/1Ki0FJZBSHK3d3PFKE7mrg,lone-tree-colorado
https://www.ubereats.com/denver/food-delivery/starbucks-castle-pines-pkwy-%26-debbie/uRvHjM2nS_epVwxE8agesQ,lone-tree-colorado
https://www.ubereats.com/denver/food-delivery/castle-rock-tamarind-indian-cuisine/1qZ3-mA1TWS_ThCgE7KWGA,lone-tree-colorado
https://www.ubereats.com/denver/food-delivery/del-taco-11147-pikes-peak-drive/Z7J_Uq60QcmBNY7uiuCeug,lone-tree-colorado
https://www.ubereats.com/denver/food-delivery/village-inn-23-centennial-blvd/CPgeAAi0Tjmn80N2eKs5uw,lone-tree-colorado
https://www.ubereats.com/denver/food-delivery/el-parral-mexican-restaurant-littleton/ufmKvphRRCy30hTkXkp1Bw,lone-tree-colorado
https://www.ubereats.com/denver/food-delivery/pasquallys-pizza-%26-wings-7510-parkway-dr/jOhkNtf-Q06k-wasJOus1g,lone-tree-colorado
https://www.ubereats.com/denver/food-delivery/spicy-thai/v01k0ghfTISIEMMuVBqRlg,lone-tree-colorado
https://www.ubereats.com/denver/food-delivery/wood-paddle-pizza-and-tap/YAv6G4MLQC2KX8cZTQgcHw,lone-tree-colorado
https://www.ubereats.com/denver/food-delivery/starbucks-smoky-hill-%26-buckley/dtNR2Sw8SLKUE9BmL33zxA,lone-tree-colorado
https://www.ubereats.com/denver/food-delivery/fire-bowl-cafe-denver/1hGbTrOfRimUtu77Ii0DBA,lone-tree-colorado
https://www.ubereats.com/denver/food-delivery/corner-bakery-cafe-2253-e-briarwood-ave/AH_9FW-MQj6r7eo3g3z0yA,lone-tree-colorado
https://www.ubereats.com/denver/food-delivery/three-little-griddles-aurora/Fj6t6OLuSVGwZm1omejxXA,lone-tree-colorado
https://www.ubereats.com/denver/food-delivery/chuck-e-cheese-7510-parkway-dr/X_1AwpJZTOiB9trmpffFCg,lone-tree-colorado
https://www.ubereats.com/denver/food-delivery/nonos-cafe/rbPBYMqSTwqQoYDYa_88hg,lone-tree-colorado
https://www.ubereats.com/denver/food-delivery/subway-wildcat-mcarthur/rshigdWXQoiFVFuZU_WilQ,lone-tree-colorado
https://www.ubereats.com/denver/food-delivery/panera-7301-s-santa-fe-dr/9XqHT4tET7iHlxDvXuTy0Q,lone-tree-colorado
https://www.ubereats.com/denver/food-delivery/anthonys-pizza-%26-pasta-dtc/mbA53g_hQAGPliTX8hqGWw,lone-tree-colorado
https://www.ubereats.com/denver/food-delivery/the-donut-house-castle-pines/3ckLnAHMSCy8rG73S6ICAg,lone-tree-colorado
https://www.ubereats.com/denver/food-delivery/subway-11017-s-parker-rd/4pKSFDtRQ6GLM2m-OI3Ong,lone-tree-colorado
https://www.ubereats.com/denver/food-delivery/inta-juice/xh_h4J-4QvqMX1wUXsA4fw,lone-tree-colorado
https://www.ubereats.com/denver/food-delivery/chipotle-mexican-grill-18320-cottonwood-dr-unit-a/Vk3YLtzsQ4urlitmkkLeng,lone-tree-colorado
https://www.ubereats.com/denver/food-delivery/arbys-639/S06ZNOV0RE677x3RMzAapg,lone-tree-colorado
https://www.ubereats.com/denver/food-delivery/jasons-deli-aurora/RtILr9NKQQ6S108otlEgMA,lone-tree-colorado
https://www.ubereats.com/denver/food-delivery/qdoba-9338-s-dorchester-st/tKZt8XGlQ2qooFJXXODBfA,lone-tree-colorado
https://www.ubereats.com/denver/food-delivery/arbys-6880/xqKMLRDCSQCzZe7lAMdZBQ,lone-tree-colorado
https://www.ubereats.com/denver/food-delivery/cb-%26-potts-englewood/Zn3D53rkQdKbxK3b4zrXCA,lone-tree-colorado
https://www.ubereats.com/denver/food-delivery/ritas-italian-ice-3990-limelight-ave/37JtfexoSe-cooMp7iiSEw,lone-tree-colorado
https://www.ubereats.com/denver/food-delivery/wendys-9365-hepburn-st/NHF5WZfwSNW-VjgvXxd9kw,lone-tree-colorado
https://www.ubereats.com/denver/food-delivery/chipotle-mexican-grill-6570-s-yosemite-st-ste-d/8nGroz0pQHOwwEBQ5ghcxw,lone-tree-colorado
https://www.ubereats.com/denver/food-delivery/jamba-juice-6202-s-parker-road-ste-100/oj8K-KkmR8K5EPT8JLBNMw,lone-tree-colorado
https://www.ubereats.com/denver/food-delivery/mcdonalds-lincoln-jordan/FIa71TeYTyeVt_8uqIzctw,lone-tree-colorado
https://www.ubereats.com/denver/food-delivery/pho-khang/swAv1HTARPKbPjgeacXlIA,lone-tree-colorado
https://www.ubereats.com/denver/food-delivery/tavern-littleton/RJKv01GCQLOQ1mvWbL5q4w,lone-tree-colorado
https://www.ubereats.com/denver/food-delivery/the-sushi-man/VxPc7ZyhRUqGtxP4sSuV6g,lone-tree-colorado
https://www.ubereats.com/denver/food-delivery/qdoba-mexican-grill-23923-e-prospect-ave-suite-c/CzNr6q8eRKOcVieZquNRqA,lone-tree-colorado
https://www.ubereats.com/denver/food-delivery/a%26w-1960-east-county-line-road/3AksbODXQ66Yy-n8Ikzp6w,lone-tree-colorado
https://www.ubereats.com/denver/food-delivery/menya-sushi-%26-ramen/6KLUEx02TU6Wiyj3huwxPw,lone-tree-colorado
https://www.ubereats.com/denver/food-delivery/quiznos-8775-e-orchard-rd/6pKDCOOWSEWd-r4buRqXbg,lone-tree-colorado
https://www.ubereats.com/denver/food-delivery/ihop-11133-s-parker-rd/SDGPSwTdTAKFp1jE4X2IlQ,lone-tree-colorado
https://www.ubereats.com/denver/food-delivery/las-tortugas-parker/luqZlb0uR5mGtYU3KXXNgA,lone-tree-colorado
https://www.ubereats.com/denver/food-delivery/mcdonalds-englwd-yosemite/-MtWGOafR8WJ52b58WBG1w,lone-tree-colorado
https://www.ubereats.com/denver/food-delivery/panda-express-9500-east-hampden-ave-%23d/-XP3SFzETR2dpwUXPzvRQg,lone-tree-colorado
https://www.ubereats.com/denver/food-delivery/wild-basil/ApiTuLEzSwmo_vqtL95g6A,lone-tree-colorado
https://www.ubereats.com/denver/food-delivery/the-white-chocolate-grill-lone-tree/FFlg4TSEQ4aLNuXsQ25tmw,lone-tree-colorado
https://www.ubereats.com/denver/food-delivery/cold-stone-creamery-17051-lincoln-ave/zZa7s6MrSn-AMP3NO64X2g,lone-tree-colorado
https://www.ubereats.com/denver/food-delivery/pho-bom-vietnamese-noodle-%26-grill/L5lcl_qgT_2FODQisgcMwQ,lone-tree-colorado
https://www.ubereats.com/denver/food-delivery/mcdonalds-littleton-broadw/kbCmoh_3TM6pNjvROFTLJQ,lone-tree-colorado
https://www.ubereats.com/denver/food-delivery/arbys-6483/m8SR6EHDR869B-tty-NrBw,lone-tree-colorado
https://www.ubereats.com/denver/food-delivery/colonna%60s-pizza-centennial/OwopMXR3RlGxOcqO1TmDIw,lone-tree-colorado
https://www.ubereats.com/denver/food-delivery/cuba-cuba-sandwicheria-highlands-ranch/PuvLsFdJRN-cacRDQVwwuA,lone-tree-colorado
https://www.ubereats.com/denver/food-delivery/tropical-smoothie-cafe-centennial-promenade/pa-2nMIGTZGvyaaKcczaZg,lone-tree-colorado
https://www.ubereats.com/denver/food-delivery/brick-house-tavern-%2B-tap-19320-cottonwood-dr/xmENjjIeT6yJAhR0IWLhcQ,lone-tree-colorado
https://www.ubereats.com/denver/food-delivery/vibe-foods-superfood-bar/aG8ljh4STfO2P_L6dd7cpw,lone-tree-colorado
https://www.ubereats.com/denver/food-delivery/clock-tower-grill/bHN6dsrPQ1ep3kgv0vl_hQ,lone-tree-colorado
https://www.ubereats.com/denver/food-delivery/wholly-cannoli-cafe/WI0wRmaoT2yKco5mq97yFQ,lone-tree-colorado
https://www.ubereats.com/denver/food-delivery/hacienda-colorado-lone-tree/yR9wdFdpR1GyBx3eRm5wCw,lone-tree-colorado
https://www.ubereats.com/denver/food-delivery/starbucks-sec-lincoln-%26-yosemite-lone-tree/2WEkpwZIQfWgQGMZAW042g,lone-tree-colorado
https://www.ubereats.com/denver/food-delivery/chipotle-mexican-grill-20209-e-smoky-hill-rd/FCPqaaY6SI--B4EDX7YDRw,lone-tree-colorado
https://www.ubereats.com/denver/food-delivery/qdoba-16270-e-arapahoe-rd/vTjF8gRZRkCL4gCqJZc6jA,lone-tree-colorado
https://www.ubereats.com/denver/food-delivery/panda-express-8515-park-meadows-center-drive/6SyXldpRR5ycMjrUmyeGsQ,lone-tree-colorado
https://www.ubereats.com/denver/food-delivery/papa-nickys-pizza/U4uzDMGgRRKCI90xHr9wHQ,lone-tree-colorado
https://www.ubereats.com/denver/food-delivery/taco-bell-8220-s-quebec/uSZkoI8kRHCky7yET3w4Lg,lone-tree-colorado
https://www.ubereats.com/denver/food-delivery/auntie-annes-5050-factory-shops-blvd-space-%23605/G-xZ3Ab8TFe-98dXlEfDJA,lone-tree-colorado
https://www.ubereats.com/denver/food-delivery/a%26w-9351-e-arapahoe-road/jEtlhreyRMehD8e6bVbzCg,lone-tree-colorado
https://www.ubereats.com/denver/food-delivery/modern-market-southglenn/riMDfRVITJuDHqOPMFCCUQ,lone-tree-colorado
https://www.ubereats.com/denver/food-delivery/blue-ocean/cKX3k9rxR5erfjjHa6Rwhg,lone-tree-colorado
https://www.ubereats.com/denver/food-delivery/las-tortugas/EotixHCVTAijqkar8EF3XA,lone-tree-colorado
https://www.ubereats.com/denver/food-delivery/on-the-border-highlands-ranch/7ALZUVXDTrW0InshTTzaSQ,lone-tree-colorado
https://www.ubereats.com/denver/food-delivery/indias-clay-oven/zrjNvNPgSDKuzbXk9H4mmg,lone-tree-colorado
https://www.ubereats.com/denver/food-delivery/zaika-indian-cuisine-castle-rock/Egh1RrNvSEmwI_25xcEc-g,lone-tree-colorado
https://www.ubereats.com/denver/food-delivery/blackjack-pizza-%26-salads-centennial/7Mwlif40S4i90ih9xB8Elg,lone-tree-colorado
https://www.ubereats.com/denver/food-delivery/yemen-grill/wxM2qTUTRtyfvdDx-DiLaQ,lone-tree-colorado
https://www.ubereats.com/denver/food-delivery/chipotle-mexican-grill-9500-heritage-hills-cir-ste-700/wMmiwJ52TGaTBediI_UiAw,lone-tree-colorado
https://www.ubereats.com/denver/food-delivery/my-favorite-muffin-arapahoe-rd/ZHkUkxoZQJ69L6iRurvf1g,lone-tree-colorado
https://www.ubereats.com/denver/food-delivery/tropical-smoothie-cafe-1485-park-central-drive/Ka1u8QTaSAq1gX0vONDVdw,lone-tree-colorado
https://www.ubereats.com/denver/food-delivery/south-philly-cheese-steaks-cherry-hills/0BEbt5miSa6tHiT1jb4UnA,lone-tree-colorado
https://www.ubereats.com/denver/food-delivery/pieology-pizzeria-12073-e-arapahoe-rd/S03MKsn7Qq6-NrztBPirPQ,lone-tree-colorado
https://www.ubereats.com/denver/food-delivery/3-margaritas-littleton/dtTsq5gaTue27V3Pn9hZ4g,lone-tree-colorado
https://www.ubereats.com/denver/food-delivery/the-castle-bar-%26-grille/3Kc52mPcTUef2TLdieQm6Q,lone-tree-colorado
https://www.ubereats.com/denver/food-delivery/parrys-pizzeria-%26-taphouse-highlands-ranch/VOm3LYkdTEywjRr40vVp5w,lone-tree-colorado
https://www.ubereats.com/denver/food-delivery/costa-vida-23870-e-smoky-hill-rd/JVddesI0S4KnUVoB3VVRrQ,lone-tree-colorado
https://www.ubereats.com/denver/food-delivery/mcdonalds-highlands-ranch/jAXpbcrpS_WrzQOdkub5fw,lone-tree-colorado
https://www.ubereats.com/denver/food-delivery/poke-one/iMbU-ugvQ-qIpIKegwkphg,lone-tree-colorado
https://www.ubereats.com/denver/food-delivery/kunjani-world-coffee/8IVzYhTmSzWxAfhCqbFCxA,lone-tree-colorado
https://www.ubereats.com/denver/food-delivery/papa-nickys-wings/-4_HKOepQlSFfuD8hNpl7w,lone-tree-colorado
https://www.ubereats.com/denver/food-delivery/wafels-%26-dinges-lonetree/ukAZaiLQQjeoXhGlCva1-A,lone-tree-colorado
https://www.ubereats.com/denver/food-delivery/taco-bell-5572-s-broadway/B-wm_iwHSjOnbRkZceoBWg,lone-tree-colorado
https://www.ubereats.com/denver/food-delivery/jersey-mikes-subs-highlands-ranch-9362-s-colorado-blvd/DcMWbcTYQOmzuUi00Pa9TQ,lone-tree-colorado
https://www.ubereats.com/denver/food-delivery/kfc-9804-s-yosemite/Iv0-5Z6NScK3EaStQE62tg,lone-tree-colorado
https://www.ubereats.com/denver/food-delivery/old-chicago-104-1489-park-central-drive/Ek3tEdmNT7CaO9ytKGWDeA,lone-tree-colorado
https://www.ubereats.com/denver/food-delivery/potbelly-sandwich-shop-park-meadows-%7C-467/cyypLTDHSzKsFR7GN9Tdbg,lone-tree-colorado
https://www.ubereats.com/denver/food-delivery/rubios-111-w-mineral-ave/B1ji4lJXSsC9LL1EurpqbQ,lone-tree-colorado
https://www.ubereats.com/denver/food-delivery/chipotle-mexican-grill-24100-e-commons-ave-ste-101/N-LQ9kpxRLmOr823vnYZ_Q,lone-tree-colorado
https://www.ubereats.com/denver/food-delivery/asa-sushi/BqDth5NWR1WGeC8eCRzCpA,lone-tree-colorado
https://www.ubereats.com/denver/food-delivery/potbelly-sandwich-shop-denver-tech-center-%7C-604/Zi3kG1DqSR6Jpffp9gc1EA,lone-tree-colorado
https://www.ubereats.com/denver/food-delivery/swirk-supreme-food/6yG5sP1ZSd-oTfYYtUV87A,lone-tree-colorado
https://www.ubereats.com/denver/food-delivery/dairy-queen-treat-9435-s-university-blvd/3xhJhZiwQW6WN5OH38lF4w,lone-tree-colorado
https://www.ubereats.com/denver/food-delivery/lazy-dog-restaurant-%26-bar-aurora/_8Cet3uSS8C383BWsXNf1Q,lone-tree-colorado
https://www.ubereats.com/denver/food-delivery/which-wich-superior-sandwiches-8331-willow-st/q8TMRz_7TnW6O4B9JHchhw,lone-tree-colorado
https://www.ubereats.com/denver/food-delivery/parrys-pizzeria-%26-taphouse-castle-rock/uQ3Gnke9ShSKadkQj_QfqQ,lone-tree-colorado
https://www.ubereats.com/denver/food-delivery/five-guys-co-1352-8547-e-arapahoe-road/inH4lwvDSt6G_Y53rl8IWA,lone-tree-colorado
https://www.ubereats.com/denver/food-delivery/mod-pizza-crown-point/ivM7Fv3aRmqbUUJiceLeag,lone-tree-colorado
https://www.ubereats.com/denver/food-delivery/subway-afw-south/DEGAkptBT4q9fbgq2ARIeg,lone-tree-colorado
https://www.ubereats.com/denver/food-delivery/arbys-6878/4-S0AV4aSOS6Tgru6W3uXw,lone-tree-colorado
https://www.ubereats.com/denver/food-delivery/arbys-8547/IeZTSI6OS8W4uVLzkwDORw,lone-tree-colorado
https://www.ubereats.com/denver/food-delivery/chipotle-mexican-grill-18400-cottonwood-dr-suite-101/lVEtzSVCQtmxl-QyY0rAlQ,lone-tree-colorado
https://www.ubereats.com/denver/food-delivery/reeds-southside-tavern/mHzh9nZsTseuso2lgL2wFw,lone-tree-colorado
https://www.ubereats.com/denver/food-delivery/cold-stone-creamery-6300-e-hampden-ave-bldg-1-ste-e/8Bd4TqLQS--1g-RHvl9n7g,lone-tree-colorado
https://www.ubereats.com/denver/food-delivery/panda-express-9563-south-university-blvd/bUuEDWbVRuuxIu1mVJx8nA,lone-tree-colorado
https://www.ubereats.com/denver/food-delivery/dellannos-deli-%26-pizza/n9B65_xwQHSCjilloJvDZg,lone-tree-colorado
https://www.ubereats.com/denver/food-delivery/taco-bell-7530-village-square-dr/z-q88lCqTiidxU2O9xDtvw,lone-tree-colorado
https://www.ubereats.com/denver/food-delivery/viewhouse-centennial/y537gOZrT0eMXE0rHaZTeQ,lone-tree-colorado
https://www.ubereats.com/denver/food-delivery/fit-kitchen-centennial/Ln7FLsbSSHCkx0Mt-DkAzQ,lone-tree-colorado
https://www.ubereats.com/denver/food-delivery/firehouse-subs-parker/NiLQiO5iTi6IK8GySDuqAA,lone-tree-colorado
https://www.ubereats.com/denver/food-delivery/smokin-fins-highland-ranch/20WPOdY7QMWKhkpgXsEebA,lone-tree-colorado
https://www.ubereats.com/denver/food-delivery/arbys-6842/gb1CvG-hRL6fvNoM95kKLw,lone-tree-colorado
https://www.ubereats.com/denver/food-delivery/kneaders-bakery-%26-cafe-highlands-ranch/zLT95wP0RtCK1VRyUXANxA,lone-tree-colorado
https://www.ubereats.com/denver/food-delivery/ra-sushi-denver/SEpX_jtoTc6wweDxjcajOg,lone-tree-colorado
https://www.ubereats.com/denver/food-delivery/taco-bell-3984-red-cedar-dr/PoCSpqCDSh6qa_tK8syGeA,lone-tree-colorado
https://www.ubereats.com/denver/food-delivery/chilgogi-korean-bbq/8ROIchdsSDWF8Hf3obpYaQ,lone-tree-colorado
https://www.ubereats.com/denver/food-delivery/subway-12155-lioness-way/pdqtwWOfQvODKHhN2qKLeQ,lone-tree-colorado
https://www.ubereats.com/denver/food-delivery/jersey-mikes-subs-3571-s-tower-rd/aacx3X0hQE-_jp84FOLA1A,lone-tree-colorado
https://www.ubereats.com/denver/food-delivery/albasha-grill/dpPJRpusQyKXVHFp10Nu1g,lone-tree-colorado
https://www.ubereats.com/denver/food-delivery/las-brisas/AiMQDvSaTfeq6VzHFnRGdQ,lone-tree-colorado
https://www.ubereats.com/denver/food-delivery/yolandas-tacos/gTGuBU-qRo23nQsOC5xKiA,lone-tree-colorado
https://www.ubereats.com/denver/food-delivery/anthonys-pizza-%26-pasta-highlands-ranch-west/CLuaTBb_S1aPReib1b69dg,lone-tree-colorado
https://www.ubereats.com/denver/food-delivery/the-poke-story-at-southglenn-centennial/z3WSouWJS0abz2LgkH8DAA,lone-tree-colorado
https://www.ubereats.com/denver/food-delivery/crave-it-frozen-yogurt/3E2gdSUgTzOnoVs55JKO3g,lone-tree-colorado
https://www.ubereats.com/denver/food-delivery/coloradough-pizza-parker/KMLE7oPATnSRqpkpUrzdDQ,lone-tree-colorado
https://www.ubereats.com/denver/food-delivery/mcdonalds-lincoln-yosemite/kqSXMQKqSqKJ6gxtpdLRew,lone-tree-colorado
https://www.ubereats.com/denver/food-delivery/buffalo-wild-wings-6105-s-main-st/AR9qVd1YQPWUJUJwz4gh3Q,lone-tree-colorado
https://www.ubereats.com/denver/food-delivery/smashburger-9563-s-university-blvd-ste-a/xyVLvBtXQmebjwcGo2dhDw,lone-tree-colorado
https://www.ubereats.com/denver/food-delivery/burnt-end-bbq/bRHKWbm2TjOFPqy8yh7agA,lone-tree-colorado
https://www.ubereats.com/denver/food-delivery/jersey-mikes-subs-5137-south-yosemite-st/IIkdLsnIRC-dp215hXhEsw,lone-tree-colorado
https://www.ubereats.com/denver/food-delivery/taco-bell-8695-e-arapahoe-rd/fcsi11qwRNemkwUAD7osvA,lone-tree-colorado
https://www.ubereats.com/denver/food-delivery/cuba-cuba-sandwicheria-dtc-blvd/cebSeCfVRc6tiqYnTU9pFA,lone-tree-colorado
https://www.ubereats.com/denver/food-delivery/jasons-deli-centennial/Xzw5v3jDS-2ebFSYStOAbw,lone-tree-colorado
https://www.ubereats.com/denver/food-delivery/subway-17001-lincoln-ave/MWM6B1iWS8O31BvEyzzzXA,lone-tree-colorado
https://www.ubereats.com/denver/food-delivery/noodles-%26-company-9563-s-university-blvd/KJwiaJkcTra4C1cPDbqSnw,lone-tree-colorado
https://www.ubereats.com/denver/food-delivery/the-donut-house-town-of-parker/umER8gQVS0eSGRXoddEWWw,lone-tree-colorado
https://www.ubereats.com/denver/food-delivery/zaika-indian-cuisine/hUGqNq0cR1OU7ax00eCn4w,lone-tree-colorado
https://www.ubereats.com/denver/food-delivery/the-rock-wood-fired-pizza-centennial/sYZPIOoYT7GtWH3CbP6Pvg,lone-tree-colorado
https://www.ubereats.com/denver/food-delivery/firehouse-subs-6345-east-hampden-avenue-suite-102/Yi20rxi3RVi9BJY40di_nA,lone-tree-colorado
https://www.ubereats.com/denver/food-delivery/pf-changs-23902-e-prospect-ave/vDJ3udvzQnileBF9cX4Zaw,lone-tree-colorado
https://www.ubereats.com/denver/food-delivery/applebees-390-allen-street-%2384091/Xc-6xCg7S42i_8fjszUV7Q,lone-tree-colorado
https://www.ubereats.com/denver/food-delivery/winstons-smoke-bbq/ZSRtaI5URd6ApcEufXc3tQ,lone-tree-colorado
https://www.ubereats.com/denver/food-delivery/rice-and-kabob-aurora/gIA5dx9SQqOiYsvaqmq0mQ,lone-tree-colorado
https://www.ubereats.com/denver/food-delivery/new-york-deli-news/xOVpUjX4RJuv_bvERfEE5A,lone-tree-colorado
https://www.ubereats.com/denver/food-delivery/the-dam-grille/NJJaX7RMSkGQC_nDVY9AxQ,lone-tree-colorado
https://www.ubereats.com/denver/food-delivery/papa-ricks-pizza/0XS5UQHzR_q6OA05eQHeaw,lone-tree-colorado
https://www.ubereats.com/denver/food-delivery/subway-9227-e-lincoln-ave/Ot37YmOkSAWPGFiDHsMj_A,lone-tree-colorado
https://www.ubereats.com/denver/food-delivery/zeal-dtc/xihmXXYMRBygDG5Z3ioXyQ,lone-tree-colorado
https://www.ubereats.com/denver/food-delivery/smashburger-2330-e-arapahoe-rd-ste-909/w5Q2gHJeSMyqlSjYiQpKFQ,lone-tree-colorado
https://www.ubereats.com/denver/food-delivery/honey-bee-asian-bistro/lUTZpdwcQlyNodkID5jGdg,lone-tree-colorado
https://www.ubereats.com/denver/food-delivery/burger-king-7480-s-university-blvd/6lnE_zBgSdGhb-ZUxQr9RQ,lone-tree-colorado
https://www.ubereats.com/denver/food-delivery/cold-stone-creamery-4251-s-buckley-rd-ste-655-025/FOLrZ8byQt-uTxsHtg4pPQ,lone-tree-colorado
https://www.ubereats.com/denver/food-delivery/dunkin-9595-e-arapahoe-rd/vddVm2ZHRhyJqp0BqG3ebQ,lone-tree-colorado
https://www.ubereats.com/denver/food-delivery/subway-9245-s-broadway/9c3zr0_YSK6sWFs2Xm0rvw,lone-tree-colorado
https://www.ubereats.com/denver/food-delivery/h-%26-g-asian-cafe/FNZY3neKRoWAUbkc2h7ObQ,lone-tree-colorado
https://www.ubereats.com/denver/food-delivery/jamba-juice-belleview/3YjVoxkxTmaTRJt2_sA6gg,lone-tree-colorado
https://www.ubereats.com/denver/food-delivery/jersey-mikes-subs-2660-pearl-st/Jr6Lo_HsQ6K32u21sV_iQw,lone-tree-colorado
https://www.ubereats.com/denver/food-delivery/exotikka/vVHXi-0NQAWjUZ_IPQxSUQ,lone-tree-colorado
https://www.ubereats.com/denver/food-delivery/on-the-border-smoky-hill/zXTFArt-SlGY9zPkxt2WWw,lone-tree-colorado
https://www.ubereats.com/denver/food-delivery/chocklo/jWw96pkFQGu7MQUDinlNjQ,lone-tree-colorado
https://www.ubereats.com/denver/food-delivery/heaven-creamery/S81UO2bXTsaKCQT9CQKHIA,lone-tree-colorado
https://www.ubereats.com/denver/food-delivery/taste-of-philly-highlands-ranch/JbqoLjGPSzW-4yknmKbRCg,lone-tree-colorado
https://www.ubereats.com/denver/food-delivery/panera-9233-park-meadows-drive/9X6fYUp3Sx6hoO7lYlWbCw,lone-tree-colorado
https://www.ubereats.com/denver/food-delivery/qdoba-mexican-eats-4955-s-ulster/QzVfEGSqSbyHC0AYRIBQIg,lone-tree-colorado
https://www.ubereats.com/denver/food-delivery/tokyo-joes-8225-s-chester-st-%23106/gzhrf5caR9aZTv-bDBh6GQ,lone-tree-colorado
https://www.ubereats.com/denver/food-delivery/pinos-italian-kitchen-%26-bar/0uEbdGuETwGIq4i8nWcKXQ,lone-tree-colorado
https://www.ubereats.com/denver/food-delivery/dog-haus-centennial/2K5tREBpRdmFOw3SUgsyow,lone-tree-colorado
https://www.ubereats.com/denver/food-delivery/papa-johns-9227-east-lincoln-avenue-suite-400/6bzsUsSLReeZNO2MLtvpbw,lone-tree-colorado
https://www.ubereats.com/denver/food-delivery/dunkin-19240-e-lincoln-ave/hB4Y9c9zSweeJ0htQKdI9g,lone-tree-colorado
https://www.ubereats.com/denver/food-delivery/mrdonuts/HnTFZpiDQkyylxOhV1dCiQ,lone-tree-colorado
https://www.ubereats.com/denver/food-delivery/five-guys-co-1013-6710-s-cornerstar-way/a50JWdT9RZWK_zWpV6NYJw,lone-tree-colorado
https://www.ubereats.com/denver/food-delivery/honey-baked-ham-east-county-line-rd/-XLqBlF-ToWQmmYyD0pLpA,lone-tree-colorado
https://www.ubereats.com/denver/food-delivery/chick-fil-a-3700-e-highlands-ranch-pkwy/Z-dUixBeRiuQngSwzRESdw,lone-tree-colorado
https://www.ubereats.com/denver/food-delivery/pf-changs-8315-s-park-meadows-ctr-dr/t3wd9AtHTyC0xNpmxeASag,lone-tree-colorado
https://www.ubereats.com/denver/food-delivery/sahara-restaurant/_CvKPkUiQSO-dc8K3mmMow,lone-tree-colorado
https://www.ubereats.com/denver/food-delivery/kurosawa-asian-bistro/TI-Ms-FjQyGPJrHaXKTNUA,lone-tree-colorado
https://www.ubereats.com/denver/food-delivery/noodles-%26-company-8000-e-belleview-ave-ste-101/AJRV0EFdR4u1P2u2nHKGyw,lone-tree-colorado
https://www.ubereats.com/denver/food-delivery/jersey-mikes-subs-6583-s-parker-road-denver/GMbX-OCUROSs68jLOPUedg,lone-tree-colorado
https://www.ubereats.com/denver/food-delivery/pho-saigon-denver/i2FfuRcJQ664zZXo6BlGpA,lone-tree-colorado
https://www.ubereats.com/denver/food-delivery/tokayo-sushi/J7aV0QCFQIW0Mt3Lk2yp_g,lone-tree-colorado
https://www.ubereats.com/denver/food-delivery/fit-kitchen-denver-tech/n7LDC1r3RDq43GSKYkiARw,lone-tree-colorado
https://www.ubereats.com/denver/food-delivery/francys-gourmet/S3EUO2A3TjqeVyWLKd3AQw,lone-tree-colorado
https://www.ubereats.com/denver/food-delivery/bop-%26-gogi/m-lGhSuaTwKLkIf0AD3o2Q,lone-tree-colorado
https://www.ubereats.com/denver/food-delivery/smashburger-9696-e-arapahoe-rd/SWG_PdjeTNiiQPuVSU3p6w,lone-tree-colorado
https://www.ubereats.com/denver/food-delivery/famous-daves-bbq-aurora/AzfcMsvkTHCdIFOlOVn-Mg,lone-tree-colorado
https://www.ubereats.com/denver/food-delivery/twin-peaks-8840-e-arapahoe-rd/xbnWyVftTXy0DndBnomsNw,lone-tree-colorado
https://www.ubereats.com/denver/food-delivery/pastries-n-chaat/tQzbfOtOSDOiGR48MfdeIg,lone-tree-colorado
https://www.ubereats.com/denver/food-delivery/cold-stone-creamery-6770-s-cornerstar-way-ste-8c/8a_XEjIETaS5zBuDaDvktg,lone-tree-colorado
https://www.ubereats.com/denver/food-delivery/potbelly-sandwich-shop-castle-rock-dt-%7C-433/dEzGG4gpQziSbaA1sToBAw,lone-tree-colorado
https://www.ubereats.com/denver/food-delivery/mccarthys-sports-bar-%26-grill/KmzJAzKERZS5j7gmOADDHA,lone-tree-colorado
https://www.ubereats.com/denver/food-delivery/chipotle-mexican-grill-2209-w-wildcat-reserve-pkwy-unit-e1a/2PK10RH0QUWCeHIPyO1oIg,lone-tree-colorado
https://www.ubereats.com/denver/food-delivery/katsu-ramen/ZwoUWCobTVqPAXJkGmqqWw,lone-tree-colorado
https://www.ubereats.com/denver/food-delivery/nonnas-italian-bistro/FVfYENoURICGPAvcUyr-bg,lone-tree-colorado
https://www.ubereats.com/denver/food-delivery/kneaders-bakery-%26-cafe-parker/oNwZrVzDSt2i-YUxz3rYmg,lone-tree-colorado
https://www.ubereats.com/denver/food-delivery/yayas-euro-bistro-denver/It9LOHy1QiKqDkptShIG0g,lone-tree-colorado
https://www.ubereats.com/denver/food-delivery/which-wich-8101-e-belleview-ave/YY5CNEezTXu81YyuJd9FHA,lone-tree-colorado
https://www.ubereats.com/denver/food-delivery/schlotzskys-deli-e-arapahoe-rd/yRw_bNDTSFu3BenQQd5jpw,lone-tree-colorado
https://www.ubereats.com/denver/food-delivery/qdoba-7301-s-santa-fe-dr/MEv_EgJRTcyOoLtIh6VUuQ,lone-tree-colorado
https://www.ubereats.com/denver/food-delivery/hapa-sushi-grill-%26-sake-bar-landmark/XJpggItHSlKLDE6I6aQ4Ng,lone-tree-colorado
https://www.ubereats.com/denver/food-delivery/cold-stone-creamery-8441-s-yosemite-st/5bdyEg0bSlSPjYRho-cM7w,lone-tree-colorado
https://www.ubereats.com/denver/food-delivery/papa-murphys-62-west-founders-pkwy-ste-f/-qg0c61iR6uYIkBuzw5wVQ,lone-tree-colorado
https://www.ubereats.com/denver/food-delivery/lincoln-station-pizza/TBnGqHNHSdmpyf0vfXZfSQ,lone-tree-colorado
https://www.ubereats.com/denver/food-delivery/qdoba-6703-s-university-blvd/B0PFcSHXTYGtyliFWPzOpg,lone-tree-colorado
https://www.ubereats.com/denver/food-delivery/qdoba-mexican-grill-11215-s-parker-rd-ste-201/fU-QjFp1RAGiqLMKvF6Msw,lone-tree-colorado
https://www.ubereats.com/denver/food-delivery/bonos-pit-bar-b-q-denver/9drErtnpQIGIH31F0LWj2w,lone-tree-colorado
https://www.ubereats.com/denver/food-delivery/larkburger-dtc/63h1-_IsQ3eiFW42HxdWhw,lone-tree-colorado
https://www.ubereats.com/denver/food-delivery/pei-wei-9352-s-colorado-blvd-suite-g-1/1ULbAT6eQ6edD_BgSzZYKA,lone-tree-colorado
https://www.ubereats.com/denver/food-delivery/newks-eatery/IdqrkM85Q3GVjsxJvAmneQ,lone-tree-colorado
https://www.ubereats.com/denver/food-delivery/east-moon-asian-bistro-%26-sushi-centennial/tDQIZ9pUSESN0JMVRf8k7A,lone-tree-colorado
https://www.ubereats.com/denver/food-delivery/greek-to-me/GdL5hdS4SL63EWXUDfOHaQ,lone-tree-colorado
https://www.ubereats.com/denver/food-delivery/taco-bell-16950-e-lincoln-avenue/WWM7wv7xR6KHvZtHP3Ac3w,lone-tree-colorado
https://www.ubereats.com/denver/food-delivery/taco-bell-6350-south-parker-road/WWwEDkEkRjS-UgFCE26QVQ,lone-tree-colorado
https://www.ubereats.com/denver/food-delivery/glacier-homemade-ice-cream-and-gelato/tZkE49IfSLejomYSiFveXQ,lone-tree-colorado
https://www.ubereats.com/denver/food-delivery/hungry-howies-pizza-aurora/AzENfs28R0OhyxrfT2yxEQ,lone-tree-colorado
https://www.ubereats.com/denver/food-delivery/hooters-willow-st-%26-e-county-line-rd/eOwzY08zT2axwtC3GflqkQ,lone-tree-colorado
https://www.ubereats.com/denver/food-delivery/parrys-pizza-parker-englewood/ZEw4Vp5KSNqNXQh4amlNPA,lone-tree-colorado
https://www.ubereats.com/denver/food-delivery/arbys-8516/Yn3TD2lzQs6JFKJ-vNSENw,lone-tree-colorado
https://www.ubereats.com/denver/food-delivery/sun-cafe/NlxH2GdFRwCliiDFo9nnNg,lone-tree-colorado
https://www.ubereats.com/denver/food-delivery/my-favorite-muffin-dry-creek/AKyjHV0ST82-PqWuRVQXaA,lone-tree-colorado
https://www.ubereats.com/denver/food-delivery/outback-steakhouse-4687-milestone-lane/gePdY8byRCG4UqC0_Meu9Q,lone-tree-colorado
https://www.ubereats.com/denver/food-delivery/red-lobster-6139-s-southlands-parkway/8Cy9cvEqTQCF1GxBeoi71w,lone-tree-colorado
https://www.ubereats.com/denver/food-delivery/indias-kitchen/ZceozVnTTQ6-tyM_qIZe3A,lone-tree-colorado
https://www.ubereats.com/denver/food-delivery/starbucks-lincoln-%26-oswego-centennial/EH3FLf-ERaOo5XOqfWhN4w,lone-tree-colorado
https://www.ubereats.com/denver/food-delivery/papa-murphys-9231-e-lincoln-avenue/45suUCCTRYCbvbk2Jbwvnw,lone-tree-colorado
https://www.ubereats.com/denver/food-delivery/pho-by-night-restaurant/NcNiE1ATThCr-bp3M89RFA,lone-tree-colorado
https://www.ubereats.com/denver/food-delivery/firehouse-subs-9992-commons-st/_7I7E7hwTTanwU6o2Vv3Fw,lone-tree-colorado
https://www.ubereats.com/denver/food-delivery/three-little-griddles-dtc/aob1ut5jTlulwiI6VC9oRw,lone-tree-colorado
https://www.ubereats.com/denver/food-delivery/fourleaf-chopped-salads/bf3F9zn_RhqeC0pgNLQrUg,lone-tree-colorado
https://www.ubereats.com/denver/food-delivery/jets-pizza-parker/VKrUibAORDee2eW5rBQ1Ug,lone-tree-colorado
https://www.ubereats.com/denver/food-delivery/fox-%26-hound-9239-park-meadows-drive/9uKT8kI4Rdm716QHaoEF6Q,lone-tree-colorado
https://www.ubereats.com/denver/food-delivery/noodles-%26-company-1601-mayberry-dr-space-104/7ekQyYE9TuWqqxctC7htNw,lone-tree-colorado
https://www.ubereats.com/denver/food-delivery/mod-pizza-park-meadows/QDFuVBPSR5-FuDkwVoJ_Rg,lone-tree-colorado
https://www.ubereats.com/denver/food-delivery/mile-high-city-sliders-food-truck/12XKHcOMR_OCkDit6Q3Z6A,lone-tree-colorado
https://www.ubereats.com/denver/food-delivery/castle-rock-donuts/jfUW4G_YSH-_rIju5BrpgQ,lone-tree-colorado
https://www.ubereats.com/denver/food-delivery/twisters-burgers-and-burritos-aurora/dF0_UG-jTgyHg734d7TtNA,lone-tree-colorado
https://www.ubereats.com/denver/food-delivery/applebees-8292-s-university-blvd-%2384033/BSRDcKJNSySR8NkXVw9x1A,lone-tree-colorado
https://www.ubereats.com/denver/food-delivery/first-watch-cherry-knolls/D2qK80mNS-OzTowkKgmIRQ,lone-tree-colorado
https://www.ubereats.com/denver/food-delivery/hooters-parker-rd-%26-e-yale-ave/wCT3O35zQ0ymCMniybH6hA,lone-tree-colorado
https://www.ubereats.com/denver/food-delivery/jersey-mikes-subs-englewood-4989-s-broadway/V7aKmiV-SQuikMtvfpGSoQ,lone-tree-colorado
https://www.ubereats.com/denver/food-delivery/kfc-16901-east-quincy/amaHWl2WQReJWw7DfjeGcg,lone-tree-colorado
https://www.ubereats.com/denver/food-delivery/teriyaki-madness-8547-e-arapahoe-rd/3ucE2E3MQxeI958Q9p63FA,lone-tree-colorado
https://www.ubereats.com/denver/food-delivery/carreras-tacos/U67ls7CzRKKgd9F7Dm3Z-w,lone-tree-colorado
https://www.ubereats.com/denver/food-delivery/grabbagreen/DvYobZ3yR0CTGdlxivo_bA,lone-tree-colorado
https://www.ubereats.com/denver/food-delivery/five-guys-co-1105-9992-commons-st/Qu_818agSYi-VVsSe2U4NA,lone-tree-colorado
https://www.ubereats.com/denver/food-delivery/great-harvest-bread-co/veZGomD8RX2oontvrUb9pw,lone-tree-colorado
https://www.ubereats.com/denver/food-delivery/cold-stone-creamery-9338-dorchester-st-ste-a-101/BWmcto33QOWgDsWrGjxq-Q,lone-tree-colorado
https://www.ubereats.com/denver/food-delivery/etais-bakery-cafe-fiddlers-green/jjYVstH0Q1ub7WMi1dScDA,lone-tree-colorado
https://www.ubereats.com/denver/food-delivery/red-lobster-9067-east-westview-rd/4osVbwHoR9aQWPh5SpOkzA,lone-tree-colorado
https://www.ubereats.com/denver/food-delivery/subway-12073-e-araphahoe-rd/DdIo5ulAT8mc0qrppbk3_w,lone-tree-colorado
https://www.ubereats.com/denver/food-delivery/noodles-%26-company-4261-s-buckley-rd/J-weCJSyQpGDqqnvMvVYkA,lone-tree-colorado
https://www.ubereats.com/denver/food-delivery/firehouse-subs-highland-ranch/6fbyZYdfRLOonah25zFjMQ,lone-tree-colorado
https://www.ubereats.com/denver/food-delivery/dickeys-bbq-pit-e-arapahoe-rd-%26-s-havana-st/gWHJVNvQS4mPMV1xguuGiQ,lone-tree-colorado
https://www.ubereats.com/denver/food-delivery/anthonys-pizza-%26-pasta-parker/WewRTSzTQPucpr0D9ulScA,lone-tree-colorado
https://www.ubereats.com/denver/food-delivery/bawarchi-indian-cuisine/N5cqdzvOQkurrfkLZmhESg,lone-tree-colorado
https://www.ubereats.com/denver/food-delivery/jersey-mikes-subs-parker-18366-e-lincoln-avenue/q6J2KMdaQxCOdkqPkX3G4A,lone-tree-colorado
https://www.ubereats.com/denver/food-delivery/vy-vietnamese-cuisine-and-baguettes/_VsVhhdrRyO8j15CG8pmxg,lone-tree-colorado
https://www.ubereats.com/denver/food-delivery/qdoba-5188-s-broadway/UjX0SPcASsGNzGOMaJ-tdw,lone-tree-colorado
https://www.ubereats.com/denver/food-delivery/berry-blendz/N39ymEKOQ-ud-n9HrrvB4w,lone-tree-colorado
https://www.ubereats.com/denver/food-delivery/sonic-16538-keystone-blvd-lot-2b/MsULkDBrQwaZr2WTlZyKlw,lone-tree-colorado
https://www.ubereats.com/denver/food-delivery/outback-steakhouse-10443-east-costilla-avenue/VaFVDEUQQcmE0QYclfEJUA,lone-tree-colorado
https://www.ubereats.com/denver/food-delivery/the-boardroom-sports-bar/_6bMDxjcRN6tmD-cAfThMQ,lone-tree-colorado
https://www.ubereats.com/denver/food-delivery/tuk-tuk-thai-denver/dAGackt9RQyj2_vbqtmzfg,lone-tree-colorado
https://www.ubereats.com/denver/food-delivery/del-taco-7506-parkway-dr/VrcXdu0MQdu1l1is6oaM1A,lone-tree-colorado
https://www.ubereats.com/denver/food-delivery/tokyo-joes-9131-s-broadway/Gwg2SvLcSbW2-7Kc5RVtbA,lone-tree-colorado
https://www.ubereats.com/denver/food-delivery/mcdonalds-englewood-i-25/PdU3xWeVSNylNIHPBBxobQ,lone-tree-colorado
https://www.ubereats.com/denver/food-delivery/landrys-seafood-house-7209-s-clinton-st/76i2RzroRZma4nrcvoEGhw,lone-tree-colorado
https://www.ubereats.com/denver/food-delivery/yogurtland-7535-s-university/Hd218vUpQdijZdy5JyKOyg,lone-tree-colorado
https://www.ubereats.com/denver/food-delivery/jersey-mikes-subs-lone-tree-9400-heritage-hills-circle/WMJ6hdWhSQ6NUih7HEZKYw,lone-tree-colorado
https://www.ubereats.com/denver/food-delivery/tokyo-joes-19240-e-lincoln-avenue-suite-140/DAXvrtSvTkafEVIraJP3Dg,lone-tree-colorado
https://www.ubereats.com/denver/food-delivery/la-fogata-quincy/osZWD13WTwCoFK120Cts8g,lone-tree-colorado
https://www.ubereats.com/denver/food-delivery/mad-greens-county-line-%26-yosemite/6tpeLu6BQOySDRwUI_CNEA,lone-tree-colorado
https://www.ubereats.com/denver/food-delivery/glacier-ice-cream-and-gelato-greenwood-village/oDvC2TCkSKmCHIGEIx25tw,lone-tree-colorado
https://www.ubereats.com/denver/food-delivery/ritas-italian-ice-19250-east-lincoln-ave/igUqAvmzRSKuBh3OHNvJNw,lone-tree-colorado
https://www.ubereats.com/denver/food-delivery/black-rock-coffee-4985-factory-shops-blvd/vXW01fNiQlmkgymMhRJRXg,lone-tree-colorado
https://www.ubereats.com/denver/food-delivery/qdoba-10909-e-arapahoe-pl/THDzM-nTQoSsZ3GuWnXsZw,lone-tree-colorado
https://www.ubereats.com/denver/food-delivery/zanes-italian-bistro/9nUV9le7QoyqDilrlrwgAA,lone-tree-colorado
https://www.ubereats.com/denver/food-delivery/qdoba-9994-commons-st/ulnYCuPYR2aOCRL5Z9wUiA,lone-tree-colorado
https://www.ubereats.com/denver/food-delivery/felfel-mediterranean/XkCZZdHNTweiFsxB50hJIw,lone-tree-colorado
https://www.ubereats.com/denver/food-delivery/rocky-mountain-cheesery/gufKsDePRW-H_DONdg_w8A,lone-tree-colorado
https://www.ubereats.com/denver/food-delivery/thirsty-30-craft-kitchen-%26-tap-house/4GXs0rsLRr-Ofe543Fi7WA,lone-tree-colorado
https://www.ubereats.com/denver/food-delivery/qdoba-8441-s-yosemite-st/bLGNtqH_RAq1w1MgdtbNZw,lone-tree-colorado
https://www.ubereats.com/denver/food-delivery/hogback-bbq-%26-grill-depew-st/jqNW76FQRvSXARVeTlo8Bw,lone-tree-colorado
https://www.ubereats.com/denver/food-delivery/taco-bell-7911-s-broadway/Z-zQAfbZSYur30wNcCfUaQ,lone-tree-colorado
https://www.ubereats.com/denver/food-delivery/marcos-coal-fired-inverness/p5HEgHMXTbSE-lzKX4KSbQ,lone-tree-colorado
https://www.ubereats.com/denver/food-delivery/garbanzo-mediterranean-fresh-park-meadows/Ywcv6z72ReqkqPrfHYX95g,lone-tree-colorado
https://www.ubereats.com/denver/food-delivery/qdoba-mexican-grill-78-e-allen-st-suite-100/qMfqPPZ6RwGzzStXQQVXdw,lone-tree-colorado
https://www.ubereats.com/denver/food-delivery/qdoba-mexican-grill-955-new-memphis-ct-ste-103/RchgAHCyS66RN8knPehXYQ,lone-tree-colorado
https://www.ubereats.com/denver/food-delivery/sonomaz-wine-bar-%26-grill/pprvgkgzR1OIH4xdmJvGwA,lone-tree-colorado
https://www.ubereats.com/denver/food-delivery/coloradough-pizza-aurora/wK_N4m8zTXeM_YkF36GlgQ,lone-tree-colorado
https://www.ubereats.com/denver/food-delivery/tokyo-joes-820-new-memphis-court-suite-d-120/A3rQO-kTRxuSYvGUtJR_Pw,lone-tree-colorado
https://www.ubereats.com/denver/food-delivery/dairy-queen-treat-8223-s-quebec-st-unit-q/0i3AKTYQT3uQHcB5vGHXSg,lone-tree-colorado
https://www.ubereats.com/denver/food-delivery/papa-johns-9245-s-broadway-unit-400/VFJoH7FNQNmh_g1y2DHFFQ,lone-tree-colorado
https://www.ubereats.com/denver/food-delivery/starbucks-arapahoe-and-nome/GPxEEIAZRsqa83ZtyUDDHQ,lone-tree-colorado
https://www.ubereats.com/denver/food-delivery/brothers-bbq-greenwood-village/F4cpxeFtTPOvY7ppCWOxBw,lone-tree-colorado
https://www.ubereats.com/denver/food-delivery/arbys-1973/eDiKTXnOTqWclqiqFbP5iA,lone-tree-colorado
https://www.ubereats.com/denver/food-delivery/panda-express-8331-a-south-willow-street/cEcyZijLR6KtG_hT0YTwPg,lone-tree-colorado
https://www.ubereats.com/denver/food-delivery/first-watch-centennial/1ZkhUDusQkGPnZJT_OYvlQ,lone-tree-colorado
https://www.ubereats.com/denver/food-delivery/gyros-king/Uhv76KKuRVKJmM86T2JoOA,lone-tree-colorado
https://www.ubereats.com/denver/food-delivery/burger-king-6712-south-potomac-street/IV__OErER-qyksszfa3b-Q,lone-tree-colorado
https://www.ubereats.com/denver/food-delivery/noodles-%26-company-7301-s-santa-fe-dr/fBLLWr-QTSunhGR1YSNvQQ,lone-tree-colorado
https://www.ubereats.com/denver/food-delivery/the-delectable-egg-dtc/owdx6fikQAaSBCxedUhVew,lone-tree-colorado
https://www.ubereats.com/denver/food-delivery/indias-castle/X09cyjBGQMKh8gF4GRQ0hA,lone-tree-colorado
https://www.ubereats.com/denver/food-delivery/chipotle-mexican-grill-8000-e-belleview-ave-ste-f20/pRpEo-VORrqvuRBvu_me7Q,lone-tree-colorado
https://www.ubereats.com/denver/food-delivery/indias-restaurant-denver/p4LG-2MwQ1Wqdm6ebwaxog,lone-tree-colorado
https://www.ubereats.com/denver/food-delivery/wing-it/koOBOIATRE2VBmJJoDWnew,lone-tree-colorado
https://www.ubereats.com/denver/food-delivery/eat-fit-go-centennial/Zc4SUxG8Q1ekisC5GJAZ1w,lone-tree-colorado
https://www.ubereats.com/denver/food-delivery/piccino-wood-oven-pizza/N-8CtndcSzepewi18yKFVg,lone-tree-colorado
https://www.ubereats.com/denver/food-delivery/indias-kitchen-iii/AP3qd0Y6SU6OdW-EEjpBJA,lone-tree-colorado
https://www.ubereats.com/denver/food-delivery/ihop-5820-s-parker-road/0zp8pfmQRzKeeHo1bX1Ebw,lone-tree-colorado
https://www.ubereats.com/denver/food-delivery/starbucks-highlands-ranch-%26-university-blvd/vPoVAAcKTlK3u1HWgO7I-g,lone-tree-colorado
https://www.ubereats.com/denver/food-delivery/mcdonalds-cty-line-%26-holly/_hmGDlDGTQ-yMj2nhVLMxg,lone-tree-colorado
https://www.ubereats.com/denver/food-delivery/wingers/YtJDNc53SLCXmSo7jMxqeQ,lone-tree-colorado
https://www.ubereats.com/denver/food-delivery/the-sports-lounge-off-broadway/jCpCJ6sER3mqkJabTrWXlw,lone-tree-colorado
https://www.ubereats.com/denver/food-delivery/great-northern/sl-5y-QJTJmeGDHs5qWF1w,lone-tree-colorado
https://www.ubereats.com/denver/food-delivery/taco-bell-25531-e-smoky-hill-rd/9QX2oeJZTfKNkli2h7ph0A,lone-tree-colorado
https://www.ubereats.com/denver/food-delivery/teriyaki-madness-8080-e-union-ave/brq8IQ5BTBOosiGI-HW_Xg,lone-tree-colorado
https://www.ubereats.com/denver/food-delivery/vivi-pho-araphaoe/CLTfhJZqQN-Z1ubGl2XoYg,lone-tree-colorado
https://www.ubereats.com/denver/food-delivery/garnish-indian-fusion/yhdj4cOiR0OazLVVVkiBhQ,lone-tree-colorado
https://www.ubereats.com/denver/food-delivery/mod-pizza-forest-trace/fhJ9bK-iSRamZVsaRBKbkQ,lone-tree-colorado
https://www.ubereats.com/denver/food-delivery/village-inn-19502-east-parker-square-drive/ti0ZBNkWR--4J_rXBWnV1Q,lone-tree-colorado
https://www.ubereats.com/denver/food-delivery/shawarma-mediterranean-grill/hQNzRPs5TuWwoSJTzUxWfQ,lone-tree-colorado
https://www.ubereats.com/denver/food-delivery/chipotle-mexican-grill-6710-s-cornerstar-way-ste-a/hYKq35ZhRyOP4sUG2igtpg,lone-tree-colorado
https://www.ubereats.com/denver/food-delivery/casa-caliente/YIGHL-BERZWUjoPwM_UrVw,lone-tree-colorado
https://www.ubereats.com/denver/food-delivery/chipotle-mexican-grill-7515-s-university-blvd/xJml4I1ySh65lzqCwPiqbA,lone-tree-colorado
https://www.ubereats.com/denver/food-delivery/chef-in-a-box-chambers-rd/zN-KfkKMShS_Sq1hVrgFcg,lone-tree-colorado
https://www.ubereats.com/denver/food-delivery/mcdonalds-arapahoe-havana/J6ZafF_KRgmKMs_WlRSdjw,lone-tree-colorado
https://www.ubereats.com/denver/food-delivery/wendys-9200-e-arapahoe-rd/-yd-Kv9wTh6QOBc_qyptRg,lone-tree-colorado
https://www.ubereats.com/denver/food-delivery/cold-stone-creamery-23973-e-prospect-ave-unit-a/ZwqtwL0CQwS13KHKUcur9Q,lone-tree-colorado
https://www.ubereats.com/denver/food-delivery/ihop-1831/Xc8V-FB5TDyL_8SVrFA2Zg,lone-tree-colorado
https://www.ubereats.com/denver/food-delivery/carls-jr-12987-s-parker-rd/MmSK7SGsQT2JB0KYz3yrZw,lone-tree-colorado
https://www.ubereats.com/denver/food-delivery/noodles-%26-company-34-e-allen-st-ste-400/u5vOBEvoQru4g7cpFq5o3g,lone-tree-colorado
https://www.ubereats.com/denver/food-delivery/panda-express-5350-s-santa-fe-dr/TJS8ZYeJRym22q6JgiVNIw,lone-tree-colorado
https://www.ubereats.com/denver/food-delivery/buffalo-wild-wings-8255-s-chester-st-ste-200/WyuLqGB3SL6caq7fmCCX-Q,lone-tree-colorado
https://www.ubereats.com/denver/food-delivery/the-rusty-tapp-colorado-bbq-%26-catering/HIKf7047TJW6AI5gBgJzYg,lone-tree-colorado
https://www.ubereats.com/denver/food-delivery/tacos-y-salsas/f4Pva0FsSAC4MzASGkE1lQ,lone-tree-colorado
https://www.ubereats.com/denver/food-delivery/chipotle-mexican-grill-18701-e-mainstreet-ste-1/29swUFLBSPKVTEIJZrjuzQ,lone-tree-colorado
https://www.ubereats.com/denver/food-delivery/paradise-biryani-pointe-indian-cuisine-%26-bakery/GcicSbX4S4m3d7FNVj96xg,lone-tree-colorado
https://www.ubereats.com/denver/food-delivery/chicken-tender-kitchen-lone-tree/wTwq_iE-QCCVMSf7W2SwSw,lone-tree-colorado
https://www.ubereats.com/denver/food-delivery/subway-10900-e-briarwood-ave/OgO66VzKQw2k26F4KBWwMg,lone-tree-colorado
https://www.ubereats.com/denver/food-delivery/mt-fuji-parker/1Qtm8Tc0S-qwpx1SEsz7Ag,lone-tree-colorado
https://www.ubereats.com/denver/food-delivery/taco-bell-16776-east-smokey-hill-road/1Rk-f1RoRnWN8TvfYZnTfA,lone-tree-colorado
https://www.ubereats.com/denver/food-delivery/hyderabad-house-centennial/xDnu90mZSLS7Pg5NEs_c6Q,lone-tree-colorado
https://www.ubereats.com/denver/food-delivery/sertinos-coffee-denver/wfXeeaJxTIaEQ5ygLd37vg,lone-tree-colorado
https://www.ubereats.com/denver/food-delivery/noodles-%26-company-9400-heritage-hills-cr-ste-100/VM0B_YxcRxGRKhBBaDIt2Q,lone-tree-colorado
https://www.ubereats.com/denver/food-delivery/emnet-organics/xPaBZLovQte4tImIM3Edew,lone-tree-colorado
https://www.ubereats.com/denver/food-delivery/firehouse-subs-24300-e-smoky-hill-rd-ste-128/kZy1GHNcSaquMt8EHCI05w,lone-tree-colorado
https://www.ubereats.com/denver/food-delivery/mali-thai-cuisine/svLann9MQBCZITDSak8IoA,lone-tree-colorado
https://www.ubereats.com/denver/food-delivery/dunkin-4760-w-mineral-ave/xuCMn9SKTMme0-XjlsB3hA,lone-tree-colorado
https://www.ubereats.com/denver/food-delivery/ichiban-buffet/FxUUGx-QSkiyKwtTiicUvA,lone-tree-colorado
https://www.ubereats.com/denver/food-delivery/chipotle-mexican-grill-4205-s-buckley-rd/2LWmKAzQRaS5yrMDtGMcHw,lone-tree-colorado
https://www.ubereats.com/denver/food-delivery/panda-express-11153-south-parker-rd-unite-d/XN6UxMupQxWx4JHc-t-EEw,lone-tree-colorado
https://www.ubereats.com/denver/food-delivery/the-chicken-coup-dtc/WFh0Ip_xRC6j8NbYU7qiIA,lone-tree-colorado
https://www.ubereats.com/denver/food-delivery/lansdowne-arms/i-cdhGVNQrWXZPWtSsuPMA,lone-tree-colorado
https://www.ubereats.com/denver/food-delivery/taco-bell-5050-s-quebec/LENA4_u8ThKdSF5KCB4U1g,lone-tree-colorado
https://www.ubereats.com/denver/food-delivery/saltgrass-19310-cottonwood-dr/bCemHWO9RaiRcR55ZI3F-w,lone-tree-colorado
https://www.ubereats.com/denver/food-delivery/chipotle-mexican-grill-8515-park-meadows-center-dr-%23-spc-252-ste-3001/yhlYbshPRzi3RIexZDToZQ,lone-tree-colorado
https://www.ubereats.com/denver/food-delivery/what-the-pho-parker/4XwoggKgTJGshOnTmXfYNA,lone-tree-colorado
https://www.ubereats.com/denver/food-delivery/fractured-prune-denver/FwAIUTN5SZ--fpF1pC9rGQ,lone-tree-colorado
https://www.ubereats.com/denver/food-delivery/california-pizza-kitchen-8343-s-park-meadow-center-dr/S5IYEs29RveW6FDcXs6epQ,lone-tree-colorado
https://www.ubereats.com/denver/food-delivery/twisters-burgers-and-burritos-parker/kvLYfJO0SLW3SBv9zosOow,lone-tree-colorado
https://www.ubereats.com/denver/food-delivery/cubs-q/vgaB0U1KSfeu5AS2CbhQnQ,lone-tree-colorado
https://www.ubereats.com/denver/food-delivery/papa-murphys-7408-s-university-blvd/MaM94upxTeSgvUBLXcu89w,lone-tree-colorado
https://www.ubereats.com/denver/food-delivery/imagirifik/mUGbcrVQSoisArKD_YqZdQ,lone-tree-colorado
https://www.ubereats.com/denver/food-delivery/first-watch-highlands-ranch/s92Etj0uTsKZG_6fyVbAkA,lone-tree-colorado
https://www.ubereats.com/denver/food-delivery/tandoori-flames/UY260zeMRQ6EBMuJBAILSQ,lone-tree-colorado
https://www.ubereats.com/denver/food-delivery/sunflower-asian-cafe/6bddXfuIQ4ON6n5laNHswA,lone-tree-colorado
https://www.ubereats.com/denver/food-delivery/tontis-pizza/xwBcG8pGQZuCl3AwsO8wNA,lone-tree-colorado
https://www.ubereats.com/denver/food-delivery/thai-basil/ONQNxCXGSxa-3Puudvb8zA,lone-tree-colorado
https://www.ubereats.com/denver/food-delivery/wanna-poke-%26-ramen/O_Ji6DS5SCOj56MEWjShpQ,lone-tree-colorado
https://www.ubereats.com/denver/food-delivery/dairy-queen-treat-24300-e-smoky-hill-rd/YLoN3RY_RrWEnVvbRJJe-Q,lone-tree-colorado
https://www.ubereats.com/denver/food-delivery/earls-kitchen-%2B-bar-park-meadows/2heHlfQ1RLik0tQ9N8DerQ,lone-tree-colorado
https://www.ubereats.com/denver/food-delivery/chipotle-mexican-grill-5642-allen-way-ste-104/n35ISau9Qj2JwHYyjbpFug,lone-tree-colorado
https://www.ubereats.com/denver/food-delivery/genghis-grill-park-meadows/YWdPwYxtRx-6m5S2EoGT0g,lone-tree-colorado
https://www.ubereats.com/denver/food-delivery/noodles-%26-company-12023-e-arapahoe-rd-unit-100/Py6YIr42SEuv4OexaWNlkQ,lone-tree-colorado
https://www.ubereats.com/denver/food-delivery/mcdonalds-parker-co-parker-rd-%26-e-470/CxaGdwPqSnW0pJbXDoCz-w,lone-tree-colorado
https://www.ubereats.com/denver/food-delivery/chicago-mikes-beef-%26-dogs/V-zSuTv_Q2eSOp7doDV80A,lone-tree-colorado
https://www.ubereats.com/denver/food-delivery/red-robin-206-8585-e-arapahoe-rd/m61slhWlS3Cu9VslrIArtg,lone-tree-colorado
https://www.ubereats.com/denver/food-delivery/yak-and-yeti-restaurant-%26-event-center/IYisAUdkSvab9YRxnURjww,lone-tree-colorado
https://www.ubereats.com/denver/food-delivery/el-parral-mexican-restaurant-greenwood-village/EzAhHkiNSmSpjnUZm6tNnA,lone-tree-colorado
https://www.ubereats.com/denver/food-delivery/chipotle-mexican-grill-8255-s-chester-st-ste-100/aGy2nxm9SmiHM4IS07VIzA,lone-tree-colorado
https://www.ubereats.com/denver/food-delivery/boston-market-8507-e-arapahoe-road/St3-QRbsSPmJ7Bu-k_nBuw,lone-tree-colorado
https://www.ubereats.com/denver/food-delivery/chef-in-a-box-salida-st/_paqxsUHTM2cF_L9N0L8Xw,lone-tree-colorado
https://www.ubereats.com/denver/food-delivery/fritangas-mexican-restaurant-aurora/iSpdyYalRhSucbsXSiJaiQ,lone-tree-colorado
https://www.ubereats.com/denver/food-delivery/tokyo-joes-6642-timberline-rd-%23101/iF0LRwcOSvKG785ZLuTO6A,lone-tree-colorado
https://www.ubereats.com/denver/food-delivery/boston-market-8500-w-crestline-ave/XQ1QXJKDTFiI2y7hjtgqTg,lone-tree-colorado
https://www.ubereats.com/denver/food-delivery/parrys-pizzeria-%26-taphouse-southglenn/AcU6xVZ6Sl2sSU3ANK1E2g,lone-tree-colorado
https://www.ubereats.com/denver/food-delivery/qdoba-e-hampden-ave-%26-s-poplar-st/lOqtH80ZS5OpCyYZPlD8kw,lone-tree-colorado
https://www.ubereats.com/denver/food-delivery/jersey-mikes-subs-4989-factory-shops-blvd/vxHyi--5SwW2wEgyEoSgvw,lone-tree-colorado
https://www.ubereats.com/denver/food-delivery/watda-pho/GFd4Gu1hQtqGg3hZ4oluyg,lone-tree-colorado
https://www.ubereats.com/denver/food-delivery/noodles-%26-company-17051-lincoln-ave-unit-n/aOFxcdd3R4mkH7ER-RRuSA,lone-tree-colorado
https://www.ubereats.com/denver/food-delivery/arbys-8491/m2nNmAAJS9O-UwGr5lIvCw,lone-tree-colorado
https://www.ubereats.com/denver/food-delivery/taco-bell-16931-e-iliff/FSVAB2TOQqaBUuYvAN9lXQ,lone-tree-colorado
https://www.ubereats.com/denver/food-delivery/pho-real-saigon/pWuBl7YHTP2clxEUNw21rQ,lone-tree-colorado
https://www.ubereats.com/denver/food-delivery/papa-murphys-9559-s-university-blvd-suite-103/W5ECFyLLRd-Dl24N9rJ0uQ,lone-tree-colorado
https://www.ubereats.com/denver/food-delivery/rio-grande-mexican-restaurant-park-meadows/2_eTXD9EQVilH_F7GvGlgA,lone-tree-colorado
https://www.ubereats.com/denver/food-delivery/gque-bbq-lone-tree/pRWwn0O1SmuPn0BJqPatBA,lone-tree-colorado
https://www.ubereats.com/denver/food-delivery/6603-bonefish-grill-4948-s-yosemite-st/bmnKtnF9Ty6TxoMjt6jIeQ,lone-tree-colorado
https://www.ubereats.com/denver/food-delivery/main-event-highlands-ranch/PLg8afGGQHG55oKudmgLjQ,lone-tree-colorado
https://www.ubereats.com/denver/food-delivery/lamars-donuts-colorado-blvd/BLHW_hLXTsezXpwRDyWdnA,lone-tree-colorado
https://www.ubereats.com/denver/food-delivery/anthonys-pizza-%26-pasta-smoky-hill/fV1LWUcbT5KrHcaGbhB1SQ,lone-tree-colorado
https://www.ubereats.com/denver/food-delivery/golden-corral-15775-e-arapahoe-rd/fRAdDCdESyuaelo-Y0DArA,lone-tree-colorado
https://www.ubereats.com/denver/food-delivery/finn-mccools-bar-%26-grill/NZzVrcjESHulAvK-3rYS8Q,lone-tree-colorado
https://www.ubereats.com/denver/food-delivery/fresas-mexican-ice-cream/xWn-r5hZRt2KFgDDX5YF9Q,lone-tree-colorado
https://www.ubereats.com/denver/food-delivery/the-pint-room/6bhl0RANTk-DmvOZuKaQtA,lone-tree-colorado
https://www.ubereats.com/denver/food-delivery/mama-mias-englewood/H-XvFzqmR0KfFXWf_nYNeg,lone-tree-colorado
https://www.ubereats.com/denver/food-delivery/pudge-brothers-pizza-s-parker/-SVXwbPGTgSFni1Kaq3dtg,lone-tree-colorado
https://www.ubereats.com/denver/food-delivery/via-baci/bybiGHAfTKmTstv1WJLd9g,lone-tree-colorado
https://www.ubereats.com/denver/food-delivery/bibi-poke/oZUH1HobQUuasy1SuKJo4Q,lone-tree-colorado
https://www.ubereats.com/denver/food-delivery/corner-bakery-cafe-1601-mayberry-dr/ltIUtsuNTlyWRjTiydfaYw,lone-tree-colorado
https://www.ubereats.com/denver/food-delivery/colonnas-pizza-inc/EkZ0rhrzR2C35tEQzbYIRQ,lone-tree-colorado
https://www.ubereats.com/denver/food-delivery/modern-market-greenwood-village/-kcgj7EXRISACp2rV6pKPg,lone-tree-colorado
https://www.ubereats.com/denver/food-delivery/ihop-7733-w-long-dr/pGdIYvonRvCebhsfRm53mw,lone-tree-colorado
https://www.ubereats.com/denver/food-delivery/red-robin-212-8355-park-meadows-center-dr/o7gLRfEkQi2AVvelpEGxKA,lone-tree-colorado
https://www.ubereats.com/denver/food-delivery/mcdonalds-quebec-%26-corp-ct/PFPRM6p5SFy8P53yg1RAoQ,lone-tree-colorado
https://www.ubereats.com/denver/food-delivery/taste-of-philly-littleton/BCECbY-0QnGlkNXzeEWhTQ,lone-tree-colorado
https://www.ubereats.com/denver/food-delivery/five-guys-co-1681-4989-s-broadway/cFay5WdCSnCoAj6uT8cN-w,lone-tree-colorado
https://www.ubereats.com/denver/food-delivery/wendys-9485-s-university-blvd/ZaDinRKeTO-EpEKdMwKcsw,lone-tree-colorado
https://www.ubereats.com/denver/food-delivery/pokeco/BeQlRJ_US6inLIbXdFHBHg,lone-tree-colorado
https://www.ubereats.com/denver/food-delivery/taco-bell-10832-s-crossroads-dr/c0wf_-FNTy212jOSB7QT4w,lone-tree-colorado
https://www.ubereats.com/denver/food-delivery/jamba-juice-highlands-ranch/jhi_RdPqRyOh7Z3WBdhCMA,lone-tree-colorado
https://www.ubereats.com/denver/food-delivery/kfc-24223-e-prospect-avenue/FkTl3QDaSnq-DBwxqmVlSg,lone-tree-colorado
https://www.ubereats.com/denver/food-delivery/outback-steakhouse-15-west-springer-drive/tEwOOI6KTr-BPwzDqz_40w,lone-tree-colorado
https://www.ubereats.com/denver/food-delivery/indias-kitchen-ii/VR8OvVVvRL-40r9PpB-0gQ,lone-tree-colorado
https://www.ubereats.com/denver/food-delivery/indias-best-restaurant-%26-bar/6WVJCQZURS-TTTK8lLFtqw,lone-tree-colorado
https://www.ubereats.com/denver/food-delivery/wendys-566-e-castle-pines-pkwy/ksMSsMcTQGWp3y-A9-7SeQ,lone-tree-colorado
https://www.ubereats.com/denver/food-delivery/noodles-%26-company-11153-s-parker-rd/CCyYPDQbTb2GLZ9dm18xxg,lone-tree-colorado
https://www.ubereats.com/denver/food-delivery/kfc-9351-e-arapahoe-road/d__DxdQlTjuy1_nGfd4pyw,lone-tree-colorado
https://www.ubereats.com/denver/food-delivery/123-pho-%26-sushi/lolBSJqjTUuWGGQr3hNSRA,lone-tree-colorado
https://www.ubereats.com/denver/food-delivery/noodles-%26-company-2370-e-arapahoe-rd-ste-926/uvgvfj_DTwKI3nWoxYOpdA,lone-tree-colorado
https://www.ubereats.com/denver/food-delivery/urban-village/oq8K2WpHRG2_TdU8PUHyPw,lone-tree-colorado
https://www.ubereats.com/denver/food-delivery/the-donut-house-our-original-location/dpwI5fxtQnm1l2IBMuYOtA,lone-tree-colorado
https://www.ubereats.com/denver/food-delivery/mod-pizza-castle-rock/xO9xNbAATN6kHCqTln3ouw,lone-tree-colorado
https://www.ubereats.com/denver/food-delivery/quiznos-8053-s-broadway/HK4WT6X9TymJmMw2j7BCJA,lone-tree-colorado
https://www.ubereats.com/denver/food-delivery/jets-pizza-aurora/2S6gIqyBSCiOAElIK9dG4Q,lone-tree-colorado
https://www.ubereats.com/denver/food-delivery/ihop-1818/t_AmqLN5T16zrb6CygoYTg,lone-tree-colorado
https://www.ubereats.com/denver/food-delivery/new-indian-cafe/V0OzSp55QB-fI8sKH4rNMw,lone-tree-colorado
https://www.ubereats.com/denver/food-delivery/papa-johns-15493-e-hampden-ave/3VMV7xFUTmu1IIGYYIzD1Q,lone-tree-colorado
https://www.ubereats.com/denver/food-delivery/five-guys-co-0420-9352-s-colorado-blvd/7kAoh6v0TdiF3uz-1nYckw,lone-tree-colorado
https://www.ubereats.com/denver/food-delivery/qdoba-7465-e-arapahoe-rd/k3sBQh5jQwqtqICqS3WKLg,lone-tree-colorado
https://www.ubereats.com/denver/food-delivery/kneaders-bakery-%26-cafe-aurora-arapahoe/clWn-VOaSnKW295RC8_bgA,lone-tree-colorado
https://www.ubereats.com/denver/food-delivery/7-star-pizza-%26-food-market/9Eh3Mbu6RiGTceRJa_h3EQ,lone-tree-colorado
https://www.ubereats.com/denver/food-delivery/qdoba-w-bowles-ave-%26-s-wadsworth-blvd/VPhm4EY8TVql8MNjMXN2KQ,lone-tree-colorado
https://www.ubereats.com/denver/food-delivery/mrdonuts/2SBfcp8JRf-BfFr8O5CPLw,lone-tree-colorado
https://www.ubereats.com/denver/food-delivery/starbucks-lucent-%26-town-center/mRkjzq3JSIuh3TH7QmnOyg,lone-tree-colorado
https://www.ubereats.com/denver/food-delivery/firehouse-subs-9445-e-county-line/sOGDO9kNTvWh7aiURK-brA,lone-tree-colorado
https://www.ubereats.com/denver/food-delivery/poke-concept/YSmW4D4TRc6cetZL_Rv5YQ,lone-tree-colorado
https://www.ubereats.com/denver/food-delivery/jamba-juice-southlands/NiB6VtjXQYWTQCAHok0yrg,lone-tree-colorado
https://www.ubereats.com/denver/food-delivery/del-friscos-double-8100-e-orchard-rd/NXt2PBqKQCmCGAyOkUJzKw,lone-tree-colorado
https://www.ubereats.com/denver/food-delivery/milk-and-cake/w41k5qqcRAqfEVTDzmtC-Q,lone-tree-colorado
https://www.ubereats.com/denver/food-delivery/dionysus-food-%26-wine-bar/lJxeDSlrSjerLScAqNAlng,lone-tree-colorado
https://www.ubereats.com/denver/food-delivery/tokyo-joes-4950-s-yosemite-st/52jc5Wq3RWO0boboA4VHQQ,lone-tree-colorado
https://www.ubereats.com/denver/food-delivery/mad-greens-yosemite-%26-lincoln/ngKYi0HlQZalUgVFUHS4kg,lone-tree-colorado
https://www.ubereats.com/denver/food-delivery/dough-dreamery/uDxgNxDvSyGLasSAiyiD7g,lone-tree-colorado
https://www.ubereats.com/denver/food-delivery/early-bird-restaurant-dtc/cPHaCRuUTiyGqMu4_-3gog,lone-tree-colorado
https://www.ubereats.com/denver/food-delivery/sonic-11237-east-arapahoe-place/dQ4URsI-TQeHKXasqS9LPA,lone-tree-colorado
https://www.ubereats.com/denver/food-delivery/its-all-peachy/8yn93EARTIa5EVqyesJ9IA,lone-tree-colorado
https://www.ubereats.com/denver/food-delivery/the-poke-story-l/tznFioe1RX25PoJZ2-CtgA,lone-tree-colorado
https://www.ubereats.com/denver/food-delivery/kneaders-bakery-%26-cafe-lone-tree/GyCUCBhHS1ab5mH8IpkcrA,lone-tree-colorado
https://www.ubereats.com/denver/food-delivery/slatterys-pub-%26-grill/1T5GyKb-S7ei_f9TKJm_Eg,lone-tree-colorado
https://www.ubereats.com/denver/food-delivery/coloradough-pizza/TWthg8THT2mQTim9l1YecQ,lone-tree-colorado
https://www.ubereats.com/denver/food-delivery/cheddars-casual-cafe-15775-e-briarwood-circle/zpqp-36nQBq1CXQC3aZWNw,lone-tree-colorado
https://www.ubereats.com/denver/food-delivery/indulge-bistro-%26-wine-bar-highlands-ranch/OhGQMoHCRlSMftxCys-vOA,lone-tree-colorado
https://www.ubereats.com/denver/food-delivery/dairy-queen-grill-%26-chill-19320-e-plaza-dr/h2upsD5sQ2-m1rNx4Tg32g,lone-tree-colorado
https://www.ubereats.com/denver/food-delivery/firehouse-subs-briarwood-circle/clz2KtsNSYOAmKaTDOoEAg,lone-tree-colorado
https://www.ubereats.com/denver/food-delivery/baghdad-restaurant/LwAeA_ikRwW2uJl59Vua3g,lone-tree-colorado
https://www.ubereats.com/denver/food-delivery/village-inn-6370-s-parker-rd/3BpCXtg1QYi7SL_gHg_vgA,lone-tree-colorado
https://www.ubereats.com/denver/food-delivery/donut-maker/YHC-BCozRqSi8yLKzd8oiA,lone-tree-colorado
https://www.ubereats.com/denver/food-delivery/panda-express-16891-east-quincy-ave%23a/Kt26fY6ETVanG5_SsyBUtA,lone-tree-colorado
https://www.ubereats.com/denver/food-delivery/parrys-pizzeria-%26-taphouse-greenwood-village/G0mnYbaBQdutJ4Eo7eh5Hw,lone-tree-colorado
https://www.ubereats.com/denver/food-delivery/panda-express-5670-s-chambers-rd/aFafYcrPTTyE6cQ-77XAcg,lone-tree-colorado
https://www.ubereats.com/denver/food-delivery/cava-1515-park-central-dr-suite-100/MBMo9nFmTn2Mg4Lyn9Rm5w,lone-tree-colorado
https://www.ubereats.com/denver/food-delivery/which-wich-superior-sandwiches-1110-sgt-jon-stiles-dr/U9A2pJ7_Q2eDOmEHHGDiQQ,lone-tree-colorado
https://www.ubereats.com/denver/food-delivery/papa-johns-8655-e-arapahoe-rd/8DX12pJ0TVGi35csoQZ0Cg,lone-tree-colorado
https://www.ubereats.com/denver/food-delivery/spice-kitchen-parker/uqNed8jWQwC5o5m6nQ0R8g,lone-tree-colorado
https://www.ubereats.com/denver/food-delivery/taco-bell-3554-s-tower-road/8h_EBONmTxejAf0VcHE8HQ,lone-tree-colorado
https://www.ubereats.com/denver/food-delivery/winchells-donuts-evans-ave/uLIGimsZTbiZA2zYLHdgJA,lone-tree-colorado
https://www.ubereats.com/denver/food-delivery/mile-high-smokehouse/Q9D8agjgSry5ogPEvXTFRg,lone-tree-colorado
https://www.ubereats.com/denver/food-delivery/garbanzo-mediterranean-fresh-lone-tree/YAGPNNJqQWaQJMiQpZiTdA,lone-tree-colorado
https://www.ubereats.com/denver/food-delivery/old-chicago-60-6676-south-parker-rd/cNruqpRQQaG3T2dI4Aejag,lone-tree-colorado
https://www.ubereats.com/denver/food-delivery/wangs-gourmet/hyuuF48RRJamx_3n3S6i_A,lone-tree-colorado
https://www.ubereats.com/denver/food-delivery/mi-cocina-restaurant-belleview/zERKVUKvTOa8Ak4RHhM5dw,lone-tree-colorado
https://www.ubereats.com/denver/food-delivery/ruths-chris-steak-house-7001-e-belleview-ave-ste-100/TX07_narRXG3f3suQ_HQGw,lone-tree-colorado
https://www.ubereats.com/denver/food-delivery/flemings-prime-steakhouse-%26-wine-bar-denver/gSIGNsXQTbWHVqR_elSx8A,lone-tree-colorado
https://www.ubereats.com/denver/food-delivery/dunkin-16401-e-arapahoe-rd/78c3IkAFRo-5yvvTNidujg,lone-tree-colorado
https://www.ubereats.com/denver/food-delivery/hickory-house-ribs/PYfegM1KQ5SEmJbBQ_EAmg,lone-tree-colorado
https://www.ubereats.com/denver/food-delivery/taco-bell-217-metzler-drive/rD81WsA8RO-bws3X6vwDag,lone-tree-colorado
https://www.ubereats.com/denver/food-delivery/angry-chicken/rapLmlrYQrKjshpfTddBEQ,lone-tree-colorado
https://www.ubereats.com/denver/food-delivery/chipotle-mexican-grill-12073-e-arapahoe-rd-ste-160/ad7IvP8_TKiKFZkbgbXX1g,lone-tree-colorado
https://www.ubereats.com/denver/food-delivery/chipotle-mexican-grill-9579-s-university-blvd-lot-3a/gVPojIv5TTqXqTZkw6Bz6g,lone-tree-colorado
https://www.ubereats.com/denver/food-delivery/krispy-kreme-e-parkway-dr-%26-e-county-line-rd/O8lz8HtRTZmqAozS9wQQpw,lone-tree-colorado
