url,city
https://www.ubereats.com/orlando/food-delivery/donut-central-%26-fuelpresso/nfPSBl0YTyKgn4ok5kguyQ,longwood-florida
https://www.ubereats.com/orlando/food-delivery/mcdonalds-1415-e-state-rd/_hb9o5IYSOiteMnLfdog3g,longwood-florida
https://www.ubereats.com/orlando/food-delivery/pizza-hut-3852-s-orlando-drive/Mbeov8HITwy6EJndO2K_wQ,longwood-florida
https://www.ubereats.com/orlando/food-delivery/willies-pinchos-orlando/1gdDyPpQSgerxoLIK9jcLg,longwood-florida
https://www.ubereats.com/orlando/food-delivery/firehouse-subs-apopka/ZwZh8oOoQNK87Oi02hkrDw,longwood-florida
https://www.ubereats.com/orlando/food-delivery/olea-mediterranean-grill-maitland/MIpl2aduQLyWzNcQzcCHPw,longwood-florida
https://www.ubereats.com/orlando/food-delivery/coffee-factory-%26-cafe-winter-springs/w0FcoIuxR7Gri9WerJiqBQ,longwood-florida
https://www.ubereats.com/orlando/food-delivery/pho-au-lac/3NOED1nnR5yUzKMgvnzQ_g,longwood-florida
https://www.ubereats.com/orlando/food-delivery/7012-bonefish-grill-1761-w-state-rd-434/jMwo1hoNTz6heHpJeJONRA,longwood-florida
https://www.ubereats.com/orlando/food-delivery/ice-hut/6zBgcAimQwGbDcoiRh3Vgg,longwood-florida
https://www.ubereats.com/orlando/food-delivery/burgerfi-altamonte-springs/KgvOB2t-S5KtQewndW9pIQ,longwood-florida
https://www.ubereats.com/orlando/food-delivery/papa-johns-4300-lake-mary-blvd/hCf6uwNkRwO1gNWc1wbPWA,longwood-florida
https://www.ubereats.com/orlando/food-delivery/genis-philly-steaks-longwood/YlydpBJDQJCmbw91FNw3jw,longwood-florida
https://www.ubereats.com/orlando/food-delivery/colombia-la-bella/BU40K12_QuOHseAjYuwYqg,longwood-florida
https://www.ubereats.com/orlando/food-delivery/chipotle-mexican-grill-2201-e-semoran-blvd/tlCJ5l7RSBidmdjqxOfp2w,longwood-florida
https://www.ubereats.com/orlando/food-delivery/throwbacks/kTXyA48FT9iLujm0JrT87w,longwood-florida
https://www.ubereats.com/orlando/food-delivery/zaxbys-sanford/umz6Ui0HTragrbIOQHzKvA,longwood-florida
https://www.ubereats.com/orlando/food-delivery/papa-johns-182-w-state-road-434/dsgF5vrXRmSpxiPhvVS2Vw,longwood-florida
https://www.ubereats.com/orlando/food-delivery/boston-market-429-w-sr-436/asMwKUsAR4aVCBxS774_kg,longwood-florida
https://www.ubereats.com/orlando/food-delivery/%2323785-subway-1454-north-rock-springs-rd/s5Y7kGjcSbGAmADCNSkr2g,longwood-florida
https://www.ubereats.com/orlando/food-delivery/jeremiahs-italian-ice-oviedo/rO-iCmb0TLW4tmQAXZVznw,longwood-florida
https://www.ubereats.com/orlando/food-delivery/auntie-annes-451-e-altamonte-dr-ste-1441/Rjv1WKfsQKCU8XHwnRFSyg,longwood-florida
https://www.ubereats.com/orlando/food-delivery/sus-hi-eatstation-altamonte-springs/d0WGo0xgR0i54pa9a40RxA,longwood-florida
https://www.ubereats.com/orlando/food-delivery/wing-street-university/udHPDarTQai4lZHzyVn3bA,longwood-florida
https://www.ubereats.com/orlando/food-delivery/bigbellys-hawaiian-grindz-llc/BQTyEuIgQge2FT2n-WIOGw,longwood-florida
https://www.ubereats.com/orlando/food-delivery/the-ice-cream-shop/BWpFOObiSOeZsuTsYB00BA,longwood-florida
https://www.ubereats.com/orlando/food-delivery/el-zocalo-mexican-restaurant/WNAIxA2jTYmhj0lHSgXNIQ,longwood-florida
https://www.ubereats.com/orlando/food-delivery/burger-king-1190-spring-centre-s-blvd/qA_Fm4TUSaiZ50bx-N3M_A,longwood-florida
https://www.ubereats.com/orlando/food-delivery/ootoya-sushi/D7c71wLoQgS7_5hTL3JcWA,longwood-florida
https://www.ubereats.com/orlando/food-delivery/froggers-grill-%26-bar-apopka/wNMeeWx9QR-iwYaRZTUZ9A,longwood-florida
https://www.ubereats.com/orlando/food-delivery/starbucks-w-sr-434-%26-springs-centre-blvd/LAUA1bJ9QjeZdQYIt8ItDg,longwood-florida
https://www.ubereats.com/orlando/food-delivery/planet-smoothie-south-state-road/o7UcJhDARfyVElRvXrJa0w,longwood-florida
https://www.ubereats.com/orlando/food-delivery/first-watch-longwood/5xS9EoN3RqKm_KAHG00QNQ,longwood-florida
https://www.ubereats.com/orlando/food-delivery/mcdonalds-lee-road/7BnTnLvfT0G-q0sA4G10MA,longwood-florida
https://www.ubereats.com/orlando/food-delivery/dallis-restaurant-%26-pizzeria-lake-mary/AjUvNttpRKSM2fFfERDSlw,longwood-florida
https://www.ubereats.com/orlando/food-delivery/the-donut-patch/xb96fzMoQI-xKYe4pesPdw,longwood-florida
https://www.ubereats.com/orlando/food-delivery/menchies-frozen-yogurt-45-w-mitchell-hammock-rd/W0Fg7ZMXSxuqqKUcU6z02Q,longwood-florida
https://www.ubereats.com/orlando/food-delivery/san-joses-original-mexican-restaurant-altamonte-springs/4sl-W4eVT6O6cdt4sTe2HQ,longwood-florida
https://www.ubereats.com/orlando/food-delivery/saladaf-aloma/mdThJ7oUR8OmSSWOzPjurw,longwood-florida
https://www.ubereats.com/orlando/food-delivery/pizza-hut-883-semoran-blvd/C5ZZB5ufRkWT2I3uaj4azg,longwood-florida
https://www.ubereats.com/orlando/food-delivery/pita-gourmet/lyVOzURsQueyJUOoyr3rhg,longwood-florida
https://www.ubereats.com/orlando/food-delivery/gringos-locos-lee-road/mtD_wouaQvOr3gpDPYWD1w,longwood-florida
https://www.ubereats.com/orlando/food-delivery/panda-express-1460-rinehart-road/BE0d13tPRpuwCZ_wy5Rpig,longwood-florida
https://www.ubereats.com/orlando/food-delivery/la-terraza-bakery/VKN7nMUXQuelOVtqEcv3wA,longwood-florida
https://www.ubereats.com/orlando/food-delivery/honey-baked-ham-company-sanford/se2PRqxqQzyK7163LJZzPQ,longwood-florida
https://www.ubereats.com/orlando/food-delivery/metro-diner-oviedo/eJsEKPSDRren9D-4FFa9zA,longwood-florida
https://www.ubereats.com/orlando/food-delivery/ihop-casselberry/omqmC0V6QOmftDvU3ABFFw,longwood-florida
https://www.ubereats.com/orlando/food-delivery/rosatis-pizza-550-s-hunt-club-blvd/uSY44bamQ_mz9dciSP6rOQ,longwood-florida
https://www.ubereats.com/orlando/food-delivery/st-andrews-tavern/25eJaMk4SWKdJTUSachA6g,longwood-florida
https://www.ubereats.com/orlando/food-delivery/friendly-confines-altamonte/oa-r7LYrRziSZ0KNZlCX-g,longwood-florida
https://www.ubereats.com/orlando/food-delivery/checkers-1501-s-french-avenue/Yh_Sx88kS0SxFcpwMLqP6w,longwood-florida
https://www.ubereats.com/orlando/food-delivery/jeremiahs-italian-ice-casselberry/Qkqz3GQ5Szq1-q84YT1UsQ,longwood-florida
https://www.ubereats.com/orlando/food-delivery/fitlife-foods-winter-park/jFumMNCPTgSC2zFqNHoGEA,longwood-florida
https://www.ubereats.com/orlando/food-delivery/colorados-prime-steak-sanford/UGuxlLSFQNaBpSyi8yum-Q,longwood-florida
https://www.ubereats.com/orlando/food-delivery/kona-poke/H0t2yoevSYih1KxcniZsjQ,longwood-florida
https://www.ubereats.com/orlando/food-delivery/tbaar-1541-international-pkwy-fl/kLKFEeEUSYeXjf2b3rqGiA,longwood-florida
https://www.ubereats.com/orlando/food-delivery/rhino-subs/wqYFP2KuQjul0HL1L7jhqA,longwood-florida
https://www.ubereats.com/orlando/food-delivery/mcdonalds-3835-wekiva-springs-rd/Y_VW8CNWTcedEXhj6mpC7Q,longwood-florida
https://www.ubereats.com/orlando/food-delivery/jimottis-restaurant-2545-s-french-ave/GPE97WXMSI6Wfe-8cWpmYA,longwood-florida
https://www.ubereats.com/orlando/food-delivery/anthonys-pizza/NcLYlDjCShy1Ta6pW4IESw,longwood-florida
https://www.ubereats.com/orlando/food-delivery/outback-steakhouse-215-w-east-mitchell-hammock-road/2oQj_MGbRPe9ynfMPKna-g,longwood-florida
https://www.ubereats.com/orlando/food-delivery/subway-%23562-120-independence-lane-suite-a/8rM9zDzGSg6LqQ7l6V715A,longwood-florida
https://www.ubereats.com/orlando/food-delivery/dalis-lao-thai-cafe/Xkaa6TJIQsS63qBWAOtfCw,longwood-florida
https://www.ubereats.com/orlando/food-delivery/capachos-bar-%26-grill/OyQZwQDWSbWPUstneX7Dwg,longwood-florida
https://www.ubereats.com/orlando/food-delivery/mi-gordita-loca/5EVV5zNyT1u2gpXQgvlhxA,longwood-florida
https://www.ubereats.com/orlando/food-delivery/venice-pizza-%26-pasta/K3o1JlD7Q2qrLyl8uwW2nA,longwood-florida
https://www.ubereats.com/orlando/food-delivery/aroogas-winter-park/fBS29KoISgGs6qSSlrmW6g,longwood-florida
https://www.ubereats.com/orlando/food-delivery/metro-diner-casselberry/nxLAnkyMT_uMcDJwt4xwWA,longwood-florida
https://www.ubereats.com/orlando/food-delivery/cuppasta-%26-pizza/Uj5xYp9GTjWCd0o9Wu6bYQ,longwood-florida
https://www.ubereats.com/orlando/food-delivery/face-tea/PGe142d2RYu-S1LwSwmzLg,longwood-florida
https://www.ubereats.com/orlando/food-delivery/bentology/IvzmdlXGTvqRFkqBxni0hA,longwood-florida
https://www.ubereats.com/orlando/food-delivery/broadway-ristorante/GLGwPSpzSziQ4FmjSR703g,longwood-florida
https://www.ubereats.com/orlando/food-delivery/fresh-kitchen-lake-mary/W1tHw8uNTT-fLomtzGKKbw,longwood-florida
https://www.ubereats.com/orlando/food-delivery/burger-king-1477-sr-436/zMXKKna6T2KHJoAKhKMmmw,longwood-florida
https://www.ubereats.com/orlando/food-delivery/wendys-2200-west-st-road-434/O4plZ4JTQVWj7naiFi8BYQ,longwood-florida
https://www.ubereats.com/orlando/food-delivery/pepes-cantina-443-w/-iNtoUvITlKhzgcWRL_U2w,longwood-florida
https://www.ubereats.com/orlando/food-delivery/ajs-press-%22tasty-eats%22/HSvVw620Q9yVDCaMmvdsmg,longwood-florida
https://www.ubereats.com/orlando/food-delivery/steak-n-shake-295-e-altamonte-drive/4AElHZ8uTxOTsveJVF5Uog,longwood-florida
https://www.ubereats.com/orlando/food-delivery/ginos-italian-restaurant/UnEZjo-uQGyuhJIuL_yQBQ,longwood-florida
https://www.ubereats.com/orlando/food-delivery/wako-taco/OorGdZyXRQSYY-6_IHjgCw,longwood-florida
https://www.ubereats.com/orlando/food-delivery/wendys-155-e-main-street/vcVQ8NV6SyaUlLlNXdZ2nA,longwood-florida
https://www.ubereats.com/orlando/food-delivery/cafe-murano-altamonte-springs/W80k93LBRUadnXR1gfpcIA,longwood-florida
https://www.ubereats.com/orlando/food-delivery/tijuana-flats-altamonte-springs/QHs-X0SKTOuOKzCj--9pgA,longwood-florida
https://www.ubereats.com/orlando/food-delivery/outback-steakhouse-1927-aloma-avenue/w9KE64Y5QTapfYMJ8_uqew,longwood-florida
https://www.ubereats.com/orlando/food-delivery/panda-express-275-east-altamonte-drive/5LwkLcvYSc682Az9_oKDiw,longwood-florida
https://www.ubereats.com/orlando/food-delivery/tijuana-flats-sanford/fRxpgZgGRC2y7SMjhJfDig,longwood-florida
https://www.ubereats.com/orlando/food-delivery/chuck-e-cheese-541-fl-436/OPCb6SuBTPGGfG1bVbvXcQ,longwood-florida
https://www.ubereats.com/orlando/food-delivery/arbys-3011-e-semoran-blvd/CxZ_Y2q7Qju7BMIx6vqqLQ,longwood-florida
https://www.ubereats.com/orlando/food-delivery/applebees-298-southhall-lane/6T6t4VkDRJm8jUu5w6b6KQ,longwood-florida
https://www.ubereats.com/orlando/food-delivery/samurai-sushi/tc9XcHRIQWePEMpubCQ1fA,longwood-florida
https://www.ubereats.com/orlando/food-delivery/the-pass-progressive-cuisine/F2g_cu2RReyWRy4qKs7EVA,longwood-florida
https://www.ubereats.com/orlando/food-delivery/la-isla-del-frappe/yo0NnawYR0evditwvkQUUA,longwood-florida
https://www.ubereats.com/orlando/food-delivery/taco-bell-1200-wp-ball-blvd/dMWEHv5pRmSwz2CSuL4rcA,longwood-florida
https://www.ubereats.com/orlando/food-delivery/red-lobster-340-west-sr-436/J5prrr7MTAmq9Icpd0bKqQ,longwood-florida
https://www.ubereats.com/orlando/food-delivery/papa-johns-332-west-lake-mary-boulevard-suite-102/yze1MeE9RS-9j2MoHmaamA,longwood-florida
https://www.ubereats.com/orlando/food-delivery/senor-tequila-winter-springs/YP7A8-47S6KKL731x_73pA,longwood-florida
https://www.ubereats.com/orlando/food-delivery/dajen-eats/NPahwCHQQgKIfoVlVhXlrQ,longwood-florida
https://www.ubereats.com/orlando/food-delivery/armandos-cucina-italiana-college-park/y_Ve_TCjRZCM5FmOChPAEA,longwood-florida
https://www.ubereats.com/orlando/food-delivery/wingz-wingzz-wingzzz/kXtbppdlRUCqdUFkQCJ43g,longwood-florida
https://www.ubereats.com/orlando/food-delivery/popeyes-louisiana-kitchen-460-w-state-road-436/bIF3qOYfQsS1Ri4ZmnkGiQ,longwood-florida
https://www.ubereats.com/orlando/food-delivery/longwood-burger-house/LvHK3c1iRTWlaQr40GfYFw,longwood-florida
https://www.ubereats.com/orlando/food-delivery/jersey-mikes-red-bug-lake-rd-%26-tuskawilla-rd/3wP3vh7uSuGLiFCqXbZxMQ,longwood-florida
https://www.ubereats.com/orlando/food-delivery/hungry-howies-pizza-apopka%23154/trKgwB5_RteOt0vEt_4mjg,longwood-florida
https://www.ubereats.com/orlando/food-delivery/pizza-hut-600-e-altamonte-dr/52szOIsnSvy0cG93UIbApg,longwood-florida
https://www.ubereats.com/orlando/food-delivery/perkins-restaurant-orlando-university/hVDVDs4hTgS7EVgHr_PoRw,longwood-florida
https://www.ubereats.com/orlando/food-delivery/panda-express-4260-s-us-hwy17-92/gVZ5qsITS-K1KpdLLTW4Gw,longwood-florida
https://www.ubereats.com/orlando/food-delivery/first-watch-aloma/IqCN8NLMSWCgHWEjWOdHbw,longwood-florida
https://www.ubereats.com/orlando/food-delivery/asian-house/_tkvXZA5QQi5fIt3etxLWA,longwood-florida
https://www.ubereats.com/orlando/food-delivery/tokyo-sushi-hibachi/M1I57NYPTnW1NhbxnJYIJA,longwood-florida
https://www.ubereats.com/orlando/food-delivery/la-antioquena-restaurant-lake-mary/0RzsNUqoSEmJssVNfXh8OA,longwood-florida
https://www.ubereats.com/orlando/food-delivery/the-original-brooklyn-water-bagel-co-winter-park/Q-Be7dzlTyaDZDwLEGLd-w,longwood-florida
https://www.ubereats.com/orlando/food-delivery/arbys-951-lockwood-blvd/fL5m1ZDvSeGzNP53ub8cmw,longwood-florida
https://www.ubereats.com/orlando/food-delivery/duffys-sports-grill-lake-mary/IpB-m6smSE-7EXB8DaU9sQ,longwood-florida
https://www.ubereats.com/orlando/food-delivery/santa-rosa-mexican-grill/GiDCX50aQMSHnlx-HAsCnQ,longwood-florida
https://www.ubereats.com/orlando/food-delivery/la-villa-bakery/ICEDKXeLTDK68aOyiNIlbA,longwood-florida
https://www.ubereats.com/orlando/food-delivery/bagel-king-lake-mary/X527Y1TBRw6r5-KDwx-1lA,longwood-florida
https://www.ubereats.com/orlando/food-delivery/thai-villa-restaurant/khgt-2KzSjWipRQNZ5ynlw,longwood-florida
https://www.ubereats.com/orlando/food-delivery/mcdonalds-224-w-hwy-436/IUZihID6R66qedyZh5woRg,longwood-florida
https://www.ubereats.com/orlando/food-delivery/al-bacio-winter-park/lHkeCK24QfqE9C83lATB7g,longwood-florida
https://www.ubereats.com/orlando/food-delivery/wendys-815-w-state-road-434/X5t0XZ_cQZWSNzBYDjoWjw,longwood-florida
https://www.ubereats.com/orlando/food-delivery/chipotle-mexican-grill-327-e-mitchell-hammock-rd/rZCbTmv3QUiQlfLmQ76jBg,longwood-florida
https://www.ubereats.com/orlando/food-delivery/1000-degrees-pizzeria-of-heathrow/U3UkSs19Ru-usBU1aEWXQA,longwood-florida
https://www.ubereats.com/orlando/food-delivery/perkins-restaurant-apopka/-x0YgtCQSSiS-TzoqNnxFg,longwood-florida
https://www.ubereats.com/orlando/food-delivery/oh-my-gyro/CeLKSvJWSxiEAM3PfJZH9g,longwood-florida
https://www.ubereats.com/orlando/food-delivery/planet-smoothie-alafaya/E5_DirvxRsqyJDGm6ZVuBg,longwood-florida
https://www.ubereats.com/orlando/food-delivery/cheesyaf-aloma/I9AV_LIjSDy36bXvGQ99Kw,longwood-florida
https://www.ubereats.com/orlando/food-delivery/tropical-smoothie-cafe-altamonte-springs/T4NC5UklQf2YfX8_j7hAKQ,longwood-florida
https://www.ubereats.com/orlando/food-delivery/friendly-confines-lake-mary/DQcupQ7dRvuP_-wLUqvK6Q,longwood-florida
https://www.ubereats.com/orlando/food-delivery/oh-my-gyro/kSFBqxPpTkSTBa7O70EUyQ,longwood-florida
https://www.ubereats.com/orlando/food-delivery/kellers-real-smoke-bbq-lake-mary/pBl89uhhQCKsIRztnrxhUg,longwood-florida
https://www.ubereats.com/orlando/food-delivery/burgerfi-lake-mary/7D6pEGFfTZ6_UdNHxQpNmQ,longwood-florida
https://www.ubereats.com/orlando/food-delivery/taco-bell-1429-west-orange-blossom-trail/veWVR-gXQj-MQQ9xuzYu7g,longwood-florida
https://www.ubereats.com/orlando/food-delivery/fiddlers-green-irish-pub-%26-eatery/_z7wu1DlQP-yvW8B_v4rqg,longwood-florida
https://www.ubereats.com/orlando/food-delivery/jimmy-hulas-altamonte-springs/2KnLKIyqQvmekL6AdmX1pQ,longwood-florida
https://www.ubereats.com/orlando/food-delivery/steak-n-shake-4325-w-lake-mary-blvd/oECtYCYHS9CL0zd5RSfQmQ,longwood-florida
https://www.ubereats.com/orlando/food-delivery/amura-japanese-restaurant/IxBOnimgTuCdzDH2HZcLdA,longwood-florida
https://www.ubereats.com/orlando/food-delivery/kai-asian-street-fare/c0E3HJ0USn-x7vmbypwCdw,longwood-florida
https://www.ubereats.com/orlando/food-delivery/dunkin-946-w-state-road-436/pPn4T6maQv6qHWdYdDQbKA,longwood-florida
https://www.ubereats.com/orlando/food-delivery/firehouse-subs-altamonte-springs/W1zDfraZSp-D_3lIIXW6rA,longwood-florida
https://www.ubereats.com/orlando/food-delivery/mikado-japanese-cuisine-lake-mary/LyItAOExTXGPLH2oxo3wMA,longwood-florida
https://www.ubereats.com/orlando/food-delivery/shake-shack-119-north-orlando-ave/7E2uHCUpQWiAvWOYRgAGXQ,longwood-florida
https://www.ubereats.com/orlando/food-delivery/olea-mediterranean-grill-sanford/vLp4rY_fRnuqbqRN3h5Fvw,longwood-florida
https://www.ubereats.com/orlando/food-delivery/five-guys-fl-1770-5848-red-bug-lake-rd/c623m1TyQPqdBpdEZtHXEg,longwood-florida
https://www.ubereats.com/orlando/food-delivery/wawa-5117-3510-n-us-hwy-17-92/tINr2-NMQ7aRNUhGO6sOdQ,longwood-florida
https://www.ubereats.com/orlando/food-delivery/the-mango-fresh/IdczunkeS9-tDrK5nQxgow,longwood-florida
https://www.ubereats.com/orlando/food-delivery/taco-bell-3755-w-lake-mary-blvd/aVL2uLulSByWdcWnLVy8nQ,longwood-florida
https://www.ubereats.com/orlando/food-delivery/hungry-howies-pizza-casselberry-%233004/FKNb5NSHQLuaamlZsddRLw,longwood-florida
https://www.ubereats.com/orlando/food-delivery/la-baguette-anj/jqoI49jRQfOTdneDFJ2q-Q,longwood-florida
https://www.ubereats.com/orlando/food-delivery/mcdonalds-290-n-hwy-17-and-92/HDyM4XYiSuOTwXi2B9Gc6A,longwood-florida
https://www.ubereats.com/orlando/food-delivery/winghouse-of-orlando/6665ZixpT3qJ4kVLmvPO1w,longwood-florida
https://www.ubereats.com/orlando/food-delivery/hana-sushi/ziGbZnZeSKeqU_F1u5nSBg,longwood-florida
https://www.ubereats.com/orlando/food-delivery/tibbys-new-orleans-kitchen-altamonte-springs/0G0lVCtVSy2g0IsUAtr5Mw,longwood-florida
https://www.ubereats.com/orlando/food-delivery/hungry-howies-altamonte-springs/ORbDjw1sSHOjLB-R5a_Hyg,longwood-florida
https://www.ubereats.com/orlando/food-delivery/planet-smoothie-cranes-roost/T6wOnKaiRHi_ZZMUqV3CAQ,longwood-florida
https://www.ubereats.com/orlando/food-delivery/la-fonda-mexican-kitchen/N0G1rbVuSC6JEbQCpYi3Wg,longwood-florida
https://www.ubereats.com/orlando/food-delivery/pokeworks/kaPYpnczQJKL0c99az4nkQ,longwood-florida
https://www.ubereats.com/orlando/food-delivery/millers-ale-house-altamonte/K7W1r6pQTB-_1xicnZ_mRQ,longwood-florida
https://www.ubereats.com/orlando/food-delivery/hebers-cuban-cafe-apopka/YAWYmQhLTPOcMlXUFmlt4Q,longwood-florida
https://www.ubereats.com/orlando/food-delivery/delhi-style-food/i1gOA-gMROKGnPbbGJqQqg,longwood-florida
https://www.ubereats.com/orlando/food-delivery/breakfast-club-oviedo/OCZ48DGxR_2oQOx_-0nv9w,longwood-florida
https://www.ubereats.com/orlando/food-delivery/fuzzys-taco-shop-altamonte-springs/xhq0caHJQQqItWEsaUuINw,longwood-florida
https://www.ubereats.com/orlando/food-delivery/tamarind-indian-cuisine-winter-park/uk02KzP4TY-OxK7BN8krvA,longwood-florida
https://www.ubereats.com/orlando/food-delivery/alibaba-house-of-kabob/mGBJaxKrRTGA6oRzIOTBSA,longwood-florida
https://www.ubereats.com/orlando/food-delivery/kellers-bar-b-q/8mLlme3UTwaR-QNwNihXtw,longwood-florida
https://www.ubereats.com/orlando/food-delivery/beef-o-bradys-apopka/hk-_rceSTu2xnE5_mBeDlA,longwood-florida
https://www.ubereats.com/orlando/food-delivery/taco-bell-307-e-main-st/xeVduAjnRh2I2cWQPSSyHQ,longwood-florida
https://www.ubereats.com/orlando/food-delivery/ihop-3150-s-orlando-drive/1e4170R_RmmEolPlcY19vA,longwood-florida
https://www.ubereats.com/orlando/food-delivery/salata-lake-mary/4JboHyG4RWWzP8caHth1Jw,longwood-florida
https://www.ubereats.com/orlando/food-delivery/create-your-nature/Usm5wKNwSLCs1-Y1rYMJQQ,longwood-florida
https://www.ubereats.com/orlando/food-delivery/orchid-thai-cuisine-lake-mary/z4cfvYDDQE6WA2BAduxWow,longwood-florida
https://www.ubereats.com/orlando/food-delivery/fuddruckers-apopka/xqBBTd77TEy5NRAjhMckRQ,longwood-florida
https://www.ubereats.com/orlando/food-delivery/pollo-tropical-1001-wp-ball-blvd/DWG47CvhTsmnHQ8e-fHNuQ,longwood-florida
https://www.ubereats.com/orlando/food-delivery/copacabana-cuban-cafe/Q9tuSybqTfm_j_hb9WRJ5w,longwood-florida
https://www.ubereats.com/orlando/food-delivery/flemings-prime-steakhouse-%26-wine-bar-winter-park/PLF3Yr-gTMqO6aFw-1A6BA,longwood-florida
https://www.ubereats.com/orlando/food-delivery/circle-k-1412-seminola-blvd/MNIlXBFbRt2nQhaKPGplNg,longwood-florida
https://www.ubereats.com/orlando/food-delivery/taco-bell-1859-w-county-road-419/aY_hDbXSRamTlYQi98nCUA,longwood-florida
https://www.ubereats.com/orlando/food-delivery/foxtail-coffee-co-altamonte/guQvjDLzTiOROY7yo_mJZw,longwood-florida
https://www.ubereats.com/orlando/food-delivery/los-girasoles-apopka/y6ZQlRAsQU6VKjqC8jw78A,longwood-florida
https://www.ubereats.com/orlando/food-delivery/%2313244-subway-101-w-main-st/GqjaU3jURKyXuA9QCI_chw,longwood-florida
https://www.ubereats.com/orlando/food-delivery/akira-sushi-%26-steak-house/hpHAO7qJSseKPc09JdEf5w,longwood-florida
https://www.ubereats.com/orlando/food-delivery/zaza-new-cuban-diner-lake-mary/USVpvRzoS3WHR9pef7BY-A,longwood-florida
https://www.ubereats.com/orlando/food-delivery/sauced/Zw_4stOlSuuK0sMiCMeGMA,longwood-florida
https://www.ubereats.com/orlando/food-delivery/natures-table-rdv-sportplex/IcQ27geBSNCHEy2cGH0qvQ,longwood-florida
https://www.ubereats.com/orlando/food-delivery/panera-204157/Me_casBwR2WuNIjGgf45WQ,longwood-florida
https://www.ubereats.com/orlando/food-delivery/pizza-hut-201-west-sr-434/6Yh47xrpToaSIt49poyK-A,longwood-florida
https://www.ubereats.com/orlando/food-delivery/kairos-latin-restaurant/LwIhFgDBShiWJbs_e75HVg,longwood-florida
https://www.ubereats.com/orlando/food-delivery/cheesyaf-lake-mary/PUFo4MYXTaWiANbEaVuPIg,longwood-florida
https://www.ubereats.com/orlando/food-delivery/starbucks-lake-mary-%26-sun/UQzY50RHSi-y4lPy1KCtAQ,longwood-florida
https://www.ubereats.com/orlando/food-delivery/gators-dockside-lake-mary/Y4t-RZqtRQ6No1HBRL1yVQ,longwood-florida
https://www.ubereats.com/orlando/food-delivery/tropical-smoothie-cafe-bear-lake/K6Z8ncnYTpK-QanBuTBiwA,longwood-florida
https://www.ubereats.com/orlando/food-delivery/huey-magoos-chicken-tenders-lake-mary/lA79MkyTR-6Cpp526ImchQ,longwood-florida
https://www.ubereats.com/orlando/food-delivery/dumpling-spot/KNC2p9YCR_K9EIBNTvpmxA,longwood-florida
https://www.ubereats.com/orlando/food-delivery/jets-pizza-apopka/oYGOYhbzQBWZBIGkHebsXA,longwood-florida
https://www.ubereats.com/orlando/food-delivery/checkers-431-state-road-436-w/FSkW5IYrT6eT4q1_HPJo9A,longwood-florida
https://www.ubereats.com/orlando/food-delivery/outback-steakhouse-180-hickman-drive/rzsPagPfTsSTUyC0_JSZUA,longwood-florida
https://www.ubereats.com/orlando/food-delivery/kiko-japanese-cuisine/XcGiIS-ZTK2xmCYKCK1_ZA,longwood-florida
https://www.ubereats.com/orlando/food-delivery/hooties-burger-bar-550-towne-center-circle/pi2wH70MQ3K_uFuV0To1vw,longwood-florida
https://www.ubereats.com/orlando/food-delivery/%2354221-subway-1830-1834-longwood-lake-rd/ZMTzRk3sQcqp2Py5G7vBOQ,longwood-florida
https://www.ubereats.com/orlando/food-delivery/sweetaf-aloma/EUbn4yogSLeXg-hRONzjCg,longwood-florida
https://www.ubereats.com/orlando/food-delivery/destinys-big-city-pizza/38q3N3xQRpeBMAdCYL_jVw,longwood-florida
https://www.ubereats.com/orlando/food-delivery/ihop-15-alafaya-woods-blvd-suite-101/yRozaH-wRhiYtGk5DD7Rhw,longwood-florida
https://www.ubereats.com/orlando/food-delivery/gators-dockside-apopka/BKLiR-7xTHiexMwf6jvCpQ,longwood-florida
https://www.ubereats.com/orlando/food-delivery/cracker-barrel-old-country-store-285-douglas-avenue/2FGFD-k1SHOTogfxtddB2g,longwood-florida
https://www.ubereats.com/orlando/food-delivery/the-glass-knife/Bu6I_9cvR2W1yDsO0CslrA,longwood-florida
https://www.ubereats.com/orlando/food-delivery/pannullos-italian-restaurant/o70rPgn-RWSQAOlLc31OWw,longwood-florida
https://www.ubereats.com/orlando/food-delivery/arepas-cafe-and-more/-0ojHLHSScG2WpU8e1GEAg,longwood-florida
https://www.ubereats.com/orlando/food-delivery/twisted-root-burger-co/iskfATaeTg6cyB-7YE3M9A,longwood-florida
https://www.ubereats.com/orlando/food-delivery/miyako-oviedo/QPeZMo26SieabkrTYJbaWw,longwood-florida
https://www.ubereats.com/orlando/food-delivery/friendly-confines-winter-park/AXTShAM3RfeuBporLTsb9g,longwood-florida
https://www.ubereats.com/orlando/food-delivery/bolay-winter-park/fK-sSBpXRDq9Efxu-9qUag,longwood-florida
https://www.ubereats.com/orlando/food-delivery/chopstix-chinese-%26-sushi-cuisine-lake-mary/qFzLOm6-RK-tUWMdnJ1vAg,longwood-florida
https://www.ubereats.com/orlando/food-delivery/tijuana-flats-tuskaloma/Qt1FCuGCQ-WIN9FcM7ZnSQ,longwood-florida
https://www.ubereats.com/orlando/food-delivery/mynt-fine-indian-cuisine/TSCOWmW4Rhy6bDH1QxwyYQ,longwood-florida
https://www.ubereats.com/orlando/food-delivery/clicks-billiards-casselberry/URghF0G3TW2BGYA1LW-sqg,longwood-florida
https://www.ubereats.com/orlando/food-delivery/burger-king-6400-n-orange-blossom-trail/edJz3Z83R6OMOtgGvHjv0w,longwood-florida
https://www.ubereats.com/orlando/food-delivery/%231887-subway-4300-clarcona-ocoee-rd/jTh_-gS7QlCkB7DSV5TS9A,longwood-florida
https://www.ubereats.com/orlando/food-delivery/kfc-356-e-main-street/g8H1DOxURwOf4lRcIC3rgA,longwood-florida
https://www.ubereats.com/orlando/food-delivery/mcdonalds-4210-w-lake-mary-blvd/H0PTVBf5TpehQxDtihN8uA,longwood-florida
https://www.ubereats.com/orlando/food-delivery/bagel-king-winter-park/4quod76lQUmmMv4ArheB2A,longwood-florida
https://www.ubereats.com/orlando/food-delivery/pizza-1905-lake-mary/_Eda_czrTuOPcN7K-x5zwA,longwood-florida
https://www.ubereats.com/orlando/food-delivery/jersey-mikes-subs-lake-mary/WRP5k4ClQw-5SnbAEvqziQ,longwood-florida
https://www.ubereats.com/orlando/food-delivery/shake-shop/Z2sLFJ9ITSuQ-ekQVYmmSw,longwood-florida
https://www.ubereats.com/orlando/food-delivery/zaza-new-cuban-diner-altamonte-springs/A7o_eSI9Qp6jc4u2kDZ8Jg,longwood-florida
https://www.ubereats.com/orlando/food-delivery/which-wich-lake-mary/WddnBn9DQXWsm1um2-4GZw,longwood-florida
https://www.ubereats.com/orlando/food-delivery/%23339-subway-2133-e-semoran-blvd/TJ5v9MGQQpmNi4iI1d9flw,longwood-florida
https://www.ubereats.com/orlando/food-delivery/%23206-subway-995-n-state-rd-434/tIWHQNPuTIqKJKdRL2XYoQ,longwood-florida
https://www.ubereats.com/orlando/food-delivery/anthonys-coal-fired-pizza-altamonte-springs/TaT1m46vRcmJsmucpoo2Fg,longwood-florida
https://www.ubereats.com/orlando/food-delivery/five-guys-fl-0136-229-e-altamonte-dr/_vJri7fGQaKRx8S1CPvYMg,longwood-florida
https://www.ubereats.com/orlando/food-delivery/ladiezz-first/-75MN5xKSsisYW4AfSicGg,longwood-florida
https://www.ubereats.com/orlando/food-delivery/the-spot/OCYhhB-UQOqtpCjpqrPBTg,longwood-florida
https://www.ubereats.com/orlando/food-delivery/js-cakes/3-OeTDhGQ-OC4AK8o8gA2w,longwood-florida
https://www.ubereats.com/orlando/food-delivery/carrabbas-931-n-state-road-434/n1Bsv87fSwuQW49RDQtfVA,longwood-florida
https://www.ubereats.com/orlando/food-delivery/taco-bell-2700-s-orlando-dr/B2HRjXa-Qf-CRCfkh57VNg,longwood-florida
https://www.ubereats.com/orlando/food-delivery/pizza-hut-2335-temple-trl/lb2EgJkCQqS8Sy6SVOVi4Q,longwood-florida
https://www.ubereats.com/orlando/food-delivery/vegetti-by-jimottis-restaurant/i1B6kD5WSRatuWUUEFEoMQ,longwood-florida
https://www.ubereats.com/orlando/food-delivery/taco-bell-1154-rock-springs-rd/3Oj2ZVJ1RXe1JfCRWOXjMg,longwood-florida
https://www.ubereats.com/orlando/food-delivery/u-restaurant/aKhSh2ChRVakNyMaXKmUGA,longwood-florida
https://www.ubereats.com/orlando/food-delivery/jazztastings/sKEK8X78QqWC_h2FWT64Ag,longwood-florida
https://www.ubereats.com/orlando/food-delivery/cafe-panuzzos/NNBrFArOQL-50P5nhpoCGQ,longwood-florida
https://www.ubereats.com/orlando/food-delivery/el-chef-efrain-creations/uEtHeHXPT0q8_U1AghNo-A,longwood-florida
https://www.ubereats.com/orlando/food-delivery/mcdonalds-3785-orlando-dr/hCihdOOvQAipafB0kSZs9Q,longwood-florida
https://www.ubereats.com/orlando/food-delivery/arbys-3725-orlando-blvd/BokwQieHRrGgxEttY24o1Q,longwood-florida
https://www.ubereats.com/orlando/food-delivery/dunkin-3635-aloma-ave-suite-101/WhyPrSn5TT-SwpV15X0f5g,longwood-florida
https://www.ubereats.com/orlando/food-delivery/wendys-3717-s-orlando-blvd/hlN1AE1eT5WYMN_scIu3Hw,longwood-florida
https://www.ubereats.com/orlando/food-delivery/sonnys-bbq-sanford/C4vHXJ9YS2-Kq1W7GvdU7Q,longwood-florida
https://www.ubereats.com/orlando/food-delivery/el-fuego-latino/TmS5RBe6SDS9R-LPZbDHaQ,longwood-florida
https://www.ubereats.com/orlando/food-delivery/burger-king-4405-west-lake-mary-boulevard/1bA9mEX6Rh69aMNJEiKc3A,longwood-florida
https://www.ubereats.com/orlando/food-delivery/starbucks-w-sr-434-%26-raymond-ave/8iwGd0WdRv6ZlbIv7E8AaQ,longwood-florida
https://www.ubereats.com/orlando/food-delivery/habaneros-mexican-restaurant/E2-f8Os3RyKXMxD8yMgdfQ,longwood-florida
https://www.ubereats.com/orlando/food-delivery/jerrys-pizza-%26-subs/hR21ycrgTkiyrJaMTeU_uw,longwood-florida
https://www.ubereats.com/orlando/food-delivery/zippoz-pizza/on-B3_grTrKP8ihtiItwow,longwood-florida
https://www.ubereats.com/orlando/food-delivery/the-ice-cream-shop/YVuXD05rSam9stXD0GbcXw,longwood-florida
https://www.ubereats.com/orlando/food-delivery/modena-pizzeria/gVwgtLtwSae9znKkzicQXg,longwood-florida
https://www.ubereats.com/orlando/food-delivery/dunkin-222-wheelhouse-ln/g4Xgc50fQpGUF78_EY_Fjw,longwood-florida
https://www.ubereats.com/orlando/food-delivery/natures-table/70Hmjbk1SsapEMza_HoZbw,longwood-florida
https://www.ubereats.com/orlando/food-delivery/red-lobster-20-town-center-circle/8ix-BXETRh2Oy8maaNQWxg,longwood-florida
https://www.ubereats.com/orlando/food-delivery/momzs-kitchen/dlsJodkzSwqGlipr9nsktA,longwood-florida
https://www.ubereats.com/orlando/food-delivery/currito-1101-international-pkwy/YF4TCeWCSnyEX8-8PHMGzw,longwood-florida
https://www.ubereats.com/orlando/food-delivery/kekes-breakfast-cafe-lake-mary/hahKhWyfTom7J0_ZtFcJnQ,longwood-florida
https://www.ubereats.com/orlando/food-delivery/cinnabon-451-e-alamonte/kroG5nmjTs6jLKBwtep0pg,longwood-florida
https://www.ubereats.com/orlando/food-delivery/chiantis-pizza-%26-pasta-sanford/CKatIiM6Qy-wPJzicBm7Jw,longwood-florida
https://www.ubereats.com/orlando/food-delivery/victorios-ii-italian-restaurant-%26-pizzeria/9acDniYGQx6AClA89W9gdQ,longwood-florida
https://www.ubereats.com/orlando/food-delivery/popeyes-louisiana-kitchen-402-e-main-st/XPism8-8Requ-6LQJc8B1A,longwood-florida
https://www.ubereats.com/orlando/food-delivery/venus-pizzeria/q1-1zOgLQKCi_Dr8bqfrRA,longwood-florida
https://www.ubereats.com/orlando/food-delivery/brick-%26-spoon/XVnoKJ6UTkOP0_EW-38hHA,longwood-florida
https://www.ubereats.com/orlando/food-delivery/buffalo-wild-wings-1670-rinehart-rd/pBYakELfT0mtZ9ZHvYKa3w,longwood-florida
https://www.ubereats.com/orlando/food-delivery/paisanos-pizza-4270-aloma-avenue/37yPVmacSyClUCRcpMzACQ,longwood-florida
https://www.ubereats.com/orlando/food-delivery/pollo-tropical-489-west-sr-436/bn4LcgHJToaTpINHjwJe_g,longwood-florida
https://www.ubereats.com/orlando/food-delivery/pizza-hut-1148-n-rock-springs-rd/8sf-M2UhQP-K7VkQ2PSAvw,longwood-florida
https://www.ubereats.com/orlando/food-delivery/kekes-breakfast-cafe-apopka/ni8qzQ9lR5uEbqZqE8kVBw,longwood-florida
https://www.ubereats.com/orlando/food-delivery/tomasinos-pizza-lake-mary/c1u7r1t8Q1O-0OU-TankUw,longwood-florida
https://www.ubereats.com/orlando/food-delivery/zoes-kitchen-150-s-state-rd-434-suite-1093/pq4ZqV9JQ5qkAtLGUSkPig,longwood-florida
https://www.ubereats.com/orlando/food-delivery/taboulis-grille/X2Ri1iU4QCCj1kdyhwyWoQ,longwood-florida
https://www.ubereats.com/orlando/food-delivery/zanzibar-coffee-house/CNlW7G0QTSuBranH70GZxg,longwood-florida
https://www.ubereats.com/orlando/food-delivery/alexs-cuban-cafe/sdVcwMUeQGKemkIxJy6yrw,longwood-florida
https://www.ubereats.com/orlando/food-delivery/jersey-mikes-subs-apopka-450-s-hunt-club-blvd/XdsS8EzmTZGNhN5rP6s6Yg,longwood-florida
https://www.ubereats.com/orlando/food-delivery/what-a-rib-bbq/_ZGylKylQKm6b1cLw0otww,longwood-florida
https://www.ubereats.com/orlando/food-delivery/luna-station-altamonte-springs/GS5Jb5JsRBya7aLE7iTedA,longwood-florida
https://www.ubereats.com/orlando/food-delivery/chipotle-mexican-grill-5637-red-bug-lake-rd/BO5w-TFUSBaZDzTkkAECew,longwood-florida
https://www.ubereats.com/orlando/food-delivery/an-tobar/QLeBb6rLQZuowVFEEzR0IA,longwood-florida
https://www.ubereats.com/orlando/food-delivery/newcity-cafe/EvrbL41QSjqhOHKkERqaxQ,longwood-florida
https://www.ubereats.com/orlando/food-delivery/papa-johns-5808-red-bug-lake-rd/1rjePbbfSumdfMyzG5oazA,longwood-florida
https://www.ubereats.com/orlando/food-delivery/sake-house/TG0pmVIoSXuRTGXFbTJvZw,longwood-florida
https://www.ubereats.com/orlando/food-delivery/china-gate/hTTreqbgQ1esfmOnSyIt6Q,longwood-florida
https://www.ubereats.com/orlando/food-delivery/stefanos-trattoria-winter-springs/N5AU0MYjQwyUi3YXc5yHNg,longwood-florida
https://www.ubereats.com/orlando/food-delivery/dunkin-300-s-us-highway-17-92/3vOh-bpcRVev-UkhTSPkJA,longwood-florida
https://www.ubereats.com/orlando/food-delivery/natures-table-lake-mary/qh0lXgKJQv6paWfUgQfsHg,longwood-florida
https://www.ubereats.com/orlando/food-delivery/papa-joes-pizza-altamonte-springs/VDUHY6DvSJ6hJuC5M8xJlA,longwood-florida
https://www.ubereats.com/orlando/food-delivery/omaha-steakhouse-and-bar-orlando/sTlX17kLQpmKGQ3E7C6xXw,longwood-florida
https://www.ubereats.com/orlando/food-delivery/starbucks-us-17-92-%26-horatio/ydIfHTjCTBSASmbwIdkMrA,longwood-florida
https://www.ubereats.com/orlando/food-delivery/king-fried-chicken/ZYwF2W0qQlm-5k3A96qm2A,longwood-florida
https://www.ubereats.com/orlando/food-delivery/la-placita-market/zjD_sn2lTueMFduyN61xUg,longwood-florida
https://www.ubereats.com/orlando/food-delivery/cold-stone-creamery-944-colonial-grand-lane/mqf7atqTSkC2ouBXQnUJ6g,longwood-florida
https://www.ubereats.com/orlando/food-delivery/starbucks-434-%26-orange/k-ssoWj4QAuKaXEpr5WFMg,longwood-florida
https://www.ubereats.com/orlando/food-delivery/outback-steakhouse-5891-red-bug-lake-road/zjAn4bxqQBKxGjM03cVEyg,longwood-florida
https://www.ubereats.com/orlando/food-delivery/salads-sandwiches-and-sweets/91ZHa9k8R_S-HTD4jkPNNA,longwood-florida
https://www.ubereats.com/orlando/food-delivery/graffiti-junktion-lake-mary/BNGTK6gdQn2NR4gR4QIrZA,longwood-florida
https://www.ubereats.com/orlando/food-delivery/tortilleria-la-mexicana-sanford/Zp2mXOe1RReHQ3B4SkECRg,longwood-florida
https://www.ubereats.com/orlando/food-delivery/millers-ale-house-winter-park-village-lee-rd/uvnlNH3uSF6T-AW_owFZpA,longwood-florida
https://www.ubereats.com/orlando/food-delivery/ispice-altamonte-dr/Cwive8kVTqOzC2OpCTJMvw,longwood-florida
https://www.ubereats.com/orlando/food-delivery/dunkin-3768-s-orlando-dr/mBSycLKzRdSDacolTOwKGA,longwood-florida
https://www.ubereats.com/orlando/food-delivery/zaxbys-eatonville/VWnNScAmTeSzxNeytc8o7Q,longwood-florida
https://www.ubereats.com/orlando/food-delivery/starbucks-renaissance-center/65M3QAnoRxiSs6O4aJA5Ng,longwood-florida
https://www.ubereats.com/orlando/food-delivery/mellow-mushroom-winter-park/mP8FJ_8vTbOAhvg6XKzSGQ,longwood-florida
https://www.ubereats.com/orlando/food-delivery/the-copper-rocket/Ngu1Nh10RxS901RTpxeaBA,longwood-florida
https://www.ubereats.com/orlando/food-delivery/%23630-subway-156-south-us-hwy-17-92/DNsBleBBQMqQnR-Gvf7F-w,longwood-florida
https://www.ubereats.com/orlando/food-delivery/noodles-%26-company-850-south-sun-drive/adY5n3fAQDO_a9rCdZ3Gyw,longwood-florida
https://www.ubereats.com/orlando/food-delivery/%23746-subway-954-e-altamonte-dr/drJ-S7ylSTiwiHANLcgNgQ,longwood-florida
https://www.ubereats.com/orlando/food-delivery/rookies-cantina/CjDnYcHjQWuoVLKgemYbWQ,longwood-florida
https://www.ubereats.com/orlando/food-delivery/pass-progressive-cuisine/jUxB1No1SaK6nminABMYUw,longwood-florida
https://www.ubereats.com/orlando/food-delivery/boston-coffeehouse/sJUYncQzSY2IqbuY6zrD_g,longwood-florida
https://www.ubereats.com/orlando/food-delivery/caffe-positanos/TRNpGj7USpGTQveYOO08QA,longwood-florida
https://www.ubereats.com/orlando/food-delivery/jeremiahs-italian-ice-lake-mary/L5hFnhnhSXSU9sB7d8UN5Q,longwood-florida
https://www.ubereats.com/orlando/food-delivery/foxtail-coffee-sanford/Xt31V8pNTpacGosCjhDYNA,longwood-florida
https://www.ubereats.com/orlando/food-delivery/mcdonalds-1291-e-semoran-blvd/6l7nejAqS1aIFEMysebNaw,longwood-florida
https://www.ubereats.com/orlando/food-delivery/captain-ds-2514-south-french-avenue/s2VAe0YQTVywdneF1L6A5w,longwood-florida
https://www.ubereats.com/orlando/food-delivery/5thelement-indian-restaurant/I-jS_2WuQQiyt_l9J1vMog,longwood-florida
https://www.ubereats.com/orlando/food-delivery/moes-southwest-grill-altamonte-springs/oXZ_rVfGRNOPqz_PCQw33g,longwood-florida
https://www.ubereats.com/orlando/food-delivery/wendys-516-e-altamonte/-TxOqLCYTTiWA3S3wMntfQ,longwood-florida
https://www.ubereats.com/orlando/food-delivery/cold-stone-creamery-229-e-altamonte-dr/ajCAACawSk-5T1FZ2mbWvg,longwood-florida
https://www.ubereats.com/orlando/food-delivery/charleys-philly-steaks-altamonte-springs/9P4x3dRYSTSsUCRGZaKRPQ,longwood-florida
https://www.ubereats.com/orlando/food-delivery/pilin-thai/8mMALYBNRJi6gRwajj7_5g,longwood-florida
https://www.ubereats.com/orlando/food-delivery/greek-to-go/Z8mQsBOIQdOxiXkTDBkG5w,longwood-florida
https://www.ubereats.com/orlando/food-delivery/medellin-burger/zUYa09uiS1-5JSufY7G_BA,longwood-florida
https://www.ubereats.com/orlando/food-delivery/panera-203310/kWolk6GsRhazFHQaHBLfWA,longwood-florida
https://www.ubereats.com/orlando/food-delivery/mulligans-restaurant-and-bar/V2x3zcJETTmaGkqdapfPhQ,longwood-florida
https://www.ubereats.com/orlando/food-delivery/charleys-philly-steaks-240-towne-center-cir-space-%23-vc-10/6osFFYywSpqmWm44ugNM9g,longwood-florida
https://www.ubereats.com/orlando/food-delivery/habaneros-mexican-grill-towne-center/2YOS8_uWTKmSdIg8V8zb2Q,longwood-florida
https://www.ubereats.com/orlando/food-delivery/first-watch-lake-mary-blvd/yZ8Xcmw1TqeYR1PHCA3xgA,longwood-florida
https://www.ubereats.com/orlando/food-delivery/sushi-burrito-altamonte-springs/Ab9U-nWSRICl8ej-4hJSog,longwood-florida
https://www.ubereats.com/orlando/food-delivery/swine-%26-sons/mzSZV1-yR1O0YsUOZ3Gi8Q,longwood-florida
https://www.ubereats.com/orlando/food-delivery/toasted-winter-park-fl/oIViNQMgRsSqNbygv_wBMQ,longwood-florida
https://www.ubereats.com/orlando/food-delivery/mcdonalds-lockhart/LYtQj6PARv2f3CeloOTMQw,longwood-florida
https://www.ubereats.com/orlando/food-delivery/amigos-original-tex-mex-altamonte-springs/vUSMhXgXRo-LtznOIYqFWw,longwood-florida
https://www.ubereats.com/orlando/food-delivery/mediterranean-street-food-by-shishco/DbW3EdFnRWOI3cpS_LThqA,longwood-florida
https://www.ubereats.com/orlando/food-delivery/menchies-frozen-yogurt-1939-aloma-ave/H4hZR28KRcub8HeA71udtg,longwood-florida
https://www.ubereats.com/orlando/food-delivery/dunkin-212-e-main-st/bfc45OxaR1ycn510BWo6jg,longwood-florida
https://www.ubereats.com/orlando/food-delivery/asian-bento-box/0FdIx3dRQRajsHyh0Bt6jg,longwood-florida
https://www.ubereats.com/orlando/food-delivery/popeyes-louisiana-kitchen-200-e-sr-436/28IJXApcQ4W04-5f8bSLbQ,longwood-florida
https://www.ubereats.com/orlando/food-delivery/pdq-altamonte-springs/c7mhikkWQem4jQcaU-dGcA,longwood-florida
https://www.ubereats.com/orlando/food-delivery/dunkin-429-ridge-rd/9IgXZbmhSJq2hsNLj53jgQ,longwood-florida
https://www.ubereats.com/orlando/food-delivery/b-cupcakes/hnkl25azRpSOZu7AKmIjpA,longwood-florida
https://www.ubereats.com/orlando/food-delivery/italian-express/zOgltmEyTjufGpiRCzAmOQ,longwood-florida
https://www.ubereats.com/orlando/food-delivery/jersey-mikes-n-goldenrod-rd-%26-university-blvd/N4UNpD7PTM-bsbBTIhrJ0A,longwood-florida
https://www.ubereats.com/orlando/food-delivery/island-fin-poke-company-lake-mary/J4mVRDvvTOOEC1x3QGWjRw,longwood-florida
https://www.ubereats.com/orlando/food-delivery/grattin-dog/mbhhpJj1TfWivG4FgTTsGg,longwood-florida
https://www.ubereats.com/orlando/food-delivery/midici-the-neapolitan-pizza-company-maitland/azSOdSIiRCGVDFujRVAEPg,longwood-florida
https://www.ubereats.com/orlando/food-delivery/poke-chop-altamonte-springs/w9RW3iUHQn2bEA72gCMHsA,longwood-florida
https://www.ubereats.com/orlando/food-delivery/royal-rasoi/rhI89obdRH6OMagR7om-Bg,longwood-florida
https://www.ubereats.com/orlando/food-delivery/sobiks-subs-sanford/RJhH5g7gRGeByvK76D3u9A,longwood-florida
https://www.ubereats.com/orlando/food-delivery/hungry-howies-pizza-casselberry/m9ul0Q2MRJGFPJMwONjq6Q,longwood-florida
https://www.ubereats.com/orlando/food-delivery/firehouse-subs-maitland/-rdkVGewQ3uswRmPp4l6Mg,longwood-florida
https://www.ubereats.com/orlando/food-delivery/soho-juice-company-winter-park/2GpMf20PTsWBsv-w_QdtMA,longwood-florida
https://www.ubereats.com/orlando/food-delivery/f%26d-woodfired-longwood/CIXtugalS7S3jEVDe6hfww,longwood-florida
https://www.ubereats.com/orlando/food-delivery/burger-king-476-east-altamonte-drive/3UP701KJTwuAK9D8O75-CQ,longwood-florida
https://www.ubereats.com/orlando/food-delivery/gun-concoction/x9m9FrA-S2iPyTg4bzELNQ,longwood-florida
https://www.ubereats.com/orlando/food-delivery/pho-ben-thanh-longwood/UQCeOnjcTN2bFS0-StBnLQ,longwood-florida
https://www.ubereats.com/orlando/food-delivery/planet-smoothie-howell/hA3tXkgVSmWKBJauTV47Hw,longwood-florida
https://www.ubereats.com/orlando/food-delivery/smoothie-king-110-semoran-blvd/DdXaZPlXSg22ByzMgg3czA,longwood-florida
https://www.ubereats.com/orlando/food-delivery/jjs-fusion-grille/zlUVnaVvRAyyVXn62La8kg,longwood-florida
https://www.ubereats.com/orlando/food-delivery/gateway-to-india-longwood/pd44iCNCQn2IhE39Kr7bkQ,longwood-florida
https://www.ubereats.com/orlando/food-delivery/imperial-dynasty-restaurant-%E6%9C%9D%E4%BB%A3/7qkSaz3VQ0S-9klwqkYlag,longwood-florida
https://www.ubereats.com/orlando/food-delivery/angels-soul-food/2DKd2va9QfaQsxtnr01Fdg,longwood-florida
https://www.ubereats.com/orlando/food-delivery/longwood-country-kitchen/9JJ6oUVBSfimYzOxmMRU7g,longwood-florida
https://www.ubereats.com/orlando/food-delivery/%2310798-subway-1018-w-state-rd-434/gnRffrlKTnqBAuElaIuC4g,longwood-florida
https://www.ubereats.com/orlando/food-delivery/panda-express-1710-south-orange-blossom/046VMO_cTgOIu48a_1d-8A,longwood-florida
https://www.ubereats.com/orlando/food-delivery/froggers-grill-%26-bar-altamonte-springs/5bym59jSS1OqqOzArjS4CA,longwood-florida
https://www.ubereats.com/orlando/food-delivery/burgeraf-aloma/C4HQS8zURFeYPNY_ayc8Pw,longwood-florida
https://www.ubereats.com/orlando/food-delivery/taco-bell-1265-semoran-blvd-casselberry-fl-32707/lRzeakVsSqWr9OdFwJbozg,longwood-florida
https://www.ubereats.com/orlando/food-delivery/the-ice-cream-shop/2MRbvnoqSQaOnvs_4Spxlg,longwood-florida
https://www.ubereats.com/orlando/food-delivery/little-greek-apopka/EhRCeBU1REKko9yJPz_QtQ,longwood-florida
https://www.ubereats.com/orlando/food-delivery/pizza-hut-767-s-state-road/MZyGHtZqScae_4PO3uyMgQ,longwood-florida
https://www.ubereats.com/orlando/food-delivery/jax-fifth-avenue-restaurant-and-ale-house-lake-mary/ogaFU-S_SbeAr-ODeawTSg,longwood-florida
https://www.ubereats.com/orlando/food-delivery/poke-poke/GZU6hk7FSPGx5m2w7noESA,longwood-florida
https://www.ubereats.com/orlando/food-delivery/ny-pizza-baby-apopka/X1L6PXY9S6yD6kraHm3wjQ,longwood-florida
https://www.ubereats.com/orlando/food-delivery/hooters-towne-center-cir-%26-st-johns-pkwy/2KFE-umzS0OANMRAN4TB5Q,longwood-florida
https://www.ubereats.com/orlando/food-delivery/burger-king-1001-willa-springs-drive/glHXFZdSQUm6UbnzEtu1Ig,longwood-florida
https://www.ubereats.com/orlando/food-delivery/perkins-restaurant-701-e-state-rd-434/5dwHJa_rSG6sGuCuZUDZBw,longwood-florida
https://www.ubereats.com/orlando/food-delivery/the-ice-cream-shop/MldVI81mR-Kpp5-9RhYJ7Q,longwood-florida
https://www.ubereats.com/orlando/food-delivery/mad-crab-seafood-and-wings/-ZEMrhXXQhSkm7HLj2otcg,longwood-florida
https://www.ubereats.com/orlando/food-delivery/wendys-386-hwy-436-e/gQBq8QIjQC2wcUQ2dl4BQA,longwood-florida
https://www.ubereats.com/orlando/food-delivery/tijuana-flats-longwood/rTmnBxRUSb-erhLlKA6Bbg,longwood-florida
https://www.ubereats.com/orlando/food-delivery/st-vics-smoke-shack/BWtxyvqQSKuc3cMs0RcqUw,longwood-florida
https://www.ubereats.com/orlando/food-delivery/huey-magoos-chicken-tenders-oviedo/JkFfZTySTRqi4F3qbyNBtg,longwood-florida
https://www.ubereats.com/orlando/food-delivery/snack-shack-by-mr-k/8IgLgoggS2K-TeirP89_OQ,longwood-florida
https://www.ubereats.com/orlando/food-delivery/the-wing-experience-1000-wp-ball-blvd/yjpteH0oTx-vtFs7zt_uLA,longwood-florida
https://www.ubereats.com/orlando/food-delivery/wa-sushi/BFdj2EOUSjewIRy7KDW8-w,longwood-florida
https://www.ubereats.com/orlando/food-delivery/sobiks-subs-apopka/kXbBO7SBSqC1_xA6llKSOA,longwood-florida
https://www.ubereats.com/orlando/food-delivery/pizza-hut-241-n-hunt-club-blvd-ste-141/QHXuKJrSThyVz0jEXxcukA,longwood-florida
https://www.ubereats.com/orlando/food-delivery/mcdonalds-1200-e-hwy-434/pz-XIwzDROuoGlpgm0AEIg,longwood-florida
https://www.ubereats.com/orlando/food-delivery/mediterranean-gourmet-altamonte-springs/p7QpsbBiSGSMiC-9bKbd5A,longwood-florida
https://www.ubereats.com/orlando/food-delivery/cheers-altamonte-springs/I8oRQ3z8TXODVhIeP_Zt8w,longwood-florida
https://www.ubereats.com/orlando/food-delivery/happy-teriyaki-sushi-bar-and-restaurant/J5lSzrsuS6Oax3Em3Lusxg,longwood-florida
https://www.ubereats.com/orlando/food-delivery/a-vegan-spot-winter-park-fl/8oDOmgx1S4i2r59QBsiPWQ,longwood-florida
https://www.ubereats.com/orlando/food-delivery/el-buzo-casselberry/rS3LtWl-Sjike4cRX-0-yw,longwood-florida
https://www.ubereats.com/orlando/food-delivery/tropical-smoothie-cafe-oviedo/Qppr_yj-QgWS4umiteKKIw,longwood-florida
https://www.ubereats.com/orlando/food-delivery/backyard-burgers-altamonte-springs/i8TfbJTDTyuh8SFxBoWR-w,longwood-florida
https://www.ubereats.com/orlando/food-delivery/arbys-4620-w-lake-mary-blvd/fDZTLUS_Ta-NJBg8y1tZjw,longwood-florida
https://www.ubereats.com/orlando/food-delivery/metro-diner-altamonte-springs/54Qm9sqLR3qcHXIP_z2Sqg,longwood-florida
https://www.ubereats.com/orlando/food-delivery/dunkin-890-semoran-blvd/hzaN62ICTjag3xJAe28nOw,longwood-florida
https://www.ubereats.com/orlando/food-delivery/steak-n-shake-4500-s-hwy-17-92/p89InCo5Q6aLB7pj3swryA,longwood-florida
https://www.ubereats.com/orlando/food-delivery/breakfast-club-lake-mary/dt5sEEEUQHe6eRCj4R6tAQ,longwood-florida
https://www.ubereats.com/orlando/food-delivery/philly-connection/uuLXsITARwyPd85kDH7LMQ,longwood-florida
https://www.ubereats.com/orlando/food-delivery/the-6-cafe-%26-lounge/aOZSdI3VSGCU_R0Da0gETA,longwood-florida
https://www.ubereats.com/orlando/food-delivery/ihop-sanford/cY9c0hJwR0el15WdcSgbaA,longwood-florida
https://www.ubereats.com/orlando/food-delivery/pierres-kitchen/EgkVmZyqThq4mlBnR5j1hA,longwood-florida
https://www.ubereats.com/orlando/food-delivery/china-wok-winter-springs/1GVrpGX3RFeHrFQ-TvROZA,longwood-florida
https://www.ubereats.com/orlando/food-delivery/carrabbas-4675-st-johns-pkwy/i302hZZwR22T0RM1sRPvbg,longwood-florida
https://www.ubereats.com/orlando/food-delivery/f%26d-kitchen-and-bar/YIYRDPVvRjK_Eq1fYSYm6g,longwood-florida
https://www.ubereats.com/orlando/food-delivery/johnnys-pizza/CS4fiOb5RrOEE9plswNlJA,longwood-florida
https://www.ubereats.com/orlando/food-delivery/kfc-3890-lake-emma-rd/NsZcm3oCTZi3JHiU-Mqi4g,longwood-florida
https://www.ubereats.com/orlando/food-delivery/applebees-3315-south-us-hwy-17-92/HYIBiCQTR72_nOZZ1g1u3A,longwood-florida
https://www.ubereats.com/orlando/food-delivery/lees-palace-lake-mary/IYdfgppcQGqdZyhUtSmNDQ,longwood-florida
https://www.ubereats.com/orlando/food-delivery/soul-food-to-go!/dpDh64-ATSytlO94t98jqw,longwood-florida
https://www.ubereats.com/orlando/food-delivery/planetsmoothie-lake-mary/nm9KyO8kRCmZn9kxDHOuaw,longwood-florida
https://www.ubereats.com/orlando/food-delivery/cafe-perks-casselberry/CQAqQatnSc2F9gCaca6rBg,longwood-florida
https://www.ubereats.com/orlando/food-delivery/kellys-homemade-ice-cream-central-ave/Uet9OUO6Rk2cQYhLDop2gA,longwood-florida
https://www.ubereats.com/orlando/food-delivery/bistro-1501/ZLFAZ2b_QwGleTbHYS17gA,longwood-florida
https://www.ubereats.com/orlando/food-delivery/the-ice-cream-shop/oLkGe4HOTMyGlX0faZgI8A,longwood-florida
https://www.ubereats.com/orlando/food-delivery/wonderful-house-chinese-restaurant/RvoFXz1EQneqVd-nUlViJQ,longwood-florida
https://www.ubereats.com/orlando/food-delivery/china-wah-on/brovBMMXRDmVr0jhd8PmYQ,longwood-florida
https://www.ubereats.com/orlando/food-delivery/bob-evans-190-385-state-route-436/opV6DdsUQRCkYjoXAD-_bw,longwood-florida
https://www.ubereats.com/orlando/food-delivery/arbys-1463-e-semoran-blvd/qgXQ0JnXRJyjSkpLnbJ4Dg,longwood-florida
https://www.ubereats.com/orlando/food-delivery/duffys-sports-grill-altamonte-springs/63dQfZuPRnOVVmVLqm5utw,longwood-florida
https://www.ubereats.com/orlando/food-delivery/fusion-ultra-lounge/ZaxmNTvtSYuG6aS7nVIfdA,longwood-florida
https://www.ubereats.com/orlando/food-delivery/taco-bell-5400-n-orange-blossom-trail/f7_xqtoeT7OPq7eJ3eOl9A,longwood-florida
https://www.ubereats.com/orlando/food-delivery/suva-kava-lounge/tUapTEbWQayvGsMOZ7tCUg,longwood-florida
https://www.ubereats.com/orlando/food-delivery/caffe-positano/q3Ev2Z7YRFqd4MjR4DZlzw,longwood-florida
https://www.ubereats.com/orlando/food-delivery/gillys-phillys/f2e18JhBQjuKyh3Vt_y0dw,longwood-florida
https://www.ubereats.com/orlando/food-delivery/mellow-mushroom-sanford/plmPExzCRQKLbHZNl8Ethw,longwood-florida
https://www.ubereats.com/orlando/food-delivery/krispy-kreme-s-orlando-ave-%26-miller-ave/vn0rSaKJTda8kAVLcyI1oQ,longwood-florida
https://www.ubereats.com/orlando/food-delivery/rays-fish-and-chips/CzUoHJBORWaqiTMiMJRTSA,longwood-florida
https://www.ubereats.com/orlando/food-delivery/a%26w-restaurant-200-towne-center-cir/EzJgY1LaSQuRk2vl9qXJLw,longwood-florida
https://www.ubereats.com/orlando/food-delivery/mcdonalds-red-bug/uLlY7_30SjePjVe4ulParg,longwood-florida
https://www.ubereats.com/orlando/food-delivery/shulas-347-grill/QJ7UOLoGTFOIKA22YangXA,longwood-florida
https://www.ubereats.com/orlando/food-delivery/tijuana-flats-casselberry/EcpWefdnSTO3A08818oCxg,longwood-florida
https://www.ubereats.com/orlando/food-delivery/the-ice-cream-shop/aSzaKhV-TiC3czXjPLLotA,longwood-florida
https://www.ubereats.com/orlando/food-delivery/marcos-pizza-1155-w-sr-434/PH8i612GQsKSCUmsIWcCzg,longwood-florida
https://www.ubereats.com/orlando/food-delivery/ihop-west-orlando/Kn5wJJbZT_WnxZma2J-77A,longwood-florida
https://www.ubereats.com/orlando/food-delivery/alexs-fresh-kitchen/VngCnuGOSSypzhX7c7pWUg,longwood-florida
https://www.ubereats.com/orlando/food-delivery/wendys-3880-flagg-lane/2mLpGwpzR8eGsjcQwDxwoA,longwood-florida
https://www.ubereats.com/orlando/food-delivery/cafe-perks-longwood/o7Eo9-LOTniSb6HbUpmPjw,longwood-florida
https://www.ubereats.com/orlando/food-delivery/another-broken-egg-920-international-parkway/3eRS-_MYS7mnD0zTzJtSKA,longwood-florida
https://www.ubereats.com/orlando/food-delivery/kona-poke/e-62ZZ9USAGTC6zCGGsApw,longwood-florida
https://www.ubereats.com/orlando/food-delivery/zora-grille-altamonte-springs/v_L2vOYDTieyYCS3xLPbzQ,longwood-florida
https://www.ubereats.com/orlando/food-delivery/pei-wei-355-e-altamonte-drive-%23100/BN-Rt_0bRNqzjZMIFIgGVw,longwood-florida
https://www.ubereats.com/orlando/food-delivery/hurricane-grill-%26-wings-apopka/WslQcq2RSZCx7cxXkHt9lQ,longwood-florida
https://www.ubereats.com/orlando/food-delivery/reys-cuban-cafe/ME36RqyCRACBSn9v7FiCzA,longwood-florida
https://www.ubereats.com/orlando/food-delivery/first-watch-maitland/FxlBo04zSjKCm4JuQvBbrw,longwood-florida
https://www.ubereats.com/orlando/food-delivery/little-oasis/YX69GhYKSgOswLtTzWAJhg,longwood-florida
https://www.ubereats.com/orlando/food-delivery/ruths-chris-steak-house-80-colonial-center-parkway/kaue0cWZT9uXMCQKPaUIeQ,longwood-florida
https://www.ubereats.com/orlando/food-delivery/taqueria-el-gordo-authentic-mexican-food/ZLMrgj95TrWD9GIRk5yMlw,longwood-florida
https://www.ubereats.com/orlando/food-delivery/las-americas-grocery-and-deli/IGvR3_goSamoqQjB2QFPHQ,longwood-florida
https://www.ubereats.com/orlando/food-delivery/little-greek-fresh-grill-winter-park/2aIaHDQlT7OJ3-24GZrA7g,longwood-florida
https://www.ubereats.com/orlando/food-delivery/zaxbys-6503-university-blvd/ld4WxefrQKSPlIGEsJrsJw,longwood-florida
https://www.ubereats.com/orlando/food-delivery/kfc-349-semoran-boulevard/l14rfnkRQ1Wvdz1r8QzZDw,longwood-florida
https://www.ubereats.com/orlando/food-delivery/ny-pizza-baby-winter-park/wBptWaRJQBKOv9n5_jlxSg,longwood-florida
https://www.ubereats.com/orlando/food-delivery/aladdins-cafe/m0zo0cSuRIe3h51-5TT-ng,longwood-florida
https://www.ubereats.com/orlando/food-delivery/f%26d-cantina-lake-mary/HUfNWBXjQvyyIZer3JxSBg,longwood-florida
https://www.ubereats.com/orlando/food-delivery/little-greek-altamonte-springs/QpCYduXXRtm_91xNhEaDdQ,longwood-florida
https://www.ubereats.com/orlando/food-delivery/qdoba-mexican-eats-altamonte-springs/Lu30aknGSLyF87kV8DENfg,longwood-florida
https://www.ubereats.com/orlando/food-delivery/%2333740-subway-150-cranes-roost-blvd/_dafnShwSSWdJi8ZYM1DmQ,longwood-florida
https://www.ubereats.com/orlando/food-delivery/winghouse-of-sanford/hO7DGkTNRb-9F8mG8cDi9A,longwood-florida
https://www.ubereats.com/orlando/food-delivery/starbucks-us-441-%26-hiawassee-rd/INW9Y7x6TYOOFtpn3aXT_A,longwood-florida
https://www.ubereats.com/orlando/food-delivery/mooyah-burgers-1700-mall-boulevard/kQRFNXatROqfVkG_bHuXHQ,longwood-florida
https://www.ubereats.com/orlando/food-delivery/krazy-greek-kitchen/y5wQ2EkBR6a18BkE0HCiDA,longwood-florida
https://www.ubereats.com/orlando/food-delivery/bubbalous-bbq-altamonte-springs/MUZCotFbRJWwA6x1b-GbOw,longwood-florida
https://www.ubereats.com/orlando/food-delivery/pollo-tropical-1401-sr-436/v0QrvelOQHSfh7klwmbCag,longwood-florida
https://www.ubereats.com/orlando/food-delivery/firehouse-subs-sanford/WsY6n7bSR92CPvuiCixHCQ,longwood-florida
https://www.ubereats.com/orlando/food-delivery/ipho-noodle-house-lake-mary/ivATvWNQSkmXZNWqRuYg1A,longwood-florida
https://www.ubereats.com/orlando/food-delivery/jersey-mikes-s-state-rd-434-%26-gateway-dr/WWuyjJWdSe2bxbaXzHMLfA,longwood-florida
https://www.ubereats.com/orlando/food-delivery/burger-king-301-towne-center-boulevard/84rzodYPQrWCJJ732tk3ig,longwood-florida
https://www.ubereats.com/orlando/food-delivery/chilangos/xIIjMO47ThSckpHFVBPIag,longwood-florida
https://www.ubereats.com/orlando/food-delivery/papa-johns-675-north-orlando-avenue/hhTW93NATse_Yh9flD8lHQ,longwood-florida
https://www.ubereats.com/orlando/food-delivery/steak-n-shake-443-n-semoran-blvd/mDLlsUn8TDuc4ALI2xNTdw,longwood-florida
https://www.ubereats.com/orlando/food-delivery/mikeys-dog-house/RgsZu9kAQ9yo38h4VvUlpg,longwood-florida
https://www.ubereats.com/orlando/food-delivery/outback-steakhouse-990-north-state-road-434/zip94P2qR86mvdkMK188Bw,longwood-florida
https://www.ubereats.com/orlando/food-delivery/liam-fitzpatricks-irish-restaurant-%26-pub/_6nrvgdGT_W5Psn9VSVq_Q,longwood-florida
https://www.ubereats.com/orlando/food-delivery/kekes-breakfast-cafe-longwood/jtiuTS_qQMek7PHgTnFRmQ,longwood-florida
https://www.ubereats.com/orlando/food-delivery/papa-sabz/J7o56OmvR6O05p5gdGw_eA,longwood-florida
https://www.ubereats.com/orlando/food-delivery/dunkin-801-w-state-road-434/CZh9uad3RmyPU1JWT2piZw,longwood-florida
https://www.ubereats.com/orlando/food-delivery/zaxbys-apopka/6eAwEbuXTaisVMuXUdWaaQ,longwood-florida
https://www.ubereats.com/orlando/food-delivery/firehouse-subs-winter-springs/yJx808MHRFiybbyolcE3uQ,longwood-florida
https://www.ubereats.com/orlando/food-delivery/kumo-asian-kitchen/TE446IhDRAqeIyzIpDs18Q,longwood-florida
https://www.ubereats.com/orlando/food-delivery/boku-sushi-%26-grill/6vA7oD5sQ46WyZnA4frFHw,longwood-florida
https://www.ubereats.com/orlando/food-delivery/tibbys-new-orleans-kitchen-winter-park/MhknbfMJQt221KMPLQL06g,longwood-florida
https://www.ubereats.com/orlando/food-delivery/skibos-subs/0Y6ZY3o3RlW9V-mkujYVzw,longwood-florida
https://www.ubereats.com/orlando/food-delivery/wing-squad-maitland/jyDThNIPThW50Oh4eec1pw,longwood-florida
https://www.ubereats.com/orlando/food-delivery/oz-asian/SOtMLzBvQfOVD0sCPjU6LA,longwood-florida
https://www.ubereats.com/orlando/food-delivery/kekes-breakfast-cafe-sanford/o76RVFCvQAmarlslCel4Jg,longwood-florida
https://www.ubereats.com/orlando/food-delivery/tijuana-flats-winter-springs/gjEmMX4QTEWO8n8ZFZl8yA,longwood-florida
https://www.ubereats.com/orlando/food-delivery/kobe-japanese-steakhouse-%26-sushi-bar-altamonte-springs/oW7ZjJbATBOR4BRqST5V5A,longwood-florida
https://www.ubereats.com/orlando/food-delivery/407-gelato/IjRqTuWuTveMCUufbNXioA,longwood-florida
https://www.ubereats.com/orlando/food-delivery/huey-magoos-chicken-tenders-altamonte-springs/pEfgXjE5TVSZh7-gQU4DEw,longwood-florida
https://www.ubereats.com/orlando/food-delivery/ny-best-pizza/wY6QLQ0ES_SenkQsUNlzLw,longwood-florida
https://www.ubereats.com/orlando/food-delivery/dexters-lake-mary/XW4I5kS3Qa6qHc8_qQcA-A,longwood-florida
https://www.ubereats.com/orlando/food-delivery/light-on-the-sugar/M9XNU6jJRZerDsJeNLwSaw,longwood-florida
https://www.ubereats.com/orlando/food-delivery/friendlys-new-york-style-pizza/LK1QQ6sVRNyhP2xLJHp7IQ,longwood-florida
https://www.ubereats.com/orlando/food-delivery/froggers-grill-%26-bar-oviedo/ucjWp7SuQqeRIVVkvGN3gg,longwood-florida
https://www.ubereats.com/orlando/food-delivery/burger-king-301-n-highway-17-92/qkllAFDLS-uGTDd0sB51oQ,longwood-florida
https://www.ubereats.com/orlando/food-delivery/hungry-howies-sanford/2mDkijfESmibV-vHShA2jA,longwood-florida
https://www.ubereats.com/orlando/food-delivery/mykonos-authentic-greek-cuisine/4AZ5h2d-QuG-0O-jIzsvLg,longwood-florida
https://www.ubereats.com/orlando/food-delivery/terramia-ristorante/MMX4A1kjTkCATsvEzdwOpw,longwood-florida
https://www.ubereats.com/orlando/food-delivery/mcdonalds-lakemont/05z8bJoFT3a5MqYmm48P8g,longwood-florida
https://www.ubereats.com/orlando/food-delivery/pickles-new-york/Ga7JFLl4Qk6Web0C8eZ4vA,longwood-florida
https://www.ubereats.com/orlando/food-delivery/burgerfi-oviedo/9af0kJsHR7W2Lce5wtFUEw,longwood-florida
https://www.ubereats.com/orlando/food-delivery/huey-magoos-chicken-tenders-winter-springs/iSaf7GbfSyeg38N0W8rjKA,longwood-florida
https://www.ubereats.com/orlando/food-delivery/firehouse-subs-3309-e-sr-436/bwSjMy7xQXCcrKl8S7M2og,longwood-florida
https://www.ubereats.com/orlando/food-delivery/something-fishy/H2zKWF6wTxWQfLA9XaIv4A,longwood-florida
https://www.ubereats.com/orlando/food-delivery/4-rivers-smokehouse-longwood/IXXhVi_LTlCJmzo9--peiQ,longwood-florida
https://www.ubereats.com/orlando/food-delivery/chipotle-mexican-grill-400-w-state-road-436/VUvi_PlhQUyXus3pP4lPnw,longwood-florida
https://www.ubereats.com/orlando/food-delivery/china-king-lake-mary/2JcbKPZtSHGnnEKlYGRh6Q,longwood-florida
https://www.ubereats.com/orlando/food-delivery/boston-market-4335-w-lake-mary-blvd/ra7lFAiLRfSXxXotA9R18A,longwood-florida
https://www.ubereats.com/orlando/food-delivery/quickly-bistro-%26-boba/cgaUvROMS4GDL0QuZ3IPSw,longwood-florida
https://www.ubereats.com/orlando/food-delivery/tin-%26-taco-international-pkwy/sz43msSBRt-SfjyyrfyY4Q,longwood-florida
https://www.ubereats.com/orlando/food-delivery/wako-taco-longwood/BvbQqe2GTZ-oyJLOnnoi2Q,longwood-florida
https://www.ubereats.com/orlando/food-delivery/kfc-3601-s-orlando-dr/iMkNg9VkShOaUqsbmhNd4g,longwood-florida
https://www.ubereats.com/orlando/food-delivery/nicks-pizza/bZK0jP2fSkSiXFKhb5LmpA,longwood-florida
https://www.ubereats.com/orlando/food-delivery/frozen-nitrogen-ice-cream-lake-mary/P412F6d4RtC5dP8oawZbwA,longwood-florida
https://www.ubereats.com/orlando/food-delivery/arcade-monsters/9Ufyoj22Qqa6hJiYZ5EH7w,longwood-florida
https://www.ubereats.com/orlando/food-delivery/reggae-riddim-jamaican-restaurant/1bGtqxFvSXiWIvSM_inQNw,longwood-florida
https://www.ubereats.com/orlando/food-delivery/firehouse-subs-lake-mary/wqR6Z88ZRY-_18G2H7H7pA,longwood-florida
https://www.ubereats.com/orlando/food-delivery/chiantis-pizza-%26-pasta-longwood/_KytlMRiT36E3-OoqQoG_w,longwood-florida
https://www.ubereats.com/orlando/food-delivery/wawa-5218-4660-w-sr-46/BCMOyrM2QDqbNjynXhyHTQ,longwood-florida
https://www.ubereats.com/orlando/food-delivery/polskis-polish-restaurant/ibS6YAwRTq2PpnfC8g3mXw,longwood-florida
https://www.ubereats.com/orlando/food-delivery/new-york-deli/O_fPBA_TQqmv6dn32TW5PA,longwood-florida
https://www.ubereats.com/orlando/food-delivery/tijuana-flats-apopka/riHS-rw9SPqUGY5aMVE0Yg,longwood-florida
https://www.ubereats.com/orlando/food-delivery/hot-asian-buns/2e92CwL0TbWvVyx6P6xu_w,longwood-florida
https://www.ubereats.com/orlando/food-delivery/mediterranean-gourmet/mWECIJtKQYaVzgU7jHtZYg,longwood-florida
https://www.ubereats.com/orlando/food-delivery/racks-sports-bar-and-grill/3mzv3Z7_Sm2RquwFaADUSg,longwood-florida
https://www.ubereats.com/orlando/food-delivery/bellas-italian-restaurant-%26-pizzeria/eEaifshgRuOJu_6ymRuQmg,longwood-florida
https://www.ubereats.com/orlando/food-delivery/le-macaron-lake-mary/0xayrAzMSlK9E4WegpO4XQ,longwood-florida
https://www.ubereats.com/orlando/food-delivery/arbys-1305-tuskawilla-rd/LAp1NtDgSku-PVYfHovGJw,longwood-florida
https://www.ubereats.com/orlando/food-delivery/taco-bell-126-s-ronald-reagan-blvd/YNsI3SPIRwmZraxXE1eM2Q,longwood-florida
https://www.ubereats.com/orlando/food-delivery/the-foundry/3qFETkJWTHGEmJ2dqWzBYw,longwood-florida
https://www.ubereats.com/orlando/food-delivery/u-roll-express-altamonte-dr/4jb9kC5pSmuWPaXt_xtdEg,longwood-florida
https://www.ubereats.com/orlando/food-delivery/thai-cuisine-restaurant/CP8z86IMQ0eWdRCr-wFACA,longwood-florida
https://www.ubereats.com/orlando/food-delivery/the-original-christos/otsx-QSpQHajVAWwo5XUJA,longwood-florida
https://www.ubereats.com/orlando/food-delivery/china-wok-sanford/6RPqrsrCTCi5n9YAnTXPUQ,longwood-florida
https://www.ubereats.com/orlando/food-delivery/starbucks-bear-lake-rd-%26-sr-436/NQ8boyuoSUu_ITCRL32rvQ,longwood-florida
https://www.ubereats.com/orlando/food-delivery/peruvian-cuisine-to-go!/YPxVThkZQm6szZCOdBDOCw,longwood-florida
https://www.ubereats.com/orlando/food-delivery/bjs-restaurant-and-brewhouse-8285-red-bug-lake-road/zvJG4hY5Sh-ow1-qpRKqaw,longwood-florida
https://www.ubereats.com/orlando/food-delivery/the-local-bar-%26-grill/2qUQIJZVRjGrcxy80L2bzw,longwood-florida
https://www.ubereats.com/orlando/food-delivery/wawa-5186-1390-e-altamonte-dr/RZxlonLgS0mRgmL_9879AQ,longwood-florida
https://www.ubereats.com/orlando/food-delivery/jersey-mikes-e-altamonte-dr-%26-golf-dr/XRPcicPVTwizCRHoyK4QNQ,longwood-florida
https://www.ubereats.com/orlando/food-delivery/flippers-pizzeria-lake-mary/jevS20WXS2GOxwtdBz7Dpg,longwood-florida
https://www.ubereats.com/orlando/food-delivery/barbeque-bbq-boyz/ILCwWrKhRLq7OhfzuL3lLQ,longwood-florida
https://www.ubereats.com/orlando/food-delivery/burger-king-3010-semoran-boulevard/6g5DatnpRCSjVTkBthjb0Q,longwood-florida
https://www.ubereats.com/orlando/food-delivery/ipho-2-noodle-house-maitland/TjOXcRMTQsuOrBr6spZ06w,longwood-florida
https://www.ubereats.com/orlando/food-delivery/izziban-sushi-%26-bbq-e-colonial-dr/Ohu5UAxbSXCyo-cgURFi1w,longwood-florida
https://www.ubereats.com/orlando/food-delivery/wendys-601-executive-park-court/1D96jj_mSlOveyLYiMOTNg,longwood-florida
https://www.ubereats.com/orlando/food-delivery/el-potro-mexican-restaurant/xMpA-2p-S_y9RVqveYFKTQ,longwood-florida
https://www.ubereats.com/orlando/food-delivery/dennys-255-e-altamonte-dr/4LebYplJQT2vMvT0FxhZyA,longwood-florida
https://www.ubereats.com/orlando/food-delivery/los-portales-restaurant/b9NlhVVZRTOX49RelGE3XQ,longwood-florida
https://www.ubereats.com/orlando/food-delivery/pdq-sanford/ZtNgWcwcQ7uph50liyBCcg,longwood-florida
https://www.ubereats.com/orlando/food-delivery/chipotle-mexican-grill-1805-wp-ball-blvd/cv3IS6MlQ5e4iNX5lffUOQ,longwood-florida
https://www.ubereats.com/orlando/food-delivery/hurricane-grill-%26-wings-longwood/Jq5yoBF5QmCJzWvkbdAnyg,longwood-florida
https://www.ubereats.com/orlando/food-delivery/sonic-4887-155-e-state-rd-434/qS8m2NKWRGCAK6W10ga90Q,longwood-florida
https://www.ubereats.com/orlando/food-delivery/wendys-500-s-us-hwy-17-92/QeAcfAdDTv205q4HxknyPg,longwood-florida
https://www.ubereats.com/orlando/food-delivery/rachels-steakhouse/GCKbxZ9zRquZyhB7m5uMsA,longwood-florida
https://www.ubereats.com/orlando/food-delivery/beths-burger-bar/bnt7TIbUSFiEDN5u51V9sQ,longwood-florida
https://www.ubereats.com/orlando/food-delivery/%237773-subway-380-s-state-rd-434/qZh0ahOdQxG-VQXja_TuMA,longwood-florida
https://www.ubereats.com/orlando/food-delivery/wawa-5112-1615-s-orange-blossom-trail/_MT9E4TKT_OgXbfU6WThuw,longwood-florida
https://www.ubereats.com/orlando/food-delivery/checkers-7551-s-17-92-highway/lus33IZDROKQ4qEdemn6gQ,longwood-florida
https://www.ubereats.com/orlando/food-delivery/the-original-brooklyn-water-bagel-co-lake-mary/w_zy4VJjSj6jIH1cPold1g,longwood-florida
https://www.ubereats.com/orlando/food-delivery/back-room-steakhouse-apopka/HBHavJt1TxS00zUq1Ps9_w,longwood-florida
https://www.ubereats.com/orlando/food-delivery/the-fat-lamb/ItpbJL-GRziDnR3Bg-tuLQ,longwood-florida
https://www.ubereats.com/orlando/food-delivery/tijuana-flats-lake-mary/liUQymkMSyyigkqSdQE_PQ,longwood-florida
https://www.ubereats.com/orlando/food-delivery/taco-bell-451-altamonte-avenue/eir-hJPmS_WAh8Awzy3lFQ,longwood-florida
https://www.ubereats.com/orlando/food-delivery/qdoba-mexican-eats-lake-mary-blvd/9pXs78vjRiOZ16uLZCtUFQ,longwood-florida
https://www.ubereats.com/orlando/food-delivery/taco-bell-495-w-state-rd-436/QVC2Nk9hSJSy40OGOUEA4Q,longwood-florida
https://www.ubereats.com/orlando/food-delivery/sausage-shack/pqVlOdgjQOO-lLL9hLq3Wg,longwood-florida
https://www.ubereats.com/orlando/food-delivery/san-miguel-mexican-grill/F9AJI-FKSCy17_Fjr6aMAw,longwood-florida
https://www.ubereats.com/orlando/food-delivery/bobacakes-cafe/lpzrFcexToqzOXEpzq_ndA,longwood-florida
https://www.ubereats.com/orlando/food-delivery/asian-bowl/7lNBVIEeRWuUmAg1lDrDZQ,longwood-florida
https://www.ubereats.com/orlando/food-delivery/jimmy-hulas-lake-mary/G1GN2HUlQdefCjttFQDz1g,longwood-florida
https://www.ubereats.com/orlando/food-delivery/panaderia-la-mexicana/55tJmDK7TrG7mGWh_x9uag,longwood-florida
https://www.ubereats.com/orlando/food-delivery/hungry-howies-winter-park/87ztALDAR4aWhRv4TTTkOA,longwood-florida
https://www.ubereats.com/orlando/food-delivery/chic-n-gyro/I4fatYv0Q7W_v2kBkI6yFg,longwood-florida
https://www.ubereats.com/orlando/food-delivery/starbucks-international-pkwy-%26-heathrow-park/FEsixrHAT2-qHQoOindfbg,longwood-florida
https://www.ubereats.com/orlando/food-delivery/byblos-mediterranean-kitchen/MQnPNl2qQm6-2c6Xs__pTQ,longwood-florida
https://www.ubereats.com/orlando/food-delivery/firehouse-subs-longwood/fQV4_Tg5QIGYzbFVxFqZrw,longwood-florida
https://www.ubereats.com/orlando/food-delivery/island-fin-poke/3-v3hbi7TkKWkSaBRUZp-Q,longwood-florida
https://www.ubereats.com/orlando/food-delivery/ichigo-ichie-buffet-sanford/Hl6eEgV5SpCzB5t6o2R5MQ,longwood-florida
https://www.ubereats.com/orlando/food-delivery/tijuana-flats-hunt-club/KxuKr2glR5eewod65eQ5og,longwood-florida
https://www.ubereats.com/orlando/food-delivery/pasquallys-pizza-%26-wings-541-w-hwy-436/Dxw_-I5FQ56hI24Ammyzug,longwood-florida
https://www.ubereats.com/orlando/food-delivery/maitland-breakfast-club/yP5Bw616RNW44UDbvPkpHg,longwood-florida
https://www.ubereats.com/orlando/food-delivery/bento-asian-kitchen-%2B-sushi-orlando-ave/DYTJkK66SUCI3bq8tyBiGg,longwood-florida
https://www.ubereats.com/orlando/food-delivery/jeremiahs-italian-ice-winter-park/ComirthAQb2ZjAH3kXaJEA,longwood-florida
https://www.ubereats.com/orlando/food-delivery/kyoto-sushi-%26-grill-oviedo/Z-Bo3Td9Q0S8I23NdMvshw,longwood-florida
https://www.ubereats.com/orlando/food-delivery/taco-bell-690-s-orlando-ave/u1x4uBT4R0u3jYVWc_rB2w,longwood-florida
https://www.ubereats.com/orlando/food-delivery/kobe-japanese-steakhouse-longwood/jg2VTquUTsyT391VHjR7FQ,longwood-florida
https://www.ubereats.com/orlando/food-delivery/krystal-6655-us-highway-17-%26-92/BECRrXUVSxCLjlw9mK75FQ,longwood-florida
https://www.ubereats.com/orlando/food-delivery/chipotle-mexican-grill-4315-w-lake-mary-blvd/MrlQQhIxQ4KKcbh8oahwaQ,longwood-florida
https://www.ubereats.com/orlando/food-delivery/starbucks-sr-436-%26-us-17-92/iiq_E7yuTv-pxo2dKh4CXQ,longwood-florida
https://www.ubereats.com/orlando/food-delivery/tijuana-flats-aloma/wZ5_F1-1Q8atWFjzwtYfSA,longwood-florida
https://www.ubereats.com/orlando/food-delivery/china-star-lake-mary/2FXSFaO_SECJsbw5C7gBQw,longwood-florida
https://www.ubereats.com/orlando/food-delivery/delicioso-restaurant/Bxvy5J89S8KpiJxU3I5vrA,longwood-florida
https://www.ubereats.com/orlando/food-delivery/hummus-house-winter-park/_U0eD9DLQISjT4M76G-6SA,longwood-florida
https://www.ubereats.com/orlando/food-delivery/rock-and-brews-oviedo/WSlbkjz9Q5iL-CJps1DYsg,longwood-florida
https://www.ubereats.com/orlando/food-delivery/planet-smoothie-3990-west-lake-mary-blvd/t31l9KICQQat8oPzQwZFaA,longwood-florida
https://www.ubereats.com/orlando/food-delivery/the-sugar-sow/I2Vs9U75QPGE7XcluYoCGg,longwood-florida
https://www.ubereats.com/orlando/food-delivery/gators-dockside-winter-springs/1LCeaLpeTIeWpNWaoGaeDw,longwood-florida
https://www.ubereats.com/orlando/food-delivery/dennys-351-e-main-st/mVoG-EVMRhWwod8Q-8_2zg,longwood-florida
https://www.ubereats.com/orlando/food-delivery/grato-italian-grill-%26-pizzeria/E5z-bYK3RJOmaa-3C7zSqA,longwood-florida
https://www.ubereats.com/orlando/food-delivery/%2311556-subway-1241-%26-1271-semoran-blvd/eDKFCv9bT4uqvje8O-h1cQ,longwood-florida
https://www.ubereats.com/orlando/food-delivery/stonewood-tavern-%26-grill-heathrow/8_D_Pra2SRW36FoPHwMwGw,longwood-florida
https://www.ubereats.com/orlando/food-delivery/romanos-macaroni-grill-oviedo/RX-GVkBKQhaPf1RGGIPeDA,longwood-florida
https://www.ubereats.com/orlando/food-delivery/chipotle-mexican-grill-103-state-road-436/QhTaVNQDSve2O_WBlbZzYA,longwood-florida
https://www.ubereats.com/orlando/food-delivery/buffalo-wild-wings-900-state-road-436/5nFX6Pd2SPm1I_CsORrVww,longwood-florida
https://www.ubereats.com/orlando/food-delivery/papa-joes-pizza-lake-mary/i9WQdBdsRZuM-9go3F_wSA,longwood-florida
https://www.ubereats.com/orlando/food-delivery/sourdough-bread-house/bz9QBVLhRLeq-9lqrvq46A,longwood-florida
https://www.ubereats.com/orlando/food-delivery/zoes-kitchen-901-currency-circle-suite-1081/hlMiFpUnTUaJrx7yLq3w0g,longwood-florida
https://www.ubereats.com/orlando/food-delivery/pollo-tropical-8301-red-bug-lake-rd/P3agVidgQ86LJ7OjAJ6KYg,longwood-florida
https://www.ubereats.com/orlando/food-delivery/sonnys-bbq-apopka/A7LYHTieS_WD7Tmeq4JWrg,longwood-florida
https://www.ubereats.com/orlando/food-delivery/the-pass-progressve-cuisine/0YYlC2tbQfa-fxTI8rZtzA,longwood-florida
https://www.ubereats.com/orlando/food-delivery/anthonys-ny-pizza/L9qJl8P9RECv76emdF7MFA,longwood-florida
https://www.ubereats.com/orlando/food-delivery/paradise-world-foods-%26-smoothies/ptCdYWXZSDWmYJCoPyEq4w,longwood-florida
https://www.ubereats.com/orlando/food-delivery/sakari-sushi-winter-park/u-WJVvYmSQGae2SKW5MJ3Q,longwood-florida
https://www.ubereats.com/orlando/food-delivery/dunkin-653-e-altamonte-dr/mzEuiGX9RV6LiVPyGX2zGQ,longwood-florida
https://www.ubereats.com/orlando/food-delivery/the-seafood-station/tmi_of9tSIyy2FzwBrVshw,longwood-florida
https://www.ubereats.com/orlando/food-delivery/kings-wok/K7aqBnkDS8yzGqK9l_21iQ,longwood-florida
https://www.ubereats.com/orlando/food-delivery/huey-magoos-chicken-tenders-apopka/B5c30vuPSQ2ld82NhaBptQ,longwood-florida
https://www.ubereats.com/orlando/food-delivery/the-crepes-hub/Rpc7pNuZR1qN5ByKPVkWFQ,longwood-florida
https://www.ubereats.com/orlando/food-delivery/maya-rosa-food-truck/EWm1lZTFQ0qYgtaP597rWw,longwood-florida
https://www.ubereats.com/orlando/food-delivery/perkins-restaurant-altamonte-springs/Z8pGKOI8QPCOlwwU5Z6mWw,longwood-florida
https://www.ubereats.com/orlando/food-delivery/popeyes-louisiana-kitchen-6151-north-orange-blossom-trail/7DUPA0uhSimMimC1ER1Xxg,longwood-florida
https://www.ubereats.com/orlando/food-delivery/pizza-hut-2002-s-french-ave/c6Fdra8iQlC5p_-A1TQ53g,longwood-florida
https://www.ubereats.com/orlando/food-delivery/rossellinis-heathrow/ErdImI9UTmKTq6VtHQC1_w,longwood-florida
https://www.ubereats.com/orlando/food-delivery/papa-joes-pizza-heathrow/Ot9mTPYRTO6XAsVa5kOMVA,longwood-florida
https://www.ubereats.com/orlando/food-delivery/churchs-chicken-2561-french-avenue/4vnKzkLEQSueVAQ1Tzl50A,longwood-florida
https://www.ubereats.com/orlando/food-delivery/pizza-hut-130-n-winter-park-drive/vlEKLTxjSKKCmPvro-p8Tw,longwood-florida
https://www.ubereats.com/orlando/food-delivery/bagel-king-casselberry/lTeFPgUGQr-p2kYMmhv1WA,longwood-florida
https://www.ubereats.com/orlando/food-delivery/chao-cajun-altamonte-springs/dKgqJjYhRXS21IQyubeSqg,longwood-florida
https://www.ubereats.com/orlando/food-delivery/twin-peaks-restaurant-227-w-state-road-436/A-e9o1IGQmqDEna_xoJ27Q,longwood-florida
https://www.ubereats.com/orlando/food-delivery/steak-n-shake-8115-red-bug-lake-road/NGp-ZBEwT3GPcEOFhVQ_Qg,longwood-florida
https://www.ubereats.com/orlando/food-delivery/steak-n-shake-1680-s-orange-blossomtrail/EaJtWuIRQHuLZGbkeuGmow,longwood-florida
https://www.ubereats.com/orlando/food-delivery/mcdonalds-900-w-state-route-434/QPBctp4ITXGPtNeP6FmDZQ,longwood-florida
https://www.ubereats.com/orlando/food-delivery/taqueria-el-maguey-llc/xi1h8mmpSuacUvo2wxtL9A,longwood-florida
https://www.ubereats.com/orlando/food-delivery/wingsandribsaf-aloma/tImoDAWWSDy8hSECuQ6B2A,longwood-florida
https://www.ubereats.com/orlando/food-delivery/mediterranean-gourmet-oviedo/H1BTeo_2SLOWJP3YHP82Bw,longwood-florida
https://www.ubereats.com/orlando/food-delivery/tropical-smoothie-cafe-lake-mary/vbjoR42bS1OeQsFDL9PgIg,longwood-florida
https://www.ubereats.com/orlando/food-delivery/orange-county-brewers/_ZTUf6llRryqPfw97yESrA,longwood-florida
https://www.ubereats.com/orlando/food-delivery/taco-bell-4460-s-highway-17-92/wlCx5wBpTUuvJl3OXMr6Ig,longwood-florida
https://www.ubereats.com/orlando/food-delivery/shanghai-lake-mary/gMDRBR68Q4q-w_7NxM1dxA,longwood-florida
https://www.ubereats.com/orlando/food-delivery/4r-cantina/qj-5tb7oRGGKHsmIw-38sg,longwood-florida
https://www.ubereats.com/orlando/food-delivery/pizzeria-valdiano-winter-park/1TH9rGuHRAupPFC6zv2pIg,longwood-florida
