url,city
https://www.ubereats.com/louisville/food-delivery/the-comfy-cow-westport-village/7a-4zdCIT9GQhr9-wLRvig,louisville
https://www.ubereats.com/louisville/food-delivery/havana-rumba-middletown/Zj4IPdOURPesnyOt5O4AVA,louisville
https://www.ubereats.com/louisville/food-delivery/superior-market-%26-deli-inc/HfctNXgZQe-R3sbl6ZhzGw,louisville
https://www.ubereats.com/louisville/food-delivery/frischs-big-boy-1710-lincoln-ave/g2NwAtt-TlazvigJoLMl5Q,louisville
https://www.ubereats.com/louisville/food-delivery/taco-bell-1801-south-brook-street/Lb-RVY85S7eMdCW9KYOSgw,louisville
https://www.ubereats.com/louisville/food-delivery/rallys-3290-bardstown-road/RX9QuQKMRxmt5N5-A_kBdw,louisville
https://www.ubereats.com/louisville/food-delivery/rallys-2350-state-street/uYj4xndqRF-yLU7cRKQ7SQ,louisville
https://www.ubereats.com/louisville/food-delivery/mcalisters-deli-2721-south-hurstbourne-parkway/dGoUXvDUT2CDBf1rMOX3sQ,louisville
https://www.ubereats.com/louisville/food-delivery/taco-bell-4304-outer-loop/o8b_Xua_R92SIPHbL_05ag,louisville
https://www.ubereats.com/louisville/food-delivery/taco-bell-4643-dixie-hwy/ANZEY7meR1ya1e5rstRgPA,louisville
https://www.ubereats.com/louisville/food-delivery/hardees-2909-fern-valley-road/mtrSjFphSIGajLN2_fdwNw,louisville
https://www.ubereats.com/louisville/food-delivery/noodles-%26-company-1225-south-hurstborne-parkway/nbOhw-qURW-ViX-5kE6r6Q,louisville
https://www.ubereats.com/louisville/food-delivery/equus-and-jacks-lounge/GtBo22L5ShqX-e4Itf9RUw,louisville
https://www.ubereats.com/louisville/food-delivery/sbar/7w3hKF9HRZ6Ohn_vdNw7ZA,louisville
https://www.ubereats.com/louisville/food-delivery/mcdonalds-eastern-%26-louis-and-clark/MKJRSqqYSKqKQHtfcsGiuQ,louisville
https://www.ubereats.com/louisville/food-delivery/qdoba-3021-poplar-level-rd/bhlmrThDQEq0aNXtVXtHSQ,louisville
https://www.ubereats.com/louisville/food-delivery/bob-evans-437-11800-standiford-plaza-drive/6VKk2q-USCKgdNd-03_FuQ,louisville
https://www.ubereats.com/louisville/food-delivery/white-castle-1701-e-spring-st/RnYkT-AyRPixBg7qm1n6RQ,louisville
https://www.ubereats.com/louisville/food-delivery/indis-fast-food-restaurant/L8rVlulKSpapFBOXzaWXJg,louisville
https://www.ubereats.com/louisville/food-delivery/white-castle-4108-outer-loop/XN3tPsweSVebu2lBQ2tGUA,louisville
https://www.ubereats.com/louisville/food-delivery/against-the-grain-brewery-and-smokehouse/4VUZanoaT8-dgMHNP5SEVQ,louisville
https://www.ubereats.com/louisville/food-delivery/qdoba-6403-bardstown-rd/Dm8sUkzRRgaf94rOOhtSWg,louisville
https://www.ubereats.com/louisville/food-delivery/mcdonalds-market-%26-preston/4jznKl4FSdaDOj5Vu7fLsQ,louisville
https://www.ubereats.com/louisville/food-delivery/kathmandu-kitchen-and-bar/1ZnQgL9sRWKzt8Vj9Xs-Ow,louisville
https://www.ubereats.com/louisville/food-delivery/taco-bell-2801-w-broadway-ave/vTWIm_5eSxWrIozLJ3iyog,louisville
https://www.ubereats.com/louisville/food-delivery/ocharleys-4801-outer-loop/wYJ3DRMGTTiE8GdEb9fb4Q,louisville
https://www.ubereats.com/louisville/food-delivery/jets-pizza-6523-bardstown-rd/QgNPUojcSN2VmaSboaH5Qg,louisville
https://www.ubereats.com/louisville/food-delivery/cool-treats/lY3ej_mkSEyThAMnu2qmLA,louisville
https://www.ubereats.com/louisville/food-delivery/gigis-cupcakes-10538-fischer-park-dr/RsQq-3-uRfyaL1SSHqvh6Q,louisville
https://www.ubereats.com/louisville/food-delivery/mcdonalds-taylor-%26-clara/W3ondfKiR_K1g4flPiWr4w,louisville
https://www.ubereats.com/louisville/food-delivery/taco-bell-1805-blankenbaker-parkway/EF7UtOawQa26OSaXIxtCkg,louisville
https://www.ubereats.com/louisville/food-delivery/yummy-nosh/ZAy2XUnTQ7SozemLedKTCQ,louisville
https://www.ubereats.com/louisville/food-delivery/chuck-e-cheese-2030-s-hurstbourne-pkwy/jgjZrutmSQiUPnibDg7SwQ,louisville
https://www.ubereats.com/louisville/food-delivery/blaze-pizza-4118-summit-plaza-drive/Msvjb91ORO6HTqewtquqcw,louisville
https://www.ubereats.com/louisville/food-delivery/zaxbys-5025-mud-ln-louisville-ky-40229/y4vqVeoUTeO40SykzByDRQ,louisville
https://www.ubereats.com/louisville/food-delivery/mcdonalds-bardstown-%26-settlers-trace/p6TUaM8vQ_eZNmXZFFSG7A,louisville
https://www.ubereats.com/louisville/food-delivery/bravo-206-bullitt-lane/iL2NxHDPSmajZagI2qiL2g,louisville
https://www.ubereats.com/louisville/food-delivery/white-castle-793-eastern-pkwy/Z0kN01kpR_aV9wQfT2SWbA,louisville
https://www.ubereats.com/louisville/food-delivery/papa-murphys-6756-bardstown-road/vPYb1PSiR9eHESj9_Iib5A,louisville
https://www.ubereats.com/louisville/food-delivery/qdoba-1832-s-3rd-st/uj-8f_uNRGSypEaiUX2_gw,louisville
https://www.ubereats.com/louisville/food-delivery/derby-city-pizza-co-fairdale/dHDRul-LQUyPkYp28zDsrA,louisville
https://www.ubereats.com/louisville/food-delivery/burger-king-1820-blankenbaker-pkwy/aQu_-_XyRfK51SK48nthxQ,louisville
https://www.ubereats.com/louisville/food-delivery/yen-ching/NjJzxxFaR4q41rGvj19QJw,louisville
https://www.ubereats.com/louisville/food-delivery/wendys-978-breckenridge-lane/ncxEV5mlRS-Ux74U8YcMvg,louisville
https://www.ubereats.com/louisville/food-delivery/buckhead-mountain-grill-jeffersonville-in/LQ_Y3414Q9qh-PSpyra8Kw,louisville
https://www.ubereats.com/louisville/food-delivery/sakura-blue-louisville/clr1ewl0Sa2ADlOEA9V9Vw,louisville
https://www.ubereats.com/louisville/food-delivery/smashburger-312-s-fourth-st/LUVVUW7YTxen4_e-1sIV2Q,louisville
https://www.ubereats.com/louisville/food-delivery/popeyes-preston-%26-gilmore/jGo0IFLgTqCMmKuSgsc1_g,louisville
https://www.ubereats.com/louisville/food-delivery/bob-evans-51-9797-blairwood-road/N0GGKUmQQPqmugu8OjEseQ,louisville
https://www.ubereats.com/louisville/food-delivery/metro-diner-louisville/b2Oq0u8iQ9GHLikG-hMZkA,louisville
https://www.ubereats.com/louisville/food-delivery/dunkin-320-s-4th-st/WXqMRQFaQMqjOLcfp-ONcQ,louisville
https://www.ubereats.com/louisville/food-delivery/caribbean-cafe/bRgXVuP4QaK2cTE4ieDteA,louisville
https://www.ubereats.com/louisville/food-delivery/rallys-4401-cane-run-road/bbd__68CSqyCAfXY7Gw6eQ,louisville
https://www.ubereats.com/louisville/food-delivery/wendys-830-e-lewis-and-clark-pkwy/jkEKvaPwTnes964dH-fMRA,louisville
https://www.ubereats.com/louisville/food-delivery/zaxbys-2870-technology-ave/wt2P0_neT4uhiriQn3C7hg,louisville
https://www.ubereats.com/louisville/food-delivery/lennys-sub-shop-3942-taylorsville-rd/0am-rnCWRvOpXPJ6_XaN1g,louisville
https://www.ubereats.com/louisville/food-delivery/a%26w-restaurant-8315-peston/LwuBwXw5ROO9rv7IRtd5og,louisville
https://www.ubereats.com/louisville/food-delivery/liks-asian-latin-fusion/qOO0YCAFTlSjzf8l18UnuQ,louisville
https://www.ubereats.com/louisville/food-delivery/taco-bell-1069-bardstown-rd/nP_YN9uvSTqy8iDalnARfA,louisville
https://www.ubereats.com/louisville/food-delivery/d-nalleys/Ng_gt4b3QYWpyaT92pc2Cg,louisville
https://www.ubereats.com/louisville/food-delivery/starbucks-bardstown-%26-heather/rYRSXaclTj6XIHBs0JBXBQ,louisville
https://www.ubereats.com/louisville/food-delivery/shiraz-mediterranean-grill-bardstown/ubJABet6QGuTT8OrxwFnbg,louisville
https://www.ubereats.com/louisville/food-delivery/kfc-1117-eastern-blvd/5Ypo4d7_S_q95FEfpQIY6w,louisville
https://www.ubereats.com/louisville/food-delivery/rallys-8601-preston-highway/8uBauFVRSDaEH2SIr7PGjA,louisville
https://www.ubereats.com/louisville/food-delivery/arbys-801-talaina-pl/Io8AP8rDThyQHqwoFbQm1g,louisville
https://www.ubereats.com/louisville/food-delivery/king-gyros/_wDLdYBZSJW0CTDiGore_A,louisville
https://www.ubereats.com/louisville/food-delivery/taco-bell-1487-east-10th-street/7x0-zZ_CQ9mCTFpWP9BfOw,louisville
https://www.ubereats.com/louisville/food-delivery/buffalo-wild-wings-4600-shelbyville-road/cuv539DeS-ab_7PFnjB_ZA,louisville
https://www.ubereats.com/louisville/food-delivery/krispy-kreme-1575-veterans-parkway/Mi5-1Vq3RNCgqvE-hASA9A,louisville
https://www.ubereats.com/louisville/food-delivery/first-watch-2225-taylorsville-rd/EO4H2WZrTs2Bl-FUkyMoIg,louisville
https://www.ubereats.com/louisville/food-delivery/pizza-donisi/2gihVXzDQSyKd-xSpd81Ew,louisville
https://www.ubereats.com/louisville/food-delivery/white-castle-1922-s-7th-st/8egUfndpQmC1-OSmohvkSQ,louisville
https://www.ubereats.com/louisville/food-delivery/the-ice-cream-shop/hVY5oC86TWKfQvah656-Eg,louisville
https://www.ubereats.com/louisville/food-delivery/kfc-2945-breckenridge-lane/13H-UxfJSWa54isVnr4hlA,louisville
https://www.ubereats.com/louisville/food-delivery/mcalisters-deli-12911-shelbyville-road/kmnG_UO-TnSMwaF96C3PBA,louisville
https://www.ubereats.com/louisville/food-delivery/rallys-401-vincennes-street/G7A6R697T66YDrdu-LdvOA,louisville
https://www.ubereats.com/louisville/food-delivery/burger-king-1434-east-tenth-street/ndyva_zCT-qDVYp0OuOqEg,louisville
https://www.ubereats.com/louisville/food-delivery/hooties-burger-bar-941-e-highway-131/rqTD6LHyRLiKq0DTpXHnBA,louisville
https://www.ubereats.com/louisville/food-delivery/arbys-4975-shelbyville-rd/KcXMIzrxQumtDiE7ZkP70A,louisville
https://www.ubereats.com/louisville/food-delivery/cracker-barrel-old-country-store-10150-brookridge-village-blvd/OCWLW2WcRyiA0O8F_D-Shg,louisville
https://www.ubereats.com/louisville/food-delivery/shalimar-indian-restaurant/3CKLlF_FQT2dlIMqnMW5pQ,louisville
https://www.ubereats.com/louisville/food-delivery/wendys-4312-cane-run-rd/AFv2jf7QSpShoAXW1zcrxQ,louisville
https://www.ubereats.com/louisville/food-delivery/outback-steakhouse-8101-bardstown-road/45cBzzTsQ8OWq0YRS7Rl2w,louisville
https://www.ubereats.com/louisville/food-delivery/moes-southwest-grill-9310-cedar-center-way/q6mlA36eTaWvCutTCLlCrw,louisville
https://www.ubereats.com/louisville/food-delivery/mcdonalds-preston-%26-indian-trail/lqy3vvnlRAy6VWAgb82DpA,louisville
https://www.ubereats.com/louisville/food-delivery/green-district-salads/zJWsfuiNRCeve2XcGgWr8g,louisville
https://www.ubereats.com/louisville/food-delivery/taco-bell-6501-paramount-park-dr/q5rPsiNXQl2Qv6nzSEf6Lg,louisville
https://www.ubereats.com/louisville/food-delivery/dunkin-5201-preston-highway/zPMOA_lUQ6Cf_2MzpFBtAw,louisville
https://www.ubereats.com/louisville/food-delivery/oriental-palace/XKEaHUhuQ3GUY8G4l1HLgA,louisville
https://www.ubereats.com/louisville/food-delivery/panera-4923-outer-loop/qeV2_DYwQX-w1KLe1D_a6Q,louisville
https://www.ubereats.com/louisville/food-delivery/arbys-1203-hurstbourne-ln/gLyOYjItQ0K7f8-AG9I-lA,louisville
https://www.ubereats.com/louisville/food-delivery/sonic-3641-springhurst-blvd/yPtHouQhTPWK89QUM_uWVQ,louisville
https://www.ubereats.com/louisville/food-delivery/blaze-pizza-4600-shelbyville-road/-wSTVVoJQx2B2x7Y6IjjpA,louisville
https://www.ubereats.com/louisville/food-delivery/frischs-big-boy-6510-signature-dr/KHOpAx1ERp-gywCjFHL11w,louisville
https://www.ubereats.com/louisville/food-delivery/vis-a-vis-bar-and-grill/uHafrjn6Ri-NXdWaJngiqw,louisville
https://www.ubereats.com/louisville/food-delivery/burger-king-4620-s-hurstbourne-pkwy/xkRVgzVeQkefJB3xK6TWQA,louisville
https://www.ubereats.com/louisville/food-delivery/mcdonalds-taylorsville-%26-bardstown/URX34EtVTwetW6j9tv6aeg,louisville
https://www.ubereats.com/louisville/food-delivery/chipotle-mexican-grill-315-s-4th-st/V340BS3SS-qxEV7ESUn0Ew,louisville
https://www.ubereats.com/louisville/food-delivery/asian-pot/qrpXRf_zSXGKxRoT76loBA,louisville
https://www.ubereats.com/louisville/food-delivery/chicago-steak-and-lemonade/pvrIdpG3RnSfhYQnsXiLCg,louisville
https://www.ubereats.com/louisville/food-delivery/kfc-1835-old-preston-highway/AjHCYl1FS46UGIDzCjfdeA,louisville
https://www.ubereats.com/louisville/food-delivery/jets-pizza-hurstbourne-pkwy/lz80uHsxST2ovtik7kFFEA,louisville
https://www.ubereats.com/louisville/food-delivery/flos-house-of-soul/tYPRsvk2SuWU_vvm-hV13w,louisville
https://www.ubereats.com/louisville/food-delivery/kingfish-restaurant/SS0yy-2lSAylpZZ4qaldIQ,louisville
https://www.ubereats.com/louisville/food-delivery/north-lime-coffee-%26-donuts-s-7th-st/QJhJDitDTOCfl9dsL--PyQ,louisville
https://www.ubereats.com/louisville/food-delivery/pza-louisville/dNH_6V7zRVifKeFwfvzz_g,louisville
https://www.ubereats.com/louisville/food-delivery/fire-oven-pizza/8kfIcHTdRx-xmyBwjlYx0w,louisville
https://www.ubereats.com/louisville/food-delivery/krispy-krunchy-chicken-11401-westport-rd/ELGW_bVHRIq-w_ClTaCSFA,louisville
https://www.ubereats.com/louisville/food-delivery/bandido-taqueria-mexicana/QNFia_3jS1-rU1wIF94gNA,louisville
https://www.ubereats.com/louisville/food-delivery/moes-southwest-grill-4652-chamberlain-lane/VbjCQMmjR1-7L8mOy0UyGQ,louisville
https://www.ubereats.com/louisville/food-delivery/angies-home-cooking-family-restaurant/81RlRwcqSnOKyiWnGOVuQA,louisville
https://www.ubereats.com/louisville/food-delivery/wwcousins/PCB4bYrrQgulO71BCpA5Cg,louisville
https://www.ubereats.com/louisville/food-delivery/wendys-1108-bardstown_road/f_8uxK9ETSWj-cotIkLl7A,louisville
https://www.ubereats.com/louisville/food-delivery/game-restaurant/Rg_mkE6XStmtYeHoE9qWpg,louisville
https://www.ubereats.com/louisville/food-delivery/j-gumbos-highlands/Qv1Rsmo0S7GoICeWUcG11A,louisville
https://www.ubereats.com/louisville/food-delivery/dairy-del/nrWG3vLFSRywaaR5AjkHTA,louisville
https://www.ubereats.com/louisville/food-delivery/sams-seafood-%26-grill/qbhXtbu7Si6OOxJxXzDuIg,louisville
https://www.ubereats.com/louisville/food-delivery/kathmandu-kitchen-and-bar/cHu2gaM9SKaKB3KyW9O3hw,louisville
https://www.ubereats.com/louisville/food-delivery/five-guys-ky-0475-4116-summit-plaza-dr/1YFLulIHQeOkdiQKf00ywQ,louisville
https://www.ubereats.com/louisville/food-delivery/wendys-4029-poplar-level-rd/kRjm9K2ISACkwX8kYYbHYA,louisville
https://www.ubereats.com/louisville/food-delivery/jets-pizza-101-s-hubbards-ln/yhQKg6YBR5aFkIaVBS0zqA,louisville
https://www.ubereats.com/louisville/food-delivery/jasmine-asian-bistro/vL5ecbWOSTOJ-QwDfT1EMw,louisville
https://www.ubereats.com/louisville/food-delivery/outback-steakhouse-1209-veterans-pkwy/DYSUwHbJR7OotTO-VXML-g,louisville
https://www.ubereats.com/louisville/food-delivery/white-castle-2350-greene-way/gi-00bIfQj6V_R2qjndm4Q,louisville
https://www.ubereats.com/louisville/food-delivery/panda-express-1232-s-hurstbourne-pkwy/vTvSG2nMTeSx7N8dymYssA,louisville
https://www.ubereats.com/louisville/food-delivery/galans-meat-market-%26-deli/IRTQayrvS0mBKlkkh5CXGA,louisville
https://www.ubereats.com/louisville/food-delivery/qdoba-1500-bardstown-rd/aKX9EIl9QH6bmUasts6L-w,louisville
https://www.ubereats.com/louisville/food-delivery/beef-o-bradys-3101-s-2nd-st/rktT8qBnQZembNTLgqbiFg,louisville
https://www.ubereats.com/louisville/food-delivery/arbys-2804-crittenden-dr/RsprngG6QSWvB9Cf8XPmSg,louisville
https://www.ubereats.com/louisville/food-delivery/halal-pizza-and-more-food/FBGkp7i9SIW4SsrVw3NG6g,louisville
https://www.ubereats.com/louisville/food-delivery/taco-bell-7420-westport-road/F4_gH_YvSXOrvkqsgyy85g,louisville
https://www.ubereats.com/louisville/food-delivery/dunkin-2815-fern-valley-rd/qzhkYtafQFuJZa6yXUIM7g,louisville
https://www.ubereats.com/louisville/food-delivery/cinnabon-5000-shelbyville-road/l3gfqHnVTWiJWn42jG88pQ,louisville
https://www.ubereats.com/louisville/food-delivery/firehouse-subs-215-south-hurstbourne-parkwaysuite-104/abVtfo5WQr-6ryvVJFZ7iQ,louisville
https://www.ubereats.com/louisville/food-delivery/ville-chicken-%26-seafood/C_UmFcQ8TeWbagGjStPgUA,louisville
https://www.ubereats.com/louisville/food-delivery/chipotle-mexican-grill-10333-westport-rd-ste-100/PNxoiZP6RZqATJj3JxUdhg,louisville
https://www.ubereats.com/louisville/food-delivery/hooters-clarksville/ZbzGDIjjSEOW5mjM6MI0tw,louisville
https://www.ubereats.com/louisville/food-delivery/los-aztecas-mexican-restaurant-nulu/4RF4qiAuRvKS3JgHfq5W2w,louisville
https://www.ubereats.com/louisville/food-delivery/burger-king-2700-crittenden-drive/Pqg1z80dTm2nqOXMBab0OA,louisville
https://www.ubereats.com/louisville/food-delivery/river-city-drafthouse/1osu65ZZTI-UL7CA2d9DKQ,louisville
https://www.ubereats.com/louisville/food-delivery/mcdonalds-preston-%26-phillips/DM7VTn6ATsmcKQZMdKf00w,louisville
https://www.ubereats.com/louisville/food-delivery/diorios-pizza-%26-pub-dundee-road/CP-c60mvS7m2PftQzjI5IA,louisville
https://www.ubereats.com/louisville/food-delivery/cash-saver-market/7RbCxh0PRyymF6PDld2R0g,louisville
https://www.ubereats.com/louisville/food-delivery/arbys-5329-dixie-hwy/gLT31SoHRlWmCMajwtrL-g,louisville
https://www.ubereats.com/louisville/food-delivery/sonals-kitchen-indian-vegetarian-restaurant/NzIREUYRQomd-oTT2Fu2oA,louisville
https://www.ubereats.com/louisville/food-delivery/asahi-japanese-restaurant/QpmVa-SbSfqafPhmCfRdcA,louisville
https://www.ubereats.com/louisville/food-delivery/steak-n-shake-4545-outer-loop/SsjOK_5rTMWKehfLJNuxkw,louisville
https://www.ubereats.com/louisville/food-delivery/fazolis-11806-standiford-plaza-drive/pC_sjyLpRDyV4077ppEPkQ,louisville
https://www.ubereats.com/louisville/food-delivery/long-john-silvers-8315-preston-hwy/2ELbLjh1Rvq6XBA3WbGWaQ,louisville
https://www.ubereats.com/louisville/food-delivery/hooties-burger-bar-4120-dutchmans-lane/lZSjuYONRM-11oL6jTiUJg,louisville
https://www.ubereats.com/louisville/food-delivery/heitzman-traditional-bakery-%26-deli/o8w6TuWTRi-V15k7m9mRTA,louisville
https://www.ubereats.com/louisville/food-delivery/white-castle-105-e-market-st/_iqp1WlLSw2BTThmk9dvXQ,louisville
https://www.ubereats.com/louisville/food-delivery/vibes-restaurant-and-ultra-lounge/35qXhddLSW-xrHVk7_e1yA,louisville
https://www.ubereats.com/louisville/food-delivery/savannah-restaurant/SzcIIkYLQHGF14jXRO91wg,louisville
https://www.ubereats.com/louisville/food-delivery/mcdonalds-22nd-st-%26-lytle/eHxMxxKeSbWeb748w4_Phg,louisville
https://www.ubereats.com/louisville/food-delivery/kfc-taco-bell-5012-s-3rd-st/E5f3MqGrSx6yBokYRTYsBw,louisville
https://www.ubereats.com/louisville/food-delivery/kfc-10224-taylorsville-rd/ZWCfp7R_R7asbTCwEld5kQ,louisville
https://www.ubereats.com/louisville/food-delivery/smokey-bones-jeffersontown/KWlXICDWTmCMFaGvpLf6pg,louisville
https://www.ubereats.com/louisville/food-delivery/dunkin-3333-newburg-rd/ZfQM2IP_QkS9mVp4zY2TdQ,louisville
https://www.ubereats.com/louisville/food-delivery/arbys-2119-state-st/QrpP5LcYRiOkYGZDwFmXiQ,louisville
https://www.ubereats.com/louisville/food-delivery/qdoba-11910-standiford-plaza-dr/9tYEONTCSmWk0iYcss1Ldw,louisville
https://www.ubereats.com/louisville/food-delivery/mashallah-african-restaurant/v1_hdlHBQ6apdwEOrYicrQ,louisville
https://www.ubereats.com/louisville/food-delivery/arbys-6216-bardstown-rd/XJkpIBNtT0-Cmcvfk2IucQ,louisville
https://www.ubereats.com/louisville/food-delivery/famous-daves-8605-citadel-way/OEv-YEypQbCmoLidUTp0uQ,louisville
https://www.ubereats.com/louisville/food-delivery/skyline-chili-3505-grant-line-rd/eVUkcI2qSduN2LYvIUn76g,louisville
https://www.ubereats.com/louisville/food-delivery/qdoba-13006-shelbyville-rd/e6GGG6xTR9SPNTrhsstK4g,louisville
https://www.ubereats.com/louisville/food-delivery/mcdonalds-3rd-st-%26-amherst/8YiUWrJTQIu5pCQtnkeSAw,louisville
https://www.ubereats.com/louisville/food-delivery/havana-bakery-cafe/vi3JeATkRo6umH9pclcHMA,louisville
https://www.ubereats.com/louisville/food-delivery/arbys-2956-breckinridge-lane/qbhaJRCdRVS_5t-ISOS2Mw,louisville
https://www.ubereats.com/louisville/food-delivery/family-ties-of-louisville/oXGRJ7YvSAGIOgtPBT_qGA,louisville
https://www.ubereats.com/louisville/food-delivery/starbucks-hurstbourne-%26-taylorsville/Mt9bLup-Q_-m1zIT1N42lg,louisville
https://www.ubereats.com/louisville/food-delivery/wendys-1201-w-broadway/1TXcc40HShmAeOrulhWJgg,louisville
https://www.ubereats.com/louisville/food-delivery/qdoba-970-breckenridge-ln/IkWVJMcLT7uKJ8o5dv_cPw,louisville
https://www.ubereats.com/louisville/food-delivery/taco-bell-3520-bardstown-rd/novq5JsdTpS6unxajLRrog,louisville
https://www.ubereats.com/louisville/food-delivery/subway-7531-outerloop/GCHWaTFWTjSQXosJxNQjig,louisville
https://www.ubereats.com/louisville/food-delivery/tracks-bar-and-grill/5nBONkHCStmFS4pCcRtFSw,louisville
https://www.ubereats.com/louisville/food-delivery/double-dragon-9-%E9%BE%99%E8%BF%909/_XxqzXJaSQSsgvJ1x126jQ,louisville
https://www.ubereats.com/louisville/food-delivery/subway-1259-hurstbourne-ln/Z1bSvvV-TSaggozPZV_Y5g,louisville
https://www.ubereats.com/louisville/food-delivery/buffalo-wild-wings-1112-veterans-pkwy/VRwI2zOOR9-Hvke-NLRNcA,louisville
https://www.ubereats.com/louisville/food-delivery/popeyes-bardstown-%26-goldsmith/cAO7Wcy3Q9K-eqQb7H43ag,louisville
https://www.ubereats.com/louisville/food-delivery/ramiros-cantina/wSmB3fYWT-aPlog1aBQYMQ,louisville
https://www.ubereats.com/louisville/food-delivery/jade-palace/-EKREP8PROGZAusPThhuRw,louisville
https://www.ubereats.com/louisville/food-delivery/taco-bell-108-e-broadway/OP_EY47kSx6IE2F4u9dVMg,louisville
https://www.ubereats.com/louisville/food-delivery/la-bonita-tacos/0Y-WtdcKQP2OKeSBqMa-dw,louisville
https://www.ubereats.com/louisville/food-delivery/the-ice-cream-shop/9jyyDOqqS3-IQ8DxxlL8_A,louisville
https://www.ubereats.com/louisville/food-delivery/arbys-3615-bardstown-rd/b_KQjU4TQR-4s3O4_svHnA,louisville
https://www.ubereats.com/louisville/food-delivery/charrd-bourbon-kitchen-%26-lounge/qTI7fngrTR639Vraa5WEtA,louisville
https://www.ubereats.com/louisville/food-delivery/los-pasteles-de-anita-anitas-bakery/NJ60zTTfSDCMKX5vpLCUCA,louisville
https://www.ubereats.com/louisville/food-delivery/la-sierra-tarasca-mexican-restaurant/bbRMrb3NRGqbauFhkbCnGg,louisville
https://www.ubereats.com/louisville/food-delivery/highview-ice-cream-and-coffee/cWNJ3l2CT1ifK8zjditAeg,louisville
https://www.ubereats.com/louisville/food-delivery/fazolis-6011-preston-highway/CWWrmSAoQoeenHj5sF23UQ,louisville
https://www.ubereats.com/louisville/food-delivery/captain-ds-5232-bardstown-road/FhWppvScQIu2jCbZwxpTlw,louisville
https://www.ubereats.com/louisville/food-delivery/dennys-943-e-lewis-%26-clark-parkway/DCZ_0y50QJ-CKfLFHBVGEw,louisville
https://www.ubereats.com/louisville/food-delivery/la-suerte/iQzoEyd3QuSb5LhxU5JiUQ,louisville
https://www.ubereats.com/louisville/food-delivery/zaxbys-fern-valley-rd/EXqi-J1sSfmTRv8sgB1kTQ,louisville
https://www.ubereats.com/louisville/food-delivery/derby-city-pizza-co-clifton/6s5lBHq2Qb2xWk8Fgi4VyA,louisville
https://www.ubereats.com/louisville/food-delivery/kfc-4910-us-highway-42/Wxh28xk6Rlual98sc0lJuQ,louisville
https://www.ubereats.com/louisville/food-delivery/sonic-11810-standiford-plaza-drive/eQYmyh-nS9aU4CAMhulZ8g,louisville
https://www.ubereats.com/louisville/food-delivery/primos-pizzeria/yg0IiCrKR2C9fJFbA9FsMw,louisville
https://www.ubereats.com/louisville/food-delivery/qdoba-1321-herr-lane/rijyNNUNSp2MkPYLZrgnuA,louisville
https://www.ubereats.com/louisville/food-delivery/ms-rhondas-taste-of-philadelphia/RHie50o2TDGGNl1lzsF35Q,louisville
https://www.ubereats.com/louisville/food-delivery/the-weekly-juicery-holiday-manor/6WqM-7b2T7ugy7q_4qNL3g,louisville
https://www.ubereats.com/louisville/food-delivery/wendys-4041-taylorsville-rd/QCknqw4yQ0G8_W6DXn8Bsw,louisville
https://www.ubereats.com/louisville/food-delivery/the-comfy-cow-cardinal-towne/IlmuYNgtSnK5AErCaPYPqg,louisville
https://www.ubereats.com/louisville/food-delivery/yummy-pollo-bishop-lane/qGdIeCKjQFWd5a_Gqsr0nQ,louisville
https://www.ubereats.com/louisville/food-delivery/buffalo-wild-wings-10206-westport-rd/ueuIqJI2T_qahhTlDthMvQ,louisville
https://www.ubereats.com/louisville/food-delivery/first-watch-960-breckenridge-ln/MZTaaqb3TGWBz4BvPhC6mA,louisville
https://www.ubereats.com/louisville/food-delivery/chopsticks-house/hyc65JVjTjKVVLr6B0mvhA,louisville
https://www.ubereats.com/louisville/food-delivery/mcalisters-deli-store-102221/-G84V1PXQhu1ZPIaH3Ed3w,louisville
https://www.ubereats.com/louisville/food-delivery/firehouse-subs-4905-outer-loop/ZvEkqDRwRPKfSZmNiUG1bQ,louisville
https://www.ubereats.com/louisville/food-delivery/carrabbas-617-south-hurstbourn-pkwy/r8I6keayS02NCgpFyaR-jg,louisville
https://www.ubereats.com/louisville/food-delivery/outback-steakhouse-6520-signature-drive/5v6V2tWlSFGS6nX48MNNvg,louisville
https://www.ubereats.com/louisville/food-delivery/whiskey-dry/_2C2AgTgQwS0b_yVDeiNCg,louisville
https://www.ubereats.com/louisville/food-delivery/kfc-9487-westport-rd/0mZc3vR2S6-KpyJAQtx0FQ,louisville
https://www.ubereats.com/louisville/food-delivery/papa-murphys-2221-state-street/Zxl5rc1eR42Jb0alQ2A_bQ,louisville
https://www.ubereats.com/louisville/food-delivery/adrienne-and-co-new-albany/hMcvDAZ4RbWMIKgc1UcyRw,louisville
https://www.ubereats.com/louisville/food-delivery/ruths-chris-steak-house-6100-dutchmans-lane/89eaaIxyS9uI2HfaMMe3gw,louisville
https://www.ubereats.com/louisville/food-delivery/kfc-3400-bardstown-rd/XnSkOsgwS_qplTLNAir7BA,louisville
https://www.ubereats.com/louisville/food-delivery/dennys-4030-dutchmans-lane/zR2Scho8S2O0mRdE67XQjg,louisville
https://www.ubereats.com/louisville/food-delivery/boombozz-craft-pizza-%26-taphouse-highlands/-sM-pdWCQXelohNreXaNzQ,louisville
https://www.ubereats.com/louisville/food-delivery/mcalisters-deli-1305-veterans-parkway/3lFJnJjyToqpzLGwNMgevQ,louisville
https://www.ubereats.com/louisville/food-delivery/sonic-8600-ambrosse-lane/0-LwQBMlTjuhjIX9A_abDQ,louisville
https://www.ubereats.com/louisville/food-delivery/the-wright-house-barbecue-and-eatery-llc/4ZN1PWibRcOk-IQajuHDHg,louisville
https://www.ubereats.com/louisville/food-delivery/the-ice-cream-shop/nW0kGeUCRMeFW9lPu5MF-w,louisville
https://www.ubereats.com/louisville/food-delivery/subway-2218-hikes-ln/q3aJ-wEcTKe3OvKz83JtJA,louisville
https://www.ubereats.com/louisville/food-delivery/qdoba-1305-veterans-pkwy/uK3pTjwTTl265RRc_AWeGw,louisville
https://www.ubereats.com/louisville/food-delivery/eggs-over-frankfort/MwWm5b8KSri6DKbJDNK9Wg,louisville
https://www.ubereats.com/louisville/food-delivery/cracker-barrel-old-country-store-1401-kentucky-mills-drive/h_tF8y1rStqW5TMYwj6StA,louisville
https://www.ubereats.com/louisville/food-delivery/chipotle-mexican-grill-420-s-hurstbourne-pkwy/doY48BbCQHeZUqocsLX3YQ,louisville
https://www.ubereats.com/louisville/food-delivery/my-cafe/oxe6_bQsThONdEVvXm6tkw,louisville
https://www.ubereats.com/louisville/food-delivery/zoes-kitchen-4126-summit-plaza-drive/akUsNsLOQl2ubBirOfwLNw,louisville
https://www.ubereats.com/louisville/food-delivery/wendys-3610-buechel-bypass/cOSngyqzRIGdBx08U77Y9w,louisville
https://www.ubereats.com/louisville/food-delivery/auntie-annes-4801-pk-65-outer-loop/p2I0fsNkRvaNy3W9ApKO3w,louisville
https://www.ubereats.com/louisville/food-delivery/mortons-the-steakhouse-626-west-main-street/x7DmxqNORTqGbUEJoGDfMg,louisville
https://www.ubereats.com/louisville/food-delivery/buffalo-wild-wings/XCayIzWXS3O24RSKw_4O0Q,louisville
https://www.ubereats.com/louisville/food-delivery/papa-murphys-3015-east-10th-street/X8CrJNeURTyfK8Mq_Ln2gQ,louisville
https://www.ubereats.com/louisville/food-delivery/adrienne-%26-co-old-louisville/rfp3Mp8VSievNGrNpuoF7g,louisville
https://www.ubereats.com/louisville/food-delivery/buckhead-mountain-grill-louisville-ky/JLkZchZyTyW4I5JAEOu3hw,louisville
https://www.ubereats.com/louisville/food-delivery/zeggz-shelbyville-road/WjN3psVEQ4CoY4aXZtOlNQ,louisville
https://www.ubereats.com/louisville/food-delivery/j-gumbos-stonybrook/-1BVkalYQii4pGY2cT8c-w,louisville
https://www.ubereats.com/louisville/food-delivery/white-castle-3705-bardstown-rd/VemPc75vRsiq4aHivQgOXQ,louisville
https://www.ubereats.com/louisville/food-delivery/steak-n-shake-980-east-lewis-and-clark-parkway/Hrxh_4aHRlWibRdNorQBZA,louisville
https://www.ubereats.com/louisville/food-delivery/chicago-steak-%26-lemonadegalene-dr/S2YgPHuXTWmH2mT1u42GlQ,louisville
https://www.ubereats.com/louisville/food-delivery/ocharleys-1901-s-hurstbourne-pkwy/6OnhUvsNSb-DAkSdCcnv2g,louisville
https://www.ubereats.com/louisville/food-delivery/billy-bowls/KSXOMYR6TjOzFusgBTcUYw,louisville
https://www.ubereats.com/louisville/food-delivery/five-guys-in-0384-2221-state-street/M8FrUtK7RS6HElPAunmxRA,louisville
https://www.ubereats.com/louisville/food-delivery/marketplace-restaurant/RnUfoEJTRGWOdAKeh6VqgA,louisville
https://www.ubereats.com/louisville/food-delivery/osaka-japanese-restaurant/1wpD1JbASNeXgyjp6OBnyQ,louisville
https://www.ubereats.com/louisville/food-delivery/hooties-burger-bar-7701-preston-hwy/nAeUfoxCRmq7l9t7f1sAOA,louisville
https://www.ubereats.com/louisville/food-delivery/naive/ytPYJXSiR4SyrFtTmBTWRA,louisville
https://www.ubereats.com/louisville/food-delivery/taco-bell-12529-shelbyville-rd/qCnzt2GiRHCqzhT_n3oD5w,louisville
https://www.ubereats.com/louisville/food-delivery/hardees-301-w-court-avenue/4l9OPO36TsKfbZNLSJdugg,louisville
https://www.ubereats.com/louisville/food-delivery/vindhu-bhojanam/hYzWu87SQtO4o6NQin4IlA,louisville
https://www.ubereats.com/louisville/food-delivery/bombay-grill/yLKe-d0qStyOqeyoUfz5Lw,louisville
https://www.ubereats.com/louisville/food-delivery/joes-older-than-dirt/DHxUFAsgR_CEwxR2gY4lJg,louisville
https://www.ubereats.com/louisville/food-delivery/mcdonalds-fern-valley-%26-ulrich/ZFIBF8MiTACZSQlXBEuHBw,louisville
https://www.ubereats.com/louisville/food-delivery/el-toro-mexican-cantina-shelbyville/0leIofMkTG2GbN91mSxD6w,louisville
https://www.ubereats.com/louisville/food-delivery/buffalo-wild-wings-outer-loop/2r1K5ul0Sbmuv6FEeVU2HA,louisville
https://www.ubereats.com/louisville/food-delivery/gander-an-american-grill/2CDYVo8eSL2VNFk7zuultg,louisville
https://www.ubereats.com/louisville/food-delivery/white-castle-3701-7th-street-rd/uqr94VS1TSa90o8rbLGalQ,louisville
https://www.ubereats.com/louisville/food-delivery/eat-your-bourbon-marketplace/f0C63hkGRNCrd69hkyMQdA,louisville
https://www.ubereats.com/louisville/food-delivery/rallys-2130-w-broadway/dpzElwsVQESTTpU6Q8fHqQ,louisville
https://www.ubereats.com/louisville/food-delivery/papa-murphys-5016-mud-lane/74n-IW-VS5ijSE2t3dksBw,louisville
https://www.ubereats.com/louisville/food-delivery/mangos-mexican-grill-and-cantina-hendrick/yBjwTg0RTBu82J-k52Dkeg,louisville
https://www.ubereats.com/louisville/food-delivery/buffalo-wild-wings-12901-shelbyville-road/4OyF9q83TtuN0dOn89Ye7A,louisville
https://www.ubereats.com/louisville/food-delivery/qdoba-4921-outer-loop/i4MC9BsGRBGih3ppCt7q7g,louisville
https://www.ubereats.com/louisville/food-delivery/qdoba-mexican-grill-4302-charlestown-rd-ste-108/4_E778-sTquiBOlYTf2Exw,louisville
https://www.ubereats.com/louisville/food-delivery/pizza-lupo/BLZM6u3pRlm0ytabSnVVLA,louisville
https://www.ubereats.com/louisville/food-delivery/buca-di-beppo-2051-south-hurstbourne-parkway/lXcdY9WxTMuIr3eN8eTROw,louisville
https://www.ubereats.com/louisville/food-delivery/pho-phi-vietnamese-noodle-and-grill/gdT14sApR1m1ca_M-T37LQ,louisville
https://www.ubereats.com/louisville/food-delivery/auntie-annes-7900-shelbyville-rd-lot-a5/0bfStFv0RBel6nQNSv3QpA,louisville
https://www.ubereats.com/louisville/food-delivery/ocharleys-10641-fischer-park-dr/sOBXDYXpSeCgjV2Z4lX5gg,louisville
https://www.ubereats.com/louisville/food-delivery/grape-leaf/gBrgPljGRwOOcaH3SFuTaQ,louisville
https://www.ubereats.com/louisville/food-delivery/the-seafoodlady/j0fRNly3T1-DLF7hTea-UQ,louisville
https://www.ubereats.com/louisville/food-delivery/pf-changs-9120-shelbyville-rd/eOR5P1JKR7Of26GSJJReCA,louisville
https://www.ubereats.com/louisville/food-delivery/captain-ds-2960-breckinridge-lane/Bskv1_ohQIqPv8-MHymKOQ,louisville
https://www.ubereats.com/louisville/food-delivery/dinos/Z2drhNE8QwuiJ6ZADLP18A,louisville
https://www.ubereats.com/louisville/food-delivery/which-wich-3531-grant-line-road/_Wtu2kpgSaGVfUYvjGp86Q,louisville
https://www.ubereats.com/louisville/food-delivery/white-castle-700-w-broadway-st/gFoV5Lq9S56zE6_XRXmPnQ,louisville
https://www.ubereats.com/louisville/food-delivery/red-robin-229-1354-veterans-parkway/8samyIqYQI24WM3dG8VQWw,louisville
https://www.ubereats.com/louisville/food-delivery/frischs-big-boy-6209-bardstown-rd/d23lkUlqRuiqsPqn58bo8Q,louisville
https://www.ubereats.com/louisville/food-delivery/wendys-7601-shelbyville-road/uuUkUA62QrGuM__hZk3oxQ,louisville
https://www.ubereats.com/louisville/food-delivery/first-watch-12913-shelbyville-road/QRN9Zdz8TPqL1bxfu8i9NQ,louisville
https://www.ubereats.com/louisville/food-delivery/subway-6840-bardstown-rd/bIt6ZwYCSbC9-V2lCOj4cA,louisville
https://www.ubereats.com/louisville/food-delivery/five-guys-ky-1704-4226-shelbyville-road/kAcnd29gRAqpWkuuP4ZFrQ,louisville
https://www.ubereats.com/louisville/food-delivery/frischs-big-boy-804-hausfeldt-ln/AnyMU2hdTM-mccEur68aNg,louisville
https://www.ubereats.com/louisville/food-delivery/mcdonalds-bardstown-%26-fegenbush/VCZZ_TyvSiqC2ggKPRsBXQ,louisville
https://www.ubereats.com/louisville/food-delivery/mcdonalds-warnock-%26-floyd/kW3BX8hmT3C59rPfvIhVLw,louisville
https://www.ubereats.com/louisville/food-delivery/boomtown-kitchen/9Umh7LccRLeMcPXUxMqL5A,louisville
https://www.ubereats.com/louisville/food-delivery/krispy-krunchy-chicken-1397-2nd-st/8wV1KyFHTPCyCsAKCYbjEw,louisville
https://www.ubereats.com/louisville/food-delivery/krispy-kreme-3920-seventh-street-road/RekoMODaR4WwYdTYY-Wb1A,louisville
https://www.ubereats.com/louisville/food-delivery/mcdonalds-bardstown-%26-patterson/uI7ngWLMS4imYX0CHv5pmQ,louisville
https://www.ubereats.com/louisville/food-delivery/heitzman-pink-box-bakery-bardstown/rEtocpG-QKytee0yNeE3Jw,louisville
https://www.ubereats.com/louisville/food-delivery/wing-squad-louisville/wKs3vBrGSxeMSYkwGCQBOQ,louisville
https://www.ubereats.com/louisville/food-delivery/rettas-lounge/Jn0TZmKGSnKFWHFR9DQp2g,louisville
https://www.ubereats.com/louisville/food-delivery/el-sazon-de-abuela/Jhp6MuEgTsuNgVNNvG7Ltw,louisville
https://www.ubereats.com/louisville/food-delivery/ole-hickory-pit-bar-b-que/gndxImpJRb2NGnhC1W2Abg,louisville
https://www.ubereats.com/louisville/food-delivery/smashburger-9409-shelbyville-rd/PPCbipU1QcCisFUL8HCfhg,louisville
https://www.ubereats.com/louisville/food-delivery/holy-smokes-bbq/g89LC-IPQ-md6DGFh5dKYw,louisville
https://www.ubereats.com/louisville/food-delivery/charleys-philly-steaks-mall-st-matthews/tqrRsXv_RvGvvxUp52wv3A,louisville
https://www.ubereats.com/louisville/food-delivery/bob-evans-379-10761-fischer-park-drive/uW9ZjMQ_SqqCXQNq0dZTKg,louisville
https://www.ubereats.com/louisville/food-delivery/moes-southwest-grill-2001-south-hurstbourne-pkwy/GcWJHZfER6q1SuHM4febQQ,louisville
https://www.ubereats.com/louisville/food-delivery/ehrlers-ice-cream/CkswSKGoSV6BcWwL9ufsug,louisville
https://www.ubereats.com/louisville/food-delivery/superchefs/pwBQFKA7QKiPCtw53EesKg,louisville
https://www.ubereats.com/louisville/food-delivery/aspen-creek-grill-bardstown-rd/--dJpM2KTg-D3zL9a4WwXg,louisville
https://www.ubereats.com/louisville/food-delivery/chipotle-mexican-grill-1075-bardstown-rd/g3JYelNkTbKa9ueZ4xw0pw,louisville
https://www.ubereats.com/louisville/food-delivery/three-brothers-restaurant/hEIp31IvT1KSXX6UGNiP1Q,louisville
https://www.ubereats.com/louisville/food-delivery/shreeji-indian-vegetarian-street-food/5KJzrkrfQb-qMR_4oH1qSQ,louisville
https://www.ubereats.com/louisville/food-delivery/7801-bonefish-grill-657-s-hurstbourne-pkwy/u9Nv9pRwQouVvuLl7h8zww,louisville
https://www.ubereats.com/louisville/food-delivery/jersey-mikes-subs-1983-south-hurstbourne-parkway/GrYd63f-RTm4ZH_DxS_CfA,louisville
https://www.ubereats.com/louisville/food-delivery/wendys-4259-outerloop/tsYHC5DQT-is42iNYHrg1g,louisville
https://www.ubereats.com/louisville/food-delivery/river-road-bbq/4-vniJNQRCSOgSC5w39Rrg,louisville
https://www.ubereats.com/louisville/food-delivery/mangos-mexican-grill-and-cantina-dutchmans-lane/uFzWajMsQ7ezp6ynpgJ01g,louisville
https://www.ubereats.com/louisville/food-delivery/wing-zone-hunsinger/sdwV11SvSg-YTPNdBxQ5uA,louisville
https://www.ubereats.com/louisville/food-delivery/bjs-restaurant-%26-brewhouse-7900-shelbyville-rd/LETX_HggSWOhQxOTIeus8A,louisville
https://www.ubereats.com/louisville/food-delivery/burger-king-4030-shelbyville-rd/1JRtLPPeT1eurLkw-v5sww,louisville
https://www.ubereats.com/louisville/food-delivery/mcdonalds-dixie-%26-millers/y-g2CXiXQC2EUa_UZ3ASrw,louisville
https://www.ubereats.com/louisville/food-delivery/mcalisters-deli-4675-outer-loop/nz0TncdfTCWCsx5dAmffmQ,louisville
https://www.ubereats.com/louisville/food-delivery/the-goat-middletown/BowySFIeScqcw9AXZbzgiA,louisville
https://www.ubereats.com/louisville/food-delivery/arbys-12933-shelbyville-rd/nCsrNttCQeuWmRK3PMm4HA,louisville
https://www.ubereats.com/louisville/food-delivery/rallys-2502-south-preston-hwy/CyXPLJXqR9acpVtAbCGWXg,louisville
https://www.ubereats.com/louisville/food-delivery/eat-a-pita-bardstown-%26-woodbourne/am9ik6XrS5ajcZKNPpvVIQ,louisville
https://www.ubereats.com/louisville/food-delivery/veganville/qj1yMxkfTe2Fpkqxpq11aw,louisville
https://www.ubereats.com/louisville/food-delivery/mcdonalds-broadway-%26-12th-st/ssVT8dEuQa2Ior7Jj23FZg,louisville
https://www.ubereats.com/louisville/food-delivery/yummy-yummy-chicken-%26-fish/MUQIWQdARVeOSSnC6B17fg,louisville
https://www.ubereats.com/louisville/food-delivery/kfc-1426-e-10th-st/I1oUFX7uSUKFnNd_DukmkA,louisville
https://www.ubereats.com/louisville/food-delivery/derby-city-pizza-co-plainview/ZHfZlkA2SNeYTyJXiWmjbA,louisville
https://www.ubereats.com/louisville/food-delivery/wing-zone-hess-ln/BozZeP0mTASXPn3exSoyUw,louisville
https://www.ubereats.com/louisville/food-delivery/rye/G7ExJ6dLQz6E8aWYKcrq4w,louisville
https://www.ubereats.com/louisville/food-delivery/mcdonalds-brownsboro-%26-jane/ySXAcr_6RoC-3ikjEpa3Jg,louisville
https://www.ubereats.com/louisville/food-delivery/gigis-cupcakes-1977-s-hurstbourne-pkwy/b_I3uhK7RWWWGhtr1a2lqQ,louisville
https://www.ubereats.com/louisville/food-delivery/dunkin-2711-e-10th-st/WKwJtZRxSPeCZNhFOvmNWQ,louisville
https://www.ubereats.com/louisville/food-delivery/white-castle-2711-fern-valley-rd/ZGvA7vynQ2uVe3NSgGP1UA,louisville
https://www.ubereats.com/louisville/food-delivery/louisvile-cafe-india/krU-jlXoT1ypgsfx_zZAHQ,louisville
https://www.ubereats.com/louisville/food-delivery/qdoba-2730-s-hurstbourne-pkwy/HvHlSECOTkeswt24sErdtg,louisville
https://www.ubereats.com/louisville/food-delivery/jocks-sports-bar-%26-grill/okhcwjXjQpaFnjRcvnzQ0g,louisville
https://www.ubereats.com/louisville/food-delivery/krispy-kreme-9569-taylorsville-rd/e0T5uSSiQROvuLN08-W4Gg,louisville
https://www.ubereats.com/louisville/food-delivery/outback-steakhouse-4621-shelbyville-road/99PJ_g8LROKfg_uMAsEsbQ,louisville
https://www.ubereats.com/louisville/food-delivery/wendys-5036-mud-lane/m4LKOmbuSWqFGyX5V_gYHQ,louisville
https://www.ubereats.com/louisville/food-delivery/tgi-fridays-1108-louisville-ky/OOvftpHdTcCTt2CDEbW0rA,louisville
https://www.ubereats.com/louisville/food-delivery/macaron-bar/0E52d2FjSJS0K65GSvf9ng,louisville
https://www.ubereats.com/louisville/food-delivery/kfc-2513-preston-highway/FGETvxdkQzeimivwToUOMw,louisville
https://www.ubereats.com/louisville/food-delivery/checks-cafe/VqhfPB7RT1CEZYbozUSJMQ,louisville
https://www.ubereats.com/louisville/food-delivery/subway-4835-poplar-level-rd/QKG6Vms2QVORB8XXXXdRQg,louisville
https://www.ubereats.com/louisville/food-delivery/difabios-casapela/HI7o9x17Q6iT-Pss0uTvZw,louisville
https://www.ubereats.com/louisville/food-delivery/eden-%26-kissi/g9KMvocXR36a59WPg3rEQA,louisville
https://www.ubereats.com/louisville/food-delivery/steel-city-pops-1021-bardstown-road/3xBtXfw5T0eO3tzrfeTxPA,louisville
https://www.ubereats.com/louisville/food-delivery/galaxie/DswlpengQqqDMSeISzNKZg,louisville
https://www.ubereats.com/louisville/food-delivery/noodles-%26-company-4302-summit-plaza-drive/-WHzz3EiT3CKXp09KL98DQ,louisville
https://www.ubereats.com/louisville/food-delivery/taco-bell-6800-bardstown-rd/ulU-eLwdQNafYWddC9Kl6w,louisville
https://www.ubereats.com/louisville/food-delivery/arbys-11488-preston-hwy/Z3xfjhDHRv2pfGKKme43Tg,louisville
https://www.ubereats.com/louisville/food-delivery/brick-house-871-south-hurstbourne-pkwy/OhMB1z5-SnK2OMnyBKxWEQ,louisville
https://www.ubereats.com/louisville/food-delivery/phat-philly-cheesesteaks/CaHl4RHkQTK-amqvrt0ryA,louisville
https://www.ubereats.com/louisville/food-delivery/taco-bell-3950-taylorsville-road/jszRDvveTVCn1mRCd_D-zQ,louisville
https://www.ubereats.com/louisville/food-delivery/the-comfy-cow-frankfort-ave/aNvhC5LWSbeDbZ3TxVTUNQ,louisville
https://www.ubereats.com/louisville/food-delivery/long-john-silvers-1805-blankenbaker-pkwy/LxN-kxWOSoCcw9qo-gY82Q,louisville
https://www.ubereats.com/louisville/food-delivery/kfc-2124-state-st/gheEEZN-SV2tfAbuv8mfoA,louisville
https://www.ubereats.com/louisville/food-delivery/jets-pizza-2500-bardstown-rd/-NUheM2sSjGssL-N5UBCwQ,louisville
https://www.ubereats.com/louisville/food-delivery/zaxbys-807-blankenbaker/X1Auf8K-Q8Chx632blUjsQ,louisville
https://www.ubereats.com/louisville/food-delivery/potbelly-sandwich-works-4th-street/tKePoKiiT1m3DNp3WVlWsA,louisville
https://www.ubereats.com/louisville/food-delivery/wendys-2800-packerland-way/2B9y3fZJQbO2UfV1sNrN4A,louisville
https://www.ubereats.com/louisville/food-delivery/pasquallys-pizza-%26-wings-2030-s-hurstbourne-pkwy/9ErtGLfwQcOxpoH9rBfd-Q,louisville
https://www.ubereats.com/louisville/food-delivery/liege-%26-dairy/1qJ6lURjQLSibkr5fDIrQw,louisville
https://www.ubereats.com/louisville/food-delivery/qdoba-1831-blankenbaker-pkwy/GEq78lveRyeuOLAHT2U0-w,louisville
https://www.ubereats.com/louisville/food-delivery/rice-box/N5kFlovkQRGktJ0biBLS2A,louisville
https://www.ubereats.com/louisville/food-delivery/frankie-bs-italian-bistro/6A4Sxi-JRzyoUwB25-jeBQ,louisville
https://www.ubereats.com/louisville/food-delivery/arbys-7708-preston-hwy/QBTID590Riq94lcSPbXiWA,louisville
https://www.ubereats.com/louisville/food-delivery/outback-steakhouse-9498-brownsboro-road/KwSRIgqiQwWBps3gzNkN-g,louisville
https://www.ubereats.com/louisville/food-delivery/arbys-2025-e-10th-st/OJSjNcv-QFeMhrSeZfMFQg,louisville
https://www.ubereats.com/louisville/food-delivery/burgers-4-days/4RUz7M5yTDibC17FArpeXA,louisville
https://www.ubereats.com/louisville/food-delivery/the-limbo/zg5u-tLYSleZS0S1mr_o9A,louisville
https://www.ubereats.com/louisville/food-delivery/mcdonalds-2621-charlestown-rd/N4e6ncI3QIqixLXVUkdpHw,louisville
https://www.ubereats.com/louisville/food-delivery/mcdonalds-broadway-%26-28th-st/-WjZ8GWTSLSY6jU6t_0gNw,louisville
https://www.ubereats.com/louisville/food-delivery/mcdonalds-breckenridge-%26-hikes/edMmq44yRtSPiCKkd-9CyA,louisville
https://www.ubereats.com/louisville/food-delivery/taco-bell-9102-taylorsville-rd/7xcCRg_CS0-PD2rL-4CczA,louisville
https://www.ubereats.com/louisville/food-delivery/chong-garden/w_6l1-s-RKmXO5D-NMVrcg,louisville
https://www.ubereats.com/louisville/food-delivery/sweet-savannah-frozen-yogurt/6wyH_v0LQfGpHa3u0p-qsg,louisville
https://www.ubereats.com/louisville/food-delivery/blaze-pizza-13317-shelbyville-road/Gwl12aOWS9Sf9wvMt4soKQ,louisville
https://www.ubereats.com/louisville/food-delivery/red-lobster-4639-outer-loop/9PJzAvawSaOq-5zjLZamag,louisville
https://www.ubereats.com/louisville/food-delivery/agave-%26-rye/sHJXV__CQS-h6o8xVmxDbQ,louisville
https://www.ubereats.com/louisville/food-delivery/papa-murphys-6661-dixie-highway/88MUUE-ARi-hH_oYe8a1aw,louisville
https://www.ubereats.com/louisville/food-delivery/hooters-4948-dixie-hwy/JMfJDxl6QlmOmIVx5qXA2w,louisville
https://www.ubereats.com/louisville/food-delivery/havana-salsa-cuban-cuisine/e7KSmWbVSkaEGT_Jp_qqdA,louisville
https://www.ubereats.com/louisville/food-delivery/qdoba-312-s-4th-st/XDXQjB26Q4udh8Qi1Gnmkg,louisville
https://www.ubereats.com/louisville/food-delivery/os-cool-ice-cream-%26-bbq/mYiMatVlToCQU5UvRunHQA,louisville
https://www.ubereats.com/louisville/food-delivery/mcdonalds-old-shepherdsville-%26-fern-valley/p_5BZRW9QDKqQ-QwINQi8Q,louisville
https://www.ubereats.com/louisville/food-delivery/mi-sueno-cuban-express-food/hP6aWdWqRTOubWrSStCi-g,louisville
https://www.ubereats.com/louisville/food-delivery/boss-hog-bbq-%26-catering/zs-HZPdBTUGNHhJPysjmAw,louisville
https://www.ubereats.com/louisville/food-delivery/subway-7611-preston-hwy/HMEp4B80RfKrcT71JYJ8sw,louisville
https://www.ubereats.com/louisville/food-delivery/wendys-3301-cane-run-road/O8YrvU0jSZ-Q8nxlBzoQXw,louisville
https://www.ubereats.com/louisville/food-delivery/aspen-creek-grill-oxmoor/RWu_7E-LSPqhxQKkoq8wEQ,louisville
https://www.ubereats.com/louisville/food-delivery/kfc-5462-new-cut-rd/SLKa6G-AT2yaNjYmUmFl-w,louisville
https://www.ubereats.com/louisville/food-delivery/mcdonalds-ruckriegel-%26-gaudet/WEQQbv1qSNCIPD4ZTZhl8Q,louisville
https://www.ubereats.com/louisville/food-delivery/burger-king-6450-outer-loop/0umCjpwnSIaxRX8mlqNLIA,louisville
https://www.ubereats.com/louisville/food-delivery/hardees-2740-allison-lane/NYyx9hTKRBSseZ15xFY9zA,louisville
https://www.ubereats.com/louisville/food-delivery/ocharleys-962-breckenridge-ln/CweoHAN4SPyw1E862icEGA,louisville
https://www.ubereats.com/louisville/food-delivery/raffertys-restaurant-breckenridge/aSSFAxTESOS1SwPdaipwSQ,louisville
https://www.ubereats.com/louisville/food-delivery/papa-johns-3511-springhurst-commons-drive/oQ0XNx5XRiKiIikMZK16Qw,louisville
https://www.ubereats.com/louisville/food-delivery/wendys-5101-preston-highway/6Hl13IVGToyJ-LHhjdVhjA,louisville
https://www.ubereats.com/louisville/food-delivery/mcdonalds-preston-%26-blue-lick/rTX_ySECQVaYMVVOt8wZ7g,louisville
https://www.ubereats.com/louisville/food-delivery/papa-johns-221-south-hurstbourne-pkwy-suite-107/ilP_YrgcTHKELiyAQ4qUmg,louisville
https://www.ubereats.com/louisville/food-delivery/first-watch-201-s-hurstbourne-pkwy/YTk8dTYuS2iP7gaKLBsDeg,louisville
https://www.ubereats.com/louisville/food-delivery/qdoba-2216-state-st/EMKwv8ZFTW2Ro3OyLRY0HA,louisville
https://www.ubereats.com/louisville/food-delivery/primos-pizzeria/uMQ6K3_4QBmhgWrN76JFYg,louisville
https://www.ubereats.com/louisville/food-delivery/the-granville-pub/sa1CgP5KTI-y7xDPZeN0pg,louisville
https://www.ubereats.com/louisville/food-delivery/goodloes-bar-%26-grill/Q69lmTynQuaaFxTPBO4OvA,louisville
https://www.ubereats.com/louisville/food-delivery/lbads-ice-cream-parlor/MpF_jyTmQ6S_vLBdwIaXeQ,louisville
https://www.ubereats.com/louisville/food-delivery/the-simple-greek-louisville/pHbaBbW8T8KXAPXWJQSrow,louisville
https://www.ubereats.com/louisville/food-delivery/south-end-bbq/pGz_VyxYTRyKbxIqxl1z6w,louisville
https://www.ubereats.com/louisville/food-delivery/six-forks-burger-company/VBdyzB4eS0WuxabC1lNlYA,louisville
https://www.ubereats.com/louisville/food-delivery/arbys-5022-s-third-st/GBufUxE1TvWXuHnSFY6rHA,louisville
https://www.ubereats.com/louisville/food-delivery/burger-king-915-e-lewis-and-clark-pkwy/tfmzs0cYTXKT2Ts40MbPyQ,louisville
https://www.ubereats.com/louisville/food-delivery/mcalisters-deli-10041-forest-green-boulevard/kbxw146ITgWzFfBIwTnewQ,louisville
https://www.ubereats.com/louisville/food-delivery/hibachi-sushi-buffet/RFP1cJ1_QQm1RpPJcfdzXg,louisville
https://www.ubereats.com/louisville/food-delivery/hooters-preston/7AWVKuHVTAm07hfZl5gDPQ,louisville
https://www.ubereats.com/louisville/food-delivery/burger-king-3930-dixie-highway/GkyWlmdUSEewlFbcRRayhg,louisville
https://www.ubereats.com/louisville/food-delivery/the-comfy-cow-bardstown-rd/s9iYUUcHROal5iREp6L8aw,louisville
https://www.ubereats.com/louisville/food-delivery/maira-mediterranean-grill/PNDjkRtXS9qmxUrEFeiKVA,louisville
https://www.ubereats.com/louisville/food-delivery/beef-o-bradys-3101-s-2nd-st/kHwitTCrT6-dOdnooY-GbQ,louisville
https://www.ubereats.com/louisville/food-delivery/mcalisters-deli-6510-bardstown-road/j7j22fuPQjyUhF_eZZc6sA,louisville
https://www.ubereats.com/louisville/food-delivery/china-king/lw4mT8ODTB-WUyJrrBx6dg,louisville
https://www.ubereats.com/louisville/food-delivery/krispy-kreme-3000-bardstown-road/oN-TXZb-RTKSOTlpc3huTA,louisville
https://www.ubereats.com/louisville/food-delivery/red-lobster-986-breckenridge-lane/_nqcxExlSTGbYT08xYSi6Q,louisville
https://www.ubereats.com/louisville/food-delivery/potbelly-sandwich-shop-taylorsville-road/5P_2ek-0Sa2L5zQdOAF2SA,louisville
https://www.ubereats.com/louisville/food-delivery/king-chicken/25mZ4paQRa2bW1eB7oRh-Q,louisville
https://www.ubereats.com/louisville/food-delivery/taco-bell-4910-shelbyville-rd/n-KKEIoyS2u_kJVaJ7FUJA,louisville
https://www.ubereats.com/louisville/food-delivery/dunkin-4601-dixie-hwy/bLVstIiLQri4ntxRPRVb7A,louisville
https://www.ubereats.com/louisville/food-delivery/burger-king-10001-will-way/0rO2v7eBS4OhLTvUiE_PAQ,louisville
https://www.ubereats.com/louisville/food-delivery/barcelona-bistro-bar/ZQCMLJq4RBOoUYppvNQ5_g,louisville
https://www.ubereats.com/louisville/food-delivery/hooters-dupont/3SWf9AtHRMG2zYdYAdMVFw,louisville
https://www.ubereats.com/louisville/food-delivery/cumberland-brews/mJK5ztCBQiaLUVbge51KwA,louisville
https://www.ubereats.com/louisville/food-delivery/baxters-942/ZnEFRajLTfOEpQsg0_hrJQ,louisville
https://www.ubereats.com/louisville/food-delivery/pizza-bar/fCvXGIsTT2u8XqB_gX_QAw,louisville
https://www.ubereats.com/louisville/food-delivery/mcdonalds-cane-run-%26-crums/t3Epp6v2QM6R-iObpfiDtg,louisville
https://www.ubereats.com/louisville/food-delivery/the-old-spaghetti-factory-louisville/Sl1UWWkpQQS1LcWD4yIROA,louisville
https://www.ubereats.com/louisville/food-delivery/taco-bell-2563-charlestown-rd/zO1_r9pDRwODRCsbwIKTGA,louisville
https://www.ubereats.com/louisville/food-delivery/honest-louisville/B4GQex4VQieYQqB_0or8NA,louisville
https://www.ubereats.com/louisville/food-delivery/rallys-1514-east-10th-street/bVwu65vgTUi0Gnb6LKH40A,louisville
https://www.ubereats.com/louisville/food-delivery/white-castle-7200-cedar-springs-blvd/6rxPAhLAThis8EjK2dPJSw,louisville
https://www.ubereats.com/louisville/food-delivery/papa-murphys-3024-s-3rd-st/TCXfS8WmT-OSuBeG_3BWbg,louisville
https://www.ubereats.com/louisville/food-delivery/five-guys-ky-1788-13303-shelbyville-road/p_a5SSmQQWiHv5wRtxD-Dg,louisville
https://www.ubereats.com/louisville/food-delivery/burgerim/TOrZ4OsxQXS0OdSBHZDO8A,louisville
https://www.ubereats.com/louisville/food-delivery/kfc-1801-blankenbaker-parkway/Txi2eMSbTf6VOppiGkHF_Q,louisville
https://www.ubereats.com/louisville/food-delivery/kfc-4812-outer-loop/JO9TRVF9RDiFBP-u6LQ8hA,louisville
https://www.ubereats.com/louisville/food-delivery/five-guys-ky-1731-4903-outer-loop/dPSt04oHTtyPDxiVvZgCjw,louisville
https://www.ubereats.com/louisville/food-delivery/safier-mediterranean-deli/xRU5ZjQ6STyMdwbEb9Aucw,louisville
https://www.ubereats.com/louisville/food-delivery/ponderosa-steakhouse-11470-preston-hwy/SrL_mwU8R1mqG3pZE7YhRQ,louisville
https://www.ubereats.com/louisville/food-delivery/el-acapulco/R2UaL8usSN-2PmV0giOTjw,louisville
https://www.ubereats.com/louisville/food-delivery/wendys-3422-taylor-road/Yr9l5qP2Qf29HZBjgSYVZg,louisville
https://www.ubereats.com/louisville/food-delivery/cracker-barrel-old-country-store-2701-crittenden-dr/SySCvOjLQUqP868zdgMisA,louisville
https://www.ubereats.com/louisville/food-delivery/red-sun/WtNeFkunRAiqHbGsrjF_AA,louisville
https://www.ubereats.com/louisville/food-delivery/zaxbys-4949-dixie-hwy/BlADgvbvS0Wtqx0d_xR9fw,louisville
https://www.ubereats.com/louisville/food-delivery/taco-bell-1325-veterans-pkwy/AGA3isL5QUucukIQ9mGPgQ,louisville
https://www.ubereats.com/louisville/food-delivery/wendys-5240-bardstown-rd/N7chmo4tQ4CmkGn0BW8zIQ,louisville
https://www.ubereats.com/louisville/food-delivery/taco-bell-5414-newcut-rd/5jMFNucHR_i7Y1Huh5-ZyQ,louisville
https://www.ubereats.com/louisville/food-delivery/subway-6501-shepherdsville-rd/wJY8A5GXR3miOfJG8YuImw,louisville
https://www.ubereats.com/louisville/food-delivery/the-comfy-cow-middletown/OEz5l6MBSkiv3uVFG_qbBA,louisville
https://www.ubereats.com/louisville/food-delivery/taco-bell-11206-preston-hwy/vWlCXSd7TM6N0waPYzNVAA,louisville
https://www.ubereats.com/louisville/food-delivery/ramiros-cantina-express/rXsSLJnaQiaz8Xjs6yBMCw,louisville
https://www.ubereats.com/louisville/food-delivery/chipotle-mexican-grill-13303-shelbyville-rd-ste-101/IldGzhzMTgGGbYU6sJ2yyg,louisville
https://www.ubereats.com/louisville/food-delivery/king-fish-restaurant/eLfipOjaTXS1ikepa4yzaA,louisville
https://www.ubereats.com/louisville/food-delivery/kfc-3280-taylor-blvd/UZRmQTxRQPa20kPD7iu20Q,louisville
https://www.ubereats.com/louisville/food-delivery/panchitos-ice-cream/9_w5TE7PQhSsFwG9otuvcg,louisville
https://www.ubereats.com/louisville/food-delivery/essence-lounge/Q97FiSLlSX20FgMt2oWdkQ,louisville
https://www.ubereats.com/louisville/food-delivery/taco-bell-3125-poplar-level-rd/hKLmwf4eSd29U_rvn9scRQ,louisville
https://www.ubereats.com/louisville/food-delivery/mcdonalds-broadway-%26-2nd-st/q4LgE4JYQKGun0qT9xTBAg,louisville
https://www.ubereats.com/louisville/food-delivery/taco-bell-3408-preston-hwy/J2gWSc6ERGawZIy8fue4WA,louisville
https://www.ubereats.com/louisville/food-delivery/arbys-935-e-hwy-131/6l6C6FEDTlGvktu9tY8WPg,louisville
https://www.ubereats.com/louisville/food-delivery/mcdonalds-bardstown-%26-belmont/MY2csKIrR-CJ_vMzF11OYg,louisville
https://www.ubereats.com/louisville/food-delivery/bourbon-barrel-foods-eat-your-bourbon-marketplace/hyrzPn2aQCqtwABOd1Z-XA,louisville
