url,city
https://www.ubereats.com/rockford/food-delivery/steak-n-shake-7561-e-state-street/VDpa0Fg9R2eJr6oo2e-2CQ,loves-park-illinois
https://www.ubereats.com/rockford/food-delivery/spring-garden-family-restaurant/lxXFRXpuT2qS2zhInrg54g,loves-park-illinois
https://www.ubereats.com/rockford/food-delivery/windsor-pizza-parlor/RuUkTxbwQTGImjCbUHZzQQ,loves-park-illinois
https://www.ubereats.com/rockford/food-delivery/dunkin-1601-n-alpine-rd/NpgqZoARTe-5MjWsINyyJg,loves-park-illinois
https://www.ubereats.com/rockford/food-delivery/alvarez-mexican-restaurant/R2zNkJUxThWfj8pn7kdLPw,loves-park-illinois
https://www.ubereats.com/rockford/food-delivery/burger-king-1138-east-state-street/Up6Xlo_NRwGxk3wicfA8VQ,loves-park-illinois
https://www.ubereats.com/rockford/food-delivery/mod-pizza-machesney-park/5dm7RHsxSPmRMFy0TBrcfw,loves-park-illinois
https://www.ubereats.com/rockford/food-delivery/abc-catering/BqiPybcWRyitLHIkka6yCg,loves-park-illinois
https://www.ubereats.com/rockford/food-delivery/subway-6830-spring-creek-rd/bmUZ4k2qQLCe9Wzun86kag,loves-park-illinois
https://www.ubereats.com/rockford/food-delivery/mcdonalds-riverside-%26-main/_nKWNwbZSKOwwoyLjM8QVQ,loves-park-illinois
https://www.ubereats.com/rockford/food-delivery/mcdonalds-auburn-%26-central/EEWB2Y5cSmuEZNE1IfjO7Q,loves-park-illinois
https://www.ubereats.com/rockford/food-delivery/popeyes-5207-n-2nd-st/dD3KON4oTRCn3EdczFecsw,loves-park-illinois
https://www.ubereats.com/rockford/food-delivery/famous-daves-3303-north-perryville-road/ErYLtvRxQJyMu_iQWmos7w,loves-park-illinois
https://www.ubereats.com/rockford/food-delivery/potbelly-sandwich-shop-rockford-%7C-51/jLd1YU-8QvG28grABXG5fw,loves-park-illinois
https://www.ubereats.com/rockford/food-delivery/cantina-taco-308-w-state/qmmtsTi6Tq639PQYJxsxjQ,loves-park-illinois
https://www.ubereats.com/rockford/food-delivery/jersey-mikes-lane-%26-alpine/F6LY5cArTRC6J8RZpdy2xQ,loves-park-illinois
https://www.ubereats.com/rockford/food-delivery/starbucks-route-173-%26-orlando/j995jXfbRcq7UouDppAnHQ,loves-park-illinois
https://www.ubereats.com/rockford/food-delivery/wendys-5965-e-riverside/qbX8lduDTTitg9EgtSQ5nw,loves-park-illinois
https://www.ubereats.com/rockford/food-delivery/chipotle-mexican-grill-751-s-perryville-rd/GmRajLneTvKCJ3OQha0tNQ,loves-park-illinois
https://www.ubereats.com/rockford/food-delivery/noble-romans-stow-market/ht91dLjjR5elmnfBMGAvIQ,loves-park-illinois
https://www.ubereats.com/rockford/food-delivery/arbys-1510-sandy-hollow-rd/mYy-jj3FT2OICbLnIeXliQ,loves-park-illinois
https://www.ubereats.com/rockford/food-delivery/limamar/29W-ZlskSvaq4YVKRYEWQw,loves-park-illinois
https://www.ubereats.com/rockford/food-delivery/papa-johns-1501-south-alpine-road/t8Fxgt5KSrqR3KXQz3VslA,loves-park-illinois
https://www.ubereats.com/rockford/food-delivery/stewart-eatery/8wGDbpFvS2K6YIys263yHQ,loves-park-illinois
https://www.ubereats.com/rockford/food-delivery/jersey-mikes-6284-e-state-st/PMOWwfmkTE6cV4t3kXwoGg,loves-park-illinois
https://www.ubereats.com/rockford/food-delivery/sonic-drive-in-perryville-%26-charles/51LoaWOETpO0v8GjKns3yA,loves-park-illinois
https://www.ubereats.com/rockford/food-delivery/mcdonalds-11th-st-%26-lyran/1FxqGOLbRouFNS7BKeXB_A,loves-park-illinois
https://www.ubereats.com/rockford/food-delivery/gills-diner/HsOCWVKXQX2xI0JVviSaAQ,loves-park-illinois
https://www.ubereats.com/rockford/food-delivery/dickeys-barbecue-restaurants-inc-845-s-perryville-rd/7jwF8Ai3QY-mQR-lf9D2gw,loves-park-illinois
https://www.ubereats.com/rockford/food-delivery/taco-bell-6161-e-state-st/bUQwgfeoQAOGxPqy1YDYTg,loves-park-illinois
https://www.ubereats.com/rockford/food-delivery/pancheros-mexican-grill-3015-n-perryville-rd/cNRMa2AxQzWomxPHRQeFRQ,loves-park-illinois
https://www.ubereats.com/rockford/food-delivery/mcdonalds-state-%26-dempster/8o6YWec5QCyIOyRIdxb0Fw,loves-park-illinois
https://www.ubereats.com/rockford/food-delivery/subway-3849-northridge-dr/8UhzJPKQSgqU_bskO_Zh9Q,loves-park-illinois
https://www.ubereats.com/rockford/food-delivery/granite-city-food-%26-brewery-rockford/p5R8em9NQCuWnilefsBUuQ,loves-park-illinois
https://www.ubereats.com/rockford/food-delivery/subway-10223-n-2nd-st/uzl2aSXFR16hq3BgXY63UA,loves-park-illinois
https://www.ubereats.com/rockford/food-delivery/taco-bell-1297-west-lane-rd/Oq22cc-dRPG7gZ9HIn7gug,loves-park-illinois
https://www.ubereats.com/rockford/food-delivery/stockholm-inn/KrML-FGaSN6iAzlmEifk_Q,loves-park-illinois
https://www.ubereats.com/rockford/food-delivery/taco-bell-4001-mcfarland-road/V4Zw6-KYQoibf5yVqUoTEA,loves-park-illinois
https://www.ubereats.com/rockford/food-delivery/potbelly-sandwich-shop-machesney-park-dt-%7C-468/si0AwBFQRyCRAQHOhijYdg,loves-park-illinois
https://www.ubereats.com/rockford/food-delivery/mcdonalds-state-%26-jefferson/93oOMoSFQK-YVKDRVf-A2Q,loves-park-illinois
https://www.ubereats.com/rockford/food-delivery/noble-romans-2nd/Jskj3tlPT7WNHf5md9oL0A,loves-park-illinois
https://www.ubereats.com/rockford/food-delivery/noodles-%26-company-1247-w-lane-rd/0rqH8WNeRMOG37jR93P8Kg,loves-park-illinois
https://www.ubereats.com/rockford/food-delivery/taco-bell-7200-harrison-ave/Tb7EoTIgRCyo9LoFxyRJvw,loves-park-illinois
https://www.ubereats.com/rockford/food-delivery/mcdonalds-kishwaukee-%26-belle/ghZ-NfNNTACwguggqtrqLA,loves-park-illinois
https://www.ubereats.com/rockford/food-delivery/chipotle-mexican-grill-1570-w-lane-rd/I2UpUdDiTtePzHtWWQPGzQ,loves-park-illinois
https://www.ubereats.com/rockford/food-delivery/hooters-argus-%26-perryville/oRfE7MRDSMOUv-yncPvpMg,loves-park-illinois
https://www.ubereats.com/rockford/food-delivery/hai-quynh/1drOJdECRg-B0F8EstwNGg,loves-park-illinois
https://www.ubereats.com/rockford/food-delivery/chuck-e-cheese-3600-e-state-st/Yf2qHVroTuyGDHl9u4Mdsg,loves-park-illinois
https://www.ubereats.com/rockford/food-delivery/noodles-%26-company-6430-e-state-st-ste-118/gIKEktqcTcSR6GlQwjb5qw,loves-park-illinois
https://www.ubereats.com/rockford/food-delivery/smokey-bones-rockford/KTx2tVxVTT-CXjUkqQy9Rw,loves-park-illinois
https://www.ubereats.com/rockford/food-delivery/kfc-1586-w-lane-road/cj_X6bWxS5O4kGZvuMnjVw,loves-park-illinois
https://www.ubereats.com/rockford/food-delivery/noble-romans-jefferson/XnAcM9HDSX-JSsmJQcZF_w,loves-park-illinois
https://www.ubereats.com/rockford/food-delivery/taco-bell-3805-east-state-st/hsK1Ns6-Q-SfPvlSFG70sw,loves-park-illinois
https://www.ubereats.com/rockford/food-delivery/mcdonalds-2nd-st-%26-lane/MjimDY0WTmaoR19JhUpH9g,loves-park-illinois
https://www.ubereats.com/rockford/food-delivery/chef-vs-kitchen/3uO1Z9BnRtiIqo9WaL_qhg,loves-park-illinois
https://www.ubereats.com/rockford/food-delivery/sugar-jones/KNwZM7KhQomCjRqQJTRuqA,loves-park-illinois
https://www.ubereats.com/rockford/food-delivery/popeyes-3622-auburn-st/1TZT1dUBTBaJsTJ8CF8C7g,loves-park-illinois
https://www.ubereats.com/rockford/food-delivery/panera-1512-west-lane-road/pRghqPO6S5uddqY0HoEUWw,loves-park-illinois
https://www.ubereats.com/rockford/food-delivery/pasquallys-pizza-%26-wings-3600-e-state-st/TNgvspwnQbOoczzx2pNGPw,loves-park-illinois
https://www.ubereats.com/rockford/food-delivery/fannie-may-rockford-plaza/rNUl8RcXTZKzvCm52w0KFQ,loves-park-illinois
https://www.ubereats.com/rockford/food-delivery/pita-pit-copper-%26-2nd-st/YKWrxq28S0Wc-sc0bdCTEg,loves-park-illinois
https://www.ubereats.com/rockford/food-delivery/fiesta-tequila-bar-%26-grill/6aCIVB1BRFGW-7NWctfo1Q,loves-park-illinois
https://www.ubereats.com/rockford/food-delivery/arbys-10141-n-2nd-st/vhd0g5RlRr2UzQSNZd75Ew,loves-park-illinois
https://www.ubereats.com/rockford/food-delivery/subway-6320-east-riverside-blvd/eiiH1uGkSRm0SS9pGfmypw,loves-park-illinois
https://www.ubereats.com/rockford/food-delivery/charleys-philly-steaks-7038-walton-street/WUb2ext5R_6TavHLK3HmnQ,loves-park-illinois
https://www.ubereats.com/rockford/food-delivery/buffalo-wild-wings-6275-e-state-st/_udvBP-HTfKHnTCUVaZjtw,loves-park-illinois
https://www.ubereats.com/rockford/food-delivery/arbys-6233-n-second-st/92HWN7IkSrKycsYlynNRTw,loves-park-illinois
https://www.ubereats.com/rockford/food-delivery/burger-king-630-machesney-road/PW6ZXmD6SO6E35GPAIccNw,loves-park-illinois
https://www.ubereats.com/rockford/food-delivery/outback-steakhouse-6007-east-state-street/mUkVLMGEQVi3DTeKJuijow,loves-park-illinois
https://www.ubereats.com/rockford/food-delivery/cracker-barrel-old-country-store-730-north-lyford-road/hXBO5So4SOO8HBRDrmlFDQ,loves-park-illinois
https://www.ubereats.com/rockford/food-delivery/dusty-boots-saloon-%26-eatery/3bWfu4rkTniDfEjAJovC5Q,loves-park-illinois
https://www.ubereats.com/rockford/food-delivery/five-guys-il-1141-611-highgrove-pl/q1mmWmTvQYulPgwE2pZF5A,loves-park-illinois
https://www.ubereats.com/rockford/food-delivery/bens-soft-pretzels-2013-mcfarland-road/H1AJ3uNGQZWM3hWxX5zRow,loves-park-illinois
https://www.ubereats.com/rockford/food-delivery/onyx-bar-and-grill/cSm2Q7nCRLSNuKl7XgN35A,loves-park-illinois
https://www.ubereats.com/rockford/food-delivery/old-chicago-40-6280-east-state-street-unit-a/hZMkhKdnTPqr573J7H-dHw,loves-park-illinois
https://www.ubereats.com/rockford/food-delivery/krispy-krunchy-chicken-8080-forest-hills-road/iaaoPL8_TG6jiDAGrwNr2A,loves-park-illinois
https://www.ubereats.com/rockford/food-delivery/taco-bell-2182-s-perryville-rd/_91k0OZETmawd_y-kN4ILg,loves-park-illinois
https://www.ubereats.com/rockford/food-delivery/sisters-on-main/G-0O_umbTGqrSjIQooIfsw,loves-park-illinois
https://www.ubereats.com/rockford/food-delivery/kfc-1502-kilburne/6M_yjcnJQACB7hkJaL5eZw,loves-park-illinois
https://www.ubereats.com/rockford/food-delivery/jessicas-restaurant/7PRxq6cLTsa65qqKug4XEQ,loves-park-illinois
https://www.ubereats.com/rockford/food-delivery/wendys-6390-e-state/HYHLZAYpREyRXs2n5mgZ1A,loves-park-illinois
https://www.ubereats.com/rockford/food-delivery/noble-romans-main/yqNOEeO7RTOecoBBdRxGiA,loves-park-illinois
https://www.ubereats.com/rockford/food-delivery/mcdonalds-northridge-%26-forrest-hills/LtpUwdSEQNmq5_HVEpox0Q,loves-park-illinois
https://www.ubereats.com/rockford/food-delivery/dunkin-3225-11th-st/hMR7gUeETtG_Rp2fN6uETA,loves-park-illinois
https://www.ubereats.com/rockford/food-delivery/dairy-queen-grill-%26-chill-2222-s-perryville-rd/4UKFe0IPQpeO3yFy5bIMVQ,loves-park-illinois
https://www.ubereats.com/rockford/food-delivery/dairy-queen-grill-%26-chill-1601-sandy-hollow-rd/2P-tJ9KpTMaFUJCiInlo5Q,loves-park-illinois
https://www.ubereats.com/rockford/food-delivery/marcos-pizza-6108-n-second-st/1aweV_5RTNq-AaRfpbYxYQ,loves-park-illinois
https://www.ubereats.com/rockford/food-delivery/salamones-north/UxEpHM4LSRCJj22C7AxeMg,loves-park-illinois
https://www.ubereats.com/rockford/food-delivery/hachi-sushi-%26-hibachi/5alFgkndRGSUX3m8NBj2Ew,loves-park-illinois
https://www.ubereats.com/rockford/food-delivery/marcos-pizza-4733-bluestem-rd/iWIg1ZwaSAan2cXLfyLPPg,loves-park-illinois
https://www.ubereats.com/rockford/food-delivery/tacos-el-toro/FA93oL6PQaib47JUz8btXQ,loves-park-illinois
https://www.ubereats.com/rockford/food-delivery/bens-soft-pretzels-1770-west-lane-rd/jX1AdVq_RKeGpV3utHFfyw,loves-park-illinois
https://www.ubereats.com/rockford/food-delivery/mcdonalds-harrison-%26-manchester/wJ6m3q11RFyg7IpexudhXw,loves-park-illinois
https://www.ubereats.com/rockford/food-delivery/sandwich-factory-inc/ZnEQIAtbTBKJf9PcYK4XsA,loves-park-illinois
https://www.ubereats.com/rockford/food-delivery/arbys-2701-s-alpine-rd/zwKxhD68Qoe-GIojtpveIg,loves-park-illinois
https://www.ubereats.com/rockford/food-delivery/popeyes-3509-e-state-st/UaXRpn_qTherj-jiA0VBsg,loves-park-illinois
https://www.ubereats.com/rockford/food-delivery/its-a-wing-thing/E0JDPR30QO2p38iNTYeT6Q,loves-park-illinois
https://www.ubereats.com/rockford/food-delivery/steak-n-shake-1568-west-lane-road/62yM-qsvTqarMCqZBFax7Q,loves-park-illinois
https://www.ubereats.com/rockford/food-delivery/blazers-southwest-grill/N3ZFsNejQ-qyGUs-M-rzzw,loves-park-illinois
https://www.ubereats.com/rockford/food-delivery/harolds-fish-and-chicken/Cpns5xPcR4GTyMtg7LtC0Q,loves-park-illinois
https://www.ubereats.com/rockford/food-delivery/taco-bell-3114-11th-street/7xDzo_L6S6ytSGebKtjn_w,loves-park-illinois
https://www.ubereats.com/rockford/food-delivery/sams-ristorante-%26-pizzeria-1031-harlem-rd/xuUY_YrNRsqFv_e9Y_EEZQ,loves-park-illinois
https://www.ubereats.com/rockford/food-delivery/arbys-7163-charles-st/ctU_4IngR4ipP0Cq813JxQ,loves-park-illinois
https://www.ubereats.com/rockford/food-delivery/panda-express-7200-harrison-ave/R7tQUrFYTaib6sMNJzM4Uw,loves-park-illinois
https://www.ubereats.com/rockford/food-delivery/panda-express-7046-walton-st/X3zj0BW0RKqlO37Cr39N2g,loves-park-illinois
https://www.ubereats.com/rockford/food-delivery/el-burrito-loco-rockford/M98jw1qSSsCZK2FmC9D3pA,loves-park-illinois
https://www.ubereats.com/rockford/food-delivery/wendys-1110-east-state-street/sAaabLXkSaOJK0xwqya_0g,loves-park-illinois
https://www.ubereats.com/rockford/food-delivery/dunkin-8058-n-2nd-st/kpebyFwSTfOhHoJ75HXFzg,loves-park-illinois
https://www.ubereats.com/rockford/food-delivery/mcdonalds-riverland-%26-mcfarland/3r8NiKH8RIukKnVJ-1RXvQ,loves-park-illinois
https://www.ubereats.com/rockford/food-delivery/portillos-hot-dogs-6090-state-street/XJG8evwnTEWeHYm8WIdnvw,loves-park-illinois
https://www.ubereats.com/rockford/food-delivery/hooties-burger-bar-6904-argus-drive/opt4dTFcRVm9vOxQ9KjDpw,loves-park-illinois
https://www.ubereats.com/rockford/food-delivery/subway-8101-forest-hills-rd/SEKPqAcUSn61vzNeDZ_seg,loves-park-illinois
https://www.ubereats.com/rockford/food-delivery/ihop-argus-%26-perryville/H6xl7zpqSzyCgO0uAXR9MQ,loves-park-illinois
https://www.ubereats.com/rockford/food-delivery/red-robin-475-7029-e-state-st/0vAA0twoTcO5nXEWI1H_8A,loves-park-illinois
https://www.ubereats.com/rockford/food-delivery/district-bar-and-grill/3itKFMqkTcyGSm-GYa8cDg,loves-park-illinois
https://www.ubereats.com/rockford/food-delivery/papa-johns-5028-north-2nd-street-suite-b/7Vb8qXUxSz-rQoP_LYRl2w,loves-park-illinois
https://www.ubereats.com/rockford/food-delivery/whiskeys-roadhouse/svm0PR4_Q9usm5G8-fqU3g,loves-park-illinois
https://www.ubereats.com/rockford/food-delivery/panda-express-1640-west-lane-dr/_WJh5YSES12tmxiSS2eIlA,loves-park-illinois
https://www.ubereats.com/rockford/food-delivery/alizes-grill/b9XiVB_9Qd6JwcX_8fT02Q,loves-park-illinois
https://www.ubereats.com/rockford/food-delivery/arbys-6802-rock-valley-pkwy/8gpas8KMT3GIiERl1RH17A,loves-park-illinois
https://www.ubereats.com/rockford/food-delivery/red-lobster-5827-e-state-street/KY32GGwCTwWGulz3Qzp1uA,loves-park-illinois
https://www.ubereats.com/rockford/food-delivery/chinmi-asian-cuisine/bfbCmrtPSvy3xBKLOQF--Q,loves-park-illinois
https://www.ubereats.com/rockford/food-delivery/pita-pit-deane-%26-state/Eajd7JoeQEypBV9pd6_Afg,loves-park-illinois
https://www.ubereats.com/rockford/food-delivery/mcdonalds-perryville-%26-walton/q3Qx2ydtTwKzz2mCnkJmkQ,loves-park-illinois
https://www.ubereats.com/rockford/food-delivery/arbys-241-north-phelps-ave/cCXInqcZSGOLm23TYn96Wg,loves-park-illinois
https://www.ubereats.com/rockford/food-delivery/sams-ristorante-%26-pizzeria-e-riverside/6zDM_2P2Q9iwRX3SNxjzRA,loves-park-illinois
https://www.ubereats.com/rockford/food-delivery/dunkin-7370-e-state-st/PlmLp5PMS5SKrgcPhIpzeg,loves-park-illinois
https://www.ubereats.com/rockford/food-delivery/arbys-3916-w-riverside-blvd/Rfh14UtqQy-kocr-BEDZhQ,loves-park-illinois
https://www.ubereats.com/rockford/food-delivery/noble-romans-alpine/60YFalpEQCOVzgCNIRnQGQ,loves-park-illinois
https://www.ubereats.com/rockford/food-delivery/sbarro-7200-harrison-ave-fc-2-fc-2/ue4QrDkiSyufu7TsdEecSw,loves-park-illinois
https://www.ubereats.com/rockford/food-delivery/lao-kitchen/6Ouht1wtRgem-JpZABz0OA,loves-park-illinois
https://www.ubereats.com/rockford/food-delivery/taco-bell-1525-e-riverside-blvd/mE-Hi9f6QOqz6V5flltHdg,loves-park-illinois
https://www.ubereats.com/rockford/food-delivery/dunkin-6152-e-riverside-blvd/DrYdi7VcQJmFMu317MgsAQ,loves-park-illinois
https://www.ubereats.com/rockford/food-delivery/taco-bell-2602-auburn-st/fBLM_pYRSP6pfKkEnqh0zQ,loves-park-illinois
https://www.ubereats.com/rockford/food-delivery/noris-cafe/-mSoJjOiTMWLxjxnWHr9Iw,loves-park-illinois
https://www.ubereats.com/rockford/food-delivery/cold-stone-creamery-653-s-perryville-rd/JETiTJOJQTSoO-T5bZMh0g,loves-park-illinois
https://www.ubereats.com/rockford/food-delivery/mod-pizza-rockford/3DWoyDLNQ1-UxRAKijlsRA,loves-park-illinois
https://www.ubereats.com/rockford/food-delivery/sonic-drive-in-riverside-%26-forest-hills/8TklS6bcQMeWDRHoGQrKZQ,loves-park-illinois
https://www.ubereats.com/rockford/food-delivery/mcdonalds-mulford-%26-state/Y2GY07AqRZ-RtQCxw4P3Sg,loves-park-illinois
https://www.ubereats.com/rockford/food-delivery/prairie-street-brewing-company/Umr2CcROQS2vGlvJX9rLpg,loves-park-illinois
https://www.ubereats.com/rockford/food-delivery/mcdonalds-22nd-st-%26-clifford/PY62JH6IToO-RTb1dAIeLg,loves-park-illinois
https://www.ubereats.com/rockford/food-delivery/dunkin-4105-charles-st/foUAj6gHQ52ZVsEMIJYVeQ,loves-park-illinois
https://www.ubereats.com/rockford/food-delivery/taco-johns-8304-n-2nd-street/zgkR7n7CQ3K6MnQXJ2Nytw,loves-park-illinois
https://www.ubereats.com/rockford/food-delivery/buffalo-wild-wings-1513-w-lane-rd/B8Z086JSScaeqgUPwG0CxQ,loves-park-illinois
https://www.ubereats.com/rockford/food-delivery/papa-johns-4011-n-mulford-road/fs1ED4IwT6yPkY1RWGA5Jg,loves-park-illinois
https://www.ubereats.com/rockford/food-delivery/stockyard-rock-burger-bar/h49_1ZpYTzC20CD-YV6efg,loves-park-illinois
https://www.ubereats.com/rockford/food-delivery/dennys-7375-e-state-st/ezUMZUdISmu8_lzD0AE2Gw,loves-park-illinois
