url,city
https://www.ubereats.com/lubbock/food-delivery/twisted-snacks/MIkvuCHMSmW0XvGVx6ofdA,lubbock
https://www.ubereats.com/lubbock/food-delivery/macs-bar-b-q/07N1k-5URYWIci1Nu84STg,lubbock
https://www.ubereats.com/lubbock/food-delivery/walk-ons-sports-bistreaux-lubbock/fNPmTP-SS8adKeB9kLYZdA,lubbock
https://www.ubereats.com/lubbock/food-delivery/caliente/8PU-mrWjQ4y7CGuvjzOC7w,lubbock
https://www.ubereats.com/lubbock/food-delivery/dennys-4718-slide-rd/377br98KSwueDl4PWi0EAA,lubbock
https://www.ubereats.com/lubbock/food-delivery/taco-bell-4928-50th-street/hTmsEiYdRROshO5kAMLU5w,lubbock
https://www.ubereats.com/lubbock/food-delivery/taco-bell-5010-milwaukee-ave/ypifMYaoRbaWDVLiWgw18w,lubbock
https://www.ubereats.com/lubbock/food-delivery/crustys-wood-fired-pizza/I0jdSJAJR5WlVDdWVYyTng,lubbock
https://www.ubereats.com/lubbock/food-delivery/mcdonalds-5201-4th-st/pFgaw1DnRhGW90YZWretXA,lubbock
https://www.ubereats.com/lubbock/food-delivery/firehouse-subs-lubbock/WcK0O3kcThWFIXcTt60MwQ,lubbock
https://www.ubereats.com/lubbock/food-delivery/taco-bell-402-ave-q/PHuCRqthQwq9vLpbW9janQ,lubbock
https://www.ubereats.com/lubbock/food-delivery/tropical-smoothie-cafe-80th-street/sX5qJVXZQYOQK6NluTwbbA,lubbock
https://www.ubereats.com/lubbock/food-delivery/petes-drive-in-%233/Vvc459WwSb2p2OLKT5QT0w,lubbock
https://www.ubereats.com/lubbock/food-delivery/arbys-5052-frankford-ave/BZGhnSJvTly47SOKczqATw,lubbock
https://www.ubereats.com/lubbock/food-delivery/outback-steakhouse-4015-south-loop-289/fg_iqfiSSlGREm0WLtEnmA,lubbock
https://www.ubereats.com/lubbock/food-delivery/slim-chickens-4509-98th-street/NChkhmOkQDSqCuvn9zmOlQ,lubbock
https://www.ubereats.com/lubbock/food-delivery/east-moon-lubbock/cAs9_ZYoTNqS890noRlH6w,lubbock
https://www.ubereats.com/lubbock/food-delivery/now-we-tacon-taqueria/LhwIRI_wR_S9Odzw6X-SEA,lubbock
https://www.ubereats.com/lubbock/food-delivery/la-bella-pizza/ByBCAqpUQMaj5n0J4EL-fA,lubbock
https://www.ubereats.com/lubbock/food-delivery/big-bens-bbq/4GIpiQIBReCzcNu9a-NQBw,lubbock
https://www.ubereats.com/lubbock/food-delivery/clouds-hookah-sports-grill/02_9ckqzS3W8A0X3cEC3VA,lubbock
https://www.ubereats.com/lubbock/food-delivery/saltgrass-6026-marsha-sharp-freeway/FLL7HVNpTfSKIcBDZrYd3Q,lubbock
https://www.ubereats.com/lubbock/food-delivery/main-event-lubbock/29b2xfOWRC2LICsvQKwyUg,lubbock
https://www.ubereats.com/lubbock/food-delivery/burrito-king/PaUtU8Y9R4Gcae6haZX_rA,lubbock
https://www.ubereats.com/lubbock/food-delivery/sonic-101-n-university/M_9Ii4jCQN2TYK1VziSOzg,lubbock
https://www.ubereats.com/lubbock/food-delivery/josies-authentic-mexican-food/_g2QfJUcTXGmbH9hxOJBJQ,lubbock
https://www.ubereats.com/lubbock/food-delivery/cantina-tacos/xmPo3oVHQKyqER_8fOqWUA,lubbock
https://www.ubereats.com/lubbock/food-delivery/tea2go/TC-p_SQTSmuM5cDVTzYYhA,lubbock
https://www.ubereats.com/lubbock/food-delivery/happys-shaved-ice-bubble-tea-%26-smoothies/aUGGNGLRRJKaKauL_B7f3w,lubbock
https://www.ubereats.com/lubbock/food-delivery/woodys-brick-oven-pizza/0KX-Uw4kSAiKBWrocWD7mA,lubbock
https://www.ubereats.com/lubbock/food-delivery/sonic-5202-50th-st/XY31KHK3QNy1CYuAnzdYOA,lubbock
https://www.ubereats.com/lubbock/food-delivery/thirsty-dilla/U44Q9ZfNQ22XdWUOff4yAQ,lubbock
https://www.ubereats.com/lubbock/food-delivery/mcdonalds-6001-w-19th-st/C3uPzDHtRliKq34Q0grOwg,lubbock
https://www.ubereats.com/lubbock/food-delivery/schlotzskys-deli-5204-slide-road/8ia9P19oTca0NSbAoPHc5g,lubbock
https://www.ubereats.com/lubbock/food-delivery/burger-king-4202-82nd-street/lqGBTETWSPCoA-HenStTng,lubbock
https://www.ubereats.com/lubbock/food-delivery/pei-wei-4210-82nd-st-suite-230/s0wMSDoDQtagnA0SfLX7ug,lubbock
https://www.ubereats.com/lubbock/food-delivery/sonic-5722-4th-st/pN_mQCGfTRqCPLSua1G1IA,lubbock
https://www.ubereats.com/lubbock/food-delivery/el-ranchitoburrito/13pH6nGYSRO9DcJ1blMxZA,lubbock
https://www.ubereats.com/lubbock/food-delivery/kfc-7823-slide-road/T0BAkPcMQBqNS7IfxvrZLA,lubbock
https://www.ubereats.com/lubbock/food-delivery/rain-cafe/Oym5dY_eTdCfs7OD-rXJSw,lubbock
https://www.ubereats.com/lubbock/food-delivery/the-farmhouse/Gf6W0iIpSEuBQwJ9XfHqXg,lubbock
https://www.ubereats.com/lubbock/food-delivery/starbucks-82nd-%26-quaker/bcHQ2N9cTaCAukXMqR-c_A,lubbock
https://www.ubereats.com/lubbock/food-delivery/red-lobster-5034-50th-street/msDGdJ1VQvGVFq9WSuDy9A,lubbock
https://www.ubereats.com/lubbock/food-delivery/subway-5214-98th-st/zpX7AzEmTYmo_77FsHIasw,lubbock
https://www.ubereats.com/lubbock/food-delivery/logans-roadhouse-353-6251-slide-road/7N2TAqqySP2M2IY2zjpMvQ,lubbock
https://www.ubereats.com/lubbock/food-delivery/e-%26-j-smokehouse-and-grill/orD3GjMzQc-_Kk23aQN6qw,lubbock
https://www.ubereats.com/lubbock/food-delivery/qdoba-mexican-grill-12406-indiana-ave/ZPPL9GpRROCTkzme3Ireiw,lubbock
https://www.ubereats.com/lubbock/food-delivery/panera-3004-w-loop-289/FGrER5MaQEKhqbeHY5ZB5w,lubbock
https://www.ubereats.com/lubbock/food-delivery/sonic-7220-quaker-ave/KhcJu0g-Ree8v6ZQhlPiew,lubbock
https://www.ubereats.com/lubbock/food-delivery/burgerfi-lubbock/hCoQLw4jRMaULxxWtsuy5Q,lubbock
https://www.ubereats.com/lubbock/food-delivery/sonic-5802-64th/lYlh9rKWRhiEQK2jdqd2Aw,lubbock
https://www.ubereats.com/lubbock/food-delivery/josies-w-19th/Zin2mGooS86sirCZHzLBhg,lubbock
https://www.ubereats.com/lubbock/food-delivery/sonic-7901-82nd-st/_fGtZekaR_udjbSLof6fVg,lubbock
https://www.ubereats.com/lubbock/food-delivery/chick-fil-a-8225-university-ave/1nN5DiVGQ2OppLdMXdMAfw,lubbock
https://www.ubereats.com/lubbock/food-delivery/beef-o-bradys-5510-4th-street/fLEb1xUgRFOgtTzr0C03pA,lubbock
https://www.ubereats.com/lubbock/food-delivery/taco-bell-21100-dulles-town-circle/1vAR7dEdS5-DXJAC0wS4IQ,lubbock
https://www.ubereats.com/lubbock/food-delivery/50th-street-caboose/wShkEzL3TLm4g-PWkhX7Cw,lubbock
https://www.ubereats.com/lubbock/food-delivery/tech-cafe-%234/0DnkmZXxROCsjODQK6rHHA,lubbock
https://www.ubereats.com/lubbock/food-delivery/mcdonalds-3403-quaker-ave/7amvChopRZWAqeBvYe_P8w,lubbock
https://www.ubereats.com/lubbock/food-delivery/tech-tims-espresso-coffee-house/haTcqtLRQ0OXBFhfjwi5RQ,lubbock
https://www.ubereats.com/lubbock/food-delivery/churchs-chicken-1702-s-50th-street/Sx3ncfdpR_mn2veUh8B3vg,lubbock
https://www.ubereats.com/lubbock/food-delivery/dairy-queen-5735-19th-st/ND0wlqBYR7eEcknpJfMsfw,lubbock
https://www.ubereats.com/lubbock/food-delivery/schlotzskys-deli-3715-19th-st/p1OxV_ogQMGBUF5NzGbHrQ,lubbock
https://www.ubereats.com/lubbock/food-delivery/mcdonalds-5010-interstate-27/mNHgGtKfQkmTKhL678oGNA,lubbock
https://www.ubereats.com/lubbock/food-delivery/j%26m-bar-b-q/e3BPPVHsQAOyQtHI-5ktDA,lubbock
https://www.ubereats.com/lubbock/food-delivery/doubledaves-pizzaworks-lubbock/r6UHz0mXQlWejYmq9XLYHw,lubbock
https://www.ubereats.com/lubbock/food-delivery/josies-66th/IRx6JKoOTF-fVRqGHNrSEA,lubbock
https://www.ubereats.com/lubbock/food-delivery/masiso/dC4Npea6TXqFX7gg6k34bA,lubbock
https://www.ubereats.com/lubbock/food-delivery/sonic-4401-4th-street/k3a0AULHQ0Cq4chbYO7PfQ,lubbock
https://www.ubereats.com/lubbock/food-delivery/pj-fresh-602-4th-street/AIIqloRVSzSDWpGLuhpYOA,lubbock
https://www.ubereats.com/lubbock/food-delivery/burklee-hill-vineyards/86rjo3DZSi2Di5f4kj_EWw,lubbock
https://www.ubereats.com/lubbock/food-delivery/josies-3/gUKW15wfTZiBAIOmmrvUTg,lubbock
https://www.ubereats.com/lubbock/food-delivery/tova-coffeehouse/88DLXpyRR5yxA6Q50-8TKg,lubbock
https://www.ubereats.com/lubbock/food-delivery/ihop-1627-university-ave/TwrbJ631S-2Dv0EozUPlLA,lubbock
https://www.ubereats.com/lubbock/food-delivery/sonic-4904-indiana-ave/ptdCkdOVQPC8C7tScime3w,lubbock
https://www.ubereats.com/lubbock/food-delivery/the-wellness-nook/faHngAXkQzaPCZps398csw,lubbock
https://www.ubereats.com/lubbock/food-delivery/potbelly-sandwich-works-6616-milwaukee-ave/kq2djInJTKChVkQ7TUNhuQ,lubbock
https://www.ubereats.com/lubbock/food-delivery/chick-fil-a-6820-slide-rd/y_5paJCsTPyYzT1IaghUdA,lubbock
https://www.ubereats.com/lubbock/food-delivery/sonic-12702-indiana/UEcEqRnUS4iHvkPIxLuPhQ,lubbock
https://www.ubereats.com/lubbock/food-delivery/ricchezzas-philly-cheesesteaks/H2a6UfzBQ-SEpPu29xrP8w,lubbock
https://www.ubereats.com/lubbock/food-delivery/italian-garden/NqHt96yKQyOC_ebcC2Z_-Q,lubbock
https://www.ubereats.com/lubbock/food-delivery/world-of-beer-2910-w-loop-289/_QggvXfES8q5TArFV2P4rA,lubbock
https://www.ubereats.com/lubbock/food-delivery/abuelos-lubbock-tx/kHBb0lP6TfC_19abo6p2vw,lubbock
https://www.ubereats.com/lubbock/food-delivery/growler-usa-lubbock/0-xHflY5S4-RTWgK9iPEBQ,lubbock
https://www.ubereats.com/lubbock/food-delivery/churchs-chicken-6410-19th-st/XW7YGr4BTby3MjXU39DTLQ,lubbock
https://www.ubereats.com/lubbock/food-delivery/texas-taco-company/My0_B21IQYmsfskgxcPfZg,lubbock
https://www.ubereats.com/lubbock/food-delivery/furrs-fresh-buffet-lubbock/JKVHGQe9RUaaBcT--JTjrA,lubbock
https://www.ubereats.com/lubbock/food-delivery/dairy-queen-8103-indiana-ave/WF1tIfhcTNy_nFoq5ZM3qA,lubbock
https://www.ubereats.com/lubbock/food-delivery/razzoos-cajun-cafe-lubbock/8sEr6VWRRme5McFpuWQIMQ,lubbock
https://www.ubereats.com/lubbock/food-delivery/burger-king-6311-82nd-street/sA_KGKW_T2egxTX37ZE-9A,lubbock
https://www.ubereats.com/lubbock/food-delivery/spankys-sandwich-shop/rchxIQXtS0WGVy0LOgTkjA,lubbock
https://www.ubereats.com/lubbock/food-delivery/hooties-burger-bar-4950-south-loop-289/3T60weoESoepYOolnoMyEA,lubbock
https://www.ubereats.com/lubbock/food-delivery/burger-king-5212-4th-street/crNVycauTJyJjQKfnjg1VQ,lubbock
https://www.ubereats.com/lubbock/food-delivery/sonic-8010-university-ave/YPvjgqtvRkyOVx5_IYhSKQ,lubbock
https://www.ubereats.com/lubbock/food-delivery/bier-haus-lubbock/8kI7iwVQTYGTlqlJ20sLLw,lubbock
https://www.ubereats.com/lubbock/food-delivery/arbys-5711-19th-street/rKopjLHXQxeOlLsba2a5Mw,lubbock
https://www.ubereats.com/lubbock/food-delivery/j-%26-m-bar-b-q/DO811gg7QKSV4I0hM8wbxA,lubbock
https://www.ubereats.com/lubbock/food-delivery/subway-2515-82nd-st/uUyvA0sTQTWu7M2Ie_f_gg,lubbock
https://www.ubereats.com/lubbock/food-delivery/slim-chickens-7801-university-ave/HV1pXsViQOmZKAfCCRQeWQ,lubbock
https://www.ubereats.com/lubbock/food-delivery/aspen-creek-grill-lubbock/RHjKC3wSTZW14RMC4A9thw,lubbock
https://www.ubereats.com/lubbock/food-delivery/one-guy-from-italy/srBQ6HVISU6LwMavBhgqQw,lubbock
https://www.ubereats.com/lubbock/food-delivery/kfc-7601-82nd-street/x0xjSudYTBuROnAiZAwCag,lubbock
https://www.ubereats.com/lubbock/food-delivery/mcdonalds-6511-82nd-street/afZMpTTsRF-ta_znbe_tpQ,lubbock
https://www.ubereats.com/lubbock/food-delivery/panda-express-11411-quaker-ave/k5LQG4V7T6uiSaiyZ3vqJw,lubbock
https://www.ubereats.com/lubbock/food-delivery/pita-pit-lubbock/j2dmqk2DQ46m5Gnrx7sa-A,lubbock
https://www.ubereats.com/lubbock/food-delivery/taco-bell-5713-fourth-street/RAS8dIQPTeO-ASp9dQiPQA,lubbock
https://www.ubereats.com/lubbock/food-delivery/subway-4412-50th-st/eS5E3g-0TIu4YWo0Sz81cQ,lubbock
https://www.ubereats.com/lubbock/food-delivery/papa-murphys-tx062-6319-82nd-street/3lxMm2HgSsGAnl5Z7QC3qw,lubbock
https://www.ubereats.com/lubbock/food-delivery/bobalicious-tea-shop/_oyqdO7XSlO5-w2UdLvJDQ,lubbock
https://www.ubereats.com/lubbock/food-delivery/beijing-house/jDOaPB85R-GhQvAfQeH-3Q,lubbock
https://www.ubereats.com/lubbock/food-delivery/chipotle-mexican-grill-2912-w-loop-289-ste-102/HfXXbf8fQO68G-NNwk5LBA,lubbock
https://www.ubereats.com/lubbock/food-delivery/marble-slab-creamery-4210-82nd-st/FRMf_gW9RpiGJ-wB_s_CfA,lubbock
https://www.ubereats.com/lubbock/food-delivery/starbucks-80th-%26-university/3s1OwEcXQ7qvoiT2UAYL-Q,lubbock
https://www.ubereats.com/lubbock/food-delivery/sonic-10109-slide-rd/Ty238Ft9R-msbbFrxlpEIg,lubbock
https://www.ubereats.com/lubbock/food-delivery/popeyes-7714-milwaukee-avenue/kiZKu3CDQbiaNrB-A913hA,lubbock
https://www.ubereats.com/lubbock/food-delivery/bone-daddys-lubbock/oYh1YNoiQZ2vFftcoFPlhQ,lubbock
https://www.ubereats.com/lubbock/food-delivery/keva-juice/l5Ydg1roTMCJG1wZTJzmzQ,lubbock
https://www.ubereats.com/lubbock/food-delivery/papa-murphys-tx063-421-frankford-ave/ZqFKppOiR3exx6LYDzztOg,lubbock
https://www.ubereats.com/lubbock/food-delivery/sonic-4611-34th-st/2F19ovj0REefSPmQp3tFzQ,lubbock
https://www.ubereats.com/lubbock/food-delivery/papa-johns-5905-82nd-st-%23107/hGYY1eF2RquKWjLEtZop2g,lubbock
https://www.ubereats.com/lubbock/food-delivery/taco-bell-2408-82nd-street/M8W5SfjuSuWfnNaBndnZmQ,lubbock
https://www.ubereats.com/lubbock/food-delivery/long-john-silvers-5402-4th-st/z3EiZGiURZCpDywHyV-Hjw,lubbock
https://www.ubereats.com/lubbock/food-delivery/taco-bell-5111-82nd-street/s4tDwxeETLWIup6E1qyv6Q,lubbock
https://www.ubereats.com/lubbock/food-delivery/arbys-6910-82nd-st/HwtFSD5cQDisTCLUthZZXw,lubbock
https://www.ubereats.com/lubbock/food-delivery/pepes-pizza-%26-ice-cream/aVk10_I5Rv25RtqH7rFTTg,lubbock
https://www.ubereats.com/lubbock/food-delivery/casa-ole-4413-s-loop-289/CpE2A7uVSC2O3WOUMRGJ-Q,lubbock
https://www.ubereats.com/lubbock/food-delivery/mcdonalds-1910-50th-st/InE9N4v1SqS53bXJ97M3IA,lubbock
https://www.ubereats.com/lubbock/food-delivery/wendys-5111-98th-st/XRn_G7OrQVW1gaoeoL5Riw,lubbock
https://www.ubereats.com/lubbock/food-delivery/noras-mexican-food-restaurant/-9wFgXW9R0iR1-LXdXzDdA,lubbock
https://www.ubereats.com/lubbock/food-delivery/glazed-honey-ham-co-sandwich-shop/BDlnq6uoSP2wW3oXXNjWdQ,lubbock
https://www.ubereats.com/lubbock/food-delivery/mcdonalds-6007-slide-rd/mri7h1CUTNepoRMUailCiQ,lubbock
https://www.ubereats.com/lubbock/food-delivery/kfc-1208-50th-street/k2Sj7gCCQOObfDu1MYvCHA,lubbock
https://www.ubereats.com/lubbock/food-delivery/dennys-607-avenue-q/zyu1OEmvS3OYJ00TLc0xiQ,lubbock
https://www.ubereats.com/lubbock/food-delivery/gators-bayou/bAeIE3JtRUmA6__5uNz3YA,lubbock
https://www.ubereats.com/lubbock/food-delivery/qdoba-mexican-eats-5017-milwaukee-ave/tO9aSuUpQd-VRHEM6S-xmA,lubbock
https://www.ubereats.com/lubbock/food-delivery/wendys-6815-milwaukee-avenue/TU29-0osSYqeIIZt4FDIBQ,lubbock
https://www.ubereats.com/lubbock/food-delivery/subway-5015-university-ave/NDcaXaZLSsCZ_rkrbrSLPg,lubbock
https://www.ubereats.com/lubbock/food-delivery/wendys-5721-4th-st/83ZLjd6ESGOjqFOUA6TRXQ,lubbock
https://www.ubereats.com/lubbock/food-delivery/the-crafthouse/FuGukDwuQcCsSM92e00iVA,lubbock
https://www.ubereats.com/lubbock/food-delivery/popeyes-2505-82nd-st/LwjDAUOCTL-bIGqzvj-mMQ,lubbock
https://www.ubereats.com/lubbock/food-delivery/cracker-barrel-old-country-store-5018-milwaukee-ave/e3aYASkPSI-AuxiH40i8aA,lubbock
https://www.ubereats.com/lubbock/food-delivery/something-different-grill-lubbock/GPRx34KLR2Ct0q_TolWntg,lubbock
https://www.ubereats.com/lubbock/food-delivery/cotton-patch-cafe-6810-slide-rd/Rt1YH85iR5GOAhsQXjifYA,lubbock
https://www.ubereats.com/lubbock/food-delivery/back-40-grill/oA_Q8NAOSTGHiT0erIMdpA,lubbock
https://www.ubereats.com/lubbock/food-delivery/tom-%26-bingos-bbq/WA1mY_L-Rp2Csr8hCAdvqQ,lubbock
https://www.ubereats.com/lubbock/food-delivery/cantina-laredo/vj6QAf7uTKGNrtICjvMyzA,lubbock
https://www.ubereats.com/lubbock/food-delivery/mama-josies-kitchen-%26-catering/nR_8i-x7RlK6Of4G1jeq3g,lubbock
https://www.ubereats.com/lubbock/food-delivery/papa-murphys-tx061-8205-indiana-avenue/k9F28YrBQzSnV7ozaFENLA,lubbock
https://www.ubereats.com/lubbock/food-delivery/kfc-6411-19th-street/9FG0Sv23RxKEo5jsOFVoEg,lubbock
https://www.ubereats.com/lubbock/food-delivery/chick-fil-a-3210-w-loop-289/vJN63x7kQAevCIVNsyUo0g,lubbock
https://www.ubereats.com/lubbock/food-delivery/burger-king-5112-slide-road/IwBKH-LHQQG9UqNXRLMKgg,lubbock
https://www.ubereats.com/lubbock/food-delivery/the-cakery/9I1PDdEjSNO9w4uULrMwGA,lubbock
https://www.ubereats.com/lubbock/food-delivery/dairy-queen-726-hwy-62-82/LkUdakHkSFaHOFE6gfEAzw,lubbock
https://www.ubereats.com/lubbock/food-delivery/on-the-border-lubbock/FaR9rdxYSWCGdjGZ9rkCKQ,lubbock
https://www.ubereats.com/lubbock/food-delivery/schlotzskys-6804-82nd-street/ueugx5d1QPmPYd6jJPxNsw,lubbock
https://www.ubereats.com/lubbock/food-delivery/taco-bell-6512-82nd-st/LVzW_RyBSh28Qc2SUJji0g,lubbock
https://www.ubereats.com/lubbock/food-delivery/pf-changs-2906-w-loop-289/s1ojTfAwTJGlOvXDEJKt0w,lubbock
https://www.ubereats.com/lubbock/food-delivery/starbucks-university-%26-mac-davis-lane/D8VyRUSFT7CSRPeJAv1vRg,lubbock
https://www.ubereats.com/lubbock/food-delivery/red-robin-537-4805-south-texas-287-loop-building-2/sVPPEJjXTVquOYFj0xZSNw,lubbock
https://www.ubereats.com/lubbock/food-delivery/wendys-2505-s-loop-289/sz_4Y5bgSouPiLECqQ9XUw,lubbock
https://www.ubereats.com/lubbock/food-delivery/burger-king-6003-west-19th-street/fhrJR2AXTsqY5SJfTM9gVA,lubbock
https://www.ubereats.com/lubbock/food-delivery/platform-restaurant/L9b9pNj1RXe41AyXQe_GFQ,lubbock
https://www.ubereats.com/lubbock/food-delivery/panda-express-6311-82nd-st/4u4HKrJ8TvSu7mUT4ewk6A,lubbock
https://www.ubereats.com/lubbock/food-delivery/arbys-4020-82nd-street/0l1cd8nwTnqDZ7Q8yzJj9w,lubbock
https://www.ubereats.com/lubbock/food-delivery/mcdonalds-2433-s-loop-289/O6fws8U9Q52zMRrprnzmgA,lubbock
https://www.ubereats.com/lubbock/food-delivery/cafe-j/x9o5AAqRRM629-kayv-81w,lubbock
https://www.ubereats.com/lubbock/food-delivery/subway-6301-19th-st/OV9GWhgnSg6IxmkU3YYV2w,lubbock
https://www.ubereats.com/lubbock/food-delivery/bjs-restaurant-%26-brewhouse-4805-south-loop-289-bldg-%23100/wtm_hCBRRp-vEK_HmmmZhw,lubbock
https://www.ubereats.com/lubbock/food-delivery/sonic-6419-19th-st/wp3H-jCPQWW9HUX0wXsI_Q,lubbock
https://www.ubereats.com/lubbock/food-delivery/starbucks-brownfield-%26-milwaukee/a12P5htZTBaoQSYOuInx-Q,lubbock
https://www.ubereats.com/lubbock/food-delivery/mcdonalds-2339-19th-st/6UoeYMzhRtGqNgjGqiNifw,lubbock
https://www.ubereats.com/lubbock/food-delivery/papa-johns-405-slide-rd-ste-108/4FE9H3HSTCqSn_OoUKq03g,lubbock
https://www.ubereats.com/lubbock/food-delivery/subway-5816-4th-st/n7nosN16SlWDi0x8rBuZUg,lubbock
https://www.ubereats.com/lubbock/food-delivery/chipotle-mexican-grill-8201-quaker-ave-unit-102/AF61dSEgSgKuLwbFLGmM6Q,lubbock
https://www.ubereats.com/lubbock/food-delivery/bahama-bucks-2515-82nd-st/TCserBQQQWymj2nG-OqiUg,lubbock
https://www.ubereats.com/lubbock/food-delivery/kfc-7902-s-university/kQ46VqP6SLin_Y2f7Xf1iQ,lubbock
https://www.ubereats.com/lubbock/food-delivery/applebees-4025-south-loop-289/boG81VM7R4KQKhm_-fAUVg,lubbock
https://www.ubereats.com/lubbock/food-delivery/papa-johns-2420-9th-street/0sdFVp3XR1iUv1Hlgr2QDw,lubbock
https://www.ubereats.com/lubbock/food-delivery/chipotle-mexican-grill-2411-glenna-goodacre-blvd/bDA09XwfS8aoBDCybbLHqw,lubbock
https://www.ubereats.com/lubbock/food-delivery/tea2go-4206-quaker-ave/z0u1ObCIR-KYtF8APmsh4Q,lubbock
https://www.ubereats.com/lubbock/food-delivery/tikka-shack/JpAjErP0SKCRozV6riw-3A,lubbock
https://www.ubereats.com/lubbock/food-delivery/potbelly-sandwich-shop-2402-9th-st/jwpb0mbKTV2D1ikwsUv_Hw,lubbock
https://www.ubereats.com/lubbock/food-delivery/hooters-4950-s-loop-289/Mb6Qf0DnQQaYsPrDtzbIkw,lubbock
https://www.ubereats.com/lubbock/food-delivery/bahama-bucks-5818-4th-st/LJMU_6NaSUKTInv13bQ79A,lubbock
https://www.ubereats.com/lubbock/food-delivery/dairy-queen-7813-slide-rd/mWDf0tG6Rz6PoNqJl39xew,lubbock
https://www.ubereats.com/lubbock/food-delivery/sonic-1609-mlk-blvd/pNfk0mNbQFaBs3pbrA8_TA,lubbock
https://www.ubereats.com/lubbock/food-delivery/popeyes-5102-slide-rd/3As3R7cMRgWLGQ64UeEjSQ,lubbock
https://www.ubereats.com/lubbock/food-delivery/jersey-mikes-6319-82nd-street/GlYjbIHZQ9uTMms6UtHz_g,lubbock
https://www.ubereats.com/lubbock/food-delivery/chick-fil-a-5705-4th-st/zq-Bea7rRiSsFFKTPLdI5w,lubbock
https://www.ubereats.com/lubbock/food-delivery/river-smiths-chicken-%26-catfish/n5YKGJpZSeyDK_aObgEUjQ,lubbock
https://www.ubereats.com/lubbock/food-delivery/taco-bell-9832-slide-road/pDsfBFUJRwyd6gvhtuj52w,lubbock
https://www.ubereats.com/lubbock/food-delivery/burger-king-7006-university-avenue/mtKsiZ3mRC6iOgtZtQqogA,lubbock
https://www.ubereats.com/lubbock/food-delivery/j%26b-coffee-company-26th-st/VMLAYN9sRsK8djOp4ROysA,lubbock
https://www.ubereats.com/lubbock/food-delivery/sonic-1901-34th-st/GarFt7vgRvayZtBNcUPHSg,lubbock
https://www.ubereats.com/lubbock/food-delivery/ooo-la-lattes/Bgt6_nNzSpm5lFesksZHvQ,lubbock
https://www.ubereats.com/lubbock/food-delivery/chuck-e-cheese-5612-west-loop-289/3zzTCpfaSnKUuUxEC5nBZg,lubbock
https://www.ubereats.com/lubbock/food-delivery/wendys-2401-19th-st/34svL3CcSCKqzn2K8tLzsA,lubbock
https://www.ubereats.com/lubbock/food-delivery/taco-bell-1905-50th-street/FwW3gp4SS-eTixVLApnHWw,lubbock
https://www.ubereats.com/lubbock/food-delivery/taco-bell-2001-50th-street/TLcyRb2-QH2pBg3X9rK1gQ,lubbock
https://www.ubereats.com/lubbock/food-delivery/mcdonalds-8011-slide-rd/51k2PL-4S2OcZnGeomF6CA,lubbock
https://www.ubereats.com/lubbock/food-delivery/slim-chickens-5508-4th-st/OkCOWWVoRuyZxqXRyhM2RA,lubbock
https://www.ubereats.com/lubbock/food-delivery/bahama-bucks-5009-50th-st/wi3W4G78Sn2-eVAexTnEtg,lubbock
https://www.ubereats.com/lubbock/food-delivery/subway-4923-34th-st/0T6ddRYySPqWMm-f7lPqmw,lubbock
https://www.ubereats.com/lubbock/food-delivery/dairy-queen-6925-university-ave/6qw_A4fQTWKzVaIm1m181g,lubbock
https://www.ubereats.com/lubbock/food-delivery/copper-caboose/wGp0YxxASsSWFBxQZn5gFA,lubbock
https://www.ubereats.com/lubbock/food-delivery/lite-bite/WtJa9E_XQ_ytFMjt2D7GqA,lubbock
https://www.ubereats.com/lubbock/food-delivery/golden-corral-5117-sw-loop-289/Wd32s3T_QUmsoFL9P4d5xg,lubbock
https://www.ubereats.com/lubbock/food-delivery/long-john-silvers-1101-50th-st/WjF9U-tERR2LuaRV74YRyg,lubbock
https://www.ubereats.com/lubbock/food-delivery/sugar-browns-coffee/FdpnZAi7Tc2a4amURT_Qpg,lubbock
https://www.ubereats.com/lubbock/food-delivery/urban-bricks-lubbock-tx/34Oe-BJ_TGyyD9BBFdyg5A,lubbock
https://www.ubereats.com/lubbock/food-delivery/tropical-smoothie-cafe-82nd-street/wG-40gKBS6yRXMxe_ZgeoQ,lubbock
https://www.ubereats.com/lubbock/food-delivery/joes-crab-shack-5802-w-loop-south-289/pYfKVAdWQH-aVaqdvGghaw,lubbock
https://www.ubereats.com/lubbock/food-delivery/subway-1109-university-ave/ohE1p1GPT6qLVAbS3gcTog,lubbock
https://www.ubereats.com/lubbock/food-delivery/kfc-5004-slide-road/VFKYWb-KTFu2sy3V-0Nc6Q,lubbock
https://www.ubereats.com/lubbock/food-delivery/pasquallys-pizza-%26-wings-5612-west-loop-289/SGtkTQXARvGrJryANOzpzw,lubbock
https://www.ubereats.com/lubbock/food-delivery/slim-chickens-2405-19th-street/2iCpivgwSwenv1qKUqBSXA,lubbock
https://www.ubereats.com/lubbock/food-delivery/its-greek-to-me/8cRZXa_3RauqxVddqzLoWA,lubbock
https://www.ubereats.com/lubbock/food-delivery/burger-king-2002-50th-street/U8TOXpF3SAmrd45szKolxg,lubbock
https://www.ubereats.com/lubbock/food-delivery/starbucks-loop-289-%26-34th/B0dnlhpyRw6xVNxtqAOpDA,lubbock
https://www.ubereats.com/lubbock/food-delivery/schlotzskys-deli-8101-indiana-avenue/gCQNdleVSWSPqYlZa-_Ghw,lubbock
https://www.ubereats.com/lubbock/food-delivery/double-nickel-steakhouse/sJHWqN-VQd2aL2Iw8ktsNw,lubbock
https://www.ubereats.com/lubbock/food-delivery/krispy-kreme-4301-south-loop-289/IFIHBfJSQz6C3OT3Huhyrg,lubbock
https://www.ubereats.com/lubbock/food-delivery/chick-fil-a-6002-slide-rd-ste-68252/ZzlYzRFETD2HWpiw3uc4-Q,lubbock
https://www.ubereats.com/lubbock/food-delivery/churchs-chicken-905-avenue-q/SqnInB09SF-mRRAg158g-A,lubbock
https://www.ubereats.com/lubbock/food-delivery/crickets-grill-%26-draft-house/RQHjKEn9R5m4EjWEPuC45g,lubbock
https://www.ubereats.com/lubbock/food-delivery/dairy-queen-2311-ave-q/TZ3p7DMDT2OOkE-j9unNvg,lubbock
https://www.ubereats.com/lubbock/food-delivery/mcdonalds-4220-98th-street/v_pvLPuSR96K3oJhiTijbg,lubbock
https://www.ubereats.com/lubbock/food-delivery/cicis-5102-60th-st-ste-e/xBecJfb1TMWsBcAyMTajLg,lubbock
https://www.ubereats.com/lubbock/food-delivery/burger-king-1804-4th-street/bn_ujgTAT_GKczrSy4Uggw,lubbock
https://www.ubereats.com/lubbock/food-delivery/auntie-annes-6002-slide-road-space-k108-kiosk/gCKaDhQnQYGPSKLaZn0jsg,lubbock
https://www.ubereats.com/lubbock/food-delivery/sonic-7603-milwaukee-ave/0L-TN4PCReO7YVtFIei8lA,lubbock
