url,city
https://www.ubereats.com/chicago/food-delivery/krispy-kreme-halsted-%26-maple/3T8cUwCzQpe7NnK51LNBpA,lynwood-illinois
https://www.ubereats.com/chicago/food-delivery/jersey-mikes-subs/LMDjN4_ZQ1mjy1QHSauwRg,lynwood-illinois
https://www.ubereats.com/chicago/food-delivery/seafood-junction-chicken-%26-deli/KVzGFYRBRmayqglGU9yNNg,lynwood-illinois
https://www.ubereats.com/chicago/food-delivery/gourmet-popcorn-%26-pizza/fEX2MeUJTbucZVWNSERQdg,lynwood-illinois
https://www.ubereats.com/chicago/food-delivery/sharks-fish-%26-chicken/hS0EyAvAQiaBXt0CuHHA6w,lynwood-illinois
https://www.ubereats.com/chicago/food-delivery/choles-mexican-restaurant/_daP6NokQHCiYdX92pF_kA,lynwood-illinois
https://www.ubereats.com/chicago/food-delivery/harvey-food-mart/BdaPKAfsQEK-D6D1T6Apng,lynwood-illinois
https://www.ubereats.com/chicago/food-delivery/pepes-sauk-trail/K9ModeWlSAuNnWqWuoTziA,lynwood-illinois
https://www.ubereats.com/chicago/food-delivery/jjs-fish-%26-chicken-190-s-halsted/ZIYbycv6S0mePEuvs8wW4A,lynwood-illinois
https://www.ubereats.com/chicago/food-delivery/toms-restaurant-taco-truck/T1GfvU14T2GqWy321F_gRg,lynwood-illinois
https://www.ubereats.com/chicago/food-delivery/divine-seafood/hYucOkMsTUW9Fa2KuOXGGQ,lynwood-illinois
https://www.ubereats.com/chicago/food-delivery/red-lobster-3915-west-211th-street/Jmc_Xxv_T92VtN6k5T16SQ,lynwood-illinois
https://www.ubereats.com/chicago/food-delivery/burrito-station-33-w-sauk-trail/nFoN1-1WTOeDSc4CP6pCbA,lynwood-illinois
https://www.ubereats.com/chicago/food-delivery/club-lavue-bar-%26-grill/_rxnTH3bQVWRRsYDSJdJLg,lynwood-illinois
https://www.ubereats.com/chicago/food-delivery/hardys-fish-%26-chicken-crete/5oW9YEZlRsGuFbRoRefGpQ,lynwood-illinois
https://www.ubereats.com/chicago/food-delivery/angelicas-bakery/ddTVxfbQSsuQlkfpnC_P_Q,lynwood-illinois
https://www.ubereats.com/chicago/food-delivery/blueberry-field-pancake-house/0Hw8ZAmzRve_VXuYUnqXug,lynwood-illinois
https://www.ubereats.com/chicago/food-delivery/super-philly-steak/uN8jZiomQ_Gcne_h_c3ZOQ,lynwood-illinois
https://www.ubereats.com/chicago/food-delivery/samos-kitchen-and-snacks/mr6knYUCRG641HJCWR2Prw,lynwood-illinois
https://www.ubereats.com/chicago/food-delivery/burger-king-18156-south-torrence-avenue/LnR_uEpLT_i-lJvJekjx7w,lynwood-illinois
https://www.ubereats.com/chicago/food-delivery/sharks-fish-%26-chicken-lansing/XnfZMb6UQgGwuzLRjHt6Ew,lynwood-illinois
https://www.ubereats.com/chicago/food-delivery/fannie-may-homewood/ZqNsUcS3QkOvdmC3TBQj9w,lynwood-illinois
https://www.ubereats.com/chicago/food-delivery/signature-sweets-factory/t0GbUqmDSqaNwcK84cq-vg,lynwood-illinois
https://www.ubereats.com/chicago/food-delivery/jj-fish-%26-chicken-torrence/4-eMwp4QTUKPKkN-7laN0Q,lynwood-illinois
https://www.ubereats.com/chicago/food-delivery/sharks-fish-%26-chicken-167th-st/x1kvCo-fTW-BoIJ4pr4LdA,lynwood-illinois
https://www.ubereats.com/chicago/food-delivery/pizza-by-geneo/JL5tuwTHToCAXnoyZr06kw,lynwood-illinois
https://www.ubereats.com/chicago/food-delivery/blue-sharks/9BIEXGVPTCuowmHgxX4k5Q,lynwood-illinois
https://www.ubereats.com/chicago/food-delivery/jimbooos-restaurant-%26-catering/aL6yZJGzRmCbltVNW9Hxgw,lynwood-illinois
https://www.ubereats.com/chicago/food-delivery/mcdonalds-sauk-%26-chicago/hGloC7UPRkuv1QECYuMT8g,lynwood-illinois
https://www.ubereats.com/chicago/food-delivery/popeyes-18240-kedzie-ave/PZjikWm7RQmmSr9mfKRHpQ,lynwood-illinois
https://www.ubereats.com/chicago/food-delivery/blue-sharks-chicken-%26-fish/ZMdn-0-LTpuE0YeUUwVcug,lynwood-illinois
https://www.ubereats.com/chicago/food-delivery/paulies-pub/zZNjdhc5Ti6GxYI2Efe24A,lynwood-illinois
https://www.ubereats.com/chicago/food-delivery/krazy-hog-barbecue/B6kKk44yTGeFhQwqRGmAIw,lynwood-illinois
https://www.ubereats.com/chicago/food-delivery/fishermans-island-torrence/OAL6Qr03RJKZakUzFvE5Yg,lynwood-illinois
https://www.ubereats.com/chicago/food-delivery/popculture-gourmet-shops/VwfwmjuORSupgtwdFqdKHg,lynwood-illinois
https://www.ubereats.com/chicago/food-delivery/fishermans-island-167th-st/fphYNOinQHibXOYTIovB2Q,lynwood-illinois
https://www.ubereats.com/chicago/food-delivery/pops-italian-beef-%26-sausage-sauk-village/3WRAgusPQhatrsdMPfimHg,lynwood-illinois
https://www.ubereats.com/chicago/food-delivery/the-great-american-bagel/F_AQwHjPRuqg7Eq6FlIHlw,lynwood-illinois
https://www.ubereats.com/chicago/food-delivery/taqueria-la-soga/FftUFVoxQhCKuKImViXZMg,lynwood-illinois
https://www.ubereats.com/chicago/food-delivery/continental-house-of-pancakes/IQPNCeBGSaSH2rKtkulytw,lynwood-illinois
https://www.ubereats.com/chicago/food-delivery/dunkin-17050-torrence-ave/TQo2iG2sRoSIGU8edOlX1A,lynwood-illinois
https://www.ubereats.com/chicago/food-delivery/boz-hot-dogs/Y-NAmu5pRUKvyXq63kP68w,lynwood-illinois
https://www.ubereats.com/chicago/food-delivery/moys-chinese-kitchen/BtU3scOLT3iMm0LdsvlI3Q,lynwood-illinois
https://www.ubereats.com/chicago/food-delivery/rosatis-pizza-matteson/pr59GCtsTUCZuz0VIRuGig,lynwood-illinois
https://www.ubereats.com/chicago/food-delivery/taco-bell-23210-volbrecht-rd/65i_w1OSSXqMUp-6WkMDVQ,lynwood-illinois
https://www.ubereats.com/chicago/food-delivery/3-star-tavern-and-grill/eNsMe47XTA6egTUvjRzhig,lynwood-illinois
https://www.ubereats.com/chicago/food-delivery/cold-stone-creamery-18717-dixie-hwy/pzTK8eR1Q0iOZQLbafX4WA,lynwood-illinois
https://www.ubereats.com/chicago/food-delivery/paleteria-y-neveria-la-original-de-michoacan/xByrDr4QTsumpLF57s1rfg,lynwood-illinois
https://www.ubereats.com/chicago/food-delivery/athens-gyros-sauk-%26-governors/DgGCagzvRBK8fxnHhjrgCg,lynwood-illinois
https://www.ubereats.com/chicago/food-delivery/portillos-hot-dogs-17500-s-halsted-street/EqCymuuJRvqaI987WFyevQ,lynwood-illinois
https://www.ubereats.com/chicago/food-delivery/la-fondita/41xtJA4iQ7GyS75iqXmYWw,lynwood-illinois
https://www.ubereats.com/chicago/food-delivery/stacks-dixie-hwy/6_eFSId2RQiEQ1-HUXJU5g,lynwood-illinois
https://www.ubereats.com/chicago/food-delivery/subway-torrence/UWHCnpoLRBaLEmPygfIRMg,lynwood-illinois
https://www.ubereats.com/chicago/food-delivery/shellys-pancake-house/EiAZx6F3Q_-hy3tMs4a3SQ,lynwood-illinois
https://www.ubereats.com/chicago/food-delivery/mcdonalds-lincoln-%26-western/vYOLw_JpRcabsTgQiC7NPw,lynwood-illinois
https://www.ubereats.com/chicago/food-delivery/champions-ii-bbq/lBs8PF_uSnKhuSo0Sp6jhA,lynwood-illinois
https://www.ubereats.com/chicago/food-delivery/pizza-and-burger-salon-restaurant/zJB7nB6TRLuGa3vi9-AN9w,lynwood-illinois
https://www.ubereats.com/chicago/food-delivery/round-the-clock/B5AiDtF-SmWgF4Wr3oI9UQ,lynwood-illinois
https://www.ubereats.com/chicago/food-delivery/potbelly-sandwich-shop-homewood-dt-%7C-375/5tJo3FavQaSvcC2i7qk6IQ,lynwood-illinois
https://www.ubereats.com/chicago/food-delivery/starbucks-calumet-city-159th-%26-torrence/-xCGKa7SSWmwg88smuU0Lw,lynwood-illinois
https://www.ubereats.com/chicago/food-delivery/dunkin-460-e-162nd-st/V397Ykc1Q9m25A4IpYDHRA,lynwood-illinois
https://www.ubereats.com/chicago/food-delivery/ihop-173rd-st-%26-torrence/Z45TsLdIQ3KA2kYiT-hqOw,lynwood-illinois
https://www.ubereats.com/chicago/food-delivery/kfc-3300-west-183rd-street/VRhUCq7JR2qrH8Plf-iG6w,lynwood-illinois
https://www.ubereats.com/chicago/food-delivery/dunkin-664-river-oaks-dr/Ua9nk1FyRSiq49OXyp8NXw,lynwood-illinois
https://www.ubereats.com/chicago/food-delivery/sharks-fish-and-chicken/qmyO-Hx0Q8qe1RUTsw7rSw,lynwood-illinois
https://www.ubereats.com/chicago/food-delivery/shack-shrimp-and-chicken/QOvQbJ2KTNSA7kyV_wOHRg,lynwood-illinois
https://www.ubereats.com/chicago/food-delivery/redwood-luxe/GWAg77VWSESG-2zoFwiXXQ,lynwood-illinois
https://www.ubereats.com/chicago/food-delivery/cafe-slr/oMr-mFdYQOW2vCYK0flMgA,lynwood-illinois
https://www.ubereats.com/chicago/food-delivery/the-quarry-restaurant/vIVjuwG9Scij4TltZIWwsw,lynwood-illinois
https://www.ubereats.com/chicago/food-delivery/balagio-ristorante-dixie/G-8mGol0SeKFPgDnI2yLxQ,lynwood-illinois
https://www.ubereats.com/chicago/food-delivery/dunkin-1445-e-sauk-trail/n7cHyx-TQCuomjMGqZee6Q,lynwood-illinois
https://www.ubereats.com/chicago/food-delivery/arbys-207-south-halsted-street/zJs1IHhSRWqfGkBpgrugPw,lynwood-illinois
https://www.ubereats.com/chicago/food-delivery/pepes-matteson/KccIypSGSL-M2Bcb8P_MFQ,lynwood-illinois
https://www.ubereats.com/chicago/food-delivery/mr-submarine-calumet-city-river-oaks/vfj5RgsTS0medWO4hbgdJw,lynwood-illinois
https://www.ubereats.com/chicago/food-delivery/gowdys-seafood-of-gary/eT6z4zmMQxipK9jbMG3WSg,lynwood-illinois
https://www.ubereats.com/chicago/food-delivery/burger-king-16791-torrence-avenue/b7kTiP06TlyKpzfdpRdqIQ,lynwood-illinois
https://www.ubereats.com/chicago/food-delivery/wingstop-torrence-%26-178th-st/IZp8gZ9BRE2h6IMidUTi6Q,lynwood-illinois
https://www.ubereats.com/chicago/food-delivery/tropic-island-jerk-chicken/RWdfej-jQHCQmSymK-0N-g,lynwood-illinois
https://www.ubereats.com/chicago/food-delivery/red-snapper-fish-and-chicken-4728-lincoln-hwy/hnja5CMlRauPFZLluFjAtQ,lynwood-illinois
https://www.ubereats.com/chicago/food-delivery/bergsteins-ny-delicatessen/9Dru-vxmTKaFUR0l3by3dw,lynwood-illinois
https://www.ubereats.com/chicago/food-delivery/dunkin-2703-e-sauk-trail/mlyc89CsSIKdyVO7YEVVzw,lynwood-illinois
https://www.ubereats.com/chicago/food-delivery/sharks-fish-%26-chicken/_fnm7Bt1TaudQnwdqeXpzA,lynwood-illinois
https://www.ubereats.com/chicago/food-delivery/kfc-3029-south-chicago-road/lfy19gscTcG9upb7sxy19Q,lynwood-illinois
https://www.ubereats.com/chicago/food-delivery/elenis-dinner-menu/qnEZf7AWTXa0xXKla1osuA,lynwood-illinois
https://www.ubereats.com/chicago/food-delivery/china-chef/iz3J9AJCSd28QEX6EwITQQ,lynwood-illinois
https://www.ubereats.com/chicago/food-delivery/jrs-jamaican-jerk-dolton/n8cbAk7eT_mBfr75iqK0jg,lynwood-illinois
https://www.ubereats.com/chicago/food-delivery/tequila-jalisco-mexican-restaurant/7Hcqi1XOSYKR3Ad-IuRvnA,lynwood-illinois
https://www.ubereats.com/chicago/food-delivery/hometown-gyros-sauk-village/twhZu3gdQ8Cr7YjI0s4r5w,lynwood-illinois
https://www.ubereats.com/chicago/food-delivery/dunkin-3937-sauk-trl/RxO0UhX0R3CNztRu-SZDyw,lynwood-illinois
https://www.ubereats.com/chicago/food-delivery/sharks-fish-and-chicken/9pEHGGYOSI6-WdbV8IWv6A,lynwood-illinois
https://www.ubereats.com/chicago/food-delivery/wendys-17100-s-torrence-avenue/EAbwMp57SX2usXTqLpQ9oA,lynwood-illinois
https://www.ubereats.com/chicago/food-delivery/burger-king-3219-chicago-rd/bMqmLkLuS-SlxE2TjhavnA,lynwood-illinois
https://www.ubereats.com/chicago/food-delivery/ariston-drive-in/aEmVJQjqT9iQzzYml8FSUw,lynwood-illinois
https://www.ubereats.com/chicago/food-delivery/difference-african-restaurant/TqhA8Ln9SleUgxwg_qf4hA,lynwood-illinois
https://www.ubereats.com/chicago/food-delivery/la-voute-bistro-%2B-bar/TxuavK9nQZqbptuu-9k3hg,lynwood-illinois
https://www.ubereats.com/chicago/food-delivery/five-guys-il-0578-4807-w-211th-st/fNPD3qLuTLi5Hl-VnSDNBQ,lynwood-illinois
https://www.ubereats.com/chicago/food-delivery/whale-shark/kN98bO_rS5OdnmrYL0g9Ng,lynwood-illinois
https://www.ubereats.com/chicago/food-delivery/mcdonalds-river-oaks-%26-burnham/gcIhEUIDQKeAPL315pIfOA,lynwood-illinois
https://www.ubereats.com/chicago/food-delivery/sharks-fish-%26-tonys-grill-hazel-crest/Jqwmo9keSG-vAZuvABFcVA,lynwood-illinois
https://www.ubereats.com/chicago/food-delivery/taco-bell-201-s-halstead-st/cMj5gjnoTyORjTkIyFxfFQ,lynwood-illinois
https://www.ubereats.com/chicago/food-delivery/kfc-4349-e-211th-street/BE_ciRSJTqO8B66me-SpqQ,lynwood-illinois
https://www.ubereats.com/chicago/food-delivery/siam-thai-restaurant/wlO9tVEeTIeaG9c6cJucyQ,lynwood-illinois
https://www.ubereats.com/chicago/food-delivery/popeyes-18100-torrence-avenue/W4YD6nmCQ2KY63OMKXn9Ew,lynwood-illinois
https://www.ubereats.com/chicago/food-delivery/mrsubmarine/XutavERzR8a2GDP4hjatnw,lynwood-illinois
https://www.ubereats.com/chicago/food-delivery/super-star-gyros/L-DGxaiDSw2YmCGzg1VBVw,lynwood-illinois
https://www.ubereats.com/chicago/food-delivery/senor-salsa/EAx7gYJYSJC1DlKaK0STbw,lynwood-illinois
https://www.ubereats.com/chicago/food-delivery/gyros-express-steger/OIoBkBP-TU-IminSaPo9rA,lynwood-illinois
https://www.ubereats.com/chicago/food-delivery/dunkin-17579-halsted-st/JerMYzmISueXVZ2R5cj-JA,lynwood-illinois
https://www.ubereats.com/chicago/food-delivery/br-bar-dining-and-dancing/izbWGCVdTrG8-MOgeVmIpA,lynwood-illinois
https://www.ubereats.com/chicago/food-delivery/white-castle-18250-s-halsted-st/ZfSwYaAiTz6nWk3MpPvudQ,lynwood-illinois
https://www.ubereats.com/chicago/food-delivery/jerk-n-go/ulsHcy_XQlaaqoXWRygZ6g,lynwood-illinois
https://www.ubereats.com/chicago/food-delivery/dunkin-17733-torrence-ave/mH3s14P8Sdi--tRS08aQBg,lynwood-illinois
https://www.ubereats.com/chicago/food-delivery/enzos/-sWqtOSZTwmjfB7pypp2wA,lynwood-illinois
https://www.ubereats.com/chicago/food-delivery/don-pedro-mexican-bar-%26-grill/dP6BsEnvRAGKMAS4LOow3g,lynwood-illinois
https://www.ubereats.com/chicago/food-delivery/jj-fish-and-chicken/BaZ8OPQgSUiF0da2jTsJDg,lynwood-illinois
https://www.ubereats.com/chicago/food-delivery/cilantro/1F-PlFHFSVedu8EaPpDU8Q,lynwood-illinois
https://www.ubereats.com/chicago/food-delivery/game-tyme/Sfoy9CSlT8SzZH5Hh-oxoA,lynwood-illinois
https://www.ubereats.com/chicago/food-delivery/tillys-pit-and-pub/Pe5BJvIcSvWQkAr56RsZ3Q,lynwood-illinois
https://www.ubereats.com/chicago/food-delivery/mr-burrito-%232/POWoDpMOS4SyIbddqXG53A,lynwood-illinois
https://www.ubereats.com/chicago/food-delivery/teds-family-restaurant/v3sKEinORdCfPn8_anyj5Q,lynwood-illinois
https://www.ubereats.com/chicago/food-delivery/buffalo-wild-wings-3720-ridge-rd/DfFVH1PFQYmzmcXTSGz3WQ,lynwood-illinois
https://www.ubereats.com/chicago/food-delivery/the-hook-fish-grill-chicken/ack5CqEKSbe72697SF-6zA,lynwood-illinois
https://www.ubereats.com/chicago/food-delivery/mcdonalds-halsted-%26-vollmer/eyT_uZuSSP6dka62S6yrGw,lynwood-illinois
https://www.ubereats.com/chicago/food-delivery/momos-sandwich-shop/QsKgLX4ASG-_NjcVXAcEIQ,lynwood-illinois
https://www.ubereats.com/chicago/food-delivery/boston-market-17855-s-halsted-st/g_9zM2EsT0KEZRHbcOj-sg,lynwood-illinois
https://www.ubereats.com/chicago/food-delivery/j%26j-fish-and-chicken-university/5NW2lge8SRmm4U7llnb2DQ,lynwood-illinois
https://www.ubereats.com/chicago/food-delivery/jj-fish-%26-chicken-chicago-heights/UNYFA8PXR---uIINXh-yVg,lynwood-illinois
https://www.ubereats.com/chicago/food-delivery/super-jj-fish-%26-chicken/600FWKZmRIGPhpkm1c-tNw,lynwood-illinois
https://www.ubereats.com/chicago/food-delivery/waldo-cooneys-pizza-lansing/52p0nTGSQiiSvjbF2K5-1Q,lynwood-illinois
https://www.ubereats.com/chicago/food-delivery/dunkin-3252-vollmer-rd/XVwMkFp6TLOhejmTSI1tIw,lynwood-illinois
https://www.ubereats.com/chicago/food-delivery/mariscos-los-sauces/DvMHbX6aRxyH4wOinf6LPg,lynwood-illinois
https://www.ubereats.com/chicago/food-delivery/benzinos-crab-trap-chicago/Y7DkpY5dS6yG13uDB0g_FA,lynwood-illinois
https://www.ubereats.com/chicago/food-delivery/shugga-shack/rq0gg3B8T2-G9oAyC4j4Xg,lynwood-illinois
https://www.ubereats.com/chicago/food-delivery/dennys-1380-torrence-ave/w20Vh6qgRkGLhe3Q1IJe-Q,lynwood-illinois
https://www.ubereats.com/chicago/food-delivery/mcdonalds-178th-st-%26-torrence/AEG5QMFOQwmcBHaSFwGoyw,lynwood-illinois
https://www.ubereats.com/chicago/food-delivery/sharks-fish-%26-tonys-grill-harvey/UhdC2RwcRYmtSDefxAbHVg,lynwood-illinois
https://www.ubereats.com/chicago/food-delivery/mcdonalds-162nd-st-%26-cottage-grove/iH79yfQ9SkyU9UtfAyj3Ew,lynwood-illinois
https://www.ubereats.com/chicago/food-delivery/pizza-by-geneo/VJsfnzpdRvuOaNxJaPfA_Q,lynwood-illinois
https://www.ubereats.com/chicago/food-delivery/buona-flossmoor/QeW7dpbXTYqDhrXU3mBU5w,lynwood-illinois
https://www.ubereats.com/chicago/food-delivery/dunkin-700-e-tri-state-toll-rd/xLFu14NUQhSVYa7as9AusQ,lynwood-illinois
https://www.ubereats.com/chicago/food-delivery/panda-express-17932-halsted-st/CRvgHK4bRmesTSCBKORFAQ,lynwood-illinois
https://www.ubereats.com/chicago/food-delivery/tacos-jr/QLmLe8ncRRqlKke7XPiUcA,lynwood-illinois
https://www.ubereats.com/chicago/food-delivery/potbelly-sandwich-shop-matteson-dt-%7C-432/eqfqH78FReWBSB_CUWV75g,lynwood-illinois
https://www.ubereats.com/chicago/food-delivery/popeyes-20-surrey-brook-plz/1I1XRSAcSA6EgWSvbHFWVQ,lynwood-illinois
https://www.ubereats.com/chicago/food-delivery/dunkin-431-w-14th-st-us-rt-30/PnN8YiJgTjWUvHTpc3kxIg,lynwood-illinois
https://www.ubereats.com/chicago/food-delivery/sharks-fish-%26-chicken-chicago-heights/05biBrSdSUyT0vXNKYh5qQ,lynwood-illinois
https://www.ubereats.com/chicago/food-delivery/rubys-restaurant/4_iSrQGBQbeiLVCN66vtMg,lynwood-illinois
https://www.ubereats.com/chicago/food-delivery/chipotle-mexican-grill-559-e-162nd-st/-nG-xQGUTZOmoiVevndwIA,lynwood-illinois
https://www.ubereats.com/chicago/food-delivery/daisys-catering-cafe/08YZJRiKTzWMpkApvhgY5A,lynwood-illinois
https://www.ubereats.com/chicago/food-delivery/harolds-chicken-shack-%2350/1vouxhscSIi3coL9CcIarw,lynwood-illinois
https://www.ubereats.com/chicago/food-delivery/chipotle-mexican-grill-17700-halsted-st/dn0mLUd9QSenkYcMvVyqdg,lynwood-illinois
https://www.ubereats.com/chicago/food-delivery/flavor-addicts-gourmet-popcorn/0nL5gyIeTo-MVvUITXfkbA,lynwood-illinois
https://www.ubereats.com/chicago/food-delivery/the-loft/cqjwGvQ9SYOoUEOwOiYyNA,lynwood-illinois
https://www.ubereats.com/chicago/food-delivery/glenwood-oaks-bar-%26-grill/vusvQf6bQyqi7qiPZUSTdA,lynwood-illinois
https://www.ubereats.com/chicago/food-delivery/rico-rinos-pizza/2X6slg34QqqzSYxTer5NaQ,lynwood-illinois
https://www.ubereats.com/chicago/food-delivery/forever-yogurt-18324-governors-highway/a47xsA5fRt-mExtzQPjQUg,lynwood-illinois
https://www.ubereats.com/chicago/food-delivery/flavor-brunch-bar/8ZsZBTBVTE-9-1JsQ7Ix3g,lynwood-illinois
https://www.ubereats.com/chicago/food-delivery/mama-and-me-pizzeria/YviWgw9UToa24-in9Pp2qw,lynwood-illinois
https://www.ubereats.com/chicago/food-delivery/gorditas-adrians/ZuqyHas5S0i4Lo_HTkZTPw,lynwood-illinois
https://www.ubereats.com/chicago/food-delivery/subway-ridge/a5kqeRSuQcGgZzlv0QQ-8g,lynwood-illinois
https://www.ubereats.com/chicago/food-delivery/blueberry-hill-breakfast-cafe-homewood/MAafm9XKTqK8wKhg85mlCw,lynwood-illinois
https://www.ubereats.com/chicago/food-delivery/ace-pizza/D_VVDttnRZC22Lp7XTVInQ,lynwood-illinois
https://www.ubereats.com/chicago/food-delivery/kfc-1043-east-sibley-boulevard/Rr4buFn5TgK9w0_XLcooTA,lynwood-illinois
https://www.ubereats.com/chicago/food-delivery/vida-tacos/mYpLvRr2RHaRVpTw0ik6mg,lynwood-illinois
https://www.ubereats.com/chicago/food-delivery/flavours-seafood-bar/1KYdJOLCSqSLbzvnhTkJQw,lynwood-illinois
https://www.ubereats.com/chicago/food-delivery/the-station-pizzeria/InBQhflpR1yNx9f7XyQHHg,lynwood-illinois
https://www.ubereats.com/chicago/food-delivery/churchs-chicken-halsted/ylUTI9ajQCiJLJwpUwrFVw,lynwood-illinois
https://www.ubereats.com/chicago/food-delivery/al-shaunys-back-of-the-house/Ki7ol8mfSeSGIpxA-TG0NQ,lynwood-illinois
https://www.ubereats.com/chicago/food-delivery/taste-of-the-south/awJw2_QcRqmiik1M58brqw,lynwood-illinois
https://www.ubereats.com/chicago/food-delivery/subway-3302-s-chicago-rd/gZ34mqVpRdiFjSEF52yUxw,lynwood-illinois
https://www.ubereats.com/chicago/food-delivery/taco-bell-1323-sibley-boulevard/kEaXgiRcT9usV60qlFb3sQ,lynwood-illinois
https://www.ubereats.com/chicago/food-delivery/sonic-drive-in-torrence-%26-159th-st/YvqD6IFYTiewoY0XSvZ48g,lynwood-illinois
https://www.ubereats.com/chicago/food-delivery/big-bubas/HxKjsdgbTq20hlpYhxqK6g,lynwood-illinois
https://www.ubereats.com/chicago/food-delivery/the-great-american-bagel-homewood/gm-rSwHbTcGgCJTHGx62Vg,lynwood-illinois
https://www.ubereats.com/chicago/food-delivery/dukes-fish-and-chicken/BUyCicS2SRWvfZmuvNOiUg,lynwood-illinois
https://www.ubereats.com/chicago/food-delivery/raggae-island-jerk-chicken/g2yO1ZDISFmx3J1PaUROVg,lynwood-illinois
https://www.ubereats.com/chicago/food-delivery/sharks-fish-%26-chicken-state-%26-douglas/UQ8AUoekTCmp8jF7k6U8pQ,lynwood-illinois
https://www.ubereats.com/chicago/food-delivery/taco-bell-413-sauk-trail/LJrcb1iXSliGvWR0ZXxosQ,lynwood-illinois
https://www.ubereats.com/chicago/food-delivery/johnys-restaurant-2/NA-Rca_kTtyiY8lgi7iIQA,lynwood-illinois
https://www.ubereats.com/chicago/food-delivery/vip-bar-and-grill-dance-club-llc/acn3_UQMQreszs-B78ycZA,lynwood-illinois
https://www.ubereats.com/chicago/food-delivery/mcdonalds-steger-%26-eagle-nest/Ovy5P4RsR-u-F6uq-IeTvQ,lynwood-illinois
https://www.ubereats.com/chicago/food-delivery/flavor-restaurant/7S_KzhGlTMapP8AxCZsB9w,lynwood-illinois
https://www.ubereats.com/chicago/food-delivery/taco-bell-1501-river-oaks-dr/splIMAbpRFeJ6Q6I-Iwdew,lynwood-illinois
https://www.ubereats.com/chicago/food-delivery/dunkin-120-n-halsted-st/KlGJL5L0QKKz-GDe6ss1JA,lynwood-illinois
https://www.ubereats.com/chicago/food-delivery/harolds-chicken-halsted-%26-ridge/b-jVXW8fSfaX-vaIXx3LAA,lynwood-illinois
https://www.ubereats.com/chicago/food-delivery/brick-oven-pizza/e55NxtOjT-qHPbFkJsaCLw,lynwood-illinois
https://www.ubereats.com/chicago/food-delivery/browns-chicken-chicago-heights/5Ob1iK13Te--Ept8ET9NbA,lynwood-illinois
https://www.ubereats.com/chicago/food-delivery/chicken-on-the-sib/l0y7LoF6SsK-_N50yRsuYw,lynwood-illinois
https://www.ubereats.com/chicago/food-delivery/schoops-hamburgers-calumet-city/9D0DO1UETRe76EfAtVE8cg,lynwood-illinois
https://www.ubereats.com/chicago/food-delivery/checkers-17701-s-torrence-ave/jGYoiAFwQZWkEFXNcxRcHw,lynwood-illinois
https://www.ubereats.com/chicago/food-delivery/wingstop-state-%26-162nd-st/jMj-bf4YR1q9HjG1V3yrJg,lynwood-illinois
https://www.ubereats.com/chicago/food-delivery/fried-chick-%26-friends/0A3btIU0SyOzcjhFymx_Nw,lynwood-illinois
https://www.ubereats.com/chicago/food-delivery/%231-chop-suey/Zw7sXHprQVCsWOBjOKwrcA,lynwood-illinois
https://www.ubereats.com/chicago/food-delivery/hooters-torrence-%26-170th-st/KwcAw6j1TCacEF_AmKvmtg,lynwood-illinois
https://www.ubereats.com/chicago/food-delivery/mini-donut-cafe/RejIZHyiTCiGZ3ZKWuWaPg,lynwood-illinois
https://www.ubereats.com/chicago/food-delivery/smokey-jos/0oFekbs0Reapnf60gE2azw,lynwood-illinois
https://www.ubereats.com/chicago/food-delivery/whata-taco/q2lorRDaTuK19WnOKZHGGg,lynwood-illinois
https://www.ubereats.com/chicago/food-delivery/burrito-station-211-s-halsted-st/Ci1go77OR46ZDSkFTDTPOg,lynwood-illinois
https://www.ubereats.com/chicago/food-delivery/phillys-original-steak-%26-lemonade/Ih3jx7vkRo-6JOWzGADVsg,lynwood-illinois
https://www.ubereats.com/chicago/food-delivery/dunkin-533-torrence-ave/X0wKkzkMQMO2M4RltvZQtQ,lynwood-illinois
https://www.ubereats.com/chicago/food-delivery/burger-king-1326-e-steger-rd/ZhTKJOkIR3-O3zkR3XTMXg,lynwood-illinois
https://www.ubereats.com/chicago/food-delivery/gourmet-on-the-go/3gSDz8xlRWivx-arlyTyWw,lynwood-illinois
https://www.ubereats.com/chicago/food-delivery/pepes-chicago-heights/J7SihHifR1qowWaXfVq5EA,lynwood-illinois
https://www.ubereats.com/chicago/food-delivery/nitas-gumbo-country-club-hills/Hu625bI0SB-3MofQosG_mg,lynwood-illinois
https://www.ubereats.com/chicago/food-delivery/cabo-san-lucas-grill/5RQDetRQSOOQSo_6-Jhl1Q,lynwood-illinois
https://www.ubereats.com/chicago/food-delivery/dimitri-best-food/F6os3t-cQW6NwCpTZNyyLQ,lynwood-illinois
https://www.ubereats.com/chicago/food-delivery/panda-express-1300-torrence-ave/YNeU_Qv8SvOnkeb2ksQXWw,lynwood-illinois
https://www.ubereats.com/chicago/food-delivery/subway-17050-a-torrence-ave/FkUo_jlOQ_qGDud6q3Zi6Q,lynwood-illinois
https://www.ubereats.com/chicago/food-delivery/nicks-gyros-lincoln-%26-wilson/aqZgOmSYQZqZPimejPF0TA,lynwood-illinois
https://www.ubereats.com/chicago/food-delivery/wendys-634-w-14th-street/Ae-jEd0iQz6_RQYgehJsdA,lynwood-illinois
https://www.ubereats.com/chicago/food-delivery/bar157/nOMzuHIESGeRZqTJcHPeMA,lynwood-illinois
https://www.ubereats.com/chicago/food-delivery/subway-171-w-joe-orr-rd/j7kvNgAORT-NJuH7JHNimA,lynwood-illinois
https://www.ubereats.com/chicago/food-delivery/buffalo-wild-wings-17510-halsted-st/rUYfntk-QkeE07t_108bwg,lynwood-illinois
https://www.ubereats.com/chicago/food-delivery/j-wok-restaurant/oGLNPbcsRTSp2dMwA1o1yw,lynwood-illinois
https://www.ubereats.com/chicago/food-delivery/kennys-ribs-%26-chicken-lansing/pEYO0TXgT_CTtqlvh39aUA,lynwood-illinois
https://www.ubereats.com/chicago/food-delivery/wendys-18257-s-halsted-st/YBZ7MypWT8uMdj6egWXEnQ,lynwood-illinois
https://www.ubereats.com/chicago/food-delivery/shark-fish-%26-chicken-194-town-center-rd/1MqX7v1ZR-KUBkkCqdJzRQ,lynwood-illinois
https://www.ubereats.com/chicago/food-delivery/kennys-ribs-%26-chicken-matteson/a6rx407KTXSicDp_VFrgog,lynwood-illinois
https://www.ubereats.com/chicago/food-delivery/ooo-wee-chicken-%26-ribs-llc/Zf-li8r5Tm69KhVeXeOHrQ,lynwood-illinois
https://www.ubereats.com/chicago/food-delivery/harolds-chicken-ridge-%26-burnham/3p13agicSZCW94_lwB_C_A,lynwood-illinois
https://www.ubereats.com/chicago/food-delivery/jj-fish-%26-chicken-homewood/c1fXv6xBTSSRcBfHhnglZg,lynwood-illinois
https://www.ubereats.com/chicago/food-delivery/fratellos-s-halsted/oOtFwsarRQGEefrEvRoPQQ,lynwood-illinois
https://www.ubereats.com/chicago/food-delivery/markham-international/L9WAO8aATJWSzvTKhkuFng,lynwood-illinois
https://www.ubereats.com/chicago/food-delivery/kfc-17505-south-halsted-street/flQBpmNPQvSKo2D-P0WqvQ,lynwood-illinois
https://www.ubereats.com/chicago/food-delivery/kucos-restaurant/uaEAVzU1S9y1NY4oEksCkg,lynwood-illinois
https://www.ubereats.com/chicago/food-delivery/the-bistro-on-sterling/PfLEKeqISLy4RrEfqRvikg,lynwood-illinois
https://www.ubereats.com/chicago/food-delivery/gradys-diner/dIh5NUWSTP6oWKmtoLojsg,lynwood-illinois
https://www.ubereats.com/chicago/food-delivery/taco-taco/wPoHXNwJSWeOuoKJ2WiSUQ,lynwood-illinois
https://www.ubereats.com/chicago/food-delivery/seafood-junction/j0D3ujJGSKefUMsura37Mw,lynwood-illinois
https://www.ubereats.com/chicago/food-delivery/windy-city-pizza-works/Qk-SoP6fRI-na2T2oSjWBA,lynwood-illinois
https://www.ubereats.com/chicago/food-delivery/burger-king-18401-s-halsted-st/i5QvMJfQSgWX_90iUR8fxA,lynwood-illinois
https://www.ubereats.com/chicago/food-delivery/pops-italian-beef-homewood/0PQZR7spT6usSy6X9B8PQA,lynwood-illinois
https://www.ubereats.com/chicago/food-delivery/burrito-express/wplrhiopQaWgK-h4VsabOA,lynwood-illinois
https://www.ubereats.com/chicago/food-delivery/bens-soft-pretzels-3800-vollmer-rd/Bb0NxwtVTgqbQJBHL2F3IQ,lynwood-illinois
https://www.ubereats.com/chicago/food-delivery/marcus-theatre-chicago-heights/R0N-KFETReOtNSabTdJjFw,lynwood-illinois
https://www.ubereats.com/chicago/food-delivery/bambinos-family-restaurant/y0ynDPf4RHqOQJIZHrjhfA,lynwood-illinois
https://www.ubereats.com/chicago/food-delivery/chipotle-mexican-grill-4815-211th-st/oi29IPTPQcKTjjkM-B8I6Q,lynwood-illinois
https://www.ubereats.com/chicago/food-delivery/buffalo-wild-wings-1250-torrence-ave/aoAH2Q4PS9GarkYQDPf-bA,lynwood-illinois
https://www.ubereats.com/chicago/food-delivery/panda-express-700-e-tri-state-tollway/_e05RmQgS8CK4a7Nh_GBKw,lynwood-illinois
https://www.ubereats.com/chicago/food-delivery/harolds-of-south-holland/PUOB1o5pQNqhyFwHzg5U9A,lynwood-illinois
