url,city
https://www.ubereats.com/tampa/food-delivery/circle-k-5756-central-ave/lmsFrpR2S9iaTez6kdHzQA,madeira-beach-florida
https://www.ubereats.com/tampa/food-delivery/basil-leaf/RVbDI7MIQQeh2l4X15EZVA,madeira-beach-florida
https://www.ubereats.com/tampa/food-delivery/the-silver-spoon-diner/k18vPljCRoiCwT_8SUggQA,madeira-beach-florida
https://www.ubereats.com/tampa/food-delivery/sonnys-bbq-4385-park-blvd/8ini02nFRAy17YcNtu9WSw,madeira-beach-florida
https://www.ubereats.com/tampa/food-delivery/pizza-%40tyrone-square/xYSdKZW-SEK4U5mNQoLEMQ,madeira-beach-florida
https://www.ubereats.com/tampa/food-delivery/boston-market-9595-4th-st-n/mso9NTewSaqmzS3IiByzeg,madeira-beach-florida
https://www.ubereats.com/tampa/food-delivery/dairy-queen-grill-%26-chill-3101-n-66th-st/8cUZzB4NSxeTOkZWyjrLng,madeira-beach-florida
https://www.ubereats.com/tampa/food-delivery/dunkin-7030-ulmerton-rd/AiBNltdbQXuHBibqMDLT_g,madeira-beach-florida
https://www.ubereats.com/tampa/food-delivery/kao-thai-street-food/pQXMyL1WTj-U4qERCn0uBA,madeira-beach-florida
https://www.ubereats.com/tampa/food-delivery/applebees-7995-113th-st/p5OLBcf2QRyQvNTIMbU5lw,madeira-beach-florida
https://www.ubereats.com/tampa/food-delivery/burgermonger-downtown-st-petersburg/RSssSM_qQSGowYhAogF78w,madeira-beach-florida
https://www.ubereats.com/tampa/food-delivery/tropical-smoothie-cafe-66th-street-north/MiT-PrrxTT-zp2yeKZMfAA,madeira-beach-florida
https://www.ubereats.com/tampa/food-delivery/slow-roasted/ITuCeaY5TkStrnLXOaE-bg,madeira-beach-florida
https://www.ubereats.com/tampa/food-delivery/la-gloria-colombian-restaurant/1rLIjSBoQuWea2YfcPc_9g,madeira-beach-florida
https://www.ubereats.com/tampa/food-delivery/taste-of-the-islands-restaurant-%26-grill-st-petersburg/eQO7DRxMTfGWDAtRpOzQ8Q,madeira-beach-florida
https://www.ubereats.com/tampa/food-delivery/bula-on-the-beach-madeira-beach/R7c9IMM9QImK_bCMewIYqg,madeira-beach-florida
https://www.ubereats.com/tampa/food-delivery/thai-bay-and-sushi-restaurant-largo/4hwQn9rFRwOUnW1F6Fu01Q,madeira-beach-florida
https://www.ubereats.com/tampa/food-delivery/tropical-smoothie-cafe-seminole/6iQI1JNiRS69zc33_ncLHg,madeira-beach-florida
https://www.ubereats.com/tampa/food-delivery/beach-snoballs/I0rq42wyQ5WB7STj9ZlDgg,madeira-beach-florida
https://www.ubereats.com/tampa/food-delivery/taste-of-punjab-largo/9lEb2OEZTgeBjW1mm3_iUA,madeira-beach-florida
https://www.ubereats.com/tampa/food-delivery/mcdonalds-49th-street/MV4wxVDGQDOqH-WjXLJSvg,madeira-beach-florida
https://www.ubereats.com/tampa/food-delivery/chipotle-mexican-grill-1418-66th-st-n/6pqn17p5QG-4cvy3s4evRg,madeira-beach-florida
https://www.ubereats.com/tampa/food-delivery/salems-fresh-eats-18th-ave/7AU8P-IrQzGwJHZUg7DcDA,madeira-beach-florida
https://www.ubereats.com/tampa/food-delivery/gateway-to-india-authentic-indian-restaurant/PsUO2mr0TkiXMkLQzhTKgw,madeira-beach-florida
https://www.ubereats.com/tampa/food-delivery/kfc-770-34th-street-n/1Zy_sB4LQsO1T2Qzu_Zl3w,madeira-beach-florida
https://www.ubereats.com/tampa/food-delivery/the-better-burrito-company/YAOF7hsZT-SJReo6-36JwA,madeira-beach-florida
https://www.ubereats.com/tampa/food-delivery/pacific-counter/-5vqiX2iQry1dc4z4h2kFw,madeira-beach-florida
https://www.ubereats.com/tampa/food-delivery/wawa-5129-9501-bay-pines-blvd/PccSgiQJQ3y0sseev8VBpg,madeira-beach-florida
https://www.ubereats.com/tampa/food-delivery/maple-street-biscuit-company-st-pete/DELp9eB2QkyoQqbLKtyiCQ,madeira-beach-florida
https://www.ubereats.com/tampa/food-delivery/smashburger-10801-starkey-road/MHNox6XnShWLKr8YmKfORg,madeira-beach-florida
https://www.ubereats.com/tampa/food-delivery/mr-empanada-st-pete/lr3nKAgORjSaaPhyzpr8Dw,madeira-beach-florida
https://www.ubereats.com/tampa/food-delivery/subway-5901-gulf-blvd/vmQMrzh-SWKLKDFfYGrURw,madeira-beach-florida
https://www.ubereats.com/tampa/food-delivery/winghouse-of-largo/JvPtzXh2RLSNFMXLKOXkNg,madeira-beach-florida
https://www.ubereats.com/tampa/food-delivery/fresh-factory/R8ejhGY3Qki4zpcRe9s8CQ,madeira-beach-florida
https://www.ubereats.com/tampa/food-delivery/ihop-4671-park-boulevard/MEM5_rK2Rc6zcYkqevMuqQ,madeira-beach-florida
https://www.ubereats.com/tampa/food-delivery/tijuana-flats-seminole/raWn4r5ZRhWTR0WkWmdsqQ,madeira-beach-florida
https://www.ubereats.com/tampa/food-delivery/alina-cafe-llc/aVmdcEStQBGCqqljPigmYw,madeira-beach-florida
https://www.ubereats.com/tampa/food-delivery/dunkin-8150-bryan-dairy-rd/0tU7GwAtTkylPoG1DOgM2w,madeira-beach-florida
https://www.ubereats.com/tampa/food-delivery/caddys-st-pete-beach/DIU2OsQoTOul9JftE_gh9A,madeira-beach-florida
https://www.ubereats.com/tampa/food-delivery/captain-bills-gulfside-tavern/qaKp5ODZS5eI9YjL_CgSsg,madeira-beach-florida
https://www.ubereats.com/tampa/food-delivery/screwie-louies/uentXYhYSaqXCVW4szhYyw,madeira-beach-florida
https://www.ubereats.com/tampa/food-delivery/hot-crab/gj0GjtR_QoycLJni0MQjew,madeira-beach-florida
https://www.ubereats.com/tampa/food-delivery/zaxbys-ulmerton/_aJVzqvqSqC0PLatt7ANUA,madeira-beach-florida
https://www.ubereats.com/tampa/food-delivery/jessis-restaurant/LZCa67MgR9CeDnjtRiiVmA,madeira-beach-florida
https://www.ubereats.com/tampa/food-delivery/fortunatos-taps-and-tavern/iBTRmIcUSsC62Q-dar1xfA,madeira-beach-florida
https://www.ubereats.com/tampa/food-delivery/wendys-10751-park-blvd/sy1P1QSeQkGjwDrHnTxkEQ,madeira-beach-florida
https://www.ubereats.com/tampa/food-delivery/sea-dog-brewpub-ti-lcc/Gbn3zZkCQmCtmb3nhRLbTw,madeira-beach-florida
https://www.ubereats.com/tampa/food-delivery/willie-jewells-old-school-bar-b-q-largo/M2UO0Ch3Rq6gl0R2TKXYhQ,madeira-beach-florida
https://www.ubereats.com/tampa/food-delivery/wendys-1452-south-pasadena-ave/1yHojog0TL2-pP9rzJ7DyA,madeira-beach-florida
https://www.ubereats.com/tampa/food-delivery/burger-king-3701-34th-street-north/z_fZ7Z-DR4OYxLHOJz0HZA,madeira-beach-florida
https://www.ubereats.com/tampa/food-delivery/kcs-saloon/Lj6trXbHTXyGVyprcfwVTQ,madeira-beach-florida
https://www.ubereats.com/tampa/food-delivery/bombwich-ordermark/7qew-xHzRICSWiyhqcZyeQ,madeira-beach-florida
https://www.ubereats.com/tampa/food-delivery/kao-thai-kitchen/PPkr6MDuRMOMfmom9Zd34g,madeira-beach-florida
https://www.ubereats.com/tampa/food-delivery/china-pearl/zy6RxfTCQXC37Wnqh4BNtA,madeira-beach-florida
https://www.ubereats.com/tampa/food-delivery/tijuana-flats-st-pete/uYjc85oNQ_6X_ISi9O-iJQ,madeira-beach-florida
https://www.ubereats.com/tampa/food-delivery/gyro-city-and-seafood/E65W-2MbQNKs5yTwPATQ6A,madeira-beach-florida
https://www.ubereats.com/tampa/food-delivery/quaker-steak-%26-lube-10400-49th-st/xEe77qP1S3OL-QDdEGvoUQ,madeira-beach-florida
https://www.ubereats.com/tampa/food-delivery/rumfish-grill/mDN4fhfaRo-OIxfTVFV6HQ,madeira-beach-florida
https://www.ubereats.com/tampa/food-delivery/moonlight-boba/fnLIgHkqSUSzDb8_keL23Q,madeira-beach-florida
https://www.ubereats.com/tampa/food-delivery/dr-bbq/yoJnMw1xQjGTsfvF-bdqEQ,madeira-beach-florida
https://www.ubereats.com/tampa/food-delivery/golden-corral-10050-ulmerton-road/OqsyAc9LSXCtpXD30_G9VA,madeira-beach-florida
https://www.ubereats.com/tampa/food-delivery/the-library/XLb_2hKRRl2DQTY-_6BwLA,madeira-beach-florida
https://www.ubereats.com/tampa/food-delivery/tap-burgers/v49eh5KVT5yY3ucMo8c5Jw,madeira-beach-florida
https://www.ubereats.com/tampa/food-delivery/stellas-gulfport/HfqNwFFmQbGsnHUWiP3g6A,madeira-beach-florida
https://www.ubereats.com/tampa/food-delivery/taco-bell-10749-park-blvd/DtOJm36sS6G3ZDPasJYJ5A,madeira-beach-florida
https://www.ubereats.com/tampa/food-delivery/carrabbas-3530-tyrone-blvd/jZFWlElASn6qYqjGN5ebZA,madeira-beach-florida
https://www.ubereats.com/tampa/food-delivery/dharma-kava-lounge/T_OWvEQ6TEyo9OWwveZmeA,madeira-beach-florida
https://www.ubereats.com/tampa/food-delivery/4th-street-kava-house/ZzKi_n4BT--UomcefM3ohA,madeira-beach-florida
https://www.ubereats.com/tampa/food-delivery/steak-n-shake-10555-ulmerton-road/AMnxkWkyTsG7w2_5wRM7HA,madeira-beach-florida
https://www.ubereats.com/tampa/food-delivery/buoys-waterfront-bar-and-grill/SKmEnbvJSlaQt5bknDcrzA,madeira-beach-florida
https://www.ubereats.com/tampa/food-delivery/dooriban-korean-restaurant/0ErjvOgtQsGt2dYUR5j7gw,madeira-beach-florida
https://www.ubereats.com/tampa/food-delivery/subway-898-49th-st-n/VNjLpMRcS4qiYTTbFBmi2g,madeira-beach-florida
https://www.ubereats.com/tampa/food-delivery/caddys-on-the-beach/0WkZ81h1QTamC9klD4zMDg,madeira-beach-florida
https://www.ubereats.com/tampa/food-delivery/jersey-mikes-roosevelt-blvd-n-%26-102nd-ave-n/KxjVTtKNSAOxOcSwUqLNhg,madeira-beach-florida
https://www.ubereats.com/tampa/food-delivery/mad-hatters-tea-bar-st-petersburg/ZPUx3uZTQxKJKfUwKzmkow,madeira-beach-florida
https://www.ubereats.com/tampa/food-delivery/tropical-smoothie-cafe-pinellas/uW-dFOEpRVmhQUxZfaD81g,madeira-beach-florida
https://www.ubereats.com/tampa/food-delivery/taco-bell-13709-walsingham-rd/aKE6O9llRzuEHDIqp7XUcw,madeira-beach-florida
https://www.ubereats.com/tampa/food-delivery/java-kava/CV7kIHoQQfOUzcHdgMau3Q,madeira-beach-florida
https://www.ubereats.com/tampa/food-delivery/bellas-bakes-cakes-and-bagels/Uspnw7KiTO-PHaKNgc_5Wg,madeira-beach-florida
https://www.ubereats.com/tampa/food-delivery/firehouse-subs-largo/Ik8OHa2XTk6wQdZc61zHMA,madeira-beach-florida
https://www.ubereats.com/tampa/food-delivery/the-tasty-vegetable/lPWhZEY4TbOIbu8ppB0Tpw,madeira-beach-florida
https://www.ubereats.com/tampa/food-delivery/willys-burgers-%26-booze/361ydMc5Qce-NaCpAaoPYA,madeira-beach-florida
https://www.ubereats.com/tampa/food-delivery/salems-fresh-eats-st-pete/DuF7yzedS5CjJM7C7eNdEw,madeira-beach-florida
https://www.ubereats.com/tampa/food-delivery/subway-11180-66th-st/HOK8AvHjToOCQxMXuRDVuA,madeira-beach-florida
https://www.ubereats.com/tampa/food-delivery/kays-kitchen-family-restaurant-st-petersburg/iahK4mMsTWiXYO30ZOiCjw,madeira-beach-florida
https://www.ubereats.com/tampa/food-delivery/smoothie-king-stpetersburg/rUgIrEz9QeeuMvJPuxoMZg,madeira-beach-florida
https://www.ubereats.com/tampa/food-delivery/the-local-deli-%26-cafe/fU8j4RRvRqeRdkmn8w90NQ,madeira-beach-florida
https://www.ubereats.com/tampa/food-delivery/bollywood-aroma-vegan-indian/crZHXLVHQLKgK8P18ID39w,madeira-beach-florida
https://www.ubereats.com/tampa/food-delivery/buffalo-wild-wings-4075-park-blvd-n/gJ9d-rqySbyqoiSodG6nHA,madeira-beach-florida
https://www.ubereats.com/tampa/food-delivery/parkshore-grill/cSyAfHrDTxqW9sE-roQ0Kw,madeira-beach-florida
https://www.ubereats.com/tampa/food-delivery/little-greek-largo/xBHh71FcQU2Qt2VkxKV9-g,madeira-beach-florida
https://www.ubereats.com/tampa/food-delivery/boston-market-4001-e-bay-drive/lL8VKLopRVWbrIUU7makOg,madeira-beach-florida
https://www.ubereats.com/tampa/food-delivery/the-spot-sushi-burritos/weuwmP_5TBSzAlkX0_2r8w,madeira-beach-florida
https://www.ubereats.com/tampa/food-delivery/alma-llanera-venezuelan-food-pinellas-park/b_1Lk5Q9TCqoSogaKuvWJA,madeira-beach-florida
https://www.ubereats.com/tampa/food-delivery/starbucks-walsingham-%26-137th/wjQ-DSlVQ3KPkgJeGqs1xg,madeira-beach-florida
https://www.ubereats.com/tampa/food-delivery/sonnys-bbq-3650-tyrone-boulevard/M84dFQ1QT7aumRBnVA2H9Q,madeira-beach-florida
https://www.ubereats.com/tampa/food-delivery/the-pesky-pelican/IS_LR1X9TLSWq9Tm8C4hMA,madeira-beach-florida
https://www.ubereats.com/tampa/food-delivery/jinju-korean-grill-%26-sushi/JmiOu4f3SEenYN8Ag8JGMw,madeira-beach-florida
https://www.ubereats.com/tampa/food-delivery/pizza-hut-7321-park-blvd/TONUdE1VQxGKirlkGQJwSQ,madeira-beach-florida
https://www.ubereats.com/tampa/food-delivery/taquitos-mexican/fwHV705XQbaN6p8rf_Poyw,madeira-beach-florida
https://www.ubereats.com/tampa/food-delivery/aroy-pad-thai/WrG1q-LsRfCsT3wtrx1RLQ,madeira-beach-florida
https://www.ubereats.com/tampa/food-delivery/subway-2004-66th-street-n/lgb0thxKRiWhgoR7Auc7iA,madeira-beach-florida
https://www.ubereats.com/tampa/food-delivery/little-greek-ulmerton-rd/xBeGl7u5Tx-c8IDzHAoSpw,madeira-beach-florida
https://www.ubereats.com/tampa/food-delivery/the-twisted-indian/e247TazoS7qOSumYLRK8gg,madeira-beach-florida
https://www.ubereats.com/tampa/food-delivery/i-thai-%26-sushi-restaurant-largo/e6qVjhvnTWGZgeZaFlnnJA,madeira-beach-florida
https://www.ubereats.com/tampa/food-delivery/glory-days-grill-tyrone/zI3a-Sw3RCGBIKDWchRHbw,madeira-beach-florida
https://www.ubereats.com/tampa/food-delivery/j%26k-seafood-shack/VC3Q3cUhQnajBitpEGBG1Q,madeira-beach-florida
https://www.ubereats.com/tampa/food-delivery/outback-steakhouse-1900-4th-street-north/i32LLJhzSO-agCJkTppz_g,madeira-beach-florida
https://www.ubereats.com/tampa/food-delivery/cold-stone-creamery-pinellas-park/zTR8jCNAQ8O2Hph4VkMwWg,madeira-beach-florida
https://www.ubereats.com/tampa/food-delivery/pdq-seminole/-duVS0nyTuuQ5iccD90B8w,madeira-beach-florida
https://www.ubereats.com/tampa/food-delivery/deccan-spice-2325-ulmerton-rd/KyRsg3BxQs2H9sI9ptcoVg,madeira-beach-florida
https://www.ubereats.com/tampa/food-delivery/starbucks-bay-pines-%26-100th-way-n/byIrjNJXR8SJKo6TEiSj5g,madeira-beach-florida
https://www.ubereats.com/tampa/food-delivery/u-thai-restaurant/OPmEQvELQACgZwdUZ85J1w,madeira-beach-florida
https://www.ubereats.com/tampa/food-delivery/poke-party-vr/Bq15bIelT8uS19wTctifRg,madeira-beach-florida
https://www.ubereats.com/tampa/food-delivery/italian-touch-tyrone/1zR-j5bZROaZMPHrvuTFRw,madeira-beach-florida
https://www.ubereats.com/tampa/food-delivery/deanos-beach-kitchen/xI1xs_lmRLKdreA7k18AJw,madeira-beach-florida
https://www.ubereats.com/tampa/food-delivery/buffalo-wild-wings-2938-tyrone-blvd-n/cRjTToqfSHWp3YrqWthjiQ,madeira-beach-florida
https://www.ubereats.com/tampa/food-delivery/lotus-vegetarian-restaurant-pinellas-park/h4izgJ7OTvei46tngubVoA,madeira-beach-florida
https://www.ubereats.com/tampa/food-delivery/siam-garden-thai/DOjsODEwSdGGMyksCsgXOQ,madeira-beach-florida
https://www.ubereats.com/tampa/food-delivery/outback-steakhouse-7885-113th-street/bIjW3Ky4R2u_s3zPtxHNgQ,madeira-beach-florida
https://www.ubereats.com/tampa/food-delivery/island-escape-grill/abJbV2waQkmV9S9av4m6zw,madeira-beach-florida
https://www.ubereats.com/tampa/food-delivery/applebees-5110-east-bay-dr/Z3ACKwmFTze--wTsMV3fug,madeira-beach-florida
https://www.ubereats.com/tampa/food-delivery/jo-els-kosher-foods/bzVa_GHORfWfXRpEt6FzWw,madeira-beach-florida
https://www.ubereats.com/tampa/food-delivery/habana-cafe-st-petersburg/0WtMUHUYSgGrPJh0H_AmDw,madeira-beach-florida
https://www.ubereats.com/tampa/food-delivery/azalea-sandwich-and-salads/hDxPgh-lTU-LDS8thAxbKA,madeira-beach-florida
https://www.ubereats.com/tampa/food-delivery/mamas-famous-pizza-largo/vCNQvNtiRVGdfzJZq8X4tg,madeira-beach-florida
https://www.ubereats.com/tampa/food-delivery/subway-3431-b-49th-st-n/TVjVgnFYQ521eMjOA3dWwA,madeira-beach-florida
https://www.ubereats.com/tampa/food-delivery/kenwood-kitchen/GRaSPF1iSPq3YRIuzZwlqA,madeira-beach-florida
https://www.ubereats.com/tampa/food-delivery/capital-tacos-st-petersburg/-v0zDxXtRg-rw8qtbP5AXw,madeira-beach-florida
https://www.ubereats.com/tampa/food-delivery/atomic-ice-cream-factory-redington-shores/isTyzpK1SSuZUTxX_hMSgg,madeira-beach-florida
https://www.ubereats.com/tampa/food-delivery/te-nona-delicatus/me4YmsSQRoKgA0bCekjIFw,madeira-beach-florida
https://www.ubereats.com/tampa/food-delivery/cafe-46/dhO6lNVlR02sMu_d7xEnxQ,madeira-beach-florida
https://www.ubereats.com/tampa/food-delivery/haze-ice-cream/ir4DqMwTSgqY3_GiRjXxwQ,madeira-beach-florida
https://www.ubereats.com/tampa/food-delivery/mickeys-cafe-%26-organics/gE-JVnpORQ6coBcsiuf6iA,madeira-beach-florida
https://www.ubereats.com/tampa/food-delivery/havana-harrys-largo/wULYYcFDQrOSzbOrXTWoFg,madeira-beach-florida
https://www.ubereats.com/tampa/food-delivery/taco-bell-2028-66th-st/TfYtA6xhQqmnLUbn1O5M_A,madeira-beach-florida
https://www.ubereats.com/tampa/food-delivery/starbucks-central-ave-%26-66th-st/WsVmhxApRDu-sqaPSYPTzQ,madeira-beach-florida
https://www.ubereats.com/tampa/food-delivery/trips-diner-seminole/AWL3OQ9LSACW-qHpp0l-bw,madeira-beach-florida
https://www.ubereats.com/tampa/food-delivery/bay-1-ice-cream-parlor-%26-sandwich-shop/Agirz1B5RcOb_dq93X_fng,madeira-beach-florida
https://www.ubereats.com/tampa/food-delivery/pho-quyen-vietnamese-restaurant-pinellas-park-fl/tIa9m2aqRlqXDtyRsYGAUA,madeira-beach-florida
https://www.ubereats.com/tampa/food-delivery/hungry-howies-pizza-%26-subs-6570-central-ave/Ft4FfqnRQjm8FbT-uYVZEg,madeira-beach-florida
https://www.ubereats.com/tampa/food-delivery/jersey-mikes-subs-1740-4th-st/voIF9TzjTO2NwWdpJrvZQA,madeira-beach-florida
https://www.ubereats.com/tampa/food-delivery/omaddys-bar-%26-grille/PzWn3Y5GQGySftw8pp1fzA,madeira-beach-florida
https://www.ubereats.com/tampa/food-delivery/mcdonalds-650-150th-avenue/kXjSsPUsR4mCKV3DQxU4GQ,madeira-beach-florida
https://www.ubereats.com/tampa/food-delivery/mcdonalds-7001-us-hwy-19-n/fKSjOZqQQyucMdgAJXY7QQ,madeira-beach-florida
https://www.ubereats.com/tampa/food-delivery/cosmos-cafe/kq7fDkJOQs6uxYjbjeS6sQ,madeira-beach-florida
https://www.ubereats.com/tampa/food-delivery/your-mothers-backyard-sandwiches/souTcRY9Rzmy5W6dzCSuxg,madeira-beach-florida
https://www.ubereats.com/tampa/food-delivery/wawa-5147-12750-walsingham-rd/wSdgY65BQ9WrnMocBpwABg,madeira-beach-florida
https://www.ubereats.com/tampa/food-delivery/shomi-sushi-%26-seafood/ekhjRMcFQ4iXnO9UZNijLA,madeira-beach-florida
https://www.ubereats.com/tampa/food-delivery/subway-3135-34th-st-n/Na0BtrnPSw-Q7u9kfjZ1xA,madeira-beach-florida
https://www.ubereats.com/tampa/food-delivery/willie-jewells-old-school-bar-b-q-seminole/yUWZAWHlTWizTiBT6LQ7qQ,madeira-beach-florida
https://www.ubereats.com/tampa/food-delivery/toasted-monkey-st-pete-beach/Nxnx2Vh3Sm2ldLZoB6schw,madeira-beach-florida
https://www.ubereats.com/tampa/food-delivery/kobe-japanese-steakhouse-%26-sushi-bar-st-pete/6k3VPoxDT-mxU1Df7a3GbQ,madeira-beach-florida
https://www.ubereats.com/tampa/food-delivery/community-cafe/0vJzpkzVS0uluyBoU4Q2Jg,madeira-beach-florida
https://www.ubereats.com/tampa/food-delivery/jersey-mikes-tyrone-blvd-n-%26-38th-ave-n/8YIQ9q_PSwaazeKqyOnOog,madeira-beach-florida
https://www.ubereats.com/tampa/food-delivery/village-inn/gpqiXS1pQVC9qNPPz9pHsg,madeira-beach-florida
https://www.ubereats.com/tampa/food-delivery/mcdonalds-largo-mall/GPIgiwzaRBqqwn4ZK-YBsA,madeira-beach-florida
https://www.ubereats.com/tampa/food-delivery/edo-japanese-steakhouse-tyrone/qXWAOg24TaihWWFnvwHDXg,madeira-beach-florida
https://www.ubereats.com/tampa/food-delivery/deli-house/cIMC5zEpSYmY5EhHH644yw,madeira-beach-florida
https://www.ubereats.com/tampa/food-delivery/mms-healthy/eBGpDfn2Si2AbDP0G_VsIg,madeira-beach-florida
https://www.ubereats.com/tampa/food-delivery/europa-cafelargo/FFdc8AwFRM6gVEK71K3Pww,madeira-beach-florida
https://www.ubereats.com/tampa/food-delivery/400-beach-seafood-and-tap-house/iOvYBUbwTDSaECA-D62Kxg,madeira-beach-florida
https://www.ubereats.com/tampa/food-delivery/grand-hacienda-st-pete-beach/b4U8pcaOTUaCAvJv-VkUpg,madeira-beach-florida
https://www.ubereats.com/tampa/food-delivery/los-magueyes-mexican-grill/lpLmD2KmR428zWS-UH71Hg,madeira-beach-florida
https://www.ubereats.com/tampa/food-delivery/mr-sushi/n9nCfIpgQfO2RXUDZBIuzg,madeira-beach-florida
https://www.ubereats.com/tampa/food-delivery/parkside-cafe/wTR00DOgRQiiT4dDwyYH9Q,madeira-beach-florida
https://www.ubereats.com/tampa/food-delivery/beef-o-bradys-4775-34th-st-s/bcjycYdASBuJnFnzwuf4aA,madeira-beach-florida
https://www.ubereats.com/tampa/food-delivery/panda-express-2200-east-bay-drive/tYl5HpqmT1OLMtX9hK-nww,madeira-beach-florida
https://www.ubereats.com/tampa/food-delivery/corner-bar-and-grill/jO3L31zLTGGjkZ8prxk9Og,madeira-beach-florida
https://www.ubereats.com/tampa/food-delivery/burger-king-6590-park-boulevard/hS9UgzrLR9avzxYhWMTFCQ,madeira-beach-florida
https://www.ubereats.com/tampa/food-delivery/copper-clover-pubmadeira-beach/yWacettkRfmrLiHIuQDbzg,madeira-beach-florida
https://www.ubereats.com/tampa/food-delivery/tijuana-flats-pinellas-park/bTQUtdV7SOCxfvwSiztltA,madeira-beach-florida
https://www.ubereats.com/tampa/food-delivery/aroy-thai-and-sushi-seminole/Im-SiE_CSBazlsEN_uZzOA,madeira-beach-florida
https://www.ubereats.com/tampa/food-delivery/punkys-bar-%26-grill/p2g7I6u1T4Gl7FE27OBQ-A,madeira-beach-florida
https://www.ubereats.com/tampa/food-delivery/bula-kafe/YyW4qFX8SCmeLkPksoBXPA,madeira-beach-florida
https://www.ubereats.com/tampa/food-delivery/blue-parrot/h2RWzKkqRK6xZe9tfxs3cA,madeira-beach-florida
https://www.ubereats.com/tampa/food-delivery/ha-long-bay-st-petersburg/ow_Qws8bQXaKh0knkNrMNQ,madeira-beach-florida
https://www.ubereats.com/tampa/food-delivery/cicis/UHvlvf6cRHSNX6FLSXcR6Q,madeira-beach-florida
https://www.ubereats.com/tampa/food-delivery/sharks-bars-%26-grill/PTQBpg4eR32AVl59PTMTfQ,madeira-beach-florida
https://www.ubereats.com/tampa/food-delivery/miamis-best-cuban/5jN2ito4RkK6skzoF37HjQ,madeira-beach-florida
https://www.ubereats.com/tampa/food-delivery/the-brass-tap-st-petersburg/Zwfhwx66RSuvCMBO2szotQ,madeira-beach-florida
https://www.ubereats.com/tampa/food-delivery/neptune-grill/ukfIV8m4Q6KfTFnMDPVoOw,madeira-beach-florida
https://www.ubereats.com/tampa/food-delivery/chai-mixology/Kqz1lAuKRNyzwaKVCUjQTQ,madeira-beach-florida
https://www.ubereats.com/tampa/food-delivery/joey-brooklyns-famous-pizza-kitchen/7PZ-xEtITHeLzt0RzADyXQ,madeira-beach-florida
https://www.ubereats.com/tampa/food-delivery/a-taste-of-my-islands/QtGsS4wLSmCA1OoauGTBqw,madeira-beach-florida
https://www.ubereats.com/tampa/food-delivery/the-donut-shoppe/sTgOWMiaQdCAkx0Q1AKEtg,madeira-beach-florida
https://www.ubereats.com/tampa/food-delivery/los-amigos-taqueria-y-tienda-largo/E7CCJJ1TRCeoErcNfMRfHQ,madeira-beach-florida
https://www.ubereats.com/tampa/food-delivery/citys-bistro-st-petersburg/rfQSIuCiR7eQ3hZaDwFDuw,madeira-beach-florida
https://www.ubereats.com/tampa/food-delivery/evosfeel-great-food!-st-petersburg/Tf4k33ZrSXyPe2HzHlIpwQ,madeira-beach-florida
https://www.ubereats.com/tampa/food-delivery/pizza-hut-8380-seminole-blvd/78ySB0QuSIqV7Dl4b82GNw,madeira-beach-florida
https://www.ubereats.com/tampa/food-delivery/the-simple-greek/pgT7Aj_pRqahwsomKigUnw,madeira-beach-florida
https://www.ubereats.com/tampa/food-delivery/hawkers-asian-street-fare-st-pete/7IfosxrpS6O99cDc-OdKzw,madeira-beach-florida
https://www.ubereats.com/tampa/food-delivery/bangkok-street-food/xuqoUCyqS22smXS0ihVL0w,madeira-beach-florida
https://www.ubereats.com/tampa/food-delivery/freshii-seminole-city-centre/dvIKVhH9Twe6ahHyX6fR-Q,madeira-beach-florida
https://www.ubereats.com/tampa/food-delivery/charleys-philly-steaks-%26-wings-ulmerton-rd/GOaBKeHZT-yGYwxJcp4efA,madeira-beach-florida
https://www.ubereats.com/tampa/food-delivery/azucar-lounge-inc/xB3FN9KDRNiVfu4OHtMdBQ,madeira-beach-florida
https://www.ubereats.com/tampa/food-delivery/full-plate-chicken%26-gyros/6VQb4uwwS6msbh8w80DBWg,madeira-beach-florida
https://www.ubereats.com/tampa/food-delivery/thirsty-first/sbiPjqYYSga23NMm6ndwaA,madeira-beach-florida
https://www.ubereats.com/tampa/food-delivery/new-china-st-petersburg/UeftQMJ-RKaNAur09zooBQ,madeira-beach-florida
https://www.ubereats.com/tampa/food-delivery/gias-blue-water-taqueria/F2cpEZJvR4ykV3GmKipRGg,madeira-beach-florida
https://www.ubereats.com/tampa/food-delivery/sloppy-joes-on-the-beach/HBcV5cOVRX2tbjb07KZuZA,madeira-beach-florida
https://www.ubereats.com/tampa/food-delivery/sadboy-lounge/UpWSxR1KTse13Ml9UGpZ-g,madeira-beach-florida
https://www.ubereats.com/tampa/food-delivery/boston-market-7820-113th-street/HaeSfyTwQ1KWhbBqsEthfw,madeira-beach-florida
https://www.ubereats.com/tampa/food-delivery/ikigai-poke-and-sushi/934UUpLYRXKbf8EoLq4Rzw,madeira-beach-florida
https://www.ubereats.com/tampa/food-delivery/seasons-cafe-%26-bakery/jiYnvUQPRK6a3u0bbiwL8g,madeira-beach-florida
https://www.ubereats.com/tampa/food-delivery/famous-jays-bbq-and-more/CZFxx7eYRgGLjlziex2o1w,madeira-beach-florida
https://www.ubereats.com/tampa/food-delivery/newhongkong-chinese-restaurant/rMhr6S1FSFeFqukYnrDmkg,madeira-beach-florida
https://www.ubereats.com/tampa/food-delivery/la-gloria-colombian-restaurant/dxKNfEPRQYCHlofn-z-ABg,madeira-beach-florida
https://www.ubereats.com/tampa/food-delivery/subway-10330-seminole-blvd/ULET3oxEQRmF99yyM5Gk_w,madeira-beach-florida
https://www.ubereats.com/tampa/food-delivery/bangkok-clearwater/7yLU49A-S2SeRGplcsOBaQ,madeira-beach-florida
https://www.ubereats.com/tampa/food-delivery/pdq-pinellas-park/0cr_vDL1R9WaNHHxN1YEHQ,madeira-beach-florida
https://www.ubereats.com/tampa/food-delivery/feolas-italian-ristorante/9Jo74Yd1QZqr63ldqfEAPw,madeira-beach-florida
https://www.ubereats.com/tampa/food-delivery/mcdonalds-102nd-avenue/mLUexOFNR9Oriyad5JAosw,madeira-beach-florida
https://www.ubereats.com/tampa/food-delivery/krispy-krab-largo/twvBiigATCiLonFUaX578A,madeira-beach-florida
https://www.ubereats.com/tampa/food-delivery/great-wall-kitchen-st-petersburg/yiJwCtsBQKSLDM2x7HsT7w,madeira-beach-florida
https://www.ubereats.com/tampa/food-delivery/arbys-6640-ulmerton-rd/iokbnpaUTzC6-zlW3W0iWw,madeira-beach-florida
https://www.ubereats.com/tampa/food-delivery/annex-400-beach/eafr4h7bQEyEJ0YM_o0jGw,madeira-beach-florida
https://www.ubereats.com/tampa/food-delivery/panda-express-11167-park-blvdste-a/LLfu9qdkQH-raCrqPr-3Gg,madeira-beach-florida
https://www.ubereats.com/tampa/food-delivery/red-lobster-6151-34th-street-n/gHMHtCKBS4GK6-LdLasIbA,madeira-beach-florida
https://www.ubereats.com/tampa/food-delivery/giannis-ny-pizza-st-petersburg/sAcOn9zjS8as2X__SsJIqg,madeira-beach-florida
https://www.ubereats.com/tampa/food-delivery/tropical-smoothie-cafe-carillon-business-center/GAy4eD_0RpamOnjAXgNYsg,madeira-beach-florida
https://www.ubereats.com/tampa/food-delivery/skyway-jacks/ngTvGw9KSJiXoT42mmM5ew,madeira-beach-florida
https://www.ubereats.com/tampa/food-delivery/largo-family-diner/_NXWJK9TRxSQl4a4hoQ5xQ,madeira-beach-florida
https://www.ubereats.com/tampa/food-delivery/mcdonalds-walsingham/M0kVpibdTs6CXtUxub0IqA,madeira-beach-florida
https://www.ubereats.com/tampa/food-delivery/charleys-philly-steak-tyrone-square-mall/XWsHQz3PSXG96eC6ySj0Kg,madeira-beach-florida
https://www.ubereats.com/tampa/food-delivery/the-pizza-joint-49th-street-north/pdyl6av-TVeK8JglkUcrCw,madeira-beach-florida
https://www.ubereats.com/tampa/food-delivery/rib-shack-bbq/1Hcrc5MfRQeWQGMkXvxOeA,madeira-beach-florida
https://www.ubereats.com/tampa/food-delivery/dead-bobs/2-ldZfQeQWuPrJJb5GVN6g,madeira-beach-florida
https://www.ubereats.com/tampa/food-delivery/chipotle-mexican-grill-3700-park-blvd-n/byWuipZhTU2zWXtR-NA-LQ,madeira-beach-florida
https://www.ubereats.com/tampa/food-delivery/dixies-dog-house-treasure-island/_HbQ-WJaTzS2WSHzGcOk8Q,madeira-beach-florida
https://www.ubereats.com/tampa/food-delivery/hi-poke/o0LMEay0QAa25YJ1KJSsSg,madeira-beach-florida
https://www.ubereats.com/tampa/food-delivery/jets-pizza-madeira-redington/-FGfmFh6Ta2FNLTnU2krgw,madeira-beach-florida
https://www.ubereats.com/tampa/food-delivery/sams-gyro-%26-seafood/D9v8LJCvRbOWuxYBcuzCDw,madeira-beach-florida
https://www.ubereats.com/tampa/food-delivery/seminole-subs-%26-gyros-largo/_HNp0vOnRkCltqudd1R1BA,madeira-beach-florida
https://www.ubereats.com/tampa/food-delivery/china-buffet-largo/favJP8zbQGyxMqM4mGb39A,madeira-beach-florida
https://www.ubereats.com/tampa/food-delivery/frutta-bowls/u97W1rgMT3WWQ-7prMnT1w,madeira-beach-florida
https://www.ubereats.com/tampa/food-delivery/mikes-pizza-%26-pub/VxyqyMUaSYaaDW_m3MF-9A,madeira-beach-florida
https://www.ubereats.com/tampa/food-delivery/jersey-mikes-subs-seminole-11167-park-blvd-n/_DNbaSaKTWyAeugNmBWb1w,madeira-beach-florida
https://www.ubereats.com/tampa/food-delivery/taco-bus-treasure-island/I4B5-V05QoW60S5nXGLj4w,madeira-beach-florida
https://www.ubereats.com/tampa/food-delivery/westshore-pizza-largo/s9XCycyFQse6swbIQ6hFCA,madeira-beach-florida
https://www.ubereats.com/tampa/food-delivery/applebees-4000-park-blvd/BQMMj1T3RJectg8vs0FQQA,madeira-beach-florida
https://www.ubereats.com/tampa/food-delivery/thai-am-restaurant/v25HXj6SQr6NYe7EZetgxA,madeira-beach-florida
https://www.ubereats.com/tampa/food-delivery/wendys-4840-park-street/S2UlI1HgQrqm_PDx_yB3GA,madeira-beach-florida
https://www.ubereats.com/tampa/food-delivery/bob-evans-158-2410-66th-street-n/ROeRBURESs-61OUXsJghtQ,madeira-beach-florida
https://www.ubereats.com/tampa/food-delivery/angelos-pizza/AuXvSYyKTzm97GP9LY1KpA,madeira-beach-florida
https://www.ubereats.com/tampa/food-delivery/pieology-pizzeria-11165-park-blvd/e6CqLKjfTpKObbNhcC9v7g,madeira-beach-florida
https://www.ubereats.com/tampa/food-delivery/7042-bonefish-grill-2408-tyrone-blvd/X3tCz_uMRHyvw-OsMHXPBA,madeira-beach-florida
https://www.ubereats.com/tampa/food-delivery/millers-ale-house-seminole/bo1VNFi7T0yat54ybfnHeQ,madeira-beach-florida
https://www.ubereats.com/tampa/food-delivery/kogi-grill/v49kWDZKSUu43G1avY29FA,madeira-beach-florida
https://www.ubereats.com/tampa/food-delivery/checkers-3501-34th-street-n/LLrpqCmdQD64xgklEAx1zw,madeira-beach-florida
https://www.ubereats.com/tampa/food-delivery/harold-seltzers-steakhouse/wJWLWNm4TymxpfrPSZRB5Q,madeira-beach-florida
https://www.ubereats.com/tampa/food-delivery/bajas-southern-cooking-%26-more/j0KKIQ7MQjuohzlBVRQTaQ,madeira-beach-florida
https://www.ubereats.com/tampa/food-delivery/mad-beach-craft-brewing-company/4kPK4bcqTKa8PA-XHZ-o1w,madeira-beach-florida
https://www.ubereats.com/tampa/food-delivery/dunkin-1200-pasadena-ave-s/0lLH8l4GSe-ZJP9jP41oJg,madeira-beach-florida
https://www.ubereats.com/tampa/food-delivery/tuttorosso-pizzeria-napoletana/_BiWYwF0StiMvcHCjdBbpA,madeira-beach-florida
https://www.ubereats.com/tampa/food-delivery/hong-kong/HTamjsnBSqmcdKwyLB-ysg,madeira-beach-florida
https://www.ubereats.com/tampa/food-delivery/the-joint-st-pete/gMIDcQchSAmpq_bT6MPDog,madeira-beach-florida
https://www.ubereats.com/tampa/food-delivery/baked-batata-and-more/N_w8l2s1SyqPl1j2NPFkCQ,madeira-beach-florida
https://www.ubereats.com/tampa/food-delivery/seabreeze-family-restaurant/B3WKQ62QQ3aDkuPEoHYGRw,madeira-beach-florida
https://www.ubereats.com/tampa/food-delivery/mugs-sports-bar-%26-grill-largo/OWJ0I8-hS8u-1EWpkpcf9w,madeira-beach-florida
https://www.ubereats.com/tampa/food-delivery/noble-crust/0gTEyWQ_SiWQAdmbgWzS1w,madeira-beach-florida
https://www.ubereats.com/tampa/food-delivery/applebees-10911-starkey-road/x-rTJMQUQz6sHQgozj5u6A,madeira-beach-florida
https://www.ubereats.com/tampa/food-delivery/angry-pepper-waterside/jMFAFi9RRWaPLn5VjBNT5g,madeira-beach-florida
https://www.ubereats.com/tampa/food-delivery/machi-coffee-and-tea/5-TgrAhcQiK0WAzpoKvFDQ,madeira-beach-florida
https://www.ubereats.com/tampa/food-delivery/westshore-pizza/rrV7KixrRgOXwgLhgp6A4w,madeira-beach-florida
https://www.ubereats.com/tampa/food-delivery/biffburger/wLVFXqvpQK-PKQnzPkM3dQ,madeira-beach-florida
https://www.ubereats.com/tampa/food-delivery/mity-nice-cafe/xq-8joyYROii_yH65-veZQ,madeira-beach-florida
https://www.ubereats.com/tampa/food-delivery/subzero-nitrogen-ice-cream/78JGFavxSy-tpirr7PXfPA,madeira-beach-florida
https://www.ubereats.com/tampa/food-delivery/mcdonalds-7003-seminole-blvd/uhmGUVn6TL6iEoLtHRvsDQ,madeira-beach-florida
https://www.ubereats.com/tampa/food-delivery/amish-creamery/lYN5WYFnR6-ygkbHmjGZTA,madeira-beach-florida
https://www.ubereats.com/tampa/food-delivery/speakeasy-lounge/WU7QF5DbQZKUgKlAkXxClw,madeira-beach-florida
https://www.ubereats.com/tampa/food-delivery/sauced/tbTuOmwaRXu7yyM6-HVv1w,madeira-beach-florida
https://www.ubereats.com/tampa/food-delivery/new-china-restaurant/SYEulBGzQgakLjnfTVxSeg,madeira-beach-florida
https://www.ubereats.com/tampa/food-delivery/verduccis-restaurant-and-pizzeria/Pb40MOi5STC4UkCb6h5pNg,madeira-beach-florida
https://www.ubereats.com/tampa/food-delivery/vcibo/aZhB-6cPRxCil9AKGNqhYQ,madeira-beach-florida
https://www.ubereats.com/tampa/food-delivery/cook-eat-mingle/1ouBAvbyQAe0Ag_LDHwJWw,madeira-beach-florida
https://www.ubereats.com/tampa/food-delivery/starbucks-us-19-%26-22nd-ave/e94HXyopRMezLzys_q7-_g,madeira-beach-florida
https://www.ubereats.com/tampa/food-delivery/mr-waffles/Va2A8su6QeqV0Trf41RnMQ,madeira-beach-florida
https://www.ubereats.com/tampa/food-delivery/good-vibes-juice-co-largo/4TEGBTzYRPKxZp_tkU0K_w,madeira-beach-florida
https://www.ubereats.com/tampa/food-delivery/dunkin-3850-34th-st-s/7YP9fc2cSNeEe2ra4LnVTQ,madeira-beach-florida
https://www.ubereats.com/tampa/food-delivery/fat-cat-tavern-largo/SNJNaModR12Lt3ZJpDWcDQ,madeira-beach-florida
https://www.ubereats.com/tampa/food-delivery/kfc-2430-34th-st/3tjtvp_bStKcznDQHolLJA,madeira-beach-florida
https://www.ubereats.com/tampa/food-delivery/craftsman-house/E2IUM76sRfG9yH4dapVAjA,madeira-beach-florida
https://www.ubereats.com/tampa/food-delivery/st-pete-burger-co/4O2pZAriS16LK4MUdcC0OQ,madeira-beach-florida
https://www.ubereats.com/tampa/food-delivery/grumpy-gringo/sFJSLcGaQXW_z4tN0f0dKw,madeira-beach-florida
https://www.ubereats.com/tampa/food-delivery/fish-bol/bDbD33xjRkWWNRT1-BWvdg,madeira-beach-florida
https://www.ubereats.com/tampa/food-delivery/churchs-chicken-2195-34th-street-s/zNJynNS9Rn2YkxandQVjbQ,madeira-beach-florida
https://www.ubereats.com/tampa/food-delivery/the-drunken-clam-st-pete-beach/DXtEqqOXQceZg7W4ReTUgQ,madeira-beach-florida
https://www.ubereats.com/tampa/food-delivery/sake-house-largo/0GCPsbs1TSqTuBbxZcISPA,madeira-beach-florida
https://www.ubereats.com/tampa/food-delivery/chicago-deli-%26-coney-dogs/62V_BJGYRBOgQExZl_eCDA,madeira-beach-florida
https://www.ubereats.com/tampa/food-delivery/casa-compay/XqrX1EVNSAqh5X3klZuZ8A,madeira-beach-florida
https://www.ubereats.com/tampa/food-delivery/latin-bowl-restaurant/ybI4aAxGT4ShsFmgwZbLJw,madeira-beach-florida
https://www.ubereats.com/tampa/food-delivery/hooters-tyrone-blvd-n-%26-66th-st-n/A4NOo_u7RWWI2nChj7t6pA,madeira-beach-florida
https://www.ubereats.com/tampa/food-delivery/sweet-stack-shack/mvpzMZQAS-mJpuusXjJ5hQ,madeira-beach-florida
https://www.ubereats.com/tampa/food-delivery/taqueria-emanuel-pinellas-park/w5JUKGGWTAaAevbxoygcCQ,madeira-beach-florida
https://www.ubereats.com/tampa/food-delivery/mcdonalds-6855-gulf-blvd/jG152wSaQiqjlVIxwRWAeA,madeira-beach-florida
https://www.ubereats.com/tampa/food-delivery/vampire-penguin-seminole/6GMDXw8ESIOkBdQPBp5f_Q,madeira-beach-florida
https://www.ubereats.com/tampa/food-delivery/pie12-napoletana-coal-fired-pizzeria/Kz9XbVgyTBe0eRg-4naVRg,madeira-beach-florida
https://www.ubereats.com/tampa/food-delivery/dunkin-4599-66th-st-n/TPFuxMnxQuiDvw94nK1nLA,madeira-beach-florida
https://www.ubereats.com/tampa/food-delivery/grand-hacienda-tyrone-blvd/IbyCTCKoRIKVR_yIfRniIg,madeira-beach-florida
https://www.ubereats.com/tampa/food-delivery/starbucks-park-%26-belcher/BF1h4DjgQ4G_LykTQPOsnA,madeira-beach-florida
https://www.ubereats.com/tampa/food-delivery/first-watch-tyrone-xing/ps-AqqbASBWhi4D1NRZCeA,madeira-beach-florida
https://www.ubereats.com/tampa/food-delivery/pollo-tropical-3900-park-blvd/TTX-niVGRwSnk1V00ttcUg,madeira-beach-florida
https://www.ubereats.com/tampa/food-delivery/buya-ramen-st-petersburg/S6LjEEUoTVWLSP-Hk8ibig,madeira-beach-florida
https://www.ubereats.com/tampa/food-delivery/menchies-frozen-yogurt-11201-park-blvd-n/47-hV5EXRO2451-7GOKbvA,madeira-beach-florida
https://www.ubereats.com/tampa/food-delivery/the-ice-cream-shop/q-lcrFxhRoOgMtY7Juw1VA,madeira-beach-florida
https://www.ubereats.com/tampa/food-delivery/dunkin-13050-walsingham-rd/hQidfZ-3QXel88txx_oA-g,madeira-beach-florida
https://www.ubereats.com/tampa/food-delivery/2nd-and-second/mnGGvKBxRvGAtOr6_0wN-A,madeira-beach-florida
https://www.ubereats.com/tampa/food-delivery/wawa-5241-5901-9th-ave-n/CTdqvhDQToWxjXS7a6Ksjg,madeira-beach-florida
https://www.ubereats.com/tampa/food-delivery/727-seafood-and-grill/3n7yYC7ZRJe4GENYxb8_SA,madeira-beach-florida
https://www.ubereats.com/tampa/food-delivery/brunos-bakery-cafe/8xe1AAqSS9W612AKDb95_Q,madeira-beach-florida
https://www.ubereats.com/tampa/food-delivery/subway-11111-park-blvd/t9N6f2OuQ5GvR17acPUEEg,madeira-beach-florida
https://www.ubereats.com/tampa/food-delivery/paisanos-pizza-n-pasta/B7AfAL2zT7GoiGMqc-By7w,madeira-beach-florida
https://www.ubereats.com/tampa/food-delivery/mcdonalds-pinellas-park/eLYs7oPTQ_ekmsG6smdvJQ,madeira-beach-florida
https://www.ubereats.com/tampa/food-delivery/ricks-reef-st-pete-beach/Sr0iOz85SnS_3UmkbCwivg,madeira-beach-florida
https://www.ubereats.com/tampa/food-delivery/aroy-keri-noodle/94vM4EDpRDyI8Gxi4kal9A,madeira-beach-florida
https://www.ubereats.com/tampa/food-delivery/oh-greek/u7Vmwv4LQe2PzVeuD0BEmA,madeira-beach-florida
https://www.ubereats.com/tampa/food-delivery/moes-southwest-grill-11140-starkey-road/bGB9oAEqRZSs1Oki6tFgSQ,madeira-beach-florida
https://www.ubereats.com/tampa/food-delivery/kc-sunshine-grill/biQucaDxQxu2h1Z5-qxBSw,madeira-beach-florida
https://www.ubereats.com/tampa/food-delivery/dunkin-1100-tyrone-blvd-n/WmOg0-VeRmGKh58zX52BJA,madeira-beach-florida
https://www.ubereats.com/tampa/food-delivery/firehouse-subs-st-petersburg-4th-street/96qIiCslQSm-D-Eyfsk6sA,madeira-beach-florida
https://www.ubereats.com/tampa/food-delivery/globe-restaurant/jCYbesHWQhemM8ueStFdoQ,madeira-beach-florida
https://www.ubereats.com/tampa/food-delivery/burger-king-3554-central-avenue/G1a5Hjq6THmKcZU821gdEA,madeira-beach-florida
https://www.ubereats.com/tampa/food-delivery/dunkin-8595-seminole-blvd/k5I0oICNSwKty7VrUHPhig,madeira-beach-florida
https://www.ubereats.com/tampa/food-delivery/hong-kong-restaurant/GNwerhKeRhqsUL41K4xcSA,madeira-beach-florida
https://www.ubereats.com/tampa/food-delivery/chicken-salad-chick-7839-113th-st-n-suite-a/fOiHrq1JT9mHslNEuyhJRA,madeira-beach-florida
https://www.ubereats.com/tampa/food-delivery/smokin-19-tyrone/VNyc8rprQUuXF47O5aGkPw,madeira-beach-florida
https://www.ubereats.com/tampa/food-delivery/convenient-food-mart/xsiYBSKQTMKgEEVwM2LF2g,madeira-beach-florida
https://www.ubereats.com/tampa/food-delivery/dunkin-8650-49th-st-n/_rfBVmFiQOmwsGOTbjWqjw,madeira-beach-florida
https://www.ubereats.com/tampa/food-delivery/bubba-gump-shrimp-co-185-boardwalk-place-west/L2HVk_-hRpe4Etxdvs0WDg,madeira-beach-florida
https://www.ubereats.com/tampa/food-delivery/the-wooden-rooster-seminole/YIrVoxW7S0q-aFcWOSjHCw,madeira-beach-florida
https://www.ubereats.com/tampa/food-delivery/crafty-crab-st-pete/_coZzdnSRpC_TdpbOFcIeg,madeira-beach-florida
https://www.ubereats.com/tampa/food-delivery/crystal-cove-crab-shack/k36X3kkuQ9S_6wttJbuIRg,madeira-beach-florida
https://www.ubereats.com/tampa/food-delivery/earl-of-sandwich-4th-st-n-%26-50th-ave-n/LdyufyD1SJCYEdSKfMavQQ,madeira-beach-florida
https://www.ubereats.com/tampa/food-delivery/fergs-sports-bar/LkoPv4bSSTKf7apVwz6row,madeira-beach-florida
https://www.ubereats.com/tampa/food-delivery/dunkin-700-34th-st-n/iHcTDTpDSSChMRUuaKfNMQ,madeira-beach-florida
https://www.ubereats.com/tampa/food-delivery/jbs-seafood-takeout/uuVfh7L8SJ-_75tlja0Ijg,madeira-beach-florida
https://www.ubereats.com/tampa/food-delivery/applebees-4700-4th-street-north/c_mmgLhdRY-KPjkSrA9ylQ,madeira-beach-florida
https://www.ubereats.com/tampa/food-delivery/aroy-raw-bar/InR8LYWuRRenN84eTYuySw,madeira-beach-florida
https://www.ubereats.com/tampa/food-delivery/hungry-howies-pizza-largo-%23117/mbN7wBHvRMSbIWW0iKvjDw,madeira-beach-florida
https://www.ubereats.com/tampa/food-delivery/better-byrd/R4yj5bvnShKOBaYcLnkuCw,madeira-beach-florida
https://www.ubereats.com/tampa/food-delivery/buona-ristorante/Pw_Sw87hQ_WJAWVzwI93pw,madeira-beach-florida
https://www.ubereats.com/tampa/food-delivery/hooters-boardwalk-pl-e-%26-village-blvd/lHVq046eQMKKIw-NqipxcQ,madeira-beach-florida
https://www.ubereats.com/tampa/food-delivery/sila-thai-and-sushi/CU2RpZjPS06bT0BZJBaKzg,madeira-beach-florida
https://www.ubereats.com/tampa/food-delivery/acropol-family-restaurant-largo/2Owc48iNRTWq5Se9PuJeCg,madeira-beach-florida
https://www.ubereats.com/tampa/food-delivery/pdq-st-pete/AdDxHU4JRT68Eo8ZyTKTmg,madeira-beach-florida
https://www.ubereats.com/tampa/food-delivery/poke-island/9UxORMaCQpaJhxRNtFrwjw,madeira-beach-florida
https://www.ubereats.com/tampa/food-delivery/pipos-22nd-street/DQ8HbMqWR9OjWTK4yZqO8w,madeira-beach-florida
https://www.ubereats.com/tampa/food-delivery/cafe-sahara-largo-and-clearwater/hsH-e-QARkS_SwO63Icy3g,madeira-beach-florida
https://www.ubereats.com/tampa/food-delivery/stacies-cottage-cafe/GCNxiVZGRNmeWdjsmdhZVw,madeira-beach-florida
https://www.ubereats.com/tampa/food-delivery/red-robin-553-2468-tyrone-blvd-435b/fx0m7Sh_RLGOIQzMTbDUTw,madeira-beach-florida
https://www.ubereats.com/tampa/food-delivery/jersey-mikes-roosevelt-blvd-%26-michigan-dr/SCbW-PfiRF-dbrhPzcP6Fg,madeira-beach-florida
https://www.ubereats.com/tampa/food-delivery/memphis-style-bbq-co/XpQLQ1fgSceQvVZN6mvWQg,madeira-beach-florida
https://www.ubereats.com/tampa/food-delivery/the-queenshead-eurobar/4rrCJcNFQtibKK1o0p4ueA,madeira-beach-florida
https://www.ubereats.com/tampa/food-delivery/burgerfi-seminole/q9xu5IR8QYut4-PxxkQBOQ,madeira-beach-florida
https://www.ubereats.com/tampa/food-delivery/bellas-ristorante-pizzeria-and-bar-inc/KkoeY0DkQ8exlS6htqdemg,madeira-beach-florida
https://www.ubereats.com/tampa/food-delivery/mcdonalds-2315-tyrone-blvd/88VOHHv7TCKFjoxVgCnrOg,madeira-beach-florida
https://www.ubereats.com/tampa/food-delivery/hungry-crab/hmbPnm2RSyu-PfRy4hCxzA,madeira-beach-florida
https://www.ubereats.com/tampa/food-delivery/acropolis-greek-taverna-st-pete/N4eoIpBcTF6VytsKlXp0Qw,madeira-beach-florida
https://www.ubereats.com/tampa/food-delivery/crabby-bills/Bgo_o5zMQkOKzU99gUUFdQ,madeira-beach-florida
https://www.ubereats.com/tampa/food-delivery/ihop-4199-34th-st-s/DDJ9Oje6SbCFGuooTGibiQ,madeira-beach-florida
https://www.ubereats.com/tampa/food-delivery/taco-bell-8671-ulmerton-rd/sez16h_3TRyWwmjPHGNNrQ,madeira-beach-florida
https://www.ubereats.com/tampa/food-delivery/panda-express-7000-us-highway-19-n/pRwYg6C1TU-0NbW784EzhQ,madeira-beach-florida
https://www.ubereats.com/tampa/food-delivery/burger-king-6760-22nd-ave-north/SiWuA8ySRUepazQRn6FHTw,madeira-beach-florida
https://www.ubereats.com/tampa/food-delivery/nitallys-thaimex/Rwz87_yFQmKtcx0IHspqhg,madeira-beach-florida
https://www.ubereats.com/tampa/food-delivery/smiley-thai-to-go/rB1qBR-7TXu6-cHb4LhP_A,madeira-beach-florida
https://www.ubereats.com/tampa/food-delivery/han-way/PvUdnod2TISmrVO8cguWZg,madeira-beach-florida
https://www.ubereats.com/tampa/food-delivery/the-lure/xyj6dpskTzmdWwQTTqcmjA,madeira-beach-florida
https://www.ubereats.com/tampa/food-delivery/outback-steakhouse-3690-east-bay-drive/cGniGlxzSbK5BMyo7GvCBg,madeira-beach-florida
https://www.ubereats.com/tampa/food-delivery/westshore-pizza-2824-54th-ave-s/vw4aJPO0RWmhSz9HUtp9yQ,madeira-beach-florida
https://www.ubereats.com/tampa/food-delivery/sab-cafe-downtown-st-petersburg/56MxDbUYTuS_TF0hVKE4BA,madeira-beach-florida
https://www.ubereats.com/tampa/food-delivery/greek-islands-cafe/WGxrJGthSUmhHJn99ZSu-A,madeira-beach-florida
https://www.ubereats.com/tampa/food-delivery/frescos-waterfront-bistro/2P9pZeA2TvS0OhwGNbgXmQ,madeira-beach-florida
https://www.ubereats.com/tampa/food-delivery/nori-thai/Il8C1qEsT_CHLssVgZdAuw,madeira-beach-florida
https://www.ubereats.com/tampa/food-delivery/burger-king-7371-seminole-blvd/fAs87KnKRhOMrrGuGHNbdw,madeira-beach-florida
https://www.ubereats.com/tampa/food-delivery/brooklyn-pizza-company/kpEyMVp8T-WCZ428oujFow,madeira-beach-florida
https://www.ubereats.com/tampa/food-delivery/chill-restaurant-%26-bar-st-pete-beach/xYkzSZbDT7OmZsSdwejmlg,madeira-beach-florida
https://www.ubereats.com/tampa/food-delivery/wawa-5159-2465-22nd-avenue-north/jc2GmaI7QQG_7ZbGwuCfkQ,madeira-beach-florida
https://www.ubereats.com/tampa/food-delivery/irish-31-seminole/ZdILuJv1QV6kpAiFCfAD-Q,madeira-beach-florida
https://www.ubereats.com/tampa/food-delivery/smokin-burger/mnqOgwNERRSePi84VPoM5Q,madeira-beach-florida
https://www.ubereats.com/tampa/food-delivery/ronnie-pastramis-deli-and-catering/DDeE-1G0RGePc_6W_bzpvg,madeira-beach-florida
https://www.ubereats.com/tampa/food-delivery/oishi-sushi-and-japanese-steakhouse-tyrone/YIdNEHsTR6W_JH4VYxZgfA,madeira-beach-florida
https://www.ubereats.com/tampa/food-delivery/nueva-cantina/XS0GEtWZTqW0uqST16EpRQ,madeira-beach-florida
https://www.ubereats.com/tampa/food-delivery/kfc-13677-walsingham-road/MfZ_KbNYQcWISp3RG5Ws1Q,madeira-beach-florida
https://www.ubereats.com/tampa/food-delivery/red-lobster-10500-e-ulmerton-road-%23490/vCJE2mYhTYuxNxky7r5Q9Q,madeira-beach-florida
https://www.ubereats.com/tampa/food-delivery/coffee-and-ice-creamery/-BgJgDibSdefc5TOO6DFvw,madeira-beach-florida
https://www.ubereats.com/tampa/food-delivery/hao-wah-chinese-restaurant-pinellas-park/Irn3ya5jRMqG5tUumCpWbA,madeira-beach-florida
https://www.ubereats.com/tampa/food-delivery/cd-roma-restaurant-st-petersburg/3mfiD5e9S_uUzbN0xi7WSQ,madeira-beach-florida
https://www.ubereats.com/tampa/food-delivery/china-one-downtown-st-petersburg/zHyG_Q1_Tie85BUD1qtiMw,madeira-beach-florida
https://www.ubereats.com/tampa/food-delivery/le-macaron-french-pastries-st-petersburg/eADnnrcWR1ut-HTqtllI6g,madeira-beach-florida
https://www.ubereats.com/tampa/food-delivery/china-king/9kmAmHpsQ-uJEmbbap04pg,madeira-beach-florida
https://www.ubereats.com/tampa/food-delivery/cowboy-corral/Jlr4-nOzR6SCZOnyYVZxEg,madeira-beach-florida
https://www.ubereats.com/tampa/food-delivery/honey-baked-ham-7221-us-hwy-19/MlRYNux0R-O_O6urIxh4Rg,madeira-beach-florida
https://www.ubereats.com/tampa/food-delivery/the-ice-cream-shop/q4M9hKQaSeWC800J_yMQ5w,madeira-beach-florida
https://www.ubereats.com/tampa/food-delivery/jahva-coffee-lounge%2B/HsuNVlzPTMGjf4CGFmwT9Q,madeira-beach-florida
https://www.ubereats.com/tampa/food-delivery/subway-10237-bay-pines-blvd/RKkoZ3h3Ta-QQs6PFLP07g,madeira-beach-florida
https://www.ubereats.com/tampa/food-delivery/pasquallys-pizza-%26-wings-1024-58th-st-n/4ekFG0bZTYuG_MgV6xtm2A,madeira-beach-florida
https://www.ubereats.com/tampa/food-delivery/benedicts-pinellas-park/XGLey_TUQFKc5DVyYkkcBg,madeira-beach-florida
https://www.ubereats.com/tampa/food-delivery/hungry-howies-pizza-st-petersburg-34th-st/c_QOVV64SJa3aNU4dtuBHQ,madeira-beach-florida
https://www.ubereats.com/tampa/food-delivery/chicks-chicken-shack/D0qVkNiMQvWkt2rJWTT3aA,madeira-beach-florida
https://www.ubereats.com/tampa/food-delivery/r-bar-treasure-island/YD_RjqGbTBu0bIQFvHWyNw,madeira-beach-florida
https://www.ubereats.com/tampa/food-delivery/five-guys-fl-0375-1458-66th-street-north/nDf2RFhkQS6yQ1G3vlYBeg,madeira-beach-florida
https://www.ubereats.com/tampa/food-delivery/top-slice/PNDmKg8HSVyks5AxnlspmA,madeira-beach-florida
https://www.ubereats.com/tampa/food-delivery/village-inn-13105-walsingham-rd/T-iEK_wEQGaYJVkT5x7HeA,madeira-beach-florida
https://www.ubereats.com/tampa/food-delivery/crab-daddys/tLn2alAdQRSyyqw-WUMdcQ,madeira-beach-florida
https://www.ubereats.com/tampa/food-delivery/pizza-hut-1155-pasadena-ave-s-suite-j/EP_Z6sqSQxGU6Zit5Ym27w,madeira-beach-florida
https://www.ubereats.com/tampa/food-delivery/st-pete-bagel-co-largo/tptWBRP5RBCQMhvncGRNjg,madeira-beach-florida
https://www.ubereats.com/tampa/food-delivery/dunkin-8490-park-blvd/3m_69E0hTmuFuJo7sOmepQ,madeira-beach-florida
https://www.ubereats.com/tampa/food-delivery/time-out-sports-bar-seminole/kR8_Lf-vS5ulaf_8ViMGfg,madeira-beach-florida
https://www.ubereats.com/tampa/food-delivery/yogurtology-st-pete/EJ82-pZfQTeJZuY1uTytWQ,madeira-beach-florida
https://www.ubereats.com/tampa/food-delivery/churchs-chicken-3510-central-ave/8PRPGDPEQGCPZP14a44r8A,madeira-beach-florida
https://www.ubereats.com/tampa/food-delivery/arbys-571-34th-st-n/zBozHG45TwOkDkIMYxa1LQ,madeira-beach-florida
https://www.ubereats.com/tampa/food-delivery/wawa-5141-8910-ulmerton-rd/m1BIW9WtTyWEvZLpFgAYkw,madeira-beach-florida
https://www.ubereats.com/tampa/food-delivery/subway-7725-ulmerton-rd/nDdZgNkYRKmC3IscnHnY3Q,madeira-beach-florida
https://www.ubereats.com/tampa/food-delivery/yogurtland-10500-ulmerton-rd/P9woVJcaQ8SRUvm1D0Cv-A,madeira-beach-florida
https://www.ubereats.com/tampa/food-delivery/stone-soup-cafe/9QcZxogYS-mnRDwqbV4WzQ,madeira-beach-florida
https://www.ubereats.com/tampa/food-delivery/caddys-on-the-beach-st-pete-beach/wWJF_egITtGZKzSfUcH2Rw,madeira-beach-florida
https://www.ubereats.com/tampa/food-delivery/the-country-skillet/qfdVLDqVQIWIozzK_rVhrw,madeira-beach-florida
https://www.ubereats.com/tampa/food-delivery/medianoche-a-fresh-connection/phJi-jbMT22Yd7KFDMlc2w,madeira-beach-florida
https://www.ubereats.com/tampa/food-delivery/terra-mar-brazilian-steakhouse/zZfkYyNcSU-wdTzzwwVSTw,madeira-beach-florida
https://www.ubereats.com/tampa/food-delivery/hardees-3795-34th-st-n/DwXmNKQ2R1yWCJP_IV-gKA,madeira-beach-florida
https://www.ubereats.com/tampa/food-delivery/blakes-crab-cakes/gODOg8jLRbeK1-3IilEibg,madeira-beach-florida
https://www.ubereats.com/tampa/food-delivery/carmelitas-mexican-restaurant-pinellas-park/vGx0ofccRna3vXTx5_BPrg,madeira-beach-florida
https://www.ubereats.com/tampa/food-delivery/fortunatos-pizza-station/IJz4RIOcSj-J-oUEngxaIA,madeira-beach-florida
https://www.ubereats.com/tampa/food-delivery/oyster-shucker-craft-and-draft/bkHEPTuvRySlgI_CMLDDDg,madeira-beach-florida
https://www.ubereats.com/tampa/food-delivery/subway-5901-sun-blvd/cYsQPNqHQ9Sl5zFSAtpy9A,madeira-beach-florida
https://www.ubereats.com/tampa/food-delivery/el-maguey-mexican-restaurant/H-wrZuYnSd-T0lTQkyEh0A,madeira-beach-florida
https://www.ubereats.com/tampa/food-delivery/the-pizza-place/7tAEtRhmR6aNBRP9E8rHCw,madeira-beach-florida
https://www.ubereats.com/tampa/food-delivery/vibes/wPO0p25GSf2S9T1PyjkIrA,madeira-beach-florida
https://www.ubereats.com/tampa/food-delivery/mcdonalds-5111-gulfport-blvd/zKgHJIg7SyOzwUA13o3rzg,madeira-beach-florida
https://www.ubereats.com/tampa/food-delivery/papa-johns-6894-gulfport-blvd-s/zo3sIVZvR6SK-0I0rIrsJw,madeira-beach-florida
https://www.ubereats.com/tampa/food-delivery/arbys-12260-seminole-blvd/mTekMVb_Rompf13VKdFstA,madeira-beach-florida
https://www.ubereats.com/tampa/food-delivery/sunrise-restaurant/TZiSxZwER2O7ISHI7WuiUA,madeira-beach-florida
https://www.ubereats.com/tampa/food-delivery/smokin-sandwiches/y9AEM3IiT9yFV0pB5d_TbA,madeira-beach-florida
https://www.ubereats.com/tampa/food-delivery/grits/SE4dB_tbR1C2a69uTjo_Kg,madeira-beach-florida
https://www.ubereats.com/tampa/food-delivery/the-ice-cream-shop/Wa6in60rRXWWL-fjuVualQ,madeira-beach-florida
https://www.ubereats.com/tampa/food-delivery/fortunato-italian-restaurant/8nfOK_woTmyL9tVvyfsZlw,madeira-beach-florida
https://www.ubereats.com/tampa/food-delivery/the-boardwalk-grill/J8Jy3dmZShKf9tJ1aPWMJw,madeira-beach-florida
https://www.ubereats.com/tampa/food-delivery/nuevo-vallarta/XQ8x-ldbSxKjEoGyUZXXCg,madeira-beach-florida
https://www.ubereats.com/tampa/food-delivery/soho-juice-company-st-petersburg/dP3t1uC3Q-STBgqqEX8brw,madeira-beach-florida
https://www.ubereats.com/tampa/food-delivery/wawa-5125-6200-n-34th-st/DecB77VfSO2DA6EYSMXe4w,madeira-beach-florida
https://www.ubereats.com/tampa/food-delivery/subway-7099-66th-st-n/o1Y7jo6hQBaq5oSFKIexlw,madeira-beach-florida
https://www.ubereats.com/tampa/food-delivery/the-floridian-cuban-sandwiches-treasure-island/jfEIast0Q2KZ9hUZQAdodQ,madeira-beach-florida
https://www.ubereats.com/tampa/food-delivery/pipos-cuban-cafe-bay-pines/XwlFNRWGRDqk3sa6yLqZCA,madeira-beach-florida
https://www.ubereats.com/tampa/food-delivery/applebees-2901-66th-street-north/ROCdFp2CQzmzD_PzTw0m4A,madeira-beach-florida
https://www.ubereats.com/tampa/food-delivery/mugs-n-jugs-largo/Qe9GcDA6QbCTSqt3Np7CGQ,madeira-beach-florida
https://www.ubereats.com/tampa/food-delivery/chipotle-mexican-grill-11241-park-blvd/8uVkizTSSc6FRdo2ZCFjgA,madeira-beach-florida
https://www.ubereats.com/tampa/food-delivery/moes-southwest-grill-2683-roosevelt-blvd/f2ItAK48RO2OzXj4uWgBfw,madeira-beach-florida
https://www.ubereats.com/tampa/food-delivery/rain-japanese-sushi-bar/E2wDSsEXTr-Stm09YSOEFQ,madeira-beach-florida
https://www.ubereats.com/tampa/food-delivery/carmelitas-mexican-restaurant-tyrone/ZlhwiwflTNGNMYc6YkMUtg,madeira-beach-florida
https://www.ubereats.com/tampa/food-delivery/dunkin-9991-bay-pines-blvd/BQOVbPxYQCi_zVe8RN0jKg,madeira-beach-florida
https://www.ubereats.com/tampa/food-delivery/fo-cheezy-twisted-melts/dpPrPg5TSkSVNB2bROuJ4A,madeira-beach-florida
https://www.ubereats.com/tampa/food-delivery/taco-bell-4599-park-blvd/N6MxhscFSq2Uf8M79z-HPg,madeira-beach-florida
https://www.ubereats.com/tampa/food-delivery/the-ice-cream-shop/X0Q6Mvc2SfGvrO69eRxD9w,madeira-beach-florida
https://www.ubereats.com/tampa/food-delivery/vito-%26-michaels/nUwtm6zcSkmwcwkxiv5F1A,madeira-beach-florida
https://www.ubereats.com/tampa/food-delivery/pin-wok%26bowl/5WNdc1StQpmk1NXI4VgyAA,madeira-beach-florida
https://www.ubereats.com/tampa/food-delivery/greek-village-restaurant-%26-deli/1WZB8oliSiSyaohDjRtjKg,madeira-beach-florida
https://www.ubereats.com/tampa/food-delivery/ihop-7800-ulmerton-rd/Z9kotlwLRWyj4ZnEOgadkA,madeira-beach-florida
https://www.ubereats.com/tampa/food-delivery/speggtacular/BSvCk_MTRdCdlse850RzyQ,madeira-beach-florida
https://www.ubereats.com/tampa/food-delivery/custom-cafe-and-catering/3YynJ4CwQ9qTLIdEFuJK8g,madeira-beach-florida
https://www.ubereats.com/tampa/food-delivery/samsushi-restaurant/KzFsBMcuQZuOH4bDSUzjLw,madeira-beach-florida
https://www.ubereats.com/tampa/food-delivery/mamas-kitchen-seminole/PuI92i_ASnGTcqvZm9940g,madeira-beach-florida
https://www.ubereats.com/tampa/food-delivery/mr-ice-cream/nVUREhhEQ8q7kCecwij_mw,madeira-beach-florida
https://www.ubereats.com/tampa/food-delivery/ikigai-sushi-st-pete/CUZv3LGkRl-sN80h6vPwHw,madeira-beach-florida
https://www.ubereats.com/tampa/food-delivery/jjs-market-%26-delicatessen/VQ3lJDZvS4a_JTtWUMJnvA,madeira-beach-florida
https://www.ubereats.com/tampa/food-delivery/coffee-mill/l5Ey9ianTJSGK2lErHnfgA,madeira-beach-florida
https://www.ubereats.com/tampa/food-delivery/bandit-coffee-co/lbTTyxUEQkqQrF97Dy3XtA,madeira-beach-florida
https://www.ubereats.com/tampa/food-delivery/st-pete-bagel-co-kenneth-city/gNcxfTeLSX6ItV2AaJgd5w,madeira-beach-florida
https://www.ubereats.com/tampa/food-delivery/tikanis-madeira-redington/1Wd51S1wTnu7IR8bHAxKYg,madeira-beach-florida
https://www.ubereats.com/tampa/food-delivery/grand-hacienda/6Dprsa8dThO8FCFPwNCv6w,madeira-beach-florida
https://www.ubereats.com/tampa/food-delivery/wendys-4300-34th-street-south/atS7CjH1QpKqT14I-8sU4Q,madeira-beach-florida
https://www.ubereats.com/tampa/food-delivery/maggie-maes-on-the-bluff-largo/y8uPjX-qTx2lmsCx-_rbGw,madeira-beach-florida
https://www.ubereats.com/tampa/food-delivery/maple-street-biscuit-company-seminole/6MKjK2jTTMiLr5SxoNFB7Q,madeira-beach-florida
https://www.ubereats.com/tampa/food-delivery/hungry-howies-pizza-st-petersburg-4690-49th-st-n/rGdW0Vp0QU2igKuze6wG7g,madeira-beach-florida
https://www.ubereats.com/tampa/food-delivery/checkers-3775-66th-street-n/21botp4USVGRGgOY18g7lQ,madeira-beach-florida
https://www.ubereats.com/tampa/food-delivery/starbucks-tyrone-blvd-north-%26-22nd-ave-n/a2AfwcnCS1ywVLXfIN97gQ,madeira-beach-florida
https://www.ubereats.com/tampa/food-delivery/fresh-kitchen-st-pete/zFtdyrHCSBGLQkyrzZsTEA,madeira-beach-florida
https://www.ubereats.com/tampa/food-delivery/krispy-kreme-4th-st-n-%26-92nd-ave-n/MIlJyotETmit9f6SddQdMw,madeira-beach-florida
https://www.ubereats.com/tampa/food-delivery/the-ice-cream-shop/VZgQ_p_eRIqaTKWcuA_Y0g,madeira-beach-florida
https://www.ubereats.com/tampa/food-delivery/kimmy-ds-49th-street-cafe-pinellas-park/wvMzUI6QSGOvyVCLE4hfnQ,madeira-beach-florida
https://www.ubereats.com/tampa/food-delivery/winghouse-of-pinellas-park/K2jVDGkFSoKasJoGfkCmYw,madeira-beach-florida
https://www.ubereats.com/tampa/food-delivery/tutto-bene/-NjamwD0QGm2nfdM9H6L2Q,madeira-beach-florida
https://www.ubereats.com/tampa/food-delivery/busy-bee-snak-shop/2WD4vhvkRCaqGiDJcQCUrw,madeira-beach-florida
https://www.ubereats.com/tampa/food-delivery/manos-italian-grill/_Mit-4coQwy79n700u-pdg,madeira-beach-florida
https://www.ubereats.com/tampa/food-delivery/mcdonalds-66th-street/NWKQOxxAQryNWq1yV-cKig,madeira-beach-florida
https://www.ubereats.com/tampa/food-delivery/asian-cuisine/NED6TkY1TpSAsf6LHn5U_Q,madeira-beach-florida
https://www.ubereats.com/tampa/food-delivery/kfc-6595-park-boulevard/MEGSfXb-QKewiarPZ2cabw,madeira-beach-florida
https://www.ubereats.com/tampa/food-delivery/pizza-hut-4350-66th-st-n/IiWN8HPyTBOtTG8cO97INA,madeira-beach-florida
https://www.ubereats.com/tampa/food-delivery/dunkin-13013-66th-st/aL9GS5TBQLe_W1-KDcICPQ,madeira-beach-florida
https://www.ubereats.com/tampa/food-delivery/sonic-7725-49th-street-north/MUgnBATJRjGgVaj1aeNGGg,madeira-beach-florida
https://www.ubereats.com/tampa/food-delivery/salty-sisters-gourmet-popcorn/frNmY3HJQhCmjKQHXR43Ew,madeira-beach-florida
https://www.ubereats.com/tampa/food-delivery/hungry-howies-pizza-largo-14219-w-walsingham/vRNEvJrdTi66TwDphyD4xA,madeira-beach-florida
https://www.ubereats.com/tampa/food-delivery/five-guys-fl-0197-7056-us-highway-19-n/EGGpvfHLQFmWI8e8wY6j4w,madeira-beach-florida
https://www.ubereats.com/tampa/food-delivery/mcdonalds-starkey/l-UgCRHSSWWmczmQxjm2Ig,madeira-beach-florida
https://www.ubereats.com/tampa/food-delivery/stack-n-sizzle/_AEWQHxRSeGbXTfiCvejzQ,madeira-beach-florida
https://www.ubereats.com/tampa/food-delivery/sandbar-bills-bar-%26-grille/krn6VLMCQGa3Ec8Mtx4zuQ,madeira-beach-florida
https://www.ubereats.com/tampa/food-delivery/dunkin-2298-seminole-blvd/6VoAgRcvQ5qJpFWF9li16w,madeira-beach-florida
https://www.ubereats.com/tampa/food-delivery/old-key-west-bar-%26-grill-midtown-grand-central-district/Ufpe-aKCReG_4wb53khdBw,madeira-beach-florida
https://www.ubereats.com/tampa/food-delivery/thai-basil-clearwater/HLkVLFT4RXerc1IY8tlOBg,madeira-beach-florida
https://www.ubereats.com/tampa/food-delivery/the-oyster-bar/F9nBQt91RrOLvVB98iieQg,madeira-beach-florida
https://www.ubereats.com/tampa/food-delivery/firehouse-subs-pinellas-park/1d1WNsvzTQCbRO0wk5bIig,madeira-beach-florida
https://www.ubereats.com/tampa/food-delivery/zaxbys-7520-belcher-rd/GKbGfd56S6GDznhosOCbbA,madeira-beach-florida
https://www.ubereats.com/tampa/food-delivery/tijuana-flats-largo/t45vjHUMTYyurHRN-dpx7Q,madeira-beach-florida
https://www.ubereats.com/tampa/food-delivery/hooters-4th-st-n-%26-41st-ave-n/Yk76ETPyQr211lY5GDY22A,madeira-beach-florida
https://www.ubereats.com/tampa/food-delivery/cedars-grill-st-petersburg/hS-G_WOTQBKCGyEkhxLCXw,madeira-beach-florida
https://www.ubereats.com/tampa/food-delivery/ice-%26-cream-johns-pass/D_4ft6fLRaq2Fqg_YjoxNg,madeira-beach-florida
https://www.ubereats.com/tampa/food-delivery/proino-breakfast-club-largo-2/8Trea8f9QTOBbNSdL9Xcyw,madeira-beach-florida
https://www.ubereats.com/tampa/food-delivery/twistee-treat/FqaIY0siQlaFZUw_H1ibSg,madeira-beach-florida
https://www.ubereats.com/tampa/food-delivery/beech-kombucha/e67eTspAQbuJ3NqOQH2FRA,madeira-beach-florida
https://www.ubereats.com/tampa/food-delivery/greenstock/R5v-D-DTQtSN3FHnVs2_FQ,madeira-beach-florida
https://www.ubereats.com/tampa/food-delivery/bavaros-pizza-napoletana-%26-pastaria-st-pete/lBm0mUYWTx6f35ugcInppQ,madeira-beach-florida
https://www.ubereats.com/tampa/food-delivery/tampa-style-cubans/WdRFQuGdROuye7qaiTvCCg,madeira-beach-florida
https://www.ubereats.com/tampa/food-delivery/dunkin-3934-49th-st-n/co7uY9KQSWGI2PAMZ_KPjw,madeira-beach-florida
https://www.ubereats.com/tampa/food-delivery/krispy-krabs/qJ4_Qj7bQYa1RosrGAB9Qw,madeira-beach-florida
https://www.ubereats.com/tampa/food-delivery/thai-orchid-restaurant-tyrone/SdiYSrCsSvyb7mSxjmc75w,madeira-beach-florida
https://www.ubereats.com/tampa/food-delivery/da-sesto-italian-restaurant/7slkTUhkTQOGe4e16t3Ttg,madeira-beach-florida
https://www.ubereats.com/tampa/food-delivery/ihop-5001-gulf-blvd/SylIlsMBT2-eWQhmd9j8fA,madeira-beach-florida
https://www.ubereats.com/tampa/food-delivery/larrys-ice-cream-gelato-%26-mini-donuts/fcOJTRIGQ1mozQbbanvBqg,madeira-beach-florida
https://www.ubereats.com/tampa/food-delivery/belleair-market/xcZMjsSGQP24s3bbiQQoKA,madeira-beach-florida
https://www.ubereats.com/tampa/food-delivery/bento-asian-kitchen-%2B-sushi-320-3rd-st-south/r4yzx--WTjSoAdH-OcQb1Q,madeira-beach-florida
https://www.ubereats.com/tampa/food-delivery/juice-habit/IaOZ19l2RYWirVIPpRzTEQ,madeira-beach-florida
https://www.ubereats.com/tampa/food-delivery/salty-rim-grill/L4fBSDlBSva3hIKru1iXZA,madeira-beach-florida
https://www.ubereats.com/tampa/food-delivery/gyros-%26-seafood-express-downtown-st-petersburg/C61KbZq6Q62KsPpuUvJuZw,madeira-beach-florida
https://www.ubereats.com/tampa/food-delivery/barracuda-deli-cafe-st-pete-beach/jSfSY7d-SbCl20oPkcj2zQ,madeira-beach-florida
https://www.ubereats.com/tampa/food-delivery/el-tenampa-mexican-restaurant-st-petersburg/VrQ66bXCQUqnSA2f0EDcZA,madeira-beach-florida
https://www.ubereats.com/tampa/food-delivery/frog-pond/5VBNo4R8QMOBRLv1o437Pg,madeira-beach-florida
https://www.ubereats.com/tampa/food-delivery/joes-new-york-style-pizzeria-and-restaurant/yjPvALS8R1ys9CFyuG7TkA,madeira-beach-florida
https://www.ubereats.com/tampa/food-delivery/mcdonalds-northside/6BHao7UtSnCZo19DE9jp9A,madeira-beach-florida
https://www.ubereats.com/tampa/food-delivery/wings-n-things/mMyuHm9CSTWT8gY5vW2AVA,madeira-beach-florida
https://www.ubereats.com/tampa/food-delivery/central-pizza/xNnTO-5dSsmHPa3Vc57S9A,madeira-beach-florida
https://www.ubereats.com/tampa/food-delivery/buffalo-wild-wings-10500-ulmerton-rd/si0EZilVR6WFIBsh48tNUQ,madeira-beach-florida
https://www.ubereats.com/tampa/food-delivery/tijuana-flats-tyrone/iqJmWHflTUCGCrSo26XuBA,madeira-beach-florida
https://www.ubereats.com/tampa/food-delivery/subway-3355-5th-ave-north/0oP5qLvgTLWDehqt2ygEcQ,madeira-beach-florida
https://www.ubereats.com/tampa/food-delivery/proino-breakfast-clearwater/EXk6tAJoSQWAmnmgScTJCQ,madeira-beach-florida
https://www.ubereats.com/tampa/food-delivery/chili-verde-restaurant-22nd-avenue-north/xsN4hXA6TLyoTj3omGn19g,madeira-beach-florida
https://www.ubereats.com/tampa/food-delivery/fabrica-pizza/1DCuwOXjSMO6cYVOOhvlPw,madeira-beach-florida
https://www.ubereats.com/tampa/food-delivery/la-v/9h-M3U19QSSb2d6GBgjAIw,madeira-beach-florida
https://www.ubereats.com/tampa/food-delivery/jersey-mikes-us-19-n-%26-70th-ave-n/Zv6tZEDCSrKV-dD5Y_7BNw,madeira-beach-florida
https://www.ubereats.com/tampa/food-delivery/tropical-smoothie-cafe-1201-4th-st-n/QaE5Cd8kRzi4k3wvZRLnxA,madeira-beach-florida
https://www.ubereats.com/tampa/food-delivery/auntie-annes-at-tyrone-square-16946-tyrone-square/0-J-IuIYRcOjF9hlZ9wh2A,madeira-beach-florida
https://www.ubereats.com/tampa/food-delivery/village-inn-10155-bay-pines-blvd/EyM5jl56T5yYwEi14_Eqwg,madeira-beach-florida
https://www.ubereats.com/tampa/food-delivery/el-guerrero-mexican-grill/7pkbG-iBRSaAit-meZxIfQ,madeira-beach-florida
https://www.ubereats.com/tampa/food-delivery/tgi-fridays-588-st-petersburg-fl/bSMwAAH7RX282xWvfRj6VQ,madeira-beach-florida
https://www.ubereats.com/tampa/food-delivery/hungry-howies-pizza-seminole-6989-seminole-blvd/ouSGy516SRuoze-jB_JK_Q,madeira-beach-florida
https://www.ubereats.com/tampa/food-delivery/beach-bites-%26-burgers/1XoEJ8IYSryeU6okEPkIJw,madeira-beach-florida
https://www.ubereats.com/tampa/food-delivery/taco-bell-4703-66th-street-north/d0DY_0LXQiKLn0UcFnXsBA,madeira-beach-florida
https://www.ubereats.com/tampa/food-delivery/senor-taco/8XGPS-rgQkm5rh88LB9oDQ,madeira-beach-florida
https://www.ubereats.com/tampa/food-delivery/sonnys-bbq-largo/WaDVlCEuSbim5aioImmZGQ,madeira-beach-florida
https://www.ubereats.com/tampa/food-delivery/mcdonalds-largo-belcher-rd/TH-tyW8yQjyOcfHMx0Tfgg,madeira-beach-florida
https://www.ubereats.com/tampa/food-delivery/katiki/84lxDVNJQ42toOjmXZcl6Q,madeira-beach-florida
https://www.ubereats.com/tampa/food-delivery/stonefire-tavern/uXPYO4V5RNqgukpNcRSPPw,madeira-beach-florida
