url,city
https://www.ubereats.com/detroit/food-delivery/buffalo-pizza-%26-wings/F2ncqxmbS8C7LgGx8btwXA,madison-heights-michigan
https://www.ubereats.com/detroit/food-delivery/mad-hatter-bistro/dvyJIsskQyeo5NPPF4Q9qA,madison-heights-michigan
https://www.ubereats.com/detroit/food-delivery/sake-sushi/_OrWzVUMTyOaIEL_eh6j7w,madison-heights-michigan
https://www.ubereats.com/detroit/food-delivery/front-page-deli-warren/VnhyXX6rSDSeR4yYLICyEQ,madison-heights-michigan
https://www.ubereats.com/detroit/food-delivery/checkers-300-e-9-mile-road/-BxkpreuRk-K0qWVtAKcrw,madison-heights-michigan
https://www.ubereats.com/detroit/food-delivery/daily-catch-fish-and-chicken/5VP-JtL5Quua4RJ35d8Dbw,madison-heights-michigan
https://www.ubereats.com/detroit/food-delivery/onestop-shawarma-%26-grill/c6HO8GYQSJ2HNW6mRJtyUQ,madison-heights-michigan
https://www.ubereats.com/detroit/food-delivery/tim-hortons-1230-w-14-mile-road/FOFxfG1sQfeHp_6jY9Ur3w,madison-heights-michigan
https://www.ubereats.com/detroit/food-delivery/burger-king-31208-schoenherr-street/HbbFMJ86RmaL7KODHJa9JA,madison-heights-michigan
https://www.ubereats.com/detroit/food-delivery/olgas-kitchen-woodward-ave/GCCDdj9uR8ST9UJ6eF6qOw,madison-heights-michigan
https://www.ubereats.com/detroit/food-delivery/starbucks-oak-park-10-mile-%26-greenfield/5rDFrRIhRVyauxTwTlUpew,madison-heights-michigan
https://www.ubereats.com/detroit/food-delivery/taco-bell-1611-e-11-mile-rd/O_WYNNO5SPm5-cX2dqmEwQ,madison-heights-michigan
https://www.ubereats.com/detroit/food-delivery/mod-pizza-troy/ElOmzmsKQdCVVgi2jN4ktA,madison-heights-michigan
https://www.ubereats.com/detroit/food-delivery/krispy-kreme-208-west-14-mile-road/xucMXdKYR5-7ZtBl63m6Ig,madison-heights-michigan
https://www.ubereats.com/detroit/food-delivery/papas-pizza-7-mile-rd/bOqE47iKRWefDeMy5CZkkA,madison-heights-michigan
https://www.ubereats.com/detroit/food-delivery/gateway-deli-restaurant-%26-catering/E3ANY6YISa2hzPOeZfv2LA,madison-heights-michigan
https://www.ubereats.com/detroit/food-delivery/tim-hortons-41-w-9-mile-rd/BWFKS9zoS6iVnily4dl9lA,madison-heights-michigan
https://www.ubereats.com/detroit/food-delivery/nosh-pit/jijYDo66TlWUXJ_cgoLNMQ,madison-heights-michigan
https://www.ubereats.com/detroit/food-delivery/holy-moly-donut-shop-8-mile/0BiwPRgqTOm0qg88e0orSw,madison-heights-michigan
https://www.ubereats.com/detroit/food-delivery/rays-coney-island-%26-pizza/7BZ5FTzlQoeajZnqVFJZGg,madison-heights-michigan
https://www.ubereats.com/detroit/food-delivery/tropical-smoothie-cafe-eastpointe/AXS_SUr-TEKtmbrOFJwFKQ,madison-heights-michigan
https://www.ubereats.com/detroit/food-delivery/buca-di-beppo-utica/K_Xg8hWpRdiSTqISDbzt0A,madison-heights-michigan
https://www.ubereats.com/detroit/food-delivery/hippies-pizza/5myyngUkQV21PxOUoi0G8g,madison-heights-michigan
https://www.ubereats.com/detroit/food-delivery/kfc-warren/AoC70Y01Tz2RHOIms8777A,madison-heights-michigan
https://www.ubereats.com/detroit/food-delivery/mojave-cantina/PbW0-5XnRuy7koRSXIATZg,madison-heights-michigan
https://www.ubereats.com/detroit/food-delivery/beirut-palace/jOxFOeViTOSXRCAL0Z8acg,madison-heights-michigan
https://www.ubereats.com/detroit/food-delivery/red-lobster-101-w12-mile-road/oejskiyQQtqRJCZXRFbOzA,madison-heights-michigan
https://www.ubereats.com/detroit/food-delivery/royal-oak-brewery/ZgMbOt4zSnuyYy6Qx3mjiw,madison-heights-michigan
https://www.ubereats.com/detroit/food-delivery/tim-hortons-26807-hoove-rd-warren-mi-48089/RYG1YlzfRo-Ebr_cHPTNnw,madison-heights-michigan
https://www.ubereats.com/detroit/food-delivery/kfc-bev-hills/dlBMIksTQoq3k862aduM3Q,madison-heights-michigan
https://www.ubereats.com/detroit/food-delivery/sweets-from-eden/PR_MWTC_TaC7ceywa11wPw,madison-heights-michigan
https://www.ubereats.com/detroit/food-delivery/qdoba-mexican-grill-15099-hall-rd/8r5fFHIFSYSie31LNe6SVw,madison-heights-michigan
https://www.ubereats.com/detroit/food-delivery/ye-olde-saloon/8PV-FYlnQsyKTYRY38oYhw,madison-heights-michigan
https://www.ubereats.com/detroit/food-delivery/kekos-coney-island-madison-heights/q_8m27xLQ6-SBmZSm5cJDg,madison-heights-michigan
https://www.ubereats.com/detroit/food-delivery/qdoba-mexican-grill-795-e-maple-rd-ste-a/bi00XDCfThOxYhQPOHSlPA,madison-heights-michigan
https://www.ubereats.com/detroit/food-delivery/bonoful-indian-restaurant/rIKn496yS4O_MUcMPvsFQw,madison-heights-michigan
https://www.ubereats.com/detroit/food-delivery/antonios-place/taGbU4mmSfmYywxMKoGKHQ,madison-heights-michigan
https://www.ubereats.com/detroit/food-delivery/ihop-3132-rochester-road/B-xHV-VJS7S07Pqrtaig4g,madison-heights-michigan
https://www.ubereats.com/detroit/food-delivery/shake-shack-888-w-big-beaver-rd/t8Z49IwvR5KYeXaviowMOA,madison-heights-michigan
https://www.ubereats.com/detroit/food-delivery/tim-hortons-507-east-big-beaver-road/BfQtfmJHTs6O04Q8byodVA,madison-heights-michigan
https://www.ubereats.com/detroit/food-delivery/applebees-37004-van-dyke/m7bCk87lSOyTMB3-M8V44A,madison-heights-michigan
https://www.ubereats.com/detroit/food-delivery/charlie-cs-ice-cream-%26-bbq-fish%26-chicken/ibVyEpqfQgyQGBSujnjuiQ,madison-heights-michigan
https://www.ubereats.com/detroit/food-delivery/taco-bell-2290-crooks-road/cBuhz3pBT3uOMSfbBbC1Gg,madison-heights-michigan
https://www.ubereats.com/detroit/food-delivery/sahara-restaurant-sterling/t14vmu59RtOMH6d2OZFV7Q,madison-heights-michigan
https://www.ubereats.com/detroit/food-delivery/tim-hortons-2214-e-11-mile-rd/C_9Dqym_QZeIpp56FzNN4A,madison-heights-michigan
https://www.ubereats.com/detroit/food-delivery/in-joy-pizza-%26-burgers/WzqXrsyDSFiwmS4lAO-WzA,madison-heights-michigan
https://www.ubereats.com/detroit/food-delivery/bella-pizza/aL-wQAamTnm7rQHRjBWsFw,madison-heights-michigan
https://www.ubereats.com/detroit/food-delivery/white-castle-28840-dequindre-rd/_oNri6qfRAigho3oOo_jXQ,madison-heights-michigan
https://www.ubereats.com/detroit/food-delivery/mortons-the-steakhouse-888-west-big-beaver-road-suite-111/ErkX1rZyQrmE7L1se0KlOw,madison-heights-michigan
https://www.ubereats.com/detroit/food-delivery/sweetalicious-sweets/TqILW5J5SCWYtmtSH_eVzA,madison-heights-michigan
https://www.ubereats.com/detroit/food-delivery/jamaica-jamaica/tcDgdEyqQv2R3o8FbHlJ_A,madison-heights-michigan
https://www.ubereats.com/detroit/food-delivery/tim-hortons-25100-ryan-rd/cvQ2VljNRYWjk8dvxdALRw,madison-heights-michigan
https://www.ubereats.com/detroit/food-delivery/the-cleopatra-lounge/2eudHy14TPKPGXxCXVVgdg,madison-heights-michigan
https://www.ubereats.com/detroit/food-delivery/kabob-coney-island/nScqgh8IQQWuxYyZzUjfaA,madison-heights-michigan
https://www.ubereats.com/detroit/food-delivery/papas-pizza-%26-bbq-8-mile-%26-dequindre/4rbpOlxwTDedHnUAnyOUnQ,madison-heights-michigan
https://www.ubereats.com/detroit/food-delivery/lennys-sub-shop-5773-e-12-mile-road/ACdvhO1nSVSQVlALbm0Bjg,madison-heights-michigan
https://www.ubereats.com/detroit/food-delivery/del-taco-1120-w-14-mile-road/jdxo_FA7R4CQpAltzsR3bw,madison-heights-michigan
https://www.ubereats.com/detroit/food-delivery/red-robin-385-15780-hall-rd/SUrqw3qfRuafcrOobRYPrQ,madison-heights-michigan
https://www.ubereats.com/detroit/food-delivery/panda-express-3110-rochester-rd/1yLUjDuYRcydpp_85S4bRA,madison-heights-michigan
https://www.ubereats.com/detroit/food-delivery/asya-middle-eastern-cuisine/Z2mzHoitRaaq5BNnU99bOA,madison-heights-michigan
https://www.ubereats.com/detroit/food-delivery/tim-hortons-22230-woodward-ave/bum5NzLmSJmIX9mHeAC5Kw,madison-heights-michigan
https://www.ubereats.com/detroit/food-delivery/happys-pizza-36843-mound-rd/ZDuh5pi8SImmKCFnbPNzdg,madison-heights-michigan
https://www.ubereats.com/detroit/food-delivery/taco-bell-18767-hall-rd/UcaZ1UR0Svya00b4NUMbNg,madison-heights-michigan
https://www.ubereats.com/detroit/food-delivery/nme-street-food-co/abwDkOZ-QEC5s-R2gmP_gg,madison-heights-michigan
https://www.ubereats.com/detroit/food-delivery/delite-cafe-%26-deli-hamtramck/m2OMFdpFQde4P98aExuxlw,madison-heights-michigan
https://www.ubereats.com/detroit/food-delivery/casper-burger-%26-escalope/COyYIbOcQn2WzNrZtZREAg,madison-heights-michigan
https://www.ubereats.com/detroit/food-delivery/cafe-muse/kwZeAcYWT_uOHihcw4sYcw,madison-heights-michigan
https://www.ubereats.com/detroit/food-delivery/wendys-11779-e-8-mile/-4__-5IqQ4--TZIEcdR-9Q,madison-heights-michigan
https://www.ubereats.com/detroit/food-delivery/the-proving-grounds/J3o_LppHTnG7Kse31QcW0Q,madison-heights-michigan
https://www.ubereats.com/detroit/food-delivery/birmingham-roast/bMdXvWuTTS6zjd5jk9h2OA,madison-heights-michigan
https://www.ubereats.com/detroit/food-delivery/churchs-chicken-24990-dequindre/QNd0njb5SzmuczwlojqdSw,madison-heights-michigan
https://www.ubereats.com/detroit/food-delivery/bangkok-cuisine-sterling-heights/a0YwG-DoQvSa1ZkazmrxGw,madison-heights-michigan
https://www.ubereats.com/detroit/food-delivery/mcdonalds-woodward-%26-albany/uvCTY7YDQGyaS_4Pz8faOg,madison-heights-michigan
https://www.ubereats.com/detroit/food-delivery/qdoba-mexican-grill-398b-w-14-mile-rd/52XcBRhxS6WBI1dZ9743KA,madison-heights-michigan
https://www.ubereats.com/detroit/food-delivery/noodles-%26-company-470-s-main-st/Nz4wD5VZQEOk_Rc7eyBdHg,madison-heights-michigan
https://www.ubereats.com/detroit/food-delivery/tropical-smoothie-cafe-ferndale/-vqQLa47QFqMYLz-o81lHg,madison-heights-michigan
https://www.ubereats.com/detroit/food-delivery/dairy-queen-treat-33170-ryan-rd/kATKuwykT8SEVoX2m7dZQw,madison-heights-michigan
https://www.ubereats.com/detroit/food-delivery/social-kitchen-%26-bar-birmingham/N85rGGj1QJiXi6AM_WhjkQ,madison-heights-michigan
https://www.ubereats.com/detroit/food-delivery/burger-king-1540-e-12-mile-rd/1VoKDexbRjqMHtIjUS7MgQ,madison-heights-michigan
https://www.ubereats.com/detroit/food-delivery/louisiana-creole-gumbo-7-mile/7uNq4NxQR7e4OEuZiXne9g,madison-heights-michigan
https://www.ubereats.com/detroit/food-delivery/sweetwaters-coffee-%26-tea%3A-partridge-creek/9ooPMj8gQRKgieFguTyNSA,madison-heights-michigan
https://www.ubereats.com/detroit/food-delivery/california-roll-sushi/3xhagl-dTmmuYHKpdYUuhQ,madison-heights-michigan
https://www.ubereats.com/detroit/food-delivery/starbucks-16-mile-%26-john-r-rd/a4YHIUQcQCqxwoYXxLKwcQ,madison-heights-michigan
https://www.ubereats.com/detroit/food-delivery/azzas-koshary/rTwwwC6tQO6ozRguDODxvQ,madison-heights-michigan
https://www.ubereats.com/detroit/food-delivery/old-port-family-dinning/PrUHLtuLR0iziWWXBMmhww,madison-heights-michigan
https://www.ubereats.com/detroit/food-delivery/taco-bell-41450-garfield-rd/UY8n1aZnQU66ZuiWDQeLIw,madison-heights-michigan
https://www.ubereats.com/detroit/food-delivery/happys-pizza-clawson/zsTwwXC3Qs-noxao3QdX8Q,madison-heights-michigan
https://www.ubereats.com/detroit/food-delivery/blu-bar-sushi/g0cSUqSzTc6RyXPcEmOzEA,madison-heights-michigan
https://www.ubereats.com/detroit/food-delivery/mr-kabob-berkley/QqU2bnS0SUGJOGW2vDeu-A,madison-heights-michigan
https://www.ubereats.com/detroit/food-delivery/farhat-sweets/qQ1ihi3VSN6ycnYb-v2FaQ,madison-heights-michigan
https://www.ubereats.com/detroit/food-delivery/cols-place-royal-oak/mfHIvqtdRESVa2Q1IGT9Qw,madison-heights-michigan
https://www.ubereats.com/detroit/food-delivery/kung-fu-noodle-house/hJaLRGD5TMOxH8HigXLbfg,madison-heights-michigan
https://www.ubereats.com/detroit/food-delivery/clean-juice-766-west-big-beaver-road/d77BRMUQSTSkcxkulQN5ow,madison-heights-michigan
https://www.ubereats.com/detroit/food-delivery/passport-pizza-8113-e-9-mile-rd/qp1krnStS1Sy4X_l-trpgA,madison-heights-michigan
https://www.ubereats.com/detroit/food-delivery/first-watch-somerset/ICx7OnPTRK6po1r8ZDU1Rg,madison-heights-michigan
https://www.ubereats.com/detroit/food-delivery/red-lobster-25901-hoover-road/h52Gt5sPSuqwQmAVnhBJJA,madison-heights-michigan
https://www.ubereats.com/detroit/food-delivery/arbys-23081-greenfield-rd/BVRrXAMVQ8unBViSE59VgA,madison-heights-michigan
https://www.ubereats.com/detroit/food-delivery/wendys-1421-north-main-street/wVNrrNq7Q-WbZ4wYgahCOQ,madison-heights-michigan
https://www.ubereats.com/detroit/food-delivery/billy-sims-bbq-woodward-%26-14-mile/JYaP9jiZTpOoOqr3LcYSnA,madison-heights-michigan
https://www.ubereats.com/detroit/food-delivery/hola-seoul/aI7-Y0jmSq-vdiwJyvJ_Ng,madison-heights-michigan
https://www.ubereats.com/detroit/food-delivery/beyond-juice-w-maple-rd/SnBuNgw5TNeGvVSAJBaxwg,madison-heights-michigan
https://www.ubereats.com/detroit/food-delivery/moti-mahal/udooEwpTRM2PQkXlcD-fcw,madison-heights-michigan
https://www.ubereats.com/detroit/food-delivery/quickly-boba-cafe/psKx40XKTnGE52tgIbxkRg,madison-heights-michigan
https://www.ubereats.com/detroit/food-delivery/starbucks-normandy-%26-woodward/Uh3fUARvTfiOeXX7Xsrh8w,madison-heights-michigan
https://www.ubereats.com/detroit/food-delivery/the-ice-cream-shop/ydFYwUqGRmOOoZLu8KNGaQ,madison-heights-michigan
https://www.ubereats.com/detroit/food-delivery/mesa-tacos-and-tequila/w07X8yXrQ0Gf-A5OCpWzMA,madison-heights-michigan
https://www.ubereats.com/detroit/food-delivery/la-marra/rAUqQaoeTTafs1keS30I6A,madison-heights-michigan
https://www.ubereats.com/detroit/food-delivery/mcdonalds-john-r-%26-14-mile/l148R1P4S4W6CCDXq-X5tw,madison-heights-michigan
https://www.ubereats.com/detroit/food-delivery/dunkin-1700-w-14-mile-rd/RxhQqIMUQH276zbLEJUE6Q,madison-heights-michigan
https://www.ubereats.com/detroit/food-delivery/leos-coney-island/So9TaapNTQSCDjtufs5sZg,madison-heights-michigan
https://www.ubereats.com/detroit/food-delivery/el-charro-troy/Nr44SGpaSKKl_-skVk1RFQ,madison-heights-michigan
https://www.ubereats.com/detroit/food-delivery/taco-bell-45201-schoenherr-rd/XpU9cXZMRcCqSIHsjXr0hw,madison-heights-michigan
https://www.ubereats.com/detroit/food-delivery/amicis-kitchen-and-living-room/eT1Sv4HyQ_GzbangOOrVXA,madison-heights-michigan
https://www.ubereats.com/detroit/food-delivery/tomo-korean-%26-japanese-cuisine/nHPeVX0OTl-_WjQf_4Xs_Q,madison-heights-michigan
https://www.ubereats.com/detroit/food-delivery/uno-pizzeria-%26-grill-44805-mound-rd/KnCmxeVSRbWt_ThkVFK25A,madison-heights-michigan
https://www.ubereats.com/detroit/food-delivery/seros-family-restaurant/xaWs82aTR0yjs80kWkpJJA,madison-heights-michigan
https://www.ubereats.com/detroit/food-delivery/get-%26-go/by4SEgzbRgGIS4rrTX5Jrg,madison-heights-michigan
https://www.ubereats.com/detroit/food-delivery/burger-king-%2310523-27700-mound-road/P7vgp8A2QiuDS0d9BQdCsg,madison-heights-michigan
https://www.ubereats.com/detroit/food-delivery/mi-wings-co/hPGlyeuVRWG-_6ol-Y2yCA,madison-heights-michigan
https://www.ubereats.com/detroit/food-delivery/parkside-coney-island/EW_-WOxBS_SMuN1KSGuvOg,madison-heights-michigan
https://www.ubereats.com/detroit/food-delivery/lailas-new-york-style-hot-dog-bar/-IrTObwiQo69uLQvyu24hA,madison-heights-michigan
https://www.ubereats.com/detroit/food-delivery/crab-house-ribs-and-soul/wm7sJX1dSVyei8vQNHEtjQ,madison-heights-michigan
https://www.ubereats.com/detroit/food-delivery/andiamo-14-mile-%26-hollingsworth/gv0v2UCBSIKoRVzL1b9R-g,madison-heights-michigan
https://www.ubereats.com/detroit/food-delivery/zoup!-2873-w-maple-rd/tto9HLk8TZ6bLKvHyeTPCg,madison-heights-michigan
https://www.ubereats.com/detroit/food-delivery/estia-greek-street-food/kNodV-DQTc6wJgrPIvNt0g,madison-heights-michigan
https://www.ubereats.com/detroit/food-delivery/arbys-1835-e-twelve-mile-rd/Tgh3NLm5SxuqiSB3puSS9w,madison-heights-michigan
https://www.ubereats.com/detroit/food-delivery/natalies-bakery/zMDppCnbS9SN_ckgTY8qqg,madison-heights-michigan
https://www.ubereats.com/detroit/food-delivery/the-avenue-restaurant/NJ-MbITLQaif3zxH8Woj9w,madison-heights-michigan
https://www.ubereats.com/detroit/food-delivery/the-ice-cream-shop/jq7Y1qQ6RbiQowM9Mk1FbA,madison-heights-michigan
https://www.ubereats.com/detroit/food-delivery/biryani-bowl/lZoTa5PLT4e4J0aYQewIkQ,madison-heights-michigan
https://www.ubereats.com/detroit/food-delivery/wendys-29069-greenfield-road/c7pPKOCsQb2DpC1_9VXv8Q,madison-heights-michigan
https://www.ubereats.com/detroit/food-delivery/vegancafe313/9VLW122ORAGgX9qR5bL-4w,madison-heights-michigan
https://www.ubereats.com/detroit/food-delivery/taj-restaurant/Iy8BUgnQRwqp9hYMBN72Aw,madison-heights-michigan
https://www.ubereats.com/detroit/food-delivery/mcdonalds-van-dyke-%26-farnum/0ZIUSNUNTQu9g82t6VrXBg,madison-heights-michigan
https://www.ubereats.com/detroit/food-delivery/a%26w-all-american-food-22901-mound-rd/2iXwT4khQ3yCnBC4jIrD-g,madison-heights-michigan
https://www.ubereats.com/detroit/food-delivery/dunkin-28875-dequindre-rd/znEbgtbzTHiJZD3OTelPJA,madison-heights-michigan
https://www.ubereats.com/detroit/food-delivery/saigon-diamond-restaurant/CwFPrG3MQpKTI1wNg0FQwQ,madison-heights-michigan
https://www.ubereats.com/detroit/food-delivery/los-chapos-restaurante-mexicano/9z0ReGNUTLiWt8r0D9DdTA,madison-heights-michigan
https://www.ubereats.com/detroit/food-delivery/noodles-%26-company-6836-rochester-road/f_kU9DsWSP2UlUMY7AfQog,madison-heights-michigan
https://www.ubereats.com/detroit/food-delivery/firehouse-subs-27115-gratiot/GQpGTOnKRV2JytpTZ4Hv_Q,madison-heights-michigan
https://www.ubereats.com/detroit/food-delivery/dairy-queen-treat-23515-ryan-rd/5SKHb3bETe60aqw174Wwcg,madison-heights-michigan
https://www.ubereats.com/detroit/food-delivery/mamas-restaurant/KT_MynELRNujxSdQ-rDHug,madison-heights-michigan
https://www.ubereats.com/detroit/food-delivery/good-times-on-the-ave/FdMTUB5HQmq_8Y-NF01_iw,madison-heights-michigan
https://www.ubereats.com/detroit/food-delivery/kfc-25320-gratiot-ave/v05JZ1BjSgy087oqoGHrOA,madison-heights-michigan
https://www.ubereats.com/detroit/food-delivery/the-ice-cream-shop/Ks8qfW9_RLywbE5ujdXDFw,madison-heights-michigan
https://www.ubereats.com/detroit/food-delivery/tim-hortons-28697-mound-rd/vHWh6CaoTWygiJSKlryx9g,madison-heights-michigan
https://www.ubereats.com/detroit/food-delivery/sweet-soul-bistro/PmR2KwYhThyTE0FPLOFa-g,madison-heights-michigan
https://www.ubereats.com/detroit/food-delivery/wendys-22111-greenfield-road/U7i64y_hSMC_ualFAyZySw,madison-heights-michigan
https://www.ubereats.com/detroit/food-delivery/laopot-restaurant/3-oWjCfnQbiZyghuD86kVA,madison-heights-michigan
https://www.ubereats.com/detroit/food-delivery/little-saigon-restaurant/EMaY6Y1ASTSxvCYtC_lh_A,madison-heights-michigan
https://www.ubereats.com/detroit/food-delivery/tropical-smoothie-cafe-royal-oak/KgMt9IyQQUKw2kO5JcM5zQ,madison-heights-michigan
https://www.ubereats.com/detroit/food-delivery/tropical-smoothie-cafe-36721-van-dyke-avenue/CAX-5XdISjuU4j2Lxv4UHA,madison-heights-michigan
https://www.ubereats.com/detroit/food-delivery/achatz-handmade-pie-co-beverly-hills/UWgNMRLqTp-YT6mcqHALsA,madison-heights-michigan
https://www.ubereats.com/detroit/food-delivery/woorijip/OudjkYAqSVidBWfYEQJLaw,madison-heights-michigan
https://www.ubereats.com/detroit/food-delivery/the-jamaican-pot/GvuHtWwsRNK0hlk65EJZrw,madison-heights-michigan
https://www.ubereats.com/detroit/food-delivery/panda-express-498-w-14-mile-rd/CFQ6Fc0bTAmlCoA4BgNcEw,madison-heights-michigan
https://www.ubereats.com/detroit/food-delivery/nicky-ds-coney-island-16953-livernois-ave/EmfEFM-3Rc-ZtbzjgTmvyg,madison-heights-michigan
https://www.ubereats.com/detroit/food-delivery/curry-express/Eyw78XbNQW2HUEaD9Lskrg,madison-heights-michigan
https://www.ubereats.com/detroit/food-delivery/joe-kools-of-troy/FVwkekNJTCCo0kkAHEiFmQ,madison-heights-michigan
https://www.ubereats.com/detroit/food-delivery/the-ice-cream-shop/3agxp7X1TFGwt7LnEMthNw,madison-heights-michigan
https://www.ubereats.com/detroit/food-delivery/fresh-healthy-cafe/zL1xQOI7QlOE4zXcxDn4TQ,madison-heights-michigan
https://www.ubereats.com/detroit/food-delivery/little-brothers-burgers/NTlxHRkqQfaKs2F8u0CZ1w,madison-heights-michigan
https://www.ubereats.com/detroit/food-delivery/wendys-330-w-nine-mile-rd/GHTok-AsTm2CldLPg31_1g,madison-heights-michigan
https://www.ubereats.com/detroit/food-delivery/chipotle-mexican-grill-3129-crooks-rd/10YN4OPZTfynCZt7kQIPoQ,madison-heights-michigan
https://www.ubereats.com/detroit/food-delivery/luckis-cheesecake-mcnichols-rd/5mYJIhawSGuh0ff0qTOmdQ,madison-heights-michigan
https://www.ubereats.com/detroit/food-delivery/lolo-mediterranean/dNHrXo0FT3SPy5A7OfP2Yw,madison-heights-michigan
https://www.ubereats.com/detroit/food-delivery/east-lake-chinese-restaurant-%E8%B1%AA%E5%BA%AD%E9%85%92%E6%A8%93/Pxnk4fHwQreavXKvrT4TUA,madison-heights-michigan
https://www.ubereats.com/detroit/food-delivery/burger-king-35-east-14-mile-road/oJV_YKltRCG-VVGTLxz8QQ,madison-heights-michigan
https://www.ubereats.com/detroit/food-delivery/burger-king-5857-15-mile-rd/u0xVNaK5SvOZ0rATxQgeYw,madison-heights-michigan
https://www.ubereats.com/detroit/food-delivery/kfc-4050-metropolitan-pkwy/w8p7yd8nR0iBG8Ahl7d_Kw,madison-heights-michigan
https://www.ubereats.com/detroit/food-delivery/taco-bell-15640-hall-rd/1Us0Za0RT7CDxkvuW1BRIQ,madison-heights-michigan
https://www.ubereats.com/detroit/food-delivery/detroit-cookie-company/RhYvV7zDQFCO_1iw4Q7xGQ,madison-heights-michigan
https://www.ubereats.com/detroit/food-delivery/al-maza-kabob/LM6O61h0QuOuYVuYU4MtKg,madison-heights-michigan
https://www.ubereats.com/detroit/food-delivery/the-ice-cream-shop/2EZ_oPkDTU-WDIbBOuepNw,madison-heights-michigan
https://www.ubereats.com/detroit/food-delivery/delite-cafe-%26-deli-ferndale/zdXuvloBSGS1ZAQ-cMlvYw,madison-heights-michigan
https://www.ubereats.com/detroit/food-delivery/ryan-grill-and-coney-island/jgCkpDAdR1almbrlSWp3zQ,madison-heights-michigan
https://www.ubereats.com/detroit/food-delivery/joes-grill/EdvWfdnwTJilHJtpzxhM_g,madison-heights-michigan
https://www.ubereats.com/detroit/food-delivery/mcdonalds-woodward-%26-albert/vHV7SCO-TTGZRayPxXsDig,madison-heights-michigan
https://www.ubereats.com/detroit/food-delivery/the-ice-cream-shop/cCvyBkrKSIKU7LeC64O8Nw,madison-heights-michigan
https://www.ubereats.com/detroit/food-delivery/mcdonalds-14-mile-%26-coolidge/m2PLw2CgQwW5DFE8NBigdg,madison-heights-michigan
https://www.ubereats.com/detroit/food-delivery/jonny-cakes-cafe-troy/RjZ2c9HkQlKHizZAwnd7kA,madison-heights-michigan
https://www.ubereats.com/detroit/food-delivery/one-eyed-bettys/Q8lqwncIRvacdXFfhGVYCw,madison-heights-michigan
https://www.ubereats.com/detroit/food-delivery/burger-king-19901-van-dyke-road/4ONK2qX_T1qRJ9rw6m7nkg,madison-heights-michigan
https://www.ubereats.com/detroit/food-delivery/baghdad-restaurant/qI68qCjxS1m04vW-66OANw,madison-heights-michigan
https://www.ubereats.com/detroit/food-delivery/temas-fonda/w3BjOZYgRRaKy0YVpHP8AA,madison-heights-michigan
https://www.ubereats.com/detroit/food-delivery/bakers-keyboard-lounge/m06zhjMHRzu7hgs0n8sVnw,madison-heights-michigan
https://www.ubereats.com/detroit/food-delivery/taco-bell-26130-hoover-road/UBfsfnGhQjOG481F1TI-5w,madison-heights-michigan
https://www.ubereats.com/detroit/food-delivery/taqueria-alma/3uRcTcn1T72J_IIMxbLkEQ,madison-heights-michigan
https://www.ubereats.com/detroit/food-delivery/buena-fe/FiD6ZFz_RYqDBKJUwGxbTA,madison-heights-michigan
https://www.ubereats.com/detroit/food-delivery/amar-pizza/9VrxHdefQ027hoQMxkxdpw,madison-heights-michigan
https://www.ubereats.com/detroit/food-delivery/china-city/KBQ3PHKlSSmtdGj5HNDQ8g,madison-heights-michigan
https://www.ubereats.com/detroit/food-delivery/arbys-15620-15-mile-rd/LQodZjC7QzyaWsuRjCVC4A,madison-heights-michigan
https://www.ubereats.com/detroit/food-delivery/kfc-1345-north-main/mRUjnautSg2a4pX4oOFTag,madison-heights-michigan
https://www.ubereats.com/detroit/food-delivery/assaggi-bistro/ZUidyzD0SiiZW7bs09_1RQ,madison-heights-michigan
https://www.ubereats.com/detroit/food-delivery/js-penalty-box/ar_l_UMNRJSR9bx7XSWLFQ,madison-heights-michigan
https://www.ubereats.com/detroit/food-delivery/big-boy-200-west-maple-road/WpeRWUgfQUC69CG4pNiWHA,madison-heights-michigan
https://www.ubereats.com/detroit/food-delivery/habibi-shawarma-grille/bGhrVc9oRiWT4bDsba5pWw,madison-heights-michigan
https://www.ubereats.com/detroit/food-delivery/tim-hortons-30915-southfield-road/F6KLxLM5R9iaIDmigzwJmw,madison-heights-michigan
https://www.ubereats.com/detroit/food-delivery/three-cats-cafe/SrTIC00KT0K77oO-tKFyLw,madison-heights-michigan
https://www.ubereats.com/detroit/food-delivery/mod-pizza-hall-road/UrWvqaZxRo2DQcN8G5nHSQ,madison-heights-michigan
https://www.ubereats.com/detroit/food-delivery/bangkok-cuisine-royal-oak/_Cl-tKC8Ty-uazMK7oYb4g,madison-heights-michigan
https://www.ubereats.com/detroit/food-delivery/ahan-thai/EsvLpaFQS7GWlftYuyc69w,madison-heights-michigan
https://www.ubereats.com/detroit/food-delivery/bread-bowl-deli/_Howg9OTSPSt_om-xrhCwg,madison-heights-michigan
https://www.ubereats.com/detroit/food-delivery/the-hills-city-grille/wyTj-2ryS9WCaHa_b8kfhQ,madison-heights-michigan
https://www.ubereats.com/detroit/food-delivery/chipotle-mexican-grill-32824-woodward-ave/xYmYF60pRI6Jtgro0fQ1aQ,madison-heights-michigan
https://www.ubereats.com/detroit/food-delivery/tim-hortons-36717-van-dyke/i12ySpDBT8W92ATfeV5Azw,madison-heights-michigan
https://www.ubereats.com/detroit/food-delivery/sushi-gallery-korean-%26-japanese-cuisine/Fxu3CVwNTFKTXTFtxMdBjw,madison-heights-michigan
https://www.ubereats.com/detroit/food-delivery/tropical-smoothie-cafe/ia73ftGrS6C7WqtpGwPALw,madison-heights-michigan
https://www.ubereats.com/detroit/food-delivery/sedona-taphouse/cW9uA65WRAuWXbGbzwr6IA,madison-heights-michigan
https://www.ubereats.com/detroit/food-delivery/qdoba-mexican-grill-25243-evergreen-rd-ste-101/IedOzF8PS2SXBn1w3v9Lww,madison-heights-michigan
https://www.ubereats.com/detroit/food-delivery/captain-jays-fish-%26-chicken-33854-van-dyke/g6KsYAVqSB-yrAW32lxMTw,madison-heights-michigan
https://www.ubereats.com/detroit/food-delivery/the-blue-nile-w-9-mile-rd/EEx98DqGT2epfW_13U0i4Q,madison-heights-michigan
https://www.ubereats.com/detroit/food-delivery/the-ice-cream-shop/EsO9SSxHTS2qGegcXh-rpg,madison-heights-michigan
https://www.ubereats.com/detroit/food-delivery/taco-bell-2260-colidge-hwy/ZkYBwcjvSpqiLWj3FI10hg,madison-heights-michigan
https://www.ubereats.com/detroit/food-delivery/royal-masala/8qMGOpHuQAWZXnfFaz8ipg,madison-heights-michigan
https://www.ubereats.com/detroit/food-delivery/om-cafe/NafpCCNGRraCCbXpxz87bg,madison-heights-michigan
https://www.ubereats.com/detroit/food-delivery/clean-plates/3aBiQgCZTh6htCHsx5Wd_w,madison-heights-michigan
https://www.ubereats.com/detroit/food-delivery/elaines-bagels/_0_kTW87THSCB9zIeK5OGQ,madison-heights-michigan
https://www.ubereats.com/detroit/food-delivery/royal-kabob/aEvCqS-fQ5aHyM-FEIaGLA,madison-heights-michigan
https://www.ubereats.com/detroit/food-delivery/tim-hortons-29030-van-dyke-ave/07DVMipvSnWDGJj865XxaQ,madison-heights-michigan
https://www.ubereats.com/detroit/food-delivery/uptown-bbq/Pglde5ziTBqFtiU4Y0HRGg,madison-heights-michigan
https://www.ubereats.com/detroit/food-delivery/tim-hortons-26900-groesbeck-hwy/dMdMDrKOSlmPu3EyCFg_Ng,madison-heights-michigan
https://www.ubereats.com/detroit/food-delivery/white-castle-21400-woodward-ave/OOrSyCH2TH6vUwQlP-ZvVA,madison-heights-michigan
https://www.ubereats.com/detroit/food-delivery/marcos-pizza-4070-crooks-rd/MA24icTURnOT4ssw0lsaGQ,madison-heights-michigan
https://www.ubereats.com/detroit/food-delivery/sonic-124-john-r-road/fhraEAKhQPaT5cU_M24pbA,madison-heights-michigan
https://www.ubereats.com/detroit/food-delivery/mezza-mediterranean-grille/r7NrRep0T96u6shZVz2hkw,madison-heights-michigan
https://www.ubereats.com/detroit/food-delivery/dairy-queen-grill-%26-chill-28039-mound-rd/FDYXwcztSPuVEy9DOqUYcA,madison-heights-michigan
https://www.ubereats.com/detroit/food-delivery/yoshi-hibachi-grille-southfield/txvm9Yo2TN2GD5WD3HEKHw,madison-heights-michigan
https://www.ubereats.com/detroit/food-delivery/cupcake-station-birmingham/eWE4OBnESBe4-pZ1Vd7Xtg,madison-heights-michigan
https://www.ubereats.com/detroit/food-delivery/kavans-tavern/Cr00ehQNTx2xZoig8_P0kg,madison-heights-michigan
https://www.ubereats.com/detroit/food-delivery/cafe-kabob-mediterranean-grille-southfield-mich/xWLcq0gSSgm-z_FmoD0DsQ,madison-heights-michigan
https://www.ubereats.com/detroit/food-delivery/taco-bell-4105-e-8-mile-rd/0IDDOF4STFCbE-pIA9Cvyg,madison-heights-michigan
https://www.ubereats.com/detroit/food-delivery/mr-bs-shelby/uH8w96EXSGiq315py6uQWQ,madison-heights-michigan
https://www.ubereats.com/detroit/food-delivery/tim-hortons-493-w-12-mile-rd/66cL_ltSSSiCZ5uB4fWdug,madison-heights-michigan
https://www.ubereats.com/detroit/food-delivery/sahara-mediterranean-grill-market-street/Z0lCtTbLTvmwXDJfyxGrgg,madison-heights-michigan
https://www.ubereats.com/detroit/food-delivery/motown-cafe-grille/lefYKLifTUSZdOVU5fP9Bg,madison-heights-michigan
https://www.ubereats.com/detroit/food-delivery/the-chocolate-gallery-cafe/LuGCHgQ6R_iBxZU4cvaidA,madison-heights-michigan
https://www.ubereats.com/detroit/food-delivery/8310-bonefish-grill-660-w-big-beaver/ScW9n3d6TV-EZvigegf60w,madison-heights-michigan
https://www.ubereats.com/detroit/food-delivery/viks-diner/eul7phgTTGCAJPpOrjpuGw,madison-heights-michigan
https://www.ubereats.com/detroit/food-delivery/fresh-fish-house-12-mile/YTfEBg4RS3uMZE11gU8zSA,madison-heights-michigan
https://www.ubereats.com/detroit/food-delivery/wendys-24845-ryan-road/pW7v833XQyS0aH1pg2_5LQ,madison-heights-michigan
https://www.ubereats.com/detroit/food-delivery/chipotle-mexican-grill-30229-mound-rd/uEiGkBz1R0aVMB3IN-icCg,madison-heights-michigan
https://www.ubereats.com/detroit/food-delivery/gnocchi-italian-restaurant/QOff5YesSvuxNgYGvywefw,madison-heights-michigan
https://www.ubereats.com/detroit/food-delivery/sammy-ts-of-fraser/2yWj6RIuQPGnqo0T3K5dOQ,madison-heights-michigan
https://www.ubereats.com/detroit/food-delivery/buffalo-wild-wings-15745-15-mile-rd/ZWuk4SQsSQe5iIdLRzYPkQ,madison-heights-michigan
https://www.ubereats.com/detroit/food-delivery/tim-hortons-22211-coolidge-ave/F0aCJum1TpOVhI3LMLkrwg,madison-heights-michigan
https://www.ubereats.com/detroit/food-delivery/grillz-on-wheelz/23CwL0aST4S02YrofeQmRw,madison-heights-michigan
https://www.ubereats.com/detroit/food-delivery/parks-old-style-bbq/7pi0W_ftQkmfPbCwjWOC5w,madison-heights-michigan
https://www.ubereats.com/detroit/food-delivery/wendys-3995-rochester-road/T1R9JCfKQvm7Tk-zWgynpg,madison-heights-michigan
https://www.ubereats.com/detroit/food-delivery/the-ice-cream-shop/Z6r6vun2QtyjhwsFFvwRFg,madison-heights-michigan
https://www.ubereats.com/detroit/food-delivery/subway-29144-ryan-rd/qLz5233URt6E-6V74pMOTQ,madison-heights-michigan
https://www.ubereats.com/detroit/food-delivery/chicken-shack-clinton-township/Nk87pI3FT8Ku5cVGDw9VGA,madison-heights-michigan
https://www.ubereats.com/detroit/food-delivery/toms-oyster-bar/Gw5NZTl6SDKulvoyFXNpww,madison-heights-michigan
https://www.ubereats.com/detroit/food-delivery/boffs-middle-eastern-cuisine/rKGfEzy_TQyQHC9PLzk1QA,madison-heights-michigan
https://www.ubereats.com/detroit/food-delivery/honey-tree-grill/3AYAa5W7R2qZirlkHWusAg,madison-heights-michigan
https://www.ubereats.com/detroit/food-delivery/mcdonalds-stephenson-%26-14-mile/HUI4wJ_VSBqah8uLD7_XSg,madison-heights-michigan
https://www.ubereats.com/detroit/food-delivery/pho-chopstix/o_T4eniuTyWrD7OXvIjMuQ,madison-heights-michigan
https://www.ubereats.com/detroit/food-delivery/royal-inn-bar/f8KPjkOcRjeLtKnxrnTtwg,madison-heights-michigan
https://www.ubereats.com/detroit/food-delivery/d-town-fish-chicken-%26-soul-food/bqCROflORn6B0vncAMAYDA,madison-heights-michigan
https://www.ubereats.com/detroit/food-delivery/big-boy-30460-john-r-rd/UWRZhOPnTV-4ulDA4FntNg,madison-heights-michigan
https://www.ubereats.com/detroit/food-delivery/rosie-ogradys/wA99g9CZQaKwCkTE71wtig,madison-heights-michigan
https://www.ubereats.com/detroit/food-delivery/miso/iztWhNHhSBOjgQPkRgJIgA,madison-heights-michigan
https://www.ubereats.com/detroit/food-delivery/bismillah-kabob-n-curry-cafe/DwFmNIszRZuM17G_NLdRJg,madison-heights-michigan
https://www.ubereats.com/detroit/food-delivery/outback-steakhouse-1515-west-14-mile-road/F4o5Nav3SS6tgrD82wU0gA,madison-heights-michigan
https://www.ubereats.com/detroit/food-delivery/sweet-dreams-pastry/B9zJC5_bQuKW4aPQxf3qew,madison-heights-michigan
https://www.ubereats.com/detroit/food-delivery/captain-jays-fish-%26-chicken-29652-southfield-rd/np7adLwERVmNBSL0Hk79Dw,madison-heights-michigan
https://www.ubereats.com/detroit/food-delivery/fresh-fish-house-greenfield/S8iBwYibRNGjuUaB9Nrlfg,madison-heights-michigan
https://www.ubereats.com/detroit/food-delivery/buffalo-wild-wings-1873-e-big-beaver-rd/IAFQEkL9QWmIZ-f5olpmMA,madison-heights-michigan
https://www.ubereats.com/detroit/food-delivery/tim-hortons-1905-east-maple-road/R_E5B0SPQB6RZZRarwfGmw,madison-heights-michigan
https://www.ubereats.com/detroit/food-delivery/lebanese-grill%3A-troy/CyYjtf_XQN-HHrij5FbrSg,madison-heights-michigan
https://www.ubereats.com/detroit/food-delivery/ale-marys-beer-hall/Pj12DGYLSgWGxVYFwsQuSw,madison-heights-michigan
https://www.ubereats.com/detroit/food-delivery/arbys-47540-van-dyke-ave/yc9KtQH3QPmRkzuMcVEM0Q,madison-heights-michigan
https://www.ubereats.com/detroit/food-delivery/fork-in-nigeria/Ql_uVDLeQUempKHQKAa-hQ,madison-heights-michigan
https://www.ubereats.com/detroit/food-delivery/ihop-29202-woodward-ave/GNX0uzyFTvaWKgReQ2v0qw,madison-heights-michigan
https://www.ubereats.com/detroit/food-delivery/dequinder-deli-%26-grill/Gs5ofIjSTaCwRBD7hV_Y_w,madison-heights-michigan
https://www.ubereats.com/detroit/food-delivery/main-street-pasta-bar/_2PtYML5QdioB6FI00vFQw,madison-heights-michigan
https://www.ubereats.com/detroit/food-delivery/the-great-greek-mediterranean-grill/Pbn8eeFXRP6P8YgZlvBStg,madison-heights-michigan
https://www.ubereats.com/detroit/food-delivery/menchies-frozen-yogurt-29367-mound-rd/nYy3UqkQSb6RJHObTehsAg,madison-heights-michigan
https://www.ubereats.com/detroit/food-delivery/hyde-park-prime-steakhouse-birmingham/6JVYCeo_TPGlM81WXKZsyw,madison-heights-michigan
https://www.ubereats.com/detroit/food-delivery/tim-hortons-20700-mound-rd/XxxbUcbTTNqmXkXISo1nUA,madison-heights-michigan
https://www.ubereats.com/detroit/food-delivery/olgas-kitchen-43201-garfield-rd/fgCUlRFBRruoM2tHCj8oIg,madison-heights-michigan
https://www.ubereats.com/detroit/food-delivery/the-ice-cream-shop/7t1Y8JvhS-m5vWrd09zigQ,madison-heights-michigan
https://www.ubereats.com/detroit/food-delivery/peteets-famous-cheesecakes/_HpNEyGWRKeelBtEE55R5w,madison-heights-michigan
https://www.ubereats.com/detroit/food-delivery/duck-donuts-2920-w-maple-rd/EDDCRtVVQcCcTC6pDGn2wQ,madison-heights-michigan
https://www.ubereats.com/detroit/food-delivery/platos-coney-island/pmcLhh_IR-G0nAFNN7Fo0A,madison-heights-michigan
https://www.ubereats.com/detroit/food-delivery/l-georges-coney-island-26799-greenfield-rd/WESfdcKCT5Cfb7tS2dJETA,madison-heights-michigan
https://www.ubereats.com/detroit/food-delivery/jalsa-fine-dining-and-banquets/o8gVFiLbSmWZcWPQn93rlA,madison-heights-michigan
https://www.ubereats.com/detroit/food-delivery/estia-greek-street-food-warren/rfmQ6hCZSbK0pbH79DOvoA,madison-heights-michigan
https://www.ubereats.com/detroit/food-delivery/tim-hortons-36101-woodward-avenue/7YMmH-C8QYKnr7MavFsMFA,madison-heights-michigan
https://www.ubereats.com/detroit/food-delivery/nyc-halal-eats/eLbjvZKfQiuTTGaGZw3pkA,madison-heights-michigan
https://www.ubereats.com/detroit/food-delivery/olgas-kitchen-e-big-beaver-rd/1APsv3qXQpqIuNVj6Kot6A,madison-heights-michigan
https://www.ubereats.com/detroit/food-delivery/shish-kabob-express-22151-gratiot/HAtPcJLOR1aQ9u19ftTQmg,madison-heights-michigan
https://www.ubereats.com/detroit/food-delivery/culantro/JODQWjW7SKCyBxXAl5T5RQ,madison-heights-michigan
https://www.ubereats.com/detroit/food-delivery/the-ice-cream-shop/QX6TuJHcS4q_uH-EAhQPlA,madison-heights-michigan
https://www.ubereats.com/detroit/food-delivery/panda-chinese-food/9Z0xzYocQj-mz3YRuR_TDg,madison-heights-michigan
https://www.ubereats.com/detroit/food-delivery/baghdad-restaurants/iETfItP5QjC_EJqWa2UK4g,madison-heights-michigan
https://www.ubereats.com/detroit/food-delivery/star-of-india-w-9-mile-rd/VC9WUJ9cRrOWVSHLkHIaMQ,madison-heights-michigan
https://www.ubereats.com/detroit/food-delivery/mcdonalds-2000-18-mile-rd/7xMtVQ6IRr2bit3a2173Jw,madison-heights-michigan
https://www.ubereats.com/detroit/food-delivery/sythai/Ql1CxXCdTjOcS7M8uVGbsQ,madison-heights-michigan
https://www.ubereats.com/detroit/food-delivery/hi-sushi/WeHhay1fRLCvthQl9CrPqw,madison-heights-michigan
https://www.ubereats.com/detroit/food-delivery/oasis-lebanese-cuisine/JsVmnZMVS2-YIkpNTVZTFQ,madison-heights-michigan
https://www.ubereats.com/detroit/food-delivery/mr-kabob-xpress/woIKTKYUQ7iInWwaA_UDxg,madison-heights-michigan
https://www.ubereats.com/detroit/food-delivery/wendys-29415-dequindre/zz6sT_RPROyHR2C7C1pZBQ,madison-heights-michigan
https://www.ubereats.com/detroit/food-delivery/pronto!/uUhtrzMnQ0GDu1PPOx4teg,madison-heights-michigan
https://www.ubereats.com/detroit/food-delivery/mcdonalds-dequindre-%26-big-beaver/HIg1wNReRAWMevo5gRqRSg,madison-heights-michigan
https://www.ubereats.com/detroit/food-delivery/tim-hortons-1825-e-8-mile-rd/pYOQe7zRS9Kd2xweEjy0Cw,madison-heights-michigan
https://www.ubereats.com/detroit/food-delivery/youngs-chinese-carryout/nHXNX7smQW2mW02pIw3TOQ,madison-heights-michigan
https://www.ubereats.com/detroit/food-delivery/tim-hortons-3331-rochester-road/lwgVikOGRbK9bxeN2ITl5A,madison-heights-michigan
https://www.ubereats.com/detroit/food-delivery/the-ice-cream-shop/if5q5gBSQhGEULLVUlrOpw,madison-heights-michigan
https://www.ubereats.com/detroit/food-delivery/irish-tavern/m6k50z7cQSqiPjlebedMBQ,madison-heights-michigan
https://www.ubereats.com/detroit/food-delivery/arbys-30403-n-woodward/4MWv6MWEQrGZttQWEWKtXw,madison-heights-michigan
https://www.ubereats.com/detroit/food-delivery/wendys-14401-w-7-mile/0GzbWcLmQm2u7BX3isWZLg,madison-heights-michigan
https://www.ubereats.com/detroit/food-delivery/bahdah-sushi/owzZX6BeSpOyzPf7cdV4Vw,madison-heights-michigan
https://www.ubereats.com/detroit/food-delivery/burgerim-24740-greenfield-rd/aUej3zUqR-iK4j0ff1i3Jg,madison-heights-michigan
https://www.ubereats.com/detroit/food-delivery/spice-of-thai-express/BFW41gw4TGGf5X3sycDx4w,madison-heights-michigan
https://www.ubereats.com/detroit/food-delivery/dae-jang-keum-troy/vjFx9xk0Ty2TUTp20vPwag,madison-heights-michigan
https://www.ubereats.com/detroit/food-delivery/celinas/n66T6BwYQ_a05kf3tAfWbg,madison-heights-michigan
https://www.ubereats.com/detroit/food-delivery/qdoba-mexican-grill-3014-rochester-rd-s/TL1UXtOYQGSi0TGMxBLFBQ,madison-heights-michigan
https://www.ubereats.com/detroit/food-delivery/qdoba-mexican-grill-31982-gratiot-ave/1SnK61YzSzq-9x0K5t7FDg,madison-heights-michigan
https://www.ubereats.com/detroit/food-delivery/the-ice-cream-shop/tiviFpl8Q3KkHDYDFPrGTw,madison-heights-michigan
https://www.ubereats.com/detroit/food-delivery/boostan-cafe/e80vzFiEQ-a6ifGFFVNC8g,madison-heights-michigan
https://www.ubereats.com/detroit/food-delivery/yoshi-hibachi-grille-westside-fenkell/0aR3UwmeRX-uMeSjMDJWmQ,madison-heights-michigan
https://www.ubereats.com/detroit/food-delivery/granite-city-food-%26-brewery-troy/caWMLnMNRROt5grPpXAxlw,madison-heights-michigan
https://www.ubereats.com/detroit/food-delivery/mcdonalds-mound-%26-12-mile/Infxn9-wTiKwLV7aEnvBjQ,madison-heights-michigan
https://www.ubereats.com/detroit/food-delivery/cafe-sushi/3MvcK9nOTyipErUx_7qYrA,madison-heights-michigan
https://www.ubereats.com/detroit/food-delivery/taco-bell-1045-w-9-mile-road/DASUIJgTSHuo3SgJmHqBmw,madison-heights-michigan
https://www.ubereats.com/detroit/food-delivery/beyond-juicery-%2B-eatery-evergreen-%26-civic-center/2qRYq17OSU6X9y_Iz8wmwA,madison-heights-michigan
https://www.ubereats.com/detroit/food-delivery/the-d-loft-cafe/542GRS7TTKKx6dvfAG0fOQ,madison-heights-michigan
https://www.ubereats.com/detroit/food-delivery/rev-kitchen/YyhD5fkxSw6mn1dhu6PTCA,madison-heights-michigan
https://www.ubereats.com/detroit/food-delivery/checkers-14858-e-8-mile-rd/NcEovjcSSemP24ZUw_jZPQ,madison-heights-michigan
https://www.ubereats.com/detroit/food-delivery/dairy-queen-treat-3201-rochester-rd/O13thxlJRcmIXmIkyCALFA,madison-heights-michigan
https://www.ubereats.com/detroit/food-delivery/jamboozies-sports-bar-%26-grill/Ts2K24XuRiGDA-TFbvQQ6w,madison-heights-michigan
https://www.ubereats.com/detroit/food-delivery/detroit-blues-cafe/A7zu53SoR0-3DM6eCol3GQ,madison-heights-michigan
https://www.ubereats.com/detroit/food-delivery/kerbys-koney-island-warren/PGPGdxkbT--dngVP2HAC_w,madison-heights-michigan
https://www.ubereats.com/detroit/food-delivery/ruths-chris-steak-house-755-w-big-beaver-rd/pkRxg27vRcyEivXwznRiFQ,madison-heights-michigan
https://www.ubereats.com/detroit/food-delivery/achatz-handmade-pie-co-troy/6ANdVWehRMW8RLrJNKXDqQ,madison-heights-michigan
https://www.ubereats.com/detroit/food-delivery/kabob-kabob/vN88mvPzQGOYiksLl05L9A,madison-heights-michigan
https://www.ubereats.com/detroit/food-delivery/del-taco-28692-dequindre-unit-j-100/K8GWHcnAQ_-Ey6AV3UNjOA,madison-heights-michigan
https://www.ubereats.com/detroit/food-delivery/better-health-cafe-beverly-hills-mi/q_ue5_ufSf29wNRikjUfag,madison-heights-michigan
https://www.ubereats.com/detroit/food-delivery/poke-poke-sushi-unrolled-evergreen-southfield/543KsxLqQ_2kvAUVGeiIFw,madison-heights-michigan
https://www.ubereats.com/detroit/food-delivery/taco-bell-13343-east-10-mile-road/azLNgdiFRWKhKhK9FDUajQ,madison-heights-michigan
https://www.ubereats.com/detroit/food-delivery/sonic-36888-van-dyke-road/U2gPlx7VQWW3oOx_sideCQ,madison-heights-michigan
https://www.ubereats.com/detroit/food-delivery/pf-changs-2801-w-big-beaver-rd-space-d112/kpaSfNwbQ2CMu6GZatQppA,madison-heights-michigan
https://www.ubereats.com/detroit/food-delivery/biryani-xpress/fbc8Wm44Tlytb9aP7BvLqw,madison-heights-michigan
https://www.ubereats.com/detroit/food-delivery/fattoush/Y2Fl3TbSReC35tXyjmq6MQ,madison-heights-michigan
https://www.ubereats.com/detroit/food-delivery/kyoto-japanese-steakhouse/2-PtHAoeT32tTWsYvudF1g,madison-heights-michigan
https://www.ubereats.com/detroit/food-delivery/the-farm-grill-southfield/FmlJ6zS3T8qfaL126coSXQ,madison-heights-michigan
https://www.ubereats.com/detroit/food-delivery/burgerim-36741-van-dyke-ave/EzheCv9OS2G1sttTnKB-Fg,madison-heights-michigan
https://www.ubereats.com/detroit/food-delivery/tropical-smoothie-cafe-birmingham/_DRgFXulTqeO_X9LsHB6jw,madison-heights-michigan
https://www.ubereats.com/detroit/food-delivery/happys-pizza-van-dyke/v7fdnSqCTtaLQ9VPXNrEOw,madison-heights-michigan
https://www.ubereats.com/detroit/food-delivery/arbys-27400-van-dyke-ave/p6AjS-I8RD66Y4_yOX-uSA,madison-heights-michigan
https://www.ubereats.com/detroit/food-delivery/24-seconds-bar-%26-grill/kV1NLFXjT-STHaU3CjaKkA,madison-heights-michigan
https://www.ubereats.com/detroit/food-delivery/oasis-mediterranean-cuisinetwelve-mile-rd/aYd8ErfkQt-lojYwcSGvpA,madison-heights-michigan
https://www.ubereats.com/detroit/food-delivery/checkers-10711-w-7-mile-rd/lrENgcDvQYKBqLFMaW7Tbw,madison-heights-michigan
https://www.ubereats.com/detroit/food-delivery/buffalo-wild-wings-500-s-main-st/_PpUTq91SBWpZzGYAcIVuw,madison-heights-michigan
https://www.ubereats.com/detroit/food-delivery/cold-stone-creamery-28877-schoenherr-road/Tz9VOx7jTZWs9OKaVuwQ_g,madison-heights-michigan
https://www.ubereats.com/detroit/food-delivery/toarminas-pizza-madison-heights/9ygkhRrpR_mixTjzZbwYsA,madison-heights-michigan
https://www.ubereats.com/detroit/food-delivery/wendys-25345-hoover-road/cURQNrfhSk2D6BJRHOgyLA,madison-heights-michigan
https://www.ubereats.com/detroit/food-delivery/boston-market-37105-gratiot-avenue/4CvRiop4TKWGo_t96cZ4Hg,madison-heights-michigan
https://www.ubereats.com/detroit/food-delivery/enjoya-sweets-bakery/WsLI_JW1S4a3xz1sRI46hQ,madison-heights-michigan
https://www.ubereats.com/detroit/food-delivery/morning-star-restaurant/DVNJKSJIQeu4KpDjYi_L3w,madison-heights-michigan
https://www.ubereats.com/detroit/food-delivery/wing-snob-sterling-heights/7AYd3TwTQtGSohYgCNr0vg,madison-heights-michigan
https://www.ubereats.com/detroit/food-delivery/cold-stone-creamery-madison-heights/8oZEUMPDT0Saa_STwPoboA,madison-heights-michigan
https://www.ubereats.com/detroit/food-delivery/kfc-1200-w-8-mile-rd/W5zuQkzHRT-mh0PaI37CtQ,madison-heights-michigan
https://www.ubereats.com/detroit/food-delivery/qdoba-mexican-grill-5779-e-12-mile-rd/P5zLNjJLRTGaiC99bSiiow,madison-heights-michigan
https://www.ubereats.com/detroit/food-delivery/noodle-topia/G_WNY9S1TDmEfJY4ELV6gQ,madison-heights-michigan
https://www.ubereats.com/detroit/food-delivery/mr-miguels/VanG09XhR9Kno85zpopUZw,madison-heights-michigan
https://www.ubereats.com/detroit/food-delivery/cedar-kabob-%26-cafe/y7M2KLCYREyWzKBOkcZw-g,madison-heights-michigan
https://www.ubereats.com/detroit/food-delivery/kfc-33900-woodward-avenue/wvNZuefGSXiVd4F7H5nSuA,madison-heights-michigan
https://www.ubereats.com/detroit/food-delivery/buscemis-15-and-mound/DbREa5npT5y2_yKVbB1Llw,madison-heights-michigan
https://www.ubereats.com/detroit/food-delivery/taco-bell-47154-van-dyke-ave/7h_-ukQKR9OuhRQQn6WWQQ,madison-heights-michigan
https://www.ubereats.com/detroit/food-delivery/taco-bell-2855-s-rochester-rd/1p1wqotjSoSf6uv7IzlE6A,madison-heights-michigan
https://www.ubereats.com/detroit/food-delivery/china-house/0d3f7EFzRwSmuvEBhr6-pw,madison-heights-michigan
https://www.ubereats.com/detroit/food-delivery/big-boy-11587-e-12-mile-rd/7PT8aw5VRA2B2VQ1_hN8-A,madison-heights-michigan
https://www.ubereats.com/detroit/food-delivery/subway-32755-woodward-ave/HZlIvV45S4qxAGva0Pq-QA,madison-heights-michigan
https://www.ubereats.com/detroit/food-delivery/california-roll-suchi/UluG8h_gS1aJqbq3-PSiVg,madison-heights-michigan
https://www.ubereats.com/detroit/food-delivery/alies-lebanese-grill-sterling-heights/rU4urSj7TL63Fi6eHROFjQ,madison-heights-michigan
https://www.ubereats.com/detroit/food-delivery/kfc-23450-van-dyke-ave/YQPMaUZZTxyyZYoGTVzzfg,madison-heights-michigan
https://www.ubereats.com/detroit/food-delivery/a1-family-kabob/1mm-pBuKShy36HJWN3No6g,madison-heights-michigan
https://www.ubereats.com/detroit/food-delivery/subway-34-w-nine-mile-rd/z4nDveH_R8u43eGcMgLkvw,madison-heights-michigan
https://www.ubereats.com/detroit/food-delivery/dunkin-27033-van-dyke-ave/uz_IVJDjSAyPCdqUWberFQ,madison-heights-michigan
https://www.ubereats.com/detroit/food-delivery/kung-fu-tea-2105-15-mile-road/B913cxyhS82voWAPnQrCxw,madison-heights-michigan
https://www.ubereats.com/detroit/food-delivery/tim-hortons-4065-15-mile-road/C4uVynNZTN-oJeFaOxlCCA,madison-heights-michigan
https://www.ubereats.com/detroit/food-delivery/jersey-mikes-subs-2670-s-rochester-road/hXGSFc9VTWiiFuARQvkt8Q,madison-heights-michigan
https://www.ubereats.com/detroit/food-delivery/motor-city-chophouse-gourmet-food/NzPimqeeRcmqV-1w-1nQOw,madison-heights-michigan
https://www.ubereats.com/detroit/food-delivery/best-buffalo-wings/hXKjGwNhTGeHHmkFYmJkpw,madison-heights-michigan
https://www.ubereats.com/detroit/food-delivery/poke-fish/76JWJoDVRsWxlcuPsYIP7A,madison-heights-michigan
https://www.ubereats.com/detroit/food-delivery/outback-steakhouse-45170-schoenherr-road/nJ2lUn5AQRWRNNMerKt20g,madison-heights-michigan
https://www.ubereats.com/detroit/food-delivery/arbys-1150-livernois-rd/obG1ERBqT2GmWkxV5A3yGw,madison-heights-michigan
https://www.ubereats.com/detroit/food-delivery/pieceofcakecafe/0JyxKdJUT3qWJFND3Qh2Vg,madison-heights-michigan
https://www.ubereats.com/detroit/food-delivery/la-dolce-vita/iCybnVqsRp-Pq7AwFTf5Vg,madison-heights-michigan
https://www.ubereats.com/detroit/food-delivery/kerbys-koney-island-troy/-8bVSzxdSlqIGYjTu8X-ug,madison-heights-michigan
https://www.ubereats.com/detroit/food-delivery/great-lakes-fish-and-chicken/JwFmvMLdTrapwEDsTky_qg,madison-heights-michigan
https://www.ubereats.com/detroit/food-delivery/starbucks-royal-oak-s-main-%26-3rd-st/khMPzMy1TvaI357-O81F7w,madison-heights-michigan
https://www.ubereats.com/detroit/food-delivery/flemings-prime-steakhouse-%26-wine-bar-birmingham-mi/ahMEVwq2SEGUHkrQHFpg5A,madison-heights-michigan
https://www.ubereats.com/detroit/food-delivery/mcdonalds-14-mile-%26-ryan/3HSOEuehQFqtyxhERO8LAw,madison-heights-michigan
https://www.ubereats.com/detroit/food-delivery/taco-bell-131-s-crooks-rd/CGq9rCBKRvmlC3M7A422aQ,madison-heights-michigan
https://www.ubereats.com/detroit/food-delivery/buddys-pizza-detroit/jbrBqafERhK0d6L0JBOuXg,madison-heights-michigan
https://www.ubereats.com/detroit/food-delivery/van-dyke-coney-island/6-JMlqHhRnuKiLAtfk___Q,madison-heights-michigan
https://www.ubereats.com/detroit/food-delivery/dairy-queen-treat-2879-w-maple-rd/JWAr3ornSLi8zL9XfPXBAQ,madison-heights-michigan
https://www.ubereats.com/detroit/food-delivery/tim-hortons-37121-mound-road/hO3q4j2STbyAQHs2x5Ggyg,madison-heights-michigan
https://www.ubereats.com/detroit/food-delivery/taco-bell-21900-woodward-avenue/CQfSExmJTuqWRpTs3l5wPQ,madison-heights-michigan
https://www.ubereats.com/detroit/food-delivery/main-street-kitchen-indian-cuisine/cCPSi--8SPKWAOoYedB8KQ,madison-heights-michigan
https://www.ubereats.com/detroit/food-delivery/dunkin-5847-13-mile-rd/UMs-Pis-QHi_a18myLTf6Q,madison-heights-michigan
https://www.ubereats.com/detroit/food-delivery/jets-pizza-230-w-14-mile-rd/C5iGQBOyRYm5nn6uLkopdQ,madison-heights-michigan
https://www.ubereats.com/detroit/food-delivery/ronos/0GG5pHTMT3CK-mGTzs30OQ,madison-heights-michigan
https://www.ubereats.com/detroit/food-delivery/mia-mia-cafe/f2L1vU7pT3eo0gbcsuK4Dw,madison-heights-michigan
https://www.ubereats.com/detroit/food-delivery/babylon-garden/vlTkDnq5R4S3VsSiL1cqrQ,madison-heights-michigan
https://www.ubereats.com/detroit/food-delivery/detroit-eatery/k72XdavzRnijI0IxBG0ptg,madison-heights-michigan
https://www.ubereats.com/detroit/food-delivery/checkers-1450-e-12-mile-road/Xandmyy-SfmjAxYxJ_JPHw,madison-heights-michigan
https://www.ubereats.com/detroit/food-delivery/kfc-13253-woodward-ave/K5nX0MsNT8Ckmd612kRkYA,madison-heights-michigan
https://www.ubereats.com/detroit/food-delivery/inn-season-cafe/J3BU6FMlTjerq3VK6nTq6A,madison-heights-michigan
https://www.ubereats.com/detroit/food-delivery/noodles-%26-company-3119-crooks-rd/AddJDWE6S7udmYSuG0pJmA,madison-heights-michigan
https://www.ubereats.com/detroit/food-delivery/jay-jays-bistro/SDf2WtKIRAyMKLkQSxw4aA,madison-heights-michigan
https://www.ubereats.com/detroit/food-delivery/detroit-shrimp-%26-fish-james-couzens-%26-basil/CysdowTgS1SxTefOkh6V6Q,madison-heights-michigan
https://www.ubereats.com/detroit/food-delivery/i-pizza/K0uIAEeRTWWPItnH92SqbQ,madison-heights-michigan
https://www.ubereats.com/detroit/food-delivery/edible-arrangements-52-west-square-lake-road/E--7D3MOQxiy7hzfw5OUFw,madison-heights-michigan
https://www.ubereats.com/detroit/food-delivery/mcdonalds-11-mile-%26-west/ohRkI_txRKKduHqWhQyqhQ,madison-heights-michigan
https://www.ubereats.com/detroit/food-delivery/dunkin-23113-greenfield-rd/1yPqbCgiQGyP04b6I2AOkw,madison-heights-michigan
https://www.ubereats.com/detroit/food-delivery/pokeworks-716-w-big-beaver-rd/90WTXzz3QiqePJ70Lcj4oQ,madison-heights-michigan
https://www.ubereats.com/detroit/food-delivery/arbys-15195-e-12-mile-rd/_4_y3iWoTf26jZhQ2qVSvg,madison-heights-michigan
https://www.ubereats.com/detroit/food-delivery/starbucks-12-mile-%26-mound/1y997_o2RMemJrEKuAWOqw,madison-heights-michigan
https://www.ubereats.com/detroit/food-delivery/grand-tavern-troy/28TZTAYyQPOp9YYlUIqIeA,madison-heights-michigan
https://www.ubereats.com/detroit/food-delivery/hazel-ravines-and-downtown/EgQCxJRbQOOKSXM-ReKQvQ,madison-heights-michigan
https://www.ubereats.com/detroit/food-delivery/kittys-cheesecakes-%26-more/msfXlZxhRNaxsq5OsPMZQw,madison-heights-michigan
https://www.ubereats.com/detroit/food-delivery/potbelly-sandwich-shop-royal-oak-%7C-65/j7cmdG2RQuWFWKRk7lrEYw,madison-heights-michigan
https://www.ubereats.com/detroit/food-delivery/mcdonalds-rochester-%26-13-mile/vw_oukszTZuVMFbRhE6Xhw,madison-heights-michigan
https://www.ubereats.com/detroit/food-delivery/dessert-oasis-coffee-roasters-115-s-main/DMOFC_WTSDiM7RSMidwoVA,madison-heights-michigan
https://www.ubereats.com/detroit/food-delivery/sahara-restaurant-and-grill-oak-park/fBFc9swiQX2kwVR7TSxpfg,madison-heights-michigan
https://www.ubereats.com/detroit/food-delivery/the-ice-cream-shop/FaqnJggzQXG87VGoSHQpkg,madison-heights-michigan
https://www.ubereats.com/detroit/food-delivery/auntie-annes-662-w-fourteen-mile-rd/GcQlSfhtRnOGEDcJbjshRA,madison-heights-michigan
https://www.ubereats.com/detroit/food-delivery/bread-basket-deli-oak-park/LZilU6rsQeCcFRrmEn2nLQ,madison-heights-michigan
https://www.ubereats.com/detroit/food-delivery/kabob-house-%26-mouchak-sweets/WUL88thZRMe_UhdpcmmEYA,madison-heights-michigan
https://www.ubereats.com/detroit/food-delivery/eddie-smokes-bbq/5uq8Nj0nTGCBUpSPuAA-GA,madison-heights-michigan
https://www.ubereats.com/detroit/food-delivery/kit-chen-thai/UoNjuGtTSoK-a1plZ1wvCA,madison-heights-michigan
https://www.ubereats.com/detroit/food-delivery/be-well-lifestyle-centers/DcgQcMqdQtCeWDVcMEnClQ,madison-heights-michigan
https://www.ubereats.com/detroit/food-delivery/boston-market-29940-southfield-road/rn0ojzkXRlex4Ziu92hJQw,madison-heights-michigan
https://www.ubereats.com/detroit/food-delivery/arbys-2925-e-long-lake-rd/xBGgMtqGQ0GLde4W4EcHdw,madison-heights-michigan
https://www.ubereats.com/detroit/food-delivery/urge-juice/jOswFCjaRT6-bEvH2zyULw,madison-heights-michigan
https://www.ubereats.com/detroit/food-delivery/jersey-mikes-subs/bOJydo23T4SUmlb2KG0lxw,madison-heights-michigan
https://www.ubereats.com/detroit/food-delivery/kfc-8939-w-7-mile-rd/10hBQZJaQJeO22r-fK9aBw,madison-heights-michigan
https://www.ubereats.com/detroit/food-delivery/salsaritas-fresh-mexcian-grill/O0LBKWHVS4ypXH_HbY0xjw,madison-heights-michigan
https://www.ubereats.com/detroit/food-delivery/buddys-pizza-warren/QDlgRENLQ1enTl5VHQComA,madison-heights-michigan
https://www.ubereats.com/detroit/food-delivery/yoshi-hibachi-grille-livernois/gjp-dJvVTB-A0xyayurPVg,madison-heights-michigan
https://www.ubereats.com/detroit/food-delivery/house-of-shamrocks/U8FSsTspS5qIiPGqfPij9g,madison-heights-michigan
https://www.ubereats.com/detroit/food-delivery/valentinos-diner/noHXqY6MQ8u_WH_z1bxUcA,madison-heights-michigan
https://www.ubereats.com/detroit/food-delivery/big-boy-29700-southfield-rd/qkDrO6PqQzm5j6FOKErX1Q,madison-heights-michigan
https://www.ubereats.com/detroit/food-delivery/boba-bar/4zIDDS4aTT6UvoFZcXRZ6Q,madison-heights-michigan
https://www.ubereats.com/detroit/food-delivery/outback-steakhouse-23501-greenfield-road/hL7aozDiRIKVrZ5FYrlc3Q,madison-heights-michigan
https://www.ubereats.com/detroit/food-delivery/starbucks-big-beaver-and-crooks/z9_dvHgIQQCybXy89ktoeA,madison-heights-michigan
https://www.ubereats.com/detroit/food-delivery/red-robin-379-31805-john-r-rd/gErczq_4R1y2RRgXNx9-qw,madison-heights-michigan
https://www.ubereats.com/detroit/food-delivery/arbys-11566-e-10-mile-rd/GTHUCTqVTtifoUnfl9n8Iw,madison-heights-michigan
https://www.ubereats.com/detroit/food-delivery/lilys-seafood-grill-%26-brewery/N-PkMf9sSI6FZEs-ZCAKgw,madison-heights-michigan
https://www.ubereats.com/detroit/food-delivery/donut-bar-%2B-coffee/t6_EK2YYSBaTYCcW4cTF-A,madison-heights-michigan
https://www.ubereats.com/detroit/food-delivery/two-guys-from-italy/r2R-z1-_S86xlzIHYIXKAA,madison-heights-michigan
https://www.ubereats.com/detroit/food-delivery/madison-heights-royal-grill/qFpQlxlHSyKMJIVuhKIPnw,madison-heights-michigan
https://www.ubereats.com/detroit/food-delivery/the-coach-sports-grille/_uPZVd3XRE66p0h03CwOQA,madison-heights-michigan
https://www.ubereats.com/detroit/food-delivery/qdoba-mexican-grill-30754-woodward-ave/6QgVULA5RCCPJFh2sHuoug,madison-heights-michigan
https://www.ubereats.com/detroit/food-delivery/taco-bell-4141-e-14-mile-road/mxhbutG5SIqfLCgBPayvXg,madison-heights-michigan
https://www.ubereats.com/detroit/food-delivery/leos-coney-island-old-woodward-ave/40AtFPhrRL-3VrStLpy7HA,madison-heights-michigan
https://www.ubereats.com/detroit/food-delivery/tropical-smoothie-cafe-5353-e-12-mile-road/HnX2_geNT82mLqXIzHGj_g,madison-heights-michigan
https://www.ubereats.com/detroit/food-delivery/king-kong-burgers/6ZxAU6nmQUSFUCAhU90bww,madison-heights-michigan
https://www.ubereats.com/detroit/food-delivery/mias-bakery-and-coffee/mmzFhA75Tm-ah3WHT03l7g,madison-heights-michigan
https://www.ubereats.com/detroit/food-delivery/babybacks-open-pit/pKpWVkjoS9ytyEdQ29OHEg,madison-heights-michigan
https://www.ubereats.com/detroit/food-delivery/cj-mahoneys-of-troy/cKlcV3FhSPyWrXZik2vtWQ,madison-heights-michigan
https://www.ubereats.com/detroit/food-delivery/subway-718-e-14-mile-rd/NueFF2uTRcukHi1adivaKg,madison-heights-michigan
https://www.ubereats.com/detroit/food-delivery/desi-tadka/39we3bgYRv6BD9YrUplIkQ,madison-heights-michigan
https://www.ubereats.com/detroit/food-delivery/detroit-grill-and-chicken/wvRjRthjSeyc9dpMEKo1-w,madison-heights-michigan
https://www.ubereats.com/detroit/food-delivery/starbucks-troy-maple-%26-crooks/rp9TVZAtSeqmHXyD0zF3OA,madison-heights-michigan
https://www.ubereats.com/detroit/food-delivery/moes-cheesesteaks/JIbKKkglR5KU17lDt1PbTg,madison-heights-michigan
https://www.ubereats.com/detroit/food-delivery/las-tortugas-taqueria-market/gb6r3tudRNybtnzRQIOHIw,madison-heights-michigan
https://www.ubereats.com/detroit/food-delivery/blaze-pizza-112-s-main-st/Zr6RLxExTRqv2_TpEc7uXg,madison-heights-michigan
https://www.ubereats.com/detroit/food-delivery/tubbys-grilled-submarines-1612-e-eleven-mile-rd-royal-oak/F0GcWtT3SM6iNPaOlNAOhg,madison-heights-michigan
https://www.ubereats.com/detroit/food-delivery/detroit-fleat/Bv6LJnxCRTGVPlR7m2Gv5A,madison-heights-michigan
https://www.ubereats.com/detroit/food-delivery/arbys-29515-southfield-rd/qRgRIwHZQcqf5KMvvaP1IA,madison-heights-michigan
https://www.ubereats.com/detroit/food-delivery/anitas-kitchen-ferndale/g36biA5JTUSDITUFT0jokw,madison-heights-michigan
https://www.ubereats.com/detroit/food-delivery/carrabbas-660-west-big-beaver-road/UBflWBnkQkKHJrvh0o_7Sw,madison-heights-michigan
https://www.ubereats.com/detroit/food-delivery/sheffield-cafe/WOJwzGnfT7CvBKhLWizv3g,madison-heights-michigan
https://www.ubereats.com/detroit/food-delivery/olympic-grill-family-restaurant/3W3YAsB9T7KZBZopuAcHjg,madison-heights-michigan
https://www.ubereats.com/detroit/food-delivery/mr-bs-broasted-chicken/WNs_EkOgQfaSV1TY4rIB1w,madison-heights-michigan
https://www.ubereats.com/detroit/food-delivery/kona-grill-troy/8MkHBlQZRT6iYbdo9pRPhQ,madison-heights-michigan
https://www.ubereats.com/detroit/food-delivery/dunkin-22451-woodward-ave/5I-uXsvBQXCTVQWWHuUlcw,madison-heights-michigan
https://www.ubereats.com/detroit/food-delivery/freds-fish-and-chicken-schaefer-hwy/Qb-50LQHSpKk3nMzY4FknA,madison-heights-michigan
https://www.ubereats.com/detroit/food-delivery/silders/bslZpIRsRtGNYqNNX8_nEQ,madison-heights-michigan
https://www.ubereats.com/detroit/food-delivery/mcdonalds-greenfield-%26-lincoln/SEzdzgpGROWG9zCjGgfG8w,madison-heights-michigan
https://www.ubereats.com/detroit/food-delivery/motown-fish-%26-shrimp/BI_QOuekQ4eJ_D3XZMsjXQ,madison-heights-michigan
https://www.ubereats.com/detroit/food-delivery/sonic-40257-s-groesbeck-hwy/KFqwlmFXRiecPWyFpx91wQ,madison-heights-michigan
https://www.ubereats.com/detroit/food-delivery/boston-market-18610-livernois/F1sVXO1jRwC_dhlHcplJyg,madison-heights-michigan
https://www.ubereats.com/detroit/food-delivery/tim-hortons-40955-mound-road/zpEXGAA3Qguj75yHU7Txpw,madison-heights-michigan
https://www.ubereats.com/detroit/food-delivery/indian-food-express-llc/ktIk2E6MSHmS8ssCBEy__Q,madison-heights-michigan
https://www.ubereats.com/detroit/food-delivery/balkan-house-ferndale/8u1I8AnJTh-OO9XmPKBAdQ,madison-heights-michigan
https://www.ubereats.com/detroit/food-delivery/poke-poke-sushi-unrolled-862-e-big-beaver-rd/jeBJ2ZmqSvScEA8euXJnQg,madison-heights-michigan
https://www.ubereats.com/detroit/food-delivery/hellenic-restaurant/CmgC_hDFTOm434Oyglpm7w,madison-heights-michigan
https://www.ubereats.com/detroit/food-delivery/ovenfresh/uq31NIjbThytKq5kp9kBeg,madison-heights-michigan
https://www.ubereats.com/detroit/food-delivery/lockharts-bbq-royal-oak/M2mezxUHSSmMz5UiiTKFWA,madison-heights-michigan
https://www.ubereats.com/detroit/food-delivery/bellacinos-pizza-%26-grinders/-aKmmqhyRz-VvKOWjZt22Q,madison-heights-michigan
https://www.ubereats.com/detroit/food-delivery/wendys-6333-w-8-mile-rd/_eqVDaicRSGGz77GcIBQLQ,madison-heights-michigan
https://www.ubereats.com/detroit/food-delivery/taco-bell-14000-livernois/T4_BUHH7TeqD7zSKJVrD6A,madison-heights-michigan
https://www.ubereats.com/detroit/food-delivery/applebees-1275-west-14-mile-road/62mzmc4tS-GhjWMKOURZgg,madison-heights-michigan
https://www.ubereats.com/detroit/food-delivery/fuji-japanese-buffet/NvlSSh6fTb2mEmnnQieq1A,madison-heights-michigan
https://www.ubereats.com/detroit/food-delivery/fantastic-subs/kmKKyS1JRkuSngGddeb49g,madison-heights-michigan
https://www.ubereats.com/detroit/food-delivery/subway-30775-john-r/zSBYHx4VQdiIrmuTKo7CFQ,madison-heights-michigan
https://www.ubereats.com/detroit/food-delivery/potbelly-sandwich-shop-troy-%7C-29/cYjHGo2xSrS5dxH7f3dj2A,madison-heights-michigan
https://www.ubereats.com/detroit/food-delivery/premium-sweets-and-cafe/9XHVHeJYThmiU_AMdes12A,madison-heights-michigan
https://www.ubereats.com/detroit/food-delivery/kerbys-koney-island-oakland-plaza/sX3Vv7EJRtG6-7L1RhVoMQ,madison-heights-michigan
https://www.ubereats.com/detroit/food-delivery/d%26d-cuisine-detroit/w62E28TqRUSQs192OayUqw,madison-heights-michigan
https://www.ubereats.com/detroit/food-delivery/la-feast-royal-oak/a0VCv0KkQHuGBICqwdszlg,madison-heights-michigan
https://www.ubereats.com/detroit/food-delivery/pops-for-italian/gKbyjHJ_QlKSl3BRHYMcqw,madison-heights-michigan
https://www.ubereats.com/detroit/food-delivery/taco-bell-15220-e-12-mile-rd/BmjVYbp-T1-h_oYL4XLCnw,madison-heights-michigan
https://www.ubereats.com/detroit/food-delivery/burger-king-1711-n-main-st/qJOE6-BDRnWD-UJ8uzev4Q,madison-heights-michigan
https://www.ubereats.com/detroit/food-delivery/detroit-city-coney-island/dkpIO2MWTN2u_V_N0G7yLw,madison-heights-michigan
https://www.ubereats.com/detroit/food-delivery/cupcake-station-ferndale/PP7_ClgLSeCV_u0ptnmd8g,madison-heights-michigan
https://www.ubereats.com/detroit/food-delivery/julian-brothers-bakery/nW15z3jCTuGTJXTm0RAYBg,madison-heights-michigan
https://www.ubereats.com/detroit/food-delivery/taco-bell-1611-east-12-mile-road/teXxu6TvSWuKukl4RtzoHA,madison-heights-michigan
https://www.ubereats.com/detroit/food-delivery/le-crepe/qa5Sc7MlQ7-7YWUKcdV1xQ,madison-heights-michigan
https://www.ubereats.com/detroit/food-delivery/royal-bengal-indian-cuisine-hoover-%26-carney/Nnjlsdv9SMex1NtURCZO9g,madison-heights-michigan
https://www.ubereats.com/detroit/food-delivery/edamame-sushi/LD8ipoxRSJ2xIyHMv9fUwA,madison-heights-michigan
https://www.ubereats.com/detroit/food-delivery/the-burger-movement/lehUFmXuTRCYaSYJI7BuhA,madison-heights-michigan
https://www.ubereats.com/detroit/food-delivery/2941-mediterranean-street-food-royal-oak/6OjolitJRQWpkKkVdI19Qg,madison-heights-michigan
https://www.ubereats.com/detroit/food-delivery/applebees-8025-12-mile-rd/Vo69Z-OTR4CqmChgQvYRpg,madison-heights-michigan
https://www.ubereats.com/detroit/food-delivery/remas/z9QM_KKnQ9uwviNL6hL6-w,madison-heights-michigan
https://www.ubereats.com/detroit/food-delivery/satay-house/1aQzOtdOTMGzXRtfqAKNgQ,madison-heights-michigan
https://www.ubereats.com/detroit/food-delivery/dunkin-2969-e-big-beaver-rd/HkA0dg8AQ0WOTZOHfbrAXg,madison-heights-michigan
https://www.ubereats.com/detroit/food-delivery/chuck-e-cheese-740-john-r-road/9uevhRqBRkGioLUXD-U6dw,madison-heights-michigan
https://www.ubereats.com/detroit/food-delivery/mcdonalds-9-mile-%26-john-r/ltQcRAwwRgCNm0BViNmAeQ,madison-heights-michigan
https://www.ubereats.com/detroit/food-delivery/wendys-31301-van-dyke-road/GYTiBJeaQhejAeltAGjnjg,madison-heights-michigan
https://www.ubereats.com/detroit/food-delivery/shawarma-grill-sterling-heights/55xCWkocT5GtCRdfbR_IOQ,madison-heights-michigan
https://www.ubereats.com/detroit/food-delivery/bangkok-station/X-DjCCpiQkaZrcTcFpHpuA,madison-heights-michigan
https://www.ubereats.com/detroit/food-delivery/subway-31690-mound-rd/CDSV-2y2RRu68ZHWGQw0IQ,madison-heights-michigan
https://www.ubereats.com/detroit/food-delivery/burger-king-2210-metropolitan-pkwy/9lITtlReTjSfHfYkZ2i0Ag,madison-heights-michigan
https://www.ubereats.com/detroit/food-delivery/the-ice-cream-shop/paNyOeNoRz-4qgt9uC8TYg,madison-heights-michigan
https://www.ubereats.com/detroit/food-delivery/starbucks-woodward-and-8-mile/exhtKdR5RZiX3yqgqHm6fQ,madison-heights-michigan
https://www.ubereats.com/detroit/food-delivery/checkers-23815-van-dyke-avenue/ifUppHawRSeyzZNrbTnyTQ,madison-heights-michigan
https://www.ubereats.com/detroit/food-delivery/pita-way-troy/TnizYuJ5TDWNl595kVluuw,madison-heights-michigan
https://www.ubereats.com/detroit/food-delivery/ermas-bring-me-a-plate/ZW-3H2zZSCKwTxZ-dNDCzA,madison-heights-michigan
https://www.ubereats.com/detroit/food-delivery/freshii-main-st/ToT8AqF-SXy9pLQ0uqYG5Q,madison-heights-michigan
https://www.ubereats.com/detroit/food-delivery/kfc-13785-thirteen-mile-road/GqSILa-9TWWhZzftkj0Nig,madison-heights-michigan
https://www.ubereats.com/detroit/food-delivery/sweet-%26-sweeter-bakery/_t29Z4eoRMKiVaUnvrjclA,madison-heights-michigan
https://www.ubereats.com/detroit/food-delivery/mcdonalds-john-r-%26-12-mile/GqyweMvfSGmkpnmGITMkKA,madison-heights-michigan
https://www.ubereats.com/detroit/food-delivery/five-guys-mi-0403-29387-mound-rd/wP1G7iZUR0C2RJXG7yG63A,madison-heights-michigan
https://www.ubereats.com/detroit/food-delivery/haagen-dazs-shop-2800-west-big-beaver-rd-stex-343/ednxT0lMTmyZU-VEoM9FBA,madison-heights-michigan
https://www.ubereats.com/detroit/food-delivery/wendys-13525-woodward-ave/ItjC2z-HQvySj9-DGQvADg,madison-heights-michigan
https://www.ubereats.com/detroit/food-delivery/burger-king-31456-woodward-ave/ZqO9xBIhSC-3lsuI9nsCKA,madison-heights-michigan
https://www.ubereats.com/detroit/food-delivery/kravings/3L5Jv7F_ScaTuLKk7UquOA,madison-heights-michigan
https://www.ubereats.com/detroit/food-delivery/edible-arrangements-1339-west-eight-mile-road/jzg9jAywS4CIm5fx5sX37A,madison-heights-michigan
https://www.ubereats.com/detroit/food-delivery/potbelly-sandwich-shop-12-mile-%26-mound-dt-%7C-400/W2n5m3izT6Sp6Fwcl3QqkA,madison-heights-michigan
https://www.ubereats.com/detroit/food-delivery/la-marsa-rochester-rd/oudXQcbTTr6cf8jCIkW3Qw,madison-heights-michigan
https://www.ubereats.com/detroit/food-delivery/capital-coney-island/ISpzhZSVT_CPUGXEr2dgRA,madison-heights-michigan
https://www.ubereats.com/detroit/food-delivery/troy-sushi-ya/FzOaBmR8TW-6XJ4sMsVlzQ,madison-heights-michigan
https://www.ubereats.com/detroit/food-delivery/taco-bell-32801-john-r-road/pXSF38rhQIC_uU1EBedGVw,madison-heights-michigan
https://www.ubereats.com/detroit/food-delivery/the-hideout/seif-w43QW635Ybfvd-gFA,madison-heights-michigan
https://www.ubereats.com/detroit/food-delivery/burger-king-2411-east-8-mile-road/e8YslBGPS8mAn6xpkhEisw,madison-heights-michigan
https://www.ubereats.com/detroit/food-delivery/olivers-pizza/0CJ6NsDYRgekc-73OIvJWw,madison-heights-michigan
https://www.ubereats.com/detroit/food-delivery/ammis-kitchen/ggb_MCG4QiShhLts_xJTfg,madison-heights-michigan
https://www.ubereats.com/detroit/food-delivery/mcdonalds-maple-%26-livernois/Ddz1gvJIRISa106lJMPk5Q,madison-heights-michigan
https://www.ubereats.com/detroit/food-delivery/papas-pizza-berkley/xG01DWIrQc20ujYjBRb4WA,madison-heights-michigan
https://www.ubereats.com/detroit/food-delivery/dunkin-25170-greenfield-rd/gyXOEPCaR1GYGXcEYmPduw,madison-heights-michigan
https://www.ubereats.com/detroit/food-delivery/buscemis/ozeVjkIHSguEzvS9PHM9Uw,madison-heights-michigan
https://www.ubereats.com/detroit/food-delivery/qdoba-mexican-grill-301-e-big-beaver-rd/VBrbCxRRTzC1s2P6pzvK0g,madison-heights-michigan
https://www.ubereats.com/detroit/food-delivery/second-base-pub-%26-grub/YybGkg1OTj-TJkqxSs2FZA,madison-heights-michigan
https://www.ubereats.com/detroit/food-delivery/burger-king-%234395-24840-ryan-road/sDrKpDhxStuf2AeJWTbipw,madison-heights-michigan
https://www.ubereats.com/detroit/food-delivery/willys-buffalo-wings/8DTgA1S4Re6A6-1MMlYgvQ,madison-heights-michigan
https://www.ubereats.com/detroit/food-delivery/sonic-45231-hayes-rd/qX2iEURITnO7PELhAmzSTA,madison-heights-michigan
https://www.ubereats.com/detroit/food-delivery/rck-soul-food/4ecNe_jMQHuObdgdZcnNSg,madison-heights-michigan
https://www.ubereats.com/detroit/food-delivery/wendys-22555-woodward-ave/-c6tbDIaRT6K3Wm3nZYl8g,madison-heights-michigan
https://www.ubereats.com/detroit/food-delivery/new-york-bagel-fernadale/IV-jb5POSbSdVoCJ2WGRAQ,madison-heights-michigan
https://www.ubereats.com/detroit/food-delivery/bar-louie-royal-oak/rjnRKAxtTu--_O19SLwBnA,madison-heights-michigan
https://www.ubereats.com/detroit/food-delivery/tai-fai-oak-park/00asf4wGRvepFl6FELPBNg,madison-heights-michigan
https://www.ubereats.com/detroit/food-delivery/chipotle-mexican-grill-32-e-14-mile-rd/trQI48dCQpSGxr7w210yAg,madison-heights-michigan
https://www.ubereats.com/detroit/food-delivery/subway-27100-dequindre-ave/AqkBnW3qQoSPg6e8BUmSFQ,madison-heights-michigan
https://www.ubereats.com/detroit/food-delivery/honeybaked-ham-29888-gratiot-ave/X4FtgCv4Q-WTKzoBeg1cbQ,madison-heights-michigan
https://www.ubereats.com/detroit/food-delivery/limelight-sports-bar-%26-grille-warren/ZmBMbF1PQiyiZi3xvuAAYw,madison-heights-michigan
https://www.ubereats.com/detroit/food-delivery/dunkin-3827-e-11-mile-rd/XAVMzM5YSSmt8_SOIRoOfw,madison-heights-michigan
https://www.ubereats.com/detroit/food-delivery/jersey-mikes-subs-12161-23-mile-road/qaLTK3dHQsG9BelGwtak8g,madison-heights-michigan
https://www.ubereats.com/detroit/food-delivery/del-taco-26111-hoover-rd/x154GZOwTzm6r6GS782yXw,madison-heights-michigan
https://www.ubereats.com/detroit/food-delivery/kfc-2600-e-8-mile-rd/f_I8OzOZSd-kkJ6Kks9oYQ,madison-heights-michigan
https://www.ubereats.com/detroit/food-delivery/nippon-sushi-bar/g_QktfR5RNaFbhok4hSEqw,madison-heights-michigan
https://www.ubereats.com/detroit/food-delivery/subway-4703-crooks-rd/1FWdJkaeR7O-tQ1787nbFQ,madison-heights-michigan
https://www.ubereats.com/detroit/food-delivery/taco-bell-1435-n-main-st/kYWqUWh2TL-Xy91wlGw-Xw,madison-heights-michigan
https://www.ubereats.com/detroit/food-delivery/mcdonalds-rochester-%26-big-beaver/TNcAlbrhRU-mHvX_Z23qDw,madison-heights-michigan
https://www.ubereats.com/detroit/food-delivery/wendys-6001-metro-parkway/MbqM52rZQOuJ-W49sy2jRA,madison-heights-michigan
https://www.ubereats.com/detroit/food-delivery/kuma-boba/u_Wt9NeuRkmuuQVW5Mq-RA,madison-heights-michigan
https://www.ubereats.com/detroit/food-delivery/zinos-pizzeria-%26-catering/POzBmlCFQUim_tLUc1Ve5g,madison-heights-michigan
https://www.ubereats.com/detroit/food-delivery/crazy-shawarma/JcrS-mRnRKOM7OHpV_rD_Q,madison-heights-michigan
https://www.ubereats.com/detroit/food-delivery/detroit-juice/dV63hb0XSmaP_2t69BrHTQ,madison-heights-michigan
https://www.ubereats.com/detroit/food-delivery/kfc-22001-coolidge-hwy/hdHOlPM-S2KLCCtMbdcclw,madison-heights-michigan
https://www.ubereats.com/detroit/food-delivery/comos/_Tp1T2kAReGT9azHBb0fyw,madison-heights-michigan
https://www.ubereats.com/detroit/food-delivery/pasquallys-pizza-%26-wings-740-john-r-road/w6KRZNEnTaSZgzh3b3W0aQ,madison-heights-michigan
https://www.ubereats.com/detroit/food-delivery/great-canadian-fish-chicken-%26-seafood/dhGyiO5RTJSsVZwHaO6IIg,madison-heights-michigan
https://www.ubereats.com/detroit/food-delivery/southern-comfort-and-more/XVqw1BZZQkO_jE-gQw0DpQ,madison-heights-michigan
https://www.ubereats.com/detroit/food-delivery/checkers-201-crooks-road/xQ1BuVayS_iE2W5uVN02vw,madison-heights-michigan
https://www.ubereats.com/detroit/food-delivery/vera-asian/1N6kMkptTdCAnw9O019X0w,madison-heights-michigan
https://www.ubereats.com/detroit/food-delivery/krispy-krunchy-chicken-4100-e-eight-mile/SvLEpi-QSHShlg6I5ByRjg,madison-heights-michigan
https://www.ubereats.com/detroit/food-delivery/hibachi-buffet/4HgTP5PaQQekVFLSxbq_AA,madison-heights-michigan
https://www.ubereats.com/detroit/food-delivery/goodfellas-lounge-ii/QyKFycx0RyCS0jkk7iQtCw,madison-heights-michigan
https://www.ubereats.com/detroit/food-delivery/the-ice-cream-shop/tJdIjJcSTQyqcbRIgPvyUg,madison-heights-michigan
https://www.ubereats.com/detroit/food-delivery/a%26w/sfGfpelUStiA8G0uqPDPUA,madison-heights-michigan
https://www.ubereats.com/detroit/food-delivery/country-oven/2K4jnrVzSHOG1X3UIclYng,madison-heights-michigan
https://www.ubereats.com/detroit/food-delivery/wok-%26-roll/w2Iidyx3QuqqvM3uAFkPBw,madison-heights-michigan
https://www.ubereats.com/detroit/food-delivery/chipotle-mexican-grill-26147-evergreen-rd/oRQ3gxGVQYCDl5W8dSOM_A,madison-heights-michigan
https://www.ubereats.com/detroit/food-delivery/subway-1307-e-11-mile-rd/SVNhcJZWR9aaAAkhSaS2jQ,madison-heights-michigan
https://www.ubereats.com/detroit/food-delivery/grill-and-curry/P8duW0YUQYSLvR2mF68lpw,madison-heights-michigan
https://www.ubereats.com/detroit/food-delivery/madison-heights-royal-grill/y8n3jB7VRDuKWq7XBk0kaw,madison-heights-michigan
https://www.ubereats.com/detroit/food-delivery/dickeys-barbecue-restaurants-inc-36669-van-dyke-ave/q_TwHF3ZQwWBgnwxnMLKbA,madison-heights-michigan
https://www.ubereats.com/detroit/food-delivery/detroit-wing-company/6B-hki1JQ3OWTh9oQ4l8Yw,madison-heights-michigan
https://www.ubereats.com/detroit/food-delivery/taco-bell-1221-e-9-mile-rd/Z7wRjPKMTjSChO1kj-LxOQ,madison-heights-michigan
https://www.ubereats.com/detroit/food-delivery/detroit-juicewarren/hF05stZ1QeSzv6kE001ukA,madison-heights-michigan
https://www.ubereats.com/detroit/food-delivery/panda-express-30766-woodward-ave/HsziZI6lTHCtpXa_twnHyg,madison-heights-michigan
https://www.ubereats.com/detroit/food-delivery/applebees-2111-eight-mile-rd/FS6vF5psSCGDt4MuNiRhig,madison-heights-michigan
https://www.ubereats.com/detroit/food-delivery/shake-shack-2800-w-big-beaver-rd/KGcuzPDVR1ax3td9SAZpDA,madison-heights-michigan
https://www.ubereats.com/detroit/food-delivery/mcdonalds-10-mile-%26-dequindre/Tplx2nR_Sq6BJAZhdtzOyQ,madison-heights-michigan
https://www.ubereats.com/detroit/food-delivery/detroit-bubble-tea/q7A7Cu8tQHO6lyKnWBuAeA,madison-heights-michigan
https://www.ubereats.com/detroit/food-delivery/falafel-king/D4C7op9vSO61VbHOy6kxew,madison-heights-michigan
https://www.ubereats.com/detroit/food-delivery/panera-268-john-r-road/_pNq28C8T8CQw4sBqKuA0Q,madison-heights-michigan
https://www.ubereats.com/detroit/food-delivery/nitas-kitchen-and-catering/IFmhiePZSJS4QemKuKjNOA,madison-heights-michigan
https://www.ubereats.com/detroit/food-delivery/romiras-city-grill/CxNlr9AUTweeQr2SNZBpCA,madison-heights-michigan
https://www.ubereats.com/detroit/food-delivery/pf-changs-17390-hall-rd-unit-r-103/14JCoyCNS7ia7DPK7__9sQ,madison-heights-michigan
https://www.ubereats.com/detroit/food-delivery/holy-cannolis-berkley/4Aq5f38hQQ2wKPkzzMgwzA,madison-heights-michigan
https://www.ubereats.com/detroit/food-delivery/youngs-chinese-carryout/N38URDUMSiu5p1cgbpgR8g,madison-heights-michigan
https://www.ubereats.com/detroit/food-delivery/chipotle-mexican-grill-35394-van-dyke-ave/Ak1X1pgvR3uWmgzFd8OLVw,madison-heights-michigan
https://www.ubereats.com/detroit/food-delivery/salsaritas-6892-rochester-rd/v4h-m5YMS5S29ROg8Fx7zg,madison-heights-michigan
https://www.ubereats.com/detroit/food-delivery/halo-fish-%26-chicken-market/DoslvYhGR5ic2D9dY4mGuQ,madison-heights-michigan
https://www.ubereats.com/detroit/food-delivery/jersey-mikes-subs-40-east-14-mile-road/RXa1jDF4RoWuUCzS1NB_rQ,madison-heights-michigan
https://www.ubereats.com/detroit/food-delivery/far-east-chinese-%26-thai/_2E_bpgDQqKUquVKhRH_Rg,madison-heights-michigan
https://www.ubereats.com/detroit/food-delivery/vivios-ii-food-%26-spirits/x_BNxB-XTDiDDuvBwwOxTw,madison-heights-michigan
https://www.ubereats.com/detroit/food-delivery/milan-pizzeria/dOzxQVLLRJalp-vzZ7frMg,madison-heights-michigan
https://www.ubereats.com/detroit/food-delivery/fuzion-platters/cwr-1BIDQHykpZaRx9J-SQ,madison-heights-michigan
https://www.ubereats.com/detroit/food-delivery/amar-pizza-hamtramck/0y7RxLCpR3OrBBAxJCby_Q,madison-heights-michigan
https://www.ubereats.com/detroit/food-delivery/the-ice-cream-shop/ZQUeGsO2QJylWt5WcC1Ugg,madison-heights-michigan
https://www.ubereats.com/detroit/food-delivery/perrys-pizza/67TCfvWORwuhLNCHcBazEg,madison-heights-michigan
https://www.ubereats.com/detroit/food-delivery/detroit-donuts/hWvAGdSURaKtL94wpcJHIg,madison-heights-michigan
https://www.ubereats.com/detroit/food-delivery/shawarma-bowl/HRLxjzKlRtuIU2gSJQ3_EA,madison-heights-michigan
https://www.ubereats.com/detroit/food-delivery/prime-10/lFiB-89DQQGWfCzOvSYVTA,madison-heights-michigan
https://www.ubereats.com/detroit/food-delivery/bob-evans-33-32701-concord-drive/05PqD9ueT_KL_8bM3krPCw,madison-heights-michigan
https://www.ubereats.com/detroit/food-delivery/checkers-31331-groesbeck-highway/9HALJNvVTn2ADAjoahnNsg,madison-heights-michigan
https://www.ubereats.com/detroit/food-delivery/shogun-van-dyke/WpDgYsgSReumDmRtPpFO1A,madison-heights-michigan
https://www.ubereats.com/detroit/food-delivery/arbys-36776-groesbeck-hwy/8PHAOd76QMqzfglp2mvvbg,madison-heights-michigan
https://www.ubereats.com/detroit/food-delivery/wendys-40950-ryan-road/7rIy99t8Rn6rXNVzHrwciA,madison-heights-michigan
https://www.ubereats.com/detroit/food-delivery/teriyaki-madness-15619-hall-rd/Wb7BqD-yRd2KVyKMu4DogA,madison-heights-michigan
https://www.ubereats.com/detroit/food-delivery/wendys-15101-east-12-mile-rd/CDPK_GCLRrC3GDHFPNjy5A,madison-heights-michigan
https://www.ubereats.com/detroit/food-delivery/kalahari-african-cuisine/xSRAhASZTPa9HEre-yEbUw,madison-heights-michigan
https://www.ubereats.com/detroit/food-delivery/condado-tacos-royal-oak/xjLvK5wDRtSIipmw3Lisvg,madison-heights-michigan
https://www.ubereats.com/detroit/food-delivery/jakova-grill/B9SDm7WzQ8O9oFUtfALquA,madison-heights-michigan
https://www.ubereats.com/detroit/food-delivery/sakura-halal-chinese/1bXXUxE8S_GDVVfjclufow,madison-heights-michigan
https://www.ubereats.com/detroit/food-delivery/arbys-44905-mound-rd/bl3P_5PMRUmqF1r4Iu9X-g,madison-heights-michigan
https://www.ubereats.com/detroit/food-delivery/first-watch-troy/ENtSgePvQketz8bjVxXRjg,madison-heights-michigan
https://www.ubereats.com/detroit/food-delivery/good-cakes-and-bakes/Nz2Z6blURtWaSIYhYbUdXQ,madison-heights-michigan
https://www.ubereats.com/detroit/food-delivery/warren-kabob/yAQ3vtqmTx6kboVgaIUaBQ,madison-heights-michigan
https://www.ubereats.com/detroit/food-delivery/rogers-roost/LGRffAHKRV-fyBw5yQdOyw,madison-heights-michigan
https://www.ubereats.com/detroit/food-delivery/priya-indian-cuisine/DpvcVKd4SKmJhCewSqXtFA,madison-heights-michigan
https://www.ubereats.com/detroit/food-delivery/las-cazuelas-grill-southfield/MLLTGCp1S2a07G46PdO0qA,madison-heights-michigan
https://www.ubereats.com/detroit/food-delivery/me-and-my-girls-soul-food/sidgwJBbRoGhFkIGtY6kRQ,madison-heights-michigan
https://www.ubereats.com/detroit/food-delivery/benihana-1985-w-big-beaver-road/ADP9oLm7SYOpHXR5x75T7w,madison-heights-michigan
https://www.ubereats.com/detroit/food-delivery/taco-bell-36300-van-dyke-ave/vU3DoxjSTFebkHm87ZKzsw,madison-heights-michigan
https://www.ubereats.com/detroit/food-delivery/lfg-royal-oak/WPAOZP6gSD6xZPwDoeSZgg,madison-heights-michigan
https://www.ubereats.com/detroit/food-delivery/holy-moly-donut-shop-7-mile-rd/wJbQSVLCTyO9rtOBL0mRTg,madison-heights-michigan
https://www.ubereats.com/detroit/food-delivery/pita-way-warren/CbJveih_RIq5_PcEF78SEQ,madison-heights-michigan
https://www.ubereats.com/detroit/food-delivery/froze-creamery/F4Ny5-SwRmCMjqLD_uJOEw,madison-heights-michigan
https://www.ubereats.com/detroit/food-delivery/cedar-grille/UnBvLpbpTTyVqkzyic7PQg,madison-heights-michigan
https://www.ubereats.com/detroit/food-delivery/tim-hortons-28877-schoenherr-rd/OKAGuu88QC2IChPClxV9pA,madison-heights-michigan
https://www.ubereats.com/detroit/food-delivery/boston-market-26021-hoover-road/eco7P3SBRqi341yA5eokWw,madison-heights-michigan
https://www.ubereats.com/detroit/food-delivery/checkers-4030-east-8-mile-road/zmFPoZwxTFC0AKMKsZBFag,madison-heights-michigan
https://www.ubereats.com/detroit/food-delivery/better-health-cafe-shelby-township-mi/7QMgrzBJTs2Ha4sOkrP5cg,madison-heights-michigan
https://www.ubereats.com/detroit/food-delivery/shawarma-%26-shake/M5fzaKAiQtSwzRuNG7TGwQ,madison-heights-michigan
https://www.ubereats.com/detroit/food-delivery/buffalo-wild-wings-29287-mound-road/-mAJY1kuTAi8NHbz5-r6Uw,madison-heights-michigan
https://www.ubereats.com/detroit/food-delivery/street-sweets/_ngVpU5iQH6XfKVDFDk8cQ,madison-heights-michigan
https://www.ubereats.com/detroit/food-delivery/halal-desi-pizza-%26-gyros/zzPVEYteRm--UQwiw1SuIA,madison-heights-michigan
https://www.ubereats.com/detroit/food-delivery/first-watch-30955-woodward-avenueste-405/N3NWGEgGTRaAj6jY_ogZLg,madison-heights-michigan
https://www.ubereats.com/detroit/food-delivery/california-pizza-kitchen-2800-w-big-beaver-road-space-n-126/gGObigo0T7qujfWgwK2CBg,madison-heights-michigan
https://www.ubereats.com/detroit/food-delivery/tropical-smoothie-cafe-clawson/ckhlxOpSTsiJtGHncDL7pg,madison-heights-michigan
https://www.ubereats.com/detroit/food-delivery/wendys-5833-east-eight-mile-rd/HqOQcIo7Sc6HLB_Lhr7B4Q,madison-heights-michigan
https://www.ubereats.com/detroit/food-delivery/kfc-14201-w-7-mile-rd/oHEhCbVXRk6wjC3Ic6oqBw,madison-heights-michigan
https://www.ubereats.com/detroit/food-delivery/tim-hortons-34918-van-dyke-ave/Q77fFca4QTqYJ5IgAnpr6g,madison-heights-michigan
https://www.ubereats.com/detroit/food-delivery/china-town/PmARLHYFQhSziIR6t8HteA,madison-heights-michigan
https://www.ubereats.com/detroit/food-delivery/tropical-smoothie-cafe-200-w-12-mile-road/V7lVvLUWTfeWyBXCWA44LQ,madison-heights-michigan
https://www.ubereats.com/detroit/food-delivery/starbucks-madison-hgts-12-mile-%26-dartmouth/a0mtwKOJS0-4md0mTF128w,madison-heights-michigan
https://www.ubereats.com/detroit/food-delivery/kfc-41501-garfield-rd/Rc3LaXH1QK-DXOuhMSenuQ,madison-heights-michigan
https://www.ubereats.com/detroit/food-delivery/dinos/O9gf_gIjTd6EXwgusRLQZg,madison-heights-michigan
https://www.ubereats.com/detroit/food-delivery/choco-mania-cafe/8QA9sxLcQUiGm9mLFGng7Q,madison-heights-michigan
https://www.ubereats.com/detroit/food-delivery/kfc-1555-e-12-mile-rd/vvaDDYtZRNGL3VQnttm7-w,madison-heights-michigan
https://www.ubereats.com/detroit/food-delivery/wendys-32500-john-r-road/Z2RF9pqaR8G9JwybeJxuZA,madison-heights-michigan
https://www.ubereats.com/detroit/food-delivery/rams-horn/QpuqsaSQQLqiRN4uirvJug,madison-heights-michigan
https://www.ubereats.com/detroit/food-delivery/parthenon/7YQ30d86THS14bnRw3o6Tw,madison-heights-michigan
https://www.ubereats.com/detroit/food-delivery/detroit-bbq/xjzTJNm3Q5uTE_6Ia5CkOA,madison-heights-michigan
https://www.ubereats.com/detroit/food-delivery/7-greens-hamilton-row/H6HgcEkVQwOc68_lEaq2Fg,madison-heights-michigan
https://www.ubereats.com/detroit/food-delivery/2941-mediterranean-street-food-rochester/UJS6MfzeSM-BVROhoGm4Cg,madison-heights-michigan
https://www.ubereats.com/detroit/food-delivery/kozy-lounge/VEuC47LrQOq2TJbMbM7QIw,madison-heights-michigan
https://www.ubereats.com/detroit/food-delivery/southfield-pancake-house/tPxg5-u2QZ6PVPJieAYJUw,madison-heights-michigan
https://www.ubereats.com/detroit/food-delivery/pinkys-rooftop/TdYSbihUQrS8MGOoYUHmrw,madison-heights-michigan
https://www.ubereats.com/detroit/food-delivery/modhuban-sweets-%26-cafe/uGpwRpYCR0m85pDH2t1I_w,madison-heights-michigan
https://www.ubereats.com/detroit/food-delivery/mcvees-pub-and-grub-troy/8bN1ytoVQCyNEPsXd2hQHA,madison-heights-michigan
https://www.ubereats.com/detroit/food-delivery/lebon-sweets-metro/PXbsgS4BSl-Ql7X8SFZHlA,madison-heights-michigan
