url,city
https://www.ubereats.com/washington-dc/food-delivery/uno-pizzeria-%26-grill-10701-bulloch-drive/e7mU2TMdRzi_rDxiENBW_A,manassas-virginia
https://www.ubereats.com/washington-dc/food-delivery/cava-h-3-promenade-street/Xjmf4fm6QwKYEUjuSRJvfw,manassas-virginia
https://www.ubereats.com/washington-dc/food-delivery/taco-bell-8891-centreville-road/5ArWBldTS_mk6ipCQouRvw,manassas-virginia
https://www.ubereats.com/washington-dc/food-delivery/dunkin-12713-braemar-village-plz/ri8s1RyqRIaNBk_RitKM8A,manassas-virginia
https://www.ubereats.com/washington-dc/food-delivery/2-silos-brewing-co/1pndUZcATWywz_rkR4F4tQ,manassas-virginia
https://www.ubereats.com/washington-dc/food-delivery/thai-taste/OH9rBJXvRD2GmHNiRf6ygA,manassas-virginia
https://www.ubereats.com/washington-dc/food-delivery/starbucks-centrewood/COUqp6E6QEmWP-DNpCqRuw,manassas-virginia
https://www.ubereats.com/washington-dc/food-delivery/pho-le/10Mh_T1fTJuGMy15Vbq8Xw,manassas-virginia
https://www.ubereats.com/washington-dc/food-delivery/duk-wo/8YkjQ_PHQI-lA_a2od0XDw,manassas-virginia
https://www.ubereats.com/washington-dc/food-delivery/jersey-mikes-subs-5005-westone-plaza-blvd/YSacsIKNTOSJxwWR5uVXUQ,manassas-virginia
https://www.ubereats.com/washington-dc/food-delivery/yeo-leo-bun-sig/cfArNWuoTza0nsARNJmK6g,manassas-virginia
https://www.ubereats.com/washington-dc/food-delivery/tango-mango-juice-bar/ZT2FaY9cTXCAubCIaq9FjA,manassas-virginia
https://www.ubereats.com/washington-dc/food-delivery/cheogajib-chicken/xEmbY82rS22Czt-k5wW7OA,manassas-virginia
https://www.ubereats.com/washington-dc/food-delivery/china-express/xKnYfApIT1KzL4e93Dz2FQ,manassas-virginia
https://www.ubereats.com/washington-dc/food-delivery/the-black-sheep-kitchen-%26-bar/-7-EiccZTvGHFg8eeWLvxg,manassas-virginia
https://www.ubereats.com/washington-dc/food-delivery/checkers-7550-broken-branch-lane/a359Gn9GQ-2PBmIif6epfQ,manassas-virginia
https://www.ubereats.com/washington-dc/food-delivery/tuscani-italian-grill/hzwN2nY5RRSqYrOo0duZyw,manassas-virginia
https://www.ubereats.com/washington-dc/food-delivery/mcdonalds-8203-sudley-rd/7b7gzWusSrWzQRsR_Lk_OQ,manassas-virginia
https://www.ubereats.com/washington-dc/food-delivery/manhattan-pizza-centreville/2gv89K_DQZulpioAYY91ww,manassas-virginia
https://www.ubereats.com/washington-dc/food-delivery/krispy-kreme-9870-liberia-ave/iNqhcPsMRYyhH4yKA4-FSQ,manassas-virginia
https://www.ubereats.com/washington-dc/food-delivery/pizza-bolis-8800-commerce-ct/0CDQ66GUQgqnPg4XOFItrg,manassas-virginia
https://www.ubereats.com/washington-dc/food-delivery/arbys-9874-liberia-ave/YEO9bTFlRo2oiU7VgTQxiw,manassas-virginia
https://www.ubereats.com/washington-dc/food-delivery/bella-vita-italian-restaurant/aoIXHr8NQkGV-wDdPPipiA,manassas-virginia
https://www.ubereats.com/washington-dc/food-delivery/arbys-10831-promenade-lane/NQ3P88KPS5aNUR5IF_8nHQ,manassas-virginia
https://www.ubereats.com/washington-dc/food-delivery/southern-soul-food/03bhvPzvQ9COy_rGD7pzjw,manassas-virginia
https://www.ubereats.com/washington-dc/food-delivery/tummy-yumyum-gourmet-candy-apples/ZdNFc4fzSkOn2AeMt_Uovw,manassas-virginia
https://www.ubereats.com/washington-dc/food-delivery/cold-stone-8113-sudley-rd/IfoRLpsJRPWFUqW5VryEdA,manassas-virginia
https://www.ubereats.com/washington-dc/food-delivery/dunkin-8525-rolling-rd/wsZ69bHDQuGQklScjxtJsA,manassas-virginia
https://www.ubereats.com/washington-dc/food-delivery/blue-iguana/bJnuIdvhSImxV8nqF2gl3A,manassas-virginia
https://www.ubereats.com/washington-dc/food-delivery/bob-evans-259-10830-promenade-lane/XgAwDDoZSzaahED7YJGruA,manassas-virginia
https://www.ubereats.com/washington-dc/food-delivery/fo-japanese-bistro/hcF4aD_wQu-brUPXL1po_g,manassas-virginia
https://www.ubereats.com/washington-dc/food-delivery/la-michoacana/pJc7o21TTh63rG1z3bYDeg,manassas-virginia
https://www.ubereats.com/washington-dc/food-delivery/sweetfrog-11648-sudley-manor-dr/BV27g3spRNC2KlLwy079KQ,manassas-virginia
https://www.ubereats.com/washington-dc/food-delivery/logans-roadhouse-346-7731-donegan-drive/ja0FqtdZR_ek10aT7r-uBg,manassas-virginia
https://www.ubereats.com/washington-dc/food-delivery/captain-ds-8911-centerville-road/R-F_qEFtSZO7AwhGr2iPQw,manassas-virginia
https://www.ubereats.com/washington-dc/food-delivery/primo-pizzaria/v7OqYjPOTkC7gcNdJCWuAQ,manassas-virginia
https://www.ubereats.com/washington-dc/food-delivery/el-tio-tex-mex-grill-gainesville/FAeUWS0fRWqKIUsTcukQcg,manassas-virginia
https://www.ubereats.com/washington-dc/food-delivery/new-china-chinese-restaurant/fIjurfi8RlCXtXmSyE4ypA,manassas-virginia
https://www.ubereats.com/washington-dc/food-delivery/cactus-grill/lBM1LD8URcSbhQVH4ATH1Q,manassas-virginia
https://www.ubereats.com/washington-dc/food-delivery/cracker-barrel-old-country-store-10801-battleview-parkway/Zt1jic-CQAe1NOIQdqkpyw,manassas-virginia
https://www.ubereats.com/washington-dc/food-delivery/grounds-central-station/4UtfBPBqTdy_7Y52KmzMGA,manassas-virginia
https://www.ubereats.com/washington-dc/food-delivery/iconik-lounge-%26-grill-manassas/uA5nveL1RMSiAVWkCAFquw,manassas-virginia
https://www.ubereats.com/washington-dc/food-delivery/ihop-12901-galveston-court/W8g41tA9Su6H-OLpY7ojWg,manassas-virginia
https://www.ubereats.com/washington-dc/food-delivery/the-good-rice-bowls/1awTjzeSTFCYDvIoigsNyQ,manassas-virginia
https://www.ubereats.com/washington-dc/food-delivery/red-lobster-7505-broken-branch-lane/xIHluexFTAKlLFalzNK5-Q,manassas-virginia
https://www.ubereats.com/washington-dc/food-delivery/dennys-8201-sudley-rd/m2edThYXQquEq7KKKCtA1A,manassas-virginia
https://www.ubereats.com/washington-dc/food-delivery/taco-baja-of-manassas/-gEmIyZtTEqse4m6Z092vQ,manassas-virginia
https://www.ubereats.com/washington-dc/food-delivery/brittanys-restaurant-%26-sports-bar/-cXKNP-9Tt2pko0c2y_2OQ,manassas-virginia
https://www.ubereats.com/washington-dc/food-delivery/als-buffalo-wings/_w49Qu4HQZS3MZH0ClrMnA,manassas-virginia
https://www.ubereats.com/washington-dc/food-delivery/saravana-palace/SMrclQBxQp-lKO8Gaux55Q,manassas-virginia
https://www.ubereats.com/washington-dc/food-delivery/papa-johns-10380-portsmouth-rd/qd9cKH6nRGicycjWYPq5yA,manassas-virginia
https://www.ubereats.com/washington-dc/food-delivery/buffalo-wild-wings-5143-wellington-rd/zah3gdZwSUGsd7zN2qcSwg,manassas-virginia
https://www.ubereats.com/washington-dc/food-delivery/wawa-8637-11111-nokesville-rd/1yd44oZJRASxbe9I_l-Cfg,manassas-virginia
https://www.ubereats.com/washington-dc/food-delivery/rangoli/fPV5PLK0QNO8HiaEjgWHMw,manassas-virginia
https://www.ubereats.com/washington-dc/food-delivery/brothers-pizza/1VmYtoo5ROKmR9u5WZavww,manassas-virginia
https://www.ubereats.com/washington-dc/food-delivery/velocity-wings-manassas/WwiYb4vzSami9uSgk6NhGQ,manassas-virginia
https://www.ubereats.com/washington-dc/food-delivery/burger-king-9895-pennsylvania-avenue/dXeTYSHeTx2yBbwNIpZWlw,manassas-virginia
https://www.ubereats.com/washington-dc/food-delivery/tropical-smoothie-cafe-9890-liberia-ave/twq7zAUBR76DxLXNh7j4fg,manassas-virginia
https://www.ubereats.com/washington-dc/food-delivery/kabob-g-grill-kabob-factory/DfRdDUaVTtuQ5FXAEwHPzg,manassas-virginia
https://www.ubereats.com/washington-dc/food-delivery/buffalo-wild-wings-10061-market-cir/uOPv7euYRPejkwzXbrJFTg,manassas-virginia
https://www.ubereats.com/washington-dc/food-delivery/jerrys-subs-%26-pizza-10924-bulloch/8x-nkJN6QPy6XIIMdf5YFw,manassas-virginia
https://www.ubereats.com/washington-dc/food-delivery/empire-restaurant-%E7%9A%87%E4%B8%8A%E7%9A%87/9Wu5mJW3R_q9DKQ5IT-y5w,manassas-virginia
https://www.ubereats.com/washington-dc/food-delivery/tropical-smoothie-cafe-12528-dillingham-square-suite-16/b7qhGJ17T9Ckh4GU33smQw,manassas-virginia
https://www.ubereats.com/washington-dc/food-delivery/firehouse-subs-8097-sudley-rd/TvGWwKJMSzmrVsw-ArHgXA,manassas-virginia
https://www.ubereats.com/washington-dc/food-delivery/chuck-e-cheese-7730-streamwalk-lane/q5_xU0dUSvOQU4UqccN9ww,manassas-virginia
https://www.ubereats.com/washington-dc/food-delivery/hooties-burger-bar-manassas/hxjkms3YTzmqNEegscH7EQ,manassas-virginia
https://www.ubereats.com/washington-dc/food-delivery/taco-bell-7620-linton-hall-rd/G6hy8L-bQ8Oqa_Y0lV6S2Q,manassas-virginia
https://www.ubereats.com/washington-dc/food-delivery/evergreen/e-m0hL3eRxy-seKjrrfL7A,manassas-virginia
https://www.ubereats.com/washington-dc/food-delivery/nandos-peri-peri-14030-promenade-commons/cPwdhLAeR9K_veCIo4ZG2Q,manassas-virginia
https://www.ubereats.com/washington-dc/food-delivery/the-shakin-crab/x6TBk-HLTZSAvdlOpsKcew,manassas-virginia
https://www.ubereats.com/washington-dc/food-delivery/city-tavern/VU2DTLJZSyekKho5aRw6Bw,manassas-virginia
https://www.ubereats.com/washington-dc/food-delivery/siam-classic/J1ruyMZ9SJ2EiotUJ2mlKw,manassas-virginia
https://www.ubereats.com/washington-dc/food-delivery/maaza-29/mOWE4XpNS9erCt-KVeXT8w,manassas-virginia
https://www.ubereats.com/washington-dc/food-delivery/campbells-frozen-custard/9nuwvs2IQ2KgBV_RLBMyfA,manassas-virginia
https://www.ubereats.com/washington-dc/food-delivery/moes-southwest-grill-8148-stonewall-shops-square/HjxvgArBQ46nLlUjwv_uBQ,manassas-virginia
https://www.ubereats.com/washington-dc/food-delivery/cinnabon-8300-sudley-road/g3TZpQMWTX2eiYA5rpvFeQ,manassas-virginia
https://www.ubereats.com/washington-dc/food-delivery/wendys-14106-westview-drive/05zlWIXxTQ6Z22J_3YpUCQ,manassas-virginia
https://www.ubereats.com/washington-dc/food-delivery/sakura-japanese-steakhouse-fairfax/r2Ps5aI3SxqIfvLSyZIu4w,manassas-virginia
https://www.ubereats.com/washington-dc/food-delivery/papa-johns-10097-market-circle-drive-%232/HhqS48h9S_eB4Lf1zKTPrw,manassas-virginia
https://www.ubereats.com/washington-dc/food-delivery/chipotle-mexican-grill-4269-merchant-plz/Cpj8YJSqQi-RDpsS2rT9og,manassas-virginia
https://www.ubereats.com/washington-dc/food-delivery/firehouse-subs-14245-l-centreville-sq/0OFKkct8QgCdnaSMriWC6Q,manassas-virginia
https://www.ubereats.com/washington-dc/food-delivery/china-wok/ZNxZlQorR9G5n-VToInjmA,manassas-virginia
https://www.ubereats.com/washington-dc/food-delivery/subway-8914-centreville-rd/-73EHHkZT-eFNobbjrMn6Q,manassas-virginia
https://www.ubereats.com/washington-dc/food-delivery/chick-fil-a-9506-liberia-ave/x5BSyE7hSjKMUyzORoeqeA,manassas-virginia
https://www.ubereats.com/washington-dc/food-delivery/district-bbq-bristow/rRoz6Ge9Qvi7AkorgbLldA,manassas-virginia
https://www.ubereats.com/washington-dc/food-delivery/china-palace-ii/O2dHEUDfTNWyA130_GWBTw,manassas-virginia
https://www.ubereats.com/washington-dc/food-delivery/snack-mart-la-tiendita/ZDzL_juZQvG3V1fWlGyl4A,manassas-virginia
https://www.ubereats.com/washington-dc/food-delivery/chick-fil-a-9939-sowder-village-sq/BukiNh_UTbu5aa_HPVnKQA,manassas-virginia
https://www.ubereats.com/washington-dc/food-delivery/bombay-bites/6u995ffETR6-FdrgWMj6GQ,manassas-virginia
https://www.ubereats.com/washington-dc/food-delivery/moes-southwest-grill-795/ys7L_g2iSGeR5MEs17vbTw,manassas-virginia
https://www.ubereats.com/washington-dc/food-delivery/gusto-farm-to-street-chantilly/L3HD6I8UQ7Wz_CyBaHl2bg,manassas-virginia
https://www.ubereats.com/washington-dc/food-delivery/noodles-%26-company-9646-liberia-ave/e9YCoky_QKGRZ3AKmJ9L9w,manassas-virginia
https://www.ubereats.com/washington-dc/food-delivery/potbelly-sandwich-shop-manassas-%7C-83/n2mMo9cDQvu6jNyHpRx7tA,manassas-virginia
https://www.ubereats.com/washington-dc/food-delivery/burger-king-10034-dumfries-road/kQBRVhg5RoilOL7U-OVRZw,manassas-virginia
https://www.ubereats.com/washington-dc/food-delivery/pizza-time/hmjMx5M6TUCf4CDFpLo00w,manassas-virginia
https://www.ubereats.com/washington-dc/food-delivery/pepper-club-fine-indian-cuisine/GtBbbyM2SPaEfmNnUnsouA,manassas-virginia
https://www.ubereats.com/washington-dc/food-delivery/wendys-8010-sudley-road/cjhZsBA-QfG2VerJZQcJZg,manassas-virginia
https://www.ubereats.com/washington-dc/food-delivery/americas-best-wings/vgTZanWFRdysRrcLrKDB7g,manassas-virginia
https://www.ubereats.com/washington-dc/food-delivery/so-korean-bbq/RIcq2PVvTB6bJQ_PdioCyQ,manassas-virginia
https://www.ubereats.com/washington-dc/food-delivery/veras-kitchen/lcYwXiyCQQaNIeprqBPorw,manassas-virginia
https://www.ubereats.com/washington-dc/food-delivery/lilbowl-thai-and-japanese-cuisine/3F4LelgJSgGuTyYlhiMJFw,manassas-virginia
https://www.ubereats.com/washington-dc/food-delivery/panda-cafe/vVevEXhpS7eAagnRTMfHkA,manassas-virginia
https://www.ubereats.com/washington-dc/food-delivery/pizza-ny-margherita/ofrWAWykS_a0WLMb6TRZhg,manassas-virginia
https://www.ubereats.com/washington-dc/food-delivery/petra-grill/-tC3o9vbTBqxXVN1M4jeig,manassas-virginia
https://www.ubereats.com/washington-dc/food-delivery/el-rancho-taqueria-%26-bar/zA0WLxqaSvG59bOdJl9lkg,manassas-virginia
https://www.ubereats.com/washington-dc/food-delivery/wendys-8989-centreville-rd/g__5WdvrQI62BP4Emr43YQ,manassas-virginia
https://www.ubereats.com/washington-dc/food-delivery/gainesville-diner/w1DptqlPSbuucE2V_zqElQ,manassas-virginia
https://www.ubereats.com/washington-dc/food-delivery/subway-5828-mapledale-plz/svP8VCL8QF6MoIXZ5Q_rcQ,manassas-virginia
https://www.ubereats.com/washington-dc/food-delivery/yong-gung/3Qg89lccSgO9PUIT5iEN1g,manassas-virginia
https://www.ubereats.com/washington-dc/food-delivery/mod-pizza-gainesville/VNuiNKXEQK6AS4khK9XKqQ,manassas-virginia
https://www.ubereats.com/washington-dc/food-delivery/burger-king-8889-centerville-road/FbyrweWQRR6mrhStJ93HHw,manassas-virginia
https://www.ubereats.com/washington-dc/food-delivery/bar-louie-gainesville/umQC_uITQPS5ZJShR22rSw,manassas-virginia
https://www.ubereats.com/washington-dc/food-delivery/the-ice-cream-shop/kyiUm58PR8upe4n7tiHZ_Q,manassas-virginia
https://www.ubereats.com/washington-dc/food-delivery/wendys-9680-liberia-avenue/1nqsca0nSnia-dDWm717JA,manassas-virginia
https://www.ubereats.com/washington-dc/food-delivery/silk-thai-restaurant-manassas/1ALzqX38SXCkaXjjeJMWyA,manassas-virginia
https://www.ubereats.com/washington-dc/food-delivery/sweetwater-tavern-centreville/4jPk-ZItSm62FOUzOIMzIQ,manassas-virginia
https://www.ubereats.com/washington-dc/food-delivery/out-of-the-blue-crabs-%26-seafood/J12RL-A8SEyXX-ebJDIAtA,manassas-virginia
https://www.ubereats.com/washington-dc/food-delivery/starbucks-manassas-junction/SU0st6HJTH6WG2tzppTQRw,manassas-virginia
https://www.ubereats.com/washington-dc/food-delivery/charleys-philly-steaks-manassas-mall/GQyf8oUtRQq1MS51JJW4aQ,manassas-virginia
https://www.ubereats.com/washington-dc/food-delivery/mariachis-tequileria-%26-restaurant/I2nWDs85SfSH8qx7fJ_zog,manassas-virginia
https://www.ubereats.com/washington-dc/food-delivery/fifty-west-cafe/8VlS0AijTYehyk8diVGCjQ,manassas-virginia
https://www.ubereats.com/washington-dc/food-delivery/the-ice-cream-shop/10HWq8shQv6yYFkbGJcnFw,manassas-virginia
https://www.ubereats.com/washington-dc/food-delivery/addys-bar-and-grill/A_iQJxHWQUWUUNFH3iFsQA,manassas-virginia
https://www.ubereats.com/washington-dc/food-delivery/701-bonefish-grill-6315-multiplex-dr/76RybwrVR7m8A3rlY40aMg,manassas-virginia
https://www.ubereats.com/washington-dc/food-delivery/chipotle-mexican-grill-6317-multiplex-dr-ste-a/HA9oLAFARPOtB4gNO2rWxg,manassas-virginia
https://www.ubereats.com/washington-dc/food-delivery/mum-mum-restaurant/TMp9wLOGTAKVh44yh1cmXA,manassas-virginia
https://www.ubereats.com/washington-dc/food-delivery/the-spice-route/Zcg09iICQt66YyfvBkXkOA,manassas-virginia
https://www.ubereats.com/washington-dc/food-delivery/pho-char-grill/Qn_rCuaQTEK9CVJR4x2N-g,manassas-virginia
https://www.ubereats.com/washington-dc/food-delivery/bella-vita-italian-restaurant/oGbXPjvhR_ayzeO2VFm6YA,manassas-virginia
https://www.ubereats.com/washington-dc/food-delivery/preet-palace/RfyO4T0SQaeZFj2Tvimo5Q,manassas-virginia
https://www.ubereats.com/washington-dc/food-delivery/eggspectation-chantilly/T9NcdhWEQuSobDo7567m4A,manassas-virginia
https://www.ubereats.com/washington-dc/food-delivery/ocha-thai-kitchen-%26-cafe/kkfUP_7KSLWS9Ipoj3mjdA,manassas-virginia
https://www.ubereats.com/washington-dc/food-delivery/burgerim-11760-sudley-manor-dr/o1QzQdpiTaGvnOLdV7lQ4g,manassas-virginia
https://www.ubereats.com/washington-dc/food-delivery/krispy-krunchy-chicken-10155-hastings-dr/caKmCcO4SF-c4LnJ3tZorw,manassas-virginia
https://www.ubereats.com/washington-dc/food-delivery/mamas-pollo/qV0LDG-KTxaUXu9UZy5XTw,manassas-virginia
https://www.ubereats.com/washington-dc/food-delivery/taco-bell-4248-dale-blvd/KrXDq7A5QfKTKT-otWHVLw,manassas-virginia
https://www.ubereats.com/washington-dc/food-delivery/sampan/K1eqElLsTBitLvDpVuF--w,manassas-virginia
https://www.ubereats.com/washington-dc/food-delivery/dunkin-8985-centreville-rd/n6y2jtVBSc2Mx2hwosxXdg,manassas-virginia
https://www.ubereats.com/washington-dc/food-delivery/tonys-ny-pizza/ZcIvnWCDQIO7tWxMsXBlHA,manassas-virginia
https://www.ubereats.com/washington-dc/food-delivery/rikkos-peruvian-chicken/VC2KZIR9TBmOYLHuXtiLfw,manassas-virginia
https://www.ubereats.com/washington-dc/food-delivery/california-tortilla-11694-sudley-manor-dr/mxKpqM6kSlG8O0KRttbdeg,manassas-virginia
https://www.ubereats.com/washington-dc/food-delivery/mcdonalds-9900-pennsylvania-ave/LPGWZMQoR1mypymyoizHSA,manassas-virginia
https://www.ubereats.com/washington-dc/food-delivery/mcdonalds-10730-balls-ford-rd/Bxb__M04SeyWl5Y0uM-b8Q,manassas-virginia
https://www.ubereats.com/washington-dc/food-delivery/malaysian-kopitiam/Ic20ES0LSCiIWvM6wAhvkA,manassas-virginia
https://www.ubereats.com/washington-dc/food-delivery/chipotle-mexican-grill-9511-liberia-ave/Y7GzFV3PR66FWx1jHfkjcg,manassas-virginia
https://www.ubereats.com/washington-dc/food-delivery/kfc-taco-bell-10036-dumfries-rd/FOYuIRJHSGK47TDXoZunwA,manassas-virginia
https://www.ubereats.com/washington-dc/food-delivery/bbq-chicken-and-beer-centreville-va/YD0AuOVMTMqZcmW2bj3FLA,manassas-virginia
https://www.ubereats.com/washington-dc/food-delivery/five-guys-va-4002-8366-sudley-rd/24BQMfyOQD6v1NoTfhaU9A,manassas-virginia
https://www.ubereats.com/washington-dc/food-delivery/yobe-frozen-treats-gainesville/mXnN6v_WTLiubNmGc44tqQ,manassas-virginia
https://www.ubereats.com/washington-dc/food-delivery/los-toltecos-of-lake-ridgeinc/YxjwoGzKSJOuJ1i86SAGJg,manassas-virginia
https://www.ubereats.com/washington-dc/food-delivery/ihop-8785-centreville-rd/g106kEWyR72MEhbs3p8RyA,manassas-virginia
https://www.ubereats.com/washington-dc/food-delivery/smashburger-14082-promenade-commons-st/XfnBe34xSQ6ynXAVZoXOSg,manassas-virginia
https://www.ubereats.com/washington-dc/food-delivery/vocelli-8671-sudley-road/_x0dzVtFSkCNDMyeVsXSaw,manassas-virginia
https://www.ubereats.com/washington-dc/food-delivery/yorkshire-restaurant-manassas/tS28HCUoSOu9a3QkcGlEkA,manassas-virginia
https://www.ubereats.com/washington-dc/food-delivery/mcdonalds-9001-centerville-rd/qG7IXiv0QNiliLWRiAn3LQ,manassas-virginia
https://www.ubereats.com/washington-dc/food-delivery/grill-kabob-manassas-mall/HMScueFBSxOuSRY7fhwAmQ,manassas-virginia
https://www.ubereats.com/washington-dc/food-delivery/starbucks-hoadly-village/MCGK9JYlQlCmn9Cdd5I1ZA,manassas-virginia
https://www.ubereats.com/washington-dc/food-delivery/shilla-patisserie-cafe/fL8NOUxvTbK_NcFIlTREGQ,manassas-virginia
https://www.ubereats.com/washington-dc/food-delivery/red-robin-584-9945-sowder-village-square/rRxvUgNdQ-uSBkPnLJAu8A,manassas-virginia
https://www.ubereats.com/washington-dc/food-delivery/jukebox-diner/NOftVc-cR-eH-sw8sqBvzA,manassas-virginia
https://www.ubereats.com/washington-dc/food-delivery/chipotle-mexican-grill-7311-sudley-rd/y0YeDbr6RDmxnSPpJ3_fAw,manassas-virginia
https://www.ubereats.com/washington-dc/food-delivery/starbucks-manassas-crossroads/ZOqeezAcS4WyCaBPlm0ZgA,manassas-virginia
https://www.ubereats.com/washington-dc/food-delivery/chasin-tails-centreville/RUkwVh0_SMeWB33Q8ZK9mg,manassas-virginia
https://www.ubereats.com/washington-dc/food-delivery/starbucks-liberia-ave/T7rovytvQqmVgYNWTvhArA,manassas-virginia
https://www.ubereats.com/washington-dc/food-delivery/blue-iguana-to-go/6SScVhtMQfimgQrLhvva-g,manassas-virginia
https://www.ubereats.com/washington-dc/food-delivery/wendys-10700-bulloch-drive/ppuO_ShiRV-vjLz0HDGt4w,manassas-virginia
https://www.ubereats.com/washington-dc/food-delivery/tokyo-grill/ZaLQhZQgRe-L-5mIhxU4eA,manassas-virginia
https://www.ubereats.com/washington-dc/food-delivery/curry-house/7GVilp3ER22ZWD8JXmC5SA,manassas-virginia
https://www.ubereats.com/washington-dc/food-delivery/panda-express-10689-sudley-manor-drive/mZfIJa53TXawa3RPxSwHZQ,manassas-virginia
https://www.ubereats.com/washington-dc/food-delivery/choong-man-chicken/JC8IPiL0SAGowKyRzGpEig,manassas-virginia
https://www.ubereats.com/washington-dc/food-delivery/dunkin-14631-lee-hwy/VzHF6ywZSRCs7YpsEPbLZw,manassas-virginia
https://www.ubereats.com/washington-dc/food-delivery/wawa-651-14461-lee-hwy/5cJlm4N2R3ibhPKuUp2BkQ,manassas-virginia
https://www.ubereats.com/washington-dc/food-delivery/danji-korean-restaurant/LaMtpKbjSqCNmPmrxLmpeA,manassas-virginia
https://www.ubereats.com/washington-dc/food-delivery/ceiba-pupuseria-%26-bar/u9yvymO_QFi3mjV_SOsUNA,manassas-virginia
https://www.ubereats.com/washington-dc/food-delivery/elite-food-zone/8c69Vq-yQVCZg-iOpJbS9Q,manassas-virginia
https://www.ubereats.com/washington-dc/food-delivery/vit-goel-tofu/K3eLV4XLSpa4TeR-JAhZyw,manassas-virginia
https://www.ubereats.com/washington-dc/food-delivery/dunkin-7421-sudley-rd/WL4xljDEQsqOJJ-OmmSvSA,manassas-virginia
https://www.ubereats.com/washington-dc/food-delivery/sweetfrog-10077-market-circle/PmVLf1o5TrevXmSTvd6PjQ,manassas-virginia
https://www.ubereats.com/washington-dc/food-delivery/outback-steakhouse-5702-union-mill-road/D0c7DPJfSyimwyjy51Famw,manassas-virginia
https://www.ubereats.com/washington-dc/food-delivery/jimbos-grill/e-mBxVFUShah8eTuwTFI9g,manassas-virginia
https://www.ubereats.com/washington-dc/food-delivery/wawa-8644-9471-liberia-ave/iAWmH_AERaenMi33kn-Z7g,manassas-virginia
https://www.ubereats.com/washington-dc/food-delivery/ruby-tuesday-12721-marblestone-drive/ifrR7y-rSH-92ltfVra7Gw,manassas-virginia
https://www.ubereats.com/washington-dc/food-delivery/uncle-julios-gainesville/rdp73N3iRmueci9Y4OXFeg,manassas-virginia
https://www.ubereats.com/washington-dc/food-delivery/my-cravingz/Z1FBbDElQiOO1g0dYkA3lQ,manassas-virginia
https://www.ubereats.com/washington-dc/food-delivery/the-ice-cream-shop/0tBXjP91Rs-DZ823gwSnhA,manassas-virginia
https://www.ubereats.com/washington-dc/food-delivery/kfc-7600-linton-hall-road/rmLVdIelT12k45uGAfmDuw,manassas-virginia
https://www.ubereats.com/washington-dc/food-delivery/chipotle-mexican-grill-10303-bristow-center-dr/8Pr8WTXISJ6OyHhnc4jU7g,manassas-virginia
https://www.ubereats.com/washington-dc/food-delivery/ostioneria-michoacan-seafood-and-oyster-bar/J6mIA37YRzOZYAkNUjcLYw,manassas-virginia
https://www.ubereats.com/washington-dc/food-delivery/bagel-buddies-fairfax/mULe2BxLQoCUTsEC8rcR3A,manassas-virginia
https://www.ubereats.com/washington-dc/food-delivery/chipotle-mexican-grill-5025-wellington-rd/P-nLH52bSuOcm9kEmjsM6g,manassas-virginia
https://www.ubereats.com/washington-dc/food-delivery/subway-10945-george-mason-cir/a2nhIySMTVaC7NrBynxVUg,manassas-virginia
https://www.ubereats.com/washington-dc/food-delivery/afterlife-360/D7HnAjz0S1OXymW8YrNU5A,manassas-virginia
https://www.ubereats.com/washington-dc/food-delivery/pho-duong/XZy2ckkUThyMN7okn-9SOQ,manassas-virginia
https://www.ubereats.com/washington-dc/food-delivery/zinga!-frozen-yogurt-promenade-commons/kWjNAQ3sTL-R21s-8DtLBA,manassas-virginia
https://www.ubereats.com/washington-dc/food-delivery/smokey-bones-woodbridge/ugMynn7lRNub88NRozpmHw,manassas-virginia
https://www.ubereats.com/washington-dc/food-delivery/siroo-centreville/VJBoa9YhQvaeOVO8-Ayy4g,manassas-virginia
https://www.ubereats.com/washington-dc/food-delivery/guapos-rotisserie-manassas/rHaCYqDgSwe7Krqy_dbhuQ,manassas-virginia
https://www.ubereats.com/washington-dc/food-delivery/perfect-pizza/DnSAdEuxRPKoqx4msSYGNQ,manassas-virginia
https://www.ubereats.com/washington-dc/food-delivery/mcdonalds-5931-fort-dr/XzkjCLEnQUK_zlQ-_V3PVg,manassas-virginia
https://www.ubereats.com/washington-dc/food-delivery/velocity-wings-bristow/aQwl6i3lQySTgYl3Nf_6Sg,manassas-virginia
https://www.ubereats.com/washington-dc/food-delivery/auntie-annes-8300-sudley-rd/RstvRZ66QpqBocx3PiNX8A,manassas-virginia
https://www.ubereats.com/washington-dc/food-delivery/on-the-border-2651-prince-william-pkwy/N1kGXWyVSXmLSC0f-R5CYA,manassas-virginia
https://www.ubereats.com/washington-dc/food-delivery/burger-king-8330-sudley-road/dCaRTLuHTcqNw66X7HbpTg,manassas-virginia
https://www.ubereats.com/washington-dc/food-delivery/ihop-8300-sudley-rd/LnMI3bBMQDGGnyLUEhyOnQ,manassas-virginia
https://www.ubereats.com/washington-dc/food-delivery/mcdonalds-8287-shoppers-square/nrQiRg2jRDO20uB1xHT1bg,manassas-virginia
https://www.ubereats.com/washington-dc/food-delivery/the-winery-at-bull-run/cnQt9pWNSga7RBvVRJXhzw,manassas-virginia
https://www.ubereats.com/washington-dc/food-delivery/tropical-smoothie-cafe-12697-galveston-ct/Q1wGj7SxT2-kmmCjRKe-nw,manassas-virginia
https://www.ubereats.com/washington-dc/food-delivery/ice-cream-sweet-shop/jHXSeKuXRWCmfYnpvL9BRw,manassas-virginia
https://www.ubereats.com/washington-dc/food-delivery/the-ice-cream-shop/GyaytCPDTLCusQQQ8nqe4w,manassas-virginia
https://www.ubereats.com/washington-dc/food-delivery/hooters-manassas/aWRzmx61Skqy2SwjL-sMUA,manassas-virginia
https://www.ubereats.com/washington-dc/food-delivery/peking-chef-restaurant-%E6%B0%B8%E8%88%88/r9q_Z9ZRRjS5g-Nlneubhg,manassas-virginia
https://www.ubereats.com/washington-dc/food-delivery/montclair-chinese-cuisine/sK-4FLmrSuaRCmR-cUl74A,manassas-virginia
https://www.ubereats.com/washington-dc/food-delivery/heathers-kitchen/A5rEdP-ORVO1Iz6Gm6UVUQ,manassas-virginia
https://www.ubereats.com/washington-dc/food-delivery/red-pepper-fairfax/pQy6w9CyS4uuUlhu5BG0Og,manassas-virginia
https://www.ubereats.com/washington-dc/food-delivery/pasta-di-nonna/NkZs3tSOQ1i8SHNlDS7WUw,manassas-virginia
https://www.ubereats.com/washington-dc/food-delivery/red-robin-585-9665-liberia-ave/BdkqdZFsRpyPemsQJcQO_A,manassas-virginia
https://www.ubereats.com/washington-dc/food-delivery/tropical-smoothie-cafe-8069-stonewall-shops-square/Bdgi5a5aTliRvaYAW-MjKg,manassas-virginia
https://www.ubereats.com/washington-dc/food-delivery/panda-express-9685-liberia-ave/XdI5HK21Reu75mz8HldA3w,manassas-virginia
https://www.ubereats.com/washington-dc/food-delivery/tropical-bites/-UWRJYr-Rk6yZSyrOK-PuA,manassas-virginia
https://www.ubereats.com/washington-dc/food-delivery/panera-9508-liberia-avenue/jXTNssedT0ugarPfHihfsg,manassas-virginia
https://www.ubereats.com/washington-dc/food-delivery/jersey-mikes-subs-7418-sudley-road/iy9LKFpSRSC87p11NF8Jpg,manassas-virginia
https://www.ubereats.com/washington-dc/food-delivery/tgi-fridays-129-manassas-va/FviescByT5-97ShSRkgQTA,manassas-virginia
https://www.ubereats.com/washington-dc/food-delivery/uptown-alley-manassas/DdT__YItQ9-szvh_RS6uvA,manassas-virginia
https://www.ubereats.com/washington-dc/food-delivery/pho-bistro-6053-centreville-crest-ln/C6n2ju3qR3atIChzaIQ9cQ,manassas-virginia
https://www.ubereats.com/washington-dc/food-delivery/subway-10094-dumfries-rd-%23-50/CuelxHrxRiKw0lEc7sMRAQ,manassas-virginia
https://www.ubereats.com/washington-dc/food-delivery/kfc-7789-sudley-road/L5Mm-L8gS_y1m5zW7i1J4Q,manassas-virginia
https://www.ubereats.com/washington-dc/food-delivery/taco-bell-7791-sudley-rd/h3HoMEwEQ3C-3ZACQmOJZQ,manassas-virginia
https://www.ubereats.com/washington-dc/food-delivery/bjs-restaurant-%26-brewhouse-13930-promenade-commons-st/DFBCtnuyQgG8iWh2Y7l_rw,manassas-virginia
https://www.ubereats.com/washington-dc/food-delivery/chicken-palace/890dhMvVQ36AT0TjlCrBSQ,manassas-virginia
https://www.ubereats.com/washington-dc/food-delivery/mama-mia-pizza/-ceS66mBRaqv9iGCPx5ybg,manassas-virginia
https://www.ubereats.com/washington-dc/food-delivery/firebirds-wood-fired-grill-14020-promenade-commons-st/ZCphVrtsSLK-A5GnZ0mHSw,manassas-virginia
https://www.ubereats.com/washington-dc/food-delivery/hebas-gourmet-foods/ob4V9u8FQSi9fg7DQ46eyw,manassas-virginia
https://www.ubereats.com/washington-dc/food-delivery/jersey-mikes-subs-3282-old-bridge-road/0sKyh36vSXOWKo8RTWu-kA,manassas-virginia
https://www.ubereats.com/washington-dc/food-delivery/dunkin-7797-centreville-rd/1CvmchhLTLqsVMdmHBInKA,manassas-virginia
https://www.ubereats.com/washington-dc/food-delivery/indy-sushi-%26-hotpot-centreville/pR_6xF4oQFOLuFL6pd6uHA,manassas-virginia
https://www.ubereats.com/washington-dc/food-delivery/subway-9522-liberia-ave-unit-12/R2rGoey7SWi5PYaRuy3J9Q,manassas-virginia
https://www.ubereats.com/washington-dc/food-delivery/ashton-avenue-family-restaurant/RzIoj0TbTLS27Lim38tqcA,manassas-virginia
https://www.ubereats.com/washington-dc/food-delivery/the-elegant-afghan-cuisine-manassas/M_kyx083RuWSyYY_avXn_Q,manassas-virginia
https://www.ubereats.com/washington-dc/food-delivery/uncle-ricos-cantina/TYfxeSR9R7-n6e8SwfmH_g,manassas-virginia
https://www.ubereats.com/washington-dc/food-delivery/viet-flavor/GXqnDnAgTz2vmjyRAuDHGQ,manassas-virginia
https://www.ubereats.com/washington-dc/food-delivery/duck-donuts-10286-bristow-center-dr/JmlDD_XuT1OaqvIBaFCdbA,manassas-virginia
https://www.ubereats.com/washington-dc/food-delivery/fairfax-wings/QrU36F7CSDOy6AKetNsrPQ,manassas-virginia
https://www.ubereats.com/washington-dc/food-delivery/tropical-smoothie-cafe-center-at-innovation/EWPWq_uKRbiG8bywvFauLQ,manassas-virginia
https://www.ubereats.com/washington-dc/food-delivery/mcdonalds-9860-liberia-ave/p5SZYDboSeGzFFgsIiFsGA,manassas-virginia
https://www.ubereats.com/washington-dc/food-delivery/taco-bell-5661-burke-centre-parkway/0f3zu5UmSvSVzSZHhNmEjg,manassas-virginia
https://www.ubereats.com/washington-dc/food-delivery/thai-tyme-restaurant/V1vPTfFYQSeWiN7tza0AIg,manassas-virginia
https://www.ubereats.com/washington-dc/food-delivery/taste-of-india/DzQbRNdZQXqHJFNavMl3fw,manassas-virginia
https://www.ubereats.com/washington-dc/food-delivery/arbys-12891-braemar-village-plz/x3GW-j02QwCeZPYVOn5wvg,manassas-virginia
https://www.ubereats.com/washington-dc/food-delivery/trattoria-villagio/BoXh60mXQnmXaxQnojyAJA,manassas-virginia
https://www.ubereats.com/washington-dc/food-delivery/bonchon-chicken-7344-atlas-walk-way/m5lKH1lWRlandduqLUhY2w,manassas-virginia
https://www.ubereats.com/washington-dc/food-delivery/starbucks-clifton/BPIVcvg8SbyY1th1Uvxwug,manassas-virginia
https://www.ubereats.com/washington-dc/food-delivery/prestons-pub/A808FzA9Qmy1o5xQ481WEg,manassas-virginia
https://www.ubereats.com/washington-dc/food-delivery/halal-salt/PS54xPb6Qn6zhQqnokoqsw,manassas-virginia
https://www.ubereats.com/washington-dc/food-delivery/a-deli-italian-food/emmxEjsLShmgsfRBR_0JgA,manassas-virginia
https://www.ubereats.com/washington-dc/food-delivery/carrabbas-5805-trinity-pkwy/iABimMQsQNKv2g_0-Jy-ug,manassas-virginia
https://www.ubereats.com/washington-dc/food-delivery/the-ice-cream-shop/q0_fhcywQRekZIiUcOvlDQ,manassas-virginia
https://www.ubereats.com/washington-dc/food-delivery/bonchon-chicken-8679-sudley-rd/tUB5ty13QE-lPCAmB9OXrg,manassas-virginia
https://www.ubereats.com/washington-dc/food-delivery/mcdonalds-10216-dumfries-rd/0d04MhHsTUqbFeIGD1GCDQ,manassas-virginia
