url,city
https://www.ubereats.com/manchester-nh/food-delivery/villaggio-ristorante/ZmdcMV6LSI--PeJNONXOAw,manchester-nh
https://www.ubereats.com/manchester-nh/food-delivery/five-guys-nh-1067-1111-south-willow-st/dFtvoHCwTUa7S2YyIpXk6A,manchester-nh
https://www.ubereats.com/manchester-nh/food-delivery/canton-garden-restaurant/MdG2pm_WROW0KMUAosNZbg,manchester-nh
https://www.ubereats.com/manchester-nh/food-delivery/tgi-fridays-645-manchester-nh/ezsnsbXuTsayH_ohU8kjYA,manchester-nh
https://www.ubereats.com/manchester-nh/food-delivery/nuevo-vallarta-mexican-restaurant/XsLlKiH9ROKemtQBGUQIGQ,manchester-nh
https://www.ubereats.com/manchester-nh/food-delivery/xo-bistro-manchester/JJfbRjx4Q_mpLKXeQsnd8g,manchester-nh
https://www.ubereats.com/manchester-nh/food-delivery/margaritas-mexican-restaurant-manchester/3Sz7fzmxRqqellMTkfiI6g,manchester-nh
https://www.ubereats.com/manchester-nh/food-delivery/pizza-911-south-willow/V7KkOvchRnSaHQrKOuPJGg,manchester-nh
https://www.ubereats.com/manchester-nh/food-delivery/thousand-crane/Ewq9BME1T4yPSGUlb525DA,manchester-nh
https://www.ubereats.com/manchester-nh/food-delivery/chunkys-cinema-pub-manchester/ERpWnex6QBiEhbMZo8MxTw,manchester-nh
https://www.ubereats.com/manchester-nh/food-delivery/cheng-du-kitchen/GCOlAG8BSSGL-zcKjoQLgw,manchester-nh
https://www.ubereats.com/manchester-nh/food-delivery/luisas-italian-pizzeria/wI3E5mv3TsS1XJ_s9iut-A,manchester-nh
https://www.ubereats.com/manchester-nh/food-delivery/giorgios-ristorante/-kVR9keeSw2e_e484cAMtA,manchester-nh
https://www.ubereats.com/manchester-nh/food-delivery/wingstreet-716-s-willow-st/-06d7NbLQlOhbIWvAFJaJw,manchester-nh
https://www.ubereats.com/manchester-nh/food-delivery/the-ice-cream-shop/5FtJJoJ0QZWfoaw2xxzEEg,manchester-nh
https://www.ubereats.com/manchester-nh/food-delivery/cracker-barrel-old-country-store-16-nashua-rd/LucGOS18SRarMlGk2SU-Ew,manchester-nh
https://www.ubereats.com/manchester-nh/food-delivery/the-friendly-toast-bedford/evqd640sTmalzhfo2b2r_g,manchester-nh
https://www.ubereats.com/manchester-nh/food-delivery/bhindi-bros/nS-020hMT7Cq_E4qN9g16Q,manchester-nh
https://www.ubereats.com/manchester-nh/food-delivery/prime-time-grilled-cheese/ceYES1ZWTpyCxFA9Lq3wew,manchester-nh
https://www.ubereats.com/manchester-nh/food-delivery/bamboo-garden/S1ZMfGqkR5eGHyKtZ2xABw,manchester-nh
https://www.ubereats.com/manchester-nh/food-delivery/carrabbas-2-upjohn-street/FCRwiQPRQAmESKElt5aPJQ,manchester-nh
https://www.ubereats.com/manchester-nh/food-delivery/stark-brewing-co/ZpWy-uZtR5yWjpU9WdFnGw,manchester-nh
https://www.ubereats.com/manchester-nh/food-delivery/panera-bread-52-march-avenue/2c_EVXaHRP2QHglxR4-Omw,manchester-nh
https://www.ubereats.com/manchester-nh/food-delivery/chuck-e-cheese-1525-s-willow-1-93/lhLMxp2rTvOLvItNq9nE5Q,manchester-nh
https://www.ubereats.com/manchester-nh/food-delivery/ne-tap-house-%26-grille/PUL3w9rySmmL5-6pAQ-nRw,manchester-nh
https://www.ubereats.com/manchester-nh/food-delivery/the-ice-cream-shop/xLE8u2ZdRQ-5ohegafc-cA,manchester-nh
https://www.ubereats.com/manchester-nh/food-delivery/pasquale-ristorante-%26-pizzeria/iUqZW5Z4SmeD3cKjCP24-g,manchester-nh
https://www.ubereats.com/manchester-nh/food-delivery/the-seafood-king-cajun-style/6FniC_X9R4WaMvht9CGRtg,manchester-nh
https://www.ubereats.com/manchester-nh/food-delivery/sbarro-1500-south-willow-street/0avk86lmRH2wgaLdsmgkQQ,manchester-nh
https://www.ubereats.com/manchester-nh/food-delivery/charleys-philly-steaks-1500-s-willow-st-space-%23f103/7_j29jm-TKa95kvSwlK5mg,manchester-nh
https://www.ubereats.com/manchester-nh/food-delivery/cafe-momo/CseNccz5QH6l_Wsh-zZDGQ,manchester-nh
https://www.ubereats.com/manchester-nh/food-delivery/the-gyro-spot/IxN5bX4VRaiZUm8xAkkj9A,manchester-nh
https://www.ubereats.com/manchester-nh/food-delivery/subway-20-s-main-st/tLa-CxDiT-Kc58gi4CiHSQ,manchester-nh
https://www.ubereats.com/manchester-nh/food-delivery/thirsty-moose-manchester/9jrUhrTwRZ2uU5-RvTmOhQ,manchester-nh
https://www.ubereats.com/manchester-nh/food-delivery/pizza-hut-716-s-willow-st/0H-xLZxnQf2HMbXWBcjabg,manchester-nh
https://www.ubereats.com/manchester-nh/food-delivery/b-%26-b-cafe-and-grill/ClsQ5S1VSdKROliRQdRsBA,manchester-nh
https://www.ubereats.com/manchester-nh/food-delivery/wing-squad-manchester-mall/1h2VWMFtQRiW0UuL7EqBKg,manchester-nh
https://www.ubereats.com/manchester-nh/food-delivery/wendys-860-candia-road/JCdZDLsNSgqsNmZ845IVQg,manchester-nh
https://www.ubereats.com/manchester-nh/food-delivery/green-bike-smoothies/iO9dymE7Rs6Qe3noRDmNRg,manchester-nh
https://www.ubereats.com/manchester-nh/food-delivery/don-quijote-restaurant/wL1M6ih8TtudpD6dDV830w,manchester-nh
https://www.ubereats.com/manchester-nh/food-delivery/wendys-675-south-willow-st/XJWKeVwJQJy6e5YUiJQZrA,manchester-nh
https://www.ubereats.com/manchester-nh/food-delivery/applebees-581-2nd-st-shops-%2381038/7tlYeJ8ZTZ-WTEgT8l9O4Q,manchester-nh
https://www.ubereats.com/manchester-nh/food-delivery/mcdonalds-2287-brown-ave/D2QtPc76SfGjtt89DCthJw,manchester-nh
https://www.ubereats.com/manchester-nh/food-delivery/antojitos-colombianos/0a2dDDSpRdOrlg-sIl32-g,manchester-nh
https://www.ubereats.com/manchester-nh/food-delivery/pizza-911-webster-st/UHw9lzGUT8ipG4Rij08VBQ,manchester-nh
https://www.ubereats.com/manchester-nh/food-delivery/taco-bell-4-chambers-drive/W4Haz_HAQSGB8Gb8dfPU-g,manchester-nh
https://www.ubereats.com/manchester-nh/food-delivery/ben-%26-jerrys-manchester/NzlHfQWJSY2DFLJFEOFs1Q,manchester-nh
https://www.ubereats.com/manchester-nh/food-delivery/albasha-mediterranean-grill/T-MrYZEdRnq0GcE8n8OQ9g,manchester-nh
https://www.ubereats.com/manchester-nh/food-delivery/kfc-955-second-street/B1u50Go5SiOQDeSEQJ2eTw,manchester-nh
https://www.ubereats.com/manchester-nh/food-delivery/pasquallys-pizza-%26-wings-1525-s-willow-1-93/b0LyupW4Rgej76YLOoxFLw,manchester-nh
https://www.ubereats.com/manchester-nh/food-delivery/buffalo-wild-wings-1500-s-willow-st/oKm7J1uiRxGdt_gtfA-1ew,manchester-nh
https://www.ubereats.com/manchester-nh/food-delivery/asian-kabab-and-grill/lfOFiLo8SzOH7dUdKoF9Aw,manchester-nh
https://www.ubereats.com/manchester-nh/food-delivery/mcdonalds-907-2nd-st/nMPYfwo6TeGEWlWo11GcAA,manchester-nh
https://www.ubereats.com/manchester-nh/food-delivery/starbucks-south-river-rd-%26-kilton-rd/h_3YYYujQEOMDn2sfOD-jw,manchester-nh
https://www.ubereats.com/manchester-nh/food-delivery/the-ice-cream-shop/zphiTZyATuuRevB-h5EeMw,manchester-nh
https://www.ubereats.com/manchester-nh/food-delivery/burger-king-622-s-willow-st/lQohO-cGRAad0qqJYmUBzw,manchester-nh
https://www.ubereats.com/manchester-nh/food-delivery/pizza-911-goffstown/MVN0r7h3TDW-q37q-DWhIw,manchester-nh
https://www.ubereats.com/manchester-nh/food-delivery/tiffanys-bagel-%26-deli-cafe/MNSquwJqSAGrkjZuobR7IA,manchester-nh
https://www.ubereats.com/manchester-nh/food-delivery/royal-india-authentic-indian-cuisine/IvBEO6wmSG2ZiXhaq9SwNg,manchester-nh
https://www.ubereats.com/manchester-nh/food-delivery/dangelo-grilled-sandwiches-900-second-st/w4f9d8baQ6O3b1TAroyV1A,manchester-nh
https://www.ubereats.com/manchester-nh/food-delivery/taco-bell-1045-s-willow-street/b1ogW-AMTveO8Th4vrlETw,manchester-nh
https://www.ubereats.com/manchester-nh/food-delivery/caesarios-pizza-and-subs/86JcZSW5SJW_fL7p0eDvxA,manchester-nh
https://www.ubereats.com/manchester-nh/food-delivery/1750-taphouse/JJJr43-WTI-61woq-pshZg,manchester-nh
https://www.ubereats.com/manchester-nh/food-delivery/panera-7-colby-court/afAvnYvySU6qf75CaUXGmg,manchester-nh
https://www.ubereats.com/manchester-nh/food-delivery/usa-chicken-%26-biscuit/3dYWUZGfRDqHxTYxFni34A,manchester-nh
https://www.ubereats.com/manchester-nh/food-delivery/zoeys-pizza/juH5SM4CQUyoaGv6wILgZg,manchester-nh
https://www.ubereats.com/manchester-nh/food-delivery/taco-stop/R3mTERv1RNuBXCtAKOOBtA,manchester-nh
https://www.ubereats.com/manchester-nh/food-delivery/papa-johns-223-south-willow-street/jSGhEF3nTE-M_Wcpro_2qA,manchester-nh
https://www.ubereats.com/manchester-nh/food-delivery/nolas-kitchen/AfhBblpATjWLz75egvdCGg,manchester-nh
https://www.ubereats.com/manchester-nh/food-delivery/red-robin-512-1500-s-willow-st-%23w157/YQtiMTdCSbGQaTgQObz-5g,manchester-nh
https://www.ubereats.com/manchester-nh/food-delivery/penuches-music-hall/APPyk4YhSxS0U_XptxlIiw,manchester-nh
https://www.ubereats.com/manchester-nh/food-delivery/subway-1000-elm-st/Kju8qVdfThaQUjWnq0yrLA,manchester-nh
https://www.ubereats.com/manchester-nh/food-delivery/chipotle-mexican-grill-99-s-river-rd-ste-4/J_9qvIr5QDKZhi3dYDUHCA,manchester-nh
https://www.ubereats.com/manchester-nh/food-delivery/restoration-cafe/81sXiJsXRGOzYJK6Kdjogw,manchester-nh
https://www.ubereats.com/manchester-nh/food-delivery/one-of-a-kind-crepes-%26-fruits/Lsiw5atpQA2eTrsbU4aSfw,manchester-nh
https://www.ubereats.com/manchester-nh/food-delivery/mcdonalds-907-hanover-st/oWXudZOcQjeu4soYJQrO5w,manchester-nh
https://www.ubereats.com/manchester-nh/food-delivery/olympus-pizza/65ApwPq3SBagc0sCfDIowA,manchester-nh
https://www.ubereats.com/manchester-nh/food-delivery/taqueria-y-pastelitos-to-go/u42AEHqZTby2JwYbe1BHkw,manchester-nh
https://www.ubereats.com/manchester-nh/food-delivery/taj-india/clias-nzRPqDWdwSVnn3HQ,manchester-nh
https://www.ubereats.com/manchester-nh/food-delivery/sals-pizza-296-s-willow-st/UZWdyZaVSrW2bM7Sl4Wxjw,manchester-nh
https://www.ubereats.com/manchester-nh/food-delivery/applebees-1273-hooksett-road-%2381061/CBseqwtrSK-SEa_fAgYb3A,manchester-nh
https://www.ubereats.com/manchester-nh/food-delivery/kathmandu-spice/ybxUZrohStC_WSPUQwbFYQ,manchester-nh
https://www.ubereats.com/manchester-nh/food-delivery/british-beer-company/3IOCDJMGQmisCovQwWjVbw,manchester-nh
https://www.ubereats.com/manchester-nh/food-delivery/good-%26-planty/h9Y9Xsi0SWSTRQF-ucIDSg,manchester-nh
https://www.ubereats.com/manchester-nh/food-delivery/burgerim-1500-s-willow-st/AnCV_S6VQbyNLK6bntq3Tw,manchester-nh
https://www.ubereats.com/manchester-nh/food-delivery/ihop-224-south-river-road/iGxNhYvGRnSIbE6T0Duj1Q,manchester-nh
https://www.ubereats.com/manchester-nh/food-delivery/the-farm-bar-%26-grille-manchester/K5APvJllQmO7U6wS4reHhA,manchester-nh
https://www.ubereats.com/manchester-nh/food-delivery/bertuccis-1500-s-willow-st/dl24zxf7TCGGKB_oSkzSqw,manchester-nh
https://www.ubereats.com/manchester-nh/food-delivery/shoppers-pub-%2B-eatery/La1DkFXPQwihhxkN3lPoVA,manchester-nh
https://www.ubereats.com/manchester-nh/food-delivery/mcdonalds-196-s-willow-st/Y5esQpHDSa2BfUapd1Hk1g,manchester-nh
https://www.ubereats.com/manchester-nh/food-delivery/mo-fried-chicken/d3ZBr6WDR8S1EalEc-BqxQ,manchester-nh
https://www.ubereats.com/manchester-nh/food-delivery/dangelo-grilled-sandwiches-8-perimeter-road/dPXE-eHlStee4EBHyuQ7UA,manchester-nh
https://www.ubereats.com/manchester-nh/food-delivery/mcdonalds-569-mast-rd/1iKhp5-5RZmR6ZCIrqIu9g,manchester-nh
https://www.ubereats.com/manchester-nh/food-delivery/subway-777-s-willow-st-plaza/swXXUq8DRvCdUCp-YAFHSw,manchester-nh
https://www.ubereats.com/manchester-nh/food-delivery/ruby-thai/Oq5p1FoZSsOmt6HxNcL89Q,manchester-nh
https://www.ubereats.com/manchester-nh/food-delivery/burger-king-623-second-street/LK90BJ0QSYu7XeZz11fJiw,manchester-nh
https://www.ubereats.com/manchester-nh/food-delivery/the-ice-cream-shop/-PQuEDBIQoer1x7YAvn3Jg,manchester-nh
https://www.ubereats.com/manchester-nh/food-delivery/taco-bell-1050-second-st/zqyghFEqR8WmGwAO3cTnSg,manchester-nh
https://www.ubereats.com/manchester-nh/food-delivery/pizza-hut-553-mast-rd/W1zxoEnpSkKKtLYFnmyjlw,manchester-nh
https://www.ubereats.com/manchester-nh/food-delivery/subway-502-valley-st-%232/BuK2S0lUQb6GA6__1oigeA,manchester-nh
https://www.ubereats.com/manchester-nh/food-delivery/simons-pizza-and-roast-beef/lRVb7d2URa64ChnoYWELQg,manchester-nh
https://www.ubereats.com/manchester-nh/food-delivery/rituss-spice-utsav/UBFkvi4RQ0SY6EXfkLreOA,manchester-nh
https://www.ubereats.com/manchester-nh/food-delivery/starbucks-manchester-s-willow-st/INXDDQuKSgGu0Nf8C6RhQw,manchester-nh
https://www.ubereats.com/manchester-nh/food-delivery/matbah-mediterranean-cuisine/_Zg_JYOnSBiGHw__Kmfr2w,manchester-nh
https://www.ubereats.com/manchester-nh/food-delivery/chipotle-mexican-grill-926-s-willow-st/x62LTPjYRI-bGGUteI5TSg,manchester-nh
https://www.ubereats.com/manchester-nh/food-delivery/the-smoothie-bus-shoppe/EgWAtZcyQY6I0uqzYg1W-A,manchester-nh
https://www.ubereats.com/manchester-nh/food-delivery/buba-noodle-bar/CUbFEt7zT-G7ndZ5gPMSzQ,manchester-nh
https://www.ubereats.com/manchester-nh/food-delivery/shaking-crab-manchester/zRdbxsoOT1C-XWtzExZbEw,manchester-nh
https://www.ubereats.com/manchester-nh/food-delivery/burger-king-737-daniel-webster-hwy-north/z1cpyRkFRGeit27DKXC6mw,manchester-nh
https://www.ubereats.com/manchester-nh/food-delivery/firehouse-subs-655-s-willow-street/0n8iZCmiTi27QHOcCPdBxQ,manchester-nh
https://www.ubereats.com/manchester-nh/food-delivery/lemon-thai-and-sushi/WWUKJACrSzWSgLiNBcWjvg,manchester-nh
https://www.ubereats.com/manchester-nh/food-delivery/mr-baker-cheesecake/U207D0boRUOnqdlJLIL7BQ,manchester-nh
https://www.ubereats.com/manchester-nh/food-delivery/3-kitchen-restaurant/9Dy38aJaTHKXx61QU2y57w,manchester-nh
https://www.ubereats.com/manchester-nh/food-delivery/the-ice-cream-shop/9EfDUzfaRDWACcAD3oYcrw,manchester-nh
https://www.ubereats.com/manchester-nh/food-delivery/wendys-722-second-st/oV-h7RiMTxW2EOvJu5jxJw,manchester-nh
