url,city
https://www.ubereats.com/nyc-suburbs/food-delivery/barrow-food-house/1PQJ6gWoTAGJ7wr2Qm8kcQ,manorville-new-york
https://www.ubereats.com/nyc-suburbs/food-delivery/friendlys-700-80-rte-101/4IlxFoAlTbefzgCTQLVfZA,manorville-new-york
https://www.ubereats.com/nyc-suburbs/food-delivery/dunkin-1780-middle-country-rd/pOJYJCqwR7298FCZXu07KA,manorville-new-york
https://www.ubereats.com/nyc-suburbs/food-delivery/joshi-brothers-deli-%26-grocery/CCiHgxKVTOqjmOvNsb7oCQ,manorville-new-york
https://www.ubereats.com/nyc-suburbs/food-delivery/crazy-bowls-acai-bowls-%26-more/wsuJ31fwQgCS79NuPHg_7A,manorville-new-york
https://www.ubereats.com/nyc-suburbs/food-delivery/4-u-convenience-deli/sDblTRd2ScenoBEqVyeBaQ,manorville-new-york
https://www.ubereats.com/nyc-suburbs/food-delivery/tonys-asian-fusion/LT0YK49UTU2NFQUy8E75cA,manorville-new-york
https://www.ubereats.com/nyc-suburbs/food-delivery/recipe-seven-cocktails-and-kitchen/oy1S98YaTri_u2f3QkaPaA,manorville-new-york
https://www.ubereats.com/nyc-suburbs/food-delivery/olgas-deli/SnzT7QUfTP2fegSLazEUOg,manorville-new-york
https://www.ubereats.com/nyc-suburbs/food-delivery/waffle-shack/KcEUNFcXTLSOiDaM7WACyA,manorville-new-york
https://www.ubereats.com/nyc-suburbs/food-delivery/polish-town-deli/GhT_0P_-T3iWnAHJslEjqQ,manorville-new-york
https://www.ubereats.com/nyc-suburbs/food-delivery/alfredos-pizzeria-%26-restaurant/PWy4cTZfQtSu0vp-67TrhQ,manorville-new-york
https://www.ubereats.com/nyc-suburbs/food-delivery/popeyes-17-mcgraw-street/oSamiZQvSfiWGczcPZeg9A,manorville-new-york
https://www.ubereats.com/nyc-suburbs/food-delivery/manhattan-bagel/oMBx4DKjTVOV6YHF7pJClA,manorville-new-york
https://www.ubereats.com/nyc-suburbs/food-delivery/main-street-sweets-ben-%26-jerrys-ice-cream/UaBxplC8Tbm6PbY64PnaUQ,manorville-new-york
https://www.ubereats.com/nyc-suburbs/food-delivery/brewology-speonk/cSPsWLmiThu32VlYDDtfUQ,manorville-new-york
https://www.ubereats.com/nyc-suburbs/food-delivery/wendys-555-william-floyd-pkwy/UZ58S5WST_qegD9yQATuuA,manorville-new-york
https://www.ubereats.com/nyc-suburbs/food-delivery/dunkin-597-route-25a/GE1bYuxpQD27_Wd-DOYZIQ,manorville-new-york
https://www.ubereats.com/nyc-suburbs/food-delivery/216-applebees-shirley-855-montauk-highway-bldg-a/wrhQuvctTsiyVjs2vYzzEA,manorville-new-york
https://www.ubereats.com/nyc-suburbs/food-delivery/mediterranean-kitchen-mastic/dYJAuV_eS9uw1s4DXi5vsA,manorville-new-york
https://www.ubereats.com/nyc-suburbs/food-delivery/china-star/I1mR4135TkmyGxTRGIgS_Q,manorville-new-york
https://www.ubereats.com/nyc-suburbs/food-delivery/tgi-fridays-326-farmingville-ny/xpIm9cqeQD6TVg-Qa2aeUw,manorville-new-york
https://www.ubereats.com/nyc-suburbs/food-delivery/roccos-pizza-and-pasta/ir8OfgcgSUSM8I2m6Cj4Gw,manorville-new-york
https://www.ubereats.com/nyc-suburbs/food-delivery/tonys-fusion-west/gEkgjOBtQfK3EdqVex6xHA,manorville-new-york
https://www.ubereats.com/nyc-suburbs/food-delivery/dunkin-20-eastport-manor-rd/mzLA78P6QtiY7wPfsIfxvA,manorville-new-york
https://www.ubereats.com/nyc-suburbs/food-delivery/colins-deli/bSD5vAUcSQOXN58ALhhyig,manorville-new-york
https://www.ubereats.com/nyc-suburbs/food-delivery/aliyana-pizzeria/EIZsfNZBRXeyuL8Yvf9koA,manorville-new-york
https://www.ubereats.com/nyc-suburbs/food-delivery/crazy-crepe-cafe-miller-place/s2IG5WzGQcS9QJmWp4nxVQ,manorville-new-york
https://www.ubereats.com/nyc-suburbs/food-delivery/mastic-deli-%26-market/FAa3JxGXR0SFYKlwcS3IHA,manorville-new-york
https://www.ubereats.com/nyc-suburbs/food-delivery/mcdonalds-1175-middle-country-road/nyjrncfwREmjVwmKEA6aBw,manorville-new-york
https://www.ubereats.com/nyc-suburbs/food-delivery/wendys-496-cr-111/0u9QlxVtTmGF5DOVibm21A,manorville-new-york
https://www.ubereats.com/nyc-suburbs/food-delivery/hurricane-grill-and-wings-496-county-rd/YrY5JBqVRd2jxsDYRJUzcQ,manorville-new-york
https://www.ubereats.com/nyc-suburbs/food-delivery/colins-hero-stop/CZozBBP3TdmxlipIzWkh9Q,manorville-new-york
https://www.ubereats.com/nyc-suburbs/food-delivery/coram-diner/JCJpkzIkT9O13EnOTaZynQ,manorville-new-york
https://www.ubereats.com/nyc-suburbs/food-delivery/haagen-dazs-riverhead/IFulNnTMQcWSkOlEPViJJw,manorville-new-york
https://www.ubereats.com/nyc-suburbs/food-delivery/sobol-westhampton-beach/hWVDNILbRCisA2opEhrWhw,manorville-new-york
https://www.ubereats.com/nyc-suburbs/food-delivery/alitalia/EM5g_1NGQh-v98lpyUqJbg,manorville-new-york
https://www.ubereats.com/nyc-suburbs/food-delivery/b*tch-dont-grill-my-cheese/dEdO8L2qQ-WlbEZkkEQlkQ,manorville-new-york
https://www.ubereats.com/nyc-suburbs/food-delivery/pitstop-pantry-grill-%26-market/Py3A83AOTPyiOZkKoDCmnA,manorville-new-york
https://www.ubereats.com/nyc-suburbs/food-delivery/better-burger-manorville/ya7aMf2vQtm6Hycp79wO3A,manorville-new-york
https://www.ubereats.com/nyc-suburbs/food-delivery/tgi-fridays-824-riverhead-ny/TYKQD7LIRqurZSMxHe_-Mw,manorville-new-york
https://www.ubereats.com/nyc-suburbs/food-delivery/subway-1187-middle-country-rd/CX7YkFTWS2ycMxuNryS2fA,manorville-new-york
https://www.ubereats.com/nyc-suburbs/food-delivery/pizza-corner-medford/aivWHotxQ4ik3mysuut6CA,manorville-new-york
https://www.ubereats.com/nyc-suburbs/food-delivery/deli-beer-smoke/gH4Ee2kvRdGMwWheUjwfOw,manorville-new-york
https://www.ubereats.com/nyc-suburbs/food-delivery/william-floyd-diner/ZfnHVBVvTVWhW4ZVw5Cyfg,manorville-new-york
https://www.ubereats.com/nyc-suburbs/food-delivery/centro-america-deli/XF02iU5fRQa0DssDYxfzKg,manorville-new-york
https://www.ubereats.com/nyc-suburbs/food-delivery/bagel-lovers/kyAjMevcSCCsTXHZGdntUQ,manorville-new-york
https://www.ubereats.com/nyc-suburbs/food-delivery/seacove-italian-american-bar-%26-grill/8KUIiFZ3SUmw3FaUH9x9Zw,manorville-new-york
https://www.ubereats.com/nyc-suburbs/food-delivery/chipotle-mexican-grill-1501-old-country-rd/vDXt4yB1T0qLLKMU9mmC2w,manorville-new-york
https://www.ubereats.com/nyc-suburbs/food-delivery/gerardos-pizza-%26-pasta/wqHQpTHeQ5mdz-bvdUoTuw,manorville-new-york
https://www.ubereats.com/nyc-suburbs/food-delivery/la-breakfast-club/xXZEZ1RSRoqY3o85xbXTkg,manorville-new-york
https://www.ubereats.com/nyc-suburbs/food-delivery/original-michelangelo/3J29YTjfTWOR71JBqizL-A,manorville-new-york
https://www.ubereats.com/nyc-suburbs/food-delivery/shahs-halal-food/6jbrAflORDKnWfAeMZPn9w,manorville-new-york
https://www.ubereats.com/nyc-suburbs/food-delivery/hero-haven-and-more/7IbHOSMyTmSg7DvQZytbrA,manorville-new-york
https://www.ubereats.com/nyc-suburbs/food-delivery/chong-sar-restaurant/-L1y0aKnSg61dnnuoWDNBg,manorville-new-york
https://www.ubereats.com/nyc-suburbs/food-delivery/michelangelo-of-riverhead/Jyd6_vloSQCK25eZeGwnSA,manorville-new-york
https://www.ubereats.com/nyc-suburbs/food-delivery/dunkin-1051-old-country-rd/1SIoetgsRv6qEp-dnu-RYw,manorville-new-york
https://www.ubereats.com/nyc-suburbs/food-delivery/burger-mansion/5a2UjqltS0-LlfFeCvOlEg,manorville-new-york
https://www.ubereats.com/nyc-suburbs/food-delivery/wayback-burger-490-mastic-rd/NGvI9fI6TfOs1qLHXMGCBw,manorville-new-york
https://www.ubereats.com/nyc-suburbs/food-delivery/got-a-guy-eatery/wxtBTM1DSZGdmngpu7Wwig,manorville-new-york
https://www.ubereats.com/nyc-suburbs/food-delivery/goldbergs-bagels/uPi2t3XjQZW9Eki7DBDLLA,manorville-new-york
https://www.ubereats.com/nyc-suburbs/food-delivery/auntie-annes-200-mall-dr/vXZn0BacQveuJEIKVjVy4Q,manorville-new-york
https://www.ubereats.com/nyc-suburbs/food-delivery/funchos-fajita-grill-riverhead/qLYsKyORR96yf9i8BJZf_A,manorville-new-york
https://www.ubereats.com/nyc-suburbs/food-delivery/dunkin-460-county-road-111/R1difKdgQTyDWouU33-GIQ,manorville-new-york
https://www.ubereats.com/nyc-suburbs/food-delivery/sunny-%26-fines-breakfast-burritos/NZnVXLLOSgmoMgYJIOlh-g,manorville-new-york
https://www.ubereats.com/nyc-suburbs/food-delivery/sobol-mastic-beach/ffpTjQbjT4O_PylwCCC_Dg,manorville-new-york
https://www.ubereats.com/nyc-suburbs/food-delivery/golden-jalapenos/iTiVIuW-ReiE2eOkcA-QTA,manorville-new-york
https://www.ubereats.com/nyc-suburbs/food-delivery/popeis-coram/6xfTeOjJRZ-12wzHzmcIzw,manorville-new-york
https://www.ubereats.com/nyc-suburbs/food-delivery/sunshine-deli/2N4Ay_yeRUautDUVfYxE1A,manorville-new-york
https://www.ubereats.com/nyc-suburbs/food-delivery/middle-island-pizza/nUPVH3aITbunzi_F7TqsDg,manorville-new-york
https://www.ubereats.com/nyc-suburbs/food-delivery/joes-pizzeria-%26-restaurant/8ZniCKdhSn6Zbg-pcoHkQw,manorville-new-york
https://www.ubereats.com/nyc-suburbs/food-delivery/castaway-cafe/Vs8NApUZRqeYlhNzZdRKnQ,manorville-new-york
https://www.ubereats.com/nyc-suburbs/food-delivery/burger-king-862-montauk-hwy/lPNAqfLTQ26HQYwJ2mY9IA,manorville-new-york
https://www.ubereats.com/nyc-suburbs/food-delivery/tainos-cafe-%26-lounge/AJxKz-lxTfqwNoYqKKH2Ag,manorville-new-york
https://www.ubereats.com/nyc-suburbs/food-delivery/jackees-jamaican-cafe/JH5b70RQR6CIkuFMABaukw,manorville-new-york
https://www.ubereats.com/nyc-suburbs/food-delivery/wendys-774-montauk-highway/bxsdtOV-S5KTvVAS12aXTg,manorville-new-york
https://www.ubereats.com/nyc-suburbs/food-delivery/boston-market-803-montauk-highway/WZfYt2lqTAyWLdJCpvESyQ,manorville-new-york
https://www.ubereats.com/nyc-suburbs/food-delivery/alexandros-restaurant/897-A2X4TO-hUBKhXejGzQ,manorville-new-york
https://www.ubereats.com/nyc-suburbs/food-delivery/carvel-1289-middle-country-road/5hnY1EURSy6iwIdgY9EVeA,manorville-new-york
https://www.ubereats.com/nyc-suburbs/food-delivery/campus-heros/pVgeUPgiTX2c6E0uiiggKQ,manorville-new-york
https://www.ubereats.com/nyc-suburbs/food-delivery/hamza-halal-food/xPvNhTDRQY2FYnVZiVYavQ,manorville-new-york
https://www.ubereats.com/nyc-suburbs/food-delivery/starbucks-manorville/s2uY1kADQiSx9llljbnZ5A,manorville-new-york
https://www.ubereats.com/nyc-suburbs/food-delivery/taco-bell-551-william-floyd-parkway/psiMpNAeSVGiVmkGIov5SQ,manorville-new-york
https://www.ubereats.com/nyc-suburbs/food-delivery/crumbs-on-main/2nC4DPwnQyi8emovXJ4-Nw,manorville-new-york
https://www.ubereats.com/nyc-suburbs/food-delivery/crazy-crepe-cafe/QAv5T03tRZS_X8fChqAjfg,manorville-new-york
https://www.ubereats.com/nyc-suburbs/food-delivery/buffalo-wild-wings-1761-old-country-rd/2vRau6uOThi96LH9-wJx1A,manorville-new-york
https://www.ubereats.com/nyc-suburbs/food-delivery/moes-southwest-grill-66-98-rocky-point-yaphin-road/ZqwK6ueFSHWlI6SKQfEyFw,manorville-new-york
https://www.ubereats.com/nyc-suburbs/food-delivery/dunkin-1495-montauk-hwy/d6zmXrneT52-WzEYkwRMbA,manorville-new-york
https://www.ubereats.com/nyc-suburbs/food-delivery/dunkin-6346-route-25a/tq1ozTmcSJaKG_SN98vmbg,manorville-new-york
https://www.ubereats.com/nyc-suburbs/food-delivery/tonys-sushi-%26-steakhouse/ccoOMddXQ469_5ORgU8bpg,manorville-new-york
https://www.ubereats.com/nyc-suburbs/food-delivery/medford-pastaria/zi8aUGOtT2Sz3-sEGrLq8A,manorville-new-york
https://www.ubereats.com/nyc-suburbs/food-delivery/sunnys-riverhead-diner-%26-grill/WNBeoa2jQASvrG9-7MKR4w,manorville-new-york
https://www.ubereats.com/nyc-suburbs/food-delivery/sobol-manorville/mOIng6QsQOWbIH6F2t6K_A,manorville-new-york
https://www.ubereats.com/nyc-suburbs/food-delivery/la-buena-vida/t9zL-gTZSrOONrsOUEM7_g,manorville-new-york
https://www.ubereats.com/nyc-suburbs/food-delivery/dba-bagel-cafe/w_bJc5SQQE2urIYAk1i-SA,manorville-new-york
https://www.ubereats.com/nyc-suburbs/food-delivery/golden-jalapenos-cafe/1KZ7Pmb5SeCP4rSWKOcEtQ,manorville-new-york
https://www.ubereats.com/nyc-suburbs/food-delivery/buffalos-cafe-manorville/31MHs-V9RGejFcOnhEHYwQ,manorville-new-york
https://www.ubereats.com/nyc-suburbs/food-delivery/bagels-your-way-medford/n6N52GjkSju_Egt5tPNm8A,manorville-new-york
https://www.ubereats.com/nyc-suburbs/food-delivery/meltology-grilled-cheese-manorville/JA-Kh7MZTMSqhSpRWe_V1w,manorville-new-york
https://www.ubereats.com/nyc-suburbs/food-delivery/wine-country-deli/9pvLwzTGQgmNuzdsayOaNQ,manorville-new-york
https://www.ubereats.com/nyc-suburbs/food-delivery/subway-895a-montauk-hwy/ERTdAl3ORCiW2nFcNpMlOA,manorville-new-york
https://www.ubereats.com/nyc-suburbs/food-delivery/shadees-jamaican-restaurant/XuS8REUsQZaoEM5UwREXTw,manorville-new-york
https://www.ubereats.com/nyc-suburbs/food-delivery/taco-bell-ridge/AKxvAf6LTh-EXFBf4uN6YA,manorville-new-york
https://www.ubereats.com/nyc-suburbs/food-delivery/jcs-restaurant/lVls8-7KTfChiJUhMbKx7Q,manorville-new-york
https://www.ubereats.com/nyc-suburbs/food-delivery/meltology/sBETs4-FTkeNDgpk9ZI7vg,manorville-new-york
https://www.ubereats.com/nyc-suburbs/food-delivery/dairy-queen-grill-%26-chill-2846-rt-112/0IJWSvWJSLqPB_j_TmaWqw,manorville-new-york
https://www.ubereats.com/nyc-suburbs/food-delivery/sarikopa-coffee-tea-acai-bowl-and-eatery/0UkQiwoxSPKcbru6TAH5aw,manorville-new-york
https://www.ubereats.com/nyc-suburbs/food-delivery/nazs-halal-food-456-william-floyd-parkway/lgs3_O9AS7qMGp0a6DglMA,manorville-new-york
https://www.ubereats.com/nyc-suburbs/food-delivery/bernies-family-pizzeria/CxBmaU-tQ2Ghw-CAByrCBA,manorville-new-york
https://www.ubereats.com/nyc-suburbs/food-delivery/ihop-1490-old-country-road/t3Had8bMTauthtF6D1oVZA,manorville-new-york
https://www.ubereats.com/nyc-suburbs/food-delivery/dejesus-deli-taqueria/IN-yi__6QoOqjjV_qEsg2g,manorville-new-york
https://www.ubereats.com/nyc-suburbs/food-delivery/dunkin-545-william-floyd-pkwy/fUuykizxSiy7XFB0o21czg,manorville-new-york
https://www.ubereats.com/nyc-suburbs/food-delivery/burrito-palace-and-grill-miller-place/JiZhxzW7R_yq5o-OrX72dQ,manorville-new-york
https://www.ubereats.com/nyc-suburbs/food-delivery/bagel-palace/OfgV2A9ST4ux9mFSbRGgxg,manorville-new-york
https://www.ubereats.com/nyc-suburbs/food-delivery/kfc-375-route-25a/KQJy-EexRbSEHbTxVxZ_2g,manorville-new-york
https://www.ubereats.com/nyc-suburbs/food-delivery/athens-diner/NFsuqrbGRx-5zgsGPrNQbw,manorville-new-york
https://www.ubereats.com/nyc-suburbs/food-delivery/friendlys-940-montauk-hwy/gV2YJZntQtysYoQb4Cbq9g,manorville-new-york
https://www.ubereats.com/nyc-suburbs/food-delivery/brugmans-deli/7Z03prYsR9Orn-DbhtbL3A,manorville-new-york
https://www.ubereats.com/nyc-suburbs/food-delivery/taco-bell-1220-old-country-rd-rt-58/4xI0eGVdTEGcgHMOWp6TtA,manorville-new-york
https://www.ubereats.com/nyc-suburbs/food-delivery/mcdonalds-560-cord-route-111/RBzSMj-MTMq4oysKgFJCZw,manorville-new-york
https://www.ubereats.com/nyc-suburbs/food-delivery/go-burger-ridge-ny/Y-vm4MBcTHyEsTMJxzNlTw,manorville-new-york
https://www.ubereats.com/nyc-suburbs/food-delivery/country-cottage-diner-center-moriches/SZgcszyYRAe5FHn8zMLHgw,manorville-new-york
