url,city
https://www.ubereats.com/austin/food-delivery/subway-11923-us-highway-290-e/XymE07-qQHmXvK9SuOAoVQ,manor-texas
https://www.ubereats.com/austin/food-delivery/austin-daily-press/QtO8dH7dSzSk5IG51NMx6Q,manor-texas
https://www.ubereats.com/austin/food-delivery/usta-kababgy/FAch1aLoTL6QbIwHcKkfFw,manor-texas
https://www.ubereats.com/austin/food-delivery/hooties-burger-bar-2700-i-h-35/LepNRNlmQiCC0ProMzjJEw,manor-texas
https://www.ubereats.com/austin/food-delivery/stuff-it/t74Q3kkQQzustlC89CCU9g,manor-texas
https://www.ubereats.com/austin/food-delivery/ihop-3415-pflugerville/UKPtQqxcQPqJOYutaCHPZA,manor-texas
https://www.ubereats.com/austin/food-delivery/chipotle-mexican-grill-2424-fm-685/HMVtNOLTQSmV6PcM8ME97g,manor-texas
https://www.ubereats.com/austin/food-delivery/habesha-restaurant-and-bar/v-MxpDdoSpe9Z_dsZfiElg,manor-texas
https://www.ubereats.com/austin/food-delivery/tio-pepe-chicken/7MU3EVxkSP2346ggXmsy4g,manor-texas
https://www.ubereats.com/austin/food-delivery/mod-pizza-pflugerville/RJuY82I1TKGV7zPD8Gqt_Q,manor-texas
https://www.ubereats.com/austin/food-delivery/sonic-1101-fm-685/_axTRhVMSIWS73pXjsBRdw,manor-texas
https://www.ubereats.com/austin/food-delivery/which-wich-mueller/Itnn9TkXTHykeTexoJqx8Q,manor-texas
https://www.ubereats.com/austin/food-delivery/moi-vietnamese-grill/xTRBalgMQPCD-sjnnamQWw,manor-texas
https://www.ubereats.com/austin/food-delivery/masala-wok-tech-ridge/nHv1nJLmQKeEAnSpaZvOPQ,manor-texas
https://www.ubereats.com/austin/food-delivery/tropicana-cuban-restaurants/44c8We-SREqVagekyQ5zLA,manor-texas
https://www.ubereats.com/austin/food-delivery/mod-pizza-tech-ridge/xs3lW5t-SiSwBVlOEv6ztQ,manor-texas
https://www.ubereats.com/austin/food-delivery/which-wich-parmer/vmfIori4RBeHd6hsoHZskQ,manor-texas
https://www.ubereats.com/austin/food-delivery/mariscos-tampico/XgrfC5DiSWKmoKjGwYm4Dw,manor-texas
https://www.ubereats.com/austin/food-delivery/schlotzskys-canyon-ridge-dr/QdbgwWicRVehZ7R9DJNUow,manor-texas
https://www.ubereats.com/austin/food-delivery/oakwood-bbq/aQYL1X6VTkuFN7EtrXq_Mg,manor-texas
https://www.ubereats.com/austin/food-delivery/sawyer-%26-co/njOuRIPWRYuZ49w0CoqA5A,manor-texas
https://www.ubereats.com/austin/food-delivery/lbs-catering/wMF1mhsGRFyFWAA9UdHISg,manor-texas
https://www.ubereats.com/austin/food-delivery/lone-star-kolaches-pflugerville/mrYSm5j_TwShtfbgr-1ixA,manor-texas
https://www.ubereats.com/austin/food-delivery/beirut/SvCfBW8ORX-KCxULG4MehA,manor-texas
https://www.ubereats.com/austin/food-delivery/spice-fine-indian-cuisine/8KYDQ7xDQj2JipsneJCotg,manor-texas
https://www.ubereats.com/austin/food-delivery/lubys-anderson/3Y2w1-rlSZ263PfEdcqHGQ,manor-texas
https://www.ubereats.com/austin/food-delivery/papa-johns-900-east-pecan-street-suite-600/7E235jZQRAe5cpRQAuWbYw,manor-texas
https://www.ubereats.com/austin/food-delivery/bahadis-chicken-and-lounge/R0KL7QENSpG-QNMr-iKWMg,manor-texas
https://www.ubereats.com/austin/food-delivery/jack-in-the-box-904-e-braker-ln/OElUEodfSmGK4ptiEbbCLQ,manor-texas
https://www.ubereats.com/austin/food-delivery/spinners-bar-%26-grill/svfQbhxMS6qGFtCymCIU9w,manor-texas
https://www.ubereats.com/austin/food-delivery/garbos-lobster-restaurant/hJg1hd7rQt6D8L7kojD7pA,manor-texas
https://www.ubereats.com/austin/food-delivery/taco-bell-1548-e-parmer-lane/crth4AiDT1qME0dxaoojww,manor-texas
https://www.ubereats.com/austin/food-delivery/pho-ha-noi/uO75-PwRQVqnp2eTNG8Shw,manor-texas
https://www.ubereats.com/austin/food-delivery/jack-in-the-box-6540-ed-bluestein-blvd/x6G1tj_8R-OZK9cq4REenQ,manor-texas
https://www.ubereats.com/austin/food-delivery/mod-pizza-mueller-market/Yij9x44wQAyaM0SyK-vadw,manor-texas
https://www.ubereats.com/austin/food-delivery/sonic-7112-ed-bluestein-suite-160/mpPSUp0-QRqEk4JrcJZ8jw,manor-texas
https://www.ubereats.com/austin/food-delivery/jersey-mikes-subs-pflugerville-1608-town-center-drive/xqPgAtBSSg6u_F_R63lNoQ,manor-texas
https://www.ubereats.com/austin/food-delivery/jack-in-the-box-813-e-rundberg-ln/rxa-1Zq1TqmsLn9aQlQ-sA,manor-texas
https://www.ubereats.com/austin/food-delivery/smiling-donuts/J3-sg8ASQ4i_FouNCQ2X4g,manor-texas
https://www.ubereats.com/austin/food-delivery/jack-in-the-box-12310-dessau-rd/jftBFdoJSoSi-GbtkdTDMw,manor-texas
https://www.ubereats.com/austin/food-delivery/mcdonalds-lexington-st/s5f7chCLTe2Xzo8cfUhTUQ,manor-texas
https://www.ubereats.com/austin/food-delivery/shipley-donuts-1045-norwood-park-blvd/ga3zf7rSRfON_tOl_C_5dw,manor-texas
https://www.ubereats.com/austin/food-delivery/sonic-11215-us-hwy-290-e/nWD04eEmQLGcX2yr57KGhA,manor-texas
https://www.ubereats.com/austin/food-delivery/doubledaves-pizzaworks-pflugerville/bhbNjsruS8KztgzOwbiRnw,manor-texas
https://www.ubereats.com/austin/food-delivery/cafe-eden/XTLgcX8dSK6dMggVbaRObA,manor-texas
https://www.ubereats.com/austin/food-delivery/kublai-khan/lN8VhcrYQLm2og5xtAYYOw,manor-texas
https://www.ubereats.com/austin/food-delivery/doubledaves-pizzaworks-manor/pp3nP-zXSpeabL8VzWlGTw,manor-texas
https://www.ubereats.com/austin/food-delivery/krispy-krunchy-chicken-%26-hunt-brothers-pizza-pflugerville/rKOzlxUwTfyCXnwgzUQ_SA,manor-texas
https://www.ubereats.com/austin/food-delivery/coffee-%2B-crisp-cafe-109/P8XkI7uKSFWgp3is5zl8OA,manor-texas
https://www.ubereats.com/austin/food-delivery/cafe-290/jCHl_eJ7T9Cthu6VGw5Wtw,manor-texas
https://www.ubereats.com/austin/food-delivery/french-quarter-grille/rf3_GiEKSMesqXFQzoJcJg,manor-texas
https://www.ubereats.com/austin/food-delivery/taco-bell-11032-e-us-hwy-290-wb-unit-300/rERD6-X9TdK0hZ_iwTGz0A,manor-texas
https://www.ubereats.com/austin/food-delivery/taco-cabana-15002-fm-1825/XS5-PHgGT7u11zv1b07MSg,manor-texas
https://www.ubereats.com/austin/food-delivery/johnny-carinos-austin-parmer/3T45jGZ9Spmck4U3_3zkqQ,manor-texas
https://www.ubereats.com/austin/food-delivery/subway-5725-e-parmer-lane/zJNX--CnQW2DtIBfWDODuw,manor-texas
https://www.ubereats.com/austin/food-delivery/pollos-asados-el-norteno-%231/iYp9dfOkTruT_8fuKYkgJg,manor-texas
https://www.ubereats.com/austin/food-delivery/panda-express-11808-ring-dr/pZhPwxdwS3S9QDWrfShOaA,manor-texas
https://www.ubereats.com/austin/food-delivery/krispy-kreme-research-blvd/LavRQiJFS-yRrBFCcG9BoA,manor-texas
https://www.ubereats.com/austin/food-delivery/cyclo-vietnamese-and-chinese-cuisine/ITTa9cZcSqy1Jt1iHHYP7A,manor-texas
https://www.ubereats.com/austin/food-delivery/five-guys-tx-4026-2424-fm-685-ste-200/yVtIhfszSzKy6HBjRlk0Sw,manor-texas
https://www.ubereats.com/austin/food-delivery/panda-express-18600-limestone-commercial-dr/5fJlitKDTDW7O6kE8WZQLg,manor-texas
https://www.ubereats.com/austin/food-delivery/tsukimi/kmmkNz_bSIGwXVy6fab1-Q,manor-texas
https://www.ubereats.com/austin/food-delivery/jack-in-the-box-3760-gattis-school-rd/0cSxfHWLQVKZ7eDp8_caHQ,manor-texas
https://www.ubereats.com/austin/food-delivery/china-spice-seafood-restaurant/R6ZEU321QnC4B8ZGadeEFg,manor-texas
https://www.ubereats.com/austin/food-delivery/springhill-restaurant/wVUTZxU8R2ahRXc0CntIgQ,manor-texas
https://www.ubereats.com/austin/food-delivery/taco-bell-1925-airport-blvd/GdQSWKS4SkKaHQA3Ygyy1w,manor-texas
https://www.ubereats.com/austin/food-delivery/stonehouse-wood-fire-grill/-6M24kR-RUOKrhvW5rIyfQ,manor-texas
https://www.ubereats.com/austin/food-delivery/tres-amigos-austin/0g3P_uuXT-mtWzBI1MpPYw,manor-texas
https://www.ubereats.com/austin/food-delivery/malone-specialty-coffee-pflugerville/1DZAuANXRWacBsOsQDWQmw,manor-texas
https://www.ubereats.com/austin/food-delivery/china-kitchen/xzIoPgVBS-yDXvo6lj85rQ,manor-texas
https://www.ubereats.com/austin/food-delivery/taco-bell-5604-cameron-rd/LmfshD0GTwSGpKNU3cyxgQ,manor-texas
https://www.ubereats.com/austin/food-delivery/taco-bell-1605-west-pecan-street/t_7NnnKfSUa1dIINkf8liA,manor-texas
https://www.ubereats.com/austin/food-delivery/baris-pasta-%26-pizza/fHAOrVriSamIWc6sEbpvIg,manor-texas
https://www.ubereats.com/austin/food-delivery/sonic-1815-airport-blvd/W1P18UsVRqqW8yz7U-j9oQ,manor-texas
https://www.ubereats.com/austin/food-delivery/zaxbys-1301-fm-685/HV8Mwd8yQEGVT2wjBAc-OA,manor-texas
https://www.ubereats.com/austin/food-delivery/the-vegan-beggars-kitchen-llc/62MFCJZ9TdqAmda1L1R5ag,manor-texas
https://www.ubereats.com/austin/food-delivery/sushi-japon/XtyiOQ7PSjukzC-8mKUJ_w,manor-texas
https://www.ubereats.com/austin/food-delivery/wiseguys-a-chicago-eatery-round-rock/Drsy2bb-SUWjvSpG9GVqsQ,manor-texas
https://www.ubereats.com/austin/food-delivery/starbucks-us-290-%26-lexington/GiWTuT4hQ-26FquNis9iEA,manor-texas
https://www.ubereats.com/austin/food-delivery/joes-italian-kitchen/u0oeVRGMSNewgW2AsU6fSQ,manor-texas
https://www.ubereats.com/austin/food-delivery/krab-kingz-pflugerville/93LkDn5fTKuiFwEz95ghhw,manor-texas
https://www.ubereats.com/austin/food-delivery/pita-fusion-round-rock/a7jtohE7T1mrQlJuQ5IGYA,manor-texas
https://www.ubereats.com/austin/food-delivery/tortilleria-la-sabrocita-austin/2lONCdaNT4WhVjoptbDekQ,manor-texas
https://www.ubereats.com/austin/food-delivery/quiznos-round-rock/qf5G8CdKThiWiBDqTSi6jQ,manor-texas
https://www.ubereats.com/austin/food-delivery/lick-honest-ice-creams-east-austin/FBGBCwNpTqGCF1F-pjGU8w,manor-texas
https://www.ubereats.com/austin/food-delivery/wendys-11923-us-290-e/xyCSKbn0TNyFaJlztCA55Q,manor-texas
https://www.ubereats.com/austin/food-delivery/island-fork/7wiKZ1prS2iGZiacp4TAKg,manor-texas
https://www.ubereats.com/austin/food-delivery/jack-in-the-box-1700-fm-685/Dc8TxAFpSLGLtVPkIxB_IA,manor-texas
https://www.ubereats.com/austin/food-delivery/sprinkles-austin-domain-northside/OzcB-4LeT0WQRrHXscsfrA,manor-texas
https://www.ubereats.com/austin/food-delivery/jack-in-the-box-14910-fm-1825/-1MEY505Q8yOc84WOEv3eA,manor-texas
https://www.ubereats.com/austin/food-delivery/shakers-at-spare-time-texas/d1ZNEHPeRkaYNJvzdBUgyA,manor-texas
https://www.ubereats.com/austin/food-delivery/burger-king-farm-to-market-969/_JRcyW__SL-GtYid7B1pug,manor-texas
https://www.ubereats.com/austin/food-delivery/kfc-7206-ed-bluestein-blvd/LMthjBMGTcyZlebADXQ_Ww,manor-texas
https://www.ubereats.com/austin/food-delivery/huahuasco-grill-mexican-cuisine/7VAOg8p3TSGIi9F6WDk6xw,manor-texas
https://www.ubereats.com/austin/food-delivery/jack-in-the-box-8706-e-hwy-290/WFDvy_r8Tdaoc7L15qMMGQ,manor-texas
https://www.ubereats.com/austin/food-delivery/sonic-2014-pecan-st/bN5eDLVtSDSykkBoLVonyg,manor-texas
https://www.ubereats.com/austin/food-delivery/pita-shack/RRK1x01NSX6Jl7l31YMNYg,manor-texas
https://www.ubereats.com/austin/food-delivery/freebirds-world-burrito-1100-center-ridge-dr-blgd-3-ste-380/FXXsFwgaRu2d7b6IDrosTQ,manor-texas
https://www.ubereats.com/austin/food-delivery/dickeys-bbq-pit-louis-henna-blvd-%26-greenlawn-blvd/gIsbCi1LQKed0jzVM5Rbcg,manor-texas
https://www.ubereats.com/austin/food-delivery/chipotle-mexican-grill-1201-barbara-jordan-blvd-ste-1300/2F3upvhlTZi2ezpCXwP42A,manor-texas
https://www.ubereats.com/austin/food-delivery/east-side-dumplings-montopolis/hgJfZboDRuSs3IsWhloR7w,manor-texas
https://www.ubereats.com/austin/food-delivery/caliber-coffee/7zEVCMpWSzetyElIaJTTfA,manor-texas
https://www.ubereats.com/austin/food-delivery/balkan-cafe-%26-grill/aCYTiruYTQaK-MG46G1CwA,manor-texas
https://www.ubereats.com/austin/food-delivery/ka-prow-thai-and-sushi-bistro/3JepyvFYTmGrdECcXLoIxw,manor-texas
https://www.ubereats.com/austin/food-delivery/dairy-queen-1701-w-pecan-st/Fj7tb-3xQ2OgXTXTA4R5vw,manor-texas
https://www.ubereats.com/austin/food-delivery/papa-johns-1610-east-parmer-lane/xunMJAGvRR6Cdi9ZqFfFNQ,manor-texas
https://www.ubereats.com/austin/food-delivery/the-delicatessen-co/RQqSeREqRE2J2whDnq90aw,manor-texas
https://www.ubereats.com/austin/food-delivery/fish-%26-chicken-shack/-cPUuGr1QpmxfxAvj_JKHA,manor-texas
https://www.ubereats.com/austin/food-delivery/golden-chick-pflugerville/uQOZ568STe-D1i5BCaa_KQ,manor-texas
https://www.ubereats.com/austin/food-delivery/hurricane-grill-%26-wings-2701-parker-rd/3q3SzMi6S2qqe16Q9kgRew,manor-texas
https://www.ubereats.com/austin/food-delivery/taco-bell-1016-e-anderson-ln/Jz40SvNxSMy_6jpJsVhpUQ,manor-texas
https://www.ubereats.com/austin/food-delivery/california-flaming-burgers-%26-wings/fUQvB9vLQaSCK2GCBQVnWA,manor-texas
https://www.ubereats.com/austin/food-delivery/southern-style-foods/umOrlPmOTrGTJQ9Js-VTiA,manor-texas
https://www.ubereats.com/austin/food-delivery/new-sitara-indian-cuisine/ZgHaAzD5SkisLKrWDeVDww,manor-texas
https://www.ubereats.com/austin/food-delivery/zaviya-grill/7IPOd-AMRnaW7jPVTrD7Ag,manor-texas
https://www.ubereats.com/austin/food-delivery/desano-pizzeria-napoletana-austin/iUR0JhPqQdKANnIFLnbKNw,manor-texas
https://www.ubereats.com/austin/food-delivery/rolling-with-sam/k_kz2CezT2q_8ylkjO5C_w,manor-texas
https://www.ubereats.com/austin/food-delivery/terrys-seafood-and-chicken/h7wFYhaiTyCYvqZ2ax-17w,manor-texas
https://www.ubereats.com/austin/food-delivery/me-so-poke/EMnUqlDMQDyUOxyjbf_DBQ,manor-texas
https://www.ubereats.com/austin/food-delivery/menchies-frozen-yogurt-2324-farm-to-market-685/s7ruIUMzSzyWiKtWhj5dDg,manor-texas
https://www.ubereats.com/austin/food-delivery/donns-bbq-fm-969/tXeg0xfnQIeN-37CYzzk4Q,manor-texas
https://www.ubereats.com/austin/food-delivery/taco-bell-1712-fm-685/iqXIT54GRquAmgjWZq9jMg,manor-texas
https://www.ubereats.com/austin/food-delivery/pho-phi/SFfD4wjMR1OEdonseP7D2A,manor-texas
https://www.ubereats.com/austin/food-delivery/taqueria-arandinas-lamar/C1rbh2keTe-830Z4Zm0H8w,manor-texas
https://www.ubereats.com/austin/food-delivery/fortune-house/aqeshwqzShKvcuEcqBvDhw,manor-texas
https://www.ubereats.com/austin/food-delivery/el-taquito-pflugerville/59iKcAmjQkC7ySqsNT0UzQ,manor-texas
https://www.ubereats.com/austin/food-delivery/mcdonalds-parmer-ln-iii/n7XbwN_iSAaXDA2J6Yyabw,manor-texas
https://www.ubereats.com/austin/food-delivery/happy-dragon-bistro/BL-lgEiITZe9s2rj6_OPSg,manor-texas
https://www.ubereats.com/austin/food-delivery/dennys-7100-north-i-35/t0-pfFicTBydLJQYUsBAeg,manor-texas
https://www.ubereats.com/austin/food-delivery/sonic-1605-east-parmer-lane/d7OYex2OS4qFvrcz0pLzfw,manor-texas
https://www.ubereats.com/austin/food-delivery/pokeatery-austin/Z2gMR1udQUqi3uspjmSkqg,manor-texas
