url,city
https://www.ubereats.com/new-jersey/food-delivery/peachwave-of-mount-laurel/FD0ZnwTZQt2EO2UFvYBSLA,maple-shade-new-jersey
https://www.ubereats.com/new-jersey/food-delivery/mcdonalds-4057-route-130/ODc2h4v_SDuIilFwEIQsRA,maple-shade-new-jersey
https://www.ubereats.com/new-jersey/food-delivery/kaffir-thai/xIIRQPWzSGW3MdUYcH8Gvw,maple-shade-new-jersey
https://www.ubereats.com/new-jersey/food-delivery/dunkin-2441-route-38/UwUKWa-5RQehIuoyaeuMnA,maple-shade-new-jersey
https://www.ubereats.com/new-jersey/food-delivery/carlos-bakery-marlton/aLb-mbV8SwGPXZm57Rq0yA,maple-shade-new-jersey
https://www.ubereats.com/new-jersey/food-delivery/bagelati/UY2zeE_rRKKC2EtH6ADUaA,maple-shade-new-jersey
https://www.ubereats.com/new-jersey/food-delivery/primohoagies-3111-state-hwy-no-38-w/DORqGcdBQ1-p26x2fNutIg,maple-shade-new-jersey
https://www.ubereats.com/new-jersey/food-delivery/applebees-1102-route-73/7chw4TjsTzi6yvZrnVZnSg,maple-shade-new-jersey
https://www.ubereats.com/new-jersey/food-delivery/arbys-804-white-horse-pike/sJpW47NgRH-9D7hXVFuB-A,maple-shade-new-jersey
https://www.ubereats.com/new-jersey/food-delivery/jalapenos-grill-2-oaklyn/KZQP5-zlQhiJ60JkHc42Rw,maple-shade-new-jersey
https://www.ubereats.com/new-jersey/food-delivery/zoes-kitchen-500-route-73-south-ste-b-7/4IyjaisKT_690YSV0H_C5Q,maple-shade-new-jersey
https://www.ubereats.com/new-jersey/food-delivery/angelos-pizza/R0edlnbWQ9ex8FDliMe92Q,maple-shade-new-jersey
https://www.ubereats.com/new-jersey/food-delivery/five-guys-nj-1269-161-rt-73-south/d3eV2sBIRgiWxGJGH-Qecw,maple-shade-new-jersey
https://www.ubereats.com/new-jersey/food-delivery/boiling-house/rTefHyOQRaS29YvGzM7hjA,maple-shade-new-jersey
https://www.ubereats.com/new-jersey/food-delivery/bertuccis-515-north-route-73/CQdnou4vRwmg4o7vGWw7cw,maple-shade-new-jersey
https://www.ubereats.com/new-jersey/food-delivery/burger-king-175-north-black-horse-pike/NdrmsKZcRniXrkOEWivAkg,maple-shade-new-jersey
https://www.ubereats.com/new-jersey/food-delivery/jzs-fishwing/aT3opLu_QoCE_2cAgch3wQ,maple-shade-new-jersey
https://www.ubereats.com/new-jersey/food-delivery/tandoori-kabab/r3VZv2N5QUme2sUxMZL3QQ,maple-shade-new-jersey
https://www.ubereats.com/new-jersey/food-delivery/auntie-annes-400-route-38-spc-1080/CGBtbdRLRPWYT9covt4B0w,maple-shade-new-jersey
https://www.ubereats.com/new-jersey/food-delivery/voorhees-diner/c3U4CQxtQfK8lQnxAyoxJg,maple-shade-new-jersey
https://www.ubereats.com/new-jersey/food-delivery/bricco-coal-fired-pizza/ClcSodJPRCedlbXpjaQxvg,maple-shade-new-jersey
https://www.ubereats.com/new-jersey/food-delivery/fevzis-mediterranean-grill/cvHqayf-TFeUgsst910pWA,maple-shade-new-jersey
https://www.ubereats.com/new-jersey/food-delivery/wild-wing-cafe-barrington/2j9Zdry7SnyfWyuzqILkVg,maple-shade-new-jersey
https://www.ubereats.com/new-jersey/food-delivery/taco-bell-2035-rt-130-north/MIzGPNFyQXyf9jK45IAtgg,maple-shade-new-jersey
https://www.ubereats.com/new-jersey/food-delivery/fusionbay/YKwgfhiBT86Qj3IN-cepkA,maple-shade-new-jersey
https://www.ubereats.com/new-jersey/food-delivery/tony-sopranos-pizza-haddonfield-rd/dPW9yEgaR22HVLiuZcCcLg,maple-shade-new-jersey
https://www.ubereats.com/new-jersey/food-delivery/firehouse-subs-1203-nixon-drive/8F7EAMmlRDOYCXkdZin-ew,maple-shade-new-jersey
https://www.ubereats.com/new-jersey/food-delivery/ten-asian-food-hall-cherry-hill-nj/cvl-KFlZQDCQEXJxx0-3JA,maple-shade-new-jersey
https://www.ubereats.com/new-jersey/food-delivery/honeygrow-1586-kings-highway-n/gRM18vSbT5e_LHJvcxEfGg,maple-shade-new-jersey
https://www.ubereats.com/new-jersey/food-delivery/chickies-%26-petes-marlton/SP9UTLvoTmuUZlGwsm3TkQ,maple-shade-new-jersey
https://www.ubereats.com/new-jersey/food-delivery/dads-deli-%26-catering/3DrFxvN7SN6kosHb7CB56A,maple-shade-new-jersey
https://www.ubereats.com/new-jersey/food-delivery/moes-southwest-grill-1055-nixon-drive/7sZrVlIiRJmR60sig-76Dg,maple-shade-new-jersey
https://www.ubereats.com/new-jersey/food-delivery/pizza-hut-798-woodlane-rd-unit-%2315/VS8n9oM0RbeEGVKd2dFG6w,maple-shade-new-jersey
https://www.ubereats.com/new-jersey/food-delivery/bertuccis-mount-laurel/nlDkKIzxSKqQwVGkZun9wA,maple-shade-new-jersey
https://www.ubereats.com/new-jersey/food-delivery/amici-restaurant/tWfpXDV3SN6AU8WBMHODoQ,maple-shade-new-jersey
https://www.ubereats.com/new-jersey/food-delivery/arbys-220-n-maple-ave/Y4nRhzOKTSOXxUOJbg33Og,maple-shade-new-jersey
https://www.ubereats.com/new-jersey/food-delivery/burger-king-654-longwood-ave/V1EMysKLRJW9dksTkGXGew,maple-shade-new-jersey
https://www.ubereats.com/new-jersey/food-delivery/hash-house-a-go-go-moorestown/fAQWSnnsT-2DFGTduTBosg,maple-shade-new-jersey
https://www.ubereats.com/new-jersey/food-delivery/krispy-krunchy-chicken-529-richey-avenue/hn1SDWt4QFOlI-5v-e47Jg,maple-shade-new-jersey
https://www.ubereats.com/new-jersey/food-delivery/ra-sushi-cherry-hill/CLCsk1bYTcGeotF5OMGu_Q,maple-shade-new-jersey
https://www.ubereats.com/new-jersey/food-delivery/lai-thai-cuisine/2UDrHBoZQ5Wm5Qf6dOuhjA,maple-shade-new-jersey
https://www.ubereats.com/new-jersey/food-delivery/suki-hana-inside-moorestown-mall-dining-court/N9EYHwruTR2xdg76jNix7g,maple-shade-new-jersey
https://www.ubereats.com/new-jersey/food-delivery/on-the-border-mt-laurel/IKjntLWgSaKeuRfFdRftnQ,maple-shade-new-jersey
https://www.ubereats.com/new-jersey/food-delivery/red-lobster-2100-route-38/DxKSKJE1QsKYlRtL6tFusA,maple-shade-new-jersey
https://www.ubereats.com/new-jersey/food-delivery/prospectors-steakhouse-%26-saloon/Fay6ge2TQOe-rY1g4my3tQ,maple-shade-new-jersey
https://www.ubereats.com/new-jersey/food-delivery/primohoagies-604-haddon-avenue/ipEyavduRlqbHAv3tbAJqQ,maple-shade-new-jersey
https://www.ubereats.com/new-jersey/food-delivery/hen-vietnamese-eatery/3MUx1JTwSa-aMoUJ82K5eQ,maple-shade-new-jersey
https://www.ubereats.com/new-jersey/food-delivery/il-villaggio/OG97dIu_TfCi-BCXSPAAXQ,maple-shade-new-jersey
https://www.ubereats.com/new-jersey/food-delivery/no-1-china-chinese-restaurant/lyyaljKAR_eeftO_kD_k8A,maple-shade-new-jersey
https://www.ubereats.com/new-jersey/food-delivery/buffalo-wild-wings-1598-nixon-dr/TPN3FhvVQG6r8tZDkIhHrg,maple-shade-new-jersey
https://www.ubereats.com/new-jersey/food-delivery/wing-squad-marlton/4MV_weVCQiOaYKiU9gZOpA,maple-shade-new-jersey
https://www.ubereats.com/new-jersey/food-delivery/little-caesars-pizza-5000-n-crescent-blvd/7fuFw3XqSSK8Gn6t7wEMkw,maple-shade-new-jersey
https://www.ubereats.com/new-jersey/food-delivery/chick-fil-a-400-haddonfield-rd/EmDCLXexSjyo263AUs0mYw,maple-shade-new-jersey
https://www.ubereats.com/new-jersey/food-delivery/healthy-garden-and-gourmet-pizza-collingswood/F310L7fkSEKT2VMxIbJmjQ,maple-shade-new-jersey
https://www.ubereats.com/new-jersey/food-delivery/singapore-restaurant-and-sushi-bar/blZgH2_6TrKmIIfS-msn6Q,maple-shade-new-jersey
https://www.ubereats.com/new-jersey/food-delivery/turning-point-of-moorestown/k8JXL6dQT5uyev_QbDIi8Q,maple-shade-new-jersey
https://www.ubereats.com/new-jersey/food-delivery/yi-pin-cuisine/cO_kOqm4RXWtxgx8BLB1fQ,maple-shade-new-jersey
https://www.ubereats.com/new-jersey/food-delivery/kaminskis-sports-bar-and-grill/wKSILQlKQb2tXY8HlPgSZQ,maple-shade-new-jersey
https://www.ubereats.com/new-jersey/food-delivery/friendlys-route-70-west/gwTvQFE0TPOefyUjobXF-Q,maple-shade-new-jersey
https://www.ubereats.com/new-jersey/food-delivery/china-house/0u0hNclkSRqVhMj1Y7E6BQ,maple-shade-new-jersey
https://www.ubereats.com/new-jersey/food-delivery/blue-fig-cafe/tC9_RpxHSu29_OIgNrtgYw,maple-shade-new-jersey
https://www.ubereats.com/new-jersey/food-delivery/graces-bistro/Pi7c9mbLRfmOv_pPlOD4IQ,maple-shade-new-jersey
https://www.ubereats.com/new-jersey/food-delivery/ohana-poke-bowl/mXKjjduaQPOCi_oO_FQVQg,maple-shade-new-jersey
https://www.ubereats.com/new-jersey/food-delivery/chipotle-mexican-grill-115-route-130-s/_KwIsUqVSjGnmGbanZTItQ,maple-shade-new-jersey
https://www.ubereats.com/new-jersey/food-delivery/smashburger-490-s-lenola-rd/phbNbYs0RJOn75FALaDkCg,maple-shade-new-jersey
https://www.ubereats.com/new-jersey/food-delivery/ammas-south-indian-cuisine/xvQZiYB2RBqJhJiKfijoog,maple-shade-new-jersey
https://www.ubereats.com/new-jersey/food-delivery/playa-bowls-cherry-hill/WwWjJUx8S7i7bpJJd3cXew,maple-shade-new-jersey
https://www.ubereats.com/new-jersey/food-delivery/dunkin-1860-marlton-pike-e/aeIkqP8vRS6LDHt809CsAA,maple-shade-new-jersey
https://www.ubereats.com/new-jersey/food-delivery/embers-restaurant/r7Ic_fjjQAK_IUmffmcK-w,maple-shade-new-jersey
https://www.ubereats.com/new-jersey/food-delivery/five-guys-nj-0496-127-g-route-130/RgRlZdNsRV-vKsvQsT2v7g,maple-shade-new-jersey
https://www.ubereats.com/new-jersey/food-delivery/flemings-prime-steakhouse-%26-wine-bar-marlton/hDM0sDGsSZa5B9xa1r1zEw,maple-shade-new-jersey
https://www.ubereats.com/new-jersey/food-delivery/redhouse-bagels/wlNrruyUR1-Di_VFV0S2tQ,maple-shade-new-jersey
https://www.ubereats.com/new-jersey/food-delivery/burger-king-2795-south-route-73/uLCncv-aRnGMLQyef_Yq7w,maple-shade-new-jersey
https://www.ubereats.com/new-jersey/food-delivery/chipotle-mexican-grill-500-route-73-s/fgIhY954SA6OnH1ZrkUrfQ,maple-shade-new-jersey
https://www.ubereats.com/new-jersey/food-delivery/frosty-delights/sqZII_cvQvqFQdg6qTN8Ow,maple-shade-new-jersey
https://www.ubereats.com/new-jersey/food-delivery/ristorante-al-fresco/G94dRJHSSZiOe30fL7MqBw,maple-shade-new-jersey
https://www.ubereats.com/new-jersey/food-delivery/outback-steakhouse-230-lake-drive-east/jfTRyQMoRwKDGDNMSfatIw,maple-shade-new-jersey
https://www.ubereats.com/new-jersey/food-delivery/first-watch-cherry-hill/e8uIYErlRlSfX-kP3-SQIQ,maple-shade-new-jersey
https://www.ubereats.com/new-jersey/food-delivery/papa-johns-1000-cooper-street/zo_6IbTERkqGzyKHFuVJVw,maple-shade-new-jersey
https://www.ubereats.com/new-jersey/food-delivery/outback-steakhouse-1709-deptford-center-road/WW3M9T1DT9-Q2n97cIh93Q,maple-shade-new-jersey
https://www.ubereats.com/new-jersey/food-delivery/zoes-kitchen-1205-nixon-drive/neLWlN_BQYyLLBDYQYi8yA,maple-shade-new-jersey
https://www.ubereats.com/new-jersey/food-delivery/di-nics-oven-roasted-beef/pji_XtrFTEiUakQRF3lo5g,maple-shade-new-jersey
https://www.ubereats.com/new-jersey/food-delivery/amys-omelette-house/pfSD6wBTR5el-GisfYm9pg,maple-shade-new-jersey
https://www.ubereats.com/new-jersey/food-delivery/krispy-krunchy-chicken-300-charleston-rd/6QXdC7SpQtu28CkVqNkjbg,maple-shade-new-jersey
https://www.ubereats.com/new-jersey/food-delivery/dunkin-1410-route-38/G6mV8klrTOu1G4Te-MvKDQ,maple-shade-new-jersey
https://www.ubereats.com/new-jersey/food-delivery/tgi-fridays-636-mt-laurel/lB9c8j2mRd6FIQoat3D_mg,maple-shade-new-jersey
https://www.ubereats.com/new-jersey/food-delivery/papa-johns-1200-church-street-ste-111/sOnEZTaIT_CN5afJ7ZKh6g,maple-shade-new-jersey
https://www.ubereats.com/new-jersey/food-delivery/anthonys-coal-fired-pizza-7000-midlantic-dr/GfCWdTd-SNyDZSPXH1cn9g,maple-shade-new-jersey
https://www.ubereats.com/new-jersey/food-delivery/panera-1500-nixon-drive/hCkPbg_ySceNmfUp3CO4AA,maple-shade-new-jersey
https://www.ubereats.com/new-jersey/food-delivery/cocina-azteca/Xtk_5BR3QGmuGBFPLmsgPw,maple-shade-new-jersey
https://www.ubereats.com/new-jersey/food-delivery/ojala-chicken-%26-tacos/d0CG5fqFR3eJHbdeOw587A,maple-shade-new-jersey
https://www.ubereats.com/new-jersey/food-delivery/arbys-100-black-horse-pike/eGMRCfeYR4y1nJj8Ejgehg,maple-shade-new-jersey
https://www.ubereats.com/new-jersey/food-delivery/saladworks-914-n-route-73/zphrWa6eQxKiN6hCxCiw7g,maple-shade-new-jersey
https://www.ubereats.com/new-jersey/food-delivery/mi-ranchito-mexican-food-store/Ht44frU6R12EDJjfhGDiAQ,maple-shade-new-jersey
https://www.ubereats.com/new-jersey/food-delivery/wendys-7321-north-crescent-blvd/pX9mCKLdRJyEiTqkUIETSg,maple-shade-new-jersey
https://www.ubereats.com/new-jersey/food-delivery/reytas-filipino-cuisine/d347dT_DRNWZctTE2dclxw,maple-shade-new-jersey
https://www.ubereats.com/new-jersey/food-delivery/taco-bell-4006-route-130/I7BlvvQcQNOPXI5ntvN_lw,maple-shade-new-jersey
https://www.ubereats.com/new-jersey/food-delivery/burger-king-1071-route-73/jYkAZqzBQzeqhgmZVB4c9w,maple-shade-new-jersey
https://www.ubereats.com/new-jersey/food-delivery/ten-hot-pot-%26-crabby-crab/bV98X4niSaSQ88lh1WqOig,maple-shade-new-jersey
https://www.ubereats.com/new-jersey/food-delivery/krispy-krunchy-chicken-2100-mount-empraim-ave/ycmX-dXFQKa3vLG9urg47g,maple-shade-new-jersey
https://www.ubereats.com/new-jersey/food-delivery/jersey-mikes-subs-195-route-130/mI401hh3Ski7BZ32yQwIaw,maple-shade-new-jersey
https://www.ubereats.com/new-jersey/food-delivery/dunkin-6324-n-crescent-blvd/W05uOoodQOebxbe3udYNOA,maple-shade-new-jersey
https://www.ubereats.com/new-jersey/food-delivery/joes-pizza/cSVgK2i9STeuhWinpmS1SQ,maple-shade-new-jersey
https://www.ubereats.com/new-jersey/food-delivery/starbucks-rt-38-%26-lenola-rd/daHtxST3TAWC2-7hJLT9WQ,maple-shade-new-jersey
https://www.ubereats.com/new-jersey/food-delivery/dunkin-101-route-70-e/xVELmTkKQom-JmYztztZVQ,maple-shade-new-jersey
https://www.ubereats.com/new-jersey/food-delivery/jersey-mikes-1624-nixon-drive/9X1TFZGeRgGi2jKdP4zJ4g,maple-shade-new-jersey
https://www.ubereats.com/new-jersey/food-delivery/fontana-cafe/0kg1hu69RritFUr4X8FNOw,maple-shade-new-jersey
https://www.ubereats.com/new-jersey/food-delivery/checkers-6720-south-crescent-blvd/1h1lM9HVRF20cnBW47osxQ,maple-shade-new-jersey
https://www.ubereats.com/new-jersey/food-delivery/jersey-mikes-908-route-73-north/Wn-S_Dl5TsCbypno-FgYIQ,maple-shade-new-jersey
https://www.ubereats.com/new-jersey/food-delivery/kfc-taco-bell-2821-route-73-south/JclI10pZSwOOSd3fwsN4-Q,maple-shade-new-jersey
https://www.ubereats.com/new-jersey/food-delivery/montesini-gourmet-pizza-%26-pasta/oe-bAh-DR7iEnYAP39q8hQ,maple-shade-new-jersey
https://www.ubereats.com/new-jersey/food-delivery/healthy-garden-and-gourmet-pizza-moorestown/40ecCvfTRIazXo2QaAM04Q,maple-shade-new-jersey
https://www.ubereats.com/new-jersey/food-delivery/tao-yuan-bistro/izZ_V-emT1SQtP_MDtFGKA,maple-shade-new-jersey
https://www.ubereats.com/new-jersey/food-delivery/casa-nostra/8lmek-o1SA29LsDPyg4gaA,maple-shade-new-jersey
https://www.ubereats.com/new-jersey/food-delivery/the-habit-burger-grill-706-haddonfield-rd-suite-8/MMm1aQhzS3OjUQnYNUC1fQ,maple-shade-new-jersey
https://www.ubereats.com/new-jersey/food-delivery/go-stir-fry/ou9UHO-QRhKoXRir26mGHw,maple-shade-new-jersey
https://www.ubereats.com/new-jersey/food-delivery/nerys-place/ngVARrfDT8iZMBcTw8VC7Q,maple-shade-new-jersey
https://www.ubereats.com/new-jersey/food-delivery/qdoba-mexican-grill-1630-kings-hwy/VdOhHYv1RWi8VDWFxKLjdQ,maple-shade-new-jersey
https://www.ubereats.com/new-jersey/food-delivery/chipotle-mexican-grill-882-route-73-n-ste-a/GByu5N8BQIen7Qg88nQSmQ,maple-shade-new-jersey
https://www.ubereats.com/new-jersey/food-delivery/dunkin-1215-sr-73/lkCHURq4Q16xLKODwlimXg,maple-shade-new-jersey
https://www.ubereats.com/new-jersey/food-delivery/dolsot-house-korean-restaurant/BYSoRv25QFycR6ZdBqN2-w,maple-shade-new-jersey
https://www.ubereats.com/new-jersey/food-delivery/wing-squad-mount-laurel/WUUyoKFYSji59ij48Vnbdw,maple-shade-new-jersey
https://www.ubereats.com/new-jersey/food-delivery/five-guys-nj-0289-1650-nixon-dr/qjFtqPb1S9G_w8EyACTCmA,maple-shade-new-jersey
https://www.ubereats.com/new-jersey/food-delivery/cracker-barrel-old-country-store-1240-route-73/n3hjbhGCSJSYz0x6e4FiBQ,maple-shade-new-jersey
https://www.ubereats.com/new-jersey/food-delivery/dunkin-100-church-rd/QUzw8Ja5Sxqu9JcOIk_kLQ,maple-shade-new-jersey
https://www.ubereats.com/new-jersey/food-delivery/tejas-grill/Aq8C86eEQ3u8e2kDsxxvIg,maple-shade-new-jersey
https://www.ubereats.com/new-jersey/food-delivery/alfredo-s-brazilian-steakhouse/JIisGfwMQhyxkDfRIYeeGw,maple-shade-new-jersey
https://www.ubereats.com/new-jersey/food-delivery/dunkin-2325-route-70-west/4y9aQWY0TX2Fu4h_a1Vncg,maple-shade-new-jersey
https://www.ubereats.com/new-jersey/food-delivery/cherry-hill-diner/RvQPJasuSEOrLwrNmZ2piw,maple-shade-new-jersey
https://www.ubereats.com/new-jersey/food-delivery/eden-korean-restaurant/P-82ZdsOTPK8sEXZgCNEFw,maple-shade-new-jersey
https://www.ubereats.com/new-jersey/food-delivery/dunkin-901-old-marlton-pike-west/J_aGJmyeQXOJND67gSY2LA,maple-shade-new-jersey
https://www.ubereats.com/new-jersey/food-delivery/the-kitchen-consiglere/c_Iv3br-RDSVk1ICn_atlw,maple-shade-new-jersey
https://www.ubereats.com/new-jersey/food-delivery/applebees-1102-route-73-south-%2377056/dY342oWcQSusr31AaqnmBw,maple-shade-new-jersey
https://www.ubereats.com/new-jersey/food-delivery/dunkin-461-route-38-west/e5VpfYGQTPKU4Y5eUII9Vg,maple-shade-new-jersey
https://www.ubereats.com/new-jersey/food-delivery/trappixx-jamaican-restaurant/DFSvz2yXSUmMQB94mlNGaQ,maple-shade-new-jersey
https://www.ubereats.com/new-jersey/food-delivery/eddies-pizza-ll/FLOKBSJLSlOGJFH381x6JA,maple-shade-new-jersey
https://www.ubereats.com/new-jersey/food-delivery/vitarellis-restaurant/m3RcWfSaQ9WkhbIKEzqacA,maple-shade-new-jersey
https://www.ubereats.com/new-jersey/food-delivery/papa-johns-600-john-f-kennedy-way/HWilZETYRGqrVEROZyHkpQ,maple-shade-new-jersey
https://www.ubereats.com/new-jersey/food-delivery/pizza-hut-512-haddonfield-rd/28XWOimgTM27Zfs-eDMaaw,maple-shade-new-jersey
https://www.ubereats.com/new-jersey/food-delivery/iron-hill-brewery-%26-restaurant-maple-shade/RK8hgLa1ThqhLlWxGbtICg,maple-shade-new-jersey
https://www.ubereats.com/new-jersey/food-delivery/vincents-brick-oven-pizzeria/eaCe9UhTRE-qbqthl34fiw,maple-shade-new-jersey
https://www.ubereats.com/new-jersey/food-delivery/famous-daves-104-route-70-west/EMvo0j1YSD2x2hz1kxfu5A,maple-shade-new-jersey
https://www.ubereats.com/new-jersey/food-delivery/select-pizza-%7C-grill-cherry-hill/7O6KEib_SiWfbXyzrnhRTQ,maple-shade-new-jersey
https://www.ubereats.com/new-jersey/food-delivery/carrabbas-500-route-nj-38-e/ml5ZvhsQSASN2QAxLB1Tpg,maple-shade-new-jersey
https://www.ubereats.com/new-jersey/food-delivery/dunkin-807-route-73/nUiMFfR8RkWSsFQGR1emiQ,maple-shade-new-jersey
https://www.ubereats.com/new-jersey/food-delivery/desi-food-junction/jcydv9xQQFy3qNkdr1MSag,maple-shade-new-jersey
https://www.ubereats.com/new-jersey/food-delivery/wendys-74-centerton-road/haX9Qw4AQJiBy1KBE26ogQ,maple-shade-new-jersey
https://www.ubereats.com/new-jersey/food-delivery/dunkin-5245-marleton-pike/sNe0F98wTTSInBLv2N3BfQ,maple-shade-new-jersey
https://www.ubereats.com/new-jersey/food-delivery/b-good-500-route-73-s/p7PEr6aPQz6oHLmbW0eZyQ,maple-shade-new-jersey
https://www.ubereats.com/new-jersey/food-delivery/tgi-fridays-634-cherry-hill-nj/nEKy7JWrRAyOt-TghDY-7Q,maple-shade-new-jersey
https://www.ubereats.com/new-jersey/food-delivery/megu-haddonfield/_xhWS-wiRMS7_vs-gwpcEw,maple-shade-new-jersey
https://www.ubereats.com/new-jersey/food-delivery/sweet-charlies-haddonfield/KM8Ks5PwSS-u5MIHRkOdHg,maple-shade-new-jersey
https://www.ubereats.com/new-jersey/food-delivery/mcdonalds-2428-kaighns-avenue/YeCGJaZpTsaEQOqN7saJ7Q,maple-shade-new-jersey
https://www.ubereats.com/new-jersey/food-delivery/dunkin-3601-route-38/OAvT7A_5QtSOPM5ixnPRoA,maple-shade-new-jersey
https://www.ubereats.com/new-jersey/food-delivery/carluccis-waterfront/Bkm_-iAhTzChz0oUIrpekQ,maple-shade-new-jersey
https://www.ubereats.com/new-jersey/food-delivery/frutta-bowls/aDRPqE9MQMWINQFw69-bWQ,maple-shade-new-jersey
https://www.ubereats.com/new-jersey/food-delivery/wawa-960-1115-rt-73/Nf2igX3MS0Gb9ezDHKKt6w,maple-shade-new-jersey
https://www.ubereats.com/new-jersey/food-delivery/9106-bonefish-grill-500-route-73-north/HCKoYrRCQiS4mvleUsKLZQ,maple-shade-new-jersey
https://www.ubereats.com/new-jersey/food-delivery/dunkin-5005-n-crescent-blvd/_6bC0VL1TeOO6UXe3ailCg,maple-shade-new-jersey
https://www.ubereats.com/new-jersey/food-delivery/crust-n-fire/qzkjy6lsRPO6FrDgnSDzbQ,maple-shade-new-jersey
https://www.ubereats.com/new-jersey/food-delivery/pho-asia/DSuPwxItRqG2_1wwwOmv8A,maple-shade-new-jersey
https://www.ubereats.com/new-jersey/food-delivery/crab-du-jour-7801-maple-ave/Zn8Cbfw3TVSksqmuT5_-Nw,maple-shade-new-jersey
https://www.ubereats.com/new-jersey/food-delivery/acai-cafe/2dCr0oxsTiSJuJwx4MR2Dw,maple-shade-new-jersey
https://www.ubereats.com/new-jersey/food-delivery/kiwi-yogurt/v1x80CgbSV6gxggPVZEOrQ,maple-shade-new-jersey
https://www.ubereats.com/new-jersey/food-delivery/boston-market-1201-nixon-drive/dXInMAOCSeyQadGbIldZ2g,maple-shade-new-jersey
https://www.ubereats.com/new-jersey/food-delivery/cold-stone-creamery-4270-dearborn-circle/6LEv4jqAQZG3OHDKzfC17w,maple-shade-new-jersey
https://www.ubereats.com/new-jersey/food-delivery/outback-steakhouse-901-route-73-south/X9H9hrXWQiCz5ZRUwPi3eQ,maple-shade-new-jersey
https://www.ubereats.com/new-jersey/food-delivery/sonic-112-black-horse-pike/mRfC0uPeRHOEBmBsBpGSlw,maple-shade-new-jersey
https://www.ubereats.com/new-jersey/food-delivery/philly-pretzel-factory/Bp_hjrPZRAaqCPEAn1f3Eg,maple-shade-new-jersey
https://www.ubereats.com/new-jersey/food-delivery/millers-ale-house-mt-laurel/8ZiTX6ZcQyS-OL0AwANhPA,maple-shade-new-jersey
https://www.ubereats.com/new-jersey/food-delivery/volcano-steak-and-sushi-berlin-township/6Do7P0yLTbmV-S5FZ2xPYw,maple-shade-new-jersey
https://www.ubereats.com/new-jersey/food-delivery/seafood-haven-llc/1fn_MuuRTL6TOj3vW_OIqw,maple-shade-new-jersey
https://www.ubereats.com/new-jersey/food-delivery/el-conuco-restaurant-and-lounge/WxCXyt3MRqO8zT2kxrQrig,maple-shade-new-jersey
https://www.ubereats.com/new-jersey/food-delivery/popeyes-2600-mount-ephraim-ave/1Z4eihgdSWKb4y8V30l-nQ,maple-shade-new-jersey
https://www.ubereats.com/new-jersey/food-delivery/olgas-diner/ptRKdYDnQVi4v9rZRZa5GA,maple-shade-new-jersey
https://www.ubereats.com/new-jersey/food-delivery/kabuki-japanese-cuisine/mA3YONs3RsiPJOPgWKM-4w,maple-shade-new-jersey
https://www.ubereats.com/new-jersey/food-delivery/pancheros-mexican-grill-910-haddonfield-berlin-rd/a4A5kazCTCGsJwxlrqIOrg,maple-shade-new-jersey
https://www.ubereats.com/new-jersey/food-delivery/jersey-diner/F1rt2miCRduPOepzePvJ7A,maple-shade-new-jersey
https://www.ubereats.com/new-jersey/food-delivery/taco-bell-710-n-black-horse-pike/G4Koail6Tsaqo0oWhCP8Lg,maple-shade-new-jersey
https://www.ubereats.com/new-jersey/food-delivery/nicky-bs-pizza/ZNorpdgwQ_6WCsBsAcfhpg,maple-shade-new-jersey
https://www.ubereats.com/new-jersey/food-delivery/sushi-kingdom/-LXHuErVQb-fv-9G-kvcCg,maple-shade-new-jersey
https://www.ubereats.com/new-jersey/food-delivery/starbucks-600-route-38-cherry-hill/CbXue2bgQvuH_w-xb0DCoQ,maple-shade-new-jersey
https://www.ubereats.com/new-jersey/food-delivery/mamas-meatballs/QGu-JR10SliX4QLUHJYEdg,maple-shade-new-jersey
https://www.ubereats.com/new-jersey/food-delivery/kfc-1516-route-38/WJUB6xLZSOCdUXLRMKEB_w,maple-shade-new-jersey
https://www.ubereats.com/new-jersey/food-delivery/men-in-the-kitchen/HloEL3NFSMmQW6ZQBA7k-A,maple-shade-new-jersey
https://www.ubereats.com/new-jersey/food-delivery/charleys-philly-steaks-cherry-hill-mall/5pEi75glQrO9VaQGilatUA,maple-shade-new-jersey
https://www.ubereats.com/new-jersey/food-delivery/firebirds-wood-fired-grill-400-nj-route-38/FXFJNpL5SUSfVLJQC2RIrg,maple-shade-new-jersey
https://www.ubereats.com/new-jersey/food-delivery/the-captains-boil-4011-dearborn-circle/WkgzEwGGRSisKWeXR0MFxQ,maple-shade-new-jersey
https://www.ubereats.com/new-jersey/food-delivery/the-bean-street-cafe/o4X0O9AqSsePWnPt-k8NyA,maple-shade-new-jersey
https://www.ubereats.com/new-jersey/food-delivery/harvest-seasonal-grill-%26-wine-bar-moorestown/979EUG7USAe1rJOkYTh_BQ,maple-shade-new-jersey
https://www.ubereats.com/new-jersey/food-delivery/nene-italian-market/FURCcHxcSxWugwAhOHGYPQ,maple-shade-new-jersey
https://www.ubereats.com/new-jersey/food-delivery/duck-donuts-101-south-route-73-suite-141/u0bwuSDiQDa8e6Qd2xV65g,maple-shade-new-jersey
https://www.ubereats.com/new-jersey/food-delivery/crab-du-jour-xpress-pennsauken/v3CkQGkLTYq-y4oTaqDjYw,maple-shade-new-jersey
https://www.ubereats.com/new-jersey/food-delivery/marlton-diner/2UeW0RHySpG3g0M59f222A,maple-shade-new-jersey
https://www.ubereats.com/new-jersey/food-delivery/papa-johns-479-route-38-west/lidsGbo2SFyDOLhX9fetxQ,maple-shade-new-jersey
https://www.ubereats.com/new-jersey/food-delivery/fresh-farm-market/j1ov7dUrQq298yt8mkmKoA,maple-shade-new-jersey
https://www.ubereats.com/new-jersey/food-delivery/brio-500-route-73-south/Ja_cK9qmSjKtUL6PAX_tlQ,maple-shade-new-jersey
https://www.ubereats.com/new-jersey/food-delivery/wawa-8361-1911-taylor-lane/LaI4_tQHS_GVWRFi17w5Ww,maple-shade-new-jersey
https://www.ubereats.com/new-jersey/food-delivery/dunkin-587-east-kings-highway/tr6tgRCOSRu2RLtKDY3iBw,maple-shade-new-jersey
https://www.ubereats.com/new-jersey/food-delivery/carlos-place-botanica-candy-store/bFg9TJ_4QZaauDfO5jCbCw,maple-shade-new-jersey
https://www.ubereats.com/new-jersey/food-delivery/primohoagies-2806-us-130/UDxaGljBSNCYK9sme_edZg,maple-shade-new-jersey
https://www.ubereats.com/new-jersey/food-delivery/indian-villa-curry-n-cakes/Js4H3btJQia_PkIeqka3oA,maple-shade-new-jersey
https://www.ubereats.com/new-jersey/food-delivery/kfc-rt-130-%26-browning-road/5VFv7kzgSfiCjdrql5TD3Q,maple-shade-new-jersey
https://www.ubereats.com/new-jersey/food-delivery/sol-sazon/WXWX5Ke-SbuopujVYXyMqg,maple-shade-new-jersey
https://www.ubereats.com/new-jersey/food-delivery/shake-shack-795-haddonfield-rd/MLOT8XTwQHazMBF6-uu_aA,maple-shade-new-jersey
https://www.ubereats.com/new-jersey/food-delivery/five-guys-nj-0145/qtJLJ56MTJOQVsuefQJyYw,maple-shade-new-jersey
https://www.ubereats.com/new-jersey/food-delivery/fatburger-%26-buffalos-express-2000-new-jersey-38/dzmhqVMOTwO6IS3Bk4o9zA,maple-shade-new-jersey
https://www.ubereats.com/new-jersey/food-delivery/chick-fil-a-1418-nixon-dr/wxlitnXyT76hon6RMneVeQ,maple-shade-new-jersey
https://www.ubereats.com/new-jersey/food-delivery/italinis-pizza/2HY6p36tQ-i0QuaTs49IqQ,maple-shade-new-jersey
https://www.ubereats.com/new-jersey/food-delivery/pecado-colombiano/WYHQApLLQsmQ5sGTQdiucg,maple-shade-new-jersey
https://www.ubereats.com/new-jersey/food-delivery/angelos-pizza-union-mill/gX94DNtYQzGHMQrpWtVLpA,maple-shade-new-jersey
https://www.ubereats.com/new-jersey/food-delivery/dunkin-3101-marne-hwy/EoVt9c0HRRGICjPARpje7A,maple-shade-new-jersey
https://www.ubereats.com/new-jersey/food-delivery/ritas-italian-ice-101-haddon-ave/P2mNYTE-T4uLWxYcSeosJw,maple-shade-new-jersey
https://www.ubereats.com/new-jersey/food-delivery/four-seasons-chinese-restaurant/ck-6VXNsQziWFSQIhwy0BQ,maple-shade-new-jersey
https://www.ubereats.com/new-jersey/food-delivery/crust-n-fire/pQ5Clb1DTf-DZau79Ty6KA,maple-shade-new-jersey
https://www.ubereats.com/new-jersey/food-delivery/honeygrow-323-west-route-70/1L0mDDe7S1-Gqqm47ymk6A,maple-shade-new-jersey
https://www.ubereats.com/new-jersey/food-delivery/mcdonalds-24-w-marlton-pike/8PYf0LggSre9IvcxhCOmvA,maple-shade-new-jersey
https://www.ubereats.com/new-jersey/food-delivery/pancheros-mexican-grill-221-greentree-rd/gHHgkuA3TrqZDS_lD7KDFw,maple-shade-new-jersey
https://www.ubereats.com/new-jersey/food-delivery/francellos/13wU5lbwTma4jsj-PlphTA,maple-shade-new-jersey
https://www.ubereats.com/new-jersey/food-delivery/dunkin-201-marleton-pike-e/5tNsFbYVQ8CM4UKuIZ0ETg,maple-shade-new-jersey
https://www.ubereats.com/new-jersey/food-delivery/turning-point-of-cherry-hill/AU7Zhp36Q1yOEIooMwvnHw,maple-shade-new-jersey
https://www.ubereats.com/new-jersey/food-delivery/pancheros-mexican-grill-4325-dearborn-circle/PtkA8G_wS_eubmZs15CBUw,maple-shade-new-jersey
https://www.ubereats.com/new-jersey/food-delivery/wayback-burger-152-state-route-73/MJTJ8962TU-zL9LZrKVOAQ,maple-shade-new-jersey
https://www.ubereats.com/new-jersey/food-delivery/cucina-di-pirone/UL-QgtHHT4yjFqNlv3_1lw,maple-shade-new-jersey
https://www.ubereats.com/new-jersey/food-delivery/benihana-5255-marlton-pike/j1D6ThTgQCiemCmpkvipOw,maple-shade-new-jersey
https://www.ubereats.com/new-jersey/food-delivery/starbucks-delran/oHiOKxNRR_-DHNtrXrPANA,maple-shade-new-jersey
https://www.ubereats.com/new-jersey/food-delivery/mommos-pizza/Phibe7kVSKy2zLIQfok-oQ,maple-shade-new-jersey
https://www.ubereats.com/new-jersey/food-delivery/good-taste-chinese-restaurant/rxRUdbg_QcSBAQwZ6a2QKg,maple-shade-new-jersey
https://www.ubereats.com/new-jersey/food-delivery/express-shish-kabab/2IhaCfhQSviht67sxzYUDQ,maple-shade-new-jersey
https://www.ubereats.com/new-jersey/food-delivery/krispy-krunchy-chicken-2601-route-130-south/hmfNsbR2S4CSrEM-zxvSNw,maple-shade-new-jersey
https://www.ubereats.com/new-jersey/food-delivery/papa-marios-pizza/VrlR7BgRREOTmSv9DbS6iQ,maple-shade-new-jersey
https://www.ubereats.com/new-jersey/food-delivery/crab-du-jour/LJHcnXb_Tp-tSj2nD81s5w,maple-shade-new-jersey
https://www.ubereats.com/new-jersey/food-delivery/nimit-indian-kitchen-voorhees/FWTZH5WPRau9VEock0lhnw,maple-shade-new-jersey
https://www.ubereats.com/new-jersey/food-delivery/the-ice-cream-shop/hhiDerzjRmaxmS4WU4E5kQ,maple-shade-new-jersey
https://www.ubereats.com/new-jersey/food-delivery/amys-omelette-house-burlington/qimKl5JpSamGUpnmQCmq0Q,maple-shade-new-jersey
https://www.ubereats.com/new-jersey/food-delivery/crawfish-and-pho/pcnUB2DCRYahR1YV20gogw,maple-shade-new-jersey
https://www.ubereats.com/new-jersey/food-delivery/saladworks-241-s-route-73/kz4SlcH3Rfa_eNOZCbiepA,maple-shade-new-jersey
https://www.ubereats.com/new-jersey/food-delivery/cinnaminson-diner/rlZ2ijGKQBeO1IkEyLHgdQ,maple-shade-new-jersey
https://www.ubereats.com/new-jersey/food-delivery/wawa-8321-3605-rt-38/6Tisgjb8Q-Kux0Rb9M3u9g,maple-shade-new-jersey
https://www.ubereats.com/new-jersey/food-delivery/dunkin-2060-springdale-rd/-1n1P_SsRMKmRxRUB9DDRA,maple-shade-new-jersey
https://www.ubereats.com/new-jersey/food-delivery/arbys-4208-us-route-130/Q1i5JwswREaPEY7zUdK4ZQ,maple-shade-new-jersey
https://www.ubereats.com/new-jersey/food-delivery/saladworks-175-route-130/S5czJWdITMSuQqv7CVCgUg,maple-shade-new-jersey
https://www.ubereats.com/new-jersey/food-delivery/corinnes-place/034lYz1kTC6IvbfDnTkRQA,maple-shade-new-jersey
https://www.ubereats.com/new-jersey/food-delivery/haagen-dazs-shop-2000-nj-38/GtS6YhEuSQ2M0rPBmn2mbQ,maple-shade-new-jersey
https://www.ubereats.com/new-jersey/food-delivery/turning-point-of-marlton/FXq5kC3jRQK5MIGHFH-hqA,maple-shade-new-jersey
https://www.ubereats.com/new-jersey/food-delivery/black-olive/DshcqGaGRgKdCD6-lGn4-g,maple-shade-new-jersey
https://www.ubereats.com/new-jersey/food-delivery/wendys-2400-church-rd/80xOC9S8ROKNoXtk3xrZWA,maple-shade-new-jersey
https://www.ubereats.com/new-jersey/food-delivery/el-tablon/FSOBLebyTG6hvKip1RIN8g,maple-shade-new-jersey
https://www.ubereats.com/new-jersey/food-delivery/the-ice-cream-shop/pj7NAigvThuyNhwHhLEg_Q,maple-shade-new-jersey
https://www.ubereats.com/new-jersey/food-delivery/dunkin-909-church-rd/gnYTD7FwSDmSk45T5PbjEQ,maple-shade-new-jersey
https://www.ubereats.com/new-jersey/food-delivery/heart-beet-kitchen/5LCYb_CBTAGT0xQtvfDg-w,maple-shade-new-jersey
https://www.ubereats.com/new-jersey/food-delivery/rasta-kitchen/T_H_XlTQQ6uyDbXWSoM8fw,maple-shade-new-jersey
https://www.ubereats.com/new-jersey/food-delivery/chipotle-mexican-grill-2000-clements-bridge-road/z-FB90lTSOa1iI4gpmnJTg,maple-shade-new-jersey
https://www.ubereats.com/new-jersey/food-delivery/ming-garden-chinese-restaurant/0iN8Lxc8Tp6-d8_gIl4ofA,maple-shade-new-jersey
https://www.ubereats.com/new-jersey/food-delivery/iron-hill-brewery-%26-restaurant-voorhees/FCsXkwJJRLGyN_rIrgHbaw,maple-shade-new-jersey
https://www.ubereats.com/new-jersey/food-delivery/aroma-indian-bistro/3kqEEufTTRmDm6pd8vmX0A,maple-shade-new-jersey
https://www.ubereats.com/new-jersey/food-delivery/gaetanos-maple-shade/1vTBoDJDQiasEnsUwDkKcg,maple-shade-new-jersey
https://www.ubereats.com/new-jersey/food-delivery/fuwa-teriyaki-grill/_AzmDLAOQdOZ_BmUPoTs9g,maple-shade-new-jersey
https://www.ubereats.com/new-jersey/food-delivery/black-horse-diner-%26-restaurant/SI_v395TQriDYO7g1SqBkA,maple-shade-new-jersey
https://www.ubereats.com/new-jersey/food-delivery/tuccis-mini-hoagies/WDeOpIHYTcSEHeva9-4b0A,maple-shade-new-jersey
https://www.ubereats.com/new-jersey/food-delivery/mcdonalds-100-rt-130-n/aFCe6Y6JR9SxxRWZ4JPJlg,maple-shade-new-jersey
https://www.ubereats.com/new-jersey/food-delivery/silver-diner-cherry-hill/hbCkgwu6SbCmiBf3lJKfYQ,maple-shade-new-jersey
https://www.ubereats.com/new-jersey/food-delivery/munsalwa/G-1UvG1bQqee899sxNdzQg,maple-shade-new-jersey
https://www.ubereats.com/new-jersey/food-delivery/mcdonalds-1108-route-73/jlM77ThqTdiJX-aXFLFFUg,maple-shade-new-jersey
https://www.ubereats.com/new-jersey/food-delivery/latin-american-pollo-on-grill/yeKNFj6RR_aK1DlgI3HQAQ,maple-shade-new-jersey
https://www.ubereats.com/new-jersey/food-delivery/dunkin-1-s-lakeview-dr/v8WWcUtfSa6ljkQ5SOJefA,maple-shade-new-jersey
https://www.ubereats.com/new-jersey/food-delivery/johnny-longhots-deptford/hEuCjamdTXGm8SV3R9VmlA,maple-shade-new-jersey
https://www.ubereats.com/new-jersey/food-delivery/kfc-4218-route-130/FqmNLRERRmu61P0XlU5vvQ,maple-shade-new-jersey
https://www.ubereats.com/new-jersey/food-delivery/tony-sopranos-pizza-church-rd/y4EAorIMQqmaBf1NpjqsDA,maple-shade-new-jersey
https://www.ubereats.com/new-jersey/food-delivery/krispy-kreme-1170-haddon-ave/Ntmf1yDvSnmumQouoDCINw,maple-shade-new-jersey
https://www.ubereats.com/new-jersey/food-delivery/uno-pizzeria-maple-shade-township/sBjKmcQ3Sa6-JMe0J2d1Fg,maple-shade-new-jersey
https://www.ubereats.com/new-jersey/food-delivery/mcdonalds-1021-route-73/VY2RQrZTRw-pKJaebH-VQA,maple-shade-new-jersey
https://www.ubereats.com/new-jersey/food-delivery/amici-ristorante/oCrlOS7AQ4GfcPdJTBaxgA,maple-shade-new-jersey
https://www.ubereats.com/new-jersey/food-delivery/dunkin-702-white-horse-pike/xp807qUrTsy6lEYO4NA8_w,maple-shade-new-jersey
https://www.ubereats.com/new-jersey/food-delivery/crawfish-and-pho/oCvS6plmS9Cj5nw7u4_gwA,maple-shade-new-jersey
https://www.ubereats.com/new-jersey/food-delivery/frutta-bowls/ENUVPziFQuui1Ui79kL_ZA,maple-shade-new-jersey
https://www.ubereats.com/new-jersey/food-delivery/manhattan-bagel-cherry-hill/WmcVWyMYTlaXmWzUsS2NFA,maple-shade-new-jersey
https://www.ubereats.com/new-jersey/food-delivery/miguelinas-bakery/hOEnOdBXQcWGEzUapx-DTw,maple-shade-new-jersey
https://www.ubereats.com/new-jersey/food-delivery/taste-of-szechuan/RmQ552iSS7qla3n8HwGm9g,maple-shade-new-jersey
https://www.ubereats.com/new-jersey/food-delivery/taco-bell-1061-rt-73/r9O_OmgxSx2UeIpzKS5ykg,maple-shade-new-jersey
https://www.ubereats.com/new-jersey/food-delivery/nimit-indian-kitchen/MtL7SEiSQ3-IZZVJVYcpEg,maple-shade-new-jersey
https://www.ubereats.com/new-jersey/food-delivery/crown-chicken-%26-gyro/wozx9zcPTnqULA6NE1v36Q,maple-shade-new-jersey
https://www.ubereats.com/new-jersey/food-delivery/saladworks-1321b-fairview-blvd/sTJ6OHRHTayrl95CRIt6dg,maple-shade-new-jersey
https://www.ubereats.com/new-jersey/food-delivery/dunkin-200-west-camden-ave/nOPZIt74RL-QZvWp4wEZQQ,maple-shade-new-jersey
https://www.ubereats.com/new-jersey/food-delivery/chucks-big-time-bbq/hb-tzMXwQs-n3ZUCYW_HpA,maple-shade-new-jersey
https://www.ubereats.com/new-jersey/food-delivery/t-swirl-crepe/K3IFwUpASt6iB_seQkjwww,maple-shade-new-jersey
https://www.ubereats.com/new-jersey/food-delivery/dunkin-145-haddon-ave/XJRbF5p_R1m6H2Z-SJecmw,maple-shade-new-jersey
https://www.ubereats.com/new-jersey/food-delivery/panda-express-500-route-38/MjKIJyikRbKTsl11gZVYkQ,maple-shade-new-jersey
https://www.ubereats.com/new-jersey/food-delivery/you-cha-cafe/HQ18CdlzRx2VnoW9TaNQeg,maple-shade-new-jersey
https://www.ubereats.com/new-jersey/food-delivery/primohoagies-151-s-black-horse-pike/nIRXy5qjRNqPtBugTvlIjg,maple-shade-new-jersey
https://www.ubereats.com/new-jersey/food-delivery/arbys-72-centerton-road/94m7PvZpSOaMbbL3gzBaPw,maple-shade-new-jersey
https://www.ubereats.com/new-jersey/food-delivery/burger-king-1725-marlton-pike-east/wp9LggG3RgO2R-vKs5GoEQ,maple-shade-new-jersey
https://www.ubereats.com/new-jersey/food-delivery/mod-pizza-marlton-square/VT9jlf8YQzqXSw3QyFc6WQ,maple-shade-new-jersey
https://www.ubereats.com/new-jersey/food-delivery/pita-pocket/6fFv33btRZyuWpoXaoBu_A,maple-shade-new-jersey
https://www.ubereats.com/new-jersey/food-delivery/restaurante-latino-el-buen-sabor/1E0ItpWdTqW2fkwmZ7it7A,maple-shade-new-jersey
https://www.ubereats.com/new-jersey/food-delivery/fresh2go/g5nVUYh7Qd6sQfWHLlcSTA,maple-shade-new-jersey
https://www.ubereats.com/new-jersey/food-delivery/marcellos-ristorante-%26-pizzeria/fAFyrrJqRKa26wWRRt-qHg,maple-shade-new-jersey
https://www.ubereats.com/new-jersey/food-delivery/the-farmacy-nj/nTEAZOzORk-YuGmuIAEEsQ,maple-shade-new-jersey
https://www.ubereats.com/new-jersey/food-delivery/chipotle-mexican-grill-700-haddonfield-berlin-rd-ste-40c/HvYNCN19QMigtObLlnot-g,maple-shade-new-jersey
https://www.ubereats.com/new-jersey/food-delivery/mirabella-ristorante-italiano/0O7J-FsKSEG3esSVlUqsNg,maple-shade-new-jersey
https://www.ubereats.com/new-jersey/food-delivery/crystal-diner/LPzU5B-hQfWwaFnB2qH6Gw,maple-shade-new-jersey
https://www.ubereats.com/new-jersey/food-delivery/bagel-cafe-cinaminnson/joup2u9LTK-WGEQi5uVStg,maple-shade-new-jersey
https://www.ubereats.com/new-jersey/food-delivery/mr-sushi/vrSVNglDThaOLv8fX0G60Q,maple-shade-new-jersey
https://www.ubereats.com/new-jersey/food-delivery/thai-basil/3vqTOFJtRNKAidOCY5HtMw,maple-shade-new-jersey
https://www.ubereats.com/new-jersey/food-delivery/mcdonalds-6935-s-crescent-blvd/l17RdFaVTdeyD3rhfhA1DA,maple-shade-new-jersey
https://www.ubereats.com/new-jersey/food-delivery/chicks-deli/Klb_VIqnQfydfIIiZtoadw,maple-shade-new-jersey
https://www.ubereats.com/new-jersey/food-delivery/burger-king-7850-south-crescent-boulevard/iOwaeQdCSKqNH7DGdvozVw,maple-shade-new-jersey
https://www.ubereats.com/new-jersey/food-delivery/saladworks-116-walker-avenue-space-7f/ELEd4952SKm5mY2TSqgJ3A,maple-shade-new-jersey
https://www.ubereats.com/new-jersey/food-delivery/foursason-chinese-restaurant/o0QCW7z_Rg2dVBrvxtAv4A,maple-shade-new-jersey
https://www.ubereats.com/new-jersey/food-delivery/chuck-e-cheese-2100-route-38-ste-%234/J_6IKTyFS9mch5fYX8imXw,maple-shade-new-jersey
https://www.ubereats.com/new-jersey/food-delivery/tgi-fridays-632-marlton-evesham-nj/-n_5WG0UQRuAH0lnYuEYCg,maple-shade-new-jersey
https://www.ubereats.com/new-jersey/food-delivery/latinamerican-pollo-on-grill/Erd6WMIySZaN5CQpBOW3_g,maple-shade-new-jersey
https://www.ubereats.com/new-jersey/food-delivery/chipotle-mexican-grill-1600-nixon-dr/GKtZUIU7RzigbocCVFrA7w,maple-shade-new-jersey
https://www.ubereats.com/new-jersey/food-delivery/pdq-cherry-hill/Q8bPf74AQmecllrrxNGEmQ,maple-shade-new-jersey
https://www.ubereats.com/new-jersey/food-delivery/little-caesars-215-w-main-st/3gpF7j5ZSN29r39aWP5GxQ,maple-shade-new-jersey
https://www.ubereats.com/new-jersey/food-delivery/bob-evans-271-601-fellowship-road/-_Wj6QoDTlCKuS1PLeBt6g,maple-shade-new-jersey
https://www.ubereats.com/new-jersey/food-delivery/dunkin-1041-route-73/BQ0Tt3YpRmeUqWMaCxu1fQ,maple-shade-new-jersey
https://www.ubereats.com/new-jersey/food-delivery/red-robin-452-2100-route-38/XhGyEe1TQX-pqTaZofn35A,maple-shade-new-jersey
https://www.ubereats.com/new-jersey/food-delivery/mcdonalds-1-w-camden-ave/r5HbFEPzQrKT9cgRbfOdnA,maple-shade-new-jersey
https://www.ubereats.com/new-jersey/food-delivery/uno-pizzeria-%26-grill-1162-hurffville-road/H6iRdC3nSZSOBE6RO_1Fzg,maple-shade-new-jersey
https://www.ubereats.com/new-jersey/food-delivery/stone-fire-pizza-by-midici-cherry-hill/nV6wbYTgTXaNiZclvaMcVQ,maple-shade-new-jersey
https://www.ubereats.com/new-jersey/food-delivery/dunkin-1550-kings-hwy-n/UwYqdpuESDCGpUt1nTFaWg,maple-shade-new-jersey
https://www.ubereats.com/new-jersey/food-delivery/wendys-1140-route-73/dfn8-JawSTGC_T6FmR65Vw,maple-shade-new-jersey
https://www.ubereats.com/new-jersey/food-delivery/tony-sopranos-pizza-%26-ristorante/NitdaLe4TaOIQFANFBqiCQ,maple-shade-new-jersey
https://www.ubereats.com/new-jersey/food-delivery/king-wong-cherry-hill/JeTM0iekTQSeL8QRAGDIXA,maple-shade-new-jersey
https://www.ubereats.com/new-jersey/food-delivery/mod-pizza-cherry-hill/U1qzT-FCRoWYZMmD9mylLw,maple-shade-new-jersey
https://www.ubereats.com/new-jersey/food-delivery/wawa-8336-500-new-jersey-highway-38/6kbQeJvIQMWZc_Pf-xnDSg,maple-shade-new-jersey
https://www.ubereats.com/new-jersey/food-delivery/chipotle-mexican-grill-818-haddonfield-rd/0or8dWQORqKy2MnxntRUMw,maple-shade-new-jersey
https://www.ubereats.com/new-jersey/food-delivery/sushi-king/_hZXRcWSTveYS-FHkFcd8g,maple-shade-new-jersey
https://www.ubereats.com/new-jersey/food-delivery/flying-crust-pizza-%26-wings/rGsOiORaQFS6xLb80ufKfA,maple-shade-new-jersey
https://www.ubereats.com/new-jersey/food-delivery/han-dynasty-cherry-hill/1Q_mHDbHRwOkH_GB5-Kt6g,maple-shade-new-jersey
https://www.ubereats.com/new-jersey/food-delivery/dunkin-3370-route-38/5kWU5z66SdGBw7h1Bi65Vw,maple-shade-new-jersey
https://www.ubereats.com/new-jersey/food-delivery/dunkin-2891-route-73-s/kAcdP0YKTlGRV0xFACKLrw,maple-shade-new-jersey
https://www.ubereats.com/new-jersey/food-delivery/burger-king-2802-us-130/gYK1mpJITqOcSRSly22Jow,maple-shade-new-jersey
https://www.ubereats.com/new-jersey/food-delivery/bobby-chez-cherry-hill/HPqmT2M4SomxNJ2HaaQJRw,maple-shade-new-jersey
https://www.ubereats.com/new-jersey/food-delivery/houlihans-cherry-hill/DoCdPsbPSKO2D3VJGTADkg,maple-shade-new-jersey
https://www.ubereats.com/new-jersey/food-delivery/asian-bamboo/RV3i7rhFT-iKisnpkb4i0g,maple-shade-new-jersey
https://www.ubereats.com/new-jersey/food-delivery/ruby-tuesday-4011-dearborn-circle/52gHrFlGSUuFH_13Ir7acQ,maple-shade-new-jersey
https://www.ubereats.com/new-jersey/food-delivery/cafe-el-colombiano/GA-x0K-lSae_Vk4TlPguxg,maple-shade-new-jersey
https://www.ubereats.com/new-jersey/food-delivery/red-lobster-3003-rt-130-s/V2uQCF7HRvyI_YJeoVYXIg,maple-shade-new-jersey
https://www.ubereats.com/new-jersey/food-delivery/taco-bell-401-s-whitehorse-pike/v7TWR0-CSdaIxRspRygq1A,maple-shade-new-jersey
https://www.ubereats.com/new-jersey/food-delivery/ihop-1602-church-road/S3XG7aTqQXGkzkUBH85HsA,maple-shade-new-jersey
https://www.ubereats.com/new-jersey/food-delivery/sonic-1101-route-130-south/U9pdHbvlSxSnzb9Pifb-tQ,maple-shade-new-jersey
https://www.ubereats.com/new-jersey/food-delivery/local-links-market-cafe/oCywBIscR8utqWpPbJClBg,maple-shade-new-jersey
https://www.ubereats.com/new-jersey/food-delivery/caribbean-grill/N1PVYgnzTweRiAlffy6diA,maple-shade-new-jersey
https://www.ubereats.com/new-jersey/food-delivery/wendys-1240-nixon-drive/5XeyFZZQSmKzT0OO4EOgsA,maple-shade-new-jersey
https://www.ubereats.com/new-jersey/food-delivery/dunkin-1031-route-73-n/JDIFKRFWRTakWFybB9eiYQ,maple-shade-new-jersey
https://www.ubereats.com/new-jersey/food-delivery/the-ice-cream-shop/tByE48tcS0qpwUllQqpfxA,maple-shade-new-jersey
https://www.ubereats.com/new-jersey/food-delivery/saladworks-mt-laurel/b0M40HrrQamOiCG8p3Q5_Q,maple-shade-new-jersey
https://www.ubereats.com/new-jersey/food-delivery/saladworks-404-e-route-70/5MCNfdQRSRebX4BZoFHZjg,maple-shade-new-jersey
https://www.ubereats.com/new-jersey/food-delivery/schileens-pub/Belr6gt4Rky1OcCWe08jUA,maple-shade-new-jersey
https://www.ubereats.com/new-jersey/food-delivery/cicontes-italia-pizzeria/th_c1yJ5QTivAe-k_V6c2A,maple-shade-new-jersey
https://www.ubereats.com/new-jersey/food-delivery/popeyes-2788-route-73-n/dkGs260QTP-du5mAiHuBmw,maple-shade-new-jersey
https://www.ubereats.com/new-jersey/food-delivery/dooneys-pub-%26-restaurant/PcJapTGoQtmX21Wjbh9jOw,maple-shade-new-jersey
https://www.ubereats.com/new-jersey/food-delivery/taco-bell-512-haddonfield-road/7vBh-Eh9QievSI4T94mgVg,maple-shade-new-jersey
https://www.ubereats.com/new-jersey/food-delivery/sabrinas-cafe-collingswood/tGgF20ryQ72WEOWWKRoRhA,maple-shade-new-jersey
https://www.ubereats.com/new-jersey/food-delivery/auntie-annes-150-route-70-east/2XFYwiYaQ3aubLDTHa8TqA,maple-shade-new-jersey
https://www.ubereats.com/new-jersey/food-delivery/applebees-108-haddonfield-road-%2398020/We_B8i9fTtiObfVzOeV0GA,maple-shade-new-jersey
https://www.ubereats.com/new-jersey/food-delivery/papa-marios-pizzeria/8nSNTpuNTpqtoXGBW3j6sQ,maple-shade-new-jersey
https://www.ubereats.com/new-jersey/food-delivery/mcdonalds-801-rt-38/sMSa2qfeS32wW0VFTr2WTw,maple-shade-new-jersey
https://www.ubereats.com/new-jersey/food-delivery/bubbakoos-burritos-cherry-hill/F4D9eCG5RjybThih0Aqt0Q,maple-shade-new-jersey
https://www.ubereats.com/new-jersey/food-delivery/rexys/Gh3K7kvjR2CdY5NP2AjgBw,maple-shade-new-jersey
https://www.ubereats.com/new-jersey/food-delivery/babagrill/vKJrAnAxQZiLvjdUjWrH_w,maple-shade-new-jersey
https://www.ubereats.com/new-jersey/food-delivery/the-laughing-fox-tavern/hSHdbPN3TVOPSoOoof3hXg,maple-shade-new-jersey
https://www.ubereats.com/new-jersey/food-delivery/taco-bell-1110-hurffville-rd/Xw9GaRsJQWC6_OowtIKqhg,maple-shade-new-jersey
https://www.ubereats.com/new-jersey/food-delivery/burger-king-4801-north-crescent-boulevard/NQTpDf3XS0qA5jjGw0OJbQ,maple-shade-new-jersey
https://www.ubereats.com/new-jersey/food-delivery/bgood-26-centerton-rd/27mYKrihTuKY07JyViKV5w,maple-shade-new-jersey
https://www.ubereats.com/new-jersey/food-delivery/club-diner/QNCg82upTQWrsMY77K7y2g,maple-shade-new-jersey
https://www.ubereats.com/new-jersey/food-delivery/fabrizios-pizza/cEHNk2M3SC2BhJQwGbqjCg,maple-shade-new-jersey
https://www.ubereats.com/new-jersey/food-delivery/chipotle-mexican-grill-10-centerton-rd/Nzyy4jykQqy2AqJSbHur4Q,maple-shade-new-jersey
https://www.ubereats.com/new-jersey/food-delivery/popeyes-16-white-horse-pike-n/sXnpyPrtSsSuHY-Ke4vCzw,maple-shade-new-jersey
https://www.ubereats.com/new-jersey/food-delivery/gaetanos-the-original/aPFIN_u9S0-Gwq41zaWTAg,maple-shade-new-jersey
https://www.ubereats.com/new-jersey/food-delivery/cousins-deli-grill-%26-catering-llc/p81yo8nKQeCK0Qr1CKpoRQ,maple-shade-new-jersey
https://www.ubereats.com/new-jersey/food-delivery/pizza-hut-930-w-route-70/deB2ctXQRXS_QkclElO4RA,maple-shade-new-jersey
https://www.ubereats.com/new-jersey/food-delivery/seasons-pizza-cherry-hill/0UB0bj9tSa-S1GM819PyzQ,maple-shade-new-jersey
https://www.ubereats.com/new-jersey/food-delivery/select-pizza-%7C-grill-marlton/hsoK2Is7RuuXUxqcdCOg4A,maple-shade-new-jersey
https://www.ubereats.com/new-jersey/food-delivery/starbucks-haddonfield/8oMIDzUxS3GooAPfZBitAw,maple-shade-new-jersey
https://www.ubereats.com/new-jersey/food-delivery/the-ice-cream-shop/HRBPJwOTQ2WQpqJcqddn8Q,maple-shade-new-jersey
https://www.ubereats.com/new-jersey/food-delivery/karnival-foods/cRpQyqIESFC22JEjxqNvgA,maple-shade-new-jersey
https://www.ubereats.com/new-jersey/food-delivery/mare-monte/PFArDLdMQ5GVeN5wEdm4Ag,maple-shade-new-jersey
https://www.ubereats.com/new-jersey/food-delivery/shake-shack-321-w-rte-70/9fU7mS7JRti_JJeYgNRr9A,maple-shade-new-jersey
https://www.ubereats.com/new-jersey/food-delivery/bobby-chez-collingswood/My_zLY5PQ9C-iDYpr01QYg,maple-shade-new-jersey
https://www.ubereats.com/new-jersey/food-delivery/rubys-cajun/KBSx9aTzSyiIzQwv5IkjYA,maple-shade-new-jersey
https://www.ubereats.com/new-jersey/food-delivery/saladworks-663-haddon-avenue/d4W19Hg-QGSzk0NzM4p8gw,maple-shade-new-jersey
https://www.ubereats.com/new-jersey/food-delivery/friends-cafe/VN8tvUZyRGywmfaeE_wJLA,maple-shade-new-jersey
https://www.ubereats.com/new-jersey/food-delivery/on-the-grill/UaUAdroZQFCY1l4ou6Lyog,maple-shade-new-jersey
