url,city
https://www.ubereats.com/philadelphia/food-delivery/sopranos-pizzeria/Bdq1s8EzRe28skHEjQTNOQ,maple-glen-pennsylvania
https://www.ubereats.com/philadelphia/food-delivery/308-bonefish-grill-27-airport-square/76ljJcjKTDCO6vPr001v1Q,maple-glen-pennsylvania
https://www.ubereats.com/philadelphia/food-delivery/bullseye-burger-house/WUrfFVeHSueKQIUXAA85Sw,maple-glen-pennsylvania
https://www.ubereats.com/philadelphia/food-delivery/ritas-of-ambler-100-e-butler-ave/GiCdCsnrQHCxYstIlkUaJQ,maple-glen-pennsylvania
https://www.ubereats.com/philadelphia/food-delivery/dunkin-1625-kendarbren-dr/gIJbhzFUTT2w9ZN2qJAHjg,maple-glen-pennsylvania
https://www.ubereats.com/philadelphia/food-delivery/dunkin-520-w-pennsylvania-ave/rEqsNMCvQTmP5JXvmhO-nA,maple-glen-pennsylvania
https://www.ubereats.com/philadelphia/food-delivery/301-bonefish-grill-1015-easton-rd/Fbl-vaOuRkWPY4Pyv1TJXw,maple-glen-pennsylvania
https://www.ubereats.com/philadelphia/food-delivery/don-chile-mexican-restaurant/dVwpKsuKQKGcx7I3FPJIBg,maple-glen-pennsylvania
https://www.ubereats.com/philadelphia/food-delivery/dunkin-1821-bethlehem-pike/BqaWmEOISqCIm2zJJG6bxA,maple-glen-pennsylvania
https://www.ubereats.com/philadelphia/food-delivery/palz-tap-house/BhzyLdm7Ss6Qkw4o9hwCyQ,maple-glen-pennsylvania
https://www.ubereats.com/philadelphia/food-delivery/warminster-west-diner-%26-restaurant/18r0Bh7zSc-K7am4gEf69w,maple-glen-pennsylvania
https://www.ubereats.com/philadelphia/food-delivery/lai-lai-garden/-vRpwaCsRN-710_vw1SiJw,maple-glen-pennsylvania
https://www.ubereats.com/philadelphia/food-delivery/wayback-burgers-butler-ave/sSi59lElQuSoq9XMMbVTBw,maple-glen-pennsylvania
https://www.ubereats.com/philadelphia/food-delivery/chipotle-mexican-grill-1437-old-york-rd/wMoF5J6BRlmC_cVatZjO4A,maple-glen-pennsylvania
https://www.ubereats.com/philadelphia/food-delivery/mm%26m-catering-express/DzJP2nkFQMqHouT7oIzTEQ,maple-glen-pennsylvania
https://www.ubereats.com/philadelphia/food-delivery/burgerim-711-easton/nWZA5qQ0Q7691xqsm-kozg,maple-glen-pennsylvania
https://www.ubereats.com/philadelphia/food-delivery/dunkin-191-e-butler-ave/VoV2JoirS8O8qVrhVEUFQQ,maple-glen-pennsylvania
https://www.ubereats.com/philadelphia/food-delivery/dunkin-1109-bethlehem-pike/kn9h8Q3qTi-MxCaQOqDuGw,maple-glen-pennsylvania
https://www.ubereats.com/philadelphia/food-delivery/turning-point-of-north-wales/UQW3LyJISviGz9t46lgdZg,maple-glen-pennsylvania
https://www.ubereats.com/philadelphia/food-delivery/the-burger-experience-252-montgomery-mall/WZCy14O1RO-8ApKhCVyNjg,maple-glen-pennsylvania
https://www.ubereats.com/philadelphia/food-delivery/wing-spot/dljF6ceORyad0Gh3C1ONkw,maple-glen-pennsylvania
https://www.ubereats.com/philadelphia/food-delivery/outback-steakhouse-411-doylestown-road/BkDXIUuATe2QUfkQbFftqw,maple-glen-pennsylvania
https://www.ubereats.com/philadelphia/food-delivery/hg-warrington-pizza/mB-BvlT0TbegppjfGU7EkQ,maple-glen-pennsylvania
https://www.ubereats.com/philadelphia/food-delivery/subway-880-jacksonville-rd/tWUaR53pQJmNUeUuUm5HLg,maple-glen-pennsylvania
https://www.ubereats.com/philadelphia/food-delivery/bertuccis-860-bethlehem-pike/MwpQQuxfSfWbSyuDqY-JSw,maple-glen-pennsylvania
https://www.ubereats.com/philadelphia/food-delivery/mcdonalds-english-village/efElOBGGTKaPNQvHAlPJuA,maple-glen-pennsylvania
https://www.ubereats.com/philadelphia/food-delivery/krispy-krunchy-chicken-easton-road/-VW71Nt5QK28EesZ_EZzWw,maple-glen-pennsylvania
https://www.ubereats.com/philadelphia/food-delivery/osaka-japanese-restaurant/ShVRONYkT9-Rc4WK2IsuUg,maple-glen-pennsylvania
https://www.ubereats.com/philadelphia/food-delivery/station-pizza-ll/NuPYbVFvSCuz7iLkZPti8A,maple-glen-pennsylvania
https://www.ubereats.com/philadelphia/food-delivery/chipotle-mexican-grill-25-w-street-rd/Tx1JzzLpTL665TyPvHgg1g,maple-glen-pennsylvania
https://www.ubereats.com/philadelphia/food-delivery/manhattan-bagel-north-wales/IlAxHuFqT2qowRka9Lf8FA,maple-glen-pennsylvania
https://www.ubereats.com/philadelphia/food-delivery/dunkin-2618-easton-rd/u-5ZB3LuRBupOUZmHzpa1w,maple-glen-pennsylvania
https://www.ubereats.com/philadelphia/food-delivery/krispy-krunchy-chicken/TAVKDc4XT_C7ZEeVnvs2DQ,maple-glen-pennsylvania
https://www.ubereats.com/philadelphia/food-delivery/wendys-813-east-county-line-road/iaoJpuEmRf2Osgbfd1dsMQ,maple-glen-pennsylvania
https://www.ubereats.com/philadelphia/food-delivery/indian-grill-bethlehem-pike/QPHdyMIIR4iSOMd187RwjA,maple-glen-pennsylvania
https://www.ubereats.com/philadelphia/food-delivery/panicos-neighborhood-grill/QWf-anDIT8-HzfwW-B_AHQ,maple-glen-pennsylvania
https://www.ubereats.com/philadelphia/food-delivery/saladworks-314-horsham-road/mGwEdvhpTGCd4Nq417UJ2Q,maple-glen-pennsylvania
https://www.ubereats.com/philadelphia/food-delivery/vic-sushi-%26-thai-cuisine/l0n8ZfeNQL2EfLN8mFFdFQ,maple-glen-pennsylvania
https://www.ubereats.com/philadelphia/food-delivery/la-corita-taco-shop/7eO4vQt5SH2N6vzJiPyjeQ,maple-glen-pennsylvania
https://www.ubereats.com/philadelphia/food-delivery/dunkin-1035-easton-rd/C2jH4b_nTAaWx5Gn8FQlaw,maple-glen-pennsylvania
https://www.ubereats.com/philadelphia/food-delivery/chickies-%26-petes-warrington/1jbEoqrSRB6zG3pGBPyzYg,maple-glen-pennsylvania
https://www.ubereats.com/philadelphia/food-delivery/dunkin-937-easton-rd/edDwKCu9SQm-z_jVVW55JA,maple-glen-pennsylvania
https://www.ubereats.com/philadelphia/food-delivery/poke-bros-warrington/kKzpuVmGQhu2RJKCm4N1TA,maple-glen-pennsylvania
https://www.ubereats.com/philadelphia/food-delivery/z-maries-vegetarian-grille/u_gb23zUT4CtarObWrcBcw,maple-glen-pennsylvania
https://www.ubereats.com/philadelphia/food-delivery/saffron-indian-kitchen-ambler/w9DcU2DmR9aBDh2WNN7j9Q,maple-glen-pennsylvania
https://www.ubereats.com/philadelphia/food-delivery/halligans-pub/usu2B17HT8uVGsq-lsT13w,maple-glen-pennsylvania
https://www.ubereats.com/philadelphia/food-delivery/ritas-of-limekiln-pike-3322-limekiln-pike/f7wXcrklT3Gvz49tDk9A_w,maple-glen-pennsylvania
https://www.ubereats.com/philadelphia/food-delivery/the-greene-turtle-north-wales/gyTDHyfpTGaU1FoPR_C0Gw,maple-glen-pennsylvania
https://www.ubereats.com/philadelphia/food-delivery/wendys-28-airport-sq/OBs9MUAuR8SOTBS-jswnxQ,maple-glen-pennsylvania
https://www.ubereats.com/philadelphia/food-delivery/dunkin-787-sumneytown-pk/5cjJVqBQQ9CABYwCdC1ZZA,maple-glen-pennsylvania
https://www.ubereats.com/philadelphia/food-delivery/the-sweet-taco-willow-grove/-3Hmbuu1TvW6wB-MGCcmyA,maple-glen-pennsylvania
https://www.ubereats.com/philadelphia/food-delivery/mt-fuji-japanese-food-%26-steak/NFakDObITJS367rGC4Ox3A,maple-glen-pennsylvania
https://www.ubereats.com/philadelphia/food-delivery/mooyah-burgers-990-dekalb-pike-520/wFBSYk-eSm-fM5Minzpz0g,maple-glen-pennsylvania
https://www.ubereats.com/philadelphia/food-delivery/friendlys-168-easton-rd/GyyhfoWcRpqPQrN3bZu2sA,maple-glen-pennsylvania
https://www.ubereats.com/philadelphia/food-delivery/dunkin-371-e-butler-ave/DriAM07mRBa9F14543W6Wg,maple-glen-pennsylvania
https://www.ubereats.com/philadelphia/food-delivery/pf-changs-721-easton-rd/F2qADMHmRxa5mM4wbBnPXg,maple-glen-pennsylvania
https://www.ubereats.com/philadelphia/food-delivery/costa-steaks/nrK1pymiS6KcR-1GVBpLUQ,maple-glen-pennsylvania
https://www.ubereats.com/philadelphia/food-delivery/chipotle-mexican-grill-950-dekalb-pike/krTg5NA4SHKDMacZdFuvsA,maple-glen-pennsylvania
https://www.ubereats.com/philadelphia/food-delivery/china-dragon/PkEXoAb4SLuuZQ0ka_FYlw,maple-glen-pennsylvania
https://www.ubereats.com/philadelphia/food-delivery/iron-hill-brewery-%26-restaurant-north-wales/jdjg4rcdTNaTnB8HIkVbwA,maple-glen-pennsylvania
https://www.ubereats.com/philadelphia/food-delivery/ihop-150-easton-rd/4JIwy0PfTCSWxhXz_fKleA,maple-glen-pennsylvania
https://www.ubereats.com/philadelphia/food-delivery/lucky-7-fried-chicken/Q6kq7689TBe3W-BoqjRhBA,maple-glen-pennsylvania
https://www.ubereats.com/philadelphia/food-delivery/sunny-asian-warminster/MtKLMOOITPSM81xEbCiQsQ,maple-glen-pennsylvania
https://www.ubereats.com/philadelphia/food-delivery/brunos/IXxfy8aURUG2X2tTmIkUOw,maple-glen-pennsylvania
https://www.ubereats.com/philadelphia/food-delivery/palermos-pizza/RV0rUW1jRJOsi0pihxumsA,maple-glen-pennsylvania
https://www.ubereats.com/philadelphia/food-delivery/perkins-restaurant-%26-bakery-warminster/2oY_DR_iTai-SPFcmv3amQ,maple-glen-pennsylvania
https://www.ubereats.com/philadelphia/food-delivery/namaste-indian-bistro/o_j8QX8iTDqLDUn0zjnquQ,maple-glen-pennsylvania
https://www.ubereats.com/philadelphia/food-delivery/dim-sum-factory/CW2mdtRTQOaC3vFliIRHQg,maple-glen-pennsylvania
https://www.ubereats.com/philadelphia/food-delivery/wing-squad-montgomeryville/NoOPSNzxQzyOAWU8sVEEfw,maple-glen-pennsylvania
https://www.ubereats.com/philadelphia/food-delivery/brick-house-tavern-%2B-tap-2402-easton-road/TOsDeLInRZ6uHAri3ENRuA,maple-glen-pennsylvania
https://www.ubereats.com/philadelphia/food-delivery/saladworks-willow-grove/UmO3JvURQGi0OwI3RUJ-yw,maple-glen-pennsylvania
https://www.ubereats.com/philadelphia/food-delivery/east-cuisine/b820L-CxTAaDCPKY2xX3TQ,maple-glen-pennsylvania
https://www.ubereats.com/philadelphia/food-delivery/philly-pretzel-factory-glenside/NsF67kMFQEmyc5rCsJ5z0Q,maple-glen-pennsylvania
https://www.ubereats.com/philadelphia/food-delivery/elevation-burger-willow-grove/YCrE5hqLQVGjs2KyZH1S5A,maple-glen-pennsylvania
https://www.ubereats.com/philadelphia/food-delivery/bonnet-lane/3Ve7qjwfT_Sh93XYzbBvJw,maple-glen-pennsylvania
https://www.ubereats.com/philadelphia/food-delivery/bethel-cafe/h6KpVFk5T4K4BwXnCnpueg,maple-glen-pennsylvania
https://www.ubereats.com/philadelphia/food-delivery/moose-%26-goose-barbecue/NJedSYZKTmCxNIpI5HhSLg,maple-glen-pennsylvania
https://www.ubereats.com/philadelphia/food-delivery/franconis-pizzeria-%26-ristorante/W2lfwMG-QBqAvBIarNk0EQ,maple-glen-pennsylvania
https://www.ubereats.com/philadelphia/food-delivery/millers-ale-house-montgomeryville/OX15OAxQQWalPrLl429MoA,maple-glen-pennsylvania
https://www.ubereats.com/philadelphia/food-delivery/taco-bell-1700-n-broad-st/6kt9oUhxQ7yJR2WYTVXmOw,maple-glen-pennsylvania
https://www.ubereats.com/philadelphia/food-delivery/taco-bell-430-york-rd/_mik6oYzToik9YXDmtRYxQ,maple-glen-pennsylvania
https://www.ubereats.com/philadelphia/food-delivery/mcdonalds-dresher/wLA2WUJ5RE6CXoQaLJwPQA,maple-glen-pennsylvania
https://www.ubereats.com/philadelphia/food-delivery/zoup!-eatery-970-dekalb-pike/mjISkfk6R9edoR54Wju_yA,maple-glen-pennsylvania
https://www.ubereats.com/philadelphia/food-delivery/fuji-asian/abZHpa0KSL21HQ1pgGdlBg,maple-glen-pennsylvania
https://www.ubereats.com/philadelphia/food-delivery/tonys-place-bar-%26-grille/9GeVnXAvRherjP4ZRiAysA,maple-glen-pennsylvania
https://www.ubereats.com/philadelphia/food-delivery/harrigans-pub/XCRjcoTrRNCR25BmKMapSQ,maple-glen-pennsylvania
https://www.ubereats.com/philadelphia/food-delivery/ottos-brauhaus/qen-QdMQRWSXa5PGvvIw0Q,maple-glen-pennsylvania
https://www.ubereats.com/philadelphia/food-delivery/kurinji-indian-cuisine/eyGJ2ILVTRehyi08hZPGqA,maple-glen-pennsylvania
https://www.ubereats.com/philadelphia/food-delivery/jersey-mikes-subs-960-dekalb-pike/X5wKWmb1RTmapzdHvP0szw,maple-glen-pennsylvania
https://www.ubereats.com/philadelphia/food-delivery/freddys-street-food/rlCEJckuTuqH4ocNFcnh7g,maple-glen-pennsylvania
https://www.ubereats.com/philadelphia/food-delivery/dim-sum-factory/RcD-8TshRYqmfuwpg8p4KA,maple-glen-pennsylvania
https://www.ubereats.com/philadelphia/food-delivery/bridgets-steakhouse/XY2-sOR3R8aNjYfNxkTH9g,maple-glen-pennsylvania
https://www.ubereats.com/philadelphia/food-delivery/primohoagies-313-north-york-road/wIXy6PUfQLudVR7UbFRxWA,maple-glen-pennsylvania
https://www.ubereats.com/philadelphia/food-delivery/cold-stone-4013-welsh-road/VrsxcxfAT12GBVtCpa4gyA,maple-glen-pennsylvania
https://www.ubereats.com/philadelphia/food-delivery/red-lobster-640-cowpath-road/3M1_sAxCQSKzfhPrqX-shg,maple-glen-pennsylvania
https://www.ubereats.com/philadelphia/food-delivery/lees-hoagie-house/Uk9K-t_mQxixZf6FpU9Syw,maple-glen-pennsylvania
https://www.ubereats.com/philadelphia/food-delivery/sum-pig/c7dmYB3IRUON76H2ntM0Rw,maple-glen-pennsylvania
https://www.ubereats.com/philadelphia/food-delivery/cafe-cabana/TSXwaq5ZTF-1w4EZgOfypQ,maple-glen-pennsylvania
https://www.ubereats.com/philadelphia/food-delivery/mama-thai/mB386RwoRnmo_eHBL26ONg,maple-glen-pennsylvania
https://www.ubereats.com/philadelphia/food-delivery/jersey-mikes-subs-horsham-rd-%26-norristown-rd/murYTp0oTTmVKhE2F7wnSQ,maple-glen-pennsylvania
https://www.ubereats.com/philadelphia/food-delivery/ben-%26-irvs-delicatessen/Oj1nR5KFQfKqBtbr9SAKZw,maple-glen-pennsylvania
https://www.ubereats.com/philadelphia/food-delivery/dunkin-1050-bethlehem-pike/fSNH2puDQKmfYvlKGN1OrQ,maple-glen-pennsylvania
https://www.ubereats.com/philadelphia/food-delivery/dunkin-2112-county-line-rd/yRek9q1JRGqZZcnTkhrW4g,maple-glen-pennsylvania
https://www.ubereats.com/philadelphia/food-delivery/2nd-street-pike-grill/O5mF--2rRse6F4iwLYwYSQ,maple-glen-pennsylvania
https://www.ubereats.com/philadelphia/food-delivery/krispy-krunchy-chicken-808-south-york-road/B7TLdQ2nQy-QOeDvHZCbYw,maple-glen-pennsylvania
https://www.ubereats.com/philadelphia/food-delivery/chipotle-mexican-grill-2618-w-moreland-rd/ywcW8PUcSEK7wJlKkdUDBw,maple-glen-pennsylvania
https://www.ubereats.com/philadelphia/food-delivery/primohoagies-210-pennbrook-parkway/4npo_wh7R6GX3imq4ttUCQ,maple-glen-pennsylvania
https://www.ubereats.com/philadelphia/food-delivery/anthonys-coal-fired-pizza-horsham/f1EsenfRSJ-Qbhor7KkKBA,maple-glen-pennsylvania
https://www.ubereats.com/philadelphia/food-delivery/applebees-2333-welsh-rd/RweLUzd6SCCBH1XXbHUzTg,maple-glen-pennsylvania
https://www.ubereats.com/philadelphia/food-delivery/sonic-2405-easton-road/feWaXx51Qw-B6mavrS006w,maple-glen-pennsylvania
https://www.ubereats.com/philadelphia/food-delivery/boston-market-1758-allentown-road/5-zXSRzZQY6rWrq4FnW6PQ,maple-glen-pennsylvania
https://www.ubereats.com/philadelphia/food-delivery/wawa-0156-106-bethlehem-pike-%26-penn-ave/EthxxAokSa-IOzkxAC-0og,maple-glen-pennsylvania
https://www.ubereats.com/philadelphia/food-delivery/manhattan-bagel-5-e-butler-ave/y-_malKARYaPDybfmD2KYQ,maple-glen-pennsylvania
https://www.ubereats.com/philadelphia/food-delivery/first-watch-abington/tMwBvhuvSX2V3PsEw6oC-g,maple-glen-pennsylvania
https://www.ubereats.com/philadelphia/food-delivery/taco-bell-931-n-wales-rd/SI3aSwNgSEOEWyjVMqE3jA,maple-glen-pennsylvania
https://www.ubereats.com/philadelphia/food-delivery/zara-halal-food/thkXWCY5TIuTOji7TjmZFw,maple-glen-pennsylvania
https://www.ubereats.com/philadelphia/food-delivery/hanas-kitchen-%26-pizzeria/eaNO1v9nQKyEBaEumUUu9g,maple-glen-pennsylvania
https://www.ubereats.com/philadelphia/food-delivery/mcdonalds-warrington-pa-metro-drive/JX-mp1-GRfelZ1X9zxmu2Q,maple-glen-pennsylvania
https://www.ubereats.com/philadelphia/food-delivery/flip-city-shakes/CtlB9oxRR0O4-ePaaQVamw,maple-glen-pennsylvania
https://www.ubereats.com/philadelphia/food-delivery/lees-hoagie-house/YkrfvFGWR_yRtZVF6q-mEQ,maple-glen-pennsylvania
https://www.ubereats.com/philadelphia/food-delivery/kitchen-bar/cSUewXVIRGqYvdNExNvhNQ,maple-glen-pennsylvania
https://www.ubereats.com/philadelphia/food-delivery/maggios/P-C4D4RjTUSID-WN6uIp_Q,maple-glen-pennsylvania
https://www.ubereats.com/philadelphia/food-delivery/lemon-grass/UVqIRFDMSPq7pTGm97n2tA,maple-glen-pennsylvania
https://www.ubereats.com/philadelphia/food-delivery/red-pepper-chettinad-indian-cuisine/8yMO_LIaTHGivMTDd9Oy9Q,maple-glen-pennsylvania
https://www.ubereats.com/philadelphia/food-delivery/bertuccis-500-west-germantown-pike/_kRdafiFSqS_w-m1QosOzw,maple-glen-pennsylvania
https://www.ubereats.com/philadelphia/food-delivery/sals-pizza-of-warrington/Ie8UcMeURt2N7SFlsyScog,maple-glen-pennsylvania
https://www.ubereats.com/philadelphia/food-delivery/izu-sushi/F5lPfVqeSP61bX6il4SuQg,maple-glen-pennsylvania
https://www.ubereats.com/philadelphia/food-delivery/quinoa-mexican-%26-peruvian-restaurant/2kQ5ucXTTk627V1Jm26iKA,maple-glen-pennsylvania
https://www.ubereats.com/philadelphia/food-delivery/pancheros-mexican-grill-1105-n-bethlehem-pike/XTJ_u42pQSCspdEnm_mTnA,maple-glen-pennsylvania
https://www.ubereats.com/philadelphia/food-delivery/luhv-vegan-bistro/u7jw7j4kSS-W3rcTz-_Qpw,maple-glen-pennsylvania
https://www.ubereats.com/philadelphia/food-delivery/tommy-ds/PmBk8LThRTeaTcPg9hKxEQ,maple-glen-pennsylvania
https://www.ubereats.com/philadelphia/food-delivery/arnolds-way/SKHOTtSdS4q3NjzHEEJ1Ng,maple-glen-pennsylvania
https://www.ubereats.com/philadelphia/food-delivery/south-sea-thai-kitchen/SjLvaKabS7u5oXimrDYt9w,maple-glen-pennsylvania
https://www.ubereats.com/philadelphia/food-delivery/lees-hoagie-house/bOJd182sSlmsC_DrCzRp9Q,maple-glen-pennsylvania
https://www.ubereats.com/philadelphia/food-delivery/provecho-mexican-grill/y7pvHWh2QNmqzZh_8yJyMw,maple-glen-pennsylvania
https://www.ubereats.com/philadelphia/food-delivery/dunkin-1713-limekiln-pike/664dXKWvQ3SecJo2owJ9bg,maple-glen-pennsylvania
https://www.ubereats.com/philadelphia/food-delivery/chipotle-mexican-grill-1513-main-st-bldg-500a/M8Ntzkl0QquYt5a32kQ1AA,maple-glen-pennsylvania
https://www.ubereats.com/philadelphia/food-delivery/taqueria-aguila/G0w9DFcQQIyImnhqtaW5RA,maple-glen-pennsylvania
https://www.ubereats.com/philadelphia/food-delivery/chipotle-mexican-grill-569-n-main-st/2KsOLCifSXusmgCP_Zxk1Q,maple-glen-pennsylvania
https://www.ubereats.com/philadelphia/food-delivery/whitpain-tavern/Imy38k81RgKkuLoop0kxfw,maple-glen-pennsylvania
https://www.ubereats.com/philadelphia/food-delivery/saladworks-valley-square/zyprl7awSPuERa_5OK0R8w,maple-glen-pennsylvania
https://www.ubereats.com/philadelphia/food-delivery/pats-select-pizza-%7C-grill-warrington/bOVOxFwrQJiKKQAmXYGl8Q,maple-glen-pennsylvania
https://www.ubereats.com/philadelphia/food-delivery/anthonys-coal-fired-pizza-blue-bell/6kdieCxfQder3HOtjWQwYw,maple-glen-pennsylvania
https://www.ubereats.com/philadelphia/food-delivery/ritas-italian-ice-29-31-easton-rd/2JY_yGYYQdOH530M0V03zA,maple-glen-pennsylvania
https://www.ubereats.com/philadelphia/food-delivery/sushi-x/yQjnGNvoRZ2ftArHUvgcUA,maple-glen-pennsylvania
https://www.ubereats.com/philadelphia/food-delivery/mod-pizza-warrington/h17_IiXAS96yp5CxQ8AzkA,maple-glen-pennsylvania
https://www.ubereats.com/philadelphia/food-delivery/turning-point-of-warrington/llGjNc5ERFi7sbaXqT6NlQ,maple-glen-pennsylvania
https://www.ubereats.com/philadelphia/food-delivery/cj-custom-american-grille/aohoMTwjTK64ZreKa-50eQ,maple-glen-pennsylvania
https://www.ubereats.com/philadelphia/food-delivery/gabbys-banh-mi-shop/jFfaUmmMQVqf_2Drapn2Pw,maple-glen-pennsylvania
https://www.ubereats.com/philadelphia/food-delivery/main-street-pizzeria-and-grille-horsham/tDkxT7ZfROOyZcOX7x5IQA,maple-glen-pennsylvania
https://www.ubereats.com/philadelphia/food-delivery/applebees-1745-easton-road/4OGaD4EuQ8-YjnlT9MeT9g,maple-glen-pennsylvania
https://www.ubereats.com/philadelphia/food-delivery/oreland-pizza/gKL1wmVtRAmaxn1jodnWHA,maple-glen-pennsylvania
https://www.ubereats.com/philadelphia/food-delivery/pudges/8fDgg1FjTgCWkabmVz-Cgw,maple-glen-pennsylvania
https://www.ubereats.com/philadelphia/food-delivery/harvest-seasonal-grill-%26-wine-bar-north-wales/nloa3Ul0SXC-1zRBpObs_A,maple-glen-pennsylvania
https://www.ubereats.com/philadelphia/food-delivery/ritas-water-ice-warrington/zMRag_tHQ2ut5kp9zYLxKg,maple-glen-pennsylvania
https://www.ubereats.com/philadelphia/food-delivery/outback-steakhouse-322-ridge-pike/7fodyAvgTwe10-HUmUfEkA,maple-glen-pennsylvania
https://www.ubereats.com/philadelphia/food-delivery/masala-zone/QPirlIvRR5WdXHT9UZi5QA,maple-glen-pennsylvania
https://www.ubereats.com/philadelphia/food-delivery/hibachi-grill-and-buffet/FKsMnSavSiS1jibA4Q6-7A,maple-glen-pennsylvania
https://www.ubereats.com/philadelphia/food-delivery/chipotle-mexican-grill-1673-limekiln-pike/LEBDp9VpSIKU3EY4Nbehzw,maple-glen-pennsylvania
https://www.ubereats.com/philadelphia/food-delivery/dunkin-1055-york-rd/8sboEEj4RF-1_42KUPX6Nw,maple-glen-pennsylvania
https://www.ubereats.com/philadelphia/food-delivery/applebees-1281-knapp-road/w2LzmWFLRYWqwIaH2meVHQ,maple-glen-pennsylvania
https://www.ubereats.com/philadelphia/food-delivery/gallo-tropical/KSLDaLhPQKOUWSkJrVQLRw,maple-glen-pennsylvania
https://www.ubereats.com/philadelphia/food-delivery/pizza-slob/_Iv90bpJS5qBNS2A2hZXkQ,maple-glen-pennsylvania
https://www.ubereats.com/philadelphia/food-delivery/mister-ricks/qzcbNcZiREW3tkSDhEtmUg,maple-glen-pennsylvania
https://www.ubereats.com/philadelphia/food-delivery/manhattan-bagel-warrington/rpsEKQOPTRyNRoxjZEq9Gw,maple-glen-pennsylvania
https://www.ubereats.com/philadelphia/food-delivery/el-poquito/sGrB4f4uRkmnet6rU7MyWw,maple-glen-pennsylvania
https://www.ubereats.com/philadelphia/food-delivery/qdoba-mexican-eats-100-welsh-rd/ijN1srTrSG2GTZM0NDCb6Q,maple-glen-pennsylvania
https://www.ubereats.com/philadelphia/food-delivery/michaels-family-restaurant/lbu_X7txSC2xG_ZazmtigQ,maple-glen-pennsylvania
https://www.ubereats.com/philadelphia/food-delivery/west-avenue-grille-jenkintown-restaurant-%26-catering/5PJCDgP4T9OROd0LDXxoKw,maple-glen-pennsylvania
https://www.ubereats.com/philadelphia/food-delivery/boston-market-18-e-germantown-pk/S9KrlenbQm2TC8z6_pm-gg,maple-glen-pennsylvania
https://www.ubereats.com/philadelphia/food-delivery/ristorante-imperatore/w39ZC2DGTMuq4_1dDwNUtA,maple-glen-pennsylvania
https://www.ubereats.com/philadelphia/food-delivery/dunkin-1425-w-street-rd/NEB_zUaCSuC9pDNbcf2VBQ,maple-glen-pennsylvania
https://www.ubereats.com/philadelphia/food-delivery/dunkin-810-welsh-rd/SBtMWpfQT6qjq9ZpRAKuJQ,maple-glen-pennsylvania
https://www.ubereats.com/philadelphia/food-delivery/manhattan-bagel-willow-grove-200-york-rd/vvd4PV8aSFqzRzLtTLmXmg,maple-glen-pennsylvania
https://www.ubereats.com/philadelphia/food-delivery/the-pizza-box/BHkWJ_7bS-mSwfH9GfUZDg,maple-glen-pennsylvania
https://www.ubereats.com/philadelphia/food-delivery/mod-pizza-willow-grove/KHxIV_XlSs-4XOBzBnVZLA,maple-glen-pennsylvania
https://www.ubereats.com/philadelphia/food-delivery/uno-pizzeria-warrington/VTRE60_ERIWiQgUwxVEkpw,maple-glen-pennsylvania
https://www.ubereats.com/philadelphia/food-delivery/turning-point-of-blue-bell/3CkoBAHcRaWevFW53S2epQ,maple-glen-pennsylvania
https://www.ubereats.com/philadelphia/food-delivery/nutz-about-popcorn/QtGwJAC-RkGbYjOYMPbKDA,maple-glen-pennsylvania
https://www.ubereats.com/philadelphia/food-delivery/el-cerrito-mexican-cuisine/oN1Ar8HJR3ypQMhb_MQBMA,maple-glen-pennsylvania
https://www.ubereats.com/philadelphia/food-delivery/subway-warrington-inside-walmart/dqXdX3YoQRqHGM-pZJf0Nw,maple-glen-pennsylvania
https://www.ubereats.com/philadelphia/food-delivery/aji-sushi-take-out/C85D4ZeSReieIjjSKeDLTQ,maple-glen-pennsylvania
https://www.ubereats.com/philadelphia/food-delivery/palace-of-asia-pa/Uhlq9fxeQOmt1Pt9OwdDUQ,maple-glen-pennsylvania
https://www.ubereats.com/philadelphia/food-delivery/ritas-italian-ice/iThdVm_8QmOP6MJN9Gs5YQ,maple-glen-pennsylvania
https://www.ubereats.com/philadelphia/food-delivery/cj-custom-catering-and-cafe/kBddUKJuR5inRmZ8TqCknA,maple-glen-pennsylvania
https://www.ubereats.com/philadelphia/food-delivery/papa-johns-123-s-main-st/TV0qkrWmQkiuE2jCfMzksg,maple-glen-pennsylvania
https://www.ubereats.com/philadelphia/food-delivery/biryani-bowl-lansdale/BdaGANL0RHmpbyG9mrFRFw,maple-glen-pennsylvania
https://www.ubereats.com/philadelphia/food-delivery/tj-smiths/lwbfX3q3SXmQSLFzeGf7cg,maple-glen-pennsylvania
https://www.ubereats.com/philadelphia/food-delivery/dairy-queen-grill-%26-chill-922-2nd-street-pike/AGEboOydTRSZbFfHDloNrA,maple-glen-pennsylvania
https://www.ubereats.com/philadelphia/food-delivery/carrabbas-2575-maryland-road/7gTahVdOTxmskc3kcod0XQ,maple-glen-pennsylvania
https://www.ubereats.com/philadelphia/food-delivery/the-lucky-well/BcmMn0UqT3Sh-g4hh-j6dg,maple-glen-pennsylvania
https://www.ubereats.com/philadelphia/food-delivery/richmans-ice-cream-%26-burger-co-glenside/fIfC0YvMSSqEk5Uxo_ztmw,maple-glen-pennsylvania
https://www.ubereats.com/philadelphia/food-delivery/wawa-8063-201-york-rd/_1-45jVdTWeygltbybStgg,maple-glen-pennsylvania
https://www.ubereats.com/philadelphia/food-delivery/country-house-diner/nt8UsHbxSx2lbbiLO_ePaA,maple-glen-pennsylvania
https://www.ubereats.com/philadelphia/food-delivery/primohoagies-1650-limekiln-pike/bTLVohTOQkiK5HM-5igxrQ,maple-glen-pennsylvania
https://www.ubereats.com/philadelphia/food-delivery/outback-steakhouse-610-old-york-road/afo0PHPqStybgteLv_nqPQ,maple-glen-pennsylvania
https://www.ubereats.com/philadelphia/food-delivery/starbucks-north-wales/Eikm0_EuRk27MV2CAZ447w,maple-glen-pennsylvania
https://www.ubereats.com/philadelphia/food-delivery/uva/P7mA8PSsSZGdGqHE5uSGIg,maple-glen-pennsylvania
https://www.ubereats.com/philadelphia/food-delivery/wawa-8055-549-w-street-rd/8DKaIS5eT0GjV0gejYTGTQ,maple-glen-pennsylvania
https://www.ubereats.com/philadelphia/food-delivery/union-tacos-bethlehem-pike/RHwGmh5nTO2whpU0jZez6A,maple-glen-pennsylvania
https://www.ubereats.com/philadelphia/food-delivery/starbucks-dresher/ZXJnZpv7RnCZIN2xLrOXQA,maple-glen-pennsylvania
https://www.ubereats.com/philadelphia/food-delivery/cafe-ole-in-the-valley/KcLtzcOAQU-PEu3KPv0VNQ,maple-glen-pennsylvania
https://www.ubereats.com/philadelphia/food-delivery/corner-bakery-cafe-100-welsh-rd/XbFtpIakSx6gucYxJCHs9w,maple-glen-pennsylvania
https://www.ubereats.com/philadelphia/food-delivery/ritas-of-lansdale/JYDfVzEsTDuFBlG1Q-ebLA,maple-glen-pennsylvania
https://www.ubereats.com/philadelphia/food-delivery/manhattan-bagel-401-south-broad-street/7-3XIqXESUa-ZhuG-Ut4ng,maple-glen-pennsylvania
https://www.ubereats.com/philadelphia/food-delivery/osteria-saporino/74stAe7uRp-9o_PMBEcfvA,maple-glen-pennsylvania
https://www.ubereats.com/philadelphia/food-delivery/chipotle-mexican-grill-30-airport-sq/EyGkStWfRJ25_pGT31uOCw,maple-glen-pennsylvania
https://www.ubereats.com/philadelphia/food-delivery/perkins-4319-swamp-road/nQoALszAQWyE-5xkz_SCZg,maple-glen-pennsylvania
https://www.ubereats.com/philadelphia/food-delivery/lees-hoagie-house/hB5u4VZ_QgOAVSe6x5gDNA,maple-glen-pennsylvania
https://www.ubereats.com/philadelphia/food-delivery/subway-willow-grove/fTlnEm3dRPKEKN3g3hS5Hg,maple-glen-pennsylvania
https://www.ubereats.com/philadelphia/food-delivery/bocellis-restaurant/On9iqgxrQheIFq3QumoWxA,maple-glen-pennsylvania
https://www.ubereats.com/philadelphia/food-delivery/ritas-italian-ice/Axe3HGfrQy6xtlIKwcCZMg,maple-glen-pennsylvania
https://www.ubereats.com/philadelphia/food-delivery/buffalo-wild-wings-201-easton-rd-ste-118/do7W6UQwRNmBu0eNXGaOAA,maple-glen-pennsylvania
https://www.ubereats.com/philadelphia/food-delivery/stewarts-all-american/7W_vVz0tR-qzACXiKBsdcg,maple-glen-pennsylvania
https://www.ubereats.com/philadelphia/food-delivery/alessios-seafood-grille/vcrO4D_OQ_afMVNAHLvZDQ,maple-glen-pennsylvania
https://www.ubereats.com/philadelphia/food-delivery/zoes-kitchen-151-york-road/kmO6K3fMQyWZGf6PEpQmVQ,maple-glen-pennsylvania
https://www.ubereats.com/philadelphia/food-delivery/asian-cafe/iiAlY_NORNe_f2YDXloOhg,maple-glen-pennsylvania
https://www.ubereats.com/philadelphia/food-delivery/kfc-1865-easton-rd/XP-pI0CrSg-Y3ap6tXSsPA,maple-glen-pennsylvania
https://www.ubereats.com/philadelphia/food-delivery/kfc-32-airport-square/Uy5-r6EoSJqybsNrzucgWQ,maple-glen-pennsylvania
https://www.ubereats.com/philadelphia/food-delivery/from-the-boot-ambler/8sdJFHbjQ5SvXldh5BeyrA,maple-glen-pennsylvania
https://www.ubereats.com/philadelphia/food-delivery/c-%26-d-deli/xLcrnpXaQRKX_bEhIGb5YA,maple-glen-pennsylvania
https://www.ubereats.com/philadelphia/food-delivery/wawa-157-593-dekalb-pike/Bc7Kv9psS-uNImswtdO9Dg,maple-glen-pennsylvania
https://www.ubereats.com/philadelphia/food-delivery/dunkin-3608-welsh-rd/lnUB26QERa25BvaIYYKl5Q,maple-glen-pennsylvania
https://www.ubereats.com/philadelphia/food-delivery/ban-ban-asian-bistro/UT3d03oeRt2gFR9n_yQzEg,maple-glen-pennsylvania
https://www.ubereats.com/philadelphia/food-delivery/izumi/QyQ9DO4UTsOAs95mb6si8w,maple-glen-pennsylvania
https://www.ubereats.com/philadelphia/food-delivery/smokey-bandit-barbecue/fv8edljYS9KZQhVpDNpf5Q,maple-glen-pennsylvania
https://www.ubereats.com/philadelphia/food-delivery/el-rey-del-oro/E47DOpK8QDuouIK3cVAcJg,maple-glen-pennsylvania
https://www.ubereats.com/philadelphia/food-delivery/slacks-hoagie-shack-warrington/kkSZAk27R6eXWQJO7EebxQ,maple-glen-pennsylvania
https://www.ubereats.com/philadelphia/food-delivery/taco-bell-909-2nd-street-pike/5O40jaP3TNaKkRkV_poKKw,maple-glen-pennsylvania
https://www.ubereats.com/philadelphia/food-delivery/grove-stove/K-d3M9y_Sy61Tu3BIOOVLw,maple-glen-pennsylvania
https://www.ubereats.com/philadelphia/food-delivery/starbucks-warminster/07pkSIg2SiabxVB7tTeduQ,maple-glen-pennsylvania
https://www.ubereats.com/philadelphia/food-delivery/firebirds-wood-fired-grill-1220-bethlehem-pike/ewt5vtziSFibdJiyNmc9EA,maple-glen-pennsylvania
https://www.ubereats.com/philadelphia/food-delivery/the-ice-cream-shop/GDQJKZyNQdGPcGxiruLv4Q,maple-glen-pennsylvania
https://www.ubereats.com/philadelphia/food-delivery/zerogradi/zBjt19B-TTWkbyPW4eKGuw,maple-glen-pennsylvania
https://www.ubereats.com/philadelphia/food-delivery/kumo-asian-bistro-1460-bethlehem-pike/4-nDjwh_QXy2o_ZngIApDw,maple-glen-pennsylvania
https://www.ubereats.com/philadelphia/food-delivery/boston-market-1776-old-york-road/0whafL0hRwGH6o4TQTB1Gw,maple-glen-pennsylvania
https://www.ubereats.com/philadelphia/food-delivery/red-robin-442-281-easton-road/tP_1qFSdRfWsKxC3qV-sGg,maple-glen-pennsylvania
https://www.ubereats.com/philadelphia/food-delivery/costa-burger-bar/UZcx0LQ0QNyf9dBQYO-v6w,maple-glen-pennsylvania
https://www.ubereats.com/philadelphia/food-delivery/dunkin-881-w-butler-pike/7uXsOw3WQ_GUu6je4_q2OQ,maple-glen-pennsylvania
https://www.ubereats.com/philadelphia/food-delivery/the-ice-cream-shop/nOS9xjjvQAGHCcJtWDcU_A,maple-glen-pennsylvania
https://www.ubereats.com/philadelphia/food-delivery/tgi-fridays-659-willow-grove-pa/wzFCt7YFQL6Nhnyce4yhsQ,maple-glen-pennsylvania
https://www.ubereats.com/philadelphia/food-delivery/outback-steakhouse-2520-york-road/b7Mfejk4R3mx21okJISO6w,maple-glen-pennsylvania
https://www.ubereats.com/philadelphia/food-delivery/primohoagies-210-pennbrook-parkway/g-Znah3nR_S_u31cPBKYvw,maple-glen-pennsylvania
https://www.ubereats.com/philadelphia/food-delivery/grandmas-grotto/BUMl_KDjRWKibvfTXd8PNQ,maple-glen-pennsylvania
https://www.ubereats.com/philadelphia/food-delivery/oki-sushi/vBF6veuQQbaZVCeNLTLeUA,maple-glen-pennsylvania
https://www.ubereats.com/philadelphia/food-delivery/gaya-restaurant/rbREfeIjT5GYHcNPcw04MQ,maple-glen-pennsylvania
https://www.ubereats.com/philadelphia/food-delivery/stove-%26-tap/X_qqJrDTR5msPNdcRMjdpQ,maple-glen-pennsylvania
https://www.ubereats.com/philadelphia/food-delivery/mcdonalds-horsham-easton/-_OeDtrjRDOKyivPCnyQyQ,maple-glen-pennsylvania
https://www.ubereats.com/philadelphia/food-delivery/dunkin-1857-n-broad-st/JYgiZvbaRWqx2l3YQZLC5Q,maple-glen-pennsylvania
https://www.ubereats.com/philadelphia/food-delivery/saladworks-cafe-east-norriton/jsmbZS4OSiiusAfPcMtKuw,maple-glen-pennsylvania
https://www.ubereats.com/philadelphia/food-delivery/the-persian-grille-hatboro/Y9A41pllTc6XS2_e5dAZvQ,maple-glen-pennsylvania
https://www.ubereats.com/philadelphia/food-delivery/starbucks-776-bethlehem-pike-montgomeryville/xPGzzv43RgK9VtmQBLLbcw,maple-glen-pennsylvania
https://www.ubereats.com/philadelphia/food-delivery/five-guys-pa-0243-864-west-street-rd/NRibMokwRbaZAvnwQmRJCQ,maple-glen-pennsylvania
https://www.ubereats.com/philadelphia/food-delivery/auntie-annes-montgomery-mall-h6/jkGIoT8lQaCgL17TPCU7ag,maple-glen-pennsylvania
https://www.ubereats.com/philadelphia/food-delivery/papa-johns-york-rd/AJRgB76WToaH60ZI7vD7Xg,maple-glen-pennsylvania
https://www.ubereats.com/philadelphia/food-delivery/joe-%26-tinas-pizzeria-iii/gwnxxRgjQsOyGXVqw_ziTA,maple-glen-pennsylvania
https://www.ubereats.com/philadelphia/food-delivery/chick-fil-a-134-welsh-rd/qh2witWZTLmxaQOkpzSKJg,maple-glen-pennsylvania
https://www.ubereats.com/philadelphia/food-delivery/jamba-juice-willow-grove/lY6ijJQ5S0OwfmNeHuWTfQ,maple-glen-pennsylvania
https://www.ubereats.com/philadelphia/food-delivery/white-elephant-restaurant/Dwe1MhU3RqSQwVFYYQc-Cg,maple-glen-pennsylvania
https://www.ubereats.com/philadelphia/food-delivery/wendys-620-easton-road/H5QUYFWHQqCwqbCvCanClQ,maple-glen-pennsylvania
https://www.ubereats.com/philadelphia/food-delivery/starbucks-270-easton-road-warrington/agId1ivPQ8Shv3fqBEBmTg,maple-glen-pennsylvania
https://www.ubereats.com/philadelphia/food-delivery/philly-pretzel-factory-abington/q50vJtk5SPa4yBHzTUTL_A,maple-glen-pennsylvania
https://www.ubereats.com/philadelphia/food-delivery/the-pizza-pasta-house-ii/1hNTVjjXTKmwgHjzpfGi5A,maple-glen-pennsylvania
https://www.ubereats.com/philadelphia/food-delivery/playa-bowls-doylestown/e9YDnycDT3qubChNaCHY9Q,maple-glen-pennsylvania
https://www.ubereats.com/philadelphia/food-delivery/ritas-of-chalfont/giJRT4W-RrqXNVe2h95riA,maple-glen-pennsylvania
https://www.ubereats.com/philadelphia/food-delivery/mcdonalds-hatboro-old-yk/FGuPFIj8TT-fJpJthmoWnw,maple-glen-pennsylvania
https://www.ubereats.com/philadelphia/food-delivery/wendys-415-easton-rd/LLrqbSiTTYSzv9pMAT9q3g,maple-glen-pennsylvania
https://www.ubereats.com/philadelphia/food-delivery/red-lion-diner-%26-cafe-llc/M4hMDldsSM-NVFIcREytvw,maple-glen-pennsylvania
https://www.ubereats.com/philadelphia/food-delivery/bbq-chicken-north-wales-pa/Z7OFHedfTOieA1qkJnhowg,maple-glen-pennsylvania
https://www.ubereats.com/philadelphia/food-delivery/saladworks-warminster/HfeNSm-zQ22lcgSmguUwDw,maple-glen-pennsylvania
https://www.ubereats.com/philadelphia/food-delivery/mi-lah-vegetarian/j90MB5eLQ16H7ld4pT9y-w,maple-glen-pennsylvania
https://www.ubereats.com/philadelphia/food-delivery/tonellis-pizza-pub/bbqcp6wgTseVPSfEE9KyOQ,maple-glen-pennsylvania
https://www.ubereats.com/philadelphia/food-delivery/mirnas-cafe/kaoRp5qOSveL_cGRzfXWNg,maple-glen-pennsylvania
https://www.ubereats.com/philadelphia/food-delivery/sopranos-pizzeria/5fUgX381RpKtcry4crRyyQ,maple-glen-pennsylvania
https://www.ubereats.com/philadelphia/food-delivery/vic-sushi-%26-thai-cuisine/ZdN3xrcuRqaDBTfoipzhNg,maple-glen-pennsylvania
https://www.ubereats.com/philadelphia/food-delivery/costa-deli/_339Y3qwQrGEp78KY6Mtaw,maple-glen-pennsylvania
https://www.ubereats.com/philadelphia/food-delivery/dunkin-334-easton-rd/HYanuPGGQfKMuCh3uhznnw,maple-glen-pennsylvania
https://www.ubereats.com/philadelphia/food-delivery/amys-family-pizzeria/epz6uwXKSHiuQnodvFbXQA,maple-glen-pennsylvania
https://www.ubereats.com/philadelphia/food-delivery/teng-da-asian-fusion/KycXdGETRBKlJP51-Mmw7A,maple-glen-pennsylvania
https://www.ubereats.com/philadelphia/food-delivery/auntie-annes-2500-w-moreland-rd-ste-fc1/Q7GJjUg9Qp-9JEMZeqQdTQ,maple-glen-pennsylvania
https://www.ubereats.com/philadelphia/food-delivery/dunkin-1715-s-easton-rd/A2NLC3EfRTC9j9tVTEo7Dw,maple-glen-pennsylvania
https://www.ubereats.com/philadelphia/food-delivery/buutchiis-grille-llc/NX-aB4KtS4mVIkjogTI0_w,maple-glen-pennsylvania
https://www.ubereats.com/philadelphia/food-delivery/stewarts-willow-grove/8sqDgDU8S3qbG7-tHibBPg,maple-glen-pennsylvania
https://www.ubereats.com/philadelphia/food-delivery/giuseppe-pizza-and-family-restaurant/Bxuoo-iPRXyx4SsQnm96Iw,maple-glen-pennsylvania
https://www.ubereats.com/philadelphia/food-delivery/zoes-kitchen-255-montgomery-mall/Ap9FDDDyREuENYM5gfsEAw,maple-glen-pennsylvania
https://www.ubereats.com/philadelphia/food-delivery/lepore-ba-q/p4HaJz_iR3-jUOfoP8-fFA,maple-glen-pennsylvania
https://www.ubereats.com/philadelphia/food-delivery/mcdonalds-southampton/z6Yhfs7OQq6Avuj9mKOiUg,maple-glen-pennsylvania
https://www.ubereats.com/philadelphia/food-delivery/the-general/LHNdBKGgQ7Cax5hv7FLTAw,maple-glen-pennsylvania
https://www.ubereats.com/philadelphia/food-delivery/dreams-ice-cream-at-glenside/YZwsm367TxqpcI9O_7cfkA,maple-glen-pennsylvania
https://www.ubereats.com/philadelphia/food-delivery/fountainside/T9MbHx3jT3auQPTCLB4OVQ,maple-glen-pennsylvania
https://www.ubereats.com/philadelphia/food-delivery/manhattan-bagel-hatboro/NRVTeaarTDix0p9BRa1NGA,maple-glen-pennsylvania
https://www.ubereats.com/philadelphia/food-delivery/smokey-bones-north-wales/oTRtp416TGawdZJIHDUK1Q,maple-glen-pennsylvania
https://www.ubereats.com/philadelphia/food-delivery/moes-southwest-grill-648-easton-rd/HXsanlCpToC5R5mKjryuyA,maple-glen-pennsylvania
https://www.ubereats.com/philadelphia/food-delivery/bertuccis-huntingdon-valley/MWTeYsGrSVKEGx7GxAzCJQ,maple-glen-pennsylvania
https://www.ubereats.com/philadelphia/food-delivery/ristorante-castello/S5XTRc7yTg-vtGaAC5yBpQ,maple-glen-pennsylvania
https://www.ubereats.com/philadelphia/food-delivery/randazzos-pizzeria-welsh-rd/UjTl-YjJT-6H8jnpKZGoeQ,maple-glen-pennsylvania
https://www.ubereats.com/philadelphia/food-delivery/millers-ale-house-willow-grove/KErX-VGgTUaUwzSpkyCUkw,maple-glen-pennsylvania
https://www.ubereats.com/philadelphia/food-delivery/wendys-1710-limekiln-pike/SJg5fj6-QYG9OPHQAFbyxw,maple-glen-pennsylvania
https://www.ubereats.com/philadelphia/food-delivery/station-wing-house/1XiwqYnLR8iGSdkuXBsGtQ,maple-glen-pennsylvania
https://www.ubereats.com/philadelphia/food-delivery/gran-rodeo-mexican-bar-%26-grill/bX5MEJ2dTJe5ypVA8QsY_g,maple-glen-pennsylvania
https://www.ubereats.com/philadelphia/food-delivery/rice-and-curry/wG7xX15XT1-4nZ9337sglg,maple-glen-pennsylvania
https://www.ubereats.com/philadelphia/food-delivery/panache-woodfire-grill-w-skippack-pike/fyPrPIEaRIKYfJt6ga6ASA,maple-glen-pennsylvania
https://www.ubereats.com/philadelphia/food-delivery/kcs-alley/Cbp1rwmYSR6RAVBqL9ss8A,maple-glen-pennsylvania
https://www.ubereats.com/philadelphia/food-delivery/wing-squad-huntingdon-valley/UrdqnPkyTEeeWiDuDaEMzQ,maple-glen-pennsylvania
https://www.ubereats.com/philadelphia/food-delivery/dunkin-1250-easton-rd/SVQ5JeCNSjuPI7NOexdN8A,maple-glen-pennsylvania
https://www.ubereats.com/philadelphia/food-delivery/sams-pizza-and-bistro/_zXd-6UlRlqmhu0deZ7Brg,maple-glen-pennsylvania
