url,city
https://www.ubereats.com/boston/food-delivery/starbucks-beverly-242-elliott-st/2MYHFFkJRgCLjwgusHc4_w,marblehead-massachusetts
https://www.ubereats.com/boston/food-delivery/antojitos-chapines-restaurant/nLnq2Ll1SWmfCHbONe5VUQ,marblehead-massachusetts
https://www.ubereats.com/boston/food-delivery/dunkin-68-boston-st/rDJyAqeUTTON2_DpFLkpbQ,marblehead-massachusetts
https://www.ubereats.com/boston/food-delivery/casa-antigua/D0rss5wgT3uSwUltoWKC7A,marblehead-massachusetts
https://www.ubereats.com/boston/food-delivery/misono-japanese-steakhouse-and-sushi-bar/KVWsfB_VRi-woplEwjCPAA,marblehead-massachusetts
https://www.ubereats.com/boston/food-delivery/the-cotton-mill-cafe/KF54Dk9eR9elpLBxfxyzmQ,marblehead-massachusetts
https://www.ubereats.com/boston/food-delivery/omelette-factory/gXqjPSK3QGObuDhJY567MA,marblehead-massachusetts
https://www.ubereats.com/boston/food-delivery/toscanas-ristorante/GFeMlJ9WQUitd1FrUofA4Q,marblehead-massachusetts
https://www.ubereats.com/boston/food-delivery/mcdonalds-60-boston-st/RnWIJK6SS7uXDPdYp3DRjA,marblehead-massachusetts
https://www.ubereats.com/boston/food-delivery/bonchon-chicken-299-essex-st/3JLQ2QTOSEScskUir8gZGg,marblehead-massachusetts
https://www.ubereats.com/boston/food-delivery/starbucks-peabody/ap9cEC_hQ02ZW8YF6j750A,marblehead-massachusetts
https://www.ubereats.com/boston/food-delivery/pho-minh-ky/keJ67S05R1Olp7DqdcnGiw,marblehead-massachusetts
https://www.ubereats.com/boston/food-delivery/the-peabody-diner/-HieyR9bSJ6NH5wugKp34Q,marblehead-massachusetts
https://www.ubereats.com/boston/food-delivery/lolo-poke-beverly/L8AGeZgJRByA39vh6NPW5w,marblehead-massachusetts
https://www.ubereats.com/boston/food-delivery/paprika-grill/cihCqRoYRRWLP_mnZDsR4g,marblehead-massachusetts
https://www.ubereats.com/boston/food-delivery/kings-famous-roast-beef-and-seafood/hEH7wwsCR0e3bOjiDgk0ug,marblehead-massachusetts
https://www.ubereats.com/boston/food-delivery/north-house-of-pizza/g9dRT3mLTKGaO6Eq8gdMww,marblehead-massachusetts
https://www.ubereats.com/boston/food-delivery/wendys-116-boston-st/NyMR6ZXlQN-wwDUCePb2wg,marblehead-massachusetts
https://www.ubereats.com/boston/food-delivery/mcdonalds-77-high-st/4--Etd5bSSqCBVLqwg2R7A,marblehead-massachusetts
https://www.ubereats.com/boston/food-delivery/china-sails/YyA-mRydT1qMZfHdY7ByiQ,marblehead-massachusetts
https://www.ubereats.com/boston/food-delivery/dunkin-980-paradise-rd-next-to-five-guys/ZkmFtrMYS2qBaKh918wZVQ,marblehead-massachusetts
https://www.ubereats.com/boston/food-delivery/dunkin-3-central-st/pBT6Vb2sRjm2OsVyCGpzNw,marblehead-massachusetts
https://www.ubereats.com/boston/food-delivery/the-muffin-shop/SxdToISMTnG5O6b_JknNfg,marblehead-massachusetts
https://www.ubereats.com/boston/food-delivery/prime-roast-beef/FcfE6BQ1T4u-kXd_EWT69w,marblehead-massachusetts
https://www.ubereats.com/boston/food-delivery/dunkin-260-s-main-st/RHC6oryoS6Kwqxqydq891Q,marblehead-massachusetts
https://www.ubereats.com/boston/food-delivery/toscana-bar-italiano/d3rKenbDTp2uq50shYSjEQ,marblehead-massachusetts
https://www.ubereats.com/boston/food-delivery/el-gran-jaguar-restaurant/2-0HnFgiSV6Dp_lklZXA7A,marblehead-massachusetts
https://www.ubereats.com/boston/food-delivery/superior-roast-beef/ChUWblfESq2ngAWe2NHORg,marblehead-massachusetts
https://www.ubereats.com/boston/food-delivery/supreme-pizza/BM4oxnkwRpOZ32cEkWHFNw,marblehead-massachusetts
https://www.ubereats.com/boston/food-delivery/village-tavern/Rxcpir00RYCkEBk86blSDA,marblehead-massachusetts
https://www.ubereats.com/boston/food-delivery/panera-100-independence-way/wmTAzSsoSvu32s5ly5QnLw,marblehead-massachusetts
https://www.ubereats.com/boston/food-delivery/tropical-paradise-inc/PkdZngHXT2-ryOUrWPiBSQ,marblehead-massachusetts
https://www.ubereats.com/boston/food-delivery/alma-fusion/jgVRa6DTToif72lY6yHplg,marblehead-massachusetts
https://www.ubereats.com/boston/food-delivery/wendys-91-lafayette-st/8jWY901_QM-aZr42x8bwdg,marblehead-massachusetts
https://www.ubereats.com/boston/food-delivery/gongcha-peabody/MU-XdzLDQsmmMlHl4L7cCA,marblehead-massachusetts
https://www.ubereats.com/boston/food-delivery/dunkin-241-maple-st/uvwEDVOBQ8atxMnHOK7mjw,marblehead-massachusetts
https://www.ubereats.com/boston/food-delivery/fen-yang-house/m3482ypLQLGDm6k35t3wlQ,marblehead-massachusetts
https://www.ubereats.com/boston/food-delivery/honey-dew-donuts-140-canal-street/xQuxfEKKQ6eZCcxWkdRtwA,marblehead-massachusetts
https://www.ubereats.com/boston/food-delivery/the-ice-cream-shop/dezn8A40TKK-AOA9jD-c8A,marblehead-massachusetts
https://www.ubereats.com/boston/food-delivery/the-ice-cream-shop/3pReqwNzRzuLd6C0M3I2JA,marblehead-massachusetts
https://www.ubereats.com/boston/food-delivery/salem-green-tomato/cMCx6B8sTb2E37nus80uEw,marblehead-massachusetts
https://www.ubereats.com/boston/food-delivery/blu-karma/ALewg1MiTzCLYQjLaz9dYQ,marblehead-massachusetts
https://www.ubereats.com/boston/food-delivery/stacked-sandwiches-%26-salads/DMvUW-wpQdiVKyldqpVGgw,marblehead-massachusetts
https://www.ubereats.com/boston/food-delivery/casa-mia-cucina-italiana/bIGKAq0CT-2yNvSzWyh9nw,marblehead-massachusetts
https://www.ubereats.com/boston/food-delivery/aprils/986arHTSSzyi3bexjHKk_g,marblehead-massachusetts
https://www.ubereats.com/boston/food-delivery/toppsalad/ISclvyjtTDaHvSegPl9Uhw,marblehead-massachusetts
https://www.ubereats.com/boston/food-delivery/salad-house/lte6uO8hQOu-WoVoxFZdsQ,marblehead-massachusetts
https://www.ubereats.com/boston/food-delivery/debs-diner/l05CP3PFQ0qg6hzDZimLQw,marblehead-massachusetts
https://www.ubereats.com/boston/food-delivery/boston-market-168-broadway/L5ba157bQOWCZ6SRPQdxvg,marblehead-massachusetts
https://www.ubereats.com/boston/food-delivery/wendys-188-endicott-st/epLpKaJfSbK1CDLNNZM7Kw,marblehead-massachusetts
https://www.ubereats.com/boston/food-delivery/demainos-restaurant/pU6BarcVR6KyClJnmVVZTQ,marblehead-massachusetts
https://www.ubereats.com/boston/food-delivery/burger-king-108-boston-street/NGcTUkVKSM2bUA0uFteq5Q,marblehead-massachusetts
https://www.ubereats.com/boston/food-delivery/burger-king-498-rantoul-street/ydOKN5FxQvGUWBRpqyzm9g,marblehead-massachusetts
https://www.ubereats.com/boston/food-delivery/dunkin-79-lynnfield-st/4ovOhcABTjaRakhXsulX6w,marblehead-massachusetts
https://www.ubereats.com/boston/food-delivery/omega-pizza-roast-beef/lnNdM1aZSQWqrhdVuJvd0w,marblehead-massachusetts
https://www.ubereats.com/boston/food-delivery/fountain-place/UU6QGANEQD6ka5hlMWsItg,marblehead-massachusetts
https://www.ubereats.com/boston/food-delivery/casa-tequila-salem-ma-llc/QIaYXEV3TkOGNZ1uP4kpnQ,marblehead-massachusetts
https://www.ubereats.com/boston/food-delivery/green-tea/iYZglL8JQeurG-qR1CKrVg,marblehead-massachusetts
https://www.ubereats.com/boston/food-delivery/the-ice-cream-shop/AUyA-k5dRGqkJ0DKGh145A,marblehead-massachusetts
https://www.ubereats.com/boston/food-delivery/blue-fin/M6kmRmzUTTSVgx7gX_h7_w,marblehead-massachusetts
https://www.ubereats.com/boston/food-delivery/mcdonalds-133-main-st/fNvM84Y9T7yIoKdu-agRHg,marblehead-massachusetts
https://www.ubereats.com/boston/food-delivery/jaho-coffee-%26-tea-salem/svhiqFgzRVOlxhXrcxlEWw,marblehead-massachusetts
https://www.ubereats.com/boston/food-delivery/brickyard-bar-and-grill/KdKOeBlVSSCIYZjPJ06F4A,marblehead-massachusetts
https://www.ubereats.com/boston/food-delivery/oliveiras-express-peabody/M3vr1-PLRAG09aV-5fRJgg,marblehead-massachusetts
https://www.ubereats.com/boston/food-delivery/carusos-pizza/_74pFO1_SyOCpFo42yTNiQ,marblehead-massachusetts
https://www.ubereats.com/boston/food-delivery/wing-squad-beverly/Y5mkzQeARsuTfySY2FdX3w,marblehead-massachusetts
https://www.ubereats.com/boston/food-delivery/tony-cs-sports-bar-%26-grill-peabody/qWBDLc02QaCBlWhApD5bdQ,marblehead-massachusetts
https://www.ubereats.com/boston/food-delivery/teresas-italian-eatery/FJI_U50BQ3S17r4GHBON1Q,marblehead-massachusetts
https://www.ubereats.com/boston/food-delivery/mcdonalds-1-traders-way-highland-plaza/dreDOCnDT2e4s3JbPErnJw,marblehead-massachusetts
https://www.ubereats.com/boston/food-delivery/longboards-restaurant-%26-bar/97iL4ixOQVKDvSajKmjrTg,marblehead-massachusetts
https://www.ubereats.com/boston/food-delivery/mexicali-mexican-grill-swampscott/i-FESUpMTCC2EJbzNYLAMQ,marblehead-massachusetts
https://www.ubereats.com/boston/food-delivery/kokeshi/JLxJv4-yTmOxwCWpKHMSZA,marblehead-massachusetts
https://www.ubereats.com/boston/food-delivery/street-55/TJ7GNbBuQi64SrMG84QlzQ,marblehead-massachusetts
https://www.ubereats.com/boston/food-delivery/brothers-restaurant-%26-deli/F9IOd44ZSSGKuyAP63UvmQ,marblehead-massachusetts
https://www.ubereats.com/boston/food-delivery/chipotle-mexican-grill-55-dodge-st/hOTBisW9TRSgwYra6MggRw,marblehead-massachusetts
https://www.ubereats.com/boston/food-delivery/sugar-daddy-salem/IxLnzdW6Qf-PGHe5cN8Bow,marblehead-massachusetts
https://www.ubereats.com/boston/food-delivery/pollo-campero-lynn-state-st/BRoUg2EXR0-IvCdPKBb_Zg,marblehead-massachusetts
https://www.ubereats.com/boston/food-delivery/back-east-grill/540ktRdlTnqtESpLnPOPyg,marblehead-massachusetts
https://www.ubereats.com/boston/food-delivery/burger-king-184-endicott-street/7Ym9oROaRxmIzn5jnB0QWg,marblehead-massachusetts
https://www.ubereats.com/boston/food-delivery/cafecolombia/wHfPC5iqR8y_2rP3GTZyOQ,marblehead-massachusetts
https://www.ubereats.com/boston/food-delivery/sea-level-oyster-bar-94-wharf-st/bAfHYBwNT_ytM1XrlemQcw,marblehead-massachusetts
https://www.ubereats.com/boston/food-delivery/bistros/KnAab8zpSJC_5AERyYILxw,marblehead-massachusetts
https://www.ubereats.com/boston/food-delivery/dinas-roast-beef-%26-seafood/3JWDAzymSvKA-d7vcyLDBQ,marblehead-massachusetts
https://www.ubereats.com/boston/food-delivery/mcdonalds-230-elliott-st/uVjnM302QjiwFL4P4timRw,marblehead-massachusetts
https://www.ubereats.com/boston/food-delivery/friendlys-250-andover-st/X-kDIJbpRrmBMiJKOix4Qw,marblehead-massachusetts
https://www.ubereats.com/boston/food-delivery/dunkin-152-washington-st/hAcldF63RDuG3JP8Fo8vyA,marblehead-massachusetts
https://www.ubereats.com/boston/food-delivery/christophers-cafe/bLnhNXcFSOWQ2U8V-uCxWQ,marblehead-massachusetts
https://www.ubereats.com/boston/food-delivery/rite-spice-caribbean/73ezgTN2Rquo0sa4jx2xRQ,marblehead-massachusetts
https://www.ubereats.com/boston/food-delivery/dunkin-201-canal-st/RLFboOreSA-JxQlt5XkgPg,marblehead-massachusetts
https://www.ubereats.com/boston/food-delivery/uncommon-feasts/6iZgkiYTSZOMi-GbIcBHkQ,marblehead-massachusetts
https://www.ubereats.com/boston/food-delivery/casa-corona/At9ZS_EVQB29g8gbhiflLg,marblehead-massachusetts
https://www.ubereats.com/boston/food-delivery/big-fin-poke/-5MR3QFmSMqcsiF5ORpfMA,marblehead-massachusetts
https://www.ubereats.com/boston/food-delivery/kanes-donuts-saugus/9AdfayvTTEy6O6BkXdEWRw,marblehead-massachusetts
https://www.ubereats.com/boston/food-delivery/sunset-caribbean-hatian-restaurants/vksPDE-KRvKFxSUgdYgaIg,marblehead-massachusetts
https://www.ubereats.com/boston/food-delivery/chi-modern-asian-cuisine/X9O4vbviSWiJc9EC_h8INw,marblehead-massachusetts
https://www.ubereats.com/boston/food-delivery/route-1-grill-house/Y782GjB2Qte6rgmVvZzLmA,marblehead-massachusetts
https://www.ubereats.com/boston/food-delivery/los-chamos-cuisine/iorjtM0NRgaN2XlC307FDQ,marblehead-massachusetts
https://www.ubereats.com/boston/food-delivery/betty-anne-sandwich-shop/ds68jSh_QX-ZpVxfliryVw,marblehead-massachusetts
https://www.ubereats.com/boston/food-delivery/boloco-lynnfield/9uYriUIAQuyOU9mqFmOv9Q,marblehead-massachusetts
https://www.ubereats.com/boston/food-delivery/burger-king-259-highland-drive/ss9SqbtlTVC865e3O06SCA,marblehead-massachusetts
https://www.ubereats.com/boston/food-delivery/dunkin-9-1-2-paradise-rd/FL-lBp17SEu652yStonQPQ,marblehead-massachusetts
https://www.ubereats.com/boston/food-delivery/beijing-restaurant-chinese-cuisine-%E5%8C%97%E4%BA%AC/73T32_0QR1ikjOWdPo1YzA,marblehead-massachusetts
https://www.ubereats.com/boston/food-delivery/tasty-subs/-9HDvLptSaeJ-_uNT6guDA,marblehead-massachusetts
https://www.ubereats.com/boston/food-delivery/the-castle%3A-a-board-game-cafe/JuOgMOYCRP-LupZAND1P6Q,marblehead-massachusetts
https://www.ubereats.com/boston/food-delivery/qdoba-1016-paradise-rd/RWCmF8MMT5WBypye1NyKMg,marblehead-massachusetts
https://www.ubereats.com/boston/food-delivery/summer-pizza/rzfOL9mdSkCJPfypdndS6Q,marblehead-massachusetts
https://www.ubereats.com/boston/food-delivery/dunkin-31-bridge-st/8cjpUVQ2She2Zz1NNBvxWQ,marblehead-massachusetts
https://www.ubereats.com/boston/food-delivery/el-jalisco/1b-ivKAXTfeZ3i_y56JWYQ,marblehead-massachusetts
https://www.ubereats.com/boston/food-delivery/salem-gnu-kitchen/mw5JEpOeSviD2s-4dMYugA,marblehead-massachusetts
https://www.ubereats.com/boston/food-delivery/jersey-mikes-subs-425-paradise-rd/FfxXjntzTcebbPa9WSOVbQ,marblehead-massachusetts
https://www.ubereats.com/boston/food-delivery/uno-pizzeria-%26-grill-%23252/xRSsAKOSSTClIhWgf7l5xA,marblehead-massachusetts
https://www.ubereats.com/boston/food-delivery/dunkin-161-pleasant-st/X__2NDzUT16R2eoNamvwQg,marblehead-massachusetts
https://www.ubereats.com/boston/food-delivery/five-guys-ma-1487-227-andover-st/npPKs8IYT2u13SvZLSZDBw,marblehead-massachusetts
https://www.ubereats.com/boston/food-delivery/taco-bell-124-boston-st/Os8f7vkbQBqdWmBWLt6mHA,marblehead-massachusetts
https://www.ubereats.com/boston/food-delivery/starbucks-beverly-enon-st/sJza6fU_S5WkgajinHph-A,marblehead-massachusetts
https://www.ubereats.com/boston/food-delivery/the-nexmex-thing/JeF8GZblTk-f1ixT-xkqgQ,marblehead-massachusetts
https://www.ubereats.com/boston/food-delivery/bertuccis-peabody/GKvUjanWRfeYS7Z52Af_Dw,marblehead-massachusetts
https://www.ubereats.com/boston/food-delivery/the-little-depot-diner/r0ppvoKxQF6KQccKVtbj5Q,marblehead-massachusetts
https://www.ubereats.com/boston/food-delivery/bella-mia-pizza/9KtVqqtKRPanNyv6okEI2w,marblehead-massachusetts
https://www.ubereats.com/boston/food-delivery/wahlburgers-lynnfield/OqQ91EfOSF6gmd3gDm4m4g,marblehead-massachusetts
https://www.ubereats.com/boston/food-delivery/early-harvest-diner-beverly/Qv9Zm17gRNygc3RPAX7B4g,marblehead-massachusetts
https://www.ubereats.com/boston/food-delivery/sidelines-sportsbar-%26-grill/evOWMYv5TRal9lruu_x2uw,marblehead-massachusetts
https://www.ubereats.com/boston/food-delivery/tex-mex-express/piow1mt8SDqzXGY2Ea5XEQ,marblehead-massachusetts
https://www.ubereats.com/boston/food-delivery/dunkin-79-andover-st/kxp17zElQWa7pZ6wdt2nvQ,marblehead-massachusetts
https://www.ubereats.com/boston/food-delivery/wendys-377-lynnway/Xbr2XdTMR_y1_yvcTgWQIQ,marblehead-massachusetts
https://www.ubereats.com/boston/food-delivery/dotty-and-rays/1OdAi5nETL27e4EvdCrjNw,marblehead-massachusetts
https://www.ubereats.com/boston/food-delivery/rasta-pasta-pizzeria/s97f7PU_SkiupcWGwXIhKw,marblehead-massachusetts
https://www.ubereats.com/boston/food-delivery/nguyens-vietnamese-cuisine-%26-sushi-bar/JqWMpvTJR-q-x-XE_G1iLg,marblehead-massachusetts
https://www.ubereats.com/boston/food-delivery/tgi-fridays-652-boston-danvers-ma/2iPAHOwBRPOxwypVaMQkhA,marblehead-massachusetts
https://www.ubereats.com/boston/food-delivery/lynnfield-house-of-pizza/t_UtZplGQNeQCO-TS2uW1w,marblehead-massachusetts
https://www.ubereats.com/boston/food-delivery/antonias-restaurant/57bE8gisTMerKO_T09BEUw,marblehead-massachusetts
https://www.ubereats.com/boston/food-delivery/kfc-720-lynnway/5DYLyZcxQHCsqln3RlDtdg,marblehead-massachusetts
https://www.ubereats.com/boston/food-delivery/life-alive-salem/eV_PYRgcTYi4JauyWeQ2pQ,marblehead-massachusetts
https://www.ubereats.com/boston/food-delivery/dragon-island/s9x4qlxwSCOAhQ4pT4UamA,marblehead-massachusetts
https://www.ubereats.com/boston/food-delivery/el-salvadoreno-restaurant/ESREjENZSOeTX1wSlNY6EQ,marblehead-massachusetts
https://www.ubereats.com/boston/food-delivery/the-ice-cream-shop/ZfnX6ggeRJ6WqIhjtwwXYg,marblehead-massachusetts
https://www.ubereats.com/boston/food-delivery/ilsa-cakes/MPPEUqFcS_iMUwUukgb1Fg,marblehead-massachusetts
https://www.ubereats.com/boston/food-delivery/sazon-y-antojo/qvuR1fsXQF22xLKZX-wLuA,marblehead-massachusetts
https://www.ubereats.com/boston/food-delivery/flying-saucer-pizza-company/HEEByVfsTtSX71YdEZLOFg,marblehead-massachusetts
https://www.ubereats.com/boston/food-delivery/lincolns-landing/zFbjTejTT_-xVBES1ynR9w,marblehead-massachusetts
https://www.ubereats.com/boston/food-delivery/ej-cabots/LLTus7rwTVWih6nyw_JppA,marblehead-massachusetts
https://www.ubereats.com/boston/food-delivery/genghis-asian-fusion/AqJ5srsFS-29wcuvm1TAZw,marblehead-massachusetts
https://www.ubereats.com/boston/food-delivery/freedass-pizza-%26-calzone/WHx52kVrTPmmK_0EPMChJQ,marblehead-massachusetts
https://www.ubereats.com/boston/food-delivery/edible-arrangements-919-lynnfield-st/G2qx3NdnTd6Mr0YyolyvlQ,marblehead-massachusetts
https://www.ubereats.com/boston/food-delivery/armenian-grill-and-catering/0B-iZUWjSOOKwM-qDdtQQA,marblehead-massachusetts
https://www.ubereats.com/boston/food-delivery/petes-pizza/1x69c8OcTE6PkueacWgcBA,marblehead-massachusetts
https://www.ubereats.com/boston/food-delivery/subway-119-125-canal-st/pk9J3aYhS4ag70P_gTK46A,marblehead-massachusetts
https://www.ubereats.com/boston/food-delivery/milkboy-boba/BEfTP1hqQzu3fB0uErtjEQ,marblehead-massachusetts
https://www.ubereats.com/boston/food-delivery/sach-ko/fgxMmhgHRaSGTsX8eAPI0A,marblehead-massachusetts
https://www.ubereats.com/boston/food-delivery/aprils-ii/isM0DgZjR0OhJlbfkcSLyg,marblehead-massachusetts
https://www.ubereats.com/boston/food-delivery/big-pig-barbecue/_N5SCIuNT7S_Pobtwddcig,marblehead-massachusetts
https://www.ubereats.com/boston/food-delivery/honey-dew-donuts-danvers/Dnf4E1J9SuC_XDHT12vsZQ,marblehead-massachusetts
https://www.ubereats.com/boston/food-delivery/caribe-restaurante-peabody/8CsoG2GLSi2w9LpCANAXBw,marblehead-massachusetts
https://www.ubereats.com/boston/food-delivery/cafe-avellino/afNAN2qPRz6SMtwd2TDu3A,marblehead-massachusetts
https://www.ubereats.com/boston/food-delivery/amigos-mexican-kitchen-%26-tequila-bar/KLc68QIjTVOPiCXPPSHblg,marblehead-massachusetts
https://www.ubereats.com/boston/food-delivery/antique-table-restaurant/QOvytmuzRRunqaf6u1banA,marblehead-massachusetts
https://www.ubereats.com/boston/food-delivery/dunkin-153-endicott-st/8qnmvkvkSfSbKhw5rYeClw,marblehead-massachusetts
https://www.ubereats.com/boston/food-delivery/mexicali-mexican-grill-danvers/2LzGXbNeTGeaQB1HpwKDcw,marblehead-massachusetts
https://www.ubereats.com/boston/food-delivery/giovannis-seafood-and-roastbeef/OY3B7kpFQGWdu9kZawvqGA,marblehead-massachusetts
https://www.ubereats.com/boston/food-delivery/regina-pizzeria-liberty-tree-mall/7qQg3wfATwCghdKPcypGAw,marblehead-massachusetts
https://www.ubereats.com/boston/food-delivery/dunkin-162-washington-st/o3eqd_xpSm-3QYdEDRWOyw,marblehead-massachusetts
https://www.ubereats.com/boston/food-delivery/the-ice-cream-shop/5DsPOtkzSQqDhchfX3628A,marblehead-massachusetts
https://www.ubereats.com/boston/food-delivery/jersey-mikes-subs-55-dodge-street/N0HAyz6DS9GfLu0b_UwFJg,marblehead-massachusetts
https://www.ubereats.com/boston/food-delivery/honey-dew-donuts-1067-western-avenue/jzVTI8ZwRJevD0HemoKKgw,marblehead-massachusetts
https://www.ubereats.com/boston/food-delivery/sam-%26-joes-restaurant/DJZDnZ_1R8KCY-i6n__z8Q,marblehead-massachusetts
https://www.ubereats.com/boston/food-delivery/burritos-pizza-%26-grill-chestnut-st/VQS5ARZ0R7GikvCNIqfJ9w,marblehead-massachusetts
https://www.ubereats.com/boston/food-delivery/sea-lion-sushi/YPZyNwGpRpq-vNCTq00xzw,marblehead-massachusetts
https://www.ubereats.com/boston/food-delivery/buffalo-wild-wings-100-independence-way/3-rK5AZBSkOmFmZ5P_v1Jg,marblehead-massachusetts
https://www.ubereats.com/boston/food-delivery/kushco-bistro/DCc9OBh1RxePdOAgBOVgfA,marblehead-massachusetts
https://www.ubereats.com/boston/food-delivery/rf-osullivans/DpVy4WbQQ9KnLoG3Vc36ww,marblehead-massachusetts
https://www.ubereats.com/boston/food-delivery/taqueria-y-pupuseria-mi-ranchito/xSOXrI68SBOX1OxyRJElSQ,marblehead-massachusetts
https://www.ubereats.com/boston/food-delivery/the-ice-cream-shop/m2Q_5uDjR6-Tza1z2HYnzQ,marblehead-massachusetts
https://www.ubereats.com/boston/food-delivery/prime-pizza/qoVYipBASgWAsWVGR3oweg,marblehead-massachusetts
https://www.ubereats.com/boston/food-delivery/junji-fine-japanese-cuisine/9AtK9YOvSwyQ-XA7F5IPRA,marblehead-massachusetts
https://www.ubereats.com/boston/food-delivery/el-cibaeno-restaurant/DD8EE4IbTw6oo8l7ZJIRVQ,marblehead-massachusetts
https://www.ubereats.com/boston/food-delivery/subway-150-main-st/ArOvKt1oQwmdKixrlfhtQg,marblehead-massachusetts
https://www.ubereats.com/boston/food-delivery/doeys/jywRwFfiR3ut0TsTELykaQ,marblehead-massachusetts
https://www.ubereats.com/boston/food-delivery/b-sweets-cakes-and-desserts/b3dp_KF8Qxq81_K5wgiBQQ,marblehead-massachusetts
https://www.ubereats.com/boston/food-delivery/the-juicery-salem/-R73tT36Qhi22XrZTYsmMw,marblehead-massachusetts
https://www.ubereats.com/boston/food-delivery/dunkin-105-north-st-citgo-gas-station/1xptvl_NSvW8yBvOfMvwOg,marblehead-massachusetts
https://www.ubereats.com/boston/food-delivery/richdale/Sbda1J1uQEevssU-uWMRdw,marblehead-massachusetts
https://www.ubereats.com/boston/food-delivery/bread-dreams/mYVjy2y9Q_6nJL8TMBDu4w,marblehead-massachusetts
https://www.ubereats.com/boston/food-delivery/best-sandwich-company/YJKMKx6ESDOKR34L7XnxmA,marblehead-massachusetts
https://www.ubereats.com/boston/food-delivery/good-lickin/SMkBlJthSKOOcED_ESKZKQ,marblehead-massachusetts
https://www.ubereats.com/boston/food-delivery/dcaribe-resturant/8PfCbe-8RAKS-aTr_bqV0w,marblehead-massachusetts
https://www.ubereats.com/boston/food-delivery/santoros-of-peabody/eGXJe7grQ3m-SZbqf1YBSA,marblehead-massachusetts
https://www.ubereats.com/boston/food-delivery/brew-box/XvwxYDjRTJWbQ2H_LDYgZg,marblehead-massachusetts
https://www.ubereats.com/boston/food-delivery/taco-bell-267-highland-ave/90X9UYRiTrOjPM6x6pTI6w,marblehead-massachusetts
https://www.ubereats.com/boston/food-delivery/mcdonalds-150-canal-st/aOsAMJPpR5aV6peFc5ZwVg,marblehead-massachusetts
https://www.ubereats.com/boston/food-delivery/krispy-krunchy-chicken-59-loring-ave/zGlJVJ2fT4GeMOB1Xp5i_A,marblehead-massachusetts
https://www.ubereats.com/boston/food-delivery/outback-steakhouse-300-andover-street/xBA_E8bRTpmNyqCjx3OOKA,marblehead-massachusetts
https://www.ubereats.com/boston/food-delivery/acapulcos-mexican-restaurant/6k8rN4zgRYKjVqRXQEe7ig,marblehead-massachusetts
https://www.ubereats.com/boston/food-delivery/taco-bell-186-endicott-street/_JaF2QuDQ2eBa0twdt14GA,marblehead-massachusetts
https://www.ubereats.com/boston/food-delivery/los-pinos/bmYKeGNpTX-EWJqqUNXHGQ,marblehead-massachusetts
https://www.ubereats.com/boston/food-delivery/wing-squad-swampscott/WKBWn4W0RwyggwICX8A1Zw,marblehead-massachusetts
https://www.ubereats.com/boston/food-delivery/montes-restaurant/bbWsJQziRFOhw_az53R0PA,marblehead-massachusetts
https://www.ubereats.com/boston/food-delivery/conga-lounge-and-restaurante/BXeI2m16S62wEdHvvemheA,marblehead-massachusetts
https://www.ubereats.com/boston/food-delivery/alfredos-italian-kitchen/2h4SEXUTTcG1Ns9jNAbd7g,marblehead-massachusetts
https://www.ubereats.com/boston/food-delivery/the-ice-cream-shop/urTg9RWUTXSeOm_gfj6gwQ,marblehead-massachusetts
https://www.ubereats.com/boston/food-delivery/daily-harvest-cafe/4zuWUFStQvu1Tti2KwIIzw,marblehead-massachusetts
https://www.ubereats.com/boston/food-delivery/grecian-diner/IdjN4rcnRi6nfoPdgGWKRw,marblehead-massachusetts
https://www.ubereats.com/boston/food-delivery/kennedy-fried-chicken/6bQ-HJhkRt2WTCAMnK87BQ,marblehead-massachusetts
https://www.ubereats.com/boston/food-delivery/the-derby/dbQuLBScTdiIygcFFaNNbA,marblehead-massachusetts
https://www.ubereats.com/boston/food-delivery/the-ice-cream-shop/X2-bhpmnQHajmYkgY4az2A,marblehead-massachusetts
https://www.ubereats.com/boston/food-delivery/essexs-ny-pizza/RdxOBVUWTjaVUpJP0-76tQ,marblehead-massachusetts
https://www.ubereats.com/boston/food-delivery/dunkin-248-highland-ave/93nEcF5CTAyNlJTi_Qlkfg,marblehead-massachusetts
https://www.ubereats.com/boston/food-delivery/warrior-thai-kitchen/H-7AHvAUQKu__py-CC5BYw,marblehead-massachusetts
https://www.ubereats.com/boston/food-delivery/fresh-smoothies-danvers/ZEuFPzoaT12IdLzQxBji9Q,marblehead-massachusetts
https://www.ubereats.com/boston/food-delivery/qdoba-229-andover-st/9Gy7FJK9T66HiTvRUtCiWg,marblehead-massachusetts
https://www.ubereats.com/boston/food-delivery/juan-parrilla-bar-%26-grill/vMhWxn9UTY2Z_QJVE8pOdg,marblehead-massachusetts
https://www.ubereats.com/boston/food-delivery/d-empanadas/CfWIwrCDTD6mijAeTdzzBw,marblehead-massachusetts
https://www.ubereats.com/boston/food-delivery/fantasy-island/0UCV5KA0RvOE_TLn6fDYNA,marblehead-massachusetts
https://www.ubereats.com/boston/food-delivery/thai-cafe-lynn/JEneZCKORcKpjFr-roMlXA,marblehead-massachusetts
https://www.ubereats.com/boston/food-delivery/evans-deli/TY2L_8o4TDy-02IdZa2UhA,marblehead-massachusetts
https://www.ubereats.com/boston/food-delivery/five-guys-ma-0428-980-paradise-rd/psw4fthIQimBSnlnXJ80NA,marblehead-massachusetts
https://www.ubereats.com/boston/food-delivery/starbucks-swampscott-mall/hWIVTZTnTle85vc3l9vR9A,marblehead-massachusetts
https://www.ubereats.com/boston/food-delivery/i-love-milkshakes/kYuoN0HpRI2R0c2dx5SEqw,marblehead-massachusetts
https://www.ubereats.com/boston/food-delivery/new-england-soup-factory-salem/tvIr4MTnT0G-gHgLU6_s1Q,marblehead-massachusetts
https://www.ubereats.com/boston/food-delivery/starbucks-marblehead/NaRl3uvUTjS-dvuWrYjnHg,marblehead-massachusetts
https://www.ubereats.com/boston/food-delivery/bertuccis-swampscott/MfdtHJuMRje0WPQj4xhPeQ,marblehead-massachusetts
https://www.ubereats.com/boston/food-delivery/subway-707-western-ave/MLmKEVAkSICUihkLpz0MMQ,marblehead-massachusetts
https://www.ubereats.com/boston/food-delivery/brothers-breakfast/ajjq_NlNT-iSWTM5LJmrNg,marblehead-massachusetts
https://www.ubereats.com/boston/food-delivery/tasty-foods/M2yAvyPCSdmzdNSBWhgF1w,marblehead-massachusetts
https://www.ubereats.com/boston/food-delivery/casa-mia/HwI4j54qTEuH8ng5IQct9g,marblehead-massachusetts
https://www.ubereats.com/boston/food-delivery/sobol-beverly/rrZnlB4fTN6H4vrvg93o0Q,marblehead-massachusetts
https://www.ubereats.com/boston/food-delivery/mcdonalds-567-lynnway/317Eqt4QRy-n1ZG2_T0vfQ,marblehead-massachusetts
https://www.ubereats.com/boston/food-delivery/en-fuego-mexican-cuisine/jCVBxuArQaeWZvRJw3dsGw,marblehead-massachusetts
https://www.ubereats.com/boston/food-delivery/jay-square/xZQgK__mTZO6MbWkGTIMrg,marblehead-massachusetts
https://www.ubereats.com/boston/food-delivery/mission-on-the-bay/a5d8KdIzTl-GKLgEbFP79g,marblehead-massachusetts
https://www.ubereats.com/boston/food-delivery/little-caesars-pizza-24-union-st/EPIqG-fuT76cS9hJn0jF5Q,marblehead-massachusetts
https://www.ubereats.com/boston/food-delivery/the-wardhurst-restaurant/5OesHw6lRo2FXvUBHVGRIA,marblehead-massachusetts
https://www.ubereats.com/boston/food-delivery/brothers-taverna/7SU_vLLxR-mGGnFEFhyX4A,marblehead-massachusetts
https://www.ubereats.com/boston/food-delivery/gulu-gulu-cafe/2jE_D31ZQTCf1YPSTBxzGQ,marblehead-massachusetts
https://www.ubereats.com/boston/food-delivery/honey-dew-donuts-130-newbury-street/y7JBvkCoTA2ArcC45H9Y0A,marblehead-massachusetts
https://www.ubereats.com/boston/food-delivery/chezcasa/cGu2xaQ2Rl-LJ7BLNiHS1g,marblehead-massachusetts
https://www.ubereats.com/boston/food-delivery/pza-gourmet-pizza/fmUNe2bqQTWKj06sFw0O5Q,marblehead-massachusetts
https://www.ubereats.com/boston/food-delivery/chipotle-mexican-grill-450-paradise-rd/CNxebWyDRSSWCD1R0jCBdA,marblehead-massachusetts
https://www.ubereats.com/boston/food-delivery/panera-433-paradise-rd/ARgBTIK0S9KZ6G3WfLI0Qg,marblehead-massachusetts
https://www.ubereats.com/boston/food-delivery/just-in-time-cafe/_Ye3XgfsRoKUakMvyNymlw,marblehead-massachusetts
https://www.ubereats.com/boston/food-delivery/peabody-bread-co/hRdP-aXwSqmE2yw0Fhh1yQ,marblehead-massachusetts
https://www.ubereats.com/boston/food-delivery/sinas-kabob-house/fmom_BDeR5-2kSHt8vU4YQ,marblehead-massachusetts
https://www.ubereats.com/boston/food-delivery/sylvan-street-grille/SWnehzZCRPqA-vBk6us0bw,marblehead-massachusetts
https://www.ubereats.com/boston/food-delivery/keepin-it-smoothie/5gUn9iaOSiGNqEOz0DuqoQ,marblehead-massachusetts
https://www.ubereats.com/boston/food-delivery/village-roast-beef-%26-seafood/XkT1JZlESiq6JhA8ZP5ceQ,marblehead-massachusetts
https://www.ubereats.com/boston/food-delivery/hacienda-corona/2-KYyIXZRziLf_YSDCm7hw,marblehead-massachusetts
https://www.ubereats.com/boston/food-delivery/organic-garden-cafe/lGhHnYFqTEyXV9sCCew_rw,marblehead-massachusetts
https://www.ubereats.com/boston/food-delivery/chipotle-mexican-grill-210-andover-st-unit-e194a/5LkjEG5RQ0CVPcAspwYw8g,marblehead-massachusetts
https://www.ubereats.com/boston/food-delivery/tropical-smoothie-cafe-450-paradise-road/zqa5g6SPSCGKw45BTprsDw,marblehead-massachusetts
https://www.ubereats.com/boston/food-delivery/berry-tavern/hm7AAwi_QN6mA9971-WrmQ,marblehead-massachusetts
https://www.ubereats.com/boston/food-delivery/boston-burger-company/P2EYqFMXRD2yMxuDHUiVrw,marblehead-massachusetts
https://www.ubereats.com/boston/food-delivery/starbucks-salem-dodge-street/1Y_WfuvnRDu-ypTmjiHaHg,marblehead-massachusetts
https://www.ubereats.com/boston/food-delivery/the-ice-cream-shop/ptQ5OLLLRiWhSASXCzV5Fw,marblehead-massachusetts
https://www.ubereats.com/boston/food-delivery/the-lazy-llama-cafe/czHmi8Y9TvGXj4bEJeI7RA,marblehead-massachusetts
https://www.ubereats.com/boston/food-delivery/endicott-grille/WXFAF0wCQF2mOIoQ--PQOQ,marblehead-massachusetts
https://www.ubereats.com/boston/food-delivery/faunts-pizza-and-subs/zE1jtUtDQMifPLaFB6s_vQ,marblehead-massachusetts
https://www.ubereats.com/boston/food-delivery/jacks-subs-%26-takeout/aS8eURkvSjiyfSfHp-ggrQ,marblehead-massachusetts
