url,city
https://www.ubereats.com/miami/food-delivery/el-balcon-de-las-americas/QDZ3WgR4RK-8a5_kcrGpVw,margate-florida
https://www.ubereats.com/miami/food-delivery/aunty-sue-roti-togo/_4MtROInSraCOwd0bDn3gg,margate-florida
https://www.ubereats.com/miami/food-delivery/tropical-smoothie-cafe-coral-springs/cCFyCwnbRnaBI8ieqzO9gg,margate-florida
https://www.ubereats.com/miami/food-delivery/island-palate-catering/PTgNcdoaQAi464dwD6FHjQ,margate-florida
https://www.ubereats.com/miami/food-delivery/hott-leggz/gPPC6YmUQuy5sK4wXsrLSg,margate-florida
https://www.ubereats.com/miami/food-delivery/fratellis/lNxHl6UKQeagzIl3snjZcg,margate-florida
https://www.ubereats.com/miami/food-delivery/john-the-baker/gldfiaqsQbCKdldzUdpjDA,margate-florida
https://www.ubereats.com/miami/food-delivery/the-namu/oSrLJfUqTY2QZdzx-c8THQ,margate-florida
https://www.ubereats.com/miami/food-delivery/brus-room-wings-n-ribs/RhhrjneRSuy7BLpD_1EamQ,margate-florida
https://www.ubereats.com/miami/food-delivery/antojitos-to-go/MrcC5f4wQrGUrihUQXiFOw,margate-florida
https://www.ubereats.com/miami/food-delivery/mexican-supermarket/f1xzo56uTyOL_S-ekIxiSQ,margate-florida
https://www.ubereats.com/miami/food-delivery/miami-subs-grill-oakland-park/bwQd9HUYRxOpIYMfm4Ls1Q,margate-florida
https://www.ubereats.com/miami/food-delivery/gelato-gourmet/qGpYSNv_TLCzY_uSOd0Z1Q,margate-florida
https://www.ubereats.com/miami/food-delivery/piezanos-pompano/RhB0fuiYQZK5TBCjvxkvAg,margate-florida
https://www.ubereats.com/miami/food-delivery/strictly-seafood-oakland-park/ly8xpXjUSBmXb6WnMKv8NQ,margate-florida
https://www.ubereats.com/miami/food-delivery/mcdonalds-palm-aire/iR4JxxFESYCaUEfNNe6KXw,margate-florida
https://www.ubereats.com/miami/food-delivery/tavolino-della-notte/fEt3pfwsSoKY1cujPPSs0A,margate-florida
https://www.ubereats.com/miami/food-delivery/carluccis-brick-oven-trattoria/OLlVtS0MSeix5SFicOnl5w,margate-florida
https://www.ubereats.com/miami/food-delivery/mcdonalds-southgate/cVRJCFh_T5ub_0CDgYN-ZA,margate-florida
https://www.ubereats.com/miami/food-delivery/kfc-10395-w-sample-rd/6M0z6xIVTce4Vm_KST6TdA,margate-florida
https://www.ubereats.com/miami/food-delivery/innfield/wj7-2_k6Su6IiSje-q6HwA,margate-florida
https://www.ubereats.com/miami/food-delivery/landlubbers-raw-bar-%26-grill-coconut-creek/zn7FBSOtQqWvgRd4D39JJw,margate-florida
https://www.ubereats.com/miami/food-delivery/smokey-bones-ft-lauderdale/WLCy61nmSBS3I1G0YD2HzA,margate-florida
https://www.ubereats.com/miami/food-delivery/john-the-baker-2-coral-springs/NcTWmxmFQsyNc16MTjvu5Q,margate-florida
https://www.ubereats.com/miami/food-delivery/taco-bell-22953-sandalfoot-plaza-drive/l__ZtjkURD2WNcMXDNKS0g,margate-florida
https://www.ubereats.com/miami/food-delivery/dunkin-1405-s-powerline-rd/L_ZUwY8qSlOieowzcoZL3w,margate-florida
https://www.ubereats.com/miami/food-delivery/sette-mezzo-ristorante/Ab5TSvyrQtC2fjX59-GWuw,margate-florida
https://www.ubereats.com/miami/food-delivery/ethos-greek-bistro-coconut-creek/GHB1ht_KTi-qYB_igNJo9Q,margate-florida
https://www.ubereats.com/miami/food-delivery/la-chama-international-restaurant/Qy90sYS-TleBrkWl24ITAg,margate-florida
https://www.ubereats.com/miami/food-delivery/juice-bar-paradise/7AsZ4OHBQCWY3_9OqIBULQ,margate-florida
https://www.ubereats.com/miami/food-delivery/las-mexicanas-food-truck/XcW1QoDoTtOcCtspV0NOzw,margate-florida
https://www.ubereats.com/miami/food-delivery/auntie-annes-9469-w-atlantic-blvd/Pmr_Rm2kQVyFFiS4kddTEw,margate-florida
https://www.ubereats.com/miami/food-delivery/purely-pressed-juice-company/bFIw0KeWTbyEDQhquwi2IA,margate-florida
https://www.ubereats.com/miami/food-delivery/subway-9381-w-atlantic-blvd/aFYMIdGKT6WCMTbRHHESWA,margate-florida
https://www.ubereats.com/miami/food-delivery/burger-king-1150-university-drive/Oj4-Gt_DTK6vX8ODDEwpuQ,margate-florida
https://www.ubereats.com/miami/food-delivery/angelo-elia-pizza-fort-lauderdale/lVJM1NUkT0Cl1XnVpkcAwg,margate-florida
https://www.ubereats.com/miami/food-delivery/starbucks-cypress-creek-%26-powerline/cU8CoA12RtKxyFP67nhXvg,margate-florida
https://www.ubereats.com/miami/food-delivery/outside-the-box/MQbDFuXAR4aSXUghvrHhvw,margate-florida
https://www.ubereats.com/miami/food-delivery/cypress-cafe/3p4X0zBeQ8O3u2mNtQUhHg,margate-florida
https://www.ubereats.com/miami/food-delivery/soul-hibachi-%26-seafood/hXQ5xu8CTtauVflYhn-8Kg,margate-florida
https://www.ubereats.com/miami/food-delivery/desserts-on-wheels/ta9L5BY4TUKHxbOVIW4Msw,margate-florida
https://www.ubereats.com/miami/food-delivery/espresso-yourself-margate/WrFUu1hUSJmBYCEZ5rPnZQ,margate-florida
https://www.ubereats.com/miami/food-delivery/fresh-fix/aponnpkcSfKBRqDTLUJCgA,margate-florida
https://www.ubereats.com/miami/food-delivery/vegan-on-the-go/PFg1RK3ySIS9WTybd8NZvw,margate-florida
https://www.ubereats.com/miami/food-delivery/wendys-3300-w-commercial-blvd/3o4mlqnLTha-btrj7hhHQw,margate-florida
https://www.ubereats.com/miami/food-delivery/juice-revolution/f5x4DPaRQp-taGxhK5W9UA,margate-florida
https://www.ubereats.com/miami/food-delivery/zona-fresca-coral-springs/imypOos1SkCgWMJA4j3-2Q,margate-florida
https://www.ubereats.com/miami/food-delivery/papa-johns-3869-west-hillsboro-boulevard/O6I1pMTQRF-2orCLtMHsgg,margate-florida
https://www.ubereats.com/miami/food-delivery/strictly-chicken-margate/ADXOxsB_Tf2Dqk9xqYZi9w,margate-florida
https://www.ubereats.com/miami/food-delivery/kin-asian-street-food/HzbAx7N4ScaOe2MOit-hJQ,margate-florida
https://www.ubereats.com/miami/food-delivery/yalla-market/K5xQR4siTTSM22WIEthpXw,margate-florida
https://www.ubereats.com/miami/food-delivery/moon-thai-and-japanese-restaurant-coral-springs/fdIB7Tk5Qiqvcys54GzMHw,margate-florida
https://www.ubereats.com/miami/food-delivery/el-buen-gusto-colombian-restaurant/5qw3VhQdQMeuFOLBBsd_Vw,margate-florida
https://www.ubereats.com/miami/food-delivery/woodlands-indian-cuisine/pcrlU5IBTcKdOV8kELdwXw,margate-florida
https://www.ubereats.com/miami/food-delivery/dyans-country-kitchen-coral-springs/AGCxWWi0R3GAPUJB7Bi9gw,margate-florida
https://www.ubereats.com/miami/food-delivery/dragon-pho/IcADJ7lBTaS_VpcUwoFsmA,margate-florida
https://www.ubereats.com/miami/food-delivery/rasa-indo-chinese-and-dosa/wT3VO3bTRryVDd9tNPHgKQ,margate-florida
https://www.ubereats.com/miami/food-delivery/chef-rose-jamaican-cuisine/akL1Imf1TkS5TVT1y3o26Q,margate-florida
https://www.ubereats.com/miami/food-delivery/big-louies-pizzeria-pompano/xdthi63IQjOQAqXq0xADow,margate-florida
https://www.ubereats.com/miami/food-delivery/aruns-indian-kitchen-sunrise/FLBrl9B7TiiJWVrIhkDjvw,margate-florida
https://www.ubereats.com/miami/food-delivery/trattoria-novello-pompano-beach/siJLfWBSRxeX-CQcgAwGWw,margate-florida
https://www.ubereats.com/miami/food-delivery/annies-pizza-of-margate/LRVPtdB-SduNILWwjCsJZg,margate-florida
https://www.ubereats.com/miami/food-delivery/all-star-pizza-west-parkland/xfs6XccpTE2bsjyo-vtAFQ,margate-florida
https://www.ubereats.com/miami/food-delivery/black-box-food-truck/sZiHsawHQxafni0bIGmmgw,margate-florida
https://www.ubereats.com/miami/food-delivery/lesters-diner-margate/vap2Ovm5TiSoORs-nhVT6Q,margate-florida
https://www.ubereats.com/miami/food-delivery/smoothie-jungle-cafe/LvN2VR3uSQWT9Mm-Pm7sJw,margate-florida
https://www.ubereats.com/miami/food-delivery/teriyaki-express/DcKJJL8dTnyutr50k_73_g,margate-florida
https://www.ubereats.com/miami/food-delivery/don-matias-restauran-no2/gr5Qm83JRkufV1hetJEJ7w,margate-florida
https://www.ubereats.com/miami/food-delivery/gw-sharkeys-raw-bar-and-grill/PQcuWhrvQryHY4aIzxlW3A,margate-florida
https://www.ubereats.com/miami/food-delivery/cold-stone-creamery-2101-n-federal-hwy/rT2l8KqyTZ23_ox1nmjrlw,margate-florida
https://www.ubereats.com/miami/food-delivery/krispy-kreme-n-federal-hwy-%26-ne-26th-st/TlmIIDoPQX-1sV8er_iHhg,margate-florida
https://www.ubereats.com/miami/food-delivery/%231-wings/Fd8w0OJ7S1uQSU-9MbDD2g,margate-florida
https://www.ubereats.com/miami/food-delivery/brus-room-sports-grill-coral-springs/_WBuc277S9yIB1bMXC_fPw,margate-florida
https://www.ubereats.com/miami/food-delivery/naanwich/2jjUXvHaTxiNNfKRolLBng,margate-florida
https://www.ubereats.com/miami/food-delivery/mcdonalds-coral-springs/XlOKWcRPReifNHn9CFuCjQ,margate-florida
https://www.ubereats.com/miami/food-delivery/the-greek/rckX0HONTVKf1i5vIglvyA,margate-florida
https://www.ubereats.com/miami/food-delivery/panda-express-4190-n-state-rd-%237/kBP0Cqb1R7ipzMIEblC1rA,margate-florida
https://www.ubereats.com/miami/food-delivery/mcdonalds-executive/dt2w0cVBS0aPgdYFw3oaNQ,margate-florida
https://www.ubereats.com/miami/food-delivery/cicis-3912-w-hillsboro-blvd/SaAwnJBmToeOtFmPnTn9pg,margate-florida
https://www.ubereats.com/miami/food-delivery/mcdonalds-mcnab-%26-rock-island/TrVlYqi3QY6QCKYPR90PqA,margate-florida
https://www.ubereats.com/miami/food-delivery/galata-kebab-%26-pide-house/tIRKaKk_RP2FQOco0dLqdw,margate-florida
https://www.ubereats.com/miami/food-delivery/gyroville-fort-lauderdale/ep7R5gxpSLaU9i8gKC2-RQ,margate-florida
https://www.ubereats.com/miami/food-delivery/the-crooked-hook-bar-%26-grill/Iyi1KDAWSmyVFrnAF1KOPQ,margate-florida
https://www.ubereats.com/miami/food-delivery/mingwah-authentic-chinese-restaurant-parkland/jJWddtCfQ9-I6vhrj9tr4A,margate-florida
https://www.ubereats.com/miami/food-delivery/mcdonalds-2025-east-atlantic-blvd/0tlcZTyZRKmEB8ONxF19yA,margate-florida
https://www.ubereats.com/miami/food-delivery/pieology-pizzeria-coral-springs/wn-3wHKmRYeVKHDGKQKhuA,margate-florida
https://www.ubereats.com/miami/food-delivery/mck-fusion-cafe-food-truck/JD0gUxfQTcCct8ZdYqRUQA,margate-florida
https://www.ubereats.com/miami/food-delivery/cocomex-tacos-grill/jopiDjCXRUut4Uy1Ao00ww,margate-florida
https://www.ubereats.com/miami/food-delivery/butter-flakes-bakery/0HM5n_xKR5eQx3frl5z_EQ,margate-florida
https://www.ubereats.com/miami/food-delivery/dunkin-10450-wiles-rd/YLnLsI1ATD6fKU2xOhxD3Q,margate-florida
https://www.ubereats.com/miami/food-delivery/tokyo-peking-express/FWrD8rUQSUOBStLJQ_ulxA,margate-florida
https://www.ubereats.com/miami/food-delivery/new-china-restaurant-%E6%96%B0%E4%B8%AD%E5%9B%BD%E9%A4%90%E9%A6%86/qbaF9hm8RAmHacCNxa6xgQ,margate-florida
https://www.ubereats.com/miami/food-delivery/cecilies-gourmet-italian-ices-coral-springs/nTP5EeH9SiSBi8WHEgnp1w,margate-florida
https://www.ubereats.com/miami/food-delivery/kfc-990-w-commercial-blvd/efdGY07FSpKxCpCOeo_NWA,margate-florida
https://www.ubereats.com/miami/food-delivery/subway-3099-w-cypress-creek/p-FjTxaPQlWPxNTs8U98qg,margate-florida
https://www.ubereats.com/miami/food-delivery/miami-grill-margate/u7KtkVDxS_-1IhmJmPHVFQ,margate-florida
https://www.ubereats.com/miami/food-delivery/the-ice-cream-shop/qErW76btQIKTPpFOBQPV4A,margate-florida
https://www.ubereats.com/miami/food-delivery/mcdonalds-23073-sandalfoot-plaza-dr/C74wf_o4TUmfmt0QYb4jGA,margate-florida
https://www.ubereats.com/miami/food-delivery/golden-krust-1905-n-pine-island-rd/9FKd550vRcC_LnMJ2jCKlw,margate-florida
https://www.ubereats.com/miami/food-delivery/indian-pizza-palace/sscYmjI5Sfyfoc59EIZfnw,margate-florida
https://www.ubereats.com/miami/food-delivery/tijuana-taxi-co-coral-springs/zfxuenSVSzCv9OUf6bAr8A,margate-florida
https://www.ubereats.com/miami/food-delivery/tataki-asian-bistro/vbZCdVfnTq2uPGSeeW_L_g,margate-florida
https://www.ubereats.com/miami/food-delivery/fried-rice-kitchen/SnGDWZ99TpiL6qfaFGqGMw,margate-florida
https://www.ubereats.com/miami/food-delivery/lucky-cat-street-eatery/b6OYx9TnQUead5OCl7T34w,margate-florida
https://www.ubereats.com/miami/food-delivery/sprinkles-ice-cream-%26-treats/IHxBvK73SmeTwxmzcg9Png,margate-florida
https://www.ubereats.com/miami/food-delivery/el-rinconcito-salvadoreno-north-lauderdale/UfnewcJoQXioqVTUXQ9VPg,margate-florida
https://www.ubereats.com/miami/food-delivery/sunyat/nb6GWsIuRg22PSwPZN64-A,margate-florida
https://www.ubereats.com/miami/food-delivery/dar-tajine-moroccan-restaurant/lGDovYkVR8-MQ-8B5lyleA,margate-florida
https://www.ubereats.com/miami/food-delivery/pei-wei-9982-glades-rd-suite-g5/igVCgr9mSCq118TWxYB-YQ,margate-florida
https://www.ubereats.com/miami/food-delivery/china-wok/lZttwxkTTBaTX8Fyw4MFeA,margate-florida
https://www.ubereats.com/miami/food-delivery/moonlite-diner-fort-lauderdale/sv7mMeCyTISmL_xtS6_rpA,margate-florida
https://www.ubereats.com/miami/food-delivery/rafina-greek-taverna/QGrAvc9QQ0iL40Kt6zko_g,margate-florida
https://www.ubereats.com/miami/food-delivery/argengrill/UneHM9XMRSmZnK1SMqlhRw,margate-florida
https://www.ubereats.com/miami/food-delivery/wendys-2500-west-atlantic-blvd/EfJ505uAQuWo5UYMNgicZg,margate-florida
https://www.ubereats.com/miami/food-delivery/j-petal-coral-springs/YXVdCAYiR1uUILb6SFh3gg,margate-florida
https://www.ubereats.com/miami/food-delivery/brus-room-wings-n-things/_f_Y2cSVThizHlCPLe9aWg,margate-florida
https://www.ubereats.com/miami/food-delivery/mozart-cafe-krg/v1Gv8f2bRUCs4fVIE0nj-A,margate-florida
https://www.ubereats.com/miami/food-delivery/take-sushi/eR43CHNxRnasL4-MM7L-cw,margate-florida
https://www.ubereats.com/miami/food-delivery/the-breakfast-spot/DMFJL5nPRe6p3Y7fR5iWCg,margate-florida
https://www.ubereats.com/miami/food-delivery/strictly-burgers-margate/Mw4oQ02URkWGE5nCw5CM1g,margate-florida
https://www.ubereats.com/miami/food-delivery/saalan/ys_5ie5VQZmekj9McrsTyw,margate-florida
https://www.ubereats.com/miami/food-delivery/bobby-rubinos-place-for-ribs/r8RDE_j4TCKrMMPSLwu0fg,margate-florida
https://www.ubereats.com/miami/food-delivery/burger-king-2990-n-state-rd-7/5rQVrtPkTo-0g9JGlDgWqg,margate-florida
https://www.ubereats.com/miami/food-delivery/mcdonalds-lauderdale-lakes/TI_i_GA8QKKs09jhYU648Q,margate-florida
https://www.ubereats.com/miami/food-delivery/wendys-10050-w-sample-road/mbeZ0mLtQ66tzj9CpTeh5Q,margate-florida
https://www.ubereats.com/miami/food-delivery/lesters-diner-pompano-beach/NvZqN1t4SSGr7hLd1Cd8Yw,margate-florida
https://www.ubereats.com/miami/food-delivery/starbucks-trade-center/xccmRN1fSxeb431wKfYa6Q,margate-florida
https://www.ubereats.com/miami/food-delivery/don-pan-bakery-coral-square/F6kZqVSdQ7eQU1SXtmh4vA,margate-florida
https://www.ubereats.com/miami/food-delivery/chopsticks-asian-cuisine-coral-springs/gSjmLcWwRBiMqCSVWpAA2w,margate-florida
https://www.ubereats.com/miami/food-delivery/great-wall-chinese-restaurant-%E9%95%BF%E5%9F%8E/mAA3OmUeQ4WeZy4Cq5EDtQ,margate-florida
https://www.ubereats.com/miami/food-delivery/mama-marias-pizza/ZV_jTAUWS8SAj68X2AVX7g,margate-florida
https://www.ubereats.com/miami/food-delivery/mcdonalds-commercial/w8sFC8PyTieAaZSWdxdXdw,margate-florida
https://www.ubereats.com/miami/food-delivery/yiayias-greek-kitchen/qQh9LXZsSzSavKbMtUiS3g,margate-florida
https://www.ubereats.com/miami/food-delivery/dixie-pig-bar-b-q/hwFSfLuWRi-6y6RxSTkpZA,margate-florida
https://www.ubereats.com/miami/food-delivery/chipotle-mexican-grill-4600-n-university-dr/gfD9vt6oQ-Ouiw6queUdng,margate-florida
https://www.ubereats.com/miami/food-delivery/kfc-3300-n-nob-hill-rd/svMa5FUrScOyyWou2roRHg,margate-florida
https://www.ubereats.com/miami/food-delivery/miyi-la-cubanita-cuban-cafe-dos/Ao3kY_ZcTk-1aIZ0jnFeAw,margate-florida
https://www.ubereats.com/miami/food-delivery/peppa-seed-sunrise/hCJ1aEhqRTeebeWjXjU55A,margate-florida
https://www.ubereats.com/miami/food-delivery/jaynos-pizza-fort-lauderdale/2BwOXzayQrqZTSvii3yTLQ,margate-florida
https://www.ubereats.com/miami/food-delivery/anne-maries-pizza-coconut-creek/MhOsI28AT-uDdkZxRkyr7w,margate-florida
https://www.ubereats.com/miami/food-delivery/uptown-burger-co/AhuCvZHIR-eLQmPP2_iNmQ,margate-florida
https://www.ubereats.com/miami/food-delivery/pasquales-pizza-company-coconut-creek/3n67NHxWTuaiPzusLFTXVg,margate-florida
https://www.ubereats.com/miami/food-delivery/my-bakery-cakes-and-treats/aLeSKmsDQ8yaU8pdBoQJ2w,margate-florida
https://www.ubereats.com/miami/food-delivery/breakfast-at-sweet-e/_eIII9jSSfyNM90DqoJGVg,margate-florida
https://www.ubereats.com/miami/food-delivery/bohio-latin-flavors/5iAkk33nSuuXLTvLQo8EJg,margate-florida
https://www.ubereats.com/miami/food-delivery/crisp-eatery-and-bar/5UMKZz_dRM27j2fVLNUqtg,margate-florida
https://www.ubereats.com/miami/food-delivery/starbucks-commercial-%26-federal-hwy/-IgsDPAmTQ2BOT01TSDxGA,margate-florida
https://www.ubereats.com/miami/food-delivery/kouyou-japanese-buffet/dCCiHLcUTWG_3-TnYUa66A,margate-florida
https://www.ubereats.com/miami/food-delivery/chabaa-thai-%26-sushi/DOsEqOLwREqyPGiJc312VA,margate-florida
https://www.ubereats.com/miami/food-delivery/checkers-old-munchen/HbhTUC83QAq0J5rvsqInBQ,margate-florida
https://www.ubereats.com/miami/food-delivery/krispy-kreme-1240-west-hillsboro-boulevard/2IP6oLRRSLCL2r4zrIxXDA,margate-florida
https://www.ubereats.com/miami/food-delivery/delish-caribbean-restaurant/nj2cmas9SYaGuVBv4x-xKg,margate-florida
https://www.ubereats.com/miami/food-delivery/quesadilla-veloz/lggTk1a-T6iZVUDxdscslw,margate-florida
https://www.ubereats.com/miami/food-delivery/carib-michael-restaurant/hJQxEvKrQEe1FYupHZX6bQ,margate-florida
https://www.ubereats.com/miami/food-delivery/exprezo-north-lauderdale/Dd25KJSARlSnjYZle8S1ew,margate-florida
https://www.ubereats.com/miami/food-delivery/the-foundry-pompano-beach/ZDWWz05YQFuzbs7cnx-y9w,margate-florida
https://www.ubereats.com/miami/food-delivery/cajun-crab-%26-jerk-shack/u7GbQOQoRv26DhpZ8fnESA,margate-florida
https://www.ubereats.com/miami/food-delivery/la-pizzeria/OnVI01gvQDWY3OFIsa6lAw,margate-florida
https://www.ubereats.com/miami/food-delivery/sarpinos-pizzeria-10609-w-atlantic-blvd/uTmQGQZTRVOOCwrQmbpL7Q,margate-florida
https://www.ubereats.com/miami/food-delivery/joes-pizza-%26-pasta/V36eXQVzTOacaZVj1Bd8Cw,margate-florida
https://www.ubereats.com/miami/food-delivery/exprezo-pompano/ES-UcHR3SWeTYlgg8vcn-g,margate-florida
https://www.ubereats.com/miami/food-delivery/shanguls-jamaican-restaurant-and-juice-bar/ZzuOn04aQteM6qkyNWPckw,margate-florida
https://www.ubereats.com/miami/food-delivery/donnas-caribbean-restaurant-pompano-beach/l5BnnkN8R7-IqMWFfmT0Nw,margate-florida
https://www.ubereats.com/miami/food-delivery/dunkin-7300-royal-palm-blvd/pkatNnEFSlOdNjYEn1_Y1g,margate-florida
https://www.ubereats.com/miami/food-delivery/arbys-4697-n-state-rd-7/INBSDlwzRWm2M3Vfzu7njA,margate-florida
https://www.ubereats.com/miami/food-delivery/mcdonalds-lauderhill/D_8CSSsrRBWrLEbr_lfRxQ,margate-florida
https://www.ubereats.com/miami/food-delivery/buffalo-wild-wings-5840-wiles-road/6R7kLnXmRbuIa-QzO5c-Zg,margate-florida
https://www.ubereats.com/miami/food-delivery/sofias-cafe-sheesh-kabab/mjJeYrpfSM-TfEBJ9DUzGQ,margate-florida
https://www.ubereats.com/miami/food-delivery/carvel-9360-west-commercial-blvd/58ycJh72RySupIF_YSaQeA,margate-florida
https://www.ubereats.com/miami/food-delivery/he-brews-specialty-coffee/JLB1v6JCTFqXJ_-gxtGSCw,margate-florida
https://www.ubereats.com/miami/food-delivery/dennys-5710-university-dr/pjWLlxbjTjmD1tpWi2E_PA,margate-florida
https://www.ubereats.com/miami/food-delivery/belove-creamery/Pwj_VB02SC2ok7EBWZ4KLg,margate-florida
https://www.ubereats.com/miami/food-delivery/1000-degrees-neapolitan-pizza-coral-springs/Ra3YYy7WRyaemr33LN0bFQ,margate-florida
https://www.ubereats.com/miami/food-delivery/pollo-tropical-8851-w-commercial-blvd/2tO27iCiRDOGGvYFYZHKKg,margate-florida
https://www.ubereats.com/miami/food-delivery/the-cook-and-the-cork/QaI-TQxpQDW7P33zs53djA,margate-florida
https://www.ubereats.com/miami/food-delivery/century-grill/USUWe_iJQByhmzvp8TP6Hg,margate-florida
https://www.ubereats.com/miami/food-delivery/menchies-frozen-yogurt-7028-west-palmetto/OvizlChRRiCoXJv2lTkTYg,margate-florida
https://www.ubereats.com/miami/food-delivery/fra-diavolo/R7DLY-G8S0y-DFXqubXOWA,margate-florida
https://www.ubereats.com/miami/food-delivery/jamba-juice-coral-springs/5Grsk3-HSVigYKi0QcS1Uw,margate-florida
https://www.ubereats.com/miami/food-delivery/sr-ceviche-margate/_qQvygZHSpmepdgwovtaFQ,margate-florida
https://www.ubereats.com/miami/food-delivery/kfc-341-w-atlantic-blvd/W7huK96rTNOqlANSI3bvGg,margate-florida
https://www.ubereats.com/miami/food-delivery/little-havana-bar-%26-grill-coral-springs-parkland/WAjwUXXQSxWKCWGolTBOKg,margate-florida
https://www.ubereats.com/miami/food-delivery/checkers-1401-sw-26th-ave/RcGi0lVgRxqEPoNsbl510Q,margate-florida
https://www.ubereats.com/miami/food-delivery/canton-chinese-restaurant-tamarac/jLE44C82QgmnkHwvC3gFRg,margate-florida
https://www.ubereats.com/miami/food-delivery/mr-fish/adAxwfRsSWmsYsMQKIcoQw,margate-florida
https://www.ubereats.com/miami/food-delivery/dunkin-1305-s-military-trail/J9BSj54ETK6OXmXdMkKpVA,margate-florida
https://www.ubereats.com/miami/food-delivery/kilwins-coral-springs/fx5l4XezRMOu7ha5e_1XJw,margate-florida
https://www.ubereats.com/miami/food-delivery/allstar-pizza/xSDZCPipTwSb9STnGatINQ,margate-florida
https://www.ubereats.com/miami/food-delivery/subway-2534-sr-7/GbjQt3B4RWGIM6Uh9mPYMg,margate-florida
https://www.ubereats.com/miami/food-delivery/lucky-city/qMhXVjdiR5moOTu2ejLZPQ,margate-florida
https://www.ubereats.com/miami/food-delivery/tasty-choice-inc/tdXWnS9QSe2yDLU2r7k4Lw,margate-florida
https://www.ubereats.com/miami/food-delivery/mcdonalds-wiles-%26-university/kvb8t8ncR9SMbVTE_VPJgQ,margate-florida
https://www.ubereats.com/miami/food-delivery/taco-bell-1717-east-sample-road/qhWasTpPRhmy__aNDfVM8w,margate-florida
https://www.ubereats.com/miami/food-delivery/taverna-evia/aiOEhs9bTvC9R170E3t6ag,margate-florida
https://www.ubereats.com/miami/food-delivery/don-matias-sunrise/PGySGBXMTtWRJHFEbo84nQ,margate-florida
https://www.ubereats.com/miami/food-delivery/minjis-cafe/Jk0Tcsc_Tye5lkgN4aQjSQ,margate-florida
https://www.ubereats.com/miami/food-delivery/pollo-tropical-800-n-university-dr/snZUA4C8SnaBZoMhA3nVlA,margate-florida
https://www.ubereats.com/miami/food-delivery/bjs-restaurant-and-brewhouse-1580-n-university-dr/8uFE0F66RyCw-Nd2qwcDqA,margate-florida
https://www.ubereats.com/miami/food-delivery/angelo-elia-pizza-coral-springs/OPIZFlWRRAWRHAx2a6jHMg,margate-florida
https://www.ubereats.com/miami/food-delivery/rok-korean-bbq-restaurant/cBdeV-ElRoetks6RBTjczg,margate-florida
https://www.ubereats.com/miami/food-delivery/japan-inn-sunrise/8-lyHMBWTaaL87LvCpuetQ,margate-florida
https://www.ubereats.com/miami/food-delivery/starbucks-sample-%26-441/K5rj2jw4S7upkSiRS2iZcw,margate-florida
https://www.ubereats.com/miami/food-delivery/jo-baby/H_IArauyRqKS5eZZZ8jpgQ,margate-florida
https://www.ubereats.com/miami/food-delivery/burgers-and-suds/rwW2g_l9R3SV8JAUW20Iyg,margate-florida
https://www.ubereats.com/miami/food-delivery/firehouse-subs-margate/mEL3V3SbT6uhnfzTI2Id3A,margate-florida
https://www.ubereats.com/miami/food-delivery/casa-do-pastel-margate/aQSG8HkzQ9u3f2dZl3VheA,margate-florida
https://www.ubereats.com/miami/food-delivery/all-american-hot-dogs-21870-state-road-7/9tO-zIjNRTuotqWt8mHJzQ,margate-florida
https://www.ubereats.com/miami/food-delivery/jersey-mikes-subs-1750-n-university-drive/wtwJ0FlCTlKDJF_zqK9QGA,margate-florida
https://www.ubereats.com/miami/food-delivery/hammonds-bakery/c2xelb-0Tw2EOSvgbJxMOw,margate-florida
https://www.ubereats.com/miami/food-delivery/chipotle-mexican-grill-1775-n-university-dr/W8BReJ_PQTCtS5az0C7loQ,margate-florida
https://www.ubereats.com/miami/food-delivery/robs-bageland-lakeview-plaza/2BY2pqAPRtKebRSogGp73A,margate-florida
https://www.ubereats.com/miami/food-delivery/caspian-persian-grill/G_TSmeKFSSuGuhvyIK2VBw,margate-florida
https://www.ubereats.com/miami/food-delivery/orient-garden-boca-raton/7UHT0p92TnG7O82yMvpguQ,margate-florida
https://www.ubereats.com/miami/food-delivery/subway-10613-wiles-rd/pEY_nh8LQ7WDCNpo-oyA2g,margate-florida
https://www.ubereats.com/miami/food-delivery/tropical-smoothie-cafe-6970-florida-7/rMy1N0a2RsuCN6ehg43ycA,margate-florida
https://www.ubereats.com/miami/food-delivery/rinconcito-salvadoreno-restaurante/BVDgySSfRwmbag19mBuRcg,margate-florida
https://www.ubereats.com/miami/food-delivery/finleys-bahamian-restaurant/nyAQkzW4SEWUn9SEuU1apg,margate-florida
https://www.ubereats.com/miami/food-delivery/carls-seafood-restaurant-in-tamarac/jSxdGVHfQl6HVixThdMdLg,margate-florida
https://www.ubereats.com/miami/food-delivery/fat-boyz-bbq/w-FVqLSpQIiqYqxPy8XdxQ,margate-florida
https://www.ubereats.com/miami/food-delivery/milano-italian-grill/oyJeq6lGRM2g5AbmBATMvw,margate-florida
https://www.ubereats.com/miami/food-delivery/dangerous-minds-brewing-company/8F19g509QNqNtmImLDEh1Q,margate-florida
https://www.ubereats.com/miami/food-delivery/caribbean-delicious-jamaican-mobile-food-truck/h5WcpeJySqGdq1UHVBv0nQ,margate-florida
https://www.ubereats.com/miami/food-delivery/dunkin-2351-n-powerline-rd/xCTFfW2bSoePh9sSTKCRRw,margate-florida
https://www.ubereats.com/miami/food-delivery/mcdonalds-10901-w-oakland-park-blvd/ufJN-zTNSkunnQZL5w3VUg,margate-florida
https://www.ubereats.com/miami/food-delivery/arbys-924-nw-62nd-st/Id37hBg8RNmrN4ts3iYB-w,margate-florida
https://www.ubereats.com/miami/food-delivery/house-of-salads/f3RS3mmvRe-FjcNsX0aZpg,margate-florida
https://www.ubereats.com/miami/food-delivery/orion-505-market/NntifsTJSimLS-i51IsS6g,margate-florida
https://www.ubereats.com/miami/food-delivery/dakz-restaurant-%26-tiki-bar/Lq9yBmX4THCu7JP2RejX6Q,margate-florida
https://www.ubereats.com/miami/food-delivery/blaze-pizza-6334-n-andrews-avenue/tJIBhraZSIyf_G85ZiE5TA,margate-florida
https://www.ubereats.com/miami/food-delivery/bowld-acai-and-fruit-smoothie-bowls/tAyZklYPS6G6Nmc0fhVapQ,margate-florida
https://www.ubereats.com/miami/food-delivery/texas-de-brazil-sawgrass/hNhqgh_TT4GzgXg5tZm8cA,margate-florida
https://www.ubereats.com/miami/food-delivery/pompano-crab-man/ysOUT8CERtqyI1LLLcg-Lw,margate-florida
https://www.ubereats.com/miami/food-delivery/sunrise-panda-chinese-halal/2S04AgtgQaSQf1Af7UMJGA,margate-florida
https://www.ubereats.com/miami/food-delivery/phat-boy-sushi-%26-kitchen-deerfield-beach/FOyPxizhQl6XelhIHRKgbw,margate-florida
https://www.ubereats.com/miami/food-delivery/lucky-palace-chinese-restaurant/jJEFQ6FgRG-r8QQB2gYYCQ,margate-florida
https://www.ubereats.com/miami/food-delivery/happy-wok/bOxdCP40SayXoLBEBdtpow,margate-florida
https://www.ubereats.com/miami/food-delivery/heavenly-wings-coral-springs/hvD9HpMhSAulmfhwJspSQA,margate-florida
https://www.ubereats.com/miami/food-delivery/wayback-burger-4690-north-state-rd-7/nz79Czy7SLKXWJ5uFfB8VA,margate-florida
https://www.ubereats.com/miami/food-delivery/dunkin-22807-state-rd-7-store-%2312/0WHTmFqRTR-B5rG39eUg4Q,margate-florida
https://www.ubereats.com/miami/food-delivery/chez-wings-%26-bbq/u22FCbj2TzyzrFBLc6v3iA,margate-florida
https://www.ubereats.com/miami/food-delivery/curry-king/fT5njxWkRFKyiLy-XlNIiA,margate-florida
https://www.ubereats.com/miami/food-delivery/taco-bell-2801-w-atlantic-blvd/61bdlePfRFa3diZ5smCE8w,margate-florida
https://www.ubereats.com/miami/food-delivery/salad-creations-coconut-creek/vsEvxphjRp672u7gn4CGRA,margate-florida
https://www.ubereats.com/miami/food-delivery/charleys-philly-steaks-coral-square/lth59ciJSoePEwEmbU3MhQ,margate-florida
https://www.ubereats.com/miami/food-delivery/out-of-many-cafe/o5ChFVi-TP-sja2YJWSiUQ,margate-florida
https://www.ubereats.com/miami/food-delivery/wings-your-way/mMcUZRdYR0WdMrU3Sl5Mow,margate-florida
https://www.ubereats.com/miami/food-delivery/bar-louie-coconut-creek/u6seDCnuQFCaChl2WJmNRg,margate-florida
https://www.ubereats.com/miami/food-delivery/temper-cold-and-hot/P-h4uZz2TqaoV5qrNb4OGg,margate-florida
https://www.ubereats.com/miami/food-delivery/cielito-lindo-pompano-beach/BffCQhx8T1expQYlr2XOpg,margate-florida
https://www.ubereats.com/miami/food-delivery/lady-%26-the-mug/zh3m7HDxS1SOFnpLDLiNCA,margate-florida
https://www.ubereats.com/miami/food-delivery/aerojuice-coconut-creek/Qk5vB6qNSWGSyW9vW8--hQ,margate-florida
https://www.ubereats.com/miami/food-delivery/souvlaki-street/EF7eFGJORKSEZ-yZeZO4mw,margate-florida
https://www.ubereats.com/miami/food-delivery/mcdonalds-pine-island/ljfgpT3wR12xK2r-qX5ytg,margate-florida
https://www.ubereats.com/miami/food-delivery/starbucks-sunrise-jacaranda-square/QaBQQIujRAq5P6us4uis2A,margate-florida
https://www.ubereats.com/miami/food-delivery/menchies-frozen-yogurt-5724-n-university-dr/LUpbdeW-TiGfwbDQGBlKOw,margate-florida
https://www.ubereats.com/miami/food-delivery/au-bon-gout-restaurant/ZXTbg3IKS9u8ZsLo6-smsg,margate-florida
https://www.ubereats.com/miami/food-delivery/koi-hawaiian-poke/rLaIt1seSLSz-_mD0CTfOg,margate-florida
https://www.ubereats.com/miami/food-delivery/moes-southwest-grill-tamarac/K4t8usBySVGSMfapkHmRXw,margate-florida
https://www.ubereats.com/miami/food-delivery/chef-dooly-restaurant/E8bnx-kyRp6CkGIufKOnNg,margate-florida
https://www.ubereats.com/miami/food-delivery/adam-%26-joe-know-lunch/JlnPIHy0TR68gXHwA7Cy4Q,margate-florida
https://www.ubereats.com/miami/food-delivery/rotelli-pizza-pasta-tamarac/buL_UnsTTa6JmPS81741Ow,margate-florida
https://www.ubereats.com/miami/food-delivery/chefpats-seafood-and-grill/-0LNPkzyQ_qLWGZdxObCtQ,margate-florida
https://www.ubereats.com/miami/food-delivery/asahi-chinese-restaurant/y9jBM1mkQz2mlNGqV57Zag,margate-florida
https://www.ubereats.com/miami/food-delivery/china-spring-iii/_wxUKp4USWCuyajySV_lGw,margate-florida
https://www.ubereats.com/miami/food-delivery/juice-kitchen-co/Z9H8nJJgRTyS3ZdTL7wDLw,margate-florida
https://www.ubereats.com/miami/food-delivery/tamarac-sushi-and-thai/C6ZRWzsXShCP6R16Yt9k2Q,margate-florida
https://www.ubereats.com/miami/food-delivery/outback-steakhouse-1892-n-university-drive/gDAxZi-oTXqv-No_CGXZFg,margate-florida
https://www.ubereats.com/miami/food-delivery/7024-bonefish-grill-6282-n-federal-hwy/kVqz6O3aSEeGpIbEJCbPFw,margate-florida
https://www.ubereats.com/miami/food-delivery/rolls-and-grills-desserts/trwM1PFHTZ-gIU-_N4_wOw,margate-florida
https://www.ubereats.com/miami/food-delivery/wendys-2281-w-sample-rd/YSprv_fqTgK5VxLK6dDLAA,margate-florida
https://www.ubereats.com/miami/food-delivery/krispy-krunchy-chicken-7811-w-sample-rd/J4C1_qeNTUquezpq8ORiNw,margate-florida
https://www.ubereats.com/miami/food-delivery/espresso-yourself-coral-springs/ipn23QSIRZ6QjBNqGLfRgQ,margate-florida
https://www.ubereats.com/miami/food-delivery/fat-boyz-bbq-coral-springs/q2s118LCRqqZ6piW27o3eA,margate-florida
https://www.ubereats.com/miami/food-delivery/3-natives-boca-del-mar/a21XYI35RrWZtd49f5LYEw,margate-florida
https://www.ubereats.com/miami/food-delivery/tucker-dukes/S8rZypE0RpiLCFWx-olS0Q,margate-florida
https://www.ubereats.com/miami/food-delivery/the-halal-guys-6326-n-andrews-ave/6DDonOrhTQOwGqRe68PQgw,margate-florida
https://www.ubereats.com/miami/food-delivery/gyromania-grill-parkland/SK4tjpSuRBy3TJB-3kvonw,margate-florida
https://www.ubereats.com/miami/food-delivery/brew-fish-bar-%26-grill-pompano-beach/cvFwCtrOQR6erKEq9OemJg,margate-florida
https://www.ubereats.com/miami/food-delivery/the-ice-cream-shop/vSSUJy1XQHKvSISeqrd1Pw,margate-florida
https://www.ubereats.com/miami/food-delivery/ra-sushi-1695-university-drive/RnY-jxYCRVihUMuUcFFASg,margate-florida
https://www.ubereats.com/miami/food-delivery/nana-sushi-thai/VduRgLZCQDmhfyL4kKuPUw,margate-florida
https://www.ubereats.com/miami/food-delivery/burger-king-2901-w-commercial-boulevard/toGQYse2Qiu9WeVv44X0oQ,margate-florida
https://www.ubereats.com/miami/food-delivery/main-squeeze-smoothies-%26-shakes/8vWuSbOWT3SXLN2n9I5LZw,margate-florida
https://www.ubereats.com/miami/food-delivery/costa-sur-cuban-cafe/fOmQAx7rR8Cudp4lkDJOvQ,margate-florida
https://www.ubereats.com/miami/food-delivery/kfc-3298-n-state-rd-7/IwASd2jyRlS_fWbr2Zkebw,margate-florida
https://www.ubereats.com/miami/food-delivery/sunrise-bar-and-grill/3chl5kBNROWJItJA_2OtGQ,margate-florida
https://www.ubereats.com/miami/food-delivery/smoothie-jungle-oakland-park/6CfikNnARM2RyFWUX483ig,margate-florida
https://www.ubereats.com/miami/food-delivery/rotelli-pizza-pasta/2_o4MT_FS8iXPDUEzjKwwg,margate-florida
https://www.ubereats.com/miami/food-delivery/taco-bell-3652-w-hillsboro-blvd/F2ziFueJT6yrJvnVpWCJ3w,margate-florida
https://www.ubereats.com/miami/food-delivery/chloes-bistro/JxHxy2BiTjqj3icIsv0ZVQ,margate-florida
https://www.ubereats.com/miami/food-delivery/bett-caffe/xHUoA5owSyGhnFhyt8YiaA,margate-florida
https://www.ubereats.com/miami/food-delivery/pita-pita/eftESsJNQ6SQx3c0FhY4tg,margate-florida
https://www.ubereats.com/miami/food-delivery/recharge-smoothies-cafe/jPusPt5XTAy_wFelg7FPWg,margate-florida
https://www.ubereats.com/miami/food-delivery/burger-king-4003-w-oakland-park-blvd/mfI1YK5tTiKP7OF4osCcKw,margate-florida
https://www.ubereats.com/miami/food-delivery/firegrills/gEF5UpuwTiu3bKHpzEjWVA,margate-florida
https://www.ubereats.com/miami/food-delivery/miami-subs-grill-fort-lauderdale/YkeICyZcRcmdqB4g77z7Jw,margate-florida
https://www.ubereats.com/miami/food-delivery/uncle-phil/ltPdaJXXR2qR41K9f7nWAw,margate-florida
https://www.ubereats.com/miami/food-delivery/good-nutrition-by-re/YUulz_yDQGaCIUSR25GhnA,margate-florida
https://www.ubereats.com/miami/food-delivery/deja-blue-restaurant/zeLx-KdwRr2FZiVXX2jJQA,margate-florida
https://www.ubereats.com/miami/food-delivery/myclick-to-go/ZueFQX7US7CwrohA708sEA,margate-florida
https://www.ubereats.com/miami/food-delivery/burger-king-5556-n-federal-hwy/ed00IM0ZRyG9vkTGoxGy0A,margate-florida
https://www.ubereats.com/miami/food-delivery/j-petal-oakland-park/ckgO5kipSO6izONilk8c6g,margate-florida
https://www.ubereats.com/miami/food-delivery/sonic-8188-west-commercial-blvd/jUHF5_fHTCSTWRRtnG0-1A,margate-florida
https://www.ubereats.com/miami/food-delivery/tarka/TejmUWzDSqK4ymh07NN1OA,margate-florida
https://www.ubereats.com/miami/food-delivery/big-anthonys-restaurant-%26-pizzeria/ZC_uarcaQN-qDzSVczY-MQ,margate-florida
https://www.ubereats.com/miami/food-delivery/casa-do-pastel-east-sample/gbkyH6pYT8if0OEvk-6uEA,margate-florida
https://www.ubereats.com/miami/food-delivery/la-parilla-de-pancho/VvR9hKF3QrifKpoiAXAM_A,margate-florida
https://www.ubereats.com/miami/food-delivery/kfc-7556-nw-58th-street/fv4F3FFRQreROOjJZjPtdQ,margate-florida
https://www.ubereats.com/miami/food-delivery/el-portal-maya-2-ne-3rd-st/yoMguiUfTXSOjnp-94BIZA,margate-florida
https://www.ubereats.com/miami/food-delivery/the-cheese-course-coral-springs/WUMxpmbCS8-ovSG4hemdSQ,margate-florida
https://www.ubereats.com/miami/food-delivery/jerk-grill-express-%232/7nSH1iEmSY6Bo3WDmuEiyw,margate-florida
https://www.ubereats.com/miami/food-delivery/ihop-6101-n-university-dr/eCkxot6cQDGgy-85izRR6w,margate-florida
https://www.ubereats.com/miami/food-delivery/me-sen-thai/1GgiNAD7Q229NibqNE-6eA,margate-florida
https://www.ubereats.com/miami/food-delivery/le-gourmet/zYEKKWbaTCKDHlzTgCLCkQ,margate-florida
https://www.ubereats.com/miami/food-delivery/taqueria-dona-raquel/xPXNqTR9TDOk8s98JUgmdA,margate-florida
https://www.ubereats.com/miami/food-delivery/dunkin-1070-w-commercial-blvd/XJxxQLVfQ4KS9nJJPVXIYw,margate-florida
https://www.ubereats.com/miami/food-delivery/china-express/HR_rSvGpSMKPXpZCclftaA,margate-florida
https://www.ubereats.com/miami/food-delivery/ihop-1395-powerline-rd/AyYVsBLeR66oN4Q7bTVo5Q,margate-florida
https://www.ubereats.com/miami/food-delivery/las-americas-bakery-%26-restaurant/OQQ-b2ShQie9Fnp4-d0O7Q,margate-florida
https://www.ubereats.com/miami/food-delivery/craft-on-14/PbjN_R3iSMKOJPhXt0hs3A,margate-florida
https://www.ubereats.com/miami/food-delivery/super-k-fish-%26-chicken/hABhYgYRRQCm-ZSEKevAqA,margate-florida
https://www.ubereats.com/miami/food-delivery/china-sea/ddHi_TFUQlqDyB6gBd8GFg,margate-florida
https://www.ubereats.com/miami/food-delivery/cold-stone-creamery-10343-royal-palm-blvd/iNoqQwBKSkGEYL-83hiJRQ,margate-florida
https://www.ubereats.com/miami/food-delivery/vitos-gourmet-pizza-coral-springs/P4CRLYg9QFWKWds03pVNjA,margate-florida
https://www.ubereats.com/miami/food-delivery/dunkin-donuts-7450-w-mcnab-rd/aBAyuwNiTPOK98oWNJ_Scg,margate-florida
https://www.ubereats.com/miami/food-delivery/players-sportsbar-%26-grille/yJTRreQrQO-73Bo6WiyKHg,margate-florida
https://www.ubereats.com/miami/food-delivery/benihana-coral-springs/_eeDXyLZRsSGTHY3cgwBwg,margate-florida
https://www.ubereats.com/miami/food-delivery/juicery-rx/Gak6sow_SKm6dZgQ8WB79A,margate-florida
https://www.ubereats.com/miami/food-delivery/key-west-cuban-cafe/I1vTZvvqSBi_IUHwB-vXfg,margate-florida
https://www.ubereats.com/miami/food-delivery/los-verdes-sunrise/nRRsSUU2RGaB_Tt7VqqKfw,margate-florida
https://www.ubereats.com/miami/food-delivery/italian-comfort-coral-springs/6BXVpOmoS6aUGoOTQG3J7Q,margate-florida
https://www.ubereats.com/miami/food-delivery/outback-steakhouse-1823-b-north-pine-island/eNwPJzkcTyCOQFnvUeesBQ,margate-florida
https://www.ubereats.com/miami/food-delivery/long-john-silvers-2799-w-oakland-park-blvd/HIVc9J-0Sl-TY8pJjtxjSg,margate-florida
https://www.ubereats.com/miami/food-delivery/five-guys-fl-1918/BBkbrXtBSAaZHEPVRPdjhQ,margate-florida
https://www.ubereats.com/miami/food-delivery/downtown-grill-and-pizza-kitchen/dQOw67y7RiuZKSuOQ4y8Ug,margate-florida
https://www.ubereats.com/miami/food-delivery/snappers-caribbean-cuisine/MI0_r46ZT7-PCy_mS3-8AA,margate-florida
https://www.ubereats.com/miami/food-delivery/kfc-2292-n-federal-hwy/APywIQE1QUi1IUDlpGaYHw,margate-florida
https://www.ubereats.com/miami/food-delivery/burger-king-7299-west-commercial-blvd/5lmEQpLKSm-wILaxM57lLQ,margate-florida
https://www.ubereats.com/miami/food-delivery/crazy-cajun-crabs/mr0nGPgsSCGsBIC2Mifr0g,margate-florida
https://www.ubereats.com/miami/food-delivery/bagel-4-u/wePlabuSTAmcQP4qWp4Z6w,margate-florida
https://www.ubereats.com/miami/food-delivery/midnight-cookies-%26-cream-tamarax/ftUd0-gnT9GI-1uBBoW74g,margate-florida
https://www.ubereats.com/miami/food-delivery/rancheritos-de-boca/IysZ0xkeSamp4tI-llmDFA,margate-florida
https://www.ubereats.com/miami/food-delivery/navas-kosher-kitchen/iHeQd9T7SYqeJ3aGbgCUEw,margate-florida
https://www.ubereats.com/miami/food-delivery/santos-modern-american-buffet-and-sushi/d0Xu9rd6SyqVXMyxhV3z8g,margate-florida
https://www.ubereats.com/miami/food-delivery/juanitas-cafe/5Xfs5vOFQtG3GpF2ruej4A,margate-florida
https://www.ubereats.com/miami/food-delivery/achsahs-delight-bakery/SBmaOmL1QCG1-njb4SEQAQ,margate-florida
https://www.ubereats.com/miami/food-delivery/hacienda-el-sol-latin-grill/0t5DqFpnSmKVM9dUOFyptg,margate-florida
https://www.ubereats.com/miami/food-delivery/yogurtland-2806-university-dr/jx4ZvigATwWHR4vACvBfhA,margate-florida
https://www.ubereats.com/miami/food-delivery/aerojuice-pompano-beach/l3FmnYyRQc6MR6JD24j6bg,margate-florida
https://www.ubereats.com/miami/food-delivery/the-original-pancake-house-10599-w-atlantic-blvd/tSWV8T9pRseylCbQ9R1N7g,margate-florida
https://www.ubereats.com/miami/food-delivery/pollo-tropical-5245-w-atlantic-blvd/WrrPbJg_Q06ivPZKTBmSpg,margate-florida
https://www.ubereats.com/miami/food-delivery/new-york-bagel-and-deli/g_-veq5pSHKMe7TnY2jbhA,margate-florida
https://www.ubereats.com/miami/food-delivery/tijuana-flats-commercial/W-40hIYNQhqGkQkFLAGB1Q,margate-florida
https://www.ubereats.com/miami/food-delivery/red-lantern/adjfcTLFTBqwf1vxqdq3hw,margate-florida
https://www.ubereats.com/miami/food-delivery/sbarro-9411-w-atlantic-blvd-coral-springs-fl/WggOP8k-Sra15IalKsz3yA,margate-florida
https://www.ubereats.com/miami/food-delivery/circle-k-1177-w-commercial-blvd/JeU7pTJnTEO5R8ilqlrP3A,margate-florida
https://www.ubereats.com/miami/food-delivery/the-habit-burger-grill-1740-n-university-dr-unit-a/FVcTAoLOQOKsxcnj81iSXw,margate-florida
https://www.ubereats.com/miami/food-delivery/avocados-food-coral-springs/DA9CcEHPT5Sl7HsOSfxyYQ,margate-florida
https://www.ubereats.com/miami/food-delivery/aruns-indian-kichen-2/D0m-7ZvJSLi1NCEwGEVXtg,margate-florida
https://www.ubereats.com/miami/food-delivery/mehfil-restaurant-%26-catering/rclRIXHgSgeN4eOF4sihIw,margate-florida
https://www.ubereats.com/miami/food-delivery/fern-gully-grill-pompano-1000-power-line/BQckE5zGQr-2gcsQLvA2gg,margate-florida
https://www.ubereats.com/miami/food-delivery/yummy-bbq/5phBUM1mQEmK3GC0gSjA6Q,margate-florida
https://www.ubereats.com/miami/food-delivery/pollo-tropical-3051-w-commercial-blvd/DFypOhgnS9yzd4ipwDtDsA,margate-florida
https://www.ubereats.com/miami/food-delivery/pollo-tropical-1051-s-military-trail/oX6t2bR6SQ2ZGCi1UrQKeA,margate-florida
https://www.ubereats.com/miami/food-delivery/charleys-philly-steaks-%26-wings-commercial-blvd/B4twkXZXTdiDkYiiB9tdTw,margate-florida
https://www.ubereats.com/miami/food-delivery/larrys-cafe/MgO6Qi60R5qN6jvWxe37sg,margate-florida
https://www.ubereats.com/miami/food-delivery/baladna-restaurant-and-lounge/pfVx2NWuRnWjAVm13mscEA,margate-florida
https://www.ubereats.com/miami/food-delivery/sushi-raku/TlE0MuDcQR-A8_LeRosW1g,margate-florida
https://www.ubereats.com/miami/food-delivery/la-rosa-chicken-%26-grill/11NNXZYESZ6d_lZtgiHbog,margate-florida
https://www.ubereats.com/miami/food-delivery/ceviche-spot/b7JBxW3LSs-pMX936tAoJg,margate-florida
https://www.ubereats.com/miami/food-delivery/kikos/JYlNPLn7TfaZQAR0kvfSqQ,margate-florida
https://www.ubereats.com/miami/food-delivery/china-sky/XfnzY0xDSs2qcuDQ3a9htg,margate-florida
https://www.ubereats.com/miami/food-delivery/dairy-queen-treat-7105-n-pine-island-rd/dx-qVfm8RjGaiFprO-6eYg,margate-florida
https://www.ubereats.com/miami/food-delivery/panera-204717/U8kKhB7QR5mxCVkZRyD5Iw,margate-florida
https://www.ubereats.com/miami/food-delivery/blue-fish-sushi-thai/6mQlZyFqSKyUP3WcFthFnw,margate-florida
https://www.ubereats.com/miami/food-delivery/checkers-9935-w-sample-rd/rWWl1lg9QeezDVaH2ok68g,margate-florida
https://www.ubereats.com/miami/food-delivery/grandmas-kitchen-of-soul/zez98oTSRI2JzXB9KBpiNA,margate-florida
https://www.ubereats.com/miami/food-delivery/robs-bageland/4YNTDQgzRuqPMutpqKq-5g,margate-florida
https://www.ubereats.com/miami/food-delivery/phuse-restaurant/V_UOJ7cxSv6KDwCnlUsqOA,margate-florida
https://www.ubereats.com/miami/food-delivery/hungry-howies-margate-%23173/bMbiJf__QEOfd6ohfqYBTQ,margate-florida
https://www.ubereats.com/miami/food-delivery/mcdonalds-atlantic-extension-ii/QQavY2P3QGOJqRjFQe9zgw,margate-florida
https://www.ubereats.com/miami/food-delivery/rolls-and-grill/q_EPd9yZS5yXR00KhDGGzA,margate-florida
https://www.ubereats.com/miami/food-delivery/mcdonalds-tamarac/MEKIWMqQT2eAZ4NHQ88qzA,margate-florida
https://www.ubereats.com/miami/food-delivery/chicken-box-%26-more/mQuyD7mdR7Co1Mi3KjZ8pA,margate-florida
https://www.ubereats.com/miami/food-delivery/la-padella-latina-restaurant/tUx5fmReQXion1sKmi0GNg,margate-florida
https://www.ubereats.com/miami/food-delivery/sals-italian-ristorante-coral-springs-landings-ii/g0IIiI7TSk-7k59hudvjIA,margate-florida
https://www.ubereats.com/miami/food-delivery/greek-taverna-table2201/VAb54naBTQy_sxhNVREh9g,margate-florida
https://www.ubereats.com/miami/food-delivery/hurricane-grill-%26-wings-coral-springs/JAOU9ewCSOa4_DSC4ZEzcQ,margate-florida
https://www.ubereats.com/miami/food-delivery/fresh-catch-fish-and-chicken/aQTtJ4PbS46xJ2LNqBBP-A,margate-florida
https://www.ubereats.com/miami/food-delivery/magic-soul-food-margate/0nLUwPLFRqCCE1_zuQak8g,margate-florida
https://www.ubereats.com/miami/food-delivery/anne-maries-pizza/R0znqYqxQp-z70mqEhQCPg,margate-florida
https://www.ubereats.com/miami/food-delivery/ruby-tuesday-3887-w-hillsboro-blvd/_f558pwNRJO_isU7iqy4yQ,margate-florida
https://www.ubereats.com/miami/food-delivery/el-cubano-sandwich-shop/mbu7CU7-RI6E5-jrukBobg,margate-florida
https://www.ubereats.com/miami/food-delivery/mcdonalds-atlantic-%26-university/gTnt3-_WTvSO0omdqks9fQ,margate-florida
https://www.ubereats.com/miami/food-delivery/salad-creations-sample-road/8KmmQw71Te2b1fnmqbyzGw,margate-florida
https://www.ubereats.com/miami/food-delivery/the-miami-cookie-co/6eCo_wOXRiOZ47F5JT2bag,margate-florida
https://www.ubereats.com/miami/food-delivery/burger-king-1303-south-military-trail/MvOOF-YPTt2VdjhFH7QFWQ,margate-florida
https://www.ubereats.com/miami/food-delivery/bitelicious/AUz95b_zRl-u2Q908j3F9Q,margate-florida
https://www.ubereats.com/miami/food-delivery/la-bella-cafe/vIYOfPLVR7yCAPjQxJf4dg,margate-florida
https://www.ubereats.com/miami/food-delivery/481-applebees-margate/TW2vz_KDSgaKuLTbj9KSEA,margate-florida
https://www.ubereats.com/miami/food-delivery/johnny-pies-pizzeria/hDlTUG-0RzKsVUh8iIIojg,margate-florida
https://www.ubereats.com/miami/food-delivery/sterlins-paradise/Vfgh3V1kSrq5raxCzj9gKA,margate-florida
https://www.ubereats.com/miami/food-delivery/wimbos-crazy-potatoes/GML786GIRh2yZeeiGiDcCw,margate-florida
https://www.ubereats.com/miami/food-delivery/tazza-cafe/bhdbE-iOTWupbjYSRJIygQ,margate-florida
https://www.ubereats.com/miami/food-delivery/china-gourmet/GWpVAU3IS8eS6qr91qUrcA,margate-florida
https://www.ubereats.com/miami/food-delivery/beehive-kitchen-cypress-creek/is6ty_P8Qsib9d-7z4tgHw,margate-florida
https://www.ubereats.com/miami/food-delivery/shibuya-sushi-art/gxffbuyYTTS2xuHPTA0lWA,margate-florida
https://www.ubereats.com/miami/food-delivery/sals-italian-ristorante-fort-lauderdale/W8CdlDILRv2gQuI4bmZtmQ,margate-florida
https://www.ubereats.com/miami/food-delivery/jersey-mikes-subs-4230-north-state-rd-7/ln1Osi-ARsGWHu__4CDZGw,margate-florida
https://www.ubereats.com/miami/food-delivery/vegan-haven-uptown/qXyBC4aHRYe3HiMf2gIPcw,margate-florida
https://www.ubereats.com/miami/food-delivery/mcdonalds-sunrise-pine-island/YPWpYSm2QmGzMSYXbYJkAA,margate-florida
https://www.ubereats.com/miami/food-delivery/thai-spice/7iwqrW54QHWYXVhrfFq2TA,margate-florida
https://www.ubereats.com/miami/food-delivery/luckys-frozen-yogurt-and-more/Jpewava5SJ6de_AMkhQKlA,margate-florida
https://www.ubereats.com/miami/food-delivery/thai-thai-restaurant-sunrise/TREMR7IESqi2TDqNRKpDdQ,margate-florida
https://www.ubereats.com/miami/food-delivery/mcdonalds-cypress-creek-%26-powerline/ISfoTfwHQ8KTHt7btyFHHw,margate-florida
https://www.ubereats.com/miami/food-delivery/mod-pizza-parkland/-zLL7GTxS0mHYwI5BXg0Cg,margate-florida
https://www.ubereats.com/miami/food-delivery/olis-fashion-cuisine-boca-raton/m6CRv_a8SfqaL42foVgHuQ,margate-florida
https://www.ubereats.com/miami/food-delivery/tap-42-coral-springs/datS_BMyQXKgPv9-QsdjAw,margate-florida
https://www.ubereats.com/miami/food-delivery/red-pepper-chinese-restaurant/2IkjDZylQiCM0bxRVJpz1A,margate-florida
https://www.ubereats.com/miami/food-delivery/tropical-smoothie-cafe-plantantion/4XQxd0SNSgGxQpx51Lb9Cw,margate-florida
https://www.ubereats.com/miami/food-delivery/cabo-blanco-cypress/9uvqyFP6TEq9bg-ZuBc04A,margate-florida
https://www.ubereats.com/miami/food-delivery/salad-plus/2cZ84fD4Rzewxi9P-Hi4_w,margate-florida
https://www.ubereats.com/miami/food-delivery/mulligans-beach-house-bar-%26-grill-lauderdale-by-the-sea/n8xsncwTSQODbUn1l2sh_A,margate-florida
https://www.ubereats.com/miami/food-delivery/big-bear-brewing-company/TeJRG7rlSY6E3vKvQ1IxsA,margate-florida
https://www.ubereats.com/miami/food-delivery/izziban/Vit1HgGLSn2wM0fsIfcY1A,margate-florida
https://www.ubereats.com/miami/food-delivery/bamboo-healthy-foods-1251-n-university-dr/f4WUIYHHTwqVuyNb__lxIA,margate-florida
https://www.ubereats.com/miami/food-delivery/fat-belly-sandwichcom/jywH1zrRSJK10LQpYwxKqA,margate-florida
https://www.ubereats.com/miami/food-delivery/piman-b%26k-bar-restaurant/ZgW1POswQfO1d-yqNAOEkw,margate-florida
https://www.ubereats.com/miami/food-delivery/raw-addiction-coral-springs/jrA3IKVpRFyF-RTKCNEfLg,margate-florida
https://www.ubereats.com/miami/food-delivery/brus-room-sports-grill-coconut-creek/4YV5zhfISiiV6luXkkcaCw,margate-florida
https://www.ubereats.com/miami/food-delivery/kfc-2446-n-state-road-7/d2FdubylRX22GvVLSltvbw,margate-florida
https://www.ubereats.com/miami/food-delivery/i-heart-mac-and-cheese-coral-springs/NuLPBORKSl2WBRKnFZD5LQ,margate-florida
https://www.ubereats.com/miami/food-delivery/fresh-sushi-%26-poke/QK5FpNtFRam--8rKOfx_Mw,margate-florida
https://www.ubereats.com/miami/food-delivery/chicken-kitchen-oakland-park/qQf_r0BLSFK0N_Nv3Z3tlA,margate-florida
https://www.ubereats.com/miami/food-delivery/jersey-mikes-subs-ft-lauderdale/T9pxRVOvRa-flHOVIIQx-g,margate-florida
https://www.ubereats.com/miami/food-delivery/fresh-box-cafe/2DsQc7iJQcyii2yiUtphGg,margate-florida
https://www.ubereats.com/miami/food-delivery/sushi-song-gaysha/uvQEsnQGS-K0l78uY2CL6w,margate-florida
https://www.ubereats.com/miami/food-delivery/pollo-tropical-5720-wiles-road/xsH_baUMTfyI9Xkdr5619w,margate-florida
https://www.ubereats.com/miami/food-delivery/the-sweet-spot-desserts-%26-cake-supplies/SH-8guknRqKMnb7D6Zm7AQ,margate-florida
https://www.ubereats.com/miami/food-delivery/frulados/B-kYoHrDQqanln7FU2iX8w,margate-florida
https://www.ubereats.com/miami/food-delivery/bolay-coral-springs/n7E4ilLnR7iGNEHPieNSfQ,margate-florida
https://www.ubereats.com/miami/food-delivery/kfc-7107-w-mcnab-rd/q59_OnHTRkihIKpWua6tTA,margate-florida
https://www.ubereats.com/miami/food-delivery/7016-bonefish-grill-1455-n-university-dr/q-v3hM28Q5qTadVInwuEKw,margate-florida
https://www.ubereats.com/miami/food-delivery/khana-khzana/79dRf5fESImjSwF9F8E6jw,margate-florida
https://www.ubereats.com/miami/food-delivery/taco-bell-9190-wiles-rd/qCvKCbj9RFuPNMiTEJuc-w,margate-florida
https://www.ubereats.com/miami/food-delivery/westside-bagels-coral-springs/kk8bqUdxRZ-Wioj63rHGHA,margate-florida
https://www.ubereats.com/miami/food-delivery/shawarma-kingz/NSN92x7iS5G-gdIrYAeTnw,margate-florida
https://www.ubereats.com/miami/food-delivery/delicias-de-la-abuela-margate/lRlSL38mR12Ug7fmeD9l7w,margate-florida
https://www.ubereats.com/miami/food-delivery/world-famous-fort-lauderdale/QJGmpXaxROu709ODJ6sOxw,margate-florida
https://www.ubereats.com/miami/food-delivery/chef-daniel-catering/fodseI8WTwST0jETn81gzw,margate-florida
https://www.ubereats.com/miami/food-delivery/mcdonalds-sample-road/doyIomtsTkChSdbeEtlejA,margate-florida
https://www.ubereats.com/miami/food-delivery/jr-pizza-bella-restaurant/y_JgsCpDTIagghQ94QjIgg,margate-florida
https://www.ubereats.com/miami/food-delivery/fins-%26-things/dbcJtiLVQy6aRl1gaGXs9Q,margate-florida
https://www.ubereats.com/miami/food-delivery/burger-king-2200-west-sample-road/tBbIYpohSeWwrmv_r97SCw,margate-florida
https://www.ubereats.com/miami/food-delivery/abc-chinese-restaurant/FHb2wuK_R4uDpdhFtUvzJw,margate-florida
https://www.ubereats.com/miami/food-delivery/baffis-italian-restaurant/5PuxJ5DqRT688dZK0iFpDA,margate-florida
https://www.ubereats.com/miami/food-delivery/larrys-ice-cream-and-yogurt/r8rilP8rQaes6-WyfdAF4A,margate-florida
https://www.ubereats.com/miami/food-delivery/peking-duck-house/2JTYT_kBQXa029A6KxjmAg,margate-florida
https://www.ubereats.com/miami/food-delivery/ebenezer-bakery-one-inc/7T1hi-FCTcGnuhpuEnQqLg,margate-florida
https://www.ubereats.com/miami/food-delivery/la-mia-focaccia/vwep-wPlRgCpx29vfg6Arg,margate-florida
https://www.ubereats.com/miami/food-delivery/medellin-restaurant/Rt8ydALCQiWG84B8uGWcrw,margate-florida
https://www.ubereats.com/miami/food-delivery/green-bag-meals/b6_Kk6bZTIafL-HtH-hRyw,margate-florida
https://www.ubereats.com/miami/food-delivery/strictly-wings/9JOWAVAATp2MQtaR0oEX8A,margate-florida
https://www.ubereats.com/miami/food-delivery/the-ice-cream-shop/mIArRUHvTcy8dtflLUTE2w,margate-florida
https://www.ubereats.com/miami/food-delivery/golden-rice-bowl/fUksaqUgSruuudD7xcewAw,margate-florida
https://www.ubereats.com/miami/food-delivery/el-balcon-de-las-americas-coral-springs/A4fpnmeBTw-DGlWBCGYRWA,margate-florida
https://www.ubereats.com/miami/food-delivery/frankies-pizza-8154-w-mcnab-rd/58RONeXMRbeedlBHgOULig,margate-florida
https://www.ubereats.com/miami/food-delivery/direct-from-philly/iShlOWO1RoiCmKh3Hsu_cw,margate-florida
https://www.ubereats.com/miami/food-delivery/wongs-chinatown-restaurant/-wl7LdnBTFSVekdg4N3kwA,margate-florida
https://www.ubereats.com/miami/food-delivery/new-york-grilled-cheese-fort-lauderdale/CX2Yy9ALQW6jYNmWw7hM8A,margate-florida
https://www.ubereats.com/miami/food-delivery/tijuana-flats-west-boca/T0sy1x1JS6uPtZ0LhdzsnQ,margate-florida
https://www.ubereats.com/miami/food-delivery/pollo-tropical-5554-n-federal-highway/7GW4QguLRKy2lMDM84xHaQ,margate-florida
https://www.ubereats.com/miami/food-delivery/thai-meal/GHfd4SWqTGOVGp0QDN05Zw,margate-florida
https://www.ubereats.com/miami/food-delivery/mcdonalds-bay-colony/BAiJGao_TFGS4ZM1khT36w,margate-florida
https://www.ubereats.com/miami/food-delivery/brass-rooster-wing-factory-deerfield-beach/QeATedB-RtS4boPY6XFhzw,margate-florida
https://www.ubereats.com/miami/food-delivery/steak-n-shake-4120-n-state-road-7/oTeDvgYPRvC-7tTCqUUZsQ,margate-florida
https://www.ubereats.com/miami/food-delivery/masters-latin-cafe/gUROG9Z3RwWkcHKMnZibFw,margate-florida
https://www.ubereats.com/miami/food-delivery/offerdahls-off-the-grill/gznq9hU1RaCNrGr3sH6Djw,margate-florida
https://www.ubereats.com/miami/food-delivery/honest-indian-restaurant/GJ_qU2tbQue8qlbr7k4Hvw,margate-florida
https://www.ubereats.com/miami/food-delivery/chipotle-mexican-grill-5435-n-university-dr/xeqaefreRw2DfQHYz6DfHw,margate-florida
https://www.ubereats.com/miami/food-delivery/circle-k-1190-south-state-road-7/rvonCZPHTHS4dG80IJDEBA,margate-florida
https://www.ubereats.com/miami/food-delivery/sushi-yummy/cJTD-ntfS86IrrxUY9pklA,margate-florida
https://www.ubereats.com/miami/food-delivery/robs-bageland/kMzfItFoQ3CNjOkTHvk7fg,margate-florida
https://www.ubereats.com/miami/food-delivery/boston-market-5815-n-university-dr/DSQ3VNC_Qwmj4JuuGNw8pw,margate-florida
https://www.ubereats.com/miami/food-delivery/shabanton-meat-and-seafood/3cYp-XI9T_mQp17aPrS2dw,margate-florida
https://www.ubereats.com/miami/food-delivery/italian-cuore-trattoria/ip3JAZ4hQ06pcMhNR71Lnw,margate-florida
https://www.ubereats.com/miami/food-delivery/thai-meal/gp-Zvnl5TIGWuILYV8y_2A,margate-florida
https://www.ubereats.com/miami/food-delivery/cold-stone-creamery-4425-lyons-rd-%23-f105/66sc9cVDQf6j56gGA0THeA,margate-florida
https://www.ubereats.com/miami/food-delivery/ceviche-point/B16_iz82Rz-FxHF0IzyoIw,margate-florida
https://www.ubereats.com/miami/food-delivery/taco-bell-3970-w-oakland-park-blvd/S30b8rohRHCQjerNQUrEzw,margate-florida
https://www.ubereats.com/miami/food-delivery/burger-king-550-north-state-road-7/cL_dZPLwQCePdypUrmgQBw,margate-florida
https://www.ubereats.com/miami/food-delivery/chicago-corner/kEkktITuTz-VBtcZN4e8EA,margate-florida
https://www.ubereats.com/miami/food-delivery/chellys-jamaican-restaurant-sunrise/bZIfhQzlT8q47ss-hQ7y2g,margate-florida
https://www.ubereats.com/miami/food-delivery/shake-shop/J9M-cBYDSi6SpuXq-jf1ng,margate-florida
https://www.ubereats.com/miami/food-delivery/tavolino-della-notte/zhMHsMutSIC1Z00Ey_J4Fw,margate-florida
https://www.ubereats.com/miami/food-delivery/juice-2u-pompano/1NEWYeRSQYmnUzDzWxJRdA,margate-florida
https://www.ubereats.com/miami/food-delivery/casa-tequila-coral-springs/Djd56lKtSxG9tsEcW9Z9ag,margate-florida
https://www.ubereats.com/miami/food-delivery/chill-n-nitrogen-ice-cream-coral-springs/iNZHCZeHSXWPOJl-C9xEHA,margate-florida
https://www.ubereats.com/miami/food-delivery/local-caribbean-restaurant/9DPla5-QRJ2r0-Ilc4zF3A,margate-florida
https://www.ubereats.com/miami/food-delivery/tandoor-indian-restaurant-and-pizza/IchTP4YdSPuEKBGRTv0LRg,margate-florida
https://www.ubereats.com/miami/food-delivery/la-vie-restaurant/iuHhmNOjTwOzMXH9hXrkuw,margate-florida
https://www.ubereats.com/miami/food-delivery/the-hen-and-hog/3nvo7qtIQQ6nobWnOYn0Qg,margate-florida
https://www.ubereats.com/miami/food-delivery/firi-bistro-asian-cuisine/z7Ro70vnTWGEKNqiFLAIXg,margate-florida
https://www.ubereats.com/miami/food-delivery/manhattan-pizza/StIIhT4zQY6J3RIjMx6U9w,margate-florida
https://www.ubereats.com/miami/food-delivery/the-little-coffee-shoppe/vG6dFDG1TaquAsLvzKrEqw,margate-florida
https://www.ubereats.com/miami/food-delivery/plantation-pizza-%26-wings/gyVrmzsuQrO9iOQtkSF6Kg,margate-florida
https://www.ubereats.com/miami/food-delivery/carrabbas-2501-university-drive/RpxNsQEhTi-9stl6szD9tA,margate-florida
https://www.ubereats.com/miami/food-delivery/gyroville-coral-springs/6jR-WuNASpeL8zDo9hHNtA,margate-florida
https://www.ubereats.com/miami/food-delivery/kfc-2150-w-atlantic-blvd/CKb9EHd2Q_iVFOxHy31OXQ,margate-florida
https://www.ubereats.com/miami/food-delivery/tropical-smoothie-cafe-north-andrews-avenue/8vSo0cdpTjaCSXDUT5t-4w,margate-florida
https://www.ubereats.com/miami/food-delivery/hero-thai-sushi-hibachi/NAWwNXltTb-Brdgb4P8EZA,margate-florida
https://www.ubereats.com/miami/food-delivery/kingdom-acai/fInDKxjJRFui0Cm97tv1bQ,margate-florida
https://www.ubereats.com/miami/food-delivery/johnny-bs-pizza-%26-italian-deli/qH0Y1nO4T2GUGDonuI2TQQ,margate-florida
https://www.ubereats.com/miami/food-delivery/thai-curry-restaurant/eaf2-NX2Sh2vh4Wq7j5KtA,margate-florida
https://www.ubereats.com/miami/food-delivery/burger-king-9420-w-commercial-blvd/1Dp8sHcbSlK5O0zhBABGjw,margate-florida
https://www.ubereats.com/miami/food-delivery/carvel-3600-w-commercial-boulevard/A7c8RLQOSBSXC79qqmhXEw,margate-florida
https://www.ubereats.com/miami/food-delivery/pei-wei-3112-university-drive-bldg-a/Saym1ibJRf286szu2-0RXA,margate-florida
https://www.ubereats.com/miami/food-delivery/grandmas-diner/BZpA6ZVARwa84v8Cg2tLyA,margate-florida
https://www.ubereats.com/miami/food-delivery/subway-3801-turtle-creek/yEOPPorNRUmEr81HtJe7ng,margate-florida
https://www.ubereats.com/miami/food-delivery/oceanic-pompano/hm2hHCj-SbiPvlO8dQhsXw,margate-florida
https://www.ubereats.com/miami/food-delivery/peter-pan-diner/Nn0Z084qRi-ugYT1xnwDDw,margate-florida
https://www.ubereats.com/miami/food-delivery/china-spring-boca-woods/21QEirQzQAy3ki41pNTXVQ,margate-florida
https://www.ubereats.com/miami/food-delivery/ruby-tuesday-7736-w-commercial-blvd/No_VDpPpQTW2XtUELtBheA,margate-florida
https://www.ubereats.com/miami/food-delivery/golden-wok/wBtYBRnaQP65DVSDNcBtOg,margate-florida
https://www.ubereats.com/miami/food-delivery/golden-corral-7401-west-commercial-blvd/TjwkStJTQ8OYRwvbT4xApg,margate-florida
https://www.ubereats.com/miami/food-delivery/cake-de-paris/zi4HbodiQXWoplRzLaUQxg,margate-florida
https://www.ubereats.com/miami/food-delivery/fortune-restaurant/0kxq7z0mRjilVN6o4q1yVA,margate-florida
https://www.ubereats.com/miami/food-delivery/haagen-dazs-coral-springs/omhPAYXdSAOEkzSaWjc1SA,margate-florida
https://www.ubereats.com/miami/food-delivery/el-rancho-bakery/OIaNEIcyQT-zsvK9wzYOlw,margate-florida
https://www.ubereats.com/miami/food-delivery/guidos-restaurant-%26-pizzeria/wTSpxLjFTO6oHEvHpcJmNQ,margate-florida
https://www.ubereats.com/miami/food-delivery/island-bowls-acai-%26-cafe/XolpYZGCRCu9lvGrLhXpvA,margate-florida
https://www.ubereats.com/miami/food-delivery/mr-beefys-subs-and-more/IEc-qyclR5yhx3FXZ1fpEA,margate-florida
https://www.ubereats.com/miami/food-delivery/mimas-1868-cuban-cafe/igOHyt4BSEm3oaoqbg9CEw,margate-florida
https://www.ubereats.com/miami/food-delivery/rancho-nando-steak-house/KHiBRioJRuuqJsWqnUJhQQ,margate-florida
https://www.ubereats.com/miami/food-delivery/chilewero-express/1f_OmsXjQ-WifOaz-ZlkYw,margate-florida
https://www.ubereats.com/miami/food-delivery/starbucks-7720-w-commercial-blvd/DVOKmiiUQnGX2bx9a1pXWQ,margate-florida
https://www.ubereats.com/miami/food-delivery/brunias-caribbean-take-out-restaurant/m6VWJL91SnisD88bL0boZA,margate-florida
https://www.ubereats.com/miami/food-delivery/dunkin-1456-n-state-road-7/sQ6OyJ7zQ5a4xnc6ZmpoSg,margate-florida
https://www.ubereats.com/miami/food-delivery/china-garden-7954-w-mcnab-rd/Q8doaxTJTcy7QvxDC_zVNA,margate-florida
https://www.ubereats.com/miami/food-delivery/fern-gully-grill-pompano-2617-atlantic/0BaqCaQQRpqRawTvKES4_w,margate-florida
https://www.ubereats.com/miami/food-delivery/native-african-cuisine/w3g149uDSq-ft-b5nTeW5A,margate-florida
https://www.ubereats.com/miami/food-delivery/coral-springs-pizza-%26-wings/2mbczVn8TfCrYzAUqwVMZA,margate-florida
https://www.ubereats.com/miami/food-delivery/burger-king-2350-west-atlantic-boulevard/MVVR3KtaQe2iRFS0-WNj8Q,margate-florida
https://www.ubereats.com/miami/food-delivery/jerusalem-grill/gos0DI38THuyKLGyp8WLLQ,margate-florida
https://www.ubereats.com/miami/food-delivery/taco-bell-11431-west-sample-road/258_wAU4RtyCtB5bcKBVzg,margate-florida
https://www.ubereats.com/miami/food-delivery/vegan-shop-pampano/4o0r-Sj5RFe5ti7cUlwvjA,margate-florida
https://www.ubereats.com/miami/food-delivery/jjs-sandwiches/5WMJQU49RGyAMmzyMQCvtg,margate-florida
https://www.ubereats.com/miami/food-delivery/chocondue-express-coral-springs/zCT4rT3zTY-_AinBe5RiOQ,margate-florida
https://www.ubereats.com/miami/food-delivery/pollo-tropical-2450-w-atlantic-blvd/KMVQhzk6TMaO_vq29REUZw,margate-florida
https://www.ubereats.com/miami/food-delivery/dairy-queen-treat-10665-wiles-rd/USlN1uNrRci_w0hDy4aMMg,margate-florida
https://www.ubereats.com/miami/food-delivery/11-fye-flavors/J4uS81eSTCSISqNuwDGTlQ,margate-florida
https://www.ubereats.com/miami/food-delivery/amarena-bakery/6Xne3dczQTy-qBRiiZwAuw,margate-florida
https://www.ubereats.com/miami/food-delivery/top-brew-coffee-company/4K5izN8cQEuVvDM3_Gjsqg,margate-florida
https://www.ubereats.com/miami/food-delivery/carvel-5621-coral-ridge-drive-%2322/tPEwXnsKSKWZekGEhQ-5Gw,margate-florida
https://www.ubereats.com/miami/food-delivery/twisted-fork/N92XOKjUTbqgymz6v9db2Q,margate-florida
https://www.ubereats.com/miami/food-delivery/aruns-indian-kichen/-UcbwnaqQZKRxRqIUzKpCQ,margate-florida
https://www.ubereats.com/miami/food-delivery/pizzaria-brasil/VRK0WabhRmyKh10dfvKqkA,margate-florida
https://www.ubereats.com/miami/food-delivery/brierre-%26-gus-dowtown-pizzeria-inc/uYZmJFfmQ1qkcyRs8ytklw,margate-florida
https://www.ubereats.com/miami/food-delivery/oye-como-va/ejcVjrKdQIG_gdcHMrjz-g,margate-florida
https://www.ubereats.com/miami/food-delivery/lucky-fish-pompano-beach/NIt9SeO7QAKiJ7eeyAdu6A,margate-florida
https://www.ubereats.com/miami/food-delivery/marcos-pizza/9h9J_PWfQ1uyewT7RUkesQ,margate-florida
https://www.ubereats.com/miami/food-delivery/press-gourmet-sandwiches-fort-lauderdale/rtwLcoExT5O-rjASLtAcZw,margate-florida
https://www.ubereats.com/miami/food-delivery/matchbox-sawgrass/rXpRJ4a0SVqQQ97X0AcC-Q,margate-florida
https://www.ubereats.com/miami/food-delivery/dandee-donut-factory-pompano-beach/ZFvAq43qQZGyatMP8trI0A,margate-florida
https://www.ubereats.com/miami/food-delivery/reggae-pon-the-grille/Sdquv1nIR9euf461EvzeRA,margate-florida
https://www.ubereats.com/miami/food-delivery/burger-king-10494-west-sample-road/Rl69WRNnSbW640zRezgpbw,margate-florida
https://www.ubereats.com/miami/food-delivery/jet-runway-cafe/0PXXvuS1TSKqgxMKRvT56A,margate-florida
https://www.ubereats.com/miami/food-delivery/starbucks-springtree-%26-university/yvBbb_mqTlGgNvccEYksVQ,margate-florida
https://www.ubereats.com/miami/food-delivery/gatsbys-joint/hyjDt3jeTYeEMTdOJUstAg,margate-florida
https://www.ubereats.com/miami/food-delivery/all-star-pizza-coconut-creek-east-parkland/Jo4rCFoyRfuXA2LgmyTiqw,margate-florida
https://www.ubereats.com/miami/food-delivery/arbys-590-university-dr/oqBa6wveQZmjIYBTyCBxDw,margate-florida
https://www.ubereats.com/miami/food-delivery/dairy-queen-treat-2361-n-university-dr/Ftsg-pWsRNSuCNfXfPCiRw,margate-florida
https://www.ubereats.com/miami/food-delivery/tierra-mia-bakery-%26-restaurant/_f-MEMB3RZa7goCZKiNrVQ,margate-florida
https://www.ubereats.com/miami/food-delivery/pad-thai/yKs897pfQL-OJmkbnC5v0Q,margate-florida
https://www.ubereats.com/miami/food-delivery/roast-by-chef-nadeem/rEA9U0iXTaSExt2Q6SEfoA,margate-florida
https://www.ubereats.com/miami/food-delivery/el-bodegon-%233/v2DcIqtBRUeKm-EaVeQ0Og,margate-florida
https://www.ubereats.com/miami/food-delivery/taco-bell-357-w-atlantic-blvd/4Z1XvymxREmitrDAAJ4BCQ,margate-florida
https://www.ubereats.com/miami/food-delivery/the-wrap-factory/V9ZkISdlTv6423w67XSECQ,margate-florida
https://www.ubereats.com/miami/food-delivery/china-house-%E6%98%9F%E5%85%89/ZKty6QlNQ_aifZqeLvoBPQ,margate-florida
https://www.ubereats.com/miami/food-delivery/starbucks-wilton-manors/HEWwm9R-QdGd-w8JeMqF-A,margate-florida
https://www.ubereats.com/miami/food-delivery/taco-bell-900-n-university-drive/u3p_r0QUR26mUgcIzY-03w,margate-florida
https://www.ubereats.com/miami/food-delivery/dairy-queen-grill-%26-chill-5810-n-federal-hwy/FIVXzHyqSKCTAuwhMP0esA,margate-florida
https://www.ubereats.com/miami/food-delivery/pasquales-pizza-and-subs/czDSW3ACRHCSJNHoj8-NWQ,margate-florida
https://www.ubereats.com/miami/food-delivery/burger-king-7860-w-mcnab-road/Tzld9UMnTdyK2OVm4AZlIA,margate-florida
https://www.ubereats.com/miami/food-delivery/manhattan-bagel-4610-n-university-dr/wYkZd7l-ReiF6fj926zuyQ,margate-florida
https://www.ubereats.com/miami/food-delivery/sidewalk-chef-kitchen/eCPo5h2xS2ufuJFinaXKoQ,margate-florida
https://www.ubereats.com/miami/food-delivery/sweet-fix-%40-bottoms-up-gastropub-and-tap-house/EsCbWPHIRFK0HmV5RxLhKA,margate-florida
https://www.ubereats.com/miami/food-delivery/pho-hoa-tamarac/f_b6mgJ7Rx2PeYHPfM6iCw,margate-florida
https://www.ubereats.com/miami/food-delivery/mcdonalds-regency-lakes/K93fkxgNQTawVXu0IIx1pA,margate-florida
https://www.ubereats.com/miami/food-delivery/kikos-kosher-food/X3fGa8nsSW6zkIiHQCODyg,margate-florida
https://www.ubereats.com/miami/food-delivery/indian-kitchen-wings/h7mX1-fmR7uKcrAg_mA25g,margate-florida
https://www.ubereats.com/miami/food-delivery/subway-4967-coconut-creek-pky/bxkwSgsbQGyM2uZTMsh_xg,margate-florida
https://www.ubereats.com/miami/food-delivery/wendys-7115-west-mcnab-road/jUky0VelTCa2jVUPRg8c0Q,margate-florida
https://www.ubereats.com/miami/food-delivery/burgerfi-coral-springs/Z19YCBTfTs6drX1wHcNv7g,margate-florida
https://www.ubereats.com/miami/food-delivery/richies-gourmet-italian-ices-%26-cappuccino/9yi0KBWVQRaRk_TdsuH8Cg,margate-florida
https://www.ubereats.com/miami/food-delivery/mcdonalds-sample-%26-coral-ridge/nPsCBAWXQOmZLfpdwRoNwA,margate-florida
https://www.ubereats.com/miami/food-delivery/pollo-tropical-5450-north-university-dr/DRcpu7TlTJKmbA3hcI4wRg,margate-florida
https://www.ubereats.com/miami/food-delivery/roosters-restaurant-margate/mjCYT1uBRkSQCSsN_G25OA,margate-florida
https://www.ubereats.com/miami/food-delivery/al-pastone-premium-pastas-coral-springs/JRbG2DlKSdekMpDg0VzHFA,margate-florida
https://www.ubereats.com/miami/food-delivery/burgerfi-lighthouse-point/RBkJlm41R6GLXGKSnkSw7A,margate-florida
https://www.ubereats.com/miami/food-delivery/taco-bell-7120-w-mcnab-road/6P1DktffQCCuLSbI6WelOQ,margate-florida
https://www.ubereats.com/miami/food-delivery/red-lobster-2000-university-dr/owpA9N3lQeWQt68LdY6GDQ,margate-florida
https://www.ubereats.com/miami/food-delivery/hooters-sunrise/tEmaLY3nRv--azQXnK2Vdg,margate-florida
https://www.ubereats.com/miami/food-delivery/cold-stone-creamery-coral-springs/t8K86z63SEeVZ3xy3hG1lQ,margate-florida
https://www.ubereats.com/miami/food-delivery/aroi-thai-%26-sushi/UFDE4PuuQCmFd21x_RGoxg,margate-florida
https://www.ubereats.com/miami/food-delivery/roasting-buddies-coral-springs/Oou1j9NPR7OModzJrOehRQ,margate-florida
https://www.ubereats.com/miami/food-delivery/jeremiahs-italian-ice-coral-springs/onlbA3NARp2xCcrq0CO4lA,margate-florida
https://www.ubereats.com/miami/food-delivery/offerdahls-off-the-grill-lighthouse-point/sXHZo33vRO6Np16l7rVtfw,margate-florida
https://www.ubereats.com/miami/food-delivery/dom-carusos/bO6nsDMBQP-9yd_LuyvCgg,margate-florida
https://www.ubereats.com/miami/food-delivery/spice-bar/1Jc_ck1uTD-HkeiFNT2REA,margate-florida
https://www.ubereats.com/miami/food-delivery/papis-ny-pizza-inc/Y1zfpWAPQKutdVNB49Md4w,margate-florida
https://www.ubereats.com/miami/food-delivery/wendys-4676-n-university-drive/9jmPnwC0QwOvsbA9Yx4aWQ,margate-florida
https://www.ubereats.com/miami/food-delivery/pearl-of-the-island-caribbean-cuisine/S4bLJ7N9Q4KsxQuyaIjilQ,margate-florida
https://www.ubereats.com/miami/food-delivery/copans-cafe/mxdPPz6WSsiPY1Oi4I-Dcw,margate-florida
https://www.ubereats.com/miami/food-delivery/unlimited-cooking-by-gog/NAanlSaxSe2arhUTHirMeA,margate-florida
https://www.ubereats.com/miami/food-delivery/rotelli-pizza-%26-pasta-palmaire/ppi-OOvDS2aHFSv9hgZY8g,margate-florida
https://www.ubereats.com/miami/food-delivery/goodfellas-italian-kitchen/QmpK53grRhuaGmzKxcjEmg,margate-florida
https://www.ubereats.com/miami/food-delivery/subway-710-riverside-dr/beudtNdkSMOa-JARG4jeMw,margate-florida
https://www.ubereats.com/miami/food-delivery/merlys-restaurant/gNwEF9vdRDWcDO0CXhIN4A,margate-florida
https://www.ubereats.com/miami/food-delivery/boca-grill/xKyncf3DT6evDcELkQz9ZA,margate-florida
https://www.ubereats.com/miami/food-delivery/china-bowl-take-out/-newg_QtRHO-7_KqIzi-fg,margate-florida
https://www.ubereats.com/miami/food-delivery/char-hut-nob-hill/gZ-eF8N5QXGBl-BBE1Ai2A,margate-florida
https://www.ubereats.com/miami/food-delivery/its-a-cubano-b/jRgbVs1sTUa3xZFzCcEjBg,margate-florida
https://www.ubereats.com/miami/food-delivery/boston-market-3102-w-commercial-blvd/I3g5OvsST5CJfi5J7_H8cg,margate-florida
https://www.ubereats.com/miami/food-delivery/calzoneria-coral-springs/OLkxCF1eTjmZulSuY0BCJw,margate-florida
https://www.ubereats.com/miami/food-delivery/ritas-italian-ice-and-frozen-custard/awJUuVyQSaGUyDNEernL3g,margate-florida
https://www.ubereats.com/miami/food-delivery/carrabbas-1299-south-federal-hwy/XOu45AnBRjeMxxS6aZ2w_w,margate-florida
https://www.ubereats.com/miami/food-delivery/pasquales-pizza-company-coral-springs-north/5lXzimktRg2fouh30xS6pg,margate-florida
https://www.ubereats.com/miami/food-delivery/huey-magoos-chicken-tenders-sunrise/WKbUGD2PS8ihADNZNbhyAQ,margate-florida
https://www.ubereats.com/miami/food-delivery/world-of-beer-4437-lyons-rd/P_QxPnaNQfud4GltArnUwA,margate-florida
https://www.ubereats.com/miami/food-delivery/el-guanaco-taqueria-y-antojitos/nMbVdA1aRE2JYY1hjgxCWA,margate-florida
https://www.ubereats.com/miami/food-delivery/coral-patron-azteca/Vs5qHfIPTR2taeKw-Rp8Ow,margate-florida
https://www.ubereats.com/miami/food-delivery/gyromania-grill-boca-raton/8R1oibibQD2u_d7EsDpNOw,margate-florida
https://www.ubereats.com/miami/food-delivery/magic-soul-food-sunrise/hZg7WAmaS8mCL-bv5mLVvA,margate-florida
https://www.ubereats.com/miami/food-delivery/the-salty-apple/Gl48OCYkR-28uilmpFLwng,margate-florida
https://www.ubereats.com/miami/food-delivery/nonna%60s-pizza/y_CRoDdsQPeIS-tuR4ac6g,margate-florida
https://www.ubereats.com/miami/food-delivery/bawarchi-indian-cuisine/z_zlkNQBR9eiPTQbgG3Cbg,margate-florida
https://www.ubereats.com/miami/food-delivery/big-d-street-food/kxgGRbI6Sda_GkjYpVwSFA,margate-florida
https://www.ubereats.com/miami/food-delivery/sonic-6200-w-sample-rd/KguJmiKmS7-BJL1WEpdrNQ,margate-florida
https://www.ubereats.com/miami/food-delivery/sadies-grill/IB_-rMNFTwGfS1onmd1P8A,margate-florida
https://www.ubereats.com/miami/food-delivery/bulla-king-bakery-%26-resturant/EeST7EOQTm27lW0NVd5XYg,margate-florida
https://www.ubereats.com/miami/food-delivery/robbie-e-custom-cakes-and-pastries/pxATfAWeR4SUC3GDWUGJOQ,margate-florida
https://www.ubereats.com/miami/food-delivery/%231-wings/hDyVgYH9QHGYBzzd66S0Bw,margate-florida
https://www.ubereats.com/miami/food-delivery/walk-ons-sports-bistreaux-ft-lauderdale/dpSneCfFTvCFdfzwIA1-8w,margate-florida
https://www.ubereats.com/miami/food-delivery/ny-phat-pies/ulXhK3kZTM6IyCAqIdNNSQ,margate-florida
https://www.ubereats.com/miami/food-delivery/mcdonalds-oakland-park/RCPaJsuqQQq2NVM32HM5uw,margate-florida
https://www.ubereats.com/miami/food-delivery/pollo-el-cojido/v8ktRoGfSZ6Dh67OA4Ncrw,margate-florida
https://www.ubereats.com/miami/food-delivery/levinois-bakery/LVmtQYuDQACHj-6rBjDqcw,margate-florida
https://www.ubereats.com/miami/food-delivery/el-balcon-de-las-americas-deerfield-beach/UICz784VT6G04j6fSlsJwA,margate-florida
https://www.ubereats.com/miami/food-delivery/lorraines-cafe-%26-catering-llc-fort-lauderdale/LfODtsWuRlObxdJFCtyoJg,margate-florida
https://www.ubereats.com/miami/food-delivery/red-ginger-asian-bistro/TeGagygiQVGdcoYLPogvgw,margate-florida
https://www.ubereats.com/miami/food-delivery/the-southern-pig-co/ETOXZqUQR-ydL1-keomy7g,margate-florida
https://www.ubereats.com/miami/food-delivery/checkers-225-s-state-road-7/AyRlHLa1Qay0sJkKZbskMg,margate-florida
https://www.ubereats.com/miami/food-delivery/the-healthy-station/KYeDpogaTDenYu0_nw7LDg,margate-florida
https://www.ubereats.com/miami/food-delivery/venise-caribbean-cuisine/9E6TwwnsStWMZHd5dbOFAQ,margate-florida
https://www.ubereats.com/miami/food-delivery/the-wing-experience-6500-n-federal-highway/R63aMz-oTsK4pQYSEnq6_Q,margate-florida
https://www.ubereats.com/miami/food-delivery/checkers-3541-nw-8th-avenue/JnxuGoMzR1G0k6WVT79-Jg,margate-florida
https://www.ubereats.com/miami/food-delivery/starbucks-sample-%26-university/MEYIh3iPSzmn9xQbXI9Eyw,margate-florida
https://www.ubereats.com/miami/food-delivery/wendys-499-n-state-road-7/ZGoLZXzhTjumJOik9b3jhQ,margate-florida
https://www.ubereats.com/miami/food-delivery/healthy-delights-cafe/9t_9I2LoSVSdEL4ZjFvIAA,margate-florida
https://www.ubereats.com/miami/food-delivery/benihana-boca-raton/F8fS9lkVSUOeP-oXHUiapg,margate-florida
https://www.ubereats.com/miami/food-delivery/toscana-pizza-%26-grill/TYM3suDSSIO_XIZkJi0PYg,margate-florida
https://www.ubereats.com/miami/food-delivery/lily-garden-chinese-restaurant/4udRVkdGTeGdbz8-CB0OHw,margate-florida
https://www.ubereats.com/miami/food-delivery/salmas-kitchen-coral-springs/_5lQ9I51REmNctvjTUxOGw,margate-florida
https://www.ubereats.com/miami/food-delivery/mcdonalds-lakewood/jY4agaguRDmdFxhpywIM1w,margate-florida
https://www.ubereats.com/miami/food-delivery/ferdos-grill-fort-lauderdale/_M_FneFuSEmJRnVMalSIpQ,margate-florida
https://www.ubereats.com/miami/food-delivery/popeyes-louisiana-kitchen-pompano-beach/rwzk70d0RVifJxHnGKejLQ,margate-florida
https://www.ubereats.com/miami/food-delivery/acaieat-where-the-acai-is-enough!/77rOq1zJR8WOEM3R_DISfQ,margate-florida
https://www.ubereats.com/miami/food-delivery/salt-%26-pepper-chef/3hHByrYhSGyGOdBiHIiwyA,margate-florida
https://www.ubereats.com/miami/food-delivery/cheesesteak-heaven/Wek4Oa-aRUKgKwRZIXLRWA,margate-florida
https://www.ubereats.com/miami/food-delivery/the-gyro-joint/ZR880m49Soi7f3JIfI0wjg,margate-florida
https://www.ubereats.com/miami/food-delivery/tap-42-boca-raton/zVW9cHz2Qa6svIyh2wTqLw,margate-florida
https://www.ubereats.com/miami/food-delivery/yes-wings-b!/-21rPa2hSci-NgnKWnw9vw,margate-florida
https://www.ubereats.com/miami/food-delivery/localicious-caribbean-ice-cream/qxdNTYHaTz6bI0vt_m_ARQ,margate-florida
https://www.ubereats.com/miami/food-delivery/mama-marias-wings/QzBwU9-YQ3-8ME-4Vx-RxQ,margate-florida
https://www.ubereats.com/miami/food-delivery/amys-french-bakery%26bistro/zRfTQ_hwQEanKiMF0Ui7wg,margate-florida
https://www.ubereats.com/miami/food-delivery/la-piazzetta/xiJi68PZQIySmZzpeAr2GA,margate-florida
https://www.ubereats.com/miami/food-delivery/kfc-tb-5850-wiles-road/ZvpHwT7_Som5hOjCYVZxDA,margate-florida
https://www.ubereats.com/miami/food-delivery/checkers-5590-n-university-dr/YfLJgO6tQUmFsCX9Sos6_Q,margate-florida
https://www.ubereats.com/miami/food-delivery/isabellas-italian-restaurant/J0X4S8HbSHWJ_dwcB87EYQ,margate-florida
https://www.ubereats.com/miami/food-delivery/boca-steaks/JSGUvXGLQwiITDU5c2MY2A,margate-florida
https://www.ubereats.com/miami/food-delivery/subway-5555-w-atlantic-blvd/RbCqvDYfTRG8_3hx3xBljQ,margate-florida
https://www.ubereats.com/miami/food-delivery/family-bagels-of-long-island-coral-springs/KFyLB5Y0QB24xs1O-k6P_Q,margate-florida
https://www.ubereats.com/miami/food-delivery/nelsons-diner-pompano-beach/d9nvnk0OTx24KbiM37VIaA,margate-florida
https://www.ubereats.com/miami/food-delivery/nicks-new-haven-style-pizzeria-and-bar/NTUrYPAFQx2xkQH9MsBDrQ,margate-florida
https://www.ubereats.com/miami/food-delivery/subway-690-south-state-rd-7/I94Rs9KbQdiu3CQCvWDJzQ,margate-florida
https://www.ubereats.com/miami/food-delivery/bamboo-healthy-foods-6240-coral-ridge-dr/WrC3LJilQdiRO6zJAVL08w,margate-florida
https://www.ubereats.com/miami/food-delivery/robs-bageland-tamarac/nAU_MsyaQ-qxHOWgMHfF3A,margate-florida
https://www.ubereats.com/miami/food-delivery/japango/sWp5e6ePToaKvPq9QmVckw,margate-florida
https://www.ubereats.com/miami/food-delivery/wawa-5236-9400-w-commercial-blvd/avyPWf8DTgOpf9ixNbelHg,margate-florida
https://www.ubereats.com/miami/food-delivery/churromania-coral-sq/dRpJV6J3Qwy5LnlE7yXxBQ,margate-florida
https://www.ubereats.com/miami/food-delivery/zona-fresca-pompano-beach/6niRIT0bTnqeamNMLHZbUg,margate-florida
https://www.ubereats.com/miami/food-delivery/asahi-chinese-%26-japanese-restaurant-sunrise/Ej-7yPX8R-iYU59MrljBhg,margate-florida
https://www.ubereats.com/miami/food-delivery/boston-market-5681-w-atlantic-blvd/ahxXPVd1TcKXMjuPwsAZnw,margate-florida
https://www.ubereats.com/miami/food-delivery/485-applebees-tamarac/Rmod4SAxRaSJG5UinOcIsg,margate-florida
https://www.ubereats.com/miami/food-delivery/toa-toa-dimsum-restaurant/AUz4-gczTZG86E5AdWDuEQ,margate-florida
https://www.ubereats.com/miami/food-delivery/glyk-gelato/b-t2znKpSHyagTIu9lCVbA,margate-florida
https://www.ubereats.com/miami/food-delivery/bakery-italia/iKpSNXeRQR-VTGbn8QDXmw,margate-florida
https://www.ubereats.com/miami/food-delivery/sarku-japan-north-lauderdale/xb_X9kTaRcudEgetualthQ,margate-florida
https://www.ubereats.com/miami/food-delivery/fisho-sushi%26thai/MGKVu4FtTQSD8h-enaTBgw,margate-florida
https://www.ubereats.com/miami/food-delivery/jj-cafe/UTbSFv-eQcCFeB-4Fs16cA,margate-florida
https://www.ubereats.com/miami/food-delivery/fyr-%26-ice/ZAM4ySqrSISfjIBXsKWkbQ,margate-florida
https://www.ubereats.com/miami/food-delivery/rolls-and-grills-thai-ice-cream-rolls/cwg7GOF5QDqsvFuy9tynKg,margate-florida
https://www.ubereats.com/miami/food-delivery/jass-cuban-cafe/ae_lY9wjR4OgeeEOknDVSg,margate-florida
https://www.ubereats.com/miami/food-delivery/american-coffee-shop/1-7JmPiFQ8mLIgmWCy86Wg,margate-florida
https://www.ubereats.com/miami/food-delivery/hook-fish-and-chicken-deerfield-beach/sxEatnf9RW-1JFp2JA-SFQ,margate-florida
https://www.ubereats.com/miami/food-delivery/mamas-pizza-of-ny/ZjNAbq1iQWmEvgVxq8XTZg,margate-florida
https://www.ubereats.com/miami/food-delivery/thick-%26-thin-restaurant-%26-pizzeria/Qe0B3YrXQ_SELRiDPrI47g,margate-florida
https://www.ubereats.com/miami/food-delivery/miami-grill-west-sample/xKYwMi7ZTyexSrtbHr74sA,margate-florida
https://www.ubereats.com/miami/food-delivery/kan-zaman-cafe/CKA64ogOS7S9tMNTxY2ykA,margate-florida
https://www.ubereats.com/miami/food-delivery/delice-paradise/4M23zQWuQDqECixm6xrOCg,margate-florida
https://www.ubereats.com/miami/food-delivery/dunkin-11405-c-w-palmetto-park-rd/z5ZaeqezToKfmrVQIDuVPw,margate-florida
https://www.ubereats.com/miami/food-delivery/kfc-177-n-powerline-rd/PeXFh9WpRqSaQEYOm8OpoQ,margate-florida
https://www.ubereats.com/miami/food-delivery/starbucks-atlantic-blvd-%26-federal-hwy/wMG7SfkMT-SCX6aYK7K3EQ,margate-florida
https://www.ubereats.com/miami/food-delivery/cafe-aroma/syeltYfcR4eLaiF96_14zQ,margate-florida
https://www.ubereats.com/miami/food-delivery/the-licking-sunrise/DAoKPxVTSs6nMTfgoBLcug,margate-florida
https://www.ubereats.com/miami/food-delivery/subway-8050-w-mcnab-rd/dalRA1TCQeawzDMUmrLk3Q,margate-florida
https://www.ubereats.com/miami/food-delivery/starbucks-copans-%26-us-1/PmxtCxJOSYyzRdo5o-vh3A,margate-florida
https://www.ubereats.com/miami/food-delivery/the-ice-cream-shop/y4h7BKUhStWnSjYbKBoVXA,margate-florida
https://www.ubereats.com/miami/food-delivery/chipotle-mexican-grill-6320-n-andrews-ave/8WUNJIFTTzqtGLAb_DrtZw,margate-florida
https://www.ubereats.com/miami/food-delivery/the-butcher-block-grill-krg/m0qSkd-OT3qqpy-lCoHeLA,margate-florida
https://www.ubereats.com/miami/food-delivery/mcdonalds-oakland-%26-55th/Z_7iI6fGSXyCHJo0XI7JVw,margate-florida
https://www.ubereats.com/miami/food-delivery/fuji-sushi-cafe-parkland/VABYjBI8R_KHs27UnZdCwA,margate-florida
https://www.ubereats.com/miami/food-delivery/aroma-joes-coffee-house-and-drive-thru/s2jVgO3TRLe08msNMKe4ig,margate-florida
https://www.ubereats.com/miami/food-delivery/el-portal-restaurant/g4WR8QaFTMCWF9khSiJ5Sw,margate-florida
https://www.ubereats.com/miami/food-delivery/ramblewood-diner/JpP7HBDFTM2N4JwaarPXJQ,margate-florida
https://www.ubereats.com/miami/food-delivery/burger-king-6350-northwest-9th-avenue/fjDkVNFBSfGqc-lRkfsfVg,margate-florida
https://www.ubereats.com/miami/food-delivery/brgr-stop-coconut-creek/YsNpsA0zQkauNY9Jsj0i6w,margate-florida
https://www.ubereats.com/miami/food-delivery/7047-bonefish-grill-10197-west-sunrise-blvd/YA2oiY7fQ92cbbkGuR4J_A,margate-florida
https://www.ubereats.com/miami/food-delivery/boons-asian-bistro-boca-raton/hi0nhEGuQiOsv9jL-nN7eA,margate-florida
https://www.ubereats.com/miami/food-delivery/southern-hills-pharmacy/r944niKlSMe6K6lIyI45lQ,margate-florida
https://www.ubereats.com/miami/food-delivery/dunkin-7125-w-oakland-park-blvd/gdCH6YATRlCvtoQRzIKRFw,margate-florida
https://www.ubereats.com/miami/food-delivery/gourmet-meatball/vI2uyQwRSE2i4q-lHf-Neg,margate-florida
https://www.ubereats.com/miami/food-delivery/sedanos-cafe-7208-southgate-blvd/xcY8npaiQmai6BN_ibTjCg,margate-florida
https://www.ubereats.com/miami/food-delivery/cold-pressed-juice-factory/ECkbW4YqREKhozEwS2g9xg,margate-florida
https://www.ubereats.com/miami/food-delivery/lemon-n-spice/g4B4CLEuRLeBtfgZoc9vjA,margate-florida
https://www.ubereats.com/miami/food-delivery/subway-5415-lyons-rd/k3KhNCaXR2eui8lyyKsqZw,margate-florida
https://www.ubereats.com/miami/food-delivery/jesses-xtreme-cantina-company/WhnDU8eUScqgGONpIc6umA,margate-florida
https://www.ubereats.com/miami/food-delivery/la-molienda-latin/YHR7xGy0QQ6UxEIALuZ-Ew,margate-florida
https://www.ubereats.com/miami/food-delivery/miami-subs-grill-pompano-beach/Jo_q4IAFSPGlJf1uCGTH2g,margate-florida
https://www.ubereats.com/miami/food-delivery/sette-bello/KbubxFMHTP28zmnEPiD5Cw,margate-florida
https://www.ubereats.com/miami/food-delivery/tgi-fridays-2645-coral-springs-fl/BYYRXOpjTGWL_Mnrfp2mMA,margate-florida
https://www.ubereats.com/miami/food-delivery/dennys-911-e-commercial-blvd/L9U0JsPHSsWkP3zgkjzQdw,margate-florida
https://www.ubereats.com/miami/food-delivery/wendys-1475-n-university-dr/QZ94RnVoSTiLEVPBNyHvxA,margate-florida
https://www.ubereats.com/miami/food-delivery/rasa-indo-chinese-and-dosa/C-4oIuccSOufk21OCR3dlA,margate-florida
https://www.ubereats.com/miami/food-delivery/tommy-fats/Nvz_z6-xQg-_zKBeeozp0g,margate-florida
https://www.ubereats.com/miami/food-delivery/chipotle-mexican-grill-4220-n-state-road-7/JJrB23fGRuSgapFLoPKS_g,margate-florida
https://www.ubereats.com/miami/food-delivery/ethos-greek-bistro-wilton-manors/r3dBk5W5Tmi_Pm2_5IiJmw,margate-florida
https://www.ubereats.com/miami/food-delivery/fins-kitchen/5dNYyrGtSz2_ytru6Dk0Hg,margate-florida
https://www.ubereats.com/miami/food-delivery/kfc-2491-n-university-dr/dAkuh1oVRaiXNAhoolwfqA,margate-florida
https://www.ubereats.com/miami/food-delivery/acai-factory/BmQj5EGcQ1-oSG4_zhLf0A,margate-florida
https://www.ubereats.com/miami/food-delivery/mama-asian-noodle-bar/w0sTLFZVTVGakspCFdETSQ,margate-florida
https://www.ubereats.com/miami/food-delivery/wendys-8901-west-commercial-blvd/KrPVXUmySlKFYt40oXgMzA,margate-florida
https://www.ubereats.com/miami/food-delivery/lettuce-toast-it/X9YA8Q84StqIZ-YFOTtd1w,margate-florida
https://www.ubereats.com/miami/food-delivery/sr-ceviche/3xReOlpbQmKu_UCtUSQYJg,margate-florida
https://www.ubereats.com/miami/food-delivery/shishka-lebanese-grill/_utAKbhkReisHzeDWY0Ypg,margate-florida
https://www.ubereats.com/miami/food-delivery/h%26r-grill-sunrise/7zH2b6-wQW2aTAzff1M37A,margate-florida
https://www.ubereats.com/miami/food-delivery/mcdonalds-sunrise-commercial-%26-94th/JQs3BjIJS0GqxGh2Plyzgw,margate-florida
https://www.ubereats.com/miami/food-delivery/randys-take-out/0WMFL2KGRze3rMmsgqzt8g,margate-florida
https://www.ubereats.com/miami/food-delivery/popeyes-louisiana-kitchen-oakland-park/niqLMSG7TtqNWjhn42Vjbg,margate-florida
https://www.ubereats.com/miami/food-delivery/father-%26-sons-smoke-til-u-choke-bar-bq-lauderhill/KTraHn_qQSaYEcbc3RpDpA,margate-florida
https://www.ubereats.com/miami/food-delivery/pei-wei-2390-n-federal-highway-suite-101/tZZdrKzKQMSdzpq682TkVQ,margate-florida
https://www.ubereats.com/miami/food-delivery/the-ice-cream-shop/uRINXS08SAGK2_tSzmexmA,margate-florida
https://www.ubereats.com/miami/food-delivery/first-watch-1750-n-university-drive-ste-126/Z_FhSaI1TeS3d8pKn4mLeQ,margate-florida
https://www.ubereats.com/miami/food-delivery/panuozzo/fd3OYg9bRcK6HnrWBKgZSg,margate-florida
https://www.ubereats.com/miami/food-delivery/strictly-seafood-margate/kIJ4I7w6QhKi8Kf-wVqgpw,margate-florida
https://www.ubereats.com/miami/food-delivery/sabores-brasil/q--0Jg1TTx2RWuFL3lT3ZA,margate-florida
https://www.ubereats.com/miami/food-delivery/4-rivers-smokehouse-coral-springs/uQj7snT3RXi8cr6GLqsH8Q,margate-florida
https://www.ubereats.com/miami/food-delivery/its-all-greek-to-me!-grill-pompano/IXmjxaVuS3yWJ7L6aYxjpg,margate-florida
https://www.ubereats.com/miami/food-delivery/fuzzys-taco-shop-854-w-cypress-creek-rd/YHOAvx3dRlCssa7NRVtYVw,margate-florida
https://www.ubereats.com/miami/food-delivery/tequila-sunrise-mexican-grill/D2yJ4a8MSb6wNW5LR6wiKw,margate-florida
https://www.ubereats.com/miami/food-delivery/dandee-donut-factory-margate/K2RMzQIgTIeUhLLLoaAyDA,margate-florida
https://www.ubereats.com/miami/food-delivery/acai-concept-llc/4zt0hipkRq2TVIpO_Hx5KQ,margate-florida
https://www.ubereats.com/miami/food-delivery/dunkin-4660-w-hillsboro-blvd-ste-1/o3sW-BdLS3arAH6o1Z63ew,margate-florida
https://www.ubereats.com/miami/food-delivery/dennys-%239590/5rco4ynHT8O-Us3VRNr73A,margate-florida
https://www.ubereats.com/miami/food-delivery/the-waffle-shack/rYQY0EHNTKa3HcUCcgQyjg,margate-florida
https://www.ubereats.com/miami/food-delivery/kababi-cafe/A-F18BIDRzedR7LZF20ZKQ,margate-florida
https://www.ubereats.com/miami/food-delivery/cafe-la-buca/jUhqiyXaRt2U_dft3YdUFg,margate-florida
https://www.ubereats.com/miami/food-delivery/476-applebees-coral-springs/NogjwaZCTZW8ewZz4Wo6kA,margate-florida
https://www.ubereats.com/miami/food-delivery/oz-restaurants/jNoTqA0PRY2Hy6U48KZQvg,margate-florida
https://www.ubereats.com/miami/food-delivery/living-green-fresh-market-fort-lauderdale/kwBNlGuWSw2MnVA00zceAA,margate-florida
https://www.ubereats.com/miami/food-delivery/chef-chois-gourmet-chinese/LBBAg84xReKKg5J3pEVTWA,margate-florida
https://www.ubereats.com/miami/food-delivery/sushi-boat-pompano-beach/n0xYnx0ZQISdfs94lxAd2A,margate-florida
https://www.ubereats.com/miami/food-delivery/taco-bell-7625-w-commercial-blvd/eh7bsVlRTQuitujWQSDVaw,margate-florida
https://www.ubereats.com/miami/food-delivery/gourmet-garden-cafe-%26-juices/z0XVvUz_QfiHhbLWUWP4Lg,margate-florida
https://www.ubereats.com/miami/food-delivery/jesses-xtreme-sports-bar/jkmpTmCJTemVIykIBXRjZQ,margate-florida
https://www.ubereats.com/miami/food-delivery/crave-poke/0zh_64uVTzeC1VCR4KuDzw,margate-florida
https://www.ubereats.com/miami/food-delivery/mcdonalds-copans-rd-%26-i-95/QcvtYE6TSI2kw9x81mTIxA,margate-florida
https://www.ubereats.com/miami/food-delivery/dunkin-390-n-rock-island-rd/xQw2ChgOSS24sM1s19svdg,margate-florida
https://www.ubereats.com/miami/food-delivery/plantation-diner/6FV5chU6QwKFTaA-o38wkA,margate-florida
https://www.ubereats.com/miami/food-delivery/peppertree-bagel/6Rs5prkRQX2Z7oOhQS8L2Q,margate-florida
https://www.ubereats.com/miami/food-delivery/wendys-7025-n-university-drive/FNicIqo-QrSZJU7513E7Vg,margate-florida
https://www.ubereats.com/miami/food-delivery/dunkin-5425-lyons-rd-shell-gas-station/1QS_C7sWRJuqnBQeq-vETg,margate-florida
https://www.ubereats.com/miami/food-delivery/cheese-xpress/oEw4hAm4S6mLRyizV6DpFA,margate-florida
https://www.ubereats.com/miami/food-delivery/spankys-cheesesteak/soTGpVxvTV69pmypjayVYQ,margate-florida
https://www.ubereats.com/miami/food-delivery/new-asia-2go/9CAXhje5RSe57ocURovt_g,margate-florida
https://www.ubereats.com/miami/food-delivery/burger-king-1-n-w-oakland-park-boulevard/ZK0lK2ZLTWGWrLJuFh9fgQ,margate-florida
https://www.ubereats.com/miami/food-delivery/ferro-pizza/9UGcPxAdSnS-aIbPjRkviw,margate-florida
https://www.ubereats.com/miami/food-delivery/dunkin-4900-n-state-road-7/SMzJomLNTJm-ELklN0Mlrg,margate-florida
https://www.ubereats.com/miami/food-delivery/jerusalem-market-%26-eatery/VV_BQJqbTDaq0Dogd-012Q,margate-florida
https://www.ubereats.com/miami/food-delivery/starbucks-sawgrass-rd-%26-lyons-rd/G9OgXtmoTbCt6PmLGVJYXw,margate-florida
https://www.ubereats.com/miami/food-delivery/nekter-juice-bar-coconut-creek/tk5m5x2SQumCoI4_owzWrw,margate-florida
https://www.ubereats.com/miami/food-delivery/indian-chillies/yxtB7348Qm6Bp8ahdKY9-A,margate-florida
https://www.ubereats.com/miami/food-delivery/el-balcon-de-las-americas-margate/s4D8-t_VR_-gvGs0QzTwCQ,margate-florida
https://www.ubereats.com/miami/food-delivery/5th-element-indian-grill-pompano-beach/kIHHb_jDT1G1LvcSElvulQ,margate-florida
https://www.ubereats.com/miami/food-delivery/1-more-bite-to-go/LQ-h9Z6cSH2pa-6lulTcPQ,margate-florida
https://www.ubereats.com/miami/food-delivery/moes-southwest-grill-coral-springs/ug5mbzaTRRisMwgO5ORJ8w,margate-florida
https://www.ubereats.com/miami/food-delivery/carmela-coffee-company-pompano/Mj3ZVcW3TGexVBS_RBnRdg,margate-florida
https://www.ubereats.com/miami/food-delivery/starbucks-shops-at-parkland/0UsHV_54SzaI-HLu44k_iA,margate-florida
https://www.ubereats.com/miami/food-delivery/burger-king-10000-w-oakland-park-blvd/9PxwS45-TCu26Lqna4tV8Q,margate-florida
https://www.ubereats.com/miami/food-delivery/mcdonalds-coconut-creek-wiles-road-%26-441/7QsfYfzDTfCYwKCb9Lw1jA,margate-florida
https://www.ubereats.com/miami/food-delivery/the-dutch-pot-jamaican-restaurant-lauderhill-fl/zsjlsrwySW2ei8B_DH0qeQ,margate-florida
https://www.ubereats.com/miami/food-delivery/abuelas-latin-cuisine/sulCbOYwTsO5jTQx1AHOgA,margate-florida
https://www.ubereats.com/miami/food-delivery/wingsfries-%26-sweet-potato-pies/RCvsD_53RguuSDwGmjAWdQ,margate-florida
https://www.ubereats.com/miami/food-delivery/millers-ale-house-coral-springs/o7CbAzcnS6mULyYu63gXrw,margate-florida
https://www.ubereats.com/miami/food-delivery/krispy-kreme-w-commercial-blvd-%26-nw-47th-terrace/B8YJSJPwRf2ewLgJKQUqUQ,margate-florida
https://www.ubereats.com/miami/food-delivery/bronx-bagels-%26-deli/bAfiCejxRuC0gTKXT_p4Zw,margate-florida
https://www.ubereats.com/miami/food-delivery/la-fontana-pizzeria-%26-restaurant/eg0SwTj2QNCXXmNLY-8Y2A,margate-florida
https://www.ubereats.com/miami/food-delivery/korean-manna-bbq-restaurant-sunrise/o_ASEMJKSp2_7ob3snCe0w,margate-florida
https://www.ubereats.com/miami/food-delivery/chutney-indian-grill/Gw9XWdvaQsiWaYZ_EJNOog,margate-florida
https://www.ubereats.com/miami/food-delivery/dunkin-4499-n-university-dr/h1laMU8aSgqP6t2Bx_5iMQ,margate-florida
https://www.ubereats.com/miami/food-delivery/strictly-wings-margate/eNmtz7WqTSuDrUwMViclJg,margate-florida
https://www.ubereats.com/miami/food-delivery/falafel-gourmet/adjDGrk3Thaar74S53BYJw,margate-florida
https://www.ubereats.com/miami/food-delivery/feijao-com-arroz-restaurante-pompano-beach/11QwyQs-S0W22Ey3mBfujA,margate-florida
https://www.ubereats.com/miami/food-delivery/pollo-tropical-8096-west-mcnab-rd/LQdgUzSfSS-WeY361_ahaQ,margate-florida
https://www.ubereats.com/miami/food-delivery/happy-wok-sunrise/OfIMWYldQwCv4pirvgiyaQ,margate-florida
https://www.ubereats.com/miami/food-delivery/the-gem-eatery/hb7PZ6SGSEWh9T2ogFnKdA,margate-florida
https://www.ubereats.com/miami/food-delivery/dream-cream-2600-hammondville/_AukgIsqRQeTLRxF7OCeUg,margate-florida
https://www.ubereats.com/miami/food-delivery/outback-steakhouse-6201-north-federal-highway/VULzSWRMRTqvIEuq5GZMNA,margate-florida
https://www.ubereats.com/miami/food-delivery/mcdonalds-coconut-creek/FUKUb-mFTOW5Zv8HOxxrNQ,margate-florida
https://www.ubereats.com/miami/food-delivery/mnjs-kitchen/HvDim3ScQEOshGriS5NnOA,margate-florida
https://www.ubereats.com/miami/food-delivery/rootz-bar-n-cafe-llc/vFIDDYp5Sb2WqiIhqEi4Xw,margate-florida
https://www.ubereats.com/miami/food-delivery/donkingtaco/M-B5Sl9mTzWHjKWgAOwiPQ,margate-florida
https://www.ubereats.com/miami/food-delivery/saxsay-restaurant/JldI7CZ7SoeYomOcs-RPWw,margate-florida
https://www.ubereats.com/miami/food-delivery/five-guys-fl-1296-6365-n-andrews/FHatQ2cQRfeIbZkCZ-zlqQ,margate-florida
https://www.ubereats.com/miami/food-delivery/starbucks-6700-w-atlantic-blvd/QdpSkn8eQFuZcNrJ76MZNw,margate-florida
https://www.ubereats.com/miami/food-delivery/hellenic-republic/WRZJhubgRxKOm88lmFZ29g,margate-florida
https://www.ubereats.com/miami/food-delivery/ihop-7944-w-sample-rd/Eq3-wprgQ4CAn20mS1o2gw,margate-florida
https://www.ubereats.com/miami/food-delivery/hooters-ft-lauderdale/MVl9xsaIQ4CdPM3gpF7akg,margate-florida
https://www.ubereats.com/miami/food-delivery/enas-seafoodie/yaQ3GhjWRWeXMkML3To0mg,margate-florida
https://www.ubereats.com/miami/food-delivery/mainland-china-bistro-%E9%BB%83%E5%AE%B6%E7%A2%BC%E9%A0%AD/pf7nl_HeSL2Y5hnMQdCbkA,margate-florida
https://www.ubereats.com/miami/food-delivery/the-fish-joint/wpgFF6SAQfC9n2AZJHHSSA,margate-florida
https://www.ubereats.com/miami/food-delivery/chefpats-seafood-%26-grill-oakland-park/2T71vOMmS7CXFlAPI8lacA,margate-florida
https://www.ubereats.com/miami/food-delivery/china-wok-north-lauderdale/__OCOFIORPS0fnEjvK0rgw,margate-florida
https://www.ubereats.com/miami/food-delivery/ra-sushi-9918-glades-road/fGsmI5ouQI-57nIHjBq_jQ,margate-florida
https://www.ubereats.com/miami/food-delivery/taco-bell-2466-n-state-road-7/jlw92bZJTG-tqZPAQon07Q,margate-florida
https://www.ubereats.com/miami/food-delivery/pikeos-954/fWYFpBkMTaGKmfmvIrmqqw,margate-florida
https://www.ubereats.com/miami/food-delivery/starbucks-holmberg-and-coral-ridge-drive/ynCYE18pRByApPZAIyNGkA,margate-florida
https://www.ubereats.com/miami/food-delivery/utopia-juice-bar/Zf8gAWQRSEu4AhN5ULWClA,margate-florida
https://www.ubereats.com/miami/food-delivery/aik-taco-masala/Q8xba3sTT4y1KcY9T5kpGw,margate-florida
https://www.ubereats.com/miami/food-delivery/golden-house-chinese-restaurant/YJIkDDG-RfqxikzlhMyeUQ,margate-florida
https://www.ubereats.com/miami/food-delivery/smoothie-jungle-tamarac/Dlercg2BQ2q6tYKeEeVw1g,margate-florida
https://www.ubereats.com/miami/food-delivery/burger-king-4499-w-hillsboro-blvd/FHjIybglQ3m_8FRmcxNvNQ,margate-florida
https://www.ubereats.com/miami/food-delivery/fetta-republic-lighthouse/mfGo4l0MTi20C4lKGEnL9g,margate-florida
https://www.ubereats.com/miami/food-delivery/starbucks-lyons-rd-%26-wiles-rd/Q0jj0IH4SGe2ccn3Ep5GrA,margate-florida
https://www.ubereats.com/miami/food-delivery/tilapia-fresh-fish-and-chicken-restaurant/u0eBSz3kR-qZBZvfNqKqag,margate-florida
https://www.ubereats.com/miami/food-delivery/wendys-2700-dr-martin-luther-king-blvd/nXj8wpswSzi0F72mL1WjwQ,margate-florida
https://www.ubereats.com/miami/food-delivery/wawa-5235-2000-n-state-rd-7/WDYQiZnBTsWxANT8o6MP3w,margate-florida
https://www.ubereats.com/miami/food-delivery/the-scoop-shop/ugkUsOWVSMaHJLiV3VWgnQ,margate-florida
https://www.ubereats.com/miami/food-delivery/zaatar/LKnPjGZWQdWwwj7anuhpcA,margate-florida
https://www.ubereats.com/miami/food-delivery/china-one-coral-springs/EdTdXXUqTuamSAuWqfp5SA,margate-florida
https://www.ubereats.com/miami/food-delivery/subway-2359-n-university-dr/ZFQ8dVHeRJG6ohhLDX2f0Q,margate-florida
https://www.ubereats.com/miami/food-delivery/mongolia-wok/OBT2Rk10Q9mUWYKnsuf42Q,margate-florida
https://www.ubereats.com/miami/food-delivery/sybils-bakery-%26-roti-cafe/qaPYV38pTUqFn3HQj5C7eQ,margate-florida
https://www.ubereats.com/miami/food-delivery/chilewero-mexican-restaurant/NTCzR3ilTuOZ7Kg8crjzyg,margate-florida
https://www.ubereats.com/miami/food-delivery/moop-pops/BZxS5XejRFCAMiIEPIMGjg,margate-florida
https://www.ubereats.com/miami/food-delivery/marlees-bistro-%26-cupcakery/IKtSzu8RQiOxJ0O15O-aFA,margate-florida
https://www.ubereats.com/miami/food-delivery/the-new-york-bagel-factory/WVqLIUC_QhKTBxo8UymZkw,margate-florida
https://www.ubereats.com/miami/food-delivery/quates-mexican-restaurant-oakland-park/qKwebEoUQpaUiAbCrBEXcQ,margate-florida
https://www.ubereats.com/miami/food-delivery/tobu-sushi-%26-thai-restaurant/NZRG28qHS6KpkO8x0jn1rw,margate-florida
https://www.ubereats.com/miami/food-delivery/ggs-of-new-york/hEMr0b7yRLq8ikeqm4zVqA,margate-florida
https://www.ubereats.com/miami/food-delivery/al-salam-restaurant-and-market/FN0XyM6tQeOnYs-kuTBy-Q,margate-florida
https://www.ubereats.com/miami/food-delivery/firehouse-subs-coral-springs/c_ZPyGmzRGaepCvdDpzVTA,margate-florida
https://www.ubereats.com/miami/food-delivery/juice2u-pompano-beach/ZU3DgA5fTOuxvM27w4KDsg,margate-florida
https://www.ubereats.com/miami/food-delivery/anthonys-coal-fired-pizza-coral-springs/Oet7ElMTReahm0Rw6Ntfcw,margate-florida
https://www.ubereats.com/miami/food-delivery/j-petal-japanese-ramen/PN41Vs0yRIW1cW7I2_WYgw,margate-florida
https://www.ubereats.com/miami/food-delivery/first-watch-lauderhill-tamarac/qmOIybkXT1eG-YWoirfgpw,margate-florida
https://www.ubereats.com/miami/food-delivery/korner-cafe/oI32BgItT52Y0e0JLExuPA,margate-florida
https://www.ubereats.com/miami/food-delivery/natural-blends-smoothies-ft-lauderdale/Hgl89ZfPQNOtmHXU6bUT3w,margate-florida
https://www.ubereats.com/miami/food-delivery/wendys-6375-w-sample-rd/6m2aPwFjQmmn_yDRIwfhMA,margate-florida
https://www.ubereats.com/miami/food-delivery/thony-best-caribbean-restaurant-llc/ordWccHEQEuXoOSsGVzePw,margate-florida
https://www.ubereats.com/miami/food-delivery/nirala-sweets-%26-restaurant-w-oakland-park-blvd/B_NpCz6hQC6AyfUlwBjuJA,margate-florida
https://www.ubereats.com/miami/food-delivery/pizza-brew/xyJvMGEvRPmCjAyNcViWRQ,margate-florida
https://www.ubereats.com/miami/food-delivery/subway-1324-coral-ridge-dr/-1Q92qvBTa6gwBYQM8htFA,margate-florida
https://www.ubereats.com/miami/food-delivery/big-daddys-pizza-of-coral-springs/9VpFatRXREu5_Fme7hKNxQ,margate-florida
https://www.ubereats.com/miami/food-delivery/kool-runnings-jamaican-and-soul-food/Gp9dbyHfS7Wd0H6BdkoOzA,margate-florida
https://www.ubereats.com/miami/food-delivery/lous-giant-subs-%26-deli/TuTAPKVuS3ycxhtZ4hG8pQ,margate-florida
https://www.ubereats.com/miami/food-delivery/southern-pig-co/e_n2k-lLQI-wBdJ5fAUcng,margate-florida
https://www.ubereats.com/miami/food-delivery/sliced-burger/r5CQkMNeSX6kpk58q4XFrQ,margate-florida
https://www.ubereats.com/miami/food-delivery/the-wing-man/bpDEn72WS6uIp8hfA9vzVA,margate-florida
https://www.ubereats.com/miami/food-delivery/wendys-930-nw-62nd-street/VbA61-CnQeKcJ6cR-ZhxXQ,margate-florida
https://www.ubereats.com/miami/food-delivery/los-perros-del-sobrino/Z-ddgebiTVSQ1lV8GTM4Xw,margate-florida
https://www.ubereats.com/miami/food-delivery/burger-king-1267-south-state-road-7/N_c45ikMRwmo1gYLVMApYw,margate-florida
https://www.ubereats.com/miami/food-delivery/uncle-als-sports-cafe-sunrise/klof_3E5SI6yNSOaej1R6A,margate-florida
https://www.ubereats.com/miami/food-delivery/salsa-fiesta-coral-springs/jyUf2cPRTeC8R0RPy-h-3w,margate-florida
https://www.ubereats.com/miami/food-delivery/family-bagels-of-long-island-coconut-creek/rjpBBbmmRfCxphCqdApPxg,margate-florida
https://www.ubereats.com/miami/food-delivery/ra-sushi-bar-restaurant-276-e-commercial-blvd/oJkuQjmBSaK856IjUwAzSw,margate-florida
https://www.ubereats.com/miami/food-delivery/the-dutch-pot-jamaican-restaurant-north-lauderdale-fl/Wgso_KcgQxievlvu_mzgMg,margate-florida
https://www.ubereats.com/miami/food-delivery/phat-boy-sushi-%26-kitchen-coral-springs/Ks0BMHUWR_aOLVDwdWFovQ,margate-florida
https://www.ubereats.com/miami/food-delivery/achsahs-jamaican-bakery-and-restaurant/HJ-kcUWeRVy8X6o9RdqRDA,margate-florida
https://www.ubereats.com/miami/food-delivery/gigis-music-cafe-sunrise/RblL3jz2S7av1dy7ApTC4Q,margate-florida
