url,city
https://www.ubereats.com/nyc-suburbs/food-delivery/friendlys-700-80-rte-101/4IlxFoAlTbefzgCTQLVfZA,mastic-beach-new-york
https://www.ubereats.com/nyc-suburbs/food-delivery/joshi-brothers-deli-%26-grocery/CCiHgxKVTOqjmOvNsb7oCQ,mastic-beach-new-york
https://www.ubereats.com/nyc-suburbs/food-delivery/4-u-convenience-deli/sDblTRd2ScenoBEqVyeBaQ,mastic-beach-new-york
https://www.ubereats.com/nyc-suburbs/food-delivery/familia-bakery/3KCZnf9eRn6KdRdee2V7uQ,mastic-beach-new-york
https://www.ubereats.com/nyc-suburbs/food-delivery/village-bistro/c-SclDHqQ9ubcxYoGs27XA,mastic-beach-new-york
https://www.ubereats.com/nyc-suburbs/food-delivery/kfc-800-montauk-hwy-ste-22/whcc_rQmR42Ii8rAF-F7Cg,mastic-beach-new-york
https://www.ubereats.com/nyc-suburbs/food-delivery/brookhouse-pizza-and-grill/2et97TFfRU-czBPFr5XFmw,mastic-beach-new-york
https://www.ubereats.com/nyc-suburbs/food-delivery/alfredos-pizzeria-%26-restaurant/PWy4cTZfQtSu0vp-67TrhQ,mastic-beach-new-york
https://www.ubereats.com/nyc-suburbs/food-delivery/popeyes-17-mcgraw-street/oSamiZQvSfiWGczcPZeg9A,mastic-beach-new-york
https://www.ubereats.com/nyc-suburbs/food-delivery/avo-taco/T1Sn8b3kQNyh5W8zw1jpSQ,mastic-beach-new-york
https://www.ubereats.com/nyc-suburbs/food-delivery/manhattan-bagel/oMBx4DKjTVOV6YHF7pJClA,mastic-beach-new-york
https://www.ubereats.com/nyc-suburbs/food-delivery/brewology-speonk/cSPsWLmiThu32VlYDDtfUQ,mastic-beach-new-york
https://www.ubereats.com/nyc-suburbs/food-delivery/wendys-555-william-floyd-pkwy/UZ58S5WST_qegD9yQATuuA,mastic-beach-new-york
https://www.ubereats.com/nyc-suburbs/food-delivery/216-applebees-shirley-855-montauk-highway-bldg-a/wrhQuvctTsiyVjs2vYzzEA,mastic-beach-new-york
https://www.ubereats.com/nyc-suburbs/food-delivery/mediterranean-kitchen-mastic/dYJAuV_eS9uw1s4DXi5vsA,mastic-beach-new-york
https://www.ubereats.com/nyc-suburbs/food-delivery/china-star/I1mR4135TkmyGxTRGIgS_Q,mastic-beach-new-york
https://www.ubereats.com/nyc-suburbs/food-delivery/tgi-fridays-326-farmingville-ny/xpIm9cqeQD6TVg-Qa2aeUw,mastic-beach-new-york
https://www.ubereats.com/nyc-suburbs/food-delivery/tonys-fusion-west/gEkgjOBtQfK3EdqVex6xHA,mastic-beach-new-york
https://www.ubereats.com/nyc-suburbs/food-delivery/johns-pizza-and-restaurant/3dm14PrZQweJqem1ls7m3Q,mastic-beach-new-york
https://www.ubereats.com/nyc-suburbs/food-delivery/priscos-gourmet-deli/9dRbJZUxRRu3a6bPbKXCIg,mastic-beach-new-york
https://www.ubereats.com/nyc-suburbs/food-delivery/dunkin-20-eastport-manor-rd/mzLA78P6QtiY7wPfsIfxvA,mastic-beach-new-york
https://www.ubereats.com/nyc-suburbs/food-delivery/colins-deli/bSD5vAUcSQOXN58ALhhyig,mastic-beach-new-york
https://www.ubereats.com/nyc-suburbs/food-delivery/aliyana-pizzeria/EIZsfNZBRXeyuL8Yvf9koA,mastic-beach-new-york
https://www.ubereats.com/nyc-suburbs/food-delivery/mastic-deli-%26-market/FAa3JxGXR0SFYKlwcS3IHA,mastic-beach-new-york
https://www.ubereats.com/nyc-suburbs/food-delivery/the-hero-joint/3D-Ai0s_R5a3RveAZRNOAQ,mastic-beach-new-york
https://www.ubereats.com/nyc-suburbs/food-delivery/hurricane-grill-and-wings-496-county-rd/YrY5JBqVRd2jxsDYRJUzcQ,mastic-beach-new-york
https://www.ubereats.com/nyc-suburbs/food-delivery/colins-hero-stop/CZozBBP3TdmxlipIzWkh9Q,mastic-beach-new-york
https://www.ubereats.com/nyc-suburbs/food-delivery/best-meal-chinese-food/zBqS0kNgQ0OMe6LiGK8D6A,mastic-beach-new-york
https://www.ubereats.com/nyc-suburbs/food-delivery/206-applebees-farmingville/F3vmjvF0Rl6MHYfJs4OiwQ,mastic-beach-new-york
https://www.ubereats.com/nyc-suburbs/food-delivery/alitalia/EM5g_1NGQh-v98lpyUqJbg,mastic-beach-new-york
https://www.ubereats.com/nyc-suburbs/food-delivery/b*tch-dont-grill-my-cheese/dEdO8L2qQ-WlbEZkkEQlkQ,mastic-beach-new-york
https://www.ubereats.com/nyc-suburbs/food-delivery/pitstop-pantry-grill-%26-market/Py3A83AOTPyiOZkKoDCmnA,mastic-beach-new-york
https://www.ubereats.com/nyc-suburbs/food-delivery/kabul-halal-grill/blDjZTK7QkmgPBcLJblSIQ,mastic-beach-new-york
https://www.ubereats.com/nyc-suburbs/food-delivery/the-captains-boil-700-patchogue-yaphank-road/S1-VHF4GSwGnGVN17VS5MQ,mastic-beach-new-york
https://www.ubereats.com/nyc-suburbs/food-delivery/pizza-corner-medford/aivWHotxQ4ik3mysuut6CA,mastic-beach-new-york
https://www.ubereats.com/nyc-suburbs/food-delivery/deli-beer-smoke/gH4Ee2kvRdGMwWheUjwfOw,mastic-beach-new-york
https://www.ubereats.com/nyc-suburbs/food-delivery/ruby-tuesday-700-patchogue-yaphank-road/hukYPzudTRKw5qMQ7E-cDw,mastic-beach-new-york
https://www.ubereats.com/nyc-suburbs/food-delivery/sobol-patchogue/9wwEY0e_SDKBsaWBv91TRg,mastic-beach-new-york
https://www.ubereats.com/nyc-suburbs/food-delivery/william-floyd-diner/ZfnHVBVvTVWhW4ZVw5Cyfg,mastic-beach-new-york
https://www.ubereats.com/nyc-suburbs/food-delivery/centro-america-deli/XF02iU5fRQa0DssDYxfzKg,mastic-beach-new-york
https://www.ubereats.com/nyc-suburbs/food-delivery/dunkin-440-william-floyd-pkwy/mG-gf1tUTsi0Q6TQfu6Srw,mastic-beach-new-york
https://www.ubereats.com/nyc-suburbs/food-delivery/local-burger-co-patchogue/HPvCj0LaR12nmX012BgKng,mastic-beach-new-york
https://www.ubereats.com/nyc-suburbs/food-delivery/seacove-italian-american-bar-%26-grill/8KUIiFZ3SUmw3FaUH9x9Zw,mastic-beach-new-york
https://www.ubereats.com/nyc-suburbs/food-delivery/gerardos-pizza-%26-pasta/wqHQpTHeQ5mdz-bvdUoTuw,mastic-beach-new-york
https://www.ubereats.com/nyc-suburbs/food-delivery/la-breakfast-club/xXZEZ1RSRoqY3o85xbXTkg,mastic-beach-new-york
https://www.ubereats.com/nyc-suburbs/food-delivery/original-michelangelo/3J29YTjfTWOR71JBqizL-A,mastic-beach-new-york
https://www.ubereats.com/nyc-suburbs/food-delivery/hero-haven-and-more/7IbHOSMyTmSg7DvQZytbrA,mastic-beach-new-york
https://www.ubereats.com/nyc-suburbs/food-delivery/burger-mansion/5a2UjqltS0-LlfFeCvOlEg,mastic-beach-new-york
https://www.ubereats.com/nyc-suburbs/food-delivery/wayback-burger-490-mastic-rd/NGvI9fI6TfOs1qLHXMGCBw,mastic-beach-new-york
https://www.ubereats.com/nyc-suburbs/food-delivery/curry-kebob-house/IyX2NjtMTWq8W2Bpk9rV2w,mastic-beach-new-york
https://www.ubereats.com/nyc-suburbs/food-delivery/i-heart-mac-and-cheese-patchogue/k3mLnjFsTSq7iQ79hpLuNA,mastic-beach-new-york
https://www.ubereats.com/nyc-suburbs/food-delivery/dunkin-490-mastic-rd/4g6aQT--TTa1NREDTzbo-w,mastic-beach-new-york
https://www.ubereats.com/nyc-suburbs/food-delivery/sunny-%26-fines-breakfast-burritos/NZnVXLLOSgmoMgYJIOlh-g,mastic-beach-new-york
https://www.ubereats.com/nyc-suburbs/food-delivery/sobol-mastic-beach/ffpTjQbjT4O_PylwCCC_Dg,mastic-beach-new-york
https://www.ubereats.com/nyc-suburbs/food-delivery/sunshine-deli/2N4Ay_yeRUautDUVfYxE1A,mastic-beach-new-york
https://www.ubereats.com/nyc-suburbs/food-delivery/joes-pizzeria-%26-restaurant/8ZniCKdhSn6Zbg-pcoHkQw,mastic-beach-new-york
https://www.ubereats.com/nyc-suburbs/food-delivery/cajun-claws/-DxMt2hHRkyuSsJ-6lNBBQ,mastic-beach-new-york
https://www.ubereats.com/nyc-suburbs/food-delivery/castaway-cafe/Vs8NApUZRqeYlhNzZdRKnQ,mastic-beach-new-york
https://www.ubereats.com/nyc-suburbs/food-delivery/burger-king-862-montauk-hwy/lPNAqfLTQ26HQYwJ2mY9IA,mastic-beach-new-york
https://www.ubereats.com/nyc-suburbs/food-delivery/jackees-jamaican-cafe/JH5b70RQR6CIkuFMABaukw,mastic-beach-new-york
https://www.ubereats.com/nyc-suburbs/food-delivery/wendys-774-montauk-highway/bxsdtOV-S5KTvVAS12aXTg,mastic-beach-new-york
https://www.ubereats.com/nyc-suburbs/food-delivery/boston-market-803-montauk-highway/WZfYt2lqTAyWLdJCpvESyQ,mastic-beach-new-york
https://www.ubereats.com/nyc-suburbs/food-delivery/pollo-sabroson/PclkXsbxT0e0T2aSlp2zfQ,mastic-beach-new-york
https://www.ubereats.com/nyc-suburbs/food-delivery/carvel-1289-middle-country-road/5hnY1EURSy6iwIdgY9EVeA,mastic-beach-new-york
https://www.ubereats.com/nyc-suburbs/food-delivery/hamza-halal-food/xPvNhTDRQY2FYnVZiVYavQ,mastic-beach-new-york
https://www.ubereats.com/nyc-suburbs/food-delivery/subway-755-montauk-hwy/8GERRvLMROe9BGKWpykBqQ,mastic-beach-new-york
https://www.ubereats.com/nyc-suburbs/food-delivery/taco-bell-551-william-floyd-parkway/psiMpNAeSVGiVmkGIov5SQ,mastic-beach-new-york
https://www.ubereats.com/nyc-suburbs/food-delivery/burgerology-patchogue/hSzBt2b1TrO0yvyC7grJiQ,mastic-beach-new-york
https://www.ubereats.com/nyc-suburbs/food-delivery/georges-luncheonette-patchogue/8zo7x8cjQ0yO9HuebiSODQ,mastic-beach-new-york
https://www.ubereats.com/nyc-suburbs/food-delivery/crazy-crepe-cafe/QAv5T03tRZS_X8fChqAjfg,mastic-beach-new-york
https://www.ubereats.com/nyc-suburbs/food-delivery/crumbs-on-main/2nC4DPwnQyi8emovXJ4-Nw,mastic-beach-new-york
https://www.ubereats.com/nyc-suburbs/food-delivery/taco-bell-174-medford-avenue/FKb7JniOQX2rTiNv1E7HWA,mastic-beach-new-york
https://www.ubereats.com/nyc-suburbs/food-delivery/that-meetball-place-patchogue/s-UikbXUTsuE31KtmiY5SA,mastic-beach-new-york
https://www.ubereats.com/nyc-suburbs/food-delivery/new-rooster-kitchen/3dcXFiNmRgaFbDHgEKzvkQ,mastic-beach-new-york
https://www.ubereats.com/nyc-suburbs/food-delivery/dunkin-1495-montauk-hwy/d6zmXrneT52-WzEYkwRMbA,mastic-beach-new-york
https://www.ubereats.com/nyc-suburbs/food-delivery/tonys-sushi-%26-steakhouse/ccoOMddXQ469_5ORgU8bpg,mastic-beach-new-york
https://www.ubereats.com/nyc-suburbs/food-delivery/medford-pastaria/zi8aUGOtT2Sz3-sEGrLq8A,mastic-beach-new-york
https://www.ubereats.com/nyc-suburbs/food-delivery/tonys-sushi/-Hm8LZaeSvuKq_hId_0fFg,mastic-beach-new-york
https://www.ubereats.com/nyc-suburbs/food-delivery/la-buena-vida/t9zL-gTZSrOONrsOUEM7_g,mastic-beach-new-york
https://www.ubereats.com/nyc-suburbs/food-delivery/dba-bagel-cafe/w_bJc5SQQE2urIYAk1i-SA,mastic-beach-new-york
https://www.ubereats.com/nyc-suburbs/food-delivery/checkers-550-william-floyd-pkwy/X9ywdjfgSZCqn92jFniIhA,mastic-beach-new-york
https://www.ubereats.com/nyc-suburbs/food-delivery/carman-street-deli/Au5MvHdMS3qo2n3uZOZ_-Q,mastic-beach-new-york
https://www.ubereats.com/nyc-suburbs/food-delivery/bagels-your-way-medford/n6N52GjkSju_Egt5tPNm8A,mastic-beach-new-york
https://www.ubereats.com/nyc-suburbs/food-delivery/subway-895a-montauk-hwy/ERTdAl3ORCiW2nFcNpMlOA,mastic-beach-new-york
https://www.ubereats.com/nyc-suburbs/food-delivery/kfc-533-medford-ave/EaAh6aoUQ0KWdDy5nwYgbw,mastic-beach-new-york
https://www.ubereats.com/nyc-suburbs/food-delivery/jcs-restaurant/lVls8-7KTfChiJUhMbKx7Q,mastic-beach-new-york
https://www.ubereats.com/nyc-suburbs/food-delivery/super-deli/4GRoSge0Tx62yYzkDjCmiQ,mastic-beach-new-york
https://www.ubereats.com/nyc-suburbs/food-delivery/dairy-queen-grill-%26-chill-2846-rt-112/0IJWSvWJSLqPB_j_TmaWqw,mastic-beach-new-york
https://www.ubereats.com/nyc-suburbs/food-delivery/5-brothers-fried-chicken-and-waffles/MeB_EU_7SHavqYaomhyVRA,mastic-beach-new-york
https://www.ubereats.com/nyc-suburbs/food-delivery/nazs-halal-food-456-william-floyd-parkway/lgs3_O9AS7qMGp0a6DglMA,mastic-beach-new-york
https://www.ubereats.com/nyc-suburbs/food-delivery/sammy-a-vegan-boy/0XOxNiVhSqC-dKXbOPIBQQ,mastic-beach-new-york
https://www.ubereats.com/nyc-suburbs/food-delivery/bernies-family-pizzeria/CxBmaU-tQ2Ghw-CAByrCBA,mastic-beach-new-york
https://www.ubereats.com/nyc-suburbs/food-delivery/dunkin-545-william-floyd-pkwy/fUuykizxSiy7XFB0o21czg,mastic-beach-new-york
https://www.ubereats.com/nyc-suburbs/food-delivery/valentina-brick-oven/5yxwKhB6TE6z7MaRP5Snvw,mastic-beach-new-york
https://www.ubereats.com/nyc-suburbs/food-delivery/friendlys-940-montauk-hwy/gV2YJZntQtysYoQb4Cbq9g,mastic-beach-new-york
https://www.ubereats.com/nyc-suburbs/food-delivery/del-fuego-patchogue/02Q7TXqrQj6nt8POWoxKuQ,mastic-beach-new-york
https://www.ubereats.com/nyc-suburbs/food-delivery/go-burger-ridge-ny/Y-vm4MBcTHyEsTMJxzNlTw,mastic-beach-new-york
https://www.ubereats.com/nyc-suburbs/food-delivery/country-cottage-diner-center-moriches/SZgcszyYRAe5FHn8zMLHgw,mastic-beach-new-york
https://www.ubereats.com/nyc-suburbs/food-delivery/crispys-*/B7U_gw4cTiKiJB-yy1qH8g,mastic-beach-new-york
