url,city
https://www.ubereats.com/charlotte/food-delivery/royal-biryani-fine-indian-cuisine/JpuI1Z_2TQCAYs3sO1vv1g,matthews-north-carolina
https://www.ubereats.com/charlotte/food-delivery/little-big-burger-rea-farms/ZE6xJKudSOCzXf5JSQ4KhQ,matthews-north-carolina
https://www.ubereats.com/charlotte/food-delivery/rosatis-pizza/UfVELVAmTBKHRgUKV4caOQ,matthews-north-carolina
https://www.ubereats.com/charlotte/food-delivery/red-robin-423-3415-toringdon-way/EASmKx-tRea6f2Bxka8kdg,matthews-north-carolina
https://www.ubereats.com/charlotte/food-delivery/tropical-smoothie-cafe-promenade-shopping-center/5UsTo1x1Rvm5AsdmSe9rvg,matthews-north-carolina
https://www.ubereats.com/charlotte/food-delivery/tropical-smoothie-cafe-9695-redstone-drive/6P8pOR6ySI6VLLMWqgQMuA,matthews-north-carolina
https://www.ubereats.com/charlotte/food-delivery/anzi-pizzeria/A1bHb3x9SbGb_Q8AFvlElw,matthews-north-carolina
https://www.ubereats.com/charlotte/food-delivery/rock-store-bar-b-q/8qasQxNVQU6Ir627tNsgmg,matthews-north-carolina
https://www.ubereats.com/charlotte/food-delivery/grabbagreen-ballantyne/Dyq6_wudQfe6w7zBzO1Zpw,matthews-north-carolina
https://www.ubereats.com/charlotte/food-delivery/firehouse-subs-2319-w-roosevelt-blvd-ste-d/S5FfSHocTRqCFOIxVPqoWA,matthews-north-carolina
https://www.ubereats.com/charlotte/food-delivery/jersey-mikes-subs-8121-kensington-drive/uJk4puAHRqCXm-nTWXHeJw,matthews-north-carolina
https://www.ubereats.com/charlotte/food-delivery/bojangles-famous-chicken-%26-biscuits-897-6120-e-independence-blvd/9usOghfiR3qktPw5vTjm7Q,matthews-north-carolina
https://www.ubereats.com/charlotte/food-delivery/jenis-splendid-ice-cream-noda/FgrZFXjnSMqnaDoPBLkvrw,matthews-north-carolina
https://www.ubereats.com/charlotte/food-delivery/pei-wei-13855-conlan-circle-suite-j/nwc7iJiZRyaalSGbshve7w,matthews-north-carolina
https://www.ubereats.com/charlotte/food-delivery/treehouse-bourbon-%26-bbq/_HX8hoczQaOaehj3IcLpsg,matthews-north-carolina
https://www.ubereats.com/charlotte/food-delivery/steak-n-hoagie-shop/Os3XVg4oTgeF9OIv1dvNXg,matthews-north-carolina
https://www.ubereats.com/charlotte/food-delivery/tabla-indian-restaurant/zM628n4kR76cYX44SLIlqw,matthews-north-carolina
https://www.ubereats.com/charlotte/food-delivery/subway-308-a-unionville-indian-trail/6bRCGBmgTH-6z0vbtwuOvA,matthews-north-carolina
https://www.ubereats.com/charlotte/food-delivery/krispy-kreme-10092-charlotte-hwyste-108/Y1srPMyWRa-lGc88-amOOw,matthews-north-carolina
https://www.ubereats.com/charlotte/food-delivery/shake-shake-seafood/vCSXb_5iRiepT0epAG383Q,matthews-north-carolina
https://www.ubereats.com/charlotte/food-delivery/moes-2925-monroe-way/4q6tWg9FTuWDCUx_Q1pIBA,matthews-north-carolina
https://www.ubereats.com/charlotte/food-delivery/outback-steakhouse-1412-east-boulevard-suite-a/Qkc6zGh-RQWOltkvR_JI9Q,matthews-north-carolina
https://www.ubereats.com/charlotte/food-delivery/artisen-matthews/005z21ujRqiPYZhu6tUeFg,matthews-north-carolina
https://www.ubereats.com/charlotte/food-delivery/jets-pizza-matthews/8KUf9MxgT32I9yOe8bW27A,matthews-north-carolina
https://www.ubereats.com/charlotte/food-delivery/cracker-barrel-old-country-store-9330-e-independence-blvd/b7scdG2STruq8wEvRsEMCA,matthews-north-carolina
https://www.ubereats.com/charlotte/food-delivery/rios-brazilian-steakhouse/_3Nbx_AGSTux3ka7Xb8GHw,matthews-north-carolina
https://www.ubereats.com/charlotte/food-delivery/south-main-st-bbq/zDg8thKXRxeYxUeD4WXE_A,matthews-north-carolina
https://www.ubereats.com/charlotte/food-delivery/zaxbys-1930-sardis-rd-n/isbmehzvSoCoB_Hg_1uxIg,matthews-north-carolina
https://www.ubereats.com/charlotte/food-delivery/zoes-kitchen-9848-rea-road-ste-g/zedCE-YrR4uOoGV4X6x2pA,matthews-north-carolina
https://www.ubereats.com/charlotte/food-delivery/sushi-101-the-promenade/k-Cxf9gDRUmDk1M1qwJxuA,matthews-north-carolina
https://www.ubereats.com/charlotte/food-delivery/chipotle-mexican-grill-2921-providence-rd-ste-100/DVLTUDDhQKycDxRlZenjow,matthews-north-carolina
https://www.ubereats.com/charlotte/food-delivery/the-pizza-peelmatthews/75pY0GmjQLGFWXWZIr_EgQ,matthews-north-carolina
https://www.ubereats.com/charlotte/food-delivery/9-spices-indian-cuisine/Im2ED925S8yjTUFiMJIw0Q,matthews-north-carolina
https://www.ubereats.com/charlotte/food-delivery/thai-1st-%40-blakeney/B8zIJTT5TwmQb1BK6gyeZA,matthews-north-carolina
https://www.ubereats.com/charlotte/food-delivery/outback-steakhouse-9623-east-independence-boulevard/ulHMI31PSjGV1PeP86R0KQ,matthews-north-carolina
https://www.ubereats.com/charlotte/food-delivery/the-habit-burger-grill-209-s-kings-dr-suite-103/ovK-vlexS-GfFO80UfDf0A,matthews-north-carolina
https://www.ubereats.com/charlotte/food-delivery/golden-corral-11025-e-independence-blvd/XvAyWLXSR7eKfpQw4P0SzQ,matthews-north-carolina
https://www.ubereats.com/charlotte/food-delivery/arbys-7734/wjWjw_LES8WL7jLCBosKoA,matthews-north-carolina
https://www.ubereats.com/charlotte/food-delivery/five-guys-nc-1966/w74vJu2QQIaMJYN1qTgFPA,matthews-north-carolina
https://www.ubereats.com/charlotte/food-delivery/zaika-express-nepali-%26-thai/Q5RRasbWROSEca3soL1tqA,matthews-north-carolina
https://www.ubereats.com/charlotte/food-delivery/louisiana-famous-fried-chicken-e-wt-harris-blvd-nc/mRQA5iS7RNe3-PMofuvkkg,matthews-north-carolina
https://www.ubereats.com/charlotte/food-delivery/hazelnuts-creperie-indian-land-sc/ryo5TtyLRlix0xDiNeXEGg,matthews-north-carolina
https://www.ubereats.com/charlotte/food-delivery/taco-bell-13710-independence-blvd/mx8YdqXMS3KbhqTwV6absw,matthews-north-carolina
https://www.ubereats.com/charlotte/food-delivery/flemings-prime-steakhouse-%26-wine-bar-charlotte/gXrjuLACReW1VYnqLnJwRw,matthews-north-carolina
https://www.ubereats.com/charlotte/food-delivery/american-burger-company-indian-trail/nXqImZg-RYOlU14VJ6n-_g,matthews-north-carolina
https://www.ubereats.com/charlotte/food-delivery/anzi-pizzeria-%26-pasta/43iNRJEDRHyfi_lwLqDgQw,matthews-north-carolina
https://www.ubereats.com/charlotte/food-delivery/sabor-latin-street-grill-matthews/ExnSa5ukS5uM0rFNJXJZHQ,matthews-north-carolina
https://www.ubereats.com/charlotte/food-delivery/zaxbys-13967-east-independence-blvd/4RwXe6GJTg-bnEJY_aCBTQ,matthews-north-carolina
https://www.ubereats.com/charlotte/food-delivery/buffalo-wild-wings-2530-sardis-rd-n/ylfhmZu6RmmEKXV7n8ZlKg,matthews-north-carolina
https://www.ubereats.com/charlotte/food-delivery/9401-bonefish-grill-10056-e-independence-blvd/JQhZIMRrQKmBvaynDxOnyA,matthews-north-carolina
https://www.ubereats.com/charlotte/food-delivery/deep-sea-seafood-market/WXqcFUZvTwux7o2eT9au5Q,matthews-north-carolina
https://www.ubereats.com/charlotte/food-delivery/sabor-latin-street-grill-south-park/9jyftXEjTj-p4xIqiKqSLA,matthews-north-carolina
https://www.ubereats.com/charlotte/food-delivery/mint-hill-rockstore-bbq/NxJecKA8RAS4tyfgqCyFdw,matthews-north-carolina
https://www.ubereats.com/charlotte/food-delivery/azteca-mexican-restaurant-matthews/4N_EgnpgQDaib8XO6EYydA,matthews-north-carolina
https://www.ubereats.com/charlotte/food-delivery/five-guys-nc-0480-8020-providence-rd/Qnn5bb0cQJiK0tDxtMmRWA,matthews-north-carolina
https://www.ubereats.com/charlotte/food-delivery/krispy-kreme-119-n-sharon-amity-road/GDZatKmCRvaxdxig8onfZA,matthews-north-carolina
https://www.ubereats.com/charlotte/food-delivery/bojangles-famous-chicken-%26-biscuits-551-9075-lawyers-rd/JONB7rUQRnW-snItVLNsoQ,matthews-north-carolina
https://www.ubereats.com/charlotte/food-delivery/dunkin-7001-matthews-mint-hill-rd-suite-a/GEPd2j5nTnGpZ2dP9ZU5sA,matthews-north-carolina
https://www.ubereats.com/charlotte/food-delivery/boston-market-9550-e-independence-blvd/nooSBO0NSXmR1pCRUTqm1Q,matthews-north-carolina
https://www.ubereats.com/charlotte/food-delivery/chaatndosa/3L1yqPTvQrSlbbsrQaPpzQ,matthews-north-carolina
https://www.ubereats.com/charlotte/food-delivery/mi-pueblo-charlotte-sardis/OL0c7EiZRde1A4CUtx0XAA,matthews-north-carolina
https://www.ubereats.com/charlotte/food-delivery/shake-shack-9824-rea-road/5zlijJ6QSOKoOmUjTiPQRQ,matthews-north-carolina
https://www.ubereats.com/charlotte/food-delivery/taco-bell-2517-cuthbertson-road/hXTuf-HlQPWYXPZCSHEFSw,matthews-north-carolina
https://www.ubereats.com/charlotte/food-delivery/wendys-1801-n-sardis-road/uFNFjjoXT2-BBmdp8Z1dXg,matthews-north-carolina
https://www.ubereats.com/charlotte/food-delivery/potbelly-sandwich-shop-11611-n-community-house-rd/wbxTI0sIRFyfg5aYX2V_zA,matthews-north-carolina
https://www.ubereats.com/charlotte/food-delivery/noodles-%26-company-8016-providence-road-suite-150/NV5NNjvWTrO5nI8LCpPkTw,matthews-north-carolina
https://www.ubereats.com/charlotte/food-delivery/brusters-real-ice-cream-545-w-john-st/lK-MQz5tSrqMlxEQdnUQmg,matthews-north-carolina
https://www.ubereats.com/charlotte/food-delivery/chipotle-mexican-grill-7800-rea-rd-ste-f/-qwVZvlKSd-9Tl1PHjOw3A,matthews-north-carolina
https://www.ubereats.com/charlotte/food-delivery/on-the-border-providence-road/AlzWLOERTROcuosGBmLahQ,matthews-north-carolina
https://www.ubereats.com/charlotte/food-delivery/bojangles-famous-chicken-%26-biscuits-930-1604-galleria-blvd/jxVyB7AlRHWFQXgxCPhXyQ,matthews-north-carolina
https://www.ubereats.com/charlotte/food-delivery/teds-restaurant-charlotte/f0rq_d6_QTSjssOGhJwaQA,matthews-north-carolina
https://www.ubereats.com/charlotte/food-delivery/flying-biscuit-cafe-stonecrest/h3imgbMcQ7Kim1cuQfIZfA,matthews-north-carolina
https://www.ubereats.com/charlotte/food-delivery/sensi/P-YeHYfrRLKPQakIkCNulQ,matthews-north-carolina
https://www.ubereats.com/charlotte/food-delivery/dunkin-3114-fincher-farm-rd-suite-100/3pSOJ-XxSzu9NdDvmT2RRw,matthews-north-carolina
https://www.ubereats.com/charlotte/food-delivery/firehouse-subs-14039-highway-74-e/42e3AUHFRZCLykWX7FADTA,matthews-north-carolina
https://www.ubereats.com/charlotte/food-delivery/bahia-de-gracias/m2r_1IMcRre8wwAWRb7qWg,matthews-north-carolina
https://www.ubereats.com/charlotte/food-delivery/gogo-empanadas/PF73164eQfquoVAuoznXfg,matthews-north-carolina
https://www.ubereats.com/charlotte/food-delivery/crunch-bistro-piper-glenn-estates/la4TetkBSLawH0vwu69kXw,matthews-north-carolina
https://www.ubereats.com/charlotte/food-delivery/firehouse-subs-windsor/RRroi-_cSEWyqWw-wgzDrw,matthews-north-carolina
https://www.ubereats.com/charlotte/food-delivery/wayback-burger-7014-tutor-street-suite-a/YeziUYtYTjqpxvnjzxmHJg,matthews-north-carolina
https://www.ubereats.com/charlotte/food-delivery/sileos-new-york-indian-trail/DZ7d_dMpSkmV9VET596r8A,matthews-north-carolina
https://www.ubereats.com/charlotte/food-delivery/applebees-9616-east-independence-blvd/xoxvJq9rQ2ORlrD9TvuB2w,matthews-north-carolina
https://www.ubereats.com/charlotte/food-delivery/bella-fresco-by-nayeb/rJG0302CReOtd61sJrE4xg,matthews-north-carolina
https://www.ubereats.com/charlotte/food-delivery/true-crafted-pizza-piper-glenn-estates/1Wge1eXXTSybJ9FLeYeuIw,matthews-north-carolina
https://www.ubereats.com/charlotte/food-delivery/taco-bell-9915-charlotte-hwy/N06PcdXcTQqMk-eeKOAu6w,matthews-north-carolina
https://www.ubereats.com/charlotte/food-delivery/carolina-ale-house-charlotte-waverly/p1QFMR3QR8iVZ1dEQ5xJVg,matthews-north-carolina
https://www.ubereats.com/charlotte/food-delivery/qdoba-matthews/pFLSK6U-R8u3SBDoePPe4A,matthews-north-carolina
https://www.ubereats.com/charlotte/food-delivery/salsaritas-8400-park-rd/G_K7a2UOT8G3y1g94pK1IA,matthews-north-carolina
https://www.ubereats.com/charlotte/food-delivery/burger-king-7026-albemarle-road/NUzKkFlETgqcg_3WWVLrLw,matthews-north-carolina
https://www.ubereats.com/charlotte/food-delivery/taco-bell-2104-w-roosevelt-blvd/R_GJ3L74TBOvTAoDtG83zw,matthews-north-carolina
https://www.ubereats.com/charlotte/food-delivery/bisonte-pizza-co-matthews/XidaqDPUQlinHBCcgyF1rA,matthews-north-carolina
https://www.ubereats.com/charlotte/food-delivery/jersey-mikes-subs-ballantyne/CqPQdkUvSwusl6Yvo2IJzg,matthews-north-carolina
https://www.ubereats.com/charlotte/food-delivery/firehouse-subs-waverly/E830cTaTQ1-5gtObjqm8Vw,matthews-north-carolina
https://www.ubereats.com/charlotte/food-delivery/panera-1904-matthews-township-parkway/NVldxlXrSPKsWy_jkG_ncg,matthews-north-carolina
https://www.ubereats.com/charlotte/food-delivery/moes-southwest-grill-9623-redstone-drive-%23100/AiBTdMeISyO5RTSTKSznoA,matthews-north-carolina
https://www.ubereats.com/charlotte/food-delivery/five-guys-nc-0117-9820-rea-rd/XC_OPwSIRROmkiNokKkeQA,matthews-north-carolina
https://www.ubereats.com/charlotte/food-delivery/mcdonalds-11620-waverly-center-drive/xk2Zd3IURcSOptOlabbmOg,matthews-north-carolina
https://www.ubereats.com/charlotte/food-delivery/kfc-13900-us-highway-74/QXcfzMMWRP67kNC9zGxpPA,matthews-north-carolina
https://www.ubereats.com/charlotte/food-delivery/popeyes-louisiana-kitchen-1729-sardis-road/LbCUJnz0ScKVWOuLVjo84w,matthews-north-carolina
https://www.ubereats.com/charlotte/food-delivery/taco-bell-1800-e-woodlawn-rd/8pDZqLJaSQqSU702m7yhPw,matthews-north-carolina
https://www.ubereats.com/charlotte/food-delivery/hazelnuts-creperie-blakeney/30agjsLLReOFaE-Tl5Oz3A,matthews-north-carolina
https://www.ubereats.com/charlotte/food-delivery/sas-cupcake/7ZiRCUAcQKykRLCPGaL7Sg,matthews-north-carolina
https://www.ubereats.com/charlotte/food-delivery/arbys-9923-sandy-rock-place/lAZwKmokQbm1YujPTt-sTw,matthews-north-carolina
https://www.ubereats.com/charlotte/food-delivery/the-improper-pig-rea-farm/rUu0oPYvTYKK7jOsxoeMQQ,matthews-north-carolina
https://www.ubereats.com/charlotte/food-delivery/dunkin-2570-w-roosevelt-blvd/Hp0gUMcqRiyz_eQrwa2csQ,matthews-north-carolina
https://www.ubereats.com/charlotte/food-delivery/your-moms-donuts/NHtgKfz-R2CZSkF34-vuvg,matthews-north-carolina
https://www.ubereats.com/charlotte/food-delivery/mcdonalds-charlotte-nc-meridian-place/S1lk2s-RSnijbwME5Cn06g,matthews-north-carolina
https://www.ubereats.com/charlotte/food-delivery/salsaritas-9941-rea-rd/8xppAvrjSNmlYzQg-ymccg,matthews-north-carolina
https://www.ubereats.com/charlotte/food-delivery/qdoba-piper-glenn-estates/OJTs4gkcQi2t2LeoqYXqkQ,matthews-north-carolina
https://www.ubereats.com/charlotte/food-delivery/starbucks-sycamore-commons/A2l2JbMIQx28skmx-ZWwSw,matthews-north-carolina
https://www.ubereats.com/charlotte/food-delivery/tcby-plantation-market/hZAYsCkkTpKQZ56YkKAajQ,matthews-north-carolina
https://www.ubereats.com/charlotte/food-delivery/showmars-matthews/JNs5xhAjQrSRnAXoW1_-3A,matthews-north-carolina
https://www.ubereats.com/charlotte/food-delivery/growler-usa-indian-trail/vuC_y9XCQf6DD34IPHP0UA,matthews-north-carolina
https://www.ubereats.com/charlotte/food-delivery/cinnaholic-indian-trail/1Zhy__HEQoyDyTe3sY-x4Q,matthews-north-carolina
https://www.ubereats.com/charlotte/food-delivery/wendys-13810-independence-blvd/4Fx5eR8jTXWIDnwPZTSejg,matthews-north-carolina
https://www.ubereats.com/charlotte/food-delivery/pf-changs-6809-phillips-place-ct-suite-f/u2XkAyUyTICqBTkgaXR4Iw,matthews-north-carolina
https://www.ubereats.com/charlotte/food-delivery/subway-3209-pineville-matthews-rd/stR9wkTdRJ61F3LIRwI6Gg,matthews-north-carolina
https://www.ubereats.com/charlotte/food-delivery/bojangles-famous-chicken-%26-biscuits-869-6550-old-monroe-road/ImkKpYZHSauEfG5eSEc-JA,matthews-north-carolina
https://www.ubereats.com/charlotte/food-delivery/einstein-bros-bagels-13736-conlan-cir/0f8AAIQHTdWRuG_PtcrPww,matthews-north-carolina
https://www.ubereats.com/charlotte/food-delivery/bay-leaf-indian-grill/tuBgU2GdQD6XfJfgeF3P-A,matthews-north-carolina
https://www.ubereats.com/charlotte/food-delivery/mod-pizza-strawberry-hill/4F_L3ojfSAqpjKdmjM4fTA,matthews-north-carolina
https://www.ubereats.com/charlotte/food-delivery/los-paisas-montibello/_70g2LeAQaKpe-OLSscANg,matthews-north-carolina
https://www.ubereats.com/charlotte/food-delivery/mr-pollo-rotisserie-chicken/zu3OR4fzRRuXiCwLZJUhyw,matthews-north-carolina
https://www.ubereats.com/charlotte/food-delivery/mcdonalds-windsor-square/c3mUfG-7SwCbQHTnKr3Jrg,matthews-north-carolina
https://www.ubereats.com/charlotte/food-delivery/dunkin-7845-colony-rd/NYkPff-dRGCqy48FG_pJeQ,matthews-north-carolina
https://www.ubereats.com/charlotte/food-delivery/mcalisters-deli-8046-d-providence-road/USNHI5wAR_Ogfbl5Y03dpA,matthews-north-carolina
https://www.ubereats.com/charlotte/food-delivery/boston-market-829-providence-road/COd-tmuoR7GdqRgeUXXGRQ,matthews-north-carolina
https://www.ubereats.com/charlotte/food-delivery/bamboo-seven-asian-cuisine/nA8HDJXdTnO9NYv-N0s6Fw,matthews-north-carolina
https://www.ubereats.com/charlotte/food-delivery/burger-21-charlotte-ballantyne/ctF_PG77SOC6nQkO6ODQwg,matthews-north-carolina
https://www.ubereats.com/charlotte/food-delivery/quiznos-sub-province/RP8uMPiSTo6pigtwoO5Rig,matthews-north-carolina
https://www.ubereats.com/charlotte/food-delivery/umami-sushi-%26-grill-matthews/BJULWCp-Qvyo59QXPHJ2-g,matthews-north-carolina
https://www.ubereats.com/charlotte/food-delivery/sante/emWBrJ62SuOLgKaicFELNg,matthews-north-carolina
https://www.ubereats.com/charlotte/food-delivery/swirl/E7ESkMRwSE20DHrsA3ye2Q,matthews-north-carolina
https://www.ubereats.com/charlotte/food-delivery/arbys-6875/irq9GReAQCSOxrMHpJdf-A,matthews-north-carolina
https://www.ubereats.com/charlotte/food-delivery/mamas-pizza-%26-pasta-matthews/H3SS4oqKRMi-2_yy1FxUOg,matthews-north-carolina
https://www.ubereats.com/charlotte/food-delivery/dunkin-4920-old-sardis-rd/cgBRQcafSpq6wSEN-DOIdg,matthews-north-carolina
https://www.ubereats.com/charlotte/food-delivery/mi-barrio/pWN-JBuQR3OZR-SvFUMHOw,matthews-north-carolina
https://www.ubereats.com/charlotte/food-delivery/ihop-492/clGwjj-3QwaQW0mUX0bMkA,matthews-north-carolina
https://www.ubereats.com/charlotte/food-delivery/kung-fu-tea-8200-providence-rd-ste-1000/5Jg46lxwT525HRhkLb2P1g,matthews-north-carolina
https://www.ubereats.com/charlotte/food-delivery/best-china/GtpGRxqqTKyk5dGi0tpizA,matthews-north-carolina
https://www.ubereats.com/charlotte/food-delivery/outback-steakhouse-8338-pineville-matthews-road/_gF5wGWPRAWOGkqbpKahuw,matthews-north-carolina
https://www.ubereats.com/charlotte/food-delivery/firebirds-wood-fired-grill-7716-rea-rd/NlqyOMSRTcuD3SkA-igyhQ,matthews-north-carolina
https://www.ubereats.com/charlotte/food-delivery/cantina-1511-stonecrest/1DIqRm0RSvy8wXezjtsROg,matthews-north-carolina
https://www.ubereats.com/charlotte/food-delivery/eggs-up-grill/AabGWtKHRFeoPq4CrK0Grw,matthews-north-carolina
https://www.ubereats.com/charlotte/food-delivery/smashburger-7804-rea-rd-suite-b-%26-c-bldg-e3/RYfmxffUROa0srgNJ6Bg_g,matthews-north-carolina
https://www.ubereats.com/charlotte/food-delivery/9409-bonefish-grill-7520-pineville-matthews-rd/Jbndo9JeRMyl_F3R83NDHA,matthews-north-carolina
https://www.ubereats.com/charlotte/food-delivery/metro-diner-matthews/ycB276-pTj-Kpq4hNHiOzw,matthews-north-carolina
https://www.ubereats.com/charlotte/food-delivery/shanes-rib-shack-2309-matthews-township/dCDNUmjAQK2g_wFZAnI_Vw,matthews-north-carolina
https://www.ubereats.com/charlotte/food-delivery/metro-diner-pineville/LKnKE1hNT36roVvOtyquPg,matthews-north-carolina
https://www.ubereats.com/charlotte/food-delivery/dunkin-9005-e-independence-blvd/2K7BRfvmQkau1HwZylXthQ,matthews-north-carolina
https://www.ubereats.com/charlotte/food-delivery/tcby-blakeney/U92fs2U2Tny0tQCMywmZ9A,matthews-north-carolina
https://www.ubereats.com/charlotte/food-delivery/ihop-14001-hwy-74-ste-a/Kew_LmPOTuG6HClPFZAClw,matthews-north-carolina
https://www.ubereats.com/charlotte/food-delivery/the-cupcake-queen/acPhO6qHQ564zH4xNH5GYQ,matthews-north-carolina
https://www.ubereats.com/charlotte/food-delivery/dunkin-6763-albemarle-rd/WMP1Q5O-TzWzha--Duaf_Q,matthews-north-carolina
https://www.ubereats.com/charlotte/food-delivery/aroojis-italian-ristorante/aehIMB7MQjyrJzQGDDNoLg,matthews-north-carolina
https://www.ubereats.com/charlotte/food-delivery/moes-6443-old-monroe-road/i5YnfGvGR-uy_k_wp62ikA,matthews-north-carolina
https://www.ubereats.com/charlotte/food-delivery/tropical-smoothie-cafe-sycamore-commons/rcOadv6yRcCYqQP7ZCysaQ,matthews-north-carolina
https://www.ubereats.com/charlotte/food-delivery/tonys-pizza-ballantyne/D5ZXTzQbTvKZYRCO8UyhOg,matthews-north-carolina
https://www.ubereats.com/charlotte/food-delivery/red-lobster-9801-independence-pt-pkwy/ebr6F2DdT3S70MMCCDYmVg,matthews-north-carolina
https://www.ubereats.com/charlotte/food-delivery/first-watch-6311-providence-farm-ln-%23100/FA-4a2GhSBmpJ2ul5FggVg,matthews-north-carolina
https://www.ubereats.com/charlotte/food-delivery/desano-pizza-waverly/8t4q8q2gQsWMvYYrSm9u7A,matthews-north-carolina
https://www.ubereats.com/charlotte/food-delivery/manolos-bakery-formerly-las-delicias-bakery/RlMPwXHQQ5ajtGT18965FA,matthews-north-carolina
https://www.ubereats.com/charlotte/food-delivery/mcdonalds-wendover/jjjtVKdDT6Wqdt9774VBZQ,matthews-north-carolina
https://www.ubereats.com/charlotte/food-delivery/kristophers-sports-bar-%26-grille/ypWn8Fb7RzyJZnOrDjHfSg,matthews-north-carolina
https://www.ubereats.com/charlotte/food-delivery/salsaritas-304-s-sharon-amity-rd/vohra1TrR8Ofpcu4T35XZw,matthews-north-carolina
https://www.ubereats.com/charlotte/food-delivery/senor-taco/tuY4aThMSP222t_XfMcsJg,matthews-north-carolina
https://www.ubereats.com/charlotte/food-delivery/starbucks-piper-glen/iWjdssMLSaa1Nu-SDW9stA,matthews-north-carolina
https://www.ubereats.com/charlotte/food-delivery/nothing-but-noodles-ballantyne/My2PZUu0QN2-RlQ_Mx2bEQ,matthews-north-carolina
https://www.ubereats.com/charlotte/food-delivery/clean-juice-7918-rea-road/XMjV0s2lRfm5-TaH7WYnsA,matthews-north-carolina
https://www.ubereats.com/charlotte/food-delivery/jersey-mikes-subs-8431-charlotte-hwy/-qBbIxVqSXmNvwI0Deb4aw,matthews-north-carolina
https://www.ubereats.com/charlotte/food-delivery/firebirds-wood-fired-grill-3920-sharon-road/0OskWWVZRdOcNeREGHgiLQ,matthews-north-carolina
https://www.ubereats.com/charlotte/food-delivery/sabor-latin-street-grill-noda/4fPuMhd7SEmRj21LvkZqrw,matthews-north-carolina
https://www.ubereats.com/charlotte/food-delivery/the-ice-cream-shop/rIPLsTiZR92W_SZjW39_FA,matthews-north-carolina
https://www.ubereats.com/charlotte/food-delivery/mod-pizza-indian-trail/mg9qC6-5SJe_CJ1tQ7RWGA,matthews-north-carolina
https://www.ubereats.com/charlotte/food-delivery/mcalisters-deli-9864-rea-road/EXKxNZzfRM60bs0zRF_E6Q,matthews-north-carolina
https://www.ubereats.com/charlotte/food-delivery/zoes-kitchen-2309-matthews-township-pkwy-suite-104/ktzKvqV1S3qY20z3fR8uPw,matthews-north-carolina
https://www.ubereats.com/charlotte/food-delivery/mcalisters-2803-west-highway-74/eFKP589MQiKNXeh4ub-8dw,matthews-north-carolina
https://www.ubereats.com/charlotte/food-delivery/smashburger-4400-randolph-rd/A4tcdTK1T16jxjuNg5qVpA,matthews-north-carolina
https://www.ubereats.com/charlotte/food-delivery/wendys-11145-e-independence-blvd/7mZ5sB0qTpmjud8R4gLQbg,matthews-north-carolina
https://www.ubereats.com/charlotte/food-delivery/chick-fil-a-9905-matthews-park-dr-po-box-3364/5Rv6Ln1yT-2Hn9kJV054fQ,matthews-north-carolina
https://www.ubereats.com/charlotte/food-delivery/captain-ds-9715-e-independence-blvd/9MZ515G0Tg-oJS0ndpz37g,matthews-north-carolina
https://www.ubereats.com/charlotte/food-delivery/pizza-spiga-matthews/6uV4HIx-SQqhDB1OVkEGCw,matthews-north-carolina
https://www.ubereats.com/charlotte/food-delivery/bojangles-famous-chicken-%26-biscuits-168-11137-e-ind-blvd/U2yJHeFETwGZCp6IqrxPPQ,matthews-north-carolina
https://www.ubereats.com/charlotte/food-delivery/tamarind/8ayzDMPrTCOr6CxmB1wkmw,matthews-north-carolina
https://www.ubereats.com/charlotte/food-delivery/jersey-mikes-subs-weddington/41BcRf1mTWWemDFgl2fpRA,matthews-north-carolina
https://www.ubereats.com/charlotte/food-delivery/rossinis-italian-restaurant-indian-trail/r9QOEUXTSuyYF5G2KkIP4g,matthews-north-carolina
https://www.ubereats.com/charlotte/food-delivery/bojangles-famous-chicken-%26-biscuits-459-4435-randolph-rd/KZcAJrsvRimGEP66aT7Hmg,matthews-north-carolina
https://www.ubereats.com/charlotte/food-delivery/fiesta-mexican-cuisine/0gpafhwGRAupDYnKeqbdKQ,matthews-north-carolina
https://www.ubereats.com/charlotte/food-delivery/starbucks-stonecrest/W9GYWp1PQRKndYMYWhKyRA,matthews-north-carolina
https://www.ubereats.com/charlotte/food-delivery/tropical-smoothie-cafe-11318-n-community-house-road-%23204/spx6hWARTe6Eq0QnI8Z9Qg,matthews-north-carolina
https://www.ubereats.com/charlotte/food-delivery/kfc-2021-w-roosevelt-boulevard/9JnX-9nBSMiUrCfHcfbqCA,matthews-north-carolina
https://www.ubereats.com/charlotte/food-delivery/starbucks-promenade/hVT4wIqLRQmTCTFiAXHpDg,matthews-north-carolina
https://www.ubereats.com/charlotte/food-delivery/chipotle-mexican-grill-11619-waverly-center-dr/R5LgmCcZTTGubkHzttPSGg,matthews-north-carolina
https://www.ubereats.com/charlotte/food-delivery/tropical-bakery-cafe/fqtX1Y-ISjKidmU1S9_WXA,matthews-north-carolina
https://www.ubereats.com/charlotte/food-delivery/sunflour-baking-company-ballantyne/SM8KDGEQQ6eAtwrQ3x5JtQ,matthews-north-carolina
https://www.ubereats.com/charlotte/food-delivery/tonys-pizza-galleria-blvd/QuRe8R0RTRWGpfzvwuZ1kA,matthews-north-carolina
https://www.ubereats.com/charlotte/food-delivery/wendys-7712-rea-rd/mGY83J04RVKRBTtpZAt11A,matthews-north-carolina
https://www.ubereats.com/charlotte/food-delivery/marcos-14035-e-independence-blvd/dkPFZH8bTtirgbwiuz3x3A,matthews-north-carolina
https://www.ubereats.com/charlotte/food-delivery/bojangles-famous-chicken-%26-biscuits-515-13812-hwy-74-east/JUQun3snS4GEoi6aZiMylw,matthews-north-carolina
https://www.ubereats.com/charlotte/food-delivery/pio-pio-chicken/_dyGTufJR12YI72x_iiiwA,matthews-north-carolina
https://www.ubereats.com/charlotte/food-delivery/first-watch-1643-matthews-township-pkwy/IiERjeaURV6wEKZVs-icYg,matthews-north-carolina
https://www.ubereats.com/charlotte/food-delivery/showmars-providence-commons/IwNTEw91SjyzFI0T6B5_Kw,matthews-north-carolina
https://www.ubereats.com/charlotte/food-delivery/brusters-real-ice-cream-nc/IkSNqvoIR2atAlSSFNyXtg,matthews-north-carolina
https://www.ubereats.com/charlotte/food-delivery/zapatas-cantina-mexican-restaurant/KtC4xb2tRT-TkjcfsbQQ6w,matthews-north-carolina
https://www.ubereats.com/charlotte/food-delivery/cicis-pizza-charlotte/LLOZ24-NQOS6dCiJSq-5GQ,matthews-north-carolina
https://www.ubereats.com/charlotte/food-delivery/dunkin-14055-hwy-74-west/OP02t3XrSyuUZht0cJvwGA,matthews-north-carolina
https://www.ubereats.com/charlotte/food-delivery/tacos-ricko/0HwakJ16QwOjAFP_QiyCvw,matthews-north-carolina
https://www.ubereats.com/charlotte/food-delivery/sabor-latin-street-grill-indian-trail/55JZ7NcOQ3ax3v4hqAFfsQ,matthews-north-carolina
https://www.ubereats.com/charlotte/food-delivery/american-burger-company-southpark/WBFmrc1TRfSnxsZ1M9oiag,matthews-north-carolina
https://www.ubereats.com/charlotte/food-delivery/mod-pizza-matthews/Q-xpXCxqTla5sGjP5mnwSQ,matthews-north-carolina
https://www.ubereats.com/charlotte/food-delivery/dunkin-6405-old-monroe-rd/W4XxOH11QrW8XUGwDy-FZg,matthews-north-carolina
https://www.ubereats.com/charlotte/food-delivery/cava-6307-providence-farm-lane/teuW6FJsQfyOV2Ylg6dXMA,matthews-north-carolina
https://www.ubereats.com/charlotte/food-delivery/chipotle-mexican-grill-1909-matthews-township-pkwy/TLMF2gQAR2-D_VgnRkInpw,matthews-north-carolina
https://www.ubereats.com/charlotte/food-delivery/steak-n-shake-9700-s-south-blvd/agdld3iPSFWPxHqGHECIoA,matthews-north-carolina
https://www.ubereats.com/charlotte/food-delivery/wendys-6849-matthews-mint-hill-rd/pOh7bZSSRZCjotqwLOcpXw,matthews-north-carolina
https://www.ubereats.com/charlotte/food-delivery/mainely-cupcakes/Ieb8f1scRuum9BPmD_0sNA,matthews-north-carolina
https://www.ubereats.com/charlotte/food-delivery/starbucks-tom-short-rd-%26-rea-rd/Lu3a0XXNQBiXpqT9flX4RA,matthews-north-carolina
https://www.ubereats.com/charlotte/food-delivery/honey-baked-ham-pineville-matthews-rd/WXS_CCx2Q_uVngp63cWqyg,matthews-north-carolina
https://www.ubereats.com/charlotte/food-delivery/american-burger-piper-glenn-estates/URN8yR-pR5eQhcAy4FB2Iw,matthews-north-carolina
https://www.ubereats.com/charlotte/food-delivery/boardwalk-billys-crown-point/JDCLJ5GwS22WV3BQp5UO-g,matthews-north-carolina
https://www.ubereats.com/charlotte/food-delivery/wendys-11640-providence-road/tEsb0TGhTouXNY7EPupuSg,matthews-north-carolina
https://www.ubereats.com/charlotte/food-delivery/great-wall-of-china-south-montibello/NdzmertRT6mKsMTM3RiYTQ,matthews-north-carolina
https://www.ubereats.com/charlotte/food-delivery/krispy-kreme-9301-east-independence-boulevard/QpI6bzAuSLKofYqhRNS8wQ,matthews-north-carolina
https://www.ubereats.com/charlotte/food-delivery/qdoba-siskey-pkwy/U13p3pDGTFWwgcEDuohkhw,matthews-north-carolina
https://www.ubereats.com/charlotte/food-delivery/libretto-pizzeria-ballantyne/wbdDrjg6Rkqe29leHDhAjQ,matthews-north-carolina
https://www.ubereats.com/charlotte/food-delivery/firehouse-subs-10092-charlotte-hwy/1O1Uj1e9RGeD0h51wel-kg,matthews-north-carolina
https://www.ubereats.com/charlotte/food-delivery/clean-juice-9826-sandy-rock-place/-CfL2b6ZRJ2wJV9jD1Sccw,matthews-north-carolina
https://www.ubereats.com/charlotte/food-delivery/carrabbas-10400-east-independence-blvd/0yFovX8EQnSM8RllNqIGZA,matthews-north-carolina
https://www.ubereats.com/charlotte/food-delivery/mcdonalds-sardis-road/d6Po6SyYT4WiEaZU2U5SGg,matthews-north-carolina
https://www.ubereats.com/charlotte/food-delivery/firehouse-subs-arboretum/CHQz_wdwRuezBI30RVdg2g,matthews-north-carolina
https://www.ubereats.com/charlotte/food-delivery/clean-juice-2225-matthews-township-parkway/HvtnhLsqThWajsBDZErH1w,matthews-north-carolina
https://www.ubereats.com/charlotte/food-delivery/jersey-mikes-subs-7741-colony-roadsuite-a6/IZm0AKTdQSC4jE0KoA5NQw,matthews-north-carolina
https://www.ubereats.com/charlotte/food-delivery/captain-ds-1301-w-roosevelt-blvd/9UB9uHkkQW2rxJ97O_dy7Q,matthews-north-carolina
https://www.ubereats.com/charlotte/food-delivery/mcdonalds-4405-potter-rd/OQKlAhiIS9uW_io2TIlVTw,matthews-north-carolina
https://www.ubereats.com/charlotte/food-delivery/cicis-1804-windsor-square-dr-ste-u-v/UaCah_1RTtmA9fUnrpCjzA,matthews-north-carolina
https://www.ubereats.com/charlotte/food-delivery/taco-bell-8000-providence-rd/Cby7ttfiTxek2ggpV8zcpA,matthews-north-carolina
https://www.ubereats.com/charlotte/food-delivery/china-express/l480b3LgTsyapV7VaPpTyQ,matthews-north-carolina
https://www.ubereats.com/charlotte/food-delivery/jersey-mikes-subs-e-independence/Ito_knddS-W3ZC5ODTWMXw,matthews-north-carolina
https://www.ubereats.com/charlotte/food-delivery/zaxbys-6911-brighton-park-drive/HpAYCcpFTc-LBAuJAFUqZg,matthews-north-carolina
https://www.ubereats.com/charlotte/food-delivery/jack-in-the-box-7725-pineville-matthews-rd/_W7b71S6R3CCeTPAnOLmgA,matthews-north-carolina
https://www.ubereats.com/charlotte/food-delivery/haagen-dazs-7408-waverly-walk-ave/0l9RjSbFQb6L5LFjrH7tpA,matthews-north-carolina
https://www.ubereats.com/charlotte/food-delivery/jersey-mikes-subs-indian-trail/kKVCK_FaRl6ERMgL6lVO7g,matthews-north-carolina
https://www.ubereats.com/charlotte/food-delivery/bojangles-famous-chicken-%26-biscuits-2022-6308-providence-farm-lane/inL0fejOQx-rbjfrRv1EKQ,matthews-north-carolina
https://www.ubereats.com/charlotte/food-delivery/the-ice-cream-shop/xBZDYTADSFaduswK93MIeg,matthews-north-carolina
https://www.ubereats.com/charlotte/food-delivery/ihop-3453/7fGBPzdkQvKQ0HXMGLmHfw,matthews-north-carolina
https://www.ubereats.com/charlotte/food-delivery/dakshin-indian-grill/yrBMdsPBSXytYk8QKuKWWg,matthews-north-carolina
