url,city
https://www.ubereats.com/cleveland/food-delivery/charleys-philly-steaks-richmond-town-square/KFxsS4qvQSqGMglP_SscZw,mayfield-ohio
https://www.ubereats.com/cleveland/food-delivery/manhattan-deli/G7GDVZa7RBq3BQH-fgG_Ww,mayfield-ohio
https://www.ubereats.com/cleveland/food-delivery/dairy-queen-treat-5713-mayfield-rd/ajzkfni7T6SFnykKdxJ-og,mayfield-ohio
https://www.ubereats.com/cleveland/food-delivery/mr-hero/etxWkIHXQPW7Nslf29g-vA,mayfield-ohio
https://www.ubereats.com/cleveland/food-delivery/sam-sylks-chicken-and-fish/V2moey8ISAyDhi3MDDGSeQ,mayfield-ohio
https://www.ubereats.com/cleveland/food-delivery/chippers/w3KeFZdPSUOYzlCzoqClUg,mayfield-ohio
https://www.ubereats.com/cleveland/food-delivery/yours-truly-restaurant-chagrin-falls/pz-5EMc8SL21Eu7zaQheEA,mayfield-ohio
https://www.ubereats.com/cleveland/food-delivery/bob-evans-509-3700-orange-place/nPD0lXaATjqlm-Ww82vx5Q,mayfield-ohio
https://www.ubereats.com/cleveland/food-delivery/la-mexicana-cantina-and-grill/Btnahkk2RM-HnSktosklyA,mayfield-ohio
https://www.ubereats.com/cleveland/food-delivery/charleys-philly-steaks-7850-mentor-ave/as3hk4iURXqdZwCCY_FnxA,mayfield-ohio
https://www.ubereats.com/cleveland/food-delivery/fowl-play-highland-heights/LEOnG8VySHKImbT7TqQL6A,mayfield-ohio
https://www.ubereats.com/cleveland/food-delivery/smoke-bbq-grill/2jQBPNbwSXyWaRYa3IfJhg,mayfield-ohio
https://www.ubereats.com/cleveland/food-delivery/taco-bell-35020-euclid-ave/o3QwwCHHS3SNUKJoKnazRA,mayfield-ohio
https://www.ubereats.com/cleveland/food-delivery/dunkin-5790-mayfield-rd/UJDQxM8KRfiPBco6akLBmQ,mayfield-ohio
https://www.ubereats.com/cleveland/food-delivery/paragon/ildSnPKwTCqCfBADb5Uzag,mayfield-ohio
https://www.ubereats.com/cleveland/food-delivery/starbucks-lyndhurst-cedar-road/FDflJ1yuQcSnPb9EAlmixA,mayfield-ohio
https://www.ubereats.com/cleveland/food-delivery/pulp-juice-and-smoothie-bar/0h-pzmX1SF6rjjkM9RZ4vQ,mayfield-ohio
https://www.ubereats.com/cleveland/food-delivery/cocos-locos-euclid-ave/skT8GilFQguMpYOkqgPNMw,mayfield-ohio
https://www.ubereats.com/cleveland/food-delivery/plaza-agave/QWdxAWvOT86Mw5_fjV5Y6w,mayfield-ohio
https://www.ubereats.com/cleveland/food-delivery/primozz-restaurant-and-pizzeria/tDktrbkjSreGdu32IQo8XA,mayfield-ohio
https://www.ubereats.com/cleveland/food-delivery/bar-sushi-cleveland/xVKsroSPQSS6HpTlR9dlkQ,mayfield-ohio
https://www.ubereats.com/cleveland/food-delivery/the-cabin-of-willowick/YtX-jYHxQa6TlvNB7h6yfg,mayfield-ohio
https://www.ubereats.com/cleveland/food-delivery/capital-grill/iEAiDs8hQdaTJIm7hZafpQ,mayfield-ohio
https://www.ubereats.com/cleveland/food-delivery/kfc-17585-lakeshore-blvd/wuRzUpj6QRqihZFwBWxPKQ,mayfield-ohio
https://www.ubereats.com/cleveland/food-delivery/bar-louie-lyndhurst/xnEGGEUXRLergKPcu3mVxA,mayfield-ohio
https://www.ubereats.com/cleveland/food-delivery/roly-poly/iC1yo6SJTvWxfpbTV7cVfQ,mayfield-ohio
https://www.ubereats.com/cleveland/food-delivery/fried-rice-hibachi-2-go/DXsbovfPSXS3BH1WhnOBfg,mayfield-ohio
https://www.ubereats.com/cleveland/food-delivery/paladar-latin-kitchen-%26-rum-bar/JrIEehGXSkiUeyzIM1z5xg,mayfield-ohio
https://www.ubereats.com/cleveland/food-delivery/mels-cafe-of-tremont/Hdub6KxbSui5rmktk-cX8g,mayfield-ohio
https://www.ubereats.com/cleveland/food-delivery/bogside-bar-and-grill/hVd_EHToQMmHQbSGbiwVqw,mayfield-ohio
https://www.ubereats.com/cleveland/food-delivery/yours-truly-restaurant-mentor/e4eNbhkQQ0uO28AHj6oN9w,mayfield-ohio
https://www.ubereats.com/cleveland/food-delivery/happy-moose/VtaVW6XtS5asBEsePnsdZQ,mayfield-ohio
https://www.ubereats.com/cleveland/food-delivery/texas-de-brazil-woodmere/SSsviRT-SAeoJ01hmPnNOg,mayfield-ohio
https://www.ubereats.com/cleveland/food-delivery/kuhars-carryout/B2B11ZXSTG2Ju1aRC114sw,mayfield-ohio
https://www.ubereats.com/cleveland/food-delivery/harry-buffalo-highland/ZD19ic3eTNeuFtvI9Hzo9g,mayfield-ohio
https://www.ubereats.com/cleveland/food-delivery/firebirds-wood-fired-grill-211-park-ave/NW_Sx9EVSQi7PmFzMtoR5Q,mayfield-ohio
https://www.ubereats.com/cleveland/food-delivery/ginger-sushi-buritto-%26-hibachi/S39P_BkwSMOBxFKijdjbwQ,mayfield-ohio
https://www.ubereats.com/cleveland/food-delivery/davis-bakery-and-delicatessen/fde-QkayRQSH0kEal1kxAw,mayfield-ohio
https://www.ubereats.com/cleveland/food-delivery/subway-4265-monticello-blvd/n-Xh-e-4TE-Cb4e7BXIPzA,mayfield-ohio
https://www.ubereats.com/cleveland/food-delivery/fionas-coffee-bar-and-bakery/KioA-VdVQYyLOsfdkvAKMQ,mayfield-ohio
https://www.ubereats.com/cleveland/food-delivery/jersey-mikes-36295-euclid-avenue/FVSLlgwqQdOe6eZJ4C_aMQ,mayfield-ohio
https://www.ubereats.com/cleveland/food-delivery/convenient-food-mart/CLoF-HzmRGCzKgsmwEcfXw,mayfield-ohio
https://www.ubereats.com/cleveland/food-delivery/master-pizza-eastlake/kfSJiJN4RJq7Qk4Zzk9Pog,mayfield-ohio
https://www.ubereats.com/cleveland/food-delivery/shake-shack-311-park-avenue/W5K_d6XES56WrNksLe72Pw,mayfield-ohio
https://www.ubereats.com/cleveland/food-delivery/mr-hero-taylor-rd/ekS406RtR8WeyXhMvnby9A,mayfield-ohio
https://www.ubereats.com/cleveland/food-delivery/wendys-5855-som-center/qTIEN5WCTxykEya_s6oAHA,mayfield-ohio
https://www.ubereats.com/cleveland/food-delivery/the-kitchen/yH8AIGcKSTq86OcFgdLD5w,mayfield-ohio
https://www.ubereats.com/cleveland/food-delivery/chick-fil-a-6390-mayfield-rd/Jmecn34XQBCtxIUwLygMMA,mayfield-ohio
https://www.ubereats.com/cleveland/food-delivery/craggy-boglands/shv94S_pTcSNZfweR7BhBg,mayfield-ohio
https://www.ubereats.com/cleveland/food-delivery/bibibop-asian-grill-511-park-avenue-suite-149/ExaxcIQoSfqV2KtWu_oJ5Q,mayfield-ohio
https://www.ubereats.com/cleveland/food-delivery/boaz-fresh-lebanese/k6jI59zTQsK91UYZlvYM3g,mayfield-ohio
https://www.ubereats.com/cleveland/food-delivery/fusions-seafood-%26-soul/Cunal6yIQGKpmmOKb3yyMg,mayfield-ohio
https://www.ubereats.com/cleveland/food-delivery/wendys-250-e-222nd-street/Ti76xKi0Sz-jfRwWC3GqQA,mayfield-ohio
https://www.ubereats.com/cleveland/food-delivery/firehouse-subs-willoughby-commons-%231690/QO-PjKxzSLeLb6xBj5bX_g,mayfield-ohio
https://www.ubereats.com/cleveland/food-delivery/rascal-house-pizza-euclid/45TVb9L_SRedYPY_dVnpvw,mayfield-ohio
https://www.ubereats.com/cleveland/food-delivery/rascal-house-pizza-university-heights/6Jq05x6uSLmwoSSuUwMOpw,mayfield-ohio
https://www.ubereats.com/cleveland/food-delivery/taco-bell-8351-tyler-blvd/QYR3Hdw8SY6w0qJPOqmoww,mayfield-ohio
https://www.ubereats.com/cleveland/food-delivery/chipotle-mexican-grill-28077-chagrin-blvd/Zc9KLrqpRd23AFslgKoeFA,mayfield-ohio
https://www.ubereats.com/cleveland/food-delivery/pierogi-palace/dv9lbKRwTFm5Dn349WqxiA,mayfield-ohio
https://www.ubereats.com/cleveland/food-delivery/taco-bell-7753-mentor-avenue/d7wzXvd6SrG1-Rdy-MT88g,mayfield-ohio
https://www.ubereats.com/cleveland/food-delivery/sbarro-26300-cedar-road/f_i3L95GSHqeGiBw0q8raA,mayfield-ohio
https://www.ubereats.com/cleveland/food-delivery/pizza-express-cleveland/QgE8ewtORZyWcw73dLcqYg,mayfield-ohio
https://www.ubereats.com/cleveland/food-delivery/georgios-oven-fresh-pizza-co/GrA0FOFjQzezDmfD3yXx3w,mayfield-ohio
https://www.ubereats.com/cleveland/food-delivery/blu-the-restaurant/pzaSVo6iR7ON9cGUYJWNQA,mayfield-ohio
https://www.ubereats.com/cleveland/food-delivery/dairy-queen-treat-7695-lake-shore-blvd/mudgId7FRZC1ETCy-MuJGw,mayfield-ohio
https://www.ubereats.com/cleveland/food-delivery/taste-of-kerala-cafe-mayfield/t2cMH_C_QnWTh-h5iqigwg,mayfield-ohio
https://www.ubereats.com/cleveland/food-delivery/firehouse-subs-6232-mayfield-road/eK5LePF0RUGgzZxiqN-Z_A,mayfield-ohio
https://www.ubereats.com/cleveland/food-delivery/jersey-mikes-subs-28450-chagrin-blvd/q7RUv1_KScKc9VFZO2QF6Q,mayfield-ohio
https://www.ubereats.com/cleveland/food-delivery/abos-grill/3MlpKK-jQPW7JJpUfpJs9g,mayfield-ohio
https://www.ubereats.com/cleveland/food-delivery/hooley-house-sports-pub-%26-grille-reynolds/sqYVBmyoQHKYcbcZzSTqTA,mayfield-ohio
https://www.ubereats.com/cleveland/food-delivery/pie-o-mine-greens/6smj0IzxTRCV_lrbUmB-NQ,mayfield-ohio
https://www.ubereats.com/cleveland/food-delivery/corky-%26-lennys/6S5tRSAHS7uaQmQNmPwNPQ,mayfield-ohio
https://www.ubereats.com/cleveland/food-delivery/cafe-europa-and-bistro/TQJSRUjVT4GyHm3F3uR_vw,mayfield-ohio
https://www.ubereats.com/cleveland/food-delivery/visions-blu-ultra-lounge/cYVRCbw2QSiLMKmm7t-Qow,mayfield-ohio
https://www.ubereats.com/cleveland/food-delivery/auntie-annes-26300-cedar-rd/mMcWlXgqSJmJG7jaq3LmXA,mayfield-ohio
https://www.ubereats.com/cleveland/food-delivery/hunan/EKE6fqL4SvqqSzAsuGIFXA,mayfield-ohio
https://www.ubereats.com/cleveland/food-delivery/pastativo/AoxePX2hRnCx1iGBF2-t4g,mayfield-ohio
https://www.ubereats.com/cleveland/food-delivery/burger-king-263-babbitt-rd/Bp5WsqTFSq-Ulmjn3IXktw,mayfield-ohio
https://www.ubereats.com/cleveland/food-delivery/corbos-pasta-and-pizza-house/YiTuhTCCQtmXKR9UpXVtoA,mayfield-ohio
https://www.ubereats.com/cleveland/food-delivery/munch-a-simple-kitchen/IsmwakcnQL25YaI92x3LSg,mayfield-ohio
https://www.ubereats.com/cleveland/food-delivery/panda-chinese-restaurant/GMCaTPilQLGXww6R-W-GkA,mayfield-ohio
https://www.ubereats.com/cleveland/food-delivery/taste/CSC0z2ifR7ePcDKxpuf3bQ,mayfield-ohio
https://www.ubereats.com/cleveland/food-delivery/graeters-ice-cream-pinecrest/DlDEFfDoTeiUsPdR6DYeLg,mayfield-ohio
https://www.ubereats.com/cleveland/food-delivery/cinnabon-26300-cedar-rd-%235540/IzK6ORuxQZuTePZtriekcA,mayfield-ohio
https://www.ubereats.com/cleveland/food-delivery/panera-204631/ipZrm91sQUGzPCcMh8pXCA,mayfield-ohio
https://www.ubereats.com/cleveland/food-delivery/red-lobster-7744-reynolds-rd/PhtOTw7PTvuxf2F5ycewwQ,mayfield-ohio
https://www.ubereats.com/cleveland/food-delivery/five-guys-oh-0396-1237-som-center-rd/QXQqhDBISvOs7SCWRKmViQ,mayfield-ohio
https://www.ubereats.com/cleveland/food-delivery/play-arcade-%2B-kitchen/IR_L1X03TLmZ5igPVaaspQ,mayfield-ohio
https://www.ubereats.com/cleveland/food-delivery/m-italian/q4LikLjfQaePaDlsjhKyUw,mayfield-ohio
https://www.ubereats.com/cleveland/food-delivery/manhattan-deli-bar-%26-grille/6hxmuDhQRlSvy4a2LSqqwg,mayfield-ohio
https://www.ubereats.com/cleveland/food-delivery/cork-n-bottle/eU2IfUQhRRONna5hISQpEw,mayfield-ohio
https://www.ubereats.com/cleveland/food-delivery/jets-pizza-lyndhurst/hrGNpDS8Swu2xtxAJ8pkCg,mayfield-ohio
https://www.ubereats.com/cleveland/food-delivery/christophers-pub/KVgG7VvdThybdwUijyzKFQ,mayfield-ohio
https://www.ubereats.com/cleveland/food-delivery/jets-pizza-willoughby/UgzhT4ciTbyrNuijlCbagA,mayfield-ohio
https://www.ubereats.com/cleveland/food-delivery/mirage-party-center/8afFMyXpQzCtpXTv3p1vgA,mayfield-ohio
https://www.ubereats.com/cleveland/food-delivery/five-guys-oh-0452-4025-richmond-rd/P_l9nmq6RM-2_HVFsynk9A,mayfield-ohio
https://www.ubereats.com/cleveland/food-delivery/noras-public-house/aNByVqSwTWqwJpsIvKNAWA,mayfield-ohio
https://www.ubereats.com/cleveland/food-delivery/subway-33333-vine-st/64bcBhOeRQ6Gv3ZOTN2nBA,mayfield-ohio
https://www.ubereats.com/cleveland/food-delivery/first-watch-mayfield-heights/ZSTkF0ABRbSqyBgEfSsnLA,mayfield-ohio
https://www.ubereats.com/cleveland/food-delivery/mcdonalds-broadmoor-%26-i-90/l6LV1zhaQJ2K6fCcypbxEA,mayfield-ohio
https://www.ubereats.com/cleveland/food-delivery/jersey-mikes-subs-8440-e-washington-st/q6425xc5RDydnPUK8JWMlA,mayfield-ohio
https://www.ubereats.com/cleveland/food-delivery/arova/pjw5My6IRF-WT5e2ydYgUg,mayfield-ohio
https://www.ubereats.com/cleveland/food-delivery/ella-maes-soulfood/K4oLsP7ISVWEu7sfmb0dcg,mayfield-ohio
https://www.ubereats.com/cleveland/food-delivery/burger-king-5021-s-o-m-center-road/tTRTAkWORjmYWSMx74-ziQ,mayfield-ohio
https://www.ubereats.com/cleveland/food-delivery/bumpers-bar-%26-grill/I5Is8vFpRa2V_YhRugODlA,mayfield-ohio
https://www.ubereats.com/cleveland/food-delivery/mrhero/Y6URFsZpQeSt9xIb1ZUcMA,mayfield-ohio
https://www.ubereats.com/cleveland/food-delivery/black-box-fix/m8kwDTCxSfCgcriwIFOwOw,mayfield-ohio
https://www.ubereats.com/cleveland/food-delivery/b-%26-m-bbq/i8j5AIdzT8OceayGNzg7wQ,mayfield-ohio
https://www.ubereats.com/cleveland/food-delivery/burger-king-14101-cedar-road/mS-EPCaJQFOJXygHAgVQDA,mayfield-ohio
https://www.ubereats.com/cleveland/food-delivery/verdis-italian-market/m1BwhYCwT7S6-0kQsKsp9g,mayfield-ohio
https://www.ubereats.com/cleveland/food-delivery/sports-fanatics/dAW53DreSg-3ywBHoph_BA,mayfield-ohio
https://www.ubereats.com/cleveland/food-delivery/yours-truly-restaurant-beachwood/K47k1DpURGSEXPeB6M8poQ,mayfield-ohio
https://www.ubereats.com/cleveland/food-delivery/georgios-oven-fresh-pizza-co-highland-rd/3qbDZWLcRkOJWSkTr5iB7g,mayfield-ohio
https://www.ubereats.com/cleveland/food-delivery/cracker-barrel-old-country-store-6055-som-center-rd/nYsuZZecSX-BEGuaLZtfsg,mayfield-ohio
https://www.ubereats.com/cleveland/food-delivery/mr-hero-mayfield-%26-willshire/EN9huLRDQRSdPCD3mRBXuw,mayfield-ohio
https://www.ubereats.com/cleveland/food-delivery/saffron-patch/nhCKp3h7R4KL0kFqe0h_Ew,mayfield-ohio
https://www.ubereats.com/cleveland/food-delivery/the-boiler-65-south-euclid/IViTwDnKRaKyXQdX_um5vg,mayfield-ohio
https://www.ubereats.com/cleveland/food-delivery/goodfellasbbq/RAbp80yISm22NPCBMVl_tA,mayfield-ohio
https://www.ubereats.com/cleveland/food-delivery/mcdonalds-bishop-%26-chardon/dT9dqtmmTROkdzASVcOSzg,mayfield-ohio
https://www.ubereats.com/cleveland/food-delivery/fresh-catch-seafood/_hZNdpRPRwW_RSF5qiVfLw,mayfield-ohio
https://www.ubereats.com/cleveland/food-delivery/pacific-grill/sNBlXGIuSO-5CcyoFeNOnA,mayfield-ohio
https://www.ubereats.com/cleveland/food-delivery/famous-gyro-george-euclid-indian-hills/aviL6JgYTR-HGNPoOWM5QA,mayfield-ohio
https://www.ubereats.com/cleveland/food-delivery/subway-37812-vine-st/YXIQAOfRTrWHE0HvzAvDhg,mayfield-ohio
https://www.ubereats.com/cleveland/food-delivery/jenis-cleveland-chagrin-falls/S5vKzjNqSIG4G4fA2CPubg,mayfield-ohio
https://www.ubereats.com/cleveland/food-delivery/kfc-34400-euclid-avenue/1tO4GKbeRpGF91fyhOCDxg,mayfield-ohio
https://www.ubereats.com/cleveland/food-delivery/jacks-deli-%26-restaurant/M1iCS2crQS6A92eudmSqcg,mayfield-ohio
https://www.ubereats.com/cleveland/food-delivery/krack-of-dawn-restaurant-chardon-rd/KK6OIGuHS-qFWpypksN_Ug,mayfield-ohio
https://www.ubereats.com/cleveland/food-delivery/republix/ER_3NFTUSy2bHaH60SRrVA,mayfield-ohio
https://www.ubereats.com/cleveland/food-delivery/kevantes-restaurant-%26-lounge/NT7Nb7kRSbSjGQoPeAbJYA,mayfield-ohio
https://www.ubereats.com/cleveland/food-delivery/golden-dragon-restaurant-woks-%26-roll/oQv3osWHQMOpkPS-dgBGWw,mayfield-ohio
https://www.ubereats.com/cleveland/food-delivery/honeybaked-ham-1257-som-center-rd/N7F8iE7OQf6q11Fayhcdxw,mayfield-ohio
https://www.ubereats.com/cleveland/food-delivery/subway-5900-som-center-rd/FAofSP_QQaO3PBNGVtTbfQ,mayfield-ohio
https://www.ubereats.com/cleveland/food-delivery/anthonys-place-bar-and-grille-legacy-5-lounge/zFe6K4KWQ4WBXclfySvriw,mayfield-ohio
https://www.ubereats.com/cleveland/food-delivery/guys-pizza-co-euclid/wqqWao5gS0G0gbOCqcFlUg,mayfield-ohio
https://www.ubereats.com/cleveland/food-delivery/hyde-park-prime-steakhouse-beachwood/UUd9-WRNRsmalPLRp5Wt9A,mayfield-ohio
https://www.ubereats.com/cleveland/food-delivery/pulp-juice-and-smoothie-bar-euclid/-vXR33lEQb-kxH_YsxPjhA,mayfield-ohio
https://www.ubereats.com/cleveland/food-delivery/hanini-express-east-185th/o9VpJMiMTgSdaiygqhTHQw,mayfield-ohio
https://www.ubereats.com/cleveland/food-delivery/qdoba-mexican-eats-highland-heights/E34R3MDJSja34dVir7Idhg,mayfield-ohio
https://www.ubereats.com/cleveland/food-delivery/jade-chinese-kitchen/5cetvdFnRG-lf3LSdWZy0A,mayfield-ohio
https://www.ubereats.com/cleveland/food-delivery/yes-its-fresh/AgqtZOWpSjek8x5Bjd-9aA,mayfield-ohio
https://www.ubereats.com/cleveland/food-delivery/yours-truly-restaurant-mayfield-village/GXDNEfArRhu1lslp6FcROA,mayfield-ohio
https://www.ubereats.com/cleveland/food-delivery/citizen-pie-waterloo/2wNaZiKUTtSf33a9Y6TI-g,mayfield-ohio
https://www.ubereats.com/cleveland/food-delivery/bob-evans-113-34760-maplegrove-road/T6MICfu7TuGTbar9qeie_w,mayfield-ohio
https://www.ubereats.com/cleveland/food-delivery/taco-bell-26002-euclid-ave/slO48dOIQHG5VXY-PptWmg,mayfield-ohio
https://www.ubereats.com/cleveland/food-delivery/panda-express-2100-warrensville-center-rd/huX6b3vETdKsTyxulb98gQ,mayfield-ohio
https://www.ubereats.com/cleveland/food-delivery/asian-express/MSrvo5xVSESt2WrK-FJBaw,mayfield-ohio
https://www.ubereats.com/cleveland/food-delivery/fuji-buffet-%26-grill/selEsvQOSGKllCpC01X8pA,mayfield-ohio
https://www.ubereats.com/cleveland/food-delivery/burger-king-6251-mayfield-road/zz2wR8QYRGWJCVf_56_Bkg,mayfield-ohio
https://www.ubereats.com/cleveland/food-delivery/condado-tacos-pinecrest/Fa4Xt1clQ5O2KUAZSffz2A,mayfield-ohio
https://www.ubereats.com/cleveland/food-delivery/the-original-pancake-house-28700-chagrin-blvd/-soWtPn1RYmnRai6I-L1hA,mayfield-ohio
https://www.ubereats.com/cleveland/food-delivery/daves-cosmic-subs-willoughby/axdPN0HnSF2O7aTjQ484NQ,mayfield-ohio
https://www.ubereats.com/cleveland/food-delivery/sonic-5836-mayfield-road/TTjUG9PtQUGM009MlJ67Lg,mayfield-ohio
https://www.ubereats.com/cleveland/food-delivery/starbucks-mayfield-heights/C2d_5-SZQjWLa1JnIdC4xg,mayfield-ohio
https://www.ubereats.com/cleveland/food-delivery/dunkin-2801-bishop-rd/v5ZnimRcSfyYXiHiKyqElg,mayfield-ohio
https://www.ubereats.com/cleveland/food-delivery/moes-southwest-grill-7585-7601-mentor-avenue/Dy4fgyQvRiqFlkuUESDX8A,mayfield-ohio
https://www.ubereats.com/cleveland/food-delivery/starbucks-woodmere-center/0T5QLwkyRre1wDXwclIe6Q,mayfield-ohio
https://www.ubereats.com/cleveland/food-delivery/severinos-restaurant-%26-lounge/7yJCuiXaS2KepeozyPev2A,mayfield-ohio
https://www.ubereats.com/cleveland/food-delivery/pf-changs-26001-chagrin-blvd/sT2p1SBiS3WCQpYXll3b4w,mayfield-ohio
https://www.ubereats.com/cleveland/food-delivery/frank-%26-tonys-place/flnZJqScTlq9wlMLLY3lBQ,mayfield-ohio
https://www.ubereats.com/cleveland/food-delivery/zoup!-richmond-road/v8NqSjGFQdKjlm5G-SSF7A,mayfield-ohio
https://www.ubereats.com/cleveland/food-delivery/chipotle-mexican-grill-22250-lake-shore-blvd/p9WOrjO6TeGz27yM6bWQNg,mayfield-ohio
https://www.ubereats.com/cleveland/food-delivery/quaker-steak-%26-lube-7834-reynolds-road/1MmH7FawSHWL-ELrUG88Dw,mayfield-ohio
https://www.ubereats.com/cleveland/food-delivery/charleys-philly-steaks-26300-cedar-rd/CKCj697uSRSdaxB8_YhGEA,mayfield-ohio
https://www.ubereats.com/cleveland/food-delivery/georgios-oven-fresh-pizza-chesterland/LH3S1T4PQE-40BQIMex3kA,mayfield-ohio
https://www.ubereats.com/cleveland/food-delivery/fox-%26-hound-1479-som-center-road/cLC2rJeTS1KN5cpDYYXAIA,mayfield-ohio
https://www.ubereats.com/cleveland/food-delivery/choolaah-indian-bbq-orange-village/yS4GSfHyQsmIeXXBpenUdw,mayfield-ohio
https://www.ubereats.com/cleveland/food-delivery/subway-22293-euclid-ave/xKbYpYoSQJ6xoTqE2oZ4-w,mayfield-ohio
https://www.ubereats.com/cleveland/food-delivery/tres-potrillos/OdHkCflUSfaqUyn4D_fNpA,mayfield-ohio
https://www.ubereats.com/cleveland/food-delivery/kfc-26021-euclid-avenue/E6a-_CgXREqJnQRyUofCQA,mayfield-ohio
https://www.ubereats.com/cleveland/food-delivery/china-sea/ISiDfFwITbi_OyVfGGoyEQ,mayfield-ohio
https://www.ubereats.com/cleveland/food-delivery/peties-family-restaurant/j6UmAXVPSGmrUKEoeWA9_g,mayfield-ohio
https://www.ubereats.com/cleveland/food-delivery/chipotle-mexican-grill-36200-euclid-ave-ste-12/8se8eAjyTu65oP6ihgYRkg,mayfield-ohio
https://www.ubereats.com/cleveland/food-delivery/rb-%26-jb-eatery/mKtkHG2jRSKs4D3lJjYGXQ,mayfield-ohio
https://www.ubereats.com/cleveland/food-delivery/vs-gourmet-chicken-%26-ribs/AyWz7ErER_Wlc7dJWETzUw,mayfield-ohio
https://www.ubereats.com/cleveland/food-delivery/freddies-rib-house/gPzGqxx1SE-1HCKTyCTU5Q,mayfield-ohio
https://www.ubereats.com/cleveland/food-delivery/zanzibar/x44rSE0cQZi2DjnRUSQu8Q,mayfield-ohio
https://www.ubereats.com/cleveland/food-delivery/buffalo-wild-wings-5433-mayfield-rd/QRjUL3-BR6qfCY0UGzwhSA,mayfield-ohio
https://www.ubereats.com/cleveland/food-delivery/wendys-27400-chagrin-blvd/kq18r2OtS_2-xanSKKikPg,mayfield-ohio
https://www.ubereats.com/cleveland/food-delivery/garage-bar-willoughby/Vocez8crRw-mRKZoMpNByQ,mayfield-ohio
https://www.ubereats.com/cleveland/food-delivery/cucina-rustica/waOvA7T_S--SYfO4rKyKZQ,mayfield-ohio
https://www.ubereats.com/cleveland/food-delivery/pizzeria-forno/tOaQUgaFQ5CAoI_pDfhL0Q,mayfield-ohio
https://www.ubereats.com/cleveland/food-delivery/5-points-grille/QQVwlinQQ2KAsHH17CUqWQ,mayfield-ohio
https://www.ubereats.com/cleveland/food-delivery/the-wild-goose-erie-%26-spaulding/vtXR2kBWSXOFk5qd22-TfQ,mayfield-ohio
https://www.ubereats.com/cleveland/food-delivery/first-wok/oE0t7ubNR2e_N2nN1eIndg,mayfield-ohio
https://www.ubereats.com/cleveland/food-delivery/pulp-juice-and-smoothie-bar/mWwHV6ybTXy-KV2PKvn-NQ,mayfield-ohio
https://www.ubereats.com/cleveland/food-delivery/smokey-bones-mentor/qWoGsHGVTP-ksqR4eXEJkQ,mayfield-ohio
https://www.ubereats.com/cleveland/food-delivery/ocho-rios-true-island-cuisine/TzEKUQkGQMWhA2VscU0stg,mayfield-ohio
https://www.ubereats.com/cleveland/food-delivery/fishstix/xMFbY6lcQYq8jF_HybPY7A,mayfield-ohio
https://www.ubereats.com/cleveland/food-delivery/zoup!-eatery-7327-mentor-ave/R8mXFzDpRVOaY6ltyxc4Lg,mayfield-ohio
https://www.ubereats.com/cleveland/food-delivery/mcdonalds-richmond-%26-highland/lG7yiPRfRD657l6feOA5HA,mayfield-ohio
https://www.ubereats.com/cleveland/food-delivery/ballantine/PZbD-EGnSBaYooRufHEDhg,mayfield-ohio
https://www.ubereats.com/cleveland/food-delivery/red-robin-604-36565-euclid-ave/mSvd7U1OSLiHZGRn4djwBw,mayfield-ohio
https://www.ubereats.com/cleveland/food-delivery/starbucks-willoughby-som-center/aV3jA2ISTNGafFMgMoz0Dg,mayfield-ohio
https://www.ubereats.com/cleveland/food-delivery/bomba-tacos/E1C8_aTQRM-L4DftSu-d1g,mayfield-ohio
https://www.ubereats.com/cleveland/food-delivery/dennys-6207-wilson-mills-rd/9hvJMC5YSwenFLDE69RBWw,mayfield-ohio
https://www.ubereats.com/cleveland/food-delivery/taco-bell-5855-mayfield-road/hZwgIXBTQ4m02EzKXyzQYQ,mayfield-ohio
https://www.ubereats.com/cleveland/food-delivery/mama-primozz-pizzeria/ofpBMtTFRGaM4_3C1ftPOw,mayfield-ohio
https://www.ubereats.com/cleveland/food-delivery/peking-chinese-restaurant/5Qwu9jA8TlOzhEwmNWWQ7g,mayfield-ohio
https://www.ubereats.com/cleveland/food-delivery/subway-5615-mayfield-rd/zy3_pCukRAK24yVEs3qXRA,mayfield-ohio
https://www.ubereats.com/cleveland/food-delivery/chuck-e-cheese-1615-golden-gate-plaza/HR_ygcBiQ_qwp9uWeFsJ-Q,mayfield-ohio
https://www.ubereats.com/cleveland/food-delivery/honeybaked-ham-35101-euclid-ave/516CkS-4Sc6VBWWRozwAfA,mayfield-ohio
https://www.ubereats.com/cleveland/food-delivery/subway-6107-mayfield-rd/KbMmh2oxTUWFdMPdKU_q4A,mayfield-ohio
https://www.ubereats.com/cleveland/food-delivery/imperial-dragon/LmAGQtMGRcqybMwH17oSvA,mayfield-ohio
https://www.ubereats.com/cleveland/food-delivery/best-gyros-mayfield-heights/xZ2IKL39SGmvFj8Q8gZY-w,mayfield-ohio
https://www.ubereats.com/cleveland/food-delivery/mamas-boy-bar-b-q/BwFK-9UCQr-wgCMo3S1FDQ,mayfield-ohio
https://www.ubereats.com/cleveland/food-delivery/pacific-east-japanese-restaurant/I4Ca0-35QtG29329pJkraQ,mayfield-ohio
https://www.ubereats.com/cleveland/food-delivery/neo-sports-bar-and-grill/jRlUOvEZS_apcowE_LUAXA,mayfield-ohio
https://www.ubereats.com/cleveland/food-delivery/popeyes-26030-euclid-ave/Dc-gbxYVQO-pZBex7EQWew,mayfield-ohio
https://www.ubereats.com/cleveland/food-delivery/burntwood-tavern-lyndhurst/P7CHGDkpS8CdJxJDErJ45w,mayfield-ohio
https://www.ubereats.com/cleveland/food-delivery/mr-hero-robinhood-%26-euclid/ZlGfVsD2QkS_qpTav29sIQ,mayfield-ohio
https://www.ubereats.com/cleveland/food-delivery/the-standard/XD512dFUQtiWLlTSOyy58A,mayfield-ohio
https://www.ubereats.com/cleveland/food-delivery/mcdonalds-warrensville-%26-bushnell/TjzouEH3T_aenMnz4v71dA,mayfield-ohio
https://www.ubereats.com/cleveland/food-delivery/dales-deli/JYaUCo0DSOeiQA8ME7y5lQ,mayfield-ohio
https://www.ubereats.com/cleveland/food-delivery/otani-japanese-restaurant/gDENbH6QRFCBsh_8KwBlHA,mayfield-ohio
https://www.ubereats.com/cleveland/food-delivery/subway-25991-highland-rd/OKNBDpHXT9-k-ycomD_QWg,mayfield-ohio
https://www.ubereats.com/cleveland/food-delivery/krispy-krunchy-chicken/ALy3tg1kRfaTSnnTb5MBGA,mayfield-ohio
https://www.ubereats.com/cleveland/food-delivery/taste-of-kerala/ncbn1pgiQbGcCubZnSXhpw,mayfield-ohio
https://www.ubereats.com/cleveland/food-delivery/dickeys-barbecue-restaurants-inc-9434-mentor-avenue/ZlZ5J9H_SU62GXSzKQeyzw,mayfield-ohio
https://www.ubereats.com/cleveland/food-delivery/chipotle-mexican-grill-6267-wilson-mills-rd-unit-a/RYPZ6IcqTGC0IQhPPa3l5A,mayfield-ohio
https://www.ubereats.com/cleveland/food-delivery/hibachi-steakhouse/wv5V61yoTwaKrvbDCBkQWg,mayfield-ohio
https://www.ubereats.com/cleveland/food-delivery/couchland-coffee-house/tOaprOoRSaW7wYUn3fM1wg,mayfield-ohio
https://www.ubereats.com/cleveland/food-delivery/mcdonalds-mayfield-%26-green/SI3usFl0RYuOliJL3UU2DA,mayfield-ohio
https://www.ubereats.com/cleveland/food-delivery/jersey-mikes-subs-wilson-mills/ihHagAqJQ32swrX02uvmJQ,mayfield-ohio
https://www.ubereats.com/cleveland/food-delivery/buffalo-wild-wings-26200-harvard-rd/NJsvFt4nRNGm6nsIgX6kzw,mayfield-ohio
https://www.ubereats.com/cleveland/food-delivery/mr-hero-mentor-%26-dartmoor/gHAsFVbGR62FIvXd1JePWg,mayfield-ohio
https://www.ubereats.com/cleveland/food-delivery/thai-999-express/ZPHbdIASQJWNxZhGvyWrXA,mayfield-ohio
https://www.ubereats.com/cleveland/food-delivery/pizzafire-highland-heights/v1BrOS_HQIOWmxW8Ov7kCw,mayfield-ohio
https://www.ubereats.com/cleveland/food-delivery/paninis-bar-and-grill/GZjPq5NwQ1S9q_EpvtIbqw,mayfield-ohio
https://www.ubereats.com/cleveland/food-delivery/hardees-36900-vine-street/VeCw2SOhQKWlSkSLpG3JiA,mayfield-ohio
https://www.ubereats.com/cleveland/food-delivery/dunkin-4959-richmond-rd/vZzsnUf8Q4KtDwHaNXTGxQ,mayfield-ohio
https://www.ubereats.com/cleveland/food-delivery/the-sweet-fix-bakery/VwpK0a66SYGt617VB00SdA,mayfield-ohio
https://www.ubereats.com/cleveland/food-delivery/papa-johns-pizza-34804-euclid-ave/FbxbiJtBTrmYHANMHKlW9w,mayfield-ohio
https://www.ubereats.com/cleveland/food-delivery/whitmores-bar-b-q20209-harvard-ave/XXWxdydEQq-uGCQ2EiHqAw,mayfield-ohio
https://www.ubereats.com/cleveland/food-delivery/daves-cosmic-subs-mentor/po-Kq1fdTW-4MSahIW-LGg,mayfield-ohio
https://www.ubereats.com/cleveland/food-delivery/jalapeno-loco/7BNxDuM6RTuQkBl6-gPIuw,mayfield-ohio
https://www.ubereats.com/cleveland/food-delivery/tommy-vs-pastaria/EOdasS8MSyS5kDADreAfGg,mayfield-ohio
https://www.ubereats.com/cleveland/food-delivery/mcdonalds-euclid-%26-robinhood/nSIXd4nCQ9-XeOR9xVStmg,mayfield-ohio
https://www.ubereats.com/cleveland/food-delivery/lady-luck-mts/XvaOyW8aQs-7rPWFNIdJCg,mayfield-ohio
https://www.ubereats.com/cleveland/food-delivery/subcity-lakeshore-blvd/V50F93jBQMWSGVdynj1XOA,mayfield-ohio
https://www.ubereats.com/cleveland/food-delivery/bjs-restaurant-%26-brewhouse-7880-mentor-ave/uJbiZHpTTN6RSbrIBpJUYg,mayfield-ohio
https://www.ubereats.com/cleveland/food-delivery/the-dessert-aisle/W-euTnx_R76j3pwpxiWf0Q,mayfield-ohio
https://www.ubereats.com/cleveland/food-delivery/papa-johns-pizza-5707-mayfield-rd/pXn7vH5pQDa8PSKEvy8kxg,mayfield-ohio
https://www.ubereats.com/cleveland/food-delivery/paradise-biryani-pointe/NF_KrjObRQq8B8ED5isi2g,mayfield-ohio
https://www.ubereats.com/cleveland/food-delivery/mr-hero-euclid-%26-beverly-hills/PQmYmQg5RaSchE22YFHmSQ,mayfield-ohio
https://www.ubereats.com/cleveland/food-delivery/senorita-bonitas-mexican-grill-%26-cantina/1ZlrUHd9SyGbbe3DUyo4pA,mayfield-ohio
https://www.ubereats.com/cleveland/food-delivery/cafe-tandoor/TfB6HaPmQvKIea3pumcIcQ,mayfield-ohio
https://www.ubereats.com/cleveland/food-delivery/b2s-bar-%26-grill/h42vykx-Sbq2MJHF9R08nA,mayfield-ohio
https://www.ubereats.com/cleveland/food-delivery/boston-market-5096-mayfield-road/f_7bvbz6SayNH2yuxPHssA,mayfield-ohio
https://www.ubereats.com/cleveland/food-delivery/dunkin-4233-mayfield-rd/kSeaShPpSlOfYaS5Vr0nXg,mayfield-ohio
https://www.ubereats.com/cleveland/food-delivery/best-pizza-%26-sandwiches/BPQl4o1jTum7pBkTtCPRXg,mayfield-ohio
https://www.ubereats.com/cleveland/food-delivery/charleys-philly-steaks-%26-wings-som-center/EzDg-NdJQj6YFNT_3cGoiA,mayfield-ohio
https://www.ubereats.com/cleveland/food-delivery/scalpers-bar-grille-and-sharpys-subs/zfBX4HlITnS_As1XBJkYgQ,mayfield-ohio
https://www.ubereats.com/cleveland/food-delivery/kfc-29050-lake-shore-boulevard/3hWcDZZLSYG4-Bs4cI2ZDg,mayfield-ohio
https://www.ubereats.com/cleveland/food-delivery/melt-bar-%26-grilled-mentor-ave/gLTWkJfcTPm_y3sD8di7yA,mayfield-ohio
https://www.ubereats.com/cleveland/food-delivery/dennys-34725-euclid-avenue/C8OA492rRkiCj2mJPZCTGg,mayfield-ohio
https://www.ubereats.com/cleveland/food-delivery/chipotle-mexican-grill-24651-cedar-rd/FBav6b7DQ4uJxgqqX9LQ4Q,mayfield-ohio
https://www.ubereats.com/cleveland/food-delivery/papa-johns-14404-cedar-rd/ovC5vvBqQHy_pkQgPERzGg,mayfield-ohio
https://www.ubereats.com/cleveland/food-delivery/mcdonalds-mayfield-%26-genesee/8KU-csSwQhOFjMnuvaZ8wA,mayfield-ohio
https://www.ubereats.com/cleveland/food-delivery/brewsters/rq3IedTHSAewn2D39RIHMQ,mayfield-ohio
https://www.ubereats.com/cleveland/food-delivery/five-guys-oh-1722-9180-mentor-ave/KyxC8C6DSxGO5J4IAMYPvw,mayfield-ohio
https://www.ubereats.com/cleveland/food-delivery/grand-china/2Xeh3icdRrejWuNAEsHJ5A,mayfield-ohio
https://www.ubereats.com/cleveland/food-delivery/chipotle-mexican-grill-4015-richmond-rd/HbAbV1q8QyqR8NtC64B2mw,mayfield-ohio
https://www.ubereats.com/cleveland/food-delivery/georgios-oven-fresh-pizza/_AfkDga2StKGvmGeVoXQ4w,mayfield-ohio
https://www.ubereats.com/cleveland/food-delivery/duck-donuts-200-park-ave-suite-140/Ui9X2brVSVC-vFJEecVA2w,mayfield-ohio
https://www.ubereats.com/cleveland/food-delivery/big-boys-burgers-and-shakes-1288-som-center-rd/T8Ncx1SBR8mMQyCCmIgFkg,mayfield-ohio
https://www.ubereats.com/cleveland/food-delivery/ml-tavern/ZKnxVEIERl6iwSCjjfy5vQ,mayfield-ohio
https://www.ubereats.com/cleveland/food-delivery/moes-southwest-grill-1916-warrensville-center-road-building-f/dhupzoAORBy7Ts0ugdlieA,mayfield-ohio
https://www.ubereats.com/cleveland/food-delivery/moes-southwest-grill-5920-mayfield-road/8s2ck-k6TtekhPFzUVoO0g,mayfield-ohio
https://www.ubereats.com/cleveland/food-delivery/chagrin-river-diner/iETlE5YsTYm8PIB1RkmVdQ,mayfield-ohio
https://www.ubereats.com/cleveland/food-delivery/tjs-on-the-avenue/HBm0cY6HSBOlkmOGtBT29Q,mayfield-ohio
https://www.ubereats.com/cleveland/food-delivery/the-pearl-asian-kitchen/XoxCZkHjT-OXexVAJejwfg,mayfield-ohio
https://www.ubereats.com/cleveland/food-delivery/daboros/48VzT7sKT7iL3093sW719Q,mayfield-ohio
https://www.ubereats.com/cleveland/food-delivery/two-bucks-eastlake/hhs8NxvySvi_EI0Gw4f8ag,mayfield-ohio
https://www.ubereats.com/cleveland/food-delivery/tgi-fridays-1546-cleveland-mentor-oh/HS7NUfHbSb2NVyP9bCAS_Q,mayfield-ohio
https://www.ubereats.com/cleveland/food-delivery/rise-and-shine-eatery/AhZMM1AXTKumO5J62ZpJww,mayfield-ohio
https://www.ubereats.com/cleveland/food-delivery/taco-bell-4537-mayfield-road/kBL6el_nQri5Q1W3Pop_XA,mayfield-ohio
https://www.ubereats.com/cleveland/food-delivery/cilantro-taqueria/uT2lr9aATdafcgK41UWZHw,mayfield-ohio
https://www.ubereats.com/cleveland/food-delivery/billys-a-cappelli-martini-bar/dvkdTSBGQ-Od69n_X7Prgg,mayfield-ohio
https://www.ubereats.com/cleveland/food-delivery/cortinas-family-restaurant/Ni4wIMbyTUeZ5H3QWheHDA,mayfield-ohio
https://www.ubereats.com/cleveland/food-delivery/dairy-queen-grill-%26-chill-34600-euclid-ave/x8GHaF4nT9qUNwF8KFhPIA,mayfield-ohio
https://www.ubereats.com/cleveland/food-delivery/js-pizza-market/6Q3DVpa6Q1mVpP1YjhgwzA,mayfield-ohio
https://www.ubereats.com/cleveland/food-delivery/paninis-bar-and-grill/mrnPSTZiQYOcczHlYtntpA,mayfield-ohio
https://www.ubereats.com/cleveland/food-delivery/victory-bistro-ultra-lounge/R67bTbXbR3SaFrC7krGGrg,mayfield-ohio
https://www.ubereats.com/cleveland/food-delivery/kfc-4001-mayfield/ALAcFLwtT--qTTr9e42iOQ,mayfield-ohio
https://www.ubereats.com/cleveland/food-delivery/j-pistone-market-%26-gathering-place/U-3tthqfTZqLurpL5XYLDg,mayfield-ohio
https://www.ubereats.com/cleveland/food-delivery/kfc-taco-bell-6030-enterprise-drive/qIaNtPPoQ5KBqtmu95pXBA,mayfield-ohio
https://www.ubereats.com/cleveland/food-delivery/chipotle-mexican-grill-7851-reynolds-rd/sbexkAO8QISVpDS6L5NWqA,mayfield-ohio
https://www.ubereats.com/cleveland/food-delivery/fresh-healthy-cafe-beachwood-place-mall/F_s7Knl-RmeHXjSOlmQ1xw,mayfield-ohio
https://www.ubereats.com/cleveland/food-delivery/outback-steakhouse-7785-plaza-bkvd/EYS9QHpBSQmk2jWfnVrRFg,mayfield-ohio
https://www.ubereats.com/cleveland/food-delivery/sidewalk-cafe-euclid/HL--GN0NSuO4mp2xeFDosQ,mayfield-ohio
https://www.ubereats.com/cleveland/food-delivery/the-rustic-grill-at-stonewater/KyBNym12Rqmp_CTbiKjA2g,mayfield-ohio
https://www.ubereats.com/cleveland/food-delivery/alfredos-at-the-inn-italian-restaurant/kTrJU8oZR6aBeZjoYp2Fsg,mayfield-ohio
https://www.ubereats.com/cleveland/food-delivery/chipotle-mexican-grill-6717-eastgate-dr/uG8RfajTTHSYVc3fWpRxwA,mayfield-ohio
https://www.ubereats.com/cleveland/food-delivery/rotasu-hibachi-carry-out-lake-shore-blvd/NHQT3qwaT1KQbaevgnLjBg,mayfield-ohio
https://www.ubereats.com/cleveland/food-delivery/wendys-1374-som-center/6uw1waw6TP-xJL0gRjV9Sg,mayfield-ohio
https://www.ubereats.com/cleveland/food-delivery/benihana-chargin-%26-green/Ij1iu9WtQ5alWU4SJT7Ajg,mayfield-ohio
https://www.ubereats.com/cleveland/food-delivery/the-sauce-boiling-seafood-express/1VWxlgbRTf2h9wdb0_PXow,mayfield-ohio
https://www.ubereats.com/cleveland/food-delivery/subway-28292-chardon-rd/5IVp8MTTT-6PT26_3ttM0w,mayfield-ohio
https://www.ubereats.com/cleveland/food-delivery/mcdonalds-euclid-%26-222nd-st/JCwRE-TmR62opnFwyXOP_Q,mayfield-ohio
https://www.ubereats.com/cleveland/food-delivery/mr-hero-richmond-%26-highland/M6PYlngyRI6xKUcoG9j6Jg,mayfield-ohio
https://www.ubereats.com/cleveland/food-delivery/incrediblefoodz/mSOnI9owQFaInYgmOJDjww,mayfield-ohio
https://www.ubereats.com/cleveland/food-delivery/arbys-5993-mayfield-rd/87MSBnGdTjWOx5TUPt2_cQ,mayfield-ohio
