url,city
https://www.ubereats.com/cleveland/food-delivery/charleys-philly-steaks-richmond-town-square/KFxsS4qvQSqGMglP_SscZw,mayfield-heights-ohio
https://www.ubereats.com/cleveland/food-delivery/dairy-queen-treat-5713-mayfield-rd/ajzkfni7T6SFnykKdxJ-og,mayfield-heights-ohio
https://www.ubereats.com/cleveland/food-delivery/pizzazz-on-the-circle/DNG6_uDWS2OjNDaLZH6kiQ,mayfield-heights-ohio
https://www.ubereats.com/cleveland/food-delivery/chippers/w3KeFZdPSUOYzlCzoqClUg,mayfield-heights-ohio
https://www.ubereats.com/cleveland/food-delivery/sam-sylks-chicken-and-fish/V2moey8ISAyDhi3MDDGSeQ,mayfield-heights-ohio
https://www.ubereats.com/cleveland/food-delivery/yours-truly-restaurant-chagrin-falls/pz-5EMc8SL21Eu7zaQheEA,mayfield-heights-ohio
https://www.ubereats.com/cleveland/food-delivery/bob-evans-509-3700-orange-place/nPD0lXaATjqlm-Ww82vx5Q,mayfield-heights-ohio
https://www.ubereats.com/cleveland/food-delivery/la-mexicana-cantina-and-grill/Btnahkk2RM-HnSktosklyA,mayfield-heights-ohio
https://www.ubereats.com/cleveland/food-delivery/starbucks-lyndhurst-cedar-road/FDflJ1yuQcSnPb9EAlmixA,mayfield-heights-ohio
https://www.ubereats.com/cleveland/food-delivery/fowl-play-highland-heights/LEOnG8VySHKImbT7TqQL6A,mayfield-heights-ohio
https://www.ubereats.com/cleveland/food-delivery/smoke-bbq-grill/2jQBPNbwSXyWaRYa3IfJhg,mayfield-heights-ohio
https://www.ubereats.com/cleveland/food-delivery/subway-30579-pinetree-rd/rjfAVFWXRw6mdsao-XeGaw,mayfield-heights-ohio
https://www.ubereats.com/cleveland/food-delivery/dunkin-5790-mayfield-rd/UJDQxM8KRfiPBco6akLBmQ,mayfield-heights-ohio
https://www.ubereats.com/cleveland/food-delivery/paragon/ildSnPKwTCqCfBADb5Uzag,mayfield-heights-ohio
https://www.ubereats.com/cleveland/food-delivery/teriyaki-express-warrensville-center/gjLVaiS0SRyuqlxAgF4CNA,mayfield-heights-ohio
https://www.ubereats.com/cleveland/food-delivery/pulp-juice-and-smoothie-bar/0h-pzmX1SF6rjjkM9RZ4vQ,mayfield-heights-ohio
https://www.ubereats.com/cleveland/food-delivery/cocos-locos-euclid-ave/skT8GilFQguMpYOkqgPNMw,mayfield-heights-ohio
https://www.ubereats.com/cleveland/food-delivery/plaza-agave/QWdxAWvOT86Mw5_fjV5Y6w,mayfield-heights-ohio
https://www.ubereats.com/cleveland/food-delivery/bar-sushi-cleveland/xVKsroSPQSS6HpTlR9dlkQ,mayfield-heights-ohio
https://www.ubereats.com/cleveland/food-delivery/the-cabin-of-willowick/YtX-jYHxQa6TlvNB7h6yfg,mayfield-heights-ohio
https://www.ubereats.com/cleveland/food-delivery/kfc-17585-lakeshore-blvd/wuRzUpj6QRqihZFwBWxPKQ,mayfield-heights-ohio
https://www.ubereats.com/cleveland/food-delivery/roly-poly/iC1yo6SJTvWxfpbTV7cVfQ,mayfield-heights-ohio
https://www.ubereats.com/cleveland/food-delivery/bar-louie-lyndhurst/xnEGGEUXRLergKPcu3mVxA,mayfield-heights-ohio
https://www.ubereats.com/cleveland/food-delivery/taco-bell-4660-northfield-rd/Y1G2_bd2RJKzKIwisLvFTA,mayfield-heights-ohio
https://www.ubereats.com/cleveland/food-delivery/fried-rice-hibachi-2-go/DXsbovfPSXS3BH1WhnOBfg,mayfield-heights-ohio
https://www.ubereats.com/cleveland/food-delivery/paladar-latin-kitchen-%26-rum-bar/JrIEehGXSkiUeyzIM1z5xg,mayfield-heights-ohio
https://www.ubereats.com/cleveland/food-delivery/angies-soul-cafe-emery-rd/UuqHGf6-TuadiGZjnzADNw,mayfield-heights-ohio
https://www.ubereats.com/cleveland/food-delivery/texas-de-brazil-woodmere/SSsviRT-SAeoJ01hmPnNOg,mayfield-heights-ohio
https://www.ubereats.com/cleveland/food-delivery/chipotle-mexican-grill-33599-aurora-rd/8wnJ1vrNQb2CsECCdPydVg,mayfield-heights-ohio
https://www.ubereats.com/cleveland/food-delivery/kuhars-carryout/B2B11ZXSTG2Ju1aRC114sw,mayfield-heights-ohio
https://www.ubereats.com/cleveland/food-delivery/harry-buffalo-highland/ZD19ic3eTNeuFtvI9Hzo9g,mayfield-heights-ohio
https://www.ubereats.com/cleveland/food-delivery/firebirds-wood-fired-grill-211-park-ave/NW_Sx9EVSQi7PmFzMtoR5Q,mayfield-heights-ohio
https://www.ubereats.com/cleveland/food-delivery/davis-bakery-and-delicatessen/fde-QkayRQSH0kEal1kxAw,mayfield-heights-ohio
https://www.ubereats.com/cleveland/food-delivery/subway-4265-monticello-blvd/n-Xh-e-4TE-Cb4e7BXIPzA,mayfield-heights-ohio
https://www.ubereats.com/cleveland/food-delivery/fionas-coffee-bar-and-bakery/KioA-VdVQYyLOsfdkvAKMQ,mayfield-heights-ohio
https://www.ubereats.com/cleveland/food-delivery/sunshine-cafe/Zb6GVBA8SryXjm8j43nsyQ,mayfield-heights-ohio
https://www.ubereats.com/cleveland/food-delivery/jersey-mikes-36295-euclid-avenue/FVSLlgwqQdOe6eZJ4C_aMQ,mayfield-heights-ohio
https://www.ubereats.com/cleveland/food-delivery/convenient-food-mart/CLoF-HzmRGCzKgsmwEcfXw,mayfield-heights-ohio
https://www.ubereats.com/cleveland/food-delivery/bibibop-asian-grill-511-park-avenue-suite-149/ExaxcIQoSfqV2KtWu_oJ5Q,mayfield-heights-ohio
https://www.ubereats.com/cleveland/food-delivery/shake-shack-311-park-avenue/W5K_d6XES56WrNksLe72Pw,mayfield-heights-ohio
https://www.ubereats.com/cleveland/food-delivery/mr-hero-taylor-rd/ekS406RtR8WeyXhMvnby9A,mayfield-heights-ohio
https://www.ubereats.com/cleveland/food-delivery/the-kitchen/yH8AIGcKSTq86OcFgdLD5w,mayfield-heights-ohio
https://www.ubereats.com/cleveland/food-delivery/chick-fil-a-6390-mayfield-rd/Jmecn34XQBCtxIUwLygMMA,mayfield-heights-ohio
https://www.ubereats.com/cleveland/food-delivery/boaz-fresh-lebanese/k6jI59zTQsK91UYZlvYM3g,mayfield-heights-ohio
https://www.ubereats.com/cleveland/food-delivery/kfc-5516-warrensville-center-road/k9QVNtEHSK6n1nQSarijMA,mayfield-heights-ohio
https://www.ubereats.com/cleveland/food-delivery/village-martini-%26-wine-bar/A2b5tnL-Rk2nreQLO5nrwg,mayfield-heights-ohio
https://www.ubereats.com/cleveland/food-delivery/fusions-seafood-%26-soul/Cunal6yIQGKpmmOKb3yyMg,mayfield-heights-ohio
https://www.ubereats.com/cleveland/food-delivery/off-the-grill-%26-seafood/qUxzurGSSqKNWIBJfRKqBA,mayfield-heights-ohio
https://www.ubereats.com/cleveland/food-delivery/rascal-house-pizza-euclid/45TVb9L_SRedYPY_dVnpvw,mayfield-heights-ohio
https://www.ubereats.com/cleveland/food-delivery/rascal-house-pizza-university-heights/6Jq05x6uSLmwoSSuUwMOpw,mayfield-heights-ohio
https://www.ubereats.com/cleveland/food-delivery/sunny-asian-food/GK4iUfrgTlqTW5mcBrSMsQ,mayfield-heights-ohio
https://www.ubereats.com/cleveland/food-delivery/hilltop-lounge/pMvCViYRQoWQ8I-PcJtcfg,mayfield-heights-ohio
https://www.ubereats.com/cleveland/food-delivery/chipotle-mexican-grill-28077-chagrin-blvd/Zc9KLrqpRd23AFslgKoeFA,mayfield-heights-ohio
https://www.ubereats.com/cleveland/food-delivery/taco-bell-7753-mentor-avenue/d7wzXvd6SrG1-Rdy-MT88g,mayfield-heights-ohio
https://www.ubereats.com/cleveland/food-delivery/sbarro-26300-cedar-road/f_i3L95GSHqeGiBw0q8raA,mayfield-heights-ohio
https://www.ubereats.com/cleveland/food-delivery/pizza-express-cleveland/QgE8ewtORZyWcw73dLcqYg,mayfield-heights-ohio
https://www.ubereats.com/cleveland/food-delivery/georgios-oven-fresh-pizza-co/GrA0FOFjQzezDmfD3yXx3w,mayfield-heights-ohio
https://www.ubereats.com/cleveland/food-delivery/burntwood-tavern-chagrin-falls/8B7BZtjgSAqzYaHoFzP-DA,mayfield-heights-ohio
https://www.ubereats.com/cleveland/food-delivery/blu-the-restaurant/pzaSVo6iR7ON9cGUYJWNQA,mayfield-heights-ohio
https://www.ubereats.com/cleveland/food-delivery/taste-of-kerala-cafe-mayfield/t2cMH_C_QnWTh-h5iqigwg,mayfield-heights-ohio
https://www.ubereats.com/cleveland/food-delivery/starbucks-cedar-road-cleveland-heights/wDsGhoMdTXKCb_pyJvOWOA,mayfield-heights-ohio
https://www.ubereats.com/cleveland/food-delivery/jersey-mikes-subs-28450-chagrin-blvd/q7RUv1_KScKc9VFZO2QF6Q,mayfield-heights-ohio
https://www.ubereats.com/cleveland/food-delivery/abos-grill/3MlpKK-jQPW7JJpUfpJs9g,mayfield-heights-ohio
https://www.ubereats.com/cleveland/food-delivery/hooley-house-sports-pub-%26-grille-reynolds/sqYVBmyoQHKYcbcZzSTqTA,mayfield-heights-ohio
https://www.ubereats.com/cleveland/food-delivery/pie-o-mine-greens/6smj0IzxTRCV_lrbUmB-NQ,mayfield-heights-ohio
https://www.ubereats.com/cleveland/food-delivery/corky-%26-lennys/6S5tRSAHS7uaQmQNmPwNPQ,mayfield-heights-ohio
https://www.ubereats.com/cleveland/food-delivery/firehouse-subs-6232-mayfield-road/eK5LePF0RUGgzZxiqN-Z_A,mayfield-heights-ohio
https://www.ubereats.com/cleveland/food-delivery/visions-blu-ultra-lounge/cYVRCbw2QSiLMKmm7t-Qow,mayfield-heights-ohio
https://www.ubereats.com/cleveland/food-delivery/cafe-europa-and-bistro/TQJSRUjVT4GyHm3F3uR_vw,mayfield-heights-ohio
https://www.ubereats.com/cleveland/food-delivery/auntie-annes-26300-cedar-rd/mMcWlXgqSJmJG7jaq3LmXA,mayfield-heights-ohio
https://www.ubereats.com/cleveland/food-delivery/hunan/EKE6fqL4SvqqSzAsuGIFXA,mayfield-heights-ohio
https://www.ubereats.com/cleveland/food-delivery/pastativo/AoxePX2hRnCx1iGBF2-t4g,mayfield-heights-ohio
https://www.ubereats.com/cleveland/food-delivery/yours-truly-restaurant-solon/SzCdvlF7RLGoeIHVVt8wiQ,mayfield-heights-ohio
https://www.ubereats.com/cleveland/food-delivery/corbos-pasta-and-pizza-house/YiTuhTCCQtmXKR9UpXVtoA,mayfield-heights-ohio
https://www.ubereats.com/cleveland/food-delivery/the-rib-cage-smokehouse/g_iE3x_QT2aeAQF7vJoTXw,mayfield-heights-ohio
https://www.ubereats.com/cleveland/food-delivery/munch-a-simple-kitchen/IsmwakcnQL25YaI92x3LSg,mayfield-heights-ohio
https://www.ubereats.com/cleveland/food-delivery/burgers-2-beer-solon/EXQ7HRvHRFWT98lKgCfoVg,mayfield-heights-ohio
https://www.ubereats.com/cleveland/food-delivery/taste/CSC0z2ifR7ePcDKxpuf3bQ,mayfield-heights-ohio
https://www.ubereats.com/cleveland/food-delivery/pita-potle/HXxNQOuuTPi_xomDlS0Hnw,mayfield-heights-ohio
https://www.ubereats.com/cleveland/food-delivery/graeters-ice-cream-pinecrest/DlDEFfDoTeiUsPdR6DYeLg,mayfield-heights-ohio
https://www.ubereats.com/cleveland/food-delivery/cinnabon-26300-cedar-rd-%235540/IzK6ORuxQZuTePZtriekcA,mayfield-heights-ohio
https://www.ubereats.com/cleveland/food-delivery/five-guys-oh-0396-1237-som-center-rd/QXQqhDBISvOs7SCWRKmViQ,mayfield-heights-ohio
https://www.ubereats.com/cleveland/food-delivery/jamerican-kitchen/tlhxBIjXQuWAOzm9hSeElQ,mayfield-heights-ohio
https://www.ubereats.com/cleveland/food-delivery/play-arcade-%2B-kitchen/IR_L1X03TLmZ5igPVaaspQ,mayfield-heights-ohio
https://www.ubereats.com/cleveland/food-delivery/m-italian/q4LikLjfQaePaDlsjhKyUw,mayfield-heights-ohio
https://www.ubereats.com/cleveland/food-delivery/manhattan-deli-bar-%26-grille/6hxmuDhQRlSvy4a2LSqqwg,mayfield-heights-ohio
https://www.ubereats.com/cleveland/food-delivery/cork-n-bottle/eU2IfUQhRRONna5hISQpEw,mayfield-heights-ohio
https://www.ubereats.com/cleveland/food-delivery/jets-pizza-lyndhurst/hrGNpDS8Swu2xtxAJ8pkCg,mayfield-heights-ohio
https://www.ubereats.com/cleveland/food-delivery/christophers-pub/KVgG7VvdThybdwUijyzKFQ,mayfield-heights-ohio
https://www.ubereats.com/cleveland/food-delivery/jets-pizza-willoughby/UgzhT4ciTbyrNuijlCbagA,mayfield-heights-ohio
https://www.ubereats.com/cleveland/food-delivery/mirage-party-center/8afFMyXpQzCtpXTv3p1vgA,mayfield-heights-ohio
https://www.ubereats.com/cleveland/food-delivery/five-guys-oh-0452-4025-richmond-rd/P_l9nmq6RM-2_HVFsynk9A,mayfield-heights-ohio
https://www.ubereats.com/cleveland/food-delivery/wendys-3516-warrensville-center-road/_b3QL9F0TwaNUyKLRLhAWA,mayfield-heights-ohio
https://www.ubereats.com/cleveland/food-delivery/first-watch-mayfield-heights/ZSTkF0ABRbSqyBgEfSsnLA,mayfield-heights-ohio
https://www.ubereats.com/cleveland/food-delivery/jersey-mikes-subs-8440-e-washington-st/q6425xc5RDydnPUK8JWMlA,mayfield-heights-ohio
https://www.ubereats.com/cleveland/food-delivery/clean-eating/uvxe6uJzQRaVyfGiXtfNfQ,mayfield-heights-ohio
https://www.ubereats.com/cleveland/food-delivery/marcos-pizza-6096-mayfield-rd/pKTd9VuORFyuIH-mzeNeXw,mayfield-heights-ohio
https://www.ubereats.com/cleveland/food-delivery/mitchells-fish-market-28601-chagrin-blvd/z_wx93dSQ0if4ciG-QE8eQ,mayfield-heights-ohio
https://www.ubereats.com/cleveland/food-delivery/columbo-room-bar-%26-grill/u_Owx5kaTTOvLxFPYvO4zQ,mayfield-heights-ohio
https://www.ubereats.com/cleveland/food-delivery/arova/pjw5My6IRF-WT5e2ydYgUg,mayfield-heights-ohio
https://www.ubereats.com/cleveland/food-delivery/daves-cosmic-subs-university-heights/A6VtPDFESUWxvzpNCf5s9Q,mayfield-heights-ohio
https://www.ubereats.com/cleveland/food-delivery/ella-maes-soulfood/K4oLsP7ISVWEu7sfmb0dcg,mayfield-heights-ohio
https://www.ubereats.com/cleveland/food-delivery/bibibop-asian-grill-13934-cedar-road/JnCciIc_SruQ9eH2ZZZdUg,mayfield-heights-ohio
https://www.ubereats.com/cleveland/food-delivery/black-box-fix/m8kwDTCxSfCgcriwIFOwOw,mayfield-heights-ohio
https://www.ubereats.com/cleveland/food-delivery/chick-fil-a-26300-cedar-rd-ste-fc5/jBOdj1T3Q46yYatFuN70Tw,mayfield-heights-ohio
https://www.ubereats.com/cleveland/food-delivery/b-%26-m-bbq/i8j5AIdzT8OceayGNzg7wQ,mayfield-heights-ohio
https://www.ubereats.com/cleveland/food-delivery/buffalo-wild-wings-12459-cedar-rd/WBiRQIMISfyJizD6SEWWkQ,mayfield-heights-ohio
https://www.ubereats.com/cleveland/food-delivery/starbucks-mayfield-road-cleveland-heights/ngKGf3NfSlOFA5e8aXXOyQ,mayfield-heights-ohio
https://www.ubereats.com/cleveland/food-delivery/burger-king-14101-cedar-road/mS-EPCaJQFOJXygHAgVQDA,mayfield-heights-ohio
https://www.ubereats.com/cleveland/food-delivery/speedys-grub-shack-northfield/cvcZBjeuTfqtUhwH7baYbA,mayfield-heights-ohio
https://www.ubereats.com/cleveland/food-delivery/ocho-rios-true-island-cuisine/TzEKUQkGQMWhA2VscU0stg,mayfield-heights-ohio
https://www.ubereats.com/cleveland/food-delivery/yours-truly-restaurant-beachwood/K47k1DpURGSEXPeB6M8poQ,mayfield-heights-ohio
https://www.ubereats.com/cleveland/food-delivery/georgios-oven-fresh-pizza-co-highland-rd/3qbDZWLcRkOJWSkTr5iB7g,mayfield-heights-ohio
https://www.ubereats.com/cleveland/food-delivery/applebees-5658-mayfield-road-%2386019/_hcFA_cTQcOKmDX7EEsz6A,mayfield-heights-ohio
https://www.ubereats.com/cleveland/food-delivery/cracker-barrel-old-country-store-6055-som-center-rd/nYsuZZecSX-BEGuaLZtfsg,mayfield-heights-ohio
https://www.ubereats.com/cleveland/food-delivery/mr-hero-mayfield-%26-willshire/EN9huLRDQRSdPCD3mRBXuw,mayfield-heights-ohio
https://www.ubereats.com/cleveland/food-delivery/saffron-patch/nhCKp3h7R4KL0kFqe0h_Ew,mayfield-heights-ohio
https://www.ubereats.com/cleveland/food-delivery/little-caesars-16882-harvard-ave/fsFscPYZT_yH1f0X_bxEWA,mayfield-heights-ohio
https://www.ubereats.com/cleveland/food-delivery/the-boiler-65-south-euclid/IViTwDnKRaKyXQdX_um5vg,mayfield-heights-ohio
https://www.ubereats.com/cleveland/food-delivery/goodfellasbbq/RAbp80yISm22NPCBMVl_tA,mayfield-heights-ohio
https://www.ubereats.com/cleveland/food-delivery/mcdonalds-bishop-%26-chardon/dT9dqtmmTROkdzASVcOSzg,mayfield-heights-ohio
https://www.ubereats.com/cleveland/food-delivery/famous-gyro-george-euclid-indian-hills/aviL6JgYTR-HGNPoOWM5QA,mayfield-heights-ohio
https://www.ubereats.com/cleveland/food-delivery/pacific-grill/sNBlXGIuSO-5CcyoFeNOnA,mayfield-heights-ohio
https://www.ubereats.com/cleveland/food-delivery/papa-johns-16981-chagrin-blvd/UM_sX3ToQX6cmUw9xMIHvQ,mayfield-heights-ohio
https://www.ubereats.com/cleveland/food-delivery/china-dragon/Qs--jnErShGUHcJe4FT-WA,mayfield-heights-ohio
https://www.ubereats.com/cleveland/food-delivery/jenis-cleveland-chagrin-falls/S5vKzjNqSIG4G4fA2CPubg,mayfield-heights-ohio
https://www.ubereats.com/cleveland/food-delivery/kfc-34400-euclid-avenue/1tO4GKbeRpGF91fyhOCDxg,mayfield-heights-ohio
https://www.ubereats.com/cleveland/food-delivery/five-guys-oh-1530-13971-cedar-rd/mqAOTmIOR3WueUWBpr3TAA,mayfield-heights-ohio
https://www.ubereats.com/cleveland/food-delivery/jacks-deli-%26-restaurant/M1iCS2crQS6A92eudmSqcg,mayfield-heights-ohio
https://www.ubereats.com/cleveland/food-delivery/krack-of-dawn-restaurant-chardon-rd/KK6OIGuHS-qFWpypksN_Ug,mayfield-heights-ohio
https://www.ubereats.com/cleveland/food-delivery/republix/ER_3NFTUSy2bHaH60SRrVA,mayfield-heights-ohio
https://www.ubereats.com/cleveland/food-delivery/kevantes-restaurant-%26-lounge/NT7Nb7kRSbSjGQoPeAbJYA,mayfield-heights-ohio
https://www.ubereats.com/cleveland/food-delivery/golden-dragon-restaurant-woks-%26-roll/oQv3osWHQMOpkPS-dgBGWw,mayfield-heights-ohio
https://www.ubereats.com/cleveland/food-delivery/honeybaked-ham-1257-som-center-rd/N7F8iE7OQf6q11Fayhcdxw,mayfield-heights-ohio
https://www.ubereats.com/cleveland/food-delivery/anthonys-place-bar-and-grille-legacy-5-lounge/zFe6K4KWQ4WBXclfySvriw,mayfield-heights-ohio
https://www.ubereats.com/cleveland/food-delivery/guys-pizza-co-euclid/wqqWao5gS0G0gbOCqcFlUg,mayfield-heights-ohio
https://www.ubereats.com/cleveland/food-delivery/hyde-park-prime-steakhouse-beachwood/UUd9-WRNRsmalPLRp5Wt9A,mayfield-heights-ohio
https://www.ubereats.com/cleveland/food-delivery/sicileys-pizza/Lr8F_7-BSICqfYkc30oZyQ,mayfield-heights-ohio
https://www.ubereats.com/cleveland/food-delivery/angelas-family-restaurant/pOzfcK6iTcOfB4yKtCz1dA,mayfield-heights-ohio
https://www.ubereats.com/cleveland/food-delivery/hanini-express-east-185th/o9VpJMiMTgSdaiygqhTHQw,mayfield-heights-ohio
https://www.ubereats.com/cleveland/food-delivery/qdoba-mexican-eats-highland-heights/E34R3MDJSja34dVir7Idhg,mayfield-heights-ohio
https://www.ubereats.com/cleveland/food-delivery/juice-up-cold-press/cz3pgpVLRwWtgY58mcCsgg,mayfield-heights-ohio
https://www.ubereats.com/cleveland/food-delivery/jade-chinese-kitchen/5cetvdFnRG-lf3LSdWZy0A,mayfield-heights-ohio
https://www.ubereats.com/cleveland/food-delivery/the-fairmount/5pOAxsI_Q9ig_IKl-KF8XA,mayfield-heights-ohio
https://www.ubereats.com/cleveland/food-delivery/yes-its-fresh/AgqtZOWpSjek8x5Bjd-9aA,mayfield-heights-ohio
https://www.ubereats.com/cleveland/food-delivery/yours-truly-restaurant-mayfield-village/GXDNEfArRhu1lslp6FcROA,mayfield-heights-ohio
https://www.ubereats.com/cleveland/food-delivery/citizen-pie-waterloo/2wNaZiKUTtSf33a9Y6TI-g,mayfield-heights-ohio
https://www.ubereats.com/cleveland/food-delivery/panera-204652/yYbCt3_IQC2QCL7-NdXXng,mayfield-heights-ohio
https://www.ubereats.com/cleveland/food-delivery/taco-bell-26002-euclid-ave/slO48dOIQHG5VXY-PptWmg,mayfield-heights-ohio
https://www.ubereats.com/cleveland/food-delivery/the-vegan-pizza-company/q6JyAlfPSJe_yZOoDmBFBg,mayfield-heights-ohio
https://www.ubereats.com/cleveland/food-delivery/panda-express-2100-warrensville-center-rd/huX6b3vETdKsTyxulb98gQ,mayfield-heights-ohio
https://www.ubereats.com/cleveland/food-delivery/burger-king-6251-mayfield-road/zz2wR8QYRGWJCVf_56_Bkg,mayfield-heights-ohio
https://www.ubereats.com/cleveland/food-delivery/condado-tacos-pinecrest/Fa4Xt1clQ5O2KUAZSffz2A,mayfield-heights-ohio
https://www.ubereats.com/cleveland/food-delivery/the-original-pancake-house-28700-chagrin-blvd/-soWtPn1RYmnRai6I-L1hA,mayfield-heights-ohio
https://www.ubereats.com/cleveland/food-delivery/sonic-5836-mayfield-road/TTjUG9PtQUGM009MlJ67Lg,mayfield-heights-ohio
https://www.ubereats.com/cleveland/food-delivery/famous-gyro-george-maple-heights/ARakZm8AQROkT1zXsfAvyg,mayfield-heights-ohio
https://www.ubereats.com/cleveland/food-delivery/starbucks-mayfield-heights/C2d_5-SZQjWLa1JnIdC4xg,mayfield-heights-ohio
https://www.ubereats.com/cleveland/food-delivery/dunkin-2801-bishop-rd/v5ZnimRcSfyYXiHiKyqElg,mayfield-heights-ohio
https://www.ubereats.com/cleveland/food-delivery/starbucks-woodmere-center/0T5QLwkyRre1wDXwclIe6Q,mayfield-heights-ohio
https://www.ubereats.com/cleveland/food-delivery/wendys-13246-cedar-road/6iKm8MS-QgiWWeQD0kufGA,mayfield-heights-ohio
https://www.ubereats.com/cleveland/food-delivery/qdoba-mexican-eats-shaker-plaza/H3KSrYLyRjG-i5ZiJ6uhyg,mayfield-heights-ohio
https://www.ubereats.com/cleveland/food-delivery/michaels-genuine-food-%26-drink-shaker-heights/1QHw9ETxRra1PYFOvFJKNQ,mayfield-heights-ohio
https://www.ubereats.com/cleveland/food-delivery/pf-changs-26001-chagrin-blvd/sT2p1SBiS3WCQpYXll3b4w,mayfield-heights-ohio
https://www.ubereats.com/cleveland/food-delivery/zoup!-richmond-road/v8NqSjGFQdKjlm5G-SSF7A,mayfield-heights-ohio
https://www.ubereats.com/cleveland/food-delivery/chipotle-mexican-grill-22250-lake-shore-blvd/p9WOrjO6TeGz27yM6bWQNg,mayfield-heights-ohio
https://www.ubereats.com/cleveland/food-delivery/quaker-steak-%26-lube-7834-reynolds-road/1MmH7FawSHWL-ELrUG88Dw,mayfield-heights-ohio
https://www.ubereats.com/cleveland/food-delivery/charleys-philly-steaks-26300-cedar-rd/CKCj697uSRSdaxB8_YhGEA,mayfield-heights-ohio
https://www.ubereats.com/cleveland/food-delivery/georgios-oven-fresh-pizza-chesterland/LH3S1T4PQE-40BQIMex3kA,mayfield-heights-ohio
https://www.ubereats.com/cleveland/food-delivery/fox-%26-hound-1479-som-center-road/cLC2rJeTS1KN5cpDYYXAIA,mayfield-heights-ohio
https://www.ubereats.com/cleveland/food-delivery/choolaah-indian-bbq-orange-village/yS4GSfHyQsmIeXXBpenUdw,mayfield-heights-ohio
https://www.ubereats.com/cleveland/food-delivery/subway-22293-euclid-ave/xKbYpYoSQJ6xoTqE2oZ4-w,mayfield-heights-ohio
https://www.ubereats.com/cleveland/food-delivery/tres-potrillos/OdHkCflUSfaqUyn4D_fNpA,mayfield-heights-ohio
https://www.ubereats.com/cleveland/food-delivery/kfc-26021-euclid-avenue/E6a-_CgXREqJnQRyUofCQA,mayfield-heights-ohio
https://www.ubereats.com/cleveland/food-delivery/china-sea/ISiDfFwITbi_OyVfGGoyEQ,mayfield-heights-ohio
https://www.ubereats.com/cleveland/food-delivery/lonnies-boy/dEFi75cESjSGGpV0odB-yA,mayfield-heights-ohio
https://www.ubereats.com/cleveland/food-delivery/on-the-rise-artisan-bread-%26-pastries/31heu6PASza6nbNtAH5eDA,mayfield-heights-ohio
https://www.ubereats.com/cleveland/food-delivery/dunkin-6353-som-center-rd/kOvCaSciQDGg4iFCU-w3KA,mayfield-heights-ohio
https://www.ubereats.com/cleveland/food-delivery/chipotle-mexican-grill-36200-euclid-ave-ste-12/8se8eAjyTu65oP6ihgYRkg,mayfield-heights-ohio
https://www.ubereats.com/cleveland/food-delivery/rb-%26-jb-eatery/mKtkHG2jRSKs4D3lJjYGXQ,mayfield-heights-ohio
https://www.ubereats.com/cleveland/food-delivery/california-pizza-kitchen-25365-cedar-road/OtmfvKwERMqUd3OaIO8ZiQ,mayfield-heights-ohio
https://www.ubereats.com/cleveland/food-delivery/freddies-rib-house/gPzGqxx1SE-1HCKTyCTU5Q,mayfield-heights-ohio
https://www.ubereats.com/cleveland/food-delivery/fix-bistro/WeAqmV9LRb6zWTKTnEEpLg,mayfield-heights-ohio
https://www.ubereats.com/cleveland/food-delivery/buffalo-wild-wings-5433-mayfield-rd/QRjUL3-BR6qfCY0UGzwhSA,mayfield-heights-ohio
https://www.ubereats.com/cleveland/food-delivery/vs-gourmet-chicken-%26-ribs/AyWz7ErER_Wlc7dJWETzUw,mayfield-heights-ohio
https://www.ubereats.com/cleveland/food-delivery/wendys-27400-chagrin-blvd/kq18r2OtS_2-xanSKKikPg,mayfield-heights-ohio
https://www.ubereats.com/cleveland/food-delivery/davis-bakery-and-delicatessen-warrensville-heights/V_kpivYCQdqgMICjFrxCzw,mayfield-heights-ohio
https://www.ubereats.com/cleveland/food-delivery/cucina-rustica/waOvA7T_S--SYfO4rKyKZQ,mayfield-heights-ohio
https://www.ubereats.com/cleveland/food-delivery/pizzeria-forno/tOaQUgaFQ5CAoI_pDfhL0Q,mayfield-heights-ohio
https://www.ubereats.com/cleveland/food-delivery/5-points-grille/QQVwlinQQ2KAsHH17CUqWQ,mayfield-heights-ohio
https://www.ubereats.com/cleveland/food-delivery/unbar-cafe/wY-lFAnwRpKRS0F6bBSICg,mayfield-heights-ohio
https://www.ubereats.com/cleveland/food-delivery/first-wok/oE0t7ubNR2e_N2nN1eIndg,mayfield-heights-ohio
https://www.ubereats.com/cleveland/food-delivery/kfc-22855-emery-road/nQIZsbjuQ1i5kcv1GdkUrw,mayfield-heights-ohio
https://www.ubereats.com/cleveland/food-delivery/smokey-bones-mentor/qWoGsHGVTP-ksqR4eXEJkQ,mayfield-heights-ohio
https://www.ubereats.com/cleveland/food-delivery/chipotle-mexican-grill-13937-cedar-rd/sCDus7g1S_-PBOzp2MzJ6Q,mayfield-heights-ohio
https://www.ubereats.com/cleveland/food-delivery/fishstix/xMFbY6lcQYq8jF_HybPY7A,mayfield-heights-ohio
https://www.ubereats.com/cleveland/food-delivery/starbucks-willoughby-som-center/aV3jA2ISTNGafFMgMoz0Dg,mayfield-heights-ohio
https://www.ubereats.com/cleveland/food-delivery/mcdonalds-richmond-%26-highland/lG7yiPRfRD657l6feOA5HA,mayfield-heights-ohio
https://www.ubereats.com/cleveland/food-delivery/ballantine/PZbD-EGnSBaYooRufHEDhg,mayfield-heights-ohio
https://www.ubereats.com/cleveland/food-delivery/picnic-hill-market-cafe/dQqkUUUOTVmziCRP_ZOtTw,mayfield-heights-ohio
https://www.ubereats.com/cleveland/food-delivery/pinstripes-cleveland/tYlyNgWTTqCVomglYLDtZg,mayfield-heights-ohio
https://www.ubereats.com/cleveland/food-delivery/pulp-juice-and-smoothie-bar/mWwHV6ybTXy-KV2PKvn-NQ,mayfield-heights-ohio
https://www.ubereats.com/cleveland/food-delivery/benihana-chargin-%26-green/Ij1iu9WtQ5alWU4SJT7Ajg,mayfield-heights-ohio
https://www.ubereats.com/cleveland/food-delivery/swerve-grille/vQgqDPJQRy-JVAnsR_L5CQ,mayfield-heights-ohio
https://www.ubereats.com/cleveland/food-delivery/bomba-tacos/E1C8_aTQRM-L4DftSu-d1g,mayfield-heights-ohio
https://www.ubereats.com/cleveland/food-delivery/dennys-6207-wilson-mills-rd/9hvJMC5YSwenFLDE69RBWw,mayfield-heights-ohio
https://www.ubereats.com/cleveland/food-delivery/taco-bell-5855-mayfield-road/hZwgIXBTQ4m02EzKXyzQYQ,mayfield-heights-ohio
https://www.ubereats.com/cleveland/food-delivery/peking-chinese-restaurant/5Qwu9jA8TlOzhEwmNWWQ7g,mayfield-heights-ohio
https://www.ubereats.com/cleveland/food-delivery/subway-5615-mayfield-rd/zy3_pCukRAK24yVEs3qXRA,mayfield-heights-ohio
https://www.ubereats.com/cleveland/food-delivery/chuck-e-cheese-1615-golden-gate-plaza/HR_ygcBiQ_qwp9uWeFsJ-Q,mayfield-heights-ohio
https://www.ubereats.com/cleveland/food-delivery/ts-place/Mi7nuA54Qh2r5Gh-RHix8w,mayfield-heights-ohio
https://www.ubereats.com/cleveland/food-delivery/subway-6107-mayfield-rd/KbMmh2oxTUWFdMPdKU_q4A,mayfield-heights-ohio
https://www.ubereats.com/cleveland/food-delivery/best-gyros-mayfield-heights/xZ2IKL39SGmvFj8Q8gZY-w,mayfield-heights-ohio
https://www.ubereats.com/cleveland/food-delivery/pacific-east-japanese-restaurant/I4Ca0-35QtG29329pJkraQ,mayfield-heights-ohio
https://www.ubereats.com/cleveland/food-delivery/neo-sports-bar-and-grill/jRlUOvEZS_apcowE_LUAXA,mayfield-heights-ohio
https://www.ubereats.com/cleveland/food-delivery/sub-city/CsF8RxC6QNC3-LjoBP4RuA,mayfield-heights-ohio
https://www.ubereats.com/cleveland/food-delivery/burntwood-tavern-lyndhurst/P7CHGDkpS8CdJxJDErJ45w,mayfield-heights-ohio
https://www.ubereats.com/cleveland/food-delivery/the-standard/XD512dFUQtiWLlTSOyy58A,mayfield-heights-ohio
https://www.ubereats.com/cleveland/food-delivery/mcdonalds-warrensville-%26-bushnell/TjzouEH3T_aenMnz4v71dA,mayfield-heights-ohio
https://www.ubereats.com/cleveland/food-delivery/dales-deli/JYaUCo0DSOeiQA8ME7y5lQ,mayfield-heights-ohio
https://www.ubereats.com/cleveland/food-delivery/otani-japanese-restaurant/gDENbH6QRFCBsh_8KwBlHA,mayfield-heights-ohio
https://www.ubereats.com/cleveland/food-delivery/subway-25991-highland-rd/OKNBDpHXT9-k-ycomD_QWg,mayfield-heights-ohio
https://www.ubereats.com/cleveland/food-delivery/taste-of-kerala/ncbn1pgiQbGcCubZnSXhpw,mayfield-heights-ohio
https://www.ubereats.com/cleveland/food-delivery/fresh-and-meaty-burgers/JWGHND2QSFShHkB2oxs9FQ,mayfield-heights-ohio
https://www.ubereats.com/cleveland/food-delivery/chipotle-mexican-grill-6267-wilson-mills-rd-unit-a/RYPZ6IcqTGC0IQhPPa3l5A,mayfield-heights-ohio
https://www.ubereats.com/cleveland/food-delivery/ben-%26-jerrys-john-carroll-%26-fairmount/8J96WU9vSU2F5v828ENxnw,mayfield-heights-ohio
https://www.ubereats.com/cleveland/food-delivery/ra-sushi-bar-23611-chargin-blvd/8hFMfxYKR1eS3tBbs3ij2w,mayfield-heights-ohio
https://www.ubereats.com/cleveland/food-delivery/wingkee/fPjoz7XSQKKFBBalicHJdw,mayfield-heights-ohio
https://www.ubereats.com/cleveland/food-delivery/hibachi-steakhouse/wv5V61yoTwaKrvbDCBkQWg,mayfield-heights-ohio
https://www.ubereats.com/cleveland/food-delivery/papa-johns-pizza-33411-aurora-rd/C3rs8ASgQaS_bPzLQr18zQ,mayfield-heights-ohio
https://www.ubereats.com/cleveland/food-delivery/qs-cafe/6OK6wR1PRDG77pyN98jX1w,mayfield-heights-ohio
https://www.ubereats.com/cleveland/food-delivery/murray-hill-market/5LCQ8XZcSuKjgDzhkfoRdw,mayfield-heights-ohio
https://www.ubereats.com/cleveland/food-delivery/mcdonalds-mayfield-%26-green/SI3usFl0RYuOliJL3UU2DA,mayfield-heights-ohio
https://www.ubereats.com/cleveland/food-delivery/jersey-mikes-subs-wilson-mills/ihHagAqJQ32swrX02uvmJQ,mayfield-heights-ohio
https://www.ubereats.com/cleveland/food-delivery/buffalo-wild-wings-26200-harvard-rd/NJsvFt4nRNGm6nsIgX6kzw,mayfield-heights-ohio
https://www.ubereats.com/cleveland/food-delivery/famous-gyro-george-lee-road/5oC-SgykQQiTTOL1Z__p-g,mayfield-heights-ohio
https://www.ubereats.com/cleveland/food-delivery/pizzafire-highland-heights/v1BrOS_HQIOWmxW8Ov7kCw,mayfield-heights-ohio
https://www.ubereats.com/cleveland/food-delivery/dunkin-4959-richmond-rd/vZzsnUf8Q4KtDwHaNXTGxQ,mayfield-heights-ohio
https://www.ubereats.com/cleveland/food-delivery/sam-sylk-chicken-and-fish-shaker-heights/Y61EJR2oSzyplRxif734IA,mayfield-heights-ohio
https://www.ubereats.com/cleveland/food-delivery/the-sweet-fix-bakery/VwpK0a66SYGt617VB00SdA,mayfield-heights-ohio
https://www.ubereats.com/cleveland/food-delivery/starbucks-chagrin-road-and-green-blvd/dpTP8hHtRFiu0tuJ0qClbg,mayfield-heights-ohio
https://www.ubereats.com/cleveland/food-delivery/papa-johns-pizza-34804-euclid-ave/FbxbiJtBTrmYHANMHKlW9w,mayfield-heights-ohio
https://www.ubereats.com/cleveland/food-delivery/first-watch-pinecrest/YpHU9uM6RKqRU1D6zNkubQ,mayfield-heights-ohio
https://www.ubereats.com/cleveland/food-delivery/whitmores-bar-b-q20209-harvard-ave/XXWxdydEQq-uGCQ2EiHqAw,mayfield-heights-ohio
https://www.ubereats.com/cleveland/food-delivery/red-lobster-3655-orange-place/1L1ngzU_TDWzKFERAKi-PQ,mayfield-heights-ohio
https://www.ubereats.com/cleveland/food-delivery/jalapeno-loco/7BNxDuM6RTuQkBl6-gPIuw,mayfield-heights-ohio
https://www.ubereats.com/cleveland/food-delivery/tommy-vs-pastaria/EOdasS8MSyS5kDADreAfGg,mayfield-heights-ohio
https://www.ubereats.com/cleveland/food-delivery/daves-cosmic-subs-chagrin-falls/SZO6OD0YQOy_9E1FlcFYnQ,mayfield-heights-ohio
https://www.ubereats.com/cleveland/food-delivery/lady-luck-mts/XvaOyW8aQs-7rPWFNIdJCg,mayfield-heights-ohio
https://www.ubereats.com/cleveland/food-delivery/the-dessert-aisle/W-euTnx_R76j3pwpxiWf0Q,mayfield-heights-ohio
https://www.ubereats.com/cleveland/food-delivery/bjs-restaurant-%26-brewhouse-7880-mentor-ave/uJbiZHpTTN6RSbrIBpJUYg,mayfield-heights-ohio
https://www.ubereats.com/cleveland/food-delivery/auntie-annes-1868-warrensville-ctr-rd/9PEgChk0TMKf88GU5B-UWA,mayfield-heights-ohio
https://www.ubereats.com/cleveland/food-delivery/papa-johns-pizza-5707-mayfield-rd/pXn7vH5pQDa8PSKEvy8kxg,mayfield-heights-ohio
https://www.ubereats.com/cleveland/food-delivery/teresas-pizza2165-s-taylor-rd/HETPRKKrQmibEg6FQvrOxQ,mayfield-heights-ohio
https://www.ubereats.com/cleveland/food-delivery/paradise-biryani-pointe/NF_KrjObRQq8B8ED5isi2g,mayfield-heights-ohio
https://www.ubereats.com/cleveland/food-delivery/cilantro-taqueria/jruxBLw2RMCUhI5TsJyEig,mayfield-heights-ohio
https://www.ubereats.com/cleveland/food-delivery/senorita-bonitas-mexican-grill-%26-cantina/1ZlrUHd9SyGbbe3DUyo4pA,mayfield-heights-ohio
https://www.ubereats.com/cleveland/food-delivery/cafe-tandoor/TfB6HaPmQvKIea3pumcIcQ,mayfield-heights-ohio
https://www.ubereats.com/cleveland/food-delivery/mr-hero-euclid-%26-beverly-hills/PQmYmQg5RaSchE22YFHmSQ,mayfield-heights-ohio
https://www.ubereats.com/cleveland/food-delivery/john-john-seafood-with-soul/8Xl5OqWCTuyuzvJoTGB_rQ,mayfield-heights-ohio
https://www.ubereats.com/cleveland/food-delivery/boston-market-5096-mayfield-road/f_7bvbz6SayNH2yuxPHssA,mayfield-heights-ohio
https://www.ubereats.com/cleveland/food-delivery/popeyes-4645-northfield-road/2_yhV1uoSWCdmjXFbc1YfQ,mayfield-heights-ohio
https://www.ubereats.com/cleveland/food-delivery/bds-mongolian-grill-coventry-%26-euclid-heights/szf9aNNjR5ScoxGauQfSKQ,mayfield-heights-ohio
https://www.ubereats.com/cleveland/food-delivery/dunkin-4233-mayfield-rd/kSeaShPpSlOfYaS5Vr0nXg,mayfield-heights-ohio
https://www.ubereats.com/cleveland/food-delivery/first-watch-cedar-center/oGYhIYfITpi6Z1LoGis7Sw,mayfield-heights-ohio
https://www.ubereats.com/cleveland/food-delivery/charleys-philly-steaks-%26-wings-som-center/EzDg-NdJQj6YFNT_3cGoiA,mayfield-heights-ohio
https://www.ubereats.com/cleveland/food-delivery/nighttown/DoygMSwxR-OEvkOvkU1Atw,mayfield-heights-ohio
https://www.ubereats.com/cleveland/food-delivery/scalpers-bar-grille-and-sharpys-subs/zfBX4HlITnS_As1XBJkYgQ,mayfield-heights-ohio
https://www.ubereats.com/cleveland/food-delivery/paninis-grill/y6GBHZNzRV6CJrPxpznKVA,mayfield-heights-ohio
https://www.ubereats.com/cleveland/food-delivery/kfc-29050-lake-shore-boulevard/3hWcDZZLSYG4-Bs4cI2ZDg,mayfield-heights-ohio
https://www.ubereats.com/cleveland/food-delivery/melt-bar-%26-grilled-mentor-ave/gLTWkJfcTPm_y3sD8di7yA,mayfield-heights-ohio
https://www.ubereats.com/cleveland/food-delivery/chipotle-mexican-grill-24651-cedar-rd/FBav6b7DQ4uJxgqqX9LQ4Q,mayfield-heights-ohio
https://www.ubereats.com/cleveland/food-delivery/dunkin-5095-northfield-rd/lH_410uqT7Cf02TS-H9KpQ,mayfield-heights-ohio
https://www.ubereats.com/cleveland/food-delivery/papa-johns-14404-cedar-rd/ovC5vvBqQHy_pkQgPERzGg,mayfield-heights-ohio
https://www.ubereats.com/cleveland/food-delivery/mcdonalds-mayfield-%26-genesee/8KU-csSwQhOFjMnuvaZ8wA,mayfield-heights-ohio
https://www.ubereats.com/cleveland/food-delivery/best-steak-and-gyros/Sde3f4WNQvSm7zy9UbwwlQ,mayfield-heights-ohio
https://www.ubereats.com/cleveland/food-delivery/brewsters/rq3IedTHSAewn2D39RIHMQ,mayfield-heights-ohio
https://www.ubereats.com/cleveland/food-delivery/teriyaki-express-superior/ACl4BwnyR6unpVj-j22aRQ,mayfield-heights-ohio
https://www.ubereats.com/cleveland/food-delivery/grand-china/2Xeh3icdRrejWuNAEsHJ5A,mayfield-heights-ohio
https://www.ubereats.com/cleveland/food-delivery/chipotle-mexican-grill-4015-richmond-rd/HbAbV1q8QyqR8NtC64B2mw,mayfield-heights-ohio
https://www.ubereats.com/cleveland/food-delivery/georgios-oven-fresh-pizza/_AfkDga2StKGvmGeVoXQ4w,mayfield-heights-ohio
https://www.ubereats.com/cleveland/food-delivery/duck-donuts-200-park-ave-suite-140/Ui9X2brVSVC-vFJEecVA2w,mayfield-heights-ohio
https://www.ubereats.com/cleveland/food-delivery/big-boys-burgers-and-shakes-1288-som-center-rd/T8Ncx1SBR8mMQyCCmIgFkg,mayfield-heights-ohio
https://www.ubereats.com/cleveland/food-delivery/ml-tavern/ZKnxVEIERl6iwSCjjfy5vQ,mayfield-heights-ohio
https://www.ubereats.com/cleveland/food-delivery/moes-southwest-grill-1916-warrensville-center-road-building-f/dhupzoAORBy7Ts0ugdlieA,mayfield-heights-ohio
https://www.ubereats.com/cleveland/food-delivery/moes-southwest-grill-5920-mayfield-road/8s2ck-k6TtekhPFzUVoO0g,mayfield-heights-ohio
https://www.ubereats.com/cleveland/food-delivery/tjs-on-the-avenue/HBm0cY6HSBOlkmOGtBT29Q,mayfield-heights-ohio
https://www.ubereats.com/cleveland/food-delivery/pulp-juice-and-smoothie-bar/MVaaY7UIRQOTPvV67y5DJA,mayfield-heights-ohio
https://www.ubereats.com/cleveland/food-delivery/natures-oasis/kSrDWrm9QQ-oCjNSE9Ou6w,mayfield-heights-ohio
https://www.ubereats.com/cleveland/food-delivery/the-pearl-asian-kitchen/XoxCZkHjT-OXexVAJejwfg,mayfield-heights-ohio
https://www.ubereats.com/cleveland/food-delivery/sipt-cafe/bIdpLVgURYShOwYARgoGDg,mayfield-heights-ohio
https://www.ubereats.com/cleveland/food-delivery/daboros/48VzT7sKT7iL3093sW719Q,mayfield-heights-ohio
https://www.ubereats.com/cleveland/food-delivery/tgi-fridays-1546-cleveland-mentor-oh/HS7NUfHbSb2NVyP9bCAS_Q,mayfield-heights-ohio
https://www.ubereats.com/cleveland/food-delivery/subway-13113-shaker-blvd/lvlkz6G0TmKyFKdwWMnrGg,mayfield-heights-ohio
https://www.ubereats.com/cleveland/food-delivery/rise-and-shine-eatery/AhZMM1AXTKumO5J62ZpJww,mayfield-heights-ohio
https://www.ubereats.com/cleveland/food-delivery/cilantro-taqueria/uT2lr9aATdafcgK41UWZHw,mayfield-heights-ohio
https://www.ubereats.com/cleveland/food-delivery/billys-a-cappelli-martini-bar/dvkdTSBGQ-Od69n_X7Prgg,mayfield-heights-ohio
https://www.ubereats.com/cleveland/food-delivery/cortinas-family-restaurant/Ni4wIMbyTUeZ5H3QWheHDA,mayfield-heights-ohio
https://www.ubereats.com/cleveland/food-delivery/taco-bell-4537-mayfield-road/kBL6el_nQri5Q1W3Pop_XA,mayfield-heights-ohio
https://www.ubereats.com/cleveland/food-delivery/dairy-queen-grill-%26-chill-34600-euclid-ave/x8GHaF4nT9qUNwF8KFhPIA,mayfield-heights-ohio
https://www.ubereats.com/cleveland/food-delivery/victory-bistro-ultra-lounge/R67bTbXbR3SaFrC7krGGrg,mayfield-heights-ohio
https://www.ubereats.com/cleveland/food-delivery/paninis-bar-and-grill/mrnPSTZiQYOcczHlYtntpA,mayfield-heights-ohio
https://www.ubereats.com/cleveland/food-delivery/kfc-4001-mayfield/ALAcFLwtT--qTTr9e42iOQ,mayfield-heights-ohio
https://www.ubereats.com/cleveland/food-delivery/boston-market-2184-warrensville-center-rd/21pXP12AShWycDiE-6ea0A,mayfield-heights-ohio
https://www.ubereats.com/cleveland/food-delivery/j-pistone-market-%26-gathering-place/U-3tthqfTZqLurpL5XYLDg,mayfield-heights-ohio
https://www.ubereats.com/cleveland/food-delivery/kfc-taco-bell-6030-enterprise-drive/qIaNtPPoQ5KBqtmu95pXBA,mayfield-heights-ohio
https://www.ubereats.com/cleveland/food-delivery/chipotle-mexican-grill-7851-reynolds-rd/sbexkAO8QISVpDS6L5NWqA,mayfield-heights-ohio
https://www.ubereats.com/cleveland/food-delivery/fresh-healthy-cafe-beachwood-place-mall/F_s7Knl-RmeHXjSOlmQ1xw,mayfield-heights-ohio
https://www.ubereats.com/cleveland/food-delivery/outback-steakhouse-7785-plaza-bkvd/EYS9QHpBSQmk2jWfnVrRFg,mayfield-heights-ohio
https://www.ubereats.com/cleveland/food-delivery/sidewalk-cafe-euclid/HL--GN0NSuO4mp2xeFDosQ,mayfield-heights-ohio
https://www.ubereats.com/cleveland/food-delivery/the-rustic-grill-at-stonewater/KyBNym12Rqmp_CTbiKjA2g,mayfield-heights-ohio
https://www.ubereats.com/cleveland/food-delivery/alfredos-at-the-inn-italian-restaurant/kTrJU8oZR6aBeZjoYp2Fsg,mayfield-heights-ohio
https://www.ubereats.com/cleveland/food-delivery/chipotle-mexican-grill-6717-eastgate-dr/uG8RfajTTHSYVc3fWpRxwA,mayfield-heights-ohio
https://www.ubereats.com/cleveland/food-delivery/rotasu-hibachi-carry-out-lake-shore-blvd/NHQT3qwaT1KQbaevgnLjBg,mayfield-heights-ohio
https://www.ubereats.com/cleveland/food-delivery/wendys-1374-som-center/6uw1waw6TP-xJL0gRjV9Sg,mayfield-heights-ohio
https://www.ubereats.com/cleveland/food-delivery/lees-seafood-boil-cleveland/kjCb8OpCQYakVphihgfj8w,mayfield-heights-ohio
https://www.ubereats.com/cleveland/food-delivery/the-sauce-boiling-seafood-express/1VWxlgbRTf2h9wdb0_PXow,mayfield-heights-ohio
https://www.ubereats.com/cleveland/food-delivery/mr-hero-richmond-%26-highland/M6PYlngyRI6xKUcoG9j6Jg,mayfield-heights-ohio
https://www.ubereats.com/cleveland/food-delivery/mcdonalds-euclid-%26-222nd-st/JCwRE-TmR62opnFwyXOP_Q,mayfield-heights-ohio
https://www.ubereats.com/cleveland/food-delivery/incrediblefoodz/mSOnI9owQFaInYgmOJDjww,mayfield-heights-ohio
https://www.ubereats.com/cleveland/food-delivery/sub-city/ialDd9acS8K1HddFYBQhaQ,mayfield-heights-ohio
https://www.ubereats.com/cleveland/food-delivery/starbucks-11302-euclid-avenue/4reFe6IOS42Vl6YOtI-QfA,mayfield-heights-ohio
https://www.ubereats.com/cleveland/food-delivery/arbys-5993-mayfield-rd/87MSBnGdTjWOx5TUPt2_cQ,mayfield-heights-ohio
https://www.ubereats.com/cleveland/food-delivery/zoup!-13955-cedar-road/kzaMlqYETDmfSaI5Omer9Q,mayfield-heights-ohio
