url,city
https://www.ubereats.com/brownsville/food-delivery/chick-fil-a-1804-s-10th-st/20a22jBiTqKA3XLrTz3Z9A,mcallen-texas
https://www.ubereats.com/brownsville/food-delivery/subway-3512-n-23rd-st/vCjCRIC9Q2WRqrlE9Kl9ww,mcallen-texas
https://www.ubereats.com/brownsville/food-delivery/kfc-4101-s-mccoll-road/tNIcbrzsS1OQxB6lCJd5Eg,mcallen-texas
https://www.ubereats.com/brownsville/food-delivery/don-ramon-by-maria-bonita/NCcqw4RgQ8qlxCbFgTd02g,mcallen-texas
https://www.ubereats.com/brownsville/food-delivery/tacos-nemo/MtArzmzVTcKyv0hpoi4nvQ,mcallen-texas
https://www.ubereats.com/brownsville/food-delivery/kurai-sushi-mcallen/XbwUrVVCRAe08t0BxCnqJg,mcallen-texas
https://www.ubereats.com/brownsville/food-delivery/chipotle-mexican-grill-500-n-jackson-rd-ste-n1/hb72qLoIREGpfZfP9-QaJg,mcallen-texas
https://www.ubereats.com/brownsville/food-delivery/johnny-rockets-3300-w-expressway-83ste-150/JIwQlOi0TJemmCM_I9493A,mcallen-texas
https://www.ubereats.com/brownsville/food-delivery/nuri/u638PAClR5mEA_2o3byqKw,mcallen-texas
https://www.ubereats.com/brownsville/food-delivery/villa-del-mar-mission/UwnPnzS1RDiJhVXehb5iNg,mcallen-texas
https://www.ubereats.com/brownsville/food-delivery/brick-fire-pizza/JdYCN0qQRzKyRLTjZt40aQ,mcallen-texas
https://www.ubereats.com/brownsville/food-delivery/forever-ice-cream/zwLjxdY-QRSlqc3IH9ouIw,mcallen-texas
https://www.ubereats.com/brownsville/food-delivery/dairy-queen-1224-w-university-dr/8EJsCnvrQOKQ_93Wm-9VTw,mcallen-texas
https://www.ubereats.com/brownsville/food-delivery/mcdonalds-3700-pecan-boulevard/dbNzyXM8RwyNEglOWB756Q,mcallen-texas
https://www.ubereats.com/brownsville/food-delivery/krispy-kreme-1420-e-expressway-83/arexKCHXQX6TNINdJJuYvw,mcallen-texas
https://www.ubereats.com/brownsville/food-delivery/el-pollo-loco-2808-w-university-dr3768/AJtgz3czR_yOq4qN0Ush1A,mcallen-texas
https://www.ubereats.com/brownsville/food-delivery/sr-mostacho/ICcz4uPJTjigcJqNhSaN5g,mcallen-texas
https://www.ubereats.com/brownsville/food-delivery/las-donas-resturaunt/AM3hK0khRWayg-McAkBZow,mcallen-texas
https://www.ubereats.com/brownsville/food-delivery/chick-fil-a-2709-w-nolana-ave/-X0lkUz-Qr2xc53QlmrVOQ,mcallen-texas
https://www.ubereats.com/brownsville/food-delivery/don-carlos-y-jose-mexican-restaurant/7aPtnCjiT_uOsgKSPCg0Iw,mcallen-texas
https://www.ubereats.com/brownsville/food-delivery/mcdonalds-401-e-trenton/L7dH-d-gRIe6LpF5hADbeA,mcallen-texas
https://www.ubereats.com/brownsville/food-delivery/mcdonalds-824-w-business-83/wOCeH8vNS6WA5XouwyvFHQ,mcallen-texas
https://www.ubereats.com/brownsville/food-delivery/churchs-chicken-1045-west-frontage-road-expressway-83/vq0IyTkUQTeZjWxFdJPGBg,mcallen-texas
https://www.ubereats.com/brownsville/food-delivery/logans-roadhouse-420-7612-n-10th-street/KK4KLVd_R3S11OvRqbYvxQ,mcallen-texas
https://www.ubereats.com/brownsville/food-delivery/el-pollo-loco-400-n-jackson-rd3782/9tio0XiWRGSA2lL7_toxmw,mcallen-texas
https://www.ubereats.com/brownsville/food-delivery/100%25-antojitos-mexicanos-alton/pXcyyXmCTAWiJ4LemxM6_A,mcallen-texas
https://www.ubereats.com/brownsville/food-delivery/chuck-e-cheese-1200-trenton-road-bld-100/Y957BPTORC2hm9nZjDOiDQ,mcallen-texas
https://www.ubereats.com/brownsville/food-delivery/el-callejon-de-los-milagros/6iSI6coGTKusoiiGGvtUfg,mcallen-texas
https://www.ubereats.com/brownsville/food-delivery/bjs-restaurant-%26-brewhouse-3200-expressway-83/2HkS0EsWTTiVeF_4v54h5Q,mcallen-texas
https://www.ubereats.com/brownsville/food-delivery/buffalo-wild-wings-3520-w-expressway-83/Emy7KfgRQY2H0fINggCNsQ,mcallen-texas
https://www.ubereats.com/brownsville/food-delivery/taco-bell-1804-w-university-dr/Gkix_uDCQu6zAJUfw_rN3w,mcallen-texas
https://www.ubereats.com/brownsville/food-delivery/jack-in-the-box-223-e-mile-3-rd/wVZPWESSRWyMNeBWrwbe6A,mcallen-texas
https://www.ubereats.com/brownsville/food-delivery/container-taco-factory/Jm2rpzYsTmqS9zDe1gC-hQ,mcallen-texas
https://www.ubereats.com/brownsville/food-delivery/luna-coffee-house/96T8B66oQSCCS_Gm6HLWng,mcallen-texas
https://www.ubereats.com/brownsville/food-delivery/popeyes-louisiana-kitchen-400-e-nolana-ave/hMfkFvatSAm-HNJHhAmbJg,mcallen-texas
https://www.ubereats.com/brownsville/food-delivery/pasquallys-pizza-%26-wings-3300-expressway-83-bld-1000/x0N5e6klShWLt7qviPjD0g,mcallen-texas
https://www.ubereats.com/brownsville/food-delivery/bar-b-cutie-smokehouse/zO-AO_mdSD6JVD3mzibbBg,mcallen-texas
https://www.ubereats.com/brownsville/food-delivery/stir-fry-88-%E5%B0%8F%E7%82%92/-XaT9s5qSiuBBxqlVAfYpA,mcallen-texas
https://www.ubereats.com/brownsville/food-delivery/churchs-chicken-1612-n-raul-longoria-rd/zqllRapmQkWaTz7J5j-NzQ,mcallen-texas
https://www.ubereats.com/brownsville/food-delivery/the-pizzeria-mission/IayzjQgXQ6amBlgrsxRDhQ,mcallen-texas
https://www.ubereats.com/brownsville/food-delivery/stefanos-pizza-express/uJcY3lPlQdyuLnm5S0ND4g,mcallen-texas
https://www.ubereats.com/brownsville/food-delivery/el-callejon-de-los-milagros/o7wbHAu8T2i391olomHrSw,mcallen-texas
https://www.ubereats.com/brownsville/food-delivery/subway-5429-n-23rd-st-ste-b/BWlCQqYURlCOM5wxToO8Zg,mcallen-texas
https://www.ubereats.com/brownsville/food-delivery/fuera-de-lugar/l36y9Q-2TDWJISi1Y9SbKw,mcallen-texas
https://www.ubereats.com/brownsville/food-delivery/charleys-philly-steaks-2200-s-10th-st/xyZqZQ6GSjmu9JDWlRTGqA,mcallen-texas
https://www.ubereats.com/brownsville/food-delivery/76-bar-and-kitchen/Bi-UGTDcTyqTgC6Bjo047A,mcallen-texas
https://www.ubereats.com/brownsville/food-delivery/corner-bakery-cafe-3400-w-expressway-83/_jwJYehISum6PXGgvPkjeA,mcallen-texas
https://www.ubereats.com/brownsville/food-delivery/xquinkles-snack-land/Z5kzEDWCQaefQ8Iyga7oWA,mcallen-texas
https://www.ubereats.com/brownsville/food-delivery/the-halal-guys-101-e-expressway-83-suite-190/p2Q7ot89SbOZbCxuVVNqGA,mcallen-texas
https://www.ubereats.com/brownsville/food-delivery/villa-fresh-italian-kitchen-2200-south-10th-st-vc-08/t5mt9B08SMWjpWNKfYG-JQ,mcallen-texas
https://www.ubereats.com/brownsville/food-delivery/la-jaiba-shrimp-house/2IPvtvtiRKSlT1oMzlJ71w,mcallen-texas
https://www.ubereats.com/brownsville/food-delivery/churchs-chicken-620-s-10th-street/PBVCXYgqTZ66e2ZK6yenRw,mcallen-texas
https://www.ubereats.com/brownsville/food-delivery/la-estacion-bakery/Vlat9mR-RqCZyCBxrd9N9A,mcallen-texas
https://www.ubereats.com/brownsville/food-delivery/hacienda-san-miguel-mexican-grill-%26-bar/oYylzR78QjWvyL66uEj-hQ,mcallen-texas
https://www.ubereats.com/brownsville/food-delivery/mariscos-el-7-mares/CHcfyMkVT5C3FCGeAz9V_Q,mcallen-texas
https://www.ubereats.com/brownsville/food-delivery/taqueria-de-jalisco/0_n6kal2QwmDRMZZ5P5Zkw,mcallen-texas
https://www.ubereats.com/brownsville/food-delivery/buffalo-wings-%26-rings-1727-west-trenton-road/Qwmw7oloQl-U02Qa76YpCw,mcallen-texas
https://www.ubereats.com/brownsville/food-delivery/lins-mcallen/ivnj5x4rQ52FYf21Eay3aw,mcallen-texas
https://www.ubereats.com/brownsville/food-delivery/subway-5200-n-10th-st-ste-a/4v08zUKDTLG1GQcf-Bab9Q,mcallen-texas
https://www.ubereats.com/brownsville/food-delivery/ihop-314-n-shary-road/xkSNhtpoTBSVqCBz0lUalg,mcallen-texas
https://www.ubereats.com/brownsville/food-delivery/yokos-sushi-bar/kqCUIEm6RHmJ2PGOSfox1A,mcallen-texas
https://www.ubereats.com/brownsville/food-delivery/boka-400/v-tNgZ3mTAq32h-soMBvVA,mcallen-texas
https://www.ubereats.com/brownsville/food-delivery/mcdonalds-804-s-shary-rd/7DPcmUXJRzGoTuvq6-Dj5A,mcallen-texas
https://www.ubereats.com/brownsville/food-delivery/villa-del-mar/FZY2EJQbTt2lWP4NA2zmWw,mcallen-texas
https://www.ubereats.com/brownsville/food-delivery/dennys-2301-west-university-drive/h0XGc_fTTAmrTVxPGeOAUQ,mcallen-texas
https://www.ubereats.com/brownsville/food-delivery/taco-bell-107-w-griffin-parkway/9SqoO3aESICuGP69pDJZPg,mcallen-texas
https://www.ubereats.com/brownsville/food-delivery/panda-express-1116-trenton-rd/nvdV8zq4T9up0jGbe3c5Ng,mcallen-texas
https://www.ubereats.com/brownsville/food-delivery/la-tostada-cocina/dCFJ9JPOSTyc8wlxZSTyuw,mcallen-texas
https://www.ubereats.com/brownsville/food-delivery/el-infiernito-taqueria/ApGTZJ6dSsaW5tglht8vbg,mcallen-texas
https://www.ubereats.com/brownsville/food-delivery/mi-sombrero-restaurant/gG4-CfGHSnuyZxrLJhc2rQ,mcallen-texas
https://www.ubereats.com/brownsville/food-delivery/dairy-queen-grill-%26-chill-524-n-salinas-blvd/jT0YlxNLRO-ssgqhls5bzA,mcallen-texas
https://www.ubereats.com/brownsville/food-delivery/jack-in-the-box-6521-s-cage-blvd/haqHAsh_SQykAYavi04HAw,mcallen-texas
https://www.ubereats.com/brownsville/food-delivery/dairy-queen-933-old-hwy-83-west/lx5Elh5wRAutfbqTNMuoXQ,mcallen-texas
https://www.ubereats.com/brownsville/food-delivery/alonsos-tres-rios-restaurant/mzd2H_84RnaQxKtGcyDLVw,mcallen-texas
https://www.ubereats.com/brownsville/food-delivery/green-ceviche/WTrwvJy3RyaTT-8czGZd_g,mcallen-texas
https://www.ubereats.com/brownsville/food-delivery/dairy-queen-800-hwy-83-east/UeCcSsbTS12n5kyCtpR_xA,mcallen-texas
https://www.ubereats.com/brownsville/food-delivery/la-chula-michoacana-%232/vqCdKdbRQ5CYsrl4abJMZg,mcallen-texas
https://www.ubereats.com/brownsville/food-delivery/r-%26-r-indian-restaurant/8NBuwePNSwamlHAA2GxKxw,mcallen-texas
https://www.ubereats.com/brownsville/food-delivery/gorditas-dona-tota-e-mile-3-rd/rdU6g9Y9T7-5KkuMrNlkdg,mcallen-texas
https://www.ubereats.com/brownsville/food-delivery/taco-viche/5tNq6KCNQuC3WiVDC0EGhQ,mcallen-texas
https://www.ubereats.com/brownsville/food-delivery/burger-king-400-north-jackson-road/ifc1CM_LQOieLdU5H5F82Q,mcallen-texas
https://www.ubereats.com/brownsville/food-delivery/mcdonalds-224-east-mile-3-road/Zt6mPeoZRAe__pct51S6Pw,mcallen-texas
https://www.ubereats.com/brownsville/food-delivery/mayan-chef/z_DsV2O9R3CctcyT2S5h6g,mcallen-texas
https://www.ubereats.com/brownsville/food-delivery/gorditas-dona-tota-w-nolana-ave/5_X2dXauQmK_ZxZO7oIQtw,mcallen-texas
https://www.ubereats.com/brownsville/food-delivery/firehouse-subs-4201-south-mccoll-rd/D4BkB9G7Qsiaz7cRlPUtEw,mcallen-texas
https://www.ubereats.com/brownsville/food-delivery/kfc-901-east-highway-83/2UKAlVAtTxq_f-qZU6zuOQ,mcallen-texas
https://www.ubereats.com/brownsville/food-delivery/taco-bell-101-east-nolana-loop/UfK2QMDHRf-85g1GJnsT6A,mcallen-texas
https://www.ubereats.com/brownsville/food-delivery/el-tizoncito/4ZVmrSn9TF-qvhMgemzimA,mcallen-texas
https://www.ubereats.com/brownsville/food-delivery/muelle-37alamo/o3oxvIp8SbOPDI5up-q5mg,mcallen-texas
https://www.ubereats.com/brownsville/food-delivery/dairy-queen-1008-n-cage-blvd/uL2hrcFJSvOqbUxJU9gtlw,mcallen-texas
https://www.ubereats.com/brownsville/food-delivery/el-pollo-loco-601-nolana-loop3463/n2JSIlldSSS6uLHz3YNxkg,mcallen-texas
https://www.ubereats.com/brownsville/food-delivery/dairy-queen-1930-w-palma-vista-dr/lH-2UZaOSO2F__6lpRwGcQ,mcallen-texas
https://www.ubereats.com/brownsville/food-delivery/kfc-2411-south-highway-281/3Q1nh9yKRhKaXCCDynpGDA,mcallen-texas
https://www.ubereats.com/brownsville/food-delivery/makai-poke-house/p15y8AY0Szq4fZ980_jQog,mcallen-texas
https://www.ubereats.com/brownsville/food-delivery/tropical-smoothie-cafe-4423-north-conway-avenue/KdXMSG0pTp2Wrz-DyKarvg,mcallen-texas
https://www.ubereats.com/brownsville/food-delivery/san-miguelitos-bar-%26-grill/ug9Jf5ntSj-Zhsq2C3je5g,mcallen-texas
https://www.ubereats.com/brownsville/food-delivery/scalisis-chicago-pizza/D3xgCxsWTU66wpDbanLY_A,mcallen-texas
https://www.ubereats.com/brownsville/food-delivery/fork-to-fit-kitchen/TkhEkHH1TgWAe2HOfeUBoA,mcallen-texas
https://www.ubereats.com/brownsville/food-delivery/la-uno-cocina-de-mar/z3sRyTfcSUyKDvCj77p5Dg,mcallen-texas
https://www.ubereats.com/brownsville/food-delivery/starbucks-10th-%26-jonquil/KUYfOgf2QbGT7SoEOJ8snA,mcallen-texas
https://www.ubereats.com/brownsville/food-delivery/walk-ons-bistreaux-and-bar-edinburg-tx/Hi8nIpK_Q-q5yHt29aZL-Q,mcallen-texas
https://www.ubereats.com/brownsville/food-delivery/ihop-517-e-trenton/QIGH9V8bQwiNrFiVEggPeA,mcallen-texas
https://www.ubereats.com/brownsville/food-delivery/taco-palenque-mission/BZECVt1WTli8GC4xI6cqYQ,mcallen-texas
https://www.ubereats.com/brownsville/food-delivery/jack-in-the-box-1602-w-university-dr/dQp0_qqkTj2qVZbALqUsnw,mcallen-texas
https://www.ubereats.com/brownsville/food-delivery/the-centennial/f2j0J0szRZWhhrrAQRMyAQ,mcallen-texas
https://www.ubereats.com/brownsville/food-delivery/saltgrass-3000-expressway-83/CRpigkhtRNibAsjOefVSMw,mcallen-texas
https://www.ubereats.com/brownsville/food-delivery/tortillas-aries/MF-VgN9ESPCJc8MjhP3ssQ,mcallen-texas
https://www.ubereats.com/brownsville/food-delivery/buddy-vs-ristorante-mcallen/Fgkw0cgWQPWxpf9QZzhdgg,mcallen-texas
https://www.ubereats.com/brownsville/food-delivery/panda-express-220-east-3-mile-rd/EQWp5BZ9QPKZIK9L8rb15w,mcallen-texas
https://www.ubereats.com/brownsville/food-delivery/orange-leaf-frozen-yogurt-601-trenton-rd-ste-c/gI9QYs4NRHe9RZZOuKBzJQ,mcallen-texas
https://www.ubereats.com/brownsville/food-delivery/taco-bell-420-s-10th/P0gdLvF4TpezDxB8xTHE7w,mcallen-texas
https://www.ubereats.com/brownsville/food-delivery/mcdonalds-2801-nolana-ave/rIvIz7HxSzOB96mPLUR3XA,mcallen-texas
https://www.ubereats.com/brownsville/food-delivery/tejas-restaurant/ODFNX5VNSRK_3Sqb8KRj1A,mcallen-texas
https://www.ubereats.com/brownsville/food-delivery/lucky-sushi-bar/uigDCKhmTGyU6e4Abvs7UA,mcallen-texas
https://www.ubereats.com/brownsville/food-delivery/churchs-chicken-1607-s-mccoll/8QgeWjvoSqiuW4nZAiyqhQ,mcallen-texas
https://www.ubereats.com/brownsville/food-delivery/jack-in-the-box-703-s-jackson-rd/NYxA3oAERl-WqBV81xojKA,mcallen-texas
https://www.ubereats.com/brownsville/food-delivery/burger-king-700-w-nolana-ave/7BWcYbHrSVa-MuOPOQKA1g,mcallen-texas
https://www.ubereats.com/brownsville/food-delivery/100%25-antojitos-mexicanos-edinburg/p4_Q-sc4QWiCnOyD-QrbzA,mcallen-texas
https://www.ubereats.com/brownsville/food-delivery/applebees-1913-w-trenton-road/u9CGhdCXTEK-9dPaU7_qXQ,mcallen-texas
https://www.ubereats.com/brownsville/food-delivery/brewsome%3A-awesome-beer-brewers/8sj1gdz0QXC_IHYYVxH_eQ,mcallen-texas
https://www.ubereats.com/brownsville/food-delivery/mcdonalds-1217-e-hwy-83/5ZyeFbpBToKz3Wi-d9hP1A,mcallen-texas
https://www.ubereats.com/brownsville/food-delivery/zoes-kitchen-3400-west-expressway-83%3B-suite-700/8jg0bhrLTuSaVNaxnnOQDQ,mcallen-texas
https://www.ubereats.com/brownsville/food-delivery/mcdonalds-2808-n-10th-st/-2spKzvpSjmphpUsRP-2-w,mcallen-texas
https://www.ubereats.com/brownsville/food-delivery/black-mint-frozen-yogurt/Qgfg5ywVRo6m2QunTV7-eg,mcallen-texas
https://www.ubereats.com/brownsville/food-delivery/red-robin-642-409-s-jackson-road/9_BV7F10SdC611lvD7gpjA,mcallen-texas
https://www.ubereats.com/brownsville/food-delivery/wine-cow-argentian-steak-house/ElkjbPZ1T2u8pzO9GH2lFA,mcallen-texas
https://www.ubereats.com/brownsville/food-delivery/el-pastor-grill/t4s9QewqRZiLaVP2grbt-g,mcallen-texas
https://www.ubereats.com/brownsville/food-delivery/taco-bell-6617-north-10th-street/RwZMTMmQTdWhtgTJwl7liA,mcallen-texas
https://www.ubereats.com/brownsville/food-delivery/auntie-annes-2200-s-10th-str-%26-wichita-ave/P3whLqWuS8yOyApP0jm8QQ,mcallen-texas
https://www.ubereats.com/brownsville/food-delivery/tacos-la-silla/VLp8rs0ERuC7TkEU1h7gaQ,mcallen-texas
https://www.ubereats.com/brownsville/food-delivery/gws-bbq-catering-co/ZSO29gxZQ6WWGeXm6GbRkg,mcallen-texas
https://www.ubereats.com/brownsville/food-delivery/100%25-antojitos-mexicanos-pharr/K83_cDB_RESSLZ31y9o76A,mcallen-texas
https://www.ubereats.com/brownsville/food-delivery/wichitos-buffet-%26-restaurant/8FZ6FnVMRnCBG8qSroOh-Q,mcallen-texas
https://www.ubereats.com/brownsville/food-delivery/starbucks-university-%26-mccoll/_t4ZoJInQAaZK1u7MFUXrg,mcallen-texas
https://www.ubereats.com/brownsville/food-delivery/starbucks-83-%26-bentsen-rd/i0hf8S7cQPCHO10ohntsvQ,mcallen-texas
https://www.ubereats.com/brownsville/food-delivery/popeyes-louisiana-kitchen-1505-s-cage-blvd/dAdB-oOqQGyL9T2sEncsSw,mcallen-texas
https://www.ubereats.com/brownsville/food-delivery/burger-king-1101-s-10th-st/Ss6b4b2gQoK5FgaB_ntANw,mcallen-texas
https://www.ubereats.com/brownsville/food-delivery/slim-chickens-3908-n-mccoll-rd/DqQB1XfbTtO8chckFSwedQ,mcallen-texas
https://www.ubereats.com/brownsville/food-delivery/lucky-sushi-bar/AH5zhS4qTs-SqzTXFdIBCQ,mcallen-texas
https://www.ubereats.com/brownsville/food-delivery/the-protein-shoppe/qws_JqkgQDiO5MDnIEQHtQ,mcallen-texas
https://www.ubereats.com/brownsville/food-delivery/cold-stone-creamery-7017-n-10th-st-ste-h/Ig7hda_PRz-sAcecDykLwg,mcallen-texas
https://www.ubereats.com/brownsville/food-delivery/honeys-cakes-%26-pastries/_Z4YsgTfS6-Af64_xku6ig,mcallen-texas
https://www.ubereats.com/brownsville/food-delivery/universal-market-indian-restaurant/YuDt_P-eRiK4mntW5RFI_w,mcallen-texas
https://www.ubereats.com/brownsville/food-delivery/panda-express-119-s-shary-road/3sRM-yn2QpaC7oygkdCsWA,mcallen-texas
https://www.ubereats.com/brownsville/food-delivery/kumori-sushi-%26-teppanyaki-nolana/VIbsMN3cQZWd9dksJVM45A,mcallen-texas
https://www.ubereats.com/brownsville/food-delivery/five-guys-tx-1290-3701-expressway-83/eSoHX6dOSz6UN8rWjwsEog,mcallen-texas
https://www.ubereats.com/brownsville/food-delivery/applebees-306-e-mile-3-rd/LSd6-Bd9Ttu7ofAcKck2Vg,mcallen-texas
https://www.ubereats.com/brownsville/food-delivery/mori-mcallen-tx/yqR3V9gvSQmzPNuNciidzQ,mcallen-texas
https://www.ubereats.com/brownsville/food-delivery/ranch-house-burgers-ii/DRnwmO97TYS6Lr4rSCJ9Kw,mcallen-texas
https://www.ubereats.com/brownsville/food-delivery/golden-chick-401-s-sugar-road/tESfEmaPRPWdToYtb-LFWw,mcallen-texas
https://www.ubereats.com/brownsville/food-delivery/gorditas-dona-tota-s-cage-blvd/RDfYy4GvRJW9FFbKNZPxrg,mcallen-texas
https://www.ubereats.com/brownsville/food-delivery/hooters-mcallen/_dqUbycDTp-U3bgwWlpHwQ,mcallen-texas
https://www.ubereats.com/brownsville/food-delivery/mcdonalds-7320-n-10th/bjMk1gDfRLSBYt36Vx4Eag,mcallen-texas
https://www.ubereats.com/brownsville/food-delivery/mariscos-el-7-mares/-VF9hm1XTDa87xJKO9XS2g,mcallen-texas
https://www.ubereats.com/brownsville/food-delivery/subway-105-w-nolana-ave/kpYehNjAQhWCk6Hv5vXfQg,mcallen-texas
https://www.ubereats.com/brownsville/food-delivery/the-protein-shoppe/zc4O4R5xQz6L3VZLzeVPvQ,mcallen-texas
https://www.ubereats.com/brownsville/food-delivery/dennys-1110-so-10th-st/bkTDfg-oSZSmgQVHs8x32g,mcallen-texas
https://www.ubereats.com/brownsville/food-delivery/papa-johns-3519-n-10th-st/vpShRdWXTm-2aGosqgMJLA,mcallen-texas
https://www.ubereats.com/brownsville/food-delivery/anitas-cafe/owvo-Bs8QPaheBYIk5iVHA,mcallen-texas
https://www.ubereats.com/brownsville/food-delivery/the-loretto-bistro/GiRyXNhOQGirTHKT9jFk_w,mcallen-texas
https://www.ubereats.com/brownsville/food-delivery/la-siberia-restaurant/rbZZhwFlSS6_asF6MxtEsg,mcallen-texas
https://www.ubereats.com/brownsville/food-delivery/bourbon-street-grill/UX8743NYS5auSbTTK-7LKA,mcallen-texas
https://www.ubereats.com/brownsville/food-delivery/kfc-904-e-business-highway-83/ugteamZfRcqBwLlKUbHqnQ,mcallen-texas
https://www.ubereats.com/brownsville/food-delivery/hooties-burger-bar-410-east-expressway-83/FHhsMZA9TXOAmlO3XI8ayw,mcallen-texas
https://www.ubereats.com/brownsville/food-delivery/fusion-wellness-bar/SbVv3N0jQ92p-3cxcL2_Ag,mcallen-texas
https://www.ubereats.com/brownsville/food-delivery/ihop-2716-w-university-drive/fxxrciavRRqANxyDrHfTEg,mcallen-texas
https://www.ubereats.com/brownsville/food-delivery/brick-fire-xpress/QNo6uftdSaSZD8U1jx8B7Q,mcallen-texas
https://www.ubereats.com/brownsville/food-delivery/muelle-37edinburg/8oX505PeSo6HULyFn46RcQ,mcallen-texas
https://www.ubereats.com/brownsville/food-delivery/ostioneria-michoacan/yjDUdqgeR_uPALmyCxJy6A,mcallen-texas
https://www.ubereats.com/brownsville/food-delivery/palenque-grill-la-plaza-mall/yxXPFpB9SCi-YQXgCnpkvA,mcallen-texas
https://www.ubereats.com/brownsville/food-delivery/churchs-chicken-820-e-university/qfhMPP9VSLaI2HSTaM118g,mcallen-texas
https://www.ubereats.com/brownsville/food-delivery/taqueria-la-mexicana-san-juan/te8VIjReRV-ajqRjDbcCKQ,mcallen-texas
https://www.ubereats.com/brownsville/food-delivery/mcdonalds-301-west-ridge/SuqXDWO2SJGHzk15uZN_rg,mcallen-texas
https://www.ubereats.com/brownsville/food-delivery/chuck-e-cheese-3300-expressway-83-bld-1000/T-MSKX1ZRA64fMwT9e1dLg,mcallen-texas
https://www.ubereats.com/brownsville/food-delivery/the-pizzeria-edinburg/XLJf8P72RHCMlQZfhzkVng,mcallen-texas
https://www.ubereats.com/brownsville/food-delivery/dimassis-mediterranean-buffet-mcallen/w2BeyuMbToajCmbJnVnUjQ,mcallen-texas
https://www.ubereats.com/brownsville/food-delivery/churchs-chicken-3469-north-business-281/EmOgy0zVQA682fTKv4uneA,mcallen-texas
https://www.ubereats.com/brownsville/food-delivery/yard-house-2200-s-10th-street-space-s17/yFTVi5g5TpijaJ4XdLleGA,mcallen-texas
https://www.ubereats.com/brownsville/food-delivery/taqueria-la-mexicana-n-23rd-st/KUwI_vQwSDaxi1CDQiiSFw,mcallen-texas
https://www.ubereats.com/brownsville/food-delivery/burger-king-1700-n-23rd-st/o2EP9VjAQWCnOO8uUNdYLw,mcallen-texas
https://www.ubereats.com/brownsville/food-delivery/foodamed/wtJrnQygR_uVPOOsjXHoyg,mcallen-texas
https://www.ubereats.com/brownsville/food-delivery/sal-y-pimienta-restaurant/Xd-lfgRYS2S2f3TM3rvEcw,mcallen-texas
https://www.ubereats.com/brownsville/food-delivery/china-cafe/rXOXBzjLTs6badubIZAB8Q,mcallen-texas
https://www.ubereats.com/brownsville/food-delivery/kato-sushi/OzfVsXtiRg2uDhJBZtS7SQ,mcallen-texas
https://www.ubereats.com/brownsville/food-delivery/barbacoa-torito/n0wVDyFKSLWcntqiXvM0yg,mcallen-texas
https://www.ubereats.com/brownsville/food-delivery/jack-in-the-box-3701-pecan-blvd/O4ubxM3gSBKACmGx4BiOKg,mcallen-texas
https://www.ubereats.com/brownsville/food-delivery/china-express/16jtDa86QN-89OMhj-ZmYA,mcallen-texas
https://www.ubereats.com/brownsville/food-delivery/la-chula-michoacana-%231/HwLpzC4nSxiGfg9WHV8RkA,mcallen-texas
https://www.ubereats.com/brownsville/food-delivery/little-tokyo/caJl7zaJQR67ctsK698-7A,mcallen-texas
https://www.ubereats.com/brownsville/food-delivery/gorditas-dona-tota-business/KK7xB2zvTe-tNeGBziVFTg,mcallen-texas
https://www.ubereats.com/brownsville/food-delivery/pei-wei-3400-west-expressway-83/ONuWnBowSpSLmMBgDa5yzg,mcallen-texas
https://www.ubereats.com/brownsville/food-delivery/dairy-queen-1220-e-university/MXbrwUKMSJaXs7OjlTZ3Fw,mcallen-texas
https://www.ubereats.com/brownsville/food-delivery/dragon-warrior-noodle/OMd_gMicSTad62-OjV94Nw,mcallen-texas
https://www.ubereats.com/brownsville/food-delivery/tea-garden/VNXGPTDFS9-fwSKf8_FpQg,mcallen-texas
https://www.ubereats.com/brownsville/food-delivery/cracker-barrel-old-country-store-3817-w-expressway-83/Q5N-GIt9SbqQHxh70w_cfw,mcallen-texas
https://www.ubereats.com/brownsville/food-delivery/la-justicia-restaurant/-c4EN-DZRRS2hIlHLp5DXg,mcallen-texas
https://www.ubereats.com/brownsville/food-delivery/buffalo-wild-wings-4424-n-10th-st/4rcWqSzzQJCMFPV-UZq1YQ,mcallen-texas
https://www.ubereats.com/brownsville/food-delivery/mcdonalds-1901-s-10th-st/2H_zCRUYSA6f5y0jJnf0cw,mcallen-texas
https://www.ubereats.com/brownsville/food-delivery/jack-in-the-box-1401-e-expressway-83/IqtAvfQ_S8qBO4YOunOn_w,mcallen-texas
https://www.ubereats.com/brownsville/food-delivery/starbucks-10th-%26-trenton/_TfoQim8TLOkASjFvq4u4g,mcallen-texas
https://www.ubereats.com/brownsville/food-delivery/taco-palenque-n-10th-st/lpkg_cNAS9yzAwB4Kq9gvQ,mcallen-texas
https://www.ubereats.com/brownsville/food-delivery/the-blue-onion-mcallen/uZUs_meQQY-qDml3U-cBaQ,mcallen-texas
https://www.ubereats.com/brownsville/food-delivery/gorditas-dona-tota-s-shary-rd/6Ul2Nho7RJOsfN-yKnG9MQ,mcallen-texas
https://www.ubereats.com/brownsville/food-delivery/chipotle-mexican-grill-7300-n-10th-st-ste-30/qxuXXDckS6iGXqufZcfwlw,mcallen-texas
https://www.ubereats.com/brownsville/food-delivery/muelle37pharr/avVZXRanQwu0U3Fw2P5vew,mcallen-texas
https://www.ubereats.com/brownsville/food-delivery/villa-del-mar-pharr/RxCfQAeSQzSgiPPafsVElQ,mcallen-texas
https://www.ubereats.com/brownsville/food-delivery/dennys-401-e-nolana-ave/F_nJUpFKTLWgRkBRukWlZw,mcallen-texas
https://www.ubereats.com/brownsville/food-delivery/jack-in-the-box-151-w-nolana-ave/qMypcCA-T9aYJIdCmIPsRQ,mcallen-texas
https://www.ubereats.com/brownsville/food-delivery/jack-in-the-box-909-pecan-blvd/1IlafcuxR0KrAjGSsmellQ,mcallen-texas
https://www.ubereats.com/brownsville/food-delivery/santa-fe-yogurt/yF8_yb5pQzi2ePRgq5eQbg,mcallen-texas
https://www.ubereats.com/brownsville/food-delivery/chepuerco-restaurant/QZuzdt7xTlC057gU8wunbQ,mcallen-texas
https://www.ubereats.com/brownsville/food-delivery/kumori-sushi-%26-teppanyaki-ridge-view-center/FDKeFlE2TWqOBcrStuNiGw,mcallen-texas
https://www.ubereats.com/brownsville/food-delivery/zarahs-meat-market/l2MWfgSGQn-7XdWUfZ_9pg,mcallen-texas
https://www.ubereats.com/brownsville/food-delivery/costa-messa-restaurant-n-10th-st/VCh40oVVTs2VbJHErjQmJg,mcallen-texas
https://www.ubereats.com/brownsville/food-delivery/semilla-coffee-lab/NRXPlP3dSFaxXZYNWtFvBA,mcallen-texas
https://www.ubereats.com/brownsville/food-delivery/popeyes-louisiana-kitchen-221-s-10th-st/AwLFiXVxTwqZInBIrQRmHA,mcallen-texas
https://www.ubereats.com/brownsville/food-delivery/taco-palenques-10th-st/uLSQkIxkSO6qCVtJuTm1pA,mcallen-texas
https://www.ubereats.com/brownsville/food-delivery/dairy-queen-treat-400-n-shary-rd/8QV_eEE_QZ275bq48TqjiQ,mcallen-texas
https://www.ubereats.com/brownsville/food-delivery/taco-palenque-palmhurst/zJu_E2VMQDmcPlGiT8-eJA,mcallen-texas
https://www.ubereats.com/brownsville/food-delivery/bar-b-cutie-smokehouse/sOUgDiE3TR-mtA8L4m4yiA,mcallen-texas
https://www.ubereats.com/brownsville/food-delivery/piporro-taqueria-jalisco/2wLRrtP1RnusneNEouU_Pg,mcallen-texas
https://www.ubereats.com/brownsville/food-delivery/pf-changs-3100-expressway-83/Obl9eFNIRQynagvqxf3HNw,mcallen-texas
https://www.ubereats.com/brownsville/food-delivery/poke-art/3vRJyYUkTCSCPTfK_hi5yg,mcallen-texas
https://www.ubereats.com/brownsville/food-delivery/fazolis-1943-w-interstate-2/fyEVs6zXQ4i4ftPNs3CbIg,mcallen-texas
https://www.ubereats.com/brownsville/food-delivery/jack-in-the-box-1601-s-23rd-st/ISRVp7mbSXi0Fbln52UQ3A,mcallen-texas
https://www.ubereats.com/brownsville/food-delivery/starbucks-281-%26-trenton/PCvxJOaiTna1JyO8bLn1eg,mcallen-texas
https://www.ubereats.com/brownsville/food-delivery/red-lobster-701-w-expressway-83/Q2w-mruBREOnOh_o0oS20Q,mcallen-texas
https://www.ubereats.com/brownsville/food-delivery/my-place-cafe/zk_5mginROGF_6zqtYcsvw,mcallen-texas
https://www.ubereats.com/brownsville/food-delivery/main-event-pharr/KKXLOlm_RJOzw8J_cbRBHw,mcallen-texas
https://www.ubereats.com/brownsville/food-delivery/jack-in-the-box-2900-w-nolana-ave/StWufExARViFmkgf8-_gtg,mcallen-texas
https://www.ubereats.com/brownsville/food-delivery/dennys-1305-e-monte-cristo/Yy-B0DayTb67yFHZcF2Wsg,mcallen-texas
https://www.ubereats.com/brownsville/food-delivery/the-flying-walrus/Y-nahC7GRca5kPJ5Gw_TqA,mcallen-texas
https://www.ubereats.com/brownsville/food-delivery/100%25-antojitos-mexicanos-san-juan/q00hjmVmTm2vs0itRgnNgw,mcallen-texas
https://www.ubereats.com/brownsville/food-delivery/100%25-antojitos-mexicanos-mcallen/oX9capuPTGO7-0rotZ781g,mcallen-texas
https://www.ubereats.com/brownsville/food-delivery/papa-taco-mission/xrzjqZFpTD-LvF8G366GvQ,mcallen-texas
https://www.ubereats.com/brownsville/food-delivery/the-healthy-point/-GghXCGBTmS2Rko2iWyqmQ,mcallen-texas
https://www.ubereats.com/brownsville/food-delivery/kumori-sushi-%26-teppanyaki-n-10th-%26-trenton/YkJht1hiQMqR5QorYJ4fNg,mcallen-texas
https://www.ubereats.com/brownsville/food-delivery/applebees-4601-n-10th-street/UJm1njHbQx2yefOSxMP0Ow,mcallen-texas
https://www.ubereats.com/brownsville/food-delivery/kumori-sushi-%26-teppanyaki-palms-crossing/4Kc1-kBHQKGKkRLTMofQJg,mcallen-texas
https://www.ubereats.com/brownsville/food-delivery/dennys-1601-e-expressway-83/VOnpeXyzTYWVPumHNG7brg,mcallen-texas
https://www.ubereats.com/brownsville/food-delivery/subway-2518-e-griffin-pkwy/jih8R5RkSh6rnQRZ_yyn4Q,mcallen-texas
https://www.ubereats.com/brownsville/food-delivery/kumori-sushi-%26-teppanyaki-uptown-plaza/0Q1dGIq6Q_ejuqxm2xjd_A,mcallen-texas
https://www.ubereats.com/brownsville/food-delivery/la-morenita-bakery/5LVPdFrIQS6PUQAWlOKkig,mcallen-texas
https://www.ubereats.com/brownsville/food-delivery/jack-in-the-box-7500-n-10th-st/urMrPse2Q9i6ne1-GzfQjg,mcallen-texas
https://www.ubereats.com/brownsville/food-delivery/mcdonalds-2120-w-university-dr/jcL7jtQ8SuCkCkvxywNBMQ,mcallen-texas
https://www.ubereats.com/brownsville/food-delivery/cafe-renee-la-monarca/LPZ0SKDUQ--s5vVtu6p-Dg,mcallen-texas
https://www.ubereats.com/brownsville/food-delivery/the-griffin-grill/eD-l2AklR_a_IGJNjRqnug,mcallen-texas
https://www.ubereats.com/brownsville/food-delivery/chick-fil-a-2501-e-expressway-83/m6F-iB8XSgi3skCRI_AW-g,mcallen-texas
https://www.ubereats.com/brownsville/food-delivery/gorditas-dona-tota-university/s0b3VKIaQIKL0C5_nI_-2g,mcallen-texas
https://www.ubereats.com/brownsville/food-delivery/corner-bakery-cafe-4021-n-10th-stste-c4/8pExkjGoRWKm45AIjmMTQQ,mcallen-texas
https://www.ubereats.com/brownsville/food-delivery/subway-310-e-pecan-blvd-ste-b/DvNK-fIDQ6KDKzg7SI2iXQ,mcallen-texas
https://www.ubereats.com/brownsville/food-delivery/dennys116-south-shary-rd/XanvBf3ASfeo0p-CVfTPBA,mcallen-texas
https://www.ubereats.com/brownsville/food-delivery/atomix-wings-%26-grill/NK5viLRiQ06nNHO1KglVRg,mcallen-texas
https://www.ubereats.com/brownsville/food-delivery/100%25-antojitos-mexicanos-mission-griffin/fsqI1AQ5QJaQ9fjXkVnuqw,mcallen-texas
https://www.ubereats.com/brownsville/food-delivery/salad-delights/KwqmU4-MQ3GUyp7FQ6yjHg,mcallen-texas
https://www.ubereats.com/brownsville/food-delivery/burger-king-3700-buddy-owens-ave/vZ_Qub3QRhyeE2tlqAeKjw,mcallen-texas
https://www.ubereats.com/brownsville/food-delivery/hayashi-hibachi-mcallen/c8EGg1tPRoW8Xja6SkeExQ,mcallen-texas
https://www.ubereats.com/brownsville/food-delivery/dirty-als-bayou-grill/E8MCNd1ZTEiI2Da31KXWoA,mcallen-texas
https://www.ubereats.com/brownsville/food-delivery/taco-palenque-edinburg/gtFk9hE-SEyy1RZFTgyEsQ,mcallen-texas
https://www.ubereats.com/brownsville/food-delivery/la-india-mexican-food/38brf4kJT5-Tb4g9hDo5_Q,mcallen-texas
https://www.ubereats.com/brownsville/food-delivery/churchs-chicken-3817-pecan-blvd/Xao0msPbTg-xM7EOtIjBEg,mcallen-texas
https://www.ubereats.com/brownsville/food-delivery/churchs-chicken-200-w-nolana/Jbe1Ok-4TsOqcaEnPUeyvA,mcallen-texas
https://www.ubereats.com/brownsville/food-delivery/el-pollo-loco-2307-n-conway-ave3819/97PFo_znQhmBRG8EmRs89w,mcallen-texas
https://www.ubereats.com/brownsville/food-delivery/fresh-%26-tasty/dT3rYeOBTeiXgMY0y518wQ,mcallen-texas
https://www.ubereats.com/brownsville/food-delivery/burger-king-7209-n-23rd-st/9YCYN9QxS26buTAdIQxn0g,mcallen-texas
https://www.ubereats.com/brownsville/food-delivery/juice-up/a0sALJ8ORAi2RbF26_yDLw,mcallen-texas
https://www.ubereats.com/brownsville/food-delivery/la-costa-grill/5osX2H0OTtaA4V-0q5Mh5g,mcallen-texas
https://www.ubereats.com/brownsville/food-delivery/ccs-sweets-%26-tweets/rjV2jdCAQmWgjrDVoJohcw,mcallen-texas
https://www.ubereats.com/brownsville/food-delivery/buffalo-wings-%26-rings-4711-n-10th-st/azabZ3uGSdW4glCPOseeBg,mcallen-texas
https://www.ubereats.com/brownsville/food-delivery/burgerim-mcallen/rD_DHHWnRKKpM6QKJNOwLA,mcallen-texas
https://www.ubereats.com/brownsville/food-delivery/armandos-pizza/p3kWsXSOQpaWw-43WEKhLQ,mcallen-texas
https://www.ubereats.com/brownsville/food-delivery/tacos-y-gorditas-el-regio/tBmidTD5TK2c7rh9HFviWw,mcallen-texas
https://www.ubereats.com/brownsville/food-delivery/yo-mama-healthy-cafe/_iBOgz9OSBW0nj1yfngD6Q,mcallen-texas
https://www.ubereats.com/brownsville/food-delivery/tropical-smoothie-cafe-508-w-trenton-roadsuite-1/5a9_g5v8S4SE9CLEJ5GuSw,mcallen-texas
https://www.ubereats.com/brownsville/food-delivery/burger-king-4006-south-mc-coll-road/LpiEWbJ6R92-JtSEEEZ4kQ,mcallen-texas
https://www.ubereats.com/brownsville/food-delivery/villa-del-mar-edinburg/wSUdoZ5JQ9SgC7S9vpq-7Q,mcallen-texas
https://www.ubereats.com/brownsville/food-delivery/texas-de-brazil-mcallen/hFtJrXnjRUqj00OnCbd1xw,mcallen-texas
https://www.ubereats.com/brownsville/food-delivery/schlotzskys-2616-n-10th-street/eVmakfEoSFSZi7vUSD3tMQ,mcallen-texas
https://www.ubereats.com/brownsville/food-delivery/pappas-pizza/DRqkoGPVSIWQTRC3GdRn5w,mcallen-texas
https://www.ubereats.com/brownsville/food-delivery/mcdonalds-104-w-nolana-loop/TKwU3h0BSlOTgx4KVgtrSA,mcallen-texas
https://www.ubereats.com/brownsville/food-delivery/golden-chick-4501-n-23rd/Tr9N17XLRW6afMJdK7XPYA,mcallen-texas
https://www.ubereats.com/brownsville/food-delivery/dairy-queen-grill-%26-chill-2203-n-conway-ave/5cc2AGlNQQikg4zSARaxVQ,mcallen-texas
https://www.ubereats.com/brownsville/food-delivery/dairy-queen-4101-n-23rd-st/0RJyJyTFRH2Y86n6s24n7g,mcallen-texas
https://www.ubereats.com/brownsville/food-delivery/palenque-grill-edinburg/CsPfvWVeT52_XbRYciCD9w,mcallen-texas
https://www.ubereats.com/brownsville/food-delivery/chipotle-mexican-grill-3400-expressway-83/jrqXAXj7QJWxzKoYiyXa5w,mcallen-texas
https://www.ubereats.com/brownsville/food-delivery/golden-chick-1911-n-raul-longoria-road/gCqG9dl0ROeTHrmnnnVGgg,mcallen-texas
https://www.ubereats.com/brownsville/food-delivery/subway-3732-pecan-blvd-ste-1/oXI_9ON8QQ-K71ogcsXBQg,mcallen-texas
https://www.ubereats.com/brownsville/food-delivery/xquinkles-snack-land-mcallen/6JIISttiRHOoKv9yqxFRpw,mcallen-texas
https://www.ubereats.com/brownsville/food-delivery/cocinita-cafe/wtMf47pdQIeNx7zcVhrwag,mcallen-texas
https://www.ubereats.com/brownsville/food-delivery/firehouse-subs-4901-w-expressway-83/gszDGC2pQMiwyQutvCfDkg,mcallen-texas
https://www.ubereats.com/brownsville/food-delivery/panda-express-1401-e-jackson-ave/GPIor6yiRx6-e5NdYXvGaw,mcallen-texas
https://www.ubereats.com/brownsville/food-delivery/republic-of-the-rio-grande/qWLOStQSRfCyuxQjzfJhkg,mcallen-texas
https://www.ubereats.com/brownsville/food-delivery/100%25-antojitos-mexicanos-mission-shary/M20iPPUSSgOtXERRGlS8XQ,mcallen-texas
https://www.ubereats.com/brownsville/food-delivery/dairy-queen-1501-n-23rd-st/s-VzoSrKQmSdISuwChpD5g,mcallen-texas
https://www.ubereats.com/brownsville/food-delivery/golden-chick-200-s-alton-blvd/fPs7WXqiR52Bv8TXWRKWAQ,mcallen-texas
https://www.ubereats.com/brownsville/food-delivery/starbucks-10th-%26-expwy-83/9hsU_IQ9Qvu29FlmYoWLdw,mcallen-texas
https://www.ubereats.com/brownsville/food-delivery/kabob-guys/9KlxmBaqTWuG29VpL9DgWQ,mcallen-texas
https://www.ubereats.com/brownsville/food-delivery/teresitas-kitchen/I6lFGr-4RF2J2y7ihdyi9w,mcallen-texas
https://www.ubereats.com/brownsville/food-delivery/cicis-601-trenton-road-suite-e/2nu8Mq2lRbe1pn1ngPy8Iw,mcallen-texas
https://www.ubereats.com/brownsville/food-delivery/mcdonalds-303-e-expy-83/SBO_Rvd0Q3qA4nivNyD_RA,mcallen-texas
https://www.ubereats.com/brownsville/food-delivery/arbys-900-s-jackson-road/glLgWkwIT8qmtTRbvr_evg,mcallen-texas
https://www.ubereats.com/brownsville/food-delivery/pasquallys-pizza-%26-wings-1200-trenton-road-bld-100/sbSpFLkbQcSIqawBQk92uA,mcallen-texas
https://www.ubereats.com/brownsville/food-delivery/red-lobster-7617-n-10th-street/_kRthlIBREGg3yF675zCjg,mcallen-texas
https://www.ubereats.com/brownsville/food-delivery/taco-geeks/qKgJRxVcSXuiaYWxh615ow,mcallen-texas
https://www.ubereats.com/brownsville/food-delivery/ihop-4321-n-10th-st/uP-2g8bQRd68zUYLyLeyug,mcallen-texas
https://www.ubereats.com/brownsville/food-delivery/churchs-chicken-201-w-griffin-parkway/QbDKxicnSWOGrLVzO-3nuQ,mcallen-texas
https://www.ubereats.com/brownsville/food-delivery/sushi-zushi-express-mcallen/ihB_wLblR_qaZZjFjB6bog,mcallen-texas
https://www.ubereats.com/brownsville/food-delivery/hacienda-san-miguel-mexican-grill-and-bar/M0LWYt-fQ7Oo9eO85lsCNw,mcallen-texas
https://www.ubereats.com/brownsville/food-delivery/chick-fil-a-2023-interstate-highway-2/SesxvqRqSy-Iz_54pS-Ewg,mcallen-texas
https://www.ubereats.com/brownsville/food-delivery/taqueria-la-mexicana-s-cage-blvd/7CHyjl_8SFW0hrehnv7GRQ,mcallen-texas
https://www.ubereats.com/brownsville/food-delivery/ihop-1601-s-cage-rd/U_FKP4YeRw-3WsYtPqQYrg,mcallen-texas
https://www.ubereats.com/brownsville/food-delivery/subway-2200-trenton-rd-ste-1a/g4pDHX1lRlSmikMGJQ4Nrw,mcallen-texas
https://www.ubereats.com/brownsville/food-delivery/gorditas-dona-tota-la-plaza-mall/qJe33fFERIiodHzP3iSuJw,mcallen-texas
https://www.ubereats.com/brownsville/food-delivery/gorditas-dona-tota-w-military-hwy/vr71QeTaR9KfNcM_Xbb0iw,mcallen-texas
https://www.ubereats.com/brownsville/food-delivery/taqueria-oviedo/86Bk5iRnTLGOKEWoYtf50w,mcallen-texas
https://www.ubereats.com/brownsville/food-delivery/the-protein-shoppe/IKMDA6axT5G_m4X-YXRjVQ,mcallen-texas
https://www.ubereats.com/brownsville/food-delivery/papa-johns-4901-expressway-83-s-te-130/kQzjxmI4TE2prZmSlxacNA,mcallen-texas
https://www.ubereats.com/brownsville/food-delivery/carlos-bakery-mcallen/GhtmBluRQB2MOBqAx_0lvQ,mcallen-texas
https://www.ubereats.com/brownsville/food-delivery/peppers-at-uptown/OyWBHUcdToSibX2-FW-0EA,mcallen-texas
https://www.ubereats.com/brownsville/food-delivery/taco-palenque-w-university-drive/-4XaYInoQOSn1bES_PNlsA,mcallen-texas
https://www.ubereats.com/brownsville/food-delivery/ihop-1900-s-tenth-st/moINKqDRRYCEhgCsnKPI0Q,mcallen-texas
https://www.ubereats.com/brownsville/food-delivery/kfc-707-nolana/0vmDINGMRdyu7Jt1XrqzWQ,mcallen-texas
https://www.ubereats.com/brownsville/food-delivery/zios-italian-kitchen-express-mcallen/QFJzBB0kST2zTWX61LFcyQ,mcallen-texas
https://www.ubereats.com/brownsville/food-delivery/logans-roadhouse-364-2224-s-10th-street/meF5R34kR6apd5QUMQuGcw,mcallen-texas
https://www.ubereats.com/brownsville/food-delivery/furrs-fresh-buffet-mcallen/x50EkExwR6aDpSdYxK190g,mcallen-texas
https://www.ubereats.com/brownsville/food-delivery/kurai-sushi/BJQnrJ8ATzaW_W_sC9xRzQ,mcallen-texas
https://www.ubereats.com/brownsville/food-delivery/muelle37mcallen/lJwqE0_eR3SKueWmki2Zfw,mcallen-texas
https://www.ubereats.com/brownsville/food-delivery/popeyes-louisiana-kitchen-405-e-trenton-rd/c95TXt98TYGIsGuj5krsTA,mcallen-texas
https://www.ubereats.com/brownsville/food-delivery/taqueria-la-mexicana-w-griffin-pkwy/bieMjcEFRI-Hzvat7n8b5g,mcallen-texas
https://www.ubereats.com/brownsville/food-delivery/villa-del-mar-mission-%232/WWVfVHdeRT61d1TJzCt2ng,mcallen-texas
https://www.ubereats.com/brownsville/food-delivery/kurai-sushi-pharr/ASP3jxPyTc-1X8uWUDLeBQ,mcallen-texas
https://www.ubereats.com/brownsville/food-delivery/gorditas-dona-tota-s-mccoll-rd/SIvHT3WwTEeUYoNRuSkM_A,mcallen-texas
https://www.ubereats.com/brownsville/food-delivery/taqueria-no-me-olvides-by-checo/6pr72soXRZymca8uwp-0gQ,mcallen-texas
https://www.ubereats.com/brownsville/food-delivery/popeyes-louisiana-kitchen-2805-w-university-dr/5SW0HdvdSqaPQuM_GCT9ag,mcallen-texas
https://www.ubereats.com/brownsville/food-delivery/gorditas-dona-tota-cesar-chavez-rd/BIpV69ZMTdODlh8UepyOTQ,mcallen-texas
