url,city
https://www.ubereats.com/harrisburg/food-delivery/cc-kitchen/WZEF8csrTyqAeAsvMBrOpg,mechanicsburg-pennsylvania
https://www.ubereats.com/harrisburg/food-delivery/cracker-barrel-old-country-store-3-e-garland-drive/ygtA9nywSPqujS6ddXeroQ,mechanicsburg-pennsylvania
https://www.ubereats.com/harrisburg/food-delivery/giovannis-pizza-%26-grill/ewXVImGYR86xTW0y9hQDig,mechanicsburg-pennsylvania
https://www.ubereats.com/harrisburg/food-delivery/namaste-indian-cuisine/FCsniT3pTU2GaZWdU_EAPQ,mechanicsburg-pennsylvania
https://www.ubereats.com/harrisburg/food-delivery/jersey-mikes-6455-carlisle-pike/Yw0WqeELR8eLHg1hAaY4Tw,mechanicsburg-pennsylvania
https://www.ubereats.com/harrisburg/food-delivery/jb-lovedrafts-micropub/l2DpBZK2SmyNMBWLm38fyg,mechanicsburg-pennsylvania
https://www.ubereats.com/harrisburg/food-delivery/wendys-305-cumberland-parkway/_Oc3WOanQae8R0mfNdxDVA,mechanicsburg-pennsylvania
https://www.ubereats.com/harrisburg/food-delivery/nathans-famous-220-penrose-place/LdBqBXfyRA20DAjc1l2J2A,mechanicsburg-pennsylvania
https://www.ubereats.com/harrisburg/food-delivery/zembies/UyvLNeyNSgeqKSvc40v13w,mechanicsburg-pennsylvania
https://www.ubereats.com/harrisburg/food-delivery/hardees-1804-w-trindle-rd/EqAHrOv_RqmIxqWnMu6aow,mechanicsburg-pennsylvania
https://www.ubereats.com/harrisburg/food-delivery/2nd-street-shawarma/RDHpq3c5Ra2cRlRxip0Csg,mechanicsburg-pennsylvania
https://www.ubereats.com/harrisburg/food-delivery/pizza-bolis-mechanicsburg/JPZ-t5peQf6CHRcI6Nds-Q,mechanicsburg-pennsylvania
https://www.ubereats.com/harrisburg/food-delivery/yankee-doodle-family-restaurant/d8g3tWpFQ3mt3oG02GqtkA,mechanicsburg-pennsylvania
https://www.ubereats.com/harrisburg/food-delivery/seafood-lovers-mech/Eq9Gp2O5SJCAUltHU6SvZg,mechanicsburg-pennsylvania
https://www.ubereats.com/harrisburg/food-delivery/hardees-2203-paxton-st/1qo3Q38yT62ne8o1TmcZGQ,mechanicsburg-pennsylvania
https://www.ubereats.com/harrisburg/food-delivery/philly-pretzel-factory-camp-hill/PJ-PiJiCSm--JC9BCdF-kw,mechanicsburg-pennsylvania
https://www.ubereats.com/harrisburg/food-delivery/the-red-boat-asian-fusion-harrisburg/HA67bUoMQ7OamKr-Ae_4cQ,mechanicsburg-pennsylvania
https://www.ubereats.com/harrisburg/food-delivery/moes-bar-and-grill/jQwH5ml9QaOKZBTmqePf9Q,mechanicsburg-pennsylvania
https://www.ubereats.com/harrisburg/food-delivery/first-watch-camp-hill/-KYICuJRRzGD2kIDPds-KA,mechanicsburg-pennsylvania
https://www.ubereats.com/harrisburg/food-delivery/dennys-5505-carlisle-pike/Th8NfoObQDKKBxRf9prdVg,mechanicsburg-pennsylvania
https://www.ubereats.com/harrisburg/food-delivery/red-robin-6560-carlisle-pike-%23450/z7CzVlshTLiOoPqmjcRZfA,mechanicsburg-pennsylvania
https://www.ubereats.com/harrisburg/food-delivery/jewels-of-india/iQPgRDzvRVmuv6UwN4esRA,mechanicsburg-pennsylvania
https://www.ubereats.com/harrisburg/food-delivery/cafe-magnolia/vVG3NCIwQsalz4RUQxtsDg,mechanicsburg-pennsylvania
https://www.ubereats.com/harrisburg/food-delivery/soltan-restaurant/uVR9SN40TjOIm5Z78JpgWg,mechanicsburg-pennsylvania
https://www.ubereats.com/harrisburg/food-delivery/bar-b-q-tavern/Z2y2E_PhSlWYUuzgIMtOyw,mechanicsburg-pennsylvania
https://www.ubereats.com/harrisburg/food-delivery/gunpowder-cafe/NgYtSAAoQ7elr2YjWVO1Tg,mechanicsburg-pennsylvania
https://www.ubereats.com/harrisburg/food-delivery/kfc-313-lowther-street/HaQmZVoHSB-ul3kGbEqcwQ,mechanicsburg-pennsylvania
https://www.ubereats.com/harrisburg/food-delivery/subway-360-east-penn-dr/LZf2gCGWQQGa6wYJnsia5g,mechanicsburg-pennsylvania
https://www.ubereats.com/harrisburg/food-delivery/dalicia-bakery/J64C8vDNRjOJIJnoo85q3A,mechanicsburg-pennsylvania
https://www.ubereats.com/harrisburg/food-delivery/dunkin-423-n-enola-rd/yb_ZS4-SQkyTiTpXZu2XbQ,mechanicsburg-pennsylvania
https://www.ubereats.com/harrisburg/food-delivery/arbys-32-s-32nd-st/KzlwcHRnR2OCyExzq60G5g,mechanicsburg-pennsylvania
https://www.ubereats.com/harrisburg/food-delivery/el-rodeo-mechanicsburg-east/ClVsbrMcS5GBt8eQ50X2DA,mechanicsburg-pennsylvania
https://www.ubereats.com/harrisburg/food-delivery/aroogas-rt-15/mJvlZK3HR3GS4Fw2Q2m_2g,mechanicsburg-pennsylvania
https://www.ubereats.com/harrisburg/food-delivery/hawaii-poke/xwEf7PV0S8mWLSwlcPED5g,mechanicsburg-pennsylvania
https://www.ubereats.com/harrisburg/food-delivery/passage-to-india/cFm1qHaJQTu-0wPcOWzvxg,mechanicsburg-pennsylvania
https://www.ubereats.com/harrisburg/food-delivery/crispy-fried-chicken/DZTaZuqnSa6Nq5Y0hAK9PQ,mechanicsburg-pennsylvania
https://www.ubereats.com/harrisburg/food-delivery/the-vegetable-hunter/Efi-Msw8QuuPjHUKCNx_eA,mechanicsburg-pennsylvania
https://www.ubereats.com/harrisburg/food-delivery/burger-king-3555-old-gettysburg-road/N0iYqYpbQ72uiEJZkhxTqg,mechanicsburg-pennsylvania
https://www.ubereats.com/harrisburg/food-delivery/kfc-3819-walnut-street/RJ5H7574QVuI2Of-0pjEhg,mechanicsburg-pennsylvania
https://www.ubereats.com/harrisburg/food-delivery/starbucks-camp-hill-trindle-rd/zegzrcfqSn2JnWHW4-OROg,mechanicsburg-pennsylvania
https://www.ubereats.com/harrisburg/food-delivery/papa-johns-pizza-500-s-hanover-street/rvl4F6x0TwyvpIT1QXb_WQ,mechanicsburg-pennsylvania
https://www.ubereats.com/harrisburg/food-delivery/walima-moroccan-cuisine/CpHLlaCIRpqPbfwJKnXrMQ,mechanicsburg-pennsylvania
https://www.ubereats.com/harrisburg/food-delivery/red-lobster-4711-carlisle-pike/1DBX6OExQni2Vm8b-Mqkyg,mechanicsburg-pennsylvania
https://www.ubereats.com/harrisburg/food-delivery/cracker-barrel-old-country-store-2525-brindle-drive/pX11Ij3GT-yBT68ZzbKS7w,mechanicsburg-pennsylvania
https://www.ubereats.com/harrisburg/food-delivery/arbys-2253-dodson-court/HoPYVH7cRvGnUiASt9D0CA,mechanicsburg-pennsylvania
https://www.ubereats.com/harrisburg/food-delivery/bonbon-cafe/DDNrd5rPQVS9UJiR6TJNPQ,mechanicsburg-pennsylvania
https://www.ubereats.com/harrisburg/food-delivery/mcdonalds-1014-wesley-dr/2GfIYvEDQ8uByATnH_Sd_w,mechanicsburg-pennsylvania
https://www.ubereats.com/harrisburg/food-delivery/kanlaya-thai-restaurant/Bc0J4ET7Rt2TlbpMIO6vmw,mechanicsburg-pennsylvania
https://www.ubereats.com/harrisburg/food-delivery/dunkin-5306-carlisle-pike/XpJmOuTdQ8-LeAh-rkT8xg,mechanicsburg-pennsylvania
https://www.ubereats.com/harrisburg/food-delivery/papa-johns-4200-derry-st/r0RbwvYQRJmQs2pfG99SqQ,mechanicsburg-pennsylvania
https://www.ubereats.com/harrisburg/food-delivery/five-guys-pa-0172-4810-carlisle-pike/EY10iObETTqJCz2QhK2VcQ,mechanicsburg-pennsylvania
https://www.ubereats.com/harrisburg/food-delivery/nyrees-restaurant/WmFeE8FVTfaj6kanE70qfQ,mechanicsburg-pennsylvania
https://www.ubereats.com/harrisburg/food-delivery/carrabbas-5250-carlisle-pike/5QlT_AYfT6qF8gd_7J3jDA,mechanicsburg-pennsylvania
https://www.ubereats.com/harrisburg/food-delivery/hops-%26-barleys/WNClSoVyRv-OqdqdfwCnAQ,mechanicsburg-pennsylvania
https://www.ubereats.com/harrisburg/food-delivery/york-street-grill/XWPzstH_Sm2FLu4gQRssag,mechanicsburg-pennsylvania
https://www.ubereats.com/harrisburg/food-delivery/underdogs/Z2o2g6ATReqgfdCM_AlSBQ,mechanicsburg-pennsylvania
https://www.ubereats.com/harrisburg/food-delivery/tikka-shack/2ocPIYerS7mPs3JoMh01ng,mechanicsburg-pennsylvania
https://www.ubereats.com/harrisburg/food-delivery/arbys-1202-harrisburg-pike/NWnN5UUBQimFLasVBsJdHQ,mechanicsburg-pennsylvania
https://www.ubereats.com/harrisburg/food-delivery/taqueria-laurita/uiuMuD4hQKyCVt_j9eM8Ug,mechanicsburg-pennsylvania
https://www.ubereats.com/harrisburg/food-delivery/starbucks-shoppes-at-cedar-cliff/bXIVsNlUTn6rp81x6t_rHA,mechanicsburg-pennsylvania
https://www.ubereats.com/harrisburg/food-delivery/isaacs-restaurant-rossmoyne/aqKk88ceSMKVegIjpHJrtw,mechanicsburg-pennsylvania
https://www.ubereats.com/harrisburg/food-delivery/duck-donuts-6230-carlisle-pike/y7_VGCOlTnGemo-THEPvJA,mechanicsburg-pennsylvania
https://www.ubereats.com/harrisburg/food-delivery/wayback-burgers-25-gateway-dr/yog3VkOrSxefnK9aMyDUvQ,mechanicsburg-pennsylvania
https://www.ubereats.com/harrisburg/food-delivery/bob-evans-244-771-eisenhower-boulevard/4qK0Nl1YSXeE11Ise9m_hQ,mechanicsburg-pennsylvania
https://www.ubereats.com/harrisburg/food-delivery/cracker-barrel-old-country-store-395-cumberland-pkwy/eptvRRJgQdaud3nhhPbT0Q,mechanicsburg-pennsylvania
https://www.ubereats.com/harrisburg/food-delivery/taco-bell-401-east-high-street/ov823NKAQOCJuX0Ic98Beg,mechanicsburg-pennsylvania
https://www.ubereats.com/harrisburg/food-delivery/vincenzos-pizza/ALjpY1L5SgWgFLVrefM0lw,mechanicsburg-pennsylvania
https://www.ubereats.com/harrisburg/food-delivery/shawarma-house/Vkzd39-jS2GE1TFDCrMjBQ,mechanicsburg-pennsylvania
https://www.ubereats.com/harrisburg/food-delivery/mcdonalds-rt-114-%26-shadow-oaks-dr/d33BdVd7TQuo-_XDCBCPPA,mechanicsburg-pennsylvania
https://www.ubereats.com/harrisburg/food-delivery/el-rancho-restaurante-y-pupuseria/jq6uWZo8QXOSU49wtCwv4g,mechanicsburg-pennsylvania
https://www.ubereats.com/harrisburg/food-delivery/als-pizza-and-subs/nGfwC5XOSYOhvhI8QuMZNA,mechanicsburg-pennsylvania
https://www.ubereats.com/harrisburg/food-delivery/chuck-e-cheese-3883-union-deposit-rd/GuoSwDlwQWend-92-C27jA,mechanicsburg-pennsylvania
https://www.ubereats.com/harrisburg/food-delivery/two-cousins-pizza/FEM2hbCBQXq9eI6i2wudEQ,mechanicsburg-pennsylvania
https://www.ubereats.com/harrisburg/food-delivery/pita-pita/_ayUmghRT12YT69syekN7A,mechanicsburg-pennsylvania
https://www.ubereats.com/harrisburg/food-delivery/moes-6416-carlisle-pike-suite-%23800/scP6otWST4Ch69lVEhm84A,mechanicsburg-pennsylvania
https://www.ubereats.com/harrisburg/food-delivery/nathans-bar-%26-grill/V58FXcPFQTyVmBOKk-LVqg,mechanicsburg-pennsylvania
https://www.ubereats.com/harrisburg/food-delivery/pizza-wings-%26-more/LU0biW6xTa-IbWabQyz7HA,mechanicsburg-pennsylvania
https://www.ubereats.com/harrisburg/food-delivery/new-silver-spring-diner/T3PAeT6kRIO-SSKLjP8-1g,mechanicsburg-pennsylvania
https://www.ubereats.com/harrisburg/food-delivery/curry-in-a-hurry/ibKGslOXSvu-2u_lgDlgPA,mechanicsburg-pennsylvania
https://www.ubereats.com/harrisburg/food-delivery/burgerim/y6RskayaTMaXRALYU3O9Rw,mechanicsburg-pennsylvania
https://www.ubereats.com/harrisburg/food-delivery/el-cafe-shop-and-kitchen-llc/MzmyDku7QOacx5mh4lcJrQ,mechanicsburg-pennsylvania
https://www.ubereats.com/harrisburg/food-delivery/saladworks-cap-city-mall/a1XbvqaPRdedh_9F4puuaA,mechanicsburg-pennsylvania
https://www.ubereats.com/harrisburg/food-delivery/burger-king-5300-carlisle-pike/pGLPx88ESQm9E9A7wPaFig,mechanicsburg-pennsylvania
https://www.ubereats.com/harrisburg/food-delivery/dennys-1501-harrisburg-pike/E9v6qoVYQaaaMuSmcBQvww,mechanicsburg-pennsylvania
https://www.ubereats.com/harrisburg/food-delivery/dairy-queen-grill-%26-chill-1651-s-cameron-st/Eb15l6dwSZuvaI34CP_kJQ,mechanicsburg-pennsylvania
https://www.ubereats.com/harrisburg/food-delivery/au-bon-lieu-harrisburg-location/1zElwXHqRVuljWqns0li1g,mechanicsburg-pennsylvania
https://www.ubereats.com/harrisburg/food-delivery/sakura/P7vU7DvVTEe_6jyoY0CJmg,mechanicsburg-pennsylvania
https://www.ubereats.com/harrisburg/food-delivery/masala-bistro-3401-hartzdale-dr/h2p1b6BQSNmp2vZPqbUubg,mechanicsburg-pennsylvania
https://www.ubereats.com/harrisburg/food-delivery/kfc-6557-carlisle-pike/h5XCPOKqR3CwvV2R6EdpJg,mechanicsburg-pennsylvania
https://www.ubereats.com/harrisburg/food-delivery/mcdonalds-4230-trindle-rd/SuQM-cvNROCvMJGnVtEXIw,mechanicsburg-pennsylvania
https://www.ubereats.com/harrisburg/food-delivery/yum-pizza/dwwo0uD0Rq-Oc66wJud1Qg,mechanicsburg-pennsylvania
https://www.ubereats.com/harrisburg/food-delivery/isaacs-restaurant-lemoyne/UQeyIX6KSNq80nL5N9d3Yw,mechanicsburg-pennsylvania
https://www.ubereats.com/harrisburg/food-delivery/stromboli-paradise/WbuY-3DfQMukYeorKr-kDA,mechanicsburg-pennsylvania
https://www.ubereats.com/harrisburg/food-delivery/brusters-real-ice-cream-220-penrose-pl/ydWVoWWkT2uulWP45XLQDQ,mechanicsburg-pennsylvania
https://www.ubereats.com/harrisburg/food-delivery/juice-and-java-cafe/xashmn1rQLy_LivXeiCmQg,mechanicsburg-pennsylvania
https://www.ubereats.com/harrisburg/food-delivery/arbys-240-cumberland-parkway/zQy05TEeSjGhJtXif01dvg,mechanicsburg-pennsylvania
https://www.ubereats.com/harrisburg/food-delivery/city-line-diner/27FQ-kmxS7C-_cvmMlPunA,mechanicsburg-pennsylvania
https://www.ubereats.com/harrisburg/food-delivery/ihop-4002-union-deposit-rd/XrlpfuY4TOiSgUd85iKaOA,mechanicsburg-pennsylvania
https://www.ubereats.com/harrisburg/food-delivery/tropical-smoothie-cafe-camp-hill/Os3EbfNxSHeNKiQ0RVDnlg,mechanicsburg-pennsylvania
https://www.ubereats.com/harrisburg/food-delivery/carlisle-diner/CLpQnCoeSaOaLZedsZH6jg,mechanicsburg-pennsylvania
https://www.ubereats.com/harrisburg/food-delivery/taco-bell-6520-carlisle-pike/APhmk9C4ShOXfucIJSv5Sg,mechanicsburg-pennsylvania
https://www.ubereats.com/harrisburg/food-delivery/primanti-brothers-3745-captial-city-mall-drive/YnPoGJxnS4SLXTOZKQmcXQ,mechanicsburg-pennsylvania
https://www.ubereats.com/harrisburg/food-delivery/federal-taphouse-harrisburg/P28qw7bUSZKZjIsVtJjBjg,mechanicsburg-pennsylvania
https://www.ubereats.com/harrisburg/food-delivery/307-bonefish-grill-3505-gettysburg-road/_22MJv-fTZWGsG2eERNcBA,mechanicsburg-pennsylvania
https://www.ubereats.com/harrisburg/food-delivery/tiki-ts-mini-donuts-and-more/3vAfwkecRreQVjwk6Tg1ZQ,mechanicsburg-pennsylvania
https://www.ubereats.com/harrisburg/food-delivery/tri-asian-taste/_VF8vY0cTU-GYSbyj1S5Pw,mechanicsburg-pennsylvania
https://www.ubereats.com/harrisburg/food-delivery/chick-fil-a-6416-carlisle-pike-ste-3500/qPBtc7QaSf-b1Xv-kyt4ow,mechanicsburg-pennsylvania
https://www.ubereats.com/harrisburg/food-delivery/masa-mexican-food-truck/lo4zKgLdS7-3bo6VPqBjww,mechanicsburg-pennsylvania
https://www.ubereats.com/harrisburg/food-delivery/hickory-ridge-restaurant/NhdzVKbAR1SbhdF9fdBoxw,mechanicsburg-pennsylvania
https://www.ubereats.com/harrisburg/food-delivery/aroogas-rt-11/sl6dRIoTR3qoLPuJuWENdg,mechanicsburg-pennsylvania
https://www.ubereats.com/harrisburg/food-delivery/ruby-tuesday-3991-paxton-street/ikEIO0rwS6-0q3WblZq9dw,mechanicsburg-pennsylvania
https://www.ubereats.com/harrisburg/food-delivery/buffalo-wild-wings-6385-carlisle-pike/8w1jTDbORTWZqq9CGJ1z6A,mechanicsburg-pennsylvania
https://www.ubereats.com/harrisburg/food-delivery/arbys-6560-carlisle-pike/WVpyG_ljRM-pXUtg6d24Aw,mechanicsburg-pennsylvania
https://www.ubereats.com/harrisburg/food-delivery/dickeys-barbecue-restaurants-inc-6520-carlisle-pike/byZFPVCJRfyHgJEKWg8jNA,mechanicsburg-pennsylvania
https://www.ubereats.com/harrisburg/food-delivery/mcdonalds-rte-83-carlisle-rd/vN8QGJM4SLSFDuGvjIc9rA,mechanicsburg-pennsylvania
https://www.ubereats.com/harrisburg/food-delivery/anastacias-restaurant-%26-bar/MhiVLUM7R6mlflZROp01Pw,mechanicsburg-pennsylvania
https://www.ubereats.com/harrisburg/food-delivery/pj-fresh-1501-harrisburg-pike/84Aik9ONQT6I4iPHnlAtJQ,mechanicsburg-pennsylvania
https://www.ubereats.com/harrisburg/food-delivery/taco-bell-4300-market-place-way/BUMkd7s3SAW4lFPBX00S0g,mechanicsburg-pennsylvania
https://www.ubereats.com/harrisburg/food-delivery/sweetfrog-6416-carlisle-pike/u9FPoZsPRuCIFhvzFOnrww,mechanicsburg-pennsylvania
https://www.ubereats.com/harrisburg/food-delivery/fiesta-mexico-harrisburg/brXlmTEWTHSIbLlJ_9wMKg,mechanicsburg-pennsylvania
https://www.ubereats.com/harrisburg/food-delivery/the-west-shore-diner/XandJ-OiS128V5Jw6hMLMw,mechanicsburg-pennsylvania
https://www.ubereats.com/harrisburg/food-delivery/mcdonalds-5550-carlisle-pike/9uufwrvbTAqNOBwIpS3I_g,mechanicsburg-pennsylvania
https://www.ubereats.com/harrisburg/food-delivery/aroogas-downtown/3I_3E5vtQZuZwC9nNF9v5A,mechanicsburg-pennsylvania
https://www.ubereats.com/harrisburg/food-delivery/five-guys-pa-0203-4635-high-pointe-blvd/PwCgR-hdTGKvSZRIy7OKhA,mechanicsburg-pennsylvania
https://www.ubereats.com/harrisburg/food-delivery/starbucks-mechanicsburg-carlisle-place/sEP5gkOLSaOPvXzAG3sZyQ,mechanicsburg-pennsylvania
https://www.ubereats.com/harrisburg/food-delivery/the-pennsylvania-bakery/tJmqyFaCSIK_-5wrcIMAGA,mechanicsburg-pennsylvania
https://www.ubereats.com/harrisburg/food-delivery/taco-solo/zF8WZ4XvTjuJYqqtr6Lb5A,mechanicsburg-pennsylvania
https://www.ubereats.com/harrisburg/food-delivery/summit-family-restaurant/FRA3YMMWQMeXbqce33F1IQ,mechanicsburg-pennsylvania
https://www.ubereats.com/harrisburg/food-delivery/happy-box/wkfBFVecSaC31l84YTw0yw,mechanicsburg-pennsylvania
https://www.ubereats.com/harrisburg/food-delivery/blimpie-1715-market-st/dDahswXKTJKfkG5-aQRUig,mechanicsburg-pennsylvania
https://www.ubereats.com/harrisburg/food-delivery/taco-bell-4640-jonestown-road/EkZLqxKXR5i45JbyzSgWsg,mechanicsburg-pennsylvania
https://www.ubereats.com/harrisburg/food-delivery/taco-bell-825-eisenhower-blvd/Zzz70VSOQU-X2UlnUNiBgQ,mechanicsburg-pennsylvania
https://www.ubereats.com/harrisburg/food-delivery/bawarchi-biryanis/1YzwpuptTdSm90fRLWeZLw,mechanicsburg-pennsylvania
https://www.ubereats.com/harrisburg/food-delivery/wendys-1165-harrisburg-pike/abI2tcmuRJuC9ryGJ56lWw,mechanicsburg-pennsylvania
https://www.ubereats.com/harrisburg/food-delivery/lahori-kabab-4830-carlisle-pike/Ok4ZqSznRKeY34NC7QO7Kw,mechanicsburg-pennsylvania
https://www.ubereats.com/harrisburg/food-delivery/capow-jamaican-restaurant/IhqO6RcnQvy5qj5Cqp6SbA,mechanicsburg-pennsylvania
https://www.ubereats.com/harrisburg/food-delivery/pho-king/iu2xNQYIQVmbtNIvgKgNKg,mechanicsburg-pennsylvania
https://www.ubereats.com/harrisburg/food-delivery/bacco-pizzeria-%26-wine-bar/stUmK88ySl-tNYZWqC6gyg,mechanicsburg-pennsylvania
https://www.ubereats.com/harrisburg/food-delivery/auntie-annes-3475-capital-city-mall-dr/1E8mId1CS5arxS7oWDwO2A,mechanicsburg-pennsylvania
https://www.ubereats.com/harrisburg/food-delivery/wendys-3465-simpson-ferry-road/dTwLfAQ9S0KwxsqftB03dw,mechanicsburg-pennsylvania
https://www.ubereats.com/harrisburg/food-delivery/honeybaked-ham-4713-carlisle-pike/UgctNqrsTqOR3OrXiCEgow,mechanicsburg-pennsylvania
https://www.ubereats.com/harrisburg/food-delivery/moes-4635-high-pointe-blvd/VN6ZWc2-RSeYQaRT1c_IoQ,mechanicsburg-pennsylvania
https://www.ubereats.com/harrisburg/food-delivery/chipotle-mexican-grill-3216-trindle-rd/Iws8b1MBSi28fq_rowUQBg,mechanicsburg-pennsylvania
https://www.ubereats.com/harrisburg/food-delivery/outback-steakhouse-25-gateway-drive/ZUDBEDuaTJO8aYpVhlRBOw,mechanicsburg-pennsylvania
https://www.ubereats.com/harrisburg/food-delivery/pho-3-mien/L1XoPnU8T9u8_dzEZBN5Sw,mechanicsburg-pennsylvania
https://www.ubereats.com/harrisburg/food-delivery/tgi-fridays-1469-mechanicsburg-pa/s3OCZShESsC3IQRvgrUA9A,mechanicsburg-pennsylvania
https://www.ubereats.com/harrisburg/food-delivery/wendys-5235-simpson-ferry-road/Ix5I5aiZQMCleNE9xcfc2A,mechanicsburg-pennsylvania
https://www.ubereats.com/harrisburg/food-delivery/anna-rose-bakery-%26-coffee-shop/uSxWL6DZSCGsO30wpLux3A,mechanicsburg-pennsylvania
https://www.ubereats.com/harrisburg/food-delivery/taco-bell-655-n-12th-street/FVs7PVEORXOisPle2lHY4w,mechanicsburg-pennsylvania
https://www.ubereats.com/harrisburg/food-delivery/cork-%26-fork-osteria/Jcg0yk4lQ1OE3eATX6ONEg,mechanicsburg-pennsylvania
https://www.ubereats.com/harrisburg/food-delivery/perkins-7-erford-rd/FYXAgBcSRE-t32cKcdpqAQ,mechanicsburg-pennsylvania
https://www.ubereats.com/harrisburg/food-delivery/arbys-4310-union-deposit-rd/wd6FfB55R1aDD8_Ppmwdvw,mechanicsburg-pennsylvania
https://www.ubereats.com/harrisburg/food-delivery/crave-the-food/2SM96ycdQi2lZm53HJgIMA,mechanicsburg-pennsylvania
https://www.ubereats.com/harrisburg/food-delivery/sierra-madre-saloon/Wuu4GuaLQUitr4_I_lRANw,mechanicsburg-pennsylvania
https://www.ubereats.com/harrisburg/food-delivery/jersey-mikes-subs/VF7-NnFATDyvH0TPWpHXDw,mechanicsburg-pennsylvania
https://www.ubereats.com/harrisburg/food-delivery/chipotle-mexican-grill-6455-carlisle-pike-ste-b/NcEgAP7BQuGLzGjJbIz9zQ,mechanicsburg-pennsylvania
https://www.ubereats.com/harrisburg/food-delivery/bollywood-burrito/0YxOIaniS0K7x2PZMQ2DRw,mechanicsburg-pennsylvania
https://www.ubereats.com/harrisburg/food-delivery/ccs-kitchen/ZzcPAnZzR1u83VYIEYIcHw,mechanicsburg-pennsylvania
https://www.ubereats.com/harrisburg/food-delivery/alecos-steak-%26-hoagie/bcaA4XN_TlGK_KrrWL96dw,mechanicsburg-pennsylvania
https://www.ubereats.com/harrisburg/food-delivery/qdoba-mexican-grill-3462-paxton-st/Wqdq_Lv2TpG9pn21OmGgbg,mechanicsburg-pennsylvania
https://www.ubereats.com/harrisburg/food-delivery/el-rodeo-mechanicsburg-west/jlI3Bf5OSVWdPoZAtN-7nw,mechanicsburg-pennsylvania
https://www.ubereats.com/harrisburg/food-delivery/just-wings!/ewXSEQljRmuK9UO0u_x8kQ,mechanicsburg-pennsylvania
https://www.ubereats.com/harrisburg/food-delivery/metro-diner-mechanicsburg/bO5V3frUQ5aZObt1quFSDQ,mechanicsburg-pennsylvania
https://www.ubereats.com/harrisburg/food-delivery/buffalo-wild-wings/AEYisv5aQKWQs5Y7iDP0hQ,mechanicsburg-pennsylvania
https://www.ubereats.com/harrisburg/food-delivery/pastorante/KfS-azWLTPm2cNTBD8Uf6w,mechanicsburg-pennsylvania
https://www.ubereats.com/harrisburg/food-delivery/panera-6416-carlisle-pike/oDM4HJpiQMymB1H6bqUFgw,mechanicsburg-pennsylvania
https://www.ubereats.com/harrisburg/food-delivery/applebees-260-noble-blvd/knUMoZHxRBm0mYOa1rGG-g,mechanicsburg-pennsylvania
https://www.ubereats.com/harrisburg/food-delivery/the-pizza-shop-enola/TxSKZcTWRgmWA8lOt6vobA,mechanicsburg-pennsylvania
https://www.ubereats.com/harrisburg/food-delivery/the-pizza-grille/d3qvPJnHSQO5SEisFBbjNQ,mechanicsburg-pennsylvania
https://www.ubereats.com/harrisburg/food-delivery/pizza-bolis-harrisburg-1276-market-st/XdCLA3ppTkG_PyscDHGOEw,mechanicsburg-pennsylvania
https://www.ubereats.com/harrisburg/food-delivery/outback-steakhouse-3527-union-deposit-road/tR1JuhgbS5i0QGp6tM_AFA,mechanicsburg-pennsylvania
https://www.ubereats.com/harrisburg/food-delivery/gyro-express/0lnmjB0PQ9G38ZbS7far0A,mechanicsburg-pennsylvania
https://www.ubereats.com/harrisburg/food-delivery/papa-johns-1010-wesley-dr/5Y7313bPQ0KOWDQSrsH4jw,mechanicsburg-pennsylvania
https://www.ubereats.com/harrisburg/food-delivery/casablanca/4xFAnFTXTJqtlYUhYzqRQw,mechanicsburg-pennsylvania
https://www.ubereats.com/harrisburg/food-delivery/rice-and-beans/HU15PfeKRx6T1WH9J6b55g,mechanicsburg-pennsylvania
https://www.ubereats.com/harrisburg/food-delivery/bollywood-bar-%26-grille/Img_qMz0SP6bqk_IVTqhWg,mechanicsburg-pennsylvania
https://www.ubereats.com/harrisburg/food-delivery/cork-%26-fork/SLjvL9NvQ1GQB6k7x1Pk1g,mechanicsburg-pennsylvania
https://www.ubereats.com/harrisburg/food-delivery/quechuas-peruvian-rotisserie-chicken-and-cuisine/5YO_qItWSUuFxwcx9VW0Ug,mechanicsburg-pennsylvania
https://www.ubereats.com/harrisburg/food-delivery/friendlys-3125-market-st/Uw6-kMxJRomBLXiCNVzygg,mechanicsburg-pennsylvania
https://www.ubereats.com/harrisburg/food-delivery/wendys-6101-carlisle-pike/YnIVorDTS1OoH3_f5JisZQ,mechanicsburg-pennsylvania
https://www.ubereats.com/harrisburg/food-delivery/roots-of-my-land/BJdqOHMYTXuaRVIbyMZ8Ow,mechanicsburg-pennsylvania
