url,city
https://www.ubereats.com/richmond/food-delivery/ihop-7401-sandy-lane/ycHTM5ZLTUimcYPWmTSSMw,mechanicsville-virginia
https://www.ubereats.com/richmond/food-delivery/marios-italian-restaurant/r1jvvANvQa2BxgjLi3zVig,mechanicsville-virginia
https://www.ubereats.com/richmond/food-delivery/the-boathouse-at-rocketts-landing/ymapUk37TCGbao6Lb8-cbA,mechanicsville-virginia
https://www.ubereats.com/richmond/food-delivery/hawks-fish-%26-bbq/s0rokC3BSaesjp1PPh49gw,mechanicsville-virginia
https://www.ubereats.com/richmond/food-delivery/panera-7320-bell-creek-road/x2Frb2WLTKCs0yzg0F6Uow,mechanicsville-virginia
https://www.ubereats.com/richmond/food-delivery/soul-taco/lg-6-a7pQTaw3C5TuE-pbg,mechanicsville-virginia
https://www.ubereats.com/richmond/food-delivery/anthonys-italian-restaurant-%26-pizza/ODkWnh7wTl28vc4XdM7kNQ,mechanicsville-virginia
https://www.ubereats.com/richmond/food-delivery/new-china-house/mxFj-gImSNO09qO0W_oTgw,mechanicsville-virginia
https://www.ubereats.com/richmond/food-delivery/kabob-place/cp6ahRTrTjurhP46m5uJsw,mechanicsville-virginia
https://www.ubereats.com/richmond/food-delivery/jersey-mikes-subs-7262-mechanicsville-turnpike/9dl0GyjbSe-YWR1EvZ0FxQ,mechanicsville-virginia
https://www.ubereats.com/richmond/food-delivery/zaxbys-4798-s-laburnum-ave/qwjd_iiKQlavie8dW7wimQ,mechanicsville-virginia
https://www.ubereats.com/richmond/food-delivery/billy-pie-richmond/UFwm6nSCSwqtslCCqyPisw,mechanicsville-virginia
https://www.ubereats.com/richmond/food-delivery/mcdonalds-richmond-chamber/5wDqEPjMRsyfIo7B__3GjA,mechanicsville-virginia
https://www.ubereats.com/richmond/food-delivery/hardees-2141-6302-lakeside-ave/i7UTD8lARzOuP34FHyWLeg,mechanicsville-virginia
https://www.ubereats.com/richmond/food-delivery/maple-bourbon/W9RW1317TeOYXsFyWzKdzQ,mechanicsville-virginia
https://www.ubereats.com/richmond/food-delivery/genuine-broaster-chicken/GWKw3Iv6QYql5vKyBQkUcQ,mechanicsville-virginia
https://www.ubereats.com/richmond/food-delivery/cowhill/4vS6LwXcQaaE_HvRFdqWkA,mechanicsville-virginia
https://www.ubereats.com/richmond/food-delivery/kfc-taco-bell-8340-brook-road/3SqCS1CyRzewClc_FIEZqw,mechanicsville-virginia
https://www.ubereats.com/richmond/food-delivery/the-patron-mexican-restaurant-%26-cantina-sandston/RrGR6qofQFK5hFAyssvFFA,mechanicsville-virginia
https://www.ubereats.com/richmond/food-delivery/elliotts-soulfood/f_MRQ30GQvujmkWAcS7mLQ,mechanicsville-virginia
https://www.ubereats.com/richmond/food-delivery/captain-ds-7607-staples-mill-rd/on3jvp03T7qD_p2PpFF_rQ,mechanicsville-virginia
https://www.ubereats.com/richmond/food-delivery/burger-king-3720-mechanicsville-turnpike/hYoOT1vSQsyoQXpMeumd7g,mechanicsville-virginia
https://www.ubereats.com/richmond/food-delivery/noodles-%26-company-7291-battle-hill-dr-ste-a/AejLO1gyRv6TM2zYH_CRRQ,mechanicsville-virginia
https://www.ubereats.com/richmond/food-delivery/starbucks-bell-creek/V2g8nWApR1e0Lti72mlEbw,mechanicsville-virginia
https://www.ubereats.com/richmond/food-delivery/burger-king-8081-brook-rd/hE7Ntg8zSBmZh0_zVD6LLA,mechanicsville-virginia
https://www.ubereats.com/richmond/food-delivery/poes-pub/044eXF-2TCiSGFZA6kyBHw,mechanicsville-virginia
https://www.ubereats.com/richmond/food-delivery/don-pedro-2/FWfVrQx1SZ2STY6acC-qkg,mechanicsville-virginia
https://www.ubereats.com/richmond/food-delivery/station-2-richmond/2Sumep9yRC-EeD2xsjyU-Q,mechanicsville-virginia
https://www.ubereats.com/richmond/food-delivery/subway-8319-bell-creek-rd-ste-g/eH9f8WeeQMqhyj5-uQq9_A,mechanicsville-virginia
https://www.ubereats.com/richmond/food-delivery/wawa-677-8800-brook-road/fYz8pPRFR72e56kHRwSF2A,mechanicsville-virginia
https://www.ubereats.com/richmond/food-delivery/the-butterbean-market-and-cafe/5i5ja6C-R-eUHr6XEeE1DA,mechanicsville-virginia
https://www.ubereats.com/richmond/food-delivery/five-guys-va-0508-4450-s-laburnum-ave/testozYKQhasms88Vrt1tw,mechanicsville-virginia
https://www.ubereats.com/richmond/food-delivery/davis-market/eN2nU5kxQL-GopuhLlT33w,mechanicsville-virginia
https://www.ubereats.com/richmond/food-delivery/shyndigz-richmond/u00g8UJET3eCy1NZyt-7Cw,mechanicsville-virginia
https://www.ubereats.com/richmond/food-delivery/wing-zone-8310-staples-mill-rd/5UKrRA-TQeqMZuxOEoMGog,mechanicsville-virginia
https://www.ubereats.com/richmond/food-delivery/roma-ristorante-italiano/OWFqmmqCQ_WBcaCcl-3U_g,mechanicsville-virginia
https://www.ubereats.com/richmond/food-delivery/papa-johns-7111-mechanicsville-tpk/FHefj6SRSP-nt16pq2oPSg,mechanicsville-virginia
https://www.ubereats.com/richmond/food-delivery/tres-machos-mexican-restaurant/dJjgbUKhQCi4uTRrMHE9Yw,mechanicsville-virginia
https://www.ubereats.com/richmond/food-delivery/2m-mediterranean-market-%26-deli/9AKE8LBSRx-_nyhgQ7zahw,mechanicsville-virginia
https://www.ubereats.com/richmond/food-delivery/sugar-shack-donuts-%26-coffee-richmond/lgHUESP_Rk-wPQ1dtsCEgQ,mechanicsville-virginia
https://www.ubereats.com/richmond/food-delivery/happybottoms-cheesecakes/_DOEnE_RRXWlc5kTXS3osA,mechanicsville-virginia
https://www.ubereats.com/richmond/food-delivery/la-vera-pizza/K_WOuaiTQ3CLqWHPMa1liQ,mechanicsville-virginia
https://www.ubereats.com/richmond/food-delivery/ocharleys-9990-brook-rd/yyTU8a02RNiNNizgZ7d9Dg,mechanicsville-virginia
https://www.ubereats.com/richmond/food-delivery/sugar-%26-salt/kFGx_icoTKSvwK55i0w8cQ,mechanicsville-virginia
https://www.ubereats.com/richmond/food-delivery/mcdonalds-commerce-and-hull/iojJHvM1QeWEVfIiTGgsdQ,mechanicsville-virginia
https://www.ubereats.com/richmond/food-delivery/hardees-2391-3815-mechanicsville-pike/7X_URG9gTGSv6XgFv01Hlw,mechanicsville-virginia
https://www.ubereats.com/richmond/food-delivery/panda-express-9100-staples-mill-rd/j2GVDpD_T5mmKBS7IBnL3w,mechanicsville-virginia
https://www.ubereats.com/richmond/food-delivery/taco-bell-7415-bell-creek-road/sFrmzUF8S1uvIiiUUPYNxA,mechanicsville-virginia
https://www.ubereats.com/richmond/food-delivery/chick-fil-a-9080-times-dispatch-blvd/WNshfH-FRIG-j7FKyRtbSA,mechanicsville-virginia
https://www.ubereats.com/richmond/food-delivery/chipotle-mexican-grill-8955-staples-mill-rd/HgUdnE9RQ7iatKmgDPzQOQ,mechanicsville-virginia
https://www.ubereats.com/richmond/food-delivery/flying-dragon/d40ekWQ1RfOBtyhs7SbNnw,mechanicsville-virginia
https://www.ubereats.com/richmond/food-delivery/duck-donuts/vI-2JSKNTdm4UrqUijY-JA,mechanicsville-virginia
https://www.ubereats.com/richmond/food-delivery/eat-this/XRkoPu-uQiyhaFxTjiI58g,mechanicsville-virginia
https://www.ubereats.com/richmond/food-delivery/mcdonalds-staples-mill/xeNdaSnJRK6XLEYTiapOaA,mechanicsville-virginia
https://www.ubereats.com/richmond/food-delivery/sweets-n-heat-bakery-n-bbq/lqIOfdcoQfa5sHpS_nKV8w,mechanicsville-virginia
https://www.ubereats.com/richmond/food-delivery/sonic-drive-in-10381-sliding-hill-rd/v4NoYy1HQIeZcCDv-0AjOA,mechanicsville-virginia
https://www.ubereats.com/richmond/food-delivery/bonchon-chicken-8026-w-broad-st/tM7w9RDQQQacwQj9UHtAvA,mechanicsville-virginia
https://www.ubereats.com/richmond/food-delivery/applebees-7396-bell-creek-road-%2383016/msQ9-xEzRqu8ciuGZZBKWQ,mechanicsville-virginia
https://www.ubereats.com/richmond/food-delivery/lusch-berries-and-treats/_2J5cAB0QiWsOnVXyj1GXw,mechanicsville-virginia
https://www.ubereats.com/richmond/food-delivery/mcdonalds-richmond-9-mile/HLNyh7nuQwWfyOgTvlpHLw,mechanicsville-virginia
https://www.ubereats.com/richmond/food-delivery/canastas-chicken/NGlsrc6CSZ60AF6EdQPD3w,mechanicsville-virginia
https://www.ubereats.com/richmond/food-delivery/applebees-4306-south-laburnum-avenue-%2383009/db3yV69TTQq_SMLNJ-5GGw,mechanicsville-virginia
https://www.ubereats.com/richmond/food-delivery/cold-stone-creamery-9982-brook-rd/2KOeIVOjQfSinGz7S_HyOw,mechanicsville-virginia
https://www.ubereats.com/richmond/food-delivery/kfc-3800-mechanicsville-turnpike/YGlBL-jTSYupAGyMHcdquw,mechanicsville-virginia
https://www.ubereats.com/richmond/food-delivery/dot-3-restaurant-and-catering/ccXDl3I8RluqwD8Ocld8BQ,mechanicsville-virginia
https://www.ubereats.com/richmond/food-delivery/hooties-burger-bar-7912-w-broad-st/th2QQW6lSgW0gMky9JQNdg,mechanicsville-virginia
https://www.ubereats.com/richmond/food-delivery/firehouse-subs/jNiK9iPPQnaImywioXghZg,mechanicsville-virginia
https://www.ubereats.com/richmond/food-delivery/hardees-2411-1120-east-nine-mile-road/qakx49UkQAOlxN5UEg4R-Q,mechanicsville-virginia
https://www.ubereats.com/richmond/food-delivery/mod-pizza-mechanicsville/xRXeZCSbSK-kq87MWR-W2g,mechanicsville-virginia
https://www.ubereats.com/richmond/food-delivery/red-robin-153-10067-brook-rd/5JoCciEWRf-oLQzJ9o9ipQ,mechanicsville-virginia
https://www.ubereats.com/richmond/food-delivery/tops-china-restaurant/gsk91VbjS02VUhMNHVkBsA,mechanicsville-virginia
https://www.ubereats.com/richmond/food-delivery/zaxbys-6535-mechanicsville-turnpike/NYcZ46CxRLeoQ-mqRV1jfw,mechanicsville-virginia
https://www.ubereats.com/richmond/food-delivery/five-guys-va-0698-6997-mechanicsville-turnpike/kq_TbEUWQUSwvcKoRVtceQ,mechanicsville-virginia
https://www.ubereats.com/richmond/food-delivery/qdoba-mexican-grill-4501-s-laburnum-ave-unit-597/8HpsGfmAQMO-kO_ZvlGuDw,mechanicsville-virginia
https://www.ubereats.com/richmond/food-delivery/francos/EOEeCmocScKhyyHcD4tSUw,mechanicsville-virginia
https://www.ubereats.com/richmond/food-delivery/tgi-fridays-2208-richmond-laburnum-va/9rLNd40URHiTNWruYfqiXw,mechanicsville-virginia
https://www.ubereats.com/richmond/food-delivery/ariannas-italian-grill-and-pizzeria/HaWD5sqDTPOclXP8JFf0ZQ,mechanicsville-virginia
https://www.ubereats.com/richmond/food-delivery/popeyes-9177-atlee-rd/JBj3ntcETyijGK4mbMh2qg,mechanicsville-virginia
https://www.ubereats.com/richmond/food-delivery/firehouse-subs-4500-south-laburnum-ave-suite-170/b0DMSXmQSvaDk33or1gKfQ,mechanicsville-virginia
https://www.ubereats.com/richmond/food-delivery/pasta-house-italian-restaurant/tWnxmgwrS-qeOJ7-kW3Vpg,mechanicsville-virginia
https://www.ubereats.com/richmond/food-delivery/brusters-real-ice-cream-9101-staples-mill-rd/ptNxALmATLmntxrNyjLeqQ,mechanicsville-virginia
https://www.ubereats.com/richmond/food-delivery/arbys-5205-brook-rd/FjR6O4AvSXWJaCiGTdzqhw,mechanicsville-virginia
https://www.ubereats.com/richmond/food-delivery/davincis-9-mile-rd/b11hk32PSSyE1ZvCXYvjvg,mechanicsville-virginia
https://www.ubereats.com/richmond/food-delivery/root-stock-provisions/gxTiTTcZSYmoSqVTgrsyPQ,mechanicsville-virginia
https://www.ubereats.com/richmond/food-delivery/cold-stone-richmond/DkRP131GSaeZ9i9ePtAo8w,mechanicsville-virginia
https://www.ubereats.com/richmond/food-delivery/taco-bell-8991-staples-mill-rd/HtAg6Uh2RFKVtWHUboIpoQ,mechanicsville-virginia
https://www.ubereats.com/richmond/food-delivery/chipotle-mexican-grill-7314-bell-creek-road/WJEOZhzPSkmeNfBKNFT3gQ,mechanicsville-virginia
https://www.ubereats.com/richmond/food-delivery/carriage-house-cafe/68EnvXDQR7Om5gFdLQDwdw,mechanicsville-virginia
https://www.ubereats.com/richmond/food-delivery/wendys-4609-williamsburg/u_hxbySkRWyzZfUWdwy6jg,mechanicsville-virginia
https://www.ubereats.com/richmond/food-delivery/301-market-and-deli/7sz0DOPzQa6kafBd_ddHEA,mechanicsville-virginia
https://www.ubereats.com/richmond/food-delivery/saison-market/VF230wQtSYeKZPPJS6D-qQ,mechanicsville-virginia
https://www.ubereats.com/richmond/food-delivery/buffalo-wild-wings-1090-virginia-center-pkwy/iVcH6gl4TgychSemOvumcg,mechanicsville-virginia
https://www.ubereats.com/richmond/food-delivery/tgi-fridays-1194-mechanicsville-va/rA29Yh9DQceyZhRdx8mo3g,mechanicsville-virginia
https://www.ubereats.com/richmond/food-delivery/jersey-mikes-10180-lakeridge-pkwy/ihpTz_-ERH6jLVCb3-GcbQ,mechanicsville-virginia
https://www.ubereats.com/richmond/food-delivery/subway-7999-creighton-pkwy-ste-a/4qsSCzOCS1uRqM_0vGjhlA,mechanicsville-virginia
https://www.ubereats.com/richmond/food-delivery/kfc-4821-williamsburg-rd/7iZDZMJ6TVu8T13bmiBc6w,mechanicsville-virginia
https://www.ubereats.com/richmond/food-delivery/subway-9280-chamberlayne-rd-ste-300/j_LGTSuhSo-U_bnkaoWECw,mechanicsville-virginia
https://www.ubereats.com/richmond/food-delivery/king-of-pops-lewis-ginter-botanical-garden/0bq8LQhoTm64OCEHlZHzFA,mechanicsville-virginia
https://www.ubereats.com/richmond/food-delivery/stumps-pig-and-pint/qrl8uvS-TfKIByVpv8Wv4A,mechanicsville-virginia
https://www.ubereats.com/richmond/food-delivery/dolce-pizza/--CT-O-SRtONSdcwF-spBA,mechanicsville-virginia
https://www.ubereats.com/richmond/food-delivery/bottoms-up-pizza/f_UlQvlLRCqnTpgMkssUBw,mechanicsville-virginia
https://www.ubereats.com/richmond/food-delivery/outback-steakhouse-7420-bell-creek-road/XlSHOGuoQDa8Ta7NCKEEoA,mechanicsville-virginia
https://www.ubereats.com/richmond/food-delivery/burger-king-5217-williamsburg-road/0ZnGv9qNSqmLHpJ6_gWmIw,mechanicsville-virginia
https://www.ubereats.com/richmond/food-delivery/lady-nawlins-cajun-cafe/9nup-3aOQqOQ2ahRgpRFvw,mechanicsville-virginia
https://www.ubereats.com/richmond/food-delivery/potbelly-sandwich-shop-800-e-canal-st/78qGyrWLR-a_3kT8eSYuwA,mechanicsville-virginia
https://www.ubereats.com/richmond/food-delivery/firehouse-subs-virginia-center-pkwy/Nk47GziiSZmV45jHnitiJQ,mechanicsville-virginia
https://www.ubereats.com/richmond/food-delivery/mi-jalisco-family-mexican-restaurant/mZMw-Bu6TC21muYasbOR2w,mechanicsville-virginia
https://www.ubereats.com/richmond/food-delivery/captain-ds-4800-williamsburg-rd/fJK_3bpHRBK9ZSJ58Jy_8g,mechanicsville-virginia
https://www.ubereats.com/richmond/food-delivery/popeyes-8121-brook-rd/3avIOy9bSjKTkY0BTfiNZw,mechanicsville-virginia
https://www.ubereats.com/richmond/food-delivery/kfc-7091-mechanicsville-turnpike/6JHFzDCVRwaxTUnyQRMJqQ,mechanicsville-virginia
https://www.ubereats.com/richmond/food-delivery/valentios-pizza/sTvM9Bf7RHWqMxnlkCFmZg,mechanicsville-virginia
https://www.ubereats.com/richmond/food-delivery/dc-charcoal-chicken-%26-grill/WSGQTWCkTP6n7SFoEr_tPA,mechanicsville-virginia
https://www.ubereats.com/richmond/food-delivery/rva2go/ymir191HQBS3cKR_HSO1_w,mechanicsville-virginia
https://www.ubereats.com/richmond/food-delivery/virginia-bbq-ashland/mvqXmXzxSzagZ0qszc0KGA,mechanicsville-virginia
https://www.ubereats.com/richmond/food-delivery/bellos-lounge/UdZa6KCiTEu7IePgVeCRhA,mechanicsville-virginia
https://www.ubereats.com/richmond/food-delivery/chick-fil-a-7285-battle-hill-dr/Ug_KOB8aTpW5QKJkrnk3FQ,mechanicsville-virginia
https://www.ubereats.com/richmond/food-delivery/pig-%26-brew/iEiojDgiTZ2xxPC8b7UQbA,mechanicsville-virginia
https://www.ubereats.com/richmond/food-delivery/crazy-thai/OPu4WDZhSaKMJt3nkSsODA,mechanicsville-virginia
https://www.ubereats.com/richmond/food-delivery/the-bombay-company/IXM9QSc6Q0GpSk-YIoqOzw,mechanicsville-virginia
https://www.ubereats.com/richmond/food-delivery/mimmos-restaurant/QUSsY3TQS72WjFCvOj4oKQ,mechanicsville-virginia
https://www.ubereats.com/richmond/food-delivery/sonic-drive-in-6555-mechanicsville-tpke/q4nWLNjnQpumwtcbLIWGCg,mechanicsville-virginia
https://www.ubereats.com/richmond/food-delivery/papa-johns-9853-brook-road-suite-101/nYtJOjowQveA6iYOGJMQsQ,mechanicsville-virginia
https://www.ubereats.com/richmond/food-delivery/tropical-smoothie-cafe-7152-mechanicsville-turnpike/UP4pbc_qSkuOKiXLFu1xKA,mechanicsville-virginia
https://www.ubereats.com/richmond/food-delivery/casa-grande/R7sqgkjTRXuJfXJBHuJjBA,mechanicsville-virginia
https://www.ubereats.com/richmond/food-delivery/dunkin-9225-atlee-rd/5KyOc_xOTq2ebZ3tGEWCgA,mechanicsville-virginia
https://www.ubereats.com/richmond/food-delivery/mcdonalds-9145-chamberlayne-rd/89HlPKpLTbG_J6C7WuLXUg,mechanicsville-virginia
https://www.ubereats.com/richmond/food-delivery/boogaloos-bar-%26-grill/MfJPuPcUQVyz5ts28uMN4w,mechanicsville-virginia
https://www.ubereats.com/richmond/food-delivery/the-lily-pad/p8ticJ0dTVS4Vm2ow-S9Ng,mechanicsville-virginia
https://www.ubereats.com/richmond/food-delivery/fire-%26-chicken/5JgRSQ-ZT3K5ykTTom773Q,mechanicsville-virginia
https://www.ubereats.com/richmond/food-delivery/potbelly-sandwich-shop-1400-n-arthur-ashe-blvd/qv1hnm8qQWGeq45rBGn-gA,mechanicsville-virginia
https://www.ubereats.com/richmond/food-delivery/firehouse-subs-6300-d-mechanicsville-turnpike/RAPT_Go0RlqKHNemZjtdqQ,mechanicsville-virginia
https://www.ubereats.com/richmond/food-delivery/wawa-8635-1300-laburnum-ave/wg5iZG7mRhu-LSkyBdLCgg,mechanicsville-virginia
https://www.ubereats.com/richmond/food-delivery/mcdonalds-richmond-frgrnd/lkSHqv4pTyKVNtkP-0iGww,mechanicsville-virginia
https://www.ubereats.com/richmond/food-delivery/tropical-smoothie-cafe-7152-mechanicsville-turnpike/bzMgNTQJRTqAebGrJzwNeA,mechanicsville-virginia
https://www.ubereats.com/richmond/food-delivery/spice-of-india/DRuLnJcARU-MyN-X5jJp9Q,mechanicsville-virginia
https://www.ubereats.com/richmond/food-delivery/galaxy-diner/t7K6ZyS7QIScJjEguUfWMQ,mechanicsville-virginia
https://www.ubereats.com/richmond/food-delivery/starbucks-virginia-center-pkwy-%40-brooks/zHxK2-VbR5ikCnZTczS00g,mechanicsville-virginia
https://www.ubereats.com/richmond/food-delivery/true-taste-restaurant/mb6_vkzFRF-hoNDZGKwYRw,mechanicsville-virginia
https://www.ubereats.com/richmond/food-delivery/sugar-sweet/rIe9kzZxR3CbyKFMAY4WUg,mechanicsville-virginia
https://www.ubereats.com/richmond/food-delivery/hunan-cafe/XI4LLJdlQpOhRecwUQMSSg,mechanicsville-virginia
https://www.ubereats.com/richmond/food-delivery/burger-king-7430-bell-creek-rd/YjEivLg4TJK0kg1h699cwQ,mechanicsville-virginia
https://www.ubereats.com/richmond/food-delivery/oak-and-apple/_yLDUcaZT9Wqa8qGx0872g,mechanicsville-virginia
https://www.ubereats.com/richmond/food-delivery/king-of-pops-maymont-park/qSvoIzVjSeWzImBSIOMdTQ,mechanicsville-virginia
https://www.ubereats.com/richmond/food-delivery/el-nopal-ii-mexican-restaurant/a2ZZ23NRTba-AkWmDuePIw,mechanicsville-virginia
https://www.ubereats.com/richmond/food-delivery/francos-italian-restaurant/WH5g5v2ER9aCsSLd9o6caA,mechanicsville-virginia
https://www.ubereats.com/richmond/food-delivery/wendys-5212-brook-road/uRGng99xTjKBwNJCH5rliA,mechanicsville-virginia
https://www.ubereats.com/richmond/food-delivery/elephant-thai-13-north-17th-street/mdoNLt0PR7Cm8hvEcGJPvA,mechanicsville-virginia
https://www.ubereats.com/richmond/food-delivery/cafe-ole-world-grill/D2UsL8NvQp6mdNd456G9oA,mechanicsville-virginia
https://www.ubereats.com/richmond/food-delivery/barcode/vf9UfiRCTtSI4DTn9QYgLw,mechanicsville-virginia
https://www.ubereats.com/richmond/food-delivery/americas-best-wings/AmaxkrkMSJ2_wkmPcPnVQQ,mechanicsville-virginia
https://www.ubereats.com/richmond/food-delivery/roma-ristorante-italiano-staples-mill/J6nWthujRIOc_1j_Vke_1A,mechanicsville-virginia
https://www.ubereats.com/richmond/food-delivery/carolina-express/dK9kAk2MS8qzpM3-FXgySA,mechanicsville-virginia
https://www.ubereats.com/richmond/food-delivery/tenka-ramen-richmond/_H4lo8YTQxyDSVed1Tfb7Q,mechanicsville-virginia
https://www.ubereats.com/richmond/food-delivery/edible-arrangements-1106-e-main-st/YnMHhTHGTlKLbqXAxWi9Uw,mechanicsville-virginia
https://www.ubereats.com/richmond/food-delivery/knockout-pizza-and-subs/MJhfPFljSmq3WM-YZJNv0w,mechanicsville-virginia
https://www.ubereats.com/richmond/food-delivery/burger-king-7065-mechanicsville-turnpike/Y6WauwbBSgG2mkxYBNfy3A,mechanicsville-virginia
https://www.ubereats.com/richmond/food-delivery/moes-southwest-grill-7225-bell-creek-road-suite-272/O86asVUxQVu6kEDcd3WWvQ,mechanicsville-virginia
https://www.ubereats.com/richmond/food-delivery/darbytown-mini-mart/-o-PMA0TRb2UmdJH2NOO8w,mechanicsville-virginia
https://www.ubereats.com/richmond/food-delivery/mezeh-mediterranean-grill-reynolds-crossing/5TfHJ4JPQiKfS31X7D9w0g,mechanicsville-virginia
https://www.ubereats.com/richmond/food-delivery/crafted/okGZOm6ITM2HBevtZbmw-w,mechanicsville-virginia
https://www.ubereats.com/richmond/food-delivery/davinci-richmond/F1c5LDNuRk-4JU4HPrjp9w,mechanicsville-virginia
https://www.ubereats.com/richmond/food-delivery/outback-steakhouse-7917-west-broad-street/QrUz9Ze7RzuUvoOBQm7WLA,mechanicsville-virginia
https://www.ubereats.com/richmond/food-delivery/wendys-7101-mechanicsville-tnpk/tdHhAoaxRvOsPT1Zo7ofwg,mechanicsville-virginia
https://www.ubereats.com/richmond/food-delivery/four-brothers-virginia-commons/YDW50JR5QMCGOLP24zGQAA,mechanicsville-virginia
https://www.ubereats.com/richmond/food-delivery/popeyes-east-laburnum-ave/35dG_w8ERL-qL4XboUDg2A,mechanicsville-virginia
https://www.ubereats.com/richmond/food-delivery/hooters-w-broad-st-%26-colyer-st/OyjFPz_bTPergUoMmqJGYw,mechanicsville-virginia
https://www.ubereats.com/richmond/food-delivery/erikas-restaurant/WgXe-XFESdyQvnn4aZO9Rg,mechanicsville-virginia
https://www.ubereats.com/richmond/food-delivery/nuevo-mexico-restaurante-richmond-staples-mill-rd/y3pVpeYqRQmtrD09fHL_UA,mechanicsville-virginia
https://www.ubereats.com/richmond/food-delivery/tgi-fridays-1889-richmond-va/LQTnYBHFQXGjiFAyTPV69Q,mechanicsville-virginia
https://www.ubereats.com/richmond/food-delivery/dunkin-900-w-broad-st/1tmQUXkzQFSJdPjb4NmyNA,mechanicsville-virginia
https://www.ubereats.com/richmond/food-delivery/tres-machos/09xhh089TyiG1CX1EubVOw,mechanicsville-virginia
https://www.ubereats.com/richmond/food-delivery/cracker-barrel-old-country-store-4435-s-laburnum-ave/WZGtwLutQMGIKWYO2rFarg,mechanicsville-virginia
https://www.ubereats.com/richmond/food-delivery/lark-baking-co-%26-market-mechanicsville/fIeHNRvERuOc0Hq7rIqPbw,mechanicsville-virginia
https://www.ubereats.com/richmond/food-delivery/sonic-drive-in-5805-w-broad-st/klBBQ-YiTiKySubdOXC8qw,mechanicsville-virginia
https://www.ubereats.com/richmond/food-delivery/davincis-church-hill/G7x1Bo0eTPW7TSScdel4QA,mechanicsville-virginia
https://www.ubereats.com/richmond/food-delivery/famous-brown-legendary-soul-food/jxdsgInATrCcgtHz12pfhg,mechanicsville-virginia
https://www.ubereats.com/richmond/food-delivery/main-stage-bistro/115RSJkwTh6jBr4kP-CpHQ,mechanicsville-virginia
https://www.ubereats.com/richmond/food-delivery/carytown-burgers-%26-fries-lakeside/fJ5Z9cUsRIuoCO4Np6TO7w,mechanicsville-virginia
https://www.ubereats.com/richmond/food-delivery/americas-best-wings-4931-nine-mile/m3MihSoUSCue2WaLNtN3yA,mechanicsville-virginia
https://www.ubereats.com/richmond/food-delivery/wendys-9351-atlee-rd/sp4Uh2SVQhyi7cyov8qjZg,mechanicsville-virginia
https://www.ubereats.com/richmond/food-delivery/china-house/WIzq0FYYR0eEMPGAkVTPRA,mechanicsville-virginia
https://www.ubereats.com/richmond/food-delivery/wendys-8300-brook-road/vGhs-aJOS92pq8a_zxbpbQ,mechanicsville-virginia
https://www.ubereats.com/richmond/food-delivery/the-drop-off-chef/ROBPxBhMRz-BMMXvo35z4A,mechanicsville-virginia
https://www.ubereats.com/richmond/food-delivery/arbys-7110-mechanicsville-tpke/Jn5ltUOZSMS0OpMRz50KQw,mechanicsville-virginia
https://www.ubereats.com/richmond/food-delivery/soul-taco-richmond/XGlB0oayQ4qNQ4jIBhijSA,mechanicsville-virginia
https://www.ubereats.com/richmond/food-delivery/juicebar-richmond/Y5QWWgj9T1OerKvfvAyq2g,mechanicsville-virginia
https://www.ubereats.com/richmond/food-delivery/bell-cafe/hiU3GCOdR4KnDTpWD7HwgA,mechanicsville-virginia
https://www.ubereats.com/richmond/food-delivery/rva-healthy-habits-llc/I-hrqqfvQCK4kAfBhDoFvA,mechanicsville-virginia
https://www.ubereats.com/richmond/food-delivery/captain-ds-2701-chamberlayne-ave/xdZBjhhwQYmGUiLmB5m5AA,mechanicsville-virginia
https://www.ubereats.com/richmond/food-delivery/liquid-20/ZQIYR3P-QE-aoT8Wv_dpOg,mechanicsville-virginia
https://www.ubereats.com/richmond/food-delivery/americas-best-wings-3075-mechanicsville/LCpYq2QXQJ-2VkoDsudf0Q,mechanicsville-virginia
https://www.ubereats.com/richmond/food-delivery/tropical-smoothie-cafe-rutland-commons/HTu3iSkkTRunP7V-imwdFw,mechanicsville-virginia
https://www.ubereats.com/richmond/food-delivery/yummys/6qr3hiFlS5qR4kRCxZZc8g,mechanicsville-virginia
https://www.ubereats.com/richmond/food-delivery/godragon-asian-grill/XAbyafTgQimTsIwo96Os5Q,mechanicsville-virginia
https://www.ubereats.com/richmond/food-delivery/hot-diggity-donuts/46iHz_mdTaqwmzWtQ2Ru8w,mechanicsville-virginia
https://www.ubereats.com/richmond/food-delivery/starbucks-brook-road-%26-parham-road/L6a4WcnPQqG8Eq44Av7BZg,mechanicsville-virginia
https://www.ubereats.com/richmond/food-delivery/kfc-1006-azalea-ave/45uSIDLTQIic0A3aSxzO7g,mechanicsville-virginia
https://www.ubereats.com/richmond/food-delivery/pops-dogs-%26-mas-burgers/vSOPM_pIT0yDs_Ro5VJ3Wg,mechanicsville-virginia
https://www.ubereats.com/richmond/food-delivery/sugars-crab-shack/R16KzsD7RZua-qgxRzxptg,mechanicsville-virginia
https://www.ubereats.com/richmond/food-delivery/calabash-seafood/cFytB7rnSFWZDfQPtJyTOw,mechanicsville-virginia
https://www.ubereats.com/richmond/food-delivery/five-guys-va-0625-1071-virginia-center-pkwy/7rCwE37oQeOKUfPdBl7vRA,mechanicsville-virginia
https://www.ubereats.com/richmond/food-delivery/carytown-cupcakes/D67pOh7GSqiBhYHebWV0Ng,mechanicsville-virginia
https://www.ubereats.com/richmond/food-delivery/chipotle-mexican-grill-1070-virginia-center-pkwy-ste-101/STf-UhiRTvyr-gb1zi0Log,mechanicsville-virginia
https://www.ubereats.com/richmond/food-delivery/cracker-barrel-old-country-store-7367-bell-creek-road-south/TzoijLnIQsuRfNoZBtuWXA,mechanicsville-virginia
https://www.ubereats.com/richmond/food-delivery/southern-kitchen-restaurant/MYTA04tBQCG7qeEDXI89Nw,mechanicsville-virginia
https://www.ubereats.com/richmond/food-delivery/dunkin-4869-nine-mile-rd/9fDc-ghwS_OafIDLEYNIqg,mechanicsville-virginia
https://www.ubereats.com/richmond/food-delivery/bonchon-chicken-7380-bell-creek-rd/bPmk3_HhQ0C-xerEtnv-oA,mechanicsville-virginia
https://www.ubereats.com/richmond/food-delivery/pie-314/A7XfDZfwRAiFOU9tkpuaUA,mechanicsville-virginia
https://www.ubereats.com/richmond/food-delivery/burger-king-9178-chamberlayne-avenue/dikfRO28TUSlNfmtM-Gk4w,mechanicsville-virginia
https://www.ubereats.com/richmond/food-delivery/subway/0eo0r4kSTbuKFCqFG4Dhiw,mechanicsville-virginia
https://www.ubereats.com/richmond/food-delivery/roys-big-burger/YI1qseDwQrG9mt7BWDdUEQ,mechanicsville-virginia
https://www.ubereats.com/richmond/food-delivery/rappahannock-restaurant/6-TOBcxUSSCjZ0FvVfxwjA,mechanicsville-virginia
https://www.ubereats.com/richmond/food-delivery/wpa-southside/k7MbsEXcSXODwHn9-DT8fw,mechanicsville-virginia
https://www.ubereats.com/richmond/food-delivery/papa-johns-551-east-laburnum-avenue/5PkrqA1CT1CBFg8Fv8d5zQ,mechanicsville-virginia
https://www.ubereats.com/richmond/food-delivery/jackies-restaurant/RvLsFL2ITqel7uMc5-tGTg,mechanicsville-virginia
https://www.ubereats.com/richmond/food-delivery/mcdonalds-7059-mechanicsville-pike/uR2EamE5TGecZFCSE_GppA,mechanicsville-virginia
https://www.ubereats.com/richmond/food-delivery/roberto-italian-restaurant/yLZwVjVaQmC9297a9EdZxg,mechanicsville-virginia
https://www.ubereats.com/richmond/food-delivery/chipotle-mexican-grill-810-west-grace-street/x4_y-PLSQlWEjS7ZXIw2Uw,mechanicsville-virginia
https://www.ubereats.com/richmond/food-delivery/new-york-fried-chicken/t0rXxrCuT162VwEdk_TEIg,mechanicsville-virginia
https://www.ubereats.com/richmond/food-delivery/red-lobster-4415-s-laburnum-ave/zOwwuBKWSJqTBzx3caA3mQ,mechanicsville-virginia
https://www.ubereats.com/richmond/food-delivery/americas-best-wings-4734-finlay-st/ujFlVJo9S9qgauqvCfPDeg,mechanicsville-virginia
https://www.ubereats.com/richmond/food-delivery/the-captains-boil-7425-bell-creek-road/8tvSnLmASgqXibEIsMa7lg,mechanicsville-virginia
https://www.ubereats.com/richmond/food-delivery/hardees-2751-8211-brook-road/d26CPC1_TXq7hY1s85Pxvw,mechanicsville-virginia
https://www.ubereats.com/richmond/food-delivery/taco-bell-10255-washington-highway/jNwWR9euTvGN3FfReR7mLQ,mechanicsville-virginia
https://www.ubereats.com/richmond/food-delivery/ruby-tuesday-7425-bell-creek-road/dCmjiCrzQxS1klb6GIlpqA,mechanicsville-virginia
https://www.ubereats.com/richmond/food-delivery/taco-bell-1208-azalea-avenue/XJz96tLKRL-9S3s_4T7G3A,mechanicsville-virginia
https://www.ubereats.com/richmond/food-delivery/mariscos-el-barco/pppx-cJ6RfKnxoxXwsXvcg,mechanicsville-virginia
https://www.ubereats.com/richmond/food-delivery/mcdonalds-richmd-w-cary/X6_lxit-TnW-Oxtagl1eVA,mechanicsville-virginia
https://www.ubereats.com/richmond/food-delivery/front-porch-cafe/ivnBclmQTZClHD-Gco7Oow,mechanicsville-virginia
https://www.ubereats.com/richmond/food-delivery/taco-bell-4388-south-laburnum-avenue/us-4hLdxRr6q62TUMayfAg,mechanicsville-virginia
https://www.ubereats.com/richmond/food-delivery/pies-%26-pints-richmond/VT8oOJw3SqiStWMGAEQ1Sw,mechanicsville-virginia
https://www.ubereats.com/richmond/food-delivery/marigold-thai-restaurant/g1KPll1XTqKZMi1m5SofXg,mechanicsville-virginia
https://www.ubereats.com/richmond/food-delivery/the-patron-mexican-restaurant/-kcyfVOVR7mncGAdrr-cig,mechanicsville-virginia
https://www.ubereats.com/richmond/food-delivery/mellow-mushroom-3012-w-cary-st/4_ltjeelSVOc3RX5z4-lDw,mechanicsville-virginia
