url,city
https://www.ubereats.com/philadelphia/food-delivery/pizzaz-pizza/hJhcuZ59T0aslGBCpHKIcw,media-pennsylvania
https://www.ubereats.com/philadelphia/food-delivery/hunts-wing-hut/eM1O5f4FQDCwT6cw3cixLA,media-pennsylvania
https://www.ubereats.com/philadelphia/food-delivery/cracker-barrel-old-country-store-125-s-stewart-ave/9RVk7ptaSR-XxCC0hKJRNw,media-pennsylvania
https://www.ubereats.com/philadelphia/food-delivery/italian-delight-inc/iSxFFSETQZiWrTvTjfKr4A,media-pennsylvania
https://www.ubereats.com/philadelphia/food-delivery/ariano/7OpCAkXMSdi9WXwH4Mw1BA,media-pennsylvania
https://www.ubereats.com/philadelphia/food-delivery/dos-gringos-mexican-kitchen/uYAtNWJGRRCOjJ_7BBEVig,media-pennsylvania
https://www.ubereats.com/philadelphia/food-delivery/dunkin-1-s-chester-rd/RB7geg4uTtOe7kPv-Dl3pg,media-pennsylvania
https://www.ubereats.com/philadelphia/food-delivery/hanarhans-irish-pub/8m6_7RJ9SCGJv7bQwP3DcQ,media-pennsylvania
https://www.ubereats.com/philadelphia/food-delivery/pho-street-springfield/Li6tyWpdQs-VcYuUHUl_rA,media-pennsylvania
https://www.ubereats.com/philadelphia/food-delivery/mcdonalds-pilgrim-gardens-pa/dcr44NqfTRGCL3JdIwYabw,media-pennsylvania
https://www.ubereats.com/philadelphia/food-delivery/krispy-krunchy-fried-chicken-pizza-grill/McZ_s6suRDiSxtbXijCxwg,media-pennsylvania
https://www.ubereats.com/philadelphia/food-delivery/little-anthonys/wpF7WZGBSduz-ha_q02T6A,media-pennsylvania
https://www.ubereats.com/philadelphia/food-delivery/k-%26-y-beer-and-wings/0rfoMDzDRwG2lOEppiMQAw,media-pennsylvania
https://www.ubereats.com/philadelphia/food-delivery/santinos-tap-%26-table/vtro_sxxQYCm1HvmweJe7A,media-pennsylvania
https://www.ubereats.com/philadelphia/food-delivery/luigi-and-giovannis/hRVeNl1ZS1Wl8juhjIJExw,media-pennsylvania
https://www.ubereats.com/philadelphia/food-delivery/panera-1075-w-baltimore-pike/HK2nbLT_RjKj34WyjoPilg,media-pennsylvania
https://www.ubereats.com/philadelphia/food-delivery/stephens-on-state/zWKW2kMiT7q22r56KLnw9g,media-pennsylvania
https://www.ubereats.com/philadelphia/food-delivery/iron-hill-brewery-%26-restaurant-media/cAm8TR1JSjCErp3MkoqJKw,media-pennsylvania
https://www.ubereats.com/philadelphia/food-delivery/the-tattooed-pig/bFJpIPH3RhuhZckMIPZzTQ,media-pennsylvania
https://www.ubereats.com/philadelphia/food-delivery/wendys-5150-pennell-road/LrCCT1fcRsqoHmmdXsuOyg,media-pennsylvania
https://www.ubereats.com/philadelphia/food-delivery/california-tortilla/B7M5gJBRQhe9-ACVZsqUtA,media-pennsylvania
https://www.ubereats.com/philadelphia/food-delivery/taza-tarka/56yAt2Y2SK2Kam0BJmQe4w,media-pennsylvania
https://www.ubereats.com/philadelphia/food-delivery/difabios-market-and-tap/8xd0edAFQMOwz9pZTi9_hg,media-pennsylvania
https://www.ubereats.com/philadelphia/food-delivery/qdoba-mexican-grill-1054-baltimore-pike/oxzZFhxrRgKgyGU5mqoQ5A,media-pennsylvania
https://www.ubereats.com/philadelphia/food-delivery/wawa-8048-111-morton-ave/yah5M1YJSwe8vxzPpgSa_A,media-pennsylvania
https://www.ubereats.com/philadelphia/food-delivery/checkers/hW-INtbXSEKHQEp4QBSORQ,media-pennsylvania
https://www.ubereats.com/philadelphia/food-delivery/shere-e-punjab-indian-cuisine/RPwu0PrHSg2I-xi4tg4_Qg,media-pennsylvania
https://www.ubereats.com/philadelphia/food-delivery/swiss-farms-clifton-heights/SGiUSWWnQ1qIaeoDvIiIcQ,media-pennsylvania
https://www.ubereats.com/philadelphia/food-delivery/da-chen-chinese-restaurant/raiJB-IHRDqmy93DlAAzBA,media-pennsylvania
https://www.ubereats.com/philadelphia/food-delivery/wendys-3521-edgemont-avenue/b2J6CfgdShmmjTUD-qKnNA,media-pennsylvania
https://www.ubereats.com/philadelphia/food-delivery/chipotle-mexican-grill-1075-w-baltimore-pike-ste-l/DsS1LhRhT4a83lNf8ENFvQ,media-pennsylvania
https://www.ubereats.com/philadelphia/food-delivery/flemings-prime-steakhouse-%26-wine-bar-radnor/N1u0wyVeRUOS_3d3msPUww,media-pennsylvania
https://www.ubereats.com/philadelphia/food-delivery/dunkin-1158-baltimore-pike/BZLESWqHQc-MkVvkGrMWhg,media-pennsylvania
https://www.ubereats.com/philadelphia/food-delivery/philly-pretzel-factory-springfield/YUV_DxK3T_y8Hc_c4SDgfg,media-pennsylvania
https://www.ubereats.com/philadelphia/food-delivery/dunkin-1165-w-baltimore-pike/Vgx594nBR_KLMtL4QTa8BA,media-pennsylvania
https://www.ubereats.com/philadelphia/food-delivery/buenos-nachos/MZI5m3EQTwmH_uayBRTwVA,media-pennsylvania
https://www.ubereats.com/philadelphia/food-delivery/dunkin-400-e-baltimore-pike/W6F9xGPlTr2W7JeX-V1QHA,media-pennsylvania
https://www.ubereats.com/philadelphia/food-delivery/seafood-from-the-soul/5TqyFjPzSF--8x2ofgyxNA,media-pennsylvania
https://www.ubereats.com/philadelphia/food-delivery/duletts-jamaica-wings/5vzwfuvSSNae7kbuCJorZg,media-pennsylvania
https://www.ubereats.com/philadelphia/food-delivery/dennys-47-industrial-hwy/Cuf7S6OASCyhXMi_3r-uYA,media-pennsylvania
https://www.ubereats.com/philadelphia/food-delivery/swiss-farms-brookhaven/iOznb2PHQ_60CVTNVAnfjg,media-pennsylvania
https://www.ubereats.com/philadelphia/food-delivery/buffalo-wild-wings-920-baltimore-pike/sgPtm76uRvmbXmjTezof6g,media-pennsylvania
https://www.ubereats.com/philadelphia/food-delivery/arbys-618-chester-pike/NvHZoHKMQ6aFjcDVQEKPdQ,media-pennsylvania
https://www.ubereats.com/philadelphia/food-delivery/springfield-pizza/qMPeVIxbSiqOOPhvupVHPg,media-pennsylvania
https://www.ubereats.com/philadelphia/food-delivery/ruby-tuesday-2650-macdade-blvd/_5yX93tJQo-9X-mTmPssag,media-pennsylvania
https://www.ubereats.com/philadelphia/food-delivery/chick-fil-a-1190-w-baltimore-pike/oPXwhyZzRzSvQ2nW-ebhYg,media-pennsylvania
https://www.ubereats.com/philadelphia/food-delivery/304-bonefish-grill-4889-west-chester-pike/zC-ALxeAQbem11x6onQTZg,media-pennsylvania
https://www.ubereats.com/philadelphia/food-delivery/wawa-8027-5008-pennell-road/ynxRn7g0SMmtfttsZuVT0w,media-pennsylvania
https://www.ubereats.com/philadelphia/food-delivery/aria-mediterranean-cuisine/2d-Cow8MRUSfkm00Kf_X9Q,media-pennsylvania
https://www.ubereats.com/philadelphia/food-delivery/sbarro-1250-baltimore-pike-space-%2314l/pOk5LaurQxycftmU-rbsmQ,media-pennsylvania
https://www.ubereats.com/philadelphia/food-delivery/renato-pizza/oeRCu6K5R0aV_kKiDRcSoA,media-pennsylvania
https://www.ubereats.com/philadelphia/food-delivery/starbucks-newtown-square/7ZUg03vWS3CWW-bQXnT77Q,media-pennsylvania
https://www.ubereats.com/philadelphia/food-delivery/carrabbas-102-painters-crossing-painters-crossing-shopping-mall/4PASIsWUT7yl-MyMtRmvDA,media-pennsylvania
https://www.ubereats.com/philadelphia/food-delivery/wendys-3100-chichester-avenue/Tr2r2sBUTsaI2xRdgIDu8Q,media-pennsylvania
https://www.ubereats.com/philadelphia/food-delivery/applebees-320-macdade-blvd/XsjEpOd6R0mg3yJHTId_Gw,media-pennsylvania
https://www.ubereats.com/philadelphia/food-delivery/diegos-cantina-and-tequila-bar/yKuNisYwQRmPpy8KM5NUVw,media-pennsylvania
https://www.ubereats.com/philadelphia/food-delivery/liberty-bell-chester-diner/pX5CM2IFQ_6jkHGBViyu6g,media-pennsylvania
https://www.ubereats.com/philadelphia/food-delivery/toms-dim-sum-ii-media/bO3JImvOSqmf0HKcZ8es3A,media-pennsylvania
https://www.ubereats.com/philadelphia/food-delivery/chickies-%26-petes-drexel-hill/M8SCsX4mScqBOwBCuzm1OQ,media-pennsylvania
https://www.ubereats.com/philadelphia/food-delivery/chipotle-mexican-grill-101-turner-ln/RII1bPurRt-JvYn4Y1zo8g,media-pennsylvania
https://www.ubereats.com/philadelphia/food-delivery/mod-pizza-brandywine-mills/Y5v12o-ISqux7VFB3yyDZA,media-pennsylvania
https://www.ubereats.com/philadelphia/food-delivery/mcdonalds-lansdown-%26-state/KpTF8nfLSRqdRJei3BJzHA,media-pennsylvania
https://www.ubereats.com/philadelphia/food-delivery/kung-fu-tea-media/N6J0VRpoTSShnhPXEYHfCg,media-pennsylvania
https://www.ubereats.com/philadelphia/food-delivery/tee-and-company-convenience/PXTUBPy0T8e3szGGziIcdA,media-pennsylvania
https://www.ubereats.com/philadelphia/food-delivery/caseys-saloon-and-restaurant-ridley-park/iyVF-Y-tS_CjVmaNfmRGqw,media-pennsylvania
https://www.ubereats.com/philadelphia/food-delivery/tumble-inn/eT15Mt2wR3eaTK8HliM_xw,media-pennsylvania
https://www.ubereats.com/philadelphia/food-delivery/1010-pizza-%26-grill/FwacCsdfQlmNmKnTN9tcTw,media-pennsylvania
https://www.ubereats.com/philadelphia/food-delivery/starbucks-springfield-baltimore-pike/PhSlzOu4TEGVNOLgLqfEpg,media-pennsylvania
https://www.ubereats.com/philadelphia/food-delivery/carmines-pizza/95eIlVFYSIm3KRT7735y9Q,media-pennsylvania
https://www.ubereats.com/philadelphia/food-delivery/bonchon-chicken-124-e-market-st/UFf16RgiRpuRmxFR9f-HeA,media-pennsylvania
https://www.ubereats.com/philadelphia/food-delivery/manhattan-bagel-havertown/CiCyto9wTzybSbqs_aPRNg,media-pennsylvania
https://www.ubereats.com/philadelphia/food-delivery/uno-pizzeria-newtown-square/rE3MaEXAQg-AHt-XnE4J6A,media-pennsylvania
https://www.ubereats.com/philadelphia/food-delivery/dunkin-20-n-newtown-street-rd/lA4FK7L2SSa9pLkCu82S8Q,media-pennsylvania
https://www.ubereats.com/philadelphia/food-delivery/antonias-family-restaurant/oQOW_VamTUSjTT44EedoNQ,media-pennsylvania
https://www.ubereats.com/philadelphia/food-delivery/shugar-shack-soulfood-catering/i0Ed0mDZQh2ytksxWSd-Mg,media-pennsylvania
https://www.ubereats.com/philadelphia/food-delivery/infinite-diner/Bo1tbVgdT9qzaNx3O_-HOw,media-pennsylvania
https://www.ubereats.com/philadelphia/food-delivery/bbq-chicken-%26-tiken-tea-upper-darby-pa/GhQaOlkDQ9SBy1VyQgUodQ,media-pennsylvania
https://www.ubereats.com/philadelphia/food-delivery/pei-wei-950-baltimore-pike/vmET3LY6RqiS6tnh2xOMYA,media-pennsylvania
https://www.ubereats.com/philadelphia/food-delivery/jasmine-asian-cuisine-%26-sushi-bar/myH75URHTp-gBqgQz8TwVQ,media-pennsylvania
https://www.ubereats.com/philadelphia/food-delivery/mcdonalds-lima-pa/Y2aPxIdcQfiEAxp5zqlXeA,media-pennsylvania
https://www.ubereats.com/philadelphia/food-delivery/jaco-juice-%26-taco-bar/N4uhRorbT6SmtzdF1Ttklg,media-pennsylvania
https://www.ubereats.com/philadelphia/food-delivery/the-coffee-station-morton/KzQYMP4CSM-kvLHE1DfRuQ,media-pennsylvania
https://www.ubereats.com/philadelphia/food-delivery/wendys-132-north-macdade/7XwBXyDOQT-nkmeg3l794A,media-pennsylvania
https://www.ubereats.com/philadelphia/food-delivery/uno-pizzeria-%26-grill-1516-providence-ave/dNU-ngzSQ-CoDANnKhMRUQ,media-pennsylvania
https://www.ubereats.com/philadelphia/food-delivery/crab-shack/gLFry-C1SZSfx3qerUtV7g,media-pennsylvania
https://www.ubereats.com/philadelphia/food-delivery/kfc-taco-bell-519-e-market-st/ldJMHQmVRqazuoIn2Gg07w,media-pennsylvania
https://www.ubereats.com/philadelphia/food-delivery/sciarrinos-pizza-springfield/ctPhW6ecRXGjwKvi4qKtzA,media-pennsylvania
https://www.ubereats.com/philadelphia/food-delivery/chester-jamaican-kitchen/Nti5PqKSSBSzCc5ADBg4GA,media-pennsylvania
https://www.ubereats.com/philadelphia/food-delivery/chill-out-ice-cream-and-water-ice/7xJ5FCnyTBGd2DE4_mlAhQ,media-pennsylvania
https://www.ubereats.com/philadelphia/food-delivery/saxers-pub/x83hdof7TPqITi3lfFVaVA,media-pennsylvania
https://www.ubereats.com/philadelphia/food-delivery/tgi-fridays-301-rocky-run-pkwy/XADUnz-YSsKGZNXuqYVV3g,media-pennsylvania
https://www.ubereats.com/philadelphia/food-delivery/chipotle-mexican-grill-400-s-state-rd/ov1pQyEORaSrJEh8f0dizA,media-pennsylvania
https://www.ubereats.com/philadelphia/food-delivery/moes-southwest-grill-drexel-hill/7nNW1FdlTxu2YO59YrvggA,media-pennsylvania
https://www.ubereats.com/philadelphia/food-delivery/mcdonalds-broomall-pa/KttcJK8_Ro2sQMD-7NNlFg,media-pennsylvania
https://www.ubereats.com/philadelphia/food-delivery/carrabbas-1250-baltimore-pike-springfield-mall/VfcjGuFuRYeoru52_vB3ZA,media-pennsylvania
https://www.ubereats.com/philadelphia/food-delivery/yuki-sushi/icVyMyjfTkyZjlPAToKnow,media-pennsylvania
https://www.ubereats.com/philadelphia/food-delivery/hometown-breakfast-cafe/ezhSjmMvRlqdfC1RGQNbFA,media-pennsylvania
https://www.ubereats.com/philadelphia/food-delivery/popeyes-1991-sproul-rd/Abxdokv6QUiUxxPfE3Z76g,media-pennsylvania
https://www.ubereats.com/philadelphia/food-delivery/mcdonalds-prospect-park/NLRw7I-LTW2S8O_lLxc8uQ,media-pennsylvania
https://www.ubereats.com/philadelphia/food-delivery/dunkin-2500-west-chester-pike/St8Y6-I0RRCpVvU7X6SKCQ,media-pennsylvania
https://www.ubereats.com/philadelphia/food-delivery/clean-juice-571-wilmington-west-chester-pike/ThsQzWLgRYeQqdXLFfTyNg,media-pennsylvania
https://www.ubereats.com/philadelphia/food-delivery/table-11/1W6-SmMpS46pKrLwRP8aaw,media-pennsylvania
https://www.ubereats.com/philadelphia/food-delivery/family-style-pizza-2/ouU8tx_RR9u1LZ9vR4li1w,media-pennsylvania
https://www.ubereats.com/philadelphia/food-delivery/6804-bonefish-grill-4737-concord-pike/4Qe_iYyCTcyKGBeNYDowlg,media-pennsylvania
https://www.ubereats.com/philadelphia/food-delivery/upland-diner/ymttNv2YQAu8Rr9jGu58vQ,media-pennsylvania
https://www.ubereats.com/philadelphia/food-delivery/millers-ale-house-media/dUu_2iMVSaGElNt5YhlVAg,media-pennsylvania
https://www.ubereats.com/philadelphia/food-delivery/auntie-annes-1570-chester-pike/j5KSzr_xS5KwYEdLm1P4sQ,media-pennsylvania
https://www.ubereats.com/philadelphia/food-delivery/chipotle-mexican-grill-1751-wilmington-pike-ste-c-3/GKEFTcJXR-Kn0RzVOGLv4w,media-pennsylvania
https://www.ubereats.com/philadelphia/food-delivery/the-juice-merchant/iAxLxU7LTWST3wJvIRNo7A,media-pennsylvania
https://www.ubereats.com/philadelphia/food-delivery/caribbean-way/tFEwVWjyQiuzcTqD5pq_XQ,media-pennsylvania
https://www.ubereats.com/philadelphia/food-delivery/dunkin-819-wsproul-rd/IUgJsze8SdCuTy2QjMBQsA,media-pennsylvania
https://www.ubereats.com/philadelphia/food-delivery/wawa-269-36-baltimore-pike/IiPpFZr5SA63T_QV7GQQPQ,media-pennsylvania
https://www.ubereats.com/philadelphia/food-delivery/wendys-310-macdade-blvd/ntcLvE7NQLaekHkWTCtO2g,media-pennsylvania
https://www.ubereats.com/philadelphia/food-delivery/la-na-thai-french-cuisine/YVFoI0ghQ3y7Oeljo34Zeg,media-pennsylvania
https://www.ubereats.com/philadelphia/food-delivery/thai-fusion-kitchen/QMj2VvqpQl-9uv7D4Tzweg,media-pennsylvania
https://www.ubereats.com/philadelphia/food-delivery/jamaica-finga-licking-kitchen/7ZnP5IklR06PdnqcngMjKQ,media-pennsylvania
https://www.ubereats.com/philadelphia/food-delivery/laxmis-indian-grille-broomall/m2xHMC8GRUOk61fYnrcc3g,media-pennsylvania
https://www.ubereats.com/philadelphia/food-delivery/have-a-burger/H06CrPnCTK-vbGbGBlO9gQ,media-pennsylvania
https://www.ubereats.com/philadelphia/food-delivery/demarcos-restaurant-%26-bar/PdUU81ZuTHWrafohFU9TKw,media-pennsylvania
https://www.ubereats.com/philadelphia/food-delivery/dunkin-100-baltimore-pike/AKIThDdyS3i98R2_WmO07w,media-pennsylvania
https://www.ubereats.com/philadelphia/food-delivery/red-lobster-1-baltimore-pike/Gj0RkZ4SQd26NtnuwopAuQ,media-pennsylvania
https://www.ubereats.com/philadelphia/food-delivery/kfc-taco-bell-5311-w-baltimore-avenue/gMQHZQXRRwWcACqH25K83g,media-pennsylvania
https://www.ubereats.com/philadelphia/food-delivery/wendys-294-e-baltimore-pike/UeaxMRUXSQeWdSvarFN-jQ,media-pennsylvania
https://www.ubereats.com/philadelphia/food-delivery/town-tap-by-conshohocken-brewing-company/LyKPXWjDQFOvs_RY65Zueg,media-pennsylvania
https://www.ubereats.com/philadelphia/food-delivery/meatball-u/AXbTbpzxR_2Wv1vPm1kUEA,media-pennsylvania
https://www.ubereats.com/philadelphia/food-delivery/frankies-on-fairview-by-chef-reeky/L_MxSXCWQD6t1tnxyZICfQ,media-pennsylvania
https://www.ubereats.com/philadelphia/food-delivery/from-the-roots-natural-smoothie-bar/DomrxrLjRe6e30TWK9-jRw,media-pennsylvania
https://www.ubereats.com/philadelphia/food-delivery/ny-halal-food-truck-%23-2/-XcKHPAER56Jb7jJ5VO3Ag,media-pennsylvania
https://www.ubereats.com/philadelphia/food-delivery/kfc-taco-bell3515-edgmont-ave/tFOOxLNaQp6Qxgdr5A8p0g,media-pennsylvania
https://www.ubereats.com/philadelphia/food-delivery/dunkin-5101-pennell-rd/EKVyl1JIS-243DCdmD2dLw,media-pennsylvania
https://www.ubereats.com/philadelphia/food-delivery/zoes-kitchen-1751-wilmington-pike%3B-suite-b-1/PjOv6TDXRO-SNOL1XfPS-w,media-pennsylvania
https://www.ubereats.com/philadelphia/food-delivery/applebees-4301-pennell-road/zjOzMSIATZiPt3Gy1jaBSQ,media-pennsylvania
https://www.ubereats.com/philadelphia/food-delivery/burger-king-4701-edgmont-ave/rC_j6MsnRQORapZQeWlmYA,media-pennsylvania
https://www.ubereats.com/philadelphia/food-delivery/kings-deli/XLkf_ncOQ7CJw7AGPH2dDA,media-pennsylvania
https://www.ubereats.com/philadelphia/food-delivery/wimpys-original/aijXOuNMTV2o9VM1YIz3bg,media-pennsylvania
https://www.ubereats.com/philadelphia/food-delivery/primohoagies-1304-west-chester-pike/r1JDguItSkWjywPHsA2lPQ,media-pennsylvania
https://www.ubereats.com/philadelphia/food-delivery/country-squire-diner-restaurant-%26-bakery/YyfWIsUdSmaFZbY_NJj7ig,media-pennsylvania
https://www.ubereats.com/philadelphia/food-delivery/llanerch-diner/aqTA56hKQKy1g4Jy3jaA_g,media-pennsylvania
https://www.ubereats.com/philadelphia/food-delivery/manhattan-bagel-%23-0469/F3bwbpqqQcC89Lywkpc24Q,media-pennsylvania
https://www.ubereats.com/philadelphia/food-delivery/red-iron-pub-%26-fine-indian-cuisine/HE9O2j0lSY2-ZPMu28w6Ag,media-pennsylvania
https://www.ubereats.com/philadelphia/food-delivery/folcroft-diner/u6bddjv3SXK_Puy92eAYrQ,media-pennsylvania
https://www.ubereats.com/philadelphia/food-delivery/station-tap/JZNstNL3S1ihPvjkJGFC9w,media-pennsylvania
https://www.ubereats.com/philadelphia/food-delivery/el-buen-sazon/PRNryIkDSQe7knon5MZfsg,media-pennsylvania
https://www.ubereats.com/philadelphia/food-delivery/sciarrino/Nbtg8P3mTyineaOd_hyi6w,media-pennsylvania
https://www.ubereats.com/philadelphia/food-delivery/eastside-cafe/qxaCAefUTlO7qCUTYQ0QIg,media-pennsylvania
https://www.ubereats.com/philadelphia/food-delivery/friendlys-1250-baltimore-pike-%23-l30/bGQgIQOAQz2HpBm7qrEoTQ,media-pennsylvania
https://www.ubereats.com/philadelphia/food-delivery/wing-squad-springfield-square/uE6JY4hKTCGOiLZY8Mx9UQ,media-pennsylvania
https://www.ubereats.com/philadelphia/food-delivery/la-tolteca/brQgGsc1RFmemUvPPki6NA,media-pennsylvania
https://www.ubereats.com/philadelphia/food-delivery/popeyes-eddystone/i_hXEKmsSoG7HYqUUBFTCg,media-pennsylvania
https://www.ubereats.com/philadelphia/food-delivery/pretzel-boys/-xJFnpPkRwOjdQnLtKCkoQ,media-pennsylvania
https://www.ubereats.com/philadelphia/food-delivery/wing-hut/sHU0MFtUQBC6sMMg4HPa6A,media-pennsylvania
https://www.ubereats.com/philadelphia/food-delivery/qdoba-mexican-eats-1991-sproul-rd/ug7chB8sStaBTUnQxDVQpg,media-pennsylvania
https://www.ubereats.com/philadelphia/food-delivery/cedar-craft-%26-kitchen/XVHddHnlTvuvQkYWJNBWFA,media-pennsylvania
https://www.ubereats.com/philadelphia/food-delivery/outback-steakhouse-1162-baltimore-pike/uaaFOwIDRT6AcA2uZIMGUw,media-pennsylvania
https://www.ubereats.com/philadelphia/food-delivery/dunkin-600-chester-pike/q5xgDP7PT1iiJ60uKxzP9Q,media-pennsylvania
https://www.ubereats.com/philadelphia/food-delivery/subway-2400-market-st/6pQDoAo1T2q8bwyp6nidew,media-pennsylvania
https://www.ubereats.com/philadelphia/food-delivery/king-wok-chinese-restaurant/kgnd2JteRt-1wAH_-b7JUQ,media-pennsylvania
https://www.ubereats.com/philadelphia/food-delivery/red-fire-american-grill-clarion-hotel/fNBL3b5bSt6LVJVP0r0JhA,media-pennsylvania
https://www.ubereats.com/philadelphia/food-delivery/dandan-wayne/wsyOBkuXRuiMQPesTcaK_A,media-pennsylvania
https://www.ubereats.com/philadelphia/food-delivery/old-state-tavern/kBbmBt-NTMqbIqejHAm4wQ,media-pennsylvania
https://www.ubereats.com/philadelphia/food-delivery/philly-pretzel-factory-broomall/iIA9fBxYT0qkusNEg49qYw,media-pennsylvania
https://www.ubereats.com/philadelphia/food-delivery/smashburger-400-s-state-rd/TGSpzqg7S0KxAJv1gescLg,media-pennsylvania
https://www.ubereats.com/philadelphia/food-delivery/arbys-601-conchester-hwy/1RjuEWiNTxmLRn7ux0s1Zg,media-pennsylvania
https://www.ubereats.com/philadelphia/food-delivery/dunkin-1300-macdade-blvd/QvBoar3sRt-g6SSgGjlYOg,media-pennsylvania
https://www.ubereats.com/philadelphia/food-delivery/house-restaurant/cxkbSS9pTPGUjECWzUyCvQ,media-pennsylvania
https://www.ubereats.com/philadelphia/food-delivery/seafood-hut/DKDXRvnxS9CLD--DjXytJQ,media-pennsylvania
https://www.ubereats.com/philadelphia/food-delivery/little-basil/NWCBmQ0iRQm2_cC84CbhLw,media-pennsylvania
https://www.ubereats.com/philadelphia/food-delivery/starbucks-media-baltimore-pike/pS7Z-ZX5QM6RAL9YSk7kvQ,media-pennsylvania
https://www.ubereats.com/philadelphia/food-delivery/bertuccis-springfield-square/oXL1fQhfQFK5SsR_1gI3HQ,media-pennsylvania
https://www.ubereats.com/philadelphia/food-delivery/la-cannelle-cafe/0TLyAnokS8ubSQqT67FB9g,media-pennsylvania
https://www.ubereats.com/philadelphia/food-delivery/taco-bell-121-n-mcdade-blvd/tOhIPlCgTPOST2xSFnnypw,media-pennsylvania
https://www.ubereats.com/philadelphia/food-delivery/car-miras-deli/Vidht_TuQimzyjQeHhA2eQ,media-pennsylvania
https://www.ubereats.com/philadelphia/food-delivery/panera-1991-sproul-road/hHG55r-US_arIO798H2LMA,media-pennsylvania
https://www.ubereats.com/philadelphia/food-delivery/mcdonalds-woodlyn-mac-dade/3ilayAguTE6y2jLK35IIcg,media-pennsylvania
https://www.ubereats.com/philadelphia/food-delivery/mcdonalds-eddystone/mVGFnkfMTY2sv1sQOjhr8w,media-pennsylvania
https://www.ubereats.com/philadelphia/food-delivery/harvest-seasonal-grill-%26-wine-bar-glen-mills/GOqoFsw9QNmpCYdLqsvQZw,media-pennsylvania
https://www.ubereats.com/philadelphia/food-delivery/love-again-local/dFsEY8tGQgOIPObf07Ns6A,media-pennsylvania
https://www.ubereats.com/philadelphia/food-delivery/systahs/9v2qHxdiQLye3OIdoFb1Rw,media-pennsylvania
https://www.ubereats.com/philadelphia/food-delivery/stingers-restaurant-and-bar/2e6C3nwsQBu6mxofhWajrw,media-pennsylvania
https://www.ubereats.com/philadelphia/food-delivery/chipotle-mexican-grill-3741-w-chester-pike/qSrMdZSrTIiWRi1dKmYbAw,media-pennsylvania
https://www.ubereats.com/philadelphia/food-delivery/red-robin-6100-brandywine-pkwy/NnTAaGx3RdqBBr8nSCYzxQ,media-pennsylvania
https://www.ubereats.com/philadelphia/food-delivery/nifty-fiftys-ridely-township/rszaH3wlRsKzZb00SJJ3Rw,media-pennsylvania
https://www.ubereats.com/philadelphia/food-delivery/wendys-800-reed-rd/l96hf5_ITguFcqcORHD8nQ,media-pennsylvania
https://www.ubereats.com/philadelphia/food-delivery/phaby-patties/7riPyUZiScGh2l964PIO_g,media-pennsylvania
https://www.ubereats.com/philadelphia/food-delivery/dunkin-2705-edgmont-ave/YeC0w0ZNQJOv9G3JK6yB4A,media-pennsylvania
https://www.ubereats.com/philadelphia/food-delivery/thai-aroy-dee/4rbfHKinS-OFo_adDvQD8Q,media-pennsylvania
https://www.ubereats.com/philadelphia/food-delivery/mazagan-moroccan-mediterranean-cuisines/3709yXvVT0GepptJlF5w1Q,media-pennsylvania
https://www.ubereats.com/philadelphia/food-delivery/five-guys-pa-0251-2053-sproul-rd/Vu-ssF_vSRKXvkn2De1wog,media-pennsylvania
https://www.ubereats.com/philadelphia/food-delivery/cold-stone-creamery-springfield/Qs9DeFn3Rjyx3hnButO2OQ,media-pennsylvania
https://www.ubereats.com/philadelphia/food-delivery/five-guys-pa-1873-1075-w-baltimore-pike/BD1TqI7oQEKyAEUf9uEXPQ,media-pennsylvania
https://www.ubereats.com/philadelphia/food-delivery/neopolitan-breakfast-%26-brunch/RG3rNTlIQEqxgJU68ZPQGQ,media-pennsylvania
https://www.ubereats.com/philadelphia/food-delivery/jd-mcgillicuddys/8cfLn2zpRGqjWSdUiGZpCw,media-pennsylvania
https://www.ubereats.com/philadelphia/food-delivery/ginos-pizza-store/_XGMRc9zTeCPk4Pv0icgMQ,media-pennsylvania
https://www.ubereats.com/philadelphia/food-delivery/capriottis-sandwich-shop-301-byers-drive/CEM4VWlLSGWCRy379fpSwg,media-pennsylvania
https://www.ubereats.com/philadelphia/food-delivery/ristorante-la-locanda/pPVtioExS5a59HQ83fjgnw,media-pennsylvania
https://www.ubereats.com/philadelphia/food-delivery/roma-deli/cNgsWZH6RZCWV5GIn9GoPA,media-pennsylvania
https://www.ubereats.com/philadelphia/food-delivery/illusions/PaYcQPnjSJqmHlGvu5VpSA,media-pennsylvania
https://www.ubereats.com/philadelphia/food-delivery/primohoagies-3474-concord-rd/GiMM7818Q8WPAjlEdZSR_A,media-pennsylvania
https://www.ubereats.com/philadelphia/food-delivery/tropical-smoothie-cafe-849-paoli-pike/uHa87HsoTUWLe82Hgxp8Pg,media-pennsylvania
https://www.ubereats.com/philadelphia/food-delivery/spice-indian-thai-bistro/48llgQFoRhSzQiLu5HzL9Q,media-pennsylvania
https://www.ubereats.com/philadelphia/food-delivery/zacs-hamburgers-aston/IMU3hKPBQ3OAegSCeehiGw,media-pennsylvania
https://www.ubereats.com/philadelphia/food-delivery/pf-changs-983-baltimore-pike/I3EEgbmyS4Go_z2qJ_SANQ,media-pennsylvania
https://www.ubereats.com/philadelphia/food-delivery/bamboo-bistro-philly/wBK6Z6TqRFmLluBgfYRpWg,media-pennsylvania
https://www.ubereats.com/philadelphia/food-delivery/sofies-steaks/34j1uGuuQMS0L473ib9UuQ,media-pennsylvania
https://www.ubereats.com/philadelphia/food-delivery/wawa-8086-50-n-newtown-street-rd/OdevLtgBTnKD2R1OqF5peQ,media-pennsylvania
https://www.ubereats.com/philadelphia/food-delivery/ocean-crab/6LuFVIFvSnCIX-A0likJeQ,media-pennsylvania
https://www.ubereats.com/philadelphia/food-delivery/mrs-marys-kitchen/wUpIlkapQUSgKAVhQUamOQ,media-pennsylvania
https://www.ubereats.com/philadelphia/food-delivery/crab-du-jour-haverton/9PHzdRfWQKaurqd4dquhVg,media-pennsylvania
https://www.ubereats.com/philadelphia/food-delivery/rasa-indian-cuisine/Su8r_d_VRd-gu0DjiHqawA,media-pennsylvania
https://www.ubereats.com/philadelphia/food-delivery/lariele-wood-fired-square-pie/d2JAPYp4TIyx-dXtJlCgpA,media-pennsylvania
https://www.ubereats.com/philadelphia/food-delivery/firebirds-wood-fired-grill-91-wilmington-w-chester-pike/MKVAEnFMSuKggNdCZQK3Dw,media-pennsylvania
https://www.ubereats.com/philadelphia/food-delivery/dim-sum-mania-%E4%B8%8A%E6%B5%B7%E4%BD%AC/ClcXpBS2QOuxcKnqgrG2hw,media-pennsylvania
https://www.ubereats.com/philadelphia/food-delivery/terrys-too/GzBMmU7FTnmfrsoPbuKNaQ,media-pennsylvania
https://www.ubereats.com/philadelphia/food-delivery/bertuccis-501-byers-drive/mFNC15JwSaSxz5hF4D3wOA,media-pennsylvania
https://www.ubereats.com/philadelphia/food-delivery/outback-steakhouse-701-byers-drive/mBB59NNTQUeq5fySbzzDAA,media-pennsylvania
https://www.ubereats.com/philadelphia/food-delivery/popeyes-pennell-road/uR7uChRURMyhJXJu9eQ4ig,media-pennsylvania
https://www.ubereats.com/philadelphia/food-delivery/burger-king-501-macdade-blvd/D6UAZUVFRrSzXSveL9WK1g,media-pennsylvania
https://www.ubereats.com/philadelphia/food-delivery/taj-mahal-restaurant/Br7a4ip1RHS3IzoTfSBJeQ,media-pennsylvania
https://www.ubereats.com/philadelphia/food-delivery/ale-house/JLeOi6JDRpKmXBZFcGp_aw,media-pennsylvania
https://www.ubereats.com/philadelphia/food-delivery/millers-diner/LTAz8BlRSm-M6Kc7_5kUEQ,media-pennsylvania
https://www.ubereats.com/philadelphia/food-delivery/smashburger-4828-edgmont-ave/OJ9p8TMTQ3Grwwyeq9lOmw,media-pennsylvania
https://www.ubereats.com/philadelphia/food-delivery/honeygrow-5609-concord-pike/tgn82LwsSn6vVJFqBWeLYQ,media-pennsylvania
https://www.ubereats.com/philadelphia/food-delivery/la-taco-bistro/psakLSMNR-6tvaqR7Lui6Q,media-pennsylvania
https://www.ubereats.com/philadelphia/food-delivery/west-chester-diner/vS-z6vrURx2L3h1GUUHKiQ,media-pennsylvania
https://www.ubereats.com/philadelphia/food-delivery/starbucks-shoppes-at-brookhaven/D_Q-t95vRSqMgMYjDYfpMg,media-pennsylvania
https://www.ubereats.com/philadelphia/food-delivery/state-street-sandwiches/90C2xCRYSG2I4YQ3gedMsA,media-pennsylvania
https://www.ubereats.com/philadelphia/food-delivery/dunkin-5060-township-line-rd/E0CRqLqcS2SlUH8TAHQYBg,media-pennsylvania
https://www.ubereats.com/philadelphia/food-delivery/mod-pizza-newtown-square/EW44gvxcSBmOlp_WlKfuwQ,media-pennsylvania
https://www.ubereats.com/philadelphia/food-delivery/1st-indian-kitchen/enkoUq0lThaFtJ8kop8y5A,media-pennsylvania
https://www.ubereats.com/philadelphia/food-delivery/saladworks-4127-concord-pike/6thim6WASsSCzxgT91TW3g,media-pennsylvania
https://www.ubereats.com/philadelphia/food-delivery/new-tiny-hoagie-shop/H5OwSybaQdWcUp6AfygzRA,media-pennsylvania
https://www.ubereats.com/philadelphia/food-delivery/phillys-taste/_S9CToKaRl6x7skYE7gXCA,media-pennsylvania
https://www.ubereats.com/philadelphia/food-delivery/meximac-mexican-food-pa/gmFKpUWMQJmI8glk_wID0w,media-pennsylvania
https://www.ubereats.com/philadelphia/food-delivery/napoca-pizzeria/HN56Dv9cRMi-8R06843Qng,media-pennsylvania
https://www.ubereats.com/philadelphia/food-delivery/anthonys-at-paxon-hollow/kKFP4lqnTgKoTh7GUDgSpA,media-pennsylvania
https://www.ubereats.com/philadelphia/food-delivery/bogarts-bar-and-grille/jgJ4yNJ8QxSmb3gmziKJmQ,media-pennsylvania
https://www.ubereats.com/philadelphia/food-delivery/mcdonalds-brookhaven/5V4bcH6bSAKon8sFZB6D8A,media-pennsylvania
https://www.ubereats.com/philadelphia/food-delivery/mcdonalds-holmes/KI74TgjzS2C0BOQdrOnHoQ,media-pennsylvania
https://www.ubereats.com/philadelphia/food-delivery/the-hot-dog-stand/J2dTIY8XSay6PLlCIUFN7g,media-pennsylvania
https://www.ubereats.com/philadelphia/food-delivery/burger-king-5012-pennell-rd/XfBckxt0QdO0m4mSxTpC_A,media-pennsylvania
https://www.ubereats.com/philadelphia/food-delivery/desert-rose-mediterranean-cuisine/xSO8IFV7SaqjN41tF-XLGA,media-pennsylvania
https://www.ubereats.com/philadelphia/food-delivery/sonic-2610-east-macdade-boulevard/cIDCgxw7TPadjRdzpV23Ww,media-pennsylvania
https://www.ubereats.com/philadelphia/food-delivery/elbas-deli-%26-restaurant/a8cxewBZTRCb-NWcIlYerA,media-pennsylvania
https://www.ubereats.com/philadelphia/food-delivery/applebees-1305-west-chester-pike/YnVi5IGaRw66iy_6nPeI_w,media-pennsylvania
https://www.ubereats.com/philadelphia/food-delivery/media-bean-company/jkUD1bj7TFiCfjLLFnqOQA,media-pennsylvania
https://www.ubereats.com/philadelphia/food-delivery/dunkin-608-conchester-hwy/2BtH-nlARwyDQRxjSdGXtw,media-pennsylvania
https://www.ubereats.com/philadelphia/food-delivery/buddys-burger-w-state/jj7ciIy6Q-GYB4N7eR9xRQ,media-pennsylvania
https://www.ubereats.com/philadelphia/food-delivery/bubble-shack/jN5XhSP4RD6ieViZiFG64g,media-pennsylvania
https://www.ubereats.com/philadelphia/food-delivery/zacs-hamburgers/zXS9bDupS8OqO3a82kb9nA,media-pennsylvania
https://www.ubereats.com/philadelphia/food-delivery/perkins-restaurant-%26-bakery-drexel-hill/lwp0WALQT3inzfgd35UOaQ,media-pennsylvania
https://www.ubereats.com/philadelphia/food-delivery/napoletano-brothers/2k8Muq6rQkWL75ELaqQTDg,media-pennsylvania
https://www.ubereats.com/philadelphia/food-delivery/boston-market-3900-concord-pike/96nwI8z0TB-LX5WHKum_mA,media-pennsylvania
https://www.ubereats.com/philadelphia/food-delivery/crown-chicken-%26-grill-edgmont-ave/j52wHL6YSFyd8eo7OUjelQ,media-pennsylvania
https://www.ubereats.com/philadelphia/food-delivery/primohoagies-504-baltimore-pike/IVJS6SGhS7eE9U_bngGrFQ,media-pennsylvania
https://www.ubereats.com/philadelphia/food-delivery/aston-diner/pbGBo0tYQIGM9owPKHayHA,media-pennsylvania
https://www.ubereats.com/philadelphia/food-delivery/wawa-293-5337-baltimore-pike/jSep3jwqSh-KBpzEeOyzIQ,media-pennsylvania
https://www.ubereats.com/philadelphia/food-delivery/yangtze-inn/H-ad8AxxQuapKrqX49QNoQ,media-pennsylvania
https://www.ubereats.com/philadelphia/food-delivery/tony-lukes/gQE-0NBnQki8HL1i-yTuIA,media-pennsylvania
https://www.ubereats.com/philadelphia/food-delivery/famous-daves-barbecue-baltimore-pike/yWFLzrbuSveLW_MmJmOUiQ,media-pennsylvania
https://www.ubereats.com/philadelphia/food-delivery/philly-pretzel-factory-folsom/BAwmtZJxRimNUFNE2WSF8g,media-pennsylvania
https://www.ubereats.com/philadelphia/food-delivery/springfield-diner/7iheqqo1R-iHHOa-_gk68w,media-pennsylvania
https://www.ubereats.com/philadelphia/food-delivery/ocean-house/JiTNBwvZSgCcgxNfjOfwnw,media-pennsylvania
https://www.ubereats.com/philadelphia/food-delivery/ashleys-restaurant/gOBmHF-CQ8iSwyn3gST1bw,media-pennsylvania
https://www.ubereats.com/philadelphia/food-delivery/auntie-annes-1250-baltimore-pike-spc-23a/mV9JUqBnRBO-sK8UjVf3Sg,media-pennsylvania
https://www.ubereats.com/philadelphia/food-delivery/bertuccis-wilmington/l4uny-eeRLGa8q0kZJyn1A,media-pennsylvania
https://www.ubereats.com/philadelphia/food-delivery/qdoba-5609-concord-pike/Mm7FCGSFT46g_ZyNB8tViw,media-pennsylvania
https://www.ubereats.com/philadelphia/food-delivery/shere-e-punjab-drexel-hills/5uQ7GbPoTSqy_Jhbkdylyw,media-pennsylvania
https://www.ubereats.com/philadelphia/food-delivery/starbucks-edgmont/wGRp0OIJTsSH-2ppx5CPRA,media-pennsylvania
https://www.ubereats.com/philadelphia/food-delivery/mcdonalds-havertwn-westche/h3pkIXuQS7uV8ZYYyDVUSQ,media-pennsylvania
https://www.ubereats.com/philadelphia/food-delivery/china-wok-iii/1idHguBAQfezOc7WW7HutA,media-pennsylvania
https://www.ubereats.com/philadelphia/food-delivery/poke-bros-glen-mills/I5XPZkjBSY2MAGmk6KJjKQ,media-pennsylvania
https://www.ubereats.com/philadelphia/food-delivery/pasta-hut/Hrb4snA8SeiB4CeJKj-Bdg,media-pennsylvania
https://www.ubereats.com/philadelphia/food-delivery/dunkin-1601-macdade-blvd/8tts5Y9rSqSFCq8CkHF-tg,media-pennsylvania
https://www.ubereats.com/philadelphia/food-delivery/ryans-pub/5VLsjXFKRdOymGso3DqhUg,media-pennsylvania
https://www.ubereats.com/philadelphia/food-delivery/china-wok/VKf6esM1Qhu_Ow2fLV-hOQ,media-pennsylvania
https://www.ubereats.com/philadelphia/food-delivery/new-leaf-chinese-%26-japanese-cuisine/MmnucH4NRp67AcqQ5bP1kA,media-pennsylvania
https://www.ubereats.com/philadelphia/food-delivery/dunkin-921-lincoln-ave/t86W1eZ-QpCidXnznvyfpw,media-pennsylvania
https://www.ubereats.com/philadelphia/food-delivery/320-market-cafe-swarthmore/h5OAlbhrQeWemDo_GjriLg,media-pennsylvania
https://www.ubereats.com/philadelphia/food-delivery/apollo-pizza/y9U4l2D7TRiQ3IwB-33nyg,media-pennsylvania
https://www.ubereats.com/philadelphia/food-delivery/turning-point-of-media/beDWd9sJRx2UUWBuWx_FHg,media-pennsylvania
https://www.ubereats.com/philadelphia/food-delivery/chipotle-mexican-grill-801-baltimore-pike/f3n_hYxlTDChm71Wh4glSg,media-pennsylvania
https://www.ubereats.com/philadelphia/food-delivery/taco-bell-1252-macdade-blvd/oTC8jl2qTkW82W1fUwhTyA,media-pennsylvania
https://www.ubereats.com/philadelphia/food-delivery/boston-market-5200-baltimore-pk/jbqi9bFWT7yHjyJtwDMZrg,media-pennsylvania
https://www.ubereats.com/philadelphia/food-delivery/shere-e-punjab-indian-cuisine/UDy_ropqTq2lFlURmZuRZw,media-pennsylvania
https://www.ubereats.com/philadelphia/food-delivery/cascata-caffe/XODUpjGBSGWXGqn3hFqJrA,media-pennsylvania
https://www.ubereats.com/philadelphia/food-delivery/mcdonalds-clftn-hts-balt/clyYG4h5TK66jfIdZc9jHQ,media-pennsylvania
https://www.ubereats.com/philadelphia/food-delivery/famous-crab-cakes-prospect-park/NUzAZfp1RHGhTCPZPYL4Eg,media-pennsylvania
https://www.ubereats.com/philadelphia/food-delivery/tashas-takeout/VtcqrYdpSjK9NJg79NZz4w,media-pennsylvania
https://www.ubereats.com/philadelphia/food-delivery/pancheros-mexican-grill-503-e-baltimore-pike/efr5buqySAa6TrrItmqpYw,media-pennsylvania
https://www.ubereats.com/philadelphia/food-delivery/the-fainting-goat/UZACUBkWQee-2M6PQzJLHg,media-pennsylvania
https://www.ubereats.com/philadelphia/food-delivery/primohoagies-132-e-baltimore-ave/WiQk0SKoSIS6i58uIqZ-KA,media-pennsylvania
https://www.ubereats.com/philadelphia/food-delivery/chill-out-chocolate-therapy/98ySfjyrT6itdEtj4QSzCw,media-pennsylvania
https://www.ubereats.com/philadelphia/food-delivery/desert-rose-bowls/_HrTAgC3QBKWLqa_If7sHw,media-pennsylvania
https://www.ubereats.com/philadelphia/food-delivery/swiss-farms-milmont-park/-QT8PgNQRCCTcJ27W1Zqvw,media-pennsylvania
https://www.ubereats.com/philadelphia/food-delivery/jaco-juice-%26-taco-bar/RHk9C3JASgG5nx8qjgQjBw,media-pennsylvania
https://www.ubereats.com/philadelphia/food-delivery/trieste-restaurant/hL2cuVVZS8OMyGl2qrtwxw,media-pennsylvania
https://www.ubereats.com/philadelphia/food-delivery/wawa-8082-435-e-baltimore-pk/52bf2QNlQkec03NTWdHkeA,media-pennsylvania
https://www.ubereats.com/philadelphia/food-delivery/arbys-523-w-baltimore-pike/j6h4XWUJRVu41oOrlko-_A,media-pennsylvania
https://www.ubereats.com/philadelphia/food-delivery/applebees-1107-west-chester-pike/iF3U3MrXQB-7hpSY9Qd6nA,media-pennsylvania
https://www.ubereats.com/philadelphia/food-delivery/bawarchi/M5uMMXXWSGCVEGWMsMua7w,media-pennsylvania
https://www.ubereats.com/philadelphia/food-delivery/ny-bagel-%26-sandwich-shop/KKujwXaESbuc2w9UxSicDA,media-pennsylvania
https://www.ubereats.com/philadelphia/food-delivery/ny-bagel-cafe/e5-SYdfjTEO317E2_zWD-A,media-pennsylvania
https://www.ubereats.com/philadelphia/food-delivery/kfc-taco-bell-609-naamans-rd/Ld4f0DnQQbO2sXudB773VQ,media-pennsylvania
https://www.ubereats.com/philadelphia/food-delivery/nooddi-thai-chef/377E-ZJYQHWkYb278sTVuw,media-pennsylvania
https://www.ubereats.com/philadelphia/food-delivery/sterling-pig/wsNKnZP_SE6kbv1trfx1UQ,media-pennsylvania
https://www.ubereats.com/philadelphia/food-delivery/just-pizza/CNsAeQ5sQsS2JHJ1joecWw,media-pennsylvania
https://www.ubereats.com/philadelphia/food-delivery/first-watch-newtown-square/RxNHTL5cSs-XF3WzHzTfNw,media-pennsylvania
https://www.ubereats.com/philadelphia/food-delivery/kfc-taco-bell-835-west-sproul-rd/mdYYmTi2TBm76iP5pWUn9Q,media-pennsylvania
https://www.ubereats.com/philadelphia/food-delivery/taco-bell-659-conchester-highway/rTqDNyDoRp6wxXoPkF7zLw,media-pennsylvania
https://www.ubereats.com/philadelphia/food-delivery/alfredos-pizza/GJv1LiPkQfqeZhVpEC9H5A,media-pennsylvania
https://www.ubereats.com/philadelphia/food-delivery/tom-jones-family-restaurant/0RaJbJQsRT23M-AeAgKSYw,media-pennsylvania
https://www.ubereats.com/philadelphia/food-delivery/saladworks-lawrence-park/UX1RBHuCQzKuqsBhiiTChQ,media-pennsylvania
https://www.ubereats.com/philadelphia/food-delivery/wendys-115-stewart-avenue/9K7WgcJRRiGlY6IxWvkniw,media-pennsylvania
https://www.ubereats.com/philadelphia/food-delivery/capriottis-sandwich-shop-springfield/-SAbiHU8RTenaJc_ERsiDA,media-pennsylvania
