url,city
https://www.ubereats.com/philadelphia/food-delivery/bullseye-burger-house/WUrfFVeHSueKQIUXAA85Sw,melrose-park-pennsylvania
https://www.ubereats.com/philadelphia/food-delivery/vega-restaurant-real/70oYOIUvSJOV9NAr0lPdJw,melrose-park-pennsylvania
https://www.ubereats.com/philadelphia/food-delivery/vk-breakfast/fqdm5bbKTc-bKQUkZskWmQ,melrose-park-pennsylvania
https://www.ubereats.com/philadelphia/food-delivery/ajs-diner/F8V9MO7ATAuxCMkQi13IFA,melrose-park-pennsylvania
https://www.ubereats.com/philadelphia/food-delivery/tbaar-2842-saint-vincent-st-pa/XrpvlNV7S7SzXfcnj0nEsA,melrose-park-pennsylvania
https://www.ubereats.com/philadelphia/food-delivery/tasties-germantown-ave/frx4tmOrQZqhaquvuHm_hg,melrose-park-pennsylvania
https://www.ubereats.com/philadelphia/food-delivery/chipotle-mexican-grill-1437-old-york-rd/wMoF5J6BRlmC_cVatZjO4A,melrose-park-pennsylvania
https://www.ubereats.com/philadelphia/food-delivery/kfc-2875-w-dauphin-st/_auq5CqlRwmYe7MHIg2YQg,melrose-park-pennsylvania
https://www.ubereats.com/philadelphia/food-delivery/jds-soul-food-kitchen/WYtcrbzVS1Sk7oNd0uLoKg,melrose-park-pennsylvania
https://www.ubereats.com/philadelphia/food-delivery/primohoagies-604-haddon-avenue/ipEyavduRlqbHAv3tbAJqQ,melrose-park-pennsylvania
https://www.ubereats.com/philadelphia/food-delivery/osaka-japanese-restaurant/ShVRONYkT9-Rc4WK2IsuUg,melrose-park-pennsylvania
https://www.ubereats.com/philadelphia/food-delivery/m%26j-market-%26-deli/lK2hsSZzR_KJtRU-DHEvjA,melrose-park-pennsylvania
https://www.ubereats.com/philadelphia/food-delivery/lady-ness-soul-food/-7hnYOOSSFqw0_x8eA9jpg,melrose-park-pennsylvania
https://www.ubereats.com/philadelphia/food-delivery/krispy-krunchy-chicken/TAVKDc4XT_C7ZEeVnvs2DQ,melrose-park-pennsylvania
https://www.ubereats.com/philadelphia/food-delivery/panasian-japanese-food/voItaxA_Sp2PYUfzomuisg,melrose-park-pennsylvania
https://www.ubereats.com/philadelphia/food-delivery/barcode-restaurant-and-lounge/P2BDC490RBW-3zm1FEmOpg,melrose-park-pennsylvania
https://www.ubereats.com/philadelphia/food-delivery/barcode-philadelphia-resturant-and-lounge/a4LqFEU6TNqP_ZZZlz2RpA,melrose-park-pennsylvania
https://www.ubereats.com/philadelphia/food-delivery/jade-palace/wEaQEBCjSbyt1rDwP78sFw,melrose-park-pennsylvania
https://www.ubereats.com/philadelphia/food-delivery/tin-pan-alley-tavern/d0gpn3f9Q3yGg5k-V_kv1w,melrose-park-pennsylvania
https://www.ubereats.com/philadelphia/food-delivery/the-green-room-llc/4d1i3ZhMRTGyBFqNR0SZfA,melrose-park-pennsylvania
https://www.ubereats.com/philadelphia/food-delivery/city-view-pizza-%26-grill-temple/bwMlPNKLRhm3i6NOS1Fkng,melrose-park-pennsylvania
https://www.ubereats.com/philadelphia/food-delivery/los-restaurant-philly/TOJBUCqdSiCPQtTqnTm95g,melrose-park-pennsylvania
https://www.ubereats.com/philadelphia/food-delivery/dunkin-937-easton-rd/edDwKCu9SQm-z_jVVW55JA,melrose-park-pennsylvania
https://www.ubereats.com/philadelphia/food-delivery/kfc-taco-bell-5840-old-york-rd/rhDtsFOTS_WS5dfr_a2WOw,melrose-park-pennsylvania
https://www.ubereats.com/philadelphia/food-delivery/halligans-pub/usu2B17HT8uVGsq-lsT13w,melrose-park-pennsylvania
https://www.ubereats.com/philadelphia/food-delivery/moon/-Ko0Uu3pTairnFaQrf3SRg,melrose-park-pennsylvania
https://www.ubereats.com/philadelphia/food-delivery/the-sweet-taco-willow-grove/-3Hmbuu1TvW6wB-MGCcmyA,melrose-park-pennsylvania
https://www.ubereats.com/philadelphia/food-delivery/wingstop-700-e-hunting-park-ave-ste-3b/q3vpRlDISNWHu38vn_ZTNA,melrose-park-pennsylvania
https://www.ubereats.com/philadelphia/food-delivery/east-coast-wings-%2B-grill-2539-castor-ave/JQWGtQyjTVmmQd0mD0i8dg,melrose-park-pennsylvania
https://www.ubereats.com/philadelphia/food-delivery/pizza-house-express/G8oQcb_CS4GENYxuVObhfA,melrose-park-pennsylvania
https://www.ubereats.com/philadelphia/food-delivery/lucky-7-fried-chicken/Q6kq7689TBe3W-BoqjRhBA,melrose-park-pennsylvania
https://www.ubereats.com/philadelphia/food-delivery/chill-on-the-hilll/gb5Pc0QCS_Clwtc263IFug,melrose-park-pennsylvania
https://www.ubereats.com/philadelphia/food-delivery/jd-mcgillicuddy-manayunk/4z8CaRg9TQGWBj4TXVmPcw,melrose-park-pennsylvania
https://www.ubereats.com/philadelphia/food-delivery/phillys-finest-pizza/1guQXql7REGiNuUEZyfJ8A,melrose-park-pennsylvania
https://www.ubereats.com/philadelphia/food-delivery/brunos/IXxfy8aURUG2X2tTmIkUOw,melrose-park-pennsylvania
https://www.ubereats.com/philadelphia/food-delivery/taco-bell-5-w-city-avenue/kxNm-EOmSHCCYoEybluSUw,melrose-park-pennsylvania
https://www.ubereats.com/philadelphia/food-delivery/checkers-7115-stenton-ave/1ZzDUue8S0uypL9MRBO4GQ,melrose-park-pennsylvania
https://www.ubereats.com/philadelphia/food-delivery/perkins-restaurant-%26-bakery-warminster/2oY_DR_iTai-SPFcmv3amQ,melrose-park-pennsylvania
https://www.ubereats.com/philadelphia/food-delivery/pho-ha-saigon/keIHrt3ySoqwfHKqo_kRpA,melrose-park-pennsylvania
https://www.ubereats.com/philadelphia/food-delivery/happy-garden/fz5ZuVHgTWaUHIrWXEkM6A,melrose-park-pennsylvania
https://www.ubereats.com/philadelphia/food-delivery/la-casa-del-sandwich/nVWRmQITSQyotAyCnWZlOg,melrose-park-pennsylvania
https://www.ubereats.com/philadelphia/food-delivery/alta-cosina/quOrJgffT1y0nz-mC-xIpg,melrose-park-pennsylvania
https://www.ubereats.com/philadelphia/food-delivery/kensington-pub/c5VWQfZZRuKO5zQ55vCaRg,melrose-park-pennsylvania
https://www.ubereats.com/philadelphia/food-delivery/dunkin-6608-frankford-ave/R_ueq8xBQAuyheRmmxe5Qw,melrose-park-pennsylvania
https://www.ubereats.com/philadelphia/food-delivery/dunkin-2530-aramingo-ave/bJdacYqVS0uhwd3rmLpZcQ,melrose-park-pennsylvania
https://www.ubereats.com/philadelphia/food-delivery/dump-n-roll/WSoOMpZtQBmZkVYGnXTIrw,melrose-park-pennsylvania
https://www.ubereats.com/philadelphia/food-delivery/ogontz-kitchen-chinese-restaurant/JGkiOrBHSWyJDqWNua3u4w,melrose-park-pennsylvania
https://www.ubereats.com/philadelphia/food-delivery/daaiyahs-delicious/XVqQ3PnWSJerS5ZUKdAFEQ,melrose-park-pennsylvania
https://www.ubereats.com/philadelphia/food-delivery/premium-1-pizza/65w_armaTq6S2e707cOF6w,melrose-park-pennsylvania
https://www.ubereats.com/philadelphia/food-delivery/wendys-733-huntingdon-pike/aG8Za1sVTyStCibnegjrCg,melrose-park-pennsylvania
https://www.ubereats.com/philadelphia/food-delivery/taco-bell-430-york-rd/_mik6oYzToik9YXDmtRYxQ,melrose-park-pennsylvania
https://www.ubereats.com/philadelphia/food-delivery/chef-ariqs-spot-2/bUJR7QulSDW1hXvwvhEcVw,melrose-park-pennsylvania
https://www.ubereats.com/philadelphia/food-delivery/all-the-way-live/QBuapbjlRIKV1zOe8A5jXw,melrose-park-pennsylvania
https://www.ubereats.com/philadelphia/food-delivery/jamaican-ish/izXLQLvXTfeKF05io7I0AA,melrose-park-pennsylvania
https://www.ubereats.com/philadelphia/food-delivery/the-stand-phila/N9eltrqESYSUWfgWwbUh1Q,melrose-park-pennsylvania
https://www.ubereats.com/philadelphia/food-delivery/dunkin-7104-ridge-ave/Z99kmEOKQoK_0nAzfnj2qg,melrose-park-pennsylvania
https://www.ubereats.com/philadelphia/food-delivery/nickis-lunch-box-inc/rNPA7OEvR-24TZm9vcYseA,melrose-park-pennsylvania
https://www.ubereats.com/philadelphia/food-delivery/new-wong-kitchen/GYrPJgEvRfqrzyCrrONBKA,melrose-park-pennsylvania
https://www.ubereats.com/philadelphia/food-delivery/han-dynasty-manayunk/7GhX6PUDSTCeB5em4Fo3Og,melrose-park-pennsylvania
https://www.ubereats.com/philadelphia/food-delivery/dunkin-2998-a-welsh-rd/T4LozuwuRLyFYjoDiTp7OA,melrose-park-pennsylvania
https://www.ubereats.com/philadelphia/food-delivery/guate-gualan-restaurant/r-VlmlfGTqunMFruuvAcsg,melrose-park-pennsylvania
https://www.ubereats.com/philadelphia/food-delivery/pronto-uno-pizza/dA2U8xYRRW2l2C1mQhwAkQ,melrose-park-pennsylvania
https://www.ubereats.com/philadelphia/food-delivery/nanas-soul-kitchen-and-catering/lZ-VJqD4S1iqLeBIpiVSjA,melrose-park-pennsylvania
https://www.ubereats.com/philadelphia/food-delivery/saladworks-2385-w-cheltenham-avenue/p0xyAvglR2ujbGRuFmXQDQ,melrose-park-pennsylvania
https://www.ubereats.com/philadelphia/food-delivery/burger-king-5921-rising-sun-avenue/zOXj8cXPQEOakrF5-ulujQ,melrose-park-pennsylvania
https://www.ubereats.com/philadelphia/food-delivery/kitchen-bar/cSUewXVIRGqYvdNExNvhNQ,melrose-park-pennsylvania
https://www.ubereats.com/philadelphia/food-delivery/burger-bytes-phi04-1/xNQbuaSGQTK3iPntRZCUTQ,melrose-park-pennsylvania
https://www.ubereats.com/philadelphia/food-delivery/kfc-taco-bell-4001-n-5th-st/FNQG7LgyT7GC401zBx-gow,melrose-park-pennsylvania
https://www.ubereats.com/philadelphia/food-delivery/kickn-shrimp-%26-chickn/sq1B2zS5REisqF2F_jikSQ,melrose-park-pennsylvania
https://www.ubereats.com/philadelphia/food-delivery/starbucks-huntingdon-valley-shopping-center/SQi6fB9fR9miGKHedrgBHA,melrose-park-pennsylvania
https://www.ubereats.com/philadelphia/food-delivery/little-jimmies-bakery-cafe/SHOajmu6RuuhQ7TF5HWkPA,melrose-park-pennsylvania
https://www.ubereats.com/philadelphia/food-delivery/lemon-grass/UVqIRFDMSPq7pTGm97n2tA,melrose-park-pennsylvania
https://www.ubereats.com/philadelphia/food-delivery/dunkin-81-cheltenham-ave/9xFc24QsQ1ee-8V7wGv0uA,melrose-park-pennsylvania
https://www.ubereats.com/philadelphia/food-delivery/bills-family-pizza/-eSnbib1RiKnpJOtDFDd0w,melrose-park-pennsylvania
https://www.ubereats.com/philadelphia/food-delivery/paprika-halal-restaurant/6W-hCXpURzu7jyq1RZnBRg,melrose-park-pennsylvania
https://www.ubereats.com/philadelphia/food-delivery/mcdonalds-germantown/CqNHBhnIQhKuDbJ61vYzyg,melrose-park-pennsylvania
https://www.ubereats.com/philadelphia/food-delivery/haggerty-deli/6eCZOnQzSxWMMkxFqnCMLg,melrose-park-pennsylvania
https://www.ubereats.com/philadelphia/food-delivery/the-union-tap/8sMlCu9lSHunyx_SVCIJ-Q,melrose-park-pennsylvania
https://www.ubereats.com/philadelphia/food-delivery/pizza-point/pZ0CIHhmTWKiM9adNI3FUA,melrose-park-pennsylvania
https://www.ubereats.com/philadelphia/food-delivery/all-the-way-live/lbQoqij7SRe_3WY0olXYyg,melrose-park-pennsylvania
https://www.ubereats.com/philadelphia/food-delivery/dunkin-6391-oxford-ave/OZh5wB0pSPKSOqC_ptT5zw,melrose-park-pennsylvania
https://www.ubereats.com/philadelphia/food-delivery/panda-express-4600-roosevelt/FdJOF-7lQz6TZnre0HCgrw,melrose-park-pennsylvania
https://www.ubereats.com/philadelphia/food-delivery/crown-fried-chicken-stenton-ave/3o_EFBntTT6LeOJ-gJjw6Q,melrose-park-pennsylvania
https://www.ubereats.com/philadelphia/food-delivery/kabobi/J5skPbJmRbSIIB5RyBeLXQ,melrose-park-pennsylvania
https://www.ubereats.com/philadelphia/food-delivery/luns-asia-chef/ioRroengTzK4JE-iSLizfw,melrose-park-pennsylvania
https://www.ubereats.com/philadelphia/food-delivery/veelicious-eatery/R4ylD7FRSGak5p56ItQfyw,melrose-park-pennsylvania
https://www.ubereats.com/philadelphia/food-delivery/dunkin-5901-rising-sun-ave/zm8ofe3mTy28feirPe80wA,melrose-park-pennsylvania
https://www.ubereats.com/philadelphia/food-delivery/cray-taste/GrjPgoXIQ_-6hQYrKuGH_w,melrose-park-pennsylvania
https://www.ubereats.com/philadelphia/food-delivery/yummy-house/gL0fg8_7TtyWTvDI6Vk1Hg,melrose-park-pennsylvania
https://www.ubereats.com/philadelphia/food-delivery/tiffin-indian-cuisine-york-rd/rC_aZ3s8SmacENPbr49U1A,melrose-park-pennsylvania
https://www.ubereats.com/philadelphia/food-delivery/outback-steakhouse-322-ridge-pike/7fodyAvgTwe10-HUmUfEkA,melrose-park-pennsylvania
https://www.ubereats.com/philadelphia/food-delivery/kfc-161-w-chelten-ave/n-Fv9Nd1QHmz_A15wKU4bQ,melrose-park-pennsylvania
https://www.ubereats.com/philadelphia/food-delivery/lasade/F7rkbdzAScGxSpXgNCh_Eg,melrose-park-pennsylvania
https://www.ubereats.com/philadelphia/food-delivery/audreys-caribbean-kitchen/QQN-wixKQxKjZckC5mlyrg,melrose-park-pennsylvania
https://www.ubereats.com/philadelphia/food-delivery/saladworks-1321b-fairview-blvd/sTJ6OHRHTayrl95CRIt6dg,melrose-park-pennsylvania
https://www.ubereats.com/philadelphia/food-delivery/chipotle-mexican-grill-1673-limekiln-pike/LEBDp9VpSIKU3EY4Nbehzw,melrose-park-pennsylvania
https://www.ubereats.com/philadelphia/food-delivery/jays-blends/Bw0z5_bcQMWrciidLcOQNA,melrose-park-pennsylvania
https://www.ubereats.com/philadelphia/food-delivery/mister-ricks/qzcbNcZiREW3tkSDhEtmUg,melrose-park-pennsylvania
https://www.ubereats.com/philadelphia/food-delivery/sona-pub-%26-kitchen/IlCeRtfMRoyrkrLVSnYFAQ,melrose-park-pennsylvania
https://www.ubereats.com/philadelphia/food-delivery/ginza-japanese-restaurant/5Nrn3SrHRamdR44sG_fJfw,melrose-park-pennsylvania
https://www.ubereats.com/philadelphia/food-delivery/dunkin-9834-bustleton-ave/4agRfIUUTYiPCBC1E9AFqA,melrose-park-pennsylvania
https://www.ubereats.com/philadelphia/food-delivery/delicias-dominicana/AIa3eYHKTzu4cTstN96Q9Q,melrose-park-pennsylvania
https://www.ubereats.com/philadelphia/food-delivery/hotpot-cuisine/YepCssz4T3Oo4QqCBTKddQ,melrose-park-pennsylvania
https://www.ubereats.com/philadelphia/food-delivery/manhattan-bagel-willow-grove-200-york-rd/vvd4PV8aSFqzRzLtTLmXmg,melrose-park-pennsylvania
https://www.ubereats.com/philadelphia/food-delivery/subway-4600-e-roosevelt-blvd-bldg-g/rVlcRpqPRHChmFmhm9CTMQ,melrose-park-pennsylvania
https://www.ubereats.com/philadelphia/food-delivery/cym-island-kitchen/9q4yCk8uToGQ_lFQtaBiyQ,melrose-park-pennsylvania
https://www.ubereats.com/philadelphia/food-delivery/applebees-323-old-york-rd/Xg826uD4Srm_SzCBH3Pv_w,melrose-park-pennsylvania
https://www.ubereats.com/philadelphia/food-delivery/moonstruck-restaurant/Y-vgw9nhSea1Qo-ZV6hdEw,melrose-park-pennsylvania
https://www.ubereats.com/philadelphia/food-delivery/sip-station/Pu2SHwNTRm-aogProM4X7g,melrose-park-pennsylvania
https://www.ubereats.com/philadelphia/food-delivery/cucina-caribe/DhOZNScqQKqQzJOsDJWjCA,melrose-park-pennsylvania
https://www.ubereats.com/philadelphia/food-delivery/chef-vargas-breakfast/Ie7JjZ7WR_eKzIw78qxWqw,melrose-park-pennsylvania
https://www.ubereats.com/philadelphia/food-delivery/the-red-rooster-inn/i-vQqGiZRWKsqO9kJ4KhwA,melrose-park-pennsylvania
https://www.ubereats.com/philadelphia/food-delivery/united-chicken-%26-seafood-broad-%26-olney/l0QDEEOMTMiKf3QFojh1nw,melrose-park-pennsylvania
https://www.ubereats.com/philadelphia/food-delivery/ritas-italian-ice/iThdVm_8QmOP6MJN9Gs5YQ,melrose-park-pennsylvania
https://www.ubereats.com/philadelphia/food-delivery/newmans-grill/-W3EmFtUS4K277YF8yos1Q,melrose-park-pennsylvania
https://www.ubereats.com/philadelphia/food-delivery/philly-burger-house/FaRp-qBbQ06Ge9opN7iy-A,melrose-park-pennsylvania
https://www.ubereats.com/philadelphia/food-delivery/corfu-pizza/eM9FtwAGSkCTuQthzS-aGg,melrose-park-pennsylvania
https://www.ubereats.com/philadelphia/food-delivery/checkers-3500-aramingo-ave/6GD2eSCpS6SD5m6PjCQ7Qw,melrose-park-pennsylvania
https://www.ubereats.com/philadelphia/food-delivery/china-house/bEYcbmoCTVG8WiokNDY2SA,melrose-park-pennsylvania
https://www.ubereats.com/philadelphia/food-delivery/las-3-rancheritas/d2dPQMPERYaa5yXOHccnJA,melrose-park-pennsylvania
https://www.ubereats.com/philadelphia/food-delivery/dunkin-4700-n-broad-st/q64w3zmaTpuxhI1jw6PydA,melrose-park-pennsylvania
https://www.ubereats.com/philadelphia/food-delivery/outback-steakhouse-610-old-york-road/afo0PHPqStybgteLv_nqPQ,melrose-park-pennsylvania
https://www.ubereats.com/philadelphia/food-delivery/ogontz-kitchen/teEKkXPPQNa8uHIUWwHJ8g,melrose-park-pennsylvania
https://www.ubereats.com/philadelphia/food-delivery/a-lagosta/R3_rWqysRwevlpAlH2XPfg,melrose-park-pennsylvania
https://www.ubereats.com/philadelphia/food-delivery/dunkin-7512-bustleton-ave/tGJs3JCcR-yMyr-Zf5kZww,melrose-park-pennsylvania
https://www.ubereats.com/philadelphia/food-delivery/sang-kee-asian-kitchen/irRxEescSW6jSssw7p5Guw,melrose-park-pennsylvania
https://www.ubereats.com/philadelphia/food-delivery/starbucks-dresher/ZXJnZpv7RnCZIN2xLrOXQA,melrose-park-pennsylvania
https://www.ubereats.com/philadelphia/food-delivery/lemoncello/me2FUMviRLu-CtLTSoFHMg,melrose-park-pennsylvania
https://www.ubereats.com/philadelphia/food-delivery/just-delish/k_kPrxW5TlebvLUTm3ijqQ,melrose-park-pennsylvania
https://www.ubereats.com/philadelphia/food-delivery/dunkin-2327-cottman-ave/rcs9fmCKQTe39nOoPwx4UQ,melrose-park-pennsylvania
https://www.ubereats.com/philadelphia/food-delivery/normas-caribbean-cuisine/QVMEdAgfSdawhZEDA7HruQ,melrose-park-pennsylvania
https://www.ubereats.com/philadelphia/food-delivery/georgian-bread-%26-cuisine/FEU0qyirTcirw6oZ-iZ1cg,melrose-park-pennsylvania
https://www.ubereats.com/philadelphia/food-delivery/bleu-soul-fine-dining/_hoWrvAtQpyUqfJicq3Pjg,melrose-park-pennsylvania
https://www.ubereats.com/philadelphia/food-delivery/lahore-junction/f7J06LhHQ9KBYQhS6zIDrw,melrose-park-pennsylvania
https://www.ubereats.com/philadelphia/food-delivery/dagwoods-pub/UiHbhQO2RB6MYtjdakdYWQ,melrose-park-pennsylvania
https://www.ubereats.com/philadelphia/food-delivery/five-brothers-bakery-restaurant/hBhCnBSERhKaN-XhZGwZeg,melrose-park-pennsylvania
https://www.ubereats.com/philadelphia/food-delivery/the-juice-room/Luos7EsNRLaNOInQhrNUow,melrose-park-pennsylvania
https://www.ubereats.com/philadelphia/food-delivery/nicetown-grill/vfMIp1WCQ32BjzzJc5_8Lg,melrose-park-pennsylvania
https://www.ubereats.com/philadelphia/food-delivery/burger-king-9220-frankford-avenue/-9HPqA9lQlSZIfGz9EJfxQ,melrose-park-pennsylvania
https://www.ubereats.com/philadelphia/food-delivery/bravos-pizza-%26-seafood-house/kYK_JUoJQsOLOXoI2Yg0cQ,melrose-park-pennsylvania
https://www.ubereats.com/philadelphia/food-delivery/smileys-soul-food-catering/pO_wQCrmQECyrG97iNZuKw,melrose-park-pennsylvania
https://www.ubereats.com/philadelphia/food-delivery/chicbees-kryspy-krunchy-chicken/SwdHhV6vTvG2yWbc6ZfqYA,melrose-park-pennsylvania
https://www.ubereats.com/philadelphia/food-delivery/florida-boy-barbecue/qEIbrMRNRyybT6h0B3hWHA,melrose-park-pennsylvania
https://www.ubereats.com/philadelphia/food-delivery/dunkin-2-township-line-rd/beONL0_KQ7e8-UqWh_1Wgg,melrose-park-pennsylvania
https://www.ubereats.com/philadelphia/food-delivery/el-rinconcito-restaurant-adams/eT3FKf3-Qmu7b0Mbz8_SCg,melrose-park-pennsylvania
https://www.ubereats.com/philadelphia/food-delivery/the-burger-joint/FAexWekxRjmFmvKNjigTOw,melrose-park-pennsylvania
https://www.ubereats.com/philadelphia/food-delivery/quality-soul/51q4UCTWRmu8k_B2r_UToQ,melrose-park-pennsylvania
https://www.ubereats.com/philadelphia/food-delivery/arbys-4208-us-route-130/Q1i5JwswREaPEY7zUdK4ZQ,melrose-park-pennsylvania
https://www.ubereats.com/philadelphia/food-delivery/pasquallys-pizza-%26-wings-9175-roosevelt-blvd-%232/ep3Yz37BRoCSMleKQoiRAA,melrose-park-pennsylvania
https://www.ubereats.com/philadelphia/food-delivery/mamas-caribbean-tasty-dish/mNoKmH8oR2KmuW2zJiRjyw,melrose-park-pennsylvania
https://www.ubereats.com/philadelphia/food-delivery/galaxy-pizza/A-6yz45yR0eEZ0nWdsSDJQ,melrose-park-pennsylvania
https://www.ubereats.com/philadelphia/food-delivery/wawa-8006-6800-rising-sun-ave/hwAcceDATNqBDIfLhtlIVw,melrose-park-pennsylvania
https://www.ubereats.com/philadelphia/food-delivery/fresh-farm-market/j1ov7dUrQq298yt8mkmKoA,melrose-park-pennsylvania
https://www.ubereats.com/philadelphia/food-delivery/kfc-6240-stenton-avenue/0kkR6h24RtePwSr2cetDKQ,melrose-park-pennsylvania
https://www.ubereats.com/philadelphia/food-delivery/wing-city/VYnCBARERByHYhBnF_bnMw,melrose-park-pennsylvania
https://www.ubereats.com/philadelphia/food-delivery/red-wine-restaurant-%26-steakhouse/cocF_d-AQK2BeYUr6wxp3Q,melrose-park-pennsylvania
https://www.ubereats.com/philadelphia/food-delivery/kfc-taco-bell-3032-north-broad-st/s6nmzJqBRwaYsHoOvMcvjw,melrose-park-pennsylvania
https://www.ubereats.com/philadelphia/food-delivery/calle-del-sabor/HYbX3eqjRcmj70bIE6-rww,melrose-park-pennsylvania
https://www.ubereats.com/philadelphia/food-delivery/leilas-restaurant-%26-bar/ccYGWV1-TsWvZMYNfbr1pw,melrose-park-pennsylvania
https://www.ubereats.com/philadelphia/food-delivery/the-pizza-pasta-house-ii/1hNTVjjXTKmwgHjzpfGi5A,melrose-park-pennsylvania
https://www.ubereats.com/philadelphia/food-delivery/nemi-mexican-restaurant/WezxoaP6S7Wzs3GgA19JmQ,melrose-park-pennsylvania
https://www.ubereats.com/philadelphia/food-delivery/factory-donuts/HAp7Y8PKSjOndbEvfuKFxw,melrose-park-pennsylvania
https://www.ubereats.com/philadelphia/food-delivery/dawson-street-pub/rAZEVKxQTpy8-lJBOD8vjQ,melrose-park-pennsylvania
https://www.ubereats.com/philadelphia/food-delivery/mango-bahia/k-3VHZ04RgahdRK3l77uuA,melrose-park-pennsylvania
https://www.ubereats.com/philadelphia/food-delivery/le-truck-seafood-and-soulfood/lSd4rXrASNiiBe-3q1Sn3A,melrose-park-pennsylvania
https://www.ubereats.com/philadelphia/food-delivery/liberty-bell-diner/G-VYsoQ2QEevCx93FmqZxg,melrose-park-pennsylvania
https://www.ubereats.com/philadelphia/food-delivery/breakfast-boutique-2/vGDBNoHrQf6qbBT5y17MjQ,melrose-park-pennsylvania
https://www.ubereats.com/philadelphia/food-delivery/tasteful-sensations-seafood-%26-soul-food/3UvR7_1AQtu3Gbze7jPBgg,melrose-park-pennsylvania
https://www.ubereats.com/philadelphia/food-delivery/soulfedphilly/LWrJi0DwTm-UyCwjavty-w,melrose-park-pennsylvania
https://www.ubereats.com/philadelphia/food-delivery/starbucks-jenkintown/YkCOSb-9Q5-Q3AzNjHwkAQ,melrose-park-pennsylvania
https://www.ubereats.com/philadelphia/food-delivery/goree-nigerian-restaurant/XN4G4OEvR7mJpToVnzxy8Q,melrose-park-pennsylvania
https://www.ubereats.com/philadelphia/food-delivery/rebel-wings-phi04-1/x8BmG_dCTXuXEJcZft0vIQ,melrose-park-pennsylvania
https://www.ubereats.com/philadelphia/food-delivery/stenton-pizza-and-grill/QZu6TjONQqiaV8j5BHmSLQ,melrose-park-pennsylvania
https://www.ubereats.com/philadelphia/food-delivery/manhattan-bagel-hatboro/NRVTeaarTDix0p9BRa1NGA,melrose-park-pennsylvania
https://www.ubereats.com/philadelphia/food-delivery/tims-bagel/o74EnkK1STuBANFTak1YqQ,melrose-park-pennsylvania
https://www.ubereats.com/philadelphia/food-delivery/dunkin-2749-w-hunting-park-ave/JxnIOwDrSySpMu1AKxHLbQ,melrose-park-pennsylvania
https://www.ubereats.com/philadelphia/food-delivery/wingstop-3001-e-cheltenham-ave/yJuEXBVXQSKx7izrOF25BA,melrose-park-pennsylvania
https://www.ubereats.com/philadelphia/food-delivery/sals-crab-market-broad-st/lJnoTZOVRoCEDgOagcS8Kg,melrose-park-pennsylvania
https://www.ubereats.com/philadelphia/food-delivery/millers-ale-house-willow-grove/KErX-VGgTUaUwzSpkyCUkw,melrose-park-pennsylvania
https://www.ubereats.com/philadelphia/food-delivery/pho-saigon/AmUP-GXaRJyMaAXBv2Axyw,melrose-park-pennsylvania
https://www.ubereats.com/philadelphia/food-delivery/thang-long-pho-restaurant/bGeVguQsQkeQRz876Ax2Rw,melrose-park-pennsylvania
https://www.ubereats.com/philadelphia/food-delivery/station-wing-house/1XiwqYnLR8iGSdkuXBsGtQ,melrose-park-pennsylvania
https://www.ubereats.com/philadelphia/food-delivery/chat-on-chew/lZMejes8QNCLs-HGkRlxkg,melrose-park-pennsylvania
https://www.ubereats.com/philadelphia/food-delivery/panasian-chinese-food/Eo5HIy7IQLG4-1ss0l2ktA,melrose-park-pennsylvania
https://www.ubereats.com/philadelphia/food-delivery/mcdonalds-philly-8901frank/B-fQpJrRT0O56S8ugih8Ig,melrose-park-pennsylvania
https://www.ubereats.com/philadelphia/food-delivery/tony-express-lunch-truck-temple-u/FSBuJw0cQyec5CW_1TYwvw,melrose-park-pennsylvania
https://www.ubereats.com/philadelphia/food-delivery/the-ice-cream-shop/UZ8FN2xGROe6h2blkQj7SA,melrose-park-pennsylvania
https://www.ubereats.com/philadelphia/food-delivery/los-potrillos-restaurant/8f90E8-GRHOnsfKh0Y7SQQ,melrose-park-pennsylvania
https://www.ubereats.com/philadelphia/food-delivery/khan%60s-gyro-%26-chicken/r_apP8sqRJ-uz3S8HPNZWg,melrose-park-pennsylvania
https://www.ubereats.com/philadelphia/food-delivery/barkleys-bbq/7DSFwWdDTzGy0TLWnbIKJg,melrose-park-pennsylvania
https://www.ubereats.com/philadelphia/food-delivery/supreme-pizzeria-and-bakery/GKCMEZV2T_-CQ0hd2VgOgA,melrose-park-pennsylvania
https://www.ubereats.com/philadelphia/food-delivery/burger-king-6100-frankford-avenue/TDPE99utS12XbrGCKKnJrg,melrose-park-pennsylvania
https://www.ubereats.com/philadelphia/food-delivery/%40ramen/Co2ViZe_S7yfWtp8fu_U7g,melrose-park-pennsylvania
https://www.ubereats.com/philadelphia/food-delivery/301-bonefish-grill-1015-easton-rd/Fbl-vaOuRkWPY4Pyv1TJXw,melrose-park-pennsylvania
https://www.ubereats.com/philadelphia/food-delivery/main-garden/WUMwWfRwTJam8ZrYMGKvMg,melrose-park-pennsylvania
https://www.ubereats.com/philadelphia/food-delivery/dunkin-5753-wayne-ave/0QKMsAVSSgy_IfmY0YMvOA,melrose-park-pennsylvania
https://www.ubereats.com/philadelphia/food-delivery/dinapolipizza/wDlZsi6_TU69q1KNwD1oBw,melrose-park-pennsylvania
https://www.ubereats.com/philadelphia/food-delivery/panda-house/LVyVx-lXRl2BidQnkqiwEA,melrose-park-pennsylvania
https://www.ubereats.com/philadelphia/food-delivery/germantown-bread-club/P4gNWFMeT1aspq5oUN5vYw,melrose-park-pennsylvania
https://www.ubereats.com/philadelphia/food-delivery/pre-pasta-rous/Fq78yNRITziItnrjeR8Gew,melrose-park-pennsylvania
https://www.ubereats.com/philadelphia/food-delivery/jumbos-cuisine/lpMgklFASs-nc4svTfwU2g,melrose-park-pennsylvania
https://www.ubereats.com/philadelphia/food-delivery/ritas-italian-ice-1923-e-hunting-park-ave/Mm0IiDXnQZayxoTE7HgMTg,melrose-park-pennsylvania
https://www.ubereats.com/philadelphia/food-delivery/la-calenita-bakery-cafe/5ph_uj_nSZ2NqowwN-xA1g,melrose-park-pennsylvania
https://www.ubereats.com/philadelphia/food-delivery/la-casa-pizza/G2A_I1o4ShmWr23IOqr6Sg,melrose-park-pennsylvania
https://www.ubereats.com/philadelphia/food-delivery/taco-bell-1061-rt-73/r9O_OmgxSx2UeIpzKS5ykg,melrose-park-pennsylvania
https://www.ubereats.com/philadelphia/food-delivery/hook-%26-reel-wyncote/sa-T6DyWTfiIQcRHUqKugg,melrose-park-pennsylvania
https://www.ubereats.com/philadelphia/food-delivery/island-taste-jamaican-restaurant/iv-IWIWBQQmTIsfbD8-_4A,melrose-park-pennsylvania
https://www.ubereats.com/philadelphia/food-delivery/kfc-3655-aramingo-ave/UrpJo7O6T7yPY3Wm5edwDw,melrose-park-pennsylvania
https://www.ubereats.com/philadelphia/food-delivery/red-house/_HPYl4g2Te6J3lM93X9PBA,melrose-park-pennsylvania
https://www.ubereats.com/philadelphia/food-delivery/dunkin-230-s-easton-rd/L_lxmdj1R36Gu-mOU-0dMg,melrose-park-pennsylvania
https://www.ubereats.com/philadelphia/food-delivery/burger-king-100-west-erie-avenue/UgVRxzRSSzuhdghfCBD5XA,melrose-park-pennsylvania
https://www.ubereats.com/philadelphia/food-delivery/general-tso/0B3--Na4S5WUYmuAEXh61w,melrose-park-pennsylvania
https://www.ubereats.com/philadelphia/food-delivery/crown-fried-chicken/h7TFNxViSvyWFsewp5BFvg,melrose-park-pennsylvania
https://www.ubereats.com/philadelphia/food-delivery/eastern-chinese-restaurant/GYcz9M-kQwOb14WDCcKqtQ,melrose-park-pennsylvania
https://www.ubereats.com/philadelphia/food-delivery/melany-deli-grocery-store/MUe753mlSUumqcu2FamkPg,melrose-park-pennsylvania
https://www.ubereats.com/philadelphia/food-delivery/mcdonalds-philly-710-adams/_XcwECJ9T2qNA4WHil96xQ,melrose-park-pennsylvania
https://www.ubereats.com/philadelphia/food-delivery/thai-basil/3vqTOFJtRNKAidOCY5HtMw,melrose-park-pennsylvania
https://www.ubereats.com/philadelphia/food-delivery/nerys-place/ngVARrfDT8iZMBcTw8VC7Q,melrose-park-pennsylvania
https://www.ubereats.com/philadelphia/food-delivery/philly-pretzel-factory-aramingo-ave/k-e8byKbQZu_kpkrD6kG5g,melrose-park-pennsylvania
https://www.ubereats.com/philadelphia/food-delivery/wendys-2441-w-cheltenham-avenue/-UgVGXbJQt-tTwuiY4b-pQ,melrose-park-pennsylvania
https://www.ubereats.com/philadelphia/food-delivery/rising-sun-chinese-restaurant/btrNik8iSySaNLRUqZVBGg,melrose-park-pennsylvania
https://www.ubereats.com/philadelphia/food-delivery/pizza-%26-steak-master/VFkMtH55SBKglV_zgVmz7A,melrose-park-pennsylvania
https://www.ubereats.com/philadelphia/food-delivery/dunkin-5401-n-5th-st/UYOKxVJkR8qFBStb2GIy0g,melrose-park-pennsylvania
https://www.ubereats.com/philadelphia/food-delivery/palm-tree-deli-%26-market/L3kuHf_ZT2asvH8MFEcSzA,melrose-park-pennsylvania
https://www.ubereats.com/philadelphia/food-delivery/quality-soul/iOamajyvSz-N3D4bscGYRA,melrose-park-pennsylvania
https://www.ubereats.com/philadelphia/food-delivery/the-grey-lodge-pub/dpKIZdY0SlelJSbAd3jndQ,melrose-park-pennsylvania
https://www.ubereats.com/philadelphia/food-delivery/wendys-901-cottman-avenue/GWgitz_JQEK4_qPnFaWnEw,melrose-park-pennsylvania
https://www.ubereats.com/philadelphia/food-delivery/bananas-876-bar-and-lounge/bVRMIMXzRByN-Da2SOgfew,melrose-park-pennsylvania
https://www.ubereats.com/philadelphia/food-delivery/texas-chicken-%26-burgers-3960-kensington-ave/ClyLaTzmTPCswi-zzDfdQw,melrose-park-pennsylvania
https://www.ubereats.com/philadelphia/food-delivery/lawncrest-family-restaurant/EjyGuDwvQUivLHL5PbPvrQ,melrose-park-pennsylvania
https://www.ubereats.com/philadelphia/food-delivery/brick-house-tavern-%2B-tap-2402-easton-road/TOsDeLInRZ6uHAri3ENRuA,melrose-park-pennsylvania
https://www.ubereats.com/philadelphia/food-delivery/china-bowl/CxwgAJ9QSSG1YtBOi2EhKw,melrose-park-pennsylvania
https://www.ubereats.com/philadelphia/food-delivery/shaunas-restaurant-%26-banquet-hall/3puuZmO3SIygxsxod7PXSA,melrose-park-pennsylvania
https://www.ubereats.com/philadelphia/food-delivery/lucky-star-asian-cuisine/K8nFtE4gSrmS2GE76MP-bQ,melrose-park-pennsylvania
https://www.ubereats.com/philadelphia/food-delivery/sams-deli-and-mini-market/fO8MtQ0RTuiJy4mTvnoAWg,melrose-park-pennsylvania
https://www.ubereats.com/philadelphia/food-delivery/timmy-ds-deli-catering/zPW2wlk8R0GW0g_wccokug,melrose-park-pennsylvania
https://www.ubereats.com/philadelphia/food-delivery/the-ice-cream-shop-melrose-park/RxlecBl4Ta6d7WsFVotE-g,melrose-park-pennsylvania
https://www.ubereats.com/philadelphia/food-delivery/dunkin-9490-blue-grass-rd/_gkugw3mRTiLcvDtflQ-5w,melrose-park-pennsylvania
https://www.ubereats.com/philadelphia/food-delivery/fuji-asian/abZHpa0KSL21HQ1pgGdlBg,melrose-park-pennsylvania
https://www.ubereats.com/philadelphia/food-delivery/far-east-chinese-cuisine/-sSw7KCiQzOeD4GHHgrL6w,melrose-park-pennsylvania
https://www.ubereats.com/philadelphia/food-delivery/lincoln-chicken-and-burger/QCklM6vJRrGc0EWmalgejA,melrose-park-pennsylvania
https://www.ubereats.com/philadelphia/food-delivery/the-fresh-works-holme-avenue/pOWLRdxOTlaJsopAc-mQ1w,melrose-park-pennsylvania
https://www.ubereats.com/philadelphia/food-delivery/millers-ale-house-philadelphia/-6SJUhUsSqmVZ_6ScEwWww,melrose-park-pennsylvania
https://www.ubereats.com/philadelphia/food-delivery/goubaa-grub/PPzszRCoTmiHJSNcSaL9Yw,melrose-park-pennsylvania
https://www.ubereats.com/philadelphia/food-delivery/ny-bagel-cafe-%26-deli/2YN5rKQeQqGFv6dF2J2crQ,melrose-park-pennsylvania
https://www.ubereats.com/philadelphia/food-delivery/chef-vargas/lk-kJAUAQCWENZZPVGgNCQ,melrose-park-pennsylvania
https://www.ubereats.com/philadelphia/food-delivery/texas-chicken-%26-burgers-cottman-ave/4BNzcjCESgC0cnqc6Fc3HQ,melrose-park-pennsylvania
https://www.ubereats.com/philadelphia/food-delivery/queen-pizza/DPQF69SpRt-cp8hZzkfnHQ,melrose-park-pennsylvania
https://www.ubereats.com/philadelphia/food-delivery/heritage/g4at-XTLSiuqaLR2Gsr3YQ,melrose-park-pennsylvania
https://www.ubereats.com/philadelphia/food-delivery/lucky-garden-chinese-restaurant/ZpKNcvjIRuezWYBY-hoYzQ,melrose-park-pennsylvania
https://www.ubereats.com/philadelphia/food-delivery/dunkin-1630-e-wadsworth-ave/9nXvme29T6CPWVjcA8rteA,melrose-park-pennsylvania
https://www.ubereats.com/philadelphia/food-delivery/meson-restaurant/vJr3WJv4TmaBbTSf3UMmAw,melrose-park-pennsylvania
https://www.ubereats.com/philadelphia/food-delivery/new-london-pizza-wyoming-ave/VT-Jah10Qqm9nJxT1JUmIg,melrose-park-pennsylvania
https://www.ubereats.com/philadelphia/food-delivery/popeyes-chelten-ave/hT-wO0UwRW-7lhbrR1-pYA,melrose-park-pennsylvania
https://www.ubereats.com/philadelphia/food-delivery/dr-wutzits-wonder-balls/GIvhlCbmRwiH4gtyUrsC_A,melrose-park-pennsylvania
https://www.ubereats.com/philadelphia/food-delivery/rodney-food-market/H7fzfJKMSg-23qxmaYk8rg,melrose-park-pennsylvania
https://www.ubereats.com/philadelphia/food-delivery/el-bochinche-restaurant/LTI3OixxS6yttwuulCYQIw,melrose-park-pennsylvania
https://www.ubereats.com/philadelphia/food-delivery/chipotle-mexican-grill-2327-cottman-ave/Ml6Mj1NCTwOnze2UZ90Z7Q,melrose-park-pennsylvania
https://www.ubereats.com/philadelphia/food-delivery/dunkin-3501-aramingo-ave/VvAjeDIuTveNEkazX4Ceeg,melrose-park-pennsylvania
https://www.ubereats.com/philadelphia/food-delivery/wendys-2301-cottman-avenue/rsGZqTUHSby7SBPFTo8Vng,melrose-park-pennsylvania
https://www.ubereats.com/philadelphia/food-delivery/pho-don/o-x-Qj3wR4ePJ65Vp89oPQ,melrose-park-pennsylvania
https://www.ubereats.com/philadelphia/food-delivery/ritas-of-grant-avenue-1709-grant-ave/_ij35M6OSUmqlqtbLCcGfw,melrose-park-pennsylvania
https://www.ubereats.com/philadelphia/food-delivery/tommy-ds/PmBk8LThRTeaTcPg9hKxEQ,melrose-park-pennsylvania
https://www.ubereats.com/philadelphia/food-delivery/fop-lodge-5/4kBqRba8QbeB9jC92k5v6w,melrose-park-pennsylvania
https://www.ubereats.com/philadelphia/food-delivery/premium-two/gOF-W_WWSlCEWI0oIhwW-A,melrose-park-pennsylvania
https://www.ubereats.com/philadelphia/food-delivery/panaderia-mexicana-el-trebol/oJgl6s28QHWJcmA_s8qj4w,melrose-park-pennsylvania
https://www.ubereats.com/philadelphia/food-delivery/boston-market-9113-e-roosevelt-blvd/01aLAV1yQqywkDyKrxJm-g,melrose-park-pennsylvania
https://www.ubereats.com/philadelphia/food-delivery/2-in-one-cafe/tLG17UzOTXmAI7PV6D2esg,melrose-park-pennsylvania
https://www.ubereats.com/philadelphia/food-delivery/ds-caribbean-and-american/ad2ic6LuQTGF1ZOyPZX69g,melrose-park-pennsylvania
https://www.ubereats.com/philadelphia/food-delivery/kfc-9021-frankford-avenue/jNhZyyq4RN6OIsccQD6ykA,melrose-park-pennsylvania
https://www.ubereats.com/philadelphia/food-delivery/checkers-5427-oxford-ave/ERHTdT7mQ1a6WX2cZ8cN5A,melrose-park-pennsylvania
https://www.ubereats.com/philadelphia/food-delivery/dunkin-1403-w-cheltenham-ave/_hctq_2YQlmj3d63uE3gAg,melrose-park-pennsylvania
https://www.ubereats.com/philadelphia/food-delivery/wingstop-6391-oxford-ave/riVx01aFQf-5NFR2M1vJHg,melrose-park-pennsylvania
https://www.ubereats.com/philadelphia/food-delivery/churchs-chicken-5251-frankford-ave/TeLBwMkcSAur683OJ6W6xQ,melrose-park-pennsylvania
https://www.ubereats.com/philadelphia/food-delivery/dunkin-300-erie-ave/z19nJuLdTh-fMT2hEVMm1A,melrose-park-pennsylvania
https://www.ubereats.com/philadelphia/food-delivery/buckys-bar-%26-grill/XyQvi3I_Rr-i-nV9zYGy0g,melrose-park-pennsylvania
https://www.ubereats.com/philadelphia/food-delivery/mr-pizza/t_yTjlKkSmeYtMAPvegs1w,melrose-park-pennsylvania
https://www.ubereats.com/philadelphia/food-delivery/sahabah-coffee-sweets-and-sandwiches/llLcWbDpS56BNPrTjHj-yg,melrose-park-pennsylvania
https://www.ubereats.com/philadelphia/food-delivery/seafood-sensation/NWmVCu2pRVOEV3EAhxSgmA,melrose-park-pennsylvania
https://www.ubereats.com/philadelphia/food-delivery/soul-cuisine-cafe/eCTnqcMiQxi8iRmTiJvkcw,melrose-park-pennsylvania
https://www.ubereats.com/philadelphia/food-delivery/ively-restaurant/h_zdI9A6R-yrjdC5V4B8_w,melrose-park-pennsylvania
https://www.ubereats.com/philadelphia/food-delivery/queijao-cheese-bread/2DxzCK74S4ieq9Vv3Xq3Xw,melrose-park-pennsylvania
https://www.ubereats.com/philadelphia/food-delivery/buckys-bar-%26-grill/9Q4VyQcxTaWgxz4GulFphA,melrose-park-pennsylvania
https://www.ubereats.com/philadelphia/food-delivery/krispy-krunchy-chicken-6865-rising-sun-ave/Go4PwIOEQE-bY4EsNlbgmQ,melrose-park-pennsylvania
https://www.ubereats.com/philadelphia/food-delivery/saladworks-phi04-2/S2ZlUixbQ66k_n0EtSHPzw,melrose-park-pennsylvania
https://www.ubereats.com/philadelphia/food-delivery/pupuseria-sabor-latino/wB6m7qWyR1C_ttUiEsN6ug,melrose-park-pennsylvania
https://www.ubereats.com/philadelphia/food-delivery/chef-li-hotpot-%E5%BA%AD%E8%AF%B4%E7%81%AB%E9%94%85/gSd3SOICRamtOHaarLUeCA,melrose-park-pennsylvania
https://www.ubereats.com/philadelphia/food-delivery/sanremos-pizza/bbd4ymbnR4SSjxJniOcxjA,melrose-park-pennsylvania
https://www.ubereats.com/philadelphia/food-delivery/dunkin-5233-torresdale-ave/FutJqfP0TNekhjFY6yap-Q,melrose-park-pennsylvania
https://www.ubereats.com/philadelphia/food-delivery/grill-n-dutchy/ENrrQI6DTqynev3iAMIgpw,melrose-park-pennsylvania
https://www.ubereats.com/philadelphia/food-delivery/mcdonalds-philly-bustleton/83WVPuKlTjewEOM3CYsfyg,melrose-park-pennsylvania
https://www.ubereats.com/philadelphia/food-delivery/wendys-5534-wayne-avenue/gCbI5m8fQMykr7j3wT2xQA,melrose-park-pennsylvania
https://www.ubereats.com/philadelphia/food-delivery/sucree/5z1y0x3uTL-ORnxrj5IIxw,melrose-park-pennsylvania
https://www.ubereats.com/philadelphia/food-delivery/ritas-italian-ice-1000-easton-rd/mo8EKuP8Qfidd4cQT-mm3w,melrose-park-pennsylvania
https://www.ubereats.com/philadelphia/food-delivery/el-coqui-panaderia-y-reposteria/dzOJpvI8Sou8p27NI18lrA,melrose-park-pennsylvania
https://www.ubereats.com/philadelphia/food-delivery/tashias-cocktails-and-cuisine/u24w8ZYUS_GIbL-QJa6bjA,melrose-park-pennsylvania
https://www.ubereats.com/philadelphia/food-delivery/evelyns-cafe/mxGLny7fTAWCMf0j4CzOjA,melrose-park-pennsylvania
https://www.ubereats.com/philadelphia/food-delivery/phaby-patties/7riPyUZiScGh2l964PIO_g,melrose-park-pennsylvania
https://www.ubereats.com/philadelphia/food-delivery/little-mans-juice-bar-and-grill/2xwkkiHNQSa0Xng79KfE9w,melrose-park-pennsylvania
https://www.ubereats.com/philadelphia/food-delivery/circles-hall-inc/e3uNZOEBRiezNS6cj9x-6Q,melrose-park-pennsylvania
https://www.ubereats.com/philadelphia/food-delivery/burger-king-1624-cottman-avenue/mXl4jYHdS5aUCwDRMVmqhg,melrose-park-pennsylvania
https://www.ubereats.com/philadelphia/food-delivery/rumors-king-of-the-sea/AAANHOwoT7CiiTOKluzWFg,melrose-park-pennsylvania
https://www.ubereats.com/philadelphia/food-delivery/philly-pretzel-factory-glenside/NsF67kMFQEmyc5rCsJ5z0Q,melrose-park-pennsylvania
https://www.ubereats.com/philadelphia/food-delivery/ritas-italian-ice-136-huntingdon-pike/qoBa_D-cSFW1aA1-NtLTuw,melrose-park-pennsylvania
https://www.ubereats.com/philadelphia/food-delivery/seorabol-korean-restaurant/uuRS5R1ySE2G_MdTFI03-w,melrose-park-pennsylvania
https://www.ubereats.com/philadelphia/food-delivery/vinces-deli-2-inc/WHpWxvhKS1q1EJ55wrO3hA,melrose-park-pennsylvania
https://www.ubereats.com/philadelphia/food-delivery/union-tacos-bethlehem-pike/RHwGmh5nTO2whpU0jZez6A,melrose-park-pennsylvania
https://www.ubereats.com/philadelphia/food-delivery/perkins-restaurant-%26-bakery-grant-ave/B-0_MA2iSQmYj8-EGw4BMA,melrose-park-pennsylvania
https://www.ubereats.com/philadelphia/food-delivery/kfc-taco-bell-3981-kensington-avenue/WkyugcfpReCyw10kV0skPg,melrose-park-pennsylvania
https://www.ubereats.com/philadelphia/food-delivery/south-philly-italian-kitchen/VMl6U_k_TFq_oO0O7AknaA,melrose-park-pennsylvania
https://www.ubereats.com/philadelphia/food-delivery/halal-bites/6m6NPRZESGaDQ0-74OHyeg,melrose-park-pennsylvania
https://www.ubereats.com/philadelphia/food-delivery/prince-of-pizza-and-falafel/K6hmUMOBSPKIpX66rXHOtQ,melrose-park-pennsylvania
https://www.ubereats.com/philadelphia/food-delivery/americas-best-wings/r92_zVrRRFuyXiy3wQ4BlA,melrose-park-pennsylvania
https://www.ubereats.com/philadelphia/food-delivery/the-fig-cafe/BimI2EtQRaykP7m1Exd5DQ,melrose-park-pennsylvania
https://www.ubereats.com/philadelphia/food-delivery/menchies-frozen-yogurt-9173-roosevelt-blvd/ZuGj6fLZRTmBfOoVrLDDYA,melrose-park-pennsylvania
https://www.ubereats.com/philadelphia/food-delivery/bonners-irish-pub/NAnp79rkS-K1YIz_QchAqw,melrose-park-pennsylvania
https://www.ubereats.com/philadelphia/food-delivery/jamils-cafe/DOU6effKTimcY7iCGowbiQ,melrose-park-pennsylvania
https://www.ubereats.com/philadelphia/food-delivery/zoes-kitchen-151-york-road/kmO6K3fMQyWZGf6PEpQmVQ,melrose-park-pennsylvania
https://www.ubereats.com/philadelphia/food-delivery/wendys-700-e-hunting-park/3x0cu3nQRS28ZzzJqijAWw,melrose-park-pennsylvania
https://www.ubereats.com/philadelphia/food-delivery/ban-ban-asian-bistro/UT3d03oeRt2gFR9n_yQzEg,melrose-park-pennsylvania
https://www.ubereats.com/philadelphia/food-delivery/dunkin-6191-ridge-ave/kkTk9twIS62QUMv9xnyp6Q,melrose-park-pennsylvania
https://www.ubereats.com/philadelphia/food-delivery/big-ben-pizza/E2RJe_0HQ16mXZzIu20png,melrose-park-pennsylvania
https://www.ubereats.com/philadelphia/food-delivery/ds-seafood-vr-whitaker-ave-lunch-truck/FCqU0kiPTYK8znFP62du5w,melrose-park-pennsylvania
https://www.ubereats.com/philadelphia/food-delivery/philly-pretzel-factory-cottman-ave/IsI1eP1vRxGiddgR1T72PQ,melrose-park-pennsylvania
https://www.ubereats.com/philadelphia/food-delivery/neighborhood-convenience-store/TLGomUicRA-Ei6VzEc7Nww,melrose-park-pennsylvania
https://www.ubereats.com/philadelphia/food-delivery/crown-fried-chicken/Phy40iWSQwCMw9HEMCDIKQ,melrose-park-pennsylvania
https://www.ubereats.com/philadelphia/food-delivery/popeyes-cheltenham-ave/nLjtV41OQFerVASXreHiYQ,melrose-park-pennsylvania
https://www.ubereats.com/philadelphia/food-delivery/4-son-pizzeria/Sf7redTjQ7qUBY0iWRt7iQ,melrose-park-pennsylvania
https://www.ubereats.com/philadelphia/food-delivery/uptown-seafood-caterers/L-t4TMzsTvGOqB2tIScTCA,melrose-park-pennsylvania
https://www.ubereats.com/philadelphia/food-delivery/sister-muhammads-kitchen/BhN31qJLTEiNFLiQtGZN9w,melrose-park-pennsylvania
https://www.ubereats.com/philadelphia/food-delivery/the-pancake-house/hZf1BtxbSvisSIgq67OSIg,melrose-park-pennsylvania
https://www.ubereats.com/philadelphia/food-delivery/germantown-crabhouse/oP1oQxDfQq-bE_UCLaFdsA,melrose-park-pennsylvania
https://www.ubereats.com/philadelphia/food-delivery/four-seasons-bakery/mb6ZZbA1ScGrtCOO8tVsXw,melrose-park-pennsylvania
https://www.ubereats.com/philadelphia/food-delivery/the-ice-cream-shop/nOS9xjjvQAGHCcJtWDcU_A,melrose-park-pennsylvania
https://www.ubereats.com/philadelphia/food-delivery/crown-deli-pennypack/D1r-pppnT-WuoRyLdBrVCg,melrose-park-pennsylvania
https://www.ubereats.com/philadelphia/food-delivery/relish/yjjJaZqwQ2q0eXh3ImJwQA,melrose-park-pennsylvania
https://www.ubereats.com/philadelphia/food-delivery/asia-mix-restaurant/-q8_g01zTt6buxJlijKW0w,melrose-park-pennsylvania
https://www.ubereats.com/philadelphia/food-delivery/hunan-star/m6_6LdgkS1-mujphXLwB0w,melrose-park-pennsylvania
https://www.ubereats.com/philadelphia/food-delivery/wing-shop/SSUMDBBATzSwvAYYENfnkw,melrose-park-pennsylvania
https://www.ubereats.com/philadelphia/food-delivery/wawa-8080-8250-limekiln-pk/qam6SlluRmu3bs9qR5WRVw,melrose-park-pennsylvania
https://www.ubereats.com/philadelphia/food-delivery/breakfast-boutique-chestnut-hill/m267TTL0RPi8fSqcZY9LKg,melrose-park-pennsylvania
https://www.ubereats.com/philadelphia/food-delivery/heritage/s-u7erW5S_2n1Ud-qZEGVA,melrose-park-pennsylvania
https://www.ubereats.com/philadelphia/food-delivery/classic-sub-shop-and-pizza/NYUtXqr2T3uBVbXW6Yc7pA,melrose-park-pennsylvania
https://www.ubereats.com/philadelphia/food-delivery/saigon-noodle-bar/7TYdLElpSxmJ_AEF8SF-4g,melrose-park-pennsylvania
https://www.ubereats.com/philadelphia/food-delivery/al-salam-grill/T3HQVfFnT4S1PVhPfTg0Cg,melrose-park-pennsylvania
https://www.ubereats.com/philadelphia/food-delivery/ms-smokeys-wingz-%26-thingz/run4_LLDQb25DoY8kd3dRg,melrose-park-pennsylvania
https://www.ubereats.com/philadelphia/food-delivery/saladguys/7lEvn6xVRwGuzGtG5mmKfw,melrose-park-pennsylvania
https://www.ubereats.com/philadelphia/food-delivery/dunkin-7500-frankford-ave/gkV88eI8RgebWlcOBRaiuQ,melrose-park-pennsylvania
https://www.ubereats.com/philadelphia/food-delivery/soul-kitchen-5935/CExlBdRMQzCPNl9qWuKFow,melrose-park-pennsylvania
https://www.ubereats.com/philadelphia/food-delivery/five-guys-pa-0243-864-west-street-rd/NRibMokwRbaZAvnwQmRJCQ,melrose-park-pennsylvania
https://www.ubereats.com/philadelphia/food-delivery/dunkin-6017-n-broad-st/y9Q-da_qQNetpAM1TkOnOg,melrose-park-pennsylvania
https://www.ubereats.com/philadelphia/food-delivery/papa-johns-york-rd/AJRgB76WToaH60ZI7vD7Xg,melrose-park-pennsylvania
https://www.ubereats.com/philadelphia/food-delivery/saffron-indian-cuisines/eLzreasJTA6s2ouliRnK0g,melrose-park-pennsylvania
https://www.ubereats.com/philadelphia/food-delivery/jocelyn-grocery/bivs2SsoTLivnqZYlQsWAg,melrose-park-pennsylvania
https://www.ubereats.com/philadelphia/food-delivery/dragon-phoenix-house/zekwJbNdSJKZJ72W8gL7Ig,melrose-park-pennsylvania
https://www.ubereats.com/philadelphia/food-delivery/originals-italian-restaurant-%26-bar/GSfXLzFWSTmaVQc9nJZF7Q,melrose-park-pennsylvania
https://www.ubereats.com/philadelphia/food-delivery/mcdonalds-stenton-%26-haines/yHowlr12SluTpJbyFd_wCA,melrose-park-pennsylvania
https://www.ubereats.com/philadelphia/food-delivery/burger-king-5823-castor-ave/0WXnRfzNTSOc3HJM2P2GvQ,melrose-park-pennsylvania
https://www.ubereats.com/philadelphia/food-delivery/soul-of-africa-restaurant/SxC_M4KcR-KM36uGwyqXEQ,melrose-park-pennsylvania
https://www.ubereats.com/philadelphia/food-delivery/rangoli/ADU4PGLmQJOyj7YRw1zWZQ,melrose-park-pennsylvania
https://www.ubereats.com/philadelphia/food-delivery/torresdale-pizza/4bGX2cgYRyKKyRGXgzedog,melrose-park-pennsylvania
https://www.ubereats.com/philadelphia/food-delivery/jzs-fishwing/aT3opLu_QoCE_2cAgch3wQ,melrose-park-pennsylvania
https://www.ubereats.com/philadelphia/food-delivery/a-tutti/2bwOB36FQ6WGufq5d5eOkA,melrose-park-pennsylvania
https://www.ubereats.com/philadelphia/food-delivery/goubaa-grub-4600/FP-sJFm9S7OD4Rx-p6OjDA,melrose-park-pennsylvania
https://www.ubereats.com/philadelphia/food-delivery/8-brothers-meat-market-%26-deli/DbXAxK0aTW6aTtVPhUw16w,melrose-park-pennsylvania
https://www.ubereats.com/philadelphia/food-delivery/new-star-chinese/Xna2Gr1JRaCnvJ36BrerUA,melrose-park-pennsylvania
https://www.ubereats.com/philadelphia/food-delivery/sabor-de-maria-restaurant/hAwOrWmjQPaAmhmlxuAYAw,melrose-park-pennsylvania
https://www.ubereats.com/philadelphia/food-delivery/chickies-%26-petes-roosevelt-blvd/feEoj8v_TcaFEUlxKZ5dVQ,melrose-park-pennsylvania
https://www.ubereats.com/philadelphia/food-delivery/mcdonalds-philad-cottman/DnzEwUoLTMKBVRjsUXQIqg,melrose-park-pennsylvania
https://www.ubereats.com/philadelphia/food-delivery/so-korean-grill/pz42Qs5ITxWKFqW0aHrNhQ,melrose-park-pennsylvania
https://www.ubereats.com/philadelphia/food-delivery/la-casa-di-lucia/bnc4Uo9VRcuVNCc1dGUF6Q,melrose-park-pennsylvania
https://www.ubereats.com/philadelphia/food-delivery/andys-deli/d9slctxGTSWlr1FpZcsgCw,melrose-park-pennsylvania
https://www.ubereats.com/philadelphia/food-delivery/village-deli/BKt6igSBRLiPu4m38_h5qw,melrose-park-pennsylvania
https://www.ubereats.com/philadelphia/food-delivery/dreams-ice-cream-at-glenside/YZwsm367TxqpcI9O_7cfkA,melrose-park-pennsylvania
https://www.ubereats.com/philadelphia/food-delivery/trolley-car-cafe/9yUNhV70R0yygEQSrfbZRw,melrose-park-pennsylvania
https://www.ubereats.com/philadelphia/food-delivery/wendys-1710-limekiln-pike/SJg5fj6-QYG9OPHQAFbyxw,melrose-park-pennsylvania
https://www.ubereats.com/philadelphia/food-delivery/china-moon-8443-frankford-ave/QM03lwvMRXWABDs7vCQJzA,melrose-park-pennsylvania
https://www.ubereats.com/philadelphia/food-delivery/kfc-taco-bell-177-w-allegheny-ave/UOpNRHDoRQK6PyuT8Wy8tw,melrose-park-pennsylvania
https://www.ubereats.com/philadelphia/food-delivery/delhi-woks/6HRZjQp_TBC44qjUEWwVtw,melrose-park-pennsylvania
https://www.ubereats.com/philadelphia/food-delivery/dunkin-618-welsh-rd/thBRf6BTRb6bDY6mso7X-A,melrose-park-pennsylvania
https://www.ubereats.com/philadelphia/food-delivery/philly-bar-%26-restaurant/FfGo0Jp_TVGvB1TwPM-71Q,melrose-park-pennsylvania
https://www.ubereats.com/philadelphia/food-delivery/tipico-restaurant/PwoLpHqITUuub7OLY8IYTQ,melrose-park-pennsylvania
https://www.ubereats.com/philadelphia/food-delivery/dragon-star/sTbsEddNQ_uCD3IvKFhFjA,melrose-park-pennsylvania
https://www.ubereats.com/philadelphia/food-delivery/warminster-west-diner-%26-restaurant/18r0Bh7zSc-K7am4gEf69w,melrose-park-pennsylvania
https://www.ubereats.com/philadelphia/food-delivery/victorias-kitchen-%26-catering/gqdilMcoTN-Euh_iDZHEaw,melrose-park-pennsylvania
https://www.ubereats.com/philadelphia/food-delivery/wingstop-2118-cottman-ave/M1olH5FCR9iXfeh_4GQUWg,melrose-park-pennsylvania
https://www.ubereats.com/philadelphia/food-delivery/the-crab-house/CqAtbUYyQ5-qjbeOhNRlPQ,melrose-park-pennsylvania
https://www.ubereats.com/philadelphia/food-delivery/manhattan-bagel-north-wales/IlAxHuFqT2qowRka9Lf8FA,melrose-park-pennsylvania
https://www.ubereats.com/philadelphia/food-delivery/prosper-juice-bar/_FQA5O0JRUiMRBet-VpK-Q,melrose-park-pennsylvania
https://www.ubereats.com/philadelphia/food-delivery/pats-place/hw3Bk0fyT36NhBltZgNCJw,melrose-park-pennsylvania
https://www.ubereats.com/philadelphia/food-delivery/puff-spot/OyYt-28QSRK6lFj1nxl__w,melrose-park-pennsylvania
https://www.ubereats.com/philadelphia/food-delivery/phillys-seafood/5795Jg5SRce9zl1vVn3gMg,melrose-park-pennsylvania
https://www.ubereats.com/philadelphia/food-delivery/finos-pizza/xADZWPY0QXWIOUrDLiBIqQ,melrose-park-pennsylvania
https://www.ubereats.com/philadelphia/food-delivery/jamils-cafe/ptiK2Mt4S1WuIKsh2Wv7dw,melrose-park-pennsylvania
https://www.ubereats.com/philadelphia/food-delivery/baan-thai-thai-cuisine/izkHW7fkReGboQ2jB-J4Kw,melrose-park-pennsylvania
https://www.ubereats.com/philadelphia/food-delivery/tiffin-indian-cuisine-mt-airy/ksX-dsLsRMmbHxJhhu8YgQ,melrose-park-pennsylvania
https://www.ubereats.com/philadelphia/food-delivery/beijing-garden/7dStyvN-S7CL0c5BAcGSHA,melrose-park-pennsylvania
https://www.ubereats.com/philadelphia/food-delivery/five-guys-pa-1329-2552-grant-ave/ujXwbAs9Qcu2aoo_sIuHYQ,melrose-park-pennsylvania
https://www.ubereats.com/philadelphia/food-delivery/primohoagies-2417-welsh-rd-ste-12/D07xT14sQoi5NvBc6TjRcw,melrose-park-pennsylvania
https://www.ubereats.com/philadelphia/food-delivery/quicky-mart-express/LmCfaD52RYC5SPJt8C2pIA,melrose-park-pennsylvania
https://www.ubereats.com/philadelphia/food-delivery/dunkin-8250-ogontz-ave/RSIgn655R6qvyJhgGtOQgw,melrose-park-pennsylvania
https://www.ubereats.com/philadelphia/food-delivery/thai-kuu/55wecmueRgaJhx__hZvpLA,melrose-park-pennsylvania
https://www.ubereats.com/philadelphia/food-delivery/classic-pizza/UgFDUK89SS2Q7AKpK8LD-w,melrose-park-pennsylvania
https://www.ubereats.com/philadelphia/food-delivery/medina/Bvz207oMT5C6Ecu7eYtMBg,melrose-park-pennsylvania
https://www.ubereats.com/philadelphia/food-delivery/rubys-roof-jamaican-restaurant/fjjNXk1AQUKJ5kHfiXd1pQ,melrose-park-pennsylvania
https://www.ubereats.com/philadelphia/food-delivery/primohoagies-272-north-keswick-ave-frnt/k38stKnDT6ibEK9Qm2koYA,melrose-park-pennsylvania
https://www.ubereats.com/philadelphia/food-delivery/saladworks-willow-grove/UmO3JvURQGi0OwI3RUJ-yw,melrose-park-pennsylvania
https://www.ubereats.com/philadelphia/food-delivery/ritas-italian-ice-2311-cottman-ave/iPAqcnwqSL2a7GSQEE05DA,melrose-park-pennsylvania
https://www.ubereats.com/philadelphia/food-delivery/elevation-burger-willow-grove/YCrE5hqLQVGjs2KyZH1S5A,melrose-park-pennsylvania
https://www.ubereats.com/philadelphia/food-delivery/kfc-7350-oxford-avenue/4r595nUIR_SNFq7qql7uXw,melrose-park-pennsylvania
https://www.ubereats.com/philadelphia/food-delivery/bonnet-lane/3Ve7qjwfT_Sh93XYzbBvJw,melrose-park-pennsylvania
https://www.ubereats.com/philadelphia/food-delivery/tastypot/1Rm5yvGHRMu4Fol09lsF9A,melrose-park-pennsylvania
https://www.ubereats.com/philadelphia/food-delivery/vientiane-bistro/dw3PkdQtSjueQHB9ZKPmrA,melrose-park-pennsylvania
https://www.ubereats.com/philadelphia/food-delivery/new-napoli-famous-pizza/u9-CE2WhTdC0TdTy3v3mgQ,melrose-park-pennsylvania
https://www.ubereats.com/philadelphia/food-delivery/oteris-italian-bakery/tdCFbxvzRvWCeMYBHTuEfQ,melrose-park-pennsylvania
https://www.ubereats.com/philadelphia/food-delivery/side-of-the-road-jerk-chicken/AARWBss8RRquqEWIHqas-w,melrose-park-pennsylvania
https://www.ubereats.com/philadelphia/food-delivery/pupuseria-y-taqueria-sabor-latino/CElPcbPNT5mAjS6mKBl1sQ,melrose-park-pennsylvania
https://www.ubereats.com/philadelphia/food-delivery/entresabores-puerto-rican-cuisine/910nroWvQHe1oVH3Q6jK3w,melrose-park-pennsylvania
https://www.ubereats.com/philadelphia/food-delivery/tonys-place-bar-%26-grille/9GeVnXAvRherjP4ZRiAysA,melrose-park-pennsylvania
https://www.ubereats.com/philadelphia/food-delivery/spanish-island/hCbPjslyTG-uptP6FtMdRQ,melrose-park-pennsylvania
https://www.ubereats.com/philadelphia/food-delivery/brazilian-pizzaria/WfSaL3ppS1Ouq032JgxNoQ,melrose-park-pennsylvania
https://www.ubereats.com/philadelphia/food-delivery/corinnes-place/034lYz1kTC6IvbfDnTkRQA,melrose-park-pennsylvania
https://www.ubereats.com/philadelphia/food-delivery/cold-stone-4013-welsh-road/VrsxcxfAT12GBVtCpa4gyA,melrose-park-pennsylvania
https://www.ubereats.com/philadelphia/food-delivery/pupuseria-emily-wyoming-ave/_N8uszqAQZ-rP246OSaukA,melrose-park-pennsylvania
https://www.ubereats.com/philadelphia/food-delivery/burger-king-171-west-chelton-avenue/vlmxHelxRtSH2JRwwaCV6A,melrose-park-pennsylvania
https://www.ubereats.com/philadelphia/food-delivery/cold-stone-3001-w-cheltenham-ave/R2ZWfU1sTESHD6_RGtahwQ,melrose-park-pennsylvania
https://www.ubereats.com/philadelphia/food-delivery/los-potrillos-food-truck/fB6ez1DxQW6AytoOpy1fKg,melrose-park-pennsylvania
https://www.ubereats.com/philadelphia/food-delivery/p-%26-b-breakfast-and-lunch/gDCA3NAKRniw8Bn-J0x5qA,melrose-park-pennsylvania
https://www.ubereats.com/philadelphia/food-delivery/chipotle-mexican-grill-2618-w-moreland-rd/ywcW8PUcSEK7wJlKkdUDBw,melrose-park-pennsylvania
https://www.ubereats.com/philadelphia/food-delivery/ben-%26-irvs-delicatessen/Oj1nR5KFQfKqBtbr9SAKZw,melrose-park-pennsylvania
https://www.ubereats.com/philadelphia/food-delivery/little-caesars-pizza-7153-ogontz-ave/G-YEANEFTTSl5_fIEjD5wQ,melrose-park-pennsylvania
https://www.ubereats.com/philadelphia/food-delivery/mcdonalds-31st-%26-allegheny/cBl-qH2kSoSimF4rbnXqhg,melrose-park-pennsylvania
https://www.ubereats.com/philadelphia/food-delivery/yummy-chicken-pizza-and-kebab/s2R1L98yQ6SQinK2jKjqBQ,melrose-park-pennsylvania
https://www.ubereats.com/philadelphia/food-delivery/primohoagies-6602-frankford-ave/nZjw5-l-T7WlcF21o7B_eA,melrose-park-pennsylvania
https://www.ubereats.com/philadelphia/food-delivery/absurd-bird/kmpMv_D3Q-CPWKR-Tu4gZw,melrose-park-pennsylvania
https://www.ubereats.com/philadelphia/food-delivery/gsbistro/44Gsunc5QfGNuZyuPsjohw,melrose-park-pennsylvania
https://www.ubereats.com/philadelphia/food-delivery/hanas-kitchen-%26-pizzeria/eaNO1v9nQKyEBaEumUUu9g,melrose-park-pennsylvania
https://www.ubereats.com/philadelphia/food-delivery/flip-city-shakes/CtlB9oxRR0O4-ePaaQVamw,melrose-park-pennsylvania
https://www.ubereats.com/philadelphia/food-delivery/new-spring-chinese-restaurant/7PAIopdxT_qMNpCdoOZqKQ,melrose-park-pennsylvania
https://www.ubereats.com/philadelphia/food-delivery/kingston-city/7Q6a8BgsSTeejUvqyDlZsQ,melrose-park-pennsylvania
https://www.ubereats.com/philadelphia/food-delivery/yiro-yiro/xmGKBGd7RdSabGu7Xjbeew,melrose-park-pennsylvania
https://www.ubereats.com/philadelphia/food-delivery/ummies-kitchen/Q7o0zMDdSwK2-pajkc9zqA,melrose-park-pennsylvania
https://www.ubereats.com/philadelphia/food-delivery/los-tacos-mexican-taqueria-%26-restaurant/oaom1NbJR9m7JGyHUGPNLg,melrose-park-pennsylvania
https://www.ubereats.com/philadelphia/food-delivery/maker-artisan-pizza/CUlOtgR2QPicFdlOQYrXEQ,melrose-park-pennsylvania
https://www.ubereats.com/philadelphia/food-delivery/dunkin-1345-w-olney-ave/98PfkypsQjaEBnGZO4dtoA,melrose-park-pennsylvania
https://www.ubereats.com/philadelphia/food-delivery/tropical-smoothie-cafe-2401-cheltenham-avenue/JuQP7cifQBOumDqLF1D3zA,melrose-park-pennsylvania
https://www.ubereats.com/philadelphia/food-delivery/wendys-2940-fox-street/Oflid0avQoyl5aENkE2p9w,melrose-park-pennsylvania
https://www.ubereats.com/philadelphia/food-delivery/k%26j-soul-kitchen/Nb9ew0WfRfGGq6Pk6F_wmA,melrose-park-pennsylvania
https://www.ubereats.com/philadelphia/food-delivery/provecho-mexican-grill/y7pvHWh2QNmqzZh_8yJyMw,melrose-park-pennsylvania
https://www.ubereats.com/philadelphia/food-delivery/ritas-italian-ice-100-e-rockland-st/lNV1fu9GQlyeqFoFVYSOQg,melrose-park-pennsylvania
https://www.ubereats.com/philadelphia/food-delivery/philly-pretzel-factory-temple/WPZ6UECmRkWHFNqjAhcP8g,melrose-park-pennsylvania
https://www.ubereats.com/philadelphia/food-delivery/dunkin-4268-ridge-ave/rLuknAFrS52mvC_cM2wjWQ,melrose-park-pennsylvania
https://www.ubereats.com/philadelphia/food-delivery/china-taste/2KU3USWpRAmctknxTGlpEQ,melrose-park-pennsylvania
https://www.ubereats.com/philadelphia/food-delivery/al-sham-bustleton/1e8up_MiRG2QlYUYGpCrVw,melrose-park-pennsylvania
https://www.ubereats.com/philadelphia/food-delivery/saladworks-wyncote/AwVcI-xRRHOQoTHTQVy_ZA,melrose-park-pennsylvania
https://www.ubereats.com/philadelphia/food-delivery/wadsworth-pizzeria/8elcBhatQlCOth5fQ5tm3w,melrose-park-pennsylvania
https://www.ubereats.com/philadelphia/food-delivery/hong-kong-express/Usj-Yh7DRROxYpu4Vl9LKw,melrose-park-pennsylvania
https://www.ubereats.com/philadelphia/food-delivery/amigos-pizza-%26-restaurant-inc/GfVBc1RvT1uP_MkXdxHZxA,melrose-park-pennsylvania
https://www.ubereats.com/philadelphia/food-delivery/franks-steaks-%26-burgers/jILW27JpSOC7OTz7gRUiIQ,melrose-park-pennsylvania
https://www.ubereats.com/philadelphia/food-delivery/kays-kitchen/RIhlx6wcR7OFZmKPX-ohbA,melrose-park-pennsylvania
https://www.ubereats.com/philadelphia/food-delivery/king-food/QYehKrHiTXeOnfr-h3G_cg,melrose-park-pennsylvania
https://www.ubereats.com/philadelphia/food-delivery/ds-seafood-n-22nd-vr/8suHR2ojSOSvfs5CJ5cbFw,melrose-park-pennsylvania
https://www.ubereats.com/philadelphia/food-delivery/cj-custom-american-grille/aohoMTwjTK64ZreKa-50eQ,melrose-park-pennsylvania
https://www.ubereats.com/philadelphia/food-delivery/burger-king-101-e-olney-ave/pH3ig7gkQ6eDBxfiRj1eHw,melrose-park-pennsylvania
https://www.ubereats.com/philadelphia/food-delivery/stolis-steaks/PzP9EilzQkefUPU6pxh1IA,melrose-park-pennsylvania
https://www.ubereats.com/philadelphia/food-delivery/a-kings-cafe/UDOj87G-QBa15e3j5-cBCQ,melrose-park-pennsylvania
https://www.ubereats.com/philadelphia/food-delivery/not-just-pizza/xrJY_TFzQ3egsGMeEEA8RA,melrose-park-pennsylvania
https://www.ubereats.com/philadelphia/food-delivery/country-club-restaurant-%26-pastry-shop/BMsM3PB6RVifpFpzP8CyKQ,melrose-park-pennsylvania
https://www.ubereats.com/philadelphia/food-delivery/little-caesars-919-levick-st/oQhGHvgnRhqxXsbhTls3Ww,melrose-park-pennsylvania
https://www.ubereats.com/philadelphia/food-delivery/le-truck-seafood/ZtOnIhteQweXKbiZrAI_5w,melrose-park-pennsylvania
https://www.ubereats.com/philadelphia/food-delivery/macho-fritura/2qITSR9vSyyW4o4FljpOcg,melrose-park-pennsylvania
https://www.ubereats.com/philadelphia/food-delivery/bbq-chicken-elkins-park-pa/_D1fu_x3RHmEwqrCgKcppw,melrose-park-pennsylvania
https://www.ubereats.com/philadelphia/food-delivery/el-poquito/sGrB4f4uRkmnet6rU7MyWw,melrose-park-pennsylvania
https://www.ubereats.com/philadelphia/food-delivery/west-avenue-grille-jenkintown-restaurant-%26-catering/5PJCDgP4T9OROd0LDXxoKw,melrose-park-pennsylvania
https://www.ubereats.com/philadelphia/food-delivery/pearls-caribbean/X-H22QJhRFu41mL38T7Raw,melrose-park-pennsylvania
https://www.ubereats.com/philadelphia/food-delivery/mayura-indian-restaurant/u_dZ5ghxSziWJTGQBG-AsA,melrose-park-pennsylvania
https://www.ubereats.com/philadelphia/food-delivery/ritas-italian-ice-2271-w-hunting-park-avenue/JXjwQPAxS0OMhMaCfkMjlw,melrose-park-pennsylvania
https://www.ubereats.com/philadelphia/food-delivery/ms-mollys-kitchen/4Ehq6cRTQGezWHAcHph9QA,melrose-park-pennsylvania
https://www.ubereats.com/philadelphia/food-delivery/don-giovannis/If1mdu45TG6MUPNYDQ33zQ,melrose-park-pennsylvania
https://www.ubereats.com/philadelphia/food-delivery/chickies-%26-petes-robbins-ave/FLgtU0OGT0uy9aEMBarxTg,melrose-park-pennsylvania
https://www.ubereats.com/philadelphia/food-delivery/x-marks-the-spot/pDPH-qaqTEu0ePzYgnBNzA,melrose-park-pennsylvania
https://www.ubereats.com/philadelphia/food-delivery/e-%26-s-mini-market/oL3sSZZiSCGCLMKQnmwupw,melrose-park-pennsylvania
https://www.ubereats.com/philadelphia/food-delivery/palace-of-asia-pa/Uhlq9fxeQOmt1Pt9OwdDUQ,melrose-park-pennsylvania
https://www.ubereats.com/philadelphia/food-delivery/cj-%26-ecks/-gF8Rc23T3a7BN7uhkptDw,melrose-park-pennsylvania
https://www.ubereats.com/philadelphia/food-delivery/goree-nigerian-restaurant/JpZ-vJD0Ssm9lazrpJQqRA,melrose-park-pennsylvania
https://www.ubereats.com/philadelphia/food-delivery/dunkin-5643-ridge-ave/iKavXoAQRrOwQ6rAE7J7_Q,melrose-park-pennsylvania
https://www.ubereats.com/philadelphia/food-delivery/wings-%26-things-phi04-1/VRMsAklhTHGzOe_vQ_b2Cg,melrose-park-pennsylvania
https://www.ubereats.com/philadelphia/food-delivery/babagrill/vKJrAnAxQZiLvjdUjWrH_w,melrose-park-pennsylvania
https://www.ubereats.com/philadelphia/food-delivery/wokworks/SzuzQHytTHmiQsaWjqJqUQ,melrose-park-pennsylvania
https://www.ubereats.com/philadelphia/food-delivery/carrabbas-2575-maryland-road/7gTahVdOTxmskc3kcod0XQ,melrose-park-pennsylvania
https://www.ubereats.com/philadelphia/food-delivery/benny-the-bums/c8iEvhtxQM6BuBwAYMD9SQ,melrose-park-pennsylvania
https://www.ubereats.com/philadelphia/food-delivery/three-monkeys-cafe/GTps0YIhRKuARkRu4clXdg,melrose-park-pennsylvania
https://www.ubereats.com/philadelphia/food-delivery/primohoagies-1650-limekiln-pike/bTLVohTOQkiK5HM-5igxrQ,melrose-park-pennsylvania
https://www.ubereats.com/philadelphia/food-delivery/halal-bros-food-truck-philadelphia/r9DynJ7QTfWcNY-kCxaZEg,melrose-park-pennsylvania
https://www.ubereats.com/philadelphia/food-delivery/night-kitchen-bakery-and-cafe/agR9NqiVTBWc1ST-ZG_WzA,melrose-park-pennsylvania
https://www.ubereats.com/philadelphia/food-delivery/corner-bakery-cafe-100-welsh-rd/XbFtpIakSx6gucYxJCHs9w,melrose-park-pennsylvania
https://www.ubereats.com/philadelphia/food-delivery/philly-caribbean-cuisine/FMN3HN4ATK-pgaNuTIgf3A,melrose-park-pennsylvania
https://www.ubereats.com/philadelphia/food-delivery/knishes-%26-dishes/wwf-Kn8QTm-a0dYIqbwRaw,melrose-park-pennsylvania
https://www.ubereats.com/philadelphia/food-delivery/cbg-19134/wRz4df_DSz-nhxKHjWHNjw,melrose-park-pennsylvania
https://www.ubereats.com/philadelphia/food-delivery/taste-queen-restaurant/300saCkvTXik6zpgJp3kmg,melrose-park-pennsylvania
https://www.ubereats.com/philadelphia/food-delivery/wawa-183-6919-6935-castor-avenue/34KV_bj-TPa7yJa4Wp6NGQ,melrose-park-pennsylvania
https://www.ubereats.com/philadelphia/food-delivery/mcdonalds-ogontz/aIbWjnwuREi8BNewfDcP6w,melrose-park-pennsylvania
https://www.ubereats.com/philadelphia/food-delivery/main-line-bagel-%26-breakfast/4uvB_1ybR6a2gQmXX_BDVg,melrose-park-pennsylvania
https://www.ubereats.com/philadelphia/food-delivery/carlos-place-botanica-candy-store/bFg9TJ_4QZaauDfO5jCbCw,melrose-park-pennsylvania
https://www.ubereats.com/philadelphia/food-delivery/in%26out-express-pizza/JiXsMHDuSkGy6-g0i9FQDw,melrose-park-pennsylvania
https://www.ubereats.com/philadelphia/food-delivery/paradise-jamaican-restaurant/XQT6z2NZRP-x1AAFmEFOlQ,melrose-park-pennsylvania
https://www.ubereats.com/philadelphia/food-delivery/panda-express-2385-cheltenham-avenue/R385PA3UQAC6C7Sxzcwm4A,melrose-park-pennsylvania
https://www.ubereats.com/philadelphia/food-delivery/kfc-1865-easton-rd/XP-pI0CrSg-Y3ap6tXSsPA,melrose-park-pennsylvania
https://www.ubereats.com/philadelphia/food-delivery/rising-sun-pizza/NAGOMZMoRCuRbxH40DSTZQ,melrose-park-pennsylvania
https://www.ubereats.com/philadelphia/food-delivery/dairy-queen-treat-622-welsh-rd/ra-VM1yzTl6D9A0V_fGVqQ,melrose-park-pennsylvania
https://www.ubereats.com/philadelphia/food-delivery/1701-steaks-and-seafood-at-the-warwick/kgd85ceNQoWimwBoOnUFqQ,melrose-park-pennsylvania
https://www.ubereats.com/philadelphia/food-delivery/chellis-kitchen/qU0gzpRYSDOjVdo4_06_OA,melrose-park-pennsylvania
https://www.ubereats.com/philadelphia/food-delivery/kfc-716-adams-ave/DVa9i8KPSCqSniWD55maoQ,melrose-park-pennsylvania
https://www.ubereats.com/philadelphia/food-delivery/roberts-block/VKDZ4tweQAurbDt8kp8fGw,melrose-park-pennsylvania
https://www.ubereats.com/philadelphia/food-delivery/wendys-501-adams-ave/0tGgPA_8Q7GE6d8xme7nAw,melrose-park-pennsylvania
https://www.ubereats.com/philadelphia/food-delivery/bbq-town/0_UkLi9hSuipbJXqQs538w,melrose-park-pennsylvania
https://www.ubereats.com/philadelphia/food-delivery/dimension-latin-grill/W630NemySP-K4jdw9J-FbQ,melrose-park-pennsylvania
https://www.ubereats.com/philadelphia/food-delivery/boston-market-1776-old-york-road/0whafL0hRwGH6o4TQTB1Gw,melrose-park-pennsylvania
https://www.ubereats.com/philadelphia/food-delivery/the-halal-guys-2550-grant-ave-philadelphia-pa/wPUPoe7vQpy01AG8DKkcng,melrose-park-pennsylvania
https://www.ubereats.com/philadelphia/food-delivery/hibachi-of-jenkintown/XViJ35cWR22Lv1cj-_e6pA,melrose-park-pennsylvania
https://www.ubereats.com/philadelphia/food-delivery/tgi-fridays-659-willow-grove-pa/wzFCt7YFQL6Nhnyce4yhsQ,melrose-park-pennsylvania
https://www.ubereats.com/philadelphia/food-delivery/dunkin-221-w-hunting-park-ave/VeslU43iSJeJ7-rhtci6lQ,melrose-park-pennsylvania
https://www.ubereats.com/philadelphia/food-delivery/house-of-kosher/ItbeZyA4QFqFVl2UgKJrgw,melrose-park-pennsylvania
https://www.ubereats.com/philadelphia/food-delivery/wing-house/HAnuhOo3R46-jO9XX7I3QA,melrose-park-pennsylvania
https://www.ubereats.com/philadelphia/food-delivery/umar-and-khadijahs-international-halaal/lgMNA6AnQiOKqYs77wiLJg,melrose-park-pennsylvania
https://www.ubereats.com/philadelphia/food-delivery/ban-bamboo/XZljStulSVCVHNaatMTWaw,melrose-park-pennsylvania
https://www.ubereats.com/philadelphia/food-delivery/alberto-food-market/ZIeY4dcHSAOV_C25MMdesA,melrose-park-pennsylvania
https://www.ubereats.com/philadelphia/food-delivery/wild-crab/CrYPYUiSRf617IjJQWLmrg,melrose-park-pennsylvania
https://www.ubereats.com/philadelphia/food-delivery/the-shake-factory/bnhj9fDMS0umFyJHIHUsmA,melrose-park-pennsylvania
https://www.ubereats.com/philadelphia/food-delivery/la-pergola/hwpYC67TTIaijvdRbMIcXg,melrose-park-pennsylvania
https://www.ubereats.com/philadelphia/food-delivery/ritz-diner/I1zgSmEmTUGj5QTLyMk3ng,melrose-park-pennsylvania
https://www.ubereats.com/philadelphia/food-delivery/white-elephant-restaurant/Dwe1MhU3RqSQwVFYYQc-Cg,melrose-park-pennsylvania
https://www.ubereats.com/philadelphia/food-delivery/primohoagies-6024-ridge-avenue/dNFqlkdMQWSP_o-1UBHzUA,melrose-park-pennsylvania
https://www.ubereats.com/philadelphia/food-delivery/jamba-juice-willow-grove/lY6ijJQ5S0OwfmNeHuWTfQ,melrose-park-pennsylvania
https://www.ubereats.com/philadelphia/food-delivery/o-rei-da-picanha-steak-house/1sMRQQJJQ6mkN_EZJXgPqQ,melrose-park-pennsylvania
https://www.ubereats.com/philadelphia/food-delivery/tres-fuegos/gJginzrKRpG-sHixMpEc3g,melrose-park-pennsylvania
https://www.ubereats.com/philadelphia/food-delivery/zhariff-deli-grocery-inc/wzbgtQ_dRPSbItS5JdJshg,melrose-park-pennsylvania
https://www.ubereats.com/philadelphia/food-delivery/house-of-thai-cuisine/oijgf0OpQIupD0AXr4nORA,melrose-park-pennsylvania
https://www.ubereats.com/philadelphia/food-delivery/applebees-701-cathedral-road/IMdFq_jYQ-KGXiVQ3ZhobA,melrose-park-pennsylvania
https://www.ubereats.com/philadelphia/food-delivery/champagne-21/JIuJgZu9QGGgczd4Jcs1tg,melrose-park-pennsylvania
https://www.ubereats.com/philadelphia/food-delivery/no-1-house/YbIDmN4cSgqvgHWocxv1HQ,melrose-park-pennsylvania
https://www.ubereats.com/philadelphia/food-delivery/abbies-burger-bus/R2LVhtIwSo6KDoW4a-YYwg,melrose-park-pennsylvania
https://www.ubereats.com/philadelphia/food-delivery/taco-bell-4430-north-broad-st/ddq7ja0pSjmSTlReLPQYVw,melrose-park-pennsylvania
https://www.ubereats.com/philadelphia/food-delivery/r-%26-y-bakery-ii-inc/4SFu6GjmSV2RfRkHK8LhKQ,melrose-park-pennsylvania
https://www.ubereats.com/philadelphia/food-delivery/wendys-2615-north-american-street/10j6euL9RkqGel246sPoFg,melrose-park-pennsylvania
https://www.ubereats.com/philadelphia/food-delivery/stewarts-willow-grove/8sqDgDU8S3qbG7-tHibBPg,melrose-park-pennsylvania
https://www.ubereats.com/philadelphia/food-delivery/dunkin-8113-stenton-ave/nKkAAZGsSHaksiVxjuFdMg,melrose-park-pennsylvania
https://www.ubereats.com/philadelphia/food-delivery/more-than-just-food/c3vYCC4JQOSk2Aou6Qr0Rw,melrose-park-pennsylvania
https://www.ubereats.com/philadelphia/food-delivery/mercer-cafe-westmoreland-street/pjef02gcQW66o01b3G47aQ,melrose-park-pennsylvania
https://www.ubereats.com/philadelphia/food-delivery/lepore-ba-q/p4HaJz_iR3-jUOfoP8-fFA,melrose-park-pennsylvania
https://www.ubereats.com/philadelphia/food-delivery/wendys-6001-n-broad-st/C5EypfSfTWCyN7NMXcKyug,melrose-park-pennsylvania
https://www.ubereats.com/philadelphia/food-delivery/smoothie-time/OMarP7aDQhqjLQekhf4nuw,melrose-park-pennsylvania
https://www.ubereats.com/philadelphia/food-delivery/flavor-spot/NLAUo73tR1e9GlWTP4SkWw,melrose-park-pennsylvania
https://www.ubereats.com/philadelphia/food-delivery/crown-chicken-and-grill/FKVfNZ2dR4u_3WxOooGP3A,melrose-park-pennsylvania
https://www.ubereats.com/philadelphia/food-delivery/m%26j-market-%26-deli/nxN7wXp-RXCfn2cHcIs3Ng,melrose-park-pennsylvania
https://www.ubereats.com/philadelphia/food-delivery/dunkin-8000-pine-rd/4f2rKH5nTwaooYquD03Qhw,melrose-park-pennsylvania
https://www.ubereats.com/philadelphia/food-delivery/quality-pizza/HkmFUbrYT4yvbJG70_hGFw,melrose-park-pennsylvania
https://www.ubereats.com/philadelphia/food-delivery/taco-bell-7855-oxford-ave/dqjDyJkPRGm1qnEt__0EGA,melrose-park-pennsylvania
https://www.ubereats.com/philadelphia/food-delivery/china-garden/HG8KNIiSScGSCD_IIzZZsg,melrose-park-pennsylvania
https://www.ubereats.com/philadelphia/food-delivery/dunkin-1821-bethlehem-pike/BqaWmEOISqCIm2zJJG6bxA,melrose-park-pennsylvania
https://www.ubereats.com/philadelphia/food-delivery/the-ice-cream-shop/twPma_QDSJWvrG15xQE99A,melrose-park-pennsylvania
https://www.ubereats.com/philadelphia/food-delivery/winstons-cuisine/LzYrRw2YSB6Cz-ZNtcf8wg,melrose-park-pennsylvania
https://www.ubereats.com/philadelphia/food-delivery/northeast-sandwich-co/A-NGi4DEQqeVB0-RH1HSqg,melrose-park-pennsylvania
https://www.ubereats.com/philadelphia/food-delivery/mcdonalds-phil-oxford/IoplHUo-S3KnSJmUpG788g,melrose-park-pennsylvania
https://www.ubereats.com/philadelphia/food-delivery/chipotle-mexican-grill-2401-w-cheltenham-ave-ste-220/Hcvh0386QACNcuYWlFRTRQ,melrose-park-pennsylvania
https://www.ubereats.com/philadelphia/food-delivery/holme-style-pizza/OSycI56PRKeiC8Q6DNqT7w,melrose-park-pennsylvania
https://www.ubereats.com/philadelphia/food-delivery/sweets%26curry-house/QvxhMr00R_Cc6_xinOmj5w,melrose-park-pennsylvania
https://www.ubereats.com/philadelphia/food-delivery/filas-pizza/KslVkjNXRU2au-GaR8qHfQ,melrose-park-pennsylvania
https://www.ubereats.com/philadelphia/food-delivery/moonlight-cuisine/YcwwGTiqQCGOk1N6bZVtDw,melrose-park-pennsylvania
https://www.ubereats.com/philadelphia/food-delivery/mcdixons-burgers-shakes-%26-fries/WQeaePRMRXymuDr6bDhhcA,melrose-park-pennsylvania
https://www.ubereats.com/philadelphia/food-delivery/station-pizza-ll/NuPYbVFvSCuz7iLkZPti8A,melrose-park-pennsylvania
https://www.ubereats.com/philadelphia/food-delivery/smileys-to-go/CB1KwLyNQi2H-1s8I8_86A,melrose-park-pennsylvania
https://www.ubereats.com/philadelphia/food-delivery/pearls-caribbean-and-soul-cuisine/6pOD0Z2tRjqehSQHzimojw,melrose-park-pennsylvania
https://www.ubereats.com/philadelphia/food-delivery/biryani-bowl-indian-cuisine-e-willow-grove/Ji8H_xDgSK2glrcdpwNBmw,melrose-park-pennsylvania
https://www.ubereats.com/philadelphia/food-delivery/crown-fried-chicken-6051-n-5th-st/na3glqi7Q9WXLuzTbg3VBg,melrose-park-pennsylvania
https://www.ubereats.com/philadelphia/food-delivery/the-weldon-soda-fountain/ts7YMcoGRHu4koWMjP717g,melrose-park-pennsylvania
https://www.ubereats.com/philadelphia/food-delivery/roccos-italian-sausage/oagjmMFxSaeF1pS7mxTHRQ,melrose-park-pennsylvania
https://www.ubereats.com/philadelphia/food-delivery/american-eclectic-burger-phi04-1/I5PG843xSO6di7_Ybk8xSQ,melrose-park-pennsylvania
https://www.ubereats.com/philadelphia/food-delivery/wawa-8065-3901-aramingo-ave/Z6j808rjQJW_zGGJaFVnLQ,melrose-park-pennsylvania
https://www.ubereats.com/philadelphia/food-delivery/new-wong-house/Xp-fdvCUSl2-QjJRqbL9Sg,melrose-park-pennsylvania
https://www.ubereats.com/philadelphia/food-delivery/i-want-moore-bakery/fhVXPa4HT3GWO0Qg8ifwzw,melrose-park-pennsylvania
https://www.ubereats.com/philadelphia/food-delivery/manayunk-pizza/IXPP9lyXRkSOtRBpMEFgsQ,melrose-park-pennsylvania
https://www.ubereats.com/philadelphia/food-delivery/seafood-temptation/DHt-JpH1SMisYSYWspZfhg,melrose-park-pennsylvania
https://www.ubereats.com/philadelphia/food-delivery/nicks-roast-beef/0Fwdgb3lTKeAffCWRyLw0Q,melrose-park-pennsylvania
https://www.ubereats.com/philadelphia/food-delivery/red-lobster-9140-roosevelt-blvd-e/ZHsTMpuBTA2FdsmPb7-jiQ,melrose-park-pennsylvania
https://www.ubereats.com/philadelphia/food-delivery/takka-grill-and-shrimpies/QSmBP1rsSZGlx1tk2cxDtQ,melrose-park-pennsylvania
https://www.ubereats.com/philadelphia/food-delivery/mickey-%26-pierres-5th-street-lounge/vgbjeNYYTGWqlU37rDvdsQ,melrose-park-pennsylvania
https://www.ubereats.com/philadelphia/food-delivery/your-neighbors-kitchen/E5vBGznQSUCruO-qPeAUIw,melrose-park-pennsylvania
https://www.ubereats.com/philadelphia/food-delivery/wendys-5901-ridge-avenue/f-Ko4q5XS8e3oAxjsdjbPg,melrose-park-pennsylvania
https://www.ubereats.com/philadelphia/food-delivery/macaronis/yAsbPvhDR2O8M2m8m2wadg,melrose-park-pennsylvania
https://www.ubereats.com/philadelphia/food-delivery/eds-pizza-house-5022-wayne-ave/qfCdIyjSRh6u62B-Ds1OKQ,melrose-park-pennsylvania
https://www.ubereats.com/philadelphia/food-delivery/marv-loves-too/mnjDlmjrQxOMT3jhaeSNFw,melrose-park-pennsylvania
https://www.ubereats.com/philadelphia/food-delivery/crown-fried-chicken/HEQ1Su9lQn2pZGBQZt0YOQ,melrose-park-pennsylvania
https://www.ubereats.com/philadelphia/food-delivery/essies-steaks/O8dVlC3vS-KxNYroxSY5Fg,melrose-park-pennsylvania
https://www.ubereats.com/philadelphia/food-delivery/the-taco-lodge/LcgJOL8dTW-D8a1NDG2pvA,melrose-park-pennsylvania
https://www.ubereats.com/philadelphia/food-delivery/popeyes-6000-n-broad-st/6azUo9oyQfy76g5gd7rK-w,melrose-park-pennsylvania
https://www.ubereats.com/philadelphia/food-delivery/alenas-cafe/Vg7LKWm9RuSyFvmlSsJ9gw,melrose-park-pennsylvania
https://www.ubereats.com/philadelphia/food-delivery/the-goats-beard-manayunk/hj22Z3BHRF2BQl6QSiI3tA,melrose-park-pennsylvania
https://www.ubereats.com/philadelphia/food-delivery/kfc-8140-ogontz-ave/5pMcGnurToyBf9KMPB2LmQ,melrose-park-pennsylvania
https://www.ubereats.com/philadelphia/food-delivery/taco-bell-3619-aramingo-avenue/mX1MqZ_QTmWUgxXZqjqZQg,melrose-park-pennsylvania
https://www.ubereats.com/philadelphia/food-delivery/monsalva/H0u0I6WwSB21Nz303rHJWA,melrose-park-pennsylvania
https://www.ubereats.com/philadelphia/food-delivery/redz-bar-%26-grill/VU3usvP0RImXZvEa-LZMnw,melrose-park-pennsylvania
https://www.ubereats.com/philadelphia/food-delivery/dunkin-1325-e-washington-ln/MSUarorPQf-A5SylrooWlg,melrose-park-pennsylvania
https://www.ubereats.com/philadelphia/food-delivery/wendys-3600-aramingo-avenue/jukDGNZhRPmq_UTZTXQChw,melrose-park-pennsylvania
https://www.ubereats.com/philadelphia/food-delivery/munchys-pizza-%26-grill/Va08-47NQJKVbr6a7QEvuA,melrose-park-pennsylvania
https://www.ubereats.com/philadelphia/food-delivery/lipkins-bakery/P9G_RjEbSouyyyZklnTqug,melrose-park-pennsylvania
https://www.ubereats.com/philadelphia/food-delivery/nile-cafe/MKRQE5jRQ4qmnG27WaMfgw,melrose-park-pennsylvania
https://www.ubereats.com/philadelphia/food-delivery/voix-chinese-japanese-%26-lounge/CCrvXcIbTpWX4WFMj_yEiQ,melrose-park-pennsylvania
https://www.ubereats.com/philadelphia/food-delivery/jeisys-grill/4zNwPdVfSqeaOlmnCB4ZYQ,melrose-park-pennsylvania
https://www.ubereats.com/philadelphia/food-delivery/applebees-9142-roosevelt-blvd/llDvv9f7RrOcc-Hf8NBNxQ,melrose-park-pennsylvania
https://www.ubereats.com/philadelphia/food-delivery/kadys-soul-food-%26-bbq/1CgeSpuBSJelhFLjicx-tw,melrose-park-pennsylvania
https://www.ubereats.com/philadelphia/food-delivery/paddy-whacks-irish-sports-pub-welsh-rd/A1WDm2KORQqc4MrLCQc1WQ,melrose-park-pennsylvania
https://www.ubereats.com/philadelphia/food-delivery/mega-quality-pizza-and-restaurant/2aUuBs-USGu6YQdXKQm2Rg,melrose-park-pennsylvania
https://www.ubereats.com/philadelphia/food-delivery/food-from-the-heart/djzIzzMZQbatu_ey7mfIgA,melrose-park-pennsylvania
https://www.ubereats.com/philadelphia/food-delivery/jamaican-ds/koOzIO4lREifBbmlzoi9nQ,melrose-park-pennsylvania
https://www.ubereats.com/philadelphia/food-delivery/lees-hoagie-house/Uk9K-t_mQxixZf6FpU9Syw,melrose-park-pennsylvania
https://www.ubereats.com/philadelphia/food-delivery/sum-pig/c7dmYB3IRUON76H2ntM0Rw,melrose-park-pennsylvania
https://www.ubereats.com/philadelphia/food-delivery/dunkin-5301-chew-ave/fClIvHnNSoCM-eNWpGirIg,melrose-park-pennsylvania
https://www.ubereats.com/philadelphia/food-delivery/filaspizza/34thigzhQ5KwQl-NxlTuWw,melrose-park-pennsylvania
https://www.ubereats.com/philadelphia/food-delivery/gelatoh-brick-%26-motor/V1v8CTLjRt60CzT88chuXw,melrose-park-pennsylvania
https://www.ubereats.com/philadelphia/food-delivery/crispy-pizza/wEjMIJ0WRWygeYcTnMuC_g,melrose-park-pennsylvania
https://www.ubereats.com/philadelphia/food-delivery/tiffanys-green-salads/of_6S9qYQ4KliJPwWzEcBg,melrose-park-pennsylvania
https://www.ubereats.com/philadelphia/food-delivery/dekes-bar-b-que-ridge-ave/FoF9nar1RwOV031kHBzq5A,melrose-park-pennsylvania
https://www.ubereats.com/philadelphia/food-delivery/favors/6g3_UJv5SliTFps2vjg7lA,melrose-park-pennsylvania
https://www.ubereats.com/philadelphia/food-delivery/bao-%26-bun-studio/X3tNKNVYTfayi3e2VeuG_Q,melrose-park-pennsylvania
https://www.ubereats.com/philadelphia/food-delivery/qq-chinese-restaurant/noSLE56iTxaEj_cCeWthMg,melrose-park-pennsylvania
https://www.ubereats.com/philadelphia/food-delivery/first-watch-abington/tMwBvhuvSX2V3PsEw6oC-g,melrose-park-pennsylvania
https://www.ubereats.com/philadelphia/food-delivery/oxford-breakfast-and-lunch/wfbf4FNfQsaEb4GthK0TRg,melrose-park-pennsylvania
https://www.ubereats.com/philadelphia/food-delivery/hibachi%26poke-express/jbWwKWrASFG4kqVvR7R5Sw,melrose-park-pennsylvania
https://www.ubereats.com/philadelphia/food-delivery/city-view-pizza-%26-grill-olney/gJD6Zb2_RnKIkNHH2c7fGA,melrose-park-pennsylvania
https://www.ubereats.com/philadelphia/food-delivery/subway-8080-old-york-rd/lk30C0rHQ2CTJS529wsrLw,melrose-park-pennsylvania
https://www.ubereats.com/philadelphia/food-delivery/ajw-jamaican-%26-american-food/uOKX1i69SHWWPZlPX1orUA,melrose-park-pennsylvania
https://www.ubereats.com/philadelphia/food-delivery/veghada/xZV1A_vRSCitAaxuwtP82Q,melrose-park-pennsylvania
https://www.ubereats.com/philadelphia/food-delivery/el-cantinflas-tacos-place/HUiGx4sUT2q6BdFBolBRUg,melrose-park-pennsylvania
https://www.ubereats.com/philadelphia/food-delivery/south-sea-thai-kitchen/SjLvaKabS7u5oXimrDYt9w,melrose-park-pennsylvania
https://www.ubereats.com/philadelphia/food-delivery/mcdonalds-hunting-park/W0MpNqTjS3ygUZHEaEOmqg,melrose-park-pennsylvania
https://www.ubereats.com/philadelphia/food-delivery/villagio-pizza-cottman-ave/AEf167nLQKKoWMw9G9ZfCg,melrose-park-pennsylvania
https://www.ubereats.com/philadelphia/food-delivery/oteris-italian-bakery-frankford-ave/9jRLxGYEQ7uT8-DgmQ3HxA,melrose-park-pennsylvania
https://www.ubereats.com/philadelphia/food-delivery/don-panchito-mexican-grill/QTc0NpEeRHG5ecsxW6MJyw,melrose-park-pennsylvania
https://www.ubereats.com/philadelphia/food-delivery/melany-deli-%26-grill/K6T3uPnzQ8S6XldaIqVwUw,melrose-park-pennsylvania
https://www.ubereats.com/philadelphia/food-delivery/soul-food-near-me/xyquLQhoR56q-mUjkesYvQ,melrose-park-pennsylvania
https://www.ubereats.com/philadelphia/food-delivery/philly-pretzel-factory-broad-%26-olney/DZn2HoEYTCS6LcLD3C4isg,melrose-park-pennsylvania
https://www.ubereats.com/philadelphia/food-delivery/mi-provocon/eYIRmMDFQJuybAp4sGi5VA,melrose-park-pennsylvania
https://www.ubereats.com/philadelphia/food-delivery/crown-fried-chicken-north-5th-street/1phLM_SHRKK0upVQ9Xm-tQ,melrose-park-pennsylvania
https://www.ubereats.com/philadelphia/food-delivery/dunkin-5801-oxford-ave/6Ek03RYmRdKMbRvjOM5M0w,melrose-park-pennsylvania
https://www.ubereats.com/philadelphia/food-delivery/hunan-wok/NKyW34WUSaW0M9CK8fX57g,melrose-park-pennsylvania
https://www.ubereats.com/philadelphia/food-delivery/dunkin-9173-roosevelt-blvd/SWEfa47DQKmZXfBmpBIjMQ,melrose-park-pennsylvania
https://www.ubereats.com/philadelphia/food-delivery/crown-fried-chicken-chelten-ave/K4Wf3cThSrSI6ZY1mwnz3A,melrose-park-pennsylvania
https://www.ubereats.com/philadelphia/food-delivery/kfc-taco-bell-6417-harbison-ave/GGvo6r0XRoKCJjEegiU4Jg,melrose-park-pennsylvania
https://www.ubereats.com/philadelphia/food-delivery/the-taste-of-brazil/APJQe9bTS3WB42Xg54mqfQ,melrose-park-pennsylvania
https://www.ubereats.com/philadelphia/food-delivery/lil-miss-cupkakes/SJ0BU-QaR1eD_m_SCp-lnA,melrose-park-pennsylvania
https://www.ubereats.com/philadelphia/food-delivery/oreland-pizza/gKL1wmVtRAmaxn1jodnWHA,melrose-park-pennsylvania
https://www.ubereats.com/philadelphia/food-delivery/wawa-8064-3341-grant-avenue/rr-mxALyT-W_jVkRG1YejQ,melrose-park-pennsylvania
https://www.ubereats.com/philadelphia/food-delivery/leos-proper-burger/IKWtskJARw-vAVGjsVK1hA,melrose-park-pennsylvania
https://www.ubereats.com/philadelphia/food-delivery/freddy-and-tonys-restaurant/7nsOfQq_RW-R8FrJN07ccw,melrose-park-pennsylvania
https://www.ubereats.com/philadelphia/food-delivery/p%26r-mini-market/K3_dBRFyQKCcC1BuqUJrhw,melrose-park-pennsylvania
https://www.ubereats.com/philadelphia/food-delivery/iron-hill-brewery-%26-restaurant-huntingdon-valley/Y3Af3YnnSdqZNAeMYFmPyQ,melrose-park-pennsylvania
https://www.ubereats.com/philadelphia/food-delivery/tyemekas-soulfood/wuY4c5ARQHOp1tsrjzUCEg,melrose-park-pennsylvania
https://www.ubereats.com/philadelphia/food-delivery/dunkin-7970-dungan-rd/kcew2QaoT7mQ9JhGz7gOZA,melrose-park-pennsylvania
https://www.ubereats.com/philadelphia/food-delivery/t%26p-food-market-inc/HqbkgzUiRAyr7sdDs7rMlw,melrose-park-pennsylvania
https://www.ubereats.com/philadelphia/food-delivery/new-station-pizza/_QDbx_0pTTKaOzMwCH1FqA,melrose-park-pennsylvania
https://www.ubereats.com/philadelphia/food-delivery/the-farmacy-nj/nTEAZOzORk-YuGmuIAEEsQ,melrose-park-pennsylvania
https://www.ubereats.com/philadelphia/food-delivery/great-deal-deli/gJEM1TZ4Sd6PD8fzH3baPA,melrose-park-pennsylvania
https://www.ubereats.com/philadelphia/food-delivery/paisas-pizza/pGf07ShaRGiQ2Bo2WmwcJQ,melrose-park-pennsylvania
https://www.ubereats.com/philadelphia/food-delivery/24-7-desserts/dnPKYK2iQjGj0F_xLetfpA,melrose-park-pennsylvania
https://www.ubereats.com/philadelphia/food-delivery/papa-joes/wqvz-4tqRGWxw7iCWiD3LA,melrose-park-pennsylvania
https://www.ubereats.com/philadelphia/food-delivery/pronto-uno-pizza/F5bOnvYqRgmmrupXqqLSag,melrose-park-pennsylvania
https://www.ubereats.com/philadelphia/food-delivery/ritas-of-elkins-park/4-27wSWvR3atTXXf1C-o7Q,melrose-park-pennsylvania
https://www.ubereats.com/philadelphia/food-delivery/mod-pizza-willow-grove/KHxIV_XlSs-4XOBzBnVZLA,melrose-park-pennsylvania
https://www.ubereats.com/philadelphia/food-delivery/pizza-power/YzfUvgC5QrmLBVg7rzymEw,melrose-park-pennsylvania
https://www.ubereats.com/philadelphia/food-delivery/hao-tea/X9FY768HRd6GXw7g9rTWtQ,melrose-park-pennsylvania
https://www.ubereats.com/philadelphia/food-delivery/dunkin-6409-torresdale-ave/Ige7vWPWQ5elZ8mKijRKpw,melrose-park-pennsylvania
https://www.ubereats.com/philadelphia/food-delivery/philly-seafood-express/NlF82JPcTvi84ICXUVWF6Q,melrose-park-pennsylvania
https://www.ubereats.com/philadelphia/food-delivery/burger-king-4700-08-north-broad-street/v00rR6ZcTuueWIuiIGj-Uw,melrose-park-pennsylvania
https://www.ubereats.com/philadelphia/food-delivery/new-golden-house/rQuCa_jkTgOVxck21Vga9w,melrose-park-pennsylvania
https://www.ubereats.com/philadelphia/food-delivery/taco-bell-7500-bustleton-avenue/zC3_wPjcSNu1LR8VuMThgw,melrose-park-pennsylvania
https://www.ubereats.com/philadelphia/food-delivery/california-tortilla-red-lion/Ed-xVJ3JSHuSxnddidSg-w,melrose-park-pennsylvania
https://www.ubereats.com/philadelphia/food-delivery/fresh-garden/UVzTV_AbRw-khBvYqcjKVA,melrose-park-pennsylvania
https://www.ubereats.com/philadelphia/food-delivery/pita-pocket-eatery/Z9ATZ8AfTvm_Q3WsxeuTGA,melrose-park-pennsylvania
https://www.ubereats.com/philadelphia/food-delivery/kaliyahs-katering/sn3LjEs3TDSosuhHfqwtrA,melrose-park-pennsylvania
https://www.ubereats.com/philadelphia/food-delivery/dunkin-7221-torresdale-ave/8TCk1ENnS6m-2UQLg5cNiQ,melrose-park-pennsylvania
https://www.ubereats.com/philadelphia/food-delivery/ribs-r-us/1Jy7gBDRSZGfhBXwkJHYNA,melrose-park-pennsylvania
https://www.ubereats.com/philadelphia/food-delivery/dunkin-2145-w-allegheny-ave/U44ubLznR9qVbYffL-aEYg,melrose-park-pennsylvania
https://www.ubereats.com/philadelphia/food-delivery/what-the-smoothie/chzixETrQNSUr-C82Un1jA,melrose-park-pennsylvania
https://www.ubereats.com/philadelphia/food-delivery/ds-wings-vr-whitaker-ave-lunch-truck/29Qjq4uyRFmpUIAQMsAGWA,melrose-park-pennsylvania
https://www.ubereats.com/philadelphia/food-delivery/richmans-ice-cream-%26-burger-co-glenside/fIfC0YvMSSqEk5Uxo_ztmw,melrose-park-pennsylvania
https://www.ubereats.com/philadelphia/food-delivery/takka-grill-and-pizza/HRh5_ZjVRr6fNgOBUyABjw,melrose-park-pennsylvania
https://www.ubereats.com/philadelphia/food-delivery/chicko-tako/8uew8KCiQXK1cdE0rj7qGg,melrose-park-pennsylvania
https://www.ubereats.com/philadelphia/food-delivery/phu-fha-thai-restaurant-lyecum-ave/IeQHqNWiSG67qsHFNMrHiQ,melrose-park-pennsylvania
https://www.ubereats.com/philadelphia/food-delivery/main-street-pizzeria-and-grille-wyncote/EdbN8UpmQOm8Pb8tl7qNLQ,melrose-park-pennsylvania
https://www.ubereats.com/philadelphia/food-delivery/mcdonalds-torresdale-ave-ii/_LIbC1zVScyds_9p077NNQ,melrose-park-pennsylvania
https://www.ubereats.com/philadelphia/food-delivery/mayfair-diner/Q7AJq8_SQcK0oLbJcEZeOw,melrose-park-pennsylvania
https://www.ubereats.com/philadelphia/food-delivery/judah-mediterranean-grill/QBDHDS9lSTW42C87UByTHA,melrose-park-pennsylvania
https://www.ubereats.com/philadelphia/food-delivery/diamante-pizzeria-%26-seafood-house/90UfsmFdTsqO4Bmnzs0zXQ,melrose-park-pennsylvania
https://www.ubereats.com/philadelphia/food-delivery/wit-or-witout/6_gXFBQVQdqGVZwgd3r-nQ,melrose-park-pennsylvania
https://www.ubereats.com/philadelphia/food-delivery/ritas-italian-ice/Axe3HGfrQy6xtlIKwcCZMg,melrose-park-pennsylvania
https://www.ubereats.com/philadelphia/food-delivery/rhawnhurst-cafe/K9Ux4ptdTCSUaockzH5trg,melrose-park-pennsylvania
https://www.ubereats.com/philadelphia/food-delivery/pierogi-factory/RwZqfMh-TfOwZkL5rHOhKA,melrose-park-pennsylvania
https://www.ubereats.com/philadelphia/food-delivery/stewarts-all-american/7W_vVz0tR-qzACXiKBsdcg,melrose-park-pennsylvania
https://www.ubereats.com/philadelphia/food-delivery/papa-johns-n-broad-street/OJGUBN1_RAKXmlGmioBEbw,melrose-park-pennsylvania
https://www.ubereats.com/philadelphia/food-delivery/mcdonalds-castor-%26-naple/qn4u9BJcQq2eVUPt7-kDsw,melrose-park-pennsylvania
https://www.ubereats.com/philadelphia/food-delivery/dunkin-6620-n-broad-st/K-Kzh4CDRLKVkhn2eP5Tdg,melrose-park-pennsylvania
https://www.ubereats.com/philadelphia/food-delivery/bella-ts-pizza-%26-grill/LU_NxzVmTxaLV_sMiZsa5g,melrose-park-pennsylvania
https://www.ubereats.com/philadelphia/food-delivery/kfc-9201-roosevelt-blvd/6BEGOuKATLiU_Xl0NuyjmA,melrose-park-pennsylvania
https://www.ubereats.com/philadelphia/food-delivery/crack-crab/G51r4as_STqQzC5AAXIDGw,melrose-park-pennsylvania
https://www.ubereats.com/philadelphia/food-delivery/boston-market-6350-roosevelt-blvd/bXS6lBQVTpqudwUWNDup7A,melrose-park-pennsylvania
https://www.ubereats.com/philadelphia/food-delivery/qdoba-mexican-eats-261-old-york-rd/c1BEw520TWKplnZ2Z8jc8A,melrose-park-pennsylvania
https://www.ubereats.com/philadelphia/food-delivery/al-nur-pizza/-dsbR_Q8SsC6PR16aeIY5Q,melrose-park-pennsylvania
https://www.ubereats.com/philadelphia/food-delivery/iron-hill-brewery-%26-restaurant-chestnut-hill/vYmb2NZGQPi3wYZRMqHFFg,melrose-park-pennsylvania
https://www.ubereats.com/philadelphia/food-delivery/starbucks-chestnut-hill/cE2UARVzQ5KJ85PJDaoBUw,melrose-park-pennsylvania
https://www.ubereats.com/philadelphia/food-delivery/el-provocon-e-tioga-st/PjMcA0SOSZK5hbKBHmRKMg,melrose-park-pennsylvania
https://www.ubereats.com/philadelphia/food-delivery/pizza-boss/VB920tV5SaavJMUbrYj9WA,melrose-park-pennsylvania
https://www.ubereats.com/philadelphia/food-delivery/eds-pizza-house-6047-ogontz-ave/r1uQHpeOSqqPX0nweXxd1g,melrose-park-pennsylvania
https://www.ubereats.com/philadelphia/food-delivery/ritas-italian-ice-5744-mascher-st/h-v1UPVWTHS7jIpa4xyJnw,melrose-park-pennsylvania
https://www.ubereats.com/philadelphia/food-delivery/mcdonalds-torresdale-ave-1/dtOb3K1-Qlqrfb3-iTIFFA,melrose-park-pennsylvania
https://www.ubereats.com/philadelphia/food-delivery/chevys-pizzeria/QqFnuMyATk2wi_Zdc-9r-w,melrose-park-pennsylvania
https://www.ubereats.com/philadelphia/food-delivery/muscle-maker-grill-grant-ave/kRz8GDH_QH6N9S6x0aqYbQ,melrose-park-pennsylvania
https://www.ubereats.com/philadelphia/food-delivery/jc-food-market/ph5uMmKcT9m66_3HKVGWHQ,melrose-park-pennsylvania
https://www.ubereats.com/philadelphia/food-delivery/dunkin-5001-rising-sun-ave/C8Xfs3-YTvq8j7gZKouLew,melrose-park-pennsylvania
https://www.ubereats.com/philadelphia/food-delivery/nyas-soulfood/L5TiTqYbRBiGZxrY6sdO2Q,melrose-park-pennsylvania
https://www.ubereats.com/philadelphia/food-delivery/ice-moon/wtZAfvUfQ7OVu4KROllJMQ,melrose-park-pennsylvania
https://www.ubereats.com/philadelphia/food-delivery/al-sham-restaurant-4/RUv3Hi6eS-W3ACis6xEZrg,melrose-park-pennsylvania
https://www.ubereats.com/philadelphia/food-delivery/chef-moms-table/h_7DjgYuTpa0UzSMB9MmkQ,melrose-park-pennsylvania
https://www.ubereats.com/philadelphia/food-delivery/the-bayou-bar-and-grill/02oT8MzJQp-Dto0vUTltYA,melrose-park-pennsylvania
https://www.ubereats.com/philadelphia/food-delivery/philly-pretzel-factory-abington/q50vJtk5SPa4yBHzTUTL_A,melrose-park-pennsylvania
https://www.ubereats.com/philadelphia/food-delivery/lou-%26-choos/L5IsnZE6QXmMVDQHDA7lnQ,melrose-park-pennsylvania
https://www.ubereats.com/philadelphia/food-delivery/breakfast-boutique-germantown-ave/vL2YaS1hRdGSQt3_EvBBWA,melrose-park-pennsylvania
https://www.ubereats.com/philadelphia/food-delivery/dunkin-2901-abbotsford-ave/-U3LpLepQVmdE8aqJn6YRg,melrose-park-pennsylvania
https://www.ubereats.com/philadelphia/food-delivery/lemoncello/9fGoJvLpT3u3yFFRn3JlIA,melrose-park-pennsylvania
https://www.ubereats.com/philadelphia/food-delivery/junes-restaurant/LnvxXyEFQQ2TH8oz11ukaw,melrose-park-pennsylvania
https://www.ubereats.com/philadelphia/food-delivery/saladworks-8500-henry-avenue-store-%2329/LOP0WxawTWi0Yw6NL01LCA,melrose-park-pennsylvania
https://www.ubereats.com/philadelphia/food-delivery/dunkin-700-e-hunting-park-ave/mCGcZMAqS52lO1cAcUKUXQ,melrose-park-pennsylvania
https://www.ubereats.com/philadelphia/food-delivery/antojitos-to-el-ano/8uQdW7o7QzWQf6Jzy_yDog,melrose-park-pennsylvania
https://www.ubereats.com/philadelphia/food-delivery/vic-sushi-%26-thai-cuisine/ZdN3xrcuRqaDBTfoipzhNg,melrose-park-pennsylvania
https://www.ubereats.com/philadelphia/food-delivery/teng-da-asian-fusion/KycXdGETRBKlJP51-Mmw7A,melrose-park-pennsylvania
https://www.ubereats.com/philadelphia/food-delivery/magie-noodles-%E7%99%BE%E5%91%B3%E6%8B%89%E9%9D%A2/_4Q2zTfIQ3Wu0Tn0JndBCA,melrose-park-pennsylvania
https://www.ubereats.com/philadelphia/food-delivery/new-azaad-foods/KXOfKZaeSd-u9eEzMYlx4Q,melrose-park-pennsylvania
https://www.ubereats.com/philadelphia/food-delivery/cafe-jireh/3dGadlZhTYKVJLbP-3QxIg,melrose-park-pennsylvania
https://www.ubereats.com/philadelphia/food-delivery/primohoagies-51-bethlehem-pike/HUWYt-MJSpG1ahbn_M_PHg,melrose-park-pennsylvania
https://www.ubereats.com/philadelphia/food-delivery/pecado-colombiano/WYHQApLLQsmQ5sGTQdiucg,melrose-park-pennsylvania
https://www.ubereats.com/philadelphia/food-delivery/smileys-cafe/TFQb0pWUStSPwQma-SHWSA,melrose-park-pennsylvania
https://www.ubereats.com/philadelphia/food-delivery/picanha-brazilian-grill/blBGmcaVTtiojzkKD83Wrw,melrose-park-pennsylvania
https://www.ubereats.com/philadelphia/food-delivery/steves-take-out/-xUSdmk-T9Chym8yfOdxAQ,melrose-park-pennsylvania
https://www.ubereats.com/philadelphia/food-delivery/signatures-gourmet-restaurant/7bYe6LexR7ixZt_P8tCiug,melrose-park-pennsylvania
https://www.ubereats.com/philadelphia/food-delivery/mckinley-market/3PszCByZRZCOPb-W1-29CQ,melrose-park-pennsylvania
https://www.ubereats.com/philadelphia/food-delivery/santuccis-original-square-pizza-6164-ridge-ave/kxdUNT7ZRqi28DRHR_T5zQ,melrose-park-pennsylvania
https://www.ubereats.com/philadelphia/food-delivery/saladworks-huntingdon-valley/ITAMk1W7SXmhZJpmIu70Eg,melrose-park-pennsylvania
https://www.ubereats.com/philadelphia/food-delivery/china-gourmet-restaurant/_6C1AmevT0mvWWeRr9kaMA,melrose-park-pennsylvania
https://www.ubereats.com/philadelphia/food-delivery/four-seasons-diner/bfCKBcwEQjqMscxNA3ycPQ,melrose-park-pennsylvania
