url,city
https://www.ubereats.com/detroit/food-delivery/the-heights-meat-market-%26-grill/HC98meAsTWyFsOnfmkXF1w,melvindale-michigan
https://www.ubereats.com/detroit/food-delivery/bierkeller-tavern-%26-eatery/LnAg87vHRtOvTiTnHV2vXw,melvindale-michigan
https://www.ubereats.com/detroit/food-delivery/bar-louie-dearborn-mi/LIXkFLsrTq-FQ8ClFhIZSA,melvindale-michigan
https://www.ubereats.com/detroit/food-delivery/arbys-2431-s-telegraph-rd/ATNbbvXqSFyUlTcC6l27jQ,melvindale-michigan
https://www.ubereats.com/detroit/food-delivery/victory-soul-food/yM0Z6lAlRj6R0Wd_BJu0Zg,melvindale-michigan
https://www.ubereats.com/detroit/food-delivery/tropical-smoothie-cafe-allen-park/9uUJxuQhTvOe9xGBV-TAEQ,melvindale-michigan
https://www.ubereats.com/detroit/food-delivery/manhattan-fish-and-chicken/YrmL9qBzS_GQpLp8RJt2mA,melvindale-michigan
https://www.ubereats.com/detroit/food-delivery/senate-coney-island/aFU2MM54QaSzxHbTYnMMrA,melvindale-michigan
https://www.ubereats.com/detroit/food-delivery/vitamin-juice-inc/W2M7bukmQpyBie_cH5OK_g,melvindale-michigan
https://www.ubereats.com/detroit/food-delivery/the-peterboro/xp0qmvGqSJK6F40XOKP_jw,melvindale-michigan
https://www.ubereats.com/detroit/food-delivery/all-sports-pizza/granpiQHTMWc-LPY8Xd6Xg,melvindale-michigan
https://www.ubereats.com/detroit/food-delivery/wendys-18430-ford-rd/GZ7DvOwGQcy77YI1Q0ys6A,melvindale-michigan
https://www.ubereats.com/detroit/food-delivery/taco-bell-18900-michigan-ave/TMUbZ_HdQ16U9xQMhBCaxA,melvindale-michigan
https://www.ubereats.com/detroit/food-delivery/ollies-lebanese-cuisine-dearborn/pApIrybLRiO4sivpl1TJxA,melvindale-michigan
https://www.ubereats.com/detroit/food-delivery/bartz-bakery/L3EspdDiQQafgy9XVnF-rA,melvindale-michigan
https://www.ubereats.com/detroit/food-delivery/flowers-of-vietnam/CRR-sJK0S9WvuYxfieYh_Q,melvindale-michigan
https://www.ubereats.com/detroit/food-delivery/white-castle-17431-dix-rd/tPNEf0jrS2uhyVwNWh9CxA,melvindale-michigan
https://www.ubereats.com/detroit/food-delivery/menchies-frozen-yogurt-16351-ford-rd/aHW7NaNvTXWRmHfv7K_8ig,melvindale-michigan
https://www.ubereats.com/detroit/food-delivery/d-dees-corned-beef/S6FWFsLVS5a1IPYo3S6yWw,melvindale-michigan
https://www.ubereats.com/detroit/food-delivery/warren-bar-and-grill/sAHaj1tDS1C2P42SdV_FHw,melvindale-michigan
https://www.ubereats.com/detroit/food-delivery/red-dunn-kitchen-%40-trumbull-and-porter-boutique-hotel/mmz4UlT9SsGBWzc5AlJGLw,melvindale-michigan
https://www.ubereats.com/detroit/food-delivery/sonic-10403-ford-road/aB6MqT6-T1mDqFyoxsT6NA,melvindale-michigan
https://www.ubereats.com/detroit/food-delivery/leftys-cheesesteak-hoagies/i4BI2l6GTr-O8SZG7A597Q,melvindale-michigan
https://www.ubereats.com/detroit/food-delivery/chicken-shack-lincoln-park/vVvVo2v6RLKVpWz1wq5BVw,melvindale-michigan
https://www.ubereats.com/detroit/food-delivery/andiamo-renaissance-%26-atwater/y2y9raRNTjCF8Zo0l2UDtA,melvindale-michigan
https://www.ubereats.com/detroit/food-delivery/delite-cafe-detroit-dearborn/iEAUN1YZQCeAeKKChRoHkA,melvindale-michigan
https://www.ubereats.com/detroit/food-delivery/taco-bell-21700-ecorse-rd/IWJLDKV_TsGwUXMuLmCSHg,melvindale-michigan
https://www.ubereats.com/detroit/food-delivery/little-pizza/VxlF5a0ESJ--yNQlkaoXgg,melvindale-michigan
https://www.ubereats.com/detroit/food-delivery/leftys-dearborn/bKb_anJVTuq-LRVrBPCAXQ,melvindale-michigan
https://www.ubereats.com/detroit/food-delivery/golden-halal-pizza/ku-Z5oqMQbS2L1klAGC_ug,melvindale-michigan
https://www.ubereats.com/detroit/food-delivery/kfc-2716-w-grand-blvd/sGg2C6ZKRgqGA3QjPEUZDQ,melvindale-michigan
https://www.ubereats.com/detroit/food-delivery/subway-15861-southfield-rd/2PjYwRxrRzCaeVdrZLWO4g,melvindale-michigan
https://www.ubereats.com/detroit/food-delivery/tim-hortons-3550-greenfield-road/4jZK631ORHGS5RLSkctqMg,melvindale-michigan
https://www.ubereats.com/detroit/food-delivery/beyond-juicery-%2B-eatery-new-center/Lu8qHUPgR46WRYrmbMIzlQ,melvindale-michigan
https://www.ubereats.com/detroit/food-delivery/mcdonalds-1469-fort-st/Fy7crV9EQkKjK_QUuSQ38A,melvindale-michigan
https://www.ubereats.com/detroit/food-delivery/unburger-grill/0PRsicfkQde8R0XUZYUyRg,melvindale-michigan
https://www.ubereats.com/detroit/food-delivery/halal-tacos/ctIEdPJ2RXalGgzVSduR0g,melvindale-michigan
https://www.ubereats.com/detroit/food-delivery/olgas-kitchen-fairlane-dr/fP6nXOIXQ36-MjkeskrapA,melvindale-michigan
https://www.ubereats.com/detroit/food-delivery/kfc-10120-w-warren-avenue/uC2Wqdb4QsGbWA3hVrBPGQ,melvindale-michigan
https://www.ubereats.com/detroit/food-delivery/sicilys-pizza-and-subs/qyelEiBrTU6gS47kLGBmRw,melvindale-michigan
https://www.ubereats.com/detroit/food-delivery/arbys-14864-southfield-rd/EqYUkhTfSWGHvsmwVcvZ0Q,melvindale-michigan
https://www.ubereats.com/detroit/food-delivery/jersey-mikes-subs-22439-michigan-ave/-CLRnv2sReifPJkCfcdJKA,melvindale-michigan
https://www.ubereats.com/detroit/food-delivery/entree-moores/HkWYbdUvQga7BbqDome1yg,melvindale-michigan
https://www.ubereats.com/detroit/food-delivery/applebees-23200-allen-road/0mD7HV1xTZ-RPiSGf40l0g,melvindale-michigan
https://www.ubereats.com/detroit/food-delivery/la-posada/6j5IoqLvRCGXmFJMXfc6vg,melvindale-michigan
https://www.ubereats.com/detroit/food-delivery/the-ice-cream-shop/xV2QR3U6TuakCJuiGyhxtQ,melvindale-michigan
https://www.ubereats.com/detroit/food-delivery/galindos/dLDdeVa6Sj2ZMts87zwxFw,melvindale-michigan
https://www.ubereats.com/detroit/food-delivery/starters-bar-%26-grill-dearborn/oPLWWPTPT8uT4hzh04-wAg,melvindale-michigan
https://www.ubereats.com/detroit/food-delivery/mr-fish-%26-chicken-lincoln-park/KblrcMw9QyeNZiQ4byCmHA,melvindale-michigan
https://www.ubereats.com/detroit/food-delivery/wing-palace/GYDtlRqlTbC8WeuKe5QlHQ,melvindale-michigan
https://www.ubereats.com/detroit/food-delivery/bds-mongolian-grill-dearborn/FIxc0K1WScm9S04KNMf6jQ,melvindale-michigan
https://www.ubereats.com/detroit/food-delivery/zaghloul-subs/Pnm-YHwTR0-ENTTSW0c6hw,melvindale-michigan
https://www.ubereats.com/detroit/food-delivery/manhattan-fish-%26-chicken-express/hh6lycM1QbmgyUJ4eEk3dQ,melvindale-michigan
https://www.ubereats.com/detroit/food-delivery/frida-mexican-cuisine/B7H2IYDHQKmZKT144dQdoQ,melvindale-michigan
https://www.ubereats.com/detroit/food-delivery/starbucks-michigan-%26-oakman-dearborn/duUqvLARSYKX38tj_A-ttQ,melvindale-michigan
https://www.ubereats.com/detroit/food-delivery/burger-king-5822-telegraph-road/kbuCBZ6KRB66lVLwKTiOxQ,melvindale-michigan
https://www.ubereats.com/detroit/food-delivery/shish-palace-michigan-ave/2pXsPfpcSqSfza7wRl6apQ,melvindale-michigan
https://www.ubereats.com/detroit/food-delivery/bowls-n-rolls/vnwuAzkpSXSBwt230jboLg,melvindale-michigan
https://www.ubereats.com/detroit/food-delivery/gunpowder-cafe/GPYyf_GxS4OL2jeKTYeFig,melvindale-michigan
https://www.ubereats.com/detroit/food-delivery/mangonadas-del-barrio/-lKi3dxuTSCJaHIzSlnnxg,melvindale-michigan
https://www.ubereats.com/detroit/food-delivery/mr-fish-%26-chicken-river-rouge/B4cXc5khRyqAJCcQjQ8SsA,melvindale-michigan
https://www.ubereats.com/detroit/food-delivery/jb-bamboozles-pub-%26-grille/fIAiofrGQo6LBr29mXvEUw,melvindale-michigan
https://www.ubereats.com/detroit/food-delivery/holy-moly-donut-shop-grand-blvd/XJUhWomiSQ-KXsYBqxbXKw,melvindale-michigan
https://www.ubereats.com/detroit/food-delivery/jons-goodtime-bar-and-grill/npWeBhN4Qr6aW-UpdsFzyg,melvindale-michigan
https://www.ubereats.com/detroit/food-delivery/checkers-9515-michigan-ave/bGOYrKePSgWFAd0AUTGkoQ,melvindale-michigan
https://www.ubereats.com/detroit/food-delivery/panera-3112-fairlane-drive/OqxjCXM0QLi5LOIVFdYrUQ,melvindale-michigan
https://www.ubereats.com/detroit/food-delivery/applebees-23099-outer-drive/LucWnJESRdCcEpTq3s0fTA,melvindale-michigan
https://www.ubereats.com/detroit/food-delivery/wendys-21909-ecorse-road/Mpo0zGToR-SpPPBz6hSI2w,melvindale-michigan
https://www.ubereats.com/detroit/food-delivery/fast-treats/jDSPs5lNSNiraDy3vRMW4Q,melvindale-michigan
https://www.ubereats.com/detroit/food-delivery/l-georges-coney-island-16835-west-warren-avenue/I_uOAHmnSOWYyky21yQ8Tw,melvindale-michigan
https://www.ubereats.com/detroit/food-delivery/kfc-12825-eureka-road/c1YOlF7GQpS0nRPEt3BKrg,melvindale-michigan
https://www.ubereats.com/detroit/food-delivery/sweet-soul-bistro/PmR2KwYhThyTE0FPLOFa-g,melvindale-michigan
https://www.ubereats.com/detroit/food-delivery/get-and-go-pizza-and-subs/Pe3xldquRoCpIzBrdY1ULg,melvindale-michigan
https://www.ubereats.com/detroit/food-delivery/burger-shack/sAWUrAZdQSmhoGupU9R7Qw,melvindale-michigan
https://www.ubereats.com/detroit/food-delivery/red-robin-378-15777-eureka-blvd/0Xxhm5cuRhCZkm3DxXoTnA,melvindale-michigan
https://www.ubereats.com/detroit/food-delivery/ra-sushi-18601-hubbard-drive/7dcESgaERS-kmJD0vfCtLg,melvindale-michigan
https://www.ubereats.com/detroit/food-delivery/don-taco-bar-and-grill/TZgYuWFETtyBxXtvmc3U8g,melvindale-michigan
https://www.ubereats.com/detroit/food-delivery/albasha-subs-ford-%26-john-daly/KD07JEb6R0CkRxT1plM_vQ,melvindale-michigan
https://www.ubereats.com/detroit/food-delivery/tijuanas-mexican-kitchen-lincoln-park/pLePk4maT0iRcrScqMZ2CQ,melvindale-michigan
https://www.ubereats.com/detroit/food-delivery/sweet-lous-kitchen/IoHsRozNTzqUH4jmS-YRzQ,melvindale-michigan
https://www.ubereats.com/detroit/food-delivery/albasha-subs-warren-%26-manor/kFoIIhQRQ_a1pzbJl75j4Q,melvindale-michigan
https://www.ubereats.com/detroit/food-delivery/jets-pizza-warren-ave/Kd4cIyMhT_yMam6IZYxMyg,melvindale-michigan
https://www.ubereats.com/detroit/food-delivery/auntie-annes-3565-fairlane-drive/SCiBkVJqSrK54bas1jYSuw,melvindale-michigan
https://www.ubereats.com/detroit/food-delivery/taco-bell-2307-s-wayne-rd/uN-SmtRkQLSTg9iqmDVbaA,melvindale-michigan
https://www.ubereats.com/detroit/food-delivery/chipotle-mexican-grill-3125-fairlane-dr/XJ0_uMcqRuKxn-XoDk0mJw,melvindale-michigan
https://www.ubereats.com/detroit/food-delivery/the-custard-company/_UycxR2fTWCoPMiFdT8btg,melvindale-michigan
https://www.ubereats.com/detroit/food-delivery/taco-bell-14839-telegraph-rd/DdT4yfk_Tqm0aWfM5hIAXw,melvindale-michigan
https://www.ubereats.com/detroit/food-delivery/kfc-ford-rd/JL3GoBhPSoGTc0M1wDUwQg,melvindale-michigan
https://www.ubereats.com/detroit/food-delivery/trio-eats/rTt9_yihRc-EknMhLkLsLA,melvindale-michigan
https://www.ubereats.com/detroit/food-delivery/dynasty-chinese-of-detroit/GNXE-GrlRf696zT3Chrhng,melvindale-michigan
https://www.ubereats.com/detroit/food-delivery/mcdonalds-michigan-%26-woodworth/KSmKK4TVTl6eFB-njlcl7w,melvindale-michigan
https://www.ubereats.com/detroit/food-delivery/taco-bros/u4sdG3yUQmmbrNgckLjAHw,melvindale-michigan
https://www.ubereats.com/detroit/food-delivery/kfc-10130-telegraph-rd/HcvYDi1VSsGaZlm0Y5e2Qw,melvindale-michigan
https://www.ubereats.com/detroit/food-delivery/byblos-cafe-and-grill-cass-ave/73UDkzg8QU-WEM0eKGAtEw,melvindale-michigan
https://www.ubereats.com/detroit/food-delivery/happys-pizza-livernois/M9RDI3SUR02RSCpG6I6nuw,melvindale-michigan
https://www.ubereats.com/detroit/food-delivery/boston-market-15424-southfield-rd/iKK2VAlMTVS9Niau5hT2Mg,melvindale-michigan
https://www.ubereats.com/detroit/food-delivery/ming-sun/dWQoWsPGQPKiP1SuDtu7ng,melvindale-michigan
https://www.ubereats.com/detroit/food-delivery/mcdonalds-dix-%26-philomene/G5boyx9KQeSlAdat8TAVTg,melvindale-michigan
https://www.ubereats.com/detroit/food-delivery/beity-kitchen/N6wG3WDJRzGH7sFIWpNa6w,melvindale-michigan
https://www.ubereats.com/detroit/food-delivery/bills-place/o_qC_1cpQUGc2HXVih7fDw,melvindale-michigan
https://www.ubereats.com/detroit/food-delivery/taylor-kabob/62Rhfr6hSjKx3HTnWBmbHQ,melvindale-michigan
https://www.ubereats.com/detroit/food-delivery/tim-hortons-24921-ford-road/69wDJAjISje75kqiFyq-qg,melvindale-michigan
https://www.ubereats.com/detroit/food-delivery/new-york-deli/cODhxELfQEyoMYpWgEivxg,melvindale-michigan
https://www.ubereats.com/detroit/food-delivery/paradise-biryani-pointe/wrDA3Fh2TaCughMKFdkWgg,melvindale-michigan
https://www.ubereats.com/detroit/food-delivery/dennys-20565-eureka-road/shVEkQ1tSKOm4AKWYtU_iw,melvindale-michigan
https://www.ubereats.com/detroit/food-delivery/uptown-bbq/Pglde5ziTBqFtiU4Y0HRGg,melvindale-michigan
https://www.ubereats.com/detroit/food-delivery/churchs-chicken-15525-w-chicago-street/cmLbKZA_STiLkEBkZraFbw,melvindale-michigan
https://www.ubereats.com/detroit/food-delivery/big-apple-bagels-ford-rd/wM7ZNB7HThCy6f5I9_74nQ,melvindale-michigan
https://www.ubereats.com/detroit/food-delivery/shish-palace-southfield-rd/505SVmIFQgyhnv1pq-7d8Q,melvindale-michigan
https://www.ubereats.com/detroit/food-delivery/brome-modern-eatery/u8rVDoCNR2Kavt9kluFOqA,melvindale-michigan
https://www.ubereats.com/detroit/food-delivery/steak-and-cheese-market/ukvfYCzvRj66XWo7oTxQvw,melvindale-michigan
https://www.ubereats.com/detroit/food-delivery/biggby-coffee-greenfield-%26-rotunda/l5JQygh8SnWXc11fOrqdhA,melvindale-michigan
https://www.ubereats.com/detroit/food-delivery/masri-sweets/oSQgjX22QlOHUOCi9xpZCw,melvindale-michigan
https://www.ubereats.com/detroit/food-delivery/el-angel-carniceria-%26-taqueria/Ng3S6m4NR0uFiWoLsadhaw,melvindale-michigan
https://www.ubereats.com/detroit/food-delivery/luckis-cheesecake-midtown/Oghp8CqYRT64OltcF4bv9A,melvindale-michigan
https://www.ubereats.com/detroit/food-delivery/geisha-girls/6mmTlTj8Rey9iAIjNKK39A,melvindale-michigan
https://www.ubereats.com/detroit/food-delivery/white-castle-22340-ecorse-rd/LE-IAVnpR7-zeX-CWzR1vA,melvindale-michigan
https://www.ubereats.com/detroit/food-delivery/tim-hortons-3556-oakwood-boulevard/ULun9ErmT1KiflHh5BpKuA,melvindale-michigan
https://www.ubereats.com/detroit/food-delivery/k%26m-shish-palace/UP30xvSUScCoyVJ_EvFQ-Q,melvindale-michigan
https://www.ubereats.com/detroit/food-delivery/taco-bell-12260-fort-st/d3x6eStISEa1r0d7ZQgeAA,melvindale-michigan
https://www.ubereats.com/detroit/food-delivery/parks-old-style-bbq/7pi0W_ftQkmfPbCwjWOC5w,melvindale-michigan
https://www.ubereats.com/detroit/food-delivery/triangulo-dorado/RqPlrCv4Q2SWi3QN6flOYA,melvindale-michigan
https://www.ubereats.com/detroit/food-delivery/tim-hortons-21203-michigan-ave/NG3iivLuS6OF4AxRhYlSUQ,melvindale-michigan
https://www.ubereats.com/detroit/food-delivery/happys-pizza-woodward-ave/zfil8z0xSX2a90Pn7-1osg,melvindale-michigan
https://www.ubereats.com/detroit/food-delivery/armandos-mexican-restaurant/G57JP3feQ2GiKBuqnIgJ5g,melvindale-michigan
https://www.ubereats.com/detroit/food-delivery/tim-hortons-7205-north-telegraph/mV2PsohKQqelViEBu-kAEw,melvindale-michigan
https://www.ubereats.com/detroit/food-delivery/potbelly-sandwich-shop-allen-park-%7C-176/hvyqtHADQ9CWky-wHUXEjw,melvindale-michigan
https://www.ubereats.com/detroit/food-delivery/carieras/N6l2cn9sQ-SQi34V29LlCw,melvindale-michigan
https://www.ubereats.com/detroit/food-delivery/wendys-18902-northline-road/lYVOni7WSceYcbf3CDhOgw,melvindale-michigan
https://www.ubereats.com/detroit/food-delivery/the-bread-basket-grand-river/THidm-fMRkG4kdPP8wVCQQ,melvindale-michigan
https://www.ubereats.com/detroit/food-delivery/the-ice-cream-shop/htMGXbMERSOHSBvOGD5Umw,melvindale-michigan
https://www.ubereats.com/detroit/food-delivery/honest-johns-bar-%26-no-grill/um-58noYT--upU2AdlFQ-A,melvindale-michigan
https://www.ubereats.com/detroit/food-delivery/senor-lopez-mexican-restaurant/LBUtXTV5RLmBE9LICTT2Vg,melvindale-michigan
https://www.ubereats.com/detroit/food-delivery/super-sports-bar/eaz-PUZrR1Kn0lHz2jNm-w,melvindale-michigan
https://www.ubereats.com/detroit/food-delivery/the-craft-grill/Jp3xZqrIRAKWcFatmT2rOA,melvindale-michigan
https://www.ubereats.com/detroit/food-delivery/mi-pueblo-express-7271-dix-avenue/Jn-myG1xQNaHp32livmH3g,melvindale-michigan
https://www.ubereats.com/detroit/food-delivery/odis-spunkmeyer/pHqoNanuQc6nzm8kts0lww,melvindale-michigan
https://www.ubereats.com/detroit/food-delivery/mcdonalds-oakwood-%26-allen/kEJEvrNSR3Wi4_A8A2ZZrw,melvindale-michigan
https://www.ubereats.com/detroit/food-delivery/el-salpicon/eRpaaftnT9Cr0zwc_HXZkg,melvindale-michigan
https://www.ubereats.com/detroit/food-delivery/flame-burgers-%26-kabobs/I6HspDJhSnSXSt7CcWXXQg,melvindale-michigan
https://www.ubereats.com/detroit/food-delivery/dairy-queen-treat-3007-wayne-rd-s/ygOoQa7MTbWB2TRX9GfByw,melvindale-michigan
https://www.ubereats.com/detroit/food-delivery/arbys-27277-eureka-rd/2uoA3RZrRgSDQG7d67YMuw,melvindale-michigan
https://www.ubereats.com/detroit/food-delivery/checkers-4850-s-telegraph-road/efByQh_NT9ijN2D_XqRiWQ,melvindale-michigan
https://www.ubereats.com/detroit/food-delivery/samwich-factory/qNMYU3mNQhaE9cjpiAlklQ,melvindale-michigan
https://www.ubereats.com/detroit/food-delivery/pf-changs-18900-michigan-ave-space-r-101/VlGvZYqMTCGrL-P21-6BpQ,melvindale-michigan
https://www.ubereats.com/detroit/food-delivery/maharaja-grill/leQISwvQSdOytrETJxOL4g,melvindale-michigan
https://www.ubereats.com/detroit/food-delivery/dairy-queen-treat-9151-wyoming-st/TX-G-q-fQAypv1hItuS5uA,melvindale-michigan
https://www.ubereats.com/detroit/food-delivery/taco-bell-10060-telegraph-rd/-sJO4Z5GTaG6Z_rtCOxGUw,melvindale-michigan
https://www.ubereats.com/detroit/food-delivery/froot-grill-%26-cafe/Cxi98cqTTaSkOVcT9OO69w,melvindale-michigan
https://www.ubereats.com/detroit/food-delivery/als-fresh-fish-chicken-%26-seafood-greenfield-%26-arthur/fHjt_tVyQAawnxUNs_rO4A,melvindale-michigan
https://www.ubereats.com/detroit/food-delivery/la-terraza/TS2FtIcXSU6nwfos58-yLw,melvindale-michigan
https://www.ubereats.com/detroit/food-delivery/charmed/wswB66MMQtWeI63RCgUr7w,melvindale-michigan
https://www.ubereats.com/detroit/food-delivery/hook-fresh-fish-%26-chicken/WF43bI3HRvm3O2v3izbjxQ,melvindale-michigan
https://www.ubereats.com/detroit/food-delivery/taco-bell-2306-dix-hwy/Bc8inm1tT7Wd7JYxpsv1SA,melvindale-michigan
https://www.ubereats.com/detroit/food-delivery/arbys-18767-northline-rd/OQ7YycXsRQOofJSIsyKCgw,melvindale-michigan
https://www.ubereats.com/detroit/food-delivery/detroit-75-kitchen/CI1vbq4LRs2ZCKXBupTQZg,melvindale-michigan
https://www.ubereats.com/detroit/food-delivery/chipotle-mexican-grill-23111-eureka-rd/WlrxrDUoSUa9bH0QRpt30w,melvindale-michigan
https://www.ubereats.com/detroit/food-delivery/kfc-556-southfield/VLPMpVj_TqWtrpaGIDl8Tg,melvindale-michigan
https://www.ubereats.com/detroit/food-delivery/z-shawarma-king/Dhhd_WA2Qui1rUmS0mf5Fg,melvindale-michigan
https://www.ubereats.com/detroit/food-delivery/cedarland-restaurant/PRnmV0R0QlCx5JcrT3sTVg,melvindale-michigan
https://www.ubereats.com/detroit/food-delivery/alandalus-manaeesh/Atvt7C0UQhiims4fIFNl6Q,melvindale-michigan
https://www.ubereats.com/detroit/food-delivery/treat-you-batter/-iZ17GRyQtWSNCzfLLIw8Q,melvindale-michigan
https://www.ubereats.com/detroit/food-delivery/charminar-biryani-house/fOSQ1vW4QqWTLvsRv3EuvA,melvindale-michigan
https://www.ubereats.com/detroit/food-delivery/del-taco-5644-n-telegraph/Jd8tAuQ4QhabEI2jRcvtnw,melvindale-michigan
https://www.ubereats.com/detroit/food-delivery/senate-coney-island/ggPpsSYcQiuy8iXCOKakww,melvindale-michigan
https://www.ubereats.com/detroit/food-delivery/china-house/L13uQa2eSq2UdGiqoD3Nmw,melvindale-michigan
https://www.ubereats.com/detroit/food-delivery/cedarland-bakery/WcBEqtjJSYODduG5wmeQ3w,melvindale-michigan
https://www.ubereats.com/detroit/food-delivery/famous-shawarmas/yS4DOw-KSQCYRu6eUgEPow,melvindale-michigan
https://www.ubereats.com/detroit/food-delivery/wendys-3560-greenfield/_mq4eYYBTYC4ml0hgrZCBQ,melvindale-michigan
https://www.ubereats.com/detroit/food-delivery/taqueria-el-nacimiento/4J9UNRJ5R1GTfUlh-qaJJw,melvindale-michigan
https://www.ubereats.com/detroit/food-delivery/wing-fellas/9wBqjihJRcCH1wOGB9A5oQ,melvindale-michigan
https://www.ubereats.com/detroit/food-delivery/starters-bar-%26-grill-plymouth/uCRlnpT_TtmptY8jSUEczA,melvindale-michigan
https://www.ubereats.com/detroit/food-delivery/la-noria-bistro/7N9DmV5PTc2j-bIwXFaTZw,melvindale-michigan
https://www.ubereats.com/detroit/food-delivery/gateway-deli-cafe/AnSxvcEXT7qHPtW7HeZFKA,melvindale-michigan
https://www.ubereats.com/detroit/food-delivery/burger-king-18900-michigan-ave/0Mm7xNAzS9O-BknvQRM26w,melvindale-michigan
https://www.ubereats.com/detroit/food-delivery/five-guys-mi-1523-23007-outer-dr/HDZvyWiFSYCjNnEvmjyMog,melvindale-michigan
https://www.ubereats.com/detroit/food-delivery/union-street-detroit/-WK9WRQpS5CoLx2NFjGCvw,melvindale-michigan
https://www.ubereats.com/detroit/food-delivery/tubbys-grilled-submarines-23440-michigan-ave-dearborn/cQl1udufTQawy80GbASPkA,melvindale-michigan
https://www.ubereats.com/detroit/food-delivery/bob-evans-205-30987-flynn-drive/ejLUIMIzQG-MTxhZq4rvNg,melvindale-michigan
https://www.ubereats.com/detroit/food-delivery/a1-dogs-%26-burgers/tqUmxVo6TBKxUoLlN4Jdiw,melvindale-michigan
https://www.ubereats.com/detroit/food-delivery/timas-kitchen/aF33NwTaR0egkNmpZS_8Bw,melvindale-michigan
https://www.ubereats.com/detroit/food-delivery/olgas-kitchen-23404-allen-rd/bO66_HNDSjGlBeqr_qVEEQ,melvindale-michigan
https://www.ubereats.com/detroit/food-delivery/olgas-kitchen-eureka-rd/qjXaVwnRR72XwKY-WO8hdA,melvindale-michigan
https://www.ubereats.com/detroit/food-delivery/la-jalisciense-restaurant/kR50XctXRbWZTn1uzIzWbw,melvindale-michigan
https://www.ubereats.com/detroit/food-delivery/great-steak-18900-michigan-ave-ste-fc303/iPkXKgQLRgKxKADRw-VzXQ,melvindale-michigan
https://www.ubereats.com/detroit/food-delivery/krispy-kreme-15050-southfield-road/dDvOLzBxTrSz4CabUeWflg,melvindale-michigan
https://www.ubereats.com/detroit/food-delivery/cold-stone-creamery-allen-park/d-r05u-CSZupLDcT5SNIrg,melvindale-michigan
https://www.ubereats.com/detroit/food-delivery/websters-bbq/1w_YcO_qTkqq036E2Y1JqA,melvindale-michigan
https://www.ubereats.com/detroit/food-delivery/china-house/0d3f7EFzRwSmuvEBhr6-pw,melvindale-michigan
https://www.ubereats.com/detroit/food-delivery/taco-bell-3333-fairlane-drive/48M-I-I5SoqJc_EIW36FjQ,melvindale-michigan
https://www.ubereats.com/detroit/food-delivery/edible-arrangements-26430-ford-road/K7p_fc-SSqiXavLkyxgNkA,melvindale-michigan
https://www.ubereats.com/detroit/food-delivery/manhattan-fish-%26-chicken/Wd9ulIvZTQmShIimakSeOA,melvindale-michigan
https://www.ubereats.com/detroit/food-delivery/andiamo-michigan-%26-elm/t1KU9cBIS0GXBNAR1rHovQ,melvindale-michigan
https://www.ubereats.com/detroit/food-delivery/little-caesars-22359-goddard-rd/bl0T9V0_QKiU9JXVArisEQ,melvindale-michigan
https://www.ubereats.com/detroit/food-delivery/mcdonalds-wyoming-%26-gould/V7_72HC6Rye5uggytuMvuA,melvindale-michigan
https://www.ubereats.com/detroit/food-delivery/del-taco-14570-southfield-road/g2tUw2jST-imQyUFppEzjg,melvindale-michigan
https://www.ubereats.com/detroit/food-delivery/starbucks-dearborn-michigan-ave-%26-howard/Z57H0At6SjOdDu-5ufNaQg,melvindale-michigan
https://www.ubereats.com/detroit/food-delivery/benihana-hubbard-%26-northwood/1gogWo2NQlukBR6VEw3rpg,melvindale-michigan
https://www.ubereats.com/detroit/food-delivery/applebees-ecorse-rd/XoKAF6dvTlWm0VtTLeD-Nw,melvindale-michigan
https://www.ubereats.com/detroit/food-delivery/mr-pit-master-barbeque/cgEvqxTdRdq8BbuMopp8dQ,melvindale-michigan
https://www.ubereats.com/detroit/food-delivery/wendys-8515-ntelegraph-road/AZJvrbgKSgWY7PkOsiMI9g,melvindale-michigan
https://www.ubereats.com/detroit/food-delivery/checkers-11641-greenfield-road/kO_VPjNCRaC1FZKue9iyCg,melvindale-michigan
https://www.ubereats.com/detroit/food-delivery/burger-king-18520-allen-road/eRTnkzPLQqu-NAjb5Mc_yg,melvindale-michigan
https://www.ubereats.com/detroit/food-delivery/boston-market-5651-mercury-dr/lRXoo21hTdaCnJZAO3h4Ww,melvindale-michigan
https://www.ubereats.com/detroit/food-delivery/ihop-24140-ford-rd/HjLZdfRAQvyi5Dv7vlRWyg,melvindale-michigan
https://www.ubereats.com/detroit/food-delivery/lava-java-cafe/fyomsfQgQRKRDE0T25WbOg,melvindale-michigan
https://www.ubereats.com/detroit/food-delivery/wendys-1055-fort-street/d1r8ktBJRFGfftctVVnSpQ,melvindale-michigan
https://www.ubereats.com/detroit/food-delivery/ananas-cafe-ford-%26-beech-daly/FlyP4pcRTgqos8aj04ig_A,melvindale-michigan
https://www.ubereats.com/detroit/food-delivery/teds-coney-island/-aVBQe3KTW-fCqvOCaN-5A,melvindale-michigan
https://www.ubereats.com/detroit/food-delivery/dunkin-4005-dix-hwy/JH8Z5ItiQz60s_b9BI7FHw,melvindale-michigan
https://www.ubereats.com/detroit/food-delivery/bens-soft-pretzels-14640-pardee-rd/TiovEqJ_RxubTbJy_hAcSw,melvindale-michigan
https://www.ubereats.com/detroit/food-delivery/tim-hortons-10401-ford-road/x29FuJswRw6bVqb7QdIjUw,melvindale-michigan
https://www.ubereats.com/detroit/food-delivery/hard-body%22s-detroit/YEAcms3lQ5--QXMZB_UxKQ,melvindale-michigan
https://www.ubereats.com/detroit/food-delivery/delhi-woks/g2COINZKT5KNHCWbjQAG-Q,melvindale-michigan
https://www.ubereats.com/detroit/food-delivery/boba-bar-woodward-ave/l7Lp6fgVQI2pgdNJpAXu1w,melvindale-michigan
https://www.ubereats.com/detroit/food-delivery/chuck-e-cheese-24399-michigan-ave/xuwB90SiQhyPjHWqv_cnHg,melvindale-michigan
https://www.ubereats.com/detroit/food-delivery/wendys-10443-telegraph-rd/jtSRDGCvTAyjJ9XJswswUg,melvindale-michigan
https://www.ubereats.com/detroit/food-delivery/telegraph-grill/Coo2IwaaSmKRR5FZAcMA1g,melvindale-michigan
https://www.ubereats.com/detroit/food-delivery/bon-bon-bon-hamtramck/vDAHICpESM6PH1itp_eq4Q,melvindale-michigan
https://www.ubereats.com/detroit/food-delivery/angels-bake-n-cakes/CoJpyb4dRq-9lNUF9bDBvg,melvindale-michigan
https://www.ubereats.com/detroit/food-delivery/mocha-bistro/skrU6DclThyILh6rRBmHAA,melvindale-michigan
https://www.ubereats.com/detroit/food-delivery/dessert-oasis-coffee-roasters-detroit/zg1XwmPnSPaGbt9l4LTk3A,melvindale-michigan
https://www.ubereats.com/detroit/food-delivery/pauls-pizzeria/vZUiMsczQK2KrbNB1DrYqA,melvindale-michigan
https://www.ubereats.com/detroit/food-delivery/wild-coney-%26-grill/GFflvvWCRkiKHHbvSOz1nQ,melvindale-michigan
https://www.ubereats.com/detroit/food-delivery/shake-shack-660-woodward-avenue/JzvoOdFuSXm7KDLibkzFTA,melvindale-michigan
https://www.ubereats.com/detroit/food-delivery/subway-400-n-telegraph-rd/uBlVC3HITgGTa_qaS1_1RA,melvindale-michigan
https://www.ubereats.com/detroit/food-delivery/mango-cafe/Rs1J6j2OTBWEzBXndkDcTg,melvindale-michigan
https://www.ubereats.com/detroit/food-delivery/centro-botanero/LJqCy0pnSuql0iG2afPhog,melvindale-michigan
https://www.ubereats.com/detroit/food-delivery/la-favorita/4_JTXm3QRoKecwKLFat5Gg,melvindale-michigan
https://www.ubereats.com/detroit/food-delivery/red-lobster-13999-eureka-road/5WTnTO3sSv6wtiZf6oTC4Q,melvindale-michigan
https://www.ubereats.com/detroit/food-delivery/sheeba-restaurants/ms2kkfNxRoKprGMDQlXvMw,melvindale-michigan
https://www.ubereats.com/detroit/food-delivery/al-ameer-dearborn/G-CqGCMfQYGDwzN5IuoGVg,melvindale-michigan
https://www.ubereats.com/detroit/food-delivery/chicagos-pizza-allen-park/0TYAoNKeSuioYabtoqEsuA,melvindale-michigan
https://www.ubereats.com/detroit/food-delivery/jovonnes-lounge/fo47SnfhQca_FaOgVHuwDA,melvindale-michigan
https://www.ubereats.com/detroit/food-delivery/paisanos-pizza-5511-schaefer-rd/soOJvVu2QVe-33BD13WSiw,melvindale-michigan
https://www.ubereats.com/detroit/food-delivery/detroit-pizza-factory/Mlwy9hF5RuGFt5hRzmOxag,melvindale-michigan
https://www.ubereats.com/detroit/food-delivery/hooters-taylor/7i2LG7RpRnK2--py9nofYg,melvindale-michigan
https://www.ubereats.com/detroit/food-delivery/blaze-pizza-3129-fairlane-drive/CVcaCnGZRomuUlkrllGiXg,melvindale-michigan
https://www.ubereats.com/detroit/food-delivery/wendys-5714-south-telegraph-road/pxcsUjUjRmmdVbr8WNW6bA,melvindale-michigan
https://www.ubereats.com/detroit/food-delivery/tropical-smoothie-cafe-35131-e-michigan-ave/yBZ6dlYVSVSUzAf9AF9nIA,melvindale-michigan
https://www.ubereats.com/detroit/food-delivery/famous-daves-23811-eureka-road/kCiUV4qIQqiyY-ldzmns4g,melvindale-michigan
https://www.ubereats.com/detroit/food-delivery/zaytoona-lebanese-cuisine/_qwVxBu4R5qqHdbOFUl66Q,melvindale-michigan
https://www.ubereats.com/detroit/food-delivery/lebon-sweets-warren/G7kiqjwIRQqVBUHwBdiuTw,melvindale-michigan
https://www.ubereats.com/detroit/food-delivery/freds-fish-and-chicken-schaefer-hwy/Qb-50LQHSpKk3nMzY4FknA,melvindale-michigan
https://www.ubereats.com/detroit/food-delivery/papa-johns-michigan-%26-oakman/7Jz3eyDOQ8qkHgoupCc03w,melvindale-michigan
https://www.ubereats.com/detroit/food-delivery/grandma-bobs/4GkTvJdRQtyaqPCSw0BRxw,melvindale-michigan
https://www.ubereats.com/detroit/food-delivery/outback-steakhouse-15765-eureka-road/8gv1Lfr-StuKWDV5ATS5aQ,melvindale-michigan
https://www.ubereats.com/detroit/food-delivery/the-himalayan-flames/WDKvhQUcSbeyZNHpC0xGgg,melvindale-michigan
https://www.ubereats.com/detroit/food-delivery/mykonos-greek-%26-american-cuisine/5E1Rfb7ATSO1aXn56uZlYw,melvindale-michigan
https://www.ubereats.com/detroit/food-delivery/kfc-1217-dix-road/aduLuRYCQv6A3JVVPEmMHw,melvindale-michigan
https://www.ubereats.com/detroit/food-delivery/basha-grill/o8eTIoXKSE6OKc8Ls3U4Bg,melvindale-michigan
https://www.ubereats.com/detroit/food-delivery/lebon-sweets-ford/VGkqIAxaRx2m_S-9n_RF-A,melvindale-michigan
https://www.ubereats.com/detroit/food-delivery/amiccis-pizza-vernor/CYp5o-d6RC2JacIzIQQ9QA,melvindale-michigan
https://www.ubereats.com/detroit/food-delivery/gateaux/szz3YCHkQ7KZCiikz50j0w,melvindale-michigan
https://www.ubereats.com/detroit/food-delivery/taco-bell-14000-livernois/T4_BUHH7TeqD7zSKJVrD6A,melvindale-michigan
https://www.ubereats.com/detroit/food-delivery/caesars-coney-island/NooxJ-UVQb27F9f_1NdYFg,melvindale-michigan
https://www.ubereats.com/detroit/food-delivery/kfc-9848-livernois-ave/QouAgyrJS3y86YZXIZm7gg,melvindale-michigan
https://www.ubereats.com/detroit/food-delivery/zezo-sub-%26-grill/3HhcWwfAR4SBxJRrgtTQ9w,melvindale-michigan
https://www.ubereats.com/detroit/food-delivery/burger-king-2155-dix-road/SFa9KKAuTPWWyUrVFwFcoQ,melvindale-michigan
https://www.ubereats.com/detroit/food-delivery/taco-bell-18718-fort-st/O13emt3vS-y4_PYePjB6mg,melvindale-michigan
https://www.ubereats.com/detroit/food-delivery/red-robin-381-18650-ford-rd/9olRJAcjSVCoFRL_a_8wzw,melvindale-michigan
https://www.ubereats.com/detroit/food-delivery/mcdonalds-michigan-%26-braden/LZjEM0TIRzCzA5SIfGWIZQ,melvindale-michigan
https://www.ubereats.com/detroit/food-delivery/yum-yum-express/HSpwD6J0SheiG5LvM-M6Zg,melvindale-michigan
https://www.ubereats.com/detroit/food-delivery/mcdonalds-joy-%26-southfield/Gk4qad8QRI6GK7kmjRi6eA,melvindale-michigan
https://www.ubereats.com/detroit/food-delivery/detroit-city-coney-island/dkpIO2MWTN2u_V_N0G7yLw,melvindale-michigan
https://www.ubereats.com/detroit/food-delivery/mcdonalds-ford-rd/BMXsMyGhTjKsC1jimJj0rw,melvindale-michigan
https://www.ubereats.com/detroit/food-delivery/kfc-12425-dix-road/9GLABIJ8TRaOOTm7f1dqDg,melvindale-michigan
https://www.ubereats.com/detroit/food-delivery/alanos-pizza-%26-subs/rEmr7fGRQZWffTq_wYLVEw,melvindale-michigan
https://www.ubereats.com/detroit/food-delivery/auntie-annes-18900-michigan-ave-sp-h-306/xZOkPnHxQYyWo2ssNXweog,melvindale-michigan
https://www.ubereats.com/detroit/food-delivery/checkers-6060-west-vernor-hwy/UwMU9HeZS8G2pex2KviJag,melvindale-michigan
https://www.ubereats.com/detroit/food-delivery/mighty-wing-shop-detroit/w-zStTljQCCTJLxkcIbwAg,melvindale-michigan
https://www.ubereats.com/detroit/food-delivery/kfc-25551-5-mile-rd/lOMHBnZlR1KsQ4GTv6u6iA,melvindale-michigan
https://www.ubereats.com/detroit/food-delivery/kingdom-kebob/Sv561ohGT1SU3iKBTT3ntg,melvindale-michigan
https://www.ubereats.com/detroit/food-delivery/fish-station/SQWQ5ZwiQqaqQRIopLXA_A,melvindale-michigan
https://www.ubereats.com/detroit/food-delivery/shatila-bakery/koihcXNZTD-bl8oXc5paig,melvindale-michigan
https://www.ubereats.com/detroit/food-delivery/rafics-falafel/PGpVj67PRbm6UO_G0pqNpQ,melvindale-michigan
https://www.ubereats.com/detroit/food-delivery/tropical-smoothie-cafe-26931-ford-road/sfY0Tf-7RguNIu0xg-9ZVg,melvindale-michigan
https://www.ubereats.com/detroit/food-delivery/la-salsa-mexican-taqueria/LxojwcTgR3GWTuTC-HyLrQ,melvindale-michigan
https://www.ubereats.com/detroit/food-delivery/kfc-12721-michigan-ave/BpZt638MTU-Xuh87dqW-7A,melvindale-michigan
https://www.ubereats.com/detroit/food-delivery/burger-king-4063-fort-street/CTj6uxwBT1iRYgCtDS-d9w,melvindale-michigan
https://www.ubereats.com/detroit/food-delivery/primealete-nutrition-llc/e-E5LHxYSsaDhF5Sx6q-XQ,melvindale-michigan
https://www.ubereats.com/detroit/food-delivery/leftys-taylor/14OJXikiQ-SCfPhi4A5f1Q,melvindale-michigan
https://www.ubereats.com/detroit/food-delivery/checkers-2250-dix-road/ggy5S5_HQ2yZEMO7Iu0txA,melvindale-michigan
https://www.ubereats.com/detroit/food-delivery/checkers-2291-fort-street/w8S0tSpwR_GFp2bwxYOjvg,melvindale-michigan
https://www.ubereats.com/detroit/food-delivery/on-the-border-allen-park/VZok1ilPSkuyHABFZhg5Ag,melvindale-michigan
https://www.ubereats.com/detroit/food-delivery/kfc-allen-rd/cPDP8M6OR2Cu_QTs0L7frQ,melvindale-michigan
https://www.ubereats.com/detroit/food-delivery/luck-star-buffet/okoaAgnqSOCY2PBeZH4z8Q,melvindale-michigan
https://www.ubereats.com/detroit/food-delivery/algottis-grill/f1CcAgjqQ2qrO8NhtQwWOw,melvindale-michigan
https://www.ubereats.com/detroit/food-delivery/burger-king-20401-west-warren/_0afuUJ6T_CR5I1ZCKhN5Q,melvindale-michigan
https://www.ubereats.com/detroit/food-delivery/shawarma-bash/gSr72PWlSzCKgvgq9unjzw,melvindale-michigan
https://www.ubereats.com/detroit/food-delivery/buffalo-wild-wings-22216-michigan-ave/dzLXYkI-SUSYHapODWNSNg,melvindale-michigan
https://www.ubereats.com/detroit/food-delivery/dairy-queen-grill-%26-chill-4600-greenfield-rd/RLXAT6WyTjm4Ji-mgokIoQ,melvindale-michigan
https://www.ubereats.com/detroit/food-delivery/papa-johns-2556-dix-hwy/t-9F_wMwQxi_d8JB0Gi9sg,melvindale-michigan
https://www.ubereats.com/detroit/food-delivery/melvindale-grill/3oXSIuTDSqy1NLRjDIS3Lg,melvindale-michigan
https://www.ubereats.com/detroit/food-delivery/golden-corral-14691-huron-street/SUFtHlj1QEqMhHXyDQrt8A,melvindale-michigan
https://www.ubereats.com/detroit/food-delivery/los-galanes/cJ0otBpWT2a7XDW5wFHMig,melvindale-michigan
https://www.ubereats.com/detroit/food-delivery/the-avenue/5GVPmrjZTlWKSRAHSV-K2w,melvindale-michigan
https://www.ubereats.com/detroit/food-delivery/malek-al-kabob-taylor/EIy0YY21QJWJzME7Q063xg,melvindale-michigan
https://www.ubereats.com/detroit/food-delivery/zs-bubble-tea-%26-bingsu/afkIYN9YQsSK9CiMOZiVMA,melvindale-michigan
https://www.ubereats.com/detroit/food-delivery/qdoba-mexican-grill-3452-fairlane-dr/Z-p9WU8NTKWgrif9-0XFtQ,melvindale-michigan
https://www.ubereats.com/detroit/food-delivery/olgas-kitchen-ford-rd/tyRHs9paSHm45REXlQpbjw,melvindale-michigan
https://www.ubereats.com/detroit/food-delivery/bob-evans-114-23729-michigan-avenue/GFish2gORg62flst3cb_zQ,melvindale-michigan
https://www.ubereats.com/detroit/food-delivery/arbys-10500-telegraph-rd/RMvRM2NTSOiI424-R1YnIg,melvindale-michigan
https://www.ubereats.com/detroit/food-delivery/pizza-and-fish-express/KtizNOp5TFKze2mVTcYjfA,melvindale-michigan
https://www.ubereats.com/detroit/food-delivery/el-club/rB_9O4N1Sl-B72V6BGqPZQ,melvindale-michigan
https://www.ubereats.com/detroit/food-delivery/donut-villa/hOgzUPXFR0S7v2DSKnjn8g,melvindale-michigan
https://www.ubereats.com/detroit/food-delivery/burger-king-20905-ecorse-road/G-LAmgwrQYey8hnFZYCKUg,melvindale-michigan
https://www.ubereats.com/detroit/food-delivery/riverside-coney-island/Q2UHruPbS9CfIJbgVhQVUQ,melvindale-michigan
https://www.ubereats.com/detroit/food-delivery/olympia-coney-island/aoZWHOeQS1GlhazPvp4rpg,melvindale-michigan
https://www.ubereats.com/detroit/food-delivery/chicagos-pizza-vernor-hwy/oF1ac5S7RgiQxNlhwPkcMw,melvindale-michigan
https://www.ubereats.com/detroit/food-delivery/floods-bar-and-grille/162FshVQQSuI97SSbJmmSw,melvindale-michigan
https://www.ubereats.com/detroit/food-delivery/subway-5851-mercury-dr/aTD2CUYnRleTbm3GDT3vpw,melvindale-michigan
https://www.ubereats.com/detroit/food-delivery/dunkin-15067-eureka-rd/ub1YrrpkQkG4JJ3tXNhfYw,melvindale-michigan
https://www.ubereats.com/detroit/food-delivery/mancinos-pizza-and-grinders/YqPGHlVpS86nLwmrNmraAg,melvindale-michigan
https://www.ubereats.com/detroit/food-delivery/mccafferys-bar/mSVDUh7ORmyeohClKaAjAw,melvindale-michigan
https://www.ubereats.com/detroit/food-delivery/pizza-kitchen/qK0TutwRQVe9_O8tcUzDDQ,melvindale-michigan
https://www.ubereats.com/detroit/food-delivery/bjs-restaurant-%26-brewhouse-23002-eureka-rd/nR5Tka3pTWikw0nzGeQgXQ,melvindale-michigan
https://www.ubereats.com/detroit/food-delivery/trio-chicken/GYtiybSBQe-TjNFJJsQiwA,melvindale-michigan
https://www.ubereats.com/detroit/food-delivery/hot-bite-cafe-subs-%26-grill/hYeLGBdnSEWTUCYimkZ-AQ,melvindale-michigan
https://www.ubereats.com/detroit/food-delivery/las-cazuelas-grill-melvindale/3Pu9_B3sRnSpQRWq8ZY0Zg,melvindale-michigan
https://www.ubereats.com/detroit/food-delivery/tropical-smoothie-cafe-schaefer-road/X3lo2t1kQuqfcqP0tfC_AA,melvindale-michigan
https://www.ubereats.com/detroit/food-delivery/mcdonalds-fort-%26-goddard/MTdlmKxRTDCCeXvpr5Qcug,melvindale-michigan
https://www.ubereats.com/detroit/food-delivery/the-ice-cream-shop/z47TJ7SHRJGbt2_aXjd1lg,melvindale-michigan
https://www.ubereats.com/detroit/food-delivery/primanti-bros-eureka/dxU48abVTQyGq1rP-NO0Lw,melvindale-michigan
https://www.ubereats.com/detroit/food-delivery/l-george-coney-island-20003-joy-rd/x-mGmGokRvCRXZngmgpfDg,melvindale-michigan
https://www.ubereats.com/detroit/food-delivery/shish-kabob-express-fairlane/BPTkU2dHRX6K57IwqvDvtA,melvindale-michigan
https://www.ubereats.com/detroit/food-delivery/burger-king-14808-michigan-avenue/IlE6LKvoQhmcTr7j_mjBUg,melvindale-michigan
https://www.ubereats.com/detroit/food-delivery/tgi-fridays-720-town-center-dr/S5KMaSYxQYiz1QUbpt99XA,melvindale-michigan
https://www.ubereats.com/detroit/food-delivery/soo-fraiche-grill/WwZaME_oTeutGspcHGi9vg,melvindale-michigan
https://www.ubereats.com/detroit/food-delivery/beirut-by-night-restaurant/Q4kJBFcZQASNQzFsuhCHDw,melvindale-michigan
https://www.ubereats.com/detroit/food-delivery/kfc-telegraph-rd/pGN82v9MTbenZ7Zhmj2PMg,melvindale-michigan
https://www.ubereats.com/detroit/food-delivery/crazy-pizza/Oar1wH3dSyWh0jTAeg20Mw,melvindale-michigan
https://www.ubereats.com/detroit/food-delivery/subway-24990-outer-dr/ub33pKF2RZOsgQwiWVoujA,melvindale-michigan
https://www.ubereats.com/detroit/food-delivery/papas-pizza-%26-bbq/6eC-ONegStqch3hO2i9mXQ,melvindale-michigan
https://www.ubereats.com/detroit/food-delivery/krispy-krunchy-chicken-11345-w-jefferson-ave/RYioJy-QRk-OLVPFBPoDBg,melvindale-michigan
https://www.ubereats.com/detroit/food-delivery/kekos-coney-island/c3f0PpwCRkKpd9Cy3K2NLQ,melvindale-michigan
https://www.ubereats.com/detroit/food-delivery/slows-to-go/27BymoWdSSacLBikRtPVQw,melvindale-michigan
https://www.ubereats.com/detroit/food-delivery/wendys-4086-fort-street/WRZEor9_TFmh0y19_z3VHg,melvindale-michigan
https://www.ubereats.com/detroit/food-delivery/ananas-cafe-schaefer-%26-henson/llRmoU_LS7qwzw47OKrvPg,melvindale-michigan
https://www.ubereats.com/detroit/food-delivery/potbelly-sandwich-shop-campus-martius-%7C-331/XrJwSdARTZaUHCUirJ6fhA,melvindale-michigan
https://www.ubereats.com/detroit/food-delivery/starbucks-woodward-%26-mack/nfFSYHQTR46aGT4ymKrhnA,melvindale-michigan
https://www.ubereats.com/detroit/food-delivery/the-hudson-cafe/c6vClmhQRyer0ikhDnIFZA,melvindale-michigan
https://www.ubereats.com/detroit/food-delivery/ds-24-hour-coney-island/QHAQHa_bTJyG6omogvTXvg,melvindale-michigan
https://www.ubereats.com/detroit/food-delivery/taco-bell-10484-pelham-rd/6TaPZWvfS-mvhThY0BPB-g,melvindale-michigan
https://www.ubereats.com/detroit/food-delivery/gracies-pastaria/XZN4qTp4So-QN64_lJTGdQ,melvindale-michigan
https://www.ubereats.com/detroit/food-delivery/tim-hortons-7285-greenfield-road/SMxjY6yGTMqhlzdMhjVO7w,melvindale-michigan
https://www.ubereats.com/detroit/food-delivery/wayback-burgers-dearborn-heights/mbjEoOvTQJK1xio3d8Mj4A,melvindale-michigan
https://www.ubereats.com/detroit/food-delivery/hooties-burger-bar-21250-eureka-road/OBw5gIfGQn-OBLd-XDcJag,melvindale-michigan
https://www.ubereats.com/detroit/food-delivery/kerbys-koney-island-dearborn/5QZwdPtwQ9yaBC7Prex21w,melvindale-michigan
https://www.ubereats.com/detroit/food-delivery/luke-%26-lulus-cafe/EG0SAN6mSDir173ObpwYqQ,melvindale-michigan
https://www.ubereats.com/detroit/food-delivery/subway-5605-telegraph-rd/G8D5n8B9SMiKgvnv1i3xKg,melvindale-michigan
https://www.ubereats.com/detroit/food-delivery/red-lobster-6850-telegraph-road/fmZHh642S9KQFbGqCCAwxA,melvindale-michigan
https://www.ubereats.com/detroit/food-delivery/applebees-eureka-rd/r5YrnvPTROmpKHbImHrDIA,melvindale-michigan
https://www.ubereats.com/detroit/food-delivery/wendys-1970-southfield-rd/DcFTe32ZThSGSPQGfkDWSw,melvindale-michigan
