url,city
https://www.ubereats.com/minneapolis/food-delivery/caribou-coffee-228-little-canada-rd-e/1imZw-OZRfi9wYpcmIiGAQ,mendota-heights-minnesota
https://www.ubereats.com/minneapolis/food-delivery/feng-cha-teahouse/4dsodSF6SlaW7tfglPbeLQ,mendota-heights-minnesota
https://www.ubereats.com/minneapolis/food-delivery/catrinas-mexican-restaurant/F_5iOF4cT7OXNF3hLBmMgw,mendota-heights-minnesota
https://www.ubereats.com/minneapolis/food-delivery/5-8-grill-%26-tap-west-st-paul/V32Znx8kSlOlvSv_VcD-Dg,mendota-heights-minnesota
https://www.ubereats.com/minneapolis/food-delivery/rusty-taco/XCeyNTDJQxKFfjWFTYMMnA,mendota-heights-minnesota
https://www.ubereats.com/minneapolis/food-delivery/zantigo-mexican-restaurant-saint-paul/DAu0BVbrQHuonbl7eTmqxQ,mendota-heights-minnesota
https://www.ubereats.com/minneapolis/food-delivery/panda-express-promenade-%26-yankee-doodle/bkoFkUqURROoBqmTv0NX0w,mendota-heights-minnesota
https://www.ubereats.com/minneapolis/food-delivery/tokyo-sushi-west-stpaul/Zw-UR1k9S0GeVnwzG4Jf9w,mendota-heights-minnesota
https://www.ubereats.com/minneapolis/food-delivery/caribou-coffee-401-robert-street/2aMs_07ARh2JyXvjMeT19A,mendota-heights-minnesota
https://www.ubereats.com/minneapolis/food-delivery/caribou-coffee-4745-cedar-avenue/TqCnI7MeQMS370bP6dQ5ag,mendota-heights-minnesota
https://www.ubereats.com/minneapolis/food-delivery/aris-best-steak-house-white-bear-avenue/ICMP4LBjSn2rXZuXtxIFZQ,mendota-heights-minnesota
https://www.ubereats.com/minneapolis/food-delivery/tono-pizzeria-%2B-cheesesteaks/Uy7LnwalTqiKNAwtWsZoYA,mendota-heights-minnesota
https://www.ubereats.com/minneapolis/food-delivery/cinnabon-3001-white-bear-ave-n/Wlr_2dwiSSOQp0Gv0tDp8g,mendota-heights-minnesota
https://www.ubereats.com/minneapolis/food-delivery/chipotle-mexican-grill-867-grand-ave/YUePJzXmT5i9Qn9G8cvXbg,mendota-heights-minnesota
https://www.ubereats.com/minneapolis/food-delivery/della-bowls-min02-1/kB81fJyySLyYFz7I7R8iKw,mendota-heights-minnesota
https://www.ubereats.com/minneapolis/food-delivery/rusty-taco-3345-central-park-village-dr-ste-100/XNmpwt3MTVS0ZqlShmfuAA,mendota-heights-minnesota
https://www.ubereats.com/minneapolis/food-delivery/mcdonalds-lake-%26-31st-ave/RQOVgWXRSDSa5KtmSKNdiA,mendota-heights-minnesota
https://www.ubereats.com/minneapolis/food-delivery/great-steak-388-s-avenue/KpFi9kjSTIybgf6emIZNpA,mendota-heights-minnesota
https://www.ubereats.com/minneapolis/food-delivery/noodles-%26-company-2000-rahncliff-ct-ste-100/z8wW8d3cSqK5kL-DolDGBg,mendota-heights-minnesota
https://www.ubereats.com/minneapolis/food-delivery/pancheros-mexican-grill-3845-lexington-ave-north/eGozcJXgQI2ZGXEs-dUo6Q,mendota-heights-minnesota
https://www.ubereats.com/minneapolis/food-delivery/arbys-3751-lexington-ave-n/B7M2eYwcRVu-tzP7F1h1lw,mendota-heights-minnesota
https://www.ubereats.com/minneapolis/food-delivery/thai-pepper/sO_3WBcOTba_p-Nv3sqtWw,mendota-heights-minnesota
https://www.ubereats.com/minneapolis/food-delivery/burger-king-96-west-66-street/vDENHL2oQJSgpvfYDx7brw,mendota-heights-minnesota
https://www.ubereats.com/minneapolis/food-delivery/persis/8tQVbiJ-S02ffNt095ObNQ,mendota-heights-minnesota
https://www.ubereats.com/minneapolis/food-delivery/capitol-cafe-minneapolis/hHH14qevSvGtmGdl6XPmgA,mendota-heights-minnesota
https://www.ubereats.com/minneapolis/food-delivery/jade-88-chinese-restaurant/0j5owf6uT6qX-Hq7W-X_pw,mendota-heights-minnesota
https://www.ubereats.com/minneapolis/food-delivery/red-lobster-2925-white-bear-ave/or8G3xsSSTGCB40MerzIlA,mendota-heights-minnesota
https://www.ubereats.com/minneapolis/food-delivery/caribou-coffee-1193-south-robert-street-suite-200/BnAWp4sUSWyD12uxYTDwGg,mendota-heights-minnesota
https://www.ubereats.com/minneapolis/food-delivery/burger-king-1275-town-centre-drive/lIELtXxnR9eXrnLLv9EmWQ,mendota-heights-minnesota
https://www.ubereats.com/minneapolis/food-delivery/stockmens-truckstop/4t3H686iRZSZf14MIMmIyA,mendota-heights-minnesota
https://www.ubereats.com/minneapolis/food-delivery/el-huasteco/EyPpF219TNCkzS8dJJWosw,mendota-heights-minnesota
https://www.ubereats.com/minneapolis/food-delivery/the-wienery/3i7SsLKMSba_c_W1p8ot_w,mendota-heights-minnesota
https://www.ubereats.com/minneapolis/food-delivery/houlihans-6601-lyndale-ave-s/tibkpY-hTyKPWTwin1jLeQ,mendota-heights-minnesota
https://www.ubereats.com/minneapolis/food-delivery/potbelly-sandwich-shop-woodbury-city-place-%7C-401/2R7QHRGrTXqNEhqJkket0A,mendota-heights-minnesota
https://www.ubereats.com/minneapolis/food-delivery/gordos-%26-guac-saint-paul/z75IbNQ_SQWc8yjbgTSIOA,mendota-heights-minnesota
https://www.ubereats.com/minneapolis/food-delivery/the-italian-pie-shoppe/OED6Iw3gQFuFwPRrI5cR3A,mendota-heights-minnesota
https://www.ubereats.com/minneapolis/food-delivery/el-loro-mexican-restaurant-burnsville/ExFJe759Re-QNWtSTDUTtA,mendota-heights-minnesota
https://www.ubereats.com/minneapolis/food-delivery/wishfull/FaIGUqdnRHqitvNRqQP8XA,mendota-heights-minnesota
https://www.ubereats.com/minneapolis/food-delivery/hong-kong-restaurant/n9K1dPRDTSq2WwYkdavSaA,mendota-heights-minnesota
https://www.ubereats.com/minneapolis/food-delivery/south-china-island-inn-ii/M8gxje2dSZa7cPOC82VdfQ,mendota-heights-minnesota
https://www.ubereats.com/minneapolis/food-delivery/mcdonalds-hiawatha-%26-41st-st/gRCsLHxFRViC11jGfx5HgA,mendota-heights-minnesota
https://www.ubereats.com/minneapolis/food-delivery/mu-mu-tea/ou9DiQrGSTSjX5Of5xiJxw,mendota-heights-minnesota
https://www.ubereats.com/minneapolis/food-delivery/dennys-1664-university-ave-w/D4x7QWxESVu3xhu4ETnVGw,mendota-heights-minnesota
https://www.ubereats.com/minneapolis/food-delivery/king-thai-restaurant-inc/jHWWy_2zRXyuCrqJdLGsMg,mendota-heights-minnesota
https://www.ubereats.com/minneapolis/food-delivery/potbelly-sandwich-shop-eagan-%7C-153/EIpK7Z8ZTMGomXjiJ1OTTg,mendota-heights-minnesota
https://www.ubereats.com/minneapolis/food-delivery/chipotle-mexican-grill-2303-white-bear-ave-n-ste-h/B9TYk9zYSxuXxiI2v5UWow,mendota-heights-minnesota
https://www.ubereats.com/minneapolis/food-delivery/the-yankee-tavern/pGdNiEnBRqqySwnX46GjKg,mendota-heights-minnesota
https://www.ubereats.com/minneapolis/food-delivery/sbarro-390-south-blvd-space-%235390/AmXMb-9zQZCRwL6ibyuCzQ,mendota-heights-minnesota
https://www.ubereats.com/minneapolis/food-delivery/chipotle-mexican-grill-1830-e-66th-st/DYrWh0ztRweXNdxArKB_5Q,mendota-heights-minnesota
https://www.ubereats.com/minneapolis/food-delivery/international-cuisine-bar-and-grill/Wt9v9qJDRHeRgXLLpmdbow,mendota-heights-minnesota
https://www.ubereats.com/minneapolis/food-delivery/chipotle-mexican-grill-3324-promenade-ave-ste-107/1uTZjUpOTHO4i2Dw9Wm_aw,mendota-heights-minnesota
https://www.ubereats.com/minneapolis/food-delivery/coras-best-chicken-wings/zI7ahVJXTYqQHZ1zW3axOw,mendota-heights-minnesota
https://www.ubereats.com/minneapolis/food-delivery/coras-best-chicken-wings-payne-ave/U0z2CargQziiq0oXXP16mQ,mendota-heights-minnesota
https://www.ubereats.com/minneapolis/food-delivery/panda-express-currell-%26-bielenberg/QggdBfZrQrWw7stgvB0sJQ,mendota-heights-minnesota
https://www.ubereats.com/minneapolis/food-delivery/dunkin-143-snelling-ave-n/SldwZTsTROuyxT_a8rhBbA,mendota-heights-minnesota
https://www.ubereats.com/minneapolis/food-delivery/mcdonalds-3045-holiday-ln/p2I-sGuKTm2CzlaBwr5qcA,mendota-heights-minnesota
https://www.ubereats.com/minneapolis/food-delivery/burger-king-1650-robert-street-south/7n_PJlhpQEObxnaz_MSlsA,mendota-heights-minnesota
https://www.ubereats.com/minneapolis/food-delivery/applebees-9601-lyndale-avenue-%2382028/2q2YfUn0RkixKD5GG5esOw,mendota-heights-minnesota
https://www.ubereats.com/minneapolis/food-delivery/panda-express-374-south-ave/L-Rd_7CZR_2PimkE9YUAGw,mendota-heights-minnesota
https://www.ubereats.com/minneapolis/food-delivery/noodles-%26-company-580-woodbury-dr/IBkyB5iRRoaLG_SANQ8MDg,mendota-heights-minnesota
https://www.ubereats.com/minneapolis/food-delivery/arbys-1810-university-ave/SPm2hxPnS_SK0X0rBAVMdw,mendota-heights-minnesota
https://www.ubereats.com/minneapolis/food-delivery/i-taco/oy5U294eQLWu5ke-9YfO8A,mendota-heights-minnesota
https://www.ubereats.com/minneapolis/food-delivery/wings-%26-things-min02-1/d4uN7YJIR7e1lLgaiZrwLQ,mendota-heights-minnesota
https://www.ubereats.com/minneapolis/food-delivery/india-cafe/7B6y5nKyRNO577vI7oA9Kg,mendota-heights-minnesota
https://www.ubereats.com/minneapolis/food-delivery/five-guys-mn-1808-2026-ford-pkwy/fLFYZwrtQ96UmhYyf604zA,mendota-heights-minnesota
https://www.ubereats.com/minneapolis/food-delivery/crisp-%26-green-highland-park/tMVZxrAyT_yQ_BE5fju7Wg,mendota-heights-minnesota
https://www.ubereats.com/minneapolis/food-delivery/toppers-pizza-st-paul-grand-ave/GU5qvUCxSkeVx2BLx6N9Vw,mendota-heights-minnesota
https://www.ubereats.com/minneapolis/food-delivery/sunrise-market-and-deli/ni7XCKDYQDute8X5vbQyGQ,mendota-heights-minnesota
https://www.ubereats.com/minneapolis/food-delivery/noodles-%26-company-1732-e-66th-st/HkSpcChDR-uC_RYW3z2cXQ,mendota-heights-minnesota
https://www.ubereats.com/minneapolis/food-delivery/holy-pizza-%26-grill/HXrW4hPtTp66AkSbdGZtWQ,mendota-heights-minnesota
https://www.ubereats.com/minneapolis/food-delivery/destiny-cafe-2/BUc_rIGeTyCVe9JKAEw6UA,mendota-heights-minnesota
https://www.ubereats.com/minneapolis/food-delivery/arbys-2300-rice-st/rjSI5uQWT66RkdTEsdsT0Q,mendota-heights-minnesota
https://www.ubereats.com/minneapolis/food-delivery/houlihans-1294-promenade-pl/g_PtWbzmSMudL8aCufGrxQ,mendota-heights-minnesota
https://www.ubereats.com/minneapolis/food-delivery/r-a-macsammys-elbow-room/FysajbroT8y6ZhwRofAekw,mendota-heights-minnesota
https://www.ubereats.com/minneapolis/food-delivery/burger-king-244-grand-ave/RB-L2kp2QaGJm00BUMnP7A,mendota-heights-minnesota
https://www.ubereats.com/minneapolis/food-delivery/burger-king-4605-hiawatha-ave/deCT4uQ-RpSqkdvim3WxKg,mendota-heights-minnesota
https://www.ubereats.com/minneapolis/food-delivery/chipotle-mexican-grill-7644-lyndale-ave-s-ste-200/RRTki9J1QiKoW282ROT81w,mendota-heights-minnesota
https://www.ubereats.com/minneapolis/food-delivery/the-commodore-bar-%26-restaurant/Dl2ihk4cTbGP7BWLs7XI1w,mendota-heights-minnesota
https://www.ubereats.com/minneapolis/food-delivery/arbys-7744-5th-ave-s/sOJoSg6NT62JoUI92pwrLg,mendota-heights-minnesota
https://www.ubereats.com/minneapolis/food-delivery/poki-poke-min01-2/EGd-Vt8NSJ6oEiaJ9v2nBA,mendota-heights-minnesota
https://www.ubereats.com/minneapolis/food-delivery/mickeys-diner/MVxPREk4To2Vo6veS0ljIg,mendota-heights-minnesota
https://www.ubereats.com/minneapolis/food-delivery/famous-daves-1940-donegal-dr/QTFUC3JgR36clkLWd7-4RQ,mendota-heights-minnesota
https://www.ubereats.com/minneapolis/food-delivery/louisiana-cafe/BpNou5mhSAGXMZoo_ZzN_w,mendota-heights-minnesota
https://www.ubereats.com/minneapolis/food-delivery/hamburguesas-el-gordo-saint-paul/UhxCflT4Qseods7RiKHZ0w,mendota-heights-minnesota
https://www.ubereats.com/minneapolis/food-delivery/wing-squad-st-paul/rW7ZTci1TvmEin6mWq56lw,mendota-heights-minnesota
https://www.ubereats.com/minneapolis/food-delivery/caribou-coffee-3405-promenade-ave/SZIpmreJRLaTRia1UWYd8Q,mendota-heights-minnesota
https://www.ubereats.com/minneapolis/food-delivery/sonic-drive-in-2101-american-blvd-w/Nmz2s_tsQ8asSahWVmHBTA,mendota-heights-minnesota
https://www.ubereats.com/minneapolis/food-delivery/sabrina-cafe-and-deli/2WY2zi9URF6VMkquzZJxyw,mendota-heights-minnesota
https://www.ubereats.com/minneapolis/food-delivery/sencha-tea-bar-woodbury/BViwtH3dSyimSuA96yYd9A,mendota-heights-minnesota
https://www.ubereats.com/minneapolis/food-delivery/leeann-chin-2100-north-snelling-space-45/rdXr1gmcS3ChLF65N-QklQ,mendota-heights-minnesota
https://www.ubereats.com/minneapolis/food-delivery/encore-sushi/XWFd9q07QUucavT15KECmQ,mendota-heights-minnesota
https://www.ubereats.com/minneapolis/food-delivery/goodys-hot-city-pizza/IhOP9aICQYaDiT3WCYPFVA,mendota-heights-minnesota
https://www.ubereats.com/minneapolis/food-delivery/panda-express-1740-s-robert-st-%23112/OshbfBrzTVeCEpFgcOajig,mendota-heights-minnesota
https://www.ubereats.com/minneapolis/food-delivery/iwa-sushi/01PsLXU3SSS7Ige3XNbG4A,mendota-heights-minnesota
https://www.ubereats.com/minneapolis/food-delivery/burger-bytes-min07-1/VOID_F43QPaDwRrycQ3TXA,mendota-heights-minnesota
https://www.ubereats.com/minneapolis/food-delivery/chipotle-mexican-grill-925-county-road-e-e-ste-150/8LLBpZsdQoaHjYTh5n2wlw,mendota-heights-minnesota
https://www.ubereats.com/minneapolis/food-delivery/ahlan-restaurant/5PkwYkHGTyeBN-6Cv5aPuQ,mendota-heights-minnesota
https://www.ubereats.com/minneapolis/food-delivery/leeann-chin-2515-white-bear-ave-%23a03/B0ZHSVNERWO9np75dOL_hQ,mendota-heights-minnesota
https://www.ubereats.com/minneapolis/food-delivery/pita-king-llc/Ju6AHKzlQ4mPPtLQzL-_Xg,mendota-heights-minnesota
https://www.ubereats.com/minneapolis/food-delivery/los-sanchez-taqueria-%232/Mwg6hr8FS1eaJ7VuekQLvA,mendota-heights-minnesota
https://www.ubereats.com/minneapolis/food-delivery/famous-daves-snelling-%26-country-b/JJ-PF6OdQlWeD2r8JsJHtA,mendota-heights-minnesota
https://www.ubereats.com/minneapolis/food-delivery/perkins-restaurant-eagan/K2zzMdYuS8-0yjx8N7z7SA,mendota-heights-minnesota
https://www.ubereats.com/minneapolis/food-delivery/buffalo-wild-wings-1280-promenade-pl/qb4RZjWbQOiKcPDTVhKnxA,mendota-heights-minnesota
https://www.ubereats.com/minneapolis/food-delivery/big-daddys/ju360YgpRDuBWkRM5cxWDw,mendota-heights-minnesota
https://www.ubereats.com/minneapolis/food-delivery/taco-bell-7049-10th-street-north/SPLJrOgkRc2VPAcei7VObQ,mendota-heights-minnesota
https://www.ubereats.com/minneapolis/food-delivery/white-castle-505-rice-st/st-4MU2ETWWlWXTCf3nyOw,mendota-heights-minnesota
https://www.ubereats.com/minneapolis/food-delivery/wendys-3655-pilot-knob-rd/jMaUhfNaRQSZiMsUX2EvRg,mendota-heights-minnesota
https://www.ubereats.com/minneapolis/food-delivery/fortune-house-chinese-cuisine/zYXmacKwSXSC204abjE6Vg,mendota-heights-minnesota
https://www.ubereats.com/minneapolis/food-delivery/ichiddo-ramen-university-%26-grotto/T1Pt8sJtS6mlGIhJfEdonw,mendota-heights-minnesota
https://www.ubereats.com/minneapolis/food-delivery/ihop-2231-killebrew-dr/vc8WKPSnQq6uB0-Py7GLfQ,mendota-heights-minnesota
https://www.ubereats.com/minneapolis/food-delivery/papa-johns-2040-cliff-road/E4dERQKgS7iumcIxs3Q5ZQ,mendota-heights-minnesota
https://www.ubereats.com/minneapolis/food-delivery/new-asia-express/-xU7NPOSSoqrRcjCDnXnIA,mendota-heights-minnesota
https://www.ubereats.com/minneapolis/food-delivery/korea-restaurant/g4CHTop6QICHa3b82-BZzg,mendota-heights-minnesota
https://www.ubereats.com/minneapolis/food-delivery/leeann-chin-2133a-old-hudson-road/OdO7c3JqQXWPHkoRLDfYQg,mendota-heights-minnesota
https://www.ubereats.com/minneapolis/food-delivery/kfc-1287-town-centre-drive/zgg2RsMNToafHmQuugw0JA,mendota-heights-minnesota
https://www.ubereats.com/minneapolis/food-delivery/jersey-mikes-3405-promenade-ave/Lly6oCyqRWmSWVhNdq894A,mendota-heights-minnesota
https://www.ubereats.com/minneapolis/food-delivery/caribou-coffee-1700-66th-street-e/nkJiMQoRTXeiN3H2hph4zg,mendota-heights-minnesota
https://www.ubereats.com/minneapolis/food-delivery/standish-cafe/OBgBQ7n0TLWiPJSSGvT2Hg,mendota-heights-minnesota
https://www.ubereats.com/minneapolis/food-delivery/pza-st-paul/HPuaPCurTCuX_7ow2oabUw,mendota-heights-minnesota
https://www.ubereats.com/minneapolis/food-delivery/starbucks-2078-ford-parkway/_1GfBlf5REqo787mjKpHug,mendota-heights-minnesota
https://www.ubereats.com/minneapolis/food-delivery/cedar-inn/2djvOsoiRwGfj8wPRIvMSg,mendota-heights-minnesota
https://www.ubereats.com/minneapolis/food-delivery/the-winkin-rooster/vTWHFdeaQ0mUykL9E7nj0A,mendota-heights-minnesota
https://www.ubereats.com/minneapolis/food-delivery/f*cking-good-pizza/SXQ1WXReRPGnBKXAyVLCzg,mendota-heights-minnesota
https://www.ubereats.com/minneapolis/food-delivery/caribou-coffee-2001-cliff-road-e/_56Z0l1cTPSJiWkusH2Wxg,mendota-heights-minnesota
https://www.ubereats.com/minneapolis/food-delivery/papa-murphys-2047-robert-street-south/JwlRd-JOTRS5ZMbP8gtw-A,mendota-heights-minnesota
https://www.ubereats.com/minneapolis/food-delivery/zes-diner-eagan/vhmNqOwLScGyesvmeMtEfA,mendota-heights-minnesota
https://www.ubereats.com/minneapolis/food-delivery/tokyo-23-hibachi-%26-sushi-buffet/BIj7t9h3TLaoFec8gBAr2g,mendota-heights-minnesota
https://www.ubereats.com/minneapolis/food-delivery/leeann-chin-6420-nicollet-avenue/fCGvkfGqQ2arS88mmwDxeA,mendota-heights-minnesota
https://www.ubereats.com/minneapolis/food-delivery/chipotle-mexican-grill-2075-cliff-road/_DSPpgdqTc21Wwib0lc4Kw,mendota-heights-minnesota
https://www.ubereats.com/minneapolis/food-delivery/chevys-fresh-mex/RpXVLSRnS0iimiIVMDynBw,mendota-heights-minnesota
https://www.ubereats.com/minneapolis/food-delivery/a-bakers-wife/ZR3GDH9RRQiikMYKhNVtgw,mendota-heights-minnesota
https://www.ubereats.com/minneapolis/food-delivery/cold-stone-creamery-720-main-st/rG-HEdjVRUeSLQ2TEdU5Wg,mendota-heights-minnesota
https://www.ubereats.com/minneapolis/food-delivery/mims-cafe/q4Ix2UPRSTiCmZLEIcJytw,mendota-heights-minnesota
https://www.ubereats.com/minneapolis/food-delivery/papa-johns-740-west-78th-street/5Vx8cLX9SuyKDupjFpFQMQ,mendota-heights-minnesota
https://www.ubereats.com/minneapolis/food-delivery/baking-bettys/QbwKuKKOSIyIggP7ABByiA,mendota-heights-minnesota
https://www.ubereats.com/minneapolis/food-delivery/mcdonalds-7th-st-%26-benson/oNW4Pkt5SkuHuTGuPJwP_w,mendota-heights-minnesota
https://www.ubereats.com/minneapolis/food-delivery/chick-fil-a-1770-robert-st-s/qQy8ijAKRP29LnD4nu3sOQ,mendota-heights-minnesota
https://www.ubereats.com/minneapolis/food-delivery/applebees-5855-blaine-avenue-%2382027/irrfOBb3RKm25-73GpmthA,mendota-heights-minnesota
https://www.ubereats.com/minneapolis/food-delivery/arbys-1657-s-robert-st/FwVpyG51Sw6keAyW9Xszww,mendota-heights-minnesota
https://www.ubereats.com/minneapolis/food-delivery/commodore-bar-%26-restaurant/SDx0an-WQZG8v24xfO4EjQ,mendota-heights-minnesota
https://www.ubereats.com/minneapolis/food-delivery/luckys-13-pub-mendota/h363-RabSBKCKEomVgX9rQ,mendota-heights-minnesota
https://www.ubereats.com/minneapolis/food-delivery/taste-of-africa-restaurant-%26-deli/tcleXXLVTHe7VyFOOGHewQ,mendota-heights-minnesota
https://www.ubereats.com/minneapolis/food-delivery/caribou-coffee-3673-lexington-avenue-north/zq19UiLlRtS_mTokUjguEQ,mendota-heights-minnesota
https://www.ubereats.com/minneapolis/food-delivery/winning-wings-maryland-%26-arundel/1qH8oX9fSjCgP5F7mn9K5A,mendota-heights-minnesota
https://www.ubereats.com/minneapolis/food-delivery/bakers-square-2239-ford-parkway/J3K1hjjgSlO0Fz6S4jNXbQ,mendota-heights-minnesota
https://www.ubereats.com/minneapolis/food-delivery/potbelly-sandwich-shop-dinkytown-%7C-110/3xo1R0iJT4i7wtDPRY2pwg,mendota-heights-minnesota
https://www.ubereats.com/minneapolis/food-delivery/smashburger-2100-north-snelling-ave-ste-65a/9g2czVLnSp21Yfoh7go5Gw,mendota-heights-minnesota
https://www.ubereats.com/minneapolis/food-delivery/cherokee-tavern/sYqIyequQPCLJBJCyySzrw,mendota-heights-minnesota
https://www.ubereats.com/minneapolis/food-delivery/carbones-pizzeria/fuU5wGGSQjizKHzreuB5Xw,mendota-heights-minnesota
https://www.ubereats.com/minneapolis/food-delivery/the-igloo-cafe/LtfFRcKyRimm5GIigOmrWA,mendota-heights-minnesota
https://www.ubereats.com/minneapolis/food-delivery/sotarol-eagan/DK-0sz_8SMGjlMpkUy5tfw,mendota-heights-minnesota
https://www.ubereats.com/minneapolis/food-delivery/degidios/fNjXoAXDRZiy2MLLuZnFEA,mendota-heights-minnesota
https://www.ubereats.com/minneapolis/food-delivery/five-dollor-pizza/yYlE-e0OQ7yVomvAVjSV8g,mendota-heights-minnesota
https://www.ubereats.com/minneapolis/food-delivery/noodles-%26-company-7455-currell-blvd-space-101/i3Z4-tzJSNmG6hZFnsAy3g,mendota-heights-minnesota
https://www.ubereats.com/minneapolis/food-delivery/pats-tap/NiGbD3DtQP-XO5vyeDcMoA,mendota-heights-minnesota
https://www.ubereats.com/minneapolis/food-delivery/nelson-cheese-%26-deli/_N4I7zFqRvGVY18LpGx6OA,mendota-heights-minnesota
https://www.ubereats.com/minneapolis/food-delivery/baarakallah-restaurants/4--b87UUSP6vSdArWYqVgw,mendota-heights-minnesota
https://www.ubereats.com/minneapolis/food-delivery/panda-express-1638-66th-st-e/VgTLiASZSl6YWbkDfexd6A,mendota-heights-minnesota
https://www.ubereats.com/minneapolis/food-delivery/arbys-2105-n-snelling-ave/R0ZyG34tR_qeqW6SoB6HrQ,mendota-heights-minnesota
https://www.ubereats.com/minneapolis/food-delivery/caspers-cherokee/z8uxeAp1R3e_HCOpeByCcg,mendota-heights-minnesota
https://www.ubereats.com/minneapolis/food-delivery/langano-restaurant/_d7oxkNXTAaWn9qCZMY5Jg,mendota-heights-minnesota
https://www.ubereats.com/minneapolis/food-delivery/saladworks-min02-1/QzkNfRAASY2wfdIFzkodgQ,mendota-heights-minnesota
https://www.ubereats.com/minneapolis/food-delivery/chipotle-mexican-grill-1857-robert-st-s/-CA4uIVJRouOVrHElN7HWA,mendota-heights-minnesota
https://www.ubereats.com/minneapolis/food-delivery/applebees-1335-town-centre-drive-%2382014/XtbxzLYbSuasy0DnrQozuA,mendota-heights-minnesota
https://www.ubereats.com/minneapolis/food-delivery/subway-302-larpenteur-ave-e/OER5ber_Rte8ghdME8-w3g,mendota-heights-minnesota
https://www.ubereats.com/minneapolis/food-delivery/arbys-401-robert-st-n/bVn6q4Q0SR-3pkQdxnoOXg,mendota-heights-minnesota
https://www.ubereats.com/minneapolis/food-delivery/tommie-daye/5_2qMoUwTSa2j-63OpJbiw,mendota-heights-minnesota
https://www.ubereats.com/minneapolis/food-delivery/cold-stone-creamery-1264-town-centre-dr/spGXGI1LRJe6lcTMEMh2Qw,mendota-heights-minnesota
https://www.ubereats.com/minneapolis/food-delivery/snackchat-lounge-%26-deli/lUvTGr5kQvC--yfjiCk8Gw,mendota-heights-minnesota
https://www.ubereats.com/minneapolis/food-delivery/el-fresco/eEVXEnpwSE-CM2bAXWla-Q,mendota-heights-minnesota
https://www.ubereats.com/minneapolis/food-delivery/taco-bell-9230-lyndale-ave-south/8hayBatcQseWUk63VWLy2w,mendota-heights-minnesota
https://www.ubereats.com/minneapolis/food-delivery/potbelly-sandwich-shop-st-paul-%7C-208/XDkcROWOSMmf4CwMRd7BRw,mendota-heights-minnesota
https://www.ubereats.com/minneapolis/food-delivery/bittersweet-gluten-free-bakery/iOEoDP_CQbGYCtZUSYTHgA,mendota-heights-minnesota
https://www.ubereats.com/minneapolis/food-delivery/wendys-612-w-university-ave/tBSFbmUYTaWIiI6Qd4UjIQ,mendota-heights-minnesota
https://www.ubereats.com/minneapolis/food-delivery/blaze-pizza-1000-washington-ave-se/wF6oZsjxTEaPbygRFxukfA,mendota-heights-minnesota
https://www.ubereats.com/minneapolis/food-delivery/my-taco-%26-grocery-inc/p4BvLyDISJ6-BzLVJkMhqA,mendota-heights-minnesota
https://www.ubereats.com/minneapolis/food-delivery/duck-donuts-7455-currell-blvd-suite-107/238BMDxiTfCGAYnupSkV7g,mendota-heights-minnesota
https://www.ubereats.com/minneapolis/food-delivery/popeyes-1089-university-ave-w/vOLyg3mERdetXv9kHlzixg,mendota-heights-minnesota
https://www.ubereats.com/minneapolis/food-delivery/khyber-pass-cafe/WgjcA4yLRWCDBSAmWBXRaQ,mendota-heights-minnesota
https://www.ubereats.com/minneapolis/food-delivery/caribou-coffee-7950-penn-avenue-s/TSOiD58bRXSjV1GgOiBERQ,mendota-heights-minnesota
https://www.ubereats.com/minneapolis/food-delivery/broadway-bar-%26-grill/OWDWFsNAREKoTNG7Lv6riQ,mendota-heights-minnesota
https://www.ubereats.com/minneapolis/food-delivery/dennys-3050-white-bear-ave/Mxu43OUtS9Kj63zdI-ytmQ,mendota-heights-minnesota
https://www.ubereats.com/minneapolis/food-delivery/american-burger-bar/8p62q-KfSpaVYQNXFxgeWg,mendota-heights-minnesota
https://www.ubereats.com/minneapolis/food-delivery/tastealicious/1G_mrrkgQkSUfENUOjqzEg,mendota-heights-minnesota
https://www.ubereats.com/minneapolis/food-delivery/dennys-255-n-century-ave/ZIM_JH1-Ty-9ZSPR4h-owQ,mendota-heights-minnesota
https://www.ubereats.com/minneapolis/food-delivery/nekter-juice-bar/FfXXvJyoSAuqUqIaIevDYw,mendota-heights-minnesota
https://www.ubereats.com/minneapolis/food-delivery/indian-masala/Vl7HYGPqR8qhcFBexwOCnA,mendota-heights-minnesota
https://www.ubereats.com/minneapolis/food-delivery/arbys-9240-lyndale-ave-s/kiHqESnQQGOXYJ1_LCRCBg,mendota-heights-minnesota
https://www.ubereats.com/minneapolis/food-delivery/snelling-cafe/V-EMN4kSSUqrfYYXn2WdCQ,mendota-heights-minnesota
https://www.ubereats.com/minneapolis/food-delivery/mendoberri-cafe-and-wine-bar/iOvnkRTYSbCJZyMSbOXkYA,mendota-heights-minnesota
https://www.ubereats.com/minneapolis/food-delivery/flamin-thai/TJW4N3F7RtOp20_5HeqEcg,mendota-heights-minnesota
https://www.ubereats.com/minneapolis/food-delivery/taco-bell-1630-robert-st-s/NrECDOyqRpy9if_m9n2dYw,mendota-heights-minnesota
https://www.ubereats.com/minneapolis/food-delivery/leeann-chin-2071-cliff-road-eagan/hcZKjkZpRTOetn0HEz5WFA,mendota-heights-minnesota
https://www.ubereats.com/minneapolis/food-delivery/morelos/zgr3lTGcQhCl4cbx7UBZWg,mendota-heights-minnesota
https://www.ubereats.com/minneapolis/food-delivery/hawaii-poke-bowls-eagan/vOFilIRWQEaG5vd_Gdpgsw,mendota-heights-minnesota
https://www.ubereats.com/minneapolis/food-delivery/american-eclectic-burger-min02-1/HgGgPjP9T4SpGuJLtf-gJg,mendota-heights-minnesota
https://www.ubereats.com/minneapolis/food-delivery/hiko-sushi/0zv7N6_8TzqE_YO33EgJKA,mendota-heights-minnesota
https://www.ubereats.com/minneapolis/food-delivery/barwaqo/3YszpbBETjeV74iLaUFUhg,mendota-heights-minnesota
https://www.ubereats.com/minneapolis/food-delivery/arbys-654-snelling-ave-s/cQZ_caAvTF6NuHL9kNNwGg,mendota-heights-minnesota
https://www.ubereats.com/minneapolis/food-delivery/caribou-coffee-365-radio-drive/JVuCr1_zShmbE8JwRrgvXA,mendota-heights-minnesota
https://www.ubereats.com/minneapolis/food-delivery/la-fusion-cafe/op41yoy-RMSIPS4QawW_jA,mendota-heights-minnesota
https://www.ubereats.com/minneapolis/food-delivery/meseret-restaurant/OvEyVMy0T3GJBbH7I6i29Q,mendota-heights-minnesota
https://www.ubereats.com/minneapolis/food-delivery/little-asia-cafe/Q-WppPt9R4--issqpdkZ2w,mendota-heights-minnesota
https://www.ubereats.com/minneapolis/food-delivery/starbucks-s-robert-%26-thompson-west-st/cWV5rPZgQZG89_cmCiF34g,mendota-heights-minnesota
https://www.ubereats.com/minneapolis/food-delivery/chipotle-mexican-grill-3095-white-bear-ave-n/EPTbKYO2TIqVfarUwUXwJw,mendota-heights-minnesota
https://www.ubereats.com/minneapolis/food-delivery/evans-organic-eatery/xPsDEo-zSxiJHJbk6jppfg,mendota-heights-minnesota
https://www.ubereats.com/minneapolis/food-delivery/tandoor-restaurant/iIW65g3ZS9C7WnTeONy6GA,mendota-heights-minnesota
https://www.ubereats.com/minneapolis/food-delivery/dennys-1458-south-robert-street/27YawkCQT56ggsoiGL84xA,mendota-heights-minnesota
https://www.ubereats.com/minneapolis/food-delivery/taco-bell-8473-tamarack-road/BIUXn1ozRdGM8aTq8abSow,mendota-heights-minnesota
https://www.ubereats.com/minneapolis/food-delivery/caribou-coffee-185-century-ave/RsO64CoqT-KRqppcf4KnfA,mendota-heights-minnesota
https://www.ubereats.com/minneapolis/food-delivery/applebees-1753-robert-st-south-%2382054/0TlYPw8oSNipivjHcdfQUQ,mendota-heights-minnesota
https://www.ubereats.com/minneapolis/food-delivery/panda-express-370-central-parkway/gaQBDgwXQjm4bEnGRyAwYw,mendota-heights-minnesota
https://www.ubereats.com/minneapolis/food-delivery/hoggsbreath/2w2zU3PNSPSu9aiNx_cu8g,mendota-heights-minnesota
https://www.ubereats.com/minneapolis/food-delivery/outback-steakhouse-1321-east-78th-street/LdhyX1xjTbSX_8_s1PTfsQ,mendota-heights-minnesota
https://www.ubereats.com/minneapolis/food-delivery/leeann-chin-1021-red-fox-road/RGM3nJetT2SvcLyn95xZHg,mendota-heights-minnesota
https://www.ubereats.com/minneapolis/food-delivery/burger-king-1698-rice-street/kwrHOZXuQOOc7GcbxgCJXA,mendota-heights-minnesota
https://www.ubereats.com/minneapolis/food-delivery/mcdonalds-1351-town-centre-dr/wuI3qXv1QXyJUinMwpAYoQ,mendota-heights-minnesota
https://www.ubereats.com/minneapolis/food-delivery/caribou-coffee-8320-city-centre-drive/G22jMNJVRLOKPgVIYBGvWA,mendota-heights-minnesota
https://www.ubereats.com/minneapolis/food-delivery/tbirdz-grill/ll_3mnyORk6ijk8mD6IBuw,mendota-heights-minnesota
https://www.ubereats.com/minneapolis/food-delivery/applebees-7901-1-2-southtown-center-%2382005/4EBFPTtSQKiXbiS3P-5c3Q,mendota-heights-minnesota
https://www.ubereats.com/minneapolis/food-delivery/kincaids-st-peter-%26-6th-st/iN0_KvbdTbGCV-P_iP6ndA,mendota-heights-minnesota
https://www.ubereats.com/minneapolis/food-delivery/panera-1740-s-robert-st/PrgeojGsTxaX-sl7kWlQnA,mendota-heights-minnesota
https://www.ubereats.com/minneapolis/food-delivery/taco-bell-565-no-snelling/RLwUoyuHToOlM5PE2VcbAQ,mendota-heights-minnesota
https://www.ubereats.com/minneapolis/food-delivery/chipotle-mexican-grill-7455-currell-blvd/m3TqmNdeQxOMbEvlvChiRQ,mendota-heights-minnesota
https://www.ubereats.com/minneapolis/food-delivery/southside-food-and-deli/Ea6BxCzcQNOF6tcbwYwxeg,mendota-heights-minnesota
https://www.ubereats.com/minneapolis/food-delivery/little-saigon-deli/tKcntmxLQwSDpReste0rpQ,mendota-heights-minnesota
https://www.ubereats.com/minneapolis/food-delivery/el-burrito-mercado/TxAJ95mORaCgxrg3Ehve_Q,mendota-heights-minnesota
https://www.ubereats.com/minneapolis/food-delivery/subway-3145-dodd-rd/l_vVhcoAQ8CyRPtsJBI9zw,mendota-heights-minnesota
https://www.ubereats.com/minneapolis/food-delivery/urbana-craeft-kitchen-%26-market/IvztaBVUQAGqHAzdCv4XQg,mendota-heights-minnesota
https://www.ubereats.com/minneapolis/food-delivery/urban-wok/lWBpC2aMQL2OszMBGb8RKw,mendota-heights-minnesota
https://www.ubereats.com/minneapolis/food-delivery/arbys-9975-hudson-rd/soaWx60OTrmSykhRTSeUfQ,mendota-heights-minnesota
https://www.ubereats.com/minneapolis/food-delivery/margaritaville-bloomington/SV153O6_Qx-EELMHeXVCTA,mendota-heights-minnesota
https://www.ubereats.com/minneapolis/food-delivery/highland-cafe-%26-bakery/f-3GMGrKRZGXfyKDyxsANw,mendota-heights-minnesota
https://www.ubereats.com/minneapolis/food-delivery/chick-n-chips/bqp5BWABTb2ekXQSszpwVQ,mendota-heights-minnesota
https://www.ubereats.com/minneapolis/food-delivery/burger-bytes-min01-1/37A-IV7BSgWcQSbyf5fAFg,mendota-heights-minnesota
https://www.ubereats.com/minneapolis/food-delivery/fitzgeralds/zzktcDiKTXW_0oZLj53fxg,mendota-heights-minnesota
https://www.ubereats.com/minneapolis/food-delivery/new-fresh-wok/RfAMBuGNThyJSKskj5zbjg,mendota-heights-minnesota
https://www.ubereats.com/minneapolis/food-delivery/alarys-bar/chQ-kdh2QcurVFrSAjlwCA,mendota-heights-minnesota
https://www.ubereats.com/minneapolis/food-delivery/weeknight-kitchen-llc/0DJ6Yv_zRmm_xR7NPx0weA,mendota-heights-minnesota
https://www.ubereats.com/minneapolis/food-delivery/big-river-pizza/lyyRxIL6QSCDa0w1rKgOvg,mendota-heights-minnesota
https://www.ubereats.com/minneapolis/food-delivery/arbys-1807-suburban-ave/neKTmWXPSlWOhZUrt-UcUg,mendota-heights-minnesota
https://www.ubereats.com/minneapolis/food-delivery/sabrinas-cafe/tatArNVdTFehYl5KpsyAng,mendota-heights-minnesota
https://www.ubereats.com/minneapolis/food-delivery/la-maria-taqueria/6tvIvFVFRACeZB0kGbzzzQ,mendota-heights-minnesota
https://www.ubereats.com/minneapolis/food-delivery/qdoba-mexican-grill-345-radio-dr-ste-a/1P-tuXVURP2MnIoKd866jw,mendota-heights-minnesota
https://www.ubereats.com/minneapolis/food-delivery/dennys-815-e-78th-st/LVIi7I4CQLeHEz_UjX8Ohw,mendota-heights-minnesota
https://www.ubereats.com/minneapolis/food-delivery/burger-king-455-robert-st-s/BcrvyXT2TUu_xH1eI8O2jQ,mendota-heights-minnesota
https://www.ubereats.com/minneapolis/food-delivery/poke-house-%26-tea-bar/qLoep6OzSPKjskhb-siXTg,mendota-heights-minnesota
https://www.ubereats.com/minneapolis/food-delivery/kfc-7037-10th-street-north/3Gtv5j9yTQKh6QuaLDVnkA,mendota-heights-minnesota
https://www.ubereats.com/minneapolis/food-delivery/katar-river-restaurant-and-bakery/hU4LoRCaRRmzx6vquHHp7w,mendota-heights-minnesota
https://www.ubereats.com/minneapolis/food-delivery/ocheeze/6l8pKcIcQuGe8Ge5qS5f5A,mendota-heights-minnesota
https://www.ubereats.com/minneapolis/food-delivery/chatime-woodbury/ulOhYNsLQwOY2n7EyX8K1g,mendota-heights-minnesota
https://www.ubereats.com/minneapolis/food-delivery/zoes-bakery-%26-cafe/VwOtiy5YS8Oonq9kXC5SFQ,mendota-heights-minnesota
https://www.ubereats.com/minneapolis/food-delivery/portillos-hot-dogs-8450-hudson-rd/_u4LN6_HTv-0e_4Ny-mGHQ,mendota-heights-minnesota
https://www.ubereats.com/minneapolis/food-delivery/shake-shack-332-n-garden/cwsWy2w1QVOaZ0iH5B4hjg,mendota-heights-minnesota
https://www.ubereats.com/minneapolis/food-delivery/meseret-ethipoian-restaurant/19pzBFQGStSYC8TqHQZ2dg,mendota-heights-minnesota
https://www.ubereats.com/minneapolis/food-delivery/jj-fish-%26-chicken/bNMf0XC9Rf-D_LJBBUv3ZQ,mendota-heights-minnesota
https://www.ubereats.com/minneapolis/food-delivery/taco-bell-1965-county-road-d/lSDyo25BTu2K8FTs7zKV6w,mendota-heights-minnesota
https://www.ubereats.com/minneapolis/food-delivery/u-garden/k91QIMbMQ3m7o0iZFJllrg,mendota-heights-minnesota
https://www.ubereats.com/minneapolis/food-delivery/jamba-juice-8362-tamarack-village-%23123/QfE47UhwQ3aNF3X20NvEOw,mendota-heights-minnesota
https://www.ubereats.com/minneapolis/food-delivery/caribou-coffee-1601-e-66th-st/FmWwenH8SJu0fgBDwdKvig,mendota-heights-minnesota
https://www.ubereats.com/minneapolis/food-delivery/caribou-coffee-757-grand-avenue/Da60C1wFQEO-b8ibf_5cSA,mendota-heights-minnesota
https://www.ubereats.com/minneapolis/food-delivery/machete-cocina-mexicana/5iJ_WFHORBKGyQlZ4mS8zw,mendota-heights-minnesota
https://www.ubereats.com/minneapolis/food-delivery/cielito-lindo/WL3vixJXTvesQm0x969mkQ,mendota-heights-minnesota
https://www.ubereats.com/minneapolis/food-delivery/sencha-tea-bar-st-paul/BXEmj11zRISwc7hxjucb0g,mendota-heights-minnesota
https://www.ubereats.com/minneapolis/food-delivery/noodles-%26-company-3833-lexington-ave-n-ste-109/SZkovTEZTPKNF8t8kJfhJw,mendota-heights-minnesota
https://www.ubereats.com/minneapolis/food-delivery/wings-%26-things-min01-1/Kc9b-_jFS36vmjmpRnnf6g,mendota-heights-minnesota
https://www.ubereats.com/minneapolis/food-delivery/mcdonalds-5760-cahill-ave/aZnpulAxSeuB8wz5unz5_g,mendota-heights-minnesota
https://www.ubereats.com/minneapolis/food-delivery/union-32-craft-house/ZWLnEuq6QvmX_TN9gO0Gqw,mendota-heights-minnesota
https://www.ubereats.com/minneapolis/food-delivery/bennetts-chop-%26-railhouse/2zZJ9SB0TlmmGwVIUD98bA,mendota-heights-minnesota
https://www.ubereats.com/minneapolis/food-delivery/joes-burger-shack/FiszZEj0Tj-grO1gySfhdQ,mendota-heights-minnesota
https://www.ubereats.com/minneapolis/food-delivery/freshii-444-cedar-street-%23229/HCbXSDFqQGaX0whxUfSaSw,mendota-heights-minnesota
https://www.ubereats.com/minneapolis/food-delivery/due-focacceria/Ju6o3hyCQ5iSYgFycF4hFA,mendota-heights-minnesota
https://www.ubereats.com/minneapolis/food-delivery/cafe-zupas-3340-central-park-village-dr/AeW50McqQQSXTdonYOYJ9A,mendota-heights-minnesota
https://www.ubereats.com/minneapolis/food-delivery/burgers-%26-sandwiches-by-famous-daves-2131-snelling-avenue/RcjrUT9PR626FjMXmZazzw,mendota-heights-minnesota
https://www.ubereats.com/minneapolis/food-delivery/subway-1644-robert-st-s/KBggJHsUQfCl-83q2V3w_w,mendota-heights-minnesota
https://www.ubereats.com/minneapolis/food-delivery/taco-bell-215-east-lake-street/ONr7LaZISUmGpSKxTeQ69Q,mendota-heights-minnesota
https://www.ubereats.com/minneapolis/food-delivery/ras-restaurant/21w30_e9REaL4r7huBmIAg,mendota-heights-minnesota
https://www.ubereats.com/minneapolis/food-delivery/papa-murphys-1380-duckwood-drive/lWcGxqfnQfeM2PhWqxHBlg,mendota-heights-minnesota
https://www.ubereats.com/minneapolis/food-delivery/bay-leaf-indian-cuisine-town-centre-%26-denmark/q7RHnbkNSq-ZIbETKK-suQ,mendota-heights-minnesota
https://www.ubereats.com/minneapolis/food-delivery/d-brians-deli-bloomington/LzDeeCm6Q96ytTmxoKgD_Q,mendota-heights-minnesota
https://www.ubereats.com/minneapolis/food-delivery/local-roots-817-e-66th-st/g6cOWqZVQKCfT007kdeQlQ,mendota-heights-minnesota
https://www.ubereats.com/minneapolis/food-delivery/pizza-ranch-1845-e-county-rd-d-ste-100/vFY7i6EPSxGRC5FNVesWOw,mendota-heights-minnesota
https://www.ubereats.com/minneapolis/food-delivery/buffalo-wild-wings-8346-3rd-st-n/6xbmrWmwQHegerZaK9bgHQ,mendota-heights-minnesota
https://www.ubereats.com/minneapolis/food-delivery/chipotle-mexican-grill-29-5th-st-w/LY_pBfpFRW2P6v7PLKRMDA,mendota-heights-minnesota
https://www.ubereats.com/minneapolis/food-delivery/kyoto-sushi-eagan/6MyJ1XdXTUmxWriMH_Ccow,mendota-heights-minnesota
https://www.ubereats.com/minneapolis/food-delivery/global-food-market/BJaFNDP4SaqzrcWA7pxryA,mendota-heights-minnesota
https://www.ubereats.com/minneapolis/food-delivery/casa-barilla-min02-1/Qv_x_kKuS4CedTL6bmEkEQ,mendota-heights-minnesota
https://www.ubereats.com/minneapolis/food-delivery/the-naughty-greek-snelling/qQmjkO0OST2GRLhOafNAAw,mendota-heights-minnesota
https://www.ubereats.com/minneapolis/food-delivery/starbucks-yankee-doodle-and-pilot-knob-r/olT7T4xtRBuDzlTWCAZegg,mendota-heights-minnesota
https://www.ubereats.com/minneapolis/food-delivery/el-azteca-inner-grove-heights/dNqILZXNTQWOL6l7GAjIuA,mendota-heights-minnesota
https://www.ubereats.com/minneapolis/food-delivery/mojo-monkey-donuts/Bq5FpiOqQHOLhpNAzJBPWA,mendota-heights-minnesota
https://www.ubereats.com/minneapolis/food-delivery/iron-ranger/hcj_x9cWT_KukFmsyU7hcw,mendota-heights-minnesota
https://www.ubereats.com/minneapolis/food-delivery/hmong-food/_UFRVxVgSYe8KVUJzv56fg,mendota-heights-minnesota
https://www.ubereats.com/minneapolis/food-delivery/the-hot-italian/8N3rABusTVaFsI1B0wD84Q,mendota-heights-minnesota
https://www.ubereats.com/minneapolis/food-delivery/casamigos-authentic-mexican-restaurant/NzrB_zI5TVG7FlaFc6bbnw,mendota-heights-minnesota
https://www.ubereats.com/minneapolis/food-delivery/india-house/VZobOo8uRMKNcvVYYYIFtQ,mendota-heights-minnesota
https://www.ubereats.com/minneapolis/food-delivery/kfc-1560-robert-street-south/-5P8Z1NhQ5O56ni8RAk6Ag,mendota-heights-minnesota
https://www.ubereats.com/minneapolis/food-delivery/wa-frost-%26-company/TZehAeKTTY-YhQSSd4KvsQ,mendota-heights-minnesota
https://www.ubereats.com/minneapolis/food-delivery/thai-street-market/H6cPM3M-Q82Dk3F5lVlWiA,mendota-heights-minnesota
https://www.ubereats.com/minneapolis/food-delivery/wild-orchid-maplewood/faVN3BNjQ2GP2kfhzVHyIA,mendota-heights-minnesota
https://www.ubereats.com/minneapolis/food-delivery/key-west-bistro/bOQcl8dlSq6DQf9O2jZ7nQ,mendota-heights-minnesota
https://www.ubereats.com/minneapolis/food-delivery/carbones-pizzeria-st-paul/XzvdAj_fSJOr-qLw0j901w,mendota-heights-minnesota
https://www.ubereats.com/minneapolis/food-delivery/t-rex-cookie-kitchen/fU9iiOYHT1uYxIro6sOjeA,mendota-heights-minnesota
https://www.ubereats.com/minneapolis/food-delivery/papa-johns-3344-promenade-avenue-suite-107/sand1xM1Qxmu8lvu85HXNg,mendota-heights-minnesota
https://www.ubereats.com/minneapolis/food-delivery/leeann-chin-2014-ford-parkway-st/vUj4M-zIS_u7efL1X_i--g,mendota-heights-minnesota
https://www.ubereats.com/minneapolis/food-delivery/applebees-7250-valley-creek-plaza-%2382012/ay3PSZX6Tp-s2NYZ9zByYA,mendota-heights-minnesota
https://www.ubereats.com/minneapolis/food-delivery/arbys-1279-town-centre-dr/Xb5Oh8RfTjmqE6orukTm5w,mendota-heights-minnesota
https://www.ubereats.com/minneapolis/food-delivery/panda-express-7823-southtown-dr/A1zNa0DQQRKPR1dh1WIOVQ,mendota-heights-minnesota
https://www.ubereats.com/minneapolis/food-delivery/gigis-cafe/Zj6YUI8bS4K19deFCGbxHw,mendota-heights-minnesota
https://www.ubereats.com/minneapolis/food-delivery/potbelly-sandwich-shop-highland-%7C-316/CqurRfUrRO6_Kj7kXR1Kyg,mendota-heights-minnesota
https://www.ubereats.com/minneapolis/food-delivery/sprout-salad-company/W_aFFDfKSd2KlhNCe9B1GQ,mendota-heights-minnesota
https://www.ubereats.com/minneapolis/food-delivery/cinnabon-e-180-broadway/u8rxKMNtTl6Jkhano4jyCA,mendota-heights-minnesota
https://www.ubereats.com/minneapolis/food-delivery/famous-daves-7th-st-%26-dealton/FqR0DGVyTySGuxSkSZB_mQ,mendota-heights-minnesota
https://www.ubereats.com/minneapolis/food-delivery/mcdonalds-marion-%26-university/sEP9Q_1oTU-Y7-29wsMmkg,mendota-heights-minnesota
https://www.ubereats.com/minneapolis/food-delivery/the-howe-daily-kitchen-%26-bar/Wq6vE0YIT12kMrfrE6sCSw,mendota-heights-minnesota
https://www.ubereats.com/minneapolis/food-delivery/taco-bell-1325-town-centre-dr/z61clF5uTTyy38TFuNx5pg,mendota-heights-minnesota
https://www.ubereats.com/minneapolis/food-delivery/hot-hands-pie-%26-biscuit/JAjM6hGPTkG-GxsVT8nT8Q,mendota-heights-minnesota
https://www.ubereats.com/minneapolis/food-delivery/burger-king-1600-7th-st-w/5HmuVLyYT0WDP8blJqRHwA,mendota-heights-minnesota
https://www.ubereats.com/minneapolis/food-delivery/papa-johns-504-lexington-parkway-south/6G41EIcIT7Km32sJrjz0nw,mendota-heights-minnesota
https://www.ubereats.com/minneapolis/food-delivery/noodles-%26-company-7630-lyndale-ave-at-77th-ste-100/MPCNJIuCTRqmIeyz7-kvlA,mendota-heights-minnesota
https://www.ubereats.com/minneapolis/food-delivery/i-heart-mac-%26-cheese-min02-1/Ry7Fr1bvQKeFRcOcxYxwNg,mendota-heights-minnesota
https://www.ubereats.com/minneapolis/food-delivery/sonic-1960-suburban-ave/fk_VvzopRJiNtWiMcG-LAQ,mendota-heights-minnesota
https://www.ubereats.com/minneapolis/food-delivery/subway-945-rice-st/JePY_sdNSvaC27rrifN-kw,mendota-heights-minnesota
https://www.ubereats.com/minneapolis/food-delivery/mason-jar-kitchen/YbQtIWxfRAWOIlxoObHGJg,mendota-heights-minnesota
https://www.ubereats.com/minneapolis/food-delivery/papa-johns-1960-donegal-road/mEEzztoQSx-WDrZc00e5Bw,mendota-heights-minnesota
https://www.ubereats.com/minneapolis/food-delivery/buns-%26-bao-min01-2/L5PRrRAWQemke8KG-Qzc0Q,mendota-heights-minnesota
https://www.ubereats.com/minneapolis/food-delivery/mcdonalds-2020-dodd-rd/1v9zoec_S1WufVBUnSk5SQ,mendota-heights-minnesota
https://www.ubereats.com/minneapolis/food-delivery/subway-2513-w-7th-st/fY-2smoSTdSobeS7uJi_FA,mendota-heights-minnesota
https://www.ubereats.com/minneapolis/food-delivery/papa-murphys-1960-cliff-lake-road-suite-113a/A1G0JefuR7Srt1Oal8n7sw,mendota-heights-minnesota
https://www.ubereats.com/minneapolis/food-delivery/acapulco-mexican-restaurant-woodbury-mn/w7zB6lstQWOPPbqGTz3slw,mendota-heights-minnesota
https://www.ubereats.com/minneapolis/food-delivery/acapulco-mexican-restaurant-maplewood/f0jfSJY-QXejpI6Euut1UA,mendota-heights-minnesota
https://www.ubereats.com/minneapolis/food-delivery/sawatdee-thai-st-paul/D_hQe0ZbRC6IXIVcxNtJ-w,mendota-heights-minnesota
https://www.ubereats.com/minneapolis/food-delivery/ichiddo-ramen/PgoFzJiSSkqPIeoSvu2e1g,mendota-heights-minnesota
https://www.ubereats.com/minneapolis/food-delivery/bap-and-chicken/bp0rid2TSPyJWtb5UTolWA,mendota-heights-minnesota
https://www.ubereats.com/minneapolis/food-delivery/west-indies-soul-food/nYTZHeWBQ2ybeoIVkSCdFQ,mendota-heights-minnesota
https://www.ubereats.com/minneapolis/food-delivery/downtowner-woodfire-grill/ltUH8AhKQRuSk-s_zRqqnQ,mendota-heights-minnesota
https://www.ubereats.com/minneapolis/food-delivery/ichiddo-ramen/fdsDX2Z7T7OmP-QGaO7AMw,mendota-heights-minnesota
https://www.ubereats.com/minneapolis/food-delivery/arbys-3109-white-bear-ave/z_ZoIg4cSaSe4P5cSXii4g,mendota-heights-minnesota
https://www.ubereats.com/minneapolis/food-delivery/red-lobster-8350-3rd-street-north/YS0Rqp2gTwuWtBIn9n0Prg,mendota-heights-minnesota
https://www.ubereats.com/minneapolis/food-delivery/jersey-mikes-1705-s-robert-st/PEeiDv6uSd2HM8bT1p4lTQ,mendota-heights-minnesota
https://www.ubereats.com/minneapolis/food-delivery/leeann-chin-9727-lyndale-ave-south/NOhexga7RI29xAeJNo0DzQ,mendota-heights-minnesota
https://www.ubereats.com/minneapolis/food-delivery/mcdonalds-1841-suburban-ave/J-3OCeKHRZepDXGrhopGSA,mendota-heights-minnesota
https://www.ubereats.com/minneapolis/food-delivery/caribou-coffee-1817-randolph-avenue/MMLAXauaRIafqiubrvN0kw,mendota-heights-minnesota
https://www.ubereats.com/minneapolis/food-delivery/sweet-peas-public-house/g5z1B38lRmSMdfbHLSJ_Wg,mendota-heights-minnesota
https://www.ubereats.com/minneapolis/food-delivery/subway-768-hwy-110/k23-O0lSRsqRtBL1XTTVsA,mendota-heights-minnesota
https://www.ubereats.com/minneapolis/food-delivery/american-eclectic-burger-min01-1/DgyF_K5wTBSYZcWSAiKWtQ,mendota-heights-minnesota
https://www.ubereats.com/minneapolis/food-delivery/mcdonalds-jefferson-%26-oneida/fJvCMfG3Qhu8dOpSplasFg,mendota-heights-minnesota
https://www.ubereats.com/minneapolis/food-delivery/subway-4741-hiawatha-ave/XjnDiI5LRTeo0Gscq4cTuA,mendota-heights-minnesota
https://www.ubereats.com/minneapolis/food-delivery/leeann-chin-3450-pilot-knob-rd-%23103/xGkne0wVQNCnmrr4_UdGOg,mendota-heights-minnesota
https://www.ubereats.com/minneapolis/food-delivery/one-two-three-sushi-stp/Noe4cp67Q5mOTphTnE5fFA,mendota-heights-minnesota
https://www.ubereats.com/minneapolis/food-delivery/bakers-square-1949-south-robert-street/BH8xZMq-QFa8Hlnip-ypjQ,mendota-heights-minnesota
https://www.ubereats.com/minneapolis/food-delivery/market-bar-b-que/xWkrkfBJQsWsksXDgFTwuA,mendota-heights-minnesota
https://www.ubereats.com/minneapolis/food-delivery/outback-steakhouse-1770-beam-avenue/trNEnUmvRaSKemeAGGUIEw,mendota-heights-minnesota
https://www.ubereats.com/minneapolis/food-delivery/luckys-13-pub-bloomington/c3CYUSLVSZ-ajP0BcIJm0A,mendota-heights-minnesota
https://www.ubereats.com/minneapolis/food-delivery/taco-bell-1672-rice-st/FhrXwa9NTVS5jhc50uUNDA,mendota-heights-minnesota
https://www.ubereats.com/minneapolis/food-delivery/la-cabana/35nB6-gnQWuRVGKVpNkmsQ,mendota-heights-minnesota
https://www.ubereats.com/minneapolis/food-delivery/potbelly-sandwich-shop-woodbury-%7C-139/dkSffyV5Sg-ETrcYjbJE9A,mendota-heights-minnesota
https://www.ubereats.com/minneapolis/food-delivery/mcdonalds-university-%26-pillsbury/UJot_vL7QmagZ2ZHZgMA2Q,mendota-heights-minnesota
https://www.ubereats.com/minneapolis/food-delivery/catrinas-grill/M1x9c6J8SfmazCXhd0tYBw,mendota-heights-minnesota
https://www.ubereats.com/minneapolis/food-delivery/sa-tacos-university-ave-se/fEdbGOCHS46OxamYAfSKBg,mendota-heights-minnesota
https://www.ubereats.com/minneapolis/food-delivery/qc-pizza/jZxsu6fzSn6oCC9JBd_9lQ,mendota-heights-minnesota
https://www.ubereats.com/minneapolis/food-delivery/thiens-cajun-boiling-seafood/MmaUtW5sTQaxWZpvvhvGUA,mendota-heights-minnesota
https://www.ubereats.com/minneapolis/food-delivery/great-china/aoJw8oiDQp-E5__-1Y-g9w,mendota-heights-minnesota
https://www.ubereats.com/minneapolis/food-delivery/kfc-2087-north-snelling/QvpQTb6GT0ibgvdLFfoBtA,mendota-heights-minnesota
https://www.ubereats.com/minneapolis/food-delivery/somtaste-restaurant/4oWmOyuNT2GbfEJP3EE8qg,mendota-heights-minnesota
https://www.ubereats.com/minneapolis/food-delivery/taco-bell-1940-suburban-avenue/APghujMORWei1Av12u14XA,mendota-heights-minnesota
https://www.ubereats.com/minneapolis/food-delivery/silver-cafe/eSfU5iOrQ5CAYh1YV1-eWg,mendota-heights-minnesota
https://www.ubereats.com/minneapolis/food-delivery/perkins-restaurant-west-st-paul/gsLLEQtwTVCtg1CQNSE6GA,mendota-heights-minnesota
https://www.ubereats.com/minneapolis/food-delivery/white-castle-4515-s-robert-trail/6QNIy0ozSoCGQfJFqh7Vzw,mendota-heights-minnesota
https://www.ubereats.com/minneapolis/food-delivery/kabobs-indian-grill/7esQP6-DQlGIX4IzbEqvmQ,mendota-heights-minnesota
https://www.ubereats.com/minneapolis/food-delivery/woodbury-cafe/KWFR9r0xSaWqpbb_baDM_w,mendota-heights-minnesota
https://www.ubereats.com/minneapolis/food-delivery/india-bazaar-eagan/vlwjsnvgRd-fCqPkx1BC7Q,mendota-heights-minnesota
https://www.ubereats.com/minneapolis/food-delivery/leeann-chin-6741-york-ave-s/_3tfxQc0QGOPcKkgh66Baw,mendota-heights-minnesota
https://www.ubereats.com/minneapolis/food-delivery/agra-culture-kitchen-%26-press-highland-%26-cleveland/ewCemeuqT2iL55PBjJzH4Q,mendota-heights-minnesota
https://www.ubereats.com/minneapolis/food-delivery/wow-bao-min01-2/NQj2wawwSYujkLFfMpa-Fg,mendota-heights-minnesota
https://www.ubereats.com/minneapolis/food-delivery/pappys/otU0ewR2SkOkS0a7zhIg_g,mendota-heights-minnesota
https://www.ubereats.com/minneapolis/food-delivery/genghis-grill-eagan/rjPbWMDmRSWNqmafxHsHjA,mendota-heights-minnesota
https://www.ubereats.com/minneapolis/food-delivery/outback-steakhouse-5723-bishop-avenue/Va38nQDsRiu4nCYRufGPeQ,mendota-heights-minnesota
https://www.ubereats.com/minneapolis/food-delivery/liberty-gyros-and-kabobs/x8GM5tGLS-er2rf4QL3mXg,mendota-heights-minnesota
https://www.ubereats.com/minneapolis/food-delivery/my-burger-grand-ave/oEtmri6wRPeF9NysRAoJbg,mendota-heights-minnesota
https://www.ubereats.com/minneapolis/food-delivery/keefer-court-bakery-%26-cafe/zbH7vlNGSSaV5GxF7wbiRg,mendota-heights-minnesota
https://www.ubereats.com/minneapolis/food-delivery/sakura-restaurant-%26-sushi-bar/URb0UTeeT2ux4BoSIx0Blw,mendota-heights-minnesota
https://www.ubereats.com/minneapolis/food-delivery/treats/zhOcFYB7SXmrRiAbWgmkwQ,mendota-heights-minnesota
https://www.ubereats.com/minneapolis/food-delivery/teriyaki-madness-oakdale-mn/Tio6d0n9RdKHeG5bSgSt1g,mendota-heights-minnesota
https://www.ubereats.com/minneapolis/food-delivery/qdoba-mexican-grill-1298-promenade-pl/-1p_1qOpSMKLIC0nCG3jUg,mendota-heights-minnesota
https://www.ubereats.com/minneapolis/food-delivery/mcdonalds-1273-s-robert-st/0hLQ1oXpRZC3kRou4V_HvA,mendota-heights-minnesota
https://www.ubereats.com/minneapolis/food-delivery/deanes-kombucha/3FhPXt_-TgSwivT7MRNf1A,mendota-heights-minnesota
https://www.ubereats.com/minneapolis/food-delivery/burger-moes/aItAlc2rS9G90o1S5mZBsA,mendota-heights-minnesota
https://www.ubereats.com/minneapolis/food-delivery/cafe-zupas-1840-e-66th-st/8xEuJyAyQYmHj1rNk09bQQ,mendota-heights-minnesota
https://www.ubereats.com/minneapolis/food-delivery/ninja-sushi/wngQpv7GRI6EkyuxVqb7Gw,mendota-heights-minnesota
https://www.ubereats.com/minneapolis/food-delivery/js-fish-and-chicken/o6gGI9i2Qg6xt6VYJTZ_8A,mendota-heights-minnesota
https://www.ubereats.com/minneapolis/food-delivery/taco-bell-1484-white-bear-avenue/R-fCG6wAQ5GGCAC9C2Jdyg,mendota-heights-minnesota
https://www.ubereats.com/minneapolis/food-delivery/popeyes-rice-%26-wheelock/pweopluHSuuvWa1sXyazhw,mendota-heights-minnesota
https://www.ubereats.com/minneapolis/food-delivery/jamba-juice-1577-grand-ave/-jd12CKCSUOo66ruxvMafQ,mendota-heights-minnesota
https://www.ubereats.com/minneapolis/food-delivery/papa-murphys-2042-ford-parkway/pnAjqm0tR7adcxZ6v51MNw,mendota-heights-minnesota
https://www.ubereats.com/minneapolis/food-delivery/taco-bell-7740-2nd-ave-south/prMewyl2RRWXkqH8mO2LnA,mendota-heights-minnesota
https://www.ubereats.com/minneapolis/food-delivery/mothership-pizza/yx7KQfVuQfiDIepJ86FpRQ,mendota-heights-minnesota
https://www.ubereats.com/minneapolis/food-delivery/starbucks-snelling-and-marshall/asrbFvAESxyeBHOp1GYngw,mendota-heights-minnesota
https://www.ubereats.com/minneapolis/food-delivery/noodles-%26-company-1590-robert-st-s/6qJK7e23TcC9fPNGEzt81A,mendota-heights-minnesota
https://www.ubereats.com/minneapolis/food-delivery/panaderia-y-cafeteria-el-quetzal/8b-f64APTXGpyIFaiA4B2g,mendota-heights-minnesota
https://www.ubereats.com/minneapolis/food-delivery/boss-pizza-and-chicken/Jf_yuRdhT1qwyvvf94T6dA,mendota-heights-minnesota
https://www.ubereats.com/minneapolis/food-delivery/wendys-1770-university-ave-w/L20q6YADTrajZlTeF3THhw,mendota-heights-minnesota
https://www.ubereats.com/minneapolis/food-delivery/chipotle-mexican-grill-2082-ford-pkwy/Vdrnh4heRVWrF7vlM2nfrw,mendota-heights-minnesota
https://www.ubereats.com/minneapolis/food-delivery/shifa-coffee-llc/iBEwgwUSSwayR6if2LMtNw,mendota-heights-minnesota
https://www.ubereats.com/minneapolis/food-delivery/el-loro-mexican-grill-lyndale/xelg18g2T4SMZuKaJa6maQ,mendota-heights-minnesota
https://www.ubereats.com/minneapolis/food-delivery/granite-city-food-%26-brewery-eagan/Y7AjFe1_Q7GF3li7-Xlu-Q,mendota-heights-minnesota
https://www.ubereats.com/minneapolis/food-delivery/white-castle-1601-white-bear-ave/4okfa8OMRvaB-yavEuQOog,mendota-heights-minnesota
https://www.ubereats.com/minneapolis/food-delivery/chipotle-mexican-grill-9965-hudson-pl-ste-650/Ztl17KXJQV6ZK-DX5nSRWw,mendota-heights-minnesota
https://www.ubereats.com/minneapolis/food-delivery/tom-reids-hockey-city-pub/sCJx7LwfQySwjFWFtMR0hw,mendota-heights-minnesota
https://www.ubereats.com/minneapolis/food-delivery/apoy-mpls/25jpD9R2QvyjCkQcI7M3AQ,mendota-heights-minnesota
https://www.ubereats.com/minneapolis/food-delivery/mcdonalds-university-%26-snelling/X99aitX5RMqFfXfHy8Aqaw,mendota-heights-minnesota
https://www.ubereats.com/minneapolis/food-delivery/taco-bell-1931-minnehaha/vyUkTGZZTpimthdBFg8EhA,mendota-heights-minnesota
https://www.ubereats.com/minneapolis/food-delivery/neighborhood-kitchens-food-hall-min02-1/IsRX-JMPRoKrdvUz2bE7AA,mendota-heights-minnesota
https://www.ubereats.com/minneapolis/food-delivery/wandering-kitchen/VkcrBLtcSUOcN3pNciYx-Q,mendota-heights-minnesota
https://www.ubereats.com/minneapolis/food-delivery/big-bowl-chinese-express-eagan/7lPJFUaNRzKNPgrsKAmgWA,mendota-heights-minnesota
https://www.ubereats.com/minneapolis/food-delivery/the-naughty-greek-university/lTKSSKS-TXeJBK49XREY0Q,mendota-heights-minnesota
https://www.ubereats.com/minneapolis/food-delivery/noodles-%26-company-1340-town-centre-dr/uoc49IWFQoacPF2Wj8YDHg,mendota-heights-minnesota
https://www.ubereats.com/minneapolis/food-delivery/burger-king-100-grand-avenue-east/G9brTeMyQPWskf-HFydHPg,mendota-heights-minnesota
https://www.ubereats.com/minneapolis/food-delivery/buffalo-wild-wings-80-n-snelling-ave/ltqc7FuvR8qEtYBF2Z1I1w,mendota-heights-minnesota
https://www.ubereats.com/minneapolis/food-delivery/pei-wei-8300-tamarack-village-suite-102/BIcv2M0VQOm10QsaA5MbyA,mendota-heights-minnesota
https://www.ubereats.com/minneapolis/food-delivery/jr-macs/l7WUlv_xTn6fVqrjCGudJg,mendota-heights-minnesota
https://www.ubereats.com/minneapolis/food-delivery/dickeys-barbecue-restaurants-inc-3090-courthouse-ln/i1BqtZu5Syep2yuQUQRk1g,mendota-heights-minnesota
https://www.ubereats.com/minneapolis/food-delivery/papa-murphys-965-county-road-e-east/EMqUhafOSF2sil2rCnKYxQ,mendota-heights-minnesota
https://www.ubereats.com/minneapolis/food-delivery/leeann-chin-1733-south-robert-street-west/7tcGD3tMRRmakY2uQ_WxKA,mendota-heights-minnesota
https://www.ubereats.com/minneapolis/food-delivery/deg-deg-grillburnsville/Tp3uDNRWSTKGEAGKOuODpw,mendota-heights-minnesota
https://www.ubereats.com/minneapolis/food-delivery/wow-bao-min02-1/n5tF04LwTci1hkLFmeb0PA,mendota-heights-minnesota
https://www.ubereats.com/minneapolis/food-delivery/the-grind-coffee-and-creamery/wKrm4lf-TyCd69h-Dgc-Yw,mendota-heights-minnesota
https://www.ubereats.com/minneapolis/food-delivery/juniors-cafe-%26-grill/XOzra2-cR3OyhscJw8Tc5Q,mendota-heights-minnesota
https://www.ubereats.com/minneapolis/food-delivery/buca-di-beppo-st-paul/-lRIYO_NTk-etbm3LZQrTA,mendota-heights-minnesota
https://www.ubereats.com/minneapolis/food-delivery/noodles-%26-company-60-e-broadway-ste-s342/bty3GEvlQYOrGjvm-AXhpg,mendota-heights-minnesota
https://www.ubereats.com/minneapolis/food-delivery/sweet-corner/NtlwmuJ_TfeuFtwS14Gijw,mendota-heights-minnesota
