url,city
https://www.ubereats.com/palm-springs/food-delivery/submarina/6pyDqirdRB-nJEoKh7BHWw,menifee-california
https://www.ubereats.com/palm-springs/food-delivery/family-basket/wMH3h_ErQUSW1Qmubp_Gfg,menifee-california
https://www.ubereats.com/palm-springs/food-delivery/pick-up-stix-murrieta/s5jOtlUUR6OEeamUM6RU8A,menifee-california
https://www.ubereats.com/palm-springs/food-delivery/castanedas-mexican-food-sun-city-ca/ZUrZ6XWKSjew8p52IZsOTg,menifee-california
https://www.ubereats.com/palm-springs/food-delivery/new-york-upper-crust-pizza-menifee/PTCbjkHPTDWXS18ZhZiSHg,menifee-california
https://www.ubereats.com/palm-springs/food-delivery/burger-king-1688-north-perris-road/CQbnrZsgR6S-nhiU2cbW7Q,menifee-california
https://www.ubereats.com/palm-springs/food-delivery/kfc-40702-california-oaks-rd/4vUygveTSpaiSaq7kFbimQ,menifee-california
https://www.ubereats.com/palm-springs/food-delivery/breakfast-house-los-tejabanes/yMatmIhuRqi_dL1jdeHQ7A,menifee-california
https://www.ubereats.com/palm-springs/food-delivery/cotijas-murrieta-ca/jVNKtm8wQkisRrrj8CsR3A,menifee-california
https://www.ubereats.com/palm-springs/food-delivery/del-taco-3150-case-road-bldg-e/-RQLftGfTUq-P5UCp0j12Q,menifee-california
https://www.ubereats.com/palm-springs/food-delivery/farmer-boys-ramona-expressway/5j0ixArQT6O33aN2meF7LA,menifee-california
https://www.ubereats.com/palm-springs/food-delivery/applebees-24872-madison-avenue-%2379062/r2cm51uFR6WVRcAQjj7tGw,menifee-california
https://www.ubereats.com/palm-springs/food-delivery/los-titos-mexican-food-murrieta/RrhwnoTqR22edA4GrvxhLA,menifee-california
https://www.ubereats.com/palm-springs/food-delivery/five-guys-ca-1672-27774-newport-rd/yf4_6JtWQdW_VJG6Dpz2_w,menifee-california
https://www.ubereats.com/palm-springs/food-delivery/yogurt-valley/IFM8litaSfikHrpjIhkGTw,menifee-california
https://www.ubereats.com/palm-springs/food-delivery/buffalo-wild-wings-30123-haun-rd/3n9oyjLdTxmLkSiTQHcU5A,menifee-california
https://www.ubereats.com/palm-springs/food-delivery/which-wich-murrieta/IBXE3M98QZ6x-Dq45gj7dg,menifee-california
https://www.ubereats.com/palm-springs/food-delivery/yellow-basket-menifee/E1o6fHKvREWqroTB7iMF4Q,menifee-california
https://www.ubereats.com/palm-springs/food-delivery/golden-corral-18625-dexter-ave/Hk9_aM3JSNai-2-_DKU3Tw,menifee-california
https://www.ubereats.com/palm-springs/food-delivery/firehouse-subs-29787-antelope-rd/uPTBNXVkQ325H3IYwbNqFQ,menifee-california
https://www.ubereats.com/palm-springs/food-delivery/subway-26926-cherry-hills-blvd/d7tlx-JRTjOqJWYKbtzcIw,menifee-california
https://www.ubereats.com/palm-springs/food-delivery/jersey-mikes-subs-31800-grape-street/-OsGtkKMQruILeqRlqcI9A,menifee-california
https://www.ubereats.com/palm-springs/food-delivery/jack-in-the-box-29993-canyon-hills-rd/hE_snX4aSWC60D64fwasUw,menifee-california
https://www.ubereats.com/palm-springs/food-delivery/krispy-kreme-30007-haun-road/BOUV0YHKRliVq2RQKiZ1Fw,menifee-california
https://www.ubereats.com/palm-springs/food-delivery/panda-express-23861-clinton-keith-road/D7OQphKvTFmgWk48OwRbrA,menifee-california
https://www.ubereats.com/palm-springs/food-delivery/papa-johns-30145-antelope-road-ste-b-102/JjR-2yL_STKG7Ihx9siC8w,menifee-california
https://www.ubereats.com/palm-springs/food-delivery/popeyes-498-e-4th-st/eolQD9PlR_iT2p7CvMbFhQ,menifee-california
https://www.ubereats.com/palm-springs/food-delivery/panda-express-29255-central-ave/LNqwxQLwRnmHzy7nkqWlCw,menifee-california
https://www.ubereats.com/palm-springs/food-delivery/el-pollo-loco-31550-grape-street3477/VsnAvSf3ThG4kVm5UxndYg,menifee-california
https://www.ubereats.com/palm-springs/food-delivery/msr-mexican-food/ygmD5khhTgm0U7ZuYu0rCw,menifee-california
https://www.ubereats.com/palm-springs/food-delivery/jack-in-the-box-30111-antelope-dr/0_86KVYeRdCVWC56nJRIgA,menifee-california
https://www.ubereats.com/palm-springs/food-delivery/panda-express-1840-n-perris-blvd/FfzbW3VKS12l2JkfT8AZwQ,menifee-california
https://www.ubereats.com/palm-springs/food-delivery/el-pollo-loco-40468-murrieta-hot-springs-road3494/CQSvRXBBT22JqQPin63fAw,menifee-california
https://www.ubereats.com/palm-springs/food-delivery/casa-jimenez-murrieta/OBRFGmTkT8Koe5Se6E-NPA,menifee-california
https://www.ubereats.com/palm-springs/food-delivery/anthonys-lounge-%26-ristorante/6PevRy-oQTePth1BzhQ_yw,menifee-california
https://www.ubereats.com/palm-springs/food-delivery/bushfire-kitchen-menifee/JAUjMEb4SNSzezgkjWRRaA,menifee-california
https://www.ubereats.com/palm-springs/food-delivery/subway-3150-case-rd-ste-3/UdkT5uNoQ46-uCko7f_dRw,menifee-california
https://www.ubereats.com/palm-springs/food-delivery/el-pollo-loco-30147-haun-rd6110/TXJZi0jLQ6WISDl5bQE6yA,menifee-california
https://www.ubereats.com/palm-springs/food-delivery/jersey-mikes-subs-36250-hidden-springs-road/9ATsbdf2RaCLF983xRlNRw,menifee-california
https://www.ubereats.com/palm-springs/food-delivery/waba-grill-30660-benton-rd-%23d403-winchester/o_auWMSwRVqHmTSSvrdURw,menifee-california
https://www.ubereats.com/palm-springs/food-delivery/carls-jr-40980-california-oaks-rd/tf62mpMaTQiMPDm3w-zb_A,menifee-california
https://www.ubereats.com/palm-springs/food-delivery/papa-johns-40770-california-oaks-rd/iSuBFPVuQXK8f7aDJNipJw,menifee-california
https://www.ubereats.com/palm-springs/food-delivery/dennys-570-e-4th-st/MEIvpnijSLKToXuUmCFVeQ,menifee-california
https://www.ubereats.com/palm-springs/food-delivery/dunkin-40361-murrieta-hot-springs-rd/MOPyKWe1Rr6ogb9xabSf9g,menifee-california
https://www.ubereats.com/palm-springs/food-delivery/carls-jr-251-diamond-dr/aOhCCrxdRxal5CnsfSb64w,menifee-california
https://www.ubereats.com/palm-springs/food-delivery/la-mexicana-taqueria/77zqs-jeRJSkMD-qKwuSow,menifee-california
https://www.ubereats.com/palm-springs/food-delivery/mcdonalds-26875-newport-road/xGRJdlt8QdGF4Zazr-N4Aw,menifee-california
https://www.ubereats.com/palm-springs/food-delivery/chipotle-mexican-grill-40940-california-oaks-rd-ste-a/s2Jdsa5WQ8-o629Tr5XWAg,menifee-california
https://www.ubereats.com/palm-springs/food-delivery/panda-express-25312-madison-ave/2BiKNqI6TQ-XrjB207m8bg,menifee-california
https://www.ubereats.com/palm-springs/food-delivery/bellas-pizza-villa/NhsY1ynHTvewebFAyizelA,menifee-california
https://www.ubereats.com/palm-springs/food-delivery/zapatas-authentic-mexican-restaurant-nuevo/jqpMy9OqS2OjDTwJuStJ4g,menifee-california
https://www.ubereats.com/palm-springs/food-delivery/carls-jr-23761-washington-ave/eeRA2N3KT9OwGk4oBVFvlg,menifee-california
https://www.ubereats.com/palm-springs/food-delivery/blaze-pizza-29881-antelope-rd-suite-100/SiBaUMyTRmKPq3Ba8pHF3A,menifee-california
https://www.ubereats.com/palm-springs/food-delivery/most-valuable-pizza-mvp/MikSZz7mQqKEPfvqohFMYw,menifee-california
https://www.ubereats.com/palm-springs/food-delivery/jack-in-the-box-36196-hidden-springs-rd/TVTKp_cwS3CBzziKXiYmsQ,menifee-california
https://www.ubereats.com/palm-springs/food-delivery/the-habit-burger-grill-40436-murrieta-hot-springs-rd-ste-102/MJZupe2cQvebTU3IvUNbXg,menifee-california
https://www.ubereats.com/palm-springs/food-delivery/carls-jr-26100-newport-dr/om9qZEf1RJCxqZVdSGpVTg,menifee-california
https://www.ubereats.com/palm-springs/food-delivery/los-primos-cal-oaks-%236/Ay1Q9dWsRee3y5hwSCIHog,menifee-california
https://www.ubereats.com/palm-springs/food-delivery/taste-of-siam-thai-cuisine/2fEb4SumSCC7iyTsCpt14A,menifee-california
https://www.ubereats.com/palm-springs/food-delivery/papa-johns-25381-railroad-canyon-road-11c/hSeAPzh-SHqRVighnnhjMA,menifee-california
https://www.ubereats.com/palm-springs/food-delivery/mcdonalds-sec-newport-%26-menifee/NJuJwxOnSe628kGl7CXNLQ,menifee-california
https://www.ubereats.com/palm-springs/food-delivery/waba-grill-31500-grape-st-lake-elsinore/TikvhLBKRXyE9v_gDkIDfw,menifee-california
https://www.ubereats.com/palm-springs/food-delivery/dennys-23857-clinton-keith-rd/HjyseMD0Q-u8nAlkMxEUHg,menifee-california
https://www.ubereats.com/palm-springs/food-delivery/jersey-mikes-subs-29910-murrieta-hot-springs-rd/3Q8cS7fBSROm45heBjofXg,menifee-california
https://www.ubereats.com/palm-springs/food-delivery/dunkin-26905-newport-rd/GcjOrf15Q0aylMIRRDqlsg,menifee-california
https://www.ubereats.com/palm-springs/food-delivery/carls-jr-3150-case-rd-bldg-f/Ee2WoXUnTAWm50Hz4dF8og,menifee-california
https://www.ubereats.com/palm-springs/food-delivery/yellow-basket-wildomar/dacfuK8xTkOprvZwEzn7eQ,menifee-california
https://www.ubereats.com/palm-springs/food-delivery/sharons-creole-kitchen/Fiv698RqTuWNt6ydIjy7Ew,menifee-california
https://www.ubereats.com/palm-springs/food-delivery/miguels-jr-menifee/SW-v0h-GS6KEfFbnm2zxqg,menifee-california
https://www.ubereats.com/palm-springs/food-delivery/panera-30318-haun-road/jrK7OQXuTwqr1TGVOVaTNA,menifee-california
https://www.ubereats.com/palm-springs/food-delivery/rubios-40436-murrieta-hot-springs-road-suite-101/bZcSizFiRoumda82XoPRUA,menifee-california
https://www.ubereats.com/palm-springs/food-delivery/santiagos-taco-shop-sun-city/uZocSrFNRy-dUbw-dJWQiA,menifee-california
https://www.ubereats.com/palm-springs/food-delivery/sizzler-91-w-nuevo-rd/Pvhfic23QJmmso4KSQ4tmA,menifee-california
https://www.ubereats.com/palm-springs/food-delivery/jack-in-the-box-2511-e-lakeshore-dr/2bxtGK_YT_mnOrV0sWUpNA,menifee-california
https://www.ubereats.com/palm-springs/food-delivery/del-taco-25900-newport-road/i4NsTFZmSI2OeYSpdHTW1Q,menifee-california
https://www.ubereats.com/palm-springs/food-delivery/jersey-mikes-subs/gufOmcYYTiCxB-EXUFLthQ,menifee-california
https://www.ubereats.com/palm-springs/food-delivery/carls-jr-69w-nuevo-rd/KZ7OIvLEQsaXFYJ5WgrmZA,menifee-california
https://www.ubereats.com/palm-springs/food-delivery/pacific-pita-mediterranean-kitchen/blrvQTR8RCiku4yEYMfo4w,menifee-california
https://www.ubereats.com/palm-springs/food-delivery/mariscos-tecuala/WXlTZOmwQy6sqNdwRCdIfA,menifee-california
https://www.ubereats.com/palm-springs/food-delivery/winchells-donut-house-345-e-4th-st-suite-b/UkOxLw6cT3OYUjSvj6B4uA,menifee-california
https://www.ubereats.com/palm-springs/food-delivery/el-comal-%232/jkMRgMCWQEqcCvzdm5bNqg,menifee-california
https://www.ubereats.com/palm-springs/food-delivery/nekter-juice-bar-menifee/dXxPFwCYTqKZlCLUK9TuaQ,menifee-california
https://www.ubereats.com/palm-springs/food-delivery/ohana-hawaiian-grill-murrieta/-lsP-EgPTQOwQ7yFiDE28g,menifee-california
https://www.ubereats.com/palm-springs/food-delivery/miguels-jr-murrieta/r8ht9FsbRHqqn3PD-Dxm-w,menifee-california
https://www.ubereats.com/palm-springs/food-delivery/los-primos-menifee-%2331/5LCQUZiQT56Dsc_TkWJ0gg,menifee-california
https://www.ubereats.com/palm-springs/food-delivery/jersey-mikes-subs-27774-newport-road/DvkxljnmSki-qOZp3S4LIg,menifee-california
https://www.ubereats.com/palm-springs/food-delivery/chipotle-mexican-grill-30024-haun-rd-ste-130/3WbvI3NLSjadGdiDcPv4rw,menifee-california
https://www.ubereats.com/palm-springs/food-delivery/casa-jimenez-perris/8Q0qNKAeTxevmD32Lz70qQ,menifee-california
https://www.ubereats.com/palm-springs/food-delivery/dairy-queen-grill-%26-chill-40720-california-oaks-rd/RA0SI5C6R5GU7YmwI9ezlg,menifee-california
https://www.ubereats.com/palm-springs/food-delivery/pieology-pizzeria-perris/IjbEiiuzRnKXfoIOmRorCw,menifee-california
https://www.ubereats.com/palm-springs/food-delivery/waba-grill-1870-north-perris-blvd-perris/QXOdlxMlSXKg1-j48DG_iw,menifee-california
https://www.ubereats.com/palm-springs/food-delivery/la-bufadora-baja-grill-perris/f1ZWBaYNQS6k8OsjRcu_uw,menifee-california
https://www.ubereats.com/palm-springs/food-delivery/wendys-27925-encanto-dr/ZtTReHK8Q4OlBhGbVzc7LQ,menifee-california
https://www.ubereats.com/palm-springs/food-delivery/don-meres-restaurant/zQLXVkQCQqmUbRX0ouvxWQ,menifee-california
https://www.ubereats.com/palm-springs/food-delivery/al-reef-mediterranean-grill/I2uH7bgUTvKe_2rokHhVcA,menifee-california
https://www.ubereats.com/palm-springs/food-delivery/diamond-taproom/rVzTq4gWTgCwQa25D2nrsg,menifee-california
https://www.ubereats.com/palm-springs/food-delivery/subway-30123-antelope-rd/AoK--7ShSiiE9HiHoQn3bg,menifee-california
https://www.ubereats.com/palm-springs/food-delivery/starbucks-i-215-%26-ethanac-perris/K_gr0t08RhOuquRQk3GKnA,menifee-california
https://www.ubereats.com/palm-springs/food-delivery/dickeys-barebeque-29273-central-avenue-suite-b/oCQXHPptS3Wzyse6owRpHg,menifee-california
https://www.ubereats.com/palm-springs/food-delivery/sonic-30171-haun-rd/TGhqhiBMSPqlxqJ0YZdeSw,menifee-california
https://www.ubereats.com/palm-springs/food-delivery/kfc-321-summerhill-dr/a7mXjD98RomWN4Og5P4jkA,menifee-california
https://www.ubereats.com/palm-springs/food-delivery/the-habit-burger-grill-36350-hidden-springs-rd-suite-a/5MnM2SP9RSmkAlGR_HGkIA,menifee-california
https://www.ubereats.com/palm-springs/food-delivery/black-bear-diner-24640-madison-ave/3jeUykezTU2NaeJo9IwBYQ,menifee-california
https://www.ubereats.com/palm-springs/food-delivery/zesty-shawarma-and-grill/nBPNLkE8R9-LYVqv9MSxCg,menifee-california
https://www.ubereats.com/palm-springs/food-delivery/los-primos-french-valley-%2317/tH_j6_O0QyW6BwNqaBSc7Q,menifee-california
https://www.ubereats.com/palm-springs/food-delivery/wendys-29275-central-avenue/a2YWPlVkSpu3G75yUEn-BA,menifee-california
https://www.ubereats.com/palm-springs/food-delivery/mcdonalds-28000-bradley-rd/8nR9UshpRj6J-PHU_VCg0w,menifee-california
https://www.ubereats.com/palm-springs/food-delivery/corner-cafe-%26-froyo/wxoy-p2CTV-9F4u67_RJdA,menifee-california
https://www.ubereats.com/palm-springs/food-delivery/pieology-pizzeria-menifee/ua1vel8XTFGFb0WbRgWO8Q,menifee-california
https://www.ubereats.com/palm-springs/food-delivery/dunkin-36270-hidden-springs-rd-unit-a/NbX6QsXFRj6U7xGgUNHJUQ,menifee-california
https://www.ubereats.com/palm-springs/food-delivery/sizzler-40489-murrieta-hot-springs-rd/5KhyCo5RTIaUA9Dk2TiFKA,menifee-california
https://www.ubereats.com/palm-springs/food-delivery/red-robin-594-30142-haun-rd/oPSQRjgtSU6Dh9jb5pVu0w,menifee-california
https://www.ubereats.com/palm-springs/food-delivery/los-amigos-mexican-food/JHAwx1K1TCCw3jt_zsotOg,menifee-california
https://www.ubereats.com/palm-springs/food-delivery/rubios-3009-haun-rd/dxwfcw2xRZG6C_f8s8lowA,menifee-california
https://www.ubereats.com/palm-springs/food-delivery/hana-sushi-%236/T693kYxhSr6V-bChb1-idg,menifee-california
https://www.ubereats.com/palm-springs/food-delivery/la-bufadora-baja-grill-murrieta/-xOXsQbmSLik5wSTsJBADg,menifee-california
https://www.ubereats.com/palm-springs/food-delivery/tinos-tacos/kj73e_QKRNSqVG3chnNWJg,menifee-california
https://www.ubereats.com/palm-springs/food-delivery/robeks-fresh-juices-%26-smoothies/5r-QZs5WRkWCKn2pvJ3S9g,menifee-california
https://www.ubereats.com/palm-springs/food-delivery/jack-in-the-box-27608-clinton-keith-road/Ds88whpoS--gXN5rGePS9w,menifee-california
https://www.ubereats.com/palm-springs/food-delivery/jack-in-the-box-26015-newport-rd/W8UIn-HVSKmZRG3wQeqrBA,menifee-california
https://www.ubereats.com/palm-springs/food-delivery/old-market-grill/JHYxHSahQ7-TCRZTrlZqeQ,menifee-california
https://www.ubereats.com/palm-springs/food-delivery/panda-express-29989-canyon-hills-road/scOa5wkUT0ezmzm0hmmcAA,menifee-california
https://www.ubereats.com/palm-springs/food-delivery/jack-in-the-box-26670-mccall-blvd/w9pghVoPRmG31IlIwPbqGw,menifee-california
https://www.ubereats.com/palm-springs/food-delivery/applebees-27750-newport-road-%2377075/1Z12XneoS1iAi8adGJPc3A,menifee-california
https://www.ubereats.com/palm-springs/food-delivery/del-taco-29187-newport-road/2znXORIBTbGz0O5b5jWkNg,menifee-california
https://www.ubereats.com/palm-springs/food-delivery/carls-jr-30604-benton-rd/pzVSQHh9SgevlNhmb_d6aw,menifee-california
https://www.ubereats.com/palm-springs/food-delivery/waba-grill-29857-antelope-rd/qk19Xe9GSie5XFSMZ50wYA,menifee-california
https://www.ubereats.com/palm-springs/food-delivery/arbys-25251-madison-ave/teZnLbyDT_aHIK8_EPAI1Q,menifee-california
https://www.ubereats.com/palm-springs/food-delivery/ideku-sushi-%26-ramen/5QwT_HUTQbmXdwLG-XZUtQ,menifee-california
https://www.ubereats.com/palm-springs/food-delivery/el-pollo-loco-32360-clinton-keith3795/z8Ajm3cNTf-EMc2gmh983A,menifee-california
https://www.ubereats.com/palm-springs/food-delivery/starbucks-newport-%26-menifee/Pe5O7p8XSjaaJ5beM57gzw,menifee-california
https://www.ubereats.com/palm-springs/food-delivery/waba-grill-23905-clinton-keith-road-suite-101-wildomar/6D4fNILUSoe9o5ibE3eUYg,menifee-california
https://www.ubereats.com/palm-springs/food-delivery/del-taco-28055-scott-road/dPIPKbMcS5SYsyxQP-CnHg,menifee-california
https://www.ubereats.com/palm-springs/food-delivery/panda-express-30024-haun-road/XYroOB50RQu0kNYNoJDmug,menifee-california
https://www.ubereats.com/palm-springs/food-delivery/hana-sushi/jCpNuTfPQ6SvTlYOmSWQ4A,menifee-california
https://www.ubereats.com/palm-springs/food-delivery/dennys-36490-winchester-rd/yCk5k-w6RRq6CYYFA_ftLQ,menifee-california
https://www.ubereats.com/palm-springs/food-delivery/bjs-restaurant-%26-brewhouse-30208-haun-road/B9ssxlu6QcGULiZ4uQZ9hA,menifee-california
https://www.ubereats.com/palm-springs/food-delivery/ocean-poke/o-6DTZpdRlmKmJGBu7KH_g,menifee-california
https://www.ubereats.com/palm-springs/food-delivery/the-habit-burger-grill-30067-haun-road/YpVei8XUQF2sZWlxqFi0Jg,menifee-california
https://www.ubereats.com/palm-springs/food-delivery/el-pollo-loco-117-w-nuevo-road3495/ST9JwuVTTee6fIVeOJWwmA,menifee-california
https://www.ubereats.com/palm-springs/food-delivery/pokeport-menifee/HTw7IOaPTsGBV7i44cq6pw,menifee-california
https://www.ubereats.com/palm-springs/food-delivery/carls-jr-28023-scott-rd/s_0-zHWtS1-vix-ApSs_GA,menifee-california
https://www.ubereats.com/palm-springs/food-delivery/jack-in-the-box-27256-highway-74/bqir1QMgRpCNOpinvwEjEg,menifee-california
https://www.ubereats.com/palm-springs/food-delivery/jack-in-the-box-39878-los-alamos-rd/T-Am0VEPRzO8z4LOTY6cbA,menifee-california
https://www.ubereats.com/palm-springs/food-delivery/ihop-25340-madison-ave/dr_edMHIQgy7WXyY2JaTqQ,menifee-california
https://www.ubereats.com/palm-springs/food-delivery/jersey-mikes-subs-27614-clinton-keith-road/CJHaFkSYT7S79YR0PJ6niQ,menifee-california
https://www.ubereats.com/palm-springs/food-delivery/applebees-2515-w-florida-ave-%2379060/7RhXOPMoTIOBqvsTgQx93Q,menifee-california
https://www.ubereats.com/palm-springs/food-delivery/kfc-taco-bell-26660-encanto-dr/qEZmOAaMQwu6BYUOyojWkw,menifee-california
https://www.ubereats.com/palm-springs/food-delivery/sonic-39490-murrieta-hot-springs-rd/1W3cBQ48QpCw486mDYv70w,menifee-california
https://www.ubereats.com/palm-springs/food-delivery/mountain-mikes-pizza-29101-newport-rdsuite-107/jqwN0UDATK6dZWUTjhfxhA,menifee-california
https://www.ubereats.com/palm-springs/food-delivery/dennys-31760-grape-st/8CpOUtNbQyikjZRKWGtnyg,menifee-california
https://www.ubereats.com/palm-springs/food-delivery/los-primos-perris-%2326/7S1_rU5_TJq4hYmNTjFIHA,menifee-california
https://www.ubereats.com/palm-springs/food-delivery/cold-stone-creamery-30628-benton-rd/2SOteKZBSG2mGdUdRrt-9g,menifee-california
https://www.ubereats.com/palm-springs/food-delivery/farmer-boys-benton-rd/aNSeXZw2TNW3hOH-vERumw,menifee-california
