url,city
https://www.ubereats.com/milwaukee/food-delivery/1201-bonefish-grill-18355-west-bluemound-road/Po7tV67SSheqFchZqbvq7g,menomonee-falls-wisconsin
https://www.ubereats.com/milwaukee/food-delivery/the-main-mill-main-st/HvGd7RorS1aN3yHQaQRqKA,menomonee-falls-wisconsin
https://www.ubereats.com/milwaukee/food-delivery/trysting-place-pub/YNFCKZykQ7aclaaj_6rM1A,menomonee-falls-wisconsin
https://www.ubereats.com/milwaukee/food-delivery/subway-w190n9855-appleton-ave/7iuxIg72Tv2k1fT2K02QCg,menomonee-falls-wisconsin
https://www.ubereats.com/milwaukee/food-delivery/mcdonalds-silver-spring-%26-butternut/Fp0pwAuPTB2XHT07kHYx8Q,menomonee-falls-wisconsin
https://www.ubereats.com/milwaukee/food-delivery/crispy-kitchen/oKhe2LWTQQ64qUXU9yw8CA,menomonee-falls-wisconsin
https://www.ubereats.com/milwaukee/food-delivery/jakes-burger-%26-jakes-restaurant/24y6XV0vQD6bTBrZwUmmVQ,menomonee-falls-wisconsin
https://www.ubereats.com/milwaukee/food-delivery/dairy-queen-grill-%26-chill-17440-a-w-bluemound-rd/C_mWjNNNRNuMSx2Z3u33Vw,menomonee-falls-wisconsin
https://www.ubereats.com/milwaukee/food-delivery/buffalo-wild-wings-2635-n-mayfair/_fzAzQZRQbOe_zGWMql-Ig,menomonee-falls-wisconsin
https://www.ubereats.com/milwaukee/food-delivery/point-burger-bar-waukesha/T_WU8Mb5S4yJ7PNWEk2N3g,menomonee-falls-wisconsin
https://www.ubereats.com/milwaukee/food-delivery/kettas-kitchen/xgpc-GlNSjexpGTWpIiq_Q,menomonee-falls-wisconsin
https://www.ubereats.com/milwaukee/food-delivery/uncle-julios-brookfield/OPx3RGkrQMOMx0XLdTthtQ,menomonee-falls-wisconsin
https://www.ubereats.com/milwaukee/food-delivery/burger-king-n83-w-15550-appleton-ave/NAMv6ETdSA2-Bf6RlVDoGg,menomonee-falls-wisconsin
https://www.ubereats.com/milwaukee/food-delivery/starbucks-capitol-%26-124th/mFS15ttiR2ekPjkOVOqjXQ,menomonee-falls-wisconsin
https://www.ubereats.com/milwaukee/food-delivery/jaj-sharks-fish-and-chicken/GW5ecGGLQ4KgRtzi3BaBLA,menomonee-falls-wisconsin
https://www.ubereats.com/milwaukee/food-delivery/burger-king-6544-n-76th-st/myzvzHKxSvWuqdY4KBqALA,menomonee-falls-wisconsin
https://www.ubereats.com/milwaukee/food-delivery/kfc-n96-w17860-county-line-rd/ly54WHlyT7K9G6jJXHdJeA,menomonee-falls-wisconsin
https://www.ubereats.com/milwaukee/food-delivery/buddys-pizza-%26-steak-appleton-ave/JLZhbY5-Sc6oG7rFr8LlTg,menomonee-falls-wisconsin
https://www.ubereats.com/milwaukee/food-delivery/captain-ds-7320-good-hope-road/S7yzPCl6QUKzh1oVRgR2fA,menomonee-falls-wisconsin
https://www.ubereats.com/milwaukee/food-delivery/taco-bell-510-n-mayfair-rd/oJSpmeTGQSW2zJTZiuD3Ug,menomonee-falls-wisconsin
https://www.ubereats.com/milwaukee/food-delivery/hooties-burger-bar-17105-west-bluemound/WIqTqlkFQy-EOhSukRS-qg,menomonee-falls-wisconsin
https://www.ubereats.com/milwaukee/food-delivery/mcdonalds-brown-deer-%26-76th-st/RRtSwYioS96S0RsL8_qsrA,menomonee-falls-wisconsin
https://www.ubereats.com/milwaukee/food-delivery/qdoba-16005-w-bluemound-road/i81tsx9uSuayp-kHWS6eIA,menomonee-falls-wisconsin
https://www.ubereats.com/milwaukee/food-delivery/ivees-at-main-milwaukee/y65qOyrfS7GCSTnxXYAPfw,menomonee-falls-wisconsin
https://www.ubereats.com/milwaukee/food-delivery/flemings-prime-steakhouse-%26-wine-bar-brookfield/gxS4XZiuTF2ds0QS2ET3Xw,menomonee-falls-wisconsin
https://www.ubereats.com/milwaukee/food-delivery/kfc-7242-n-teutonia-ave/KSmqEhflSPGC13nE0TeU1Q,menomonee-falls-wisconsin
https://www.ubereats.com/milwaukee/food-delivery/kraverz-frozen-custard-mikwaukee/jxjXre5JQA-onM7ivdhtew,menomonee-falls-wisconsin
https://www.ubereats.com/milwaukee/food-delivery/wild-wild-wings-124th-st-%26-feerick/MSFlnBjkT7Cr2znY1ClW-Q,menomonee-falls-wisconsin
https://www.ubereats.com/milwaukee/food-delivery/cousins-subs-17495-w-capitol-dr/gte1wiNWRk6Eb5eJ0YYS6Q,menomonee-falls-wisconsin
https://www.ubereats.com/milwaukee/food-delivery/buffalo-wild-wings-n96w17990-county-line-rd/VZj09PBtQe2iDUm8AML5VQ,menomonee-falls-wisconsin
https://www.ubereats.com/milwaukee/food-delivery/corner-bakery-cafe-wauwatosa/xlpAXreGQhCmMcF54H2DQw,menomonee-falls-wisconsin
https://www.ubereats.com/milwaukee/food-delivery/panda-express-2720-n-grandview-blvd/YIedugBdT7qhURO4qOK2Dg,menomonee-falls-wisconsin
https://www.ubereats.com/milwaukee/food-delivery/carrabbas-18365-w-bluemound-road/O3xXCS_ZTkiUbPmPX0PdlA,menomonee-falls-wisconsin
https://www.ubereats.com/milwaukee/food-delivery/quiznos/sLctLvyiS5WWCrkZBw3wKQ,menomonee-falls-wisconsin
https://www.ubereats.com/milwaukee/food-delivery/taco-bell-4143-north-76th-street/JMNw9SVkQ4SRpePfuDkWDQ,menomonee-falls-wisconsin
https://www.ubereats.com/milwaukee/food-delivery/taco-bell-5441-n-lovers-lane-rd/g9YFNg4tTM2Gr7XJi-LZZA,menomonee-falls-wisconsin
https://www.ubereats.com/milwaukee/food-delivery/scrambled!-124th-st-%26-feerick/rjcKCqm9TYqH4aBHHCOmUA,menomonee-falls-wisconsin
https://www.ubereats.com/milwaukee/food-delivery/kettas-kitchen-llc/MPCv3sN-ReOdGUSHjZ2LNQ,menomonee-falls-wisconsin
https://www.ubereats.com/milwaukee/food-delivery/toppers-pizza-menomonee-falls/z9T-AvPkTxu_4vUqsy65oA,menomonee-falls-wisconsin
https://www.ubereats.com/milwaukee/food-delivery/java-train/_APCdT2tRGiQD-ICAwuG1A,menomonee-falls-wisconsin
https://www.ubereats.com/milwaukee/food-delivery/shawarma-house-bluemound/c3QBcdrHR_CezY2hsJH3eQ,menomonee-falls-wisconsin
https://www.ubereats.com/milwaukee/food-delivery/papa-murphys-w156n5530-pilgrim-road-suite-c/K616i255QFiBMrtm4uE1TQ,menomonee-falls-wisconsin
https://www.ubereats.com/milwaukee/food-delivery/jets-pizza-brookfield/0Hwox1JYQPWuUSqcwjBf_w,menomonee-falls-wisconsin
https://www.ubereats.com/milwaukee/food-delivery/applebees-w180-n9469-premier-lane/uSODV2NFQw-YRiUt104Bxg,menomonee-falls-wisconsin
https://www.ubereats.com/milwaukee/food-delivery/spring-city-restaurant/Lde3r2qkTHuBvk88CEN2cw,menomonee-falls-wisconsin
https://www.ubereats.com/milwaukee/food-delivery/moes-southwest-grill-1350-capitol-drive/CIge1lbqQSinaEvekuTUBA,menomonee-falls-wisconsin
https://www.ubereats.com/milwaukee/food-delivery/taste-of-india/3Xb3BNYxSU6KzJ_smeDATA,menomonee-falls-wisconsin
https://www.ubereats.com/milwaukee/food-delivery/hong-kong-express/UiN-98SuRzmpkT1JlW5ilg,menomonee-falls-wisconsin
https://www.ubereats.com/milwaukee/food-delivery/starbucks-76th-%26-good-hope/WXrQZ3vbQeixonZ70AMrDw,menomonee-falls-wisconsin
https://www.ubereats.com/milwaukee/food-delivery/starbucks-county-line-road-%26-appleton/rYVmXafgQj2tBo8VFRjI4g,menomonee-falls-wisconsin
https://www.ubereats.com/milwaukee/food-delivery/dennys-11155-west-north-ave/guXL10ZjT-6TDcfelsjUdg,menomonee-falls-wisconsin
https://www.ubereats.com/milwaukee/food-delivery/j%26j-fish-and-chicken-76th-st/5nY_74s3Rf2IQffvYVv05w,menomonee-falls-wisconsin
https://www.ubereats.com/milwaukee/food-delivery/mcdonalds-appleton-%26-pilgrim/BzQSYggfT3uppkOueLvsmg,menomonee-falls-wisconsin
https://www.ubereats.com/milwaukee/food-delivery/manhattan-mocha-cafe/y3gE_tfQTcOHtTgKPmV1PQ,menomonee-falls-wisconsin
https://www.ubereats.com/milwaukee/food-delivery/dunkin-7272-n-76th-st/0c_t1gBTTh-uzAfP6qRlTw,menomonee-falls-wisconsin
https://www.ubereats.com/milwaukee/food-delivery/taqueria-el-jefe/LZQwPycdTRyuqy52JA23Mw,menomonee-falls-wisconsin
https://www.ubereats.com/milwaukee/food-delivery/dickeys-barbeque-1273-capitol-drive/5X9civx_QtSnkDhXgyQCFQ,menomonee-falls-wisconsin
https://www.ubereats.com/milwaukee/food-delivery/potbelly-sandwich-shop-shoppers-world-%7C-112/H1WYAJNORq-Q8DeGtsL8pQ,menomonee-falls-wisconsin
https://www.ubereats.com/milwaukee/food-delivery/panera-9340-river-crest-drive/7kmywZkrRaWUwVZfVatq6Q,menomonee-falls-wisconsin
https://www.ubereats.com/milwaukee/food-delivery/popeyes-louisiana-kitchen-7525-w-good-hope-rd/sXjbzfBHQSW2eXXy3JBtqQ,menomonee-falls-wisconsin
https://www.ubereats.com/milwaukee/food-delivery/qdoba-8789-n-port-washington-road/6FUjSb-mSi6_LqIxJxFJ3w,menomonee-falls-wisconsin
https://www.ubereats.com/milwaukee/food-delivery/freshfin-poke-brookfield/iAvR6flxQVivet5V_HmUqA,menomonee-falls-wisconsin
https://www.ubereats.com/milwaukee/food-delivery/jersey-mikes-subs/N82JA6Y5TYKlpYpt5I-jFA,menomonee-falls-wisconsin
https://www.ubereats.com/milwaukee/food-delivery/la-mesa-124th-st-%26-feerick/nTMghX-vSn-szfqYjJ5nJw,menomonee-falls-wisconsin
https://www.ubereats.com/milwaukee/food-delivery/asiana/lN9XBtp3RlSMtLngnNQKZw,menomonee-falls-wisconsin
https://www.ubereats.com/milwaukee/food-delivery/taco-bell-2707-n-grandview/vxHRqJcGQkyRT75skmtp0A,menomonee-falls-wisconsin
https://www.ubereats.com/milwaukee/food-delivery/chipotle-mexican-grill-2711-n-mayfair-rd-ste-a/wPtFaZnPQciP9E5VIKqfvA,menomonee-falls-wisconsin
https://www.ubereats.com/milwaukee/food-delivery/rocky-rococos/0y45Fo0qToyDVv76if1IkA,menomonee-falls-wisconsin
https://www.ubereats.com/milwaukee/food-delivery/cousins-subs-12320-w-burleigh-st/YImPZVZQSjKP_qlATk0iKw,menomonee-falls-wisconsin
https://www.ubereats.com/milwaukee/food-delivery/kurt-schulz-delicatessen-%26-restaurant-mikwaukee/vggXrgrQShSn-qGwOabGhg,menomonee-falls-wisconsin
https://www.ubereats.com/milwaukee/food-delivery/point-burger-bar-good-hope-rd/gZwwXQRnRvimQMfi5evgRQ,menomonee-falls-wisconsin
https://www.ubereats.com/milwaukee/food-delivery/buffalo-wild-wings-16750-w-bluemound-rd-ste-g/3H4XmwmhR8elHpc7ylHWkw,menomonee-falls-wisconsin
https://www.ubereats.com/milwaukee/food-delivery/greens-%26-things-llc/WQ5uGpY7St--V_yqMnC2YA,menomonee-falls-wisconsin
https://www.ubereats.com/milwaukee/food-delivery/pho-one24/2bzAAreKQZ-vIhlc_fawPg,menomonee-falls-wisconsin
https://www.ubereats.com/milwaukee/food-delivery/potbelly-sandwich-shop-brookfield-%7C-72/4s64NhHHSneWQgkdq_E-Bg,menomonee-falls-wisconsin
https://www.ubereats.com/milwaukee/food-delivery/taco-bell-5560-port-washington-rd-n/uaJe078aTaeP7ANBQhXjyw,menomonee-falls-wisconsin
https://www.ubereats.com/milwaukee/food-delivery/mcdonalds-mequon-%26-legend/Ve9wqTvoQb20KRRGAC-N5w,menomonee-falls-wisconsin
https://www.ubereats.com/milwaukee/food-delivery/grate-modern-mac-%26-cheese/uy57xfUdS_Kgo_9ts0wcBQ,menomonee-falls-wisconsin
https://www.ubereats.com/milwaukee/food-delivery/boulder-junction-charcoal/N9DsdJgWS2uL80jqBYFySg,menomonee-falls-wisconsin
https://www.ubereats.com/milwaukee/food-delivery/noodles-%26-company-w-176-n-9336-rivercrest-dr/xCaFEL1JShSICcs_nXvTgQ,menomonee-falls-wisconsin
https://www.ubereats.com/milwaukee/food-delivery/china-kitchen/dFW2jxyaRyicP4FlhdkYPQ,menomonee-falls-wisconsin
https://www.ubereats.com/milwaukee/food-delivery/billy-hos-pub%26-eatery/vAk5e_z1RdmAG2woa1vNjA,menomonee-falls-wisconsin
https://www.ubereats.com/milwaukee/food-delivery/el-tenampa-mexican-grill/5vWjSAQ6R0WgcSravkXAXg,menomonee-falls-wisconsin
https://www.ubereats.com/milwaukee/food-delivery/outback-steakhouse-295-s-moorland-road/pxNKBe0lRW-hDB-jiE516w,menomonee-falls-wisconsin
https://www.ubereats.com/milwaukee/food-delivery/falafel-guys/mGtkeOtdQuOGfrauGcIRBw,menomonee-falls-wisconsin
https://www.ubereats.com/milwaukee/food-delivery/subway-n56-w14108-sliver-spring-dr/ZcnrH8H0R6CcHb_xU-3g-A,menomonee-falls-wisconsin
https://www.ubereats.com/milwaukee/food-delivery/burger-king-n96w-17655-county-line-road/KamQlpEpQ_6Kdj7N1ewbdw,menomonee-falls-wisconsin
https://www.ubereats.com/milwaukee/food-delivery/wisco-burger-124th-st-%26-feerick/bcniC5nRSS2M66ZCR-v4jg,menomonee-falls-wisconsin
https://www.ubereats.com/milwaukee/food-delivery/pluto-nile/kBXU25LHQq-t36FGnX7Hwg,menomonee-falls-wisconsin
https://www.ubereats.com/milwaukee/food-delivery/kfc-20351-w-bluemound-road/8vDYGwFsRvWOlD9SydUodA,menomonee-falls-wisconsin
https://www.ubereats.com/milwaukee/food-delivery/casablanca/4GwtbW_9TbaHjwlgO9mOdQ,menomonee-falls-wisconsin
https://www.ubereats.com/milwaukee/food-delivery/potbelly-sandwich-shop-mayfair-%7C-469/QIWjyJSATNKwvnMgLEnSzg,menomonee-falls-wisconsin
https://www.ubereats.com/milwaukee/food-delivery/subway-n85-w16001-appleton-ave/Is6Oxhv-QYCAmyieIlb2qQ,menomonee-falls-wisconsin
https://www.ubereats.com/milwaukee/food-delivery/sharks-fish-and-chicken/19-P7YMDR_mGYt07QIp2Ig,menomonee-falls-wisconsin
https://www.ubereats.com/milwaukee/food-delivery/uno-pizzeria-%26-grill-w180-n9455-premier-lane/ZClFjM7yRayjpg205kj6IA,menomonee-falls-wisconsin
https://www.ubereats.com/milwaukee/food-delivery/papa-murphys-2205-north-calhoun-road/nHWh6K9JREqjauJ_N90rmw,menomonee-falls-wisconsin
https://www.ubereats.com/milwaukee/food-delivery/papa-johns-n80-w-14910-appleton-ave/st6rOKeNT0a21eVPErENqQ,menomonee-falls-wisconsin
https://www.ubereats.com/milwaukee/food-delivery/burger-king-3880-north-124th-street/95bdZHKCTFKRTv_VvZ2Jew,menomonee-falls-wisconsin
https://www.ubereats.com/milwaukee/food-delivery/kfc-5444-north-lovers-lane/Mgh_h0qSRHiVYc9DA1DMjg,menomonee-falls-wisconsin
https://www.ubereats.com/milwaukee/food-delivery/o-so-good/Ph-SBzirT2iieh2R6H4tbg,menomonee-falls-wisconsin
https://www.ubereats.com/milwaukee/food-delivery/shri-foods/j4QlejSwTfO9HMxnMzwJxQ,menomonee-falls-wisconsin
https://www.ubereats.com/milwaukee/food-delivery/ihop-brown-deer/uJdTeNNvSzW5iYpidNDBdQ,menomonee-falls-wisconsin
https://www.ubereats.com/milwaukee/food-delivery/yen-ching-milwaukee/vZKgBS2QSY2FzRir7G7FaQ,menomonee-falls-wisconsin
https://www.ubereats.com/milwaukee/food-delivery/taco-bell-n96w17802-county-line-rd/9OWoWj2xTMqHWQzBs3IQYQ,menomonee-falls-wisconsin
https://www.ubereats.com/milwaukee/food-delivery/pokeworks-17000-w-bluemound-rd/XDLx5JU3Tz-iWf5VUyqZZw,menomonee-falls-wisconsin
https://www.ubereats.com/milwaukee/food-delivery/immys-african-cuisine/GKRkBiYNQ5y9z-o0VNHSbw,menomonee-falls-wisconsin
https://www.ubereats.com/milwaukee/food-delivery/chipotle-mexican-grill-3705-n-124th-st-ste-200/XHt9YK1YQa-XrWoNULoQzw,menomonee-falls-wisconsin
https://www.ubereats.com/milwaukee/food-delivery/pho-lamour-cafe/gk5vDQGLTA2u02yWxI-Rbg,menomonee-falls-wisconsin
https://www.ubereats.com/milwaukee/food-delivery/african-kitchen-%26-subs/KdCQM1FxQ3yLw0e4gm4IPA,menomonee-falls-wisconsin
https://www.ubereats.com/milwaukee/food-delivery/panda-express-n96w-17698-county-line-rd/hnh9CBKgR-ac9p5jHddbWg,menomonee-falls-wisconsin
https://www.ubereats.com/milwaukee/food-delivery/george-webb-wauwatosa/vT5xUWULT4CoFR7ViTrf6w,menomonee-falls-wisconsin
https://www.ubereats.com/milwaukee/food-delivery/park-place-cafe/qkglfWVRSHu4FKYuJiOagw,menomonee-falls-wisconsin
https://www.ubereats.com/milwaukee/food-delivery/honeys-keto-cuisine/gfo1RzxSSTWpluSLGbPyRQ,menomonee-falls-wisconsin
https://www.ubereats.com/milwaukee/food-delivery/grimaldis-20119-lord-street-space-j-101/FPTk9yMRT-a6I4LEyg2PkQ,menomonee-falls-wisconsin
https://www.ubereats.com/milwaukee/food-delivery/mod-pizza-pewaukee/CftSKLPySQmdDGZh31JlpQ,menomonee-falls-wisconsin
https://www.ubereats.com/milwaukee/food-delivery/noodles-%26-company-17000-w-bluemound-rd-unit-h/jIA9_0MXT7Wmdfygqjsn6g,menomonee-falls-wisconsin
https://www.ubereats.com/milwaukee/food-delivery/george-webb-germantown/LEUSj0nTQomYsv7oaQOayQ,menomonee-falls-wisconsin
https://www.ubereats.com/milwaukee/food-delivery/pizza-crafters/4nK7jiwvQBaF4af9xGrldg,menomonee-falls-wisconsin
https://www.ubereats.com/milwaukee/food-delivery/taco-bell-12405-w-lisbon-rd/BtVZDsx2QAaCpl0IMxVysw,menomonee-falls-wisconsin
https://www.ubereats.com/milwaukee/food-delivery/athenos-gyros-124th-st-%26-feerick/Q6cOR8i4RiK0gv2xKIWCLQ,menomonee-falls-wisconsin
https://www.ubereats.com/milwaukee/food-delivery/india-garden/d5XZKrIkT7mmbmliaNeVRg,menomonee-falls-wisconsin
https://www.ubereats.com/milwaukee/food-delivery/chubbys-cheesesteaks-124th-st-%26-feerick/8Sm362hWRgqBC6IaW33J9A,menomonee-falls-wisconsin
https://www.ubereats.com/milwaukee/food-delivery/fresh-green-eats-124th-st-%26-feerick/8Ht_0PPkRYadL9ag51-Ubg,menomonee-falls-wisconsin
https://www.ubereats.com/milwaukee/food-delivery/texas-de-brazil-wauwatosa/09foXeLRS3-5aiSqia3Diw,menomonee-falls-wisconsin
https://www.ubereats.com/milwaukee/food-delivery/cousins-subs-appleton-ave/1pEky8rBT1CqQrW_Yl88KQ,menomonee-falls-wisconsin
https://www.ubereats.com/milwaukee/food-delivery/portillos-hot-dogs-17685-w-bluemound-rd/pTuRHFTqQLeGSI339HhLvw,menomonee-falls-wisconsin
https://www.ubereats.com/milwaukee/food-delivery/dennys-8001-w-brown-deer-rd/b3fGbGbkTdOj9crFTwZj5A,menomonee-falls-wisconsin
https://www.ubereats.com/milwaukee/food-delivery/mcdonalds-county-line-%26-rivercrest/vSLMCc_wQKa2hHp9UVWcuQ,menomonee-falls-wisconsin
https://www.ubereats.com/milwaukee/food-delivery/starbucks-menomenee-%26-appleton/vfpoC-9NRnSZo2lkO9AFjQ,menomonee-falls-wisconsin
https://www.ubereats.com/milwaukee/food-delivery/fresh-looks/lKqSw300RaqBunr7nobpVA,menomonee-falls-wisconsin
https://www.ubereats.com/milwaukee/food-delivery/greens-%26-things-llc/d1kjJV8dQZaELMb4RPNExw,menomonee-falls-wisconsin
https://www.ubereats.com/milwaukee/food-delivery/cracker-barrel-old-country-store-9778-rivercrest-dr/nfMSJ_xYRrag4R7RUhcESQ,menomonee-falls-wisconsin
https://www.ubereats.com/milwaukee/food-delivery/papa-murphys-n95-w18407-county-line-road/jNNBgR3oQn2mOpmkb8IO3A,menomonee-falls-wisconsin
https://www.ubereats.com/milwaukee/food-delivery/perkins-boyz-on-tha-grill-llc/BkrMVVUhS3ays4P2Pi7vZw,menomonee-falls-wisconsin
https://www.ubereats.com/milwaukee/food-delivery/chipotle-mexican-grill-15375-w-bluemound-rd-ste-170/H8Uy1OtxSiioZvz6SZrQdg,menomonee-falls-wisconsin
https://www.ubereats.com/milwaukee/food-delivery/qdoba-n95-w18181-appleton-ave/0GJ8xlQ7QkOwit9KsT_f8g,menomonee-falls-wisconsin
https://www.ubereats.com/milwaukee/food-delivery/noodles-%26-company-1390-capitol-dr-ste-2/2kHDYyIPRKyRbn-Eg4-92A,menomonee-falls-wisconsin
https://www.ubereats.com/milwaukee/food-delivery/chipotle-mexican-grill-w176n9360-river-crest-dr/ptulEryzS-ex3uvC6DDMxQ,menomonee-falls-wisconsin
https://www.ubereats.com/milwaukee/food-delivery/checkers-7525-w-capitol-dr/qVwpeA-MQiC84O7-UR6yhg,menomonee-falls-wisconsin
https://www.ubereats.com/milwaukee/food-delivery/screaming-tuna/myXK8IlmROWUcU1n_epStg,menomonee-falls-wisconsin
https://www.ubereats.com/milwaukee/food-delivery/papa-johns-brown-deer/mu0xf-WHQIm-7Da80hlT4Q,menomonee-falls-wisconsin
https://www.ubereats.com/milwaukee/food-delivery/mcdonalds-north-%26-124th-st/V6V6eNqORrGm4xoMgQXy6g,menomonee-falls-wisconsin
https://www.ubereats.com/milwaukee/food-delivery/buffalo-wild-wings-1273-capitol-dr-ste-a/fKAv2zXKQFOwSPVjLlOYmw,menomonee-falls-wisconsin
https://www.ubereats.com/milwaukee/food-delivery/zaza-steak-and-lemonade/bSKRitrzReSBa2EMOSRyGA,menomonee-falls-wisconsin
https://www.ubereats.com/milwaukee/food-delivery/popeyes-louisiana-kitchen-6120-w-silver-spring-dr/Z5dQnvs3QyeSEZVHPGxIOw,menomonee-falls-wisconsin
https://www.ubereats.com/milwaukee/food-delivery/dunkin-n56w15560-silver-spring-dr/atXrD0UlSAainOb9ugN6xQ,menomonee-falls-wisconsin
https://www.ubereats.com/milwaukee/food-delivery/qdoba-12345-w-capitol-drive/6CZe73DCSTu0AfikXD6BFg,menomonee-falls-wisconsin
https://www.ubereats.com/milwaukee/food-delivery/pf-changs-2500-n-mayfair-rd/K3iVR6DlQYuL5AT6D2uQUg,menomonee-falls-wisconsin
https://www.ubereats.com/milwaukee/food-delivery/8900-bistro/qJ9nPbxbS_6UCyy2JJHNHQ,menomonee-falls-wisconsin
https://www.ubereats.com/milwaukee/food-delivery/champion-chicken/KJlTFfC3SECvMlPK2XmFkQ,menomonee-falls-wisconsin
https://www.ubereats.com/milwaukee/food-delivery/cafe-zupas-n91-w15909-falls-parkway/cUlLITHzRNOYKINYw_2YSQ,menomonee-falls-wisconsin
https://www.ubereats.com/milwaukee/food-delivery/k-%26-d-hot-eatz/k8ms-930TpKBEhmblVBlcA,menomonee-falls-wisconsin
https://www.ubereats.com/milwaukee/food-delivery/marcilenos-pizzeria/fUY7ZnU0RliCRPhmA1wxMA,menomonee-falls-wisconsin
