url,city
https://www.ubereats.com/cleveland/food-delivery/manhattan-deli/G7GDVZa7RBq3BQH-fgG_Ww,mentor-ohio
https://www.ubereats.com/cleveland/food-delivery/bob-evans-15-7680-reynolds-road/n08YRrtLSdiDq6KGtmlsmQ,mentor-ohio
https://www.ubereats.com/cleveland/food-delivery/mr-hero/etxWkIHXQPW7Nslf29g-vA,mentor-ohio
https://www.ubereats.com/cleveland/food-delivery/bottom-dog-fusion-grill/n1nLuK9PQhCgwh5OMZMHhA,mentor-ohio
https://www.ubereats.com/cleveland/food-delivery/starbucks-mentor-reynolds-%26-tyler/fAYUGnrrTrG8b-9ULW1PuA,mentor-ohio
https://www.ubereats.com/cleveland/food-delivery/la-mexicana-cantina-and-grill/Btnahkk2RM-HnSktosklyA,mentor-ohio
https://www.ubereats.com/cleveland/food-delivery/charleys-philly-steaks-7850-mentor-ave/as3hk4iURXqdZwCCY_FnxA,mentor-ohio
https://www.ubereats.com/cleveland/food-delivery/smoke-bbq-grill/2jQBPNbwSXyWaRYa3IfJhg,mentor-ohio
https://www.ubereats.com/cleveland/food-delivery/taco-bell-35020-euclid-ave/o3QwwCHHS3SNUKJoKnazRA,mentor-ohio
https://www.ubereats.com/cleveland/food-delivery/pulp-juice-and-smoothie-bar/0h-pzmX1SF6rjjkM9RZ4vQ,mentor-ohio
https://www.ubereats.com/cleveland/food-delivery/steak-n-shake-9530-diamond-center-drive/TKWJI5toSompv-bf_IErzw,mentor-ohio
https://www.ubereats.com/cleveland/food-delivery/cocos-locos-euclid-ave/skT8GilFQguMpYOkqgPNMw,mentor-ohio
https://www.ubereats.com/cleveland/food-delivery/primozz-restaurant-and-pizzeria/tDktrbkjSreGdu32IQo8XA,mentor-ohio
https://www.ubereats.com/cleveland/food-delivery/the-cabin-of-willowick/YtX-jYHxQa6TlvNB7h6yfg,mentor-ohio
https://www.ubereats.com/cleveland/food-delivery/subway-7652-mentor-ave/MmHISWcXS4GwM9GohmsoBg,mentor-ohio
https://www.ubereats.com/cleveland/food-delivery/sofull-bowl/U7PJom9tTXCW3RiwHWSkRw,mentor-ohio
https://www.ubereats.com/cleveland/food-delivery/perkins-700-mentor-avenue/tp1_6MEGTq6xScRwiSu0NA,mentor-ohio
https://www.ubereats.com/cleveland/food-delivery/chick-fil-a-9611-mentor-ave/j3NqeC6qQT20DD_zTP0FEA,mentor-ohio
https://www.ubereats.com/cleveland/food-delivery/bob-evans-357-9235-mentor-avenue/RKe-YBHPQuOH9FWgYlBZuw,mentor-ohio
https://www.ubereats.com/cleveland/food-delivery/its-diner/aIkFWlevQ8CIKNiHyx09cw,mentor-ohio
https://www.ubereats.com/cleveland/food-delivery/mels-cafe-of-tremont/Hdub6KxbSui5rmktk-cX8g,mentor-ohio
https://www.ubereats.com/cleveland/food-delivery/yours-truly-restaurant-mentor/e4eNbhkQQ0uO28AHj6oN9w,mentor-ohio
https://www.ubereats.com/cleveland/food-delivery/happy-moose/VtaVW6XtS5asBEsePnsdZQ,mentor-ohio
https://www.ubereats.com/cleveland/food-delivery/kuhars-carryout/B2B11ZXSTG2Ju1aRC114sw,mentor-ohio
https://www.ubereats.com/cleveland/food-delivery/ginger-sushi-buritto-%26-hibachi/S39P_BkwSMOBxFKijdjbwQ,mentor-ohio
https://www.ubereats.com/cleveland/food-delivery/subway-9303-mentor-ave/IFr68pt1SkOPxJCKX606CA,mentor-ohio
https://www.ubereats.com/cleveland/food-delivery/kfc-7843-munson-road/FlWNw9TSS3iNGIVnN7DvZQ,mentor-ohio
https://www.ubereats.com/cleveland/food-delivery/fionas-coffee-bar-and-bakery/KioA-VdVQYyLOsfdkvAKMQ,mentor-ohio
https://www.ubereats.com/cleveland/food-delivery/jersey-mikes-36295-euclid-avenue/FVSLlgwqQdOe6eZJ4C_aMQ,mentor-ohio
https://www.ubereats.com/cleveland/food-delivery/don-tequila-east-lake/MyZMlRfdQ5qVcbQJrct7Kg,mentor-ohio
https://www.ubereats.com/cleveland/food-delivery/master-pizza-eastlake/kfSJiJN4RJq7Qk4Zzk9Pog,mentor-ohio
https://www.ubereats.com/cleveland/food-delivery/the-kitchen/yH8AIGcKSTq86OcFgdLD5w,mentor-ohio
https://www.ubereats.com/cleveland/food-delivery/chipotle-mexican-grill-7-w-jackson-st/feu10zIKSjei_N8RdqrBOA,mentor-ohio
https://www.ubereats.com/cleveland/food-delivery/dunkin-255-richmond-st/8QZRs3jUR4WbRvKfBNGh5w,mentor-ohio
https://www.ubereats.com/cleveland/food-delivery/mr-hero-richmond-st/SzUfuW0XQr-IOQZrgxb3Rw,mentor-ohio
https://www.ubereats.com/cleveland/food-delivery/molinaris/-rqfQDZMQLm55th8y3YZzg,mentor-ohio
https://www.ubereats.com/cleveland/food-delivery/firehouse-subs-willoughby-commons-%231690/QO-PjKxzSLeLb6xBj5bX_g,mentor-ohio
https://www.ubereats.com/cleveland/food-delivery/arbys-7690-mentor-ave/n1K5EWaiQQ2ON0ypbSmLWQ,mentor-ohio
https://www.ubereats.com/cleveland/food-delivery/pierogi-palace/dv9lbKRwTFm5Dn349WqxiA,mentor-ohio
https://www.ubereats.com/cleveland/food-delivery/taco-bell-8351-tyler-blvd/QYR3Hdw8SY6w0qJPOqmoww,mentor-ohio
https://www.ubereats.com/cleveland/food-delivery/taco-bell-7753-mentor-avenue/d7wzXvd6SrG1-Rdy-MT88g,mentor-ohio
https://www.ubereats.com/cleveland/food-delivery/chick-fil-a-7850-mentor-ave-ste-870/87mwSr6nSVOipoJ52L2DNw,mentor-ohio
https://www.ubereats.com/cleveland/food-delivery/marcos-pizza-1444-mentor-ave/XzFze6DOTwanGpvfbhxwGQ,mentor-ohio
https://www.ubereats.com/cleveland/food-delivery/hibachi-steakhouse/wv5V61yoTwaKrvbDCBkQWg,mentor-ohio
https://www.ubereats.com/cleveland/food-delivery/dairy-queen-treat-7695-lake-shore-blvd/mudgId7FRZC1ETCy-MuJGw,mentor-ohio
https://www.ubereats.com/cleveland/food-delivery/wendys-1550-mentor-ave/SOOBQ3Q-SOGdHhxAfxbXHg,mentor-ohio
https://www.ubereats.com/cleveland/food-delivery/bakers-square-7800-plaza-blvd/A4wpbOj2RDeFawbd7e-I_A,mentor-ohio
https://www.ubereats.com/cleveland/food-delivery/hooley-house-sports-pub-%26-grille-reynolds/sqYVBmyoQHKYcbcZzSTqTA,mentor-ohio
https://www.ubereats.com/cleveland/food-delivery/firehouse-subs-mentor-ave-%23803/OkGjMIXOTNain2fjisYcsA,mentor-ohio
https://www.ubereats.com/cleveland/food-delivery/cafe-europa-and-bistro/TQJSRUjVT4GyHm3F3uR_vw,mentor-ohio
https://www.ubereats.com/cleveland/food-delivery/taco-bell-9500-diamond-centre-dr/ay2QuJPyTCuuWmEVYq38ng,mentor-ohio
https://www.ubereats.com/cleveland/food-delivery/chipotle-mexican-grill-9188-mentor-ave/VSLQAUoORi6WcnTIxjFvaQ,mentor-ohio
https://www.ubereats.com/cleveland/food-delivery/sidewalk-cafe-painesville/V-55RJ7CQySu2TgqvjCk3Q,mentor-ohio
https://www.ubereats.com/cleveland/food-delivery/mcdonalds-lakeshore-%26-forest/yTswxh2xSPitG9l3tQpZ1g,mentor-ohio
https://www.ubereats.com/cleveland/food-delivery/red-lobster-7744-reynolds-rd/PhtOTw7PTvuxf2F5ycewwQ,mentor-ohio
https://www.ubereats.com/cleveland/food-delivery/starbucks-mentor-mentor-ave-%26-chillicothe-rd/XIGNgTyWRbm1mHkfNyNH0Q,mentor-ohio
https://www.ubereats.com/cleveland/food-delivery/moes-southwest-grill-9710-mentor-avenue/2UMlrTEPTuSDXp46hI5hPA,mentor-ohio
https://www.ubereats.com/cleveland/food-delivery/manhattan-deli-bar-%26-grille/6hxmuDhQRlSvy4a2LSqqwg,mentor-ohio
https://www.ubereats.com/cleveland/food-delivery/mr-hero/yyVyu4laSyaIxwPS-GGQEA,mentor-ohio
https://www.ubereats.com/cleveland/food-delivery/jets-pizza-willoughby/UgzhT4ciTbyrNuijlCbagA,mentor-ohio
https://www.ubereats.com/cleveland/food-delivery/mr-hero/WMskHZ83RGy5rHE5vXS6sA,mentor-ohio
https://www.ubereats.com/cleveland/food-delivery/angies-new-york-style-pizzeria/MpLs79RsR2SnPJSI_Bzgwg,mentor-ohio
https://www.ubereats.com/cleveland/food-delivery/andersons-sports-hub/Pa74ZpXrQKiMB0DVDYz1ZA,mentor-ohio
https://www.ubereats.com/cleveland/food-delivery/noras-public-house/aNByVqSwTWqwJpsIvKNAWA,mentor-ohio
https://www.ubereats.com/cleveland/food-delivery/subway-33333-vine-st/64bcBhOeRQ6Gv3ZOTN2nBA,mentor-ohio
https://www.ubereats.com/cleveland/food-delivery/mcdonalds-broadmoor-%26-i-90/l6LV1zhaQJ2K6fCcypbxEA,mentor-ohio
https://www.ubereats.com/cleveland/food-delivery/subway-7895-munson-rd/0r1jPYIFSlS6Po70ieFrDQ,mentor-ohio
https://www.ubereats.com/cleveland/food-delivery/skye-bistro/3NONrkc1R5CcQeoglLRTYQ,mentor-ohio
https://www.ubereats.com/cleveland/food-delivery/stadium-grill/ywoXf-GQT06ut27gsbavVA,mentor-ohio
https://www.ubereats.com/cleveland/food-delivery/dairy-queen-treat-2008-mentor-ave/0PkAriS8SYq0jH-SDa6gqQ,mentor-ohio
https://www.ubereats.com/cleveland/food-delivery/burger-king-5021-s-o-m-center-road/tTRTAkWORjmYWSMx74-ziQ,mentor-ohio
https://www.ubereats.com/cleveland/food-delivery/mcdonalds-1582-mentor-ave/u4za1SktRbCNmRYeLAfvjQ,mentor-ohio
https://www.ubereats.com/cleveland/food-delivery/bumpers-bar-%26-grill/I5Is8vFpRa2V_YhRugODlA,mentor-ohio
https://www.ubereats.com/cleveland/food-delivery/mrhero/Y6URFsZpQeSt9xIb1ZUcMA,mentor-ohio
https://www.ubereats.com/cleveland/food-delivery/chipotle-mexican-grill-7689-crile-rd/vbI0UCieR-mZRGsl3f-ObQ,mentor-ohio
https://www.ubereats.com/cleveland/food-delivery/arbys-7715-reynolds-rd/LDyhqjo6SDuHQQakQpW5aw,mentor-ohio
https://www.ubereats.com/cleveland/food-delivery/boston-market-9361-mentor-avenue/_p6c6loVTM6rxKzyx3BK8Q,mentor-ohio
https://www.ubereats.com/cleveland/food-delivery/verdis-italian-market/m1BwhYCwT7S6-0kQsKsp9g,mentor-ohio
https://www.ubereats.com/cleveland/food-delivery/wendys-7635-mentor-ave/fOhQ-jdaS6uVJppC7ORiQA,mentor-ohio
https://www.ubereats.com/cleveland/food-delivery/sports-fanatics/dAW53DreSg-3ywBHoph_BA,mentor-ohio
https://www.ubereats.com/cleveland/food-delivery/lnsp-bar-%26-grill/d9xeoI7-RA6WDqQq9G7kTQ,mentor-ohio
https://www.ubereats.com/cleveland/food-delivery/papa-johns-pizza-6289-reynolds-road/jKU_6v_4QHWGvdf8eETr7g,mentor-ohio
https://www.ubereats.com/cleveland/food-delivery/cracker-barrel-old-country-store-6055-som-center-rd/nYsuZZecSX-BEGuaLZtfsg,mentor-ohio
https://www.ubereats.com/cleveland/food-delivery/subway-1464-mentor-ave/XbpXHJqqTfegjwa6iqGGKQ,mentor-ohio
https://www.ubereats.com/cleveland/food-delivery/mcdonalds-andrews-%26-munson/hKj6lMa1QuaWB4q5k4jabA,mentor-ohio
https://www.ubereats.com/cleveland/food-delivery/auntie-annes-at-great-lakes-mall-7850-mentor-ave-spc-k-105/lpYlZ8C1QRyw4xcnEq1eyA,mentor-ohio
https://www.ubereats.com/cleveland/food-delivery/burger-king-5725-heisley-road/EUT3EhMeT1aXxPOAxpO3Yw,mentor-ohio
https://www.ubereats.com/cleveland/food-delivery/subway-37812-vine-st/YXIQAOfRTrWHE0HvzAvDhg,mentor-ohio
https://www.ubereats.com/cleveland/food-delivery/kfc-34400-euclid-avenue/1tO4GKbeRpGF91fyhOCDxg,mentor-ohio
https://www.ubereats.com/cleveland/food-delivery/dennys-7700-mentor-avenue/w4Im5ehxTIKw0IRf3AKEzg,mentor-ohio
https://www.ubereats.com/cleveland/food-delivery/arbys-2219-mentor-avenue/p5nhmOCiQhapPrYBNilEQg,mentor-ohio
https://www.ubereats.com/cleveland/food-delivery/mcdonalds-heisley-%26-diamond-center/gtWM-euSSN282PQ99B53fQ,mentor-ohio
https://www.ubereats.com/cleveland/food-delivery/mcdonalds-95-richmond-st/kUsHR5UOQ2y0WhNUUeeUSg,mentor-ohio
https://www.ubereats.com/cleveland/food-delivery/wendys-6866-center-street/oUPwd6KASteEBmyH_ncH6A,mentor-ohio
https://www.ubereats.com/cleveland/food-delivery/yes-its-fresh/AgqtZOWpSjek8x5Bjd-9aA,mentor-ohio
https://www.ubereats.com/cleveland/food-delivery/yours-truly-restaurant-mayfield-village/GXDNEfArRhu1lslp6FcROA,mentor-ohio
https://www.ubereats.com/cleveland/food-delivery/el-taco-macho/oQd509cORb-2NqET1nmukA,mentor-ohio
https://www.ubereats.com/cleveland/food-delivery/chuck-e-cheese-8000-plaza-blvd-unit-j/WOOyp-3AQoG_BJ_LG7JNxQ,mentor-ohio
https://www.ubereats.com/cleveland/food-delivery/fuji-buffet-%26-grill/selEsvQOSGKllCpC01X8pA,mentor-ohio
https://www.ubereats.com/cleveland/food-delivery/daves-cosmic-subs-willoughby/axdPN0HnSF2O7aTjQ484NQ,mentor-ohio
https://www.ubereats.com/cleveland/food-delivery/ruby-tuesday-9515-diamond-centre-drive/VBhQGCL6SLWvGB7zt2bEkw,mentor-ohio
https://www.ubereats.com/cleveland/food-delivery/flavor-on-the-vine/ZG3iH5MbSEOmRwP8cMRkmw,mentor-ohio
https://www.ubereats.com/cleveland/food-delivery/pasquallys-pizza-%26-wings-8000-plaza-blvd-unit-j/ScLHEJWAQq6-wUfgWjlYvA,mentor-ohio
https://www.ubereats.com/cleveland/food-delivery/players-club/njtf6E5lQtyrGgnAOIN4Rw,mentor-ohio
https://www.ubereats.com/cleveland/food-delivery/panera-203383/Uo1jUdNASJeXEodgezfjQA,mentor-ohio
https://www.ubereats.com/cleveland/food-delivery/moes-southwest-grill-7585-7601-mentor-avenue/Dy4fgyQvRiqFlkuUESDX8A,mentor-ohio
https://www.ubereats.com/cleveland/food-delivery/severinos-restaurant-%26-lounge/7yJCuiXaS2KepeozyPev2A,mentor-ohio
https://www.ubereats.com/cleveland/food-delivery/frank-%26-tonys-place/flnZJqScTlq9wlMLLY3lBQ,mentor-ohio
https://www.ubereats.com/cleveland/food-delivery/quaker-steak-%26-lube-7834-reynolds-road/1MmH7FawSHWL-ELrUG88Dw,mentor-ohio
https://www.ubereats.com/cleveland/food-delivery/notorious-pig/B09KUJhnTO6UwmExrH4t3g,mentor-ohio
https://www.ubereats.com/cleveland/food-delivery/chipotle-mexican-grill-36200-euclid-ave-ste-12/8se8eAjyTu65oP6ihgYRkg,mentor-ohio
https://www.ubereats.com/cleveland/food-delivery/panera-203387/E9ORK1RHQq2S312MDwwDuw,mentor-ohio
https://www.ubereats.com/cleveland/food-delivery/garage-bar-willoughby/Vocez8crRw-mRKZoMpNByQ,mentor-ohio
https://www.ubereats.com/cleveland/food-delivery/burger-king-5995-andrews-rd/nGqfW7UbSeqhVAEyzhCT6A,mentor-ohio
https://www.ubereats.com/cleveland/food-delivery/the-wild-goose-erie-%26-spaulding/vtXR2kBWSXOFk5qd22-TfQ,mentor-ohio
https://www.ubereats.com/cleveland/food-delivery/subway-9853-johnnycake-ridge-rd/YZmijpj0RkaoQRJJbzrjpQ,mentor-ohio
https://www.ubereats.com/cleveland/food-delivery/the-river-tavern/pYF7LnBoTbqahbMabN2XEQ,mentor-ohio
https://www.ubereats.com/cleveland/food-delivery/smokey-bones-mentor/qWoGsHGVTP-ksqR4eXEJkQ,mentor-ohio
https://www.ubereats.com/cleveland/food-delivery/subway-8318-tyler-blvd/tD-IhcFKQwuayhOLTLU1vQ,mentor-ohio
https://www.ubereats.com/cleveland/food-delivery/mcdonalds-reynolds-%26-palisades/Zn1fC9R9S9OjZAJUysMqKQ,mentor-ohio
https://www.ubereats.com/cleveland/food-delivery/zoup!-eatery-7327-mentor-ave/R8mXFzDpRVOaY6ltyxc4Lg,mentor-ohio
https://www.ubereats.com/cleveland/food-delivery/ballantine/PZbD-EGnSBaYooRufHEDhg,mentor-ohio
https://www.ubereats.com/cleveland/food-delivery/red-robin-604-36565-euclid-ave/mSvd7U1OSLiHZGRn4djwBw,mentor-ohio
https://www.ubereats.com/cleveland/food-delivery/buffalo-wild-wings-9566-diamond-centre-dr/-CKTeKv7RSyTtrw6zB7L1A,mentor-ohio
https://www.ubereats.com/cleveland/food-delivery/starbucks-willoughby-som-center/aV3jA2ISTNGafFMgMoz0Dg,mentor-ohio
https://www.ubereats.com/cleveland/food-delivery/guilio-bonazza-pizzeria/EnKbZLaDT82-452O4nsceQ,mentor-ohio
https://www.ubereats.com/cleveland/food-delivery/mama-primozz-pizzeria/ofpBMtTFRGaM4_3C1ftPOw,mentor-ohio
https://www.ubereats.com/cleveland/food-delivery/taco-bell-9486-mentor-avenue/cpMRtM6WTESuuMgPzU6PkQ,mentor-ohio
https://www.ubereats.com/cleveland/food-delivery/best-gyros-mayfield-heights/xZ2IKL39SGmvFj8Q8gZY-w,mentor-ohio
https://www.ubereats.com/cleveland/food-delivery/mamas-boy-bar-b-q/BwFK-9UCQr-wgCMo3S1FDQ,mentor-ohio
https://www.ubereats.com/cleveland/food-delivery/dairy-queen-treat-great-lakes-mall-space-%23874-7850-me/X-NLonhIRxycUF8V7tpWqg,mentor-ohio
https://www.ubereats.com/cleveland/food-delivery/sweet-peppers-bar-%26-grill/ZI9oD70IQ2KpMohnDJvT6A,mentor-ohio
https://www.ubereats.com/cleveland/food-delivery/mr-hero-robinhood-%26-euclid/ZlGfVsD2QkS_qpTav29sIQ,mentor-ohio
https://www.ubereats.com/cleveland/food-delivery/krispy-krunchy-chicken/ALy3tg1kRfaTSnnTb5MBGA,mentor-ohio
https://www.ubereats.com/cleveland/food-delivery/san-francisco-stir-fry/Mg1qyp_qTPOK6QMQUdQLjg,mentor-ohio
https://www.ubereats.com/cleveland/food-delivery/dickeys-barbecue-restaurants-inc-9434-mentor-avenue/ZlZ5J9H_SU62GXSzKQeyzw,mentor-ohio
https://www.ubereats.com/cleveland/food-delivery/burger-king-4150-state-route-306/v36jHwWMQXy7SBO_M_PVig,mentor-ohio
https://www.ubereats.com/cleveland/food-delivery/the-burger-experience-7725-reynolds-road/WMELiZIBQpKHlrxzeFbsvw,mentor-ohio
https://www.ubereats.com/cleveland/food-delivery/arbys-7719-lakeshore-blvd/uTWLFeD6TiCha7agVm4YYg,mentor-ohio
https://www.ubereats.com/cleveland/food-delivery/jersey-mikes-subs-wilson-mills/ihHagAqJQ32swrX02uvmJQ,mentor-ohio
https://www.ubereats.com/cleveland/food-delivery/taco-bell-502-water-st/4zQvPnLATNC-zIc66cuWhg,mentor-ohio
https://www.ubereats.com/cleveland/food-delivery/mr-hero-mentor-%26-dartmoor/gHAsFVbGR62FIvXd1JePWg,mentor-ohio
https://www.ubereats.com/cleveland/food-delivery/dairy-queen-grill-%26-chill-8787-mentor-ave/SMJPoCRmSJelkHYk9sr74Q,mentor-ohio
https://www.ubereats.com/cleveland/food-delivery/thai-999-express/ZPHbdIASQJWNxZhGvyWrXA,mentor-ohio
https://www.ubereats.com/cleveland/food-delivery/hibachi-steakhouse-mentor-ave/VCpxcuTbSva7DYENQwYYYg,mentor-ohio
https://www.ubereats.com/cleveland/food-delivery/hardees-36900-vine-street/VeCw2SOhQKWlSkSLpG3JiA,mentor-ohio
https://www.ubereats.com/cleveland/food-delivery/paninis-bar-and-grill/GZjPq5NwQ1S9q_EpvtIbqw,mentor-ohio
https://www.ubereats.com/cleveland/food-delivery/bob-evans-584-295-meadowlands-drive/MwymY2ZET5OGweMIe9O8kw,mentor-ohio
https://www.ubereats.com/cleveland/food-delivery/urban-soul-grille/f6OFah3ZR5GfPMmlAIraIQ,mentor-ohio
https://www.ubereats.com/cleveland/food-delivery/papa-johns-pizza-34804-euclid-ave/FbxbiJtBTrmYHANMHKlW9w,mentor-ohio
https://www.ubereats.com/cleveland/food-delivery/master-ds-grille/RBHqCfFiTqujUHoWXT6JbA,mentor-ohio
https://www.ubereats.com/cleveland/food-delivery/daves-cosmic-subs-mentor/po-Kq1fdTW-4MSahIW-LGg,mentor-ohio
https://www.ubereats.com/cleveland/food-delivery/jalapeno-loco/7BNxDuM6RTuQkBl6-gPIuw,mentor-ohio
https://www.ubereats.com/cleveland/food-delivery/mcdonalds-euclid-%26-robinhood/nSIXd4nCQ9-XeOR9xVStmg,mentor-ohio
https://www.ubereats.com/cleveland/food-delivery/green-lake/8BJ7sw2gTRyt4bJ6E53npg,mentor-ohio
https://www.ubereats.com/cleveland/food-delivery/bjs-restaurant-%26-brewhouse-7880-mentor-ave/uJbiZHpTTN6RSbrIBpJUYg,mentor-ohio
https://www.ubereats.com/cleveland/food-delivery/burg-n-go/vuWeOo2TSn2EYdluvehyRw,mentor-ohio
https://www.ubereats.com/cleveland/food-delivery/harry-buffalo-painesville/s8DMljNgSZOFYyTEvmNM2g,mentor-ohio
https://www.ubereats.com/cleveland/food-delivery/paradise-biryani-pointe/NF_KrjObRQq8B8ED5isi2g,mentor-ohio
https://www.ubereats.com/cleveland/food-delivery/sunny-street-cafe/fGemVLLdQB2BG_BjZqFGIA,mentor-ohio
https://www.ubereats.com/cleveland/food-delivery/mama-robertos/T5bPv786RoS0dXB9ZPY96Q,mentor-ohio
https://www.ubereats.com/cleveland/food-delivery/ichiraku-japanese-noodle-shop-ramen-%26-bubble-tea/qGyz0EGdRlKBPNqO49Pz4g,mentor-ohio
https://www.ubereats.com/cleveland/food-delivery/burgerim/6MRZ3ehCTmquLK3RgwlU6g,mentor-ohio
https://www.ubereats.com/cleveland/food-delivery/best-pizza-%26-sandwiches/BPQl4o1jTum7pBkTtCPRXg,mentor-ohio
https://www.ubereats.com/cleveland/food-delivery/corduroys/WPGGYQkxSU2YJSLWLIju3Q,mentor-ohio
https://www.ubereats.com/cleveland/food-delivery/mcdonalds-mentor-%26-jackson/sZVq8vtJQiW9-38YBgxWfg,mentor-ohio
https://www.ubereats.com/cleveland/food-delivery/slymans-mentor/2QQaPs_FSU6zESjeX09dJg,mentor-ohio
https://www.ubereats.com/cleveland/food-delivery/the-kitchen/Q9a9NdVBTguQViwmNllISQ,mentor-ohio
https://www.ubereats.com/cleveland/food-delivery/kfc-29050-lake-shore-boulevard/3hWcDZZLSYG4-Bs4cI2ZDg,mentor-ohio
https://www.ubereats.com/cleveland/food-delivery/melt-bar-%26-grilled-mentor-ave/gLTWkJfcTPm_y3sD8di7yA,mentor-ohio
https://www.ubereats.com/cleveland/food-delivery/dennys-34725-euclid-avenue/C8OA492rRkiCj2mJPZCTGg,mentor-ohio
https://www.ubereats.com/cleveland/food-delivery/dairy-queen-treat-108-wilson-mills-rd/QsjQl2aVTzO687icaOTfEQ,mentor-ohio
https://www.ubereats.com/cleveland/food-delivery/five-guys-oh-1722-9180-mentor-ave/KyxC8C6DSxGO5J4IAMYPvw,mentor-ohio
https://www.ubereats.com/cleveland/food-delivery/wendys-5985-andrews-rd/DrKocbMdQRKWXV49f_vVCQ,mentor-ohio
https://www.ubereats.com/cleveland/food-delivery/papa-johns-pizza-65-w-walnut-ave/QSbjCxB7TEmskoorGaf2Bw,mentor-ohio
https://www.ubereats.com/cleveland/food-delivery/pizza-rx/Ybv7smOtRkSusSiDmEAeQw,mentor-ohio
https://www.ubereats.com/cleveland/food-delivery/jersey-mikes-209-center-street/dcHEgZmkTnmJ6mRyHEEJsQ,mentor-ohio
https://www.ubereats.com/cleveland/food-delivery/mean-mugs-pub/xCPLobsBRKKescaARFBRkw,mentor-ohio
https://www.ubereats.com/cleveland/food-delivery/chagrin-river-diner/iETlE5YsTYm8PIB1RkmVdQ,mentor-ohio
https://www.ubereats.com/cleveland/food-delivery/casa-agave-mexican-cuisine/1Cf38hKwQGmIY6BBzhIhrA,mentor-ohio
https://www.ubereats.com/cleveland/food-delivery/tjs-on-the-avenue/HBm0cY6HSBOlkmOGtBT29Q,mentor-ohio
https://www.ubereats.com/cleveland/food-delivery/don-tequila-mentor/t3cUPoT5SoSFtfdpn2YuYg,mentor-ohio
https://www.ubereats.com/cleveland/food-delivery/beerhead-bar-and-eatery-concord/DdPScqbjQMWlplCyIuJSHg,mentor-ohio
https://www.ubereats.com/cleveland/food-delivery/two-bucks-eastlake/hhs8NxvySvi_EI0Gw4f8ag,mentor-ohio
https://www.ubereats.com/cleveland/food-delivery/tgi-fridays-1546-cleveland-mentor-oh/HS7NUfHbSb2NVyP9bCAS_Q,mentor-ohio
https://www.ubereats.com/cleveland/food-delivery/billys-a-cappelli-martini-bar/dvkdTSBGQ-Od69n_X7Prgg,mentor-ohio
https://www.ubereats.com/cleveland/food-delivery/dairy-queen-grill-%26-chill-34600-euclid-ave/x8GHaF4nT9qUNwF8KFhPIA,mentor-ohio
https://www.ubereats.com/cleveland/food-delivery/indian-kitchen/VOJorbTdTamTcC0YHjEBJg,mentor-ohio
https://www.ubereats.com/cleveland/food-delivery/kfc-200-richmond-street/f8znzcdPTdeStIfBuUr5sg,mentor-ohio
https://www.ubereats.com/cleveland/food-delivery/js-pizza-market/6Q3DVpa6Q1mVpP1YjhgwzA,mentor-ohio
https://www.ubereats.com/cleveland/food-delivery/taco-bell-100-richmond-st/r2BEwg8gQ7ys0F6qrMKyZg,mentor-ohio
https://www.ubereats.com/cleveland/food-delivery/chipotle-mexican-grill-7851-reynolds-rd/sbexkAO8QISVpDS6L5NWqA,mentor-ohio
https://www.ubereats.com/cleveland/food-delivery/arbys-3-w-erie-st/ov6mWVxwRTWu0A7piZHO6g,mentor-ohio
https://www.ubereats.com/cleveland/food-delivery/outback-steakhouse-7785-plaza-bkvd/EYS9QHpBSQmk2jWfnVrRFg,mentor-ohio
https://www.ubereats.com/cleveland/food-delivery/alfredos-at-the-inn-italian-restaurant/kTrJU8oZR6aBeZjoYp2Fsg,mentor-ohio
