url,city
https://www.ubereats.com/cleveland/food-delivery/manhattan-deli/G7GDVZa7RBq3BQH-fgG_Ww,mentoronthelake-ohio
https://www.ubereats.com/cleveland/food-delivery/bob-evans-15-7680-reynolds-road/n08YRrtLSdiDq6KGtmlsmQ,mentoronthelake-ohio
https://www.ubereats.com/cleveland/food-delivery/mr-hero/etxWkIHXQPW7Nslf29g-vA,mentoronthelake-ohio
https://www.ubereats.com/cleveland/food-delivery/bottom-dog-fusion-grill/n1nLuK9PQhCgwh5OMZMHhA,mentoronthelake-ohio
https://www.ubereats.com/cleveland/food-delivery/starbucks-mentor-reynolds-%26-tyler/fAYUGnrrTrG8b-9ULW1PuA,mentoronthelake-ohio
https://www.ubereats.com/cleveland/food-delivery/charleys-philly-steaks-7850-mentor-ave/as3hk4iURXqdZwCCY_FnxA,mentoronthelake-ohio
https://www.ubereats.com/cleveland/food-delivery/smoke-bbq-grill/2jQBPNbwSXyWaRYa3IfJhg,mentoronthelake-ohio
https://www.ubereats.com/cleveland/food-delivery/taco-bell-35020-euclid-ave/o3QwwCHHS3SNUKJoKnazRA,mentoronthelake-ohio
https://www.ubereats.com/cleveland/food-delivery/panda-express-9184-mentor-ave/U5Y2TS5SSg22fL7ntVVJsA,mentoronthelake-ohio
https://www.ubereats.com/cleveland/food-delivery/steak-n-shake-9530-diamond-center-drive/TKWJI5toSompv-bf_IErzw,mentoronthelake-ohio
https://www.ubereats.com/cleveland/food-delivery/cocos-locos-euclid-ave/skT8GilFQguMpYOkqgPNMw,mentoronthelake-ohio
https://www.ubereats.com/cleveland/food-delivery/primozz-restaurant-and-pizzeria/tDktrbkjSreGdu32IQo8XA,mentoronthelake-ohio
https://www.ubereats.com/cleveland/food-delivery/the-cabin-of-willowick/YtX-jYHxQa6TlvNB7h6yfg,mentoronthelake-ohio
https://www.ubereats.com/cleveland/food-delivery/sofull-bowl/U7PJom9tTXCW3RiwHWSkRw,mentoronthelake-ohio
https://www.ubereats.com/cleveland/food-delivery/perkins-700-mentor-avenue/tp1_6MEGTq6xScRwiSu0NA,mentoronthelake-ohio
https://www.ubereats.com/cleveland/food-delivery/bob-evans-357-9235-mentor-avenue/RKe-YBHPQuOH9FWgYlBZuw,mentoronthelake-ohio
https://www.ubereats.com/cleveland/food-delivery/its-diner/aIkFWlevQ8CIKNiHyx09cw,mentoronthelake-ohio
https://www.ubereats.com/cleveland/food-delivery/mels-cafe-of-tremont/Hdub6KxbSui5rmktk-cX8g,mentoronthelake-ohio
https://www.ubereats.com/cleveland/food-delivery/yours-truly-restaurant-mentor/e4eNbhkQQ0uO28AHj6oN9w,mentoronthelake-ohio
https://www.ubereats.com/cleveland/food-delivery/happy-moose/VtaVW6XtS5asBEsePnsdZQ,mentoronthelake-ohio
https://www.ubereats.com/cleveland/food-delivery/kuhars-carryout/B2B11ZXSTG2Ju1aRC114sw,mentoronthelake-ohio
https://www.ubereats.com/cleveland/food-delivery/ginger-sushi-buritto-%26-hibachi/S39P_BkwSMOBxFKijdjbwQ,mentoronthelake-ohio
https://www.ubereats.com/cleveland/food-delivery/fionas-coffee-bar-and-bakery/KioA-VdVQYyLOsfdkvAKMQ,mentoronthelake-ohio
https://www.ubereats.com/cleveland/food-delivery/kfc-7843-munson-road/FlWNw9TSS3iNGIVnN7DvZQ,mentoronthelake-ohio
https://www.ubereats.com/cleveland/food-delivery/jersey-mikes-36295-euclid-avenue/FVSLlgwqQdOe6eZJ4C_aMQ,mentoronthelake-ohio
https://www.ubereats.com/cleveland/food-delivery/don-tequila-east-lake/MyZMlRfdQ5qVcbQJrct7Kg,mentoronthelake-ohio
https://www.ubereats.com/cleveland/food-delivery/master-pizza-eastlake/kfSJiJN4RJq7Qk4Zzk9Pog,mentoronthelake-ohio
https://www.ubereats.com/cleveland/food-delivery/the-kitchen/yH8AIGcKSTq86OcFgdLD5w,mentoronthelake-ohio
https://www.ubereats.com/cleveland/food-delivery/chipotle-mexican-grill-7-w-jackson-st/feu10zIKSjei_N8RdqrBOA,mentoronthelake-ohio
https://www.ubereats.com/cleveland/food-delivery/dunkin-255-richmond-st/8QZRs3jUR4WbRvKfBNGh5w,mentoronthelake-ohio
https://www.ubereats.com/cleveland/food-delivery/mr-hero-richmond-st/SzUfuW0XQr-IOQZrgxb3Rw,mentoronthelake-ohio
https://www.ubereats.com/cleveland/food-delivery/molinaris/-rqfQDZMQLm55th8y3YZzg,mentoronthelake-ohio
https://www.ubereats.com/cleveland/food-delivery/firehouse-subs-willoughby-commons-%231690/QO-PjKxzSLeLb6xBj5bX_g,mentoronthelake-ohio
https://www.ubereats.com/cleveland/food-delivery/arbys-7690-mentor-ave/n1K5EWaiQQ2ON0ypbSmLWQ,mentoronthelake-ohio
https://www.ubereats.com/cleveland/food-delivery/pierogi-palace/dv9lbKRwTFm5Dn349WqxiA,mentoronthelake-ohio
https://www.ubereats.com/cleveland/food-delivery/taco-bell-8351-tyler-blvd/QYR3Hdw8SY6w0qJPOqmoww,mentoronthelake-ohio
https://www.ubereats.com/cleveland/food-delivery/taco-bell-7753-mentor-avenue/d7wzXvd6SrG1-Rdy-MT88g,mentoronthelake-ohio
https://www.ubereats.com/cleveland/food-delivery/dairy-queen-treat-7695-lake-shore-blvd/mudgId7FRZC1ETCy-MuJGw,mentoronthelake-ohio
https://www.ubereats.com/cleveland/food-delivery/wendys-1550-mentor-ave/SOOBQ3Q-SOGdHhxAfxbXHg,mentoronthelake-ohio
https://www.ubereats.com/cleveland/food-delivery/bakers-square-7800-plaza-blvd/A4wpbOj2RDeFawbd7e-I_A,mentoronthelake-ohio
https://www.ubereats.com/cleveland/food-delivery/hooley-house-sports-pub-%26-grille-reynolds/sqYVBmyoQHKYcbcZzSTqTA,mentoronthelake-ohio
https://www.ubereats.com/cleveland/food-delivery/firehouse-subs-mentor-ave-%23803/OkGjMIXOTNain2fjisYcsA,mentoronthelake-ohio
https://www.ubereats.com/cleveland/food-delivery/cafe-europa-and-bistro/TQJSRUjVT4GyHm3F3uR_vw,mentoronthelake-ohio
https://www.ubereats.com/cleveland/food-delivery/taco-bell-9500-diamond-centre-dr/ay2QuJPyTCuuWmEVYq38ng,mentoronthelake-ohio
https://www.ubereats.com/cleveland/food-delivery/chipotle-mexican-grill-9188-mentor-ave/VSLQAUoORi6WcnTIxjFvaQ,mentoronthelake-ohio
https://www.ubereats.com/cleveland/food-delivery/sidewalk-cafe-painesville/V-55RJ7CQySu2TgqvjCk3Q,mentoronthelake-ohio
https://www.ubereats.com/cleveland/food-delivery/mcdonalds-lakeshore-%26-forest/yTswxh2xSPitG9l3tQpZ1g,mentoronthelake-ohio
https://www.ubereats.com/cleveland/food-delivery/red-lobster-7744-reynolds-rd/PhtOTw7PTvuxf2F5ycewwQ,mentoronthelake-ohio
https://www.ubereats.com/cleveland/food-delivery/starbucks-mentor-mentor-ave-%26-chillicothe-rd/XIGNgTyWRbm1mHkfNyNH0Q,mentoronthelake-ohio
https://www.ubereats.com/cleveland/food-delivery/moes-southwest-grill-9710-mentor-avenue/2UMlrTEPTuSDXp46hI5hPA,mentoronthelake-ohio
https://www.ubereats.com/cleveland/food-delivery/manhattan-deli-bar-%26-grille/6hxmuDhQRlSvy4a2LSqqwg,mentoronthelake-ohio
https://www.ubereats.com/cleveland/food-delivery/mr-hero/yyVyu4laSyaIxwPS-GGQEA,mentoronthelake-ohio
https://www.ubereats.com/cleveland/food-delivery/jets-pizza-willoughby/UgzhT4ciTbyrNuijlCbagA,mentoronthelake-ohio
https://www.ubereats.com/cleveland/food-delivery/mr-hero/WMskHZ83RGy5rHE5vXS6sA,mentoronthelake-ohio
https://www.ubereats.com/cleveland/food-delivery/angies-new-york-style-pizzeria/MpLs79RsR2SnPJSI_Bzgwg,mentoronthelake-ohio
https://www.ubereats.com/cleveland/food-delivery/andersons-sports-hub/Pa74ZpXrQKiMB0DVDYz1ZA,mentoronthelake-ohio
https://www.ubereats.com/cleveland/food-delivery/noras-public-house/aNByVqSwTWqwJpsIvKNAWA,mentoronthelake-ohio
https://www.ubereats.com/cleveland/food-delivery/subway-33333-vine-st/64bcBhOeRQ6Gv3ZOTN2nBA,mentoronthelake-ohio
https://www.ubereats.com/cleveland/food-delivery/mcdonalds-broadmoor-%26-i-90/l6LV1zhaQJ2K6fCcypbxEA,mentoronthelake-ohio
https://www.ubereats.com/cleveland/food-delivery/subway-7895-munson-rd/0r1jPYIFSlS6Po70ieFrDQ,mentoronthelake-ohio
https://www.ubereats.com/cleveland/food-delivery/stadium-grill/ywoXf-GQT06ut27gsbavVA,mentoronthelake-ohio
https://www.ubereats.com/cleveland/food-delivery/dairy-queen-treat-2008-mentor-ave/0PkAriS8SYq0jH-SDa6gqQ,mentoronthelake-ohio
https://www.ubereats.com/cleveland/food-delivery/burger-king-5021-s-o-m-center-road/tTRTAkWORjmYWSMx74-ziQ,mentoronthelake-ohio
https://www.ubereats.com/cleveland/food-delivery/bumpers-bar-%26-grill/I5Is8vFpRa2V_YhRugODlA,mentoronthelake-ohio
https://www.ubereats.com/cleveland/food-delivery/mrhero/Y6URFsZpQeSt9xIb1ZUcMA,mentoronthelake-ohio
https://www.ubereats.com/cleveland/food-delivery/mcdonalds-1582-mentor-ave/u4za1SktRbCNmRYeLAfvjQ,mentoronthelake-ohio
https://www.ubereats.com/cleveland/food-delivery/chipotle-mexican-grill-7689-crile-rd/vbI0UCieR-mZRGsl3f-ObQ,mentoronthelake-ohio
https://www.ubereats.com/cleveland/food-delivery/arbys-7715-reynolds-rd/LDyhqjo6SDuHQQakQpW5aw,mentoronthelake-ohio
https://www.ubereats.com/cleveland/food-delivery/boston-market-9361-mentor-avenue/_p6c6loVTM6rxKzyx3BK8Q,mentoronthelake-ohio
https://www.ubereats.com/cleveland/food-delivery/verdis-italian-market/m1BwhYCwT7S6-0kQsKsp9g,mentoronthelake-ohio
https://www.ubereats.com/cleveland/food-delivery/wendys-7635-mentor-ave/fOhQ-jdaS6uVJppC7ORiQA,mentoronthelake-ohio
https://www.ubereats.com/cleveland/food-delivery/sports-fanatics/dAW53DreSg-3ywBHoph_BA,mentoronthelake-ohio
https://www.ubereats.com/cleveland/food-delivery/lnsp-bar-%26-grill/d9xeoI7-RA6WDqQq9G7kTQ,mentoronthelake-ohio
https://www.ubereats.com/cleveland/food-delivery/papa-johns-pizza-6289-reynolds-road/jKU_6v_4QHWGvdf8eETr7g,mentoronthelake-ohio
https://www.ubereats.com/cleveland/food-delivery/cracker-barrel-old-country-store-6055-som-center-rd/nYsuZZecSX-BEGuaLZtfsg,mentoronthelake-ohio
https://www.ubereats.com/cleveland/food-delivery/subway-1464-mentor-ave/XbpXHJqqTfegjwa6iqGGKQ,mentoronthelake-ohio
https://www.ubereats.com/cleveland/food-delivery/mcdonalds-andrews-%26-munson/hKj6lMa1QuaWB4q5k4jabA,mentoronthelake-ohio
https://www.ubereats.com/cleveland/food-delivery/auntie-annes-at-great-lakes-mall-7850-mentor-ave-spc-k-105/lpYlZ8C1QRyw4xcnEq1eyA,mentoronthelake-ohio
https://www.ubereats.com/cleveland/food-delivery/burger-king-5725-heisley-road/EUT3EhMeT1aXxPOAxpO3Yw,mentoronthelake-ohio
https://www.ubereats.com/cleveland/food-delivery/subway-37812-vine-st/YXIQAOfRTrWHE0HvzAvDhg,mentoronthelake-ohio
https://www.ubereats.com/cleveland/food-delivery/kfc-34400-euclid-avenue/1tO4GKbeRpGF91fyhOCDxg,mentoronthelake-ohio
https://www.ubereats.com/cleveland/food-delivery/dennys-7700-mentor-avenue/w4Im5ehxTIKw0IRf3AKEzg,mentoronthelake-ohio
https://www.ubereats.com/cleveland/food-delivery/arbys-2219-mentor-avenue/p5nhmOCiQhapPrYBNilEQg,mentoronthelake-ohio
https://www.ubereats.com/cleveland/food-delivery/mcdonalds-heisley-%26-diamond-center/gtWM-euSSN282PQ99B53fQ,mentoronthelake-ohio
https://www.ubereats.com/cleveland/food-delivery/mcdonalds-95-richmond-st/kUsHR5UOQ2y0WhNUUeeUSg,mentoronthelake-ohio
https://www.ubereats.com/cleveland/food-delivery/wendys-6866-center-street/oUPwd6KASteEBmyH_ncH6A,mentoronthelake-ohio
https://www.ubereats.com/cleveland/food-delivery/yes-its-fresh/AgqtZOWpSjek8x5Bjd-9aA,mentoronthelake-ohio
https://www.ubereats.com/cleveland/food-delivery/el-taco-macho/oQd509cORb-2NqET1nmukA,mentoronthelake-ohio
https://www.ubereats.com/cleveland/food-delivery/fuji-buffet-%26-grill/selEsvQOSGKllCpC01X8pA,mentoronthelake-ohio
https://www.ubereats.com/cleveland/food-delivery/daves-cosmic-subs-willoughby/axdPN0HnSF2O7aTjQ484NQ,mentoronthelake-ohio
https://www.ubereats.com/cleveland/food-delivery/ruby-tuesday-9515-diamond-centre-drive/VBhQGCL6SLWvGB7zt2bEkw,mentoronthelake-ohio
https://www.ubereats.com/cleveland/food-delivery/pasquallys-pizza-%26-wings-8000-plaza-blvd-unit-j/ScLHEJWAQq6-wUfgWjlYvA,mentoronthelake-ohio
https://www.ubereats.com/cleveland/food-delivery/players-club/njtf6E5lQtyrGgnAOIN4Rw,mentoronthelake-ohio
https://www.ubereats.com/cleveland/food-delivery/moes-southwest-grill-7585-7601-mentor-avenue/Dy4fgyQvRiqFlkuUESDX8A,mentoronthelake-ohio
https://www.ubereats.com/cleveland/food-delivery/severinos-restaurant-%26-lounge/7yJCuiXaS2KepeozyPev2A,mentoronthelake-ohio
https://www.ubereats.com/cleveland/food-delivery/frank-%26-tonys-place/flnZJqScTlq9wlMLLY3lBQ,mentoronthelake-ohio
https://www.ubereats.com/cleveland/food-delivery/quaker-steak-%26-lube-7834-reynolds-road/1MmH7FawSHWL-ELrUG88Dw,mentoronthelake-ohio
https://www.ubereats.com/cleveland/food-delivery/notorious-pig/B09KUJhnTO6UwmExrH4t3g,mentoronthelake-ohio
https://www.ubereats.com/cleveland/food-delivery/peties-family-restaurant/j6UmAXVPSGmrUKEoeWA9_g,mentoronthelake-ohio
https://www.ubereats.com/cleveland/food-delivery/chipotle-mexican-grill-36200-euclid-ave-ste-12/8se8eAjyTu65oP6ihgYRkg,mentoronthelake-ohio
https://www.ubereats.com/cleveland/food-delivery/garage-bar-willoughby/Vocez8crRw-mRKZoMpNByQ,mentoronthelake-ohio
https://www.ubereats.com/cleveland/food-delivery/burger-king-5995-andrews-rd/nGqfW7UbSeqhVAEyzhCT6A,mentoronthelake-ohio
https://www.ubereats.com/cleveland/food-delivery/the-wild-goose-erie-%26-spaulding/vtXR2kBWSXOFk5qd22-TfQ,mentoronthelake-ohio
https://www.ubereats.com/cleveland/food-delivery/the-river-tavern/pYF7LnBoTbqahbMabN2XEQ,mentoronthelake-ohio
https://www.ubereats.com/cleveland/food-delivery/smokey-bones-mentor/qWoGsHGVTP-ksqR4eXEJkQ,mentoronthelake-ohio
https://www.ubereats.com/cleveland/food-delivery/subway-8318-tyler-blvd/tD-IhcFKQwuayhOLTLU1vQ,mentoronthelake-ohio
https://www.ubereats.com/cleveland/food-delivery/mcdonalds-reynolds-%26-palisades/Zn1fC9R9S9OjZAJUysMqKQ,mentoronthelake-ohio
https://www.ubereats.com/cleveland/food-delivery/zoup!-eatery-7327-mentor-ave/R8mXFzDpRVOaY6ltyxc4Lg,mentoronthelake-ohio
https://www.ubereats.com/cleveland/food-delivery/ballantine/PZbD-EGnSBaYooRufHEDhg,mentoronthelake-ohio
https://www.ubereats.com/cleveland/food-delivery/buffalo-wild-wings-9566-diamond-centre-dr/-CKTeKv7RSyTtrw6zB7L1A,mentoronthelake-ohio
https://www.ubereats.com/cleveland/food-delivery/guilio-bonazza-pizzeria/EnKbZLaDT82-452O4nsceQ,mentoronthelake-ohio
https://www.ubereats.com/cleveland/food-delivery/mama-primozz-pizzeria/ofpBMtTFRGaM4_3C1ftPOw,mentoronthelake-ohio
https://www.ubereats.com/cleveland/food-delivery/taco-bell-9486-mentor-avenue/cpMRtM6WTESuuMgPzU6PkQ,mentoronthelake-ohio
https://www.ubereats.com/cleveland/food-delivery/imperial-dragon/LmAGQtMGRcqybMwH17oSvA,mentoronthelake-ohio
https://www.ubereats.com/cleveland/food-delivery/mamas-boy-bar-b-q/BwFK-9UCQr-wgCMo3S1FDQ,mentoronthelake-ohio
https://www.ubereats.com/cleveland/food-delivery/dairy-queen-treat-great-lakes-mall-space-%23874-7850-me/X-NLonhIRxycUF8V7tpWqg,mentoronthelake-ohio
https://www.ubereats.com/cleveland/food-delivery/sweet-peppers-bar-%26-grill/ZI9oD70IQ2KpMohnDJvT6A,mentoronthelake-ohio
https://www.ubereats.com/cleveland/food-delivery/krispy-krunchy-chicken/ALy3tg1kRfaTSnnTb5MBGA,mentoronthelake-ohio
https://www.ubereats.com/cleveland/food-delivery/san-francisco-stir-fry/Mg1qyp_qTPOK6QMQUdQLjg,mentoronthelake-ohio
https://www.ubereats.com/cleveland/food-delivery/dickeys-barbecue-restaurants-inc-9434-mentor-avenue/ZlZ5J9H_SU62GXSzKQeyzw,mentoronthelake-ohio
https://www.ubereats.com/cleveland/food-delivery/the-burger-experience-7725-reynolds-road/WMELiZIBQpKHlrxzeFbsvw,mentoronthelake-ohio
https://www.ubereats.com/cleveland/food-delivery/arbys-7719-lakeshore-blvd/uTWLFeD6TiCha7agVm4YYg,mentoronthelake-ohio
https://www.ubereats.com/cleveland/food-delivery/mr-hero-mentor-%26-dartmoor/gHAsFVbGR62FIvXd1JePWg,mentoronthelake-ohio
https://www.ubereats.com/cleveland/food-delivery/dairy-queen-grill-%26-chill-8787-mentor-ave/SMJPoCRmSJelkHYk9sr74Q,mentoronthelake-ohio
https://www.ubereats.com/cleveland/food-delivery/thai-999-express/ZPHbdIASQJWNxZhGvyWrXA,mentoronthelake-ohio
https://www.ubereats.com/cleveland/food-delivery/hibachi-steakhouse-mentor-ave/VCpxcuTbSva7DYENQwYYYg,mentoronthelake-ohio
https://www.ubereats.com/cleveland/food-delivery/hardees-36900-vine-street/VeCw2SOhQKWlSkSLpG3JiA,mentoronthelake-ohio
https://www.ubereats.com/cleveland/food-delivery/paninis-bar-and-grill/GZjPq5NwQ1S9q_EpvtIbqw,mentoronthelake-ohio
https://www.ubereats.com/cleveland/food-delivery/papa-johns-pizza-34804-euclid-ave/FbxbiJtBTrmYHANMHKlW9w,mentoronthelake-ohio
https://www.ubereats.com/cleveland/food-delivery/master-ds-grille/RBHqCfFiTqujUHoWXT6JbA,mentoronthelake-ohio
https://www.ubereats.com/cleveland/food-delivery/daves-cosmic-subs-mentor/po-Kq1fdTW-4MSahIW-LGg,mentoronthelake-ohio
https://www.ubereats.com/cleveland/food-delivery/jalapeno-loco/7BNxDuM6RTuQkBl6-gPIuw,mentoronthelake-ohio
https://www.ubereats.com/cleveland/food-delivery/green-lake/8BJ7sw2gTRyt4bJ6E53npg,mentoronthelake-ohio
https://www.ubereats.com/cleveland/food-delivery/bjs-restaurant-%26-brewhouse-7880-mentor-ave/uJbiZHpTTN6RSbrIBpJUYg,mentoronthelake-ohio
https://www.ubereats.com/cleveland/food-delivery/burg-n-go/vuWeOo2TSn2EYdluvehyRw,mentoronthelake-ohio
https://www.ubereats.com/cleveland/food-delivery/harry-buffalo-painesville/s8DMljNgSZOFYyTEvmNM2g,mentoronthelake-ohio
https://www.ubereats.com/cleveland/food-delivery/sunny-street-cafe/fGemVLLdQB2BG_BjZqFGIA,mentoronthelake-ohio
https://www.ubereats.com/cleveland/food-delivery/mama-robertos/T5bPv786RoS0dXB9ZPY96Q,mentoronthelake-ohio
https://www.ubereats.com/cleveland/food-delivery/ichiraku-japanese-noodle-shop-ramen-%26-bubble-tea/qGyz0EGdRlKBPNqO49Pz4g,mentoronthelake-ohio
https://www.ubereats.com/cleveland/food-delivery/burgerim/6MRZ3ehCTmquLK3RgwlU6g,mentoronthelake-ohio
https://www.ubereats.com/cleveland/food-delivery/best-pizza-%26-sandwiches/BPQl4o1jTum7pBkTtCPRXg,mentoronthelake-ohio
https://www.ubereats.com/cleveland/food-delivery/corduroys/WPGGYQkxSU2YJSLWLIju3Q,mentoronthelake-ohio
https://www.ubereats.com/cleveland/food-delivery/mcdonalds-mentor-%26-jackson/sZVq8vtJQiW9-38YBgxWfg,mentoronthelake-ohio
https://www.ubereats.com/cleveland/food-delivery/the-kitchen/Q9a9NdVBTguQViwmNllISQ,mentoronthelake-ohio
https://www.ubereats.com/cleveland/food-delivery/kfc-29050-lake-shore-boulevard/3hWcDZZLSYG4-Bs4cI2ZDg,mentoronthelake-ohio
https://www.ubereats.com/cleveland/food-delivery/melt-bar-%26-grilled-mentor-ave/gLTWkJfcTPm_y3sD8di7yA,mentoronthelake-ohio
https://www.ubereats.com/cleveland/food-delivery/dennys-34725-euclid-avenue/C8OA492rRkiCj2mJPZCTGg,mentoronthelake-ohio
https://www.ubereats.com/cleveland/food-delivery/five-guys-oh-1722-9180-mentor-ave/KyxC8C6DSxGO5J4IAMYPvw,mentoronthelake-ohio
https://www.ubereats.com/cleveland/food-delivery/wendys-5985-andrews-rd/DrKocbMdQRKWXV49f_vVCQ,mentoronthelake-ohio
https://www.ubereats.com/cleveland/food-delivery/papa-johns-pizza-65-w-walnut-ave/QSbjCxB7TEmskoorGaf2Bw,mentoronthelake-ohio
https://www.ubereats.com/cleveland/food-delivery/pizza-rx/Ybv7smOtRkSusSiDmEAeQw,mentoronthelake-ohio
https://www.ubereats.com/cleveland/food-delivery/mean-mugs-pub/xCPLobsBRKKescaARFBRkw,mentoronthelake-ohio
https://www.ubereats.com/cleveland/food-delivery/chagrin-river-diner/iETlE5YsTYm8PIB1RkmVdQ,mentoronthelake-ohio
https://www.ubereats.com/cleveland/food-delivery/casa-agave-mexican-cuisine/1Cf38hKwQGmIY6BBzhIhrA,mentoronthelake-ohio
https://www.ubereats.com/cleveland/food-delivery/tjs-on-the-avenue/HBm0cY6HSBOlkmOGtBT29Q,mentoronthelake-ohio
https://www.ubereats.com/cleveland/food-delivery/don-tequila-mentor/t3cUPoT5SoSFtfdpn2YuYg,mentoronthelake-ohio
https://www.ubereats.com/cleveland/food-delivery/two-bucks-eastlake/hhs8NxvySvi_EI0Gw4f8ag,mentoronthelake-ohio
https://www.ubereats.com/cleveland/food-delivery/tgi-fridays-1546-cleveland-mentor-oh/HS7NUfHbSb2NVyP9bCAS_Q,mentoronthelake-ohio
https://www.ubereats.com/cleveland/food-delivery/billys-a-cappelli-martini-bar/dvkdTSBGQ-Od69n_X7Prgg,mentoronthelake-ohio
https://www.ubereats.com/cleveland/food-delivery/dairy-queen-grill-%26-chill-34600-euclid-ave/x8GHaF4nT9qUNwF8KFhPIA,mentoronthelake-ohio
https://www.ubereats.com/cleveland/food-delivery/indian-kitchen/VOJorbTdTamTcC0YHjEBJg,mentoronthelake-ohio
https://www.ubereats.com/cleveland/food-delivery/kfc-200-richmond-street/f8znzcdPTdeStIfBuUr5sg,mentoronthelake-ohio
https://www.ubereats.com/cleveland/food-delivery/js-pizza-market/6Q3DVpa6Q1mVpP1YjhgwzA,mentoronthelake-ohio
https://www.ubereats.com/cleveland/food-delivery/taco-bell-100-richmond-st/r2BEwg8gQ7ys0F6qrMKyZg,mentoronthelake-ohio
https://www.ubereats.com/cleveland/food-delivery/chipotle-mexican-grill-7851-reynolds-rd/sbexkAO8QISVpDS6L5NWqA,mentoronthelake-ohio
https://www.ubereats.com/cleveland/food-delivery/outback-steakhouse-7785-plaza-bkvd/EYS9QHpBSQmk2jWfnVrRFg,mentoronthelake-ohio
