url,city
https://www.ubereats.com/inland-empire/food-delivery/tams-burger-yucaipa/B-DeXKq3QtySdQae5nRUSQ,mentone-california
https://www.ubereats.com/inland-empire/food-delivery/wendys-27879-baseline-avenue/ypXN0yI7QAOHNwiWnJmxRQ,mentone-california
https://www.ubereats.com/inland-empire/food-delivery/papa-johns-redlands/uWbDuAomQLy4-C2Rbrd-OA,mentone-california
https://www.ubereats.com/inland-empire/food-delivery/california-fish-grill-redlands/Ih2ZyncsR3ia6YUpSnlazA,mentone-california
https://www.ubereats.com/inland-empire/food-delivery/bjs-restaurant-%26-brewhouse-1045-e-harriman-place/cqTssynqRMizLTEI9pFP2Q,mentone-california
https://www.ubereats.com/inland-empire/food-delivery/famous-daves-27500-lugonia-avenue/BCMmSyURSKa90RjqAQlxSQ,mentone-california
https://www.ubereats.com/inland-empire/food-delivery/jack-in-the-box-1605-e-highland-ave/agCnteqOTn6E0__l2ly5Ng,mentone-california
https://www.ubereats.com/inland-empire/food-delivery/farmer-boys-san-bernadino-ave/ZSXTbLnAR529vdXoq_dtEQ,mentone-california
https://www.ubereats.com/inland-empire/food-delivery/juanitos-taco/EWE9W3zvQm-l2uezbALeUA,mentone-california
https://www.ubereats.com/inland-empire/food-delivery/del-taco-27923-greenspot-road/MpY_69nHRE6skVA-Iu9_Dg,mentone-california
https://www.ubereats.com/inland-empire/food-delivery/red-robin-598-27476-lugonia-ave/iyYh_a0QTiKZLlNvQCT0fw,mentone-california
https://www.ubereats.com/inland-empire/food-delivery/subs-of-usa/jV7Xl5W2REW0hDcMNw0ixg,mentone-california
https://www.ubereats.com/inland-empire/food-delivery/the-habit-burger-grill-27511-san-bernardino-ave-suite-100/KiyTkGgKTG-26QFCdQmpPw,mentone-california
https://www.ubereats.com/inland-empire/food-delivery/jersey-mikes-subs-27993-greenspot-rd/X9SLQO81RDOwSFdgZ6JiPA,mentone-california
https://www.ubereats.com/inland-empire/food-delivery/family-fusion-cocina/5DpWl5JAT0mi_AnGe_HRNg,mentone-california
https://www.ubereats.com/inland-empire/food-delivery/chronic-tacos-400-w-stuart-ave/rS5ZTq_PQ1SKr8ETIM1Bqw,mentone-california
https://www.ubereats.com/inland-empire/food-delivery/kings-rotisserie-chicken/9FEyRCJ7Sx-mdq1k48qfDQ,mentone-california
https://www.ubereats.com/inland-empire/food-delivery/jack-in-the-box-25699-baseline-st/0KzhPJ0OQRODAcEUXnKvJg,mentone-california
https://www.ubereats.com/inland-empire/food-delivery/nekter-juice-bar-redlands/w-EtiCX7RKu0Syd54U5rng,mentone-california
https://www.ubereats.com/inland-empire/food-delivery/taste-of-thai/s_gXac6PQnSgk7rPUrY5cQ,mentone-california
https://www.ubereats.com/inland-empire/food-delivery/del-taco-602-e-redlands-blvd/lSjaW8cITE6mbH87sNFJfw,mentone-california
https://www.ubereats.com/inland-empire/food-delivery/del-taco-1624-w-redlands-blvd/v3hQqt03Qfe0S3i1JUaeIg,mentone-california
https://www.ubereats.com/inland-empire/food-delivery/the-sand-trap-sports-bar-%26-grill/7mZVio8hQ4meYt3iC46xPg,mentone-california
https://www.ubereats.com/inland-empire/food-delivery/jack-in-the-box-1141-w-lugonia-ave/_B2Mg_xXTfWUYUZ0rcO3rw,mentone-california
https://www.ubereats.com/inland-empire/food-delivery/subway-33676-e-yucaipa-blvd/wQGNLWT0Sn2z0E1W--eyTg,mentone-california
https://www.ubereats.com/inland-empire/food-delivery/plant-power-fast-food/SEkazwGnTsG1A7BpGuBT8Q,mentone-california
https://www.ubereats.com/inland-empire/food-delivery/yoshinoya-2072-west-redlands-blvd/fsCT6wkOSrGt-C3HguD0Kg,mentone-california
https://www.ubereats.com/palm-springs/food-delivery/the-sand-trap-sports-bar-%26-grill/7mZVio8hQ4meYt3iC46xPg,mentone-california
https://www.ubereats.com/inland-empire/food-delivery/pizza-chalet-%26-johnnies-broasted-chicken/rKRO1MgITxOsC8zjaGKeBw,mentone-california
https://www.ubereats.com/inland-empire/food-delivery/mcdonalds-612-e-redlands-blvd/JhehMfbGQVyyuMBFlsgufA,mentone-california
https://www.ubereats.com/inland-empire/food-delivery/chipotle-mexican-grill-27511-san-bernardino-ave/_Y7xvcfjQfG2p6J32R367Q,mentone-california
https://www.ubereats.com/inland-empire/food-delivery/jack-in-the-box-605-e-redlands-blvd/uvrn5b5jRAWYFJKvmkj4SQ,mentone-california
https://www.ubereats.com/inland-empire/food-delivery/mcdonalds-1796-e-lugonia-ave/viJlz1jqQcSnX4AjGzbTQQ,mentone-california
https://www.ubereats.com/inland-empire/food-delivery/el-pollo-loco-12821-moreno-beach-dr6023/3-cxkSEuTReVYWVaCh7pUQ,mentone-california
https://www.ubereats.com/palm-springs/food-delivery/fujimoto-restaurant/Z9yVancgTvSa5zMpvkefjg,mentone-california
https://www.ubereats.com/inland-empire/food-delivery/american-road-trip-bar-%26-grill/r4JgFCUkRoe20Zdp_upR1Q,mentone-california
https://www.ubereats.com/inland-empire/food-delivery/panda-express-2005-w-redlands-blvd/2pkDo2hBS5aqL3uIBBAs3A,mentone-california
https://www.ubereats.com/inland-empire/food-delivery/starbucks-baseline-%26-hwy-30/2M4d6o9_TO21Xwfen24sRg,mentone-california
https://www.ubereats.com/inland-empire/food-delivery/taco-bell-1225-w-colton/w0JZqxgMSyaHCXJ4xoq8Qg,mentone-california
https://www.ubereats.com/inland-empire/food-delivery/machete-taqueria/V3eW68NwRyGF-pJuD2JJNQ,mentone-california
https://www.ubereats.com/inland-empire/food-delivery/jasmine-thai-cuisine/dZkE_lLHQ16CQHPG4okn_Q,mentone-california
https://www.ubereats.com/inland-empire/food-delivery/burger-king-1320-industrial-park-avenue/uxlgLuYURSe55gjUUbY1xA,mentone-california
https://www.ubereats.com/inland-empire/food-delivery/the-wall-restaurant-redlands/Sy0yZUhaRyWD0R1VmQky7g,mentone-california
https://www.ubereats.com/inland-empire/food-delivery/dairy-queen-treat-12045-5th-st-unit-g/tD8VnvW6Q1Cttq9XPB49sw,mentone-california
https://www.ubereats.com/inland-empire/food-delivery/o-mai-grill/SqIw1UduQjaNp0mJ_Awvww,mentone-california
https://www.ubereats.com/inland-empire/food-delivery/falafel-express/Mb6FNEnZTY22reG3QPWqrA,mentone-california
https://www.ubereats.com/inland-empire/food-delivery/mill-creek-cattle-company/pnRycds9TzuUct07ZmG3HA,mentone-california
https://www.ubereats.com/inland-empire/food-delivery/panera-470-e-cypress-avenue/TqRHpLHhTUK41nS7vYTGMg,mentone-california
https://www.ubereats.com/inland-empire/food-delivery/dennys-33540-yucaipa-blvd/-Sd0pPU8TJ2fEiJtqP36cA,mentone-california
https://www.ubereats.com/inland-empire/food-delivery/starbucks-ford-%26-i-10/p82WNJf5S6OMrbfpYWhYVw,mentone-california
https://www.ubereats.com/inland-empire/food-delivery/the-bar-and-grill-company/hm829vvBTOOGIbMgQWkXfg,mentone-california
https://www.ubereats.com/inland-empire/food-delivery/rok-n-fondue/y1ywuV5aTlyVyQAIX1Y07g,mentone-california
https://www.ubereats.com/inland-empire/food-delivery/del-taco-34860-yucaipa-blvd/s1-_L3-OTvWRMp6j85GOxg,mentone-california
https://www.ubereats.com/inland-empire/food-delivery/subway-1752-e-lugonia-ave/PjsJ19HHRfKTAw96GIxb_w,mentone-california
https://www.ubereats.com/inland-empire/food-delivery/the-fat-greek-yucaipa-boulevard/Rn5oIf-6TSS7-PnoQDy0qQ,mentone-california
https://www.ubereats.com/inland-empire/food-delivery/ocean-pho-yucaipa/NEnoT_73SqOiwlba1bggOw,mentone-california
https://www.ubereats.com/inland-empire/food-delivery/lindas-casa-trejo-restaurant/fR-kEZRgTwGGm-KW3pD7WQ,mentone-california
https://www.ubereats.com/inland-empire/food-delivery/don-orange-tacos/H0s0Cm0CTf69U7LkXf-gHA,mentone-california
https://www.ubereats.com/inland-empire/food-delivery/mountain-mikes-pizza-605-n-eureka-street-suite-100/3b8dX-9JRlOSQmgfGCVwcg,mentone-california
https://www.ubereats.com/inland-empire/food-delivery/bella-and-yang/xGJgYGG7THGa332jxR8pxQ,mentone-california
https://www.ubereats.com/inland-empire/food-delivery/panda-express-27720-base-line-street/BasIQpD8TN6b7phaHLiPdA,mentone-california
https://www.ubereats.com/inland-empire/food-delivery/mcdonalds-27774-baseline-ave/DNFEUBpaSpa4bS99yGWyJg,mentone-california
https://www.ubereats.com/inland-empire/food-delivery/kfc-%2339-645-e-redlands-blvd/TY6YR8ByRtK25A0IMH2AAA,mentone-california
https://www.ubereats.com/inland-empire/food-delivery/carls-jr-27670-eucalyptus-ave/x6SVydZMSjej528uf4aQnQ,mentone-california
https://www.ubereats.com/inland-empire/food-delivery/aibetos-fresh-mexican-food/9Xg0RPA3SjS-WebhRM57-Q,mentone-california
https://www.ubereats.com/inland-empire/food-delivery/bluewater-poke/FmWlX5KSRByiEs15fJdzRA,mentone-california
https://www.ubereats.com/inland-empire/food-delivery/waba-grill-33492-oak-glen-rd-%23l/Imf0x7GsREetVpr_QAUf3w,mentone-california
https://www.ubereats.com/inland-empire/food-delivery/garden-thai-cuisine/Wh1reSjeTV-0fM7yVuUYBg,mentone-california
https://www.ubereats.com/inland-empire/food-delivery/mod-pizza-redlands/UC3bX1OxQKa_eJzz-XxoKQ,mentone-california
https://www.ubereats.com/inland-empire/food-delivery/eureka!-redlands/oqlIEz4-SzSvr3yYCpu6Aw,mentone-california
https://www.ubereats.com/inland-empire/food-delivery/rallys-12721-moreno-beach-dr/YJBGKaaWRMmpolR-ccnsBQ,mentone-california
https://www.ubereats.com/inland-empire/food-delivery/five-guys-ca-1271-10060-alabama-street/7Hu0tqrZTHiRzUiukV6Esw,mentone-california
https://www.ubereats.com/inland-empire/food-delivery/wendys-1991-redlands-blvd/iIZFFnVPSvydgghurovBjA,mentone-california
https://www.ubereats.com/inland-empire/food-delivery/isabellas-ristorante-italiano/7pIoZ9YRSMSUGGe4pyJNAA,mentone-california
https://www.ubereats.com/inland-empire/food-delivery/b%26c-tacobar-and-burgers/dM_p_gqNSWOdupQ_GzavdA,mentone-california
https://www.ubereats.com/inland-empire/food-delivery/china-one-moreno-valley/b9wjtqScQgWS0_p6vcIaLg,mentone-california
https://www.ubereats.com/inland-empire/food-delivery/bk-subs-citrus-ave/E12Ap_ZsSkqYChKYOzkkVw,mentone-california
https://www.ubereats.com/inland-empire/food-delivery/carls-jr-7261-boulder-ave/PeVgPkuvSqC6FegO0bDW2Q,mentone-california
https://www.ubereats.com/inland-empire/food-delivery/kays-cafe/XeOgPGQeSEug2sbskj4YVQ,mentone-california
https://www.ubereats.com/inland-empire/food-delivery/karma-burger/6kM6OVVzT8OXlhdoOzUtpg,mentone-california
https://www.ubereats.com/inland-empire/food-delivery/damasco-mediterranean-cuisine/Nv7aCPZOS9OgpM7iQWwJJQ,mentone-california
https://www.ubereats.com/inland-empire/food-delivery/lucians-pizza-yucaipa/Gl2b3ETrQK6GquTsKRhXDg,mentone-california
https://www.ubereats.com/inland-empire/food-delivery/dickeys-barbecue-pit/FkUwtbfLQIyQIs0MdGT8_w,mentone-california
https://www.ubereats.com/inland-empire/food-delivery/del-taco-33940-county-line-rd/djDITxtoRkSDsLvsu8J8jQ,mentone-california
https://www.ubereats.com/inland-empire/food-delivery/waba-grill-27511-san-bernardino/eagUPl35TFK3RPfagvsDww,mentone-california
https://www.ubereats.com/inland-empire/food-delivery/carls-jr-33505-yucaipa-blvd/ghMQQ6BhSnyun96FZoREvA,mentone-california
https://www.ubereats.com/inland-empire/food-delivery/kfc-taco-bell-7347-boulder-ave/CP6k1KVpSq-SS4acpIn1rg,mentone-california
https://www.ubereats.com/inland-empire/food-delivery/jack-in-the-box-27734-baseline-st/by94PpkKQ7GavHKf9M37Kg,mentone-california
https://www.ubereats.com/inland-empire/food-delivery/surfer-joes-pizza-eatery/8CkieTdCQ9uesc7KqTlhDA,mentone-california
https://www.ubereats.com/inland-empire/food-delivery/mcdonalds-yucaipa-blvd-%26-oak-gln/FlPPCEtNTBKh1tMbmfmH_A,mentone-california
https://www.ubereats.com/inland-empire/food-delivery/pappasitos-mexican-grill-%26-seafood/OZaiWJ2rQvCvpEI_8_F9Fw,mentone-california
https://www.ubereats.com/inland-empire/food-delivery/la-michoacana-signature-treats/3in4GNcySXeetr-p3_hzzw,mentone-california
https://www.ubereats.com/inland-empire/food-delivery/amampola-rico-taco-27627-baseline/42DsMrdSTUuC0cd0XQZInA,mentone-california
https://www.ubereats.com/inland-empire/food-delivery/carls-jr-1205-colton-ave/nh-bXG1sSLuHcuAV29FrGQ,mentone-california
https://www.ubereats.com/inland-empire/food-delivery/la-concha-coastal-mexican-grill/La_JW31dSCOWbyznBVPBGw,mentone-california
https://www.ubereats.com/inland-empire/food-delivery/popeyes-27617-baseline-st/VD15LqmNTxqaRJYFwKZrKg,mentone-california
https://www.ubereats.com/inland-empire/food-delivery/ramenkoko/rHUTFwegSvu4E1m9QriggQ,mentone-california
https://www.ubereats.com/inland-empire/food-delivery/kluddes-kitchen-%2B-bar/gLgzOEbTSDC4Mt8B6jGTNg,mentone-california
https://www.ubereats.com/inland-empire/food-delivery/gazzolos-sausage-co-restaurant-%26-delicatessen/Z5WA7rWVT-SbbvyGrfU8ew,mentone-california
https://www.ubereats.com/inland-empire/food-delivery/jack-in-the-box-3653-e-highland-ave/q_pPZd3nRdiJ8w_A3E6szQ,mentone-california
https://www.ubereats.com/inland-empire/food-delivery/johnnys-tacos-%26-sports/NtjPblQVQzWJOg5THn0Qjg,mentone-california
https://www.ubereats.com/inland-empire/food-delivery/the-gourmet-pizza-shoppe/H3iBPttIRK6621_bjTr-Hw,mentone-california
https://www.ubereats.com/inland-empire/food-delivery/burger-king-4150-e-highland-ave/6Bx4_MCZTVWr2G7cDN14cg,mentone-california
https://www.ubereats.com/inland-empire/food-delivery/starbucks-orange-tree-lane-alabama/4P2-oW5sR3iV7ieT6a6Dow,mentone-california
https://www.ubereats.com/inland-empire/food-delivery/fujimoto-restaurant/Z9yVancgTvSa5zMpvkefjg,mentone-california
https://www.ubereats.com/inland-empire/food-delivery/pizza-xpress/pJo78D_FSuiyNAYIi3vqxg,mentone-california
https://www.ubereats.com/inland-empire/food-delivery/subway-1457-ford-street/5o9A_zPbTC6v-xmt7hgl_Q,mentone-california
https://www.ubereats.com/inland-empire/food-delivery/jade-inn/R6l8mEzCT8qmwdpr0F5m3w,mentone-california
https://www.ubereats.com/inland-empire/food-delivery/pieology-pizzeria-623-orange-st/BegqtLBDQn6a0q4R3zwulg,mentone-california
https://www.ubereats.com/inland-empire/food-delivery/rgs-american-grill/LT2GbhPyQp-aV50n_ShHNQ,mentone-california
https://www.ubereats.com/inland-empire/food-delivery/mcdonalds-1620-redlands-blvd/3wxbDDatRmuTQLfSD820HQ,mentone-california
https://www.ubereats.com/inland-empire/food-delivery/luna-grill-redlands/dqNoOcSpToKGwWgXd1K5Cg,mentone-california
https://www.ubereats.com/inland-empire/food-delivery/jack-in-the-box-1199-7th-st/GYbMv4S9SLSLcYU3Gi0ujA,mentone-california
https://www.ubereats.com/inland-empire/food-delivery/rubios-633-orange-st/bmsLVd5UTp6drOuO4U3zPQ,mentone-california
https://www.ubereats.com/inland-empire/food-delivery/papa-johns-yucaipa/9WxgkcdjTBGUw_AdhNl5kg,mentone-california
https://www.ubereats.com/inland-empire/food-delivery/wienerschnitzel-1961-redlands-blvd/5TZoYxEoSqC6rk2uA_iI1w,mentone-california
https://www.ubereats.com/inland-empire/food-delivery/tacos-mexico-san-bernardino-ca/RckxIVShTSS8V3Z6rFl2WQ,mentone-california
https://www.ubereats.com/inland-empire/food-delivery/surfer-joes-pizza/lhby7feWT9W2hoY5pMrIpw,mentone-california
https://www.ubereats.com/inland-empire/food-delivery/jack-in-the-box-2062-w-redlands-blvd/gY_eqmulSfSa-qvmmq7e3Q,mentone-california
https://www.ubereats.com/inland-empire/food-delivery/2krzy-grill/XbbC1Nh9RcGJa1tybhnQrw,mentone-california
https://www.ubereats.com/inland-empire/food-delivery/chipotle-mexican-grill-1092-e-hospitality-ln-ste-b/XTA2-4gaRleQsx2rIDig4Q,mentone-california
https://www.ubereats.com/inland-empire/food-delivery/farmer-boys-highland-w-5th-st/54Oy713aRbGm6JeR8XZB2g,mentone-california
https://www.ubereats.com/inland-empire/food-delivery/toms-%231-worlds-famous-chiliburgers/YXSc97JfSG-csp83Gc5w-A,mentone-california
https://www.ubereats.com/inland-empire/food-delivery/jade-inn-chinese-restaurant/hPuQDi1iQrashYD4hTI4ug,mentone-california
https://www.ubereats.com/inland-empire/food-delivery/ihop-san-bernardino/D5Il6fS6RYmgkUj5qPd0Sw,mentone-california
https://www.ubereats.com/inland-empire/food-delivery/simplee-boba-loma-linda/7ZcYknzMQwm9qccfTCYmZA,mentone-california
https://www.ubereats.com/inland-empire/food-delivery/macaroni-grill-redlands/ddIAzv6BRma_6S7PFpuLIA,mentone-california
https://www.ubereats.com/inland-empire/food-delivery/applebees-4070-e-highland-avenue-%2379051/JBk3ophpSHqtHWzWaO0vZg,mentone-california
https://www.ubereats.com/inland-empire/food-delivery/del-mar-grill/GEqCd2_VQruL5hoIdqhHNQ,mentone-california
https://www.ubereats.com/inland-empire/food-delivery/jojos-grill-a-dog-redlands/jqrxz-pkT9WEcl9I_hX_HA,mentone-california
https://www.ubereats.com/inland-empire/food-delivery/jack-in-the-box-34504-yucaipa-blvd/Ibj_FPuORjKpB1OIoX9u1w,mentone-california
https://www.ubereats.com/inland-empire/food-delivery/starbucks-yucaipa-%26-6th/Wa9LqxU5SyCoH0gfW0E_Yw,mentone-california
https://www.ubereats.com/inland-empire/food-delivery/carls-jr-1505-e-highland-ave/hFcKl9uLTqmF9xmLuIFRbw,mentone-california
https://www.ubereats.com/inland-empire/food-delivery/jersey-mikes-subs-1755-e-lugonia-ave/xiKNEQjHS9ebngiMWfdswQ,mentone-california
https://www.ubereats.com/inland-empire/food-delivery/el-pollo-loco-1066-harriman-place3613/TPQ7S2LIQuq-z6PYGHpAMQ,mentone-california
https://www.ubereats.com/inland-empire/food-delivery/burgerim/6YSFG0msQAup7sX_0wMDRQ,mentone-california
https://www.ubereats.com/inland-empire/food-delivery/verve-taco/m1X4rqDoSUS7OkjDPAoyOg,mentone-california
https://www.ubereats.com/inland-empire/food-delivery/el-pollo-loco-33478-yucaipa-blvd3499/7vK3XUdhRMK7fjQkZ4Q3kg,mentone-california
https://www.ubereats.com/inland-empire/food-delivery/napoli-italian-restaurant/psSGGf5vSZGAq0L_aTc6iA,mentone-california
https://www.ubereats.com/inland-empire/food-delivery/del-taco-33299-yucaipa-blvd/oYBCi9A9QEqEbvKEQ1dSBg,mentone-california
https://www.ubereats.com/inland-empire/food-delivery/mcdonalds-25775-barton-road/5jSs0BmLSM6E9n0A9k34wA,mentone-california
https://www.ubereats.com/inland-empire/food-delivery/jersey-mikes-subs-400-w-stuart-avenue/7ATyrFo5QYytz6cowrORMw,mentone-california
https://www.ubereats.com/inland-empire/food-delivery/the-old-spaghetti-factory-redlands/iyG1zS4wTnKp9lu-EwQAmg,mentone-california
https://www.ubereats.com/inland-empire/food-delivery/chipotle-mexican-grill-635-orange-st/BiwcDV98THWpN0BUCzvoyQ,mentone-california
https://www.ubereats.com/inland-empire/food-delivery/five-guys-ca-1271-10060-alabama-street/fY4rXyYCToSu9RpYywGrmQ,mentone-california
https://www.ubereats.com/inland-empire/food-delivery/antonios-pizza-highland/PliZGfIXSS6kgE8fwDcADA,mentone-california
https://www.ubereats.com/inland-empire/food-delivery/the-haus-bistro/9ivmXnzMRxymAC62eCokow,mentone-california
https://www.ubereats.com/inland-empire/food-delivery/jersey-mikes-subs-10040-alabama-street/Q8DJvrd-RzO5WTWujjYSXA,mentone-california
https://www.ubereats.com/inland-empire/food-delivery/carls-jr-1164-calimesa-blvd/C552_PRHSLKc2hN5MVc9sQ,mentone-california
https://www.ubereats.com/inland-empire/food-delivery/subway-31387-outer-hwy-10/xTw0pjJpS7KUmqxseDj2qA,mentone-california
https://www.ubereats.com/inland-empire/food-delivery/wienerschnitzel-34852-yucaipa-blvd/px2L6qDoSl6gPmrkzutwQg,mentone-california
https://www.ubereats.com/inland-empire/food-delivery/the-redlands-underground-restaurant-and-bar/wGGrCodWT4abKhv5rB0QYQ,mentone-california
https://www.ubereats.com/inland-empire/food-delivery/dairy-queen-grill-%26-chill-664-e-redlands-blvd/Yv0KYqCWTU6xbLLUwYv3tw,mentone-california
https://www.ubereats.com/inland-empire/food-delivery/the-cookie-plug/SXB2UUFfSl60FO3PyOtkQw,mentone-california
https://www.ubereats.com/inland-empire/food-delivery/panda-star/wvs6aRBvTiKlflFgg0D5QQ,mentone-california
https://www.ubereats.com/inland-empire/food-delivery/panda-express-33475-yucaipa-blvd/fjrC03qCQ1mcXmVc10GeCg,mentone-california
https://www.ubereats.com/inland-empire/food-delivery/the-ice-cream-shop/ArpjiqdsRBKxavk7X-yHMw,mentone-california
https://www.ubereats.com/inland-empire/food-delivery/yogurtland-33694-yucaipa-blvd/5aWWdtIRTgaHvZ4rDu6PeA,mentone-california
https://www.ubereats.com/inland-empire/food-delivery/starbucks-lugonia-%26-wabash/zIoeesWNT8CYXILzgKv6Wg,mentone-california
https://www.ubereats.com/inland-empire/food-delivery/naan-cafe/MIs7eUErTYKKVmty5Sm4bQ,mentone-california
https://www.ubereats.com/inland-empire/food-delivery/miguels-jr-redlands/EV3tQs-ISrysgtd8f8cuBw,mentone-california
https://www.ubereats.com/inland-empire/food-delivery/yogurtland-631-orange-st/pOJeZm8ZQUaX7G_-SHvwiw,mentone-california
https://www.ubereats.com/inland-empire/food-delivery/yogurtland-27511-san-bernardino-ave/NpFS3POfTDaPP5BMyfOIjw,mentone-california
https://www.ubereats.com/inland-empire/food-delivery/el-pollo-loco-1210-w-colton-ave5790/bl-2IuEHRCOkEmTBqWPyYQ,mentone-california
https://www.ubereats.com/inland-empire/food-delivery/queen-bean-caffe/IdraDpUdSySuqWfkfvxzYg,mentone-california
https://www.ubereats.com/inland-empire/food-delivery/ihop-2575-highland-ave/xi5ttCaiTa2YaMdaRK5DZg,mentone-california
https://www.ubereats.com/inland-empire/food-delivery/papa-johns-highland/xwKbMWJpRZ694HZev2C7qw,mentone-california
https://www.ubereats.com/inland-empire/food-delivery/waba-grill-27923-greenspot-road-suite-d/rch79OnET52LDbNSVfvZbA,mentone-california
https://www.ubereats.com/inland-empire/food-delivery/burgerim/hrZHdrhPQmyeHBQhuXdlYQ,mentone-california
https://www.ubereats.com/inland-empire/food-delivery/kung-fu-pho/Rf_Ko2YXQue4tTymfZfWnA,mentone-california
https://www.ubereats.com/inland-empire/food-delivery/kfc-33911-yucaipa-boulevard/NJlvwnLfQnme9fh8hJTZbw,mentone-california
