url,city
https://www.ubereats.com/milwaukee/food-delivery/colectivo-mequon/Hmt-IQeGSCiZMTcWFG04Sw,mequon-wisconsin
https://www.ubereats.com/milwaukee/food-delivery/the-main-mill-main-st/HvGd7RorS1aN3yHQaQRqKA,mequon-wisconsin
https://www.ubereats.com/milwaukee/food-delivery/trysting-place-pub/YNFCKZykQ7aclaaj_6rM1A,mequon-wisconsin
https://www.ubereats.com/milwaukee/food-delivery/crispy-kitchen/oKhe2LWTQQ64qUXU9yw8CA,mequon-wisconsin
https://www.ubereats.com/milwaukee/food-delivery/mr-dyes-pies/FKoJqDgyR1GpxnPK05ckmg,mequon-wisconsin
https://www.ubereats.com/milwaukee/food-delivery/paparazzi-ice-cream-shop/J61W-l8cQva-VNpYLuydjQ,mequon-wisconsin
https://www.ubereats.com/milwaukee/food-delivery/firehouse-subs-brown-deer/-i7J1DIDRHi9UORU1KQGbg,mequon-wisconsin
https://www.ubereats.com/milwaukee/food-delivery/kettas-kitchen/xgpc-GlNSjexpGTWpIiq_Q,mequon-wisconsin
https://www.ubereats.com/milwaukee/food-delivery/zaffiros-pizza-northshore/8Y7rYyKvSt2aRp5aBg2FPQ,mequon-wisconsin
https://www.ubereats.com/milwaukee/food-delivery/jaj-sharks-fish-and-chicken/GW5ecGGLQ4KgRtzi3BaBLA,mequon-wisconsin
https://www.ubereats.com/milwaukee/food-delivery/burger-king-6544-n-76th-st/myzvzHKxSvWuqdY4KBqALA,mequon-wisconsin
https://www.ubereats.com/milwaukee/food-delivery/kfc-n96-w17860-county-line-rd/ly54WHlyT7K9G6jJXHdJeA,mequon-wisconsin
https://www.ubereats.com/milwaukee/food-delivery/captain-ds-7320-good-hope-road/S7yzPCl6QUKzh1oVRgR2fA,mequon-wisconsin
https://www.ubereats.com/milwaukee/food-delivery/mcdonalds-brown-deer-%26-76th-st/RRtSwYioS96S0RsL8_qsrA,mequon-wisconsin
https://www.ubereats.com/milwaukee/food-delivery/ivees-at-main-milwaukee/y65qOyrfS7GCSTnxXYAPfw,mequon-wisconsin
https://www.ubereats.com/milwaukee/food-delivery/kfc-7242-n-teutonia-ave/KSmqEhflSPGC13nE0TeU1Q,mequon-wisconsin
https://www.ubereats.com/milwaukee/food-delivery/kraverz-frozen-custard-mikwaukee/jxjXre5JQA-onM7ivdhtew,mequon-wisconsin
https://www.ubereats.com/milwaukee/food-delivery/buffalo-wild-wings-n96w17990-county-line-rd/VZj09PBtQe2iDUm8AML5VQ,mequon-wisconsin
https://www.ubereats.com/milwaukee/food-delivery/taco-bell-8030-w-brown-deer-road/xTIgpLWGTh6v3AQ9GWmBSA,mequon-wisconsin
https://www.ubereats.com/milwaukee/food-delivery/hidden-kitchen-mke/KfCYomELTOCSw9HMZ7mcVw,mequon-wisconsin
https://www.ubereats.com/milwaukee/food-delivery/quiznos/sLctLvyiS5WWCrkZBw3wKQ,mequon-wisconsin
https://www.ubereats.com/milwaukee/food-delivery/taco-bell-4143-north-76th-street/JMNw9SVkQ4SRpePfuDkWDQ,mequon-wisconsin
https://www.ubereats.com/milwaukee/food-delivery/taco-bell-5441-n-lovers-lane-rd/g9YFNg4tTM2Gr7XJi-LZZA,mequon-wisconsin
https://www.ubereats.com/milwaukee/food-delivery/starbucks-west-mequon-%26-port-washington/LWzE3ZnnRz6mCp4dNlFUPA,mequon-wisconsin
https://www.ubereats.com/milwaukee/food-delivery/kettas-kitchen-llc/MPCv3sN-ReOdGUSHjZ2LNQ,mequon-wisconsin
https://www.ubereats.com/milwaukee/food-delivery/papa-murphys-w156n5530-pilgrim-road-suite-c/K616i255QFiBMrtm4uE1TQ,mequon-wisconsin
https://www.ubereats.com/milwaukee/food-delivery/applebees-w180-n9469-premier-lane/uSODV2NFQw-YRiUt104Bxg,mequon-wisconsin
https://www.ubereats.com/milwaukee/food-delivery/hong-kong-express/UiN-98SuRzmpkT1JlW5ilg,mequon-wisconsin
https://www.ubereats.com/milwaukee/food-delivery/starbucks-76th-%26-good-hope/WXrQZ3vbQeixonZ70AMrDw,mequon-wisconsin
https://www.ubereats.com/milwaukee/food-delivery/starbucks-county-line-road-%26-appleton/rYVmXafgQj2tBo8VFRjI4g,mequon-wisconsin
https://www.ubereats.com/milwaukee/food-delivery/j%26j-fish-and-chicken-76th-st/5nY_74s3Rf2IQffvYVv05w,mequon-wisconsin
https://www.ubereats.com/milwaukee/food-delivery/mcdonalds-appleton-%26-pilgrim/BzQSYggfT3uppkOueLvsmg,mequon-wisconsin
https://www.ubereats.com/milwaukee/food-delivery/manhattan-mocha-cafe/y3gE_tfQTcOHtTgKPmV1PQ,mequon-wisconsin
https://www.ubereats.com/milwaukee/food-delivery/dunkin-7272-n-76th-st/0c_t1gBTTh-uzAfP6qRlTw,mequon-wisconsin
https://www.ubereats.com/milwaukee/food-delivery/potbelly-sandwich-shop-shoppers-world-%7C-112/H1WYAJNORq-Q8DeGtsL8pQ,mequon-wisconsin
https://www.ubereats.com/milwaukee/food-delivery/popeyes-louisiana-kitchen-7525-w-good-hope-rd/sXjbzfBHQSW2eXXy3JBtqQ,mequon-wisconsin
https://www.ubereats.com/milwaukee/food-delivery/qdoba-8789-n-port-washington-road/6FUjSb-mSi6_LqIxJxFJ3w,mequon-wisconsin
https://www.ubereats.com/milwaukee/food-delivery/rocky-rococos/0y45Fo0qToyDVv76if1IkA,mequon-wisconsin
https://www.ubereats.com/milwaukee/food-delivery/point-burger-bar-good-hope-rd/gZwwXQRnRvimQMfi5evgRQ,mequon-wisconsin
https://www.ubereats.com/milwaukee/food-delivery/kurt-schulz-delicatessen-%26-restaurant-mikwaukee/vggXrgrQShSn-qGwOabGhg,mequon-wisconsin
https://www.ubereats.com/milwaukee/food-delivery/taco-bell-11511-n-port-washington-rd/9ewQBtKdTY-MnISGIApYZg,mequon-wisconsin
https://www.ubereats.com/milwaukee/food-delivery/greens-%26-things-llc/WQ5uGpY7St--V_yqMnC2YA,mequon-wisconsin
https://www.ubereats.com/milwaukee/food-delivery/pho-one24/2bzAAreKQZ-vIhlc_fawPg,mequon-wisconsin
https://www.ubereats.com/milwaukee/food-delivery/taco-bell-5560-port-washington-rd-n/uaJe078aTaeP7ANBQhXjyw,mequon-wisconsin
https://www.ubereats.com/milwaukee/food-delivery/mcdonalds-mequon-%26-legend/Ve9wqTvoQb20KRRGAC-N5w,mequon-wisconsin
https://www.ubereats.com/milwaukee/food-delivery/noodles-%26-company-w-176-n-9336-rivercrest-dr/xCaFEL1JShSICcs_nXvTgQ,mequon-wisconsin
https://www.ubereats.com/milwaukee/food-delivery/china-kitchen/dFW2jxyaRyicP4FlhdkYPQ,mequon-wisconsin
https://www.ubereats.com/milwaukee/food-delivery/el-tenampa-mexican-grill/5vWjSAQ6R0WgcSravkXAXg,mequon-wisconsin
https://www.ubereats.com/milwaukee/food-delivery/falafel-guys/mGtkeOtdQuOGfrauGcIRBw,mequon-wisconsin
https://www.ubereats.com/milwaukee/food-delivery/mcdonalds-w62n270-washington-st/clYaImS6RDC7S_po-urxcA,mequon-wisconsin
https://www.ubereats.com/milwaukee/food-delivery/pluto-nile/kBXU25LHQq-t36FGnX7Hwg,mequon-wisconsin
https://www.ubereats.com/milwaukee/food-delivery/noodles-%26-company-10942-n-port-washington-rd/rJa2VoMMQg6IUpsH3Lsk3A,mequon-wisconsin
https://www.ubereats.com/milwaukee/food-delivery/papa-johns-n80-w-14910-appleton-ave/st6rOKeNT0a21eVPErENqQ,mequon-wisconsin
https://www.ubereats.com/milwaukee/food-delivery/express-gyros/8qynPOpqRQSVu6K39T_nig,mequon-wisconsin
https://www.ubereats.com/milwaukee/food-delivery/sobelmans-pub-and-grill-northshore/YPW8X8bLSOGSYOiS4lorPw,mequon-wisconsin
https://www.ubereats.com/milwaukee/food-delivery/kfc-5444-north-lovers-lane/Mgh_h0qSRHiVYc9DA1DMjg,mequon-wisconsin
https://www.ubereats.com/milwaukee/food-delivery/mama-nanas-pick-mar-restaurant/KhD53bH9RJCdjrvNhIkCew,mequon-wisconsin
https://www.ubereats.com/milwaukee/food-delivery/o-so-good/Ph-SBzirT2iieh2R6H4tbg,mequon-wisconsin
https://www.ubereats.com/milwaukee/food-delivery/subway-w62n-202-washington-ave/DGKxyVJdSXy7Ba7JLe1HoQ,mequon-wisconsin
https://www.ubereats.com/milwaukee/food-delivery/ihop-brown-deer/uJdTeNNvSzW5iYpidNDBdQ,mequon-wisconsin
https://www.ubereats.com/milwaukee/food-delivery/yen-ching-milwaukee/vZKgBS2QSY2FzRir7G7FaQ,mequon-wisconsin
https://www.ubereats.com/milwaukee/food-delivery/immys-african-cuisine/GKRkBiYNQ5y9z-o0VNHSbw,mequon-wisconsin
https://www.ubereats.com/milwaukee/food-delivery/taco-bell-n96w17802-county-line-rd/9OWoWj2xTMqHWQzBs3IQYQ,mequon-wisconsin
https://www.ubereats.com/milwaukee/food-delivery/chipotle-mexican-grill-3705-n-124th-st-ste-200/XHt9YK1YQa-XrWoNULoQzw,mequon-wisconsin
https://www.ubereats.com/milwaukee/food-delivery/african-kitchen-%26-subs/KdCQM1FxQ3yLw0e4gm4IPA,mequon-wisconsin
https://www.ubereats.com/milwaukee/food-delivery/starbucks-port-washington-%26-brown-deer/jYb6UDs1R2GqeBrNl9F1aA,mequon-wisconsin
https://www.ubereats.com/milwaukee/food-delivery/park-place-cafe/qkglfWVRSHu4FKYuJiOagw,mequon-wisconsin
https://www.ubereats.com/milwaukee/food-delivery/california-pizza-kitchen-5665-north-centerpark-way-unti-n-141/k38SkDFfTKSdYV982ZisiQ,mequon-wisconsin
https://www.ubereats.com/milwaukee/food-delivery/honeys-keto-cuisine/gfo1RzxSSTWpluSLGbPyRQ,mequon-wisconsin
https://www.ubereats.com/milwaukee/food-delivery/mcdonalds-teutonia-%26-good-hope/jjl0cZ5pSEmdd6eWnhKThw,mequon-wisconsin
https://www.ubereats.com/milwaukee/food-delivery/pizza-crafters/4nK7jiwvQBaF4af9xGrldg,mequon-wisconsin
https://www.ubereats.com/milwaukee/food-delivery/happy-dough-lucky/YUqwOUszSAOKRykiWhSNvA,mequon-wisconsin
https://www.ubereats.com/milwaukee/food-delivery/taco-bell-12405-w-lisbon-rd/BtVZDsx2QAaCpl0IMxVysw,mequon-wisconsin
https://www.ubereats.com/milwaukee/food-delivery/taco-bell-5751-west-fon-du-lac/QXGvVXR7SHK_zrxKKJORxw,mequon-wisconsin
https://www.ubereats.com/milwaukee/food-delivery/chubbys-cheesesteaks-124th-st-%26-feerick/8Sm362hWRgqBC6IaW33J9A,mequon-wisconsin
https://www.ubereats.com/milwaukee/food-delivery/subway-6021-w-mequon-rd/ZyRtimaqQ1OY7dTYXjjZqA,mequon-wisconsin
https://www.ubereats.com/milwaukee/food-delivery/dennys-8001-w-brown-deer-rd/b3fGbGbkTdOj9crFTwZj5A,mequon-wisconsin
https://www.ubereats.com/milwaukee/food-delivery/greens-%26-things-llc/d1kjJV8dQZaELMb4RPNExw,mequon-wisconsin
https://www.ubereats.com/milwaukee/food-delivery/cracker-barrel-old-country-store-9778-rivercrest-dr/nfMSJ_xYRrag4R7RUhcESQ,mequon-wisconsin
https://www.ubereats.com/milwaukee/food-delivery/bowls-mequon/sytYiuFHSW6OYustAQEciw,mequon-wisconsin
https://www.ubereats.com/milwaukee/food-delivery/papa-murphys-n95-w18407-county-line-road/jNNBgR3oQn2mOpmkb8IO3A,mequon-wisconsin
https://www.ubereats.com/milwaukee/food-delivery/perkins-boyz-on-tha-grill-llc/BkrMVVUhS3ays4P2Pi7vZw,mequon-wisconsin
https://www.ubereats.com/milwaukee/food-delivery/qdoba-n95-w18181-appleton-ave/0GJ8xlQ7QkOwit9KsT_f8g,mequon-wisconsin
https://www.ubereats.com/milwaukee/food-delivery/starbucks-washington-%26-lincoln/2oXSXGfYRAe7J3lQ7CNC7g,mequon-wisconsin
https://www.ubereats.com/milwaukee/food-delivery/colectivo-grafton/3kJiVCu2R4iaqYHC46fXxg,mequon-wisconsin
https://www.ubereats.com/milwaukee/food-delivery/chipotle-mexican-grill-w176n9360-river-crest-dr/ptulEryzS-ex3uvC6DDMxQ,mequon-wisconsin
https://www.ubereats.com/milwaukee/food-delivery/screaming-tuna/myXK8IlmROWUcU1n_epStg,mequon-wisconsin
https://www.ubereats.com/milwaukee/food-delivery/papa-johns-brown-deer/mu0xf-WHQIm-7Da80hlT4Q,mequon-wisconsin
https://www.ubereats.com/milwaukee/food-delivery/the-bay/chnuS2T8R1uujb_uPSdUwg,mequon-wisconsin
https://www.ubereats.com/milwaukee/food-delivery/potbelly-sandwich-shop-bayshore-mall-%7C-109/PzPGDzM0RoWOv2Av7svxfA,mequon-wisconsin
https://www.ubereats.com/milwaukee/food-delivery/zaza-steak-and-lemonade/bSKRitrzReSBa2EMOSRyGA,mequon-wisconsin
https://www.ubereats.com/milwaukee/food-delivery/popeyes-louisiana-kitchen-6120-w-silver-spring-dr/Z5dQnvs3QyeSEZVHPGxIOw,mequon-wisconsin
https://www.ubereats.com/milwaukee/food-delivery/qdoba-12345-w-capitol-drive/6CZe73DCSTu0AfikXD6BFg,mequon-wisconsin
https://www.ubereats.com/milwaukee/food-delivery/8900-bistro/qJ9nPbxbS_6UCyy2JJHNHQ,mequon-wisconsin
https://www.ubereats.com/milwaukee/food-delivery/champion-chicken/KJlTFfC3SECvMlPK2XmFkQ,mequon-wisconsin
https://www.ubereats.com/milwaukee/food-delivery/cafe-zupas-n91-w15909-falls-parkway/cUlLITHzRNOYKINYw_2YSQ,mequon-wisconsin
https://www.ubereats.com/milwaukee/food-delivery/k-%26-d-hot-eatz/k8ms-930TpKBEhmblVBlcA,mequon-wisconsin
