url,city
https://www.ubereats.com/boise/food-delivery/happy-teriyaki-nampa-caldwell-blvd/0sn595IBTjGjLSty1BUNmQ,meridian-idaho
https://www.ubereats.com/boise/food-delivery/firehouse-subs-meridian/k3jVEYy5ThiyXZiXCeZRZw,meridian-idaho
https://www.ubereats.com/boise/food-delivery/chick-fil-a-2012-n-eagle-rd/FwZyk2DkRramrMsNVF99Fw,meridian-idaho
https://www.ubereats.com/boise/food-delivery/the-original-sunrise-cafe/dEa2sCgKSX6fxNz5d26E9A,meridian-idaho
https://www.ubereats.com/boise/food-delivery/schnitzel-garten/NFyBSyOuQm-NS-xQd-n6Pw,meridian-idaho
https://www.ubereats.com/boise/food-delivery/black-rock-coffee-2499-e-fairview-ave/N-h0oZ1tTMWixBMR24JRcA,meridian-idaho
https://www.ubereats.com/boise/food-delivery/papa-murphys-pizza-3317-west-cherry-lane/HsZ5KEDZTHqOAGKAEYYS_w,meridian-idaho
https://www.ubereats.com/boise/food-delivery/subway-5001-n-ten-mile-rd/7ZjENeTWR0CZcC0zrcnCgw,meridian-idaho
https://www.ubereats.com/boise/food-delivery/arbys-7190/uqaR3HPlSuiKl239hGSs2A,meridian-idaho
https://www.ubereats.com/boise/food-delivery/sofias-greek-bistro/t_CZwEolRwWjoQ_B-9PU7Q,meridian-idaho
https://www.ubereats.com/boise/food-delivery/chipotle-mexican-grill-205-n-milwaukee-st/NBUpgApdT7aqmWboZfENkw,meridian-idaho
https://www.ubereats.com/boise/food-delivery/red-lobster-550-n-milwaukee-street/5Lw1PuvSQs2FTRDlVmpAaQ,meridian-idaho
https://www.ubereats.com/boise/food-delivery/blaze-pizza-16375-n-merchant-way-suite-170/ct5LpVPaSdKe6GzC6YBTBA,meridian-idaho
https://www.ubereats.com/boise/food-delivery/la-creme-frozen-yogurt-overland-road/9_zb1-llSTaxaCyUSNkDfg,meridian-idaho
https://www.ubereats.com/boise/food-delivery/el-tenampa-906-north-main-street/u3f6eMVvTL-HiKVgaeZ70A,meridian-idaho
https://www.ubereats.com/boise/food-delivery/homestead-bar-and-grill/1xS65SaXTGyZxhjTq4wpqQ,meridian-idaho
https://www.ubereats.com/boise/food-delivery/mcdonalds-1460-west-chinden-boulevard/TtOAtQA-QJi1cB8h1HEU2A,meridian-idaho
https://www.ubereats.com/boise/food-delivery/divine-wine-cork-and-fork/_WYdYSuAS2OMpaimitjGYQ,meridian-idaho
https://www.ubereats.com/boise/food-delivery/marsh-cookies/2Zg0uyU5Te-hSboV65UteA,meridian-idaho
https://www.ubereats.com/boise/food-delivery/papa-murphys-pizza-4626-north-eagle-road/lvgV6K3wSOuUzVFNUEN_tQ,meridian-idaho
https://www.ubereats.com/boise/food-delivery/starbucks-milwaukee-%26-overland-boise/hheU_1v2TqmvGkwUi9lLxw,meridian-idaho
https://www.ubereats.com/boise/food-delivery/ram-restaurant-%26-brewery-meridian-id/QsEIp879S_a8aC36n9atzw,meridian-idaho
https://www.ubereats.com/boise/food-delivery/outback-steakhouse-7189-overland-rd/theBr28TQoqo7cjpS0wDaA,meridian-idaho
https://www.ubereats.com/boise/food-delivery/the-human-bean-1635-n-meridian-rd/NHzTSSwcRACJGBeJ14__FQ,meridian-idaho
https://www.ubereats.com/boise/food-delivery/season-wok-restaurant/w5N5LXMXQDON5cvu9jHZog,meridian-idaho
https://www.ubereats.com/boise/food-delivery/good-burger-boise-towne-square-mall/XFozlHGVTKmipRBH5lFqIw,meridian-idaho
https://www.ubereats.com/boise/food-delivery/subway-663-s-main-st/dKTJx8ynQZe-IznMNV1ufg,meridian-idaho
https://www.ubereats.com/boise/food-delivery/el-tenampa/6Zrc7aIXQJSWSeC9UrD9sg,meridian-idaho
https://www.ubereats.com/boise/food-delivery/red-bench-pizza-eagle/M_Wo5cOnTfOwpwOOZMNEBQ,meridian-idaho
https://www.ubereats.com/boise/food-delivery/arbys-8654/ZHYHjYzrTDyf06SIozoohw,meridian-idaho
https://www.ubereats.com/boise/food-delivery/good-n-healthy/yBabuTgNRd-Oyaocrm92Zw,meridian-idaho
https://www.ubereats.com/boise/food-delivery/panda-express-1500-north-eagle-rd/82f3c6fjQSOvj5Mdb-NSnQ,meridian-idaho
https://www.ubereats.com/boise/food-delivery/costa-vida-fresh-mexican-grill-3340-n-eagle-rd/On3y_e6_Qr2DtCd5BXZrCA,meridian-idaho
https://www.ubereats.com/boise/food-delivery/sams-place/cZ3GP_pcSNWBhf5Oduspjg,meridian-idaho
https://www.ubereats.com/boise/food-delivery/burger-king-300-east-fairview/SvaAtSw9RMqb7-1iZ8lfpg,meridian-idaho
https://www.ubereats.com/boise/food-delivery/arbys-6972/kQ-DLPXeQ8OfawxPO32VYw,meridian-idaho
https://www.ubereats.com/boise/food-delivery/cold-stone-creamery-1238-caldwell-blvd/DNTc5JZbQNCHsx9FmP8Dow,meridian-idaho
https://www.ubereats.com/boise/food-delivery/jack-in-the-box-6300-n-eagle-rd/faxlRoiSRNqn_wtwOczL3A,meridian-idaho
https://www.ubereats.com/boise/food-delivery/ramen-sho/sM512Tm1QwWALEJ7AbRQjQ,meridian-idaho
https://www.ubereats.com/boise/food-delivery/deja-brew-laugh-a-latte/pBGHCMqkQuWFbzeoe1sJxg,meridian-idaho
https://www.ubereats.com/boise/food-delivery/black-rock-coffee-12067-ustick-rd/67rNyiQdQTSi3Sb47BFA2Q,meridian-idaho
https://www.ubereats.com/boise/food-delivery/moxie-java-parent/wNPoxssPTuqD3aAuIb1hvA,meridian-idaho
https://www.ubereats.com/boise/food-delivery/sa-wad-dee-thai-restaurant/HzzLoZuHQp6hzSbDCoiiqg,meridian-idaho
https://www.ubereats.com/boise/food-delivery/paddles-up-poke-mcmillan/2lh70UNRSrKiq4MD83UM5g,meridian-idaho
https://www.ubereats.com/boise/food-delivery/applebees-2810-w-elder-street-%2384026/knwgHEMaTXatfa_gHBvL3g,meridian-idaho
https://www.ubereats.com/boise/food-delivery/sizzler-501-caldwell-blvd/e21X3hJ0SqORXhzA0K6jJw,meridian-idaho
https://www.ubereats.com/boise/food-delivery/the-creperie-cafe/hW9ImN3ORIeny9R2jIJH5g,meridian-idaho
https://www.ubereats.com/boise/food-delivery/flying-pie-pizzaria/d4nvUCXnSXqxupKAkBn4-g,meridian-idaho
https://www.ubereats.com/boise/food-delivery/mesa-tacos-%26-tequila/vm1WIvbvQhOikLXWJehYhw,meridian-idaho
https://www.ubereats.com/boise/food-delivery/burger-king-4051-e-fairview-ave/WpxVykT6SXeIhsfBerRoKw,meridian-idaho
https://www.ubereats.com/boise/food-delivery/earl-of-sandwich/U76T4G14QIuyjIVPTteb5g,meridian-idaho
https://www.ubereats.com/boise/food-delivery/boise-co-op/O3Uoqm4CRsGvUOcJMZCbWg,meridian-idaho
https://www.ubereats.com/boise/food-delivery/mcdonalds-3251-e-ustick-rd/uocYFZ4iQ2iB5RkNER9LaQ,meridian-idaho
https://www.ubereats.com/boise/food-delivery/burger-king-8378-w-overland-rd/D_dK_6DLQ7C1jcr_KQ5_lQ,meridian-idaho
https://www.ubereats.com/boise/food-delivery/the-human-bean-2480-e-gala-st/5ZyXLJEqRZSoyDV6tUhgOA,meridian-idaho
https://www.ubereats.com/boise/food-delivery/baskin-robbins-1394-w-chinden-blvd/zLrJPC_XTem4LZUZ84gu-w,meridian-idaho
https://www.ubereats.com/boise/food-delivery/dickeys-barbecue-pit-6708-n-glenwood-st/vjnVY-YkRAmMo3nWThVdXg,meridian-idaho
https://www.ubereats.com/boise/food-delivery/happy-teriyaki-eagle/t_rkWbINSnaY5mIyxD8mEA,meridian-idaho
https://www.ubereats.com/boise/food-delivery/port-of-subs-722-n-benjamin-ln/GiMXmSKJRUOsmlb7Q6upHg,meridian-idaho
https://www.ubereats.com/boise/food-delivery/the-gyro-shack-meridian-fairview/cXFFmPK6Q6OCpkOrEy7YDQ,meridian-idaho
https://www.ubereats.com/boise/food-delivery/biscuit-%26-hogs-west/xtzQdI6jS-CkAIYrpI2-rA,meridian-idaho
https://www.ubereats.com/boise/food-delivery/bangkok-thai-restaurant/ZqhQYLekS1i6hFxMTp64zg,meridian-idaho
https://www.ubereats.com/boise/food-delivery/taco-bell-8109-chinden-blvd/QxQ5UsGfSougfcAgUU6-jA,meridian-idaho
https://www.ubereats.com/boise/food-delivery/los-mariachis-meridian/yMCeFIhaQBGgyN4-hkM_ag,meridian-idaho
https://www.ubereats.com/boise/food-delivery/new-york-richies-pizza-and-sandwiches/ZXAZbih1TqebhGb6GAo74Q,meridian-idaho
https://www.ubereats.com/boise/food-delivery/grants-neighborhood-grill/JwUkD2qGTG6x9H7VEvcBLw,meridian-idaho
https://www.ubereats.com/boise/food-delivery/subway-3030-e-magic-view-dr/NjfRyWhDRd-3oWjapS22OQ,meridian-idaho
https://www.ubereats.com/boise/food-delivery/edge-brewing-co/PYVCpoLYQLyTiX4kTItisg,meridian-idaho
https://www.ubereats.com/boise/food-delivery/the-human-bean-10015-w-state-st/HQb6ZM5zQKWd1pSyI17VDw,meridian-idaho
https://www.ubereats.com/boise/food-delivery/burger-king-6350-north-discovery-way/AvkPISbmSl2SHCkL7I_aog,meridian-idaho
https://www.ubereats.com/boise/food-delivery/subway-1890-e-fairview-ave/9RpgfdY0QIuWmtYBcZapSQ,meridian-idaho
https://www.ubereats.com/boise/food-delivery/sonic-1535-celebration-avenue/nmTN8IOtToChIu2n1xu_pA,meridian-idaho
https://www.ubereats.com/boise/food-delivery/10-barrel-brewing-co-boise/3PP_LEsMQDe7GtO580zHPA,meridian-idaho
https://www.ubereats.com/boise/food-delivery/quinns-restaurant-%26-lounge/JjLgv9W7Q1Wi_rigVnoGRQ,meridian-idaho
https://www.ubereats.com/boise/food-delivery/cafe-crane/dt-NqJ71TyqF6DemEgnh5Q,meridian-idaho
https://www.ubereats.com/boise/food-delivery/mcdonalds-4412-garrity-blvd/ITUVStD5QMaJ-GxnY1UNzw,meridian-idaho
https://www.ubereats.com/boise/food-delivery/tangos-subs-and-empanadas/MRRfIQuuT8yu9CQgJuJ8Aw,meridian-idaho
https://www.ubereats.com/boise/food-delivery/mcdonalds-9804-fairview-ave/skY9mzHITGCJnavwx9sJ3w,meridian-idaho
https://www.ubereats.com/boise/food-delivery/happy-fish-sushi/BBSncpslStCITVX-SRF7Iw,meridian-idaho
https://www.ubereats.com/boise/food-delivery/mod-pizza-boise-town-square/18cB04aHQbSWagrSxM6IDw,meridian-idaho
https://www.ubereats.com/boise/food-delivery/subway-795-w-overland-rd/3Wv3Q8XhRU-9-GzWo4FBiw,meridian-idaho
https://www.ubereats.com/boise/food-delivery/the-habit-burger-grill-16291-n-marketplace-blvd/Ek5noiucS9i1aEEvKtZMXg,meridian-idaho
https://www.ubereats.com/boise/food-delivery/the-original-sunrise-cafe/qPkfDuhVSeW6cY_tH7bJ9A,meridian-idaho
https://www.ubereats.com/boise/food-delivery/chipotle-mexican-grill-7610-w-state-street-suite-110/7uYGSbPhTu2XzD-mQOxsnQ,meridian-idaho
https://www.ubereats.com/boise/food-delivery/brixx-craft-house/zquA5A3oR2Kd2l80fj-cow,meridian-idaho
https://www.ubereats.com/boise/food-delivery/taco-bell-645-s-main-st/88kmRSaNQUW2rNVxFymByQ,meridian-idaho
https://www.ubereats.com/boise/food-delivery/red-robin-346-1475-north-eagle-rd/bIDVHXOYRR2FhzprUTTFNQ,meridian-idaho
https://www.ubereats.com/boise/food-delivery/johnnys-pizza/FL2STmsbRf-a58h0fINU7Q,meridian-idaho
https://www.ubereats.com/boise/food-delivery/taco-bell-7070-overland-road/PDVBNY43S5OLgG1JeqGfew,meridian-idaho
https://www.ubereats.com/boise/food-delivery/subway-6700-n-linder-rd/-0pYJiZ5S3Cln6wNlVtl1g,meridian-idaho
https://www.ubereats.com/boise/food-delivery/carniceria-coalcoman/j4uaTKp9S3a0leNcKTsKHQ,meridian-idaho
https://www.ubereats.com/boise/food-delivery/cold-stone-creamery-1400-n-eagle-rd/Ii00ROgoTy2iyHfE4oWMIA,meridian-idaho
https://www.ubereats.com/boise/food-delivery/mrs-fields-cookies/TCKc265vRJCZKJ0AzT-xTA,meridian-idaho
https://www.ubereats.com/boise/food-delivery/red-robin-221-2222-cassia-st/tpI-XjptT3ahmXY00Rh4-A,meridian-idaho
https://www.ubereats.com/boise/food-delivery/jalapenos-bar-%26-grill/zCvCk85eTQS5b3mEwr_Nfw,meridian-idaho
https://www.ubereats.com/boise/food-delivery/dairy-queen-treat-107-e-water-tower/FXzgoDXGS1mit2RU2HirNQ,meridian-idaho
https://www.ubereats.com/boise/food-delivery/pita-pit-1007-s-broadway-ave/S8IJo5EBS_uIvgzLCXiyZw,meridian-idaho
https://www.ubereats.com/boise/food-delivery/cafe-zupas-1709-caldwell-blvd/i-ZRcRPgRUKWtHmFE8SbHg,meridian-idaho
https://www.ubereats.com/boise/food-delivery/pastry-perfection/XEqPCzicSMeUadPVv5j0FA,meridian-idaho
https://www.ubereats.com/boise/food-delivery/cafe-yumm!-eagle/2SSgYMBzS9iGOOIFE8oRKg,meridian-idaho
https://www.ubereats.com/boise/food-delivery/city-buffet/Cxl2WwkMRlqqEv02UUh8GA,meridian-idaho
https://www.ubereats.com/boise/food-delivery/popeyes-1325-n-happy-valley-rd/Nr_PKTyqTy-9lcz3v29z6w,meridian-idaho
https://www.ubereats.com/boise/food-delivery/izumi-japanese-steak-house/jTAf5P3BRQO1Q0hZFlIzAg,meridian-idaho
https://www.ubereats.com/boise/food-delivery/golden-corral-8460-w-emerald-st/LW0F4VPSQlC3a1lz_TA81w,meridian-idaho
https://www.ubereats.com/boise/food-delivery/meridian-dk-donuts/k-adyONeRjaDqtELq8K9Pg,meridian-idaho
https://www.ubereats.com/boise/food-delivery/willi-bs-saloon/_73p9SZ1SBWBF8WtHnOv9g,meridian-idaho
https://www.ubereats.com/boise/food-delivery/dennys-2580-airport-way/FyfHpkKGTde7EYpcDt_JCA,meridian-idaho
https://www.ubereats.com/boise/food-delivery/del-taco-3101-e-magic-view-dr/xgwJhnlIQPmeWDIaazz65A,meridian-idaho
https://www.ubereats.com/boise/food-delivery/jakers-bar-and-grill-meridian/gpJe-EJBSDOD1rvILV0Z5w,meridian-idaho
https://www.ubereats.com/boise/food-delivery/the-goodness-land/TgtID3hZTTKvqYGAWfeaEA,meridian-idaho
https://www.ubereats.com/boise/food-delivery/moxie-java-garden-city/nzc-lxSLQVaigox2I0Zj1Q,meridian-idaho
https://www.ubereats.com/boise/food-delivery/the-human-bean-10771-lake-hazel-rd/SUjpDOKOTn6QdMoHbqgIRQ,meridian-idaho
https://www.ubereats.com/boise/food-delivery/krispy-kreme-1525-north-eagle-rd/jSZtvfYxRSeDGQ2kkygFZQ,meridian-idaho
https://www.ubereats.com/boise/food-delivery/the-tortilla-factory-mexican-grill/NjdkdQn8TtO1X8kAjXHK_Q,meridian-idaho
https://www.ubereats.com/boise/food-delivery/panda-express-1435-n-happy-valley-rd/0Ofr46oFSYSfHYmvdq10Sg,meridian-idaho
https://www.ubereats.com/boise/food-delivery/blue-toro/JROMPvT1QwO3kx4N4CD5Cg,meridian-idaho
https://www.ubereats.com/boise/food-delivery/antigua-coffee-company/z7sVXGG-QzeDezNV2iTGYA,meridian-idaho
https://www.ubereats.com/boise/food-delivery/jersey-mikes-subs-7610-w-state-st-%23120/ZMgdbX8ERzKUu59hV-jFDg,meridian-idaho
https://www.ubereats.com/boise/food-delivery/quik-wok/xsjqo7XpSLKHhgu1a1NzkA,meridian-idaho
https://www.ubereats.com/boise/food-delivery/sonic-16274-n-market-place-blvd/3kuYNNiJRlOkNXplWLCvhw,meridian-idaho
https://www.ubereats.com/boise/food-delivery/dairy-queen-treat-10264-overland-rd/Jngt6RCuSOGL05YwL5GQpQ,meridian-idaho
https://www.ubereats.com/boise/food-delivery/tropical-smoothie-cafe-calderwood-park/k8rSVeciSbKrFnxpPW5yVw,meridian-idaho
https://www.ubereats.com/boise/food-delivery/sonic-8777-w-overland-road/YZEiABlSQH6GVA29SdkIjQ,meridian-idaho
https://www.ubereats.com/boise/food-delivery/costa-vida-fresh-mexican-grill-1850-caldwell-blvd/42DO9To6Tw28QB1RhQgfhg,meridian-idaho
https://www.ubereats.com/boise/food-delivery/five-guys-id-0441-1587-n-milwaukee-st/E-VyNm86QQ6gC4uUC1vMLg,meridian-idaho
https://www.ubereats.com/boise/food-delivery/starbucks-i-84-%26-garrity-blvd-id/G8Di3IYCRhm6btT9_4ulRQ,meridian-idaho
https://www.ubereats.com/boise/food-delivery/taco-bell-6521-fairview-ave/0NpgxYHGS2ydLtABskZCmQ,meridian-idaho
https://www.ubereats.com/boise/food-delivery/matador-meridian/-zyqGZxhRuuvW8B4orbRsQ,meridian-idaho
https://www.ubereats.com/boise/food-delivery/baskin-robbins-4740-w-state-st/8g2vB2PFTAOydPMT8SEc_g,meridian-idaho
https://www.ubereats.com/boise/food-delivery/flying-pie-pizzaria/RkLrgja2QyeFwvbz5vCXqw,meridian-idaho
https://www.ubereats.com/boise/food-delivery/papa-murphys-pizza-1330-east-fairview-avenue/TvnKkS42SJmF4bcEapv2gQ,meridian-idaho
https://www.ubereats.com/boise/food-delivery/buffalo-wild-wings-3223-e-louise-dr/aLj7cPGPQTq9SaOUg1nErw,meridian-idaho
https://www.ubereats.com/boise/food-delivery/port-of-subs-5844-e-franklin-rd/Apo_UU55QB2sCoZZM5mJaQ,meridian-idaho
https://www.ubereats.com/boise/food-delivery/mcdonalds-3100-e-magic-view-dr/irjOLvQuRTqFt_BVKiyIPg,meridian-idaho
https://www.ubereats.com/boise/food-delivery/the-sandbar/7GhydvQqSlGztI5jd6ZA4g,meridian-idaho
https://www.ubereats.com/boise/food-delivery/the-original-sunrise-cafe/ff8iW9eIR3-o-EXBGYaqqQ,meridian-idaho
https://www.ubereats.com/boise/food-delivery/biscuit-%26-hogs/LnRhZAZ2TZaHy6il3jTA_A,meridian-idaho
https://www.ubereats.com/boise/food-delivery/twigs-bistro-and-martini-bar3690-e-monarch-sky-ln/mPaxo8z8S3eWjhWaaCe1uA,meridian-idaho
https://www.ubereats.com/boise/food-delivery/del-taco-8687-west-overland-rd/D-s6kuGkSRaJWZrWDzqhYA,meridian-idaho
https://www.ubereats.com/boise/food-delivery/california-mexican-food/Myl7nwWNTX62TuOqdbEJUg,meridian-idaho
https://www.ubereats.com/boise/food-delivery/cracker-barrel-old-country-store-16853-n-marketplace-blvd/W2LGoQtRT1W73rZbvayxmw,meridian-idaho
https://www.ubereats.com/boise/food-delivery/jamba-juice-350-n-milwaukee-st/XvaGfO9WQXe1tAW8pyjb-w,meridian-idaho
https://www.ubereats.com/boise/food-delivery/papa-murphys-pizza-10545-overland-road/PfAXmQuATfWtmrwu8jb6qQ,meridian-idaho
https://www.ubereats.com/boise/food-delivery/sonic-851-n-orchard/rKPsCYkfT_qdRC2qDcDHpQ,meridian-idaho
https://www.ubereats.com/boise/food-delivery/panda-express-7804-overland-drive/vym_rFWNRPeG1kBwPUvbQw,meridian-idaho
https://www.ubereats.com/boise/food-delivery/happy-teriyaki-nampa-idaho-center/RcJWam20RZGkpWV8VblhHA,meridian-idaho
https://www.ubereats.com/boise/food-delivery/taco-bell-985-n-meridian-road/oMbRh8_pSNqVIfeVr1AT3w,meridian-idaho
https://www.ubereats.com/boise/food-delivery/jon-smith-subs/Qv-szJF7QN6hVOTY7Ngn_A,meridian-idaho
https://www.ubereats.com/boise/food-delivery/jack-in-the-box-3010-e-goldstone-dr-unit-e/QLd2t_4QSzmVJnMYevyk0w,meridian-idaho
https://www.ubereats.com/boise/food-delivery/mongolian-bbq8037-w-fairview-ave/JJLejavBSRu2HHRwZTMqrg,meridian-idaho
https://www.ubereats.com/boise/food-delivery/la-creme-frozen-yogurt-monarch-sky/51zgCK5NTAK5AmJoqgQdeA,meridian-idaho
https://www.ubereats.com/boise/food-delivery/dennys-607-northside-blvd/yEnaiTRlTcO72467lH1AZw,meridian-idaho
https://www.ubereats.com/boise/food-delivery/cafe-ole/J0y1yCLdSL2cV0fW3zMjIQ,meridian-idaho
https://www.ubereats.com/boise/food-delivery/starbucks-meridian-and-overland-meridi/VF-jNYlORZa86z7GOgUtfw,meridian-idaho
https://www.ubereats.com/boise/food-delivery/old-chicago-33-350-north-milwaukee-%231017/bWns-G8_STSK56NHu6pZ5Q,meridian-idaho
https://www.ubereats.com/boise/food-delivery/chipotle-mexican-grill-2126-n-eagle-rd-ste-100/URVKXt2oQkCJ1m8-yU3dYw,meridian-idaho
https://www.ubereats.com/boise/food-delivery/mcdonalds-1710-e-fairview-ave/DHpx0dO9R1W4ANg9hw4LHg,meridian-idaho
https://www.ubereats.com/boise/food-delivery/bad-boy-burgers-2/15XsJil9T_mJWlLp7Nc4MA,meridian-idaho
https://www.ubereats.com/boise/food-delivery/dennys-3155-e-fairview-avenue/bbeMjscwTm-x0Rk2IbCIkA,meridian-idaho
https://www.ubereats.com/boise/food-delivery/chuck-a-rama-buffet-boise/0K-gmMRiSmO3UoCT_nkApg,meridian-idaho
https://www.ubereats.com/boise/food-delivery/starbucks-eagle-%26-franklin-meridian/ESRWQN3YRO6xjnVUL7WbfA,meridian-idaho
https://www.ubereats.com/boise/food-delivery/golden-corral-2122-north-cassia-street/nNvAPBP8TXWTVutXtmfdNg,meridian-idaho
https://www.ubereats.com/boise/food-delivery/starbucks-eagle-and-chinden/D-zLhoZxS42HIkXctOe6MQ,meridian-idaho
https://www.ubereats.com/boise/food-delivery/mcdonalds-195-e-central-dr/-_PRrNQTTTK9u4zsmTwtuw,meridian-idaho
https://www.ubereats.com/boise/food-delivery/taj-mahal/VunJnBgpRhOxH34O9rt-0Q,meridian-idaho
https://www.ubereats.com/boise/food-delivery/boise-fry-company12th-ave-s/un4vzMNgSYy7_vNxFZJlIQ,meridian-idaho
https://www.ubereats.com/boise/food-delivery/cracker-barrel-old-country-store-1733-south-cole-road/S0AHLNspTo-Stg4eaEVpiw,meridian-idaho
https://www.ubereats.com/boise/food-delivery/spice-indian-cuisine/Yn2jFdh3Tpq2GAqlcoio1A,meridian-idaho
https://www.ubereats.com/boise/food-delivery/more-restaurants-coming-soon!/YXAxESqpT2S2MFaJ3wSWQA,meridian-idaho
https://www.ubereats.com/boise/food-delivery/applebees-7025-n-glenwood-street-%2385004/mKzX60ZGTwKjgx6HcOUz8A,meridian-idaho
https://www.ubereats.com/boise/food-delivery/cafe-zupas-2148-north-eagle-rd/Zbr6j5rPT9-SDJ-wt9FAIg,meridian-idaho
https://www.ubereats.com/boise/food-delivery/daylight-donuts/Z_Yd_X9PTMaWTcO7OktJ7g,meridian-idaho
https://www.ubereats.com/boise/food-delivery/dairy-queen-grill-%26-chill-4849-n-meridian-rd/8a5hxoZTTZKgYWgqBreGmg,meridian-idaho
https://www.ubereats.com/boise/food-delivery/ihop-1420-nampa-caldwell-blvd/A8sqRQIRQWenm7dQR3CPUQ,meridian-idaho
https://www.ubereats.com/boise/food-delivery/roxberry-juice/YMZho2QgQ8CNP2sVtiGYYQ,meridian-idaho
https://www.ubereats.com/boise/food-delivery/kfc-8440-west-overland-road/SMmgBPMiSVKgvH-Fyoq7VQ,meridian-idaho
https://www.ubereats.com/boise/food-delivery/taco-bell-3377-west-state/cA-26dldTUazZk2VMt6hRg,meridian-idaho
https://www.ubereats.com/boise/food-delivery/chapala-mexican-restaurant-s-vinnell/kJxSggGUTQ25PQcH7Rwxzg,meridian-idaho
https://www.ubereats.com/boise/food-delivery/the-human-bean-9162-w-emerald-st/4iHvdVASQ5GahrfRFIyDWw,meridian-idaho
https://www.ubereats.com/boise/food-delivery/ling-%26-louies-asian-bar-and-grill/L-IT-qsCRIOv8rrHcqT0vg,meridian-idaho
https://www.ubereats.com/boise/food-delivery/joe-mommas-breakfast-eatery/YXXoWrMYToCgvB4aIvWFMA,meridian-idaho
https://www.ubereats.com/boise/food-delivery/grants-neighborhood-grill/mS0RUd8AT8GYtZYM9-Gx3g,meridian-idaho
https://www.ubereats.com/boise/food-delivery/big-daddys-meat-wagon/3UxHlcENTKqxL5y29GscQA,meridian-idaho
https://www.ubereats.com/boise/food-delivery/subway-10414-west-overland-rd/VunPNhxdQFehT7cFiC6CYA,meridian-idaho
https://www.ubereats.com/boise/food-delivery/jack-in-the-box-207-e-fairview-ave/L2DTIQFNTW-Rt4oGDTMNTg,meridian-idaho
https://www.ubereats.com/boise/food-delivery/tnts-dynamite-bar-%26-grill/t_Kh6wZBRo6QRVfTC7vIVQ,meridian-idaho
https://www.ubereats.com/boise/food-delivery/stellas-ice-cream/s72NTeqWTHacRjRUziC6hA,meridian-idaho
https://www.ubereats.com/boise/food-delivery/kfc-13375-w-chinden-blvd/ce2ItMV_RmeBnQoj-DQl_Q,meridian-idaho
https://www.ubereats.com/boise/food-delivery/pita-pit-3030-e-overland-road/4H_DS8AhS_2lDKrDeJx5Ow,meridian-idaho
https://www.ubereats.com/boise/food-delivery/noodles-%26-company-535-n-milwaukee-st/S_vDsIMwRh2fGl9yJgs5BQ,meridian-idaho
https://www.ubereats.com/boise/food-delivery/five-guys-id-1002-2830-n-eagle-rd/db5RrKySQoaC1cLa6tdcLQ,meridian-idaho
https://www.ubereats.com/boise/food-delivery/sonic-4936-linder-road/iPfA5GeTTj24-H4tlw93lw,meridian-idaho
https://www.ubereats.com/boise/food-delivery/the-habit-burger-grill-2206-n-eagle-rd-suite-100/_145bqBLTzuvk8r3_7z9VQ,meridian-idaho
https://www.ubereats.com/boise/food-delivery/grimaldis-pizzeria-meridian/y--IC3lKSuaneSYsO_Z_Rg,meridian-idaho
https://www.ubereats.com/boise/food-delivery/red-bench-pizza-boise-vista/TJ_YfpMZTaC6O203g3sMig,meridian-idaho
https://www.ubereats.com/boise/food-delivery/panda-express-750-south-progress-ave/SQ7SOz95R0act8RNb5TcnQ,meridian-idaho
https://www.ubereats.com/boise/food-delivery/cafe-zupas-600-n-milwaukee-st/MBEPY0mHSkOYtHO_2iIYug,meridian-idaho
https://www.ubereats.com/boise/food-delivery/bit-of-italy-italiantogo/CtwHp-I9Q3aNx3oJ0dE5XA,meridian-idaho
https://www.ubereats.com/boise/food-delivery/baskin-robbins-1108-caldwell-blvd/Dx77aZYzTdmNAekkGIYfyQ,meridian-idaho
https://www.ubereats.com/boise/food-delivery/moe-joes-breakfast-eatery-meridian/VB4tqCK9T9SGpQStkACIQQ,meridian-idaho
https://www.ubereats.com/boise/food-delivery/the-human-bean-4213-w-state-street/tRVCFSChQJKVD5wVl7T_WQ,meridian-idaho
https://www.ubereats.com/boise/food-delivery/starbucks-state-st-and-marketplace-ln/Of-4tJKfRfux4KYQmH38VA,meridian-idaho
https://www.ubereats.com/boise/food-delivery/blaze-pizza-2206-n-eagle-rd-suite-140/MMExve_uSx-66h9jVPHaCw,meridian-idaho
https://www.ubereats.com/boise/food-delivery/costa-vida-fresh-mexican-grill-4363-w-gray-fox-st/_l59fB7BRYeNxpLqFux0eg,meridian-idaho
https://www.ubereats.com/boise/food-delivery/el-tenampa/MzynXssJR2CssUjm62u8oQ,meridian-idaho
https://www.ubereats.com/boise/food-delivery/smashburger-3223-east-louise-dr-ste-100/3Nkr01rZQECx4Uu1HGu-8Q,meridian-idaho
https://www.ubereats.com/boise/food-delivery/cafe-ole-boise/1IOK-F17Rk2uNiaz6CA22Q,meridian-idaho
https://www.ubereats.com/boise/food-delivery/rice-contemporary-asian-cuisine/WU9dBF1cQsq7kmSPIacYuA,meridian-idaho
https://www.ubereats.com/boise/food-delivery/cold-stone-creamery-1028-s-vista-ave/XVxVNVfaSIyN-t6riDmeRA,meridian-idaho
https://www.ubereats.com/boise/food-delivery/el-gallo-giro-meridian/cflob0O-TvCaWwnmqzt1_w,meridian-idaho
https://www.ubereats.com/boise/food-delivery/boise-boba-eagle/vqCD_28tQrK_G2YyDUzQ0Q,meridian-idaho
https://www.ubereats.com/boise/food-delivery/arbys-7569/UW8HUj1JSwuDy424yJYmAQ,meridian-idaho
https://www.ubereats.com/boise/food-delivery/taco-bell-4226-garrity-blvd/nPkovUkIQgCdK1Y_worM-Q,meridian-idaho
https://www.ubereats.com/boise/food-delivery/the-curb-and-grill/mnWrSdmBRzijUZOW9EtRtg,meridian-idaho
https://www.ubereats.com/boise/food-delivery/clean-juice-7546-w-state-st/a_V6NmVyRN-K7QBu76La7w,meridian-idaho
https://www.ubereats.com/boise/food-delivery/taco-bell-906-12th-avenue-road/NXqtswppQtajRwq4DxT-aA,meridian-idaho
https://www.ubereats.com/boise/food-delivery/subway-6931-fairview-ave/zAuE48JSSwKkE1y0C1F-aQ,meridian-idaho
https://www.ubereats.com/boise/food-delivery/kfc-677-s-main-street/tRxx9pSiT-iuljD2DEsVjQ,meridian-idaho
https://www.ubereats.com/boise/food-delivery/subway-1518-north-main-st/Syyr11G5Rw6cU6fUFX74Ew,meridian-idaho
https://www.ubereats.com/boise/food-delivery/sunshine-spice-bakery-%26-cafe/yADryIp7RsGCZLQmb7KNJQ,meridian-idaho
https://www.ubereats.com/boise/food-delivery/flying-pie-pizzaria/JgzpgYYeTIuOAV9KWtQ4WA,meridian-idaho
https://www.ubereats.com/boise/food-delivery/blue-sky-bagels/TgZD6C6SRwmvLugG98PxiA,meridian-idaho
https://www.ubereats.com/boise/food-delivery/taco-bell-6560-n-linder-road/3hou_iHuSyWC05lVMy09DQ,meridian-idaho
https://www.ubereats.com/boise/food-delivery/happy-teriyaki-overland-rd/dP0n6Rx8R8uoflMocWGt2w,meridian-idaho
https://www.ubereats.com/boise/food-delivery/cookie-riot/6_2uY_HJQvOrz4P4hrmGEw,meridian-idaho
https://www.ubereats.com/boise/food-delivery/flatbread-neapolitan-pizzeria-n-linder-rd/dWOq-lRQSo-mJx9SOtc4qw,meridian-idaho
https://www.ubereats.com/boise/food-delivery/moxie-java/8YZqJu9RTZywcGbQ9bbRjQ,meridian-idaho
https://www.ubereats.com/boise/food-delivery/wild-west-home-of-mamma-italia/oOZ7KvEZRYiK-JdRSpKI6w,meridian-idaho
https://www.ubereats.com/boise/food-delivery/subway-1789-w-franklin-rd/3N0-MO8zRKiUufI8pEl8RA,meridian-idaho
https://www.ubereats.com/boise/food-delivery/el-tenampa/W2--5S_gS3aA2k9mI4RwQA,meridian-idaho
https://www.ubereats.com/boise/food-delivery/boise-fry-companyeast-overland-road/e_sAasJIR9uqWrYUIZxuZQ,meridian-idaho
https://www.ubereats.com/boise/food-delivery/dairy-queen-treat-5251-glenwood-rd/yVbB5LqRRoygZWxwAAS3Cg,meridian-idaho
https://www.ubereats.com/boise/food-delivery/subway-1530-s-millennium-way/TNErcIwbRlOLV1LuUGv40g,meridian-idaho
https://www.ubereats.com/boise/food-delivery/the-curb-bar-%26-grill/02fQWonqTaCzTynwCU-lqw,meridian-idaho
https://www.ubereats.com/boise/food-delivery/taco-bell-1415-caldwell-blvd/PZqGYxQQR06XCFbo58e4JQ,meridian-idaho
https://www.ubereats.com/boise/food-delivery/campos-on-lonestar/cloU0gB8SjuRtm3Gr0XbKQ,meridian-idaho
https://www.ubereats.com/boise/food-delivery/boise-juice-company-state/d3J7BpH_R6OPgGJuEwU1Tw,meridian-idaho
https://www.ubereats.com/boise/food-delivery/taco-time-7965-w-fairview-ave/_4kzYRFtSayFmONWsa5aMg,meridian-idaho
https://www.ubereats.com/boise/food-delivery/fanci-freez-meridian/4Zh64_vZROim0uD2zomtcA,meridian-idaho
https://www.ubereats.com/boise/food-delivery/bodovino-ristorante/l3vDr-NXTfGVNISRArFr-w,meridian-idaho
https://www.ubereats.com/boise/food-delivery/cancun/Bd1wgVddRQCTPCDP675HCw,meridian-idaho
https://www.ubereats.com/boise/food-delivery/dairy-queen-grill-%26-chill-5711-franklin-rd/lYh2ifkIQPSjfDViEwD9-A,meridian-idaho
https://www.ubereats.com/boise/food-delivery/vincenzo-trattoria/Vem3GmGCRwisCZsbTR2HMQ,meridian-idaho
https://www.ubereats.com/boise/food-delivery/mcdonalds-510-n-orchard/aUqxM5d_TNy5crzsmOgvbg,meridian-idaho
https://www.ubereats.com/boise/food-delivery/good-burger-chow/OXRja2h6T7eSU3haUTzrbA,meridian-idaho
https://www.ubereats.com/boise/food-delivery/push-and-pour/qcmtemApTKWw7VobKbPyVg,meridian-idaho
https://www.ubereats.com/boise/food-delivery/mcdonalds-3415-w-cherry-lane/InUlWmQxRFSPqE1zT_zTgg,meridian-idaho
https://www.ubereats.com/boise/food-delivery/applebees-7845-west-emerald-%2384079/Eq44J5OUQg2q6SqCv4WQWw,meridian-idaho
https://www.ubereats.com/boise/food-delivery/sizzler-n-eagle-rd/e1hKJ8mVQQGOuyJfNILJzw,meridian-idaho
https://www.ubereats.com/boise/food-delivery/mcdonalds-7811-fairview-ave/K-vuJHOSThu9iP-U3BIpFg,meridian-idaho
https://www.ubereats.com/boise/food-delivery/mcdonalds-178-s-eagle-rd/5QKbF-YBTWWixNeQVVYNWQ,meridian-idaho
https://www.ubereats.com/boise/food-delivery/coned/qmlUW31iQu-7AEiQ-tiyKQ,meridian-idaho
https://www.ubereats.com/boise/food-delivery/local-first/flIGIwrDRKm1BN0D-8J0mg,meridian-idaho
https://www.ubereats.com/boise/food-delivery/cinnaholic-boise/yLBg8mDOQZemOQaVoaPrqQ,meridian-idaho
https://www.ubereats.com/boise/food-delivery/tamales-nelly-mexican-food/8fEOVZkwTHuCt2SihxZWww,meridian-idaho
https://www.ubereats.com/boise/food-delivery/poke-vibes/f-XNv2bSRl6OQMqU9TeWTw,meridian-idaho
https://www.ubereats.com/boise/food-delivery/good-burger-meridian/pzszfDxjSuKhMJ2kJC3owQ,meridian-idaho
https://www.ubereats.com/boise/food-delivery/mai-thai/-74tzYS8QOmzKHZihVLEPQ,meridian-idaho
https://www.ubereats.com/boise/food-delivery/royal-coffee-co/NeT4ZwshQDm42nzdhww09g,meridian-idaho
https://www.ubereats.com/boise/food-delivery/papa-murphys-pizza-2723-south-bartlett-ave/vbeYPaqxRJu_xqpSSW2sgQ,meridian-idaho
https://www.ubereats.com/boise/food-delivery/ihop-3525-e-fairview-ave/PN9IP-QYTCybpIcGd0GMGw,meridian-idaho
https://www.ubereats.com/boise/food-delivery/good-burger-north-pointe/ErVuNF3pRS2mz060qH6GaQ,meridian-idaho
https://www.ubereats.com/boise/food-delivery/boise-fry-companywest-chinden/6BaT4ErkT1q8x_UMwsQRVw,meridian-idaho
https://www.ubereats.com/boise/food-delivery/the-gyro-shack-nampa/9zaFGSsiRLuZT0uTRrgf-A,meridian-idaho
https://www.ubereats.com/boise/food-delivery/panda-express-350-n-milwaukee/VZKIWXRvTs2ee_KjnP-cTg,meridian-idaho
https://www.ubereats.com/boise/food-delivery/sonic-16063-idaho-center-boulevard/0JJ3ieoDRCO0HakrTTbRQw,meridian-idaho
https://www.ubereats.com/boise/food-delivery/cold-stone-creamery-7546-west-state-st/eJ4tyTFORoyVfxXcptNqLw,meridian-idaho
https://www.ubereats.com/boise/food-delivery/starbucks-hwy-44-and-edgewood-eagle/JDOxTfZBTdeegIaLKzfF7g,meridian-idaho
https://www.ubereats.com/boise/food-delivery/firehouse-subs-n-milwaukee-st/gDIancDSSEmNH-9ELLsQWw,meridian-idaho
https://www.ubereats.com/boise/food-delivery/papa-murphys-4221-garrity-blvd/2PGyIMJpQti48dhPgkRfLQ,meridian-idaho
https://www.ubereats.com/boise/food-delivery/meshico-mexican-food/W3YUtHisQae10sh3WbWDRA,meridian-idaho
https://www.ubereats.com/boise/food-delivery/panda-express-4865-n-ten-mile-rd/9vbdok_qTo2Fzed7NiHNrg,meridian-idaho
https://www.ubereats.com/boise/food-delivery/sonic-10480-west-ustick-road/s2m8evm7RCOl5ZrjrZHwGg,meridian-idaho
https://www.ubereats.com/boise/food-delivery/subway-3415-north-cole-rd/Ef_90rJVSdugVCa9c_LbUw,meridian-idaho
https://www.ubereats.com/boise/food-delivery/beef-%E2%80%98o-bradys/L9v-OHPgSCypS25_m-4MYQ,meridian-idaho
https://www.ubereats.com/boise/food-delivery/smashburger-8247-w-franklin-rd/GpCGsFztS6iUwwki-FEJ9w,meridian-idaho
https://www.ubereats.com/boise/food-delivery/jack-in-the-box-10496-overland-rd/PZH7VEibT3KDDhezyATf8g,meridian-idaho
https://www.ubereats.com/boise/food-delivery/kona-grill-boise/FtIJXBEBTj-kJNAofgZs4w,meridian-idaho
https://www.ubereats.com/boise/food-delivery/red-robin-220-267-n-milwaukee/Z2lBjlckRPCunydrWKPBiQ,meridian-idaho
https://www.ubereats.com/boise/food-delivery/tgi-fridays-2227-nampa-id/RMASS4QWQViQHVayOZTuKg,meridian-idaho
https://www.ubereats.com/boise/food-delivery/flying-pie-pizzaria/ts6gIrVzTde7o3VA6xIZmQ,meridian-idaho
https://www.ubereats.com/boise/food-delivery/corona-village/xK7ovDqURiuFLg2e2BCx4A,meridian-idaho
https://www.ubereats.com/boise/food-delivery/johnny-carinos-meridian/OaEdGrQxRLSv3lopdGIOsg,meridian-idaho
https://www.ubereats.com/boise/food-delivery/panda-express-1124-n-milwaukee/-7Faw4u4TI-ZoKSbsh87gg,meridian-idaho
https://www.ubereats.com/boise/food-delivery/blaze-pizza-4363-w-grey-fox-st-%23115/Gp9PPcfgSOm2BCghA9zaeQ,meridian-idaho
https://www.ubereats.com/boise/food-delivery/corona-village/2_6354XiRPWt4IFpaVvpOg,meridian-idaho
https://www.ubereats.com/boise/food-delivery/shige-japanese-cuisine/2rftUPu7QEiKXfgR0az_cw,meridian-idaho
https://www.ubereats.com/boise/food-delivery/lucky-fins-grill-meridian/nPC2FTn6Qem2BbQQFMyfPQ,meridian-idaho
https://www.ubereats.com/boise/food-delivery/boise-pie-co-and-eatery/oZIepsPyRgK5W-kL76XM3g,meridian-idaho
https://www.ubereats.com/boise/food-delivery/taco-bell-3680-n-eagle-rd/8_TDGrZ6TbigbqPhXiUeLg,meridian-idaho
https://www.ubereats.com/boise/food-delivery/sofra-bosnian-grill/5tGUZ119RM6SXSxuVfQBkg,meridian-idaho
https://www.ubereats.com/boise/food-delivery/sonic-1109-12th-avenue-road/p78GrK0sSe-G83sKiCH1wA,meridian-idaho
https://www.ubereats.com/boise/food-delivery/joes-crab-shack-2288-north-garden-st/QF0hbqqDSYujO7ENRw7-FQ,meridian-idaho
https://www.ubereats.com/boise/food-delivery/burger-king-8515-west-fairview-avenue/sQ0ayBp-Tu2T8pBTziiIAw,meridian-idaho
https://www.ubereats.com/boise/food-delivery/sams-smokehouse-and-saloon/BscCWP1LQyWmhSdx42oAwA,meridian-idaho
https://www.ubereats.com/boise/food-delivery/the-original-sunrise-cafe/NybL7lmeQLeWy6wU8cExBQ,meridian-idaho
https://www.ubereats.com/boise/food-delivery/black-bear-diner-7530-w-state-street/ozZ6HZZPSTyH5Osdc3yGoA,meridian-idaho
https://www.ubereats.com/boise/food-delivery/dairy-queen-treat-1211-12th-ave-rd/eAWGuKlvTSa5iPX01YpvSA,meridian-idaho
https://www.ubereats.com/boise/food-delivery/bacon-restaurant/w-SfQB8OSD6JQcC_a6NVvA,meridian-idaho
https://www.ubereats.com/boise/food-delivery/black-rock-coffee-1757-w-chinden-blvd/l6B9KA0mRpamA6ZL2L_5mg,meridian-idaho
https://www.ubereats.com/boise/food-delivery/dickeys-barbecue-pit-2845-e-overland-road-ste-190/yWr2HzYUSqeOIlWRkE_qlw,meridian-idaho
https://www.ubereats.com/boise/food-delivery/happy-teriyaki-meridian/kgKK-vCfScu0xVrein7pyg,meridian-idaho
https://www.ubereats.com/boise/food-delivery/chapalas-mexican-restaurant-n-glenwood/F-NJfjocRTOm1ggtF_7BnA,meridian-idaho
https://www.ubereats.com/boise/food-delivery/kfc-145-maine-avenue-e/ZbyM6gtuT36IILO6e15ymQ,meridian-idaho
https://www.ubereats.com/boise/food-delivery/popeyes-louisiana-kitchen-3671-e-fairview-avenue/FxuWXJiHQfmbqUm6I344Ww,meridian-idaho
https://www.ubereats.com/boise/food-delivery/smashburger-1467-caldwell-blvd/CPxd3uAAQnGMVRh3RH6Y-A,meridian-idaho
https://www.ubereats.com/boise/food-delivery/dickeys-bbq-pit-1807-12th-avenue-rd/JL3lvl1dS8-0AC-c5pWjAQ,meridian-idaho
https://www.ubereats.com/boise/food-delivery/ihop-7959-w-emerald-st/K6vQLstCRV-1evMuULt05A,meridian-idaho
https://www.ubereats.com/boise/food-delivery/applebees-1460-n-eagle-road-%2384089/1f5AIsCuRRWlD9PXmaWRew,meridian-idaho
https://www.ubereats.com/boise/food-delivery/ck-hawaiian-bbq/p1JvaDnERNe6eHNCIJKfUA,meridian-idaho
https://www.ubereats.com/boise/food-delivery/the-gyro-shack-magic-view/1gT0FUXHTy-rsB5drfYgSg,meridian-idaho
https://www.ubereats.com/boise/food-delivery/the-gyro-shack-overland/_60SrJ0CTVKIuTfGxraAjQ,meridian-idaho
https://www.ubereats.com/boise/food-delivery/kneaders-bakery-%26-cafe-meridian/u2jgymjBTXKaVkbIW2tawg,meridian-idaho
https://www.ubereats.com/boise/food-delivery/texas-de-brazil-boise/dy37sGRvSB6Q0-_Uhm1OGw,meridian-idaho
https://www.ubereats.com/boise/food-delivery/barrelhouse/uOz7HV5oSfidhDaCIpPqKw,meridian-idaho
https://www.ubereats.com/boise/food-delivery/subway-13601-w-mcmillan-rd/R3h9d46MSQ-Klc9xm_PgJQ,meridian-idaho
https://www.ubereats.com/boise/food-delivery/big-daddys-bbq-meridian/Fymz3_xpQDmKCgAqbeR2Vw,meridian-idaho
https://www.ubereats.com/boise/food-delivery/applebees-1527-caldwell-blvd-%2384087/2u4DWmOmSQSCgcZ93r9FEw,meridian-idaho
https://www.ubereats.com/boise/food-delivery/the-original-sunrise-cafe/14tiKDOCRvaVFRyCLZZaog,meridian-idaho
https://www.ubereats.com/boise/food-delivery/boise-fry-companystate-street/Umuyx0lVSxuEHv34as1FmA,meridian-idaho
https://www.ubereats.com/boise/food-delivery/johnny-bronx-pizza/NnLpwffCRlaaQmNoiWOyAA,meridian-idaho
https://www.ubereats.com/boise/food-delivery/sonic-2160-e-fairview-avenue/ch7Nl44JSJ-dUewW_het-g,meridian-idaho
https://www.ubereats.com/boise/food-delivery/madre/_rP5SyxpTEWxJUJdKvE6Wg,meridian-idaho
https://www.ubereats.com/boise/food-delivery/tucanos-brazilian-grill-boise/2AamAqkoSCSX8Qm02h9_Sw,meridian-idaho
https://www.ubereats.com/boise/food-delivery/the-gyro-shack-linder-rd/LxU9D0S3Q2eD1-7Dp6Ctrg,meridian-idaho
https://www.ubereats.com/boise/food-delivery/amaru-confections/cpC_CJ_4SDWDu4AyS1AlAg,meridian-idaho
https://www.ubereats.com/boise/food-delivery/taste-asian-fusion-bistro/SwY9Du9HSza_Nrz4ayBk-Q,meridian-idaho
https://www.ubereats.com/boise/food-delivery/papa-murphys-3015-w-mcmillan-road/v4tJTyIwSw-2rCNT7SPJ0A,meridian-idaho
https://www.ubereats.com/boise/food-delivery/dickeys-barbecue-pit-16565-n-marketplace-blvd/8USKzjgcTWaVEmNemNJoYQ,meridian-idaho
https://www.ubereats.com/boise/food-delivery/fit-donut/JI0vfK-pR9Ce-_YC9pa1IQ,meridian-idaho
https://www.ubereats.com/boise/food-delivery/jaks-place/nmLxnBy0Sn6hagKTZ2TzEw,meridian-idaho
https://www.ubereats.com/boise/food-delivery/c4-creamery/R13_mRQJQb6ITaWC7nI9BA,meridian-idaho
https://www.ubereats.com/boise/food-delivery/208-sip/4LN1B_b5QWiK-2bCVQH1-g,meridian-idaho
https://www.ubereats.com/boise/food-delivery/stellas-ice-cream/w-ZBJq7nSgijHa8H4j5rzg,meridian-idaho
https://www.ubereats.com/boise/food-delivery/clean-juice-3505-e-monarch-sky-ln-ste-100/_xQEyq3bRwyu1r50WuOjdA,meridian-idaho
https://www.ubereats.com/boise/food-delivery/taco-bell-1523-s-eagle-rd/goNOmicnRjyWho9EwkRbKQ,meridian-idaho
https://www.ubereats.com/boise/food-delivery/mister-bbq/U3fL5Nv7TNaYRbFvbwKu8w,meridian-idaho
https://www.ubereats.com/boise/food-delivery/kabob-house/-cksR0RiTi6jRxFre6Fasw,meridian-idaho
https://www.ubereats.com/boise/food-delivery/boise-juice-company-eagle/fh8LKTEtS-ipDEa0skpxiA,meridian-idaho
https://www.ubereats.com/boise/food-delivery/varsity-pizza/weZvyz12RsWVnGSiuD0hrg,meridian-idaho
https://www.ubereats.com/boise/food-delivery/papa-murphys-1545-linder-road/CXZ_8b-MQZ-aPs3Bj4Z97Q,meridian-idaho
https://www.ubereats.com/boise/food-delivery/masala-bistro/iZhDOc-qSW23qBuY5eUWYg,meridian-idaho
https://www.ubereats.com/boise/food-delivery/dk-donuts/K6elRbRXTTW8AL5lN2ziKw,meridian-idaho
https://www.ubereats.com/boise/food-delivery/quik-wok-restaurant/z4YdzYhrRf6tmUKfpJ4Mig,meridian-idaho
https://www.ubereats.com/boise/food-delivery/the-human-bean-12473-w-chinden-blvd/TbNyWibQSAOagNwAsfRORg,meridian-idaho
https://www.ubereats.com/boise/food-delivery/noodles-%26-company-2274-n-eagle-rd-ste-100-space-b-130/qT6_XuCMTOaeHSPpE4xBuw,meridian-idaho
https://www.ubereats.com/boise/food-delivery/del-taco-1617-west-island-green-drive/bmCbe8rpTkaq8EQ7cI_7IQ,meridian-idaho
https://www.ubereats.com/boise/food-delivery/dickeys-barbecue-pit-12-n-fisher-park-way/VPZ4FcF9Rp2Jdyim-N1vOw,meridian-idaho
https://www.ubereats.com/boise/food-delivery/the-gyro-shack-emerald/jKIWSUL6TuGb1RPGX5FN0w,meridian-idaho
https://www.ubereats.com/boise/food-delivery/sonic-6701-n-glenwood-street/kLmL5zCbT7i42aCUa2bjog,meridian-idaho
https://www.ubereats.com/boise/food-delivery/papa-johns-613-e-state-street/eQDa2Jv6Tg6k1nTwHVz97Q,meridian-idaho
