url,city
https://www.ubereats.com/chicago/food-delivery/chicago-smerqs/7yHt5lS4SQaqMRdrib9Rmw,merrionette-park-illinois
https://www.ubereats.com/chicago/food-delivery/steak-n-shake-16110-harlem-ave/TNysSGk6RzmZAZ517l1L5A,merrionette-park-illinois
https://www.ubereats.com/chicago/food-delivery/tonys-original-philly-steak/YU11z3yPTGir7wluUho8LA,merrionette-park-illinois
https://www.ubereats.com/chicago/food-delivery/red-snapper-fish-and-chicken-marquette-%26-california/JWJrcJZjR1eVts9MQFwm6w,merrionette-park-illinois
https://www.ubereats.com/chicago/food-delivery/five-guys-il-4012-2440-w-95th-st/RPv1RtE9TGqtOUBfG-AjOw,merrionette-park-illinois
https://www.ubereats.com/chicago/food-delivery/wendys-8302-s-ashland/BfCGp0HWSJC-V79bdF8VNA,merrionette-park-illinois
https://www.ubereats.com/chicago/food-delivery/the-original-pancake-house-5140-159th-st/ROZzzrRxRMe8oSLEqzq74A,merrionette-park-illinois
https://www.ubereats.com/chicago/food-delivery/dunkin-6707-w-111th-st/yVNDVCS2TKq1jLfCmMThoQ,merrionette-park-illinois
https://www.ubereats.com/chicago/food-delivery/brooklyn-halal-grilled-chicken-and-pizza/Uvic7S8TSWmJ07yoOra_hQ,merrionette-park-illinois
https://www.ubereats.com/chicago/food-delivery/harvey-food-mart/BdaPKAfsQEK-D6D1T6Apng,merrionette-park-illinois
https://www.ubereats.com/chicago/food-delivery/haps-grill-fish-%26-chicken/gIRnJXiNRGSun5S6lnkRDA,merrionette-park-illinois
https://www.ubereats.com/chicago/food-delivery/alpha-gyros/aHmCnPC_SPGC3vyUFWJ-Zw,merrionette-park-illinois
https://www.ubereats.com/chicago/food-delivery/ace-pizza/g-tJ8HekQRmcetrw6V8txQ,merrionette-park-illinois
https://www.ubereats.com/chicago/food-delivery/rib-brothers/8UBLo4a0Tvux03oRpTwAFQ,merrionette-park-illinois
https://www.ubereats.com/chicago/food-delivery/flames-jamaican-jerk/K_XlGt0DQSWkz6xfnHrr5g,merrionette-park-illinois
https://www.ubereats.com/chicago/food-delivery/subway-95th-%26-ridgeland/7qh4DmbhSJ-k0jkESy9V6w,merrionette-park-illinois
https://www.ubereats.com/chicago/food-delivery/blueberry-field-pancake-house/0Hw8ZAmzRve_VXuYUnqXug,merrionette-park-illinois
https://www.ubereats.com/chicago/food-delivery/la-michoacana-azteca-%233/BibqrOrORm62VaZIgg_b0g,merrionette-park-illinois
https://www.ubereats.com/chicago/food-delivery/subway-9838-s-western-ave/AbQUF6zIRqCz8KGNrDtoQg,merrionette-park-illinois
https://www.ubereats.com/chicago/food-delivery/el-burrito-rey/c6aiX_RgTtynZbgGR_JUGg,merrionette-park-illinois
https://www.ubereats.com/chicago/food-delivery/shark-market-inc/nlArG5ACTBOQEV4sjtKucw,merrionette-park-illinois
https://www.ubereats.com/chicago/food-delivery/south-side-social/24uDQTfaToeGMasdJNQLNw,merrionette-park-illinois
https://www.ubereats.com/chicago/food-delivery/the-retro-burger/sAuYNu-GSgapjo__S2yqCw,merrionette-park-illinois
https://www.ubereats.com/chicago/food-delivery/sharks-fish-%26-chicken-71st-%26-western-ave/Q8QtHhuTQk6b93iglfeBUg,merrionette-park-illinois
https://www.ubereats.com/chicago/food-delivery/mcdonalds-pulaski-%26-146th-st/7Mk_lWLGT3S47OUBEb6bZA,merrionette-park-illinois
https://www.ubereats.com/chicago/food-delivery/tasty-chicken-%26-salad/8ReNJiM0RfqB4qVBunbQTw,merrionette-park-illinois
https://www.ubereats.com/chicago/food-delivery/subway-95th-%26-turner/VtHZUdtSR8iOF-sbgxcOfg,merrionette-park-illinois
https://www.ubereats.com/chicago/food-delivery/las-fuentes-restaurant-pulaski-rd/s7j_WolvR_61GOFcwLI1Tg,merrionette-park-illinois
https://www.ubereats.com/chicago/food-delivery/kenootz-pizza/cxG-pYv2RGO8j6nJkV0JdA,merrionette-park-illinois
https://www.ubereats.com/chicago/food-delivery/boz-hot-dogs/Y-NAmu5pRUKvyXq63kP68w,merrionette-park-illinois
https://www.ubereats.com/chicago/food-delivery/rico-rinos-pizza/4ySKdHbmSBWTARIpK7oP2w,merrionette-park-illinois
https://www.ubereats.com/chicago/food-delivery/corner-bakery-cafe-9621-s-cicero-ave/EtZF-D9-QNq8ylUT-klUgw,merrionette-park-illinois
https://www.ubereats.com/chicago/food-delivery/dennys-95th-st-%26-i-294/8-Lp7ipQTnaXxYRQbJAStg,merrionette-park-illinois
https://www.ubereats.com/chicago/food-delivery/browns-chicken-evergreen-park/dAdALCmvSoSwWpj_v11xMQ,merrionette-park-illinois
https://www.ubereats.com/chicago/food-delivery/starbucks-crestwood-commons/GkiwQQxlSBimWsV383Bwow,merrionette-park-illinois
https://www.ubereats.com/chicago/food-delivery/cuzins-midlothian/Yc_jK_ZAQVGGTsx9Mkv6aA,merrionette-park-illinois
https://www.ubereats.com/chicago/food-delivery/doughboys-chicago/cUdCO-wBS9qAzAAp5dplrA,merrionette-park-illinois
https://www.ubereats.com/chicago/food-delivery/subway-111th-st/hmaNChSMRb2AbzXjCtSZUQ,merrionette-park-illinois
https://www.ubereats.com/chicago/food-delivery/portillos-hot-dogs-17500-s-halsted-street/EqCymuuJRvqaI987WFyevQ,merrionette-park-illinois
https://www.ubereats.com/chicago/food-delivery/wus-ramen/k7lN2AnGSaGsImDEamqoIQ,merrionette-park-illinois
https://www.ubereats.com/chicago/food-delivery/foxs-restaurant-%26-pub/avQDu7dJS6SewbgDyaOxQA,merrionette-park-illinois
https://www.ubereats.com/chicago/food-delivery/simply-sweet-creations/2M-YuIC0QeOok7RYuzNv7A,merrionette-park-illinois
https://www.ubereats.com/chicago/food-delivery/american-wood-grill/A03iwed_TiGlDDKXbYa3YQ,merrionette-park-illinois
https://www.ubereats.com/chicago/food-delivery/shawerma-house/AZCxDWUVSJGJ5o6LpygoZg,merrionette-park-illinois
https://www.ubereats.com/chicago/food-delivery/del-carmen-restaurant-worth/4fM46mGJS-CVNqngxCd1HQ,merrionette-park-illinois
https://www.ubereats.com/chicago/food-delivery/gerrys-fish-and-chicken-michigan-ave/mk2Md1jbR1GVY0zfSIj9AQ,merrionette-park-illinois
https://www.ubereats.com/chicago/food-delivery/dunkin-3977-w-columbus-ave/FqDTD8zzTa-ZDkWcMPpw3A,merrionette-park-illinois
https://www.ubereats.com/chicago/food-delivery/subway-116th-%26-halsted/M-6RVjU-Qke0L1wFGNEDbw,merrionette-park-illinois
https://www.ubereats.com/chicago/food-delivery/starbucks-oak-lawn-111th-%26-cicero/QADJgYZRTBu1U9eBEe4zxA,merrionette-park-illinois
https://www.ubereats.com/chicago/food-delivery/lexington-betty-smoke-house/y_TVWIUXRkG5PPIdgkZYFA,merrionette-park-illinois
https://www.ubereats.com/chicago/food-delivery/shack-shrimp-and-chicken/QOvQbJ2KTNSA7kyV_wOHRg,merrionette-park-illinois
https://www.ubereats.com/chicago/food-delivery/flapjacks/LGm2sJiaT1aw9DaSKhlMTw,merrionette-park-illinois
https://www.ubereats.com/chicago/food-delivery/arbys-15765-south-harlem-avenue/GTBqdT14TAWCxQ0pGCLK0A,merrionette-park-illinois
https://www.ubereats.com/chicago/food-delivery/tavern-in-the-green/1bccqCpdQcKZtzmfNBPDDA,merrionette-park-illinois
https://www.ubereats.com/chicago/food-delivery/im-hungry-now/WpxcUuIcRpKKWgUvI1mfIg,merrionette-park-illinois
https://www.ubereats.com/chicago/food-delivery/redwood-luxe/GWAg77VWSESG-2zoFwiXXQ,merrionette-park-illinois
https://www.ubereats.com/chicago/food-delivery/tonys-philly-steaks/mmGU6fHcRS2DWaq323AQAQ,merrionette-park-illinois
https://www.ubereats.com/chicago/food-delivery/balagio-ristorante-dixie/G-8mGol0SeKFPgDnI2yLxQ,merrionette-park-illinois
https://www.ubereats.com/chicago/food-delivery/golden-shrimp-and-chicken/AytNFUd6TFO43eBPOn8zjw,merrionette-park-illinois
https://www.ubereats.com/chicago/food-delivery/jj-fish-%26-chicken-south-holland/_eV3NNKuQwCVjH3oRt4uJQ,merrionette-park-illinois
https://www.ubereats.com/chicago/food-delivery/starbucks-tinley-park-159th-%26-harlem/4rhfLC2GS6u1pCklX-ocPw,merrionette-park-illinois
https://www.ubereats.com/chicago/food-delivery/panda-express-95th-st-%26-melvina/_WlOLtgVSC2YbImRIwE_Xw,merrionette-park-illinois
https://www.ubereats.com/chicago/food-delivery/durbins-evergreen-park/nm0I26vTReGtUcFNnhzijA,merrionette-park-illinois
https://www.ubereats.com/chicago/food-delivery/smashburger-5139-w-95th-st/HVVi9ogdSVuLLzviWKDG5Q,merrionette-park-illinois
https://www.ubereats.com/chicago/food-delivery/el-ranchito-taco-truck/_rtQvZ6LQwGQax6q60iHDg,merrionette-park-illinois
https://www.ubereats.com/chicago/food-delivery/diamonds-sports-bar/plU4_pkkS0qCjEX6abveBA,merrionette-park-illinois
https://www.ubereats.com/chicago/food-delivery/tgi-fridays-2678-oak-lawn-il/dTPc2tvZT2KAaIVU43zeog,merrionette-park-illinois
https://www.ubereats.com/chicago/food-delivery/dunkin-3101-w-147th-st/3FLYUkSvTGe-TcPjX_L4Pw,merrionette-park-illinois
https://www.ubereats.com/chicago/food-delivery/pops-italian-beef/3seBNET-QWGB5Nhs7Q09pQ,merrionette-park-illinois
https://www.ubereats.com/chicago/food-delivery/jamaican-gates-restaurant/hsK-_pXARpm4hCZYE4Fd3g,merrionette-park-illinois
https://www.ubereats.com/chicago/food-delivery/georges-rib-house/NfVxS8t8RyGPGHOxUdArXw,merrionette-park-illinois
https://www.ubereats.com/chicago/food-delivery/sharks-fish-%26-chicken-dolton-il/NUX0CB1-QmCjHtlYnpUJVQ,merrionette-park-illinois
https://www.ubereats.com/chicago/food-delivery/harolds-fried-chicken/2Q1PB_ZTRrSBFe9WW9bZ8g,merrionette-park-illinois
https://www.ubereats.com/chicago/food-delivery/tonys-original-philly-steak/AkveObRqQT2Ov6zAaiQHSw,merrionette-park-illinois
https://www.ubereats.com/chicago/food-delivery/caliente-mexican-grill-and-bar/SqGatmI5RHaivwW9r3Ekvg,merrionette-park-illinois
https://www.ubereats.com/chicago/food-delivery/checkers-107-e-95th-st/ECFNx2OIS5mxjCjOBe691w,merrionette-park-illinois
https://www.ubereats.com/chicago/food-delivery/jersey-mikes-subs-cicero-%26-135th-st/ASmAH-7cR_qex7OXf0JqEQ,merrionette-park-illinois
https://www.ubereats.com/chicago/food-delivery/the-hotwing-joint/Av8vaalwQ-OLPtWj359Rfw,merrionette-park-illinois
https://www.ubereats.com/chicago/food-delivery/rs-jamaican-jerk/8jcqCOl3RV2K2Gtaxyv4Cg,merrionette-park-illinois
https://www.ubereats.com/chicago/food-delivery/jjs-fish-and-chicken-evergreen-park/zQfRGyfyS22IfnDnXshvrw,merrionette-park-illinois
https://www.ubereats.com/chicago/food-delivery/starlight-restaurant/Ds1FB2j2R0iY9sCI-HRh6A,merrionette-park-illinois
https://www.ubereats.com/chicago/food-delivery/3-jjjs-better-taste-jerk-restaurant/-bkzaQTBRV2N_uIJIDcpkA,merrionette-park-illinois
https://www.ubereats.com/chicago/food-delivery/sharks-fish-%26-tonys-grill-hazel-crest/Jqwmo9keSG-vAZuvABFcVA,merrionette-park-illinois
https://www.ubereats.com/chicago/food-delivery/siam-thai-restaurant/wlO9tVEeTIeaG9c6cJucyQ,merrionette-park-illinois
https://www.ubereats.com/chicago/food-delivery/the-seafood-company/_q-QU98YS6efkd5PrSBnWQ,merrionette-park-illinois
https://www.ubereats.com/chicago/food-delivery/hook-%26-reel-cajun-seafood-restaurant/XB7h8HXKS5Kx4QBPZvfBfg,merrionette-park-illinois
https://www.ubereats.com/chicago/food-delivery/white-castle-9501-s-cicero-ave/2NeBxwcVTTmKMFnW8p-FBg,merrionette-park-illinois
https://www.ubereats.com/chicago/food-delivery/billys-prime-fish-%26-hoagie/LMRSF705QUy2H6MOFVUCSA,merrionette-park-illinois
https://www.ubereats.com/chicago/food-delivery/sweetie-pop-gourmet-popcorn-and-desserts/C2M8EV_rTrWyGiskLvJdVA,merrionette-park-illinois
https://www.ubereats.com/chicago/food-delivery/juiced-by-shic/W3hBGqP0TymyFtTKG7DOYQ,merrionette-park-illinois
https://www.ubereats.com/chicago/food-delivery/reggios-pizzeria-iii-inc/oP2AZYe7RHW1U859DHxCCQ,merrionette-park-illinois
https://www.ubereats.com/chicago/food-delivery/el-gran-burrito-express-%232-w-87th-st/eDnxBBxcTUurg_4cJ8w1-Q,merrionette-park-illinois
https://www.ubereats.com/chicago/food-delivery/s2-express-grill/eOKFJHwWRG-74SrHPw0t8g,merrionette-park-illinois
https://www.ubereats.com/chicago/food-delivery/checkers-drive-in-restaurants-11915-s-pulaski-rd/3epLsf4rSqGGeBHdmF8mOA,merrionette-park-illinois
https://www.ubereats.com/chicago/food-delivery/tonys-original-philly-steak/0GJjG98RSZeyO6l-3UtvZA,merrionette-park-illinois
https://www.ubereats.com/chicago/food-delivery/public-house-on-cicero/W0PvYhJQQ0-qaA6UbYWiwA,merrionette-park-illinois
https://www.ubereats.com/chicago/food-delivery/dunkin-8723-ridgeland-ave/IfjPxutXSF6-1QXq7kVS-w,merrionette-park-illinois
https://www.ubereats.com/chicago/food-delivery/burger-king-7135-w-159th-st/L0oElyKQTfO4251IfJ-Tmw,merrionette-park-illinois
https://www.ubereats.com/chicago/food-delivery/burger-king-1701-west-95th-street/61pEz2YbTnG8VbXAv75WNQ,merrionette-park-illinois
https://www.ubereats.com/chicago/food-delivery/fred-%26-jacks-chicago-il/J2SW42K-TymqaSEaak0ozQ,merrionette-park-illinois
https://www.ubereats.com/chicago/food-delivery/qq-china-restaurant/pLNP46mISRSTwV7gFj8GPw,merrionette-park-illinois
https://www.ubereats.com/chicago/food-delivery/jimmys-fish-%26-chicken/e2wc1gZNTlmH4V3gCBubiQ,merrionette-park-illinois
https://www.ubereats.com/chicago/food-delivery/subway-14704-s-cicero-ave/dPqhVQc5QuegVPcjukJZ2w,merrionette-park-illinois
https://www.ubereats.com/chicago/food-delivery/red-lobster-14750-s-lagrange-rd/FmCMPirpSXqyXqN9lDDDdA,merrionette-park-illinois
https://www.ubereats.com/chicago/food-delivery/manzos-burger/AtpxvvL8RfOWpHY-usXJGg,merrionette-park-illinois
https://www.ubereats.com/chicago/food-delivery/los-burritos-lokos/_gMb626kQN2DP_VsV-8gnQ,merrionette-park-illinois
https://www.ubereats.com/chicago/food-delivery/hot-tamales/OCLgcGTXTyKl_pmaOnTK2w,merrionette-park-illinois
https://www.ubereats.com/chicago/food-delivery/shawerma-house/Bj6UuXeVRYimPB8KqYMSRA,merrionette-park-illinois
https://www.ubereats.com/chicago/food-delivery/nickys-family-restaurant-and-pancake-house/mR44it6xQkCDaC9EbKQ7UA,merrionette-park-illinois
https://www.ubereats.com/chicago/food-delivery/jack-desmonds-irish-pub/vh0OOHJIS-Gr_nY482oxCw,merrionette-park-illinois
https://www.ubereats.com/chicago/food-delivery/mz-wingz/TqPc3dZ-So-DwLsjjUbbRw,merrionette-park-illinois
https://www.ubereats.com/chicago/food-delivery/seafood-junction/qxeqKFfNSdSKKZ0KP1ixEA,merrionette-park-illinois
https://www.ubereats.com/chicago/food-delivery/la-isla-michoacana-ice-cream-shop/s7wAo_iXR5GUUyqF-Cn8_Q,merrionette-park-illinois
https://www.ubereats.com/chicago/food-delivery/mariscos-costa-azul/xyuh-C-XSV2zVQ_1o3n9Ww,merrionette-park-illinois
https://www.ubereats.com/chicago/food-delivery/panda-express-4247-w-167th-st/8c65F_xVRB-YOzdTZqGUiw,merrionette-park-illinois
https://www.ubereats.com/chicago/food-delivery/jj-fish-and-chicken-79th-halsted/4cCKORRhS8639vUNEz4ExA,merrionette-park-illinois
https://www.ubereats.com/chicago/food-delivery/benzinos-crab-trap-chicago/Y7DkpY5dS6yG13uDB0g_FA,merrionette-park-illinois
https://www.ubereats.com/chicago/food-delivery/big-joes-backyard-bbq/pM_d0huSTyKmfnQFnDDsxQ,merrionette-park-illinois
https://www.ubereats.com/chicago/food-delivery/pizza-by-geneo/VJsfnzpdRvuOaNxJaPfA_Q,merrionette-park-illinois
https://www.ubereats.com/chicago/food-delivery/7405-bonefish-grill-15537-s-lagrange-road/OE5Zrk7sSJWES6nYBoi8Pw,merrionette-park-illinois
https://www.ubereats.com/chicago/food-delivery/white-castle-10555-s-harlem-ave/10PLNtmxQayqJN0kCyzcJg,merrionette-park-illinois
https://www.ubereats.com/chicago/food-delivery/l-and-g-restaurant/3ukQT2EJRcGx6pAGVfH1IA,merrionette-park-illinois
https://www.ubereats.com/chicago/food-delivery/dunkin-7905-s-cicero/q6V76zj9QkevalPEbHLOWg,merrionette-park-illinois
https://www.ubereats.com/chicago/food-delivery/dans-soul-food-%26-cafe/d6pyFL-nTMuAw2QT7RQWDA,merrionette-park-illinois
https://www.ubereats.com/chicago/food-delivery/dillingers/VWEMoUe2SC6ggmBXSzv-yQ,merrionette-park-illinois
https://www.ubereats.com/chicago/food-delivery/popeyes-pulaski-rd/nuIYablFT8ODmZBkHqj2Kw,merrionette-park-illinois
https://www.ubereats.com/chicago/food-delivery/jj-fish-%26-chicken-paulina/Y6Ubs93QSX-hnXVbbSVFsA,merrionette-park-illinois
https://www.ubereats.com/chicago/food-delivery/subway-79th-%26-halsted/TWIWxUn1QLmPTEfSWGuQ5g,merrionette-park-illinois
https://www.ubereats.com/chicago/food-delivery/mr-gyros/ikjFt9gzR1GUQYDnrrXfMQ,merrionette-park-illinois
https://www.ubereats.com/chicago/food-delivery/xs-%26os-sports-lounge-%26-grill-palos-heights/DwmgBQoMT1myM0bwu6WKag,merrionette-park-illinois
https://www.ubereats.com/chicago/food-delivery/buddys-red-hots/_UF-LNl9SY2-ihs0o037Mg,merrionette-park-illinois
https://www.ubereats.com/chicago/food-delivery/americanos/MlD_qRcyQ6CgPOQoeZHO-g,merrionette-park-illinois
https://www.ubereats.com/chicago/food-delivery/semsem-mediterranean/07XFxNK4T-uHz3TGna1Ewg,merrionette-park-illinois
https://www.ubereats.com/chicago/food-delivery/sharks-fish-%26-chicken-e-95th-street/EYeOsmVnTEmF1LF0iF660Q,merrionette-park-illinois
https://www.ubereats.com/chicago/food-delivery/tonys-hoagies/RxScue8aRoizPZ95kxiQPA,merrionette-park-illinois
https://www.ubereats.com/chicago/food-delivery/lucky-dragon-2/Jtsr0XAiQ1CjlYaMT7kK_Q,merrionette-park-illinois
https://www.ubereats.com/chicago/food-delivery/sharp-fish%26chicken/eofwS6imQw-YbjN7wjkyvw,merrionette-park-illinois
https://www.ubereats.com/chicago/food-delivery/chipotle-mexican-grill-559-e-162nd-st/-nG-xQGUTZOmoiVevndwIA,merrionette-park-illinois
https://www.ubereats.com/chicago/food-delivery/daisys-catering-cafe/08YZJRiKTzWMpkApvhgY5A,merrionette-park-illinois
https://www.ubereats.com/chicago/food-delivery/fannie-may-ridgeland/nCAUxHbuR4iE-vOKUNfEXQ,merrionette-park-illinois
https://www.ubereats.com/chicago/food-delivery/francescas-vicinato/oxONaQnzToKSXW0W4guHuQ,merrionette-park-illinois
https://www.ubereats.com/chicago/food-delivery/side-street-american-tavern/uOF46N26QnSZ02ygzCkKfw,merrionette-park-illinois
https://www.ubereats.com/chicago/food-delivery/zaky-grill/fxMVgHwQS6u63QYFNDNxxg,merrionette-park-illinois
https://www.ubereats.com/chicago/food-delivery/el-churrito-3/n-tFDN8STka3kzBiYAX5sQ,merrionette-park-illinois
https://www.ubereats.com/chicago/food-delivery/paleteria-michoacana/_4aTJjXES-KGONA5QiUcsQ,merrionette-park-illinois
https://www.ubereats.com/chicago/food-delivery/mcdonalds-halsted-%26-95th-st/-aGdySHcSkSMl-veiLdRkA,merrionette-park-illinois
https://www.ubereats.com/chicago/food-delivery/q-sazon-mexican-restaurant/hIXizaGvTI-xqPGPrroxcg,merrionette-park-illinois
https://www.ubereats.com/chicago/food-delivery/el-pollo-real/6qcTq70jS_WGsR2qlSHeLQ,merrionette-park-illinois
https://www.ubereats.com/chicago/food-delivery/lone-star-steakhouse-crestwood/ayFWhzvGRgSjOZzOCTYZiQ,merrionette-park-illinois
https://www.ubereats.com/chicago/food-delivery/el-chavis-taquizas/YIxRf2hrRRqQpHkGjL5nJw,merrionette-park-illinois
https://www.ubereats.com/chicago/food-delivery/vip-pita/gmRkZ8EdTPKBaLxoMN7pFA,merrionette-park-illinois
https://www.ubereats.com/chicago/food-delivery/rosatis-15911-76th-ave/NvlLaZvLT8yU2a3kD5z1UA,merrionette-park-illinois
https://www.ubereats.com/chicago/food-delivery/115-bourbon-street/hbUrk8vRR66ZpIz8OioI9g,merrionette-park-illinois
https://www.ubereats.com/chicago/food-delivery/mcdonalds-sw-%26-111th-st/eoOaAKeHQCqEJH0n-8ptIA,merrionette-park-illinois
https://www.ubereats.com/chicago/food-delivery/zorbas-gyros/zfRWQPmvR-eYGSGUftjYwQ,merrionette-park-illinois
https://www.ubereats.com/chicago/food-delivery/ap-deli-75th-st-%26-cregier/RObLxS4ZRp-xwlDigKrWpQ,merrionette-park-illinois
https://www.ubereats.com/chicago/food-delivery/pappas-restaurant/N0xnqJaHRJaBOJVyj_iWXA,merrionette-park-illinois
https://www.ubereats.com/chicago/food-delivery/dunkin-13101-s-western-ave/BiAuI6ikRKuxAnXKpdGJAA,merrionette-park-illinois
https://www.ubereats.com/chicago/food-delivery/red-snapper-fish-and-chicken-kedzie-%26-87th-st/EjR8c1YVRGmrvPHkYJn8ng,merrionette-park-illinois
https://www.ubereats.com/chicago/food-delivery/gorditas-adrians/ZuqyHas5S0i4Lo_HTkZTPw,merrionette-park-illinois
https://www.ubereats.com/chicago/food-delivery/the-seafood-company/YGSv1KGJS3uszwlmonA4vg,merrionette-park-illinois
https://www.ubereats.com/chicago/food-delivery/fullers-chicken/NuXlY3PmQ6CpP_JGiCtkJQ,merrionette-park-illinois
https://www.ubereats.com/chicago/food-delivery/mcdonalds-127th-st-%26-ashland/Rj6-WG3wS4eT4OrBrgyqYQ,merrionette-park-illinois
https://www.ubereats.com/chicago/food-delivery/churchs-chicken-halsted/ylUTI9ajQCiJLJwpUwrFVw,merrionette-park-illinois
https://www.ubereats.com/chicago/food-delivery/berger-station/DsrzJwp_QHKOpF7YQNxEWA,merrionette-park-illinois
https://www.ubereats.com/chicago/food-delivery/starbucks-beverly-103rd-%26-longwood/Z_4-QzGoQLaRMFFkjihzzw,merrionette-park-illinois
https://www.ubereats.com/chicago/food-delivery/docks/wg8xh1VmSYyuTwLlxJ4x9A,merrionette-park-illinois
https://www.ubereats.com/chicago/food-delivery/pepes-mexican-restaurant-south-western-avenue/OqaEpiDPS0KV5NdQ7vDoNg,merrionette-park-illinois
https://www.ubereats.com/chicago/food-delivery/dunkin-10340-s-harlem-ave/ocjbtS_STuyaK92zuzNbgQ,merrionette-park-illinois
https://www.ubereats.com/chicago/food-delivery/vip-bar-and-grill-dance-club-llc/acn3_UQMQreszs-B78ycZA,merrionette-park-illinois
https://www.ubereats.com/chicago/food-delivery/ritas-italian-ice-4841-w-79th-st/d7xlAKdyThmwq6Q7B0LTiA,merrionette-park-illinois
https://www.ubereats.com/chicago/food-delivery/3caribbean-jerk-palace-iii/pKPOBZN6TqiJLtNXPokTcQ,merrionette-park-illinois
https://www.ubereats.com/chicago/food-delivery/brodys-cooked-fish-%26-chicken/XllsADukS0ewWYuHm7hIjQ,merrionette-park-illinois
https://www.ubereats.com/chicago/food-delivery/churchs-chicken-6849-s-western-avenue/sbQ4ebNPSMGYlolelFd_lg,merrionette-park-illinois
https://www.ubereats.com/chicago/food-delivery/thoms-turkey/FlnfAxeET9i_Xslte1PCLg,merrionette-park-illinois
https://www.ubereats.com/chicago/food-delivery/gilhooleys-grande-saloon/h0qOqKYSS7iDd-uLogMlLg,merrionette-park-illinois
https://www.ubereats.com/chicago/food-delivery/lucky-burrito/jB-t4GhaTxSl15iAL7B74g,merrionette-park-illinois
https://www.ubereats.com/chicago/food-delivery/schoops-hamburgers-calumet-city/9D0DO1UETRe76EfAtVE8cg,merrionette-park-illinois
https://www.ubereats.com/chicago/food-delivery/hooters-cicero-%26-92nd-st/H7Suskn0TEuvGbszSPesBQ,merrionette-park-illinois
https://www.ubereats.com/chicago/food-delivery/b-%26-b-ice-cream-and-candy/kXL6rjtlTuCWvtRFI28zvg,merrionette-park-illinois
https://www.ubereats.com/chicago/food-delivery/fried-chick-%26-friends/0A3btIU0SyOzcjhFymx_Nw,merrionette-park-illinois
https://www.ubereats.com/chicago/food-delivery/%231-chop-suey/Zw7sXHprQVCsWOBjOKwrcA,merrionette-park-illinois
https://www.ubereats.com/chicago/food-delivery/dunkin-11843-s-pulaski-rd/PBDG1lTpSja1s33A38zi1g,merrionette-park-illinois
https://www.ubereats.com/chicago/food-delivery/sharks-fish-and-chicken-159th/WqjZSuXWR_GnnYlwKtc-jg,merrionette-park-illinois
https://www.ubereats.com/chicago/food-delivery/subway-8614-s-kedzie/kFRXiwYSR9urgcbuoHGIPw,merrionette-park-illinois
https://www.ubereats.com/chicago/food-delivery/subway-12148-s-cicero-ave/QJCX8ql-TY64GdWI49rVcg,merrionette-park-illinois
https://www.ubereats.com/chicago/food-delivery/harolds-chicken-15/O7Ek_b-ARkWa5sSsHO4Jrw,merrionette-park-illinois
https://www.ubereats.com/chicago/food-delivery/mariscos-la-diabla/XJbcsztbSB-flt0Y145LIg,merrionette-park-illinois
https://www.ubereats.com/chicago/food-delivery/nitas-gumbo-country-club-hills/Hu625bI0SB-3MofQosG_mg,merrionette-park-illinois
https://www.ubereats.com/chicago/food-delivery/island-vybes-jerk-bar-%26-grill/oHuQd8R2T5SB9XqQ094WIg,merrionette-park-illinois
https://www.ubereats.com/chicago/food-delivery/subway-11047-s-cicero-ave/s1ShK4LqS8OJqlRNA4DXWg,merrionette-park-illinois
https://www.ubereats.com/chicago/food-delivery/wings-chinese-food/o3t4BxgUTzagwYHMp6bqiQ,merrionette-park-illinois
https://www.ubereats.com/chicago/food-delivery/jrs-jamaican-jerk-calumet-park/uHNVyEx4R0WVpGkE-AEtuA,merrionette-park-illinois
https://www.ubereats.com/chicago/food-delivery/taco-bell-7856-s-stoney-island-ave/dvjyPBy9Sf2QIsbB9N-nFg,merrionette-park-illinois
https://www.ubereats.com/chicago/food-delivery/dunkin-3206-w-111th-st/pqUZYasFTqKsUSmgf-GASg,merrionette-park-illinois
https://www.ubereats.com/chicago/food-delivery/five-guys-il-0564-15840-south-harlem-ave/NRUUbpSqTKKOKPmd5VEh1w,merrionette-park-illinois
https://www.ubereats.com/chicago/food-delivery/portillos-hot-dogs-13130-s-cicero-ave/IxiGS_PoSbSTwFweQqH0YA,merrionette-park-illinois
https://www.ubereats.com/chicago/food-delivery/nickys-the-real-mccoy-115th-and-pulaski/hUymRzeaS5qJq9DZaMAtog,merrionette-park-illinois
https://www.ubereats.com/chicago/food-delivery/rubys-soulfood-express/9nyh_xqfRqGTZUl7ilAaww,merrionette-park-illinois
https://www.ubereats.com/chicago/food-delivery/salinas-pasta-%26-pizza/j64MQtTcTouthRv_ptdSvA,merrionette-park-illinois
https://www.ubereats.com/chicago/food-delivery/lucky-dragon/SbcGz6s_S6eRT3hm1kmJvw,merrionette-park-illinois
https://www.ubereats.com/chicago/food-delivery/cinnabon-baked-at-pilot-12680-s-kedzie/mvY2OSFoRYqzczdpUP4xeQ,merrionette-park-illinois
https://www.ubereats.com/chicago/food-delivery/jj-fish-%26-chicken-homewood/c1fXv6xBTSSRcBfHhnglZg,merrionette-park-illinois
https://www.ubereats.com/chicago/food-delivery/barracos-pizzeria-beverly/VYABri1qSxqMbWf2f-Bbqw,merrionette-park-illinois
https://www.ubereats.com/chicago/food-delivery/the-village-eatery/RdOl5rUmStK52mhAC7d9EA,merrionette-park-illinois
https://www.ubereats.com/chicago/food-delivery/starbucks-oak-lawn-103rd-%26-cicero/x6ziTInlTJag_hLly1VL-A,merrionette-park-illinois
https://www.ubereats.com/chicago/food-delivery/the-crossing-bar-%26-grill-worth/Fr9QG4GbSJywKtPgvTNb3g,merrionette-park-illinois
https://www.ubereats.com/chicago/food-delivery/wing-squad-orland-park/lsVNlO2oTBqnkegyFrk6VQ,merrionette-park-illinois
https://www.ubereats.com/chicago/food-delivery/gradys-diner/dIh5NUWSTP6oWKmtoLojsg,merrionette-park-illinois
https://www.ubereats.com/chicago/food-delivery/seafood-junction/j0D3ujJGSKefUMsura37Mw,merrionette-park-illinois
https://www.ubereats.com/chicago/food-delivery/sharks-fish-and-chicken-western/sLKN9G-oQqmorbXfGm5HRw,merrionette-park-illinois
https://www.ubereats.com/chicago/food-delivery/babas-famous-steak-%26-lemonade-71st-st-%26-western/QeU6PfWHR1ihcfBVKn9fgw,merrionette-park-illinois
https://www.ubereats.com/chicago/food-delivery/taco-bell-12716-ashland-ave/J5lYO8QPTuC3Azes7yBrJg,merrionette-park-illinois
https://www.ubereats.com/chicago/food-delivery/island-fish-and-chicken/yeFYAEVZQ2-SfcKetOHj8Q,merrionette-park-illinois
https://www.ubereats.com/chicago/food-delivery/wingstop-13211-s-cicero-ave/HXk2mnRQSSyMAmPUbYTdUg,merrionette-park-illinois
https://www.ubereats.com/chicago/food-delivery/mcdonalds-pulaski-%26-67th-pl/UoczOtekRmKPYCEAgr1-nQ,merrionette-park-illinois
https://www.ubereats.com/chicago/food-delivery/barracos-pizzeria-mount-greenwood/0Iebub8gTU2-hB84Foafrg,merrionette-park-illinois
https://www.ubereats.com/chicago/food-delivery/churchs-chicken-200-east-103rd-street/UZTJ20jKRM6YjJHsN0Mm1A,merrionette-park-illinois
https://www.ubereats.com/chicago/food-delivery/la-dona-y-la-jefa/B6MkeZjDScOmPtcE9mX_tg,merrionette-park-illinois
https://www.ubereats.com/chicago/food-delivery/nablusi-sweets/I6cDo6EGTQSGQ-fOgVvGrQ,merrionette-park-illinois
https://www.ubereats.com/chicago/food-delivery/bacon-%26-jam/2EkgSwiiRFGGNF9uZDDs6w,merrionette-park-illinois
https://www.ubereats.com/chicago/food-delivery/las-cerezas/XSM2xaZhTAawzg3rOxVkOw,merrionette-park-illinois
https://www.ubereats.com/chicago/food-delivery/rashidats-detox-cafe/gIT1jrpoQ2ufQrA26RhmFA,merrionette-park-illinois
https://www.ubereats.com/chicago/food-delivery/firewater-saloon-3908-w-111th-st/CNRC8tssS4qAelanGuf82Q,merrionette-park-illinois
https://www.ubereats.com/chicago/food-delivery/seafood-junction-chicken-%26-deli/KVzGFYRBRmayqglGU9yNNg,merrionette-park-illinois
https://www.ubereats.com/chicago/food-delivery/sweet-honey-tea/C6izWKSEREuH8IpdgoRP-w,merrionette-park-illinois
https://www.ubereats.com/chicago/food-delivery/kenootz-wings/p1ydC-z5QW6uBBzfeSqKMg,merrionette-park-illinois
https://www.ubereats.com/chicago/food-delivery/ihop-cal-sag-%26-cicero/y2PHIjQQSD6wad73bIeaBg,merrionette-park-illinois
https://www.ubereats.com/chicago/food-delivery/mcdonalds-ashland-%26-83rd-st/c3BcuCW6QuqA5yni4nbwYA,merrionette-park-illinois
https://www.ubereats.com/chicago/food-delivery/the-original-pancake-house-10437-s-western-ave/W6PRGhwrQGWg_xJRA3NsWA,merrionette-park-illinois
https://www.ubereats.com/chicago/food-delivery/americas-dog-and-burger/ndnrDbVbRX-WNnWvXHVw2Q,merrionette-park-illinois
https://www.ubereats.com/chicago/food-delivery/cravings/TKDQtCvmSJuDESoQrAwYPQ,merrionette-park-illinois
https://www.ubereats.com/chicago/food-delivery/fishermans-island-torrence/OAL6Qr03RJKZakUzFvE5Yg,merrionette-park-illinois
https://www.ubereats.com/chicago/food-delivery/taco-bell-7906-s-western-avenue/OUOGRmOfSJOAvIGiy-_MCA,merrionette-park-illinois
https://www.ubereats.com/chicago/food-delivery/barracos-pizzeria-burbank/qzqgh4uRT9uLDirMAwHb0Q,merrionette-park-illinois
https://www.ubereats.com/chicago/food-delivery/wingz-it-iz-stony-island/VOBAcxAPTFGW1zql6xNpcA,merrionette-park-illinois
https://www.ubereats.com/chicago/food-delivery/hearty-cafe-pancake-house/XrKYfo-1SxqR-XYjvyBrEw,merrionette-park-illinois
https://www.ubereats.com/chicago/food-delivery/imanis-original-bean-pies/BVO-4OfdSLGEr-pflTU8Iw,merrionette-park-illinois
https://www.ubereats.com/chicago/food-delivery/subway-13158-s-cicero-ave/DaxR9GhkS3ShgjR2Ryq-ew,merrionette-park-illinois
https://www.ubereats.com/chicago/food-delivery/popeyes-13601-s-cicero-avenu/PVdRqF_XTDCg7FxOlU1hYg,merrionette-park-illinois
https://www.ubereats.com/chicago/food-delivery/jj-fish-%26-chicken-damen-ave/gkpmgvzbS7aojZ1UjuDWhA,merrionette-park-illinois
https://www.ubereats.com/chicago/food-delivery/waldo-cooneys-pizza-worth/yJzA9RAESEKrJlAjcIBQyw,merrionette-park-illinois
https://www.ubereats.com/chicago/food-delivery/paleteria-y-neveria-la-original-de-michoacan/xByrDr4QTsumpLF57s1rfg,merrionette-park-illinois
https://www.ubereats.com/chicago/food-delivery/burger-king-10257-south-harlem/OknkOoLmTfKtJcyG0nLpaA,merrionette-park-illinois
https://www.ubereats.com/chicago/food-delivery/pita-land/ubbRwOFhTd2fRrz4wo4eqA,merrionette-park-illinois
https://www.ubereats.com/chicago/food-delivery/francescas-on-95th/pTCx1F5NSBqNHHYlswx-Tw,merrionette-park-illinois
https://www.ubereats.com/chicago/food-delivery/chipotle-mexican-grill-11018-s-cicero-ave/lYttkn6rSJmQHc6WYHTGSg,merrionette-park-illinois
https://www.ubereats.com/chicago/food-delivery/pepes-tinley-park/2ACOkIDeSvKqJbeQ1a37eA,merrionette-park-illinois
https://www.ubereats.com/chicago/food-delivery/dunkin-4152-w-167th-st/LIm8zREXT4ORys2q-rh4yg,merrionette-park-illinois
https://www.ubereats.com/chicago/food-delivery/boogies-eats/wLj5Ue96Tsiq6pA2FAUSFw,merrionette-park-illinois
https://www.ubereats.com/chicago/food-delivery/the-seacatcher/8rsK6y1CT8Wlqe-_Uv8Oig,merrionette-park-illinois
https://www.ubereats.com/chicago/food-delivery/pepes-cicero/g7ly2lPLRoGLaXxYKnJnFw,merrionette-park-illinois
https://www.ubereats.com/chicago/food-delivery/blaze-pizza-harlem-%26-159th-st/hveKO6HFQtWcz6xEETagVQ,merrionette-park-illinois
https://www.ubereats.com/chicago/food-delivery/jj-fish-%26-chicken-halsted-%26-109th-st/PJ5SsGuFSgKCLUINC-q6KQ,merrionette-park-illinois
https://www.ubereats.com/chicago/food-delivery/shrimp-house/0e43zbb2Ro6Iau_-ej9Pmw,merrionette-park-illinois
https://www.ubereats.com/chicago/food-delivery/whale-fish-%26-chicken-79th-st-%26-honore/YrKsU8E8SrqSp7-2kTpyuw,merrionette-park-illinois
https://www.ubereats.com/chicago/food-delivery/rockin-horse-saloon-%26-grill/iWnTF80SSWmnVezrAjqn7g,merrionette-park-illinois
https://www.ubereats.com/chicago/food-delivery/dunkin-1465-w-95th-st/oIzzs4ZeRCS7ikSxcuRogQ,merrionette-park-illinois
https://www.ubereats.com/chicago/food-delivery/dunkin-3210-w-87th-st/AdK2SbT8QayX9nrR_H9DNA,merrionette-park-illinois
https://www.ubereats.com/chicago/food-delivery/babas-famous-philly-steak-%26-lemonade-state-%26-79th-st/pjW5-1pVTlqPyEjqV0sE9g,merrionette-park-illinois
https://www.ubereats.com/chicago/food-delivery/chicago-cheese-steak-company/_m2wL1kFQ5uQKjtltAS1Fw,merrionette-park-illinois
https://www.ubereats.com/chicago/food-delivery/wus-house-orland-park/aei84wGsQfmexqeVpt-Y5g,merrionette-park-illinois
https://www.ubereats.com/chicago/food-delivery/unbeatable-eatables/deFJ33MPR7yyrOHph5ueOQ,merrionette-park-illinois
https://www.ubereats.com/chicago/food-delivery/the-black-sheep/gLkY2mOSRUiqYPhI29Qd3g,merrionette-park-illinois
https://www.ubereats.com/chicago/food-delivery/oceans-fish-%26-chicken/uhg6YdD7SUGVgjknazA6Sw,merrionette-park-illinois
https://www.ubereats.com/chicago/food-delivery/sizzlin-skillets/DjL7An7uQ36a8X7Op3H6sg,merrionette-park-illinois
https://www.ubereats.com/chicago/food-delivery/sammys-breakfast-lunch-and-dinner/yGksMmz7T-GpM9Lh6E6pwQ,merrionette-park-illinois
https://www.ubereats.com/chicago/food-delivery/top-notch-beef-burgers/5Ea6UR5UQ0SIXYKGgGNYyA,merrionette-park-illinois
https://www.ubereats.com/chicago/food-delivery/firehouse-subs-11008-s-cicero-ave/4Ov7l4ysRUKmmsWX6jPdUw,merrionette-park-illinois
https://www.ubereats.com/chicago/food-delivery/boston-market-13201-s-cicero-avenue/MrfVOvNzTjO3a4IlKEs16Q,merrionette-park-illinois
https://www.ubereats.com/chicago/food-delivery/potbelly-sandwich-shop-pullman-dt-%7C-472/rxtqp-OnTAO_8WSoLp5rLg,merrionette-park-illinois
https://www.ubereats.com/chicago/food-delivery/potbelly-sandwich-shop-evergreen-park-dt-%7C-428/h9Fqv_fXRc2tFCws5ZulJw,merrionette-park-illinois
https://www.ubereats.com/chicago/food-delivery/bees-steak-lemonade/Il3dRGQfShKr-psu5_Ipzw,merrionette-park-illinois
https://www.ubereats.com/chicago/food-delivery/tequila-jalisco-mexican-restaurant/7Hcqi1XOSYKR3Ad-IuRvnA,merrionette-park-illinois
https://www.ubereats.com/chicago/food-delivery/the-brick-oven-by-delta-sonic-crestwood/YaLr3yr6R_yVD2s2d3sP5Q,merrionette-park-illinois
https://www.ubereats.com/chicago/food-delivery/best-gyros-and-subs/roKLHfRHQvqg3d13qFY_Kw,merrionette-park-illinois
https://www.ubereats.com/chicago/food-delivery/ariston-drive-in/aEmVJQjqT9iQzzYml8FSUw,merrionette-park-illinois
https://www.ubereats.com/chicago/food-delivery/big-sharks/qDRgRXTcR6OvyU5tS0HLhw,merrionette-park-illinois
https://www.ubereats.com/chicago/food-delivery/el-patron-mexican-restaurant/VAHAl5VxQhKUb1IxRqsjow,merrionette-park-illinois
https://www.ubereats.com/chicago/food-delivery/la-voute-bistro-%2B-bar/TxuavK9nQZqbptuu-9k3hg,merrionette-park-illinois
https://www.ubereats.com/chicago/food-delivery/whadda-jerk/7FroIgonS-GIG7L8QmzJug,merrionette-park-illinois
https://www.ubereats.com/chicago/food-delivery/79th-street-barbecue/pUX9ZwEuR4ubMXQ_8PM6YA,merrionette-park-illinois
https://www.ubereats.com/chicago/food-delivery/fannie-may-oak-lawn/mO-zQE3RRTm6PBYAFhXLrA,merrionette-park-illinois
https://www.ubereats.com/chicago/food-delivery/madoris-liquor-%26-deli-inc/lo1TAHazT-ugWosSvQ6iTA,merrionette-park-illinois
https://www.ubereats.com/chicago/food-delivery/dunkin-10301-central-ave/MtTKCB5rSz62391E03gydQ,merrionette-park-illinois
https://www.ubereats.com/chicago/food-delivery/sharks-fish-and-chicken-country-club-hills/bMhF234qRQqV-hrQScuA7A,merrionette-park-illinois
https://www.ubereats.com/chicago/food-delivery/kennys-ribs-and-chicken/lFsptrK_T36h4WuvqyJZYQ,merrionette-park-illinois
https://www.ubereats.com/chicago/food-delivery/bella-mia-ristorante/HpoHYJmsSRaT2e7kKWnMaQ,merrionette-park-illinois
https://www.ubereats.com/chicago/food-delivery/wendys-758-west-117th-street/nuq0FovTRHaL3OXnE2liDw,merrionette-park-illinois
https://www.ubereats.com/chicago/food-delivery/shish-kabob-house/OnmMtHbCQi6M2qAx5Bx--w,merrionette-park-illinois
https://www.ubereats.com/chicago/food-delivery/royalberry-waffle-house-%26-restaurant/V3arrdJ-QoeAY0750N9Mfg,merrionette-park-illinois
https://www.ubereats.com/chicago/food-delivery/pepes-mexican-restaurant-6230-south-western/mOYj-vm9TjS9a09lnyZrLw,merrionette-park-illinois
https://www.ubereats.com/chicago/food-delivery/cilantro/1F-PlFHFSVedu8EaPpDU8Q,merrionette-park-illinois
https://www.ubereats.com/chicago/food-delivery/buona-oak-lawn/IiOayMxgTrW-MXnXlTJ7Rw,merrionette-park-illinois
https://www.ubereats.com/chicago/food-delivery/mcdonalds-dixie-%26-147th-st/AJoUlcsFSz2cvZTxYfLEQA,merrionette-park-illinois
https://www.ubereats.com/chicago/food-delivery/taco-bell-2945-west-159th-street/bPQT6LSqQxe4ew0phhzZGA,merrionette-park-illinois
https://www.ubereats.com/chicago/food-delivery/subway-blackstone/TW-G4VxXQAq76t9cTeAhUQ,merrionette-park-illinois
https://www.ubereats.com/chicago/food-delivery/mariscos-la-sirena/l8FA3UZtTLOSZrc9IvEGZQ,merrionette-park-illinois
https://www.ubereats.com/chicago/food-delivery/cuzins-tinley-park/599DpCjiQ_mgoAMmOCeb2g,merrionette-park-illinois
https://www.ubereats.com/chicago/food-delivery/kfc-14559-s-pulaski-road/cYWGyZg2SmOVvfAVswOy5g,merrionette-park-illinois
https://www.ubereats.com/chicago/food-delivery/mcdonalds-87th-st-%26-wabash/Y0P7Xmg5QbyWLIWKCWjfpA,merrionette-park-illinois
https://www.ubereats.com/chicago/food-delivery/jalisco-express-restaurant-burbank/zDHflz7STHGBUa0Iyzke8Q,merrionette-park-illinois
https://www.ubereats.com/chicago/food-delivery/7-seas-dollar-%26-food/pkZzScnjSgSJKhyJhojVrA,merrionette-park-illinois
https://www.ubereats.com/chicago/food-delivery/mcdonalds-western-%26-65th-st/kOPmODiyTZSbGOBrOdcFJg,merrionette-park-illinois
https://www.ubereats.com/chicago/food-delivery/waldo-cooneys-pizza-106th-st/MBIZB1CUSuuW5VVlGG-V-A,merrionette-park-illinois
https://www.ubereats.com/chicago/food-delivery/kennys-ribs-%26-chicken-country-club-hills/C8Xi4VqkQs2Gb1dcpHlzCQ,merrionette-park-illinois
https://www.ubereats.com/chicago/food-delivery/babys-cheesesteak-and-lemonade/Xnmmqg_8SmWfvBZvUOWbgg,merrionette-park-illinois
https://www.ubereats.com/chicago/food-delivery/mcdonalds-162nd-st-%26-cottage-grove/iH79yfQ9SkyU9UtfAyj3Ew,merrionette-park-illinois
https://www.ubereats.com/chicago/food-delivery/red-snapper-fish-and-chicken-evergreen-park/7IOVCCG8Shyz5xgshv9LkA,merrionette-park-illinois
https://www.ubereats.com/chicago/food-delivery/save-me-some/WJVy9nYwTea-jwCcaIrMUQ,merrionette-park-illinois
https://www.ubereats.com/chicago/food-delivery/ap-deli-dixie-%26-151st-st/RS0_LwhrTbKd_dijSZygcQ,merrionette-park-illinois
https://www.ubereats.com/chicago/food-delivery/stacks-183rd-st/IC8OwQ2uQb2nlpOO9sWVIw,merrionette-park-illinois
https://www.ubereats.com/chicago/food-delivery/starbucks-oak-lawn-95th-%26-oak-park/hfPds2vjScyM9NPYY79ieQ,merrionette-park-illinois
https://www.ubereats.com/chicago/food-delivery/wings-chinese-food/EllazaARS4yooC7AfUpgAQ,merrionette-park-illinois
https://www.ubereats.com/chicago/food-delivery/burgerim-6762-w-95th-st/QqBdQ0JcR3eNJs1GTW5GPg,merrionette-park-illinois
https://www.ubereats.com/chicago/food-delivery/jjs-fish-%26-chicken-9512-south-halsted-street/x-Uo2DbiRRepETj3zRvsMA,merrionette-park-illinois
https://www.ubereats.com/chicago/food-delivery/las-picosas-grill-burbank/P9Cozn17SHWn9vOhUuTH0w,merrionette-park-illinois
https://www.ubereats.com/chicago/food-delivery/sharks-fish-%26-chicken-87th-st-%26-vincennes/tjl3lYqKT-SEFk3Jf8iPKg,merrionette-park-illinois
https://www.ubereats.com/chicago/food-delivery/applebees-cal-stag-%26-rivercrest/2H0WYBhnSqyFp51819nQEA,merrionette-park-illinois
https://www.ubereats.com/chicago/food-delivery/restaurante-tenochtitlan/R8BCiwq6RnuYFQmq57Ru9A,merrionette-park-illinois
https://www.ubereats.com/chicago/food-delivery/kfc-10428-south-cicero/uIakNaUvQJ6bGS1kuWqh0A,merrionette-park-illinois
https://www.ubereats.com/chicago/food-delivery/ap-deli-michigan-%26-108th-st/YAdX6IchREKo1hWT9lQ6xA,merrionette-park-illinois
https://www.ubereats.com/chicago/food-delivery/rubys-restaurant/4_iSrQGBQbeiLVCN66vtMg,merrionette-park-illinois
https://www.ubereats.com/chicago/food-delivery/kens-restaurant/49dgnVakRl63VcILItpQAA,merrionette-park-illinois
https://www.ubereats.com/chicago/food-delivery/harolds-chicken-express/t0y_ESw4RdmDmxZnijx3UQ,merrionette-park-illinois
https://www.ubereats.com/chicago/food-delivery/sharks-harvey-fish-and-chicken/iJvt5wTlTh2gqV0lvqFVwg,merrionette-park-illinois
https://www.ubereats.com/chicago/food-delivery/steak-hoagy-sweet-and-more/ramvvcevRhG2VmlY-MXsYg,merrionette-park-illinois
https://www.ubereats.com/chicago/food-delivery/flavor-brunch-bar/8ZsZBTBVTE-9-1JsQ7Ix3g,merrionette-park-illinois
https://www.ubereats.com/chicago/food-delivery/the-original-rainbow-cone/IpYwOFEhQuWblNxzV9NkTw,merrionette-park-illinois
https://www.ubereats.com/chicago/food-delivery/churchs-chicken-58-west-79th-street/PS04u8CHRoW_DsLhUnWC9A,merrionette-park-illinois
https://www.ubereats.com/chicago/food-delivery/dunkin-13661-cicero-ave/z_dQO5IPR-K8p7w0b8f2jA,merrionette-park-illinois
https://www.ubereats.com/chicago/food-delivery/mama-and-me-pizzeria/YviWgw9UToa24-in9Pp2qw,merrionette-park-illinois
https://www.ubereats.com/chicago/food-delivery/highlander-house-restaurant-%26-bar/-EcVEckpTruBnTNaApMy4g,merrionette-park-illinois
https://www.ubereats.com/chicago/food-delivery/fajitas-mexican-restaurant-palos-hills/FkTO3VWNT9Sfi_OYHh7kBw,merrionette-park-illinois
https://www.ubereats.com/chicago/food-delivery/blueberry-hill-breakfast-cafe-homewood/MAafm9XKTqK8wKhg85mlCw,merrionette-park-illinois
https://www.ubereats.com/chicago/food-delivery/ace-pizza/D_VVDttnRZC22Lp7XTVInQ,merrionette-park-illinois
https://www.ubereats.com/chicago/food-delivery/subway-10354-s-halsted/oge52Z8qTmS725K8P_dxtA,merrionette-park-illinois
https://www.ubereats.com/chicago/food-delivery/wus-house-evergreen-park/qWb8z3PATGKgTNRnyBoG8A,merrionette-park-illinois
https://www.ubereats.com/chicago/food-delivery/kfc-8307-s-king-drive/uB07PFriSLWqOhB2fMs9lw,merrionette-park-illinois
https://www.ubereats.com/chicago/food-delivery/taste-of-the-south/awJw2_QcRqmiik1M58brqw,merrionette-park-illinois
https://www.ubereats.com/chicago/food-delivery/taco-bell-6049-west-95th-street/bFNo38-3TgGg_uVED65ZgQ,merrionette-park-illinois
https://www.ubereats.com/chicago/food-delivery/starbucks-159th-%26-cicero/K0mLWHPDSOatV-bcZAoohg,merrionette-park-illinois
https://www.ubereats.com/chicago/food-delivery/krispys-seafood-%26-chicken-87th-st/2I2pWwdMTxOUxL9NRUAlMQ,merrionette-park-illinois
https://www.ubereats.com/chicago/food-delivery/1-11-coffee-bar/4NnhMemhRCqpJdgsY2oUkg,merrionette-park-illinois
https://www.ubereats.com/chicago/food-delivery/dukes-fish-and-chicken/BUyCicS2SRWvfZmuvNOiUg,merrionette-park-illinois
https://www.ubereats.com/chicago/food-delivery/pita-pita-mediterranean-orland-park/JZ6OYIlkSpmUxt3MO_ABxA,merrionette-park-illinois
https://www.ubereats.com/chicago/food-delivery/chipotle-mexican-grill-2302-w-95th-st/lsEOUclTSQi4JNZ-bfbkXw,merrionette-park-illinois
https://www.ubereats.com/chicago/food-delivery/chucks-pizza/9_9GZIn8QyaU4vtRLzVdEA,merrionette-park-illinois
https://www.ubereats.com/chicago/food-delivery/shrimp-house/2IfFAgJbQViwy8uxJZj4fQ,merrionette-park-illinois
https://www.ubereats.com/chicago/food-delivery/nonnas-pizza/NjnoU_lMQ-WH99PD9UNCTw,merrionette-park-illinois
https://www.ubereats.com/chicago/food-delivery/jersey-mikes-subs-95th-st-%26-cicero/Sx_UdoRaRsKWCaKhB7TB9Q,merrionette-park-illinois
https://www.ubereats.com/chicago/food-delivery/chicken-on-the-sib/l0y7LoF6SsK-_N50yRsuYw,merrionette-park-illinois
https://www.ubereats.com/chicago/food-delivery/fiesta-burger-heaven/QljgfTecTEeyI-yUhzvlMw,merrionette-park-illinois
https://www.ubereats.com/chicago/food-delivery/burr-oak-bowl/o4SBPNFgRbCDKr6vPfxQHg,merrionette-park-illinois
https://www.ubereats.com/chicago/food-delivery/panda-express-482-chicago-ridge-mall/OTEe9RZfQRmCJBqTD9wfAw,merrionette-park-illinois
https://www.ubereats.com/chicago/food-delivery/al-basha-cuisine/yFtdXAQuRzKL2rav_OEF7g,merrionette-park-illinois
https://www.ubereats.com/chicago/food-delivery/jimmys-best/f5KpDdaNQMKXyFEJW_zlYg,merrionette-park-illinois
https://www.ubereats.com/chicago/food-delivery/mcdonalds-pulaski-%26-119th-st/y52ZINxXQ-WQ9gAK799yVw,merrionette-park-illinois
https://www.ubereats.com/chicago/food-delivery/caribbean-spice-family-restaurant/zQKZR9HZQu2ssNC6ZP8U_g,merrionette-park-illinois
https://www.ubereats.com/chicago/food-delivery/calabria-imports/FePH6B2DSBiu19rr-eQEbQ,merrionette-park-illinois
https://www.ubereats.com/chicago/food-delivery/mcdonalds-159th-st-%26-debra/CsbcuP-sTU6fF0eBjIJkag,merrionette-park-illinois
https://www.ubereats.com/chicago/food-delivery/dunkin-5443-w-127th-st/C-lg3iIGTbORc7e6JDwp6w,merrionette-park-illinois
https://www.ubereats.com/chicago/food-delivery/mcdonalds-western-%26-79th-st/97Sh44A2T7KwvRMnCeM12Q,merrionette-park-illinois
https://www.ubereats.com/chicago/food-delivery/subway-12121-s-western-ave/hifexfZGRS2v6B6SzIMFeg,merrionette-park-illinois
https://www.ubereats.com/chicago/food-delivery/cabo-san-lucas-grill/5RQDetRQSOOQSo_6-Jhl1Q,merrionette-park-illinois
https://www.ubereats.com/chicago/food-delivery/dreamyvents-catering-e-51st-st/n5Tv4uwNRbOaxjJM9RR_NQ,merrionette-park-illinois
https://www.ubereats.com/chicago/food-delivery/potbelly-sandwich-shop-oak-lawn-%7C-27/5cc0QU9KTpyVLEDtHNEIvg,merrionette-park-illinois
https://www.ubereats.com/chicago/food-delivery/burger-king-12701-south-ashland-avenue/JPDj-aqyTC2EqHc9cldW5Q,merrionette-park-illinois
https://www.ubereats.com/chicago/food-delivery/bar157/nOMzuHIESGeRZqTJcHPeMA,merrionette-park-illinois
https://www.ubereats.com/chicago/food-delivery/buffalo-wild-wings-17510-halsted-st/rUYfntk-QkeE07t_108bwg,merrionette-park-illinois
https://www.ubereats.com/chicago/food-delivery/new-china-express-87th-%26-cottage/AMPahzQoSmGDFbNTyzGX9Q,merrionette-park-illinois
https://www.ubereats.com/chicago/food-delivery/baby-burritos/DZ4ABBG-QHaT6MhzLziCEQ,merrionette-park-illinois
https://www.ubereats.com/chicago/food-delivery/mod-pizza-evergreen-park/ofMKFYVUTOCTUzyQ55ogFA,merrionette-park-illinois
https://www.ubereats.com/chicago/food-delivery/mcdonalds-western-%26-91st-st/32qDCT1ORaGvNhiKrkNihA,merrionette-park-illinois
https://www.ubereats.com/chicago/food-delivery/starbucks-oak-lawn-95th-st-metra/eCnRQueURluieyZS7q4Qbw,merrionette-park-illinois
https://www.ubereats.com/chicago/food-delivery/zacarellis-pizza/vzWWEuoiTgGd4kVNbhMYwA,merrionette-park-illinois
https://www.ubereats.com/chicago/food-delivery/portillos-hot-dogs-4020-w-95th-st/f1aerruHSQWqbvo4q9bVCw,merrionette-park-illinois
https://www.ubereats.com/chicago/food-delivery/markham-international/L9WAO8aATJWSzvTKhkuFng,merrionette-park-illinois
https://www.ubereats.com/chicago/food-delivery/burger-king-11020-south-kedzie-avenue/Dcj-hNgcTqSzGfRr3r2MkA,merrionette-park-illinois
https://www.ubereats.com/chicago/food-delivery/dunkin-10401-s-western-ave/BD9-pW9wQWiuqaUBbmf5vA,merrionette-park-illinois
https://www.ubereats.com/chicago/food-delivery/subway-80th-ave/Jh0SS5zjSEi3spyEFj2BTg,merrionette-park-illinois
https://www.ubereats.com/chicago/food-delivery/jeans-cafe-%26-restaurant/_KL6DwO6Then6YFknjI6ig,merrionette-park-illinois
https://www.ubereats.com/chicago/food-delivery/windy-city-pizza-works/Qk-SoP6fRI-na2T2oSjWBA,merrionette-park-illinois
https://www.ubereats.com/chicago/food-delivery/mcdonalds-cicero-%26-91st-st/d95j3BsGRc2BCFOQgMGVfw,merrionette-park-illinois
https://www.ubereats.com/chicago/food-delivery/mcdonalds-95th-st-%26-lafayette/42qJEcxwRpSqG4tFvpSdcQ,merrionette-park-illinois
https://www.ubereats.com/chicago/food-delivery/mcdonalds-harlem-%26-87th-st/0Z42sb6NSH-bFa9Vbw_h1Q,merrionette-park-illinois
https://www.ubereats.com/chicago/food-delivery/mcalisters-deli-14309-south-lagrange-road/2F-sGFHpTkyI50q1Qdg8GQ,merrionette-park-illinois
https://www.ubereats.com/chicago/food-delivery/golden-shrimp/ZAdXIpEUR32HO34P68zYTA,merrionette-park-illinois
https://www.ubereats.com/chicago/food-delivery/krispy-kreme-halsted-%26-maple/3T8cUwCzQpe7NnK51LNBpA,merrionette-park-illinois
https://www.ubereats.com/chicago/food-delivery/mcdonalds-halsted-%26-114th-st/9Gg0_1RnT5uQC-4E5LLSow,merrionette-park-illinois
https://www.ubereats.com/chicago/food-delivery/charleys-philly-steaks-%26-wings-burbank-plaza-drive-thru/STLobmN5QfC5e9nmcRoVoQ,merrionette-park-illinois
https://www.ubereats.com/chicago/food-delivery/sharks-fish-%26-chicken/hS0EyAvAQiaBXt0CuHHA6w,merrionette-park-illinois
https://www.ubereats.com/chicago/food-delivery/mcdash/dr52X97lTKy4iuEgtXzNAQ,merrionette-park-illinois
https://www.ubereats.com/chicago/food-delivery/jerk-n-go-chicago/3Lz_ypw8RIm3LMOwoXXCdQ,merrionette-park-illinois
https://www.ubereats.com/chicago/food-delivery/kazy-grill/xsynIouQRW2hkC558JgxAA,merrionette-park-illinois
https://www.ubereats.com/chicago/food-delivery/tonys-hoagies/MJeg_ojcSn6KdK6C9Uuveg,merrionette-park-illinois
https://www.ubereats.com/chicago/food-delivery/family-den-restaurant/zaasVo35Qc-ucN4aA8kThQ,merrionette-park-illinois
https://www.ubereats.com/chicago/food-delivery/sharks-fish-%26-chicken-paulina/gtMgFJB7Q-WOrYtEcaPDlQ,merrionette-park-illinois
https://www.ubereats.com/chicago/food-delivery/divine-seafood/hYucOkMsTUW9Fa2KuOXGGQ,merrionette-park-illinois
https://www.ubereats.com/chicago/food-delivery/mr-j-fish-and-chicken/doXGEG0NQuKIF00cGSzT5Q,merrionette-park-illinois
https://www.ubereats.com/chicago/food-delivery/harolds-chicken-cicero-%26-137th-st/q3xVggn4RyKsua5CMw72MQ,merrionette-park-illinois
https://www.ubereats.com/chicago/food-delivery/chicago-chicken-coop-87th-st-%26-kedzie/jBUjA-DxTQi4ycwayGheLw,merrionette-park-illinois
https://www.ubereats.com/chicago/food-delivery/the-skillet-house/PamYGLAuSUmeZ-peTVdORQ,merrionette-park-illinois
https://www.ubereats.com/chicago/food-delivery/georgias-food-depot/dhhpcF7zRliUXTx0mfIL6g,merrionette-park-illinois
https://www.ubereats.com/chicago/food-delivery/munchyz-michigan-ave/sy6UoJ6dRlaYzD2Uo_aNwA,merrionette-park-illinois
https://www.ubereats.com/chicago/food-delivery/bialys-cafe/29hGA6G6TRq-NE7-Zn3F6Q,merrionette-park-illinois
https://www.ubereats.com/chicago/food-delivery/popeyes-9516-s-vincennes-ave/M_PpsuuBROGuVhA9jLD7ew,merrionette-park-illinois
https://www.ubereats.com/chicago/food-delivery/dunkin-12807-s-harlem-ave/IvO5Tzn-Qma8P8ECjALkgQ,merrionette-park-illinois
https://www.ubereats.com/chicago/food-delivery/gyro-grill/dg_BNrpJS96ObqRIpSTrOw,merrionette-park-illinois
https://www.ubereats.com/chicago/food-delivery/dunkin-10801-s-cicero-ave/x0dskDZwS4GKG6o4iJ5aOw,merrionette-park-illinois
https://www.ubereats.com/chicago/food-delivery/johnnys-wee-nee-wagon/ouO6qIwDS5-vD9UPBq-fVg,merrionette-park-illinois
https://www.ubereats.com/chicago/food-delivery/goodlife-soulfood-cafe/KmHLmJgdR_qpEU_hSnyOEw,merrionette-park-illinois
https://www.ubereats.com/chicago/food-delivery/durbins-burbank/zr_N0bvCRSO37SPAEHGTyg,merrionette-park-illinois
https://www.ubereats.com/chicago/food-delivery/taqueria-durango-restaurant/AU3nSB7CSyCJSLEZYjPHvw,merrionette-park-illinois
https://www.ubereats.com/chicago/food-delivery/golden-fish-%26-chicken-63rd/EAiAnczeTMiqhSiEtjnAXg,merrionette-park-illinois
https://www.ubereats.com/chicago/food-delivery/kfc-5301-west-159th-street/Og13P4XkQDuVHv1NnUVhZA,merrionette-park-illinois
https://www.ubereats.com/chicago/food-delivery/portillos-hot-dogs-15900-harlem-ave/Abv-S--TRyeUUjAPJZ8N7g,merrionette-park-illinois
https://www.ubereats.com/chicago/food-delivery/tasty-deli/SQdxptDLTLWBPhN5yeTPdg,merrionette-park-illinois
https://www.ubereats.com/chicago/food-delivery/fishermans-island-167th-st/fphYNOinQHibXOYTIovB2Q,merrionette-park-illinois
https://www.ubereats.com/chicago/food-delivery/kfc-1914-west-79th-street/ounP2nEJTkeoOcoqe55WSw,merrionette-park-illinois
https://www.ubereats.com/chicago/food-delivery/the-white-sheep/dziLgvpsQeOeJhNKyLGjyA,merrionette-park-illinois
https://www.ubereats.com/chicago/food-delivery/sharks-fish-%26-chicken-kedzie/H119sUweTqyoFU_6zL1_UA,merrionette-park-illinois
https://www.ubereats.com/chicago/food-delivery/checkers-14655-s-western-ave/jLLlxeaVRbSmLqPKSLC_5Q,merrionette-park-illinois
https://www.ubereats.com/chicago/food-delivery/sharks-fish-%26-chicken-119th/BjhHkGHsRoagae03UPvpnQ,merrionette-park-illinois
https://www.ubereats.com/chicago/food-delivery/subway-w-87th/oXO0fiwdRnikolfVFgVjZg,merrionette-park-illinois
https://www.ubereats.com/chicago/food-delivery/jimmys-best-9305-s-halsted/O2J87r5pS2O_ZZojC4Y4qg,merrionette-park-illinois
https://www.ubereats.com/chicago/food-delivery/gloria-jeans-coffees/-4M5mGVQQ2qNzBMxEmzzpw,merrionette-park-illinois
https://www.ubereats.com/chicago/food-delivery/ruckers-cafe/Y_ggY1FHTLKVEgMpKA5hyQ,merrionette-park-illinois
https://www.ubereats.com/chicago/food-delivery/jimmys-famous-burger-dolton/GUvU5MHBQl6-bzIwfIJ0tw,merrionette-park-illinois
https://www.ubereats.com/chicago/food-delivery/plutos-beef-%26-hot-dogs/6VqIEoQXRNS8KbKpAAPG7w,merrionette-park-illinois
https://www.ubereats.com/chicago/food-delivery/popeyes-2701-w-95th-st/sy3QiKk_SI6c0HClUVVdPA,merrionette-park-illinois
https://www.ubereats.com/chicago/food-delivery/sharks-fish-%26-chicken/bhJRXWVmS7WpsEBQIM5t2A,merrionette-park-illinois
https://www.ubereats.com/chicago/food-delivery/la-michoacana-azteca-5447-w-79th-st/zx85RUNgQ_2XEpPE02k5hQ,merrionette-park-illinois
https://www.ubereats.com/chicago/food-delivery/mickeys-gyros/eZLbTSRCSkiyR1bRXHHE9g,merrionette-park-illinois
https://www.ubereats.com/chicago/food-delivery/kfc-8940-south-harlem-avenue/Nl05uoeKT-i2CStB3vgChg,merrionette-park-illinois
https://www.ubereats.com/chicago/food-delivery/jj-fish-and-chicken-95th-%26-s-halsted/3ADUJsTHS0eJRkYx5aprQA,merrionette-park-illinois
https://www.ubereats.com/chicago/food-delivery/new-china-wok/dXeQxl26SEyOcEAslSiaPQ,merrionette-park-illinois
https://www.ubereats.com/chicago/food-delivery/capri/wmrMYjdKRF-tmcJs_E7LvQ,merrionette-park-illinois
https://www.ubereats.com/chicago/food-delivery/lindys-chili-%26-gerties-ice-cream-87th/N2RRpDkeTtK2GPYUz_TXxw,merrionette-park-illinois
https://www.ubereats.com/chicago/food-delivery/dunkin-9800-s-western-ave/E2RzNG0fQJuRTXi5qlYayw,merrionette-park-illinois
https://www.ubereats.com/chicago/food-delivery/nineoneonebbqshack/eL-rbWTdSsyrKrIuNw3iFg,merrionette-park-illinois
https://www.ubereats.com/chicago/food-delivery/captain-hooks-fish-%26-chicken/ewunHF37T0ytbg_XAUB6jw,merrionette-park-illinois
https://www.ubereats.com/chicago/food-delivery/dans-soul-food-%26-cafe/h87UTtA6Rjq0HKQz7_Oxzg,merrionette-park-illinois
https://www.ubereats.com/chicago/food-delivery/mccarthys-carry-out/tlM14dqETpW7e-S76oHO6g,merrionette-park-illinois
https://www.ubereats.com/chicago/food-delivery/kfc-1617-e-95th-street/IAx6NtuSSFmjVJwDZl9PWw,merrionette-park-illinois
https://www.ubereats.com/chicago/food-delivery/wendys-11110-s-cicero-ave/3ms-mIPIQWqFoUaCPkBgnQ,merrionette-park-illinois
https://www.ubereats.com/chicago/food-delivery/jerk-taco-man/YRRbtumLTlGx22-yLtS2jw,merrionette-park-illinois
https://www.ubereats.com/chicago/food-delivery/subway-103rd/rH3IWaCNQIyHlXRK4tjJAg,merrionette-park-illinois
https://www.ubereats.com/chicago/food-delivery/subway-3067-w-159th-st/u-dNVj1fS8WcC2B9OHMFLw,merrionette-park-illinois
https://www.ubereats.com/chicago/food-delivery/popeyes-western-%26-121st-st/2iF-gekaQsCDMYHGRP54VA,merrionette-park-illinois
https://www.ubereats.com/chicago/food-delivery/popeyes-kedzie-%26-103rd-st/U5bcFVeLR8ykZoiOPd_cuQ,merrionette-park-illinois
https://www.ubereats.com/chicago/food-delivery/juiced-by-shic/MEHnNtYXR6iK-2TBItljoQ,merrionette-park-illinois
https://www.ubereats.com/chicago/food-delivery/taco-bell-1644-w-95th-st/bvBubmLjTiWb1tbkIA4_WQ,merrionette-park-illinois
https://www.ubereats.com/chicago/food-delivery/the-entrance/t6F65dPAQlu047Nb5l99gA,merrionette-park-illinois
https://www.ubereats.com/chicago/food-delivery/rosatis-pizza-111th-street/1bBsbw-YSSSO8IX1kJBqDw,merrionette-park-illinois
https://www.ubereats.com/chicago/food-delivery/chicago-chicken-coop-167th-%26-pulaski/4G0hiTnWTb-SAzDPJpsy1Q,merrionette-park-illinois
https://www.ubereats.com/chicago/food-delivery/mcdonalds-95th-st-%26-mcvicker/dLgKAcRWTfy3J-CM3hrJcA,merrionette-park-illinois
https://www.ubereats.com/chicago/food-delivery/dunkin-14632-s-cicero-ave/SAJ-zqFVQIWD5vCezIP_Jw,merrionette-park-illinois
https://www.ubereats.com/chicago/food-delivery/la-michoacana/Pg8hZpDdRneq46Q6htCWJg,merrionette-park-illinois
https://www.ubereats.com/chicago/food-delivery/don-chilo/TXeewD52TfOgEoYu8RBdIQ,merrionette-park-illinois
https://www.ubereats.com/chicago/food-delivery/dunkin-4028-w-127th-st/FTv4jmhJRkGLxJ6_Xy7i-A,merrionette-park-illinois
https://www.ubereats.com/chicago/food-delivery/j%26j-fish-and-chicken-79th-and-western/8g2qS2nwT3SHt3rAG1bMuQ,merrionette-park-illinois
https://www.ubereats.com/chicago/food-delivery/elenis-dinner-menu/qnEZf7AWTXa0xXKla1osuA,merrionette-park-illinois
https://www.ubereats.com/chicago/food-delivery/burger-king-4545-west-95th-street/bkv4pczTQbWPSO1V7rPfWA,merrionette-park-illinois
https://www.ubereats.com/chicago/food-delivery/j-%26-j-food/9I5tloelTyGoR9Jo38VrFQ,merrionette-park-illinois
https://www.ubereats.com/chicago/food-delivery/dunkin-14631-pulaski-rd/4uRhp_hRSJepREIpVgGOiA,merrionette-park-illinois
https://www.ubereats.com/chicago/food-delivery/subway-9610-s-cicero-ave/dpAqRlPlQgmU_sB6DNUAaA,merrionette-park-illinois
https://www.ubereats.com/chicago/food-delivery/white-castle-7900-s-pulaski-rd/D5-5vhwmSz6QZ4R_CC3n_Q,merrionette-park-illinois
https://www.ubereats.com/chicago/food-delivery/kfc-10421-south-western-avenue/RZIib4HOSS6JVYmrgH7wyQ,merrionette-park-illinois
https://www.ubereats.com/chicago/food-delivery/submarine-9802-s-halsted-st/Wp1ENYehT5WT576TumH5qg,merrionette-park-illinois
https://www.ubereats.com/chicago/food-delivery/white-castle-2555-w-95th-st/9mNQkvqRTDu7gBellIoM_w,merrionette-park-illinois
https://www.ubereats.com/chicago/food-delivery/senor-salsa/EAx7gYJYSJC1DlKaK0STbw,merrionette-park-illinois
https://www.ubereats.com/chicago/food-delivery/dakota-inn/uMfH_pz2T5qKwx52Vy-MRA,merrionette-park-illinois
https://www.ubereats.com/chicago/food-delivery/sharks-fish-%26-chicken-87th-%26-cicero/LdVss9pyQpiY7mboHQOv3Q,merrionette-park-illinois
https://www.ubereats.com/chicago/food-delivery/subway-53-w-79th-st/WVfoOsUOS0icdXb-uwblWw,merrionette-park-illinois
https://www.ubereats.com/chicago/food-delivery/happy-wings-fish-and-chicken/bxdBr-XZSZuAlIEpUqDuyw,merrionette-park-illinois
https://www.ubereats.com/chicago/food-delivery/subway-232-east-147th-st/xr-uX9PmRMm7dL1IRbgfJw,merrionette-park-illinois
https://www.ubereats.com/chicago/food-delivery/dunkin-12150-s-cicero-ave/uTxszt_lT5KgRJJ5ff2O5g,merrionette-park-illinois
https://www.ubereats.com/chicago/food-delivery/dunkin-6408-w-95th-st/BBklDfxjSsiNEfBBW_pPIw,merrionette-park-illinois
https://www.ubereats.com/chicago/food-delivery/the-taco-spot/uztCqbGLTZeJC_M9K7Y6VQ,merrionette-park-illinois
https://www.ubereats.com/chicago/food-delivery/taco-bell-11750-south-palaski-road/XvNvhtluQkaHpvAZ09kr9g,merrionette-park-illinois
https://www.ubereats.com/chicago/food-delivery/five-guys-il-0548-9620-s-ridgeland-ave/mMmShk9kSXyUFE20yFMg2A,merrionette-park-illinois
https://www.ubereats.com/chicago/food-delivery/mcdonalds-115th-st-%26-champlain/9I6jtYx1QQOqI2GpOtPhPw,merrionette-park-illinois
https://www.ubereats.com/chicago/food-delivery/cuzins-blue-island/m8rpUfBuTZCd8dmQdCbYPQ,merrionette-park-illinois
https://www.ubereats.com/chicago/food-delivery/milas-family-kitchen/29RMesC3T0OmiNtksy0ZSw,merrionette-park-illinois
https://www.ubereats.com/chicago/food-delivery/chipotle-mexican-grill-13340-cicero-ave/5dLXlKeZQaGjXui8LgMecw,merrionette-park-illinois
https://www.ubereats.com/chicago/food-delivery/jj-fish-%26-chicken-79th/_K8ikfu4RXqJDuaWq5zzmw,merrionette-park-illinois
https://www.ubereats.com/chicago/food-delivery/mcdonalds-pulaski-%26-84th-st/42UW8dZBQqmDxu6VsZ1eVQ,merrionette-park-illinois
https://www.ubereats.com/chicago/food-delivery/pollo-locuas-restaurant/snEnfwBnQTuCBgR9-qcGUg,merrionette-park-illinois
https://www.ubereats.com/chicago/food-delivery/egg-rolls-etc/7xJs8ylBSEydyPcvZp5SlQ,merrionette-park-illinois
https://www.ubereats.com/chicago/food-delivery/agave-tacos-tequila-mezcal/VnwhyTOdRP-qUz71-u3kbw,merrionette-park-illinois
https://www.ubereats.com/chicago/food-delivery/momos-sandwich-shop/QsKgLX4ASG-_NjcVXAcEIQ,merrionette-park-illinois
https://www.ubereats.com/chicago/food-delivery/williams-inn-pizzeria/proeFhxtRk6_8KajsODPhg,merrionette-park-illinois
https://www.ubereats.com/chicago/food-delivery/peppos-great-sub-sandwiches/OQ-CFKw8SVe7wF33nKG3WQ,merrionette-park-illinois
https://www.ubereats.com/chicago/food-delivery/seashell-fried-chicken-and-fish-69th-%26-ashland/0Iu9pWjETpCzFoBapdXjSQ,merrionette-park-illinois
https://www.ubereats.com/chicago/food-delivery/taste-of-chicago-michigan-%26-111th-st/1by4UwYkRJig3idT-VwKEg,merrionette-park-illinois
https://www.ubereats.com/chicago/food-delivery/tgi-fridays-5420-w-95th-st/xF5CpBzKTu2_mpRp2-V4lw,merrionette-park-illinois
https://www.ubereats.com/chicago/food-delivery/idellas-chicago-style-popcorn/Qryt_4u9Q5eT0t4zGPl_jg,merrionette-park-illinois
https://www.ubereats.com/chicago/food-delivery/sharks-fish-%26-tonys-grill-harvey/UhdC2RwcRYmtSDefxAbHVg,merrionette-park-illinois
https://www.ubereats.com/chicago/food-delivery/popeyes-15345-wood-st/Iub_9JpmTsKpbjTn_vBcgQ,merrionette-park-illinois
https://www.ubereats.com/chicago/food-delivery/subway-chatham/Rxw01JS7R3icALSk7hfmEA,merrionette-park-illinois
https://www.ubereats.com/chicago/food-delivery/chicago-wingz-around-the-world-75th/tAzAgAypRS-KETJ8XT9fLg,merrionette-park-illinois
https://www.ubereats.com/chicago/food-delivery/harolds-chicken-167th-st-%26-pulaski/h27KXeNVTOu9B_EqSgqqvA,merrionette-park-illinois
https://www.ubereats.com/chicago/food-delivery/la-michoacana-premium-oak-lawn/HOLAVbIfSReqZ_O3eUFA3Q,merrionette-park-illinois
https://www.ubereats.com/chicago/food-delivery/subway-111th-st/ogvDp4RSRYa3PHYt_XhVTw,merrionette-park-illinois
https://www.ubereats.com/chicago/food-delivery/hook-fish-%26-chicken/rLD-k_49TTepedk84G2LSg,merrionette-park-illinois
https://www.ubereats.com/chicago/food-delivery/cousins-subs/-_HdOfskQRGAlmg1U5IpXw,merrionette-park-illinois
https://www.ubereats.com/chicago/food-delivery/fuego-caliente/aLeSjoJWS5Ko0BRfAWxSVQ,merrionette-park-illinois
https://www.ubereats.com/chicago/food-delivery/cold-stone-creamery-5120-w-95th-st/qh9JP1cMTAqmwbw3nmuo7w,merrionette-park-illinois
https://www.ubereats.com/chicago/food-delivery/krispy-kreme-9150-s-western-avenue/6_yzTa5CRO272Vsuj7t1UA,merrionette-park-illinois
https://www.ubereats.com/chicago/food-delivery/19-paul-bbq-%26-smokehouse/BH4okO15Sia7mFysYN3rXg,merrionette-park-illinois
https://www.ubereats.com/chicago/food-delivery/dunkin-2323-w-127th-st/XG-bLogKTpmHTcadBgTnXA,merrionette-park-illinois
https://www.ubereats.com/chicago/food-delivery/dunkin-250-w-sibley-blvd/peHnRv2cTdOIXEyonYDE0g,merrionette-park-illinois
https://www.ubereats.com/chicago/food-delivery/kojak-drive-in/pPd0wzj4QWicPpAynIHccg,merrionette-park-illinois
https://www.ubereats.com/chicago/food-delivery/panda-express-13581-south-cicero-ave/C-wG8epeT2mqfCzKqWDwSw,merrionette-park-illinois
https://www.ubereats.com/chicago/food-delivery/rico-rinos-pizza/2X6slg34QqqzSYxTer5NaQ,merrionette-park-illinois
https://www.ubereats.com/chicago/food-delivery/jimmys-fish-%26-chicken/q-1WkbgVTRajVWNrF7MsHQ,merrionette-park-illinois
https://www.ubereats.com/chicago/food-delivery/pepes-mexican-restaurant-east-79th/P3eN7Ij5Sxq-etynSrNTpw,merrionette-park-illinois
https://www.ubereats.com/chicago/food-delivery/taqueria-el-potrero/b_gkmSqxT7GNY8UgoTeIOg,merrionette-park-illinois
https://www.ubereats.com/chicago/food-delivery/wingstop-2831-w-95th-st/c7m4UXVlTSap73QpprJ_sA,merrionette-park-illinois
https://www.ubereats.com/chicago/food-delivery/buffet-city-cajun-seafood-boil/R9x4RMRWTrWGLRwSMRmVQQ,merrionette-park-illinois
https://www.ubereats.com/chicago/food-delivery/brown-sugar-bakery/P7tI-rcbSW2mZqrGhfKc2g,merrionette-park-illinois
https://www.ubereats.com/chicago/food-delivery/rs-jamaican-jerk/igi6WdaMSy-AWnRJRqvncw,merrionette-park-illinois
https://www.ubereats.com/chicago/food-delivery/burger-king-14300-s-cicero-avenue/RmS3VcgiR9Szt7D8xpK8Xw,merrionette-park-illinois
https://www.ubereats.com/chicago/food-delivery/panda-express-119th-st-%26-i-57/gsBgvPt-RFWElHAklX5ZPA,merrionette-park-illinois
https://www.ubereats.com/chicago/food-delivery/kfc-1043-east-sibley-boulevard/Rr4buFn5TgK9w0_XLcooTA,merrionette-park-illinois
https://www.ubereats.com/chicago/food-delivery/%231-deli/b-wsN6JbRc6Wd265qbz34Q,merrionette-park-illinois
https://www.ubereats.com/chicago/food-delivery/wendys-12875-s-harlem-avenue/LRyFUkv0Td6r-_y9fYMIvg,merrionette-park-illinois
https://www.ubereats.com/chicago/food-delivery/the-station-pizzeria/InBQhflpR1yNx9f7XyQHHg,merrionette-park-illinois
https://www.ubereats.com/chicago/food-delivery/krispy-kreme-western-%26-91st-st/msxwpWoHTWiwi7p73v6l6Q,merrionette-park-illinois
https://www.ubereats.com/chicago/food-delivery/taco-bell-1323-sibley-boulevard/kEaXgiRcT9usV60qlFb3sQ,merrionette-park-illinois
https://www.ubereats.com/chicago/food-delivery/spread-pizza/YJTyY-6YSR2n3Tv8bvU9UA,merrionette-park-illinois
https://www.ubereats.com/chicago/food-delivery/mcdonalds-kedzie-%26-103rd-st/Tizmx2XsSBS-JG7Bi3ibSA,merrionette-park-illinois
https://www.ubereats.com/chicago/food-delivery/pops-italian-beef-of-kedzie/C7_DkMZWQoqx1srjORnlsQ,merrionette-park-illinois
https://www.ubereats.com/chicago/food-delivery/jj-fish-%26-chicken-1861-w-87th-st/smyJL2CuQbq0LQWCyKERIg,merrionette-park-illinois
https://www.ubereats.com/chicago/food-delivery/barracos-pizzeria-evergreen-park/F3utYWRMRV2P_UDGI0ZA6A,merrionette-park-illinois
https://www.ubereats.com/chicago/food-delivery/sharks-fish-%26-chicken-harvey/91NNAfWzQnyiQ49FXJx_CQ,merrionette-park-illinois
https://www.ubereats.com/chicago/food-delivery/wendys-13400-cicero-avenue/2XWC5TLdTPKn7_FedZRNew,merrionette-park-illinois
https://www.ubereats.com/chicago/food-delivery/burger-king-3220-west-columbus-avenue/H207vS7RTo2D0gkSEUKv-A,merrionette-park-illinois
https://www.ubereats.com/chicago/food-delivery/subway-pulaski-%26-65th-st/-aZidyYrSNuLr1n2U2p76A,merrionette-park-illinois
https://www.ubereats.com/chicago/food-delivery/wingstop-119th-st-%26-page/-SBMeeLYQamBzc1ePrxJEQ,merrionette-park-illinois
https://www.ubereats.com/chicago/food-delivery/harolds-chicken-shack-10259-s-halsted-st/fcvg_pGqTimUaKNi923Hew,merrionette-park-illinois
https://www.ubereats.com/chicago/food-delivery/2caribbean-jerk-palace-iii/qUoP0nqiRfyBfHSYyRgSKA,merrionette-park-illinois
https://www.ubereats.com/chicago/food-delivery/dans-soul-food-%26-bakery/fdi0prsUTxecl_XImJyQ3A,merrionette-park-illinois
https://www.ubereats.com/chicago/food-delivery/pepes-chicago-ridge/OhnKD7f9RP6WgJIDElndNw,merrionette-park-illinois
https://www.ubereats.com/chicago/food-delivery/fry-the-coop/ZzopkanDRTG1oYsuIa6uYg,merrionette-park-illinois
https://www.ubereats.com/chicago/food-delivery/roma-cafe/1eqVUsNISBimeAnOoB5g1A,merrionette-park-illinois
https://www.ubereats.com/chicago/food-delivery/el-gallo-tapatio-4/Uk9H9W_lRRKSnrQlFNnYFA,merrionette-park-illinois
https://www.ubereats.com/chicago/food-delivery/sharks-fish/nlAlvhkjSQ2zmzWZ20USzg,merrionette-park-illinois
https://www.ubereats.com/chicago/food-delivery/popeyes-markham/W21JqkqORruxrXje_cWvYA,merrionette-park-illinois
https://www.ubereats.com/chicago/food-delivery/wingz-it-iz-alsip/WAcYrBdCSbm_MAS-Oc49Cg,merrionette-park-illinois
https://www.ubereats.com/chicago/food-delivery/sammys-touch/jvknorAVTfWQDY0aTGL8_Q,merrionette-park-illinois
https://www.ubereats.com/chicago/food-delivery/whata-taco/q2lorRDaTuK19WnOKZHGGg,merrionette-park-illinois
https://www.ubereats.com/chicago/food-delivery/taco-bell-7601-w-111th-st/fbB9_2YkTwKd07hXYylR1A,merrionette-park-illinois
https://www.ubereats.com/chicago/food-delivery/phillys-original-steak-%26-lemonade/Ih3jx7vkRo-6JOWzGADVsg,merrionette-park-illinois
https://www.ubereats.com/chicago/food-delivery/the-original-pancake-house-cicero-%26-109th-st/fd-c4Ys0TlaNovtI7V85Dw,merrionette-park-illinois
https://www.ubereats.com/chicago/food-delivery/the-crazy-crab-chicago/APOkDPlHTGmY1D2_Uknbyg,merrionette-park-illinois
https://www.ubereats.com/chicago/food-delivery/eat-n-run/sBBQAJriSoKsYzEcVrblkA,merrionette-park-illinois
https://www.ubereats.com/chicago/food-delivery/starbucks-167th-%26-crawford/oJYPDBvxRTukpJjYsp92AQ,merrionette-park-illinois
https://www.ubereats.com/chicago/food-delivery/semsem/aXLeLMjaQQ6q_y8YfThwqg,merrionette-park-illinois
https://www.ubereats.com/chicago/food-delivery/gourmet-on-the-go/3gSDz8xlRWivx-arlyTyWw,merrionette-park-illinois
https://www.ubereats.com/chicago/food-delivery/phillys-original/5siiWp20RHmG7NJrVRcZgA,merrionette-park-illinois
https://www.ubereats.com/chicago/food-delivery/maxwell-express-87th-%26-aberdeen/dP-uuI4eTzOpN-6Ed2Qziw,merrionette-park-illinois
https://www.ubereats.com/chicago/food-delivery/auntie-annes-308-orland-square/OfUyHxUqSlunp1GMg9kaHg,merrionette-park-illinois
https://www.ubereats.com/chicago/food-delivery/hometown-gyros-midlothian/izViig63ST2eufO6NdsNMA,merrionette-park-illinois
https://www.ubereats.com/chicago/food-delivery/los-primos-sazon/l771g_jVRVudBBeOBpCRfg,merrionette-park-illinois
https://www.ubereats.com/chicago/food-delivery/papa-johns-pizza-burbank/-DL9jqR-QbOfVpwIT2RUoA,merrionette-park-illinois
https://www.ubereats.com/chicago/food-delivery/max-grille-jerk-%26-bbq/4lPgVZ44TOC60ZgvtQdyfA,merrionette-park-illinois
https://www.ubereats.com/chicago/food-delivery/subway-119th/_L066sasTGK0bHquMKNmzw,merrionette-park-illinois
https://www.ubereats.com/chicago/food-delivery/lilahs-sports-bar-%26-grill/F2vM6Zk2TG-BOpqaaEuacw,merrionette-park-illinois
https://www.ubereats.com/chicago/food-delivery/taco-bell-6631-south-cicero/pOpT6esVQdC-KwGLsgFk7A,merrionette-park-illinois
https://www.ubereats.com/chicago/food-delivery/5-loaves-eatery/TKXZLxTpTieOE3u70uEbKA,merrionette-park-illinois
https://www.ubereats.com/chicago/food-delivery/buddy-pizza-%26-wings/gJKPPZPNTSCrARiYdKqonQ,merrionette-park-illinois
https://www.ubereats.com/chicago/food-delivery/pepes-hickory-hills/V5gq77GbRke6-Rbtk5LJbA,merrionette-park-illinois
https://www.ubereats.com/chicago/food-delivery/casa-margarita-orland-park/-40wHYuGTU64yvN04I_u-Q,merrionette-park-illinois
https://www.ubereats.com/chicago/food-delivery/the-original-papa-joes/H_t9hp0ITOuPCImrY53p6w,merrionette-park-illinois
https://www.ubereats.com/chicago/food-delivery/b-js-market/9D7Rgjt0ToSzZPXbqeX0lw,merrionette-park-illinois
https://www.ubereats.com/chicago/food-delivery/dunkin-8145-s-pulaski-rd-gas-station/PQ_ee7j3SxipQ5ezzemsUw,merrionette-park-illinois
https://www.ubereats.com/chicago/food-delivery/taqueria-los-comales-cicero-%26-79th-st/p6GogGoNTiqZvqIxYNchPw,merrionette-park-illinois
https://www.ubereats.com/chicago/food-delivery/gogo-fish-%26-steak/lfY9claZSE-LxDz5UQsMGw,merrionette-park-illinois
https://www.ubereats.com/chicago/food-delivery/taqueria-ochoas/H_NNxpmxQOaCp3K9iXIPow,merrionette-park-illinois
https://www.ubereats.com/chicago/food-delivery/red-robin-744-103-chicago-ridge-mall/Cb8l7lMNR5uu56GSq7Gtnw,merrionette-park-illinois
https://www.ubereats.com/chicago/food-delivery/waldo-cooneys-pizza-111th-%26-western/4t16Fr7xReasbA27pAcw7g,merrionette-park-illinois
https://www.ubereats.com/chicago/food-delivery/wendys-12723-s-ashland-ave/F3qtQ3kpTjmTDAC5Wc81pg,merrionette-park-illinois
https://www.ubereats.com/chicago/food-delivery/the-ice-cream-shop/p6SJMH-MT9OysTw4EITqWA,merrionette-park-illinois
https://www.ubereats.com/chicago/food-delivery/el-coyote-mexican-restaurant/UKZxsqJYThy-Q85MWy9Mrw,merrionette-park-illinois
https://www.ubereats.com/chicago/food-delivery/starbucks-palos-heights-119th-%26-harlem/qlVLlareQwmDiM3Mpx3n3g,merrionette-park-illinois
https://www.ubereats.com/chicago/food-delivery/la-fiesta-bakery/vGa6Ds6cQ6qHRemrjDs6eA,merrionette-park-illinois
https://www.ubereats.com/chicago/food-delivery/pj-fresh-127th-%26-kedzie/aDougP3yS_KtRtxACZfkxg,merrionette-park-illinois
https://www.ubereats.com/chicago/food-delivery/angelicas-bakery/ddTVxfbQSsuQlkfpnC_P_Q,merrionette-park-illinois
https://www.ubereats.com/chicago/food-delivery/noodles-%26-company-15915-s-harlem-ave/hn18ecJTSTmrDeSbkTtYlQ,merrionette-park-illinois
https://www.ubereats.com/chicago/food-delivery/fontanos-subs-ii/UC5baTjtRySbARaHd39PVg,merrionette-park-illinois
https://www.ubereats.com/chicago/food-delivery/sharks-fish-and-chicken-147-and-kedzie/a6B46e2DRiiRWuuHsFbxmw,merrionette-park-illinois
https://www.ubereats.com/chicago/food-delivery/kismet-of-orland-inc/vCul6lhFTNyjDkWlfRC7Ow,merrionette-park-illinois
https://www.ubereats.com/chicago/food-delivery/sharks-fish-%26-chicken-167th-st/x1kvCo-fTW-BoIJ4pr4LdA,merrionette-park-illinois
https://www.ubereats.com/chicago/food-delivery/premos-drive-in/3iK3VqVVT1ayokC7esW1dQ,merrionette-park-illinois
https://www.ubereats.com/chicago/food-delivery/buona-beverly/fdJQJJcvQgakAP6WPE7dHw,merrionette-park-illinois
https://www.ubereats.com/chicago/food-delivery/burger-king-12010-s-pulaski-rd/_iCVsnj4SiqObWvkAOss3g,merrionette-park-illinois
https://www.ubereats.com/chicago/food-delivery/firehouse-fish-%26-chicken-100-w-87th-st/HU3cn3hBQda3O6UOfGBcRQ,merrionette-park-illinois
https://www.ubereats.com/chicago/food-delivery/taco-burrito-king-alsip/6iVb_z84S12pDBA6_b0B5w,merrionette-park-illinois
https://www.ubereats.com/chicago/food-delivery/popculture-gourmet-shops/VwfwmjuORSupgtwdFqdKHg,merrionette-park-illinois
https://www.ubereats.com/chicago/food-delivery/sonic-drive-in-167th-st-%26-pulaski/nYqkj1z4SIaeID1S9KqI0w,merrionette-park-illinois
https://www.ubereats.com/chicago/food-delivery/poppin-dough/4zWmGUpIRvStWzJgWUFatQ,merrionette-park-illinois
https://www.ubereats.com/chicago/food-delivery/the-woodlawn/ZEjEYTIcRl2rYi_kq-Indw,merrionette-park-illinois
https://www.ubereats.com/chicago/food-delivery/moys-chinese-kitchen/BtU3scOLT3iMm0LdsvlI3Q,merrionette-park-illinois
https://www.ubereats.com/chicago/food-delivery/mcdonalds-vincennes-%26-77th-st/UmEusOQ-TUahvnSSUqKTlw,merrionette-park-illinois
https://www.ubereats.com/chicago/food-delivery/harolds-chicken-shack-no-26/-dTWVBbWR2mvnXVPFxa5Ug,merrionette-park-illinois
https://www.ubereats.com/chicago/food-delivery/shrimps-seafood-and-tonys-grill/bzV-pnkDQHO5ZNH5Eqa26g,merrionette-park-illinois
https://www.ubereats.com/chicago/food-delivery/mcdonalds-cicero-%26-137th-st/bmvjY5gvRDCOCZ5VoYbg_A,merrionette-park-illinois
https://www.ubereats.com/chicago/food-delivery/subway-10319-s-pulaski/5Ba0gZg2Rn-txgMt9VMe4Q,merrionette-park-illinois
https://www.ubereats.com/chicago/food-delivery/subway-95th-st/-pro6KHrSj-RtBZeL85-VA,merrionette-park-illinois
https://www.ubereats.com/chicago/food-delivery/shellys-pancake-house/EiAZx6F3Q_-hy3tMs4a3SQ,merrionette-park-illinois
https://www.ubereats.com/chicago/food-delivery/my-way-ristorante/NVdHbJemR8OGFz0WM6peww,merrionette-park-illinois
https://www.ubereats.com/chicago/food-delivery/giannas-pizza/i1XycJ_qSc6QHOsbX_kkCA,merrionette-park-illinois
https://www.ubereats.com/chicago/food-delivery/texas-de-brazil-orland-park/3fpFb5-RR6mpv5jMSEmBVQ,merrionette-park-illinois
https://www.ubereats.com/chicago/food-delivery/jimmys-famous-burger/_ZBXyi1MQaqTpOf5ecE6CA,merrionette-park-illinois
https://www.ubereats.com/chicago/food-delivery/skillet-house-burgers/6VFsr3ZTTiiow8ElPoiVvA,merrionette-park-illinois
https://www.ubereats.com/chicago/food-delivery/zaki-restaurant/1zjB77_-Roy3YfOp-Jobvw,merrionette-park-illinois
https://www.ubereats.com/chicago/food-delivery/arbys-11017-s-cicero-ave/SyNkhEbWS3GJ4RC-37PiWQ,merrionette-park-illinois
https://www.ubereats.com/chicago/food-delivery/white-castle-12156-s-cicero-ave/smH555NWQh2TH9P7RB04XQ,merrionette-park-illinois
https://www.ubereats.com/chicago/food-delivery/little-something-extra/ihx_Z1LkTjiC7uGNzF35JA,merrionette-park-illinois
https://www.ubereats.com/chicago/food-delivery/dunkin-9601-s-pulaski-rd/oZgGlP3wTtyjfklKpRSmqQ,merrionette-park-illinois
https://www.ubereats.com/chicago/food-delivery/zarb-house/R6CgmSSQT--ND3nRgIt_-g,merrionette-park-illinois
https://www.ubereats.com/chicago/food-delivery/subway-12258-s-pulaski/3WPBMge9RB-0QZad0T4dzw,merrionette-park-illinois
https://www.ubereats.com/chicago/food-delivery/island-lounge/drEWRcvoQ2azTmPz5m5cnw,merrionette-park-illinois
https://www.ubereats.com/chicago/food-delivery/wingstop-7953-s-cicero-ave/rI4brAqgRR2xtYzk80AcUg,merrionette-park-illinois
https://www.ubereats.com/chicago/food-delivery/cafe-slr/oMr-mFdYQOW2vCYK0flMgA,merrionette-park-illinois
https://www.ubereats.com/chicago/food-delivery/the-quarry-restaurant/vIVjuwG9Scij4TltZIWwsw,merrionette-park-illinois
https://www.ubereats.com/chicago/food-delivery/campbells-jerk/QeHNzw62ThCL4G0O7WnvHA,merrionette-park-illinois
https://www.ubereats.com/chicago/food-delivery/paleteria-la-tropicana/-xGz2DWyS6-bLCkn4s_mBw,merrionette-park-illinois
https://www.ubereats.com/chicago/food-delivery/captain-hooks-fish-and-chicken-e-103rd/h0cTg54qS-S7oyGKpXSj7g,merrionette-park-illinois
https://www.ubereats.com/chicago/food-delivery/harolds-chicken-95th-st-%26-bell/8srNGok_TAWnov3-przDxQ,merrionette-park-illinois
https://www.ubereats.com/chicago/food-delivery/potbelly-sandwich-shop-chatham-%7C-194/vPuciTRxQ_m-ygrXEXiNFA,merrionette-park-illinois
https://www.ubereats.com/chicago/food-delivery/meatheads-oak-lawn/6KvUuCfVSYWuFzDYAFs2Qw,merrionette-park-illinois
https://www.ubereats.com/chicago/food-delivery/haires-gulf-shrimp/dNL7YUJyToSi15dZre7tyA,merrionette-park-illinois
https://www.ubereats.com/chicago/food-delivery/jimmys-best-1347-e-87th/ttQXB0jmQDSvMGwB5rySLQ,merrionette-park-illinois
https://www.ubereats.com/chicago/food-delivery/chipotle-mexican-grill-6230-w-95th-st-ste-b/nKNjRHXYRNOAUeRRD9D4Lw,merrionette-park-illinois
https://www.ubereats.com/chicago/food-delivery/mcdonalds-159th-st-%26-whipple/yMMTLCiIRayrsrDO1X4EPg,merrionette-park-illinois
https://www.ubereats.com/chicago/food-delivery/seashell-fried-chicken-and-fish-79th-%26-lawrence/8ffq510PSXyZivgd4lP_lQ,merrionette-park-illinois
https://www.ubereats.com/chicago/food-delivery/kfc-10200-s-halsted-street/fw5hW3y0TZimc-E8QSY-LQ,merrionette-park-illinois
https://www.ubereats.com/chicago/food-delivery/richards-super-premium-ice-cream/uLrAw5sVQH2vbBR6r2injA,merrionette-park-illinois
https://www.ubereats.com/chicago/food-delivery/seashells-fried-chicken-and-fish-111th-%26-perry/fK4gH8itT5eNm1q3g8VHpA,merrionette-park-illinois
https://www.ubereats.com/chicago/food-delivery/fannie-may-palos-heights/kgOYgktcRRGyXAj1pqi_TA,merrionette-park-illinois
https://www.ubereats.com/chicago/food-delivery/mikkeys-retro-grill-stony-island/G6sABu9jTuOfhHLNR8Hgew,merrionette-park-illinois
https://www.ubereats.com/chicago/food-delivery/deuces-sports-bar-%26-grill/KaQMz3EWTE-T1zM81K60pw,merrionette-park-illinois
https://www.ubereats.com/chicago/food-delivery/tropic-island-jerk-chicken/fMcgaFMdS4u5G2G4x4PNDg,merrionette-park-illinois
https://www.ubereats.com/chicago/food-delivery/mcdonalds-kedzie-%26-87th-st/Zphd2sSfQ9GSAyJHxtIbyw,merrionette-park-illinois
https://www.ubereats.com/chicago/food-delivery/mcdonalds-95th-st-%26-charles/-LW31Ld7S-Oc8yo6Zsv5tw,merrionette-park-illinois
https://www.ubereats.com/chicago/food-delivery/gematos-woodpit-bbq-worth/0gMmX_3-S8qPC77wkZuaMA,merrionette-park-illinois
https://www.ubereats.com/chicago/food-delivery/ice-cream-shop-by-slice-factory/m2x_Ya7FQgaRib-sDbuwRQ,merrionette-park-illinois
https://www.ubereats.com/chicago/food-delivery/jrs-jamaican-jerk-dolton/n8cbAk7eT_mBfr75iqK0jg,merrionette-park-illinois
https://www.ubereats.com/chicago/food-delivery/cheers-live-music-resturant-%26-venue/O9ZtVrzOS66dKyVi66AJIw,merrionette-park-illinois
https://www.ubereats.com/chicago/food-delivery/dunkin-8940-s-cicero-ave/tqIlyoO-QKW9Q7erSR4eaQ,merrionette-park-illinois
https://www.ubereats.com/chicago/food-delivery/king-gyros/CGLMgSmOSpC51S3j0JoiOA,merrionette-park-illinois
https://www.ubereats.com/chicago/food-delivery/potbelly-sandwich-shop-ford-city-mall-%7C-67/6rO9KaCtQKag7piIOKwLGw,merrionette-park-illinois
https://www.ubereats.com/chicago/food-delivery/waldo-cooneys-pizza-pulaski-%26-columbus/MkYW7k5vQkSpL0aLN6EhGw,merrionette-park-illinois
https://www.ubereats.com/chicago/food-delivery/shibam-bridgeview/kz6DdnP9RgWvjtO3ZqW_Ng,merrionette-park-illinois
https://www.ubereats.com/chicago/food-delivery/barracos-pizzeria-crestwood/VfikY28XSL63jsx7qZd0dQ,merrionette-park-illinois
https://www.ubereats.com/chicago/food-delivery/i-57-rib-house/ZUVUfmiNSdOL5clBuMM6PQ,merrionette-park-illinois
https://www.ubereats.com/chicago/food-delivery/br-bar-dining-and-dancing/izbWGCVdTrG8-MOgeVmIpA,merrionette-park-illinois
https://www.ubereats.com/chicago/food-delivery/jerk-n-go/ulsHcy_XQlaaqoXWRygZ6g,merrionette-park-illinois
https://www.ubereats.com/chicago/food-delivery/nicksgyros/ttuBIzGGS_CYWs3utfpeDg,merrionette-park-illinois
https://www.ubereats.com/chicago/food-delivery/mcdonalds-western-%26-119th-st/mi0yhUKiTiKkbrllqws2UA,merrionette-park-illinois
https://www.ubereats.com/chicago/food-delivery/mr-crab-fish-chicken-%26-grill/Ui37arZEQSO3NG5Yp_JeYQ,merrionette-park-illinois
https://www.ubereats.com/chicago/food-delivery/taco-bell-13745-s-cicero/3LF9CznuSdusIN3lS7vTzA,merrionette-park-illinois
https://www.ubereats.com/chicago/food-delivery/zaki-ya-sittey/wxkTbYeGQnm1pxj9Imnk6Q,merrionette-park-illinois
https://www.ubereats.com/chicago/food-delivery/billys-mediterranean/jI59K2CzTHSbUoRERvaCww,merrionette-park-illinois
https://www.ubereats.com/chicago/food-delivery/don-pedro-mexican-bar-%26-grill/dP6BsEnvRAGKMAS4LOow3g,merrionette-park-illinois
https://www.ubereats.com/chicago/food-delivery/dennys-cicero-%26-92nd-st/WRSvhGxtT4-nWzYnDwdyiA,merrionette-park-illinois
https://www.ubereats.com/chicago/food-delivery/red-lobster-9500-southwest-highway/U4h4SG57TdSrBp6lENhSpA,merrionette-park-illinois
https://www.ubereats.com/chicago/food-delivery/me-ga-carnitas/fsBMW867SzuEsr9vt3mEsQ,merrionette-park-illinois
https://www.ubereats.com/chicago/food-delivery/dunkin-5159-159th-st/6BjQmXTRRHajQCpHvnoMew,merrionette-park-illinois
https://www.ubereats.com/chicago/food-delivery/dougs-dogs/O1muod8SSA-T04QQv09UGg,merrionette-park-illinois
https://www.ubereats.com/chicago/food-delivery/qs-tips-%26-wings-bbq/oMNmJF7ARB2XO_x_JmADLA,merrionette-park-illinois
https://www.ubereats.com/chicago/food-delivery/boston-market-9267-s-cicero-ave/VZNGzA2oQ_G0I5jK__wYBg,merrionette-park-illinois
https://www.ubereats.com/chicago/food-delivery/fresh-catch-fish-and-seafood/zOBBoKq7Q3yt9dhIN_lIvA,merrionette-park-illinois
https://www.ubereats.com/chicago/food-delivery/docks-fish/W0Di-1K0SfSRnQ5J_5kA1Q,merrionette-park-illinois
https://www.ubereats.com/chicago/food-delivery/sunrise-breakfast-%26-lunch-restaurant/_Kyj3zuISAS9vY5PAuwiXQ,merrionette-park-illinois
https://www.ubereats.com/chicago/food-delivery/fajitas-mexican-restaurant-crestwood/eoff1MQyRF-YQIYLVk-oCw,merrionette-park-illinois
https://www.ubereats.com/chicago/food-delivery/antojitos-mi-chatita/ncmTAGS3SZCaTO4wUWngww,merrionette-park-illinois
https://www.ubereats.com/chicago/food-delivery/taco-bell-444-chicago-ridge-mall/AeaKDf4VS62gy_odAzCTfQ,merrionette-park-illinois
https://www.ubereats.com/chicago/food-delivery/south-china-kitchen-ii/j7_rm0xhRwqNX0_UEqWUPg,merrionette-park-illinois
https://www.ubereats.com/chicago/food-delivery/waldo-cooneys-pizza-lansing/52p0nTGSQiiSvjbF2K5-1Q,merrionette-park-illinois
https://www.ubereats.com/chicago/food-delivery/nonnas-pizza/l_Nbb0-KSlq5EnaHzGMFrQ,merrionette-park-illinois
https://www.ubereats.com/chicago/food-delivery/babas-famous-philly-steak-%26-lemonade-s-damen/phALK5tYSgSbuvb36cjyVg,merrionette-park-illinois
https://www.ubereats.com/chicago/food-delivery/raes-the-bar/vyYrw_mHTu-ncJqeNDDy3g,merrionette-park-illinois
https://www.ubereats.com/chicago/food-delivery/chicago-smerqs/MD2XY9B8SEaOe7P3zh4cVQ,merrionette-park-illinois
https://www.ubereats.com/chicago/food-delivery/smoothie-king-evergreen-park/H-IQfQ_mSyu8owBh5lmwJQ,merrionette-park-illinois
https://www.ubereats.com/chicago/food-delivery/browns-chicken-oak-lawn/0_qvfNKFRH2vMsRWmFhyyw,merrionette-park-illinois
https://www.ubereats.com/chicago/food-delivery/taqueria-los-comales-evergreen/MnixhljYTROlhNgbFKVdmQ,merrionette-park-illinois
https://www.ubereats.com/chicago/food-delivery/enjoy-chicken-and-fish/rMkh-sGGSb2UvTMmFIMYfA,merrionette-park-illinois
https://www.ubereats.com/chicago/food-delivery/white-castle-11050-s-halsted/hOWld2YpTXe6vv0TD6jhuw,merrionette-park-illinois
https://www.ubereats.com/chicago/food-delivery/xando-cafe/PRp76M73TXi2b3Utjjmriw,merrionette-park-illinois
https://www.ubereats.com/chicago/food-delivery/uncle-joes/xMXhLxXNQc6cPeFL6WQyJw,merrionette-park-illinois
https://www.ubereats.com/chicago/food-delivery/sbarro-356-orland-square-mall-food-court/6TUj2UvRRfiZaRagqhaUig,merrionette-park-illinois
https://www.ubereats.com/chicago/food-delivery/subway-10270-s-harlem-ave/Se88D8U5Sr2LMDTdSjL-nA,merrionette-park-illinois
https://www.ubereats.com/chicago/food-delivery/subway-6044-s-western-ave/JDI7IAttTxq9G1jgU_pl6A,merrionette-park-illinois
https://www.ubereats.com/chicago/food-delivery/white-castle-12709-s-western-ave/qP0ewoD9QOCCkG4QoYv5Pw,merrionette-park-illinois
https://www.ubereats.com/chicago/food-delivery/west-indies-bakery/MNmlSm0PQRmJes9P08geDw,merrionette-park-illinois
https://www.ubereats.com/chicago/food-delivery/kfc-1600-w-marquette-road/giad_7OQSC60xfT8--Nhgg,merrionette-park-illinois
https://www.ubereats.com/chicago/food-delivery/popeyes-harlem-%26-cambridge/cPxI_C2aRWiMpcFuGMCQ5w,merrionette-park-illinois
https://www.ubereats.com/chicago/food-delivery/wojos/N8dty8k5Q6S9iafIHF8hFQ,merrionette-park-illinois
https://www.ubereats.com/chicago/food-delivery/jersey-mikes-subs-harlem-%26-127th-st/D8Cq17WXTcGZxL56Ua4NJA,merrionette-park-illinois
https://www.ubereats.com/chicago/food-delivery/jakes-pub-and-grill-located-inside-oak-forest-bowl/8-7xa3BFR6SRxvylxgbm2g,merrionette-park-illinois
https://www.ubereats.com/chicago/food-delivery/wingz-it-iz-riverdale/Lgtd7nZpRaWPVIPNzblSrA,merrionette-park-illinois
https://www.ubereats.com/chicago/food-delivery/subway-14515-a-south-western-ave/jZwOOj_rT3CxeD-tbM7HLw,merrionette-park-illinois
https://www.ubereats.com/chicago/food-delivery/madoris-liquor-%26-deli/6hYiIUoEQAmi0nJvQYN0Lw,merrionette-park-illinois
https://www.ubereats.com/chicago/food-delivery/mcdonalds-79th-st-%26-lorel/kAaZ3YjoRM2GpUO29jpy6g,merrionette-park-illinois
https://www.ubereats.com/chicago/food-delivery/caribbean-jerk-palace-iii/S3FoqMxTT4-ZOlA61zH7gg,merrionette-park-illinois
https://www.ubereats.com/chicago/food-delivery/mcdonalds-95th-st-%26-i-294/pK92VGl3R32Drqy0-Ie7mg,merrionette-park-illinois
https://www.ubereats.com/chicago/food-delivery/dons-drive-in/bNWo-Qy3Smmw7t68-asoVw,merrionette-park-illinois
https://www.ubereats.com/chicago/food-delivery/white-castle-14700-s-cicero-ave/gbvKxHZkQ6GRAd_CpjF9_A,merrionette-park-illinois
https://www.ubereats.com/chicago/food-delivery/banis-beets/gU6aWhrFQjqfPxYJiEpFrg,merrionette-park-illinois
https://www.ubereats.com/chicago/food-delivery/original-soul-vegetarian/Ix0G2GumRkCeQhX2jF9-3A,merrionette-park-illinois
https://www.ubereats.com/chicago/food-delivery/village-garden-restaurant-and-cafe/oCOo_LzwQC-s_cBk51af0g,merrionette-park-illinois
https://www.ubereats.com/chicago/food-delivery/blissful-banana-cafe/nmrlqRVWQE6eG7ItlZ2W2A,merrionette-park-illinois
https://www.ubereats.com/chicago/food-delivery/sharks-fish-chicken-%26-grill/xwTmOw-LSI2l4cNlJYcefA,merrionette-park-illinois
https://www.ubereats.com/chicago/food-delivery/dans-hotdogs/5g4JJ5ajTGmh2tA9AYnMXw,merrionette-park-illinois
https://www.ubereats.com/chicago/food-delivery/smoked-soul/epXor4F2QsSupT8NM0d9vQ,merrionette-park-illinois
https://www.ubereats.com/chicago/food-delivery/shrimps-fish-%26-chicken/npxQ24Y1SH6Y4FtjxC9SiQ,merrionette-park-illinois
https://www.ubereats.com/chicago/food-delivery/dunkin-9802-s-halsted-st/vN0ykWmxT86o1GqkTwE3kw,merrionette-park-illinois
https://www.ubereats.com/chicago/food-delivery/big-bubas/HxKjsdgbTq20hlpYhxqK6g,merrionette-park-illinois
https://www.ubereats.com/chicago/food-delivery/raggae-island-jerk-chicken/g2yO1ZDISFmx3J1PaUROVg,merrionette-park-illinois
https://www.ubereats.com/chicago/food-delivery/j%26j-fish-and-chicken-dolton/NT9XMAdoQfa9pr2ndl-DLw,merrionette-park-illinois
https://www.ubereats.com/chicago/food-delivery/millers-ale-house-chicago-ridge/FWTXQvOjQaSPvBum7mUEWw,merrionette-park-illinois
https://www.ubereats.com/chicago/food-delivery/del-carmen-restaurant-87th-st-%26-state/G-jAHuaKTdq7K1vV6oUCsg,merrionette-park-illinois
https://www.ubereats.com/chicago/food-delivery/frankies-fast-food/p3c1eK4YSd2_jhg1yKfG1w,merrionette-park-illinois
https://www.ubereats.com/chicago/food-delivery/dunkin-3332-w-95th-st/pMnp_DaCR8amewTef7_fYg,merrionette-park-illinois
https://www.ubereats.com/chicago/food-delivery/jennys-steakhouse/dnUo9s4cQ42GP6OldKqT4g,merrionette-park-illinois
https://www.ubereats.com/chicago/food-delivery/thassos-greek-restaurant/TSyXgeCwQL6Ka7sZMYcfpA,merrionette-park-illinois
https://www.ubereats.com/chicago/food-delivery/red-snapper-fish-and-chicken-400-east-83rd-st/c7pLG3lERWibe-pJBVcOhA,merrionette-park-illinois
https://www.ubereats.com/chicago/food-delivery/wingstop-state-%26-162nd-st/jMj-bf4YR1q9HjG1V3yrJg,merrionette-park-illinois
https://www.ubereats.com/chicago/food-delivery/les-brothers/G6mtrDK1QQCupOouLSQyVg,merrionette-park-illinois
https://www.ubereats.com/chicago/food-delivery/just-shrimp/-8-GV6F7R6W4xL8zqlMq1A,merrionette-park-illinois
https://www.ubereats.com/chicago/food-delivery/potbelly-sandwich-shop-crestwood-%7C-135/hKSlLPeATw6Jw3Du3xAI9Q,merrionette-park-illinois
https://www.ubereats.com/chicago/food-delivery/subway-7949-s-cicero-rd/fuXb4x0VQ8iqarJJ_yH3bA,merrionette-park-illinois
https://www.ubereats.com/chicago/food-delivery/buona-orland-park/2xpmKacyTmWINfoTO8vCPw,merrionette-park-illinois
https://www.ubereats.com/chicago/food-delivery/wendys-9843-s-western/h_Dl0wDUSVaXT2CShS0VBQ,merrionette-park-illinois
https://www.ubereats.com/chicago/food-delivery/casa-san-juan/UCMyiEcGQpONXwBK__lIig,merrionette-park-illinois
https://www.ubereats.com/chicago/food-delivery/johnnys-burgers-bowls-%26-bbq-oak-lawn/tM1ragp6R3K4Vt40pt30zw,merrionette-park-illinois
https://www.ubereats.com/chicago/food-delivery/new-china-express-cicero-ave/dAqM62ufQ52HwthbCUfXXw,merrionette-park-illinois
https://www.ubereats.com/chicago/food-delivery/chipotle-mexican-grill-15980-harlem-ave/z9NldtC9QVuP7Zk4pjkXsA,merrionette-park-illinois
https://www.ubereats.com/chicago/food-delivery/tonys-hoagies/lHDXdMBhQ2yX09L1OSaRIA,merrionette-park-illinois
https://www.ubereats.com/chicago/food-delivery/shrimp-max-%26-tonys-grill/a036umIHT0OFJ9N5InyZbg,merrionette-park-illinois
https://www.ubereats.com/chicago/food-delivery/j-wok-restaurant/oGLNPbcsRTSp2dMwA1o1yw,merrionette-park-illinois
https://www.ubereats.com/chicago/food-delivery/gum-wah-restaurant/FxkdSbIETRCimJQgt4JayA,merrionette-park-illinois
https://www.ubereats.com/chicago/food-delivery/i-57-smoke-house/PvrBV40ORVGK4SlUqKBPgg,merrionette-park-illinois
https://www.ubereats.com/chicago/food-delivery/outback-steakhouse-15608-harlem-avenue/e-kWyzlxS-C4YxyL9fZrAA,merrionette-park-illinois
https://www.ubereats.com/chicago/food-delivery/kfc-7508-s-lafayette-avenue/IdD2-sThQVOZim00iTRqKw,merrionette-park-illinois
https://www.ubereats.com/chicago/food-delivery/wendys-7031-south-western-ave/FR2q6TAYSWyUCwpt2Llb0g,merrionette-park-illinois
https://www.ubereats.com/chicago/food-delivery/slice-factory-pulaski-%26-96th-st/NtZTkqyPRN6xNI5ZBOZZhQ,merrionette-park-illinois
https://www.ubereats.com/chicago/food-delivery/the-bistro-on-sterling/PfLEKeqISLy4RrEfqRvikg,merrionette-park-illinois
https://www.ubereats.com/chicago/food-delivery/vito-%26-nicks-ii/gMKMd_DySH-yKzwXfJY5WA,merrionette-park-illinois
https://www.ubereats.com/chicago/food-delivery/taco-taco/wPoHXNwJSWeOuoKJ2WiSUQ,merrionette-park-illinois
https://www.ubereats.com/chicago/food-delivery/sharks-fish-%26-chicken-e-87th-st/D0ahV1ugRGOmU4Gt2Cs1Ig,merrionette-park-illinois
https://www.ubereats.com/chicago/food-delivery/birria-loreto-zacatecas/rF3HXZJmSkG-HFc_87lAUQ,merrionette-park-illinois
https://www.ubereats.com/chicago/food-delivery/harolds-chicken-shack-12700-s-halsted-st-35/B0mhVpPsSkO7KMJJ2Rwx9Q,merrionette-park-illinois
https://www.ubereats.com/chicago/food-delivery/selmas-sweets/_MBIr0SlRMmcLs2FghtowQ,merrionette-park-illinois
https://www.ubereats.com/chicago/food-delivery/mr-submarine-159th-st-%26-lorel/bzRNhin3Rm6UziU44umCYg,merrionette-park-illinois
https://www.ubereats.com/chicago/food-delivery/chipotle-mexican-grill-41-w-87th-street/afRv-KnWSGWGSpgrxZ2YcQ,merrionette-park-illinois
https://www.ubereats.com/chicago/food-delivery/mcdonalds-lafayette-%26-69th-st/nAWFO0G0STKxSQG9eSq1dQ,merrionette-park-illinois
