url,city
https://www.ubereats.com/boston/food-delivery/taqueria-passion-steak-tacos/Ld6fXSlrQsy6a182S9jA2A,methuen-massachusetts
https://www.ubereats.com/boston/food-delivery/casa-blanca-mexican-restaurant-haverhill/VzcY1JT2SXKZG88UnA5rog,methuen-massachusetts
https://www.ubereats.com/boston/food-delivery/castillo-hermanos-grocery-and-restaurant-inc/pLKM_UguQIKFyqB5YC25Ag,methuen-massachusetts
https://www.ubereats.com/boston/food-delivery/outback-steakhouse-145-147-pelham-street/2ccTk8mdTDODmjud5e0UsA,methuen-massachusetts
https://www.ubereats.com/boston/food-delivery/roma-pizza/nNhVA2ArSEOjRBoORBtbxw,methuen-massachusetts
https://www.ubereats.com/boston/food-delivery/dunkin-93-main-street/yP-r-QHfRi-qZOq_1-AjNw,methuen-massachusetts
https://www.ubereats.com/boston/food-delivery/pizza-express-%26-roast-beef/zH6_ACx3R5anAWLaasaYlQ,methuen-massachusetts
https://www.ubereats.com/boston/food-delivery/panera-92-cluff-crossing-road/GiWVGa5UQAqiuMNDRbsG1Q,methuen-massachusetts
https://www.ubereats.com/boston/food-delivery/restaurant-guatemalteco-sarita/6xSm9Fq-SFCTMfUYbFa1cQ,methuen-massachusetts
https://www.ubereats.com/boston/food-delivery/dunkin-100-marston-st/ga_-zHixT9OdMIn1je4r3Q,methuen-massachusetts
https://www.ubereats.com/boston/food-delivery/j-%26-j-house-of-pizza/vAl55UHgRlSyMQCB-uHSMg,methuen-massachusetts
https://www.ubereats.com/boston/food-delivery/bollywood-grill/y5iI3OP3QJq0oLplwVy7TQ,methuen-massachusetts
https://www.ubereats.com/boston/food-delivery/michaels-bakery/RuN_pI5DSW-DTWCNYmIJWQ,methuen-massachusetts
https://www.ubereats.com/boston/food-delivery/chipotle-mexican-grill-89-plaistow-road/CD5nzn0xRkK2kpozFrUrxA,methuen-massachusetts
https://www.ubereats.com/boston/food-delivery/the-peddlers-daughter-mass/TprjsOlZRjin-3tTYqeaGw,methuen-massachusetts
https://www.ubereats.com/boston/food-delivery/wee-thai-food/PweAgfkRTYChBqqYePnYTA,methuen-massachusetts
https://www.ubereats.com/boston/food-delivery/china-king-super-buffet/7NFGcbamQdSZD0UxiOaUkA,methuen-massachusetts
https://www.ubereats.com/boston/food-delivery/cooks-window-pizza/sJRP4ex3RzOUj9TTOQQTrQ,methuen-massachusetts
https://www.ubereats.com/boston/food-delivery/bellas-roast-beef/XbxMSL5hRpCN94nX2Odb_g,methuen-massachusetts
https://www.ubereats.com/boston/food-delivery/dunkin-1777-bridge-st/4O24WyslTXuS2WkUqpI8TQ,methuen-massachusetts
https://www.ubereats.com/boston/food-delivery/the-ice-cream-shop/sUgIC0wJQZeYbNfkv8gPZg,methuen-massachusetts
https://www.ubereats.com/boston/food-delivery/papa-ginos-99-cluff-crossing-rd/ckHwfe3KS5-L-P5l0p0rTw,methuen-massachusetts
https://www.ubereats.com/manchester-nh/food-delivery/auntie-annes-at-mall-at-rockingham-park-99-rockingham-park-blvd/tlG6cMofRrmHqekR-ZFx0g,methuen-massachusetts
https://www.ubereats.com/manchester-nh/food-delivery/maya-gourmet/Ptv2oyWhSUCY5VoXLqruHA,methuen-massachusetts
https://www.ubereats.com/boston/food-delivery/luigis-ristorante/llBcqYlhRUq2JVj2YsN9eQ,methuen-massachusetts
https://www.ubereats.com/boston/food-delivery/mcdonalds-110-pleasant-valley-st/7N5ePov9TB60wF45EIy71g,methuen-massachusetts
https://www.ubereats.com/boston/food-delivery/antojistos-cafeteria/KpQnhwBXSiSFNfrB1yg-Dg,methuen-massachusetts
https://www.ubereats.com/boston/food-delivery/taco-bell-79-winthrop-avenue/3I2x1zCIR4qhb7O2rhpUMg,methuen-massachusetts
https://www.ubereats.com/boston/food-delivery/chipotle-mexican-grill-90-pleasant-valley-st/jLSwVQgzR1alLc83F-SHAA,methuen-massachusetts
https://www.ubereats.com/boston/food-delivery/unos/p1UKEroWSzudznVHhlbqTg,methuen-massachusetts
https://www.ubereats.com/boston/food-delivery/sauce-wings-ribs-and-burgers/8NUdWclbT8Cgc8tfmhmyog,methuen-massachusetts
https://www.ubereats.com/boston/food-delivery/wendys-5-arlington-street/LeY8gt_vTKuui5IYlztIag,methuen-massachusetts
https://www.ubereats.com/boston/food-delivery/china-blossom/opEOgFUpQxamZPv7C5OI0g,methuen-massachusetts
https://www.ubereats.com/boston/food-delivery/daily-dose-cafe/rWQVD8iPSFWdadqA0qWcog,methuen-massachusetts
https://www.ubereats.com/boston/food-delivery/la-cocina-de-arismendy/Xk2iUbisSiC1SwlYOSTlCQ,methuen-massachusetts
https://www.ubereats.com/boston/food-delivery/a-1-deli/0H4PCmQYQaKaWldkl7OhPg,methuen-massachusetts
https://www.ubereats.com/boston/food-delivery/mcdonalds-170-haverhill-st/5RKK7jmGReyVa3We2Ix0gg,methuen-massachusetts
https://www.ubereats.com/boston/food-delivery/pazzo-pizza-andover/gtcRh1RqRyuX98s09FxgfA,methuen-massachusetts
https://www.ubereats.com/boston/food-delivery/little-delights-bakery/cgWh_ef-RyODxpQysn-0DQ,methuen-massachusetts
https://www.ubereats.com/boston/food-delivery/pizza-hazel/8PqDAwytQ2mLbo1vBeHV6Q,methuen-massachusetts
https://www.ubereats.com/boston/food-delivery/blue-lounge-%26-grill/OUHg9_lhSjaytnCy1vREzQ,methuen-massachusetts
https://www.ubereats.com/boston/food-delivery/the-millers-tavern/3XouKg63SfqHCiAsLW1AWA,methuen-massachusetts
https://www.ubereats.com/boston/food-delivery/heavnly-donuts-cafe-%26-catering/qasJJoGGSxqoi2AY_ZDBlQ,methuen-massachusetts
https://www.ubereats.com/boston/food-delivery/japu-restaurant/AbbNJ9PrR0yF8tHpLN3E3g,methuen-massachusetts
https://www.ubereats.com/boston/food-delivery/mcdonalds-660-chickering-rd/ihqKVkUySeaaxVv4OSvK0A,methuen-massachusetts
https://www.ubereats.com/boston/food-delivery/dunkin-139-river-rd-mobil-gas-station/ZC7COlQRSUSn21w7gm4S2w,methuen-massachusetts
https://www.ubereats.com/boston/food-delivery/wing-squad-salem/j1oHEb7gSOmqhKFCjHA0FA,methuen-massachusetts
https://www.ubereats.com/boston/food-delivery/dunkin-185-woburn-st-gulf-gas-station/Frd1IYafS3-WBpfkOI7Lyw,methuen-massachusetts
https://www.ubereats.com/boston/food-delivery/the-wing-spot/lTlROCsxSpuZ-M4s4NThjA,methuen-massachusetts
https://www.ubereats.com/boston/food-delivery/jackies-fried-chicken/C6Y5eTGrQDqrqeZKkXXSlA,methuen-massachusetts
https://www.ubereats.com/boston/food-delivery/edible-arrangements-319-merrimack-st-unit-4/wqZ2jll5QQqh-l-5y9X_BA,methuen-massachusetts
https://www.ubereats.com/boston/food-delivery/purple-carrot-bread/idbG7US2RoK35h-sCCUy-g,methuen-massachusetts
https://www.ubereats.com/boston/food-delivery/buenomalo/A0DdSZJpRKWQDE1u2Lk3aA,methuen-massachusetts
https://www.ubereats.com/boston/food-delivery/carlos-cakes-2/HXeAcpczTCiHOYp0TRyw0g,methuen-massachusetts
https://www.ubereats.com/boston/food-delivery/casa-blanca-mexican-restaurant-methuen/4yVa-ysyTAuxcsrZesYqMg,methuen-massachusetts
https://www.ubereats.com/boston/food-delivery/mi-bani-market/vJFWTP9pQYagfNAU8bHXEA,methuen-massachusetts
https://www.ubereats.com/boston/food-delivery/icelso-vegetarian-restaurant/sAkWDwFzTYWw15LFGtARXQ,methuen-massachusetts
https://www.ubereats.com/boston/food-delivery/chuck-e-cheese-90-pleasant-valley-rd/dYeelvCuR8SyFHNyLr0IPQ,methuen-massachusetts
https://www.ubereats.com/boston/food-delivery/casa-blanca-mexican-restaurant-north-andover/Ga4F5qeMS1m77_5fFig2fg,methuen-massachusetts
https://www.ubereats.com/boston/food-delivery/pjs-pizza/XXENe2FfSyeJ0TYjQLh7Hg,methuen-massachusetts
https://www.ubereats.com/boston/food-delivery/popeyes-481-s-broadway/YDNQDWLtRTuDv0bwPiTUIQ,methuen-massachusetts
https://www.ubereats.com/boston/food-delivery/royal-house-roast-beef-%26-pizza/UJntmOkzSiSMC8pNWNb0xQ,methuen-massachusetts
https://www.ubereats.com/boston/food-delivery/rockingham-diner/Gbfg5wOQR6WwC_dWFmOgCQ,methuen-massachusetts
https://www.ubereats.com/boston/food-delivery/kfc-taco-bell-1720-middlesex-street/Qj5xJUOYSIyvgSdGyNaReQ,methuen-massachusetts
https://www.ubereats.com/boston/food-delivery/kfc-tb-212-haverhill-street/BYTb--cUTeeLSohfU8H3Xg,methuen-massachusetts
https://www.ubereats.com/boston/food-delivery/laudis-breakfast-house/C30oDlj8SgSvKPplqMR-DQ,methuen-massachusetts
https://www.ubereats.com/boston/food-delivery/tripoli-pizza-%26-bakery-methuen/rNKh-ZqERMy-_NjcuQfCPg,methuen-massachusetts
https://www.ubereats.com/boston/food-delivery/pikalo-empanadas/okCA8CWfT8eSryu7R8ofSA,methuen-massachusetts
https://www.ubereats.com/boston/food-delivery/boston-market-435-winthrop-rd/IgrPYs73R-ag5l11u78Quw,methuen-massachusetts
https://www.ubereats.com/boston/food-delivery/wao-bar-%26-grill/neUC81n_Qd-pUFrgVC2Q_g,methuen-massachusetts
https://www.ubereats.com/boston/food-delivery/athenian-corner/vDEZyqCaQYCItmCJ06mBqw,methuen-massachusetts
https://www.ubereats.com/boston/food-delivery/dragon-kitchen/eGbjf-pbSoCLbsSHKRcoiQ,methuen-massachusetts
https://www.ubereats.com/boston/food-delivery/casa-velha-cafe-%26-eatery/DFs8ih8WQwWmmq1JeJhGYQ,methuen-massachusetts
https://www.ubereats.com/boston/food-delivery/crispy-chicken/wiUFP1ZdTB2EsVbh2LNCjg,methuen-massachusetts
https://www.ubereats.com/boston/food-delivery/lus-cafe-and-bakery/YVoihCVxQPyZ3bkJ3720Vw,methuen-massachusetts
https://www.ubereats.com/boston/food-delivery/los-tremendos-del-chimi-restaurant/rLm9wcf7QDWHFtIgkNXTKQ,methuen-massachusetts
https://www.ubereats.com/boston/food-delivery/le-macaron-french-pastries-windham/VmgpJaFAS7SBN-whl_5Eyw,methuen-massachusetts
https://www.ubereats.com/boston/food-delivery/maya-gourmet/Ptv2oyWhSUCY5VoXLqruHA,methuen-massachusetts
https://www.ubereats.com/boston/food-delivery/wing-squad-andover/o8rFDkezQ5WKIKYmt6_UXA,methuen-massachusetts
https://www.ubereats.com/boston/food-delivery/empanadas-oleaga/MkklKPgBRIKfiFRzy5Wxeg,methuen-massachusetts
https://www.ubereats.com/boston/food-delivery/dunkin-349-n-main-st/oy5wIMz_RZCS7-9i-tQpgA,methuen-massachusetts
https://www.ubereats.com/boston/food-delivery/taco-bell-322-s-broadway/9as2Vn6nTk2-C_j_iUyYMQ,methuen-massachusetts
https://www.ubereats.com/boston/food-delivery/riverside-pizza/JC75Vv-JT2Oa2IW3DQFc8w,methuen-massachusetts
https://www.ubereats.com/boston/food-delivery/las-palmas/GpPVw2OxTQ-o-2DRAJIUHA,methuen-massachusetts
https://www.ubereats.com/boston/food-delivery/the-ice-cream-shop/-Mmj-deER3CMES3bAYPXYQ,methuen-massachusetts
https://www.ubereats.com/boston/food-delivery/dunkin-282-merrimack-st-next-to-salem-coop-bank/6F0ASmJGQ1qh2i_2SxV8_A,methuen-massachusetts
https://www.ubereats.com/boston/food-delivery/romanos-pizza-and-roast-beef-of-dracut/w8AYnNqcQauqRyUydcVLUw,methuen-massachusetts
https://www.ubereats.com/boston/food-delivery/ihop-528-s-broadway/Vl5mqZCFSRalc7Czo5BRxg,methuen-massachusetts
https://www.ubereats.com/boston/food-delivery/regas-grill/CK3Ys4Q4TzWQpLkS5Xlzeg,methuen-massachusetts
https://www.ubereats.com/boston/food-delivery/china-buffet-436-broadway/t7paCPtKTSWjMLOOIzmL9A,methuen-massachusetts
https://www.ubereats.com/boston/food-delivery/wendys-99-winthrop-ave/pPyemYzLSv6KAdTSgpNJww,methuen-massachusetts
https://www.ubereats.com/boston/food-delivery/cafe-azteca/HvH5qbzlRzeYaCpLXB0Jjw,methuen-massachusetts
https://www.ubereats.com/boston/food-delivery/franny-subs-%26-pasta/QRoZ9-yaRmO-Yz2Ok0JU6A,methuen-massachusetts
https://www.ubereats.com/boston/food-delivery/elaines-pizza/RQkHUbcYQ5OPsckgnXqPeg,methuen-massachusetts
https://www.ubereats.com/boston/food-delivery/chateau-restaurant-%E2%80%93-andover/gZzaZrhoRlOcATI9BCE_3Q,methuen-massachusetts
https://www.ubereats.com/boston/food-delivery/bertuccis-north-andover/zvrMRyrlRfOkPYBUKEosTA,methuen-massachusetts
https://www.ubereats.com/boston/food-delivery/panchos-cantina/nfxVmf4DTA2CtU00bU6vEg,methuen-massachusetts
https://www.ubereats.com/boston/food-delivery/tripoli-pizza-%26-bakery-lawrence/WSdNRsXNTxqLGSuW0ZKnBw,methuen-massachusetts
https://www.ubereats.com/boston/food-delivery/mlshaws-restaurant/s8k3FcmvRK-mLZs8oCSaPw,methuen-massachusetts
https://www.ubereats.com/boston/food-delivery/burger-king-188-turnpike-street/kz73mUJVTdinsL2eGYMIdw,methuen-massachusetts
https://www.ubereats.com/boston/food-delivery/dunkin-309-lowell-st-mobil-gas-station/61IzTD1LQDiVGWSKb5b_4Q,methuen-massachusetts
https://www.ubereats.com/boston/food-delivery/wao-grill/6ieQgWKTQGepMBL4aBsU9g,methuen-massachusetts
https://www.ubereats.com/boston/food-delivery/terra-luna-cafe/uA7H1QlfRdGojj8OO3KVqA,methuen-massachusetts
https://www.ubereats.com/boston/food-delivery/wendys-486-broadway/EbTErkoQRw2XjwSQYjZRRw,methuen-massachusetts
https://www.ubereats.com/boston/food-delivery/mcdonalds-795-river-st/A6-_QYmzRFyaw_qKrws0sw,methuen-massachusetts
https://www.ubereats.com/boston/food-delivery/don-matias/-hg9VdeBRSS4l9hi47HF7A,methuen-massachusetts
https://www.ubereats.com/boston/food-delivery/spazianos/Hg-IJs9FR_2KtOR0Z6QiVg,methuen-massachusetts
https://www.ubereats.com/boston/food-delivery/papa-ginos-782-river-street/igkW3Tr6Thq3of6EE1Y1KA,methuen-massachusetts
https://www.ubereats.com/boston/food-delivery/subway-610-andover-st/IOIe5X5lTC25BHUgqReERA,methuen-massachusetts
https://www.ubereats.com/boston/food-delivery/friendlys-1160-main-street/XbyYmW0JSKKDJmtySFBtgg,methuen-massachusetts
https://www.ubereats.com/boston/food-delivery/sals-pizza-490-main-st/acqb2RwKSSa5WLLV6ERf2g,methuen-massachusetts
https://www.ubereats.com/boston/food-delivery/joy-empanadas/gXJUqQzzTW6ZmPaYCtPxiA,methuen-massachusetts
https://www.ubereats.com/boston/food-delivery/little-caesars-pizza-430-bridge-st/onk_gEGVSn6UAqxKI0oENw,methuen-massachusetts
https://www.ubereats.com/boston/food-delivery/tu-kasa-restaurant/llrm-do8R6eGzRFknM9VfA,methuen-massachusetts
https://www.ubereats.com/boston/food-delivery/carlos-cakes/zHAJbcLNSIesB5Ym8gzl0Q,methuen-massachusetts
https://www.ubereats.com/boston/food-delivery/dunkin-227-n-broadway/BvHb6_vsQiCnuZHOCsWzvA,methuen-massachusetts
https://www.ubereats.com/boston/food-delivery/wendys-39-s-main-st/rrqMoWWlQZKng9sjJUvmWw,methuen-massachusetts
https://www.ubereats.com/manchester-nh/food-delivery/lus-cafe-and-bakery/YVoihCVxQPyZ3bkJ3720Vw,methuen-massachusetts
https://www.ubereats.com/boston/food-delivery/the-ice-cream-shop/67QPIBLASrGliqH1NQvXVQ,methuen-massachusetts
https://www.ubereats.com/boston/food-delivery/elis-place/Z7TnKkfmR2qJK-SU0oFfrw,methuen-massachusetts
https://www.ubereats.com/boston/food-delivery/wendys-19-plaistow-rd/ggDaNDpiTEOMoUGmDouwsg,methuen-massachusetts
https://www.ubereats.com/boston/food-delivery/thyme-japanese-cuisine/e5goCT8LQW-tIPooA0HjUw,methuen-massachusetts
https://www.ubereats.com/boston/food-delivery/green-apple-cafe/VEwhxexMRgmffFrQAkKXng,methuen-massachusetts
https://www.ubereats.com/boston/food-delivery/donut-dynasty/6hGfOqt6TYyG-Lg68BIZpA,methuen-massachusetts
https://www.ubereats.com/boston/food-delivery/vaka-restaurant/IYQEKoryRdShHzMXDMzI9A,methuen-massachusetts
https://www.ubereats.com/boston/food-delivery/life-alive-lowell/_bfnFo8dSheUDvf6plGvpA,methuen-massachusetts
https://www.ubereats.com/boston/food-delivery/wendys-55-hampshire-street/OtyljQaAS72Zv2tQOZlJCQ,methuen-massachusetts
https://www.ubereats.com/boston/food-delivery/priya-indian-cuisine/Du_NeVwqRrqt9TVrweuxOQ,methuen-massachusetts
https://www.ubereats.com/boston/food-delivery/tripoli-pizza-%26-bakery-north-andover/aAcLOIm0TuyRdnR7UWE3Qw,methuen-massachusetts
https://www.ubereats.com/boston/food-delivery/mamajuana-restaurant-and-lounge/3qjW71nsRlSTL_udtTY8QA,methuen-massachusetts
https://www.ubereats.com/boston/food-delivery/bertuccis-andover/oxJuhJ1ZSLSaRAgMJSaFxg,methuen-massachusetts
https://www.ubereats.com/boston/food-delivery/bertuccis-275-rockingham-park-blvd/_PjGs3PWTUeug4xDKpABdw,methuen-massachusetts
https://www.ubereats.com/boston/food-delivery/chipotle-mexican-grill-93-turnpike-st/78zJmRlaTWSQ_KN0KZXgZg,methuen-massachusetts
https://www.ubereats.com/boston/food-delivery/mcdonalds-147-pelham-st/RybIr-bVSyuad36qsEViBQ,methuen-massachusetts
https://www.ubereats.com/boston/food-delivery/subway-40-jackson-st/swkRmTfPSBSdn7uoHIyn9A,methuen-massachusetts
https://www.ubereats.com/boston/food-delivery/dunkin-290-central-st/bTIk8eDiSaSnYtDgYoT7SQ,methuen-massachusetts
https://www.ubereats.com/boston/food-delivery/boston-chowda-co-north-andover/fsxltSTERcO4x-q0oAGRMA,methuen-massachusetts
https://www.ubereats.com/boston/food-delivery/jp-licks-andover/CoovNBi8QwuZMMvzq3V3Ig,methuen-massachusetts
https://www.ubereats.com/boston/food-delivery/crown-fried-chicken-lawrence/_e9rASqpR0i5ojrmXjZw5Q,methuen-massachusetts
https://www.ubereats.com/boston/food-delivery/uno-pizzeria-%26-grill-%23242/tHJ81ZOsRLOpRCBmq6hsiw,methuen-massachusetts
https://www.ubereats.com/boston/food-delivery/wings-over-lowell/j6s7HIC6QGevtaY8HfZ3sg,methuen-massachusetts
https://www.ubereats.com/boston/food-delivery/gigante-meat-market/TRf3vYaPQlO3gZ7KCuJCkA,methuen-massachusetts
https://www.ubereats.com/boston/food-delivery/bani-restaurant/g6d90oeeRrCf4U41SQ-oog,methuen-massachusetts
https://www.ubereats.com/boston/food-delivery/raagini-indian-bistro/e62PfMMkQvmzIE-6WCW6jg,methuen-massachusetts
https://www.ubereats.com/boston/food-delivery/little-caesars-pizza-160-winthrop-ave/x4KhE9SXSom8P98QGujPhw,methuen-massachusetts
https://www.ubereats.com/boston/food-delivery/grandes-sandwich/n4vQDV6TQVay1Prjh9bAWg,methuen-massachusetts
https://www.ubereats.com/boston/food-delivery/mcdonalds-195-n-main-st/tt9XGzhLTlC7qDDdbS4WAA,methuen-massachusetts
https://www.ubereats.com/boston/food-delivery/subway-352-s-broadway-%23-354/pNEW9PSJRBaOROcJwZzuPg,methuen-massachusetts
https://www.ubereats.com/boston/food-delivery/andover-deli-%26-pizza/y7ALegFRTQus09Sku0HsqA,methuen-massachusetts
https://www.ubereats.com/boston/food-delivery/supreme-pizza-restaurant/zcr6cqZQQ7SIQVTpOplLSw,methuen-massachusetts
https://www.ubereats.com/boston/food-delivery/dunkin-1500-broadway-rd/R27JAt2OTWmX-7F2n82FqQ,methuen-massachusetts
https://www.ubereats.com/boston/food-delivery/empanada-monumental/4YN40mheQ9Kf5RrpGLJ5hA,methuen-massachusetts
https://www.ubereats.com/boston/food-delivery/mcdonalds-1260-bridge-st/WEwYs-juTVSAbySA1DkBvg,methuen-massachusetts
https://www.ubereats.com/boston/food-delivery/tropical-fire-%26-grill/vMlU1lagSfSsMGs0Zzurcg,methuen-massachusetts
https://www.ubereats.com/boston/food-delivery/burger-king-1200-bridge-street/PXOjpIvvTKaofS_bVIKDfw,methuen-massachusetts
https://www.ubereats.com/boston/food-delivery/cracker-barrel-old-country-store-1795-andover-st/_3qUc72ATA-lxCrzzmjGnQ,methuen-massachusetts
https://www.ubereats.com/boston/food-delivery/pizza-palace/xdW065omTXOu6J1o4vpw2w,methuen-massachusetts
https://www.ubereats.com/boston/food-delivery/burger-king-248-haverhill-st/V7_xrG0NRgC7LwMfOn4F9Q,methuen-massachusetts
https://www.ubereats.com/boston/food-delivery/kfc-490-s-union-street/3K53HTt_RgOjMjavg6_yHQ,methuen-massachusetts
https://www.ubereats.com/boston/food-delivery/dunkin-24-merrimack-st/n48xm2x-Rs6a3x9HLUCPiQ,methuen-massachusetts
https://www.ubereats.com/boston/food-delivery/chopsticks/Kso5RVcfQ7uf1R1TdEGVdA,methuen-massachusetts
https://www.ubereats.com/boston/food-delivery/taco-bell-99-rockingham-park-blvd/f2aUI5-5TdOR5vIERTd6ZA,methuen-massachusetts
https://www.ubereats.com/boston/food-delivery/wendys-316-n-broadway/rmklqiK7Rrif3P5A94xhBw,methuen-massachusetts
https://www.ubereats.com/boston/food-delivery/dunkin-36-38-lowell-street/jqu91qW0Sl-j5OmKgjm6YQ,methuen-massachusetts
https://www.ubereats.com/boston/food-delivery/pronto-pizza/2xXEtGmKSsO2BNrQAhEzKw,methuen-massachusetts
https://www.ubereats.com/boston/food-delivery/the-chicken-connection/80zE4EmIRi2FplMMd39plA,methuen-massachusetts
https://www.ubereats.com/boston/food-delivery/wing-squad-north-andover/NthqXpShRl69ful-OiWYbw,methuen-massachusetts
https://www.ubereats.com/boston/food-delivery/krispy-krunchy-chicken-120-pleasant-st/rskhuFErTmCvyCxwHmNwQA,methuen-massachusetts
https://www.ubereats.com/boston/food-delivery/pasquallys-pizza-%26-wings-90-pleasant-valley-rd/2uwWK9TsTUOEkBAn1dPXwQ,methuen-massachusetts
https://www.ubereats.com/boston/food-delivery/burger-king-187-broadway/GvgWjsnlRNiZ87xfrF9MEA,methuen-massachusetts
https://www.ubereats.com/boston/food-delivery/terra-luna-cafe/QH4C-QqoRXeWQVk5kxz0wg,methuen-massachusetts
https://www.ubereats.com/boston/food-delivery/buono-bistro/qGqwuhXmSRyLiT0MLzvUVw,methuen-massachusetts
https://www.ubereats.com/boston/food-delivery/piros-pizza-plus/Rz-zOlrMRRqieQm6wsrqVg,methuen-massachusetts
https://www.ubereats.com/boston/food-delivery/dunkin-15-s-broadway/oKqpBjJRSyqvwAxE__2tpw,methuen-massachusetts
https://www.ubereats.com/boston/food-delivery/red-robin-513-99-rockingham-park-blvd-%23w105/D1Vp8BMOTzmQGY_QEEDdew,methuen-massachusetts
https://www.ubereats.com/boston/food-delivery/five-guys-ma-1862-89-plaistow-rd/1OguA_unTCGIwpwyzSWCIQ,methuen-massachusetts
https://www.ubereats.com/boston/food-delivery/miguelinas-restaurant/4qVMIgGsRSq4LSCABMX4sw,methuen-massachusetts
https://www.ubereats.com/boston/food-delivery/tio-juans-margaritas-mexican-restaurant-and-watering-hole/fbAFGLHURoaStHUp2c3MMA,methuen-massachusetts
https://www.ubereats.com/boston/food-delivery/rockingham-diner/GEJ2Iu9GT6-KUJirUpTmmw,methuen-massachusetts
https://www.ubereats.com/boston/food-delivery/anthonys-roast-beef-and-pizza-methuen/qmp6xRpkRTGBn-d0-KNjfw,methuen-massachusetts
https://www.ubereats.com/boston/food-delivery/connector-cafe-%26-grill/wxICdLljRCONGyNB5Qk1Pw,methuen-massachusetts
https://www.ubereats.com/boston/food-delivery/rockingham-cafe/_XI5tmJaQP2pt2u3vcO6yA,methuen-massachusetts
https://www.ubereats.com/boston/food-delivery/burger-king-95-pleasant-valley-street/bFLJeFXmQzCfFBsBDf27xQ,methuen-massachusetts
https://www.ubereats.com/boston/food-delivery/muddy-waters-pub-%26-restaurant/bsp6dZARRNyZCYpfQ_s1eQ,methuen-massachusetts
https://www.ubereats.com/boston/food-delivery/master-pizza-tropical/FZKiM0v4QtaybekRnP78Kw,methuen-massachusetts
https://www.ubereats.com/boston/food-delivery/taco-bell-280-main-street/zA4FwnIRQSypur4e56aNpg,methuen-massachusetts
https://www.ubereats.com/boston/food-delivery/brothers-sports-bar-%26-grille/YFIVMmSOSGqeYHFf5d98tg,methuen-massachusetts
https://www.ubereats.com/boston/food-delivery/sizzling-kitchen/nihR9wyDQyClOPW8bWf1VA,methuen-massachusetts
https://www.ubereats.com/boston/food-delivery/balis-restauant/X-159rOaRU-odxTrI9nv1g,methuen-massachusetts
https://www.ubereats.com/boston/food-delivery/sbarro-99-rockingham-park-blvd/0jrofJ8jRi2Z-L2ROtwOqw,methuen-massachusetts
https://www.ubereats.com/boston/food-delivery/la-casona-grill/3zsvZk7bTvSGZPjBnqJPcQ,methuen-massachusetts
https://www.ubereats.com/boston/food-delivery/starbucks-methuen-the-loop/vkeV2LVuTRWcblX7zobkMw,methuen-massachusetts
https://www.ubereats.com/boston/food-delivery/subway-137-turnpike-st/WX33k9OZRme59EjBaFnjdg,methuen-massachusetts
https://www.ubereats.com/boston/food-delivery/pizza-%26-sub-stop/7eCaC5KySzmbWIrqFAkE5A,methuen-massachusetts
https://www.ubereats.com/boston/food-delivery/plaza-azteca-methuen/dx4jmfezRnu0FLs7ZtVIiA,methuen-massachusetts
https://www.ubereats.com/boston/food-delivery/powerhouse-juice/XVKI_PPZSQaiyhIouQy9nA,methuen-massachusetts
https://www.ubereats.com/boston/food-delivery/mcdonalds-40-jackson-street/6wZABBM5RZCSw8qraiZCkg,methuen-massachusetts
https://www.ubereats.com/boston/food-delivery/chick-fil-a-73-pleasant-valley-st/s5gbe7hxSkK4Z9UC8SVVfQ,methuen-massachusetts
https://www.ubereats.com/boston/food-delivery/mcdonalds-599-andover-st/m7ZRNfGMS_e91UbpwVarbw,methuen-massachusetts
https://www.ubereats.com/boston/food-delivery/grumpys-g/Wl5AZ6vPTSCSLVLLByA_Pg,methuen-massachusetts
https://www.ubereats.com/boston/food-delivery/oakland-ave-pizza-and-subs/LDpPYifcQr2Bjs0Dl1ev5g,methuen-massachusetts
https://www.ubereats.com/boston/food-delivery/jimmys-pizza-too/t-LLenTaTxmDHC5ANTmE2w,methuen-massachusetts
https://www.ubereats.com/boston/food-delivery/mcdonalds-50-broadway/ybg9N9rTSYuW5Bkb4_PypA,methuen-massachusetts
https://www.ubereats.com/boston/food-delivery/taqueria-del-pueblo/OYKDWjCrTLKmVbg9d1nT-A,methuen-massachusetts
https://www.ubereats.com/boston/food-delivery/moes-southwest-grill-1235-bridge-street/s-iLAnYzR5y0kdAWesWgzw,methuen-massachusetts
https://www.ubereats.com/boston/food-delivery/little-caesars-pizza-360-broadway/AWpfZBlWRHuqKyRC953PhA,methuen-massachusetts
https://www.ubereats.com/boston/food-delivery/margaritas-mexican-restaurant-methuen/HNGqil9bS-uILjYxdhAf1A,methuen-massachusetts
https://www.ubereats.com/boston/food-delivery/wings-your-way!/QgGAdcGvQGuXHSAJx_uh8A,methuen-massachusetts
https://www.ubereats.com/manchester-nh/food-delivery/heavnly-donuts-cafe-%26-catering/qasJJoGGSxqoi2AY_ZDBlQ,methuen-massachusetts
https://www.ubereats.com/boston/food-delivery/auntie-annes-at-mall-at-rockingham-park-99-rockingham-park-blvd/tlG6cMofRrmHqekR-ZFx0g,methuen-massachusetts
https://www.ubereats.com/boston/food-delivery/dunkin-784-river-st-route-110/t8h8HqP1QTixPF2uDj8nhg,methuen-massachusetts
https://www.ubereats.com/boston/food-delivery/tgi-fridays-641-methuen-ma/IDCj44deQquCmI8jg93s3w,methuen-massachusetts
https://www.ubereats.com/boston/food-delivery/bell-tower-cafe/CDnU5EX5Ss6ftVbE1v3CWg,methuen-massachusetts
https://www.ubereats.com/manchester-nh/food-delivery/starbucks-methuen-the-loop/vkeV2LVuTRWcblX7zobkMw,methuen-massachusetts
https://www.ubereats.com/boston/food-delivery/jimmys-famous-pizza/9DF90b_zQdO9je5h4i8Zeg,methuen-massachusetts
https://www.ubereats.com/boston/food-delivery/el-patron-grill-%26-cantina/oKtidviPTmCW214QfVEHbg,methuen-massachusetts
https://www.ubereats.com/boston/food-delivery/raffs-cafe/URVj5z19T2mQgt7H_K66UQ,methuen-massachusetts
https://www.ubereats.com/boston/food-delivery/wendys-90-pleasant-valley-street/_5Rz5hc8TFauOb3u2uwHcQ,methuen-massachusetts
https://www.ubereats.com/boston/food-delivery/cocorays/2cZcnUdnQJWGDkRXvWfZGA,methuen-massachusetts
https://www.ubereats.com/boston/food-delivery/luckys-pizza-and-subs/dgA0rdirRrO3pT-YEJpGnA,methuen-massachusetts
https://www.ubereats.com/boston/food-delivery/the-burger-spot/n-y9IGILROyj6HEtkWWOOA,methuen-massachusetts
https://www.ubereats.com/boston/food-delivery/cocos-cafe-%26-catering/OA7HalWWR9G5bEWiIYYeDA,methuen-massachusetts
https://www.ubereats.com/boston/food-delivery/mcdonalds-53-s-main-st/Sju1NcFwQzud3A_iSRoW1g,methuen-massachusetts
https://www.ubereats.com/boston/food-delivery/tavern-in-the-square-lowell/peSWJ7xaSD2ncWGq-jEKTw,methuen-massachusetts
https://www.ubereats.com/boston/food-delivery/attika-restaurant/WidbYIqWSGyQ2L00MDUMsQ,methuen-massachusetts
https://www.ubereats.com/boston/food-delivery/little-caesars-7-hilldale-avenue/2cLztf36QgWKVDCKg0-bfw,methuen-massachusetts
https://www.ubereats.com/boston/food-delivery/zion-cafe/qypLbnP4QYaepBD5NkqCBw,methuen-massachusetts
https://www.ubereats.com/boston/food-delivery/dunkin-579-andover-st/ipgk1puATmebScgRm0s5cg,methuen-massachusetts
https://www.ubereats.com/boston/food-delivery/bgood-99-turnpike-st/bzS7sUCSRgub1vICrdyLJQ,methuen-massachusetts
https://www.ubereats.com/boston/food-delivery/cavallo-restaurant/EcgC5OnFRj2X5KMlvv6t-w,methuen-massachusetts
https://www.ubereats.com/boston/food-delivery/alexs-house-of-pizza/newZOYEiT_id-mOKVBPJGQ,methuen-massachusetts
