url,city
https://www.ubereats.com/dayton/food-delivery/amar-india-restaurant-south/0nI8dpIqTM2pMzNMV0k7XQ,miamisburg-ohio
https://www.ubereats.com/dayton/food-delivery/taco-bell-10-lawrence-avenue/b_QIGQ7iRC2X37f6KsFicQ,miamisburg-ohio
https://www.ubereats.com/dayton/food-delivery/tokyo-grill-%26-sushi-buffet/FGoKxL1WQvmtFKT3QTdIjw,miamisburg-ohio
https://www.ubereats.com/dayton/food-delivery/wendys-220-south-heincke-road/M5dtQv_zSJmjLRlImjd8oQ,miamisburg-ohio
https://www.ubereats.com/dayton/food-delivery/pf-changs-2626-miamisburg-centerville-rd/tar3lGzaRHOrbDnVQyvU1Q,miamisburg-ohio
https://www.ubereats.com/dayton/food-delivery/akasan-japanese-street-eats-centerville/EaoUZwlKQmCJXTeIjSpSvg,miamisburg-ohio
https://www.ubereats.com/dayton/food-delivery/curry-%26-grill/6fJYXtxWSmCST2QFAql0yg,miamisburg-ohio
https://www.ubereats.com/dayton/food-delivery/carrabbas-900-miamisburg-centerville-road/9CxksBgQSbWHlm7EFn3WpA,miamisburg-ohio
https://www.ubereats.com/dayton/food-delivery/buffalo-wild-wings-6210-wilmington-pike/gFHzUJfwSb2U-dQq_E1w1A,miamisburg-ohio
https://www.ubereats.com/dayton/food-delivery/arbys-3021-kettering-blvd/KmdeYiQiRZ6P45t3l121eA,miamisburg-ohio
https://www.ubereats.com/dayton/food-delivery/subway-8800-kingsridge-dr/hlBZILDNS3W35HWQFfcIVw,miamisburg-ohio
https://www.ubereats.com/dayton/food-delivery/taco-bell-3019-kettering-blvd/X-m_ZZ6YTmSBNyTkn37WqA,miamisburg-ohio
https://www.ubereats.com/dayton/food-delivery/wendys-2948-miamisburg-centerville-rd/C8UbmOxWQ3OfBMNknT2J_Q,miamisburg-ohio
https://www.ubereats.com/dayton/food-delivery/frischs-big-boy-2861-wilmington-pike/moeJdqKYT0iirkI3xPhKtQ,miamisburg-ohio
https://www.ubereats.com/dayton/food-delivery/arbys-101-heincke-rd/iPx5NUJgRUqNp1eUI5Fv6Q,miamisburg-ohio
https://www.ubereats.com/dayton/food-delivery/bob-evans-13-220-byers-road/2GO3KfMDSM6lhjn_HOlzOg,miamisburg-ohio
https://www.ubereats.com/dayton/food-delivery/a%26w-all-american-food-1540-miamisburg-centerville-rd/t5XvWrq_TKyC0dpFeK5ziA,miamisburg-ohio
https://www.ubereats.com/dayton/food-delivery/flemings-prime-steakhouse-%26-wine-bar-dayton/yDMu88aTTxyjZGck-CQSrQ,miamisburg-ohio
https://www.ubereats.com/dayton/food-delivery/firebirds-wood-fired-grill-3500-rigby-rd/d_rinY4kRRueN9XrfJ8B7w,miamisburg-ohio
https://www.ubereats.com/dayton/food-delivery/warped-wing-grill/gE5Qvs0OQ6ewSce95FoU3Q,miamisburg-ohio
https://www.ubereats.com/dayton/food-delivery/curry-southern-barbeque-and-creole-kitchen/DqzfvH-uSImuAe_W11UmwQ,miamisburg-ohio
https://www.ubereats.com/dayton/food-delivery/papa-johns-2345-dayton-pike/oR7YzjtjTiGVQj-4UrIBxA,miamisburg-ohio
https://www.ubereats.com/dayton/food-delivery/meadowlark-restaurant/xvtIS_-VTauDAxvb7dnBkA,miamisburg-ohio
https://www.ubereats.com/dayton/food-delivery/chipotle-mexican-grill-6000-wilmington-pike/mlT-w5_gSYilT1wFipjNiw,miamisburg-ohio
https://www.ubereats.com/dayton/food-delivery/philly-pretzel-factory-1063-s-main-st/ptOiI7GgRJS2GtxOitK19g,miamisburg-ohio
https://www.ubereats.com/dayton/food-delivery/dragon-one-chinese-restaurant/jf2OjQQmQeu33il-g1oajQ,miamisburg-ohio
https://www.ubereats.com/dayton/food-delivery/starbucks-spring-valley-%26-sr-741/xzMXp4FGQT-QkXH-cbzV2A,miamisburg-ohio
https://www.ubereats.com/dayton/food-delivery/uno-pizzeria-%26-grill-126-north-main-street/_27-QwrASHqLHDA-IUcv-A,miamisburg-ohio
https://www.ubereats.com/dayton/food-delivery/persis-indian-grill/iCGD0BHSTUS4bR1xIN8jiA,miamisburg-ohio
https://www.ubereats.com/dayton/food-delivery/arepas-%26-co-colombian-comfort-food-washington-township/8YDZaKB7TgSVzNG4FmZewQ,miamisburg-ohio
https://www.ubereats.com/dayton/food-delivery/cold-stone-creamery-3700-rigby-rd/49TAZ29RT6K26ouqFLAyaA,miamisburg-ohio
https://www.ubereats.com/dayton/food-delivery/bob-evans-173-7115-far-hills-avenue/c2tuLlPSQRqIFplxYxGq_A,miamisburg-ohio
https://www.ubereats.com/dayton/food-delivery/boston-stoker-coffee-co-downtown-dayton/68MDBtRIQa2sAFRN47uUOw,miamisburg-ohio
https://www.ubereats.com/dayton/food-delivery/long-john-silvers-1540-miamisburg-centerville-rd/vT-flvUlTtCQJD5mJg2Kiw,miamisburg-ohio
https://www.ubereats.com/dayton/food-delivery/bob-evans-10-1850-east-dorothy-lane/G9579WulQommsmDlFXaDmg,miamisburg-ohio
https://www.ubereats.com/dayton/food-delivery/grandpa-joes-candy-shop-miamisburg/rq_wsaTXTmCt5YDxVqd_fg,miamisburg-ohio
https://www.ubereats.com/dayton/food-delivery/thai-kitchen/mX45NyybSkSjY9voiIvH8Q,miamisburg-ohio
https://www.ubereats.com/dayton/food-delivery/arbys-8301-yankee-st/AbkItlg0SA2dPcCyAbXz2w,miamisburg-ohio
https://www.ubereats.com/dayton/food-delivery/applebees-delco-park/xg9-5JEfQFKNPCwUxT2Y9Q,miamisburg-ohio
https://www.ubereats.com/dayton/food-delivery/buffalo-wild-wings-262-e-stroop-rd/VSXMzZzQQM6Awq-rFBqRng,miamisburg-ohio
https://www.ubereats.com/dayton/food-delivery/great-american-cookies-2700-miamisburg-centerville-rd/LoWt3Bt2Tlyp6S5McgY6jQ,miamisburg-ohio
https://www.ubereats.com/dayton/food-delivery/el-toro-mexican-bar-%26-grill-miamisburg/kpNlkXVAT9iyRtC1x8hnWw,miamisburg-ohio
https://www.ubereats.com/dayton/food-delivery/bjs-restaurant-%26-brewhouse-10563-innovation-drive/X1BrQIGsTtWTshTlHRd-3A,miamisburg-ohio
https://www.ubereats.com/dayton/food-delivery/donatos-pizza-7912-paragon-rd/9KAtXRz3T0ea1_RAaJE68Q,miamisburg-ohio
https://www.ubereats.com/dayton/food-delivery/jersey-mikes-1512-miamisburg-centerville-road/dprsUV5qThyFTrKTrEElow,miamisburg-ohio
https://www.ubereats.com/dayton/food-delivery/arepas-%26-co-colombian-comfort-food-kettering/rkWbaDc7Q3O7ePezGElOwA,miamisburg-ohio
https://www.ubereats.com/dayton/food-delivery/kfc-680-east-central-avenue/nFcwR7zyQdSdOyWZzhrlMw,miamisburg-ohio
https://www.ubereats.com/dayton/food-delivery/chuck-e-cheese-30-prestige-plaza-dr/43M6l8PoQsaUvAE1_-z76A,miamisburg-ohio
https://www.ubereats.com/dayton/food-delivery/mcdonalds-heincke-%26-central/oP0-Oa1GSY6WlLRRmW_t7w,miamisburg-ohio
https://www.ubereats.com/dayton/food-delivery/wing-zone-654-e-dixie-dr/yAGnIBXkRxKtACZFI1MXVQ,miamisburg-ohio
https://www.ubereats.com/dayton/food-delivery/subway-200-c-n-springboro-pike/1pwC8c-EQz26MYF8O-AWwQ,miamisburg-ohio
https://www.ubereats.com/dayton/food-delivery/hardees-8209-springboro-pike/w9sroxqCQFWPZ3li_S6MHw,miamisburg-ohio
https://www.ubereats.com/dayton/food-delivery/heavenly-indian-restaurant/v6yAP6hyRm6NzWiZQBgRTg,miamisburg-ohio
https://www.ubereats.com/dayton/food-delivery/firehouse-subs-far-hills-ave/vOCg_GdSSDW8OblNAv7DLQ,miamisburg-ohio
https://www.ubereats.com/dayton/food-delivery/burger-king-5778-springboro-pike/h9g8F_dHTOq1SdmS_qXIyA,miamisburg-ohio
https://www.ubereats.com/dayton/food-delivery/frischs-big-boy-4830-s-dixie-dr/FF1g8VgUTm6nBslmgQ-Vgw,miamisburg-ohio
https://www.ubereats.com/dayton/food-delivery/hot-head-burritos-6228-far-hills-ave/My4q2PQDRGCdJOt8CYUKMw,miamisburg-ohio
https://www.ubereats.com/dayton/food-delivery/panera-204850/bw__nts3TGyYBBUeDGWO2w,miamisburg-ohio
https://www.ubereats.com/dayton/food-delivery/honeybaked-ham-101-east-alex-bell-rd/Bslwt0IiQ_m8LzSpa0LkYQ,miamisburg-ohio
https://www.ubereats.com/dayton/food-delivery/tim-hortons-3010-kettering-blvd/m_dmwfSPQdylA1yUmr3i6A,miamisburg-ohio
https://www.ubereats.com/dayton/food-delivery/papa-johns-1330-east-dorothy-lane/DCd8lgbuQ_SowyOeIIT61Q,miamisburg-ohio
https://www.ubereats.com/dayton/food-delivery/arbys-6260-wilmington-pike/2JdWkwQGSS2x4Oa5KMsUjQ,miamisburg-ohio
https://www.ubereats.com/dayton/food-delivery/subway-5652-springboro-pike/lLSb0cX4Szu1YD-DatwyBg,miamisburg-ohio
https://www.ubereats.com/dayton/food-delivery/burger-king-1244-east-central-avenue/NqU3V4rDTe-V380gjOXOeA,miamisburg-ohio
https://www.ubereats.com/dayton/food-delivery/blue-crab-juicy-seafood/40qixaTNRF2ILRD79RvL8g,miamisburg-ohio
https://www.ubereats.com/dayton/food-delivery/bar-145/ZqtTO03LTza9ZXZR2_uh5Q,miamisburg-ohio
https://www.ubereats.com/dayton/food-delivery/tropical-smoothie-cafe-988-miamisburg-centerville/Vm-Jfi7PT62K1SLnXmk0yg,miamisburg-ohio
https://www.ubereats.com/dayton/food-delivery/papa-johns-491-miamisburg-centerville-road/R8-iRX2UQLGd61-ji5QgDQ,miamisburg-ohio
https://www.ubereats.com/dayton/food-delivery/churchs-chicken-2443-n-gettysburg/73VWLKZlQ-CoTp_J7eLzjg,miamisburg-ohio
https://www.ubereats.com/dayton/food-delivery/chipotle-mexican-grill-1051-miamisburg-centerville-rd/U-oQcIs9RCSqfMVr2YkhzA,miamisburg-ohio
https://www.ubereats.com/dayton/food-delivery/pasha-grill/8xHCmR9mRxymcKT7MCHTlA,miamisburg-ohio
https://www.ubereats.com/dayton/food-delivery/lees-famous-recipe-chicken-miamisburg/jem8byiOTiuE2Eic-ewiUA,miamisburg-ohio
https://www.ubereats.com/dayton/food-delivery/perkins-175-byers-rd/EsHyo4iGR2ubXnIop2NYyA,miamisburg-ohio
https://www.ubereats.com/dayton/food-delivery/papa-johns-3706-germantown-pike/Fx3OZquAQ2GpLSNsvQqqJQ,miamisburg-ohio
https://www.ubereats.com/dayton/food-delivery/fusian-centerville/TM51wRv8S_2HFQZUQ4b93Q,miamisburg-ohio
https://www.ubereats.com/dayton/food-delivery/papa-johns-540-wilmington-pike/4hw7A21kQCSTtdsj42TfTA,miamisburg-ohio
https://www.ubereats.com/dayton/food-delivery/mcdonalds-springboro-%26-kingsridge/3vJyiyWqRk214CT_T7fAwQ,miamisburg-ohio
https://www.ubereats.com/dayton/food-delivery/young-chow/a6gdkVB4T9uZqv8tKjBmqg,miamisburg-ohio
https://www.ubereats.com/dayton/food-delivery/pasquallys-pizza-%26-wings-30-prestige-place/Wf5u4HAGTZuxQbr6XP1SeA,miamisburg-ohio
https://www.ubereats.com/dayton/food-delivery/kfc-253-springboro-pike/MOjOqOISQKOXk1-a1SShdw,miamisburg-ohio
https://www.ubereats.com/dayton/food-delivery/graeters-ice-cream-oakwood/CXjgZRePRuui33U6eY-skA,miamisburg-ohio
https://www.ubereats.com/dayton/food-delivery/fazolis-5230-cobblegate-dr/D3fNat_GSwmnX-VPUyyu4A,miamisburg-ohio
https://www.ubereats.com/dayton/food-delivery/front-row-bar-and-grille/vC3SGjB9QjKMAMKlkNBkBw,miamisburg-ohio
https://www.ubereats.com/dayton/food-delivery/mcdonalds-741-e-dixie-dr/BW95Qc-mSNOGJSuXRk2Zag,miamisburg-ohio
https://www.ubereats.com/dayton/food-delivery/9606-bonefish-grill-2818-miamisburg-centerville-rd/YyBUhN9_RymjfwlX7if6cg,miamisburg-ohio
https://www.ubereats.com/dayton/food-delivery/first-watch-kettering/E4yAq0iTTFWZqhASHILgXA,miamisburg-ohio
https://www.ubereats.com/dayton/food-delivery/fazolis-6110-wilmington-pike/dVKP5P_lQVCG0notLr4wbA,miamisburg-ohio
https://www.ubereats.com/dayton/food-delivery/shantz-express/W63HXPi0QYmzNH1BSbhREQ,miamisburg-ohio
https://www.ubereats.com/dayton/food-delivery/bravo-2770-miamisburg-centerville-rd/8qS7cyrzSrenKzhibDSGxA,miamisburg-ohio
https://www.ubereats.com/dayton/food-delivery/qdoba-miamisburg/ge-sMhuZSCyUic4-gvXaWQ,miamisburg-ohio
https://www.ubereats.com/dayton/food-delivery/firehouse-subs-cornerstone/PWM8jSu0SdKg3mgEibTYCQ,miamisburg-ohio
https://www.ubereats.com/dayton/food-delivery/mcdonalds-2757-w-alex-bell-road/93m0CKRTR4W5--Hf2NvDAw,miamisburg-ohio
https://www.ubereats.com/dayton/food-delivery/wing-on-5230-cobblegate-drive/joQ7P6mXQw2h1BYq3qbg2A,miamisburg-ohio
https://www.ubereats.com/dayton/food-delivery/buffalo-wild-wings-10048-landing-way/59PmIoL4Qm2PcWu5_wU3aQ,miamisburg-ohio
https://www.ubereats.com/dayton/food-delivery/rapid-fired-pizza-10101-landing-way/TQLEgIh_ScazD5qpCsZHVg,miamisburg-ohio
https://www.ubereats.com/dayton/food-delivery/oinkadoodlemoo-byers-rd/_KJVuOabQeydSGLcXqX-FQ,miamisburg-ohio
https://www.ubereats.com/dayton/food-delivery/captain-ds-1401-e-dorothy-ln/uhoGFMymT7eHU9IlfYuH1A,miamisburg-ohio
https://www.ubereats.com/dayton/food-delivery/krispy-krunchy-chicken-3960-far-hills-ave/t76zJHt4Q2CwYHC7G7iHaw,miamisburg-ohio
https://www.ubereats.com/dayton/food-delivery/el-toro-mexican-bar-%26-grill-centerville/_PNisvl1Ryiarr-oKMX8Ww,miamisburg-ohio
https://www.ubereats.com/dayton/food-delivery/the-spaghetti-warehouse-dayton/JstkM5IsRuGqs6rY0mEhhg,miamisburg-ohio
https://www.ubereats.com/dayton/food-delivery/donatos-pizza-4461-feedwire-rd/Oq6wmq8gRK6Ho3f-lqwR3A,miamisburg-ohio
https://www.ubereats.com/dayton/food-delivery/frischs-big-boy-8181-springboro-pike/DE1V1j0HScSOdG8ra05bQw,miamisburg-ohio
https://www.ubereats.com/dayton/food-delivery/chazzys-kitchen/PiwY15zfRQCdxi5xbssrjg,miamisburg-ohio
https://www.ubereats.com/dayton/food-delivery/long-john-silvers-810-water-tower-lane/nvfqzR9cQhq6lR8juS_pFQ,miamisburg-ohio
https://www.ubereats.com/dayton/food-delivery/graeters-ice-cream-centerville/OlxT6VFgRZuuxs3EC0qC3A,miamisburg-ohio
https://www.ubereats.com/dayton/food-delivery/dragon-china/FcR6mRlUTICLobCx-hoJ0g,miamisburg-ohio
https://www.ubereats.com/dayton/food-delivery/rapid-fired-pizza-centerville/pJH4j6uLQZCSE9CO8oP7qw,miamisburg-ohio
https://www.ubereats.com/dayton/food-delivery/lees-famous-recipe-chicken-centerville/aiLVI6_5SJaejzKhyjtKiQ,miamisburg-ohio
https://www.ubereats.com/dayton/food-delivery/hot-head-burritos-kettering-dorothy/mIVC8RETQdW1HsbGYGbKfA,miamisburg-ohio
https://www.ubereats.com/dayton/food-delivery/donatos-pizza-1913-s-alex-rd/xmcsoymgSwa0ZbYw2POAQA,miamisburg-ohio
https://www.ubereats.com/dayton/food-delivery/chipotle-mexican-grill-10671-innovation-dr/-Zw4g_-fSsSlfRM8k7VuHg,miamisburg-ohio
https://www.ubereats.com/dayton/food-delivery/ocharleys-2260-miamisburg-centerville-rd/3fx8VLeBR8eX87QcXHrxMA,miamisburg-ohio
https://www.ubereats.com/dayton/food-delivery/outback-steakhouse-2560-miamisburg-centerville-rd/ZBij_cAnRvOlEKpfPX2e9A,miamisburg-ohio
https://www.ubereats.com/dayton/food-delivery/garden-cafe/qp3AMpVJSGqQ8pQ8ySnX1w,miamisburg-ohio
https://www.ubereats.com/dayton/food-delivery/arbys-5770-springboro-pike/HfjpTxmAR6i1WMP6IDBHgw,miamisburg-ohio
https://www.ubereats.com/dayton/food-delivery/applebees-dayton/FAhbpeovSBiTrgW_5jpNJA,miamisburg-ohio
https://www.ubereats.com/dayton/food-delivery/jersey-mikes-6002-far-hills-avenue/aG9iwOTRTSazf-59tqDJ4g,miamisburg-ohio
https://www.ubereats.com/dayton/food-delivery/india-chaat-cafe/5KpNsWXkTDWsTPNsOzB7Aw,miamisburg-ohio
https://www.ubereats.com/dayton/food-delivery/sushi-hana/2JJSK9cIQaawQ7tA3zYAgQ,miamisburg-ohio
https://www.ubereats.com/dayton/food-delivery/noodles-%26-company-3400-rigby-rd/Ve_tZ4ENSC6_I_BWvUmRnw,miamisburg-ohio
https://www.ubereats.com/dayton/food-delivery/hot-head-burritos-kettering%3A-stroop/uziWh6D3S-2ayDDEu41OQw,miamisburg-ohio
https://www.ubereats.com/dayton/food-delivery/taco-bell-801-e-central-ave/GtcRdj_4ShOHhvcb_hNogg,miamisburg-ohio
https://www.ubereats.com/dayton/food-delivery/las-penas-restaurant/oThzBJdOTa6RC8g4M9erdQ,miamisburg-ohio
https://www.ubereats.com/dayton/food-delivery/red-lobster-8200-springboro-pike/gpSqVS8aR7SBBZZc3gg85w,miamisburg-ohio
https://www.ubereats.com/dayton/food-delivery/first-watch-dayton-mall/7jEKslpVQayYcbHvB57ZVA,miamisburg-ohio
https://www.ubereats.com/dayton/food-delivery/kung-fu-noodle-%E5%8A%9F%E5%A4%AB%E6%8B%89%E9%9D%A2/KB4QKFuJSoqIbdIe0xHRuw,miamisburg-ohio
https://www.ubereats.com/dayton/food-delivery/gyro-palace/9GBnuS-tREGDSnUmHSn2Iw,miamisburg-ohio
https://www.ubereats.com/dayton/food-delivery/kfc-4023-w-3rd-st/nu9N7IUASFujwhZqUa_Tfg,miamisburg-ohio
https://www.ubereats.com/dayton/food-delivery/fusian-dayton/LtWz5HC0Q5yJZ6GZTJO8nQ,miamisburg-ohio
https://www.ubereats.com/dayton/food-delivery/gyro-delight/WRTN85DMT9qMP_tbDCrX4g,miamisburg-ohio
https://www.ubereats.com/dayton/food-delivery/blossom-juicy-bar/0k_j58fJQvOPqITLADRLyg,miamisburg-ohio
https://www.ubereats.com/dayton/food-delivery/rallys-5800-springboro-pike/4O77kNJKSBOwNhS5gHXfZA,miamisburg-ohio
https://www.ubereats.com/dayton/food-delivery/wendys-731-east-central-avenue/ix5i7N4nQrCCgeCeTdBDlQ,miamisburg-ohio
https://www.ubereats.com/dayton/food-delivery/dunkin-27-n-springboro-pike/K8eO65_cRxKMG8p6HOVAEw,miamisburg-ohio
https://www.ubereats.com/dayton/food-delivery/tokyo-japanese-grill-%26-sushi/4oQV5GjLR2KPjACTcf1V6Q,miamisburg-ohio
https://www.ubereats.com/dayton/food-delivery/frutta-bowls-miamisburg/QiF74CUJQvCdaeUA1JBbag,miamisburg-ohio
https://www.ubereats.com/dayton/food-delivery/golden-corral-8870-kingsridge-dr/tciGW5ohTKe9jHAr67q3GQ,miamisburg-ohio
https://www.ubereats.com/dayton/food-delivery/chick-fil-a-2700-miamisburg-ctrvil-rd-%23212/yvNojEubT8SwUbU0pN_1DA,miamisburg-ohio
https://www.ubereats.com/dayton/food-delivery/oinkadoodlemoo-bbq-kettering/UchXS6MQRzCBKavVoBYgIA,miamisburg-ohio
https://www.ubereats.com/dayton/food-delivery/steak-n-shake-8420-springboro-pike/JwTzdhDXR4izqTpUa5TtVA,miamisburg-ohio
https://www.ubereats.com/dayton/food-delivery/cousin-vinnys-pizza-watertower/XNEgD64xTTK82DwT0lPPmQ,miamisburg-ohio
https://www.ubereats.com/dayton/food-delivery/taco-bell-109-springboro-pike/ga4ikACSTZ2DO7bkCShHHQ,miamisburg-ohio
https://www.ubereats.com/dayton/food-delivery/cj-chan-moraine/yheXnHdITr6Zbmqz690CpQ,miamisburg-ohio
https://www.ubereats.com/dayton/food-delivery/frischs-big-boy-6188-wilmington-pike/m4Jl_eiRSSePN-HzCpomnQ,miamisburg-ohio
https://www.ubereats.com/dayton/food-delivery/auntie-annes-2700-miamisburg-centerville-rd-space-282/uAVlwBX9T1OVoa8kBavr9Q,miamisburg-ohio
https://www.ubereats.com/dayton/food-delivery/cracker-barrel-old-country-store-5770-wilmington-pike/05zRRLNlT7eMUklq2yh6hw,miamisburg-ohio
https://www.ubereats.com/dayton/food-delivery/papa-johns-1935-south-alex-road/c_wIbV_bR6S2vQEdcWCgkw,miamisburg-ohio
https://www.ubereats.com/dayton/food-delivery/dairy-queen-treat-9110-dayton-lebanon-pike/bZU65DENTuWjsIUS6bKdjA,miamisburg-ohio
https://www.ubereats.com/dayton/food-delivery/boston-stoker-centerville/z5dPGqLaTG2ZINjSsWxgxA,miamisburg-ohio
