url,city
https://www.ubereats.com/new-jersey/food-delivery/mezza-westwood/p1Z7_r0DT2ezmv4wmF1Tkw,midland-park-new-jersey
https://www.ubereats.com/new-jersey/food-delivery/tgi-fridays-625-hackensack-nj/Ti0Fm16QSkOzsG1tjcZI8w,midland-park-new-jersey
https://www.ubereats.com/new-jersey/food-delivery/trattoria-la-bocca/ZrLThl1oRAu5qXBmv92icg,midland-park-new-jersey
https://www.ubereats.com/new-jersey/food-delivery/kumo-japanese-cuisine/kka55U8PRt2t15V1kovXKQ,midland-park-new-jersey
https://www.ubereats.com/new-jersey/food-delivery/royal-warsaw/406c60SmS7KFLsq_-EW36A,midland-park-new-jersey
https://www.ubereats.com/new-jersey/food-delivery/jerk-shack-grill/6bN0VVaaR8G1Vl3CsmsioQ,midland-park-new-jersey
https://www.ubereats.com/new-jersey/food-delivery/ridgewood-hot-bagels/7PtflTLSQsSHyak4p8GBkg,midland-park-new-jersey
https://www.ubereats.com/new-jersey/food-delivery/taco-bell-27-s-kinderkamack-rd/fjRlney8Qrel7knZAgDrOw,midland-park-new-jersey
https://www.ubereats.com/new-jersey/food-delivery/houlihans-ramsey/K5_1_by2RQOdsUwQif8I2A,midland-park-new-jersey
https://www.ubereats.com/new-jersey/food-delivery/bienaventurado-food/ACtkWT2uQOSA15c3dhFqJQ,midland-park-new-jersey
https://www.ubereats.com/new-jersey/food-delivery/hot-bagels-of-fair-lawn/fk3kis2JSe6pB-AcQgfBiA,midland-park-new-jersey
https://www.ubereats.com/new-jersey/food-delivery/gong-cha-garden-state-plaza/MPSpwx91S4aWCmFtdJrF-Q,midland-park-new-jersey
https://www.ubereats.com/new-jersey/food-delivery/eons-greek-food-for-life-montvale/uCApu5HbQzGARQuXJ-Pv9A,midland-park-new-jersey
https://www.ubereats.com/new-jersey/food-delivery/wendys-411-hillsdale-ave/wFGLwERkQiCroxiiAWV05w,midland-park-new-jersey
https://www.ubereats.com/new-jersey/food-delivery/burger-teriyaki-sushi/M8Agni87R32yfa4usXgm7w,midland-park-new-jersey
https://www.ubereats.com/new-jersey/food-delivery/chipotle-mexican-grill-81-e-state-rt-4-ste-101/kEmyzAnbQXuDDHlsLfol3g,midland-park-new-jersey
https://www.ubereats.com/new-jersey/food-delivery/tiffs-soul-food/dPDP7zi7SdWgoD5O5U1d1A,midland-park-new-jersey
https://www.ubereats.com/new-jersey/food-delivery/blue-moon-mexican-cafe-wyckoff/9MQTkcNuQi6lXMWG5jL6IA,midland-park-new-jersey
https://www.ubereats.com/new-jersey/food-delivery/delicias-peruanas/AByLWTKfS6yO_WpGRbPgag,midland-park-new-jersey
https://www.ubereats.com/new-jersey/food-delivery/el-grecco-pizza/D3JWxIhBREqRGKSzNDqghg,midland-park-new-jersey
https://www.ubereats.com/new-jersey/food-delivery/starbucks-paterson-hamburg-tpke-wayne/8wi77S56SkOrF0hoYB2waQ,midland-park-new-jersey
https://www.ubereats.com/new-jersey/food-delivery/kimchi-mama/TxUedIkZSja-LYP7vJRzGA,midland-park-new-jersey
https://www.ubereats.com/new-jersey/food-delivery/big-bowls-little-plates-h-mart-paramus/sA5u6YYrQfS8hA7zEuql3g,midland-park-new-jersey
https://www.ubereats.com/new-jersey/food-delivery/parkway-diner/s0w8wwPRRMW70A85S5ZtIA,midland-park-new-jersey
https://www.ubereats.com/new-jersey/food-delivery/wise-fried-chicken/X7ROUAcIQ3mfNO3H_i_-Sg,midland-park-new-jersey
https://www.ubereats.com/new-jersey/food-delivery/marie-dominican-cakes-%26-deli/9QL0Xh1HRKyo5kVCZoca2g,midland-park-new-jersey
https://www.ubereats.com/new-jersey/food-delivery/almazaq-restaurant-and-bakery/pYKgCXboTfqhAakdUrlxnw,midland-park-new-jersey
https://www.ubereats.com/new-jersey/food-delivery/jersey-mikes-subs-3120-promenade-blvd/jWN4acJ4SKiLoqpHcSDTpQ,midland-park-new-jersey
https://www.ubereats.com/new-jersey/food-delivery/dunkin-22-20-fair-lawn-ave/JZWPC_XiQv2YOxUxyqaRAw,midland-park-new-jersey
https://www.ubereats.com/new-jersey/food-delivery/playa-bowls-ridgewood/0JiG-WzSRriAc5yfMDJrXg,midland-park-new-jersey
https://www.ubereats.com/new-jersey/food-delivery/cold-stone-creamery-441-broadway/LlYxQic1T9OHQEOprBK76w,midland-park-new-jersey
https://www.ubereats.com/new-jersey/food-delivery/pizza-hut-388-ramapo-valley-rd/kns_eVgqRca5ZZBQ3J_a4A,midland-park-new-jersey
https://www.ubereats.com/new-jersey/food-delivery/the-iron-horse/PEEyAQVTQQy8uoMUH3buXQ,midland-park-new-jersey
https://www.ubereats.com/new-jersey/food-delivery/il-piatto-bistro/Ixk4qAEoT7urpVA4s2TARw,midland-park-new-jersey
https://www.ubereats.com/new-jersey/food-delivery/majestic-diner/a0ZZwOazTT2t_ZgBVo74Pg,midland-park-new-jersey
https://www.ubereats.com/new-jersey/food-delivery/taco-bell-1400-route-23-north/ZWKVgp6aTUqEAxqYdPVlzw,midland-park-new-jersey
https://www.ubereats.com/new-jersey/food-delivery/los-fuertes-de-loreto/3rxCuQ03RrCB19OZVzDkoQ,midland-park-new-jersey
https://www.ubereats.com/new-jersey/food-delivery/chipotle-mexican-grill-1255-state-rt-17-unit-3/SZ8RMXvgSnWZj_LpA1F1Ug,midland-park-new-jersey
https://www.ubereats.com/new-jersey/food-delivery/eons-greek-food-for-life/x1UdztucQAGBpBR2_aH0Pw,midland-park-new-jersey
https://www.ubereats.com/new-jersey/food-delivery/finca-the-estate-of-small-plates/jf_WUNn2TRSA9rxDfJHhqw,midland-park-new-jersey
https://www.ubereats.com/new-jersey/food-delivery/burger-king-168-belmont-avenue/GVUhFN1NSdmDXuub5jVgCA,midland-park-new-jersey
https://www.ubereats.com/new-jersey/food-delivery/dunkin-525-cedar-hill-ave/JHroyAUTQeelAuygncr2Og,midland-park-new-jersey
https://www.ubereats.com/new-jersey/food-delivery/two-guys-pizza-%26-grill/gRJ_bSaBRISw8ks7Mm64-w,midland-park-new-jersey
https://www.ubereats.com/new-jersey/food-delivery/belmont-grill/PL2ON0hQTB-_DCE77s039A,midland-park-new-jersey
https://www.ubereats.com/new-jersey/food-delivery/sunrise-bagels-cafe/r850Clm0QEuxg2h9tRXHyg,midland-park-new-jersey
https://www.ubereats.com/new-jersey/food-delivery/red-lobster-211-route-17-s/2ZIcvAbATDGb3uRJE9k9LA,midland-park-new-jersey
https://www.ubereats.com/new-jersey/food-delivery/boston-market-20-wyckoff-avenue/F8ceLKa2QwuE2L3xdJ0pig,midland-park-new-jersey
https://www.ubereats.com/new-jersey/food-delivery/mcdonalds-828-rt-17-n/-mJBE90KRyeCbOhi0976uw,midland-park-new-jersey
https://www.ubereats.com/new-jersey/food-delivery/el-rancho-de-juancho/-IeKf0v1StKYLNYnNFYysA,midland-park-new-jersey
https://www.ubereats.com/new-jersey/food-delivery/lee-garden/VJiJ1fYbRT2rAzQOfE5Wmw,midland-park-new-jersey
https://www.ubereats.com/new-jersey/food-delivery/raymonds-ridgewood/biK56cQiTM-fn1vjGlew5g,midland-park-new-jersey
https://www.ubereats.com/new-jersey/food-delivery/burger-king-364-mclean-boulevard/jbopympFQV-BsQhBssPGrw,midland-park-new-jersey
https://www.ubereats.com/new-jersey/food-delivery/sultan-artisan-bakery/zpchTPiOQtWbzjsz2cDorg,midland-park-new-jersey
https://www.ubereats.com/new-jersey/food-delivery/dunkin-12-18-river-rd/oNDLg54JQOmLbAoRQXBGrg,midland-park-new-jersey
https://www.ubereats.com/new-jersey/food-delivery/zevys-pizza/c9UmshEHTCC9pgQKqPenag,midland-park-new-jersey
https://www.ubereats.com/new-jersey/food-delivery/yuki-japanese-restaurant-ramapo-valley-rd/VjqjJojBSL-J2U0zw9NoNQ,midland-park-new-jersey
https://www.ubereats.com/new-jersey/food-delivery/hot-bagelsa-franklin/fqp2KFA3T9Gk9020WSD8Uw,midland-park-new-jersey
https://www.ubereats.com/new-jersey/food-delivery/bagel-run/FRbV7NSeRVCma_hsTznvkQ,midland-park-new-jersey
https://www.ubereats.com/new-jersey/food-delivery/outback-steakhouse-191-berdan-avenue/KOaRTd85T8SVk9k985rlNQ,midland-park-new-jersey
https://www.ubereats.com/new-jersey/food-delivery/al-kumah-restaurant/x1h3C1txRRWDY_WlsTLqMw,midland-park-new-jersey
https://www.ubereats.com/new-jersey/food-delivery/poke-zone/EVsaG6p1RhGrm8ADdPOBMg,midland-park-new-jersey
https://www.ubereats.com/new-jersey/food-delivery/palermos-bakery-fair-lawn/ceDPHJQXSqKlhuam5ZJGCg,midland-park-new-jersey
https://www.ubereats.com/new-jersey/food-delivery/bagelicious/_0u4J9K1SC2cZYZzjg4VHg,midland-park-new-jersey
https://www.ubereats.com/new-jersey/food-delivery/ihop-475-route-17-south/SN7bQuopQM6mfFbw8Y_QyA,midland-park-new-jersey
https://www.ubereats.com/new-jersey/food-delivery/midland-park-bagels-and-deli/yx8B44EDTSONFSqlvU4P1w,midland-park-new-jersey
https://www.ubereats.com/new-jersey/food-delivery/the-latin-house/heK4tcX_SJW5jS9ZdFxaPw,midland-park-new-jersey
https://www.ubereats.com/new-jersey/food-delivery/jersey-mikes-subs-300-godwin-avenue/p1M6lYNXRY6LZaGY3-NiDQ,midland-park-new-jersey
https://www.ubereats.com/new-jersey/food-delivery/ho-ho-kus-sushi-cafe/kiomitN3S2-Tori_h0C-1w,midland-park-new-jersey
https://www.ubereats.com/new-jersey/food-delivery/148-applebees-hackensack/D6xYFSqVTPeqz892OiafLw,midland-park-new-jersey
https://www.ubereats.com/new-jersey/food-delivery/wendys-31-godwin-avenue/9Gk75VuNSGSJOdskRxDMZA,midland-park-new-jersey
https://www.ubereats.com/new-jersey/food-delivery/francos-ristorante/VHT3eeNYToCb5vqO3G-kHw,midland-park-new-jersey
https://www.ubereats.com/new-jersey/food-delivery/dunkin-303b-pascack-rd/07KncoOeTu-H6eIFzvYFjw,midland-park-new-jersey
https://www.ubereats.com/new-jersey/food-delivery/bareburger-15-e-ridgewood-ave/0mRck9zZSYK8KnqGsMhSxw,midland-park-new-jersey
https://www.ubereats.com/new-jersey/food-delivery/man-hing-chinese-restaurant/9OX7TfCzT9aPhR8dgZ4q8Q,midland-park-new-jersey
https://www.ubereats.com/new-jersey/food-delivery/cucina-347/_8NXWxLCT2iAs3rZTI1YKw,midland-park-new-jersey
https://www.ubereats.com/new-jersey/food-delivery/shake-shack-1-garden-state-plaza/VtrDRk5LSai95-F_F_fyVQ,midland-park-new-jersey
https://www.ubereats.com/new-jersey/food-delivery/toasty-gourmet-eatery-%26-cafe/Z5qQNJ07RNuNBthtOF-C3w,midland-park-new-jersey
https://www.ubereats.com/new-jersey/food-delivery/dunkin-494-n-state-rt-17/wdGpXq-pS0KIXkNQoaEm0g,midland-park-new-jersey
https://www.ubereats.com/new-jersey/food-delivery/woodstone-pizza-bar-%26-grill-352-w-passaic-st/SxUptexnSiSMWTiSbxzw_Q,midland-park-new-jersey
https://www.ubereats.com/new-jersey/food-delivery/kamils-lebanese-cuisine/ARlWd5bvQMmm6njSiD92dw,midland-park-new-jersey
https://www.ubereats.com/new-jersey/food-delivery/outback-steakhouse-194-north-route-17/6XBcT6_HSQ-34eTiDaa36w,midland-park-new-jersey
https://www.ubereats.com/new-jersey/food-delivery/cravings-tapas-bistro/a87JGyEgTmqRGn-GXXKq6g,midland-park-new-jersey
https://www.ubereats.com/new-jersey/food-delivery/pizza-love/D1z0iGECSZKoIuNz1KQDCQ,midland-park-new-jersey
https://www.ubereats.com/new-jersey/food-delivery/taskin-bakery-and-cafe/U5l3Dqg3RPmfpRA7VBadWA,midland-park-new-jersey
https://www.ubereats.com/new-jersey/food-delivery/mcdonalds-327-franklin-ave/IO8otihdSL-GMSvouHnNrA,midland-park-new-jersey
https://www.ubereats.com/new-jersey/food-delivery/preakness-gourmet-deli/UlwDiu4lRqC5h3Wt1wmKxQ,midland-park-new-jersey
https://www.ubereats.com/new-jersey/food-delivery/blu-sushi/jeNIDHldRbi7beTA0bkEig,midland-park-new-jersey
https://www.ubereats.com/new-jersey/food-delivery/pops-breakfast-and-lunch-stop/v7PmyBD-SO6ypedQUAbsbQ,midland-park-new-jersey
https://www.ubereats.com/new-jersey/food-delivery/red-bowl/wcVgmIEAS_SxPLibroas2g,midland-park-new-jersey
https://www.ubereats.com/new-jersey/food-delivery/manjal-indian-cuisine/58w3Z2yVTCqwj471VDugxA,midland-park-new-jersey
https://www.ubereats.com/new-jersey/food-delivery/portobello-feasts/RBYULnoCREauPwCNWFF6FQ,midland-park-new-jersey
https://www.ubereats.com/new-jersey/food-delivery/straws-kitchen/GMWEoUYJT0GJu0js_OrKdw,midland-park-new-jersey
https://www.ubereats.com/new-jersey/food-delivery/goody-chinese-%26-spanish-restaurant/9avgK7Z5SKGHL0ZQyMjMJg,midland-park-new-jersey
https://www.ubereats.com/new-jersey/food-delivery/gery-deli/mK3ERVyxRHeaWurPVF5a0Q,midland-park-new-jersey
https://www.ubereats.com/new-jersey/food-delivery/gourmet-express-market/kvvWtE8XRf2_JAmKWYgCiw,midland-park-new-jersey
https://www.ubereats.com/new-jersey/food-delivery/stray-cat-brew/fntmJHCOSm-u5Q7a7tBaMw,midland-park-new-jersey
https://www.ubereats.com/new-jersey/food-delivery/bon-appetit/VsFB4LGeSBudnBzTJkdVhA,midland-park-new-jersey
https://www.ubereats.com/new-jersey/food-delivery/burger-king-162-kinderkamack-road/EgikNQLOSWygzM5rhiT96g,midland-park-new-jersey
https://www.ubereats.com/new-jersey/food-delivery/the-cookie-connect/Sj0bRjBQS6iBPoCNw7q4Rw,midland-park-new-jersey
https://www.ubereats.com/new-jersey/food-delivery/bella-fig/ZhLCEx9VSSik2GDArHiVjA,midland-park-new-jersey
https://www.ubereats.com/new-jersey/food-delivery/charleys-philly-steaks-1-garden-state-plz/jiUBr1P7Qx2czIMcGohB0w,midland-park-new-jersey
https://www.ubereats.com/new-jersey/food-delivery/hawthornes-best-pizza/hypWjktmS4ehQLflawEssg,midland-park-new-jersey
https://www.ubereats.com/new-jersey/food-delivery/roma-pizza-restaurant/_RLSQe5ETBOT5YqwyWq-OA,midland-park-new-jersey
https://www.ubereats.com/new-jersey/food-delivery/ny-pizza/xvXnCmmnS4ae0NLWCtvx0Q,midland-park-new-jersey
https://www.ubereats.com/new-jersey/food-delivery/tokyo-express/u__aDTSnQ8WjreVJAiRDlg,midland-park-new-jersey
https://www.ubereats.com/new-jersey/food-delivery/hacienda-restaurant/jNT8uOGtRTuM_UApxPkdmg,midland-park-new-jersey
https://www.ubereats.com/new-jersey/food-delivery/saffron-modern-indian-cuisine/VVtpswwwSXCNULDBjte_mw,midland-park-new-jersey
https://www.ubereats.com/new-jersey/food-delivery/shoti-bread-house/scxhK5jOTCSrYESnPW20Sw,midland-park-new-jersey
https://www.ubereats.com/new-jersey/food-delivery/paramus-bagels-%26-deli/YdTu-wS7RaS8odOmKK4dxA,midland-park-new-jersey
https://www.ubereats.com/new-jersey/food-delivery/jonjax/XZcowIWWTUikAkMTFvTK6g,midland-park-new-jersey
https://www.ubereats.com/new-jersey/food-delivery/dunkin-484-main-st/CJHtSTbDTmCmT0pFROjUhA,midland-park-new-jersey
https://www.ubereats.com/new-jersey/food-delivery/wilkes-deli/p07OFsLBTg6qdc4IjsECeQ,midland-park-new-jersey
https://www.ubereats.com/new-jersey/food-delivery/piccolo-bistro/q2KPf6F9TtCt9gcYyspEfA,midland-park-new-jersey
https://www.ubereats.com/new-jersey/food-delivery/mr-cupcakes-hawthorne/KlH-kGHsQfWSS8EIOVaSLw,midland-park-new-jersey
https://www.ubereats.com/new-jersey/food-delivery/blaze-pizza-65-route-4/vOhJ1iGURlCoJZEAzMt0Zw,midland-park-new-jersey
https://www.ubereats.com/new-jersey/food-delivery/ritas-italian-ice/s-CEAIBkSGyXHj-ElCHr4w,midland-park-new-jersey
https://www.ubereats.com/new-jersey/food-delivery/namaste-india/GmABeC7NQHCGOJUOjCxTWQ,midland-park-new-jersey
https://www.ubereats.com/new-jersey/food-delivery/six-happiness-fair-lawn/l9BpharoR2KzOiwmmYmijg,midland-park-new-jersey
https://www.ubereats.com/new-jersey/food-delivery/dunkin-1063-goffle-rd/LKdfdOy0QoqPlyLWxH1McQ,midland-park-new-jersey
https://www.ubereats.com/new-jersey/food-delivery/dunkin-32-02-broadway/m5ygAfO1QQmbs7gyqmsUwg,midland-park-new-jersey
https://www.ubereats.com/new-jersey/food-delivery/the-ice-cream-shop/5Z4wlOu3Rf2dcE_4zqA6ng,midland-park-new-jersey
https://www.ubereats.com/new-jersey/food-delivery/rivaras-owl/3iTU4u96QviZ05MDjDjwiw,midland-park-new-jersey
https://www.ubereats.com/new-jersey/food-delivery/blended-bowls/HoXPmoTfQImpzbDUHqFZNQ,midland-park-new-jersey
https://www.ubereats.com/new-jersey/food-delivery/benares/Md--VRvdQeSMiudPLGJZAQ,midland-park-new-jersey
https://www.ubereats.com/new-jersey/food-delivery/on-the-border-paramus/4fB9AsHjQ16h1MjuDuG8ZQ,midland-park-new-jersey
https://www.ubereats.com/new-jersey/food-delivery/kings-village-food-inside-99-ranch-market/r3VL8TXSTheTCLVi_6WWiQ,midland-park-new-jersey
https://www.ubereats.com/new-jersey/food-delivery/dunkin-669-route-17-south/bRlps5Q0R7ik3KOyCGMs-A,midland-park-new-jersey
https://www.ubereats.com/new-jersey/food-delivery/bgood-ridgewood/hUwTCNhmQGGgH-pbXINOUA,midland-park-new-jersey
https://www.ubereats.com/new-jersey/food-delivery/baci-gelato/r-ib4LmURhuE2RZpmS7znQ,midland-park-new-jersey
https://www.ubereats.com/new-jersey/food-delivery/cafe-de-royal/0PGIxxFKTfqH7BH52weMuA,midland-park-new-jersey
https://www.ubereats.com/new-jersey/food-delivery/lisas-mediterranean-cuisine/0--dCx2qSse9AlXHD_iONw,midland-park-new-jersey
https://www.ubereats.com/new-jersey/food-delivery/starbucks-wyckoff/3wVyiAldSZSh9uCim12GRw,midland-park-new-jersey
https://www.ubereats.com/new-jersey/food-delivery/hook-%26-reel-elmwood-park/RLHs9F2jTym5--uyNqNB1Q,midland-park-new-jersey
https://www.ubereats.com/new-jersey/food-delivery/9154-bonefish-grill-601-from-road/66qoX6xyTlOdsb1fnqCCog,midland-park-new-jersey
https://www.ubereats.com/new-jersey/food-delivery/saladworks-waynechester/FN7yGPIORR-1g_x1FxdD5w,midland-park-new-jersey
https://www.ubereats.com/new-jersey/food-delivery/kirkers-inn/DD5_hEg0QZGyn97-fNobog,midland-park-new-jersey
https://www.ubereats.com/new-jersey/food-delivery/dunkin-14-00-state-highway-208/bzGuK9_vShS_cvRAhn23yQ,midland-park-new-jersey
https://www.ubereats.com/new-jersey/food-delivery/wendys-145-broadway/v3EnkGjMTnuWu5bcr2a0fw,midland-park-new-jersey
https://www.ubereats.com/new-jersey/food-delivery/starbucks-rt-17-south-paramus/GtHC47EOSEO6RmgaNl_GsQ,midland-park-new-jersey
https://www.ubereats.com/new-jersey/food-delivery/bagel-express-hawthorne/gh08EKHeRW-poeC91fcd2Q,midland-park-new-jersey
https://www.ubereats.com/new-jersey/food-delivery/quality-food-market/daggk-AKRASQCSrl4d2hfw,midland-park-new-jersey
https://www.ubereats.com/new-jersey/food-delivery/dunkin-490-haledon-ave/EXNPYYdXQOuH_l028gmqTw,midland-park-new-jersey
https://www.ubereats.com/new-jersey/food-delivery/stone-%26-rail/uY1MrqfJQbSGtQOavJzWnw,midland-park-new-jersey
https://www.ubereats.com/new-jersey/food-delivery/park-wayne-diner/hszVFy2ETKezCfnw7ABM7A,midland-park-new-jersey
https://www.ubereats.com/new-jersey/food-delivery/lakeside-restaurant-and-bar-lake-dr/pmsqUYC8TkqKV4A16BUeCw,midland-park-new-jersey
https://www.ubereats.com/new-jersey/food-delivery/kfc-465-broadway/LrhsVGaXQPe1LoIZG1fgpg,midland-park-new-jersey
https://www.ubereats.com/new-jersey/food-delivery/bonchon-chicken-17-central-ave/Ti0gcOUIR8-nQ5cSUfVFLg,midland-park-new-jersey
https://www.ubereats.com/new-jersey/food-delivery/china-express-of-paterson/KyZFgaZXQ5Ws3o7_RSRZ1Q,midland-park-new-jersey
https://www.ubereats.com/new-jersey/food-delivery/wendys-1560-route-23-north/-8x2Pln5S4WYTEV-11ZJnA,midland-park-new-jersey
https://www.ubereats.com/new-jersey/food-delivery/kfc-taco-bell-rt-17-n/AGvav3kqS0qJblZZ8DY2Dg,midland-park-new-jersey
https://www.ubereats.com/new-jersey/food-delivery/seafood-king/cTW3UJpYTfOMAsexKzrBNw,midland-park-new-jersey
https://www.ubereats.com/new-jersey/food-delivery/starbucks-ramsey-train-station/LLWUgMEATh6ISPwilyEU_w,midland-park-new-jersey
https://www.ubereats.com/new-jersey/food-delivery/land-%26-sea-diner/K12gye8yTrOA0QsXTTd1MA,midland-park-new-jersey
https://www.ubereats.com/new-jersey/food-delivery/dunkin-386-franklin-ave/tKzPOf6vREyzZaH6wKehcQ,midland-park-new-jersey
https://www.ubereats.com/new-jersey/food-delivery/calcutta-wrap-and-roll-nj/3vm9ButQQo6fRiT3bZ_3dw,midland-park-new-jersey
https://www.ubereats.com/new-jersey/food-delivery/smashburger-984-rte-17-rd/0AD81Ol1T9CqD03cxUhf3Q,midland-park-new-jersey
https://www.ubereats.com/new-jersey/food-delivery/pampa-restaurant/8sJ585gaTlCP_kVuEHNsLw,midland-park-new-jersey
https://www.ubereats.com/new-jersey/food-delivery/jersey-mikes-subs-557-north-franklin-turnpike/MjeXqvXjTDakqPrG-q5Lzg,midland-park-new-jersey
https://www.ubereats.com/new-jersey/food-delivery/boston-market-395-route-17-north/smpTj5Y9Sz-mJhAM2L-Q3g,midland-park-new-jersey
https://www.ubereats.com/new-jersey/food-delivery/hungry-for-halal!/3CJiiBiKQ76dZq2FEiq2Tg,midland-park-new-jersey
https://www.ubereats.com/new-jersey/food-delivery/the-sicilian-sun/1iDUAv3-QqytEHCCBcIfPQ,midland-park-new-jersey
https://www.ubereats.com/new-jersey/food-delivery/lotitos-deli-and-bakery/3dbEaCtMTmG4djJi4A5ryA,midland-park-new-jersey
https://www.ubereats.com/new-jersey/food-delivery/wendys-637-hamburg-turnpike/JfgnA1DcRPWf71uuIscMrA,midland-park-new-jersey
https://www.ubereats.com/new-jersey/food-delivery/allendale-corner-cafe/OoCqylckSrq27lPzCHReZQ,midland-park-new-jersey
https://www.ubereats.com/new-jersey/food-delivery/ada-mediterranean-grill/AgxkIFK3Rtu_UgtyBC78QQ,midland-park-new-jersey
https://www.ubereats.com/new-jersey/food-delivery/el-rey-de-las-arepas/kf7dKeybTCaLsekSxxwfXA,midland-park-new-jersey
https://www.ubereats.com/new-jersey/food-delivery/bop-n-sushi/z24R9GlxQVCysqFqnq40hA,midland-park-new-jersey
https://www.ubereats.com/new-jersey/food-delivery/macmurphys-godwin-ave/ePiaxEdlS--Q5L20E5t_aA,midland-park-new-jersey
https://www.ubereats.com/new-jersey/food-delivery/dcarbon/4oUFFDYQRvCGQ878YoT1Ew,midland-park-new-jersey
https://www.ubereats.com/new-jersey/food-delivery/friendlys-441-hillsdale-ave/fekHDizwTQC4YqrMGUHSZQ,midland-park-new-jersey
https://www.ubereats.com/new-jersey/food-delivery/sushi-village/DE3Biv1-TGmZcvnB7UXVlA,midland-park-new-jersey
https://www.ubereats.com/new-jersey/food-delivery/dunkin-39-e-33rd-st/XgIeb7tuQ3uE679Phbrc-g,midland-park-new-jersey
https://www.ubereats.com/new-jersey/food-delivery/wendys-657-n-route-17/o8je-YE_ShySKKk9m33iEg,midland-park-new-jersey
https://www.ubereats.com/new-jersey/food-delivery/the-raw-squeeze/QVBKrzptQc-eJlywy8UHNA,midland-park-new-jersey
https://www.ubereats.com/new-jersey/food-delivery/primohoagies-320-ridge-road/HaXzT8akThOLwmyO-GSHcQ,midland-park-new-jersey
https://www.ubereats.com/new-jersey/food-delivery/dunkin-926-state-rt-17-north/em5y1BQaSRCsbnKrY9G-pw,midland-park-new-jersey
https://www.ubereats.com/new-jersey/food-delivery/mcdonalds-835-market-st/aZzey_AnS5Oc79I0k4uC3Q,midland-park-new-jersey
https://www.ubereats.com/new-jersey/food-delivery/jersey-mikes-subs-305-route-17-s/43J-FNlETx63yV9R6dqG1g,midland-park-new-jersey
https://www.ubereats.com/new-jersey/food-delivery/poke-n-ramen-360/XnSvtw7DTkyjsCAjfxB-nw,midland-park-new-jersey
https://www.ubereats.com/new-jersey/food-delivery/xing-wang-kitchen-chinese-restaurant/5_ZEbfDrTdOgvEp7d2KI3Q,midland-park-new-jersey
https://www.ubereats.com/new-jersey/food-delivery/the-brownstone/riBw_7i6QN6uo6VNZGT2ZQ,midland-park-new-jersey
https://www.ubereats.com/new-jersey/food-delivery/burgerim-430-market-st/XAYjCoQTRIuab-0-D6wR4A,midland-park-new-jersey
https://www.ubereats.com/new-jersey/food-delivery/bareburger-455-chestnut-ridge-rd/BkPCYrRLTLakPOLyfRkCAg,midland-park-new-jersey
https://www.ubereats.com/new-jersey/food-delivery/playa-bowls-franklin-lakes/py_VzK_EQIGEkdSTtwdNXw,midland-park-new-jersey
https://www.ubereats.com/new-jersey/food-delivery/quicks/VeGuwwozSjeHzpxnErwAWw,midland-park-new-jersey
https://www.ubereats.com/new-jersey/food-delivery/the-village-grille/5HJ85RMXTlepp1ynORWMJA,midland-park-new-jersey
https://www.ubereats.com/new-jersey/food-delivery/nonnas-pizza-%26-ristorante/ZCbnP9XeRv-Kzbo-KwOunA,midland-park-new-jersey
https://www.ubereats.com/new-jersey/food-delivery/longfellows-coffee-mahwah/x0yYkZgGQ8WlZMfk-_-m3A,midland-park-new-jersey
https://www.ubereats.com/new-jersey/food-delivery/chinatown-chinese-restaurant/EuEb4K8rRdSQNBRDKRWKnQ,midland-park-new-jersey
https://www.ubereats.com/new-jersey/food-delivery/five-guys-nj-0353-1610-route-23/NXiwl2drQlaPKI1J2kCgrQ,midland-park-new-jersey
https://www.ubereats.com/new-jersey/food-delivery/lena-y-carbon-market/CD7f82SWTg6LIbbOEhNP9g,midland-park-new-jersey
https://www.ubereats.com/new-jersey/food-delivery/maguro-sushi-house/i0WFlIHdQTWjSNs2mBOviQ,midland-park-new-jersey
https://www.ubereats.com/new-jersey/food-delivery/green-fusion/EgRnUOJOTSC5uasjfpzkhA,midland-park-new-jersey
https://www.ubereats.com/new-jersey/food-delivery/mr-cupcakes-700-paramus-park/tM6GOHTIS0Sl6W33_bul0A,midland-park-new-jersey
https://www.ubereats.com/new-jersey/food-delivery/starbucks-midland-park-shopping-center/hdcdJEjsRZWqtRF0M7Rb3g,midland-park-new-jersey
https://www.ubereats.com/new-jersey/food-delivery/wayne-hills-diner/RyrjSthDSv-R5wyrw7JRkA,midland-park-new-jersey
https://www.ubereats.com/new-jersey/food-delivery/panchos-burritos-new-milford/nqYEd5mIT9qdrFqYLUm21A,midland-park-new-jersey
https://www.ubereats.com/new-jersey/food-delivery/blueberry-frozen-yogurt/LTZGJT9_RVG6Fjzyql8L-g,midland-park-new-jersey
https://www.ubereats.com/new-jersey/food-delivery/rockin-roots/BZGibeUwSiOWJC5aNujfxA,midland-park-new-jersey
https://www.ubereats.com/new-jersey/food-delivery/kral-pide/x4Y6ztC-S8i8LMxEMSph8w,midland-park-new-jersey
https://www.ubereats.com/new-jersey/food-delivery/naru-sushi-hibachi/cq6Y1dHxSEa1IJfudYzeXA,midland-park-new-jersey
https://www.ubereats.com/new-jersey/food-delivery/popeyes-haledon/9zDTfeIERyauUy4_m69aBQ,midland-park-new-jersey
https://www.ubereats.com/new-jersey/food-delivery/new-york-bagel-cafe/RgY2zLVsRMWdyAKP8c_zzQ,midland-park-new-jersey
https://www.ubereats.com/new-jersey/food-delivery/tom-sawyer-diner/MA1MZBniSaSIMmOSO-Uidg,midland-park-new-jersey
https://www.ubereats.com/new-jersey/food-delivery/larte-della-pasticceria/dCpV362eQUW2lCmKDp3qmg,midland-park-new-jersey
https://www.ubereats.com/new-jersey/food-delivery/starbucks-westwood-avenue/WJr1qbsCSdWU0pN34kne6Q,midland-park-new-jersey
https://www.ubereats.com/new-jersey/food-delivery/dunkin-251-market-st/98S6NZDoSVy4Fgxg8jq6Ow,midland-park-new-jersey
https://www.ubereats.com/new-jersey/food-delivery/lolitas-mexican-cantina/X2Bl5S9CQ2eMoQGZJik4ww,midland-park-new-jersey
https://www.ubereats.com/new-jersey/food-delivery/gelottis-paterson/YZHxqVfIR0WukRP-1-R97w,midland-park-new-jersey
https://www.ubereats.com/new-jersey/food-delivery/ora-cafe-%26-bistro/eDL7hLVQTmmPGb9aB9ytvA,midland-park-new-jersey
https://www.ubereats.com/new-jersey/food-delivery/famous-fried-chicken/dg7YB03nQ7W6Y4SPW1K0ug,midland-park-new-jersey
https://www.ubereats.com/new-jersey/food-delivery/little-chef/cN-oapkkSdSqJgQ7UxQtCw,midland-park-new-jersey
https://www.ubereats.com/new-jersey/food-delivery/hawthorne-diner/3qavv38QSWGxn4gqd97RJA,midland-park-new-jersey
https://www.ubereats.com/new-jersey/food-delivery/ritas-italian-ice-glen-rock/kzlI3gv5S3-AHRkelaCnLw,midland-park-new-jersey
https://www.ubereats.com/new-jersey/food-delivery/paramus-food-center/hO0Vo8gHQzeTGk3IAql9Ug,midland-park-new-jersey
https://www.ubereats.com/new-jersey/food-delivery/empanadas-monunental/X-CX4DHoT5O5XTBiinOAAw,midland-park-new-jersey
https://www.ubereats.com/new-jersey/food-delivery/d-classico-restaurante/5kXkyIq0RACMaG_xXX-_EQ,midland-park-new-jersey
https://www.ubereats.com/new-jersey/food-delivery/inserras-famous-pizza/sdkixgn3RXi3zGLMWrhe7w,midland-park-new-jersey
https://www.ubereats.com/new-jersey/food-delivery/burger-king-186-ramapo-valley-rd/njKxxdtJS4uqYkSgCOpC4Q,midland-park-new-jersey
https://www.ubereats.com/new-jersey/food-delivery/wendys-19-wanaque-ave/_IAyL7szQ-GTrZGH7PFTfA,midland-park-new-jersey
https://www.ubereats.com/new-jersey/food-delivery/midland-deli-%26-grill/YHqOCEClQnSYuIYqjGItKA,midland-park-new-jersey
https://www.ubereats.com/new-jersey/food-delivery/amano-restaurant/cC98kI7uQricuVsIIagzuQ,midland-park-new-jersey
https://www.ubereats.com/new-jersey/food-delivery/mcdonalds-186-194-3rd-avenue/BPjRO0qATpOhR6fAUSLjFg,midland-park-new-jersey
https://www.ubereats.com/new-jersey/food-delivery/cinco-de-mayo/4YGiQZmjSbyeFXIZtIs_Iw,midland-park-new-jersey
https://www.ubereats.com/new-jersey/food-delivery/3-monkeys-restaurant/93RZPm0hRjqj4vb50drEcg,midland-park-new-jersey
https://www.ubereats.com/new-jersey/food-delivery/boom-boom-chicken-paramus/gkrWrhpsQBGFU_PsaXvuGw,midland-park-new-jersey
https://www.ubereats.com/new-jersey/food-delivery/starfish-cafe/SJcuJxnyTFO4NIn-PQh7Og,midland-park-new-jersey
https://www.ubereats.com/new-jersey/food-delivery/anthonys-coal-fired-pizza-984-state-rt-17/if1RSgJWReG3iVpBFcDjqg,midland-park-new-jersey
https://www.ubereats.com/new-jersey/food-delivery/dosa-and-biryani-house/Wp0u3jyCRhO6G3YOzDg5EQ,midland-park-new-jersey
https://www.ubereats.com/new-jersey/food-delivery/jyoti-exotic-indian-cuisine/n-tz-0rzQqOYsXEnorDHWQ,midland-park-new-jersey
https://www.ubereats.com/new-jersey/food-delivery/dunkin-684-market-st/WJBPGNj9Rr6ydCExI3Yr6w,midland-park-new-jersey
https://www.ubereats.com/new-jersey/food-delivery/macmurphys/oFeAxS5AT2u0DWJ3iOLbEw,midland-park-new-jersey
https://www.ubereats.com/new-jersey/food-delivery/dunkin-527-river-dr/RbMIjyTURIawu6x7GFk0tw,midland-park-new-jersey
https://www.ubereats.com/new-jersey/food-delivery/bagel-nosh-of-franklin-lakes/eAo-96lnRM6M3Jjk8MLyww,midland-park-new-jersey
https://www.ubereats.com/new-jersey/food-delivery/paolos-gourmet/uFd9FxvuT5OoTouNia0YWw,midland-park-new-jersey
https://www.ubereats.com/new-jersey/food-delivery/bagel-culture/E8YYqxmJTI-dloPVblc9DQ,midland-park-new-jersey
https://www.ubereats.com/new-jersey/food-delivery/noches-de-colombia-lincoln-park-nj/8AcmixxLRQe5JBTVI-uhRw,midland-park-new-jersey
https://www.ubereats.com/new-jersey/food-delivery/dunkin-886-prospect-st/U2-q-IInSiOg6c1kCuQTUw,midland-park-new-jersey
https://www.ubereats.com/new-jersey/food-delivery/prapaisri-thai-cuisine/9327OuexQ8a3IWAJTeW6nA,midland-park-new-jersey
https://www.ubereats.com/new-jersey/food-delivery/state-line-diner/svKXnj3lTSe5NMXe463Zkg,midland-park-new-jersey
https://www.ubereats.com/new-jersey/food-delivery/neils-pizzeria/OZ61uWWkSBO-XpvE1NmoGQ,midland-park-new-jersey
https://www.ubereats.com/new-jersey/food-delivery/bibillia/HEt0aUHJQsSAWE_D4eY-3w,midland-park-new-jersey
https://www.ubereats.com/new-jersey/food-delivery/poke-sushi-burrito-asian-restaurant/isTgdAiCTaW4aovWvM5PPw,midland-park-new-jersey
https://www.ubereats.com/new-jersey/food-delivery/sushi-x/bjk3fMc4QpWjR-dbchTc6A,midland-park-new-jersey
https://www.ubereats.com/new-jersey/food-delivery/celtic-corner/-V__LsGNS9-MPqevf0oCPw,midland-park-new-jersey
https://www.ubereats.com/new-jersey/food-delivery/brother-brunos-pizza-deli-%26-bagels/xSm4ChpoTsKjF5GNGj7ziA,midland-park-new-jersey
https://www.ubereats.com/new-jersey/food-delivery/california-pizza-kitchen-1-garden-state-plaza-unit-2320/Kr6ya41nRymnblTWTm9GNQ,midland-park-new-jersey
https://www.ubereats.com/new-jersey/food-delivery/tutti-amici/rnnf2a_MSAa0Is7VAe7_Sw,midland-park-new-jersey
https://www.ubereats.com/new-jersey/food-delivery/nirvana-indian-kitchen/MYIrl7BFSlGpD9TjsMFRnA,midland-park-new-jersey
https://www.ubereats.com/new-jersey/food-delivery/carvel-116-e-main-street/rNRJeHN6QzWxa7BxxdPu3A,midland-park-new-jersey
https://www.ubereats.com/new-jersey/food-delivery/morning-dew-cafe/3ZaPL0Y4TeWe6joUiQxIIA,midland-park-new-jersey
https://www.ubereats.com/new-jersey/food-delivery/callahans/OXnUGKgPS9afIILZuNIJXg,midland-park-new-jersey
https://www.ubereats.com/new-jersey/food-delivery/manhattan-burger-co/ciE2IOR0RaeEHoQflJqo3w,midland-park-new-jersey
https://www.ubereats.com/new-jersey/food-delivery/sams-pizza-by-city-catering/U40s6AgMSlmOqTV8a4O2bg,midland-park-new-jersey
https://www.ubereats.com/new-jersey/food-delivery/dunkin-84-goffle-rd/FQXXx-00QSaddKwIp_j8Cg,midland-park-new-jersey
https://www.ubereats.com/new-jersey/food-delivery/the-mindful-cafe/QRzeyToESXaGtNC1OI_0Uw,midland-park-new-jersey
https://www.ubereats.com/new-jersey/food-delivery/fisher-cafe/RdTNaYIgRWi-dnmmHiUXXQ,midland-park-new-jersey
https://www.ubereats.com/new-jersey/food-delivery/mazaj-lebanese-cuisine/6PgNgG6lSkW5-iurpDpa8g,midland-park-new-jersey
https://www.ubereats.com/new-jersey/food-delivery/koi-japanese-and-chinese-restaurant/Z6uGZN7-TvyGxMVdX1GdtQ,midland-park-new-jersey
https://www.ubereats.com/new-jersey/food-delivery/moes-southwest-grill-380-ridge-rd/5yoZEkGvTYKgrxNW7kKPPw,midland-park-new-jersey
https://www.ubereats.com/new-jersey/food-delivery/baraka-restaurant/sFN5ARhKSqCQ_ylJ7BYM_Q,midland-park-new-jersey
https://www.ubereats.com/new-jersey/food-delivery/jersey-mikes-305-e-ridgewood-ave/ZYc6-rfGRp2mgRVZE1T8mA,midland-park-new-jersey
https://www.ubereats.com/new-jersey/food-delivery/mannys-preakness-diner/iAaVyXCpSWqsBoLWV0sHuw,midland-park-new-jersey
https://www.ubereats.com/new-jersey/food-delivery/italian-riviera/xixWGKM0T0aOcRFx9I1bMw,midland-park-new-jersey
https://www.ubereats.com/new-jersey/food-delivery/the-kebabci-west/fWMe9Nn6TWakjzIEu7pQyw,midland-park-new-jersey
https://www.ubereats.com/new-jersey/food-delivery/dunkin-23-08-maple-ave/Et4usDwfQU6XU7OvqairMw,midland-park-new-jersey
https://www.ubereats.com/new-jersey/food-delivery/empress-diner/13UgzOpGSf6mFkrMIkxE5w,midland-park-new-jersey
https://www.ubereats.com/new-jersey/food-delivery/the-ice-cream-shop/jYDyVHm4RpyZGmQCYPbWaw,midland-park-new-jersey
https://www.ubereats.com/new-jersey/food-delivery/dunkin-440-a-forest-ave/NmJid_c7S5e_hZW0Ti_qjg,midland-park-new-jersey
https://www.ubereats.com/new-jersey/food-delivery/the-ridge-diner/HXFyNMIkQnCHYwbTysby-w,midland-park-new-jersey
https://www.ubereats.com/new-jersey/food-delivery/bensi-wayne/xNc6yuyvTuW7w-IbAPVeLg,midland-park-new-jersey
https://www.ubereats.com/new-jersey/food-delivery/uncle-louie-g-ices-and-ice-cream-ramsey/yJBtjfCIQ1qgy0e9W-5AMw,midland-park-new-jersey
https://www.ubereats.com/new-jersey/food-delivery/peshawri-grill/qEFaEbDPRuSksk_CloNjlQ,midland-park-new-jersey
https://www.ubereats.com/new-jersey/food-delivery/broadway-pizzeria-restaurant/MzE_Q_KrToaTJiQdSVDccQ,midland-park-new-jersey
https://www.ubereats.com/new-jersey/food-delivery/palermos-bakery-wyckoff/Iq73pyeqSWqB48Pd0-Hw0A,midland-park-new-jersey
https://www.ubereats.com/new-jersey/food-delivery/chipotle-mexican-grill-545-route-17-south/4WmEZWeoSQ6gIzTbz_uAdA,midland-park-new-jersey
https://www.ubereats.com/new-jersey/food-delivery/gyro-platters/5PrRQdegTpWLi8ixGXtpwA,midland-park-new-jersey
https://www.ubereats.com/new-jersey/food-delivery/dunkin-29-e-prospect-st/N_D2mbNVTLWaubI6BXWieg,midland-park-new-jersey
https://www.ubereats.com/new-jersey/food-delivery/shake-shack-479-route-17-n/qpZnXxWCTAaorYaI3jzD0w,midland-park-new-jersey
https://www.ubereats.com/new-jersey/food-delivery/dunkin-161-union-ave/e3Cb_GJyTsayVxMSDg8_KA,midland-park-new-jersey
https://www.ubereats.com/new-jersey/food-delivery/burger-king-439-market-st/I57MFXFRRsi6woC4FVgzig,midland-park-new-jersey
https://www.ubereats.com/new-jersey/food-delivery/taco-bell-paramus-park/e5dhAwGXSbiEalbtuygkuw,midland-park-new-jersey
https://www.ubereats.com/new-jersey/food-delivery/rainbow-house/S2jv8PibRRSnzybggUByFA,midland-park-new-jersey
https://www.ubereats.com/new-jersey/food-delivery/ihop-paterson/x-1q9aDST1OMumaCqsBiBA,midland-park-new-jersey
https://www.ubereats.com/new-jersey/food-delivery/fuki-sushi/C9lcj0Y9RVe6AM-yggOZxQ,midland-park-new-jersey
https://www.ubereats.com/new-jersey/food-delivery/market-eatery-badaya/Ngt6mmt3SzWx4uQVFCCXCQ,midland-park-new-jersey
https://www.ubereats.com/new-jersey/food-delivery/wilkes-deli-of-glen-rock/VAMxagUmSySg1pXh0kc7Dg,midland-park-new-jersey
https://www.ubereats.com/new-jersey/food-delivery/goldbergs-original-bagels/BV_JWj3sTJm3uPxKyIypbA,midland-park-new-jersey
https://www.ubereats.com/new-jersey/food-delivery/roses-place/aC8dfPhtSRCWzpodFbzrOA,midland-park-new-jersey
https://www.ubereats.com/new-jersey/food-delivery/kravenz/eh8t7KqhRyeEDEtWmKQy8w,midland-park-new-jersey
https://www.ubereats.com/new-jersey/food-delivery/bradys-at-the-station-w-main-st/zHsWqr5BQlOW12HFI7E6rg,midland-park-new-jersey
https://www.ubereats.com/new-jersey/food-delivery/carvel-1272-river-road/pr02K05QSwONzhdzx2GT6Q,midland-park-new-jersey
https://www.ubereats.com/new-jersey/food-delivery/steel-wheel-tavern/ACUEfoikRsqQYwCM0SPlXg,midland-park-new-jersey
https://www.ubereats.com/new-jersey/food-delivery/johnny-%26-hanges/7H5EN6BERGaCsaoC9N_e6Q,midland-park-new-jersey
https://www.ubereats.com/new-jersey/food-delivery/dunkin-794-franklin-ave/5E9mii-bSVu1c3ZbmzvLTA,midland-park-new-jersey
https://www.ubereats.com/new-jersey/food-delivery/toros-clifton/lQ65PFSoSqy_Jp1bLcblwA,midland-park-new-jersey
https://www.ubereats.com/new-jersey/food-delivery/the-habit-burger-grill-3101-promenade-bl/ClIYJzJuQFO9Mfea3r7VYA,midland-park-new-jersey
https://www.ubereats.com/new-jersey/food-delivery/charleys-philly-steaks-700-paramus-park/t1VBSr11SIasAnsMDdNHSA,midland-park-new-jersey
https://www.ubereats.com/new-jersey/food-delivery/wilkes-deli-oakland/UXIAHyY6TEeWgQM7fqntEQ,midland-park-new-jersey
https://www.ubereats.com/new-jersey/food-delivery/outback-steakhouse-1538-route-23/MnBts6QJSXecc8h3k3TrCA,midland-park-new-jersey
https://www.ubereats.com/new-jersey/food-delivery/150-applebees-paramus/QRuv9sN8Ty60m6qMT8Amxw,midland-park-new-jersey
https://www.ubereats.com/new-jersey/food-delivery/made-in-italy/DvzOZ3_-SXyLVnSpw5AXFQ,midland-park-new-jersey
https://www.ubereats.com/new-jersey/food-delivery/hoshitori/LXP2pqIoSNO6DthBb3Gm3w,midland-park-new-jersey
https://www.ubereats.com/new-jersey/food-delivery/popeyes-paterson/Rrm5SJu4TfWhitHlk4ch6Q,midland-park-new-jersey
https://www.ubereats.com/new-jersey/food-delivery/white-maple-cafe/AZ7OVj2iQhqAP9ssbx_UVQ,midland-park-new-jersey
https://www.ubereats.com/new-jersey/food-delivery/pearl-restaurant/GZrhgJHDRuyV42-tOYAg1g,midland-park-new-jersey
https://www.ubereats.com/new-jersey/food-delivery/mikes-delicatessen/Uvf6SOSaTZiyPcgvkzT1DA,midland-park-new-jersey
https://www.ubereats.com/new-jersey/food-delivery/stewarts-lafayette-deli/zDXMNz-8RwaMIrkcUvolJg,midland-park-new-jersey
https://www.ubereats.com/new-jersey/food-delivery/tropical-juice-bar-paterson/FXhT_j6nRuKGSgXBofgE-A,midland-park-new-jersey
https://www.ubereats.com/new-jersey/food-delivery/best-of-everything/QShYSAOtRKOwUHUtmMFfuA,midland-park-new-jersey
https://www.ubereats.com/new-jersey/food-delivery/ma-mi-eatery/yiYO1-6gR9amxwFpougR5Q,midland-park-new-jersey
https://www.ubereats.com/new-jersey/food-delivery/organic-tofu-house/h9pB_3_MS-aatGgZY2HcIQ,midland-park-new-jersey
https://www.ubereats.com/new-jersey/food-delivery/la-cathedral-restaurante/6AFGlwdjQly7uZ7ZSF_KFA,midland-park-new-jersey
https://www.ubereats.com/new-jersey/food-delivery/bagel-connect/W_eKPB3EQoCoR_9RPYIkYA,midland-park-new-jersey
https://www.ubereats.com/new-jersey/food-delivery/noches-de-colombia-paterson-nj/qU9sQJpZSsW-djhW1r5_3Q,midland-park-new-jersey
https://www.ubereats.com/new-jersey/food-delivery/hispana-restaurant/Kl6fJHuQQxG_o60xdhaK9w,midland-park-new-jersey
https://www.ubereats.com/new-jersey/food-delivery/dunkin-115-franklin-tpke/Y76qOH6-S8axLzEo6IdcRw,midland-park-new-jersey
https://www.ubereats.com/new-jersey/food-delivery/tucanes/-bBVj3n5QCKh3QsrRlchnA,midland-park-new-jersey
https://www.ubereats.com/new-jersey/food-delivery/mamouns-falafel-paramus/BXeRLIRiTVWSyBAooAaDBA,midland-park-new-jersey
https://www.ubereats.com/new-jersey/food-delivery/jammin-jamaican-kitchen/YhIwgfAnQoOJHFdE9akq3w,midland-park-new-jersey
https://www.ubereats.com/new-jersey/food-delivery/el-gallo/7_EFH8AcRaCdx68-B3pHTg,midland-park-new-jersey
https://www.ubereats.com/new-jersey/food-delivery/burger-king-55-godwin-avenue/3qdXlTOKR2iMO5hSxQZptw,midland-park-new-jersey
https://www.ubereats.com/new-jersey/food-delivery/subway-85-godwin-ave/J5cUO7kXQiea7hisQ0cGhA,midland-park-new-jersey
https://www.ubereats.com/new-jersey/food-delivery/its-greek-to-me/Qrmo7KKhRLu1AVZqkZSDhg,midland-park-new-jersey
https://www.ubereats.com/new-jersey/food-delivery/le-bon-choix/0GNvTqpIRT-_zjDwG4eDSw,midland-park-new-jersey
https://www.ubereats.com/new-jersey/food-delivery/blimpie/5wXxuWiQRSKzO1awVb---w,midland-park-new-jersey
https://www.ubereats.com/new-jersey/food-delivery/tony-lips-pizza-%26-pasta-corp/blBjC32SRMKER_3NzH5wXQ,midland-park-new-jersey
https://www.ubereats.com/new-jersey/food-delivery/sushi-lounge-totowa/G39nTbylSaO4cYYqt3lqQg,midland-park-new-jersey
https://www.ubereats.com/new-jersey/food-delivery/aunt-delis-cafe-deli-eats-%26-treats/-7Tej46aT9OnCTTYg4g9zQ,midland-park-new-jersey
https://www.ubereats.com/new-jersey/food-delivery/qdoba-26-31-rt-208/uIzHPO-nSiS1MrPerT6uZQ,midland-park-new-jersey
https://www.ubereats.com/new-jersey/food-delivery/smashburger-556-rte-17-north/Dcy3u8H5QvyIATUnxCCw8g,midland-park-new-jersey
https://www.ubereats.com/new-jersey/food-delivery/brother-bruno-pizza/mqHEMH2HRxCxcg1P_VeNzQ,midland-park-new-jersey
https://www.ubereats.com/new-jersey/food-delivery/orange-leaf-frozen-yogurt-171-e-ridgewood-avenue/17k2DN9eR-OIUSKhfagOrw,midland-park-new-jersey
https://www.ubereats.com/new-jersey/food-delivery/pizzaiolo-by-brothers/CwRK28lJTCGElT5ez8rGRA,midland-park-new-jersey
https://www.ubereats.com/new-jersey/food-delivery/catchy-cafe/H2meclGET8eVNlNGeYSxlw,midland-park-new-jersey
https://www.ubereats.com/new-jersey/food-delivery/dunkin-675-river-st/SUm42jUSSqqyHd8tqrpVrw,midland-park-new-jersey
https://www.ubereats.com/new-jersey/food-delivery/zorba-greek-eatery/QEbN8OKfQzOQ-NaE8pXXmA,midland-park-new-jersey
https://www.ubereats.com/new-jersey/food-delivery/kfc-taco-bell-347-ramapo-valley-rd-ste-2/GkTIc-fVSYqLtOattappPg,midland-park-new-jersey
https://www.ubereats.com/new-jersey/food-delivery/farmhouse-cafe-and-eatery-westwood/2HsrfxNgRViV58cZ5_zgjw,midland-park-new-jersey
https://www.ubereats.com/new-jersey/food-delivery/king-fried-chicken/WePLqmLwSzubCzfMwB1eug,midland-park-new-jersey
https://www.ubereats.com/new-jersey/food-delivery/sweetberry-bowls-wayne/hCJVqvwQTY6TdfOuuRH7-A,midland-park-new-jersey
https://www.ubereats.com/new-jersey/food-delivery/starbucks-emerson-kinderkamack/b-VAvOhiTPS4OzyxcrDioA,midland-park-new-jersey
https://www.ubereats.com/new-jersey/food-delivery/the-front-porch/Sxlc_cWmRh2TwcTfuIyxSQ,midland-park-new-jersey
https://www.ubereats.com/new-jersey/food-delivery/alt-eats-cafe/m_-QWNOEQ7uaZ3B6W3H08w,midland-park-new-jersey
https://www.ubereats.com/new-jersey/food-delivery/tabla-fine-dine-indian/UPmJxTjrROewihQt4oIBVA,midland-park-new-jersey
https://www.ubereats.com/new-jersey/food-delivery/us-fried-chicken/HcmM4JVvSEyaXK9T5DGj2Q,midland-park-new-jersey
https://www.ubereats.com/new-jersey/food-delivery/the-goffle-grill/OVxqJ0x4SlSqiGFj9t2uKQ,midland-park-new-jersey
https://www.ubereats.com/new-jersey/food-delivery/bricklane-curry-house/QMNDBNc2Q3K6hh1rdNxRxQ,midland-park-new-jersey
https://www.ubereats.com/new-jersey/food-delivery/blue-42/LKsAdhJvQyqqE4TaSRhTLA,midland-park-new-jersey
https://www.ubereats.com/new-jersey/food-delivery/first-watch-38-farm-view/LeTmc9rGTQGH2Z128yi_nw,midland-park-new-jersey
https://www.ubereats.com/new-jersey/food-delivery/wendys-1358-route-17-north/i6qHi9dzSLCq63JfLMbUSQ,midland-park-new-jersey
https://www.ubereats.com/new-jersey/food-delivery/the-empanada-times/pjSE1XHsTGOP8bkJhFJUEw,midland-park-new-jersey
https://www.ubereats.com/new-jersey/food-delivery/burger-king-41-franklin-turnpike/bilsZHZ4Stqm5uaMZt0ocw,midland-park-new-jersey
https://www.ubereats.com/new-jersey/food-delivery/taphouse-grille-wayne/-N5vF1pmRpiWTC2pDipbyg,midland-park-new-jersey
https://www.ubereats.com/new-jersey/food-delivery/kfc-saddle-brook/qG1mIZNAQLilbrOpQTqyBg,midland-park-new-jersey
https://www.ubereats.com/new-jersey/food-delivery/la-collina-pizza-and-salumeria/B7VdON29Q1a_NPagB7nYZg,midland-park-new-jersey
https://www.ubereats.com/new-jersey/food-delivery/oceanos-restaurant/59b5jkEhQTSyaq8NNBOvRg,midland-park-new-jersey
https://www.ubereats.com/new-jersey/food-delivery/esty-street-spring-valley-rd/qryXnXexT12DW3tsDWeL2g,midland-park-new-jersey
https://www.ubereats.com/new-jersey/food-delivery/stones-original-jerk-chicken-restaurant/giJlXE97QHCJm1vOpHT-cQ,midland-park-new-jersey
https://www.ubereats.com/new-jersey/food-delivery/dunkin-128-chestnut-ridge-rd/vcXT0k69RNK-UXT1UEo_DA,midland-park-new-jersey
https://www.ubereats.com/new-jersey/food-delivery/tropical-delight-jamaican/noD8q-ibTu2v_ohV__zkow,midland-park-new-jersey
https://www.ubereats.com/new-jersey/food-delivery/taqueria-los-gueros/SPKH1MSFRY-Epvt8KMRxGg,midland-park-new-jersey
https://www.ubereats.com/new-jersey/food-delivery/mi-familia-restaurant/cXRKuNlISO6gtIIxNMna_A,midland-park-new-jersey
https://www.ubereats.com/new-jersey/food-delivery/market-eatery-ondubu/22jSf3eLR1G0Cn1zwwPcMg,midland-park-new-jersey
https://www.ubereats.com/new-jersey/food-delivery/baumgarts-cafe-ridgewood/Pbuml-dkS3qHUHeS5Se0NQ,midland-park-new-jersey
https://www.ubereats.com/new-jersey/food-delivery/kfc-130-state-rt-23/Gp62XN9gTHWCColL1wTVPw,midland-park-new-jersey
https://www.ubereats.com/new-jersey/food-delivery/la-casa-del-buen-sabor/-Qb0Twj1RDKR4Y5Jxd99-Q,midland-park-new-jersey
https://www.ubereats.com/new-jersey/food-delivery/juanys-cafe-%26-grill/vxi69J5kTBafpUSRyk4PSg,midland-park-new-jersey
https://www.ubereats.com/new-jersey/food-delivery/sultan-palace/FFxln85qTX-AgcQTkcWs7Q,midland-park-new-jersey
https://www.ubereats.com/new-jersey/food-delivery/izzys-bbq-bar-%26-grill/v7aaFSc6RNeoPLZCK3425Q,midland-park-new-jersey
https://www.ubereats.com/new-jersey/food-delivery/suburban-diner/CjThc2ehRSeO2XI9giVj2Q,midland-park-new-jersey
https://www.ubereats.com/new-jersey/food-delivery/the-office-tavern-grill-ridgewood/22IpzqoqSRe7-XFgr1Mckg,midland-park-new-jersey
https://www.ubereats.com/new-jersey/food-delivery/espos-pizza-at-the-fireplace/AdbipNEPTuGg54c37yQgtg,midland-park-new-jersey
https://www.ubereats.com/new-jersey/food-delivery/blu-alehouse/TMyDFfk6SQ2gxtBI3VhK3w,midland-park-new-jersey
https://www.ubereats.com/new-jersey/food-delivery/rosarios-trattoria/Gmw1cRW2Q7mCjFp5t5IghQ,midland-park-new-jersey
https://www.ubereats.com/new-jersey/food-delivery/cuban-eddies-morlot-ave/aHLk_IOpTcOff5Q4LJutGg,midland-park-new-jersey
https://www.ubereats.com/new-jersey/food-delivery/mei-sushi/lPSRdvYpTfqaUFKsfS98Dg,midland-park-new-jersey
https://www.ubereats.com/new-jersey/food-delivery/caribbean-restaurant/CS94GFrSSwut2CsJuRFtvA,midland-park-new-jersey
https://www.ubereats.com/new-jersey/food-delivery/103-prime-at-valentinos/vCzgR5O0R0SNbL6fr3jxCw,midland-park-new-jersey
https://www.ubereats.com/new-jersey/food-delivery/moes-deli/L0JQsGH7SpamQn_AuxEGPA,midland-park-new-jersey
https://www.ubereats.com/new-jersey/food-delivery/mr-moos-ice-cream-cafe-ridgewood-nj/SqJbJenpTvaNdtBRfpy9BA,midland-park-new-jersey
https://www.ubereats.com/new-jersey/food-delivery/hawthorne-covenience-store/SigDv5l7Tvip83inq2cvaw,midland-park-new-jersey
https://www.ubereats.com/new-jersey/food-delivery/armandos-tuscan-grill-westwood-ave/B1su73svQWKS5iNH1XZGcA,midland-park-new-jersey
https://www.ubereats.com/new-jersey/food-delivery/d-carbon/NTZpmqp8Qdev47TWt5QmhQ,midland-park-new-jersey
https://www.ubereats.com/new-jersey/food-delivery/anthonys-coal-fired-pizza-fair-lawn/7uTCbZlORNq8RllUb5Jthw,midland-park-new-jersey
https://www.ubereats.com/new-jersey/food-delivery/juicy!-platters-halal-fair-lawn/sOod3RYASMCO-R-7DZbSsQ,midland-park-new-jersey
https://www.ubereats.com/new-jersey/food-delivery/sarku-japan/g6wXGrWnS8ax4PMHb7fvEw,midland-park-new-jersey
https://www.ubereats.com/new-jersey/food-delivery/sweetberry-bowls-glen-rock/NrSLsSV_Tm6UkOYruG1elw,midland-park-new-jersey
https://www.ubereats.com/new-jersey/food-delivery/plaza-cafe-%26-deli/MowU2BmXQry_F0oG-x-t8Q,midland-park-new-jersey
https://www.ubereats.com/new-jersey/food-delivery/limoncello-restaurant/nf29mff4SkmVq3cGfVWWvQ,midland-park-new-jersey
https://www.ubereats.com/new-jersey/food-delivery/starbucks-fair-lawn-promanade/U1HvOqFIRma-HdYbBc1neg,midland-park-new-jersey
https://www.ubereats.com/new-jersey/food-delivery/lenape-valley-grill/sX0VkydtTUqRN2VXGxXYkA,midland-park-new-jersey
https://www.ubereats.com/new-jersey/food-delivery/no-1-sushi-midland-park/2iDBCF0pRU6X3dponxpJ2A,midland-park-new-jersey
https://www.ubereats.com/new-jersey/food-delivery/daily-treat/Dg2cQFhwQtib6wwXptTr5Q,midland-park-new-jersey
https://www.ubereats.com/new-jersey/food-delivery/the-raw-squeeze/aaXoCb-3QxGpFMX06AZUWg,midland-park-new-jersey
https://www.ubereats.com/new-jersey/food-delivery/village-pizza-%26-pasta/Zwr3yFlVQHqDL5GDhz3y8Q,midland-park-new-jersey
https://www.ubereats.com/new-jersey/food-delivery/the-halal-corner/BUZJkrBJRUiAu5NGOJBgdw,midland-park-new-jersey
https://www.ubereats.com/new-jersey/food-delivery/sunny-wok/v_CogpSESs2jiMsZsW9pJQ,midland-park-new-jersey
https://www.ubereats.com/new-jersey/food-delivery/mammas-kitchen/0ZBZx_W6Rw2FmPRDNEAfFg,midland-park-new-jersey
https://www.ubereats.com/new-jersey/food-delivery/marys-cake/x3bUiOJ6R5622CO7tdBv_w,midland-park-new-jersey
https://www.ubereats.com/new-jersey/food-delivery/playa-bowls-pompton-plains/u7d5nV2fQCiE0WEio8ULtA,midland-park-new-jersey
https://www.ubereats.com/new-jersey/food-delivery/parisi-deli-%26-liquors/33rQLcKGRqqqZqCksZBXLQ,midland-park-new-jersey
https://www.ubereats.com/new-jersey/food-delivery/dunkin-13-n-broad-st/Xgk4BY-pRD2tPGXeidWNcQ,midland-park-new-jersey
https://www.ubereats.com/new-jersey/food-delivery/top-deli/LS8nsRJxTuaJUCkqtQe4cQ,midland-park-new-jersey
https://www.ubereats.com/new-jersey/food-delivery/burger-king-385-route-17-north/EMq1XbeSTMGZim8KhJ_nEg,midland-park-new-jersey
https://www.ubereats.com/new-jersey/food-delivery/novino/s7rr-b6jT5O7GaqedwPQOA,midland-park-new-jersey
https://www.ubereats.com/new-jersey/food-delivery/park-west-tavern/-5VoR1whTfmU8YHyCdaQ8Q,midland-park-new-jersey
https://www.ubereats.com/new-jersey/food-delivery/jj-great-tea/LRRUUqupQMO7HVbrFgKrhQ,midland-park-new-jersey
https://www.ubereats.com/new-jersey/food-delivery/puzos-restaurante-885/ATIIggTLTg-IBv8F-hGh-w,midland-park-new-jersey
https://www.ubereats.com/new-jersey/food-delivery/jacks-lobster-rolls/NDzKjr9gQIiP8lYWPQ_F_w,midland-park-new-jersey
https://www.ubereats.com/new-jersey/food-delivery/ladis-kitchen/QEgCosu-RL2mUyfgLyf2fQ,midland-park-new-jersey
https://www.ubereats.com/new-jersey/food-delivery/miga-sushi/HnThpoLGS3GcxP8fbvn0IQ,midland-park-new-jersey
https://www.ubereats.com/new-jersey/food-delivery/mommas-kitchen/bbjvEJRGSSu-2GWs9XPsiw,midland-park-new-jersey
https://www.ubereats.com/new-jersey/food-delivery/jersey-mikes-subs-rochelle-park/i-_hF59HRnCa0clEn_Fu7w,midland-park-new-jersey
https://www.ubereats.com/new-jersey/food-delivery/best-food-mart/zJy3WfagQb6Dy8pWrUwgUg,midland-park-new-jersey
https://www.ubereats.com/new-jersey/food-delivery/kurumi/ax_0ANtYQk6ed8_w1coGog,midland-park-new-jersey
https://www.ubereats.com/new-jersey/food-delivery/the-fireplace/y7hq8LFCTt6ulM-K1b2pGA,midland-park-new-jersey
https://www.ubereats.com/new-jersey/food-delivery/five-guys-nj-1503-1300-rt-17-n/8wut-5kCRjCVstz402s9GQ,midland-park-new-jersey
https://www.ubereats.com/new-jersey/food-delivery/house-of-burrito-chicken-and-pizza/p_hJbixRS1a5VIDPP40fGg,midland-park-new-jersey
https://www.ubereats.com/new-jersey/food-delivery/planted-eats/BaLwgndvTnKOgxkaUGd6HA,midland-park-new-jersey
https://www.ubereats.com/new-jersey/food-delivery/wild-%26-hearty-samba-bowls/TmNqEIwaSsiU8uHp4j6I7w,midland-park-new-jersey
https://www.ubereats.com/new-jersey/food-delivery/mason-jar/9491i1GPSFGw4MPAUQkBdw,midland-park-new-jersey
https://www.ubereats.com/new-jersey/food-delivery/dunkin-775-state-rt-17-s/-d9_YiLLQ6eHxMCnY0sSYA,midland-park-new-jersey
https://www.ubereats.com/new-jersey/food-delivery/smashburger-500-nj-23/Pjawv1UkS3qIotVvRlIH9g,midland-park-new-jersey
https://www.ubereats.com/new-jersey/food-delivery/the-yard/nFSI5cCwTtitwcNkLp1OPg,midland-park-new-jersey
https://www.ubereats.com/new-jersey/food-delivery/midland-park-food-mart/3EYQ-A7BSICgNwgzookujg,midland-park-new-jersey
https://www.ubereats.com/new-jersey/food-delivery/the-pizza-parlor/XFqMnNynSrWYMBqm2l9hkg,midland-park-new-jersey
https://www.ubereats.com/new-jersey/food-delivery/dunkin-15-w-allendale-ave/OOZYWFCiTd-oKSPcGEbg5Q,midland-park-new-jersey
https://www.ubereats.com/new-jersey/food-delivery/joes-grand-street-chinese-restaurant/h4NrSyIEREuKT3qGYRDIjQ,midland-park-new-jersey
https://www.ubereats.com/new-jersey/food-delivery/pho-binh-duong-iv/T7RMrBFbSMyw0tB6m-9OKg,midland-park-new-jersey
https://www.ubereats.com/new-jersey/food-delivery/dunkin-139-mcbride-ave/uFN-PW3kSBOzl22A9K5VLw,midland-park-new-jersey
https://www.ubereats.com/new-jersey/food-delivery/singas-famous-pizza-elmwood-park/cbX9R_UKQjaGxT2wNqiJlA,midland-park-new-jersey
https://www.ubereats.com/new-jersey/food-delivery/argentalia-restaurante/hUTbxQtPTaSs9yprKwwN3w,midland-park-new-jersey
https://www.ubereats.com/new-jersey/food-delivery/dunkin-1050-hamburg-tpke/1GTxzN5_QlS86twOiF9oNw,midland-park-new-jersey
https://www.ubereats.com/new-jersey/food-delivery/somos-tu-peru/YPfKgk5VQNek3ZIEXjxZyg,midland-park-new-jersey
https://www.ubereats.com/new-jersey/food-delivery/wendys-190-e-state-rt-4/UK9JMFQqSRWpdx4SP-UAdQ,midland-park-new-jersey
https://www.ubereats.com/new-jersey/food-delivery/dunkin-490-chamberlain-ave/nM_t2Iu4TWai26YydToyGw,midland-park-new-jersey
https://www.ubereats.com/new-jersey/food-delivery/subway-315-lafayette-ave/FTyT9W8USaumi8yca_gJkQ,midland-park-new-jersey
https://www.ubereats.com/new-jersey/food-delivery/vinnis-pizzarama/6mihPUkTRTWhwnXH8qo5LA,midland-park-new-jersey
https://www.ubereats.com/new-jersey/food-delivery/bagel-bistro-grill/trH71Y1fTcC6zl-k9hhS3A,midland-park-new-jersey
https://www.ubereats.com/new-jersey/food-delivery/pappys-juice-bar/IkCLdopBQieZD6sW3p6zjA,midland-park-new-jersey
https://www.ubereats.com/new-jersey/food-delivery/delhi-accent%3A-innovative-indian-dining-by-khyber-grill-caterers/fsQ7IvxnRECqreKDjLzKlg,midland-park-new-jersey
https://www.ubereats.com/new-jersey/food-delivery/caribbean-sazon/yVrUxGe6SFiB5m26IffiMg,midland-park-new-jersey
https://www.ubereats.com/new-jersey/food-delivery/dunkin-175-sr-4/2MPapCl_T2eST3ESnsxlAw,midland-park-new-jersey
https://www.ubereats.com/new-jersey/food-delivery/elmers-country-store/RP3qrngkS-W6BiXq1--BWg,midland-park-new-jersey
https://www.ubereats.com/new-jersey/food-delivery/chapala-grill/S7KyxWfGRRu_UidO3ra_Jw,midland-park-new-jersey
https://www.ubereats.com/new-jersey/food-delivery/china-king/AL0MfiBRSeG2LCeupWmcmQ,midland-park-new-jersey
https://www.ubereats.com/new-jersey/food-delivery/cuban-eddies/3PW_1VmkQ-yxJ5apxpfY3g,midland-park-new-jersey
https://www.ubereats.com/new-jersey/food-delivery/new-wo-lee-restaurant/ow43D5u_SgiZtIypmu7Fxg,midland-park-new-jersey
https://www.ubereats.com/new-jersey/food-delivery/shanghai-no-2-chinese-restaurant/R7E-nv8WSTyyD377ZKhGCw,midland-park-new-jersey
https://www.ubereats.com/new-jersey/food-delivery/la-jarra-tropical/HeBrk50zRVik1PTnkCPNIg,midland-park-new-jersey
https://www.ubereats.com/new-jersey/food-delivery/dunkin-1001-macarthur-blvd/q2sc2c1oSDW0xAhsNWedtA,midland-park-new-jersey
https://www.ubereats.com/new-jersey/food-delivery/shumi-japanese-cuisine/sJlz7BJ_QIakenhnO_QVtQ,midland-park-new-jersey
https://www.ubereats.com/new-jersey/food-delivery/taka-japanese/elUjPGBfSqiya8c77XQUDQ,midland-park-new-jersey
https://www.ubereats.com/new-jersey/food-delivery/uncle-giuseppes-marketplace/v7Rdas8yTXeybh8Go6ciYA,midland-park-new-jersey
https://www.ubereats.com/new-jersey/food-delivery/502-shannon-rose-ramsey-1200-route-17n/rgq9KZsJSqSmgEDrvjAL0A,midland-park-new-jersey
https://www.ubereats.com/new-jersey/food-delivery/superjuice-nation/Ivjmc_-2Rqml9Q_EcDEEDA,midland-park-new-jersey
https://www.ubereats.com/new-jersey/food-delivery/pf-changs-1900-willowbrook-blvd/EDdJuEPMSkK61qx2GSkhFA,midland-park-new-jersey
https://www.ubereats.com/new-jersey/food-delivery/dominicks-pizza/dMmHk_p2QM-km25uzdQsNw,midland-park-new-jersey
https://www.ubereats.com/new-jersey/food-delivery/kilwins-ridgewood/tuIcpBoUS-689QBAmNiFcg,midland-park-new-jersey
https://www.ubereats.com/new-jersey/food-delivery/dunkin-233-n-franklin-turnpike/TUPZpcIiQW6_tNQZ-qWevA,midland-park-new-jersey
https://www.ubereats.com/new-jersey/food-delivery/dunkin-125-broadway/VYhk0VrXRK285ZiO7XqY6g,midland-park-new-jersey
https://www.ubereats.com/new-jersey/food-delivery/popeyes-north-paramus/j0etEDHpQKOyFtqtiw_8nA,midland-park-new-jersey
https://www.ubereats.com/new-jersey/food-delivery/dim-sum-dynasty/4u7UEN0jTB6B0b95TPzIfg,midland-park-new-jersey
https://www.ubereats.com/new-jersey/food-delivery/tonys-bagel-%26-deli/LPJuVzAsQ8eAOrWWXi1PLw,midland-park-new-jersey
https://www.ubereats.com/new-jersey/food-delivery/the-village-inn-wayne/xGJdSbjNRwqSpwZX5s7paw,midland-park-new-jersey
https://www.ubereats.com/new-jersey/food-delivery/luckys-steak-plate/YwVDYM12RuWVpnJw7w36PA,midland-park-new-jersey
https://www.ubereats.com/new-jersey/food-delivery/manjal-indian-fusion/kJEpdsa8S46HRBUYZAom0w,midland-park-new-jersey
https://www.ubereats.com/new-jersey/food-delivery/bagel-for-life-%26-gourmet-deli/vWvt50nASdGm_45EbGbZxg,midland-park-new-jersey
https://www.ubereats.com/new-jersey/food-delivery/johns-bagels-montvale/yAQUVEZrRFubrYPfo0mTvQ,midland-park-new-jersey
https://www.ubereats.com/new-jersey/food-delivery/sarku-japan/pEej4x6XSpacI6utVtoi1A,midland-park-new-jersey
https://www.ubereats.com/new-jersey/food-delivery/chipotle-mexican-grill-18-farm-vw/aD2Iu_o5QP22oWU_1kTGRA,midland-park-new-jersey
https://www.ubereats.com/new-jersey/food-delivery/the-rail-yard-tavern/cYJipr6RRpWv5k9WZ5MfFw,midland-park-new-jersey
https://www.ubereats.com/new-jersey/food-delivery/taco-bell-622-market-street/vqqvrCVCRayBG3xCMXeMSw,midland-park-new-jersey
https://www.ubereats.com/new-jersey/food-delivery/burger-king-259-franklin-turnpike/xNqJ9gFFReaAleMqK4Q7KQ,midland-park-new-jersey
https://www.ubereats.com/new-jersey/food-delivery/dunkin-657-franklin-turnpike/nXLV0j2VSg-APvJp3tVqdA,midland-park-new-jersey
https://www.ubereats.com/new-jersey/food-delivery/top-bagels-and-deli/Tb1LekdQQH2nHcjY41FPsw,midland-park-new-jersey
https://www.ubereats.com/new-jersey/food-delivery/marco-polo-chinese-restaurant/mM268sgXSJCQKqdZbYnrXQ,midland-park-new-jersey
https://www.ubereats.com/new-jersey/food-delivery/dunkin-80-godwin-ave/BBfFTPZuQQ2sAHPmpYjg_Q,midland-park-new-jersey
https://www.ubereats.com/new-jersey/food-delivery/superjuice-nation/VZyFX1eYQ4eb_QEzzgKdJg,midland-park-new-jersey
https://www.ubereats.com/new-jersey/food-delivery/falafull/z7LOzJUiSw-BGPUTBa5nvA,midland-park-new-jersey
https://www.ubereats.com/new-jersey/food-delivery/tabboule/1TcrQh-5TheTnkbpwICXww,midland-park-new-jersey
https://www.ubereats.com/new-jersey/food-delivery/mcdonalds-846-rt-17-n/G7VhKS1lS6mAIZvk3RbjSg,midland-park-new-jersey
https://www.ubereats.com/new-jersey/food-delivery/viecco-sabores-quilleros/hHRV-u7PSz6HSCCSFJ41yw,midland-park-new-jersey
https://www.ubereats.com/new-jersey/food-delivery/greatest-falls-pizza-llc/AOWiWCS1T0WNPT5suS4RVw,midland-park-new-jersey
https://www.ubereats.com/new-jersey/food-delivery/mei-wei-east/cwVm0vxHRySQ1GRC77X8VQ,midland-park-new-jersey
