url,city
https://www.ubereats.com/midland/food-delivery/jack-in-the-box-2672-n-county-rd-west/CW611XQeTOGrIjTN4TW6iw,midland
https://www.ubereats.com/midland/food-delivery/subway-2300-w-wadley-ave-ste-b/a5LTA5GyRt-LmAZudtGjKw,midland
https://www.ubereats.com/midland/food-delivery/potbelly-sandwich-shop-1401-n-loop-250-west/mtnZRl4gTg-EwzNaww-fQw,midland
https://www.ubereats.com/midland/food-delivery/pj-fresh-5900-e-interstate-20/aEk18rfHSbyWHBiIQtcf4A,midland
https://www.ubereats.com/midland/food-delivery/jack-in-the-box-3911-e-42nd-st/3nNH_yGYS4SjoQgsR0danQ,midland
https://www.ubereats.com/midland/food-delivery/cuban-305/QnCdGbIcQWCSd6nSAz3OKg,midland
https://www.ubereats.com/midland/food-delivery/subway-4400-n-midkiff-rd-space-b/CqUYnZeCTRCV5CQQG5FBcQ,midland
https://www.ubereats.com/midland/food-delivery/twin-peaks-5001-e-42nd-st/o572ssh0TZ-2DfjnaBTl2w,midland
https://www.ubereats.com/midland/food-delivery/golden-chick-e-8th-odessa/eF7cqunrQQeKupxgacXgPQ,midland
https://www.ubereats.com/midland/food-delivery/starbucks-midkiff-%26-wadley/66z9mOFSRd-TZFe8p_5-Ug,midland
https://www.ubereats.com/midland/food-delivery/long-john-silvers-115-e-42nd-st/wFpp0x1jQs6243D-QfzwCw,midland
https://www.ubereats.com/midland/food-delivery/ranchland-hills-golf-club/tGqweM2BRjmuj5EvEyOWSw,midland
https://www.ubereats.com/midland/food-delivery/firehouse-subs-2900-west-loop-250-n-ste-162/azEjbA6jSU-EZN8sW-Mdgg,midland
https://www.ubereats.com/midland/food-delivery/cafe-unique/oFfUgwW9R2uR473HQ4kJKA,midland
https://www.ubereats.com/midland/food-delivery/wendys-2646-john-ben-shepard-pkwy/462DSmCxQ06Pl3JxMayB9A,midland
https://www.ubereats.com/midland/food-delivery/subway-4310-w-illinois-ave-ste-140/Bi8fyNnwQhGgHdBMsTtclA,midland
https://www.ubereats.com/midland/food-delivery/taqueria-reynosa/hiQhwdrYTS-5G0hKYlRqVA,midland
https://www.ubereats.com/midland/food-delivery/cicis-1435-e-8th-st/Z_M3blvERnq0MS3SNCGL9Q,midland
https://www.ubereats.com/midland/food-delivery/cafe-san-blas/RSuZDVI9T0aaj5pvKKtQqw,midland
https://www.ubereats.com/midland/food-delivery/richfit-mobile-meals/lqZSKphnT2mRiPqHiU2SCg,midland
https://www.ubereats.com/midland/food-delivery/osaka-japanese-steakhouse-midland/HwG_oJzqTa2OOhh512CB4A,midland
https://www.ubereats.com/midland/food-delivery/cattle-baron-steak-%26-seafood/P415tpKeTlytA_v607FOGg,midland
https://www.ubereats.com/midland/food-delivery/sonic-1109-n-midkiff-road/-wZz-PZ6ShSVpT0XhTSjNg,midland
https://www.ubereats.com/midland/food-delivery/chick-fil-a-4508-w-loop-250-n/ptMytwlQQMyw7wplHvk6Yg,midland
https://www.ubereats.com/midland/food-delivery/ihop-301-e-interstate-20/sozACxbQRRagsjd1G_0lZQ,midland
https://www.ubereats.com/midland/food-delivery/mcdonalds-1800-e-8th-st/625URMzrQrOuTMxcvBsRJg,midland
https://www.ubereats.com/midland/food-delivery/ihop-2507-w-loop-250-n/Nyu_pTwxSoatfNSRLttiCQ,midland
https://www.ubereats.com/midland/food-delivery/subway-1220-n-midkiff-rd-ste-g/VcJALE5lQBuNs_TOeS0L-w,midland
https://www.ubereats.com/midland/food-delivery/la-bodega-mexican-restaurant/ljlgQguIRfiaWGU4C99BVg,midland
https://www.ubereats.com/midland/food-delivery/mcdonalds-1347-w-university/GzdlZfglQ1aHjXadRpDO1w,midland
https://www.ubereats.com/midland/food-delivery/cane-doro-pizza/Ml9tUScYQbSSBX4le9chIw,midland
https://www.ubereats.com/midland/food-delivery/sweetpot/i7WzuMhtRFaktXYYlfIzLw,midland
https://www.ubereats.com/midland/food-delivery/potbelly-sandwich-shop-4925-e-42nd-st/OeuUPmiET8qaNdjPAroKaQ,midland
https://www.ubereats.com/midland/food-delivery/texas-flame/dw3O2HY5Q_S3yLXrLuARBw,midland
https://www.ubereats.com/midland/food-delivery/pj-fresh-4015-south-fm-1788/QIJiB8GSSmuZst97XOW4yA,midland
https://www.ubereats.com/midland/food-delivery/papa-johns-1901-rankin-hwy-suite-110/zisJ5cemR0aMUKdXvkTQ7w,midland
https://www.ubereats.com/midland/food-delivery/wendys-902-andrews-highway/2YE1ZCb8TraAqL_Vts77Lw,midland
https://www.ubereats.com/midland/food-delivery/dickeys-barbeque-5210-w-wadley-ste-100/fGqIE6qmRwS5R0UD5sfT5A,midland
https://www.ubereats.com/midland/food-delivery/arbys-1822-n-midland-drive/vTULzp5kTXGUPwArf0aprQ,midland
https://www.ubereats.com/midland/food-delivery/johnny-carinos-midland/mz44Q56TQLi-JYSMlYsYgw,midland
https://www.ubereats.com/midland/food-delivery/abuelos-midland-tx/NagFFWxPRgOZBJIl005G2w,midland
https://www.ubereats.com/midland/food-delivery/sandwich-palace-%26-subs/Zyza9nHrTTCs_3kcVVqVhw,midland
https://www.ubereats.com/midland/food-delivery/bottoms-up-bar-and-grill/oIdGsxfFTdmKrWXZgf7Pag,midland
https://www.ubereats.com/midland/food-delivery/mamas-kitchen/0GiCY2w2TZyZE23i9DZmEw,midland
https://www.ubereats.com/midland/food-delivery/saltgrass-7240-e-highway-191/x6BQ9h8BSHae-ewqBGzi4Q,midland
https://www.ubereats.com/midland/food-delivery/kfc-taco-bell-1814-n-midland-drive/GFLpDwykTAG9XL1GKwLp9w,midland
https://www.ubereats.com/midland/food-delivery/true-texas-bbq-midland/OOcaYJF2TlGdK9AcKmaehA,midland
https://www.ubereats.com/midland/food-delivery/papa-tachos/pBYX0ryVQpq5scvrN9NEqg,midland
https://www.ubereats.com/midland/food-delivery/sonic-2104-n-big-spring/bx5EwOMKTdaONkvXRk2NQw,midland
https://www.ubereats.com/midland/food-delivery/mcdonalds-5141-e-42nd-st/gIOT1RCrQOu1bLHEd3o--A,midland
https://www.ubereats.com/midland/food-delivery/barn-door-steakhouse-odessa/ifGn_prCTHOQYzGsx-DwRA,midland
https://www.ubereats.com/midland/food-delivery/fountainville-creamery/pUyy0gglQP2wZsHD7q9V6g,midland
https://www.ubereats.com/midland/food-delivery/dairy-queen-802-s-big-spring-st/pqMGzrcAT5-tX7YCsKKPnA,midland
https://www.ubereats.com/midland/food-delivery/sonic-2301-rankin-hwy/_7q_wzUkSfCD2kdh2v6IuQ,midland
https://www.ubereats.com/midland/food-delivery/churchs-chicken-620-n-dixie-blvd/CbX3y60ZS_2Ypa-5WSf5-A,midland
https://www.ubereats.com/midland/food-delivery/jersey-mikes-subs-4400-n-midland-drive/htqJdDQzR-WaUuHn5NVzvw,midland
https://www.ubereats.com/midland/food-delivery/ajuuas-mexican-restaurant/VoCt3-4rSVKpdx2yWcoihw,midland
https://www.ubereats.com/midland/food-delivery/dennys-3701-w-wall-ave/gW-sfaLbRYOtRd3R4eUHOQ,midland
https://www.ubereats.com/midland/food-delivery/palios-pizza-midland/PsqII-cmTYaSn01xTaXajw,midland
https://www.ubereats.com/midland/food-delivery/tea2go/ywHLML0uQYGWlfK3-78yHA,midland
https://www.ubereats.com/midland/food-delivery/subway-329-dodson-st-ste-100/S7k86xkfS-6s0aEy-x6I3g,midland
https://www.ubereats.com/midland/food-delivery/taco-bell-3807-e-42nd-st/ZKR5zGtURVyu1NSKS5zvGw,midland
https://www.ubereats.com/midland/food-delivery/chick-fil-a-5120-andrews-hwy/7mBS3FaCTQWYXgwoG2ohhA,midland
https://www.ubereats.com/midland/food-delivery/marble-slab-creamery-5115-w-wadley-ave/UyaYh-OnTPCDFbtPy42pPw,midland
https://www.ubereats.com/midland/food-delivery/bomas-kitchen/3CviUAkBTe-pdCnLKjy5sw,midland
https://www.ubereats.com/midland/food-delivery/schlotzskys-deli-5211-west-wadley-suite-%23500/Xu-KGBEBScmGbxtlU2EQEg,midland
https://www.ubereats.com/midland/food-delivery/golden-chick-faudree/0kxXUBJVTCip5sNWbhZcOA,midland
https://www.ubereats.com/midland/food-delivery/tropical-smoothie-cafe-1910-w-loop-250-suite-a/6hXVVM3IQjyehBIS4Jc8zQ,midland
https://www.ubereats.com/midland/food-delivery/charleys-philly-steaks-4511-n-midkiff-rd/taj3tD_rQQ6NP0LDvcyXNQ,midland
https://www.ubereats.com/midland/food-delivery/dickeys-barbecue-pit-600-w-wadley-ave/ZwPw153hRZ2FzT99AAs7cA,midland
https://www.ubereats.com/midland/food-delivery/churchs-chicken-202-n-midkiff/i2t5t9c9SSmDlT4yIyMO_Q,midland
https://www.ubereats.com/midland/food-delivery/cracker-barrel-old-country-store-3108-n-loop-250-west/mV55Ly4eRLmfy4wRQLSjAA,midland
https://www.ubereats.com/midland/food-delivery/papa-johns-4408-west-loop-250-n/XlaVxkLHQzqGMcfbnfHiXQ,midland
https://www.ubereats.com/midland/food-delivery/doubledaves-pizzaworks-midland/A8TpxmfCTuOs0nJx3Wv0aQ,midland
https://www.ubereats.com/midland/food-delivery/dennys-105-w-42nd-st/dIkLx9EkRBy8Ei5C1FiUBw,midland
https://www.ubereats.com/midland/food-delivery/auntie-annes-4511-n-midkiff-rd/S-TmzJnmR_SehG4XKTMi6g,midland
https://www.ubereats.com/midland/food-delivery/mcdonalds-4115-n-andrews/Oq2u-g0rQsWXnX4Oc-qSVQ,midland
https://www.ubereats.com/midland/food-delivery/cicis-2106-rankin-hwy/2TNv8p2QSiiSrnYJhwP1Rg,midland
https://www.ubereats.com/midland/food-delivery/pj-fresh-4015-s-farm-to-market-1788/dDf7aaMURsa66XgCUfqMXg,midland
https://www.ubereats.com/midland/food-delivery/churchs-chicken-3800-andrews-highway/2NEBP638RQuiYkpBFOjLnQ,midland
https://www.ubereats.com/midland/food-delivery/wall-st-cocina/POYTU06sQkOcrsiWZe_gBg,midland
https://www.ubereats.com/midland/food-delivery/dickeys-barbecue-pit-2212-south-rankin-hwy/IAbimFJMQQe00yUr_78POw,midland
https://www.ubereats.com/midland/food-delivery/chinatown-buffet/n-xl5wz6Q9uvN-Vt4NQVIA,midland
https://www.ubereats.com/midland/food-delivery/subway-610-n-big-spring-st-ste-a/tELnE2VXQ5a3utIq27dIwg,midland
https://www.ubereats.com/midland/food-delivery/mcdonalds-3310-w-loop-250-north/4zH2JAshTsCmCPRRWEGxqQ,midland
https://www.ubereats.com/midland/food-delivery/wendys-4412-w-loop-250-n/uuxroC8IT-6JpwJYwwrnsA,midland
https://www.ubereats.com/midland/food-delivery/schlotzskys-deli-1109-andrews-highway/QBpOHEvpR6-nm8Dqq4ockA,midland
https://www.ubereats.com/midland/food-delivery/genghis-grill-midland/O0MJ4ztASaqzNnVT0FwnYg,midland
https://www.ubereats.com/midland/food-delivery/10-sports-bar-and-grill/eCFwzZ2ETQOtyYnmCjVIwQ,midland
https://www.ubereats.com/midland/food-delivery/fresh-fit-meals-odessa/siNi_K-oQXO_19aZryrGLQ,midland
https://www.ubereats.com/midland/food-delivery/arbys-3805-andrews-highway/Le7QpQlGStCqR5xEtdJ1Kw,midland
https://www.ubereats.com/midland/food-delivery/chipotle-mexican-grill-3810-e-42nd-st/tjEX2dtXRtWGBIxi8cMyDw,midland
https://www.ubereats.com/midland/food-delivery/jack-in-the-box-5205-west-wadley/FI3d-44ETSerBA-YgD2XWw,midland
https://www.ubereats.com/midland/food-delivery/churchs-chicken-1400-n-big-springs/CcG9zuDOQ6myk5lhQCSIJg,midland
https://www.ubereats.com/midland/food-delivery/pj-fresh-3302-garden-city-hwy/HrlDJDpZQbG4YxogiZT3Lg,midland
https://www.ubereats.com/midland/food-delivery/chipotle-mexican-grill-2820-west-loop-250-north/PbxRCslMRgmvHRBe2jnmcg,midland
https://www.ubereats.com/midland/food-delivery/papa-murphys-tx044-4416-briarwood-avenue-suite-113/c0kaJ1zrRrGg66Y4e3_Pzw,midland
https://www.ubereats.com/midland/food-delivery/dairy-queen-706-n-big-spring-st/cT_z-yJETUirsfMv1pPp_w,midland
https://www.ubereats.com/midland/food-delivery/gillis-mobile-diner/a-cf9essQTqjamSrot2KHQ,midland
https://www.ubereats.com/midland/food-delivery/subway-4324-andrews-hwy-ste-c/SqLCOWF6SkS2-13S3k8Rog,midland
https://www.ubereats.com/midland/food-delivery/orange-leaf-frozen-yogurt-4931-east-42nd-street/gvSgoq26QNyFQ-721fUXqw,midland
https://www.ubereats.com/midland/food-delivery/outback-steakhouse-2314-west-loop-250-north/GTgqHxlJQCq5Db-h4GlFGg,midland
https://www.ubereats.com/midland/food-delivery/jaliscos-to-go/caLuOv_OTOW31Cgmh7e0jA,midland
https://www.ubereats.com/midland/food-delivery/good-life-nutrition/IQd95T5SRzmAfa-_pmQ4QA,midland
https://www.ubereats.com/midland/food-delivery/chick-fil-a-25-village-cir/DKaufNcjQJeQ1LhntwKe_w,midland
https://www.ubereats.com/midland/food-delivery/sams-bbq/rim4Y0H6TqqWcFra1jvoBA,midland
https://www.ubereats.com/midland/food-delivery/tall-city-grub/iWQilVbBTyOy9f6oshc6og,midland
https://www.ubereats.com/midland/food-delivery/dickeys-barbecue-pit-2701-north-county-rd-west/UrqUVUh4TY-N7VApnAedfQ,midland
https://www.ubereats.com/midland/food-delivery/on-the-border-midland/cFCXmtGqRnOF2vJTnUxlow,midland
https://www.ubereats.com/midland/food-delivery/jaliscos-drive-in/e95ZCD7CT2eMhUPGo9AIfw,midland
https://www.ubereats.com/midland/food-delivery/long-john-silvers-900-andrews-hwy/7EwNBKueRwCUros2K12bSg,midland
https://www.ubereats.com/midland/food-delivery/mcdonalds-1111-n-andrews-hwy/Jv09xtLNQcaefYMyMlM_-Q,midland
https://www.ubereats.com/midland/food-delivery/linx-bar-%26-grill/nIhVxZodRbaNNriSVXgmYQ,midland
https://www.ubereats.com/midland/food-delivery/cotton-patch-cafe-2320-w-loop-250-north/q-OLhRIzQV66A6sEklD2Tg,midland
https://www.ubereats.com/midland/food-delivery/dairy-queen-3702-w-wall/Qvds1llFQWK9xlXKVTMFQQ,midland
https://www.ubereats.com/midland/food-delivery/chick-fil-a-4511-n-midkiff-rd-ste-c19/geqx319UQYetRVoYljUXgg,midland
https://www.ubereats.com/midland/food-delivery/chuck-e-cheese-4703-w-loop-250-north/-7KxeAUSQDG223yp-uRBkg,midland
https://www.ubereats.com/midland/food-delivery/barrel-%26-derrick/3N-JoetaSyquF4X0SmxSzg,midland
https://www.ubereats.com/midland/food-delivery/i-luv-pho-midland/bcN61mBcSxinHltWUInPhg,midland
https://www.ubereats.com/midland/food-delivery/starbucks-250-and-midland/cq-t65gJRZmL-s5hv2rJRw,midland
https://www.ubereats.com/midland/food-delivery/jasons-deli-4610-n-garfield-st/Io_lKKbrQUeaUeuLxrpRLQ,midland
https://www.ubereats.com/midland/food-delivery/fresh-fit-meals-midland/6JaF1OmfR_aAOr3h6r-huQ,midland
https://www.ubereats.com/midland/food-delivery/papa-johns-2000-e-42nd-st/htQ80KLrTlSmI9fssQuCDA,midland
https://www.ubereats.com/midland/food-delivery/mcdonalds-5900-e-i-20/1LaBHJ3FRQSD4FUw_I4Pqw,midland
https://www.ubereats.com/midland/food-delivery/logans-roadhouse-351-5105-e-42nd-street/VyD0QsYETx23kCIZWckyMQ,midland
https://www.ubereats.com/midland/food-delivery/schlotzskys-deli-5003-john-ben-shepperd-parkway/dHKDDlYKTQmhU5DRDq6KYg,midland
https://www.ubereats.com/midland/food-delivery/wendys-3801-andrews-hwy/V7-ZaPAgT6200MKFbOiE3w,midland
https://www.ubereats.com/midland/food-delivery/higher-grounds-midland/XXierOKxTuSBTTGOOGTrSg,midland
https://www.ubereats.com/midland/food-delivery/kfc-taco-bell-4727-n-midkiff-drive/6hIjp2YAR6qMuXWYRa1UeQ,midland
https://www.ubereats.com/midland/food-delivery/hooties-burger-bar-2660-john-ben-shepperd-parkway/_nKNkilSSzOAD_lTz-fxAg,midland
https://www.ubereats.com/midland/food-delivery/jack-in-the-box-2208-rankin-hwy/w_vtbZjKRTWukgfCmqE7Ew,midland
https://www.ubereats.com/midland/food-delivery/cafe-at-the-gardens/3x8bliAeRueL8Dwgupbo6w,midland
https://www.ubereats.com/midland/food-delivery/sonic-4201-n-midland-drive/_5XvDpikRSOVh0Z3HCJDpA,midland
https://www.ubereats.com/midland/food-delivery/saltgrass-4511-west-loop-250-north/JdELlZMITja81oS5C79pKw,midland
https://www.ubereats.com/midland/food-delivery/panda-express-4505-n-midland-dr/D65c4jwtSsu_X1nxZHslZw,midland
https://www.ubereats.com/midland/food-delivery/king-%26-i/g373s0aUQgCCuQzoYadWKg,midland
https://www.ubereats.com/midland/food-delivery/mojitos-mexican-bar-and-grill/HGU40zq3RSGCD9Y5g2MZXw,midland
https://www.ubereats.com/midland/food-delivery/panera-2804-loop-250-frontage-road/RpzLE7mdSjyjZIHGcfctDA,midland
https://www.ubereats.com/midland/food-delivery/starbucks-rankin-hwy-%26-i-20/fFK7q6q1S8WtP-OMnzfibQ,midland
https://www.ubereats.com/midland/food-delivery/johnnys-bar-b-q-diner/bRlGxvDGT9GkxGq9pQRX9g,midland
https://www.ubereats.com/midland/food-delivery/dickeys-barbeque-6105-e-highway-191-tx/RCohnzrjRbSsdfJz6m_2zw,midland
https://www.ubereats.com/midland/food-delivery/furrs-fresh-buffet-odessa/KYV8SuebQm-5uA1VjJwGNQ,midland
