url,city
https://www.ubereats.com/salt-lake-city/food-delivery/blue-marlin/XF3u7dynQYe12vMAfGW7Rg,midvale-utah
https://www.ubereats.com/salt-lake-city/food-delivery/wendys-5648-so-900-east/kbQqIgqMRdGbz1PyJ8su7w,midvale-utah
https://www.ubereats.com/salt-lake-city/food-delivery/burger-king-1590-west-9000-south-%239949/1kS79NduQ26ef9ASoFWbgg,midvale-utah
https://www.ubereats.com/salt-lake-city/food-delivery/mcdonalds-3300-s-%26-main-st/THlc8ZAVRb-lnkCmDffirQ,midvale-utah
https://www.ubereats.com/salt-lake-city/food-delivery/taco-bell-2080-w-12600-south/bj8UXBkPRVOx9U3M19rawg,midvale-utah
https://www.ubereats.com/salt-lake-city/food-delivery/applebees-2175-west-city-center-court/X9Ldb7g9R5ejzWMwG7ysgw,midvale-utah
https://www.ubereats.com/salt-lake-city/food-delivery/zaxbys-s-highland-dr-sandy/gB1PIAEqSIyboo7s6UDnXQ,midvale-utah
https://www.ubereats.com/salt-lake-city/food-delivery/the-habit-burger-grill-7677-south-jordan-landing-bl-suite-110/iO9YUHK0TYilfCe3nt_QlQ,midvale-utah
https://www.ubereats.com/salt-lake-city/food-delivery/papa-johns-1866-w-5400-south/rteaLsh7QFi7e7CZwf2a7w,midvale-utah
https://www.ubereats.com/salt-lake-city/food-delivery/kneaders-bakery-%26-cafe-south-jordan/kyLESP58TtGju7YbIgNJZA,midvale-utah
https://www.ubereats.com/salt-lake-city/food-delivery/tropical-smoothie-cafe-union-shopping-center/uNbhqXcZQkWFmGVMj6Yr-Q,midvale-utah
https://www.ubereats.com/salt-lake-city/food-delivery/the-kathmandu/yZuiWjByRrqmS7a8ndRuFA,midvale-utah
https://www.ubereats.com/salt-lake-city/food-delivery/cafe-zupas-1400-fort-union-blvd/C2ooH39JSWe_ZvRouCJqTg,midvale-utah
https://www.ubereats.com/salt-lake-city/food-delivery/shake-shack-11020-s-state-street/FjBjnKymRTClswe9xAbykg,midvale-utah
https://www.ubereats.com/salt-lake-city/food-delivery/the-fix/evzlaAxwT9mh5IDqxoliUA,midvale-utah
https://www.ubereats.com/salt-lake-city/food-delivery/a%26w-4761-s-4015-w/UGIZJKKHQqmi8CpWL7P4nA,midvale-utah
https://www.ubereats.com/salt-lake-city/food-delivery/stratford-proper/BoA0GtuFQFyDlxhSe8JtTw,midvale-utah
https://www.ubereats.com/salt-lake-city/food-delivery/papa-johns-12447-crossing-drive-%232/0ZuELvScQu6W2_D3Fx7ubg,midvale-utah
https://www.ubereats.com/salt-lake-city/food-delivery/cafe-zupas-2236-s-1300-e/4coWcJ2iSsm-fkriZbip2Q,midvale-utah
https://www.ubereats.com/salt-lake-city/food-delivery/happy-sumo/efPfgU3dRCikWdSomPOOaw,midvale-utah
https://www.ubereats.com/salt-lake-city/food-delivery/arbys-4663-s-2700-w/1PcSOzUwRN-8fe3k1JFPkA,midvale-utah
https://www.ubereats.com/salt-lake-city/food-delivery/village-inn-5941-s-state-st/kLrPO7HtQDKsk61O19vq3w,midvale-utah
https://www.ubereats.com/salt-lake-city/food-delivery/cafe-guanaco/Iw37o7w-TmqxWuWp1R0wzw,midvale-utah
https://www.ubereats.com/salt-lake-city/food-delivery/antojitos-moma/wGCTuYyISsKmPl71ywTTNw,midvale-utah
https://www.ubereats.com/salt-lake-city/food-delivery/laid-back-poke-shack/iv3HX6v0RQa7zaXg1V6usw,midvale-utah
https://www.ubereats.com/salt-lake-city/food-delivery/pig-%26-a-jelly-jar-murray-holladay-%26-highland/jkCQZj9jQXGddYepKDoYlw,midvale-utah
https://www.ubereats.com/salt-lake-city/food-delivery/rumbi-island-grill-murray/yjmWwX6kTa67Y7LWH6Vkgw,midvale-utah
https://www.ubereats.com/salt-lake-city/food-delivery/mcdonalds-s-redwood-rd-%26-5400-s/xwUURRmWRsWjqC3O_2j_mg,midvale-utah
https://www.ubereats.com/salt-lake-city/food-delivery/applebees-5678-s-redwood-road/XdyhMLBTRqSdeW-o-8aTKQ,midvale-utah
https://www.ubereats.com/salt-lake-city/food-delivery/village-inn-11454-district-drive/f-MloxoPTfSnFm4nwmthkQ,midvale-utah
https://www.ubereats.com/salt-lake-city/food-delivery/papa-murphys-6898-south-redwood-road/NU2N1lkYSUageCTxEZ6wWQ,midvale-utah
https://www.ubereats.com/salt-lake-city/food-delivery/bubbles-drinks-and-more/2n0nFgmdQdC7o8N7njCDyA,midvale-utah
https://www.ubereats.com/salt-lake-city/food-delivery/mcdonalds-10600-s-%26-s-1300-e/r_ztCmRUTZCj0rVdzHnRLg,midvale-utah
https://www.ubereats.com/salt-lake-city/food-delivery/zaxbys-s-700-w-midvale/qojaVXM3S3-4rZDXdjoXWA,midvale-utah
https://www.ubereats.com/salt-lake-city/food-delivery/la-tenoch-mexican-food/sJFBRtjzTa-ibthZRVbfFA,midvale-utah
https://www.ubereats.com/salt-lake-city/food-delivery/pizzeria-limone-cottonwood/YcEYgvfpRO2meKsHNYBVrA,midvale-utah
https://www.ubereats.com/salt-lake-city/food-delivery/starbucks-62nd-and-bangerter/G81IMWuDSXarWBvE_bMgdA,midvale-utah
https://www.ubereats.com/salt-lake-city/food-delivery/spitz-draper/agLo5-mjSNGmA4kxynGCyA,midvale-utah
https://www.ubereats.com/salt-lake-city/food-delivery/the-habit-burger-grill-11428-south-parkway-plaza-dr-%23100/RWSA7IGqTLWhEUWgW7U2uA,midvale-utah
https://www.ubereats.com/salt-lake-city/food-delivery/hoppers-grill-%26-brewing-co/9DmOHCCAR-CFr6Be98rj_w,midvale-utah
https://www.ubereats.com/salt-lake-city/food-delivery/juicestars/9RMTzuzHSJ6X3Z0QoOchCQ,midvale-utah
https://www.ubereats.com/salt-lake-city/food-delivery/munchies-slc/jf2bEyL3RWuWH1ynQGyUNA,midvale-utah
https://www.ubereats.com/salt-lake-city/food-delivery/gallo-loco/CKmvIyFhSIu231CjJxQZDg,midvale-utah
https://www.ubereats.com/salt-lake-city/food-delivery/iced/B1ffgCxbQ0Sv0TStNJkVVw,midvale-utah
https://www.ubereats.com/salt-lake-city/food-delivery/cinnabon-baked-at-flying-j-2025-s-900-w/P_vAtECsSEqGCZbwNjU3Lg,midvale-utah
https://www.ubereats.com/salt-lake-city/food-delivery/wendys-3149-w-3500-s/-bt4l0jARTuYlxSktEMJ4g,midvale-utah
https://www.ubereats.com/salt-lake-city/food-delivery/barbacoa-mexican-grill-draper/MYTRhXPOR7iDGeYxeGzXGA,midvale-utah
https://www.ubereats.com/salt-lake-city/food-delivery/panda-express-5594-s-redwood-road/gMmCGBtrSEC4WzQSgyXuFw,midvale-utah
https://www.ubereats.com/salt-lake-city/food-delivery/buffalo-wild-wings-11332-s-river-heights-dr/QPBD-nUjQRmkpNyc_ZOqXA,midvale-utah
https://www.ubereats.com/salt-lake-city/food-delivery/mod-pizza-fort-union/EFlEGav1Sdq7bAVRGKH91g,midvale-utah
https://www.ubereats.com/salt-lake-city/food-delivery/petrones-pazzo-vita-deli/DCwY0WNwSFCoBJE1rUsjAA,midvale-utah
https://www.ubereats.com/salt-lake-city/food-delivery/papa-murphys-1821-west-12600-south/nkUhj7tGRNWoIbv7dRVqyA,midvale-utah
https://www.ubereats.com/salt-lake-city/food-delivery/cafe-zupas-11463-s-district-main-dr/yIBpm4qBTB6u8rpECOefxA,midvale-utah
https://www.ubereats.com/salt-lake-city/food-delivery/wing-nutz-sandy/XDEYtLkpSJm21bAp8xdbqA,midvale-utah
https://www.ubereats.com/salt-lake-city/food-delivery/black-bear-diner-12057-s-state-street/dPRHlGNNQnqN3nd8BCm-qw,midvale-utah
https://www.ubereats.com/salt-lake-city/food-delivery/papa-murphys-7828-south-1300-east/FZkfDFHAQReKaCdQGcXyrg,midvale-utah
https://www.ubereats.com/salt-lake-city/food-delivery/buffalo-wild-wings-2927-s-5600-w/yEAA5h2lQGyJqRex-o1CCA,midvale-utah
https://www.ubereats.com/salt-lake-city/food-delivery/subway-7710-s-redwood-rd/RI8UlvpcQ3-tCRgp2Cusnw,midvale-utah
https://www.ubereats.com/salt-lake-city/food-delivery/the-original-pancake-house-7044-s-union-park-ave/khpmOY4JQ9i_ISGT69grHg,midvale-utah
https://www.ubereats.com/salt-lake-city/food-delivery/kfc-1765-west-4700-south/JBlSeTN6SeSQn2yw7G_uiw,midvale-utah
https://www.ubereats.com/salt-lake-city/food-delivery/you-%26-i-kitchen/fJARdf7dQZqLuh45EGIGxw,midvale-utah
https://www.ubereats.com/salt-lake-city/food-delivery/papa-johns-124-east-900-south/uEe2_Pr6SB6giTMfsyVYMA,midvale-utah
https://www.ubereats.com/salt-lake-city/food-delivery/illy-cafe-10450-s-state-st/yoiaF99YTyu5Pz36XPtVEg,midvale-utah
https://www.ubereats.com/salt-lake-city/food-delivery/jamba-juice-3294-s-1300-e-unit-b/HGlXyfYnQEG4nmT2Yh6QzQ,midvale-utah
https://www.ubereats.com/salt-lake-city/food-delivery/bumblebees-kbbq-west-valley-city/wsbsq6pvRf-xesJIyan4UA,midvale-utah
https://www.ubereats.com/salt-lake-city/food-delivery/daylight-donuts/C0HgRSntSY2SNnkkZDPiTg,midvale-utah
https://www.ubereats.com/salt-lake-city/food-delivery/wendys-7729-so-campus-view-dr/iMz9EmsVSp-jf_VDx0YlXg,midvale-utah
https://www.ubereats.com/salt-lake-city/food-delivery/spitz-cottonwood/nhflZeVUTn-n3z5WbmeEug,midvale-utah
https://www.ubereats.com/salt-lake-city/food-delivery/joes-crab-shack-65-e-9400-s/WBqZkprVQCyqVzBhU6od1Q,midvale-utah
https://www.ubereats.com/salt-lake-city/food-delivery/mcdonalds-3890-s-%26-1100-e/5K1t51hUQAygt4TxBjtnlA,midvale-utah
https://www.ubereats.com/salt-lake-city/food-delivery/ejo-korean-bbq/kEeDaNFyQryQe4gN0CKZag,midvale-utah
https://www.ubereats.com/salt-lake-city/food-delivery/mcdonalds-5706-west-7800-south/bVZCv464R6yU3dpLy_edpw,midvale-utah
https://www.ubereats.com/salt-lake-city/food-delivery/chipotle-mexican-grill-10387-s-state-st/Leh6BvgbQVWExxLI7ppggA,midvale-utah
https://www.ubereats.com/salt-lake-city/food-delivery/victors-restaurant/uKir7Si-STC0I5YeIKPaiQ,midvale-utah
https://www.ubereats.com/salt-lake-city/food-delivery/wing-it!-midvale/FTEft1fZQSS--j2fnTMeAA,midvale-utah
https://www.ubereats.com/salt-lake-city/food-delivery/gurkhas/5AwNrFf3Q3yOriOYf3VYXA,midvale-utah
https://www.ubereats.com/salt-lake-city/food-delivery/mcdonalds-5600-west/HP_9MZ4OTPWQaHrYQJ8YAw,midvale-utah
https://www.ubereats.com/salt-lake-city/food-delivery/corner-bakery-cafe-draper/uPXmgvaLSYSMvA-W5DGuCA,midvale-utah
https://www.ubereats.com/salt-lake-city/food-delivery/belgian-waffle-%26-omelet-inn/tlWdMt9ESeWFDAf66vvZnQ,midvale-utah
https://www.ubereats.com/salt-lake-city/food-delivery/mcdonalds-fort-union-blvd-%26-s-900-e/EKFPYh1FSTWxp8mr9rFOgw,midvale-utah
https://www.ubereats.com/salt-lake-city/food-delivery/caffe-zero/SM43P-wSTfKPrHTQYwDSLg,midvale-utah
https://www.ubereats.com/salt-lake-city/food-delivery/five-guys-ut-1749-1716-west-5400-south/Jy0OPjTBTPicuTrAdYnsOw,midvale-utah
https://www.ubereats.com/salt-lake-city/food-delivery/wing-nutz-south-jordan/MOlrLYk0TWuyB0qwjdW6Bg,midvale-utah
https://www.ubereats.com/salt-lake-city/food-delivery/red-robin-414-3601-s-2700-west-%23b152/Yexpxg5ATXmzT_WBiqUDBQ,midvale-utah
https://www.ubereats.com/salt-lake-city/food-delivery/panda-express-11513-south-4000-west/codID3WjRjaMl1aAOTBIVw,midvale-utah
https://www.ubereats.com/salt-lake-city/food-delivery/brick-oven/L5JIph5yQj6PVAfgPDf2WA,midvale-utah
https://www.ubereats.com/salt-lake-city/food-delivery/papa-johns-1844-east-fort-union-blvd/22T7uY0CQaGR_V9T7SIglg,midvale-utah
https://www.ubereats.com/salt-lake-city/food-delivery/ihop-1734/P7XPbnyQSJy9yn-WrVjZ2g,midvale-utah
https://www.ubereats.com/salt-lake-city/food-delivery/cultivate-craft-kitchen/3z3k05R0T9-5hpwaoYXekw,midvale-utah
https://www.ubereats.com/salt-lake-city/food-delivery/saffron-circle-riverton/UwWNhEcsRl6je2tqJj0VXg,midvale-utah
https://www.ubereats.com/salt-lake-city/food-delivery/plant-b-sandy/-iimVOn-QyCGMZLnb5eezw,midvale-utah
https://www.ubereats.com/salt-lake-city/food-delivery/cold-stone-creamery-11585-s-district/ZcCXfp_bQZm4hVGt3Kq30Q,midvale-utah
https://www.ubereats.com/salt-lake-city/food-delivery/sonic-sandy/i6b6viMYR1a5pIGtB-LxDQ,midvale-utah
https://www.ubereats.com/salt-lake-city/food-delivery/spitz-salt-lake-city/iLVIgDxITwSBatAGZ_lrcQ,midvale-utah
https://www.ubereats.com/salt-lake-city/food-delivery/megaplex-theaters-jordan-commons/0kpzcjBZRH-lS4Xf7dhSUw,midvale-utah
https://www.ubereats.com/salt-lake-city/food-delivery/taco-bell-1685-west-7000-south/26rStmcUTqKKNvPBTFsYog,midvale-utah
https://www.ubereats.com/salt-lake-city/food-delivery/cafe-yugo/p9fNETMrTkuiDCPo84VuLw,midvale-utah
https://www.ubereats.com/salt-lake-city/food-delivery/mountain-mikes-pizza-3785-w-10400-s/kSw-RyOVSZC697qGPu8Hmg,midvale-utah
https://www.ubereats.com/salt-lake-city/food-delivery/jordan-gateway-grill/aspCAAIDSx-JtbghwO1ObQ,midvale-utah
https://www.ubereats.com/salt-lake-city/food-delivery/andinita-restaurant/Jc5BuixcQXaV98bIxHNXZw,midvale-utah
https://www.ubereats.com/salt-lake-city/food-delivery/eiko-cafe-sushi-%26-donburi/fgQOwXOTRW-S7JYdL6pE-g,midvale-utah
https://www.ubereats.com/salt-lake-city/food-delivery/bonwood-cafe/lqv86Q6hTESKF1Yh4cBZaQ,midvale-utah
https://www.ubereats.com/salt-lake-city/food-delivery/taco-bell-1649-w-9000-south/TYOKuXDARuuYH8uyVtZ6jA,midvale-utah
https://www.ubereats.com/salt-lake-city/food-delivery/hokkaido-sushi-bar/TNGzTmuvTamtIm2WPGX6oQ,midvale-utah
https://www.ubereats.com/salt-lake-city/food-delivery/smashburger-278-east-12300-south-%23106/H_DcVRt2SBaJuKajg7tqrQ,midvale-utah
https://www.ubereats.com/salt-lake-city/food-delivery/cafe-zupas-10680-s-riverfront-parkway/LPtg3I0GTxe4m6ZQdkUBCw,midvale-utah
https://www.ubereats.com/salt-lake-city/food-delivery/smart-cookie-company-midvale/lzgV6IfISPWk4SxpJNf61w,midvale-utah
https://www.ubereats.com/salt-lake-city/food-delivery/panda-express-3758-west-7800-south-%23c/k5eKg7LMS_-6fw6t6e1zFg,midvale-utah
https://www.ubereats.com/salt-lake-city/food-delivery/kailea-hawaiian-ice/a-vZqK78QTiy7vnB2Cq2Xg,midvale-utah
https://www.ubereats.com/salt-lake-city/food-delivery/waffle-love-west-jordan/4a9fFHgcTpuHWmtMwvDSqQ,midvale-utah
https://www.ubereats.com/salt-lake-city/food-delivery/ihop-1729/B1MGlBaQR0uIVf1EwCRGnA,midvale-utah
https://www.ubereats.com/salt-lake-city/food-delivery/wendys-4114-west-9000-south/o2ie_wISTNeQaeCrDrveZg,midvale-utah
https://www.ubereats.com/salt-lake-city/food-delivery/burger-king-235-east-3300-south/H7EGMB9wQb23gE9vRpspjA,midvale-utah
https://www.ubereats.com/salt-lake-city/food-delivery/nepali-chulo/1N0DnOjNS169y9AvDvu6Cw,midvale-utah
https://www.ubereats.com/salt-lake-city/food-delivery/papa-murphys-150-east-3300-south/Xia5QxSLRRGlboZZpkA3QQ,midvale-utah
https://www.ubereats.com/salt-lake-city/food-delivery/chick-fil-a-1088-e-fort-union-blvd/H8on_eUlRE-_ri0hwMlYtw,midvale-utah
https://www.ubereats.com/salt-lake-city/food-delivery/arbys-1870-w-5400-s/ZeHay9zeRYqUHUHcdtZzGA,midvale-utah
https://www.ubereats.com/salt-lake-city/food-delivery/marcos-pizza-5510-s-900-e/P6PAXRQnQxyGYXZuVnOTAA,midvale-utah
https://www.ubereats.com/salt-lake-city/food-delivery/slapfish-state-street/CEemTCZ1Qj2wlSgZofrR_A,midvale-utah
https://www.ubereats.com/salt-lake-city/food-delivery/mcdonalds-catalpa-rd-%26-7200-s/RuFyC9aARZaKN45pAz-VzQ,midvale-utah
https://www.ubereats.com/salt-lake-city/food-delivery/ichiban-ramen-%26-boba-crush/E8xCvZESR0GKxlybgH8Y8Q,midvale-utah
https://www.ubereats.com/salt-lake-city/food-delivery/good-burger-valley-fair-mall/o88CEFiGRBmSXsLZAt_G-w,midvale-utah
https://www.ubereats.com/salt-lake-city/food-delivery/noodles-%26-company-11429-district-dr-ste-500/1JA9X6p3RDybs0GsoIAVnw,midvale-utah
https://www.ubereats.com/salt-lake-city/food-delivery/mcdonalds-4200-s-%26-redwood-rd/_OaeIi9eQoW5gQtZrnwcqg,midvale-utah
https://www.ubereats.com/salt-lake-city/food-delivery/taco-bell-11456-s-district-drive/ubEpc5Z_TtCyEx2-vIlT7g,midvale-utah
https://www.ubereats.com/salt-lake-city/food-delivery/the-old-spaghetti-factory-taylorsville/ry5aKCsrSjO8VZUU-g8AkA,midvale-utah
https://www.ubereats.com/salt-lake-city/food-delivery/roxberry-juice-9400-s-%26-highland-dr/3XDKPiBHRYWurhJ8rEUeyw,midvale-utah
https://www.ubereats.com/salt-lake-city/food-delivery/wendys-11503-s-4000-w/qM5IpyIzTVCyVyrmCNrF9Q,midvale-utah
https://www.ubereats.com/salt-lake-city/food-delivery/sushi-burrito/IfFWFAUNR6GyuEA57vWnrw,midvale-utah
https://www.ubereats.com/salt-lake-city/food-delivery/starbucks-9000-s-%26-redwood-w-jordan/4PYy0DFaRseISokh8j_36w,midvale-utah
https://www.ubereats.com/salt-lake-city/food-delivery/papa-johns-1811-west-9000-south/ANlXNL47SqKji-szgOPGzA,midvale-utah
https://www.ubereats.com/salt-lake-city/food-delivery/arbys-7121-south-bingham-junction/3TcEl1J0SUGnZFAIkbLu-w,midvale-utah
https://www.ubereats.com/salt-lake-city/food-delivery/papa-murphys-408-east-12300-south/w5sdr2R3Q36AxNRwnrluTQ,midvale-utah
https://www.ubereats.com/salt-lake-city/food-delivery/panda-express-5888-south-state-street/-WXMTjSlSheCVXgtg894uw,midvale-utah
https://www.ubereats.com/salt-lake-city/food-delivery/stellar-wings-%26-cafe-guanaco/s8BCVlx5SaSzSujGx4Wczw,midvale-utah
https://www.ubereats.com/salt-lake-city/food-delivery/panda-express-10555-s-redwood-rd-suite-b/uIB-3BXTQJqJzg69Utd31A,midvale-utah
https://www.ubereats.com/salt-lake-city/food-delivery/black-bear-diner-1944-e-9400-s/F8aXJWapS5esxDPp1pFFTw,midvale-utah
https://www.ubereats.com/salt-lake-city/food-delivery/kfc-1827-west-12600-south/ghhGKZnXTYOML5cXNFB3iw,midvale-utah
https://www.ubereats.com/salt-lake-city/food-delivery/wendys-9286-south-700-e/MtmxvYBoRmiWKwoJLIvf-A,midvale-utah
https://www.ubereats.com/salt-lake-city/food-delivery/taco-bell-1287-east-draper-parkway/eQwLjDVuRu-CncvhU9fVyw,midvale-utah
https://www.ubereats.com/salt-lake-city/food-delivery/shahehrazad-market-%26-restaurant/EM7LqF6dTvG0zQ139lVVBw,midvale-utah
https://www.ubereats.com/salt-lake-city/food-delivery/saola-pho-pho-pho/Lk2-Q1o4R02OqS2RHcprKQ,midvale-utah
https://www.ubereats.com/salt-lake-city/food-delivery/wendys-1293-east-draper-pkwy/vnZzpV-fS2eHPxWM6wIdDQ,midvale-utah
https://www.ubereats.com/salt-lake-city/food-delivery/mcdonalds-4601-w-6200-s/m9td9jsTQ6en_DquryAAUA,midvale-utah
https://www.ubereats.com/salt-lake-city/food-delivery/sonic-west-jordan/xM_4otFPRdOEt941IGNWgg,midvale-utah
https://www.ubereats.com/salt-lake-city/food-delivery/papa-murphys-2993-south-5600-west/eA5cLbjtRRmmBoEa9z0BNw,midvale-utah
https://www.ubereats.com/salt-lake-city/food-delivery/zabb-noodles/ykLMEfPNRQK8VVj2GwA9vw,midvale-utah
https://www.ubereats.com/salt-lake-city/food-delivery/charleys-philly-steaks-valley-fair-mall/fEp-gNfZRpang_8JXj17sg,midvale-utah
https://www.ubereats.com/salt-lake-city/food-delivery/india-house/EVj6iXjUSjmUZGC9_7OZpA,midvale-utah
https://www.ubereats.com/salt-lake-city/food-delivery/bigeye-poke-%26-grill/Ij2FUHTwQ4ifjVsIz6_aeA,midvale-utah
https://www.ubereats.com/salt-lake-city/food-delivery/kfc-3865-west-3500-south/kG9RMrSAR860Sn4IKMb_-w,midvale-utah
https://www.ubereats.com/salt-lake-city/food-delivery/tiki-hawaiian-kitchen/qCEo-6TeQuiBGIP39A2vaw,midvale-utah
https://www.ubereats.com/salt-lake-city/food-delivery/arbys-10273-south-1300-east/406QRkEyRkuHmOFjuDZZcg,midvale-utah
https://www.ubereats.com/salt-lake-city/food-delivery/cafe-zupas-4539-w-partridge-hill-lane/ut0Tds3yT4uAgXZ2mEHJuQ,midvale-utah
https://www.ubereats.com/salt-lake-city/food-delivery/starbucks-9400-south-%26-1000-east-sandy/4yEPXeJ8R_-ZrNnUx4f-Kg,midvale-utah
https://www.ubereats.com/salt-lake-city/food-delivery/murphys-cafe-126/7wdEaPwPTqSlghlsphKPNw,midvale-utah
https://www.ubereats.com/salt-lake-city/food-delivery/jamba-juice-5578-s-redwood-blvd-unit-c/xbh7oneAQ36qib5XfxLROA,midvale-utah
https://www.ubereats.com/salt-lake-city/food-delivery/asian-cuisine-%26-sushi-bar/o199iK6mTR2HDOIlmsTorQ,midvale-utah
https://www.ubereats.com/salt-lake-city/food-delivery/pho-hoa-west-valley-city/v4pVO0yvQgaKlClb-Yoz-g,midvale-utah
https://www.ubereats.com/salt-lake-city/food-delivery/chungas/EbRznCKURPOpBEHD6HDCgw,midvale-utah
https://www.ubereats.com/salt-lake-city/food-delivery/potbelly-sandwich-shop-south-jordan-%7C-409/ykfewS53RKOMeITyDN6BdQ,midvale-utah
https://www.ubereats.com/salt-lake-city/food-delivery/tuk-tuks/mbYcXzl4QSK3ylNbsrsqig,midvale-utah
https://www.ubereats.com/salt-lake-city/food-delivery/five-guys-ut-1886-1082-east-fort-union-blvd/pJ0_wT0HRguLG0euJP7Eyw,midvale-utah
https://www.ubereats.com/salt-lake-city/food-delivery/kfc-653-east-9400-south/7yqwA38MTTmFqWojcHlO_w,midvale-utah
https://www.ubereats.com/salt-lake-city/food-delivery/roxberry-juice-co/nNlkbmzkSB23dbTpNzI0gA,midvale-utah
https://www.ubereats.com/salt-lake-city/food-delivery/waffle-love-northern-utah-food-truck-%231/lyG1mFHfTO6TBeOCw6Y9AA,midvale-utah
https://www.ubereats.com/salt-lake-city/food-delivery/irie-coffee-teas-and-bobas/6BU42CPPTzmNUINNjz2T4w,midvale-utah
https://www.ubereats.com/salt-lake-city/food-delivery/johns-place/ZvYNe34uQHiZtD9Jwa6PpA,midvale-utah
https://www.ubereats.com/salt-lake-city/food-delivery/black-bear-diner-12535-south-rhetski-lane/i3Qb1afqT8mwIKFm-hTtKQ,midvale-utah
https://www.ubereats.com/salt-lake-city/food-delivery/spudtoddos/cE6fgmarSFaENlSWG2FOAA,midvale-utah
https://www.ubereats.com/salt-lake-city/food-delivery/peipei-house/ZxK8wDauSaiVckjRcu628A,midvale-utah
https://www.ubereats.com/salt-lake-city/food-delivery/california-pizza-kitchen-6227-south-state-st-%231/WhN5EnsfROmYy_Wjw2p4Vg,midvale-utah
https://www.ubereats.com/salt-lake-city/food-delivery/zaxbys-w-5400-s-taylorsville/c0kQVsg6RBSwSlsTQzt5kw,midvale-utah
https://www.ubereats.com/salt-lake-city/food-delivery/saffron-valley-jordan-%26-1055-w/RxDFxr4MTT2RiZD2AVwmbA,midvale-utah
https://www.ubereats.com/salt-lake-city/food-delivery/sizzler-s-main-district/7loqKbj4ScalelLjMVle3Q,midvale-utah
https://www.ubereats.com/salt-lake-city/food-delivery/del-taco-1651-w-south-jordan-pkwy/2DzeGnACRQCbDfSj0Za9uA,midvale-utah
https://www.ubereats.com/salt-lake-city/food-delivery/sonic-home-depot/FqbhX6uEScGXKsUlXalL_w,midvale-utah
https://www.ubereats.com/salt-lake-city/food-delivery/teriyaki-grill-draper/bkLUdl9HRJigJdzfaUP5DQ,midvale-utah
https://www.ubereats.com/salt-lake-city/food-delivery/papa-johns-3510-s-4400-w/LmL9tvXsQ8-Qn3EHZEzY1A,midvale-utah
https://www.ubereats.com/salt-lake-city/food-delivery/noodles-%26-company-6901-s-1300-e/x21IYNhRQFis6ZctSK9fVQ,midvale-utah
https://www.ubereats.com/salt-lake-city/food-delivery/harbor-seafood-%26-steak-company/kWyzz_uzQVurBFJlKq037w,midvale-utah
https://www.ubereats.com/salt-lake-city/food-delivery/burger-king-705-east-7200-south-%2310625/hiGxwjORQYij3W9i3q6s3A,midvale-utah
https://www.ubereats.com/salt-lake-city/food-delivery/yings-thai-sushi/_UMvi3cVTGC5lELn4HeVIQ,midvale-utah
https://www.ubereats.com/salt-lake-city/food-delivery/wendys-1938-west-12600-south/xBmR-H4MRnipL7nlKZmLcQ,midvale-utah
https://www.ubereats.com/salt-lake-city/food-delivery/crown-burgers-highland-drive-location/XTrW5OqmR0ewvAFc4tyI-Q,midvale-utah
https://www.ubereats.com/salt-lake-city/food-delivery/dickeys-barbecue-restaurants-2592-south-5600-west-ste-103/3Y4OCzmqS4iRcy3bUFClFQ,midvale-utah
https://www.ubereats.com/salt-lake-city/food-delivery/corner-bakery-cafe-6227-s-state-st-ste-12/c57FoT3fQtCnRjp1QrQZbA,midvale-utah
https://www.ubereats.com/salt-lake-city/food-delivery/daylight-donuts-murray/HfH7gRnVSyuEgh-YH7jWTw,midvale-utah
https://www.ubereats.com/salt-lake-city/food-delivery/five-guys-ut-1204-3167-e-3300-s/8iYQ2BRqQ1WIcUcF3_8JTQ,midvale-utah
https://www.ubereats.com/salt-lake-city/food-delivery/arbys-2819-w-7800-s/6nh4eGRzRHWjXT9T4XaUUA,midvale-utah
https://www.ubereats.com/salt-lake-city/food-delivery/bad-ass-breakfast-burritos-sandy/YAxd4QnlSYOhROofe9DSFA,midvale-utah
https://www.ubereats.com/salt-lake-city/food-delivery/burger-king-7810-south-1300-east-%239752/eY7uE_PiREihrSMm32K_pQ,midvale-utah
https://www.ubereats.com/salt-lake-city/food-delivery/macaroni-grill-fashion-place/fF8aUOtdSLCEyr14REDWxg,midvale-utah
https://www.ubereats.com/salt-lake-city/food-delivery/jersey-mikes-6985-park-centre-dr/YIB6YodFTBi266VTfn9vxw,midvale-utah
https://www.ubereats.com/salt-lake-city/food-delivery/tequenos-ut-llc/VaXaiGDoSEmKplrYr9APVQ,midvale-utah
https://www.ubereats.com/salt-lake-city/food-delivery/taco-bell-3447-south-5600-west/yVqI8JmhT_WD2_zqMMmWOg,midvale-utah
https://www.ubereats.com/salt-lake-city/food-delivery/schlotzskys-8916-s-state-st/uBIvKliMTP64O0VI6nOb5A,midvale-utah
https://www.ubereats.com/salt-lake-city/food-delivery/jersey-mikes-5291-south-state-st/e1I6d1zrRouVw8J-3TxXQA,midvale-utah
https://www.ubereats.com/salt-lake-city/food-delivery/big-tortas-sur-54/9pCmbXESQy-2qBctLDensQ,midvale-utah
https://www.ubereats.com/salt-lake-city/food-delivery/arbys-1410-w-9000-s/n13YPb_MSWixEc19xftIgg,midvale-utah
https://www.ubereats.com/salt-lake-city/food-delivery/el-pollo-loco-5675-w-brud-dr3810/fshHN2RIQ2mQzkNvTR1sEg,midvale-utah
https://www.ubereats.com/salt-lake-city/food-delivery/hot-dog-on-a-stick-10450-s-state-st/95FTXwNtQHK4EUs8HkO56A,midvale-utah
https://www.ubereats.com/salt-lake-city/food-delivery/kfc-2930-east-3300-south/DUO-pC1YS_C8arQyNzhsfA,midvale-utah
https://www.ubereats.com/salt-lake-city/food-delivery/roxberry-juice-state-st-%26-5900-s/99nysiqRTJC7yfIVKH_Z_A,midvale-utah
https://www.ubereats.com/salt-lake-city/food-delivery/cracker-barrel-old-country-store-2283-west-city-center-court/GmkhgX_ITvKiKWoqYKXS4g,midvale-utah
https://www.ubereats.com/salt-lake-city/food-delivery/bistro-4u/JKjy-WywQCOYC2aM4bn8Og,midvale-utah
https://www.ubereats.com/salt-lake-city/food-delivery/tonyburgers-2300-e-%26-murray-holladay/EDZJo76GTzeNnXpncZzPeA,midvale-utah
https://www.ubereats.com/salt-lake-city/food-delivery/kfc-674-east-12300-south/3dsBNmvfSQqXNx1vLB6vJw,midvale-utah
https://www.ubereats.com/salt-lake-city/food-delivery/arbys-741-east-fort-union-blvd/Z9m-v0qwTC-HTwBrcJhU0w,midvale-utah
https://www.ubereats.com/salt-lake-city/food-delivery/thai-orchid/eH4QMUl-SuOnAqldsWaC7A,midvale-utah
https://www.ubereats.com/salt-lake-city/food-delivery/del-taco-8580-s-1300-e/Afm0mq4zRu6JDhEaKz7doQ,midvale-utah
https://www.ubereats.com/salt-lake-city/food-delivery/jamba-juice-148-e-12300-s-ste-%23d/M_ygW1D2T66VHINjVVhP9A,midvale-utah
https://www.ubereats.com/salt-lake-city/food-delivery/kfc-3743-jordan-landing-blvd/E8nfaamOSTyir3VNOgFzQQ,midvale-utah
https://www.ubereats.com/salt-lake-city/food-delivery/dennys-2025-s-900-w/m5SwPVOgRzeArjfkd5qq5g,midvale-utah
https://www.ubereats.com/salt-lake-city/food-delivery/siam-orchid/D2cw-jL1T8G9AkADs6L2bg,midvale-utah
https://www.ubereats.com/salt-lake-city/food-delivery/mcdonalds-5400-s-3900-w/r2L2s4cVRNe0Qprnln7EZg,midvale-utah
https://www.ubereats.com/salt-lake-city/food-delivery/wendys-5673-west-6200-south/3kl3d3EwSl67FqbD9GF1Eg,midvale-utah
https://www.ubereats.com/salt-lake-city/food-delivery/hwa-korean-%26-japanese/jq1K93e-SSOujlWgT0mjnQ,midvale-utah
https://www.ubereats.com/salt-lake-city/food-delivery/hot-dog-on-a-stick-6191-s-state-st/Xdw_0Dw9SNCb2AaP16AwRQ,midvale-utah
https://www.ubereats.com/salt-lake-city/food-delivery/firehouse-subs-11521-south-4000-west/zLwfc4FyQX-XLam0YVge7Q,midvale-utah
https://www.ubereats.com/salt-lake-city/food-delivery/zaika-grill-n-kabab/hLJTZlHIRuSLXqUWOXNDTw,midvale-utah
https://www.ubereats.com/salt-lake-city/food-delivery/wendys-1789-w-4700-south-restaurant-%236095/mPgpXxhJR5qxugoDzzPv8w,midvale-utah
https://www.ubereats.com/salt-lake-city/food-delivery/red-lobster-298-e-winchester-street/LwwynhPAREGawwG3xGfiag,midvale-utah
https://www.ubereats.com/salt-lake-city/food-delivery/oishi-ramen/23DhQhMyQw6fZM7P7QKBFA,midvale-utah
https://www.ubereats.com/salt-lake-city/food-delivery/mcdonalds-1879-e-4800-s/WP8dybFCQG28-xFxx5lhhA,midvale-utah
https://www.ubereats.com/salt-lake-city/food-delivery/mcdonalds-2000-e-%26-7000-s/qb64rU_HRTO5UGhZdEyfjw,midvale-utah
https://www.ubereats.com/salt-lake-city/food-delivery/menchies-frozen-yogurt-3165-e-3300-s/SOcfWYU5Q12cDADs8wc0Hg,midvale-utah
https://www.ubereats.com/salt-lake-city/food-delivery/brio-6173-south-state-st/AxTNPGDWRiWlSjGqGSlipw,midvale-utah
https://www.ubereats.com/salt-lake-city/food-delivery/popeyes-3895-w-4700-drive-s/xGJ9wVjBSh-U_ZF5o6qF_Q,midvale-utah
https://www.ubereats.com/salt-lake-city/food-delivery/karuwaa/EOVm0mWISrG8Rh1Ws8es8Q,midvale-utah
https://www.ubereats.com/salt-lake-city/food-delivery/big-daddys-pizza-south-slc/453HPbNiRdO9NHWyZlRWFQ,midvale-utah
https://www.ubereats.com/salt-lake-city/food-delivery/cold-stone-creamery-10493-s-redwood-rd/FjLlBT2ITgamCnMvzI67Zg,midvale-utah
https://www.ubereats.com/salt-lake-city/food-delivery/kfc-6890-highland-drive/0RGpHA1JTlGTFj4KyyXiUA,midvale-utah
https://www.ubereats.com/salt-lake-city/food-delivery/pza-fort-union/I59liA91Q3m2uIDN6wrd9A,midvale-utah
https://www.ubereats.com/salt-lake-city/food-delivery/leatherheads-sports-grill/6ZGohHwZQFKiSgAdwKSPvQ,midvale-utah
https://www.ubereats.com/salt-lake-city/food-delivery/the-original-pancake-house-17-east-11400-south/loQkx_B3TXK2oxIgUBrW4A,midvale-utah
https://www.ubereats.com/salt-lake-city/food-delivery/e-japan-express/cBRQlPhHQKuckGqqeS2qOg,midvale-utah
https://www.ubereats.com/salt-lake-city/food-delivery/big-daddys-pizza-kearns/H9dpMZqzQgmO9C2ISFg3Aw,midvale-utah
https://www.ubereats.com/salt-lake-city/food-delivery/wendys-8935-s-redwood-rd/OWUldShPSz6fpvW63qRLrw,midvale-utah
https://www.ubereats.com/salt-lake-city/food-delivery/india-palce/6utCEctASsGCJyrW5fJzmQ,midvale-utah
https://www.ubereats.com/salt-lake-city/food-delivery/taco-bell-5088-w-13400-south/ALffL_QRTeO4yOapqLm3LA,midvale-utah
https://www.ubereats.com/salt-lake-city/food-delivery/subway-3078-west-7800-south/VELk_V87RQimtxniVZPSbg,midvale-utah
https://www.ubereats.com/salt-lake-city/food-delivery/star-of-india/sBL7ZNRDSQ-4X5Any-BAYQ,midvale-utah
https://www.ubereats.com/salt-lake-city/food-delivery/wow-bao-3429-s-redwood/8gvhniEKQdahRQA8pEeBQA,midvale-utah
https://www.ubereats.com/salt-lake-city/food-delivery/capriottis-sandwich-shop-wvc-high-market-drive/DF09o_iOQSqdy30qkPR26w,midvale-utah
https://www.ubereats.com/salt-lake-city/food-delivery/sonic-redwood/t25jT4uKRMu1AT-HWzfMiA,midvale-utah
https://www.ubereats.com/salt-lake-city/food-delivery/five-guys-ut-1241-7168-s-plaza-center-dr/kKFjBi5nRTSzq6m_zm1z3A,midvale-utah
https://www.ubereats.com/salt-lake-city/food-delivery/monster-crave/tVkObXIIT9mf_Q3Tsp4X3A,midvale-utah
https://www.ubereats.com/salt-lake-city/food-delivery/marcos-pizza-8520-s-1300-e/SUn-L7AZQDCZH7CdHBcljQ,midvale-utah
https://www.ubereats.com/salt-lake-city/food-delivery/wasatch-brew-pub-sugar-house/I_o70572Q7WbAxdBTTWP7w,midvale-utah
https://www.ubereats.com/salt-lake-city/food-delivery/del-taco-5672-south-900-east/j3PsRXQ1Tt2YKKei4ifiCg,midvale-utah
https://www.ubereats.com/salt-lake-city/food-delivery/noodles-%26-company-7632-s-campus-view-dr-ste-110/17ghPxNmQIWTQBGxeCCnzQ,midvale-utah
https://www.ubereats.com/salt-lake-city/food-delivery/papa-murphys-5633-west-6200-south/Ts25TDyjSwq2ap64feEozA,midvale-utah
https://www.ubereats.com/salt-lake-city/food-delivery/village-inn-4681-s-redwood-rd/T_k7x7jWSziDxKnC9t4M6w,midvale-utah
https://www.ubereats.com/salt-lake-city/food-delivery/teriyaki-grill-midvale/ytPBxUBbSh2KgT60avrMTA,midvale-utah
https://www.ubereats.com/salt-lake-city/food-delivery/chipotle-mexican-grill-6924-s-park-centre-dr/IYKc5P2vSn2Pk4l1Fouurg,midvale-utah
https://www.ubereats.com/salt-lake-city/food-delivery/popeyes-3712-w-7800-s/vkVNxmPOT9mF1_cfQGm7eQ,midvale-utah
https://www.ubereats.com/salt-lake-city/food-delivery/roxberry-juice-riverton/oa6ZMsNLRWO0bRZEQWwWqA,midvale-utah
https://www.ubereats.com/salt-lake-city/food-delivery/salt-city-burger-company/kcXiXAxJTC21AOawk62ygg,midvale-utah
https://www.ubereats.com/salt-lake-city/food-delivery/panda-express-6927-park-centre-dr/-uLJkqYET9mz8HEtT0ELfA,midvale-utah
https://www.ubereats.com/salt-lake-city/food-delivery/panda-express-6910-s-redwood-rd-space-a/FNXD4q3aQgC6lgrMzvhE7Q,midvale-utah
https://www.ubereats.com/salt-lake-city/food-delivery/firehouse-subs-midvale/3CAOhHWFR0ajwGP_sy29JQ,midvale-utah
https://www.ubereats.com/salt-lake-city/food-delivery/the-habit-burger-grill-6993-s-park-centre-dr/hyNq7VXLSfiAR5-b0g6UaA,midvale-utah
https://www.ubereats.com/salt-lake-city/food-delivery/burger-king-1430-east-3300-south/gqyd4AZeTaOGEirUKzKBCw,midvale-utah
https://www.ubereats.com/salt-lake-city/food-delivery/astro-burgers/xGnXuWiySSar7tCsmuYYkA,midvale-utah
https://www.ubereats.com/salt-lake-city/food-delivery/sweet-treats/T81-ipj1SKuLudPUQCmNHw,midvale-utah
https://www.ubereats.com/salt-lake-city/food-delivery/cold-stone-creamery-midvale/w9mo0hsTQvSezjByIdWVLw,midvale-utah
https://www.ubereats.com/salt-lake-city/food-delivery/queen-tea/Bx9jEmzmQxymu_kDj9dUgA,midvale-utah
https://www.ubereats.com/salt-lake-city/food-delivery/kfc-2435-south-state-street/ztJY9TM8RnWXbXMRO2YVtQ,midvale-utah
https://www.ubereats.com/salt-lake-city/food-delivery/pats-barbecue/uiz6C4zAQBSiVChiVeruAA,midvale-utah
https://www.ubereats.com/salt-lake-city/food-delivery/akasaka-sushi/zlZbBOneSAK_zzck8SZ1tA,midvale-utah
https://www.ubereats.com/salt-lake-city/food-delivery/dennys-420-w-4500-s/Dqea76vsRg-Tqp0arTHLKg,midvale-utah
https://www.ubereats.com/salt-lake-city/food-delivery/taco-bell-3197-west-5400-south/OwR_nJTRQeGVy2LIdfo4NQ,midvale-utah
https://www.ubereats.com/salt-lake-city/food-delivery/curry-up-now-fort-union/vtRdO7evTe2Yc01FFgu8Fw,midvale-utah
https://www.ubereats.com/salt-lake-city/food-delivery/cafeguru/f9ZcpfAsQwynjsloMpf0HA,midvale-utah
https://www.ubereats.com/salt-lake-city/food-delivery/wendys-1714-e-4500-south/yuV1R7coTG-6RLwyLA-8fw,midvale-utah
https://www.ubereats.com/salt-lake-city/food-delivery/mandarin-garden/AWQ0pnyQRM2yxaXz1lvCAw,midvale-utah
https://www.ubereats.com/salt-lake-city/food-delivery/teriyaki-grill-taylorsville/P8Zz76weQLGDf9btBg9XqQ,midvale-utah
https://www.ubereats.com/salt-lake-city/food-delivery/ivie-juice-bar/DcHEFrj5RAyMt-JxLgsCZw,midvale-utah
https://www.ubereats.com/salt-lake-city/food-delivery/seasons-juice-bar-and-cafe/iVE4zXNZTSm51LHTcMWJIQ,midvale-utah
https://www.ubereats.com/salt-lake-city/food-delivery/doner-kebab-express/PDSv41aeQxypr3i95xMMbw,midvale-utah
https://www.ubereats.com/salt-lake-city/food-delivery/kfc-1680-west-9000-south/tWzsyNtMTJKvdITsUi6AFw,midvale-utah
https://www.ubereats.com/salt-lake-city/food-delivery/red-basil/GlgMimZxRp-4YOSUpm2XtQ,midvale-utah
https://www.ubereats.com/salt-lake-city/food-delivery/panda-express-9166-south-village-shop-drive/53QJhGa0TYGCiKFqak1ApA,midvale-utah
https://www.ubereats.com/salt-lake-city/food-delivery/bgr-the-burger-joint-slc/pVLLx226QdGb5pwJnuVR_Q,midvale-utah
https://www.ubereats.com/salt-lake-city/food-delivery/the-junction-pizzeria-and-grill/71nR5QMxT32rN0uBp_nMXA,midvale-utah
https://www.ubereats.com/salt-lake-city/food-delivery/jamba-juice-3567-constitution-blvd-space-250/rMPqJxOQQKCPbHKPOlFbKg,midvale-utah
https://www.ubereats.com/salt-lake-city/food-delivery/five-guys-ut-1782-487-e-12300-s/zH_7qb9ZSki0Um1ubu99YQ,midvale-utah
https://www.ubereats.com/salt-lake-city/food-delivery/cupbop-midvale/6uItcvBXR4-qAmMt0Ch6JQ,midvale-utah
https://www.ubereats.com/salt-lake-city/food-delivery/blue-lemon-sandy/jGKT4SpcTrmS3Z47BXAZAQ,midvale-utah
https://www.ubereats.com/salt-lake-city/food-delivery/megaplex-theaters-valley-fair/BhYkVOuLQwSPCpnQqe1_6Q,midvale-utah
https://www.ubereats.com/salt-lake-city/food-delivery/tandoor-indian-grill/Mci_sqbeQhij6103KvTQyQ,midvale-utah
https://www.ubereats.com/salt-lake-city/food-delivery/so-grill-korean-bbq-and-sushi/bt499VzbRsWk6UQaNDrDtg,midvale-utah
https://www.ubereats.com/salt-lake-city/food-delivery/dickeys-barbecue-restaurants-335-w-1830-s/o918zmeCTliorN9end1FaA,midvale-utah
https://www.ubereats.com/salt-lake-city/food-delivery/dasks/hD2n9VRDTIicNCBMpzbiZw,midvale-utah
https://www.ubereats.com/salt-lake-city/food-delivery/firehouse-subs-3798-south-700-east/gJ5qIhqjTxOBwesPtz0QBA,midvale-utah
https://www.ubereats.com/salt-lake-city/food-delivery/a%26w-3753-jordan-landing-blvd/2MhNWHHhS0yOHDy_RrxHsg,midvale-utah
https://www.ubereats.com/salt-lake-city/food-delivery/arbys-5830-s-state-st/QL7ePGDXRlWt-nSzIGObYQ,midvale-utah
https://www.ubereats.com/salt-lake-city/food-delivery/blue-lemon-cottonwood-heights/nxvyTFdBT92d5SAkOsoJCQ,midvale-utah
https://www.ubereats.com/salt-lake-city/food-delivery/a%26w-1827-w-12600-s/qfbqQWdpQuaI33UUxqwVqQ,midvale-utah
https://www.ubereats.com/salt-lake-city/food-delivery/subway-5932-s-state-st/cACXOZmuS3GbCFMv5Zzczg,midvale-utah
https://www.ubereats.com/salt-lake-city/food-delivery/red-mermaid-bistro/38ZwEN1lSdeL8Ulxkj9Fyg,midvale-utah
https://www.ubereats.com/salt-lake-city/food-delivery/smashburger-1028-east-2100-south-ste-2/G-WEaf6FS8mDpYT_ITbt4A,midvale-utah
https://www.ubereats.com/salt-lake-city/food-delivery/dennys-401-w-7200-s/ULAEB1bsQOu69uI5zH8FWw,midvale-utah
https://www.ubereats.com/salt-lake-city/food-delivery/burger-king-10396-s-river-heights-dr/8ldNcSvvRZmoby22nY78zA,midvale-utah
https://www.ubereats.com/salt-lake-city/food-delivery/kfc-3890-south-state-street/9OeV-iU_Q5WFPpAw9ekLcQ,midvale-utah
https://www.ubereats.com/salt-lake-city/food-delivery/potbelly-sandwich-shop-sandy-%7C-440/qh9PkzDsRtup_3vaaFfuPw,midvale-utah
https://www.ubereats.com/salt-lake-city/food-delivery/ginza-japanese-shabu-shabu/6k-8eWedQrC2L-OjNR0pIA,midvale-utah
https://www.ubereats.com/salt-lake-city/food-delivery/sonic-herriman/gDjIrbMcSO-X-waCeUGL7w,midvale-utah
https://www.ubereats.com/salt-lake-city/food-delivery/amber-restaurant/t6iUJvMeT9KGawqRXu_r_w,midvale-utah
https://www.ubereats.com/salt-lake-city/food-delivery/ihop-1744/Zqe2vM2LTGCPi2NkXKL1JA,midvale-utah
https://www.ubereats.com/salt-lake-city/food-delivery/papa-murphys-4578-south-4000-west/pfUhy9HkRnCz5jqW9ras4w,midvale-utah
https://www.ubereats.com/salt-lake-city/food-delivery/krispy-kreme-48-w-10600-south/fVsQbI2FQ4SzIK060zeG2g,midvale-utah
https://www.ubereats.com/salt-lake-city/food-delivery/arbys-3215-w-3500-s/Mo4UzGvmShKsV7WvUxZl7A,midvale-utah
https://www.ubereats.com/salt-lake-city/food-delivery/mcdonalds-3963-w-9000-s/bEdlnqS5RLu08vuMdgZ7EQ,midvale-utah
https://www.ubereats.com/salt-lake-city/food-delivery/mcdonalds-1780-w-7800-s/rtvKXU5kRTexgWHE5dxsgw,midvale-utah
https://www.ubereats.com/salt-lake-city/food-delivery/buca-di-beppo-fort-union/xQM_MbVqQGWI92pjqj60-A,midvale-utah
https://www.ubereats.com/salt-lake-city/food-delivery/sm-sushirrito/2KPMe2ZLRGCXasFjlmWizQ,midvale-utah
https://www.ubereats.com/salt-lake-city/food-delivery/starbucks-plaza-5500-taylorsville/uN6cZ-ETR82G_Shu6hbpCA,midvale-utah
https://www.ubereats.com/salt-lake-city/food-delivery/el-pollo-loco-1110-s-300-w-3821/UbjQBIujShOeZUIxdz84Yg,midvale-utah
https://www.ubereats.com/salt-lake-city/food-delivery/bumblebees-kbbq-midvale/QFnNHCRlSY-aUsOeBwedJg,midvale-utah
https://www.ubereats.com/salt-lake-city/food-delivery/dairy-queen-treat-valley-fair-mall-3601-s-27/lxnD3wfuRr6PbnGsprAdiQ,midvale-utah
https://www.ubereats.com/salt-lake-city/food-delivery/waffle-love-northern-utah-food-truck-%232/1TuRw5CQSh-Odk74IUQAYQ,midvale-utah
https://www.ubereats.com/salt-lake-city/food-delivery/charleys-philly-steaks-south-towne-center/O2MudCCzTIC1tsRdPkJlSQ,midvale-utah
https://www.ubereats.com/salt-lake-city/food-delivery/barbacoa-mexican-grill-west-jordan/CRE6IvXOQLmVBWTcDsUMoA,midvale-utah
https://www.ubereats.com/salt-lake-city/food-delivery/menchies-frozen-yogurt-541-e-12300-s/s3DtyMThQJSL5iSzXzWZZg,midvale-utah
https://www.ubereats.com/salt-lake-city/food-delivery/gandolfos-deli-266-w-4500-s/VhD_lozcSziFMYMjQorW5g,midvale-utah
https://www.ubereats.com/salt-lake-city/food-delivery/rancheritos-mexican-food-taylorsville-ut/SxfxHcBXRramqEJjM347oQ,midvale-utah
https://www.ubereats.com/salt-lake-city/food-delivery/jamba-juice-7194-s-union-park-ave-%23200/5nsCIS1yR0m943inAeHKRA,midvale-utah
https://www.ubereats.com/salt-lake-city/food-delivery/aubergine-and-company-sugar-house/KyqfiEIKS629b2aMujOyCg,midvale-utah
https://www.ubereats.com/salt-lake-city/food-delivery/la-costa-restaurant-sandy/oli0NZHTQ9yBvZRqJEiYEA,midvale-utah
https://www.ubereats.com/salt-lake-city/food-delivery/waffle-love-draper/ynhn_ndvQ_Kyu7gxVymdHQ,midvale-utah
https://www.ubereats.com/salt-lake-city/food-delivery/rumbi-island-grill-ft-union/Ev4nB9gLSVmjzYZSC0pX3Q,midvale-utah
https://www.ubereats.com/salt-lake-city/food-delivery/flavors-of-india/3kKgw5GOSBGKy1EE9kdpLw,midvale-utah
https://www.ubereats.com/salt-lake-city/food-delivery/papa-johns-3060-west-3500-south/29QbUFJzRy-BYoDr4J4O7Q,midvale-utah
https://www.ubereats.com/salt-lake-city/food-delivery/subway-4926-west-6200-south/Fg1JPN4wSyiasAF1PvITDg,midvale-utah
https://www.ubereats.com/salt-lake-city/food-delivery/ombu-grill/b0yjv-C5RVqyxSVtLG4MWw,midvale-utah
https://www.ubereats.com/salt-lake-city/food-delivery/pizzeria-limone-south-jordan/GeJ2by02QzK2D-4LDL-I9g,midvale-utah
https://www.ubereats.com/salt-lake-city/food-delivery/del-taco-6876-redwood-rd/K3784E-hSJCCQpM7tE0YQA,midvale-utah
https://www.ubereats.com/salt-lake-city/food-delivery/panda-express-10450-s-state-st/-yj2odtpRFuysAKplLgTBA,midvale-utah
https://www.ubereats.com/salt-lake-city/food-delivery/wild-mushroom-pizza-%26-subs/m0xWtDq8SQqu6zl88beEEg,midvale-utah
https://www.ubereats.com/salt-lake-city/food-delivery/aubergine-%26-company-riverton/zIVturIbThqBwD90ef3UDQ,midvale-utah
https://www.ubereats.com/salt-lake-city/food-delivery/arbys-2284-e-3900-st-s/6dGbAECBRjesRlamivvRtA,midvale-utah
https://www.ubereats.com/salt-lake-city/food-delivery/subway-2424-e-fort-union-blvd/0IUZ9ghFRN-vSgwtAJ2JpA,midvale-utah
https://www.ubereats.com/salt-lake-city/food-delivery/jersey-mikes/j8NlJIgJRPqt4ULTAxYpMg,midvale-utah
https://www.ubereats.com/salt-lake-city/food-delivery/kfc-132-north-redwood-road/36TG1DvtTdKyYyIsY59gxA,midvale-utah
https://www.ubereats.com/salt-lake-city/food-delivery/roxberry-herriman-ut/fv3Lw1VtSGmgFQgow8sQSg,midvale-utah
https://www.ubereats.com/salt-lake-city/food-delivery/noodles-%26-company-1152-e-2100-s/2I_EWuExQtWFzsKXvdnoKg,midvale-utah
https://www.ubereats.com/salt-lake-city/food-delivery/starbucks-murray-holladay-rd-%26-highland/NnEHIrKfTqCEJIc5geCNnA,midvale-utah
https://www.ubereats.com/salt-lake-city/food-delivery/papa-johns-753-east-3300-south/xhL1HekCSMGKyvSWz4w6dQ,midvale-utah
https://www.ubereats.com/salt-lake-city/food-delivery/a%26w-674-e-12300-south/9ilJWJyPTWyaABPDB_bwsw,midvale-utah
https://www.ubereats.com/salt-lake-city/food-delivery/wendys-484-west-4500-south/hm58upBGR2iRBwP9dwCxtQ,midvale-utah
https://www.ubereats.com/salt-lake-city/food-delivery/five-guys-ut-0331-10431-state-st/XZwpyeN-Ts278ZaJQfRMPA,midvale-utah
https://www.ubereats.com/salt-lake-city/food-delivery/starbucks-5100-s-state/deN6HkfhQvKhtb3hE6ZHAA,midvale-utah
https://www.ubereats.com/salt-lake-city/food-delivery/jersey-mikes-7141-s-bingham-junction-blvd/W7ylscEAQ_KppcuFiHYDEQ,midvale-utah
https://www.ubereats.com/salt-lake-city/food-delivery/namaste-kitchen/PhQ7_kKnRfW8NSqUj7XvaA,midvale-utah
https://www.ubereats.com/salt-lake-city/food-delivery/mi-rico-burrito/gsQOVOmTTFuUo5V5QlZhNw,midvale-utah
https://www.ubereats.com/salt-lake-city/food-delivery/kfc-5668-west-13400-south/-_TRD9rdTDi-rpZtlr50EA,midvale-utah
https://www.ubereats.com/salt-lake-city/food-delivery/turmeric-indian-cuisine-draper-city/bIHOvGxIQwCRrMWlXbX9UA,midvale-utah
https://www.ubereats.com/salt-lake-city/food-delivery/cafe-zupas-3599-s-2700-w/Vyr_j-WATLa8i7MiKQjGjQ,midvale-utah
https://www.ubereats.com/salt-lake-city/food-delivery/los-cucos-mexican-cafe/pkympjHfS_a2OgXFWfhsFg,midvale-utah
https://www.ubereats.com/salt-lake-city/food-delivery/sbarro-10450-s-state-st/s0vWOxTUSly5DJj1fpfrKw,midvale-utah
https://www.ubereats.com/salt-lake-city/food-delivery/dennys-7051-s-1300-e/Vi82niZfT8aEHiH_LE62NA,midvale-utah
https://www.ubereats.com/salt-lake-city/food-delivery/papa-murphys-3932-south-2300-east/KMPVIl3gScuso5IcXlDXDA,midvale-utah
https://www.ubereats.com/salt-lake-city/food-delivery/dawgz-n-leenks/nn976hhFRzyXTvOF4sNKrA,midvale-utah
https://www.ubereats.com/salt-lake-city/food-delivery/a%26w-1680-west-9000-south/o6fJ2XzLRNKzxeAkaG4JSQ,midvale-utah
https://www.ubereats.com/salt-lake-city/food-delivery/sweeto-burrito-draper/eYxlF_sXS8azUfvVhY3wMA,midvale-utah
https://www.ubereats.com/salt-lake-city/food-delivery/hires-big-h-w-4700-s/YO-JueI1Qkmh4S8viCkTdA,midvale-utah
https://www.ubereats.com/salt-lake-city/food-delivery/subway-7695-south-700-east/Yr_EcYX4RaSZ3XzGwmcrsQ,midvale-utah
https://www.ubereats.com/salt-lake-city/food-delivery/kfc-4761-south-4015-west/HxK9qiBfSSmex7-wlLgWUg,midvale-utah
https://www.ubereats.com/salt-lake-city/food-delivery/panda-express-4645-south-4000-west-space-a1/2v7uPx2hS3-NIRW13MY0lg,midvale-utah
https://www.ubereats.com/salt-lake-city/food-delivery/joes-crab-shack-65-e-9400-s/QeL_LstGRySy0XS_a-IoXA,midvale-utah
https://www.ubereats.com/salt-lake-city/food-delivery/pho-hong-chau/GBIaJr8rSRqGH0h9y2J-mQ,midvale-utah
https://www.ubereats.com/salt-lake-city/food-delivery/smile-cafe/p6SxmiagSWKBw36kfGiC9w,midvale-utah
https://www.ubereats.com/salt-lake-city/food-delivery/arbys-5414-west-daybreak-parkway/cG7zOo7OTcuBTOOiS4qLUw,midvale-utah
https://www.ubereats.com/salt-lake-city/food-delivery/menchies-frozen-yogurt-1665-w-towne-center-dr/vSQpZxZqQaOsOELPnOs0eg,midvale-utah
https://www.ubereats.com/salt-lake-city/food-delivery/great-harvest-bread/Fcpxo3KRRRmlTMPa6CJvFw,midvale-utah
https://www.ubereats.com/salt-lake-city/food-delivery/wendys-7035-south-900-east/ocOTIaJOTXyyqf-O7X8JbA,midvale-utah
https://www.ubereats.com/salt-lake-city/food-delivery/fried-rice-express-gourmet/0tf12WLoRNqNKo-fmjefdg,midvale-utah
https://www.ubereats.com/salt-lake-city/food-delivery/popeyes-7149-s-bingham-junction-blvd/FVPkHZ1PSASjPdKv9yOrXg,midvale-utah
https://www.ubereats.com/salt-lake-city/food-delivery/jamba-juice-31-w-10600-south-%2377/pck4bdxaS0qthi7eCckIZQ,midvale-utah
https://www.ubereats.com/salt-lake-city/food-delivery/outback-steakhouse-7770-s-1300-east/Fja6W7k9SXCvalksp6VTZg,midvale-utah
https://www.ubereats.com/salt-lake-city/food-delivery/tushar-brazillian-express/bnr1H2uQQ9KbyiAj29--Qw,midvale-utah
https://www.ubereats.com/salt-lake-city/food-delivery/arbys-129-w-9000-s/Gws3vfoARya-TFx4VJIWyw,midvale-utah
https://www.ubereats.com/salt-lake-city/food-delivery/crave-cookies/GvWC8qa9Tk2P-meDFNntdQ,midvale-utah
https://www.ubereats.com/salt-lake-city/food-delivery/donut-boy/Sywu1S1DRbmfUOq6KtkH4Q,midvale-utah
https://www.ubereats.com/salt-lake-city/food-delivery/ichi-japan-express/2BemqKODQSWNyLprlQRX_g,midvale-utah
https://www.ubereats.com/salt-lake-city/food-delivery/ihop-1742/uuBRZOphR2ip-ieqWNSDig,midvale-utah
https://www.ubereats.com/salt-lake-city/food-delivery/papa-murphys-1933-e-fort-union-blvd/ed4uT9jgT6OOkZfNXn9q2Q,midvale-utah
https://www.ubereats.com/salt-lake-city/food-delivery/del-taco-1731-w-bowling-ave/z8PhZBI4SK6SuiU-SrBLMg,midvale-utah
https://www.ubereats.com/salt-lake-city/food-delivery/tacos-mexicanos-el-buen-pastor/ixxFNcw1RCKVj_-UDsvt9w,midvale-utah
https://www.ubereats.com/salt-lake-city/food-delivery/pretzelmaker/TBC8hhcHT4KzAkg38mNRkg,midvale-utah
https://www.ubereats.com/salt-lake-city/food-delivery/capriottis-6002-south-state-st-murray/S3pPCImARJ-wvFGW_ke2ZQ,midvale-utah
https://www.ubereats.com/salt-lake-city/food-delivery/san-diablo-artisan-churros/UKuq2ES1TNm-Fp_-hCtPmw,midvale-utah
https://www.ubereats.com/salt-lake-city/food-delivery/subway-37-w-9000-s/buEjXRCPTKmS-pmMY7gtYQ,midvale-utah
https://www.ubereats.com/salt-lake-city/food-delivery/taco-bell-1962-fort-union-blvd/uGLkI_9vQAaeYnHYGURv_A,midvale-utah
https://www.ubereats.com/salt-lake-city/food-delivery/starbucks-47th-and-bangerter/BqDG5PosQr2A6nORiiqMdg,midvale-utah
https://www.ubereats.com/salt-lake-city/food-delivery/fiiz-drinks-sandy/kSTMvo8IQYyiasJFSkMeng,midvale-utah
https://www.ubereats.com/salt-lake-city/food-delivery/sonic-cougar-lane/OpFQmmMfRG-6YME9dnH0nA,midvale-utah
https://www.ubereats.com/salt-lake-city/food-delivery/the-kathmandu-2100/uiJHlGmvSOunPJqrglpU2w,midvale-utah
https://www.ubereats.com/salt-lake-city/food-delivery/subway-7250-s-union-park-ave/ppKJFFnKR1u8T270GUr7ow,midvale-utah
https://www.ubereats.com/salt-lake-city/food-delivery/panda-express-64-east-12300-south-st/iWnvOC2gQnmdrebKOZcJgQ,midvale-utah
https://www.ubereats.com/salt-lake-city/food-delivery/dennys-11511-4000-w/ncuu7iaiQe25I22dw5VNdA,midvale-utah
https://www.ubereats.com/salt-lake-city/food-delivery/kfc-2045-south-1300-east/EJBs8zlCSkSublVN777nSw,midvale-utah
https://www.ubereats.com/salt-lake-city/food-delivery/su-casa-mexican-restaurant/x48U_gbMSeislBSIokiUXQ,midvale-utah
https://www.ubereats.com/salt-lake-city/food-delivery/taco-bell-9308-south-700-east/J_WgIyUYQCW0pe4nXdld_A,midvale-utah
https://www.ubereats.com/salt-lake-city/food-delivery/rawtopia-living-cuisine-and-beyond/MiEALmF8TK6bUTkCYPJuPQ,midvale-utah
https://www.ubereats.com/salt-lake-city/food-delivery/catrachos-restaurant/WwtRZN9JTIeRerUsHhhtug,midvale-utah
https://www.ubereats.com/salt-lake-city/food-delivery/starbucks-union-park-ave-%26-1300-east/YJQEfyMqSPaFFn8UBKa6Mg,midvale-utah
https://www.ubereats.com/salt-lake-city/food-delivery/cafe-guanaco/y0NVEZryT4KkPaGYspRezg,midvale-utah
https://www.ubereats.com/salt-lake-city/food-delivery/mano-thai-diner/Cj1v0kFPQAiBFpQ2spUa_Q,midvale-utah
https://www.ubereats.com/salt-lake-city/food-delivery/barbacoa-mexican-grill-south-jordan/FTedPw7wRSiyPdjftNP5_w,midvale-utah
https://www.ubereats.com/salt-lake-city/food-delivery/arbys-6095-south-5600-west/dY--A87WSbmbucCMQaiC4Q,midvale-utah
https://www.ubereats.com/salt-lake-city/food-delivery/pho-9/zKKvpGANSKa9N7mxA7Y2Kg,midvale-utah
https://www.ubereats.com/salt-lake-city/food-delivery/el-pollo-loco-3692-w-7800-s3799/EXde73_BRbewlbSRGHFIZg,midvale-utah
https://www.ubereats.com/salt-lake-city/food-delivery/pei-wei-10373-s-state-st/c9mkEwhnQq-5EIX7KtU8lA,midvale-utah
https://www.ubereats.com/salt-lake-city/food-delivery/cafe-zupas-5157-state-st/u74PQJvwT9ynw6P6KpDrQA,midvale-utah
https://www.ubereats.com/salt-lake-city/food-delivery/mcdonalds-9400-s-%26-2000-e/4h12y4fCR8O5p58qwdWiHQ,midvale-utah
https://www.ubereats.com/salt-lake-city/food-delivery/rileys/Doy18-LPReSaST3FQC6PmA,midvale-utah
https://www.ubereats.com/salt-lake-city/food-delivery/hot-dog-on-a-stick-3601-s-2700-w/Rt3pXJ_GS56xi9GC3hbuKw,midvale-utah
https://www.ubereats.com/salt-lake-city/food-delivery/mod-pizza-riverton/fIk7OA4pQnC2M7bt5SfS0A,midvale-utah
https://www.ubereats.com/salt-lake-city/food-delivery/burger-king-6997-s-river-gate-dr/mJAaYPKcR1Sq9cWW6sNVyg,midvale-utah
https://www.ubereats.com/salt-lake-city/food-delivery/noodles-%26-company-10340-s-state-st/1TojBFVKS46kLfKnTRMwjw,midvale-utah
https://www.ubereats.com/salt-lake-city/food-delivery/kneaders-bakery-%26-cafe-jordan-landing/sn0J2BCPT9G7pOZd-8XLdw,midvale-utah
https://www.ubereats.com/salt-lake-city/food-delivery/papa-murphys-9415-s-700-e/tF3NCJdQS5WA7tBSTYPFdw,midvale-utah
https://www.ubereats.com/salt-lake-city/food-delivery/megaplex-theaters-district/Ci2FHpsiT-idTldQSj3qKQ,midvale-utah
https://www.ubereats.com/salt-lake-city/food-delivery/chipotle-mexican-grill-5141-s-state-st/btXwhMfnSbajzWCmrWK8hA,midvale-utah
https://www.ubereats.com/salt-lake-city/food-delivery/wendys-2025-east-9400-south/uInyM4b1SyKJU71n4djqIA,midvale-utah
https://www.ubereats.com/salt-lake-city/food-delivery/arbys-3535-s-5600-w/oPK6kzeTQ6K5bHQi4Qxmog,midvale-utah
https://www.ubereats.com/salt-lake-city/food-delivery/cafe-zupas-75-e-12300-s/EsOnsxQ_Q3GHDMLgWfWFhA,midvale-utah
https://www.ubereats.com/salt-lake-city/food-delivery/moms-kitchen/ETUGbDPlQyOOz1huTswuzg,midvale-utah
https://www.ubereats.com/salt-lake-city/food-delivery/greek-souvlaki-murray/molrulZ8SeqYPeAPBqmEQA,midvale-utah
https://www.ubereats.com/salt-lake-city/food-delivery/dog-haus-sandy/hBXfp0k_RteHo4lr0iE2xQ,midvale-utah
https://www.ubereats.com/salt-lake-city/food-delivery/barbacoa-mexican-grill-fort-union-blvd/XafkLh4STm-t8OuOlfU9bw,midvale-utah
https://www.ubereats.com/salt-lake-city/food-delivery/spitz/FT5X_95ARw-mHWjcJirXQA,midvale-utah
https://www.ubereats.com/salt-lake-city/food-delivery/snacks-%26-more/_-19STjwRRe9yN5KmJzZ0g,midvale-utah
https://www.ubereats.com/salt-lake-city/food-delivery/papa-johns-6594-s-state-street/axswOJx-RO-aIIWZ_EabLw,midvale-utah
https://www.ubereats.com/salt-lake-city/food-delivery/subway4161-s-redwood-rd/6GBFpGKxTBO9ZtbyN3oymQ,midvale-utah
https://www.ubereats.com/salt-lake-city/food-delivery/hunangarden/qvhOXIJiS5yFC_-niVdK-g,midvale-utah
https://www.ubereats.com/salt-lake-city/food-delivery/cosmic-coffee-%26-daylight-donuts-10497-s-redwood/keoAPvY9QwyVsoewVn4Geg,midvale-utah
https://www.ubereats.com/salt-lake-city/food-delivery/el-pollo-loco-10590-s-state-street3826/ZGwQ_9wkR8uRjGRrhJdVBw,midvale-utah
https://www.ubereats.com/salt-lake-city/food-delivery/wendys-6135-s-highland-drive/K5p1dQrKQ4K0E2LJ_VLIww,midvale-utah
https://www.ubereats.com/salt-lake-city/food-delivery/samurai-noodle-1148-state-st/d5Eh4MSSQrKmYOr-ba2b7Q,midvale-utah
https://www.ubereats.com/salt-lake-city/food-delivery/iceberg-drive-inn-sandy/G75U1oRFRvyetDGVQaa2rw,midvale-utah
https://www.ubereats.com/salt-lake-city/food-delivery/taco-bell-5534-west-6200-south/WYT5cIeOSyeXu9wGW6XOUA,midvale-utah
https://www.ubereats.com/salt-lake-city/food-delivery/sift-dessert-boutique/ews6CE30ToirZSLQMdEDXA,midvale-utah
https://www.ubereats.com/salt-lake-city/food-delivery/the-fix/Jd2sb15xRwS0qR7MCtN1EA,midvale-utah
https://www.ubereats.com/salt-lake-city/food-delivery/wild-ginger/h4ye60wRTpW1D2Q1-hxHVQ,midvale-utah
https://www.ubereats.com/salt-lake-city/food-delivery/fried-rice-express-south-jordan/Hk19KKOwTEq12x4G3iCuAA,midvale-utah
https://www.ubereats.com/salt-lake-city/food-delivery/carmines-italian-cuisine/HVa79KxaRFiVLp_OmIRD8A,midvale-utah
https://www.ubereats.com/salt-lake-city/food-delivery/mcdonalds-1265-w-9000-s/h9LSkjcmR-ye5A3MVg5s4Q,midvale-utah
https://www.ubereats.com/salt-lake-city/food-delivery/wann-jale/vtp8NPheRk2MmWkPn3aOYQ,midvale-utah
https://www.ubereats.com/salt-lake-city/food-delivery/thaikitchen/H9N4ww67SmSnuc_662YGVw,midvale-utah
https://www.ubereats.com/salt-lake-city/food-delivery/papa-murphys-2688-west-9000-south/jZMwPzmmRnem2NRy6vsK_A,midvale-utah
https://www.ubereats.com/salt-lake-city/food-delivery/jcws-south-jordan/GXChrFApR8mIsXsMee82zw,midvale-utah
https://www.ubereats.com/salt-lake-city/food-delivery/tonkotsu-ramen-bar/6vWdeadxS0SR_KyQ7n9NIw,midvale-utah
https://www.ubereats.com/salt-lake-city/food-delivery/subway-8751-s-highland-dr/aJKhmYlLR_KVeuwEJWJSFA,midvale-utah
https://www.ubereats.com/salt-lake-city/food-delivery/tandoor-indian-grill/40AtI_3XQ06HXXvmrpwa1w,midvale-utah
https://www.ubereats.com/salt-lake-city/food-delivery/sake-restaurant/8ts1WQ0wQH2Ffjb-wWSgGg,midvale-utah
https://www.ubereats.com/salt-lake-city/food-delivery/buffalo-wild-wings-985-e-fort-union-blvd/uOtuWwjmR86j7dauzQ0TUw,midvale-utah
https://www.ubereats.com/salt-lake-city/food-delivery/blaze-pizza-1855-w-5400-s/MBl5oJGUTxK_L3SYKJo0NA,midvale-utah
https://www.ubereats.com/salt-lake-city/food-delivery/wienerschnitzel-7063-south-900-east/WAKCS2aTTQmrC4HyW6gPpg,midvale-utah
https://www.ubereats.com/salt-lake-city/food-delivery/wing-nutz-draper/eDctnzR7QZiGziF-WYj1-A,midvale-utah
https://www.ubereats.com/salt-lake-city/food-delivery/red-robin-410-316-e-winchester-blvd/ibfhqct0Qficqyyv5cyEBw,midvale-utah
https://www.ubereats.com/salt-lake-city/food-delivery/kneaders-bakery-%26-cafe-ft-union/wEZWzRlCSXqfuf_Azdt2QQ,midvale-utah
https://www.ubereats.com/salt-lake-city/food-delivery/subzero-9860-s-700-e-ste-16/7Z0T3FmWRoOeIDS6tkfeYg,midvale-utah
https://www.ubereats.com/salt-lake-city/food-delivery/jamba-juice-11507-s-pkwy-plaza-dr-ste-200/Qe5qg552QvWToX5WRdTErw,midvale-utah
https://www.ubereats.com/salt-lake-city/food-delivery/cafe-zupas-9242-s-village-shop-dr/MMUowABuQQa7IFq21tks3Q,midvale-utah
https://www.ubereats.com/salt-lake-city/food-delivery/el-farol-mexican-restaurant/KBKBbW8UTQeV3ohCRUAWIw,midvale-utah
https://www.ubereats.com/salt-lake-city/food-delivery/red-robin-411-11615-south-district-main-drive/TgOBF0RgT1uuU2_Q-OPUag,midvale-utah
https://www.ubereats.com/salt-lake-city/food-delivery/mcdonalds-state-st-%26-auto-mall-dr/W3FaEpUzSjizpvnAakI4FQ,midvale-utah
https://www.ubereats.com/salt-lake-city/food-delivery/mcdonalds-303-e-12300-s/S-bSVUdNRM61oTN58q5nyA,midvale-utah
https://www.ubereats.com/salt-lake-city/food-delivery/papa-johns-4703-w-5415-south/QApN0d-0QO2ZgYYUSPXuLQ,midvale-utah
https://www.ubereats.com/salt-lake-city/food-delivery/larry-h-miller-luxury-theatre-cottonwood/1lTrmRkfTjqCnYMWfz7diA,midvale-utah
https://www.ubereats.com/salt-lake-city/food-delivery/black-bear-diner-7238-s-plaza-center-drive-bldg-e/9VgcbPCqSh-nANtLzkFigg,midvale-utah
https://www.ubereats.com/salt-lake-city/food-delivery/red-maple-chinese-restaurant/t23UKTUDSlKhYxOkaYG8iQ,midvale-utah
https://www.ubereats.com/salt-lake-city/food-delivery/the-west-side-tavern/toMBhGlIQimwTMIwJgtelg,midvale-utah
https://www.ubereats.com/salt-lake-city/food-delivery/applebees-3736-w-7800-south/44Q2LsDiR722JsT2tNjtRg,midvale-utah
https://www.ubereats.com/salt-lake-city/food-delivery/arbys-4673-s-900-e/eNiFFXR7RuuYMgf-9dNGXg,midvale-utah
https://www.ubereats.com/salt-lake-city/food-delivery/curry-pizza/QuSAuDa5SI6xaA1nkJHdIg,midvale-utah
https://www.ubereats.com/salt-lake-city/food-delivery/kfc-2450-south-redwood-road/OfAhkeqZShmDea4RUl531g,midvale-utah
https://www.ubereats.com/salt-lake-city/food-delivery/burger-king-%233428-5682-south-redwood-road/A8K2fP83RGys6HWcAe4cww,midvale-utah
https://www.ubereats.com/salt-lake-city/food-delivery/stun-cube/fmEey4DwTaCsCBxu_EnMXw,midvale-utah
https://www.ubereats.com/salt-lake-city/food-delivery/tonyburgers-towne-center-%26-redwood/XXq4-GTBSkqnyKiFz1STCg,midvale-utah
https://www.ubereats.com/salt-lake-city/food-delivery/wendys-10665-auto-mall-dr/o2H05eskRserxwVCNrAbOw,midvale-utah
https://www.ubereats.com/salt-lake-city/food-delivery/bad-mutha-clucka-sandy/AHwx947rSwqBmLORAVxXjw,midvale-utah
https://www.ubereats.com/salt-lake-city/food-delivery/wing-nutz-taylorsville/g4LjGuEzRoSa9amWmvJpMA,midvale-utah
https://www.ubereats.com/salt-lake-city/food-delivery/midici-the-neapolitan-pizza-company-sandy/_xoaS9UISFqLFNn2lm1jQw,midvale-utah
https://www.ubereats.com/salt-lake-city/food-delivery/el-dorado-seafood/w-K0Fdt2Sxyapqk7KZRGog,midvale-utah
https://www.ubereats.com/salt-lake-city/food-delivery/greek-souvlaki-south-jordan/iOzDqzwETySisnbxhSRwQA,midvale-utah
https://www.ubereats.com/salt-lake-city/food-delivery/battle-grounds-sandy/a5Eb4fjpTV-vg-ITiRcqNw,midvale-utah
https://www.ubereats.com/salt-lake-city/food-delivery/firehouse-subs-state-street/SXTesc1aS6GmTtfOnRhTtQ,midvale-utah
https://www.ubereats.com/salt-lake-city/food-delivery/mcdonalds-9400-s-%26-700-e/R9Wn4AI6T6yE1IgxRk7pZg,midvale-utah
https://www.ubereats.com/salt-lake-city/food-delivery/per-noi-trattoria/9yYl6PjLQPqpWVf96uc5Tg,midvale-utah
https://www.ubereats.com/salt-lake-city/food-delivery/mcdonalds-valley-st-%26-3300-s/R7VWu3jJR-6DkvClgXgsAg,midvale-utah
https://www.ubereats.com/salt-lake-city/food-delivery/gr-kitchen/tKTtM26wQpeXfDOq3gxGjQ,midvale-utah
https://www.ubereats.com/salt-lake-city/food-delivery/monsieur-crepes/1YuxsEysQP6iDFRFGL0pXA,midvale-utah
https://www.ubereats.com/salt-lake-city/food-delivery/crown-burgers-restaurant-3270-state-st/KqY5ESkzS5K-lTALMwynoQ,midvale-utah
https://www.ubereats.com/salt-lake-city/food-delivery/buffalo-wild-wings-11266-s-state-st/1Ye_ObslQK2RBn8Pp_-7VQ,midvale-utah
https://www.ubereats.com/salt-lake-city/food-delivery/hot-oven-pizza/AVGVOPs4S9uQQ3z0eU304w,midvale-utah
https://www.ubereats.com/salt-lake-city/food-delivery/ume-house-%E5%93%81%E9%A6%99%E9%98%81/CAZ_qN1YTTaU43VLM7fs8Q,midvale-utah
https://www.ubereats.com/salt-lake-city/food-delivery/guras-spice-house/G8pUMjm7RK2xYiBRqvOJTQ,midvale-utah
https://www.ubereats.com/salt-lake-city/food-delivery/jamba-juice-7689-s-jordan-landing-blvd/aJShGpDRTrGRroLz9893tA,midvale-utah
https://www.ubereats.com/salt-lake-city/food-delivery/mint-tapas-and-sushi/VSVWvu12QImR36xb2Pficg,midvale-utah
https://www.ubereats.com/salt-lake-city/food-delivery/the-sweet-tooth-fairy-fort-union-%26-union-park/EnsNkkBIRO-Pp6yYhHTIeA,midvale-utah
https://www.ubereats.com/salt-lake-city/food-delivery/wow-bao-20-west-9000/r5caACv9SjKgnXaNHcC8-Q,midvale-utah
https://www.ubereats.com/salt-lake-city/food-delivery/el-chihuahua/l7cK0tz_SSuZBLxYHpS3FA,midvale-utah
https://www.ubereats.com/salt-lake-city/food-delivery/ivie-juice-bar/So1SMSkwQyWE4a6PWuUkDw,midvale-utah
https://www.ubereats.com/salt-lake-city/food-delivery/sonic-midvale/06x1Dh6GRxugEkrvkir0ZQ,midvale-utah
https://www.ubereats.com/salt-lake-city/food-delivery/starbucks-12300-south-%26-1300-east-draper/wi82WjeaTfi8_-hPXvcKxA,midvale-utah
https://www.ubereats.com/salt-lake-city/food-delivery/arbys-1257-draper-pkwy/gKjt7hWFTVScse9CtFH6pQ,midvale-utah
https://www.ubereats.com/salt-lake-city/food-delivery/3-cups/8MmINjl2S32mtwXVXHHIuQ,midvale-utah
https://www.ubereats.com/salt-lake-city/food-delivery/my-pie-holladay/AtlbgoB9SeyuWIyg-eqPtg,midvale-utah
https://www.ubereats.com/salt-lake-city/food-delivery/papa-johns-767-e-12300-s/MIeQ_3C2QpSKJWYkCXL3sQ,midvale-utah
https://www.ubereats.com/salt-lake-city/food-delivery/sweet-lake-biscuits-%26-limeade/zfOYcgfGQeKl5f4f471WaQ,midvale-utah
https://www.ubereats.com/salt-lake-city/food-delivery/greek-kabob/Xf18B8w-RA6BEThUy0P8kw,midvale-utah
https://www.ubereats.com/salt-lake-city/food-delivery/pizzeria-limone-sandy/ronSEb-iTSa-j61gds1mtA,midvale-utah
https://www.ubereats.com/salt-lake-city/food-delivery/waffle-love-midvale/q9hrX7zdQBSz2aD9yu5pIA,midvale-utah
https://www.ubereats.com/salt-lake-city/food-delivery/richs-burgers-n-grub/9irWCm9mQweFua_bV0MwtQ,midvale-utah
https://www.ubereats.com/salt-lake-city/food-delivery/wendys-3988-west-5400-south/xMHBu7MrRRK3H815OkCdpA,midvale-utah
https://www.ubereats.com/salt-lake-city/food-delivery/arbys-3430-s-state-st/pCY1YaVqQguyE94mJ7eA9g,midvale-utah
https://www.ubereats.com/salt-lake-city/food-delivery/subway-7759-south-4800-west/FvOdvvCfQxiwdM9iGgiNng,midvale-utah
https://www.ubereats.com/salt-lake-city/food-delivery/omo-korean-barbecue/Dcc4-7SPRg6AIS8pCwEW_A,midvale-utah
https://www.ubereats.com/salt-lake-city/food-delivery/spitz-sugarhouse/usUQV0YxTYypCITlhv40nQ,midvale-utah
https://www.ubereats.com/salt-lake-city/food-delivery/panda-express-6191-s-state-st/fZNh_dZ0QtGiNk1YBi5c_Q,midvale-utah
https://www.ubereats.com/salt-lake-city/food-delivery/south-city-tacos/xnuCjZxaQBazEcZNMg94CA,midvale-utah
https://www.ubereats.com/salt-lake-city/food-delivery/burger-king-10235-south-state-street-%2310339/fDaOtXGFSXqrHZimP4k9rw,midvale-utah
https://www.ubereats.com/salt-lake-city/food-delivery/roxberry-juice-co-south-jordan/T7T5z6uGQbe-UTaKOVq4xA,midvale-utah
https://www.ubereats.com/salt-lake-city/food-delivery/starbucks-slc-90th-and-state/CDrA2MxkSgKvrP7qo6qYBA,midvale-utah
https://www.ubereats.com/salt-lake-city/food-delivery/jcws-herriman/_gfK2I9NRfmado2tUy-pOg,midvale-utah
https://www.ubereats.com/salt-lake-city/food-delivery/a%26w-restaurant-3743-jordan-landing-blvd/dQWdBcNQS9qwsSmd_Z5YYw,midvale-utah
https://www.ubereats.com/salt-lake-city/food-delivery/j%26j-chinese-kitchen/VACUXvEURS-a240NNQ_XNw,midvale-utah
https://www.ubereats.com/salt-lake-city/food-delivery/subway-9191-south-village-dr/gJPoSKazS7CYosyk7X_f4g,midvale-utah
https://www.ubereats.com/salt-lake-city/food-delivery/ricarepa-xpress-llc/Em2QHaQUTESyzFOXUANzCg,midvale-utah
https://www.ubereats.com/salt-lake-city/food-delivery/roxberry-juice-co/_FBNcEC9Qxis4Xu4nhx-Ng,midvale-utah
https://www.ubereats.com/salt-lake-city/food-delivery/famous-daves-7273-south-plaza-center-drive/O_KURCd9S9uLE9wjmZ8IRg,midvale-utah
https://www.ubereats.com/salt-lake-city/food-delivery/papa-murphys-7759-south-4800-west/eyIs0q3UQP-V7QvTKlQNxw,midvale-utah
https://www.ubereats.com/salt-lake-city/food-delivery/pho-little-saigon/Dqb9untsQDydM3zFW2DrYg,midvale-utah
https://www.ubereats.com/salt-lake-city/food-delivery/pizza-pie-cafe-west-jordan/OqrrQEv1Qxq-v8Mol7jE1g,midvale-utah
https://www.ubereats.com/salt-lake-city/food-delivery/cafe-zupas-7632-s-campus-view-dr/FafX0BqnTaeHTl0L62h3fw,midvale-utah
https://www.ubereats.com/salt-lake-city/food-delivery/mcdonalds-4500-s-%26-300-w/FH58uQpxTw6TAANoOi2atA,midvale-utah
https://www.ubereats.com/salt-lake-city/food-delivery/papa-murphys-3525-west-3500-south/JD8Pnl25SIKIy8Ffgskzew,midvale-utah
https://www.ubereats.com/salt-lake-city/food-delivery/oh-mai-sandy/mnFNKcnESGOOZyc1Q0BB0Q,midvale-utah
https://www.ubereats.com/salt-lake-city/food-delivery/water-%26-wellness/L8366YQGQ76mv4s2KxHAMw,midvale-utah
https://www.ubereats.com/salt-lake-city/food-delivery/roxberry-juice-co-fort-union/AmGtXnXtRqexp-tCACbEZQ,midvale-utah
https://www.ubereats.com/salt-lake-city/food-delivery/sizzler-w-9000-south/pU2V-kKtTIGSl5T9VtMC2A,midvale-utah
https://www.ubereats.com/salt-lake-city/food-delivery/bhutan-house-restaurant/m3cmJlclTMKev1QpIF-A1A,midvale-utah
https://www.ubereats.com/salt-lake-city/food-delivery/wing-squad-fort-union/BUqk_uxNRaCCuk2QZ11q1Q,midvale-utah
https://www.ubereats.com/salt-lake-city/food-delivery/big-daddys-pizza-700-e-midvale-ut/RJ0vfAPdSnmmjZmNslVCSg,midvale-utah
https://www.ubereats.com/salt-lake-city/food-delivery/wendys-6828-so-redwood-road/MW33d5FzSQaRBPJyowxb-A,midvale-utah
https://www.ubereats.com/salt-lake-city/food-delivery/supreme-flavor/tgnB6DApST2JMGbz19hgxw,midvale-utah
https://www.ubereats.com/salt-lake-city/food-delivery/chick-fil-a-6191-s-state-st-ste-348/S0P1K_t7QIKb7R1JCnPQag,midvale-utah
https://www.ubereats.com/salt-lake-city/food-delivery/hook-%26-reel-west-valley-city/iehCzYtcSF6ybb7NSUgisA,midvale-utah
https://www.ubereats.com/salt-lake-city/food-delivery/red-lobster-2294-s-1300-e/pbIboZ63QMaEQpWvj_aTzw,midvale-utah
https://www.ubereats.com/salt-lake-city/food-delivery/mod-pizza-south-jordan/i8MN4isJQMqaakb-u-Drgg,midvale-utah
https://www.ubereats.com/salt-lake-city/food-delivery/mcdonalds-5900-s-%26-state-st/3VH_jLGYQmGDBSZ0zJPjfw,midvale-utah
https://www.ubereats.com/salt-lake-city/food-delivery/chuck-a-rama-buffet-murray/wHap07K6RKCRe4q42MGq-A,midvale-utah
https://www.ubereats.com/salt-lake-city/food-delivery/simply-sushi-s-redwood/gSXPYzGpSuyb0dEXF8621g,midvale-utah
https://www.ubereats.com/salt-lake-city/food-delivery/burger-king-3470-south-redwood-road/PwNalWh8RhWJgrI-TvPoBA,midvale-utah
https://www.ubereats.com/salt-lake-city/food-delivery/brews-on-7th/iFucdDE8SW6oQEt9ERTGkg,midvale-utah
https://www.ubereats.com/salt-lake-city/food-delivery/shiro-kuma-snow-cream/9T_XufqMRwCYfRfXeVf1zQ,midvale-utah
https://www.ubereats.com/salt-lake-city/food-delivery/noodles-%26-company-5207-s-state-st/57W6O-TmSwS39DqkDspb2w,midvale-utah
https://www.ubereats.com/salt-lake-city/food-delivery/sizzler-s-redwood-rd/DtkRd8WCTCOLc56ufzzVSQ,midvale-utah
