url,city
https://www.ubereats.com/nyc-suburbs/food-delivery/house-of-mediterranean-eats-coram/Qpl0UkrzRmubkpix7_28hQ,miller-place-new-york
https://www.ubereats.com/nyc-suburbs/food-delivery/mcdonalds-313-middle-country-rd/r9rl2DCnQCyM0IVuqvmSXA,miller-place-new-york
https://www.ubereats.com/nyc-suburbs/food-delivery/friendlys-700-80-rte-101/4IlxFoAlTbefzgCTQLVfZA,miller-place-new-york
https://www.ubereats.com/nyc-suburbs/food-delivery/miguels-mexican-grill-miller-place/pYEePMADTXaYygOkholsXg,miller-place-new-york
https://www.ubereats.com/nyc-suburbs/food-delivery/wendys-259-middle-country-road/r91qleysRQ-w-RKNwHx9uA,miller-place-new-york
https://www.ubereats.com/nyc-suburbs/food-delivery/dunkin-1780-middle-country-rd/pOJYJCqwR7298FCZXu07KA,miller-place-new-york
https://www.ubereats.com/nyc-suburbs/food-delivery/dunkin-350-middle-country-rd/fw5LRzqTRiSAM5wMDf85yw,miller-place-new-york
https://www.ubereats.com/nyc-suburbs/food-delivery/cabo-fresh-centereach/ZM3_xWtHSY6peGilN7UCeg,miller-place-new-york
https://www.ubereats.com/nyc-suburbs/food-delivery/%E5%B0%8F%E5%9B%9B%E5%B7%9D-xiao-si-chuan/DjgtDWJuSTGaIPl7rnrwZw,miller-place-new-york
https://www.ubereats.com/nyc-suburbs/food-delivery/mcnulty-ice-cream-parlor/9byL8JNhTjKlRgwGBrK3nw,miller-place-new-york
https://www.ubereats.com/nyc-suburbs/food-delivery/hummus/vgmtqeDNQl62nmzTZaeZlQ,miller-place-new-york
https://www.ubereats.com/nyc-suburbs/food-delivery/4-u-convenience-deli/sDblTRd2ScenoBEqVyeBaQ,miller-place-new-york
https://www.ubereats.com/nyc-suburbs/food-delivery/crazy-bowls-acai-bowls-%26-more/wsuJ31fwQgCS79NuPHg_7A,miller-place-new-york
https://www.ubereats.com/nyc-suburbs/food-delivery/recipe-seven-cocktails-and-kitchen/oy1S98YaTri_u2f3QkaPaA,miller-place-new-york
https://www.ubereats.com/nyc-suburbs/food-delivery/jersey-mikes-280a-middle-country-rd/khjMI_WGRaqSW_JIP5mKQg,miller-place-new-york
https://www.ubereats.com/nyc-suburbs/food-delivery/caribbean-spot-coram/StY2urDRQjW0jpHpZkdU5g,miller-place-new-york
https://www.ubereats.com/nyc-suburbs/food-delivery/checkers-258-portion-rd/A80LQ9RgRbGqbLQJ8kIiqQ,miller-place-new-york
https://www.ubereats.com/nyc-suburbs/food-delivery/se-port-deli/MkJNQzGWStyoUQeLkPyESw,miller-place-new-york
https://www.ubereats.com/nyc-suburbs/food-delivery/bella-maria-restaurant-%26-pizzeria/S_Ye-yjdTR-Jdwl_kCsdcQ,miller-place-new-york
https://www.ubereats.com/nyc-suburbs/food-delivery/waffle-shack/KcEUNFcXTLSOiDaM7WACyA,miller-place-new-york
https://www.ubereats.com/nyc-suburbs/food-delivery/subway-346-route-25a/OOF_lmXqQEa4saux5hGrbQ,miller-place-new-york
https://www.ubereats.com/nyc-suburbs/food-delivery/setauket-pastaria/lYQfFb9qT96IkCpuc0Plow,miller-place-new-york
https://www.ubereats.com/nyc-suburbs/food-delivery/ny-gyro-%26-grill/eKst02TdSCGzLwBdXzRTDQ,miller-place-new-york
https://www.ubereats.com/nyc-suburbs/food-delivery/weirs-corner-deli/IsH4v_OYRWOQ3u6gCg_MBQ,miller-place-new-york
https://www.ubereats.com/nyc-suburbs/food-delivery/zaiqa-halal-food/rK3dyVkxQDOd6UbuScUbfA,miller-place-new-york
https://www.ubereats.com/nyc-suburbs/food-delivery/alfredos-pizzeria-%26-restaurant/PWy4cTZfQtSu0vp-67TrhQ,miller-place-new-york
https://www.ubereats.com/nyc-suburbs/food-delivery/el-rio-restaurant/yk404VLHT9unBnSzzxGv0g,miller-place-new-york
https://www.ubereats.com/nyc-suburbs/food-delivery/rb-los-amigos-restaurante-inc/0Pboo-ArRuuP5GDMcCNXBA,miller-place-new-york
https://www.ubereats.com/nyc-suburbs/food-delivery/golden-jalapenos-cafe/B0ou4txCSAy0tP2UHDu6CA,miller-place-new-york
https://www.ubereats.com/nyc-suburbs/food-delivery/friendlys-2220-rte-112/_IkTd1NmQx6a1SEr6RCIPg,miller-place-new-york
https://www.ubereats.com/nyc-suburbs/food-delivery/dunkin-5017-nesconset-hwy/Ab4xrClYTw6lI9_j-rmOLg,miller-place-new-york
https://www.ubereats.com/nyc-suburbs/food-delivery/dunkin-597-route-25a/GE1bYuxpQD27_Wd-DOYZIQ,miller-place-new-york
https://www.ubereats.com/nyc-suburbs/food-delivery/216-applebees-shirley-855-montauk-highway-bldg-a/wrhQuvctTsiyVjs2vYzzEA,miller-place-new-york
https://www.ubereats.com/nyc-suburbs/food-delivery/mediterranean-kitchen-mastic/dYJAuV_eS9uw1s4DXi5vsA,miller-place-new-york
https://www.ubereats.com/nyc-suburbs/food-delivery/machi-sushi/Xlt7K79NTAWwGafNfFYQVw,miller-place-new-york
https://www.ubereats.com/nyc-suburbs/food-delivery/chipotle-mexican-grill-1064-route-112/pc3_FVPETr2ACgV49Mw0XQ,miller-place-new-york
https://www.ubereats.com/nyc-suburbs/food-delivery/tgi-fridays-326-farmingville-ny/xpIm9cqeQD6TVg-Qa2aeUw,miller-place-new-york
https://www.ubereats.com/nyc-suburbs/food-delivery/island-lake-diner/S18VA0gpTGSxLr6qVlasNg,miller-place-new-york
https://www.ubereats.com/nyc-suburbs/food-delivery/dunkin-122-main-st/GuevtxaHSRa2aHr0QNHPjg,miller-place-new-york
https://www.ubereats.com/nyc-suburbs/food-delivery/yogo-delish/_0bh7IjbRvO2H3bQIhi5jQ,miller-place-new-york
https://www.ubereats.com/nyc-suburbs/food-delivery/finnbars-pub/dVPFQ96sRHCJcfUbxHHLzQ,miller-place-new-york
https://www.ubereats.com/nyc-suburbs/food-delivery/outback-steakhouse-5040-nesconset-highway/f6CQppQmTB2qPSJWGFHX-A,miller-place-new-york
https://www.ubereats.com/nyc-suburbs/food-delivery/express-deli-and-supermarket/mGyDt2dRQtWVr_KwsN5bCQ,miller-place-new-york
https://www.ubereats.com/nyc-suburbs/food-delivery/the-curry-club/vUEErIQoQfiCM5NXYyT-sA,miller-place-new-york
https://www.ubereats.com/nyc-suburbs/food-delivery/crazy-crepe-cafe-miller-place/s2IG5WzGQcS9QJmWp4nxVQ,miller-place-new-york
https://www.ubereats.com/nyc-suburbs/food-delivery/hummus-mediterraneanselden/ibyzvyRyQGepN_w2fdM7yQ,miller-place-new-york
https://www.ubereats.com/nyc-suburbs/food-delivery/la-famiglia-pizzeria/Ru65oTU8TpqtoCKycvFawA,miller-place-new-york
https://www.ubereats.com/nyc-suburbs/food-delivery/mcdonalds-1175-middle-country-road/nyjrncfwREmjVwmKEA6aBw,miller-place-new-york
https://www.ubereats.com/nyc-suburbs/food-delivery/bagelicious-cafe/luLYHgKyTxShupUZs15Qkw,miller-place-new-york
https://www.ubereats.com/nyc-suburbs/food-delivery/sapore-fino/Z4hse3tPRomLmYtIalFe_A,miller-place-new-york
https://www.ubereats.com/nyc-suburbs/food-delivery/hurricane-grill-and-wings-496-county-rd/YrY5JBqVRd2jxsDYRJUzcQ,miller-place-new-york
https://www.ubereats.com/nyc-suburbs/food-delivery/tropical-smoothie-cafe-nesconset-shopping-center/YKxHbxZdTWGjpetZTncMCg,miller-place-new-york
https://www.ubereats.com/nyc-suburbs/food-delivery/jersey-mikes-subs-4600-nesconset-hwy/_5ZGTXAOQ9CtpjQBfd4-2Q,miller-place-new-york
https://www.ubereats.com/nyc-suburbs/food-delivery/carvel-51-route-25-a/p9I5HLsNSjmZVUnwgiz2Jg,miller-place-new-york
https://www.ubereats.com/nyc-suburbs/food-delivery/coram-diner/JCJpkzIkT9O13EnOTaZynQ,miller-place-new-york
https://www.ubereats.com/nyc-suburbs/food-delivery/starbucks-miller-place/ntf6Mf4VQ_-_fcM_iNfC9g,miller-place-new-york
https://www.ubereats.com/nyc-suburbs/food-delivery/206-applebees-farmingville/F3vmjvF0Rl6MHYfJs4OiwQ,miller-place-new-york
https://www.ubereats.com/nyc-suburbs/food-delivery/bloomberg-bagels/338Oq2A9QDCpq8hkLT-IFA,miller-place-new-york
https://www.ubereats.com/nyc-suburbs/food-delivery/salsa-salsa-a-burrito-bar-port-jefferson/bP0fO23ETmOvQILkLDdDFQ,miller-place-new-york
https://www.ubereats.com/nyc-suburbs/food-delivery/ming-kong/Ol1mZAvqQg-Y2Ujv82suBg,miller-place-new-york
https://www.ubereats.com/nyc-suburbs/food-delivery/mcdonalds-463-st-rt-25a-ny/POavwT7AQd2NshMNed0mmg,miller-place-new-york
https://www.ubereats.com/nyc-suburbs/food-delivery/zpita/Mmq4qOfcSU-sS5_sn2FZug,miller-place-new-york
https://www.ubereats.com/nyc-suburbs/food-delivery/badolatos-market/iTShIRCKS8K91FMznH0NhA,miller-place-new-york
https://www.ubereats.com/nyc-suburbs/food-delivery/cafe-spiga-pizza-and-restaurant/BxpVXiPoThCbl5pmCIvkyg,miller-place-new-york
https://www.ubereats.com/nyc-suburbs/food-delivery/papa-johns-pizza-%232995/twcChnMaSIqNnAB0zzMPtg,miller-place-new-york
https://www.ubereats.com/nyc-suburbs/food-delivery/mt-sinai-bagel-cafe/HyyYhpq_QOiQJBs9kRI2LA,miller-place-new-york
https://www.ubereats.com/nyc-suburbs/food-delivery/subway-1187-middle-country-rd/CX7YkFTWS2ycMxuNryS2fA,miller-place-new-york
https://www.ubereats.com/nyc-suburbs/food-delivery/pizza-corner-medford/aivWHotxQ4ik3mysuut6CA,miller-place-new-york
https://www.ubereats.com/nyc-suburbs/food-delivery/subway-18-woods-corner-rd/ks4PJfHrT6iEuiSuLvtDww,miller-place-new-york
https://www.ubereats.com/nyc-suburbs/food-delivery/fusilli-pizzeria-and-restaurant/1gtO8uCgTVmE4d3OTHDzOw,miller-place-new-york
https://www.ubereats.com/nyc-suburbs/food-delivery/wendys-380-route-25a/pKtU3kuCTlW3AvvuADWa_g,miller-place-new-york
https://www.ubereats.com/nyc-suburbs/food-delivery/cp-la-mannos/RjcsYUpQQraxe33eFsU73g,miller-place-new-york
https://www.ubereats.com/nyc-suburbs/food-delivery/domo-sushi/etwUbd_vQGes1nj9cHwJEg,miller-place-new-york
https://www.ubereats.com/nyc-suburbs/food-delivery/ruvo-restaurant-port-jefferson/O-myjjJQTPmGaLlNV5xPNw,miller-place-new-york
https://www.ubereats.com/nyc-suburbs/food-delivery/bango-bowls-east-setauket/pJt1E_z8RXOSGWZC2cxYmg,miller-place-new-york
https://www.ubereats.com/nyc-suburbs/food-delivery/mt-sinai-bagels-your-way/5t3kBmP9TmiBVBXG4SXi0g,miller-place-new-york
https://www.ubereats.com/nyc-suburbs/food-delivery/nathans-famous-662-middle-country-rd/S3lsTXgxQOm5jU7l5ABbnQ,miller-place-new-york
https://www.ubereats.com/nyc-suburbs/food-delivery/dunkin-1852-route-112/4CHvFYg9RMCwqajW6_F7jA,miller-place-new-york
https://www.ubereats.com/nyc-suburbs/food-delivery/margaritas-cafe-port-jefferson-station/P_6ib7NzRdWioLjotdeJjA,miller-place-new-york
https://www.ubereats.com/nyc-suburbs/food-delivery/mooney-pond-deli/gSOptl50RFudYriv3CUIdA,miller-place-new-york
https://www.ubereats.com/nyc-suburbs/food-delivery/gerardos-pizza-%26-pasta/wqHQpTHeQ5mdz-bvdUoTuw,miller-place-new-york
https://www.ubereats.com/nyc-suburbs/food-delivery/primo-pizza/dcR0-QGyTH6y2IVOvdyUYQ,miller-place-new-york
https://www.ubereats.com/nyc-suburbs/food-delivery/uncle-giuseppes-marketplace-port-jefferson/SNkHUwzuTnOan0LtG7vgfA,miller-place-new-york
https://www.ubereats.com/nyc-suburbs/food-delivery/long-shot-bar-%26-grill/gf8iN_ART36A4ETUENgpJQ,miller-place-new-york
https://www.ubereats.com/nyc-suburbs/food-delivery/margaritas-cafeport-jefferson-stattion/mx9TLZeIRpifgffl5xKDgw,miller-place-new-york
https://www.ubereats.com/nyc-suburbs/food-delivery/buffalos-cafe-port-jefferson/q_e8ZgvgT5ekhGTsELX3zg,miller-place-new-york
https://www.ubereats.com/nyc-suburbs/food-delivery/burger-king-281-middle-country-road/2KGVkWpkQWyJTTsjAfjXnw,miller-place-new-york
https://www.ubereats.com/nyc-suburbs/food-delivery/chong-sar-restaurant/-L1y0aKnSg61dnnuoWDNBg,miller-place-new-york
https://www.ubereats.com/nyc-suburbs/food-delivery/bagels-your-way-selden-plaza/CMp7eWJAQlm3SYLt_-uThA,miller-place-new-york
https://www.ubereats.com/nyc-suburbs/food-delivery/crazy-beans-miller-place/OCbddKJyQoutj11Qgz8NdQ,miller-place-new-york
https://www.ubereats.com/nyc-suburbs/food-delivery/tropico-island/4kWo64LeSKKU43kp7BQWLQ,miller-place-new-york
https://www.ubereats.com/nyc-suburbs/food-delivery/inferno-the-restaurant/oS7O8knEQnqVnHPsyfRHMg,miller-place-new-york
https://www.ubereats.com/nyc-suburbs/food-delivery/strathmore-bagel-mt-sinai/HzEUgYQaTFiD_1hJ-_t9pA,miller-place-new-york
https://www.ubereats.com/nyc-suburbs/food-delivery/blds-restaurant/FxpoTzFhSJKI7s3qudU4tg,miller-place-new-york
https://www.ubereats.com/nyc-suburbs/food-delivery/curry-kebob-house/IyX2NjtMTWq8W2Bpk9rV2w,miller-place-new-york
https://www.ubereats.com/nyc-suburbs/food-delivery/mount-sinai-bagel-cafe/4pdBWGIJRmGotPRcXKFYMw,miller-place-new-york
https://www.ubereats.com/nyc-suburbs/food-delivery/burger-king-1880-middle-country-road/muHUy3SwQ6mg82dOCWHDhA,miller-place-new-york
https://www.ubereats.com/nyc-suburbs/food-delivery/chipotle-mexican-grill-261-middle-country-rd/8bR-aKz1QgiB5jkN--DxzA,miller-place-new-york
https://www.ubereats.com/nyc-suburbs/food-delivery/picante-tex-mex/Kb95HXorQLq_54ZmQz458w,miller-place-new-york
https://www.ubereats.com/nyc-suburbs/food-delivery/dunkin-5050-nesconset-hwy/kNiYCZLtTFKpT-qX0TcgZQ,miller-place-new-york
https://www.ubereats.com/nyc-suburbs/food-delivery/roccos-amici-express-pizzeria/V0S25M-4RhOHYGV1jeKpCQ,miller-place-new-york
https://www.ubereats.com/nyc-suburbs/food-delivery/golden-jalapenos/iTiVIuW-ReiE2eOkcA-QTA,miller-place-new-york
https://www.ubereats.com/nyc-suburbs/food-delivery/popeis-coram/6xfTeOjJRZ-12wzHzmcIzw,miller-place-new-york
https://www.ubereats.com/nyc-suburbs/food-delivery/tropical-smoothie-cafe-selden-plaza/lDR8OitjSsCQlCRCOi2n3g,miller-place-new-york
https://www.ubereats.com/nyc-suburbs/food-delivery/carvel-178-route-25a/-qAeDTC4RAKHDvC7npc5ow,miller-place-new-york
https://www.ubereats.com/nyc-suburbs/food-delivery/middle-island-pizza/nUPVH3aITbunzi_F7TqsDg,miller-place-new-york
https://www.ubereats.com/nyc-suburbs/food-delivery/panera-4959-nesconset-hwy/Mj7TPdDyRBGtEeFhxYMbOw,miller-place-new-york
https://www.ubereats.com/nyc-suburbs/food-delivery/sesame-sushi/nXlZTyP0RNiu0otuEaf-aA,miller-place-new-york
https://www.ubereats.com/nyc-suburbs/food-delivery/on-the-border-holtsville/PXVepW9JSNO90fQQIwyRYg,miller-place-new-york
https://www.ubereats.com/nyc-suburbs/food-delivery/mcdonalds-340-rt-25a/L2QwvBrUSGeAGR4yeUKvKQ,miller-place-new-york
https://www.ubereats.com/nyc-suburbs/food-delivery/five-guys-ny-1815-202-middle-country-rd/tTrt8iozSNuDOmFDV5c8jA,miller-place-new-york
https://www.ubereats.com/nyc-suburbs/food-delivery/carnival-restaurant/CW-_Io4dTny4CtQBzg1RLA,miller-place-new-york
https://www.ubereats.com/nyc-suburbs/food-delivery/taco-bell-selden/TSJnhk1SR46BqIf8HrPMwQ,miller-place-new-york
https://www.ubereats.com/nyc-suburbs/food-delivery/tainos-cafe-%26-lounge/AJxKz-lxTfqwNoYqKKH2Ag,miller-place-new-york
https://www.ubereats.com/nyc-suburbs/food-delivery/jackees-jamaican-cafe/JH5b70RQR6CIkuFMABaukw,miller-place-new-york
https://www.ubereats.com/nyc-suburbs/food-delivery/brownstones-coffee-centereach/h0S8F0TPSFCYCg5SQBrPgA,miller-place-new-york
https://www.ubereats.com/nyc-suburbs/food-delivery/smoke-shack-blues/fiOZfC5bRUu9dvYSK-53nQ,miller-place-new-york
https://www.ubereats.com/nyc-suburbs/food-delivery/pj-sushi-teriyaki/R0hywut8RKW6IQ7VtVpauw,miller-place-new-york
https://www.ubereats.com/nyc-suburbs/food-delivery/alexandros-restaurant/897-A2X4TO-hUBKhXejGzQ,miller-place-new-york
https://www.ubereats.com/nyc-suburbs/food-delivery/orto/T-iEtCRgTpSuBeYaQrBz4w,miller-place-new-york
https://www.ubereats.com/nyc-suburbs/food-delivery/ihop-513-patchogue-rd/DD4pJesFRNC2FzdWwZgf2Q,miller-place-new-york
https://www.ubereats.com/nyc-suburbs/food-delivery/carvel-1289-middle-country-road/5hnY1EURSy6iwIdgY9EVeA,miller-place-new-york
https://www.ubereats.com/nyc-suburbs/food-delivery/campus-heros/pVgeUPgiTX2c6E0uiiggKQ,miller-place-new-york
https://www.ubereats.com/nyc-suburbs/food-delivery/112-tequila-restaurant/vIkJUOWfSQOg8g089YU1QA,miller-place-new-york
https://www.ubereats.com/nyc-suburbs/food-delivery/cafe-maui/7wCvl_n9RAS7GWBDocGf7g,miller-place-new-york
https://www.ubereats.com/nyc-suburbs/food-delivery/taco-bell-551-william-floyd-parkway/psiMpNAeSVGiVmkGIov5SQ,miller-place-new-york
https://www.ubereats.com/nyc-suburbs/food-delivery/yum-yum-dumplings/hR_fn2cgSOWQAQAm57dEMQ,miller-place-new-york
https://www.ubereats.com/nyc-suburbs/food-delivery/wendys-4955-nesconset-hwy/PVH6y0PHQUSJ9f58ESwD_w,miller-place-new-york
https://www.ubereats.com/nyc-suburbs/food-delivery/dos-mexi-cuban/RGwtZ-aRQ_O8yKsIsCHQzA,miller-place-new-york
https://www.ubereats.com/nyc-suburbs/food-delivery/pelligrino-pizza/lIqxKtoBSVSKnwCvgJLNGA,miller-place-new-york
https://www.ubereats.com/nyc-suburbs/food-delivery/crazy-crepe-cafe/QAv5T03tRZS_X8fChqAjfg,miller-place-new-york
https://www.ubereats.com/nyc-suburbs/food-delivery/buffalo-wild-wings-385-route-25a/SLd974MbQa6C6Huv54OLsg,miller-place-new-york
https://www.ubereats.com/nyc-suburbs/food-delivery/go-burger-ridge-ny/Y-vm4MBcTHyEsTMJxzNlTw,miller-place-new-york
https://www.ubereats.com/nyc-suburbs/food-delivery/ralphies-chicken-and-gyro/o8uLf_u4RQ-FdHDbWzYtsQ,miller-place-new-york
https://www.ubereats.com/nyc-suburbs/food-delivery/barito-tacos-and-cocktails-port-jeff/PC8kNxX_TESLBiRDOVeN0g,miller-place-new-york
https://www.ubereats.com/nyc-suburbs/food-delivery/moes-southwest-grill-66-98-rocky-point-yaphin-road/ZqwK6ueFSHWlI6SKQfEyFw,miller-place-new-york
https://www.ubereats.com/nyc-suburbs/food-delivery/meltology-grilled-cheese/57Gp9rwuQ2q8tf-GTnermQ,miller-place-new-york
https://www.ubereats.com/nyc-suburbs/food-delivery/217-applebees-miller-place/5kcdtE0OSpin2TT4cGX1zA,miller-place-new-york
https://www.ubereats.com/nyc-suburbs/food-delivery/dunkin-6346-route-25a/tq1ozTmcSJaKG_SN98vmbg,miller-place-new-york
https://www.ubereats.com/nyc-suburbs/food-delivery/port-bistro-%26-pub/IV0gsCGLRUqHQJllTTDQSw,miller-place-new-york
https://www.ubereats.com/nyc-suburbs/food-delivery/medford-pastaria/zi8aUGOtT2Sz3-sEGrLq8A,miller-place-new-york
https://www.ubereats.com/nyc-suburbs/food-delivery/fresh-and-hot-bagels/Lu7zSjW_Rd2mUFB8QnR8CA,miller-place-new-york
https://www.ubereats.com/nyc-suburbs/food-delivery/the-vegan-hub/ABx_9JFaQNaoYtdDRLZGog,miller-place-new-york
https://www.ubereats.com/nyc-suburbs/food-delivery/vincenzos-pizzeria-%26-restaurant/UGVUW-dERh2tkUyDT7Qjbg,miller-place-new-york
https://www.ubereats.com/nyc-suburbs/food-delivery/subway-570-jefferson-plz/EBkGVv-xRiy91KzbJUpDOQ,miller-place-new-york
https://www.ubereats.com/nyc-suburbs/food-delivery/subway-400f-horseblock-rd/6IEOnEKVRyCee4hxnjNHag,miller-place-new-york
https://www.ubereats.com/nyc-suburbs/food-delivery/red-chilli-restaurant/MX5g0VZ3QBmTRgBhZ_0DkQ,miller-place-new-york
https://www.ubereats.com/nyc-suburbs/food-delivery/golden-jalapenos-cafe/1KZ7Pmb5SeCP4rSWKOcEtQ,miller-place-new-york
https://www.ubereats.com/nyc-suburbs/food-delivery/ichi-sushi-ramen/zbLn6JYZQxyORLSt67u6wg,miller-place-new-york
https://www.ubereats.com/nyc-suburbs/food-delivery/hurricane-grill-%26-wings-11037-ny-112/rap4noATSyCS4TGytqoNpg,miller-place-new-york
https://www.ubereats.com/nyc-suburbs/food-delivery/burrito-palace-and-grill-ronkonkoma/nyrgktB4QYu1iB0xdRimng,miller-place-new-york
https://www.ubereats.com/nyc-suburbs/food-delivery/wasabi-japanese-steakhouse/ksz-gxuHQNCSGNxahGuEiw,miller-place-new-york
https://www.ubereats.com/nyc-suburbs/food-delivery/bagels-your-way-medford/n6N52GjkSju_Egt5tPNm8A,miller-place-new-york
https://www.ubereats.com/nyc-suburbs/food-delivery/mavi-grill/SVpZ-V_MRFOBk0oVvu1-2w,miller-place-new-york
https://www.ubereats.com/nyc-suburbs/food-delivery/carvel-407-patchogue-road/h1U-4VGfRImLwZkaEZG5Iw,miller-place-new-york
https://www.ubereats.com/nyc-suburbs/food-delivery/blue-tortilla-fresh-mexican-grill/brZj2-FrROaGfL2fY-gwqQ,miller-place-new-york
https://www.ubereats.com/nyc-suburbs/food-delivery/taco-bell-ridge/AKxvAf6LTh-EXFBf4uN6YA,miller-place-new-york
https://www.ubereats.com/nyc-suburbs/food-delivery/viva-juan-restaurant/sdQxCZzoRfqOF4c89U7u4w,miller-place-new-york
https://www.ubereats.com/nyc-suburbs/food-delivery/waffle-shack/56WapGtPQ_ag5VPGk0ZE8w,miller-place-new-york
https://www.ubereats.com/nyc-suburbs/food-delivery/kira-sushi/-RTG2TcDR4-fPJOlT208WA,miller-place-new-york
https://www.ubereats.com/nyc-suburbs/food-delivery/jcs-restaurant/lVls8-7KTfChiJUhMbKx7Q,miller-place-new-york
https://www.ubereats.com/nyc-suburbs/food-delivery/narduccis-pizza/tZtI3agaTpSxSuQ8qDUynQ,miller-place-new-york
https://www.ubereats.com/nyc-suburbs/food-delivery/brody-mckays-tavern/ktn73ah_TCitSKJuamKbwQ,miller-place-new-york
https://www.ubereats.com/nyc-suburbs/food-delivery/taco-bell-4833-nesconset-hwy/ysdtgK4nSouOmVDaHFgp7w,miller-place-new-york
https://www.ubereats.com/nyc-suburbs/food-delivery/crazy-bowls-acai-bowls-%26-more/KuiXrh7gRuuT7QEsrmo1oA,miller-place-new-york
https://www.ubereats.com/nyc-suburbs/food-delivery/meltology/sBETs4-FTkeNDgpk9ZI7vg,miller-place-new-york
https://www.ubereats.com/nyc-suburbs/food-delivery/dairy-queen-grill-%26-chill-2846-rt-112/0IJWSvWJSLqPB_j_TmaWqw,miller-place-new-york
https://www.ubereats.com/nyc-suburbs/food-delivery/royal-pizza/7YJQI1taTB2MDYv7Wi423w,miller-place-new-york
https://www.ubereats.com/nyc-suburbs/food-delivery/dunkin-381-route-25a/beCwbIvOQAWo-Lqi4bjPUQ,miller-place-new-york
https://www.ubereats.com/nyc-suburbs/food-delivery/rocky-point-ale-house/eIKf0xKIQv6ESKylmAKfxA,miller-place-new-york
https://www.ubereats.com/nyc-suburbs/food-delivery/sammy-a-vegan-boy/0XOxNiVhSqC-dKXbOPIBQQ,miller-place-new-york
https://www.ubereats.com/nyc-suburbs/food-delivery/kilwins-109-main-st-ste-d/HYwLSKjlSDOL1GKlebNIOQ,miller-place-new-york
https://www.ubereats.com/nyc-suburbs/food-delivery/dunkin-197-main-st/DYeenDWyR7msp94kAozhPQ,miller-place-new-york
https://www.ubereats.com/nyc-suburbs/food-delivery/taco-bell-2425-n-ocean-ave/-d-fbS5iTqODS-cp6RzMiQ,miller-place-new-york
https://www.ubereats.com/nyc-suburbs/food-delivery/go-burger-mount-sinai-ny/DKy_KnVHRtqW7BWmNTrSIQ,miller-place-new-york
https://www.ubereats.com/nyc-suburbs/food-delivery/ts-chicken-and-fish/brNwV2UISdKufTbxxBdlzg,miller-place-new-york
https://www.ubereats.com/nyc-suburbs/food-delivery/dunkin-725-route-25a/LPYcK5NCR7STLN34TC7fMw,miller-place-new-york
https://www.ubereats.com/nyc-suburbs/food-delivery/savinos-hideaway/ubwySdGSR0GnDY0jZM-Lhg,miller-place-new-york
https://www.ubereats.com/nyc-suburbs/food-delivery/better-burger-mt-sinai/gvd-MBV9Ql-JO8KRqtIDAw,miller-place-new-york
https://www.ubereats.com/nyc-suburbs/food-delivery/mcdonalds-5136-nesconset-hwy/640eGJ8RQymmJnkm8v4_sg,miller-place-new-york
https://www.ubereats.com/nyc-suburbs/food-delivery/burrito-palace-and-grill-miller-place/JiZhxzW7R_yq5o-OrX72dQ,miller-place-new-york
https://www.ubereats.com/nyc-suburbs/food-delivery/town-%26-country-market-miller-place/ZmraYYeMR8CygcOzZh_vJQ,miller-place-new-york
https://www.ubereats.com/nyc-suburbs/food-delivery/big-italy-pizzeria/aOuF4lifQSSZJe_RWsD96Q,miller-place-new-york
https://www.ubereats.com/nyc-suburbs/food-delivery/istanbul-cafe/QF_qmub7SWmUHNROCirVMA,miller-place-new-york
https://www.ubereats.com/nyc-suburbs/food-delivery/kfc-375-route-25a/KQJy-EexRbSEHbTxVxZ_2g,miller-place-new-york
https://www.ubereats.com/nyc-suburbs/food-delivery/barnwood-market/kQy__TGSQ9C7Q94beByBpw,miller-place-new-york
https://www.ubereats.com/nyc-suburbs/food-delivery/athens-diner/NFsuqrbGRx-5zgsGPrNQbw,miller-place-new-york
https://www.ubereats.com/nyc-suburbs/food-delivery/five-guys-ny-1330-5120-nesconset-hwy/6sJLTAYJRzOZnu_nBIsSug,miller-place-new-york
https://www.ubereats.com/nyc-suburbs/food-delivery/arbys-1759-middle-country-rd/TBi-EFEcRZOA9z1ENLmWVg,miller-place-new-york
https://www.ubereats.com/nyc-suburbs/food-delivery/meltology/Bk8wo-_PSo2mD8B6EpTErw,miller-place-new-york
https://www.ubereats.com/nyc-suburbs/food-delivery/brugmans-deli/7Z03prYsR9Orn-DbhtbL3A,miller-place-new-york
https://www.ubereats.com/nyc-suburbs/food-delivery/the-good-steer/eY10wE3VTk6v5shwCpsyXA,miller-place-new-york
https://www.ubereats.com/nyc-suburbs/food-delivery/crazy-crepe-cafe-lake-ronkonkoma/V34VFH0HTWasu_FvQdFT4A,miller-place-new-york
https://www.ubereats.com/nyc-suburbs/food-delivery/crazy-pies-bistro-and-pizzeria/zGItquFARuKWl6UEUhKp-Q,miller-place-new-york
https://www.ubereats.com/nyc-suburbs/food-delivery/tofu-chinese-%26-japanese-restaurant/EmfTpv6lT8OfbrmWG0nAxA,miller-place-new-york
https://www.ubereats.com/nyc-suburbs/food-delivery/subway-1-glenmere-ln/kFaTlr73SF-e8FTIKp8sog,miller-place-new-york
https://www.ubereats.com/nyc-suburbs/food-delivery/brendas-jamaican-restaurant/mm6Mzb4AQ5WPYwGuFdoYAw,miller-place-new-york
https://www.ubereats.com/nyc-suburbs/food-delivery/the-neighbors-sports-grille-%26-wings/ltulHtv-Q1amUeaFoRQERQ,miller-place-new-york
https://www.ubereats.com/nyc-suburbs/food-delivery/friendlys-275-route-25a/hmAlX5GSRrSg7yPzEdnsng,miller-place-new-york
https://www.ubereats.com/nyc-suburbs/food-delivery/brooklyn-boys-pizza-company-port-jefferson/-xztSlT6QiCC_MCoaW7VmA,miller-place-new-york
https://www.ubereats.com/nyc-suburbs/food-delivery/kfc-4040-nesconset-hwy/siQ3Ca0BT2SPfH5-XEC5Hw,miller-place-new-york
