url,city
https://www.ubereats.com/new-jersey/food-delivery/colonial-diner/3YlolNlORoGCIybyUG8plQ,milltown-new-jersey
https://www.ubereats.com/new-jersey/food-delivery/shu-house-restaurant/lHLt03IfT96MAnHEkZybYw,milltown-new-jersey
https://www.ubereats.com/new-jersey/food-delivery/roman-delight-pizza/8yBZG7fKQa2TIntOhFJKIQ,milltown-new-jersey
https://www.ubereats.com/new-jersey/food-delivery/sumiyaki-japan/5sbYpPj8TNGtJIe1CmJmRA,milltown-new-jersey
https://www.ubereats.com/new-jersey/food-delivery/cafe-paris/FpuIsQIySgO7wS4D7MeaQQ,milltown-new-jersey
https://www.ubereats.com/new-jersey/food-delivery/the-falafel-house-411-us-highway-206/0RcFeok7SKidyQc0TsrR_Q,milltown-new-jersey
https://www.ubereats.com/new-jersey/food-delivery/kfc-920-hamilton-street/FR76UWTmSDySLs18MqInXw,milltown-new-jersey
https://www.ubereats.com/new-jersey/food-delivery/el-toro-loco/gw7HYQ6sT56heL5E6BHX2w,milltown-new-jersey
https://www.ubereats.com/new-jersey/food-delivery/pasta-pirozzi/IKTLi0NAThqdNUFuXNW6_Q,milltown-new-jersey
https://www.ubereats.com/new-jersey/food-delivery/spice-24/M5O4LxsjRUacjGU7npv9UA,milltown-new-jersey
https://www.ubereats.com/new-jersey/food-delivery/dunkin-55-raritan-ave/IcoEs8WITt6SVktjZjIoFw,milltown-new-jersey
https://www.ubereats.com/new-jersey/food-delivery/subway-785-shoppes-blvd/Wmfax72GQaKZZzd16hMtSg,milltown-new-jersey
https://www.ubereats.com/new-jersey/food-delivery/la-bon-bake-shoppes/kMRCDKdvSV2naazeZ1h3iA,milltown-new-jersey
https://www.ubereats.com/new-jersey/food-delivery/dun-huang-edison-%E6%95%A6%E7%85%8C/PktqM6RuRga9fCBQlVcrVw,milltown-new-jersey
https://www.ubereats.com/new-jersey/food-delivery/primo-pizzeria/fbLqyYV4Sg6jsHM4JYhrxA,milltown-new-jersey
https://www.ubereats.com/new-jersey/food-delivery/pasquale-brick-oven/6Mva8v5FQhaFEMxaZ9z_Iw,milltown-new-jersey
https://www.ubereats.com/new-jersey/food-delivery/manhattan-bagel-100-summerhill-rd/Ji5VD_OAROedR31M7qd0Pg,milltown-new-jersey
https://www.ubereats.com/new-jersey/food-delivery/harvest-moon-brewery-%26-cafe/9NifEsQSRGiudc22DoOlsg,milltown-new-jersey
https://www.ubereats.com/new-jersey/food-delivery/fritzs/IKj2UaVDQrO3APv2emOWYQ,milltown-new-jersey
https://www.ubereats.com/new-jersey/food-delivery/surf-taco-rutgers/679LXh6DS2OP6GACiLYS_Q,milltown-new-jersey
https://www.ubereats.com/new-jersey/food-delivery/four-boys-ice-cream/DT8tfnFlSKm56l7ZBA8Jzg,milltown-new-jersey
https://www.ubereats.com/new-jersey/food-delivery/jerusalem-pizza/M5D9GXDqQDuwkTWS1Z3X6A,milltown-new-jersey
https://www.ubereats.com/new-jersey/food-delivery/burger-king-940-us-highway-9/oY3nfdvYT26ErbxcQDEyog,milltown-new-jersey
https://www.ubereats.com/new-jersey/food-delivery/burgerim-660-middlesex-avenue/H1G-umu0QlupmzZUKQP2ng,milltown-new-jersey
https://www.ubereats.com/new-jersey/food-delivery/la-bagel-iii/MNzdFGiBS22RrvzXoYrbqw,milltown-new-jersey
https://www.ubereats.com/new-jersey/food-delivery/gloria-jeans-coffees/019FeBDQSteRsMp2ZxzlIg,milltown-new-jersey
https://www.ubereats.com/new-jersey/food-delivery/teppanyaki-grill-%26-supreme-buffet/YdseBXhpScOAbHmzZuDRbQ,milltown-new-jersey
https://www.ubereats.com/new-jersey/food-delivery/joes-italian-deli-%26-restaurant/3Ss12UdvSGevoYO-RWyMCw,milltown-new-jersey
https://www.ubereats.com/new-jersey/food-delivery/nirvanis-indian-kitchen/AdPMOAzNSPGkGm7b97vpXw,milltown-new-jersey
https://www.ubereats.com/new-jersey/food-delivery/cinnabon-755-state-route-18/k3Eamm1dRb2anWXtqy0YNw,milltown-new-jersey
https://www.ubereats.com/new-jersey/food-delivery/roses-pizza-and-ice-cream/Z-ELnpuFS6u1w1PZ2K3FIg,milltown-new-jersey
https://www.ubereats.com/new-jersey/food-delivery/diesel-and-duke-new-brunswick/an1rPVKDT5O2PPwHvki2QQ,milltown-new-jersey
https://www.ubereats.com/new-jersey/food-delivery/kwality-ice-cream-south-brunswick/iQQoICl1T1u7SYoc-7jkhA,milltown-new-jersey
https://www.ubereats.com/new-jersey/food-delivery/roosterspin-120-albany-st/0Jyeu1zdSwO-PQpsURESfw,milltown-new-jersey
https://www.ubereats.com/new-jersey/food-delivery/the-ice-cream-shop/yVc32m3jQM2R9hJpDL0Y3Q,milltown-new-jersey
https://www.ubereats.com/new-jersey/food-delivery/milltown-bagels/IogMzsUHTamKn5TyzOOw_Q,milltown-new-jersey
https://www.ubereats.com/new-jersey/food-delivery/brunswick-grove/ORL9A4_7TWWdqFojjiuniQ,milltown-new-jersey
https://www.ubereats.com/new-jersey/food-delivery/dunkin-561-milltown-rd-%23-567/lyXIE-BXQtOVo2OyrhuJzA,milltown-new-jersey
https://www.ubereats.com/new-jersey/food-delivery/kennedy-fried-chicken-halal/bJC2AQQzRzGLXZZuW_0W4g,milltown-new-jersey
https://www.ubereats.com/new-jersey/food-delivery/egg-junkie/Jr5x0-uMQRG4B-H2DX9sYw,milltown-new-jersey
https://www.ubereats.com/new-jersey/food-delivery/estrella-fried-chicken/Ulqn6qT1TJeoJN_NYb7eQg,milltown-new-jersey
https://www.ubereats.com/new-jersey/food-delivery/kings-village-food/WU2y3MQZTH2o82mkreEWxg,milltown-new-jersey
https://www.ubereats.com/new-jersey/food-delivery/rakkii-ramen/r1TZf4n3SzuW8QKjzjX5_Q,milltown-new-jersey
https://www.ubereats.com/new-jersey/food-delivery/esquina-latina/AlfmoWCzQ8mlh785TMO1wg,milltown-new-jersey
https://www.ubereats.com/new-jersey/food-delivery/flame-kabob-house/kZo054DSRdWhdmeGpiVZnw,milltown-new-jersey
https://www.ubereats.com/new-jersey/food-delivery/mcdonalds-666-somerset-st/ztUmSZraRqWBPT-XzwTIYQ,milltown-new-jersey
https://www.ubereats.com/new-jersey/food-delivery/popeyes-new-brunswick/VKPKf074QZ2T3l-pC1m_OQ,milltown-new-jersey
https://www.ubereats.com/new-jersey/food-delivery/burger-king-1022-route-18/US4WBtTHRJCxJBxHzEaDUA,milltown-new-jersey
https://www.ubereats.com/new-jersey/food-delivery/freshii-131-neilson-st/3x4WY1QaS52nuAsLszXh4w,milltown-new-jersey
https://www.ubereats.com/new-jersey/food-delivery/dunkin-848-us-1-and-tappen-st/-aBZdLJDQzyQJNU6SgQrpQ,milltown-new-jersey
https://www.ubereats.com/new-jersey/food-delivery/michelangelos-pizza/atwvY5yLTkSXferRD6EfDg,milltown-new-jersey
https://www.ubereats.com/new-jersey/food-delivery/sushi-room/zYosiT3STFm-4Vzrr3NdGw,milltown-new-jersey
https://www.ubereats.com/new-jersey/food-delivery/rio-of-japan/22saIITjT02uLZHiMWCVHQ,milltown-new-jersey
https://www.ubereats.com/new-jersey/food-delivery/dunkin-116-ryders-ln/CbAXXmvKQXic5GuZyqfsUw,milltown-new-jersey
https://www.ubereats.com/new-jersey/food-delivery/panicos-brick-oven-pizza/aq3tLddSTgqZdPaNAo7akw,milltown-new-jersey
https://www.ubereats.com/new-jersey/food-delivery/vip-deli-and-convenience/mEH6TyLcTFWyvPxl28JI2g,milltown-new-jersey
https://www.ubereats.com/new-jersey/food-delivery/dunkin-335-george-st/mKSOjn1qS9Kfu5G7ge0f-A,milltown-new-jersey
https://www.ubereats.com/new-jersey/food-delivery/chipotle-mexican-grill-609-state-route-18/flgaDCzCQIaIPkkleHKBYg,milltown-new-jersey
https://www.ubereats.com/new-jersey/food-delivery/gaos-noodle-house-%E4%B8%80%E5%93%81%E9%A6%99%E5%85%B0%E5%B7%9E%E6%8B%89%E9%9D%A2/8DAA_BQOQAmAQmL8WY_QvA,milltown-new-jersey
https://www.ubereats.com/new-jersey/food-delivery/good-food-by-uzma/zXGvSq_0SiStsxxnLQL5-w,milltown-new-jersey
https://www.ubereats.com/new-jersey/food-delivery/the-hot-fish-boil/1eGcYiOVQkacn_Q5r9NKZQ,milltown-new-jersey
https://www.ubereats.com/new-jersey/food-delivery/krispy-krunchy-chicken-edison/DMKmLitFRt-ZaFjkyHUtlA,milltown-new-jersey
https://www.ubereats.com/new-jersey/food-delivery/midori-sushi/249hMPQqS7uTuYjCvyhvEg,milltown-new-jersey
https://www.ubereats.com/new-jersey/food-delivery/ihop-somerset/pjEBzZ1mQaO-F7H3K44d2g,milltown-new-jersey
https://www.ubereats.com/new-jersey/food-delivery/carmens-restaurant/-YNmAz3aRcmrCm7_sN2CXw,milltown-new-jersey
https://www.ubereats.com/new-jersey/food-delivery/deli-plaza-%26-salad-bar/70tuFJ9nSs-XTq67D443qg,milltown-new-jersey
https://www.ubereats.com/new-jersey/food-delivery/acapulco-tropicana/5NBG3s_dRw-OsIdPPo_aCA,milltown-new-jersey
https://www.ubereats.com/new-jersey/food-delivery/yoans-garden/hPX2YTLHS5e-FCOtQ6mIIA,milltown-new-jersey
https://www.ubereats.com/new-jersey/food-delivery/burger-king-963-livingston-avenue/WYP8zEIPSfSwIsHROxh_nQ,milltown-new-jersey
https://www.ubereats.com/new-jersey/food-delivery/starbucks-north-brunswick-nj/oWcWwONcRJaOWaqQ4tCSgQ,milltown-new-jersey
https://www.ubereats.com/new-jersey/food-delivery/dunkin-200-buckelew-ave/G4PL9ct9QIKoDEwoeb5qrA,milltown-new-jersey
https://www.ubereats.com/new-jersey/food-delivery/fatties/nZULdHgKQherd244gDoa6A,milltown-new-jersey
https://www.ubereats.com/new-jersey/food-delivery/penang-street-southeast-asian-kitchen/cUCaKtqdTSed2bxHn68hcw,milltown-new-jersey
https://www.ubereats.com/new-jersey/food-delivery/dunkin-3171-state-route-27/GMW6zmC8TtK_1BIoA6xejg,milltown-new-jersey
https://www.ubereats.com/new-jersey/food-delivery/sushio-asian-bistro/uq-B7SSUTkWb0Ok-I0y5ZQ,milltown-new-jersey
https://www.ubereats.com/new-jersey/food-delivery/chai-chenak/GYkCn67KR9OrIjgUXm1BrA,milltown-new-jersey
https://www.ubereats.com/new-jersey/food-delivery/bellissimo-cafe-%26-pizza/kleMohPUQ6mm98_W_rRoDQ,milltown-new-jersey
https://www.ubereats.com/new-jersey/food-delivery/monroe-deli/sPVbPhr4TNeO12sFbhFdSQ,milltown-new-jersey
https://www.ubereats.com/new-jersey/food-delivery/160-applebees-bridgewater/QFZYSolWSLmGSEj4SU5Kug,milltown-new-jersey
https://www.ubereats.com/new-jersey/food-delivery/redds-biergarten-new-brunswick/aKKO91h4Tv21tgnv7KdBTw,milltown-new-jersey
https://www.ubereats.com/new-jersey/food-delivery/panera-755-state-highway-18/asmN0jVwRyKhxuQMdjoybw,milltown-new-jersey
https://www.ubereats.com/new-jersey/food-delivery/jersey-subs/LgwMBBWJTxGp3hXjkMReUA,milltown-new-jersey
https://www.ubereats.com/new-jersey/food-delivery/la-china-poblana/VDwpmJPtRuqbfFfUBxwRdw,milltown-new-jersey
https://www.ubereats.com/new-jersey/food-delivery/pizza-hut-2002-lincoln-hwy/fVfutb3iQVqR7AKQrZeVDw,milltown-new-jersey
https://www.ubereats.com/new-jersey/food-delivery/166-applebees-hillsborough/T5dP9oe_RP-vpEUMlb3EBQ,milltown-new-jersey
https://www.ubereats.com/new-jersey/food-delivery/burger-king-659-somerset-st/Ae_9_KVVQXebaoVA7Hms-Q,milltown-new-jersey
https://www.ubereats.com/new-jersey/food-delivery/9105-bonefish-grill-335-route-18/vg7sIpQfS8Og0lTAlquLdQ,milltown-new-jersey
https://www.ubereats.com/new-jersey/food-delivery/maricels-kitchen/jjy9LSqNSTeMoWE8NG7vTw,milltown-new-jersey
https://www.ubereats.com/new-jersey/food-delivery/baguette-delite/1Pjcg_Q9Qk-yLduo5Tt6_A,milltown-new-jersey
https://www.ubereats.com/new-jersey/food-delivery/moghul-express-2/wi5QU-2cTSuW4LleZRjYtg,milltown-new-jersey
https://www.ubereats.com/new-jersey/food-delivery/america-bay-seafood/aWZqoej-Soq6MgnWazhFlA,milltown-new-jersey
https://www.ubereats.com/new-jersey/food-delivery/wings-over-rutgers/ddp0yDDKSlqk8T5un36_GQ,milltown-new-jersey
https://www.ubereats.com/new-jersey/food-delivery/the-halal-guys-621-nj-18-east-brunswick/unyoe9TXROOr1ApYkwzzbw,milltown-new-jersey
https://www.ubereats.com/new-jersey/food-delivery/the-fontainbleau-diner/de9kL6WuTMCdlZ-8K801PQ,milltown-new-jersey
https://www.ubereats.com/new-jersey/food-delivery/blackthorn-restaurant-and-irish-pub/PcCJoJqzQe2fWR3CG8f7-Q,milltown-new-jersey
https://www.ubereats.com/new-jersey/food-delivery/el-rinconcito-latino/dAVzLiU1SvG8xf0yX-zE2g,milltown-new-jersey
https://www.ubereats.com/new-jersey/food-delivery/bagel-talk/ULVGxur9TGKGv-lYgYcaKg,milltown-new-jersey
https://www.ubereats.com/new-jersey/food-delivery/playa-bowls-east-brunswick/5luAYYZlSAObNkZNnq-4yQ,milltown-new-jersey
https://www.ubereats.com/new-jersey/food-delivery/shanghai-dumpling-house/Y9DGzaD1T6-Ei78urF6JPw,milltown-new-jersey
https://www.ubereats.com/new-jersey/food-delivery/dunkin-2193-route-27/eKx7tE4XSVKUWhZ8rvM7QA,milltown-new-jersey
https://www.ubereats.com/new-jersey/food-delivery/old-man-raffertys/LyViQD0oRRSNM3akfoj9nw,milltown-new-jersey
https://www.ubereats.com/new-jersey/food-delivery/samway-subs-and-pita-pita/2OOr4yAOSuygU1_IiHKA7w,milltown-new-jersey
https://www.ubereats.com/new-jersey/food-delivery/punjabi-rasoi/jrh7-LZjQYSLfAPTaKMnwQ,milltown-new-jersey
https://www.ubereats.com/new-jersey/food-delivery/starbucks-edison-rte-1/CrEkiIg4QteX0XbQl6eGBQ,milltown-new-jersey
https://www.ubereats.com/new-jersey/food-delivery/surreal-creamery/AvWP7qn2TbqJBVWBe8CYqg,milltown-new-jersey
https://www.ubereats.com/new-jersey/food-delivery/utepia/dj4m-I8YQrS07CoCPp4odQ,milltown-new-jersey
https://www.ubereats.com/new-jersey/food-delivery/sultana-restaurant/NsmLhHdIS5qu4KKUjXXApA,milltown-new-jersey
https://www.ubereats.com/new-jersey/food-delivery/krispy-krust/RKGc6rshRNSk4NsU89CQzA,milltown-new-jersey
https://www.ubereats.com/new-jersey/food-delivery/paparazzi-cafe-at-the-zimmerli-art-museum/cZ_3nu-UTiaV8X3xTtxElg,milltown-new-jersey
https://www.ubereats.com/new-jersey/food-delivery/the-ice-cream-shop/iLIFgClNRluDYV88d3ZIog,milltown-new-jersey
https://www.ubereats.com/new-jersey/food-delivery/garden-state-deli-%26-catering/LaDp_oRgS-WvmD_tpdbgrw,milltown-new-jersey
https://www.ubereats.com/new-jersey/food-delivery/china-lee-kosher/FSwyUQn8Swy-Ubl652PuzQ,milltown-new-jersey
https://www.ubereats.com/new-jersey/food-delivery/noodles-plus/TlOO3qHESQC3d4vrX8vxAQ,milltown-new-jersey
https://www.ubereats.com/new-jersey/food-delivery/%E5%AF%BB%E9%B1%BC%E7%A7%81%E7%83%A4-xun-yu-si-kao/ltJSez_YQcqHbpoAuDHD7A,milltown-new-jersey
https://www.ubereats.com/new-jersey/food-delivery/skylark-diner/RSqhAO6bSB6861h5LEX7PQ,milltown-new-jersey
https://www.ubereats.com/new-jersey/food-delivery/palace-of-asia/G5nSfqr3RiWxDaU-3MJTOA,milltown-new-jersey
https://www.ubereats.com/new-jersey/food-delivery/wendys-178-ryders-lane/8pK91R5RSQuumZvjWLfzjw,milltown-new-jersey
https://www.ubereats.com/new-jersey/food-delivery/galore-fried-chicken-and-pizza-rt-27/nWWx0fzOQyOZG9sqj4fI5w,milltown-new-jersey
https://www.ubereats.com/new-jersey/food-delivery/kati-rolls-%26-wings/uHf3_i6gQt2_ZYmLLBxiFQ,milltown-new-jersey
https://www.ubereats.com/new-jersey/food-delivery/on-the-border-new-brunswick/LRvH-lf-QDuCNFv4k4ikEw,milltown-new-jersey
https://www.ubereats.com/new-jersey/food-delivery/friendlys-metuchen-550-middlesex-ave/bHh0kAYfQLmklFnHD6xDdw,milltown-new-jersey
https://www.ubereats.com/new-jersey/food-delivery/the-river-cafe/-BIxvZbTSXynxgBujyKFKQ,milltown-new-jersey
https://www.ubereats.com/new-jersey/food-delivery/five-guys-nj-1107-507-shoppes-blvd/Cako8PbxQyq1kzxS3R8LyQ,milltown-new-jersey
https://www.ubereats.com/new-jersey/food-delivery/dunkin-18a-elizabeth-street/KX-GKGoGRe6_1i9lCiBcag,milltown-new-jersey
https://www.ubereats.com/new-jersey/food-delivery/vinnies-pizza-%26-subs/OfnqUjr-S261ORIBrP0KNg,milltown-new-jersey
https://www.ubereats.com/new-jersey/food-delivery/brooklyn-calzones/ad5Pm1u_Q0OTitzwbBxtHA,milltown-new-jersey
https://www.ubereats.com/new-jersey/food-delivery/red-onion/oB7ZZve7QKKzoJ1fFZxDLA,milltown-new-jersey
https://www.ubereats.com/new-jersey/food-delivery/biryani-junction/21TrridKSZa8nY46c4thSQ,milltown-new-jersey
https://www.ubereats.com/new-jersey/food-delivery/taste-of-jamaica-1/18nHw2bkRJ6MSusGRQdIkQ,milltown-new-jersey
https://www.ubereats.com/new-jersey/food-delivery/ramen-stop/6ValRIxNQFaGHpX2dF03TQ,milltown-new-jersey
https://www.ubereats.com/new-jersey/food-delivery/30-burgers-east-brunswick/psCY0GR1TzqqIMlOBQH2JQ,milltown-new-jersey
https://www.ubereats.com/new-jersey/food-delivery/house-of-biryanis-and-kebabs-dayton/8rZwt__0SzWKnBlhzoy69g,milltown-new-jersey
https://www.ubereats.com/new-jersey/food-delivery/uncle-ralphs-restaurant/dglmR41SRTGVc22LnwNt9w,milltown-new-jersey
https://www.ubereats.com/new-jersey/food-delivery/goodfellows-pizza-and-italian-specialties-parlin/nUms51JAS2i25dFIpFsXUg,milltown-new-jersey
https://www.ubereats.com/new-jersey/food-delivery/halal-indian-bazaar/_GgHYsLeRfSfAyV_1elhPg,milltown-new-jersey
https://www.ubereats.com/new-jersey/food-delivery/amazing-taste-main-street/_2HwQHwnTJmGotl61dF4Og,milltown-new-jersey
https://www.ubereats.com/new-jersey/food-delivery/muscle-maker-grill-north-brunswick-540-milltown-rd/tsD7TKPxTXioQjRsOGLptQ,milltown-new-jersey
https://www.ubereats.com/new-jersey/food-delivery/deccan-delights/A6UZE4nPS9-ldG3RGqOYQw,milltown-new-jersey
https://www.ubereats.com/new-jersey/food-delivery/carrabbas-335-hwy-nj-18/D_xRY4hvTOWrTNUlyDdczQ,milltown-new-jersey
https://www.ubereats.com/new-jersey/food-delivery/mozzarella-cucina-italiana/n6HYUmUARoCj607ASG5E3g,milltown-new-jersey
https://www.ubereats.com/new-jersey/food-delivery/ihop-1431-us-route-1/YeBRvTy6TNevXO19JvdiHw,milltown-new-jersey
https://www.ubereats.com/new-jersey/food-delivery/wendys-1500-livingston-ave/UFe51IB0Q3uMwGJV_1ze5w,milltown-new-jersey
https://www.ubereats.com/new-jersey/food-delivery/cookies-n-crepes/tdMf8ClyQNGJj5zngxACHA,milltown-new-jersey
https://www.ubereats.com/new-jersey/food-delivery/the-halal-spot/7Eq-jHbtT-OjONWnTqmA-g,milltown-new-jersey
https://www.ubereats.com/new-jersey/food-delivery/jersey-mikes-subs-spotswood/eIpHSa-ZR36bIehTjkLFyw,milltown-new-jersey
https://www.ubereats.com/new-jersey/food-delivery/a%26g-italian-fine-foods-rt-1-s/R4mXp2VPQumocLNOkIao6g,milltown-new-jersey
https://www.ubereats.com/new-jersey/food-delivery/la-frontera-bakery/wZw5BTnCS6SUdeyi7VSKTg,milltown-new-jersey
https://www.ubereats.com/new-jersey/food-delivery/supreme-kabab-%26-curry-rt-27/hZ0fVks0SKeykzsUKf9qPQ,milltown-new-jersey
https://www.ubereats.com/new-jersey/food-delivery/milina-cuisine/Gr3lA56lTwyzeuTA3YRuiw,milltown-new-jersey
https://www.ubereats.com/new-jersey/food-delivery/jersey-mikes-subs-new-brunswick/0uLOE3tVTMuBDf68MUZrEA,milltown-new-jersey
https://www.ubereats.com/new-jersey/food-delivery/domoko-sushi-and-ramen/snc7XXhGTr-OaMnsHJYlWQ,milltown-new-jersey
https://www.ubereats.com/new-jersey/food-delivery/antojitos-mexicanos-y-mas/yqotwr2_SeGYz2qcFqaE7g,milltown-new-jersey
https://www.ubereats.com/new-jersey/food-delivery/omega-diner-cafe/zmBpQfkDSPizEWFXrYdMXQ,milltown-new-jersey
https://www.ubereats.com/new-jersey/food-delivery/zookini/yCzaZOFiTvG6iYatFuA7ug,milltown-new-jersey
https://www.ubereats.com/new-jersey/food-delivery/gunpowder-cafe/aKs89G-UTUekLJsZYEoT0Q,milltown-new-jersey
https://www.ubereats.com/new-jersey/food-delivery/pot-master/sh249hgdQAm_cHr1IadC-Q,milltown-new-jersey
https://www.ubereats.com/new-jersey/food-delivery/kbg-korean-bbq-and-grill/JjFDAlXzSHWICSTmmMpqag,milltown-new-jersey
https://www.ubereats.com/new-jersey/food-delivery/tofu-house/Tg-dvJLXRVmCK_qYGvVxhA,milltown-new-jersey
https://www.ubereats.com/new-jersey/food-delivery/punto-colombiano/Ocazvm2eS3mtY_UulI7h-g,milltown-new-jersey
https://www.ubereats.com/new-jersey/food-delivery/blaze-pizza-316-chimney-rock-rd/jUiYzesqQ9yHiHvP5kvFaA,milltown-new-jersey
https://www.ubereats.com/new-jersey/food-delivery/418-burgers/LCBfdyfXSM-ItBucvy_0hA,milltown-new-jersey
https://www.ubereats.com/new-jersey/food-delivery/outback-steakhouse-1397-us-highway-9/KcSYF3UcSHGPP7v586YNww,milltown-new-jersey
https://www.ubereats.com/new-jersey/food-delivery/dunkin-1254-stelton-rd/DNmgZhQBQwakZBaZwALXCA,milltown-new-jersey
https://www.ubereats.com/new-jersey/food-delivery/main-street-diner-%26-pizzeria/7tYMABYUSE6isMQcAr7kpQ,milltown-new-jersey
https://www.ubereats.com/new-jersey/food-delivery/stewarts-rootbeer-drive-in/CfYUQBpFQdmQctZnm0n-kA,milltown-new-jersey
https://www.ubereats.com/new-jersey/food-delivery/thai-lotus-thai-cuisine/DF99UmpPTVeEqe8j_vQ2pg,milltown-new-jersey
https://www.ubereats.com/new-jersey/food-delivery/bar-louie-east-brunswick/y1IpIujhSPykCreXh9VCMA,milltown-new-jersey
https://www.ubereats.com/new-jersey/food-delivery/panda-house/6b9HDzc7TemJINgB2YF3ww,milltown-new-jersey
https://www.ubereats.com/new-jersey/food-delivery/chipotle-mexican-grill-318-chimney-rock-rd/TW6ZETHyQCeYAB01DHdYzQ,milltown-new-jersey
https://www.ubereats.com/new-jersey/food-delivery/bhog/bi8lc2-yQ4-kr9gmb6RRHA,milltown-new-jersey
https://www.ubereats.com/new-jersey/food-delivery/wawa-8386-555-new-durham-rd/xwyyZOAWQzqzG1QSQEDsSA,milltown-new-jersey
https://www.ubereats.com/new-jersey/food-delivery/green-eats/a2X5zSIjSNarIYkogHN0HA,milltown-new-jersey
https://www.ubereats.com/new-jersey/food-delivery/hooters-east-brunswick/E7ZvFa-RTs-_vAhfmz1BzA,milltown-new-jersey
https://www.ubereats.com/new-jersey/food-delivery/anjappar-chettinad-brunswick-nj/x4Rl_2YxSl2wwtAPQSOusQ,milltown-new-jersey
https://www.ubereats.com/new-jersey/food-delivery/dusals/DnINSEBDR52BW7KYOQGFQg,milltown-new-jersey
https://www.ubereats.com/new-jersey/food-delivery/campus-pizza/vP-V8QV9T0mExLZsEzno5A,milltown-new-jersey
https://www.ubereats.com/new-jersey/food-delivery/kathiyawadi-village/p-KUwCiQRPeRLbdP9Ctthg,milltown-new-jersey
https://www.ubereats.com/new-jersey/food-delivery/fusion-house-restaurant-georges-rd/VkU723aUScyhqNcpnT2alg,milltown-new-jersey
https://www.ubereats.com/new-jersey/food-delivery/asian-garden/5Ihma7WQQvq_sJUNDgKb_w,milltown-new-jersey
https://www.ubereats.com/new-jersey/food-delivery/carvel-223-raritan-avenue/sNaGgy5BQXOYGUxehjC21w,milltown-new-jersey
https://www.ubereats.com/new-jersey/food-delivery/general-saloon/EkGjRWbFSd6U0d-OXcS1fw,milltown-new-jersey
https://www.ubereats.com/new-jersey/food-delivery/red-brick-pizza-kitchen-cafe/ZgjpR3C6SLi6ov0gz_B32Q,milltown-new-jersey
https://www.ubereats.com/new-jersey/food-delivery/four-seasons-thai-cuisine-authentic-thai/AquvtEqRTDGs_3qK2ZiIXw,milltown-new-jersey
https://www.ubereats.com/new-jersey/food-delivery/royal-orchid-thai-cuisine/5V6PSiZTSpWfMPx3HOiLcA,milltown-new-jersey
https://www.ubereats.com/new-jersey/food-delivery/indian-hut-plainsboro/exm4-feuSfGMhq9sERz_aQ,milltown-new-jersey
https://www.ubereats.com/new-jersey/food-delivery/boom-boom-chicken-edison/waNP0biXRPGm1mYSVjj1Aw,milltown-new-jersey
https://www.ubereats.com/new-jersey/food-delivery/dimples-bombay-talk-franklin-park/YRVeIZFjSASIE5Jr2qZDEQ,milltown-new-jersey
https://www.ubereats.com/new-jersey/food-delivery/us-fried-chicken-somerset/nZEUtKaGSUu2lDOZwHJXOQ,milltown-new-jersey
https://www.ubereats.com/new-jersey/food-delivery/krakowiak-restaurant/LC_e4EEhSl-5LlSK8ppGQQ,milltown-new-jersey
https://www.ubereats.com/new-jersey/food-delivery/devils-burger-bar/_GkEEhbDQDWVAYDNdFzcsQ,milltown-new-jersey
https://www.ubereats.com/new-jersey/food-delivery/bayleaf-grill/ggebtiCCTbqYnXshS1hGaQ,milltown-new-jersey
https://www.ubereats.com/new-jersey/food-delivery/gyro-king-%26-grill/qhKgdXkoS9ikcgE1NVoyHw,milltown-new-jersey
https://www.ubereats.com/new-jersey/food-delivery/douglass-pizzeria-%26-grill-somerset-st/czcQrmLVQRCW90vLnI7p6w,milltown-new-jersey
https://www.ubereats.com/new-jersey/food-delivery/wawa-8376-607-somerset-st/y-bMOUGXTKK7EJIi-PFrVw,milltown-new-jersey
https://www.ubereats.com/new-jersey/food-delivery/stewart-root-beer/0op5Xy-eQdq4taPHXGMB1w,milltown-new-jersey
https://www.ubereats.com/new-jersey/food-delivery/inactive-five-guys-50-racetrack-rd/0aRdoaeXS62pu0Hb1EhaPg,milltown-new-jersey
https://www.ubereats.com/new-jersey/food-delivery/duk-soo-goong-edison/jJZ_a4yHRcmAlX75RbmWwQ,milltown-new-jersey
https://www.ubereats.com/new-jersey/food-delivery/aroma-royal-thai-cuisine/U9f2zYVyQDC-itHO7la-bA,milltown-new-jersey
https://www.ubereats.com/new-jersey/food-delivery/oktays-gyro-and-grill/vJK7ZhJjSK6MuV24HvGV5A,milltown-new-jersey
https://www.ubereats.com/new-jersey/food-delivery/dunkin-256-state-route-18/lLwwV54YRi2cLGS_usOTtA,milltown-new-jersey
https://www.ubereats.com/new-jersey/food-delivery/mrs-kumars-homestyle-indian-cuisine-%26-curry-point/S3yrWuBMS_6IkUBzw2Zztw,milltown-new-jersey
https://www.ubereats.com/new-jersey/food-delivery/burger-king-273-state-hwy-18-s/Owa9kEkvS3y6UpD5Vx-_9w,milltown-new-jersey
https://www.ubereats.com/new-jersey/food-delivery/161-applebees-edison/ctNr9Dr_QgSfUZBWBSlRlw,milltown-new-jersey
https://www.ubereats.com/new-jersey/food-delivery/dunkin-4500-bordentown-ave/ptQcJHR4QESRhw_w2ZmY0g,milltown-new-jersey
https://www.ubereats.com/new-jersey/food-delivery/midori-sushi/wXJBU5QCT5CURBrFNX606A,milltown-new-jersey
https://www.ubereats.com/new-jersey/food-delivery/francesco/EJlNB9L_RSO1lHayWNqQvQ,milltown-new-jersey
https://www.ubereats.com/new-jersey/food-delivery/aroogas-grille-house-%26-sports-bar-east-brunswick/1iB9WEvgQcGfBpvSW22dBg,milltown-new-jersey
https://www.ubereats.com/new-jersey/food-delivery/franks-trattoria-and-pizza-restaurant/atcj_E5eTA6wvU2SV_W3aQ,milltown-new-jersey
https://www.ubereats.com/new-jersey/food-delivery/hunan-manor/KEfMia5RQoykUdrw3zJPeg,milltown-new-jersey
https://www.ubereats.com/new-jersey/food-delivery/saladworks-piscataway/t86XMjNlQkKZdAh1vMJq3A,milltown-new-jersey
https://www.ubereats.com/new-jersey/food-delivery/taqueria-marias/JJGOSxvWQHKzkQBR47I7oA,milltown-new-jersey
https://www.ubereats.com/new-jersey/food-delivery/kfc-590-stelton-road/ce7EUwDwQj-YiCE3YhlMhA,milltown-new-jersey
https://www.ubereats.com/new-jersey/food-delivery/happy-lamb-hot-pot-%E5%BF%AB%E4%B9%90%E5%B0%8F%E7%BE%8A-1737-route-27/-Pte3WL6RRKkPe53YAHSkg,milltown-new-jersey
https://www.ubereats.com/new-jersey/food-delivery/pronto-deli/xZfQ6a45TRWvF1nIPgDo5g,milltown-new-jersey
https://www.ubereats.com/new-jersey/food-delivery/thai-shangri-la/K9qDTAReSF-Rpz97ukXyXg,milltown-new-jersey
https://www.ubereats.com/new-jersey/food-delivery/haagen-dazs-651-shoppes-blvd/V4bzyhtwQ9uK32WF_izQXg,milltown-new-jersey
https://www.ubereats.com/new-jersey/food-delivery/kilmer-gongcha/sSPqOWaTSW-PHbCUIGOB0A,milltown-new-jersey
https://www.ubereats.com/new-jersey/food-delivery/caribbean-cafe/219tLiRRS_i6Ldx-EE6WwQ,milltown-new-jersey
https://www.ubereats.com/new-jersey/food-delivery/bombay-blue/9EKvZZVJTGmGy-y8j8nXOg,milltown-new-jersey
https://www.ubereats.com/new-jersey/food-delivery/kung-fu-tea-1731-state-route-27/S0BH7bc8Qfq8kipx_quw7g,milltown-new-jersey
https://www.ubereats.com/new-jersey/food-delivery/knights-express-pizza-%26-grill/N7ekS5wIQ-iYtDUjugVMJA,milltown-new-jersey
https://www.ubereats.com/new-jersey/food-delivery/cambo-box/9jE07LKRQquLvN0xqIbg8Q,milltown-new-jersey
https://www.ubereats.com/new-jersey/food-delivery/the-halal-guys-37-easton-ave/XxhAAvrbT3KKkFHw7x_q-Q,milltown-new-jersey
https://www.ubereats.com/new-jersey/food-delivery/honeygrow-36-college-avenue/GlDkl-c8Rr-dkcS4GhJdfA,milltown-new-jersey
https://www.ubereats.com/new-jersey/food-delivery/house-of-cupcakes-east-brunswick/Y7xvFk6UTCiON7Fx-yuEkw,milltown-new-jersey
https://www.ubereats.com/new-jersey/food-delivery/persis-indian-grill-applegarth-rd/zgLQ6ksDTKeCwQY9tB5UHw,milltown-new-jersey
https://www.ubereats.com/new-jersey/food-delivery/moes-southwest-grill-326-state-route-18/7xcaOJNwREilJWrOvpmoGg,milltown-new-jersey
https://www.ubereats.com/new-jersey/food-delivery/taco-bell-1120-somerset-street/oXoqEGG4TRKAQfSahzWMqg,milltown-new-jersey
https://www.ubereats.com/new-jersey/food-delivery/b%26c-deli/2tqF2msFRvWDx0hRzY8r6w,milltown-new-jersey
https://www.ubereats.com/new-jersey/food-delivery/elixir-bar-and-grill/D5NoyrK6ShqyKAJnBceNQg,milltown-new-jersey
https://www.ubereats.com/new-jersey/food-delivery/panera-126-college-avenue/cIZeHLSvSPml2hpGDDJVDA,milltown-new-jersey
https://www.ubereats.com/new-jersey/food-delivery/royal-indian-restaurant/3qtaztvDSKyWl7_pOeYtfQ,milltown-new-jersey
https://www.ubereats.com/new-jersey/food-delivery/park-deli-grill-and-pizza/9X8dYfcARp-3ARaETqPJjQ,milltown-new-jersey
https://www.ubereats.com/new-jersey/food-delivery/25-burgers/72pjui9nQz2_U8J0kQ220Q,milltown-new-jersey
https://www.ubereats.com/new-jersey/food-delivery/desi-tasty-grill/NikwTg2bQymrcHnArzxeRA,milltown-new-jersey
https://www.ubereats.com/new-jersey/food-delivery/dunkin-920-hamilton-street/DdZFcXukR6Gf4g8081ZWrQ,milltown-new-jersey
https://www.ubereats.com/new-jersey/food-delivery/cheng-garden-ii-woodbridge-ave/c6ocgyaUQ0SnmPJRkWJVOA,milltown-new-jersey
https://www.ubereats.com/new-jersey/food-delivery/the-greene-turtle-sports-bar-%26-grill/ES5pxxl1QzSWHL2QLUJQDw,milltown-new-jersey
https://www.ubereats.com/new-jersey/food-delivery/guru-palace/UOX0hFnESHia7J_E_iNHzg,milltown-new-jersey
https://www.ubereats.com/new-jersey/food-delivery/attilios-pizzeria-%26-restaurant/FwjDA2TGTKqPURWwPF7E3Q,milltown-new-jersey
https://www.ubereats.com/new-jersey/food-delivery/bagel-one/QtTfOLT7QCG1ilvEn8regg,milltown-new-jersey
https://www.ubereats.com/new-jersey/food-delivery/manhattan-bagel-edison/6XovcKMzSRCiYA7Q4K7VrQ,milltown-new-jersey
https://www.ubereats.com/new-jersey/food-delivery/taqueria-marias-new-street/L4BTmJMLTsWfPHTNxXpeww,milltown-new-jersey
https://www.ubereats.com/new-jersey/food-delivery/east-hana-japanese-restaurant-state-rt-18/olkFz-jXRQuMAMiXe_2MDg,milltown-new-jersey
https://www.ubereats.com/new-jersey/food-delivery/us-fried-chicken-%26-spanish-foodhalal/A1CWbdnNS_abGRbTyI6nfw,milltown-new-jersey
https://www.ubereats.com/new-jersey/food-delivery/papa-johns-pizza-1626-highway-130/Mz5DQscYQL-FT_tAPEke8Q,milltown-new-jersey
https://www.ubereats.com/new-jersey/food-delivery/diamond-thai-cuisine/iAnrj6PoRDyk_7ccSj5VGQ,milltown-new-jersey
https://www.ubereats.com/new-jersey/food-delivery/el-mexicano-restaurant/Mk8BGyT1RXufGUsjfdAHfQ,milltown-new-jersey
https://www.ubereats.com/new-jersey/food-delivery/jamba-juice-652-shoppes-blvd/cSMp6wfpTMaoyWEczUzLww,milltown-new-jersey
https://www.ubereats.com/new-jersey/food-delivery/mamouns-falafel-new-brunswick/CPiWvnvYQHu8p9sYTa-Jow,milltown-new-jersey
https://www.ubereats.com/new-jersey/food-delivery/kfc-287-route-18/jFkW1OqkQnuYW2Nf6E8DSg,milltown-new-jersey
https://www.ubereats.com/new-jersey/food-delivery/okie-pokii-cafe/F8171XRvRAWXiGuxuo63fg,milltown-new-jersey
https://www.ubereats.com/new-jersey/food-delivery/asian-express/gfU5iHmPSM6ofV93S00dpg,milltown-new-jersey
https://www.ubereats.com/new-jersey/food-delivery/sahara/x-Q8ATyAR4uRfaiKR1CFhA,milltown-new-jersey
https://www.ubereats.com/new-jersey/food-delivery/kr-kitchen/oNKwAponSlSceX-MzqHndQ,milltown-new-jersey
https://www.ubereats.com/new-jersey/food-delivery/auntie-annes-755-state-hwy-18-suite-778a/WLS6oGf5Tmmfqz4_65JPPA,milltown-new-jersey
https://www.ubereats.com/new-jersey/food-delivery/giovannelis-pizza-%26-grill/RT8l12mZSkiRJbWy5zYYaw,milltown-new-jersey
https://www.ubereats.com/new-jersey/food-delivery/dunkin-2170-rte-130-n/3e01HTxCRBab_bnva7ZuzQ,milltown-new-jersey
https://www.ubereats.com/new-jersey/food-delivery/mcdonalds-1966-hwy-27/t9Vc8ZfcR1SO2DhZGZa-MQ,milltown-new-jersey
https://www.ubereats.com/new-jersey/food-delivery/bbq-chicken-edison-nj/N9ZC3wX5TbitcirxG6XW6w,milltown-new-jersey
https://www.ubereats.com/new-jersey/food-delivery/chopstick-iii/J8zXiLeYR06BXYgMdHfaDg,milltown-new-jersey
https://www.ubereats.com/new-jersey/food-delivery/cosina-de-chencha/qqQdLIIoTI6iYi_rcsyGgQ,milltown-new-jersey
https://www.ubereats.com/new-jersey/food-delivery/sunshine-grill/IQa-20KoR8CckhZKPGbquA,milltown-new-jersey
https://www.ubereats.com/new-jersey/food-delivery/edo-japanese-restaurant/Z-aR9goDQwG6HPNoSbqHFQ,milltown-new-jersey
https://www.ubereats.com/new-jersey/food-delivery/xian-flavor/vKVLYDQ2QqegZMr419SzwQ,milltown-new-jersey
https://www.ubereats.com/new-jersey/food-delivery/chipotle-mexican-grill-524-shoppes-blvd/6KSUcHxfRMqQxIalpoOMmQ,milltown-new-jersey
https://www.ubereats.com/new-jersey/food-delivery/dunkin-2900-us-1/UvuT7YDfTr2ob9RhVfkTJQ,milltown-new-jersey
https://www.ubereats.com/new-jersey/food-delivery/briens-pizzeria/jF3mVXabRmuiDzk1x9Ilag,milltown-new-jersey
https://www.ubereats.com/new-jersey/food-delivery/in-n-out-deli-%26-grocery/QlCK4b0sQrGhl0sTJlm97w,milltown-new-jersey
https://www.ubereats.com/new-jersey/food-delivery/rumis-palace/-5PICaN2QQiAaGYIkd4spg,milltown-new-jersey
https://www.ubereats.com/new-jersey/food-delivery/sri-ganesh-dosa-house/U7_1KjjVQtWRgnS3Sgc2IA,milltown-new-jersey
https://www.ubereats.com/new-jersey/food-delivery/kulu-desserts-%26-dumpling-town/JnY0_QzyRm-Nh6miA1b_Vg,milltown-new-jersey
https://www.ubereats.com/new-jersey/food-delivery/ra-ra-ramen/9luHKgjxR6SomnsVImgbaw,milltown-new-jersey
https://www.ubereats.com/new-jersey/food-delivery/dunkin-517-old-post-rd/qL3dhVXEQX6uxs8i0lk0MQ,milltown-new-jersey
https://www.ubereats.com/new-jersey/food-delivery/hooters-60-cottontail-ln/ItQvIVK3Qv-Fr-_0oh-jhg,milltown-new-jersey
https://www.ubereats.com/new-jersey/food-delivery/chipotle-mexican-grill-387-george-st/JgcVjkBFTOmUqJi7-XBZ-Q,milltown-new-jersey
https://www.ubereats.com/new-jersey/food-delivery/kabab-culture/MGVqkd75QIyCoTIssr5DIg,milltown-new-jersey
https://www.ubereats.com/new-jersey/food-delivery/nicolas-pizzeria/yAlSs05mT2yhFnWM5AY_KA,milltown-new-jersey
https://www.ubereats.com/new-jersey/food-delivery/ritas-italian-ice/ct-cKDrxSvOyPZMjluUOVg,milltown-new-jersey
https://www.ubereats.com/new-jersey/food-delivery/the-burger-spot-old-bridge/-qpua7L2Sh2I6a41Q-k4Hg,milltown-new-jersey
https://www.ubereats.com/new-jersey/food-delivery/lena-y-carbon-edison/VQhPcv0KSWazhsErDJ7wlg,milltown-new-jersey
https://www.ubereats.com/new-jersey/food-delivery/amazing-bagel-2/Bi_yW-52Rw6sIFlj4SEbKw,milltown-new-jersey
https://www.ubereats.com/new-jersey/food-delivery/lucys-restaurant/4H_gEBbcQne2ugKuzA3m1Q,milltown-new-jersey
https://www.ubereats.com/new-jersey/food-delivery/hot-wings/HjqyKQPkSqiNZntYcvGBjw,milltown-new-jersey
https://www.ubereats.com/new-jersey/food-delivery/positive-vybz-island-grill/-OqnaJ8ARfWr-cu4VOpbbw,milltown-new-jersey
https://www.ubereats.com/new-jersey/food-delivery/taco-bell-4041-us-route-1-south/EXgBn-akQbSu_jbN5GNb6g,milltown-new-jersey
https://www.ubereats.com/new-jersey/food-delivery/coco-asian-cuisine/tOnWfziCRAGL0497sndy0w,milltown-new-jersey
https://www.ubereats.com/new-jersey/food-delivery/amazing-bagel-parlin/xy_Zm8Y7ToeKQlBh-zMdxg,milltown-new-jersey
https://www.ubereats.com/new-jersey/food-delivery/starbucks-rutgers-the-yard/4M7supLNSO2qR49BnbXAGA,milltown-new-jersey
https://www.ubereats.com/new-jersey/food-delivery/river-thai-cuisine-main-st/xDTXlPsfQ3OTQxDlrK26yA,milltown-new-jersey
https://www.ubereats.com/new-jersey/food-delivery/kabul-corner-afghan-cuisine/ftmXLGbMRU-Ynk6fp_z-9g,milltown-new-jersey
https://www.ubereats.com/new-jersey/food-delivery/giddys-pizzeria/aX8O1UIfRXy-LZmnXhxzZg,milltown-new-jersey
https://www.ubereats.com/new-jersey/food-delivery/mi-tea-%E5%BC%A5%E8%8C%B6/CcBY8LQFTlqYBg1U58eySA,milltown-new-jersey
https://www.ubereats.com/new-jersey/food-delivery/u-yee-sushi-%26-hibachi/O35qE_UbTz6BSzUtfAI5TA,milltown-new-jersey
https://www.ubereats.com/new-jersey/food-delivery/wingstop-edison/EgQN8UN5S4a3Wen_sCMAHg,milltown-new-jersey
https://www.ubereats.com/new-jersey/food-delivery/qdoba-55-rockafeller-rd/U1aUCtiuSKq2ofWcCOQ8dQ,milltown-new-jersey
https://www.ubereats.com/new-jersey/food-delivery/flos-mideast-bistro-%26-bagels/ODqyeTxsS6WxOVyVH_vi-g,milltown-new-jersey
https://www.ubereats.com/new-jersey/food-delivery/qdoba-561-route-1-south/OQqcEiB7Tp69iD3HxXonCQ,milltown-new-jersey
https://www.ubereats.com/new-jersey/food-delivery/paradise-biryani-pointe/Ge3ShUZ5T_KThR-_EzCYZA,milltown-new-jersey
https://www.ubereats.com/new-jersey/food-delivery/east-brunswick-chinese-restaurant/yz7yDI_2SQuHq0aYqAc5rA,milltown-new-jersey
https://www.ubereats.com/new-jersey/food-delivery/buffalo-wild-wings-2241-us-highway-1/dOjNu1R1T8-HpaW1IBT62w,milltown-new-jersey
https://www.ubereats.com/new-jersey/food-delivery/taco-bell-412-416-highway-1/3_9M9IYhTlOzeq2VJApvqA,milltown-new-jersey
https://www.ubereats.com/new-jersey/food-delivery/wendys-3800-us-highway-1/7XjG_IjYQwmVATJQVTP8jg,milltown-new-jersey
https://www.ubereats.com/new-jersey/food-delivery/golden-star-chinese-restaurant/5p7g-xMDQC-WOcmVrSDWHw,milltown-new-jersey
https://www.ubereats.com/new-jersey/food-delivery/burrito-bowl-mexican-grill/xk8YsuYRTvKLqSqG5_6sZw,milltown-new-jersey
https://www.ubereats.com/new-jersey/food-delivery/k-cafe/AL32H7ZvTi235TtKUCMD2A,milltown-new-jersey
https://www.ubereats.com/new-jersey/food-delivery/punta-cana-grill/L9OYsFGtSACXT8LV_EKG2w,milltown-new-jersey
https://www.ubereats.com/new-jersey/food-delivery/evelyns-restaurant/AklTAPkURreLIYvPWavZiw,milltown-new-jersey
https://www.ubereats.com/new-jersey/food-delivery/hanok/bLGthXiASx-YPc_CpHB6mg,milltown-new-jersey
https://www.ubereats.com/new-jersey/food-delivery/judys-kitchen/usorj5dzTgSmzCyxkPE9sg,milltown-new-jersey
https://www.ubereats.com/new-jersey/food-delivery/aja-asian-cuisine-and-lounge/jv72oklRQ0qTJNXrOJXrtA,milltown-new-jersey
https://www.ubereats.com/new-jersey/food-delivery/somerset-restaurant-and-grill/GBXm-qkMQJSFYYLLAHuJMQ,milltown-new-jersey
https://www.ubereats.com/new-jersey/food-delivery/villa-borghese-ii/rB2RuGk5TnOC0ukuAWU7gg,milltown-new-jersey
https://www.ubereats.com/new-jersey/food-delivery/sams-chicken/01AIHpOqSN-pUvAHqizLXQ,milltown-new-jersey
https://www.ubereats.com/new-jersey/food-delivery/afghan-kabob-and-grill/o3hyP_pSTbOfpkBTRvilqg,milltown-new-jersey
https://www.ubereats.com/new-jersey/food-delivery/bagel-1/2FY0y117SqGAl8kzzL1bVQ,milltown-new-jersey
https://www.ubereats.com/new-jersey/food-delivery/scarlet-deli-158/dysMqjOOTPC5V164QxmxFA,milltown-new-jersey
https://www.ubereats.com/new-jersey/food-delivery/167-applebees-milltown/71ggOKn8QFGxTTeMOH_Icg,milltown-new-jersey
https://www.ubereats.com/new-jersey/food-delivery/30-burgers-bound-brook/jZRFcc3gSuO88cYy3cnGiw,milltown-new-jersey
https://www.ubereats.com/new-jersey/food-delivery/edison-tex-mex-deli/Y6jUn4nTQmCv_laq3t3xbQ,milltown-new-jersey
https://www.ubereats.com/new-jersey/food-delivery/saanjh-indian-cuisine/DTjtfmyYTIyfF9UbAQBNDw,milltown-new-jersey
https://www.ubereats.com/new-jersey/food-delivery/burger-king-260-plainfield-avenue/mi4B0_A2QSKn-l86xJY_-w,milltown-new-jersey
https://www.ubereats.com/new-jersey/food-delivery/pizza-hut-2245-us-highway-1/0vqNiCIdSK-xUquziMNXzA,milltown-new-jersey
https://www.ubereats.com/new-jersey/food-delivery/red-robin-727-788-state-highway-18/7tQDBU5BQHKdK4MnJb2bNg,milltown-new-jersey
https://www.ubereats.com/new-jersey/food-delivery/lucky-7/BPpfwbmwTKmovaOriwqEsg,milltown-new-jersey
https://www.ubereats.com/new-jersey/food-delivery/bites-%26-bowls-fusion-cantina-grill/5tXKIjm5TrmLB_hVVQpe4Q,milltown-new-jersey
https://www.ubereats.com/new-jersey/food-delivery/amazing-buffalo-wings-%26-ribs/RquyC25lTQapL2AY6IoH3A,milltown-new-jersey
https://www.ubereats.com/new-jersey/food-delivery/houlihans-bridgewater/hCB8GaFsQBKOxdm5E0tgew,milltown-new-jersey
https://www.ubereats.com/new-jersey/food-delivery/pasta-volo/qzNgz0XzQLa0znM3rwBaZw,milltown-new-jersey
https://www.ubereats.com/new-jersey/food-delivery/quick-mart-deli/unrBOnPPSCmqDhzHgH-h5A,milltown-new-jersey
https://www.ubereats.com/new-jersey/food-delivery/asanka-delight-african-cuisine/66HBcrU_Ro2HO1Q9kW7HHw,milltown-new-jersey
https://www.ubereats.com/new-jersey/food-delivery/keum-ho-garden/QQxgbsDnQvisIZAa-QPquw,milltown-new-jersey
https://www.ubereats.com/new-jersey/food-delivery/konaseema-biryani-%26-dosa/7n3EXQwVSYKiSPl7_yq-1g,milltown-new-jersey
https://www.ubereats.com/new-jersey/food-delivery/douglas-pizza-%26-grill/379AUWcFT-eCI8r09YUTQA,milltown-new-jersey
https://www.ubereats.com/new-jersey/food-delivery/chand-palace-piscataway/hSetaq2QRyiFZOI20pJU5w,milltown-new-jersey
https://www.ubereats.com/new-jersey/food-delivery/mollaga-indian-grill/QhkIZRUpRMmtlh81GBlK-w,milltown-new-jersey
https://www.ubereats.com/new-jersey/food-delivery/shanghai-dumpling-house/4b_ydnDGTCaVqcWRMJYGjA,milltown-new-jersey
https://www.ubereats.com/new-jersey/food-delivery/mcdonalds-georges-%26-milltown-rd/j2v37s0QQwiw_aBMlmOxnQ,milltown-new-jersey
https://www.ubereats.com/new-jersey/food-delivery/a-%26-s-pizza/npQNGUSPQL-NxD25In08AQ,milltown-new-jersey
https://www.ubereats.com/new-jersey/food-delivery/sonic-3331-route-27/u0Fuc8bKSgadTjwxhkG1QA,milltown-new-jersey
https://www.ubereats.com/new-jersey/food-delivery/white-castle-645-highway-18/7wp2-kC4TGqkd81aOPJhGg,milltown-new-jersey
https://www.ubereats.com/new-jersey/food-delivery/noodle-gourmet/-rsTfEmhTPSdVSeX1Da6hQ,milltown-new-jersey
https://www.ubereats.com/new-jersey/food-delivery/coco-fresh-tea-%26-juice-ranch-market/iAlfdYqWQcWNeSUK8kQQ2w,milltown-new-jersey
https://www.ubereats.com/new-jersey/food-delivery/wendys-414-highway-18-north/RUkXT_VNRJuEXRsp3Fvizg,milltown-new-jersey
https://www.ubereats.com/new-jersey/food-delivery/6-ten-deli/7KmJcsPJThy9vTyq2IJaxA,milltown-new-jersey
https://www.ubereats.com/new-jersey/food-delivery/mothership-pizza/zhEcGDI7TRiq0_znJuYG6w,milltown-new-jersey
https://www.ubereats.com/new-jersey/food-delivery/bollywood-tadka/bVKqi7muS-2Gbz7gSbbu7A,milltown-new-jersey
https://www.ubereats.com/new-jersey/food-delivery/north-brunswick-pizza/CC1MsjQ5SWWHTDiJN_4QFA,milltown-new-jersey
https://www.ubereats.com/new-jersey/food-delivery/mcdonalds-361-south-rt-18/OLkVuFB8QwO5X1ig_b22DQ,milltown-new-jersey
https://www.ubereats.com/new-jersey/food-delivery/delhi-woks/0gPyiPlQQF-fBUF0fehfpA,milltown-new-jersey
https://www.ubereats.com/new-jersey/food-delivery/popeyes-north-brunswick/SlDeWhjJSu2yEvNgT4sjQw,milltown-new-jersey
https://www.ubereats.com/new-jersey/food-delivery/la-poncena/jdE2ZYgvSgehaZZK96fxXw,milltown-new-jersey
https://www.ubereats.com/new-jersey/food-delivery/dunkin-23-no-main-st/wMvc5Mf7RdSKzxEg4Zef6g,milltown-new-jersey
https://www.ubereats.com/new-jersey/food-delivery/bubble-bubble-cafe-inc/hPpL1SEUQFyD4PVNPCM1uA,milltown-new-jersey
https://www.ubereats.com/new-jersey/food-delivery/boston-market-900-easton-ave/DHTBjPC6Ql2WvcZz4I8Row,milltown-new-jersey
https://www.ubereats.com/new-jersey/food-delivery/edison-pizza-%26-italian-restaurant/s3xsSLhxTZWUvaaKVhBDWg,milltown-new-jersey
https://www.ubereats.com/new-jersey/food-delivery/sanctuary-and-wok-express/C1nnCiFbTNGSQ581DE7QiQ,milltown-new-jersey
https://www.ubereats.com/new-jersey/food-delivery/teri-teri-japanese-restaurant-new-brunswick/U5TZ4l-mT7aYXoZWwo8YDQ,milltown-new-jersey
https://www.ubereats.com/new-jersey/food-delivery/popeyes-east-brunswick/5PAq1CcVQ0Klq80_Ft0QsQ,milltown-new-jersey
https://www.ubereats.com/new-jersey/food-delivery/edison-noodle-house/ZaFV47KlROqFRp8RPIE_Qw,milltown-new-jersey
https://www.ubereats.com/new-jersey/food-delivery/dunkin-1345-rte-1/0XsvX61jRcKdxu8RIODLSw,milltown-new-jersey
https://www.ubereats.com/new-jersey/food-delivery/the-ice-cream-shop/9-30_tTEQz6lJYXAA7oNcg,milltown-new-jersey
https://www.ubereats.com/new-jersey/food-delivery/bridge-turkish-grillglatt-kosherunder-strict-supervision-of%22vaad-hakashrut-of-raritan-valley/hmiWrWrBS42NGSNGE2uc2Q,milltown-new-jersey
https://www.ubereats.com/new-jersey/food-delivery/seed-burger/Hd11xZ7bRbqdceEOlj9GNQ,milltown-new-jersey
https://www.ubereats.com/new-jersey/food-delivery/thesweetspot/zew6aKc3Q5uSf5Rh70tF1w,milltown-new-jersey
https://www.ubereats.com/new-jersey/food-delivery/kbg-korean-bbq-%26-grilled/SF-oFs39T-2AjKjSnfGvUA,milltown-new-jersey
https://www.ubereats.com/new-jersey/food-delivery/cristos-pizza-%26-grill/mmchelNDTlKgFmYfP8nSpw,milltown-new-jersey
https://www.ubereats.com/new-jersey/food-delivery/ru-hungry/MR-9uyfURhit7TpdsnL2JQ,milltown-new-jersey
https://www.ubereats.com/new-jersey/food-delivery/burger-king-3948-us-highway-1-apt-1/fCaEtXa_SAGe-0SHKzJY_g,milltown-new-jersey
https://www.ubereats.com/new-jersey/food-delivery/subway-290-state-route-18/c4uUpGpjQ0WabaVOJbrEIw,milltown-new-jersey
https://www.ubereats.com/new-jersey/food-delivery/mcdonalds-730-route-18-north/PYQtLCbWTmOOQi0qQ4eZbw,milltown-new-jersey
https://www.ubereats.com/new-jersey/food-delivery/ihop-766-route-18-north/A7RD9lurRNOZQ0aeG9d2bQ,milltown-new-jersey
https://www.ubereats.com/new-jersey/food-delivery/bellissimo-mexican-%26-italian-restaurant/3CJicOp_RsiFCEzO9qfXUg,milltown-new-jersey
https://www.ubereats.com/new-jersey/food-delivery/taco-bell-572-route-18/a4N_t4psS9OYRv5vD9XW7A,milltown-new-jersey
https://www.ubereats.com/new-jersey/food-delivery/king-of-gyro-new-brunswick/379AbOqMQM2xqAiQcyyGmA,milltown-new-jersey
https://www.ubereats.com/new-jersey/food-delivery/mr-subs-north-brunswick/thJYC2JvT16EeoAxb7W0xQ,milltown-new-jersey
https://www.ubereats.com/new-jersey/food-delivery/ritas-italian-ice-381-triangle-rd/TDiwiHBJRDm_v363H4210A,milltown-new-jersey
https://www.ubereats.com/new-jersey/food-delivery/campus-deli/y_sY9-MJQqyhsTy6nwa2sg,milltown-new-jersey
https://www.ubereats.com/new-jersey/food-delivery/houlihans-new-brunswick/whuz8hDFTZGiVdXheqJ6Kw,milltown-new-jersey
https://www.ubereats.com/new-jersey/food-delivery/food-inn/e-3ZZvnjQhW5VeitKGNkug,milltown-new-jersey
https://www.ubereats.com/new-jersey/food-delivery/santinis-pizza-palace-hamilton-st/7D-2ku2MQBGvoa8JCSZqjA,milltown-new-jersey
https://www.ubereats.com/new-jersey/food-delivery/tacoria-new-brunswick/YyE-5eH_QHSvasU4nq-I-g,milltown-new-jersey
https://www.ubereats.com/new-jersey/food-delivery/carvel-91-old-stage-road/-Z7rdHw8TZaPpICB2Mf-tw,milltown-new-jersey
https://www.ubereats.com/new-jersey/food-delivery/flavours-of-manila/OixRwp5ZRO2OEBRNfJOO_Q,milltown-new-jersey
https://www.ubereats.com/new-jersey/food-delivery/thomas-sweet-ice-cream/jdzOrXA8TyO3MN9FR54kqw,milltown-new-jersey
https://www.ubereats.com/new-jersey/food-delivery/filippos-famous-pizza-george-st/xmyjlYyZRy-XdVssLqNImA,milltown-new-jersey
https://www.ubereats.com/new-jersey/food-delivery/bawarchi-biryanis/mwo1R0-YRhiBsNMEFt-vsA,milltown-new-jersey
https://www.ubereats.com/new-jersey/food-delivery/shanghai-noodle-house/sJUM51YbT_2BAETBCwJ-kg,milltown-new-jersey
https://www.ubereats.com/new-jersey/food-delivery/firangi-indian-eatery/d0ccNr8VSu2zIY_pMypoIg,milltown-new-jersey
https://www.ubereats.com/new-jersey/food-delivery/smashburger-975-rte-1-south/lFRMMCAGQn-biC5dFQJv9A,milltown-new-jersey
https://www.ubereats.com/new-jersey/food-delivery/perkins-286-route-18/VHqQ_2M4SKqOqrcWtPBCMA,milltown-new-jersey
https://www.ubereats.com/new-jersey/food-delivery/sabroso-restaurant/paBC-NbbSxWFuzBUl2wbPg,milltown-new-jersey
https://www.ubereats.com/new-jersey/food-delivery/hoja-asian-fusion/YlyBSPZlS7SYGYTFDKWKhw,milltown-new-jersey
https://www.ubereats.com/new-jersey/food-delivery/taco-bell-4807-stelton-rd/mfqQIlUsRC-HupGLVBR7eA,milltown-new-jersey
https://www.ubereats.com/new-jersey/food-delivery/hidden-grounds-coffee/soLuEJ-YS-yp-Yi2PLSVjg,milltown-new-jersey
https://www.ubereats.com/new-jersey/food-delivery/brunswick-bagels-and-deli/vQZrdOZjTmqQ8YOX26xjZA,milltown-new-jersey
https://www.ubereats.com/new-jersey/food-delivery/master-shanghai-dumpling-house-%E4%B8%8A%E6%B5%B7%E5%B0%8F%E7%AC%BC*%E7%83%A7%E8%85%8A/N-sdm1A_Qe6Q3ikPNUk5Gg,milltown-new-jersey
https://www.ubereats.com/new-jersey/food-delivery/dashen-ethiopian-cuisine/-1Lu06sWQPiRskq3Xa2P6A,milltown-new-jersey
https://www.ubereats.com/new-jersey/food-delivery/subway-103-easton-ave/yem9kWPBREOMkpLKimHvmw,milltown-new-jersey
https://www.ubereats.com/new-jersey/food-delivery/subway-921-hamilton-st/yqP86e8NRRyPqdEp41mH7w,milltown-new-jersey
https://www.ubereats.com/new-jersey/food-delivery/bagel-peddler/Z0jVtONiT2qiUcLBD-lBYQ,milltown-new-jersey
https://www.ubereats.com/new-jersey/food-delivery/four-boys-ice-cream/N-PJI9dDTAKFC2kmwMndQw,milltown-new-jersey
https://www.ubereats.com/new-jersey/food-delivery/pita-%26-hummus/VOReitcgS_O0eHUp776axw,milltown-new-jersey
https://www.ubereats.com/new-jersey/food-delivery/frutta-bowls-north-brunswick/BEbR0NZ9QMyDtnabURh-ew,milltown-new-jersey
https://www.ubereats.com/new-jersey/food-delivery/cozyroom/qz8IFUcTS5eKE5MlN8AW-Q,milltown-new-jersey
https://www.ubereats.com/new-jersey/food-delivery/pantry1-deli-%26-grill/9wQya9KLT22T3hYagdsfTw,milltown-new-jersey
https://www.ubereats.com/new-jersey/food-delivery/kera-garden/cPkyCSwFQgCk5J2HD98j5A,milltown-new-jersey
https://www.ubereats.com/new-jersey/food-delivery/j%26e-bakery-and-deli/909epz7GRnenVamQjYe6VA,milltown-new-jersey
https://www.ubereats.com/new-jersey/food-delivery/cold-stone-creamery-348-ryders-lane/mSEij8MzR5W7X4vpcL8mPA,milltown-new-jersey
https://www.ubereats.com/new-jersey/food-delivery/ruby-tuesday-250-davidson-ave/wjN3KRxKRT6RlurtydLEpA,milltown-new-jersey
https://www.ubereats.com/new-jersey/food-delivery/el-sol-mexican-restaurant/3iL8Qe89R6-cIgrf0qj1lg,milltown-new-jersey
https://www.ubereats.com/new-jersey/food-delivery/wawa-0781-40-washington-road/UocmR2rGR52tW2yHaX81lQ,milltown-new-jersey
https://www.ubereats.com/new-jersey/food-delivery/fatto-americano/5uAHQUjJRNCQnrrzmJUKvw,milltown-new-jersey
https://www.ubereats.com/new-jersey/food-delivery/lepeep-restaurant/ZVB9VhTkTranIjRDw8dUjw,milltown-new-jersey
https://www.ubereats.com/new-jersey/food-delivery/taqueria-marias/3Zxxz2zPRmSjI62VYAg2hQ,milltown-new-jersey
https://www.ubereats.com/new-jersey/food-delivery/manhattan-bagel-sayreville/UfxCf6tVRBykB0OBWZm-Sw,milltown-new-jersey
https://www.ubereats.com/new-jersey/food-delivery/sakura-sushi-buffet-north-brunswick-township/Vd-Bo_kNRj2ZcOphfKHd6Q,milltown-new-jersey
https://www.ubereats.com/new-jersey/food-delivery/taco-bell-200-ryders-ln/C25Oy0xbRE-OqN_DYA3j-g,milltown-new-jersey
https://www.ubereats.com/new-jersey/food-delivery/jersey-mikes-subs-349-lake-ave/8MT35t-ARLWPZhAeKEWlzQ,milltown-new-jersey
https://www.ubereats.com/new-jersey/food-delivery/mariachi-mexican-restaurant/5oV71q3gQxK1-NH47a94fg,milltown-new-jersey
https://www.ubereats.com/new-jersey/food-delivery/dunkin-1067-easton-ave/sHW0N2qIRLiy48_s119XVA,milltown-new-jersey
https://www.ubereats.com/new-jersey/food-delivery/papa-johns-pizza-highland-park/AYcsB_KTRfiIoyz-32N15Q,milltown-new-jersey
https://www.ubereats.com/new-jersey/food-delivery/boston-market-300-rt-18/CZC7zYgIQPagPHN2EXnAYA,milltown-new-jersey
https://www.ubereats.com/new-jersey/food-delivery/dunkin-1714-woodbridge-ave/aunBnjNuTaC9NlNIcTf7JQ,milltown-new-jersey
https://www.ubereats.com/new-jersey/food-delivery/penang-malaysian-%26-thai-cuisine/v95obJxvQY67pxhb2PVnfg,milltown-new-jersey
https://www.ubereats.com/new-jersey/food-delivery/652-quaker-steak-%26-lube-edison/NAzL5XEIS-CIEzYxApkWsg,milltown-new-jersey
https://www.ubereats.com/new-jersey/food-delivery/mr-subs-south-plainfield/6Qg8QotGQ82BUYtF9nlQMA,milltown-new-jersey
https://www.ubereats.com/new-jersey/food-delivery/krispy-krunchy-chicken-somerset-nj/owl0vY3IR5mFAfCfJhLeGQ,milltown-new-jersey
https://www.ubereats.com/new-jersey/food-delivery/bikanervala/IdkRvWhDS7CjP6EjxJ-k7Q,milltown-new-jersey
https://www.ubereats.com/new-jersey/food-delivery/cicis-2431-us-1/m0hBNgtFQNGxpKoqcjN-QQ,milltown-new-jersey
https://www.ubereats.com/new-jersey/food-delivery/momo-kingg-chin-chin/XsZH0iaCQzi44vuWbX4KFw,milltown-new-jersey
https://www.ubereats.com/new-jersey/food-delivery/charleys-philly-steaks-755-state-route-18/Cmwptq-1RtGM5g8-SCm26Q,milltown-new-jersey
https://www.ubereats.com/new-jersey/food-delivery/dish-cafe/TvEPNaECSHm0jQLVdO1qBQ,milltown-new-jersey
https://www.ubereats.com/new-jersey/food-delivery/sam-i-am-bagels/EXS5gLXETHq_D_TuCoUUJA,milltown-new-jersey
https://www.ubereats.com/new-jersey/food-delivery/burger-king-373-george-street/ckoq3DqLQai8dzwY1Rl8eA,milltown-new-jersey
https://www.ubereats.com/new-jersey/food-delivery/chesters-chicken/bwvE-HkxTvWyYaDTMAy5Ug,milltown-new-jersey
https://www.ubereats.com/new-jersey/food-delivery/istanbul-restaurant/omiRa8Q6SY6qUrJeELqRaw,milltown-new-jersey
https://www.ubereats.com/new-jersey/food-delivery/warren-bagels-%26-deli-washington-valley-rd/eaUAdDUeTP-WIFZYjO0PiA,milltown-new-jersey
https://www.ubereats.com/new-jersey/food-delivery/otilias-cafe/jlfzEUiGSk6ww2Z3Vlum9g,milltown-new-jersey
https://www.ubereats.com/new-jersey/food-delivery/rasoi-3/lamwAsSiTc6RwliAD-kOHw,milltown-new-jersey
https://www.ubereats.com/new-jersey/food-delivery/starbucks-rte-18-south-east-brunswick/bJyhO97wR8ue1WPou8S7sg,milltown-new-jersey
https://www.ubereats.com/new-jersey/food-delivery/kfc-1100-route-9-south/kslzHV8-QnSOpXZK_956Zg,milltown-new-jersey
https://www.ubereats.com/new-jersey/food-delivery/big-m-bbq/MwHEt_I1SqCXGyC_0WdzVw,milltown-new-jersey
https://www.ubereats.com/new-jersey/food-delivery/panatieris-pizza-%26-pasta-piscataway-centennial-ave/71WPfMIMRWWp1jBALpNrvg,milltown-new-jersey
https://www.ubereats.com/new-jersey/food-delivery/four-seasons-mediterranean-cuisine/wd7sq5qIRySCO35mMY1wrw,milltown-new-jersey
https://www.ubereats.com/new-jersey/food-delivery/destination-dogs/GOnUW1HEQpy_0A9E45m-sw,milltown-new-jersey
https://www.ubereats.com/new-jersey/food-delivery/wendys-935-easton-avenue/cAFxL51cSlWOK9PwO5t3lw,milltown-new-jersey
https://www.ubereats.com/new-jersey/food-delivery/ihop-franklin-park-3077-state-highway-route-27/T3onyNE1S5uhtsZZSqfXsg,milltown-new-jersey
https://www.ubereats.com/new-jersey/food-delivery/gios-deli/PMcL7YvJRqW4_BOMiVCzJA,milltown-new-jersey
https://www.ubereats.com/new-jersey/food-delivery/five-guys-nj-1836-50-racetrack-rd/rkauxHjnSwiCMGR-OKsjHg,milltown-new-jersey
https://www.ubereats.com/new-jersey/food-delivery/chefs-table/KWBiVoYzSZeSsnc9NBFshA,milltown-new-jersey
https://www.ubereats.com/new-jersey/food-delivery/somerset-diner/ZebAwP16RfSvo0h0rRR2Ug,milltown-new-jersey
https://www.ubereats.com/new-jersey/food-delivery/el-sabor-dominicano-llc/DKA2nMGWTlCMVCSDuG6lWw,milltown-new-jersey
https://www.ubereats.com/new-jersey/food-delivery/red-lobster-750-highway-18-north/w4jx9_OCTHCJyiDxMJ7dKw,milltown-new-jersey
https://www.ubereats.com/new-jersey/food-delivery/mcdonalds-979-route-1-s/rY6jNdN3RfGepBVzXws1Aw,milltown-new-jersey
https://www.ubereats.com/new-jersey/food-delivery/mango-mango-dessert-edison/MOQ02-LkRlqCgwHhGMBdEQ,milltown-new-jersey
https://www.ubereats.com/new-jersey/food-delivery/moes-southwest-grill-north-brunswick/u4XyaGjSQaCPzS_HAoSQBA,milltown-new-jersey
https://www.ubereats.com/new-jersey/food-delivery/wingstop-shoppes-blvd-north-brunswick/dc2DqlreRIeXdpNDIZz0ZQ,milltown-new-jersey
https://www.ubereats.com/new-jersey/food-delivery/simply-chai/tH2Eh3ySQ_yfZp0_xOxhag,milltown-new-jersey
https://www.ubereats.com/new-jersey/food-delivery/la-rosa-pizzeria-highland-park/DYaLoSJDR_6KYR77-U4unA,milltown-new-jersey
https://www.ubereats.com/new-jersey/food-delivery/wawa-476-350-georges-rd/_1rLJLVYSpWJg9umTQibUQ,milltown-new-jersey
https://www.ubereats.com/new-jersey/food-delivery/jersey-mikes-subs-east-brunswick/hc1IZ1LCQ3aHBCbeO1Brow,milltown-new-jersey
https://www.ubereats.com/new-jersey/food-delivery/ramen-nagomi/D-4nFrIbRie3E-D8JD9vKQ,milltown-new-jersey
https://www.ubereats.com/new-jersey/food-delivery/camillos-restaurant-pizza/7k_FUG1ET0ir7MRMgLk2XA,milltown-new-jersey
https://www.ubereats.com/new-jersey/food-delivery/george-street-ale-house/v7UuyS3_RnWQBRkR--z0Cg,milltown-new-jersey
https://www.ubereats.com/new-jersey/food-delivery/outback-steakhouse-481-us-highway-1/p9-3SbQ0RVmQT_dVzvKUmA,milltown-new-jersey
https://www.ubereats.com/new-jersey/food-delivery/kona-grill-woodbridge/MCcPDDOZSt6kZSHKCBspsQ,milltown-new-jersey
https://www.ubereats.com/new-jersey/food-delivery/efes-mediterranean-grill/N2l40lWFT4KONYh5x9Jukg,milltown-new-jersey
https://www.ubereats.com/new-jersey/food-delivery/kfc-2650-county-road-516/LWgth7YsQHW6i3Wq3L_IHA,milltown-new-jersey
https://www.ubereats.com/new-jersey/food-delivery/shivaji-indian-express/HVtHKM_sTYi8IoW7ZyHjiQ,milltown-new-jersey
https://www.ubereats.com/new-jersey/food-delivery/taiwan-tasty/TAtZ03VuRza7zbGL9Kxyvw,milltown-new-jersey
https://www.ubereats.com/new-jersey/food-delivery/smashburger-591-rte-18-south/0SMjHTSQRECW7jUSrcWtBw,milltown-new-jersey
https://www.ubereats.com/new-jersey/food-delivery/pukhtun-afghan-cuisine/6rxhVleNTUe-9dBWcZ9hXA,milltown-new-jersey
https://www.ubereats.com/new-jersey/food-delivery/yaraku-ramen/CEku3W-XS6i_NCanrBG93Q,milltown-new-jersey
https://www.ubereats.com/new-jersey/food-delivery/art-of-salad-east-brunswick/n-4et2L7SyGpdkS31S4WBw,milltown-new-jersey
https://www.ubereats.com/new-jersey/food-delivery/benihana-60-parsonage-rd/CKDcuaR1QQawln5CanPg4A,milltown-new-jersey
https://www.ubereats.com/new-jersey/food-delivery/morals-village-hotpot/c8ynyWQMQpytIyTYi0fdXA,milltown-new-jersey
https://www.ubereats.com/new-jersey/food-delivery/chico%E2%80%9Ds-restaurant/HsYvNPWeTG-3SC6bQYQcIA,milltown-new-jersey
https://www.ubereats.com/new-jersey/food-delivery/arusuvai-at-north-brunswick/n7jisJt7QYy37qGaiKqMVg,milltown-new-jersey
https://www.ubereats.com/new-jersey/food-delivery/30-burgers-east-brunswick/mtxgulHsRzSxYW2KjVXkyw,milltown-new-jersey
https://www.ubereats.com/new-jersey/food-delivery/punjabi-food-and-chat/aOLbp0sIRCu3m9inLk4YMg,milltown-new-jersey
https://www.ubereats.com/new-jersey/food-delivery/panera-871-us-highway-1/-gBSMjxUQZmnqUz7JA40RA,milltown-new-jersey
https://www.ubereats.com/new-jersey/food-delivery/chef-tan/n5y3UYi2Q0OjfqrzwN4pIg,milltown-new-jersey
https://www.ubereats.com/new-jersey/food-delivery/the-greek-on-main/U7sNVAiJTCieApg8GXntDw,milltown-new-jersey
https://www.ubereats.com/new-jersey/food-delivery/vivi-bubble-tea/qszobZo2RNWHHHaM3asesw,milltown-new-jersey
https://www.ubereats.com/new-jersey/food-delivery/edo-take-out/IKr3tDckSWGwiH2gvphNzw,milltown-new-jersey
https://www.ubereats.com/new-jersey/food-delivery/masala-bar/JRb8Xf57TyiAXS55jFeF1w,milltown-new-jersey
https://www.ubereats.com/new-jersey/food-delivery/halal-buns-1447-new-jersey-18/eeClOocoQSavZO2l7gEIyQ,milltown-new-jersey
https://www.ubereats.com/new-jersey/food-delivery/kapadokya-mediterranean-grill/oVPrVL_aRbSSbOj5IW7LXQ,milltown-new-jersey
https://www.ubereats.com/new-jersey/food-delivery/dunkin-293-route-18/ZDtcbMzeSw6lEHlmbmOXPQ,milltown-new-jersey
https://www.ubereats.com/new-jersey/food-delivery/palermo-pizza-and-grill/nKf40J8uRl6BtxM0_8zwbw,milltown-new-jersey
https://www.ubereats.com/new-jersey/food-delivery/indochine-restaurant/SfgpOSeFRLmN_QAx8uA_hA,milltown-new-jersey
https://www.ubereats.com/new-jersey/food-delivery/the-original-picken-chicken/xvbjPkCBSPC-nmg8wxQERA,milltown-new-jersey
https://www.ubereats.com/new-jersey/food-delivery/the-original-thin-crust-pizza-company/PCnMwJMNRfmKIu9HvILBZA,milltown-new-jersey
https://www.ubereats.com/new-jersey/food-delivery/poke-nagomi/rtFEGVnoQ9KRMah-01D5pw,milltown-new-jersey
https://www.ubereats.com/new-jersey/food-delivery/spice-paradise-indian-restaurant/JwQLrSh7TgWPLvEx2xVtog,milltown-new-jersey
https://www.ubereats.com/new-jersey/food-delivery/mancini-pizza/AswhkyjbQRGyjMWh5pk3Vg,milltown-new-jersey
https://www.ubereats.com/new-jersey/food-delivery/wawa-8366-3222-rt-27/doHKWJTyRRuVXK-ASKnKpg,milltown-new-jersey
https://www.ubereats.com/new-jersey/food-delivery/the-ice-cream-shop/WOg4qBwWRhGHmRAaLyBtwQ,milltown-new-jersey
https://www.ubereats.com/new-jersey/food-delivery/dunkin-805-cranbury-rd/UZUenM-fSNGD4dFG-GCsZg,milltown-new-jersey
https://www.ubereats.com/new-jersey/food-delivery/halal-boys/vX1boiYRSsizLfh6cv__hg,milltown-new-jersey
https://www.ubereats.com/new-jersey/food-delivery/sakura-sushi-express/7PgImRdISESZfu6T7oOs3Q,milltown-new-jersey
https://www.ubereats.com/new-jersey/food-delivery/dennys-752-hwy-%2318/DRPSlxCcTYuhqKTkZuNDlw,milltown-new-jersey
https://www.ubereats.com/new-jersey/food-delivery/subway-138-talmadge-rd/hinVVK4tQciImOcZMKIjGQ,milltown-new-jersey
https://www.ubereats.com/new-jersey/food-delivery/zaika-banquet-and-restaurant/VEOlrQ1XRbiywkf_7RQ7Gw,milltown-new-jersey
https://www.ubereats.com/new-jersey/food-delivery/tgi-fridays-698-north-brunswick-nj/gupbghUXTfaE3ZPXx_Xo2g,milltown-new-jersey
https://www.ubereats.com/new-jersey/food-delivery/mirchi/0p12kJy4RMydR437RktI4Q,milltown-new-jersey
https://www.ubereats.com/new-jersey/food-delivery/dunkin-720-somerset-st/HZTca9jzTz2O-wj55UP0Zg,milltown-new-jersey
https://www.ubereats.com/new-jersey/food-delivery/speedy-hot-pizza/Rd_VxkJGT1KE8QWK0aI08g,milltown-new-jersey
https://www.ubereats.com/new-jersey/food-delivery/titos-mexican-street-eats/00LxWZboT6i466FjWHb54w,milltown-new-jersey
https://www.ubereats.com/new-jersey/food-delivery/lago-restaurant/FIPIhYw4TP6RvMNGNM3J-Q,milltown-new-jersey
https://www.ubereats.com/new-jersey/food-delivery/r-u-grill-%26-pizza-easton-ave/sjWwedzcRVKibT1sRcogaw,milltown-new-jersey
https://www.ubereats.com/new-jersey/food-delivery/playa-bowls-edison/6dFrOYVJQ-6w-wm-k6_2rg,milltown-new-jersey
https://www.ubereats.com/new-jersey/food-delivery/vitos-pastaeria/azcUaD6zS9-lbbNUujR6aw,milltown-new-jersey
https://www.ubereats.com/new-jersey/food-delivery/dosa-grill/iIcTZ_ihRsGq83RKOiAJCA,milltown-new-jersey
https://www.ubereats.com/new-jersey/food-delivery/east-hana/NiJNCz29TVWDXVG7pVfwhw,milltown-new-jersey
https://www.ubereats.com/new-jersey/food-delivery/deli-expressions/m-HpTkX7RhaTAqe-tlzrPA,milltown-new-jersey
https://www.ubereats.com/new-jersey/food-delivery/mooyah-burgers-franklin-township/Vfk03uf0TLuFMcHWblWFEw,milltown-new-jersey
https://www.ubereats.com/new-jersey/food-delivery/mithaas-north-brunswick/O6Q7q2ERSFqieHLzIPuPTQ,milltown-new-jersey
https://www.ubereats.com/new-jersey/food-delivery/brunswicks-best-burgers/y4cUS4InQUuf7EATr_Imzw,milltown-new-jersey
