url,city
https://www.ubereats.com/salt-lake-city/food-delivery/blue-marlin/XF3u7dynQYe12vMAfGW7Rg,millcreek-utah
https://www.ubereats.com/salt-lake-city/food-delivery/wendys-5648-so-900-east/kbQqIgqMRdGbz1PyJ8su7w,millcreek-utah
https://www.ubereats.com/salt-lake-city/food-delivery/big-daddys-pizza-700-e-slc-ut/58ZkSWAaSbyMQnaGv7dtMg,millcreek-utah
https://www.ubereats.com/salt-lake-city/food-delivery/mayuri-indian-grill/JmOOl-u9R_eRWuSlBqVxgw,millcreek-utah
https://www.ubereats.com/salt-lake-city/food-delivery/menchies-frozen-yogurt-2682-south-high-commons-way/jC1LMAaLQTSNkkS-wDQvQg,millcreek-utah
https://www.ubereats.com/salt-lake-city/food-delivery/the-robins-nest/S5kfoBnERQe9WXDox6Cq8Q,millcreek-utah
https://www.ubereats.com/salt-lake-city/food-delivery/mcdonalds-3300-s-%26-main-st/THlc8ZAVRb-lnkCmDffirQ,millcreek-utah
https://www.ubereats.com/salt-lake-city/food-delivery/applebees-2175-west-city-center-court/X9Ldb7g9R5ejzWMwG7ysgw,millcreek-utah
https://www.ubereats.com/salt-lake-city/food-delivery/the-habit-burger-grill-7677-south-jordan-landing-bl-suite-110/iO9YUHK0TYilfCe3nt_QlQ,millcreek-utah
https://www.ubereats.com/salt-lake-city/food-delivery/cafe-zupas-2927-s-5600-w/MpgfwRORQUKGK3T8eir1mw,millcreek-utah
https://www.ubereats.com/salt-lake-city/food-delivery/del-taco-809-e-400-south/_WTDp3nTSBqhXLQ87B4BPA,millcreek-utah
https://www.ubereats.com/salt-lake-city/food-delivery/papa-johns-1866-w-5400-south/rteaLsh7QFi7e7CZwf2a7w,millcreek-utah
https://www.ubereats.com/salt-lake-city/food-delivery/mi-lindo-nayarit/S7PJf3iTRaK4PcBZWeY6eQ,millcreek-utah
https://www.ubereats.com/salt-lake-city/food-delivery/tropical-smoothie-cafe-union-shopping-center/uNbhqXcZQkWFmGVMj6Yr-Q,millcreek-utah
https://www.ubereats.com/salt-lake-city/food-delivery/the-kathmandu/yZuiWjByRrqmS7a8ndRuFA,millcreek-utah
https://www.ubereats.com/salt-lake-city/food-delivery/bewilder-brewing-company/0w6ysj5SQ9aXCsfc2aWQUQ,millcreek-utah
https://www.ubereats.com/salt-lake-city/food-delivery/cafe-zupas-1400-fort-union-blvd/C2ooH39JSWe_ZvRouCJqTg,millcreek-utah
https://www.ubereats.com/salt-lake-city/food-delivery/the-fix/evzlaAxwT9mh5IDqxoliUA,millcreek-utah
https://www.ubereats.com/salt-lake-city/food-delivery/a%26w-4761-s-4015-w/UGIZJKKHQqmi8CpWL7P4nA,millcreek-utah
https://www.ubereats.com/salt-lake-city/food-delivery/stratford-proper/BoA0GtuFQFyDlxhSe8JtTw,millcreek-utah
https://www.ubereats.com/salt-lake-city/food-delivery/cafe-zupas-2236-s-1300-e/4coWcJ2iSsm-fkriZbip2Q,millcreek-utah
https://www.ubereats.com/salt-lake-city/food-delivery/happy-sumo/efPfgU3dRCikWdSomPOOaw,millcreek-utah
https://www.ubereats.com/salt-lake-city/food-delivery/arbys-4663-s-2700-w/1PcSOzUwRN-8fe3k1JFPkA,millcreek-utah
https://www.ubereats.com/salt-lake-city/food-delivery/chinese-taste/3E4ZRD8ySwW_t4zv2z6PdQ,millcreek-utah
https://www.ubereats.com/salt-lake-city/food-delivery/hires-big-h-salt-lake/edXOh7E_Sb64SCpMvK4nJw,millcreek-utah
https://www.ubereats.com/salt-lake-city/food-delivery/village-inn-5941-s-state-st/kLrPO7HtQDKsk61O19vq3w,millcreek-utah
https://www.ubereats.com/salt-lake-city/food-delivery/antojitos-moma/wGCTuYyISsKmPl71ywTTNw,millcreek-utah
https://www.ubereats.com/salt-lake-city/food-delivery/cafe-guanaco/Iw37o7w-TmqxWuWp1R0wzw,millcreek-utah
https://www.ubereats.com/salt-lake-city/food-delivery/red-robin-413-1313-foothill-drive/wrfYvFirSS6BPm5DAoMULw,millcreek-utah
https://www.ubereats.com/salt-lake-city/food-delivery/pig-%26-a-jelly-jar-murray-holladay-%26-highland/jkCQZj9jQXGddYepKDoYlw,millcreek-utah
https://www.ubereats.com/salt-lake-city/food-delivery/laid-back-poke-shack/iv3HX6v0RQa7zaXg1V6usw,millcreek-utah
https://www.ubereats.com/salt-lake-city/food-delivery/mcdonalds-s-redwood-rd-%26-5400-s/xwUURRmWRsWjqC3O_2j_mg,millcreek-utah
https://www.ubereats.com/salt-lake-city/food-delivery/rumbi-island-grill-murray/yjmWwX6kTa67Y7LWH6Vkgw,millcreek-utah
https://www.ubereats.com/salt-lake-city/food-delivery/blaze-of-thunder-hallpass-foodhall/QnkIV9X8S0-rO3WXAAA9jg,millcreek-utah
https://www.ubereats.com/salt-lake-city/food-delivery/applebees-5678-s-redwood-road/XdyhMLBTRqSdeW-o-8aTKQ,millcreek-utah
https://www.ubereats.com/salt-lake-city/food-delivery/coachmans-dinner-%26-pancake-house/JZ_h54_sTkGHUGoHUM1uJg,millcreek-utah
https://www.ubereats.com/salt-lake-city/food-delivery/freshfin-poke/_ya6Q-HwRRSZjU62EJ-Gsw,millcreek-utah
https://www.ubereats.com/salt-lake-city/food-delivery/golden-gyros/ZYyF2RTARK2VaR5j9oCQHA,millcreek-utah
https://www.ubereats.com/salt-lake-city/food-delivery/village-inn-910-east-400-south/W7kGuMQ_Qf-qhlk2DlErtw,millcreek-utah
https://www.ubereats.com/salt-lake-city/food-delivery/vosens-bread-paradise/m4BSuFhuSJ6wdKuaGiIZ1g,millcreek-utah
https://www.ubereats.com/salt-lake-city/food-delivery/papa-murphys-6898-south-redwood-road/NU2N1lkYSUageCTxEZ6wWQ,millcreek-utah
https://www.ubereats.com/salt-lake-city/food-delivery/bubbles-drinks-and-more/2n0nFgmdQdC7o8N7njCDyA,millcreek-utah
https://www.ubereats.com/salt-lake-city/food-delivery/la-tenoch-mexican-food/sJFBRtjzTa-ibthZRVbfFA,millcreek-utah
https://www.ubereats.com/salt-lake-city/food-delivery/pizzeria-limone-cottonwood/YcEYgvfpRO2meKsHNYBVrA,millcreek-utah
https://www.ubereats.com/salt-lake-city/food-delivery/starbucks-62nd-and-bangerter/G81IMWuDSXarWBvE_bMgdA,millcreek-utah
https://www.ubereats.com/salt-lake-city/food-delivery/wing-squad-salt-lake-city/V_S-BrR2TkGzVmPh6dkVsA,millcreek-utah
https://www.ubereats.com/salt-lake-city/food-delivery/mod-pizza-sugar-house/zS13Bi4hSMOQbWpOVBGHHA,millcreek-utah
https://www.ubereats.com/salt-lake-city/food-delivery/la-palapa-mexican-restaurant/u_EWKq-aTVufhsPwVIA7ng,millcreek-utah
https://www.ubereats.com/salt-lake-city/food-delivery/sonic-state/YMNOds4rQveKoR3B-IgVHg,millcreek-utah
https://www.ubereats.com/salt-lake-city/food-delivery/hoppers-grill-%26-brewing-co/9DmOHCCAR-CFr6Be98rj_w,millcreek-utah
https://www.ubereats.com/salt-lake-city/food-delivery/wendys-1309-foothill-blvd/vdIfdAKdTQOg4idx-XTxaA,millcreek-utah
https://www.ubereats.com/salt-lake-city/food-delivery/juicestars/9RMTzuzHSJ6X3Z0QoOchCQ,millcreek-utah
https://www.ubereats.com/salt-lake-city/food-delivery/munchies-slc/jf2bEyL3RWuWH1ynQGyUNA,millcreek-utah
https://www.ubereats.com/salt-lake-city/food-delivery/gallo-loco/CKmvIyFhSIu231CjJxQZDg,millcreek-utah
https://www.ubereats.com/salt-lake-city/food-delivery/iced/B1ffgCxbQ0Sv0TStNJkVVw,millcreek-utah
https://www.ubereats.com/salt-lake-city/food-delivery/soul-of-salt-lake-food-truck/yodLzexSRGajjdNn0A7L8w,millcreek-utah
https://www.ubereats.com/salt-lake-city/food-delivery/cinnabon-baked-at-flying-j-2025-s-900-w/P_vAtECsSEqGCZbwNjU3Lg,millcreek-utah
https://www.ubereats.com/salt-lake-city/food-delivery/ihop-1774/QGWmRpn9SPGCMpda71oslA,millcreek-utah
https://www.ubereats.com/salt-lake-city/food-delivery/wendys-3149-w-3500-s/-bt4l0jARTuYlxSktEMJ4g,millcreek-utah
https://www.ubereats.com/salt-lake-city/food-delivery/panda-express-5594-s-redwood-road/gMmCGBtrSEC4WzQSgyXuFw,millcreek-utah
https://www.ubereats.com/salt-lake-city/food-delivery/mod-pizza-fort-union/EFlEGav1Sdq7bAVRGKH91g,millcreek-utah
https://www.ubereats.com/salt-lake-city/food-delivery/petrones-pazzo-vita-deli/DCwY0WNwSFCoBJE1rUsjAA,millcreek-utah
https://www.ubereats.com/salt-lake-city/food-delivery/papa-murphys-7828-south-1300-east/FZkfDFHAQReKaCdQGcXyrg,millcreek-utah
https://www.ubereats.com/salt-lake-city/food-delivery/thai-garden-bistro/CxPW8ualT62STlnhZfpYSA,millcreek-utah
https://www.ubereats.com/salt-lake-city/food-delivery/buffalo-wild-wings-2927-s-5600-w/yEAA5h2lQGyJqRex-o1CCA,millcreek-utah
https://www.ubereats.com/salt-lake-city/food-delivery/saffron-valley-2100-s-%26-500-e/cjgs2ndlRZyFXAebbUE_Uw,millcreek-utah
https://www.ubereats.com/salt-lake-city/food-delivery/subway-7710-s-redwood-rd/RI8UlvpcQ3-tCRgp2Cusnw,millcreek-utah
https://www.ubereats.com/salt-lake-city/food-delivery/the-original-pancake-house-7044-s-union-park-ave/khpmOY4JQ9i_ISGT69grHg,millcreek-utah
https://www.ubereats.com/salt-lake-city/food-delivery/chuck-a-rama-salt-lake-city/_RN0yYXESYqldiGL9g8GLw,millcreek-utah
https://www.ubereats.com/salt-lake-city/food-delivery/mcdonalds-2310-e-%26-2100-s/qU71Np0BQjy8WycgsC-fag,millcreek-utah
https://www.ubereats.com/salt-lake-city/food-delivery/kfc-1765-west-4700-south/JBlSeTN6SeSQn2yw7G_uiw,millcreek-utah
https://www.ubereats.com/salt-lake-city/food-delivery/you-%26-i-kitchen/fJARdf7dQZqLuh45EGIGxw,millcreek-utah
https://www.ubereats.com/salt-lake-city/food-delivery/panda-express-1126-e-2100-south-suite-b/yChZxOWURdqmiSGw1DM9og,millcreek-utah
https://www.ubereats.com/salt-lake-city/food-delivery/papa-johns-124-east-900-south/uEe2_Pr6SB6giTMfsyVYMA,millcreek-utah
https://www.ubereats.com/salt-lake-city/food-delivery/arbys-1685-s-redwood-rd/SMOQ5W_VS8K6zlQqemep7A,millcreek-utah
https://www.ubereats.com/salt-lake-city/food-delivery/jamba-juice-3294-s-1300-e-unit-b/HGlXyfYnQEG4nmT2Yh6QzQ,millcreek-utah
https://www.ubereats.com/salt-lake-city/food-delivery/bumblebees-kbbq-west-valley-city/wsbsq6pvRf-xesJIyan4UA,millcreek-utah
https://www.ubereats.com/salt-lake-city/food-delivery/spitz-cottonwood/nhflZeVUTn-n3z5WbmeEug,millcreek-utah
https://www.ubereats.com/salt-lake-city/food-delivery/mcdonalds-3890-s-%26-1100-e/5K1t51hUQAygt4TxBjtnlA,millcreek-utah
https://www.ubereats.com/salt-lake-city/food-delivery/hires-big-h-s-700-e/Sgr73d8WSZOeZcrlvPpWZA,millcreek-utah
https://www.ubereats.com/salt-lake-city/food-delivery/ejo-korean-bbq/kEeDaNFyQryQe4gN0CKZag,millcreek-utah
https://www.ubereats.com/salt-lake-city/food-delivery/maxwells-east-coast-eatery/zZpHNbEeRvq1qTWqjL2o6w,millcreek-utah
https://www.ubereats.com/salt-lake-city/food-delivery/victors-restaurant/uKir7Si-STC0I5YeIKPaiQ,millcreek-utah
https://www.ubereats.com/salt-lake-city/food-delivery/subway-3300-s-state-st/ZJLeUcAoQxaZVmz8bM64-g,millcreek-utah
https://www.ubereats.com/salt-lake-city/food-delivery/grinders-13/FsF3o8WSTbqudbLb9ZT5eQ,millcreek-utah
https://www.ubereats.com/salt-lake-city/food-delivery/simply-sushi-180-w-400-s/YIbqOOjTQ3aLr9xsZx0-2A,millcreek-utah
https://www.ubereats.com/salt-lake-city/food-delivery/wing-it!-midvale/FTEft1fZQSS--j2fnTMeAA,millcreek-utah
https://www.ubereats.com/salt-lake-city/food-delivery/gurkhas/5AwNrFf3Q3yOriOYf3VYXA,millcreek-utah
https://www.ubereats.com/salt-lake-city/food-delivery/belgian-waffle-%26-omelet-inn/tlWdMt9ESeWFDAf66vvZnQ,millcreek-utah
https://www.ubereats.com/salt-lake-city/food-delivery/mcdonalds-fort-union-blvd-%26-s-900-e/EKFPYh1FSTWxp8mr9rFOgw,millcreek-utah
https://www.ubereats.com/salt-lake-city/food-delivery/chungas-1/o4BOvbEWSpy-EyL_Bj6ffQ,millcreek-utah
https://www.ubereats.com/salt-lake-city/food-delivery/ofalafel-etc/6XrGTe3lRhuQCYWT7g3KrA,millcreek-utah
https://www.ubereats.com/salt-lake-city/food-delivery/caffe-zero/SM43P-wSTfKPrHTQYwDSLg,millcreek-utah
https://www.ubereats.com/salt-lake-city/food-delivery/five-guys-ut-1749-1716-west-5400-south/Jy0OPjTBTPicuTrAdYnsOw,millcreek-utah
https://www.ubereats.com/salt-lake-city/food-delivery/red-robin-414-3601-s-2700-west-%23b152/Yexpxg5ATXmzT_WBiqUDBQ,millcreek-utah
https://www.ubereats.com/salt-lake-city/food-delivery/mcdonalds-1655-s-redwood-rd/iwSZvbkkSyyjUMOsdh1DQQ,millcreek-utah
https://www.ubereats.com/salt-lake-city/food-delivery/taco-time-810-s-state-st/goc6UTI7Ss2FECeKiw03nQ,millcreek-utah
https://www.ubereats.com/salt-lake-city/food-delivery/papa-johns-1844-east-fort-union-blvd/22T7uY0CQaGR_V9T7SIglg,millcreek-utah
https://www.ubereats.com/salt-lake-city/food-delivery/cold-stone-creamery-11585-s-district/ZcCXfp_bQZm4hVGt3Kq30Q,millcreek-utah
https://www.ubereats.com/salt-lake-city/food-delivery/wendys-1783-w-n-temple/-gkV6qqrTaytdhsiKeqYlQ,millcreek-utah
https://www.ubereats.com/salt-lake-city/food-delivery/yoyis-mexican-grill/Tv-43ezBQBuC-bii875lHw,millcreek-utah
https://www.ubereats.com/salt-lake-city/food-delivery/sabor-latino-state-street/hvDFPzKUQ3GmMjf47IMbMA,millcreek-utah
https://www.ubereats.com/salt-lake-city/food-delivery/the-original-pancake-house-790-e-2100-s/gbw5dYnqRfKSbVqq2onB-g,millcreek-utah
https://www.ubereats.com/salt-lake-city/food-delivery/a%26w-2045-s-1300-e/BBH9DvZyQrOSAcXQvXruSQ,millcreek-utah
https://www.ubereats.com/salt-lake-city/food-delivery/spitz-salt-lake-city/iLVIgDxITwSBatAGZ_lrcQ,millcreek-utah
https://www.ubereats.com/salt-lake-city/food-delivery/megaplex-theaters-jordan-commons/0kpzcjBZRH-lS4Xf7dhSUw,millcreek-utah
https://www.ubereats.com/salt-lake-city/food-delivery/noodles-%26-company-358-s-700-e-ste-a/0oxn6Qi0Rd-hsHVz5t-sJQ,millcreek-utah
https://www.ubereats.com/salt-lake-city/food-delivery/cold-stone-creamery-highland/yjexjNOyQba2VMjfYeZV8A,millcreek-utah
https://www.ubereats.com/salt-lake-city/food-delivery/ihop-1735/QppJf_JFQmaSDderQQue5A,millcreek-utah
https://www.ubereats.com/salt-lake-city/food-delivery/andinita-restaurant/Jc5BuixcQXaV98bIxHNXZw,millcreek-utah
https://www.ubereats.com/salt-lake-city/food-delivery/eiko-cafe-sushi-%26-donburi/fgQOwXOTRW-S7JYdL6pE-g,millcreek-utah
https://www.ubereats.com/salt-lake-city/food-delivery/bonwood-cafe/lqv86Q6hTESKF1Yh4cBZaQ,millcreek-utah
https://www.ubereats.com/salt-lake-city/food-delivery/mcdonalds-state-st-%26-kensington-ave/r0ZspIt3RGylodHscwO8pA,millcreek-utah
https://www.ubereats.com/salt-lake-city/food-delivery/smart-cookie-company-midvale/lzgV6IfISPWk4SxpJNf61w,millcreek-utah
https://www.ubereats.com/salt-lake-city/food-delivery/kailea-hawaiian-ice/a-vZqK78QTiy7vnB2Cq2Xg,millcreek-utah
https://www.ubereats.com/salt-lake-city/food-delivery/pizzeria-limone-salt-lake-city/ptV4LBYvQFOW46a2nhLHvQ,millcreek-utah
https://www.ubereats.com/salt-lake-city/food-delivery/hamachi/5XZKyDymRA-pYMhDrqwT6Q,millcreek-utah
https://www.ubereats.com/salt-lake-city/food-delivery/waffle-love-west-jordan/4a9fFHgcTpuHWmtMwvDSqQ,millcreek-utah
https://www.ubereats.com/salt-lake-city/food-delivery/burger-king-235-east-3300-south/H7EGMB9wQb23gE9vRpspjA,millcreek-utah
https://www.ubereats.com/salt-lake-city/food-delivery/nepali-chulo/1N0DnOjNS169y9AvDvu6Cw,millcreek-utah
https://www.ubereats.com/salt-lake-city/food-delivery/papa-murphys-150-east-3300-south/Xia5QxSLRRGlboZZpkA3QQ,millcreek-utah
https://www.ubereats.com/salt-lake-city/food-delivery/arbys-1870-w-5400-s/ZeHay9zeRYqUHUHcdtZzGA,millcreek-utah
https://www.ubereats.com/salt-lake-city/food-delivery/marcos-pizza-5510-s-900-e/P6PAXRQnQxyGYXZuVnOTAA,millcreek-utah
https://www.ubereats.com/salt-lake-city/food-delivery/pats-barbecue/JN-vC0_UQXS0KZtrSPKd0Q,millcreek-utah
https://www.ubereats.com/salt-lake-city/food-delivery/curry-up-now-salt-lake-city/BgT7XVL7TW21LMmCZSjAqw,millcreek-utah
https://www.ubereats.com/salt-lake-city/food-delivery/flemings-prime-steakhouse-%26-wine-bar-salt-lake-city/_RDDpCI4S9Okm1LWg3Dvpg,millcreek-utah
https://www.ubereats.com/salt-lake-city/food-delivery/subway-3900-south-2300-east/gteDLYTpT2ymS7zVUxavFA,millcreek-utah
https://www.ubereats.com/salt-lake-city/food-delivery/charlie-chows-dragon-grill/zHzyLAzyQ8uKlsyzpaUanw,millcreek-utah
https://www.ubereats.com/salt-lake-city/food-delivery/mcdonalds-catalpa-rd-%26-7200-s/RuFyC9aARZaKN45pAz-VzQ,millcreek-utah
https://www.ubereats.com/salt-lake-city/food-delivery/ichiban-ramen-%26-boba-crush/E8xCvZESR0GKxlybgH8Y8Q,millcreek-utah
https://www.ubereats.com/salt-lake-city/food-delivery/cafe-zupas-613-e-400-s/6g_6kx-YTHiOOmkU-Cyoqw,millcreek-utah
https://www.ubereats.com/salt-lake-city/food-delivery/mcdonalds-4200-s-%26-redwood-rd/_OaeIi9eQoW5gQtZrnwcqg,millcreek-utah
https://www.ubereats.com/salt-lake-city/food-delivery/good-burger-valley-fair-mall/o88CEFiGRBmSXsLZAt_G-w,millcreek-utah
https://www.ubereats.com/salt-lake-city/food-delivery/the-old-spaghetti-factory-taylorsville/ry5aKCsrSjO8VZUU-g8AkA,millcreek-utah
https://www.ubereats.com/salt-lake-city/food-delivery/greek-tyrant-%7C-a-gyro-joint/f_TCAhsKS_-xULPt0glKVg,millcreek-utah
https://www.ubereats.com/salt-lake-city/food-delivery/waffle-love-northern-utah-food-truck-%234/f2U0_3i6R_qmTfG0UbYkEQ,millcreek-utah
https://www.ubereats.com/salt-lake-city/food-delivery/wendys-562-east-400-south/kFmkzw_mT1KGeCQK8I3g6g,millcreek-utah
https://www.ubereats.com/salt-lake-city/food-delivery/kneaders-bakery-%26-cafe-city-creek-salt-lake-city/3TQTkrN9TKGT5M0ZRHt0aA,millcreek-utah
https://www.ubereats.com/salt-lake-city/food-delivery/turmeric-indian-cuisine/zvIC6whrTRWGB6tKmdmoew,millcreek-utah
https://www.ubereats.com/salt-lake-city/food-delivery/wendys-3259-east-3300-south/bO48s_VrQoqtyiFFmcLZ1w,millcreek-utah
https://www.ubereats.com/salt-lake-city/food-delivery/cytybyrd-cafe/FHLPE7oTSDGhBV-4PkMlNA,millcreek-utah
https://www.ubereats.com/salt-lake-city/food-delivery/papa-johns-1811-west-9000-south/ANlXNL47SqKji-szgOPGzA,millcreek-utah
https://www.ubereats.com/salt-lake-city/food-delivery/arbys-7121-south-bingham-junction/3TcEl1J0SUGnZFAIkbLu-w,millcreek-utah
https://www.ubereats.com/salt-lake-city/food-delivery/golden-pearl/juZe4dZwSbG2GB9mc8ByVg,millcreek-utah
https://www.ubereats.com/salt-lake-city/food-delivery/taco-bell-2212-s-1300-e/lS282Ox_R5KvsaCrl8DS1w,millcreek-utah
https://www.ubereats.com/salt-lake-city/food-delivery/kung-fu-tea-464-600-e-suite-a/SglHLYxISEur7uW_5CsDsw,millcreek-utah
https://www.ubereats.com/salt-lake-city/food-delivery/panda-express-5888-south-state-street/-WXMTjSlSheCVXgtg894uw,millcreek-utah
https://www.ubereats.com/salt-lake-city/food-delivery/mahider-ethiopian-restaurant-and-market/RrJ4rLnESo-UCdV-yTBadQ,millcreek-utah
https://www.ubereats.com/salt-lake-city/food-delivery/salathai-kitchen/Ld8s_29JQLuboKbinQthGA,millcreek-utah
https://www.ubereats.com/salt-lake-city/food-delivery/proper-burger-co/Rcbqzi2sSO-0BrigP4oM_g,millcreek-utah
https://www.ubereats.com/salt-lake-city/food-delivery/stellar-wings-%26-cafe-guanaco/s8BCVlx5SaSzSujGx4Wczw,millcreek-utah
https://www.ubereats.com/salt-lake-city/food-delivery/black-bear-diner-1944-e-9400-s/F8aXJWapS5esxDPp1pFFTw,millcreek-utah
https://www.ubereats.com/salt-lake-city/food-delivery/pj-fresh-2025-s-900-w/SKJS3KfUR6WwFeFm7K5AYQ,millcreek-utah
https://www.ubereats.com/salt-lake-city/food-delivery/burger-king-575-east-400-south-street/XYcIB1hHRvmXmnONP_b1oQ,millcreek-utah
https://www.ubereats.com/salt-lake-city/food-delivery/shahehrazad-market-%26-restaurant/EM7LqF6dTvG0zQ139lVVBw,millcreek-utah
https://www.ubereats.com/salt-lake-city/food-delivery/curry-n-kabobs/MkxrfexkQ8-lPHd4S_7X5w,millcreek-utah
https://www.ubereats.com/salt-lake-city/food-delivery/saola-pho-pho-pho/Lk2-Q1o4R02OqS2RHcprKQ,millcreek-utah
https://www.ubereats.com/salt-lake-city/food-delivery/pizza-studio-foothill/zRJfGyJ2QOmmNYiGz4ktGA,millcreek-utah
https://www.ubereats.com/salt-lake-city/food-delivery/sonic-west-jordan/xM_4otFPRdOEt941IGNWgg,millcreek-utah
https://www.ubereats.com/salt-lake-city/food-delivery/pig-%26-a-jelly-jar-900-s-%26-400-e/PSUfW6ZLSFC7UpEm8C078w,millcreek-utah
https://www.ubereats.com/salt-lake-city/food-delivery/papa-murphys-2993-south-5600-west/eA5cLbjtRRmmBoEa9z0BNw,millcreek-utah
https://www.ubereats.com/salt-lake-city/food-delivery/zabb-noodles/ykLMEfPNRQK8VVj2GwA9vw,millcreek-utah
https://www.ubereats.com/salt-lake-city/food-delivery/charleys-philly-steaks-valley-fair-mall/fEp-gNfZRpang_8JXj17sg,millcreek-utah
https://www.ubereats.com/salt-lake-city/food-delivery/granato/bzVv4wQqTAOULta_FgvjvA,millcreek-utah
https://www.ubereats.com/salt-lake-city/food-delivery/india-house/EVj6iXjUSjmUZGC9_7OZpA,millcreek-utah
https://www.ubereats.com/salt-lake-city/food-delivery/kfc-3865-west-3500-south/kG9RMrSAR860Sn4IKMb_-w,millcreek-utah
https://www.ubereats.com/salt-lake-city/food-delivery/tiki-hawaiian-kitchen/qCEo-6TeQuiBGIP39A2vaw,millcreek-utah
https://www.ubereats.com/salt-lake-city/food-delivery/arbys-10273-south-1300-east/406QRkEyRkuHmOFjuDZZcg,millcreek-utah
https://www.ubereats.com/salt-lake-city/food-delivery/chipotle-mexican-grill-734-e-400-s/GuWszHXmSdSyMW1-oDUj7A,millcreek-utah
https://www.ubereats.com/salt-lake-city/food-delivery/starbucks-9400-south-%26-1000-east-sandy/4yEPXeJ8R_-ZrNnUx4f-Kg,millcreek-utah
https://www.ubereats.com/salt-lake-city/food-delivery/somi-vietnamese-bistro/7teVnzUSSA-A2mWW5_JDeA,millcreek-utah
https://www.ubereats.com/salt-lake-city/food-delivery/jamba-juice-5578-s-redwood-blvd-unit-c/xbh7oneAQ36qib5XfxLROA,millcreek-utah
https://www.ubereats.com/salt-lake-city/food-delivery/asian-cuisine-%26-sushi-bar/o199iK6mTR2HDOIlmsTorQ,millcreek-utah
https://www.ubereats.com/salt-lake-city/food-delivery/pho-hoa-west-valley-city/v4pVO0yvQgaKlClb-Yoz-g,millcreek-utah
https://www.ubereats.com/salt-lake-city/food-delivery/chungas/EbRznCKURPOpBEHD6HDCgw,millcreek-utah
https://www.ubereats.com/salt-lake-city/food-delivery/tuk-tuks/mbYcXzl4QSK3ylNbsrsqig,millcreek-utah
https://www.ubereats.com/salt-lake-city/food-delivery/pza-salt-lake-city/tkpyKIH3SGizvzquGH79Zw,millcreek-utah
https://www.ubereats.com/salt-lake-city/food-delivery/five-guys-ut-1886-1082-east-fort-union-blvd/pJ0_wT0HRguLG0euJP7Eyw,millcreek-utah
https://www.ubereats.com/salt-lake-city/food-delivery/kfc-653-east-9400-south/7yqwA38MTTmFqWojcHlO_w,millcreek-utah
https://www.ubereats.com/salt-lake-city/food-delivery/a%26w-132-n-redwood-rd/An0xPi_lSNaKSkoJtPh16Q,millcreek-utah
https://www.ubereats.com/salt-lake-city/food-delivery/roxberry-juice-co/nNlkbmzkSB23dbTpNzI0gA,millcreek-utah
https://www.ubereats.com/salt-lake-city/food-delivery/waffle-love-northern-utah-food-truck-%231/lyG1mFHfTO6TBeOCw6Y9AA,millcreek-utah
https://www.ubereats.com/salt-lake-city/food-delivery/johns-place/ZvYNe34uQHiZtD9Jwa6PpA,millcreek-utah
https://www.ubereats.com/salt-lake-city/food-delivery/spudtoddos/cE6fgmarSFaENlSWG2FOAA,millcreek-utah
https://www.ubereats.com/salt-lake-city/food-delivery/peipei-house/ZxK8wDauSaiVckjRcu628A,millcreek-utah
https://www.ubereats.com/salt-lake-city/food-delivery/california-pizza-kitchen-6227-south-state-st-%231/WhN5EnsfROmYy_Wjw2p4Vg,millcreek-utah
https://www.ubereats.com/salt-lake-city/food-delivery/zaxbys-w-5400-s-taylorsville/c0kQVsg6RBSwSlsTQzt5kw,millcreek-utah
https://www.ubereats.com/salt-lake-city/food-delivery/chungas-inc/zBNReGgRSNSaEktAKoXrZg,millcreek-utah
https://www.ubereats.com/salt-lake-city/food-delivery/sonic-home-depot/FqbhX6uEScGXKsUlXalL_w,millcreek-utah
https://www.ubereats.com/salt-lake-city/food-delivery/papa-johns-3510-s-4400-w/LmL9tvXsQ8-Qn3EHZEzY1A,millcreek-utah
https://www.ubereats.com/salt-lake-city/food-delivery/noodles-%26-company-6901-s-1300-e/x21IYNhRQFis6ZctSK9fVQ,millcreek-utah
https://www.ubereats.com/salt-lake-city/food-delivery/wild-pepper-pizza/O15mjVdlRmWlxTEfAyZ1Og,millcreek-utah
https://www.ubereats.com/salt-lake-city/food-delivery/harbor-seafood-%26-steak-company/kWyzz_uzQVurBFJlKq037w,millcreek-utah
https://www.ubereats.com/salt-lake-city/food-delivery/burger-king-705-east-7200-south-%2310625/hiGxwjORQYij3W9i3q6s3A,millcreek-utah
https://www.ubereats.com/salt-lake-city/food-delivery/megaplex-theaters-gateway/EX7dBIuZQhmEVuETJyLmiw,millcreek-utah
https://www.ubereats.com/salt-lake-city/food-delivery/yings-thai-sushi/_UMvi3cVTGC5lELn4HeVIQ,millcreek-utah
https://www.ubereats.com/salt-lake-city/food-delivery/crown-burgers-highland-drive-location/XTrW5OqmR0ewvAFc4tyI-Q,millcreek-utah
https://www.ubereats.com/salt-lake-city/food-delivery/dickeys-barbecue-restaurants-2592-south-5600-west-ste-103/3Y4OCzmqS4iRcy3bUFClFQ,millcreek-utah
https://www.ubereats.com/salt-lake-city/food-delivery/corner-bakery-cafe-6227-s-state-st-ste-12/c57FoT3fQtCnRjp1QrQZbA,millcreek-utah
https://www.ubereats.com/salt-lake-city/food-delivery/daylight-donuts-murray/HfH7gRnVSyuEgh-YH7jWTw,millcreek-utah
https://www.ubereats.com/salt-lake-city/food-delivery/five-guys-ut-1204-3167-e-3300-s/8iYQ2BRqQ1WIcUcF3_8JTQ,millcreek-utah
https://www.ubereats.com/salt-lake-city/food-delivery/chick-fil-a-5175-s-state-st/eMZFGDg4Smy2OwqNqpu4sQ,millcreek-utah
https://www.ubereats.com/salt-lake-city/food-delivery/vertical-diner/pk-c4MBJR0Sq4TrrNfEbvg,millcreek-utah
https://www.ubereats.com/salt-lake-city/food-delivery/arbys-2819-w-7800-s/6nh4eGRzRHWjXT9T4XaUUA,millcreek-utah
https://www.ubereats.com/salt-lake-city/food-delivery/macaroni-grill-fashion-place/fF8aUOtdSLCEyr14REDWxg,millcreek-utah
https://www.ubereats.com/salt-lake-city/food-delivery/jersey-mikes-6985-park-centre-dr/YIB6YodFTBi266VTfn9vxw,millcreek-utah
https://www.ubereats.com/salt-lake-city/food-delivery/tequenos-ut-llc/VaXaiGDoSEmKplrYr9APVQ,millcreek-utah
https://www.ubereats.com/salt-lake-city/food-delivery/taco-bell-3447-south-5600-west/yVqI8JmhT_WD2_zqMMmWOg,millcreek-utah
https://www.ubereats.com/salt-lake-city/food-delivery/starbucks-foothill-drive-and-2300-e/EplhoPTCREa7sMZrlDI4Aw,millcreek-utah
https://www.ubereats.com/salt-lake-city/food-delivery/jersey-mikes-5291-south-state-st/e1I6d1zrRouVw8J-3TxXQA,millcreek-utah
https://www.ubereats.com/salt-lake-city/food-delivery/big-tortas-sur-54/9pCmbXESQy-2qBctLDensQ,millcreek-utah
https://www.ubereats.com/salt-lake-city/food-delivery/the-salad-guru-vr/szyKhpb9RI6NI-ia1urSEw,millcreek-utah
https://www.ubereats.com/salt-lake-city/food-delivery/benihana-165-s-west-temple-bdlg%231/Oa4xz7GxSDuAsK37G06gQg,millcreek-utah
https://www.ubereats.com/salt-lake-city/food-delivery/el-pollo-loco-5675-w-brud-dr3810/fshHN2RIQ2mQzkNvTR1sEg,millcreek-utah
https://www.ubereats.com/salt-lake-city/food-delivery/kfc-2930-east-3300-south/DUO-pC1YS_C8arQyNzhsfA,millcreek-utah
https://www.ubereats.com/salt-lake-city/food-delivery/avenues-proper/Kiq3MFlCSdagnbElHhWz5Q,millcreek-utah
https://www.ubereats.com/salt-lake-city/food-delivery/roxberry-juice-state-st-%26-5900-s/99nysiqRTJC7yfIVKH_Z_A,millcreek-utah
https://www.ubereats.com/salt-lake-city/food-delivery/burger-king-1315-s-300-w/ObZ9UzSXTEaii6uok8R2HQ,millcreek-utah
https://www.ubereats.com/salt-lake-city/food-delivery/cracker-barrel-old-country-store-2283-west-city-center-court/GmkhgX_ITvKiKWoqYKXS4g,millcreek-utah
https://www.ubereats.com/salt-lake-city/food-delivery/tonyburgers-2300-e-%26-murray-holladay/EDZJo76GTzeNnXpncZzPeA,millcreek-utah
https://www.ubereats.com/salt-lake-city/food-delivery/ihop-3625/LbikPIxFQm-l_FJcD-SmBQ,millcreek-utah
https://www.ubereats.com/salt-lake-city/food-delivery/eggs-in-the-city/SVryBIZeTNS0nWR_EC8fsQ,millcreek-utah
https://www.ubereats.com/salt-lake-city/food-delivery/arbys-741-east-fort-union-blvd/Z9m-v0qwTC-HTwBrcJhU0w,millcreek-utah
https://www.ubereats.com/salt-lake-city/food-delivery/thai-orchid/eH4QMUl-SuOnAqldsWaC7A,millcreek-utah
https://www.ubereats.com/salt-lake-city/food-delivery/pie-hole/dzL25I0lTW-cF3HDtu4z2A,millcreek-utah
https://www.ubereats.com/salt-lake-city/food-delivery/kfc-3743-jordan-landing-blvd/E8nfaamOSTyir3VNOgFzQQ,millcreek-utah
https://www.ubereats.com/salt-lake-city/food-delivery/subway-311-west-600-south/_Dd58YCZQ1GOD_PoP-duXA,millcreek-utah
https://www.ubereats.com/salt-lake-city/food-delivery/dennys-2025-s-900-w/m5SwPVOgRzeArjfkd5qq5g,millcreek-utah
https://www.ubereats.com/salt-lake-city/food-delivery/siam-orchid/D2cw-jL1T8G9AkADs6L2bg,millcreek-utah
https://www.ubereats.com/salt-lake-city/food-delivery/the-wings-guru/ikwNvhyBQYqmWdOUx1q-UQ,millcreek-utah
https://www.ubereats.com/salt-lake-city/food-delivery/mcdonalds-5400-s-3900-w/r2L2s4cVRNe0Qprnln7EZg,millcreek-utah
https://www.ubereats.com/salt-lake-city/food-delivery/cool-bros-pizza/HnG-ZukpRryvSFOXWhLKWg,millcreek-utah
https://www.ubereats.com/salt-lake-city/food-delivery/hwa-korean-%26-japanese/jq1K93e-SSOujlWgT0mjnQ,millcreek-utah
https://www.ubereats.com/salt-lake-city/food-delivery/hot-dog-on-a-stick-6191-s-state-st/Xdw_0Dw9SNCb2AaP16AwRQ,millcreek-utah
https://www.ubereats.com/salt-lake-city/food-delivery/tucanos-brazilian-grill-salt-lake-city/4FAEg1CoT-K2p0_yAE4AkQ,millcreek-utah
https://www.ubereats.com/salt-lake-city/food-delivery/zaika-grill-n-kabab/hLJTZlHIRuSLXqUWOXNDTw,millcreek-utah
https://www.ubereats.com/salt-lake-city/food-delivery/wendys-1789-w-4700-south-restaurant-%236095/mPgpXxhJR5qxugoDzzPv8w,millcreek-utah
https://www.ubereats.com/salt-lake-city/food-delivery/red-lobster-298-e-winchester-street/LwwynhPAREGawwG3xGfiag,millcreek-utah
https://www.ubereats.com/salt-lake-city/food-delivery/all-grill-tequenos/v_SXMV8IQ6-UzjNuhdMCoA,millcreek-utah
https://www.ubereats.com/salt-lake-city/food-delivery/oishi-ramen/23DhQhMyQw6fZM7P7QKBFA,millcreek-utah
https://www.ubereats.com/salt-lake-city/food-delivery/mcdonalds-1879-e-4800-s/WP8dybFCQG28-xFxx5lhhA,millcreek-utah
https://www.ubereats.com/salt-lake-city/food-delivery/a%26w-555-e-400-s/ACiwvg-NRMGCXXyHkEqBlg,millcreek-utah
https://www.ubereats.com/salt-lake-city/food-delivery/mcdonalds-2000-e-%26-7000-s/qb64rU_HRTO5UGhZdEyfjw,millcreek-utah
https://www.ubereats.com/salt-lake-city/food-delivery/menchies-frozen-yogurt-3165-e-3300-s/SOcfWYU5Q12cDADs8wc0Hg,millcreek-utah
https://www.ubereats.com/salt-lake-city/food-delivery/brio-6173-south-state-st/AxTNPGDWRiWlSjGqGSlipw,millcreek-utah
https://www.ubereats.com/salt-lake-city/food-delivery/popeyes-3895-w-4700-drive-s/xGJ9wVjBSh-U_ZF5o6qF_Q,millcreek-utah
https://www.ubereats.com/salt-lake-city/food-delivery/guras-spice-house/n1GkZnaTRGWPgD8IMZxFnw,millcreek-utah
https://www.ubereats.com/salt-lake-city/food-delivery/big-daddys-pizza-south-slc/453HPbNiRdO9NHWyZlRWFQ,millcreek-utah
https://www.ubereats.com/salt-lake-city/food-delivery/kfc-6890-highland-drive/0RGpHA1JTlGTFj4KyyXiUA,millcreek-utah
https://www.ubereats.com/salt-lake-city/food-delivery/pza-fort-union/I59liA91Q3m2uIDN6wrd9A,millcreek-utah
https://www.ubereats.com/salt-lake-city/food-delivery/e-japan-express/cBRQlPhHQKuckGqqeS2qOg,millcreek-utah
https://www.ubereats.com/salt-lake-city/food-delivery/taqueria-los-lee/iNrWTMi9Ry6fNQrqppevYQ,millcreek-utah
https://www.ubereats.com/salt-lake-city/food-delivery/pasquallys-pizza-%26-wings-389-w-1830th-s-ste-700/W2g7xEWSSC6IXhueXknnHw,millcreek-utah
https://www.ubereats.com/salt-lake-city/food-delivery/star-of-india/sBL7ZNRDSQ-4X5Any-BAYQ,millcreek-utah
https://www.ubereats.com/salt-lake-city/food-delivery/christophers-steakhouse/X9IU0Ld4THyIjz58Zwj8Mg,millcreek-utah
https://www.ubereats.com/salt-lake-city/food-delivery/wow-bao-3429-s-redwood/8gvhniEKQdahRQA8pEeBQA,millcreek-utah
https://www.ubereats.com/salt-lake-city/food-delivery/capriottis-sandwich-shop-wvc-high-market-drive/DF09o_iOQSqdy30qkPR26w,millcreek-utah
https://www.ubereats.com/salt-lake-city/food-delivery/arbys-1650-s-state-st/lOdEBXOmRq-vmg9hEv652A,millcreek-utah
https://www.ubereats.com/salt-lake-city/food-delivery/burger-king-%236069-1660-west-north-temple/QV736oGBQ1W6dnRfgDbqGQ,millcreek-utah
https://www.ubereats.com/salt-lake-city/food-delivery/sonic-redwood/t25jT4uKRMu1AT-HWzfMiA,millcreek-utah
https://www.ubereats.com/salt-lake-city/food-delivery/monster-crave/tVkObXIIT9mf_Q3Tsp4X3A,millcreek-utah
https://www.ubereats.com/salt-lake-city/food-delivery/chuck-e-cheese-389-w-1830-south-ste-700/OsbcyB1sRfqLuOmFgSXeaw,millcreek-utah
https://www.ubereats.com/salt-lake-city/food-delivery/starbucks-4th-and-4th/WO8Rd9mmTNaUYx5C25fX4A,millcreek-utah
https://www.ubereats.com/salt-lake-city/food-delivery/wasatch-brew-pub-sugar-house/I_o70572Q7WbAxdBTTWP7w,millcreek-utah
https://www.ubereats.com/salt-lake-city/food-delivery/del-taco-5672-south-900-east/j3PsRXQ1Tt2YKKei4ifiCg,millcreek-utah
https://www.ubereats.com/salt-lake-city/food-delivery/noodles-%26-company-7632-s-campus-view-dr-ste-110/17ghPxNmQIWTQBGxeCCnzQ,millcreek-utah
https://www.ubereats.com/salt-lake-city/food-delivery/papa-murphys-5633-west-6200-south/Ts25TDyjSwq2ap64feEozA,millcreek-utah
https://www.ubereats.com/salt-lake-city/food-delivery/village-inn-4681-s-redwood-rd/T_k7x7jWSziDxKnC9t4M6w,millcreek-utah
https://www.ubereats.com/salt-lake-city/food-delivery/teriyaki-grill-midvale/ytPBxUBbSh2KgT60avrMTA,millcreek-utah
https://www.ubereats.com/salt-lake-city/food-delivery/chipotle-mexican-grill-6924-s-park-centre-dr/IYKc5P2vSn2Pk4l1Fouurg,millcreek-utah
https://www.ubereats.com/salt-lake-city/food-delivery/thai-star-cuisine/3zpCljc8R-6G4Z8TGqWoLA,millcreek-utah
https://www.ubereats.com/salt-lake-city/food-delivery/salt-city-burger-company/kcXiXAxJTC21AOawk62ygg,millcreek-utah
https://www.ubereats.com/salt-lake-city/food-delivery/panda-express-6927-park-centre-dr/-uLJkqYET9mz8HEtT0ELfA,millcreek-utah
https://www.ubereats.com/salt-lake-city/food-delivery/firehouse-subs-midvale/3CAOhHWFR0ajwGP_sy29JQ,millcreek-utah
https://www.ubereats.com/salt-lake-city/food-delivery/the-habit-burger-grill-6993-s-park-centre-dr/hyNq7VXLSfiAR5-b0g6UaA,millcreek-utah
https://www.ubereats.com/salt-lake-city/food-delivery/burger-king-1430-east-3300-south/gqyd4AZeTaOGEirUKzKBCw,millcreek-utah
https://www.ubereats.com/salt-lake-city/food-delivery/astro-burgers/xGnXuWiySSar7tCsmuYYkA,millcreek-utah
https://www.ubereats.com/salt-lake-city/food-delivery/sweet-treats/T81-ipj1SKuLudPUQCmNHw,millcreek-utah
https://www.ubereats.com/salt-lake-city/food-delivery/cold-stone-creamery-midvale/w9mo0hsTQvSezjByIdWVLw,millcreek-utah
https://www.ubereats.com/salt-lake-city/food-delivery/queen-tea/Bx9jEmzmQxymu_kDj9dUgA,millcreek-utah
https://www.ubereats.com/salt-lake-city/food-delivery/kfc-2435-south-state-street/ztJY9TM8RnWXbXMRO2YVtQ,millcreek-utah
https://www.ubereats.com/salt-lake-city/food-delivery/roxberry-juice-city-creek/7-_cKeEESR-RIcLMHixLeQ,millcreek-utah
https://www.ubereats.com/salt-lake-city/food-delivery/pats-barbecue/uiz6C4zAQBSiVChiVeruAA,millcreek-utah
https://www.ubereats.com/salt-lake-city/food-delivery/maize-tacos/7v7m0Jf4QwGnrYWus7Bdfw,millcreek-utah
https://www.ubereats.com/salt-lake-city/food-delivery/akasaka-sushi/zlZbBOneSAK_zzck8SZ1tA,millcreek-utah
https://www.ubereats.com/salt-lake-city/food-delivery/dennys-420-w-4500-s/Dqea76vsRg-Tqp0arTHLKg,millcreek-utah
https://www.ubereats.com/salt-lake-city/food-delivery/taco-bell-3197-west-5400-south/OwR_nJTRQeGVy2LIdfo4NQ,millcreek-utah
https://www.ubereats.com/salt-lake-city/food-delivery/mcdonalds-916-w-north-temple/Di8STyS1QumZBK4Dj8rq2Q,millcreek-utah
https://www.ubereats.com/salt-lake-city/food-delivery/curry-up-now-fort-union/vtRdO7evTe2Yc01FFgu8Fw,millcreek-utah
https://www.ubereats.com/salt-lake-city/food-delivery/wendys-1714-e-4500-south/yuV1R7coTG-6RLwyLA-8fw,millcreek-utah
https://www.ubereats.com/salt-lake-city/food-delivery/teriyaki-grill-taylorsville/P8Zz76weQLGDf9btBg9XqQ,millcreek-utah
https://www.ubereats.com/salt-lake-city/food-delivery/seasons-juice-bar-and-cafe/iVE4zXNZTSm51LHTcMWJIQ,millcreek-utah
https://www.ubereats.com/salt-lake-city/food-delivery/kfc-1680-west-9000-south/tWzsyNtMTJKvdITsUi6AFw,millcreek-utah
https://www.ubereats.com/salt-lake-city/food-delivery/red-basil/GlgMimZxRp-4YOSUpm2XtQ,millcreek-utah
https://www.ubereats.com/salt-lake-city/food-delivery/mollie-%26-ollie/i8eR3IV1QUuYHK_pt9OZgA,millcreek-utah
https://www.ubereats.com/salt-lake-city/food-delivery/mcdonalds-cesar-e-chavez-blvd-%26-200-e/8IarER97To2lkSUMk9VDBQ,millcreek-utah
https://www.ubereats.com/salt-lake-city/food-delivery/mcdonalds-900-e-%26-2100-s/z8d1c5qlQJ680WnzlpHAoQ,millcreek-utah
https://www.ubereats.com/salt-lake-city/food-delivery/emigration-brewing-company/92C0uZrbSeerRrzXi9m8sg,millcreek-utah
https://www.ubereats.com/salt-lake-city/food-delivery/mcdonalds-broadway-%26-700-e/PmnV18GLRPmacAojQoqc0A,millcreek-utah
https://www.ubereats.com/salt-lake-city/food-delivery/bgr-the-burger-joint-slc/pVLLx226QdGb5pwJnuVR_Q,millcreek-utah
https://www.ubereats.com/salt-lake-city/food-delivery/the-junction-pizzeria-and-grill/71nR5QMxT32rN0uBp_nMXA,millcreek-utah
https://www.ubereats.com/salt-lake-city/food-delivery/jamba-juice-3567-constitution-blvd-space-250/rMPqJxOQQKCPbHKPOlFbKg,millcreek-utah
https://www.ubereats.com/salt-lake-city/food-delivery/cupbop-midvale/6uItcvBXR4-qAmMt0Ch6JQ,millcreek-utah
https://www.ubereats.com/salt-lake-city/food-delivery/megaplex-theaters-valley-fair/BhYkVOuLQwSPCpnQqe1_6Q,millcreek-utah
https://www.ubereats.com/salt-lake-city/food-delivery/tandoor-indian-grill/Mci_sqbeQhij6103KvTQyQ,millcreek-utah
https://www.ubereats.com/salt-lake-city/food-delivery/so-grill-korean-bbq-and-sushi/bt499VzbRsWk6UQaNDrDtg,millcreek-utah
https://www.ubereats.com/salt-lake-city/food-delivery/dickeys-barbecue-restaurants-335-w-1830-s/o918zmeCTliorN9end1FaA,millcreek-utah
https://www.ubereats.com/salt-lake-city/food-delivery/dasks/hD2n9VRDTIicNCBMpzbiZw,millcreek-utah
https://www.ubereats.com/salt-lake-city/food-delivery/firehouse-subs-3798-south-700-east/gJ5qIhqjTxOBwesPtz0QBA,millcreek-utah
https://www.ubereats.com/salt-lake-city/food-delivery/arbys-5830-s-state-st/QL7ePGDXRlWt-nSzIGObYQ,millcreek-utah
https://www.ubereats.com/salt-lake-city/food-delivery/benjis-bar-b-que-shack/fTRztXN4R1yzohuQqRJp0A,millcreek-utah
https://www.ubereats.com/salt-lake-city/food-delivery/el-paisa-mariscos-y-tacos/ItOT2ZnGTz-WwlZZXQBAbQ,millcreek-utah
https://www.ubereats.com/salt-lake-city/food-delivery/blue-lemon-cottonwood-heights/nxvyTFdBT92d5SAkOsoJCQ,millcreek-utah
https://www.ubereats.com/salt-lake-city/food-delivery/red-mermaid-bistro/38ZwEN1lSdeL8Ulxkj9Fyg,millcreek-utah
https://www.ubereats.com/salt-lake-city/food-delivery/thai-chile/dQLHmX7hSmGeRMnlAsM3TQ,millcreek-utah
https://www.ubereats.com/salt-lake-city/food-delivery/wendys-2240-s-1300-east/Lny0uwhGTUa4FegZ6iPi1w,millcreek-utah
https://www.ubereats.com/salt-lake-city/food-delivery/smashburger-1028-east-2100-south-ste-2/G-WEaf6FS8mDpYT_ITbt4A,millcreek-utah
https://www.ubereats.com/salt-lake-city/food-delivery/dennys-401-w-7200-s/ULAEB1bsQOu69uI5zH8FWw,millcreek-utah
https://www.ubereats.com/salt-lake-city/food-delivery/mark-of-the-beastro/Nrw6xyLlSyCBNByEyqKUCA,millcreek-utah
https://www.ubereats.com/salt-lake-city/food-delivery/kfc-3890-south-state-street/9OeV-iU_Q5WFPpAw9ekLcQ,millcreek-utah
https://www.ubereats.com/salt-lake-city/food-delivery/wienerschnitzel-1405-south-300-west/pHfp0KWjRryGVaHsavCe4w,millcreek-utah
https://www.ubereats.com/salt-lake-city/food-delivery/papa-murphys-302-south-700-east/hITqBik5RfqyX9Y0GznvTQ,millcreek-utah
https://www.ubereats.com/salt-lake-city/food-delivery/thirst/JN8-tADMQlOwPwdpfwRsxg,millcreek-utah
https://www.ubereats.com/salt-lake-city/food-delivery/subway-3618-w-3500-s/Ft1JtqhXSni8GrTZ6dqOCg,millcreek-utah
https://www.ubereats.com/salt-lake-city/food-delivery/amber-restaurant/t6iUJvMeT9KGawqRXu_r_w,millcreek-utah
https://www.ubereats.com/salt-lake-city/food-delivery/ihop-1744/Zqe2vM2LTGCPi2NkXKL1JA,millcreek-utah
https://www.ubereats.com/salt-lake-city/food-delivery/papa-murphys-4578-south-4000-west/pfUhy9HkRnCz5jqW9ras4w,millcreek-utah
https://www.ubereats.com/salt-lake-city/food-delivery/sushi-burrito-8th/lE-j7zyiS0S7VD7N0HDR-g,millcreek-utah
https://www.ubereats.com/salt-lake-city/food-delivery/arbys-3215-w-3500-s/Mo4UzGvmShKsV7WvUxZl7A,millcreek-utah
https://www.ubereats.com/salt-lake-city/food-delivery/tuccis-cucina-italiana-restaurant/9Ak9gyNgQ5CwbODilz0NNQ,millcreek-utah
https://www.ubereats.com/salt-lake-city/food-delivery/mcdonalds-1780-w-7800-s/rtvKXU5kRTexgWHE5dxsgw,millcreek-utah
https://www.ubereats.com/salt-lake-city/food-delivery/buca-di-beppo-fort-union/xQM_MbVqQGWI92pjqj60-A,millcreek-utah
https://www.ubereats.com/salt-lake-city/food-delivery/mcdonalds-s-3450-w-%26-3500-s/QvVpJjhkQJ6uP_ylNhs3ow,millcreek-utah
https://www.ubereats.com/salt-lake-city/food-delivery/sm-sushirrito/2KPMe2ZLRGCXasFjlmWizQ,millcreek-utah
https://www.ubereats.com/salt-lake-city/food-delivery/starbucks-plaza-5500-taylorsville/uN6cZ-ETR82G_Shu6hbpCA,millcreek-utah
https://www.ubereats.com/salt-lake-city/food-delivery/starbucks-600-south-%26-200-west-slc/63_r7FQhSXW2Gei9iVtuIQ,millcreek-utah
https://www.ubereats.com/salt-lake-city/food-delivery/ombu-grill/0UxBDuQpSYOzgn_Qfuqt0A,millcreek-utah
https://www.ubereats.com/salt-lake-city/food-delivery/el-pollo-loco-1110-s-300-w-3821/UbjQBIujShOeZUIxdz84Yg,millcreek-utah
https://www.ubereats.com/salt-lake-city/food-delivery/starbucks-13th-and-simpson-sugar-house/lMmbIC-9RXeRPGi_RrVwQw,millcreek-utah
https://www.ubereats.com/salt-lake-city/food-delivery/pf-changs-174-w-300-south/qtArc4vrQi2_BVvrN3ljHw,millcreek-utah
https://www.ubereats.com/salt-lake-city/food-delivery/the-habit-burger-grill-2121-s-mcclelland-street-suite-%23101/6Hv1HiWnSvCv9ZOdBXu2Gw,millcreek-utah
https://www.ubereats.com/salt-lake-city/food-delivery/noodles-%26-company-2682-s-high-commons/tAxDs7MqS561RJY45Src1g,millcreek-utah
https://www.ubereats.com/salt-lake-city/food-delivery/bumblebees-kbbq-midvale/QFnNHCRlSY-aUsOeBwedJg,millcreek-utah
https://www.ubereats.com/salt-lake-city/food-delivery/dairy-queen-treat-valley-fair-mall-3601-s-27/lxnD3wfuRr6PbnGsprAdiQ,millcreek-utah
https://www.ubereats.com/salt-lake-city/food-delivery/padelis-street-greek-downtown/B2NkDu-LQz6H6A8M9otNTA,millcreek-utah
https://www.ubereats.com/salt-lake-city/food-delivery/gandolfos-deli-266-w-4500-s/VhD_lozcSziFMYMjQorW5g,millcreek-utah
https://www.ubereats.com/salt-lake-city/food-delivery/chipotle-mexican-grill-1011-e-2100-s/InrCwgrWTdytIIi8RzPtuA,millcreek-utah
https://www.ubereats.com/salt-lake-city/food-delivery/rancheritos-mexican-food-taylorsville-ut/SxfxHcBXRramqEJjM347oQ,millcreek-utah
https://www.ubereats.com/salt-lake-city/food-delivery/jamba-juice-7194-s-union-park-ave-%23200/5nsCIS1yR0m943inAeHKRA,millcreek-utah
https://www.ubereats.com/salt-lake-city/food-delivery/aubergine-and-company-sugar-house/KyqfiEIKS629b2aMujOyCg,millcreek-utah
https://www.ubereats.com/salt-lake-city/food-delivery/kfc-555-east-400-south/JFmcHQgeRhWO_twKdQn0ew,millcreek-utah
https://www.ubereats.com/salt-lake-city/food-delivery/la-costa-restaurant-sandy/oli0NZHTQ9yBvZRqJEiYEA,millcreek-utah
https://www.ubereats.com/salt-lake-city/food-delivery/rumbi-island-grill-ft-union/Ev4nB9gLSVmjzYZSC0pX3Q,millcreek-utah
https://www.ubereats.com/salt-lake-city/food-delivery/flavors-of-india/3kKgw5GOSBGKy1EE9kdpLw,millcreek-utah
https://www.ubereats.com/salt-lake-city/food-delivery/papa-johns-3060-west-3500-south/29QbUFJzRy-BYoDr4J4O7Q,millcreek-utah
https://www.ubereats.com/salt-lake-city/food-delivery/ombu-grill/b0yjv-C5RVqyxSVtLG4MWw,millcreek-utah
https://www.ubereats.com/salt-lake-city/food-delivery/del-taco-6876-redwood-rd/K3784E-hSJCCQpM7tE0YQA,millcreek-utah
https://www.ubereats.com/salt-lake-city/food-delivery/vitality-bowls-51-s-main-st-space-140/Gn5zUzv2R6-KZXwL3rmwUQ,millcreek-utah
https://www.ubereats.com/salt-lake-city/food-delivery/wild-mushroom-pizza-%26-subs/m0xWtDq8SQqu6zl88beEEg,millcreek-utah
https://www.ubereats.com/salt-lake-city/food-delivery/don-pollo2/7O7gJ-L6QzupxDdkW8uOBA,millcreek-utah
https://www.ubereats.com/salt-lake-city/food-delivery/arbys-2284-e-3900-st-s/6dGbAECBRjesRlamivvRtA,millcreek-utah
https://www.ubereats.com/salt-lake-city/food-delivery/taco-bell-10-e-3300-s/DnJYNzfCRR2geVpo6eJpwA,millcreek-utah
https://www.ubereats.com/salt-lake-city/food-delivery/himalayan-kitchen-downtown/xFzk1GHmT4Kdw8wZQOyGyw,millcreek-utah
https://www.ubereats.com/salt-lake-city/food-delivery/subway-2424-e-fort-union-blvd/0IUZ9ghFRN-vSgwtAJ2JpA,millcreek-utah
https://www.ubereats.com/salt-lake-city/food-delivery/jersey-mikes/j8NlJIgJRPqt4ULTAxYpMg,millcreek-utah
https://www.ubereats.com/salt-lake-city/food-delivery/kfc-132-north-redwood-road/36TG1DvtTdKyYyIsY59gxA,millcreek-utah
https://www.ubereats.com/salt-lake-city/food-delivery/corner-bakery-cafe-610-foothill-blvd/yLofdIzrRcWO7p8-wSvLtg,millcreek-utah
https://www.ubereats.com/salt-lake-city/food-delivery/tequenos-factory-llc/DzHv1uZPTI25TG51Bb955w,millcreek-utah
https://www.ubereats.com/salt-lake-city/food-delivery/noodles-%26-company-1152-e-2100-s/2I_EWuExQtWFzsKXvdnoKg,millcreek-utah
https://www.ubereats.com/salt-lake-city/food-delivery/starbucks-murray-holladay-rd-%26-highland/NnEHIrKfTqCEJIc5geCNnA,millcreek-utah
https://www.ubereats.com/salt-lake-city/food-delivery/papa-johns-753-east-3300-south/xhL1HekCSMGKyvSWz4w6dQ,millcreek-utah
https://www.ubereats.com/salt-lake-city/food-delivery/wendys-484-west-4500-south/hm58upBGR2iRBwP9dwCxtQ,millcreek-utah
https://www.ubereats.com/salt-lake-city/food-delivery/pasha-middle-eastern-cuisine/xnoR-f2sSla9-H9u9RMSeg,millcreek-utah
https://www.ubereats.com/salt-lake-city/food-delivery/starbucks-5100-s-state/deN6HkfhQvKhtb3hE6ZHAA,millcreek-utah
https://www.ubereats.com/salt-lake-city/food-delivery/jersey-mikes-7141-s-bingham-junction-blvd/W7ylscEAQ_KppcuFiHYDEQ,millcreek-utah
https://www.ubereats.com/salt-lake-city/food-delivery/namaste-kitchen/PhQ7_kKnRfW8NSqUj7XvaA,millcreek-utah
https://www.ubereats.com/salt-lake-city/food-delivery/mi-rico-burrito/gsQOVOmTTFuUo5V5QlZhNw,millcreek-utah
https://www.ubereats.com/salt-lake-city/food-delivery/cafe-zupas-3599-s-2700-w/Vyr_j-WATLa8i7MiKQjGjQ,millcreek-utah
https://www.ubereats.com/salt-lake-city/food-delivery/blue-lemon-salt-lake-city/CvTje5U9QxKI1NwysBFjug,millcreek-utah
https://www.ubereats.com/salt-lake-city/food-delivery/dennys-7051-s-1300-e/Vi82niZfT8aEHiH_LE62NA,millcreek-utah
https://www.ubereats.com/salt-lake-city/food-delivery/papa-murphys-3932-south-2300-east/KMPVIl3gScuso5IcXlDXDA,millcreek-utah
https://www.ubereats.com/salt-lake-city/food-delivery/dawgz-n-leenks/nn976hhFRzyXTvOF4sNKrA,millcreek-utah
https://www.ubereats.com/salt-lake-city/food-delivery/squatters-pub-brewery/6trPnDbBTuqUMikc5EIIHA,millcreek-utah
https://www.ubereats.com/salt-lake-city/food-delivery/tappo/PKqLOGCYRVu3-1eK8DtADA,millcreek-utah
https://www.ubereats.com/salt-lake-city/food-delivery/arbys-420-e-400-s/5YakgjG6TRKrj5xp2kvchA,millcreek-utah
https://www.ubereats.com/salt-lake-city/food-delivery/hires-big-h-w-4700-s/YO-JueI1Qkmh4S8viCkTdA,millcreek-utah
https://www.ubereats.com/salt-lake-city/food-delivery/barbacoa-mexican-grill-olympus-hills/oM9ISbk3TNaxLbkr-MRL0g,millcreek-utah
https://www.ubereats.com/salt-lake-city/food-delivery/565-firehouse/R-zGqOaARf-jvqbB8tZvqg,millcreek-utah
https://www.ubereats.com/salt-lake-city/food-delivery/subway-94-e-4500-s/kNgSIUzEQka3giSn2J2Lbw,millcreek-utah
https://www.ubereats.com/salt-lake-city/food-delivery/the-sweet-tooth-fairy-foothill-%26-1300-s/slfkcckaRAGEhvxYQPEWkw,millcreek-utah
https://www.ubereats.com/salt-lake-city/food-delivery/kfc-4761-south-4015-west/HxK9qiBfSSmex7-wlLgWUg,millcreek-utah
https://www.ubereats.com/salt-lake-city/food-delivery/subway-871-east-4500-south/OKGskNr3QdG1YbxHmWXcMQ,millcreek-utah
https://www.ubereats.com/salt-lake-city/food-delivery/panda-express-4645-south-4000-west-space-a1/2v7uPx2hS3-NIRW13MY0lg,millcreek-utah
https://www.ubereats.com/salt-lake-city/food-delivery/chile-verde-mexican-burritos/bidWMTqOSDW6-I5JPT8LQg,millcreek-utah
https://www.ubereats.com/salt-lake-city/food-delivery/joes-crab-shack-65-e-9400-s/QeL_LstGRySy0XS_a-IoXA,millcreek-utah
https://www.ubereats.com/salt-lake-city/food-delivery/pho-hong-chau/GBIaJr8rSRqGH0h9y2J-mQ,millcreek-utah
https://www.ubereats.com/salt-lake-city/food-delivery/la-estacion-del-taco/zjMzgO1VRrK6o1UOwx2iLA,millcreek-utah
https://www.ubereats.com/salt-lake-city/food-delivery/vive-juicery-broadway-%26-300-e/ZrXrtrqIRMC7AwadZLep9g,millcreek-utah
https://www.ubereats.com/salt-lake-city/food-delivery/wendys-7035-south-900-east/ocOTIaJOTXyyqf-O7X8JbA,millcreek-utah
https://www.ubereats.com/salt-lake-city/food-delivery/fried-rice-express-gourmet/0tf12WLoRNqNKo-fmjefdg,millcreek-utah
https://www.ubereats.com/salt-lake-city/food-delivery/honest-eatery-foothill/1lcumBNBSCGfYrqezlsC6g,millcreek-utah
https://www.ubereats.com/salt-lake-city/food-delivery/mcdonalds-300-w-%26-2100-s/H8JX0qb3RsWuZ8MThExH3g,millcreek-utah
https://www.ubereats.com/salt-lake-city/food-delivery/the-green-pig-pub/HEiqa25YRDSm6WSitpPR0w,millcreek-utah
https://www.ubereats.com/salt-lake-city/food-delivery/honest-eatery-regent-street/UggtL9XNTN2aJ6GOz3jKuA,millcreek-utah
https://www.ubereats.com/salt-lake-city/food-delivery/outback-steakhouse-7770-s-1300-east/Fja6W7k9SXCvalksp6VTZg,millcreek-utah
https://www.ubereats.com/salt-lake-city/food-delivery/sizzler-s-1300-east/JRLA7m8LQbu1EwFNJHfWug,millcreek-utah
https://www.ubereats.com/salt-lake-city/food-delivery/arbys-129-w-9000-s/Gws3vfoARya-TFx4VJIWyw,millcreek-utah
https://www.ubereats.com/salt-lake-city/food-delivery/crave-cookies/GvWC8qa9Tk2P-meDFNntdQ,millcreek-utah
https://www.ubereats.com/salt-lake-city/food-delivery/donut-boy/Sywu1S1DRbmfUOq6KtkH4Q,millcreek-utah
https://www.ubereats.com/salt-lake-city/food-delivery/kathmandu-grill/ktBVcIf6QDelcZW0oBMcLw,millcreek-utah
https://www.ubereats.com/salt-lake-city/food-delivery/ihop-1742/uuBRZOphR2ip-ieqWNSDig,millcreek-utah
https://www.ubereats.com/salt-lake-city/food-delivery/papa-murphys-1933-e-fort-union-blvd/ed4uT9jgT6OOkZfNXn9q2Q,millcreek-utah
https://www.ubereats.com/salt-lake-city/food-delivery/del-taco-1731-w-bowling-ave/z8PhZBI4SK6SuiU-SrBLMg,millcreek-utah
https://www.ubereats.com/salt-lake-city/food-delivery/tacos-mexicanos-el-buen-pastor/ixxFNcw1RCKVj_-UDsvt9w,millcreek-utah
https://www.ubereats.com/salt-lake-city/food-delivery/pretzelmaker/TBC8hhcHT4KzAkg38mNRkg,millcreek-utah
https://www.ubereats.com/salt-lake-city/food-delivery/capriottis-6002-south-state-st-murray/S3pPCImARJ-wvFGW_ke2ZQ,millcreek-utah
https://www.ubereats.com/salt-lake-city/food-delivery/san-diablo-artisan-churros/UKuq2ES1TNm-Fp_-hCtPmw,millcreek-utah
https://www.ubereats.com/salt-lake-city/food-delivery/starbucks-47th-and-bangerter/BqDG5PosQr2A6nORiiqMdg,millcreek-utah
https://www.ubereats.com/salt-lake-city/food-delivery/greek-souvlaki-downtown/7LU_zWqCTd2dVn7cT9G29g,millcreek-utah
https://www.ubereats.com/salt-lake-city/food-delivery/stoneground-kitchen/yZQhUKSlR2qfUFzOghR5EA,millcreek-utah
https://www.ubereats.com/salt-lake-city/food-delivery/greek-souvlaki-west-valley/q6_w8VJ2TmGSHiavjXWGIQ,millcreek-utah
https://www.ubereats.com/salt-lake-city/food-delivery/fiiz-drinks-sandy/kSTMvo8IQYyiasJFSkMeng,millcreek-utah
https://www.ubereats.com/salt-lake-city/food-delivery/sonic-cougar-lane/OpFQmmMfRG-6YME9dnH0nA,millcreek-utah
https://www.ubereats.com/salt-lake-city/food-delivery/the-kathmandu-2100/uiJHlGmvSOunPJqrglpU2w,millcreek-utah
https://www.ubereats.com/salt-lake-city/food-delivery/laziz-kitchen/mltNJ6qSREO7EWP2VQt7bA,millcreek-utah
https://www.ubereats.com/salt-lake-city/food-delivery/the-old-spaghetti-factory-salt-lake-city/HxA9YLHCS7GUaXv9cCgP3A,millcreek-utah
https://www.ubereats.com/salt-lake-city/food-delivery/del-taco-3010-highland-dr/A5DEkCQjTv-lcD8T_Wq-kA,millcreek-utah
https://www.ubereats.com/salt-lake-city/food-delivery/kfc-2045-south-1300-east/EJBs8zlCSkSublVN777nSw,millcreek-utah
https://www.ubereats.com/salt-lake-city/food-delivery/su-casa-mexican-restaurant/x48U_gbMSeislBSIokiUXQ,millcreek-utah
https://www.ubereats.com/salt-lake-city/food-delivery/taco-bell-9308-south-700-east/J_WgIyUYQCW0pe4nXdld_A,millcreek-utah
https://www.ubereats.com/salt-lake-city/food-delivery/rawtopia-living-cuisine-and-beyond/MiEALmF8TK6bUTkCYPJuPQ,millcreek-utah
https://www.ubereats.com/salt-lake-city/food-delivery/del-taco-2000-s-3230-west/kreUmMCKRkSzRbdqr3SdGA,millcreek-utah
https://www.ubereats.com/salt-lake-city/food-delivery/kubo-express-smoothies-and-grill/88xnwN51QTSuX-obUz4Xww,millcreek-utah
https://www.ubereats.com/salt-lake-city/food-delivery/catrachos-restaurant/WwtRZN9JTIeRerUsHhhtug,millcreek-utah
https://www.ubereats.com/salt-lake-city/food-delivery/starbucks-union-park-ave-%26-1300-east/YJQEfyMqSPaFFn8UBKa6Mg,millcreek-utah
https://www.ubereats.com/salt-lake-city/food-delivery/cafe-guanaco/y0NVEZryT4KkPaGYspRezg,millcreek-utah
https://www.ubereats.com/salt-lake-city/food-delivery/mano-thai-diner/Cj1v0kFPQAiBFpQ2spUa_Q,millcreek-utah
https://www.ubereats.com/salt-lake-city/food-delivery/good-burger-city-creek-center/QljFFtEnTK6_ApkMM_PE9Q,millcreek-utah
https://www.ubereats.com/salt-lake-city/food-delivery/arbys-6095-south-5600-west/dY--A87WSbmbucCMQaiC4Q,millcreek-utah
https://www.ubereats.com/salt-lake-city/food-delivery/el-pollo-loco-3692-w-7800-s3799/EXde73_BRbewlbSRGHFIZg,millcreek-utah
https://www.ubereats.com/salt-lake-city/food-delivery/papa-johns-1230-w-600-north/QXEORou4RdiGSSdgKk5mug,millcreek-utah
https://www.ubereats.com/salt-lake-city/food-delivery/cafe-zupas-5157-state-st/u74PQJvwT9ynw6P6KpDrQA,millcreek-utah
https://www.ubereats.com/salt-lake-city/food-delivery/mcdonalds-9400-s-%26-2000-e/4h12y4fCR8O5p58qwdWiHQ,millcreek-utah
https://www.ubereats.com/salt-lake-city/food-delivery/hot-dog-on-a-stick-3601-s-2700-w/Rt3pXJ_GS56xi9GC3hbuKw,millcreek-utah
https://www.ubereats.com/salt-lake-city/food-delivery/starbucks-crandall-building/skmBIZFMTk610ib7uQQNDA,millcreek-utah
https://www.ubereats.com/salt-lake-city/food-delivery/rodizio-grill/-tf3TPOyQYyQDycZTUm3kQ,millcreek-utah
https://www.ubereats.com/salt-lake-city/food-delivery/wing-coop/9C--wJsmRSOb1j8gX545vA,millcreek-utah
https://www.ubereats.com/salt-lake-city/food-delivery/the-williams-building-cafe/z1KZKTlCQESD1FRJ_JxcRQ,millcreek-utah
https://www.ubereats.com/salt-lake-city/food-delivery/chipotle-mexican-grill-5141-s-state-st/btXwhMfnSbajzWCmrWK8hA,millcreek-utah
https://www.ubereats.com/salt-lake-city/food-delivery/midici-the-neapolitan-pizza-company-salt-lake-city/uRM91esTQIerPSz2PzSYJw,millcreek-utah
https://www.ubereats.com/salt-lake-city/food-delivery/papa-murphys-9415-s-700-e/tF3NCJdQS5WA7tBSTYPFdw,millcreek-utah
https://www.ubereats.com/salt-lake-city/food-delivery/doki-doki/F_mCzcUXQWy5lY8LJ1iu0A,millcreek-utah
https://www.ubereats.com/salt-lake-city/food-delivery/tonkotsu-shabu-shabu-bar/o3uyiCf_Tzm5iAuVv93VoQ,millcreek-utah
https://www.ubereats.com/salt-lake-city/food-delivery/arbys-3535-s-5600-w/oPK6kzeTQ6K5bHQi4Qxmog,millcreek-utah
https://www.ubereats.com/salt-lake-city/food-delivery/moms-kitchen/ETUGbDPlQyOOz1huTswuzg,millcreek-utah
https://www.ubereats.com/salt-lake-city/food-delivery/greek-souvlaki-murray/molrulZ8SeqYPeAPBqmEQA,millcreek-utah
https://www.ubereats.com/salt-lake-city/food-delivery/barbacoa-mexican-grill-fort-union-blvd/XafkLh4STm-t8OuOlfU9bw,millcreek-utah
https://www.ubereats.com/salt-lake-city/food-delivery/spitz/FT5X_95ARw-mHWjcJirXQA,millcreek-utah
https://www.ubereats.com/salt-lake-city/food-delivery/papa-murphys-1645-west-700-north-suite-l/xNBX7eiuT8u04tsleoHUpQ,millcreek-utah
https://www.ubereats.com/salt-lake-city/food-delivery/brio-80-s-regent-st/G0INmaEzQEmxVYTvkjkNkw,millcreek-utah
https://www.ubereats.com/salt-lake-city/food-delivery/snacks-%26-more/_-19STjwRRe9yN5KmJzZ0g,millcreek-utah
https://www.ubereats.com/salt-lake-city/food-delivery/papa-johns-6594-s-state-street/axswOJx-RO-aIIWZ_EabLw,millcreek-utah
https://www.ubereats.com/salt-lake-city/food-delivery/freebirds-world-burrito-1300-e-%26-2100-s/4RxXvTGRTuSS7PbUNT_TAg,millcreek-utah
https://www.ubereats.com/salt-lake-city/food-delivery/soup-kitchen-1100-e-%26-2100-s/QGuD2hLcTAWHkmOZabpwIQ,millcreek-utah
https://www.ubereats.com/salt-lake-city/food-delivery/subway4161-s-redwood-rd/6GBFpGKxTBO9ZtbyN3oymQ,millcreek-utah
https://www.ubereats.com/salt-lake-city/food-delivery/hunangarden/qvhOXIJiS5yFC_-niVdK-g,millcreek-utah
https://www.ubereats.com/salt-lake-city/food-delivery/tonyburgers-university-%26-600-e/obmIO8FbSIC5_aT4HodcOQ,millcreek-utah
https://www.ubereats.com/salt-lake-city/food-delivery/wendys-6135-s-highland-drive/K5p1dQrKQ4K0E2LJ_VLIww,millcreek-utah
https://www.ubereats.com/salt-lake-city/food-delivery/taco-bell-5534-west-6200-south/WYT5cIeOSyeXu9wGW6XOUA,millcreek-utah
https://www.ubereats.com/salt-lake-city/food-delivery/sift-dessert-boutique/ews6CE30ToirZSLQMdEDXA,millcreek-utah
https://www.ubereats.com/salt-lake-city/food-delivery/wild-ginger/h4ye60wRTpW1D2Q1-hxHVQ,millcreek-utah
https://www.ubereats.com/salt-lake-city/food-delivery/carmines-italian-cuisine/HVa79KxaRFiVLp_OmIRD8A,millcreek-utah
https://www.ubereats.com/salt-lake-city/food-delivery/wann-jale/vtp8NPheRk2MmWkPn3aOYQ,millcreek-utah
https://www.ubereats.com/salt-lake-city/food-delivery/thaikitchen/H9N4ww67SmSnuc_662YGVw,millcreek-utah
https://www.ubereats.com/salt-lake-city/food-delivery/tonkotsu-ramen-bar/6vWdeadxS0SR_KyQ7n9NIw,millcreek-utah
https://www.ubereats.com/salt-lake-city/food-delivery/tandoor-indian-grill/40AtI_3XQ06HXXvmrpwa1w,millcreek-utah
https://www.ubereats.com/salt-lake-city/food-delivery/free-wheeler-pizza/wJ7jgzDqSlKnTS9AkRvC-g,millcreek-utah
https://www.ubereats.com/salt-lake-city/food-delivery/buca-di-beppo-salt-lake-city/LEfdHHAdSz6xkfNdWKnfJQ,millcreek-utah
https://www.ubereats.com/salt-lake-city/food-delivery/buffalo-wild-wings-985-e-fort-union-blvd/uOtuWwjmR86j7dauzQ0TUw,millcreek-utah
https://www.ubereats.com/salt-lake-city/food-delivery/blaze-pizza-1855-w-5400-s/MBl5oJGUTxK_L3SYKJo0NA,millcreek-utah
https://www.ubereats.com/salt-lake-city/food-delivery/wienerschnitzel-7063-south-900-east/WAKCS2aTTQmrC4HyW6gPpg,millcreek-utah
https://www.ubereats.com/salt-lake-city/food-delivery/black-bear-diner-2569-s-5600-west-suite-%23400/Y5feyDUoR4KW1fwOzGx6CQ,millcreek-utah
https://www.ubereats.com/salt-lake-city/food-delivery/panda-express-gateway/YMJmV_MZS3asy2xyJXQyXw,millcreek-utah
https://www.ubereats.com/salt-lake-city/food-delivery/red-robin-410-316-e-winchester-blvd/ibfhqct0Qficqyyv5cyEBw,millcreek-utah
https://www.ubereats.com/salt-lake-city/food-delivery/ruby-river-steakhouse-salt-lake-city/4pAMf4DjSMCzwuZuNp_wng,millcreek-utah
https://www.ubereats.com/salt-lake-city/food-delivery/kneaders-bakery-%26-cafe-ft-union/wEZWzRlCSXqfuf_Azdt2QQ,millcreek-utah
https://www.ubereats.com/salt-lake-city/food-delivery/buffalo-wild-wings-2132-s-highland-dr/ZxAyHCusTXmaoC1UnVuCaw,millcreek-utah
https://www.ubereats.com/salt-lake-city/food-delivery/broadway-deli/8Ao0yBrKRLOzfSy4MKGleQ,millcreek-utah
https://www.ubereats.com/salt-lake-city/food-delivery/cafe-zupas-9242-s-village-shop-dr/MMUowABuQQa7IFq21tks3Q,millcreek-utah
https://www.ubereats.com/salt-lake-city/food-delivery/flatbread-neapolitan-pizzeria/CpjSIG8aQ7aBIo8lgH1HJg,millcreek-utah
https://www.ubereats.com/salt-lake-city/food-delivery/dough-co/jHCMpZLLTYGB2Dv9dqnvBg,millcreek-utah
https://www.ubereats.com/salt-lake-city/food-delivery/el-farol-mexican-restaurant/KBKBbW8UTQeV3ohCRUAWIw,millcreek-utah
https://www.ubereats.com/salt-lake-city/food-delivery/taqueria-el-gallo-loco/azB0WB-uRMirak_7_xvY7Q,millcreek-utah
https://www.ubereats.com/salt-lake-city/food-delivery/street-tacos/MLWCYRxzRWOFA6PqJ0bSSQ,millcreek-utah
https://www.ubereats.com/salt-lake-city/food-delivery/ra-sushi-bar-165-sw-temple-building%231/BLWm1QeFQNmA0LkzrAErOw,millcreek-utah
https://www.ubereats.com/salt-lake-city/food-delivery/big-daddys-pizza-w-3500-s-slc-ut/11UM_Jw9SzSUAUlH7SDS4w,millcreek-utah
https://www.ubereats.com/salt-lake-city/food-delivery/papa-johns-4703-w-5415-south/QApN0d-0QO2ZgYYUSPXuLQ,millcreek-utah
https://www.ubereats.com/salt-lake-city/food-delivery/starbucks-1830-s-%26-300-w-salt-lake-city/xGmCJREXSP2v1vg1ijenRw,millcreek-utah
https://www.ubereats.com/salt-lake-city/food-delivery/larry-h-miller-luxury-theatre-cottonwood/1lTrmRkfTjqCnYMWfz7diA,millcreek-utah
https://www.ubereats.com/salt-lake-city/food-delivery/black-bear-diner-7238-s-plaza-center-drive-bldg-e/9VgcbPCqSh-nANtLzkFigg,millcreek-utah
https://www.ubereats.com/salt-lake-city/food-delivery/red-maple-chinese-restaurant/t23UKTUDSlKhYxOkaYG8iQ,millcreek-utah
https://www.ubereats.com/salt-lake-city/food-delivery/the-west-side-tavern/toMBhGlIQimwTMIwJgtelg,millcreek-utah
https://www.ubereats.com/salt-lake-city/food-delivery/applebees-3736-w-7800-south/44Q2LsDiR722JsT2tNjtRg,millcreek-utah
https://www.ubereats.com/salt-lake-city/food-delivery/arbys-4673-s-900-e/eNiFFXR7RuuYMgf-9dNGXg,millcreek-utah
https://www.ubereats.com/salt-lake-city/food-delivery/curry-pizza/QuSAuDa5SI6xaA1nkJHdIg,millcreek-utah
https://www.ubereats.com/salt-lake-city/food-delivery/wendys-1090-south-300-west/rhlpHPovT9a8x5LeY7cppA,millcreek-utah
https://www.ubereats.com/salt-lake-city/food-delivery/kfc-2450-south-redwood-road/OfAhkeqZShmDea4RUl531g,millcreek-utah
https://www.ubereats.com/salt-lake-city/food-delivery/stun-cube/fmEey4DwTaCsCBxu_EnMXw,millcreek-utah
https://www.ubereats.com/salt-lake-city/food-delivery/wing-nutz-taylorsville/g4LjGuEzRoSa9amWmvJpMA,millcreek-utah
https://www.ubereats.com/salt-lake-city/food-delivery/burger-king-454-west-4500-south/4RNZFDs8R_KOvclODattCg,millcreek-utah
https://www.ubereats.com/salt-lake-city/food-delivery/honey-baked-ham-1915-e-murray-holladay-rd/n92Mn0wAS8GNu-J_CCjenA,millcreek-utah
https://www.ubereats.com/salt-lake-city/food-delivery/el-dorado-seafood/w-K0Fdt2Sxyapqk7KZRGog,millcreek-utah
https://www.ubereats.com/salt-lake-city/food-delivery/battle-grounds-sandy/a5Eb4fjpTV-vg-ITiRcqNw,millcreek-utah
https://www.ubereats.com/salt-lake-city/food-delivery/foodie-and-sweetie-dmarket/QfbxYXrdToCR44MddEDhQA,millcreek-utah
https://www.ubereats.com/salt-lake-city/food-delivery/per-noi-trattoria/9yYl6PjLQPqpWVf96uc5Tg,millcreek-utah
https://www.ubereats.com/salt-lake-city/food-delivery/mcdonalds-valley-st-%26-3300-s/R7VWu3jJR-6DkvClgXgsAg,millcreek-utah
https://www.ubereats.com/salt-lake-city/food-delivery/gr-kitchen/tKTtM26wQpeXfDOq3gxGjQ,millcreek-utah
https://www.ubereats.com/salt-lake-city/food-delivery/pleiku/aWMi5IggTNaw4xm0qQrkUQ,millcreek-utah
https://www.ubereats.com/salt-lake-city/food-delivery/koi-d-bar-rolled-icecream-%26-boba-tea/Xmc0fjfmRhmOc8X_MiaNtw,millcreek-utah
https://www.ubereats.com/salt-lake-city/food-delivery/dennys-250-w-500-s/VWfJtmfnQhuuNNDnhLr9qQ,millcreek-utah
https://www.ubereats.com/salt-lake-city/food-delivery/monsieur-crepes/1YuxsEysQP6iDFRFGL0pXA,millcreek-utah
https://www.ubereats.com/salt-lake-city/food-delivery/barbacoa-mexican-grill-9th-%26-9th/spM13iMmRh6RUCoBFXvSQQ,millcreek-utah
https://www.ubereats.com/salt-lake-city/food-delivery/del-taco-23-east-2100-south/-Cr241t_SbmvhRxYz4AP-A,millcreek-utah
https://www.ubereats.com/salt-lake-city/food-delivery/crown-burgers-restaurant-3270-state-st/KqY5ESkzS5K-lTALMwynoQ,millcreek-utah
https://www.ubereats.com/salt-lake-city/food-delivery/hot-oven-pizza/AVGVOPs4S9uQQ3z0eU304w,millcreek-utah
https://www.ubereats.com/salt-lake-city/food-delivery/ume-house-%E5%93%81%E9%A6%99%E9%98%81/CAZ_qN1YTTaU43VLM7fs8Q,millcreek-utah
https://www.ubereats.com/salt-lake-city/food-delivery/jamba-juice-7689-s-jordan-landing-blvd/aJShGpDRTrGRroLz9893tA,millcreek-utah
https://www.ubereats.com/salt-lake-city/food-delivery/subway-2885-s-highland-dr/MP1ZR8xLTla9KEZt7YaYHA,millcreek-utah
https://www.ubereats.com/salt-lake-city/food-delivery/mint-tapas-and-sushi/VSVWvu12QImR36xb2Pficg,millcreek-utah
https://www.ubereats.com/salt-lake-city/food-delivery/the-sweet-tooth-fairy-fort-union-%26-union-park/EnsNkkBIRO-Pp6yYhHTIeA,millcreek-utah
https://www.ubereats.com/salt-lake-city/food-delivery/el-chihuahua/l7cK0tz_SSuZBLxYHpS3FA,millcreek-utah
https://www.ubereats.com/salt-lake-city/food-delivery/mamachari-kombucha/6JlEuXgvQ9WKOzqEd46mfg,millcreek-utah
https://www.ubereats.com/salt-lake-city/food-delivery/sonic-midvale/06x1Dh6GRxugEkrvkir0ZQ,millcreek-utah
https://www.ubereats.com/salt-lake-city/food-delivery/full-house-asian-bistro/01kAkm8wQiC084hY_5Ub1A,millcreek-utah
https://www.ubereats.com/salt-lake-city/food-delivery/3-cups/8MmINjl2S32mtwXVXHHIuQ,millcreek-utah
https://www.ubereats.com/salt-lake-city/food-delivery/a%26w-2435-s-state-st/8rpPd02TQu-P0TGiVQ43Tg,millcreek-utah
https://www.ubereats.com/salt-lake-city/food-delivery/my-pie-holladay/AtlbgoB9SeyuWIyg-eqPtg,millcreek-utah
https://www.ubereats.com/salt-lake-city/food-delivery/greek-kabob/Xf18B8w-RA6BEThUy0P8kw,millcreek-utah
https://www.ubereats.com/salt-lake-city/food-delivery/pizza-nono/2Lb1xDwKQ9Wei_hTMiz4lw,millcreek-utah
https://www.ubereats.com/salt-lake-city/food-delivery/waffle-love-midvale/q9hrX7zdQBSz2aD9yu5pIA,millcreek-utah
https://www.ubereats.com/salt-lake-city/food-delivery/richs-burgers-n-grub/9irWCm9mQweFua_bV0MwtQ,millcreek-utah
https://www.ubereats.com/salt-lake-city/food-delivery/wendys-3988-west-5400-south/xMHBu7MrRRK3H815OkCdpA,millcreek-utah
https://www.ubereats.com/salt-lake-city/food-delivery/arbys-3430-s-state-st/pCY1YaVqQguyE94mJ7eA9g,millcreek-utah
https://www.ubereats.com/salt-lake-city/food-delivery/ramen-legend/YqVucElsSUmwXwLMMbe1Gg,millcreek-utah
https://www.ubereats.com/salt-lake-city/food-delivery/wild-pepper-pizza/lUqTPBh1RMmKt_IhAJ9_ww,millcreek-utah
https://www.ubereats.com/salt-lake-city/food-delivery/burger-king-2104-south-redwood-road/C2Flt2TLSme1bbuHRjxf1A,millcreek-utah
https://www.ubereats.com/salt-lake-city/food-delivery/omo-korean-barbecue/Dcc4-7SPRg6AIS8pCwEW_A,millcreek-utah
https://www.ubereats.com/salt-lake-city/food-delivery/wing-it!-west-valley-city/LVjaKL4uR9K6RY5xMg_-Fw,millcreek-utah
https://www.ubereats.com/salt-lake-city/food-delivery/spitz-sugarhouse/usUQV0YxTYypCITlhv40nQ,millcreek-utah
https://www.ubereats.com/salt-lake-city/food-delivery/panda-express-6191-s-state-st/fZNh_dZ0QtGiNk1YBi5c_Q,millcreek-utah
https://www.ubereats.com/salt-lake-city/food-delivery/johnny-rockets-36-state-st/SsRAIPAbQn-Y3_FCYD8XcQ,millcreek-utah
https://www.ubereats.com/salt-lake-city/food-delivery/south-city-tacos/xnuCjZxaQBazEcZNMg94CA,millcreek-utah
https://www.ubereats.com/salt-lake-city/food-delivery/sweet-lake-biscuits-%26-limeade/E0W8ALTjSW2s0_WLdtB-MQ,millcreek-utah
https://www.ubereats.com/salt-lake-city/food-delivery/jersey-mikes-1400-s-foothill/r3CW1SWSRkyXg4kF8LQfeg,millcreek-utah
https://www.ubereats.com/salt-lake-city/food-delivery/roxberry-juice-co-south-jordan/T7T5z6uGQbe-UTaKOVq4xA,millcreek-utah
https://www.ubereats.com/salt-lake-city/food-delivery/roulas-cafe/8Rr48IQ6R9KEsdGxAOjeoA,millcreek-utah
https://www.ubereats.com/salt-lake-city/food-delivery/j%26j-chinese-kitchen/VACUXvEURS-a240NNQ_XNw,millcreek-utah
https://www.ubereats.com/salt-lake-city/food-delivery/ricarepa-xpress-llc/Em2QHaQUTESyzFOXUANzCg,millcreek-utah
https://www.ubereats.com/salt-lake-city/food-delivery/roxberry-juice-co/_FBNcEC9Qxis4Xu4nhx-Ng,millcreek-utah
https://www.ubereats.com/salt-lake-city/food-delivery/famous-daves-7273-south-plaza-center-drive/O_KURCd9S9uLE9wjmZ8IRg,millcreek-utah
https://www.ubereats.com/salt-lake-city/food-delivery/papa-murphys-7759-south-4800-west/eyIs0q3UQP-V7QvTKlQNxw,millcreek-utah
https://www.ubereats.com/salt-lake-city/food-delivery/pho-little-saigon/Dqb9untsQDydM3zFW2DrYg,millcreek-utah
https://www.ubereats.com/salt-lake-city/food-delivery/pizza-pie-cafe-west-jordan/OqrrQEv1Qxq-v8Mol7jE1g,millcreek-utah
https://www.ubereats.com/salt-lake-city/food-delivery/cafe-zupas-7632-s-campus-view-dr/FafX0BqnTaeHTl0L62h3fw,millcreek-utah
https://www.ubereats.com/salt-lake-city/food-delivery/mcdonalds-4500-s-%26-300-w/FH58uQpxTw6TAANoOi2atA,millcreek-utah
https://www.ubereats.com/salt-lake-city/food-delivery/papa-murphys-3525-west-3500-south/JD8Pnl25SIKIy8Ffgskzew,millcreek-utah
https://www.ubereats.com/salt-lake-city/food-delivery/pizza-factory-at-fatcats-salt-lake-city/viuYKMLSR3WE7gRHdLCbSw,millcreek-utah
https://www.ubereats.com/salt-lake-city/food-delivery/one-more-noodle-house/37qegnlpRNuDiwYQP6O4GA,millcreek-utah
https://www.ubereats.com/salt-lake-city/food-delivery/oh-mai-sandy/mnFNKcnESGOOZyc1Q0BB0Q,millcreek-utah
https://www.ubereats.com/salt-lake-city/food-delivery/water-%26-wellness/L8366YQGQ76mv4s2KxHAMw,millcreek-utah
https://www.ubereats.com/salt-lake-city/food-delivery/roxberry-juice-co-fort-union/AmGtXnXtRqexp-tCACbEZQ,millcreek-utah
https://www.ubereats.com/salt-lake-city/food-delivery/bhutan-house-restaurant/m3cmJlclTMKev1QpIF-A1A,millcreek-utah
https://www.ubereats.com/salt-lake-city/food-delivery/wing-squad-fort-union/BUqk_uxNRaCCuk2QZ11q1Q,millcreek-utah
https://www.ubereats.com/salt-lake-city/food-delivery/little-world/yZEPqtwMQDmPJmgOkDwl8g,millcreek-utah
https://www.ubereats.com/salt-lake-city/food-delivery/big-daddys-pizza-700-e-midvale-ut/RJ0vfAPdSnmmjZmNslVCSg,millcreek-utah
https://www.ubereats.com/salt-lake-city/food-delivery/wendys-6828-so-redwood-road/MW33d5FzSQaRBPJyowxb-A,millcreek-utah
https://www.ubereats.com/salt-lake-city/food-delivery/supreme-flavor/tgnB6DApST2JMGbz19hgxw,millcreek-utah
https://www.ubereats.com/salt-lake-city/food-delivery/hook-%26-reel-west-valley-city/iehCzYtcSF6ybb7NSUgisA,millcreek-utah
https://www.ubereats.com/salt-lake-city/food-delivery/red-lobster-2294-s-1300-e/pbIboZ63QMaEQpWvj_aTzw,millcreek-utah
https://www.ubereats.com/salt-lake-city/food-delivery/simply-sushi-s-redwood/gSXPYzGpSuyb0dEXF8621g,millcreek-utah
https://www.ubereats.com/salt-lake-city/food-delivery/mcdonalds-5900-s-%26-state-st/3VH_jLGYQmGDBSZ0zJPjfw,millcreek-utah
https://www.ubereats.com/salt-lake-city/food-delivery/chuck-a-rama-buffet-murray/wHap07K6RKCRe4q42MGq-A,millcreek-utah
https://www.ubereats.com/salt-lake-city/food-delivery/indochine/ftdIV9kxT4qrHHGUmcip2g,millcreek-utah
https://www.ubereats.com/salt-lake-city/food-delivery/burger-king-3470-south-redwood-road/PwNalWh8RhWJgrI-TvPoBA,millcreek-utah
https://www.ubereats.com/salt-lake-city/food-delivery/seon-korean-bbq/LxaUJYThQs6yHqAd6kjqZQ,millcreek-utah
https://www.ubereats.com/salt-lake-city/food-delivery/shiro-kuma-snow-cream/9T_XufqMRwCYfRfXeVf1zQ,millcreek-utah
https://www.ubereats.com/salt-lake-city/food-delivery/noodles-%26-company-5207-s-state-st/57W6O-TmSwS39DqkDspb2w,millcreek-utah
https://www.ubereats.com/salt-lake-city/food-delivery/tradition/MLM2BrSBQFOnNgpFJqt7sw,millcreek-utah
https://www.ubereats.com/salt-lake-city/food-delivery/sizzler-s-redwood-rd/DtkRd8WCTCOLc56ufzzVSQ,millcreek-utah
