url,city
https://www.ubereats.com/boston/food-delivery/potbelly-sandwich-shop-braintree-%7C-304/I9KQOSxSRQiJTZuWJ6ssOA,milton-massachusetts
https://www.ubereats.com/boston/food-delivery/the-ice-cream-shop/mmSgeDL2RGuuaOQ1e4AbXQ,milton-massachusetts
https://www.ubereats.com/boston/food-delivery/kapow-dorchester/f7hnvu6qQ8m6_iILi-by3Q,milton-massachusetts
https://www.ubereats.com/boston/food-delivery/sun-pizza/50bdG3QCRnOEIb2PpCIPJw,milton-massachusetts
https://www.ubereats.com/boston/food-delivery/starbucks-dedham-mall-pad/f8lw2tGvTf65GzDNMf-Wyg,milton-massachusetts
https://www.ubereats.com/boston/food-delivery/regal-cafe/KP3uDBI1QfOdpXtS8Al5qg,milton-massachusetts
https://www.ubereats.com/boston/food-delivery/yellow-door-taqueria/GsN0O5NDQUuoEYHDDU2Nlg,milton-massachusetts
https://www.ubereats.com/boston/food-delivery/myrahs-kitchen/9z6fCfyVSz2N-ZS_4bZvEQ,milton-massachusetts
https://www.ubereats.com/boston/food-delivery/chateau-restaurant-%E2%80%93-norwood/AflBHthoSRi6zPC2c6olWA,milton-massachusetts
https://www.ubereats.com/boston/food-delivery/burger-king-41-providence-highway/fFOCBs-xR1yaM6p5Uog_Sw,milton-massachusetts
https://www.ubereats.com/boston/food-delivery/river-grille-plus-restaurant/mMzCLYkoQ6Ct_0xXy6crfA,milton-massachusetts
https://www.ubereats.com/boston/food-delivery/papa-ginos-600-providence-highway/CsFRQmCFS8WS_2KB3_O3wg,milton-massachusetts
https://www.ubereats.com/boston/food-delivery/taj-modern-indian-cuisine/I5b5OKgFQt22HxI2sqByug,milton-massachusetts
https://www.ubereats.com/boston/food-delivery/the-tomato-and-cheese-co/aXHmOmHVQXKUidZk5BoeWw,milton-massachusetts
https://www.ubereats.com/boston/food-delivery/shaking-seafood/VNlj4TqwTMiONVotRqRJkA,milton-massachusetts
https://www.ubereats.com/boston/food-delivery/panda-gold/zsxA1zfUSqKPo2qFJIuSgw,milton-massachusetts
https://www.ubereats.com/boston/food-delivery/kfc-tb-707-hancock-st/74M_CvXAQRemoetWXtv2DA,milton-massachusetts
https://www.ubereats.com/boston/food-delivery/peel-pizza-company/XQ7TLrK7T6ea7KSi4Yopcw,milton-massachusetts
https://www.ubereats.com/boston/food-delivery/green-garden-liquor-%26-deli/c3MpiYSlQF2BdWIDb1kFOg,milton-massachusetts
https://www.ubereats.com/boston/food-delivery/popeyes-84-mazzeo-street/aW-yJxCZTE29w-EVe3p2xA,milton-massachusetts
https://www.ubereats.com/boston/food-delivery/casa-real/Uxx9qpvORv2HaZIqz2mw4g,milton-massachusetts
https://www.ubereats.com/boston/food-delivery/taqueria-el-pollo/vZYZt_BpSo6PGLnheKgbHQ,milton-massachusetts
https://www.ubereats.com/boston/food-delivery/kfc-5318-washington-st/P7OtBEvWSUyNsZ4vpn-v0g,milton-massachusetts
https://www.ubereats.com/boston/food-delivery/rays-new-garden/nqTdgBNhTCmR7FNn7luiPg,milton-massachusetts
https://www.ubereats.com/boston/food-delivery/stardust/P-TO-MRNTCGK7yEMIAkE5Q,milton-massachusetts
https://www.ubereats.com/boston/food-delivery/stashs-pizza-norwood/GN0gyKoMQXOgO9zOtHj0xw,milton-massachusetts
https://www.ubereats.com/boston/food-delivery/napoli-pizzeria/nO7nATqVT_ayU50XVcWI1A,milton-massachusetts
https://www.ubereats.com/boston/food-delivery/bella-luna-%26-the-milky-way/BqnXbhXgRa6sqivQtqLIBA,milton-massachusetts
https://www.ubereats.com/boston/food-delivery/yunnan-vegetarian-cuisine/Po8lcvmmSOKUt7DpgPutaA,milton-massachusetts
https://www.ubereats.com/boston/food-delivery/malai-thai-cuisine/Skxh0_SkQiGwD5y9UT3vdA,milton-massachusetts
https://www.ubereats.com/boston/food-delivery/mcdonalds-1513-dorchester-ave/mWyXnuNVT2Cr1W069EwOCA,milton-massachusetts
https://www.ubereats.com/boston/food-delivery/avocados-mexican-rest/H7RKWzh-QEmlJxmTZ_e48Q,milton-massachusetts
https://www.ubereats.com/boston/food-delivery/dunkin-1540-commercial-st/a_842sGxTWe7LCxTJw3cbA,milton-massachusetts
https://www.ubereats.com/boston/food-delivery/back-deck/SvOaEh5tTnW_Bk26kNGbuw,milton-massachusetts
https://www.ubereats.com/boston/food-delivery/fishermans-restaurant/_dv0H03cSoKJjCjKgevxrw,milton-massachusetts
https://www.ubereats.com/boston/food-delivery/the-ice-cream-shop/RYjB82gXSvi7-saU57UdIA,milton-massachusetts
https://www.ubereats.com/boston/food-delivery/newcomb-farms-family-restaurant/Fha-SyvPTtWwlIcbMaZwwQ,milton-massachusetts
https://www.ubereats.com/boston/food-delivery/dunkin-29-hayward-street/qaPlstYWTaKwHv5yCHp_SA,milton-massachusetts
https://www.ubereats.com/boston/food-delivery/dunkin-687-hancock-st/FWBqAez8T7etunZvCSFHrQ,milton-massachusetts
https://www.ubereats.com/boston/food-delivery/burger-king-670-adams-street/Bht8PzajT9GaQyADOx-_Ew,milton-massachusetts
https://www.ubereats.com/boston/food-delivery/saigon-one-restaurant/5gA0SjMqTYuX6JBZdQBqjg,milton-massachusetts
https://www.ubereats.com/boston/food-delivery/blue-hills-grille/A-VdzMbTQoag97oitrCKhw,milton-massachusetts
https://www.ubereats.com/boston/food-delivery/chez-vous/p_wfia8ATCqNDR1iY07s8w,milton-massachusetts
https://www.ubereats.com/boston/food-delivery/nicks-pizza-%26-subs/W1w1kvIiS4epo8TlHSh53A,milton-massachusetts
https://www.ubereats.com/boston/food-delivery/starbucks-quincy-monroe-place/ihCUkxl2ShqLkLYOtOUP4A,milton-massachusetts
https://www.ubereats.com/boston/food-delivery/victory-bar-and-grille/479xmWJZSRugwLbkKoHjUA,milton-massachusetts
https://www.ubereats.com/boston/food-delivery/coco-leaf/_jK_yFDeRp-jK60qBoVk8A,milton-massachusetts
https://www.ubereats.com/boston/food-delivery/backwoods-burgers/SLZBnMbyQM-lo_GFNtvlzQ,milton-massachusetts
https://www.ubereats.com/boston/food-delivery/bait-to-plate/qegJTJysQHq9J24Wfyc_0Q,milton-massachusetts
https://www.ubereats.com/boston/food-delivery/epic-pastas/tBvGgduZTdmg2KsRdzQ3rA,milton-massachusetts
https://www.ubereats.com/boston/food-delivery/guira-%26-tambora-restaurant/BhDbrnawSXOfyMnj6N8WHw,milton-massachusetts
https://www.ubereats.com/boston/food-delivery/the-adams-pub/5RO7M79wTueDsnB_LHIv7Q,milton-massachusetts
https://www.ubereats.com/boston/food-delivery/tbaar-quincy-ma/_Fqf6IXnTi-yu8YCarGQRg,milton-massachusetts
https://www.ubereats.com/boston/food-delivery/fusion-kitchen/CdE-F2EcQA6XziMqEZ132g,milton-massachusetts
https://www.ubereats.com/boston/food-delivery/lulu-green/eyHZPt7-QF2k3pURNPmZcA,milton-massachusetts
https://www.ubereats.com/boston/food-delivery/bella/OSLG96n8Qm6yEBoyFtbykw,milton-massachusetts
https://www.ubereats.com/boston/food-delivery/applebees-990-providence-hwy-%2381076/fmtWzj9rTYyjDCXPvpdI9Q,milton-massachusetts
https://www.ubereats.com/boston/food-delivery/dunkin-543-southern-artery/L4YDMpYORZq9zIDlNJ-1yQ,milton-massachusetts
https://www.ubereats.com/boston/food-delivery/crown-pizza-and-grill/3qxHA1mzS9aasKLBDiLyIg,milton-massachusetts
https://www.ubereats.com/boston/food-delivery/popeyes-braintree/MwTCDQEGRvO8qsOZBP7xZw,milton-massachusetts
https://www.ubereats.com/boston/food-delivery/lodge-bar-and-grill/N-MpLcMtStuNbuocUO7glQ,milton-massachusetts
https://www.ubereats.com/boston/food-delivery/hooties-burger-bar-dedham/7iCPuYOvTqiEGDlVY_8wpQ,milton-massachusetts
https://www.ubereats.com/boston/food-delivery/jake-n-joes-sports-grille-norwood/ZZ8M6ZAxSj-pvwXBJupknQ,milton-massachusetts
https://www.ubereats.com/boston/food-delivery/alfredos-italian-kitchen/NKPk9NCZREmNOj2AoBZeQQ,milton-massachusetts
https://www.ubereats.com/boston/food-delivery/mcdonalds-718-american-lgn-hwy/2aItmPEfS3-zw07XNjAQIw,milton-massachusetts
https://www.ubereats.com/boston/food-delivery/dunkin-125-hancock-st/1yFMgJ5-QFWwwU_jfOs3hw,milton-massachusetts
https://www.ubereats.com/boston/food-delivery/stashs-pizza-roslindale/c59qZ0kdQ_6Uc2S5SUXz3Q,milton-massachusetts
https://www.ubereats.com/boston/food-delivery/mug-n-muffin-restaurant/-EsqTd4kQAKVKpOWumD69w,milton-massachusetts
https://www.ubereats.com/boston/food-delivery/pit-stop-barbecue/uL32n3llQheBLsyax7LLFw,milton-massachusetts
https://www.ubereats.com/boston/food-delivery/lower-mills-tavern/cQS_pwHvQWSuhon_S_yssQ,milton-massachusetts
https://www.ubereats.com/boston/food-delivery/papa-ginos-240-grove-street/_RvmEGOoTg6D46LVvepT4A,milton-massachusetts
https://www.ubereats.com/boston/food-delivery/smile-drinks/SN6YavcsTGyvArkOuD32XA,milton-massachusetts
https://www.ubereats.com/boston/food-delivery/fit-fuel-cafe/BsaUk4VjRju-aaCFCOCFvg,milton-massachusetts
https://www.ubereats.com/boston/food-delivery/the-bowery-bar/KHSpbXfdS1axHZVSZq-YNw,milton-massachusetts
https://www.ubereats.com/boston/food-delivery/five-guys-ma-1816-1250-hancock-st/ze4mgApxSNaMycKzFNY2TQ,milton-massachusetts
https://www.ubereats.com/boston/food-delivery/one-zo-quincy/ylqj9j8nSH6IcRRr32oYew,milton-massachusetts
https://www.ubereats.com/boston/food-delivery/boston-house-of-pizza/kyYUvxB8SkGKwiU4sAemug,milton-massachusetts
https://www.ubereats.com/boston/food-delivery/belle-creole-mattapan/hG7odHWkTYC9qohwDwrIUA,milton-massachusetts
https://www.ubereats.com/boston/food-delivery/genki-ya-dedham/SEFaXivSQAuAoXTg3bzGtQ,milton-massachusetts
https://www.ubereats.com/boston/food-delivery/d%26d-restaurant/i3yCa8CvSGSzNIDmsLsxGQ,milton-massachusetts
https://www.ubereats.com/boston/food-delivery/granite-grill/NEaArbE6RcqE7zCvZ2SBMg,milton-massachusetts
https://www.ubereats.com/boston/food-delivery/dedham-house-of-pizza/i66YwQ6NTM6TplE1KdBZkw,milton-massachusetts
https://www.ubereats.com/boston/food-delivery/shanti-indian-cuisine-washington/z38OK23cRum5zwZe8kt0Yw,milton-massachusetts
https://www.ubereats.com/boston/food-delivery/pavement-coffee-house-fenway/pr9_VXT1QUab-tr7EKqmSQ,milton-massachusetts
https://www.ubereats.com/boston/food-delivery/dunkin-240-ivory-st/gZ-41jnNSwu3r4HqJvdCDQ,milton-massachusetts
https://www.ubereats.com/boston/food-delivery/the-ice-cream-shop/hiI-Zvx8QEOJbooUVIMjJg,milton-massachusetts
https://www.ubereats.com/boston/food-delivery/bertuccis-canton/0xSviJlbTLqvmnhUjof6IQ,milton-massachusetts
https://www.ubereats.com/boston/food-delivery/blue-hill-cafe/VyJWbgQyTTmasLmxmXKH9Q,milton-massachusetts
https://www.ubereats.com/boston/food-delivery/ashleys-breakfast-and-lunch/UjVn-9EARvG9Zqo2F5mTFQ,milton-massachusetts
https://www.ubereats.com/boston/food-delivery/wing-squad-norwood/d-Xf_J6fSm-BYRa2AhJJBw,milton-massachusetts
https://www.ubereats.com/boston/food-delivery/abby-park/V3DEmNOwQ8ahRqTsaw0RqA,milton-massachusetts
https://www.ubereats.com/boston/food-delivery/mcdonalds-275-hancock-st/QcTVLAcpS6q4xXLJxaDkSg,milton-massachusetts
https://www.ubereats.com/boston/food-delivery/adams-pizza-and-subs/Bvi3m2MmTdmoXPJWC5Dxrg,milton-massachusetts
https://www.ubereats.com/boston/food-delivery/the-banshee/vaRkm0T9SW-LoOd0PGvTXA,milton-massachusetts
https://www.ubereats.com/boston/food-delivery/yaowarat-road/MSUiIG9aRnqzteysa-ZA2g,milton-massachusetts
https://www.ubereats.com/boston/food-delivery/ganh-pho-restaurant/9UKhD0FOSNeBPA5DesaCSQ,milton-massachusetts
https://www.ubereats.com/boston/food-delivery/bawarchi-indian-cuisine/NGGBxppJR_GWCGj-6flzdQ,milton-massachusetts
https://www.ubereats.com/boston/food-delivery/wing-squad-west-roxbury/T9iWPDRLSj2FXbUIWOPDgA,milton-massachusetts
https://www.ubereats.com/boston/food-delivery/dunkin-1621-blue-hill-ave/b96gvg3xTqWilu_VCxU-Fw,milton-massachusetts
https://www.ubereats.com/boston/food-delivery/honey-dew-donuts-86-mazzeo-dr/28eIBnlJSliUyz1ALTdJGg,milton-massachusetts
https://www.ubereats.com/boston/food-delivery/sofia-italian-steakhouse/lHMPEtpVRziN2KRO6Mdllw,milton-massachusetts
https://www.ubereats.com/boston/food-delivery/edible-arrangements-1360-hancock-street/I6YCa0bMTCa6lecxum190w,milton-massachusetts
https://www.ubereats.com/boston/food-delivery/right-taste-jamaican-restaurant/9O4ZeyX-RvGJLRR38eZXOg,milton-massachusetts
https://www.ubereats.com/boston/food-delivery/mcdonalds-605-washington-st/9bB5LNbeQwC1a8YQGjtPgw,milton-massachusetts
https://www.ubereats.com/boston/food-delivery/burger-king-393-washington-street/c69_svQhRnaJm0s0vnXG5w,milton-massachusetts
https://www.ubereats.com/boston/food-delivery/thai-bar-shi/xeOwahTVT1CLDiPyom8vGQ,milton-massachusetts
https://www.ubereats.com/boston/food-delivery/napoli-pizza-%26-sub-shops/Uq6r0irSQpO7qOS_oekt8Q,milton-massachusetts
https://www.ubereats.com/boston/food-delivery/bonito-taqueria/_XgrjXpgRfGAG1H2gbpQqA,milton-massachusetts
https://www.ubereats.com/boston/food-delivery/taipei-cuisine68-billings-rd/G7IvPotfROKQH6V9bR0FHQ,milton-massachusetts
https://www.ubereats.com/boston/food-delivery/coffee-break-cafe-franklin/NgKMAphvSmCKJjNoX0sy1g,milton-massachusetts
https://www.ubereats.com/boston/food-delivery/pasta-mama/GNMaY9WvQNqbRcTOjyVfxg,milton-massachusetts
https://www.ubereats.com/boston/food-delivery/montilios-baking-company/OpM5myv5QiCpqYJoaHRAwg,milton-massachusetts
https://www.ubereats.com/boston/food-delivery/tkk-fried-chicken-1-beale-st/9c-4k8GlQKOX3uq0F39ZvA,milton-massachusetts
https://www.ubereats.com/boston/food-delivery/hooters-dedham/Fenubr5JQdCpKgBOOZ4VyA,milton-massachusetts
https://www.ubereats.com/boston/food-delivery/temazcal-tequila-cantina-dedham/t-g01jD5SBKTFbtSdc-5RQ,milton-massachusetts
https://www.ubereats.com/boston/food-delivery/dunkin-375-washington-st/ojGvThyvSzG42138TpVj3A,milton-massachusetts
https://www.ubereats.com/boston/food-delivery/wendys-1412-boston-providence-turnpike/KdxGCh-GSJCfLxK6gS_l2g,milton-massachusetts
https://www.ubereats.com/boston/food-delivery/mcdonalds-comm-ave-allston/gxYCXvK3QD6L3wqU4GNAlQ,milton-massachusetts
https://www.ubereats.com/boston/food-delivery/the-red-eyed-pig/QEjUij6KSjyMHPMcZ0NVow,milton-massachusetts
https://www.ubereats.com/boston/food-delivery/shawarma-club/Ktla22nwQ8K1IusBAjD0KQ,milton-massachusetts
https://www.ubereats.com/boston/food-delivery/las-vegas-seafood-restaurant/3Q9qB_JnRdaAcYM1SdeoXQ,milton-massachusetts
https://www.ubereats.com/boston/food-delivery/island-style-jamaican-restaurant/oW_abP9LTrmWTPlKUkoP9Q,milton-massachusetts
https://www.ubereats.com/boston/food-delivery/uno-pizzeria-%26-grill-%23217/SHPlJrr5Qxi53nfSyTCeEA,milton-massachusetts
https://www.ubereats.com/boston/food-delivery/the-ice-cream-shop/8GhPHR1WTKip5xEeFJfFAg,milton-massachusetts
https://www.ubereats.com/boston/food-delivery/onezo/hfWiMlt6SHS6SFyBRDUeqQ,milton-massachusetts
https://www.ubereats.com/boston/food-delivery/sofia-pasta-kitchen/eLkOFlKFSU2U-M6p6dvr_g,milton-massachusetts
https://www.ubereats.com/boston/food-delivery/top-notch-caribbean-cuisine/xXcohOEkQ566UDRtTA4mrQ,milton-massachusetts
https://www.ubereats.com/boston/food-delivery/dimitrios-pizza/_aG3hCAoTueiQ5g7Xq9IZg,milton-massachusetts
https://www.ubereats.com/boston/food-delivery/thai-noodle-bar/3X9C3hpVRkOJ53pmuyFaeg,milton-massachusetts
https://www.ubereats.com/boston/food-delivery/jimmies-cafe/hPXpDeOvRymVBSK0T9-YIw,milton-massachusetts
https://www.ubereats.com/boston/food-delivery/belicious-cafe/yuLya_MKQzSbmETnCTYd-g,milton-massachusetts
https://www.ubereats.com/boston/food-delivery/oriental-house-boston/lfnCDPvMSqOElwC34jzIew,milton-massachusetts
https://www.ubereats.com/boston/food-delivery/down-home-delivery-%26-catering/YnFHsSOnQF-CXOsWU9B3tQ,milton-massachusetts
https://www.ubereats.com/boston/food-delivery/soup-shack/fIF4cFAiTlCPBh9YGh_Pew,milton-massachusetts
https://www.ubereats.com/boston/food-delivery/pizza-licious/AvP4jKOtTaabhiJJFrDmlg,milton-massachusetts
https://www.ubereats.com/boston/food-delivery/southern-belle/skhTkvAVTJG6xIs7RWRPTA,milton-massachusetts
https://www.ubereats.com/boston/food-delivery/bertuccis-braintree/bq942IWOQe-XsZvd8sznEw,milton-massachusetts
https://www.ubereats.com/boston/food-delivery/quincy-international-market-sham-mashawi/mGjmILjHQiu_PT1aYkiJCQ,milton-massachusetts
https://www.ubereats.com/boston/food-delivery/chipotle-mexican-grill-217-university-ave/ccbnOXlBQCyjQ0c0igLclQ,milton-massachusetts
https://www.ubereats.com/boston/food-delivery/ben-%26-jerrys-30-forbes-rd/mdjpqxzKSK2rg5XQb3RNXw,milton-massachusetts
https://www.ubereats.com/boston/food-delivery/capt-loui/ro5t9ylHSYaIBMTZ4EZZ7Q,milton-massachusetts
https://www.ubereats.com/boston/food-delivery/whats-the-scoop/0CFy8EX-QHyHt6s7x2f7dg,milton-massachusetts
https://www.ubereats.com/boston/food-delivery/reign-drink-lab/8byVAjVFS6iIUf-j90EXCQ,milton-massachusetts
https://www.ubereats.com/boston/food-delivery/planet-smoothie-176-s-franklin-st/Xc5qDik-TZeouPFeP3_XXw,milton-massachusetts
https://www.ubereats.com/boston/food-delivery/yocha/Dyp6oi5DRpWiJxugTtkzhg,milton-massachusetts
https://www.ubereats.com/boston/food-delivery/tgi-fridays-648-braintree-ma/h871e2Y2SraIxmFO5PYw0Q,milton-massachusetts
https://www.ubereats.com/boston/food-delivery/boston-fried-chicken-blue-hill-ave/hAetFbJaS8GRuX2h09py1w,milton-massachusetts
https://www.ubereats.com/boston/food-delivery/chipotle-mexican-grill-60-newport-ave/LUbGPGikQNin883VyAIyWg,milton-massachusetts
https://www.ubereats.com/boston/food-delivery/honey-dew-donuts-541-pleasant-st/3GXSdQCvQSWnVw3n46MvfA,milton-massachusetts
https://www.ubereats.com/boston/food-delivery/shaking-crab-quincy/85J4qH_MQrGFkQDk5AYUYA,milton-massachusetts
https://www.ubereats.com/boston/food-delivery/coffee-break-cafe-central/5REbBzuTSuqmtbPm4BeY9g,milton-massachusetts
https://www.ubereats.com/boston/food-delivery/gyro-and-kebab-house/j_cHxahkQ22g8l708CUakw,milton-massachusetts
https://www.ubereats.com/boston/food-delivery/burger-king-885-cummins-hwy/3pFGxT28TDedZ9Adeop-ww,milton-massachusetts
https://www.ubereats.com/boston/food-delivery/easters/rzbUgc41SpyqvhcBaZMYjg,milton-massachusetts
https://www.ubereats.com/boston/food-delivery/dunkin-942-hyde-park-ave/njUrqTQ7RTCjnzlAqOmqww,milton-massachusetts
https://www.ubereats.com/boston/food-delivery/ichiban/Ub4GfgZRQcq7MvCZpj8Jsw,milton-massachusetts
https://www.ubereats.com/boston/food-delivery/dunkin-1172-washington-st/0cORMaU4R8SvoAbF5lDWaA,milton-massachusetts
https://www.ubereats.com/boston/food-delivery/mcdonalds-kenmore-sq/XA99vXEWS7qNPuRLhEnp0Q,milton-massachusetts
https://www.ubereats.com/boston/food-delivery/dunkin-553-pond-st-%23-555/fucc3EtFS6mpFAq73ul39g,milton-massachusetts
https://www.ubereats.com/boston/food-delivery/pho-hoa-dorchester/n9SNaiMORGqexJOqq1zgOQ,milton-massachusetts
https://www.ubereats.com/boston/food-delivery/wingstop-randolph-29-warren-street/PDYdkZ38TwqxOD-TbhxCQA,milton-massachusetts
https://www.ubereats.com/boston/food-delivery/santo-domingo-restaurant/8w5FFfg9QjShOnQl5O3xew,milton-massachusetts
https://www.ubereats.com/boston/food-delivery/d-and-d-restaurant/HpBHeW7TTKKFSC7qsbxjCQ,milton-massachusetts
https://www.ubereats.com/boston/food-delivery/dunkin-1800-hyde-park-ave/7ojymb5mRZSr49eRIGaIKA,milton-massachusetts
https://www.ubereats.com/boston/food-delivery/burger-king-100-washington-street/BsY89KLPRyyCiknkChJmCA,milton-massachusetts
https://www.ubereats.com/boston/food-delivery/outback-steakhouse-45-mazzeo-drive/jSVloRbUQOerj8jphv2sZw,milton-massachusetts
https://www.ubereats.com/boston/food-delivery/tonys-house-of-pizza/lQQj2AiARemdercTT4y72Q,milton-massachusetts
https://www.ubereats.com/boston/food-delivery/kaze-shabu-shabu/zEuJViFKRoGL_W6VLfOjVg,milton-massachusetts
https://www.ubereats.com/boston/food-delivery/papa-ginos-748-gallivan-boulevard/Mkthct3BQn21xm615QhIJw,milton-massachusetts
https://www.ubereats.com/boston/food-delivery/dunkin-1200-hyde-park-ave/K-d6HyEuRiKevURgiMj0tg,milton-massachusetts
https://www.ubereats.com/boston/food-delivery/sher-a-punjab/ligX8WqHRR6JFuLV5xid7A,milton-massachusetts
https://www.ubereats.com/boston/food-delivery/the-talk-and-wok-cafe/2FF16FsAQ_GXvnZbxP5AkA,milton-massachusetts
https://www.ubereats.com/boston/food-delivery/chilacates-centre-st/sO3ckxRbTkarig30i8ih5g,milton-massachusetts
https://www.ubereats.com/boston/food-delivery/pinkberry-south-shore-plaza/Hfc6Pb0vQFCrZSmUBNbwxg,milton-massachusetts
https://www.ubereats.com/boston/food-delivery/bostonia-public-house/6Tj7rOpBRrO92M-8muEBlg,milton-massachusetts
https://www.ubereats.com/boston/food-delivery/buffalo-wild-wings-250-granite-st-ste-1025b/_UfpMLZNQlGxh2XrmzpmUA,milton-massachusetts
https://www.ubereats.com/boston/food-delivery/mininas-restaurant/Acib-aJwR5SXBtbPT6WyAA,milton-massachusetts
https://www.ubereats.com/boston/food-delivery/cafe-juice-up/htzGdQ7dQHWHQ671kiMbrQ,milton-massachusetts
https://www.ubereats.com/boston/food-delivery/hei-la-moon/ZF8wX6vaQGy1LIFDa2jaxA,milton-massachusetts
https://www.ubereats.com/boston/food-delivery/thyme/NlRz2aEBRAi70TgBm9OUIA,milton-massachusetts
https://www.ubereats.com/boston/food-delivery/obosa-restaurant/ivWfxC8STcCuEimGHDG_Ag,milton-massachusetts
https://www.ubereats.com/boston/food-delivery/i-love-nicks/MK_pnE4eS52EKe7xicshEg,milton-massachusetts
https://www.ubereats.com/boston/food-delivery/dunkin-238-grove-st/QKupBfvEQrmG6Y9kdOKbig,milton-massachusetts
https://www.ubereats.com/boston/food-delivery/mcdonalds-12-pearl-st/IbXWAfCpSBOv0ZYl5CK3iQ,milton-massachusetts
https://www.ubereats.com/boston/food-delivery/brick-and-beam/yFUFW6TFT0OKAOHHLljPdA,milton-massachusetts
https://www.ubereats.com/boston/food-delivery/dunkin-2360-washington-st/M-OYCnQUSc2FuNoaIF0QZw,milton-massachusetts
https://www.ubereats.com/boston/food-delivery/borinquen-bakery-cafe/thiOEtBYSvala2a67tvv4A,milton-massachusetts
https://www.ubereats.com/boston/food-delivery/applebees-200-hancock-street-%2381067/5zLL3y8bRD6DK6sLxC7kCQ,milton-massachusetts
https://www.ubereats.com/boston/food-delivery/stashs-pizza-dorchester/3Mgi2ipFTO-aFD3F_iwogQ,milton-massachusetts
https://www.ubereats.com/boston/food-delivery/wamps-pizzeria/lALOtYPpQdiQjmB-Ntld5w,milton-massachusetts
https://www.ubereats.com/boston/food-delivery/chateau-restaurant-%E2%80%93-braintree/9r_GoflFQnq7vmhUzN7x0w,milton-massachusetts
https://www.ubereats.com/boston/food-delivery/california-pizza-kitchen-250-granite-st/VH3grow4SNqdZJM82VZ6bw,milton-massachusetts
https://www.ubereats.com/boston/food-delivery/old-country-pizzeria/6BTZljCYSL6_QnjCj9KPfQ,milton-massachusetts
https://www.ubereats.com/boston/food-delivery/del-friscos-grille-60-university-ave/wrlti0avTf-g7eIDk3ujuQ,milton-massachusetts
https://www.ubereats.com/boston/food-delivery/slades-bar-%26-grill/0mwyOhT7T6OrqHIn4bi8tQ,milton-massachusetts
https://www.ubereats.com/boston/food-delivery/mcdonalds-515-gallivan-blvd/pFHJXg-XTVyLZvaoWLEu8g,milton-massachusetts
https://www.ubereats.com/boston/food-delivery/flos-kitchen/vXGg5TVgQwmiFlfBPUomtw,milton-massachusetts
https://www.ubereats.com/boston/food-delivery/chill-on-park/qPEqpCE3ReSdkLkYlNj5EQ,milton-massachusetts
https://www.ubereats.com/boston/food-delivery/appethaize/s5fhyos1T52WuNTK8BgUHw,milton-massachusetts
https://www.ubereats.com/boston/food-delivery/little-haiti-cuisine/gY0fSpbkRVu79sAFFbpmVg,milton-massachusetts
https://www.ubereats.com/boston/food-delivery/slices/lBo3EFy8SYuPFiHExqkLSA,milton-massachusetts
https://www.ubereats.com/boston/food-delivery/dunkin-20-memorial-dr/DvL9741dR7ucMHnEWMWCuw,milton-massachusetts
https://www.ubereats.com/boston/food-delivery/burger-king-299-washington-st/ZVZsd6ZHTwqM7ZpeLfX7Og,milton-massachusetts
https://www.ubereats.com/boston/food-delivery/sofia-salad-bar/KjgyBA5QTJao9Bx5AOjxfg,milton-massachusetts
https://www.ubereats.com/boston/food-delivery/tasty-thai/dLw0sf0qSD-h4ek45qtQ2g,milton-massachusetts
https://www.ubereats.com/boston/food-delivery/ginjo-restaurant/sU-v7HwkSb6YI1HHuHREQA,milton-massachusetts
https://www.ubereats.com/boston/food-delivery/kouzina-estiatorio/QP5b-TICR6e3-hXLYz1uJw,milton-massachusetts
https://www.ubereats.com/boston/food-delivery/kuizinn-lakay-plus/Zx5D6T-AR7Kb838gcmKpGg,milton-massachusetts
https://www.ubereats.com/boston/food-delivery/the-cottage-bar-%26-restaurant/7hwYUIaNTMqSaNpuO6D4YQ,milton-massachusetts
https://www.ubereats.com/boston/food-delivery/starbucks-east-milton-square552-adams-st/6NJMZ5vJRdy7jRiEiAPRIw,milton-massachusetts
https://www.ubereats.com/boston/food-delivery/littleduck-thai-restaurant/Rn4_ztyOSjCeMbbmbkE3HA,milton-massachusetts
https://www.ubereats.com/boston/food-delivery/chipotle-mexican-grill-1415-boston-providence-highway/C1JHwRbzRlOk-S5QhzC0zQ,milton-massachusetts
https://www.ubereats.com/boston/food-delivery/winsor-dim-sum-house/UAIV4FjXQn-zaWwrFoURKA,milton-massachusetts
https://www.ubereats.com/boston/food-delivery/maxies-delicatessen/8DH3hFhRR164V45m62Atxg,milton-massachusetts
https://www.ubereats.com/boston/food-delivery/marinos-market-%26-deli/HCX3EO5BRm65eW49EKfL_w,milton-massachusetts
https://www.ubereats.com/boston/food-delivery/la-paloma-mexican-restaurant/19YjBcz9SNaX1U8yFwilQg,milton-massachusetts
https://www.ubereats.com/boston/food-delivery/yelus/vId2pgV0Te-WAxiXhTlfJg,milton-massachusetts
https://www.ubereats.com/boston/food-delivery/anthonys-coal-fired-pizza-westwood/6Nrk4YroRwCY6_mQw_79oA,milton-massachusetts
https://www.ubereats.com/boston/food-delivery/brians-fine-desserts/pnMjiFrRSJm2K-D7xwZM4A,milton-massachusetts
https://www.ubereats.com/boston/food-delivery/labadee-cafe/bZeF23DmQjqfuWfC1RAb1w,milton-massachusetts
https://www.ubereats.com/boston/food-delivery/china-jade/h7V-MGVqTRihZlBCsmMRHg,milton-massachusetts
https://www.ubereats.com/boston/food-delivery/five-star-pizza/1N9yuaR6T2-gKoaSgxvtJA,milton-massachusetts
https://www.ubereats.com/boston/food-delivery/dunkin-2140-washington-st/F0lR-WIrSoSBB8paQRxssg,milton-massachusetts
https://www.ubereats.com/boston/food-delivery/caribbean-flavors/1EpoPcn7QuuDwAgXAPNL_g,milton-massachusetts
https://www.ubereats.com/boston/food-delivery/rons-gourmet-ice-cream-dedham/-oOWHmk4SRu8EBM2x0KJmQ,milton-massachusetts
https://www.ubereats.com/boston/food-delivery/boston-market-126-granite-street/z8EA_HAbTPmjmCow5r6ikw,milton-massachusetts
https://www.ubereats.com/boston/food-delivery/davids-pizza/n5sgIQaATSe8_LWcEaR5Lg,milton-massachusetts
https://www.ubereats.com/boston/food-delivery/emma-lisas-breakfast-%26-lunch/FhIQ_0TuSa6gDd6khByQJw,milton-massachusetts
https://www.ubereats.com/boston/food-delivery/gennaros-eatery/lpMWvrqrRB6muh6K_JRbSQ,milton-massachusetts
https://www.ubereats.com/boston/food-delivery/somtum-modern-thai-cuisine/WK6caiV2TnyHxiRWBVgSoA,milton-massachusetts
https://www.ubereats.com/boston/food-delivery/ashmont-market-%26-liquor/rUtoFyWvR2a7olRMSvwVXA,milton-massachusetts
https://www.ubereats.com/boston/food-delivery/uno-pizzeria-%26-grill-%23227/bI1xGNJ1QeWlwaVaA-ybxQ,milton-massachusetts
https://www.ubereats.com/boston/food-delivery/johnnys-pizza-and-fried-chicken/gwv17XdPR0CjWXa60PYHjA,milton-massachusetts
https://www.ubereats.com/boston/food-delivery/villa-sombrero-restaurant/pdIf4wjxTlOdwE9o02ORKg,milton-massachusetts
https://www.ubereats.com/boston/food-delivery/jersey-mikes-subs-479-washington-street/ptFEM7a2S_K1x2X2arB80A,milton-massachusetts
https://www.ubereats.com/boston/food-delivery/mcdonalds-422-washington-st/yuijh8agQgacUKruA9EE5Q,milton-massachusetts
https://www.ubereats.com/boston/food-delivery/shabu-restaurant/HvTcN9V-SDqzKsOzjlPN5A,milton-massachusetts
https://www.ubereats.com/boston/food-delivery/french-quarter/J80poRaVSbGnFoYdIzKuzw,milton-massachusetts
https://www.ubereats.com/boston/food-delivery/ban-toi-restaurant/iUwxl1erSzWT5X86MJC8vg,milton-massachusetts
https://www.ubereats.com/boston/food-delivery/16c/s8POXwQLTpShI_QFWRuPUg,milton-massachusetts
https://www.ubereats.com/boston/food-delivery/mcdonalds-473-southern-artery/wgTK05HHTkOejuj-h2kMeg,milton-massachusetts
https://www.ubereats.com/boston/food-delivery/cheers-cut-fried-chicken-quincy/ixcQkmdJT62oiaiIWDD51w,milton-massachusetts
https://www.ubereats.com/boston/food-delivery/burger-king-165-pearl-street/n7OThNzeQVi-61VvEwL5yg,milton-massachusetts
https://www.ubereats.com/boston/food-delivery/extreme-burgers/VrvF1tiaRP-JzqlRl3xGCw,milton-massachusetts
https://www.ubereats.com/boston/food-delivery/old-country-pizzeria/22pCh_vvSnmqhyw4HZ5IIA,milton-massachusetts
https://www.ubereats.com/boston/food-delivery/mcdonalds-32-broadway/oxHZ4xU4Svq9V3l4hNzw6g,milton-massachusetts
https://www.ubereats.com/boston/food-delivery/brothers-deli-restaurant/AXTeZC_gS4OmOLSVN3eJtA,milton-massachusetts
https://www.ubereats.com/boston/food-delivery/toast-office-westwood/sci12XXMR5e8KW1sH54Hqg,milton-massachusetts
https://www.ubereats.com/boston/food-delivery/100-delicias-restaurant/D4htzKxYQI2ys9HgiwzBNQ,milton-massachusetts
https://www.ubereats.com/boston/food-delivery/victory-point-at-marina-bay-bar-%26-grill/6iOiSlzsQbmuumG_7gTvtw,milton-massachusetts
https://www.ubereats.com/boston/food-delivery/regina-pizzeria-south-shore-plaza/YSb3TKmjTT6CXGCCCcnHJQ,milton-massachusetts
https://www.ubereats.com/boston/food-delivery/honey-dew-donuts-375-neponset-street/EzV-Q5FGTkuhcprdE1GF0g,milton-massachusetts
https://www.ubereats.com/boston/food-delivery/kfc-298-washington-st/zel5PZrvTxWJ5ehaa0gnZg,milton-massachusetts
https://www.ubereats.com/boston/food-delivery/subway-quincy/FKaKDi_YQ5ed916l77f4EQ,milton-massachusetts
https://www.ubereats.com/boston/food-delivery/shea-butter-smoothies/H1Dk1I5uQyGZKkgfJQGjxg,milton-massachusetts
https://www.ubereats.com/boston/food-delivery/mick-morgans-irish-pub-%26-restaurant/eXirmHuASGK7RTn8xoD-QQ,milton-massachusetts
https://www.ubereats.com/boston/food-delivery/family-affair/wJo5cDgeTsWz1CIyzXd5Mg,milton-massachusetts
https://www.ubereats.com/boston/food-delivery/the-ice-cream-shop/pnDVaQQaTr6rSliH4ShXnQ,milton-massachusetts
https://www.ubereats.com/boston/food-delivery/highland-grill-%26-pizzeria/VT6ysFtCSfueJulnUFGezg,milton-massachusetts
https://www.ubereats.com/boston/food-delivery/pizzadoros/qeqxk-A-R3-sl5_Gfku6hg,milton-massachusetts
https://www.ubereats.com/boston/food-delivery/burger-king-4594-washington-street/femrMjLGTpStA2Jo_zPGDg,milton-massachusetts
https://www.ubereats.com/boston/food-delivery/boston-fried-chicken-randolph/fievgG6tRa-ZmAQTaUVcFQ,milton-massachusetts
https://www.ubereats.com/boston/food-delivery/five-guys-ma-0498-104-providence-hwy/GYCQ6gI8ReywqJY0IqkxFQ,milton-massachusetts
https://www.ubereats.com/boston/food-delivery/frollz/jre8MSqeQ3-ld78zCWW6GQ,milton-massachusetts
https://www.ubereats.com/boston/food-delivery/subway-111-lenox-st/-ptPB1EPS22qL04dVfrvxg,milton-massachusetts
https://www.ubereats.com/boston/food-delivery/the-avenue-grille/j8L01-OMRxWH4ZlK4l4bng,milton-massachusetts
https://www.ubereats.com/boston/food-delivery/murls-kitchen/f3IM0Y92Rkmwp_0Bmov70Q,milton-massachusetts
https://www.ubereats.com/boston/food-delivery/mojitos-country-club/8kISpR_lTgGb2CcGnYFtEA,milton-massachusetts
https://www.ubereats.com/boston/food-delivery/miranda-bread-stoughton/KxyL75IMTI6hU-R41HXIvQ,milton-massachusetts
https://www.ubereats.com/boston/food-delivery/five-guys-ma-1546-37-forbes-ave/y4stmS-mTmaPweZndzZhmQ,milton-massachusetts
https://www.ubereats.com/boston/food-delivery/school-street-sweets-braintree/E5Muf5OZS4S8AVmSOjA9RA,milton-massachusetts
https://www.ubereats.com/boston/food-delivery/al-wadi-restaurant/gFNnhe0SRpOvqZf-ivVarA,milton-massachusetts
https://www.ubereats.com/boston/food-delivery/lala-caribbean-restaurant/MeH7xETmS32sIKws3-2fUA,milton-massachusetts
https://www.ubereats.com/boston/food-delivery/dunkin-915-high-st/zSsWsV8ZRHu4BMsnzO8FgQ,milton-massachusetts
https://www.ubereats.com/boston/food-delivery/five-guys-ma-0461-7-warren-st/ESZxMZ8aRI-P5iddxihSDA,milton-massachusetts
https://www.ubereats.com/boston/food-delivery/the-ice-cream-shop/9Rnp6AV3SY2DI6XGw0oMUQ,milton-massachusetts
https://www.ubereats.com/boston/food-delivery/kings-dining-%26-entertainment-dedham/8gO4gzY3Q2G4IjZvw1BS6Q,milton-massachusetts
https://www.ubereats.com/boston/food-delivery/viva-mi-arepa/qf9l5poJRaO-UAKlzn26pA,milton-massachusetts
https://www.ubereats.com/boston/food-delivery/faels-breakfast-lunch-%26-dinner/nsZC2uPvQO2-1kn0PxEgNQ,milton-massachusetts
https://www.ubereats.com/boston/food-delivery/mattapan-house-of-pizza/AJBK4gsPR2-2liJNSI2gSA,milton-massachusetts
https://www.ubereats.com/boston/food-delivery/dunkin-895-morton-st/ZP3DOSUNRoKiXi-dVmQvyA,milton-massachusetts
https://www.ubereats.com/boston/food-delivery/kfc-625-american-legion-hwy/BofRU4ckS5abSrB539vFoA,milton-massachusetts
https://www.ubereats.com/boston/food-delivery/family-affair-restaurant/C7zEVmSERzO78cSkV9IrlQ,milton-massachusetts
https://www.ubereats.com/boston/food-delivery/country-kitchen/HwH7slNeQVaLlT9JygoM1g,milton-massachusetts
https://www.ubereats.com/boston/food-delivery/spukiesn-pizza/rJP9ZtjnTSG9gutNrp2N2A,milton-massachusetts
https://www.ubereats.com/boston/food-delivery/lucky-dragon/Fsz18-tcQtqElAWvxPOJDQ,milton-massachusetts
https://www.ubereats.com/boston/food-delivery/pikalox/4ygIDBr7Qya-u03tthotcA,milton-massachusetts
https://www.ubereats.com/boston/food-delivery/subway-1281-hyde-park-ave/ymh7XyINRbG2i_Lt7QDuPw,milton-massachusetts
https://www.ubereats.com/boston/food-delivery/dunkin-438-washington-st/lxjKZ8FQT7mog_omKUgxkA,milton-massachusetts
https://www.ubereats.com/boston/food-delivery/dunkin-366-centre-st/iIGAEuxnSnucc9i1No4kwQ,milton-massachusetts
https://www.ubereats.com/boston/food-delivery/pf-changs-410-legacy-place/guJUSd3sTJuSFEUNSN02ZQ,milton-massachusetts
https://www.ubereats.com/boston/food-delivery/friendlys-1469-providence-highway/rfoDlDRrSTiSRMpPjtDMTA,milton-massachusetts
https://www.ubereats.com/boston/food-delivery/charlies-house-of-pizza/oBg4IYG5RFuoSZeCiWb9zg,milton-massachusetts
https://www.ubereats.com/boston/food-delivery/boston-pizza-co/KJrK_js3S0C7IV78e1nA3w,milton-massachusetts
https://www.ubereats.com/boston/food-delivery/sofia-pizza-kitchen/pbv0A_bGQA2w148zNbiB-g,milton-massachusetts
https://www.ubereats.com/boston/food-delivery/jake-n-joes-sports-grille-braintree/c3V-M3oaRCq_jzuUWULYJw,milton-massachusetts
https://www.ubereats.com/boston/food-delivery/crepes-and-shakes/fkYO5QG6RDO03yLeuvIEng,milton-massachusetts
https://www.ubereats.com/boston/food-delivery/king-do-restaurant/Q0gVTRoHSIKngW-2kvvcxA,milton-massachusetts
https://www.ubereats.com/boston/food-delivery/b-cafe/hzfsL6-nTy-e3J0FJIezRQ,milton-massachusetts
https://www.ubereats.com/boston/food-delivery/las-vegas-express-restaurant/XsRBxQDdRd-krxHMOLaFlg,milton-massachusetts
https://www.ubereats.com/boston/food-delivery/thai-spice/cMm5f5TzTAqUYCrfH2FeIA,milton-massachusetts
https://www.ubereats.com/boston/food-delivery/kwench-juice-cafe/87OlVTTnSc6ls3Zkf3-xYA,milton-massachusetts
https://www.ubereats.com/boston/food-delivery/qdoba-30-forbes-rd/HL0NrCacTLKnczY_APJDzA,milton-massachusetts
https://www.ubereats.com/boston/food-delivery/burritos-pizzeria-hyde-park/E5ebgLnmRKS08PhFMqWgpw,milton-massachusetts
https://www.ubereats.com/boston/food-delivery/dunkin-245-e-ashland-st/bWUHA88ZTZG_ypuvhxcACg,milton-massachusetts
https://www.ubereats.com/boston/food-delivery/panda-express-125-university-ave/RA_9jRSzSnqb6Fd8WfivWg,milton-massachusetts
https://www.ubereats.com/boston/food-delivery/dunkin-684-american-legion-hwy/WCLUJPBXRK-MK__8Yt61Bg,milton-massachusetts
https://www.ubereats.com/boston/food-delivery/bon-appetit-restaurant/UDH-CFOmSL-uQLl4iE-qGA,milton-massachusetts
https://www.ubereats.com/boston/food-delivery/dunkin-400-washington-st/Mocz5iraTPq428bFbQfiOA,milton-massachusetts
https://www.ubereats.com/boston/food-delivery/chilacates-jamaica-plain/oJYS33xUTBCtm9PvOfpTww,milton-massachusetts
https://www.ubereats.com/boston/food-delivery/burger-king-62-granite-street/5QltbR1RSJGx8za2OH8nGQ,milton-massachusetts
https://www.ubereats.com/boston/food-delivery/avon-best-pizza-and-grill/HCdhNifGQbWzv2UjRDWXbA,milton-massachusetts
https://www.ubereats.com/boston/food-delivery/simcos-mattapan/2OY8MOdrRiGLoouS13ziQg,milton-massachusetts
https://www.ubereats.com/boston/food-delivery/lunch-box-deli/0q71IWvuSj-PUudWL3aelA,milton-massachusetts
https://www.ubereats.com/boston/food-delivery/djs-market-%26-deli/kNjGMGsXSCqrfgQPcU29Lw,milton-massachusetts
https://www.ubereats.com/boston/food-delivery/gyu-kaku-japanese-bbq-south-boston/kEfcFt_QTuOZ5g2Unl6NAA,milton-massachusetts
https://www.ubereats.com/boston/food-delivery/dunkin-847-dorchester-ave/uiwALv8TQhyzhRBmFOWMtQ,milton-massachusetts
https://www.ubereats.com/boston/food-delivery/cold-stone-creamery-176-s-franklin-st/YHxEIa5kRg6BYVrBXYagIQ,milton-massachusetts
https://www.ubereats.com/boston/food-delivery/popeyes-710-american-legion-hwy/XeatmrPZQby6JWqOkvf_hQ,milton-massachusetts
https://www.ubereats.com/boston/food-delivery/wing-squad-braintree/EUuxD1H4TX2RiVQyvGrM3Q,milton-massachusetts
https://www.ubereats.com/boston/food-delivery/amelias/FqA-NYupRgKlHC7adABryQ,milton-massachusetts
https://www.ubereats.com/boston/food-delivery/mckays-breakfast-and-lunch/hMSxyIfCSsm9uuwGP44RJQ,milton-massachusetts
https://www.ubereats.com/boston/food-delivery/the-townshend/G3JqtM8HRTChtl4DU9ZVBg,milton-massachusetts
https://www.ubereats.com/boston/food-delivery/copeland-street-sub-%26-pizza/mPD4LR0AShijVUjGtdUO_A,milton-massachusetts
https://www.ubereats.com/boston/food-delivery/shinmio-tea/3HGGp4QYRguhBpHBZbaU9g,milton-massachusetts
https://www.ubereats.com/boston/food-delivery/sushi-catering/2BGJORr_RK--iCd6FWf72Q,milton-massachusetts
https://www.ubereats.com/boston/food-delivery/sofia-pizza-house/VqLWp27PTRCuPxFIDhiF8w,milton-massachusetts
https://www.ubereats.com/boston/food-delivery/dangelo-grilled-sandwiches-600-page-st-avon-ind-pk/X4IJ8On0TuavGxsohjQdYw,milton-massachusetts
https://www.ubereats.com/boston/food-delivery/simcos-rosindale/8FtHu1AoRceGHeHTktJY2w,milton-massachusetts
https://www.ubereats.com/boston/food-delivery/suya-joint/sbDIU6gBQgi1TgqgSNNmyg,milton-massachusetts
https://www.ubereats.com/boston/food-delivery/time-out-pizza/ENCCMH7JTXeZZ2GUnkPw9A,milton-massachusetts
https://www.ubereats.com/boston/food-delivery/el-barrio-mexican-grill/DBhmp3jOTpu5O-chQMoxkQ,milton-massachusetts
https://www.ubereats.com/boston/food-delivery/dangelo-grilled-sandwiches-270-hancock-st-rt-3a/Slkhg9q6R4S2-2njxfWQrg,milton-massachusetts
https://www.ubereats.com/boston/food-delivery/subway-438-washington-st/A0fdWooxReyn0EuZo0ikSw,milton-massachusetts
https://www.ubereats.com/boston/food-delivery/los-antojitos-latin-restaurant/MYc5liTsSAyAGp62O2tSZg,milton-massachusetts
https://www.ubereats.com/boston/food-delivery/taste-of-eden-jamerican-restaurant/Un2ZMCRvQtifvOGyRx5hDw,milton-massachusetts
https://www.ubereats.com/boston/food-delivery/burger-king-1208-dorchester-avenue/cw9t7SYeSVSDNQKNDxOUwA,milton-massachusetts
https://www.ubereats.com/boston/food-delivery/peel-pizza-company/HHAvkn1hTjWZPZLNvacy0g,milton-massachusetts
https://www.ubereats.com/boston/food-delivery/wendys-191-newport-ave/-flKgWxsSJ-4HF7uIzT61g,milton-massachusetts
https://www.ubereats.com/boston/food-delivery/wendys-520-southern-artery/XkczhAXaR1m2ehqx_qHLnA,milton-massachusetts
https://www.ubereats.com/boston/food-delivery/canton-house/n-TZ0bZXSzen6Zk_jLxrLQ,milton-massachusetts
https://www.ubereats.com/boston/food-delivery/bgood-708-legacy-pl/rLTFhUaIRvO-RV_L5GAHxA,milton-massachusetts
https://www.ubereats.com/boston/food-delivery/pollo-lounge-and-grill/s8l48sodQuiW0whsUrncvw,milton-massachusetts
https://www.ubereats.com/boston/food-delivery/the-industry/s9aAtSjaSJK4zF2xoanhYw,milton-massachusetts
https://www.ubereats.com/boston/food-delivery/tgi-fridays-658-dedham-ma/2tIPoMtXTfSKgLUue0l8uw,milton-massachusetts
https://www.ubereats.com/boston/food-delivery/tambos-kitchen/ZuM620eeTvivowdi_qpsVg,milton-massachusetts
https://www.ubereats.com/boston/food-delivery/toutwel-restaurant/_I8iS9wvQ7Oyg0ogTPimuA,milton-massachusetts
https://www.ubereats.com/boston/food-delivery/chateau-restaurant-%E2%80%93-stoughton/QVK9nlyOSleIY2y0zYWaKg,milton-massachusetts
https://www.ubereats.com/boston/food-delivery/granite-street-cafe/xrwiJP2bS7Wd7kb3JX3tbg,milton-massachusetts
https://www.ubereats.com/boston/food-delivery/china-chef/ENEoBYM1SLeXSgvsQT_XGQ,milton-massachusetts
https://www.ubereats.com/boston/food-delivery/peony-pavilion/pklwNGDbRnqxKaAoRRg8XQ,milton-massachusetts
https://www.ubereats.com/boston/food-delivery/dough-life-braintree/S3KtZdMUTuSJ5x6PMUT69w,milton-massachusetts
https://www.ubereats.com/boston/food-delivery/chipotle-mexican-grill-51-warren-st/jsvf1hQCRmOS0CILE39E0g,milton-massachusetts
https://www.ubereats.com/boston/food-delivery/dunkin-2790-washington-st/WBnWAOTZQ1Wt42U1la10hg,milton-massachusetts
https://www.ubereats.com/boston/food-delivery/cava-680-legacy-pl-suite-724/3o8eo5UkQjadh7wbMbRIqg,milton-massachusetts
https://www.ubereats.com/boston/food-delivery/steel-%26-rye/w8M_tYQTSaS7JTR2DZz-NA,milton-massachusetts
https://www.ubereats.com/boston/food-delivery/shake-shack-322-washington-street/7mcPrqCRQrm2xFhrFD-LHg,milton-massachusetts
https://www.ubereats.com/boston/food-delivery/lanis-pizza/ea4mRpm4SNua9u27HEvU_Q,milton-massachusetts
https://www.ubereats.com/boston/food-delivery/panda-express-106-boston-providence-hwy/3tPty3LGS1GRMYPcl0QZxA,milton-massachusetts
https://www.ubereats.com/boston/food-delivery/unchained-pizza/obOk9aQURBOJGV92Rw747A,milton-massachusetts
https://www.ubereats.com/boston/food-delivery/el-jefes-taqueria/GbhgVIvQTDGXrEXrWecRdw,milton-massachusetts
https://www.ubereats.com/boston/food-delivery/chicken-%2B-bibimbop/1B-0JFl7Tci9VOgfdRPXcg,milton-massachusetts
https://www.ubereats.com/boston/food-delivery/bertuccis-west-roxbury/mhYestsRTWydBFQ2iXN9WA,milton-massachusetts
https://www.ubereats.com/boston/food-delivery/new-york-fried-chicken/Ya7yBct3TMGIaLPwX9wh1w,milton-massachusetts
https://www.ubereats.com/boston/food-delivery/chipotle-mexican-grill-250-granite-st-ste-153/sRcGz94vSz6NC6Jp5HT7tg,milton-massachusetts
https://www.ubereats.com/boston/food-delivery/divine-merci/QLct5kdKS_yEWnUZJLtqfA,milton-massachusetts
https://www.ubereats.com/boston/food-delivery/corner-grill-n-pizzeria/qLi2X6knT-OsaKjYiyO7zg,milton-massachusetts
https://www.ubereats.com/boston/food-delivery/everyting-jerk/zpQeZq4ESNa17eKbwcR2Mg,milton-massachusetts
https://www.ubereats.com/boston/food-delivery/oscars/LuyAn6HiR8ONney4H-QQ-Q,milton-massachusetts
https://www.ubereats.com/boston/food-delivery/dunkin-30-union-st/N4xtAWshQP-SDSlz3Qcmig,milton-massachusetts
https://www.ubereats.com/boston/food-delivery/dunkin-17-melnea-cass-blvd/403KkQOmQX2vUWKzUWB-xA,milton-massachusetts
https://www.ubereats.com/boston/food-delivery/kung-fu-tea-braintree/gGBUI25XQwyTJHp7_b-Wug,milton-massachusetts
https://www.ubereats.com/boston/food-delivery/wendys-14-condlin-drive/jo6h0Po2R8W18uLU7FCKdw,milton-massachusetts
https://www.ubereats.com/boston/food-delivery/kfc-465-washington-st/jZasNdPLTruvKOXSyAKahw,milton-massachusetts
https://www.ubereats.com/boston/food-delivery/thai-food-theory/ZHuLmmksRoOPzxkSGyR7JQ,milton-massachusetts
https://www.ubereats.com/boston/food-delivery/shake-shack-77-seaport-blvd/l6L7XbTXSuul-AsIS_YucQ,milton-massachusetts
https://www.ubereats.com/boston/food-delivery/achilitos-taqueria/GpImHB0AR-mC6c_TEx8sCg,milton-massachusetts
https://www.ubereats.com/boston/food-delivery/coffee-break-cafe-old-colony/uHJcOUGBSwK2cXx-JhsPgw,milton-massachusetts
https://www.ubereats.com/boston/food-delivery/hyderabad-express-indian-bistro/uySb8IfwTLaB-Ahu_KhQ7A,milton-massachusetts
https://www.ubereats.com/boston/food-delivery/ptea/FVyevpaYSvKR1nbsixYbag,milton-massachusetts
https://www.ubereats.com/boston/food-delivery/discover-vegans/emYmHRCkTA-MldEDKEfEYA,milton-massachusetts
https://www.ubereats.com/boston/food-delivery/the-plate/4GKWdaudTJWphU9IFJmSsA,milton-massachusetts
https://www.ubereats.com/boston/food-delivery/school-street-sweets-norwood/ZF0lkN7XQqOwjCoH0HJ4Gg,milton-massachusetts
https://www.ubereats.com/boston/food-delivery/puritan-pizza/i_bXBiXkQOGffQYivtdRBg,milton-massachusetts
https://www.ubereats.com/boston/food-delivery/tri-seafood-restaurant/Boa4SvktQIiO5qZnPe9IFQ,milton-massachusetts
https://www.ubereats.com/boston/food-delivery/village-pizza-house/Ov8J-6W6QomjJs5GNlJzdw,milton-massachusetts
https://www.ubereats.com/boston/food-delivery/fratellis-pastry-shop/adJeGleMTK-hyciHoQpkcw,milton-massachusetts
https://www.ubereats.com/boston/food-delivery/sweetgreen-legacy-place/l8ONHS54RCKUuOwHhxzlTQ,milton-massachusetts
https://www.ubereats.com/boston/food-delivery/romanos-pizza/JojSV7s-Qk6dvJkPmykJVg,milton-massachusetts
https://www.ubereats.com/boston/food-delivery/kings-pizza-%26-grille/Ujql0lnnSx2kPW__oiaFwg,milton-massachusetts
https://www.ubereats.com/boston/food-delivery/sugarcane-thai-fusion/ZQQI3pf_Qkypxlro-v9Ymw,milton-massachusetts
https://www.ubereats.com/boston/food-delivery/fuji-at-woc/sGcYqXJ7RYquhI_CfQGj2w,milton-massachusetts
https://www.ubereats.com/boston/food-delivery/nmsc-newmarketsqcafe/vxYTfnfgTSSPSLhIGkmLHw,milton-massachusetts
https://www.ubereats.com/boston/food-delivery/which-wich-135-university-ave/KKmi76w6SZ2-ZhEfEfSDgA,milton-massachusetts
https://www.ubereats.com/boston/food-delivery/50s-diner/NNySqQqhSXyJi6YJxFLqdA,milton-massachusetts
https://www.ubereats.com/boston/food-delivery/dunkin-1375-1395-n-main-st/g0pAxdFMQkKyS5mUF1yCXg,milton-massachusetts
https://www.ubereats.com/boston/food-delivery/bred-dorchester/DEm1DffNRfiilxCOsgSSHw,milton-massachusetts
https://www.ubereats.com/boston/food-delivery/chatime-quincy/ax_ZjYQ-ToGK9T88nvuqPA,milton-massachusetts
https://www.ubereats.com/boston/food-delivery/china-rama/j-3rQbGBTsGN2ivsVMXpGw,milton-massachusetts
https://www.ubereats.com/boston/food-delivery/dunkin-195-newport-ave/ZT02rZH9SH-kB7K01K5ZAw,milton-massachusetts
https://www.ubereats.com/boston/food-delivery/norwood-center-pizza-%26-grille/RqfqMtm1TMqhuLEGZLYZjQ,milton-massachusetts
https://www.ubereats.com/boston/food-delivery/ihop-755-granite-street/QpSYebtVSPyPeRI0pEvrAw,milton-massachusetts
https://www.ubereats.com/boston/food-delivery/smokey-bones-stoughton/7Wji27MBRb-AixA0m7PcFw,milton-massachusetts
https://www.ubereats.com/boston/food-delivery/coffee-break-cafe-truman/RXjAcVDzTeyD1n-OmTImKg,milton-massachusetts
https://www.ubereats.com/boston/food-delivery/bertuccis-norwood/ERryRlPjSCKeUgwsmyyUvw,milton-massachusetts
https://www.ubereats.com/boston/food-delivery/nicks-pizza-%26-seafood/Pu1CIgPVQgW7Ltw9ipnLYA,milton-massachusetts
https://www.ubereats.com/boston/food-delivery/high-street-pizza/o9KoyrIZQUC0S_FVYNTTKw,milton-massachusetts
https://www.ubereats.com/boston/food-delivery/schoolhouse-pizza/EUtfFT9oT2CchJHBIt-Kiw,milton-massachusetts
https://www.ubereats.com/boston/food-delivery/mr-chans/V5BniOLNTw6F7QNGwSRJlg,milton-massachusetts
https://www.ubereats.com/boston/food-delivery/el-pilon-restaurant/WbShWqK3TFGjoIvHCLImYA,milton-massachusetts
https://www.ubereats.com/boston/food-delivery/delicious-yogurt/04bgGg8QRxuvrtjfI5bg0w,milton-massachusetts
https://www.ubereats.com/boston/food-delivery/mcdonalds-301-warren-roxbury/IFOUKpsUSVmtlmLqVGEtvg,milton-massachusetts
https://www.ubereats.com/boston/food-delivery/imperial-kitchen/4C4Xw7XrRVG0KLp3AUlyRg,milton-massachusetts
https://www.ubereats.com/boston/food-delivery/four-square/AHbFK3L_RpaK19yqen24IQ,milton-massachusetts
https://www.ubereats.com/boston/food-delivery/newcomb-farms-family-restaurant/IAVU4gLeT5el8leHMAxOzg,milton-massachusetts
https://www.ubereats.com/boston/food-delivery/subway-4238-washington-st/krOXt8waRsC8PJhg0pwAmg,milton-massachusetts
https://www.ubereats.com/boston/food-delivery/buffalo-wild-wings-500-westgate-dr/5--OUSjcRpqdfowtGnrWEQ,milton-massachusetts
https://www.ubereats.com/boston/food-delivery/ming-seafood-restaurant/MQldaDNkTMmtabexbeSj2Q,milton-massachusetts
https://www.ubereats.com/boston/food-delivery/novara-restaurant/_g-xDi2OSK--827j7ypdfQ,milton-massachusetts
https://www.ubereats.com/boston/food-delivery/canton-center-pizza/cha2mBoIQNahbpjwSw-1YA,milton-massachusetts
https://www.ubereats.com/boston/food-delivery/pad-thai-restaurant/Bd1acEqKS3a9W1_5f_awGA,milton-massachusetts
https://www.ubereats.com/boston/food-delivery/great-chow-quincy/LC08EXy5Q8-naKfwuvUmtQ,milton-massachusetts
https://www.ubereats.com/boston/food-delivery/shake-shack-226-legacy-place/xu-k69WQT0CklTHUB_FH7g,milton-massachusetts
https://www.ubereats.com/boston/food-delivery/nu-flav-restaurant/NuVDym3vQHKf5sF5y0hHZQ,milton-massachusetts
https://www.ubereats.com/boston/food-delivery/mama-bears-kitchen/olIHqrahRJCef4MQAY8M-Q,milton-massachusetts
https://www.ubereats.com/boston/food-delivery/big-bear-cafe-%26-espresso-bar/ZfglaSKuT02MfMAzum5SOg,milton-massachusetts
https://www.ubereats.com/boston/food-delivery/mcdonalds-egleston-sq/vi26ur9lRhqmIyyI3dGRuQ,milton-massachusetts
https://www.ubereats.com/boston/food-delivery/river-street-grill-ii/9jASgdPjQFSPDRnoPhna9Q,milton-massachusetts
https://www.ubereats.com/boston/food-delivery/sweet-sip/kvHCrY5ET0iltg7ZYgYG6A,milton-massachusetts
https://www.ubereats.com/boston/food-delivery/blue-mountain-jamaican-restaurant/oXeymnUOTKa6zdr7Rdtpqg,milton-massachusetts
https://www.ubereats.com/boston/food-delivery/nori-sushi/8S6zNKOOT_yPJ0shBDvLyQ,milton-massachusetts
https://www.ubereats.com/boston/food-delivery/smashburger-203-university-ave/NVIXBwhtSV6dw5ZFrKZMww,milton-massachusetts
https://www.ubereats.com/boston/food-delivery/tea-diner/IjxQg2uMS7GCH8yLl-kChg,milton-massachusetts
https://www.ubereats.com/boston/food-delivery/tgi-fridays-654-stoughton-ma/U1p1f5a_Qyyxg5z1uwkotQ,milton-massachusetts
https://www.ubereats.com/boston/food-delivery/wingstop-950-american-legion-hwy/gP_9xSKkTjC9A-sYXM4F6Q,milton-massachusetts
https://www.ubereats.com/boston/food-delivery/center-st-famous-pizza/55nshYL5QzGq7Pz8hqQHcw,milton-massachusetts
https://www.ubereats.com/boston/food-delivery/baby-cakes/3KgG_ccCS1SwyMomfcnvpg,milton-massachusetts
https://www.ubereats.com/boston/food-delivery/rustica-pizza/0nAg8SIcTX-mY_orCq2kAQ,milton-massachusetts
https://www.ubereats.com/boston/food-delivery/subway-90-n-main-st/K1PQ5VP-TAe-LKTREZhvmg,milton-massachusetts
https://www.ubereats.com/boston/food-delivery/potluck-cafe/zZsmAsfbTxqmbOsVHgMaGg,milton-massachusetts
https://www.ubereats.com/boston/food-delivery/vincenzos-italian-deli-%26-catering/f7oLDdWrTNaxEYh4O12Zcw,milton-massachusetts
https://www.ubereats.com/boston/food-delivery/salem-food-market/pX3Fi_woRcaPfvpV55k-xw,milton-massachusetts
https://www.ubereats.com/boston/food-delivery/pho-le/zjF4cakCS-K4P-2Y7tcpEQ,milton-massachusetts
https://www.ubereats.com/boston/food-delivery/dunkin-360-364-sea-street/gWO6onnGQsuu5bvKTTboJA,milton-massachusetts
https://www.ubereats.com/boston/food-delivery/yes-its-all-good-juice-bar/XXgiLvasS-qenwi3WN5Osw,milton-massachusetts
https://www.ubereats.com/boston/food-delivery/coffee-n-cream/0I4C60ADSeK0TnK-58ZSrA,milton-massachusetts
https://www.ubereats.com/boston/food-delivery/fairouz/_omt8U8ASEWhnwhCL4vK2Q,milton-massachusetts
https://www.ubereats.com/boston/food-delivery/sombrero-chiquito/vmT1XsBCT7Kl4NGJV0p9Ww,milton-massachusetts
https://www.ubereats.com/boston/food-delivery/los-nietos-restaurante-cafeteria/rjzJn0M9T2ikxV43Gy2DlQ,milton-massachusetts
https://www.ubereats.com/boston/food-delivery/one-family-diner/LzdO_z2GSS2krdWvCAoUNg,milton-massachusetts
https://www.ubereats.com/boston/food-delivery/brickhouse-cafe-dedham/QVMj7qiSSNq1YqVfyv3o5w,milton-massachusetts
https://www.ubereats.com/boston/food-delivery/sonsie/zIpwewvIQ2mVzyYLiTKBKg,milton-massachusetts
https://www.ubereats.com/boston/food-delivery/tony-cs-sports-bar-and-grill-seaport/8I9BOppBRgCPBi7FpMgC1w,milton-massachusetts
https://www.ubereats.com/boston/food-delivery/dunkin-510-southampton-st/7zl-KyT1SZiViCAygoMzQw,milton-massachusetts
https://www.ubereats.com/boston/food-delivery/josephs-pizzeria/DPYDfXbkTSC0A_7naWjocg,milton-massachusetts
https://www.ubereats.com/boston/food-delivery/turmeric-house/V8uYqlekRD2WaAQ1xwMjVQ,milton-massachusetts
https://www.ubereats.com/boston/food-delivery/dunkin-551-granite-st/nea_y6cUReGGo1SkrQ-tig,milton-massachusetts
https://www.ubereats.com/boston/food-delivery/windy-city-pizza/L0EQHRIkStCEenqdpZlYrg,milton-massachusetts
https://www.ubereats.com/boston/food-delivery/toast-of-the-town/vAOg9WZlT7uwcdOuWMwEgQ,milton-massachusetts
https://www.ubereats.com/boston/food-delivery/sake-japanese-restaurant/SWpZmL_VSMazLnxpCmEZqw,milton-massachusetts
https://www.ubereats.com/boston/food-delivery/the-wheelhouse-diner/1EOV0mjwTQyiE2Y6KZn39w,milton-massachusetts
https://www.ubereats.com/boston/food-delivery/christos-pizzeria/OgX51vF3Q_CwPzy-L7MuSg,milton-massachusetts
https://www.ubereats.com/boston/food-delivery/spiga-ristorante/7-GKds_CTrKXWlIjOg7elA,milton-massachusetts
https://www.ubereats.com/boston/food-delivery/vivi-cafe/rO5Rjv6zRlqD6JoevL6g0Q,milton-massachusetts
https://www.ubereats.com/boston/food-delivery/alpha-town-pizza/Kp5gJBiCTwmI4SMNEcqbxg,milton-massachusetts
https://www.ubereats.com/boston/food-delivery/new-yorker-fried-chicken/V0Pdm6SnRDetzAWXgCFoAA,milton-massachusetts
https://www.ubereats.com/boston/food-delivery/krispy-krunchy-chicken-hyde-park-1/uMTK3k4ZRyOVWLNlfisIxg,milton-massachusetts
https://www.ubereats.com/boston/food-delivery/anchan-house-of-thai-food/3CTOu-EOSl-wo71t-9molQ,milton-massachusetts
https://www.ubereats.com/boston/food-delivery/five-guys-ma-1132-95-washington-st/MXbDBiGBT8SV5MmxrDNE_Q,milton-massachusetts
https://www.ubereats.com/boston/food-delivery/fiskies-cafe/3W9ALkPfTY6PpTjaleiI1A,milton-massachusetts
https://www.ubereats.com/boston/food-delivery/cyber-cafe/U4MDnuRdRTqGiE3tX11vHQ,milton-massachusetts
https://www.ubereats.com/boston/food-delivery/pure-cold-press/YFzPMleXQfWOK-UFRdPC-Q,milton-massachusetts
https://www.ubereats.com/boston/food-delivery/papa-ginos-1270-river-street/e1LUh7cjSDKLcRfD1sgE3g,milton-massachusetts
https://www.ubereats.com/boston/food-delivery/juice-and-jazz-cafe/z2s7N8h3TfuF2QuhEVl0EQ,milton-massachusetts
https://www.ubereats.com/boston/food-delivery/jennys-house/RNtRW-buR02rtaU_iAfJBw,milton-massachusetts
https://www.ubereats.com/boston/food-delivery/merengue-restaurant/Q8zjPvdtQA6JT_NBZ6ABUg,milton-massachusetts
https://www.ubereats.com/boston/food-delivery/liuyishou-hot-pot/ne1B2P_cQUeElhK_iC8QzQ,milton-massachusetts
https://www.ubereats.com/boston/food-delivery/mcdonalds-1312-hyde-park-ave/iyqpKQEzR4qEbCZgnOaYPQ,milton-massachusetts
https://www.ubereats.com/boston/food-delivery/kung-fu-tea-quincy/T6HZF5MtQTC3TtReQOmiHg,milton-massachusetts
https://www.ubereats.com/boston/food-delivery/bambu-desserts-%26-drinks/uuvuSndxStC-0tVmmwjBlQ,milton-massachusetts
https://www.ubereats.com/boston/food-delivery/yummy-house-brockton/xMJ-JyemS7ih8jO9Fw6_mA,milton-massachusetts
https://www.ubereats.com/boston/food-delivery/romanzza-pizzeria-%26-more134-washington-st/EQK0yADSQyGUmJ2E6lcumw,milton-massachusetts
https://www.ubereats.com/boston/food-delivery/yamato-hibachi-%26-sushi-bar/jk8ZGcSTQuy7jcG1pbC3Zg,milton-massachusetts
https://www.ubereats.com/boston/food-delivery/deags-local-diner/la7BWgHoRQSd5iIlh4BfaQ,milton-massachusetts
https://www.ubereats.com/boston/food-delivery/kfc-695-columbia-rd/ah8ldomyRHquX5KRFkMr2Q,milton-massachusetts
https://www.ubereats.com/boston/food-delivery/ramis/UjZPzzdJTUSmFdsEMl71Ww,milton-massachusetts
https://www.ubereats.com/boston/food-delivery/la-esquina-restaurant/9flt2m_eQ9WhdutBJY-Zaw,milton-massachusetts
https://www.ubereats.com/boston/food-delivery/antonios-bacaro/nQM2lByHS3Wzkt55LxwheQ,milton-massachusetts
https://www.ubereats.com/boston/food-delivery/romanos-pizzeria-%26-taqueria/lOjgxuIdQ2uJbcGJRt48Wg,milton-massachusetts
https://www.ubereats.com/boston/food-delivery/g%26s-soulfood/iHOdR0GTQdCn70lStX_cag,milton-massachusetts
https://www.ubereats.com/boston/food-delivery/taco-bell-1560-vfw-parkway/2HoO_ME6RY6hbQEBcCFa9Q,milton-massachusetts
https://www.ubereats.com/boston/food-delivery/dunkin-645-bridge-st/PBOqsSiVQJiiE4_DhZ0AeA,milton-massachusetts
https://www.ubereats.com/boston/food-delivery/dunkin-39-warren-st-blockbuster-plaza/_DFqhOmTRziPrHBPM-n88g,milton-massachusetts
https://www.ubereats.com/boston/food-delivery/to-beirut/EJ8n8cI8RO6Y87OR5YYNcg,milton-massachusetts
https://www.ubereats.com/boston/food-delivery/papa-ginos-100-granite-street/2KHQ0G_USF2Z0LdAeuKH0A,milton-massachusetts
https://www.ubereats.com/boston/food-delivery/harrys-pizza-%26-seafoods/Pihi4PgyTmiMNyBZrJjoqQ,milton-massachusetts
https://www.ubereats.com/boston/food-delivery/cafe-maddie/i_n7BvrWToqyzK8svcgwVw,milton-massachusetts
https://www.ubereats.com/boston/food-delivery/falafel-king-quincy/fTzriyRcRwi5h4tuwv1WqQ,milton-massachusetts
https://www.ubereats.com/boston/food-delivery/boston-food-plug/dYszYTngRM6PN_SDqTAiZQ,milton-massachusetts
https://www.ubereats.com/boston/food-delivery/las-palmas-restaurant/JPHCczXOQ_iL8oxjpiFTjQ,milton-massachusetts
https://www.ubereats.com/boston/food-delivery/fruity/lj-v3bvbRqmLSJ-JdXYrlQ,milton-massachusetts
https://www.ubereats.com/boston/food-delivery/taco-bell-124-providence-highway/GmOcUv9oQXaUkKxuzX4aBg,milton-massachusetts
https://www.ubereats.com/boston/food-delivery/tennessees-real-bbq/WvgWWxYmTJOs14wDit9w2Q,milton-massachusetts
