url,city
https://www.ubereats.com/missoula/food-delivery/burger-king-%237518-701-east-broadway/J7iwsbyBTrGX4cHAXH2yYw,missoula
https://www.ubereats.com/missoula/food-delivery/taco-bell-2320-north-reserve/GM4yU9E_SuGlQoCa9YlN8Q,missoula
https://www.ubereats.com/missoula/food-delivery/laughing-grizzly/KWoBMVPBR86MTAWPM7LWGA,missoula
https://www.ubereats.com/missoula/food-delivery/acropolis-gyros/Ex2xr-clQm-QbmPZ4bcWzg,missoula
https://www.ubereats.com/missoula/food-delivery/mod-pizza-north-reserve/hq4BW3QLRZOJVJc50cM8Pg,missoula
https://www.ubereats.com/missoula/food-delivery/noodles-%26-company-3680-brooks-st/ScYqi2EbSnSef1gt-_jAnQ,missoula
https://www.ubereats.com/missoula/food-delivery/red-robin-691-2901-brooks-st/5oDPQx-7SK2D9chELWxAhA,missoula
https://www.ubereats.com/missoula/food-delivery/life-cafe/Ocv9uyUqQGWssxUHdde-Cg,missoula
https://www.ubereats.com/missoula/food-delivery/middle-terranean-wraps/Funj0rzzSr67Rnb51cYT5A,missoula
https://www.ubereats.com/missoula/food-delivery/tamarack-brewing-company-missoula/eUFaTiayTsuRr5FgbalAZQ,missoula
https://www.ubereats.com/missoula/food-delivery/starbucks-missoula-1-90-and-reserve/lG5vkmIBRgW7BZ0x4554dw,missoula
https://www.ubereats.com/missoula/food-delivery/subway-e-broadway/pjTt-4VgRw2Aj2QQ3Qq-ww,missoula
https://www.ubereats.com/missoula/food-delivery/zimorinos-red-pies-over-montana/DdNTRHxKRMmYHxG6clmd6w,missoula
https://www.ubereats.com/missoula/food-delivery/veera-donuts/IGTgdQzBTEaf7JIK686v5g,missoula
https://www.ubereats.com/missoula/food-delivery/dennys-2922-brooks-st/sh-Vf7akSeSG73E2ZBv11Q,missoula
https://www.ubereats.com/missoula/food-delivery/wendys-3011-brooks-avenue/zml-cM6lQk6ub4QAzQiXXg,missoula
https://www.ubereats.com/missoula/food-delivery/quiznos-3275-n-reserve-st-ste-e/Ge83NKCCRiGHBG-_Ti_MUA,missoula
https://www.ubereats.com/missoula/food-delivery/locals/NdITGPkhT2WbTwSxME5sLQ,missoula
https://www.ubereats.com/missoula/food-delivery/pie-hole-missoula/JGLEFu_ZQC2btzPimA9g1Q,missoula
https://www.ubereats.com/missoula/food-delivery/old-post-pub/FCjgif4DQFqvtt_lNWpKZw,missoula
https://www.ubereats.com/missoula/food-delivery/starbucks-missoula-brooks-and-central/AZOL69B0RXOZDDlcQaJ0sA,missoula
https://www.ubereats.com/missoula/food-delivery/cracker-barrel-old-country-store-2929-expo-pkwy/FXhQlQ14TW2Bnn_fVWNfgQ,missoula
https://www.ubereats.com/missoula/food-delivery/ihop-3053/OqZW2gboSN2I2t2AgXdRFQ,missoula
https://www.ubereats.com/missoula/food-delivery/qdoba-1001-e-broadway-st/9NN57nFURvic3KUR-gGDxQ,missoula
https://www.ubereats.com/missoula/food-delivery/mcdonalds-1565-liberty-ln/9hKqpkbFQJWQJhbHkuSZ2A,missoula
https://www.ubereats.com/missoula/food-delivery/subway-3150-s-reserve-st/ofyIwjIFTOOdfyAuL5wDJQ,missoula
https://www.ubereats.com/missoula/food-delivery/panda-express-3918-n-reserve/KlDqjLRxRfK6Zhj-_k3P3g,missoula
https://www.ubereats.com/missoula/food-delivery/baskin-robbins-1880-brooks-st/FAHXmstYQWG3AHZingS04w,missoula
https://www.ubereats.com/missoula/food-delivery/wally-%26-buck/fDKtZ-PiT66KL9BIxE4xfA,missoula
https://www.ubereats.com/missoula/food-delivery/taco-treat-missoula/NBOSp2pYQ2KaI4ihS9JaGg,missoula
https://www.ubereats.com/missoula/food-delivery/five-guys-mt-0489-820-east-broadway/ohMK6ODISPqIamJ4z2VxGA,missoula
https://www.ubereats.com/missoula/food-delivery/jakers-bar-and-grill-missoula/jRQit0BNR5ORxeZZVHl5sg,missoula
https://www.ubereats.com/missoula/food-delivery/five-on-black-south-crossing/3KyLV-OQTRq17Qy6hfUqTw,missoula
https://www.ubereats.com/missoula/food-delivery/masala/Izl7lthyRcekjJLTpwEG4Q,missoula
https://www.ubereats.com/missoula/food-delivery/buffalo-wild-wings-2615-radio-way/A_SNnLCMSR60cv-0lyiNnQ,missoula
https://www.ubereats.com/missoula/food-delivery/applebees-4041-highway-93-south/Qrd6Ryk2TV-ls-AmB7MypA,missoula
https://www.ubereats.com/missoula/food-delivery/taqueria-montana/JecBtzMqS7K5KC5A4IGncQ,missoula
https://www.ubereats.com/missoula/food-delivery/outback-steakhouse-2415-n-reserve/hkpF5e0LR6SxfNDPJqLvzA,missoula
https://www.ubereats.com/missoula/food-delivery/veera-donuts/N4sWnCDrTBmNJma8xueYDw,missoula
https://www.ubereats.com/missoula/food-delivery/marys-mountain-cookies/jyE3QaKuRtK7tpuk21PxQw,missoula
https://www.ubereats.com/missoula/food-delivery/popeyes-louisiana-kitchen-missoula/9nSY6DM3SPG1XqS3vrNSWQ,missoula
https://www.ubereats.com/missoula/food-delivery/big-dipper-ice-cream/oiW5fB-USGee-bLpXkv__A,missoula
https://www.ubereats.com/missoula/food-delivery/papa-johns-3100-brooks-st/Hp00gmPBQKCZZe28vligFw,missoula
https://www.ubereats.com/missoula/food-delivery/subway-s-higgins/bArmqy-pTESlJYrlVAGoEA,missoula
https://www.ubereats.com/missoula/food-delivery/wordens-market-%26-deli/HzrzJ9qjT_SS5SuSoDbhnA,missoula
https://www.ubereats.com/missoula/food-delivery/burger-king-2601-n-reserve-street/Fi07ylDYSWCFk7wBSpByNA,missoula
https://www.ubereats.com/missoula/food-delivery/the-notorious-pig/cdKm89SuTu6bpzhowvU_Pg,missoula
https://www.ubereats.com/missoula/food-delivery/mountain-fresh-eats/xxcAYXUaTravQJkPpRFDKQ,missoula
https://www.ubereats.com/missoula/food-delivery/taco-bell-3400-brooks-street/TTV4viZ6QNWR328L2Wn8pQ,missoula
https://www.ubereats.com/missoula/food-delivery/sa-wad-dee-thai-restaurant/h3meU2mnRmOGkDoX1OfMTQ,missoula
https://www.ubereats.com/missoula/food-delivery/conflux-brewing-co/eXR3Ywn4TDeHaTcpZOqLew,missoula
https://www.ubereats.com/missoula/food-delivery/top-hat-lounge/17C5MgmxT4CkYW_GQB-wkA,missoula
https://www.ubereats.com/missoula/food-delivery/mcdonalds-4560-n-reserve-st/OrAEF8pGSF2aPOBII91Ezw,missoula
https://www.ubereats.com/missoula/food-delivery/chipotle-mexican-grill-2995-n-reserve-st-ste-a%26b/9DkIEd_ZQzGnpjyKM-fG9w,missoula
https://www.ubereats.com/missoula/food-delivery/rumour/zA7ys4ecTLmPPDmFm7yb-w,missoula
https://www.ubereats.com/missoula/food-delivery/black-cat-bake-shop/8fHld06lRxaweZT824pP8g,missoula
https://www.ubereats.com/missoula/food-delivery/mcdonalds-3310-brooks-st/XLkRcZjSQ1OiM0dbDkAbsQ,missoula
https://www.ubereats.com/missoula/food-delivery/montana-jacks-missoula/OIUNb5RATLG3ePB0sJBIjw,missoula
https://www.ubereats.com/missoula/food-delivery/dairy-queen-grill-%26-chill-3753-n-reserve-st/LIajB37bT4WOIPMtkeJLRg,missoula
https://www.ubereats.com/missoula/food-delivery/wendys-2720-n-reserve/LPnw-dBgTg69Ux3gCmIbTw,missoula
https://www.ubereats.com/missoula/food-delivery/famous-daves-2915-north-reserve-st/yDNuWLalQ8qb0PbYAh7yqA,missoula
https://www.ubereats.com/missoula/food-delivery/the-trough/NhaxbxXPS3qww-BF8flAOw,missoula
https://www.ubereats.com/missoula/food-delivery/the-empanada-joint/UEN3J1B-R_C8RBOrNa6rgA,missoula
https://www.ubereats.com/missoula/food-delivery/five-on-black-downtown/Q0KbOlgjR6q1pZ_iOB71Uw,missoula
https://www.ubereats.com/missoula/food-delivery/taco-sano-on-the-hip-strip/7el1Ur-8SoCXMoiRpUeN1w,missoula
https://www.ubereats.com/missoula/food-delivery/big-dipper-ice-cream-southgate/1dkvGX02S2GkovDk0YhIgQ,missoula
https://www.ubereats.com/missoula/food-delivery/sweet-peaks/-kEHxmbcTPizqg7rWFWTWQ,missoula
https://www.ubereats.com/missoula/food-delivery/taco-bell-651-e-broadway/G82vEECgS5use9rPYGpliQ,missoula
https://www.ubereats.com/missoula/food-delivery/krispy-kreme-w-central-ave-%26-stephens-ave/AzKpcXiYQ96sDxGUHb2tYA,missoula
https://www.ubereats.com/missoula/food-delivery/starbucks-2510-reserve-street-missoula/nK_5ypWUQ4u68AzR_rCUVw,missoula
https://www.ubereats.com/missoula/food-delivery/dairy-queen-grill-%26-chill-1515-dearborn-ave/FR4IDQfMROGLbunR_TLLwg,missoula
https://www.ubereats.com/missoula/food-delivery/mcdonalds-720-e-broadway/tPGPqcFESemcacaP48g4Aw,missoula
https://www.ubereats.com/missoula/food-delivery/ninja-mikes/Pn46ze5ITviasusuLUXUJw,missoula
