url,city
https://www.ubereats.com/brownsville/food-delivery/don-ramon-by-maria-bonita/NCcqw4RgQ8qlxCbFgTd02g,mission-texas
https://www.ubereats.com/brownsville/food-delivery/tacos-nemo/MtArzmzVTcKyv0hpoi4nvQ,mission-texas
https://www.ubereats.com/brownsville/food-delivery/kurai-sushi-mcallen/XbwUrVVCRAe08t0BxCnqJg,mission-texas
https://www.ubereats.com/brownsville/food-delivery/chipotle-mexican-grill-500-n-jackson-rd-ste-n1/hb72qLoIREGpfZfP9-QaJg,mission-texas
https://www.ubereats.com/brownsville/food-delivery/johnny-rockets-3300-w-expressway-83ste-150/JIwQlOi0TJemmCM_I9493A,mission-texas
https://www.ubereats.com/brownsville/food-delivery/villa-del-mar-mission/UwnPnzS1RDiJhVXehb5iNg,mission-texas
https://www.ubereats.com/brownsville/food-delivery/brick-fire-pizza/JdYCN0qQRzKyRLTjZt40aQ,mission-texas
https://www.ubereats.com/brownsville/food-delivery/subway-4404-n-conway-ave/9phTzVK4Qnquak4AAKmelQ,mission-texas
https://www.ubereats.com/brownsville/food-delivery/subway-1314-w-palma-vista-dr-ste-1/yvL7zMRPQaOm-U9xuyhaXA,mission-texas
https://www.ubereats.com/brownsville/food-delivery/burger-king-2414-east-expressway-83/n0BA-YH_TuCodPlPyR1ZgQ,mission-texas
https://www.ubereats.com/brownsville/food-delivery/forever-ice-cream/zwLjxdY-QRSlqc3IH9ouIw,mission-texas
https://www.ubereats.com/brownsville/food-delivery/mcdonalds-3700-pecan-boulevard/dbNzyXM8RwyNEglOWB756Q,mission-texas
https://www.ubereats.com/brownsville/food-delivery/tacos-yoya/RLFZbll3QNyGgDBOFkl-Bg,mission-texas
https://www.ubereats.com/brownsville/food-delivery/sr-mostacho/ICcz4uPJTjigcJqNhSaN5g,mission-texas
https://www.ubereats.com/brownsville/food-delivery/las-donas-resturaunt/AM3hK0khRWayg-McAkBZow,mission-texas
https://www.ubereats.com/brownsville/food-delivery/100%25-antojitos-mexicanos-alton/pXcyyXmCTAWiJ4LemxM6_A,mission-texas
https://www.ubereats.com/brownsville/food-delivery/el-pollo-loco-400-n-jackson-rd3782/9tio0XiWRGSA2lL7_toxmw,mission-texas
https://www.ubereats.com/brownsville/food-delivery/luna-coffee-house/96T8B66oQSCCS_Gm6HLWng,mission-texas
https://www.ubereats.com/brownsville/food-delivery/chuck-e-cheese-1200-trenton-road-bld-100/Y957BPTORC2hm9nZjDOiDQ,mission-texas
https://www.ubereats.com/brownsville/food-delivery/el-callejon-de-los-milagros/6iSI6coGTKusoiiGGvtUfg,mission-texas
https://www.ubereats.com/brownsville/food-delivery/bjs-restaurant-%26-brewhouse-3200-expressway-83/2HkS0EsWTTiVeF_4v54h5Q,mission-texas
https://www.ubereats.com/brownsville/food-delivery/buffalo-wild-wings-3520-w-expressway-83/Emy7KfgRQY2H0fINggCNsQ,mission-texas
https://www.ubereats.com/brownsville/food-delivery/bar-b-cutie-smokehouse/zO-AO_mdSD6JVD3mzibbBg,mission-texas
https://www.ubereats.com/brownsville/food-delivery/jack-in-the-box-223-e-mile-3-rd/wVZPWESSRWyMNeBWrwbe6A,mission-texas
https://www.ubereats.com/brownsville/food-delivery/stir-fry-88-%E5%B0%8F%E7%82%92/-XaT9s5qSiuBBxqlVAfYpA,mission-texas
https://www.ubereats.com/brownsville/food-delivery/pasquallys-pizza-%26-wings-3300-expressway-83-bld-1000/x0N5e6klShWLt7qviPjD0g,mission-texas
https://www.ubereats.com/brownsville/food-delivery/the-pizzeria-mission/IayzjQgXQ6amBlgrsxRDhQ,mission-texas
https://www.ubereats.com/brownsville/food-delivery/stefanos-pizza-express/uJcY3lPlQdyuLnm5S0ND4g,mission-texas
https://www.ubereats.com/brownsville/food-delivery/charleys-philly-steaks-2200-s-10th-st/xyZqZQ6GSjmu9JDWlRTGqA,mission-texas
https://www.ubereats.com/brownsville/food-delivery/xquinkles-snack-land/Z5kzEDWCQaefQ8Iyga7oWA,mission-texas
https://www.ubereats.com/brownsville/food-delivery/corner-bakery-cafe-3400-w-expressway-83/_jwJYehISum6PXGgvPkjeA,mission-texas
https://www.ubereats.com/brownsville/food-delivery/76-bar-and-kitchen/Bi-UGTDcTyqTgC6Bjo047A,mission-texas
https://www.ubereats.com/brownsville/food-delivery/the-halal-guys-101-e-expressway-83-suite-190/p2Q7ot89SbOZbCxuVVNqGA,mission-texas
https://www.ubereats.com/brownsville/food-delivery/churchs-chicken-620-s-10th-street/PBVCXYgqTZ66e2ZK6yenRw,mission-texas
https://www.ubereats.com/brownsville/food-delivery/la-estacion-bakery/Vlat9mR-RqCZyCBxrd9N9A,mission-texas
https://www.ubereats.com/brownsville/food-delivery/mariscos-el-7-mares/CHcfyMkVT5C3FCGeAz9V_Q,mission-texas
https://www.ubereats.com/brownsville/food-delivery/chick-fil-a-214-east-mile-3-north-road/JEikq-AhRHi2tJV4edqBSQ,mission-texas
https://www.ubereats.com/brownsville/food-delivery/buffalo-wings-%26-rings-1727-west-trenton-road/Qwmw7oloQl-U02Qa76YpCw,mission-texas
https://www.ubereats.com/brownsville/food-delivery/yokos-sushi-bar/kqCUIEm6RHmJ2PGOSfox1A,mission-texas
https://www.ubereats.com/brownsville/food-delivery/ihop-314-n-shary-road/xkSNhtpoTBSVqCBz0lUalg,mission-texas
https://www.ubereats.com/brownsville/food-delivery/tacobana/yeTTcSVLTGSTMNR-BFFtqA,mission-texas
https://www.ubereats.com/brownsville/food-delivery/boka-400/v-tNgZ3mTAq32h-soMBvVA,mission-texas
https://www.ubereats.com/brownsville/food-delivery/mcdonalds-804-s-shary-rd/7DPcmUXJRzGoTuvq6-Dj5A,mission-texas
https://www.ubereats.com/brownsville/food-delivery/villa-del-mar/FZY2EJQbTt2lWP4NA2zmWw,mission-texas
https://www.ubereats.com/brownsville/food-delivery/dennys-2301-west-university-drive/h0XGc_fTTAmrTVxPGeOAUQ,mission-texas
https://www.ubereats.com/brownsville/food-delivery/taco-bell-107-w-griffin-parkway/9SqoO3aESICuGP69pDJZPg,mission-texas
https://www.ubereats.com/brownsville/food-delivery/panda-express-1116-trenton-rd/nvdV8zq4T9up0jGbe3c5Ng,mission-texas
https://www.ubereats.com/brownsville/food-delivery/fork-to-fit-kitchen/TkhEkHH1TgWAe2HOfeUBoA,mission-texas
https://www.ubereats.com/brownsville/food-delivery/alonsos-tres-rios-restaurant/mzd2H_84RnaQxKtGcyDLVw,mission-texas
https://www.ubereats.com/brownsville/food-delivery/green-ceviche/WTrwvJy3RyaTT-8czGZd_g,mission-texas
https://www.ubereats.com/brownsville/food-delivery/dairy-queen-800-hwy-83-east/UeCcSsbTS12n5kyCtpR_xA,mission-texas
https://www.ubereats.com/brownsville/food-delivery/la-chula-michoacana-%232/vqCdKdbRQ5CYsrl4abJMZg,mission-texas
https://www.ubereats.com/brownsville/food-delivery/gorditas-dona-tota-e-mile-3-rd/rdU6g9Y9T7-5KkuMrNlkdg,mission-texas
https://www.ubereats.com/brownsville/food-delivery/taco-viche/5tNq6KCNQuC3WiVDC0EGhQ,mission-texas
https://www.ubereats.com/brownsville/food-delivery/mcdonalds-224-east-mile-3-road/Zt6mPeoZRAe__pct51S6Pw,mission-texas
https://www.ubereats.com/brownsville/food-delivery/mayan-chef/z_DsV2O9R3CctcyT2S5h6g,mission-texas
https://www.ubereats.com/brownsville/food-delivery/firehouse-subs-4201-south-mccoll-rd/D4BkB9G7Qsiaz7cRlPUtEw,mission-texas
https://www.ubereats.com/brownsville/food-delivery/kfc-901-east-highway-83/2UKAlVAtTxq_f-qZU6zuOQ,mission-texas
https://www.ubereats.com/brownsville/food-delivery/el-tizoncito/4ZVmrSn9TF-qvhMgemzimA,mission-texas
https://www.ubereats.com/brownsville/food-delivery/dairy-queen-1008-n-cage-blvd/uL2hrcFJSvOqbUxJU9gtlw,mission-texas
https://www.ubereats.com/brownsville/food-delivery/el-pollo-loco-601-nolana-loop3463/n2JSIlldSSS6uLHz3YNxkg,mission-texas
https://www.ubereats.com/brownsville/food-delivery/dairy-queen-1930-w-palma-vista-dr/lH-2UZaOSO2F__6lpRwGcQ,mission-texas
https://www.ubereats.com/brownsville/food-delivery/subway-1139-e-9th-st-unit-b/VeqYgQrnQfifOyFn2HHhaQ,mission-texas
https://www.ubereats.com/brownsville/food-delivery/kfc-2411-south-highway-281/3Q1nh9yKRhKaXCCDynpGDA,mission-texas
https://www.ubereats.com/brownsville/food-delivery/subway-109-e-expressway-83/ipp9HzbTShGUnORQ33uedg,mission-texas
https://www.ubereats.com/brownsville/food-delivery/tropical-smoothie-cafe-4423-north-conway-avenue/KdXMSG0pTp2Wrz-DyKarvg,mission-texas
https://www.ubereats.com/brownsville/food-delivery/san-miguelitos-bar-%26-grill/ug9Jf5ntSj-Zhsq2C3je5g,mission-texas
https://www.ubereats.com/brownsville/food-delivery/scalisis-chicago-pizza/D3xgCxsWTU66wpDbanLY_A,mission-texas
https://www.ubereats.com/brownsville/food-delivery/the-centennial/f2j0J0szRZWhhrrAQRMyAQ,mission-texas
https://www.ubereats.com/brownsville/food-delivery/taco-palenque-mission/BZECVt1WTli8GC4xI6cqYQ,mission-texas
https://www.ubereats.com/brownsville/food-delivery/saltgrass-3000-expressway-83/CRpigkhtRNibAsjOefVSMw,mission-texas
https://www.ubereats.com/brownsville/food-delivery/panda-express-220-east-3-mile-rd/EQWp5BZ9QPKZIK9L8rb15w,mission-texas
https://www.ubereats.com/brownsville/food-delivery/buddy-vs-ristorante-mcallen/Fgkw0cgWQPWxpf9QZzhdgg,mission-texas
https://www.ubereats.com/brownsville/food-delivery/orange-leaf-frozen-yogurt-601-trenton-rd-ste-c/gI9QYs4NRHe9RZZOuKBzJQ,mission-texas
https://www.ubereats.com/brownsville/food-delivery/taco-bell-420-s-10th/P0gdLvF4TpezDxB8xTHE7w,mission-texas
https://www.ubereats.com/brownsville/food-delivery/mcdonalds-2801-nolana-ave/rIvIz7HxSzOB96mPLUR3XA,mission-texas
https://www.ubereats.com/brownsville/food-delivery/lucky-sushi-bar/uigDCKhmTGyU6e4Abvs7UA,mission-texas
https://www.ubereats.com/brownsville/food-delivery/jack-in-the-box-703-s-jackson-rd/NYxA3oAERl-WqBV81xojKA,mission-texas
https://www.ubereats.com/brownsville/food-delivery/applebees-1913-w-trenton-road/u9CGhdCXTEK-9dPaU7_qXQ,mission-texas
https://www.ubereats.com/brownsville/food-delivery/zoes-kitchen-3400-west-expressway-83%3B-suite-700/8jg0bhrLTuSaVNaxnnOQDQ,mission-texas
https://www.ubereats.com/brownsville/food-delivery/red-robin-642-409-s-jackson-road/9_BV7F10SdC611lvD7gpjA,mission-texas
https://www.ubereats.com/brownsville/food-delivery/wine-cow-argentian-steak-house/ElkjbPZ1T2u8pzO9GH2lFA,mission-texas
https://www.ubereats.com/brownsville/food-delivery/el-pastor-grill/t4s9QewqRZiLaVP2grbt-g,mission-texas
https://www.ubereats.com/brownsville/food-delivery/taco-bell-6617-north-10th-street/RwZMTMmQTdWhtgTJwl7liA,mission-texas
https://www.ubereats.com/brownsville/food-delivery/burger-king-2301-north-conway/2OOy6GXTTse0lsDTP462Ug,mission-texas
https://www.ubereats.com/brownsville/food-delivery/auntie-annes-2200-s-10th-str-%26-wichita-ave/P3whLqWuS8yOyApP0jm8QQ,mission-texas
https://www.ubereats.com/brownsville/food-delivery/tacos-la-silla/VLp8rs0ERuC7TkEU1h7gaQ,mission-texas
https://www.ubereats.com/brownsville/food-delivery/gws-bbq-catering-co/ZSO29gxZQ6WWGeXm6GbRkg,mission-texas
https://www.ubereats.com/brownsville/food-delivery/100%25-antojitos-mexicanos-pharr/K83_cDB_RESSLZ31y9o76A,mission-texas
https://www.ubereats.com/brownsville/food-delivery/wichitos-buffet-%26-restaurant/8FZ6FnVMRnCBG8qSroOh-Q,mission-texas
https://www.ubereats.com/brownsville/food-delivery/starbucks-83-%26-bentsen-rd/i0hf8S7cQPCHO10ohntsvQ,mission-texas
https://www.ubereats.com/brownsville/food-delivery/lucky-sushi-bar/AH5zhS4qTs-SqzTXFdIBCQ,mission-texas
https://www.ubereats.com/brownsville/food-delivery/cold-stone-creamery-7017-n-10th-st-ste-h/Ig7hda_PRz-sAcecDykLwg,mission-texas
https://www.ubereats.com/brownsville/food-delivery/honeys-cakes-%26-pastries/_Z4YsgTfS6-Af64_xku6ig,mission-texas
https://www.ubereats.com/brownsville/food-delivery/panda-express-119-s-shary-road/3sRM-yn2QpaC7oygkdCsWA,mission-texas
https://www.ubereats.com/brownsville/food-delivery/kumori-sushi-%26-teppanyaki-nolana/VIbsMN3cQZWd9dksJVM45A,mission-texas
https://www.ubereats.com/brownsville/food-delivery/five-guys-tx-1290-3701-expressway-83/eSoHX6dOSz6UN8rWjwsEog,mission-texas
https://www.ubereats.com/brownsville/food-delivery/applebees-306-e-mile-3-rd/LSd6-Bd9Ttu7ofAcKck2Vg,mission-texas
https://www.ubereats.com/brownsville/food-delivery/mori-mcallen-tx/yqR3V9gvSQmzPNuNciidzQ,mission-texas
https://www.ubereats.com/brownsville/food-delivery/ranch-house-burgers-ii/DRnwmO97TYS6Lr4rSCJ9Kw,mission-texas
https://www.ubereats.com/brownsville/food-delivery/gorditas-dona-tota-s-cage-blvd/RDfYy4GvRJW9FFbKNZPxrg,mission-texas
https://www.ubereats.com/brownsville/food-delivery/hooters-mcallen/_dqUbycDTp-U3bgwWlpHwQ,mission-texas
https://www.ubereats.com/brownsville/food-delivery/mariscos-el-7-mares/-VF9hm1XTDa87xJKO9XS2g,mission-texas
https://www.ubereats.com/brownsville/food-delivery/the-protein-shoppe/zc4O4R5xQz6L3VZLzeVPvQ,mission-texas
https://www.ubereats.com/brownsville/food-delivery/dennys-1110-so-10th-st/bkTDfg-oSZSmgQVHs8x32g,mission-texas
https://www.ubereats.com/brownsville/food-delivery/bourbon-street-grill/UX8743NYS5auSbTTK-7LKA,mission-texas
https://www.ubereats.com/brownsville/food-delivery/the-loretto-bistro/GiRyXNhOQGirTHKT9jFk_w,mission-texas
https://www.ubereats.com/brownsville/food-delivery/la-siberia-restaurant/rbZZhwFlSS6_asF6MxtEsg,mission-texas
https://www.ubereats.com/brownsville/food-delivery/fusion-wellness-bar/SbVv3N0jQ92p-3cxcL2_Ag,mission-texas
https://www.ubereats.com/brownsville/food-delivery/hooties-burger-bar-410-east-expressway-83/FHhsMZA9TXOAmlO3XI8ayw,mission-texas
https://www.ubereats.com/brownsville/food-delivery/brick-fire-xpress/QNo6uftdSaSZD8U1jx8B7Q,mission-texas
https://www.ubereats.com/brownsville/food-delivery/ostioneria-michoacan/yjDUdqgeR_uPALmyCxJy6A,mission-texas
https://www.ubereats.com/brownsville/food-delivery/palenque-grill-la-plaza-mall/yxXPFpB9SCi-YQXgCnpkvA,mission-texas
https://www.ubereats.com/brownsville/food-delivery/chuck-e-cheese-3300-expressway-83-bld-1000/T-MSKX1ZRA64fMwT9e1dLg,mission-texas
https://www.ubereats.com/brownsville/food-delivery/dimassis-mediterranean-buffet-mcallen/w2BeyuMbToajCmbJnVnUjQ,mission-texas
https://www.ubereats.com/brownsville/food-delivery/yard-house-2200-s-10th-street-space-s17/yFTVi5g5TpijaJ4XdLleGA,mission-texas
https://www.ubereats.com/brownsville/food-delivery/sal-y-pimienta-restaurant/Xd-lfgRYS2S2f3TM3rvEcw,mission-texas
https://www.ubereats.com/brownsville/food-delivery/kato-sushi/OzfVsXtiRg2uDhJBZtS7SQ,mission-texas
https://www.ubereats.com/brownsville/food-delivery/barbacoa-torito/n0wVDyFKSLWcntqiXvM0yg,mission-texas
https://www.ubereats.com/brownsville/food-delivery/china-express/16jtDa86QN-89OMhj-ZmYA,mission-texas
https://www.ubereats.com/brownsville/food-delivery/la-chula-michoacana-%231/HwLpzC4nSxiGfg9WHV8RkA,mission-texas
https://www.ubereats.com/brownsville/food-delivery/little-tokyo/caJl7zaJQR67ctsK698-7A,mission-texas
https://www.ubereats.com/brownsville/food-delivery/pei-wei-3400-west-expressway-83/ONuWnBowSpSLmMBgDa5yzg,mission-texas
https://www.ubereats.com/brownsville/food-delivery/dragon-warrior-noodle/OMd_gMicSTad62-OjV94Nw,mission-texas
https://www.ubereats.com/brownsville/food-delivery/tea-garden/VNXGPTDFS9-fwSKf8_FpQg,mission-texas
https://www.ubereats.com/brownsville/food-delivery/cracker-barrel-old-country-store-3817-w-expressway-83/Q5N-GIt9SbqQHxh70w_cfw,mission-texas
https://www.ubereats.com/brownsville/food-delivery/mcdonalds-1901-s-10th-st/2H_zCRUYSA6f5y0jJnf0cw,mission-texas
https://www.ubereats.com/brownsville/food-delivery/jack-in-the-box-1401-e-expressway-83/IqtAvfQ_S8qBO4YOunOn_w,mission-texas
https://www.ubereats.com/brownsville/food-delivery/muelle37pharr/avVZXRanQwu0U3Fw2P5vew,mission-texas
https://www.ubereats.com/brownsville/food-delivery/the-blue-onion-mcallen/uZUs_meQQY-qDml3U-cBaQ,mission-texas
https://www.ubereats.com/brownsville/food-delivery/gorditas-dona-tota-s-shary-rd/6Ul2Nho7RJOsfN-yKnG9MQ,mission-texas
https://www.ubereats.com/brownsville/food-delivery/chipotle-mexican-grill-7300-n-10th-st-ste-30/qxuXXDckS6iGXqufZcfwlw,mission-texas
https://www.ubereats.com/brownsville/food-delivery/villa-del-mar-pharr/RxCfQAeSQzSgiPPafsVElQ,mission-texas
https://www.ubereats.com/brownsville/food-delivery/dennys-401-e-nolana-ave/F_nJUpFKTLWgRkBRukWlZw,mission-texas
https://www.ubereats.com/brownsville/food-delivery/kumori-sushi-%26-teppanyaki-ridge-view-center/FDKeFlE2TWqOBcrStuNiGw,mission-texas
https://www.ubereats.com/brownsville/food-delivery/chepuerco-restaurant/QZuzdt7xTlC057gU8wunbQ,mission-texas
https://www.ubereats.com/brownsville/food-delivery/jack-in-the-box-3701-w-expressway-83/UjgwtA0ER-m7f0AfaofDXg,mission-texas
https://www.ubereats.com/brownsville/food-delivery/zarahs-meat-market/l2MWfgSGQn-7XdWUfZ_9pg,mission-texas
https://www.ubereats.com/brownsville/food-delivery/semilla-coffee-lab/NRXPlP3dSFaxXZYNWtFvBA,mission-texas
https://www.ubereats.com/brownsville/food-delivery/dairy-queen-treat-400-n-shary-rd/8QV_eEE_QZ275bq48TqjiQ,mission-texas
https://www.ubereats.com/brownsville/food-delivery/taco-palenque-palmhurst/zJu_E2VMQDmcPlGiT8-eJA,mission-texas
https://www.ubereats.com/brownsville/food-delivery/taco-palenques-10th-st/uLSQkIxkSO6qCVtJuTm1pA,mission-texas
https://www.ubereats.com/brownsville/food-delivery/bar-b-cutie-smokehouse/sOUgDiE3TR-mtA8L4m4yiA,mission-texas
https://www.ubereats.com/brownsville/food-delivery/subway-1915-n-conway-ave/XgJSg4LfSVSTxw4-spMf9w,mission-texas
https://www.ubereats.com/brownsville/food-delivery/piporro-taqueria-jalisco/2wLRrtP1RnusneNEouU_Pg,mission-texas
https://www.ubereats.com/brownsville/food-delivery/pf-changs-3100-expressway-83/Obl9eFNIRQynagvqxf3HNw,mission-texas
https://www.ubereats.com/brownsville/food-delivery/fazolis-1943-w-interstate-2/fyEVs6zXQ4i4ftPNs3CbIg,mission-texas
https://www.ubereats.com/brownsville/food-delivery/red-lobster-701-w-expressway-83/Q2w-mruBREOnOh_o0oS20Q,mission-texas
https://www.ubereats.com/brownsville/food-delivery/kumori-sushi-%26-teppanyaki-n-10th-%26-trenton/YkJht1hiQMqR5QorYJ4fNg,mission-texas
https://www.ubereats.com/brownsville/food-delivery/the-flying-walrus/Y-nahC7GRca5kPJ5Gw_TqA,mission-texas
https://www.ubereats.com/brownsville/food-delivery/100%25-antojitos-mexicanos-mcallen/oX9capuPTGO7-0rotZ781g,mission-texas
https://www.ubereats.com/brownsville/food-delivery/papa-taco-mission/xrzjqZFpTD-LvF8G366GvQ,mission-texas
https://www.ubereats.com/brownsville/food-delivery/applebees-4601-n-10th-street/UJm1njHbQx2yefOSxMP0Ow,mission-texas
https://www.ubereats.com/brownsville/food-delivery/kumori-sushi-%26-teppanyaki-palms-crossing/4Kc1-kBHQKGKkRLTMofQJg,mission-texas
https://www.ubereats.com/brownsville/food-delivery/kumori-sushi-%26-teppanyaki-uptown-plaza/0Q1dGIq6Q_ejuqxm2xjd_A,mission-texas
https://www.ubereats.com/brownsville/food-delivery/cafe-renee-la-monarca/LPZ0SKDUQ--s5vVtu6p-Dg,mission-texas
https://www.ubereats.com/brownsville/food-delivery/the-griffin-grill/eD-l2AklR_a_IGJNjRqnug,mission-texas
https://www.ubereats.com/brownsville/food-delivery/chick-fil-a-2501-e-expressway-83/m6F-iB8XSgi3skCRI_AW-g,mission-texas
https://www.ubereats.com/brownsville/food-delivery/corner-bakery-cafe-4021-n-10th-stste-c4/8pExkjGoRWKm45AIjmMTQQ,mission-texas
https://www.ubereats.com/brownsville/food-delivery/dennys116-south-shary-rd/XanvBf3ASfeo0p-CVfTPBA,mission-texas
https://www.ubereats.com/brownsville/food-delivery/atomix-wings-%26-grill/NK5viLRiQ06nNHO1KglVRg,mission-texas
https://www.ubereats.com/brownsville/food-delivery/100%25-antojitos-mexicanos-mission-griffin/fsqI1AQ5QJaQ9fjXkVnuqw,mission-texas
https://www.ubereats.com/brownsville/food-delivery/burger-king-2120-north-la-homa-road/NJIOSaSRT_CxXOrHd9KLFg,mission-texas
https://www.ubereats.com/brownsville/food-delivery/salad-delights/KwqmU4-MQ3GUyp7FQ6yjHg,mission-texas
https://www.ubereats.com/brownsville/food-delivery/churchs-chicken-3817-pecan-blvd/Xao0msPbTg-xM7EOtIjBEg,mission-texas
https://www.ubereats.com/brownsville/food-delivery/dirty-als-bayou-grill/E8MCNd1ZTEiI2Da31KXWoA,mission-texas
https://www.ubereats.com/brownsville/food-delivery/la-india-mexican-food/38brf4kJT5-Tb4g9hDo5_Q,mission-texas
https://www.ubereats.com/brownsville/food-delivery/taco-palenque-edinburg/gtFk9hE-SEyy1RZFTgyEsQ,mission-texas
https://www.ubereats.com/brownsville/food-delivery/el-pollo-loco-2307-n-conway-ave3819/97PFo_znQhmBRG8EmRs89w,mission-texas
https://www.ubereats.com/brownsville/food-delivery/la-costa-grill/5osX2H0OTtaA4V-0q5Mh5g,mission-texas
https://www.ubereats.com/brownsville/food-delivery/ccs-sweets-%26-tweets/rjV2jdCAQmWgjrDVoJohcw,mission-texas
https://www.ubereats.com/brownsville/food-delivery/lada-52/AUZKF_kcSLWqpStQ6DsGqA,mission-texas
https://www.ubereats.com/brownsville/food-delivery/burgerim-mcallen/rD_DHHWnRKKpM6QKJNOwLA,mission-texas
https://www.ubereats.com/brownsville/food-delivery/texas-de-brazil-mcallen/hFtJrXnjRUqj00OnCbd1xw,mission-texas
https://www.ubereats.com/brownsville/food-delivery/schlotzskys-2616-n-10th-street/eVmakfEoSFSZi7vUSD3tMQ,mission-texas
https://www.ubereats.com/brownsville/food-delivery/pappas-pizza/DRqkoGPVSIWQTRC3GdRn5w,mission-texas
https://www.ubereats.com/brownsville/food-delivery/golden-chick-4501-n-23rd/Tr9N17XLRW6afMJdK7XPYA,mission-texas
https://www.ubereats.com/brownsville/food-delivery/dairy-queen-grill-%26-chill-2203-n-conway-ave/5cc2AGlNQQikg4zSARaxVQ,mission-texas
https://www.ubereats.com/brownsville/food-delivery/chipotle-mexican-grill-3400-expressway-83/jrqXAXj7QJWxzKoYiyXa5w,mission-texas
https://www.ubereats.com/brownsville/food-delivery/palenque-grill-edinburg/CsPfvWVeT52_XbRYciCD9w,mission-texas
https://www.ubereats.com/brownsville/food-delivery/la-calaverita-raspas-and-more-llc/lmQzfEx1R6-ulI9X7K7N5g,mission-texas
https://www.ubereats.com/brownsville/food-delivery/golden-chick-1911-n-raul-longoria-road/gCqG9dl0ROeTHrmnnnVGgg,mission-texas
https://www.ubereats.com/brownsville/food-delivery/xquinkles-snack-land-mcallen/6JIISttiRHOoKv9yqxFRpw,mission-texas
https://www.ubereats.com/brownsville/food-delivery/cocinita-cafe/wtMf47pdQIeNx7zcVhrwag,mission-texas
https://www.ubereats.com/brownsville/food-delivery/firehouse-subs-4901-w-expressway-83/gszDGC2pQMiwyQutvCfDkg,mission-texas
https://www.ubereats.com/brownsville/food-delivery/panda-express-1401-e-jackson-ave/GPIor6yiRx6-e5NdYXvGaw,mission-texas
https://www.ubereats.com/brownsville/food-delivery/100%25-antojitos-mexicanos-mission-shary/M20iPPUSSgOtXERRGlS8XQ,mission-texas
https://www.ubereats.com/brownsville/food-delivery/republic-of-the-rio-grande/qWLOStQSRfCyuxQjzfJhkg,mission-texas
https://www.ubereats.com/brownsville/food-delivery/dairy-queen-1501-n-23rd-st/s-VzoSrKQmSdISuwChpD5g,mission-texas
https://www.ubereats.com/brownsville/food-delivery/golden-chick-200-s-alton-blvd/fPs7WXqiR52Bv8TXWRKWAQ,mission-texas
https://www.ubereats.com/brownsville/food-delivery/kabob-guys/9KlxmBaqTWuG29VpL9DgWQ,mission-texas
https://www.ubereats.com/brownsville/food-delivery/mcdonalds-303-e-expy-83/SBO_Rvd0Q3qA4nivNyD_RA,mission-texas
https://www.ubereats.com/brownsville/food-delivery/red-lobster-7617-n-10th-street/_kRthlIBREGg3yF675zCjg,mission-texas
https://www.ubereats.com/brownsville/food-delivery/taco-geeks/qKgJRxVcSXuiaYWxh615ow,mission-texas
https://www.ubereats.com/brownsville/food-delivery/ihop-4321-n-10th-st/uP-2g8bQRd68zUYLyLeyug,mission-texas
https://www.ubereats.com/brownsville/food-delivery/churchs-chicken-201-w-griffin-parkway/QbDKxicnSWOGrLVzO-3nuQ,mission-texas
https://www.ubereats.com/brownsville/food-delivery/hacienda-san-miguel-mexican-grill-and-bar/M0LWYt-fQ7Oo9eO85lsCNw,mission-texas
https://www.ubereats.com/brownsville/food-delivery/taqueria-la-mexicana-s-cage-blvd/7CHyjl_8SFW0hrehnv7GRQ,mission-texas
https://www.ubereats.com/brownsville/food-delivery/ihop-1601-s-cage-rd/U_FKP4YeRw-3WsYtPqQYrg,mission-texas
https://www.ubereats.com/brownsville/food-delivery/gorditas-dona-tota-la-plaza-mall/qJe33fFERIiodHzP3iSuJw,mission-texas
https://www.ubereats.com/brownsville/food-delivery/gorditas-dona-tota-w-military-hwy/vr71QeTaR9KfNcM_Xbb0iw,mission-texas
https://www.ubereats.com/brownsville/food-delivery/taqueria-oviedo/86Bk5iRnTLGOKEWoYtf50w,mission-texas
https://www.ubereats.com/brownsville/food-delivery/the-protein-shoppe/IKMDA6axT5G_m4X-YXRjVQ,mission-texas
https://www.ubereats.com/brownsville/food-delivery/papa-johns-4901-expressway-83-s-te-130/kQzjxmI4TE2prZmSlxacNA,mission-texas
https://www.ubereats.com/brownsville/food-delivery/carlos-bakery-mcallen/GhtmBluRQB2MOBqAx_0lvQ,mission-texas
https://www.ubereats.com/brownsville/food-delivery/peppers-at-uptown/OyWBHUcdToSibX2-FW-0EA,mission-texas
https://www.ubereats.com/brownsville/food-delivery/ihop-1900-s-tenth-st/moINKqDRRYCEhgCsnKPI0Q,mission-texas
https://www.ubereats.com/brownsville/food-delivery/zios-italian-kitchen-express-mcallen/QFJzBB0kST2zTWX61LFcyQ,mission-texas
https://www.ubereats.com/brownsville/food-delivery/logans-roadhouse-364-2224-s-10th-street/meF5R34kR6apd5QUMQuGcw,mission-texas
https://www.ubereats.com/brownsville/food-delivery/furrs-fresh-buffet-mcallen/x50EkExwR6aDpSdYxK190g,mission-texas
https://www.ubereats.com/brownsville/food-delivery/subway-508-n-la-homa-rd/Tvej4Sf-RO-zgpNS6m0vNg,mission-texas
https://www.ubereats.com/brownsville/food-delivery/muelle37mcallen/lJwqE0_eR3SKueWmki2Zfw,mission-texas
https://www.ubereats.com/brownsville/food-delivery/kurai-sushi/BJQnrJ8ATzaW_W_sC9xRzQ,mission-texas
https://www.ubereats.com/brownsville/food-delivery/taqueria-la-mexicana-w-griffin-pkwy/bieMjcEFRI-Hzvat7n8b5g,mission-texas
https://www.ubereats.com/brownsville/food-delivery/villa-del-mar-mission-%232/WWVfVHdeRT61d1TJzCt2ng,mission-texas
https://www.ubereats.com/brownsville/food-delivery/kurai-sushi-pharr/ASP3jxPyTc-1X8uWUDLeBQ,mission-texas
https://www.ubereats.com/brownsville/food-delivery/juice-up/a0sALJ8ORAi2RbF26_yDLw,mission-texas
https://www.ubereats.com/brownsville/food-delivery/gorditas-dona-tota-w-nolana-ave/5_X2dXauQmK_ZxZO7oIQtw,mission-texas
