url,city
https://www.ubereats.com/mobile-al/food-delivery/thymes-eatery/GAT8JSSBROmdEWaZQIYKRg,mobile-alabama
https://www.ubereats.com/mobile-al/food-delivery/7251-bonefish-grill-6955-airport-blvd/gnu-zWhzQnyosa8o-U6OsA,mobile-alabama
https://www.ubereats.com/mobile-al/food-delivery/bay-barbeque/jfQyPDrGSpSTH5IWv530dw,mobile-alabama
https://www.ubereats.com/mobile-al/food-delivery/fuego-coastal-mexican-eatery/CsuTZWI-QwK_ccjPhXNy8A,mobile-alabama
https://www.ubereats.com/mobile-al/food-delivery/tropical-smoothie-cafe-9-du-rhu-drive/CuRz_lS7Rz6H46I2MDmHiQ,mobile-alabama
https://www.ubereats.com/mobile-al/food-delivery/mcalisters-deli-6730-airport-blvd/5b7tSGMdQYCGERTaOStMOw,mobile-alabama
https://www.ubereats.com/mobile-al/food-delivery/mcdonalds-658-government-blvd/c8PvQycESqay4r7l_VFo7Q,mobile-alabama
https://www.ubereats.com/mobile-al/food-delivery/sonic-951-montlimar-dr/nv-oGKd4SvGiU7URmOoZuQ,mobile-alabama
https://www.ubereats.com/mobile-al/food-delivery/halal-cuisine-of-india/2B1ifD0XSaetMNN9EZCnfg,mobile-alabama
https://www.ubereats.com/mobile-al/food-delivery/subway-121-dauphin-st/Bq7piVqWT8GbabChfo0ZyA,mobile-alabama
https://www.ubereats.com/mobile-al/food-delivery/jersey-mikes-subs-3151-dauphin-st/YJvto8TZT9amFjFKZMMOVQ,mobile-alabama
https://www.ubereats.com/mobile-al/food-delivery/red-lobster-3941-airport-blvd/7fz330Z3QCO9oP2KZcDHZQ,mobile-alabama
https://www.ubereats.com/mobile-al/food-delivery/happy-sushi/4ijfcEdWQuCJA7k3b8TEww,mobile-alabama
https://www.ubereats.com/mobile-al/food-delivery/arbys-6775-us-highway-90/Ew8jm1loREGC-Pr8h1DIhQ,mobile-alabama
https://www.ubereats.com/mobile-al/food-delivery/shrimp-basket-old-shell-road/OqNKhRGFRNOs3CUythk7pA,mobile-alabama
https://www.ubereats.com/mobile-al/food-delivery/el-mariachi-mexican/bKP8QAfYQcqZMcgvyyi4og,mobile-alabama
https://www.ubereats.com/mobile-al/food-delivery/zaxbys-3444-spring-hill-ave/5jA6wp1TR2KqFMgRT6QoEw,mobile-alabama
https://www.ubereats.com/mobile-al/food-delivery/firehouse-subs-5300-c-hallsmill-rd/sbo2rQfdSmumoFT6d4dd6Q,mobile-alabama
https://www.ubereats.com/mobile-al/food-delivery/checkers-2300-st-stephens/4nBxFKfeSK-cNAtRv0PD4g,mobile-alabama
https://www.ubereats.com/mobile-al/food-delivery/panda-express-865-schillinger-rd-s/tohclTlSRIeOuy2MyNy1JQ,mobile-alabama
https://www.ubereats.com/mobile-al/food-delivery/rock-n-roll-sushi/tcAAaulnQTqfMIuZBtEh9w,mobile-alabama
https://www.ubereats.com/mobile-al/food-delivery/fuse-kitchen/kIQ4mXh4R9mbZbJ9z3_HTw,mobile-alabama
https://www.ubereats.com/mobile-al/food-delivery/taco-bell-5000-moffett-rd/X7xJBx_uQqqiU6CmxM9Q1A,mobile-alabama
https://www.ubereats.com/mobile-al/food-delivery/churchs-chicken-3171-moffatt-road/sZt7NJrPRiOAEE9Gc8jP6g,mobile-alabama
https://www.ubereats.com/mobile-al/food-delivery/firehouse-subs-6300-grelot-rd/ogU6f4sNQ6G7QHjAGqIDKw,mobile-alabama
https://www.ubereats.com/mobile-al/food-delivery/krystal-1914-government-blvd/U6Dzrpj8RhCtsBJ4jDYNrg,mobile-alabama
https://www.ubereats.com/mobile-al/food-delivery/popeyes-750-government-st/4MBw2FZNQl-ydlCXFKnzrg,mobile-alabama
https://www.ubereats.com/mobile-al/food-delivery/phat-nozz-phishery-llc/97Y0hj4BRWykdpq3CPTn-Q,mobile-alabama
https://www.ubereats.com/mobile-al/food-delivery/panda-express-3811-airport-blvd/Lebde3GkTQy5CDUmojunCg,mobile-alabama
https://www.ubereats.com/mobile-al/food-delivery/mcalisters-deli-1200-satchel-paige-road/Z9Y10ACKSKmYy3nC-cHn0Q,mobile-alabama
https://www.ubereats.com/mobile-al/food-delivery/chipotle-mexican-grill-3871-airport-blvd/vYFBdp-aRLmeJhefrVuuqg,mobile-alabama
https://www.ubereats.com/mobile-al/food-delivery/osaka-japanese-restaurant/gRF5fN8ATBuMmAbjDQ6CRQ,mobile-alabama
https://www.ubereats.com/mobile-al/food-delivery/beef-o-bradys-6450-us-hwy-90-suite-j/UWa-tRoqQAW0TW4iOAQktA,mobile-alabama
https://www.ubereats.com/mobile-al/food-delivery/cicis-6750-airport-blvd-suite-1/o5xZp0tnRamV5xFXWDF-fw,mobile-alabama
https://www.ubereats.com/mobile-al/food-delivery/arbys-3739-airport-blvd/Z2BQRIyCQgy6efXVzXyF5Q,mobile-alabama
https://www.ubereats.com/mobile-al/food-delivery/dickeys-barbecue-pit-1390-tingle-circle-ste-1/pAKOi0-KSvqU5Jd3Fvo6vA,mobile-alabama
https://www.ubereats.com/mobile-al/food-delivery/rice-asian-grill-%26-sushi-bar/ZYDLrIoORZaFiG0jUh2org,mobile-alabama
https://www.ubereats.com/mobile-al/food-delivery/burger-king-659-government-st/1gAK30CrRmmsUC6yaYT2FQ,mobile-alabama
https://www.ubereats.com/mobile-al/food-delivery/starbucks-government-%26-catherine/iWL3ebH0Qpek_9kJ8h3a2A,mobile-alabama
https://www.ubereats.com/mobile-al/food-delivery/subway-1411-spring-hill-ave/wEsl_82eQQWEmNPmZfLEhg,mobile-alabama
https://www.ubereats.com/mobile-al/food-delivery/poindexters/r0OwxzusT-Ks6DLRZ1RyGg,mobile-alabama
https://www.ubereats.com/mobile-al/food-delivery/walk-ons-sports-bistreaux-mobile/pwSpeI6MRkWkXjslEAy0Ng,mobile-alabama
https://www.ubereats.com/mobile-al/food-delivery/margaritas-mexican-restaurant/-_jmH8HdQmSNnYNXoE7wDw,mobile-alabama
https://www.ubereats.com/mobile-al/food-delivery/roly-poly-3220-dauphin-st/rvKljGkuSLW9FqSyAFLNOA,mobile-alabama
https://www.ubereats.com/mobile-al/food-delivery/zaxbys-29053-hwy-98/N80XGhAvQwq3PhKE9ARuFg,mobile-alabama
https://www.ubereats.com/mobile-al/food-delivery/iron-hand-brewing-llc/jH5B63VyRlmUXPKsoCu4pQ,mobile-alabama
https://www.ubereats.com/mobile-al/food-delivery/steak-n-shake-3125-government-blvd/-zls_KyLSMi4_1n3lpOWMg,mobile-alabama
https://www.ubereats.com/mobile-al/food-delivery/chick-fil-a-12-n-royal-st/WSLfba3NQTelSCL1-HBNpA,mobile-alabama
https://www.ubereats.com/mobile-al/food-delivery/tropical-smoothie-cafe-7450-airport-blvd-suite-a/g63EabNtSaaAIiBdfltkug,mobile-alabama
https://www.ubereats.com/mobile-al/food-delivery/brewhas-pub-%26-grub/EhlQfIBETiikD-F9-JVy8Q,mobile-alabama
https://www.ubereats.com/mobile-al/food-delivery/ocharleys-3649-airport-blvd/j-xqqwm1TgKe8w3RklY7EQ,mobile-alabama
https://www.ubereats.com/mobile-al/food-delivery/rock-the-house-cafe/872DmCOuR56nq-qR6aJNEQ,mobile-alabama
https://www.ubereats.com/mobile-al/food-delivery/kfc-2850-springhill-ave/UFhfkBGwTf-1UCmL5GCNqw,mobile-alabama
https://www.ubereats.com/mobile-al/food-delivery/e-wing-house/3wfdegzuTZahPxAGRze9hg,mobile-alabama
https://www.ubereats.com/mobile-al/food-delivery/taco-bell-1115-government-st/RKxPmgUHQZCazkdvdvXQ5Q,mobile-alabama
https://www.ubereats.com/mobile-al/food-delivery/yak-the-kathmandu-kitchen/lS2_PdazRmyKbDqbUJYprA,mobile-alabama
https://www.ubereats.com/mobile-al/food-delivery/bangkok-thai-cuisine/88Y0mx_EQf2OatXcda8oTg,mobile-alabama
https://www.ubereats.com/mobile-al/food-delivery/five-guys-al-1748-1225-satchel-page-dr/DaLhA8agTaWLnJTNSyqrWw,mobile-alabama
https://www.ubereats.com/mobile-al/food-delivery/courtneys-corner-good-food/HGYNPqTtQXWPYK_Kbe6z_Q,mobile-alabama
https://www.ubereats.com/mobile-al/food-delivery/checkers-1965-dauphin-island-pkwy/jBJ0w8fWRmSpmN7uMC65nA,mobile-alabama
https://www.ubereats.com/mobile-al/food-delivery/zaxbys-6551-airport-blvd/MDSFbjN_SYGNIj2dXqma_w,mobile-alabama
https://www.ubereats.com/mobile-al/food-delivery/checkers-8-n-broad/N8YA_fFsQ12l3GtKwFAIjg,mobile-alabama
https://www.ubereats.com/mobile-al/food-delivery/kfc-5109-moffat-rd/q80KBCxRQcudHo-4HyCLDA,mobile-alabama
https://www.ubereats.com/mobile-al/food-delivery/fry-daddys/M9-18TUAQrCWXrAMcg3iog,mobile-alabama
https://www.ubereats.com/mobile-al/food-delivery/wendys-959-government-blvd/WaURUrcqRBaAyVGdyZ_aMA,mobile-alabama
https://www.ubereats.com/mobile-al/food-delivery/fry-daddys/9CH9sLWgQGW2avXmz_tzig,mobile-alabama
https://www.ubereats.com/mobile-al/food-delivery/popeyes-1966-government-st/EgW0PTL9Rr6rQMKThs0YGQ,mobile-alabama
https://www.ubereats.com/mobile-al/food-delivery/ihop-3912-airport-blvd/IkPCVlDxT4yrgnhgzfGOUg,mobile-alabama
https://www.ubereats.com/mobile-al/food-delivery/newks-eatery-1335-satchel-paige-dr-suite-c-106/OP49ZzVvTa-MPjWLTnW6wQ,mobile-alabama
https://www.ubereats.com/mobile-al/food-delivery/dang-seafood/NfWKLTCRS-yGrd-QU0t73w,mobile-alabama
https://www.ubereats.com/mobile-al/food-delivery/the-simple-greek-mobile/eJnOqp2OQXGABv3h3BHr4g,mobile-alabama
https://www.ubereats.com/mobile-al/food-delivery/wendys-3270-dauphin-st/dQH4wlakQ6epNYq_B0AC7w,mobile-alabama
https://www.ubereats.com/mobile-al/food-delivery/outback-steakhouse-4017-airport-drive/VRPVbxWGRfaI9PGT4vmaWQ,mobile-alabama
https://www.ubereats.com/mobile-al/food-delivery/checkers-6404-airport-blvd/G-2BxDSxQoetVPq8dBhV0A,mobile-alabama
https://www.ubereats.com/mobile-al/food-delivery/mod-pizza-mobile/0CAlGowBSVe0YI1TCYvErg,mobile-alabama
https://www.ubereats.com/mobile-al/food-delivery/wendys-3113-airport-blvd/eIgEwIuiRTuLH3iEFX5vWg,mobile-alabama
https://www.ubereats.com/mobile-al/food-delivery/firehouse-subs-3075-government-blvd-b-105/lsnQ7qDsRl6-hnab3yJyuQ,mobile-alabama
https://www.ubereats.com/mobile-al/food-delivery/bjs-restaurant-and-brewhouse-3748-airport-blvd/M3S2Nzk1RayWs6F01c8QYQ,mobile-alabama
https://www.ubereats.com/mobile-al/food-delivery/7-spice/cq5xiWG8R4GgcHRdIuYROw,mobile-alabama
https://www.ubereats.com/mobile-al/food-delivery/checkers-2213-airport-blvd/w6Xbwuc2SZeCWHEL4wqjgA,mobile-alabama
https://www.ubereats.com/mobile-al/food-delivery/guncles-gluten-free-bakery/JA7DDYz_RkWRPTbaSy20Hw,mobile-alabama
https://www.ubereats.com/mobile-al/food-delivery/cortlandts-pizza-pub/PPAOB21-S7Sc8uLuhFqeYA,mobile-alabama
https://www.ubereats.com/mobile-al/food-delivery/maple-street-biscuit-company-mobile-al/utkw4NR_SLOvXbh81OKiqQ,mobile-alabama
https://www.ubereats.com/mobile-al/food-delivery/buffalo-wild-wings-6341-airport-blvd/sQ2mhKEORUe-dzdn-kZ6Xg,mobile-alabama
https://www.ubereats.com/mobile-al/food-delivery/bangkok-thai-cuisine/4mu_LNm_SHKWcgZred4-6w,mobile-alabama
https://www.ubereats.com/mobile-al/food-delivery/cracker-barrel-old-country-store-43-e-i65-service-rd-south/8gtZi_3lQyaRz5X-vK5EYg,mobile-alabama
https://www.ubereats.com/mobile-al/food-delivery/foy/mvUYC6OLQQOAtWvwDWLClw,mobile-alabama
https://www.ubereats.com/mobile-al/food-delivery/checkers-3206-dauphin-street/PDHqniDCSs-by2htKxZhHw,mobile-alabama
https://www.ubereats.com/mobile-al/food-delivery/taco-bell-3843-airport-blvd/xnrqbOGaT32SGXuGxTlKiQ,mobile-alabama
https://www.ubereats.com/mobile-al/food-delivery/daruma-japanese-steakhouse/xMhHXPseRsi397fUb4A28Q,mobile-alabama
https://www.ubereats.com/mobile-al/food-delivery/carrabbas-3917-airport-blvd/RUqyCgCwSfqpf9BWYUYdeA,mobile-alabama
https://www.ubereats.com/mobile-al/food-delivery/kfc-2351-st-stephens/ViJg54ayRKyKsYVGf43FjQ,mobile-alabama
https://www.ubereats.com/mobile-al/food-delivery/happy-sushi/8IpOWB32SX6Hi6ZbGxkwnA,mobile-alabama
https://www.ubereats.com/mobile-al/food-delivery/yummy-crab-seafood-restaurant/mlVGGPz5Q7O4dLxC46J50w,mobile-alabama
https://www.ubereats.com/mobile-al/food-delivery/logans-roadhouse-405-3250-airport-blvd/H7cWMzmqSc2EXjvcerFpzg,mobile-alabama
https://www.ubereats.com/mobile-al/food-delivery/jersey-mikes-subs-7449-airport-blvd/OaTfzdaQQqC2_f8H2SECXA,mobile-alabama
https://www.ubereats.com/mobile-al/food-delivery/the-ruby-slipper-cafe-mobile/bcgJlowVSTqVhPqiEBNFKA,mobile-alabama
https://www.ubereats.com/mobile-al/food-delivery/3-flavors/IunDyryxTy-v1B8NP-UK7g,mobile-alabama
https://www.ubereats.com/mobile-al/food-delivery/cinnabon-3299-bel-air-mall/HMk-gPLmQZWoG-raX1C_rw,mobile-alabama
https://www.ubereats.com/mobile-al/food-delivery/barbquing-with-my-honey/OWk8CJzbRNOTsELfXHWVDw,mobile-alabama
https://www.ubereats.com/mobile-al/food-delivery/captain-ds-2520-government-blvd/0_E5drSpRrKW3nBQKHOEJg,mobile-alabama
