url,city
https://www.ubereats.com/pittsburgh/food-delivery/cuddys/MUdXTVL5QJmEZDCF9Fzt4A,monroeville-pennsylvania
https://www.ubereats.com/pittsburgh/food-delivery/subway-4145-william-penn-hwy/C8YPOiaMTZivxuF5-sAi9A,monroeville-pennsylvania
https://www.ubereats.com/pittsburgh/food-delivery/chuck-e-cheese-3800-william-penn-hwy/lgKXRnu6QmGl6c3Mw86xKA,monroeville-pennsylvania
https://www.ubereats.com/pittsburgh/food-delivery/dennys-2701-freeport-rd/r0Bsms4nT7qW7VZB9mjmTw,monroeville-pennsylvania
https://www.ubereats.com/pittsburgh/food-delivery/fun-asian-bistro/GbtEW-NqSTSzAR_yVGdmJQ,monroeville-pennsylvania
https://www.ubereats.com/pittsburgh/food-delivery/applebees-3440-william-penn-highway-%2392030/_ClobKNYSOucR1UE0sUY3Q,monroeville-pennsylvania
https://www.ubereats.com/pittsburgh/food-delivery/anthonys-coal-fired-pizza-monroeville/pB2CYTYKSsi7hqRn4LeW7A,monroeville-pennsylvania
https://www.ubereats.com/pittsburgh/food-delivery/madisons-restaurant/rBZ1hORkSKqqA-PCc88dDQ,monroeville-pennsylvania
https://www.ubereats.com/pittsburgh/food-delivery/grandslam-pizza/m0g2n4OFSeeAwPD_wKKbDQ,monroeville-pennsylvania
https://www.ubereats.com/pittsburgh/food-delivery/bob-evans-98-1-mariner-court/VLkLay-HRpKjVz-U4Kc6Sg,monroeville-pennsylvania
https://www.ubereats.com/pittsburgh/food-delivery/dennys-271-clairton-blvd/u8d0aRLyQc-awUDxvYGGTQ,monroeville-pennsylvania
https://www.ubereats.com/pittsburgh/food-delivery/denunzios-italian-trattoria/jjNKUAhHShCRSP6kY-skGQ,monroeville-pennsylvania
https://www.ubereats.com/pittsburgh/food-delivery/macaron-bar-east-liberty/hMYwksnjRtCR2-AZ9TgElg,monroeville-pennsylvania
https://www.ubereats.com/pittsburgh/food-delivery/hook-fish-%26-chicken-north-versailles/8sZU-txlSr2N9rcaK88cvQ,monroeville-pennsylvania
https://www.ubereats.com/pittsburgh/food-delivery/big-shot-bobs-house-of-wingsmckeesport/XXiJoP4nRk6BBxF7GMnDYA,monroeville-pennsylvania
https://www.ubereats.com/pittsburgh/food-delivery/big-shot-bobs-house-of-wings-penn-township/OYc5TVNoSEWC68JbXhBeRw,monroeville-pennsylvania
https://www.ubereats.com/pittsburgh/food-delivery/arbys-1911-s-braddock-ave/zcdhJoqaStqS7wBA2nbRmQ,monroeville-pennsylvania
https://www.ubereats.com/pittsburgh/food-delivery/caliente-pizza-%26-draft-house-monroeville/VD6pv6HmTyKzmCst2Jew5g,monroeville-pennsylvania
https://www.ubereats.com/pittsburgh/food-delivery/eat-n-park/J-zzVaaBQZOYXT0f-pe6aQ,monroeville-pennsylvania
https://www.ubereats.com/pittsburgh/food-delivery/philly-pretzel-factory-monroeville/L6Nwq0BGR6yXlhYCt3My-w,monroeville-pennsylvania
https://www.ubereats.com/pittsburgh/food-delivery/primanti-brothers-monroeville/SAwdybDyQ1y9KX0mbWD7HQ,monroeville-pennsylvania
https://www.ubereats.com/pittsburgh/food-delivery/dennys-3980-william-penn-highway/_fJOAZYzTweX5RH8GzAjMA,monroeville-pennsylvania
https://www.ubereats.com/pittsburgh/food-delivery/crave-frozen-desserts/CG6Dc5AnTiu97fU6BvEyAg,monroeville-pennsylvania
https://www.ubereats.com/pittsburgh/food-delivery/buffalo-wild-wings-3469-william-penn-highway/S29e_t7lTlKr7pl-DlUK0w,monroeville-pennsylvania
https://www.ubereats.com/pittsburgh/food-delivery/outback-steakhouse-3000-mosside-boulevard/FuN_KFrrQV6Dw7ZPgOMSiw,monroeville-pennsylvania
https://www.ubereats.com/pittsburgh/food-delivery/tgi-fridays-1818-pittsburgh-monroeville-pa/0E4bbB4URSWCRoKsszwEFA,monroeville-pennsylvania
https://www.ubereats.com/pittsburgh/food-delivery/starbucks-penn-center-east/4AhkrvNEQSC-i3yT01Cu7w,monroeville-pennsylvania
https://www.ubereats.com/pittsburgh/food-delivery/taco-bell-2300-ardmore-blvd/mGFhGnM4QV2q0FRqLrZW2Q,monroeville-pennsylvania
https://www.ubereats.com/pittsburgh/food-delivery/westwood-bar-and-grille/PiFTBDNeR_WJwzXOPbQ9vw,monroeville-pennsylvania
https://www.ubereats.com/pittsburgh/food-delivery/alexs-pit-stop/HSi1zsfKRnyFOh3ZGrixuQ,monroeville-pennsylvania
https://www.ubereats.com/pittsburgh/food-delivery/red-lobster-3941-william-penn-highway/XuLBwOVyTLKH90WT7Lng_Q,monroeville-pennsylvania
https://www.ubereats.com/pittsburgh/food-delivery/dads-pub-and-grubnorthern-pike/xfrquX9PT8q9hibVff2uDg,monroeville-pennsylvania
https://www.ubereats.com/pittsburgh/food-delivery/charleys-philly-steaks-monroeville-mall/OzUmNRW8RiCnxJFX-1j3NA,monroeville-pennsylvania
https://www.ubereats.com/pittsburgh/food-delivery/maenam-thai/VeAfNpHjTR6-Q9JVDl372w,monroeville-pennsylvania
https://www.ubereats.com/pittsburgh/food-delivery/crispys-fish-%26-chicken/6H8Jp2fpRsCiAn1enFxMyw,monroeville-pennsylvania
https://www.ubereats.com/pittsburgh/food-delivery/biryani-house-kebob-and-grill/Hj7EncJRRUKhT8K3-kfb7g,monroeville-pennsylvania
https://www.ubereats.com/pittsburgh/food-delivery/burger-king-121-walmart-drive/zdtPK0hdREK8qxAgzTeDpQ,monroeville-pennsylvania
https://www.ubereats.com/pittsburgh/food-delivery/penn-fish-and-chicken/njbiuObKQ0y-kQH11lddyg,monroeville-pennsylvania
https://www.ubereats.com/pittsburgh/food-delivery/royal-caribbean/gbeA2DgAS1KT8X3cSfkgwQ,monroeville-pennsylvania
https://www.ubereats.com/pittsburgh/food-delivery/wendys-5076-william-penn-hwy/ebpWSG-CQMCygIl1lfvg2g,monroeville-pennsylvania
https://www.ubereats.com/pittsburgh/food-delivery/five-guys-pa-0061-1029-freeport-rd/BLW_bowDTi-rrUA2-ntREQ,monroeville-pennsylvania
https://www.ubereats.com/pittsburgh/food-delivery/crazy-mocha-upmc-east/v33upDFFRJOKYlDvlshgkQ,monroeville-pennsylvania
https://www.ubereats.com/pittsburgh/food-delivery/als-fish-and-chicken-duquesne-blvd/mbsngmwmRVKA-B6tybgQsw,monroeville-pennsylvania
https://www.ubereats.com/pittsburgh/food-delivery/dairy-queen-grill-%26-chill-305-greensburg-rd/pvXan5iVRfWl9yd39IXJWg,monroeville-pennsylvania
https://www.ubereats.com/pittsburgh/food-delivery/royal-caribbean/nfs-2UrRRhGEg_P5KxCYoQ,monroeville-pennsylvania
https://www.ubereats.com/pittsburgh/food-delivery/tommygs-pizzeria/FjylCOSjQxqZdMs-SOJCgQ,monroeville-pennsylvania
https://www.ubereats.com/pittsburgh/food-delivery/rogue-bbq/XjLXySXdRsKxS1kGQOQN5w,monroeville-pennsylvania
https://www.ubereats.com/pittsburgh/food-delivery/chipotle-mexican-grill-1027-freeport-rd/oR4NgGcgSpWGViTXdfLQWA,monroeville-pennsylvania
https://www.ubereats.com/pittsburgh/food-delivery/sheetz-325-freeport-street-99/G1eksOBwTV2h1QOeXBOnlw,monroeville-pennsylvania
https://www.ubereats.com/pittsburgh/food-delivery/zen-restaurant-%26-sushi-bar/mQL6iDp4T4GVA37PBKD1aA,monroeville-pennsylvania
https://www.ubereats.com/pittsburgh/food-delivery/homestead-capri-pizza/XJQIHfqYQ9iur8cIuVLBXQ,monroeville-pennsylvania
https://www.ubereats.com/pittsburgh/food-delivery/panera-202312/od0dsi98S_mYGNx8FerQXg,monroeville-pennsylvania
https://www.ubereats.com/pittsburgh/food-delivery/india-garden/vkhxIyRaRlOUYbVO61ZMSg,monroeville-pennsylvania
https://www.ubereats.com/pittsburgh/food-delivery/whats-cookin-at-caseys-oakmont-pa/RcbTvEYPSOS2pKt-dgT3PA,monroeville-pennsylvania
https://www.ubereats.com/pittsburgh/food-delivery/puglianos-italian-grill/cEmbllyWSBOMoS_4HR5x5w,monroeville-pennsylvania
https://www.ubereats.com/pittsburgh/food-delivery/cenacolo-restaurant/YtHe0nf_RBmeqV9cSoAbRA,monroeville-pennsylvania
https://www.ubereats.com/pittsburgh/food-delivery/kings-family-restaurant-monroeville/ksX4hkG5RL2-KUbFQy6pIw,monroeville-pennsylvania
https://www.ubereats.com/pittsburgh/food-delivery/mas-honey/B9U51RE9SuCvp300qtPQqQ,monroeville-pennsylvania
https://www.ubereats.com/pittsburgh/food-delivery/chipotle-mexican-grill-4899-william-penn-hwy/mZ9-X9WJQLu8ndCVW5a-cw,monroeville-pennsylvania
https://www.ubereats.com/pittsburgh/food-delivery/ihop-4656-browns-hill-rd/9-Bo_LvjQHego_nHf-btuA,monroeville-pennsylvania
https://www.ubereats.com/pittsburgh/food-delivery/patron-mexican-fox-chapel/ZQKpwSggR0ai24sJE6xV0A,monroeville-pennsylvania
https://www.ubereats.com/pittsburgh/food-delivery/arbys-1806-route-286/3n_jiRTgStiGFjoWt9d7Ag,monroeville-pennsylvania
https://www.ubereats.com/pittsburgh/food-delivery/dennys-1829-lincoln-highway/8zxXe1XYTcG3EGYRjf121g,monroeville-pennsylvania
https://www.ubereats.com/pittsburgh/food-delivery/cheesecake-caffe/m78lk9ufRoSH-dHjlAWtlg,monroeville-pennsylvania
https://www.ubereats.com/pittsburgh/food-delivery/shogun-japanese-steakhouse/krzMixaaRlygFK6rES0Wzg,monroeville-pennsylvania
https://www.ubereats.com/pittsburgh/food-delivery/dunkin-2525-5th-ave/f6XrwIk0T9-cLvy2QFwbCw,monroeville-pennsylvania
https://www.ubereats.com/pittsburgh/food-delivery/panda-express-4155-william-penn-hwy/GZ_lTloSRoGJnHOIsv4z9w,monroeville-pennsylvania
https://www.ubereats.com/pittsburgh/food-delivery/subway-995-greensburg-pike/CR7_YkF9Tr6qkFPW1xtd8g,monroeville-pennsylvania
https://www.ubereats.com/pittsburgh/food-delivery/tasty-platters-%26-fried-chicken/Hdpid2zVTHeWMNcTORb0xg,monroeville-pennsylvania
https://www.ubereats.com/pittsburgh/food-delivery/back-to-the-foodture/wzKzKIy8T2GXX4YNuXI7Jg,monroeville-pennsylvania
https://www.ubereats.com/pittsburgh/food-delivery/zen-restaurant-sushi-bar/s8zQ59q_SvuDvPZ0qiIeTg,monroeville-pennsylvania
https://www.ubereats.com/pittsburgh/food-delivery/kfc-222-w-8th-ave/_5PAsahcTnythzM6-HqR1A,monroeville-pennsylvania
https://www.ubereats.com/pittsburgh/food-delivery/kfc-509-penn-ave/Lp-1tq-XSjeUH5p7nzKDew,monroeville-pennsylvania
https://www.ubereats.com/pittsburgh/food-delivery/dunkin-7315-saltsburg-rd/9ncTQy-3SQ6V-sGL35W_hg,monroeville-pennsylvania
https://www.ubereats.com/pittsburgh/food-delivery/kfc-278-yost-blvd/TGdOHQ9dTcCVWa9d25jx9A,monroeville-pennsylvania
https://www.ubereats.com/pittsburgh/food-delivery/dunkin-344-rodi-rd/qAGrNrbxQX6FdyOxHFgwew,monroeville-pennsylvania
https://www.ubereats.com/pittsburgh/food-delivery/five-guys-pa-1613-73845-northern-pike/vm_Igst0S9Gz08rXvtZeXA,monroeville-pennsylvania
https://www.ubereats.com/pittsburgh/food-delivery/el-campesino/PYlFBdbRSne7cu7T4WBgkA,monroeville-pennsylvania
https://www.ubereats.com/pittsburgh/food-delivery/el-campesino-homestead/QPmfptgDS52PxUw4IASXCQ,monroeville-pennsylvania
https://www.ubereats.com/pittsburgh/food-delivery/hook-fish-%26-chicken-5th-ave/_9NBOVi8SmazvUk-slHXOA,monroeville-pennsylvania
https://www.ubereats.com/pittsburgh/food-delivery/pasquallys-pizza-%26-wings-3800-william-penn-hwy/SnC-ukUHR7eSkWuX7lJHnQ,monroeville-pennsylvania
https://www.ubereats.com/pittsburgh/food-delivery/panda-express-1028-freeport-rd/tWnjW2WySByacV7nDvq4FQ,monroeville-pennsylvania
https://www.ubereats.com/pittsburgh/food-delivery/mintt-indian-restaurant-monroeville/GSS7J8ySTTWq6Bor-YMqMA,monroeville-pennsylvania
https://www.ubereats.com/pittsburgh/food-delivery/atami-japan/newKucrVTR-rvv9R6PsnuA,monroeville-pennsylvania
https://www.ubereats.com/pittsburgh/food-delivery/wendys-3990-william-penn-highway/K-VvIEPNRQ-O-ejoCABS-Q,monroeville-pennsylvania
https://www.ubereats.com/pittsburgh/food-delivery/edgewood-beer-%26-tobacco/UhVNO8ZKR6G44xwiXP9akQ,monroeville-pennsylvania
https://www.ubereats.com/pittsburgh/food-delivery/mcdonalds-monroeville-2/6CaXoOSkQSSsnw37BHxs3g,monroeville-pennsylvania
https://www.ubereats.com/pittsburgh/food-delivery/sloppy-dogs/_3tetmVwRharwSaYKPp2zw,monroeville-pennsylvania
https://www.ubereats.com/pittsburgh/food-delivery/kfc-640-longrun-road%3B-olympia-ctr/eHMDaTJbSyCd0LtfpfXW3w,monroeville-pennsylvania
https://www.ubereats.com/pittsburgh/food-delivery/burger-king-1901-route-286/WLSoKCIQSYSyBgxJDVJjbg,monroeville-pennsylvania
https://www.ubereats.com/pittsburgh/food-delivery/starbucks-murrysville-rte-22/GbgtUBcFSziDJ66sBD_SLQ,monroeville-pennsylvania
https://www.ubereats.com/pittsburgh/food-delivery/kfc-4400-william-penn-highway/iC8UP3YxRoGjN0Fwp9KL9w,monroeville-pennsylvania
https://www.ubereats.com/pittsburgh/food-delivery/murray-avenue-grill/NotzqZeOTdSzEKgLXpC7kA,monroeville-pennsylvania
https://www.ubereats.com/pittsburgh/food-delivery/kfc-3770-william-penn-hwy/GP88VyDESeSqlfvMAQco_A,monroeville-pennsylvania
https://www.ubereats.com/pittsburgh/food-delivery/smokey-bones-greensburg/IhCY5nY_RvuO173tNJF0-Q,monroeville-pennsylvania
https://www.ubereats.com/pittsburgh/food-delivery/bagel-factory/e0Ci7y2zQ5-6seqcOTOQnw,monroeville-pennsylvania
https://www.ubereats.com/pittsburgh/food-delivery/bob-evans-187-3737-william-penn-highway/8KwE14sVQjuK_Ynq3UQTDg,monroeville-pennsylvania
https://www.ubereats.com/pittsburgh/food-delivery/crabs-r-us/kj4WAz-bSY6PvHcvhLF9eA,monroeville-pennsylvania
https://www.ubereats.com/pittsburgh/food-delivery/el-burro-dos/_urQklIlTJKy3nh8kL7oXA,monroeville-pennsylvania
https://www.ubereats.com/pittsburgh/food-delivery/tasty-n-healthy/J1oIAw8vSX-JVYnm-Orjiw,monroeville-pennsylvania
https://www.ubereats.com/pittsburgh/food-delivery/kfc-745-4th-street/Tuo82RFbQy-faalh_pxa2g,monroeville-pennsylvania
https://www.ubereats.com/pittsburgh/food-delivery/vocelli-pizza-11745-frankstown-road/-Ee6jwx2TsC3FBLBLdYJ4w,monroeville-pennsylvania
https://www.ubereats.com/pittsburgh/food-delivery/steel-city-breakfast/RsQWVPzRR72fBZKKGlg7Iw,monroeville-pennsylvania
https://www.ubereats.com/pittsburgh/food-delivery/bob-evans-77-8989-route-30/lszBJM84RVyGQ59HWa1QaA,monroeville-pennsylvania
https://www.ubereats.com/pittsburgh/food-delivery/merlinos-pizza/OYyvOjvbTw6UcotaLb3f5g,monroeville-pennsylvania
https://www.ubereats.com/pittsburgh/food-delivery/burgatory-blue-spruce/iC2NHWQ9Q-KqIRQ4G3Bemw,monroeville-pennsylvania
https://www.ubereats.com/pittsburgh/food-delivery/big-shot-bobs-house-of-wings/ab4GnGEQQj-exgzQGXRjZw,monroeville-pennsylvania
https://www.ubereats.com/pittsburgh/food-delivery/dunkin-1803-golden-mile-highway/Qsj7KtrnRPyKB41yxDSwfw,monroeville-pennsylvania
https://www.ubereats.com/pittsburgh/food-delivery/dairy-queen-grill-%26-chill-3986-william-penn-hwy/yAvIkVfwQJC3MlGkg9hPLw,monroeville-pennsylvania
https://www.ubereats.com/pittsburgh/food-delivery/papa-johns-pizza-frankstown/_rNZ7lNZRsOLZuJ4_B1R7A,monroeville-pennsylvania
https://www.ubereats.com/pittsburgh/food-delivery/vocelli-pizza-231-commercial-avenue/vTI85AvjQAyqyKoN7sSXig,monroeville-pennsylvania
https://www.ubereats.com/pittsburgh/food-delivery/house-of-soul-carryout-catering/SIiCZON3Q9eM-owmPHUSFw,monroeville-pennsylvania
https://www.ubereats.com/pittsburgh/food-delivery/primanti-bros-6-anchor-dr/oaTx6cnwSs6q5GFtHWNe2Q,monroeville-pennsylvania
https://www.ubereats.com/pittsburgh/food-delivery/india-on-wheels/Rkza_OqtSs-OeSSgEPOieA,monroeville-pennsylvania
https://www.ubereats.com/pittsburgh/food-delivery/7101-lounge/Z78Zqn8PScmlSIQd0UVYWg,monroeville-pennsylvania
https://www.ubereats.com/pittsburgh/food-delivery/the-grind/EMUPZGYZTlm8SeGtVWw8qw,monroeville-pennsylvania
https://www.ubereats.com/pittsburgh/food-delivery/dairy-queen-treat-3900-golden-mile-hwy/NMyG3wYSQNKJ6gWMhZOhTw,monroeville-pennsylvania
https://www.ubereats.com/pittsburgh/food-delivery/maldinis-pizza/J6tGuZzgThmKS68htUBhrg,monroeville-pennsylvania
https://www.ubereats.com/pittsburgh/food-delivery/pittzarella/VInC9_JfRTSp7DdA-O_E5Q,monroeville-pennsylvania
https://www.ubereats.com/pittsburgh/food-delivery/zoup!-1137-freeport-rd/xzYKSoG5ToKYRcS7ldrl8Q,monroeville-pennsylvania
https://www.ubereats.com/pittsburgh/food-delivery/five-guys-pa-1343-8957-rt-30/dYwFPxqNT02yIEfTX1-puQ,monroeville-pennsylvania
https://www.ubereats.com/pittsburgh/food-delivery/forks-%26-knives-bistro/QzFZPjtaTbOqi6bmQygjPA,monroeville-pennsylvania
https://www.ubereats.com/pittsburgh/food-delivery/long-john-silvers-300-rodi-road/ropOerNjSby8oh5MoS2gCA,monroeville-pennsylvania
https://www.ubereats.com/pittsburgh/food-delivery/combo-kitchen/TGI7F009RECvBBMc_CLGdw,monroeville-pennsylvania
https://www.ubereats.com/pittsburgh/food-delivery/vocelli-pizza-326-mall-plaza-blvd/wpymtMIeRpKQRJZk4QzJSQ,monroeville-pennsylvania
https://www.ubereats.com/pittsburgh/food-delivery/rallys-11749-frankstown-road/ku_f_Bm1Qqukn1_3ZN1Y_Q,monroeville-pennsylvania
https://www.ubereats.com/pittsburgh/food-delivery/portogallo-peppers-nat/_GeJUDp0Tri363h4HeZNuw,monroeville-pennsylvania
https://www.ubereats.com/pittsburgh/food-delivery/first-watch-murrysville/jXw1bnBRTHyXuPOc9dO6-g,monroeville-pennsylvania
https://www.ubereats.com/pittsburgh/food-delivery/starbucks-william-penn-%26-mcmasters/T3NZUDt6RbOwm_BBWd-1Kg,monroeville-pennsylvania
https://www.ubereats.com/pittsburgh/food-delivery/kfc-9390-route-30/JqL_mhkWT8q-gBKPG_MCJw,monroeville-pennsylvania
https://www.ubereats.com/pittsburgh/food-delivery/taco-bell-212-rodi-road/kAIyz7g_R_uYXu921zsn9Q,monroeville-pennsylvania
https://www.ubereats.com/pittsburgh/food-delivery/new-york-super-subs-squirrel-hill/yyjpwLCNSZaAwWr5zVvDLA,monroeville-pennsylvania
https://www.ubereats.com/pittsburgh/food-delivery/mcdonalds-monroeville/CfJPRjUQTvmxqmypV5npvQ,monroeville-pennsylvania
https://www.ubereats.com/pittsburgh/food-delivery/wendys-2396-golden-mile-highway/dgh3F072R-OfjvSi2HpqRQ,monroeville-pennsylvania
https://www.ubereats.com/pittsburgh/food-delivery/istanbul-grille/WtukBv27STKSn_uog2PSFA,monroeville-pennsylvania
https://www.ubereats.com/pittsburgh/food-delivery/honey-baked-ham-4025-william-penn-hwy/Yyd5jhaDQym7WCqA5UM08w,monroeville-pennsylvania
https://www.ubereats.com/pittsburgh/food-delivery/dennys-2200-lebanon-church-road/dc-8fKsHTZmFdDxNjC2IsQ,monroeville-pennsylvania
https://www.ubereats.com/pittsburgh/food-delivery/kfc-210-rodi-rd/h7CDt1j5QQydf_7mqgoLqQ,monroeville-pennsylvania
https://www.ubereats.com/pittsburgh/food-delivery/subway-1750-greensburg-pike/OYo0_NHQTMWJUpr8c0LMiA,monroeville-pennsylvania
https://www.ubereats.com/pittsburgh/food-delivery/mcdonalds-penn-hills-2/J6Km2pOPSAuufCNmWa2TtA,monroeville-pennsylvania
https://www.ubereats.com/pittsburgh/food-delivery/new-york-super-subs/BVMX5uJaS2eTk_b43j_ofw,monroeville-pennsylvania
https://www.ubereats.com/pittsburgh/food-delivery/mulligans-sports-bar-and-grille/JEApfqK8RGuds7ifTzePCg,monroeville-pennsylvania
https://www.ubereats.com/pittsburgh/food-delivery/ham-n-eggers-diner/PgsIdz2cQiiRO_WCZ9jpwQ,monroeville-pennsylvania
https://www.ubereats.com/pittsburgh/food-delivery/kings-family-950-presque-isle-drive/maTBNbSWTV6ZY82QHvzM0g,monroeville-pennsylvania
https://www.ubereats.com/pittsburgh/food-delivery/popeyes-3420-william-penn-hwy/eN6NEnYyR_yCi-GYtIi0OQ,monroeville-pennsylvania
https://www.ubereats.com/pittsburgh/food-delivery/blaze-pizza-3939-william-penn-hwy/8kuG1xD3QTq7Y0pkxMqviw,monroeville-pennsylvania
https://www.ubereats.com/pittsburgh/food-delivery/simmies-restaurant-and-lounge/8B8OoyZhTWi7VFCnI-LTng,monroeville-pennsylvania
https://www.ubereats.com/pittsburgh/food-delivery/iceburghs-bistro/s0WOP9d1TN2UWP-0Ein5tA,monroeville-pennsylvania
https://www.ubereats.com/pittsburgh/food-delivery/applebees-977-magill-drive-%2377014/lFtFdVQIQfyz12AUnGRBIw,monroeville-pennsylvania
https://www.ubereats.com/pittsburgh/food-delivery/vocelli-pizza-2011-waverly-avenue/yRYZTDefSO-IHagdqJn0SQ,monroeville-pennsylvania
https://www.ubereats.com/pittsburgh/food-delivery/napoli-pizzeria/UU46EXOCQvKkEHRay61Aug,monroeville-pennsylvania
https://www.ubereats.com/pittsburgh/food-delivery/foxs-pizza-den-104-church-st/IE_MO_TRTNWSnv1oDRvCJw,monroeville-pennsylvania
https://www.ubereats.com/pittsburgh/food-delivery/mcdonalds-1865-new-texas-rd/bhMxCzRCRkONY4Zidl5oww,monroeville-pennsylvania
https://www.ubereats.com/pittsburgh/food-delivery/ts-restaurant-and-lounge/mJTBmkGVTwaednxEnpn_vg,monroeville-pennsylvania
https://www.ubereats.com/pittsburgh/food-delivery/mckeesport-fish-and-chicken/OotZPT-KRfukGr0i5U-vXA,monroeville-pennsylvania
https://www.ubereats.com/pittsburgh/food-delivery/ragtime/DNynlLpRRWqudwnkzW2JJw,monroeville-pennsylvania
https://www.ubereats.com/pittsburgh/food-delivery/hanini-subs-franklin-ave/THz6needT92E6VIPEGOIBA,monroeville-pennsylvania
https://www.ubereats.com/pittsburgh/food-delivery/papa-johns-351-hoffman-blvd-unit-3/Cwsh4r2iSMi7NHI0ZGBW5Q,monroeville-pennsylvania
https://www.ubereats.com/pittsburgh/food-delivery/mcdonalds-penn-hills/jrfPBHXqRiGLtneea9ofUQ,monroeville-pennsylvania
https://www.ubereats.com/pittsburgh/food-delivery/cornbread/MFtUrXD8SYiRIU8SnckbpA,monroeville-pennsylvania
https://www.ubereats.com/pittsburgh/food-delivery/thai-terrace/ZPFzLV-3T8S-AYUjeEAjBQ,monroeville-pennsylvania
https://www.ubereats.com/pittsburgh/food-delivery/taco-bell-4032-william-penn-hwy/VtAblrQxRPGgoH6dXTEejA,monroeville-pennsylvania
https://www.ubereats.com/pittsburgh/food-delivery/hook-fish-%26-chicken-penn-hills/8tEJoRNNSpiN8hqaHTJ3zA,monroeville-pennsylvania
https://www.ubereats.com/pittsburgh/food-delivery/dunkin-3980-william-penn-hwy/vA4V0I7qQVOl14mBOBd73g,monroeville-pennsylvania
https://www.ubereats.com/pittsburgh/food-delivery/arbys-9242-route-30/4mX7TEnoRCi6qyiiJGabXw,monroeville-pennsylvania
https://www.ubereats.com/pittsburgh/food-delivery/capri-pizzeria-%26-bar/2F9_XoQDQjmfm4UqTOoiIg,monroeville-pennsylvania
https://www.ubereats.com/pittsburgh/food-delivery/shumans-homewood/JdMTXYbqRVeLHPRFVIQhhQ,monroeville-pennsylvania
https://www.ubereats.com/pittsburgh/food-delivery/pizza-di-roma/vgfx_zCISsWAKoGhDTsYSQ,monroeville-pennsylvania
https://www.ubereats.com/pittsburgh/food-delivery/patron-mexican-grill-monroeville/-ep6pnX8RAWkZjD-ZAbEQQ,monroeville-pennsylvania
https://www.ubereats.com/pittsburgh/food-delivery/chipotle-mexican-grill-4137-william-penn-hwy/sT8okTsCSdyw4XM3nMA2OA,monroeville-pennsylvania
https://www.ubereats.com/pittsburgh/food-delivery/pasquales-pizzeria/YJfj1V3jQeeiJe5dJb0V0A,monroeville-pennsylvania
https://www.ubereats.com/pittsburgh/food-delivery/johnnys-wifes-place/rR6CuHSUSDakyjBpAYoeWw,monroeville-pennsylvania
https://www.ubereats.com/pittsburgh/food-delivery/panera-202303/DMA0gsdHToCblwg3tJm5Ig,monroeville-pennsylvania
https://www.ubereats.com/pittsburgh/food-delivery/wendys-1703-s-braddock-ave/wuEfBr5gTSyFzV8DpE72FQ,monroeville-pennsylvania
https://www.ubereats.com/pittsburgh/food-delivery/wood-%26-penn-restaurant/2I7x62ALSAaRzBNiyoGV1g,monroeville-pennsylvania
https://www.ubereats.com/pittsburgh/food-delivery/vocelli-pizza-4235-murray-ave/6G37JOwGTqaz2l48W035oA,monroeville-pennsylvania
https://www.ubereats.com/pittsburgh/food-delivery/burger-king-4490-broadway-boulevard/cR8Eolg5TsqEzoHCVU0IkQ,monroeville-pennsylvania
https://www.ubereats.com/pittsburgh/food-delivery/burgatory-waterworks-mall/Gn1fPKYuRGCXQT0Kk9J2fg,monroeville-pennsylvania
https://www.ubereats.com/pittsburgh/food-delivery/sincerely-yogurt-2740-stroschein-rd/ibKInHNHTa6jgvvb2Cz1ww,monroeville-pennsylvania
https://www.ubereats.com/pittsburgh/food-delivery/wendys-208-rodi-road/kU9ulAo7T5KMbVSr5tvD7Q,monroeville-pennsylvania
https://www.ubereats.com/pittsburgh/food-delivery/thespotetc/qaYs2P2dRSemVTJelvHADg,monroeville-pennsylvania
https://www.ubereats.com/pittsburgh/food-delivery/dunkin-2065-ardmore-blvd/cUUJaahcRS6NZl3RyEIdUw,monroeville-pennsylvania
https://www.ubereats.com/pittsburgh/food-delivery/pak-halal-food/MHfavGJWRNiY6xsMlixbJg,monroeville-pennsylvania
https://www.ubereats.com/pittsburgh/food-delivery/vickeys-soul-grill-takeout/M3Qame4AQq6uFDOSMHqJ6A,monroeville-pennsylvania
https://www.ubereats.com/pittsburgh/food-delivery/nrgize-lifestyle-cafe/LxOMhxGeQKeEPLDsTwXOeQ,monroeville-pennsylvania
https://www.ubereats.com/pittsburgh/food-delivery/bangkok-balcony/-d8LjweOSyWLZXDBsbjTGA,monroeville-pennsylvania
https://www.ubereats.com/pittsburgh/food-delivery/primanti-brothers-n-versailles/OZvtX65-TPmXK_eDc2LK4w,monroeville-pennsylvania
https://www.ubereats.com/pittsburgh/food-delivery/tooktook98/_KjNrtBbSD6aTAsHBJdp8g,monroeville-pennsylvania
https://www.ubereats.com/pittsburgh/food-delivery/primanti-brothers-waterfront-e-bridge-st/T2RkSfQTSDKJsxe8T5qmsw,monroeville-pennsylvania
https://www.ubereats.com/pittsburgh/food-delivery/thai-cottage/dn9EMwRoQvmPpMQxf7g6FQ,monroeville-pennsylvania
https://www.ubereats.com/pittsburgh/food-delivery/subway-2020-ardmore-blvd/f8M_YxuSS4-UU3BkPkcuoQ,monroeville-pennsylvania
https://www.ubereats.com/pittsburgh/food-delivery/wendys-351-lincoln-highway/gmPcQNzkTHeKq1RUKNKOmQ,monroeville-pennsylvania
https://www.ubereats.com/pittsburgh/food-delivery/subway-3446-william-penn-hwy/1cMbx0VIRye2EE---mn-_w,monroeville-pennsylvania
https://www.ubereats.com/pittsburgh/food-delivery/pizza-palermo-penn-hills/JjKDQT00SYiOjWBJv-oedg,monroeville-pennsylvania
https://www.ubereats.com/pittsburgh/food-delivery/arbys-6105-saltsburg-rd/rAvDKAxXSOCODVcm0Yfo9g,monroeville-pennsylvania
https://www.ubereats.com/pittsburgh/food-delivery/kfc-1-harmar-landing-drive/DxI6PwkjRPuWXcaW8A197w,monroeville-pennsylvania
https://www.ubereats.com/pittsburgh/food-delivery/walnut-grill-fox-chapel/Njjc_J4ZT6yn8quLxYnbzQ,monroeville-pennsylvania
https://www.ubereats.com/pittsburgh/food-delivery/dads-pub-and-grubbrinton/57dRNcuRSQKTIu41unI0Xw,monroeville-pennsylvania
https://www.ubereats.com/pittsburgh/food-delivery/buffalo-wild-wings-6215-state-route-30/O-2KHFNlSBuC9daydzwbog,monroeville-pennsylvania
https://www.ubereats.com/pittsburgh/food-delivery/big-shot-bobs-house-of-wings-white-oak/1yzKa7vHTbC9O2JALzckXw,monroeville-pennsylvania
https://www.ubereats.com/pittsburgh/food-delivery/vocelli-pizza-1786-golden-mile-highway/YjlGd1ViT5eeFqxeWUVz3A,monroeville-pennsylvania
https://www.ubereats.com/pittsburgh/food-delivery/sichuan-palace/xVOor8IeRsixrotavBAGmg,monroeville-pennsylvania
