url,city
https://www.ubereats.com/pittsburgh/food-delivery/golden-corral-900-park-manor-blvd/9NJXWb11QwOkoAFlH1ctmg,moon-pennsylvania
https://www.ubereats.com/pittsburgh/food-delivery/true-pizzeria-%26-lounge/ztnc-iBKSk2NAA33g-wIIQ,moon-pennsylvania
https://www.ubereats.com/pittsburgh/food-delivery/starbucks-esmark-center-sewickley/Ds0edbP0SyqKTlyBeYmDAA,moon-pennsylvania
https://www.ubereats.com/pittsburgh/food-delivery/fresh-healthy-cafe-1000-robinson-centre-drive/hGnLY1dlSd2voOuFRrAvCQ,moon-pennsylvania
https://www.ubereats.com/pittsburgh/food-delivery/pza-pittsburgh-rtc/jfpcjOw8QfWvjkK8LZe5dA,moon-pennsylvania
https://www.ubereats.com/pittsburgh/food-delivery/charleys-philly-steaks-100-robinson-center/fTMBsv-uSqC23eLw3SbDNA,moon-pennsylvania
https://www.ubereats.com/pittsburgh/food-delivery/burger-king-105-ohio-river-boulevard/NRtpwbTxQMa8HcZIx13kRA,moon-pennsylvania
https://www.ubereats.com/pittsburgh/food-delivery/naturoll-creamery/O2S-SVm3QiaSYbH_zIirNg,moon-pennsylvania
https://www.ubereats.com/pittsburgh/food-delivery/wing-squad-pittsburgh-rtc/nLz6bR2MRYW836pcUg1Fdg,moon-pennsylvania
https://www.ubereats.com/pittsburgh/food-delivery/arbys-2605-brodhead-rd/j4E_r7WATxuTBLnJ-3ofWg,moon-pennsylvania
https://www.ubereats.com/pittsburgh/food-delivery/red-robin-472-1230-settlers-ridge-center-dr/3JJoCs-sQIWgFnVuNW7RzA,moon-pennsylvania
https://www.ubereats.com/pittsburgh/food-delivery/wahlburgers-pittsburgh-northway/OavoXDGRSyiuhsvkklLCGg,moon-pennsylvania
https://www.ubereats.com/pittsburgh/food-delivery/starbucks-robinson-town-centre/0R3JG-JeQIOP6w8_7CZ3Rw,moon-pennsylvania
https://www.ubereats.com/pittsburgh/food-delivery/auntie-annes-4734-fc-9-100-robinson-ctr-dr/P5Et5HwVQ0GP2gWVB673fg,moon-pennsylvania
https://www.ubereats.com/pittsburgh/food-delivery/carmodys-grille/pOm7DbiBQ0yvnE_Rj7W3Ew,moon-pennsylvania
https://www.ubereats.com/pittsburgh/food-delivery/anthonys-coal-fired-pizza-settlers-ridge/Y2Elt7TxQNabrd2cm7K6AA,moon-pennsylvania
https://www.ubereats.com/pittsburgh/food-delivery/the-hangar/CvOCYodoTA-btSP_xs16-Q,moon-pennsylvania
https://www.ubereats.com/pittsburgh/food-delivery/cadillac-ranch-1060-settlers-ridge-center-drive/RMZ5CiEORMG_KrCyuY0diA,moon-pennsylvania
https://www.ubereats.com/pittsburgh/food-delivery/walnut-grill-robinson/XC395hbnR3ynZo5th3yKXg,moon-pennsylvania
https://www.ubereats.com/pittsburgh/food-delivery/subway-10-village-dr/NNarsDDcS6i-Bs1HH2CobQ,moon-pennsylvania
https://www.ubereats.com/pittsburgh/food-delivery/piada-northway/8eQkeVQzScSP4f3lLtpC0A,moon-pennsylvania
https://www.ubereats.com/pittsburgh/food-delivery/ihop-1002-sutherland-dr/IkLwQ3RfQIqNQ_t1usAKgQ,moon-pennsylvania
https://www.ubereats.com/pittsburgh/food-delivery/zoup!-1945-park-manor-blvd/-9sBNUJ2ThOjFcAr_gT35g,moon-pennsylvania
https://www.ubereats.com/pittsburgh/food-delivery/jersey-mikes-subs-6508-steubenville-pike/OqxWA1iITVuVmdLh2cAgwg,moon-pennsylvania
https://www.ubereats.com/pittsburgh/food-delivery/primanti-brothers-steubenville-pike-robinson/cwboc2z-TJec5J9YwBfciA,moon-pennsylvania
https://www.ubereats.com/pittsburgh/food-delivery/sushi-bomb/b6FzPLZtSjGEkxwkTfXQmw,moon-pennsylvania
https://www.ubereats.com/pittsburgh/food-delivery/dibellas-old-fashioned-submarines-6501-steubenville-pike/J3LmeMB0RDmLl6vjCB1BnA,moon-pennsylvania
https://www.ubereats.com/pittsburgh/food-delivery/pizza-forever/F-5yAW0vTrawFL2k-KCy2w,moon-pennsylvania
https://www.ubereats.com/pittsburgh/food-delivery/firehouse-subs-320-mcholme-drive/16m57hcTRg2gCACH_zkSdQ,moon-pennsylvania
https://www.ubereats.com/pittsburgh/food-delivery/blaze-pizza-8011-b-mcknight-rd/vUbATTnwSWqA84AOQYzt1g,moon-pennsylvania
https://www.ubereats.com/pittsburgh/food-delivery/subway-427-5th-ave/xpQNawkoRoeUiZFxmZypaw,moon-pennsylvania
https://www.ubereats.com/pittsburgh/food-delivery/nachos-mexican-grill-ajbambinollc/tbCUDbfGQ8qWGB2VdZK7rQ,moon-pennsylvania
https://www.ubereats.com/pittsburgh/food-delivery/mcdonalds-coraopolis/1anEFMaXRu-nNrEl3irCMQ,moon-pennsylvania
https://www.ubereats.com/pittsburgh/food-delivery/dive-bar-%26-grille-wexford/TP5GrTHnS0uJB4nrIWaeyw,moon-pennsylvania
https://www.ubereats.com/pittsburgh/food-delivery/subway-5990-university-blvd/GsyoYEqqR2Sk5Og71Vc3Eg,moon-pennsylvania
https://www.ubereats.com/pittsburgh/food-delivery/dunkin-781-aten-rd/x4DZPgHGTW66YuLzdEIuzg,moon-pennsylvania
https://www.ubereats.com/pittsburgh/food-delivery/wendys-8703-university-blvd/XyDYkNcISNy-aiEDqTHGng,moon-pennsylvania
https://www.ubereats.com/pittsburgh/food-delivery/fireside-inn/smWL1ai-S82YKBn0dQDpHg,moon-pennsylvania
https://www.ubereats.com/pittsburgh/food-delivery/first-watch-settlers-ridge/c-N43aRGTr-ix1UvKuFkdA,moon-pennsylvania
https://www.ubereats.com/pittsburgh/food-delivery/annie-lees-southern-kitchen/lFfhZcRuSD6yKCYdABQ6QQ,moon-pennsylvania
https://www.ubereats.com/pittsburgh/food-delivery/breakfast-shoppe/PLf_XCNkQ3GZ0sYqjfZk4w,moon-pennsylvania
https://www.ubereats.com/pittsburgh/food-delivery/dairy-queen-treat-the-mall-at-robinson-100/oQ7BeaZ2SZWGAGr5iCXb4A,moon-pennsylvania
https://www.ubereats.com/pittsburgh/food-delivery/arbys-6192-steubenville-pike/zVVPve-LSaGTR_PcFhl9Dw,moon-pennsylvania
https://www.ubereats.com/pittsburgh/food-delivery/kfc-6901-university-boulevard/5H-VNuX1SWO0uI7LyY2KqA,moon-pennsylvania
https://www.ubereats.com/pittsburgh/food-delivery/starbucks-beaver-street-sewickley/id_q43hnTBG4XA2Y5qhQFw,moon-pennsylvania
https://www.ubereats.com/pittsburgh/food-delivery/pap-n-nans/6MjnKLfbSEmQEyoQ6xsFHQ,moon-pennsylvania
https://www.ubereats.com/pittsburgh/food-delivery/wahlburgers-pittsburgh-robinson/qAOLymNxTlKuiQ1TctrUSA,moon-pennsylvania
https://www.ubereats.com/pittsburgh/food-delivery/pizza-cardello-inc/hyKCNEg7SmKjWWZKIouFvA,moon-pennsylvania
https://www.ubereats.com/pittsburgh/food-delivery/burgatory-the-pointe/E_DRIguuTKaXLZuxD3w90Q,moon-pennsylvania
https://www.ubereats.com/pittsburgh/food-delivery/burger-king-5940-university-blvd/JzteV4LJSsKYrkP0S95zGA,moon-pennsylvania
https://www.ubereats.com/pittsburgh/food-delivery/pgh-ghost-one-take-out-delivery/AsHNlTykRlqW5rdOC1cbKw,moon-pennsylvania
https://www.ubereats.com/pittsburgh/food-delivery/primanti-bros-8651-university-blvd/gOBr9UUnTneMjvgNvGn0vA,moon-pennsylvania
https://www.ubereats.com/pittsburgh/food-delivery/nakama-japanese-steak-house-perry-highway/wagq06cfS0qwQ9kd-ir0Wg,moon-pennsylvania
https://www.ubereats.com/pittsburgh/food-delivery/buca-di-beppo-pittsburgh-rtc/5J82jeCuSrGMWAXGwp2BFw,moon-pennsylvania
https://www.ubereats.com/pittsburgh/food-delivery/vocelli-pizza-935-beaver-grade-road/QW35cu5fR6ipB__-SAdBaQ,moon-pennsylvania
https://www.ubereats.com/pittsburgh/food-delivery/taco-bell-121-costco-drive/8NYWQtzKTNij01x2YL-7SA,moon-pennsylvania
https://www.ubereats.com/pittsburgh/food-delivery/house-of-lee/UsqypDnURMalDMxPd96Rtw,moon-pennsylvania
https://www.ubereats.com/pittsburgh/food-delivery/kfc-taco-bell-6190-steubenville-pike/ChmzzJhGRqeWVNDf8T4cjQ,moon-pennsylvania
https://www.ubereats.com/pittsburgh/food-delivery/vocelli-pizza-5644-steubenville-pike/2o5wpSCEQ1uN0XOCR80bhA,moon-pennsylvania
https://www.ubereats.com/pittsburgh/food-delivery/plaza-azteca-pittsburgh/l9-XbnQhSPe09dPfHkwOIA,moon-pennsylvania
https://www.ubereats.com/pittsburgh/food-delivery/outback-steakhouse-1400-marketplace-boulevard/awDtqNcoTEuXXLxhoSNStw,moon-pennsylvania
https://www.ubereats.com/pittsburgh/food-delivery/angelias-pizza/KznlLTWnQza1Q8MS71kmvg,moon-pennsylvania
https://www.ubereats.com/pittsburgh/food-delivery/choolaah-indian-bbq-robinson/UKaGItsiRm2DVho_0xbxZw,moon-pennsylvania
https://www.ubereats.com/pittsburgh/food-delivery/wendys-2719-brodhead-rd/NqqYH_0ZRumODvz2TMTV8g,moon-pennsylvania
https://www.ubereats.com/pittsburgh/food-delivery/chutneys-indian-veg-kitchen/xSpd0YOnSk2FrLoT1Hs7gg,moon-pennsylvania
https://www.ubereats.com/pittsburgh/food-delivery/joe-%26-pie-moon-township/ITl23hzUSQG6yCEZ9JdABA,moon-pennsylvania
https://www.ubereats.com/pittsburgh/food-delivery/bravo-211-summit-park-dr/60fzCEisQISdIyopEWNT4w,moon-pennsylvania
https://www.ubereats.com/pittsburgh/food-delivery/crazy-mocha-sewickley/KdahbkfrRkSld2xr4r_ZNA,moon-pennsylvania
https://www.ubereats.com/pittsburgh/food-delivery/panda-express-202-robinson-center-dr/8pp9ywt6Qdig6Q1mZFL3AQ,moon-pennsylvania
https://www.ubereats.com/pittsburgh/food-delivery/red-lobster-6150-robinson-center-drive/4xRReqgLQm6Nz_pFMcnZVg,moon-pennsylvania
https://www.ubereats.com/pittsburgh/food-delivery/buffalo-wild-wings-480-home-dr/WWyjXU81Q_uOYSWIGl-GHg,moon-pennsylvania
https://www.ubereats.com/pittsburgh/food-delivery/vocelli-pizza-422-walnut-street/fgi3nHtsSjuXki-mvBwZNA,moon-pennsylvania
https://www.ubereats.com/pittsburgh/food-delivery/subway-1136-thorn-run-ext/KWobPKLkRceEM2Hg-9SMTg,moon-pennsylvania
https://www.ubereats.com/pittsburgh/food-delivery/house-of-1000-beers/KmoHePRuSWKiG-iL18Htjw,moon-pennsylvania
https://www.ubereats.com/pittsburgh/food-delivery/wendys-9-quaker-village-shopping-ctr/qJPyu72uS2O-YgP5ftAbbQ,moon-pennsylvania
https://www.ubereats.com/pittsburgh/food-delivery/wendys-6296-steubenville-pk/-TbtR59FREWslb8mlB7Xsg,moon-pennsylvania
https://www.ubereats.com/pittsburgh/food-delivery/rupes-roadhouse/XEywJeD_RC-tQtr-SPCS6Q,moon-pennsylvania
https://www.ubereats.com/pittsburgh/food-delivery/peppercinis-italian-restaurant-and-lounge/Vwwv06rhQbC9GK6FB0IAZw,moon-pennsylvania
https://www.ubereats.com/pittsburgh/food-delivery/lowkey-taco/2qbWlatmTXeaDAd-RdRsVA,moon-pennsylvania
https://www.ubereats.com/pittsburgh/food-delivery/fudge-farm-ambridge/YIgjgO_gSlKR_8hyTQJibg,moon-pennsylvania
https://www.ubereats.com/pittsburgh/food-delivery/jailhouse-saloon/952VLUycTQOPIorcYJDPlA,moon-pennsylvania
https://www.ubereats.com/pittsburgh/food-delivery/applebees-6570-rt60-steubenville-pike-%2396006/_zKg-V8dR8KZ57AEWJNH3Q,moon-pennsylvania
https://www.ubereats.com/pittsburgh/food-delivery/cold-stone-creamery-6509-robinson-center-dr/A0EL4aqHQRGdwE-F3svc7g,moon-pennsylvania
https://www.ubereats.com/pittsburgh/food-delivery/starbucks-moon-township/3vtuBagNSfGvIoUvYsQ8xg,moon-pennsylvania
https://www.ubereats.com/pittsburgh/food-delivery/tropical-smoothie-cafe-9898-university-boulevard/b3kr9l9yRUOLrAUEAVqLPQ,moon-pennsylvania
https://www.ubereats.com/pittsburgh/food-delivery/rossis-market/4ytJsH03S3CbYvYs0It2eA,moon-pennsylvania
https://www.ubereats.com/pittsburgh/food-delivery/pf-changs-1600-settlers-ridge-centers-dr/-iZW4jTkS3OTzRCWncJeiA,moon-pennsylvania
https://www.ubereats.com/pittsburgh/food-delivery/papa-johns-pizza-bellevue/wWTGLp2iTrOUy-stD51iQA,moon-pennsylvania
https://www.ubereats.com/pittsburgh/food-delivery/chipotle-mexican-grill-310-mcholme-dr/aruJ_03dSLio3OQ2eKtzpA,moon-pennsylvania
https://www.ubereats.com/pittsburgh/food-delivery/peace-love-%26-little-donuts-robinson/s6JnC4bORD6gWZ9GkISYlQ,moon-pennsylvania
https://www.ubereats.com/pittsburgh/food-delivery/niccos-pizza/laTnVz_GRyy0ICzFPh2mIQ,moon-pennsylvania
https://www.ubereats.com/pittsburgh/food-delivery/arbys-9100-university-blvd/zgmyXhaWQhCOBv-7W90NAw,moon-pennsylvania
https://www.ubereats.com/pittsburgh/food-delivery/dunkin-830-beaver-grade-rd/0vQ7KeHkR_uTmfvLb1QZlw,moon-pennsylvania
https://www.ubereats.com/pittsburgh/food-delivery/ya-fei-chinese-cuisine/CwnpysoZQQuA6_7Yb7ke6g,moon-pennsylvania
https://www.ubereats.com/pittsburgh/food-delivery/quaker-steak-%26-lube-110-andrew-dr/L1A6XDOAQEW0Q3MO6x0Fmw,moon-pennsylvania
https://www.ubereats.com/pittsburgh/food-delivery/cracker-barrel-old-country-store-200-davis-blvd/np2sMB2GQUCTS-c9R-TKKQ,moon-pennsylvania
https://www.ubereats.com/pittsburgh/food-delivery/tick-tock-bar-%26-cafe/awNMtzxvTH2C4lN_y_j2eg,moon-pennsylvania
https://www.ubereats.com/pittsburgh/food-delivery/bob-evans-109-8405-university-boulevard/Owr28DgrQS6fFw_nay37WQ,moon-pennsylvania
https://www.ubereats.com/pittsburgh/food-delivery/panera-9898-university-blvd/KDYUWXSgQ9CjIqvuuyuuGQ,moon-pennsylvania
https://www.ubereats.com/pittsburgh/food-delivery/la-felice-pizza/Olk19s2-RtGnM2mhdRsm9A,moon-pennsylvania
https://www.ubereats.com/pittsburgh/food-delivery/mcdonalds-moon/oWuU--uIS5KAEB2ePWYk5w,moon-pennsylvania
https://www.ubereats.com/pittsburgh/food-delivery/back-burner/UyHz_zjtSDequU7TaH8gqw,moon-pennsylvania
https://www.ubereats.com/pittsburgh/food-delivery/el-campesino-robinson/-vkvGFSrR367ns4PF27XMQ,moon-pennsylvania
https://www.ubereats.com/pittsburgh/food-delivery/ajbambino-pizzeria/KBOJQzR0QMSuf9l5lqXoSA,moon-pennsylvania
https://www.ubereats.com/pittsburgh/food-delivery/papa-johns-2671-broadhead-rd/Eb1rp8hYRrGGg4jl7msQPA,moon-pennsylvania
https://www.ubereats.com/pittsburgh/food-delivery/the-yard-gastropub-north-fayette-robinson/WY0I_97WRvG7podOROtlBw,moon-pennsylvania
https://www.ubereats.com/pittsburgh/food-delivery/casa-amigos/VOTqpJvXT-u-w21GzvDG_w,moon-pennsylvania
https://www.ubereats.com/pittsburgh/food-delivery/bjs-restaurant-%26-brewhouse-8970-covenant-ave/bOlxUOb6TOOi59xxrRx9hQ,moon-pennsylvania
