url,city
https://www.ubereats.com/new-jersey/food-delivery/tony-sopranos-pizza-church-rd/y4EAorIMQqmaBf1NpjqsDA,moorestown-new-jersey
https://www.ubereats.com/new-jersey/food-delivery/cocina-azteca/Xtk_5BR3QGmuGBFPLmsgPw,moorestown-new-jersey
https://www.ubereats.com/new-jersey/food-delivery/taco-bell-601-high-street/nAxXyAQKTYykaAe0846ZHQ,moorestown-new-jersey
https://www.ubereats.com/new-jersey/food-delivery/arbys-100-black-horse-pike/eGMRCfeYR4y1nJj8Ejgehg,moorestown-new-jersey
https://www.ubereats.com/new-jersey/food-delivery/peachwave-of-mount-laurel/FD0ZnwTZQt2EO2UFvYBSLA,moorestown-new-jersey
https://www.ubereats.com/new-jersey/food-delivery/starbucks-600-route-38-cherry-hill/CbXue2bgQvuH_w-xb0DCoQ,moorestown-new-jersey
https://www.ubereats.com/new-jersey/food-delivery/little-caesars-400-john-f-kennedy-way/MudOQsRlSq-4p1bCJhNPcQ,moorestown-new-jersey
https://www.ubereats.com/new-jersey/food-delivery/mamas-meatballs/QGu-JR10SliX4QLUHJYEdg,moorestown-new-jersey
https://www.ubereats.com/new-jersey/food-delivery/mcdonalds-4057-route-130/ODc2h4v_SDuIilFwEIQsRA,moorestown-new-jersey
https://www.ubereats.com/new-jersey/food-delivery/kfc-1516-route-38/WJUB6xLZSOCdUXLRMKEB_w,moorestown-new-jersey
https://www.ubereats.com/new-jersey/food-delivery/saladworks-914-n-route-73/zphrWa6eQxKiN6hCxCiw7g,moorestown-new-jersey
https://www.ubereats.com/new-jersey/food-delivery/mi-ranchito-mexican-food-store/Ht44frU6R12EDJjfhGDiAQ,moorestown-new-jersey
https://www.ubereats.com/new-jersey/food-delivery/kaffir-thai/xIIRQPWzSGW3MdUYcH8Gvw,moorestown-new-jersey
https://www.ubereats.com/new-jersey/food-delivery/dunkin-317-rancocas-rd/VeC26FgIQ9SzPxJMs5tgAQ,moorestown-new-jersey
https://www.ubereats.com/new-jersey/food-delivery/uno-pizzeria-maple-shade-township/sBjKmcQ3Sa6-JMe0J2d1Fg,moorestown-new-jersey
https://www.ubereats.com/new-jersey/food-delivery/men-in-the-kitchen/HloEL3NFSMmQW6ZQBA7k-A,moorestown-new-jersey
https://www.ubereats.com/new-jersey/food-delivery/wendys-7321-north-crescent-blvd/pX9mCKLdRJyEiTqkUIETSg,moorestown-new-jersey
https://www.ubereats.com/new-jersey/food-delivery/charleys-philly-steaks-cherry-hill-mall/5pEi75glQrO9VaQGilatUA,moorestown-new-jersey
https://www.ubereats.com/new-jersey/food-delivery/chick-fil-a-58-centerton-rd/MHmSW3jnRu2r0vN0aYkiTQ,moorestown-new-jersey
https://www.ubereats.com/new-jersey/food-delivery/dunkin-2441-route-38/UwUKWa-5RQehIuoyaeuMnA,moorestown-new-jersey
https://www.ubereats.com/new-jersey/food-delivery/taco-bell-4006-route-130/I7BlvvQcQNOPXI5ntvN_lw,moorestown-new-jersey
https://www.ubereats.com/new-jersey/food-delivery/amici-ristorante/oCrlOS7AQ4GfcPdJTBaxgA,moorestown-new-jersey
https://www.ubereats.com/new-jersey/food-delivery/burger-king-1071-route-73/jYkAZqzBQzeqhgmZVB4c9w,moorestown-new-jersey
https://www.ubereats.com/new-jersey/food-delivery/ten-hot-pot-%26-crabby-crab/bV98X4niSaSQ88lh1WqOig,moorestown-new-jersey
https://www.ubereats.com/new-jersey/food-delivery/crawfish-and-pho/oCvS6plmS9Cj5nw7u4_gwA,moorestown-new-jersey
https://www.ubereats.com/new-jersey/food-delivery/carlos-bakery-marlton/aLb-mbV8SwGPXZm57Rq0yA,moorestown-new-jersey
https://www.ubereats.com/new-jersey/food-delivery/frutta-bowls/ENUVPziFQuui1Ui79kL_ZA,moorestown-new-jersey
https://www.ubereats.com/new-jersey/food-delivery/firebirds-wood-fired-grill-400-nj-route-38/FXFJNpL5SUSfVLJQC2RIrg,moorestown-new-jersey
https://www.ubereats.com/new-jersey/food-delivery/petra-market/yGv29FjbSQKCC83VLqcqTQ,moorestown-new-jersey
https://www.ubereats.com/new-jersey/food-delivery/jersey-mikes-subs-195-route-130/mI401hh3Ski7BZ32yQwIaw,moorestown-new-jersey
https://www.ubereats.com/new-jersey/food-delivery/krispy-krunchy-chicken-2100-mount-empraim-ave/ycmX-dXFQKa3vLG9urg47g,moorestown-new-jersey
https://www.ubereats.com/new-jersey/food-delivery/miguelinas-bakery/hOEnOdBXQcWGEzUapx-DTw,moorestown-new-jersey
https://www.ubereats.com/new-jersey/food-delivery/the-captains-boil-4011-dearborn-circle/WkgzEwGGRSisKWeXR0MFxQ,moorestown-new-jersey
https://www.ubereats.com/new-jersey/food-delivery/joes-pizza/cSVgK2i9STeuhWinpmS1SQ,moorestown-new-jersey
https://www.ubereats.com/new-jersey/food-delivery/bagelati/UY2zeE_rRKKC2EtH6ADUaA,moorestown-new-jersey
https://www.ubereats.com/new-jersey/food-delivery/the-bean-street-cafe/o4X0O9AqSsePWnPt-k8NyA,moorestown-new-jersey
https://www.ubereats.com/new-jersey/food-delivery/taste-of-szechuan/RmQ552iSS7qla3n8HwGm9g,moorestown-new-jersey
https://www.ubereats.com/new-jersey/food-delivery/starbucks-rt-38-%26-lenola-rd/daHtxST3TAWC2-7hJLT9WQ,moorestown-new-jersey
https://www.ubereats.com/new-jersey/food-delivery/harvest-seasonal-grill-%26-wine-bar-moorestown/979EUG7USAe1rJOkYTh_BQ,moorestown-new-jersey
https://www.ubereats.com/new-jersey/food-delivery/taco-bell-1061-rt-73/r9O_OmgxSx2UeIpzKS5ykg,moorestown-new-jersey
https://www.ubereats.com/new-jersey/food-delivery/primohoagies-3111-state-hwy-no-38-w/DORqGcdBQ1-p26x2fNutIg,moorestown-new-jersey
https://www.ubereats.com/new-jersey/food-delivery/saladworks-1321b-fairview-blvd/sTJ6OHRHTayrl95CRIt6dg,moorestown-new-jersey
https://www.ubereats.com/new-jersey/food-delivery/jersey-mikes-1624-nixon-drive/9X1TFZGeRgGi2jKdP4zJ4g,moorestown-new-jersey
https://www.ubereats.com/new-jersey/food-delivery/applebees-1102-route-73/7chw4TjsTzi6yvZrnVZnSg,moorestown-new-jersey
https://www.ubereats.com/new-jersey/food-delivery/dunkin-101-route-70-e/xVELmTkKQom-JmYztztZVQ,moorestown-new-jersey
https://www.ubereats.com/new-jersey/food-delivery/nene-italian-market/FURCcHxcSxWugwAhOHGYPQ,moorestown-new-jersey
https://www.ubereats.com/new-jersey/food-delivery/fontana-cafe/0kg1hu69RritFUr4X8FNOw,moorestown-new-jersey
https://www.ubereats.com/new-jersey/food-delivery/dunkin-200-west-camden-ave/nOPZIt74RL-QZvWp4wEZQQ,moorestown-new-jersey
https://www.ubereats.com/new-jersey/food-delivery/chucks-big-time-bbq/hb-tzMXwQs-n3ZUCYW_HpA,moorestown-new-jersey
https://www.ubereats.com/new-jersey/food-delivery/jalapenos-grill-2-oaklyn/KZQP5-zlQhiJ60JkHc42Rw,moorestown-new-jersey
https://www.ubereats.com/new-jersey/food-delivery/zoes-kitchen-500-route-73-south-ste-b-7/4IyjaisKT_690YSV0H_C5Q,moorestown-new-jersey
https://www.ubereats.com/new-jersey/food-delivery/duck-donuts-101-south-route-73-suite-141/u0bwuSDiQDa8e6Qd2xV65g,moorestown-new-jersey
https://www.ubereats.com/new-jersey/food-delivery/papa-johns-516-high-street/8m98tfExR0W5V1CjRG7qMA,moorestown-new-jersey
https://www.ubereats.com/new-jersey/food-delivery/delicious-dishes/i4dUn9jqSuyvdrIATKEXQw,moorestown-new-jersey
https://www.ubereats.com/new-jersey/food-delivery/panda-express-500-route-38/MjKIJyikRbKTsl11gZVYkQ,moorestown-new-jersey
https://www.ubereats.com/new-jersey/food-delivery/you-cha-cafe/HQ18CdlzRx2VnoW9TaNQeg,moorestown-new-jersey
https://www.ubereats.com/new-jersey/food-delivery/checkers-6720-south-crescent-blvd/1h1lM9HVRF20cnBW47osxQ,moorestown-new-jersey
https://www.ubereats.com/new-jersey/food-delivery/arbys-72-centerton-road/94m7PvZpSOaMbbL3gzBaPw,moorestown-new-jersey
https://www.ubereats.com/new-jersey/food-delivery/jersey-mikes-908-route-73-north/Wn-S_Dl5TsCbypno-FgYIQ,moorestown-new-jersey
https://www.ubereats.com/new-jersey/food-delivery/primohoagies-151-s-black-horse-pike/nIRXy5qjRNqPtBugTvlIjg,moorestown-new-jersey
https://www.ubereats.com/new-jersey/food-delivery/angelos-pizza/R0edlnbWQ9ex8FDliMe92Q,moorestown-new-jersey
https://www.ubereats.com/new-jersey/food-delivery/burger-king-1725-marlton-pike-east/wp9LggG3RgO2R-vKs5GoEQ,moorestown-new-jersey
https://www.ubereats.com/new-jersey/food-delivery/mod-pizza-marlton-square/VT9jlf8YQzqXSw3QyFc6WQ,moorestown-new-jersey
https://www.ubereats.com/new-jersey/food-delivery/crab-du-jour-xpress-pennsauken/v3CkQGkLTYq-y4oTaqDjYw,moorestown-new-jersey
https://www.ubereats.com/new-jersey/food-delivery/marlton-diner/2UeW0RHySpG3g0M59f222A,moorestown-new-jersey
https://www.ubereats.com/new-jersey/food-delivery/pita-pocket/6fFv33btRZyuWpoXaoBu_A,moorestown-new-jersey
https://www.ubereats.com/new-jersey/food-delivery/fresh2go/g5nVUYh7Qd6sQfWHLlcSTA,moorestown-new-jersey
https://www.ubereats.com/new-jersey/food-delivery/five-guys-nj-1269-161-rt-73-south/d3eV2sBIRgiWxGJGH-Qecw,moorestown-new-jersey
https://www.ubereats.com/new-jersey/food-delivery/papa-johns-479-route-38-west/lidsGbo2SFyDOLhX9fetxQ,moorestown-new-jersey
https://www.ubereats.com/new-jersey/food-delivery/kfc-taco-bell-2821-route-73-south/JclI10pZSwOOSd3fwsN4-Q,moorestown-new-jersey
https://www.ubereats.com/new-jersey/food-delivery/montesini-gourmet-pizza-%26-pasta/oe-bAh-DR7iEnYAP39q8hQ,moorestown-new-jersey
https://www.ubereats.com/new-jersey/food-delivery/healthy-garden-and-gourmet-pizza-moorestown/40ecCvfTRIazXo2QaAM04Q,moorestown-new-jersey
https://www.ubereats.com/new-jersey/food-delivery/lascalas-pronto/ICZ-0tt8QkazAaVuPKn8LQ,moorestown-new-jersey
https://www.ubereats.com/new-jersey/food-delivery/marcellos-ristorante-%26-pizzeria/fAFyrrJqRKa26wWRRt-qHg,moorestown-new-jersey
https://www.ubereats.com/new-jersey/food-delivery/the-farmacy-nj/nTEAZOzORk-YuGmuIAEEsQ,moorestown-new-jersey
https://www.ubereats.com/new-jersey/food-delivery/tao-yuan-bistro/izZ_V-emT1SQtP_MDtFGKA,moorestown-new-jersey
https://www.ubereats.com/new-jersey/food-delivery/boiling-house/rTefHyOQRaS29YvGzM7hjA,moorestown-new-jersey
https://www.ubereats.com/new-jersey/food-delivery/fresh-farm-market/j1ov7dUrQq298yt8mkmKoA,moorestown-new-jersey
https://www.ubereats.com/new-jersey/food-delivery/chipotle-mexican-grill-700-haddonfield-berlin-rd-ste-40c/HvYNCN19QMigtObLlnot-g,moorestown-new-jersey
https://www.ubereats.com/new-jersey/food-delivery/bertuccis-515-north-route-73/CQdnou4vRwmg4o7vGWw7cw,moorestown-new-jersey
https://www.ubereats.com/new-jersey/food-delivery/brio-500-route-73-south/Ja_cK9qmSjKtUL6PAX_tlQ,moorestown-new-jersey
https://www.ubereats.com/new-jersey/food-delivery/casa-nostra/8lmek-o1SA29LsDPyg4gaA,moorestown-new-jersey
https://www.ubereats.com/new-jersey/food-delivery/dunkin-320-beverly-rancocas-rd/Ky9bCOvKRaeSizLOXaGsyQ,moorestown-new-jersey
https://www.ubereats.com/new-jersey/food-delivery/mirabella-ristorante-italiano/0O7J-FsKSEG3esSVlUqsNg,moorestown-new-jersey
https://www.ubereats.com/new-jersey/food-delivery/wendys-5011-route-130-s/G7FL85X2T4CPJrsfWiZMUA,moorestown-new-jersey
https://www.ubereats.com/new-jersey/food-delivery/crystal-diner/LPzU5B-hQfWwaFnB2qH6Gw,moorestown-new-jersey
https://www.ubereats.com/new-jersey/food-delivery/the-habit-burger-grill-706-haddonfield-rd-suite-8/MMm1aQhzS3OjUQnYNUC1fQ,moorestown-new-jersey
https://www.ubereats.com/new-jersey/food-delivery/go-stir-fry/ou9UHO-QRhKoXRir26mGHw,moorestown-new-jersey
https://www.ubereats.com/new-jersey/food-delivery/nerys-place/ngVARrfDT8iZMBcTw8VC7Q,moorestown-new-jersey
https://www.ubereats.com/new-jersey/food-delivery/jzs-fishwing/aT3opLu_QoCE_2cAgch3wQ,moorestown-new-jersey
https://www.ubereats.com/new-jersey/food-delivery/tandoori-kabab/r3VZv2N5QUme2sUxMZL3QQ,moorestown-new-jersey
https://www.ubereats.com/new-jersey/food-delivery/bagel-cafe-cinaminnson/joup2u9LTK-WGEQi5uVStg,moorestown-new-jersey
https://www.ubereats.com/new-jersey/food-delivery/mr-sushi/vrSVNglDThaOLv8fX0G60Q,moorestown-new-jersey
https://www.ubereats.com/new-jersey/food-delivery/wawa-8361-1911-taylor-lane/LaI4_tQHS_GVWRFi17w5Ww,moorestown-new-jersey
https://www.ubereats.com/new-jersey/food-delivery/qdoba-mexican-grill-1630-kings-hwy/VdOhHYv1RWi8VDWFxKLjdQ,moorestown-new-jersey
https://www.ubereats.com/new-jersey/food-delivery/jb-bakery/wy2NpDRHT9u1-OZfOo3W5w,moorestown-new-jersey
https://www.ubereats.com/new-jersey/food-delivery/thai-basil/3vqTOFJtRNKAidOCY5HtMw,moorestown-new-jersey
https://www.ubereats.com/new-jersey/food-delivery/dunkin-587-east-kings-highway/tr6tgRCOSRu2RLtKDY3iBw,moorestown-new-jersey
https://www.ubereats.com/new-jersey/food-delivery/primohoagies-2806-us-130/UDxaGljBSNCYK9sme_edZg,moorestown-new-jersey
https://www.ubereats.com/new-jersey/food-delivery/auntie-annes-400-route-38-spc-1080/CGBtbdRLRPWYT9covt4B0w,moorestown-new-jersey
https://www.ubereats.com/new-jersey/food-delivery/chipotle-mexican-grill-882-route-73-n-ste-a/GByu5N8BQIen7Qg88nQSmQ,moorestown-new-jersey
https://www.ubereats.com/new-jersey/food-delivery/panera-48-centerton-road/D5mc9_fWS0SFm7MBwInUxQ,moorestown-new-jersey
https://www.ubereats.com/new-jersey/food-delivery/indian-villa-curry-n-cakes/Js4H3btJQia_PkIeqka3oA,moorestown-new-jersey
https://www.ubereats.com/new-jersey/food-delivery/soulcialite-cafe/RjSSVq76RJStFQ5ULhRtQA,moorestown-new-jersey
https://www.ubereats.com/new-jersey/food-delivery/foursason-chinese-restaurant/o0QCW7z_Rg2dVBrvxtAv4A,moorestown-new-jersey
https://www.ubereats.com/new-jersey/food-delivery/sol-sazon/WXWX5Ke-SbuopujVYXyMqg,moorestown-new-jersey
https://www.ubereats.com/new-jersey/food-delivery/shake-shack-795-haddonfield-rd/MLOT8XTwQHazMBF6-uu_aA,moorestown-new-jersey
https://www.ubereats.com/new-jersey/food-delivery/chuck-e-cheese-2100-route-38-ste-%234/J_6IKTyFS9mch5fYX8imXw,moorestown-new-jersey
https://www.ubereats.com/new-jersey/food-delivery/tgi-fridays-632-marlton-evesham-nj/-n_5WG0UQRuAH0lnYuEYCg,moorestown-new-jersey
https://www.ubereats.com/new-jersey/food-delivery/fatburger-%26-buffalos-express-2000-new-jersey-38/dzmhqVMOTwO6IS3Bk4o9zA,moorestown-new-jersey
https://www.ubereats.com/new-jersey/food-delivery/five-guys-nj-0145/qtJLJ56MTJOQVsuefQJyYw,moorestown-new-jersey
https://www.ubereats.com/new-jersey/food-delivery/taco-bell-2035-rt-130-north/MIzGPNFyQXyf9jK45IAtgg,moorestown-new-jersey
https://www.ubereats.com/new-jersey/food-delivery/dolsot-house-korean-restaurant/BYSoRv25QFycR6ZdBqN2-w,moorestown-new-jersey
https://www.ubereats.com/new-jersey/food-delivery/chick-fil-a-1418-nixon-dr/wxlitnXyT76hon6RMneVeQ,moorestown-new-jersey
https://www.ubereats.com/new-jersey/food-delivery/wing-squad-mount-laurel/WUUyoKFYSji59ij48Vnbdw,moorestown-new-jersey
https://www.ubereats.com/new-jersey/food-delivery/jamaics-caribbean-cuisine/hyRHRfgKReaW2jqaLO4tLw,moorestown-new-jersey
https://www.ubereats.com/new-jersey/food-delivery/dunkin-1215-sr-73/lkCHURq4Q16xLKODwlimXg,moorestown-new-jersey
https://www.ubereats.com/new-jersey/food-delivery/dunkin-2891-route-73-s/kAcdP0YKTlGRV0xFACKLrw,moorestown-new-jersey
https://www.ubereats.com/new-jersey/food-delivery/pecado-colombiano/WYHQApLLQsmQ5sGTQdiucg,moorestown-new-jersey
https://www.ubereats.com/new-jersey/food-delivery/chipotle-mexican-grill-1600-nixon-dr/GKtZUIU7RzigbocCVFrA7w,moorestown-new-jersey
https://www.ubereats.com/new-jersey/food-delivery/hen-vietnamese-eatery/3MUx1JTwSa-aMoUJ82K5eQ,moorestown-new-jersey
https://www.ubereats.com/new-jersey/food-delivery/angelos-pizza-union-mill/gX94DNtYQzGHMQrpWtVLpA,moorestown-new-jersey
https://www.ubereats.com/new-jersey/food-delivery/dunkin-3101-marne-hwy/EoVt9c0HRRGICjPARpje7A,moorestown-new-jersey
https://www.ubereats.com/new-jersey/food-delivery/five-guys-nj-0289-1650-nixon-dr/qjFtqPb1S9G_w8EyACTCmA,moorestown-new-jersey
https://www.ubereats.com/new-jersey/food-delivery/cracker-barrel-old-country-store-1240-route-73/n3hjbhGCSJSYz0x6e4FiBQ,moorestown-new-jersey
https://www.ubereats.com/new-jersey/food-delivery/firehouse-subs-1203-nixon-drive/8F7EAMmlRDOYCXkdZin-ew,moorestown-new-jersey
https://www.ubereats.com/new-jersey/food-delivery/ten-asian-food-hall-cherry-hill-nj/cvl-KFlZQDCQEXJxx0-3JA,moorestown-new-jersey
https://www.ubereats.com/new-jersey/food-delivery/dunkin-100-church-rd/QUzw8Ja5Sxqu9JcOIk_kLQ,moorestown-new-jersey
https://www.ubereats.com/new-jersey/food-delivery/honeygrow-1586-kings-highway-n/gRM18vSbT5e_LHJvcxEfGg,moorestown-new-jersey
https://www.ubereats.com/new-jersey/food-delivery/chickies-%26-petes-marlton/SP9UTLvoTmuUZlGwsm3TkQ,moorestown-new-jersey
https://www.ubereats.com/new-jersey/food-delivery/four-seasons-chinese-restaurant/ck-6VXNsQziWFSQIhwy0BQ,moorestown-new-jersey
https://www.ubereats.com/new-jersey/food-delivery/bob-evans-271-601-fellowship-road/-_Wj6QoDTlCKuS1PLeBt6g,moorestown-new-jersey
https://www.ubereats.com/new-jersey/food-delivery/dunkin-1041-route-73/BQ0Tt3YpRmeUqWMaCxu1fQ,moorestown-new-jersey
https://www.ubereats.com/new-jersey/food-delivery/red-robin-452-2100-route-38/XhGyEe1TQX-pqTaZofn35A,moorestown-new-jersey
https://www.ubereats.com/new-jersey/food-delivery/mcdonalds-1-w-camden-ave/r5HbFEPzQrKT9cgRbfOdnA,moorestown-new-jersey
https://www.ubereats.com/new-jersey/food-delivery/panera-4004-route-130-north/1ta920bLRXSLmqPb7rZvkg,moorestown-new-jersey
https://www.ubereats.com/new-jersey/food-delivery/dads-deli-%26-catering/3DrFxvN7SN6kosHb7CB56A,moorestown-new-jersey
https://www.ubereats.com/new-jersey/food-delivery/crust-n-fire/pQ5Clb1DTf-DZau79Ty6KA,moorestown-new-jersey
https://www.ubereats.com/new-jersey/food-delivery/tejas-grill/Aq8C86eEQ3u8e2kDsxxvIg,moorestown-new-jersey
https://www.ubereats.com/new-jersey/food-delivery/dunkin-1550-kings-hwy-n/UwYqdpuESDCGpUt1nTFaWg,moorestown-new-jersey
https://www.ubereats.com/new-jersey/food-delivery/stone-fire-pizza-by-midici-cherry-hill/nV6wbYTgTXaNiZclvaMcVQ,moorestown-new-jersey
https://www.ubereats.com/new-jersey/food-delivery/blue-fig-cafe/tC9_RpxHSu29_OIgNrtgYw,moorestown-new-jersey
https://www.ubereats.com/new-jersey/food-delivery/wendys-1140-route-73/dfn8-JawSTGC_T6FmR65Vw,moorestown-new-jersey
https://www.ubereats.com/new-jersey/food-delivery/alfredo-s-brazilian-steakhouse/JIisGfwMQhyxkDfRIYeeGw,moorestown-new-jersey
https://www.ubereats.com/new-jersey/food-delivery/tony-sopranos-pizza-%26-ristorante/aJ36X0B2QFWEYZq626wDtQ,moorestown-new-jersey
https://www.ubereats.com/new-jersey/food-delivery/moes-southwest-grill-1055-nixon-drive/7sZrVlIiRJmR60sig-76Dg,moorestown-new-jersey
https://www.ubereats.com/new-jersey/food-delivery/tony-sopranos-pizza-%26-ristorante/NitdaLe4TaOIQFANFBqiCQ,moorestown-new-jersey
https://www.ubereats.com/new-jersey/food-delivery/cherry-hill-diner/RvQPJasuSEOrLwrNmZ2piw,moorestown-new-jersey
https://www.ubereats.com/new-jersey/food-delivery/mcdonalds-605-beverly-rancocas-rd/86JJdvXzRk6XeoeVzNEnMA,moorestown-new-jersey
https://www.ubereats.com/new-jersey/food-delivery/honeygrow-323-west-route-70/1L0mDDe7S1-Gqqm47ymk6A,moorestown-new-jersey
https://www.ubereats.com/new-jersey/food-delivery/mod-pizza-cherry-hill/U1qzT-FCRoWYZMmD9mylLw,moorestown-new-jersey
https://www.ubereats.com/new-jersey/food-delivery/bertuccis-mount-laurel/nlDkKIzxSKqQwVGkZun9wA,moorestown-new-jersey
https://www.ubereats.com/new-jersey/food-delivery/pizza-hut-798-woodlane-rd-unit-%2315/VS8n9oM0RbeEGVKd2dFG6w,moorestown-new-jersey
https://www.ubereats.com/new-jersey/food-delivery/amici-restaurant/tWfpXDV3SN6AU8WBMHODoQ,moorestown-new-jersey
https://www.ubereats.com/new-jersey/food-delivery/king-wong-cherry-hill/JeTM0iekTQSeL8QRAGDIXA,moorestown-new-jersey
https://www.ubereats.com/new-jersey/food-delivery/chipotle-mexican-grill-818-haddonfield-rd/0or8dWQORqKy2MnxntRUMw,moorestown-new-jersey
https://www.ubereats.com/new-jersey/food-delivery/pancheros-mexican-grill-221-greentree-rd/gHHgkuA3TrqZDS_lD7KDFw,moorestown-new-jersey
https://www.ubereats.com/new-jersey/food-delivery/eden-korean-restaurant/P-82ZdsOTPK8sEXZgCNEFw,moorestown-new-jersey
https://www.ubereats.com/new-jersey/food-delivery/francellos/13wU5lbwTma4jsj-PlphTA,moorestown-new-jersey
https://www.ubereats.com/new-jersey/food-delivery/sushi-king/_hZXRcWSTveYS-FHkFcd8g,moorestown-new-jersey
https://www.ubereats.com/new-jersey/food-delivery/flying-crust-pizza-%26-wings/rGsOiORaQFS6xLb80ufKfA,moorestown-new-jersey
https://www.ubereats.com/new-jersey/food-delivery/dunkin-201-marleton-pike-e/5tNsFbYVQ8CM4UKuIZ0ETg,moorestown-new-jersey
https://www.ubereats.com/new-jersey/food-delivery/han-dynasty-cherry-hill/1Q_mHDbHRwOkH_GB5-Kt6g,moorestown-new-jersey
https://www.ubereats.com/new-jersey/food-delivery/dunkin-901-old-marlton-pike-west/J_aGJmyeQXOJND67gSY2LA,moorestown-new-jersey
https://www.ubereats.com/new-jersey/food-delivery/turning-point-of-cherry-hill/AU7Zhp36Q1yOEIooMwvnHw,moorestown-new-jersey
https://www.ubereats.com/new-jersey/food-delivery/panera-1500-nixon-drive/hCkPbg_ySceNmfUp3CO4AA,moorestown-new-jersey
https://www.ubereats.com/new-jersey/food-delivery/back-alley-barbeque/Fr2_dzwsRKS8Bhy5Ad45gA,moorestown-new-jersey
https://www.ubereats.com/new-jersey/food-delivery/arbys-220-n-maple-ave/Y4nRhzOKTSOXxUOJbg33Og,moorestown-new-jersey
https://www.ubereats.com/new-jersey/food-delivery/popeyes-4328-route-130/YhEdGqcrT6iTMZ3XxYGPVQ,moorestown-new-jersey
https://www.ubereats.com/new-jersey/food-delivery/hash-house-a-go-go-moorestown/fAQWSnnsT-2DFGTduTBosg,moorestown-new-jersey
https://www.ubereats.com/new-jersey/food-delivery/pancheros-mexican-grill-4325-dearborn-circle/PtkA8G_wS_eubmZs15CBUw,moorestown-new-jersey
https://www.ubereats.com/new-jersey/food-delivery/ra-sushi-cherry-hill/CLCsk1bYTcGeotF5OMGu_Q,moorestown-new-jersey
https://www.ubereats.com/new-jersey/food-delivery/the-kitchen-consiglere/c_Iv3br-RDSVk1ICn_atlw,moorestown-new-jersey
https://www.ubereats.com/new-jersey/food-delivery/wayback-burger-152-state-route-73/MJTJ8962TU-zL9LZrKVOAQ,moorestown-new-jersey
https://www.ubereats.com/new-jersey/food-delivery/cucina-di-pirone/UL-QgtHHT4yjFqNlv3_1lw,moorestown-new-jersey
https://www.ubereats.com/new-jersey/food-delivery/suki-hana-inside-moorestown-mall-dining-court/N9EYHwruTR2xdg76jNix7g,moorestown-new-jersey
https://www.ubereats.com/new-jersey/food-delivery/dunkin-3370-route-38/5kWU5z66SdGBw7h1Bi65Vw,moorestown-new-jersey
https://www.ubereats.com/new-jersey/food-delivery/applebees-1102-route-73-south-%2377056/dY342oWcQSusr31AaqnmBw,moorestown-new-jersey
https://www.ubereats.com/new-jersey/food-delivery/burger-king-2802-us-130/gYK1mpJITqOcSRSly22Jow,moorestown-new-jersey
https://www.ubereats.com/new-jersey/food-delivery/on-the-border-mt-laurel/IKjntLWgSaKeuRfFdRftnQ,moorestown-new-jersey
https://www.ubereats.com/new-jersey/food-delivery/bobby-chez-cherry-hill/HPqmT2M4SomxNJ2HaaQJRw,moorestown-new-jersey
https://www.ubereats.com/new-jersey/food-delivery/trappixx-jamaican-restaurant/DFSvz2yXSUmMQB94mlNGaQ,moorestown-new-jersey
https://www.ubereats.com/new-jersey/food-delivery/red-lobster-2100-route-38/DxKSKJE1QsKYlRtL6tFusA,moorestown-new-jersey
https://www.ubereats.com/new-jersey/food-delivery/prospectors-steakhouse-%26-saloon/Fay6ge2TQOe-rY1g4my3tQ,moorestown-new-jersey
https://www.ubereats.com/new-jersey/food-delivery/houlihans-cherry-hill/DoCdPsbPSKO2D3VJGTADkg,moorestown-new-jersey
https://www.ubereats.com/new-jersey/food-delivery/vitarellis-restaurant/m3RcWfSaQ9WkhbIKEzqacA,moorestown-new-jersey
https://www.ubereats.com/new-jersey/food-delivery/primohoagies-604-haddon-avenue/ipEyavduRlqbHAv3tbAJqQ,moorestown-new-jersey
https://www.ubereats.com/new-jersey/food-delivery/kfc-rt-130-%26-high-st/prpPQDphQSKltLvHY0mgcw,moorestown-new-jersey
https://www.ubereats.com/new-jersey/food-delivery/starbucks-delran/oHiOKxNRR_-DHNtrXrPANA,moorestown-new-jersey
https://www.ubereats.com/new-jersey/food-delivery/eddies-pizza-ll/FLOKBSJLSlOGJFH381x6JA,moorestown-new-jersey
https://www.ubereats.com/new-jersey/food-delivery/asian-bamboo/RV3i7rhFT-iKisnpkb4i0g,moorestown-new-jersey
https://www.ubereats.com/new-jersey/food-delivery/monsoon-fine-indian-cuisine/onKSHvhzQ6aGNgAqGm-pVA,moorestown-new-jersey
https://www.ubereats.com/new-jersey/food-delivery/papa-johns-600-john-f-kennedy-way/HWilZETYRGqrVEROZyHkpQ,moorestown-new-jersey
https://www.ubereats.com/new-jersey/food-delivery/pizza-hut-512-haddonfield-rd/28XWOimgTM27Zfs-eDMaaw,moorestown-new-jersey
https://www.ubereats.com/new-jersey/food-delivery/iron-hill-brewery-%26-restaurant-maple-shade/RK8hgLa1ThqhLlWxGbtICg,moorestown-new-jersey
https://www.ubereats.com/new-jersey/food-delivery/mommos-pizza/Phibe7kVSKy2zLIQfok-oQ,moorestown-new-jersey
https://www.ubereats.com/new-jersey/food-delivery/vincents-brick-oven-pizzeria/eaCe9UhTRE-qbqthl34fiw,moorestown-new-jersey
https://www.ubereats.com/new-jersey/food-delivery/ruby-tuesday-4011-dearborn-circle/52gHrFlGSUuFH_13Ir7acQ,moorestown-new-jersey
https://www.ubereats.com/new-jersey/food-delivery/no-1-china-chinese-restaurant/lyyaljKAR_eeftO_kD_k8A,moorestown-new-jersey
https://www.ubereats.com/new-jersey/food-delivery/famous-daves-104-route-70-west/EMvo0j1YSD2x2hz1kxfu5A,moorestown-new-jersey
https://www.ubereats.com/new-jersey/food-delivery/express-shish-kabab/2IhaCfhQSviht67sxzYUDQ,moorestown-new-jersey
https://www.ubereats.com/new-jersey/food-delivery/red-lobster-3003-rt-130-s/V2uQCF7HRvyI_YJeoVYXIg,moorestown-new-jersey
https://www.ubereats.com/new-jersey/food-delivery/buffalo-wild-wings-1598-nixon-dr/TPN3FhvVQG6r8tZDkIhHrg,moorestown-new-jersey
https://www.ubereats.com/new-jersey/food-delivery/select-pizza-%7C-grill-cherry-hill/7O6KEib_SiWfbXyzrnhRTQ,moorestown-new-jersey
https://www.ubereats.com/new-jersey/food-delivery/carrabbas-500-route-nj-38-e/ml5ZvhsQSASN2QAxLB1Tpg,moorestown-new-jersey
https://www.ubereats.com/new-jersey/food-delivery/ihop-1602-church-road/S3XG7aTqQXGkzkUBH85HsA,moorestown-new-jersey
https://www.ubereats.com/new-jersey/food-delivery/sonic-1101-route-130-south/U9pdHbvlSxSnzb9Pifb-tQ,moorestown-new-jersey
https://www.ubereats.com/new-jersey/food-delivery/wing-squad-marlton/4MV_weVCQiOaYKiU9gZOpA,moorestown-new-jersey
https://www.ubereats.com/new-jersey/food-delivery/krispy-krunchy-chicken-2601-route-130-south/hmfNsbR2S4CSrEM-zxvSNw,moorestown-new-jersey
https://www.ubereats.com/new-jersey/food-delivery/caribbean-grill/N1PVYgnzTweRiAlffy6diA,moorestown-new-jersey
https://www.ubereats.com/new-jersey/food-delivery/wendys-1240-nixon-drive/5XeyFZZQSmKzT0OO4EOgsA,moorestown-new-jersey
https://www.ubereats.com/new-jersey/food-delivery/dunkin-807-route-73/nUiMFfR8RkWSsFQGR1emiQ,moorestown-new-jersey
https://www.ubereats.com/new-jersey/food-delivery/dunkin-1031-route-73-n/JDIFKRFWRTakWFybB9eiYQ,moorestown-new-jersey
https://www.ubereats.com/new-jersey/food-delivery/desi-food-junction/jcydv9xQQFy3qNkdr1MSag,moorestown-new-jersey
https://www.ubereats.com/new-jersey/food-delivery/crab-du-jour/LJHcnXb_Tp-tSj2nD81s5w,moorestown-new-jersey
https://www.ubereats.com/new-jersey/food-delivery/saladworks-hainesport/p9EB4JB2Qg68fXWcXvk7eg,moorestown-new-jersey
https://www.ubereats.com/new-jersey/food-delivery/the-ice-cream-shop/tByE48tcS0qpwUllQqpfxA,moorestown-new-jersey
https://www.ubereats.com/new-jersey/food-delivery/saladworks-mt-laurel/b0M40HrrQamOiCG8p3Q5_Q,moorestown-new-jersey
https://www.ubereats.com/new-jersey/food-delivery/amys-omelette-house-burlington/qimKl5JpSamGUpnmQCmq0Q,moorestown-new-jersey
https://www.ubereats.com/new-jersey/food-delivery/saladworks-404-e-route-70/5MCNfdQRSRebX4BZoFHZjg,moorestown-new-jersey
https://www.ubereats.com/new-jersey/food-delivery/wendys-74-centerton-road/haX9Qw4AQJiBy1KBE26ogQ,moorestown-new-jersey
https://www.ubereats.com/new-jersey/food-delivery/burger-king-3109-route-38/MWPm2AAwRb2dnUxAvAkMYg,moorestown-new-jersey
https://www.ubereats.com/new-jersey/food-delivery/the-ice-cream-shop/hhiDerzjRmaxmS4WU4E5kQ,moorestown-new-jersey
https://www.ubereats.com/new-jersey/food-delivery/healthy-garden-and-gourmet-pizza-collingswood/F310L7fkSEKT2VMxIbJmjQ,moorestown-new-jersey
https://www.ubereats.com/new-jersey/food-delivery/crawfish-and-pho/pcnUB2DCRYahR1YV20gogw,moorestown-new-jersey
https://www.ubereats.com/new-jersey/food-delivery/singapore-restaurant-and-sushi-bar/blZgH2_6TrKmIIfS-msn6Q,moorestown-new-jersey
https://www.ubereats.com/new-jersey/food-delivery/saladworks-241-s-route-73/kz4SlcH3Rfa_eNOZCbiepA,moorestown-new-jersey
https://www.ubereats.com/new-jersey/food-delivery/cinnaminson-diner/rlZ2ijGKQBeO1IkEyLHgdQ,moorestown-new-jersey
https://www.ubereats.com/new-jersey/food-delivery/b-good-500-route-73-s/p7PEr6aPQz6oHLmbW0eZyQ,moorestown-new-jersey
https://www.ubereats.com/new-jersey/food-delivery/turning-point-of-moorestown/k8JXL6dQT5uyev_QbDIi8Q,moorestown-new-jersey
https://www.ubereats.com/new-jersey/food-delivery/wawa-8321-3605-rt-38/6Tisgjb8Q-Kux0Rb9M3u9g,moorestown-new-jersey
https://www.ubereats.com/new-jersey/food-delivery/tgi-fridays-634-cherry-hill-nj/nEKy7JWrRAyOt-TghDY-7Q,moorestown-new-jersey
https://www.ubereats.com/new-jersey/food-delivery/megu-haddonfield/_xhWS-wiRMS7_vs-gwpcEw,moorestown-new-jersey
https://www.ubereats.com/new-jersey/food-delivery/sweet-charlies-haddonfield/KM8Ks5PwSS-u5MIHRkOdHg,moorestown-new-jersey
https://www.ubereats.com/new-jersey/food-delivery/arbys-4208-us-route-130/Q1i5JwswREaPEY7zUdK4ZQ,moorestown-new-jersey
https://www.ubereats.com/new-jersey/food-delivery/yi-pin-cuisine/cO_kOqm4RXWtxgx8BLB1fQ,moorestown-new-jersey
https://www.ubereats.com/new-jersey/food-delivery/dunkin-2060-springdale-rd/-1n1P_SsRMKmRxRUB9DDRA,moorestown-new-jersey
https://www.ubereats.com/new-jersey/food-delivery/kaminskis-sports-bar-and-grill/wKSILQlKQb2tXY8HlPgSZQ,moorestown-new-jersey
https://www.ubereats.com/new-jersey/food-delivery/cicontes-italia-pizzeria/th_c1yJ5QTivAe-k_V6c2A,moorestown-new-jersey
https://www.ubereats.com/new-jersey/food-delivery/dooneys-pub-%26-restaurant/PcJapTGoQtmX21Wjbh9jOw,moorestown-new-jersey
https://www.ubereats.com/new-jersey/food-delivery/popeyes-2788-route-73-n/dkGs260QTP-du5mAiHuBmw,moorestown-new-jersey
https://www.ubereats.com/new-jersey/food-delivery/mcdonalds-2428-kaighns-avenue/YeCGJaZpTsaEQOqN7saJ7Q,moorestown-new-jersey
https://www.ubereats.com/new-jersey/food-delivery/friendlys-route-70-west/gwTvQFE0TPOefyUjobXF-Q,moorestown-new-jersey
https://www.ubereats.com/new-jersey/food-delivery/saladworks-175-route-130/S5czJWdITMSuQqv7CVCgUg,moorestown-new-jersey
https://www.ubereats.com/new-jersey/food-delivery/dunkin-3601-route-38/OAvT7A_5QtSOPM5ixnPRoA,moorestown-new-jersey
https://www.ubereats.com/new-jersey/food-delivery/carluccis-waterfront/Bkm_-iAhTzChz0oUIrpekQ,moorestown-new-jersey
https://www.ubereats.com/new-jersey/food-delivery/frutta-bowls/aDRPqE9MQMWINQFw69-bWQ,moorestown-new-jersey
https://www.ubereats.com/new-jersey/food-delivery/wawa-960-1115-rt-73/Nf2igX3MS0Gb9ezDHKKt6w,moorestown-new-jersey
https://www.ubereats.com/new-jersey/food-delivery/corinnes-place/034lYz1kTC6IvbfDnTkRQA,moorestown-new-jersey
https://www.ubereats.com/new-jersey/food-delivery/chipotle-mexican-grill-115-route-130-s/_KwIsUqVSjGnmGbanZTItQ,moorestown-new-jersey
https://www.ubereats.com/new-jersey/food-delivery/smashburger-490-s-lenola-rd/phbNbYs0RJOn75FALaDkCg,moorestown-new-jersey
https://www.ubereats.com/new-jersey/food-delivery/graces-bistro/Pi7c9mbLRfmOv_pPlOD4IQ,moorestown-new-jersey
https://www.ubereats.com/new-jersey/food-delivery/haagen-dazs-shop-2000-nj-38/GtS6YhEuSQ2M0rPBmn2mbQ,moorestown-new-jersey
https://www.ubereats.com/new-jersey/food-delivery/ammas-south-indian-cuisine/xvQZiYB2RBqJhJiKfijoog,moorestown-new-jersey
https://www.ubereats.com/new-jersey/food-delivery/turning-point-of-marlton/FXq5kC3jRQK5MIGHFH-hqA,moorestown-new-jersey
https://www.ubereats.com/new-jersey/food-delivery/sabrinas-cafe-collingswood/tGgF20ryQ72WEOWWKRoRhA,moorestown-new-jersey
https://www.ubereats.com/new-jersey/food-delivery/taco-bell-512-haddonfield-road/7vBh-Eh9QievSI4T94mgVg,moorestown-new-jersey
https://www.ubereats.com/new-jersey/food-delivery/auntie-annes-150-route-70-east/2XFYwiYaQ3aubLDTHa8TqA,moorestown-new-jersey
https://www.ubereats.com/new-jersey/food-delivery/applebees-108-haddonfield-road-%2398020/We_B8i9fTtiObfVzOeV0GA,moorestown-new-jersey
https://www.ubereats.com/new-jersey/food-delivery/9106-bonefish-grill-500-route-73-north/HCKoYrRCQiS4mvleUsKLZQ,moorestown-new-jersey
https://www.ubereats.com/new-jersey/food-delivery/black-olive/DshcqGaGRgKdCD6-lGn4-g,moorestown-new-jersey
https://www.ubereats.com/new-jersey/food-delivery/wendys-2400-church-rd/80xOC9S8ROKNoXtk3xrZWA,moorestown-new-jersey
https://www.ubereats.com/new-jersey/food-delivery/dunkin-5005-n-crescent-blvd/_6bC0VL1TeOO6UXe3ailCg,moorestown-new-jersey
https://www.ubereats.com/new-jersey/food-delivery/playa-bowls-cherry-hill/WwWjJUx8S7i7bpJJd3cXew,moorestown-new-jersey
https://www.ubereats.com/new-jersey/food-delivery/diamond-diner-restaurant/ya3qaLsxRAmI0wFle8IU3g,moorestown-new-jersey
https://www.ubereats.com/new-jersey/food-delivery/pho-asia/DSuPwxItRqG2_1wwwOmv8A,moorestown-new-jersey
https://www.ubereats.com/new-jersey/food-delivery/dunkin-909-church-rd/gnYTD7FwSDmSk45T5PbjEQ,moorestown-new-jersey
https://www.ubereats.com/new-jersey/food-delivery/crab-du-jour-7801-maple-ave/Zn8Cbfw3TVSksqmuT5_-Nw,moorestown-new-jersey
https://www.ubereats.com/new-jersey/food-delivery/heart-beet-kitchen/5LCYb_CBTAGT0xQtvfDg-w,moorestown-new-jersey
https://www.ubereats.com/new-jersey/food-delivery/acai-cafe/2dCr0oxsTiSJuJwx4MR2Dw,moorestown-new-jersey
https://www.ubereats.com/new-jersey/food-delivery/dunkin-1860-marlton-pike-e/aeIkqP8vRS6LDHt809CsAA,moorestown-new-jersey
https://www.ubereats.com/new-jersey/food-delivery/rasta-kitchen/T_H_XlTQQ6uyDbXWSoM8fw,moorestown-new-jersey
https://www.ubereats.com/new-jersey/food-delivery/ming-garden-chinese-restaurant/0iN8Lxc8Tp6-d8_gIl4ofA,moorestown-new-jersey
https://www.ubereats.com/new-jersey/food-delivery/select-pizza-%7C-grill-cinnaminson/RTXjBbCyTBSeuBVHZOLobA,moorestown-new-jersey
https://www.ubereats.com/new-jersey/food-delivery/five-guys-nj-0496-127-g-route-130/RgRlZdNsRV-vKsvQsT2v7g,moorestown-new-jersey
https://www.ubereats.com/new-jersey/food-delivery/babagrill/vKJrAnAxQZiLvjdUjWrH_w,moorestown-new-jersey
https://www.ubereats.com/new-jersey/food-delivery/bubbakoos-burritos-cherry-hill/F4D9eCG5RjybThih0Aqt0Q,moorestown-new-jersey
https://www.ubereats.com/new-jersey/food-delivery/kiwi-yogurt/v1x80CgbSV6gxggPVZEOrQ,moorestown-new-jersey
https://www.ubereats.com/new-jersey/food-delivery/boston-market-1201-nixon-drive/dXInMAOCSeyQadGbIldZ2g,moorestown-new-jersey
https://www.ubereats.com/new-jersey/food-delivery/flemings-prime-steakhouse-%26-wine-bar-marlton/hDM0sDGsSZa5B9xa1r1zEw,moorestown-new-jersey
https://www.ubereats.com/new-jersey/food-delivery/burger-king-4801-north-crescent-boulevard/NQTpDf3XS0qA5jjGw0OJbQ,moorestown-new-jersey
https://www.ubereats.com/new-jersey/food-delivery/rexys/Gh3K7kvjR2CdY5NP2AjgBw,moorestown-new-jersey
https://www.ubereats.com/new-jersey/food-delivery/redhouse-bagels/wlNrruyUR1-Di_VFV0S2tQ,moorestown-new-jersey
https://www.ubereats.com/new-jersey/food-delivery/cold-stone-creamery-4270-dearborn-circle/6LEv4jqAQZG3OHDKzfC17w,moorestown-new-jersey
https://www.ubereats.com/new-jersey/food-delivery/aroma-indian-bistro/3kqEEufTTRmDm6pd8vmX0A,moorestown-new-jersey
https://www.ubereats.com/new-jersey/food-delivery/dunkin-461-route-38-west/e5VpfYGQTPKU4Y5eUII9Vg,moorestown-new-jersey
https://www.ubereats.com/new-jersey/food-delivery/gaetanos-maple-shade/1vTBoDJDQiasEnsUwDkKcg,moorestown-new-jersey
https://www.ubereats.com/new-jersey/food-delivery/bgood-26-centerton-rd/27mYKrihTuKY07JyViKV5w,moorestown-new-jersey
https://www.ubereats.com/new-jersey/food-delivery/burger-king-2795-south-route-73/uLCncv-aRnGMLQyef_Yq7w,moorestown-new-jersey
https://www.ubereats.com/new-jersey/food-delivery/outback-steakhouse-901-route-73-south/X9H9hrXWQiCz5ZRUwPi3eQ,moorestown-new-jersey
https://www.ubereats.com/new-jersey/food-delivery/chipotle-mexican-grill-500-route-73-s/fgIhY954SA6OnH1ZrkUrfQ,moorestown-new-jersey
https://www.ubereats.com/new-jersey/food-delivery/cracker-barrel-old-country-store-110-hancock-lane/oHpHzB1BT9el0NZMvT6HJQ,moorestown-new-jersey
https://www.ubereats.com/new-jersey/food-delivery/club-diner/QNCg82upTQWrsMY77K7y2g,moorestown-new-jersey
https://www.ubereats.com/new-jersey/food-delivery/fabrizios-pizza/cEHNk2M3SC2BhJQwGbqjCg,moorestown-new-jersey
https://www.ubereats.com/new-jersey/food-delivery/randazzo-italian-cuisine/Wn4jBiS-SQ2hn1JX40qtgg,moorestown-new-jersey
https://www.ubereats.com/new-jersey/food-delivery/fuwa-teriyaki-grill/_AzmDLAOQdOZ_BmUPoTs9g,moorestown-new-jersey
https://www.ubereats.com/new-jersey/food-delivery/chipotle-mexican-grill-10-centerton-rd/Nzyy4jykQqy2AqJSbHur4Q,moorestown-new-jersey
https://www.ubereats.com/new-jersey/food-delivery/tuccis-mini-hoagies/WDeOpIHYTcSEHeva9-4b0A,moorestown-new-jersey
https://www.ubereats.com/new-jersey/food-delivery/ristorante-al-fresco/G94dRJHSSZiOe30fL7MqBw,moorestown-new-jersey
https://www.ubereats.com/new-jersey/food-delivery/outback-steakhouse-230-lake-drive-east/jfTRyQMoRwKDGDNMSfatIw,moorestown-new-jersey
https://www.ubereats.com/new-jersey/food-delivery/sonic-112-black-horse-pike/mRfC0uPeRHOEBmBsBpGSlw,moorestown-new-jersey
https://www.ubereats.com/new-jersey/food-delivery/gaetanos-the-original/aPFIN_u9S0-Gwq41zaWTAg,moorestown-new-jersey
https://www.ubereats.com/new-jersey/food-delivery/pizza-hut-930-w-route-70/deB2ctXQRXS_QkclElO4RA,moorestown-new-jersey
https://www.ubereats.com/new-jersey/food-delivery/select-pizza-%7C-grill-marlton/hsoK2Is7RuuXUxqcdCOg4A,moorestown-new-jersey
https://www.ubereats.com/new-jersey/food-delivery/first-watch-cherry-hill/e8uIYErlRlSfX-kP3-SQIQ,moorestown-new-jersey
https://www.ubereats.com/new-jersey/food-delivery/tcby-230-n-maple-ave/YhyOcGBfTcyIMQJcMX4jWg,moorestown-new-jersey
https://www.ubereats.com/new-jersey/food-delivery/millers-ale-house-mt-laurel/8ZiTX6ZcQyS-OL0AwANhPA,moorestown-new-jersey
https://www.ubereats.com/new-jersey/food-delivery/starbucks-haddonfield/8oMIDzUxS3GooAPfZBitAw,moorestown-new-jersey
https://www.ubereats.com/new-jersey/food-delivery/seafood-haven-llc/1fn_MuuRTL6TOj3vW_OIqw,moorestown-new-jersey
https://www.ubereats.com/new-jersey/food-delivery/el-conuco-restaurant-and-lounge/WxCXyt3MRqO8zT2kxrQrig,moorestown-new-jersey
https://www.ubereats.com/new-jersey/food-delivery/the-ice-cream-shop/HRBPJwOTQ2WQpqJcqddn8Q,moorestown-new-jersey
https://www.ubereats.com/new-jersey/food-delivery/volcano-steak-and-sushi-berlin-township/6Do7P0yLTbmV-S5FZ2xPYw,moorestown-new-jersey
https://www.ubereats.com/new-jersey/food-delivery/olgas-diner/ptRKdYDnQVi4v9rZRZa5GA,moorestown-new-jersey
https://www.ubereats.com/new-jersey/food-delivery/mcdonalds-100-rt-130-n/aFCe6Y6JR9SxxRWZ4JPJlg,moorestown-new-jersey
https://www.ubereats.com/new-jersey/food-delivery/zoes-kitchen-1205-nixon-drive/neLWlN_BQYyLLBDYQYi8yA,moorestown-new-jersey
https://www.ubereats.com/new-jersey/food-delivery/mare-monte/PFArDLdMQ5GVeN5wEdm4Ag,moorestown-new-jersey
https://www.ubereats.com/new-jersey/food-delivery/shake-shack-321-w-rte-70/9fU7mS7JRti_JJeYgNRr9A,moorestown-new-jersey
https://www.ubereats.com/new-jersey/food-delivery/di-nics-oven-roasted-beef/pji_XtrFTEiUakQRF3lo5g,moorestown-new-jersey
https://www.ubereats.com/new-jersey/food-delivery/sals-pizzeria/CQs6203oSZ66D8LUnZvS9A,moorestown-new-jersey
https://www.ubereats.com/new-jersey/food-delivery/bobby-chez-collingswood/My_zLY5PQ9C-iDYpr01QYg,moorestown-new-jersey
https://www.ubereats.com/new-jersey/food-delivery/silver-diner-cherry-hill/hbCkgwu6SbCmiBf3lJKfYQ,moorestown-new-jersey
https://www.ubereats.com/new-jersey/food-delivery/amys-omelette-house/pfSD6wBTR5el-GisfYm9pg,moorestown-new-jersey
https://www.ubereats.com/new-jersey/food-delivery/munsalwa/G-1UvG1bQqee899sxNdzQg,moorestown-new-jersey
https://www.ubereats.com/new-jersey/food-delivery/jersey-diner/F1rt2miCRduPOepzePvJ7A,moorestown-new-jersey
https://www.ubereats.com/new-jersey/food-delivery/mcdonalds-1108-route-73/jlM77ThqTdiJX-aXFLFFUg,moorestown-new-jersey
https://www.ubereats.com/new-jersey/food-delivery/taco-bell-710-n-black-horse-pike/G4Koail6Tsaqo0oWhCP8Lg,moorestown-new-jersey
https://www.ubereats.com/new-jersey/food-delivery/krispy-krunchy-chicken-300-charleston-rd/6QXdC7SpQtu28CkVqNkjbg,moorestown-new-jersey
https://www.ubereats.com/new-jersey/food-delivery/rubys-cajun/KBSx9aTzSyiIzQwv5IkjYA,moorestown-new-jersey
https://www.ubereats.com/new-jersey/food-delivery/dunkin-1410-route-38/G6mV8klrTOu1G4Te-MvKDQ,moorestown-new-jersey
https://www.ubereats.com/new-jersey/food-delivery/nicky-bs-pizza/ZNorpdgwQ_6WCsBsAcfhpg,moorestown-new-jersey
https://www.ubereats.com/new-jersey/food-delivery/tgi-fridays-636-mt-laurel/lB9c8j2mRd6FIQoat3D_mg,moorestown-new-jersey
https://www.ubereats.com/new-jersey/food-delivery/papa-johns-1200-church-street-ste-111/sOnEZTaIT_CN5afJ7ZKh6g,moorestown-new-jersey
https://www.ubereats.com/new-jersey/food-delivery/mcdonalds-us-130-cooper-st/FdzE2ipzTQeXYCavGbX_XQ,moorestown-new-jersey
https://www.ubereats.com/new-jersey/food-delivery/sushi-kingdom/-LXHuErVQb-fv-9G-kvcCg,moorestown-new-jersey
https://www.ubereats.com/new-jersey/food-delivery/on-the-grill/UaUAdroZQFCY1l4ou6Lyog,moorestown-new-jersey
https://www.ubereats.com/new-jersey/food-delivery/anthonys-coal-fired-pizza-7000-midlantic-dr/GfCWdTd-SNyDZSPXH1cn9g,moorestown-new-jersey
https://www.ubereats.com/new-jersey/food-delivery/kfc-4218-route-130/FqmNLRERRmu61P0XlU5vvQ,moorestown-new-jersey
