url,city
https://www.ubereats.com/palm-springs/food-delivery/burgerim-12848-day-st-suite-b/nFlMI2TYSUSMO37p5vmu1A,moreno-valley-california
https://www.ubereats.com/palm-springs/food-delivery/subway-16110-perris-blvd/nlWX-43zQoeraklNWRRnPQ,moreno-valley-california
https://www.ubereats.com/palm-springs/food-delivery/carls-jr-19360-van-buren-blvd/85kMHljKS7mvoscd0rWuJg,moreno-valley-california
https://www.ubereats.com/palm-springs/food-delivery/the-habit-burger-grill-27511-san-bernardino-ave-suite-100/KiyTkGgKTG-26QFCdQmpPw,moreno-valley-california
https://www.ubereats.com/inland-empire/food-delivery/miguels-jr-moreno-valley/wnQgjmy2TvihZGzSpNlBBg,moreno-valley-california
https://www.ubereats.com/palm-springs/food-delivery/carls-jr-22580-cactus-ave/M0TS8EnNTzGHtOG85HlhSg,moreno-valley-california
https://www.ubereats.com/inland-empire/food-delivery/la-bufadora-baja-grill-mission-grove/LGMNyKYZQ6q3NJvcrTRKyQ,moreno-valley-california
https://www.ubereats.com/palm-springs/food-delivery/taqueria-del-valle/tVCelze7QCS7Cmy50B3KlQ,moreno-valley-california
https://www.ubereats.com/palm-springs/food-delivery/plant-power-fast-food/SEkazwGnTsG1A7BpGuBT8Q,moreno-valley-california
https://www.ubereats.com/palm-springs/food-delivery/jack-in-the-box-14485-moreno-beach-dr/c2j6P2nBR0eYS0N2U9-a3Q,moreno-valley-california
https://www.ubereats.com/palm-springs/food-delivery/carls-jr-27670-eucalyptus-ave/x6SVydZMSjej528uf4aQnQ,moreno-valley-california
https://www.ubereats.com/palm-springs/food-delivery/panda-express-12610-day-street/mc5-AvkDSzeRHqd-rebfqA,moreno-valley-california
https://www.ubereats.com/palm-springs/food-delivery/mercado-don-juan/GWk7lrUbQcCyxK9cX6gsoA,moreno-valley-california
https://www.ubereats.com/palm-springs/food-delivery/farmer-boys-ramona-expressway/5j0ixArQT6O33aN2meF7LA,moreno-valley-california
https://www.ubereats.com/palm-springs/food-delivery/wendys-8745-trautwein-road/_OzcAG4DQ-i_8BrBu5AR2A,moreno-valley-california
https://www.ubereats.com/palm-springs/food-delivery/marcos-pizza-moreno-valley/QicEqS8vRHWaLXw79qwVCw,moreno-valley-california
https://www.ubereats.com/palm-springs/food-delivery/starbucks-hemlock-%26-perris-moreno-valley/nqmSqhhNSTic3_0mvBE_3g,moreno-valley-california
https://www.ubereats.com/palm-springs/food-delivery/my-hero-subs/PcBzC7bXRwW8JD09BSpy9Q,moreno-valley-california
https://www.ubereats.com/palm-springs/food-delivery/dennys-24952-sunnymead-blvd/cTDpX-VXQ8qqd-K-bmjOrw,moreno-valley-california
https://www.ubereats.com/palm-springs/food-delivery/chick-in-chick-out/qlYK-SncQDmK3q27cqqfqA,moreno-valley-california
https://www.ubereats.com/palm-springs/food-delivery/el-pollo-loco-12821-moreno-beach-dr6023/3-cxkSEuTReVYWVaCh7pUQ,moreno-valley-california
https://www.ubereats.com/palm-springs/food-delivery/rivercrust-deli/UJxb3jiTSOKCml0p9Qb-2Q,moreno-valley-california
https://www.ubereats.com/palm-springs/food-delivery/burgerim-27130-eucalyptus-ave-ste-b/B1-uuD_eRoqqIN0wkjgiNg,moreno-valley-california
https://www.ubereats.com/palm-springs/food-delivery/mcdonalds-23831-sunnymead-blvd/wQk26DASRIiljarWdMTLAw,moreno-valley-california
https://www.ubereats.com/palm-springs/food-delivery/dickeys-barbecue-pit-moreno-valley/oc3crTb_RqSHK9Hd5YHzoQ,moreno-valley-california
https://www.ubereats.com/palm-springs/food-delivery/the-cookie-plug/SXB2UUFfSl60FO3PyOtkQw,moreno-valley-california
https://www.ubereats.com/palm-springs/food-delivery/la-michocana-alessandro-blvd/N4XNYjMfRHqPtU3kVF-LQg,moreno-valley-california
https://www.ubereats.com/palm-springs/food-delivery/ie-vegan-thai-chinese/1_odNEkTS_Wn3idXzkQx9w,moreno-valley-california
https://www.ubereats.com/palm-springs/food-delivery/culichi-town-moreno-valley/4Z6Oqa_QQ8aenWtBADEgOQ,moreno-valley-california
https://www.ubereats.com/palm-springs/food-delivery/mountain-mikes-pizza-605-n-eureka-street-suite-100/3b8dX-9JRlOSQmgfGCVwcg,moreno-valley-california
https://www.ubereats.com/palm-springs/food-delivery/cinnabon-22500-town-circlesuite-1111/BjMPC1_iR2mUEHmAOU39RQ,moreno-valley-california
https://www.ubereats.com/palm-springs/food-delivery/freshii-inland-empire/CanfvMzMTAOpSwvozno6gg,moreno-valley-california
https://www.ubereats.com/palm-springs/food-delivery/waba-grill-2585-canyon-springs-parkway-riverside/-cTFfyY5S4C5NYFHDwiEeQ,moreno-valley-california
https://www.ubereats.com/inland-empire/food-delivery/jitterz-coffee/swUf1M6HTXO4rX0PU4E-HA,moreno-valley-california
https://www.ubereats.com/palm-springs/food-delivery/jack-in-the-box-25950-iris-ave/uiRvT5m9Qc2EUrziNRdXvg,moreno-valley-california
https://www.ubereats.com/palm-springs/food-delivery/kabab-el-basha/J90dn71sQDOeLIwYaIX_Wg,moreno-valley-california
https://www.ubereats.com/palm-springs/food-delivery/jack-in-the-box-22450-alessandro-blvd/cfknTaepTNKqJbKCd12f1w,moreno-valley-california
https://www.ubereats.com/palm-springs/food-delivery/piara-pizza-moreno-valley/ya0FP4K_Re6iNb8fgXJgtw,moreno-valley-california
https://www.ubereats.com/palm-springs/food-delivery/subway-12190-perris-blvd/tqSv2iy_Sn6ggUtP2XT84A,moreno-valley-california
https://www.ubereats.com/palm-springs/food-delivery/starbucks-frederick-%26-hwy-60-moreno-valley/9sbVUvbfR3S0VP7vEVBZTw,moreno-valley-california
https://www.ubereats.com/palm-springs/food-delivery/ihop-san-bernardino/D5Il6fS6RYmgkUj5qPd0Sw,moreno-valley-california
https://www.ubereats.com/palm-springs/food-delivery/getaway-cafe/t76wziP3SC6S7vHsoWdqSQ,moreno-valley-california
https://www.ubereats.com/palm-springs/food-delivery/burger-king-23125-hemlock-avenue/IvT7-4E7T6KGBmhZKx7faA,moreno-valley-california
https://www.ubereats.com/palm-springs/food-delivery/jersey-mikes-subs-12625-frederick-street/N9c5w0OlTvKagO-GIW-YBw,moreno-valley-california
https://www.ubereats.com/palm-springs/food-delivery/red-maple-pizza/6s6cAxBUQq-xzGugDnyFGw,moreno-valley-california
https://www.ubereats.com/inland-empire/food-delivery/plant-power-fast-food/SEkazwGnTsG1A7BpGuBT8Q,moreno-valley-california
https://www.ubereats.com/palm-springs/food-delivery/jitterz-coffee/swUf1M6HTXO4rX0PU4E-HA,moreno-valley-california
https://www.ubereats.com/palm-springs/food-delivery/margaritas-grill-restaurant/Ri3Bl5jdRyeqiER87LVL3w,moreno-valley-california
https://www.ubereats.com/inland-empire/food-delivery/pieology-pizzeria-perris/IjbEiiuzRnKXfoIOmRorCw,moreno-valley-california
https://www.ubereats.com/palm-springs/food-delivery/the-cupcake-and-espresso-bar-day-street/WjZOwA1ASnaYiI2GemGSAw,moreno-valley-california
https://www.ubereats.com/palm-springs/food-delivery/rubios-1201-university-avenue/d5MTzxoZQ7S0WNFc2PdUpA,moreno-valley-california
https://www.ubereats.com/palm-springs/food-delivery/the-sand-trap-sports-bar-%26-grill/7mZVio8hQ4meYt3iC46xPg,moreno-valley-california
https://www.ubereats.com/palm-springs/food-delivery/waba-grill-27511-san-bernardino/eagUPl35TFK3RPfagvsDww,moreno-valley-california
https://www.ubereats.com/palm-springs/food-delivery/miguels-jr-moreno-valley/wnQgjmy2TvihZGzSpNlBBg,moreno-valley-california
https://www.ubereats.com/palm-springs/food-delivery/dairy-queen-treat-moreno-valley-mall-2250/zpOpOMmBS5uNu_nfiUFtbw,moreno-valley-california
https://www.ubereats.com/palm-springs/food-delivery/panda-express-1840-n-perris-blvd/FfzbW3VKS12l2JkfT8AZwQ,moreno-valley-california
https://www.ubereats.com/inland-empire/food-delivery/el-pollo-loco-12821-moreno-beach-dr6023/3-cxkSEuTReVYWVaCh7pUQ,moreno-valley-california
https://www.ubereats.com/inland-empire/food-delivery/zapatas-mexican-restaurant-moreno-valley/pSiPR33dRLCKOZ1PCP1gYg,moreno-valley-california
https://www.ubereats.com/palm-springs/food-delivery/rok-n-fondue/y1ywuV5aTlyVyQAIX1Y07g,moreno-valley-california
https://www.ubereats.com/palm-springs/food-delivery/burger-king-24800-sunnymead-blvd/DK1KDORqQaaAIwSCSPaVvw,moreno-valley-california
https://www.ubereats.com/palm-springs/food-delivery/panda-express-27680-eucalyptus-ave/Qyq94SvbRw6WWpDAxrWvcQ,moreno-valley-california
https://www.ubereats.com/palm-springs/food-delivery/carls-jr-22700-centerpoint-dr/dNvMAYjqRUmXh8mjjcPuCQ,moreno-valley-california
https://www.ubereats.com/palm-springs/food-delivery/castanedas-mexican-food-university-ave-riverside-ca/Kwok3zrBT72TDfz771UwPw,moreno-valley-california
https://www.ubereats.com/palm-springs/food-delivery/jack-in-the-box-5700-sycamore-cyn-blvd/cnljUxLqQAmOTG0OKGIp_Q,moreno-valley-california
https://www.ubereats.com/palm-springs/food-delivery/chipotle-mexican-grill-635-orange-st/BiwcDV98THWpN0BUCzvoyQ,moreno-valley-california
https://www.ubereats.com/palm-springs/food-delivery/miguels-jr-woodcrest/ipaAcL8jRVq3aJwdzxModw,moreno-valley-california
https://www.ubereats.com/palm-springs/food-delivery/menchies-frozen-yogurt-27130-eucalyptus-ave/ik-V6t4YTSa7rvs2te7euA,moreno-valley-california
https://www.ubereats.com/palm-springs/food-delivery/tios-mexican-food-riverside/JuWvX09vQ4eaOg0CYoC-Vg,moreno-valley-california
https://www.ubereats.com/palm-springs/food-delivery/juice-it-up/XZ8pfYbXRXuCYJgq_cZ87A,moreno-valley-california
https://www.ubereats.com/palm-springs/food-delivery/taco-bell-1225-w-colton/w0JZqxgMSyaHCXJ4xoq8Qg,moreno-valley-california
https://www.ubereats.com/palm-springs/food-delivery/tios-tacos-jr/XmqqYq8tQsC3JpsgoHMO0g,moreno-valley-california
https://www.ubereats.com/palm-springs/food-delivery/frice/gumQpWcbTB-Kl4BwSlo04A,moreno-valley-california
https://www.ubereats.com/palm-springs/food-delivery/farmer-boys-moreno-valley/V_7HupEUScycU8PvKy46eA,moreno-valley-california
https://www.ubereats.com/palm-springs/food-delivery/alamillas-mexican-food/fvD6I-J2TGS0hXxJT0lFbQ,moreno-valley-california
https://www.ubereats.com/inland-empire/food-delivery/papa-johns-moreno-valley/l2ktXYxlSJqvoHcttezREQ,moreno-valley-california
https://www.ubereats.com/palm-springs/food-delivery/east-coast-bagel-riverside/DPdfasHtTu6o3rABulvpqg,moreno-valley-california
https://www.ubereats.com/palm-springs/food-delivery/wendys-12671-moreno-beach-drive/CWSxMFUbSWa_cn7U3BAOuA,moreno-valley-california
https://www.ubereats.com/palm-springs/food-delivery/yogurtland-12515-frederick-st/eVvpVDw9Qk6kijiHNU5TEg,moreno-valley-california
https://www.ubereats.com/palm-springs/food-delivery/carls-jr-736-ramona-expressway/gYPlyX7JQBCyXplBqs4RbA,moreno-valley-california
https://www.ubereats.com/palm-springs/food-delivery/dukes-bar-and-grill/OZii9b74RwavLtpsg8zFBg,moreno-valley-california
https://www.ubereats.com/palm-springs/food-delivery/taco-bell-23010-sunnymead-blvd/lA3SNQhKRQyo4AB5sQDXwg,moreno-valley-california
https://www.ubereats.com/inland-empire/food-delivery/mercado-don-juan/GWk7lrUbQcCyxK9cX6gsoA,moreno-valley-california
https://www.ubereats.com/inland-empire/food-delivery/mountain-mikes-pizza-605-n-eureka-street-suite-100/3b8dX-9JRlOSQmgfGCVwcg,moreno-valley-california
https://www.ubereats.com/inland-empire/food-delivery/don-orange-tacos/H0s0Cm0CTf69U7LkXf-gHA,moreno-valley-california
https://www.ubereats.com/palm-springs/food-delivery/sushi-kinoya/BbCdcqwETKyD7be0ZtzxVQ,moreno-valley-california
https://www.ubereats.com/palm-springs/food-delivery/el-pollo-loco-2720-canyon-springs-pkwy6012/-PP_DqOmSEifnQh03TuJgQ,moreno-valley-california
https://www.ubereats.com/palm-springs/food-delivery/yoshinoya-24318-hemlock-ave-%23h/vUU7a_MPSkiFPk9xhWTkWg,moreno-valley-california
https://www.ubereats.com/palm-springs/food-delivery/2krzy-grill/XbbC1Nh9RcGJa1tybhnQrw,moreno-valley-california
https://www.ubereats.com/palm-springs/food-delivery/subway-25970-iris-ave/vkhLWQE1T5-ViluYxKKGpg,moreno-valley-california
https://www.ubereats.com/palm-springs/food-delivery/perris-burgers/o6tPDK5mQCidj6vNRRlVtg,moreno-valley-california
https://www.ubereats.com/palm-springs/food-delivery/taco-bell-24936-elder-ave/2XUaSiybScy6WK4RpHkNVQ,moreno-valley-california
https://www.ubereats.com/palm-springs/food-delivery/panda-express-25970-iris-ave/PMA25HqNRdCwR8R-vvUh7w,moreno-valley-california
https://www.ubereats.com/inland-empire/food-delivery/be-happy-cafe-and-juice-bar/yJzK62lBTeO4aX-IFFNTig,moreno-valley-california
https://www.ubereats.com/inland-empire/food-delivery/tios-mexican-food-riverside/JuWvX09vQ4eaOg0CYoC-Vg,moreno-valley-california
https://www.ubereats.com/inland-empire/food-delivery/la-bufadora-baja-grill-perris/f1ZWBaYNQS6k8OsjRcu_uw,moreno-valley-california
https://www.ubereats.com/inland-empire/food-delivery/el-super-moreno-valley/hNXRENAnQAaKfqYQ5hmPSQ,moreno-valley-california
https://www.ubereats.com/inland-empire/food-delivery/aibetos-fresh-mexican-food/9Xg0RPA3SjS-WebhRM57-Q,moreno-valley-california
https://www.ubereats.com/palm-springs/food-delivery/mcdonalds-12371-perris-blvd/N40YpXvxRRKeG9y8_IT3YA,moreno-valley-california
https://www.ubereats.com/palm-springs/food-delivery/the-buffalo-spot-riverside/gspx3kH8Qe6X9tMuxTWkUg,moreno-valley-california
https://www.ubereats.com/palm-springs/food-delivery/carls-jr-25055-elder-ave/kSsyyr8jSECam__cAIf6dA,moreno-valley-california
https://www.ubereats.com/inland-empire/food-delivery/el-pollo-loco-15135-perris-blvd/xN93lGvkRZGTKA4ysXW-ag,moreno-valley-california
https://www.ubereats.com/palm-springs/food-delivery/applebees-12600-day-street-%2379065/okWwR3IET6yMk6kzZfkuOg,moreno-valley-california
https://www.ubereats.com/palm-springs/food-delivery/crest-cafe-riverside/p_bYgUPLRk-mMQEnAe_A6g,moreno-valley-california
https://www.ubereats.com/palm-springs/food-delivery/kfc-%2349-12280-heacock-st/ryyqPCWiTaynnn7uSB25rA,moreno-valley-california
https://www.ubereats.com/palm-springs/food-delivery/churchs-chicken-24440-a-allessandro-blvd/jGf9WA_cQNGL6OY1kBSKSw,moreno-valley-california
https://www.ubereats.com/palm-springs/food-delivery/kfc-%2329-16040-perris-blvd/_b4AVJkqR5KVyB8HxE9ZsA,moreno-valley-california
https://www.ubereats.com/inland-empire/food-delivery/albertacos-mexican-food-moreno-valley/kxcVf-WfTkSZcqIT5WaxKg,moreno-valley-california
https://www.ubereats.com/palm-springs/food-delivery/369-ramen-%26-poke-moreno-valley/z2_x66bXTN-MwwXMN_xIyQ,moreno-valley-california
https://www.ubereats.com/inland-empire/food-delivery/miguels-jr-woodcrest/ipaAcL8jRVq3aJwdzxModw,moreno-valley-california
https://www.ubereats.com/palm-springs/food-delivery/jersey-mikes-subs-26150-iris-ave/xwXSRXpDSjCkKhQPwzFVmA,moreno-valley-california
https://www.ubereats.com/palm-springs/food-delivery/chef-bs-creole-%26-soul-food/wRXvUha3TPa-plrH3ro6Mg,moreno-valley-california
https://www.ubereats.com/palm-springs/food-delivery/kfc-%2339-645-e-redlands-blvd/TY6YR8ByRtK25A0IMH2AAA,moreno-valley-california
https://www.ubereats.com/palm-springs/food-delivery/rallys-12721-moreno-beach-dr/YJBGKaaWRMmpolR-ccnsBQ,moreno-valley-california
https://www.ubereats.com/palm-springs/food-delivery/mr-rice/-W1FTV-tSfu5uKRNDjLqIw,moreno-valley-california
https://www.ubereats.com/inland-empire/food-delivery/taqueria-de-jose%60/0J17fYRQR5GGwldwz2LtqQ,moreno-valley-california
https://www.ubereats.com/inland-empire/food-delivery/el-pollo-loco-18661-van-buren-blvd6180/knqp3G7MR4W45UlTUq-Adw,moreno-valley-california
https://www.ubereats.com/palm-springs/food-delivery/sbarro-22500-town-gate-circle-space-%23-2127-moreno-valley-mall/QkW8lD_PR5GhMFTb9qbwkQ,moreno-valley-california
https://www.ubereats.com/palm-springs/food-delivery/subway-24990-alessandro-blvd/nVPHmQxHQeGQvTE3H3dNrA,moreno-valley-california
https://www.ubereats.com/palm-springs/food-delivery/sizzler-91-w-nuevo-rd/Pvhfic23QJmmso4KSQ4tmA,moreno-valley-california
https://www.ubereats.com/palm-springs/food-delivery/cold-stone-creamery-25960-iris-ave/Q1JDpFUaTde2SPOrSCCqZQ,moreno-valley-california
https://www.ubereats.com/palm-springs/food-delivery/china-one-moreno-valley/b9wjtqScQgWS0_p6vcIaLg,moreno-valley-california
https://www.ubereats.com/palm-springs/food-delivery/jersey-mikes-subs/gufOmcYYTiCxB-EXUFLthQ,moreno-valley-california
https://www.ubereats.com/palm-springs/food-delivery/panda-express-900-university-ave/nKtbPj43Q5ekMq1CiUOlsg,moreno-valley-california
https://www.ubereats.com/palm-springs/food-delivery/matsuri-japanese-restaurant/fm478QNaST2aSsmF1nUeCQ,moreno-valley-california
https://www.ubereats.com/palm-springs/food-delivery/carls-jr-69w-nuevo-rd/KZ7OIvLEQsaXFYJ5WgrmZA,moreno-valley-california
https://www.ubereats.com/inland-empire/food-delivery/valentinos-pizza-and-sports-bar/o3A3XIr_QaS9GdSeog1Yxw,moreno-valley-california
https://www.ubereats.com/palm-springs/food-delivery/knockout-burgers-%26-gyros/FjKat2RwQWuOtynMhoe1Uw,moreno-valley-california
https://www.ubereats.com/inland-empire/food-delivery/el-pollo-loco-2720-canyon-springs-pkwy6012/-PP_DqOmSEifnQh03TuJgQ,moreno-valley-california
https://www.ubereats.com/palm-springs/food-delivery/jasmine-thai-cuisine/dZkE_lLHQ16CQHPG4okn_Q,moreno-valley-california
https://www.ubereats.com/palm-springs/food-delivery/dairy-queen-grill-%26-chill-664-e-redlands-blvd/Yv0KYqCWTU6xbLLUwYv3tw,moreno-valley-california
https://www.ubereats.com/palm-springs/food-delivery/pho-shack-noodles-and-grill/7mzsL1V5Q-u_jnXIkgs62g,moreno-valley-california
https://www.ubereats.com/palm-springs/food-delivery/eureka!-redlands/oqlIEz4-SzSvr3yYCpu6Aw,moreno-valley-california
https://www.ubereats.com/inland-empire/food-delivery/waba-grill-27511-san-bernardino/eagUPl35TFK3RPfagvsDww,moreno-valley-california
https://www.ubereats.com/palm-springs/food-delivery/jack-in-the-box-15030-perris-blvd/sCqRZ-HLTgCwlADVsDhRcw,moreno-valley-california
https://www.ubereats.com/palm-springs/food-delivery/miguels-jr-redlands/EV3tQs-ISrysgtd8f8cuBw,moreno-valley-california
https://www.ubereats.com/palm-springs/food-delivery/mariscos-tecuala/WXlTZOmwQy6sqNdwRCdIfA,moreno-valley-california
https://www.ubereats.com/palm-springs/food-delivery/tuition-tacos/DbxWzN-9TB6SdK3FftWjuw,moreno-valley-california
https://www.ubereats.com/palm-springs/food-delivery/mcdonalds-2891-canyon-springs-parkway/tJe4KUN_TCi_mIKV4rhPsg,moreno-valley-california
https://www.ubereats.com/palm-springs/food-delivery/del-taco-12641-moreno-beach-drive/2tsTUx9KSOyoYKxLMjGNfQ,moreno-valley-california
https://www.ubereats.com/palm-springs/food-delivery/winchells-donut-house-345-e-4th-st-suite-b/UkOxLw6cT3OYUjSvj6B4uA,moreno-valley-california
https://www.ubereats.com/palm-springs/food-delivery/mr-taco-fresh-mexican-grill-main-st/z8PTh1JMR56c6d8fhRkxhQ,moreno-valley-california
https://www.ubereats.com/inland-empire/food-delivery/alamillas-mexican-food/fvD6I-J2TGS0hXxJT0lFbQ,moreno-valley-california
https://www.ubereats.com/palm-springs/food-delivery/river-khwae-thai-cuisine/jtG3icv1Spa0cnjaSGxmMQ,moreno-valley-california
https://www.ubereats.com/palm-springs/food-delivery/gandhi-indian-cuisine-%26-banquet/FOIkqKcTSW62ovUy28KKfQ,moreno-valley-california
https://www.ubereats.com/palm-springs/food-delivery/divinos-bakery-y-restaurante/jq75L0CiT1iiY5_1yStL3w,moreno-valley-california
https://www.ubereats.com/palm-springs/food-delivery/rubios-2694-canyon-spr-pkwy/BfxOynvuSqqvkwpsspQj7g,moreno-valley-california
https://www.ubereats.com/palm-springs/food-delivery/jitterz-coffee/FklCnxHQQ8KQISIeKYrCdQ,moreno-valley-california
https://www.ubereats.com/palm-springs/food-delivery/toms-%231-worlds-famous-chiliburgers/YXSc97JfSG-csp83Gc5w-A,moreno-valley-california
https://www.ubereats.com/palm-springs/food-delivery/el-pollo-loco-1210-w-colton-ave5790/bl-2IuEHRCOkEmTBqWPyYQ,moreno-valley-california
https://www.ubereats.com/palm-springs/food-delivery/sunnymead-burgers/NETFFRNBT2yLroWy1yj75Q,moreno-valley-california
https://www.ubereats.com/palm-springs/food-delivery/farmer-boys-alessando-blvd/spOqJ2JDReuO2yjVMHuf2w,moreno-valley-california
https://www.ubereats.com/palm-springs/food-delivery/mcdonalds-64-e-ramona-expy/BZbSDDkNQ4eL_-pNnsK0Zg,moreno-valley-california
https://www.ubereats.com/palm-springs/food-delivery/pasquallys-pizza-%26-wings-23160-sunnymead-blvd/3UIwuhUFQqiJjSvZjZ9XhA,moreno-valley-california
https://www.ubereats.com/inland-empire/food-delivery/la-concha-coastal-mexican-grill/La_JW31dSCOWbyznBVPBGw,moreno-valley-california
https://www.ubereats.com/inland-empire/food-delivery/pasquallys-pizza-%26-wings-23160-sunnymead-blvd/3UIwuhUFQqiJjSvZjZ9XhA,moreno-valley-california
https://www.ubereats.com/palm-springs/food-delivery/pieology-pizzeria-perris/IjbEiiuzRnKXfoIOmRorCw,moreno-valley-california
https://www.ubereats.com/palm-springs/food-delivery/jack-in-the-box-24985-elder-ave/Ck7X49X8RfKd928EgdtHPA,moreno-valley-california
https://www.ubereats.com/palm-springs/food-delivery/taco-bell-181-e-alessandro-blvd/O5kE7008TTOeDOPX33vH1Q,moreno-valley-california
https://www.ubereats.com/palm-springs/food-delivery/zapatas-mexican-restaurant-moreno-valley/pSiPR33dRLCKOZ1PCP1gYg,moreno-valley-california
https://www.ubereats.com/palm-springs/food-delivery/black-bear-diner-24949-sunnymead-boulevard/fJ2sJAAWR9iYCs1-UHisoQ,moreno-valley-california
https://www.ubereats.com/palm-springs/food-delivery/del-taco-25024-alessandro-blvd/KvD0XpsUQFqh4ctnWuYCjA,moreno-valley-california
https://www.ubereats.com/palm-springs/food-delivery/waba-grill-1870-north-perris-blvd-perris/QXOdlxMlSXKg1-j48DG_iw,moreno-valley-california
https://www.ubereats.com/palm-springs/food-delivery/subway-14465-moreno-beach-dr-ste-106/ZMTJoRjfRM-z_wzu7ooqHQ,moreno-valley-california
https://www.ubereats.com/palm-springs/food-delivery/portillos-hot-dogs-12840-day-street/3WSoPO6tSd2VCTMOLrx83g,moreno-valley-california
https://www.ubereats.com/palm-springs/food-delivery/la-bufadora-baja-grill-perris/f1ZWBaYNQS6k8OsjRcu_uw,moreno-valley-california
https://www.ubereats.com/palm-springs/food-delivery/pieology-moreno-valley/Ra4q22H9RkKxkqHO2A5NUg,moreno-valley-california
https://www.ubereats.com/palm-springs/food-delivery/carls-jr-5225-canyon-crest-dr-ste-82/bZkv4FkWTi-SJxnK50aR-Q,moreno-valley-california
https://www.ubereats.com/inland-empire/food-delivery/nekter-juice-bar-riverside/15FQIWPPQhG3HiaZRzMpYw,moreno-valley-california
https://www.ubereats.com/palm-springs/food-delivery/la-bufadora-baja-grill-mission-grove/LGMNyKYZQ6q3NJvcrTRKyQ,moreno-valley-california
https://www.ubereats.com/palm-springs/food-delivery/farmer-boys-moreno-valley-pigeon-pass-rd/_uMCTRK5QO6RaYMtjiTriQ,moreno-valley-california
https://www.ubereats.com/palm-springs/food-delivery/del-taco-23573-sunnymead-ranch-pkwy/H605Q4EqTP6JerXOqC37kg,moreno-valley-california
https://www.ubereats.com/palm-springs/food-delivery/la-concha-coastal-mexican-grill/La_JW31dSCOWbyznBVPBGw,moreno-valley-california
https://www.ubereats.com/palm-springs/food-delivery/mountain-mikes-pizza-25970-iris-ave/QAvSFfXqR0mtDMhYKE80dQ,moreno-valley-california
https://www.ubereats.com/palm-springs/food-delivery/el-pollo-loco-15135-perris-blvd/xN93lGvkRZGTKA4ysXW-ag,moreno-valley-california
https://www.ubereats.com/palm-springs/food-delivery/papa-johns-moreno-valley/l2ktXYxlSJqvoHcttezREQ,moreno-valley-california
https://www.ubereats.com/palm-springs/food-delivery/taco-bell-27010-fir-ave/7z0KY3AqTgiFD7xzAEML2g,moreno-valley-california
https://www.ubereats.com/palm-springs/food-delivery/starbucks-moreno-beach-%26-hwy-60/Wm5oQAhIS32JYqmLSYMmDA,moreno-valley-california
https://www.ubereats.com/palm-springs/food-delivery/california-pizza-kitchen-3540-riverside-plaza-ste-%23308/xo50G-JZRFaC_h2a4N3DrQ,moreno-valley-california
https://www.ubereats.com/palm-springs/food-delivery/taco-bell-22585-alessandro-blvd/YmYJf2rjQrGTqRol_Y0Niw,moreno-valley-california
https://www.ubereats.com/palm-springs/food-delivery/el-pollo-loco-18661-van-buren-blvd6180/knqp3G7MR4W45UlTUq-Adw,moreno-valley-california
https://www.ubereats.com/palm-springs/food-delivery/nekter-juice-bar-riverside/15FQIWPPQhG3HiaZRzMpYw,moreno-valley-california
https://www.ubereats.com/palm-springs/food-delivery/joannas/bjLX7XCzRrCEa6kfmLUtGA,moreno-valley-california
https://www.ubereats.com/palm-springs/food-delivery/jack-in-the-box-12477-heacock-st/VNqvCkCRQ1OpKTxfD4wjLg,moreno-valley-california
https://www.ubereats.com/palm-springs/food-delivery/del-taco-16150-perris-blvd/PQ9bGnQcRtCTFdf71JkGqA,moreno-valley-california
https://www.ubereats.com/palm-springs/food-delivery/jack-in-the-box-3886-chicago-ave/sEkOHRnZR9OXFLs-brJAQg,moreno-valley-california
https://www.ubereats.com/palm-springs/food-delivery/hooters-6225-valley-springs-pkwy/CYM-cgETTA6nGqxofjbxtA,moreno-valley-california
https://www.ubereats.com/palm-springs/food-delivery/del-taco-12625-frederick-st/RM02AEm7TH2J1dB24-6x6Q,moreno-valley-california
https://www.ubereats.com/palm-springs/food-delivery/papa-johns-120-e-ramona-expressway/EBx9eIO0QeuGmpxjIee2RA,moreno-valley-california
https://www.ubereats.com/palm-springs/food-delivery/jack-in-the-box-27030-fir-ave/Qct_l0upTqSrXzamIXN1gA,moreno-valley-california
https://www.ubereats.com/palm-springs/food-delivery/macaroni-grill-redlands/ddIAzv6BRma_6S7PFpuLIA,moreno-valley-california
https://www.ubereats.com/palm-springs/food-delivery/angelos-burgers/anCMHAlsS1qjBgGjeObINg,moreno-valley-california
https://www.ubereats.com/palm-springs/food-delivery/the-cupcake-and-espresso-bar-moreno-valley/GQhYVHtmRzCQH0oHDHQqPg,moreno-valley-california
https://www.ubereats.com/inland-empire/food-delivery/macaroni-grill-redlands/ddIAzv6BRma_6S7PFpuLIA,moreno-valley-california
https://www.ubereats.com/palm-springs/food-delivery/chuck-e-cheese-23160-sunnymead-blvd/StvKLA5RTCWsCc3osrI-Gw,moreno-valley-california
https://www.ubereats.com/palm-springs/food-delivery/cha2o/mkSlUn_7QJWB9-Lz7ghfpw,moreno-valley-california
https://www.ubereats.com/inland-empire/food-delivery/ie-vegan-thai-chinese/1_odNEkTS_Wn3idXzkQx9w,moreno-valley-california
https://www.ubereats.com/palm-springs/food-delivery/naan-cafe/MIs7eUErTYKKVmty5Sm4bQ,moreno-valley-california
https://www.ubereats.com/palm-springs/food-delivery/mcdonalds-26200-iris-avenue/OnoQUY6sScyXQ9-uJZlFrw,moreno-valley-california
https://www.ubereats.com/palm-springs/food-delivery/round-table-pizza-eucalyptus-ave/fxK9Q48mQHOU0NobTOx9DQ,moreno-valley-california
https://www.ubereats.com/palm-springs/food-delivery/chick-fil-a-2885-canyon-springs-pkwy/krrxwxijTMKLP8nUMjAJDw,moreno-valley-california
https://www.ubereats.com/palm-springs/food-delivery/garden-thai-cuisine/Wh1reSjeTV-0fM7yVuUYBg,moreno-valley-california
https://www.ubereats.com/palm-springs/food-delivery/dunkin-18641-van-buren-blvd/9xt4H_MUSVuSe-CcDAlVSg,moreno-valley-california
https://www.ubereats.com/palm-springs/food-delivery/the-habit-burger-grill-12560-day-street-ste-a/d0cJ2V3bRQSIGbhrxsp3iw,moreno-valley-california
https://www.ubereats.com/palm-springs/food-delivery/chipotle-mexican-grill-12625-frederick-st/vWM3MOWPRtaqkschryz4Vw,moreno-valley-california
https://www.ubereats.com/palm-springs/food-delivery/five-guys-ca-1271-10060-alabama-street/fY4rXyYCToSu9RpYywGrmQ,moreno-valley-california
https://www.ubereats.com/palm-springs/food-delivery/don-orange-tacos/H0s0Cm0CTf69U7LkXf-gHA,moreno-valley-california
https://www.ubereats.com/palm-springs/food-delivery/steak-n-shake-6231-valley-springs-parkway/7ZrPwP05SYm-cK2RU_iKHw,moreno-valley-california
https://www.ubereats.com/palm-springs/food-delivery/tacos-arandas-moreno-valley/bBY7Hmh-QlWeieyZjV8Vdw,moreno-valley-california
https://www.ubereats.com/palm-springs/food-delivery/mcdonalds-24440-alessandro-blvd/FQO4Np-kScqsFqq3FWOvpw,moreno-valley-california
https://www.ubereats.com/palm-springs/food-delivery/be-happy-cafe-and-juice-bar/yJzK62lBTeO4aX-IFFNTig,moreno-valley-california
https://www.ubereats.com/palm-springs/food-delivery/the-ice-cream-shop/hyFpF9xmSdmvEpE1aBnU9A,moreno-valley-california
https://www.ubereats.com/palm-springs/food-delivery/albertacos-mexican-food-moreno-valley/kxcVf-WfTkSZcqIT5WaxKg,moreno-valley-california
https://www.ubereats.com/palm-springs/food-delivery/sizzler-25035-sunnymead-blvd/c0etnDB8QD6uDQvQYm3xpg,moreno-valley-california
https://www.ubereats.com/palm-springs/food-delivery/ihop-16080-perris/r1O7eev1RKqy94vn_NlffA,moreno-valley-california
https://www.ubereats.com/inland-empire/food-delivery/el-pollo-loco-117-w-nuevo-road3495/ST9JwuVTTee6fIVeOJWwmA,moreno-valley-california
https://www.ubereats.com/palm-springs/food-delivery/panera-12510-day-st/IInjn-lQQI6Gzmmio11boQ,moreno-valley-california
https://www.ubereats.com/palm-springs/food-delivery/popeyes-louisiana-kitchen-26150-iris-ave/LKeg6VJ1RqaN6XQoFpHtjw,moreno-valley-california
https://www.ubereats.com/palm-springs/food-delivery/auntie-annes-22500-town-cir-ste-1048/w7fx6JQbS-qoOCrbn_gjDw,moreno-valley-california
https://www.ubereats.com/palm-springs/food-delivery/amagi-sushi/l2F_1w3YSZqYUXgw8_dDXg,moreno-valley-california
https://www.ubereats.com/palm-springs/food-delivery/pollys-pies-moreno-valley/FFSFEq6OTEGSnuyjjiRMhA,moreno-valley-california
https://www.ubereats.com/palm-springs/food-delivery/winchells-donut-house-1705-university-ave/GJZp2FnoQWmhKxU_zg_qNw,moreno-valley-california
https://www.ubereats.com/palm-springs/food-delivery/jamba-juice-12430-day-st-ste-c-4/0cyLXIvaQj-ZEHNdcQX7PA,moreno-valley-california
https://www.ubereats.com/palm-springs/food-delivery/wendys-12410-day-street/i_nBfFiNSh67-WEHQBx3FA,moreno-valley-california
https://www.ubereats.com/palm-springs/food-delivery/strawberry-casual-kitchen/S3DKAHLuTVeZYWffvJI9bw,moreno-valley-california
https://www.ubereats.com/palm-springs/food-delivery/kimchichanga/kPVbSwv8Smqt4UHhJnX9RQ,moreno-valley-california
https://www.ubereats.com/palm-springs/food-delivery/chipotle-mexican-grill-8956-trautwein-rd-ste-100/yqRntzLxTRmY1126j88_Yg,moreno-valley-california
https://www.ubereats.com/palm-springs/food-delivery/panda-express-8974-trautwein-road-space-b/PGorA0EkRse2iQ5e3UAIsg,moreno-valley-california
https://www.ubereats.com/palm-springs/food-delivery/subway-23845-sunnymead-blvd/udG-zGt-TuGfgaot3bcNFA,moreno-valley-california
https://www.ubereats.com/palm-springs/food-delivery/del-taco-24941-elder-ave/FWlC_B-vSK-H4gVY8Cd1Zg,moreno-valley-california
https://www.ubereats.com/palm-springs/food-delivery/five-guys-ca-1333-12515-frederick-st/WSgvDTZ1Q-mXsV6suRs9uw,moreno-valley-california
https://www.ubereats.com/palm-springs/food-delivery/carls-jr-16130-perris-blvd/2ahP0s1sQyCaZmhYle1c1A,moreno-valley-california
https://www.ubereats.com/palm-springs/food-delivery/bjs-restaurant-%26-brewhouse-22920-centerpoint-drive/4D8nJK94SYCjtQNuJtBp2A,moreno-valley-california
https://www.ubereats.com/palm-springs/food-delivery/chronic-tacos-400-w-stuart-ave/rS5ZTq_PQ1SKr8ETIM1Bqw,moreno-valley-california
https://www.ubereats.com/palm-springs/food-delivery/el-pollo-loco-117-w-nuevo-road3495/ST9JwuVTTee6fIVeOJWwmA,moreno-valley-california
https://www.ubereats.com/palm-springs/food-delivery/farmer-boys-san-bernadino-ave/ZSXTbLnAR529vdXoq_dtEQ,moreno-valley-california
https://www.ubereats.com/inland-empire/food-delivery/miguels-jr-redlands/EV3tQs-ISrysgtd8f8cuBw,moreno-valley-california
https://www.ubereats.com/palm-springs/food-delivery/mahachai-thai-cuisine/VST576cZQHm1mThy6__K2A,moreno-valley-california
https://www.ubereats.com/palm-springs/food-delivery/yogurtland-631-orange-st/pOJeZm8ZQUaX7G_-SHvwiw,moreno-valley-california
https://www.ubereats.com/inland-empire/food-delivery/yogurtland-631-orange-st/pOJeZm8ZQUaX7G_-SHvwiw,moreno-valley-california
https://www.ubereats.com/palm-springs/food-delivery/valentinos-pizza-and-sports-bar/o3A3XIr_QaS9GdSeog1Yxw,moreno-valley-california
https://www.ubereats.com/palm-springs/food-delivery/waba-grill-14475-moreno-beach-drive-moreno-valley/VhUlavhGQj-Te20daJfoOg,moreno-valley-california
https://www.ubereats.com/palm-springs/food-delivery/the-old-spaghetti-factory-redlands/iyG1zS4wTnKp9lu-EwQAmg,moreno-valley-california
https://www.ubereats.com/inland-empire/food-delivery/jitterz-coffee/FklCnxHQQ8KQISIeKYrCdQ,moreno-valley-california
https://www.ubereats.com/palm-springs/food-delivery/burrito-boss-alessandro-blvd/QnGaXuY0R16vz1lwv4msJA,moreno-valley-california
https://www.ubereats.com/palm-springs/food-delivery/jack-in-the-box-1001-e-alessandro-blvd/nuf3yWDxSF2akQca67mTWA,moreno-valley-california
https://www.ubereats.com/palm-springs/food-delivery/del-taco-401-e-alessandro-blvd/3Toe7s_7RkypN_klvcKI6A,moreno-valley-california
https://www.ubereats.com/inland-empire/food-delivery/el-pollo-loco-1210-w-colton-ave5790/bl-2IuEHRCOkEmTBqWPyYQ,moreno-valley-california
https://www.ubereats.com/palm-springs/food-delivery/bravos-california-fresh-moreno-valley/OHrI7zQeSCSnCJz_Y-ZlsQ,moreno-valley-california
https://www.ubereats.com/palm-springs/food-delivery/jack-in-the-box-19586-van-buren-blvd/eaD7eVDJSCypzu9Knew03A,moreno-valley-california
https://www.ubereats.com/palm-springs/food-delivery/ahipoki-bowl-moreno-valley/vYC1dUurRLuKMaNhl5WNNQ,moreno-valley-california
https://www.ubereats.com/palm-springs/food-delivery/kfc-18585-van-buren-blvd/hBqpyVkuRnCYVolWPic18Q,moreno-valley-california
https://www.ubereats.com/palm-springs/food-delivery/five-spice-perris/p_3nZKYORXasXOzNwNlR1g,moreno-valley-california
https://www.ubereats.com/palm-springs/food-delivery/el-super-moreno-valley/hNXRENAnQAaKfqYQ5hmPSQ,moreno-valley-california
https://www.ubereats.com/palm-springs/food-delivery/jack-in-the-box-23577-sunnymead-ranch-pkwy/eRB3vh0lSham8Rbyx1lpVw,moreno-valley-california
https://www.ubereats.com/palm-springs/food-delivery/burgerim-1201-university-ave-%23110/-hvDQmIbQXKsxxIaC0J4vg,moreno-valley-california
https://www.ubereats.com/palm-springs/food-delivery/aibetos-fresh-mexican-food/9Xg0RPA3SjS-WebhRM57-Q,moreno-valley-california
https://www.ubereats.com/palm-springs/food-delivery/pi-grill/5KZgwxX0QQ2i8BT-gC0Tbg,moreno-valley-california
https://www.ubereats.com/palm-springs/food-delivery/papa-joes-sports-bar/61EKqrPST8edj1scQ1lvhw,moreno-valley-california
https://www.ubereats.com/palm-springs/food-delivery/taqueria-de-jose%60/0J17fYRQR5GGwldwz2LtqQ,moreno-valley-california
https://www.ubereats.com/palm-springs/food-delivery/ihop-24318-hemlock/CRVGddUBQvK47orCGNoYDQ,moreno-valley-california
https://www.ubereats.com/inland-empire/food-delivery/sbarro-22500-town-gate-circle-space-%23-2127-moreno-valley-mall/QkW8lD_PR5GhMFTb9qbwkQ,moreno-valley-california
https://www.ubereats.com/palm-springs/food-delivery/asiana-grill-%26-donuts/gFJ4o-ZgT06ZaNsLSXTtcA,moreno-valley-california
https://www.ubereats.com/inland-empire/food-delivery/piara-pizza-moreno-valley/ya0FP4K_Re6iNb8fgXJgtw,moreno-valley-california
