url,city
https://www.ubereats.com/atlanta/food-delivery/taco-bell-1610-hudson-bridge-road/VpAIulzAQHSUHq5zWLuM0Q,morrow-georgia
https://www.ubereats.com/atlanta/food-delivery/sublimes-restaurant/WHqB566wRD6HUKSli86Geg,morrow-georgia
https://www.ubereats.com/atlanta/food-delivery/don-burrito-grill/Ec4RCUx5SNSr9X-xvycp2g,morrow-georgia
https://www.ubereats.com/atlanta/food-delivery/wats-crackin-garlic-crabs-kirkwood/f9EiyzTsSUSJtHkRb3dbLQ,morrow-georgia
https://www.ubereats.com/atlanta/food-delivery/myxers-bar-and-grill/uObi_AteQjq_mG9o4RnIqA,morrow-georgia
https://www.ubereats.com/atlanta/food-delivery/mad-macs-gourmet-sandwich-shop/npTf5jrpSKeSLxOnfybzVw,morrow-georgia
https://www.ubereats.com/atlanta/food-delivery/checkers-788-a-spur-138/Eya4vOSeTxyrjuwZ-lByTA,morrow-georgia
https://www.ubereats.com/atlanta/food-delivery/greek-cafe-college-park/ulv-n92mTnyhTEi14DQAjg,morrow-georgia
https://www.ubereats.com/atlanta/food-delivery/sonic-5195-jonesboro-road/1J8NXsk7RtWcn791f-5pCg,morrow-georgia
https://www.ubereats.com/atlanta/food-delivery/goodazzfood-587-north-central-ave/wXSLKKeMRU-2vUFypqthbA,morrow-georgia
https://www.ubereats.com/atlanta/food-delivery/auntie-annes-1000-southlake-mall-spc-2314/_Iec6t1JRKCU9PgdJaOwnA,morrow-georgia
https://www.ubereats.com/atlanta/food-delivery/carrabbas-1887-mt-zion-road/EybhPOjmReukQEf0Mxy_vQ,morrow-georgia
https://www.ubereats.com/atlanta/food-delivery/wing-station-%232/0tk0brFGQnmqkPoqWUh9fQ,morrow-georgia
https://www.ubereats.com/atlanta/food-delivery/224-west-african-cuisine/uxKGultWTv2AOOB1qFd0sg,morrow-georgia
https://www.ubereats.com/atlanta/food-delivery/kupcakerie/Ou1xdSY7QOyv8qbSPSvKgg,morrow-georgia
https://www.ubereats.com/atlanta/food-delivery/dominican-international-food/Is-lMcftT5-5fRDpz_D72Q,morrow-georgia
https://www.ubereats.com/atlanta/food-delivery/churchs-chicken-765-hwy-138-sw/QPyGZ_BgT7yCuu8I_NxyJg,morrow-georgia
https://www.ubereats.com/atlanta/food-delivery/ls-cajun-wings/cD64vpKWTKy3adZScq8qig,morrow-georgia
https://www.ubereats.com/atlanta/food-delivery/chick-fil-a-2042-mount-zion-rd/It7sXk9WR7e0rTdgSjMKtg,morrow-georgia
https://www.ubereats.com/atlanta/food-delivery/myxers-bar-and-grill/O_NvQB0tQiy8Vuzlct_j6A,morrow-georgia
https://www.ubereats.com/atlanta/food-delivery/seven-sports-bar/lN7XYMpLSUianal3ded9Yg,morrow-georgia
https://www.ubereats.com/atlanta/food-delivery/betty-nicoles-bistro-chicago-style-hotdogs/gAUN9G8lQWSo-ZSliAlBAw,morrow-georgia
https://www.ubereats.com/atlanta/food-delivery/corner-tavern-hapeville/OGQk2UlbTYGXTgMBSjALYQ,morrow-georgia
https://www.ubereats.com/atlanta/food-delivery/shanes-rib-shack-6000-south-terminal-pkwy/Yl6lmxuMSKGsEphkT6xMRA,morrow-georgia
https://www.ubereats.com/atlanta/food-delivery/best-pizza-%26-wings/Osxa7B3BSI-2AquUvIQt4A,morrow-georgia
https://www.ubereats.com/atlanta/food-delivery/manding-cafe/FElbSJ2pRzuVqJ-5GQOtwg,morrow-georgia
https://www.ubereats.com/atlanta/food-delivery/little-villas-pizza/6VRdqt9_QFCtY6p0WoTjwQ,morrow-georgia
https://www.ubereats.com/atlanta/food-delivery/taco-bell-6865-hwy-85/DIt-d9rMQYK0w4EZ52kb4A,morrow-georgia
https://www.ubereats.com/atlanta/food-delivery/international-african-market/hzsdMLP2QpeUIj30wx4R9g,morrow-georgia
https://www.ubereats.com/atlanta/food-delivery/everything-irie-jamaican-restaurant/OVE8x-5ZQ-y3OywzFuF3PQ,morrow-georgia
https://www.ubereats.com/atlanta/food-delivery/wendys-3847-highway-138-se/pBy5rbV8T3OgfLvz7MpaQA,morrow-georgia
https://www.ubereats.com/atlanta/food-delivery/boba-lubu-tea/3JrO6JEsTCem6JLKQEtpOA,morrow-georgia
https://www.ubereats.com/atlanta/food-delivery/krystal-941-n-glynn-street/SsN316xqSUygiUkIS9CUdA,morrow-georgia
https://www.ubereats.com/atlanta/food-delivery/mcdonalds-lake-city/R7XHOH3wSgipLI5-m26sTw,morrow-georgia
https://www.ubereats.com/atlanta/food-delivery/ihop-722-highway-138-sw/yO21yBHtRG2hvBDniSFN1A,morrow-georgia
https://www.ubereats.com/atlanta/food-delivery/insee-thai-asian-cuisine-stockbridge/gLZYhXJzRyaDMOQQ10WkMQ,morrow-georgia
https://www.ubereats.com/atlanta/food-delivery/dunkin-5410-n-henry-blvd/HBWbkNICR_iA8oSkok44VQ,morrow-georgia
https://www.ubereats.com/atlanta/food-delivery/6340-lounge/n5VxRzE3T8SN2kxfdpA8cw,morrow-georgia
https://www.ubereats.com/atlanta/food-delivery/zaxbys-235-fairview-road/YIvG3IxdTGa315_UHxKFRA,morrow-georgia
https://www.ubereats.com/atlanta/food-delivery/atlanta-wings-east-point/kPFtXVi3SDCvrlZ6Nxvt_w,morrow-georgia
https://www.ubereats.com/atlanta/food-delivery/the-juicy-crabjonesboro-ga/ypz_WPrSR3itKXPm9Iskng,morrow-georgia
https://www.ubereats.com/atlanta/food-delivery/donut-bar/wMxiFRGFSkWLg9EQ1PlmyA,morrow-georgia
https://www.ubereats.com/atlanta/food-delivery/wendys-870-highway-138-w/xnM3ahBNRM2SCmFOWh9oAw,morrow-georgia
https://www.ubereats.com/atlanta/food-delivery/fat-boiz/QmzTPItETeqJuWOvYNzVAg,morrow-georgia
https://www.ubereats.com/atlanta/food-delivery/taco-bell-8127-tara-blvd/KZzi2vnVStio5slg4Jspgw,morrow-georgia
https://www.ubereats.com/atlanta/food-delivery/irish-pub-grill/bcOc3v5WRySDwdD0dZVY3g,morrow-georgia
https://www.ubereats.com/atlanta/food-delivery/taco-bell-1877-mt-zion-rd/knzmRP08S6abSLOwdn0sXg,morrow-georgia
https://www.ubereats.com/atlanta/food-delivery/smoothie-king-6175-old-national/B8lI_L6fTeCIHbKB0L87Dw,morrow-georgia
https://www.ubereats.com/atlanta/food-delivery/captain-ds-109-highway-138-w/hhGqxMOuQ6uyIUOwjLH1mw,morrow-georgia
https://www.ubereats.com/atlanta/food-delivery/goodazzfood-3361-dogwood-dr/Q1NYjBT2TOeMs_902RySrA,morrow-georgia
https://www.ubereats.com/atlanta/food-delivery/pit-boss-bbq/B3YBVGUXReWLyIfvo1tGJw,morrow-georgia
https://www.ubereats.com/atlanta/food-delivery/chuck-e-cheese-335-upper-riverdale-rd/h1JKNXKVSBeknid2NioyRw,morrow-georgia
https://www.ubereats.com/atlanta/food-delivery/dairy-queen-grill-%26-chill-425-n-glynn-st/aGa-8MoiSxWJ75Y5vRk60w,morrow-georgia
https://www.ubereats.com/atlanta/food-delivery/la-hacienda-fayetteville-ga/lSLXoRIDS2W7_IpimeRMEg,morrow-georgia
https://www.ubereats.com/atlanta/food-delivery/thai-heaven-hapeville/cNKnJGvSRdWMleuz_tyiHg,morrow-georgia
https://www.ubereats.com/atlanta/food-delivery/best-pizza-riverdale/MBOFuSIsQ5Oj2qoopBHznQ,morrow-georgia
https://www.ubereats.com/atlanta/food-delivery/krispy-kreme-120-hwy-138-w/CmOCMVEDQRm2SrUZlxagHg,morrow-georgia
https://www.ubereats.com/atlanta/food-delivery/ihop-301-n-central-ave/Ez-SHKX9QhCV0Z42soTQsA,morrow-georgia
https://www.ubereats.com/atlanta/food-delivery/vn-pho/l6Xx88p-SFyxs32nFUFlPQ,morrow-georgia
https://www.ubereats.com/atlanta/food-delivery/moes-1853-mt-zion-rd/4_RTuXWJQ0CS3DGnXwrsjw,morrow-georgia
https://www.ubereats.com/atlanta/food-delivery/subway-6518-hwy-85/5Nfc3k7cQouuwJdJRydS6g,morrow-georgia
https://www.ubereats.com/atlanta/food-delivery/ajs-waterfront-cafe/MW_gz65JRuSvexfLr0sjUw,morrow-georgia
https://www.ubereats.com/atlanta/food-delivery/this-is-it!-bbq-%26-seafood-fayetteville/UtbJj3dSSHewx-LhOkmIYw,morrow-georgia
https://www.ubereats.com/atlanta/food-delivery/ihop-1474-southlake-plaza-drive/5kx0cZyxTxKuAR4EKHIMOg,morrow-georgia
https://www.ubereats.com/atlanta/food-delivery/wnb-factory-wings-%26-burger-ellenwood/uynN2cbNReOP9i8Q89LLLg,morrow-georgia
https://www.ubereats.com/atlanta/food-delivery/flavors-of-thai-presents-black-soup-%26-thai/-pmOwerBSUqjAkV-yxZxNw,morrow-georgia
https://www.ubereats.com/atlanta/food-delivery/wendys-1380-cedar-grove-road/oKdT3EEmT4CK_ymO6sUFhA,morrow-georgia
https://www.ubereats.com/atlanta/food-delivery/churchs-chicken-5148-old-nat/p8_kCH1KR4ifuA2MEaJj8A,morrow-georgia
https://www.ubereats.com/atlanta/food-delivery/harolds-chicken-shack/NR60d4b5R22l7ZTQvNNGMg,morrow-georgia
https://www.ubereats.com/atlanta/food-delivery/crown-pizza/npts3XTXRfOIZ0CkV4LkuA,morrow-georgia
https://www.ubereats.com/atlanta/food-delivery/browns-kitchen/rS5n96SwQM259QUTv2P_GA,morrow-georgia
https://www.ubereats.com/atlanta/food-delivery/kocolicious-kitchen/a65BHHDTTNytBL-oFRTKtA,morrow-georgia
https://www.ubereats.com/atlanta/food-delivery/louisiana-bistreaux-seafood-kitchen-east-point/nWaZi49gTR2djj0GhoPHQg,morrow-georgia
https://www.ubereats.com/atlanta/food-delivery/ice-bar-lounge-%26-restaurant/aCUhOxpsQNy7KvvpQ9J4PQ,morrow-georgia
https://www.ubereats.com/atlanta/food-delivery/jens-fish-fry/MgQBdlLpSI-eXjGCkuvw8Q,morrow-georgia
https://www.ubereats.com/atlanta/food-delivery/seven-sports-bar-%26-lounge/KxUtbUpxTmmx2OtNEmAYTg,morrow-georgia
https://www.ubereats.com/atlanta/food-delivery/lickety-split/GDcn6mrFSACfwjcgGUk77A,morrow-georgia
https://www.ubereats.com/atlanta/food-delivery/popeyes-5557-n-henry-blvd/AOKkDSrSTIK6ISPpuFMTsQ,morrow-georgia
https://www.ubereats.com/atlanta/food-delivery/grecian-gyro-hapeville/HvkRrPsFTV-VNZV0fxJR9A,morrow-georgia
https://www.ubereats.com/atlanta/food-delivery/cooking-with-melodies/SOr7THZfT92Wl44ZSx0o7Q,morrow-georgia
https://www.ubereats.com/atlanta/food-delivery/dairy-queen-grill-%26-chill-101b-n-park-pl/64893GsdSIaoASHBYHDRxg,morrow-georgia
https://www.ubereats.com/atlanta/food-delivery/fresko-cafe-creek/ZEu_H209SnWPH4eXiiNUlw,morrow-georgia
https://www.ubereats.com/atlanta/food-delivery/dairy-queen-grill-%26-chill-1519-norman-berry-rd/aQEdT0fdTlSEm3n4X4LWDQ,morrow-georgia
https://www.ubereats.com/atlanta/food-delivery/moes-southwest-grill-1360-georgia-highway-85/N8QKU3-8Qwu6QsWmse3fqg,morrow-georgia
https://www.ubereats.com/atlanta/food-delivery/wendys-2970-anvil-block-road/rPqM-aPlSn-nzffp7VQwNw,morrow-georgia
https://www.ubereats.com/atlanta/food-delivery/the-fried-chicken-spot/F_0vB-PbTuOt3njAuh2rZg,morrow-georgia
https://www.ubereats.com/atlanta/food-delivery/on-the-go-eatz/ZqBLt1GcR8uGhEF_iNUMMw,morrow-georgia
https://www.ubereats.com/atlanta/food-delivery/the-crab-boil-atlanta/6mPTgVpoRsSd4OkJ6_ScbA,morrow-georgia
https://www.ubereats.com/atlanta/food-delivery/wendys-6241-jonesboro-rd/rsreK0c3RUCKE8EhAZpXCw,morrow-georgia
https://www.ubereats.com/atlanta/food-delivery/salads-by-martha/EhBGMWMlRXOKJjZnjIVqOA,morrow-georgia
https://www.ubereats.com/atlanta/food-delivery/bamba-cuisine/qVkqiLaFQiK_Y5Uz1wUwQQ,morrow-georgia
https://www.ubereats.com/atlanta/food-delivery/taco-bell-232-fairview-road/F7TjpE8zSkmbmdwVn0dvJg,morrow-georgia
https://www.ubereats.com/atlanta/food-delivery/sugar-bush/7YCVOeL2SaGDldma2urtWg,morrow-georgia
https://www.ubereats.com/atlanta/food-delivery/la-shish-kabab/97tKN-cCRNO5ED_ZxiGmog,morrow-georgia
https://www.ubereats.com/atlanta/food-delivery/omni-100%25-wings-north-central-ave/WOV3oXpRSJurxKeQCTFVag,morrow-georgia
https://www.ubereats.com/atlanta/food-delivery/the-crab-spot/0EeUA64ORd-ycjJIzSHm2Q,morrow-georgia
https://www.ubereats.com/atlanta/food-delivery/black-gurl-brunch-club/6gSKql14TfyvQ18NunrgGw,morrow-georgia
https://www.ubereats.com/atlanta/food-delivery/panda-express-2008-mt-zion-road/nPzkGxY5QuO7M5VeNEbZrQ,morrow-georgia
https://www.ubereats.com/atlanta/food-delivery/hardees-1506219/4igvxU-fSoOfz1lN_GA6VQ,morrow-georgia
https://www.ubereats.com/atlanta/food-delivery/tookes-country-bbq/mAMW3XKkTIy5P4LxtMRo2g,morrow-georgia
https://www.ubereats.com/atlanta/food-delivery/mcdonalds-2773-forest-parkway/fYSuppXtSx2dgpBCc-3uZQ,morrow-georgia
https://www.ubereats.com/atlanta/food-delivery/africa-restaurant-and-lounge/xDQRgmZeQpqI80j4h4wosw,morrow-georgia
https://www.ubereats.com/atlanta/food-delivery/red-lobster-2522-candler-road/_TSeIc-TTL-DYf5YxEMiHQ,morrow-georgia
https://www.ubereats.com/atlanta/food-delivery/kfc-102-highway-138-w/BoLUW92gSZabGaRejaKmtw,morrow-georgia
https://www.ubereats.com/atlanta/food-delivery/cafe-shekel/18KkqcoLT2mQTESg4qIkTA,morrow-georgia
https://www.ubereats.com/atlanta/food-delivery/captain-ds-7330-georgia-highway-85/T7yxnnjGR22lr1_mX7y-dA,morrow-georgia
https://www.ubereats.com/atlanta/food-delivery/tropical-isles-carribbean-taste-riverdale/AbpKK7E7QoKI7dT4fZhzMA,morrow-georgia
https://www.ubereats.com/atlanta/food-delivery/mojo-grub/mLdcKaMtTfGboom71IfkSQ,morrow-georgia
https://www.ubereats.com/atlanta/food-delivery/subway-125-fairview-rd/OYESzjgGRyuN6oPbGdeRxw,morrow-georgia
https://www.ubereats.com/atlanta/food-delivery/burger-king-875-smith-street/mpYWUmI_Qe2UkGc3buR5ew,morrow-georgia
https://www.ubereats.com/atlanta/food-delivery/kingdom-seafood/MZjKY4VzSKKdhFIZLKqFfg,morrow-georgia
https://www.ubereats.com/atlanta/food-delivery/florida-finger-lickin-seafood/uX2xE80jTvSJBeJJj0h28w,morrow-georgia
https://www.ubereats.com/atlanta/food-delivery/zesto-forest-park/_hbAI8R2Svainwd4sfjsMQ,morrow-georgia
https://www.ubereats.com/atlanta/food-delivery/papa-johns-2685-metropolitan-pkwy-sw-ste-h1/SCGdMFHfQWWoDFIDawwbWQ,morrow-georgia
https://www.ubereats.com/atlanta/food-delivery/oz-pizza-east-point/ZtXER_xDRhqpmYhHroqmQg,morrow-georgia
https://www.ubereats.com/atlanta/food-delivery/olympia-pizza/Ox-yHpDDS32bvnx8nyZldw,morrow-georgia
https://www.ubereats.com/atlanta/food-delivery/sanches-eatery/BkPP__ZNQX2mI-F9YFV9Kw,morrow-georgia
https://www.ubereats.com/atlanta/food-delivery/red-lobster-6550-tara-blvd/w4ZOTek_SWerES9tHDJYiw,morrow-georgia
https://www.ubereats.com/atlanta/food-delivery/cracker-barrel-old-country-store-1458-southlake-plaza-drive/apdIhe1QT4Oc2I98JVqTzw,morrow-georgia
https://www.ubereats.com/atlanta/food-delivery/yasins-homestyle-seafood/u4_M5-31SBG20UNmUkcN6g,morrow-georgia
https://www.ubereats.com/atlanta/food-delivery/wings-%26-fish-grill-stockbridge/SpuGYjFJQB6P6AZWek3SgQ,morrow-georgia
https://www.ubereats.com/atlanta/food-delivery/captain-ds-1881-candler-road/8GQ_304-Qna1LaxY4e8wSg,morrow-georgia
https://www.ubereats.com/atlanta/food-delivery/zaxbys-29-hwy-138-west/NrcCZNX1QJK6PszX7rtxTg,morrow-georgia
https://www.ubereats.com/atlanta/food-delivery/sbarro-1000-southlake-mall-suite-1139/2L7eVqoGQ1mFVeA7zk3xlg,morrow-georgia
https://www.ubereats.com/atlanta/food-delivery/papa-johns-101-fairview-road-suite-121/oEMrWPLcSNeSEJ3VVjHLcA,morrow-georgia
https://www.ubereats.com/atlanta/food-delivery/checkers-6339-tara-blvd/dVfrvpr0S8mKHtp12SSyaQ,morrow-georgia
https://www.ubereats.com/atlanta/food-delivery/wings-hut/1EbrCCWgSeGs4_WkE1JlpA,morrow-georgia
https://www.ubereats.com/atlanta/food-delivery/la-consentida/5bLelNu3T8eIzy9WwkKBAw,morrow-georgia
https://www.ubereats.com/atlanta/food-delivery/sonic-4541-n-henry-blvd/GxBegQwDSIOsdBnUYwD_Jg,morrow-georgia
https://www.ubereats.com/atlanta/food-delivery/chairs/G70qYMGjTxerOW4PUx0iAg,morrow-georgia
https://www.ubereats.com/atlanta/food-delivery/johnnys-new-york-style-pizza-230-glynn-st-n/uvzt16qQQeuEH_FNf5E2JA,morrow-georgia
https://www.ubereats.com/atlanta/food-delivery/fish-bowl-poke-hapeville/Jhd8PQETTWayi2oSyjAsSQ,morrow-georgia
https://www.ubereats.com/atlanta/food-delivery/jacksons-soulfood-%26-more/rLzhjz7kR8aRuLzql2DS0Q,morrow-georgia
https://www.ubereats.com/atlanta/food-delivery/philly-king-xpress/kpyFIuD-RTeVrkPvbHJ66A,morrow-georgia
https://www.ubereats.com/atlanta/food-delivery/angels-and-demons/Lx7hxY1eRVmtkA4CsGoryw,morrow-georgia
https://www.ubereats.com/atlanta/food-delivery/joes-crab-shack-1965-mt-zion-rd/MTjhdhoYTaij3LcTS-FmZA,morrow-georgia
https://www.ubereats.com/atlanta/food-delivery/the-dutch-pot-caribbean-and-american-flavors/bynaW7egSIWRhmVLKLhDOA,morrow-georgia
https://www.ubereats.com/atlanta/food-delivery/touchdown-wings-riverdale/wjfWuReeSmeVndH4fM-pdA,morrow-georgia
https://www.ubereats.com/atlanta/food-delivery/uptown-comedy-%26-lounge/ZZzYHEFTTJuvZxvqFL2MPg,morrow-georgia
https://www.ubereats.com/atlanta/food-delivery/southside-seafood/68euYiDBTjWd1lUqLNEWJg,morrow-georgia
https://www.ubereats.com/atlanta/food-delivery/dollar-cafe/Xxs7ZGMDSNe-MgfCvsJZjQ,morrow-georgia
https://www.ubereats.com/atlanta/food-delivery/kfc-4845-jonesboro-rd/b83E9uzCTnafrjvE2IcN6Q,morrow-georgia
https://www.ubereats.com/atlanta/food-delivery/mama-rachels-kitchen/qHvRDynzTeG4YLMK_4wGng,morrow-georgia
https://www.ubereats.com/atlanta/food-delivery/seductive-potatoes/Lf8LOdovQ5-YkOZL3nCE1Q,morrow-georgia
https://www.ubereats.com/atlanta/food-delivery/veloure-restaurant-and-lounge/j5ZnZeWSSjag1-ajwchmYQ,morrow-georgia
https://www.ubereats.com/atlanta/food-delivery/great-american-cookies-604-eagles-landing-pkwy/SiiIJ7TfSCahOsDcUy_MSw,morrow-georgia
https://www.ubereats.com/atlanta/food-delivery/checkers-5391-riverdale-blvd/GjSqN8tiSD-VC3Y3z2xpsg,morrow-georgia
https://www.ubereats.com/atlanta/food-delivery/kfc-6892-highway-85/WHLzKKzdTHWm7MWkTCpS4g,morrow-georgia
https://www.ubereats.com/atlanta/food-delivery/applebees-3676-hwy-138-se/dxFFvHbPSPek7nY9DwRuzw,morrow-georgia
https://www.ubereats.com/atlanta/food-delivery/my-coffee-shop-%40-eastlake-kirkwood/dOPL1WIMRFWsS9Ma-QId4w,morrow-georgia
https://www.ubereats.com/atlanta/food-delivery/krystal-3562-highway-138-se/cWMpotdCQOGPoe6frxAEeQ,morrow-georgia
https://www.ubereats.com/atlanta/food-delivery/zaxbys-6671-tara-blvd/_DLfCsaeROaRUzonw7OIZg,morrow-georgia
https://www.ubereats.com/atlanta/food-delivery/mr-cs-bbq/elZQLFDoQyGzkatmN6KPwg,morrow-georgia
https://www.ubereats.com/atlanta/food-delivery/sluttyvegan-atl-jonesboro/_mUdfwDUT3evIDKQKdOX7Q,morrow-georgia
https://www.ubereats.com/atlanta/food-delivery/jbs-billiards-and-bar/2OfwrRzOTXeEL7CtOf5ROg,morrow-georgia
https://www.ubereats.com/atlanta/food-delivery/rockin-crab/KwbcY-uYQMOuAFhitThpuA,morrow-georgia
https://www.ubereats.com/atlanta/food-delivery/tastys-chicken/MyxoGLWSTgGwS8iNmBcZmw,morrow-georgia
https://www.ubereats.com/atlanta/food-delivery/subway-4542-old-dixie-rd/sdwP_kq0RFih4_zEFeBsxQ,morrow-georgia
https://www.ubereats.com/atlanta/food-delivery/three-dollar-cafe-morrow/1JuYnLAPQXKket_vVxi_cw,morrow-georgia
https://www.ubereats.com/atlanta/food-delivery/city-garden/Clv6m9WXSNqf1alwx4IBhg,morrow-georgia
https://www.ubereats.com/atlanta/food-delivery/joy-lake-foodmart/5K-TuO6SQs2lA5_KsFYO9w,morrow-georgia
https://www.ubereats.com/atlanta/food-delivery/wendys-6817-highway-85/a4VkRzOlRNy0rIa0sVtiyA,morrow-georgia
https://www.ubereats.com/atlanta/food-delivery/krispy-krunchy-chicken-1861-hwy-38-e/fFwFBzwaQ6muUOPJTQ1AhQ,morrow-georgia
https://www.ubereats.com/atlanta/food-delivery/wings-spot-pizza-wali/BQMe9dflRQeK7ToTe2hBwQ,morrow-georgia
https://www.ubereats.com/atlanta/food-delivery/the-ice-cream-shop/9u6aM4gdSiGIbd9bzKz6CQ,morrow-georgia
https://www.ubereats.com/atlanta/food-delivery/los-girasoles-mexican-restaurant/b9FELpfpRv6LRANmJVCEYA,morrow-georgia
https://www.ubereats.com/atlanta/food-delivery/wnb-factory-wings-%26-burger-stockbridge/GP1d2XuoS-KTJt-HMM07Zg,morrow-georgia
https://www.ubereats.com/atlanta/food-delivery/boston-fish-supreme/zukNw26yTPS-FIYmqk2Zaw,morrow-georgia
https://www.ubereats.com/atlanta/food-delivery/t-cakes-bakes/YM1_gtKzT-yQPIhX45iC7Q,morrow-georgia
https://www.ubereats.com/atlanta/food-delivery/the-cheesecake-boutique/QwOoWIHYT3CKsqEgv_4Ceg,morrow-georgia
https://www.ubereats.com/atlanta/food-delivery/we-are-the-juice/ygCw5Sd4ROCvFQSQa_3mKw,morrow-georgia
https://www.ubereats.com/atlanta/food-delivery/this-is-it!-bbq-%26-seafood-riverdale/pkQhHUcrRBOQeZouD52Upg,morrow-georgia
https://www.ubereats.com/atlanta/food-delivery/vegetarian-fusion/z_2-_S3XQf2xhU_3MgNetA,morrow-georgia
https://www.ubereats.com/atlanta/food-delivery/jairs/WmDZzztrQA671NQQU31oVw,morrow-georgia
https://www.ubereats.com/atlanta/food-delivery/wrap-alot/Nx9-jTPOS0StiOtkRYmSnQ,morrow-georgia
https://www.ubereats.com/atlanta/food-delivery/calis-kitchen/HcU48A0CTaWIe3xayJ_iBg,morrow-georgia
https://www.ubereats.com/atlanta/food-delivery/subway-6142-old-dixie-hwy/fV-q5120S7mhXHwXlcAbMg,morrow-georgia
https://www.ubereats.com/atlanta/food-delivery/atl-wings-your-way-empire-blvd/ghKNcs1gSlCfuPHhM1u4aA,morrow-georgia
https://www.ubereats.com/atlanta/food-delivery/dairy-queen-grill-%26-chill-340-fairview-rd/_UxYVbA_TDqxBn2l6pj_hg,morrow-georgia
https://www.ubereats.com/atlanta/food-delivery/three-southern-ladies-cuisine/on4H6lr0RG65pg7ZYZunow,morrow-georgia
https://www.ubereats.com/atlanta/food-delivery/sports-cafe/VqxPv-1SRcmwswM3RV8xxw,morrow-georgia
https://www.ubereats.com/atlanta/food-delivery/checkers-1400-hudson-bridge-road/owjY0oMWSqyU71fxsrkJmw,morrow-georgia
https://www.ubereats.com/atlanta/food-delivery/sonnys-bbq-jonesboro/Ia8koA6yTm-PJWM45q79JQ,morrow-georgia
https://www.ubereats.com/atlanta/food-delivery/olyzubbys-kitchen-a-taste-of-africa/WCW7KBMDTGm1lznvDqmlhg,morrow-georgia
https://www.ubereats.com/atlanta/food-delivery/100%25-wings/7Yd0bvpMQH22neHPSr5C5w,morrow-georgia
https://www.ubereats.com/atlanta/food-delivery/wings-so-tasty/TFYXmr-_RCauOyq3j-glQA,morrow-georgia
https://www.ubereats.com/atlanta/food-delivery/subway-6681-jonesboro-rd/HZednRI1Thm_jdLjTHu8Uw,morrow-georgia
https://www.ubereats.com/atlanta/food-delivery/grecian-gyro-forest-park/0T6T5V7VRgicj77ZsH7r0g,morrow-georgia
https://www.ubereats.com/atlanta/food-delivery/subway-3650-hwy-138-se/03W0gryJQBSAcepvZjM5TQ,morrow-georgia
https://www.ubereats.com/atlanta/food-delivery/subway-5660-jonesboro-rd/Og6-gAmrQRyK1HNij4mNMg,morrow-georgia
https://www.ubereats.com/atlanta/food-delivery/arbys-1460-hudson-bridge-rd/hdUpB_TJSzGOgid7XHqJzg,morrow-georgia
https://www.ubereats.com/atlanta/food-delivery/soul-crab-atl/Z9Hk0Qq5RAuC2t-UI8NC8A,morrow-georgia
https://www.ubereats.com/atlanta/food-delivery/checkers-4948-jonesboro-rd/aMU1u7sBSCSxQH2LlavIyw,morrow-georgia
https://www.ubereats.com/atlanta/food-delivery/new-orleans-daiquiri/ADOsFeK2Tpmzo3G5MMZFMg,morrow-georgia
https://www.ubereats.com/atlanta/food-delivery/dairy-queen-treat-256-n-main-st/8hQjpbEbTziKFet1aHHezA,morrow-georgia
https://www.ubereats.com/atlanta/food-delivery/churchs-chicken-2347-lake-harbin-rd/Qww-27KfRf2mMN3mt4dWwQ,morrow-georgia
https://www.ubereats.com/atlanta/food-delivery/crowns-best-burger-virtual-restaurant/84JgLRGbSACwh4MqjCyX5Q,morrow-georgia
https://www.ubereats.com/atlanta/food-delivery/american-deli-jonesboro/9hcK4c3bRyqy2PCj3gGgKg,morrow-georgia
https://www.ubereats.com/atlanta/food-delivery/chicago-style-sandwiches-%26-more-college-park/bTdSH3piSROCC0KF8jEfRQ,morrow-georgia
https://www.ubereats.com/atlanta/food-delivery/papa-johns-5582-n-henry-blvd/QN9zHzE4Tg6YiD7YkhZ0hw,morrow-georgia
https://www.ubereats.com/atlanta/food-delivery/china-city-jonesboro/Uvsq5C5qSVGhoRyhMc8vCQ,morrow-georgia
https://www.ubereats.com/atlanta/food-delivery/top-chefs-gourmet-soul-kitchen/U-LjgQDdTaOl8ZtGKn6O6A,morrow-georgia
https://www.ubereats.com/atlanta/food-delivery/ruby-tuesday-1925-sullivan-road/ql3WjbmJRZaQ4ToKqDy9QA,morrow-georgia
https://www.ubereats.com/atlanta/food-delivery/ardens-garden-east-point/v0k97I6xRci4TjR0lhB7JA,morrow-georgia
https://www.ubereats.com/atlanta/food-delivery/china-star/evSEoQ6YT1Kxhga_PgQOEw,morrow-georgia
https://www.ubereats.com/atlanta/food-delivery/arbys-1359-virginia-ave/NNLyJ9AWTUS5FMjRuZOR_w,morrow-georgia
https://www.ubereats.com/atlanta/food-delivery/dairy-queen-grill-%26-chill-7404-davidson-cir-e/6hDu28uHTRGkhn_cb4WfvQ,morrow-georgia
https://www.ubereats.com/atlanta/food-delivery/long-john-silvers/0QeTNMIHQh64FpoWftKtNQ,morrow-georgia
https://www.ubereats.com/atlanta/food-delivery/your-pie-pizza-fayetteville/FUH0uJxcTGOTm9fArD_NBg,morrow-georgia
https://www.ubereats.com/atlanta/food-delivery/silvers-delight-east-point/-tdekz6eSIOdg2lEpn6BdA,morrow-georgia
https://www.ubereats.com/atlanta/food-delivery/smokeys-tip-%26-chip/zzGPj4V2SjalXQu6gejxOQ,morrow-georgia
https://www.ubereats.com/atlanta/food-delivery/bass-bbq-and-soul-food/X0Iml5-rQLONfPv45V-ZCA,morrow-georgia
https://www.ubereats.com/atlanta/food-delivery/green-soma-vegan-cafe/FCa_noKDRVm4WpLWRgMRgw,morrow-georgia
https://www.ubereats.com/atlanta/food-delivery/tasties-american-bbq/9h0llaYZT2utALjTTVRPaA,morrow-georgia
https://www.ubereats.com/atlanta/food-delivery/cold-stone-creamery-6309-jonesboro-rd/QpA34zwYSOSAfcOh0FiDoQ,morrow-georgia
https://www.ubereats.com/atlanta/food-delivery/thai-garden/lejNw-fLS_CruyhPwmCedg,morrow-georgia
https://www.ubereats.com/atlanta/food-delivery/ocharleys-3511-hwy-138-se/YkAkpLtOQuKuhzsxU6iq9Q,morrow-georgia
https://www.ubereats.com/atlanta/food-delivery/skyboxx-restaurant-and-sports-bar/tYSknZHyQdKiVl1BlNGv3Q,morrow-georgia
https://www.ubereats.com/atlanta/food-delivery/eatalianos-pizza-%26-pasta/QoA2aGeiRjyizPFu6eVOEA,morrow-georgia
https://www.ubereats.com/atlanta/food-delivery/baba-jaan-pizza/IsRHCKajR-yVZx2nVwftbg,morrow-georgia
https://www.ubereats.com/atlanta/food-delivery/burgerim-909-eagles-landing-parkway-unit-400/I10rFh4fRumDOBCTsgowNQ,morrow-georgia
https://www.ubereats.com/atlanta/food-delivery/taste-of-thailand/iijl5BICScKf_mCJrWx5lw,morrow-georgia
https://www.ubereats.com/atlanta/food-delivery/zaxbys-1480-hudson-bridge-rd/mYmHSDDNRqO_UTNvnQ0bVA,morrow-georgia
https://www.ubereats.com/atlanta/food-delivery/american-deli-162-banks-xing/AhHZcW1KR52QlOzylT8jsg,morrow-georgia
https://www.ubereats.com/atlanta/food-delivery/johnnys-new-york-style-pizza-608-eagles-landing-pkwy/XCYoSCgGTWquKZbiggzycw,morrow-georgia
https://www.ubereats.com/atlanta/food-delivery/annalieses-home-dinner-meals/fmuvvoJaQaiNPcnG38nYTw,morrow-georgia
https://www.ubereats.com/atlanta/food-delivery/this-is-it!-bbq-%26-seafood-morrow/waOU8hRuTfy4k3_dSqQLHQ,morrow-georgia
https://www.ubereats.com/atlanta/food-delivery/tgi-fridays-2443-southlake/cVyeyFsTSka91D3JHiHSdg,morrow-georgia
https://www.ubereats.com/atlanta/food-delivery/great-american-hot-dog-house/s_19TxlmQ6ObGe6pkClufw,morrow-georgia
https://www.ubereats.com/atlanta/food-delivery/pizza-wali/an8aKhT2RbKwXRrZ05ln_w,morrow-georgia
https://www.ubereats.com/atlanta/food-delivery/applebees-6727-tara-blvd/-uewOY5GTDaIOVm8lX3aDg,morrow-georgia
https://www.ubereats.com/atlanta/food-delivery/chicken-n-go/d0EB37OGQFiH_Bj_Jft_uQ,morrow-georgia
https://www.ubereats.com/atlanta/food-delivery/churchs-chicken-5630-riverdale-rd/keDxmslLRzePNDpWy7SZ3g,morrow-georgia
https://www.ubereats.com/atlanta/food-delivery/backstage-atlanta-inc/1wboZG0PQuaveHcTRGSI-g,morrow-georgia
https://www.ubereats.com/atlanta/food-delivery/mpurfckt-cakez/RHpYQhy3SJ6v7XYI4_yZSw,morrow-georgia
https://www.ubereats.com/atlanta/food-delivery/wnb-factory-wings-%26-burger-banks-crossing/_0eSsU72Q0ihup6NiwtFgw,morrow-georgia
https://www.ubereats.com/atlanta/food-delivery/papa-johns-2075-mt-zion-rd/rMW_HUijTMipAH2zyxMJFQ,morrow-georgia
https://www.ubereats.com/atlanta/food-delivery/fireside-jamaican-restaurant-tara-blvd/PXXzScaARIaw3fLhd6FBhg,morrow-georgia
https://www.ubereats.com/atlanta/food-delivery/romeos-pizza-and-bistro/RrJVl4E9R0y_nJbdfkgUsQ,morrow-georgia
https://www.ubereats.com/atlanta/food-delivery/escobar-restaurant-%26-tapas/kPEizvhmTeaymw9QsaC2Vg,morrow-georgia
https://www.ubereats.com/atlanta/food-delivery/boston-fish-supreme/lSTbvPs-SnOd5a0mSgDVeQ,morrow-georgia
https://www.ubereats.com/atlanta/food-delivery/best-burgers/uhwOlIiOQvidloLh59xulg,morrow-georgia
https://www.ubereats.com/atlanta/food-delivery/sushi-china-cafe/AaoDWePrSA-3V5eKFnIXcw,morrow-georgia
https://www.ubereats.com/atlanta/food-delivery/smoquehouse-catering-%26-bbq/fi5PnvIwRzGt5cSAovzTGQ,morrow-georgia
https://www.ubereats.com/atlanta/food-delivery/touchdown-wings-flakes-mill-rd/vGZwrOJ6TTWYrjmb6QFtQQ,morrow-georgia
https://www.ubereats.com/atlanta/food-delivery/mr-crab-7567-hwy-85/AMzCMyn7QI-ca5BIWWbAlg,morrow-georgia
https://www.ubereats.com/atlanta/food-delivery/applebees-792-glynn-st/F5XqtDNvQt-6NAGbiOdtXA,morrow-georgia
https://www.ubereats.com/atlanta/food-delivery/wendys-131-main-street/4Sp6G1VUSn-OYOnnCPQMVw,morrow-georgia
https://www.ubereats.com/atlanta/food-delivery/oz-pizza-stonewall-ave-e/N_HOAyrjQh63xQs98LwprQ,morrow-georgia
https://www.ubereats.com/atlanta/food-delivery/papa-johns-520-north-glynn-street/Ox2nyYVGRQWTr--mpWznSg,morrow-georgia
https://www.ubereats.com/atlanta/food-delivery/papa-johns-5658-a-riverdale-road/NrOxmdC8TBuNJw_28Y73kg,morrow-georgia
https://www.ubereats.com/atlanta/food-delivery/cosmic-chef/TmuARDqqQlm9bHyOH4iX7g,morrow-georgia
https://www.ubereats.com/atlanta/food-delivery/mr-styles-family-bbq/S--NuEuFQnCT_H1oF764sg,morrow-georgia
https://www.ubereats.com/atlanta/food-delivery/firehouse-subs-stockbridge/oVz3nUAxQNKhAwo4p4nYuQ,morrow-georgia
https://www.ubereats.com/atlanta/food-delivery/big-chic-lovejoy/k91DQEGuQZGxBsLyfPzoEQ,morrow-georgia
https://www.ubereats.com/atlanta/food-delivery/moyo-restaurant-inc/pAwR9AM0ScWa6_GOhUsGKA,morrow-georgia
https://www.ubereats.com/atlanta/food-delivery/moyo-grill-and-bar-restaurant/M3_Su0bARF-zUqtOVrJb_w,morrow-georgia
https://www.ubereats.com/atlanta/food-delivery/gong-cha-morrow/fcqJSUC0Rei_hXYnbXfiUw,morrow-georgia
https://www.ubereats.com/atlanta/food-delivery/k-wings/B0BbZlA8SymzpiJhftvlVQ,morrow-georgia
https://www.ubereats.com/atlanta/food-delivery/mcdonalds-6670-tara-blvd/v3A8ZZV7TDa44yVbBXDkCA,morrow-georgia
https://www.ubereats.com/atlanta/food-delivery/san-peter-wings/xobOJDFqTAaLJTlcf7gjGA,morrow-georgia
https://www.ubereats.com/atlanta/food-delivery/lazy-crab/18FKxOshS2mzhU8DEmfFzA,morrow-georgia
https://www.ubereats.com/atlanta/food-delivery/sunny-garden/V0DU8dJ7RImHnHM6f-fcbQ,morrow-georgia
https://www.ubereats.com/atlanta/food-delivery/hooters-tara-blvd/R9mYm_HtR6ypAX4Kj1nvaw,morrow-georgia
https://www.ubereats.com/atlanta/food-delivery/uncle-carls-kitchen-blaze/fZIx3LBGQ4yZ6lsE9c6ihw,morrow-georgia
https://www.ubereats.com/atlanta/food-delivery/house-of-ribs/qnX32E2TTcGyIrwOoJx18A,morrow-georgia
https://www.ubereats.com/atlanta/food-delivery/k-wings-cafe-college-park/TnR9DgygQ2yuWBPn1mVp8A,morrow-georgia
https://www.ubereats.com/atlanta/food-delivery/ihop-3675-highway-138-se/TEHVhXDsQmSnTogVotcgDw,morrow-georgia
https://www.ubereats.com/atlanta/food-delivery/arbys-2154-mt-zion-pkwy/viCRnmSDSgml_GYw6JKmGA,morrow-georgia
https://www.ubereats.com/atlanta/food-delivery/chipotle-mexican-grill-1135-highway-85-n-ste-e/LWSF-yzsSeWRFyn808HSCg,morrow-georgia
https://www.ubereats.com/atlanta/food-delivery/papa-johns-745-hwy-138-south-west/nd5KjYreSyKWN9GZZcjhxQ,morrow-georgia
https://www.ubereats.com/atlanta/food-delivery/auntie-annes-2801-candler-rd-spc-c29/UTfnLa_9TOCxl9RBfI-RVw,morrow-georgia
https://www.ubereats.com/atlanta/food-delivery/dunkin-6622-tara-blvd/VKCylWaoTxaHjEgUhieW9w,morrow-georgia
https://www.ubereats.com/atlanta/food-delivery/steak-n-shake-2118-mt-zion-parkway/9bT8DigKTZSnQxyFBJdeUQ,morrow-georgia
https://www.ubereats.com/atlanta/food-delivery/cajun-bones/-pizuACGRnySPSvytUQpJA,morrow-georgia
https://www.ubereats.com/atlanta/food-delivery/dunkin-7087-highway-85/ePw7IgjYS8SL_X0d0qo9iA,morrow-georgia
https://www.ubereats.com/atlanta/food-delivery/breakfast-house/KZoydS2kSveiq2dOTtL-Gw,morrow-georgia
https://www.ubereats.com/atlanta/food-delivery/hotlanta-wings/mIv5n2MvRYqxP89ajjRIuw,morrow-georgia
https://www.ubereats.com/atlanta/food-delivery/guanajuato-mexican-grill/sBWt6Ed4RLu0qSWWhaU8Cw,morrow-georgia
https://www.ubereats.com/atlanta/food-delivery/hooties-burger-bar-westminster/j74IH_JrRBiMY4wiVlSJAA,morrow-georgia
https://www.ubereats.com/atlanta/food-delivery/jamilahs-kitchen/ResC8u08S0SF-Q1w92JAiQ,morrow-georgia
https://www.ubereats.com/atlanta/food-delivery/answer-the-bell/lHjyt1jfQdStvzPyLPn9pA,morrow-georgia
https://www.ubereats.com/atlanta/food-delivery/footprints-jamaican-restaurant-%26-lounge-decatur/dhmG5jNWQeqXE43ykWIzVA,morrow-georgia
https://www.ubereats.com/atlanta/food-delivery/stevi-bs-pizza-buffet-stockbridge/F7D0aRtBRlm5Yv7wFl1TrA,morrow-georgia
https://www.ubereats.com/atlanta/food-delivery/atl-quick-eats/Fqwz-Os-SvesNWyWNxHb-w,morrow-georgia
https://www.ubereats.com/atlanta/food-delivery/isis-restaurant-and-lounge/wUiMqbi-S0qIH44x6nne7A,morrow-georgia
https://www.ubereats.com/atlanta/food-delivery/dairy-queen-grill-%26-chill-6974-highway-85/A7rWQREJS8efv414O4bmpQ,morrow-georgia
https://www.ubereats.com/atlanta/food-delivery/daddys-girl-bbq/aR-TvyAATJiZDet2Gpq0NA,morrow-georgia
https://www.ubereats.com/atlanta/food-delivery/papa-johns-561-forest-parkway-suite-8/XcPjFT5uRc2vKNqK6ch2YA,morrow-georgia
https://www.ubereats.com/atlanta/food-delivery/sammy-cheezecake/XDiqK37ASUSjTC0kILmacA,morrow-georgia
https://www.ubereats.com/atlanta/food-delivery/country-kitchen-buffet/9vFFiTkFQuOdPF8OPAmXpQ,morrow-georgia
https://www.ubereats.com/atlanta/food-delivery/zaxbys-mount-zion-blvd/RiZeiGXTT3-uOvwVYLH50w,morrow-georgia
https://www.ubereats.com/atlanta/food-delivery/wendys-2059-mt-zion-rd/jE-aHJECT9KgNdNtnMqlnw,morrow-georgia
https://www.ubereats.com/atlanta/food-delivery/morellis-ice-cream/9cQFY1haQaOAB5eGZTUJ3Q,morrow-georgia
https://www.ubereats.com/atlanta/food-delivery/taste-of-the-island/-WUNY2QjSGeaMBz3DFLcnA,morrow-georgia
https://www.ubereats.com/atlanta/food-delivery/wings-and-seafood/p0AZvEWfQUKO8i8PQQJbYQ,morrow-georgia
https://www.ubereats.com/atlanta/food-delivery/rose-gold-bar-%26-lounge/KmeptbY3RjqZhWC31GAwrQ,morrow-georgia
https://www.ubereats.com/atlanta/food-delivery/buka-2-restaurant/cl6VrRfuQAec2glZnvLZOw,morrow-georgia
https://www.ubereats.com/atlanta/food-delivery/chick-fil-a-4959-jonesboro-rd/Jr98K9m5SzyJnLY1uLMJLg,morrow-georgia
https://www.ubereats.com/atlanta/food-delivery/captain-ds-3447-main-street/4Vep7jaXQOmrvB5RjKPwtQ,morrow-georgia
https://www.ubereats.com/atlanta/food-delivery/panda-express-7105-highway-85/sqZce15yR1iUiZ1g86VVfA,morrow-georgia
https://www.ubereats.com/atlanta/food-delivery/firehouse-subs-46-hudson-plaza-suite-39a/T-cgsu_0Rnmg4LsMwGQwzw,morrow-georgia
https://www.ubereats.com/atlanta/food-delivery/get-fruity-cafe-college-park/MLrGbUK_RO2wLlpXrZGFMw,morrow-georgia
https://www.ubereats.com/atlanta/food-delivery/eat-more-korean/Q_NtTFIoT2KfYtoMIuUbIA,morrow-georgia
https://www.ubereats.com/atlanta/food-delivery/taco-bell-246-banks-crossing/-RoOeN0MS9CN2AOsF0aKyQ,morrow-georgia
https://www.ubereats.com/atlanta/food-delivery/hattie-maries-texas-style-bbq-and-cajun-kitchen/IQ5VhyXgTY20AyB2uFlotA,morrow-georgia
https://www.ubereats.com/atlanta/food-delivery/its-a-wrap-cafe/X3lYwp8vTMqxmYiLw_WZLg,morrow-georgia
https://www.ubereats.com/atlanta/food-delivery/tom-dick-and-hank/n4e5zmuBRKCVHluoMZZ9ZA,morrow-georgia
https://www.ubereats.com/atlanta/food-delivery/wnb-factory-wings-%26-burger-stockbridge-2/6w0E7U4gRJeW-m4fzjhDvw,morrow-georgia
https://www.ubereats.com/atlanta/food-delivery/rubys-chicken-house/OdiEsTGKQ_iun3X7m3mcOA,morrow-georgia
https://www.ubereats.com/atlanta/food-delivery/wendys-8543-tara-blvd/vY7IpYK2Tb6PrTEy6tmj9w,morrow-georgia
https://www.ubereats.com/atlanta/food-delivery/arbys-8490-tara-blvd/WWJSEDrjRqWB7qrmm4e2CA,morrow-georgia
https://www.ubereats.com/atlanta/food-delivery/schlotzskys-deli/kmdqifAuQ-O5Aiw0x95Sww,morrow-georgia
https://www.ubereats.com/atlanta/food-delivery/subway-5043-frontage-rd/1KaT5qmTQk2nu6kWkuXyhw,morrow-georgia
https://www.ubereats.com/atlanta/food-delivery/elfs-cakery/fwbQl33ySzexRWaYFwkWYQ,morrow-georgia
https://www.ubereats.com/atlanta/food-delivery/checkers-460-glynn-street-n/21uWSx63RmqrDDj6GvY-9Q,morrow-georgia
https://www.ubereats.com/atlanta/food-delivery/dominican-international-food/CL75DTGPSfKCfAUKXgisrQ,morrow-georgia
https://www.ubereats.com/atlanta/food-delivery/best-pizza/Szau7KKgRN-nseqkeHGFmA,morrow-georgia
https://www.ubereats.com/atlanta/food-delivery/american-deli-metropolitan/Of5CWYxwQBy51LjRcmyeiA,morrow-georgia
https://www.ubereats.com/atlanta/food-delivery/checkers-70-hwy-138/0OUTXzX1TOuYm7QfWCaRPg,morrow-georgia
https://www.ubereats.com/atlanta/food-delivery/that-burger-spot!/tzmhkgVITiWGRjm1_yWAxg,morrow-georgia
https://www.ubereats.com/atlanta/food-delivery/whiskey-peach-pizza-bar/WrdL8NFuRzi-tZbTPloz7A,morrow-georgia
https://www.ubereats.com/atlanta/food-delivery/bole-ethiopian-restaurant/sVpbVMZgTr-CrzFpG_HGew,morrow-georgia
https://www.ubereats.com/atlanta/food-delivery/bgr-grille/p0w3Rj-zSFqsXLAs-CvWiw,morrow-georgia
https://www.ubereats.com/atlanta/food-delivery/taste-buds33/LAsWfIvgSHOASny8nY_DCg,morrow-georgia
https://www.ubereats.com/atlanta/food-delivery/napoli-romeos-pizza/0ft1jt-TRF2qMLd2-CczcQ,morrow-georgia
https://www.ubereats.com/atlanta/food-delivery/that-burger-spot!/_a-xzlejTFCtI-ryGhuHYg,morrow-georgia
https://www.ubereats.com/atlanta/food-delivery/the-sleepy-potato-cleveland-ave/ccC6jFI2S12cdWgSTePQqg,morrow-georgia
https://www.ubereats.com/atlanta/food-delivery/touray-kunda-cafe/pNjAU8nTSDSnpUXebAgfAg,morrow-georgia
https://www.ubereats.com/atlanta/food-delivery/krystal-6605-hwy-85/w2SIka-mT1udcvJ09VNIow,morrow-georgia
https://www.ubereats.com/atlanta/food-delivery/prime-pizza/Vw16MVm3Tg2UIw_wr0vCqQ,morrow-georgia
https://www.ubereats.com/atlanta/food-delivery/the-ice-cream-shop/kmiF8pHuQaGSk4WyvY-GdA,morrow-georgia
https://www.ubereats.com/atlanta/food-delivery/mama-put/RwNwOpZTS62kXgUFHmMqyg,morrow-georgia
https://www.ubereats.com/atlanta/food-delivery/jamaica-jerk-joint/7KUuE774QKC_I5xqFvL3kw,morrow-georgia
https://www.ubereats.com/atlanta/food-delivery/american-deli-forest-park/BzQl9bgGT-uFanjoF2PL7Q,morrow-georgia
https://www.ubereats.com/atlanta/food-delivery/honey-baked-ham-3529-us-highway-138-stockbridge-village-shopping-center-iii/xbUJLwbdRUy6XWL44P2s1w,morrow-georgia
https://www.ubereats.com/atlanta/food-delivery/bonchon-chicken-120-suite-c-pavillion-pkwy/hZufQGKjRj62_Di5CkWEdA,morrow-georgia
https://www.ubereats.com/atlanta/food-delivery/zaxbys-hwy-85/b4LGc8YSTKCysDw0dYQHmg,morrow-georgia
https://www.ubereats.com/atlanta/food-delivery/ikhlas-superb-seafood/Am7r3owHQc2jAkNR2ZGDmA,morrow-georgia
https://www.ubereats.com/atlanta/food-delivery/meals-by-chef-seals/R-IxfJpATN2onZwPyMeE-g,morrow-georgia
https://www.ubereats.com/atlanta/food-delivery/life-bistro/8tNrNkLmS36XUupVrc5EMw,morrow-georgia
https://www.ubereats.com/atlanta/food-delivery/virgils-gullah-kitchen-%26-bar/INXrLmu7S92FX6icD2pFeQ,morrow-georgia
https://www.ubereats.com/atlanta/food-delivery/jairs/Ha-gQ0HCSAe2PnICnzIHtA,morrow-georgia
https://www.ubereats.com/atlanta/food-delivery/annie-js-snack-shack/J8KesYRVQyyXI6uaknjVWQ,morrow-georgia
https://www.ubereats.com/atlanta/food-delivery/papis-cuban-%26-caribbean-grill-stockbridge/FCYSWJjuQAupXMICn86uDA,morrow-georgia
https://www.ubereats.com/atlanta/food-delivery/twisted-taco-fayetteville/CMXL35WYRXexpyyKIBLE2g,morrow-georgia
https://www.ubereats.com/atlanta/food-delivery/pizza-valley/L_mmALP3Qtq9RB8XSU-BCQ,morrow-georgia
https://www.ubereats.com/atlanta/food-delivery/this-is-it!-bbq-%26-seafood-old-national/UwmToXXoT_O1QzZZui_gyw,morrow-georgia
https://www.ubereats.com/atlanta/food-delivery/wendys-7363-jonesboro-rd/-WHqLernQ1CZLfQnnT4k7g,morrow-georgia
https://www.ubereats.com/atlanta/food-delivery/arbys-170-glynn-st/CllGNOcbR8GhkFUEqlsfDQ,morrow-georgia
https://www.ubereats.com/atlanta/food-delivery/gucamole-restaurant/HPhcPVoxRZOvu1MH6XrFjA,morrow-georgia
https://www.ubereats.com/atlanta/food-delivery/mrs-everything-%26-wings/5THhCX94S96ofUl5MLRCgA,morrow-georgia
https://www.ubereats.com/atlanta/food-delivery/anthonys-pizza-%26-pasta-riverdale/DzGRZG1ZQciZJQFuQTcRmQ,morrow-georgia
https://www.ubereats.com/atlanta/food-delivery/magnolia-bbq-%26-fish/93tOoUwFRke5lkYX5H2QAw,morrow-georgia
https://www.ubereats.com/atlanta/food-delivery/taste-of-flavors/jFnAKPEIQzOvbc0V2ZXqRA,morrow-georgia
https://www.ubereats.com/atlanta/food-delivery/jr-crickets-college-park/vjwkG8hCSN6GbwyPNykaJQ,morrow-georgia
https://www.ubereats.com/atlanta/food-delivery/dunkin-6550-highway-42/34_NUmvKRb62wxZW6Tzeww,morrow-georgia
https://www.ubereats.com/atlanta/food-delivery/almond-cakes-and-catering/YXXP5gSSSdq2svcgb0iRTg,morrow-georgia
https://www.ubereats.com/atlanta/food-delivery/saint-louis-cuisine/LuWzwaZZRVWGu0GufzU9-g,morrow-georgia
https://www.ubereats.com/atlanta/food-delivery/outback-steakhouse-200-north-park-court/4S0ca6xISWSE84bqiVrqeg,morrow-georgia
https://www.ubereats.com/atlanta/food-delivery/east-point-fish-%26-wings/P5erF1aOS96y78-47QqlmQ,morrow-georgia
https://www.ubereats.com/atlanta/food-delivery/dessence-cafe/wEccmwcnTGejtPQ5XMhjxw,morrow-georgia
https://www.ubereats.com/atlanta/food-delivery/fresh-smoothie-cafe/f3l8G9EdR_ScEUQGRZhZyA,morrow-georgia
https://www.ubereats.com/atlanta/food-delivery/oventreatz/dGrszz3aTre6rEZoUTfTjw,morrow-georgia
https://www.ubereats.com/atlanta/food-delivery/chicago-style-sandwiches-%26-more/4Gcd2nmCSBeLqd3tV-A6lw,morrow-georgia
https://www.ubereats.com/atlanta/food-delivery/tropical-smoothie-cafe-995-n-glynn-street/JuXJMyG3TcuIQADLB4qW3A,morrow-georgia
https://www.ubereats.com/atlanta/food-delivery/catalina-restaurant/SwzsS5-XRReRrAt_wXZR4A,morrow-georgia
https://www.ubereats.com/atlanta/food-delivery/jr-wings-%26-things/gUITt1jMTZC-KyDJLrFUJw,morrow-georgia
https://www.ubereats.com/atlanta/food-delivery/castaway-bar-%26-grill/Rf8-FWXoQUyK2Gd7qc6PkA,morrow-georgia
https://www.ubereats.com/atlanta/food-delivery/burger-king-6910-highway-85/KmQUUMK9QIqMQF5f5m4vog,morrow-georgia
https://www.ubereats.com/atlanta/food-delivery/honey-baked-ham-old-national-hwy/dnIOr8MSR_a-OZQ3ihocZA,morrow-georgia
https://www.ubereats.com/atlanta/food-delivery/zaxbys-1325-hwy-85-north/b0UR-H--T--HRB3HUxWb5w,morrow-georgia
https://www.ubereats.com/atlanta/food-delivery/red-snapper/FR6Lx3esTPujC02n6Z02hA,morrow-georgia
https://www.ubereats.com/atlanta/food-delivery/smoothie-king-virginia-ave/s5NIp5LhQqey-bk8GBWa2g,morrow-georgia
https://www.ubereats.com/atlanta/food-delivery/mrs-winners-chicken-%26-biscutts/jBTl-HKYTZ6XuDUxZAMPFg,morrow-georgia
https://www.ubereats.com/atlanta/food-delivery/dua-vietnamese-restaurant/tWuWObYJStaBlgTywkw5ZA,morrow-georgia
https://www.ubereats.com/atlanta/food-delivery/tip-top-willows/LrGp_W-ySnG0xHaSAXHyNQ,morrow-georgia
https://www.ubereats.com/atlanta/food-delivery/taco-bell-6259-jonesboro-rd/t4DW1x6_SOCmh1gRmqcqNw,morrow-georgia
https://www.ubereats.com/atlanta/food-delivery/krispy-kreme-6689-highway-%2385/z8yYDqbvS8CFIvqN4B7JBQ,morrow-georgia
https://www.ubereats.com/atlanta/food-delivery/uncle-renzs-popcorn/KoaqjT-4Q4uwMiyh-FlUZw,morrow-georgia
https://www.ubereats.com/atlanta/food-delivery/hotlanta-wings-glynn-st-n/wfdUhg6FTwekx_cM3F7RQA,morrow-georgia
https://www.ubereats.com/atlanta/food-delivery/big-eds-barbeque/haGgRhUTRWehMEIE-aqdxw,morrow-georgia
https://www.ubereats.com/atlanta/food-delivery/atlanta-bread-company-morrow/7Octqp8wQJSZic3aSaGoYQ,morrow-georgia
https://www.ubereats.com/atlanta/food-delivery/southside-wings/Pd-Wk4_xRvma--BwZl8sdA,morrow-georgia
https://www.ubereats.com/atlanta/food-delivery/hunts-bros-pizza/pwyxtGtgRWW2m2A1Aq3Yxg,morrow-georgia
https://www.ubereats.com/atlanta/food-delivery/burger-king-5141-jonesboro-road/QzGhJj6WSbSAxyxVTtl0IQ,morrow-georgia
https://www.ubereats.com/atlanta/food-delivery/subway-space-%23120-8103-tara-blvd/mlPqQg2dQsysi2DeLsBdIw,morrow-georgia
https://www.ubereats.com/atlanta/food-delivery/rumors-lounge/fzPcnXimSfausmyjF6zzkQ,morrow-georgia
https://www.ubereats.com/atlanta/food-delivery/your-pie-hapeville/4ExWecajRb266gCMQDoUlA,morrow-georgia
https://www.ubereats.com/atlanta/food-delivery/frontera-mex-mex-grill-stockbridge/QJ64AcSBQ72GS6uy5goegQ,morrow-georgia
https://www.ubereats.com/atlanta/food-delivery/subway-riverdale/sXLW_M8xTgWbIu8yGz7sWg,morrow-georgia
https://www.ubereats.com/atlanta/food-delivery/irish-bred-pub/3Rz2a5qwSjy1v-8qyKcj8g,morrow-georgia
https://www.ubereats.com/atlanta/food-delivery/endulge-cupcake-boutique/t9G8gdtPQKup3_SZzciQ8w,morrow-georgia
https://www.ubereats.com/atlanta/food-delivery/boba-theory/aPMEubmkS4GQkRYUO_cx9w,morrow-georgia
https://www.ubereats.com/atlanta/food-delivery/del-taco-6791-highway-85/WYbaRpn4TxeyiHfX7G8rNA,morrow-georgia
https://www.ubereats.com/atlanta/food-delivery/atlantas-best-burgers/GB08oyVVRg6F5WKQDEFp1w,morrow-georgia
https://www.ubereats.com/atlanta/food-delivery/captain-ds-4478-jonesboro-road/zOcs_p-RQcS60GF-Clko2Q,morrow-georgia
https://www.ubereats.com/atlanta/food-delivery/island-blendz-jamaican-grill/Gr2PnZXPR9SB3r0qfU_CwA,morrow-georgia
https://www.ubereats.com/atlanta/food-delivery/mcdonalds-morrow-ga-mt-zion-pkwy/KBS721UyR5a6XlPakmckuQ,morrow-georgia
https://www.ubereats.com/atlanta/food-delivery/krystal-6405-jonesboro-rd/Jnv5MsPsS9S_HrAJOoMr7g,morrow-georgia
https://www.ubereats.com/atlanta/food-delivery/kfc-8687-tara-blvd/nFBeiJRVQPuNGJw5Gtjm4g,morrow-georgia
https://www.ubereats.com/atlanta/food-delivery/taco-bell-3887-highway-138-se/DOrET485TdycZ1SM5bHKWg,morrow-georgia
https://www.ubereats.com/atlanta/food-delivery/bridge-view-country-cooking-n-henry-blvd/t7rgAYSaSQ-0HlBntTj0BA,morrow-georgia
https://www.ubereats.com/atlanta/food-delivery/kats-crab-shack/Aqp16GRCRXKgUARN5xV56A,morrow-georgia
https://www.ubereats.com/atlanta/food-delivery/taco-bell-4465-jonesboro/4XvGdOtBTkiuoYFE15Ugmg,morrow-georgia
https://www.ubereats.com/atlanta/food-delivery/great-wall-restaurant/yTNTGenwS4yeWR5tWmpQNg,morrow-georgia
https://www.ubereats.com/atlanta/food-delivery/red-snapper%3A-fish-%26-chicken/4Jisev-uQz-TeAAB0kiYKg,morrow-georgia
https://www.ubereats.com/atlanta/food-delivery/churchs-chicken-4498-jonesboro-rd/1ujMZFDFQ3O3OrYY8UpV2Q,morrow-georgia
https://www.ubereats.com/atlanta/food-delivery/el-gran-rico-pollaso/JVYJviFQRq6OHLuQp04sUQ,morrow-georgia
https://www.ubereats.com/atlanta/food-delivery/tasteful-innovations/Z_QBIu1vRg2FX8wwDG5SKQ,morrow-georgia
https://www.ubereats.com/atlanta/food-delivery/international-flavors-cousin/btwrgTJmSSWQpicZMUObPw,morrow-georgia
https://www.ubereats.com/atlanta/food-delivery/malones-grill-%26-bar-east-point/qMypR3cbSv6nXyFcu7zddQ,morrow-georgia
https://www.ubereats.com/atlanta/food-delivery/popeyes-5660-jonesboro-rd/JMABmKKkTTeEoR7HWTL52Q,morrow-georgia
https://www.ubereats.com/atlanta/food-delivery/burger-king-6457-tara-boulevard/x3jC5W-sRPiXnlQu2T8SBw,morrow-georgia
https://www.ubereats.com/atlanta/food-delivery/seafood-cafe/JRMx8-I9TJK_YoAJ-H5lvA,morrow-georgia
https://www.ubereats.com/atlanta/food-delivery/irish-pub-and-grill/kNnjPykOQBimjg-lDXtxsw,morrow-georgia
https://www.ubereats.com/atlanta/food-delivery/burger-king-247-forest-parkway/QZAmnbMqQh2jGJ9dCUVfbg,morrow-georgia
https://www.ubereats.com/atlanta/food-delivery/snappers-fish-and-chicken/otkryNT3SJSNlkWInOWKzA,morrow-georgia
https://www.ubereats.com/atlanta/food-delivery/piccadilly-cafeteria-dekalb-mall/-klgzLfxQ5GNU_4Sd4ELvQ,morrow-georgia
https://www.ubereats.com/atlanta/food-delivery/piccadilly-cafeteria-ga-stockbridge/sAkREI15RySoGqa4TgL7HA,morrow-georgia
https://www.ubereats.com/atlanta/food-delivery/sweet-jamaica-flava-jonesboro-rd/6iS11JboR0W2Qssq5UOOHg,morrow-georgia
https://www.ubereats.com/atlanta/food-delivery/china-wok/KF8XPh0QQtmwY5WSzUtP1w,morrow-georgia
https://www.ubereats.com/atlanta/food-delivery/uncle-carls-kitchen-shrimp-%26-lemonade-truck/bcoGDiqyQ82gKmxWNJYmRQ,morrow-georgia
https://www.ubereats.com/atlanta/food-delivery/genesis-bar-%26-grill-college-park/LQeS8_HETfualDtO4JcGWg,morrow-georgia
https://www.ubereats.com/atlanta/food-delivery/answer-the-bell-3/7f02FaqKQJag-vFyprx4Dg,morrow-georgia
https://www.ubereats.com/atlanta/food-delivery/fishers-of-men/HuyUyfJ5Rwq7MhAg7-oo8Q,morrow-georgia
https://www.ubereats.com/atlanta/food-delivery/rays-southern-foods-catering-and-events-forest-park/WiYuxD2CQ-qxNrU88kag4Q,morrow-georgia
https://www.ubereats.com/atlanta/food-delivery/the-chat-%26-chew/W5WrIWjBRxm7iMAVfEw1jQ,morrow-georgia
https://www.ubereats.com/atlanta/food-delivery/pasquallys-pizza-%26-wings-335-upper-riverdale-rd/ARhIk4d_RUybbar-VTHavw,morrow-georgia
https://www.ubereats.com/atlanta/food-delivery/subway-6655-tara-blvd/4SwCEbSjRJW3_1dnXpI_Uw,morrow-georgia
https://www.ubereats.com/atlanta/food-delivery/tropical-cuisine/VXWi1l4pRia5Jo3rKr7H3A,morrow-georgia
https://www.ubereats.com/atlanta/food-delivery/krystal-5235-old-national-hwy/rKwP9kqPSYeyU94mGk9D6A,morrow-georgia
https://www.ubereats.com/atlanta/food-delivery/ben-hill-grill/27bV_m9FTRerrdXiWb5xgQ,morrow-georgia
https://www.ubereats.com/atlanta/food-delivery/serafinos-italian-restaurant/TS6WKCxoS-qD_gBKGK8-hw,morrow-georgia
https://www.ubereats.com/atlanta/food-delivery/wing-and-waffle-factory/_9m-ysTLS5CRfbjCTmpCOw,morrow-georgia
https://www.ubereats.com/atlanta/food-delivery/j-%26-j-bbq-grill/pEf5BnpvQL-LTsaSTjzsuQ,morrow-georgia
https://www.ubereats.com/atlanta/food-delivery/wingtopia/RgAOoLxmQ32q2WJOoXdgKg,morrow-georgia
https://www.ubereats.com/atlanta/food-delivery/crown-italian-kitchen-virtual-restaurant/2x9c56D1TDGFT7hu59puig,morrow-georgia
https://www.ubereats.com/atlanta/food-delivery/ruchda-wings/zTLqGSb7RJmuT2g7XtR5ww,morrow-georgia
https://www.ubereats.com/atlanta/food-delivery/chipotle-mexican-grill-2011-mount-zion-rd/3RrYgnr9Rue3rPC5Ux9JHQ,morrow-georgia
https://www.ubereats.com/atlanta/food-delivery/dunkin-5663-jonesboro-rd/d1YRVY4GQBqWn7bY602iWA,morrow-georgia
https://www.ubereats.com/atlanta/food-delivery/checkers-6660-highway-85/pUi6KVCRQJmVtYBQG9J8JQ,morrow-georgia
https://www.ubereats.com/atlanta/food-delivery/jamrock-jerk-center-sport/FDt5py3MQ_WacmKvqckPBQ,morrow-georgia
https://www.ubereats.com/atlanta/food-delivery/4th-%26-1-sports-bar-grille-%26-lounge/9qQ9u_TyQfGx-sR7MKwqRw,morrow-georgia
https://www.ubereats.com/atlanta/food-delivery/healthy-burger-express/i4CNVbWMQVujP2V01n_GvA,morrow-georgia
https://www.ubereats.com/atlanta/food-delivery/subway-2058-mount-zion-rd/_5Bmd03sS52hObQ-TrEb2g,morrow-georgia
https://www.ubereats.com/atlanta/food-delivery/the-real-milk-%26-honey/DP04YYoPS0Oj7VzBp4V_KA,morrow-georgia
https://www.ubereats.com/atlanta/food-delivery/kfc-1493-mount-zion-rd/XAnygDycQ4yr0T4toXQOqw,morrow-georgia
https://www.ubereats.com/atlanta/food-delivery/burger-bar-6785-tara-boulevard/stqX41qKTFKYhmNVHCNrNw,morrow-georgia
https://www.ubereats.com/atlanta/food-delivery/mr-everything-cafe-fairburn/SjMFMza7Q-yulqzdhKxCzA,morrow-georgia
https://www.ubereats.com/atlanta/food-delivery/popeyes-6553-tara-blvd/X5r4kNWVTISGhMDrNEDkxQ,morrow-georgia
