url,city
https://www.ubereats.com/new-jersey/food-delivery/thai-passion225-main-st/tuQw1B3iQNu0dOFG5QdoLw,morristown-new-jersey
https://www.ubereats.com/new-jersey/food-delivery/chef-fredys-table/yvoKusLCR9eBTT3SJ7EHwQ,morristown-new-jersey
https://www.ubereats.com/new-jersey/food-delivery/cold-stone-321-mount-hope-ave/H5RalxEGQ52qbVWgGpHPSA,morristown-new-jersey
https://www.ubereats.com/new-jersey/food-delivery/fiamma-wood-fired-pizza-morristown/bn4ErNx4QR27U78sT3EaRQ,morristown-new-jersey
https://www.ubereats.com/new-jersey/food-delivery/la-strada-ristorante/J__KFX5IS9WbiQZIo_dlGw,morristown-new-jersey
https://www.ubereats.com/new-jersey/food-delivery/jersey-mikes-subs-437-us-highway-46/ifBshiEoQkWzw3Lnv0btYw,morristown-new-jersey
https://www.ubereats.com/new-jersey/food-delivery/china-chalet-florham-park/XagGOjrVTYqCTsXqykPYWw,morristown-new-jersey
https://www.ubereats.com/new-jersey/food-delivery/pastrami-house/pr8bdBXtQX6TUgwdpNQrbQ,morristown-new-jersey
https://www.ubereats.com/new-jersey/food-delivery/baldwin-pizzeria/r9zRDskRQVGlggaYSrtXFw,morristown-new-jersey
https://www.ubereats.com/new-jersey/food-delivery/ihop-810-us-highway-46/Uq7miK6RQhCIUDm8S4ePMA,morristown-new-jersey
https://www.ubereats.com/new-jersey/food-delivery/pregos-pizza/7cX5m92CR4yyQBXHoWu6PQ,morristown-new-jersey
https://www.ubereats.com/new-jersey/food-delivery/fusha-sushi-bar/rtKELIaeSc-0y5MhOk9hZw,morristown-new-jersey
https://www.ubereats.com/new-jersey/food-delivery/summit-greek-grill/zAsK89_-Rd6cD6iThgkDxA,morristown-new-jersey
https://www.ubereats.com/new-jersey/food-delivery/mancinos-pizzeria-and-restaurant-490-east-main-street/FexPCRBVR6iZPdOflgjA0g,morristown-new-jersey
https://www.ubereats.com/new-jersey/food-delivery/ajs-bagel-%26-deli/1oAywD2yRK6R7w62c1Kp4w,morristown-new-jersey
https://www.ubereats.com/new-jersey/food-delivery/dunkin-12-green-pond-rd/Sl-dA5oXQFK4fLGW-1-aTQ,morristown-new-jersey
https://www.ubereats.com/new-jersey/food-delivery/kilwins-morristown/IIKg1lUPRsKo7Gz1snY2OA,morristown-new-jersey
https://www.ubereats.com/new-jersey/food-delivery/old-glory-restaurant/MNLnnXSfShGH2NMpIguuHQ,morristown-new-jersey
https://www.ubereats.com/new-jersey/food-delivery/project-khaana/T8w787eTSGuxMKmb6thKAg,morristown-new-jersey
https://www.ubereats.com/new-jersey/food-delivery/mediterranean-grill-%26-pizza/oOPdCbcWSJGUwGyH_o35iA,morristown-new-jersey
https://www.ubereats.com/new-jersey/food-delivery/kabab-bowls/kxsTedO2QFGpQh_jTEVftg,morristown-new-jersey
https://www.ubereats.com/new-jersey/food-delivery/denville-pizza/81EZ2ROPQRKGKGCXI4GnkQ,morristown-new-jersey
https://www.ubereats.com/new-jersey/food-delivery/philly-pretzel-factory-of-morristown/a8rSkLRaTg6gt4q_clJeFQ,morristown-new-jersey
https://www.ubereats.com/new-jersey/food-delivery/spice-route-melange/1K7JynOQQhyZmnFZiQsDvA,morristown-new-jersey
https://www.ubereats.com/new-jersey/food-delivery/madison-bagel-cafe/u0C0k9nCRx6KasP-1K1HjQ,morristown-new-jersey
https://www.ubereats.com/new-jersey/food-delivery/nolvias-restaurant/RAREzAhZTpuvGSq-tsAkrA,morristown-new-jersey
https://www.ubereats.com/new-jersey/food-delivery/primo-pizzeria/fbLqyYV4Sg6jsHM4JYhrxA,morristown-new-jersey
https://www.ubereats.com/new-jersey/food-delivery/macho-nacho/47tyBV6GRoitzG9I8Qb9jw,morristown-new-jersey
https://www.ubereats.com/new-jersey/food-delivery/weenies/j9jtuFGURhGJjJKRsFK1bQ,morristown-new-jersey
https://www.ubereats.com/new-jersey/food-delivery/the-green-juice-bar-%26-smoothies/9cDkVTUcTNuuB5qgRome5Q,morristown-new-jersey
https://www.ubereats.com/new-jersey/food-delivery/vfg-sushi-hanover/AXzOxoyzRL-cZVF7M9eJ-A,morristown-new-jersey
https://www.ubereats.com/new-jersey/food-delivery/potbellys-riverside-cafe-e-main-st/FkrLaS0JQPCxiLmk3UFywg,morristown-new-jersey
https://www.ubereats.com/new-jersey/food-delivery/ming-ii-restaurant/V6hHHW9MRYaMdRjX_r6RWA,morristown-new-jersey
https://www.ubereats.com/new-jersey/food-delivery/marios-brick-oven-%26-restaurant/bZQSDELCQ8Cnu2vnd9Bsaw,morristown-new-jersey
https://www.ubereats.com/new-jersey/food-delivery/madison-market/FqN6EyqbSqa2tFES55KFHw,morristown-new-jersey
https://www.ubereats.com/new-jersey/food-delivery/bubbakoos-burritos-parsippany/W1yhaqRjR9SBN25e4o3clQ,morristown-new-jersey
https://www.ubereats.com/new-jersey/food-delivery/antimos-pizzeria-and-restaurant/nASK_mw2TxeL92rc-RK2gA,morristown-new-jersey
https://www.ubereats.com/new-jersey/food-delivery/verde-ristorante/ROHzi9pPQ0iRh4_4R28GSw,morristown-new-jersey
https://www.ubereats.com/new-jersey/food-delivery/honest-restaurant-parsippany/tfVq-2-OTn61YfmAWV3pnQ,morristown-new-jersey
https://www.ubereats.com/new-jersey/food-delivery/arepas-paisas/HnrpKQh7QY6smarBrKbX4Q,morristown-new-jersey
https://www.ubereats.com/new-jersey/food-delivery/chote-nawab-kebab-and-roll-house-new-jersey/3d05UKKTRSyaqbYbv0qX3A,morristown-new-jersey
https://www.ubereats.com/new-jersey/food-delivery/new-asian-mizuki/BLezeUf6QgK6SEgq9tpASw,morristown-new-jersey
https://www.ubereats.com/new-jersey/food-delivery/hunan-noodle-house/yaS23sX0SrKBTb4mFz8jLA,morristown-new-jersey
https://www.ubereats.com/new-jersey/food-delivery/house-of-biryanis-and-kebabs/46F2765AQAO4QahAIhexSw,morristown-new-jersey
https://www.ubereats.com/new-jersey/food-delivery/summit-thai-cuisine-east-hanover/uiiaWZeIQfSF5G8STb2tMw,morristown-new-jersey
https://www.ubereats.com/new-jersey/food-delivery/outback-steakhouse-1070-us-highway-46/24r9mfagSiyDHmp0Q_UCWQ,morristown-new-jersey
https://www.ubereats.com/new-jersey/food-delivery/fattys/k_swAvd6RPGVaZUn9KPA3g,morristown-new-jersey
https://www.ubereats.com/new-jersey/food-delivery/buffalo-wild-wings-1540-us-highway-46/-EAT9axTSReb0B3G9em17w,morristown-new-jersey
https://www.ubereats.com/new-jersey/food-delivery/the-habit-burger-grill-185-ridgedale-avenue/xC6punUDTVCUi0ZAJPQxaA,morristown-new-jersey
https://www.ubereats.com/new-jersey/food-delivery/brooklyn-bagel-%26-deli/C3Mi5sm5Qm64GdvchM2XZQ,morristown-new-jersey
https://www.ubereats.com/new-jersey/food-delivery/dunkin-387-route-46/pq9EGcrGSTywTiGEAWMI4Q,morristown-new-jersey
https://www.ubereats.com/new-jersey/food-delivery/pierogies-house/X0z8oE6hSOm7U51_eeC3AQ,morristown-new-jersey
https://www.ubereats.com/new-jersey/food-delivery/marinos-cafe/HiptA6NzThWIajpnK_Uf1A,morristown-new-jersey
https://www.ubereats.com/new-jersey/food-delivery/sorrento-bakery/M3Ij04qGSkSenqmGNgO8nQ,morristown-new-jersey
https://www.ubereats.com/new-jersey/food-delivery/chipotle-mexican-grill-6-main-st/R6wvkB6MRzWh4RbPK3iF0g,morristown-new-jersey
https://www.ubereats.com/new-jersey/food-delivery/qdoba-395-mount-hope-ave/WPWywjN3QX-A81qrS_Ozeg,morristown-new-jersey
https://www.ubereats.com/new-jersey/food-delivery/carrot-indochinese-restaurant/p1NZmilvSS6VfW7FikaP3A,morristown-new-jersey
https://www.ubereats.com/new-jersey/food-delivery/cracker-barrel-old-country-store-172-howard-blvd/wom3WzxgQBeM9EgfvSR6DA,morristown-new-jersey
https://www.ubereats.com/new-jersey/food-delivery/tandoori-flames/-6CI3RTCSMC73idBhBR89Q,morristown-new-jersey
https://www.ubereats.com/new-jersey/food-delivery/shake-shack-70-waterview-blvd/uLDeCXD0Q1e875_UToeKvg,morristown-new-jersey
https://www.ubereats.com/new-jersey/food-delivery/kfc-190-route-46/XALcpgCVR16YWEGdvfZ9lA,morristown-new-jersey
https://www.ubereats.com/new-jersey/food-delivery/paulie-gs-deli-and-grill/w9pXt1tVQsalvdJ-knm8Vw,morristown-new-jersey
https://www.ubereats.com/new-jersey/food-delivery/bollywood-grill/Rj2L4DLDTn64VkYphr5ycg,morristown-new-jersey
https://www.ubereats.com/new-jersey/food-delivery/wendys-1860-route-10/456Bkq9LRMeGJWkSmNLXtA,morristown-new-jersey
https://www.ubereats.com/new-jersey/food-delivery/caffe-india/4LUBYRdISh-s-tSuZSAM7A,morristown-new-jersey
https://www.ubereats.com/new-jersey/food-delivery/oolala!-vietnamese-kitchen/XUovyZ9ERj2MItvLULAFoA,morristown-new-jersey
https://www.ubereats.com/new-jersey/food-delivery/antimos-pizzeria-%26-restaurant-sussex-tpke/dET2Vvl0Qy2mPfaH91o4nA,morristown-new-jersey
https://www.ubereats.com/new-jersey/food-delivery/italian-village/8AU0Lj3CRISHKZhA5Z-p9Q,morristown-new-jersey
https://www.ubereats.com/new-jersey/food-delivery/marios-famous-pizza/L40iBmobTriHYdoGdYyPjw,morristown-new-jersey
https://www.ubereats.com/new-jersey/food-delivery/parsippany-family-bagel/xtByHGutQpOtDdzXuaD17A,morristown-new-jersey
https://www.ubereats.com/new-jersey/food-delivery/dunkin-401-speedwell-ave/IaNu4ok3SNy87IxEpUD52w,morristown-new-jersey
https://www.ubereats.com/new-jersey/food-delivery/sogo-hibachi-and-sushi-lounge/H8a7HqhVTxWgM6Jrt1FVEw,morristown-new-jersey
https://www.ubereats.com/new-jersey/food-delivery/pure-pita-morristown/ROLs-YiFSGawWDKHzva56Q,morristown-new-jersey
https://www.ubereats.com/new-jersey/food-delivery/outback-steakhouse-1300-route-46-west/EnZGVxRAQz2AB9NbDZPpPA,morristown-new-jersey
https://www.ubereats.com/new-jersey/food-delivery/chipotle-mexican-grill-1711-state-route-10/nEDcg6GAQgySU6dHXg-L8Q,morristown-new-jersey
https://www.ubereats.com/new-jersey/food-delivery/pakwaan-takeout/U3s4bTngRfWn765MXHQ5sw,morristown-new-jersey
https://www.ubereats.com/new-jersey/food-delivery/cheeks-chicken-and-waffles-rockaway/Tdqk9RugQhaV3tQuH6vPgw,morristown-new-jersey
https://www.ubereats.com/new-jersey/food-delivery/ikes-bagel-cafe/M00H6FJNTz6wWglvZT9yAg,morristown-new-jersey
https://www.ubereats.com/new-jersey/food-delivery/mehndi/bsqU7Y5uT1aiRlchVGTgow,morristown-new-jersey
https://www.ubereats.com/new-jersey/food-delivery/mcdonalds-35-morris-county-mall/6hx8LGTGSH2kwVDk362PJg,morristown-new-jersey
https://www.ubereats.com/new-jersey/food-delivery/yogurtland-3056-state-route-10/wtNh5k8UStKngDiL4S_p8Q,morristown-new-jersey
https://www.ubereats.com/new-jersey/food-delivery/first-watch-morris-plains/NGjmV_-gQSyHYh3OTmSnnQ,morristown-new-jersey
https://www.ubereats.com/new-jersey/food-delivery/mo-pweeze-bakery/6f2nl66sTwKTx-maYaOfLQ,morristown-new-jersey
https://www.ubereats.com/new-jersey/food-delivery/dunkin-227-main-st/kVdJwFFfRkOdVclvMK9xdg,morristown-new-jersey
https://www.ubereats.com/new-jersey/food-delivery/bollywood-grill-2/So94Hn7kRr231JTK66ONpg,morristown-new-jersey
https://www.ubereats.com/new-jersey/food-delivery/goodmans-deli/E4lTzCRJSVSqT5Raein_Ug,morristown-new-jersey
https://www.ubereats.com/new-jersey/food-delivery/dunkin-36-state-route-10/e3WZES_IRvaionbG8Pzs6Q,morristown-new-jersey
https://www.ubereats.com/new-jersey/food-delivery/taco-bell-1560-route-46/UPeJv6omQ4m9q_wFckcNFg,morristown-new-jersey
https://www.ubereats.com/new-jersey/food-delivery/california-pizza-kitchen-1200-morris-turnpike-unit-8270/4_QLuWOoTAGvj4OfIuiD0w,morristown-new-jersey
https://www.ubereats.com/new-jersey/food-delivery/pucciarellos-italian-kitchen/vMrkpMxZRyiUGC7qXmVXnQ,morristown-new-jersey
https://www.ubereats.com/new-jersey/food-delivery/starbucks-chatham/KZ9SPLerSAS3X3pA0NrDqQ,morristown-new-jersey
https://www.ubereats.com/new-jersey/food-delivery/grasshopper-off-the-green/L3IL0J-HTaCCFSmmxOgSrQ,morristown-new-jersey
https://www.ubereats.com/new-jersey/food-delivery/dunkin-329-route-10-east/BQ7d559zTIuQeVUJz2qOEw,morristown-new-jersey
https://www.ubereats.com/new-jersey/food-delivery/bollywood-grill/a6cdsqwhTDiG8bevGp9lpA,morristown-new-jersey
https://www.ubereats.com/new-jersey/food-delivery/randolph-diner/G1jpBvBsTWSaqtqfDsxrpQ,morristown-new-jersey
https://www.ubereats.com/new-jersey/food-delivery/morristown-diner/nCWvqWl5QfOHADlLetpTTA,morristown-new-jersey
https://www.ubereats.com/new-jersey/food-delivery/super-duper-bagels/L25zjUL2TymYeOUsnrN-OQ,morristown-new-jersey
https://www.ubereats.com/new-jersey/food-delivery/nagano-japanese-restaurant/a8zDH8qiR4iQlBIx9aBQJQ,morristown-new-jersey
https://www.ubereats.com/new-jersey/food-delivery/dunkin-route-53-%26-station/V0OLp5HrTMKVdFf9p3jTWg,morristown-new-jersey
https://www.ubereats.com/new-jersey/food-delivery/burgerim-131-new-road/6fzsnGygRB20BXNYD2dhOQ,morristown-new-jersey
https://www.ubereats.com/new-jersey/food-delivery/thai-amarin/u2A4OFRvTvmlYvJe92B81w,morristown-new-jersey
https://www.ubereats.com/new-jersey/food-delivery/mr-perrys-smokehouse-hanover/U1wKmUgQQn-zId2suJxpOg,morristown-new-jersey
https://www.ubereats.com/new-jersey/food-delivery/made-in-italy/DvzOZ3_-SXyLVnSpw5AXFQ,morristown-new-jersey
https://www.ubereats.com/new-jersey/food-delivery/chatham-sandwich-shop/1IyNsEYOTt-cuPY7WDzV_Q,morristown-new-jersey
https://www.ubereats.com/new-jersey/food-delivery/chipotle-mexican-grill-1260-springfield-ave-ste-2/8iZ2idhOQeCbRmQ1u9dZyA,morristown-new-jersey
https://www.ubereats.com/new-jersey/food-delivery/pauls-family-diner/NK9lOlZ0RF2pNqVkccBZRg,morristown-new-jersey
https://www.ubereats.com/new-jersey/food-delivery/wendys-505-rt-10-east/MZvy9sAQQlu9jCyrnJDKKQ,morristown-new-jersey
https://www.ubereats.com/new-jersey/food-delivery/red-lobster-303-route-10/zim9Vo6KTVWBstYKOyrxMw,morristown-new-jersey
https://www.ubereats.com/new-jersey/food-delivery/starbucks-madison/7Wd8GwRRQtmc3iggBGXFDw,morristown-new-jersey
https://www.ubereats.com/new-jersey/food-delivery/dunkin-1767-route-10-e/c0Iv-O-oQce7Apf6GRXeww,morristown-new-jersey
https://www.ubereats.com/new-jersey/food-delivery/moes-16-west-main-street/cmLhjpuzS-WMHUMSYWCokg,morristown-new-jersey
https://www.ubereats.com/new-jersey/food-delivery/chipotle-mexican-grill-1131-us-highway-46/68Pn6awwT3OVC0Gi-OxoUg,morristown-new-jersey
https://www.ubereats.com/new-jersey/food-delivery/blimpie-5-washington-st/41pC3C4lR3ia8SAZy4kTag,morristown-new-jersey
https://www.ubereats.com/new-jersey/food-delivery/hapgoods/yNgGVgf4RdOsP9Fd8TpjQg,morristown-new-jersey
https://www.ubereats.com/new-jersey/food-delivery/dos-toros-florham-park/UzFyhZJQQM2jE7A8ycIJQg,morristown-new-jersey
https://www.ubereats.com/new-jersey/food-delivery/cold-stone-creamery-5-washington-st/83XYMix4R-yeXo340NDtvA,morristown-new-jersey
https://www.ubereats.com/new-jersey/food-delivery/yasou-milos/sMesE2ruR8ewX-0OmIPOQw,morristown-new-jersey
https://www.ubereats.com/new-jersey/food-delivery/george-%26-marthas-american-grille/Or0n5ovdRza7YPyR0MUfIw,morristown-new-jersey
https://www.ubereats.com/new-jersey/food-delivery/dunkin-567-route-10/b24kPk6UTU-FY8YFCjegtw,morristown-new-jersey
https://www.ubereats.com/new-jersey/food-delivery/buffalo-wild-wings-343-mount-hope-ave/Ws6SO9mIQ46jJvVVSeCT5g,morristown-new-jersey
https://www.ubereats.com/new-jersey/food-delivery/madison-market/5nhk662UQYeLRJcFS93w5A,morristown-new-jersey
https://www.ubereats.com/new-jersey/food-delivery/red-robin-653-301-mount-hope-ave/hYfAWX_2SdK12_TDuTjGDA,morristown-new-jersey
https://www.ubereats.com/new-jersey/food-delivery/carvel-51-main-street/TKyf5Z7ASeSM81UKE0RR7A,morristown-new-jersey
https://www.ubereats.com/new-jersey/food-delivery/freshii-1767-nj-10/j3Gz1GBLRpGURXrAS3KLEw,morristown-new-jersey
https://www.ubereats.com/new-jersey/food-delivery/edible-arrangements-276-east-main-st-ste-15/iHLxV_EDRoSOek9LnMiZzA,morristown-new-jersey
https://www.ubereats.com/new-jersey/food-delivery/houlihans-parsippany/-CSErQOQQF22XYWMg3otmw,morristown-new-jersey
https://www.ubereats.com/new-jersey/food-delivery/starbucks-route-10-denville/iq65H7RpTb-nu-rgJFNFnA,morristown-new-jersey
https://www.ubereats.com/new-jersey/food-delivery/gelotti-randolph/2r_igCYRSC61bXF6Qpf4yQ,morristown-new-jersey
https://www.ubereats.com/new-jersey/food-delivery/qdoba-mexican-grill-3056-new-jersey-10/qjRq_15ERe6Xdg2AfLiqAw,morristown-new-jersey
https://www.ubereats.com/new-jersey/food-delivery/plaza-restaurant-%26-diner/XYQMIUqTSzGFsTWzfGtvpg,morristown-new-jersey
https://www.ubereats.com/new-jersey/food-delivery/bagel-bistro/8kL-k_muThSFTNlkHaAFFQ,morristown-new-jersey
https://www.ubereats.com/new-jersey/food-delivery/mountain-lakes-bagel/HMU1I-7lTdmZdAgj76fVAg,morristown-new-jersey
https://www.ubereats.com/new-jersey/food-delivery/josephs-pizzeria/zLTwKxkCSn6PzOLZ75wpLg,morristown-new-jersey
https://www.ubereats.com/new-jersey/food-delivery/the-blue-morel/4M00R7ZvSquzAuIwpM8oZA,morristown-new-jersey
https://www.ubereats.com/new-jersey/food-delivery/burger-king-317-main-street/EJxVVq-7RGe4lcIuLRIyaQ,morristown-new-jersey
https://www.ubereats.com/new-jersey/food-delivery/marjan-fine-persian-grill/mbCEXCgLR3GTL1OnVFb_Xg,morristown-new-jersey
https://www.ubereats.com/new-jersey/food-delivery/the-ice-cream-shop/uH9IgLZpTDmoI_1NtIpouw,morristown-new-jersey
https://www.ubereats.com/new-jersey/food-delivery/smashburger-1103-rte-46-east/eTjwGYt3Rt2Br7-ESMHe1Q,morristown-new-jersey
https://www.ubereats.com/new-jersey/food-delivery/milan-pizzeria/1Fa7C85rTsm33RouaTH8Ig,morristown-new-jersey
https://www.ubereats.com/new-jersey/food-delivery/kfc-1110-route-46/PcmcD7dXSpCJVTNfLlE7SA,morristown-new-jersey
https://www.ubereats.com/new-jersey/food-delivery/lotus-thai-cuisine/OQvHcRvrS4Grivm7IGKnqA,morristown-new-jersey
https://www.ubereats.com/new-jersey/food-delivery/dhaba-express/CUUk7rIGRY2i3Lvl_W4s2w,morristown-new-jersey
https://www.ubereats.com/new-jersey/food-delivery/dunkin-641-shunpike-rd/TcbYwEHhRvaWXOM4ZSOMow,morristown-new-jersey
https://www.ubereats.com/new-jersey/food-delivery/noches-de-colombia-randolph-nj/lVhAIMrHRFaLqqUxerUcsQ,morristown-new-jersey
https://www.ubereats.com/new-jersey/food-delivery/blaze-pizza-374-w-mt-pleasant-ave/tF64WDxLSOCTMumcluoKPg,morristown-new-jersey
https://www.ubereats.com/new-jersey/food-delivery/caffe-delhi/cTX3sdjHRm-KeGWbLmEgww,morristown-new-jersey
https://www.ubereats.com/new-jersey/food-delivery/end-of-elm/KwHDeyPFQzWo9POc9yFKOQ,morristown-new-jersey
https://www.ubereats.com/new-jersey/food-delivery/pops-chicken/eLPEeFIdTPW5SUwFgjggzQ,morristown-new-jersey
https://www.ubereats.com/new-jersey/food-delivery/townsquare-diner-inc-nj-15/55zfQDrDRc63CqUyBsjOAA,morristown-new-jersey
https://www.ubereats.com/new-jersey/food-delivery/manhattan-bagel-321-route-15/icUVWWZGT9Ga7ErXarIsuQ,morristown-new-jersey
https://www.ubereats.com/new-jersey/food-delivery/morristown-latino-american-supermarket/sFt3YBB4Thaxdn7lMyaVuA,morristown-new-jersey
https://www.ubereats.com/new-jersey/food-delivery/dunkin-176-columbia-turnpike/2bkZ7AwkSSuPS7M1oXRzHQ,morristown-new-jersey
https://www.ubereats.com/new-jersey/food-delivery/olive-lucys-kitchen-table/zG82JMfuQTOiInZILkA39g,morristown-new-jersey
https://www.ubereats.com/new-jersey/food-delivery/bagle-city-grille/pBA7F-epR3ij1wnZAcSeow,morristown-new-jersey
https://www.ubereats.com/new-jersey/food-delivery/thai-ping-main-st/397W39F4S2mrFO3zrVkhbQ,morristown-new-jersey
https://www.ubereats.com/new-jersey/food-delivery/clean-juice-68-south-street/cgQKZVrZRHmh0TNbPZoYcg,morristown-new-jersey
https://www.ubereats.com/new-jersey/food-delivery/weenies-madison/IukCWLn4Se-L87ot3_KcfQ,morristown-new-jersey
https://www.ubereats.com/new-jersey/food-delivery/jimmys-pizzeria/bQm3qrztT3a0XhzTYfjS0A,morristown-new-jersey
https://www.ubereats.com/new-jersey/food-delivery/fratellis-deli/Q7PVb5MaQ6y6LXjzt9TrWg,morristown-new-jersey
https://www.ubereats.com/new-jersey/food-delivery/dunkin-246-littleton-rd/FgLiay3GQ96vx2Dv53f7wQ,morristown-new-jersey
https://www.ubereats.com/new-jersey/food-delivery/gencarellis-pine-brook/lfFzKaF_ROu5EMivewDv4A,morristown-new-jersey
https://www.ubereats.com/new-jersey/food-delivery/dunkin-30-lafayette-ave/8p5yP4LWSL-yy3KaZ7_m_A,morristown-new-jersey
https://www.ubereats.com/new-jersey/food-delivery/tacoria-morristown/pZsL4tikTNqGKcVRP01AFQ,morristown-new-jersey
https://www.ubereats.com/new-jersey/food-delivery/so-gong-dong-tofu-and-bbq-east-hanover/YdoV9p_JSyqXKwaJBd9usg,morristown-new-jersey
https://www.ubereats.com/new-jersey/food-delivery/sakura-juicy-crab/qe6aV84hScWAduU3hCFIBA,morristown-new-jersey
https://www.ubereats.com/new-jersey/food-delivery/grilled-cheese-at-the-melt-factory/a9tSmuLNTkW6WugNpj7HOg,morristown-new-jersey
https://www.ubereats.com/new-jersey/food-delivery/chipotle-mexican-grill-301-mt-hope-ave/Mt-hyWm6SrOgG-H-L12IGQ,morristown-new-jersey
https://www.ubereats.com/new-jersey/food-delivery/the-ice-cream-shop/h0JreBlRQwikS9IHKzx2nw,morristown-new-jersey
https://www.ubereats.com/new-jersey/food-delivery/the-simple-greek/NbBe1Jw8QCeQtXfYXTLOlA,morristown-new-jersey
https://www.ubereats.com/new-jersey/food-delivery/dunkin-59-61-morris-st/2EiBRDhUQqqjrOK20ge93g,morristown-new-jersey
https://www.ubereats.com/new-jersey/food-delivery/dunkin-199-littleton-rd/X-7rNoNERq2uF87a9i6-bg,morristown-new-jersey
https://www.ubereats.com/new-jersey/food-delivery/biladi-grill/Dxhy3FbhQA-u-xw1G7HdVA,morristown-new-jersey
https://www.ubereats.com/new-jersey/food-delivery/the-country-store/o11IOjacRbCAghIY3b4ScA,morristown-new-jersey
https://www.ubereats.com/new-jersey/food-delivery/ashia/0qgnOMyrQq-o3IZ36Ux-Pw,morristown-new-jersey
https://www.ubereats.com/new-jersey/food-delivery/tony-%26-vinnies-italian-bakery-%26-deli/pYVJo2S2SQafrfIT3aZDAA,morristown-new-jersey
https://www.ubereats.com/new-jersey/food-delivery/end-of-elm/L3mKH-G3QrukR0xkuCORQw,morristown-new-jersey
https://www.ubereats.com/new-jersey/food-delivery/elmas-turkish-and-mediterranean-cuisine-restaurant/HfOKjmXiQdmzw_G43QTB3A,morristown-new-jersey
https://www.ubereats.com/new-jersey/food-delivery/folklore-artisanal-mexican-eatery-ii/e_cTy188T4uyFZ1T84hqtQ,morristown-new-jersey
https://www.ubereats.com/new-jersey/food-delivery/monchys-colombian-grill%3A-dover/V47ZgWwKQhu3Fl1GpeL9uw,morristown-new-jersey
https://www.ubereats.com/new-jersey/food-delivery/dunkin-3440-route-46/v9s3fd5ZT06OAK56G1wK1A,morristown-new-jersey
https://www.ubereats.com/new-jersey/food-delivery/palm-thai/W9bLRIl5TmW5bvko62MxNw,morristown-new-jersey
https://www.ubereats.com/new-jersey/food-delivery/dantes-of-denville/l2o44fT2SUCejw0Mujubqg,morristown-new-jersey
https://www.ubereats.com/new-jersey/food-delivery/miga-sushi/k2iCTh4UT8a2EK84aVFH1A,morristown-new-jersey
https://www.ubereats.com/new-jersey/food-delivery/romanellis-pizza-%26-italian-eatery/JkcSlsOgRjmMaE1D8C3KkA,morristown-new-jersey
https://www.ubereats.com/new-jersey/food-delivery/bredas-pizza-%26-grill/JOjTfLBaQReeMu-7NL4Uqg,morristown-new-jersey
https://www.ubereats.com/new-jersey/food-delivery/shake-shack-280-eisenhower-parkway/VpC4kNlwTrOyexNdjrZZWg,morristown-new-jersey
https://www.ubereats.com/new-jersey/food-delivery/royal-halal-chicken-%26-biscuit/I5jIdTU1Q2i8rapTZ-AmUA,morristown-new-jersey
https://www.ubereats.com/new-jersey/food-delivery/playa-bowls-morristown/-EECUqtlQEq2hVOpuqUj6Q,morristown-new-jersey
https://www.ubereats.com/new-jersey/food-delivery/the-godfather-of-morristown/nJoRQED8Td6_0D2DbJwYmw,morristown-new-jersey
https://www.ubereats.com/new-jersey/food-delivery/twinflame-cafe/eVYLlUKzSBifnOewgSoRtw,morristown-new-jersey
https://www.ubereats.com/new-jersey/food-delivery/156-applebees-parsippany/j-1nnQsWRlCVzGkeLUEw6g,morristown-new-jersey
https://www.ubereats.com/new-jersey/food-delivery/smashburger-1767-route-10-east/TkM508oDSjCDGl_M1jR17w,morristown-new-jersey
https://www.ubereats.com/new-jersey/food-delivery/begum-palace/4AcgmX8qTi2eQHNrPqDcEg,morristown-new-jersey
https://www.ubereats.com/new-jersey/food-delivery/rockbottom-morris-patio-%26-grill/U2TwTOqCRcO_khqAc0NWoQ,morristown-new-jersey
https://www.ubereats.com/new-jersey/food-delivery/il-mondo-vecchio/Cpe-7M2PTIGepmMlreM2Lg,morristown-new-jersey
https://www.ubereats.com/new-jersey/food-delivery/village-food-garden/tTl12KjLSgeUl6WmIubbqQ,morristown-new-jersey
https://www.ubereats.com/new-jersey/food-delivery/wendys-2099-route-46/y5jcNwapQl2Ou_M6cwfgfw,morristown-new-jersey
https://www.ubereats.com/new-jersey/food-delivery/ihop-102-e-hanover-ave/Tp7CLdmoR5-rGv2KgbYnzw,morristown-new-jersey
https://www.ubereats.com/new-jersey/food-delivery/playa-bowls-denville/y79q89R0QbKeFB2JZbJjmQ,morristown-new-jersey
https://www.ubereats.com/new-jersey/food-delivery/fire-roasted-chicken-and-grill-86-ridgedale-ave/LNAEPh9ZTCuHXEeptVOc6Q,morristown-new-jersey
https://www.ubereats.com/new-jersey/food-delivery/brick-46/oYKJvox1Sr-Gu92me_ROlA,morristown-new-jersey
https://www.ubereats.com/new-jersey/food-delivery/ihop-304-wootton-street/iJVGE1FgTdK3vYLO9zjFmA,morristown-new-jersey
https://www.ubereats.com/new-jersey/food-delivery/cluck-u-chicken-morristown/0fiJ5aCdTz-FL4lK4GHXrQ,morristown-new-jersey
https://www.ubereats.com/new-jersey/food-delivery/towne-deli/tHGttJRwREiQeRb4_ZjquA,morristown-new-jersey
https://www.ubereats.com/new-jersey/food-delivery/mostly-grill-indian-fusion-cuisine/_NC8w4XySwufdpXkTe_Csw,morristown-new-jersey
https://www.ubereats.com/new-jersey/food-delivery/dunkin-384-springfield-ave/8mZjWOmpRRu9frO-KFbDtA,morristown-new-jersey
https://www.ubereats.com/new-jersey/food-delivery/turanos-pizza-kitchen/_T9z25UTRuynfOR4AU_NRA,morristown-new-jersey
https://www.ubereats.com/new-jersey/food-delivery/indian-aroma/md6iV6dkSGm0CHwkiWbsNw,morristown-new-jersey
https://www.ubereats.com/new-jersey/food-delivery/smashburger-1260-springfield-ave/lsbwg3OTSf2hWLgm5WHe-A,morristown-new-jersey
https://www.ubereats.com/new-jersey/food-delivery/tgi-fridays-627-roxbury-nj/bL7JudJcRTWhAraSv3zX8Q,morristown-new-jersey
https://www.ubereats.com/new-jersey/food-delivery/empire-diner/v73TTgBERW6qcCGKA88Vng,morristown-new-jersey
https://www.ubereats.com/new-jersey/food-delivery/roxbury-diner/C2dsBWraSCKLmsI1BJMM7g,morristown-new-jersey
https://www.ubereats.com/new-jersey/food-delivery/the-ice-cream-shop/rwRjDi1URdC3pkrC6BNzAw,morristown-new-jersey
https://www.ubereats.com/new-jersey/food-delivery/bagel-city-grille/4QeEam0hRYaUPeFLirVo-g,morristown-new-jersey
https://www.ubereats.com/new-jersey/food-delivery/dunkin-1933-route-46/-O4SmzQlQ26JSNEQl5GAeA,morristown-new-jersey
https://www.ubereats.com/new-jersey/food-delivery/main-street-submarines/3IzNxFB0TX639dTOce3XsA,morristown-new-jersey
https://www.ubereats.com/new-jersey/food-delivery/five-guys-nj-1711/3BPyFYzMRDqysvPgk11NKQ,morristown-new-jersey
https://www.ubereats.com/new-jersey/food-delivery/main-233-eatery-and-catering/PT2AcOkfTTmbyn66x-9AwQ,morristown-new-jersey
https://www.ubereats.com/new-jersey/food-delivery/melange/8FZKsmt3Qay779ynStU2VA,morristown-new-jersey
https://www.ubereats.com/new-jersey/food-delivery/marinos-pizzeria-%26-restaurant/GMFNSyGsStqjeNgf1Wax8A,morristown-new-jersey
https://www.ubereats.com/new-jersey/food-delivery/bareburger-11-south-st/Yk_5mXONStyHpnehVUtauQ,morristown-new-jersey
https://www.ubereats.com/new-jersey/food-delivery/latin-american-restaurant-main-st/KKcP_ehET7K21wFW0rabfQ,morristown-new-jersey
https://www.ubereats.com/new-jersey/food-delivery/blueprint-subs-%26-salads-hanover/hAbUAcCqSDqOsJN8lFdM8A,morristown-new-jersey
https://www.ubereats.com/new-jersey/food-delivery/il-mondo-vecchio/Zq0ZkBQmT1ygPR4jAvmjjQ,morristown-new-jersey
https://www.ubereats.com/new-jersey/food-delivery/sushi-lounge-morristown/gEyfWFi9St2mobb-uRVaBw,morristown-new-jersey
https://www.ubereats.com/new-jersey/food-delivery/chianti-pizzeria/cP9tJZ-3Q9ak6_Jd-xWKhA,morristown-new-jersey
https://www.ubereats.com/new-jersey/food-delivery/the-office-tavern-grill-morristown/c6Lq9lH2SW-pM9Hf58Z_lQ,morristown-new-jersey
https://www.ubereats.com/new-jersey/food-delivery/seymours-truck/lYBlMddkTrCk3_H7xmCcXg,morristown-new-jersey
https://www.ubereats.com/new-jersey/food-delivery/the-tuscan-table/x0lbi9eYSWGPK9RwUyUhfA,morristown-new-jersey
https://www.ubereats.com/new-jersey/food-delivery/italian-village/sFFWCqVlSA2CS0LmOKJjsA,morristown-new-jersey
https://www.ubereats.com/new-jersey/food-delivery/hunan-wok/cm7gBLIaRce2v55-GjwbiA,morristown-new-jersey
https://www.ubereats.com/new-jersey/food-delivery/vfg-diner-hanover/VSgQLZ_aSeKXBn2sbz3UKw,morristown-new-jersey
https://www.ubereats.com/new-jersey/food-delivery/boonton-bagel/DIw1y67eQcWrkQ8uWehVxQ,morristown-new-jersey
https://www.ubereats.com/new-jersey/food-delivery/morris-pizzeria/yYOuY2M7RN6kQcDbdnPCZw,morristown-new-jersey
https://www.ubereats.com/new-jersey/food-delivery/oyster-bar-hanover/s8NJSaPuSsKS3t-QmeCOAg,morristown-new-jersey
https://www.ubereats.com/new-jersey/food-delivery/kawee-thai-cuisine-springfield/pGEIBcHjSXuLxyyl8mC13g,morristown-new-jersey
https://www.ubereats.com/new-jersey/food-delivery/aa-curry-point-%26-tiffins/vqc9kyUNQDOo9mVS2Ki5Og,morristown-new-jersey
https://www.ubereats.com/new-jersey/food-delivery/biryani-pot-parsippany/JEF9nT3mShC8z1G8uEjTeA,morristown-new-jersey
https://www.ubereats.com/new-jersey/food-delivery/pasquallys-pizza-%26-wings-145-route-10/gpce9iQ_SDudoBRR2w3cAg,morristown-new-jersey
https://www.ubereats.com/new-jersey/food-delivery/bluefin-sushi/bpOT0nQwT_WQNoArLxN6GA,morristown-new-jersey
https://www.ubereats.com/new-jersey/food-delivery/eatpossible/gDlChj3vSbKzBhLIwDKONg,morristown-new-jersey
https://www.ubereats.com/new-jersey/food-delivery/mangiano-restaurant-%26-pizza-hanover/L-MUM93pQu6S0U5ogAPlJA,morristown-new-jersey
https://www.ubereats.com/new-jersey/food-delivery/bensi-denville/CiChxo9GQMeq7-f7_aZ0dg,morristown-new-jersey
https://www.ubereats.com/new-jersey/food-delivery/mcdonalds-3111-rt-46-e/cJUoNi25SuSKLsEJ5o1i1Q,morristown-new-jersey
https://www.ubereats.com/new-jersey/food-delivery/sakura-hibachi-steak-house/9C3oISdYQj2x4XAZ9a7Ctw,morristown-new-jersey
https://www.ubereats.com/new-jersey/food-delivery/aikou/IiRZyjOcSzy8yGUzPR71EQ,morristown-new-jersey
https://www.ubereats.com/new-jersey/food-delivery/sushi-hana-hibachi-house/k77-YtfuTaOtRPmcSrW9Ew,morristown-new-jersey
https://www.ubereats.com/new-jersey/food-delivery/sri-ganeshs-dosa-house/ncsu-x_2QW-HlOBU4yZ_-g,morristown-new-jersey
https://www.ubereats.com/new-jersey/food-delivery/chand-palace/Mk-326NtQF2Mx_mWWEIUlg,morristown-new-jersey
https://www.ubereats.com/new-jersey/food-delivery/mondo-pizza-restaurant-and-catering/cplxZ4x3QEeqCA8K6rWvFg,morristown-new-jersey
https://www.ubereats.com/new-jersey/food-delivery/friendlys-435-speedwell-ave/JKgoZUMxT6KmA_uiJbC-vw,morristown-new-jersey
https://www.ubereats.com/new-jersey/food-delivery/133-applebees-rockaway/QywO15MbQPGgO3RXU7Ezfw,morristown-new-jersey
https://www.ubereats.com/new-jersey/food-delivery/taco-bell-170-state-route-10/emZsd-cuTjqBX0lfme94jQ,morristown-new-jersey
https://www.ubereats.com/new-jersey/food-delivery/six-west/jF35heXeS-WfsrIg8zbitQ,morristown-new-jersey
https://www.ubereats.com/new-jersey/food-delivery/dunkin-323-smith-rd/GpV13ZzmSFWagb5ITWh7wQ,morristown-new-jersey
https://www.ubereats.com/new-jersey/food-delivery/green-point-juicery%3A-organic-juice-bar-morristown/3Qkt50z2S9qBoU-8Hsoncw,morristown-new-jersey
https://www.ubereats.com/new-jersey/food-delivery/jersey-best-bagel-and-deli/odZYFatxQjyaE-H5lXI6hA,morristown-new-jersey
https://www.ubereats.com/new-jersey/food-delivery/hibiscus-restaurant/2-5WcQIVRGiZWoU6YDka5Q,morristown-new-jersey
https://www.ubereats.com/new-jersey/food-delivery/ossinos-market/COjvEsTeRYqVFch8xgy8Jw,morristown-new-jersey
https://www.ubereats.com/new-jersey/food-delivery/kabab-paradise-randolph/H3jf4rDhR12n9RNWMWYJcA,morristown-new-jersey
https://www.ubereats.com/new-jersey/food-delivery/minado-morris-plains/vR-NB0s3Q8qcBJKR34vVIA,morristown-new-jersey
https://www.ubereats.com/new-jersey/food-delivery/rico-pan-bakery/VPLNiqF5TZ2Ed88EhRAhNw,morristown-new-jersey
https://www.ubereats.com/new-jersey/food-delivery/closed-qdoba-mexican-grill-176-columbia-tpke/46fntIqDR7e3lnEOSBm4Pg,morristown-new-jersey
https://www.ubereats.com/new-jersey/food-delivery/tiffs-grill-%26-ale-house/3bZ3LyTmSu-25oj1xDNFTA,morristown-new-jersey
https://www.ubereats.com/new-jersey/food-delivery/genes-2-deli-krispy-krunchy-chicken/ylJxYcvWRsq86dFlI3LsKQ,morristown-new-jersey
https://www.ubereats.com/new-jersey/food-delivery/inspiration-roll-morristown/wh_dsbXGRhKSLjfj2-zavw,morristown-new-jersey
https://www.ubereats.com/new-jersey/food-delivery/the-salad-house-of-morristown/LqPqjxjQQ3-tlgoLayTD_A,morristown-new-jersey
https://www.ubereats.com/new-jersey/food-delivery/monster-sushi/_rihY8wzRhe-grRUDE-qJA,morristown-new-jersey
https://www.ubereats.com/new-jersey/food-delivery/jersey-mikes-641-shunpike-rd/A4E1BBozSGy4Ky-SweSb1Q,morristown-new-jersey
https://www.ubereats.com/new-jersey/food-delivery/the-corner-bistro/2yJSBfXSSr68bP3foS8ZKg,morristown-new-jersey
https://www.ubereats.com/new-jersey/food-delivery/krispy-krunchy-chicken-401-state-route-15-north/-VHZohPzRA6eQ0NShp63Zw,morristown-new-jersey
https://www.ubereats.com/new-jersey/food-delivery/taco-bell-268-route-10/520d7xd4RLmNqs1Ghw1cwA,morristown-new-jersey
https://www.ubereats.com/new-jersey/food-delivery/bagels-on-the-hill/x3SRaih7Q_qBS2xIlgX_Uw,morristown-new-jersey
https://www.ubereats.com/new-jersey/food-delivery/florham-park-bagel-%26-deli-inc-columbia-tpke/TeaKSWlNQx6Nen9n3gEcrg,morristown-new-jersey
https://www.ubereats.com/new-jersey/food-delivery/town-bar-%2B-kitchen/wqHNTs4aT2ue2LqdXSGZBw,morristown-new-jersey
https://www.ubereats.com/new-jersey/food-delivery/denville-hot-bagel-%26deli/d7oUTqqpTFWPUBmXpht2yg,morristown-new-jersey
https://www.ubereats.com/new-jersey/food-delivery/la-piazetta-hanover/vtUc7_aZQV-X2yj15bKMTQ,morristown-new-jersey
https://www.ubereats.com/new-jersey/food-delivery/the-office-tavern-grill-240-route-10/0QpWy9z8QjKSl4S5vxloeg,morristown-new-jersey
https://www.ubereats.com/new-jersey/food-delivery/frutta-bowls/ckwAlA05QjWI4ouTy_RvHQ,morristown-new-jersey
https://www.ubereats.com/new-jersey/food-delivery/pho-ninh-kieu/AID7z6_DQ0qpLqRjcnQj3Q,morristown-new-jersey
https://www.ubereats.com/new-jersey/food-delivery/madison-wok-main-st/WovfoOLqTJy67PjXk0Ev8Q,morristown-new-jersey
https://www.ubereats.com/new-jersey/food-delivery/nunzios-dolce-vita/Hp4LHcYATB-HrfOR6nwpYQ,morristown-new-jersey
https://www.ubereats.com/new-jersey/food-delivery/laku-sushi/__2MCuOpTP23nR-qOAR5Og,morristown-new-jersey
https://www.ubereats.com/new-jersey/food-delivery/china-one/aDaFn7fkST24q3FFhv6xag,morristown-new-jersey
https://www.ubereats.com/new-jersey/food-delivery/jersey-boy-bagels/4VIi7sQkQZO7EqnX1mO8Ng,morristown-new-jersey
https://www.ubereats.com/new-jersey/food-delivery/jimmy-tomatos-pizzeria/mdzY-10tTtKLfOF_e7xqcg,morristown-new-jersey
https://www.ubereats.com/new-jersey/food-delivery/blue-wazabi/ZnLCjBf6STiAFWvizx6jHA,morristown-new-jersey
https://www.ubereats.com/new-jersey/food-delivery/get-stuffed-jersey/suaF7jUGRwu1g8vEruvcdQ,morristown-new-jersey
https://www.ubereats.com/new-jersey/food-delivery/indian-lake-bistro/lP3tvGtyQniFAI9LVFPfGw,morristown-new-jersey
https://www.ubereats.com/new-jersey/food-delivery/up-thai/bTWWbXCvRs6Jvr9h95m4fA,morristown-new-jersey
https://www.ubereats.com/new-jersey/food-delivery/anthony-%26-sons-denville-location/rFPFCdvITkucoYga-ywtmA,morristown-new-jersey
https://www.ubereats.com/new-jersey/food-delivery/origin-thai-2/JMaBeV-ZRDSrkIU3GgtZPg,morristown-new-jersey
https://www.ubereats.com/new-jersey/food-delivery/qdoba-mexican-grill-40-w-park-place-suite-5/7uD31QePSIm-MAKzyxMXgg,morristown-new-jersey
https://www.ubereats.com/new-jersey/food-delivery/horseshoe-tavern/1bKQ5h90SMGRA3a_kS2Y9g,morristown-new-jersey
https://www.ubereats.com/new-jersey/food-delivery/gabes-bagels/GXLC2WUISeGXAoLECjZmjg,morristown-new-jersey
https://www.ubereats.com/new-jersey/food-delivery/chicos-mexican-grill-denville/Dn0KejOUS4qwk_0_azV9Tg,morristown-new-jersey
https://www.ubereats.com/new-jersey/food-delivery/yuki-hana-japanese-restaurant/DFL-PJETRjO7cPmJxK7fqw,morristown-new-jersey
https://www.ubereats.com/new-jersey/food-delivery/all-american-pizza/JKVtyDf1RAS1CYoox7FiWA,morristown-new-jersey
https://www.ubereats.com/new-jersey/food-delivery/rauls-empanadas-town/y8krNbn1SvS3omTbKjXu_w,morristown-new-jersey
