url,city
https://www.ubereats.com/new-jersey/food-delivery/100-steps-kitchen-%2B-raw-bar/tjmOUEl8RRC9qWaF9G4xAQ,mountainside-new-jersey
https://www.ubereats.com/new-jersey/food-delivery/innovasian-taco/YXuqV-YKT8S903oASmN1Ww,mountainside-new-jersey
https://www.ubereats.com/new-jersey/food-delivery/garlic-rose-bistro/tJ3rJiOMTfazeSQth8TuUA,mountainside-new-jersey
https://www.ubereats.com/new-jersey/food-delivery/dunkin-190-terrill-road/wLMzYsyXRGWS6sl43rrDww,mountainside-new-jersey
https://www.ubereats.com/new-jersey/food-delivery/ciao-bello/d743vK3KRee_qRqmfTNLpQ,mountainside-new-jersey
https://www.ubereats.com/new-jersey/food-delivery/jersey-mikes-144-e-broad-street/IBb49CwoSRqQ26c_dIPi0Q,mountainside-new-jersey
https://www.ubereats.com/new-jersey/food-delivery/pastrami-house/pr8bdBXtQX6TUgwdpNQrbQ,mountainside-new-jersey
https://www.ubereats.com/new-jersey/food-delivery/the-meat-house/Ys35EtxvTO-2Q-daDDYsfQ,mountainside-new-jersey
https://www.ubereats.com/new-jersey/food-delivery/cafe-paris/FpuIsQIySgO7wS4D7MeaQQ,mountainside-new-jersey
https://www.ubereats.com/new-jersey/food-delivery/dunkin-363-millburn-ave/LJLUMR2SQNOGzZXlFuvfFg,mountainside-new-jersey
https://www.ubereats.com/new-jersey/food-delivery/jimmy-buffs/WefRROScS7qxP4wVd0aLXQ,mountainside-new-jersey
https://www.ubereats.com/new-jersey/food-delivery/bonchon-chicken-1045-stuyvesant-ave/X_IKnRpGTU6HUgsHqumLCA,mountainside-new-jersey
https://www.ubereats.com/new-jersey/food-delivery/firehouse-subs-1235-w-chestnut-st/erllTJhVRimj1_hg7HuP9w,mountainside-new-jersey
https://www.ubereats.com/new-jersey/food-delivery/dimples-khasiyat/nigN0zFERYaXP9inW4SOnw,mountainside-new-jersey
https://www.ubereats.com/new-jersey/food-delivery/hunan-royal/Dfy2hmUiR6Wj6tJa2ngBBA,mountainside-new-jersey
https://www.ubereats.com/new-jersey/food-delivery/perry-wings-express/HqbJxKARSAGIBf8kvh5y6A,mountainside-new-jersey
https://www.ubereats.com/new-jersey/food-delivery/qdoba-mexican-grill-1200-morris-tpk/X9ivoYJvSw-XDmtkGpX6lQ,mountainside-new-jersey
https://www.ubereats.com/new-jersey/food-delivery/boulevard-572/45C9U00FROaw-1EYcYUfKA,mountainside-new-jersey
https://www.ubereats.com/new-jersey/food-delivery/smoothie-king-462-springfield-ave/GoPoDcDiQQa7CeBoh_BF1w,mountainside-new-jersey
https://www.ubereats.com/new-jersey/food-delivery/the-office-tavern-grill-summit/n-Z4B1yLSPqrebbKDDxjgg,mountainside-new-jersey
https://www.ubereats.com/new-jersey/food-delivery/dunkin-215-west-front-street/kjOB8OcMSSO8kvPnUk2RSA,mountainside-new-jersey
https://www.ubereats.com/new-jersey/food-delivery/mr-rice/APFCovJhQoa0-iMxEa8NXg,mountainside-new-jersey
https://www.ubereats.com/new-jersey/food-delivery/appertizedbykey/GsIBOpRwThGwRGqST_Ffzg,mountainside-new-jersey
https://www.ubereats.com/new-jersey/food-delivery/primo-pizzeria/fbLqyYV4Sg6jsHM4JYhrxA,mountainside-new-jersey
https://www.ubereats.com/new-jersey/food-delivery/arirang-hibachi-steakhouse-%26-sushi-bar-mountainside/0nE9L9seT3WuDFGqMBKwTg,mountainside-new-jersey
https://www.ubereats.com/new-jersey/food-delivery/el-refin-mexican-restaurant/YnABEB4jRpmTYfiE74JehQ,mountainside-new-jersey
https://www.ubereats.com/new-jersey/food-delivery/la-cucina-di-clemenza/4IjUT9VFS2y3bYlMh72dwQ,mountainside-new-jersey
https://www.ubereats.com/new-jersey/food-delivery/clark-supreme-bagels/ypWb4yMjRG6RGWYRzyFS9Q,mountainside-new-jersey
https://www.ubereats.com/new-jersey/food-delivery/manhattan-bagel-westfield/9hhJgRyPT_eTAJpTM4-MZg,mountainside-new-jersey
https://www.ubereats.com/new-jersey/food-delivery/hunan-wok/D33XFJNpSEeD0_Alf6l5bQ,mountainside-new-jersey
https://www.ubereats.com/new-jersey/food-delivery/savannahs-southern-belle/B0ZPyQP6TSejfUdASrzXGg,mountainside-new-jersey
https://www.ubereats.com/new-jersey/food-delivery/nicks-pizza-%26-deli/0BGHACJQQamzZpuucnMLSg,mountainside-new-jersey
https://www.ubereats.com/new-jersey/food-delivery/blackthorn-restaurant-%26-irish-pub/kqWJsCt8QuiRfMFQYLVDFQ,mountainside-new-jersey
https://www.ubereats.com/new-jersey/food-delivery/the-city-restaurant/h9GBRHjKRnyFDvMjrIXbSQ,mountainside-new-jersey
https://www.ubereats.com/new-jersey/food-delivery/dunkin-2560-us-highway-22/4WmhS_qRRyOahlNklgGlHw,mountainside-new-jersey
https://www.ubereats.com/new-jersey/food-delivery/millburn-deli/9lpV1C1RSmm_EFhbPgyuPw,mountainside-new-jersey
https://www.ubereats.com/new-jersey/food-delivery/the-ice-cream-shop/FHMXUjpiQZO2NQftGeBeOQ,mountainside-new-jersey
https://www.ubereats.com/new-jersey/food-delivery/five-star-italian-deli/dCnEF8rrTS6HQmRa69OOtg,mountainside-new-jersey
https://www.ubereats.com/new-jersey/food-delivery/popeyes-325-terrill-rd/IZ4tl1QURoyASmlIScwBuA,mountainside-new-jersey
https://www.ubereats.com/new-jersey/food-delivery/moes-springfield/btGiNPMuR9e5G8fmsNQKRg,mountainside-new-jersey
https://www.ubereats.com/new-jersey/food-delivery/burgerim/SmyMN9aIS7q0I9eT-daJKQ,mountainside-new-jersey
https://www.ubereats.com/new-jersey/food-delivery/famous-daves-mountainside/120JoiztSsObtkRtk8Ditw,mountainside-new-jersey
https://www.ubereats.com/new-jersey/food-delivery/moonshine-modern-supper-club/0-mc6_h-RQ2VMMXqVD4Jjg,mountainside-new-jersey
https://www.ubereats.com/new-jersey/food-delivery/punto-peruano/X1nGTXjlTDiBtII4dgDqPA,mountainside-new-jersey
https://www.ubereats.com/new-jersey/food-delivery/cranford-best-bagels/DFN3ad2jSkWY19ZJp8FzSQ,mountainside-new-jersey
https://www.ubereats.com/new-jersey/food-delivery/spice-bazaar/vCdo5CcwSH2L5MxIW5bLVA,mountainside-new-jersey
https://www.ubereats.com/new-jersey/food-delivery/strawberry-fields-self-serve-frozen-yogurt/_OBW8nnVSb2XbefHgyiTBw,mountainside-new-jersey
https://www.ubereats.com/new-jersey/food-delivery/picante-springfield/Zdd01BJcTrq5E0AdX3rhsQ,mountainside-new-jersey
https://www.ubereats.com/new-jersey/food-delivery/dairy-queen-treat-337-n-ave-e/mnbljXJoQROmDcbVeWs4ew,mountainside-new-jersey
https://www.ubereats.com/new-jersey/food-delivery/cara-mia/VTbP3m_rTbytmX1mO2tVLw,mountainside-new-jersey
https://www.ubereats.com/new-jersey/food-delivery/buddha-fish/2firh5hgTIey0zb2cbxQfw,mountainside-new-jersey
https://www.ubereats.com/new-jersey/food-delivery/urban-burger/AnmGNKSuR-KXHB_gRCgBww,mountainside-new-jersey
https://www.ubereats.com/new-jersey/food-delivery/mamas-kitchen/-F4oCpLJQHeZCuEgZx-v4g,mountainside-new-jersey
https://www.ubereats.com/new-jersey/food-delivery/chipotle-mexican-grill-1260-springfield-ave-ste-2/8iZ2idhOQeCbRmQ1u9dZyA,mountainside-new-jersey
https://www.ubereats.com/new-jersey/food-delivery/white-castle-1335-1341-south-ave/G0tkC__DRsGlQzE_cRIFtQ,mountainside-new-jersey
https://www.ubereats.com/new-jersey/food-delivery/sushi-palace/bf3-7rOJRveEE0j7Zyw03g,mountainside-new-jersey
https://www.ubereats.com/new-jersey/food-delivery/panatieris-pizza-%26-pasta-warren-mountain-blvd/EYygWr1GQBGQK47cfZWUhA,mountainside-new-jersey
https://www.ubereats.com/new-jersey/food-delivery/madison-market/5nhk662UQYeLRJcFS93w5A,mountainside-new-jersey
https://www.ubereats.com/new-jersey/food-delivery/rio-of-japan/22saIITjT02uLZHiMWCVHQ,mountainside-new-jersey
https://www.ubereats.com/new-jersey/food-delivery/wendys-764-morris-turnpike/3Vh5sKo1R627lRj6jE4BVg,mountainside-new-jersey
https://www.ubereats.com/new-jersey/food-delivery/bo-bo-kitchen/g9XzMDUgRC6SRc4wzqxp8g,mountainside-new-jersey
https://www.ubereats.com/new-jersey/food-delivery/ambassador-fish-%26-chicken/WbwqfGySSr2l9qc2eau5HQ,mountainside-new-jersey
https://www.ubereats.com/new-jersey/food-delivery/duck-donuts-77-central-ave/IvrOAuMfQFq0ynHjsjYs8g,mountainside-new-jersey
https://www.ubereats.com/new-jersey/food-delivery/coffee-mill-roasters/VdHMXbqLRLOaP6PvQIGoxQ,mountainside-new-jersey
https://www.ubereats.com/new-jersey/food-delivery/inspiration-roll-westfield/mofk5r42R2G2yXM6rPWxlQ,mountainside-new-jersey
https://www.ubereats.com/new-jersey/food-delivery/jezif-fried-chicken-and-pizza/mRbsZQOIQdquOQDGOuq7Pg,mountainside-new-jersey
https://www.ubereats.com/new-jersey/food-delivery/jersey-mikes-subs-union/pULefrT3S36X03__qJ6zjg,mountainside-new-jersey
https://www.ubereats.com/new-jersey/food-delivery/best-in-town/3lpfuUvTQ2aKIDf-Pyq3ig,mountainside-new-jersey
https://www.ubereats.com/new-jersey/food-delivery/basilico/PWbzH4ZrR3S0PYj1sUFk4g,mountainside-new-jersey
https://www.ubereats.com/new-jersey/food-delivery/millburn-deli/X1dY6jtHQWO5Tzj1TDU6-A,mountainside-new-jersey
https://www.ubereats.com/new-jersey/food-delivery/panda-house/TT1wssNWQeyrRrzLFbeZDw,mountainside-new-jersey
https://www.ubereats.com/new-jersey/food-delivery/dunkin-641-shunpike-rd/TcbYwEHhRvaWXOM4ZSOMow,mountainside-new-jersey
https://www.ubereats.com/new-jersey/food-delivery/park-pompeii-pizza/VOmfVbg6Qlq3dyGgmiFCJg,mountainside-new-jersey
https://www.ubereats.com/new-jersey/food-delivery/thai-house/oHHq2GjZRNy47WwuoT1Etg,mountainside-new-jersey
https://www.ubereats.com/new-jersey/food-delivery/la-pastaria-summit/duR1qt7NT_-HXWkL6jOOAA,mountainside-new-jersey
https://www.ubereats.com/new-jersey/food-delivery/mcdonalds-251-east-saint-george-ave/o4VvonpZRI-6UtUUH34LvA,mountainside-new-jersey
https://www.ubereats.com/new-jersey/food-delivery/yoans-garden/hPX2YTLHS5e-FCOtQ6mIIA,mountainside-new-jersey
https://www.ubereats.com/new-jersey/food-delivery/weenies-madison/IukCWLn4Se-L87ot3_KcfQ,mountainside-new-jersey
https://www.ubereats.com/new-jersey/food-delivery/fratellis-deli/Q7PVb5MaQ6y6LXjzt9TrWg,mountainside-new-jersey
https://www.ubereats.com/new-jersey/food-delivery/nealtican/FMxCtnzCTJun4piCzOYf1A,mountainside-new-jersey
https://www.ubereats.com/new-jersey/food-delivery/outback-steakhouse-901-mountain-avenue/OuTuBWmZRseTH9v2xWdbaw,mountainside-new-jersey
https://www.ubereats.com/new-jersey/food-delivery/cha-cha-cha-cuban-cafe/Dvnh2ruZTTqemxHwmT6BHQ,mountainside-new-jersey
https://www.ubereats.com/new-jersey/food-delivery/playa-bowls-summit/ei_GqR_LRiuMb33UR0leBg,mountainside-new-jersey
https://www.ubereats.com/new-jersey/food-delivery/pasta-fresca/wsi4oypbTUOSV0qFGucOFg,mountainside-new-jersey
https://www.ubereats.com/new-jersey/food-delivery/vegans-of-seitan/o17kBRBLTDqs6eqZ-LqPlQ,mountainside-new-jersey
https://www.ubereats.com/new-jersey/food-delivery/163-applebees-linden/FfusQOYxQFO7XY1eBjct5w,mountainside-new-jersey
https://www.ubereats.com/new-jersey/food-delivery/millies-deli/lft9Y1NXThmDwQkMWGWxcg,mountainside-new-jersey
https://www.ubereats.com/new-jersey/food-delivery/wasu/R8V9qpy-Rhq73b-cbldX-A,mountainside-new-jersey
https://www.ubereats.com/new-jersey/food-delivery/the-lab-restaurant/gKxWlpbBSxqefW1Aj9SsUw,mountainside-new-jersey
https://www.ubereats.com/new-jersey/food-delivery/folklore-artisanal-mexican-eatery-ii/e_cTy188T4uyFZ1T84hqtQ,mountainside-new-jersey
https://www.ubereats.com/new-jersey/food-delivery/mcdonalds-234-w-front-st/YgGYbhBHSy-evI_OA8ZIUg,mountainside-new-jersey
https://www.ubereats.com/new-jersey/food-delivery/chinese-gourmet-restaurant/y8D8wJ9GTYCeQyZVeQSYWA,mountainside-new-jersey
https://www.ubereats.com/new-jersey/food-delivery/sazon-dominicano-restaurant/VhEGMqo1T92eLdfZ2pn75g,mountainside-new-jersey
https://www.ubereats.com/new-jersey/food-delivery/the-ice-cream-shop/rW8HU8lwTAG1YrX0N9Xz0Q,mountainside-new-jersey
https://www.ubereats.com/new-jersey/food-delivery/burger-king-568-west-westfield-avenue/ht7mVlrVTGapup1KvQLmGA,mountainside-new-jersey
https://www.ubereats.com/new-jersey/food-delivery/bistro-1051/UkwXnefMSqOnCDjJJgj30g,mountainside-new-jersey
https://www.ubereats.com/new-jersey/food-delivery/gold-leaf-pastry-shop/AKuBp_7GSZ2FGvBMO7366g,mountainside-new-jersey
https://www.ubereats.com/new-jersey/food-delivery/playa-bowls-cranford/ZMU1kwamQx2rEIvYXbs1Sg,mountainside-new-jersey
https://www.ubereats.com/new-jersey/food-delivery/sheelens-fish-market/V-6JK_-WSIy7Y5WMoP5eHQ,mountainside-new-jersey
https://www.ubereats.com/new-jersey/food-delivery/begum-palace/4AcgmX8qTi2eQHNrPqDcEg,mountainside-new-jersey
https://www.ubereats.com/new-jersey/food-delivery/dunkin-47-w-westfield-ave/8YjomkxxQCOBbUlFSSxYgg,mountainside-new-jersey
https://www.ubereats.com/new-jersey/food-delivery/carvel-1191-saint-georges-ave/DDJNA52fSWKJwZT45JYoHQ,mountainside-new-jersey
https://www.ubereats.com/new-jersey/food-delivery/128-applebees-clark/KzZf3ss3QT6hrpV50gqyyA,mountainside-new-jersey
https://www.ubereats.com/new-jersey/food-delivery/crossroads/hq0zT6VLRliDzrnEGmuI2Q,mountainside-new-jersey
https://www.ubereats.com/new-jersey/food-delivery/muscle-maker-grill-colonia/Sf844JxvThSIyMQzKpHRrw,mountainside-new-jersey
https://www.ubereats.com/new-jersey/food-delivery/bohio-bbq/brIyhsq_Rla_4P-qabC_2g,mountainside-new-jersey
https://www.ubereats.com/new-jersey/food-delivery/smashburger-1255-raritan-rd/dncjnAXZRkCQ2MSRKh8TcQ,mountainside-new-jersey
https://www.ubereats.com/new-jersey/food-delivery/dunkin-333-north-ave-e/qJ2olTtTSaqShP5v2RPK_A,mountainside-new-jersey
https://www.ubereats.com/new-jersey/food-delivery/dunkin-384-springfield-ave/8mZjWOmpRRu9frO-KFbDtA,mountainside-new-jersey
https://www.ubereats.com/new-jersey/food-delivery/ihop-2500-route-22-e/uFrP7aYmRuGfcnFYlcNy-g,mountainside-new-jersey
https://www.ubereats.com/new-jersey/food-delivery/the-family/iriFPC8BSnGXtuMOkM8dXQ,mountainside-new-jersey
https://www.ubereats.com/new-jersey/food-delivery/dunkin-2639-morris-ave/2195NJAORyiePiN0E7wZgA,mountainside-new-jersey
https://www.ubereats.com/new-jersey/food-delivery/five-guys-nj-0176-1701-54-us-route-22/8v9YMzHDQ3uBt2FZW20T9w,mountainside-new-jersey
https://www.ubereats.com/new-jersey/food-delivery/the-fontainbleau-diner/de9kL6WuTMCdlZ-8K801PQ,mountainside-new-jersey
https://www.ubereats.com/new-jersey/food-delivery/number-one-chinese-restaurant/ITD1s4ArTTqEsfzEMZLsbg,mountainside-new-jersey
https://www.ubereats.com/new-jersey/food-delivery/first-watch-union/a2orAsd9RUSJryrfRynP8Q,mountainside-new-jersey
https://www.ubereats.com/new-jersey/food-delivery/kbs-bbq-smokehouse/dDjRMkLfQ_2Dp6wNqYPc-g,mountainside-new-jersey
https://www.ubereats.com/new-jersey/food-delivery/ashia-oriental-restaurant/h_lYp1iOTqmWahr00fiD2w,mountainside-new-jersey
https://www.ubereats.com/new-jersey/food-delivery/michigan-deli/ax9slwuuT32Buj-aLJ2k-g,mountainside-new-jersey
https://www.ubereats.com/new-jersey/food-delivery/ez-chek/lsUAelMORaasswxhSUmp5w,mountainside-new-jersey
https://www.ubereats.com/new-jersey/food-delivery/houdini-pizza-laboratory/oC1MQhDYRmO4B9rHEc6A-g,mountainside-new-jersey
https://www.ubereats.com/new-jersey/food-delivery/us-fried-chicken-st-georges-ave-linden-nj/KW1fGczcQU2jZRF_2F2Uwg,mountainside-new-jersey
https://www.ubereats.com/new-jersey/food-delivery/prima-pizza/tiNtFDT4Roq4VWy0wOyIWg,mountainside-new-jersey
https://www.ubereats.com/new-jersey/food-delivery/chipotle-mexican-grill-1255-raritan-rd-unit-410/4o3hP_gERr6r0ZLT3yqA-w,mountainside-new-jersey
https://www.ubereats.com/new-jersey/food-delivery/main-moon-chinese-restaurant/U1sFcTt0QDqdweDtauG6aw,mountainside-new-jersey
https://www.ubereats.com/new-jersey/food-delivery/rahway-bagel/BAFMdCL7Ri24iTHXoGjpDg,mountainside-new-jersey
https://www.ubereats.com/new-jersey/food-delivery/five-guys-nj-0208-2933-vauxhall-rd/cfGylaRhRti3gyirEVFPAA,mountainside-new-jersey
https://www.ubereats.com/new-jersey/food-delivery/juice-hub/NgRtacvkRBaWSj_qN1iMwg,mountainside-new-jersey
https://www.ubereats.com/new-jersey/food-delivery/mooyah-burgers-garwood/tyilIgYYTJmMTchK_sI21g,mountainside-new-jersey
https://www.ubereats.com/new-jersey/food-delivery/charkoal-portuguese-grill/G7kGjvIsRouccOZijTT2IA,mountainside-new-jersey
https://www.ubereats.com/new-jersey/food-delivery/subway-111-terrill-rd/ld1D9oD0RWiUU7Jju7YMeA,mountainside-new-jersey
https://www.ubereats.com/new-jersey/food-delivery/alfonsos-pastry-shoppe/qon-9eIGSt2JlxQaINsm8Q,mountainside-new-jersey
https://www.ubereats.com/new-jersey/food-delivery/el-nuevo-centro-americano/BuKIjoMYT72Qb92VWxoyiQ,mountainside-new-jersey
https://www.ubereats.com/new-jersey/food-delivery/bona-vita/x0q59z5qRLyYXwIgWVSSkg,mountainside-new-jersey
https://www.ubereats.com/new-jersey/food-delivery/pantry-one-food-mart/faIyrb2VTb6g_zyJbPVYAw,mountainside-new-jersey
https://www.ubereats.com/new-jersey/food-delivery/ohmies-coffee-bar-%26-yoga-studio/r8juemexRaSFSlTKk9rHhA,mountainside-new-jersey
https://www.ubereats.com/new-jersey/food-delivery/gusto-y-sabor-colombiano/xmbbHg24QeK1djgeRNKiKw,mountainside-new-jersey
https://www.ubereats.com/new-jersey/food-delivery/planet-wings/_jdQHo_wTWySdJCA1RrM9w,mountainside-new-jersey
https://www.ubereats.com/new-jersey/food-delivery/playa-bowls-millburn/aY6Y68KsQL2s4vCBZSN4_w,mountainside-new-jersey
https://www.ubereats.com/new-jersey/food-delivery/kfc-506-508-somerset-street/HYXAhnS8TcGBLdsGYt5-UA,mountainside-new-jersey
https://www.ubereats.com/new-jersey/food-delivery/evergreen/rtHCDlpGSiCbC28aJFZawg,mountainside-new-jersey
https://www.ubereats.com/new-jersey/food-delivery/dunkin-315-central-ave/3FIwrlrDQ1eg9fppAJegJw,mountainside-new-jersey
https://www.ubereats.com/new-jersey/food-delivery/strega-bistro/pAJ1u_bqSF6Mj3YRwzwBug,mountainside-new-jersey
https://www.ubereats.com/new-jersey/food-delivery/dunkin-705-boulevard/P8KoehVIS5umoX2eqnGxeQ,mountainside-new-jersey
https://www.ubereats.com/new-jersey/food-delivery/madison-wok-main-st/WovfoOLqTJy67PjXk0Ev8Q,mountainside-new-jersey
https://www.ubereats.com/new-jersey/food-delivery/mcdonalds-1967-route-22/bLxtwu_4TL2exd76wRcRZw,mountainside-new-jersey
https://www.ubereats.com/new-jersey/food-delivery/bagel-spot/zS-rbpOrQ_q4CcrtkUQKbw,mountainside-new-jersey
https://www.ubereats.com/new-jersey/food-delivery/sweet-waters-steak-house/305YtuDXSfSbJnIHWu6fLQ,mountainside-new-jersey
https://www.ubereats.com/new-jersey/food-delivery/yummy-crab/wxef99XERjaBUd7iEf-Cmw,mountainside-new-jersey
https://www.ubereats.com/new-jersey/food-delivery/loaded-burger-inc/wJU9bfP3RFGmNM1tt-mgbQ,mountainside-new-jersey
https://www.ubereats.com/new-jersey/food-delivery/hibachi-express/L4n3nIYzSKWw0fNIYbKjWA,mountainside-new-jersey
https://www.ubereats.com/new-jersey/food-delivery/popeyes-10-mill-rd/Tq5mQjl_Q4uZTOqlpq36KA,mountainside-new-jersey
https://www.ubereats.com/new-jersey/food-delivery/woops-bakeshop/Ks1YK7LJSIeTOZezWqqtJA,mountainside-new-jersey
https://www.ubereats.com/new-jersey/food-delivery/five-guys-nj-0465-21-east-broad-st/IYvE64ClQ0-SjenKTU5u2w,mountainside-new-jersey
https://www.ubereats.com/new-jersey/food-delivery/bellinis/9Gw_KEqnQlOFN5kEbD1THw,mountainside-new-jersey
https://www.ubereats.com/new-jersey/food-delivery/fettle-%2B-fare/aCTTVQjYQLaVEsZVOt1WLA,mountainside-new-jersey
https://www.ubereats.com/new-jersey/food-delivery/sonny-gs-brick-oven-and-italian-cucina-south-ave-w/GfJgsh1hTcqewRG4CeRnLw,mountainside-new-jersey
https://www.ubereats.com/new-jersey/food-delivery/friendlys-metuchen-550-middlesex-ave/bHh0kAYfQLmklFnHD6xDdw,mountainside-new-jersey
https://www.ubereats.com/new-jersey/food-delivery/paisanos-pizzeria-%26-restaurant/XoD_NRklSd2m4JVgusXRhQ,mountainside-new-jersey
https://www.ubereats.com/new-jersey/food-delivery/style-sushi/Vd1zR0uqTdCcRPSPZWPKLA,mountainside-new-jersey
https://www.ubereats.com/new-jersey/food-delivery/shalimar-kandahar-afghani-and-turkish-restaurant/OiNlZBA7QIiRDfeG6dfWBw,mountainside-new-jersey
https://www.ubereats.com/new-jersey/food-delivery/little-caesars-roselle-park/JT4kNUC8TgeAZ0j-y298IQ,mountainside-new-jersey
https://www.ubereats.com/new-jersey/food-delivery/%26grain/eOW_cAJDS5etHWVgV_WMoQ,mountainside-new-jersey
https://www.ubereats.com/new-jersey/food-delivery/old-city-cafe-and-grill/G9fyKNuMQmad3zfbfa4jYA,mountainside-new-jersey
https://www.ubereats.com/new-jersey/food-delivery/red-onion/oB7ZZve7QKKzoJ1fFZxDLA,mountainside-new-jersey
https://www.ubereats.com/new-jersey/food-delivery/gavelstone-bar-%26-grill-s-michigan-ave/JypDpNEDT_SvSiRkSzqf9Q,mountainside-new-jersey
https://www.ubereats.com/new-jersey/food-delivery/dunkin-320-chestnut-st/xZQ_U4yxQG2sTUG61gP6rA,mountainside-new-jersey
https://www.ubereats.com/new-jersey/food-delivery/smoothie-shore/Mvet3EKVR7-QUdRPHiucBQ,mountainside-new-jersey
https://www.ubereats.com/new-jersey/food-delivery/craven-bbq/ONuBXaWARC2HAMrE-A459Q,mountainside-new-jersey
https://www.ubereats.com/new-jersey/food-delivery/old-glory-restaurant/MNLnnXSfShGH2NMpIguuHQ,mountainside-new-jersey
https://www.ubereats.com/new-jersey/food-delivery/dunkin-10-ashwood-ave/hg5FlTRXQ6yAdqouuojh8A,mountainside-new-jersey
https://www.ubereats.com/new-jersey/food-delivery/splash-of-thai/allH6XNqQESapUB4re-fUA,mountainside-new-jersey
https://www.ubereats.com/new-jersey/food-delivery/vfg-sushi-union/8Fc5mxEaQb-qfXk4PXJD7Q,mountainside-new-jersey
https://www.ubereats.com/new-jersey/food-delivery/morris-thai/53L4ldetTUSCFhyvh3p1mg,mountainside-new-jersey
https://www.ubereats.com/new-jersey/food-delivery/saigon-cafe/5IBM4zQhTZW36N-fmML-KQ,mountainside-new-jersey
https://www.ubereats.com/new-jersey/food-delivery/fabios-bistro/j5Z14-V1SIaz3GAUW5grDw,mountainside-new-jersey
https://www.ubereats.com/new-jersey/food-delivery/i-love-bagels/lZjpaNm9RGK9jMbcOMzX9Q,mountainside-new-jersey
https://www.ubereats.com/new-jersey/food-delivery/dunkin-1255-springfield-ave/QH2QaHpiT5C7V6mQxNci6A,mountainside-new-jersey
https://www.ubereats.com/new-jersey/food-delivery/westfield-diner/O_8lMuHDSTS2gjYauFoE6A,mountainside-new-jersey
https://www.ubereats.com/new-jersey/food-delivery/famous-kabab-cuisine/A9KzXmNvQtG6B3IkU9gljQ,mountainside-new-jersey
https://www.ubereats.com/new-jersey/food-delivery/carvel-25-us-22/fNKOXpSNQLyHSUoXLb6u4g,mountainside-new-jersey
https://www.ubereats.com/new-jersey/food-delivery/amsterdam-alley/2C096ozmSEuCPxK0AOOcpQ,mountainside-new-jersey
https://www.ubereats.com/new-jersey/food-delivery/taste-of-flava/Hot1rKn8TECC7vOmcE_-8w,mountainside-new-jersey
https://www.ubereats.com/new-jersey/food-delivery/the-lobby-nj/DxXTIIn-T3iqJy3PzNc-Vg,mountainside-new-jersey
https://www.ubereats.com/new-jersey/food-delivery/sub-ology/VX2a2ac3RJKvOKpfB1N_cA,mountainside-new-jersey
https://www.ubereats.com/new-jersey/food-delivery/bevs-kake-kafe/7Ekpw0t5SRynEpG6lien1A,mountainside-new-jersey
https://www.ubereats.com/new-jersey/food-delivery/outback-steakhouse-98-us-highway-22-west/PvnjesQQQ5Oh-4GReWOMcw,mountainside-new-jersey
https://www.ubereats.com/new-jersey/food-delivery/starbucks-westfield/cDZWU3CqR4ae7iZL_IYs5w,mountainside-new-jersey
https://www.ubereats.com/new-jersey/food-delivery/spoonful-masala/Rk42ONonSPqapHKT9U3qwg,mountainside-new-jersey
https://www.ubereats.com/new-jersey/food-delivery/red-pepper-indian-cuisine/HSb3ru_lT7K4LvqHu4HKDQ,mountainside-new-jersey
https://www.ubereats.com/new-jersey/food-delivery/punto-colombiano/Ocazvm2eS3mtY_UulI7h-g,mountainside-new-jersey
https://www.ubereats.com/new-jersey/food-delivery/dunkin-227-main-st/kVdJwFFfRkOdVclvMK9xdg,mountainside-new-jersey
https://www.ubereats.com/new-jersey/food-delivery/roselle-seafood/s59_PXaFSnm_kwmP8tY2zQ,mountainside-new-jersey
https://www.ubereats.com/new-jersey/food-delivery/park-ave-diner/Db7b1QoxTGSDwf1MpkVCdQ,mountainside-new-jersey
https://www.ubereats.com/new-jersey/food-delivery/kcs-pizzeria/D5RVUcOfTS-fLPDRXlLbWA,mountainside-new-jersey
https://www.ubereats.com/new-jersey/food-delivery/babbas-bagel/zf0qKRySSLuSgl_MWYdeHA,mountainside-new-jersey
https://www.ubereats.com/new-jersey/food-delivery/wawa-8445-685-morris-turnpike/W7oS7VCTRqSixU9o4Qr9qQ,mountainside-new-jersey
https://www.ubereats.com/new-jersey/food-delivery/dunkin-1001-wood-ave/v-4LeVPYTmetI3v5eZhbcA,mountainside-new-jersey
https://www.ubereats.com/new-jersey/food-delivery/starbucks-madison/7Wd8GwRRQtmc3iggBGXFDw,mountainside-new-jersey
https://www.ubereats.com/new-jersey/food-delivery/arbys-1701-us-hwy-22/Fz0fkyswQiee2q3cZeu6ag,mountainside-new-jersey
https://www.ubereats.com/new-jersey/food-delivery/new-rice-bowl/aktr-jwqRGaLhpuDSsy-WQ,mountainside-new-jersey
https://www.ubereats.com/new-jersey/food-delivery/bang-bang-wings/xcolXCAuR82NajeKOeT1zA,mountainside-new-jersey
https://www.ubereats.com/new-jersey/food-delivery/fiamma-wood-fired-pizza-westfield/xpu6qvrpT6ObrKQwT3Drmw,mountainside-new-jersey
https://www.ubereats.com/new-jersey/food-delivery/hot-pot-restaurant/jckLUCM7RRuYmlM8vPUgkw,mountainside-new-jersey
https://www.ubereats.com/new-jersey/food-delivery/qdoba-mexican-grill-70-elm-st/WS0HoGu1R6WWrtqbxg5MIg,mountainside-new-jersey
https://www.ubereats.com/new-jersey/food-delivery/carvel-51-main-street/TKyf5Z7ASeSM81UKE0RR7A,mountainside-new-jersey
https://www.ubereats.com/new-jersey/food-delivery/siam-house/7aUsErhpQfSoqTIZUFNFCw,mountainside-new-jersey
https://www.ubereats.com/new-jersey/food-delivery/vine-ripe-markets/1c5U1TVaRFaSXc0CmGzKrA,mountainside-new-jersey
https://www.ubereats.com/new-jersey/food-delivery/buffalo-wings/kela9lcUQ0iQzjX6Wmvy6Q,mountainside-new-jersey
https://www.ubereats.com/new-jersey/food-delivery/30-burgers-linden/KDmMiexqQYCeXBoxlEO0Hg,mountainside-new-jersey
https://www.ubereats.com/new-jersey/food-delivery/dunkin-6-20-south-ave-e/kMSQm16_Tb-LbbcxsxRHwA,mountainside-new-jersey
https://www.ubereats.com/new-jersey/food-delivery/outta-hand-pizza/4xbLdfqtQNS-845v_6pVUg,mountainside-new-jersey
https://www.ubereats.com/new-jersey/food-delivery/dunkin-976-977-inman-ave/huqhBZqKSU-9eFhTAQY9Qw,mountainside-new-jersey
https://www.ubereats.com/new-jersey/food-delivery/five-guys-nj-1463-201-us-22-east/OkOmQ6MnQ_yup0nVgW3-sw,mountainside-new-jersey
https://www.ubereats.com/new-jersey/food-delivery/deli-king-of-clark/qO93EYNgTxq0bRFYRB2_9g,mountainside-new-jersey
https://www.ubereats.com/new-jersey/food-delivery/burger-king-317-main-street/EJxVVq-7RGe4lcIuLRIyaQ,mountainside-new-jersey
https://www.ubereats.com/new-jersey/food-delivery/stylesinn-sports-bar-and-grill/TIYnrJ2RRca1zys-Hvng1A,mountainside-new-jersey
https://www.ubereats.com/new-jersey/food-delivery/fiamma-wood-fired-pizza-millburn/kbicVGD6SPWbeZZVDKZAxQ,mountainside-new-jersey
https://www.ubereats.com/new-jersey/food-delivery/kings-bowl-cafe/upJawVcIR1iaPMlhgUNzaQ,mountainside-new-jersey
https://www.ubereats.com/new-jersey/food-delivery/starbucks-new-providence-village-center/ECKvcJ4CQ1CXNZAWPtwkMw,mountainside-new-jersey
https://www.ubereats.com/new-jersey/food-delivery/mr-bin-sushi-%26-grill/4FA4dBrLSpyocpHOMTWhCw,mountainside-new-jersey
https://www.ubereats.com/new-jersey/food-delivery/177-chevys-linden/gZOv4ua6QfKnaOuVpPcTAw,mountainside-new-jersey
https://www.ubereats.com/new-jersey/food-delivery/phillippos-pizza-raritan-rd/s6Cr96wfSr2m-LxSoDroLA,mountainside-new-jersey
https://www.ubereats.com/new-jersey/food-delivery/azucar-bakery-%26-buffet/rBY-oRnVSFO_vzn34Y59Xg,mountainside-new-jersey
https://www.ubereats.com/new-jersey/food-delivery/moes-315-north-avenue/VAuNuqqwQxyUFPNIfXyP0A,mountainside-new-jersey
https://www.ubereats.com/new-jersey/food-delivery/pita-shack/OCmgyeb5R1G5xIhb5UQLpg,mountainside-new-jersey
https://www.ubereats.com/new-jersey/food-delivery/mcdonalds-108-central-ave/YKOkEN1uQuioUNIgum9UOg,mountainside-new-jersey
https://www.ubereats.com/new-jersey/food-delivery/edo-takeout/D8aQzpu7TqGc-v27anl8Rw,mountainside-new-jersey
https://www.ubereats.com/new-jersey/food-delivery/jersey-mikes-301-central-ave/mW9RVIFoTD6Pkf4L7vjSBA,mountainside-new-jersey
https://www.ubereats.com/new-jersey/food-delivery/saravanaa-bhavan/XqscXOQfTfuya7pm4rahUQ,mountainside-new-jersey
https://www.ubereats.com/new-jersey/food-delivery/touka-japanese-hibachi/18fA1Y68Sb-3DGiYpQZL0A,mountainside-new-jersey
https://www.ubereats.com/new-jersey/food-delivery/szechuan-delight-chinese/Oc8yKu9-Ro6OgRdVpiQuzw,mountainside-new-jersey
https://www.ubereats.com/new-jersey/food-delivery/house-of-falafel/1EgpOjlZTSudKrMbxibRZw,mountainside-new-jersey
https://www.ubereats.com/new-jersey/food-delivery/roosterspin-251-north-ave-w/qolheMXnR-ano_Z93-7qSA,mountainside-new-jersey
https://www.ubereats.com/new-jersey/food-delivery/burger-king-1833-springfield-avenue/yjP3aEvRRxmD4VPtOHjWxQ,mountainside-new-jersey
https://www.ubereats.com/new-jersey/food-delivery/mariachi-mexican-restaurant/bUDlar6ST56j0CSgDc3Wlw,mountainside-new-jersey
https://www.ubereats.com/new-jersey/food-delivery/kilwins-westfield/Gzh2MSgbR4G_6id3aj4jtg,mountainside-new-jersey
https://www.ubereats.com/new-jersey/food-delivery/qdoba-2268-us-highway-22-e/QvFJX_liTMakAFRR1MGH2A,mountainside-new-jersey
https://www.ubereats.com/new-jersey/food-delivery/sheelens-crossing/Y0jxsg3ASRKTciC0g2fkmw,mountainside-new-jersey
https://www.ubereats.com/new-jersey/food-delivery/cool-runnings-cuisine-vauxhall/2swyKQjnSM-WLHQgEeJSuw,mountainside-new-jersey
https://www.ubereats.com/new-jersey/food-delivery/comedor-latino/WXxIiqkCTHW-8DfVaK9zCQ,mountainside-new-jersey
https://www.ubereats.com/new-jersey/food-delivery/dunkin-323-north-ave/tEoS30wgRf-ck9zqN5fy6g,mountainside-new-jersey
https://www.ubereats.com/new-jersey/food-delivery/uncles-kitchen/FWEjsNB_QPOZd1wBfpJUbg,mountainside-new-jersey
https://www.ubereats.com/new-jersey/food-delivery/il-mondo-vecchio/Cpe-7M2PTIGepmMlreM2Lg,mountainside-new-jersey
https://www.ubereats.com/new-jersey/food-delivery/the-ice-cream-shop/gzFopTaDQUW1QG8AboDG8g,mountainside-new-jersey
https://www.ubereats.com/new-jersey/food-delivery/spice-bazaar-casual-indian-dining/tcSCsbl1T8qtQRLfd3S5bQ,mountainside-new-jersey
https://www.ubereats.com/new-jersey/food-delivery/papa-johns-870-boulevard/MkohZogpTSqojHZv80VhPg,mountainside-new-jersey
https://www.ubereats.com/new-jersey/food-delivery/amazing-taste-west-front-st/cBUndozVQoecKjqg3fqVuQ,mountainside-new-jersey
https://www.ubereats.com/new-jersey/food-delivery/sichuan-dynasty/vcYDfxjGR8iVW-ENyLca7w,mountainside-new-jersey
https://www.ubereats.com/new-jersey/food-delivery/bar-americana/LRuWpqRITd-Bl2ta2r9FKw,mountainside-new-jersey
https://www.ubereats.com/new-jersey/food-delivery/turanos-pizza-kitchen/_T9z25UTRuynfOR4AU_NRA,mountainside-new-jersey
https://www.ubereats.com/new-jersey/food-delivery/smashburger-2317-us-22-center-island/xe_e0Sm_Sl2u7GXusiDSMw,mountainside-new-jersey
https://www.ubereats.com/new-jersey/food-delivery/saladworks-garwood/z_810ca2RQ-bEe7IRJ4HsQ,mountainside-new-jersey
https://www.ubereats.com/new-jersey/food-delivery/cosi-200-sheffield-st-%23108/C3cGKAJxRxOcATP3iFycOQ,mountainside-new-jersey
https://www.ubereats.com/new-jersey/food-delivery/blaze-pizza-1255-raritan-rd/nxWkvRNJQ_2W_5CEENPIOw,mountainside-new-jersey
https://www.ubereats.com/new-jersey/food-delivery/kfc-92-st-georges-avenue/plS3FuEUR6iwwLtsHgxliw,mountainside-new-jersey
https://www.ubereats.com/new-jersey/food-delivery/manhattan-bagel-summit/wtDD_MihRkeRfsL2wUlyNg,mountainside-new-jersey
https://www.ubereats.com/new-jersey/food-delivery/bombay-blue/9EKvZZVJTGmGy-y8j8nXOg,mountainside-new-jersey
https://www.ubereats.com/new-jersey/food-delivery/old-havana-cuban-cuisine-westfield/7R1q6Tl4SPCBno8iwM_YyQ,mountainside-new-jersey
https://www.ubereats.com/new-jersey/food-delivery/rasoi-fine-indian-cuisine/WVQ_SNHQSlCkgM-W_Yx97A,mountainside-new-jersey
https://www.ubereats.com/new-jersey/food-delivery/soul-food-factory/CmLJnJPFRC-6GHy7jUEiag,mountainside-new-jersey
https://www.ubereats.com/new-jersey/food-delivery/stickys-finger-joint-unionnj/6h7Bo1ioSGaP8aGMmCx5xg,mountainside-new-jersey
https://www.ubereats.com/new-jersey/food-delivery/taco-bell-133-saint-georges-ave/TxG5TqXZSpS4xVM1ukDf-Q,mountainside-new-jersey
https://www.ubereats.com/new-jersey/food-delivery/ani-ramen-summit/SnUtFbUvTU-YeJiiiGqR3A,mountainside-new-jersey
https://www.ubereats.com/new-jersey/food-delivery/boston-market-2650-us-highway-22/EA7vGV4DRvmw4nKgCIvb1A,mountainside-new-jersey
https://www.ubereats.com/new-jersey/food-delivery/la-ronda-restaurant/k51on-4bT12iPA-q1TpehQ,mountainside-new-jersey
https://www.ubereats.com/new-jersey/food-delivery/villa-stefano-pizzeria-%26-restaurant-raritan-rd/SgAHqHeYTw2_tgOk4u27xA,mountainside-new-jersey
https://www.ubereats.com/new-jersey/food-delivery/el-gran-pastel-bakery/15AEL_OiTVu2evf9Vqpt8Q,mountainside-new-jersey
https://www.ubereats.com/new-jersey/food-delivery/subworks/v1Il2lXMTpalG78dABFp_Q,mountainside-new-jersey
https://www.ubereats.com/new-jersey/food-delivery/b%26c-deli/2tqF2msFRvWDx0hRzY8r6w,mountainside-new-jersey
https://www.ubereats.com/new-jersey/food-delivery/burger-king-209-st-george-avenue/i_u0BfTIQN2yxTz1qYVV7Q,mountainside-new-jersey
https://www.ubereats.com/new-jersey/food-delivery/blueprint-subs-%26-salads-union/L8iMiZYZQOyx6EYuFGPaLA,mountainside-new-jersey
https://www.ubereats.com/new-jersey/food-delivery/chipotle-mexican-grill-1620-us-highway-22/YWm82iy1SuWyuoJOGjf7uQ,mountainside-new-jersey
https://www.ubereats.com/new-jersey/food-delivery/la-piccola-pizza-%26-deli/J7IGOY52QsSJXYolkouhdw,mountainside-new-jersey
https://www.ubereats.com/new-jersey/food-delivery/le-bon-pretzels/XgG-7jRHQsmfmu8lrqIYpQ,mountainside-new-jersey
https://www.ubereats.com/new-jersey/food-delivery/16-handles-summit/mqMlb74eTQyb-4CMemCWbw,mountainside-new-jersey
https://www.ubereats.com/new-jersey/food-delivery/coda-kitchen-%26-bar/M0nPLNpYQl6OIWPNLkBZKg,mountainside-new-jersey
https://www.ubereats.com/new-jersey/food-delivery/nj-halal-bowls/MUbjPD9zQMK7VX-DEk_aQg,mountainside-new-jersey
https://www.ubereats.com/new-jersey/food-delivery/taco88/9QoxPD0xQZ6-jmkvYru9yw,mountainside-new-jersey
https://www.ubereats.com/new-jersey/food-delivery/mama-shers-caribbean-cuisine/wbmPuiGwTPaCh59RTqfChQ,mountainside-new-jersey
https://www.ubereats.com/new-jersey/food-delivery/manhattan-bagel-edison/6XovcKMzSRCiYA7Q4K7VrQ,mountainside-new-jersey
https://www.ubereats.com/new-jersey/food-delivery/meson-tropical/dbaE5M79R4GbqEh8_CNQtQ,mountainside-new-jersey
https://www.ubereats.com/new-jersey/food-delivery/honest-restaurant-edison/1hTS6dKMSPaDKQKr30IXfw,mountainside-new-jersey
https://www.ubereats.com/new-jersey/food-delivery/mannys-diner-clark/HblgsSnUQpiUKcwI_X2m5w,mountainside-new-jersey
https://www.ubereats.com/new-jersey/food-delivery/dunkin-30-37-us-22/fV3M1UYJS5quTPTLRzhFzg,mountainside-new-jersey
https://www.ubereats.com/new-jersey/food-delivery/burger-express/XwSwW22wQJ2ahu54xsQHkA,mountainside-new-jersey
https://www.ubereats.com/new-jersey/food-delivery/amici-iii-ristorante/kPgWVXjyQmml2NevEewPGw,mountainside-new-jersey
https://www.ubereats.com/new-jersey/food-delivery/el-lechon-de-negron/sWvRFhfCQCu3OL6t3guHog,mountainside-new-jersey
https://www.ubereats.com/new-jersey/food-delivery/hook-%26-reel-union/htm_rtLDTBCw01K0mZW-GQ,mountainside-new-jersey
https://www.ubereats.com/new-jersey/food-delivery/grillestone-restaurant-scotch-plains/gT6gUWffRECyXExmLsUI1A,mountainside-new-jersey
https://www.ubereats.com/new-jersey/food-delivery/wawa-8397-855-us-22-%40wilson-ave/OO-LlWd4QFef-QFwCpFGRA,mountainside-new-jersey
https://www.ubereats.com/new-jersey/food-delivery/red-lobster-2520-us-highway-route-22/kgdojr3aRHScP3pgtjNQ7A,mountainside-new-jersey
https://www.ubereats.com/new-jersey/food-delivery/better-than-philly-cheesesteak-%26-wings-2/ugaE0HsaRJyudSql_47UJQ,mountainside-new-jersey
https://www.ubereats.com/new-jersey/food-delivery/all-american-pizza/JKVtyDf1RAS1CYoox7FiWA,mountainside-new-jersey
https://www.ubereats.com/new-jersey/food-delivery/chipotle-mexican-grill-697-morris-tpke-ste-2/ZAqlb0c2QqmYSAqQd9NOIw,mountainside-new-jersey
https://www.ubereats.com/new-jersey/food-delivery/mellow-one-fish-%26-chicken-ii/7FlfIIwRRZK7G5FfCBWSzw,mountainside-new-jersey
https://www.ubereats.com/new-jersey/food-delivery/mexico-grill/mxvno4s2RVeHrdA2AxuHaw,mountainside-new-jersey
https://www.ubereats.com/new-jersey/food-delivery/tacoma/OCf48lNGThOoOyBWrw9i3A,mountainside-new-jersey
https://www.ubereats.com/new-jersey/food-delivery/summit-greek-grill/zAsK89_-Rd6cD6iThgkDxA,mountainside-new-jersey
https://www.ubereats.com/new-jersey/food-delivery/starbucks-cranford-train-station/ema9nrsnSDeUR1TatnDcvg,mountainside-new-jersey
https://www.ubereats.com/new-jersey/food-delivery/super-stuffed-burgers/p-LI2KjoRVO6dtHjyAec5A,mountainside-new-jersey
https://www.ubereats.com/new-jersey/food-delivery/negeen-persian-grill/IMnH5pVtQQKzfaqkTBb2-Q,mountainside-new-jersey
https://www.ubereats.com/new-jersey/food-delivery/ritas-italian-ice-roselle/p1HM6F93QneeTcVW5HnZzg,mountainside-new-jersey
https://www.ubereats.com/new-jersey/food-delivery/wing-crave/FLK4TTZfQ9m12XiKqIrj1A,mountainside-new-jersey
https://www.ubereats.com/new-jersey/food-delivery/pollo-campero-plainfield-e-front-st/8C5zbUdgQ4GsbBaeeVFDdg,mountainside-new-jersey
https://www.ubereats.com/new-jersey/food-delivery/marinos-trattoria/JGNq-8FvQKW_RnFa-D3IRA,mountainside-new-jersey
https://www.ubereats.com/new-jersey/food-delivery/the-ice-cream-shop/RQaT33GPQdqVtBhdJJZ2oA,mountainside-new-jersey
https://www.ubereats.com/new-jersey/food-delivery/sweetberry-bowls-woodbridge-township/b0ynfF6BQkWNfGLlkV19dw,mountainside-new-jersey
https://www.ubereats.com/new-jersey/food-delivery/el-picoteo-dominicano/vJfYKdL7RsSUTqY26PG8Jw,mountainside-new-jersey
https://www.ubereats.com/new-jersey/food-delivery/yumpanadas/x-JVrxZdREeDV6pBCd6PWw,mountainside-new-jersey
https://www.ubereats.com/new-jersey/food-delivery/prestige-diner/ft-gy4E9Qtm5SXczAcmxlA,mountainside-new-jersey
https://www.ubereats.com/new-jersey/food-delivery/madison-market/FqN6EyqbSqa2tFES55KFHw,mountainside-new-jersey
https://www.ubereats.com/new-jersey/food-delivery/el-creador/fziKWoG8T7axBTxz1Cwrww,mountainside-new-jersey
https://www.ubereats.com/new-jersey/food-delivery/abuja-international-restaurant/Yet1FRasT3KNkbK8A1qwvQ,mountainside-new-jersey
https://www.ubereats.com/new-jersey/food-delivery/the-gourmet-deli-alden-st/NUDJSguWTgGlMRbSDgaXow,mountainside-new-jersey
https://www.ubereats.com/new-jersey/food-delivery/chikpea/68ZdAqJ5TDeGgsThSuEDAw,mountainside-new-jersey
https://www.ubereats.com/new-jersey/food-delivery/livay-sweet-shop/xXcEPv4UQS6iOWzjj-odbw,mountainside-new-jersey
https://www.ubereats.com/new-jersey/food-delivery/dunkin-2246-north-ave/gF9gA9RFQvKQZdsU8xxUtw,mountainside-new-jersey
https://www.ubereats.com/new-jersey/food-delivery/westfield-diner/OgHyir-TQp2-imI8dnpXXg,mountainside-new-jersey
https://www.ubereats.com/new-jersey/food-delivery/kfc-1235-south-avenue/naahWrV_TeWHOye5AJS2-w,mountainside-new-jersey
https://www.ubereats.com/new-jersey/food-delivery/umi-sushi/ZHcCLLz3SmeAW1kEfOAJ5g,mountainside-new-jersey
https://www.ubereats.com/new-jersey/food-delivery/cozy-corner-deli/edc9qwpLSUCXYO1xR10Wfg,mountainside-new-jersey
https://www.ubereats.com/new-jersey/food-delivery/lagar-restaurant/Q1ZlHXcESIeIbxo0PUqHZQ,mountainside-new-jersey
https://www.ubereats.com/new-jersey/food-delivery/core-bar/2eM8dNI8TRWJHuKGi1ftzA,mountainside-new-jersey
https://www.ubereats.com/new-jersey/food-delivery/taco-bell-2704-us-highway-22-e/Mwt-XhpvQ8OyUCmjRgJ0Qg,mountainside-new-jersey
https://www.ubereats.com/new-jersey/food-delivery/chipotle-mexican-grill-6-main-st/R6wvkB6MRzWh4RbPK3iF0g,mountainside-new-jersey
https://www.ubereats.com/new-jersey/food-delivery/a-la-mode-creamery/tIohf-pRQt6iZdAswDetNw,mountainside-new-jersey
https://www.ubereats.com/new-jersey/food-delivery/master-pizza-union/UPJ0hk1aRGWKukKno_MuxA,mountainside-new-jersey
https://www.ubereats.com/new-jersey/food-delivery/the-ice-cream-shop/1RZagnbXTA-kRG4iSOHyfQ,mountainside-new-jersey
https://www.ubereats.com/new-jersey/food-delivery/vegans-of-seitan/zj0BmnVlTuGU44QQ9-8rDg,mountainside-new-jersey
https://www.ubereats.com/new-jersey/food-delivery/the-yellow-chilli/SaveVprzRNGNLypzmTusNw,mountainside-new-jersey
https://www.ubereats.com/new-jersey/food-delivery/bovellas-bakery-cafe/jLwoC5mjTImPFu2XZm6VkA,mountainside-new-jersey
https://www.ubereats.com/new-jersey/food-delivery/chens-22/m0FDQGX6TCOdmT0riMh1Ag,mountainside-new-jersey
https://www.ubereats.com/new-jersey/food-delivery/porto-falafel/j506pDpNRUSJdRDDepPZ5w,mountainside-new-jersey
https://www.ubereats.com/new-jersey/food-delivery/dunkin-1985-us-hwy-22/kMyZI1v-Qd2BIjRq4R9gIQ,mountainside-new-jersey
https://www.ubereats.com/new-jersey/food-delivery/dunkin-750-somerset-st/ZDfh4qsBTO-VA9VvzrTzOQ,mountainside-new-jersey
https://www.ubereats.com/new-jersey/food-delivery/u-yee-sushi-%26-hibachi/O35qE_UbTz6BSzUtfAI5TA,mountainside-new-jersey
https://www.ubereats.com/new-jersey/food-delivery/dunkin-843-st-georges-ave/PGlIWPEgQAqldzgZ00r7Xg,mountainside-new-jersey
https://www.ubereats.com/new-jersey/food-delivery/burgerim-1235-w-chestnut/1J4b_KQrQCaVBjdUQHb6og,mountainside-new-jersey
https://www.ubereats.com/new-jersey/food-delivery/vincis-pizzeria/iIIJSF3-Sm2AMWQDp1KxZw,mountainside-new-jersey
https://www.ubereats.com/new-jersey/food-delivery/tarantellas-ristorante/DVCvfYVVQGC9NQZjkVAzeQ,mountainside-new-jersey
https://www.ubereats.com/new-jersey/food-delivery/shawnis-authentic-carribean-cuisine/3HUKoSXcQHKQDxAcBTaSZg,mountainside-new-jersey
https://www.ubereats.com/new-jersey/food-delivery/wheelie-good-pierogi/6tdz1qs2TuWDZdKBFXLCuw,mountainside-new-jersey
https://www.ubereats.com/new-jersey/food-delivery/hat-tavern/LCKkpldyTUaeOX4vmJ2LcA,mountainside-new-jersey
https://www.ubereats.com/new-jersey/food-delivery/jon-smith-subs/FTAsucHtSFe5Xo1Iacnf2Q,mountainside-new-jersey
https://www.ubereats.com/new-jersey/food-delivery/starbucks-rt-22-center-island/gGp7vDqSTDSqMeO2zk7plg,mountainside-new-jersey
https://www.ubereats.com/new-jersey/food-delivery/cake-artist-cafe/NXaiKgIZQwaWtQzezA-eDQ,mountainside-new-jersey
https://www.ubereats.com/new-jersey/food-delivery/ming-feng-chinese-restaurant/4TvvIAqsT0G6gitdHl1FfQ,mountainside-new-jersey
https://www.ubereats.com/new-jersey/food-delivery/mosaico-restaurant/M8Y2y8ZhQgClgV-4zuUQsw,mountainside-new-jersey
https://www.ubereats.com/new-jersey/food-delivery/dava-latin-fusion/eoXLn3gaSrSx7IAfuvB1sA,mountainside-new-jersey
https://www.ubereats.com/new-jersey/food-delivery/manhattan-bagel-west-orange/h4youRbHQUeUjLDTE7P1Zg,mountainside-new-jersey
https://www.ubereats.com/new-jersey/food-delivery/bread-basket-bakery/MAp8aj22R7Sz1vGfcKIbcg,mountainside-new-jersey
https://www.ubereats.com/new-jersey/food-delivery/elmas-kitchen/TEiOF5rEQ_K4IjQ8YoNBqA,mountainside-new-jersey
https://www.ubereats.com/new-jersey/food-delivery/ribertos-italian-seafood-bistro-and-steakhouse/K-69ZQYCSPiZoHmFpD9mLQ,mountainside-new-jersey
https://www.ubereats.com/new-jersey/food-delivery/ritas-italian-ice-1901-park-ave/Kq787TeITaK2MmeZn5dsrQ,mountainside-new-jersey
https://www.ubereats.com/new-jersey/food-delivery/the-salad-house-of-millburn/wapOSr8OQZ2nO3i94UoCyg,mountainside-new-jersey
https://www.ubereats.com/new-jersey/food-delivery/green-point-juicery/xnbQNXiISa67TMLhC16GBQ,mountainside-new-jersey
https://www.ubereats.com/new-jersey/food-delivery/thai-amarin/u2A4OFRvTvmlYvJe92B81w,mountainside-new-jersey
https://www.ubereats.com/new-jersey/food-delivery/main-star/t05or7JKSlScv7eZAObXVQ,mountainside-new-jersey
https://www.ubereats.com/new-jersey/food-delivery/jessicas-cafe/62YI-oSAR2y3N2KHH0yPww,mountainside-new-jersey
https://www.ubereats.com/new-jersey/food-delivery/the-banderas-deli-%26-restaurant/JRstHdXFRF6COfvc7vi34Q,mountainside-new-jersey
https://www.ubereats.com/new-jersey/food-delivery/haru-short-hills/PJJxKzLeSzKCfNj9kmwxOw,mountainside-new-jersey
https://www.ubereats.com/new-jersey/food-delivery/subslingers/KhjFx8XpQW6wX9TOtFKkHw,mountainside-new-jersey
https://www.ubereats.com/new-jersey/food-delivery/new-empire-asian/S2WEbq5-Tn-x_MVZTm00yg,mountainside-new-jersey
https://www.ubereats.com/new-jersey/food-delivery/seymours-deli-%26-bakery/vcObrX_bTuibNJtuyimS1g,mountainside-new-jersey
https://www.ubereats.com/new-jersey/food-delivery/echo-tap-%26-grille/PXLUmPDuQa-BP7Mi2JdscQ,mountainside-new-jersey
https://www.ubereats.com/new-jersey/food-delivery/rolfs-restaurant-%26-pub/_ef8g1OIS16kAI8XgXG-Dg,mountainside-new-jersey
https://www.ubereats.com/new-jersey/food-delivery/ms-lin-chinese-cuisine/ocWsAsnQQ9KRIcfLsKsBMA,mountainside-new-jersey
https://www.ubereats.com/new-jersey/food-delivery/krispy-kreme-25-us-22/tQYkGzDRTT65KH99i8BmoQ,mountainside-new-jersey
https://www.ubereats.com/new-jersey/food-delivery/roselle-park-deli-and-grill/CgmUuovES3e_cUAc3SNrZQ,mountainside-new-jersey
https://www.ubereats.com/new-jersey/food-delivery/dunkin-1451-stuyvesant-ave/5baPTpIpQN6kYgMV8cu5pw,mountainside-new-jersey
https://www.ubereats.com/new-jersey/food-delivery/top-knotch-soultry-delights/caDqCxLNQb2-ILT85gSY0Q,mountainside-new-jersey
https://www.ubereats.com/new-jersey/food-delivery/burger-king-1005-south-stiles-street/Nra7loTmQTq9TUOgL54xxQ,mountainside-new-jersey
https://www.ubereats.com/new-jersey/food-delivery/la-cantera-express-restaurant/wPiYkyT9RhufMbzTnycXfw,mountainside-new-jersey
https://www.ubereats.com/new-jersey/food-delivery/panda-express-2704-us-22/pTOvVR1yRlizxzLH7_QlqA,mountainside-new-jersey
https://www.ubereats.com/new-jersey/food-delivery/panda-express-1255-raritan-road/beUBVdGaT02CSxRyYZBCBA,mountainside-new-jersey
https://www.ubereats.com/new-jersey/food-delivery/colonia-supreme-bagels/Li52GsLDRjKB3YP9fn4ycA,mountainside-new-jersey
https://www.ubereats.com/new-jersey/food-delivery/kwality-ice-cream/EjbzNDDCT7-EsiMaMP3GeA,mountainside-new-jersey
https://www.ubereats.com/new-jersey/food-delivery/nagoya-westfield/YPPMHYOOQo6cXB0QqElIFA,mountainside-new-jersey
https://www.ubereats.com/new-jersey/food-delivery/sonnysindiankitchencom/E1ywHbX5Ti-fJX8IWBl1cQ,mountainside-new-jersey
https://www.ubereats.com/new-jersey/food-delivery/fanwood-grille/ABFr_7nlQuOte4cez66Ggg,mountainside-new-jersey
https://www.ubereats.com/new-jersey/food-delivery/springfield-hot-bagels/ahcgnaHgRwmvY52NSRxcYg,mountainside-new-jersey
https://www.ubereats.com/new-jersey/food-delivery/tgi-fridays-699-springfield-nj/tp2iG1oSRsiapFXk4BX0cw,mountainside-new-jersey
https://www.ubereats.com/new-jersey/food-delivery/dairy-queen-treat-2625-morris-ave/zVLiip6QQR-Dnic6IPq--w,mountainside-new-jersey
https://www.ubereats.com/new-jersey/food-delivery/the-salad-house/oS-0Seu0TUSRGmCP-lgBcA,mountainside-new-jersey
https://www.ubereats.com/new-jersey/food-delivery/taco-bell-1131-inman-avenue/m5-ib-NPScmQNiJv5ZDROQ,mountainside-new-jersey
https://www.ubereats.com/new-jersey/food-delivery/chatham-bagels/UtyTWkwjRYOiqs3FiQ1g7w,mountainside-new-jersey
https://www.ubereats.com/new-jersey/food-delivery/la-noche/X16ZYJn-SQShjXReYXTdcw,mountainside-new-jersey
https://www.ubereats.com/new-jersey/food-delivery/cool-runnings-cuisine-roselle/ltO_hrziSZSX6xR-Jr-nHw,mountainside-new-jersey
https://www.ubereats.com/new-jersey/food-delivery/dunkin-17-us-highway-22/RqnQmiqaTXi-TWoiC8E-7A,mountainside-new-jersey
https://www.ubereats.com/new-jersey/food-delivery/saffron-kebab-%26-pizza/2tt9uCYKRU2TI1Q3030OAw,mountainside-new-jersey
https://www.ubereats.com/new-jersey/food-delivery/rustic-mill-diner/9W6d373bTHK6nxc8TrYk_A,mountainside-new-jersey
https://www.ubereats.com/new-jersey/food-delivery/dunkin-1230-raritan-rd/T9YS-E8VSxqkQCzQ2BrEyw,mountainside-new-jersey
https://www.ubereats.com/new-jersey/food-delivery/towne-deli/tHGttJRwREiQeRb4_ZjquA,mountainside-new-jersey
https://www.ubereats.com/new-jersey/food-delivery/the-halal-guys-2317-us-22-union-nj/O1k53TVDR32V5FnWDxuGyw,mountainside-new-jersey
https://www.ubereats.com/new-jersey/food-delivery/constantinos-italian-market/D6uBXQ3tSL2U8XeKaBVFcw,mountainside-new-jersey
https://www.ubereats.com/new-jersey/food-delivery/smashburger-1260-springfield-ave/lsbwg3OTSf2hWLgm5WHe-A,mountainside-new-jersey
https://www.ubereats.com/new-jersey/food-delivery/wendys-210-west-first-avenue/L-uBvg7BRJyGOdqqRm9dlg,mountainside-new-jersey
https://www.ubereats.com/new-jersey/food-delivery/krauszers-deli-%26-grill/NYFmv_8cSzKT52CD5tKxiA,mountainside-new-jersey
https://www.ubereats.com/new-jersey/food-delivery/dennys-1286-st-georges-ave/Z6hLTvk9RKyy1cK1YveAQA,mountainside-new-jersey
https://www.ubereats.com/new-jersey/food-delivery/main-233-eatery-and-catering/PT2AcOkfTTmbyn66x-9AwQ,mountainside-new-jersey
https://www.ubereats.com/new-jersey/food-delivery/pharoahs-texas-weiner/NZI6v279REqEhzy2QnC9tw,mountainside-new-jersey
https://www.ubereats.com/new-jersey/food-delivery/il-mondo-vecchio/Zq0ZkBQmT1ygPR4jAvmjjQ,mountainside-new-jersey
https://www.ubereats.com/new-jersey/food-delivery/dunkin-545-morris-ave/Ur_MKqK0S6uMUe-ramurKg,mountainside-new-jersey
https://www.ubereats.com/new-jersey/food-delivery/the-chippery-union/Q2RhDYSjR3mnFPi6f_EeeQ,mountainside-new-jersey
https://www.ubereats.com/new-jersey/food-delivery/italian-village/sFFWCqVlSA2CS0LmOKJjsA,mountainside-new-jersey
https://www.ubereats.com/new-jersey/food-delivery/la-noche-colombian-restaurant/J1UnrXb_QL-WcNfPhYjFKg,mountainside-new-jersey
https://www.ubereats.com/new-jersey/food-delivery/taco-bell-160-south-avenue/KSwuUepcTrSf5Hby1B2IqQ,mountainside-new-jersey
https://www.ubereats.com/new-jersey/food-delivery/22-bites/zfHfb3J4T9Guye9bnKc7bA,mountainside-new-jersey
https://www.ubereats.com/new-jersey/food-delivery/zonafit-nutrition-24/UoVF5TbESTCHYBuxqP4S-g,mountainside-new-jersey
https://www.ubereats.com/new-jersey/food-delivery/dunkin-1001-valley-rd/kJj_dwrzR_-nieJ1pYCGXw,mountainside-new-jersey
https://www.ubereats.com/new-jersey/food-delivery/panera-295-route-22-east/mt7GkJkIS6OXN7429ACNuQ,mountainside-new-jersey
https://www.ubereats.com/new-jersey/food-delivery/jersey-fried-chicken/GU5yADgtS0WUWHNIXlxIiQ,mountainside-new-jersey
https://www.ubereats.com/new-jersey/food-delivery/dunkin-534-boulevard/M1ITWo0CRLiahv0wfOIk2g,mountainside-new-jersey
https://www.ubereats.com/new-jersey/food-delivery/aikou/IiRZyjOcSzy8yGUzPR71EQ,mountainside-new-jersey
https://www.ubereats.com/new-jersey/food-delivery/pastrami-%26-pickles/2t3IFt-6Ttawgt-4rELmhA,mountainside-new-jersey
https://www.ubereats.com/new-jersey/food-delivery/curry-%26-kati/zfCSpgIXTL-q603mNT7xjA,mountainside-new-jersey
https://www.ubereats.com/new-jersey/food-delivery/primo-mercato/9g544M-xT06HUkBUc44FRQ,mountainside-new-jersey
https://www.ubereats.com/new-jersey/food-delivery/two-ques-cafe/vixU4TnQRLqtvYAVhvwhQA,mountainside-new-jersey
https://www.ubereats.com/new-jersey/food-delivery/a-paradise-platter/x1pb6aFnRM28hHBbM0ulbQ,mountainside-new-jersey
https://www.ubereats.com/new-jersey/food-delivery/alens-deli-and-catering/ds1FsFWlShGGx__BSTj8Rw,mountainside-new-jersey
https://www.ubereats.com/new-jersey/food-delivery/think-grill/68X3uW8hQjmt5anD9wvqzw,mountainside-new-jersey
https://www.ubereats.com/new-jersey/food-delivery/white-castle-2458-rt-22/ps_ruJhmRIilTnRVNM1dcA,mountainside-new-jersey
https://www.ubereats.com/new-jersey/food-delivery/mirchi-indian-restaurant-edison/mT9iYJWgQS6DO6hUZMpK4g,mountainside-new-jersey
https://www.ubereats.com/new-jersey/food-delivery/hf-sandwich-shop/gr1-Og8kQ2-DrYj_f5RzDw,mountainside-new-jersey
https://www.ubereats.com/new-jersey/food-delivery/carvel-15-north-wood-avenue/BewmNSuET36gtAd7uGLK6g,mountainside-new-jersey
https://www.ubereats.com/new-jersey/food-delivery/avas-kitchen-%26-bar/VxwOYNEjRtqDCq1ysw7VUg,mountainside-new-jersey
https://www.ubereats.com/new-jersey/food-delivery/feast-catering-%26-cafe/WFdGTPIFSL2NpnKPxrSIlA,mountainside-new-jersey
https://www.ubereats.com/new-jersey/food-delivery/popeyes-union/Qj0PV4PbTduvftuVobYAng,mountainside-new-jersey
https://www.ubereats.com/new-jersey/food-delivery/hung-shanghai-restaurant/jYkfC9RFQ2O_r-C-aqFxQA,mountainside-new-jersey
https://www.ubereats.com/new-jersey/food-delivery/dunkin-1982-morris-ave/4G-6o652T-2FQBSyn4uBNg,mountainside-new-jersey
https://www.ubereats.com/new-jersey/food-delivery/tapas-bar-%26-grill-linden/qU9PHWwxR4-Qb7TU75NmKg,mountainside-new-jersey
https://www.ubereats.com/new-jersey/food-delivery/ani-ramen-maplewood/dCndYonQS02W9EutXghN2Q,mountainside-new-jersey
https://www.ubereats.com/new-jersey/food-delivery/dairy-queen-treat-1367-south-ave/nZVUk8lrTtKQxgqz_kQNeg,mountainside-new-jersey
https://www.ubereats.com/new-jersey/food-delivery/dunkin-633-morris-tpke/E5pEuH2ERmu74IPx4k3tIQ,mountainside-new-jersey
https://www.ubereats.com/new-jersey/food-delivery/1000-degrees-neapolitan-pizza-springfield/AGTGQ-INR8aQ9oO-QefSTQ,mountainside-new-jersey
https://www.ubereats.com/new-jersey/food-delivery/get-stuffed-jersey/suaF7jUGRwu1g8vEruvcdQ,mountainside-new-jersey
https://www.ubereats.com/new-jersey/food-delivery/friendlys-1463-raritan-rd/izBeMB5wTk-zCUn_jllXEA,mountainside-new-jersey
https://www.ubereats.com/new-jersey/food-delivery/central-park/Il6Fjf36Q7ikmROyFW1IAA,mountainside-new-jersey
https://www.ubereats.com/new-jersey/food-delivery/gigis-cupcakes-417-springfield-ave/wC9dEuilRDiJJihc-dib1w,mountainside-new-jersey
https://www.ubereats.com/new-jersey/food-delivery/the-city-restaurant/7E7r-iIxSgWc1ecBdplnrw,mountainside-new-jersey
https://www.ubereats.com/new-jersey/food-delivery/burger-king-2310-route-22-e/stZa1fGRQXe_5u7JE1eQPQ,mountainside-new-jersey
https://www.ubereats.com/new-jersey/food-delivery/union-plaza-diner/GgtzVYw_SoSRfxJksP-sKQ,mountainside-new-jersey
https://www.ubereats.com/new-jersey/food-delivery/thai-passion225-main-st/tuQw1B3iQNu0dOFG5QdoLw,mountainside-new-jersey
https://www.ubereats.com/new-jersey/food-delivery/pueblo-viejo/Ms7QXbGXTV-7NLwNeqgZ0w,mountainside-new-jersey
https://www.ubereats.com/new-jersey/food-delivery/johnny-tequilas/Oqq5Xn8MQzWjuZwz3osAZQ,mountainside-new-jersey
https://www.ubereats.com/new-jersey/food-delivery/philly-pretzel-factory-westfield/M2Ak52nkQESsbVbJWsw15A,mountainside-new-jersey
https://www.ubereats.com/new-jersey/food-delivery/haagen-dazs-358-millburn-avenue/Hwrero8ESYmcb0gwlnltOQ,mountainside-new-jersey
https://www.ubereats.com/new-jersey/food-delivery/fujiyama-mama/F08x5WsOQXC42HEeZxC0ng,mountainside-new-jersey
https://www.ubereats.com/new-jersey/food-delivery/shanghai-noodle-house/sJUM51YbT_2BAETBCwJ-kg,mountainside-new-jersey
https://www.ubereats.com/new-jersey/food-delivery/lun-wah-restaurant-%26-tiki-bar/qlt10DYqTZqrJ1K1_qBFiA,mountainside-new-jersey
https://www.ubereats.com/new-jersey/food-delivery/big-blues-italian-style-sub-shop/fCgFxNEiSGy8UakvsPQRtw,mountainside-new-jersey
https://www.ubereats.com/new-jersey/food-delivery/nealtican-restaurant/wXHcHkNYTcaFQqjhm6fhSQ,mountainside-new-jersey
https://www.ubereats.com/new-jersey/food-delivery/lees-garden-chinese-restaurant/HS0frzYURFyiXCD5tUQf4Q,mountainside-new-jersey
https://www.ubereats.com/new-jersey/food-delivery/madison-bagel-cafe/u0C0k9nCRx6KasP-1K1HjQ,mountainside-new-jersey
https://www.ubereats.com/new-jersey/food-delivery/olivias-catering-%26-dining/rOpo_tYTT0SNDxQ2LJCbeg,mountainside-new-jersey
https://www.ubereats.com/new-jersey/food-delivery/cafe-paris-cranford/wjqBcytrQ8O8TyQF4YO5Fg,mountainside-new-jersey
https://www.ubereats.com/new-jersey/food-delivery/cinnaholic-westfield/LhosHeVpQbS04YOxzHM8ow,mountainside-new-jersey
https://www.ubereats.com/new-jersey/food-delivery/brooklyn-pizza/OJFnRcPsSuu4KbnOW2KzMQ,mountainside-new-jersey
https://www.ubereats.com/new-jersey/food-delivery/lidias-cuban-kitchen/jeFqqz83SCOO3ybhkb9Duw,mountainside-new-jersey
https://www.ubereats.com/new-jersey/food-delivery/summit-thai-cuisine-east-hanover/uiiaWZeIQfSF5G8STb2tMw,mountainside-new-jersey
https://www.ubereats.com/new-jersey/food-delivery/tgi-fridays-624-watchung-nj/uK01j8KrSuazQdS4vvHIHg,mountainside-new-jersey
https://www.ubereats.com/new-jersey/food-delivery/souvlaqueria/lNlWBt_PTuSC7KwodK3EYA,mountainside-new-jersey
https://www.ubereats.com/new-jersey/food-delivery/mcdonalds-100-108-westfield-ave/dtpfGfV-S6q6rXAvVL9UDA,mountainside-new-jersey
https://www.ubereats.com/new-jersey/food-delivery/aloha-krab/5l-MB5-CT5Sppi05qTcDMQ,mountainside-new-jersey
https://www.ubereats.com/new-jersey/food-delivery/family-resturant-%26-buffet/gqHSxNidS0C_p6TgGcQmmg,mountainside-new-jersey
https://www.ubereats.com/new-jersey/food-delivery/vegan-pita-shack/jX3ZPP7QSXuVyffmc_irxw,mountainside-new-jersey
https://www.ubereats.com/new-jersey/food-delivery/dairy-queen-treat-182-westfield-ave/rZZAbhawQoKci1wEDuj0Qw,mountainside-new-jersey
https://www.ubereats.com/new-jersey/food-delivery/mcdonalds-216-north-ave/1jfKd3WoSsSakZ35QVAyzA,mountainside-new-jersey
https://www.ubereats.com/new-jersey/food-delivery/lavash-mediterranean-grill/IK5EMALKQNSBEdT83BcOCQ,mountainside-new-jersey
https://www.ubereats.com/new-jersey/food-delivery/jersey-mikes-subs-349-lake-ave/8MT35t-ARLWPZhAeKEWlzQ,mountainside-new-jersey
https://www.ubereats.com/new-jersey/food-delivery/goodmans-deli/E4lTzCRJSVSqT5Raein_Ug,mountainside-new-jersey
https://www.ubereats.com/new-jersey/food-delivery/benihana-short-hills/1N-sIMReTICMy9jFdrDa1Q,mountainside-new-jersey
https://www.ubereats.com/new-jersey/food-delivery/california-pizza-kitchen-1200-morris-turnpike-unit-8270/4_QLuWOoTAGvj4OfIuiD0w,mountainside-new-jersey
https://www.ubereats.com/new-jersey/food-delivery/mr-subs-south-plainfield/6Qg8QotGQ82BUYtF9nlQMA,mountainside-new-jersey
https://www.ubereats.com/new-jersey/food-delivery/blue-ribbon-bakery/W1hjRC0fT8akE9aHu3Kerg,mountainside-new-jersey
https://www.ubereats.com/new-jersey/food-delivery/szechuan-delight-chinese/a1BLrpOuQaexUFF93tYJcw,mountainside-new-jersey
https://www.ubereats.com/new-jersey/food-delivery/super-duper-bagels/L25zjUL2TymYeOUsnrN-OQ,mountainside-new-jersey
https://www.ubereats.com/new-jersey/food-delivery/the-ice-cream-shop/QrymGSpaSCmQOidKm-nE7A,mountainside-new-jersey
https://www.ubereats.com/new-jersey/food-delivery/sam-i-am-bagels-springfield-ave/c_b7oYqLRB2Bpvi1tw1I2g,mountainside-new-jersey
https://www.ubereats.com/new-jersey/food-delivery/warren-bagels-%26-deli-washington-valley-rd/eaUAdDUeTP-WIFZYjO0PiA,mountainside-new-jersey
https://www.ubereats.com/new-jersey/food-delivery/latin-bistro-restaurant-%26-bakery/pbHPye-5QcuBPAXc4BhYVg,mountainside-new-jersey
https://www.ubereats.com/new-jersey/food-delivery/chatham-sandwich-shop/1IyNsEYOTt-cuPY7WDzV_Q,mountainside-new-jersey
https://www.ubereats.com/new-jersey/food-delivery/tandoori-chef-2-maplewood-6-highland-pl/CxnTNCZLRjOIFT7sylwvxA,mountainside-new-jersey
https://www.ubereats.com/new-jersey/food-delivery/charlie-browns-fresh-grill-scotch-plains/7gKTWw_0Qhaw6Ctq4r04Pw,mountainside-new-jersey
https://www.ubereats.com/new-jersey/food-delivery/moes-southwest-grill-177-washington-valley-road/N1TUIlumT_2-Y2Jjk9ulUA,mountainside-new-jersey
https://www.ubereats.com/new-jersey/food-delivery/emmas-brick-oven/N1leyjPrTEW0TArT-RxwvQ,mountainside-new-jersey
https://www.ubereats.com/new-jersey/food-delivery/mannys-texas-wieners/9jpq4mxJSbu3CqDp9tzAFw,mountainside-new-jersey
https://www.ubereats.com/new-jersey/food-delivery/eggmania/0-QXY9LORpOKkPHnYNeLVQ,mountainside-new-jersey
https://www.ubereats.com/new-jersey/food-delivery/joses-mexican-cantina/ZU2351ftSUalAQw-X2vzfw,mountainside-new-jersey
https://www.ubereats.com/new-jersey/food-delivery/poke-22/R2oYiMUdQ3isc8VcblJPbw,mountainside-new-jersey
https://www.ubereats.com/new-jersey/food-delivery/oporto-barbecue-springfield-ave/mW4bfaHQSdqrG1hu9kbTyA,mountainside-new-jersey
https://www.ubereats.com/new-jersey/food-delivery/mr-perrys-smokehouse-union/OllcdVz5RCmO7nExun5pKQ,mountainside-new-jersey
https://www.ubereats.com/new-jersey/food-delivery/ferraros-south/iZe1wnZaQoq0MSq34I03DA,mountainside-new-jersey
https://www.ubereats.com/new-jersey/food-delivery/amazing-taste/FfsijBT_Q9CdmjFVh8OUMw,mountainside-new-jersey
https://www.ubereats.com/new-jersey/food-delivery/mark-twain-diner/pucT9WmMRz-3no1BliU7sg,mountainside-new-jersey
https://www.ubereats.com/new-jersey/food-delivery/the-cajun-crab/Ki-yQggaQLi43_Bd-D91nA,mountainside-new-jersey
https://www.ubereats.com/new-jersey/food-delivery/chefs-table/KWBiVoYzSZeSsnc9NBFshA,mountainside-new-jersey
https://www.ubereats.com/new-jersey/food-delivery/dunkin-421-central-ave/zeOXk7YhTxuP8BSfTg6n3g,mountainside-new-jersey
https://www.ubereats.com/new-jersey/food-delivery/brunella-portuguese-coffee-and-deli-llc/M1jJMmshT62hQATfmDmP2g,mountainside-new-jersey
https://www.ubereats.com/new-jersey/food-delivery/primohoagies-200-us-22/ToYRs3DOSO2R27N7I7ofGA,mountainside-new-jersey
https://www.ubereats.com/new-jersey/food-delivery/opa-grill/iFZryxNGR7OYJJuNaWsIHA,mountainside-new-jersey
https://www.ubereats.com/new-jersey/food-delivery/abigails-cafe/gHa9WETHRFWCCwW3qR9cEQ,mountainside-new-jersey
https://www.ubereats.com/new-jersey/food-delivery/phoenix-chinese-restaurant-raritan-rd/8MwyJPLzR8Sni0vwolgL7g,mountainside-new-jersey
https://www.ubereats.com/new-jersey/food-delivery/tapas-bar-and-grill/SIZaAMDhS3K3eH7AODs9Ag,mountainside-new-jersey
https://www.ubereats.com/new-jersey/food-delivery/cold-stone-creamery-westfield/6fNdH5WETjSzYhwWHQP-kg,mountainside-new-jersey
https://www.ubereats.com/new-jersey/food-delivery/dunkin-2001-springfield-ave/inU_GD2yRd2eMZ1GQxrtGw,mountainside-new-jersey
https://www.ubereats.com/new-jersey/food-delivery/the-irving-inn-social/eWQe2GwDShG6GGP3FUn72g,mountainside-new-jersey
https://www.ubereats.com/new-jersey/food-delivery/qdoba-mexican-grill-1595-us-22/mrTT3DJEQSicM5q7OHjWeQ,mountainside-new-jersey
https://www.ubereats.com/new-jersey/food-delivery/cooks-kitchn/JOqh60zrR-WiEZcadROzxw,mountainside-new-jersey
https://www.ubereats.com/new-jersey/food-delivery/kona-grill-woodbridge/MCcPDDOZSt6kZSHKCBspsQ,mountainside-new-jersey
https://www.ubereats.com/new-jersey/food-delivery/biladi-grill/Dxhy3FbhQA-u-xw1G7HdVA,mountainside-new-jersey
https://www.ubereats.com/new-jersey/food-delivery/wingstop-1680-us-22/rhhNvruBRTGTWt-lotzRyA,mountainside-new-jersey
https://www.ubereats.com/new-jersey/food-delivery/jersey-mikes-1260-springfield-avenue/lAE1c-aBS4eCk3FapBVYvg,mountainside-new-jersey
https://www.ubereats.com/new-jersey/food-delivery/palm-thai/W9bLRIl5TmW5bvko62MxNw,mountainside-new-jersey
https://www.ubereats.com/new-jersey/food-delivery/avenue-grill-and-sushi/suJAbaorSzuEU7HuZtrFRg,mountainside-new-jersey
https://www.ubereats.com/new-jersey/food-delivery/jersey-mikes-177-washington-valley-rd/gD0okbAIRg2mpj7b50KAdg,mountainside-new-jersey
https://www.ubereats.com/new-jersey/food-delivery/bradfords-barr-catering/Tu6aIZv5QvSsjfY-L3YwnA,mountainside-new-jersey
https://www.ubereats.com/new-jersey/food-delivery/romanellis-pizza-%26-italian-eatery/JkcSlsOgRjmMaE1D8C3KkA,mountainside-new-jersey
https://www.ubereats.com/new-jersey/food-delivery/buffalo-wild-wings-1599-us-highway-22-west/PPWJnZeqTFWfOAwgsa1X_Q,mountainside-new-jersey
https://www.ubereats.com/new-jersey/food-delivery/manhattan-bagel-union/fSXdCtZqQKyt4Rr6y_xBkg,mountainside-new-jersey
https://www.ubereats.com/new-jersey/food-delivery/rotondos-deli-%26-fine-food/p0nL99Y0She6_LtJt162sA,mountainside-new-jersey
https://www.ubereats.com/new-jersey/food-delivery/zulia-grill/NkjT8hEYQsSkwHwMWLq6dQ,mountainside-new-jersey
https://www.ubereats.com/new-jersey/food-delivery/benihana-60-parsonage-rd/CKDcuaR1QQawln5CanPg4A,mountainside-new-jersey
https://www.ubereats.com/new-jersey/food-delivery/orgreen-poke/5XhHtlJpR76WgpRhBDttPQ,mountainside-new-jersey
https://www.ubereats.com/new-jersey/food-delivery/rockn-joe/DghUp3P9RsmPmriA1SsD6g,mountainside-new-jersey
https://www.ubereats.com/new-jersey/food-delivery/michigan-deli/jRgF9exsRbWf8nMT7h7VDg,mountainside-new-jersey
https://www.ubereats.com/new-jersey/food-delivery/bagel-plus/FZF56H1gTXWAnGQCzp-UUA,mountainside-new-jersey
https://www.ubereats.com/new-jersey/food-delivery/burger-king-118-central-avenue/miKzKB8uRxWZh39EZKZMMg,mountainside-new-jersey
https://www.ubereats.com/new-jersey/food-delivery/chrones-pizza-mountain-ave/B096m0_iSe2DCvvgBjG11A,mountainside-new-jersey
https://www.ubereats.com/new-jersey/food-delivery/yummy-kitchen/2Fz7UWXMSQqRN2Yt5iI53w,mountainside-new-jersey
https://www.ubereats.com/new-jersey/food-delivery/asia-garden/QZZkI5F9R4uDVmZHcUlG0Q,mountainside-new-jersey
https://www.ubereats.com/new-jersey/food-delivery/chipotle-mexican-grill-117-e-broad-st/DgG1aGccR7uTAZOlEQUWbQ,mountainside-new-jersey
https://www.ubereats.com/new-jersey/food-delivery/pokay-summit/P0sxw8A8TbW-SMvDva0VZA,mountainside-new-jersey
https://www.ubereats.com/new-jersey/food-delivery/the-greek-on-main/U7sNVAiJTCieApg8GXntDw,mountainside-new-jersey
https://www.ubereats.com/new-jersey/food-delivery/kfc-1236-1240-w-7th-street/SFkgZuyZRAaioupQD-nkMw,mountainside-new-jersey
https://www.ubereats.com/new-jersey/food-delivery/moghul-express-1/pgMAP_UXTuWwNfrGco8OrA,mountainside-new-jersey
https://www.ubereats.com/new-jersey/food-delivery/magic-grill/7oz_uvjqRHOgBaBm12hjnw,mountainside-new-jersey
https://www.ubereats.com/new-jersey/food-delivery/turning-point-of-westfield/z29Z5-DATrubPjzl6Zceuw,mountainside-new-jersey
https://www.ubereats.com/new-jersey/food-delivery/chianti-pizzeria/cP9tJZ-3Q9ak6_Jd-xWKhA,mountainside-new-jersey
https://www.ubereats.com/new-jersey/food-delivery/river-and-rail-cantina/Zf2ATbaNRuGSBJ_hcH_MsQ,mountainside-new-jersey
https://www.ubereats.com/new-jersey/food-delivery/sofias-italian-restaurant/7SmCazLKTVKTzvNeamD2-w,mountainside-new-jersey
https://www.ubereats.com/new-jersey/food-delivery/roman-gourmet-maplewood-ave/4gsLIVkjQb2IpUR6AccJHw,mountainside-new-jersey
https://www.ubereats.com/new-jersey/food-delivery/seymours-truck/lYBlMddkTrCk3_H7xmCcXg,mountainside-new-jersey
https://www.ubereats.com/new-jersey/food-delivery/el-dorado-spanish-food/RzS8Pv5jR8KA9JSafUcD6A,mountainside-new-jersey
https://www.ubereats.com/new-jersey/food-delivery/dunkin-196-westfield-ave/d5uYRI60TnidP1qRvgJgYg,mountainside-new-jersey
https://www.ubereats.com/new-jersey/food-delivery/dunkin-719-mountain-ave/cU_96aWGSBWWe8rpTEECjw,mountainside-new-jersey
https://www.ubereats.com/new-jersey/food-delivery/kawee-thai-cuisine-springfield/pGEIBcHjSXuLxyyl8mC13g,mountainside-new-jersey
https://www.ubereats.com/new-jersey/food-delivery/mcdonalds-1241-south-ave/V4qGsd2uRW6t4DluT3zt6A,mountainside-new-jersey
https://www.ubereats.com/new-jersey/food-delivery/burger-king-1200-south-avenue/2Au4ExOZTJS-w3YV9okEUg,mountainside-new-jersey
https://www.ubereats.com/new-jersey/food-delivery/dunkin-105-w-1st-ave/tbvvDPqvTAac9BbvheoBkQ,mountainside-new-jersey
https://www.ubereats.com/new-jersey/food-delivery/mambo-dominican-grill/LAKT9sYETKmLMgGWKHT8gg,mountainside-new-jersey
https://www.ubereats.com/new-jersey/food-delivery/akai-lounge-westfield/pyfiQTGQSPOq3aDxwu9pCg,mountainside-new-jersey
https://www.ubereats.com/new-jersey/food-delivery/subway-1501-us-highway-22/fSKKb9WsTfyYWkjinWf3Kg,mountainside-new-jersey
https://www.ubereats.com/new-jersey/food-delivery/piattino-summit/wP990PJuSSqCMfr1uFfK9A,mountainside-new-jersey
https://www.ubereats.com/new-jersey/food-delivery/special-halal-burgers/sjrTJKCjRNiduCymKrsxHg,mountainside-new-jersey
https://www.ubereats.com/new-jersey/food-delivery/union-fried-chicken-%26-grill-halal/4if2DxiDS4uf5KNoBy-6mA,mountainside-new-jersey
https://www.ubereats.com/new-jersey/food-delivery/dunkin-33-union-pl/F1W9Qg0gQzus5LBMu7HGhA,mountainside-new-jersey
https://www.ubereats.com/new-jersey/food-delivery/inspiration-roll-summit/p52T1Y3pT4WVc6sD-hr_5w,mountainside-new-jersey
https://www.ubereats.com/new-jersey/food-delivery/massa-roman-square-pizza-%26-italian-specialties/1YQHnq31SGe4SpkU_-_Ymw,mountainside-new-jersey
https://www.ubereats.com/new-jersey/food-delivery/ossinos-market/COjvEsTeRYqVFch8xgy8Jw,mountainside-new-jersey
https://www.ubereats.com/new-jersey/food-delivery/ono-bowls/M4UnUDKrSDCG7zxsKrT2RQ,mountainside-new-jersey
https://www.ubereats.com/new-jersey/food-delivery/brooklyn-pizza/HHLGdlw1RLSxem5WzVmWYg,mountainside-new-jersey
https://www.ubereats.com/new-jersey/food-delivery/el-palacio-bakery-and-restaurant/clw_TZSURHOitIil1NBEtg,mountainside-new-jersey
https://www.ubereats.com/new-jersey/food-delivery/thaithai-cuisine/D2PlVRDmTc6Wd5P-MyICcw,mountainside-new-jersey
https://www.ubereats.com/new-jersey/food-delivery/the-salad-house-of-morristown/LqPqjxjQQ3-tlgoLayTD_A,mountainside-new-jersey
https://www.ubereats.com/new-jersey/food-delivery/gelato-smoothie/FeCCcySnTrK8aD-T14nCew,mountainside-new-jersey
https://www.ubereats.com/new-jersey/food-delivery/curry-tub/VRW5mNCDQmyvAacDprPwTw,mountainside-new-jersey
https://www.ubereats.com/new-jersey/food-delivery/star-of-india-kenilworth/9OhEgQd7R_C-5eocTnNWVQ,mountainside-new-jersey
https://www.ubereats.com/new-jersey/food-delivery/dunkin-118-main-st/Me__NPi5SVuQ0w6uIYxxbQ,mountainside-new-jersey
https://www.ubereats.com/new-jersey/food-delivery/delice-macarons/m8NwZI3fTRyyyuBV3ZFlug,mountainside-new-jersey
https://www.ubereats.com/new-jersey/food-delivery/dunkin-257-south-ave/C2irAoPfTGyQ2tPOAHLg1w,mountainside-new-jersey
https://www.ubereats.com/new-jersey/food-delivery/oh-brians-on-the-green-the-pizza-bar/qgrDVp0mRHKhVupVCm9niw,mountainside-new-jersey
https://www.ubereats.com/new-jersey/food-delivery/dragonfly/iHFlA9RGQzmaaLdRUSKxVQ,mountainside-new-jersey
https://www.ubereats.com/new-jersey/food-delivery/nunzios-pizza/vet0sLKCRAOWjsIAvcqWJQ,mountainside-new-jersey
https://www.ubereats.com/new-jersey/food-delivery/wingstop-union/P3MPzLG0RDKipXNWMn0LxA,mountainside-new-jersey
https://www.ubereats.com/new-jersey/food-delivery/master-juice-salad-bar/Kva7oyuOQlm_DxGqwQReGQ,mountainside-new-jersey
https://www.ubereats.com/new-jersey/food-delivery/bella-nonnas/h5zTbVdERzaSVRQcY7rkMQ,mountainside-new-jersey
https://www.ubereats.com/new-jersey/food-delivery/stephanies-bbq-roselle-park/k8W40XeUTzWeUnWHpk75rg,mountainside-new-jersey
https://www.ubereats.com/new-jersey/food-delivery/chipotle-mexican-grill-101-us-highway-22/WBcPGnwSTc-pmht38xQ7wQ,mountainside-new-jersey
https://www.ubereats.com/new-jersey/food-delivery/mcdonalds-107-w-edgar-rd/ghTAcu2fTN-NWP_h2WNZLw,mountainside-new-jersey
https://www.ubereats.com/new-jersey/food-delivery/chens-22/EKkrwlWNT-a6kKNCZDOowA,mountainside-new-jersey
https://www.ubereats.com/new-jersey/food-delivery/yuki-hana-japanese-restaurant/DFL-PJETRjO7cPmJxK7fqw,mountainside-new-jersey
