url,city
https://www.ubereats.com/nashville/food-delivery/salvos-pizza/D4JnUtn_Twi2VjOd3XF68A,mt-juliet-tennessee
https://www.ubereats.com/nashville/food-delivery/chuck-e-cheese-66-belinda-pkwy/9DSboPr9QjaNRr9NZ53cQQ,mt-juliet-tennessee
https://www.ubereats.com/nashville/food-delivery/taco-bell-1672-west-main-st/uxNQBsDhSRG7eIeOy4e3Jw,mt-juliet-tennessee
https://www.ubereats.com/nashville/food-delivery/panini-bread-cafe/6OuVnp-kQ7qipM4kCAqyJw,mt-juliet-tennessee
https://www.ubereats.com/nashville/food-delivery/nashville-chicken-and-waffles/GTgyxZiWS7OGMPYdX-hW1g,mt-juliet-tennessee
https://www.ubereats.com/nashville/food-delivery/your-pie-mount-juliet/bMG4HZNkShGnrnaelWWV8w,mt-juliet-tennessee
https://www.ubereats.com/nashville/food-delivery/carreta-mexican-food/HXDLxxIWSx63Mx6fpzJiKw,mt-juliet-tennessee
https://www.ubereats.com/nashville/food-delivery/white-castle-300-pleasant-grove-rd-suite-130/CdKu9xNRQ6u9HQBwmtRyEg,mt-juliet-tennessee
https://www.ubereats.com/nashville/food-delivery/starbucks-mt-juliet-providence-commons/RMh6HMYHTuS1rr4A5MFprQ,mt-juliet-tennessee
https://www.ubereats.com/nashville/food-delivery/papa-johns-1313-west-main-street-suite-g/3z89eiARQVetgMv8bg27qg,mt-juliet-tennessee
https://www.ubereats.com/nashville/food-delivery/mangos-mexican-restaurant-lebanon/wwj9A8y1SjCymfWQzGT5Zw,mt-juliet-tennessee
https://www.ubereats.com/nashville/food-delivery/jets-pizza-2037-n-mount-juliet-rd/kJVHiny3SzGygvqrYvcBXA,mt-juliet-tennessee
https://www.ubereats.com/nashville/food-delivery/mcdonalds-nash-i-40-%26-old-hickory/srfOKAs9QmCUO-WjJQcR3Q,mt-juliet-tennessee
https://www.ubereats.com/nashville/food-delivery/outback-steakhouse-1125-franklin-road/GdTpmILxS76OBEl9V0Y30g,mt-juliet-tennessee
https://www.ubereats.com/nashville/food-delivery/whitts-barbecue-hermitage/Q3nA-JLtRpOs-Hna0DjevA,mt-juliet-tennessee
https://www.ubereats.com/nashville/food-delivery/tico-ice/aF_tCRCGT6iTkhEFOXuAVw,mt-juliet-tennessee
https://www.ubereats.com/nashville/food-delivery/steak-n-shake-5000b-old-hickory-blvd/BMHf7jv_QpykhJlE4K7Iug,mt-juliet-tennessee
https://www.ubereats.com/nashville/food-delivery/hardees-5775-old-hickory-blvd/1T48OKZJT5O0npqRIIuFSA,mt-juliet-tennessee
https://www.ubereats.com/nashville/food-delivery/saigon-basil/umXtJ6PgSIOUJMH5fqBokw,mt-juliet-tennessee
https://www.ubereats.com/nashville/food-delivery/pasquallys-pizza-%26-wings-66-belinda-parkway/hJB6F_iLTwC2hSj-5OYX4A,mt-juliet-tennessee
https://www.ubereats.com/nashville/food-delivery/buffalo-wild-wings-100-adams-ln/OMe6xJqARxCskeJRNP3lsQ,mt-juliet-tennessee
https://www.ubereats.com/nashville/food-delivery/billy-goat-coffee-cafe/XCbUAekQSKuwmzv27STLgg,mt-juliet-tennessee
https://www.ubereats.com/nashville/food-delivery/uncle-buds-catfish-chicken-%26-such-nashville/2BOGEkKpQCaVSnJtrENo6g,mt-juliet-tennessee
https://www.ubereats.com/nashville/food-delivery/firehouse-subs-mt-juliet-tn/4rpCQEkaTi2LyzhlE7DpHw,mt-juliet-tennessee
https://www.ubereats.com/nashville/food-delivery/five-guys-tn-1045-300-pleasant-grove-rd/asDHJ7w-TRW4Pk-dK7c_ag,mt-juliet-tennessee
https://www.ubereats.com/nashville/food-delivery/taco-bell-4442-lebanon-road/GwRnDOv7SECo8R2QwxO9ig,mt-juliet-tennessee
https://www.ubereats.com/nashville/food-delivery/bojangles-famous-chicken-%26-biscuits-991-4774-lebanon-pike/hmIq56HjRQ2zV06xKAlKpQ,mt-juliet-tennessee
https://www.ubereats.com/nashville/food-delivery/arbys-245-n-mt-juliet-rd/QGd7pivkRh2Y7ImgmF2lzg,mt-juliet-tennessee
https://www.ubereats.com/nashville/food-delivery/la-hacienda-mexican-restaurant-nashville-tn/CEEkEBxUSlOxJ_hP2QjfIg,mt-juliet-tennessee
https://www.ubereats.com/nashville/food-delivery/super-wok/qihxNXHmTzG-AZjKZ75opQ,mt-juliet-tennessee
https://www.ubereats.com/nashville/food-delivery/fazolis-5002-old-hickory-blvd/AIVAvahbTHqZ7pC6olnVDQ,mt-juliet-tennessee
https://www.ubereats.com/nashville/food-delivery/wendys-160-hwy-109-north/--bFWXaiRfSTQmlyl7GqmA,mt-juliet-tennessee
https://www.ubereats.com/nashville/food-delivery/taco-bell-11001-lebanon-road/EGH08nxSQYW6sI8wLIOFbQ,mt-juliet-tennessee
https://www.ubereats.com/nashville/food-delivery/subway-11191-lebanon-rd-ste-7f/FZfcjDtfR9adGqw_bRymEQ,mt-juliet-tennessee
https://www.ubereats.com/nashville/food-delivery/kwality-korner/XkMqEAO5Rl2XtyDX3VTEAg,mt-juliet-tennessee
https://www.ubereats.com/nashville/food-delivery/edible-arrangements-1022-a-glenbrook-way-suite-102/BsjD3sFHSkyZe6S3Opmh0w,mt-juliet-tennessee
https://www.ubereats.com/nashville/food-delivery/outback-steakhouse-5582-old-hickory-boulevard/uaVZuPKFR8KV9LJngZxm9g,mt-juliet-tennessee
https://www.ubereats.com/nashville/food-delivery/sweet-biscuit-company/MlX8qHjlQDiMQL6bmTyJMg,mt-juliet-tennessee
https://www.ubereats.com/nashville/food-delivery/kfc-4744-lebanon-rd/7dbIHE08RhOkmt6iTk4h-Q,mt-juliet-tennessee
https://www.ubereats.com/nashville/food-delivery/ruby-tuesday-1317-west-main-st/-sfT5aCzSDGnoT7sX_ZbDg,mt-juliet-tennessee
https://www.ubereats.com/nashville/food-delivery/steak-n-shake-5006-crossings-circle/Z8uKTEmoTqyqE5XopLoDIQ,mt-juliet-tennessee
https://www.ubereats.com/nashville/food-delivery/yummy-pho-bac/9YGwgWPkQOiL9RjhxG0FfA,mt-juliet-tennessee
https://www.ubereats.com/nashville/food-delivery/persis-indian-grill/8qRU-EWbRzShxRFdA37k7A,mt-juliet-tennessee
https://www.ubereats.com/nashville/food-delivery/firehouse-subs-280-indian-lake-blvd-ste-120/37kv89z6RMepIoAtQ-b3bg,mt-juliet-tennessee
https://www.ubereats.com/nashville/food-delivery/gyro-star/q_FTAdB4TFiXPosJYFs2ww,mt-juliet-tennessee
https://www.ubereats.com/nashville/food-delivery/the-goat-mt-juliet/T7s1tfOiTPOPOK6th9do2Q,mt-juliet-tennessee
https://www.ubereats.com/nashville/food-delivery/jersey-mikes-subs-5506-old-hickory-blvd/OvP5gSUXTtG8PMQfW25AsQ,mt-juliet-tennessee
https://www.ubereats.com/nashville/food-delivery/starbucks-mt-juliet-lebanon-rd/gKyjgwQnTnqc4ePTTG4-QA,mt-juliet-tennessee
https://www.ubereats.com/nashville/food-delivery/healthy-eats/OgliAuLmQsSsLAS1y_9paw,mt-juliet-tennessee
https://www.ubereats.com/nashville/food-delivery/beyond-the-fork/FO-2ykMxSd6lZjWvEB9-Iw,mt-juliet-tennessee
https://www.ubereats.com/nashville/food-delivery/blue-coast-burrito-hendersonville/wo19D4EVQNSjvstt-Dkxng,mt-juliet-tennessee
https://www.ubereats.com/nashville/food-delivery/la-loma-hendersonville/hwTJ8i4MQn2O4LmWBI9W9w,mt-juliet-tennessee
https://www.ubereats.com/nashville/food-delivery/breakfast-lovers/2CApazfmQsOvvX9Uv4bQrw,mt-juliet-tennessee
https://www.ubereats.com/nashville/food-delivery/mirko-pasta-donelson/lW4fXIMuQ_CzRAr1DEe8hQ,mt-juliet-tennessee
https://www.ubereats.com/nashville/food-delivery/mcdonalds-625-s-mount-juliet-road/Fr_HmU74QHSy-PnCmeEq4g,mt-juliet-tennessee
https://www.ubereats.com/nashville/food-delivery/cracker-barrel-old-country-store-3454-percy-priest-drive/DPI5hlMIQFiINGHEmLCOPQ,mt-juliet-tennessee
https://www.ubereats.com/nashville/food-delivery/zaxbys-4115-lebanon-pike/QVHFViGwS4u0KYSaDJuxXA,mt-juliet-tennessee
https://www.ubereats.com/nashville/food-delivery/calabria-brickoven-pizzeria/3d-E_RdKSyKJK4i_S1b4NA,mt-juliet-tennessee
https://www.ubereats.com/nashville/food-delivery/qdoba-5225-old-hickory-blvd/60dIUK_sTCWt9XBcQwDJBw,mt-juliet-tennessee
https://www.ubereats.com/nashville/food-delivery/red-robin-703-401-s-mt-juliet-rd-%23135/74iifsuAQl2fqDBz94wrNg,mt-juliet-tennessee
https://www.ubereats.com/nashville/food-delivery/panda-express-300-pleasant-grove-rd/xsTsM8RURqC_Uh8aLCw84g,mt-juliet-tennessee
https://www.ubereats.com/nashville/food-delivery/mcdonalds-hermitage-i-3470-lebanon/7R7rLpLsRheBQkDp6erCnA,mt-juliet-tennessee
https://www.ubereats.com/nashville/food-delivery/bellacinos-pizza-%26-grinders-hermitage/KVmdt9c0SgKW4GBRt0f6Dw,mt-juliet-tennessee
https://www.ubereats.com/nashville/food-delivery/moes-southwest-grill-621-s-mt-juliet-road/ocRjYAWvRc2Idr53N7F6gA,mt-juliet-tennessee
https://www.ubereats.com/nashville/food-delivery/ihop-520-pleasant-grove-rd/Kb1OjS53RzCYO23bbfe1ig,mt-juliet-tennessee
https://www.ubereats.com/nashville/food-delivery/hooters-hermitage/-3SPtHV0Th2WnQ4zNStyUg,mt-juliet-tennessee
https://www.ubereats.com/nashville/food-delivery/sonic-3655-n-mount-juliet-rd/csDaezOCTHGffqOSjFn29Q,mt-juliet-tennessee
https://www.ubereats.com/nashville/food-delivery/bar-b-cutie-donelson/r-FyxAUNRFeheIrQZpVdDA,mt-juliet-tennessee
https://www.ubereats.com/nashville/food-delivery/mcdonalds-11279-lebanon-rd/6sZCQnaRQ5em_1eOzXgk1A,mt-juliet-tennessee
https://www.ubereats.com/nashville/food-delivery/jets-pizza-5205-old-hickory-blvd/UpgI0rClSJC_PIHG9kBUBg,mt-juliet-tennessee
https://www.ubereats.com/nashville/food-delivery/hooties-burger-bar-4119-lebanon-pike/RfOZNJqjSgyBI0Jj_kGBig,mt-juliet-tennessee
https://www.ubereats.com/nashville/food-delivery/maggie-moos-and-great-american-cookies-hendersonville/RZKx7_p6QAmjUBrGabLrDA,mt-juliet-tennessee
https://www.ubereats.com/nashville/food-delivery/dunkin-14835-lebanon-rd/fcMF2QRMTTGjgXo72uUEvQ,mt-juliet-tennessee
https://www.ubereats.com/nashville/food-delivery/taco-bell-401-south-mount-juliet-rd-%23145/M4yq_dE2Sdy69VlwU5LuxA,mt-juliet-tennessee
https://www.ubereats.com/nashville/food-delivery/captain-ds-271-mt-juliet-road/0WZalredRf6A6GfB_qOYjg,mt-juliet-tennessee
https://www.ubereats.com/nashville/food-delivery/jonathans-grille-mt-juliet/V-yPguWkT_CvI07k3VHnnA,mt-juliet-tennessee
https://www.ubereats.com/nashville/food-delivery/dunkin-5205-old-hickory-blvd/TrquONdCTra14JkuCE5F-w,mt-juliet-tennessee
https://www.ubereats.com/nashville/food-delivery/papa-turneys-bbq/ct4IHNm5RRiSFWyva-iixA,mt-juliet-tennessee
https://www.ubereats.com/nashville/food-delivery/papa-johns-4134-n-mt-juliet-rd/k4qMKS0RQjG3R_t25tRiBA,mt-juliet-tennessee
https://www.ubereats.com/nashville/food-delivery/courtneys/w2SSyfz5T5uJm6BcHCWhUA,mt-juliet-tennessee
https://www.ubereats.com/nashville/food-delivery/zaxbys-719-south-mt-juliet-rd/lC2s0LWmT4e7N1mfvMZ_5g,mt-juliet-tennessee
https://www.ubereats.com/nashville/food-delivery/hardees-101-lineberry-blvd/So0rfQb3Qaq5QkG_WjyBYQ,mt-juliet-tennessee
https://www.ubereats.com/nashville/food-delivery/jack-in-the-box-5656-old-hickory-blvd/tNYtSXR3RgSWqPiCWgwEIg,mt-juliet-tennessee
https://www.ubereats.com/nashville/food-delivery/burger-king-11547-lebanon-road/wz-g5VB7QNGGmFg9L2M29A,mt-juliet-tennessee
https://www.ubereats.com/nashville/food-delivery/blue-coast-burrito-mt-juliet/bC0M5hozTpCASaHoOLNZVg,mt-juliet-tennessee
https://www.ubereats.com/nashville/food-delivery/firehouse-subs-hermitage-tn/lLmLcuGhTwWKVqI7ifYjuQ,mt-juliet-tennessee
https://www.ubereats.com/nashville/food-delivery/famous-daves-bbq-hickory-blvd/An3ob4WWS92T5OpJN5uwpQ,mt-juliet-tennessee
https://www.ubereats.com/nashville/food-delivery/tazza-cafe/3F39oFDoQYSz41rvVD2Jzw,mt-juliet-tennessee
https://www.ubereats.com/nashville/food-delivery/greek-cuisine-and-grill/-s7vBFASTkCKNUpGL2P_CQ,mt-juliet-tennessee
https://www.ubereats.com/nashville/food-delivery/steam-boys-hermitage/3_Ovz4_fS5CtPzy6wkIJGg,mt-juliet-tennessee
https://www.ubereats.com/nashville/food-delivery/koftaky-grill/VI18NyCPRaC05Gk50SfhSg,mt-juliet-tennessee
https://www.ubereats.com/nashville/food-delivery/cracker-barrel-old-country-store-100-herschel-drive/nq5d6IjHQqmGYutkHlXyjg,mt-juliet-tennessee
https://www.ubereats.com/nashville/food-delivery/pasta-amore/8dd3PHv4Q2Stz3u6oKu9Jw,mt-juliet-tennessee
https://www.ubereats.com/nashville/food-delivery/jonathans-grille/1VoGlm_2SRGbixfxKgF3Kw,mt-juliet-tennessee
https://www.ubereats.com/nashville/food-delivery/taco-bell-5765-old-hickory-boulevard/c_n0KyDHT96iryDwnyw9QQ,mt-juliet-tennessee
https://www.ubereats.com/nashville/food-delivery/wendys-401-s-mt-juliet-road/GNPQ2uBGQ9-UqaGNIxqIaQ,mt-juliet-tennessee
https://www.ubereats.com/nashville/food-delivery/salsaritas-401-s-mt-juliet-rd/p0jFfGuuQZ2ZzPB3DujXJQ,mt-juliet-tennessee
https://www.ubereats.com/nashville/food-delivery/jersey-mikes-subs-2231-n-mount-juliet-rd/1buuPC9oSWWMbs32KbddeA,mt-juliet-tennessee
https://www.ubereats.com/nashville/food-delivery/carrabbas-202-anderson-lane-n/lKGLwuRQTE-5CXPm6cwEnA,mt-juliet-tennessee
https://www.ubereats.com/nashville/food-delivery/mcdonalds-126-n-mount-juliet-rd/0YV1Mj6HT2aCycqUvXL8Qw,mt-juliet-tennessee
https://www.ubereats.com/nashville/food-delivery/burger-republic-mt-juliet/v1LNM9C1Q0iqUsYorVuq-w,mt-juliet-tennessee
https://www.ubereats.com/nashville/food-delivery/hoagies-and-sides/JLChim4MRw6WOGPH_SHGXg,mt-juliet-tennessee
https://www.ubereats.com/nashville/food-delivery/subway-637-s-mount-juliet-rd/gjcLgIoOR0ybVaouPUsj9g,mt-juliet-tennessee
https://www.ubereats.com/nashville/food-delivery/moby-dickys/AyGYhwdyRf69PYgltj6L3w,mt-juliet-tennessee
https://www.ubereats.com/nashville/food-delivery/golden-corral-315-old-lebanon-dirt-rd/hpydQHpQTReTOemUwbspjg,mt-juliet-tennessee
https://www.ubereats.com/nashville/food-delivery/jersey-mikes-subs-1315-west-main-st/wdmShekqTlSk8AC5n6oJjg,mt-juliet-tennessee
https://www.ubereats.com/nashville/food-delivery/slim-chickens-4161-n-mt-juliet-rd/HHsnfP5RR9mE0HWDDEnPsA,mt-juliet-tennessee
https://www.ubereats.com/nashville/food-delivery/sonic-713-south-mt-juliet-road/gl73FBXHRaqGinrd1ArY_g,mt-juliet-tennessee
https://www.ubereats.com/nashville/food-delivery/buffalo-wild-wings-310-indian-lake-blvd/BSk6K5voTSGz3U4c9f3nIg,mt-juliet-tennessee
https://www.ubereats.com/nashville/food-delivery/fulins-asian-cuisine-mt-juliet/CAe3AZ1NT1qdOOi1jhAUjA,mt-juliet-tennessee
https://www.ubereats.com/nashville/food-delivery/buon-appetito/hxuK8EP0SYGg4yYGiP2cXg,mt-juliet-tennessee
https://www.ubereats.com/nashville/food-delivery/marcos-pizza-2231-n-mount-juliet-blvd/bNOaAtekSqewhFuJMYogvg,mt-juliet-tennessee
https://www.ubereats.com/nashville/food-delivery/red-robin-708-302-indian-lake-blvd/KclyFncHTmWrjo1Fij2yrA,mt-juliet-tennessee
https://www.ubereats.com/nashville/food-delivery/kfc-322-w-main-st/SRWa_hBvT1yvd7XoGawvAA,mt-juliet-tennessee
https://www.ubereats.com/nashville/food-delivery/chikuyo-tei/sbrnL_HkQlWW24VMJOs_QA,mt-juliet-tennessee
https://www.ubereats.com/nashville/food-delivery/sindoore/fVZBmW1mRiSCCJPQbIr3yg,mt-juliet-tennessee
https://www.ubereats.com/nashville/food-delivery/bashs-hot-chicken/bLSZ1peHRo6JS3tPAbmcYA,mt-juliet-tennessee
https://www.ubereats.com/nashville/food-delivery/arbys-435-w-main-st/QhcOT2GaSjK1pPFFGNBwZA,mt-juliet-tennessee
https://www.ubereats.com/nashville/food-delivery/starbucks-andrew-jackson-pkwy-%40-lebanon-pike/y80rCwy_QM6RhKoHLDFA8w,mt-juliet-tennessee
https://www.ubereats.com/nashville/food-delivery/teriyaki-madness-1006-glenbrook-way/iJgoOxagTQW8k03N_m2tIQ,mt-juliet-tennessee
https://www.ubereats.com/nashville/food-delivery/jaycees/5e2FY-CyQNKJ_M9TuEnlsA,mt-juliet-tennessee
https://www.ubereats.com/nashville/food-delivery/arbys-3400-lebanon-pike/H4NVcXHaTHGtD77rJUEz6Q,mt-juliet-tennessee
https://www.ubereats.com/nashville/food-delivery/pdk-southern-kitchen-%26-pantry-mt-juliet/hQEp1sIgTq67oX4xv-cg3A,mt-juliet-tennessee
https://www.ubereats.com/nashville/food-delivery/burger-king-5231-old-hickory-blvd/1q-yLPCOQz2NRWzYF6e0wA,mt-juliet-tennessee
https://www.ubereats.com/nashville/food-delivery/pizza-hut-5028-old-hickory/ClUFNt0XRRmsxNn5LX5kTA,mt-juliet-tennessee
https://www.ubereats.com/nashville/food-delivery/buffalo-wild-wings-5215-old-hickory-blvd/q6S8HbK_QeGPQ8c965f7Qg,mt-juliet-tennessee
https://www.ubereats.com/nashville/food-delivery/cicis-pizza-lebanon-pike/1YZSCo7QRF2j8Zj7VgS1Lw,mt-juliet-tennessee
https://www.ubereats.com/nashville/food-delivery/red-rooster-cafe/-b77dgttQZyCvVaB_edRaQ,mt-juliet-tennessee
https://www.ubereats.com/nashville/food-delivery/fulins-asian-cuisine/peRNAtpARmu0hnPJO5kYIg,mt-juliet-tennessee
https://www.ubereats.com/nashville/food-delivery/red-lobster-401-s-mt-juliet-road/nv1DHrg1TP2b7JwV1CCzww,mt-juliet-tennessee
https://www.ubereats.com/nashville/food-delivery/panera-401-south-mount-juliet-road/6kS7nudCT028KFmyRxX0fA,mt-juliet-tennessee
https://www.ubereats.com/nashville/food-delivery/krystal-1423-west-main-street/3aL7pv11SbiINcHXoueszA,mt-juliet-tennessee
https://www.ubereats.com/nashville/food-delivery/papa-johns-4442-lebanon-pike/vW8xVoZZQV6jGWmSI99Mpw,mt-juliet-tennessee
