url,city
https://www.ubereats.com/new-jersey/food-delivery/cocina-azteca/Xtk_5BR3QGmuGBFPLmsgPw,mt-laurel-township-new-jersey
https://www.ubereats.com/new-jersey/food-delivery/taco-bell-601-high-street/nAxXyAQKTYykaAe0846ZHQ,mt-laurel-township-new-jersey
https://www.ubereats.com/new-jersey/food-delivery/arbys-100-black-horse-pike/eGMRCfeYR4y1nJj8Ejgehg,mt-laurel-township-new-jersey
https://www.ubereats.com/new-jersey/food-delivery/peachwave-of-mount-laurel/FD0ZnwTZQt2EO2UFvYBSLA,mt-laurel-township-new-jersey
https://www.ubereats.com/new-jersey/food-delivery/little-caesars-400-john-f-kennedy-way/MudOQsRlSq-4p1bCJhNPcQ,mt-laurel-township-new-jersey
https://www.ubereats.com/new-jersey/food-delivery/mcdonalds-4057-route-130/ODc2h4v_SDuIilFwEIQsRA,mt-laurel-township-new-jersey
https://www.ubereats.com/new-jersey/food-delivery/kfc-1516-route-38/WJUB6xLZSOCdUXLRMKEB_w,mt-laurel-township-new-jersey
https://www.ubereats.com/new-jersey/food-delivery/saladworks-914-n-route-73/zphrWa6eQxKiN6hCxCiw7g,mt-laurel-township-new-jersey
https://www.ubereats.com/new-jersey/food-delivery/mi-ranchito-mexican-food-store/Ht44frU6R12EDJjfhGDiAQ,mt-laurel-township-new-jersey
https://www.ubereats.com/new-jersey/food-delivery/dunkin-317-rancocas-rd/VeC26FgIQ9SzPxJMs5tgAQ,mt-laurel-township-new-jersey
https://www.ubereats.com/new-jersey/food-delivery/uno-pizzeria-maple-shade-township/sBjKmcQ3Sa6-JMe0J2d1Fg,mt-laurel-township-new-jersey
https://www.ubereats.com/new-jersey/food-delivery/dunkin-900-route-73-s/7GRVt_yJSa6Q95T1hk8b7A,mt-laurel-township-new-jersey
https://www.ubereats.com/new-jersey/food-delivery/chick-fil-a-58-centerton-rd/MHmSW3jnRu2r0vN0aYkiTQ,mt-laurel-township-new-jersey
https://www.ubereats.com/new-jersey/food-delivery/charleys-philly-steaks-cherry-hill-mall/5pEi75glQrO9VaQGilatUA,mt-laurel-township-new-jersey
https://www.ubereats.com/new-jersey/food-delivery/taco-bell-4006-route-130/I7BlvvQcQNOPXI5ntvN_lw,mt-laurel-township-new-jersey
https://www.ubereats.com/new-jersey/food-delivery/starbucks-marlton/Hn0V6t2BS-yJzyEEaj6jpQ,mt-laurel-township-new-jersey
https://www.ubereats.com/new-jersey/food-delivery/ihop-2703-mount-holly-road-suite-4/PYfP9Q2DQJ29O4_eFyh6Fw,mt-laurel-township-new-jersey
https://www.ubereats.com/new-jersey/food-delivery/carlos-bakery-marlton/aLb-mbV8SwGPXZm57Rq0yA,mt-laurel-township-new-jersey
https://www.ubereats.com/new-jersey/food-delivery/dunkin-420-stokes-rd/ohv3nknnRrKy2vEYimyW-g,mt-laurel-township-new-jersey
https://www.ubereats.com/new-jersey/food-delivery/frutta-bowls/ENUVPziFQuui1Ui79kL_ZA,mt-laurel-township-new-jersey
https://www.ubereats.com/new-jersey/food-delivery/firebirds-wood-fired-grill-400-nj-route-38/FXFJNpL5SUSfVLJQC2RIrg,mt-laurel-township-new-jersey
https://www.ubereats.com/new-jersey/food-delivery/manhattan-bagel-cherry-hill/WmcVWyMYTlaXmWzUsS2NFA,mt-laurel-township-new-jersey
https://www.ubereats.com/new-jersey/food-delivery/the-captains-boil-4011-dearborn-circle/WkgzEwGGRSisKWeXR0MFxQ,mt-laurel-township-new-jersey
https://www.ubereats.com/new-jersey/food-delivery/bagelati/UY2zeE_rRKKC2EtH6ADUaA,mt-laurel-township-new-jersey
https://www.ubereats.com/new-jersey/food-delivery/the-bean-street-cafe/o4X0O9AqSsePWnPt-k8NyA,mt-laurel-township-new-jersey
https://www.ubereats.com/new-jersey/food-delivery/taste-of-szechuan/RmQ552iSS7qla3n8HwGm9g,mt-laurel-township-new-jersey
https://www.ubereats.com/new-jersey/food-delivery/starbucks-rt-38-%26-lenola-rd/daHtxST3TAWC2-7hJLT9WQ,mt-laurel-township-new-jersey
https://www.ubereats.com/new-jersey/food-delivery/harvest-seasonal-grill-%26-wine-bar-moorestown/979EUG7USAe1rJOkYTh_BQ,mt-laurel-township-new-jersey
https://www.ubereats.com/new-jersey/food-delivery/popeyes-128-route-70/h6mOMI1QRhqnqTN0ubRdhg,mt-laurel-township-new-jersey
https://www.ubereats.com/new-jersey/food-delivery/primohoagies-3111-state-hwy-no-38-w/DORqGcdBQ1-p26x2fNutIg,mt-laurel-township-new-jersey
https://www.ubereats.com/new-jersey/food-delivery/saladworks-1321b-fairview-blvd/sTJ6OHRHTayrl95CRIt6dg,mt-laurel-township-new-jersey
https://www.ubereats.com/new-jersey/food-delivery/jersey-mikes-1624-nixon-drive/9X1TFZGeRgGi2jKdP4zJ4g,mt-laurel-township-new-jersey
https://www.ubereats.com/new-jersey/food-delivery/applebees-1102-route-73/7chw4TjsTzi6yvZrnVZnSg,mt-laurel-township-new-jersey
https://www.ubereats.com/new-jersey/food-delivery/dunkin-101-route-70-e/xVELmTkKQom-JmYztztZVQ,mt-laurel-township-new-jersey
https://www.ubereats.com/new-jersey/food-delivery/nene-italian-market/FURCcHxcSxWugwAhOHGYPQ,mt-laurel-township-new-jersey
https://www.ubereats.com/new-jersey/food-delivery/dunkin-200-west-camden-ave/nOPZIt74RL-QZvWp4wEZQQ,mt-laurel-township-new-jersey
https://www.ubereats.com/new-jersey/food-delivery/chucks-big-time-bbq/hb-tzMXwQs-n3ZUCYW_HpA,mt-laurel-township-new-jersey
https://www.ubereats.com/new-jersey/food-delivery/zoes-kitchen-500-route-73-south-ste-b-7/4IyjaisKT_690YSV0H_C5Q,mt-laurel-township-new-jersey
https://www.ubereats.com/new-jersey/food-delivery/duck-donuts-101-south-route-73-suite-141/u0bwuSDiQDa8e6Qd2xV65g,mt-laurel-township-new-jersey
https://www.ubereats.com/new-jersey/food-delivery/papa-johns-516-high-street/8m98tfExR0W5V1CjRG7qMA,mt-laurel-township-new-jersey
https://www.ubereats.com/new-jersey/food-delivery/primohoagies-151-s-black-horse-pike/nIRXy5qjRNqPtBugTvlIjg,mt-laurel-township-new-jersey
https://www.ubereats.com/new-jersey/food-delivery/arbys-72-centerton-road/94m7PvZpSOaMbbL3gzBaPw,mt-laurel-township-new-jersey
https://www.ubereats.com/new-jersey/food-delivery/jersey-mikes-908-route-73-north/Wn-S_Dl5TsCbypno-FgYIQ,mt-laurel-township-new-jersey
https://www.ubereats.com/new-jersey/food-delivery/angelos-pizza/R0edlnbWQ9ex8FDliMe92Q,mt-laurel-township-new-jersey
https://www.ubereats.com/new-jersey/food-delivery/mod-pizza-marlton-square/VT9jlf8YQzqXSw3QyFc6WQ,mt-laurel-township-new-jersey
https://www.ubereats.com/new-jersey/food-delivery/pita-pocket/6fFv33btRZyuWpoXaoBu_A,mt-laurel-township-new-jersey
https://www.ubereats.com/new-jersey/food-delivery/marlton-diner/2UeW0RHySpG3g0M59f222A,mt-laurel-township-new-jersey
https://www.ubereats.com/new-jersey/food-delivery/five-guys-nj-1269-161-rt-73-south/d3eV2sBIRgiWxGJGH-Qecw,mt-laurel-township-new-jersey
https://www.ubereats.com/new-jersey/food-delivery/papa-johns-479-route-38-west/lidsGbo2SFyDOLhX9fetxQ,mt-laurel-township-new-jersey
https://www.ubereats.com/new-jersey/food-delivery/kfc-taco-bell-2821-route-73-south/JclI10pZSwOOSd3fwsN4-Q,mt-laurel-township-new-jersey
https://www.ubereats.com/new-jersey/food-delivery/healthy-garden-and-gourmet-pizza-moorestown/40ecCvfTRIazXo2QaAM04Q,mt-laurel-township-new-jersey
https://www.ubereats.com/new-jersey/food-delivery/marcellos-ristorante-%26-pizzeria/fAFyrrJqRKa26wWRRt-qHg,mt-laurel-township-new-jersey
https://www.ubereats.com/new-jersey/food-delivery/tao-yuan-bistro/izZ_V-emT1SQtP_MDtFGKA,mt-laurel-township-new-jersey
https://www.ubereats.com/new-jersey/food-delivery/boiling-house/rTefHyOQRaS29YvGzM7hjA,mt-laurel-township-new-jersey
https://www.ubereats.com/new-jersey/food-delivery/brio-500-route-73-south/Ja_cK9qmSjKtUL6PAX_tlQ,mt-laurel-township-new-jersey
https://www.ubereats.com/new-jersey/food-delivery/chipotle-mexican-grill-700-haddonfield-berlin-rd-ste-40c/HvYNCN19QMigtObLlnot-g,mt-laurel-township-new-jersey
https://www.ubereats.com/new-jersey/food-delivery/bertuccis-515-north-route-73/CQdnou4vRwmg4o7vGWw7cw,mt-laurel-township-new-jersey
https://www.ubereats.com/new-jersey/food-delivery/casa-nostra/8lmek-o1SA29LsDPyg4gaA,mt-laurel-township-new-jersey
https://www.ubereats.com/new-jersey/food-delivery/mirabella-ristorante-italiano/0O7J-FsKSEG3esSVlUqsNg,mt-laurel-township-new-jersey
https://www.ubereats.com/new-jersey/food-delivery/mcdonalds-1660-state-hwy-38/jhAee3HNQ2qrvFUhSMNljA,mt-laurel-township-new-jersey
https://www.ubereats.com/new-jersey/food-delivery/crystal-diner/LPzU5B-hQfWwaFnB2qH6Gw,mt-laurel-township-new-jersey
https://www.ubereats.com/new-jersey/food-delivery/go-stir-fry/ou9UHO-QRhKoXRir26mGHw,mt-laurel-township-new-jersey
https://www.ubereats.com/new-jersey/food-delivery/jzs-fishwing/aT3opLu_QoCE_2cAgch3wQ,mt-laurel-township-new-jersey
https://www.ubereats.com/new-jersey/food-delivery/tandoori-kabab/r3VZv2N5QUme2sUxMZL3QQ,mt-laurel-township-new-jersey
https://www.ubereats.com/new-jersey/food-delivery/robins-nest-bakery-%26-cafe/DuW8IhUmTAuoYGOLOon9kA,mt-laurel-township-new-jersey
https://www.ubereats.com/new-jersey/food-delivery/bagel-cafe-cinaminnson/joup2u9LTK-WGEQi5uVStg,mt-laurel-township-new-jersey
https://www.ubereats.com/new-jersey/food-delivery/mr-sushi/vrSVNglDThaOLv8fX0G60Q,mt-laurel-township-new-jersey
https://www.ubereats.com/new-jersey/food-delivery/wawa-8361-1911-taylor-lane/LaI4_tQHS_GVWRFi17w5Ww,mt-laurel-township-new-jersey
https://www.ubereats.com/new-jersey/food-delivery/qdoba-mexican-grill-1630-kings-hwy/VdOhHYv1RWi8VDWFxKLjdQ,mt-laurel-township-new-jersey
https://www.ubereats.com/new-jersey/food-delivery/jb-bakery/wy2NpDRHT9u1-OZfOo3W5w,mt-laurel-township-new-jersey
https://www.ubereats.com/new-jersey/food-delivery/thai-basil/3vqTOFJtRNKAidOCY5HtMw,mt-laurel-township-new-jersey
https://www.ubereats.com/new-jersey/food-delivery/dunkin-802-b-woodlane-rd/R5n-e4AkRzK7ZvUQXa_OLg,mt-laurel-township-new-jersey
https://www.ubereats.com/new-jersey/food-delivery/dunkin-587-east-kings-highway/tr6tgRCOSRu2RLtKDY3iBw,mt-laurel-township-new-jersey
https://www.ubereats.com/new-jersey/food-delivery/primohoagies-2806-us-130/UDxaGljBSNCYK9sme_edZg,mt-laurel-township-new-jersey
https://www.ubereats.com/new-jersey/food-delivery/auntie-annes-400-route-38-spc-1080/CGBtbdRLRPWYT9covt4B0w,mt-laurel-township-new-jersey
https://www.ubereats.com/new-jersey/food-delivery/voorhees-diner/c3U4CQxtQfK8lQnxAyoxJg,mt-laurel-township-new-jersey
https://www.ubereats.com/new-jersey/food-delivery/chipotle-mexican-grill-882-route-73-n-ste-a/GByu5N8BQIen7Qg88nQSmQ,mt-laurel-township-new-jersey
https://www.ubereats.com/new-jersey/food-delivery/indian-villa-curry-n-cakes/Js4H3btJQia_PkIeqka3oA,mt-laurel-township-new-jersey
https://www.ubereats.com/new-jersey/food-delivery/saladworks-116-walker-avenue-space-7f/ELEd4952SKm5mY2TSqgJ3A,mt-laurel-township-new-jersey
https://www.ubereats.com/new-jersey/food-delivery/foursason-chinese-restaurant/o0QCW7z_Rg2dVBrvxtAv4A,mt-laurel-township-new-jersey
https://www.ubereats.com/new-jersey/food-delivery/soulcialite-cafe/RjSSVq76RJStFQ5ULhRtQA,mt-laurel-township-new-jersey
https://www.ubereats.com/new-jersey/food-delivery/sol-sazon/WXWX5Ke-SbuopujVYXyMqg,mt-laurel-township-new-jersey
https://www.ubereats.com/new-jersey/food-delivery/tgi-fridays-632-marlton-evesham-nj/-n_5WG0UQRuAH0lnYuEYCg,mt-laurel-township-new-jersey
https://www.ubereats.com/new-jersey/food-delivery/fatburger-%26-buffalos-express-2000-new-jersey-38/dzmhqVMOTwO6IS3Bk4o9zA,mt-laurel-township-new-jersey
https://www.ubereats.com/new-jersey/food-delivery/dunkin-1215-sr-73/lkCHURq4Q16xLKODwlimXg,mt-laurel-township-new-jersey
https://www.ubereats.com/new-jersey/food-delivery/mcdonalds-760-w-route-70/Ko1gduvmR-CRZqG3bGwfKw,mt-laurel-township-new-jersey
https://www.ubereats.com/new-jersey/food-delivery/taco-bell-2035-rt-130-north/MIzGPNFyQXyf9jK45IAtgg,mt-laurel-township-new-jersey
https://www.ubereats.com/new-jersey/food-delivery/wing-squad-mount-laurel/WUUyoKFYSji59ij48Vnbdw,mt-laurel-township-new-jersey
https://www.ubereats.com/new-jersey/food-delivery/dolsot-house-korean-restaurant/BYSoRv25QFycR6ZdBqN2-w,mt-laurel-township-new-jersey
https://www.ubereats.com/new-jersey/food-delivery/pecado-colombiano/WYHQApLLQsmQ5sGTQdiucg,mt-laurel-township-new-jersey
https://www.ubereats.com/new-jersey/food-delivery/chipotle-mexican-grill-1600-nixon-dr/GKtZUIU7RzigbocCVFrA7w,mt-laurel-township-new-jersey
https://www.ubereats.com/new-jersey/food-delivery/angelos-pizza-union-mill/gX94DNtYQzGHMQrpWtVLpA,mt-laurel-township-new-jersey
https://www.ubereats.com/new-jersey/food-delivery/dunkin-3101-marne-hwy/EoVt9c0HRRGICjPARpje7A,mt-laurel-township-new-jersey
https://www.ubereats.com/new-jersey/food-delivery/cracker-barrel-old-country-store-1240-route-73/n3hjbhGCSJSYz0x6e4FiBQ,mt-laurel-township-new-jersey
https://www.ubereats.com/new-jersey/food-delivery/dunkin-100-church-rd/QUzw8Ja5Sxqu9JcOIk_kLQ,mt-laurel-township-new-jersey
https://www.ubereats.com/new-jersey/food-delivery/firehouse-subs-1203-nixon-drive/8F7EAMmlRDOYCXkdZin-ew,mt-laurel-township-new-jersey
https://www.ubereats.com/new-jersey/food-delivery/wawa-957-1522-route-38/1XfMUAPjSmyrpPEkfsUYtQ,mt-laurel-township-new-jersey
https://www.ubereats.com/new-jersey/food-delivery/ten-asian-food-hall-cherry-hill-nj/cvl-KFlZQDCQEXJxx0-3JA,mt-laurel-township-new-jersey
https://www.ubereats.com/new-jersey/food-delivery/honeygrow-1586-kings-highway-n/gRM18vSbT5e_LHJvcxEfGg,mt-laurel-township-new-jersey
https://www.ubereats.com/new-jersey/food-delivery/chickies-%26-petes-marlton/SP9UTLvoTmuUZlGwsm3TkQ,mt-laurel-township-new-jersey
https://www.ubereats.com/new-jersey/food-delivery/bob-evans-271-601-fellowship-road/-_Wj6QoDTlCKuS1PLeBt6g,mt-laurel-township-new-jersey
https://www.ubereats.com/new-jersey/food-delivery/mcdonalds-1-w-camden-ave/r5HbFEPzQrKT9cgRbfOdnA,mt-laurel-township-new-jersey
https://www.ubereats.com/new-jersey/food-delivery/dads-deli-%26-catering/3DrFxvN7SN6kosHb7CB56A,mt-laurel-township-new-jersey
https://www.ubereats.com/new-jersey/food-delivery/crust-n-fire/pQ5Clb1DTf-DZau79Ty6KA,mt-laurel-township-new-jersey
https://www.ubereats.com/new-jersey/food-delivery/tejas-grill/Aq8C86eEQ3u8e2kDsxxvIg,mt-laurel-township-new-jersey
https://www.ubereats.com/new-jersey/food-delivery/wendys-1140-route-73/dfn8-JawSTGC_T6FmR65Vw,mt-laurel-township-new-jersey
https://www.ubereats.com/new-jersey/food-delivery/alfredo-s-brazilian-steakhouse/JIisGfwMQhyxkDfRIYeeGw,mt-laurel-township-new-jersey
https://www.ubereats.com/new-jersey/food-delivery/moes-southwest-grill-1055-nixon-drive/7sZrVlIiRJmR60sig-76Dg,mt-laurel-township-new-jersey
https://www.ubereats.com/new-jersey/food-delivery/sonic-1498-route-38-east/xEbJr0zPSUSZrx1kZI66xQ,mt-laurel-township-new-jersey
https://www.ubereats.com/new-jersey/food-delivery/mcdonalds-605-beverly-rancocas-rd/86JJdvXzRk6XeoeVzNEnMA,mt-laurel-township-new-jersey
https://www.ubereats.com/new-jersey/food-delivery/honeygrow-323-west-route-70/1L0mDDe7S1-Gqqm47ymk6A,mt-laurel-township-new-jersey
https://www.ubereats.com/new-jersey/food-delivery/pizza-hut-798-woodlane-rd-unit-%2315/VS8n9oM0RbeEGVKd2dFG6w,mt-laurel-township-new-jersey
https://www.ubereats.com/new-jersey/food-delivery/bertuccis-mount-laurel/nlDkKIzxSKqQwVGkZun9wA,mt-laurel-township-new-jersey
https://www.ubereats.com/new-jersey/food-delivery/pancheros-mexican-grill-221-greentree-rd/gHHgkuA3TrqZDS_lD7KDFw,mt-laurel-township-new-jersey
https://www.ubereats.com/new-jersey/food-delivery/eden-korean-restaurant/P-82ZdsOTPK8sEXZgCNEFw,mt-laurel-township-new-jersey
https://www.ubereats.com/new-jersey/food-delivery/sushi-king/_hZXRcWSTveYS-FHkFcd8g,mt-laurel-township-new-jersey
https://www.ubereats.com/new-jersey/food-delivery/flying-crust-pizza-%26-wings/rGsOiORaQFS6xLb80ufKfA,mt-laurel-township-new-jersey
https://www.ubereats.com/new-jersey/food-delivery/dunkin-901-old-marlton-pike-west/J_aGJmyeQXOJND67gSY2LA,mt-laurel-township-new-jersey
https://www.ubereats.com/new-jersey/food-delivery/arbys-299-route-73-n/1X0rfCsMTDWxPSvyV-WOIA,mt-laurel-township-new-jersey
https://www.ubereats.com/new-jersey/food-delivery/arbys-220-n-maple-ave/Y4nRhzOKTSOXxUOJbg33Og,mt-laurel-township-new-jersey
https://www.ubereats.com/new-jersey/food-delivery/hash-house-a-go-go-moorestown/fAQWSnnsT-2DFGTduTBosg,mt-laurel-township-new-jersey
https://www.ubereats.com/new-jersey/food-delivery/pancheros-mexican-grill-4325-dearborn-circle/PtkA8G_wS_eubmZs15CBUw,mt-laurel-township-new-jersey
https://www.ubereats.com/new-jersey/food-delivery/wayback-burger-152-state-route-73/MJTJ8962TU-zL9LZrKVOAQ,mt-laurel-township-new-jersey
https://www.ubereats.com/new-jersey/food-delivery/cucina-di-pirone/UL-QgtHHT4yjFqNlv3_1lw,mt-laurel-township-new-jersey
https://www.ubereats.com/new-jersey/food-delivery/suki-hana-inside-moorestown-mall-dining-court/N9EYHwruTR2xdg76jNix7g,mt-laurel-township-new-jersey
https://www.ubereats.com/new-jersey/food-delivery/dunkin-3370-route-38/5kWU5z66SdGBw7h1Bi65Vw,mt-laurel-township-new-jersey
https://www.ubereats.com/new-jersey/food-delivery/applebees-1102-route-73-south-%2377056/dY342oWcQSusr31AaqnmBw,mt-laurel-township-new-jersey
https://www.ubereats.com/new-jersey/food-delivery/burger-king-2802-us-130/gYK1mpJITqOcSRSly22Jow,mt-laurel-township-new-jersey
https://www.ubereats.com/new-jersey/food-delivery/on-the-border-mt-laurel/IKjntLWgSaKeuRfFdRftnQ,mt-laurel-township-new-jersey
https://www.ubereats.com/new-jersey/food-delivery/bobby-chez-cherry-hill/HPqmT2M4SomxNJ2HaaQJRw,mt-laurel-township-new-jersey
https://www.ubereats.com/new-jersey/food-delivery/taco-bell-198-n-route-73/PeE02fFeS6yfQPX_LKwLfw,mt-laurel-township-new-jersey
https://www.ubereats.com/new-jersey/food-delivery/dunkin-461-route-38-west/e5VpfYGQTPKU4Y5eUII9Vg,mt-laurel-township-new-jersey
https://www.ubereats.com/new-jersey/food-delivery/prospectors-steakhouse-%26-saloon/Fay6ge2TQOe-rY1g4my3tQ,mt-laurel-township-new-jersey
https://www.ubereats.com/new-jersey/food-delivery/dunkin-2891-route-73-s/kAcdP0YKTlGRV0xFACKLrw,mt-laurel-township-new-jersey
https://www.ubereats.com/new-jersey/food-delivery/primohoagies-604-haddon-avenue/ipEyavduRlqbHAv3tbAJqQ,mt-laurel-township-new-jersey
https://www.ubereats.com/new-jersey/food-delivery/kfc-rt-130-%26-high-st/prpPQDphQSKltLvHY0mgcw,mt-laurel-township-new-jersey
https://www.ubereats.com/new-jersey/food-delivery/hen-vietnamese-eatery/3MUx1JTwSa-aMoUJ82K5eQ,mt-laurel-township-new-jersey
https://www.ubereats.com/new-jersey/food-delivery/monsoon-fine-indian-cuisine/onKSHvhzQ6aGNgAqGm-pVA,mt-laurel-township-new-jersey
https://www.ubereats.com/new-jersey/food-delivery/papa-johns-600-john-f-kennedy-way/HWilZETYRGqrVEROZyHkpQ,mt-laurel-township-new-jersey
https://www.ubereats.com/new-jersey/food-delivery/iron-hill-brewery-%26-restaurant-maple-shade/RK8hgLa1ThqhLlWxGbtICg,mt-laurel-township-new-jersey
https://www.ubereats.com/new-jersey/food-delivery/mommos-pizza/Phibe7kVSKy2zLIQfok-oQ,mt-laurel-township-new-jersey
https://www.ubereats.com/new-jersey/food-delivery/vincents-brick-oven-pizzeria/eaCe9UhTRE-qbqthl34fiw,mt-laurel-township-new-jersey
https://www.ubereats.com/new-jersey/food-delivery/ruby-tuesday-4011-dearborn-circle/52gHrFlGSUuFH_13Ir7acQ,mt-laurel-township-new-jersey
https://www.ubereats.com/new-jersey/food-delivery/no-1-china-chinese-restaurant/lyyaljKAR_eeftO_kD_k8A,mt-laurel-township-new-jersey
https://www.ubereats.com/new-jersey/food-delivery/dadz-bar-and-grill/ORf9SLzJS-6ZojCZVi_0bA,mt-laurel-township-new-jersey
https://www.ubereats.com/new-jersey/food-delivery/red-lobster-3003-rt-130-s/V2uQCF7HRvyI_YJeoVYXIg,mt-laurel-township-new-jersey
https://www.ubereats.com/new-jersey/food-delivery/buffalo-wild-wings-1598-nixon-dr/TPN3FhvVQG6r8tZDkIhHrg,mt-laurel-township-new-jersey
https://www.ubereats.com/new-jersey/food-delivery/select-pizza-%7C-grill-cherry-hill/7O6KEib_SiWfbXyzrnhRTQ,mt-laurel-township-new-jersey
https://www.ubereats.com/new-jersey/food-delivery/carrabbas-500-route-nj-38-e/ml5ZvhsQSASN2QAxLB1Tpg,mt-laurel-township-new-jersey
https://www.ubereats.com/new-jersey/food-delivery/wing-squad-marlton/4MV_weVCQiOaYKiU9gZOpA,mt-laurel-township-new-jersey
https://www.ubereats.com/new-jersey/food-delivery/krispy-krunchy-chicken-2601-route-130-south/hmfNsbR2S4CSrEM-zxvSNw,mt-laurel-township-new-jersey
https://www.ubereats.com/new-jersey/food-delivery/dunkin-807-route-73/nUiMFfR8RkWSsFQGR1emiQ,mt-laurel-township-new-jersey
https://www.ubereats.com/new-jersey/food-delivery/wendys-1240-nixon-drive/5XeyFZZQSmKzT0OO4EOgsA,mt-laurel-township-new-jersey
https://www.ubereats.com/new-jersey/food-delivery/burger-king-173-rt-70/h94youWTQC2aVXF_jCIJ2g,mt-laurel-township-new-jersey
https://www.ubereats.com/new-jersey/food-delivery/dunkin-1031-route-73-n/JDIFKRFWRTakWFybB9eiYQ,mt-laurel-township-new-jersey
https://www.ubereats.com/new-jersey/food-delivery/gaetanos-steaks-%26-subs/6g_2EY69Q9WphTuQc6UnuQ,mt-laurel-township-new-jersey
https://www.ubereats.com/new-jersey/food-delivery/papa-johns-617-stokes-road-suite-5/ReMwm72cRSSdKHFjIn4V7A,mt-laurel-township-new-jersey
https://www.ubereats.com/new-jersey/food-delivery/crab-du-jour/LJHcnXb_Tp-tSj2nD81s5w,mt-laurel-township-new-jersey
https://www.ubereats.com/new-jersey/food-delivery/saladworks-hainesport/p9EB4JB2Qg68fXWcXvk7eg,mt-laurel-township-new-jersey
https://www.ubereats.com/new-jersey/food-delivery/the-ice-cream-shop/tByE48tcS0qpwUllQqpfxA,mt-laurel-township-new-jersey
https://www.ubereats.com/new-jersey/food-delivery/saladworks-mt-laurel/b0M40HrrQamOiCG8p3Q5_Q,mt-laurel-township-new-jersey
https://www.ubereats.com/new-jersey/food-delivery/amys-omelette-house-burlington/qimKl5JpSamGUpnmQCmq0Q,mt-laurel-township-new-jersey
https://www.ubereats.com/new-jersey/food-delivery/saladworks-404-e-route-70/5MCNfdQRSRebX4BZoFHZjg,mt-laurel-township-new-jersey
https://www.ubereats.com/new-jersey/food-delivery/burger-king-3109-route-38/MWPm2AAwRb2dnUxAvAkMYg,mt-laurel-township-new-jersey
https://www.ubereats.com/new-jersey/food-delivery/mcdonalds-3049-route-38/Q9OI4iMKQfimCwt6XtqaXw,mt-laurel-township-new-jersey
https://www.ubereats.com/new-jersey/food-delivery/wendys-74-centerton-road/haX9Qw4AQJiBy1KBE26ogQ,mt-laurel-township-new-jersey
https://www.ubereats.com/new-jersey/food-delivery/crawfish-and-pho/pcnUB2DCRYahR1YV20gogw,mt-laurel-township-new-jersey
https://www.ubereats.com/new-jersey/food-delivery/singapore-restaurant-and-sushi-bar/blZgH2_6TrKmIIfS-msn6Q,mt-laurel-township-new-jersey
https://www.ubereats.com/new-jersey/food-delivery/saladworks-241-s-route-73/kz4SlcH3Rfa_eNOZCbiepA,mt-laurel-township-new-jersey
https://www.ubereats.com/new-jersey/food-delivery/b-good-500-route-73-s/p7PEr6aPQz6oHLmbW0eZyQ,mt-laurel-township-new-jersey
https://www.ubereats.com/new-jersey/food-delivery/turning-point-of-moorestown/k8JXL6dQT5uyev_QbDIi8Q,mt-laurel-township-new-jersey
https://www.ubereats.com/new-jersey/food-delivery/wawa-8321-3605-rt-38/6Tisgjb8Q-Kux0Rb9M3u9g,mt-laurel-township-new-jersey
https://www.ubereats.com/new-jersey/food-delivery/dunkin-2060-springdale-rd/-1n1P_SsRMKmRxRUB9DDRA,mt-laurel-township-new-jersey
https://www.ubereats.com/new-jersey/food-delivery/arbys-4208-us-route-130/Q1i5JwswREaPEY7zUdK4ZQ,mt-laurel-township-new-jersey
https://www.ubereats.com/new-jersey/food-delivery/yi-pin-cuisine/cO_kOqm4RXWtxgx8BLB1fQ,mt-laurel-township-new-jersey
https://www.ubereats.com/new-jersey/food-delivery/cicontes-italia-pizzeria/th_c1yJ5QTivAe-k_V6c2A,mt-laurel-township-new-jersey
https://www.ubereats.com/new-jersey/food-delivery/dooneys-pub-%26-restaurant/PcJapTGoQtmX21Wjbh9jOw,mt-laurel-township-new-jersey
https://www.ubereats.com/new-jersey/food-delivery/popeyes-2788-route-73-n/dkGs260QTP-du5mAiHuBmw,mt-laurel-township-new-jersey
https://www.ubereats.com/new-jersey/food-delivery/friendlys-route-70-west/gwTvQFE0TPOefyUjobXF-Q,mt-laurel-township-new-jersey
https://www.ubereats.com/new-jersey/food-delivery/saladworks-175-route-130/S5czJWdITMSuQqv7CVCgUg,mt-laurel-township-new-jersey
https://www.ubereats.com/new-jersey/food-delivery/dunkin-3601-route-38/OAvT7A_5QtSOPM5ixnPRoA,mt-laurel-township-new-jersey
https://www.ubereats.com/new-jersey/food-delivery/carluccis-waterfront/Bkm_-iAhTzChz0oUIrpekQ,mt-laurel-township-new-jersey
https://www.ubereats.com/new-jersey/food-delivery/frutta-bowls/aDRPqE9MQMWINQFw69-bWQ,mt-laurel-township-new-jersey
https://www.ubereats.com/new-jersey/food-delivery/blue-fig-cafe/tC9_RpxHSu29_OIgNrtgYw,mt-laurel-township-new-jersey
https://www.ubereats.com/new-jersey/food-delivery/wawa-960-1115-rt-73/Nf2igX3MS0Gb9ezDHKKt6w,mt-laurel-township-new-jersey
https://www.ubereats.com/new-jersey/food-delivery/graces-bistro/Pi7c9mbLRfmOv_pPlOD4IQ,mt-laurel-township-new-jersey
https://www.ubereats.com/new-jersey/food-delivery/chipotle-mexican-grill-115-route-130-s/_KwIsUqVSjGnmGbanZTItQ,mt-laurel-township-new-jersey
https://www.ubereats.com/new-jersey/food-delivery/smashburger-490-s-lenola-rd/phbNbYs0RJOn75FALaDkCg,mt-laurel-township-new-jersey
https://www.ubereats.com/new-jersey/food-delivery/ammas-south-indian-cuisine/xvQZiYB2RBqJhJiKfijoog,mt-laurel-township-new-jersey
https://www.ubereats.com/new-jersey/food-delivery/turning-point-of-marlton/FXq5kC3jRQK5MIGHFH-hqA,mt-laurel-township-new-jersey
https://www.ubereats.com/new-jersey/food-delivery/taco-bell-512-haddonfield-road/7vBh-Eh9QievSI4T94mgVg,mt-laurel-township-new-jersey
https://www.ubereats.com/new-jersey/food-delivery/auntie-annes-150-route-70-east/2XFYwiYaQ3aubLDTHa8TqA,mt-laurel-township-new-jersey
https://www.ubereats.com/new-jersey/food-delivery/black-olive/DshcqGaGRgKdCD6-lGn4-g,mt-laurel-township-new-jersey
https://www.ubereats.com/new-jersey/food-delivery/9106-bonefish-grill-500-route-73-north/HCKoYrRCQiS4mvleUsKLZQ,mt-laurel-township-new-jersey
https://www.ubereats.com/new-jersey/food-delivery/diamond-diner-restaurant/ya3qaLsxRAmI0wFle8IU3g,mt-laurel-township-new-jersey
https://www.ubereats.com/new-jersey/food-delivery/pho-asia/DSuPwxItRqG2_1wwwOmv8A,mt-laurel-township-new-jersey
https://www.ubereats.com/new-jersey/food-delivery/crab-du-jour-7801-maple-ave/Zn8Cbfw3TVSksqmuT5_-Nw,mt-laurel-township-new-jersey
https://www.ubereats.com/new-jersey/food-delivery/subway-150-e-route-70/OKh3jph1QAydYyR8SfHJeQ,mt-laurel-township-new-jersey
https://www.ubereats.com/new-jersey/food-delivery/dunkin-1860-marlton-pike-e/aeIkqP8vRS6LDHt809CsAA,mt-laurel-township-new-jersey
https://www.ubereats.com/new-jersey/food-delivery/pancheros-mexican-grill-115-n-route-73/op657EpjQfKgDgxBKNylAA,mt-laurel-township-new-jersey
https://www.ubereats.com/new-jersey/food-delivery/babagrill/vKJrAnAxQZiLvjdUjWrH_w,mt-laurel-township-new-jersey
https://www.ubereats.com/new-jersey/food-delivery/flemings-prime-steakhouse-%26-wine-bar-marlton/hDM0sDGsSZa5B9xa1r1zEw,mt-laurel-township-new-jersey
https://www.ubereats.com/new-jersey/food-delivery/kiwi-yogurt/v1x80CgbSV6gxggPVZEOrQ,mt-laurel-township-new-jersey
https://www.ubereats.com/new-jersey/food-delivery/boston-market-1201-nixon-drive/dXInMAOCSeyQadGbIldZ2g,mt-laurel-township-new-jersey
https://www.ubereats.com/new-jersey/food-delivery/cold-stone-creamery-4270-dearborn-circle/6LEv4jqAQZG3OHDKzfC17w,mt-laurel-township-new-jersey
https://www.ubereats.com/new-jersey/food-delivery/femmina-italian-grill/wH3zpFoMQo2hBV7pOEgcYQ,mt-laurel-township-new-jersey
https://www.ubereats.com/new-jersey/food-delivery/redhouse-bagels/wlNrruyUR1-Di_VFV0S2tQ,mt-laurel-township-new-jersey
https://www.ubereats.com/new-jersey/food-delivery/bgood-26-centerton-rd/27mYKrihTuKY07JyViKV5w,mt-laurel-township-new-jersey
https://www.ubereats.com/new-jersey/food-delivery/burger-king-2795-south-route-73/uLCncv-aRnGMLQyef_Yq7w,mt-laurel-township-new-jersey
https://www.ubereats.com/new-jersey/food-delivery/outback-steakhouse-901-route-73-south/X9H9hrXWQiCz5ZRUwPi3eQ,mt-laurel-township-new-jersey
https://www.ubereats.com/new-jersey/food-delivery/chipotle-mexican-grill-500-route-73-s/fgIhY954SA6OnH1ZrkUrfQ,mt-laurel-township-new-jersey
https://www.ubereats.com/new-jersey/food-delivery/cracker-barrel-old-country-store-110-hancock-lane/oHpHzB1BT9el0NZMvT6HJQ,mt-laurel-township-new-jersey
https://www.ubereats.com/new-jersey/food-delivery/fuwa-teriyaki-grill/_AzmDLAOQdOZ_BmUPoTs9g,mt-laurel-township-new-jersey
https://www.ubereats.com/new-jersey/food-delivery/randazzo-italian-cuisine/Wn4jBiS-SQ2hn1JX40qtgg,mt-laurel-township-new-jersey
https://www.ubereats.com/new-jersey/food-delivery/mcdonalds-1864-burlington-mount-holly-rd/phEd5XLCTTCg3GaLreL_ww,mt-laurel-township-new-jersey
https://www.ubereats.com/new-jersey/food-delivery/chipotle-mexican-grill-10-centerton-rd/Nzyy4jykQqy2AqJSbHur4Q,mt-laurel-township-new-jersey
https://www.ubereats.com/new-jersey/food-delivery/crab-du-jour-xpress-lumberton/gVN9KdyZRlWWoo958Mv_Yg,mt-laurel-township-new-jersey
https://www.ubereats.com/new-jersey/food-delivery/tuccis-mini-hoagies/WDeOpIHYTcSEHeva9-4b0A,mt-laurel-township-new-jersey
https://www.ubereats.com/new-jersey/food-delivery/ristorante-al-fresco/G94dRJHSSZiOe30fL7MqBw,mt-laurel-township-new-jersey
https://www.ubereats.com/new-jersey/food-delivery/outback-steakhouse-230-lake-drive-east/jfTRyQMoRwKDGDNMSfatIw,mt-laurel-township-new-jersey
https://www.ubereats.com/new-jersey/food-delivery/sonic-112-black-horse-pike/mRfC0uPeRHOEBmBsBpGSlw,mt-laurel-township-new-jersey
https://www.ubereats.com/new-jersey/food-delivery/gaetanos-the-original/aPFIN_u9S0-Gwq41zaWTAg,mt-laurel-township-new-jersey
https://www.ubereats.com/new-jersey/food-delivery/pizza-hut-930-w-route-70/deB2ctXQRXS_QkclElO4RA,mt-laurel-township-new-jersey
https://www.ubereats.com/new-jersey/food-delivery/select-pizza-%7C-grill-marlton/hsoK2Is7RuuXUxqcdCOg4A,mt-laurel-township-new-jersey
https://www.ubereats.com/new-jersey/food-delivery/tcby-230-n-maple-ave/YhyOcGBfTcyIMQJcMX4jWg,mt-laurel-township-new-jersey
https://www.ubereats.com/new-jersey/food-delivery/millers-ale-house-mt-laurel/8ZiTX6ZcQyS-OL0AwANhPA,mt-laurel-township-new-jersey
https://www.ubereats.com/new-jersey/food-delivery/volcano-steak-and-sushi-berlin-township/6Do7P0yLTbmV-S5FZ2xPYw,mt-laurel-township-new-jersey
https://www.ubereats.com/new-jersey/food-delivery/seafood-haven-llc/1fn_MuuRTL6TOj3vW_OIqw,mt-laurel-township-new-jersey
https://www.ubereats.com/new-jersey/food-delivery/the-ice-cream-shop/HRBPJwOTQ2WQpqJcqddn8Q,mt-laurel-township-new-jersey
https://www.ubereats.com/new-jersey/food-delivery/el-conuco-restaurant-and-lounge/WxCXyt3MRqO8zT2kxrQrig,mt-laurel-township-new-jersey
https://www.ubereats.com/new-jersey/food-delivery/olgas-diner/ptRKdYDnQVi4v9rZRZa5GA,mt-laurel-township-new-jersey
https://www.ubereats.com/new-jersey/food-delivery/zoes-kitchen-1205-nixon-drive/neLWlN_BQYyLLBDYQYi8yA,mt-laurel-township-new-jersey
https://www.ubereats.com/new-jersey/food-delivery/shake-shack-321-w-rte-70/9fU7mS7JRti_JJeYgNRr9A,mt-laurel-township-new-jersey
https://www.ubereats.com/new-jersey/food-delivery/sals-pizzeria/CQs6203oSZ66D8LUnZvS9A,mt-laurel-township-new-jersey
https://www.ubereats.com/new-jersey/food-delivery/wawa-915-257-route-70/QiXWaXP2TaOzy8f9jiztJg,mt-laurel-township-new-jersey
https://www.ubereats.com/new-jersey/food-delivery/munsalwa/G-1UvG1bQqee899sxNdzQg,mt-laurel-township-new-jersey
https://www.ubereats.com/new-jersey/food-delivery/jersey-diner/F1rt2miCRduPOepzePvJ7A,mt-laurel-township-new-jersey
https://www.ubereats.com/new-jersey/food-delivery/mcdonalds-1108-route-73/jlM77ThqTdiJX-aXFLFFUg,mt-laurel-township-new-jersey
https://www.ubereats.com/new-jersey/food-delivery/krispy-krunchy-chicken-300-charleston-rd/6QXdC7SpQtu28CkVqNkjbg,mt-laurel-township-new-jersey
https://www.ubereats.com/new-jersey/food-delivery/tgi-fridays-636-mt-laurel/lB9c8j2mRd6FIQoat3D_mg,mt-laurel-township-new-jersey
https://www.ubereats.com/new-jersey/food-delivery/papa-johns-1200-church-street-ste-111/sOnEZTaIT_CN5afJ7ZKh6g,mt-laurel-township-new-jersey
https://www.ubereats.com/new-jersey/food-delivery/mcdonalds-us-130-cooper-st/FdzE2ipzTQeXYCavGbX_XQ,mt-laurel-township-new-jersey
https://www.ubereats.com/new-jersey/food-delivery/lascalas-pronto/ICZ-0tt8QkazAaVuPKn8LQ,mt-laurel-township-new-jersey
https://www.ubereats.com/new-jersey/food-delivery/dunkin-1621-w-rt-38/cHl4wHPJSheTIr4Sy_d3lQ,mt-laurel-township-new-jersey
https://www.ubereats.com/new-jersey/food-delivery/on-the-grill/UaUAdroZQFCY1l4ou6Lyog,mt-laurel-township-new-jersey
https://www.ubereats.com/new-jersey/food-delivery/sushi-kingdom/-LXHuErVQb-fv-9G-kvcCg,mt-laurel-township-new-jersey
https://www.ubereats.com/new-jersey/food-delivery/dunkin-1-s-lakeview-dr/v8WWcUtfSa6ljkQ5SOJefA,mt-laurel-township-new-jersey
https://www.ubereats.com/new-jersey/food-delivery/anthonys-coal-fired-pizza-7000-midlantic-dr/GfCWdTd-SNyDZSPXH1cn9g,mt-laurel-township-new-jersey
https://www.ubereats.com/new-jersey/food-delivery/kfc-4218-route-130/FqmNLRERRmu61P0XlU5vvQ,mt-laurel-township-new-jersey
