url,city
https://www.ubereats.com/pittsburgh/food-delivery/anthonys-coal-fired-pizza-monroeville/pB2CYTYKSsi7hqRn4LeW7A,munhall-pennsylvania
https://www.ubereats.com/pittsburgh/food-delivery/eat-unique/h-VHTROiREqzb5POkfhrTw,munhall-pennsylvania
https://www.ubereats.com/pittsburgh/food-delivery/grandslam-pizza/m0g2n4OFSeeAwPD_wKKbDQ,munhall-pennsylvania
https://www.ubereats.com/pittsburgh/food-delivery/k%26ts-fish-and-chicken/fr384ulORVyJ3VFhrgQgug,munhall-pennsylvania
https://www.ubereats.com/pittsburgh/food-delivery/zen-noodle-house/5JjxcJEvQR-PiIqf0Xeq7g,munhall-pennsylvania
https://www.ubereats.com/pittsburgh/food-delivery/mediterranean-cuisine-catering-and-delivery/FFm8l3faQQSlb2rtD2YxGw,munhall-pennsylvania
https://www.ubereats.com/pittsburgh/food-delivery/macaron-bar-east-liberty/hMYwksnjRtCR2-AZ9TgElg,munhall-pennsylvania
https://www.ubereats.com/pittsburgh/food-delivery/arbys-1911-s-braddock-ave/zcdhJoqaStqS7wBA2nbRmQ,munhall-pennsylvania
https://www.ubereats.com/pittsburgh/food-delivery/chocolate-moose/AtVr6YgKRK6wCjTTPipQ0w,munhall-pennsylvania
https://www.ubereats.com/pittsburgh/food-delivery/dancing-crab-too/fPfM2MKJRs6NI57cCTByTg,munhall-pennsylvania
https://www.ubereats.com/pittsburgh/food-delivery/hanini-subs-brownsville-road/0_aB_cy5QemkdZWgBK6KFg,munhall-pennsylvania
https://www.ubereats.com/pittsburgh/food-delivery/pizza-412/S-aZaEw-QHmn2Xl3MBwnSw,munhall-pennsylvania
https://www.ubereats.com/pittsburgh/food-delivery/orient-express/zgxzgmTjSbmjSQxm2tRw_A,munhall-pennsylvania
https://www.ubereats.com/pittsburgh/food-delivery/moes-southwest-grill-1597-washington-pike/qkdpwfxpTlyztGRophLAuA,munhall-pennsylvania
https://www.ubereats.com/pittsburgh/food-delivery/sushi-fuku-craig-st/eaZPjUB8Ttqtg4o2LPPmpg,munhall-pennsylvania
https://www.ubereats.com/pittsburgh/food-delivery/buffalo-wild-wings-3469-william-penn-highway/S29e_t7lTlKr7pl-DlUK0w,munhall-pennsylvania
https://www.ubereats.com/pittsburgh/food-delivery/tgi-fridays-1818-pittsburgh-monroeville-pa/0E4bbB4URSWCRoKsszwEFA,munhall-pennsylvania
https://www.ubereats.com/pittsburgh/food-delivery/westwood-bar-and-grille/PiFTBDNeR_WJwzXOPbQ9vw,munhall-pennsylvania
https://www.ubereats.com/pittsburgh/food-delivery/maenam-thai/VeAfNpHjTR6-Q9JVDl372w,munhall-pennsylvania
https://www.ubereats.com/pittsburgh/food-delivery/micro-diner/KNjWKS2jTa-wWvm4cCr2rw,munhall-pennsylvania
https://www.ubereats.com/pittsburgh/food-delivery/penn-fish-and-chicken/njbiuObKQ0y-kQH11lddyg,munhall-pennsylvania
https://www.ubereats.com/pittsburgh/food-delivery/sawasdee-thai-kitchen/WtvW8MXvSGW_6qTD-2ccBA,munhall-pennsylvania
https://www.ubereats.com/pittsburgh/food-delivery/slice-on-broadway-carnegie/Oscgw9gATWmD6m7OqheiJw,munhall-pennsylvania
https://www.ubereats.com/pittsburgh/food-delivery/taco-bell-1603-s-braddock-ave/jCxQFrglS4CiM-zDfP5UuA,munhall-pennsylvania
https://www.ubereats.com/pittsburgh/food-delivery/houlihans-mt-lebanon/z7AvhfG9TqGaWdRfgUxTKA,munhall-pennsylvania
https://www.ubereats.com/pittsburgh/food-delivery/cafe-412/WFyy97iWSHmdou_k3xNhdg,munhall-pennsylvania
https://www.ubereats.com/pittsburgh/food-delivery/the-vault-taproom/ApDetlqaTr-qo4n8XsXlBA,munhall-pennsylvania
https://www.ubereats.com/pittsburgh/food-delivery/the-colombian-spot/bN4DObQpQpmuIiRddI4DBQ,munhall-pennsylvania
https://www.ubereats.com/pittsburgh/food-delivery/chipotle-mexican-grill-1027-freeport-rd/oR4NgGcgSpWGViTXdfLQWA,munhall-pennsylvania
https://www.ubereats.com/pittsburgh/food-delivery/szechuan-spice/6RJIvw9_RFGQYS9ZEbPpQw,munhall-pennsylvania
https://www.ubereats.com/pittsburgh/food-delivery/brgr-east-liberty/Ors8ceMkQiuhufVJqq1XuA,munhall-pennsylvania
https://www.ubereats.com/pittsburgh/food-delivery/einstein-bros-bagels-4910-baum-blvd/jzH4QXVTQwGwR0lOL5cGCw,munhall-pennsylvania
https://www.ubereats.com/pittsburgh/food-delivery/halal-pitt/KJgx_xvIQAGKWi-XP9YO1w,munhall-pennsylvania
https://www.ubereats.com/pittsburgh/food-delivery/hug-thai-restaurant/2ol0eDUyTSeH1r_V2pI1Lw,munhall-pennsylvania
https://www.ubereats.com/pittsburgh/food-delivery/atarashi-formerly-sushi-fuku/buHmpmxvSNKlPURfzq3OsQ,munhall-pennsylvania
https://www.ubereats.com/pittsburgh/food-delivery/le-thai-cafe/04V_Tf_gT_eX0KgDZHvl0A,munhall-pennsylvania
https://www.ubereats.com/pittsburgh/food-delivery/arbys-2040-lebanon-church-rd/Co3l_xeFQOeybtLtR_8KUg,munhall-pennsylvania
https://www.ubereats.com/pittsburgh/food-delivery/china-house/CymnyuRsTbWwX-o9pzRxdg,munhall-pennsylvania
https://www.ubereats.com/pittsburgh/food-delivery/hofbrauhaus-pittsburgh/dvh8u6eXTXKLD06XUsc4zw,munhall-pennsylvania
https://www.ubereats.com/pittsburgh/food-delivery/sushi-tomo/MtwuGJ6gSi2unSM9vXoOGg,munhall-pennsylvania
https://www.ubereats.com/pittsburgh/food-delivery/zen-asia-diner/WwDZZd1xRPS4BUPN4w-Bhg,munhall-pennsylvania
https://www.ubereats.com/pittsburgh/food-delivery/wendys-5422-baum-blvd/x9F4Ni7SSw-rrW1a9YZQ-A,munhall-pennsylvania
https://www.ubereats.com/pittsburgh/food-delivery/coffee-tree-roasters-fxc/rXGMEXBJTBiGwEooZu2vTA,munhall-pennsylvania
https://www.ubereats.com/pittsburgh/food-delivery/el-campesino-homestead/QPmfptgDS52PxUw4IASXCQ,munhall-pennsylvania
https://www.ubereats.com/pittsburgh/food-delivery/parkers-pgh/AtyjglPcS36Z8r_eqJYQdg,munhall-pennsylvania
https://www.ubereats.com/pittsburgh/food-delivery/caliente-pizza-and-draft-house-mt-lebanon/Xlw2FNuZTeGh4XfZMHsxAQ,munhall-pennsylvania
https://www.ubereats.com/pittsburgh/food-delivery/souper-bowl/GuVjo9rLTPCmLB5bSiOHHw,munhall-pennsylvania
https://www.ubereats.com/pittsburgh/food-delivery/taco-bell-301-hoffman-blvd/z8T_g0ePRdCb6ipsPF0a2w,munhall-pennsylvania
https://www.ubereats.com/pittsburgh/food-delivery/insomnia-marisqueria/9e77uH-yTgG3oT8xordqlA,munhall-pennsylvania
https://www.ubereats.com/pittsburgh/food-delivery/nickys-thai-kitchen-downtown/5P3PpFryQL-cKsvBL1wELg,munhall-pennsylvania
https://www.ubereats.com/pittsburgh/food-delivery/nepali-asian-restaurant/1mYRU8mqRxi8WhHBpxJwZA,munhall-pennsylvania
https://www.ubereats.com/pittsburgh/food-delivery/green-pepper/4i2qERdgSbC5sRelH3437g,munhall-pennsylvania
https://www.ubereats.com/pittsburgh/food-delivery/jets-pizza-dormont/e5B7499EQ4WKOFC9Wojl5w,munhall-pennsylvania
https://www.ubereats.com/pittsburgh/food-delivery/silk-elephant/D17LbyXuQjWUptVf1RfX5A,munhall-pennsylvania
https://www.ubereats.com/pittsburgh/food-delivery/panda-express-1028-freeport-rd/tWnjW2WySByacV7nDvq4FQ,munhall-pennsylvania
https://www.ubereats.com/pittsburgh/food-delivery/starbucks-2345-murray-avenue/-upJZiHfTLqQqc5kka0kGg,munhall-pennsylvania
https://www.ubereats.com/pittsburgh/food-delivery/qdoba-mexican-eats-carson-st/kLax2j62T-iFmiOW74VNiw,munhall-pennsylvania
https://www.ubereats.com/pittsburgh/food-delivery/sloppy-dogs/_3tetmVwRharwSaYKPp2zw,munhall-pennsylvania
https://www.ubereats.com/pittsburgh/food-delivery/fireside-inn/smWL1ai-S82YKBn0dQDpHg,munhall-pennsylvania
https://www.ubereats.com/pittsburgh/food-delivery/bella-monte-pizza/ZPwcijKqQRWwKufe6ZznuA,munhall-pennsylvania
https://www.ubereats.com/pittsburgh/food-delivery/beta-bites/LSLLtZhPQX-Pdmhqk2KUMQ,munhall-pennsylvania
https://www.ubereats.com/pittsburgh/food-delivery/mon-valley-kitchen/OOuoqizxQTqliDR8zK2Bfg,munhall-pennsylvania
https://www.ubereats.com/pittsburgh/food-delivery/ts-burgers/06Kj55dFTGGBz37UszmV-Q,munhall-pennsylvania
https://www.ubereats.com/pittsburgh/food-delivery/crabs-r-us/kj4WAz-bSY6PvHcvhLF9eA,munhall-pennsylvania
https://www.ubereats.com/pittsburgh/food-delivery/kfc-1100-brownsville-rd/Cm2f-27IQ4qwxaQYG79ShA,munhall-pennsylvania
https://www.ubereats.com/pittsburgh/food-delivery/wings-over-pittsburgh/Ezxq9vffQPaXv0iMCV_gCQ,munhall-pennsylvania
https://www.ubereats.com/pittsburgh/food-delivery/el-burro-dos/_urQklIlTJKy3nh8kL7oXA,munhall-pennsylvania
https://www.ubereats.com/pittsburgh/food-delivery/tasty-n-healthy/J1oIAw8vSX-JVYnm-Orjiw,munhall-pennsylvania
https://www.ubereats.com/pittsburgh/food-delivery/wendys-2410-w-liberty/2bvmyjCjQPGQVeRZZNZ9NQ,munhall-pennsylvania
https://www.ubereats.com/pittsburgh/food-delivery/steel-city-breakfast/RsQWVPzRR72fBZKKGlg7Iw,munhall-pennsylvania
https://www.ubereats.com/pittsburgh/food-delivery/genoa-pizza-pitt/KRhxb67LSSa9exVIx8Z2UA,munhall-pennsylvania
https://www.ubereats.com/pittsburgh/food-delivery/big-shot-bobs-house-of-wings/ab4GnGEQQj-exgzQGXRjZw,munhall-pennsylvania
https://www.ubereats.com/pittsburgh/food-delivery/dairy-queen-grill-%26-chill-3986-william-penn-hwy/yAvIkVfwQJC3MlGkg9hPLw,munhall-pennsylvania
https://www.ubereats.com/pittsburgh/food-delivery/sweets-and-treats-from-bagel-factory/LHZdSyyqQq6sn-eHOCf-Mg,munhall-pennsylvania
https://www.ubereats.com/pittsburgh/food-delivery/olive-oils-pizzeria-bethel-park/MeaqFmYbRNmKoCcTy55Eyw,munhall-pennsylvania
https://www.ubereats.com/pittsburgh/food-delivery/taco-bell-2050-lebanon-church-rd/IDe8CxtRSUqeU8v3c1AjYw,munhall-pennsylvania
https://www.ubereats.com/pittsburgh/food-delivery/joes-crab-shack-5-station-square-dr-ste-226/LG71jyDsSLyivAY5GBpTKw,munhall-pennsylvania
https://www.ubereats.com/pittsburgh/food-delivery/starbucks-sixth-street/nLkcCDugSXW5oWPs-MJyqw,munhall-pennsylvania
https://www.ubereats.com/pittsburgh/food-delivery/house-of-soul-carryout-catering/SIiCZON3Q9eM-owmPHUSFw,munhall-pennsylvania
https://www.ubereats.com/pittsburgh/food-delivery/subway-48-monongahela-ave/9ABgvqjmSF2bUInzEOye4Q,munhall-pennsylvania
https://www.ubereats.com/pittsburgh/food-delivery/korea-garden/VJ8QppQBS1-AC6anh6Cftg,munhall-pennsylvania
https://www.ubereats.com/pittsburgh/food-delivery/the-commoner/Ld2wKhd3Quah2vIyoCBOuQ,munhall-pennsylvania
https://www.ubereats.com/pittsburgh/food-delivery/august-henrys/1eW2OClzTCa4E85HORMUIg,munhall-pennsylvania
https://www.ubereats.com/pittsburgh/food-delivery/centenario-mexican-grille/8lH9DKRIQiKXgvAd_BWqAA,munhall-pennsylvania
https://www.ubereats.com/pittsburgh/food-delivery/gluuteny-bakery-a-gluten-free-and-dairy-free-bakery/sV6Y19zTSSyWclkx-51tXQ,munhall-pennsylvania
https://www.ubereats.com/pittsburgh/food-delivery/leons-caribbean-restaurant/zuupQUX7RFOrX1_A23ZMbQ,munhall-pennsylvania
https://www.ubereats.com/pittsburgh/food-delivery/luma-restaurant/pLXcAEzGSGSgbCqW--vFPA,munhall-pennsylvania
https://www.ubereats.com/pittsburgh/food-delivery/tgi-fridays-1817-pittsburgh-bethel-park-pa/vDvyHcNNQviRzKgqAnAscA,munhall-pennsylvania
https://www.ubereats.com/pittsburgh/food-delivery/pizza-bellagio/Iji2aVLLQz2GRODtZoWDtQ,munhall-pennsylvania
https://www.ubereats.com/pittsburgh/food-delivery/rallys-11749-frankstown-road/ku_f_Bm1Qqukn1_3ZN1Y_Q,munhall-pennsylvania
https://www.ubereats.com/pittsburgh/food-delivery/istanbul-grille/WtukBv27STKSn_uog2PSFA,munhall-pennsylvania
https://www.ubereats.com/pittsburgh/food-delivery/aladdins-eatery-squirrel-hill/PpU3DRMSSX6hXVzn-eR4Sw,munhall-pennsylvania
https://www.ubereats.com/pittsburgh/food-delivery/dennys-2200-lebanon-church-road/dc-8fKsHTZmFdDxNjC2IsQ,munhall-pennsylvania
https://www.ubereats.com/pittsburgh/food-delivery/forbes-gyro/9h9DAxsYRQa4BbWBln3uDA,munhall-pennsylvania
https://www.ubereats.com/pittsburgh/food-delivery/new-york-super-subs/BVMX5uJaS2eTk_b43j_ofw,munhall-pennsylvania
https://www.ubereats.com/pittsburgh/food-delivery/boston-market-978-greentree-road/pKFRwpP4TaSO5ijU_CfmsA,munhall-pennsylvania
https://www.ubereats.com/pittsburgh/food-delivery/mulligans-sports-bar-and-grille/JEApfqK8RGuds7ifTzePCg,munhall-pennsylvania
https://www.ubereats.com/pittsburgh/food-delivery/red-lobster-259-clairton-blvd/sRqipVBdR96NTf7biylLaA,munhall-pennsylvania
https://www.ubereats.com/pittsburgh/food-delivery/yukiyama/9RNcUHkJSuWsRwt1UjSFFw,munhall-pennsylvania
https://www.ubereats.com/pittsburgh/food-delivery/mi-empanada/MzxwAgl_R9qTFgQBjUBaBQ,munhall-pennsylvania
https://www.ubereats.com/pittsburgh/food-delivery/vincenzos-pizza-%26-pasta/JB_pECBwTeS7ptZXGTJPwg,munhall-pennsylvania
https://www.ubereats.com/pittsburgh/food-delivery/the-yard-gastropub-shadyside/uovjBVE_RuWcncwcGUlzMQ,munhall-pennsylvania
https://www.ubereats.com/pittsburgh/food-delivery/turkish-grille/feiycHjuQsKul3Vs6wkIwg,munhall-pennsylvania
https://www.ubereats.com/pittsburgh/food-delivery/vocelli-pizza-2011-waverly-avenue/yRYZTDefSO-IHagdqJn0SQ,munhall-pennsylvania
https://www.ubereats.com/pittsburgh/food-delivery/napoli-pizzeria/UU46EXOCQvKkEHRay61Aug,munhall-pennsylvania
https://www.ubereats.com/pittsburgh/food-delivery/hanini-subs-franklin-ave/THz6needT92E6VIPEGOIBA,munhall-pennsylvania
https://www.ubereats.com/pittsburgh/food-delivery/walnut-grill-bridgeville/ZymL2ZwrS5y56sKMaM55pQ,munhall-pennsylvania
https://www.ubereats.com/pittsburgh/food-delivery/edible-arrangements-250-mt-lebanon-boulevard-suite-e-40/NkMKosW7TPiTw2MN9Fg8bw,munhall-pennsylvania
https://www.ubereats.com/pittsburgh/food-delivery/mckeesport-fish-and-chicken/OotZPT-KRfukGr0i5U-vXA,munhall-pennsylvania
https://www.ubereats.com/pittsburgh/food-delivery/sincerely-yogurt-1025-washington-pike/VeZjS5uQRCu4FMWgbKB0tw,munhall-pennsylvania
https://www.ubereats.com/pittsburgh/food-delivery/dunkin-3907-forbes-ave/7KaRn3bRTLeb7Rp5T6sI3A,munhall-pennsylvania
https://www.ubereats.com/pittsburgh/food-delivery/fluffy-waffle-french-crepe/LFs78ohbSpazUxDsyDYJWA,munhall-pennsylvania
https://www.ubereats.com/pittsburgh/food-delivery/thai-terrace/ZPFzLV-3T8S-AYUjeEAjBQ,munhall-pennsylvania
https://www.ubereats.com/pittsburgh/food-delivery/clean-juice-5829-penn-ave/6yLw_c0kTPSdSpakrBhupg,munhall-pennsylvania
https://www.ubereats.com/pittsburgh/food-delivery/streets-on-carson-pitt/9czn1kYQSiOArz_YKiseqw,munhall-pennsylvania
https://www.ubereats.com/pittsburgh/food-delivery/slice-on-broadway-centre-ave/Q-9Fy_rgRpyuPv72BHiAzw,munhall-pennsylvania
https://www.ubereats.com/pittsburgh/food-delivery/capri-pizzeria-%26-bar/2F9_XoQDQjmfm4UqTOoiIg,munhall-pennsylvania
https://www.ubereats.com/pittsburgh/food-delivery/tamarind-flavor-of-india/BAeAcU7gRjerEeCC1dRm-g,munhall-pennsylvania
https://www.ubereats.com/pittsburgh/food-delivery/pizza-palermo-shadyside/4AVbVSwvSZaVcEkypU6KVQ,munhall-pennsylvania
https://www.ubereats.com/pittsburgh/food-delivery/walids-fish-and-chicken/pgUSsDGwQNGG24xhJOKupA,munhall-pennsylvania
https://www.ubereats.com/pittsburgh/food-delivery/paebeas-planet-co/kJu6Oc8jRsiJFllfFQmfZQ,munhall-pennsylvania
https://www.ubereats.com/pittsburgh/food-delivery/chipotle-mexican-grill-4137-william-penn-hwy/sT8okTsCSdyw4XM3nMA2OA,munhall-pennsylvania
https://www.ubereats.com/pittsburgh/food-delivery/emilianos-shadyside/4bUPFL8kSIW8yjK63sntiQ,munhall-pennsylvania
https://www.ubereats.com/pittsburgh/food-delivery/donut-connection/1V4vDBqBTpGzklgjiwChag,munhall-pennsylvania
https://www.ubereats.com/pittsburgh/food-delivery/dijlah-restaurant/7ieb4CoqStSiJDXmCoqmIQ,munhall-pennsylvania
https://www.ubereats.com/pittsburgh/food-delivery/dancing-crab-thai-noodle-house/5eIkErGlQIaQvMizeywxCw,munhall-pennsylvania
https://www.ubereats.com/pittsburgh/food-delivery/starbucks-squirrel-hill-forbes-%26-shady/VsDs5bYmRr6Lh-1HBQfhAA,munhall-pennsylvania
https://www.ubereats.com/pittsburgh/food-delivery/burgatory-waterworks-mall/Gn1fPKYuRGCXQT0Kk9J2fg,munhall-pennsylvania
https://www.ubereats.com/pittsburgh/food-delivery/pizza-perfectta/DKWo2YBYQ6ezNm97mYRQtQ,munhall-pennsylvania
https://www.ubereats.com/pittsburgh/food-delivery/fudge-farm-southside/O62fzWxmRKqtrWpVUVsa8A,munhall-pennsylvania
https://www.ubereats.com/pittsburgh/food-delivery/cafe-tu-y-yo/9X4XRN4VTAes-CoLHWU2lA,munhall-pennsylvania
https://www.ubereats.com/pittsburgh/food-delivery/pub-grub-deli/EDtsYHvkSi6eodWkgUGQ7A,munhall-pennsylvania
https://www.ubereats.com/pittsburgh/food-delivery/bangkok-balcony/-d8LjweOSyWLZXDBsbjTGA,munhall-pennsylvania
https://www.ubereats.com/pittsburgh/food-delivery/primanti-brothers-n-versailles/OZvtX65-TPmXK_eDc2LK4w,munhall-pennsylvania
https://www.ubereats.com/pittsburgh/food-delivery/tooktook98/_KjNrtBbSD6aTAsHBJdp8g,munhall-pennsylvania
https://www.ubereats.com/pittsburgh/food-delivery/coffee-tree-roasters-sqh/neOwfncbSO6HYjSa8NCwSQ,munhall-pennsylvania
https://www.ubereats.com/pittsburgh/food-delivery/applebees-2045-lebanon-church-road-%2387085/eewLsfEUQEK9OS3MuDK4SA,munhall-pennsylvania
https://www.ubereats.com/pittsburgh/food-delivery/china-wok-pittsburgh/FIAHGZEVRuG5Ghb-Vz0jvg,munhall-pennsylvania
https://www.ubereats.com/pittsburgh/food-delivery/creative-salads-at-the-bagel-factory-%22the-healthy-option-is-here%22/Aug3976_RsOMrYufOQdrDQ,munhall-pennsylvania
https://www.ubereats.com/pittsburgh/food-delivery/rose-tea-express/74S6zeqmTyy-EnOjEP8l4Q,munhall-pennsylvania
https://www.ubereats.com/pittsburgh/food-delivery/joe-%26-pie-downtown/KUshZHb0RtKhAqunb6YrVA,munhall-pennsylvania
https://www.ubereats.com/pittsburgh/food-delivery/the-original-gyro-3611-library-road/c1oT2uLCQZG3SwY8MLjWcw,munhall-pennsylvania
https://www.ubereats.com/pittsburgh/food-delivery/hook-fish-%26-chicken-north-versailles/8sZU-txlSr2N9rcaK88cvQ,munhall-pennsylvania
https://www.ubereats.com/pittsburgh/food-delivery/dunkin-3200-saw-mill-run-blvd/fbAFyLrTTtmAqUsxqfxhtQ,munhall-pennsylvania
https://www.ubereats.com/pittsburgh/food-delivery/dagu-rice-noodle/4rBFQCjMRu6P-I18gzjAGA,munhall-pennsylvania
https://www.ubereats.com/pittsburgh/food-delivery/big-shot-bobs-house-of-wingsmckeesport/XXiJoP4nRk6BBxF7GMnDYA,munhall-pennsylvania
https://www.ubereats.com/pittsburgh/food-delivery/pizza-pronto/3PATyEXATCGEijknR7zYwg,munhall-pennsylvania
https://www.ubereats.com/pittsburgh/food-delivery/foxs-pizza-den-6-bailey-ave/bDMUMTNzQWeUVafhJMBN1Q,munhall-pennsylvania
https://www.ubereats.com/pittsburgh/food-delivery/noodles-%26-company-3805-forbes-ave/YQhnmBWUSU2v7PVT3L1Nmg,munhall-pennsylvania
https://www.ubereats.com/pittsburgh/food-delivery/honeygrow-105-s-highland-avenue/HPwCfI_ESgCdIFgNmPeWFQ,munhall-pennsylvania
https://www.ubereats.com/pittsburgh/food-delivery/primanti-brothers-southside-e-carson/RCz1lBMrSSiT2CFq9f1Gog,munhall-pennsylvania
https://www.ubereats.com/pittsburgh/food-delivery/layali-restaurant/GTYOTzgBSVqpchg5JJ062g,munhall-pennsylvania
https://www.ubereats.com/pittsburgh/food-delivery/caliente-pizza-%26-draft-house-monroeville/VD6pv6HmTyKzmCst2Jew5g,munhall-pennsylvania
https://www.ubereats.com/pittsburgh/food-delivery/philly-pretzel-factory-monroeville/L6Nwq0BGR6yXlhYCt3My-w,munhall-pennsylvania
https://www.ubereats.com/pittsburgh/food-delivery/outback-steakhouse-3000-mosside-boulevard/FuN_KFrrQV6Dw7ZPgOMSiw,munhall-pennsylvania
https://www.ubereats.com/pittsburgh/food-delivery/foxs-pizza-den-902-brookline-blvd/Wmo2GmymRJqer5eQMfaC1Q,munhall-pennsylvania
https://www.ubereats.com/pittsburgh/food-delivery/red-lobster-3941-william-penn-highway/XuLBwOVyTLKH90WT7Lng_Q,munhall-pennsylvania
https://www.ubereats.com/pittsburgh/food-delivery/primanti-brothers-penn-ave/sz7m7JPfRPKRJO7D4K86tg,munhall-pennsylvania
https://www.ubereats.com/pittsburgh/food-delivery/deli-on-butler/L7zM7NIlRbuheBENpMBSwA,munhall-pennsylvania
https://www.ubereats.com/pittsburgh/food-delivery/papa-johns-pizza-bethel-park/QoN8FTg1TCmOqGwiQoC29Q,munhall-pennsylvania
https://www.ubereats.com/pittsburgh/food-delivery/pho-van-pa/ksljBHs9Toa_eH56fhVcwQ,munhall-pennsylvania
https://www.ubereats.com/pittsburgh/food-delivery/tommygs-pizzeria/FjylCOSjQxqZdMs-SOJCgQ,munhall-pennsylvania
https://www.ubereats.com/pittsburgh/food-delivery/kahuna-poke-and-juice-bar/-pCaS8FHTYulL-LO43MPlQ,munhall-pennsylvania
https://www.ubereats.com/pittsburgh/food-delivery/red-dragon-chinese-restaurant/QSCHGAEhTSimN4KwWdftEg,munhall-pennsylvania
https://www.ubereats.com/pittsburgh/food-delivery/burger-house/nx-STwTUSOSBQQIdTGn8Vw,munhall-pennsylvania
https://www.ubereats.com/pittsburgh/food-delivery/the-smiling-moose/mBBip5Z6RBOMeC4F23I86A,munhall-pennsylvania
https://www.ubereats.com/pittsburgh/food-delivery/jolinas-2/i5S7i1qDSruoU5qJcaT2gA,munhall-pennsylvania
https://www.ubereats.com/pittsburgh/food-delivery/vinnys-pizza/pFHTpdCbRcCUG3HEnelFVg,munhall-pennsylvania
https://www.ubereats.com/pittsburgh/food-delivery/subway-3147-banksville-rd/uDsXzkXXTKy9Z1Bak9zYXA,munhall-pennsylvania
https://www.ubereats.com/pittsburgh/food-delivery/patron-mexican-fox-chapel/ZQKpwSggR0ai24sJE6xV0A,munhall-pennsylvania
https://www.ubereats.com/pittsburgh/food-delivery/dunkin-2525-5th-ave/f6XrwIk0T9-cLvy2QFwbCw,munhall-pennsylvania
https://www.ubereats.com/pittsburgh/food-delivery/country-style-pizza/3Ho73O66Sb6Wi-w9FJwEMg,munhall-pennsylvania
https://www.ubereats.com/pittsburgh/food-delivery/starbucks-forbes-%26-atwood/XmVEWnNbQSaa7jtsfB1o2A,munhall-pennsylvania
https://www.ubereats.com/pittsburgh/food-delivery/tako/BUbuQkevRbi1kZ7MoH2iEQ,munhall-pennsylvania
https://www.ubereats.com/pittsburgh/food-delivery/zen-restaurant-sushi-bar/s8zQ59q_SvuDvPZ0qiIeTg,munhall-pennsylvania
https://www.ubereats.com/pittsburgh/food-delivery/lins-asian-fusion/3sFSxr8DQc6aOwR1eboA9A,munhall-pennsylvania
https://www.ubereats.com/pittsburgh/food-delivery/kaya/FTBHP_b7RHOZa6pYAFGevQ,munhall-pennsylvania
https://www.ubereats.com/pittsburgh/food-delivery/hook-fish-and-chicken/I6ECDe3cRQ6PPB_AA8iSnw,munhall-pennsylvania
https://www.ubereats.com/pittsburgh/food-delivery/em-pizzeria/gGkv22dBT_CpjQj3rq4QXw,munhall-pennsylvania
https://www.ubereats.com/pittsburgh/food-delivery/hook-fish-%26-chicken-5th-ave/_9NBOVi8SmazvUk-slHXOA,munhall-pennsylvania
https://www.ubereats.com/pittsburgh/food-delivery/buffalo-wild-wings-9996-mountain-view-drive/-YG3iL5hQweKwGemjlvfUQ,munhall-pennsylvania
https://www.ubereats.com/pittsburgh/food-delivery/klavons-ice-cream-parlor/bXDwqCO6Qnq2dC8p9K82aw,munhall-pennsylvania
https://www.ubereats.com/pittsburgh/food-delivery/panda-express-2070-lebanon-church-rd/_pZ8yAIHT2GuqPTY5bRu7g,munhall-pennsylvania
https://www.ubereats.com/pittsburgh/food-delivery/kfc-3770-william-penn-hwy/GP88VyDESeSqlfvMAQco_A,munhall-pennsylvania
https://www.ubereats.com/pittsburgh/food-delivery/daddy-ds-suber-soulfood/BMcXq-CYQJSUxrhyrQT51g,munhall-pennsylvania
https://www.ubereats.com/pittsburgh/food-delivery/cold-stone-creamery-5800-forbes-ave/PySopA1DQvOlwk8iubVMeA,munhall-pennsylvania
https://www.ubereats.com/pittsburgh/food-delivery/s%26d-polish-deli/M2TM4yxXQiyNp-xVewNy-w,munhall-pennsylvania
https://www.ubereats.com/pittsburgh/food-delivery/brrats-deli/k1Tg-7fCTLuWapsfoku83g,munhall-pennsylvania
https://www.ubereats.com/pittsburgh/food-delivery/pittsburgerz/N2kTilMgSZ2kze5P5vwetw,munhall-pennsylvania
https://www.ubereats.com/pittsburgh/food-delivery/riviera-pizza-%26-pasta/b8DjgP7hR4OvGl5UjT3htA,munhall-pennsylvania
https://www.ubereats.com/pittsburgh/food-delivery/paris-66/U4v4E0m0TpaGf8ZUwDoDVA,munhall-pennsylvania
https://www.ubereats.com/pittsburgh/food-delivery/vocelli-pizza-231-commercial-avenue/vTI85AvjQAyqyKoN7sSXig,munhall-pennsylvania
https://www.ubereats.com/pittsburgh/food-delivery/7101-lounge/Z78Zqn8PScmlSIQd0UVYWg,munhall-pennsylvania
https://www.ubereats.com/pittsburgh/food-delivery/friendship-perk-and-brew/42uPQelsToCS7bgRuUMg9w,munhall-pennsylvania
https://www.ubereats.com/pittsburgh/food-delivery/pabellon/wSCb6hISReOCSQ3WSADXjQ,munhall-pennsylvania
https://www.ubereats.com/pittsburgh/food-delivery/all-india-veggies/HujpzEOmQc-j3eMENWupwg,munhall-pennsylvania
https://www.ubereats.com/pittsburgh/food-delivery/hyde-park-prime-steakhouse-downtown-pittsburgh/a4JYvi8ZRDKM36TGa2fsxg,munhall-pennsylvania
https://www.ubereats.com/pittsburgh/food-delivery/pf-changs-148-w-bridge-st/8z-WsmLrSNiLB3Q6zoamWw,munhall-pennsylvania
https://www.ubereats.com/pittsburgh/food-delivery/subway-410-lysle-blvd/ZC7Mu1F0SwK-ry5C1jN9qg,munhall-pennsylvania
https://www.ubereats.com/pittsburgh/food-delivery/kfc-5153-library-road/EhwCTbRVRWGVhzVpMCV8YA,munhall-pennsylvania
https://www.ubereats.com/pittsburgh/food-delivery/rose-tea-cafe/3RAEx2qLR3O-RFc7CnZTpQ,munhall-pennsylvania
https://www.ubereats.com/pittsburgh/food-delivery/masala-house-indian-bistro/VsnwxEVpT_eruMtkP1swAw,munhall-pennsylvania
https://www.ubereats.com/pittsburgh/food-delivery/papa-johns-4815-centre-ave/kvJPhZHTSoCu49X2-DdW4w,munhall-pennsylvania
https://www.ubereats.com/pittsburgh/food-delivery/vocelli-pizza-326-mall-plaza-blvd/wpymtMIeRpKQRJZk4QzJSQ,munhall-pennsylvania
https://www.ubereats.com/pittsburgh/food-delivery/portogallo-peppers-nat/_GeJUDp0Tri363h4HeZNuw,munhall-pennsylvania
https://www.ubereats.com/pittsburgh/food-delivery/everyday-noodles/vEaali4NRh6eFd7TMASjjg,munhall-pennsylvania
https://www.ubereats.com/pittsburgh/food-delivery/new-york-super-subs-squirrel-hill/yyjpwLCNSZaAwWr5zVvDLA,munhall-pennsylvania
https://www.ubereats.com/pittsburgh/food-delivery/fat-angelos-pizzeria/tkCZFpvsRWGMjgiPkS61zg,munhall-pennsylvania
https://www.ubereats.com/pittsburgh/food-delivery/say-cheese-pizza/DoC_3P8NQGCkjyqSQ1YAgQ,munhall-pennsylvania
https://www.ubereats.com/pittsburgh/food-delivery/tonys-restaurant-breakfast-and-bbq/cfvVEYW6QzeOLjmHwgDx4w,munhall-pennsylvania
https://www.ubereats.com/pittsburgh/food-delivery/applebees-1601-south-braddock-avenue-%2386079/IXZdmg0pTwiTk8znUWQ68A,munhall-pennsylvania
https://www.ubereats.com/pittsburgh/food-delivery/slice-on-broadway-beechview/Wi0lYVrVTHyeW7gwElyK3w,munhall-pennsylvania
https://www.ubereats.com/pittsburgh/food-delivery/larry-and-carols-pizza/_NpA6ITWRf2-ZMNYdVV4tg,munhall-pennsylvania
https://www.ubereats.com/pittsburgh/food-delivery/ham-n-eggers-diner/PgsIdz2cQiiRO_WCZ9jpwQ,munhall-pennsylvania
https://www.ubereats.com/pittsburgh/food-delivery/chipotle-mexican-grill-509-clairton-blvd/9nsp1Ti_QzWzwd0Sb3s-CA,munhall-pennsylvania
https://www.ubereats.com/pittsburgh/food-delivery/sals-pizza/-bBB8C6uRmq4BAhdiWsGTg,munhall-pennsylvania
https://www.ubereats.com/pittsburgh/food-delivery/tequila-cowboy/5MULIJfkSzWFpIqj6h4QZA,munhall-pennsylvania
https://www.ubereats.com/pittsburgh/food-delivery/mccormick-%26-schmicks-seafood-%26-steaks-pittsburgh/LFPS9xtaSAW4qGqUtGWBwA,munhall-pennsylvania
https://www.ubereats.com/pittsburgh/food-delivery/piada-oakland/ACdlnTO6Q5CzsPVdV14GBQ,munhall-pennsylvania
https://www.ubereats.com/pittsburgh/food-delivery/frio-creamery/3EY4iI6AQJa3k6BqW64s5w,munhall-pennsylvania
https://www.ubereats.com/pittsburgh/food-delivery/papa-johns-351-hoffman-blvd-unit-3/Cwsh4r2iSMi7NHI0ZGBW5Q,munhall-pennsylvania
https://www.ubereats.com/pittsburgh/food-delivery/dunkin-4578-browns-hill-rd/W2J9rdbAQ0C_3uGTNu8EDw,munhall-pennsylvania
https://www.ubereats.com/pittsburgh/food-delivery/fudge-farm-waterfront/amF8xhVSQl2-1LXwo4OqXw,munhall-pennsylvania
https://www.ubereats.com/pittsburgh/food-delivery/big-guys-pizza/ipP0LEkuTc-JxTm2vWJP_w,munhall-pennsylvania
https://www.ubereats.com/pittsburgh/food-delivery/big-guys-pizza/27aLpo06TH6sMT0dAHzjhQ,munhall-pennsylvania
https://www.ubereats.com/pittsburgh/food-delivery/kung-fu-tea-2109-murray-avenue/gLcNtQybSIeopAsWSvAqhw,munhall-pennsylvania
https://www.ubereats.com/pittsburgh/food-delivery/ramen-bar-pittsburgh/QVWT1HkJRJO5bDuOzA3HQw,munhall-pennsylvania
https://www.ubereats.com/pittsburgh/food-delivery/ginos-pizza/PHRKlPOWRxW8W9nzb_keYw,munhall-pennsylvania
https://www.ubereats.com/pittsburgh/food-delivery/industry-public-house-lawrenceville/clPWxch4RBK8VWhi73djsw,munhall-pennsylvania
https://www.ubereats.com/pittsburgh/food-delivery/patron-mexican-grill-monroeville/-ep6pnX8RAWkZjD-ZAbEQQ,munhall-pennsylvania
https://www.ubereats.com/pittsburgh/food-delivery/peoples-indian-restaurant/HZhQwAmlQHib7W7zHwrbGQ,munhall-pennsylvania
https://www.ubereats.com/pittsburgh/food-delivery/steel-city-subs/nxNacx0tTW2066WaZuyvWg,munhall-pennsylvania
https://www.ubereats.com/pittsburgh/food-delivery/papa-johns-pizza-bellevue/wWTGLp2iTrOUy-stD51iQA,munhall-pennsylvania
https://www.ubereats.com/pittsburgh/food-delivery/caliente-pizza-%26-draft-house-bloomfield/96ahgVXhTm2nhArsAHPUNA,munhall-pennsylvania
https://www.ubereats.com/pittsburgh/food-delivery/burger-king-3220-library-rd/_1mgDWVgRhGnFYONJ4oY4A,munhall-pennsylvania
https://www.ubereats.com/pittsburgh/food-delivery/ofela-african-restaurant/jCjE0rJgTBe26m-FUbS74Q,munhall-pennsylvania
https://www.ubereats.com/pittsburgh/food-delivery/jolinas-mediterranean-cuisine/Swp0WGbCShO22eTzvXaJ8A,munhall-pennsylvania
https://www.ubereats.com/pittsburgh/food-delivery/prince-of-india-restaurant/BDfcWzTITvKQ0IetZI2IRg,munhall-pennsylvania
https://www.ubereats.com/pittsburgh/food-delivery/wendys-1703-s-braddock-ave/wuEfBr5gTSyFzV8DpE72FQ,munhall-pennsylvania
https://www.ubereats.com/pittsburgh/food-delivery/vocelli-pizza-4235-murray-ave/6G37JOwGTqaz2l48W035oA,munhall-pennsylvania
https://www.ubereats.com/pittsburgh/food-delivery/bengal-kabab-house-%26-restaurant/sSHg3GfJT8ixmlWw8cat9g,munhall-pennsylvania
https://www.ubereats.com/pittsburgh/food-delivery/thespotetc/qaYs2P2dRSemVTJelvHADg,munhall-pennsylvania
https://www.ubereats.com/pittsburgh/food-delivery/lot-17/k4c9Dbt4QKuI5R1fJR1bVQ,munhall-pennsylvania
https://www.ubereats.com/pittsburgh/food-delivery/nrgize-lifestyle-cafe/LxOMhxGeQKeEPLDsTwXOeQ,munhall-pennsylvania
https://www.ubereats.com/pittsburgh/food-delivery/five-guys-pa-1926-5207-liberty-ave/dE2uV7StQmiyJlwmuXlbHg,munhall-pennsylvania
https://www.ubereats.com/pittsburgh/food-delivery/primanti-brothers-mt-lebanon/FE9963Z4RFKJOjNHlGPGuA,munhall-pennsylvania
https://www.ubereats.com/pittsburgh/food-delivery/thai-cottage/dn9EMwRoQvmPpMQxf7g6FQ,munhall-pennsylvania
https://www.ubereats.com/pittsburgh/food-delivery/drift-hookah-lounge/lQH9Q0DCRd6VsQ6C40_0jQ,munhall-pennsylvania
https://www.ubereats.com/pittsburgh/food-delivery/arbys-6105-saltsburg-rd/rAvDKAxXSOCODVcm0Yfo9g,munhall-pennsylvania
https://www.ubereats.com/pittsburgh/food-delivery/boston-market-5200-baum-blvd/hhw7yIKTSPyPGQCdNyfe_g,munhall-pennsylvania
https://www.ubereats.com/pittsburgh/food-delivery/walnut-grill-fox-chapel/Njjc_J4ZT6yn8quLxYnbzQ,munhall-pennsylvania
https://www.ubereats.com/pittsburgh/food-delivery/dads-pub-and-grubbrinton/57dRNcuRSQKTIu41unI0Xw,munhall-pennsylvania
https://www.ubereats.com/pittsburgh/food-delivery/chipotle-mexican-grill-3615-forbes-ave/rFm8aNrMTSeTj9oQm_EqgA,munhall-pennsylvania
https://www.ubereats.com/pittsburgh/food-delivery/sichuan-palace/xVOor8IeRsixrotavBAGmg,munhall-pennsylvania
https://www.ubereats.com/pittsburgh/food-delivery/mola/88rEmBAMRpmIBjuYyYuPdA,munhall-pennsylvania
https://www.ubereats.com/pittsburgh/food-delivery/tsaocaa/tSOIrvQJSLyXHk9L4gj59A,munhall-pennsylvania
https://www.ubereats.com/pittsburgh/food-delivery/fun-asian-bistro/GbtEW-NqSTSzAR_yVGdmJQ,munhall-pennsylvania
https://www.ubereats.com/pittsburgh/food-delivery/dennys-271-clairton-blvd/u8d0aRLyQc-awUDxvYGGTQ,munhall-pennsylvania
https://www.ubereats.com/pittsburgh/food-delivery/bonfire-food-and-drink/pkIorV-nSUi3aMBYq3A9aA,munhall-pennsylvania
https://www.ubereats.com/pittsburgh/food-delivery/pork-and-beans/avOzFnHMQr6O2sx7RrqZGA,munhall-pennsylvania
https://www.ubereats.com/pittsburgh/food-delivery/eat-n-park/J-zzVaaBQZOYXT0f-pe6aQ,munhall-pennsylvania
https://www.ubereats.com/pittsburgh/food-delivery/j-goughs-tavern/sF5HSoK5SqGTKnTYTfeZDA,munhall-pennsylvania
https://www.ubereats.com/pittsburgh/food-delivery/olympia-mediterranean-gyro-house/p1hZia6iT6ykU3S-LyHIYw,munhall-pennsylvania
https://www.ubereats.com/pittsburgh/food-delivery/cobblerworld-east-liberty/b97HYMFcQaG-AIe9p5d7Eg,munhall-pennsylvania
https://www.ubereats.com/pittsburgh/food-delivery/jersey-mikes-subs-bridgeville-1155-washington-pike/3B3e1XVdTQ-QTBAVx21vYg,munhall-pennsylvania
https://www.ubereats.com/pittsburgh/food-delivery/taco-bell-2300-ardmore-blvd/mGFhGnM4QV2q0FRqLrZW2Q,munhall-pennsylvania
https://www.ubereats.com/pittsburgh/food-delivery/taco-del-campus/BKMmLbxNSsWzrsYbYbPXjA,munhall-pennsylvania
https://www.ubereats.com/pittsburgh/food-delivery/alexs-pit-stop/HSi1zsfKRnyFOh3ZGrixuQ,munhall-pennsylvania
https://www.ubereats.com/pittsburgh/food-delivery/nobbys-pizzeria-373-vanadium-rd/_hXwSUQTRgmD_8X9ztCc2Q,munhall-pennsylvania
https://www.ubereats.com/pittsburgh/food-delivery/wendys-60-town-square-way/a8RicB0RRA2iIUhESWwR1A,munhall-pennsylvania
https://www.ubereats.com/pittsburgh/food-delivery/wendys-610-william-marks-drive/Iw3v6XPWSKukHlpm8tHUVA,munhall-pennsylvania
https://www.ubereats.com/pittsburgh/food-delivery/five-guys-pa-0061-1029-freeport-rd/BLW_bowDTi-rrUA2-ntREQ,munhall-pennsylvania
https://www.ubereats.com/pittsburgh/food-delivery/royal-caribbean/nfs-2UrRRhGEg_P5KxCYoQ,munhall-pennsylvania
https://www.ubereats.com/pittsburgh/food-delivery/rogue-bbq/XjLXySXdRsKxS1kGQOQN5w,munhall-pennsylvania
https://www.ubereats.com/pittsburgh/food-delivery/ocha-thai-noodle/L9PqEPDfSf2-DE7qwjDsVw,munhall-pennsylvania
https://www.ubereats.com/pittsburgh/food-delivery/long-john-silvers-2220-lebanon-church-road/COoxTSKlQtynSqu7u9udMQ,munhall-pennsylvania
https://www.ubereats.com/pittsburgh/food-delivery/uno-pizzeria-%26-grill-%23843/MkMLg43sSVKNq5Y3t8j7Sw,munhall-pennsylvania
https://www.ubereats.com/pittsburgh/food-delivery/or-the-whale/YyTY0T3rR2KNdtfISwEDDg,munhall-pennsylvania
https://www.ubereats.com/pittsburgh/food-delivery/vocelli-pizza-617-brownsville-road/YH_daioZQpqZBB6qqIjTGw,munhall-pennsylvania
https://www.ubereats.com/pittsburgh/food-delivery/standard-market-%26-pint-house/qnMdzW3oRIi4Hle8l6Ln5w,munhall-pennsylvania
https://www.ubereats.com/pittsburgh/food-delivery/the-coffee-tree-roasters/j9tXUYM4ROiK0-tzb_9igQ,munhall-pennsylvania
https://www.ubereats.com/pittsburgh/food-delivery/dunkin-98-clairton-blvd/CWrqMpJATZWyWfSTjnQGRg,munhall-pennsylvania
https://www.ubereats.com/pittsburgh/food-delivery/alexanders-italian-bistro/sQflS1cST0KBZA-G8TU3KA,munhall-pennsylvania
https://www.ubereats.com/pittsburgh/food-delivery/gaby-et-jules-cafe/WRRK3ULQTs-LxMMjxUlZLQ,munhall-pennsylvania
https://www.ubereats.com/pittsburgh/food-delivery/panda-express-4155-william-penn-hwy/GZ_lTloSRoGJnHOIsv4z9w,munhall-pennsylvania
https://www.ubereats.com/pittsburgh/food-delivery/mad-noodles/XPX3vhBcQNK9VFbKd1HVfQ,munhall-pennsylvania
https://www.ubereats.com/pittsburgh/food-delivery/coffee-tree-roasters-mtl/Sij-kiEiQiiBh9nhm9FRfg,munhall-pennsylvania
https://www.ubereats.com/pittsburgh/food-delivery/bella-notte/NU7JQMcLQf-wJWkEeIRxxg,munhall-pennsylvania
https://www.ubereats.com/pittsburgh/food-delivery/cucina-bella/lNtSIxFDTPyq1KEdWxPZow,munhall-pennsylvania
https://www.ubereats.com/pittsburgh/food-delivery/shady-grove/yPmij8YlR3-LfoywDwEqRA,munhall-pennsylvania
https://www.ubereats.com/pittsburgh/food-delivery/kfc-278-yost-blvd/TGdOHQ9dTcCVWa9d25jx9A,munhall-pennsylvania
https://www.ubereats.com/pittsburgh/food-delivery/pie-express/Wb4PXkIrQPamE5wdWKidwA,munhall-pennsylvania
https://www.ubereats.com/pittsburgh/food-delivery/buckhead-saloon/nZfNiA8DQWuIhGWk219FDA,munhall-pennsylvania
https://www.ubereats.com/pittsburgh/food-delivery/ribs-n-bread/HxjV5FviQyeVIHBGqM4bRw,munhall-pennsylvania
https://www.ubereats.com/pittsburgh/food-delivery/the-pennsylvania-market/tbAe_gVmTgiPbsVGGC2QoQ,munhall-pennsylvania
https://www.ubereats.com/pittsburgh/food-delivery/burgatory-homestead/wsRGehZ8Q2iiO6-GBrDkDg,munhall-pennsylvania
https://www.ubereats.com/pittsburgh/food-delivery/don-campitis-pizzeria-dormont/qeCsMa9_RqqsyT7trd_Zmw,munhall-pennsylvania
https://www.ubereats.com/pittsburgh/food-delivery/bonfire-food-and-drink/DfqYu_YtQ-WIimGzK6ceeA,munhall-pennsylvania
https://www.ubereats.com/pittsburgh/food-delivery/frenchis-deli-%26-market/eWRl8NAiT5mDEXfutvU7wA,munhall-pennsylvania
https://www.ubereats.com/pittsburgh/food-delivery/sakura-teppanyaki-%26-sushi-fine-cuisine/PEtGKO98RZaX0gcjoX-N9w,munhall-pennsylvania
https://www.ubereats.com/pittsburgh/food-delivery/hook-fish-%26-chicken-ormsby-ave/s7bNolZcTbe3TzHwQUv1zA,munhall-pennsylvania
https://www.ubereats.com/pittsburgh/food-delivery/chipotle-mexican-grill-1720-washington-rd/yKvi3YhhR3eF3Nsd4wdUyQ,munhall-pennsylvania
https://www.ubereats.com/pittsburgh/food-delivery/kfc-640-longrun-road%3B-olympia-ctr/eHMDaTJbSyCd0LtfpfXW3w,munhall-pennsylvania
https://www.ubereats.com/pittsburgh/food-delivery/new-china-inn/qxSyVy00Q3G8Y7imX6S9kQ,munhall-pennsylvania
https://www.ubereats.com/pittsburgh/food-delivery/murray-avenue-grill/NotzqZeOTdSzEKgLXpC7kA,munhall-pennsylvania
https://www.ubereats.com/pittsburgh/food-delivery/bob-evans-187-3737-william-penn-highway/8KwE14sVQjuK_Ynq3UQTDg,munhall-pennsylvania
https://www.ubereats.com/pittsburgh/food-delivery/piccolo-forno/hHuW-KnZQ7iqhTH--R65YQ,munhall-pennsylvania
https://www.ubereats.com/pittsburgh/food-delivery/hapa-hawaiian-grill/AiYQ1nWeTdikgdWpiHEXUQ,munhall-pennsylvania
https://www.ubereats.com/pittsburgh/food-delivery/tocayo-taqueria-%26-tequila/kvycKVCbS6GbIZDaN2TqIQ,munhall-pennsylvania
https://www.ubereats.com/pittsburgh/food-delivery/kfc-5130-clairton-blvd/joD9UDO1SNGOQzI2ZuPnBQ,munhall-pennsylvania
https://www.ubereats.com/pittsburgh/food-delivery/starbucks-waterfront-towne-center/0I5ordURQiyJgIsOW94CGg,munhall-pennsylvania
https://www.ubereats.com/pittsburgh/food-delivery/vocelli-pizza-11745-frankstown-road/-Ee6jwx2TsC3FBLBLdYJ4w,munhall-pennsylvania
https://www.ubereats.com/pittsburgh/food-delivery/bravo-250-w-bridge-street/_NTV97N1SFaAZYbBFYSEnw,munhall-pennsylvania
https://www.ubereats.com/pittsburgh/food-delivery/dairy-queen-grill-%26-chill-1223-e-carson-st/btH0NtlIQV2lr2_VvqAbHA,munhall-pennsylvania
https://www.ubereats.com/pittsburgh/food-delivery/spirits-%26-tales/WyC9CjjvTT249IpPzrRnnw,munhall-pennsylvania
https://www.ubereats.com/pittsburgh/food-delivery/spillys-barbeque/Co9Pi103Qx6ODA315FnTmQ,munhall-pennsylvania
https://www.ubereats.com/pittsburgh/food-delivery/top-shabu-shabu-%26-lounge/-O9Kw7AhRhqQhJrPERcU0Q,munhall-pennsylvania
https://www.ubereats.com/pittsburgh/food-delivery/arbys-3700-library-rd/NtjiVOzSSty6mucA7ax8vQ,munhall-pennsylvania
https://www.ubereats.com/pittsburgh/food-delivery/subway-4142-clairton-blvd/bFAOzaLuSUqy_2febW9NWw,munhall-pennsylvania
https://www.ubereats.com/pittsburgh/food-delivery/thirsty-scholar-bar-%26-grille/aWTz-pcHQxm4c8rF3I797Q,munhall-pennsylvania
https://www.ubereats.com/pittsburgh/food-delivery/old-mexico/ixOE-z5bSuWoD2_-k77bgQ,munhall-pennsylvania
https://www.ubereats.com/pittsburgh/food-delivery/mikes-beer-bar/UpkyaIiCQwOg6i36ivI5gw,munhall-pennsylvania
https://www.ubereats.com/pittsburgh/food-delivery/maldinis-pizza/J6tGuZzgThmKS68htUBhrg,munhall-pennsylvania
https://www.ubereats.com/pittsburgh/food-delivery/bridges-%26-bourbon/sPBhVSBHT9ifINOgmd3iCA,munhall-pennsylvania
https://www.ubereats.com/pittsburgh/food-delivery/fujiya-ramen/f-fBxxElRiOIRVaKrhuqow,munhall-pennsylvania
https://www.ubereats.com/pittsburgh/food-delivery/treats-and-beans/Krdd4ZhMRiuxSh8xyUDtxQ,munhall-pennsylvania
https://www.ubereats.com/pittsburgh/food-delivery/zoup!-1137-freeport-rd/xzYKSoG5ToKYRcS7ldrl8Q,munhall-pennsylvania
https://www.ubereats.com/pittsburgh/food-delivery/sugar-and-spice/iC7_9qTRT4ubKEsc9hdahQ,munhall-pennsylvania
https://www.ubereats.com/pittsburgh/food-delivery/panera-202308/tAnWgMh-Sdeiez5ch815GA,munhall-pennsylvania
https://www.ubereats.com/pittsburgh/food-delivery/hook-fish-%26-chicken-federal-st/S_zOJeLgRrq6gFnZRHqc6A,munhall-pennsylvania
https://www.ubereats.com/pittsburgh/food-delivery/old-school-italian-sandwich-shop/sVBd3goPTMu_iKS0WAwC0g,munhall-pennsylvania
https://www.ubereats.com/pittsburgh/food-delivery/mad-mex-shadyside/mmFAp9qXTZWLM5YIDnwQww,munhall-pennsylvania
https://www.ubereats.com/pittsburgh/food-delivery/tsaocaa/hanl3nFhQkOHEiPvtihwNg,munhall-pennsylvania
https://www.ubereats.com/pittsburgh/food-delivery/combo-kitchen/TGI7F009RECvBBMc_CLGdw,munhall-pennsylvania
https://www.ubereats.com/pittsburgh/food-delivery/arbys-450-clairton-blvd/WIc1TlDASBay-SQAJuIvfg,munhall-pennsylvania
https://www.ubereats.com/pittsburgh/food-delivery/wendys-891-freeport-road/4L_CTtJEQXCw8zqyCG2xZA,munhall-pennsylvania
https://www.ubereats.com/pittsburgh/food-delivery/i-lava-poke/IR-zJdcmQwe8K7OuL3okkQ,munhall-pennsylvania
https://www.ubereats.com/pittsburgh/food-delivery/nellies-sandwiches/FLjAEN1GRPmmxXRpIQBbYg,munhall-pennsylvania
https://www.ubereats.com/pittsburgh/food-delivery/kfc-210-rodi-rd/h7CDt1j5QQydf_7mqgoLqQ,munhall-pennsylvania
https://www.ubereats.com/pittsburgh/food-delivery/la-palapa/wn3JLajsT8KpIwXxsNTO6w,munhall-pennsylvania
https://www.ubereats.com/pittsburgh/food-delivery/vocelli-pizza-1025-washington-pike/A-s3EhnBQDehQ7wKihDy-A,munhall-pennsylvania
https://www.ubereats.com/pittsburgh/food-delivery/yuva-india-kitchen-%2B-bar/bPVcpA9MRdqZEenS7Pcj6w,munhall-pennsylvania
https://www.ubereats.com/pittsburgh/food-delivery/social-at-bakery-square/qmjFKRJTRkWVubeROCwkBg,munhall-pennsylvania
https://www.ubereats.com/pittsburgh/food-delivery/subway-119-120-22nd-st/KlcU8QK5RROjdvuX_Qm9SQ,munhall-pennsylvania
https://www.ubereats.com/pittsburgh/food-delivery/pasha-cafe/-DUsbw8UT-KFaJMbOE3t4Q,munhall-pennsylvania
https://www.ubereats.com/pittsburgh/food-delivery/crafted-north/MRbxRu4sSKyHCtdjyezTWw,munhall-pennsylvania
https://www.ubereats.com/pittsburgh/food-delivery/china-wok-brentwood/onf0t9bpQTSJe6ZapgG-KQ,munhall-pennsylvania
https://www.ubereats.com/pittsburgh/food-delivery/ts-restaurant-and-lounge/mJTBmkGVTwaednxEnpn_vg,munhall-pennsylvania
https://www.ubereats.com/pittsburgh/food-delivery/ragtime/DNynlLpRRWqudwnkzW2JJw,munhall-pennsylvania
https://www.ubereats.com/pittsburgh/food-delivery/hokkaido-seafood-restaurant/-mqZvhHjRLq7mtvEVRJxKA,munhall-pennsylvania
https://www.ubereats.com/pittsburgh/food-delivery/night-market-gourmet/Gtp_9xwLTMWl3Yi_s11v3A,munhall-pennsylvania
https://www.ubereats.com/pittsburgh/food-delivery/ali-baba-restaurants/6apBvGeQS9CLhvUwp3-KYA,munhall-pennsylvania
https://www.ubereats.com/pittsburgh/food-delivery/cornbread/MFtUrXD8SYiRIU8SnckbpA,munhall-pennsylvania
https://www.ubereats.com/pittsburgh/food-delivery/taco-bell-4032-william-penn-hwy/VtAblrQxRPGgoH6dXTEejA,munhall-pennsylvania
https://www.ubereats.com/pittsburgh/food-delivery/hook-fish-%26-chicken-penn-hills/8tEJoRNNSpiN8hqaHTJ3zA,munhall-pennsylvania
https://www.ubereats.com/pittsburgh/food-delivery/primanti-bros-830-clairton-blvd/wny40HykS-CxQGMzHltsFQ,munhall-pennsylvania
https://www.ubereats.com/pittsburgh/food-delivery/steel-valley-coffee-roasters/E_8ipQ9-SYK5wptQB3Kvrg,munhall-pennsylvania
https://www.ubereats.com/pittsburgh/food-delivery/shumans-homewood/JdMTXYbqRVeLHPRFVIQhhQ,munhall-pennsylvania
https://www.ubereats.com/pittsburgh/food-delivery/chipotle-mexican-grill-4611-forbes-ave/nOBlkOdfSIuRKi9mxrRESA,munhall-pennsylvania
https://www.ubereats.com/pittsburgh/food-delivery/pizza-di-roma/vgfx_zCISsWAKoGhDTsYSQ,munhall-pennsylvania
https://www.ubereats.com/pittsburgh/food-delivery/pasquales-pizzeria/YJfj1V3jQeeiJe5dJb0V0A,munhall-pennsylvania
https://www.ubereats.com/pittsburgh/food-delivery/red-robin-307-175-e-waterfront-dr/7qjMur8TTdmusGVhCyB6xA,munhall-pennsylvania
https://www.ubereats.com/pittsburgh/food-delivery/arepittas/aORzrqBtSdudct8HHLCGhA,munhall-pennsylvania
https://www.ubereats.com/pittsburgh/food-delivery/cains-saloon-pitt/5OE4C-QhRnmL0nuv5u377g,munhall-pennsylvania
https://www.ubereats.com/pittsburgh/food-delivery/wood-%26-penn-restaurant/2I7x62ALSAaRzBNiyoGV1g,munhall-pennsylvania
https://www.ubereats.com/pittsburgh/food-delivery/dunkin-5889-forbes-ave/yvevPeaeSN2g96kKLggJQQ,munhall-pennsylvania
https://www.ubereats.com/pittsburgh/food-delivery/cafe-liminal/gslCX3iOQMqJaN-YMW8h4g,munhall-pennsylvania
https://www.ubereats.com/pittsburgh/food-delivery/texas-de-brazil-pittsburgh/5b7dmI2CSDCP2-L6hu-uew,munhall-pennsylvania
https://www.ubereats.com/pittsburgh/food-delivery/starbucks-bloomfield-liberty-ave/N_9bkXlrQfufsOvqCXlgOw,munhall-pennsylvania
https://www.ubereats.com/pittsburgh/food-delivery/big-shot-bobs-carnegie/n3gbSAnwTR2-B0Zs26wlLw,munhall-pennsylvania
https://www.ubereats.com/pittsburgh/food-delivery/keystone-cafe-llc/ffWtxLayR9KzOrhmex8RKA,munhall-pennsylvania
https://www.ubereats.com/pittsburgh/food-delivery/wangs-kitchen/btjmKarVQBqk_yuPvW-4Yg,munhall-pennsylvania
https://www.ubereats.com/pittsburgh/food-delivery/campus-deli/9edbcyr-S9KNQH6bjH-lZw,munhall-pennsylvania
https://www.ubereats.com/pittsburgh/food-delivery/primanti-brothers-waterfront-e-bridge-st/T2RkSfQTSDKJsxe8T5qmsw,munhall-pennsylvania
https://www.ubereats.com/pittsburgh/food-delivery/all-india-pittsburgh/BZbUkhQvSZWy4oR234oY-A,munhall-pennsylvania
https://www.ubereats.com/pittsburgh/food-delivery/vocelli-pizza-691-clairton-boulevard/pgSBg1XsRxOlnoAqR9Qv_Q,munhall-pennsylvania
https://www.ubereats.com/pittsburgh/food-delivery/subway-2020-ardmore-blvd/f8M_YxuSS4-UU3BkPkcuoQ,munhall-pennsylvania
https://www.ubereats.com/pittsburgh/food-delivery/wendys-351-lincoln-highway/gmPcQNzkTHeKq1RUKNKOmQ,munhall-pennsylvania
https://www.ubereats.com/pittsburgh/food-delivery/the-library/kaN2l0CyQm2jlWpHMTpANg,munhall-pennsylvania
https://www.ubereats.com/pittsburgh/food-delivery/italian-village-pizza/NyhQ6kyCRSWbrkgoyP4zOg,munhall-pennsylvania
https://www.ubereats.com/pittsburgh/food-delivery/lombardozzis4786-liberty-ave/MMoKDOK6Tjmx1Tz5iGJU6g,munhall-pennsylvania
https://www.ubereats.com/pittsburgh/food-delivery/denunzios-italian-trattoria/jjNKUAhHShCRSP6kY-skGQ,munhall-pennsylvania
https://www.ubereats.com/pittsburgh/food-delivery/quiznos-craig-st/3SjbbI4pRg299FenkUB9aw,munhall-pennsylvania
https://www.ubereats.com/pittsburgh/food-delivery/vocelli-pizza-4740-baum-blvd/TzW_wTJIQtWTTtMX9fp17g,munhall-pennsylvania
https://www.ubereats.com/pittsburgh/food-delivery/sly-fox-taphouse-at-the-point/56V6-1igQJWM502P385IGA,munhall-pennsylvania
https://www.ubereats.com/pittsburgh/food-delivery/subway-7714-penn-ave/31BjEtzURwyzFL0z_rz5kQ,munhall-pennsylvania
https://www.ubereats.com/pittsburgh/food-delivery/pizza-care/SNBiIMLDS-KwyJCqMpan_A,munhall-pennsylvania
https://www.ubereats.com/pittsburgh/food-delivery/middle-road-inn/R2w2OdP2Qb2W6dtkIsfGNQ,munhall-pennsylvania
https://www.ubereats.com/pittsburgh/food-delivery/tooties-famous-italian-beef/VAJyUoEVRu6ORobtF0mTYg,munhall-pennsylvania
https://www.ubereats.com/pittsburgh/food-delivery/primanti-brothers-monroeville/SAwdybDyQ1y9KX0mbWD7HQ,munhall-pennsylvania
https://www.ubereats.com/pittsburgh/food-delivery/crave-frozen-desserts/CG6Dc5AnTiu97fU6BvEyAg,munhall-pennsylvania
https://www.ubereats.com/pittsburgh/food-delivery/gaby-et-jules/eW-ObVm0RPCiVdpZMDw5_A,munhall-pennsylvania
https://www.ubereats.com/pittsburgh/food-delivery/first-watch-century-iii/o6N74Vs1QwWmHhrDxMCXlg,munhall-pennsylvania
https://www.ubereats.com/pittsburgh/food-delivery/the-forge-pgh/uAepIgfLSB26NGmesXUUZA,munhall-pennsylvania
https://www.ubereats.com/pittsburgh/food-delivery/wendys-4524-browns-hill-rd/g1veXm0iQSaMdTWdlgSxGQ,munhall-pennsylvania
https://www.ubereats.com/pittsburgh/food-delivery/cappys-cafe/M0lMwx2KQu62SPDDZN7sFg,munhall-pennsylvania
https://www.ubereats.com/pittsburgh/food-delivery/royal-caribbean/gbeA2DgAS1KT8X3cSfkgwQ,munhall-pennsylvania
https://www.ubereats.com/pittsburgh/food-delivery/als-fish-and-chicken-duquesne-blvd/mbsngmwmRVKA-B6tybgQsw,munhall-pennsylvania
https://www.ubereats.com/pittsburgh/food-delivery/deli-412/jLUhbs9fQeKk0OCSkB9QkA,munhall-pennsylvania
https://www.ubereats.com/pittsburgh/food-delivery/smallman-street-deli-smallman-st/JmqzZIzVRVux_thZ3mHr8Q,munhall-pennsylvania
https://www.ubereats.com/pittsburgh/food-delivery/homestead-capri-pizza/XJQIHfqYQ9iur8cIuVLBXQ,munhall-pennsylvania
https://www.ubereats.com/pittsburgh/food-delivery/burger-king-2900-brownsville-road/rB-F96zRSRaNzwQI_BPkdw,munhall-pennsylvania
https://www.ubereats.com/pittsburgh/food-delivery/arbys-5205-library-rd/-G0u7re9QQ6wFZn8b5QW3Q,munhall-pennsylvania
https://www.ubereats.com/pittsburgh/food-delivery/whats-cookin-at-caseys-oakmont-pa/RcbTvEYPSOS2pKt-dgT3PA,munhall-pennsylvania
https://www.ubereats.com/pittsburgh/food-delivery/toss-pizza-and-wings/41H7SBsPR3WjZn1iYydniw,munhall-pennsylvania
https://www.ubereats.com/pittsburgh/food-delivery/kings-family-restaurant-monroeville/ksX4hkG5RL2-KUbFQy6pIw,munhall-pennsylvania
https://www.ubereats.com/pittsburgh/food-delivery/brewdog-pittsburgh/GQh3uoEVQ7uT35sDlKFkiQ,munhall-pennsylvania
https://www.ubereats.com/pittsburgh/food-delivery/309-bonefish-grill-1835-washington-road/-cl-ytAbSS6Hx8R4x09yxA,munhall-pennsylvania
https://www.ubereats.com/pittsburgh/food-delivery/8th-ave-cafe/GlPSMRYDT9aLeUX_bwB_zw,munhall-pennsylvania
https://www.ubereats.com/pittsburgh/food-delivery/mas-honey/B9U51RE9SuCvp300qtPQqQ,munhall-pennsylvania
https://www.ubereats.com/pittsburgh/food-delivery/ihop-4656-browns-hill-rd/9-Bo_LvjQHego_nHf-btuA,munhall-pennsylvania
https://www.ubereats.com/pittsburgh/food-delivery/thai-%26-noodle-outlet/AO_AdUF_QuGtGWyNd9MzPA,munhall-pennsylvania
https://www.ubereats.com/pittsburgh/food-delivery/kfc-4915-baum-blvd/NBRy3qU0ToC9zPgb9tpkOw,munhall-pennsylvania
https://www.ubereats.com/pittsburgh/food-delivery/dennys-1829-lincoln-highway/8zxXe1XYTcG3EGYRjf121g,munhall-pennsylvania
https://www.ubereats.com/pittsburgh/food-delivery/crafthouse-stage-%26-grill/7C_sYYdkQ-61dFU9nTT7YA,munhall-pennsylvania
https://www.ubereats.com/pittsburgh/food-delivery/shogun-japanese-steakhouse/krzMixaaRlygFK6rES0Wzg,munhall-pennsylvania
https://www.ubereats.com/pittsburgh/food-delivery/campitis-pizzeria-bethel-park/cQkz0KAlTS6nGZ5dv6ikpQ,munhall-pennsylvania
https://www.ubereats.com/pittsburgh/food-delivery/dive-bar-%26-grille-south-side/Q65gnCQ3RUGJKg3HifQ-ZQ,munhall-pennsylvania
https://www.ubereats.com/pittsburgh/food-delivery/subway-995-greensburg-pike/CR7_YkF9Tr6qkFPW1xtd8g,munhall-pennsylvania
https://www.ubereats.com/pittsburgh/food-delivery/azorean-cafe/yoQd5SoFQmSVDKTlXhZdGg,munhall-pennsylvania
https://www.ubereats.com/pittsburgh/food-delivery/the-pie-place/SEPT_g7PR16KgGAXC3Q8Fw,munhall-pennsylvania
https://www.ubereats.com/pittsburgh/food-delivery/kfc-222-w-8th-ave/_5PAsahcTnythzM6-HqR1A,munhall-pennsylvania
https://www.ubereats.com/pittsburgh/food-delivery/arnolds-tea-house/9CT_DUx2SkOjauTyU3LH2A,munhall-pennsylvania
https://www.ubereats.com/pittsburgh/food-delivery/kfc-509-penn-ave/Lp-1tq-XSjeUH5p7nzKDew,munhall-pennsylvania
https://www.ubereats.com/pittsburgh/food-delivery/quik-it-chicken/5O6AQcvgR7qLDttsyV1p3A,munhall-pennsylvania
https://www.ubereats.com/pittsburgh/food-delivery/el-campesino/PYlFBdbRSne7cu7T4WBgkA,munhall-pennsylvania
https://www.ubereats.com/pittsburgh/food-delivery/vocelli-pizza-1687-washington-road/q1ZKmnGTSWm2QrYhkoPOEQ,munhall-pennsylvania
https://www.ubereats.com/pittsburgh/food-delivery/nak-won-garden/nD5UvrbSTXqKmhSP0m4DeA,munhall-pennsylvania
https://www.ubereats.com/pittsburgh/food-delivery/chipotle-mexican-grill-5986-centre-ave/ucryRrFvQ6OwNbTbXyl8Mg,munhall-pennsylvania
https://www.ubereats.com/pittsburgh/food-delivery/mintt-indian-restaurant-monroeville/GSS7J8ySTTWq6Bor-YMqMA,munhall-pennsylvania
https://www.ubereats.com/pittsburgh/food-delivery/atami-japan/newKucrVTR-rvv9R6PsnuA,munhall-pennsylvania
https://www.ubereats.com/pittsburgh/food-delivery/crazy-mocha-squirrel-hill/sts7jBBsQReTvOo66iWrWQ,munhall-pennsylvania
https://www.ubereats.com/pittsburgh/food-delivery/edgewood-beer-%26-tobacco/UhVNO8ZKR6G44xwiXP9akQ,munhall-pennsylvania
https://www.ubereats.com/pittsburgh/food-delivery/ruggers-pub/YDl7pgMPS760th8IRSnIOg,munhall-pennsylvania
https://www.ubereats.com/pittsburgh/food-delivery/bagel-factory/e0Ci7y2zQ5-6seqcOTOQnw,munhall-pennsylvania
https://www.ubereats.com/pittsburgh/food-delivery/italian-village-pizza-2nd-ave/PO2SDLetR_66zRAj1vMlzA,munhall-pennsylvania
https://www.ubereats.com/pittsburgh/food-delivery/crispy-cluck-%26-fish/IUM4B4zFSrSBk3Gl-jtdvA,munhall-pennsylvania
https://www.ubereats.com/pittsburgh/food-delivery/merlinos-pizza/OYyvOjvbTw6UcotaLb3f5g,munhall-pennsylvania
https://www.ubereats.com/pittsburgh/food-delivery/emilianos-mexican-restaurant-%26-bar-e-carson/72WjEtUqTQKehzC1qv2mWg,munhall-pennsylvania
https://www.ubereats.com/pittsburgh/food-delivery/roots-natural-kitchen-pittsburgh/G1oT8R9pTsK3HVMAcTjF3Q,munhall-pennsylvania
https://www.ubereats.com/pittsburgh/food-delivery/moroccan-bites/yR71eHWIQzOSt0ZnVsy_nw,munhall-pennsylvania
https://www.ubereats.com/pittsburgh/food-delivery/papa-johns-pizza-frankstown/_rNZ7lNZRsOLZuJ4_B1R7A,munhall-pennsylvania
https://www.ubereats.com/pittsburgh/food-delivery/a-family-flavor/pnTqiSxeT0qC7de2ThTmsw,munhall-pennsylvania
https://www.ubereats.com/pittsburgh/food-delivery/little-tokyo-bistro/OE6OYfoBR7q24Qz1LiFvbg,munhall-pennsylvania
https://www.ubereats.com/pittsburgh/food-delivery/india-on-wheels/Rkza_OqtSs-OeSSgEPOieA,munhall-pennsylvania
https://www.ubereats.com/pittsburgh/food-delivery/tgi-fridays-1101-pittsburgh-waterfront-pa/N8l2LBUcQsOBXdgTYwT-lw,munhall-pennsylvania
https://www.ubereats.com/pittsburgh/food-delivery/pizza-parma-shadyside/_EIK0lzpQ2y4nM-mKTF8Sw,munhall-pennsylvania
https://www.ubereats.com/pittsburgh/food-delivery/cilantro-%26-ajo/fWBBarLnSQ-mT4t3fxIO4A,munhall-pennsylvania
https://www.ubereats.com/pittsburgh/food-delivery/pittzarella/VInC9_JfRTSp7DdA-O_E5Q,munhall-pennsylvania
https://www.ubereats.com/pittsburgh/food-delivery/little-bangkok-in-the-strip/l8XOpy22SnmD7gBjlxjvBA,munhall-pennsylvania
https://www.ubereats.com/pittsburgh/food-delivery/forks-%26-knives-bistro/QzFZPjtaTbOqi6bmQygjPA,munhall-pennsylvania
https://www.ubereats.com/pittsburgh/food-delivery/dunkin-2150-brownsville-rd/tOfFAQLFRZCvE9phkTquLg,munhall-pennsylvania
https://www.ubereats.com/pittsburgh/food-delivery/pita-pit-pittsburgh/dZKqMGR_RcKj3lWNvXN5Qw,munhall-pennsylvania
https://www.ubereats.com/pittsburgh/food-delivery/subway-133-w-8th-ave/KjtuemcqRUWOJGxTyqk_Vg,munhall-pennsylvania
https://www.ubereats.com/pittsburgh/food-delivery/subway-1325-hoffman-blvd/DPFlEHsETUi4DhE3Jndjqw,munhall-pennsylvania
https://www.ubereats.com/pittsburgh/food-delivery/subway-1750-greensburg-pike/OYo0_NHQTMWJUpr8c0LMiA,munhall-pennsylvania
https://www.ubereats.com/pittsburgh/food-delivery/t-swirl-crepe-pittsburgh/FQjfDSu8TIqucGoEL9x-LA,munhall-pennsylvania
https://www.ubereats.com/pittsburgh/food-delivery/szechuan-express/FP2ZqNANR3KzFhj1s6H1Bg,munhall-pennsylvania
https://www.ubereats.com/pittsburgh/food-delivery/simmies-restaurant-and-lounge/8B8OoyZhTWi7VFCnI-LTng,munhall-pennsylvania
https://www.ubereats.com/pittsburgh/food-delivery/coachs-bottleshop-%26-grille/RP2aSfPzTamzvMH44JX9rg,munhall-pennsylvania
https://www.ubereats.com/pittsburgh/food-delivery/nakama-japanese-steak-house-carson-st/ZXilcqPyQRODKZ5RcQcaaQ,munhall-pennsylvania
https://www.ubereats.com/pittsburgh/food-delivery/foxs-pizza-den-104-church-st/IE_MO_TRTNWSnv1oDRvCJw,munhall-pennsylvania
https://www.ubereats.com/pittsburgh/food-delivery/starbucks-bakery-square-penn-ave/Ac0zIDpCRXu8VUYT1JRAQg,munhall-pennsylvania
https://www.ubereats.com/pittsburgh/food-delivery/coriander-indian-grill/3qM-plWWQW6CB6mY_0Ff0Q,munhall-pennsylvania
https://www.ubereats.com/pittsburgh/food-delivery/pad-thai-noodle/CgjdHNQuQo2V8taYyzlgnA,munhall-pennsylvania
https://www.ubereats.com/pittsburgh/food-delivery/one-stop-health-and-wellness-cafe/J0bmdRsSQ7S47PI4Na4NeA,munhall-pennsylvania
https://www.ubereats.com/pittsburgh/food-delivery/the-crafty-jackalope/njOAPLWFQQaRe8bSWWIyCA,munhall-pennsylvania
https://www.ubereats.com/pittsburgh/food-delivery/little-asia-oakland/osAMzqAaSSSOQJhSz5-prw,munhall-pennsylvania
https://www.ubereats.com/pittsburgh/food-delivery/turkish-kebab-house/_x7SsXcZRp-2amyzCdjT_Q,munhall-pennsylvania
https://www.ubereats.com/pittsburgh/food-delivery/sahara-restaurant-and-grill/Z6Tgb4ouSAevweZ-8ULfag,munhall-pennsylvania
https://www.ubereats.com/pittsburgh/food-delivery/sichuan-gourmet-murray-ave/EC4C8trfThyXzEKbDk5Ndg,munhall-pennsylvania
https://www.ubereats.com/pittsburgh/food-delivery/original-gyro/nResO2PcR2q6VJR5rjJ6gg,munhall-pennsylvania
https://www.ubereats.com/pittsburgh/food-delivery/china-cafe-pittsburgh/mQJ9qFThSSCQOZu0el8rbg,munhall-pennsylvania
https://www.ubereats.com/pittsburgh/food-delivery/taste-of-india/H_dgHwl9RXqE-vMYD3eEhQ,munhall-pennsylvania
https://www.ubereats.com/pittsburgh/food-delivery/el-campesino-mcnight/_odQfshPTDWxN_uRU3bLbQ,munhall-pennsylvania
https://www.ubereats.com/pittsburgh/food-delivery/coughlins-law-kitchen-and-ale-house/T61BDMMcR-K20Ek6HamEaw,munhall-pennsylvania
https://www.ubereats.com/pittsburgh/food-delivery/los-cabos/yCV1JgOeSu6Fmoj-zEHksA,munhall-pennsylvania
https://www.ubereats.com/pittsburgh/food-delivery/sincerely-yogurt-2740-stroschein-rd/ibKInHNHTa6jgvvb2Cz1ww,munhall-pennsylvania
https://www.ubereats.com/pittsburgh/food-delivery/breakfast-at-shellys/aTK1LZtDQVmh_gLpNM8Xjg,munhall-pennsylvania
https://www.ubereats.com/pittsburgh/food-delivery/dunkin-2065-ardmore-blvd/cUUJaahcRS6NZl3RyEIdUw,munhall-pennsylvania
https://www.ubereats.com/pittsburgh/food-delivery/the-coal-mine/3a96G8nQQPSzTnCgIhzzZg,munhall-pennsylvania
https://www.ubereats.com/pittsburgh/food-delivery/v3-flatbread-pizza-11-5th-ave/nEBQswu8TSmJ8tqt0pkkPg,munhall-pennsylvania
https://www.ubereats.com/pittsburgh/food-delivery/bob-evans-80-2210-lebanon-church-road/VhU0jKDhQWmfhzqGKe7ERQ,munhall-pennsylvania
https://www.ubereats.com/pittsburgh/food-delivery/the-pub-chip-shop/1X4G9ZGsSpqVgaZAHtdxVw,munhall-pennsylvania
https://www.ubereats.com/pittsburgh/food-delivery/vickeys-soul-grill-takeout/M3Qame4AQq6uFDOSMHqJ6A,munhall-pennsylvania
https://www.ubereats.com/pittsburgh/food-delivery/sincerely-yogurt-2737-east-carson-street/YpsVivuGToemKwtX3fmOmQ,munhall-pennsylvania
https://www.ubereats.com/pittsburgh/food-delivery/bea-taco-town/FkffbtcTQS-KcdGfIiGDww,munhall-pennsylvania
https://www.ubereats.com/pittsburgh/food-delivery/wendys-2280-lebanon-church-rd/48SG5ClfSKOVZqwFIZ-1pg,munhall-pennsylvania
https://www.ubereats.com/pittsburgh/food-delivery/muddy-waters/Uopkg5dIQZSFezOhry0pgg,munhall-pennsylvania
https://www.ubereats.com/pittsburgh/food-delivery/salems-market-%26-grill-llc/W9W36ZI0RnubPnKcdWT0ag,munhall-pennsylvania
https://www.ubereats.com/pittsburgh/food-delivery/pizza-romano-pittsburgh/GSTh_7WdT86-V3Kz8aSfCw,munhall-pennsylvania
https://www.ubereats.com/pittsburgh/food-delivery/frankie-bunz/p_DhJH3_TI-q_tEti7umRA,munhall-pennsylvania
https://www.ubereats.com/pittsburgh/food-delivery/wendys-603-clairton-blvd/8fVNdHfXTPi0_WzsruQ_OA,munhall-pennsylvania
https://www.ubereats.com/pittsburgh/food-delivery/chaparros-tacos/t7OmBSpXTH63mPUyxmhelQ,munhall-pennsylvania
https://www.ubereats.com/pittsburgh/food-delivery/jj-poke-bowl-%26-taiwanese-bubble-tea/G2BFa207SaqN2-iDbeI1cA,munhall-pennsylvania
https://www.ubereats.com/pittsburgh/food-delivery/steel-cactus-southside/FQP41EV5QjaPylNGiWlwjw,munhall-pennsylvania
