url,city
https://www.ubereats.com/dallas/food-delivery/frankies-mexican-cuisine-richardson/BOATw766TOO5BkeqOGJp3Q,murphy-texas
https://www.ubereats.com/dallas/food-delivery/glorias-latin-cuisine-152-fountain-court/4Oa8ZCPUTCSh_euWZOY7aQ,murphy-texas
https://www.ubereats.com/dallas/food-delivery/wayback-burgers-222-e/X2p0bAOUTJC_nqB7g0O5_w,murphy-texas
https://www.ubereats.com/dallas/food-delivery/kfc-200-n-greenville-ave/c2f3ZRTrTRazNC2CVSw7uA,murphy-texas
https://www.ubereats.com/dallas/food-delivery/which-wich-garland/RmLa8sxBRYSjB1nt-kz0-Q,murphy-texas
https://www.ubereats.com/dallas/food-delivery/yogurtland-4170-lavon-dr-ste-176/UphC06gnQRCJLTIj6ZpaMA,murphy-texas
https://www.ubereats.com/dallas/food-delivery/sonic-721-jupiter/bWI5wmWASnCR9E2kV9gQtQ,murphy-texas
https://www.ubereats.com/dallas/food-delivery/napolis-italian-restaurant-plano-park-blvd/nalHS73lQhamcSgS762cKA,murphy-texas
https://www.ubereats.com/dallas/food-delivery/panda-express-3209-lakeview-parkway/HmSSXlU9Qca0zi6unJYjuw,murphy-texas
https://www.ubereats.com/dallas/food-delivery/twin-peaks-1700-n-central-expy/qoDjDhqTSyukLSYS1XNUmA,murphy-texas
https://www.ubereats.com/dallas/food-delivery/dickeys-barbecue-1413-w-buckingham-rd/wMuj6zlYS-Ce_Gjm-t475A,murphy-texas
https://www.ubereats.com/dallas/food-delivery/mooyah-burgers-6100-k-ave-%23104c/kZFgw8hIQ46C6jVFfcxEVw,murphy-texas
https://www.ubereats.com/dallas/food-delivery/glazed-donut-lounge/GrgA9VxKTlWYmS5kJVTKEg,murphy-texas
https://www.ubereats.com/dallas/food-delivery/good-union-bbq/vdfovQ6cReaePDTb5PV_4g,murphy-texas
https://www.ubereats.com/dallas/food-delivery/chipotle-mexican-grill-283-w-campbell-rd/_AFO7TJ8Ts6LSrBV21MgKw,murphy-texas
https://www.ubereats.com/dallas/food-delivery/champion-gourmet/yOD6YnpOQoimGEnDpTdHiA,murphy-texas
https://www.ubereats.com/dallas/food-delivery/morning-donuts/k-n-7tgVT5aVd54AGV97Gw,murphy-texas
https://www.ubereats.com/dallas/food-delivery/venezias/Sr3XbozIRaa8Ht-P5bmO3g,murphy-texas
https://www.ubereats.com/dallas/food-delivery/mi-pueblito-colombiano/kOQ3gSPbR6KGBQtJxnie6w,murphy-texas
https://www.ubereats.com/dallas/food-delivery/taco-bell-1809-e-bethany-dr/m78hkqXjT92WnBLEIz9KMQ,murphy-texas
https://www.ubereats.com/dallas/food-delivery/starbucks-75-%26-spring-creek/PnHjV8EJTkSb0q6ROZF6uQ,murphy-texas
https://www.ubereats.com/dallas/food-delivery/el-tacontento/F79_P7i9SDKm2upGlxHCbg,murphy-texas
https://www.ubereats.com/dallas/food-delivery/fish-city-grill-garland/bGdwjWpKQVWgWPG7s-Sivw,murphy-texas
https://www.ubereats.com/dallas/food-delivery/chick-fil-a-117-e-fm-544/MKF8lUrLSNSD67ln8z-JOw,murphy-texas
https://www.ubereats.com/dallas/food-delivery/i-heart-yogurt/DBgDg1wtRemESCKS8x4z_A,murphy-texas
https://www.ubereats.com/dallas/food-delivery/mogios-gourmet-pizza/ZLcWYxGPQhaQOWKuOgpM_g,murphy-texas
https://www.ubereats.com/dallas/food-delivery/taqueria-diana-%235/OXRqmagaTN2RQ_mXFBnpwQ,murphy-texas
https://www.ubereats.com/dallas/food-delivery/luna-grill-richardson/VU7KeXaYQwiEOwbCQm821A,murphy-texas
https://www.ubereats.com/dallas/food-delivery/glorias-latin-cuisine-9360-coneflower-drive/dyFp7q_7TNybE3VfXhxlPA,murphy-texas
https://www.ubereats.com/dallas/food-delivery/taco-bell-1601-fm-544/PSXEJM59SQyEB4m6YMforA,murphy-texas
https://www.ubereats.com/dallas/food-delivery/kfc-2301-east-14th-street/jH8IVP_aTIiVHi_5AvCZ7g,murphy-texas
https://www.ubereats.com/dallas/food-delivery/tkk-fried-chicken-2067-n-central-expresswaysuite-100/dQ8G0HKIS6aT3O8huihrvA,murphy-texas
https://www.ubereats.com/dallas/food-delivery/pjs-smokin-bbq/RXS8MVtFSfKMaxVi5uFSkQ,murphy-texas
https://www.ubereats.com/dallas/food-delivery/the-cuban-way/3Ppf9GY0R5m0JkDaftHsvw,murphy-texas
https://www.ubereats.com/dallas/food-delivery/912-bonefish-grill-190-e-stacy-rd-ste-100/JgDLeq-USYmnJuo_S2rgIQ,murphy-texas
https://www.ubereats.com/dallas/food-delivery/papa-johns-2105-buckingham-rd-suite-2105/2hpAlXAdQES-tt-dXkrvrQ,murphy-texas
https://www.ubereats.com/dallas/food-delivery/pf-changs-915-w-bethany-dr/c2fGb_CfRRiBGmGrMHIlWQ,murphy-texas
https://www.ubereats.com/dallas/food-delivery/bonnie-ruths/l8M0tkfxS8C4FG8foPQLDg,murphy-texas
https://www.ubereats.com/dallas/food-delivery/tineo-peruvian-cafe/fPjiHsvhQY-2BG05YuAwdA,murphy-texas
https://www.ubereats.com/dallas/food-delivery/starbucks-hwy-75-%26-bethany/Fq4Jwt33TBaQ0rjZ8NaKxQ,murphy-texas
https://www.ubereats.com/dallas/food-delivery/italian-villa/e8LTklQjQHi8sDYpkSPlgA,murphy-texas
https://www.ubereats.com/dallas/food-delivery/tandoori-pizza-%26-grill/ZmL-PaKLTxyMWZYH1mtCtQ,murphy-texas
https://www.ubereats.com/dallas/food-delivery/orange-leaf-frozen-yogurt-803-woodbridge-pkwy/QUCmENeoSfm46MIU8Og0OA,murphy-texas
https://www.ubereats.com/dallas/food-delivery/gyros-%26-kabobs/XXCXpz5xQBOBmGhOES6SJQ,murphy-texas
https://www.ubereats.com/dallas/food-delivery/moms-cafe/JxWeat8tTh2rfqj_SLU7PQ,murphy-texas
https://www.ubereats.com/dallas/food-delivery/bacon-bouquets/5FuMWtMuQvi-1vIydcl8Hg,murphy-texas
https://www.ubereats.com/dallas/food-delivery/ken-japanese-bistro/zL3H4E3sS0GG9FC_o7SNnA,murphy-texas
https://www.ubereats.com/dallas/food-delivery/marios-eastside-pizza/L54aoZxVTSGpfSLhcxelEw,murphy-texas
https://www.ubereats.com/dallas/food-delivery/red-truck-cafe/Pu9fry4XQ2yS6rLibhPcXA,murphy-texas
https://www.ubereats.com/dallas/food-delivery/chicken-express-5501-rowlett-rd/mHcywpGySXCkd6z6oMa-3w,murphy-texas
https://www.ubereats.com/dallas/food-delivery/taco-bell-6606-dalrock-rd/XBRBgoR1SaWOn-KEeJagkw,murphy-texas
https://www.ubereats.com/dallas/food-delivery/lohas-teriyaki/KnbERXd-RaqB5nyZtFSduw,murphy-texas
https://www.ubereats.com/dallas/food-delivery/osaka-hibachi-sushi-%26-bar/GuPWDTcrQQK3Lcvz8ZCVhQ,murphy-texas
https://www.ubereats.com/dallas/food-delivery/cafe-brazil-richardson/qDChWG-ZQGirQtaQBUw9Rw,murphy-texas
https://www.ubereats.com/dallas/food-delivery/ihop-3586-wiley/ppLDKq-0RsehP6FDdJ4SIw,murphy-texas
https://www.ubereats.com/dallas/food-delivery/gorditas-la-rancherita/05xpbeQ8TCuee3G5WwyTwA,murphy-texas
https://www.ubereats.com/dallas/food-delivery/shinrai-japanese-bistro/NLbKiMpHSMSQqRh8pyFEGg,murphy-texas
https://www.ubereats.com/dallas/food-delivery/chipotle-mexican-grill-3109-lakeview-pkwy/Tp4rAqeTSiSz07ZsHIv0Wg,murphy-texas
https://www.ubereats.com/dallas/food-delivery/frankies-casa-cocina-mexicana/_Ku6i4XZQ6Sybm_pn7SSrA,murphy-texas
https://www.ubereats.com/dallas/food-delivery/subway-430-s-hwy-78/Vf3P-2THQwugIlSMjfdW_g,murphy-texas
https://www.ubereats.com/dallas/food-delivery/umi-sushi/-02yqYdtSC2F0MhSkFZCAQ,murphy-texas
https://www.ubereats.com/dallas/food-delivery/fang-fang-chinese-food/N3ZjR9x5TG-CxSseBIOG0A,murphy-texas
https://www.ubereats.com/dallas/food-delivery/hooties-burger-bar-garland/Tv0NLZegRH-U3PqwO4LSyQ,murphy-texas
https://www.ubereats.com/dallas/food-delivery/starbucks-fm-544-%26-murphy-rd/bu6sPf26QwqPESF-IzpGlQ,murphy-texas
https://www.ubereats.com/dallas/food-delivery/taco-cabana-1101-e-spring-creek-pkwy/OJ_BfP1ERvSRuAXeI067og,murphy-texas
https://www.ubereats.com/dallas/food-delivery/mcdonalds-plano-spring-crk/NEEYVq-yRESkgxWJVqBnCw,murphy-texas
https://www.ubereats.com/dallas/food-delivery/corazon-latino/cr7ET_AmTQO1PCQdXOYn2A,murphy-texas
https://www.ubereats.com/dallas/food-delivery/teriyaki-sensei/RQ7LTFiEQeCvoXEtOWZdYw,murphy-texas
https://www.ubereats.com/dallas/food-delivery/yama-izakaya-%26-sushi-legacy/T_C1cPzDSXOF4jIc8a5Ivg,murphy-texas
https://www.ubereats.com/dallas/food-delivery/free-play-richardson/jlMJxVYuRSuD7HqvFjnQFQ,murphy-texas
https://www.ubereats.com/dallas/food-delivery/south-fork-steak-and-crab/HDiHJe67R4ujQdamfVOFGQ,murphy-texas
https://www.ubereats.com/dallas/food-delivery/k-street/qaO8qb1UQdu1a0_uwB4T4A,murphy-texas
https://www.ubereats.com/dallas/food-delivery/happy-panda-chinese-restaurant/hbTUSy0OSnC8qxeWua8g9w,murphy-texas
https://www.ubereats.com/dallas/food-delivery/dona-mary/mc-UVTo2Qr6jHLsq-hveuQ,murphy-texas
https://www.ubereats.com/dallas/food-delivery/zero-degrees-plano/8aUyoTTPRoCv10UWwKzvkg,murphy-texas
https://www.ubereats.com/dallas/food-delivery/eddie-napolis/wa7wfEW9Sne6C6DJW8xz1Q,murphy-texas
https://www.ubereats.com/dallas/food-delivery/napolis-italian-restaurant-wylie/QhRsZX-gRG2-XRpKU1BdXg,murphy-texas
https://www.ubereats.com/dallas/food-delivery/pancho-%26-leftys-rowlett/YgolczJqSRqlrWhsu8V8Ug,murphy-texas
https://www.ubereats.com/dallas/food-delivery/main-event-plano/xQDPS7Z-TmW3wyIW4lRXrA,murphy-texas
https://www.ubereats.com/dallas/food-delivery/abuelos-plano-tx/81AQSHAGTHWnxMjmjCp_cA,murphy-texas
https://www.ubereats.com/dallas/food-delivery/spicemart-grocers-%26-caterers/E2X_R1JuS96_9lYze1FjEQ,murphy-texas
https://www.ubereats.com/dallas/food-delivery/sushi-go-richardson/UupmAYMuRz2y4hVl-OiuEQ,murphy-texas
https://www.ubereats.com/dallas/food-delivery/jack-in-the-box-201-w-parker-rd/wEvkoys0ROapf-HJkkCPPg,murphy-texas
https://www.ubereats.com/dallas/food-delivery/grill-house/qEnwtOwhTSK1lHIQ6o-OTw,murphy-texas
https://www.ubereats.com/dallas/food-delivery/cajun-donuts-ii/5SyDNQgyT763p7gVTypDww,murphy-texas
https://www.ubereats.com/dallas/food-delivery/sonic-2001-state-hwy-66/jlXyTT7sSDuQObXH5A-uZQ,murphy-texas
https://www.ubereats.com/dallas/food-delivery/starbucks-hwy-78-%26-190/TpGtSgpRRpiMCZkFyPZ1tQ,murphy-texas
https://www.ubereats.com/dallas/food-delivery/subway-1546-e-stacy-rd/WTHARuS2SX2xnwjkYwsdSw,murphy-texas
https://www.ubereats.com/dallas/food-delivery/ferah-tex-med-kitchen/KJatgt-AQ6esYljA9Mmf2w,murphy-texas
https://www.ubereats.com/dallas/food-delivery/papa-murphys-tx043-901-west-fm-544-suite-200/tjtBuSxfTS2ITp2xcRPbjw,murphy-texas
https://www.ubereats.com/dallas/food-delivery/urban-eatz-richardson/gxLgNZSESyG9FJZJ57iD0w,murphy-texas
https://www.ubereats.com/dallas/food-delivery/taqueria-los-angeles/whG5JwkZQzejkhsJYXd8Tw,murphy-texas
https://www.ubereats.com/dallas/food-delivery/buffalo-wild-wings-3625-central-expy-ste-100/wX7-NlJSTe6Dlo4BE3iyRA,murphy-texas
https://www.ubereats.com/dallas/food-delivery/murphys-deli/mu9yt9UwR3iBFHQiXfLr8w,murphy-texas
https://www.ubereats.com/dallas/food-delivery/lime-n-dime/q2ytAQ7ZRMWOJGwwPng3vg,murphy-texas
https://www.ubereats.com/dallas/food-delivery/amigos-restaurant/fAVdNgcXTte7QlmoaTFI1Q,murphy-texas
https://www.ubereats.com/dallas/food-delivery/taste-of-poland/FV1uWECJT0uS21PGE2Qzhw,murphy-texas
https://www.ubereats.com/dallas/food-delivery/chips-%26-salsa-tex-mex-%26-cantina/l_cUjaFwSGmYmk7mn8W9gQ,murphy-texas
https://www.ubereats.com/dallas/food-delivery/chick-fil-a-212-w-plano-pkwy/fXN8WsOjQiavTAesd2aGDA,murphy-texas
https://www.ubereats.com/dallas/food-delivery/sonic-5020-garland-ave/Uxwn7n_oTs-m-qXh8yM10A,murphy-texas
https://www.ubereats.com/dallas/food-delivery/gong-cha-plano/5KCYJoBdQdy9vYbRFLPupQ,murphy-texas
https://www.ubereats.com/dallas/food-delivery/pangea-restaurant-%26-bar/JiMrZY8UR3me_o-cSiG4yQ,murphy-texas
https://www.ubereats.com/dallas/food-delivery/arbys-201-n-central-expwy/MYbwYzXsQNaT70lv1UL1Qg,murphy-texas
https://www.ubereats.com/dallas/food-delivery/mcdonalds-murphy-tx-544-%26-murphy/GGj9HSdDSsah1v0Cn0JBCw,murphy-texas
https://www.ubereats.com/dallas/food-delivery/country-club-cafe/-WMqNJf3Q7mLZiK0Se2_UA,murphy-texas
https://www.ubereats.com/dallas/food-delivery/starbucks-mcdermott-%26-central-exprwy/_wPOf5_5TYKNaE_0ikLp6g,murphy-texas
https://www.ubereats.com/dallas/food-delivery/nicos-cantina/FdwPrjhcTp2r01jqjzkwbA,murphy-texas
https://www.ubereats.com/dallas/food-delivery/spazo-restaurant-%26-bar/K4V254A3QIe-ptRW6JoDBA,murphy-texas
https://www.ubereats.com/dallas/food-delivery/wendys-709-w-spring-creek-pkwy/uXPYOkdwTjqPiZOi7Yv_CA,murphy-texas
https://www.ubereats.com/dallas/food-delivery/jersey-mikes-subs-hwy-66-%26-pres-george-bush-hwy/kUQL17YzQq-Kemqn8rW_aw,murphy-texas
https://www.ubereats.com/dallas/food-delivery/sonic-1805-e-bethany-st/I99YaLfzTIy-7hxl1zLXuA,murphy-texas
https://www.ubereats.com/dallas/food-delivery/outback-steakhouse-4902-north-george-bush-highway/yJ0GoAhZTQSuq-WymDtM3A,murphy-texas
https://www.ubereats.com/dallas/food-delivery/new-york-eats-richardson/N6P9P12TSUOGL6L-5wxmyw,murphy-texas
https://www.ubereats.com/dallas/food-delivery/snappy-salads-campbell-road/uKq2fKONTIaQOdFt95g2BQ,murphy-texas
https://www.ubereats.com/dallas/food-delivery/the-original-pancake-house-2301-n-central-expy/gVmtd4RfT4ukwY9352rTJA,murphy-texas
https://www.ubereats.com/dallas/food-delivery/signature-kabab-%26-grill/LL7xCKbhSCSVJLSGmqiXFA,murphy-texas
https://www.ubereats.com/dallas/food-delivery/spice-creation-fine-indian-kitchen/S79BTAVkSg27KNeRDuFYeA,murphy-texas
https://www.ubereats.com/dallas/food-delivery/nicks-sports-grill-rowlett/ep16kH6nSb2M2Uc_tNJljg,murphy-texas
https://www.ubereats.com/dallas/food-delivery/hali-boyz-mexican-american-grille/qrtK5CvTQrSn7luoIOhzeg,murphy-texas
https://www.ubereats.com/dallas/food-delivery/the-blue-fish-stacy-rd/OxrEgwoST8i0A3U_mh7Efg,murphy-texas
https://www.ubereats.com/dallas/food-delivery/taco-bueno-3193-sachse-%231/eKnW5to-RJeIABi3Dw9Q9A,murphy-texas
https://www.ubereats.com/dallas/food-delivery/savorite-southern-cuisine/QeZ3juNZQNyAsuzoxKCtjg,murphy-texas
https://www.ubereats.com/dallas/food-delivery/smiley-cup/qUPUPPmlT367EGFJfS5Yig,murphy-texas
https://www.ubereats.com/dallas/food-delivery/razzoos-cajun-cafe-firewheel/ZgiAevbgT-6NCJs8_IMtQA,murphy-texas
https://www.ubereats.com/dallas/food-delivery/flamin-pan-korean-bbq-grill/8-wpqE1VSBewD_HBRcD0Lw,murphy-texas
https://www.ubereats.com/dallas/food-delivery/boston-market-701-w-15th-st/M0SOePz7QzOFBcLFTtj69A,murphy-texas
https://www.ubereats.com/dallas/food-delivery/donut-express/3tkLBgKtTumRT06Sg4F_dg,murphy-texas
https://www.ubereats.com/dallas/food-delivery/taco-cabana-2041-n-central-expwy/XSPfKtZXRsiv0OPGc8jEFw,murphy-texas
https://www.ubereats.com/dallas/food-delivery/pie-five-pizza-murphy/zmZ9o9DIQKqYDfainmW_fQ,murphy-texas
https://www.ubereats.com/dallas/food-delivery/crispy-chicken-%26-rice/e19XqaIASRKEM_OnIziEAg,murphy-texas
https://www.ubereats.com/dallas/food-delivery/dough-gourmet-pizza/p4OBIZsbS4Cxcmpeqo0AJA,murphy-texas
https://www.ubereats.com/dallas/food-delivery/which-wich-wylie/pqEbns-TSM6FTFv6BHu9DA,murphy-texas
https://www.ubereats.com/dallas/food-delivery/subway-230-west-parker-rd/VkHOiYxwQ8m_85n8cY2fLg,murphy-texas
https://www.ubereats.com/dallas/food-delivery/fruteria-tropical/2NK1mpIgRbK1KdIuBIBQDw,murphy-texas
https://www.ubereats.com/dallas/food-delivery/opa!-greek-taverna/MYlM_YpmQFyO2b8g0LQ0Aw,murphy-texas
https://www.ubereats.com/dallas/food-delivery/spice-kraft/AmZHGhZKR7iEk7oTGW47Yg,murphy-texas
https://www.ubereats.com/dallas/food-delivery/sonic-501-n-williams/G93NdqqJRciF4UJiK9iA9g,murphy-texas
https://www.ubereats.com/dallas/food-delivery/sushi-box/uwkNvqzQQIauXSG-2PKxHQ,murphy-texas
https://www.ubereats.com/dallas/food-delivery/red-lobster-3501-central-expressway/74kHDlYuSfGW7UuANlAEIQ,murphy-texas
https://www.ubereats.com/dallas/food-delivery/fuji-seafood-sushi-buffet/Xj7ZylniSP2vxWOHuNAVrg,murphy-texas
https://www.ubereats.com/dallas/food-delivery/tropical-smoothie-cafe-226-e-fm-544-suite-110/qSVtuK3YSL2Yr0kfS03u6w,murphy-texas
https://www.ubereats.com/dallas/food-delivery/jack-in-the-box-1205-jupiter-rd/IPKXMSc5TgyITsAuYoFxNQ,murphy-texas
https://www.ubereats.com/dallas/food-delivery/jack-in-the-box-1405-n-central-expy/9aGTKe9lRxGEPTO5PqufMA,murphy-texas
https://www.ubereats.com/dallas/food-delivery/wok-xpress-murphy/_GdB6eslRyGqExKnpRbU5g,murphy-texas
https://www.ubereats.com/dallas/food-delivery/pei-wei-4170-lavon-dr/qTQt6oICRAyl8CPZKsfyNw,murphy-texas
https://www.ubereats.com/dallas/food-delivery/flying-fish-firewheel/dNmntJgyRN-wJ5Ia4YBd8w,murphy-texas
https://www.ubereats.com/dallas/food-delivery/sweetwaters-coffee-%26-tea-shire-blvd/BFK_pLOlTDWLPCu3C4KocA,murphy-texas
https://www.ubereats.com/dallas/food-delivery/madina-market/qsLZaE_4QiO7iqPpGdchmg,murphy-texas
https://www.ubereats.com/dallas/food-delivery/board-bites/bDCVU_K4RteWdMz_4ZIqBQ,murphy-texas
https://www.ubereats.com/dallas/food-delivery/edoko-sushi-and-robata-richardson/uMN3jjtwSveaejtU-MXxQQ,murphy-texas
https://www.ubereats.com/dallas/food-delivery/chick-fil-a-5425-n-george-bush-hwy/SwZoBgSYSMmSK68JXd4rLA,murphy-texas
https://www.ubereats.com/dallas/food-delivery/jack-in-the-box-201-south-highway-78/b6oxixxVQnCdh6OHwulC3g,murphy-texas
https://www.ubereats.com/dallas/food-delivery/pizza-azteca/TdyLr9AnS2uPgqSRl9Mb4w,murphy-texas
https://www.ubereats.com/dallas/food-delivery/golden-chick-wylie/TiBjWFNtS52TnyypyXG-Tw,murphy-texas
https://www.ubereats.com/dallas/food-delivery/arbys-1706-fm-544/H6nzqdVCTUuohxPpFaKqTQ,murphy-texas
https://www.ubereats.com/dallas/food-delivery/franchise-grill-plano/uky_oGZuT9KUa0v1OtpWzw,murphy-texas
https://www.ubereats.com/dallas/food-delivery/judys-cafe/QnP80cwwTN2azoxLsB1L7Q,murphy-texas
https://www.ubereats.com/dallas/food-delivery/oni-ramen-richardson/ccX9NG1yQNSwMLDL44MuQg,murphy-texas
https://www.ubereats.com/dallas/food-delivery/el-grande-burrito/S-ltbwr4RhyUgjC6IZSLkg,murphy-texas
https://www.ubereats.com/dallas/food-delivery/taco-bell-1606-e-belt-line-rd/6Bmh5SseSa6o_ew6ICstng,murphy-texas
https://www.ubereats.com/dallas/food-delivery/napolis-italian-restaurant-allen/XQURiX9ZREiONfwJhLxo8g,murphy-texas
https://www.ubereats.com/dallas/food-delivery/krispy-kreme-w-mcdermott-dr-%26-s-central-expy/c2mOPBxZQqmBdmGKA1OYZw,murphy-texas
https://www.ubereats.com/dallas/food-delivery/sushi-maru/Vz-GpuhdQt2KNuv8iaS38Q,murphy-texas
https://www.ubereats.com/dallas/food-delivery/zaxbys-526-centennial-blvd/LaEZcUHqTJqkxJLdCeWCug,murphy-texas
https://www.ubereats.com/dallas/food-delivery/bar-louie-firewheel/MFUpPMlSTciDJdaaxAJFUQ,murphy-texas
https://www.ubereats.com/dallas/food-delivery/taste-of-the-islands/5Jo7_it9QsGydWDbBDw0RQ,murphy-texas
https://www.ubereats.com/dallas/food-delivery/golden-chick-murphy/hvwa3xINTvq_emOScBH31A,murphy-texas
https://www.ubereats.com/dallas/food-delivery/gingers-popcorn-shop/ZJzp_MepR3CxCxpaVcTRaQ,murphy-texas
https://www.ubereats.com/dallas/food-delivery/cicis-104-n-murphy-rd-unit-216/hOlgNsKMQvWcXOpA-H8VsQ,murphy-texas
https://www.ubereats.com/dallas/food-delivery/fish-city-grill-richardson/x5y958AxQiKbVnvZqD6HZA,murphy-texas
https://www.ubereats.com/dallas/food-delivery/good-fellas-wylie/UB7hPRFvT0CORceZ5N6fQA,murphy-texas
https://www.ubereats.com/dallas/food-delivery/taste-of-thai-plano/mSCIeUUhQ1iezthwsxOh-w,murphy-texas
https://www.ubereats.com/dallas/food-delivery/andalous-mediterranean-buffet/y5AJ1YhETO2AmXr1gIcUYw,murphy-texas
https://www.ubereats.com/dallas/food-delivery/snappy-salads-watters-creek/e1mb8KBeRRONB_VPzm_8Yg,murphy-texas
https://www.ubereats.com/dallas/food-delivery/dennys-1830-north-central/sxhbupNqQS-IiTb44ghuFg,murphy-texas
https://www.ubereats.com/dallas/food-delivery/modern-market-eatery-richardson/arkx5tDpSnKzvm9JRK_L-A,murphy-texas
https://www.ubereats.com/dallas/food-delivery/blue-mesa-grill-plano/F1_tyZ1HQ22UiNJRJ9db-g,murphy-texas
https://www.ubereats.com/dallas/food-delivery/kennys-east-coast-pizza/q--JvdBIQXa10xDn-prP7Q,murphy-texas
https://www.ubereats.com/dallas/food-delivery/knafeh-express/FRIlrFHyT_uRJvudpYm8Dg,murphy-texas
https://www.ubereats.com/dallas/food-delivery/wings-kebab/xlQ37rJjQPeSzpEPbxoiJQ,murphy-texas
https://www.ubereats.com/dallas/food-delivery/woodbridge-cafe/yCWxeANxRd2MvdZtLgd1Ew,murphy-texas
https://www.ubereats.com/dallas/food-delivery/taco-cabana-104-east-fm-544/nIvQbRTtQDWeQ5qSjuwtcw,murphy-texas
https://www.ubereats.com/dallas/food-delivery/burger-island-sachse/ITsrOOziTHuB0JOZDkidkg,murphy-texas
https://www.ubereats.com/dallas/food-delivery/stacy-donuts/aNri75MIRSSXvX1TLankKQ,murphy-texas
https://www.ubereats.com/dallas/food-delivery/taco-bell-505-west-mcdermott-drive/ZLAN9fzJR9qQuFMMy8GOfQ,murphy-texas
https://www.ubereats.com/dallas/food-delivery/francescas-pasta-house/AMMW6JNnQnm8vLYWOcEMeg,murphy-texas
https://www.ubereats.com/dallas/food-delivery/cracker-barrel-old-country-store-1323-n-central-expressway/6LTqQZOuS2iEY8gA1rYDJw,murphy-texas
https://www.ubereats.com/dallas/food-delivery/kristals-mexican-grill/ga3SRFWKSuCzQiVi4vSuqQ,murphy-texas
https://www.ubereats.com/dallas/food-delivery/jersey-mikes-subs-plano-1881-n-central-expressway/WWOweDfUSPamPzpWbVF0cQ,murphy-texas
https://www.ubereats.com/dallas/food-delivery/big-tonys-west-philly-cheesesteaks-allen/yZXkDfIURfqzm_qNcKaAYw,murphy-texas
https://www.ubereats.com/dallas/food-delivery/the-jar-bar-dfw/HvpOUnPBRhSW3ZHgbUTgKw,murphy-texas
https://www.ubereats.com/dallas/food-delivery/palios-pizza-cafe-at-firewheel/xqRAonZdRvSovbG-hJUaeQ,murphy-texas
https://www.ubereats.com/dallas/food-delivery/mcdonalds-buckingham/2zEQIZUXQbGYo_OV8s9gKQ,murphy-texas
https://www.ubereats.com/dallas/food-delivery/bear-cha/L7laTzIoSg-mM5jzYij9oA,murphy-texas
https://www.ubereats.com/dallas/food-delivery/gattis-pizza/AqY4e87MRSePi9BJRUyIUA,murphy-texas
https://www.ubereats.com/dallas/food-delivery/al-maidah-kabob-%26-grill/1X98HDD5TViNP-eFKy8t9w,murphy-texas
https://www.ubereats.com/dallas/food-delivery/country-burger-murphy/T5Sc8SHEQhyO0Yr1uDhePw,murphy-texas
https://www.ubereats.com/dallas/food-delivery/pho-cowboys/ZHQ3CxopSC23AORoQVY4cA,murphy-texas
https://www.ubereats.com/dallas/food-delivery/puppu-kaffe/m38AE1_5RSmbjPS2RFkkbw,murphy-texas
https://www.ubereats.com/dallas/food-delivery/mcdonalds-richardson-tx-campbell-centr/Vw53gBHRT_yeJHrsEz0v_g,murphy-texas
https://www.ubereats.com/dallas/food-delivery/frankies-mexican-cuisine-sachse/WXyR4rsqTg6RwYVusvibwg,murphy-texas
https://www.ubereats.com/dallas/food-delivery/tipsy-chicken/8-5IyuaERBqBBTlxD9wQ8g,murphy-texas
https://www.ubereats.com/dallas/food-delivery/fourteen-eighteen-coffeehouse/G5XLLqNpSrytNBW1G5g9iA,murphy-texas
https://www.ubereats.com/dallas/food-delivery/kfc-413-south-hwy-78/_wyVsldWQsSlm2wEOjcPuA,murphy-texas
https://www.ubereats.com/dallas/food-delivery/franchise-grill-%26-bar/WtL6vxXRQpGoRw6sWEQplg,murphy-texas
https://www.ubereats.com/dallas/food-delivery/omg-tacos-richardson/tYAxgQ1OQIq_Dxw_KzuzqQ,murphy-texas
https://www.ubereats.com/dallas/food-delivery/jersey-mikes-subs-2040-e-president-george-bush-highway/Vr_ggHeBRs-cX9M2yMcLAQ,murphy-texas
https://www.ubereats.com/dallas/food-delivery/taco-bell-380-e-stacy-rd/z9c4v8RPRtuCYZRYzt2LgA,murphy-texas
https://www.ubereats.com/dallas/food-delivery/better-than-sex-a-dessert-restaurant-plano/C0QR-zQ6TmSfzbgSKA29cA,murphy-texas
https://www.ubereats.com/dallas/food-delivery/west-village-pizza-%26-pasta/m5yqTTdkS_mEVQYoct32pg,murphy-texas
https://www.ubereats.com/dallas/food-delivery/subway-1201-east-spring-creek-pkwy/gJxuWeU5QsW6L2KHHaib_A,murphy-texas
https://www.ubereats.com/dallas/food-delivery/potbelly-sandwich-shop-75th-and-campbell-%7C-91/kDsFRMqlTOiqlBv-stYDhA,murphy-texas
https://www.ubereats.com/dallas/food-delivery/cicis-enterprises-2936-lavon-drive/knNVOE3HTNikleRCZ1OKYA,murphy-texas
https://www.ubereats.com/dallas/food-delivery/mcdonalds-e-arapaho/i6ajhRo2RCSXb8iJUVecHQ,murphy-texas
https://www.ubereats.com/dallas/food-delivery/sonic-drive-in-st-paul/azc5RciaTqOb3ZIdknNklQ,murphy-texas
https://www.ubereats.com/dallas/food-delivery/on-the-border-plano/1qlSBBYQTR6hmcNPm7MELQ,murphy-texas
https://www.ubereats.com/dallas/food-delivery/tgi-fridays-570-garland-tx/4tnFdWcCSy2AjabJyv3fXg,murphy-texas
https://www.ubereats.com/dallas/food-delivery/schlotzskys-deli-central-expressway/mCbRDXonS3SlIqjccHlCzQ,murphy-texas
https://www.ubereats.com/dallas/food-delivery/subway-1409-shiloh-rd/7TIUu918R7-ls7BEWf_XIg,murphy-texas
https://www.ubereats.com/dallas/food-delivery/coolgreens-cityline/PBcg82TOSU6S0YED5fS23w,murphy-texas
https://www.ubereats.com/dallas/food-delivery/alejandros-grill-%26-cantina/oQDMuNg5SyOVR2OZDUVR-A,murphy-texas
https://www.ubereats.com/dallas/food-delivery/taco-bar/adj-iLyyQ4ekLGj5NTVMsQ,murphy-texas
https://www.ubereats.com/dallas/food-delivery/paradise-bakery-%26-cafe-the-village-at-allen/bSeb7Cx3TOyKjWt49XnS1A,murphy-texas
https://www.ubereats.com/dallas/food-delivery/spicevillage/1x2DBvi0Txmi-ozBfEghaw,murphy-texas
https://www.ubereats.com/dallas/food-delivery/morefan/ZZaAAxwjT8mTx5RscotHqA,murphy-texas
https://www.ubereats.com/dallas/food-delivery/pei-wei-1425-east-renner-road-suite-610/g2qac399SHeh8LFJuNaT5A,murphy-texas
https://www.ubereats.com/dallas/food-delivery/freebirds-world-burrito/WwXl_y6nT4-RFt7vn7e-Zw,murphy-texas
https://www.ubereats.com/dallas/food-delivery/josephines-neighborhood-bistro/ozX1txwrT9e3i0E8Fc6FIA,murphy-texas
https://www.ubereats.com/dallas/food-delivery/shipley-do-nuts-plano/yB4lwo1XSZirgyXOAv3QVg,murphy-texas
https://www.ubereats.com/dallas/food-delivery/the-blue-fish-allen/3OFCtVZ1Q5qbobbZXrBJaA,murphy-texas
https://www.ubereats.com/dallas/food-delivery/the-cajun-place/WNR1abHkRFGav283fp0Lbw,murphy-texas
https://www.ubereats.com/dallas/food-delivery/chipotle-mexican-grill-121-e-fm-544-ste-129/HssXeDGrTo69SjIq5UVZ7w,murphy-texas
https://www.ubereats.com/dallas/food-delivery/pho-corner-richardson/TD6td-5qTs-0cuQJRM_G3w,murphy-texas
https://www.ubereats.com/dallas/food-delivery/taco-bell-150-w-parker-rd/AeVYrggDR1Od_pDkIga8OA,murphy-texas
https://www.ubereats.com/dallas/food-delivery/the-fillmore-pub/gK7ClgTdRMehK2Tq2E9piQ,murphy-texas
https://www.ubereats.com/dallas/food-delivery/xinxian-chinese-restaurant-%26-sushi-bar/IdcB7ksgQyeUcLF5yPRb0Q,murphy-texas
https://www.ubereats.com/dallas/food-delivery/supermercado-el-rancho/WM2EdiNARCC2-WVYSsCN7Q,murphy-texas
https://www.ubereats.com/dallas/food-delivery/sushi-go-garland/76NYNLeZQWmfq2v0hRuWiw,murphy-texas
https://www.ubereats.com/dallas/food-delivery/guanaquitas/elZr4qDkQzyFU4q3UmALjA,murphy-texas
https://www.ubereats.com/dallas/food-delivery/lj-kitchen-%E6%9D%8E%E8%AE%B0%E5%8E%A8%E6%88%BF-%E5%A4%A9%E6%B4%A5%E5%B0%8F%E5%90%83/DG_Cs6TwRGiGgVyKq8LLKA,murphy-texas
https://www.ubereats.com/dallas/food-delivery/chicken-express-1821-e-spring-creek-pkwy/hm-4DOIIR46CIZ5mK7bAoA,murphy-texas
https://www.ubereats.com/dallas/food-delivery/sapporo-ramen-%26-grill/xXG33AcSTMGkEoCxDqGShQ,murphy-texas
https://www.ubereats.com/dallas/food-delivery/kfc-1504-custer-rd/vR_roWvSRfmYWFmXDnOz7A,murphy-texas
https://www.ubereats.com/dallas/food-delivery/scotty-ps-garland/J93VrfQBQeiOnz1X2OuwbA,murphy-texas
https://www.ubereats.com/dallas/food-delivery/scotty-ps-plano/Px82Oz8dRN6WF67Pugr6qA,murphy-texas
https://www.ubereats.com/dallas/food-delivery/boomerjacks-grill-%26-bar-murphy/vgDqMD05SsOEnxixKX6nPQ,murphy-texas
https://www.ubereats.com/dallas/food-delivery/sonic-drive-in-707-e-main-st/sOhuL4ztRlanMheZ_kWhsQ,murphy-texas
https://www.ubereats.com/dallas/food-delivery/ninja-ramen-plano/h9cU5maPRI-FUlTN1keKdA,murphy-texas
https://www.ubereats.com/dallas/food-delivery/great-american-cookies/2PaUvJ9jR2C3r70k4xQXfg,murphy-texas
https://www.ubereats.com/dallas/food-delivery/sonic-109-w-fm-544/Ao5OxUztQ-ukdDyAj4YHwQ,murphy-texas
https://www.ubereats.com/dallas/food-delivery/rodeo-goat-powell/UVkTHwAZTDCTPrvvmmLOEg,murphy-texas
https://www.ubereats.com/dallas/food-delivery/sweet-rice-allen/pemgn310SPu_vRDH51jy7Q,murphy-texas
https://www.ubereats.com/dallas/food-delivery/grimaldis-836-watters-creek-blvd-c-200/VQr8q6RHQUSWzqLK7nbVLA,murphy-texas
https://www.ubereats.com/dallas/food-delivery/hooters-n-central-expy-e-plano-pkwy/xoWQxZchQe6tOwkf-TER_g,murphy-texas
https://www.ubereats.com/dallas/food-delivery/genghis-grill-plano/rommuAL9S0ec5FqP3_oDzQ,murphy-texas
https://www.ubereats.com/dallas/food-delivery/afrah-mediterranean-restaurant-and-pastries/HOSIDbi9QS2bIa6iH0wqtg,murphy-texas
https://www.ubereats.com/dallas/food-delivery/thai-pan-restaurant/TcebA-yYREWaI1Lu7_vM8g,murphy-texas
https://www.ubereats.com/dallas/food-delivery/super-chix-richardson/NK997iFpT4y2nlQN54EwNw,murphy-texas
https://www.ubereats.com/dallas/food-delivery/chipotle-mexican-grill-500-e-spring-creek-pkwy/KI9TDsUPTiaPXPdTMdUVDg,murphy-texas
https://www.ubereats.com/dallas/food-delivery/sachse-ice-house/rl0OZP-KTiGvXHTUzfVU6w,murphy-texas
https://www.ubereats.com/dallas/food-delivery/fulll/DDW35UNQTPW8Up0-rODBrg,murphy-texas
https://www.ubereats.com/dallas/food-delivery/charcoal-burgers-%26-grills/2i8NWfVwTb-khc7qMSVVMA,murphy-texas
https://www.ubereats.com/dallas/food-delivery/original-chopshop-allen/s48dAZj9TIi46AUDykvzpA,murphy-texas
https://www.ubereats.com/dallas/food-delivery/la-paloma-taqueria-plano/zis2irfjQQqihHqENNNFvA,murphy-texas
https://www.ubereats.com/dallas/food-delivery/zitis-italian-restaurant/Lk5jP8kQQ7eI-zJsBo1j6w,murphy-texas
https://www.ubereats.com/dallas/food-delivery/hometown-cafe-richardson/lYD1_hU0Sv6qeH59Ukql5g,murphy-texas
https://www.ubereats.com/dallas/food-delivery/jack-in-the-box-106-w-fm-544/CAoReVF3SGK2i031qsKijQ,murphy-texas
https://www.ubereats.com/dallas/food-delivery/nestle-toll-house-cafe-by-chip-1201-state-st/jv-Wx4OXRYax4GKQqK2KYw,murphy-texas
https://www.ubereats.com/dallas/food-delivery/burgerim-120-w-cityline-dr-ste-600/nTevi9zwQauVASUSGPHicA,murphy-texas
https://www.ubereats.com/dallas/food-delivery/tri-tip-grill/XMXN1BA7ThqvU7rnvLGPKw,murphy-texas
https://www.ubereats.com/dallas/food-delivery/smoothie-factory-allen/9SzQxcQbQYaLoIu2xaduYw,murphy-texas
https://www.ubereats.com/dallas/food-delivery/dickeys-barbecue-pit-405-central-expressway-south/PaV6hj0wTEeqDiM_AYq5SA,murphy-texas
https://www.ubereats.com/dallas/food-delivery/churchs-chicken-2300-e-parker-road/ehK2WPR5QciatwpMg5yeJA,murphy-texas
https://www.ubereats.com/dallas/food-delivery/cookies-by-design-plano/Em-DlH1jQ7KfSGZmavKA1Q,murphy-texas
https://www.ubereats.com/dallas/food-delivery/cinnaholic-richardson/apbEeeo3Q_yp5jH0M7_MAA,murphy-texas
https://www.ubereats.com/dallas/food-delivery/long-john-silvers-1100-e-parker-road/m6a1gqwlTFGbXSt54BkGYQ,murphy-texas
https://www.ubereats.com/dallas/food-delivery/mcdonalds-plano-15th/ZJ4-X6sqS3S5jGuveNmB9Q,murphy-texas
https://www.ubereats.com/dallas/food-delivery/dos-charros-rowlett/Kcv1FJsNRyO_HjAC_fHJnA,murphy-texas
https://www.ubereats.com/dallas/food-delivery/starbucks-hwy-190-%26-n-garland/OwuehG7dQQG8eJk9JdKfQQ,murphy-texas
https://www.ubereats.com/dallas/food-delivery/taco-bell-517-w-arapaho-rd/Zevzcco1SZWPylMbSb_kyg,murphy-texas
https://www.ubereats.com/dallas/food-delivery/pink-coffee-roastery-%26-cafe/2jPTKsnFT-qLPkH5wqcYjQ,murphy-texas
https://www.ubereats.com/dallas/food-delivery/grandys-garland-lbj/YBER1enuR-OKkjJmJZmH1w,murphy-texas
https://www.ubereats.com/dallas/food-delivery/dickeys-bbq-pit-5031-alma-dr/X34xlgQTQI6wSLJHNxmEZQ,murphy-texas
https://www.ubereats.com/dallas/food-delivery/mcdonalds-15th-%26-custer/6W9K7NUlQEmj59fGiiMG9g,murphy-texas
https://www.ubereats.com/dallas/food-delivery/jupiter-china/IfYWM1epQDm4rjod7Y9WUQ,murphy-texas
https://www.ubereats.com/dallas/food-delivery/hidalgo-mexican-restaurant/C_8yLNtBQzuRvWxJThO1Og,murphy-texas
https://www.ubereats.com/dallas/food-delivery/ramen-hakata-allen/Qc3L67xfTFC9RXAcw6sxWA,murphy-texas
https://www.ubereats.com/dallas/food-delivery/on-the-border-firewheel/YTRHPztBQ-W0eyTNPhSxdQ,murphy-texas
https://www.ubereats.com/dallas/food-delivery/pollos-a-la-lena-la-pullita/_aIHkpAWTR-kWVBw9G_lMg,murphy-texas
https://www.ubereats.com/dallas/food-delivery/the-port-of-peri-peri-2301-central-expy/fQbip5ekQOG3FDaznCHduA,murphy-texas
https://www.ubereats.com/dallas/food-delivery/sushi-go/1uLw7jDPSPubMM2PPGiXJg,murphy-texas
https://www.ubereats.com/dallas/food-delivery/sonic-6130-n-jupiter-rd/ZdBgY3-bRuCASf1OMA0Kdw,murphy-texas
https://www.ubereats.com/dallas/food-delivery/quiznos-legacy/dSplmv4USs-1MgH_HhXFFg,murphy-texas
https://www.ubereats.com/dallas/food-delivery/plano-sokongdong-tofu-house/TubEvpUFSIewg4Yh4cEMfA,murphy-texas
https://www.ubereats.com/dallas/food-delivery/fish-city-grill-watters-creek/pcjyKM8HT6O5jJXYUW98EA,murphy-texas
https://www.ubereats.com/dallas/food-delivery/yumilicious-allen/DgQ5LhsUTf2C2n1jwRmiOQ,murphy-texas
https://www.ubereats.com/dallas/food-delivery/sutadonya-texas/hhhP_ETAR4KZaQQm0JBebA,murphy-texas
https://www.ubereats.com/dallas/food-delivery/bund-wok/9QSicNDWRf68z93NFQ4DNA,murphy-texas
https://www.ubereats.com/dallas/food-delivery/chick-fil-a-902-w-mcdermott-dr/3K4HFdokQu6TI26IKjbWfw,murphy-texas
https://www.ubereats.com/dallas/food-delivery/honey-baked-ham-511-e-fm-544-suite-105/E5sWVN6_T0akSoHjwbWguA,murphy-texas
https://www.ubereats.com/dallas/food-delivery/jk-donuts/Xg7JEDWVRb-NMALggeQWlQ,murphy-texas
https://www.ubereats.com/dallas/food-delivery/auntie-annes-295-cedar-sage-dr/kEfIP5ZCSDmxYC8ovXLxow,murphy-texas
https://www.ubereats.com/dallas/food-delivery/sucre-smoothies/sGa0tx6GRIegTIOpHReB4Q,murphy-texas
https://www.ubereats.com/dallas/food-delivery/paris-donuts/kvLqYikAS96uqOUL9Uud0w,murphy-texas
https://www.ubereats.com/dallas/food-delivery/yummy-burgers-%26-bbq-allen/wy3yBCWRTmW2PCl5y5hTTA,murphy-texas
https://www.ubereats.com/dallas/food-delivery/chipotle-mexican-grill-103-central-expy-n/apbHEbO7RaiJ4rsK7pX0mQ,murphy-texas
https://www.ubereats.com/dallas/food-delivery/steak-n-shake-429-coit-road/LtjCI-8_Tt2mNITKHkCxHA,murphy-texas
https://www.ubereats.com/dallas/food-delivery/flying-fish-plano/qRwLd1kQRkaOvqXqxLp7bg,murphy-texas
https://www.ubereats.com/dallas/food-delivery/melones-restaurante/58weD41KQFeOMbuTw08_BA,murphy-texas
https://www.ubereats.com/dallas/food-delivery/papa-johns-2376-lavon-dr/zJLv7HcTQE-vhjqmdu-P1w,murphy-texas
https://www.ubereats.com/dallas/food-delivery/matts-rancho-martinez-garland/5VRnxE2aTfOF03MKEbYFQg,murphy-texas
https://www.ubereats.com/dallas/food-delivery/tea-town/6fSp7J7wTEOxBrR2jtxjNA,murphy-texas
https://www.ubereats.com/dallas/food-delivery/royal-king-donut/-UnDczxdScWXYvGdcORggA,murphy-texas
https://www.ubereats.com/dallas/food-delivery/wok-%26-grill/NO4_mG3qQ5KvF3imdGJ2bQ,murphy-texas
https://www.ubereats.com/dallas/food-delivery/pie-five-pizza-allen/URGmPJEPQiSZZ9IXfJFqfQ,murphy-texas
https://www.ubereats.com/dallas/food-delivery/subway-170-e-fm-544/Wj1OB4o6Sq6MsEuABi-jOA,murphy-texas
https://www.ubereats.com/dallas/food-delivery/cassis-exotic-drink-%26-tea/bHHCegWyTh2aB8QurI3xnw,murphy-texas
https://www.ubereats.com/dallas/food-delivery/wendys-1401-w-kirby-st/r22Mdh6rSaOk9OT6TXcZSQ,murphy-texas
https://www.ubereats.com/dallas/food-delivery/fishmongers-seafood/hY_o4j75QyCJXS8eiH1iJA,murphy-texas
https://www.ubereats.com/dallas/food-delivery/churchs-chicken-7360-highway-78/CACW1JuiR26u85Ju3vTdjQ,murphy-texas
https://www.ubereats.com/dallas/food-delivery/zoes-kitchen-102-prairie-road/iyloXHoUQAGg1_uxzOBJ_w,murphy-texas
https://www.ubereats.com/dallas/food-delivery/starbucks-plano-%26-renner/YkH43Kt3RIuFvkomnXCOHQ,murphy-texas
https://www.ubereats.com/dallas/food-delivery/blackball-desserts/B3lB62eoS4GTCMYs4b0p9g,murphy-texas
https://www.ubereats.com/dallas/food-delivery/arapaho-deli/5RUbDtyUS1iKA6ZNP3Wqow,murphy-texas
https://www.ubereats.com/dallas/food-delivery/zenna-thai-plano/Xpfvqez8TruifVUvy7CFiA,murphy-texas
https://www.ubereats.com/dallas/food-delivery/lone-star-cafe/4xBF2nM4TqWL52IFxavJag,murphy-texas
https://www.ubereats.com/dallas/food-delivery/dairy-queen-420-s-hwy-78/diLUTJCOQGaZ8jJXJpGLlg,murphy-texas
https://www.ubereats.com/dallas/food-delivery/2eatocom/MtJV6V2PQUWv9Xq-Sk627Q,murphy-texas
https://www.ubereats.com/dallas/food-delivery/la-flor-mexican-grill-%26-cantina/FVdhWyscRsSKHbR6j2UtlQ,murphy-texas
https://www.ubereats.com/dallas/food-delivery/mango-mango-desserts-plano/ylGSetWqTEK4V8ch_Op7FQ,murphy-texas
https://www.ubereats.com/dallas/food-delivery/burgerim-805-woodbridge-pkwy/oLgd1y5ASnSq0hX3lfH-qQ,murphy-texas
https://www.ubereats.com/dallas/food-delivery/cajun-donuts/MhwLKpc2QZ-gU5cKdGDR_g,murphy-texas
https://www.ubereats.com/dallas/food-delivery/firehouse-subs-503-w-mcdermott-dr/T1N2odoZTg28HLy3_MQ-4A,murphy-texas
https://www.ubereats.com/dallas/food-delivery/dallas-chicken/EYPe6zHnQf2E-wK9V5Tmcw,murphy-texas
https://www.ubereats.com/dallas/food-delivery/cheesesteak-house-wylie/C6mApCrTSN-m9UwHQF5_2Q,murphy-texas
https://www.ubereats.com/dallas/food-delivery/panda-express-160-fm-544/TPTi1S5rSFSLWoxNBzQWKA,murphy-texas
https://www.ubereats.com/dallas/food-delivery/magic-cup/bdTIC0FfTRmNjj8kFbkBnQ,murphy-texas
https://www.ubereats.com/dallas/food-delivery/potbelly-sandwich-shop-firewheel-%7C-92/uElDWTF9RruN0riu-LcAkg,murphy-texas
https://www.ubereats.com/dallas/food-delivery/burger-king-3332-k-ave/wqYl32htTHKIwVFd0ZG8uA,murphy-texas
https://www.ubereats.com/dallas/food-delivery/banh-cuon-thang-long/JmZykfVKQ9WHOy19XZd1eQ,murphy-texas
https://www.ubereats.com/dallas/food-delivery/great-harvest-bread-co/CtfD6pjVQMqjmvayprDdaQ,murphy-texas
https://www.ubereats.com/dallas/food-delivery/pho-is-for-lovers/TAZKq5aMSp-oC_K9T-0gnA,murphy-texas
https://www.ubereats.com/dallas/food-delivery/mcdonalds-wylie-tx-75098/LFJhMDz9RYCdU1wrawXpbQ,murphy-texas
https://www.ubereats.com/dallas/food-delivery/red-robin-5031-n-garland-ave/wsTg1BEnRJ6j1KSfDJTl2Q,murphy-texas
https://www.ubereats.com/dallas/food-delivery/henrys-crab-shack/haKZPK_lTbWhVbszlLKzIA,murphy-texas
https://www.ubereats.com/dallas/food-delivery/conversations-coffee-bar/sBm8V-BDSyiVeYp2xeeCrQ,murphy-texas
https://www.ubereats.com/dallas/food-delivery/mrjimspizza-0053-613-hwy-78-suite-100/4s2aEhagRfWcRNyJi-_v1Q,murphy-texas
https://www.ubereats.com/dallas/food-delivery/cotton-patch-cafe-3300-west-fm-544/xVgyDXCAQmOUx_yuAmhM8w,murphy-texas
https://www.ubereats.com/dallas/food-delivery/golden-chick-7050-tx-78/JEA6GT1qTres7MeR-0lW-Q,murphy-texas
https://www.ubereats.com/dallas/food-delivery/kellys-at-the-village/Tv_GIx9QTJOocHhrkF90aA,murphy-texas
https://www.ubereats.com/dallas/food-delivery/darrens-american-grill/L7XimT1TSaKuX2SwUrMfSQ,murphy-texas
https://www.ubereats.com/dallas/food-delivery/taco-bell-5322-n-garland-ave/YIB7ghCFQCO0ao78ldfpgg,murphy-texas
https://www.ubereats.com/dallas/food-delivery/express-kabob/bvZFrmxyTg2a8gaCKCO1AA,murphy-texas
https://www.ubereats.com/dallas/food-delivery/dickeys-barbecue-restaurants-inc-1301-century-way/weaMOjpiRhWmkXep2iQ4HA,murphy-texas
https://www.ubereats.com/dallas/food-delivery/pei-wei-1008-w-mcdermott-dr-suite-100/TjmaYbUKR9-3sFZubfddAA,murphy-texas
https://www.ubereats.com/dallas/food-delivery/main-street-bistro-and-bakery-dalrock-rd/_82CM8OrQSqggsf5qTEIZQ,murphy-texas
https://www.ubereats.com/dallas/food-delivery/taco-bell-3178-lavon-dr/bKgBGBqHRqyync6HFY6G-Q,murphy-texas
https://www.ubereats.com/dallas/food-delivery/bulldog-katsu/CYm1vFLlSuKVJ19jIvm-RA,murphy-texas
https://www.ubereats.com/dallas/food-delivery/wendys-2670-west-lucas-rd/2Ji8FsJlTUCO6xTQyX5oNA,murphy-texas
https://www.ubereats.com/dallas/food-delivery/marcos-pizza-703-east-fm-544-suite-110/W4xvmuWQRIaC-nzi_QTtrg,murphy-texas
https://www.ubereats.com/dallas/food-delivery/kfc-1430-w-buckingham-rd/Vpf47BXdQ9KbkkZWl9EiHw,murphy-texas
https://www.ubereats.com/dallas/food-delivery/14th-street-donuts/k_5tLRLvTrSIMxhK0pI-5Q,murphy-texas
https://www.ubereats.com/dallas/food-delivery/schlotzskys-330-s-tx-78-suite-100/_0fUs3VRRvy6dA7NCs_15g,murphy-texas
https://www.ubereats.com/dallas/food-delivery/kungfunoodle/QNvYBe3ASy2jHI7iKn-dOA,murphy-texas
https://www.ubereats.com/dallas/food-delivery/wendys-3232-lavon-drive/kJ18fbt_TjyOYtBRt9wLnQ,murphy-texas
https://www.ubereats.com/dallas/food-delivery/sakura-cafe/ectyvy7OSuScP011eudi3A,murphy-texas
https://www.ubereats.com/dallas/food-delivery/mubrooka/OcuVq4JnTQSQhzPNBT9Pjw,murphy-texas
https://www.ubereats.com/dallas/food-delivery/dickeys-barbecue-restaurants-inc-1211-14th-street/frhWJeBIRICCeHJcGJN00w,murphy-texas
https://www.ubereats.com/dallas/food-delivery/first-watch-plano/uzbHO_YwQNWusGzOMfGyJg,murphy-texas
https://www.ubereats.com/dallas/food-delivery/smallcakes-cupcakery-and-creamery/53-Opf65T-Cqd4J6Cz-OZA,murphy-texas
https://www.ubereats.com/dallas/food-delivery/popeyes-2528-14th-st/_yegda4oTtKCrPPcaYuGnQ,murphy-texas
https://www.ubereats.com/dallas/food-delivery/burrito-grande/03K3Uc9DSn2dvGgB8GSE-w,murphy-texas
https://www.ubereats.com/dallas/food-delivery/bjs-restaurant-%26-brewhouse-190-e-stacy-road-suite-3300/66M-T6i0R6O5hhD4F8LaoQ,murphy-texas
https://www.ubereats.com/dallas/food-delivery/chipotle-mexican-grill-4170-lavon-dr-ste-130/uRM191dnRo-RCysLmT7t3w,murphy-texas
https://www.ubereats.com/dallas/food-delivery/mezza-cafe/xTgqZOETQjGAZsv82SI7nw,murphy-texas
https://www.ubereats.com/dallas/food-delivery/starbucks-fm-544-%26-hwy-78/ieGSNJbYQAqZQAoRK03nvQ,murphy-texas
https://www.ubereats.com/dallas/food-delivery/beard-papa/IsTd2dP1Re6qfHExLQb1fw,murphy-texas
https://www.ubereats.com/dallas/food-delivery/the-bells-sweet-factory/mujuMsV-RMCgaJOW2lDB-w,murphy-texas
https://www.ubereats.com/dallas/food-delivery/winners-bbq-plano/6q6E7tpDQlqAU8viTNB1PQ,murphy-texas
https://www.ubereats.com/dallas/food-delivery/burger-king-2565-e-president-george-bush-hwy/05APF4BcST-8S_bB-tDIkw,murphy-texas
https://www.ubereats.com/dallas/food-delivery/tous-les-jours-plano/Obddl2OUQYqm9CD9Yfho6g,murphy-texas
https://www.ubereats.com/dallas/food-delivery/papa-johns-2300-e-14th-st-%23125/wBZ8sv56T_iXL32bD2d5nA,murphy-texas
https://www.ubereats.com/dallas/food-delivery/yogurtville-allen/3I4nrt8PTXuAPn06WIl-Ow,murphy-texas
https://www.ubereats.com/dallas/food-delivery/blue-charcoal-restaurant/8sBgofxuSze2Vb3FL6Eymw,murphy-texas
https://www.ubereats.com/dallas/food-delivery/taco-bell-121-s-murphy-road/JKCXXqu5SMSt_8Rw8EKlRw,murphy-texas
https://www.ubereats.com/dallas/food-delivery/amoretto-italian-restaurant/Ioyq5NvqSoWlHDBB3RWqdA,murphy-texas
https://www.ubereats.com/dallas/food-delivery/nikis-italian-bistro-3/iuySyngDRxaGUpxrzXcraA,murphy-texas
https://www.ubereats.com/dallas/food-delivery/richardson-bar-%26-grill/eKMDe1rtSeyatTgcLpDZbQ,murphy-texas
https://www.ubereats.com/dallas/food-delivery/cafe-gecko/hjZysU-wTRioNS9LLq4I9Q,murphy-texas
https://www.ubereats.com/dallas/food-delivery/panda-express-340-e-stacy-rd/AdeiCwctRlSLYPaLAFzivA,murphy-texas
https://www.ubereats.com/dallas/food-delivery/turmeric-take-out-%26-catering/njW3AOtyQzC-qs8V7T5quw,murphy-texas
https://www.ubereats.com/dallas/food-delivery/the-brick-tavern/eMwXIhxoT_G1CNbErAyzrw,murphy-texas
https://www.ubereats.com/dallas/food-delivery/donut-bliss/HI_WCi2oT8yq5XQH7tiAng,murphy-texas
https://www.ubereats.com/dallas/food-delivery/papa-johns-101-a-n-greenville-ave/-HNr4DOzQKifKLvPVVw_lQ,murphy-texas
https://www.ubereats.com/dallas/food-delivery/sushi-spot/OQ1T6usVTmeIS7vQO3TiGA,murphy-texas
https://www.ubereats.com/dallas/food-delivery/yannis-greek-cafe/EXvxIvy-TFCVagUiDapa6g,murphy-texas
https://www.ubereats.com/dallas/food-delivery/mogios-gourmet-pizza-sachse/tb2QqCqQRAaNl7ons1I7NA,murphy-texas
https://www.ubereats.com/dallas/food-delivery/ali-baba-mediterranean-grill/dNiI328tRAemBrdZznPpFg,murphy-texas
https://www.ubereats.com/dallas/food-delivery/subway-2400-ave-k/eFuPXGCCRiyhJaSF4D-aiw,murphy-texas
https://www.ubereats.com/dallas/food-delivery/fork-and-spoon-indian-cuisine/5tRvJMYTREaPaHivk656KQ,murphy-texas
https://www.ubereats.com/dallas/food-delivery/coney-island-hot-weiner-shop/rsVMgjoxSV6dTAaskJgYRA,murphy-texas
https://www.ubereats.com/dallas/food-delivery/country-burger-14th-street/rojiTS7JRIu4RFWl01_1sg,murphy-texas
https://www.ubereats.com/dallas/food-delivery/chicken-express-plano/K3ksFDUHRG-uHeQNPjHJ-A,murphy-texas
https://www.ubereats.com/dallas/food-delivery/jersey-mikes-subs-119-n-murphy-rd/EMyHKQlTSCuf3uh86_Zx8Q,murphy-texas
https://www.ubereats.com/dallas/food-delivery/wok-%26-grill-k-bowl/peXQyuSJSjG8hpzAe6N9dQ,murphy-texas
https://www.ubereats.com/dallas/food-delivery/frogg-coffee-bar-%26-creperie/CX5_l3u1TT-VlPkLrPz6Hw,murphy-texas
https://www.ubereats.com/dallas/food-delivery/mcalisters-deli-536-plano-east-tx-1346/i2VzM0h3RGa6Me1XQA4Y3w,murphy-texas
https://www.ubereats.com/dallas/food-delivery/ha-paleteria/e6Jp77EKROmhezidoP9Isg,murphy-texas
https://www.ubereats.com/dallas/food-delivery/dairy-queen-grill-%26-chill-719-e-main-st/x580743YToiWZKq3aTGQpg,murphy-texas
https://www.ubereats.com/dallas/food-delivery/ihop-3014-garland/9FogszN4T1C97UPOJnb8_A,murphy-texas
https://www.ubereats.com/dallas/food-delivery/panda-express-5345-north-garland-ave/D1426AiWRj2BH7BTxQs-Nw,murphy-texas
https://www.ubereats.com/dallas/food-delivery/burger-king-920-fm-544/gPo2_7GMSNKJxM8L80u8dw,murphy-texas
https://www.ubereats.com/dallas/food-delivery/dickeys-bbq-pit-lavon-dr-%26-firewheel-pkwy/0Yv6aGhRTtGBwKPsNAsI1w,murphy-texas
https://www.ubereats.com/dallas/food-delivery/smoothie-factory-2000-n-plano-rd/VBUa2sCkTm21zb_IsYuxew,murphy-texas
https://www.ubereats.com/dallas/food-delivery/cicis-204-n-greenville-ave-ste-120/y8mvDj0OQluxPurPH3ek0A,murphy-texas
https://www.ubereats.com/dallas/food-delivery/tokyo-harbor/V1Bv-yoUSR6w4hMRwR17LA,murphy-texas
https://www.ubereats.com/dallas/food-delivery/sweet-mix/aN0vFGVtSR2asjPle0bYkw,murphy-texas
https://www.ubereats.com/dallas/food-delivery/golden-pot/hB54DdGpRMCyQgdsZM5pQA,murphy-texas
https://www.ubereats.com/dallas/food-delivery/cristinas-fine-mexican-restaurant-e-fm-544/YP4wtzP1QrywZwa2obI5jg,murphy-texas
https://www.ubereats.com/dallas/food-delivery/absolutely-edible-cakes-%26-catering/Yl_ewNjLT_amqahyETKKKA,murphy-texas
https://www.ubereats.com/dallas/food-delivery/steel-city-pops-337-cone-flower-drive/oxT0ePsfQZi6nfxBcGvf-w,murphy-texas
https://www.ubereats.com/dallas/food-delivery/buffalo-wild-wings-5125-n-president-george-bush-hwy-ste-100/ENwgYJYvSBGdGs32xiIesA,murphy-texas
https://www.ubereats.com/dallas/food-delivery/bjs-restaurant-%26-brewhouse-1101-north-central-expressway/2Y6P8SiaTVmCOXe7GbPXMA,murphy-texas
https://www.ubereats.com/dallas/food-delivery/mehfil-indian-cuisine/L1EdHKczRLy3WtHBv54V-A,murphy-texas
https://www.ubereats.com/dallas/food-delivery/uncle-julios-allen/DGuTeuy7S1ahq06Mn8VeqA,murphy-texas
https://www.ubereats.com/dallas/food-delivery/jack-in-the-box-394-e-stacy-rd/uaHj7DlaQ0CtW8EzFkiZTg,murphy-texas
https://www.ubereats.com/dallas/food-delivery/outback-steakhouse-1509-north-central-exp/_v-mHmgaTzi5d2gG0jzh9Q,murphy-texas
https://www.ubereats.com/dallas/food-delivery/rajulas-kitchen-plano/H4D9VNM8QteQ1bFzbUB-vA,murphy-texas
https://www.ubereats.com/dallas/food-delivery/johns-cafe/UZDt8tY3R7KbyzSeXTMgTA,murphy-texas
https://www.ubereats.com/dallas/food-delivery/starbucks-custer-%26-parker/EBx4WCRDSDybx4dw-5n_Bw,murphy-texas
https://www.ubereats.com/dallas/food-delivery/pho-my/rEcCLGV9TOy3jkdgGlyfRg,murphy-texas
https://www.ubereats.com/dallas/food-delivery/mod-pizza-allen/C8CgK1A7RAGqv2-dL6u4iw,murphy-texas
https://www.ubereats.com/dallas/food-delivery/five-guys-tx-1118-1201-e-spring-creek-pkwy/eQiBZ19fQ26Awc45_R40CQ,murphy-texas
https://www.ubereats.com/dallas/food-delivery/sushi-spot-240-legacy-dr/8iGjT9NtRqGVc13KYNrOeA,murphy-texas
https://www.ubereats.com/dallas/food-delivery/dire-dawa-cafe-%26-restaurant/0P7P-BWbRjWIhcXlIy7ySQ,murphy-texas
https://www.ubereats.com/dallas/food-delivery/bop-joa/T_yt421GQXyixeU_wlaD9g,murphy-texas
https://www.ubereats.com/dallas/food-delivery/villa-vinci/KHD1wFa1RCSygxonLvNwVQ,murphy-texas
https://www.ubereats.com/dallas/food-delivery/desperados-mexican-restaurant/PZpwT5NCR7ysBoBCly20Rg,murphy-texas
https://www.ubereats.com/dallas/food-delivery/rice-on-fire/XIPe2ieiT2SjbxPMm9FSpA,murphy-texas
https://www.ubereats.com/dallas/food-delivery/kung-fu-tea-richardson/-66fYD8mQL6rbUQFjQQkag,murphy-texas
https://www.ubereats.com/dallas/food-delivery/mcdonalds-richardson-belt-rebuild/3CdEuchAREWU2SkZ8A1KHw,murphy-texas
https://www.ubereats.com/dallas/food-delivery/dumpling-house-plano/KO_GMMZMR0eNFJy-UEVR6Q,murphy-texas
https://www.ubereats.com/dallas/food-delivery/southern-recipes-grill-plano/QzI47VO2Tcm_qUA2UGpwTA,murphy-texas
https://www.ubereats.com/dallas/food-delivery/sushi-sakana/vULa7v4wSJ-goue6Hsxxlw,murphy-texas
https://www.ubereats.com/dallas/food-delivery/mumtaz-indian-restaurant-plano/5OJQxZFjQ66_kEy2x8_09A,murphy-texas
https://www.ubereats.com/dallas/food-delivery/chick-fil-a-1400-e-renner-rd/eWmCJFamS_-3cxCcSlO_eQ,murphy-texas
https://www.ubereats.com/dallas/food-delivery/sicilianos-a-taste-of-italy/SQmqXJHVTUKe5xnEx927qQ,murphy-texas
https://www.ubereats.com/dallas/food-delivery/wendys-5235-n-garland-rd/9TjOE4FATFaH0oR0h0Xbpw,murphy-texas
https://www.ubereats.com/dallas/food-delivery/el-pollo-loco-386-e-stacy-rd3866/nNoemNDPQh6tUKatqhznYw,murphy-texas
https://www.ubereats.com/dallas/food-delivery/hooters-garland/lBcW_aqhSli1a3bkfP-Wlw,murphy-texas
https://www.ubereats.com/dallas/food-delivery/tastys-chicken/SOvi4wIrSMy86P8sYgFRbQ,murphy-texas
https://www.ubereats.com/dallas/food-delivery/habesha-coffee/bgLkg7V7S8SjkxNQ4OadwQ,murphy-texas
https://www.ubereats.com/dallas/food-delivery/jerkycom/bBhACyj5TnG01-TQA9dZYA,murphy-texas
https://www.ubereats.com/dallas/food-delivery/red-mango-richardson/rWIDUqKKSyW-EuDQ53yHPg,murphy-texas
https://www.ubereats.com/dallas/food-delivery/allen-cafe/4rB3HG0jSNCkDE7z4E8ccQ,murphy-texas
https://www.ubereats.com/dallas/food-delivery/the-gogi/tXKrWJxMQ1e4aRZcuaWphQ,murphy-texas
https://www.ubereats.com/dallas/food-delivery/flying-saucer-draught-emporium-the-lake/0zxA7vOZT7yL54XgUiPhPg,murphy-texas
https://www.ubereats.com/dallas/food-delivery/village-burger-bar-garden-park-dr/SC1cPhvFSkKT-PNm0pS3DA,murphy-texas
https://www.ubereats.com/dallas/food-delivery/cream-%26-crepes-cafe/_WnEDZCwQcqkmEignMdrJQ,murphy-texas
https://www.ubereats.com/dallas/food-delivery/saltgrass-3320-central-expressway/6l1iNdaTQKWR9U22yGMa8g,murphy-texas
https://www.ubereats.com/dallas/food-delivery/hat-creek-burger-co-sachse/I2O4yzlCRzGaPjRv13CFKg,murphy-texas
https://www.ubereats.com/dallas/food-delivery/zalat-pizza-downtown-plano/RLJqvqRQTuaw4-2RItoIgg,murphy-texas
https://www.ubereats.com/dallas/food-delivery/tortilleria-la-sabrosa/452M7O3xQ86_Y-HQHLVOpg,murphy-texas
https://www.ubereats.com/dallas/food-delivery/yen-china-cafe/5Cbb46xUSNqecYQSVtMESw,murphy-texas
https://www.ubereats.com/dallas/food-delivery/chef-derricka/DY4m8nOxRTWL7lPHDs7HeQ,murphy-texas
https://www.ubereats.com/dallas/food-delivery/yummy-burgers-%26-bbq-richardson/JXIgj2RVTP6QeElFmkj18A,murphy-texas
https://www.ubereats.com/dallas/food-delivery/island-wings/CC1dBGx4QKakQocqXOcVQQ,murphy-texas
https://www.ubereats.com/dallas/food-delivery/wendys-205-w-fm-544/jEk76c10TQiz2XOGNJnTkQ,murphy-texas
https://www.ubereats.com/dallas/food-delivery/shipley-do-nuts-garland/2S5xrDrDTGeimlsoNa24ig,murphy-texas
https://www.ubereats.com/dallas/food-delivery/la-burger-n-plano-rd/yzl0cj22RQiw61JUM-rMdw,murphy-texas
https://www.ubereats.com/dallas/food-delivery/meteor-hamburgers/IHHwdo5ZTeKxu3iY-vFEJA,murphy-texas
https://www.ubereats.com/dallas/food-delivery/carrabbas-3400-n-central-expressway/oFPWZFNuRN6Hr6DRO2iYLg,murphy-texas
https://www.ubereats.com/dallas/food-delivery/friend-%26-foe-board-game-cafe/qfEYRiQrRyWNg_6HnnP-Tg,murphy-texas
https://www.ubereats.com/dallas/food-delivery/bar-louie-allen/FwC-gYueR96kOkdt9tGcVA,murphy-texas
https://www.ubereats.com/dallas/food-delivery/zuki-japanese-bistro/-HwcCjM-TlWwoO3pCiZeKg,murphy-texas
https://www.ubereats.com/dallas/food-delivery/starbucks-buckingham-%26-jupiter/wOuzWyt4TbK2CIPNkgS_uQ,murphy-texas
https://www.ubereats.com/dallas/food-delivery/tom-yum-thai-garland/-Oi8ZughQk2qSZXCP9xMcQ,murphy-texas
https://www.ubereats.com/dallas/food-delivery/sonic-6040-s-highway-78/IbBVM1Y1QZ21FpZjIGtyTw,murphy-texas
https://www.ubereats.com/dallas/food-delivery/popeyes-1436-beltline-rd/SzipIzWSSUySiBfEg1AuNQ,murphy-texas
https://www.ubereats.com/dallas/food-delivery/jeng-chi/xkjlpLjaTPqWxVm3EkYxUw,murphy-texas
https://www.ubereats.com/dallas/food-delivery/thai-jasmine/pPxlb8r4SWShuV4g9Q6WhA,murphy-texas
https://www.ubereats.com/dallas/food-delivery/cicis-enterprises-3520-lakeview-pkwy/kmgRotIxTpOggXTBRZlUuQ,murphy-texas
https://www.ubereats.com/dallas/food-delivery/hat-creek-burger-co-richardson/_M0xWOvvT9eti8rA3hUr2A,murphy-texas
https://www.ubereats.com/dallas/food-delivery/el-viejon/TXi5PpCAR2WKFrJzKUPeMg,murphy-texas
https://www.ubereats.com/dallas/food-delivery/mcalisters-deli-560-wylie-tx-101359/C1Xn3qGqQW6zcsSt8Qx7GQ,murphy-texas
https://www.ubereats.com/dallas/food-delivery/jack-in-the-box-5410-rowlett-rd/Of7DfHFqS3u0Jn5GmkR5aw,murphy-texas
https://www.ubereats.com/dallas/food-delivery/chick-fil-a-400-s-highway-78/M6mmgVYtQveVuQG8UoSVMA,murphy-texas
https://www.ubereats.com/dallas/food-delivery/chipotle-mexican-grill-1009-n-central-expy/fa7zn_j3SR6dTYDD3acJOQ,murphy-texas
https://www.ubereats.com/dallas/food-delivery/vivi-bubble-tea-garland/U_bpLdvPTze7oUg_ws1N_g,murphy-texas
https://www.ubereats.com/dallas/food-delivery/boomerjacks-grill-and-bar-fairview/W-qFxPjZRsCYh_DjD_ydkA,murphy-texas
https://www.ubereats.com/dallas/food-delivery/starbucks-75-%26-campbell/_6dWGIzsTkW3BiV9Ku6j9A,murphy-texas
https://www.ubereats.com/dallas/food-delivery/burger-king-4940-n-garland-ave/NZ553URTRpGhaaaeR0TVpA,murphy-texas
https://www.ubereats.com/dallas/food-delivery/soulmans-bar-b-que/VKlDY3FzQjS-WYjZxvhDPw,murphy-texas
https://www.ubereats.com/dallas/food-delivery/mcdonalds-garland-tx-shiloh/gBElxmMoRqScrpG8CmV84A,murphy-texas
https://www.ubereats.com/dallas/food-delivery/la-bahia-restaurant/cOX18pIPSEKhudU7hhV_AQ,murphy-texas
https://www.ubereats.com/dallas/food-delivery/freebirds-world-burrito-238-west-campbell-road/0EjjDf--S7OyDMZA1_Xo4w,murphy-texas
https://www.ubereats.com/dallas/food-delivery/kooksoo/srvmRNthRqSpU85apUX5-Q,murphy-texas
https://www.ubereats.com/dallas/food-delivery/lazy-dog-restaurant-%26-bar-allen/QVPBNyoWR0eEUoIn23KWpw,murphy-texas
https://www.ubereats.com/dallas/food-delivery/pinulito-fried-chicken/J_42HDTnSpOEQ0QxJKhnhA,murphy-texas
https://www.ubereats.com/dallas/food-delivery/papa-murphys-1208-east-bethany-drive-suite-6/rDmjf3oeRAmdu0A_AAl9nA,murphy-texas
https://www.ubereats.com/dallas/food-delivery/waffle-olicious/drxXw7RhSkWZNEYtoWqPHQ,murphy-texas
https://www.ubereats.com/dallas/food-delivery/chino-tacos/Wa8mmlJYQISgcrqloZmwfA,murphy-texas
https://www.ubereats.com/dallas/food-delivery/cristinas-fine-mexican-restaurant-lavon-drive-hwy/dxymJNzzRlGBuDmxLq1X8A,murphy-texas
https://www.ubereats.com/dallas/food-delivery/firehouse-subs-murphy/AUyi_X-cQFa9BSjQ51nD_g,murphy-texas
https://www.ubereats.com/dallas/food-delivery/starbucks-angel-%26-lucas/WLekBm7ATsWitGGuAwObVw,murphy-texas
https://www.ubereats.com/dallas/food-delivery/wing-city-llc/cVApIcDfTI6lRyPqqllWgw,murphy-texas
https://www.ubereats.com/dallas/food-delivery/dalrock-diner/tiBv3UoIR26HjBvLM7Tz8g,murphy-texas
https://www.ubereats.com/dallas/food-delivery/taco-bell-1340-jupiter-rd/aSnYUqU4TnWyXknN04b2Fw,murphy-texas
https://www.ubereats.com/dallas/food-delivery/see-you-again-kabob%26bar%E4%B8%8D%E8%A7%81%E4%B8%8D%E6%95%A3/4oVPZEvsR7-nD6hHMrk-Yg,murphy-texas
https://www.ubereats.com/dallas/food-delivery/shipley-do-nuts-5000-collin-mckinney-pkwy-%23-140/ZH0voA-ET7ayAgWehP-Nnw,murphy-texas
https://www.ubereats.com/dallas/food-delivery/chongqing-house/sd9mkPgVSQWO8hJDHU_kLQ,murphy-texas
https://www.ubereats.com/dallas/food-delivery/panda-chef-sachse/kYQ7dau4RlKzIaQgx5G5BQ,murphy-texas
https://www.ubereats.com/dallas/food-delivery/starbucks-renner-%26-northstar/o8ccUly9QfCYZw0fHd4p1g,murphy-texas
https://www.ubereats.com/dallas/food-delivery/little-sichuan-cuisine/1EVOY7LSR36DQTFATTwKVA,murphy-texas
https://www.ubereats.com/dallas/food-delivery/grand-cafe/Fm9tnyCSQZOtEe1qvgAZwg,murphy-texas
https://www.ubereats.com/dallas/food-delivery/mells-grill/svJXk0vyT3Claqfn7ehpuQ,murphy-texas
https://www.ubereats.com/dallas/food-delivery/momocha/rsMaOWueS1ORa42nbtJO2g,murphy-texas
https://www.ubereats.com/dallas/food-delivery/big-rays-bbq/rt2HD275SNKkHQtg-JUZzg,murphy-texas
https://www.ubereats.com/dallas/food-delivery/soulmans-bar-b-que-allen/xxGRRIcrRr28jjU8qvZOXA,murphy-texas
https://www.ubereats.com/dallas/food-delivery/hirut-ethiopian-grocery-%26-bakery/8ruQnfHLS3ubPoiuhIA32g,murphy-texas
https://www.ubereats.com/dallas/food-delivery/mod-pizza-wylie/HhmBCeJ6REGGM0M1o0yRbw,murphy-texas
https://www.ubereats.com/dallas/food-delivery/mcdonalds-sachse-tx/An4S9MSFTE2LhBhB-mP1Mg,murphy-texas
https://www.ubereats.com/dallas/food-delivery/fuzzys-taco-shop-2205-n-central/wP1I3-40Q1e5YKWdLB6LmA,murphy-texas
https://www.ubereats.com/dallas/food-delivery/dickeys-bbq-pit-president-george-bush-hwy-%26-big-a-road/w9Xx3yZTSgCwnmfrSB-jfw,murphy-texas
https://www.ubereats.com/dallas/food-delivery/supreme-donuts/5qzLbMnTTvyceIUuLKl8Tw,murphy-texas
https://www.ubereats.com/dallas/food-delivery/sonic-6104-chase-oaks-dr/J4ankdkCT4uhh2_Z6ldYSQ,murphy-texas
https://www.ubereats.com/dallas/food-delivery/kfc-1776-e-belt-line-rd/IRI4nEJgRE2PSG2UTtSGKg,murphy-texas
https://www.ubereats.com/dallas/food-delivery/chard-southeast-asian-kitchen-richardson/qBG2DaBHQimlrOhi-YK0VA,murphy-texas
https://www.ubereats.com/dallas/food-delivery/yogo-pang/Te9iOkiwQtCOjj5Wg_Z3OQ,murphy-texas
https://www.ubereats.com/dallas/food-delivery/pasquallys-pizza-%26-wings-4992-state-highway-190/s9kLCuuFRdOGCwB_l9yF1A,murphy-texas
https://www.ubereats.com/dallas/food-delivery/potbelly-sandwich-shop-collin-creek-%7C-90/POuyywF2RMqbaPAUEZABYw,murphy-texas
https://www.ubereats.com/dallas/food-delivery/nanas-country-citchen-%26-catering/ZIMuaXMlQKmh53vOHwVGNQ,murphy-texas
https://www.ubereats.com/dallas/food-delivery/jack-in-the-box-3480-arapaho-rd/Hmwrt7RdT5SvkkAdZSrCYQ,murphy-texas
https://www.ubereats.com/dallas/food-delivery/subway-5250-texas-78/JzT4thELThKaM7IdbIB8zQ,murphy-texas
https://www.ubereats.com/dallas/food-delivery/souper-salad-1017-n-central-expressway-%23250/Hr8PaQOhQBiC1w13WrqMIQ,murphy-texas
https://www.ubereats.com/dallas/food-delivery/little-rome-llc/wLLt9EPOQ7iARZWh1gWEhg,murphy-texas
https://www.ubereats.com/dallas/food-delivery/williams-fried-chicken-2405-e-plano-pkwy/ZUYCEM-ZTMemUHs6YbnQ-g,murphy-texas
https://www.ubereats.com/dallas/food-delivery/dennys-302-w-fm-544/cV7pbQAdRVmzFfUR0xj7cA,murphy-texas
https://www.ubereats.com/dallas/food-delivery/agha-juice-%26-cafe-plano/kqnSaLEoSVGQZuhiUC66Cg,murphy-texas
https://www.ubereats.com/dallas/food-delivery/robata-%26-sushi-ebesu/lw754kmVT7GssCezDnviKA,murphy-texas
https://www.ubereats.com/dallas/food-delivery/papa-johns-805-woodbridge-prkwy/Uu6atSsWTCi9EDwfAl7oKA,murphy-texas
https://www.ubereats.com/dallas/food-delivery/schlotzskys-deli-w-fm-544/ILr4bsuCRSif8sZeqg4dUA,murphy-texas
https://www.ubereats.com/dallas/food-delivery/cruzitos-mexican-restaurant/C-cMWaJwTzuOuAybC_a2rA,murphy-texas
https://www.ubereats.com/dallas/food-delivery/sonic-605-south-plano-road/n9v4_P3FT9OAURi11NEIPg,murphy-texas
https://www.ubereats.com/dallas/food-delivery/arbys-4922-north-garland-avenue/uGpK4xpoT1e24gY8NYs7GQ,murphy-texas
https://www.ubereats.com/dallas/food-delivery/end-zone-plano/7zUX4y7USj2NISrLUaJ-NA,murphy-texas
https://www.ubereats.com/dallas/food-delivery/mcdonalds-bethany-heights/X3zYGJiHSRq2ndLYZPzRqg,murphy-texas
https://www.ubereats.com/dallas/food-delivery/dairy-queen-2425-ave-k/nqf7h6bPSyubnOPHwj6BwQ,murphy-texas
https://www.ubereats.com/dallas/food-delivery/asian-express-plano/USY4vd4eRhykk8zxuQ-NhQ,murphy-texas
https://www.ubereats.com/dallas/food-delivery/thaibox-allen/XrNu9A4BRjOixZmuq1WVXg,murphy-texas
https://www.ubereats.com/dallas/food-delivery/first-watch-202-w-campbell-road-ste-202/YSp5tUWiTEajyHvIj5Lu8A,murphy-texas
https://www.ubereats.com/dallas/food-delivery/nestle-toll-house-cafe-by-chip-605-town-square-blvd/nR8ALWhiQ--nk-ekgb1ahg,murphy-texas
https://www.ubereats.com/dallas/food-delivery/sucre-cafe/vTRYwymMQGu22Zt92Us1xQ,murphy-texas
https://www.ubereats.com/dallas/food-delivery/nest-burger/0cLIdZ6LRAuaImdRmLOjsA,murphy-texas
https://www.ubereats.com/dallas/food-delivery/einstein-bros-bagels121-e-fm-544/IkLO7MmHTd-1_ainj64c7g,murphy-texas
https://www.ubereats.com/dallas/food-delivery/subway-803-woodbridge-parkway/apocTaQpSBe6hIKOXrC8Ww,murphy-texas
https://www.ubereats.com/dallas/food-delivery/jin-mi-korean-cuisine/BL9rKg56Rv6g8Cm1ctMDAA,murphy-texas
https://www.ubereats.com/dallas/food-delivery/houlihans-garland/qUu7esDiSDSYF1I9xmtEug,murphy-texas
https://www.ubereats.com/dallas/food-delivery/la-shish-greek-%26-mediterranean/Pyk1o-OxQ8-dTFnHVokDTQ,murphy-texas
https://www.ubereats.com/dallas/food-delivery/dickeys-barbecue-pit-richardson/YVrPYzcrSSqk9jh5S4hYfA,murphy-texas
https://www.ubereats.com/dallas/food-delivery/best-burgers-allen/XqdPm5FOQPqPtXV-OOHPhQ,murphy-texas
https://www.ubereats.com/dallas/food-delivery/the-boiling-crab-plano/g0F26O2uQWWPpBsF_t42Ow,murphy-texas
https://www.ubereats.com/dallas/food-delivery/abu-omar-halal-richardson/zp5Ln_JRQqiA6mV7fbcypg,murphy-texas
https://www.ubereats.com/dallas/food-delivery/hooties-burger-bar-720-central-expressway/nJMwHCi6SHqPbJFgf_Z4Hw,murphy-texas
https://www.ubereats.com/dallas/food-delivery/china-star/ZGJtVNm2QwubVFBdp05NaQ,murphy-texas
https://www.ubereats.com/dallas/food-delivery/donut-box/vbA7Ei67S6aQaG2t2ZzAuA,murphy-texas
https://www.ubereats.com/dallas/food-delivery/prima-scelta-bistro/XTsKQxvZRbG95CaF-iwGGw,murphy-texas
https://www.ubereats.com/dallas/food-delivery/mcdonalds-lavon/RuWSukqiRp2R2VqiTXXOsA,murphy-texas
https://www.ubereats.com/dallas/food-delivery/vivi-bubble-tea-plano/XBpy0U2XRpKIrzY-URPOtA,murphy-texas
https://www.ubereats.com/dallas/food-delivery/starbucks-parker-%26-alma/Ab2y1BVBQy6Bg1P7io4h4A,murphy-texas
https://www.ubereats.com/dallas/food-delivery/smashburger-1425-e-renner-rd/qnPpgHGxRNu9Vyg155DaAg,murphy-texas
