url,city
https://www.ubereats.com/inland-empire/food-delivery/miyagi-sushi/ADxLllz_TtOIvQIK4a4ZSw,muscoy-california
https://www.ubereats.com/inland-empire/food-delivery/bobos-pizza/w9pbHDiAS5y7FrRQKut3NA,muscoy-california
https://www.ubereats.com/inland-empire/food-delivery/wendys-27879-baseline-avenue/ypXN0yI7QAOHNwiWnJmxRQ,muscoy-california
https://www.ubereats.com/inland-empire/food-delivery/tortas-sinaloa/sgBy_E5uTHicPUFJemQB4A,muscoy-california
https://www.ubereats.com/inland-empire/food-delivery/jack-in-the-box-495-n-d-st/zVYjMUXLQhCI0NjsBkiHNg,muscoy-california
https://www.ubereats.com/inland-empire/food-delivery/del-taco-834-w-valley-blvd/2r0FAafHSMudXmoiB5xiYQ,muscoy-california
https://www.ubereats.com/inland-empire/food-delivery/miguels-jr-fontana/uViKWMDiSs2aumHTJHI66Q,muscoy-california
https://www.ubereats.com/inland-empire/food-delivery/tacos-mexico-rialto-ca/g2qeUtirQ9yLcc-Bnn2-Kw,muscoy-california
https://www.ubereats.com/inland-empire/food-delivery/waba-grill-1309-w-renaissance-pkwy-rialto/EkcRhwqsTuCYoE7v6tnTaA,muscoy-california
https://www.ubereats.com/inland-empire/food-delivery/santiagos-taco-shop-rialto/zfgJcAjbTA2yJGjHjeScuQ,muscoy-california
https://www.ubereats.com/inland-empire/food-delivery/del-taco-2000-n-riverside-ave/xmIkbSiRSgyHS0ymocQlKg,muscoy-california
https://www.ubereats.com/inland-empire/food-delivery/bjs-restaurant-%26-brewhouse-1045-e-harriman-place/cqTssynqRMizLTEI9pFP2Q,muscoy-california
https://www.ubereats.com/inland-empire/food-delivery/jack-in-the-box-1605-e-highland-ave/agCnteqOTn6E0__l2ly5Ng,muscoy-california
https://www.ubereats.com/inland-empire/food-delivery/waba-grill-2999-w-kendall-dr-unit-b-20-san-bernardino/iHVyG5WtS12y2-dGVO9SNA,muscoy-california
https://www.ubereats.com/inland-empire/food-delivery/chop-stop-rialto/zFajJYFGRXWej2iyszOkQg,muscoy-california
https://www.ubereats.com/inland-empire/food-delivery/farmer-boys-san-bernadino-ave/ZSXTbLnAR529vdXoq_dtEQ,muscoy-california
https://www.ubereats.com/inland-empire/food-delivery/del-taco-2855-del-rosa-ave/ZNX0EzJ5RBe66LwD0hpZTQ,muscoy-california
https://www.ubereats.com/inland-empire/food-delivery/juanitos-taco/EWE9W3zvQm-l2uezbALeUA,muscoy-california
https://www.ubereats.com/inland-empire/food-delivery/subway-291-e-valley-blvd/v9r1SV8jTpuNB_oVeAF6eA,muscoy-california
https://www.ubereats.com/inland-empire/food-delivery/outback-steakhouse-620-e-hospitality-lane/Eq32F5WqQemJo6XrhD78ow,muscoy-california
https://www.ubereats.com/inland-empire/food-delivery/indias-clay-oven-san-bernardino/SneAhFjtROKW8CXuHZGx-A,muscoy-california
https://www.ubereats.com/inland-empire/food-delivery/arbys-670-se-st/t43ea-bzSnGiCPesXtPK3A,muscoy-california
https://www.ubereats.com/inland-empire/food-delivery/panera-1345-w-renaissance-pkwy/gE5ZeDrFTLOWxAI9NuptmQ,muscoy-california
https://www.ubereats.com/inland-empire/food-delivery/del-taco-272-e-40th-st/P-bLlfYtT-qTpRezWXcA_A,muscoy-california
https://www.ubereats.com/inland-empire/food-delivery/starbucks-2nd-%26-f-street/Mlrdiza4RA2xZ4YqJbnGXg,muscoy-california
https://www.ubereats.com/inland-empire/food-delivery/rallys-300-south-riverside-avenue/zKGHLzRlSHaBVUhINw_Eww,muscoy-california
https://www.ubereats.com/inland-empire/food-delivery/green-shack-market/EnCNwbxrRd-VhZZtCxzjLQ,muscoy-california
https://www.ubereats.com/inland-empire/food-delivery/the-habit-burger-grill-27511-san-bernardino-ave-suite-100/KiyTkGgKTG-26QFCdQmpPw,muscoy-california
https://www.ubereats.com/inland-empire/food-delivery/jersey-mikes-subs-27993-greenspot-rd/X9SLQO81RDOwSFdgZ6JiPA,muscoy-california
https://www.ubereats.com/inland-empire/food-delivery/tacos-melanos/nbJYkM-MSUuIlhvOIHVfIA,muscoy-california
https://www.ubereats.com/inland-empire/food-delivery/the-habit-burger-grill-1550-w-valley-blvd-unit-a/LXTgN02lTji3YY9KkCDJNg,muscoy-california
https://www.ubereats.com/inland-empire/food-delivery/miguels-jr-rialto/_DIVMR4MSJm0cIAK05ogWg,muscoy-california
https://www.ubereats.com/inland-empire/food-delivery/gus-jr-restaurants/AQIbGQ3LQtOdkM6-74nVfA,muscoy-california
https://www.ubereats.com/inland-empire/food-delivery/jack-in-the-box-25699-baseline-st/0KzhPJ0OQRODAcEUXnKvJg,muscoy-california
https://www.ubereats.com/inland-empire/food-delivery/culichi-town-rialto/5gwx5hmrTv6MW8ueg9fikw,muscoy-california
https://www.ubereats.com/inland-empire/food-delivery/jack-in-the-box-303-e-base-line-st/8XMuY3RUQ4iEwnehZeBEdQ,muscoy-california
https://www.ubereats.com/palm-springs/food-delivery/kabab-el-basha/J90dn71sQDOeLIwYaIX_Wg,muscoy-california
https://www.ubereats.com/inland-empire/food-delivery/applebees-16867-sierra-lakes-parkway-%2379064/cia6VcZwQkCzNzie32g1bw,muscoy-california
https://www.ubereats.com/inland-empire/food-delivery/coffee-nutzz-of-rialto/CjpQree8T9-fJ5TklhHz1g,muscoy-california
https://www.ubereats.com/inland-empire/food-delivery/michoacana-colton/tZM5xkwrRVKl-QWaP5FSzw,muscoy-california
https://www.ubereats.com/inland-empire/food-delivery/taste-of-thai/s_gXac6PQnSgk7rPUrY5cQ,muscoy-california
https://www.ubereats.com/inland-empire/food-delivery/fg-restaurant/KYtlyj1HSeepywk_lmOFWQ,muscoy-california
https://www.ubereats.com/inland-empire/food-delivery/el-pollo-loco-1090-s-mount-vernon3506/UmSijGqwTyy4KTUcBSnAow,muscoy-california
https://www.ubereats.com/inland-empire/food-delivery/california-fish-grill-rialto/9JJzrR8qT8O2PgGf02HdWA,muscoy-california
https://www.ubereats.com/inland-empire/food-delivery/redhill-coffee-shop-fontana/oIxFZyCvROq5MKsnUjnH4w,muscoy-california
https://www.ubereats.com/inland-empire/food-delivery/albertacos-mexican-food/9fyLY2ApS5CdABL4pbXW3A,muscoy-california
https://www.ubereats.com/inland-empire/food-delivery/carnitas-el-pareja/TyaJBAiMRWuYavJPfMeFRg,muscoy-california
https://www.ubereats.com/inland-empire/food-delivery/starbucks-summit-%26-i-15/6xRnPdW3TB2neAlqj7QGMQ,muscoy-california
https://www.ubereats.com/inland-empire/food-delivery/jack-in-the-box-4020-university-pkwy/dV_0-ZYuRYKZpJKvz4MvIw,muscoy-california
https://www.ubereats.com/inland-empire/food-delivery/subway-4414-university-pkwy/CSyj9N6KQkeHUrlmSnfFsw,muscoy-california
https://www.ubereats.com/inland-empire/food-delivery/starbucks-i-10-and-9th-street/gvKA-plZT-qFNeUqya2vKw,muscoy-california
https://www.ubereats.com/inland-empire/food-delivery/thai-village-cafe/qsldmHJOQJmog6hB3MsMOw,muscoy-california
https://www.ubereats.com/inland-empire/food-delivery/waba-grill-16637-sierra-lakes-parkway/4jXx-UR8RGuPOL-rmMjNHg,muscoy-california
https://www.ubereats.com/inland-empire/food-delivery/waba-grill-1059-n-mt-vernon/D7wWE55rT7GEdmTZvspnzw,muscoy-california
https://www.ubereats.com/inland-empire/food-delivery/popeyes-16205-sierra-lakes-pkwy/37NoHtzWRjeJJ6x7M4DEDw,muscoy-california
https://www.ubereats.com/inland-empire/food-delivery/carls-jr-2022-n-riverside-ave/AoTO-OEJTZ26ULpq5PMoLw,muscoy-california
https://www.ubereats.com/inland-empire/food-delivery/billy-ts-restaurant/Y5SreGA7RWG8wFzjSsJNjA,muscoy-california
https://www.ubereats.com/inland-empire/food-delivery/mcdonalds-225-w-valley-blvd/GCTD2ILUQ8KP51C_LGX6ow,muscoy-california
https://www.ubereats.com/inland-empire/food-delivery/pescaderia-mr-fish-fontana/giXD34sbRGiOC4ble9tqrw,muscoy-california
https://www.ubereats.com/inland-empire/food-delivery/carls-jr-293-e-40th-st/K2Rmu4lUTO2nYPmk2JkGlQ,muscoy-california
https://www.ubereats.com/inland-empire/food-delivery/taco-bell-1225-w-colton/w0JZqxgMSyaHCXJ4xoq8Qg,muscoy-california
https://www.ubereats.com/inland-empire/food-delivery/baja-california-bar-%26-grill-fontana/jLyMjPM3QR603rOAAOdP4A,muscoy-california
https://www.ubereats.com/inland-empire/food-delivery/pick-up-stix-fontana/NnqB68_bSAS0ZR55k0fIuQ,muscoy-california
https://www.ubereats.com/inland-empire/food-delivery/tacos-el-parrillazo/Xl1tXRHcRDyXON5sqYkkdg,muscoy-california
https://www.ubereats.com/inland-empire/food-delivery/jamba-juice-1155-west-renaissance-parkway-suite-510/lvJ3asYVRyOHBwphic41vA,muscoy-california
https://www.ubereats.com/inland-empire/food-delivery/papa-johns-san-bernardino/o8Gakv59SPuWvck7BEYsAA,muscoy-california
https://www.ubereats.com/inland-empire/food-delivery/subway-150-a-w-baseline-road/ia7KzNZQS3yiKWjJJDRVSg,muscoy-california
https://www.ubereats.com/inland-empire/food-delivery/tacos-y-tortas-michoacan/jhYLkgkxSNm7txUHCAyC2w,muscoy-california
https://www.ubereats.com/inland-empire/food-delivery/hot-dog-on-a-stick-110-inland-ctr/C8P92-wTTpWSHUnWXs6bAA,muscoy-california
https://www.ubereats.com/inland-empire/food-delivery/dennys-1190-s-mt-vernon/XCmZ_IAeTgSTlRdtyCXgkA,muscoy-california
https://www.ubereats.com/inland-empire/food-delivery/pizza-q/7TAItND-Qrez5SmsVgEfyw,muscoy-california
https://www.ubereats.com/inland-empire/food-delivery/ihop-16866-foothill-blvd/lE64W63NR-OWwEQk0uY3_A,muscoy-california
https://www.ubereats.com/inland-empire/food-delivery/el-viejon-mariscos-and-sushi/ytR2TtYXTlGxmsZwoZXi6g,muscoy-california
https://www.ubereats.com/inland-empire/food-delivery/starbucks-foothill-%26-citrus/m2_vCkVcSrWPC94uzBZlBg,muscoy-california
https://www.ubereats.com/inland-empire/food-delivery/starbucks-riverside-%26-i-210/hZ_cV4o5SH-GHjHVsWrunQ,muscoy-california
https://www.ubereats.com/inland-empire/food-delivery/jasmine-thai-cuisine/dZkE_lLHQ16CQHPG4okn_Q,muscoy-california
https://www.ubereats.com/inland-empire/food-delivery/dickeys-barbecue-restaurants-inc-1725-northpark-blvd-suite-a1/fiK_C0RERpi-pL6cIDQgHg,muscoy-california
https://www.ubereats.com/inland-empire/food-delivery/krispy-krunchy-chicken-605-north-h-street/zJ3rXOHnTgGJP0G25DvO6w,muscoy-california
https://www.ubereats.com/inland-empire/food-delivery/fg-restaurant/cvchFS5TRqyc_TzcWLCyQg,muscoy-california
https://www.ubereats.com/inland-empire/food-delivery/el-ojo-de-agua-taqueria/4xItuGqeSwSf6C-NMghHuw,muscoy-california
https://www.ubereats.com/inland-empire/food-delivery/el-camaron-alegre/ZR4jzS8aRZuHXxZo7SgLnA,muscoy-california
https://www.ubereats.com/inland-empire/food-delivery/el-paraiso-salvadoreno/1uys2pVjTWmg9K1wVDfqmw,muscoy-california
https://www.ubereats.com/inland-empire/food-delivery/churchs-chicken-912-east-foothill-blvd/clbRhB4FS2qF_Ztkvc9TeQ,muscoy-california
https://www.ubereats.com/inland-empire/food-delivery/culichis-%26-beer-colton/t2yH3oQBRqKdtsotO9GFPQ,muscoy-california
https://www.ubereats.com/inland-empire/food-delivery/la-michoacana-delicious-ice-cream/5JXCDM1cR1GY2RkNPc6oxA,muscoy-california
https://www.ubereats.com/inland-empire/food-delivery/panda-express-500-inland-center-drive/IhUaoNOrSdiOiurEw0L5dg,muscoy-california
https://www.ubereats.com/inland-empire/food-delivery/taco-bell-17111-foothill-blvd/FrZkvLFRTCiD1GDYlWkjwg,muscoy-california
https://www.ubereats.com/inland-empire/food-delivery/el-puerto-escondido/epLxRj0VRMeBzm4rOk-v3Q,muscoy-california
https://www.ubereats.com/inland-empire/food-delivery/liquid-tea-bar/m_7I94CSTxWq1F-0xTlpFw,muscoy-california
https://www.ubereats.com/inland-empire/food-delivery/manna-donut/UN8DsRuGS4OnkMZTJcySfg,muscoy-california
https://www.ubereats.com/inland-empire/food-delivery/jack-in-the-box-3910-sierra-ave/gTjahB8MSg-AbujxeOTb0A,muscoy-california
https://www.ubereats.com/inland-empire/food-delivery/churchs-chicken-299-east-baseline/6bxSiBgdQAS77KHw4sinYA,muscoy-california
https://www.ubereats.com/inland-empire/food-delivery/la-casa-del-taco/OpeyVZ53QrC7Uxpsbcf0jA,muscoy-california
https://www.ubereats.com/inland-empire/food-delivery/juice-it-up/j3uvWb0uQuOzXU2I2jSKeg,muscoy-california
https://www.ubereats.com/inland-empire/food-delivery/el-pollo-loco-1225-w-renaissance-parkway6187/A3OfjDtnRWeF9g5Y1TWxGw,muscoy-california
https://www.ubereats.com/inland-empire/food-delivery/chiva-coco-restaurante/HgZiHuxuTFSoHx7wJSQ7EA,muscoy-california
https://www.ubereats.com/inland-empire/food-delivery/papa-johns-colton/PQRg0zLLSJW5bDSjSCelug,muscoy-california
https://www.ubereats.com/inland-empire/food-delivery/cracker-barrel-old-country-store-1080-west-renaissance-pwky/vuEEGAVaTIGPDPgffeSDvg,muscoy-california
https://www.ubereats.com/inland-empire/food-delivery/subway-1588-west-base-line-road/Yffuzk0gT7aBFDgai1kb3w,muscoy-california
https://www.ubereats.com/inland-empire/food-delivery/wayback-burger-1725-w-northpark-boulevard/o92ciZyUQoGemUtxupqRxA,muscoy-california
https://www.ubereats.com/inland-empire/food-delivery/el-pollo-loco-758-west-highland-avenue3669/mfVHTMYlSU6r7V7GVwhxcA,muscoy-california
https://www.ubereats.com/inland-empire/food-delivery/pieology-pizzeria-rialto/R2AGlkwyRa-PkL5AylWXzA,muscoy-california
https://www.ubereats.com/inland-empire/food-delivery/krispy-krunchy-chicken-rialto/0iedXe2lRc-Xq5yF01Vwdg,muscoy-california
https://www.ubereats.com/inland-empire/food-delivery/calis-sushi-%26-seafood/SSimpy3IQFOF0pxGBi9S6A,muscoy-california
https://www.ubereats.com/inland-empire/food-delivery/cajun-crab/jl47YrVyT0q5KAK45Dlmmw,muscoy-california
https://www.ubereats.com/inland-empire/food-delivery/jamba-juice-1725-northpark-blvd-unit-2/G17iP9nbScOI8nrsginGcg,muscoy-california
https://www.ubereats.com/inland-empire/food-delivery/all-star-pizza/95V9uWVPRBSwSzgU4TZhog,muscoy-california
https://www.ubereats.com/inland-empire/food-delivery/panda-express-27720-base-line-street/BasIQpD8TN6b7phaHLiPdA,muscoy-california
https://www.ubereats.com/inland-empire/food-delivery/mollys-cafe/HyUvZgPyQBegByD9m88j7w,muscoy-california
https://www.ubereats.com/inland-empire/food-delivery/la-baja-burger/RnXZrs58SriiPnrrirOnZQ,muscoy-california
https://www.ubereats.com/inland-empire/food-delivery/subway-2026-n-riverside-ave/qvtWkHBKRhGUBtv6wbvnAA,muscoy-california
https://www.ubereats.com/inland-empire/food-delivery/oggis-sports-%7C-brewhouse-%7C-pizza-fontana/JZzakotMQeWiIz1o_NPhrg,muscoy-california
https://www.ubereats.com/inland-empire/food-delivery/chipotle-mexican-grill-16595-sierra-lakes-pkwy-ste-100/QL0-4lF-RFq_-sN-4zRMig,muscoy-california
https://www.ubereats.com/inland-empire/food-delivery/the-ice-cream-shop/hPjfdSIOR5ykKEG4uQwwfA,muscoy-california
https://www.ubereats.com/inland-empire/food-delivery/coffee-nutzz/B6-pE6wzQc2kyjaQYvXZpw,muscoy-california
https://www.ubereats.com/inland-empire/food-delivery/dairy-queen-grill-%26-chill-18525-valley-blvd/ZbauseIyR4KWotKhgIIYhA,muscoy-california
https://www.ubereats.com/inland-empire/food-delivery/pizza-fuego-san-bernardino/kGN85WD6StmSgRaU9WkMIw,muscoy-california
https://www.ubereats.com/inland-empire/food-delivery/el-super-fontana-foothill/-Zz2SYBaS3mZDO72hWBjyw,muscoy-california
https://www.ubereats.com/inland-empire/food-delivery/la-michoacana-signature-treats-rialto/2NlNj1auRtOK5VKDkiW3GQ,muscoy-california
https://www.ubereats.com/inland-empire/food-delivery/kfc-%2337-14570-baseline-ave/IksQmKb_Q1KcCZcWevuNYw,muscoy-california
https://www.ubereats.com/inland-empire/food-delivery/jack-in-the-box-1876-n-riverside-ave/oRs0orBxSCKldpsUCky3wg,muscoy-california
https://www.ubereats.com/inland-empire/food-delivery/mariscos-el-puerto-%26-mexican-food/F6kw3ZaBQzS7YIvr8QzOHQ,muscoy-california
https://www.ubereats.com/inland-empire/food-delivery/alibertos-fresh-mexican-food/EBEMX_YjSIOWZj7TRsy0MA,muscoy-california
https://www.ubereats.com/inland-empire/food-delivery/kfc-%2314-2007-e-highland-ave/heFrQnFCTC6ZonkU9d6OrQ,muscoy-california
https://www.ubereats.com/inland-empire/food-delivery/farmer-boys-kendall-drive/3EL62pmaRp6U2UDF6iPjRg,muscoy-california
https://www.ubereats.com/inland-empire/food-delivery/el-pollo-loco-1695-kendall-dr3284/EaMSBjEYQgirVCDYMqLhzA,muscoy-california
https://www.ubereats.com/inland-empire/food-delivery/carls-jr-8924-sierra-ave/kgconQE7QESAmAzwAHR5yQ,muscoy-california
https://www.ubereats.com/inland-empire/food-delivery/burger-king-3235-west-little-league-drive/egGZFKr8RWSb15bYDK-LrA,muscoy-california
https://www.ubereats.com/inland-empire/food-delivery/mod-pizza-fontana/t7TKahv9SwW86u8PPdF7rg,muscoy-california
https://www.ubereats.com/inland-empire/food-delivery/wienerschnitzel-1102-n-waterman/iovcjWqtRWyOAIEGKigITg,muscoy-california
https://www.ubereats.com/inland-empire/food-delivery/mcdonalds-568-s-mt-vernon-ave/J-HweiruTB-pXONgMEVYQw,muscoy-california
https://www.ubereats.com/inland-empire/food-delivery/subway-3225-w-little-league-drive/4N35p1JGTW6_W1t_pmtDAg,muscoy-california
https://www.ubereats.com/inland-empire/food-delivery/green-burrito-620-w-foothill-blvd/ijqDL5PaSeasfCC-rByISA,muscoy-california
https://www.ubereats.com/inland-empire/food-delivery/carls-jr-7261-boulder-ave/PeVgPkuvSqC6FegO0bDW2Q,muscoy-california
https://www.ubereats.com/inland-empire/food-delivery/jack-in-the-box-15274-summit-ave/OXoYkxHnT5yVQnrTMkF2qg,muscoy-california
https://www.ubereats.com/inland-empire/food-delivery/kays-cafe/XeOgPGQeSEug2sbskj4YVQ,muscoy-california
https://www.ubereats.com/inland-empire/food-delivery/dennys-702-e-highland-ave/Q-VBzaoGTDi2jIEsQawzPg,muscoy-california
https://www.ubereats.com/inland-empire/food-delivery/kfc-%2302-808-w-highland-ave/Td0UFnGfR8m9WEgb0FPjZA,muscoy-california
https://www.ubereats.com/inland-empire/food-delivery/family-homestyle-cafe/R_8V-CplQ2amXtoGjA3Wdw,muscoy-california
https://www.ubereats.com/inland-empire/food-delivery/sonic-1060-west-renaissance-parkway/yhvGP-IQSfaLYzo_SznReQ,muscoy-california
https://www.ubereats.com/inland-empire/food-delivery/tios-grille-%26-cantina-fontana/e6aLPHK8SmyhvOcSDsy31w,muscoy-california
https://www.ubereats.com/inland-empire/food-delivery/kfc-%2306-223-e-foothill-blvd/9c0wlp5KTV61pij7STd99A,muscoy-california
https://www.ubereats.com/inland-empire/food-delivery/farmer-boys-1310-w-baseline-rd/1ScpSLOGTZm1eWfN-qzUpQ,muscoy-california
https://www.ubereats.com/inland-empire/food-delivery/subway-297-e-highland-aveue/iQOniFxOTPqQOhQ4OR-JMg,muscoy-california
https://www.ubereats.com/inland-empire/food-delivery/el-pollo-loco-1220-w-foothill-blvd6016/JHPzQOM1Tmu989h5l8vtNA,muscoy-california
https://www.ubereats.com/inland-empire/food-delivery/carls-jr-green-burrito-192-e-redlands-blvd/4k4JDidwQ86kare8-pExqw,muscoy-california
https://www.ubereats.com/inland-empire/food-delivery/golden-corral-325-e-hospitality-lane/HoqI2zIGSpOAVx2na3iBCA,muscoy-california
https://www.ubereats.com/inland-empire/food-delivery/helmands-pizzeria-%26-restaurant/nexyWXixTwyrVKJ9cmR3JQ,muscoy-california
https://www.ubereats.com/inland-empire/food-delivery/la-michoacana-ice-cream-parlor-colton/oG7LtZvMR86kRVDD_cSJbg,muscoy-california
https://www.ubereats.com/inland-empire/food-delivery/popeyes-198-e-redlands-blvd/Nzoh8KU8QiSwINWgZAEzPw,muscoy-california
https://www.ubereats.com/inland-empire/food-delivery/honey-baked-ham-san-bernardino/-UuDHpA7RM-eSSFC6h65vg,muscoy-california
https://www.ubereats.com/inland-empire/food-delivery/waba-grill-27511-san-bernardino/eagUPl35TFK3RPfagvsDww,muscoy-california
https://www.ubereats.com/inland-empire/food-delivery/mcdonalds-240-e-40th-st/GKP-3Xz3QU-Roc1kPT2cag,muscoy-california
https://www.ubereats.com/inland-empire/food-delivery/lucians-pizza/zefg4fq5Ry2WUzANRFjamA,muscoy-california
https://www.ubereats.com/inland-empire/food-delivery/yum-yum-donuts-932-w-highland-avenue/_gj_XCq2Rx6mEZVcj7yrgA,muscoy-california
https://www.ubereats.com/inland-empire/food-delivery/jersey-mikes-subs-1310-s-riverside-avenue/FKDC2st-RVKw4sDVtGBVfg,muscoy-california
https://www.ubereats.com/inland-empire/food-delivery/kfc-taco-bell-7347-boulder-ave/CP6k1KVpSq-SS4acpIn1rg,muscoy-california
https://www.ubereats.com/inland-empire/food-delivery/popeyes-1064-west-highland-avenue/NRdXSKa-RCq93cQesDfkHQ,muscoy-california
https://www.ubereats.com/inland-empire/food-delivery/taco-bell-295-w-highland/cXAzZK89Sw-Tw-ZoiEs-sg,muscoy-california
https://www.ubereats.com/inland-empire/food-delivery/waba-grill-1040-s-mt-vernon-ave/5q_c0sQsQsWX48t9yiIkHA,muscoy-california
https://www.ubereats.com/inland-empire/food-delivery/seattles-best-teriyaki/E5CS36tJRrCbiW7ToLgzhg,muscoy-california
https://www.ubereats.com/inland-empire/food-delivery/jack-in-the-box-27734-baseline-st/by94PpkKQ7GavHKf9M37Kg,muscoy-california
https://www.ubereats.com/inland-empire/food-delivery/burger-king-503-east-foothill/wo3RSnIwRgqFVHR5OckIfw,muscoy-california
https://www.ubereats.com/inland-empire/food-delivery/mcdonalds-4155-university-pkwy/m34IEazdTYO1y7jcow96uA,muscoy-california
https://www.ubereats.com/inland-empire/food-delivery/goodys/t2mpai7ATiCSWPpJMkkgQA,muscoy-california
https://www.ubereats.com/inland-empire/food-delivery/golden-pizza/thz64CdwQuquVN2_PSdzrA,muscoy-california
https://www.ubereats.com/inland-empire/food-delivery/del-taco-4344-university-pkwy/dEzGsdIiTdqG2m5PVcO0CA,muscoy-california
https://www.ubereats.com/inland-empire/food-delivery/kfc-%2320-9758-sierra-ave/sP5rdPEnTZ2PNOH4F-zf_Q,muscoy-california
https://www.ubereats.com/inland-empire/food-delivery/pappasitos-mexican-grill-%26-seafood/OZaiWJ2rQvCvpEI_8_F9Fw,muscoy-california
https://www.ubereats.com/inland-empire/food-delivery/chapala-restaurant-2nd-location/L_kJEr-mS7mLSIM83Kaz9A,muscoy-california
https://www.ubereats.com/inland-empire/food-delivery/dennys-5975-n-palm-ave/6Lx3AU8JQMeKGv8zSj459g,muscoy-california
https://www.ubereats.com/inland-empire/food-delivery/golden-pizza/_hTdzS7AR-qu-LX8kv51Zg,muscoy-california
https://www.ubereats.com/inland-empire/food-delivery/la-michoacana-signature-treats/3in4GNcySXeetr-p3_hzzw,muscoy-california
https://www.ubereats.com/inland-empire/food-delivery/jersey-mikes-subs-186-e-easton-st/tPUMXV8NSK-9_q8Vk9QHDQ,muscoy-california
https://www.ubereats.com/inland-empire/food-delivery/charleys-burgers/wYWL3PPEQ22Vnl6i8F1bWg,muscoy-california
https://www.ubereats.com/inland-empire/food-delivery/el-super-san-bernardino-baseline-38/ADHI0TSkTlqw-0V3Hbc3GA,muscoy-california
https://www.ubereats.com/inland-empire/food-delivery/la-concha-coastal-mexican-grill/La_JW31dSCOWbyznBVPBGw,muscoy-california
https://www.ubereats.com/inland-empire/food-delivery/ramenkoko/rHUTFwegSvu4E1m9QriggQ,muscoy-california
https://www.ubereats.com/inland-empire/food-delivery/panda-express-1605-s-riverside-ave/t7KzEaCGSbGqtAZ3eI02CQ,muscoy-california
https://www.ubereats.com/inland-empire/food-delivery/blaze-pizza-1155-w-renaissance-pkwy-%23500/NgcOnXhyQqyr6ulU4eSpVw,muscoy-california
https://www.ubereats.com/inland-empire/food-delivery/gazzolos-sausage-co-restaurant-%26-delicatessen/Z5WA7rWVT-SbbvyGrfU8ew,muscoy-california
https://www.ubereats.com/inland-empire/food-delivery/delhi-palace/OFesaDm3TxiHzQANegKirA,muscoy-california
https://www.ubereats.com/inland-empire/food-delivery/burger-king-1361-west-foothill-boulevard/_naQSjB2TFaOktRZhHj3dw,muscoy-california
https://www.ubereats.com/inland-empire/food-delivery/jack-in-the-box-3653-e-highland-ave/q_pPZd3nRdiJ8w_A3E6szQ,muscoy-california
https://www.ubereats.com/inland-empire/food-delivery/big-ts-pizza/8Kv0wekjTm-SgGZ4ymHs0w,muscoy-california
https://www.ubereats.com/inland-empire/food-delivery/burger-king-487-west-highland/TEc7yuX7RB23H7Az1W4uWg,muscoy-california
https://www.ubereats.com/inland-empire/food-delivery/panda-express-16645-sierra-lakes-pkwy-%23130/UQXHltepTSKTsN8owgGCgw,muscoy-california
https://www.ubereats.com/inland-empire/food-delivery/cold-stone-creamery-15068-summit-ave-ste-520/e_ov20OzS2C3WaPlCQvVUg,muscoy-california
https://www.ubereats.com/inland-empire/food-delivery/farmer-boys-sierra-lakes-parkway/cy4So1ihSNaOKBKeJenDtw,muscoy-california
https://www.ubereats.com/inland-empire/food-delivery/ahipoki-bowl-rialto/boExZKKYQsOYVPfwODm3ew,muscoy-california
https://www.ubereats.com/inland-empire/food-delivery/el-puerto-escondido/cILVRjEzQ3KQUOLxQsSaTQ,muscoy-california
https://www.ubereats.com/inland-empire/food-delivery/golden-china-restaurant/OVQR82v4RsCoCxis9yxCvg,muscoy-california
https://www.ubereats.com/inland-empire/food-delivery/dennys-13479-baseline-ave/P1RU568ORdC9xiHdVm0daQ,muscoy-california
https://www.ubereats.com/inland-empire/food-delivery/which-wich-%23649/wVvliy4gTKShbN__L-yr5w,muscoy-california
https://www.ubereats.com/inland-empire/food-delivery/el-ranchero-mexican-grill-fontana/PrsptnZ8Rny7A0IVHJfp3A,muscoy-california
https://www.ubereats.com/inland-empire/food-delivery/starbucks-riverside-%26-san-bernardino/F5mRU77OTCaIxRBl5atJnQ,muscoy-california
https://www.ubereats.com/inland-empire/food-delivery/jade-inn/R6l8mEzCT8qmwdpr0F5m3w,muscoy-california
https://www.ubereats.com/inland-empire/food-delivery/tacos-gavilan-rialto/BURDOUabTuOJJF56FEdkzA,muscoy-california
https://www.ubereats.com/inland-empire/food-delivery/la-michoacana-signature-treats-rialto/lTVQYIYJS9eOXMEMD5zEEg,muscoy-california
https://www.ubereats.com/inland-empire/food-delivery/golden-pizza/QUOJpgLfRi-ezPMyyR1wYg,muscoy-california
https://www.ubereats.com/inland-empire/food-delivery/sushi-train/J_Pws-JcRamRvxW6eunJUQ,muscoy-california
https://www.ubereats.com/inland-empire/food-delivery/cold-stone-creamery-5244-university-pkwy/oMNstQNLQcmEkycbTdMcZw,muscoy-california
https://www.ubereats.com/inland-empire/food-delivery/dinos-pizza-wings-subs/VKVoSJeWS_eSUNDNO_4O5Q,muscoy-california
https://www.ubereats.com/inland-empire/food-delivery/subway-303-e-foothill-blvd-%23a/2LtKbc6zS2y_8wWNFp8J2g,muscoy-california
https://www.ubereats.com/inland-empire/food-delivery/waba-grill-4077-university-pkwy-san-bernardino/ti9nK2C2S8q5ZRqjqyUJPw,muscoy-california
https://www.ubereats.com/inland-empire/food-delivery/jack-in-the-box-11020-s-highland-avenue/jaD9_qxhRHWslgv4_BRRJw,muscoy-california
https://www.ubereats.com/inland-empire/food-delivery/subway-525-w-highland-ave/6gQa_YHaRNKojRpXB2tgyA,muscoy-california
https://www.ubereats.com/inland-empire/food-delivery/la-morenita-tacos-y-jugos/i97YIBZkRzyobCJQOYgcSg,muscoy-california
https://www.ubereats.com/inland-empire/food-delivery/tacos-mexico-san-bernardino-ca/RckxIVShTSS8V3Z6rFl2WQ,muscoy-california
https://www.ubereats.com/inland-empire/food-delivery/el-super-san-bernardino-mt-vernon-39/TGmCVba0RDmx-MSkU_tiVw,muscoy-california
https://www.ubereats.com/inland-empire/food-delivery/zaky-mediterranean-grill-fontana/UrPOdp5VTK2n6SRePu2ENQ,muscoy-california
https://www.ubereats.com/inland-empire/food-delivery/king-kebab/Z4weHhkwRHemnYAkxbGLgQ,muscoy-california
https://www.ubereats.com/inland-empire/food-delivery/subway-4184-n-sierra-way/3SY9u9cfQfSQ01rUqu5cEA,muscoy-california
https://www.ubereats.com/inland-empire/food-delivery/waba-grill-1594-w-base-line-st/q1qwrABsR4ChouB1WsAnUA,muscoy-california
https://www.ubereats.com/inland-empire/food-delivery/wienerschnitzel-fontana/0SjDmlIGRc29jj1cOQYS9g,muscoy-california
https://www.ubereats.com/inland-empire/food-delivery/burger-king-16878-foothill-boulevard/qLDwDtP7SDK78VG8MrWTgw,muscoy-california
https://www.ubereats.com/inland-empire/food-delivery/ihop-4023-university/YV930X7HQjuS-82KNJQ3Xw,muscoy-california
https://www.ubereats.com/inland-empire/food-delivery/el-super-san-bernardino-9th-37/W2TJELUSSy2gTox2G6lljg,muscoy-california
https://www.ubereats.com/inland-empire/food-delivery/amapola-rico-taco/nPTG3DybRFGYZUcB4Wz97w,muscoy-california
https://www.ubereats.com/inland-empire/food-delivery/chapala-restaurant/0EAyh6TQRtyu8_wJusskGw,muscoy-california
https://www.ubereats.com/inland-empire/food-delivery/mi-casita-taqueria/urEKjlucQuiPjx7phdA9sA,muscoy-california
https://www.ubereats.com/inland-empire/food-delivery/starbucks-210-%26-ayala-dr-rialto/AY7i900RSMy9-Gb3krOgbA,muscoy-california
https://www.ubereats.com/inland-empire/food-delivery/lotus-garden/FXrzY0A2Tfu7COQ6IRpJxg,muscoy-california
https://www.ubereats.com/inland-empire/food-delivery/el-super-rialto/0fUwXCm8Q0ijoHcPo0q66Q,muscoy-california
https://www.ubereats.com/inland-empire/food-delivery/la-fuente-mexican-bakery/L_CDq_4uRBW4DQ-7XEAuUQ,muscoy-california
https://www.ubereats.com/inland-empire/food-delivery/carnitas-michoacan/2REWmxFMRGqWFok_YT8eOg,muscoy-california
https://www.ubereats.com/inland-empire/food-delivery/el-sinaloense-tacos-and-beer/PeJXjIu2SRqmyo6pHdWSqg,muscoy-california
https://www.ubereats.com/inland-empire/food-delivery/noyes-bakery/T_9RFZkRSgmd9Mvdi79wcg,muscoy-california
https://www.ubereats.com/inland-empire/food-delivery/taqueria-mi-ranchito-alegre/DSh820WfTtqG2ydBVg760w,muscoy-california
https://www.ubereats.com/inland-empire/food-delivery/chipotle-mexican-grill-1092-e-hospitality-ln-ste-b/XTA2-4gaRleQsx2rIDig4Q,muscoy-california
https://www.ubereats.com/inland-empire/food-delivery/cafe-%26-deli-el-rancho/5p6nUnWkRqiPFnr7TUE_wg,muscoy-california
https://www.ubereats.com/inland-empire/food-delivery/lemonshark-poke-san-bernardino/t8g37VXIR1qgzk54QvI2FA,muscoy-california
https://www.ubereats.com/inland-empire/food-delivery/ihop-san-bernardino/D5Il6fS6RYmgkUj5qPd0Sw,muscoy-california
https://www.ubereats.com/inland-empire/food-delivery/the-hot-spot-fontana/ZHhtfQkMQGeMTX-hStiIgw,muscoy-california
https://www.ubereats.com/inland-empire/food-delivery/simplee-boba-loma-linda/7ZcYknzMQwm9qccfTCYmZA,muscoy-california
https://www.ubereats.com/inland-empire/food-delivery/macaroni-grill-redlands/ddIAzv6BRma_6S7PFpuLIA,muscoy-california
https://www.ubereats.com/inland-empire/food-delivery/carls-jr-4424-university-parkway/FIxQTgHpQWuCljT4GstIzQ,muscoy-california
https://www.ubereats.com/inland-empire/food-delivery/wendys-14439-baseline-avenue/CLQzshU1QxKhKh_5JBs1kA,muscoy-california
https://www.ubereats.com/inland-empire/food-delivery/churchs-chicken-8909-sierra-avenue/iWIjptVCRAGLlYcXA0zhxA,muscoy-california
https://www.ubereats.com/inland-empire/food-delivery/starbucks-40th-%26-waterman/NZWaKky_R3a_3K4vxXwM0w,muscoy-california
https://www.ubereats.com/inland-empire/food-delivery/hong-kong-express/5yDAjbZCQ3OUTbUR5xaTQw,muscoy-california
https://www.ubereats.com/inland-empire/food-delivery/golden-pizza/-Mn-_oKbSi6efEX5IO4czA,muscoy-california
https://www.ubereats.com/inland-empire/food-delivery/chinatown-chinese-restaurant/CSIxnQYaRumji3qZH5D6Cw,muscoy-california
https://www.ubereats.com/inland-empire/food-delivery/del-taco-519-s-riverside-ave/jDcydOTuTwK0uZcphuloLw,muscoy-california
https://www.ubereats.com/inland-empire/food-delivery/panda-express-1170-w-renaissance-pkwy/J684kWVHQVe_Y_Sa9_wV4A,muscoy-california
https://www.ubereats.com/inland-empire/food-delivery/mcdonalds-699-2nd-st/VgqgQzvJRXeKLb6d2v5W5g,muscoy-california
https://www.ubereats.com/inland-empire/food-delivery/carls-jr-1505-e-highland-ave/hFcKl9uLTqmF9xmLuIFRbw,muscoy-california
https://www.ubereats.com/inland-empire/food-delivery/popeyes-louisiana-kitchen-1320-w-baseline-rd/MjwP-_gJQveSQxv6YjgiUQ,muscoy-california
https://www.ubereats.com/inland-empire/food-delivery/subway-1244-w-baseline/pcKC0jOjTa6g0ySNW-mpMg,muscoy-california
https://www.ubereats.com/inland-empire/food-delivery/tortas-ahogadas-chapala-rialto/w3mMVecgSm2JjoeUByHEpg,muscoy-california
https://www.ubereats.com/inland-empire/food-delivery/kfc-taco-bell-792-w-valley-blvd/vfB6447fRQqCf2sulRc5WA,muscoy-california
https://www.ubereats.com/inland-empire/food-delivery/waba-grill-1290-foothill-blvd-rialto/Sz3QuNp4QZ-M-WI3a6QPeA,muscoy-california
https://www.ubereats.com/inland-empire/food-delivery/wendys-1090-n-pepper-ave/97uqhA1WQVehwsrEoGffRQ,muscoy-california
https://www.ubereats.com/inland-empire/food-delivery/el-pollo-loco-1066-harriman-place3613/TPQ7S2LIQuq-z6PYGHpAMQ,muscoy-california
https://www.ubereats.com/inland-empire/food-delivery/del-taco-2002-e-highland-ave/bwWTij3RTjqNTcf3m8ay6g,muscoy-california
https://www.ubereats.com/inland-empire/food-delivery/the-buffalo-spot-colton/lh2jYGXoQImMS-j1p7Mrhg,muscoy-california
https://www.ubereats.com/inland-empire/food-delivery/masters-donuts/AFnmLpUuRhyKUoGds4JCkA,muscoy-california
https://www.ubereats.com/inland-empire/food-delivery/jack-in-the-box-316-w-foothill-blvd/mG6nYGChS0KDqsLNdpTgxg,muscoy-california
https://www.ubereats.com/inland-empire/food-delivery/kfc-%2346-4694-university-pkwy/XcWqpEoyRuWolMnUWY3x3Q,muscoy-california
https://www.ubereats.com/inland-empire/food-delivery/la-michoacana-s-mt-vernon-ave/BHcYY_ccQbS16dlGCgbn-g,muscoy-california
https://www.ubereats.com/inland-empire/food-delivery/tea-terminals/z9X1L6TDQr6KPPyBJIe7Tw,muscoy-california
https://www.ubereats.com/inland-empire/food-delivery/culichis-%26-beer-colton/L_9pCchsTAKYaKIEt8zCcg,muscoy-california
https://www.ubereats.com/inland-empire/food-delivery/mcdonalds-1615-s-riverside/0CEcrk0gQuCipA213ZgfXw,muscoy-california
https://www.ubereats.com/inland-empire/food-delivery/rogers-burgers/fcyaL3wbRgm06uNQluosDg,muscoy-california
https://www.ubereats.com/inland-empire/food-delivery/tios-mexican-food-fontana/In8Wmq80RIyXAH7e1HKRmw,muscoy-california
https://www.ubereats.com/inland-empire/food-delivery/jamba-juice-16635-sierra-lakes-pkwy-ste-100/1HGNzn5QR0-nX4LY6ldrdQ,muscoy-california
https://www.ubereats.com/inland-empire/food-delivery/five-guys-ca-1529-15218-summit-ave/TDvvo09pQkm14CYuAbJXWg,muscoy-california
https://www.ubereats.com/inland-empire/food-delivery/panda-paradise/DrpPVa7fTIOEg6aHx5BlNw,muscoy-california
https://www.ubereats.com/inland-empire/food-delivery/bostons-restaurant-%26-sports-bar-16927-sierra-lakes-pkwy/odk13SRTR6KHXhfvs03G5A,muscoy-california
https://www.ubereats.com/inland-empire/food-delivery/mcdonalds-111-w-baseline-rd/ME1lEYB2RZKBHNKn13Tsjw,muscoy-california
https://www.ubereats.com/inland-empire/food-delivery/el-pollo-loco-680-s-e-st3842/sPjL7SXeTVCVZgZ53dcn3w,muscoy-california
https://www.ubereats.com/inland-empire/food-delivery/krispy-krunchy-chicken-10510-sierra-ave/XwG83wyFSGizR3Qge8A0-Q,muscoy-california
https://www.ubereats.com/inland-empire/food-delivery/napoli-italian-restaurant/psSGGf5vSZGAq0L_aTc6iA,muscoy-california
https://www.ubereats.com/inland-empire/food-delivery/wendys-1260-w-foothill-blvd/o_Fkd9S7TqGTacenhCbZnA,muscoy-california
https://www.ubereats.com/inland-empire/food-delivery/mcdonalds-1208-n-mt-vernon-blvd/xmHpZrDxTrOVQupRkr1How,muscoy-california
https://www.ubereats.com/inland-empire/food-delivery/la-pizza-loca-san-bernardino/011ucI1nR_GxLPokrdMHnA,muscoy-california
https://www.ubereats.com/inland-empire/food-delivery/ajs-bagels/bECzcvqiSF2SItKI8YCOJQ,muscoy-california
https://www.ubereats.com/inland-empire/food-delivery/quiznos-san-bernardino/lSFVu_0YStuTU7jE5xe6Iw,muscoy-california
https://www.ubereats.com/inland-empire/food-delivery/celebrities-sports-bar-and-grill/9fYVAz-DRsaj3XS-No1b2w,muscoy-california
https://www.ubereats.com/inland-empire/food-delivery/del-taco-16930-foothill-blvd/ZSR4pK39QqKs_N7Huweknw,muscoy-california
https://www.ubereats.com/inland-empire/food-delivery/dairy-queen-treat-222-s-riverside-ave/P1DEc6UYQ-KDkposrh-alQ,muscoy-california
https://www.ubereats.com/inland-empire/food-delivery/cinnabon-500-inland-center-dr/Z7z8_pNWSXuQ3BJE0CyTgw,muscoy-california
https://www.ubereats.com/inland-empire/food-delivery/flor-mia-sabor-a-mexico/Pni40ZCNSrOGU7UA-11a1A,muscoy-california
https://www.ubereats.com/inland-empire/food-delivery/jack-in-the-box-1141-w-highland-ave/VL3TPkX6SJ-65-f8cZZXWg,muscoy-california
https://www.ubereats.com/inland-empire/food-delivery/panda-express-7376-cherry-ave/hdVWtP6LTmS8dWXAvsiXEw,muscoy-california
https://www.ubereats.com/inland-empire/food-delivery/la-michoacana-n-sierra-way/_kVYGYPBSMG-KJWABxVE6Q,muscoy-california
https://www.ubereats.com/inland-empire/food-delivery/kabab-el-basha/J90dn71sQDOeLIwYaIX_Wg,muscoy-california
https://www.ubereats.com/inland-empire/food-delivery/mcdonalds-1575-e-highland-ave/oXRAwQuJT_2cN1uVucd0Qg,muscoy-california
https://www.ubereats.com/inland-empire/food-delivery/wienerschnitzel-4394-university-parkway/UXnSUul0TLa52PuWWAMfgg,muscoy-california
https://www.ubereats.com/inland-empire/food-delivery/jersey-mikes-subs-10515-sierra-ave/ZWLwlqffQMWSKFDvgZS1rg,muscoy-california
https://www.ubereats.com/inland-empire/food-delivery/tgi-fridays-684-san-bernardino/wRbfC7FkRL2hBAiMaKlzGw,muscoy-california
https://www.ubereats.com/inland-empire/food-delivery/hidden-paradise-el-salvador/NA5rB9XiTfihIDzDndzhrA,muscoy-california
https://www.ubereats.com/inland-empire/food-delivery/mcdonalds-718-w-highland-ave/I7jLSFgeQTC9tozsPsS8RQ,muscoy-california
https://www.ubereats.com/inland-empire/food-delivery/farmer-boys/K2qdcD3yQXqcPi6MJLyhHA,muscoy-california
https://www.ubereats.com/inland-empire/food-delivery/el-pollo-loco-16785-sierra-lakes-pkwy6020/8ft-AFyLRJKS1i1z4fBXEA,muscoy-california
https://www.ubereats.com/inland-empire/food-delivery/amapola-rico-taco-baseline/NuQAI9waRtu7nrYAHvUrfQ,muscoy-california
https://www.ubereats.com/inland-empire/food-delivery/taco-bell-240-w-base-line-rd/JIJ04TT1SPmMj5yegiBfzA,muscoy-california
https://www.ubereats.com/inland-empire/food-delivery/panda-star/wvs6aRBvTiKlflFgg0D5QQ,muscoy-california
https://www.ubereats.com/inland-empire/food-delivery/miguels-jr-redlands/EV3tQs-ISrysgtd8f8cuBw,muscoy-california
https://www.ubereats.com/inland-empire/food-delivery/five-guys-ca-1850-10540-sierra-ave/8hUvhHm0Q_2oxOW9n02R9A,muscoy-california
https://www.ubereats.com/inland-empire/food-delivery/celebrities-sports-grill/-ON56JygTA-RRlIe41CELA,muscoy-california
https://www.ubereats.com/inland-empire/food-delivery/starbucks-i-215-%26-little-league/XrrcE4v4TZ2Tv3xRfFX2Jw,muscoy-california
https://www.ubereats.com/inland-empire/food-delivery/el-pollo-loco-1210-w-colton-ave5790/bl-2IuEHRCOkEmTBqWPyYQ,muscoy-california
https://www.ubereats.com/inland-empire/food-delivery/westside-pit-bbq/pWqjcUJzTdaGX_0vTmSvfg,muscoy-california
https://www.ubereats.com/inland-empire/food-delivery/mi-casita-purepecha/HrRPDzvJSeCCaqqDmj0reA,muscoy-california
https://www.ubereats.com/inland-empire/food-delivery/mcdonalds-1318-w-foothill-blvd/iMLFdFYNTFKhK8AQIotAsQ,muscoy-california
https://www.ubereats.com/inland-empire/food-delivery/carls-jr-green-burrito-1180-s-mount-vernon-ave/aqbtjJt0SlSXorlloib4jQ,muscoy-california
https://www.ubereats.com/inland-empire/food-delivery/the-fifth-lounge/WqrsN7sLR_uJJRVBTHjWCA,muscoy-california
https://www.ubereats.com/inland-empire/food-delivery/waba-grill-1920-e-highland-ave-san-bernardino/ndAIvqoNTmKwzAo4mCVgAQ,muscoy-california
https://www.ubereats.com/inland-empire/food-delivery/ihop-2575-highland-ave/xi5ttCaiTa2YaMdaRK5DZg,muscoy-california
https://www.ubereats.com/inland-empire/food-delivery/chipotle-mexican-grill-186-e-easton-st-ste-a/88Gg7K6URZupjApFp_T6uA,muscoy-california
https://www.ubereats.com/inland-empire/food-delivery/del-taco-3864-sierra-ave/9n64V_5oQbudiFkDAHLiPg,muscoy-california
https://www.ubereats.com/inland-empire/food-delivery/golden-dragon/A9nCVgLeRJysf4fpXQyW_A,muscoy-california
https://www.ubereats.com/inland-empire/food-delivery/papa-johns-highland/xwKbMWJpRZ694HZev2C7qw,muscoy-california
https://www.ubereats.com/inland-empire/food-delivery/waba-grill-3993-north-sierra-way-san-bernardino/yzk0okvwQ6WILfbSwzloVA,muscoy-california
https://www.ubereats.com/inland-empire/food-delivery/sierra-noodle-house/MBvEwZ7GRR-zV4AUVDKDGg,muscoy-california
https://www.ubereats.com/inland-empire/food-delivery/the-ice-cream-shop/OB15eIIJQ2GKrw9gjP6XMw,muscoy-california
https://www.ubereats.com/inland-empire/food-delivery/waba-grill-27923-greenspot-road-suite-d/rch79OnET52LDbNSVfvZbA,muscoy-california
https://www.ubereats.com/inland-empire/food-delivery/jack-in-the-box-193-e-40th-st/q3sq0tklTHWjE-6Ktc9udw,muscoy-california
https://www.ubereats.com/inland-empire/food-delivery/glazed-bistro-fontana/YwfSaNcDThOss44NEnnwYg,muscoy-california
https://www.ubereats.com/inland-empire/food-delivery/burgerim/hrZHdrhPQmyeHBQhuXdlYQ,muscoy-california
https://www.ubereats.com/inland-empire/food-delivery/the-habit-burger-grill-1205-w-renaissance-pkwy-suite-200/ej00SOdCQZ-RFv1XaZ_WTg,muscoy-california
https://www.ubereats.com/inland-empire/food-delivery/mcdonalds-100-e-redlands-blvd/IHkddYRVSDydIIvwgyPj3g,muscoy-california
https://www.ubereats.com/inland-empire/food-delivery/poke-tology/djfIXi1NRXyrVBtIiN5EKw,muscoy-california
https://www.ubereats.com/inland-empire/food-delivery/klatch-coffee-fontana/gHymyaYVQ-WKiWOj-WvNRQ,muscoy-california
https://www.ubereats.com/inland-empire/food-delivery/chipotle-mexican-grill-1314-s-riverside-ave/_Tk0ssIRRCWuC2q2mSggkQ,muscoy-california
https://www.ubereats.com/inland-empire/food-delivery/kung-fu-pho/Rf_Ko2YXQue4tTymfZfWnA,muscoy-california
https://www.ubereats.com/inland-empire/food-delivery/del-taco-770-w-2nd-st/6RCiU8pfTGK0ExqlFlCEvQ,muscoy-california
