url,city
https://www.ubereats.com/oklahoma-city/food-delivery/arbys-8629/YN-pJJ0RR3-C2gAZbWxMCA,mustang-oklahoma
https://www.ubereats.com/oklahoma-city/food-delivery/sams-southern-eatery-bethany/Tz-LY6YcSrmEb6xP5ktWrA,mustang-oklahoma
https://www.ubereats.com/oklahoma-city/food-delivery/mcalisters-deli-730-westgate-okc-101035/g06I6L12Ry2e4fsJBim6ig,mustang-oklahoma
https://www.ubereats.com/oklahoma-city/food-delivery/starbucks-i-40-%26-garth-brooks/q6t95D_PS1u8SaHxBylVUQ,mustang-oklahoma
https://www.ubereats.com/oklahoma-city/food-delivery/schlotzskys-deli-12860-nw-10th-st/zWlLS6xuQQiv0KunCO7hUA,mustang-oklahoma
https://www.ubereats.com/oklahoma-city/food-delivery/chicken-express-12900-nw-10th-st/N_WnJcfPST24kbrM0Li59A,mustang-oklahoma
https://www.ubereats.com/oklahoma-city/food-delivery/kfc-7617-s-western-ave/7UCyjp22TWe_4dOmRZrStg,mustang-oklahoma
https://www.ubereats.com/oklahoma-city/food-delivery/the-garage-council/Ob8t9MLmTDm1S4BkfogWTA,mustang-oklahoma
https://www.ubereats.com/oklahoma-city/food-delivery/bjs-restaurant-%26-brewhouse-325-outlet-shoppes-drive/9w2iF1ssQUCtAmyOkShQ7g,mustang-oklahoma
https://www.ubereats.com/oklahoma-city/food-delivery/teds-cafe-escondido-west-okc/8hMC2FqxSbuojdPYDwoGkg,mustang-oklahoma
https://www.ubereats.com/oklahoma-city/food-delivery/big-buffalo-grill/vjt15jbHQ7adJdGu9eM7Sg,mustang-oklahoma
https://www.ubereats.com/oklahoma-city/food-delivery/sonic-1011-s-morgan-road/--DB1J0zT8uulgytoj_IXA,mustang-oklahoma
https://www.ubereats.com/oklahoma-city/food-delivery/mcalisters-deli-726-yukon-ok-1406/zjpmCQ27S4CU5ky_1DGemQ,mustang-oklahoma
https://www.ubereats.com/oklahoma-city/food-delivery/arbys-8310/jht0sMsQRGWqXO1bAfNGMQ,mustang-oklahoma
https://www.ubereats.com/oklahoma-city/food-delivery/buffalo-wild-wings-9600-s-i-44-service-road/aWtN4Yw2SIOFY2g3ANellg,mustang-oklahoma
https://www.ubereats.com/oklahoma-city/food-delivery/billy-sims-bbq/1nL9ky0nSDyMU3bGvI3kgA,mustang-oklahoma
https://www.ubereats.com/oklahoma-city/food-delivery/sonic-2828-sw-89th-street/x_ESqRgOTRy-szkanFGreg,mustang-oklahoma
https://www.ubereats.com/oklahoma-city/food-delivery/wendys-705-s-macarthur-blvd/scabeCVxQ7OSsxt44KAmeg,mustang-oklahoma
https://www.ubereats.com/oklahoma-city/food-delivery/mcdonalds-101-n-trading-center-ter/BlaIDTwYS6OBKP_iDau23g,mustang-oklahoma
https://www.ubereats.com/oklahoma-city/food-delivery/wendys-1170-garth-brooks-blvd/tD2O8nPmSiGNbvjRXM_ueg,mustang-oklahoma
https://www.ubereats.com/oklahoma-city/food-delivery/cicis-7341-s-western-ave/w8thPrupSbiyYvIbLrtjnw,mustang-oklahoma
https://www.ubereats.com/oklahoma-city/food-delivery/zios-italian-kitchen-603/IwPtrZ-0Rl6AoA09wT94iw,mustang-oklahoma
https://www.ubereats.com/oklahoma-city/food-delivery/teds-cafe-escondido-south-okc/Q2F0QyybTZGpWgqhMOD6Og,mustang-oklahoma
https://www.ubereats.com/oklahoma-city/food-delivery/sonic-13700-s-pennsylvania-ave/cCyyRA5USdmi2vIgMJI0iw,mustang-oklahoma
https://www.ubereats.com/oklahoma-city/food-delivery/sonic-125-s-mustang-road/T9ma-L4vRqGO0UXeJAcQSg,mustang-oklahoma
https://www.ubereats.com/oklahoma-city/food-delivery/pj-fresh-701-south-morgan-road/t1hl8Ek6QPaLNdtf6PdOqg,mustang-oklahoma
https://www.ubereats.com/oklahoma-city/food-delivery/chicken-express-580-e-state-hwy-152/GxaKQIQDTZC_yEw9lwa9PQ,mustang-oklahoma
https://www.ubereats.com/oklahoma-city/food-delivery/taco-bell-10350-south-i-44-hwy/6HDtxYKwSEKlHO_oFlO5Vg,mustang-oklahoma
https://www.ubereats.com/oklahoma-city/food-delivery/sonic-3701-s-council/oi0QQAEgRfuSNhxADcLmQA,mustang-oklahoma
https://www.ubereats.com/oklahoma-city/food-delivery/saltgrass-1445-west-i-240-service-road/avU1_2kQQOi8MmVTF9JCpw,mustang-oklahoma
https://www.ubereats.com/oklahoma-city/food-delivery/huddle-house-701-s-morgan-rd/XTGtA06eSJa0ZjMW_5FIcQ,mustang-oklahoma
https://www.ubereats.com/oklahoma-city/food-delivery/panda-express-1521-garth-brooks-blvd/yJIYS1ZiTpSLCenvPF4C_A,mustang-oklahoma
https://www.ubereats.com/oklahoma-city/food-delivery/marcos-pizza-135-w-highway-152/VqciY1-4R-CPjWzQHeve6Q,mustang-oklahoma
https://www.ubereats.com/oklahoma-city/food-delivery/china-house/zAC1P8RkTlq-a2_uIQXoLQ,mustang-oklahoma
https://www.ubereats.com/oklahoma-city/food-delivery/buffalo-wild-wings-1765-shedeck-pkwy/4R29jDbtQL6_lne76R8Shw,mustang-oklahoma
https://www.ubereats.com/oklahoma-city/food-delivery/hooters-2109-sw-74th-street/QX_7EIFRRdOPPkbP-tsD0Q,mustang-oklahoma
https://www.ubereats.com/oklahoma-city/food-delivery/legends-secret-bar-%26-grill/CHL711JISLKDE-iFrZRX-A,mustang-oklahoma
https://www.ubereats.com/oklahoma-city/food-delivery/ihop-11312-westmark-dr/rOChOEy8Rz6NLTtAR9sUeA,mustang-oklahoma
https://www.ubereats.com/oklahoma-city/food-delivery/taco-bueno-3219-mustang-%231/C86GLfSKS--3xf2WV0jpuw,mustang-oklahoma
https://www.ubereats.com/oklahoma-city/food-delivery/on-the-border-meridian/Obl_-uFzQh-6TjwG51mtNg,mustang-oklahoma
https://www.ubereats.com/oklahoma-city/food-delivery/twin-peaks-restaurant-6500-sw-3rd-st/0c41lHIKSoSGArNEu_33Gg,mustang-oklahoma
https://www.ubereats.com/oklahoma-city/food-delivery/taco-bell-975-s-cornwell-dr/yEb0Pj9rTKaXgTwMNzcP-w,mustang-oklahoma
https://www.ubereats.com/oklahoma-city/food-delivery/sonic-8420-s-western/tFNGrKiwRWuwTTNBw2QMDA,mustang-oklahoma
https://www.ubereats.com/oklahoma-city/food-delivery/jersey-mikes-subs-6815-sw-3rd-street/uYAenX6BROGn_BDNQyHELw,mustang-oklahoma
https://www.ubereats.com/oklahoma-city/food-delivery/papa-murphys-425-east-state-highway-152-suite-105/wlFf81ukQFy-w9FhhUZ9_Q,mustang-oklahoma
https://www.ubereats.com/oklahoma-city/food-delivery/sonic-1900-s-meridian/7Ik2Xv7_TLKLfRdh189DYg,mustang-oklahoma
https://www.ubereats.com/oklahoma-city/food-delivery/zaxbys-mustang/PcILAT-FRh-buCoeKUoD0w,mustang-oklahoma
https://www.ubereats.com/oklahoma-city/food-delivery/ichiban-sushi-bar-%26-poke/4JJEckgxQ7SXTk5H9QQLxA,mustang-oklahoma
https://www.ubereats.com/oklahoma-city/food-delivery/the-baked-bear-yukon/pzFOuHsYTsCu5rzTCvWQWg,mustang-oklahoma
https://www.ubereats.com/oklahoma-city/food-delivery/hooters-yukon/KjUdCJmdRf-z6ErWgLOvqw,mustang-oklahoma
https://www.ubereats.com/oklahoma-city/food-delivery/arbys-1848/ZMRdyvwjSFu5u2Oru8cGIg,mustang-oklahoma
https://www.ubereats.com/oklahoma-city/food-delivery/starbucks-74th-%26-mustang/zntIgTNyRSyi1h6C3q_tJw,mustang-oklahoma
https://www.ubereats.com/oklahoma-city/food-delivery/sonic-11820-south-may/QKhnWbZkRMKKnT0De3Ju0Q,mustang-oklahoma
https://www.ubereats.com/oklahoma-city/food-delivery/krave-teriyaki/jJTf4zQZQB-pcF4asHSozQ,mustang-oklahoma
https://www.ubereats.com/oklahoma-city/food-delivery/johnnies-charcoal-broiler-yukon/JQvnY504QD6iFKPSzi4U1A,mustang-oklahoma
https://www.ubereats.com/oklahoma-city/food-delivery/sonic-901-north-cemetery-road/TiBU1VCZT0eIprSnATYa4A,mustang-oklahoma
https://www.ubereats.com/oklahoma-city/food-delivery/five-guys-ok-1841-6304-sw-3rd-st/jdCkgCbvSLu_P0v04MSzWA,mustang-oklahoma
https://www.ubereats.com/oklahoma-city/food-delivery/papa-murphys-618-west-vandament-avenue-suite-102/StXfdjxhTfaojbktDlU0aQ,mustang-oklahoma
https://www.ubereats.com/oklahoma-city/food-delivery/kfc-5901-sw-4th-terrace/11beNTKxScmdnCVMRfvzZg,mustang-oklahoma
https://www.ubereats.com/oklahoma-city/food-delivery/broncos-burritos-mexican-foods/CE3n-cW_QhGlRxWxn98vGQ,mustang-oklahoma
https://www.ubereats.com/oklahoma-city/food-delivery/charlestons-s-meridian/PKRNvgwLRNqK2G6u_DqlrA,mustang-oklahoma
https://www.ubereats.com/oklahoma-city/food-delivery/qdoba-6432-sw-3rd-st/OQ0L6iZHRICFIASyFyxgMg,mustang-oklahoma
https://www.ubereats.com/oklahoma-city/food-delivery/hooties-burger-bar-12320-nw-10th-st/bR5cz2KORbyF59opbkmu1Q,mustang-oklahoma
https://www.ubereats.com/oklahoma-city/food-delivery/wendys-901-e-hwy-152/0h4YhrvYT0S8WQdAckTZnQ,mustang-oklahoma
https://www.ubereats.com/oklahoma-city/food-delivery/pho-hieu/JW3woDc6R0e30xLpLiRQbQ,mustang-oklahoma
https://www.ubereats.com/oklahoma-city/food-delivery/kfc-1301-garth-brooks-blvd/00IUzq_wS0eOeh8IPzk5tg,mustang-oklahoma
https://www.ubereats.com/oklahoma-city/food-delivery/the-garage-i-240/NV0wMAOQQ86Pl6XD91onAg,mustang-oklahoma
https://www.ubereats.com/oklahoma-city/food-delivery/cracker-barrel-old-country-store-700-cornell-parkway/bRI6iClCQAq5aG5w4oCY4g,mustang-oklahoma
https://www.ubereats.com/oklahoma-city/food-delivery/sonic-729-w-main-st/iyczwQZCTrCShVh1yxsSrQ,mustang-oklahoma
https://www.ubereats.com/oklahoma-city/food-delivery/billy-sims-bbq-1001-e-state-hwy-152/zQu2ui7bSe6Yj7LmtHfkww,mustang-oklahoma
https://www.ubereats.com/oklahoma-city/food-delivery/taco-bell-980-e-state-highway-152/KqJ1ESUITRePqwOLGXwhYg,mustang-oklahoma
https://www.ubereats.com/oklahoma-city/food-delivery/charm-thai-cuisine/dpzZfopST461zlJXqFvkNQ,mustang-oklahoma
https://www.ubereats.com/oklahoma-city/food-delivery/firehouse-subs-5924-sw-3rd-st/UXIW_m73Tgu5YcUP2YoJnw,mustang-oklahoma
https://www.ubereats.com/oklahoma-city/food-delivery/arbys-7984/ep_-x0aHStuwbJi_mugwCw,mustang-oklahoma
https://www.ubereats.com/oklahoma-city/food-delivery/taco-bell-4839-nw-39th-street/iu7M3GiPS-e7Kh5aSGyMZA,mustang-oklahoma
https://www.ubereats.com/oklahoma-city/food-delivery/taco-bell-11303-westmark-drive/PrFXgqrfTTeJnu4kILJh0Q,mustang-oklahoma
https://www.ubereats.com/oklahoma-city/food-delivery/ms-shirleys-soul-food/o3wbEnxtRLeNwqiP9mi6Tw,mustang-oklahoma
https://www.ubereats.com/oklahoma-city/food-delivery/outback-steakhouse-2219-southwest-74th/OLL2vLBURzCfTb2pCjpJAg,mustang-oklahoma
https://www.ubereats.com/oklahoma-city/food-delivery/mcdonalds-4-s-mustang-rd/x43OJZa5Qo6Uaw9p5CQWgg,mustang-oklahoma
https://www.ubereats.com/oklahoma-city/food-delivery/sams-southern-eatery/UohOo6X1QyaeMKIdWtOUxw,mustang-oklahoma
https://www.ubereats.com/oklahoma-city/food-delivery/hooties-burger-bar-2019-west-i-240/wbdN7tfBQF26E0nuYE39Ww,mustang-oklahoma
https://www.ubereats.com/oklahoma-city/food-delivery/olde-orchard-restaurant/37xkYowTTHyOR-45vmGDyg,mustang-oklahoma
https://www.ubereats.com/oklahoma-city/food-delivery/sapporo-sushi-bar-yukon/QUYdH1WuQsCZX6oalTnBTQ,mustang-oklahoma
https://www.ubereats.com/oklahoma-city/food-delivery/kfc-221-north-mustang-road/YgF4T906RnyuRbYK2hUYCg,mustang-oklahoma
https://www.ubereats.com/oklahoma-city/food-delivery/jersey-mikes-subs-1600-garth-brooks-blvd/u1v8SqSVTZK9fXqaaHRk7w,mustang-oklahoma
https://www.ubereats.com/oklahoma-city/food-delivery/charlestons-240-service-rd/b8Tvnn-7RJWBG268w6nocQ,mustang-oklahoma
https://www.ubereats.com/oklahoma-city/food-delivery/mcdonalds-1252-garth-brooks-blvd/0ivIUlwMRsqFqfuAhf5AzQ,mustang-oklahoma
https://www.ubereats.com/oklahoma-city/food-delivery/dairy-queen-grill-%26-chill-900-n-cemetery/X4Q6SyPKSxSgn5VyaKwU6Q,mustang-oklahoma
https://www.ubereats.com/oklahoma-city/food-delivery/arbys-6523/RLEXrzCRRb6570uQpLrNMw,mustang-oklahoma
https://www.ubereats.com/oklahoma-city/food-delivery/arbys-8546/Ds6jpjz4TEydf2sQGsfW0g,mustang-oklahoma
https://www.ubereats.com/oklahoma-city/food-delivery/pizza-house/9Z2expdeSsij7zNhVEkRUg,mustang-oklahoma
https://www.ubereats.com/oklahoma-city/food-delivery/panda-express-500-south-macarthur/G5xnXIi5Q7Way1RHZ47pTg,mustang-oklahoma
https://www.ubereats.com/oklahoma-city/food-delivery/buffalo-wild-wings-6910-sw-3rd-st/ZUgljxj6RV6VsEJoIZbBng,mustang-oklahoma
https://www.ubereats.com/oklahoma-city/food-delivery/red-lobster-1000-sw-74th-street/d_y_MpMuRF-lnvrGhRz7QA,mustang-oklahoma
https://www.ubereats.com/oklahoma-city/food-delivery/spazio-ristorante/vCspViDqSN2OaomdrdxVdQ,mustang-oklahoma
https://www.ubereats.com/oklahoma-city/food-delivery/grandys-7704-south-western-avenue/Qwmtv1wtSUGgFITUVqUQ0w,mustang-oklahoma
https://www.ubereats.com/oklahoma-city/food-delivery/tropical-smoothie-cafe-west-end-pointe/aHvO1MypRSGa7M24IDp9Bw,mustang-oklahoma
https://www.ubereats.com/oklahoma-city/food-delivery/ihop-1068-e-state-hwy/zGPieyXVQCWAvCBJ0AEKiA,mustang-oklahoma
https://www.ubereats.com/oklahoma-city/food-delivery/orange-leaf-frozen-yogurt-127-east-state-highway-152/jUJCtB8vSZyibGL7LrtdLA,mustang-oklahoma
https://www.ubereats.com/oklahoma-city/food-delivery/qdoba-2145-sw-104th-st/uY1eypTXRrOEYtMGLy1A0g,mustang-oklahoma
https://www.ubereats.com/oklahoma-city/food-delivery/subway-2122-s-meridian-ave/8tMPWWAgSMaLAxh7cKg87g,mustang-oklahoma
