url,city
https://www.ubereats.com/nacogdoches/food-delivery/subway-2721-north-st/4vcJw9ZIQd-tghGfkKqBYw,nacogdoches
https://www.ubereats.com/nacogdoches/food-delivery/burger-king-3819-south-street/fAoGwiS8QMqGeBtdbTGweg,nacogdoches
https://www.ubereats.com/nacogdoches/food-delivery/shipley-do-nuts/aGrrBVWJR_GhyZc_W_yE9w,nacogdoches
https://www.ubereats.com/nacogdoches/food-delivery/popeyes-1519-n-university-dr/d2kbWLuBTcS_mmKplZeuGQ,nacogdoches
https://www.ubereats.com/nacogdoches/food-delivery/little-caesars-1500-north-street/fLgh3BU7SMO7T_LL_IbZ3w,nacogdoches
https://www.ubereats.com/nacogdoches/food-delivery/mcdonalds-3120-university-dr/8VJJ_U4iTZChXTIN9xn3Yw,nacogdoches
https://www.ubereats.com/nacogdoches/food-delivery/cotton-patch-cafe-3117-north-st/YbgmXxvHQ7OgVLBgoxckjw,nacogdoches
https://www.ubereats.com/nacogdoches/food-delivery/taco-bell-1605-north-st/G9r9YQvjQR2EaJdltBfSwA,nacogdoches
https://www.ubereats.com/nacogdoches/food-delivery/starbucks-north-st-%26-west-college/YlKCTRNaSQOK15NEAiQdcA,nacogdoches
https://www.ubereats.com/nacogdoches/food-delivery/newks-eatery-3609-north-st/yLGC95NLThu-t1BPRXYmAA,nacogdoches
https://www.ubereats.com/nacogdoches/food-delivery/dairy-queen-3121-north-st/r2PaVkGVTW6gNTxQJ7X0Hw,nacogdoches
https://www.ubereats.com/nacogdoches/food-delivery/subway-933-n-university-dr/BBud6iN6QV6xRd2flx9Flg,nacogdoches
https://www.ubereats.com/nacogdoches/food-delivery/chilly-fillmores-frozen-yogurt/tq3DJTUBTPaGhBk7i-l6Wg,nacogdoches
https://www.ubereats.com/nacogdoches/food-delivery/mcdonalds-1717-north-st/paiTFtoaQaqZUDRS5ewEvA,nacogdoches
https://www.ubereats.com/nacogdoches/food-delivery/papa-johns-2702-north-street/ChadQXxARB6cEe3I4Jp3aw,nacogdoches
https://www.ubereats.com/nacogdoches/food-delivery/burger-king-2921-north-street/BtD9H5IBQyCdhbc68bgntg,nacogdoches
https://www.ubereats.com/nacogdoches/food-delivery/panda-express-1602-north-street/slIqYEy8T8a5GkrOX3fX3A,nacogdoches
https://www.ubereats.com/nacogdoches/food-delivery/ihop-4117-north-st/kqCBgoJ5QIyaJg-xq2o3Gw,nacogdoches
https://www.ubereats.com/nacogdoches/food-delivery/chipotle-mexican-grill-2111-north-st/CgbvPg79Qo2EUbUigLLI_Q,nacogdoches
https://www.ubereats.com/nacogdoches/food-delivery/jack-in-the-box-2015-north-st/ZI_UlDKeRBydaN0ZwiC-kg,nacogdoches
https://www.ubereats.com/nacogdoches/food-delivery/knuckle-sandwich/G82vmYKYRWiuZK_Q_KF0HQ,nacogdoches
https://www.ubereats.com/nacogdoches/food-delivery/thumpers-coffee-shop-and-christian-cafe/7Tgy7NOHT-iQwGk5kdnGmw,nacogdoches
https://www.ubereats.com/nacogdoches/food-delivery/posados-nacogdoches/TcBg1VWbRl2Qmtggz2mJiA,nacogdoches
https://www.ubereats.com/nacogdoches/food-delivery/schlotzskys-deli-2608-north-street/xkm8ChD2QRuwE9EDGPzeMw,nacogdoches
https://www.ubereats.com/nacogdoches/food-delivery/dunkin-2801-north-st/QcMwGYfhRYOabgGsif0uAg,nacogdoches
https://www.ubereats.com/nacogdoches/food-delivery/nacburger/Oi8rN6ybRLKEJQh6LA1nQQ,nacogdoches
https://www.ubereats.com/nacogdoches/food-delivery/say-cheese-food-truck-%232/yIRD44-yR4m_TdsVrq3R3A,nacogdoches
