url,city
https://www.ubereats.com/fort-myers/food-delivery/taco-bell-2482-immokalee-rd/4OQ6xOKKTGOnHmb3jDdOxQ,naples-florida
https://www.ubereats.com/fort-myers/food-delivery/burger-king-5055-golden-gate-road/AxVtSXm2RtSjW47ru3BBYg,naples-florida
https://www.ubereats.com/fort-myers/food-delivery/pf-changs-10840-tamiami-trail-north/kQF6VrEXRmiTOavwCVt5MA,naples-florida
https://www.ubereats.com/fort-myers/food-delivery/billion-dollar-burgers-south-naples/l-t0RqwUSCOZaVddNacKNw,naples-florida
https://www.ubereats.com/fort-myers/food-delivery/barbosa-kitchen/BXRxzxTPQZeI0dt2Tw4XFA,naples-florida
https://www.ubereats.com/fort-myers/food-delivery/starbucks-pine-ridge-%26-goodlette/tVmwt3juTAeA8O66GhBCpg,naples-florida
https://www.ubereats.com/fort-myers/food-delivery/mizu-sushi-%26-thai/fPEKQQ-LRO23fqzR0-jNAg,naples-florida
https://www.ubereats.com/fort-myers/food-delivery/patrics-restaurant/gDBtr9ikTkSS89Y1prBZvQ,naples-florida
https://www.ubereats.com/fort-myers/food-delivery/grouper-grille-seafood/jc-u5SRFQq6uAQO_zNiUlw,naples-florida
https://www.ubereats.com/fort-myers/food-delivery/sushi-thai-too-7935-airport-pulling-rd-n/jebe_gm0TE6E47vZuVdwFg,naples-florida
https://www.ubereats.com/fort-myers/food-delivery/tijuana-flats-naples/HCflsP_zRQCPQLfnvxznRQ,naples-florida
https://www.ubereats.com/fort-myers/food-delivery/divine-naples/ErdTu350Q02FDnMk2sJoLA,naples-florida
https://www.ubereats.com/fort-myers/food-delivery/roma-bistro-pizzeria/dQl5REl0RU2PxJ7TJqHWyw,naples-florida
https://www.ubereats.com/fort-myers/food-delivery/mimosa-of-naples/ZZgfDnmOQkyun7bztRFjUw,naples-florida
https://www.ubereats.com/fort-myers/food-delivery/dunkin-3440-tamiami-trail/mOAjt3gKQq-xxNB-uIJzNw,naples-florida
https://www.ubereats.com/fort-myers/food-delivery/fusion-212/5q_wQyQFSPuze08XOAj93Q,naples-florida
https://www.ubereats.com/fort-myers/food-delivery/china-dragon-star/zdFzss7bT7GEH3GW8EgrbQ,naples-florida
https://www.ubereats.com/fort-myers/food-delivery/taco-bell-8835-davis-blvd/4Z8I1yyRSEKYeX6NdukPxg,naples-florida
https://www.ubereats.com/fort-myers/food-delivery/b*tch-dont-grill-my-cheese/ofm1hYAzR-eLolqg9OBQ2w,naples-florida
https://www.ubereats.com/fort-myers/food-delivery/california-pizza-kitchen-5555-tamiami-trail-north-space%23g-16/c8W6gMxTR5-nfM18kd2acA,naples-florida
https://www.ubereats.com/fort-myers/food-delivery/tokyo-thai-sushi/SRZzpobYQquVtrHK1okbHg,naples-florida
https://www.ubereats.com/fort-myers/food-delivery/nanas/QL8J8W28Q3WjF5WLaHTvSw,naples-florida
https://www.ubereats.com/fort-myers/food-delivery/aqua-seafood-and-steaks/2tRuiD3HRl2t4am1izDrjA,naples-florida
https://www.ubereats.com/fort-myers/food-delivery/goldies-express/G-JpV5IHSO22WGbvuFc9-Q,naples-florida
https://www.ubereats.com/fort-myers/food-delivery/turco-taco/lDnzlshUSseBd3LeEJMSFw,naples-florida
https://www.ubereats.com/fort-myers/food-delivery/giovanni-ristorante-italiano/ZF86m7RUQrGfidNW-1uYkw,naples-florida
https://www.ubereats.com/fort-myers/food-delivery/pops-spot/wj3Qi5UBTqa6Jl1K14a9Bg,naples-florida
https://www.ubereats.com/fort-myers/food-delivery/tropical-smoothie-cafe-gateway-shoppes-north-bay/Oa1deyi_SZeAUNpZ729ovQ,naples-florida
https://www.ubereats.com/fort-myers/food-delivery/china-wok/aj0jK2nVSg-7lWsOj-aM_g,naples-florida
https://www.ubereats.com/fort-myers/food-delivery/paradise-pizza-vanderbilt-beach/j5-9guMxTNWfzeT-4OQxfA,naples-florida
https://www.ubereats.com/fort-myers/food-delivery/asian-vegetarian-restaurant/LZioVIocSm-I5oEmZYVWlg,naples-florida
https://www.ubereats.com/fort-myers/food-delivery/tonys-pizza-naples/EbCmHVj4TS6aKmhIMhprpg,naples-florida
https://www.ubereats.com/fort-myers/food-delivery/planet-grilled-cheese-coastland-center-mall/JIGErTqEQMygnCRGKj8ySg,naples-florida
https://www.ubereats.com/fort-myers/food-delivery/dunkin-8885-davis-blvd/Ty7xP0PFTmmJgrxYFmQzPg,naples-florida
https://www.ubereats.com/fort-myers/food-delivery/napoli-on-the-bay-pizza-%26-italian-deli/puyDg_NOT1a46M5ilOIcBQ,naples-florida
https://www.ubereats.com/fort-myers/food-delivery/moes-southwest-grill-970/PHrD-LiRS1-6q1_HXoArPA,naples-florida
https://www.ubereats.com/fort-myers/food-delivery/fernandez-the-bull-midtown/ZWiFYjPMT5C7MYhiQpCRxQ,naples-florida
https://www.ubereats.com/fort-myers/food-delivery/bravo-9110-strada-place/WO_8IaMISZKgtKsl-cKC0g,naples-florida
https://www.ubereats.com/fort-myers/food-delivery/cafe-luna-ramada/_wXG5MPPRF-ODuf3qa93yA,naples-florida
https://www.ubereats.com/fort-myers/food-delivery/off-the-rock-tavern/YWYKmULyTqC5oMSFcmeyZQ,naples-florida
https://www.ubereats.com/fort-myers/food-delivery/subway-7067-radio-rd/L4bPzG4MRcW3Ly8el_qnAQ,naples-florida
https://www.ubereats.com/fort-myers/food-delivery/candy-grandy/fNGBvAKjQxiS-iS219HLMQ,naples-florida
https://www.ubereats.com/fort-myers/food-delivery/big-spoon-soup/7crYOA8FQbOWlbWy5KMbjg,naples-florida
https://www.ubereats.com/fort-myers/food-delivery/burger-king-6565-dudley-road/iwv_BXLzS-Cgo4unVpnmVg,naples-florida
https://www.ubereats.com/fort-myers/food-delivery/five-guys-fl-1878-7211-vanderbilt-beach-road/8cy9I3aYQyeYaja0DVZd1g,naples-florida
https://www.ubereats.com/fort-myers/food-delivery/monkey-bread-factory/3eIO9aQdQiqliDJYGIIYgg,naples-florida
https://www.ubereats.com/fort-myers/food-delivery/community-table/F9L2SrcmTR2FBd8djxX4vA,naples-florida
https://www.ubereats.com/fort-myers/food-delivery/bice-ristorante/5ZbgRaVRT-mhPEIwGGyp-A,naples-florida
https://www.ubereats.com/fort-myers/food-delivery/billion-dollar-burgers-%E2%80%93-immokalee-rd/lhSqMy2fQKOfADYUqQ0uEQ,naples-florida
https://www.ubereats.com/fort-myers/food-delivery/mcdonalds-golden-gate-12055-collier-blvd/9I-DeHAkSoGopidQsAwvAA,naples-florida
https://www.ubereats.com/fort-myers/food-delivery/tonys-pizza-vr-5th-avenue/4OzgWcsZRP6tB1rvwd5CNQ,naples-florida
https://www.ubereats.com/fort-myers/food-delivery/greektown-taverna/TrRgMv_SQDWD47y5QArKJA,naples-florida
https://www.ubereats.com/fort-myers/food-delivery/billion-dollar-burgers-naples/NvpGT27-QViYzenPtbOQUQ,naples-florida
https://www.ubereats.com/fort-myers/food-delivery/cosmic-kava/AamitG6USrO0rnU5k4MAiw,naples-florida
https://www.ubereats.com/fort-myers/food-delivery/vergina/P25E1nzpT3asGGXx89Haxg,naples-florida
https://www.ubereats.com/fort-myers/food-delivery/subway-2628-south-tamiami-trail/VUv1nLjNROKhb3FwOIV6nA,naples-florida
https://www.ubereats.com/fort-myers/food-delivery/lucky-dawgs-2/iUzBNlZnROKFH6LhXV1P4g,naples-florida
https://www.ubereats.com/fort-myers/food-delivery/daruma-japanese-steakhouse-%26-sushi-lounge-naples/Jco4bQ1nSkKEuYjyQVZsig,naples-florida
https://www.ubereats.com/fort-myers/food-delivery/first-watch-berkshire/UrV_N1lrSEebJs25Nz2Rng,naples-florida
https://www.ubereats.com/fort-myers/food-delivery/starbucks-vanderbilt-%26-airport/Bls073_LSua_MTvsIGNEpQ,naples-florida
https://www.ubereats.com/fort-myers/food-delivery/cold-stone-creamery-6420-naples-blvd/GLVAsqgtT_qofVwNn69R7A,naples-florida
https://www.ubereats.com/fort-myers/food-delivery/beach-box-cafe/8Q8eARbZTCeSKSsiCJr3vg,naples-florida
https://www.ubereats.com/fort-myers/food-delivery/vesuvios-pizza/y6sabaViTced7cpYcT_5Yw,naples-florida
https://www.ubereats.com/fort-myers/food-delivery/divine-naples-cafe/h6Q-zXFdSS-0IGH1lV9xDQ,naples-florida
https://www.ubereats.com/fort-myers/food-delivery/jasmine-chinese-restaurant/aa6FGimaQQaexHqQo-se4A,naples-florida
https://www.ubereats.com/fort-myers/food-delivery/caffe-milano/emh69LKXTTK93CDVSipMhA,naples-florida
https://www.ubereats.com/fort-myers/food-delivery/jacks-gourmet-burgers/VT_ejmf4TSSf14cVLp16Lw,naples-florida
https://www.ubereats.com/fort-myers/food-delivery/pizza239com-golden-gate/6Si9sDJCQdCfmjQuuCgblQ,naples-florida
https://www.ubereats.com/fort-myers/food-delivery/cracker-barrel-old-country-store-3845-tollgate-blvd/qOrFHUUMTyyK4br_L6B_Tw,naples-florida
https://www.ubereats.com/fort-myers/food-delivery/tonys-pizza-vanderbilt-beach/o3qoc57uTHWqZ9X0VS9Ulg,naples-florida
https://www.ubereats.com/fort-myers/food-delivery/sonic-3585-tamiami-trail-east/D5mYxRXzSwW69eA9c4iH9w,naples-florida
https://www.ubereats.com/fort-myers/food-delivery/pizza-239com-goldengate/NC0SI_MNTxmh6AGNWQUibQ,naples-florida
https://www.ubereats.com/fort-myers/food-delivery/wendys-4114-n-tamiami-trail/QW3DWCTrRJGqhFlGaWI36A,naples-florida
https://www.ubereats.com/fort-myers/food-delivery/hooters-naples/OL-98zhOT6uUzvaC-08yFw,naples-florida
https://www.ubereats.com/fort-myers/food-delivery/paradise-pizza-south-naples/9wzHC18ISPqOPgOXcIQ8ew,naples-florida
https://www.ubereats.com/fort-myers/food-delivery/five-guys-fl-1723-7335-radio-rd/nAJXqkiiSGWZR2VgC-ZBbQ,naples-florida
https://www.ubereats.com/fort-myers/food-delivery/the-founders-bistro/y2JXx4duRjG_i1uhzfr_Vw,naples-florida
https://www.ubereats.com/fort-myers/food-delivery/hurricane-grill-%26-wings-naples/JPMfvHzsRSOgWuEc7GNCwA,naples-florida
https://www.ubereats.com/fort-myers/food-delivery/the-boathouse-on-naples-bay/Kb5AFDVTS0SymRrJmjk_FA,naples-florida
https://www.ubereats.com/fort-myers/food-delivery/tacos-and-tequila-kings-lake-square/0giw7p8-RZu_XxsSJFrFRg,naples-florida
https://www.ubereats.com/fort-myers/food-delivery/senor-tequilas-golden-gate/veEZcrrWTLyapBZQ5jj7QA,naples-florida
https://www.ubereats.com/fort-myers/food-delivery/dunkin-7775-preserve-lane/5-0WC1m2TqGIdNc8_S8yXA,naples-florida
https://www.ubereats.com/fort-myers/food-delivery/fernandez-the-bull-north-naples/fMkAqiqrT6m4QU9d7C-Bow,naples-florida
https://www.ubereats.com/fort-myers/food-delivery/veranda-e/MCKeQCElQhCezNjFvw5VFA,naples-florida
https://www.ubereats.com/fort-myers/food-delivery/tropical-smoothie-cafe-pine-ridge-road/J797YSe0TQ-vBQv82r1h3w,naples-florida
https://www.ubereats.com/fort-myers/food-delivery/aurelios-pizza-of-naples/S6cvrQO4RwqruzxR_9bmnQ,naples-florida
https://www.ubereats.com/fort-myers/food-delivery/dunkin-13180-livingston-rd/dRgaZbvgTUayysfLtkUMoA,naples-florida
https://www.ubereats.com/fort-myers/food-delivery/sushi-thai-of-naples/OAbXT5OVRoamJji8ISWmWg,naples-florida
https://www.ubereats.com/fort-myers/food-delivery/mr-tequila-3785-tamiami/8HyrR4mlRiqcP4ixXN2UXQ,naples-florida
https://www.ubereats.com/fort-myers/food-delivery/house-of-omelets/Kmv09TKRTyW4ibg-BwXUMw,naples-florida
https://www.ubereats.com/fort-myers/food-delivery/l-olivo-ristorante/K7RUfS9dTU--SUuVHTpcoQ,naples-florida
https://www.ubereats.com/fort-myers/food-delivery/naples-pizza-co-south-naples/9wuaTJbuSuqxvPUCQtGfqw,naples-florida
https://www.ubereats.com/fort-myers/food-delivery/marcos-cuban-cafe/hLdBw3MyRPSDmHuicY5Whw,naples-florida
https://www.ubereats.com/fort-myers/food-delivery/wawa-5238-4787-radio-rd/x46aAD-gSrip8bEuNsTC3g,naples-florida
https://www.ubereats.com/fort-myers/food-delivery/burger-king-1900-tamiami-trail-fc-8/jHtntSnzQM2Tcrukv9_BGQ,naples-florida
https://www.ubereats.com/fort-myers/food-delivery/charleys-philly-steaks-coastland-center/lXq1dkNJSnWfHBLYB_Fp8A,naples-florida
https://www.ubereats.com/fort-myers/food-delivery/naples-burger-factory/1BXIFDJKSnCcn-smDf8YIA,naples-florida
https://www.ubereats.com/fort-myers/food-delivery/sunburst-cafe-of-naples/KYqwr3-XQpKITACk-COR9g,naples-florida
https://www.ubereats.com/fort-myers/food-delivery/chipotle-mexican-grill-9100-strada-pl-ste-2110/9-vOWfrTQ9i27kd3KV-rHw,naples-florida
https://www.ubereats.com/fort-myers/food-delivery/asian-gogo/bVNP3brJRUiJLyd0s5sDKA,naples-florida
https://www.ubereats.com/fort-myers/food-delivery/subway-6029-pine-ridge-rd/qScylRtqQu2Pnblq4G0bsw,naples-florida
https://www.ubereats.com/fort-myers/food-delivery/miramare-ristorante/rv-4j2TyTEOmgkaS5J4--Q,naples-florida
https://www.ubereats.com/fort-myers/food-delivery/phoenician-lebanese-bistro/NcdRn8VySYOPLhqO50FXKA,naples-florida
https://www.ubereats.com/fort-myers/food-delivery/slicers-hoagies/VKOBeKrKRFSdk-7bn37R2Q,naples-florida
https://www.ubereats.com/fort-myers/food-delivery/napoli-on-the-bay-v/KvAXuoExTp-QzS03TiuVEw,naples-florida
https://www.ubereats.com/fort-myers/food-delivery/rumba-cuban-cafe-airport-pulling-rd/sM0_rN6PRa6oa_NKNZEuEg,naples-florida
https://www.ubereats.com/fort-myers/food-delivery/billion-dollar-burgers-golden-gate/vwY89h85QqKAYydfyNyWUg,naples-florida
https://www.ubereats.com/fort-myers/food-delivery/the-dock-at-crayton-cove/1Uuy1Px0Tl-zsFLURAK4nA,naples-florida
https://www.ubereats.com/fort-myers/food-delivery/beef-o-bradys-naples/OXa76YkIQC2Ikwh7DtC_tw,naples-florida
https://www.ubereats.com/fort-myers/food-delivery/costa-verde-peruvian-restaurant/vBZncOS4RduTmoA8QAk8ZA,naples-florida
https://www.ubereats.com/fort-myers/food-delivery/wawa-5228-us-41-%26-price-st/dTTqJWpeSLmSwIoiQz8I6Q,naples-florida
https://www.ubereats.com/fort-myers/food-delivery/taco-bell-4201-tamiami-trail/B5I-EzFKSTONMPDVCzYeWw,naples-florida
https://www.ubereats.com/fort-myers/food-delivery/al-carbon/o9BTj2E7TFOvIIJ-aAQgMA,naples-florida
https://www.ubereats.com/fort-myers/food-delivery/the-bowl-pine-ridge-rd/grzzynj0ReW7a0X_paoRTA,naples-florida
https://www.ubereats.com/fort-myers/food-delivery/auntie-annes-at-coastland-center-1900-tamiami-trail-north/2wcKV1pHSsuHbjWLEXz5lQ,naples-florida
https://www.ubereats.com/fort-myers/food-delivery/dragon-palace/WgcbYS0_Ql239cKXzschjA,naples-florida
https://www.ubereats.com/fort-myers/food-delivery/bokampers-sports-bar-%26-grill-naples/0i1Y3PNdTNqbV8DBwMNa_w,naples-florida
https://www.ubereats.com/fort-myers/food-delivery/dunkin-390-9th-st-n/HnUuadHlRPuSyFhwjrCcUQ,naples-florida
https://www.ubereats.com/fort-myers/food-delivery/panera-2184-tamiami-trail-north/SqWIHprVQBqhT7uCHjP9xA,naples-florida
https://www.ubereats.com/fort-myers/food-delivery/menchies-frozen-yogurt-6355-naples-blvd/X-LCPG3pS0-OpS4UNNHpYg,naples-florida
https://www.ubereats.com/fort-myers/food-delivery/mcdonalds-8875-davis-blvd/YsnjUaarQQyAqXyY7PuSXQ,naples-florida
https://www.ubereats.com/fort-myers/food-delivery/primohoagies-2315-vanderbilt-beach-rd/34KOYBEmRi6yDN9OqBZOkw,naples-florida
https://www.ubereats.com/fort-myers/food-delivery/martinellis-pasta-bar-v/RfJZJhVYQIKSkMfSRDZJqw,naples-florida
https://www.ubereats.com/fort-myers/food-delivery/van-van-cuban-cafe/rafT6ANJRgSvYyh0rwt_Tw,naples-florida
https://www.ubereats.com/fort-myers/food-delivery/kunjani-craft-coffee-%26-gallery/kWbQoeUhRfuPHwj6XfDxXA,naples-florida
https://www.ubereats.com/fort-myers/food-delivery/green-apron-cafe/6d3YswkpS6S9KtxuTm0ZWg,naples-florida
https://www.ubereats.com/fort-myers/food-delivery/trattoria-abruzzo/BZYkNYt9SPCc-LMCurvbiQ,naples-florida
https://www.ubereats.com/fort-myers/food-delivery/adelheidis-organics-5th-ave-s/t-Dn-s_UR3SjjfyffzHVqw,naples-florida
https://www.ubereats.com/fort-myers/food-delivery/pollo-tropical-5065-golden-gate-parkway/htZDx32_QoGrh65iDPzg3w,naples-florida
https://www.ubereats.com/fort-myers/food-delivery/paradise-pizza-naples/htp5T5U5RdSI3zdAJqjjAQ,naples-florida
https://www.ubereats.com/fort-myers/food-delivery/starbucks-4810-davis-blvd/DKztpJJlTua3KUmX2YPEaw,naples-florida
https://www.ubereats.com/fort-myers/food-delivery/three60-market/XntvzjbwR6yQ3V-LP_xOEA,naples-florida
https://www.ubereats.com/fort-myers/food-delivery/mcdonalds-2886-e-tamiami-trl/J0TuQbJnQdu4qiH5fvDWOA,naples-florida
https://www.ubereats.com/fort-myers/food-delivery/fuji-sushi-bar-%26-asian-bistro/qFv3_4erRCmixkNuFmCl-w,naples-florida
https://www.ubereats.com/fort-myers/food-delivery/nectarlab/VFzLzmEQReKXCWMzx-f7Rw,naples-florida
https://www.ubereats.com/fort-myers/food-delivery/michelbobs-ribs-%26-steaks-naples/xg9FNVJvTAa_li9Epi3U3A,naples-florida
https://www.ubereats.com/fort-myers/food-delivery/araya-sushi-asian-grill/TUMth-01QTKK6icg8g51aA,naples-florida
https://www.ubereats.com/fort-myers/food-delivery/dunkin-4835-immokalee-rd/Qq8ErT6VRPS-GA1Z4EHmoQ,naples-florida
https://www.ubereats.com/fort-myers/food-delivery/starbucks-us-41-%26-airport/xqVQifaWTKqnFXpudmAvuQ,naples-florida
https://www.ubereats.com/fort-myers/food-delivery/peace-love-%26-little-donuts-naples/p5CzJBK-QLurG-G5oY-aLA,naples-florida
https://www.ubereats.com/fort-myers/food-delivery/mr-tequila-3126-tamiami/T3zGhyY5RoeNmeVbspfMng,naples-florida
https://www.ubereats.com/fort-myers/food-delivery/los-molcajetes-del-valle/vwsqdaybQ2u5VxxnGDIRJw,naples-florida
https://www.ubereats.com/fort-myers/food-delivery/tikal-cafe/3wKBN8z3TWG4AxxcU2CEhA,naples-florida
https://www.ubereats.com/fort-myers/food-delivery/mojo-thai-%26-sushi/Vym9cLgXQPurnXbLW40wkg,naples-florida
https://www.ubereats.com/fort-myers/food-delivery/mcdonalds-4245-n-tamiami-trl/3_92KnfpRbmg-HA7RNKkpw,naples-florida
https://www.ubereats.com/fort-myers/food-delivery/senor-tequilas-north-naples/LceVjYJgQNeUHoHWUOA9uQ,naples-florida
https://www.ubereats.com/fort-myers/food-delivery/pizza-239-the-original/reAej4vaS6CLjX2La9BxHw,naples-florida
https://www.ubereats.com/fort-myers/food-delivery/burntwood-tavern-naples/yrVXsjLyRqe6aHv8quz1vg,naples-florida
https://www.ubereats.com/fort-myers/food-delivery/first-watch-park-shore/GB7uSDcoSXm5EWxTYNcj7A,naples-florida
https://www.ubereats.com/fort-myers/food-delivery/erins-isle/djij6OB7SxiY4gLnQmuW0g,naples-florida
https://www.ubereats.com/fort-myers/food-delivery/moes-southwest-grill-232/ktP_ZKMdQKifwOKJBcVm3w,naples-florida
https://www.ubereats.com/fort-myers/food-delivery/komoon-thai-sushi-%26-ceviche-naples/9aYTyil2TD61lO9_UOG6_w,naples-florida
https://www.ubereats.com/fort-myers/food-delivery/another-broken-egg-cafe-naples/4tO46o6jQs2lQ8vW2_s3og,naples-florida
https://www.ubereats.com/fort-myers/food-delivery/mykonos-kuzina/k1txwq6MSrWigT7ZB4VOWQ,naples-florida
https://www.ubereats.com/fort-myers/food-delivery/outback-steakhouse-4910-tamiami-trail-north/7Mw6yNktSIqsXP0btechxw,naples-florida
https://www.ubereats.com/fort-myers/food-delivery/cicis-2650-immokalee-rd/KoljeahHQNKGub7cETNXwA,naples-florida
https://www.ubereats.com/fort-myers/food-delivery/bambusa-bar-%26-grill/3cZmEnMZTOS4jAJWzB9upQ,naples-florida
https://www.ubereats.com/fort-myers/food-delivery/china-chen/ebsmN1k4Sn--diW2yJ7y6Q,naples-florida
https://www.ubereats.com/fort-myers/food-delivery/five-guys-fl-0493-13585-tamiami-trail/wQEoOMcfSMK-lNfCJxx80Q,naples-florida
https://www.ubereats.com/fort-myers/food-delivery/meridian-cafe-naples/rHv--QmFQiObDuls66ECWQ,naples-florida
https://www.ubereats.com/fort-myers/food-delivery/pizza-239-south-naples/_mXmwwfUT-OhVfQg3VslFA,naples-florida
https://www.ubereats.com/fort-myers/food-delivery/antojitos-y-mas/wR47KDJVTbOuKja9XcAhHw,naples-florida
https://www.ubereats.com/fort-myers/food-delivery/neapolitan-gourmet/Nc-mZqZtROaEALWHWVa0lw,naples-florida
https://www.ubereats.com/fort-myers/food-delivery/china-chef/kITGepLsR5eH_FQbGLV8hQ,naples-florida
https://www.ubereats.com/fort-myers/food-delivery/sushi-thai-downtown/6GZnyUA0RpGcEZj0MtEBJw,naples-florida
https://www.ubereats.com/fort-myers/food-delivery/gelato%26co/hldh5ce2SsSBakh0wdc6pA,naples-florida
https://www.ubereats.com/fort-myers/food-delivery/jets-pizza-847-vanderbilt-beach-rd/DmZlTWQERB6FeSlVh5ndsQ,naples-florida
https://www.ubereats.com/fort-myers/food-delivery/outback-steakhouse-9975-triangle-boulevard/x6NlM3hAQQ2mUdH09jlN7Q,naples-florida
https://www.ubereats.com/fort-myers/food-delivery/giardino-gourmet-salads-naples/QPNQbCgzQJeRK9CLDpiLkA,naples-florida
https://www.ubereats.com/fort-myers/food-delivery/first-watch-naples/Z98o46n6Shu4bgbGsF_8RQ,naples-florida
https://www.ubereats.com/fort-myers/food-delivery/ihop-1921-davis-blvd/9NpKFhiRTZycOMSnBTmzBA,naples-florida
https://www.ubereats.com/fort-myers/food-delivery/roccos-tacos-naples/M5_ZlneyT5q6zRA0PJixtA,naples-florida
https://www.ubereats.com/fort-myers/food-delivery/steak-n-shake-2620-pine-ridge-road/A-qntksnROiX0G2t8zp4Rw,naples-florida
https://www.ubereats.com/fort-myers/food-delivery/two-guys-kitchen/wUQed78_QVGsSwII-xSJbA,naples-florida
https://www.ubereats.com/fort-myers/food-delivery/hungry-howies-10265-tamiami-trl-n/9vSZX0ryS9SmYgNWLtVW7g,naples-florida
https://www.ubereats.com/fort-myers/food-delivery/burger-king-1011-airport-pulling-road/uMwyBOFaRKy68Mp5uMMSNQ,naples-florida
https://www.ubereats.com/fort-myers/food-delivery/duck-donuts-4233-9th-street-north/ukpxpYNdShWibrye1Dmy5g,naples-florida
https://www.ubereats.com/fort-myers/food-delivery/patrics-restaurant/FoRjC_xVQ5qbm7Lwx3aYUQ,naples-florida
https://www.ubereats.com/fort-myers/food-delivery/tonys-pizza-goldengate/2wZnhNKjTfSGY-vbJ44EXw,naples-florida
https://www.ubereats.com/fort-myers/food-delivery/dunkin-887-105th-ave-n/LtQ0LX_vRqiK7PV5hEfYhg,naples-florida
https://www.ubereats.com/fort-myers/food-delivery/sassy-cakes/97M5fJxxTPm0nT0VG2yNxg,naples-florida
https://www.ubereats.com/fort-myers/food-delivery/tropical-smoothie-cafe-9th-street-n/x0jBHUiWQrOZyR-9zhgo3Q,naples-florida
https://www.ubereats.com/fort-myers/food-delivery/sweeties-on-the-beach-at-verona-walk/HgzDAMd3SdiYCxrlM_tm9Q,naples-florida
https://www.ubereats.com/fort-myers/food-delivery/vourla-mediterranean-grill-%26-cafe/cyGUN49QSs6cexHoAeX1dQ,naples-florida
https://www.ubereats.com/fort-myers/food-delivery/tonys-pizza-east-naples/bS2ThZQ8QGq_edjMnALdqQ,naples-florida
https://www.ubereats.com/fort-myers/food-delivery/rustys-raw-bar-naples/qQGetb6pQRq_H8fdLYKENQ,naples-florida
https://www.ubereats.com/fort-myers/food-delivery/south-street-city-oven-%26-grill-bonita-springs/Zl7hrPR2Q9G47MbVHHGMbA,naples-florida
https://www.ubereats.com/fort-myers/food-delivery/perkins-restaurant-4335-tamiami-trail-e/nd3OYzthTD2mHyyGRyrv5A,naples-florida
https://www.ubereats.com/fort-myers/food-delivery/lima-restaurant-and-pisco-bar/ZrUo6f4EQF6CyHCs20_Ouw,naples-florida
https://www.ubereats.com/fort-myers/food-delivery/sunnyvale-farms-sandwiches/ZefUkI5gRCub51mjsYS7kQ,naples-florida
https://www.ubereats.com/fort-myers/food-delivery/the-counter-naples/oqLVBOEMR-qFwrIVn1kWKA,naples-florida
https://www.ubereats.com/fort-myers/food-delivery/naples-flatbread-kitchen-%26-bar-mercato/mR1jmphbR2qAWM0GnzYU0w,naples-florida
https://www.ubereats.com/fort-myers/food-delivery/lake-park-diner/JgyC0RAgRsWkr-F3zKBnHg,naples-florida
https://www.ubereats.com/fort-myers/food-delivery/billion-dollar-burgers-5th-avenue/tBKhkFvBR8Sf32GbJACJoA,naples-florida
https://www.ubereats.com/fort-myers/food-delivery/spankys-speakeasy/SEIix2kfQeeRphlI0bZ8UA,naples-florida
https://www.ubereats.com/fort-myers/food-delivery/starbucks-radio-%26-santa-barbara/kPKIlhIhRTmmz9xXde_Sww,naples-florida
https://www.ubereats.com/fort-myers/food-delivery/ismoothies-cafe-vanderbilt-beach-rd/XbOp4xIwTEC8svG-PC_qfQ,naples-florida
https://www.ubereats.com/fort-myers/food-delivery/pizza239com-the-original/zUmUZxI_RsGDDIak2gT8tw,naples-florida
https://www.ubereats.com/fort-myers/food-delivery/pizza239com-naples-pelican-bay/MheKPqjYTwChdlczrl1uxA,naples-florida
https://www.ubereats.com/fort-myers/food-delivery/jets-pizza-3400-radio-rd/p1yaaV1NRbCnJTvwjqRv7g,naples-florida
https://www.ubereats.com/fort-myers/food-delivery/martinellis-pasta-bar-naples/4c5PALxGRJq7BBOFhND07g,naples-florida
https://www.ubereats.com/fort-myers/food-delivery/ihop-6631-dudley-drive/VC9vVthyThS4hgLbFnfJxA,naples-florida
https://www.ubereats.com/fort-myers/food-delivery/pei-wei-2355-vanderbilt-beach-rd-suite-116/aZnM03twTPOTXOmxsClAdQ,naples-florida
https://www.ubereats.com/fort-myers/food-delivery/beefstros-gourmet-beefs/slPt1p8wREGyPoBWoLkZuQ,naples-florida
https://www.ubereats.com/fort-myers/food-delivery/subway-3835-white-lake-blvd/9iyGPc0VRuubV-wiVv4k1w,naples-florida
https://www.ubereats.com/fort-myers/food-delivery/molcajetes-north-naples/W3KKBr_WQ2a3cIPDkZy6HA,naples-florida
https://www.ubereats.com/fort-myers/food-delivery/wendys-10941-airport-road/b8C1IihtQbWZ_TXb2wjpHQ,naples-florida
https://www.ubereats.com/fort-myers/food-delivery/five-guys-fl-0160-1410-pine-ridge-rd/ITrvApL5RiaoHfqrw5l6Dw,naples-florida
https://www.ubereats.com/fort-myers/food-delivery/burgerfi-naples-north/y94PYqv-TN-TXHP1geMFGw,naples-florida
https://www.ubereats.com/fort-myers/food-delivery/china-king-88-inc/xMT8zm3sQXKsD28BiXN5Rg,naples-florida
https://www.ubereats.com/fort-myers/food-delivery/flemings-prime-steakhouse-%26-wine-bar-naples/KPMcskeOQha8CarFfaE1wA,naples-florida
https://www.ubereats.com/fort-myers/food-delivery/tonys-pizza-pelican-bay/ZVXoCQgPScyxkKjNmYGIYA,naples-florida
https://www.ubereats.com/fort-myers/food-delivery/subway-1250-airport-pulling-rd-n/9wjtG3phRF6pKiFCXdPfMQ,naples-florida
https://www.ubereats.com/fort-myers/food-delivery/seoul-korean-restaurant/RRkPtfJaQ4KGClBtwoaAlQ,naples-florida
https://www.ubereats.com/fort-myers/food-delivery/fish-restaurant/njctw3fLTKiypAmfycLoaQ,naples-florida
https://www.ubereats.com/fort-myers/food-delivery/felipes-mexican-taqueria-naples/w4AykEyCT7630ltDxuzl-Q,naples-florida
https://www.ubereats.com/fort-myers/food-delivery/havana-blue-cuban-cuisine-%26-lounge/GU3K0u4KQFG4JVxxBPpTGg,naples-florida
https://www.ubereats.com/fort-myers/food-delivery/tropical-smoothie-cafe-7723-collier-boulevard-suite-301/CuS36Bn0QliDfNc8QsuyOg,naples-florida
https://www.ubereats.com/fort-myers/food-delivery/komoon-thai-sushi-%26-ceviche-immokalee-rd/1Y03AqvnTgi-z1KsmunSJA,naples-florida
https://www.ubereats.com/fort-myers/food-delivery/poke-express/M_1WK8wWTcW33D7jtcvDhQ,naples-florida
https://www.ubereats.com/fort-myers/food-delivery/royal-scoop/pah1gOppS6id04OzJZOvuA,naples-florida
https://www.ubereats.com/fort-myers/food-delivery/carrabbas-4320-n-tamiami-trail/bTrFzsBcRmS09Sofhy8Aug,naples-florida
https://www.ubereats.com/fort-myers/food-delivery/418-applebees-naples/_HUbTyWZShiumI5O51y71g,naples-florida
https://www.ubereats.com/fort-myers/food-delivery/panda-express-1852-tamiami-trail-n/1SXL_Ou-QZ2f35pD84vHew,naples-florida
https://www.ubereats.com/fort-myers/food-delivery/southern-style-kitchen-%26-cocktails/-uBx-xRuT6-UkIEse6mXtA,naples-florida
https://www.ubereats.com/fort-myers/food-delivery/naples-pizza-co-goldengate/hiuNavk5T2-yB53yrmCCjA,naples-florida
https://www.ubereats.com/fort-myers/food-delivery/floridita-cuban-bakery-%26-restaurant/Nuy2Rtz4TgGdOkGwar8buQ,naples-florida
https://www.ubereats.com/fort-myers/food-delivery/mr-tequila-immokalee/OFQl72rXQw64LjXZH6Nd9Q,naples-florida
https://www.ubereats.com/fort-myers/food-delivery/mcdonalds-5465-n-airport-rd/3zfe1cQRQ2axe9xXq-JOXA,naples-florida
https://www.ubereats.com/fort-myers/food-delivery/the-real-macaw-restaurant/4R8Xr-xQRceq76Z-rbYcMg,naples-florida
https://www.ubereats.com/fort-myers/food-delivery/brk-pizza/zg7dF9OJRJW_MKySylAf5Q,naples-florida
https://www.ubereats.com/fort-myers/food-delivery/honey-baked-ham-2275-pine-ridge-road-suite-101/C6YKIYybT2Cyj12H2_z3jg,naples-florida
https://www.ubereats.com/fort-myers/food-delivery/the-parrot-bar-and-grill-naples/BF1gKoT6Q52n5h2PCA0BlA,naples-florida
https://www.ubereats.com/fort-myers/food-delivery/la-sorpresa-latina-cuban-cafe/SQd8esnxR6iolb7mEu6m-A,naples-florida
https://www.ubereats.com/fort-myers/food-delivery/moes-southwest-grill-100498/JzTv41G7T3eHgZuaSFyF5A,naples-florida
https://www.ubereats.com/fort-myers/food-delivery/paradise-pizza-naples-5th-ave/RXvyAGVjTbmTFRceWBT3uQ,naples-florida
https://www.ubereats.com/fort-myers/food-delivery/martinellis-pasta-bar-iii/B6qu2gOmSIO_g3v-8a_6IQ,naples-florida
https://www.ubereats.com/fort-myers/food-delivery/pizza-239-naples-5th-avenue/jov9iB1dRzqJ3IoI4-oIQQ,naples-florida
https://www.ubereats.com/fort-myers/food-delivery/subway-4830-davis-blvd/ftSJKIq7S5CMRy7BNjRniw,naples-florida
https://www.ubereats.com/fort-myers/food-delivery/chipotle-mexican-grill-2085-tamiami-trl-n/6JDpEVzZSN-66ekziQo7YQ,naples-florida
https://www.ubereats.com/fort-myers/food-delivery/reds-pizzeria/Io2so20gQU-MPhjqgrTdDg,naples-florida
https://www.ubereats.com/fort-myers/food-delivery/napoli-on-the-bay-ll/7apuviUER46Li0x2J-ED4g,naples-florida
https://www.ubereats.com/fort-myers/food-delivery/perkins-restaurant-%26-bakery-3585-pine-ridge-rd/uVhY4FcCRR6_TFYMZMvIwA,naples-florida
https://www.ubereats.com/fort-myers/food-delivery/mels-diner-3650-tamiami-trl-n/z2urlsP5SV-fHm2S3yrZXQ,naples-florida
https://www.ubereats.com/fort-myers/food-delivery/k-rico-mexican-grille/yqCrPHzkRbSnUdcYREYJHQ,naples-florida
https://www.ubereats.com/fort-myers/food-delivery/rosatis-pizza-818-neapolitan-way/ex3IB6MpT_2OvpnseKIhhA,naples-florida
https://www.ubereats.com/fort-myers/food-delivery/first-watch-marquesa/BRtETJEBSJupzG_DFzLwqA,naples-florida
https://www.ubereats.com/fort-myers/food-delivery/naples-pizza-co-5th-avenue/KLnhfYHDQICHMGPCJQ8zPA,naples-florida
https://www.ubereats.com/fort-myers/food-delivery/the-rendez-vouz-french-cafe/BJyea7wyRaS4iZ1DbWcPZw,naples-florida
https://www.ubereats.com/fort-myers/food-delivery/mama-delucas-pizza-naples/F3d1ypbOTDitvTJQG6D5bg,naples-florida
https://www.ubereats.com/fort-myers/food-delivery/azn-restaurant/OQErXb7_THq1GzGds0CPDg,naples-florida
https://www.ubereats.com/fort-myers/food-delivery/mels-diner-12035-collier-blvd/dllZ-2pPSKebz-QaXK28IA,naples-florida
https://www.ubereats.com/fort-myers/food-delivery/tropical-smoothie-cafe-radio-road/rKoKYmplT1GcW-TfCu8vIA,naples-florida
https://www.ubereats.com/fort-myers/food-delivery/sandys-cuban-cafe/D6LO8tzsQFGsG-rowD4jvg,naples-florida
https://www.ubereats.com/fort-myers/food-delivery/pizza-power-the-healthy-choice/5O-BCD_SRImO28JYkrf3UA,naples-florida
https://www.ubereats.com/fort-myers/food-delivery/dunkin-3345-radio-rd/0kaLI_ddTtekjgOyxMAVvA,naples-florida
https://www.ubereats.com/fort-myers/food-delivery/millers-ale-house-naples/V9aGmBMLTy6G0VnMozeNrA,naples-florida
https://www.ubereats.com/fort-myers/food-delivery/chick-fil-a-1874-tamiami-trl-n-spc-fc-7/GAhal4uQTUWbNBjD90uqsg,naples-florida
https://www.ubereats.com/fort-myers/food-delivery/chies-mexican-grill-and-restaurant/Eem9i-VXR5C7yGuhXi7TEw,naples-florida
https://www.ubereats.com/fort-myers/food-delivery/dunkin-6685-collier-blvd/SALwj81dTSibt1ILgGYBaw,naples-florida
https://www.ubereats.com/fort-myers/food-delivery/7045-bonefish-grill-1500-5th-ave-s/IR1BVEF4TGG3pOJqMYnX8A,naples-florida
https://www.ubereats.com/fort-myers/food-delivery/starbucks-pineridge-%26-livingston/bxLZVFtfRZyFZ05YpVDWXA,naples-florida
https://www.ubereats.com/fort-myers/food-delivery/subway-5555-golden-gate-parkway/9SSQnHcGT1G_ty60qt9mlg,naples-florida
https://www.ubereats.com/fort-myers/food-delivery/la-trattoria/3TZQTbK9SMi9u_SHwK1jOw,naples-florida
https://www.ubereats.com/fort-myers/food-delivery/tropical-smoothie-cafe-airport-pulling-road/kZ6HJGvNR3KL1OuvaHsFsg,naples-florida
https://www.ubereats.com/fort-myers/food-delivery/kruks-philly-steaks/k5URUKNiRJasJhxxSfg1fQ,naples-florida
https://www.ubereats.com/fort-myers/food-delivery/gyros2go/YqpnoAM3Rxa1_jONdqkZqw,naples-florida
https://www.ubereats.com/fort-myers/food-delivery/juicelation-naples/ymt4k_WTQy6AgSvj627Tpw,naples-florida
https://www.ubereats.com/fort-myers/food-delivery/sushi-express/arr_EwXgRXGan6iZ_GuoXA,naples-florida
https://www.ubereats.com/fort-myers/food-delivery/dunkin-1575-pine-ridge-rd/u8gDFbzURve1HzEBXc5B8Q,naples-florida
https://www.ubereats.com/fort-myers/food-delivery/molto-trattoria/QJocgZ0kQnqWAlrgy46crQ,naples-florida
https://www.ubereats.com/fort-myers/food-delivery/burger-town/Fuj1umixQ56gOzqbu-OlNg,naples-florida
https://www.ubereats.com/fort-myers/food-delivery/tonys-pizza-south-naples/veLfTdLaS5OxhyGmceTIXw,naples-florida
https://www.ubereats.com/fort-myers/food-delivery/jeri-lu-kitchen/OBbf0jhoRZ-TBCCM5dYKnQ,naples-florida
https://www.ubereats.com/fort-myers/food-delivery/flamingo-mini-market/gnAmDJBCSx-gVaKLeJlNAg,naples-florida
https://www.ubereats.com/fort-myers/food-delivery/patinellas-chicken-grill-naples/3Ip8YRH3Q4aRXT2CidwB_A,naples-florida
https://www.ubereats.com/fort-myers/food-delivery/m%26ms-cafe/TH_8jLhzQx-aP1i-LLU-5Q,naples-florida
https://www.ubereats.com/fort-myers/food-delivery/zen-asian-bbq-naples/8PcsyQ1hQXy5o_NMcF8fEQ,naples-florida
https://www.ubereats.com/fort-myers/food-delivery/dunkin-9995-tamiami-trail-e/-xAQkkdwTyacvvP5eJ9QSA,naples-florida
https://www.ubereats.com/fort-myers/food-delivery/martinellis-pasta-bar-ii/ruYKMyvESIiqSu7eN-9Fpg,naples-florida
https://www.ubereats.com/fort-myers/food-delivery/lamoraga-naples/AHB-AlHTRvqog8uQkQ5dkQ,naples-florida
https://www.ubereats.com/fort-myers/food-delivery/the-bowl-central/1SPgxr_bQ8W-_0i1e2u9aA,naples-florida
https://www.ubereats.com/fort-myers/food-delivery/dunkin-4800-golden-gate-pkwy/UDnv49DJSEyEfj7r2Mgigg,naples-florida
https://www.ubereats.com/fort-myers/food-delivery/the-boost/T9hDn5ocQi63Q8M-BIfh8w,naples-florida
https://www.ubereats.com/fort-myers/food-delivery/taco-bell-2424-pine-ridge-road/g3qGB2MMSpeYgtsun-PUYQ,naples-florida
https://www.ubereats.com/fort-myers/food-delivery/wendys-2601-e-tamiami-trail/O33sQ9DITAG2XwOpRSn_Iw,naples-florida
https://www.ubereats.com/fort-myers/food-delivery/pizza-239-naples-vanderbilt-beach/dwB-TqLoSTG7msxrcAyLqw,naples-florida
https://www.ubereats.com/fort-myers/food-delivery/goldies/8rBnPPOqTb2BXz9MAjn_Mg,naples-florida
