url,city
https://www.ubereats.com/nashville/food-delivery/shugga-hi-bakery-and-cafe-dickerson-pike/1TEDDUHiRNS_AjXVt1zDbw,nashville
https://www.ubereats.com/nashville/food-delivery/earnest-bar-and-hideaway/X2ULOmOWT_-u9SF-ZDrwtw,nashville
https://www.ubereats.com/nashville/food-delivery/hooters-largo-dr-%26-travellers-inn-dr/PuhESvOEThOqS_xFN6GZIw,nashville
https://www.ubereats.com/nashville/food-delivery/nashville-street-tacos/tIViqJBWSSWOm_7A9cgwEw,nashville
https://www.ubereats.com/nashville/food-delivery/checkers-930-rivergate-parkway/OKBbq6gdQ-SCc0E0U1Q0Bw,nashville
https://www.ubereats.com/nashville/food-delivery/8th-%26-roast%3A-8th-ave/IAvSXdIhRu-zPw9nWwhgvA,nashville
https://www.ubereats.com/nashville/food-delivery/music-city-hotdogs/2UKxI5ReTH264X5SbeCw8g,nashville
https://www.ubereats.com/nashville/food-delivery/bang-bang-hibachi-grill-%26-sushi/sCmqtkhRTlu2KrmAbAJ8EQ,nashville
https://www.ubereats.com/nashville/food-delivery/goozy/gX4oBBmoRbuYLHV-YtJALQ,nashville
https://www.ubereats.com/nashville/food-delivery/eclipse-cafe-%26-market/1cms6OLISXawXc5cV7pJMQ,nashville
https://www.ubereats.com/nashville/food-delivery/captain-ds-921-jefferson-street/VrnjE3PBRbmDZZiTNE8qpw,nashville
https://www.ubereats.com/nashville/food-delivery/five-guys-tn-4015-21-white-bridge-rd/GZ4mmbM5Q_aiVkMGrFbCjg,nashville
https://www.ubereats.com/nashville/food-delivery/dose-coffee-and-tea/cP_3dziURcGXqR7WdeepIA,nashville
https://www.ubereats.com/nashville/food-delivery/la-delicia-mexican-restaurant/Lr2et6liTE29xNnjf7GtWw,nashville
https://www.ubereats.com/nashville/food-delivery/hooties-burger-bar-184-2nd-ave-n/93dSLkLrTEmXMKuYznvuHA,nashville
https://www.ubereats.com/nashville/food-delivery/the-captains-boil-520-donelson-pike/GrT1LTxnRzS3yjLpUebfVQ,nashville
https://www.ubereats.com/nashville/food-delivery/macaroni-grill-opry-mills/a5vuWwu4R2Cp_6WfP_0dqQ,nashville
https://www.ubereats.com/nashville/food-delivery/big-bad-breakfast-nashville/AvboIF_WSuCGEkSMCXlddA,nashville
https://www.ubereats.com/nashville/food-delivery/dolce-vita-pizza/lccpsmDnQ1WXrEsxxrd2rw,nashville
https://www.ubereats.com/nashville/food-delivery/revelator-coffee-company/4CNm0zC-T3afHQ3TFDKdSw,nashville
https://www.ubereats.com/nashville/food-delivery/the-original-corner-pub-the-nations/9e8tRvLGR02QIcrgkoWBEg,nashville
https://www.ubereats.com/nashville/food-delivery/express-pizza-and-gyros/Y0saQnjLT8WyipKW0HgcBw,nashville
https://www.ubereats.com/nashville/food-delivery/tfc-tennessee-fried-chicken/kw3azlmDS_auKpiVLSJBcw,nashville
https://www.ubereats.com/nashville/food-delivery/classic-sandwich/zY_jynPdRZOC4vghkHuTiw,nashville
https://www.ubereats.com/nashville/food-delivery/ooh-wee-bar-b-q-germantown/v0Ve2eE7RNmToy2fiWh-PA,nashville
https://www.ubereats.com/nashville/food-delivery/the-grilled-cheeserie-hunters/SeKRoZdbRI-7JIQMuwzOWw,nashville
https://www.ubereats.com/nashville/food-delivery/nectar-urban-cantina/30N38pSeSziYipwWwDEbfQ,nashville
https://www.ubereats.com/nashville/food-delivery/e%2Brose-wellness-cafe-of-wedgewood-houston/JpIRGcFyRr2IAl6-z2WW0g,nashville
https://www.ubereats.com/nashville/food-delivery/hong-kong-restaurant/KF4GbxkCQzWo_nLEyBivCw,nashville
https://www.ubereats.com/nashville/food-delivery/greeks-style-gyro-gallatin-pike/qwLqw6FmTr2h5NoehU2OPw,nashville
https://www.ubereats.com/nashville/food-delivery/dose-cafe-%26-dram-bar-inglewood/lFb55zkPRr2EPsutqyJ20Q,nashville
https://www.ubereats.com/nashville/food-delivery/jersey-mikes-2050-rosa-parks-boulevard/I5Evge5sRhGRqNENVXGQjw,nashville
https://www.ubereats.com/nashville/food-delivery/subway-charlotte-ave/zbuFC8YXRsaOxwbs7rJS9Q,nashville
https://www.ubereats.com/nashville/food-delivery/titos-gyro-grill-and-catering/4CVDt-zpQXOiAufXqmTnaQ,nashville
https://www.ubereats.com/nashville/food-delivery/nama-sushi-bar-franklin-rd/6kXZkG2vQv-nFoRvA6_iaQ,nashville
https://www.ubereats.com/nashville/food-delivery/subway-2719-jefferson-st/mj-5N7epRKSP7BkMBK0f6A,nashville
https://www.ubereats.com/nashville/food-delivery/saint-anejo/h77OTJTMSu6_Mo3RcLfQTA,nashville
https://www.ubereats.com/nashville/food-delivery/ugly-mug-coffee-cafe-and-roastery/YaaPzlD8SZiSxOx1WgDuSw,nashville
https://www.ubereats.com/nashville/food-delivery/five-chords-mercantile/O5zB4EEkQiuniETVB8uWyw,nashville
https://www.ubereats.com/nashville/food-delivery/mirkos-sandwich-shop/Rh4XhzPEQICqONiyLzcmkw,nashville
https://www.ubereats.com/nashville/food-delivery/o-and-shelias-bbq/pKTduoK_SD6OEfp44GYk8w,nashville
https://www.ubereats.com/nashville/food-delivery/till-five-pizza/HcPgnWQBRg2LalBGU_ZTOQ,nashville
https://www.ubereats.com/nashville/food-delivery/jack-cawthons-bar-b-que-w-trinity-lane/aMHYVoFVR32GuLbCaEgueg,nashville
https://www.ubereats.com/nashville/food-delivery/sonic-drive-in-1906-charlotte-ave/G7J9-MDSSX6VipvMMwZsLw,nashville
https://www.ubereats.com/nashville/food-delivery/arbys-3196-dickerson-rd/tm_twIl0RO2waP8FZx14kg,nashville
https://www.ubereats.com/nashville/food-delivery/madison-family-restaurant/abDkLWr4TwqZ00qkd50gTQ,nashville
https://www.ubereats.com/nashville/food-delivery/basilico-pizza/-hppJwmtRg2R6DB8fv0SXg,nashville
https://www.ubereats.com/nashville/food-delivery/walkers-cafe-and-grill/esQJPCqtQ6iLWUyhROrFDw,nashville
https://www.ubereats.com/nashville/food-delivery/super-wok/qihxNXHmTzG-AZjKZ75opQ,nashville
https://www.ubereats.com/nashville/food-delivery/fame-us-caribbean-soul-food-cafe/GE7efsT7TmKoOlf0CHCdZQ,nashville
https://www.ubereats.com/nashville/food-delivery/tequilas-mexican-restaurant/iz6dZUE8SOOrZ6TygWnTNQ,nashville
https://www.ubereats.com/nashville/food-delivery/machenrys-meat-%26-three/bK3HofCBTLypq3fhtTs6Aw,nashville
https://www.ubereats.com/nashville/food-delivery/smokin-thighs/7lvjSGawQOOqx1js2zekCQ,nashville
https://www.ubereats.com/nashville/food-delivery/mcdonalds-nashvl-west-end/Dd1uWn7ATv-mwwprRafBJg,nashville
https://www.ubereats.com/nashville/food-delivery/wendys-36-white-bridge-rd/pO2JYbKmSeGo_fIZzI6h3g,nashville
https://www.ubereats.com/nashville/food-delivery/goo-goo-shop-%26-dessert-bar/ESeseEKQTday5ovnWoW3cg,nashville
https://www.ubereats.com/nashville/food-delivery/b-%26-c-market-bbq/IhlFWs5BSGWT9reE-zjI3A,nashville
https://www.ubereats.com/nashville/food-delivery/the-old-spaghetti-factory-nashville/s9SgxRBuQFKdmxMWoO6oww,nashville
https://www.ubereats.com/nashville/food-delivery/jus-dawgs/nRb7iHWwS2qh_PONHmxxlQ,nashville
https://www.ubereats.com/nashville/food-delivery/subway-murfreesboro-road/YwD70RE3SQarN7bEtXTAiA,nashville
https://www.ubereats.com/nashville/food-delivery/pita-house/0CtT4wkvRqOS5YWuEGrO2g,nashville
https://www.ubereats.com/nashville/food-delivery/grabbagreen/B6u4uWkwS0W2c9ZPwigylw,nashville
https://www.ubereats.com/nashville/food-delivery/jack-in-the-box-1504-hampton-st/1U3Mpdk6StaZ5FuzRa0CSw,nashville
https://www.ubereats.com/nashville/food-delivery/cold-stone-creamery-782-old-hickory-blvd-ste-119/_TnfpsDWQICdmN75_h7UIQ,nashville
https://www.ubereats.com/nashville/food-delivery/arnolds-country-kitchen-the-gulch/hguEFjjRTd-JcLTsjxah8A,nashville
https://www.ubereats.com/nashville/food-delivery/arbys-2044-rosa-l-parks-blvd/tf_Ed8W-QjmVyhNxtt9YpA,nashville
https://www.ubereats.com/nashville/food-delivery/the-pharmacy/BXV-x34KQuCGn87fCvsP1g,nashville
https://www.ubereats.com/nashville/food-delivery/noodles-%26-company-2116-green-hills-village-dr/j_xUpXoUQXONxwqT0PebDg,nashville
https://www.ubereats.com/nashville/food-delivery/dosa-hut-indian-grill-express-arcade-alley/30oY8_pOT9i6iixs4EDsUw,nashville
https://www.ubereats.com/nashville/food-delivery/papa-johns-3604-gallatin-pike/48vdL_RpRsiSRAdaAQbE5w,nashville
https://www.ubereats.com/nashville/food-delivery/newks-eatery-2714-west-end-ave/RECcFoH6RbuYR6y0rgcfHw,nashville
https://www.ubereats.com/nashville/food-delivery/guacamaya/ruqvXrRqQ-GsmsDJqFCuWg,nashville
https://www.ubereats.com/nashville/food-delivery/bills-hot-chicken/Zmw-j5MwQo6OzWKm40l6Tg,nashville
https://www.ubereats.com/nashville/food-delivery/subway-305-w-trinity-ln/tLD_KInTSACLZFO8HFwKkA,nashville
https://www.ubereats.com/nashville/food-delivery/mlrose-craft-beer-%26-burgers-sylvan-park/bKrCXdTyQEqolzHIHFxgqg,nashville
https://www.ubereats.com/nashville/food-delivery/pizza-hut-6410-charlotte-ave-%23117/avRQ9iDFS2u_DeNMUOGX6Q,nashville
https://www.ubereats.com/nashville/food-delivery/wendys-802-vantage-way-court/J2E9_4XzRh2_ra7nEpD67w,nashville
https://www.ubereats.com/nashville/food-delivery/obies-pizza/kIjSs8R_QEyheZbjZX194A,nashville
https://www.ubereats.com/nashville/food-delivery/folk/2d40TW3VTBWu8U6vWMy_iw,nashville
https://www.ubereats.com/nashville/food-delivery/flying-saucer-nashville/er5ub_bZR2OQ3aRHEkvXLg,nashville
https://www.ubereats.com/nashville/food-delivery/the-urban-juicer-8th-ave-s/PqjH-JFMSBqy9r7ZxIgYvg,nashville
https://www.ubereats.com/nashville/food-delivery/chill-spot/Nu2u1rXdQLyCWDJogc6YBw,nashville
https://www.ubereats.com/nashville/food-delivery/five-daughters-bakery-west-nashville/Mvq5JA_8Twiw-MnsXS3Iug,nashville
https://www.ubereats.com/nashville/food-delivery/juice-nashville-division/9KeWJddoTb2cKyEqdLgyAQ,nashville
https://www.ubereats.com/nashville/food-delivery/starbucks-2525-west-end/lAE4tbmvQCOOmRr5zYrs0w,nashville
https://www.ubereats.com/nashville/food-delivery/popeyes-jefferson-st/vLB8sTzyQiiZTdtTrIWQlA,nashville
https://www.ubereats.com/nashville/food-delivery/hardees-1000-acorn-dr/rmwwP5AvTxSG8SA-yvkpOg,nashville
https://www.ubereats.com/nashville/food-delivery/the-italian-kitchen/aHUKBTY_SLC96-547EfwNA,nashville
https://www.ubereats.com/nashville/food-delivery/union-teller-delicatessen/gSE0tpcaQk-Ikd0nkIdfoA,nashville
https://www.ubereats.com/nashville/food-delivery/red-robin-705-6802-charlotte-pike/y6Y6GVTvTtWJHNc1GLPXlA,nashville
https://www.ubereats.com/nashville/food-delivery/subway-4121-hillsboro-pike-st/6wsDvEkVRHKkkyfWbipd1g,nashville
https://www.ubereats.com/nashville/food-delivery/satay-thai-the-gulch/jbxtNTpmRimwWKPHQgDZMQ,nashville
https://www.ubereats.com/nashville/food-delivery/earnest-bar-%26-hideaway/s5A9T0ClRPqxmbGT56GfWw,nashville
https://www.ubereats.com/nashville/food-delivery/city-fire/H94kUx48R_Szm1VICQJXBQ,nashville
https://www.ubereats.com/nashville/food-delivery/captain-ds-3708-gallatin-pike/gLVQU7U_TxKnYsxY-wv49w,nashville
https://www.ubereats.com/nashville/food-delivery/kfc-1027-8th-ave-n/KG30eygzS7-H8tf6NxYkfQ,nashville
https://www.ubereats.com/nashville/food-delivery/hooties-burger-bar-654-wade-circle-s/0pu9A3R0Rde0a1flMUDKWQ,nashville
https://www.ubereats.com/nashville/food-delivery/saladworks-nsh02-1/69uTVo_qRgCSZDbAqn6IAA,nashville
https://www.ubereats.com/nashville/food-delivery/buns-%26-bao-nsh02-2/xuDzfVbhQ7O0Lao1ID6epA,nashville
https://www.ubereats.com/nashville/food-delivery/classic-salad/2tbVBIE5R8SIzdplY-r_1g,nashville
https://www.ubereats.com/nashville/food-delivery/cabana/v6aB_okXQFm0A-s8ZWt4hw,nashville
https://www.ubereats.com/nashville/food-delivery/captain-ds-3021-dickerson-road/ImcTApuxRWmFAvJCzChM3g,nashville
https://www.ubereats.com/nashville/food-delivery/legumes-cafe/S357nj-WSlWuNWZ5WisUdA,nashville
https://www.ubereats.com/nashville/food-delivery/mothership-pizza/v42M9-W8Sq2XiV93bYMGyQ,nashville
https://www.ubereats.com/nashville/food-delivery/two-boots-pizza/J4-4spimRBei71PZC3IpDA,nashville
https://www.ubereats.com/nashville/food-delivery/twilight-tavern/sN_wehaXSg6HuINVJ0ryAw,nashville
https://www.ubereats.com/nashville/food-delivery/zaxbys-chicken-fingers-%26-buffalo-wings-1902-charlotte-ave/eoCgOXhMRZSj8OP7p-7vgw,nashville
https://www.ubereats.com/nashville/food-delivery/firehouse-subs-708-thompson-lane/2SLKuso2R4GMJrXZCCPLPQ,nashville
https://www.ubereats.com/nashville/food-delivery/music-city-gyros/y4KwebhwRpiu0FaJtwfYhw,nashville
https://www.ubereats.com/nashville/food-delivery/pluckerz-wings-and-things/cV_-irN4TU6uF-ETsaU7NA,nashville
https://www.ubereats.com/nashville/food-delivery/the-urban-juicer/zWu-Gp0DQxWQnkIsIjAb6Q,nashville
https://www.ubereats.com/nashville/food-delivery/christie-cookie-company/07aAf3AlTxGsS0zvE-i3PA,nashville
https://www.ubereats.com/nashville/food-delivery/white-castle-1404-broadway/xRZxoCyPTeO2LKXApAdMdw,nashville
https://www.ubereats.com/nashville/food-delivery/ghot-wingz/Jyi2SrrzQR2Kis7pKwwsew,nashville
https://www.ubereats.com/nashville/food-delivery/nashville-pizza-house/MCZK9czsS3y-TU5MGjAoiQ,nashville
https://www.ubereats.com/nashville/food-delivery/far-east-nashville-lower-east/UXz4ZmhxT0eUIWwIEcYmJA,nashville
https://www.ubereats.com/nashville/food-delivery/wise-grill/XvrW_R7qSRadCf3_Ceoc6A,nashville
https://www.ubereats.com/nashville/food-delivery/tansuo/OpGfj1sAQ26ksdVU3J3dCQ,nashville
https://www.ubereats.com/nashville/food-delivery/the-pita-pit-2nd-ave/K0-V0WPEReGikQthjdDR0w,nashville
https://www.ubereats.com/nashville/food-delivery/the-bowtie-barista/VBb_lT6_Soi0ba4o2lofdQ,nashville
https://www.ubereats.com/nashville/food-delivery/nama-sushi-bar-elliston-pl/Safj1jcAR02oe9IJ2aT4hA,nashville
https://www.ubereats.com/nashville/food-delivery/ruby-tuesday-520-donelson-pike/goTj-BubSPmurj2gH3wqsQ,nashville
https://www.ubereats.com/nashville/food-delivery/esquina-cantina/3-taDauySNWnpspT-gzTHA,nashville
https://www.ubereats.com/nashville/food-delivery/jersey-mikes-subs-7114-ushwy-70-south/Qto6FRCVShaVO7mu3Q9KBg,nashville
https://www.ubereats.com/nashville/food-delivery/taco-bell-990-murfreesboro-road/S29f5D5WQwOXXpo6_IebYA,nashville
https://www.ubereats.com/nashville/food-delivery/southernaire-market/tpYip0NBRdKgJByMIElX_w,nashville
https://www.ubereats.com/nashville/food-delivery/capriottis-sandwich-shop-nashville-music-row/vg7mkwaARzC83Lo3aefNIg,nashville
https://www.ubereats.com/nashville/food-delivery/jamba-juice/R4436q1VSreBAHEVzMAfdA,nashville
https://www.ubereats.com/nashville/food-delivery/speedy-gonzalez-taqueria/BizXcVW-TzO1kaecZFHnrw,nashville
https://www.ubereats.com/nashville/food-delivery/bavarian-bierhaus/HnjXyIIKTgeNQ1b_tPRFXw,nashville
https://www.ubereats.com/nashville/food-delivery/grandaddys-famous-hot-chicken/TY48E2lGQXCqeh2ZKyUz_A,nashville
https://www.ubereats.com/nashville/food-delivery/bombay-vegan-restaurant/ufK5Xj4-TA6xLG9hGmLOwg,nashville
https://www.ubereats.com/nashville/food-delivery/mcdonalds-nash-broadway-%26-i-40/zNXPlTHXTnKZTYwbMiCUzw,nashville
https://www.ubereats.com/nashville/food-delivery/redheaded-stranger/fbx4G_hnS7SK2ZlnGoXmXA,nashville
https://www.ubereats.com/nashville/food-delivery/j-christophers-21st-ave-s/6Eoj5MUCTw-9GfRpEYg8zw,nashville
https://www.ubereats.com/nashville/food-delivery/best-of-india/iyl9zciUTZGZXEmzb4LPMQ,nashville
https://www.ubereats.com/nashville/food-delivery/american-eclectic-burger-nsh02-1/RR4ZOyr7SdC2wVt_AnRUPg,nashville
https://www.ubereats.com/nashville/food-delivery/erbil-kabob/Ndq4AksbSo68v__602zvVA,nashville
https://www.ubereats.com/nashville/food-delivery/nada-nashville/x16wrIUaRJO5jXd_RojVqg,nashville
https://www.ubereats.com/nashville/food-delivery/jack-cawthons-bar-b-que-charlotte-ave/pYxsTc4uQ3Gyome5qWvwtg,nashville
https://www.ubereats.com/nashville/food-delivery/china-buffet/V4IuamOfQ16RQQ6mPCIw2g,nashville
https://www.ubereats.com/nashville/food-delivery/chismes-cafe/jpu8l6vgSjqBcrT9MKEi1A,nashville
https://www.ubereats.com/nashville/food-delivery/wknd-hang-suite-nashville/h1xkUYymRimUThc5vSj7ug,nashville
https://www.ubereats.com/nashville/food-delivery/subway-8th-ave/9wfXkfWVRemRs_WJV_zqZA,nashville
https://www.ubereats.com/nashville/food-delivery/brannas-breakfast-shop/-iD5HsG1TQyqu_xU8HFBgg,nashville
https://www.ubereats.com/nashville/food-delivery/fat-bottom-brewing/aUhODvQqS1-YNhANY4quAw,nashville
https://www.ubereats.com/nashville/food-delivery/steak-n-shake-719-myatt-drive/AKo547RlTCaT0BP2MgjqYA,nashville
https://www.ubereats.com/nashville/food-delivery/cinnabon-2126-abbott-martin-road/wwBxtt01T4SYjFAJWZUFfA,nashville
https://www.ubereats.com/nashville/food-delivery/chick-fil-a-1622-church-st/a3OhCVRHQMuAO-eclVtgWw,nashville
https://www.ubereats.com/nashville/food-delivery/the-fountain-of-juice/ZC1mPL8_Qz6uCrNQH4i_sQ,nashville
https://www.ubereats.com/nashville/food-delivery/reds-615-kitchen/RgWeEEwHShe8rXZNUbBQzg,nashville
https://www.ubereats.com/nashville/food-delivery/arbys-2750-elm-hill-pike/Km2aOP5iQbujbghPE-lJvg,nashville
https://www.ubereats.com/nashville/food-delivery/char-restaurant/9SNYczc8SvSoBzObcc5ABw,nashville
https://www.ubereats.com/nashville/food-delivery/blue-coast-burrito-west-nashville/jtxYRFmYROmfNP3IUPffDw,nashville
https://www.ubereats.com/nashville/food-delivery/kitchen-downtown/jZ2X6ItNSZaIplIyZN5ZbQ,nashville
https://www.ubereats.com/nashville/food-delivery/sharks/D-hUgnB9Q5SRURUQxJVuMQ,nashville
https://www.ubereats.com/nashville/food-delivery/bird-brain/ZgBw56rjRxuk9mdvAKRV0A,nashville
https://www.ubereats.com/nashville/food-delivery/joes-crab-shack-123-2nd-ave-south/mA3j9iCaR0GEMBihORZ8-Q,nashville
https://www.ubereats.com/nashville/food-delivery/thai-papaya-south-nashville/dnuI97r5TOCF91lwcrf-ww,nashville
https://www.ubereats.com/nashville/food-delivery/red-phone-booth/qrAopZETRqyiR1X1XNVz8Q,nashville
https://www.ubereats.com/nashville/food-delivery/the-poki/8PfjogSwTQ-SzIb1gEVT2A,nashville
https://www.ubereats.com/nashville/food-delivery/ocharleys-912-rivergate-pkwy/Qogiy7gwQrWy4m9bX83dxg,nashville
https://www.ubereats.com/nashville/food-delivery/uncs-chicken-%26-fish/iebglEbWReCtSRpwUAF8xg,nashville
https://www.ubereats.com/nashville/food-delivery/daddys-dogs-printers-alley/MucmG4VDRjWL4UdXZl8RAw,nashville
https://www.ubereats.com/nashville/food-delivery/farm-burger-nashville/DngyK_CTQLa_FEzStjsIXA,nashville
https://www.ubereats.com/nashville/food-delivery/the-well-coffeehouse-green-hills/1JJJ_RRQTUKKSEAFGP_D4Q,nashville
https://www.ubereats.com/nashville/food-delivery/king-of-pops-the-parthenon/LqlJMRjGTFWh_W7akgbv1Q,nashville
https://www.ubereats.com/nashville/food-delivery/venitos-wings-%26-things-donelson/QqExcMzWTbeQyjYJ8cyV3A,nashville
https://www.ubereats.com/nashville/food-delivery/clean-juice-412-11th-avenue-north/Hcw2XXDCQaqCY8_m9_pdIg,nashville
https://www.ubereats.com/nashville/food-delivery/jersey-mikes-subs-211-union-street/OKQJ_xVpTKuH_zA517PpfQ,nashville
https://www.ubereats.com/nashville/food-delivery/corner-pub-brentwood/zEH-lGe_R7CmcxJfijRbmw,nashville
https://www.ubereats.com/nashville/food-delivery/51st-deli/aDupFfsSSeK1YwAwtzxsZQ,nashville
https://www.ubereats.com/nashville/food-delivery/helens-hot-chicken/_SLLMnU3QqeTiJ20PtlORw,nashville
https://www.ubereats.com/nashville/food-delivery/zoes-kitchen-6025-highway-100/R4ZWtwQYRSiqObzzF26wuA,nashville
https://www.ubereats.com/nashville/food-delivery/hai-woon-dai/oyp0QtHAQ7uFh9r21GkVXQ,nashville
https://www.ubereats.com/nashville/food-delivery/615-pizza%26pasta/dLbH-wr5Q6a4knSVEo2oVA,nashville
https://www.ubereats.com/nashville/food-delivery/popeyes-3012-gallatin-pike/Sd_DMvuDSmCG3uetZBo1KQ,nashville
https://www.ubereats.com/nashville/food-delivery/mcdonalds-nash-4041-nolensville/oVuz6Cv3R82FpBSN_L9U5A,nashville
https://www.ubereats.com/nashville/food-delivery/mcdonalds-nash-metro-center/mrATnNpMQU2nCllgiOZgxg,nashville
https://www.ubereats.com/nashville/food-delivery/the-hot-italian/BtMGv41rTeSaAtoFLEx2Jg,nashville
https://www.ubereats.com/nashville/food-delivery/fazolis-10-harding-mall-drive/5GmM4zEdTB25NLIwkdZrLQ,nashville
https://www.ubereats.com/nashville/food-delivery/status-dough/-OMS7ACkQxe7TYjToOamKg,nashville
https://www.ubereats.com/nashville/food-delivery/chicago-style-gyros/INK9_CPuRcWTI_fZ8mY1UA,nashville
https://www.ubereats.com/nashville/food-delivery/fame-us-caribbean-soul-food-cafe/AEyqPrUkQlStO85IIu0YMw,nashville
https://www.ubereats.com/nashville/food-delivery/la-casa-della-pizza/ehx8v7VjSO-2X8tqUvfHLg,nashville
https://www.ubereats.com/nashville/food-delivery/meridian-street-cafe/7_jMcBvLQeSOVpLxC4C3RA,nashville
https://www.ubereats.com/nashville/food-delivery/the-goat-germantown/XD_Dt0RGSR2_VruPkMAS7A,nashville
https://www.ubereats.com/nashville/food-delivery/the-urban-juicer-hillsboro-village/0WyEFhfBQk20BtTSKHtrgg,nashville
https://www.ubereats.com/nashville/food-delivery/mellow-mushroom-423-broadway/tatD_COESkakXB-aDzF5GQ,nashville
https://www.ubereats.com/nashville/food-delivery/baam-burger/cSgoOLI9QuO_PtvqhQqFdg,nashville
https://www.ubereats.com/nashville/food-delivery/tower-market-and-deli/qX5KPy_QTSmgXipI3VQ__A,nashville
https://www.ubereats.com/nashville/food-delivery/wings-%26-bites-donelson/BFzIozmHSr6mdmQxP7KrVQ,nashville
https://www.ubereats.com/nashville/food-delivery/sindoore/fVZBmW1mRiSCCJPQbIr3yg,nashville
https://www.ubereats.com/nashville/food-delivery/wings-%26-bites-the-gulch/G32FzNu9Q1ODrdPNaDJTIA,nashville
https://www.ubereats.com/nashville/food-delivery/wendys-1045-28th-avenue-north/Z1yI9Co3QSSfkRyhAEBKdg,nashville
https://www.ubereats.com/nashville/food-delivery/zollikoffee/rms9ucMcQ-6S0wbWDQrNfw,nashville
https://www.ubereats.com/nashville/food-delivery/pizza-hut-1144-gallatin-pike-s/vNJzTKQbTxyX5hmzzi7I-Q,nashville
https://www.ubereats.com/nashville/food-delivery/checkers-3232-clarksville-pike/R56lhb8wSF-iGAl8S_1jtQ,nashville
https://www.ubereats.com/nashville/food-delivery/mothership-pizza/V_4ipZqGTwifY8Fd3HnVWg,nashville
https://www.ubereats.com/nashville/food-delivery/semper-sliders/bsOQM9_9Tn-yNQYT5v1saw,nashville
https://www.ubereats.com/nashville/food-delivery/jenis-splendid-ice-cream-brentwood/L6jNcVAbQFufxug4OWAH-A,nashville
https://www.ubereats.com/nashville/food-delivery/bar-b-cutie-madison/lRnneLPVSUSeAHFsrGu32g,nashville
https://www.ubereats.com/nashville/food-delivery/starbucks-charlotte-pike-%26-22nd/5-77z9A-QtmTz0clDODdYA,nashville
https://www.ubereats.com/nashville/food-delivery/slims-smoqe-signals-bbq/rSo4VUEUQeK2_J-fS2snpw,nashville
https://www.ubereats.com/nashville/food-delivery/fat-kat-slims/EhPCnsOyQC-3uNjtw1s2VQ,nashville
https://www.ubereats.com/nashville/food-delivery/ben-%26-jerrys-nashville/azGQXyODT-mwHYbnBinzLg,nashville
https://www.ubereats.com/nashville/food-delivery/boombozz-craft-pizza-%26-taphouse-east-nashville/WOWenLr_TCGnFaiQaiYBVA,nashville
https://www.ubereats.com/nashville/food-delivery/the-urban-juicer-east-nashville/rRQ5spmBSoCtRl8EucZItA,nashville
https://www.ubereats.com/nashville/food-delivery/fire-n-smoke-nashville/UnKzAhBUSniuZ1cTy1KdFQ,nashville
https://www.ubereats.com/nashville/food-delivery/pasta-republic/uupJiAXkSwmP4Y2TkP3MBA,nashville
https://www.ubereats.com/nashville/food-delivery/amerigo-italian-restaurant/QIrq-p0TQiypQ6fLwuZ5-Q,nashville
https://www.ubereats.com/nashville/food-delivery/sweet-creations-pie-bakery-germantown/-McmvGD_SqGpVR0aD9qWqQ,nashville
https://www.ubereats.com/nashville/food-delivery/music-city-hot-wings/7tebO95PSUuUNqoKG0qCYQ,nashville
https://www.ubereats.com/nashville/food-delivery/ginger-thai-restaurant/GlYejwSwTfW9-GSk5uGCfQ,nashville
https://www.ubereats.com/nashville/food-delivery/frothy-monkey-east-nashville/i0L6RYbhTp2P-Bedmwa_3Q,nashville
https://www.ubereats.com/nashville/food-delivery/madeline-pizza-and-pasta/_GuGEe1NQkurKLbbOzzGWg,nashville
https://www.ubereats.com/nashville/food-delivery/corner-pub/ZdUoWhHlRPK3uv_hdMYsAQ,nashville
https://www.ubereats.com/nashville/food-delivery/the-ainsworth-nashville/FOuilSSuSGKAAnwMkMvruA,nashville
https://www.ubereats.com/nashville/food-delivery/wafflemania/2lUioCAUQb65qJIOMY6SRQ,nashville
https://www.ubereats.com/nashville/food-delivery/starbucks-hillsboro-pike-%26-graybar-ln/rcZKJc77SYmCNyJWgKsD7Q,nashville
https://www.ubereats.com/nashville/food-delivery/taco-bell-2615-powell-ave/OonMAaaWTf6NJX7bJ-gBkQ,nashville
https://www.ubereats.com/nashville/food-delivery/tacos-with-a-twist/7Kgok-kVTxK_fit43Gg86Q,nashville
https://www.ubereats.com/nashville/food-delivery/nomzilla-sushi-et-cetera/2_cn0KSUTGKoyKEW1wxEXQ,nashville
https://www.ubereats.com/nashville/food-delivery/ludlows-gumbo-bar-%26-steak-12th-ave-south/gyI_caFLT2KXgnf75wDbpA,nashville
https://www.ubereats.com/nashville/food-delivery/henley/fSXyDLp3RreGcx2WQyZ6Rw,nashville
https://www.ubereats.com/nashville/food-delivery/cocos-italian-market/0Gswxkw4RB2SnO2nnTgwvg,nashville
https://www.ubereats.com/nashville/food-delivery/edible-arrangements-2416-elliston-place-elliston-point-shopping-center/y9XZyaQ6QyuNt-MjiY5crQ,nashville
https://www.ubereats.com/nashville/food-delivery/mallards-family-restaurant/X7s74-IAQWahWcxMU95KPg,nashville
https://www.ubereats.com/nashville/food-delivery/el-punba-tacos-and-mariscos/YJPlt6PzQQ-mjkinEbCBbQ,nashville
https://www.ubereats.com/nashville/food-delivery/gradys-house-of-chicken-nsh02-2/Hr2veaeNQM27Y3uOAc3eeA,nashville
https://www.ubereats.com/nashville/food-delivery/wing-basket-madison/u1ZKGlgWTyOHZQFBqJLNQg,nashville
https://www.ubereats.com/nashville/food-delivery/kebab-gyros/oFv6Q5miRZePbLJApqm_EA,nashville
https://www.ubereats.com/nashville/food-delivery/la-parrilla/upd5t9HGSmiEfTdJC93B6g,nashville
https://www.ubereats.com/nashville/food-delivery/dunya-kabob/fWXtftU9TSuBA06O9Gu5_Q,nashville
https://www.ubereats.com/nashville/food-delivery/gyros-kitchen-greek-cafe-%26-taverna/6LfYwo_WRw25XxQLeHbYzw,nashville
https://www.ubereats.com/nashville/food-delivery/jays-family-restaurant/db3bAYeVTeOkdqAV4zRaRg,nashville
https://www.ubereats.com/nashville/food-delivery/emmy-squared-green-hills/wuvPaIWVQAG7Nwtmw9nkJw,nashville
https://www.ubereats.com/nashville/food-delivery/panda-house/njoZNccQQZmKQQ3NFx-NyA,nashville
https://www.ubereats.com/nashville/food-delivery/the-palm-140-5th-avenue-south/l-GeSoE_RSishZ9I7AT6CA,nashville
https://www.ubereats.com/nashville/food-delivery/virago/48-O8oBvQsG6Nc_34zQ2eA,nashville
https://www.ubereats.com/nashville/food-delivery/oscars-taco-shop-vandy/vBBX7ZV3QVWnzJQnKWcMSg,nashville
https://www.ubereats.com/nashville/food-delivery/mcdonalds-nashvle-harding/IU05t3LoTfa9sYv2ZUoXlA,nashville
https://www.ubereats.com/nashville/food-delivery/germantown-cafe-germantown/hexXGn58Rz-jWipqn9aRxg,nashville
https://www.ubereats.com/nashville/food-delivery/edesia/PigWkQZsTTKpq7pcUnR78A,nashville
https://www.ubereats.com/nashville/food-delivery/milanos-pizzeria/gREB59vjTo-9u-Qf7SolfQ,nashville
https://www.ubereats.com/nashville/food-delivery/the-soda-parlor/YPQqZXJaRiW65HGb8VigCw,nashville
https://www.ubereats.com/nashville/food-delivery/uncle-buds-catfish-chicken-%26-such-nashville/2BOGEkKpQCaVSnJtrENo6g,nashville
https://www.ubereats.com/nashville/food-delivery/pita-plus-gyro/C6_2nb8kSOmtv1ZFgTIsRw,nashville
https://www.ubereats.com/nashville/food-delivery/el-rey/8ZBfUXxxTSGJQbDshhORGQ,nashville
https://www.ubereats.com/nashville/food-delivery/madai-korean-%26-sushi/66brrCDCTm-EC-xJl_o_qQ,nashville
https://www.ubereats.com/nashville/food-delivery/broken-spoke-saloon/nhBabV1oTc6KEOk-KIT5dw,nashville
https://www.ubereats.com/nashville/food-delivery/your-pie-421-11th-avenue-north/YGFLVCqoTUW6pYi23ssA3Q,nashville
https://www.ubereats.com/nashville/food-delivery/wings-%26-things-nsh02-1/uCh_XfwiSeG168YeNM8U2Q,nashville
https://www.ubereats.com/nashville/food-delivery/get-baked-wings-n-munchies-music-row/Nn6SjuxFQGS5tsfuyYUEbQ,nashville
https://www.ubereats.com/nashville/food-delivery/germantown-pub/o1Zt0WWDQDOJ1YDEw6Gf1A,nashville
https://www.ubereats.com/nashville/food-delivery/roma-pizza-bellevue/jD3NWvtdTg6JYtO3Z7KhmQ,nashville
https://www.ubereats.com/nashville/food-delivery/2%7C22-country-music-hall-of-fame-and-museum/bxFlEIZDSu6x1nWtTpYKkg,nashville
https://www.ubereats.com/nashville/food-delivery/kabab-gyros/ch3EYDroRve_9RYzgHaXLQ,nashville
https://www.ubereats.com/nashville/food-delivery/starbucks-metrocenter-%26-dominican/7MbUkPRqQ-StiCDwvTPEaA,nashville
https://www.ubereats.com/nashville/food-delivery/samurais-kitchen/XEaVQlcJSBSnGM-yb08eeg,nashville
https://www.ubereats.com/nashville/food-delivery/italia-pizza-and-pasta/wArXd-1BRP2uJQaaRjlJ-A,nashville
https://www.ubereats.com/nashville/food-delivery/tempo-nashville/DeaPZVc-RxCTmLyNGVc4VA,nashville
https://www.ubereats.com/nashville/food-delivery/pf-changs-2525-west-end-suite-2535/uPyUYLRHQJ2ry8TXTu45cQ,nashville
https://www.ubereats.com/nashville/food-delivery/merchants-restaurant-the-gulch/yaiC7usHQLWYPBVfpaMrmg,nashville
https://www.ubereats.com/nashville/food-delivery/mcdonalds-nashvil-mcgavock/4Y1YNjLjTNO6Rx5Xnx5lPw,nashville
https://www.ubereats.com/nashville/food-delivery/margaritaville-broadway/IYt3zvKgSrWDEChksJi4fQ,nashville
https://www.ubereats.com/nashville/food-delivery/los-toritos-mexican-restaurant-mtg/ayjF7XQSTnKHcofIoVminw,nashville
https://www.ubereats.com/nashville/food-delivery/toyama-japanese-steak-house/9kfw1GQsQiqW8ZXbErPbVw,nashville
https://www.ubereats.com/nashville/food-delivery/helens-hot-chicken-lebanon-road/RD0J6OaQQaqchJ_w-5rr9w,nashville
https://www.ubereats.com/nashville/food-delivery/smoothie-king-thompson-ln/9jqfBuzeRB-CVISqu-0vPQ,nashville
https://www.ubereats.com/nashville/food-delivery/chaatable-nashville/jQeyS1h6TFqwXcNj-6swFg,nashville
https://www.ubereats.com/nashville/food-delivery/vege-licious/DDHVOGwGQFehN1zO1hqZPQ,nashville
https://www.ubereats.com/nashville/food-delivery/steak-plus-pizza-downtown/p8NWDyV1R827uvR-UKXiOw,nashville
https://www.ubereats.com/nashville/food-delivery/the-eastern-peak/cLMIq_XMQv2Yf0TNviZbIg,nashville
https://www.ubereats.com/nashville/food-delivery/crepiano-cafe/oN95EpwTRP6X8-VjO85UPQ,nashville
https://www.ubereats.com/nashville/food-delivery/edleys-bar-b-que/7pySyZ65TKyXve40n2iPVg,nashville
https://www.ubereats.com/nashville/food-delivery/nashville-sweets/CKkm7yCOR4-J85dsixQYOQ,nashville
https://www.ubereats.com/nashville/food-delivery/firehouse-subs-6606-charlotte-pike-ste-101/meFg8HoLT_elb5YwcOQrcA,nashville
https://www.ubereats.com/nashville/food-delivery/rodizio-grill/08QywiVeSB2CHiUye7-C4g,nashville
https://www.ubereats.com/nashville/food-delivery/rolf-%26-daughters/HKBOV80ASFi7CJOv0nHTlw,nashville
https://www.ubereats.com/nashville/food-delivery/felecias-new-orleans-cuisine/sPD_Il4GQsK6PBHjo0wThQ,nashville
https://www.ubereats.com/nashville/food-delivery/bajo-sexto-taco/r20jasD0RR6D5fg5Er_baw,nashville
https://www.ubereats.com/nashville/food-delivery/chinadragon/80DFSIo_SGiuuUVbG3fq1A,nashville
https://www.ubereats.com/nashville/food-delivery/honeybaked-ham-2817-west-end-ave-ste-134/bKq7hoYqSOWDpbJtz3r5xw,nashville
https://www.ubereats.com/nashville/food-delivery/birdies-frozen-drinks/W05Hlqh3TqWaQzsdefZxpg,nashville
https://www.ubereats.com/nashville/food-delivery/healthy-eats/OgliAuLmQsSsLAS1y_9paw,nashville
https://www.ubereats.com/nashville/food-delivery/pizza-and-more/qhKMFq9sT2yxKLyO_7nlQg,nashville
https://www.ubereats.com/nashville/food-delivery/hunan-express/8v0WNR0qQdqPrCDaYe0hGw,nashville
https://www.ubereats.com/nashville/food-delivery/samurai-sushi/BEkUVNagRamMSFCXyzN7yA,nashville
https://www.ubereats.com/nashville/food-delivery/sultans-grill-%26-ginger-juice-bar/lpICXMGoSiSbRkXwKZf-nA,nashville
https://www.ubereats.com/nashville/food-delivery/ezozas-kitchen/TB79VzP-SfypKuC3U1Gjcw,nashville
https://www.ubereats.com/nashville/food-delivery/adeles/XezgCUqqTgy2Pl_O1pwPkA,nashville
https://www.ubereats.com/nashville/food-delivery/corner-bakery-cafe-308-4th-ave-s/8c5HSs5qRnGY1pq5N9uH0Q,nashville
https://www.ubereats.com/nashville/food-delivery/nashville-venezuela-food/3WADkp3dQY-jMsDWNLFa4Q,nashville
https://www.ubereats.com/nashville/food-delivery/the-local-distro/gR2STqjKR_C41AN2w7F69g,nashville
https://www.ubereats.com/nashville/food-delivery/china-spring/PjHTbT8ySDuKGvLvLsk7VQ,nashville
https://www.ubereats.com/nashville/food-delivery/615chutney/SlgFrbqJRsaitvVoB6hjFg,nashville
https://www.ubereats.com/nashville/food-delivery/more-than-wings/HZPR5wLCSO6FCM9Z6ZYEog,nashville
https://www.ubereats.com/nashville/food-delivery/tavern/HNux-Q_IQ86n5M0aGaxbeA,nashville
https://www.ubereats.com/nashville/food-delivery/e%2Brose-wellness-bodega-at-the-505/kEQS4E2OQaWXK4Dz5X8kCw,nashville
https://www.ubereats.com/nashville/food-delivery/nobaked-cookie-doughnashville-4th-ave/vy5fYWz3RSOSaBRPqEb_WQ,nashville
https://www.ubereats.com/nashville/food-delivery/bellagio-pizza-%26-subs/dVk3P5-tQja0qwmrZE0pNQ,nashville
https://www.ubereats.com/nashville/food-delivery/chicago-style-gyros/SmezQf69TfiCUcswylPNHA,nashville
https://www.ubereats.com/nashville/food-delivery/sun-%26-fork-2507-west-end/A1UC452ARBOt2zWES2-udQ,nashville
https://www.ubereats.com/nashville/food-delivery/knockout-burgers-%26-subs/TlIzVnFyQj2eUk-1K61uDw,nashville
https://www.ubereats.com/nashville/food-delivery/phat-philly-cheesesteaks/szvBhneFStKe1qAQj88d2Q,nashville
https://www.ubereats.com/nashville/food-delivery/the-diner/sMyf0TpGQ2WEk76240MmEA,nashville
https://www.ubereats.com/nashville/food-delivery/burger-king-2011-8th-ave-s/JBYAgbaeSw29A96I1Fnshw,nashville
https://www.ubereats.com/nashville/food-delivery/jersey-mikes-subs-nashville-2184-bandywood-drive/kHN31Ze9QvuXuFb1nbY3TA,nashville
https://www.ubereats.com/nashville/food-delivery/captain-ds-407-north-gallatin-pike/Z4KW1wasTpyeUWv0Krjwug,nashville
https://www.ubereats.com/nashville/food-delivery/chivanada/4XUZqlH_RM6w2b-XHMjVTw,nashville
https://www.ubereats.com/nashville/food-delivery/opry-backstage-grill/ZrUjsY-1Tku3TZBYYB3vmA,nashville
https://www.ubereats.com/nashville/food-delivery/cilantro-mexican-grill-9972-main-st/6a-0QusYTxm6VZIKxva_Rw,nashville
https://www.ubereats.com/nashville/food-delivery/5-chords-marketplace/wATgK5kXQxebqrlZi6Aqsg,nashville
https://www.ubereats.com/nashville/food-delivery/jersey-mikes-subs-nashville-73-white-bridge-road/JFrAvcIzRSubqwrTwComvQ,nashville
https://www.ubereats.com/nashville/food-delivery/funk-seoul-brother-food-truck/Y948HdxbQbiCzq0acpuOuw,nashville
https://www.ubereats.com/nashville/food-delivery/cinnabon-336-opry-mills-drive/vQq-3cR8SYyWDxFI9tNqog,nashville
https://www.ubereats.com/nashville/food-delivery/pizza-hut-3709-clarksville-hwy/OgRkKw8fRBCL5IQ8kwKjEA,nashville
https://www.ubereats.com/nashville/food-delivery/horus-wings/AM87uv7jR8CSV5cSpaQMfA,nashville
https://www.ubereats.com/nashville/food-delivery/the-pub-nashville/pv6eGb8jQZyEyy2PJxpFVw,nashville
https://www.ubereats.com/nashville/food-delivery/tin-cup-coffee/Ioq7bBGRTxS1jzAV7UUMig,nashville
https://www.ubereats.com/nashville/food-delivery/starbucks-vanderbilt/vocR1JtzS82H9F0HsQUGig,nashville
https://www.ubereats.com/nashville/food-delivery/gyro-goat-food-truck/gaez-OWtQDiaUWE6-0yz5w,nashville
https://www.ubereats.com/nashville/food-delivery/white-castle-5605-charlotte-ave/1ENjrTWATK6bWMSkembYjQ,nashville
https://www.ubereats.com/nashville/food-delivery/krystal-6490-charlotte-pike/D2GTdiziR8qSiaTOqA70MQ,nashville
https://www.ubereats.com/nashville/food-delivery/el-nopalito/EmkO5-4rSxWd1V08mJJ-5w,nashville
https://www.ubereats.com/nashville/food-delivery/edleys-bar-b-que/0B-9d_JnQcOpX2fextNVGA,nashville
https://www.ubereats.com/nashville/food-delivery/daddys-dogs/jhwHEWfQRyG52lcl6HAGEw,nashville
https://www.ubereats.com/nashville/food-delivery/hattie-bs-test-kitchen/ydUnd6cmSbu3BXQWiXoaGQ,nashville
https://www.ubereats.com/nashville/food-delivery/craft-brewed/e7Or091vT8qRtd19K2ARKw,nashville
https://www.ubereats.com/nashville/food-delivery/the-well-coffeehouse-downtown/eGa6BVKhThyby4R7ZQNpAg,nashville
https://www.ubereats.com/nashville/food-delivery/the-be-hive/4wzUe9F9Q_Wunn7fR6H-XQ,nashville
https://www.ubereats.com/nashville/food-delivery/chipotle-mexican-grill-731-thompson-ln/K_jLHQ5NTYehJvqAxZg5bg,nashville
https://www.ubereats.com/nashville/food-delivery/starbucks-charlotte-pike-%26-i-40/Ir0pgK0aTSytKMsBrFEung,nashville
https://www.ubereats.com/nashville/food-delivery/wayback-burgers-7050-charlotte-pike/Mx0WAA_QTjir4Pw6JahgOg,nashville
https://www.ubereats.com/nashville/food-delivery/tacos-%26-thangs/_rIU0LFnScSoK_AkIY5wsA,nashville
https://www.ubereats.com/nashville/food-delivery/curry-n-hurry/ERbiER6OQWOP5JILPZfOxw,nashville
https://www.ubereats.com/nashville/food-delivery/rays-pizza-coca-cola-consolidated/nrpqihKUS3yJpxFTgb9AmQ,nashville
https://www.ubereats.com/nashville/food-delivery/memphis-wings-615/Sv_wX3_CRWG4ILwiEffM4w,nashville
https://www.ubereats.com/nashville/food-delivery/red-bicycle-coffee-and-crepes-5th-ave/sNL1qya-R4qF4LEQIaRcgQ,nashville
https://www.ubereats.com/nashville/food-delivery/jets-pizza-hillwood/4z0moFAlS6azvhdA3pg--g,nashville
https://www.ubereats.com/nashville/food-delivery/cracker-barrel-old-country-store-4323-sidco-drive/_3bbtncHQBaRWVZLu-U-oA,nashville
https://www.ubereats.com/nashville/food-delivery/2-girls-n-a-hot-dog/JH0vJAmNSre-JZoDUI7Obg,nashville
https://www.ubereats.com/nashville/food-delivery/house-of-veggies-%26-vegan/w8wb3o7cRX6eJMehTwGYvw,nashville
https://www.ubereats.com/nashville/food-delivery/fatmos-burgers/78dj8DvoR-2refavCjMO2w,nashville
https://www.ubereats.com/nashville/food-delivery/los-arcos-mexican-grill-%26-seafood/Yqd8EOKdTCqcYOMGBWCYZA,nashville
https://www.ubereats.com/nashville/food-delivery/papa-johns-222-thompson-lane/9md4q_dWSnessCJXsF9SGw,nashville
https://www.ubereats.com/nashville/food-delivery/mcdonalds-nash-charlotte-pk-hillwood/OFAimlYbRfqrFoNUm-pmvg,nashville
https://www.ubereats.com/nashville/food-delivery/nashville-pizza-and-pasta/2UOFseARQOa4OJ9z2ZmF1Q,nashville
https://www.ubereats.com/nashville/food-delivery/the-royal-curry-house-sylvan-park/_SoqYxiXS4u-sAY3-Wk7zg,nashville
https://www.ubereats.com/nashville/food-delivery/chagos-cantina/gt-fc9U-SNaPxzlZCvZjEg,nashville
https://www.ubereats.com/nashville/food-delivery/night-train-pizza/RTD3CpGtThGpDWBij47xnA,nashville
https://www.ubereats.com/nashville/food-delivery/papa-turneys-bbq/ct4IHNm5RRiSFWyva-iixA,nashville
https://www.ubereats.com/nashville/food-delivery/blazin-bird/ySJmYvDrSmSrlmcIwGsc9A,nashville
https://www.ubereats.com/nashville/food-delivery/taj-indian-restaurant/Y60IrVdOS7y6tFdXg7PFaA,nashville
https://www.ubereats.com/nashville/food-delivery/raffertys-rivergate/gSv_1aIlQJSgVAIqel4xVg,nashville
https://www.ubereats.com/nashville/food-delivery/copa-cabana-bar-and-grill/SDijHaR8RwSL52MXDF0aoQ,nashville
https://www.ubereats.com/nashville/food-delivery/bills-hot-fish/vnVRqWVcTvy6kSso4xCn0Q,nashville
https://www.ubereats.com/nashville/food-delivery/donatos-pizza-midtown/MZ__IdoyRoGnMcXg-FZDjw,nashville
https://www.ubereats.com/nashville/food-delivery/las-adelitas-mexican-restaurant/PVgLvcbZQPyf1LTXc_Hu2w,nashville
https://www.ubereats.com/nashville/food-delivery/pasta-king/0T8zEMf1S7aCqCBVz4IDnQ,nashville
https://www.ubereats.com/nashville/food-delivery/nashville-style-gyros/WOq53SmhQ9aJA39y2X7MCA,nashville
https://www.ubereats.com/nashville/food-delivery/cava-2171-green-hills-village-dr/VWU2qyzlTuuOHWum4MNAoA,nashville
https://www.ubereats.com/nashville/food-delivery/ny-finest-deli/HJ5aq2fsTJiql6JJfxx6TQ,nashville
https://www.ubereats.com/nashville/food-delivery/makeready-libations-%26-liberation/TIWIOLYuQVCjYRFEtiXDsg,nashville
https://www.ubereats.com/nashville/food-delivery/dickeys-barbecue-pit-west-nashville/_vAPvD8pRzybAlzncShYfw,nashville
https://www.ubereats.com/nashville/food-delivery/marias-snacks/s7WnFn3_TkGYInrWCN0RtQ,nashville
https://www.ubereats.com/nashville/food-delivery/top-chef-cafe/C8DGIPwEROizhARXENGnvA,nashville
https://www.ubereats.com/nashville/food-delivery/kfc-3035-dickerson-rd/6Zs0fJk6RFyyswcPNlfrIA,nashville
https://www.ubereats.com/nashville/food-delivery/taste-of-perfection/Igove2QPRwqNjuHPMZDf7A,nashville
https://www.ubereats.com/nashville/food-delivery/caracasville/49SAZePIQh-XAmk7zSIK3g,nashville
https://www.ubereats.com/nashville/food-delivery/merengue-cafe/U7WLgWHgQY27Z8eSZf6mQQ,nashville
https://www.ubereats.com/nashville/food-delivery/anatolia-turkish-restaurant/xATAA4NWQj2NZoj1BIYThA,nashville
https://www.ubereats.com/nashville/food-delivery/taco-bell-1410-brick-church-pike/rwdQUcqtS7CcnyGiB-8F9g,nashville
https://www.ubereats.com/nashville/food-delivery/yoshi-sushi-%26-thai/BuOan4ewQtq2Y8FlhJ0ceA,nashville
https://www.ubereats.com/nashville/food-delivery/cicis-pizza-gallatin-pike/75U0ydi8TfOMlZH5KqFz8Q,nashville
https://www.ubereats.com/nashville/food-delivery/slow-burn-hot-chicken/Ziu8-7eqRUmonGx1cWXs2g,nashville
https://www.ubereats.com/nashville/food-delivery/surati-indian-street-food/4ftRl8RzR_KHzmp9jyS0lw,nashville
https://www.ubereats.com/nashville/food-delivery/urban-grub-south-nashville/Yz8yYgwPQt-GON0gHvJqCA,nashville
https://www.ubereats.com/nashville/food-delivery/the-listening-room-cafe/eU2yWqJ-TnqMkHj9YIhLsg,nashville
https://www.ubereats.com/nashville/food-delivery/angry-bryd-hot-chicken/zKOUCJ4YSRuTP7tWEfgDJQ,nashville
https://www.ubereats.com/nashville/food-delivery/kebab-gyros-greek-and-italian/pnx_h-AISJaUz8_ZCSZ2kw,nashville
https://www.ubereats.com/nashville/food-delivery/kfc-336-harding-pl/Ks3kPvxLQaWDZjGG6_TJFw,nashville
https://www.ubereats.com/nashville/food-delivery/the-capitol-grille/H3zbkCuTTGCiXNNo8sC1cg,nashville
https://www.ubereats.com/nashville/food-delivery/the-ridge/XA4i24WISdqY9pNqJNGlvw,nashville
https://www.ubereats.com/nashville/food-delivery/shake-shack-4031-hillsboro-pike/WNpUYKhTRXqWVfu6ikPemw,nashville
https://www.ubereats.com/nashville/food-delivery/china-bell/4Tr3Ly2XQgK2PCKwqwN0Uw,nashville
https://www.ubereats.com/nashville/food-delivery/levant-mediterranean-restaurant-and-cafe/ygyruhPnTu60dfDHzRYWmA,nashville
https://www.ubereats.com/nashville/food-delivery/food-corner/8AKEF9jCRZeFcHEg6UWbZQ,nashville
https://www.ubereats.com/nashville/food-delivery/taco-bell-324-harding-place/O6VwoVXwRdGO7v1rdjpTdg,nashville
https://www.ubereats.com/nashville/food-delivery/just-wing-it/vxmgC7WzTIucC6SCQ9oVNA,nashville
https://www.ubereats.com/nashville/food-delivery/moes-southwest-grill-%23739-2525-west-end-avenue/DfJBP7j7SqmWmFX9kLfB1w,nashville
https://www.ubereats.com/nashville/food-delivery/el-tapatio-%232-south-nashville/f7r-_ROTT3CJKlZQ9NzMzg,nashville
https://www.ubereats.com/nashville/food-delivery/banjos/DUrMa9ppSrCeJ9dGDDgORg,nashville
https://www.ubereats.com/nashville/food-delivery/pancho-%26-leftys-cantina/2Sqo56KOR2C6WjgH7XUIkw,nashville
https://www.ubereats.com/nashville/food-delivery/guac-mexican-grill-donelson/Op9fc6g1Rh-J9ud8Nimekw,nashville
https://www.ubereats.com/nashville/food-delivery/tacos-y-mariscos-el-amigo/7P7XD37rShOWfKpr0rDulw,nashville
https://www.ubereats.com/nashville/food-delivery/pei-wei-101-creekside-crossing-suite-1800/z_mLWJkLQvabj08uh6aF_A,nashville
https://www.ubereats.com/nashville/food-delivery/great-american-cookies/YSa4IbqoRraYSu7F_67lNA,nashville
https://www.ubereats.com/nashville/food-delivery/la-parrilla-fresh-mexican-and-grill/tXExy5KgRfKazACLmis7uw,nashville
https://www.ubereats.com/nashville/food-delivery/classic-pasta/bi_K2w_jSK-F5lzVrEnSRg,nashville
https://www.ubereats.com/nashville/food-delivery/panda-express-6601-charlotte-pike/0AdvfcaQT0urOrrYj_R5Kw,nashville
https://www.ubereats.com/nashville/food-delivery/subway-hermitage-ave/04UYquSURfiwmLYpO9NL-w,nashville
https://www.ubereats.com/nashville/food-delivery/kwench-juice-cafe/vkKVf0p-ThS7SncQZxncDw,nashville
https://www.ubereats.com/nashville/food-delivery/tgi-fridays-2579-nashville-opry-mills-tn/xUis-Xd1QTKFEK7SUDyKog,nashville
https://www.ubereats.com/nashville/food-delivery/the-bridge/lGV06QriRZa7IvSsNkEdag,nashville
https://www.ubereats.com/nashville/food-delivery/outback-steakhouse-6840-charlotte-pike/DNyQkzZSTE6Wu8WHSzvwZg,nashville
https://www.ubereats.com/nashville/food-delivery/hardees-7102-highway-70-s/stG5feE0QgWFV0Y5a0mX8Q,nashville
https://www.ubereats.com/nashville/food-delivery/win-bubble-tea-west-nashville/XwjFKUm5TPyqvvDqLWWg_A,nashville
https://www.ubereats.com/nashville/food-delivery/inchins-bamboo-garden-nashville/8eBsEwmkRWWJj9ollSTIdg,nashville
https://www.ubereats.com/nashville/food-delivery/papa-johns-4004-hillsboro-road/Kp_UGpJuR2eTCCRodNIY9w,nashville
https://www.ubereats.com/nashville/food-delivery/double-dogs-hillsboro-village/-aShf438TAeQe937stIh3Q,nashville
https://www.ubereats.com/nashville/food-delivery/quiznos-peabody-st/v9iIBIG6Q2u_e9uqSm1xnQ,nashville
https://www.ubereats.com/nashville/food-delivery/sushi-train-nashville/Qul9KuiVRS-yV1CIQu1RLg,nashville
https://www.ubereats.com/nashville/food-delivery/napoli-pizza-%26-gyros-%26-falafel/m5jpTxAJRnaw2fUHjZNmJQ,nashville
https://www.ubereats.com/nashville/food-delivery/subway-2181-nolensville-rd/NHoBQds_TRmZv6hR63b3Eg,nashville
https://www.ubereats.com/nashville/food-delivery/jacksons-bar-%26-bistro-music-row/I7RlfsVSR2WjQZnJtkxy0Q,nashville
https://www.ubereats.com/nashville/food-delivery/logans-roadhouse-489-727-thompson-lane/w3VIXtq2SuicdHd836VE7g,nashville
https://www.ubereats.com/nashville/food-delivery/krystal-1717-charlotte-pike/Z3ULR0RPSWmEBar3EmWcdA,nashville
https://www.ubereats.com/nashville/food-delivery/dunkin-847-briley-pkwy/f8wJ8_6bSb6w8z3w3I4RGA,nashville
https://www.ubereats.com/nashville/food-delivery/pho-t%26n/87lfEGShR5-0XZhs0WiPEQ,nashville
https://www.ubereats.com/nashville/food-delivery/the-hub-at-bode-nashville/VFYU-407TwKocCi_6jNoIQ,nashville
https://www.ubereats.com/nashville/food-delivery/wow-bao-nsh02-2/4qMmh58pQgCchljhxLG8Dg,nashville
https://www.ubereats.com/nashville/food-delivery/pauls-pizza-palace/8bkLBtggTYek7i6_-mrxdw,nashville
https://www.ubereats.com/nashville/food-delivery/zombie-kitchen/LprD2n4rRJieYcg13o8FMw,nashville
https://www.ubereats.com/nashville/food-delivery/brooklyn-pizza-and-cafe/kVUgXwqgSW-Wv-TqQxn_yQ,nashville
https://www.ubereats.com/nashville/food-delivery/wing-master/bFjymEnfR9CLrFM7LWJXaQ,nashville
https://www.ubereats.com/nashville/food-delivery/kfc-2910-clarksville-highway/mhtTgKxATAiyZBmQhua_4Q,nashville
https://www.ubereats.com/nashville/food-delivery/the-grilled-cheeserie-belcourt/xoODu6pQRzGs5wBRyadptw,nashville
https://www.ubereats.com/nashville/food-delivery/moto-cucina-%2B-enoteca/a2SLueoVR3-pq3gctc7ezA,nashville
https://www.ubereats.com/nashville/food-delivery/mlrose-craft-beer-%26-burgers-capitol-view/ubL3GOgZSoalLGM3NN80uw,nashville
https://www.ubereats.com/nashville/food-delivery/boltons-spicy-chicken-%26-fish/R558NIJzR0G_QSIODTlHYw,nashville
https://www.ubereats.com/nashville/food-delivery/aquarium-nashville-516-opry-mills-drive/TMehCx41RMCIbjMi6NqckQ,nashville
https://www.ubereats.com/nashville/food-delivery/edessa-restaurant-kurdish-turkish-cuisine/k1AmPWGhQeili-G0qZmZgw,nashville
https://www.ubereats.com/nashville/food-delivery/the-pepper-pott/L0FPqrPESPycZmBbWinXKw,nashville
https://www.ubereats.com/nashville/food-delivery/sphinx-restaurant/1bHaODhqSGmZZYcgb2aCBw,nashville
https://www.ubereats.com/nashville/food-delivery/del-friscos-grille-1201-demonbreun-st-suite-104/BIrz8Z2TRUm7LfMuYfqJnA,nashville
https://www.ubereats.com/nashville/food-delivery/le-vera-pizza/IbuzDMixRTStU26nat4OjQ,nashville
https://www.ubereats.com/nashville/food-delivery/smoothie-king-12th-ave/pqwZ0630RxaBkqp46CNcZA,nashville
https://www.ubereats.com/nashville/food-delivery/hattie-bs-hot-chicken-west-nashville/ny84iDL6RNSuvBV2axtBfQ,nashville
https://www.ubereats.com/nashville/food-delivery/applebees-718-thompson-lane/QJiPDzx8TAa-TMVEmVIt3g,nashville
https://www.ubereats.com/nashville/food-delivery/subway-2817-west-end-ave/qhDWrw3CRzih6qb-hRZZNw,nashville
https://www.ubereats.com/nashville/food-delivery/tarboosh/vSVCpfQPTRewWCOkkJd7Iw,nashville
https://www.ubereats.com/nashville/food-delivery/habibis-mediterranean-cuisine/ZPJnwPCmSryOSOj9BeKcnQ,nashville
https://www.ubereats.com/nashville/food-delivery/pasta-factory/vpEwzYVoQSm-EwNosm4M-Q,nashville
https://www.ubereats.com/nashville/food-delivery/the-well-coffeehouse-brentwood/ALbyx_-1QnuNe8sLJZkSOA,nashville
https://www.ubereats.com/nashville/food-delivery/c4-deli/Q4jZsJOeRv2TUIwTVaNOWA,nashville
https://www.ubereats.com/nashville/food-delivery/carrabbas-2110-greenhills-village-drive/WxACa9ZkRdKa_tsPWUTPFQ,nashville
https://www.ubereats.com/nashville/food-delivery/leaf-n-brew/2y-lBr7hRhuSLheDGd5C9g,nashville
https://www.ubereats.com/nashville/food-delivery/tom-%2B-chee/g6PJWSCATIWO5kkC_-SmHA,nashville
https://www.ubereats.com/nashville/food-delivery/pluckerz-n-grill-615/0aB7U0RwTAqsOcDDL8NfpQ,nashville
https://www.ubereats.com/nashville/food-delivery/paradise-park/5gsoZ7O2QWSHYu1GvcBN1Q,nashville
https://www.ubereats.com/nashville/food-delivery/wings-%26-things-the-gulch/O4BKMZffQGasmEFN_RsMSA,nashville
https://www.ubereats.com/nashville/food-delivery/nashville-chicken-and-waffles/GTgyxZiWS7OGMPYdX-hW1g,nashville
https://www.ubereats.com/nashville/food-delivery/house-of-kabob-south-nashville/Iw-eSOtMSKC0BLX4JEJR8g,nashville
https://www.ubereats.com/nashville/food-delivery/venitos-pizza-the-gulch/EQIRtJ5WRd2Jaf9CwOZffA,nashville
https://www.ubereats.com/nashville/food-delivery/fulins-asian-cuisine-brentwood-twitter/tI9ro80SS-SeyaAg-0NgYQ,nashville
https://www.ubereats.com/nashville/food-delivery/subway-ave-north/fN611MdXRmewmtMm6CezSQ,nashville
https://www.ubereats.com/nashville/food-delivery/roma-pizza-%26-pasta-madison/NB1HR2i6RFiopUlhYkdlfA,nashville
https://www.ubereats.com/nashville/food-delivery/demonbreun-kitchen/bDtLOcHcR9Ck8bfXU2YXsQ,nashville
https://www.ubereats.com/nashville/food-delivery/sheeba-grill/-PHUzx2hRZWubF38MMdh3g,nashville
https://www.ubereats.com/nashville/food-delivery/maple-street-biscuit-company-nashville/8DBwhHvaRZOl0P8YbkVYPQ,nashville
https://www.ubereats.com/nashville/food-delivery/checkers-3001-gallatin-road/wvT05BCWRJuogtexyoK9EQ,nashville
https://www.ubereats.com/nashville/food-delivery/three-brothers-coffee-west-end/KyD7ur7jRC2viCsLauAAsQ,nashville
https://www.ubereats.com/nashville/food-delivery/five-daughters-bakery-12th-south/WhDZOGL5RYy8MCBa06MI-A,nashville
https://www.ubereats.com/nashville/food-delivery/dolls-family-cafe/QlD38wnoS7GSQpo0oKwL9A,nashville
https://www.ubereats.com/nashville/food-delivery/the-horn-gyro/jB0dULdXS3eI2dJC0p--Bg,nashville
https://www.ubereats.com/nashville/food-delivery/sicilian-pizza-and-pasta-the-gulch/UbE2uJo6Q6e9bk6otLHfug,nashville
https://www.ubereats.com/nashville/food-delivery/the-corner-pub-greenhills/cEwiWB7yQDmCFdLBod3VRg,nashville
https://www.ubereats.com/nashville/food-delivery/chipotle-mexican-grill-400-21st-ave-s/ojBgLSOwQtOuovHItnrs9g,nashville
https://www.ubereats.com/nashville/food-delivery/cafe-intermezzo-nashville/oZJGrVrMS9iC1bdeqFqmdw,nashville
https://www.ubereats.com/nashville/food-delivery/central-bbq-nashville/R3krY4aCRHaRHx0W93agTA,nashville
https://www.ubereats.com/nashville/food-delivery/closed-until-mar-1-the-southern-v/ao9rVhp_RNyBW7RjbPRRTg,nashville
https://www.ubereats.com/nashville/food-delivery/reshas-market/S5__SWS9THyQPk6p-df7Fw,nashville
https://www.ubereats.com/nashville/food-delivery/pastime/aO8W3S3mQnio6Gc9WsRRUA,nashville
https://www.ubereats.com/nashville/food-delivery/nashville-toffee-company/6zrUQ18eRj-iC5zD2PHTGg,nashville
https://www.ubereats.com/nashville/food-delivery/pizza-perfect-1602-21st-ave/_jrCiDGVRfK13yop9cTSzQ,nashville
https://www.ubereats.com/nashville/food-delivery/the-baked-bear-nashville/5CNjM77YS1qClxvFMiqEBA,nashville
https://www.ubereats.com/nashville/food-delivery/persi-kabob/oH8lzHStRea-GZA0-p91Jw,nashville
https://www.ubereats.com/nashville/food-delivery/poke-bros-nashville/q-_wHS5LT_-EJRRWG1OuTg,nashville
https://www.ubereats.com/nashville/food-delivery/rockn-dough-pizza-%26-brewery/u9DMohYxTWeW6URzPPlqDw,nashville
https://www.ubereats.com/nashville/food-delivery/wendys-2603-west-end-ave/Z0Mo_1xIQ8KVRvY3nsn5-A,nashville
https://www.ubereats.com/nashville/food-delivery/el-tapatio/m-ZWtMpASzunf6BhOa96Uw,nashville
https://www.ubereats.com/nashville/food-delivery/la-hacienda-mexican-restaurant-nashville-tn/CEEkEBxUSlOxJ_hP2QjfIg,nashville
https://www.ubereats.com/nashville/food-delivery/one-falafel/fXkp1kkrRx6nRUF-recqYA,nashville
https://www.ubereats.com/nashville/food-delivery/harolds-chicken/c4j5TR9mSYuanBM5aRYSug,nashville
https://www.ubereats.com/nashville/food-delivery/just-love-coffee-%26-eatery-the-gulch/Bu7zrNdoSdOSsWswt61nKA,nashville
https://www.ubereats.com/nashville/food-delivery/speedy-gonzalez-tacos-%26-thangs/gxYr-aaAQ3yjNiqHbPlfGg,nashville
https://www.ubereats.com/nashville/food-delivery/taco-bell-3121-dickerson-pike/3wJKrDneSmOJcca4vPwghA,nashville
https://www.ubereats.com/nashville/food-delivery/bar-b-cutie-harding-place/sbV1VfXbRX-mqu33F2uk3Q,nashville
https://www.ubereats.com/nashville/food-delivery/bj-hot-chicken/GqqRkYXOQdGKMEaFbaY0Vw,nashville
https://www.ubereats.com/nashville/food-delivery/nicolettos-italian-kitchen-east-nashville/y-QwykiIS3eE6ZnnY8Mg_g,nashville
https://www.ubereats.com/nashville/food-delivery/sub-depot-donelson/m6J3RQbkSLqFQcT8AICdQA,nashville
https://www.ubereats.com/nashville/food-delivery/kernels-gourmet-popcorn/9biKHa5_RDqIt3Rvc73G9A,nashville
https://www.ubereats.com/nashville/food-delivery/b1281-nashville/GXugGdxqRi6ccY9zl_ksrA,nashville
https://www.ubereats.com/nashville/food-delivery/super-subs-and-burgers/fChF3qIiQ-SmOWFLhkTlBg,nashville
https://www.ubereats.com/nashville/food-delivery/flemings-prime-steakhouse-%26-wine-bar-nashville/eMJGSzfIQACmMlC20KSrfA,nashville
https://www.ubereats.com/nashville/food-delivery/clean-plate-club/kZ0Gp-vARwOFagkXg2WB3A,nashville
https://www.ubereats.com/nashville/food-delivery/wild-wasabi/pFyK6TXjQ0iq23omLVa8Sw,nashville
https://www.ubereats.com/nashville/food-delivery/little-chicago-pizza-and-grill/5O6hnVmzRTup2cQCSersYQ,nashville
https://www.ubereats.com/nashville/food-delivery/roma-pizza-%26-pasta/g-XWHcgKQhK01nG8uea3bg,nashville
https://www.ubereats.com/nashville/food-delivery/taste-of-italy-downtown/7hjIhRuxQK2eY6BvBuhRxA,nashville
https://www.ubereats.com/nashville/food-delivery/international-house-of-sliders/I1sXW-uyTuWXjw84h9SIyw,nashville
https://www.ubereats.com/nashville/food-delivery/jets-pizza-25th-ave/ziw3Ocs2SyqYYQ_f3Z3E9A,nashville
https://www.ubereats.com/nashville/food-delivery/burger-king-454-murfreesboro-road/eX2LYxoRSnC5gU8pwEC8vA,nashville
https://www.ubereats.com/nashville/food-delivery/the-horn-coffee/nDgNj629QdGaH8BOWNXvqw,nashville
https://www.ubereats.com/nashville/food-delivery/arbys-4097-nolensville-pike/O92pIJ4-RE6GD5pUwFB40g,nashville
https://www.ubereats.com/nashville/food-delivery/subway-2120-rosa-l-parks-blvd/nNBf0oG2R3KnTEVAYobpaQ,nashville
https://www.ubereats.com/nashville/food-delivery/burgerim-2260-lebanon-pike/U4rjDo_bQIqmZGvJBEc2mg,nashville
https://www.ubereats.com/nashville/food-delivery/gyro-center/gtgspVHFS66L5tRDLLJU9g,nashville
https://www.ubereats.com/nashville/food-delivery/back-yard-burgers-elm-hill-pike/6T4hYgvoQTqjwyA-PfI-Og,nashville
https://www.ubereats.com/nashville/food-delivery/tikka-taj/Y1-tnibIRDaqGV_k1A5ihg,nashville
https://www.ubereats.com/nashville/food-delivery/papa-johns-136-gallatin-pike-south/qVovkyyzSnaYLe872z2ngQ,nashville
https://www.ubereats.com/nashville/food-delivery/clean-juice-3904-hillsboro-pike/xKwrXk13SgWWpukogQpYfg,nashville
https://www.ubereats.com/nashville/food-delivery/high-5-sports-bar-%26-grill/B33oBP0mQumXn7gvYSrr_g,nashville
https://www.ubereats.com/nashville/food-delivery/starbucks-west-end-ave-%26-30th-ave-so/pqXNsK2ESpGy8oAHSAPWrA,nashville
https://www.ubereats.com/nashville/food-delivery/jenis-splendid-ice-creams-21st-ave/tWIcy9M6T9elwIiYXPiRKQ,nashville
https://www.ubereats.com/nashville/food-delivery/mini-mart/y4J2VwIDR3KrghpxDxtUCw,nashville
https://www.ubereats.com/nashville/food-delivery/sir-pizza/w8jErs99SEaU3wQS4ksgxg,nashville
https://www.ubereats.com/nashville/food-delivery/franklin-juice-company-nashville/--LrknMES6SZBpO_bNEdEg,nashville
https://www.ubereats.com/nashville/food-delivery/crows-nest/iCdyor_6SRqwAlEmXoAEDg,nashville
https://www.ubereats.com/nashville/food-delivery/qdoba-2019-west-end-ave/ew8Rry6rRwOhZsrDJCsz4Q,nashville
https://www.ubereats.com/nashville/food-delivery/the-silli-potato/38Ig6h2zRPSru59hkhVxGw,nashville
https://www.ubereats.com/nashville/food-delivery/garden-fresh-food-market/f3EhAxSAQz-YDgHBlxpR3Q,nashville
https://www.ubereats.com/nashville/food-delivery/breakfast-lovers/2CApazfmQsOvvX9Uv4bQrw,nashville
https://www.ubereats.com/nashville/food-delivery/coneheads/yq4N9ZPES8S7LbOZZ9aC1A,nashville
https://www.ubereats.com/nashville/food-delivery/island-vibes-restaurant-%26-bar/lkaBkFeAQCyA199J_fbHsw,nashville
https://www.ubereats.com/nashville/food-delivery/bomb-burger/qjIec-HpSk6u_H1LyNPjJg,nashville
https://www.ubereats.com/nashville/food-delivery/sinema/jPeThZMLSba6RO26S8-wyw,nashville
https://www.ubereats.com/nashville/food-delivery/urban-cookhouse-nashville/QPNFmKPeQ5W44n1gcNvfSw,nashville
https://www.ubereats.com/nashville/food-delivery/hot-weenie/UuXYKYImQ2uBbigVD3AnMg,nashville
https://www.ubereats.com/nashville/food-delivery/beijing-vegetarian/by1Fz9gKQo2ZVhcrDPrXLw,nashville
https://www.ubereats.com/nashville/food-delivery/lucky-bamboo-china-bistro/6kslhzHCRPWKBFF4HtBhRg,nashville
https://www.ubereats.com/nashville/food-delivery/papa-johns-5728-charlotte-pike/GECvEqXeTfu37F2QmchCeg,nashville
https://www.ubereats.com/nashville/food-delivery/two-bits/4R3irMxGSmCXS4NmTRCiKA,nashville
https://www.ubereats.com/nashville/food-delivery/wings-plus/RHguaY59SPmAzU5317kkWw,nashville
https://www.ubereats.com/nashville/food-delivery/the-veggie-kitchen/08uIcUoIQ9W4Rwz3Pwhbow,nashville
https://www.ubereats.com/nashville/food-delivery/johans-calzone-shack/9A2X2o5hR4CL0gP59xFD4w,nashville
https://www.ubereats.com/nashville/food-delivery/bar-louie-nashville/2dtkWHrkTiGIAf6DUjzTZg,nashville
https://www.ubereats.com/nashville/food-delivery/five-daughters-bakery-east-nashville/xsp9XQY5Tx-i3Q7g0akV3A,nashville
https://www.ubereats.com/nashville/food-delivery/beijing-chinese/nP7GxxqBTke9IUXJ8nRUag,nashville
https://www.ubereats.com/nashville/food-delivery/mama-blanche/zL1Ec3s4SMuYsxptVDco6Q,nashville
https://www.ubereats.com/nashville/food-delivery/taco-bell-6540-charlotte-pike/A3zR9oUzSnCpNBq2P3bbdQ,nashville
https://www.ubereats.com/nashville/food-delivery/wing-shack/4LrYcYwDTPaaSPs76qzmXw,nashville
https://www.ubereats.com/nashville/food-delivery/taqueria-azteca/zW3TMGjnSuWRvriVrF6MLw,nashville
https://www.ubereats.com/nashville/food-delivery/8th-%26-roast-charlotte-ave/bTM5DjlmQBaY6fsROhDbug,nashville
https://www.ubereats.com/nashville/food-delivery/locos-tacos/me3iqtAxSGaRVbyKlgjrNg,nashville
https://www.ubereats.com/nashville/food-delivery/sams-kabob-gyro/ILI2LQCwTh-vdoPK4CbgkQ,nashville
https://www.ubereats.com/nashville/food-delivery/citgo-east-nashville/zE7CSBI2Sj-dBXiOY5l0cg,nashville
https://www.ubereats.com/nashville/food-delivery/raffertys-100-oaks/KdoSBWhfQSevJW8s181_gA,nashville
https://www.ubereats.com/nashville/food-delivery/the-nashville-hot-chicken-express/qhQB9OSmRReu4BkunoN2SQ,nashville
https://www.ubereats.com/nashville/food-delivery/the-nashville-smokehouse-express/u7R-h-GSS4qsFuAmglbhmA,nashville
https://www.ubereats.com/nashville/food-delivery/taco-bell-2101-rosa-l-parks-blvd/9c2hUTtrS7isVXZ2TTqe5w,nashville
https://www.ubereats.com/nashville/food-delivery/pasta-house-the-gulch/--5bnxD-QNuPhJYb0_zO4g,nashville
https://www.ubereats.com/nashville/food-delivery/red-lobster-1814-gallatin-road-n/zT5npSiIT_Sq1ejIqwveNg,nashville
https://www.ubereats.com/nashville/food-delivery/max-burger/HX_qrH0nRIekep_VUi2_8w,nashville
https://www.ubereats.com/nashville/food-delivery/jersey-mikes-subs-1706-gallatin-pike-n/OUhPTj_PQd2uanel94XCFA,nashville
https://www.ubereats.com/nashville/food-delivery/tenas-kabab-%26-grill/K_ory7tTSZCjrkAvh3mDHA,nashville
https://www.ubereats.com/nashville/food-delivery/captain-ds-3715-nolensville-road/_ho_mtYIRPaqqUgKxt83HA,nashville
https://www.ubereats.com/nashville/food-delivery/taco-bell-5709-edmonson-pike/-VEijBP9TxqV5Ep9A058-g,nashville
https://www.ubereats.com/nashville/food-delivery/mcdonalds-nash-charlotte-ave-47th/JOQsOp5ETb-smPQRSHs3eQ,nashville
https://www.ubereats.com/nashville/food-delivery/subway-3958-clarksville-pike/-7HPCbRXR0SKp8zbVm8jUw,nashville
https://www.ubereats.com/nashville/food-delivery/jets-pizza-green-hills/SKgoalL0TROrno6cJRrFZw,nashville
https://www.ubereats.com/nashville/food-delivery/pei-wei-4017-hillsboro-pike-suite-301/MpaPtsnGQQi464CY1Xx9BA,nashville
https://www.ubereats.com/nashville/food-delivery/maggie-moos-ice-cream-and-great-american-cookies/G-UdZXlGR6eBDQcAmU3rWA,nashville
https://www.ubereats.com/nashville/food-delivery/hattie-bs-chicken-midtown/g7GLOb9xR9ihUGRkL8Lb0A,nashville
https://www.ubereats.com/nashville/food-delivery/the-lostpaddy/Yf8iGURxTG609L_Gpc8Qgw,nashville
https://www.ubereats.com/nashville/food-delivery/nashvilles-indian-vegan-kitchen/6NoYL2ZDSbqGSwywR_9mxw,nashville
https://www.ubereats.com/nashville/food-delivery/wing-zone/1_bJvKmeTXCvEe5h_Xh03g,nashville
https://www.ubereats.com/nashville/food-delivery/subway-400-21st-ave-s/3tYi776DTSmO1hyQOU7iuw,nashville
https://www.ubereats.com/nashville/food-delivery/jenis-splendid-ice-cream-12th-south/yZ9s1XKbR0qb3lJWG9PqMQ,nashville
https://www.ubereats.com/nashville/food-delivery/outback-steakhouse-1560-gallatin-pike-north/l8LzkGPMSQS3zxHNL2X4fg,nashville
https://www.ubereats.com/nashville/food-delivery/nickys-coal-fired/zEmGUSYHTbmJ2pJyILJuDQ,nashville
https://www.ubereats.com/nashville/food-delivery/burger-bytes-nsh02-1/gn-2jrUvTkm37klZFm8-gw,nashville
https://www.ubereats.com/nashville/food-delivery/katies-meat-and-three/CMb0SQTCRtW-YQuepaK5cw,nashville
https://www.ubereats.com/nashville/food-delivery/chipotle-mexican-grill-6838-charlotte-pike/eh8uSt6GTwmI9l6u0b6uRA,nashville
https://www.ubereats.com/nashville/food-delivery/rays-pizza-%26-gyros/qeKoWXvuRFSd05-k2klv_w,nashville
https://www.ubereats.com/nashville/food-delivery/kitchen-at-the-gulch-the-gulch/0wL3tAFpSzSGmsa6RcYVBQ,nashville
https://www.ubereats.com/nashville/food-delivery/mafiaozas-12th-s/ZD_ChCgRTnCD6DS413Pw6w,nashville
https://www.ubereats.com/nashville/food-delivery/lucky-bastard-saloons-nashville-hot-chicken-shack/68bYNGJIR6u2OKanUfLo-Q,nashville
https://www.ubereats.com/nashville/food-delivery/mcdonalds-nashvl-murf-rd/6IYko2J6QgmqcmLBLtFq7Q,nashville
https://www.ubereats.com/nashville/food-delivery/santorini-greek-restaurant-downtown/n75v3NVnTQC6_PGf2hyuXg,nashville
https://www.ubereats.com/nashville/food-delivery/the-eastern-peak-downtown/e4RGjrkXQHCrz81ero631g,nashville
https://www.ubereats.com/nashville/food-delivery/greek-cafe-grill-nashville/DHwC4M4jSR2sjDuj8pYDmw,nashville
https://www.ubereats.com/nashville/food-delivery/caffe-nonna/hMI01rTrTu2b54BaZbFCkQ,nashville
https://www.ubereats.com/nashville/food-delivery/wingz-%26-friez/JO14Tt0fQTOa9uel1fMzYA,nashville
https://www.ubereats.com/nashville/food-delivery/helens-hot-chicken-madison/_sYoByRzQUeX-Op1Ke0dOQ,nashville
https://www.ubereats.com/nashville/food-delivery/phillyman-cheesesteak-llc/gnaK3VLVTyWUyI7NYbL8_w,nashville
https://www.ubereats.com/nashville/food-delivery/savory-sweets/MsUcjYKCTj-pxQY82TQiYQ,nashville
https://www.ubereats.com/nashville/food-delivery/the-chef-and-i/CNJ0bCrJQiyoMUwzJxTjig,nashville
https://www.ubereats.com/nashville/food-delivery/mestizos-mexican-cuisine/Y7KH4SKYTZixNWWLWo6OWw,nashville
https://www.ubereats.com/nashville/food-delivery/bella-nashville-pizzeria/LTYBPlYKSuqtWNcUHMyXow,nashville
https://www.ubereats.com/nashville/food-delivery/royal-thai-19th-ave-n/BTDIZPZhQvqe79DRXd04tw,nashville
https://www.ubereats.com/nashville/food-delivery/china-one/dVfc-TrHQnGnbhAbAoAQzQ,nashville
https://www.ubereats.com/nashville/food-delivery/amaravati-indian-cuisine/iM4osxZ_TaGTmh6DLEoOfw,nashville
https://www.ubereats.com/nashville/food-delivery/burger-king-2950-nolensville-road/P64NtOWaSBGeZSe3XbOuhA,nashville
https://www.ubereats.com/nashville/food-delivery/sbarro-200-commerce-st/iw0L_q0pQ-G2pxFFTzU1Lg,nashville
https://www.ubereats.com/nashville/food-delivery/mcdonalds-nashvl-dickerson/BcOOy5K6SLePEjwYx8txEQ,nashville
https://www.ubereats.com/nashville/food-delivery/dawghouse-saloon%60/2DQzAwPxRYm9fUt8RdXKpQ,nashville
https://www.ubereats.com/nashville/food-delivery/famous-daves-bbq-hickory-blvd/An3ob4WWS92T5OpJN5uwpQ,nashville
https://www.ubereats.com/nashville/food-delivery/meet-noodles-nashville/ZvfT1YIIQR2fYqFdcST0Ag,nashville
https://www.ubereats.com/nashville/food-delivery/panda-express-2534-powell-ave/2C38a1VsQkuYBpQON0wsXQ,nashville
https://www.ubereats.com/nashville/food-delivery/taco-bell-4000-nolensville-road/usYKISgaTWOqITM-k6l3-A,nashville
https://www.ubereats.com/nashville/food-delivery/safari-hookah-lounge/uBJJE6xtSUiVVi74LXEB3A,nashville
https://www.ubereats.com/nashville/food-delivery/smoothie-king-church-street/-j7k0Pk3Sq2pnvQ31LF11Q,nashville
https://www.ubereats.com/nashville/food-delivery/raes-gourmet-catering-%26-sandwich-shoppe/gAOKf6Q4S7CI2XmJakoqdQ,nashville
https://www.ubereats.com/nashville/food-delivery/ihop-3427/OacTqAftSFmVOuWewhwasw,nashville
https://www.ubereats.com/nashville/food-delivery/koftaky-grill/VI18NyCPRaC05Gk50SfhSg,nashville
https://www.ubereats.com/nashville/food-delivery/nuvo-burrito/SIcB-WtcQUC27XogOJG0hw,nashville
https://www.ubereats.com/nashville/food-delivery/khans-mongolian-bbq-and-sushi/NIv20TQsQ0Co9PIC39uVLw,nashville
https://www.ubereats.com/nashville/food-delivery/panda-express-2155-gallatin-pike-n/i8FMS84wRFK7xPWG5VqGBQ,nashville
https://www.ubereats.com/nashville/food-delivery/327-pizza-co/uq7noyzwRRW3yc5VzrcZaw,nashville
https://www.ubereats.com/nashville/food-delivery/chipotle-mexican-grill-2825-w-end-ave/XEFFENHPT_WULb8WBny_Mg,nashville
https://www.ubereats.com/nashville/food-delivery/demonbreun-kitchen/bO-3k2U7T7ClU6w3rS0q7w,nashville
https://www.ubereats.com/nashville/food-delivery/banh-mi-%26-roll-factory/CySKV-ymT4q8oPmFtjSK-g,nashville
https://www.ubereats.com/nashville/food-delivery/krystal-100-w-trinity-lane/9W2mF5NLSke7GXQ5cI1Wfw,nashville
https://www.ubereats.com/nashville/food-delivery/mcdonalds-nashvl-donelsn/VWZ2YIK_SQ2t2TxkOkHx7A,nashville
https://www.ubereats.com/nashville/food-delivery/pasta-amore/8dd3PHv4Q2Stz3u6oKu9Jw,nashville
https://www.ubereats.com/nashville/food-delivery/frothy-monkey-the-nations/XEU-N65tRm6HaG4D0POUnw,nashville
https://www.ubereats.com/nashville/food-delivery/east-nashville-beer-works/F7_yY90mQq6VuDRTScxDQQ,nashville
https://www.ubereats.com/nashville/food-delivery/juicy-seafood-gallatin-pike/HdQgHyZPSkWwEiIq7AeM0w,nashville
https://www.ubereats.com/nashville/food-delivery/taco-bell-5765-old-hickory-boulevard/c_n0KyDHT96iryDwnyw9QQ,nashville
https://www.ubereats.com/nashville/food-delivery/frothy-monkey-12-south/CLOic9EmT9i8CdosLGjmFA,nashville
https://www.ubereats.com/nashville/food-delivery/615-deli-nashville/n1VtlsIcQ0uJi21OW7S7sw,nashville
https://www.ubereats.com/nashville/food-delivery/the-nashville-jam-cafe/iAESLy_PQJqE7l5_8uTsYw,nashville
https://www.ubereats.com/nashville/food-delivery/no1-chinese/ul2s3Mr0TUOTP58kW3QNbw,nashville
https://www.ubereats.com/nashville/food-delivery/onboarding-sitar-indian-restaurant-the-gulch/ul55NMLFQsWp2b9BZwGvkA,nashville
https://www.ubereats.com/nashville/food-delivery/more-than-wings/yEdCUJaWRWqvOalTpXBNlQ,nashville
https://www.ubereats.com/nashville/food-delivery/ensalata-di-mirko/iCkauHoJS1CJQwXPz5PQ5Q,nashville
https://www.ubereats.com/nashville/food-delivery/kay-bobs-grill-%26-ale-music-row/GYX6VeGvQsm80-SVzAgqwQ,nashville
https://www.ubereats.com/nashville/food-delivery/wing-station/vgpMpfRtQgOsWT5ZHbF8lQ,nashville
https://www.ubereats.com/nashville/food-delivery/la-playa-mexican-restaurant/lTl4B5YYS0mp5-6I6zJFKQ,nashville
https://www.ubereats.com/nashville/food-delivery/ginos-east-nashville/FU5JzNJGTneGJrQSCPF7sQ,nashville
https://www.ubereats.com/nashville/food-delivery/tres-gauchos/IzdVbYOtRvmM_-ivfZ8QnA,nashville
https://www.ubereats.com/nashville/food-delivery/el-metate-mexican-restaurant/kzxvzHxcQJqjl3inepr_vg,nashville
https://www.ubereats.com/nashville/food-delivery/love-peace-%26-pho/LENFUQGZQfSQPRrXDSuy_g,nashville
https://www.ubereats.com/nashville/food-delivery/krispy-kreme-elliston-pl-%26-21st-ave-n/ILTdOHoVS8mmD7FvaBb9qA,nashville
https://www.ubereats.com/nashville/food-delivery/oscars-taco-shop-530-church-st/LCcBMqVUR16KMgjD7tYoWA,nashville
https://www.ubereats.com/nashville/food-delivery/indian-curry-paradise/ZrP_yFX0TYuW3TjU0FKWSw,nashville
https://www.ubereats.com/nashville/food-delivery/brugada-bar-and-restaurant/8mysG8joS9SU-jYHpsmd2g,nashville
https://www.ubereats.com/nashville/food-delivery/cinnabon-2623-scottsville/jgCkqxYCQ6O23o4ytTP7Kw,nashville
https://www.ubereats.com/nashville/food-delivery/panaderia-y-pasteleria-lopez/zw3eF5wsRJyKNnMwydKlbw,nashville
https://www.ubereats.com/nashville/food-delivery/castrillos-pizza-west-nashville/Xts8LmtsQfms0IlIFQzfYw,nashville
https://www.ubereats.com/nashville/food-delivery/santa-fe-cattle-company-donelson/mzMG7JHaTn2m9-2vcRh97w,nashville
https://www.ubereats.com/nashville/food-delivery/mama-taco-cita/c3w0Fj73QOaVZcMQgrUOnQ,nashville
https://www.ubereats.com/nashville/food-delivery/samurais-sushi-%26-korean-pub/SKJ90YAuR0G6txmzdD7JwQ,nashville
https://www.ubereats.com/nashville/food-delivery/winners-bar-and-grill/w1gdwU0xQUylrvHXYpX6tg,nashville
https://www.ubereats.com/nashville/food-delivery/panda-express-2740-elm-hill-pike/x31KxzTnQFyh6iEvCM8hZA,nashville
https://www.ubereats.com/nashville/food-delivery/rains-restaurant/rnpsxGk8RwKXFtuLTcogWw,nashville
https://www.ubereats.com/nashville/food-delivery/mcdonalds-nashvl-hillsboro/dRRzj1DsRyq7uH8SYx-Htw,nashville
https://www.ubereats.com/nashville/food-delivery/the-painted-cupcake/0H6x1IHuS5uhCSCWxy8jaw,nashville
https://www.ubereats.com/nashville/food-delivery/healthsushiexpress/WulsF_WpSFOClnR-KLNVRA,nashville
https://www.ubereats.com/nashville/food-delivery/chikuyo-tei/sbrnL_HkQlWW24VMJOs_QA,nashville
https://www.ubereats.com/nashville/food-delivery/stock-%26-barrel/q9wK0TW_QgGWF7D12Mm1Kw,nashville
https://www.ubereats.com/nashville/food-delivery/fazolis-1847-gallatin-pike-north/ccikcn5kQLy4i18o5JxKPQ,nashville
https://www.ubereats.com/nashville/food-delivery/sushi-88/jBVWb_f9QJmvK8bpYz0LSg,nashville
https://www.ubereats.com/nashville/food-delivery/roma-pizza-%26-pasta-nolensville-pk/dKVy0EdzTOWokh8qH9JDCQ,nashville
https://www.ubereats.com/nashville/food-delivery/taqueria-la-bendicion-%232/ZgfKLGgUT2CgfYh7efxtyg,nashville
https://www.ubereats.com/nashville/food-delivery/frutta-bowls/VWnImsgSR72gqxgxst2C3g,nashville
https://www.ubereats.com/nashville/food-delivery/killer-wings/pMAl-JyARGaPwpt06Bj7Og,nashville
https://www.ubereats.com/nashville/food-delivery/taco-bell-2384-lebanon-pike/cf38A384QkmtcNiNw_vjuQ,nashville
https://www.ubereats.com/nashville/food-delivery/marco-polos-pizzeria/L43lcT0kRe-9ahqDLRWzVA,nashville
https://www.ubereats.com/nashville/food-delivery/moes-southwest-grill-%23600-4326-harding-road-suite-101/YkDxsdVETC2IpeoMtqGZkg,nashville
https://www.ubereats.com/nashville/food-delivery/five-guys-tn-0253-2020-west-end/ZCS_L4qbS1uoRMYOGVWSBQ,nashville
https://www.ubereats.com/nashville/food-delivery/papa-johns-251-old-hickory-boulevard/7aTo0g-XT0Cni0JjhwHtYQ,nashville
https://www.ubereats.com/nashville/food-delivery/wendys-741-thompson-ln/1MiMGfTJTqS2oSjdQKUb4w,nashville
https://www.ubereats.com/nashville/food-delivery/donut-connection/9xG61G-6SN2o39SDzUiqlQ,nashville
https://www.ubereats.com/nashville/food-delivery/burger-republic-the-gulch/ieY2jV_kT1CWrphzBzRiWQ,nashville
https://www.ubereats.com/nashville/food-delivery/jets-pizza-721-gallatin-ave/_KDT0HqCS4-AtiKfw-IVqA,nashville
https://www.ubereats.com/nashville/food-delivery/carol-anns-homestyle-bbq/rgRYLVfJQhWwaneQ50Kh6g,nashville
https://www.ubereats.com/nashville/food-delivery/fresh-raps-and-smoothies/HvydKg33SSSIi6FrdI2H4A,nashville
https://www.ubereats.com/nashville/food-delivery/bella-napoli-pizzeria-music-row/tIz5TIWRSsGk33hKBSWwyA,nashville
https://www.ubereats.com/nashville/food-delivery/taco-bell-2904-gallatin-pike/FXWLUppfTMyFs5qisSuajw,nashville
https://www.ubereats.com/nashville/food-delivery/best-wok/2RuGAdmsSCaf2cqudV4NXw,nashville
https://www.ubereats.com/nashville/food-delivery/the-peanut-shop/qhfypbc4QLqQhGJPoMmx6Q,nashville
https://www.ubereats.com/nashville/food-delivery/oscars-taco-shop-west-nashville/4BXcsMoNR7WrOZ-AE_9xxw,nashville
https://www.ubereats.com/nashville/food-delivery/mcdonalds-nashville-tn-2612-franklin-pk/UAUDAyxWRWmfA903dLGH0g,nashville
https://www.ubereats.com/nashville/food-delivery/tin-roof-broadway/kvMo3AEQTcShEzVZIOJD6A,nashville
https://www.ubereats.com/nashville/food-delivery/the-slider-house/3cln5d5tRoO_Elz4_v5Ztw,nashville
https://www.ubereats.com/nashville/food-delivery/nashville-coffees/ATgP1GCNR-6oYySp7un7dg,nashville
https://www.ubereats.com/nashville/food-delivery/nobaked-cookie-doughnashville-28th-ave/F0_qK5oZT2GwEUvDc0LA5Q,nashville
https://www.ubereats.com/nashville/food-delivery/big-gs/ig6sTWADShKtfQJ2zeeDOg,nashville
https://www.ubereats.com/nashville/food-delivery/jeffersons/Sq-3MxzkSr2d14D7hIGAXQ,nashville
https://www.ubereats.com/nashville/food-delivery/china-wok/banxxgtoSaGM9OFV0T8x5g,nashville
https://www.ubereats.com/nashville/food-delivery/hooties-burger-bar-217-largo-dr/6NGQln3vQ0WpzAJSjwMh5w,nashville
https://www.ubereats.com/nashville/food-delivery/el-hornito-bakery/2b5YGdmUQxWSuZ3Ym4qmsg,nashville
https://www.ubereats.com/nashville/food-delivery/michaelangelos-pizza/pXtWvnpgTX6AX13v_seIiw,nashville
https://www.ubereats.com/nashville/food-delivery/castrillos-pizza-donelson/NBSWWwvHQZ6xI42PT7LNgw,nashville
https://www.ubereats.com/nashville/food-delivery/pizza-hut-1908-w-end-ave/5XniJ_NeTgW6uBRaqlWP5w,nashville
https://www.ubereats.com/nashville/food-delivery/fonda-el-cubilete/eXwAcTWMSHaY964rhCrI3w,nashville
https://www.ubereats.com/nashville/food-delivery/sportsmans-grille-nashville/XLA-ZTMVTwCwpl6Io2KPBA,nashville
https://www.ubereats.com/nashville/food-delivery/tnt-bbq/n-WGIB4TTaSL2c1gKCGXkg,nashville
https://www.ubereats.com/nashville/food-delivery/first-watch-green-hills/l1ZuY6FxQ0iqfwtSBV56-w,nashville
https://www.ubereats.com/nashville/food-delivery/panini-bread-cafe/6OuVnp-kQ7qipM4kCAqyJw,nashville
https://www.ubereats.com/nashville/food-delivery/bowtie-barista/br_9F0EQScqgsbv1GV5vHA,nashville
https://www.ubereats.com/nashville/food-delivery/rock-n-roll-sushi/jUbCr6IdQJGQF7AJ_adFQQ,nashville
https://www.ubereats.com/nashville/food-delivery/bubble-love/hdc1lmJkRQ-Cqfa9zv3szA,nashville
https://www.ubereats.com/nashville/food-delivery/mixed-grill-cafe-south-nashville/pnuNjckeQDOeaI5j4SFfBA,nashville
https://www.ubereats.com/nashville/food-delivery/popeyes-murfreesboro-pike/QKMkdD6aR8aRUks3Knxkvw,nashville
https://www.ubereats.com/nashville/food-delivery/nicolettos-italian-kitchen-hillsboro/436stuScQQeZnHCJJERFIA,nashville
https://www.ubereats.com/nashville/food-delivery/taqueria-el-valiente/b69cYMbRQomZKxvpzB98tQ,nashville
https://www.ubereats.com/nashville/food-delivery/california-pizza-kitchen-4031-hillsboro-pike-ste-901/EgWQKpjQRv2tZ2u61wBzhw,nashville
https://www.ubereats.com/nashville/food-delivery/ml-rose-craft-beer-%26-burgers-melrose/aa2pgPdKTHemvMkJLd41kQ,nashville
https://www.ubereats.com/nashville/food-delivery/hot-buns-llc/mkuKpZx-RayiMWMm5ZfYEA,nashville
https://www.ubereats.com/nashville/food-delivery/gyros-king/4qrjifJ0QoKMpQ7Z9SD2aA,nashville
https://www.ubereats.com/nashville/food-delivery/piccadilly-cafeteria/GErZZfouTyCGXD5sI935XA,nashville
https://www.ubereats.com/nashville/food-delivery/suzy-wongs-house-of-yum/HLxti0Q9TG63dY1QdARSlg,nashville
https://www.ubereats.com/nashville/food-delivery/7-mares-mexican-restaurant/P_tNuzQoQ6OOS9X3wOswew,nashville
https://www.ubereats.com/nashville/food-delivery/the-stillery/N_Flw-8xSQez8fugOz5EmQ,nashville
https://www.ubereats.com/nashville/food-delivery/pizza-hut-3116-dickerson-rd/d3xOnRC-QHWyktMsQVsc3Q,nashville
https://www.ubereats.com/nashville/food-delivery/colts-chocolate/1efneIVQRSGAJrxjpPVIAw,nashville
https://www.ubereats.com/nashville/food-delivery/ali-baba-restaurant/xdIbILEXQyC7899vokza0Q,nashville
https://www.ubereats.com/nashville/food-delivery/subway-downtown-nashville/DdzfQTGRTzy_niE5Dyh4pQ,nashville
https://www.ubereats.com/nashville/food-delivery/hooks-seafood-kitchen-bellevue/V2see9s5QNypSFYnM8skKg,nashville
https://www.ubereats.com/nashville/food-delivery/auntie-annes-138-opry-mills-dr/m_XzwvgoT9W850CahSNOeQ,nashville
https://www.ubereats.com/nashville/food-delivery/rays-pizza-%26-gyros/sPPeIMJITlyuczvORU9i8Q,nashville
https://www.ubereats.com/nashville/food-delivery/ruby-sunshine-hillsboro/8vO6d673SHy7okg8GUDfLQ,nashville
https://www.ubereats.com/nashville/food-delivery/pancho-%26-leftys-cantina/OxKc2KMsQ8GphVKZuHMdvg,nashville
https://www.ubereats.com/nashville/food-delivery/von-elrods-beer-hall-%26-kitchen/IfiM357TTRSIEnuS7968Wg,nashville
https://www.ubereats.com/nashville/food-delivery/nomnivore!-sushi-et-cetera/c7MH0pUFQi2DD9XS99VAOg,nashville
https://www.ubereats.com/nashville/food-delivery/tazza/Nd-s3aM2TDyTjZPEck2Frw,nashville
https://www.ubereats.com/nashville/food-delivery/bakersfield-nashville/gIpxHIUcSzOowglJ9xf9Qg,nashville
https://www.ubereats.com/nashville/food-delivery/taco-bell-4442-lebanon-road/GwRnDOv7SECo8R2QwxO9ig,nashville
https://www.ubereats.com/nashville/food-delivery/porta-via-restorante-e-bar/QnGUkSuLR16ImuSKokVS5Q,nashville
https://www.ubereats.com/nashville/food-delivery/new-york-pizza-cafe/qqxGeguoTRSbf6aznwV7QA,nashville
https://www.ubereats.com/nashville/food-delivery/burger-king-728-gallatin-road/OPm3vrPdQOK39bjOlWc4Zg,nashville
https://www.ubereats.com/nashville/food-delivery/hopsmith-tavern/gv7kkDZOTp2KsCAHhJHx5g,nashville
https://www.ubereats.com/nashville/food-delivery/mcdonalds-nash-gallatin-rd/UWpwqW1lQ9ewEXvqFNi3tw,nashville
https://www.ubereats.com/nashville/food-delivery/till-five-wings/PQhUKq2eSBSJi5L00D64bA,nashville
https://www.ubereats.com/nashville/food-delivery/taqueria-la-bendicion/PTtCIkzbTouevftQ2Q7CVQ,nashville
https://www.ubereats.com/nashville/food-delivery/athens-family-restaurant/t15SQBr_T5KBJ3hbgNaPXg,nashville
https://www.ubereats.com/nashville/food-delivery/giovanni-west/dM0fXJtlRI-ECY1IUw2J5A,nashville
https://www.ubereats.com/nashville/food-delivery/masala-%26-curry/R3-yqxTcQJKRghiHUMu4Og,nashville
https://www.ubereats.com/nashville/food-delivery/wing-basket-brentwood/C08FFDJHSg-SMDqqWbL5IQ,nashville
https://www.ubereats.com/nashville/food-delivery/hopdoddy-burger-bar-nashville/_n1y41SaSLe8sS6dQCrThQ,nashville
https://www.ubereats.com/nashville/food-delivery/taco-bell-529-donelson-pike/gGQpQR7ESXeCAiEAiuH0vg,nashville
https://www.ubereats.com/nashville/food-delivery/horus-restaurant/oHxkfoanRRqlEg1PMkO4ig,nashville
https://www.ubereats.com/nashville/food-delivery/ocharleys-17-white-bridge-road/7iivAHnYSBu9g6gakMvyCA,nashville
https://www.ubereats.com/nashville/food-delivery/trattoria-il-mulino/7AzRTFkNRmiy4_Iksqv7YA,nashville
https://www.ubereats.com/nashville/food-delivery/jersey-mikes-subs-elliston-place/DvK766PCTayCldBB3zxEvw,nashville
https://www.ubereats.com/nashville/food-delivery/rockys-wing-shack/YayVtZxEQL2Bf_2luVA3iA,nashville
https://www.ubereats.com/nashville/food-delivery/panda-express-455-opry-mills-dr/fo0MtqJWRJiaOMOdxnOZag,nashville
https://www.ubereats.com/nashville/food-delivery/big-rollers/uymS795eRBORjstgS5g02Q,nashville
https://www.ubereats.com/nashville/food-delivery/buffalo-wild-wings-6816-charlotte-pike-ste-110/XISHsLHkRk6Q11QGdy-uaw,nashville
https://www.ubereats.com/nashville/food-delivery/kfc-541-donelson-pike/rasBALM3QDi4VlkUHbs_TA,nashville
https://www.ubereats.com/nashville/food-delivery/phillyman-arcade-alley/3HuJySIvSoeMOFei9oQIzA,nashville
https://www.ubereats.com/nashville/food-delivery/party-fowl-donelson/ncL3HgBJSBKjt3S2Kt3gBg,nashville
https://www.ubereats.com/nashville/food-delivery/outback-steakhouse-5582-old-hickory-boulevard/uaVZuPKFR8KV9LJngZxm9g,nashville
https://www.ubereats.com/nashville/food-delivery/keiks-kitchen-%26-catering/NSHsOzSiQ0iBPiJgCNNUvQ,nashville
https://www.ubereats.com/nashville/food-delivery/crab-fever/hGAgl87OQQie_k4ypDpTQA,nashville
https://www.ubereats.com/nashville/food-delivery/sonic-3115-clarksville-pike/Bpn7jRIeQfuC-xNq49wi0Q,nashville
https://www.ubereats.com/nashville/food-delivery/abyssinia-ethiopia-restaurant/1T6NUpLeTNy87v__bR3snA,nashville
https://www.ubereats.com/nashville/food-delivery/chipotle-mexican-grill-3900-hillsboro-pike-ste-28/VB7VvNg4Q-mWr6R8LrBdXQ,nashville
https://www.ubereats.com/nashville/food-delivery/chicago-style-gyros-7/8yTT1ljFTCSJ5YAtk7BxGg,nashville
https://www.ubereats.com/nashville/food-delivery/margherita-pizza/HreuOjciQVyYHIrwO-bonA,nashville
https://www.ubereats.com/nashville/food-delivery/castrillos-pizza-east-nashville/R_dkpRuIRSm29JRONJJEcQ,nashville
https://www.ubereats.com/nashville/food-delivery/cafe-coco/kZXbUREQRq-YM9jwQX3X-Q,nashville
https://www.ubereats.com/nashville/food-delivery/bartella-dessert-and-coffee-shop/01blmZVjR6ur9mxJL7iUGw,nashville
https://www.ubereats.com/nashville/food-delivery/five-guys-tn-1490-7047-us-70s/mvSkeHJhR3O8rn4Yd6cEiw,nashville
https://www.ubereats.com/nashville/food-delivery/the-urban-juicer-downtown/Z4W1PT0sTMCBixqhRRGojg,nashville
https://www.ubereats.com/nashville/food-delivery/mortons-the-steakhouse-618-church-st/tC2qKogUQXebLSnNF9VOFw,nashville
https://www.ubereats.com/nashville/food-delivery/mirko-pasta-donelson/lW4fXIMuQ_CzRAr1DEe8hQ,nashville
https://www.ubereats.com/nashville/food-delivery/arbys-1779-gallatin-rd-n/DTkk5-YST-2qxzVnQyoMkA,nashville
https://www.ubereats.com/nashville/food-delivery/chicago-style-gyro-sylvan-park/c1aP6Yy_TZuYVAUw75wtTg,nashville
https://www.ubereats.com/nashville/food-delivery/pizza-rev-nashville/zSKb08psRC2j17Gu1sBUEQ,nashville
https://www.ubereats.com/nashville/food-delivery/marleys-market-%26-restaurant/9wG1NQSNQJazfhVd-8ycGQ,nashville
https://www.ubereats.com/nashville/food-delivery/the-fountain-of-juice-the-nations/oFiIOp4AQ2-fY9vQytn4sQ,nashville
https://www.ubereats.com/nashville/food-delivery/the-marble-slab-creamery/AppBj6JSQ4-jBlywXm_BLA,nashville
https://www.ubereats.com/nashville/food-delivery/zoes-kitchen-4015-hillsboro-pike-ste-110/2w2Dl9NqTN-td9YFOlZ1ww,nashville
https://www.ubereats.com/nashville/food-delivery/pizza-hut-2700-gallatin-rd/pfGdQ2qrRk-EbvbP1m91qQ,nashville
https://www.ubereats.com/nashville/food-delivery/kohana-japanese-restaurant-belle-meade/nKWxTt1eQVWkS99lMYCAFQ,nashville
https://www.ubereats.com/nashville/food-delivery/giovanni-ristorante/hnWLlo37TTuCY71v_xnLSQ,nashville
https://www.ubereats.com/nashville/food-delivery/camion-chino/4iioopGLRqiT7PY6WZSpDA,nashville
https://www.ubereats.com/nashville/food-delivery/five-guys-tn-0366-330-franklin-rd/2oBXiz75SCuf9RacbeQu-g,nashville
https://www.ubereats.com/nashville/food-delivery/helens-hot-chicken/jMgaUHGuTciqUVdOuKRtjw,nashville
https://www.ubereats.com/nashville/food-delivery/the-happy-taco/LmONeG67RguXmUFNf4UYrg,nashville
https://www.ubereats.com/nashville/food-delivery/jack-in-the-box-5615-charlotte-pike/jjgneZygR0KEbtYoFzfEfA,nashville
https://www.ubereats.com/nashville/food-delivery/los-nietos-taqueria/9PSoOXFhSLyIdaLSwoopSg,nashville
https://www.ubereats.com/nashville/food-delivery/tennfold-brewing-nashville/uE5YTvR2QS6M1j_kISQ0ew,nashville
https://www.ubereats.com/nashville/food-delivery/pho-ann/qysyihlFQC6vfTl_jsxuyg,nashville
https://www.ubereats.com/nashville/food-delivery/memphis-wings-615/8DCOUwA2SfewhuTlCX9rsA,nashville
https://www.ubereats.com/nashville/food-delivery/bombay-palace-vanderbilt/tkoTNmsJT-KUZ28Q5ScARQ,nashville
https://www.ubereats.com/nashville/food-delivery/legins-house-of-seafood/h1dehiETQLOxk5lQ3v3Ahw,nashville
https://www.ubereats.com/nashville/food-delivery/butcher-%26-bee/fwQHaeAmTeW5VrZv5lWSYQ,nashville
https://www.ubereats.com/nashville/food-delivery/pennepazze/sFe6PvT0QXOahmnh8KEZKg,nashville
https://www.ubereats.com/nashville/food-delivery/hooters-hermitage/-3SPtHV0Th2WnQ4zNStyUg,nashville
https://www.ubereats.com/nashville/food-delivery/the-mockingbird-nashville/Qwobk00qRdSe5kq54wT-NA,nashville
https://www.ubereats.com/nashville/food-delivery/sams-pizza-house/-M0T7EyrRaisCiuAQaq6Vw,nashville
https://www.ubereats.com/nashville/food-delivery/whiskey-kitchen/qK-79tFIRAa-26oqP7rljw,nashville
https://www.ubereats.com/nashville/food-delivery/kitchen-west-side/QJZEpr6tTOasSxdDrRD9WQ,nashville
https://www.ubereats.com/nashville/food-delivery/sandwich-masters/JniBBQG-TESq0ONkkJxYzw,nashville
https://www.ubereats.com/nashville/food-delivery/south-side-kitchen-%26-pub/2bcIO393QfWwU8WBlGTTog,nashville
https://www.ubereats.com/nashville/food-delivery/bar-b-cutie-donelson/r-FyxAUNRFeheIrQZpVdDA,nashville
https://www.ubereats.com/nashville/food-delivery/starbucks-the-mall-at-green-hills/XVZlb7SySp2AGIGEG1ZfLA,nashville
https://www.ubereats.com/nashville/food-delivery/dairy-queen-grill-%26-chill-1209-gallatin-pike-s/B5P5sdFWR92swI-jc03DDA,nashville
https://www.ubereats.com/nashville/food-delivery/woodlands-indian-cuisine/ISXV_IdyTAuW9h_DStHH5g,nashville
https://www.ubereats.com/nashville/food-delivery/roma-pizza-%26-pasta-west-end/th_s_TExRrGVx3vRTYg4PA,nashville
https://www.ubereats.com/nashville/food-delivery/mikes-sandwich-deli/pOwHFxgoTDuJpECs3SGMdQ,nashville
https://www.ubereats.com/nashville/food-delivery/papacito-nashville/Psq8ZIwORLaFCF2g5JHm8A,nashville
https://www.ubereats.com/nashville/food-delivery/dandrews-bakery-%26-cafe/iHSGE2kNTJu79wlhHEdN0Q,nashville
https://www.ubereats.com/nashville/food-delivery/new-china-450-donelson-pike/42B_gJRYTPO-XDOXrhJgkQ,nashville
https://www.ubereats.com/nashville/food-delivery/neighbors-of-sylvan-park/Azf1GGWYRGm8tdICdK4Qig,nashville
https://www.ubereats.com/nashville/food-delivery/wendys-3021-gallatin-rd/9OYtuQD2TVagt6pLQorK9w,nashville
https://www.ubereats.com/nashville/food-delivery/mcdonalds-nash-i440-%26-nolensville-rd/vv-MN4Z5Q26xySS4a2t-jg,nashville
https://www.ubereats.com/nashville/food-delivery/slim-%26-huskys-pizza-beeria-nashville/IWQ3VrasQkOLtp2py6iVcw,nashville
https://www.ubereats.com/nashville/food-delivery/miss-saigon-restaurant/9UYD4lkcSpWRq4X7NDtCnQ,nashville
https://www.ubereats.com/nashville/food-delivery/papa-johns-2316-west-end-avenue/c88vNpcgS3-8r1cOSShwYA,nashville
https://www.ubereats.com/nashville/food-delivery/burger-joint-nashville/o7A0Huo3TkmuekHYmqriTg,nashville
https://www.ubereats.com/nashville/food-delivery/valentinos-ristorante/R6AxjU_QRMytlw7lJw9CRw,nashville
https://www.ubereats.com/nashville/food-delivery/edleys-bar-b-que-sylvan-park/mNsy5qHQQyW-W71Djzy2PQ,nashville
https://www.ubereats.com/nashville/food-delivery/get-baked-wings-n-munchies-east-nashville/l6XghLQPTdmRZCkfrIwhhg,nashville
https://www.ubereats.com/nashville/food-delivery/caesars-italian-restaurant/0T71fKIXQa26x04VhfKwjQ,nashville
https://www.ubereats.com/nashville/food-delivery/stk-nashville/ObneotgjQbKTzASARBQI7w,nashville
https://www.ubereats.com/nashville/food-delivery/emmy-squared-gulch/qMr1zfScRPiLk_2LtSPq9A,nashville
https://www.ubereats.com/nashville/food-delivery/double-dogs-sylvan-heights/Q1HStOFxR9CeC9oywsj8mA,nashville
https://www.ubereats.com/nashville/food-delivery/wraps-station/rzkJNgMRSaethnQd73KMqQ,nashville
https://www.ubereats.com/nashville/food-delivery/sitar/DOFBcuyxQ0WRtzLtnwQxhw,nashville
https://www.ubereats.com/nashville/food-delivery/taco-bell-1117-gallatin-pike-s/HZK-8nIiRXC0r2kPckY4aA,nashville
https://www.ubereats.com/nashville/food-delivery/belen-restaurant-y-mercado/3Q8zBm-0RSmapJpVWVg3WQ,nashville
https://www.ubereats.com/nashville/food-delivery/the-urban-juicer-charlotte/1xpSWI9yTvigSlI_GsEQEA,nashville
https://www.ubereats.com/nashville/food-delivery/dairy-queen-grill-%26-chill-west-end-square-3404-w-end-a/g_R0PhRcSjSieYPPIa8s2Q,nashville
https://www.ubereats.com/nashville/food-delivery/cakepop-heaven/pwjvbZP4Srq3p0ZFToFm4w,nashville
https://www.ubereats.com/nashville/food-delivery/krispy-kreme-thompson-lane/9BiqABQdRcm-e6Ykp7ZGKg,nashville
https://www.ubereats.com/nashville/food-delivery/burger-king-5320-charlotte-avenue/V3sC9zehT3uUIbUI2AWo2g,nashville
https://www.ubereats.com/nashville/food-delivery/till-five-burgers-%26-subs/t6_i1UUBQmWv85RmM0EO2w,nashville
https://www.ubereats.com/nashville/food-delivery/sushiyobi-the-gulch/NIcnR8T7SAuEN385J1tLQg,nashville
https://www.ubereats.com/nashville/food-delivery/burger-king-1501-charlotte-avenue/5848HIlbR--H8uC-DiXaXw,nashville
https://www.ubereats.com/nashville/food-delivery/donut-distillery/xaltf8TNS4uKIRk3MaoK3Q,nashville
https://www.ubereats.com/nashville/food-delivery/greek-cafe-grill-brentwood/PFTcqAzjQxm9s2x4p5mNXQ,nashville
https://www.ubereats.com/nashville/food-delivery/jenis-splendid-ice-creams-east-nashville/hDvhP5KDSFK4JTb8cpUnCA,nashville
https://www.ubereats.com/nashville/food-delivery/gz-bbq-lower-east/Jxo8omT2SS23AWNE4fyJCQ,nashville
https://www.ubereats.com/nashville/food-delivery/la-cocina-dominicana-restaurant/fygVqCxAT2WUlDiCwjeIgg,nashville
https://www.ubereats.com/nashville/food-delivery/party-fowl/c9eDpk0ESm6rNso7mVRqnA,nashville
https://www.ubereats.com/nashville/food-delivery/michaelangelos-west-nashville/WA8yZTwUQWGh9zMDSSHM9Q,nashville
https://www.ubereats.com/nashville/food-delivery/taco-bell-4300-harding-rd/RqQJn-WASAi3lbQXLmLquQ,nashville
https://www.ubereats.com/nashville/food-delivery/city-winery-nashville/FvSVjwjARTeFN3rwmo3lQg,nashville
https://www.ubereats.com/nashville/food-delivery/sobro-sports-bar-and-grill/QP6Ox3_rS3GyfY9XR6w2Ug,nashville
https://www.ubereats.com/nashville/food-delivery/riddim-n-spice/8_Tr_fuURJutip9PrIzAEA,nashville
https://www.ubereats.com/nashville/food-delivery/pinewood/NmVsQT2QSRe5VhKIAFZBxA,nashville
https://www.ubereats.com/nashville/food-delivery/tin-roof-demonbreun/k62KNBR-Tw6lBoZ8KOVxXA,nashville
https://www.ubereats.com/nashville/food-delivery/hattie-bs-melrose/VAa3g-HLR_C2OccrTwBIow,nashville
https://www.ubereats.com/nashville/food-delivery/the-cupcake-collection/DDFjIYl_TbW0IvNR0Rry9Q,nashville
https://www.ubereats.com/nashville/food-delivery/commodore-grille/03Oy6GsERaCR0Cr1g9POZg,nashville
https://www.ubereats.com/nashville/food-delivery/ihop-3326/WHMPYLjvRZ2W4s95l8pRrw,nashville
https://www.ubereats.com/nashville/food-delivery/belcourt-taps/MCk_wQQkRzmMryzRCwWPFg,nashville
https://www.ubereats.com/nashville/food-delivery/saucey-baby-615/PUX-ZZ-ERWagTF-QNU0aAA,nashville
https://www.ubereats.com/nashville/food-delivery/ts-tackle-box-r-%26-b-market/ioI5lMAnT1eI_W1OEBotaw,nashville
https://www.ubereats.com/nashville/food-delivery/the-404-kitchen/meKOxvquSFOadZMi6XCijw,nashville
https://www.ubereats.com/nashville/food-delivery/hoagies-and-sides/JLChim4MRw6WOGPH_SHGXg,nashville
https://www.ubereats.com/nashville/food-delivery/twin-kegs-ii/1cxbH7H8Rr2Dl0E53whpFA,nashville
https://www.ubereats.com/nashville/food-delivery/pasta-house-donelson-vr/kHjIxgipQRKAS1dEKHZvKA,nashville
https://www.ubereats.com/nashville/food-delivery/honest-coffee-roasters/8PPYSI-yRXeMAf4yci3RSQ,nashville
https://www.ubereats.com/nashville/food-delivery/kfc-415-gallatin-pike-north/G2IWsbGmSiGcqe77JH4uXA,nashville
https://www.ubereats.com/nashville/food-delivery/sandwich-bistro-donelson/llPAD8QlTsOlOenGcqnk1A,nashville
https://www.ubereats.com/nashville/food-delivery/pink-box-donuts/SeoTnO69Sk6XSI7M-NfCDQ,nashville
https://www.ubereats.com/nashville/food-delivery/desano-pizza-bakery-the-gulch/cGH567iLSQuODAKTjgWzIQ,nashville
https://www.ubereats.com/nashville/food-delivery/music-city-crepes/0T945ZtrS1-G1UeEbVaNGA,nashville
https://www.ubereats.com/nashville/food-delivery/delicias-colombiana-rr/Vgmt_3GfT4uBmBsmWBC89Q,nashville
https://www.ubereats.com/nashville/food-delivery/chauhan-ale-%26-masala-house-the-gulch/VUlteZXRTx-S2QUqq_Qflg,nashville
https://www.ubereats.com/nashville/food-delivery/wendys-3131-dickerson-road/ACpS7m-oRHuHcd4Q7KpPdw,nashville
https://www.ubereats.com/nashville/food-delivery/papa-johns-2745-lebanon-pike/-GBxLb6fTm2_ESk43lXX9A,nashville
https://www.ubereats.com/nashville/food-delivery/win-bubble-tea/ZPR5KeODRkOfLflZZd2opQ,nashville
https://www.ubereats.com/nashville/food-delivery/the-jam-coffeehouse/yE5QuBLbQSCF_BMIzni_ig,nashville
https://www.ubereats.com/nashville/food-delivery/jimbos-sushi-%26-korean-food-arcade-alley/M0Hh9m8dTiCLKyLTDW8k8w,nashville
https://www.ubereats.com/nashville/food-delivery/subway-2420-gallatin-rd/4ROrMxmxTH-HpkGDhDp0ug,nashville
https://www.ubereats.com/nashville/food-delivery/killer-wings/qB3PniiCRH6wbqTAvgAeKg,nashville
https://www.ubereats.com/nashville/food-delivery/jonathans-grille-717-3rd-ave/ljrB6gp0SsKB0YCI02kUJg,nashville
https://www.ubereats.com/nashville/food-delivery/wing-city/1BBoE2YdTQuBM6eij3FrMw,nashville
https://www.ubereats.com/nashville/food-delivery/subway-705-main-st/_0Pjl9j-TRG4wn1UlndykQ,nashville
https://www.ubereats.com/nashville/food-delivery/the-hot-italian/U_C-ZoQdRjSPojTmcTypDQ,nashville
https://www.ubereats.com/nashville/food-delivery/the-chef-%26-i-south-nashville/uap026Y2RTCg6ML7feOguQ,nashville
https://www.ubereats.com/nashville/food-delivery/mi-colombia-restaurant/yI3af639TGW3ffTO4qh2-A,nashville
https://www.ubereats.com/nashville/food-delivery/bar-b-cutie-south-nashville/G6FteY2oR2udNZ3ts9VbyQ,nashville
https://www.ubereats.com/nashville/food-delivery/mellow-mushroom-nashville-vanderbilt/gtdm4X5HTpOP4WMmKopcVw,nashville
https://www.ubereats.com/nashville/food-delivery/tacos-y-mariscos-lopez-%232/hbm9Q7HESrCPHOwCO6H1jQ,nashville
https://www.ubereats.com/nashville/food-delivery/chipotle-mexican-grill-96-white-bridge-rd-ste-103/-56-BnLsTCeUKLZ8zySNmA,nashville
https://www.ubereats.com/nashville/food-delivery/scoreboard-bar-and-grill/gw2gT510Sy-liV1FhbUPiA,nashville
https://www.ubereats.com/nashville/food-delivery/firebirds-wood-fired-grill-700-old-hickory-blvd/dERgkTCFTy-q8gTo9wsyLg,nashville
https://www.ubereats.com/nashville/food-delivery/lentil-vegetarian-cuisine/RbX7udT5TtqKpgtVs40JrA,nashville
https://www.ubereats.com/nashville/food-delivery/dierks-bentleys-whiskey-row-nashville/74N_3876Q72V6ze4s57gKA,nashville
https://www.ubereats.com/nashville/food-delivery/mane-%26-rye-hutton-hotel/Btd9g0MhTMWkygdUknEwkQ,nashville
https://www.ubereats.com/nashville/food-delivery/phat-philly-cheesesteaks/gSNgPbmYTpO2SuYyqPfYOQ,nashville
https://www.ubereats.com/nashville/food-delivery/just-wing-it/B9EWrWSKT-6PGdq1gcfODA,nashville
https://www.ubereats.com/nashville/food-delivery/arbys-919-gallatin-rd-s/mqDa93wjSWuW7avrMgUGnQ,nashville
https://www.ubereats.com/nashville/food-delivery/mcdonalds-nash-524-murf-rd/WOhz4qCLRwmN1zInq9dY6Q,nashville
https://www.ubereats.com/nashville/food-delivery/417-union-downtown/ZjYexBdHSpSKbZUF5vFKFA,nashville
https://www.ubereats.com/nashville/food-delivery/hooters-2nd-ave-n-%26-church-st/vMZoYb13RMyg1EBv95fNIw,nashville
https://www.ubereats.com/nashville/food-delivery/degthai/vXwuMs1WQ0-UdBtljNgSbQ,nashville
https://www.ubereats.com/nashville/food-delivery/rosemary/4cpAx6NrSVuYpL9l8LBh2A,nashville
https://www.ubereats.com/nashville/food-delivery/mcdonalds-nashville-brick/oZZG3hmOQHe7qr6fT6IZ2Q,nashville
https://www.ubereats.com/nashville/food-delivery/zitis-cuisine/JsTx8jY2TGuie_aqFH9EaQ,nashville
https://www.ubereats.com/nashville/food-delivery/chatime/p1GEI0GtQdOJkRByyhu8Cg,nashville
https://www.ubereats.com/nashville/food-delivery/hooters-rivergate/rLCj0zXERlSBXkKf5yl_pg,nashville
https://www.ubereats.com/nashville/food-delivery/frothy-monkey-downtown/IVuSb1sJSJCLtBZSCsh7HA,nashville
https://www.ubereats.com/nashville/food-delivery/cracker-barrel-old-country-store-6941-charlotte-pike/2xgVViuwRlGpYhVWQJSUtg,nashville
https://www.ubereats.com/nashville/food-delivery/lebanon-nights/MxTC6HD_Rva__6Y7yEywTw,nashville
