url,city
https://www.ubereats.com/new-jersey/food-delivery/mr-pizza-and-fried-chicken/OPW_yon1Rsi8V7zEn1YVJA,neptune-new-jersey
https://www.ubereats.com/new-jersey/food-delivery/surf-taco-wall/JFCX-A1pQ8KcLuTEC79l1Q,neptune-new-jersey
https://www.ubereats.com/new-jersey/food-delivery/barelis-by-the-sea-ocean-ave/HUY8ujKcRxK7tjpD_C__YA,neptune-new-jersey
https://www.ubereats.com/new-jersey/food-delivery/wings-and-more-new-jersey/aoyBHkJyTTWuNNl66m6MqQ,neptune-new-jersey
https://www.ubereats.com/new-jersey/food-delivery/the-juice-theory-long-branch/_kEfMTl4QXC_rGwgrCANIQ,neptune-new-jersey
https://www.ubereats.com/new-jersey/food-delivery/rice-asian-cuisine/3a3rHEwoTIqLFDvTffj1xg,neptune-new-jersey
https://www.ubereats.com/new-jersey/food-delivery/shake-shack-180-new-jersey-35s/gVhkdqhvQnanH-JO25UUAw,neptune-new-jersey
https://www.ubereats.com/new-jersey/food-delivery/the-porch-ocean-grove/GfAs4GjdTd21QMaeDHLSmw,neptune-new-jersey
https://www.ubereats.com/new-jersey/food-delivery/osaka-japanese-restaurant/kdnXG_TuQ_-M1TkOqw6gYQ,neptune-new-jersey
https://www.ubereats.com/new-jersey/food-delivery/surf-taco-belmar/HTLEJwAMSLWi6KBnCfT2fw,neptune-new-jersey
https://www.ubereats.com/new-jersey/food-delivery/taco-bell-2407-nj-35/dfCB6DOuTn2OcC_kTcHRgQ,neptune-new-jersey
https://www.ubereats.com/new-jersey/food-delivery/jersey-mikes-subs-500-main-st/TYtCQWmPSKKYri-ArlOQDw,neptune-new-jersey
https://www.ubereats.com/new-jersey/food-delivery/the-captains-boil-180-state-route-35/1oHDp5wWTbmEgyI3uCZxyw,neptune-new-jersey
https://www.ubereats.com/new-jersey/food-delivery/surf-taco-manasquan/qkCsmz-3Qwy04s6bFzT8lA,neptune-new-jersey
https://www.ubereats.com/new-jersey/food-delivery/bing-deli/UqqqTTpQRg-6j6k-gEFrEg,neptune-new-jersey
https://www.ubereats.com/new-jersey/food-delivery/town-bagel-and-grill/_E26ngXsRE6Oa-o14a2L1g,neptune-new-jersey
https://www.ubereats.com/new-jersey/food-delivery/nathans-famous-1-premium-outlet-way/M3Xy5NxaQmqefBYDkSw12g,neptune-new-jersey
https://www.ubereats.com/new-jersey/food-delivery/turning-point-of-sea-girt/eKZS1xSXRXOH-V6DC6fVZg,neptune-new-jersey
https://www.ubereats.com/new-jersey/food-delivery/deans-natural-food-market-ocean-township/58VQm5WcSIy5c9_XPGzc4w,neptune-new-jersey
https://www.ubereats.com/new-jersey/food-delivery/mcdonalds-3542-rt-66-east/e6LJuP1TSyOAl0dmgxDykA,neptune-new-jersey
https://www.ubereats.com/new-jersey/food-delivery/pks-on-the-ocean/cw6XhDvzQBO2xoJQczekqQ,neptune-new-jersey
https://www.ubereats.com/new-jersey/food-delivery/bubbakoos-burritos-long-branch/Srslh8D9Q9Wz5Ndoz8wKXg,neptune-new-jersey
https://www.ubereats.com/new-jersey/food-delivery/playa-bowls-sea-girt/jSIGg8Y1TwCULNmfyJbUAw,neptune-new-jersey
https://www.ubereats.com/new-jersey/food-delivery/wendys-1407-allaire-rd/kwXy4aGVQ6K9OEhHERfG0A,neptune-new-jersey
https://www.ubereats.com/new-jersey/food-delivery/ave-p-appetizer/Uuie0ixxSq-52x7p_8uRrA,neptune-new-jersey
https://www.ubereats.com/new-jersey/food-delivery/mogo-korean-fusion-tacos/tys0bmeUSIyry4cVt9qj4w,neptune-new-jersey
https://www.ubereats.com/new-jersey/food-delivery/the-herd-juicery/YyoJ8YO5SMezAgv2DS-a5A,neptune-new-jersey
https://www.ubereats.com/new-jersey/food-delivery/jersey-mikes-1933-highway-35-%26-allaire-road/-eJVm54HRQmPP4CIWo1cow,neptune-new-jersey
https://www.ubereats.com/new-jersey/food-delivery/rivers-edge-cafe/G-QE34RDQ42Xewg5Q4VQPw,neptune-new-jersey
https://www.ubereats.com/new-jersey/food-delivery/starbucks-route-35-oakhurst/bzj-L5YOSK2kqmlVmaDnmQ,neptune-new-jersey
https://www.ubereats.com/new-jersey/food-delivery/shore-good-eats-n-treats/Y59ex8wNRba4mq-aXf1WlQ,neptune-new-jersey
https://www.ubereats.com/new-jersey/food-delivery/mcdonalds-rt-33-%26-35/3KBslMYeQnmXygqVrrzWYA,neptune-new-jersey
https://www.ubereats.com/new-jersey/food-delivery/sugarpop-candy-bar-monmouth/IujOgUfUSFKAyDonhGj4kA,neptune-new-jersey
https://www.ubereats.com/new-jersey/food-delivery/deal-candy-shop/qRnl9dgJQ2eqUcMqOy2HJw,neptune-new-jersey
https://www.ubereats.com/new-jersey/food-delivery/ihop-neptune/sUaKdEb7R3inXQWoVQJn1g,neptune-new-jersey
https://www.ubereats.com/new-jersey/food-delivery/mizu-36-asian-cuisine/88N1Uey_S0ajjbx9K4chSw,neptune-new-jersey
https://www.ubereats.com/new-jersey/food-delivery/amici-gelato-caffe/rLDn84r-RQCz3aLLKrWyaQ,neptune-new-jersey
https://www.ubereats.com/new-jersey/food-delivery/soon-c-deli/z87Re8fLQRuG47gQxjJUng,neptune-new-jersey
https://www.ubereats.com/new-jersey/food-delivery/blue-swan-diner/CAz8NhCLT96bQpb9TllxKQ,neptune-new-jersey
https://www.ubereats.com/new-jersey/food-delivery/brewtons-restaurant/6E_4XO6fT0WTBMYt2yfmzQ,neptune-new-jersey
https://www.ubereats.com/new-jersey/food-delivery/delicieuse-%CB%88pets%C9%99/mH_38fWjQ8-DUgOw96MqwQ,neptune-new-jersey
https://www.ubereats.com/new-jersey/food-delivery/asbury-lanes-diner/3kEZey0rTEOnoVHt4ZA-_Q,neptune-new-jersey
https://www.ubereats.com/new-jersey/food-delivery/asbury-ale-house/4EJZHV90RlCWbYERKY7s-g,neptune-new-jersey
https://www.ubereats.com/new-jersey/food-delivery/maxs-bar-%26-grill/-3FIZRYlRBifPxaxGagW1A,neptune-new-jersey
https://www.ubereats.com/new-jersey/food-delivery/the-ice-cream-shop/c2XaXK9-SmmmUe3tQDIwug,neptune-new-jersey
https://www.ubereats.com/new-jersey/food-delivery/chamos-bagel-%26-grill/W-zaiGZcSX2uB8BFIeOMlA,neptune-new-jersey
https://www.ubereats.com/new-jersey/food-delivery/pasquales-pizzeria/ALwYe14nSGeomI5kdSiYuA,neptune-new-jersey
https://www.ubereats.com/new-jersey/food-delivery/dunkin-1007-main-st/6DzrWG4zT4u0lIcmnAAkrA,neptune-new-jersey
https://www.ubereats.com/new-jersey/food-delivery/playa-bowls-manasquan/TottptzbTAO_hAR3ic5xGQ,neptune-new-jersey
https://www.ubereats.com/new-jersey/food-delivery/greek-eats/mKhbZyk2SGiCJl22nw-U3g,neptune-new-jersey
https://www.ubereats.com/new-jersey/food-delivery/dairy-queen-treat-97-atlantic-ave/KtyZIIfOQKaWQm8Mo4fuww,neptune-new-jersey
https://www.ubereats.com/new-jersey/food-delivery/bagel-basket-cafe/A2oMpAGeQESPfD7MqH1lVA,neptune-new-jersey
https://www.ubereats.com/new-jersey/food-delivery/jersey-mikes-2100-hwy-35/fRxrjf5uQSGIgDnhPO1-Kw,neptune-new-jersey
https://www.ubereats.com/new-jersey/food-delivery/jersey-mikes-2085-route-88/oT6Fwk1-SiSRG8pOAejcHQ,neptune-new-jersey
https://www.ubereats.com/new-jersey/food-delivery/ming-ying-restaurant/yY4PsFC_Rw-O-idluZYhAA,neptune-new-jersey
https://www.ubereats.com/new-jersey/food-delivery/luna-verde-vegan-mexican-restaurant/06H52mpHRfGdwQhJ9cvFPw,neptune-new-jersey
https://www.ubereats.com/new-jersey/food-delivery/kennedy-fried-chicken-%26-pizza/Wu_oqxHqQlafidgbnWkviw,neptune-new-jersey
https://www.ubereats.com/new-jersey/food-delivery/gerards-prime-13/2GtMaK9CSnaDA7asz-MZWw,neptune-new-jersey
https://www.ubereats.com/new-jersey/food-delivery/the-domesticated-dad/-dhXm23tQoqZDkcV68f17A,neptune-new-jersey
https://www.ubereats.com/new-jersey/food-delivery/ippin-ramen/7_EMHyVGRreQ5kn5zMDtjw,neptune-new-jersey
https://www.ubereats.com/new-jersey/food-delivery/asbury-festhalle-%26-biergarten/wKrZuzsBTrSYs615b0Orpg,neptune-new-jersey
https://www.ubereats.com/new-jersey/food-delivery/jersey-shore-deli/oGEHv9tJTKibegq_kys7UA,neptune-new-jersey
https://www.ubereats.com/new-jersey/food-delivery/boca-loca/JZmQMc2NQCyoCiSuMk4RMQ,neptune-new-jersey
https://www.ubereats.com/new-jersey/food-delivery/auntie-annes-180-state-road-35-south-space-%233026/5m1ma3hsR9iCFgxC1zCaUA,neptune-new-jersey
https://www.ubereats.com/new-jersey/food-delivery/anthonys-pizza/lKByGEsYR2yacBK4ZGJy0A,neptune-new-jersey
https://www.ubereats.com/new-jersey/food-delivery/nip-%26-tuck/Vjn595WNTGuMUBZ2ABYQSA,neptune-new-jersey
https://www.ubereats.com/new-jersey/food-delivery/verybestdeli/RWJD9uU6TnCWdb8SRhxiCQ,neptune-new-jersey
https://www.ubereats.com/new-jersey/food-delivery/the-beanery/yg_JtMehR8a5JCl82i_Udg,neptune-new-jersey
https://www.ubereats.com/new-jersey/food-delivery/firebirds-wood-fired-grill-180-state-hwy-no-35-s/La5uKah7SNum2qdZEhF-oQ,neptune-new-jersey
https://www.ubereats.com/new-jersey/food-delivery/chocolate-soda/lp5_s_2gQEeE43mYcUG7dg,neptune-new-jersey
https://www.ubereats.com/new-jersey/food-delivery/maurizios-pizzeria/jxcGfT73SWKV0qrWb89JFg,neptune-new-jersey
https://www.ubereats.com/new-jersey/food-delivery/cluck-u-chicken-wall/0sftDspSQYiollNfQbid-A,neptune-new-jersey
https://www.ubereats.com/new-jersey/food-delivery/playa-bowls-asbury-cookman/zCUhssz7So6zWoF7tt8znQ,neptune-new-jersey
https://www.ubereats.com/new-jersey/food-delivery/fresh-kitchen/_HyaIzs9QEiGuBFNCQNFvg,neptune-new-jersey
https://www.ubereats.com/new-jersey/food-delivery/beckmans-deli/c-bvNPg0SWSTVDZTFn9WKg,neptune-new-jersey
https://www.ubereats.com/new-jersey/food-delivery/samis-streetfood/BJEbB8wGTw69HJMh1Ldh7g,neptune-new-jersey
https://www.ubereats.com/new-jersey/food-delivery/naples-pizzeria/XSYk05IYRumwhXUwcAW02g,neptune-new-jersey
https://www.ubereats.com/new-jersey/food-delivery/mariners-cove-restaurant/ZMVPT1twTDeBuZyTjUxfdA,neptune-new-jersey
https://www.ubereats.com/new-jersey/food-delivery/doughboys-authentic-wood-fired-pizza/ONUFwTeOSiGlD6VvSmN1AA,neptune-new-jersey
https://www.ubereats.com/new-jersey/food-delivery/a-soulful-creation/Rh9YZFPJS-q7I2ohp4F36g,neptune-new-jersey
https://www.ubereats.com/new-jersey/food-delivery/taco-bell-306-highway-36/gd8r7SpPTZaIKzm8uetgsQ,neptune-new-jersey
https://www.ubereats.com/new-jersey/food-delivery/jus-to-go-allenhurst/hKh4KowTRP-2EpYSFmZvbw,neptune-new-jersey
https://www.ubereats.com/new-jersey/food-delivery/145-applebees-tinton-falls/WbGopRJ7TMWzlQ3yfpu_zg,neptune-new-jersey
https://www.ubereats.com/new-jersey/food-delivery/joes-bagel-%26-grill-sea-grit/dQ3vXTn-RSKAefbewLFUkw,neptune-new-jersey
https://www.ubereats.com/new-jersey/food-delivery/mon-ja-2-go/Pag_R8HfSo28TtQ9CcF2-w,neptune-new-jersey
https://www.ubereats.com/new-jersey/food-delivery/tjs-pizza/7iH9sDjRTFCXGA_9x1mWEw,neptune-new-jersey
https://www.ubereats.com/new-jersey/food-delivery/fuze-eatery%3A-empanada-house-%26-smoothie-bar/oQ3t_AsLQjiqG5fyUHSIRg,neptune-new-jersey
https://www.ubereats.com/new-jersey/food-delivery/bay-leaf-deli/2RzmTmTCQdqw2goPcPLFDw,neptune-new-jersey
https://www.ubereats.com/new-jersey/food-delivery/auntie-annes-one-premium-outlets-blvd/cjugsHU9TNKWoEUT_COjMg,neptune-new-jersey
https://www.ubereats.com/new-jersey/food-delivery/ruffinos-pizza-%26-italian-restaurant/D0xpk6JiQUa1cO0t-MnjAQ,neptune-new-jersey
https://www.ubereats.com/new-jersey/food-delivery/rockafellers-station-eatery-%26-bar/TaGKPTGbTsabBIk0f67tIw,neptune-new-jersey
https://www.ubereats.com/new-jersey/food-delivery/dunkin-2112-state-route-35/-UTuMlauTrOl60l-2vrE3g,neptune-new-jersey
https://www.ubereats.com/new-jersey/food-delivery/collingwood-sub-shop/5QCA5gigQqiyx4GZJzOduA,neptune-new-jersey
https://www.ubereats.com/new-jersey/food-delivery/hotel-tides/qz5RlUCRRGy9vs4u4fnSkQ,neptune-new-jersey
https://www.ubereats.com/new-jersey/food-delivery/dougies-bbq/FVyd9wG5QgumYk_rOHPjlw,neptune-new-jersey
https://www.ubereats.com/new-jersey/food-delivery/the-morenita-restaurant/4yiPHT0cRTmHSO9qyALFkA,neptune-new-jersey
https://www.ubereats.com/new-jersey/food-delivery/nicks-pizza-and-grill-restaurant/Ir-bhypfQU2s1XaChT32og,neptune-new-jersey
https://www.ubereats.com/new-jersey/food-delivery/tung-hing-kitchen/UryqJoOsRJSrsMGUNdIxSA,neptune-new-jersey
https://www.ubereats.com/new-jersey/food-delivery/paganos-uva-restaurant/RffBzVW6TK-pFfuZLKD_Xg,neptune-new-jersey
https://www.ubereats.com/new-jersey/food-delivery/tijos-kreyol-kitchen/nzcHjE3ETj6zphC2SnHtJg,neptune-new-jersey
https://www.ubereats.com/new-jersey/food-delivery/mcdonalds-2000-rt-35/zwoOBmaWTzmJ8AWhjGe_Vg,neptune-new-jersey
https://www.ubereats.com/new-jersey/food-delivery/playa-bowls-pier-village/QvRueAWHScWiOsrHoTOTYg,neptune-new-jersey
https://www.ubereats.com/new-jersey/food-delivery/five-guys-nj-0313-747-broad-st/6AiOw3AhT9eUult7omqfGg,neptune-new-jersey
https://www.ubereats.com/new-jersey/food-delivery/round-dough-with-a-hole/_PocHakHTNiuZNj8-y5H5g,neptune-new-jersey
https://www.ubereats.com/new-jersey/food-delivery/dare-to-be-different-community-center/cOqrkD6mRkeBNNTSnZSxmw,neptune-new-jersey
https://www.ubereats.com/new-jersey/food-delivery/grandmas-cheese-cafe/k0Glu-c9TuOCBs52hqVrOw,neptune-new-jersey
https://www.ubereats.com/new-jersey/food-delivery/taco-bell-1102-highway-35/ulBe22wtQ6qcYvkDOq84pw,neptune-new-jersey
https://www.ubereats.com/new-jersey/food-delivery/luigis-pizza-of-ocean/ysFZgRKuTvSgETn3GXxiiw,neptune-new-jersey
https://www.ubereats.com/new-jersey/food-delivery/arbys-3585-route-66/4AMl6ukfQcSG7QSah39glQ,neptune-new-jersey
https://www.ubereats.com/new-jersey/food-delivery/philly-pretzel-factory-4018-us-9/qm1yRTDhRyam-7AxKl4oMA,neptune-new-jersey
https://www.ubereats.com/new-jersey/food-delivery/dunkin-50-union-ave/SLsIqT_MQH-0IwW9cjGjag,neptune-new-jersey
https://www.ubereats.com/new-jersey/food-delivery/hoagie-jos/vh7jLzAWQiOgMxrWGgjQlQ,neptune-new-jersey
https://www.ubereats.com/new-jersey/food-delivery/starbucks-wall-nj/gdh8LlokR02StcHB2cYOdA,neptune-new-jersey
https://www.ubereats.com/new-jersey/food-delivery/iron-whale/tfpot0QYTBOpleR10JMCRA,neptune-new-jersey
https://www.ubereats.com/new-jersey/food-delivery/pasta-volo/Utrt2TShTNW2U3qjHXDfbA,neptune-new-jersey
https://www.ubereats.com/new-jersey/food-delivery/ranoosh/bGomC6c2TqCRfJTzzNW5JA,neptune-new-jersey
https://www.ubereats.com/new-jersey/food-delivery/tgi-fridays-663-eatontown-nj/PJoMBxfUSuqfloc4dpw7iQ,neptune-new-jersey
https://www.ubereats.com/new-jersey/food-delivery/smokehouse-grille/5d6nb3I_RgyofqZIboSkZw,neptune-new-jersey
https://www.ubereats.com/new-jersey/food-delivery/steak-stand/-nh6E56WQsiCyhDnxtyGMQ,neptune-new-jersey
https://www.ubereats.com/new-jersey/food-delivery/all-star-bagels/8ayybgvETzGbVnO1Iyrkkg,neptune-new-jersey
https://www.ubereats.com/new-jersey/food-delivery/crispy-grill/fTlNBVh6Qq2O1eJm8Sohtg,neptune-new-jersey
https://www.ubereats.com/new-jersey/food-delivery/ihop-2027-state-route-35/BAQtMt3NS0mWAehI_Bg0VQ,neptune-new-jersey
https://www.ubereats.com/new-jersey/food-delivery/bubbakoos-burritos/p4g1reFqQ3OUu-e3e1HVOA,neptune-new-jersey
https://www.ubereats.com/new-jersey/food-delivery/down-to-earth/v2k7fTWQRyS-BdEbUHvlzA,neptune-new-jersey
https://www.ubereats.com/new-jersey/food-delivery/caribbean-soul/r90ZW2-zRZSgySL9s7qRdg,neptune-new-jersey
https://www.ubereats.com/new-jersey/food-delivery/diet-gourmet/U-P0rm1PRKy8Oowm3EZPbg,neptune-new-jersey
https://www.ubereats.com/new-jersey/food-delivery/johns-cracker-barrel/Gd1EmVSMS2y7XLXOnjMQyQ,neptune-new-jersey
https://www.ubereats.com/new-jersey/food-delivery/kissui-sushi/O3QnY6dMRp-x2b-c0WzIuQ,neptune-new-jersey
https://www.ubereats.com/new-jersey/food-delivery/dunkin-1401-main-st/y3kqbxokTpuR5Y5WaLOvgA,neptune-new-jersey
https://www.ubereats.com/new-jersey/food-delivery/dunkin-1732-state-route-35/ssees9f5SayBh7GY7cEw9w,neptune-new-jersey
https://www.ubereats.com/new-jersey/food-delivery/fresh-catch-poke-new-jersey/huPUBMALRAiIDeibBWeqtQ,neptune-new-jersey
https://www.ubereats.com/new-jersey/food-delivery/luigis-famous-pizza/9m-zemR_T0GFcJdqMB4BEA,neptune-new-jersey
https://www.ubereats.com/new-jersey/food-delivery/arriba-cafe-mexicano-new-jersey/XxdHI7XDSIilRWCKq5XWsw,neptune-new-jersey
https://www.ubereats.com/new-jersey/food-delivery/mr-spot-pizza/H-o7UH7xRgaj87YQnpXnVw,neptune-new-jersey
https://www.ubereats.com/new-jersey/food-delivery/brooklyn-sandwich-co-new-jersey/BZuIgOZ4THWLqHu_rx7TKw,neptune-new-jersey
https://www.ubereats.com/new-jersey/food-delivery/burger-king-route-35-%26-sunset-avenue/jDE11LUISOmDVdRJZ0z4IQ,neptune-new-jersey
https://www.ubereats.com/new-jersey/food-delivery/new-gold-lee/n_vHTZp_T5arRirAwzgEvA,neptune-new-jersey
https://www.ubereats.com/new-jersey/food-delivery/brick-house-3655-route-66/vZhopSQjRiuiJjXBImp4aw,neptune-new-jersey
https://www.ubereats.com/new-jersey/food-delivery/dunkin-1400-corlies-ave/292ilKvXQUSKSkcpEu-EgA,neptune-new-jersey
https://www.ubereats.com/new-jersey/food-delivery/orchid-gardens-dining/SRdZiQ4wQKW-asxywsGFuQ,neptune-new-jersey
https://www.ubereats.com/new-jersey/food-delivery/mazza-%26-more-nj/w44Qx9_nTpaR2u1jLg81yw,neptune-new-jersey
https://www.ubereats.com/new-jersey/food-delivery/kumo-sushi-hibachi-restaurant/Gc0bPUu9TMyUnaQrRyLgEg,neptune-new-jersey
https://www.ubereats.com/new-jersey/food-delivery/ultimate-burgers-and-dogs-new-jersey/3WepE1veRLG07-3FnH_JvA,neptune-new-jersey
https://www.ubereats.com/new-jersey/food-delivery/subway-2305-rt-66/fzrgVH-3QLuYhXxj7ioSIQ,neptune-new-jersey
https://www.ubereats.com/new-jersey/food-delivery/smashburger-2100-route-66/3tQ7QX3_R4e8VT9Byzw55A,neptune-new-jersey
https://www.ubereats.com/new-jersey/food-delivery/starbucks-rt-66-%26-s-seaview-square-drive/ScBwfwgiRLqq-zJRLX1QIQ,neptune-new-jersey
https://www.ubereats.com/new-jersey/food-delivery/jamagrille/gomIAxbsT3K7reWjo49JCw,neptune-new-jersey
https://www.ubereats.com/new-jersey/food-delivery/the-kitchen-%40-35/V8tfKyJ2Q2eEjwThM_UurQ,neptune-new-jersey
https://www.ubereats.com/new-jersey/food-delivery/qua-pizza/DNzFuc2BS7ezTcbFK56WVw,neptune-new-jersey
https://www.ubereats.com/new-jersey/food-delivery/glatt-gourmet/YLJ9snsrQe2j3BxVFYbq4A,neptune-new-jersey
https://www.ubereats.com/new-jersey/food-delivery/pancheros-mexican-grill-1919-route-35/_ub5KSNfRSalYvFfIsVgKw,neptune-new-jersey
https://www.ubereats.com/new-jersey/food-delivery/dunkin-2-brighton-ave/TDNu-gVdThWz0hCoKDHwYA,neptune-new-jersey
https://www.ubereats.com/new-jersey/food-delivery/luigis-restaurant-%26-pizza/cKG2Vf7STkSUrJwuiGaAHg,neptune-new-jersey
https://www.ubereats.com/new-jersey/food-delivery/dunkin-3351-route-66/ZItYgXkQQjqwNPrFPx8afw,neptune-new-jersey
https://www.ubereats.com/new-jersey/food-delivery/teriteri/RDEpJSFgQgSjEJwc6vZQ1A,neptune-new-jersey
https://www.ubereats.com/new-jersey/food-delivery/slices-j2-norwood-ave/Wwd_c6dDS7CVyTJHd0BZRA,neptune-new-jersey
https://www.ubereats.com/new-jersey/food-delivery/blubes/mElvUVR1RcqvC5uhYh-w_A,neptune-new-jersey
https://www.ubereats.com/new-jersey/food-delivery/bubbakoos-burritos-neptune/DQB4kzucTUGaJLUCH-zGkQ,neptune-new-jersey
https://www.ubereats.com/new-jersey/food-delivery/taco-bell-8-highway-35-n/qRuQ-1sbRK6QMQOdLJvNqQ,neptune-new-jersey
https://www.ubereats.com/new-jersey/food-delivery/samurai-sushi-new-jersey/pWT4__iwQwaqT4rpwPOCeA,neptune-new-jersey
https://www.ubereats.com/new-jersey/food-delivery/stop-drop-%26-egg-roll/VeWyi-rLSqGb-pgh-ACzcg,neptune-new-jersey
https://www.ubereats.com/new-jersey/food-delivery/spring-lake-manor/6akqO8CYSUuX5uscn5aKmA,neptune-new-jersey
https://www.ubereats.com/new-jersey/food-delivery/bagel-station/teg0v8gaRiS-95rI1ztxew,neptune-new-jersey
https://www.ubereats.com/new-jersey/food-delivery/171-applebees-wall/kQSybH07SfWleUWoE-e_MQ,neptune-new-jersey
https://www.ubereats.com/new-jersey/food-delivery/peking-house/NEDr2ETRQc21shGL1l_E9Q,neptune-new-jersey
https://www.ubereats.com/new-jersey/food-delivery/the-country-kitchen/luOBVXGlQaW50RJuG5iJMw,neptune-new-jersey
https://www.ubereats.com/new-jersey/food-delivery/welsh-farms-%26-nj-halal-bowls/zXa3n3EhR2q-UrYgNLHETA,neptune-new-jersey
https://www.ubereats.com/new-jersey/food-delivery/chat-and-nibble/XP2vn2uWSuizL_URrs0vwg,neptune-new-jersey
https://www.ubereats.com/new-jersey/food-delivery/windmill-hot-dogs-west-end-long-branch/Vx32H9VJQqabQ2KfAbjrlg,neptune-new-jersey
https://www.ubereats.com/new-jersey/food-delivery/chipotle-mexican-grill-2150-route-35/r3CeihTTSJOVcyZKq56kSA,neptune-new-jersey
https://www.ubereats.com/new-jersey/food-delivery/fruta-loca/ReAxtCJISdOzPz4vGJ6YGg,neptune-new-jersey
https://www.ubereats.com/new-jersey/food-delivery/eagle-specialty-coffee/1pH1kntpTSmzv8MLtHzBkA,neptune-new-jersey
https://www.ubereats.com/new-jersey/food-delivery/neptune-pizza/qw5WdvN6RAmeaixaNz5ATg,neptune-new-jersey
https://www.ubereats.com/new-jersey/food-delivery/next-stop-elberon-deli/q-GOF77XTlCThnFSJ-eqIQ,neptune-new-jersey
https://www.ubereats.com/new-jersey/food-delivery/cruz-bay-cafe/rgho7UVwRtWIbEbdOpesVw,neptune-new-jersey
https://www.ubereats.com/new-jersey/food-delivery/crust-co-pizza/JtkYwDD3QmWcF34k3xfLXg,neptune-new-jersey
https://www.ubereats.com/new-jersey/food-delivery/burger-king-25-south-main-street/SFIkkZhLQPGe8l3Ol9FFFw,neptune-new-jersey
https://www.ubereats.com/new-jersey/food-delivery/170-applebees-ocean/JjyeNAT-Qq-CccPxVaSX4g,neptune-new-jersey
https://www.ubereats.com/new-jersey/food-delivery/azteca-restaurant/3A9LC8w2QLe5QC9tLvyodg,neptune-new-jersey
https://www.ubereats.com/new-jersey/food-delivery/spring-house/OSMSmFM4TCu1WUN1xapxqQ,neptune-new-jersey
https://www.ubereats.com/new-jersey/food-delivery/freddys-on-monmouth-inc/R-f-vj-FQsmhETo509uSsA,neptune-new-jersey
https://www.ubereats.com/new-jersey/food-delivery/chinatown-kitchen/zVoA2CZ9Rbys4v6vgQw_KA,neptune-new-jersey
https://www.ubereats.com/new-jersey/food-delivery/tapas-inc/jQXoR_djThmGOzX-8Vjo2Q,neptune-new-jersey
https://www.ubereats.com/new-jersey/food-delivery/manhattan-bagel-wall-township/wnYlz7zbQRmZxZ5JdDZ8zQ,neptune-new-jersey
https://www.ubereats.com/new-jersey/food-delivery/dunkin-3701-route-33/ym1pcuWfTSmPnwjKMnOo3w,neptune-new-jersey
https://www.ubereats.com/new-jersey/food-delivery/chocolate-carousel/dpB12SWRRSyihdA73e10_g,neptune-new-jersey
https://www.ubereats.com/new-jersey/food-delivery/the-robinson-ale-house-ocean-ave/RSL4dt-fRNqu6sPWu59wJA,neptune-new-jersey
https://www.ubereats.com/new-jersey/food-delivery/bubbakoos-burritos/UN98k4p6RfWIVGR_-5HkEA,neptune-new-jersey
https://www.ubereats.com/new-jersey/food-delivery/tuscany-by-the-sea/ouKuiD2LQzS49c240ZS9hQ,neptune-new-jersey
https://www.ubereats.com/new-jersey/food-delivery/ruby-tuesday-180-state-route-35/TZTcobSSSIqTEMWEqsXDpA,neptune-new-jersey
https://www.ubereats.com/new-jersey/food-delivery/cluck-and-moo-kitchen/Ffqr4IQHTIycwv4mtwXQiw,neptune-new-jersey
https://www.ubereats.com/new-jersey/food-delivery/pizza-plus-chicken/7IrbHSE0RQSCLD5n2qAKhg,neptune-new-jersey
https://www.ubereats.com/new-jersey/food-delivery/mikes-subs-belmar/0FhPmR4PT62C6ZZCinVT-Q,neptune-new-jersey
https://www.ubereats.com/new-jersey/food-delivery/burger-king-1735-route-35-%26-18th-avenue/F-AVyPmfTqizysrwiCy0Cg,neptune-new-jersey
https://www.ubereats.com/new-jersey/food-delivery/crown-chicken-%26-pizza/sTBYOOtPQQq7TBbk5A_w9Q,neptune-new-jersey
https://www.ubereats.com/new-jersey/food-delivery/five-guys-nj-0381-2301-route-66/tVuNUF7vQy-qasW6H-eDEA,neptune-new-jersey
https://www.ubereats.com/new-jersey/food-delivery/pops-bagels-%26-deli/C3sgV-2uR1233JIkqtz4XQ,neptune-new-jersey
https://www.ubereats.com/new-jersey/food-delivery/joes-bagel-%26-grill-west-long-branch/uGkTFWa3RriQwfxHN9nHaA,neptune-new-jersey
https://www.ubereats.com/new-jersey/food-delivery/beach-diner/jtoFg1FGTny_iWxTApYzfQ,neptune-new-jersey
https://www.ubereats.com/new-jersey/food-delivery/mcdonalds-1501-main-st/OmIabyVcRDuDj97g12pMpw,neptune-new-jersey
https://www.ubereats.com/new-jersey/food-delivery/meemoms-wall/Ze783lBLQcaSQSpAXgT_HQ,neptune-new-jersey
https://www.ubereats.com/new-jersey/food-delivery/dunkin-4060a-asbury-ave/hCHqlZ-MTFm4-O7Pm4cunQ,neptune-new-jersey
https://www.ubereats.com/new-jersey/food-delivery/dunkin-7-state-route-71/96n7etMDSqqYNzIhgMFE3Q,neptune-new-jersey
https://www.ubereats.com/new-jersey/food-delivery/local-smoke-bbq-neptune-city/O_q_ZoC-RCyxtZ0f0VqPoA,neptune-new-jersey
https://www.ubereats.com/new-jersey/food-delivery/michael-vincents-pizza/b2o-IxkaQIeH3EU9YKcFuw,neptune-new-jersey
https://www.ubereats.com/new-jersey/food-delivery/planet-of-the-crepes/ATxe7r-1T86xLG3bUc_xQw,neptune-new-jersey
https://www.ubereats.com/new-jersey/food-delivery/homegrown/DE5zUtenQtq2KufvW0g4tw,neptune-new-jersey
https://www.ubereats.com/new-jersey/food-delivery/panchos-and-juanchos/_2hLQYYBSHappmMuEVxRAQ,neptune-new-jersey
https://www.ubereats.com/new-jersey/food-delivery/china-lucky/BsbctdHuTdWceT8EtSOnYA,neptune-new-jersey
https://www.ubereats.com/new-jersey/food-delivery/del-pontes-coal-fired-pizza-main-st/m8ZiUKkmQQuNbWv2jUdUig,neptune-new-jersey
https://www.ubereats.com/new-jersey/food-delivery/el-burro/4GWK9jq_Re6MaOJadJU-rQ,neptune-new-jersey
https://www.ubereats.com/new-jersey/food-delivery/jersey-mikes-444-ocean-blvd-north/JE72LO64RDmD3h-aCmN2rQ,neptune-new-jersey
https://www.ubereats.com/new-jersey/food-delivery/the-butchers-steakhouse/19GUSLJdSVOe8OCvh1R8iQ,neptune-new-jersey
https://www.ubereats.com/new-jersey/food-delivery/kim-maries-eat-n-drink-away/8GRo40fwRKio0aT7zTmDGQ,neptune-new-jersey
https://www.ubereats.com/new-jersey/food-delivery/the-ice-cream-shop/tgMdUeAPQIiuFvN5J6PXLA,neptune-new-jersey
https://www.ubereats.com/new-jersey/food-delivery/wawa-917-2432-highway-%2335/MmqmB7pOQWO68lX1o2t6yQ,neptune-new-jersey
https://www.ubereats.com/new-jersey/food-delivery/joes-bagel-%26-grill-belmar/-heOnzA7TmOSvuQqfrJrAw,neptune-new-jersey
https://www.ubereats.com/new-jersey/food-delivery/dunkin-20-main-st/CoXitThUS56YRraBUomRSA,neptune-new-jersey
https://www.ubereats.com/new-jersey/food-delivery/flame-kabob-house/c05CQXxfSfiGRbKco0yzhw,neptune-new-jersey
https://www.ubereats.com/new-jersey/food-delivery/vics-italian-restaurant/d09WqTULS-mPpX93K7TuhQ,neptune-new-jersey
https://www.ubereats.com/new-jersey/food-delivery/blimpie-neptune/lA9ePe4mQXCM_UIZAKVQWA,neptune-new-jersey
https://www.ubereats.com/new-jersey/food-delivery/raw-poke-bar/tk73mt3qS_qR6fjPbNl0lQ,neptune-new-jersey
https://www.ubereats.com/new-jersey/food-delivery/lava-pit/2WSFtC8aQFOvcK5Iosh8ww,neptune-new-jersey
https://www.ubereats.com/new-jersey/food-delivery/kleins-fish-market/R3AVxE-TSVWeZrAN8jmzrA,neptune-new-jersey
https://www.ubereats.com/new-jersey/food-delivery/five-guys-nj-1893-1902-rt-35/bPPj23rqSM2MOMu7lFT8dg,neptune-new-jersey
https://www.ubereats.com/new-jersey/food-delivery/e-street-bagels/_IPDqSICTTCxqHELvjCJKg,neptune-new-jersey
https://www.ubereats.com/new-jersey/food-delivery/simply-greek/hVn3P100SSyRGJ0-i6yEsw,neptune-new-jersey
https://www.ubereats.com/new-jersey/food-delivery/cafotteria/H68PlARFTdOL5ETC5BkOkQ,neptune-new-jersey
https://www.ubereats.com/new-jersey/food-delivery/tandoor-e-india/dSox7h6CQI-RsW3t7zWLkA,neptune-new-jersey
https://www.ubereats.com/new-jersey/food-delivery/windmill-hot-dogs-belmar/wmYcoSz8RiKWTkbKDcBpUA,neptune-new-jersey
https://www.ubereats.com/new-jersey/food-delivery/main-street-bar-and-grill/PReukIs8Tam459r_qekhkw,neptune-new-jersey
https://www.ubereats.com/new-jersey/food-delivery/playa-bowls-belmar/G42DPCifS2icPcB_uusYug,neptune-new-jersey
https://www.ubereats.com/new-jersey/food-delivery/bagel-guys-deli/FxjQAfFVT3u7Uort8hPKEw,neptune-new-jersey
https://www.ubereats.com/new-jersey/food-delivery/ichiban-oakhurst/8jNQkMfGRLyoLyoufY6leg,neptune-new-jersey
https://www.ubereats.com/new-jersey/food-delivery/the-cove/vO2ZxFrrQ02ibWJjsY25YA,neptune-new-jersey
https://www.ubereats.com/new-jersey/food-delivery/freshly-strung-by-grandmas-cheese/IMYWltQXSIGU2Vnowprpyw,neptune-new-jersey
https://www.ubereats.com/new-jersey/food-delivery/stay-gold-cafe-%26-lounge/f8dOR9aqSTizWBw58RgIZA,neptune-new-jersey
https://www.ubereats.com/new-jersey/food-delivery/chipotle-mexican-grill-186-hwy-35/lkld8vr5QAmCNwbJi9Vd7A,neptune-new-jersey
https://www.ubereats.com/new-jersey/food-delivery/mamouns-falafel-wall-township/Xr_ZWYrdSPGCof4vpr_b0w,neptune-new-jersey
https://www.ubereats.com/new-jersey/food-delivery/bubbakoos-burritos/C7Knf7O0QJqqDzRpq4JTgA,neptune-new-jersey
https://www.ubereats.com/new-jersey/food-delivery/mcdonalds-1831-rt-35-s/rLF_4FfSTvC0D3YC2pykCg,neptune-new-jersey
https://www.ubereats.com/new-jersey/food-delivery/marks-place/HvKFgUHYRoqyxyNs0Zuorg,neptune-new-jersey
https://www.ubereats.com/new-jersey/food-delivery/dunkin-775-hope-rd/eaym-UEQQpa5BgTCC7cY4A,neptune-new-jersey
https://www.ubereats.com/new-jersey/food-delivery/jerusalem-pizza-of-deal/q36moqVvSC6l2a8sy-IYmQ,neptune-new-jersey
https://www.ubereats.com/new-jersey/food-delivery/burger-king-139-state-route-35/XlmH_qcsSDCIU2idj4FNig,neptune-new-jersey
https://www.ubereats.com/new-jersey/food-delivery/jersey-mikes-71-south-main-street/KGI7z4hNSSOmNFl01mckcw,neptune-new-jersey
https://www.ubereats.com/new-jersey/food-delivery/dunkin-state-highway-35/99trbr06Q2S51T1ipLaBsg,neptune-new-jersey
https://www.ubereats.com/new-jersey/food-delivery/doolans-shore-club/0Yyq2fd3S06cLOE3RWQaNg,neptune-new-jersey
https://www.ubereats.com/new-jersey/food-delivery/fine-health-kombucha/_-QelyxRTNmgnG_hPEBYEQ,neptune-new-jersey
https://www.ubereats.com/new-jersey/food-delivery/the-habit-burger-grill-178-route-35-south/qEm8upclRCa59CFq8PIQxA,neptune-new-jersey
https://www.ubereats.com/new-jersey/food-delivery/bagel-exchange/sEQyLZkERvGWSAVkr9bcGw,neptune-new-jersey
https://www.ubereats.com/new-jersey/food-delivery/simply-southern-belmar-plz/qALOnfMmQp6K4vN9w19c0Q,neptune-new-jersey
https://www.ubereats.com/new-jersey/food-delivery/baja-fresh/xvZpHS6wR327fppuvAepWA,neptune-new-jersey
https://www.ubereats.com/new-jersey/food-delivery/cuban-cafe/UhUQGYVbTAKaekhPsIzxnw,neptune-new-jersey
https://www.ubereats.com/new-jersey/food-delivery/playa-bowls-asbury-park-boardwalk/dMLOWzyyRBOXzjX29i73Cw,neptune-new-jersey
https://www.ubereats.com/new-jersey/food-delivery/aji-asian-grill-japanese-cuisine/9pjNGdwSRhuSyhh1a4uqxQ,neptune-new-jersey
https://www.ubereats.com/new-jersey/food-delivery/playa-poke-lil-belmar/s1-G-Le1QsC4nXxB3SiEiQ,neptune-new-jersey
https://www.ubereats.com/new-jersey/food-delivery/dunkin-1015-rt-35/FLGheWO0Q5Gg0D0y-PNwDQ,neptune-new-jersey
https://www.ubereats.com/new-jersey/food-delivery/popeyes-323-state-route-35-n-neptune/e7v3bI0EQiuuKAxLALCugw,neptune-new-jersey
https://www.ubereats.com/new-jersey/food-delivery/yummy-yummy/369MYoAdSYWtxj6J8T265w,neptune-new-jersey
https://www.ubereats.com/new-jersey/food-delivery/tacoholics-brick/LTRCXjq9QIyO9bFyl83zRg,neptune-new-jersey
https://www.ubereats.com/new-jersey/food-delivery/red-lobster-2200-highway-35/sRHUtmCUTeKeZVsk6t_QSg,neptune-new-jersey
https://www.ubereats.com/new-jersey/food-delivery/aloha-kafe-foods/rJANMphbQo-tNbzkChG3Kw,neptune-new-jersey
https://www.ubereats.com/new-jersey/food-delivery/playa-bowls-oakhurst/NHPw7N3rSViX4GBug_VmvA,neptune-new-jersey
https://www.ubereats.com/new-jersey/food-delivery/frutta-bowls-wall/qvjFrrX3ROGa1bQ9GBTyGg,neptune-new-jersey
https://www.ubereats.com/new-jersey/food-delivery/wawa-8329-1344-corlies-ave/Vhm6FylGRqCTaU85hO0b4g,neptune-new-jersey
https://www.ubereats.com/new-jersey/food-delivery/buffalo-wild-wings-180-route-35-s-2004a/jRsA6ePwTSGbICpK3ZRgYg,neptune-new-jersey
https://www.ubereats.com/new-jersey/food-delivery/papa-johns-neptune/0ONRGfJCTSmmVmiL06G84Q,neptune-new-jersey
https://www.ubereats.com/new-jersey/food-delivery/wendys-1502-route-35-south/q7Be3IebSjKbWSE5cG2IBw,neptune-new-jersey
