url,city
https://www.ubereats.com/new-jersey/food-delivery/mezza-westwood/p1Z7_r0DT2ezmv4wmF1Tkw,new-milford-new-jersey
https://www.ubereats.com/new-jersey/food-delivery/rosa-mexicano-riverside-square/k4LY4KzpQ8WCQutu1I24Bw,new-milford-new-jersey
https://www.ubereats.com/new-jersey/food-delivery/schnitzel-%2B/r2vsPi3fSWm0C3HBF9cfbg,new-milford-new-jersey
https://www.ubereats.com/new-jersey/food-delivery/prestos-new-york-%231/I4oNF7Q6S5Oa8Un83xMt1g,new-milford-new-jersey
https://www.ubereats.com/new-jersey/food-delivery/tgi-fridays-625-hackensack-nj/Ti0Fm16QSkOzsG1tjcZI8w,new-milford-new-jersey
https://www.ubereats.com/new-jersey/food-delivery/istanblue-restaurant/nzgvT2SyRYuCZysXQRhhVg,new-milford-new-jersey
https://www.ubereats.com/new-jersey/food-delivery/trattoria-la-bocca/ZrLThl1oRAu5qXBmv92icg,new-milford-new-jersey
https://www.ubereats.com/new-jersey/food-delivery/kumo-japanese-cuisine/kka55U8PRt2t15V1kovXKQ,new-milford-new-jersey
https://www.ubereats.com/new-jersey/food-delivery/menya-sandaime-bergen-blvd/ZytwQiO5QaqnxeOMZTrA5w,new-milford-new-jersey
https://www.ubereats.com/new-jersey/food-delivery/sayola-restaurant/o4-LP37rRzK5Oo-W4stLdA,new-milford-new-jersey
https://www.ubereats.com/new-jersey/food-delivery/royal-warsaw/406c60SmS7KFLsq_-EW36A,new-milford-new-jersey
https://www.ubereats.com/new-jersey/food-delivery/jerk-shack-grill/6bN0VVaaR8G1Vl3CsmsioQ,new-milford-new-jersey
https://www.ubereats.com/new-jersey/food-delivery/blue-moon-mexican-cafe-englewood/p6EL9FfGSoKc3nqsYWIy0g,new-milford-new-jersey
https://www.ubereats.com/new-jersey/food-delivery/biggies/txZY9nb2SMOxhSE9oJIsqA,new-milford-new-jersey
https://www.ubereats.com/new-jersey/food-delivery/ridgewood-hot-bagels/7PtflTLSQsSHyak4p8GBkg,new-milford-new-jersey
https://www.ubereats.com/new-jersey/food-delivery/taco-bell-27-s-kinderkamack-rd/fjRlney8Qrel7knZAgDrOw,new-milford-new-jersey
https://www.ubereats.com/new-jersey/food-delivery/dunkin-344-route-4-east/WK_R3v6nSSuUHiBZAz0iuw,new-milford-new-jersey
https://www.ubereats.com/new-jersey/food-delivery/banana-king/9c2wSVdISM6Vduz6WTMRpA,new-milford-new-jersey
https://www.ubereats.com/new-jersey/food-delivery/houlihans-ramsey/K5_1_by2RQOdsUwQif8I2A,new-milford-new-jersey
https://www.ubereats.com/new-jersey/food-delivery/kung-fu-tea-1-garden-state-plaza-%239152/A8BUtUU9TP-D43gxB-dOtQ,new-milford-new-jersey
https://www.ubereats.com/new-jersey/food-delivery/dunkin-179-route-46-w/YXH0wm7qRxaVTmk-sHBDkg,new-milford-new-jersey
https://www.ubereats.com/new-jersey/food-delivery/wingstop-415-s-washington-ave/ubjqkXUiTO-TqoxHWBqQeA,new-milford-new-jersey
https://www.ubereats.com/new-jersey/food-delivery/di-marias-deli/nG4Qn0NLRoaKN-NbDg0XRA,new-milford-new-jersey
https://www.ubereats.com/new-jersey/food-delivery/bonchon-chicken-2467-lemoine-ave/f4G_SoFCQqGiHlae9NDoOw,new-milford-new-jersey
https://www.ubereats.com/new-jersey/food-delivery/kaya/2Aw2GfetTGCnp4H0NsTe7g,new-milford-new-jersey
https://www.ubereats.com/new-jersey/food-delivery/dunkin-150-passaic-st/XNmr_eK0S5SdPCSK8mFdrw,new-milford-new-jersey
https://www.ubereats.com/new-jersey/food-delivery/fresh-bites-dosirak/k44lLlCXSgeN_CAL9GnqfA,new-milford-new-jersey
https://www.ubereats.com/new-jersey/food-delivery/hot-bagels-of-fair-lawn/fk3kis2JSe6pB-AcQgfBiA,new-milford-new-jersey
https://www.ubereats.com/new-jersey/food-delivery/china-palace/Nb-ITvj9TkSYm7Qs8_VDhA,new-milford-new-jersey
https://www.ubereats.com/new-jersey/food-delivery/gong-cha-garden-state-plaza/MPSpwx91S4aWCmFtdJrF-Q,new-milford-new-jersey
https://www.ubereats.com/new-jersey/food-delivery/djerdan-burek-factory/BAdL_kaGQaWnf8oTGUjTUA,new-milford-new-jersey
https://www.ubereats.com/new-jersey/food-delivery/eons-greek-food-for-life-montvale/uCApu5HbQzGARQuXJ-Pv9A,new-milford-new-jersey
https://www.ubereats.com/new-jersey/food-delivery/dunkin-70-route-4/K4dMyN1JQlGgrgC0ZbONHg,new-milford-new-jersey
https://www.ubereats.com/new-jersey/food-delivery/wendys-411-hillsdale-ave/wFGLwERkQiCroxiiAWV05w,new-milford-new-jersey
https://www.ubereats.com/new-jersey/food-delivery/thai-palace/3P398fY9TkmShxDbnXMtrw,new-milford-new-jersey
https://www.ubereats.com/new-jersey/food-delivery/chipotle-mexican-grill-81-e-state-rt-4-ste-101/kEmyzAnbQXuDDHlsLfol3g,new-milford-new-jersey
https://www.ubereats.com/new-jersey/food-delivery/simply-vietnamese/2l7HmoQNSfu1rFJbA8g-Jg,new-milford-new-jersey
https://www.ubereats.com/new-jersey/food-delivery/el-grecco-pizza/D3JWxIhBREqRGKSzNDqghg,new-milford-new-jersey
https://www.ubereats.com/new-jersey/food-delivery/kimchi-mama/TxUedIkZSja-LYP7vJRzGA,new-milford-new-jersey
https://www.ubereats.com/new-jersey/food-delivery/big-bowls-little-plates-h-mart-paramus/sA5u6YYrQfS8hA7zEuql3g,new-milford-new-jersey
https://www.ubereats.com/new-jersey/food-delivery/reginas-steakhouse-and-grill/EoeunHeyQo2F4SdT1zC_Cg,new-milford-new-jersey
https://www.ubereats.com/new-jersey/food-delivery/robertas-and-deans-brooklyn-pizza-factory/gYoFz9dbR1OAUR_AEWIM8Q,new-milford-new-jersey
https://www.ubereats.com/new-jersey/food-delivery/a-taste-of-greece/EjgCtKIxQROkZIvfRlnIjw,new-milford-new-jersey
https://www.ubereats.com/new-jersey/food-delivery/dunkin-60-broadway/A2DcyqVTSIif5X6kCiitBw,new-milford-new-jersey
https://www.ubereats.com/new-jersey/food-delivery/la-terraza-bbq-grill-peruvian-ceviche-lounge/vWGbxC6fQhSOghGgfcA20g,new-milford-new-jersey
https://www.ubereats.com/new-jersey/food-delivery/dunkin-353-broad-ave/DWlGqIzyRwyegnXi_iFmhA,new-milford-new-jersey
https://www.ubereats.com/new-jersey/food-delivery/hai-sing-chinese-restaurant/m2pWWr5ETdO-5mnxNi0Q5A,new-milford-new-jersey
https://www.ubereats.com/new-jersey/food-delivery/sumo-tao-sushi/UgiTUxqnTRKxKX0aFPdkQg,new-milford-new-jersey
https://www.ubereats.com/new-jersey/food-delivery/parkway-diner/s0w8wwPRRMW70A85S5ZtIA,new-milford-new-jersey
https://www.ubereats.com/new-jersey/food-delivery/pizzeria-cafeteria-romana/aClZHt_YQ9im5QKAbDopNQ,new-milford-new-jersey
https://www.ubereats.com/new-jersey/food-delivery/pollos-mario/Un4ygGlOR3evtaCLXziNHQ,new-milford-new-jersey
https://www.ubereats.com/new-jersey/food-delivery/almazaq-restaurant-and-bakery/pYKgCXboTfqhAakdUrlxnw,new-milford-new-jersey
https://www.ubereats.com/new-jersey/food-delivery/rispoli-pastry-shop-emerson/nqWy_OOQTJKCygpPNFECqw,new-milford-new-jersey
https://www.ubereats.com/new-jersey/food-delivery/dunkin-22-20-fair-lawn-ave/JZWPC_XiQv2YOxUxyqaRAw,new-milford-new-jersey
https://www.ubereats.com/new-jersey/food-delivery/popeyes-little-ferry/0euZ6CisTiyl3Bx0Zz1uGA,new-milford-new-jersey
https://www.ubereats.com/new-jersey/food-delivery/pizza-pros/M7cPHWX5QLu9Ymn9ZMxS2Q,new-milford-new-jersey
https://www.ubereats.com/new-jersey/food-delivery/la-chicanita-restaurant-corp/X2hfc7VESy2X0JEREJA9xw,new-milford-new-jersey
https://www.ubereats.com/new-jersey/food-delivery/hunan-express/kwBOpxwZR2iw_MyRPTJa_A,new-milford-new-jersey
https://www.ubereats.com/new-jersey/food-delivery/phat-platters/3oE41QzZRHeWtXs4qTkcsg,new-milford-new-jersey
https://www.ubereats.com/new-jersey/food-delivery/burger-king-5-washington-st/ZeJaHZWdSg2Nd2NRaYt_FA,new-milford-new-jersey
https://www.ubereats.com/new-jersey/food-delivery/mr-parish-seafood-trap/nk5F_6IEQyyHaYIrcSBasA,new-milford-new-jersey
https://www.ubereats.com/new-jersey/food-delivery/playa-bowls-ridgewood/0JiG-WzSRriAc5yfMDJrXg,new-milford-new-jersey
https://www.ubereats.com/new-jersey/food-delivery/cold-stone-creamery-441-broadway/LlYxQic1T9OHQEOprBK76w,new-milford-new-jersey
https://www.ubereats.com/new-jersey/food-delivery/my-recipe-italian-restaurant/NrvmoMWxTJ6Hkc9FWhl14g,new-milford-new-jersey
https://www.ubereats.com/new-jersey/food-delivery/the-iron-horse/PEEyAQVTQQy8uoMUH3buXQ,new-milford-new-jersey
https://www.ubereats.com/new-jersey/food-delivery/aguirre-mexican-food-and-deli/1hN-DCupSMydS8x09v0ASg,new-milford-new-jersey
https://www.ubereats.com/new-jersey/food-delivery/the-green-spot-salad-bar/kiWtd2NjSmOuuVSCq4gEig,new-milford-new-jersey
https://www.ubereats.com/new-jersey/food-delivery/harolds-new-york-deli/bCZ4FjgLQCOmUVNHDdDn4w,new-milford-new-jersey
https://www.ubereats.com/new-jersey/food-delivery/tcby/YX_tCvK1QDeyC-AFuB1gsQ,new-milford-new-jersey
https://www.ubereats.com/new-jersey/food-delivery/sizzlin-seafood/Vx4j75bSTzCPuBAhA4o0Eg,new-milford-new-jersey
https://www.ubereats.com/new-jersey/food-delivery/sammys-bagels/STeaLBnKR8GiTGpGVKBgUg,new-milford-new-jersey
https://www.ubereats.com/new-jersey/food-delivery/il-piatto-bistro/Ixk4qAEoT7urpVA4s2TARw,new-milford-new-jersey
https://www.ubereats.com/new-jersey/food-delivery/veggie-heaven/L3Zwjua5TbKj30KIQI5d5Q,new-milford-new-jersey
https://www.ubereats.com/new-jersey/food-delivery/yalla-2go/8z4U1Z9RSB2HQnxbawPvfQ,new-milford-new-jersey
https://www.ubereats.com/new-jersey/food-delivery/los-fuertes-de-loreto/3rxCuQ03RrCB19OZVzDkoQ,new-milford-new-jersey
https://www.ubereats.com/new-jersey/food-delivery/stevies-crepes-%26-waffles/OlkWysphTMOIC9wCQUm48g,new-milford-new-jersey
https://www.ubereats.com/new-jersey/food-delivery/to-sok-chon/WKtvxq_nRee5F9Z8uKRZLw,new-milford-new-jersey
https://www.ubereats.com/new-jersey/food-delivery/tous-les-jours-fort-lee/9SshxMhUQzCBJV4-J9Ligw,new-milford-new-jersey
https://www.ubereats.com/new-jersey/food-delivery/eons-greek-food-for-life/x1UdztucQAGBpBR2_aH0Pw,new-milford-new-jersey
https://www.ubereats.com/new-jersey/food-delivery/vitales-restaurant/3sm_VFy8SPCE40dT-A9IiA,new-milford-new-jersey
https://www.ubereats.com/new-jersey/food-delivery/west-main-lunchenotte/xzq2UH1JScOy3dh1yKC93w,new-milford-new-jersey
https://www.ubereats.com/new-jersey/food-delivery/pizza-bella/-touD2uLQGit96MSB7YHxQ,new-milford-new-jersey
https://www.ubereats.com/new-jersey/food-delivery/empire-szechuan-restaurant/Vv4Om4Y-TmCgZyDqt7hLXg,new-milford-new-jersey
https://www.ubereats.com/new-jersey/food-delivery/new-east-chinese-restaurant/0MLN_f_4SWyBkhP_SXgB1w,new-milford-new-jersey
https://www.ubereats.com/new-jersey/food-delivery/dunkin-525-cedar-hill-ave/JHroyAUTQeelAuygncr2Og,new-milford-new-jersey
https://www.ubereats.com/new-jersey/food-delivery/two-guys-pizza-%26-grill/gRJ_bSaBRISw8ks7Mm64-w,new-milford-new-jersey
https://www.ubereats.com/new-jersey/food-delivery/san-antonio-mexican-restaurant/2fmH6Ao7RkuneP9IABHWkQ,new-milford-new-jersey
https://www.ubereats.com/new-jersey/food-delivery/coffeecol-arepa-bar-%26-grill/dKYvraSTRu6BKMph--zcSg,new-milford-new-jersey
https://www.ubereats.com/new-jersey/food-delivery/mi-casa-restaurant/9WZi1XcSSGuB6OQF4NhX-Q,new-milford-new-jersey
https://www.ubereats.com/new-jersey/food-delivery/dunkin-220-state-rt-17/igjHnMgJRkmd0rWMVYtdCQ,new-milford-new-jersey
https://www.ubereats.com/new-jersey/food-delivery/red-lobster-211-route-17-s/2ZIcvAbATDGb3uRJE9k9LA,new-milford-new-jersey
https://www.ubereats.com/new-jersey/food-delivery/house-of-cupcakes/N0QLlD4rQcySbMv7jqJ0DQ,new-milford-new-jersey
https://www.ubereats.com/new-jersey/food-delivery/sushi-house/dfBUUmEwQ8Oxp8_nU3Ywsw,new-milford-new-jersey
https://www.ubereats.com/new-jersey/food-delivery/chicken-supreme-hackensack/f9VgnYFGR86u1wGWw8FXlg,new-milford-new-jersey
https://www.ubereats.com/new-jersey/food-delivery/blue-city-grille/z8JQIg-pTqKBBkHNFjWaiQ,new-milford-new-jersey
https://www.ubereats.com/new-jersey/food-delivery/mamas-kitchen-eats/lSYYYtOPRGqG0NStM3Yx-w,new-milford-new-jersey
https://www.ubereats.com/new-jersey/food-delivery/the-greek-flame/Z4ymZNnETqOKFJ2kP7y5Og,new-milford-new-jersey
https://www.ubereats.com/new-jersey/food-delivery/veggie-%2B-englewood/Vz6ie-DbTQWqLneChJ0VWA,new-milford-new-jersey
https://www.ubereats.com/new-jersey/food-delivery/raymonds-ridgewood/biK56cQiTM-fn1vjGlew5g,new-milford-new-jersey
https://www.ubereats.com/new-jersey/food-delivery/pelicana-chicken-dumont/rQ9JNc0IQ5qsbiunA1dvTg,new-milford-new-jersey
https://www.ubereats.com/new-jersey/food-delivery/mcdonalds-ft-lee/4sWuQ5j4TnOw6Fqq0OBxPA,new-milford-new-jersey
https://www.ubereats.com/new-jersey/food-delivery/sultan-artisan-bakery/zpchTPiOQtWbzjsz2cDorg,new-milford-new-jersey
https://www.ubereats.com/new-jersey/food-delivery/lulu-chef/_--oeE2kR2mEHw04uA3s4A,new-milford-new-jersey
https://www.ubereats.com/new-jersey/food-delivery/sunrise-bagel-cafe/-rMwk-O9QjiKE6en95zyLA,new-milford-new-jersey
https://www.ubereats.com/new-jersey/food-delivery/hot-bagelsa-franklin/fqp2KFA3T9Gk9020WSD8Uw,new-milford-new-jersey
https://www.ubereats.com/new-jersey/food-delivery/bagel-run/FRbV7NSeRVCma_hsTznvkQ,new-milford-new-jersey
https://www.ubereats.com/new-jersey/food-delivery/al-kumah-restaurant/x1h3C1txRRWDY_WlsTLqMw,new-milford-new-jersey
https://www.ubereats.com/new-jersey/food-delivery/poke-zone/EVsaG6p1RhGrm8ADdPOBMg,new-milford-new-jersey
https://www.ubereats.com/new-jersey/food-delivery/moes-southwest-grill-paramus/bVpW8vl_RLi2qKSohDQZnQ,new-milford-new-jersey
https://www.ubereats.com/new-jersey/food-delivery/dunkin-39-w-palisade-ave/sPM4k74ES_aejTxbO-jaTQ,new-milford-new-jersey
https://www.ubereats.com/new-jersey/food-delivery/bagelicious/_0u4J9K1SC2cZYZzjg4VHg,new-milford-new-jersey
https://www.ubereats.com/new-jersey/food-delivery/antipasti-pizza-%26-wine-bar/hDCnDNwtSnuN9gS8ZYy9_w,new-milford-new-jersey
https://www.ubereats.com/new-jersey/food-delivery/victors-pizza/2jyZA0SlSmGaBUaQdSOoKQ,new-milford-new-jersey
https://www.ubereats.com/new-jersey/food-delivery/patrizias-old-tappan/KDxEJEDuS62nhdrSoRovSQ,new-milford-new-jersey
https://www.ubereats.com/new-jersey/food-delivery/paulas-soul-food-cafe/u9xk9YMzQF2brzpQ-j_RKQ,new-milford-new-jersey
https://www.ubereats.com/new-jersey/food-delivery/wendys-296-east-route-4/ZsbMOcAcTFyu6R55akHTyQ,new-milford-new-jersey
https://www.ubereats.com/new-jersey/food-delivery/houlihans-paramus/ZK2JSP4DSeahWXIg0urLfg,new-milford-new-jersey
https://www.ubereats.com/new-jersey/food-delivery/jersey-mikes-subs-300-godwin-avenue/p1M6lYNXRY6LZaGY3-NiDQ,new-milford-new-jersey
https://www.ubereats.com/new-jersey/food-delivery/tjs-southern-gourmet/XMJCnFM8TN-tc3CDQ9qExQ,new-milford-new-jersey
https://www.ubereats.com/new-jersey/food-delivery/the-ice-cream-shop/LprLSwhWQUyyVoE1asDkqw,new-milford-new-jersey
https://www.ubereats.com/new-jersey/food-delivery/148-applebees-hackensack/D6xYFSqVTPeqz892OiafLw,new-milford-new-jersey
https://www.ubereats.com/new-jersey/food-delivery/restaurant-latino-hackensack/zNesqU_JQre6KlGiNyvZ6A,new-milford-new-jersey
https://www.ubereats.com/new-jersey/food-delivery/bite-food-%26-coffee-co/kBqWzYHnT9mv96qldeDE4w,new-milford-new-jersey
https://www.ubereats.com/new-jersey/food-delivery/stickys-finger-joint-paramus/JkKVXwosS_GDmhBdFH2cuA,new-milford-new-jersey
https://www.ubereats.com/new-jersey/food-delivery/dunkin-303b-pascack-rd/07KncoOeTu-H6eIFzvYFjw,new-milford-new-jersey
https://www.ubereats.com/new-jersey/food-delivery/bareburger-15-e-ridgewood-ave/0mRck9zZSYK8KnqGsMhSxw,new-milford-new-jersey
https://www.ubereats.com/new-jersey/food-delivery/man-hing-chinese-restaurant/9OX7TfCzT9aPhR8dgZ4q8Q,new-milford-new-jersey
https://www.ubereats.com/new-jersey/food-delivery/sgd-tofu-korean-bbq/ZwWBD38tQqmuN4CoP8VQfQ,new-milford-new-jersey
https://www.ubereats.com/new-jersey/food-delivery/danatonis-grill-%26-deli/mOWOteR3QRGOnCfPQUnpFA,new-milford-new-jersey
https://www.ubereats.com/new-jersey/food-delivery/angies-place-restaurant/4Tva-fz8SDuqRAbzE0anVQ,new-milford-new-jersey
https://www.ubereats.com/new-jersey/food-delivery/shake-shack-1-garden-state-plaza/VtrDRk5LSai95-F_F_fyVQ,new-milford-new-jersey
https://www.ubereats.com/new-jersey/food-delivery/schnitzel-%2B-englewood/KAWYi2e0Qs-fswLcAI7uSg,new-milford-new-jersey
https://www.ubereats.com/new-jersey/food-delivery/chicken-todds/34t6kiVcTjSLB40mK3wRIg,new-milford-new-jersey
https://www.ubereats.com/new-jersey/food-delivery/toasty-gourmet-eatery-%26-cafe/Z5qQNJ07RNuNBthtOF-C3w,new-milford-new-jersey
https://www.ubereats.com/new-jersey/food-delivery/dunkin-494-n-state-rt-17/wdGpXq-pS0KIXkNQoaEm0g,new-milford-new-jersey
https://www.ubereats.com/new-jersey/food-delivery/istanbul-cafe-%26-restaurant/bFAwFSsBTea2_6ngJfAC3g,new-milford-new-jersey
https://www.ubereats.com/new-jersey/food-delivery/kamils-lebanese-cuisine/ARlWd5bvQMmm6njSiD92dw,new-milford-new-jersey
https://www.ubereats.com/new-jersey/food-delivery/woodstone-pizza-bar-%26-grill-352-w-passaic-st/SxUptexnSiSMWTiSbxzw_Q,new-milford-new-jersey
https://www.ubereats.com/new-jersey/food-delivery/outback-steakhouse-194-north-route-17/6XBcT6_HSQ-34eTiDaa36w,new-milford-new-jersey
https://www.ubereats.com/new-jersey/food-delivery/cravings-tapas-bistro/a87JGyEgTmqRGn-GXXKq6g,new-milford-new-jersey
https://www.ubereats.com/new-jersey/food-delivery/big-bowls-little-plates-rutherford/Bpe7MHV4TPC0kfwg2-3QxA,new-milford-new-jersey
https://www.ubereats.com/new-jersey/food-delivery/bonchon-chicken-346-broad-ave/8E8jVf9JSU-_ZhYBN8HnIw,new-milford-new-jersey
https://www.ubereats.com/new-jersey/food-delivery/boston-market-175-kinderkamack/rI_G_xIHTB6HBL_3wPObHg,new-milford-new-jersey
https://www.ubereats.com/new-jersey/food-delivery/simon-bagel/Lb7Hjb_1SySAocw0PofjMQ,new-milford-new-jersey
https://www.ubereats.com/new-jersey/food-delivery/mazaya-grillo/R_6LBU1JQC2wcu7mhbBPQw,new-milford-new-jersey
https://www.ubereats.com/new-jersey/food-delivery/burger-boss/YRN8oUBZTty8uYG80ZQzsw,new-milford-new-jersey
https://www.ubereats.com/new-jersey/food-delivery/celtic-kitchen/XMmTcR9nRv6Zz1v0gedFbQ,new-milford-new-jersey
https://www.ubereats.com/new-jersey/food-delivery/mindys-munchies/i3f4tTJfSUGnJ30XpgIJQA,new-milford-new-jersey
https://www.ubereats.com/new-jersey/food-delivery/dunkin-1091-main-st/tSUMAlo0S_uWNPlM4mTsBw,new-milford-new-jersey
https://www.ubereats.com/new-jersey/food-delivery/the-cookie-connect/3IXTv_HCRrCTxw3KuRhAOQ,new-milford-new-jersey
https://www.ubereats.com/new-jersey/food-delivery/blu-sushi/jeNIDHldRbi7beTA0bkEig,new-milford-new-jersey
https://www.ubereats.com/new-jersey/food-delivery/red-bowl/wcVgmIEAS_SxPLibroas2g,new-milford-new-jersey
https://www.ubereats.com/new-jersey/food-delivery/taco185/1ZU4TlUhTkyy5CtyYEN_6w,new-milford-new-jersey
https://www.ubereats.com/new-jersey/food-delivery/manjal-indian-cuisine/58w3Z2yVTCqwj471VDugxA,new-milford-new-jersey
https://www.ubereats.com/new-jersey/food-delivery/sushi-cafe/JQ0LMqiiRIOq7S104uPbiw,new-milford-new-jersey
https://www.ubereats.com/new-jersey/food-delivery/stand-up-pies/bL-Aq0hXShm-J4Ug0ZWnZg,new-milford-new-jersey
https://www.ubereats.com/new-jersey/food-delivery/chillers-grill/KxTpA0V-QdCx5HdGK6YH2g,new-milford-new-jersey
https://www.ubereats.com/new-jersey/food-delivery/baggios/ocZ6iECiSWKA-Bulj5h0TQ,new-milford-new-jersey
https://www.ubereats.com/new-jersey/food-delivery/bensi-hasbrouck-heights/xsb7RT1LQTq6Nwr0G-Og1A,new-milford-new-jersey
https://www.ubereats.com/new-jersey/food-delivery/the-jersey-market/YypjwFOkSku17QPIvtwL6Q,new-milford-new-jersey
https://www.ubereats.com/new-jersey/food-delivery/bagel-express/NXn2msbISpihF9o7F1Kq1A,new-milford-new-jersey
https://www.ubereats.com/new-jersey/food-delivery/saladworks-east-rutherford/Pmk9jdtgQkKRdDqTGQ1Wqg,new-milford-new-jersey
https://www.ubereats.com/new-jersey/food-delivery/straws-kitchen/GMWEoUYJT0GJu0js_OrKdw,new-milford-new-jersey
https://www.ubereats.com/new-jersey/food-delivery/carlitos-barbecue-taqueria-gsp-mall/_UIpVXPyT_yqruHrC3SxzQ,new-milford-new-jersey
https://www.ubereats.com/new-jersey/food-delivery/gourmet-express-market/kvvWtE8XRf2_JAmKWYgCiw,new-milford-new-jersey
https://www.ubereats.com/new-jersey/food-delivery/stray-cat-brew/fntmJHCOSm-u5Q7a7tBaMw,new-milford-new-jersey
https://www.ubereats.com/new-jersey/food-delivery/patisserie-florentine/BF0Hs1lbQY2-DsZz-Ffk_Q,new-milford-new-jersey
https://www.ubereats.com/new-jersey/food-delivery/layalina-restaurant/fbl4dKPpTIy77Ml0qGpIVw,new-milford-new-jersey
https://www.ubereats.com/new-jersey/food-delivery/dong-chun-hong/lSn1WNBpRYmHtty7pWsTrA,new-milford-new-jersey
https://www.ubereats.com/new-jersey/food-delivery/charleys-philly-steaks-1-garden-state-plz/jiUBr1P7Qx2czIMcGohB0w,new-milford-new-jersey
https://www.ubereats.com/new-jersey/food-delivery/vidas-berries-llc/lqrpwCbQSkyDEYsIQC1XNw,new-milford-new-jersey
https://www.ubereats.com/new-jersey/food-delivery/anntremet-cake/CAsdyG4_SLqVesSdNAsXaQ,new-milford-new-jersey
https://www.ubereats.com/new-jersey/food-delivery/my-china-cafe/5djupg8WSkCjtTpAEC8vsw,new-milford-new-jersey
https://www.ubereats.com/new-jersey/food-delivery/tokyo-express/u__aDTSnQ8WjreVJAiRDlg,new-milford-new-jersey
https://www.ubereats.com/new-jersey/food-delivery/dunkin-255-pehle-ave/n37nQcYiSSKiQcF7ZbwgRg,new-milford-new-jersey
https://www.ubereats.com/new-jersey/food-delivery/great-wall-chinese-and-japanese-cuisine-grant-ave/6zCZyObWQW6T2CeQxO2Aww,new-milford-new-jersey
https://www.ubereats.com/new-jersey/food-delivery/papa-johns-39-portland/taUZoH16Rwu3osL8zP9XXQ,new-milford-new-jersey
https://www.ubereats.com/new-jersey/food-delivery/dunkin-343-state-rt-17/cAnEKppeTXew3leKpsZ5aQ,new-milford-new-jersey
https://www.ubereats.com/new-jersey/food-delivery/dunkin-86-110-s-river-st/Z1l6uSUzTJyJEPMAdyDlNA,new-milford-new-jersey
https://www.ubereats.com/new-jersey/food-delivery/creations-yogurt/6P68GzoNTGSw162b29NDPQ,new-milford-new-jersey
https://www.ubereats.com/new-jersey/food-delivery/hummus-grill-garden-state/olYXKpKARzOYxxNO7cYsUQ,new-milford-new-jersey
https://www.ubereats.com/new-jersey/food-delivery/grandma-sarahs-restaurant/OyGn6qxOTgKccCnaTgRk_Q,new-milford-new-jersey
https://www.ubereats.com/new-jersey/food-delivery/kan-zamaan/cphL5StdRZelr7R6pVLpTg,new-milford-new-jersey
https://www.ubereats.com/new-jersey/food-delivery/tojo-kitchen/F-SDffhWSF217WFQP93JRQ,new-milford-new-jersey
https://www.ubereats.com/new-jersey/food-delivery/bonchon-chicken-450-hackensack-ave/c02Q9STfQt2_Ub1KbEhSoQ,new-milford-new-jersey
https://www.ubereats.com/new-jersey/food-delivery/wilkes-deli/p07OFsLBTg6qdc4IjsECeQ,new-milford-new-jersey
https://www.ubereats.com/new-jersey/food-delivery/snack-stop/fGDpuWlLQqS9TfBWREYotw,new-milford-new-jersey
https://www.ubereats.com/new-jersey/food-delivery/metro-bagels/DYkA5cpcSkGlZNHf3v9inQ,new-milford-new-jersey
https://www.ubereats.com/new-jersey/food-delivery/cranberry-junction-ice-cream/9Rft4BKSTE2d5FDCyR5Npg,new-milford-new-jersey
https://www.ubereats.com/new-jersey/food-delivery/greenhousejuices-and-cafe/gh1_Vn-ZTaWvGh9yXog-Ig,new-milford-new-jersey
https://www.ubereats.com/new-jersey/food-delivery/dunkin-463-market-st/HLikk_8OQbCQYtcydazDRg,new-milford-new-jersey
https://www.ubereats.com/new-jersey/food-delivery/oishi-sushi/pERu-j64QX6XneQeFpiXgQ,new-milford-new-jersey
https://www.ubereats.com/new-jersey/food-delivery/superjuice-nation/2PKI5nukTMKgZk2aAUm7_Q,new-milford-new-jersey
https://www.ubereats.com/new-jersey/food-delivery/taan-thai/2zExucwTSs27hfH9TPs5ZA,new-milford-new-jersey
https://www.ubereats.com/new-jersey/food-delivery/ramen-azuma/eAm-H3LhQlm3YjtevMLVsQ,new-milford-new-jersey
https://www.ubereats.com/new-jersey/food-delivery/dunkin-435-boulevard/igYbZvVYQZiWCDaMA6dFfg,new-milford-new-jersey
https://www.ubereats.com/new-jersey/food-delivery/blaze-pizza-65-route-4/vOhJ1iGURlCoJZEAzMt0Zw,new-milford-new-jersey
https://www.ubereats.com/new-jersey/food-delivery/starbucks-hasbrouck-heights/7IKxpYKfQsCXUZ6yuC6hjw,new-milford-new-jersey
https://www.ubereats.com/new-jersey/food-delivery/pelicana-chicken-palisades-park/vumtVTj2R3-hK8hBFDOreA,new-milford-new-jersey
https://www.ubereats.com/new-jersey/food-delivery/ammata-thai-kitchen/p2DVmCO4QU21mmBlYZwdMA,new-milford-new-jersey
https://www.ubereats.com/new-jersey/food-delivery/red-white-and-pasta/SBqw05zgRkqsv8P2Ox76hg,new-milford-new-jersey
https://www.ubereats.com/new-jersey/food-delivery/subway-864-river-rd/H-GNCXLcT7CY0ryg3x1VKw,new-milford-new-jersey
https://www.ubereats.com/new-jersey/food-delivery/blaze-pizza-5-teterboro-landing-drive/r4tdJJjCRD6ROqT-56yT0w,new-milford-new-jersey
https://www.ubereats.com/new-jersey/food-delivery/six-happiness-fair-lawn/l9BpharoR2KzOiwmmYmijg,new-milford-new-jersey
https://www.ubereats.com/new-jersey/food-delivery/vish/5K-fgmoNSaSSuGeu9btrPg,new-milford-new-jersey
https://www.ubereats.com/new-jersey/food-delivery/taste-of-jamaica/qQIx5pTmSka2BTh0WCBObg,new-milford-new-jersey
https://www.ubereats.com/new-jersey/food-delivery/samdan/20pQO1YMTX6FyYDyU-r5XA,new-milford-new-jersey
https://www.ubereats.com/new-jersey/food-delivery/noches-de-colombia-englewood-nj/NX7gGs0dRHmuRbgPilMwXA,new-milford-new-jersey
https://www.ubereats.com/new-jersey/food-delivery/dunkin-32-02-broadway/m5ygAfO1QQmbs7gyqmsUwg,new-milford-new-jersey
https://www.ubereats.com/new-jersey/food-delivery/planted-eats/4sD1CSlwRtO3FsXZ1BAa5Q,new-milford-new-jersey
https://www.ubereats.com/new-jersey/food-delivery/dong-hae-susan-%EB%8F%99%ED%95%B4%EC%9D%BC%EC%8B%9D/vIEqD-OkQ-KXnqCSLL8k_A,new-milford-new-jersey
https://www.ubereats.com/new-jersey/food-delivery/eun-ha-soo-catering/3tCQ6__ORUmibB5gmBtLog,new-milford-new-jersey
https://www.ubereats.com/new-jersey/food-delivery/hong-kong-restaurant/1hrcKmgORleJieDgIhec3w,new-milford-new-jersey
https://www.ubereats.com/new-jersey/food-delivery/benares/Md--VRvdQeSMiudPLGJZAQ,new-milford-new-jersey
https://www.ubereats.com/new-jersey/food-delivery/wendys-420-us-highway-46/GvwOpwLoQnWJpSD3yytFcQ,new-milford-new-jersey
https://www.ubereats.com/new-jersey/food-delivery/on-the-border-paramus/4fB9AsHjQ16h1MjuDuG8ZQ,new-milford-new-jersey
https://www.ubereats.com/new-jersey/food-delivery/kings-village-food-inside-99-ranch-market/r3VL8TXSTheTCLVi_6WWiQ,new-milford-new-jersey
https://www.ubereats.com/new-jersey/food-delivery/dunkin-669-route-17-south/bRlps5Q0R7ik3KOyCGMs-A,new-milford-new-jersey
https://www.ubereats.com/new-jersey/food-delivery/bgood-ridgewood/hUwTCNhmQGGgH-pbXINOUA,new-milford-new-jersey
https://www.ubereats.com/new-jersey/food-delivery/baci-gelato/r-ib4LmURhuE2RZpmS7znQ,new-milford-new-jersey
https://www.ubereats.com/new-jersey/food-delivery/cafe-de-royal/0PGIxxFKTfqH7BH52weMuA,new-milford-new-jersey
https://www.ubereats.com/new-jersey/food-delivery/burger-king-22-gregory-avenue/VC2eij_rSf-lFWVb80-HpQ,new-milford-new-jersey
https://www.ubereats.com/new-jersey/food-delivery/hook-%26-reel-elmwood-park/RLHs9F2jTym5--uyNqNB1Q,new-milford-new-jersey
https://www.ubereats.com/new-jersey/food-delivery/9154-bonefish-grill-601-from-road/66qoX6xyTlOdsb1fnqCCog,new-milford-new-jersey
https://www.ubereats.com/new-jersey/food-delivery/dunkin-14-00-state-highway-208/bzGuK9_vShS_cvRAhn23yQ,new-milford-new-jersey
https://www.ubereats.com/new-jersey/food-delivery/bagel-nosh-of-bergenfield/esGDtOO2R0CxW8V8TPTDqA,new-milford-new-jersey
https://www.ubereats.com/new-jersey/food-delivery/villa-de-colombia/nOfcgMV4SDO-KxfbIYbEWA,new-milford-new-jersey
https://www.ubereats.com/new-jersey/food-delivery/crave-home-kitchen/7Lw0oQw9Rxec0mPj-t7nDA,new-milford-new-jersey
https://www.ubereats.com/new-jersey/food-delivery/art-of-spice/1wVH1EJ4TRCAWHkYwR98Gg,new-milford-new-jersey
https://www.ubereats.com/new-jersey/food-delivery/tri-valley-family-restaurant/od58fs1DRZeW30UrDAH1sg,new-milford-new-jersey
https://www.ubereats.com/new-jersey/food-delivery/demarest-deli/vFJnkukCQ2y8WMX3Vgv8JQ,new-milford-new-jersey
https://www.ubereats.com/new-jersey/food-delivery/starbucks-rt-17-south-paramus/GtHC47EOSEO6RmgaNl_GsQ,new-milford-new-jersey
https://www.ubereats.com/new-jersey/food-delivery/no-1-kitchen/_9N6H8WYSAW9nOlYbT1v0Q,new-milford-new-jersey
https://www.ubereats.com/new-jersey/food-delivery/oriental/xGJvpqNTSo6TbsCC-lPQrQ,new-milford-new-jersey
https://www.ubereats.com/new-jersey/food-delivery/macondo-colombian-kitchen/6RF3CDXpRECcIHBTKKHgUQ,new-milford-new-jersey
https://www.ubereats.com/new-jersey/food-delivery/saigon-kitchen/MbGbzImSTLGKdoqG2dbF9g,new-milford-new-jersey
https://www.ubereats.com/new-jersey/food-delivery/burger-boss/eYG6lp2zTyuFrTRV-XxW7Q,new-milford-new-jersey
https://www.ubereats.com/new-jersey/food-delivery/don-lalo-restaurant/GEFWVOfYSD2Yi02hkhtEtw,new-milford-new-jersey
https://www.ubereats.com/new-jersey/food-delivery/the-bagel-house324-main-st/qxVdzIW2TfGfKnRUC_fg5Q,new-milford-new-jersey
https://www.ubereats.com/new-jersey/food-delivery/angelinas/TeZu8-IpTwKBt3sm-peaqw,new-milford-new-jersey
https://www.ubereats.com/new-jersey/food-delivery/da-antonio/eX77YzyHRPybD4-RMjSACA,new-milford-new-jersey
https://www.ubereats.com/new-jersey/food-delivery/the-habit-burger-grill-1081-main-st/6tOcD5beQzmDryp6dxm41Q,new-milford-new-jersey
https://www.ubereats.com/new-jersey/food-delivery/dunkin-125-washington-ave/Q6mDVll_SwCn9gpRA-UE5g,new-milford-new-jersey
https://www.ubereats.com/new-jersey/food-delivery/kfc-465-broadway/LrhsVGaXQPe1LoIZG1fgpg,new-milford-new-jersey
https://www.ubereats.com/new-jersey/food-delivery/dunkin-275-s-washington-ave/aShVcpflRlmQLW4a2iMNQQ,new-milford-new-jersey
https://www.ubereats.com/new-jersey/food-delivery/bonchon-chicken-17-central-ave/Ti0gcOUIR8-nQ5cSUfVFLg,new-milford-new-jersey
https://www.ubereats.com/new-jersey/food-delivery/best-wok/TE0KofzsQSeoi-knU6G_1Q,new-milford-new-jersey
https://www.ubereats.com/new-jersey/food-delivery/halal-grillo/9hl6Xb9SS_Wa8aHlVKB7JQ,new-milford-new-jersey
https://www.ubereats.com/new-jersey/food-delivery/akai-lounge-englewood/w2l3iTR_S5OQiHB0z1PYig,new-milford-new-jersey
https://www.ubereats.com/new-jersey/food-delivery/seafood-king/cTW3UJpYTfOMAsexKzrBNw,new-milford-new-jersey
https://www.ubereats.com/new-jersey/food-delivery/batten-ramen/ldIi4QcuQ1CXCMHuQQe_zQ,new-milford-new-jersey
https://www.ubereats.com/new-jersey/food-delivery/land-%26-sea-diner/K12gye8yTrOA0QsXTTd1MA,new-milford-new-jersey
https://www.ubereats.com/new-jersey/food-delivery/napoli-pizza-%26-restaurant/jru1CwgaTSmImO_wpCywTw,new-milford-new-jersey
https://www.ubereats.com/new-jersey/food-delivery/szechaun-mirchi/YMrTUtRdTKuzGqvJosgEdA,new-milford-new-jersey
https://www.ubereats.com/new-jersey/food-delivery/chipotle-mexican-grill-83-vervalen-st/sSHxt3JQQzekMjimCMp8Gg,new-milford-new-jersey
https://www.ubereats.com/new-jersey/food-delivery/glaze-donuts/Hb1ykxODRyWhJLzOYnBCwg,new-milford-new-jersey
https://www.ubereats.com/new-jersey/food-delivery/calabria-pizza/nV6vFqYxRVaGH_FHcocYRg,new-milford-new-jersey
https://www.ubereats.com/new-jersey/food-delivery/wawa-8326-150-essex-street/scnlL5L8TZ2VjKXBMoIGwQ,new-milford-new-jersey
https://www.ubereats.com/new-jersey/food-delivery/jackson-hole-burgers/G5FBb6B2RuWO13QYsMGKIQ,new-milford-new-jersey
https://www.ubereats.com/new-jersey/food-delivery/popeyes-lodi/G7dx5UmeQ3CKKEwv5TGftQ,new-milford-new-jersey
https://www.ubereats.com/new-jersey/food-delivery/mcdonalds-englewood-palis/hHkO72QhRi-Uhh38QJ29dA,new-milford-new-jersey
https://www.ubereats.com/new-jersey/food-delivery/starbucks-englewood/pqjR9s9bRza4ZPO42JFGmw,new-milford-new-jersey
https://www.ubereats.com/new-jersey/food-delivery/burger-king-174-homans-avenue/5QNUIuFvSryWOZ498txPOQ,new-milford-new-jersey
https://www.ubereats.com/new-jersey/food-delivery/new-great-wall/ZABOo5jnQVeIVfgVm2PpUQ,new-milford-new-jersey
https://www.ubereats.com/new-jersey/food-delivery/chicken-bullet/gU1wNkZiTmiqu_YUkvVu8Q,new-milford-new-jersey
https://www.ubereats.com/new-jersey/food-delivery/mis-raices/P14W6_mSQGifGQsO10yE1w,new-milford-new-jersey
https://www.ubereats.com/new-jersey/food-delivery/yasou-santorini/mWCAoY9tQm6bfVut8uZZCA,new-milford-new-jersey
https://www.ubereats.com/new-jersey/food-delivery/muscle-maker-grill-lodi/IHhtfPUbSImAAM1VRrITsw,new-milford-new-jersey
https://www.ubereats.com/new-jersey/food-delivery/hungry-for-halal!/3CJiiBiKQ76dZq2FEiq2Tg,new-milford-new-jersey
https://www.ubereats.com/new-jersey/food-delivery/pf-changs-390-hackensack-ave-suite-50/N2P5QPT-S_6EKw68lC0m_w,new-milford-new-jersey
https://www.ubereats.com/new-jersey/food-delivery/rose-restaurant/_BThb1JqQISMboGVAXVC7w,new-milford-new-jersey
https://www.ubereats.com/new-jersey/food-delivery/ihop-141-n-dean-st-englewood/49m0XkXHTK2QM4uS1Lh46g,new-milford-new-jersey
https://www.ubereats.com/new-jersey/food-delivery/titos-mexican-street-eats/DDYMW0QzTQ2OYwBz9lBnJA,new-milford-new-jersey
https://www.ubereats.com/new-jersey/food-delivery/lido-restaurant/xJlGXmitSsymWBMZIvccOw,new-milford-new-jersey
https://www.ubereats.com/new-jersey/food-delivery/subway-5-washington-ave/43pOmmbBS6WSYkRHWF4_Dg,new-milford-new-jersey
https://www.ubereats.com/new-jersey/food-delivery/kungfu-crab/BtFjQwDbTYeWmoKtgEctVw,new-milford-new-jersey
https://www.ubereats.com/new-jersey/food-delivery/el-rey-de-las-arepas/kf7dKeybTCaLsekSxxwfXA,new-milford-new-jersey
https://www.ubereats.com/new-jersey/food-delivery/cold-stone-234-closter-dock-rd/WHBFtW_7Qxi927Srq09ong,new-milford-new-jersey
https://www.ubereats.com/new-jersey/food-delivery/lefkes/mD-eoJ52Sgi9Pj26h1u6Sw,new-milford-new-jersey
https://www.ubereats.com/new-jersey/food-delivery/five-guys-nj-1444-370-essex-street/TQsunSuFTreKwIcmBZGPNA,new-milford-new-jersey
https://www.ubereats.com/new-jersey/food-delivery/coach-house-diner-and-restaurant/8_VSB3s9R-WwVN1D_n2nwg,new-milford-new-jersey
https://www.ubereats.com/new-jersey/food-delivery/bop-n-sushi/z24R9GlxQVCysqFqnq40hA,new-milford-new-jersey
https://www.ubereats.com/new-jersey/food-delivery/empanadas-monumental/heTga7VuQ7imzKrng5vdMQ,new-milford-new-jersey
https://www.ubereats.com/new-jersey/food-delivery/macmurphys-godwin-ave/ePiaxEdlS--Q5L20E5t_aA,new-milford-new-jersey
https://www.ubereats.com/new-jersey/food-delivery/vegan-food-truck/khJjnJt6QVaTTN3lj8dk8w,new-milford-new-jersey
https://www.ubereats.com/new-jersey/food-delivery/vish/OrKG9e3HQGyr_E8JTl46TA,new-milford-new-jersey
https://www.ubereats.com/new-jersey/food-delivery/friendlys-441-hillsdale-ave/fekHDizwTQC4YqrMGUHSZQ,new-milford-new-jersey
https://www.ubereats.com/new-jersey/food-delivery/sushi-village/DE3Biv1-TGmZcvnB7UXVlA,new-milford-new-jersey
https://www.ubereats.com/new-jersey/food-delivery/el-norte-restaurant/jqCK_fQVQr-bQqONIBgnug,new-milford-new-jersey
https://www.ubereats.com/new-jersey/food-delivery/taco-bell-171-state-rt-17/B3OiNEaMSguY-DZ-AstvSw,new-milford-new-jersey
https://www.ubereats.com/new-jersey/food-delivery/wendys-657-n-route-17/o8je-YE_ShySKKk9m33iEg,new-milford-new-jersey
https://www.ubereats.com/new-jersey/food-delivery/dunkin-754-river-rd/BncFC9mTQ-2DIPsR0VFw7A,new-milford-new-jersey
https://www.ubereats.com/new-jersey/food-delivery/dynasty-buffet/tqfxl2T1QmW0RBz0vpZTJQ,new-milford-new-jersey
https://www.ubereats.com/new-jersey/food-delivery/the-raw-squeeze/QVBKrzptQc-eJlywy8UHNA,new-milford-new-jersey
https://www.ubereats.com/new-jersey/food-delivery/garden-deli-and-grill/Up3-02oAQvmJIhMAGohfsQ,new-milford-new-jersey
https://www.ubereats.com/new-jersey/food-delivery/pronto-pizza/E-BBk533RcySI-R9riQZZA,new-milford-new-jersey
https://www.ubereats.com/new-jersey/food-delivery/bubbakoos-burritos/k1FvZ8HQSsWwtfsOmEWGow,new-milford-new-jersey
https://www.ubereats.com/new-jersey/food-delivery/kfc-taco-bell-2170-fletcher-ave/3aiCZoZoQdGQxToYmyjIJQ,new-milford-new-jersey
https://www.ubereats.com/new-jersey/food-delivery/cmc-deli/lyLw1egUSfKClVfc9EElVA,new-milford-new-jersey
https://www.ubereats.com/new-jersey/food-delivery/los-paisas-colombian-bakery/sYeRUo7zSjmC7iHccGphbQ,new-milford-new-jersey
https://www.ubereats.com/new-jersey/food-delivery/poke-crew/CQhIARXERT6TAzJE2ZpACw,new-milford-new-jersey
https://www.ubereats.com/new-jersey/food-delivery/dunkin-380-essex-st/qKFs2cFRRxyX_H4aoqUzyQ,new-milford-new-jersey
https://www.ubereats.com/new-jersey/food-delivery/mcdonalds-835-market-st/aZzey_AnS5Oc79I0k4uC3Q,new-milford-new-jersey
https://www.ubereats.com/new-jersey/food-delivery/pasteles-y-algo-mas/JfmaputBQQeVCsxPtoKqHQ,new-milford-new-jersey
https://www.ubereats.com/new-jersey/food-delivery/gyro-king/khpxP4KTQN2WSG7XX-o2bQ,new-milford-new-jersey
https://www.ubereats.com/new-jersey/food-delivery/jersey-mikes-subs-305-route-17-s/43J-FNlETx63yV9R6dqG1g,new-milford-new-jersey
https://www.ubereats.com/new-jersey/food-delivery/dunkin-332-cedar-ln/gT3NBY-XSQWCseHARS_EmA,new-milford-new-jersey
https://www.ubereats.com/new-jersey/food-delivery/xing-wang-kitchen-chinese-restaurant/5_ZEbfDrTdOgvEp7d2KI3Q,new-milford-new-jersey
https://www.ubereats.com/new-jersey/food-delivery/burgerim-430-market-st/XAYjCoQTRIuab-0-D6wR4A,new-milford-new-jersey
https://www.ubereats.com/new-jersey/food-delivery/chillers-grill-catering-express/WTNPZrU-T7OTAfDkNkpASw,new-milford-new-jersey
https://www.ubereats.com/new-jersey/food-delivery/bareburger-455-chestnut-ridge-rd/BkPCYrRLTLakPOLyfRkCAg,new-milford-new-jersey
https://www.ubereats.com/new-jersey/food-delivery/spring-tree-bagels/wZnq_Jf0Swet3HaaExS4nA,new-milford-new-jersey
https://www.ubereats.com/new-jersey/food-delivery/bonanza-colombian-delights/aITo3MUBR2qGQnfi468ilQ,new-milford-new-jersey
https://www.ubereats.com/new-jersey/food-delivery/playa-bowls-franklin-lakes/py_VzK_EQIGEkdSTtwdNXw,new-milford-new-jersey
https://www.ubereats.com/new-jersey/food-delivery/el-malecon/FAvhHa6DQXuZ8rGDcNjUMg,new-milford-new-jersey
https://www.ubereats.com/new-jersey/food-delivery/quicks/VeGuwwozSjeHzpxnErwAWw,new-milford-new-jersey
https://www.ubereats.com/new-jersey/food-delivery/don-julio-restaurant/g7cM-jh_S02sO22uX9Ky9g,new-milford-new-jersey
https://www.ubereats.com/new-jersey/food-delivery/madison-cafe-%26-grill/a3uA8gmPQASQT50oIz2v-Q,new-milford-new-jersey
https://www.ubereats.com/new-jersey/food-delivery/the-village-grille/5HJ85RMXTlepp1ynORWMJA,new-milford-new-jersey
https://www.ubereats.com/new-jersey/food-delivery/big-papa-smokem-bbq/sGr76GXWTx6fLUlqYlEMxw,new-milford-new-jersey
https://www.ubereats.com/new-jersey/food-delivery/tao-haus/PrvscUWqTTiwxLzT7BoBdw,new-milford-new-jersey
https://www.ubereats.com/new-jersey/food-delivery/daruma-japanese-restaurant/iGhD1gmZSDGS-PSLgba-aw,new-milford-new-jersey
https://www.ubereats.com/new-jersey/food-delivery/real-fruit-bubble-tea-garden-state-plaza-us/su4ZyFX_Re2fUnmPXG-iYA,new-milford-new-jersey
https://www.ubereats.com/new-jersey/food-delivery/manhattan-bagel/jwU7rr2sSByg-Xo2Dfh_Lw,new-milford-new-jersey
https://www.ubereats.com/new-jersey/food-delivery/mangiamo-restaurant-%26-pizza/Ivdysi6RRCOwBUrhnLABiw,new-milford-new-jersey
https://www.ubereats.com/new-jersey/food-delivery/taqueria-los-gueros-englewood-nj/0pMO2dVuRpq8MOWJMF1Hmg,new-milford-new-jersey
https://www.ubereats.com/new-jersey/food-delivery/poppys-bagels-pizza-and-tcby/ZCDvyoVpTQaaUha_PhAuew,new-milford-new-jersey
https://www.ubereats.com/new-jersey/food-delivery/soba-noodle-azuma/-Exdo_siStOrWYJ79Zm_Jg,new-milford-new-jersey
https://www.ubereats.com/new-jersey/food-delivery/maguro-sushi-house/i0WFlIHdQTWjSNs2mBOviQ,new-milford-new-jersey
https://www.ubereats.com/new-jersey/food-delivery/green-fusion/EgRnUOJOTSC5uasjfpzkhA,new-milford-new-jersey
https://www.ubereats.com/new-jersey/food-delivery/coliseum-pizzeria/KqEQcMwCTrefTpHSGjYIdw,new-milford-new-jersey
https://www.ubereats.com/new-jersey/food-delivery/mr-cupcakes-700-paramus-park/tM6GOHTIS0Sl6W33_bul0A,new-milford-new-jersey
https://www.ubereats.com/new-jersey/food-delivery/hack%22n-shack-burger/lwTsy7QGQ0CdAnwMSGJP-Q,new-milford-new-jersey
https://www.ubereats.com/new-jersey/food-delivery/panchos-burritos-new-milford/nqYEd5mIT9qdrFqYLUm21A,new-milford-new-jersey
https://www.ubereats.com/new-jersey/food-delivery/zen-kitchen/B7ib9QONTHOec2ArNXhotQ,new-milford-new-jersey
https://www.ubereats.com/new-jersey/food-delivery/rockin-roots/BZGibeUwSiOWJC5aNujfxA,new-milford-new-jersey
https://www.ubereats.com/new-jersey/food-delivery/kral-pide/x4Y6ztC-S8i8LMxEMSph8w,new-milford-new-jersey
https://www.ubereats.com/new-jersey/food-delivery/chipotle-mexican-grill-10-nathaniel-pl/JdqgPVxtSVCDfPjH6UJegg,new-milford-new-jersey
https://www.ubereats.com/new-jersey/food-delivery/popeyes-east-paramus/wERoxfTcSRaS30bjoxV5WA,new-milford-new-jersey
https://www.ubereats.com/new-jersey/food-delivery/lotus-cafe/zdD-iHqhQZGrkg3kCTj9KQ,new-milford-new-jersey
https://www.ubereats.com/new-jersey/food-delivery/tom-sawyer-diner/MA1MZBniSaSIMmOSO-Uidg,new-milford-new-jersey
https://www.ubereats.com/new-jersey/food-delivery/sender-smokehouse/9QSMO5QiRJKlFcrOlBKwqQ,new-milford-new-jersey
https://www.ubereats.com/new-jersey/food-delivery/new-asia-chinese-restaurant/NZFWcNQ7TPOMEj53IZ7KWQ,new-milford-new-jersey
https://www.ubereats.com/new-jersey/food-delivery/bareburger-129-vervalen-st/lH0_vPcnTQKbuaDy-JFdJA,new-milford-new-jersey
https://www.ubereats.com/new-jersey/food-delivery/lao-ma-spicy/0GGo6yWTSsWmAxHVa951SQ,new-milford-new-jersey
https://www.ubereats.com/new-jersey/food-delivery/dunkin-278-closter-dock-rd/5GHFG93uSzaRlmi6PhXQxA,new-milford-new-jersey
https://www.ubereats.com/new-jersey/food-delivery/dunkin-429-us-highway-46/UviVha_4R_OJxMA82BKPPA,new-milford-new-jersey
https://www.ubereats.com/new-jersey/food-delivery/moes-southwest-grill-1061-main-street/ZrqgmJN4Q8afHilZ6rrCAg,new-milford-new-jersey
https://www.ubereats.com/new-jersey/food-delivery/starbucks-westwood-avenue/WJr1qbsCSdWU0pN34kne6Q,new-milford-new-jersey
https://www.ubereats.com/new-jersey/food-delivery/citrus-colombian-food/TxeSsEhNTBWBlf8K0r07nA,new-milford-new-jersey
https://www.ubereats.com/new-jersey/food-delivery/poke-aloha/eqFIaPnbTkSy7_psbtfWow,new-milford-new-jersey
https://www.ubereats.com/new-jersey/food-delivery/rock-n-roll-sushi-%26-noodle-bar/aS5UwEQUREKLazzUqyshjQ,new-milford-new-jersey
https://www.ubereats.com/new-jersey/food-delivery/lolitas-mexican-cantina/X2Bl5S9CQ2eMoQGZJik4ww,new-milford-new-jersey
https://www.ubereats.com/new-jersey/food-delivery/ora-cafe-%26-bistro/eDL7hLVQTmmPGb9aB9ytvA,new-milford-new-jersey
https://www.ubereats.com/new-jersey/food-delivery/sababa-grill/0qe1htDTQn-JNDCrdvLNTQ,new-milford-new-jersey
https://www.ubereats.com/new-jersey/food-delivery/jacks-lobster-shack%26oyster-bar/WFhBhgatRyuH0UKZmgck5Q,new-milford-new-jersey
https://www.ubereats.com/new-jersey/food-delivery/hot-fish/idYZF_l-TQCH5azM7eXoGQ,new-milford-new-jersey
https://www.ubereats.com/new-jersey/food-delivery/dunkin-32-piermont-rd/A7LXyTnRRsKbQn8Yrv2qgw,new-milford-new-jersey
https://www.ubereats.com/new-jersey/food-delivery/little-chef/cN-oapkkSdSqJgQ7UxQtCw,new-milford-new-jersey
https://www.ubereats.com/new-jersey/food-delivery/subway-61-nathaniel-pl/gacs46loT9GOMmufTiqdPA,new-milford-new-jersey
https://www.ubereats.com/new-jersey/food-delivery/wingstop-17-outwater-ln/jUwreoTrTKuyuEvVLmbgEA,new-milford-new-jersey
https://www.ubereats.com/new-jersey/food-delivery/gogo-sushi/Kxg4-f53QeyYuzI60lvV1Q,new-milford-new-jersey
https://www.ubereats.com/new-jersey/food-delivery/ihop-610-cedar-lane/g54wPrQnSce5lVpZ4sdE8w,new-milford-new-jersey
https://www.ubereats.com/new-jersey/food-delivery/el-tango-argentina-englewood/IVgwqCBBTvq7WS9FSGXoFg,new-milford-new-jersey
https://www.ubereats.com/new-jersey/food-delivery/berrylicious-pizzalicious-kosher-brick-oven-pizza-and-frozen-yogurt/rdZqXwz0TwaueB5bSMAhlw,new-milford-new-jersey
https://www.ubereats.com/new-jersey/food-delivery/la-sicilia/j5zLeJW4TWG-qG80h9-wIw,new-milford-new-jersey
https://www.ubereats.com/new-jersey/food-delivery/wok-18-chinese-kitchen/fRYQJulqRdG1Ba3ULPdsRA,new-milford-new-jersey
https://www.ubereats.com/new-jersey/food-delivery/midland-deli-%26-grill/YHqOCEClQnSYuIYqjGItKA,new-milford-new-jersey
https://www.ubereats.com/new-jersey/food-delivery/hooters-hackensack/-wsObrRQT4yi2b4LyyHEtA,new-milford-new-jersey
https://www.ubereats.com/new-jersey/food-delivery/outback-steakhouse-455-harmon-meadow-boulevard/unaoOZDzQ6e-lG31ZLGQkQ,new-milford-new-jersey
https://www.ubereats.com/new-jersey/food-delivery/amano-restaurant/cC98kI7uQricuVsIIagzuQ,new-milford-new-jersey
https://www.ubereats.com/new-jersey/food-delivery/marinade/QclfPd9lTG-44-L1CAuFtg,new-milford-new-jersey
https://www.ubereats.com/new-jersey/food-delivery/backstreet-cafe/jlfkWckzTgaJpZw5AK5vew,new-milford-new-jersey
https://www.ubereats.com/new-jersey/food-delivery/3-monkeys-restaurant/93RZPm0hRjqj4vb50drEcg,new-milford-new-jersey
https://www.ubereats.com/new-jersey/food-delivery/boom-boom-chicken-paramus/gkrWrhpsQBGFU_PsaXvuGw,new-milford-new-jersey
https://www.ubereats.com/new-jersey/food-delivery/starfish-cafe/SJcuJxnyTFO4NIn-PQh7Og,new-milford-new-jersey
https://www.ubereats.com/new-jersey/food-delivery/mcdonalds-hackensack/tyzAhYpDQtC9TAaO1iiXNA,new-milford-new-jersey
https://www.ubereats.com/new-jersey/food-delivery/dunkin-636-westwood-ave/LNMps51rQsqwMs_F3eSa5Q,new-milford-new-jersey
https://www.ubereats.com/new-jersey/food-delivery/cafe-gossip/_7NTYaydSG6qqIkctyC0ZA,new-milford-new-jersey
https://www.ubereats.com/new-jersey/food-delivery/blimpie-dumont/ZS85dx7IQg2QMs2vB04xpA,new-milford-new-jersey
https://www.ubereats.com/new-jersey/food-delivery/beard-papas/qtLQlsFRRv-e85swc9-W6g,new-milford-new-jersey
https://www.ubereats.com/new-jersey/food-delivery/bourbon-street-grille/K5qb0uZQSdG8KubgYxvcAQ,new-milford-new-jersey
https://www.ubereats.com/new-jersey/food-delivery/dosa-and-biryani-house/Wp0u3jyCRhO6G3YOzDg5EQ,new-milford-new-jersey
https://www.ubereats.com/new-jersey/food-delivery/ewha-won/hF0ZyzzcQiGDBeP7xXY6Mw,new-milford-new-jersey
https://www.ubereats.com/new-jersey/food-delivery/spice-garden/SwHCwQyrQL6sWt90Tem0CA,new-milford-new-jersey
https://www.ubereats.com/new-jersey/food-delivery/mocha-bar/1fkej51YRL-_CROXApRYtA,new-milford-new-jersey
https://www.ubereats.com/new-jersey/food-delivery/burger-king-250-north-washington-avenue/HClEYA4hTi6H0di6vDC_ng,new-milford-new-jersey
https://www.ubereats.com/new-jersey/food-delivery/lover-dogs/rwGa1IudSpaJQUDoEjMgyw,new-milford-new-jersey
https://www.ubereats.com/new-jersey/food-delivery/fontana-tritone/myz7pDIFRy-uXu_PMeALGw,new-milford-new-jersey
https://www.ubereats.com/new-jersey/food-delivery/generations-comfort-food-%26-catering/1-RAD-FTSPeEwWb2GbuBcw,new-milford-new-jersey
https://www.ubereats.com/new-jersey/food-delivery/paolos-gourmet/uFd9FxvuT5OoTouNia0YWw,new-milford-new-jersey
https://www.ubereats.com/new-jersey/food-delivery/taco-bell-415-south-washington-ave/gZwrQTfjSSq1ucRDPt4fcQ,new-milford-new-jersey
https://www.ubereats.com/new-jersey/food-delivery/bagel-culture/E8YYqxmJTI-dloPVblc9DQ,new-milford-new-jersey
https://www.ubereats.com/new-jersey/food-delivery/zendiggi-kebab-house/KhJkbcIzTOO63uxMFtCXrw,new-milford-new-jersey
https://www.ubereats.com/new-jersey/food-delivery/saddle-brook-diner/4LLi18ESRrqEe5puuNqrEQ,new-milford-new-jersey
https://www.ubereats.com/new-jersey/food-delivery/playa-bowls-rutherford/VgmGzu7UT-iQ6E7MurEK2g,new-milford-new-jersey
https://www.ubereats.com/new-jersey/food-delivery/dunkin-489-grand-ave/odrIGmsTTji80yvVSXINBg,new-milford-new-jersey
https://www.ubereats.com/new-jersey/food-delivery/prapaisri-thai-cuisine/9327OuexQ8a3IWAJTeW6nA,new-milford-new-jersey
https://www.ubereats.com/new-jersey/food-delivery/dunkin-886-prospect-st/U2-q-IInSiOg6c1kCuQTUw,new-milford-new-jersey
https://www.ubereats.com/new-jersey/food-delivery/poke-sushi-burrito-asian-restaurant/isTgdAiCTaW4aovWvM5PPw,new-milford-new-jersey
https://www.ubereats.com/new-jersey/food-delivery/sushi-x/bjk3fMc4QpWjR-dbchTc6A,new-milford-new-jersey
https://www.ubereats.com/new-jersey/food-delivery/estihana/laVAXahuSWa1hUs3nLQUVw,new-milford-new-jersey
https://www.ubereats.com/new-jersey/food-delivery/crossroads-deli/y1VG0uAeQ6iwI8qnhSbjrw,new-milford-new-jersey
https://www.ubereats.com/new-jersey/food-delivery/mcdonalds-hasbrk-hts-rt-17/zXew2aVwTHOTyAUnLtPJIA,new-milford-new-jersey
https://www.ubereats.com/new-jersey/food-delivery/the-right-pizza/j9JS_aMbQKmu2Q2mRUvJdQ,new-milford-new-jersey
https://www.ubereats.com/new-jersey/food-delivery/california-pizza-kitchen-1-garden-state-plaza-unit-2320/Kr6ya41nRymnblTWTm9GNQ,new-milford-new-jersey
https://www.ubereats.com/new-jersey/food-delivery/white-manna/y1h7BwNnSICyyKsi7cDCSA,new-milford-new-jersey
https://www.ubereats.com/new-jersey/food-delivery/sal-%26-pimienta-colombian-restaurant/R-iCfZkPT_q71zQKTlVcaw,new-milford-new-jersey
https://www.ubereats.com/new-jersey/food-delivery/yuki-hana-japanese-restaurant/x2CIiK5ESrOXdYNLpU4-WA,new-milford-new-jersey
https://www.ubereats.com/new-jersey/food-delivery/grandmas-kitchen/yxMWZaSpSkmXO4pSPipM7w,new-milford-new-jersey
https://www.ubereats.com/new-jersey/food-delivery/asian-american-food-mart/QM-JrFJgTS6Eg6HrYMLytA,new-milford-new-jersey
https://www.ubereats.com/new-jersey/food-delivery/el-piloncito/ovs_RXnIQaKW28PY1AgtVQ,new-milford-new-jersey
https://www.ubereats.com/new-jersey/food-delivery/mr-brunos-pizzeria/dfvnXCLEQbeGJD7CJw_Ffw,new-milford-new-jersey
https://www.ubereats.com/new-jersey/food-delivery/nirvana-indian-kitchen/MYIrl7BFSlGpD9TjsMFRnA,new-milford-new-jersey
https://www.ubereats.com/new-jersey/food-delivery/cava-bergen-town-center-route-4-east-%23e-3a/r8-DT38BSO6boY1NbiuEcA,new-milford-new-jersey
https://www.ubereats.com/new-jersey/food-delivery/wendys-150-north-washington-ave/9ziMDlwISXKB55gvl7OD9Q,new-milford-new-jersey
https://www.ubereats.com/new-jersey/food-delivery/ventanas-restaurant-%26-lounge/AA7H1TPGRd6Qq2_WpvfZGA,new-milford-new-jersey
https://www.ubereats.com/new-jersey/food-delivery/cafe-metro/hFSHRbKVSXq-z_0F6r7lvQ,new-milford-new-jersey
https://www.ubereats.com/new-jersey/food-delivery/callahans/OXnUGKgPS9afIILZuNIJXg,new-milford-new-jersey
https://www.ubereats.com/new-jersey/food-delivery/foschinis-brick-oven-kitchen-dumont/7keOXrGUStC2ETtM1Kq6fg,new-milford-new-jersey
https://www.ubereats.com/new-jersey/food-delivery/tommy-foxs-public-house/O_tl0zRDQt-u-zotMssjjA,new-milford-new-jersey
https://www.ubereats.com/new-jersey/food-delivery/zais-dessertery-inc/t6VSHINZQ1-ttdKEOKoX8w,new-milford-new-jersey
https://www.ubereats.com/new-jersey/food-delivery/hummus-elite/4_zKsFDeSliYoH2KnwKpmg,new-milford-new-jersey
https://www.ubereats.com/new-jersey/food-delivery/don-chicken/BMDvm-VeRjGIvJ2GyDgoVw,new-milford-new-jersey
https://www.ubereats.com/new-jersey/food-delivery/baraka-restaurant/sFN5ARhKSqCQ_ylJ7BYM_Q,new-milford-new-jersey
https://www.ubereats.com/new-jersey/food-delivery/casual-habana-cafe-hackensack/I2HnwoPLR0iyuhEvtmiUdQ,new-milford-new-jersey
https://www.ubereats.com/new-jersey/food-delivery/blackjack-mulligans-public-house/m1ZhplKUS1iXPsC2MDp8dA,new-milford-new-jersey
https://www.ubereats.com/new-jersey/food-delivery/bagel-supreme/LZCJwab_Qbyw_A0KCoCuBg,new-milford-new-jersey
https://www.ubereats.com/new-jersey/food-delivery/greek-lunch-box/mflKVPlmS-CqeKUGWk39nw,new-milford-new-jersey
https://www.ubereats.com/new-jersey/food-delivery/old-san-juan-express/sYH63rKsTpedXCv2-1Ca2A,new-milford-new-jersey
https://www.ubereats.com/new-jersey/food-delivery/the-hearth-tavern/xpwbYcOmTIWVOGzYd6BjLg,new-milford-new-jersey
https://www.ubereats.com/new-jersey/food-delivery/italian-riviera/xixWGKM0T0aOcRFx9I1bMw,new-milford-new-jersey
https://www.ubereats.com/new-jersey/food-delivery/chipotle-mexican-grill-134-linwood-plz/vE0ULbDyTbm_4d42lDpT8g,new-milford-new-jersey
https://www.ubereats.com/new-jersey/food-delivery/the-kebabci-west/fWMe9Nn6TWakjzIEu7pQyw,new-milford-new-jersey
https://www.ubereats.com/new-jersey/food-delivery/crab-island-cajun-seafood-%26-bar/nHqc28e5TYizK_vbmq8c8A,new-milford-new-jersey
https://www.ubereats.com/new-jersey/food-delivery/the-chicken-and-rib-crib/q0WPieJ8RLi4QkfI_zXs2Q,new-milford-new-jersey
https://www.ubereats.com/new-jersey/food-delivery/dunkin-440-a-forest-ave/NmJid_c7S5e_hZW0Ti_qjg,new-milford-new-jersey
https://www.ubereats.com/new-jersey/food-delivery/halmae-noodle-%ED%95%A0%EB%A7%A4%EC%B9%BC%EA%B5%AD%EC%88%98/5maHtL69QUuNUIyHDHZbHQ,new-milford-new-jersey
https://www.ubereats.com/new-jersey/food-delivery/chicken-delight/SGlyaCUrQ1yjzJkGj7opag,new-milford-new-jersey
https://www.ubereats.com/new-jersey/food-delivery/jade-lee-kitchen/jIy9mSjDSEuY4j1dwOOZvg,new-milford-new-jersey
https://www.ubereats.com/new-jersey/food-delivery/chimi-grab-and-go-bar/8qY8Sp-gQpWYMa1JC6McfQ,new-milford-new-jersey
https://www.ubereats.com/new-jersey/food-delivery/the-ridge-diner/HXFyNMIkQnCHYwbTysby-w,new-milford-new-jersey
https://www.ubereats.com/new-jersey/food-delivery/golden-krust-teaneck-nj/0dAtvlc6SmKDSuMwPwrO0g,new-milford-new-jersey
https://www.ubereats.com/new-jersey/food-delivery/stack-creamery/3qbMmP3TSxW2FP_WxfsWPA,new-milford-new-jersey
https://www.ubereats.com/new-jersey/food-delivery/burger-king-195-moonachie-road/XAplYb7rRia0a6E6AVPDNg,new-milford-new-jersey
https://www.ubereats.com/new-jersey/food-delivery/hunan-wok/vIQzsErrTXGHR7pWSh4oTw,new-milford-new-jersey
https://www.ubereats.com/new-jersey/food-delivery/jakumsung-%EC%9E%90%EA%B8%88%EC%84%B1/Pxpg88bcT7Gzl3vgCUw15g,new-milford-new-jersey
https://www.ubereats.com/new-jersey/food-delivery/the-happy-belly-cafe/MLDJh3IeS-KnvefWVhUJ3g,new-milford-new-jersey
https://www.ubereats.com/new-jersey/food-delivery/red-kettle-coffee-house/y2exhDBpSSGkIjE3qewgSQ,new-milford-new-jersey
https://www.ubereats.com/new-jersey/food-delivery/the-picco-tavern/hfqJjmt_TS-3XmDhMDMG4w,new-milford-new-jersey
https://www.ubereats.com/new-jersey/food-delivery/boston-market-314-essex-street/DnSWQihQRMOY7Ey_dfRLRA,new-milford-new-jersey
https://www.ubereats.com/new-jersey/food-delivery/taste-of-spain/uqc4H8-wQr6uZuIh8qKIJw,new-milford-new-jersey
https://www.ubereats.com/new-jersey/food-delivery/sofia/w7UFPv_1R4aogBCvN6CPnw,new-milford-new-jersey
https://www.ubereats.com/new-jersey/food-delivery/muk-eun-ji/b1mJP-q4TjiAoXsuinUOUg,new-milford-new-jersey
https://www.ubereats.com/new-jersey/food-delivery/china-house-delivery/xk-3iX4UQz2TrCfWThsVcA,new-milford-new-jersey
https://www.ubereats.com/new-jersey/food-delivery/mama-victoria-restaurant/rzMju6vxRuuIWoDs3EzD_Q,new-milford-new-jersey
https://www.ubereats.com/new-jersey/food-delivery/dunkin-250-bergen-tpke/C805SYiAQmWsSsPWqAjqHg,new-milford-new-jersey
https://www.ubereats.com/new-jersey/food-delivery/broadway-pizzeria-restaurant/MzE_Q_KrToaTJiQdSVDccQ,new-milford-new-jersey
https://www.ubereats.com/new-jersey/food-delivery/dunkin-291-n-main-st/7fNhCnTqSZayvep7U661IQ,new-milford-new-jersey
https://www.ubereats.com/new-jersey/food-delivery/samurai-sushi/xcObwMI3TEqgQWqIMwia0Q,new-milford-new-jersey
https://www.ubereats.com/new-jersey/food-delivery/choripan-rodizio-parrillada-argentina/2ZP76z0QTxOd_g3F7Pw-OQ,new-milford-new-jersey
https://www.ubereats.com/new-jersey/food-delivery/the-ice-cream-shop/amKR9iefQbqfH6Gd5Dg9hA,new-milford-new-jersey
https://www.ubereats.com/new-jersey/food-delivery/empanada-mania/oHGs70DZSHKY4vZkveAvWw,new-milford-new-jersey
https://www.ubereats.com/new-jersey/food-delivery/chipotle-mexican-grill-545-route-17-south/4WmEZWeoSQ6gIzTbz_uAdA,new-milford-new-jersey
https://www.ubereats.com/new-jersey/food-delivery/father-%26-son-seafood-and-steak-n-take/pleJXasNSqGIf_YzvM38Zw,new-milford-new-jersey
https://www.ubereats.com/new-jersey/food-delivery/syros-taverna/BVIroeP0QLyILc0Q0i2QCQ,new-milford-new-jersey
https://www.ubereats.com/new-jersey/food-delivery/yong-kang-street/LCVAD8bpTmO71Te8ywRO4A,new-milford-new-jersey
https://www.ubereats.com/new-jersey/food-delivery/the-bagel-shoppe/N18k_SUOSAGiVM4szR6CCA,new-milford-new-jersey
https://www.ubereats.com/new-jersey/food-delivery/la-havana-59/W2NyiOasS9m6wCYXx_86Nw,new-milford-new-jersey
https://www.ubereats.com/new-jersey/food-delivery/shake-shack-479-route-17-n/qpZnXxWCTAaorYaI3jzD0w,new-milford-new-jersey
https://www.ubereats.com/new-jersey/food-delivery/pokeworks-1-garden-state-plaza/rN2o_TVzQYmDsL8TtbHq4g,new-milford-new-jersey
https://www.ubereats.com/new-jersey/food-delivery/cafe-rx-piermont-rd/-UsbgBT5QeKsdFLjiJOV2Q,new-milford-new-jersey
https://www.ubereats.com/new-jersey/food-delivery/burger-king-439-market-st/I57MFXFRRsi6woC4FVgzig,new-milford-new-jersey
https://www.ubereats.com/new-jersey/food-delivery/taco-bell-paramus-park/e5dhAwGXSbiEalbtuygkuw,new-milford-new-jersey
https://www.ubereats.com/new-jersey/food-delivery/taco-bell-630-main-street/ZzO4kEKtQdu2izptIC1hAg,new-milford-new-jersey
https://www.ubereats.com/new-jersey/food-delivery/purr-fect-milkshakes/yGi7UdCMT3CJ-swOiNAGuA,new-milford-new-jersey
https://www.ubereats.com/new-jersey/food-delivery/zula-mediterranean-eatery/OHFwtCnLQ3erCqXzI35tWw,new-milford-new-jersey
https://www.ubereats.com/new-jersey/food-delivery/mi-rancho/dgR8_z1oTeqCXu23TRJ02w,new-milford-new-jersey
https://www.ubereats.com/new-jersey/food-delivery/mi-rancho/QeDcJtw_SI2kmHIExVqXBQ,new-milford-new-jersey
https://www.ubereats.com/new-jersey/food-delivery/fuki-sushi/C9lcj0Y9RVe6AM-yggOZxQ,new-milford-new-jersey
https://www.ubereats.com/new-jersey/food-delivery/charcoal-grill-fusion/OqtDMQi7TMi4L5KcueHTOg,new-milford-new-jersey
https://www.ubereats.com/new-jersey/food-delivery/rugova/6-Kpj7yBSR6IaBoNZ98TQg,new-milford-new-jersey
https://www.ubereats.com/new-jersey/food-delivery/market-eatery-badaya/Ngt6mmt3SzWx4uQVFCCXCQ,new-milford-new-jersey
https://www.ubereats.com/new-jersey/food-delivery/juice-journey-cafe/Etfjp1FpQCe0pBlHlick7w,new-milford-new-jersey
https://www.ubereats.com/new-jersey/food-delivery/pasquallys-pizza-%26-wings-275-e-route-4-ste-1/P8nDLkZwRwi_CSOp5jcbUg,new-milford-new-jersey
https://www.ubereats.com/new-jersey/food-delivery/wilkes-deli-of-glen-rock/VAMxagUmSySg1pXh0kc7Dg,new-milford-new-jersey
https://www.ubereats.com/new-jersey/food-delivery/the-humble-toast/KerXQXqWTHyIdwTsKlA9Uw,new-milford-new-jersey
https://www.ubereats.com/new-jersey/food-delivery/hansang-restaurant/gDzC2NbfTzOSFleYH0JM8A,new-milford-new-jersey
https://www.ubereats.com/new-jersey/food-delivery/sizzlin-seafood/XOfFIJjsTXahNp4CcAQpWQ,new-milford-new-jersey
https://www.ubereats.com/new-jersey/food-delivery/roses-place/aC8dfPhtSRCWzpodFbzrOA,new-milford-new-jersey
https://www.ubereats.com/new-jersey/food-delivery/casa-italiano/PTwaI7GaQKml3e2IulUJ5w,new-milford-new-jersey
https://www.ubereats.com/new-jersey/food-delivery/steel-wheel-tavern/ACUEfoikRsqQYwCM0SPlXg,new-milford-new-jersey
https://www.ubereats.com/new-jersey/food-delivery/banana-king-main-ave/WL7JTjF3Qhmkdj32kHRA_g,new-milford-new-jersey
https://www.ubereats.com/new-jersey/food-delivery/johnny-%26-hanges/7H5EN6BERGaCsaoC9N_e6Q,new-milford-new-jersey
https://www.ubereats.com/new-jersey/food-delivery/build-your-yogurt/QPFH_NoXRW6uDvSpVRGixQ,new-milford-new-jersey
https://www.ubereats.com/new-jersey/food-delivery/dunkin-101-midland-ave/3i4OuPhyS7GNi6jziAILaA,new-milford-new-jersey
https://www.ubereats.com/new-jersey/food-delivery/toros-clifton/lQ65PFSoSqy_Jp1bLcblwA,new-milford-new-jersey
https://www.ubereats.com/new-jersey/food-delivery/casa-della-pasta/KtlU5cNiQeGUu3BctetJJQ,new-milford-new-jersey
https://www.ubereats.com/new-jersey/food-delivery/rudra-indian-bistro/Ku2-nHmUS5G7Sl5fIDW_nw,new-milford-new-jersey
https://www.ubereats.com/new-jersey/food-delivery/the-habit-burger-grill-3101-promenade-bl/ClIYJzJuQFO9Mfea3r7VYA,new-milford-new-jersey
https://www.ubereats.com/new-jersey/food-delivery/mcdonalds-hackensack-river/cM0c8mJmTJiQ7zncZFoVLw,new-milford-new-jersey
https://www.ubereats.com/new-jersey/food-delivery/ajae-budae-korean-restaurant/QvFkgS8LRduQ8cY2DzsM9g,new-milford-new-jersey
https://www.ubereats.com/new-jersey/food-delivery/charleys-philly-steaks-700-paramus-park/t1VBSr11SIasAnsMDdNHSA,new-milford-new-jersey
https://www.ubereats.com/new-jersey/food-delivery/brownstone-pancake-factory/5IFSLNZeRSCge5ootH8BTg,new-milford-new-jersey
https://www.ubereats.com/new-jersey/food-delivery/sambong-naengmyun/Uhx5XdteQiqyZZMeGpUUWw,new-milford-new-jersey
https://www.ubereats.com/new-jersey/food-delivery/just-platters/wBmHLbVNTuiLQ7rUBokUDA,new-milford-new-jersey
https://www.ubereats.com/new-jersey/food-delivery/matsuyama/IwV0_pyxTJWNWy0QBQWfOw,new-milford-new-jersey
https://www.ubereats.com/new-jersey/food-delivery/yasou-paros/EpLy0l4LSiapbWElBlbF-w,new-milford-new-jersey
https://www.ubereats.com/new-jersey/food-delivery/giovannis-bicycle-club/ahDvvamuTEGaOu-CDEvDLQ,new-milford-new-jersey
https://www.ubereats.com/new-jersey/food-delivery/la-fogata-italian-ristorante/HoJ1SRuNS9eb3uBOSZ_PkQ,new-milford-new-jersey
https://www.ubereats.com/new-jersey/food-delivery/glaze-donuts/nFFtF26sS_WKHefScAbqoQ,new-milford-new-jersey
https://www.ubereats.com/new-jersey/food-delivery/150-applebees-paramus/QRuv9sN8Ty60m6qMT8Amxw,new-milford-new-jersey
https://www.ubereats.com/new-jersey/food-delivery/yechun-restaurant/39cTf4yjT4-JVsh1wM4rsg,new-milford-new-jersey
https://www.ubereats.com/new-jersey/food-delivery/dunkin-209-main-st/QxqsdPxRQZCqXSKlsHntjA,new-milford-new-jersey
https://www.ubereats.com/new-jersey/food-delivery/subway-559-cedar-ln/GtwVltRoQA6HYbpinMHzpQ,new-milford-new-jersey
https://www.ubereats.com/new-jersey/food-delivery/bjs-restaurant-%26-brewhouse-21-teterboro-landing-drive/t4yUcz_JSk6fG5uFC4qNgA,new-milford-new-jersey
https://www.ubereats.com/new-jersey/food-delivery/taco-bell-500-s-river-st/K6GF9V9OTvSoKvEMqlN0EA,new-milford-new-jersey
https://www.ubereats.com/new-jersey/food-delivery/the-market-place/YGhQ5bpESnKEnqJOzgW3zg,new-milford-new-jersey
https://www.ubereats.com/new-jersey/food-delivery/hoshitori/LXP2pqIoSNO6DthBb3Gm3w,new-milford-new-jersey
https://www.ubereats.com/new-jersey/food-delivery/cemitas-poblanas-restaurant/s_Y8qZssR2GB7IuqNPav-Q,new-milford-new-jersey
https://www.ubereats.com/new-jersey/food-delivery/ruby-thai-kitchen/VUCo3TEqRF-QCePQzbuwxQ,new-milford-new-jersey
https://www.ubereats.com/new-jersey/food-delivery/pearl-restaurant/GZrhgJHDRuyV42-tOYAg1g,new-milford-new-jersey
https://www.ubereats.com/new-jersey/food-delivery/el-turco-grill/qOw_N8adQtaXy-Ex8wH9Iw,new-milford-new-jersey
https://www.ubereats.com/new-jersey/food-delivery/mikes-delicatessen/Uvf6SOSaTZiyPcgvkzT1DA,new-milford-new-jersey
https://www.ubereats.com/new-jersey/food-delivery/ma-mi-eatery/yiYO1-6gR9amxwFpougR5Q,new-milford-new-jersey
https://www.ubereats.com/new-jersey/food-delivery/organic-tofu-house/h9pB_3_MS-aatGgZY2HcIQ,new-milford-new-jersey
https://www.ubereats.com/new-jersey/food-delivery/koala-lounge/1-oLLAZ7TauFVUPmxPIORw,new-milford-new-jersey
https://www.ubereats.com/new-jersey/food-delivery/sweet-berry-bowls-englewood/4JiJ-MzMQR6CBRN9pw6DOg,new-milford-new-jersey
https://www.ubereats.com/new-jersey/food-delivery/burger-king-38-hackensack-avenue/DM1UFf7SQdy4dn2i7Auhcg,new-milford-new-jersey
https://www.ubereats.com/new-jersey/food-delivery/bonchon-chicken-184-essex-st/aB62rhebR-CI58xDL41r9A,new-milford-new-jersey
https://www.ubereats.com/new-jersey/food-delivery/bread-boutique-%26-cafe/HfiFQ1ZaReGnizgZSsdomQ,new-milford-new-jersey
https://www.ubereats.com/new-jersey/food-delivery/kilim-mediterranean-cuisine/KMM-P7xMTVmmNZ0H-jkcpw,new-milford-new-jersey
https://www.ubereats.com/new-jersey/food-delivery/gelatissimo-cafe/VACkQqgOSbKAOqovFDnGAw,new-milford-new-jersey
https://www.ubereats.com/new-jersey/food-delivery/jacks-lobster-shack/pIDAWBHKQkGOM-GlteAN3A,new-milford-new-jersey
https://www.ubereats.com/new-jersey/food-delivery/leone/G63qQ-3tR1y5iEPhTokZQg,new-milford-new-jersey
https://www.ubereats.com/new-jersey/food-delivery/organicnaturebowls/O5cACjpCRkmYeYXpql80vA,new-milford-new-jersey
https://www.ubereats.com/new-jersey/food-delivery/bens-bagel-barn/89ZskndDRS2EYZYrjjT2nQ,new-milford-new-jersey
https://www.ubereats.com/new-jersey/food-delivery/eggwich/qPYrv6eNRRCoKLKNl8cJMQ,new-milford-new-jersey
https://www.ubereats.com/new-jersey/food-delivery/bbq-chicken-old-tappan-nj/jQNfb6moRHOZOuHpEHvhGQ,new-milford-new-jersey
https://www.ubereats.com/new-jersey/food-delivery/cafe-luna/n0AloRdbTdesLxU3cudsog,new-milford-new-jersey
https://www.ubereats.com/new-jersey/food-delivery/sep-sushi/d-yB0Cq1SsiDKlUiA6DSoQ,new-milford-new-jersey
https://www.ubereats.com/new-jersey/food-delivery/napoli-mania/-fxW7me7Q0mhmPVspK1IlQ,new-milford-new-jersey
https://www.ubereats.com/new-jersey/food-delivery/kennedy-fried-chicken/qU5ntxjCSRCuunyNrLhZKQ,new-milford-new-jersey
https://www.ubereats.com/new-jersey/food-delivery/mamouns-falafel-paramus/BXeRLIRiTVWSyBAooAaDBA,new-milford-new-jersey
https://www.ubereats.com/new-jersey/food-delivery/linwood-pizza-fort-lee/NwW9saSSSrmJ1EQ62gDM0w,new-milford-new-jersey
https://www.ubereats.com/new-jersey/food-delivery/river-edge-diner-%26-restaurant/GigsMqZqTpGXqOGMshxx8g,new-milford-new-jersey
https://www.ubereats.com/new-jersey/food-delivery/burger-king-55-godwin-avenue/3qdXlTOKR2iMO5hSxQZptw,new-milford-new-jersey
https://www.ubereats.com/new-jersey/food-delivery/georges-seafood/C3cvfCdsTfCRSWHPOUzi1w,new-milford-new-jersey
https://www.ubereats.com/new-jersey/food-delivery/baumgarts-cafe-englewood/Tpi6mTDzQUu3-f0rvcTM-g,new-milford-new-jersey
https://www.ubereats.com/new-jersey/food-delivery/le-bon-choix/0GNvTqpIRT-_zjDwG4eDSw,new-milford-new-jersey
https://www.ubereats.com/new-jersey/food-delivery/myra/UK8RBa8NShSNlIMOz9hBlg,new-milford-new-jersey
https://www.ubereats.com/new-jersey/food-delivery/halal-boyz/d_CmrQPyS0-zGTmpxaYYnQ,new-milford-new-jersey
https://www.ubereats.com/new-jersey/food-delivery/blimpie/5wXxuWiQRSKzO1awVb---w,new-milford-new-jersey
https://www.ubereats.com/new-jersey/food-delivery/mr-franks-llc/xQ2GQwj0TmuSX5RTeEBi1A,new-milford-new-jersey
https://www.ubereats.com/new-jersey/food-delivery/maggies-southern-kitchen/ARmi3sceSp-_QkRJBTCqvg,new-milford-new-jersey
https://www.ubereats.com/new-jersey/food-delivery/kfc-hasbrouck-heights/zbQ4YAFOT128u4dTjQCiXw,new-milford-new-jersey
https://www.ubereats.com/new-jersey/food-delivery/patisserie-florentine/SWmjOp23SMm4wwBiCXOUSA,new-milford-new-jersey
https://www.ubereats.com/new-jersey/food-delivery/tpr-pizzeria/cGetgNmCRRCiFY4mL3iTsg,new-milford-new-jersey
https://www.ubereats.com/new-jersey/food-delivery/chuck-e-cheese-275-nj-4/uhU_Og_LRSmLf-kkJb7m6w,new-milford-new-jersey
https://www.ubereats.com/new-jersey/food-delivery/carvel-240-south-summit-avenue/FXIEjLl4RgqOJvcDuoKa3g,new-milford-new-jersey
https://www.ubereats.com/new-jersey/food-delivery/lucky-roll-ice-cream-and-boba/_Kt7VhNKTeyytMf-Kq04Mg,new-milford-new-jersey
https://www.ubereats.com/new-jersey/food-delivery/cresskill-hot-bagels/NQVSeSwWTxmpklpVIj2cvQ,new-milford-new-jersey
https://www.ubereats.com/new-jersey/food-delivery/spartan-meal-preps/nVhBbs7aS7KdnkiYgzCzCw,new-milford-new-jersey
https://www.ubereats.com/new-jersey/food-delivery/el-asadero-mexican-grill/mvTSEuVERsSGr5mSSw5oQw,new-milford-new-jersey
https://www.ubereats.com/new-jersey/food-delivery/ristorante-nanni/X0fT2o_iQiOblQBDq1B8mQ,new-milford-new-jersey
https://www.ubereats.com/new-jersey/food-delivery/firehouse-subs-hackensack/RGIzw6rhQo-mLDMzjzCB9Q,new-milford-new-jersey
https://www.ubereats.com/new-jersey/food-delivery/smashburger-556-rte-17-north/Dcy3u8H5QvyIATUnxCCw8g,new-milford-new-jersey
https://www.ubereats.com/new-jersey/food-delivery/orange-leaf-frozen-yogurt-171-e-ridgewood-avenue/17k2DN9eR-OIUSKhfagOrw,new-milford-new-jersey
https://www.ubereats.com/new-jersey/food-delivery/port-of-call/lW-MUuZkSQ2P4KdZfx2UUQ,new-milford-new-jersey
https://www.ubereats.com/new-jersey/food-delivery/titos-modern-street-eats/a8hDlh6LQMaXjiaahNr_NA,new-milford-new-jersey
https://www.ubereats.com/new-jersey/food-delivery/pizzaiolo-by-brothers/CwRK28lJTCGElT5ez8rGRA,new-milford-new-jersey
https://www.ubereats.com/new-jersey/food-delivery/salsa-cafe-restaurant/-6hkuVZyTWiruaa0xmn-Yg,new-milford-new-jersey
https://www.ubereats.com/new-jersey/food-delivery/mcdonalds-326-s-washington-ave/dmCsu6LtTEeYN9-VHHHauQ,new-milford-new-jersey
https://www.ubereats.com/new-jersey/food-delivery/mama-elenas-passaic/yUvdsUQVSo-RhvIlpxhnDA,new-milford-new-jersey
https://www.ubereats.com/new-jersey/food-delivery/catchy-cafe/H2meclGET8eVNlNGeYSxlw,new-milford-new-jersey
https://www.ubereats.com/new-jersey/food-delivery/don-chicken/PV9URw3tRyGjDBart3hv1w,new-milford-new-jersey
https://www.ubereats.com/new-jersey/food-delivery/subway-335-main-st/BCq_3SqqStmrW2NcwScyvQ,new-milford-new-jersey
https://www.ubereats.com/new-jersey/food-delivery/cubbys-bbq-restaurant/ZMgIhqAIR_681WkiJ7tlhw,new-milford-new-jersey
https://www.ubereats.com/new-jersey/food-delivery/muscle-maker-grill-clifton/gwsq3c1AQ4OvtDrl0AXW8A,new-milford-new-jersey
https://www.ubereats.com/new-jersey/food-delivery/cassies-restaurant/7M0GejexSQCwOwiHJScPyA,new-milford-new-jersey
https://www.ubereats.com/new-jersey/food-delivery/mini-mart/_e_DLrIISOi5Jps617JLsw,new-milford-new-jersey
https://www.ubereats.com/new-jersey/food-delivery/farmhouse-cafe-and-eatery-westwood/2HsrfxNgRViV58cZ5_zgjw,new-milford-new-jersey
https://www.ubereats.com/new-jersey/food-delivery/boulevard-chinese-restaurant/ZASz-upATsud9kVe6P0n-w,new-milford-new-jersey
https://www.ubereats.com/new-jersey/food-delivery/cuban-eddies/5AFco4gqQOi-uY5_b6TGWA,new-milford-new-jersey
https://www.ubereats.com/new-jersey/food-delivery/biddy-omalleys/XDnZGfdzSG-6iOquHhMagQ,new-milford-new-jersey
https://www.ubereats.com/new-jersey/food-delivery/juicy!-platters-halal-hackensack/dLu6heQWQMGSDMMyALuxiA,new-milford-new-jersey
https://www.ubereats.com/new-jersey/food-delivery/blimpie/95hRNU4LRpOAcYND8H2LVQ,new-milford-new-jersey
https://www.ubereats.com/new-jersey/food-delivery/kfc-585-cedar-ln/6xa6Za4pSiaEFawG1cy8aw,new-milford-new-jersey
https://www.ubereats.com/new-jersey/food-delivery/dunkin-440-rochelle-ave/2BeiHXqWQO27yZMgjnlIDA,new-milford-new-jersey
https://www.ubereats.com/new-jersey/food-delivery/starbucks-emerson-kinderkamack/b-VAvOhiTPS4OzyxcrDioA,new-milford-new-jersey
https://www.ubereats.com/new-jersey/food-delivery/brainfreeze-ice-cream/p0YQWemuRzmCwPE3-yc3hw,new-milford-new-jersey
https://www.ubereats.com/new-jersey/food-delivery/popeyes-teaneck/XOJ5MigmQzSn0qGGGZiOYQ,new-milford-new-jersey
https://www.ubereats.com/new-jersey/food-delivery/14-parish-caribbean-kitchen/REF_T3dBTbyEciliojJE_A,new-milford-new-jersey
https://www.ubereats.com/new-jersey/food-delivery/uncle-louie-g-ices-and-ice-cream-maywood/E_b5pIkXSiWTHLTAs5fUwA,new-milford-new-jersey
https://www.ubereats.com/new-jersey/food-delivery/picnic/YAx3T-8XRcKD1Qq_mscJqg,new-milford-new-jersey
https://www.ubereats.com/new-jersey/food-delivery/bohemia-restaurant/b0vpnr-VRZSchh6ie9AArw,new-milford-new-jersey
https://www.ubereats.com/new-jersey/food-delivery/coco-fresh-tea-%26-juice-hackensack-ave/XBPgFCW-Ti6j6yIBEBe9MA,new-milford-new-jersey
https://www.ubereats.com/new-jersey/food-delivery/just-platters/hGOctzdYTkuH3ZIxZk8Y0g,new-milford-new-jersey
https://www.ubereats.com/new-jersey/food-delivery/pho-thai-lao-kitchen/6079L_L9Q8SoKFoBN8IzoQ,new-milford-new-jersey
https://www.ubereats.com/new-jersey/food-delivery/borderline-bagels/74GLKXGfQ6O3gPe_3eVlAQ,new-milford-new-jersey
https://www.ubereats.com/new-jersey/food-delivery/carvel-450-hackensack-avenue/dQ1qETOvTjiUfL-qIIi9Rw,new-milford-new-jersey
https://www.ubereats.com/new-jersey/food-delivery/nazca-peruvian-restaurant-%26-bar/jRV7DqQUTLKL1UKJChuQFA,new-milford-new-jersey
https://www.ubereats.com/new-jersey/food-delivery/the-churros-factory/LISDNr5hQeSgRifdN9ELlg,new-milford-new-jersey
https://www.ubereats.com/new-jersey/food-delivery/cafe-angelique/03DX5sCmSfOFik5zhVNxdA,new-milford-new-jersey
https://www.ubereats.com/new-jersey/food-delivery/jerkd-kitchen/AaSsLS4cTGeHo3AzmQRbSg,new-milford-new-jersey
https://www.ubereats.com/new-jersey/food-delivery/blue-42/LKsAdhJvQyqqE4TaSRhTLA,new-milford-new-jersey
https://www.ubereats.com/new-jersey/food-delivery/yummy-treats-cafe/S_PjMFuUShiASd563TmgCA,new-milford-new-jersey
https://www.ubereats.com/new-jersey/food-delivery/the-good-neighbor-juice-bar/t7ghqQ4HTXOzobT8xVGomA,new-milford-new-jersey
https://www.ubereats.com/new-jersey/food-delivery/dunkin-417-washington-ave/npL1GRCKRUWPhEsJR5x6Zg,new-milford-new-jersey
https://www.ubereats.com/new-jersey/food-delivery/boston-market-180-hackensack-avenue/elqjTfKESteEzjzee7lumQ,new-milford-new-jersey
https://www.ubereats.com/new-jersey/food-delivery/millers-ale-house-paramus/hKj_X3bGScq7HmNXZFMqQw,new-milford-new-jersey
https://www.ubereats.com/new-jersey/food-delivery/kfc-saddle-brook/qG1mIZNAQLilbrOpQTqyBg,new-milford-new-jersey
https://www.ubereats.com/new-jersey/food-delivery/five-guys-nj-0173-450-hackensack-ave/GsgSJPgYTNyS-ugCeq_3NA,new-milford-new-jersey
https://www.ubereats.com/new-jersey/food-delivery/grand-indian-restaurant/ad_DPB8iTWaWqNWLT4tpiw,new-milford-new-jersey
https://www.ubereats.com/new-jersey/food-delivery/kimchi-bros/nfq9pSxERGKKdTedPhOnJg,new-milford-new-jersey
https://www.ubereats.com/new-jersey/food-delivery/dunkin-132-hardenburgh-ave/Buga6o84SJytelHjsiecVA,new-milford-new-jersey
https://www.ubereats.com/new-jersey/food-delivery/la-hueca-del-cangrejo/BFkI--bTT3ydMfiuGgCUNg,new-milford-new-jersey
https://www.ubereats.com/new-jersey/food-delivery/oceanos-restaurant/59b5jkEhQTSyaq8NNBOvRg,new-milford-new-jersey
https://www.ubereats.com/new-jersey/food-delivery/el-rincon-cibaeno/Nki5ME4UTkOVHkcpjtXm5A,new-milford-new-jersey
https://www.ubereats.com/new-jersey/food-delivery/131-applebees-garfield/1b-YLVZ-S9-figPT5HuRAg,new-milford-new-jersey
https://www.ubereats.com/new-jersey/food-delivery/stones-original-jerk-chicken-restaurant/giJlXE97QHCJm1vOpHT-cQ,new-milford-new-jersey
https://www.ubereats.com/new-jersey/food-delivery/king-hong-restaurant/PkAQWxrTTK-TPUWjaSZFlQ,new-milford-new-jersey
https://www.ubereats.com/new-jersey/food-delivery/chipotle-mexican-grill-9-teterboro-landing-dr/aL_zuBRlSJKXppEjdOT_Ew,new-milford-new-jersey
https://www.ubereats.com/new-jersey/food-delivery/dunkin-1406-teaneck-rd/F1hNzVblRAGajbFEwc2ezw,new-milford-new-jersey
https://www.ubereats.com/new-jersey/food-delivery/bergen-brick-oven-bar-%26-grill/dmYBqFY0SdifP8Vpj3oVww,new-milford-new-jersey
https://www.ubereats.com/new-jersey/food-delivery/smashburger-390-hackensack-ave-space-169/mXi63XXuS5iaXvEvfjUs6A,new-milford-new-jersey
https://www.ubereats.com/new-jersey/food-delivery/firehouse-subs-41-w-palisade-ave/rEERCXx1RAiCwnPTeu9MRQ,new-milford-new-jersey
https://www.ubereats.com/new-jersey/food-delivery/market-eatery-ondubu/22jSf3eLR1G0Cn1zwwPcMg,new-milford-new-jersey
https://www.ubereats.com/new-jersey/food-delivery/carmine-and-rays-pizza/C63Hi7MfRYWY2CukHVCPJw,new-milford-new-jersey
https://www.ubereats.com/new-jersey/food-delivery/dunkin-458-midland-ave/mc_i81SzQFSeqCOzapbmGQ,new-milford-new-jersey
https://www.ubereats.com/new-jersey/food-delivery/baumgarts-cafe-ridgewood/Pbuml-dkS3qHUHeS5Se0NQ,new-milford-new-jersey
https://www.ubereats.com/new-jersey/food-delivery/lotus-thai-cuisine/6tuxrNc3SsSljJfFd5Wu9w,new-milford-new-jersey
https://www.ubereats.com/new-jersey/food-delivery/manhattan-bagel-engelwood/SZOaVqbBRfeLa6qmGj4gYw,new-milford-new-jersey
https://www.ubereats.com/new-jersey/food-delivery/bartolomeo-deli-and-pizza/mr6rULaSREmBOZLA7fGRIA,new-milford-new-jersey
https://www.ubereats.com/new-jersey/food-delivery/bv-tuscany-italian-restaurant/24kLXsKTTj-3y7K2vzhmGw,new-milford-new-jersey
https://www.ubereats.com/new-jersey/food-delivery/little-mexico-mexican-restaurant/sYgzZ3K2QV6DDeVIe-rKDg,new-milford-new-jersey
https://www.ubereats.com/new-jersey/food-delivery/la-casa-del-buen-sabor/-Qb0Twj1RDKR4Y5Jxd99-Q,new-milford-new-jersey
https://www.ubereats.com/new-jersey/food-delivery/pho-saigon-296-main-st/1Dywq74gRmuQJ1t96DBrWA,new-milford-new-jersey
https://www.ubereats.com/new-jersey/food-delivery/la-fogata-latina/Db3JONgsTvy7gIU2001c5Q,new-milford-new-jersey
https://www.ubereats.com/new-jersey/food-delivery/osteria-italiana-ristorante-pizzeria/ZNd6dDSIQ469q_cHUshxkA,new-milford-new-jersey
https://www.ubereats.com/new-jersey/food-delivery/reggae-kitchen/Nbi6d5TVTsm_s3MJneZb0Q,new-milford-new-jersey
https://www.ubereats.com/new-jersey/food-delivery/aumm-aumm-at-the-brownstone/rcuzkYEfSoeEyElEhSquQg,new-milford-new-jersey
https://www.ubereats.com/new-jersey/food-delivery/sultan-palace/FFxln85qTX-AgcQTkcWs7Q,new-milford-new-jersey
https://www.ubereats.com/new-jersey/food-delivery/suburban-diner/CjThc2ehRSeO2XI9giVj2Q,new-milford-new-jersey
https://www.ubereats.com/new-jersey/food-delivery/simply-chinese%E9%A3%9F%E7%A5%9Echinese-restaurant/ArFexQOOQdq92ImYqNAVog,new-milford-new-jersey
https://www.ubereats.com/new-jersey/food-delivery/the-office-tavern-grill-ridgewood/22IpzqoqSRe7-XFgr1Mckg,new-milford-new-jersey
https://www.ubereats.com/new-jersey/food-delivery/burgerim-477-s-washington-ave/NuJVL9DoSseNhCUPP9LN2g,new-milford-new-jersey
https://www.ubereats.com/new-jersey/food-delivery/ben-and-jerrys-palisade/DkrnnQWCRry_KDfyGNGpjg,new-milford-new-jersey
https://www.ubereats.com/new-jersey/food-delivery/espos-pizza-at-the-fireplace/AdbipNEPTuGg54c37yQgtg,new-milford-new-jersey
https://www.ubereats.com/new-jersey/food-delivery/cinnabon-450-hackensack-ave/UBzZarqJR-22d1WQTdpmww,new-milford-new-jersey
https://www.ubereats.com/new-jersey/food-delivery/smashburger-170-essex-st-ste-1/bQ3SqPN1Q9m1YvdH_cU41Q,new-milford-new-jersey
https://www.ubereats.com/new-jersey/food-delivery/kaya-asian-fusion-bar/qnaMvV9vRYS0ADadYxRbog,new-milford-new-jersey
https://www.ubereats.com/new-jersey/food-delivery/tenafly-classic-diner/mfxCSfpTQG-g3oqbXzkUhQ,new-milford-new-jersey
https://www.ubereats.com/new-jersey/food-delivery/the-kebabci-west/G7FUmFwFSuqJpOmtefzzyA,new-milford-new-jersey
https://www.ubereats.com/new-jersey/food-delivery/blazed-chicken/QCiBwrUoRamxsq1-WneDiw,new-milford-new-jersey
https://www.ubereats.com/new-jersey/food-delivery/cuban-eddies-morlot-ave/aHLk_IOpTcOff5Q4LJutGg,new-milford-new-jersey
https://www.ubereats.com/new-jersey/food-delivery/mei-sushi/lPSRdvYpTfqaUFKsfS98Dg,new-milford-new-jersey
https://www.ubereats.com/new-jersey/food-delivery/dunkin-441-old-hook-rd/Jgvp5fAeSv-UizXPYQCdfA,new-milford-new-jersey
https://www.ubereats.com/new-jersey/food-delivery/el-primo/O_dmD2o-RZCQVotSt8hlSA,new-milford-new-jersey
https://www.ubereats.com/new-jersey/food-delivery/blimpie-river-edge/sx6bRB5TTkah6q3YuId8fA,new-milford-new-jersey
https://www.ubereats.com/new-jersey/food-delivery/henrys-pizzeria-restaurant/vg2Z2QF7SZaXJh2PZgiBpQ,new-milford-new-jersey
https://www.ubereats.com/new-jersey/food-delivery/mortons-the-steakhouse-one-riverside-square/ZUTvGduaSX2DtZgUWcFBbw,new-milford-new-jersey
https://www.ubereats.com/new-jersey/food-delivery/conrads-confectionery/8DcJEogrRw6bIV6_yv92YA,new-milford-new-jersey
https://www.ubereats.com/new-jersey/food-delivery/mr-moos-ice-cream-cafe-ridgewood-nj/SqJbJenpTvaNdtBRfpy9BA,new-milford-new-jersey
https://www.ubereats.com/new-jersey/food-delivery/armandos-tuscan-grill-westwood-ave/B1su73svQWKS5iNH1XZGcA,new-milford-new-jersey
https://www.ubereats.com/new-jersey/food-delivery/little-italy-%40-grand-and-essex-market/Wz7PcH3pTZ2OMVv-imgWLA,new-milford-new-jersey
https://www.ubereats.com/new-jersey/food-delivery/juicy!-platters-halal-fair-lawn/sOod3RYASMCO-R-7DZbSsQ,new-milford-new-jersey
https://www.ubereats.com/new-jersey/food-delivery/casual-habana-cafe-new-milford/ghHTVinpQpOYqmTrhTCvgg,new-milford-new-jersey
https://www.ubereats.com/new-jersey/food-delivery/the-picco-market/YRhwJXPARXaxus_mdZ2lJg,new-milford-new-jersey
https://www.ubereats.com/new-jersey/food-delivery/sarku-japan/g6wXGrWnS8ax4PMHb7fvEw,new-milford-new-jersey
https://www.ubereats.com/new-jersey/food-delivery/j-maru-sushi/xoxcP8pzS8iXdOPksVIVVA,new-milford-new-jersey
https://www.ubereats.com/new-jersey/food-delivery/five-guys-nj-0432-54-route-17-north/2xzF9-HLSleBwa9Ve3qFEg,new-milford-new-jersey
https://www.ubereats.com/new-jersey/food-delivery/happy-vegans/u--DNUegT2yVUMOxREdAlw,new-milford-new-jersey
https://www.ubereats.com/new-jersey/food-delivery/monsun/jKoKYjQJQ8aarW8XNjxx5w,new-milford-new-jersey
https://www.ubereats.com/new-jersey/food-delivery/limoncello-restaurant/nf29mff4SkmVq3cGfVWWvQ,new-milford-new-jersey
https://www.ubereats.com/new-jersey/food-delivery/mac-lnez-caribbean-cuizine/uKG6SvabRiCW0C2KFy5Pgw,new-milford-new-jersey
https://www.ubereats.com/new-jersey/food-delivery/charcoal-grill-fushion/Cv_epedMQg2lxM3lbuQlVA,new-milford-new-jersey
https://www.ubereats.com/new-jersey/food-delivery/rebar-%26-kitchen/Q7cpolI6RamS2jVrX3JM4A,new-milford-new-jersey
https://www.ubereats.com/new-jersey/food-delivery/kinyobi/bBV9JXmxRRKN4-YHx2Y2kg,new-milford-new-jersey
https://www.ubereats.com/new-jersey/food-delivery/starbucks-fort-lee-route-4-e/UyKLe2RPTnOD8XLRjpaMSg,new-milford-new-jersey
https://www.ubereats.com/new-jersey/food-delivery/el-asadero-mexican-grill-restaurant/RdU4_Qb5RoKlLUJ9tXxkag,new-milford-new-jersey
https://www.ubereats.com/new-jersey/food-delivery/pinas-locas-quetzaly/exvuYtBcSfSSeTFT4ZwPgQ,new-milford-new-jersey
https://www.ubereats.com/new-jersey/food-delivery/the-raw-squeeze/aaXoCb-3QxGpFMX06AZUWg,new-milford-new-jersey
https://www.ubereats.com/new-jersey/food-delivery/subway-252-s-summit-ave/JQK1fY3mSkaAbDVlmy1DJQ,new-milford-new-jersey
https://www.ubereats.com/new-jersey/food-delivery/thai-shack/l2HZh8rxRsugifRgomz3Rg,new-milford-new-jersey
https://www.ubereats.com/new-jersey/food-delivery/my-ranch-taqueria/CkJu4XaERfGFSzJPfgDoIA,new-milford-new-jersey
https://www.ubereats.com/new-jersey/food-delivery/tomato-%26-company/PqR1KibyQiuTxuGJRA46kQ,new-milford-new-jersey
https://www.ubereats.com/new-jersey/food-delivery/mcdonalds-river-edge-main/9qj0fJhlTjOrU0FoQ4VjPg,new-milford-new-jersey
https://www.ubereats.com/new-jersey/food-delivery/i-fish/_Ip0GIjyQ6uswmNP-mYYLg,new-milford-new-jersey
https://www.ubereats.com/new-jersey/food-delivery/cocohodo-closter/PJsu-e91RoWihoPZwbhiXw,new-milford-new-jersey
https://www.ubereats.com/new-jersey/food-delivery/pintxo-y-tapas/KfExvVH3RjGAhVlMFvhvGg,new-milford-new-jersey
https://www.ubereats.com/new-jersey/food-delivery/simply-sushi-bergenfield/31hY4qx5QkaDfeVGlCOZUw,new-milford-new-jersey
https://www.ubereats.com/new-jersey/food-delivery/martys/pEzz3Z0rTwKrwFZSphnFYA,new-milford-new-jersey
https://www.ubereats.com/new-jersey/food-delivery/five-guys-nj-1881-1-garden-state-plaza/-hERYSdaQ-yEDzRXgjRV8A,new-milford-new-jersey
https://www.ubereats.com/new-jersey/food-delivery/jade-lee-kitchen/TFlrBWjuT-SwbpZB8-mslw,new-milford-new-jersey
https://www.ubereats.com/new-jersey/food-delivery/ah-woo-rang/YIh_1GqwRN6zvjkBGHnQRw,new-milford-new-jersey
https://www.ubereats.com/new-jersey/food-delivery/parisi-deli-%26-liquors/33rQLcKGRqqqZqCksZBXLQ,new-milford-new-jersey
https://www.ubereats.com/new-jersey/food-delivery/valley-diner/GOHm77luQCWpY4MJR_Cjdg,new-milford-new-jersey
https://www.ubereats.com/new-jersey/food-delivery/roses-pizza/8Zn4de9tR9mDx4qIoa-m1w,new-milford-new-jersey
https://www.ubereats.com/new-jersey/food-delivery/el-carretero-de-bergenfield/4wJcMmFXTLC0H_lc6TNLOg,new-milford-new-jersey
https://www.ubereats.com/new-jersey/food-delivery/top-deli/LS8nsRJxTuaJUCkqtQe4cQ,new-milford-new-jersey
https://www.ubereats.com/new-jersey/food-delivery/burger-king-684-river-road/SPCNK3mqTLOpL0EunXYKBQ,new-milford-new-jersey
https://www.ubereats.com/new-jersey/food-delivery/johnnys-pizzeria/O5qtGAr9Tw68158XwlTzDg,new-milford-new-jersey
https://www.ubereats.com/new-jersey/food-delivery/visentini-brothers/vJo_peRpQFqfjBrnoSZhRg,new-milford-new-jersey
https://www.ubereats.com/new-jersey/food-delivery/veggie-%2B/aHxyeqxkQz2Gips3k3sVFQ,new-milford-new-jersey
https://www.ubereats.com/new-jersey/food-delivery/the-firehouse-restaurant-bar-and-catering/2ETt84CPQaSflVTYXxEY-Q,new-milford-new-jersey
https://www.ubereats.com/new-jersey/food-delivery/nihon-kai-japanese-restaurant/aUjDxmOhTaCUhFr5lrSgVQ,new-milford-new-jersey
https://www.ubereats.com/new-jersey/food-delivery/park-west-tavern/-5VoR1whTfmU8YHyCdaQ8Q,new-milford-new-jersey
https://www.ubereats.com/new-jersey/food-delivery/jj-great-tea/LRRUUqupQMO7HVbrFgKrhQ,new-milford-new-jersey
https://www.ubereats.com/new-jersey/food-delivery/mantra-restaurant-paramus/1EBr4yaPQT-3RibgSOSmqw,new-milford-new-jersey
https://www.ubereats.com/new-jersey/food-delivery/jacks-lobster-rolls/NDzKjr9gQIiP8lYWPQ_F_w,new-milford-new-jersey
https://www.ubereats.com/new-jersey/food-delivery/tea-garden-washington-ave/alfk5JHHSqGnIvqw5SrMhg,new-milford-new-jersey
https://www.ubereats.com/new-jersey/food-delivery/mommas-kitchen/bbjvEJRGSSu-2GWs9XPsiw,new-milford-new-jersey
https://www.ubereats.com/new-jersey/food-delivery/jersey-mikes-subs-rochelle-park/i-_hF59HRnCa0clEn_Fu7w,new-milford-new-jersey
https://www.ubereats.com/new-jersey/food-delivery/best-food-mart/zJy3WfagQb6Dy8pWrUwgUg,new-milford-new-jersey
https://www.ubereats.com/new-jersey/food-delivery/busan-gukbap/bfJe4OhdRv2vIyHcbgIklw,new-milford-new-jersey
https://www.ubereats.com/new-jersey/food-delivery/playa-bowls-englewood/teoRU7SUQZKbgpQ8PS6Xdw,new-milford-new-jersey
https://www.ubereats.com/new-jersey/food-delivery/roses-of-englewood/FzAM_x4eTk6iC24k740SiQ,new-milford-new-jersey
https://www.ubereats.com/new-jersey/food-delivery/so-kong-dong-restaurant/BjScad1iSJ--MVj_sb7Ibg,new-milford-new-jersey
https://www.ubereats.com/new-jersey/food-delivery/mcdonalds-saddle-brook/23r9j238QkWd64yRjWwpkA,new-milford-new-jersey
https://www.ubereats.com/new-jersey/food-delivery/the-oceanaire-seafood-room-175-riverside-square/ATepnwphSIqg6pV-AL71Hg,new-milford-new-jersey
https://www.ubereats.com/new-jersey/food-delivery/the-vegan-breakfast/jeLnvtWSRLSncTrPbIQUrA,new-milford-new-jersey
https://www.ubereats.com/new-jersey/food-delivery/wawa-8338-505-s-river-st/ZejEMXlzS1qgk2EQDqDs8w,new-milford-new-jersey
https://www.ubereats.com/new-jersey/food-delivery/wild-%26-hearty-samba-bowls/TmNqEIwaSsiU8uHp4j6I7w,new-milford-new-jersey
https://www.ubereats.com/new-jersey/food-delivery/halal-gyroking/H1DbOkVJSxeqf21gLkL_sw,new-milford-new-jersey
https://www.ubereats.com/new-jersey/food-delivery/poke-central/9QoIG4m3Ssq1tOHNQ3SUqg,new-milford-new-jersey
https://www.ubereats.com/new-jersey/food-delivery/fresco-fusion/ZMsRKFeGTAyJpBX2DEbfFQ,new-milford-new-jersey
https://www.ubereats.com/new-jersey/food-delivery/el-tango-argentina-grill/w0bqVSzcSnexJ5_N6_AuyQ,new-milford-new-jersey
https://www.ubereats.com/new-jersey/food-delivery/minit-mart-deli-%26-grill/DtHmcVVISpGPzJnQ43i34g,new-milford-new-jersey
https://www.ubereats.com/new-jersey/food-delivery/dunkin-240-s-summit-ave/-tzkXVOAQreqkoLORulMHw,new-milford-new-jersey
https://www.ubereats.com/new-jersey/food-delivery/farmhouse-cafe-and-eatery-cresskill/LY6zi_jwSk-n_thBS7PKcQ,new-milford-new-jersey
https://www.ubereats.com/new-jersey/food-delivery/gmk-cakes/ypydQazDQBu8E1FYdMsBWg,new-milford-new-jersey
https://www.ubereats.com/new-jersey/food-delivery/dunkin-15-w-allendale-ave/OOZYWFCiTd-oKSPcGEbg5Q,new-milford-new-jersey
https://www.ubereats.com/new-jersey/food-delivery/bagels-and-more/UE1HuYTiTOSPJVnIhLKQ0g,new-milford-new-jersey
https://www.ubereats.com/new-jersey/food-delivery/the-taco-shop/H8fwNqCnTbiFTe7xoTmI-Q,new-milford-new-jersey
https://www.ubereats.com/new-jersey/food-delivery/js-bagels-%26-cafe/gSgd205FSUGb7y9p20QCbw,new-milford-new-jersey
https://www.ubereats.com/new-jersey/food-delivery/las-maravillas-de-tulcingo-3/BGN-j_kHSmG2aL9JcyDG1w,new-milford-new-jersey
https://www.ubereats.com/new-jersey/food-delivery/pho-binh-duong-iv/T7RMrBFbSMyw0tB6m-9OKg,new-milford-new-jersey
https://www.ubereats.com/new-jersey/food-delivery/poke-crew/hOXkd_9QRUWLALHwdXKcXw,new-milford-new-jersey
https://www.ubereats.com/new-jersey/food-delivery/lulas-latin-cuisine/AGlDhn57RhCBhI7EUAfsgw,new-milford-new-jersey
https://www.ubereats.com/new-jersey/food-delivery/goldsteins-gourmet-sandwiches/8YOGN9V9RiKyHVI7i7_l8A,new-milford-new-jersey
https://www.ubereats.com/new-jersey/food-delivery/taste-of-asian/Ed8M59IPSiiZQX2YxM9LDg,new-milford-new-jersey
https://www.ubereats.com/new-jersey/food-delivery/essex-bagels/neHtPccVRre3BphjRU518g,new-milford-new-jersey
https://www.ubereats.com/new-jersey/food-delivery/yalla-teaneck/XV36kuXBSgOGrC6O18Mg9g,new-milford-new-jersey
https://www.ubereats.com/new-jersey/food-delivery/bergenfield-deli-and-grill/510ug1UDSKaikSx6xSykcw,new-milford-new-jersey
https://www.ubereats.com/new-jersey/food-delivery/bbq-chicken-palisades-park-nj/QknzzXoRTGixjkeTgsoORQ,new-milford-new-jersey
https://www.ubereats.com/new-jersey/food-delivery/scardinos-pizzeria/2fH2KnbSSMqe_Nd3uuFNZA,new-milford-new-jersey
https://www.ubereats.com/new-jersey/food-delivery/starbucks-rte-46-w-little-ferry/U-aYge7DTx-8uVprWX5PfQ,new-milford-new-jersey
https://www.ubereats.com/new-jersey/food-delivery/piazza-di-pizza/rsIJbNhIQLu7qrE2EwD5qA,new-milford-new-jersey
https://www.ubereats.com/new-jersey/food-delivery/wings-and-burger-zone/lNbVygB3ROSpnyBy8rbJww,new-milford-new-jersey
https://www.ubereats.com/new-jersey/food-delivery/kfc-hackensack/IswNp6h6RCWvvSD4VKuDnA,new-milford-new-jersey
https://www.ubereats.com/new-jersey/food-delivery/wendys-190-e-state-rt-4/UK9JMFQqSRWpdx4SP-UAdQ,new-milford-new-jersey
https://www.ubereats.com/new-jersey/food-delivery/sikgaek-gugu/dR-rRlCgQtK49gqRGocH9g,new-milford-new-jersey
https://www.ubereats.com/new-jersey/food-delivery/nicks-deli/5i6jDAMbR0qC2MiLC33Oiw,new-milford-new-jersey
https://www.ubereats.com/new-jersey/food-delivery/subway-315-lafayette-ave/FTyT9W8USaumi8yca_gJkQ,new-milford-new-jersey
https://www.ubereats.com/new-jersey/food-delivery/classic-quiche-cafe/nEjrBWuxT6S5FGf8lKsqMA,new-milford-new-jersey
https://www.ubereats.com/new-jersey/food-delivery/ay-chihuahua!/FzYvBYzMQ0q9KgqdBaqeWQ,new-milford-new-jersey
https://www.ubereats.com/new-jersey/food-delivery/bella-vida-pastry-cafe/bveM7DmPTeOvp1SZhu6k_A,new-milford-new-jersey
https://www.ubereats.com/new-jersey/food-delivery/davant-bakery/j4A7SJbVTiqVQOnBKFbIgg,new-milford-new-jersey
https://www.ubereats.com/new-jersey/food-delivery/dunkin-25-hackensack-ave/r77kuMoqTaW6dHMLJyR5BA,new-milford-new-jersey
https://www.ubereats.com/new-jersey/food-delivery/tonys-deli/JNBmOqYWRvSN-tzHxZ-uFw,new-milford-new-jersey
https://www.ubereats.com/new-jersey/food-delivery/chipotle-mexican-grill-170-essex-street-ste-3/C6L0rhHTQpGZmhRHTtFWpg,new-milford-new-jersey
https://www.ubereats.com/new-jersey/food-delivery/mei-hibachi-steak-house/7WMDR0_XTHSKsmADaaOJFQ,new-milford-new-jersey
https://www.ubereats.com/new-jersey/food-delivery/delhi-accent%3A-innovative-indian-dining-by-khyber-grill-caterers/fsQ7IvxnRECqreKDjLzKlg,new-milford-new-jersey
https://www.ubereats.com/new-jersey/food-delivery/berthas-cusine/Tk9I-NnVT6S5cO3jWuBIQg,new-milford-new-jersey
https://www.ubereats.com/new-jersey/food-delivery/blackjack-mulligans/5QIl1ia4Q86EmAAXixwKlg,new-milford-new-jersey
https://www.ubereats.com/new-jersey/food-delivery/dunkin-175-sr-4/2MPapCl_T2eST3ESnsxlAw,new-milford-new-jersey
https://www.ubereats.com/new-jersey/food-delivery/chens-yummy-house/-smZd17XTw-2zMKN7NkVNA,new-milford-new-jersey
https://www.ubereats.com/new-jersey/food-delivery/elmers-country-store/RP3qrngkS-W6BiXq1--BWg,new-milford-new-jersey
https://www.ubereats.com/new-jersey/food-delivery/chapala-grill/S7KyxWfGRRu_UidO3ra_Jw,new-milford-new-jersey
https://www.ubereats.com/new-jersey/food-delivery/punta-cana-restaurant/KPFrQwrKRsWVHOSn0zeorg,new-milford-new-jersey
https://www.ubereats.com/new-jersey/food-delivery/cuban-eddies/3PW_1VmkQ-yxJ5apxpfY3g,new-milford-new-jersey
https://www.ubereats.com/new-jersey/food-delivery/kyou-ramen/A458Abq5QjmPqdJYK8h8UA,new-milford-new-jersey
https://www.ubereats.com/new-jersey/food-delivery/tandoori-chef/VhFhD1qzTuGelYCAIbMaPg,new-milford-new-jersey
https://www.ubereats.com/new-jersey/food-delivery/food-train/fbnTXM8cT8Cj1ceEYBLqPA,new-milford-new-jersey
https://www.ubereats.com/new-jersey/food-delivery/teds-deli-and-catering/TdIEaWukREWBRjOxZplWwg,new-milford-new-jersey
https://www.ubereats.com/new-jersey/food-delivery/grand-%26-essex-market/_ygZecDKS6CetZdwluWNzw,new-milford-new-jersey
https://www.ubereats.com/new-jersey/food-delivery/ritas-italian-ice-lodi/0XRHgcXNTpGXOr0SNGQFwA,new-milford-new-jersey
https://www.ubereats.com/new-jersey/food-delivery/chicken-what/AUiAwolvSqi9T-6Bbd63dA,new-milford-new-jersey
https://www.ubereats.com/new-jersey/food-delivery/ocean-sushi/J6wdXp6eRh2W4-65DNlSxQ,new-milford-new-jersey
https://www.ubereats.com/new-jersey/food-delivery/chipotle-mexican-grill-450-hackensack-ave/cUPocu0uQe6KN6uwYzwJ-Q,new-milford-new-jersey
https://www.ubereats.com/new-jersey/food-delivery/cupcakes-by-carousel/KSIdUURQRoOREM0Uvx1IZg,new-milford-new-jersey
https://www.ubereats.com/new-jersey/food-delivery/espos-pizza/IunQgSyiRuKSAOcCpOWjEw,new-milford-new-jersey
https://www.ubereats.com/new-jersey/food-delivery/mr-wok-%26-sushi/7il9GBvjSYSjsEPQ4LH4vw,new-milford-new-jersey
https://www.ubereats.com/new-jersey/food-delivery/moge-tee-%E6%84%BF%E8%8C%B6-fort-lee/SOI4_v69QP6f10uexKylmg,new-milford-new-jersey
https://www.ubereats.com/new-jersey/food-delivery/its-greek-to-me/yoWN0jupQ6yHctZq4Q1TFQ,new-milford-new-jersey
https://www.ubereats.com/new-jersey/food-delivery/off-the-rails/Mz6cz5GqSOqA1VmOj0cAuQ,new-milford-new-jersey
https://www.ubereats.com/new-jersey/food-delivery/tavlin/O9TqqjI4TxCT3ufLsYT8Ow,new-milford-new-jersey
https://www.ubereats.com/new-jersey/food-delivery/taka-japanese/elUjPGBfSqiya8c77XQUDQ,new-milford-new-jersey
https://www.ubereats.com/new-jersey/food-delivery/playa-bowls-99-westwood-ave/91lC8TjzSW2IUSey7HFLXw,new-milford-new-jersey
https://www.ubereats.com/new-jersey/food-delivery/sheng-garden-chinese-restaurant/CYT7G3JYT4u8xtUN5CRkig,new-milford-new-jersey
https://www.ubereats.com/new-jersey/food-delivery/deli-xpress/NOPdiLQCRQSxhqbOxTTtcQ,new-milford-new-jersey
https://www.ubereats.com/new-jersey/food-delivery/adams-bagels-cafee-%26-deli/ZQZs9yYKRyONGt3R6W56dA,new-milford-new-jersey
https://www.ubereats.com/new-jersey/food-delivery/burger-king-811-palisade-ave/K281YJEEQT6M90spS12S-A,new-milford-new-jersey
https://www.ubereats.com/new-jersey/food-delivery/papa-johns-pizza-%233743/A5ianQmqTDyHB9YnLEeIdw,new-milford-new-jersey
https://www.ubereats.com/new-jersey/food-delivery/boom-boom-chicken-rutherford/zQfcTwiyQ8WqN1qNq242eQ,new-milford-new-jersey
https://www.ubereats.com/new-jersey/food-delivery/lians-kitchen/3YGW0K33Rn6_5ZheB1ULqg,new-milford-new-jersey
https://www.ubereats.com/new-jersey/food-delivery/hanam-korean-bbq-house-%ED%95%98%EB%82%A8-%EB%B0%94%EB%B2%A0%ED%81%90/VG5ZhUyNTVWJMu2labPAvg,new-milford-new-jersey
https://www.ubereats.com/new-jersey/food-delivery/sanzaris-new-bridge-inn/VqwYc-FkS9eGUG5E4vPFVg,new-milford-new-jersey
https://www.ubereats.com/new-jersey/food-delivery/popeyes-north-paramus/j0etEDHpQKOyFtqtiw_8nA,new-milford-new-jersey
https://www.ubereats.com/new-jersey/food-delivery/la-mezza-restaurant/YfiyTs8HThSDLpu5w3g1bw,new-milford-new-jersey
https://www.ubereats.com/new-jersey/food-delivery/dantes-italian-restaurant/9KAf9sRkTzmAOJlu0tf4-A,new-milford-new-jersey
https://www.ubereats.com/new-jersey/food-delivery/brisas-englewood/xZb6To3BTty5GAFnrYx0vA,new-milford-new-jersey
https://www.ubereats.com/new-jersey/food-delivery/madang/mDOa48EKRcmb0YVvuIBmcw,new-milford-new-jersey
https://www.ubereats.com/new-jersey/food-delivery/tonys-bagel-%26-deli/LPJuVzAsQ8eAOrWWXi1PLw,new-milford-new-jersey
https://www.ubereats.com/new-jersey/food-delivery/dim-sum-dynasty/4u7UEN0jTB6B0b95TPzIfg,new-milford-new-jersey
https://www.ubereats.com/new-jersey/food-delivery/dunkin-520-livingston-ave/LG8fUaXMTcOmEaoqCYqfPg,new-milford-new-jersey
https://www.ubereats.com/new-jersey/food-delivery/bagel-for-life-%26-gourmet-deli/vWvt50nASdGm_45EbGbZxg,new-milford-new-jersey
https://www.ubereats.com/new-jersey/food-delivery/starbucks-lemoine-ave/YK5p7p4YT7mVtAqLqnK88Q,new-milford-new-jersey
https://www.ubereats.com/new-jersey/food-delivery/chipotle-mexican-grill-1-garden-state-plz/kYDClxohTSephM2cgUyCYw,new-milford-new-jersey
https://www.ubereats.com/new-jersey/food-delivery/ho-mei-kitchen/JU6dv6JnR6C4c7gxjrQNdg,new-milford-new-jersey
https://www.ubereats.com/new-jersey/food-delivery/the-green-papaya/PEi03DrCTXihg4Jg0N-qsA,new-milford-new-jersey
https://www.ubereats.com/new-jersey/food-delivery/han-nam-food-court/4T_qEduRQW2lFPwiTyOewg,new-milford-new-jersey
https://www.ubereats.com/new-jersey/food-delivery/koko-loko-coffee/9v3yYM7nRVSlSoB03TRCdw,new-milford-new-jersey
https://www.ubereats.com/new-jersey/food-delivery/sarku-japan/pEej4x6XSpacI6utVtoi1A,new-milford-new-jersey
https://www.ubereats.com/new-jersey/food-delivery/noches-de-colombia-main-st-hackensack-nj/D0ViZV4dQGGZthZGNrbtww,new-milford-new-jersey
https://www.ubereats.com/new-jersey/food-delivery/green-garden/sTg5OXDuTKSYT_b2qFS-Aw,new-milford-new-jersey
https://www.ubereats.com/new-jersey/food-delivery/dunkin-130-kinderkamack-rd/jiIAtIWtSCywgAILeYfYZg,new-milford-new-jersey
https://www.ubereats.com/new-jersey/food-delivery/the-rail-yard-tavern/cYJipr6RRpWv5k9WZ5MfFw,new-milford-new-jersey
https://www.ubereats.com/new-jersey/food-delivery/taco-bell-622-market-street/vqqvrCVCRayBG3xCMXeMSw,new-milford-new-jersey
https://www.ubereats.com/new-jersey/food-delivery/great-wall-chinese-restaurant/Er7lKmV4QEWQwgtXPuPswQ,new-milford-new-jersey
https://www.ubereats.com/new-jersey/food-delivery/dunkin-657-franklin-turnpike/nXLV0j2VSg-APvJp3tVqdA,new-milford-new-jersey
https://www.ubereats.com/new-jersey/food-delivery/top-bagels-and-deli/Tb1LekdQQH2nHcjY41FPsw,new-milford-new-jersey
https://www.ubereats.com/new-jersey/food-delivery/vesta-wood-fired/Q4_1Ug_ZQ2mKorgWWZ-dqQ,new-milford-new-jersey
https://www.ubereats.com/new-jersey/food-delivery/cubbys-barbeque/V9-ab5NfTUi5mF7nTmkGfA,new-milford-new-jersey
https://www.ubereats.com/new-jersey/food-delivery/menya-sandaime-parker-ave/w9EFezr5SvqdpYHSsYcBMQ,new-milford-new-jersey
https://www.ubereats.com/new-jersey/food-delivery/tous-les-jours-paramus/Sd505vfrTqeK2-_RxVtsWA,new-milford-new-jersey
https://www.ubereats.com/new-jersey/food-delivery/fairmount-eats/z_X0IdESQWmmwmtI5lvQUQ,new-milford-new-jersey
https://www.ubereats.com/new-jersey/food-delivery/jersey-mikes-464-kinderkamack-rd/K4T6U7iUR0iP8hsOc67lnA,new-milford-new-jersey
https://www.ubereats.com/new-jersey/food-delivery/throwback-cafe/m_NnTrqTSqWSc5F6IMTGxA,new-milford-new-jersey
https://www.ubereats.com/new-jersey/food-delivery/superjuice-nation/VZyFX1eYQ4eb_QEzzgKdJg,new-milford-new-jersey
https://www.ubereats.com/new-jersey/food-delivery/angelos-greek-taverna/CWeScwWoTXuiu9JCdRp9fg,new-milford-new-jersey
https://www.ubereats.com/new-jersey/food-delivery/falafull/z7LOzJUiSw-BGPUTBa5nvA,new-milford-new-jersey
https://www.ubereats.com/new-jersey/food-delivery/tabboule/1TcrQh-5TheTnkbpwICXww,new-milford-new-jersey
https://www.ubereats.com/new-jersey/food-delivery/papa-johns-pizza-%231826/R5_xA0dISEmctKn7mG-bOw,new-milford-new-jersey
https://www.ubereats.com/new-jersey/food-delivery/starbucks-hackensack/k2oIM8EwRkevnuSrkd_9Nw,new-milford-new-jersey
https://www.ubereats.com/new-jersey/food-delivery/la-giraldilla-latin-cuisine/HH9YjOhnTzONFf4wUAk6pw,new-milford-new-jersey
https://www.ubereats.com/new-jersey/food-delivery/viecco-sabores-quilleros/hHRV-u7PSz6HSCCSFJ41yw,new-milford-new-jersey
https://www.ubereats.com/new-jersey/food-delivery/europe-cafe-and-grill/oxlhTBYfSIq9w43BB4WwYA,new-milford-new-jersey
https://www.ubereats.com/new-jersey/food-delivery/platters-corner/-gljJ0gKRSaH1gaoAv-PVQ,new-milford-new-jersey
https://www.ubereats.com/new-jersey/food-delivery/mei-wei-east/cwVm0vxHRySQ1GRC77X8VQ,new-milford-new-jersey
