url,city
https://www.ubereats.com/connecticut/food-delivery/cherry-street-east/j6slph0yT2CMINR7tgNXjw,new-canaan-connecticut
https://www.ubereats.com/connecticut/food-delivery/saffron-indian-cuisine/HxO9ZqdQQtWSDOu4_Snkyg,new-canaan-connecticut
https://www.ubereats.com/connecticut/food-delivery/antojos/aWjNsuLFRbubwfbBSADLtQ,new-canaan-connecticut
https://www.ubereats.com/connecticut/food-delivery/judys-bar-and-kitchen/8v7IQCk8Q1qEIisssNfx7g,new-canaan-connecticut
https://www.ubereats.com/connecticut/food-delivery/daddys-deli-%26-buffet/59_olD1lRKK7qw1MzbGOMw,new-canaan-connecticut
https://www.ubereats.com/connecticut/food-delivery/dunkin-99-new-canaan-ave/CjJCgCFYRzy7DmdGVjwvDw,new-canaan-connecticut
https://www.ubereats.com/connecticut/food-delivery/the-stillery-restaurant-%26-bar/rrMkIy1VSBy9hfx_77JM7g,new-canaan-connecticut
https://www.ubereats.com/connecticut/food-delivery/good-hope-dumpling-%26-ramen-house/uDBsRogmQxyb_WWz2nS9lA,new-canaan-connecticut
https://www.ubereats.com/connecticut/food-delivery/the-market-bar-and-bistro/xYZB84h_QayF7rsA102wiA,new-canaan-connecticut
https://www.ubereats.com/connecticut/food-delivery/darien-diner/Co3ADoYVSKKbAYjVK2ibbA,new-canaan-connecticut
https://www.ubereats.com/connecticut/food-delivery/sushi-x-ii/CgB2p2zwSjaRJI---AdbKg,new-canaan-connecticut
https://www.ubereats.com/connecticut/food-delivery/tengda-asian-bistro/55SH7ApRQImxS0L9Hb3a7w,new-canaan-connecticut
https://www.ubereats.com/connecticut/food-delivery/rowayton-market/a9D88sxKTWmOqR58pmDM0Q,new-canaan-connecticut
https://www.ubereats.com/connecticut/food-delivery/el-segundo/hS3YmsAeQpGqtiAV5sKGEg,new-canaan-connecticut
https://www.ubereats.com/connecticut/food-delivery/puebla-grill/454MNhllTSmOJZAEsd28nQ,new-canaan-connecticut
https://www.ubereats.com/connecticut/food-delivery/sabor-hondureno/nwN-ZuqCS8Ol1qb5gd0ZGQ,new-canaan-connecticut
https://www.ubereats.com/connecticut/food-delivery/silver-star-diner/xO4LrZWfRauf3BBGDibQqQ,new-canaan-connecticut
https://www.ubereats.com/connecticut/food-delivery/evaritos/oFvYeRD9Tz-xhbkRTahxvA,new-canaan-connecticut
https://www.ubereats.com/connecticut/food-delivery/dhabewala-indian-shack/UPrZjkWNShWkuf35OuO-iA,new-canaan-connecticut
https://www.ubereats.com/connecticut/food-delivery/a%26s-fine-foods/VXDeFvoXRWOpuv49HdW28A,new-canaan-connecticut
https://www.ubereats.com/connecticut/food-delivery/bertuccis-darien/KhQ3Rdp4T3ScmXXD7Aiglw,new-canaan-connecticut
https://www.ubereats.com/connecticut/food-delivery/new-canaan-diner/dONSUUYIR2yrYSTVb74PTw,new-canaan-connecticut
https://www.ubereats.com/connecticut/food-delivery/duchess-restaurant-darien/pPflClAjQXaKfzht9SyuFQ,new-canaan-connecticut
https://www.ubereats.com/connecticut/food-delivery/orems-diner/-fF_R0EcQnCzdSlkuDgmrQ,new-canaan-connecticut
https://www.ubereats.com/connecticut/food-delivery/cactus-rose/Z01OXSc6RMeJoVUTAbagmw,new-canaan-connecticut
https://www.ubereats.com/connecticut/food-delivery/tacos-los-potrillos-food-truck/3KltC88wRHa8qo2LzmxMkQ,new-canaan-connecticut
https://www.ubereats.com/connecticut/food-delivery/vicolo-pizza-and-trattoria/28GN5qm_Rh6Uiqegihxv-w,new-canaan-connecticut
https://www.ubereats.com/connecticut/food-delivery/dunkin-544-connecticut-ave/LUdXLe8dQ36xtjetCh-tYg,new-canaan-connecticut
https://www.ubereats.com/connecticut/food-delivery/the-mumbai-times-cos-cob/at_tUODeTb2AmwjfrmCOCQ,new-canaan-connecticut
https://www.ubereats.com/connecticut/food-delivery/taste-of-brazil-norwalk/x7UiONwjSKKT2HuTC1fg8A,new-canaan-connecticut
https://www.ubereats.com/connecticut/food-delivery/129/3Ap56GcFRGqrTpUXa2Curw,new-canaan-connecticut
https://www.ubereats.com/connecticut/food-delivery/starbucks-norwalk-dansk-plaza/zt-Y-opzTlOETUnshorSYg,new-canaan-connecticut
https://www.ubereats.com/connecticut/food-delivery/no-leftovers/X4ATvbT5QmSiZ_t-FJmm-A,new-canaan-connecticut
https://www.ubereats.com/connecticut/food-delivery/pinstripes-norwalk/v3kdFxqeR8md5DtP-tz1IA,new-canaan-connecticut
https://www.ubereats.com/connecticut/food-delivery/south-end/TmUbXKDYS-OaJxCSAd1k1w,new-canaan-connecticut
https://www.ubereats.com/connecticut/food-delivery/planet-pizza-stamford/OFta4te-Q26XuqNNsSZv3g,new-canaan-connecticut
https://www.ubereats.com/connecticut/food-delivery/wing-squad-darien/fzrEi7wzRzWnysPw_vZ9bQ,new-canaan-connecticut
https://www.ubereats.com/connecticut/food-delivery/jeera-thai-kitchen-westport/RTei9s3XQ6qD2qUerkmvIg,new-canaan-connecticut
https://www.ubereats.com/connecticut/food-delivery/gofer-ice-cream-stamford/HoMTvV_gQfugJGW9zv_igg,new-canaan-connecticut
https://www.ubereats.com/connecticut/food-delivery/dunkin-195-main-street/e_T0W-R9Rf-brO_1aHs42g,new-canaan-connecticut
https://www.ubereats.com/connecticut/food-delivery/press-burger/z0pZ0qvuTDuKZDt16moiMw,new-canaan-connecticut
https://www.ubereats.com/connecticut/food-delivery/tawa-indian-cuisine/oAOESYMUQt6-O7YvRywGTQ,new-canaan-connecticut
https://www.ubereats.com/connecticut/food-delivery/la-pescaderia-fish-market/ajuidkHgQbq3LO6lgheORA,new-canaan-connecticut
https://www.ubereats.com/connecticut/food-delivery/subway-stamford-shippan-ave/KggX3JT4SO6XdRIy2eQqtA,new-canaan-connecticut
https://www.ubereats.com/connecticut/food-delivery/cold-stone-creamery-1109-high-ridge-road/I6LEZpQzTgaHnXiAzR02hQ,new-canaan-connecticut
https://www.ubereats.com/connecticut/food-delivery/jds-grocery-and-deli/Z2AaNH15S9CubswNR4-kVg,new-canaan-connecticut
https://www.ubereats.com/connecticut/food-delivery/seaside-sweets/lyg421gkS1uUagjCac42-w,new-canaan-connecticut
https://www.ubereats.com/connecticut/food-delivery/sound-beach-pizza-%26-grill/ocwcaKG5S86ZQOQA-59QLA,new-canaan-connecticut
https://www.ubereats.com/connecticut/food-delivery/abis-japanese-traditional-cuisine/94veQQlYS-COwhX4-Nd33Q,new-canaan-connecticut
https://www.ubereats.com/connecticut/food-delivery/beach-house-cafe/4MsOu5kyRBCnfVJrTcRghA,new-canaan-connecticut
https://www.ubereats.com/connecticut/food-delivery/knot-norms-catering-co/-2mVzUtdSqGHWjnWV8vqJg,new-canaan-connecticut
https://www.ubereats.com/connecticut/food-delivery/joes-pizza/hltp1rjhSo2YeMgX2Fa5mg,new-canaan-connecticut
https://www.ubereats.com/connecticut/food-delivery/parkway-diner/y1nJcp60SeGt4gn2gjoS8A,new-canaan-connecticut
https://www.ubereats.com/connecticut/food-delivery/bangkok-republic-wilton/GhCBIrtgTlyUa8TRaKgY6g,new-canaan-connecticut
https://www.ubereats.com/connecticut/food-delivery/starbucks-stamford-town-center/wW-UbcWeTfS5v7GZjxLGDA,new-canaan-connecticut
https://www.ubereats.com/connecticut/food-delivery/magees-curbside/Pp58Jgh7Tmu2WfxdrntnNg,new-canaan-connecticut
https://www.ubereats.com/connecticut/food-delivery/mumbai-rasoi/Sxva7Jn0TdexAkSyfIsYlA,new-canaan-connecticut
https://www.ubereats.com/connecticut/food-delivery/little-thai-kitchen-darien/b04RXGh_Txi3qnh9qaj2_w,new-canaan-connecticut
https://www.ubereats.com/connecticut/food-delivery/dunkin-126-connecticut-ave/ybBeIu9ITtKSf4dmDtSOuQ,new-canaan-connecticut
https://www.ubereats.com/connecticut/food-delivery/blue-cactus-grill/Gx85r1rVTXaFlDkV9zTKUg,new-canaan-connecticut
https://www.ubereats.com/connecticut/food-delivery/nrgize-52-6th-street/fIQ46oAlT1q8OcW5OY7XgQ,new-canaan-connecticut
https://www.ubereats.com/connecticut/food-delivery/duchess-restaurant-norwalk/L0c_FXjaSIu78IQzYUKC1Q,new-canaan-connecticut
https://www.ubereats.com/connecticut/food-delivery/blt-deli/nAy4H3TtTr-hlRMuNzJgRg,new-canaan-connecticut
https://www.ubereats.com/connecticut/food-delivery/don-tonio/UwRue1XWQe2x3nmtObL1OQ,new-canaan-connecticut
https://www.ubereats.com/connecticut/food-delivery/laylas-falafel-westport/Om5aRK97RYyLkxSN5tQHXw,new-canaan-connecticut
https://www.ubereats.com/connecticut/food-delivery/starbucks-wilton-river-road/061LzDkqRaC_Po1ZTFRRBg,new-canaan-connecticut
https://www.ubereats.com/connecticut/food-delivery/bianco-rosso/Z4zsyA_4RwKhUf4z56vBDw,new-canaan-connecticut
https://www.ubereats.com/connecticut/food-delivery/scena-wine-bar-%26-restaurant/LwMc51U_T4majEYgxZabhQ,new-canaan-connecticut
https://www.ubereats.com/connecticut/food-delivery/new-canaan-chicken/FjCTTNLdTZuIJGJrMTypCw,new-canaan-connecticut
https://www.ubereats.com/connecticut/food-delivery/uncle-leos-coffee-%26-donuts/u5T8RkT2Tv-kuplGyHREOQ,new-canaan-connecticut
https://www.ubereats.com/connecticut/food-delivery/tarry-lodge-westport/N4TlNvipSxGPqdLYOtw4mw,new-canaan-connecticut
https://www.ubereats.com/connecticut/food-delivery/kyushu-ramen/sZX7xQCkTXCxBV86arfeog,new-canaan-connecticut
https://www.ubereats.com/connecticut/food-delivery/bobby-qs-pit-stop/F4fRc10nQGG4TmkXl6K_EA,new-canaan-connecticut
https://www.ubereats.com/connecticut/food-delivery/basso-cafe-restaurant-%26-bar/ZElcj1zESh-AleCG1mVUYw,new-canaan-connecticut
https://www.ubereats.com/connecticut/food-delivery/taco-bell-751-east-main-street/LM8u4SDbSDez69B-8Q9xIw,new-canaan-connecticut
https://www.ubereats.com/connecticut/food-delivery/matsu-sushi/eHvnDMCUQZOMGad1Tj6OaA,new-canaan-connecticut
https://www.ubereats.com/connecticut/food-delivery/mi-ranchito/R0ArVbsaReyOxzpXYBvEJA,new-canaan-connecticut
https://www.ubereats.com/connecticut/food-delivery/parkerwestport/ZsbCek02Q7SHQEeo6aMyLA,new-canaan-connecticut
https://www.ubereats.com/connecticut/food-delivery/ucbc-bagel-cafe/2akYjL39RimzA2EAarQxaw,new-canaan-connecticut
https://www.ubereats.com/connecticut/food-delivery/16-handles-stamford/eU6bvO_mQsGWNR1tDn9IgQ,new-canaan-connecticut
https://www.ubereats.com/connecticut/food-delivery/ripkas-beach-cafe-99-calf-pasture-beach-rd/dR0DB8vFSCK09PHVr81mxg,new-canaan-connecticut
https://www.ubereats.com/connecticut/food-delivery/embody-fitness-gourmet-westport/sdG4J3ysRPmRnB9fBiylsA,new-canaan-connecticut
https://www.ubereats.com/connecticut/food-delivery/gofer-ice-cream-wilton/E61DwU6lTCqW1GGTF5OBGA,new-canaan-connecticut
https://www.ubereats.com/connecticut/food-delivery/louies-italian-restaurant-%26-bar/ZMvz-QRgTEaLVM8K6NOi2Q,new-canaan-connecticut
https://www.ubereats.com/connecticut/food-delivery/boston-market-14-danbury-road/CUL0860hRymGsfbZCq1rMA,new-canaan-connecticut
https://www.ubereats.com/connecticut/food-delivery/julians-pizza-bar-%26-kitchen/qnwVhAi2RWi3AfxeRyZl1w,new-canaan-connecticut
https://www.ubereats.com/connecticut/food-delivery/jersey-mikes-subs-wilton-35-danbury-road/5LMVUt82QeGGq8Bi1Q2f7A,new-canaan-connecticut
https://www.ubereats.com/connecticut/food-delivery/hashi-sushi/bOmU7reyR4OQ-LqNFKNIOg,new-canaan-connecticut
https://www.ubereats.com/connecticut/food-delivery/westport-chinese-takeout/cPPEx5QqS-2L-paY_NFBkg,new-canaan-connecticut
https://www.ubereats.com/connecticut/food-delivery/little-pub-cos-cob/er8n4NegRHmf6nAv7gc69g,new-canaan-connecticut
https://www.ubereats.com/connecticut/food-delivery/lugano-wine-bar-%26-salumeria/ejKedcDSTTGn2K0GyVvoYA,new-canaan-connecticut
https://www.ubereats.com/connecticut/food-delivery/el-charrito-ii/hKNsHB83StihsMSss5Qy7w,new-canaan-connecticut
https://www.ubereats.com/connecticut/food-delivery/tacos-mexico/Dn30tB5PR-urpB2myiLdUw,new-canaan-connecticut
https://www.ubereats.com/connecticut/food-delivery/aromas/489CQH3vSo6Uk_evXoeu2g,new-canaan-connecticut
https://www.ubereats.com/connecticut/food-delivery/kfc-taco-bell-westport-ave/QKIS17-fTsG-MHB39JM2dw,new-canaan-connecticut
https://www.ubereats.com/connecticut/food-delivery/china-town-express/rmPrEDEbS7aW8ZOXTxmEWQ,new-canaan-connecticut
https://www.ubereats.com/connecticut/food-delivery/gates-restaurant/67lOaDrsTJ6yuQ53EXiEwA,new-canaan-connecticut
https://www.ubereats.com/connecticut/food-delivery/pokemoto-norwalk-ct/isJbIMnsQACUY2GZwoDNtQ,new-canaan-connecticut
https://www.ubereats.com/connecticut/food-delivery/sedona-taphouse-connecticut/3ODMC8I5TaOtPI1rjHUofw,new-canaan-connecticut
https://www.ubereats.com/connecticut/food-delivery/beldotti-bakeries/MxkgdbCLSf65b0-XwT7FJQ,new-canaan-connecticut
https://www.ubereats.com/connecticut/food-delivery/bruxelles-brasserie/Po5B5S1vSl2IO_yUe9O-zw,new-canaan-connecticut
https://www.ubereats.com/connecticut/food-delivery/the-mumbai-times-westport/BZ_FNOGgQKqRi7NcsEKgCw,new-canaan-connecticut
https://www.ubereats.com/connecticut/food-delivery/restaurante-da-graca/yUGGcJNkSuKrN2wDJZTmuw,new-canaan-connecticut
https://www.ubereats.com/connecticut/food-delivery/mediterraneo-norwalk/ldSdJI0ETQKIh0eVv_nM4g,new-canaan-connecticut
https://www.ubereats.com/connecticut/food-delivery/tonys-deli-riverside/H29cg0pxTnSqr5pXOxYymw,new-canaan-connecticut
https://www.ubereats.com/connecticut/food-delivery/dunkin-35-danbury-rd/VLfeWVwwQ5y8DeNIrTkEYA,new-canaan-connecticut
https://www.ubereats.com/connecticut/food-delivery/oishi-sushi-and-izakaya/3n4jHVyDRyqAursIPP2wqw,new-canaan-connecticut
https://www.ubereats.com/connecticut/food-delivery/sole/WiXN3vu1Sw2oNYwWIRme9g,new-canaan-connecticut
https://www.ubereats.com/connecticut/food-delivery/allora-cafe-and-bites/Ls_LDhkITOWCVhavSC59Xg,new-canaan-connecticut
https://www.ubereats.com/connecticut/food-delivery/main-port-fish-and-chips/ZEhxOlO-R5yhKN_zEcZLHg,new-canaan-connecticut
https://www.ubereats.com/connecticut/food-delivery/mr-frostys-ice-cream-shop/-1Bp7jH_SEOJdA3-wwkDcw,new-canaan-connecticut
https://www.ubereats.com/connecticut/food-delivery/columbus-park-trattoria/VGAVg6zTSsGSuulObtPnpA,new-canaan-connecticut
https://www.ubereats.com/connecticut/food-delivery/marias-place/WDPeOjwSQhywYPDwmNi8eg,new-canaan-connecticut
https://www.ubereats.com/connecticut/food-delivery/daniels-food-truck/e0yFiWfsTzu6Cdkivdk1ZA,new-canaan-connecticut
https://www.ubereats.com/connecticut/food-delivery/cove-deli-%26-cafe/90tPz_UaQNyTgHE9L2Z3Cg,new-canaan-connecticut
https://www.ubereats.com/connecticut/food-delivery/freshii-19-post-road-east/-IG6aS18SXmDyYAqODaqZg,new-canaan-connecticut
https://www.ubereats.com/connecticut/food-delivery/fiesta-limena-restaurant/2GsVv0WASzK9z9XYQ1tjyw,new-canaan-connecticut
https://www.ubereats.com/connecticut/food-delivery/rye-ridge-deli-westport/_OXY7uJqRT2_ibbtmq44_w,new-canaan-connecticut
https://www.ubereats.com/connecticut/food-delivery/the-naan/0VChqKV_QvODvJ-CgXXeTg,new-canaan-connecticut
https://www.ubereats.com/connecticut/food-delivery/everybodyeatz/0ELl_DLQS6-YL5OHByewhA,new-canaan-connecticut
https://www.ubereats.com/connecticut/food-delivery/ucbc-bagel-cafe/jvfFN6Z4THiDDWkYJ8Zy1A,new-canaan-connecticut
https://www.ubereats.com/connecticut/food-delivery/los-gemelos-deli-and-restaurant/9tqXZDoXQ46UEKCw5Sqv5A,new-canaan-connecticut
https://www.ubereats.com/connecticut/food-delivery/the-village-table/ZrXVnH0-Tsu-6FH0D5Kxww,new-canaan-connecticut
https://www.ubereats.com/connecticut/food-delivery/cava-wine-bar/QuxAt7qzRsiml5rTmK2_AA,new-canaan-connecticut
https://www.ubereats.com/connecticut/food-delivery/arezzo-ristorante/igrL3sVFQM6zwUq5E8OWMw,new-canaan-connecticut
https://www.ubereats.com/connecticut/food-delivery/starbucks-new-canaan/8A1Jo2OXT6e3QKmmEHy1tA,new-canaan-connecticut
https://www.ubereats.com/connecticut/food-delivery/laylas-falafel-high-ridge/uOz2MkurS8asSAbULjmIOQ,new-canaan-connecticut
https://www.ubereats.com/connecticut/food-delivery/oak-and-almond-restaurant/aIRSCaV1QSeu8BJCM2rwtQ,new-canaan-connecticut
https://www.ubereats.com/connecticut/food-delivery/nit-noi-provisions/JhazGQ-kT7-9FqbXlW_fjA,new-canaan-connecticut
https://www.ubereats.com/connecticut/food-delivery/the-simple-greek-norwalk/nmFgKtFfT1OlwxdI3a0ggw,new-canaan-connecticut
https://www.ubereats.com/connecticut/food-delivery/toms-deli-%26-convenience/hvtFGaTvQq6-Vwab3_f-5A,new-canaan-connecticut
https://www.ubereats.com/connecticut/food-delivery/mi-terruno-stamford-ct/R8gCmZihSEmr7PsqHAso9A,new-canaan-connecticut
https://www.ubereats.com/connecticut/food-delivery/jimmys-mediterranean-deli/oEur7A44Twis44WPXuIevQ,new-canaan-connecticut
https://www.ubereats.com/connecticut/food-delivery/tacos-el-azteca-food-truck/sF9VEHTvR6C8SjRxDiqRYQ,new-canaan-connecticut
https://www.ubereats.com/connecticut/food-delivery/shiki-hibachi-%26-sushi/mTbQeRDfTrSt_4LZ_JAOfA,new-canaan-connecticut
https://www.ubereats.com/connecticut/food-delivery/italia-pizzeria/W0HnW1r_SmmCsluxpLjWEA,new-canaan-connecticut
https://www.ubereats.com/connecticut/food-delivery/rothbard-ale-%2B-larder/FGQls-_eScq7QsURhsmNdQ,new-canaan-connecticut
https://www.ubereats.com/connecticut/food-delivery/cantina-mexicana-488-summer-st/zuBCMfWQRmaSVbpfkaaZzw,new-canaan-connecticut
https://www.ubereats.com/connecticut/food-delivery/brasitas-restaurant-norwalk/PgFPSPzuQSO6eOwOoR1efg,new-canaan-connecticut
https://www.ubereats.com/connecticut/food-delivery/artis-pizza-e-pasta/FczSKX6pRN-h4RCzJo-ITQ,new-canaan-connecticut
https://www.ubereats.com/connecticut/food-delivery/mario-the-baker/Ktv92Vm6Qqa_Zxx7aIaA5w,new-canaan-connecticut
https://www.ubereats.com/connecticut/food-delivery/kotobuki-japanese-cuisine/J8LDfl3CTNa86-0GsRerUg,new-canaan-connecticut
https://www.ubereats.com/connecticut/food-delivery/little-pub-wilton/db3TyOQ0SW-r_IDddQqisw,new-canaan-connecticut
https://www.ubereats.com/connecticut/food-delivery/fusion-cafe-bar-%26-grill/h965VI7kRaiSnmvlZ6fVrg,new-canaan-connecticut
https://www.ubereats.com/connecticut/food-delivery/tequila-escape-kitchen-%2B-cocktail-bar/cE1XVBwrRf2LXS8uXIUHVw,new-canaan-connecticut
https://www.ubereats.com/connecticut/food-delivery/the-spread-south-norwalk/bE1bjHyhSU-larxQDEHMUw,new-canaan-connecticut
https://www.ubereats.com/connecticut/food-delivery/subway-1007-high-ridge-rd/Wz-eebq2RlWx1IhYIW2vxg,new-canaan-connecticut
https://www.ubereats.com/connecticut/food-delivery/open-rice/NTSY73fhQQiyka-uTvMh0g,new-canaan-connecticut
https://www.ubereats.com/connecticut/food-delivery/kumo-ultimate-sushi-bar/twRRMw9IT7eRPfD3frcFEA,new-canaan-connecticut
https://www.ubereats.com/connecticut/food-delivery/kazu-japanese-restaurant/o44_u8CwRzCjTMYuqAU0CQ,new-canaan-connecticut
https://www.ubereats.com/connecticut/food-delivery/the-boathouse-restaurant-%40-saugatuck-rowing-club/kvwKYu6ST52ShngPO86KbQ,new-canaan-connecticut
https://www.ubereats.com/connecticut/food-delivery/jersey-mikes-subs-westport-398-post-road-east/-m2Odb-LRnORDV03dBUR-A,new-canaan-connecticut
https://www.ubereats.com/connecticut/food-delivery/mecha-noodle-bar-stamford/QUjUcx6aQzq7k6nh3MP2wA,new-canaan-connecticut
https://www.ubereats.com/connecticut/food-delivery/table-104/y1ijVex8S-G11hao-lU45g,new-canaan-connecticut
https://www.ubereats.com/connecticut/food-delivery/five-guys-ct-1476-1221-high-ridge-rd/PrUGcbTqTAyMwlRKih8Gcg,new-canaan-connecticut
https://www.ubereats.com/connecticut/food-delivery/tablao-wine-bar-%26-restaurant/f6cn9sLIS_ir-xH9MDf9rQ,new-canaan-connecticut
https://www.ubereats.com/connecticut/food-delivery/sabor-de-mi-pueblo/FSl1yVJpRCuj-VMeUlZUzg,new-canaan-connecticut
https://www.ubereats.com/connecticut/food-delivery/marlys-bar-%26-bistro/f1lzdm6JTP2Qc7TU-6XWiw,new-canaan-connecticut
https://www.ubereats.com/connecticut/food-delivery/five-guys-ct-1121-420-westport-ave/pp0q-melSWyIx_H_oPt1dA,new-canaan-connecticut
https://www.ubereats.com/connecticut/food-delivery/burger-bar-%26-bistro/czb74PYfRViL7t5se-Ky4g,new-canaan-connecticut
https://www.ubereats.com/connecticut/food-delivery/viva-zapata/db4vsVVcQ6m_RO7Be_cUjQ,new-canaan-connecticut
https://www.ubereats.com/connecticut/food-delivery/overtons/XKWxAODMSUepWsbkl6UZWg,new-canaan-connecticut
https://www.ubereats.com/connecticut/food-delivery/friends-cafe-stamford/x4dRZSW8Q_aoZOXapfVRww,new-canaan-connecticut
https://www.ubereats.com/connecticut/food-delivery/burger-king-575-connecticut-avenue/FKKZczgQQ7OQsbDi5OIOcA,new-canaan-connecticut
https://www.ubereats.com/connecticut/food-delivery/wing-it-ct/nydgOup6SE2A-IYkkD3ZMQ,new-canaan-connecticut
https://www.ubereats.com/connecticut/food-delivery/cafe-jose/DOkR5v6QTqOnDJUxWKLBuA,new-canaan-connecticut
https://www.ubereats.com/connecticut/food-delivery/bond-grill/7kKVOPnGRMa4ROMziyMIGA,new-canaan-connecticut
https://www.ubereats.com/connecticut/food-delivery/hibachi-sushi-ya/LtexEFeDQ0GONTUZnPjG4A,new-canaan-connecticut
https://www.ubereats.com/connecticut/food-delivery/macit/wlVtesXfTPy0SiMChBoUEA,new-canaan-connecticut
https://www.ubereats.com/connecticut/food-delivery/asiana-bistro/eM1hMp6-Ra2fMj3u6u82_w,new-canaan-connecticut
https://www.ubereats.com/connecticut/food-delivery/sorrento-pizza-%26-restaurant/0znbFvmTTgyDilf3Vzyc7Q,new-canaan-connecticut
https://www.ubereats.com/connecticut/food-delivery/rons-deli-%26-caterers/SS9ghH1pSya7OZqcDyvyDg,new-canaan-connecticut
https://www.ubereats.com/connecticut/food-delivery/edo-japanese-%26-korean-cuisine/j-oWXs0tSMOthaDqLheBYQ,new-canaan-connecticut
https://www.ubereats.com/connecticut/food-delivery/juice-kings/jmilQHuGTv-qI-DxKjFnpA,new-canaan-connecticut
https://www.ubereats.com/connecticut/food-delivery/new-canaan-pizza/BHMfqV5_SK25khKyWQVqiw,new-canaan-connecticut
https://www.ubereats.com/connecticut/food-delivery/the-ice-cream-shop/aQGyIsGYQ52ZpRAX0nuejw,new-canaan-connecticut
https://www.ubereats.com/connecticut/food-delivery/toozy-patza-pizza/s531IpX-QYSSvV-mZ8GhoQ,new-canaan-connecticut
https://www.ubereats.com/connecticut/food-delivery/tavern-on-7/JDN9rXO7THWLKqs6f2v5EA,new-canaan-connecticut
https://www.ubereats.com/connecticut/food-delivery/thai-time/l1zKzj9xQTCi3BPwMauczw,new-canaan-connecticut
https://www.ubereats.com/connecticut/food-delivery/fresh-cut/3d_kWiGaTl2FEiTCK1v2iw,new-canaan-connecticut
https://www.ubereats.com/connecticut/food-delivery/la-antigua-restaurant-%26-bakery/MeDBLsIeQ1q7F4Z9-faYUA,new-canaan-connecticut
https://www.ubereats.com/connecticut/food-delivery/asiana-cafe-greenwich-ct/67OhHAa8Tl6-fD8h8wEW0w,new-canaan-connecticut
https://www.ubereats.com/connecticut/food-delivery/chili-chicken-asian-bistro/rL0r5StoTGCbPJfIz8xdZw,new-canaan-connecticut
https://www.ubereats.com/connecticut/food-delivery/adas-kitchen-%2B-coffee/FLZ3mXkFQmeoR-kYVSqwHw,new-canaan-connecticut
https://www.ubereats.com/connecticut/food-delivery/mcdonalds-norwalk-main/MyyVyIN4RUGPJab7AHAttA,new-canaan-connecticut
https://www.ubereats.com/connecticut/food-delivery/rainbow-thai-westport/ojbUnhX9QCCWr6IlnKdNLw,new-canaan-connecticut
https://www.ubereats.com/connecticut/food-delivery/casa-bonita-restaurant-%26-lunch/Nz7xVisIQ2yCb8SVKa2_Dw,new-canaan-connecticut
https://www.ubereats.com/connecticut/food-delivery/mochica-restaurant/K42ceCtPSB6XgI1uV5ZuDQ,new-canaan-connecticut
https://www.ubereats.com/connecticut/food-delivery/don-carmelos/SPaxuttxSXG8Y7G1DlfarQ,new-canaan-connecticut
https://www.ubereats.com/connecticut/food-delivery/chipotle-mexican-grill-71-post-rd/aOr9MNmyRHu-_cgvTVDVeg,new-canaan-connecticut
https://www.ubereats.com/connecticut/food-delivery/subway-norwalk/uMNeyIuwRZegASvcXKHS7w,new-canaan-connecticut
https://www.ubereats.com/connecticut/food-delivery/la-dolce-italian-ice-%26-cafe/sMmftYlpQeWj2NnzbseoUw,new-canaan-connecticut
https://www.ubereats.com/connecticut/food-delivery/south-end-uncorked/Ryj_PjAuTNiQ7Gg6Y0HQKA,new-canaan-connecticut
https://www.ubereats.com/connecticut/food-delivery/sails-american-grill/0igA32KgRBGuS33x1MxloQ,new-canaan-connecticut
https://www.ubereats.com/connecticut/food-delivery/helens-luncheonette/YQXI_62GR2e--K7MKOyvKA,new-canaan-connecticut
https://www.ubereats.com/connecticut/food-delivery/miyuki/s-HwPrxhSbep0UoMk94ZJA,new-canaan-connecticut
https://www.ubereats.com/connecticut/food-delivery/reiki-sushi/kSwGFt5NSX6EEl1HPrWLUQ,new-canaan-connecticut
https://www.ubereats.com/connecticut/food-delivery/china-king/3JW6_hITQC6FeundTKNIwQ,new-canaan-connecticut
https://www.ubereats.com/connecticut/food-delivery/baja-cocina/KYNX0yobTyW0wQDhhis8Tg,new-canaan-connecticut
https://www.ubereats.com/connecticut/food-delivery/dimare-pastry-shop/Vgp4wiWORLOehRvz6XlwNg,new-canaan-connecticut
https://www.ubereats.com/connecticut/food-delivery/burgers-%2B-pies/ITfcyLn5TaighXWPvtNvKg,new-canaan-connecticut
https://www.ubereats.com/connecticut/food-delivery/tablao-wine-bar-%26-restaurant/ffNhSnTkQSW1MGsBSZipmw,new-canaan-connecticut
https://www.ubereats.com/connecticut/food-delivery/avenida-venezuelan-food/hvdIISDTQBePFttcK0Ad-g,new-canaan-connecticut
https://www.ubereats.com/connecticut/food-delivery/dunkin-650-west-ave/pEk7b3yqR5K-o-59av62iw,new-canaan-connecticut
https://www.ubereats.com/connecticut/food-delivery/dunkin-967-post-rd/eIFCDoM9SzWsCB47iniIow,new-canaan-connecticut
https://www.ubereats.com/connecticut/food-delivery/quattro-pazzi/Iv_BNFKqQx-cSc5BrvwzFw,new-canaan-connecticut
https://www.ubereats.com/connecticut/food-delivery/plaza-deli-%26-catering/spYm165dT1ydBUEPOi4IAA,new-canaan-connecticut
https://www.ubereats.com/connecticut/food-delivery/luckys-classic/1K-sd8kiSze6-RhEPKUCVw,new-canaan-connecticut
https://www.ubereats.com/connecticut/food-delivery/golden-million/QjlrhoiUTtSGJHU5zZkEiQ,new-canaan-connecticut
https://www.ubereats.com/connecticut/food-delivery/enzos-italian-fine-foods/sOjtTyLuRx-yYF0NdG6uEw,new-canaan-connecticut
https://www.ubereats.com/connecticut/food-delivery/el-rancho-restaurant/gcG9felASbiOPzjeNagUPw,new-canaan-connecticut
https://www.ubereats.com/connecticut/food-delivery/shake-shack-1340-boston-post-rd/Pdpt4-BXRbydZRgjkd4YsA,new-canaan-connecticut
https://www.ubereats.com/connecticut/food-delivery/greens-on-the-go-ct/UzL1CQPMT8O7YaN4m5286w,new-canaan-connecticut
https://www.ubereats.com/connecticut/food-delivery/little-nicks-pizza-%26-pasta/z0hyW3XLScWY8mEgBCIDOw,new-canaan-connecticut
https://www.ubereats.com/connecticut/food-delivery/taco-tequila-taqueria/ScoTOjnmRweAh0H4CAtBUA,new-canaan-connecticut
https://www.ubereats.com/connecticut/food-delivery/vavalas-deli-and-catering/g1rMTdgCTza-Suw1GXzPHw,new-canaan-connecticut
https://www.ubereats.com/connecticut/food-delivery/parker-pizza/gcvYbl9QSqaCRvFd-C2ZMw,new-canaan-connecticut
https://www.ubereats.com/connecticut/food-delivery/gourmet-galley/GV4X_QHoRQCElhPm3BNQ7g,new-canaan-connecticut
https://www.ubereats.com/connecticut/food-delivery/tequila-mockingbird/8TXVdLLzROmfIl6PKCv83A,new-canaan-connecticut
https://www.ubereats.com/connecticut/food-delivery/enchanted-szechuan/qRJcX43DT7uDo6HiGBMEwg,new-canaan-connecticut
https://www.ubereats.com/connecticut/food-delivery/dunkin-88-elm-st/thBDXyh-TSWn-zYf01LSAw,new-canaan-connecticut
https://www.ubereats.com/connecticut/food-delivery/sals-pastry-shop/l2rxLRE8QMCH2Q5mM-r4cQ,new-canaan-connecticut
https://www.ubereats.com/connecticut/food-delivery/subway-1996-w-main-st/83-ZaoIhSG6vUlK2A_Xlvg,new-canaan-connecticut
https://www.ubereats.com/connecticut/food-delivery/prime-an-american-kitchen-and-bar/1nrv9KkORjqIAAj_3ypoVQ,new-canaan-connecticut
https://www.ubereats.com/connecticut/food-delivery/mil-sabores/-WSIvlswSZa0Uouy9u8e1A,new-canaan-connecticut
https://www.ubereats.com/connecticut/food-delivery/chocolate-works-25-old-kings-hwy-n/h-WXMx-XStONE5ALW83jSQ,new-canaan-connecticut
https://www.ubereats.com/connecticut/food-delivery/little-buddha-express/4uZla-QBTf6ULZ80hwSDUQ,new-canaan-connecticut
https://www.ubereats.com/connecticut/food-delivery/java-joes/pX5BuLDCTDicDYvddeQI8A,new-canaan-connecticut
https://www.ubereats.com/connecticut/food-delivery/el-peron-norwalk/Cn1rLmPST7W9QeUwenpm8Q,new-canaan-connecticut
https://www.ubereats.com/connecticut/food-delivery/gluten-free-little-pub-and-marketplace/IbizUdo6SbmJpnE_Vef40A,new-canaan-connecticut
https://www.ubereats.com/connecticut/food-delivery/little-buddha/cAuGiWrSTzm5hyD7GFA2Fw,new-canaan-connecticut
https://www.ubereats.com/connecticut/food-delivery/village-gourmet/bfnqFzeFRoC0lXVhhNo0ug,new-canaan-connecticut
https://www.ubereats.com/connecticut/food-delivery/dolce-italian-cafe/o2fLYIFrToCYerIMWCoeXg,new-canaan-connecticut
https://www.ubereats.com/connecticut/food-delivery/pontos-taverna/tQ4OB6QGTQ62S3VSQxeEag,new-canaan-connecticut
https://www.ubereats.com/connecticut/food-delivery/royal-guard-norwalk/3U-b06jMTmK77WAlOuP8jA,new-canaan-connecticut
https://www.ubereats.com/connecticut/food-delivery/sobol-wilton/TD4nV5wER0m6jqMoqPGVdQ,new-canaan-connecticut
https://www.ubereats.com/connecticut/food-delivery/los-molcajetes-mexican-restaurant/_6DtE1kaSFujUPHg9FBAdA,new-canaan-connecticut
https://www.ubereats.com/connecticut/food-delivery/dunkin-1-ct-turnpike-west/3UHvb0izRBm2SnsWvz5Q8Q,new-canaan-connecticut
https://www.ubereats.com/connecticut/food-delivery/organika-kitchen-new-canaan/Sf7TSPj3SG2ng5alDSzadQ,new-canaan-connecticut
https://www.ubereats.com/connecticut/food-delivery/cafe-madrid/g-G3wq9tSs-QZy0ZGf4mPA,new-canaan-connecticut
https://www.ubereats.com/connecticut/food-delivery/papa-johns-pizza-norwalk/2iwpNWUUTiiJg4eKmOwwDA,new-canaan-connecticut
https://www.ubereats.com/connecticut/food-delivery/chef-prasad/eUT7t1VRSa683kSizE2_Bw,new-canaan-connecticut
https://www.ubereats.com/connecticut/food-delivery/dunkin-1-ct-turnpike-east/umsLQuAlRsmKUDXKiPTCqw,new-canaan-connecticut
https://www.ubereats.com/connecticut/food-delivery/rinaldis-country-deli/UTADULBOTqaD59HcyfawLw,new-canaan-connecticut
https://www.ubereats.com/connecticut/food-delivery/amis-trattoria-westport/cUqWYoFbSaCO9-wZx5vReA,new-canaan-connecticut
https://www.ubereats.com/connecticut/food-delivery/la-taqueria-el-chino/UgWDBkJhR8q8wYm4zo209g,new-canaan-connecticut
https://www.ubereats.com/connecticut/food-delivery/carvel-324-connecticut-avenue/5oHNU1m7RzytLI6cDZRvUQ,new-canaan-connecticut
https://www.ubereats.com/connecticut/food-delivery/post-road-diner/JKGY_NBCSBehyhfYADbzEA,new-canaan-connecticut
https://www.ubereats.com/connecticut/food-delivery/aji-ramen/xvR2OZBwQvOHylF3RpKbyQ,new-canaan-connecticut
https://www.ubereats.com/connecticut/food-delivery/uncles-pizza/oWzJwlOhSK27Lzja4Oem9g,new-canaan-connecticut
https://www.ubereats.com/connecticut/food-delivery/brasitas-restaurant-stamford/IkjWc_dnRx6CxA7ZyE9u2g,new-canaan-connecticut
https://www.ubereats.com/connecticut/food-delivery/carvel-456-main-avenue/Hpa6p1tVT7mR8p06o6r24Q,new-canaan-connecticut
https://www.ubereats.com/connecticut/food-delivery/starbucks-west-stamford-plaza/XuvysXBJSZuwA-PsxupjIQ,new-canaan-connecticut
https://www.ubereats.com/connecticut/food-delivery/chef-tony-taco/UVRBSW2dQZqQlqrRlc67kA,new-canaan-connecticut
https://www.ubereats.com/connecticut/food-delivery/kampei-ii/WaUVjSqaTOiHftAsH2bKdw,new-canaan-connecticut
https://www.ubereats.com/connecticut/food-delivery/donovans/Tg_Hm-pTRsWCtNl0OwcG6Q,new-canaan-connecticut
https://www.ubereats.com/connecticut/food-delivery/dairy-king/JRRxPTawQG6hYiQ45hZbMw,new-canaan-connecticut
https://www.ubereats.com/connecticut/food-delivery/cafe-oolala/8yMZUsBOSI-6rQhRDvq5gw,new-canaan-connecticut
https://www.ubereats.com/connecticut/food-delivery/bistro-mediterranean-tapas-bar/PTUWexvPToWVbmnbEE7FRA,new-canaan-connecticut
https://www.ubereats.com/connecticut/food-delivery/freshco-stamford/TRlwwDcSStO2Fi_BRYNSTA,new-canaan-connecticut
https://www.ubereats.com/connecticut/food-delivery/the-sandwich-shoppe-danbury-rd/RWa6w-qLSL-5pIuY00EtNA,new-canaan-connecticut
https://www.ubereats.com/connecticut/food-delivery/coromandel-cuisine-of-india-darien/28f0QsnsQPeVVe54KbvNYQ,new-canaan-connecticut
https://www.ubereats.com/connecticut/food-delivery/tropical-deli/xS2lGIMQQnaPQdrO0p7gCQ,new-canaan-connecticut
https://www.ubereats.com/connecticut/food-delivery/godavari-norwalk/PSh_ZaeOQvieQNBZFCp6cA,new-canaan-connecticut
https://www.ubereats.com/connecticut/food-delivery/elm-restaurant/yNsS7FUbSMCNOWRF0XYadw,new-canaan-connecticut
https://www.ubereats.com/connecticut/food-delivery/tangra-biryani-point/xV7U-PpJTjaLd0xsI2Gbng,new-canaan-connecticut
https://www.ubereats.com/connecticut/food-delivery/green-%26-tonic-westport/VCPIl-z-SL2254FqLfRhxg,new-canaan-connecticut
https://www.ubereats.com/connecticut/food-delivery/poke-sushi-dumpling/rmUAjo89Q-ukq1CPJRDMGQ,new-canaan-connecticut
https://www.ubereats.com/connecticut/food-delivery/vedas-indian-cuisine-norwalk/W0i7Wa80R_CDmAORW0uQMw,new-canaan-connecticut
https://www.ubereats.com/connecticut/food-delivery/cafe-aroma/WT4c8u8XRwirisd5tYGV4Q,new-canaan-connecticut
https://www.ubereats.com/connecticut/food-delivery/burger-king-1058-high-ridge-road/NLvJOB3gQ-CW5NHxh3vSBw,new-canaan-connecticut
https://www.ubereats.com/connecticut/food-delivery/dantes-pizza/rr8M0BOdTcmjWLDAT3i9ZA,new-canaan-connecticut
https://www.ubereats.com/connecticut/food-delivery/corbos-deli-and-pizza-south/LyvyeCxZQjulsZCDtFoZLA,new-canaan-connecticut
https://www.ubereats.com/connecticut/food-delivery/brick-house-bar-%26-grill/27G-XNCFQ66zpDZHdZ3wxA,new-canaan-connecticut
https://www.ubereats.com/connecticut/food-delivery/ren-dumpling-%26-noodle-house/9-LJJsbASNeh_5HyKy7YSg,new-canaan-connecticut
https://www.ubereats.com/connecticut/food-delivery/uncle-joes-restaurant-%26-pizza/HfCCm8xrRmqpZe0qJaYlsQ,new-canaan-connecticut
https://www.ubereats.com/connecticut/food-delivery/osteria-romana-norwalk/9sHoe3s2R5aAP1XvquQqMg,new-canaan-connecticut
https://www.ubereats.com/connecticut/food-delivery/peachwave-norwalk/mi_lIBAsTOKy9xjDlRtoOw,new-canaan-connecticut
https://www.ubereats.com/connecticut/food-delivery/madonia-restaurant-%26-bar/cxgBA6-ZQ5ioUh8sEeQQaw,new-canaan-connecticut
https://www.ubereats.com/connecticut/food-delivery/craft-14-kitchen-%2B-bar/e-iPlncmT1OWqdr34VIkGQ,new-canaan-connecticut
https://www.ubereats.com/connecticut/food-delivery/silvermine-market/U7tjsGx6Sva34rniZlQHwQ,new-canaan-connecticut
https://www.ubereats.com/connecticut/food-delivery/jersey-mikes-subs-norwalk-360-connecticut-avenue/JEIzTcgfT7yXs_VDNL1A9A,new-canaan-connecticut
https://www.ubereats.com/connecticut/food-delivery/five-guys-ct-1036-534-post-road-east/TCgjnXJpSdekVd40yv8BDA,new-canaan-connecticut
https://www.ubereats.com/connecticut/food-delivery/dunkin-1051-long-ridge-rd/SDbGDvdbRreGfVAB3SOQ_A,new-canaan-connecticut
https://www.ubereats.com/connecticut/food-delivery/fratelli-market/3k5QUXq-RRy0H-Et8zMcsQ,new-canaan-connecticut
https://www.ubereats.com/connecticut/food-delivery/taco-bell-1-ct-turnpike-west/NGbGp3NISKi4LINNbl_iSw,new-canaan-connecticut
https://www.ubereats.com/connecticut/food-delivery/nutty-bunny/HqzZJtZEQGO-87GTFCLHqg,new-canaan-connecticut
https://www.ubereats.com/connecticut/food-delivery/los-portales-mexican-restaurant/ITevrwx5S_Sf5RWMPuzRFg,new-canaan-connecticut
https://www.ubereats.com/connecticut/food-delivery/harvest-wine-bar-and-restaurant-westport/ALyL-CsNRmGDMpjEhxzzBA,new-canaan-connecticut
https://www.ubereats.com/connecticut/food-delivery/rio-bravo-tacos-%26-tequila-77-n-main-st/NVqjl4NKTJeC9kiiPw34qQ,new-canaan-connecticut
https://www.ubereats.com/connecticut/food-delivery/burger-creations/-FJZuR9cThOicZTymkK60Q,new-canaan-connecticut
https://www.ubereats.com/connecticut/food-delivery/clubhouse-grille/_FNmmRyxRriQIItMty3s0A,new-canaan-connecticut
https://www.ubereats.com/connecticut/food-delivery/green-%26-tonic-new-canaan/Gx7gk0B8RNCwwFnuKXB6MA,new-canaan-connecticut
https://www.ubereats.com/connecticut/food-delivery/tabouli-grill/nsftaMVyTReC1IjG4Kp4rw,new-canaan-connecticut
https://www.ubereats.com/connecticut/food-delivery/mcdonalds-norwalk-mall-relo/G3d__ZEWQ76UqIO5rp91TA,new-canaan-connecticut
https://www.ubereats.com/connecticut/food-delivery/via-sforza-trattoria/BU4-TeR-SmGwoxAsKSLPGg,new-canaan-connecticut
https://www.ubereats.com/connecticut/food-delivery/munay-peruvian-kitchen/I_XlYt8uRxinn5-VxPzW8w,new-canaan-connecticut
https://www.ubereats.com/connecticut/food-delivery/new-crossroads-pizza/TVQmhhZpRRO8geWex911zQ,new-canaan-connecticut
https://www.ubereats.com/connecticut/food-delivery/gofer-ice-cream-darien/ldo7dgwpSBW0wCvB1ddgFA,new-canaan-connecticut
https://www.ubereats.com/connecticut/food-delivery/connecticut-coffee-and-grill/DvSQ0s_rQtOTinbhnNSPsw,new-canaan-connecticut
https://www.ubereats.com/connecticut/food-delivery/the-granola-bar-westport/VFpcufOKQKi3SARdrTKqxg,new-canaan-connecticut
https://www.ubereats.com/connecticut/food-delivery/slice-of-italy/IRBJ-0yOSAaQxeaPxkafiQ,new-canaan-connecticut
https://www.ubereats.com/connecticut/food-delivery/jrs-deli-and-grille/SHopBRBgTG2IdN3m_a_cdQ,new-canaan-connecticut
https://www.ubereats.com/connecticut/food-delivery/the-boatyard-at-smokey-joes/HJUP4Ra2Soal70ORrj3B0g,new-canaan-connecticut
https://www.ubereats.com/connecticut/food-delivery/tonys-deli-new-canaan/lC-VgBeEQnqzDjUFDEVTsg,new-canaan-connecticut
https://www.ubereats.com/connecticut/food-delivery/taco-bell-i-ct-turnpike-east/NW7j3Es4TDaIvrWUvfhtYw,new-canaan-connecticut
https://www.ubereats.com/connecticut/food-delivery/outback-steakhouse-14-danbury-road/yVihg86_ReeykCaZrjkQQg,new-canaan-connecticut
https://www.ubereats.com/connecticut/food-delivery/bj-ryans/4682fFb9QpWL49Gj9J-9Rg,new-canaan-connecticut
https://www.ubereats.com/connecticut/food-delivery/planet-pizza-607-main-ave/HKo_vz2XQ4SRY2Rk_I-1yg,new-canaan-connecticut
https://www.ubereats.com/connecticut/food-delivery/uncle-seven-chinese-restaurant/pXRUqXatSS-5Ir-gBH-dhQ,new-canaan-connecticut
https://www.ubereats.com/connecticut/food-delivery/broadway-pizza/CEh43cHQSLKT3uQs2MIw2Q,new-canaan-connecticut
https://www.ubereats.com/connecticut/food-delivery/wendys-67-new-canaan-ave/eVW4H2oITzSGEVmeK8p_Vg,new-canaan-connecticut
https://www.ubereats.com/connecticut/food-delivery/pelliccis-restaurant/-ZjGrXznQiOirNgjLECn_Q,new-canaan-connecticut
https://www.ubereats.com/connecticut/food-delivery/pesca-peruvian-bistro/7dghBDUSQ1-VFY5aQ98GWA,new-canaan-connecticut
https://www.ubereats.com/connecticut/food-delivery/kfc-west-main/823UoWpRSdC_k1yuPJCekQ,new-canaan-connecticut
https://www.ubereats.com/connecticut/food-delivery/rye-ridge-deli-stamford/uk4kb420TV2ZY0E7iOW6nA,new-canaan-connecticut
https://www.ubereats.com/connecticut/food-delivery/the-lime-restaurant/uVrT6VyqSFWbEhgLMQfPbQ,new-canaan-connecticut
https://www.ubereats.com/connecticut/food-delivery/robeks-westport-ave/BBSHJV_JR721q8QMxbAc5g,new-canaan-connecticut
https://www.ubereats.com/connecticut/food-delivery/capris-cuisine/Ehp7ELKHSdm4AfGyKysqYQ,new-canaan-connecticut
https://www.ubereats.com/connecticut/food-delivery/dunkin-470-main-ave/Gh3X4nQCTZqlopNO6idT2g,new-canaan-connecticut
https://www.ubereats.com/connecticut/food-delivery/match/a9pQ6-hLTqGohNgG_WqkHw,new-canaan-connecticut
https://www.ubereats.com/connecticut/food-delivery/soosh/WhMXk7sFRFSo7iQVgExBfA,new-canaan-connecticut
https://www.ubereats.com/connecticut/food-delivery/reddi-rooster-high-ridge/TRJ4IW1tThq1pXLB4tFeUQ,new-canaan-connecticut
https://www.ubereats.com/connecticut/food-delivery/tuttis-ristorante/vdRx8o2OSS20Tepz6JvZaA,new-canaan-connecticut
https://www.ubereats.com/connecticut/food-delivery/dunkin-1044-hope-st/BJn_BA9IREy0HUI0XE9PvA,new-canaan-connecticut
https://www.ubereats.com/connecticut/food-delivery/the-village/aX8kURNwTJONY0-dGII3cg,new-canaan-connecticut
https://www.ubereats.com/connecticut/food-delivery/green-%26-tonic-cos-cob/Xu2hGlx1S-qAXh6ZH5gDfQ,new-canaan-connecticut
https://www.ubereats.com/connecticut/food-delivery/wedge-inn/rJCPkyRQRrmVRV6PQ8Mong,new-canaan-connecticut
https://www.ubereats.com/connecticut/food-delivery/la-calle-arepas-bar/rWeJvAXRRtWbVPInew5RWg,new-canaan-connecticut
https://www.ubereats.com/connecticut/food-delivery/starbucks-norwalk-darinor-plaza/agkQ4QXwRjGUGaOop7S2sw,new-canaan-connecticut
https://www.ubereats.com/connecticut/food-delivery/garden-catering-norwalk/6tT8jz84Rs6ef-CcZM9_hA,new-canaan-connecticut
https://www.ubereats.com/connecticut/food-delivery/bubblys-bubble-tea/id7mnKEwR_S8IC72Fh1ipA,new-canaan-connecticut
https://www.ubereats.com/connecticut/food-delivery/dunkin-81-n-main-st/_-Q0lYWfTiGsfdg4f-dMOA,new-canaan-connecticut
https://www.ubereats.com/connecticut/food-delivery/kfc-richards-ave/Ix45WgjmTSmZfU014KtUBQ,new-canaan-connecticut
https://www.ubereats.com/connecticut/food-delivery/haruki-ramen-%26-izakaya/SRd_T25jTN2mFg3jt-WGeQ,new-canaan-connecticut
https://www.ubereats.com/connecticut/food-delivery/carvel-1060-long-ridge-road/ItbXBGhDRf-FUI4xIpX-2w,new-canaan-connecticut
https://www.ubereats.com/connecticut/food-delivery/zumeta-bistro-food-truck/vApgwG3BR_KQ2yDn5hIilw,new-canaan-connecticut
https://www.ubereats.com/connecticut/food-delivery/bourbon-raw/E-cvnsKkQo2kqitqk9e-fA,new-canaan-connecticut
https://www.ubereats.com/connecticut/food-delivery/sukhmanis/JSFnjp17SU-7fQzT7vvxuQ,new-canaan-connecticut
https://www.ubereats.com/connecticut/food-delivery/cantiki-taco-deck/4fXTqzE-T5Cik_Id7ETJLw,new-canaan-connecticut
https://www.ubereats.com/connecticut/food-delivery/boxed-burgers-stamford/jApmkKVASX2SkKY5jVJyKA,new-canaan-connecticut
https://www.ubereats.com/connecticut/food-delivery/don-floro/CkCpcb5GRdiJRlQ9RcZhxQ,new-canaan-connecticut
https://www.ubereats.com/connecticut/food-delivery/roost/uqSuSqZrSs-ArY5FKcEO9g,new-canaan-connecticut
https://www.ubereats.com/connecticut/food-delivery/wayback-burgers-607-main-ave/GEGHy6V8Q0SGTC8w3HNAKQ,new-canaan-connecticut
https://www.ubereats.com/connecticut/food-delivery/acuario/fkUPHQbUQ86De4nnOPO3RQ,new-canaan-connecticut
https://www.ubereats.com/connecticut/food-delivery/the-sand-wedge-deli-%26-catering/_SI0BIS8RXSoewSBuoCl9w,new-canaan-connecticut
https://www.ubereats.com/connecticut/food-delivery/fiesta-express/j7RdCkBDQweELtgmniiPxw,new-canaan-connecticut
https://www.ubereats.com/connecticut/food-delivery/giacomos-deli/-6dqsqULS3GT8kouxtxvzg,new-canaan-connecticut
https://www.ubereats.com/connecticut/food-delivery/mcdonalds-stamford-bedford/3dS8SSylSA2zQaM9pE4Mcg,new-canaan-connecticut
https://www.ubereats.com/connecticut/food-delivery/la-paella-tapas-wine-bar-%26-restaurant/Qs-LBh8kQPWy6aZLqChvew,new-canaan-connecticut
https://www.ubereats.com/connecticut/food-delivery/speedy-pizza-vs-roast-chicken/HdTGXBs0TG60ewcEiB_IKA,new-canaan-connecticut
https://www.ubereats.com/connecticut/food-delivery/caffe-bon/fEijSsZxQzukpVVuycby6A,new-canaan-connecticut
https://www.ubereats.com/connecticut/food-delivery/great-wall-chinese-restaurant/VD1sTqg_RUaWqB4gTzL9QQ,new-canaan-connecticut
https://www.ubereats.com/connecticut/food-delivery/starbucks-westport-saugatuck-river/ivbytagNRsyNqlU_4rAIbQ,new-canaan-connecticut
https://www.ubereats.com/connecticut/food-delivery/shiki/570xawcaS9-rZ9S8wjlSLA,new-canaan-connecticut
https://www.ubereats.com/connecticut/food-delivery/jimmys-pizzeria-and-restaurant/ENEi-NDFQJOWaqF482VZDA,new-canaan-connecticut
https://www.ubereats.com/connecticut/food-delivery/starbucks-darien/Khy-qW6pQRyYoiagccFPFQ,new-canaan-connecticut
https://www.ubereats.com/connecticut/food-delivery/mackenzies-bar-%26-grill/H6maSFSiQqK0n5PBYCZcKw,new-canaan-connecticut
https://www.ubereats.com/connecticut/food-delivery/baldanza-natural-market-%26-cafe/2LH907ZJT_yPBg2IXA1Kxg,new-canaan-connecticut
https://www.ubereats.com/connecticut/food-delivery/match-burger-lobster-riverside-ave/coUaKBEiT76XRsnCzPTwCg,new-canaan-connecticut
https://www.ubereats.com/connecticut/food-delivery/starbucks-ridgeway-shopping-center/Y_KHRJMpSBipMtcLdB-nWw,new-canaan-connecticut
https://www.ubereats.com/connecticut/food-delivery/bar-sugo/em5TGZpaTs66qWMirUKsMQ,new-canaan-connecticut
https://www.ubereats.com/connecticut/food-delivery/winfield-street-coffee-westport/ooOHEdsLRCOJ_ucIYp4MIg,new-canaan-connecticut
https://www.ubereats.com/connecticut/food-delivery/ms-barbara-jeans-soul-food-kitchen/JR2L4WCzTAaUN0n1lCadSQ,new-canaan-connecticut
https://www.ubereats.com/connecticut/food-delivery/mangia-deli-%26-catering/oE5CWsuXQ2qOtp-xM7yH_A,new-canaan-connecticut
https://www.ubereats.com/connecticut/food-delivery/buffalo-wild-wings-208-summer-st/5_8Fmz6VTymD0WzJlQs02g,new-canaan-connecticut
https://www.ubereats.com/connecticut/food-delivery/sobol-cos-cob/fEMu31c5SrCtrix15vraLA,new-canaan-connecticut
https://www.ubereats.com/connecticut/food-delivery/popeyes-norwalk/XSZimsqSTeSYIx080V59-Q,new-canaan-connecticut
https://www.ubereats.com/connecticut/food-delivery/bandido-mexican-restaurant/EiUqIBpWTnWW7vz0dZxfBQ,new-canaan-connecticut
https://www.ubereats.com/connecticut/food-delivery/nikos-pizza-%26-greek-grill/cYVNdt5hS-6ET_gecMQ9cg,new-canaan-connecticut
https://www.ubereats.com/connecticut/food-delivery/amore-cucina-and-bar/fjq3ANCYQy6PuiIfzgDrpg,new-canaan-connecticut
https://www.ubereats.com/connecticut/food-delivery/madurai-south-indian-cuisine/qxP8RlfeSlmLauU1tXU-yQ,new-canaan-connecticut
https://www.ubereats.com/connecticut/food-delivery/rio-border-cafe/I_1f8k-oR2yYKXzD66jCMw,new-canaan-connecticut
https://www.ubereats.com/connecticut/food-delivery/home-slice-pizza-kitchen/0YU3BxV3Rnyj7u0N850nEw,new-canaan-connecticut
https://www.ubereats.com/connecticut/food-delivery/dunkin-307-connecticut-ave/SrNYYbnKQxiueMzfWH1WOQ,new-canaan-connecticut
https://www.ubereats.com/connecticut/food-delivery/cove-beach-grill/PM9tFBimQ9W3IH-Rj1VRaw,new-canaan-connecticut
https://www.ubereats.com/connecticut/food-delivery/turning-point-coffee-and-wine-bar/7XppnZgHS9aGB7wFJQYVwA,new-canaan-connecticut
https://www.ubereats.com/connecticut/food-delivery/la-sorpresa-y-mas-restaurant-and-bakery/JILbY2PaRbuw6a1-tRfVyg,new-canaan-connecticut
https://www.ubereats.com/connecticut/food-delivery/qdoba-652-main-ave/quNUlGfsRPOSg9wJgmz0mw,new-canaan-connecticut
https://www.ubereats.com/connecticut/food-delivery/360-degrees-catering-co/Ds9-vW4OSaO6-7cZYLqq1Q,new-canaan-connecticut
https://www.ubereats.com/connecticut/food-delivery/anthonys-kitchen/MmsMqVJPS8ynz2Nx2j31LQ,new-canaan-connecticut
https://www.ubereats.com/connecticut/food-delivery/cobs-bread-high-ridge/491C5TClS06l8aSzImQefA,new-canaan-connecticut
https://www.ubereats.com/connecticut/food-delivery/dunkin-883-high-ridge-rd/M_WRpumWRumrn8R4D9V9oQ,new-canaan-connecticut
https://www.ubereats.com/connecticut/food-delivery/walrus-alley/VkmbJdiPTz2qvG-2B7LUsA,new-canaan-connecticut
https://www.ubereats.com/connecticut/food-delivery/cosi-1209-high-ridge-rd/6Af8zB1HTJ66BLB0IFapFg,new-canaan-connecticut
https://www.ubereats.com/connecticut/food-delivery/mama-rosas-latin-and-american-grill/m55x-luAT4Wp5ns2iwpVtA,new-canaan-connecticut
https://www.ubereats.com/connecticut/food-delivery/wafu/dxGjwa1IQOaPT3rIXnoKNw,new-canaan-connecticut
https://www.ubereats.com/connecticut/food-delivery/herbs-place/nDPC3If_RSaa6aFLdtjK5Q,new-canaan-connecticut
https://www.ubereats.com/connecticut/food-delivery/taco-bell-1371-e-putnam-ave/rxTrIRhVQRKr98B4F-dscw,new-canaan-connecticut
https://www.ubereats.com/connecticut/food-delivery/subway-202-town-green/0DacXiQeQiydajgN5u40HA,new-canaan-connecticut
https://www.ubereats.com/connecticut/food-delivery/westover-pizzeria-ll/hNt8k_KHRAa1oCS2J7PoTg,new-canaan-connecticut
https://www.ubereats.com/connecticut/food-delivery/moe-joes-deli-%26-grill/2yvXBZruSOSPLrSr4CeabA,new-canaan-connecticut
https://www.ubereats.com/connecticut/food-delivery/locali-pizza-bar/jH3cJRYSS_qUAboSED110w,new-canaan-connecticut
https://www.ubereats.com/connecticut/food-delivery/starbucks-stamford/YXkymPg9S-KTx87cIIk5Kg,new-canaan-connecticut
https://www.ubereats.com/connecticut/food-delivery/burger-king-380-main-avenue/QurwfKuBRwe1ftERQMJmsQ,new-canaan-connecticut
https://www.ubereats.com/connecticut/food-delivery/los-portales-taqueria/dIpnmQDyQ3if4MjpWbPAIw,new-canaan-connecticut
https://www.ubereats.com/connecticut/food-delivery/bobby-qs-cue-%26-co/x1N1-dnPTOu1YcEFt5PCEg,new-canaan-connecticut
https://www.ubereats.com/connecticut/food-delivery/makis-food-and-juice-bar/wbRHZo74TxeVnnVQawzG7Q,new-canaan-connecticut
