url,city
https://www.ubereats.com/louisville/food-delivery/superior-market-%26-deli-inc/HfctNXgZQe-R3sbl6ZhzGw,new-albany-kentucky
https://www.ubereats.com/louisville/food-delivery/joes-crab-shack-131-river-rd/jlPtYbzVRwu9tIuA0hhnbg,new-albany-kentucky
https://www.ubereats.com/louisville/food-delivery/taco-bell-1801-south-brook-street/Lb-RVY85S7eMdCW9KYOSgw,new-albany-kentucky
https://www.ubereats.com/louisville/food-delivery/hardees-301-w-court-avenue/4l9OPO36TsKfbZNLSJdugg,new-albany-kentucky
https://www.ubereats.com/louisville/food-delivery/parlour/RXBsXbafRO2_dlMJ5yOVkg,new-albany-kentucky
https://www.ubereats.com/louisville/food-delivery/rallys-2350-state-street/uYj4xndqRF-yLU7cRKQ7SQ,new-albany-kentucky
https://www.ubereats.com/louisville/food-delivery/red-lobster-951-e-lewis-and-clark-parkway/NsIKoXN3QbyhJ1CuUyu5pQ,new-albany-kentucky
https://www.ubereats.com/louisville/food-delivery/outback-steakhouse-1209-veterans-pkwy/DYSUwHbJR7OotTO-VXML-g,new-albany-kentucky
https://www.ubereats.com/louisville/food-delivery/taco-bell-4643-dixie-hwy/ANZEY7meR1ya1e5rstRgPA,new-albany-kentucky
https://www.ubereats.com/louisville/food-delivery/kfc-5501-highway-62/2tII_Zh_RoG4xvOhzunpVA,new-albany-kentucky
https://www.ubereats.com/louisville/food-delivery/arbys-2025-e-10th-st/OJSjNcv-QFeMhrSeZfMFQg,new-albany-kentucky
https://www.ubereats.com/louisville/food-delivery/burgers-4-days/4RUz7M5yTDibC17FArpeXA,new-albany-kentucky
https://www.ubereats.com/louisville/food-delivery/mcdonalds-2621-charlestown-rd/N4e6ncI3QIqixLXVUkdpHw,new-albany-kentucky
https://www.ubereats.com/louisville/food-delivery/galans-meat-market-%26-deli/IRTQayrvS0mBKlkkh5CXGA,new-albany-kentucky
https://www.ubereats.com/louisville/food-delivery/mcdonalds-broadway-%26-28th-st/-WjZ8GWTSLSY6jU6t_0gNw,new-albany-kentucky
https://www.ubereats.com/louisville/food-delivery/beef-o-bradys-3101-s-2nd-st/rktT8qBnQZembNTLgqbiFg,new-albany-kentucky
https://www.ubereats.com/louisville/food-delivery/white-castle-3701-7th-street-rd/uqr94VS1TSa90o8rbLGalQ,new-albany-kentucky
https://www.ubereats.com/louisville/food-delivery/arbys-2804-crittenden-dr/RsprngG6QSWvB9Cf8XPmSg,new-albany-kentucky
https://www.ubereats.com/louisville/food-delivery/eat-your-bourbon-marketplace/f0C63hkGRNCrd69hkyMQdA,new-albany-kentucky
https://www.ubereats.com/louisville/food-delivery/subway-533-n-22nd-st/OAzwLCv3QeOfmWgj_zFrpA,new-albany-kentucky
https://www.ubereats.com/louisville/food-delivery/sbar/7w3hKF9HRZ6Ohn_vdNw7ZA,new-albany-kentucky
https://www.ubereats.com/louisville/food-delivery/mcdonalds-eastern-%26-louis-and-clark/MKJRSqqYSKqKQHtfcsGiuQ,new-albany-kentucky
https://www.ubereats.com/louisville/food-delivery/rallys-2130-w-broadway/dpzElwsVQESTTpU6Q8fHqQ,new-albany-kentucky
https://www.ubereats.com/louisville/food-delivery/caralis/9lCorgZNTkGed06x6Yhwvw,new-albany-kentucky
https://www.ubereats.com/louisville/food-delivery/white-castle-1701-e-spring-st/RnYkT-AyRPixBg7qm1n6RQ,new-albany-kentucky
https://www.ubereats.com/louisville/food-delivery/indis-fast-food-restaurant/L8rVlulKSpapFBOXzaWXJg,new-albany-kentucky
https://www.ubereats.com/louisville/food-delivery/bourbon-barrel-foods-eat-your-bourbon-marketplace/hyrzPn2aQCqtwABOd1Z-XA,new-albany-kentucky
https://www.ubereats.com/louisville/food-delivery/against-the-grain-brewery-and-smokehouse/4VUZanoaT8-dgMHNP5SEVQ,new-albany-kentucky
https://www.ubereats.com/louisville/food-delivery/papa-murphys-6661-dixie-highway/88MUUE-ARi-hH_oYe8a1aw,new-albany-kentucky
https://www.ubereats.com/louisville/food-delivery/agave-%26-rye/sHJXV__CQS-h6o8xVmxDbQ,new-albany-kentucky
https://www.ubereats.com/louisville/food-delivery/qdoba-mexican-grill-4302-charlestown-rd-ste-108/4_E778-sTquiBOlYTf2Exw,new-albany-kentucky
https://www.ubereats.com/louisville/food-delivery/hooters-clarksville/ZbzGDIjjSEOW5mjM6MI0tw,new-albany-kentucky
https://www.ubereats.com/louisville/food-delivery/los-aztecas-mexican-restaurant-nulu/4RF4qiAuRvKS3JgHfq5W2w,new-albany-kentucky
https://www.ubereats.com/louisville/food-delivery/sweet-peaches/49gg3PIAT7e2latY36A51A,new-albany-kentucky
https://www.ubereats.com/louisville/food-delivery/burger-king-2700-crittenden-drive/Pqg1z80dTm2nqOXMBab0OA,new-albany-kentucky
https://www.ubereats.com/louisville/food-delivery/hooters-4948-dixie-hwy/JMfJDxl6QlmOmIVx5qXA2w,new-albany-kentucky
https://www.ubereats.com/louisville/food-delivery/taco-bell-2801-w-broadway-ave/vTWIm_5eSxWrIozLJ3iyog,new-albany-kentucky
https://www.ubereats.com/louisville/food-delivery/arbys-5329-dixie-hwy/gLT31SoHRlWmCMajwtrL-g,new-albany-kentucky
https://www.ubereats.com/louisville/food-delivery/pizza-lupo/BLZM6u3pRlm0ytabSnVVLA,new-albany-kentucky
https://www.ubereats.com/louisville/food-delivery/mamas-kitchen/93xwZz4uRuuRLow01JBqxA,new-albany-kentucky
https://www.ubereats.com/louisville/food-delivery/qdoba-312-s-4th-st/XDXQjB26Q4udh8Qi1Gnmkg,new-albany-kentucky
https://www.ubereats.com/louisville/food-delivery/cool-treats/lY3ej_mkSEyThAMnu2qmLA,new-albany-kentucky
https://www.ubereats.com/louisville/food-delivery/os-cool-ice-cream-%26-bbq/mYiMatVlToCQU5UvRunHQA,new-albany-kentucky
https://www.ubereats.com/louisville/food-delivery/mcdonalds-taylor-%26-clara/W3ondfKiR_K1g4flPiWr4w,new-albany-kentucky
https://www.ubereats.com/louisville/food-delivery/yummy-nosh/ZAy2XUnTQ7SozemLedKTCQ,new-albany-kentucky
https://www.ubereats.com/louisville/food-delivery/burger-king-3533-grantline-road/QPHlAlh4Rby_nkwGr_jtaA,new-albany-kentucky
https://www.ubereats.com/louisville/food-delivery/vibes-restaurant-and-ultra-lounge/35qXhddLSW-xrHVk7_e1yA,new-albany-kentucky
https://www.ubereats.com/louisville/food-delivery/grape-leaf/gBrgPljGRwOOcaH3SFuTaQ,new-albany-kentucky
https://www.ubereats.com/louisville/food-delivery/subway-2910-grant-line-rd/fUgsIrmbS3OHVfjl8zqO0w,new-albany-kentucky
https://www.ubereats.com/louisville/food-delivery/dinos/Z2drhNE8QwuiJ6ZADLP18A,new-albany-kentucky
https://www.ubereats.com/louisville/food-delivery/griffs/bRQR81DaQ7qJC9kAhYdj-Q,new-albany-kentucky
https://www.ubereats.com/louisville/food-delivery/wendys-3301-cane-run-road/O8YrvU0jSZ-Q8nxlBzoQXw,new-albany-kentucky
https://www.ubereats.com/louisville/food-delivery/kfc-5462-new-cut-rd/SLKa6G-AT2yaNjYmUmFl-w,new-albany-kentucky
https://www.ubereats.com/louisville/food-delivery/which-wich-3531-grant-line-road/_Wtu2kpgSaGVfUYvjGp86Q,new-albany-kentucky
https://www.ubereats.com/louisville/food-delivery/safai-at-logan-street-market/vX2gEETYRzq9ETCHjc6m5A,new-albany-kentucky
https://www.ubereats.com/louisville/food-delivery/savannah-restaurant/SzcIIkYLQHGF14jXRO91wg,new-albany-kentucky
https://www.ubereats.com/louisville/food-delivery/mcdonalds-22nd-st-%26-lytle/eHxMxxKeSbWeb748w4_Phg,new-albany-kentucky
https://www.ubereats.com/louisville/food-delivery/kfc-taco-bell-5012-s-3rd-st/E5f3MqGrSx6yBokYRTYsBw,new-albany-kentucky
https://www.ubereats.com/louisville/food-delivery/hardees-2740-allison-lane/NYyx9hTKRBSseZ15xFY9zA,new-albany-kentucky
https://www.ubereats.com/louisville/food-delivery/red-robin-229-1354-veterans-parkway/8samyIqYQI24WM3dG8VQWw,new-albany-kentucky
https://www.ubereats.com/louisville/food-delivery/dishone-coffee-and-sandwich-shop/20JSCsIORcmZZ5HUul4HRw,new-albany-kentucky
https://www.ubereats.com/louisville/food-delivery/doc-crows-southern-smokehouse-%26-raw-bar/GiIDbUaKTzGaa_U5do6ECg,new-albany-kentucky
https://www.ubereats.com/louisville/food-delivery/arbys-2119-state-st/QrpP5LcYRiOkYGZDwFmXiQ,new-albany-kentucky
https://www.ubereats.com/louisville/food-delivery/frischs-big-boy-804-hausfeldt-ln/AnyMU2hdTM-mccEur68aNg,new-albany-kentucky
https://www.ubereats.com/louisville/food-delivery/bella-roma/Lg8xaW5FQ3an9-B6imxiow,new-albany-kentucky
https://www.ubereats.com/louisville/food-delivery/qdoba-1832-s-3rd-st/uj-8f_uNRGSypEaiUX2_gw,new-albany-kentucky
https://www.ubereats.com/louisville/food-delivery/mcdonalds-warnock-%26-floyd/kW3BX8hmT3C59rPfvIhVLw,new-albany-kentucky
https://www.ubereats.com/louisville/food-delivery/boomtown-kitchen/9Umh7LccRLeMcPXUxMqL5A,new-albany-kentucky
https://www.ubereats.com/louisville/food-delivery/skyline-chili-3505-grant-line-rd/eVUkcI2qSduN2LYvIUn76g,new-albany-kentucky
https://www.ubereats.com/louisville/food-delivery/krispy-krunchy-chicken-1397-2nd-st/8wV1KyFHTPCyCsAKCYbjEw,new-albany-kentucky
https://www.ubereats.com/louisville/food-delivery/frankie-bs-italian-bistro/6A4Sxi-JRzyoUwB25-jeBQ,new-albany-kentucky
https://www.ubereats.com/louisville/food-delivery/krispy-kreme-3920-seventh-street-road/RekoMODaR4WwYdTYY-Wb1A,new-albany-kentucky
https://www.ubereats.com/louisville/food-delivery/subway-412-hancock-st/GDjr4pGSRQuwucJaOL5jjQ,new-albany-kentucky
https://www.ubereats.com/louisville/food-delivery/buckhead-mountain-grill-jeffersonville-in/LQ_Y3414Q9qh-PSpyra8Kw,new-albany-kentucky
https://www.ubereats.com/louisville/food-delivery/smashburger-312-s-fourth-st/LUVVUW7YTxen4_e-1sIV2Q,new-albany-kentucky
https://www.ubereats.com/louisville/food-delivery/family-ties-of-louisville/oXGRJ7YvSAGIOgtPBT_qGA,new-albany-kentucky
https://www.ubereats.com/louisville/food-delivery/rettas-lounge/Jn0TZmKGSnKFWHFR9DQp2g,new-albany-kentucky
https://www.ubereats.com/louisville/food-delivery/wendys-1201-w-broadway/1TXcc40HShmAeOrulhWJgg,new-albany-kentucky
https://www.ubereats.com/louisville/food-delivery/kfc-7604-highway-60/lU1w8kKDRo2zn8kp_7OP4A,new-albany-kentucky
https://www.ubereats.com/louisville/food-delivery/taco-bell-3520-bardstown-rd/novq5JsdTpS6unxajLRrog,new-albany-kentucky
https://www.ubereats.com/louisville/food-delivery/qdoba-2216-state-st/EMKwv8ZFTW2Ro3OyLRY0HA,new-albany-kentucky
https://www.ubereats.com/louisville/food-delivery/taco-bell-900-lafollette-center-north/6XNdFP5YR7a_SNRrKeYALw,new-albany-kentucky
https://www.ubereats.com/louisville/food-delivery/the-granville-pub/sa1CgP5KTI-y7xDPZeN0pg,new-albany-kentucky
https://www.ubereats.com/louisville/food-delivery/goodloes-bar-%26-grill/Q69lmTynQuaaFxTPBO4OvA,new-albany-kentucky
https://www.ubereats.com/louisville/food-delivery/lbads-ice-cream-parlor/MpF_jyTmQ6S_vLBdwIaXeQ,new-albany-kentucky
https://www.ubereats.com/louisville/food-delivery/louisville-smokers-bbq/qL3jrg5QRemxKHk0OCvhYA,new-albany-kentucky
https://www.ubereats.com/louisville/food-delivery/jets-pizza-jeffersonville/NseY-v4WTUyU0cmzO6KOcg,new-albany-kentucky
https://www.ubereats.com/louisville/food-delivery/taco-bell-100-daisy-summit/VK4xo8rhRJ-nrybkkFKCRw,new-albany-kentucky
https://www.ubereats.com/louisville/food-delivery/the-simple-greek-louisville/pHbaBbW8T8KXAPXWJQSrow,new-albany-kentucky
https://www.ubereats.com/louisville/food-delivery/dunkin-320-s-4th-st/WXqMRQFaQMqjOLcfp-ONcQ,new-albany-kentucky
https://www.ubereats.com/louisville/food-delivery/buffalo-wild-wings-1112-veterans-pkwy/VRwI2zOOR9-Hvke-NLRNcA,new-albany-kentucky
https://www.ubereats.com/louisville/food-delivery/burger-king-2309-state-street/JJpsPezmSHGCA0NQPzknWw,new-albany-kentucky
https://www.ubereats.com/louisville/food-delivery/ehrlers-ice-cream/CkswSKGoSV6BcWwL9ufsug,new-albany-kentucky
https://www.ubereats.com/louisville/food-delivery/ramiros-cantina/wSmB3fYWT-aPlog1aBQYMQ,new-albany-kentucky
https://www.ubereats.com/louisville/food-delivery/burger-king-915-e-lewis-and-clark-pkwy/tfmzs0cYTXKT2Ts40MbPyQ,new-albany-kentucky
https://www.ubereats.com/louisville/food-delivery/arbys-5022-s-third-st/GBufUxE1TvWXuHnSFY6rHA,new-albany-kentucky
https://www.ubereats.com/louisville/food-delivery/taco-bell-108-e-broadway/OP_EY47kSx6IE2F4u9dVMg,new-albany-kentucky
https://www.ubereats.com/louisville/food-delivery/aladdins-mediterranean-cuisine/ZfKZn4XMT5OBgQ8UvD7r-A,new-albany-kentucky
https://www.ubereats.com/louisville/food-delivery/the-ice-cream-shop/9jyyDOqqS3-IQ8DxxlL8_A,new-albany-kentucky
https://www.ubereats.com/louisville/food-delivery/arbys-3615-bardstown-rd/b_KQjU4TQR-4s3O4_svHnA,new-albany-kentucky
https://www.ubereats.com/louisville/food-delivery/fuego-mexican-cantina/k1UsaHLNSU2OGurkvnfmtA,new-albany-kentucky
https://www.ubereats.com/louisville/food-delivery/subway-2441-d-state-st/SJpBMgDKTJ-1WW5m-fzh0Q,new-albany-kentucky
https://www.ubereats.com/louisville/food-delivery/rallys-4401-cane-run-road/bbd__68CSqyCAfXY7Gw6eQ,new-albany-kentucky
https://www.ubereats.com/louisville/food-delivery/wendys-830-e-lewis-and-clark-pkwy/jkEKvaPwTnes964dH-fMRA,new-albany-kentucky
https://www.ubereats.com/louisville/food-delivery/wendys-3720-charlestown-road/HNXj6NGSSKCGU9cSVJAqpQ,new-albany-kentucky
https://www.ubereats.com/louisville/food-delivery/zaxbys-2870-technology-ave/wt2P0_neT4uhiriQn3C7hg,new-albany-kentucky
https://www.ubereats.com/louisville/food-delivery/three-brothers-restaurant/hEIp31IvT1KSXX6UGNiP1Q,new-albany-kentucky
https://www.ubereats.com/louisville/food-delivery/subway-2736-charlestown-rd/b9vZIZVrTmuFzfW39AK9BQ,new-albany-kentucky
https://www.ubereats.com/louisville/food-delivery/fazolis-6011-preston-highway/CWWrmSAoQoeenHj5sF23UQ,new-albany-kentucky
https://www.ubereats.com/louisville/food-delivery/the-comfy-cow-bardstown-rd/s9iYUUcHROal5iREp6L8aw,new-albany-kentucky
https://www.ubereats.com/louisville/food-delivery/taco-bell-1069-bardstown-rd/nP_YN9uvSTqy8iDalnARfA,new-albany-kentucky
https://www.ubereats.com/louisville/food-delivery/marcos-pizza-2011-charlestown-road/kXpNEB7sSVypu7YeDKCcPg,new-albany-kentucky
https://www.ubereats.com/louisville/food-delivery/d-nalleys/Ng_gt4b3QYWpyaT92pc2Cg,new-albany-kentucky
https://www.ubereats.com/louisville/food-delivery/dennys-943-e-lewis-%26-clark-parkway/DCZ_0y50QJ-CKfLFHBVGEw,new-albany-kentucky
https://www.ubereats.com/louisville/food-delivery/kfc-1117-eastern-blvd/5Ypo4d7_S_q95FEfpQIY6w,new-albany-kentucky
https://www.ubereats.com/louisville/food-delivery/river-road-bbq/4-vniJNQRCSOgSC5w39Rrg,new-albany-kentucky
https://www.ubereats.com/louisville/food-delivery/derby-city-pizza-co-clifton/6s5lBHq2Qb2xWk8Fgi4VyA,new-albany-kentucky
https://www.ubereats.com/louisville/food-delivery/vonsubs-dixie-highway/22Fs6AeWS1WUU6vC3wqJ_Q,new-albany-kentucky
https://www.ubereats.com/louisville/food-delivery/osaka-japanese-restaurant/1wpD1JbASNeXgyjp6OBnyQ,new-albany-kentucky
https://www.ubereats.com/louisville/food-delivery/kfc-4910-us-highway-42/Wxh28xk6Rlual98sc0lJuQ,new-albany-kentucky
https://www.ubereats.com/louisville/food-delivery/fazolis-913-east-highway-131/FGWV-t6aRle-Wd4KBD9aYg,new-albany-kentucky
https://www.ubereats.com/louisville/food-delivery/arbys-801-talaina-pl/Io8AP8rDThyQHqwoFbQm1g,new-albany-kentucky
https://www.ubereats.com/louisville/food-delivery/maira-mediterranean-grill/PNDjkRtXS9qmxUrEFeiKVA,new-albany-kentucky
https://www.ubereats.com/louisville/food-delivery/popeyes-state-st/N6-sM5qSTLiX_jUGSOdwjQ,new-albany-kentucky
https://www.ubereats.com/louisville/food-delivery/arbys-225-s-indiana-ave/nj2wjnCAS7KUaTnGab4F0Q,new-albany-kentucky
https://www.ubereats.com/louisville/food-delivery/pelicanos-mexican-kitchen/XO4khFg7StyroeYpJ-nA2Q,new-albany-kentucky
https://www.ubereats.com/louisville/food-delivery/bluegrass-brewing-company/7nr9KGFyRtel1dCAax-h2A,new-albany-kentucky
https://www.ubereats.com/louisville/food-delivery/king-chicken/25mZ4paQRa2bW1eB7oRh-Q,new-albany-kentucky
https://www.ubereats.com/louisville/food-delivery/krispy-kreme-1575-veterans-parkway/Mi5-1Vq3RNCgqvE-hASA9A,new-albany-kentucky
https://www.ubereats.com/louisville/food-delivery/buffalo-wild-wings-6801-dixie-highway/OEIoawK_Tii8sKa0UzVv7w,new-albany-kentucky
https://www.ubereats.com/louisville/food-delivery/panda-express-1075-veterans-parkway/7OaXycbyT2aDLJOTs6V5Hw,new-albany-kentucky
https://www.ubereats.com/louisville/food-delivery/pizza-donisi/2gihVXzDQSyKd-xSpd81Ew,new-albany-kentucky
https://www.ubereats.com/louisville/food-delivery/white-castle-1922-s-7th-st/8egUfndpQmC1-OSmohvkSQ,new-albany-kentucky
https://www.ubereats.com/louisville/food-delivery/mcdonalds-broadway-%26-12th-st/ssVT8dEuQa2Ior7Jj23FZg,new-albany-kentucky
https://www.ubereats.com/louisville/food-delivery/first-watch-1205-veterans-pkwy/5QzUz9cfQvSQB2TgP7H4MQ,new-albany-kentucky
https://www.ubereats.com/louisville/food-delivery/rallys-401-vincennes-street/G7A6R697T66YDrdu-LdvOA,new-albany-kentucky
https://www.ubereats.com/louisville/food-delivery/pizza-bar/fCvXGIsTT2u8XqB_gX_QAw,new-albany-kentucky
https://www.ubereats.com/louisville/food-delivery/the-barrelhouse-on-market/KNL3xP-_Q4C_kzib9sJqeg,new-albany-kentucky
https://www.ubereats.com/louisville/food-delivery/mcdonalds-cane-run-%26-crums/t3Epp6v2QM6R-iObpfiDtg,new-albany-kentucky
https://www.ubereats.com/louisville/food-delivery/mcdonalds-state-%26-captain-frank/ZOrxTG1sS8-q-oyDvq-5Yg,new-albany-kentucky
https://www.ubereats.com/louisville/food-delivery/yummy-yummy-chicken-%26-fish/MUQIWQdARVeOSSnC6B17fg,new-albany-kentucky
https://www.ubereats.com/louisville/food-delivery/noodles-%26-company-319-w-cardinal-blvd/wSoL9V32TYmzR9ZWjb9z1g,new-albany-kentucky
https://www.ubereats.com/louisville/food-delivery/el-nopal/udIV158BSXqijISn0P3t3Q,new-albany-kentucky
https://www.ubereats.com/louisville/food-delivery/the-old-spaghetti-factory-louisville/Sl1UWWkpQQS1LcWD4yIROA,new-albany-kentucky
https://www.ubereats.com/louisville/food-delivery/long-john-silvers-3407-w-broadway/Zr58D3NLTSyPMM9mCBLGQg,new-albany-kentucky
https://www.ubereats.com/louisville/food-delivery/ihop-veterans-pkwy/-ETW1uHvQh2lKX4upaKsmA,new-albany-kentucky
https://www.ubereats.com/louisville/food-delivery/taco-bell-2563-charlestown-rd/zO1_r9pDRwODRCsbwIKTGA,new-albany-kentucky
https://www.ubereats.com/louisville/food-delivery/chopsticks-house/hyc65JVjTjKVVLr6B0mvhA,new-albany-kentucky
https://www.ubereats.com/louisville/food-delivery/rye/G7ExJ6dLQz6E8aWYKcrq4w,new-albany-kentucky
https://www.ubereats.com/louisville/food-delivery/hooties-burger-bar-941-e-highway-131/rqTD6LHyRLiKq0DTpXHnBA,new-albany-kentucky
https://www.ubereats.com/louisville/food-delivery/mcalisters-deli-store-102221/-G84V1PXQhu1ZPIaH3Ed3w,new-albany-kentucky
https://www.ubereats.com/louisville/food-delivery/wendys-4312-cane-run-rd/AFv2jf7QSpShoAXW1zcrxQ,new-albany-kentucky
https://www.ubereats.com/louisville/food-delivery/cracker-barrel-old-country-store-350-triangle-rd/WUwkDTnyT2aIYYKor0sujw,new-albany-kentucky
https://www.ubereats.com/louisville/food-delivery/falafel-oasis/_QdzopWKT4KmhnQhuRLDCQ,new-albany-kentucky
https://www.ubereats.com/louisville/food-delivery/rallys-1514-east-10th-street/bVwu65vgTUi0Gnb6LKH40A,new-albany-kentucky
https://www.ubereats.com/louisville/food-delivery/kobe-japanese-steakhouse/NixD5zP0QTuEpD5dJJI6ug,new-albany-kentucky
https://www.ubereats.com/louisville/food-delivery/macaron-bar/0E52d2FjSJS0K65GSvf9ng,new-albany-kentucky
https://www.ubereats.com/louisville/food-delivery/kfc-2513-preston-highway/FGETvxdkQzeimivwToUOMw,new-albany-kentucky
https://www.ubereats.com/louisville/food-delivery/green-district-salads/zJWsfuiNRCeve2XcGgWr8g,new-albany-kentucky
https://www.ubereats.com/louisville/food-delivery/bed-%26-breakfast-burrito-co/YcC5XMj1QNyvPL1QZ6MtVA,new-albany-kentucky
https://www.ubereats.com/louisville/food-delivery/taco-bell-6501-paramount-park-dr/q5rPsiNXQl2Qv6nzSEf6Lg,new-albany-kentucky
https://www.ubereats.com/louisville/food-delivery/safier-mediterranean-deli/xRU5ZjQ6STyMdwbEb9Aucw,new-albany-kentucky
https://www.ubereats.com/louisville/food-delivery/whiskey-dry/_2C2AgTgQwS0b_yVDeiNCg,new-albany-kentucky
https://www.ubereats.com/louisville/food-delivery/difabios-casapela/HI7o9x17Q6iT-Pss0uTvZw,new-albany-kentucky
https://www.ubereats.com/louisville/food-delivery/papa-murphys-2221-state-street/Zxl5rc1eR42Jb0alQ2A_bQ,new-albany-kentucky
https://www.ubereats.com/louisville/food-delivery/kfc-4301-charlestown-rd/xVZoA8K-QyChpSkSqXX5oA,new-albany-kentucky
https://www.ubereats.com/louisville/food-delivery/kfc-3400-bardstown-rd/XnSkOsgwS_qplTLNAir7BA,new-albany-kentucky
https://www.ubereats.com/louisville/food-delivery/adrienne-and-co-new-albany/hMcvDAZ4RbWMIKgc1UcyRw,new-albany-kentucky
https://www.ubereats.com/louisville/food-delivery/taco-bell-4018-grant-line-road/8_dj6yiJTrih-vxgZpLp7A,new-albany-kentucky
https://www.ubereats.com/louisville/food-delivery/boombozz-craft-pizza-%26-taphouse-highlands/-sM-pdWCQXelohNreXaNzQ,new-albany-kentucky
https://www.ubereats.com/louisville/food-delivery/mcalisters-deli-1305-veterans-parkway/3lFJnJjyToqpzLGwNMgevQ,new-albany-kentucky
https://www.ubereats.com/louisville/food-delivery/kfc-1911-w-broadway-st/44mIKFrzTxOOIXdhZnUmPQ,new-albany-kentucky
https://www.ubereats.com/louisville/food-delivery/vis-a-vis-bar-and-grill/uHafrjn6Ri-NXdWaJngiqw,new-albany-kentucky
https://www.ubereats.com/louisville/food-delivery/the-wright-house-barbecue-and-eatery-llc/4ZN1PWibRcOk-IQajuHDHg,new-albany-kentucky
https://www.ubereats.com/louisville/food-delivery/zaxbys-4949-dixie-hwy/BlADgvbvS0Wtqx0d_xR9fw,new-albany-kentucky
https://www.ubereats.com/louisville/food-delivery/taco-bell-1325-veterans-pkwy/AGA3isL5QUucukIQ9mGPgQ,new-albany-kentucky
https://www.ubereats.com/louisville/food-delivery/chipotle-mexican-grill-315-s-4th-st/V340BS3SS-qxEV7ESUn0Ew,new-albany-kentucky
https://www.ubereats.com/louisville/food-delivery/the-ice-cream-shop/nW0kGeUCRMeFW9lPu5MF-w,new-albany-kentucky
https://www.ubereats.com/louisville/food-delivery/chicago-steak-and-lemonade/pvrIdpG3RnSfhYQnsXiLCg,new-albany-kentucky
https://www.ubereats.com/louisville/food-delivery/phat-philly-cheesesteaks/CaHl4RHkQTK-amqvrt0ryA,new-albany-kentucky
https://www.ubereats.com/louisville/food-delivery/qdoba-1305-veterans-pkwy/uK3pTjwTTl265RRc_AWeGw,new-albany-kentucky
https://www.ubereats.com/louisville/food-delivery/onion-restaurant-%26-tea-house/j3ecuJH6QfuWajjh-icGRg,new-albany-kentucky
https://www.ubereats.com/louisville/food-delivery/eggs-over-frankfort/MwWm5b8KSri6DKbJDNK9Wg,new-albany-kentucky
https://www.ubereats.com/louisville/food-delivery/taco-bell-5414-newcut-rd/5jMFNucHR_i7Y1Huh5-ZyQ,new-albany-kentucky
https://www.ubereats.com/louisville/food-delivery/starbucks-new-albany-wesley-commons/L-82o6wKQiW5YE3BED6PUA,new-albany-kentucky
https://www.ubereats.com/louisville/food-delivery/wei-wei-chinese-express/6Nkp3MEqSnumnLhHbnysNg,new-albany-kentucky
https://www.ubereats.com/louisville/food-delivery/flos-house-of-soul/tYPRsvk2SuWU_vvm-hV13w,new-albany-kentucky
https://www.ubereats.com/louisville/food-delivery/kingfish-restaurant/SS0yy-2lSAylpZZ4qaldIQ,new-albany-kentucky
https://www.ubereats.com/louisville/food-delivery/north-lime-coffee-%26-donuts-s-7th-st/QJhJDitDTOCfl9dsL--PyQ,new-albany-kentucky
https://www.ubereats.com/louisville/food-delivery/the-comfy-cow-frankfort-ave/aNvhC5LWSbeDbZ3TxVTUNQ,new-albany-kentucky
https://www.ubereats.com/louisville/food-delivery/ramiros-cantina-express/rXsSLJnaQiaz8Xjs6yBMCw,new-albany-kentucky
https://www.ubereats.com/louisville/food-delivery/kfc-2124-state-st/gheEEZN-SV2tfAbuv8mfoA,new-albany-kentucky
https://www.ubereats.com/louisville/food-delivery/mortons-the-steakhouse-626-west-main-street/x7DmxqNORTqGbUEJoGDfMg,new-albany-kentucky
https://www.ubereats.com/louisville/food-delivery/potbelly-sandwich-works-4th-street/tKePoKiiT1m3DNp3WVlWsA,new-albany-kentucky
https://www.ubereats.com/louisville/food-delivery/rice-box/N5kFlovkQRGktJ0biBLS2A,new-albany-kentucky
https://www.ubereats.com/louisville/food-delivery/papa-murphys-3015-east-10th-street/X8CrJNeURTyfK8Mq_Ln2gQ,new-albany-kentucky
https://www.ubereats.com/louisville/food-delivery/jersey-mikes-subs-1305-veterans-pkwy/gZYU7_R9SzSZgzDX6WSsSw,new-albany-kentucky
https://www.ubereats.com/louisville/food-delivery/adrienne-%26-co-old-louisville/rfp3Mp8VSievNGrNpuoF7g,new-albany-kentucky
https://www.ubereats.com/louisville/food-delivery/bandido-taqueria-mexicana/QNFia_3jS1-rU1wIF94gNA,new-albany-kentucky
https://www.ubereats.com/louisville/food-delivery/king-fish-restaurant/eLfipOjaTXS1ikepa4yzaA,new-albany-kentucky
https://www.ubereats.com/louisville/food-delivery/kfc-3280-taylor-blvd/UZRmQTxRQPa20kPD7iu20Q,new-albany-kentucky
https://www.ubereats.com/louisville/food-delivery/angies-home-cooking-family-restaurant/81RlRwcqSnOKyiWnGOVuQA,new-albany-kentucky
https://www.ubereats.com/louisville/food-delivery/steak-n-shake-980-east-lewis-and-clark-parkway/Hrxh_4aHRlWibRdNorQBZA,new-albany-kentucky
https://www.ubereats.com/louisville/food-delivery/arbys-935-e-hwy-131/6l6C6FEDTlGvktu9tY8WPg,new-albany-kentucky
https://www.ubereats.com/louisville/food-delivery/kfc-4441-cane-run-rd/s1LnzeeLT82i2wdokBgqqw,new-albany-kentucky
https://www.ubereats.com/louisville/food-delivery/taco-bell-3408-preston-hwy/J2gWSc6ERGawZIy8fue4WA,new-albany-kentucky
https://www.ubereats.com/louisville/food-delivery/game-restaurant/Rg_mkE6XStmtYeHoE9qWpg,new-albany-kentucky
https://www.ubereats.com/louisville/food-delivery/orange-clover-kitchen/nYloOP9RRxKmr-Y6B909OA,new-albany-kentucky
https://www.ubereats.com/louisville/food-delivery/golden-corral-1402-cedar-street/2W88EVQ-S_KopsHmYVIEKw,new-albany-kentucky
https://www.ubereats.com/louisville/food-delivery/bob-evans-78-1101-lewis-%26-clark-parkway/Yc-6E4nURfGMEXN-PL8-qg,new-albany-kentucky
https://www.ubereats.com/louisville/food-delivery/ocharleys-4404-dixie-hwy/jwALpIZtSE2roCoZ4I8fLg,new-albany-kentucky
https://www.ubereats.com/louisville/food-delivery/five-guys-in-0384-2221-state-street/M8FrUtK7RS6HElPAunmxRA,new-albany-kentucky
https://www.ubereats.com/louisville/food-delivery/dairy-del/nrWG3vLFSRywaaR5AjkHTA,new-albany-kentucky
https://www.ubereats.com/louisville/food-delivery/marketplace-restaurant/RnUfoEJTRGWOdAKeh6VqgA,new-albany-kentucky
https://www.ubereats.com/louisville/food-delivery/mekas-irma-dees/JlgYKlRyRGStUpohsiTNqw,new-albany-kentucky
https://www.ubereats.com/louisville/food-delivery/jersey-mikes-subs-404-w-daisy-lane/JKTB8QLCSa2l8QbPPAiMXQ,new-albany-kentucky
