url,city
https://www.ubereats.com/minneapolis/food-delivery/minnesota-bbq-co/bg-WszW6Tv6Ucwywv6ZDBg,new-hope-minnesota
https://www.ubereats.com/minneapolis/food-delivery/papa-murphys-5101-36th-avenue-north/YfOE4Vn7Rq-bQ_pFkUGDPQ,new-hope-minnesota
https://www.ubereats.com/minneapolis/food-delivery/noodles-%26-company-1179-wayzata-blvd-e/1Qy-cpKlRhiGd2eFYAFz0Q,new-hope-minnesota
https://www.ubereats.com/minneapolis/food-delivery/pancheros-mexican-grill-9610-colorado-ln/GUl5rG4XQzWo46NS4WEuOQ,new-hope-minnesota
https://www.ubereats.com/minneapolis/food-delivery/hooks-fish-and-chips/rGyZ-8eQTHevj3xdti4ufQ,new-hope-minnesota
https://www.ubereats.com/minneapolis/food-delivery/taco-bell-5532-brooklyn-blvd/38iRmK8rSrCUwKd3cAsQEQ,new-hope-minnesota
https://www.ubereats.com/minneapolis/food-delivery/caribou-coffee-9805-maple-grove-parkway/lebxxLvfRXWiJUmNQoGs2A,new-hope-minnesota
https://www.ubereats.com/minneapolis/food-delivery/kyoto-sushi-maple-grove/IaP_Xb1HS-e2T9ya_rzlWQ,new-hope-minnesota
https://www.ubereats.com/minneapolis/food-delivery/five-guys-mn-1391-4105-vinewood-lane-north/w9vXkhaQRAWQ8gH17qa9GQ,new-hope-minnesota
https://www.ubereats.com/minneapolis/food-delivery/wendys-12950-wayzata-blvd/nlqkMYsnT56K-3OQVRQKdw,new-hope-minnesota
https://www.ubereats.com/minneapolis/food-delivery/gaels-gourmet/Uv6oBqLKR3yimyPg_dfKkA,new-hope-minnesota
https://www.ubereats.com/minneapolis/food-delivery/india-bazaar/fFgdHzm-TIWa2hkL8sXVFQ,new-hope-minnesota
https://www.ubereats.com/minneapolis/food-delivery/el-taco-riendo/IDWdjf9nTmWTnkMR9pwk-Q,new-hope-minnesota
https://www.ubereats.com/minneapolis/food-delivery/taco-bell-5547-west-broadway/FAp9Q6NkRaePTXfaf7uxig,new-hope-minnesota
https://www.ubereats.com/minneapolis/food-delivery/perkins-restaurant-crystal-w-broadway/8iDMOA4lTqC18rfBOZsj8g,new-hope-minnesota
https://www.ubereats.com/minneapolis/food-delivery/thai-express-11660-elm-creek-blvd-north/8HNar3trTGiPBqVIYOMr2A,new-hope-minnesota
https://www.ubereats.com/minneapolis/food-delivery/schullers-tavern/5oTdY-bkRRifVh8melZEww,new-hope-minnesota
https://www.ubereats.com/minneapolis/food-delivery/olympic-cafe-fremont-avenue/5xDrsIEXSEmQa2N-5lCFVQ,new-hope-minnesota
https://www.ubereats.com/minneapolis/food-delivery/egg-house-cafe/K_N2-hZATg2LTcL8qi3ESA,new-hope-minnesota
https://www.ubereats.com/minneapolis/food-delivery/taco-bell-6620-wayzata-blvd/N8TLhUBIT9a9c3kAePI8wg,new-hope-minnesota
https://www.ubereats.com/minneapolis/food-delivery/poke-house-%26-tea-bar/PvAeXU6XStiQCiH0xUKkbQ,new-hope-minnesota
https://www.ubereats.com/minneapolis/food-delivery/the-lowry-cafe/FFgeFFdHSLaw3PX6GWB6hg,new-hope-minnesota
https://www.ubereats.com/minneapolis/food-delivery/triple-d-espresso/8vcvZBF1Qke3AsE1Ap1mKg,new-hope-minnesota
https://www.ubereats.com/minneapolis/food-delivery/mcdonalds-university-%26-broadway/9aykPe3QTS2P19tnvoQjqw,new-hope-minnesota
https://www.ubereats.com/minneapolis/food-delivery/caribou-coffee-8601-springbrook-drive/UbM7KTCRQ_mn5T3tZW_ETg,new-hope-minnesota
https://www.ubereats.com/minneapolis/food-delivery/ten-sushi-japanese-restaurant-fountains-dr/1LniWYRSRgCFTM6c5K8ePg,new-hope-minnesota
https://www.ubereats.com/minneapolis/food-delivery/noodles-%26-company-5592-w-broadway/4GKkUJ9SRm-YJ0gMcuEb2g,new-hope-minnesota
https://www.ubereats.com/minneapolis/food-delivery/caribou-coffee-14444-excelsior-blvd/XhIEfO-ZTN2t6j4oN6kZ2g,new-hope-minnesota
https://www.ubereats.com/minneapolis/food-delivery/potbelly-sandwich-shop-blaine-%7C-84/MVc5tv8kSlG6zj648sGkww,new-hope-minnesota
https://www.ubereats.com/minneapolis/food-delivery/sharxx-deli-%26-grocery/Lf_w71dKQCukrm318glp7A,new-hope-minnesota
https://www.ubereats.com/minneapolis/food-delivery/osaka-sushi-%26-hibachi-steakhouse/gGlKPcCySAugCYQdOizSIw,new-hope-minnesota
https://www.ubereats.com/minneapolis/food-delivery/applebees-4203-winnetka-avenue-north-%2382008/G4ZQ8PbURlShljVFN9rV5A,new-hope-minnesota
https://www.ubereats.com/minneapolis/food-delivery/wendys-5545-xerxes-avenue-n/KGvvjv2cQFe8xnh_q9c3mQ,new-hope-minnesota
https://www.ubereats.com/minneapolis/food-delivery/mcdonalds-lyndale-%26-45th-ave/nUHjWzc2RA6ACG2EjLyIGA,new-hope-minnesota
https://www.ubereats.com/minneapolis/food-delivery/wendys-14370-28th-place-n/56gyxGq-Soa8FU5FJelCjA,new-hope-minnesota
https://www.ubereats.com/minneapolis/food-delivery/leeann-chin-3235-vicksburg-lane-n-ste-f/I08wEu1HRnC7hORoIavwrw,new-hope-minnesota
https://www.ubereats.com/minneapolis/food-delivery/arbys-8016-brooklyn-blvd/-GLSbPNHRturH35hvOkIIQ,new-hope-minnesota
https://www.ubereats.com/minneapolis/food-delivery/raku-sushi-and-lounge/X4Y5n8PXRqG6OZavUF_3Lw,new-hope-minnesota
https://www.ubereats.com/minneapolis/food-delivery/crave-american-kitchen-%26-sushi-bar-maple-grove/tz8bfzH3Sxa7OLZCxtxyTw,new-hope-minnesota
https://www.ubereats.com/minneapolis/food-delivery/qdoba-mexican-eats-4345-nathan-ln-n/DnoBGxupQ7C4teYnPBknmg,new-hope-minnesota
https://www.ubereats.com/minneapolis/food-delivery/market-bar-b-que/xWkrkfBJQsWsksXDgFTwuA,new-hope-minnesota
https://www.ubereats.com/minneapolis/food-delivery/schullers-tavern/vmEKWUuPRvu5HqPn8r2DYg,new-hope-minnesota
https://www.ubereats.com/minneapolis/food-delivery/smashburger-509-winnetka-ave/HWFqrCWqQEm4MCZhuRzWdw,new-hope-minnesota
https://www.ubereats.com/minneapolis/food-delivery/smashburger-3225-vicksburger-lane-north-bldg-b-ste-g/R5sZeLzvT4CosxWcyNqwfg,new-hope-minnesota
https://www.ubereats.com/minneapolis/food-delivery/five-guys-mn-1652-12475-riverdale-blvd-nw/r1as1DETQlivjHrsEdaidQ,new-hope-minnesota
https://www.ubereats.com/minneapolis/food-delivery/el-toro/d_Uu3FndT1mouU1gxmWSMw,new-hope-minnesota
https://www.ubereats.com/minneapolis/food-delivery/leeann-chin-7650-olson-memorial-hwy/JOtG-EgmTRGmPE2az6VZow,new-hope-minnesota
https://www.ubereats.com/minneapolis/food-delivery/leeann-chin-8204-hwy-7/w94T8d2_S5yFf8b2wWX9Qw,new-hope-minnesota
https://www.ubereats.com/minneapolis/food-delivery/wing-squad-maple-grove/RKjfd9TRRrCT81qUTaF0rQ,new-hope-minnesota
https://www.ubereats.com/minneapolis/food-delivery/chipotle-mexican-grill-2170-northdale-blvd-nw/L3i-7B_jQiq6LOIXzgBnpA,new-hope-minnesota
https://www.ubereats.com/minneapolis/food-delivery/afandina-cafe/ksj4oNe3QrqBpICrIUkWQg,new-hope-minnesota
https://www.ubereats.com/minneapolis/food-delivery/african-deli/ohH4Py-YQ6-YaUwASx9n5g,new-hope-minnesota
https://www.ubereats.com/minneapolis/food-delivery/five-guys-mn-1076-7814-main-street-north/TGCJj2auRM-_0SvGOTqw8w,new-hope-minnesota
https://www.ubereats.com/minneapolis/food-delivery/mcdonalds-2705-annapolis-cir/meyrkX7IQ3mZdqJshvJGWw,new-hope-minnesota
https://www.ubereats.com/minneapolis/food-delivery/orient-express/Hd_AOZmFTt24KJk501CVXg,new-hope-minnesota
https://www.ubereats.com/minneapolis/food-delivery/champps-1641-plymouth-road/BvOFecu8R56WM_YuzIIcfA,new-hope-minnesota
https://www.ubereats.com/minneapolis/food-delivery/jcs-subs/VKUEn6esRH-8BVLky_cYxA,new-hope-minnesota
https://www.ubereats.com/minneapolis/food-delivery/dennys-6405-james-circle-n/c8fM5XmWRuKxE65bVblNAA,new-hope-minnesota
https://www.ubereats.com/minneapolis/food-delivery/pappys-minneapolis/lOMgeG76Tbelez3K_n9F0w,new-hope-minnesota
https://www.ubereats.com/minneapolis/food-delivery/taco-bell-15110-highway-7/87VnfXxyQueHsvPhDpQNFg,new-hope-minnesota
https://www.ubereats.com/minneapolis/food-delivery/taco-bell-8575-aspen-lane-north/qr4BOWEMTXWD75lFQRHH4g,new-hope-minnesota
https://www.ubereats.com/minneapolis/food-delivery/mcdonalds-lake-%26-bottineau/UKYD1wScRb6Z8HSEoPTXsQ,new-hope-minnesota
https://www.ubereats.com/minneapolis/food-delivery/wendys-7445-71st-ave-n/d50DLmZSTyeqCTGekxcmJg,new-hope-minnesota
https://www.ubereats.com/minneapolis/food-delivery/caribou-coffee-4345-nathan-lane-n/rljvJ9xhSTSpsixpmbun0w,new-hope-minnesota
https://www.ubereats.com/minneapolis/food-delivery/caribou-coffee-11210-wayzata-blvd-suite-f/Yf13owHuT2GPaxbhuO9PcA,new-hope-minnesota
https://www.ubereats.com/minneapolis/food-delivery/chipotle-mexican-grill-7750-main-st-n/Ab23RlS4QRGnw1farh_g3Q,new-hope-minnesota
https://www.ubereats.com/minneapolis/food-delivery/big-bowl-chinese-express-plymouth/UoiLh_tZTsi1fEG5jYgpPQ,new-hope-minnesota
https://www.ubereats.com/minneapolis/food-delivery/caribou-coffee-4210-winnetka-avenue/J6duf5fqTKiARg0LDkYZLg,new-hope-minnesota
https://www.ubereats.com/minneapolis/food-delivery/ra-sushi-11840-fountains-way-n/y9dnhp4ORhmkr0vBTzpiBg,new-hope-minnesota
https://www.ubereats.com/minneapolis/food-delivery/arbys-10320-baltimore-st-ne/9BodBI5FSwqL061BySkqqQ,new-hope-minnesota
https://www.ubereats.com/minneapolis/food-delivery/caribou-coffee-9420-36th-avenue-n/ADfT3NwISEOw3wsrg3OaQA,new-hope-minnesota
https://www.ubereats.com/minneapolis/food-delivery/subway-2147-lowry-ave-n/2EO8DaX9SECMMPGhYrpkEw,new-hope-minnesota
https://www.ubereats.com/minneapolis/food-delivery/great-china/aoJw8oiDQp-E5__-1Y-g9w,new-hope-minnesota
https://www.ubereats.com/minneapolis/food-delivery/dairy-queen-treat-8528-central-ave-ne/rIAba8uCS3O0obFWQCTHZQ,new-hope-minnesota
https://www.ubereats.com/minneapolis/food-delivery/arbys-3751-lexington-ave-n/B7M2eYwcRVu-tzP7F1h1lw,new-hope-minnesota
https://www.ubereats.com/minneapolis/food-delivery/the-winkin-rooster/vTWHFdeaQ0mUykL9E7nj0A,new-hope-minnesota
https://www.ubereats.com/minneapolis/food-delivery/irie-vybz-jamaican-restaurant/bQHLhxJ0TjSKA4Wy8EcQew,new-hope-minnesota
https://www.ubereats.com/minneapolis/food-delivery/el-azteca/l_JYFehLT1OyULLig97H2A,new-hope-minnesota
https://www.ubereats.com/minneapolis/food-delivery/chipotle-mexican-grill-515-winnetka-ave-n/5eLh3xzWTJWkfKmAk1CoIQ,new-hope-minnesota
https://www.ubereats.com/minneapolis/food-delivery/hong-thai-restaurant-maple-grove/vI0kAPhfTjKyWDx_vaV90g,new-hope-minnesota
https://www.ubereats.com/minneapolis/food-delivery/panda-express-1520-shingle-creek-crossing/8tCzuEJZRJ2HDUkAZtaOgQ,new-hope-minnesota
https://www.ubereats.com/minneapolis/food-delivery/bawarchi-indian-cuisine-cheshire-lane/E5w-k44ATHqMtmnQfb28rQ,new-hope-minnesota
https://www.ubereats.com/minneapolis/food-delivery/papa-johns-6314-minnetonka-boulevard/ccUBspIxS7yxCffcen27Tw,new-hope-minnesota
https://www.ubereats.com/minneapolis/food-delivery/red-stag-supperclub/wxOCv_YmSx2ApqhZTWD8zA,new-hope-minnesota
https://www.ubereats.com/minneapolis/food-delivery/el-loro-mexican-restaurant-crystal/u6efXAQFSoq0KubUi1BUkQ,new-hope-minnesota
https://www.ubereats.com/minneapolis/food-delivery/starbucks-hwy-55-and-golden-valley-road/KBcJf814QK2-zgDLv1-ErA,new-hope-minnesota
https://www.ubereats.com/minneapolis/food-delivery/tucci-benucch-minnetonka/T7rR9eYwSQe_IRQoQZVFGw,new-hope-minnesota
https://www.ubereats.com/minneapolis/food-delivery/stellas-fish-cafe/X9DT1KFSRkqsLqguFcsW2Q,new-hope-minnesota
https://www.ubereats.com/minneapolis/food-delivery/arbys-5444-brooklyn-blvd/4qfXZ5z3RYOeb18_X26YrA,new-hope-minnesota
https://www.ubereats.com/minneapolis/food-delivery/qdoba-mexican-grill-1560-shingle-creek-crossing-building-h/c3Nyo-R-SXSQX1mJADVHLQ,new-hope-minnesota
https://www.ubereats.com/minneapolis/food-delivery/potbelly-sandwich-shop-plymouth-%7C-104/pMigscvJQZijappBTLLMhw,new-hope-minnesota
https://www.ubereats.com/minneapolis/food-delivery/chipotle-mexican-grill-1313-wayzata-blvd-east/mngpjQQTRb29Pvq5urvY9g,new-hope-minnesota
https://www.ubereats.com/minneapolis/food-delivery/bluefox/nuLwS4KKQp6szcgZD5hZxw,new-hope-minnesota
https://www.ubereats.com/minneapolis/food-delivery/the-bird/LVBXmzMqRDu1P0t_-di5oQ,new-hope-minnesota
https://www.ubereats.com/minneapolis/food-delivery/mcdonalds-11325-state-highway-55/ZcGoSO-OTI-f9niEj-bH-Q,new-hope-minnesota
https://www.ubereats.com/minneapolis/food-delivery/noodles-%26-company-3425-vicksburg-ln-n-ste-200/00wWEuZmSUOURCFJxEoNoA,new-hope-minnesota
https://www.ubereats.com/minneapolis/food-delivery/arbys-10205-6th-ave-n/jI6jiUuFST6Wg5oVcScrOQ,new-hope-minnesota
https://www.ubereats.com/minneapolis/food-delivery/burger-king-3200-washington-avenue-north/karch4PgQs-qwDN4EjYJAg,new-hope-minnesota
https://www.ubereats.com/minneapolis/food-delivery/captain-hook/QbIKETlsS4i0MV3df2wQWw,new-hope-minnesota
https://www.ubereats.com/minneapolis/food-delivery/sonic-drive-in-4910-central-ave-ne/nzHVu8HvQmSGyrzJkgpadw,new-hope-minnesota
https://www.ubereats.com/minneapolis/food-delivery/arbys-11978-business-park-blvd-n/4glDgY34TB-nPL6FwvSQzQ,new-hope-minnesota
https://www.ubereats.com/minneapolis/food-delivery/zoes-bakery-%26-cafe/VwOtiy5YS8Oonq9kXC5SFQ,new-hope-minnesota
https://www.ubereats.com/minneapolis/food-delivery/chipotle-mexican-grill-9881-maple-grove-pkwy-n/bhbFVDHHTcaSAbJOoafCww,new-hope-minnesota
https://www.ubereats.com/minneapolis/food-delivery/caribou-coffee-609-east-lake-street/eSMFuM56S3amW6Pbk81RTw,new-hope-minnesota
https://www.ubereats.com/minneapolis/food-delivery/papa-murphys-9511-blackoaks-lane-n/N735hrrtQye-CMKCYg7KXw,new-hope-minnesota
https://www.ubereats.com/minneapolis/food-delivery/kfc-5060-central-avenue-ne/xj_ZMD6nSWWGf2BigYOOtQ,new-hope-minnesota
https://www.ubereats.com/minneapolis/food-delivery/uptown-diner/-EJIJPAsQcmWwN5ihCmOMw,new-hope-minnesota
https://www.ubereats.com/minneapolis/food-delivery/chipotle-mexican-grill-5901-94th-ave-n/yoKmBmJFSJ6lfY7s5zT7Ig,new-hope-minnesota
https://www.ubereats.com/minneapolis/food-delivery/buca-di-beppo-maple-grove/kG4V7vCHT56Cj8ufewqydw,new-hope-minnesota
https://www.ubereats.com/minneapolis/food-delivery/outtakes-bar-and-grill/zWFfyl_HTFumUjT46yHYgg,new-hope-minnesota
https://www.ubereats.com/minneapolis/food-delivery/fiesta-cancun-grill-%26-bar/BPwoDqPHS2m0dRKiOznBSQ,new-hope-minnesota
https://www.ubereats.com/minneapolis/food-delivery/potbelly-sandwich-shop-maplegrove-%7C-46/9MadN9JwTqmAZFtT0LQY_A,new-hope-minnesota
https://www.ubereats.com/minneapolis/food-delivery/subway-4215-winnetka-ave-north/x_WeJdotSpy31ScJLbAZ8Q,new-hope-minnesota
https://www.ubereats.com/minneapolis/food-delivery/arbys-619-hwy-10/d5xuU3_kSBq5l_bTwNuKww,new-hope-minnesota
https://www.ubereats.com/minneapolis/food-delivery/crisp-%26-green-maple-grove/YSLsprZtQyGZa4o1pqh7Iw,new-hope-minnesota
https://www.ubereats.com/minneapolis/food-delivery/el-loro-mexican-restaurant-brooklyn-park/nD9DevcoToGazOfqiYTI7A,new-hope-minnesota
https://www.ubereats.com/minneapolis/food-delivery/ginza-sushi-and-grill-restaurant/hBK0DC1JRU2OVz_AeLlWgQ,new-hope-minnesota
https://www.ubereats.com/minneapolis/food-delivery/panda-express-12725-elm-creek-blvd-n/M5MpWgUdRbiVHOkBxEkKhA,new-hope-minnesota
https://www.ubereats.com/minneapolis/food-delivery/subway-8000-lakeland-ave-n/ShlrWy1sTX2Qt2bZ8IHlAA,new-hope-minnesota
https://www.ubereats.com/minneapolis/food-delivery/la-casita-mexican-grill-%26-cantina-columbia-heights/A2vdAXsHQYaAEFDYkWHDEw,new-hope-minnesota
https://www.ubereats.com/minneapolis/food-delivery/pizza-ranch-5526-w-broadway-ave/j_JoG9dDSnKKN8xIMSpO5A,new-hope-minnesota
https://www.ubereats.com/minneapolis/food-delivery/leeann-chin-7767-main-street-north/jYpi--jtQmOTXsiKGx14Kw,new-hope-minnesota
https://www.ubereats.com/minneapolis/food-delivery/papa-murphys-8069-brooklyn-blvd/DoEZW3j4ThS0fzsA2wMyzg,new-hope-minnesota
https://www.ubereats.com/minneapolis/food-delivery/sweet-taste-of-italy/e0BjitIJRDOsJ6Ik3xz1Pg,new-hope-minnesota
https://www.ubereats.com/minneapolis/food-delivery/caribou-coffee-1650-park-place-blvd-suite-101/BECFgYdaR3-mKz-ndMHdlQ,new-hope-minnesota
https://www.ubereats.com/minneapolis/food-delivery/papa-murphys-8525-golden-valley-road-suite-200/jMpDH0H9SYuI1CCj8HHViA,new-hope-minnesota
https://www.ubereats.com/minneapolis/food-delivery/hook-fish-and-chicken/pK1mglodRTqe5dAzR6fq8A,new-hope-minnesota
https://www.ubereats.com/minneapolis/food-delivery/noodles-%26-company-10340-baltimore-st-ste-180/8M2MLNKSSzCZXjSXiqsyiA,new-hope-minnesota
https://www.ubereats.com/minneapolis/food-delivery/uncle-frankys/ZddSBhfaQZS6IMkevmWPhw,new-hope-minnesota
https://www.ubereats.com/minneapolis/food-delivery/lowry-grocery-and-deli/-d4xxrmETlOoOhC5mRfA_A,new-hope-minnesota
https://www.ubereats.com/minneapolis/food-delivery/big-bowl-chinese-express-minnetonka/0QPn4ceBTSquHfErfeSAUw,new-hope-minnesota
https://www.ubereats.com/minneapolis/food-delivery/taste-of-india/XzrSf3rTQWS9WgxmMBkcNA,new-hope-minnesota
https://www.ubereats.com/minneapolis/food-delivery/cardigan/sGamaXAQR3WPz0Ik2gncow,new-hope-minnesota
https://www.ubereats.com/minneapolis/food-delivery/taco-bell-425-w-broadway/AzZ-vmwvQZO0AZjha-GRhA,new-hope-minnesota
https://www.ubereats.com/minneapolis/food-delivery/caribou-coffee-3673-lexington-avenue-north/zq19UiLlRtS_mTokUjguEQ,new-hope-minnesota
https://www.ubereats.com/minneapolis/food-delivery/mcdonalds-9315-medicine-lake-rd/6dYMUp9bQz-3ummTukP3jg,new-hope-minnesota
https://www.ubereats.com/minneapolis/food-delivery/caribou-coffee-9638-colorado-lane-n/QIFOeNW0Toa3xuTpAkGSlg,new-hope-minnesota
https://www.ubereats.com/minneapolis/food-delivery/honey-and-mackies/aFGO92U2Tm-scd0QP53RZA,new-hope-minnesota
https://www.ubereats.com/minneapolis/food-delivery/caribou-coffee-3900-lakebreeze-avenue-n/gCAPJ3RcRdiGNUbuKWQ5cg,new-hope-minnesota
https://www.ubereats.com/minneapolis/food-delivery/crazy-cajun/lGp4wmN6Qk60OL-LrqboKw,new-hope-minnesota
https://www.ubereats.com/minneapolis/food-delivery/the-keto-scoop/0Pv2fP-eR_GrP2tgbV-ysg,new-hope-minnesota
https://www.ubereats.com/minneapolis/food-delivery/chipotle-mexican-grill-4717-county-road-101/ghYnQVAdT6SH8i_vbtWTzQ,new-hope-minnesota
https://www.ubereats.com/minneapolis/food-delivery/caribou-coffee-4754-county-road-101/mclUUyHUQpmsMijv3Y1YSA,new-hope-minnesota
https://www.ubereats.com/minneapolis/food-delivery/bawarchi-indian-cuisine/Cuzhc_kwTCeNaUeqMtiOcw,new-hope-minnesota
https://www.ubereats.com/minneapolis/food-delivery/applebees-14400-weaver-lake-road-%2382020/KAOxCGsTQrijmcsB7ZPd1w,new-hope-minnesota
https://www.ubereats.com/minneapolis/food-delivery/kona-grill-minnetonka/ST6o6gBUSs2L6_9gBxp0iw,new-hope-minnesota
https://www.ubereats.com/minneapolis/food-delivery/wendys-13645-83rd-way-n/ziJvThLQSA-buLW7fnaQbg,new-hope-minnesota
https://www.ubereats.com/minneapolis/food-delivery/hyderabad-house/L-wcE10oRzmcyKLiSIUV0Q,new-hope-minnesota
https://www.ubereats.com/minneapolis/food-delivery/hiep-thanh-bbq-%26-deli/G7KXwahNTXO9YJ_qPEkxjQ,new-hope-minnesota
https://www.ubereats.com/minneapolis/food-delivery/mcdonalds-xerxes-%26-55th-ave/V5gardDOT9KiVuihamUM4g,new-hope-minnesota
https://www.ubereats.com/minneapolis/food-delivery/papa-johns-4121-lakeland-avenue-north/XTbp1y6eQXCmsL9huDQyBQ,new-hope-minnesota
https://www.ubereats.com/minneapolis/food-delivery/peoples-organic/t1AMMyhzRJ6J29PCKg9MNw,new-hope-minnesota
https://www.ubereats.com/minneapolis/food-delivery/caribou-coffee-1700-plymouth-road/0cVQ5yN6QC-STdl4bapLEg,new-hope-minnesota
https://www.ubereats.com/minneapolis/food-delivery/munchies/IBuyGkuNRbCpRGyH905trA,new-hope-minnesota
https://www.ubereats.com/minneapolis/food-delivery/chipotle-mexican-grill-10450-baltimore-st-ne-ste-100/GekkDNO8TjSO4A7BHuuoJQ,new-hope-minnesota
https://www.ubereats.com/minneapolis/food-delivery/starbucks-st-louis-park-minnetonka-%26-hw/D8_MeNNTRPyruVGdgaZ_eQ,new-hope-minnesota
https://www.ubereats.com/minneapolis/food-delivery/krispy-krunchy-chicken-7201-bass-lake-rd/AHIWfFK6St-FJfuoqu8DJQ,new-hope-minnesota
https://www.ubereats.com/minneapolis/food-delivery/starbucks-plymouth-rd-%26-cartway-minnet/XP5_99mdRM-uPzcQBdiVwg,new-hope-minnesota
https://www.ubereats.com/minneapolis/food-delivery/kfc-8770-university-avenue-nw/wEMGWdSeTT6-s9w6Ama-Ag,new-hope-minnesota
https://www.ubereats.com/minneapolis/food-delivery/arbys-5629-broadway-ave-w/1u7Ncnh5TtK9vX_Ji1zaYg,new-hope-minnesota
https://www.ubereats.com/minneapolis/food-delivery/subway-7712-olson-memorial-hwy/ikAZqA5sS8ifvF08XC0O6Q,new-hope-minnesota
https://www.ubereats.com/minneapolis/food-delivery/applebees-1400-brookdale-mall-%2382034/rKI09dAfTlG7qTYb7kkI4A,new-hope-minnesota
https://www.ubereats.com/minneapolis/food-delivery/leeann-chin-5711-xerxes-ave-n/kU5oJ_u9QHmzTLEZv-TQ5A,new-hope-minnesota
https://www.ubereats.com/minneapolis/food-delivery/gold-nugget-tavern-%26-grille/S_1lO9vFQOyIkK1rl2Aw4g,new-hope-minnesota
https://www.ubereats.com/minneapolis/food-delivery/pancheros-mexican-grill-284-57th-ave-ne/9LY5On8jR2mFCxZRdqf9Bw,new-hope-minnesota
https://www.ubereats.com/minneapolis/food-delivery/starbucks-brooklyn-ctr-brooklyn-blvd-%26/bKTQLWcDQR2qDz-sTsCx7w,new-hope-minnesota
https://www.ubereats.com/minneapolis/food-delivery/firehouse-subs-2855-glacier-lane-suite-400/S0qDPxgtRy6XT01F1f8u7g,new-hope-minnesota
https://www.ubereats.com/minneapolis/food-delivery/tasty-chicken-and-gyro/1CWP1B5rR_SqrGP7q5JdFQ,new-hope-minnesota
https://www.ubereats.com/minneapolis/food-delivery/rusty-taco-6346-vinewood-lane-north/dxsQyiDeT-WK-PSP1V7QaQ,new-hope-minnesota
https://www.ubereats.com/minneapolis/food-delivery/big-bowl-chinese-express-wayzata/dBxvQI3nSIySOf7tG6eslg,new-hope-minnesota
https://www.ubereats.com/minneapolis/food-delivery/tasty-pizza-hangar-45/IuIGMsIGQ_iTX8SjE7g97w,new-hope-minnesota
https://www.ubereats.com/minneapolis/food-delivery/mcdonalds-lake-%26-dakota/tF60owg7THu07_RNanot_g,new-hope-minnesota
https://www.ubereats.com/minneapolis/food-delivery/benihana-850-louisiana-avenue/gduKfvzVRZOdARvB9BVYwQ,new-hope-minnesota
https://www.ubereats.com/minneapolis/food-delivery/popeyes-5430-brooklyn-blvd/0zpRKTwjQY6Aqtu2GVvH_A,new-hope-minnesota
https://www.ubereats.com/minneapolis/food-delivery/caribou-coffee-10400-baltimore-street-suite-b-124/ZIYKuag6SKC4l0wKbP1OUg,new-hope-minnesota
https://www.ubereats.com/minneapolis/food-delivery/leeann-chin-2603-39th-ave-ne/9s--szMqTEWGJQBUGCqiOA,new-hope-minnesota
https://www.ubereats.com/minneapolis/food-delivery/marcos-pizza-7700-42nd-avenue-n/5f9_RYvdT-yVAiHreaasYw,new-hope-minnesota
https://www.ubereats.com/minneapolis/food-delivery/subway-4080-w-broadway/jumj6XMFRICtJgHeAWEZIA,new-hope-minnesota
https://www.ubereats.com/minneapolis/food-delivery/delhi-woks/x3_4NrvrSsCRHQNtZ3AtZQ,new-hope-minnesota
https://www.ubereats.com/minneapolis/food-delivery/olympic-cafe-923-w-broadway/0WHueZnMQ0aizsH96-ioVg,new-hope-minnesota
https://www.ubereats.com/minneapolis/food-delivery/famous-daves-7825-vinewood-ln/tenHIhzmSkqz4JwdyLvGhg,new-hope-minnesota
https://www.ubereats.com/minneapolis/food-delivery/potbelly-sandwich-shop-ids-center-%7C-57/hxGwdU1TR7yUJFzIWvx3yg,new-hope-minnesota
https://www.ubereats.com/minneapolis/food-delivery/pza-maple-grove/3UQuCshLQc2kH4yRUQqzmQ,new-hope-minnesota
https://www.ubereats.com/minneapolis/food-delivery/cafe-zupas-12415-wayzata-blvd-suite-14/R1byxjC3SriRYg1ZU6gIkg,new-hope-minnesota
https://www.ubereats.com/minneapolis/food-delivery/arbys-7885-wedgewood-lane/-O6HMHEdTkCZcqagLHfyKQ,new-hope-minnesota
https://www.ubereats.com/minneapolis/food-delivery/chipotle-mexican-grill-12509-wayzata-blvd-ste-1305/iYpRYEUdSbCSf9v78vGhZQ,new-hope-minnesota
https://www.ubereats.com/minneapolis/food-delivery/jorden-grocery-halal-meat-%26deli/kacAwf98T26R20tHxKV-tQ,new-hope-minnesota
https://www.ubereats.com/minneapolis/food-delivery/buffalo-wild-wings-525-blake-rd-n-ste-110/0QerCsG3RSqQ-WQHuhN3fQ,new-hope-minnesota
https://www.ubereats.com/minneapolis/food-delivery/northeast-social/7oMUkxs6TSitykJJDWknVw,new-hope-minnesota
https://www.ubereats.com/minneapolis/food-delivery/burger-king-8501-xylon-avenue-north/uXLCLZ7wRyuc-Vktuxttxg,new-hope-minnesota
https://www.ubereats.com/minneapolis/food-delivery/popeyes-6817-bass-lake-rd/nb-c5sfxROiagWxVVVbhiw,new-hope-minnesota
https://www.ubereats.com/minneapolis/food-delivery/acapulco-mexican-restaurant-blaine-mn/RpZYE132QzS3x1f0hdzcHA,new-hope-minnesota
https://www.ubereats.com/minneapolis/food-delivery/taco-bell-7295-university-ave-ne/TdcZiGE7RJq2xjQkYfzljg,new-hope-minnesota
https://www.ubereats.com/minneapolis/food-delivery/nightingale/dhM4ZZz5Q0iVM8JbOWsmyg,new-hope-minnesota
https://www.ubereats.com/minneapolis/food-delivery/midnord-empanadas/2rFe67ZsRz2GuEVQqrQFtA,new-hope-minnesota
https://www.ubereats.com/minneapolis/food-delivery/famous-daves-14601-highway-7/Oz745LHyTxKljkZeITVNBg,new-hope-minnesota
https://www.ubereats.com/minneapolis/food-delivery/global-food-market/BJaFNDP4SaqzrcWA7pxryA,new-hope-minnesota
https://www.ubereats.com/minneapolis/food-delivery/olympic-cafe-2117-w-broadway/sSVghIJ1SyiksmwxFceiig,new-hope-minnesota
https://www.ubereats.com/minneapolis/food-delivery/caribou-coffee-5330-cedar-lake-road-suite-100/2v_Wzse9RXuTgryePBpTfg,new-hope-minnesota
https://www.ubereats.com/minneapolis/food-delivery/ichiddo-ramen/AgOdcEueTOeDKMh5YEEybg,new-hope-minnesota
https://www.ubereats.com/minneapolis/food-delivery/5-8-bar-%26-grill-champlin/vBZOXvGqTCWIcnlTLzuVzQ,new-hope-minnesota
https://www.ubereats.com/minneapolis/food-delivery/papa-johns-479-87th-lane-northeast/FMYbZVcyQTCV1tvAS_pC7g,new-hope-minnesota
https://www.ubereats.com/minneapolis/food-delivery/buffalo-wild-wings-3505-vicksburg-ln-n/5j8AIK9vTAOi7ZpYmH4Lgg,new-hope-minnesota
https://www.ubereats.com/minneapolis/food-delivery/leeann-chin-11219-aquila-drive-n/0FwgCVelSgmLqTyzcxf10g,new-hope-minnesota
https://www.ubereats.com/minneapolis/food-delivery/buffalo-wild-wings-11580-theatre-dr-n/4bbmSGjyQq6Sp7JqV6d3hg,new-hope-minnesota
https://www.ubereats.com/minneapolis/food-delivery/frankies-chicago-style/bmPgP280R2eEmkTwO5rWGQ,new-hope-minnesota
https://www.ubereats.com/minneapolis/food-delivery/caribou-coffee-7635-jolly-lane/x6F6pdtuRGiLWDEnfR-drA,new-hope-minnesota
https://www.ubereats.com/minneapolis/food-delivery/patricks-bakery-%26-cafe/SMsMQ4snSKa7665iM9604w,new-hope-minnesota
https://www.ubereats.com/minneapolis/food-delivery/jersey-mikes-subs-5901-94th-ave-north/WcZVtFwET5eJzaCFL4HSng,new-hope-minnesota
https://www.ubereats.com/minneapolis/food-delivery/ruths-chris-steak-house-920-2nd-ave/PHWu4ECCQD2Oudnhk477jg,new-hope-minnesota
https://www.ubereats.com/minneapolis/food-delivery/pancheros-mexican-grill-7746-olson-memorial-hwy/UNMynt_rTBudR835nrQSkQ,new-hope-minnesota
https://www.ubereats.com/minneapolis/food-delivery/jamba-juice-11632-fountains-dr-ste-403/VBkCCXmeQ0yboFTXckyUBQ,new-hope-minnesota
https://www.ubereats.com/minneapolis/food-delivery/portillos-hot-dogs-12251-elm-creek-blvd-n/LopnEvrvThuNiVW1E08mnQ,new-hope-minnesota
https://www.ubereats.com/minneapolis/food-delivery/benihana-11840-fountains-way-n/fgnOLrlTTvaYIIp7jbqumg,new-hope-minnesota
https://www.ubereats.com/minneapolis/food-delivery/grabbagreen-7744-main-street/ChpMSLWuQvCrR3KkrAeLhQ,new-hope-minnesota
https://www.ubereats.com/minneapolis/food-delivery/mcdonalds-central-ave-ne-%26-46th-ave-ne/d42wE0SHT5K303TC3sJ5eg,new-hope-minnesota
https://www.ubereats.com/minneapolis/food-delivery/papa-johns-5098-central-avenue-northeast/E6qwxe_kSyO8VD3RjFHHJw,new-hope-minnesota
https://www.ubereats.com/minneapolis/food-delivery/slice-pizza/2mSZ_k3JS-2Yzr5BMM5RaQ,new-hope-minnesota
https://www.ubereats.com/minneapolis/food-delivery/johnny-boys-pizza/vDA9GDZmQ-awK2ZiOAOtqQ,new-hope-minnesota
https://www.ubereats.com/minneapolis/food-delivery/grill-hall-churrascaria/vXU5L-oRSmCDMRLKrimZYQ,new-hope-minnesota
https://www.ubereats.com/minneapolis/food-delivery/taco-bell-4900-central-ave-ne/uH5SD0FhRr6eAiSIixBPug,new-hope-minnesota
https://www.ubereats.com/minneapolis/food-delivery/applebees-3500-vicksburg-ln-ste-100-%2382029/udkR1lqhRGi2m9PYkHDszg,new-hope-minnesota
https://www.ubereats.com/minneapolis/food-delivery/applebees-199-northtown-drive-ne-%2382059/OB5G24HnQrCvuvuu9qU8SA,new-hope-minnesota
https://www.ubereats.com/minneapolis/food-delivery/ihop-5601-xerxes-avenue-n/oNJTzkSfTHWWy8MMFAQT0g,new-hope-minnesota
https://www.ubereats.com/minneapolis/food-delivery/mcdonalds-720-n-winnetka-ave/NBargwkRQnOC2ELcvkdfCw,new-hope-minnesota
https://www.ubereats.com/minneapolis/food-delivery/potbelly-sandwich-shop-rand-tower-%7C-125/Q3CjM4FZQPqbxmfMAEMSDg,new-hope-minnesota
https://www.ubereats.com/minneapolis/food-delivery/the-original-pancake-house-1415-county-road-101-n/wA3NiYiKSEiQjI-rn6tLjQ,new-hope-minnesota
https://www.ubereats.com/minneapolis/food-delivery/panda-express-7645-jolly-ln/mf6umAReR0q_CfiTPKT_NQ,new-hope-minnesota
https://www.ubereats.com/minneapolis/food-delivery/wendys-421-w-broadway-ave/I-QuyFThRC6fLEzFnmgbQg,new-hope-minnesota
https://www.ubereats.com/minneapolis/food-delivery/noodles-%26-company-4937-county-rd-101/_xv688HYRiqLRxk6jPg_1A,new-hope-minnesota
https://www.ubereats.com/minneapolis/food-delivery/taco-bell-16855-county-road-24/kBWnkC_ATJ2O5HGXs13Lyg,new-hope-minnesota
https://www.ubereats.com/minneapolis/food-delivery/la-dona-cerveceria/jhbu6OLDTsSVVL9yprJD1Q,new-hope-minnesota
https://www.ubereats.com/minneapolis/food-delivery/valley-pastries/CIl3MPRySLSFdiLioIr8QA,new-hope-minnesota
https://www.ubereats.com/minneapolis/food-delivery/crave-american-kitchen-%26-sushi-bar-st-louis-park/IqFGmHoKRoeFuaB7EgHU6w,new-hope-minnesota
https://www.ubereats.com/minneapolis/food-delivery/subway-5557-w-broadway/XGBnRRysRZ2ciSNi0ilitw,new-hope-minnesota
https://www.ubereats.com/minneapolis/food-delivery/taco-bell-1865-gateway-dr-nw/p8E_PoYwQAGS-LPxaZgBLA,new-hope-minnesota
https://www.ubereats.com/minneapolis/food-delivery/stanleys-northeast-bar-room/-qkMTQDNQC2NACloC3KCSw,new-hope-minnesota
https://www.ubereats.com/minneapolis/food-delivery/stray-dog/t9W_GaETRauaZW5XFLnZ8A,new-hope-minnesota
https://www.ubereats.com/minneapolis/food-delivery/white-castle-7741-zane-ave/IeGwj93cSk6gXsLkb_8Diw,new-hope-minnesota
https://www.ubereats.com/minneapolis/food-delivery/cajun-kitchen/vPTCI3yQRQG7nUaUh414dw,new-hope-minnesota
https://www.ubereats.com/minneapolis/food-delivery/acapulco-mexican-restaurant-new-brighton-mn/dVsIkfD-SlOkk-SmMHi6Bw,new-hope-minnesota
https://www.ubereats.com/minneapolis/food-delivery/caribou-coffee-272-57th-ave-ne/rPXFnVu4QZyMVGauc2-U9Q,new-hope-minnesota
https://www.ubereats.com/minneapolis/food-delivery/mcdonalds-4201-winnetka-ave/yI59UkLGR_i057h-m5LOAQ,new-hope-minnesota
https://www.ubereats.com/minneapolis/food-delivery/chipotle-mexican-grill-11209-aquila-dr-n/M7Hbh8ZXQreXlh9OzBxDaA,new-hope-minnesota
https://www.ubereats.com/minneapolis/food-delivery/chipotle-mexican-grill-3425-vicksburg-ln-n-ste-100/M4R34XMETrSyzjgMWNA4FA,new-hope-minnesota
https://www.ubereats.com/minneapolis/food-delivery/gunpowder-cafe/yH-Zmw_dQMq8QaeK5Zh0Dw,new-hope-minnesota
https://www.ubereats.com/minneapolis/food-delivery/burger-king-3201-county-road-10/oyhz3ekBSIm1-neYhODP2A,new-hope-minnesota
https://www.ubereats.com/minneapolis/food-delivery/chipotle-mexican-grill-5711-xerxes-ave-n-ste-k/WLtpHEDYTeqBCJxljmf6mg,new-hope-minnesota
https://www.ubereats.com/minneapolis/food-delivery/flamin-thai/TJW4N3F7RtOp20_5HeqEcg,new-hope-minnesota
https://www.ubereats.com/minneapolis/food-delivery/outback-steakhouse-8880-springbrook-drive/Y5P8bVLVSyq_jjZlVmX7Jg,new-hope-minnesota
https://www.ubereats.com/minneapolis/food-delivery/sarpinos-pizzeria-7542-42nd-ave-n/1UZOrPOuTSSEiW1QxehfdQ,new-hope-minnesota
https://www.ubereats.com/minneapolis/food-delivery/chipotle-mexican-grill-7631-jolly-ln/87Zoh33_ShG8aoisMjAxYQ,new-hope-minnesota
https://www.ubereats.com/minneapolis/food-delivery/noodles-%26-company-5220-central-ave-ne/cm10nYhQTemLYwqY3GBYJQ,new-hope-minnesota
https://www.ubereats.com/minneapolis/food-delivery/bonchon-chicken-11708-elm-creek-blvd-n/lULH3aZYTgSfnqnK-qxvXg,new-hope-minnesota
https://www.ubereats.com/minneapolis/food-delivery/hong-kong-restaurant/AjaTbGI2R4yqRaAzz6bEvg,new-hope-minnesota
https://www.ubereats.com/minneapolis/food-delivery/papa-johns-7726-olson-memorial-highway/0O5F-0rdR_awZG3uTm5N5Q,new-hope-minnesota
https://www.ubereats.com/minneapolis/food-delivery/papa-murphys-4345-nathan-lane-north-suite-d/YwSjGWEmTBeSyUieIwRwbw,new-hope-minnesota
https://www.ubereats.com/minneapolis/food-delivery/caribou-coffee-2720-annapolis-circle-suite-f/AgLdau3xR_-PSstu6kTRQw,new-hope-minnesota
https://www.ubereats.com/minneapolis/food-delivery/thai-paradise/eQ6tuiU9R7Cb65Eby6xa9A,new-hope-minnesota
https://www.ubereats.com/minneapolis/food-delivery/dala-thai-restaurant-%26-banquet-hall/hGPHveEgS-iLnk6SfIemLQ,new-hope-minnesota
https://www.ubereats.com/minneapolis/food-delivery/chipotle-mexican-grill-599-northtown-dr-ne-ste-500/kH23zhuHSzywvKgmc9Ftow,new-hope-minnesota
https://www.ubereats.com/minneapolis/food-delivery/starbucks-hwy-7-%26-hopkins-crossroads/mea9ORCmSo6GystFP2Q4MA,new-hope-minnesota
https://www.ubereats.com/minneapolis/food-delivery/red-lobster-8500-hwy-47/zMcNFk7WSqOzm7704Mphzw,new-hope-minnesota
https://www.ubereats.com/minneapolis/food-delivery/red-lobster-12515-elm-creek-blvdn/V1_xDFSdSs2v9lJKu_9LDA,new-hope-minnesota
https://www.ubereats.com/minneapolis/food-delivery/mcdonalds-5400-w-broadway/icHd7EU9SvqzlrAYyFNMsA,new-hope-minnesota
https://www.ubereats.com/minneapolis/food-delivery/noodles-%26-company-7808-olson-memorial-hwy/9Xu9KTpQRqCvDSwOVumqAg,new-hope-minnesota
https://www.ubereats.com/minneapolis/food-delivery/fairgrounds-coffee-and-tea/rOLsKW2hQZKn9qlmqeoRkQ,new-hope-minnesota
https://www.ubereats.com/minneapolis/food-delivery/red-robin-640-2669-campus-dr/djOENWgTSxuMan-S19ggfA,new-hope-minnesota
https://www.ubereats.com/minneapolis/food-delivery/dennys-8850-university-drive/gCYAv1ZrTX6Z1WmnH2aavQ,new-hope-minnesota
https://www.ubereats.com/minneapolis/food-delivery/cold-stone-creamery-10400-baltimore-st-ne/i_MN3hx0RfCGTO1fdnmqEQ,new-hope-minnesota
https://www.ubereats.com/minneapolis/food-delivery/subway-4345-nathan-ln-n/5jigBkW5SDOLh8_mexgVPA,new-hope-minnesota
https://www.ubereats.com/minneapolis/food-delivery/burger-king-6660-wayzata-blvd/K6-ZzuDsRfGah6N50tZHUg,new-hope-minnesota
https://www.ubereats.com/minneapolis/food-delivery/pho-hoa-noodle-soup-minneapolis/1KFGAbvKT7igAzxwvX0HCA,new-hope-minnesota
https://www.ubereats.com/minneapolis/food-delivery/blaze-pizza-8126-hwy-7/NmRcO2eeS_eKIqJWnOli1g,new-hope-minnesota
https://www.ubereats.com/minneapolis/food-delivery/perkins-restaurant-plymouth-empire-lane/-TYTEGvBQGiGu3u850NViQ,new-hope-minnesota
https://www.ubereats.com/minneapolis/food-delivery/caribou-coffee-1400-highway-101-n-unit-a/BdunUNEsRNmi6tUIENpa6w,new-hope-minnesota
https://www.ubereats.com/minneapolis/food-delivery/hong-kong-buffet/UF7aewMPRFizchcvx2fSbw,new-hope-minnesota
https://www.ubereats.com/minneapolis/food-delivery/daily-dose-cafe-and-espresso/-VvGq8QCQNeMypuVCDfrVQ,new-hope-minnesota
https://www.ubereats.com/minneapolis/food-delivery/hong-kong-restaurant/V1Jd3B-oS2uIjg0Aw9O-xg,new-hope-minnesota
https://www.ubereats.com/minneapolis/food-delivery/sammys-avenue-eatery/NXDlmWavSVGobo6GyFwScw,new-hope-minnesota
https://www.ubereats.com/minneapolis/food-delivery/wendys-9850-rockford-road/hGQluFfzSf2c4wyBxYWxmg,new-hope-minnesota
https://www.ubereats.com/minneapolis/food-delivery/noodles-%26-company-7840-main-st/Pgq37n20RKKCeLU7eI8l2w,new-hope-minnesota
https://www.ubereats.com/minneapolis/food-delivery/mr-pizza-n-wingz/zU71lIiGRlqbysKJe4GN8g,new-hope-minnesota
https://www.ubereats.com/minneapolis/food-delivery/papa-johns-4610-85th-avenue-north-suite-16a/xG_9MLJrQ0SRyoJu8jY5jg,new-hope-minnesota
https://www.ubereats.com/minneapolis/food-delivery/ihop-north-town-mall/DFC5tbokQHSqomUQ4Lz-qQ,new-hope-minnesota
https://www.ubereats.com/minneapolis/food-delivery/chipotle-mexican-grill-5200-central-ave-ne/nqhuRIQVS4K66eStsgdEcA,new-hope-minnesota
https://www.ubereats.com/minneapolis/food-delivery/taco-bell-9900-rockford-road/AdCsu1DnQiWKC7W5_rFS8w,new-hope-minnesota
https://www.ubereats.com/minneapolis/food-delivery/starbucks-bass-lake-rd-%26-broadway-crysta/BRJr3ZCxQdKd75adt27RBA,new-hope-minnesota
https://www.ubereats.com/minneapolis/food-delivery/burger-king-10000-county-road-9/Fk1_Z9oaQHOKF4AhjeFSIQ,new-hope-minnesota
https://www.ubereats.com/minneapolis/food-delivery/caribou-coffee-1835-gateway-drive-suite-106/aRgJ6Uw0Tze9lgl4dUO9oA,new-hope-minnesota
https://www.ubereats.com/minneapolis/food-delivery/papa-murphys-11351-aquila-drive-north/SxzRTJ5NTymE0IkDsoNEhA,new-hope-minnesota
https://www.ubereats.com/minneapolis/food-delivery/burger-king-5358-west-broadway/CR2jbQv2SmibVHeKnnFZ4w,new-hope-minnesota
https://www.ubereats.com/minneapolis/food-delivery/caribou-coffee-12850-bass-lake-road/97Hn0NbOR5aDvzljkZvHzA,new-hope-minnesota
https://www.ubereats.com/minneapolis/food-delivery/quiznos-nathan-ln/M94VHSXtRj2uYZgW4y0OYg,new-hope-minnesota
https://www.ubereats.com/minneapolis/food-delivery/mama-sahra-kitchen/UZUa_KV_QN2yXl1PruXKyw,new-hope-minnesota
https://www.ubereats.com/minneapolis/food-delivery/crisp-%26-green-n-loop/eSplON0oQOqCJBvTsvd8oA,new-hope-minnesota
https://www.ubereats.com/minneapolis/food-delivery/perkins-restaurant-maple-grove-73rd-ave/EpKJxaMWSga_kc7gz1DnvA,new-hope-minnesota
https://www.ubereats.com/minneapolis/food-delivery/d-brians-deli-saint-louis-park/XSg5NSGCRhq_l2fh-q8yJQ,new-hope-minnesota
https://www.ubereats.com/minneapolis/food-delivery/mcdonalds-broadway-%26-brooklyn/3FD_W_tjTfm6RAw1VFaG1w,new-hope-minnesota
https://www.ubereats.com/minneapolis/food-delivery/mcdonalds-9000-85th-ave-north/YcabUjltRE6M3NwoGYm0uQ,new-hope-minnesota
https://www.ubereats.com/minneapolis/food-delivery/buffalo-wild-wings-5590-w-broadway-ave/6x5zwzfqQDiL3EGWN6DZcA,new-hope-minnesota
https://www.ubereats.com/minneapolis/food-delivery/pf-changs-12071-elm-creek-blvd/ty-rBtn1Qk6mlfcA2W-3Vw,new-hope-minnesota
https://www.ubereats.com/minneapolis/food-delivery/red-lobster-8900-golden-valley-road/pnvx8EjLSRWFGjGlMydlig,new-hope-minnesota
https://www.ubereats.com/minneapolis/food-delivery/real-cooks-kitchen/M_XheWZcRtmNKF5u_eDIFQ,new-hope-minnesota
https://www.ubereats.com/minneapolis/food-delivery/chipotle-mexican-grill-5608-w-broadway-ave/dvQaOyLlTWqdQrqSUksCNQ,new-hope-minnesota
https://www.ubereats.com/minneapolis/food-delivery/cafe-zupas-11669-fountain-dr/EFynZH2iSQKo3ZexXFeIzg,new-hope-minnesota
https://www.ubereats.com/minneapolis/food-delivery/zantigo-mexican-restaurant-fridley/dK6IjxmzQTCIpaw7ln0JBQ,new-hope-minnesota
https://www.ubereats.com/minneapolis/food-delivery/chili-lime/uuyHL66xRbObOqWGn5svEw,new-hope-minnesota
https://www.ubereats.com/minneapolis/food-delivery/nawabi-hyderabad-house-biryani-place/UNgacef1RxmsxPMHyI0Tsw,new-hope-minnesota
https://www.ubereats.com/minneapolis/food-delivery/el-lorito-mexican-grill/cXV4X7yvSRyjJW0YVtnVFQ,new-hope-minnesota
https://www.ubereats.com/minneapolis/food-delivery/sarnas-classic-grill/aj-9iwmqTauwJOHm0Ca-qQ,new-hope-minnesota
https://www.ubereats.com/minneapolis/food-delivery/pub-819/AZmGsNXUTfCCTfUxfumgnA,new-hope-minnesota
https://www.ubereats.com/minneapolis/food-delivery/mr-bbq/97QbTljaQMaitxGBG4Vm6A,new-hope-minnesota
https://www.ubereats.com/minneapolis/food-delivery/papa-johns-3500-vicksburg-lane-suite-300/2uY0XLgVT1qOTlWi4uMjpA,new-hope-minnesota
https://www.ubereats.com/minneapolis/food-delivery/popeyes-louisiana-kitchen-8025-brooklyn-blvd/S90GkRx2R-SsaMI1SDJqMQ,new-hope-minnesota
https://www.ubereats.com/minneapolis/food-delivery/arbys-1690-park-place-blvd/TgzmwppYSdaOgZ61iJfjZg,new-hope-minnesota
https://www.ubereats.com/minneapolis/food-delivery/leeann-chin-park-place-plaza-1620-b-park-place-blvd/aJrYbrhaS6ihco-kfBgLQQ,new-hope-minnesota
https://www.ubereats.com/minneapolis/food-delivery/sawatdee-thai-maple-grove/zLMINh7ISySV6hkS6A9_UQ,new-hope-minnesota
https://www.ubereats.com/minneapolis/food-delivery/granite-city-food-%26-brewery-maple-grove/NmEO9IOrQ8iVv9zrglgeMg,new-hope-minnesota
https://www.ubereats.com/minneapolis/food-delivery/big-bowl-chinese-express-golden-valley/ky70vU1LS5q2VpE-Yeg-dQ,new-hope-minnesota
https://www.ubereats.com/minneapolis/food-delivery/perkins-restaurant-osseo/Xys67sUPT2CqSgEFfOVQqA,new-hope-minnesota
https://www.ubereats.com/minneapolis/food-delivery/banana-blossom/G7HzqrlgQFW90wwUw7LvJA,new-hope-minnesota
https://www.ubereats.com/minneapolis/food-delivery/rocky-rococo-pizza-%26-pasta-brooklyn-park/YHmlFG3VS4KyeFRuL0cHVA,new-hope-minnesota
https://www.ubereats.com/minneapolis/food-delivery/leeann-chin-9428-dunkirk-lane/MXCuYS2ZQT-i7gcaWWacJw,new-hope-minnesota
https://www.ubereats.com/minneapolis/food-delivery/papa-johns-11313-hwy-7/2Kf1qv7BRpic5qRO3ohxfw,new-hope-minnesota
https://www.ubereats.com/minneapolis/food-delivery/pasquallys-pizza-%26-wings-12945-elm-creek-blvd/93Sz0AspQ5yn7jWGBDenPA,new-hope-minnesota
https://www.ubereats.com/minneapolis/food-delivery/arbys-14420-n-28th-pl/igw25PWVTUe3psgwh_TRWw,new-hope-minnesota
https://www.ubereats.com/minneapolis/food-delivery/arbys-2820-coon-rapids-blvd/p8kfv8kqQlOot8q3vH_2_g,new-hope-minnesota
https://www.ubereats.com/minneapolis/food-delivery/dunkin-7820-42nd-ave-n/UynVWRP2SGe5lkdZoWmuqg,new-hope-minnesota
https://www.ubereats.com/minneapolis/food-delivery/famous-daves-11308-highway-55/4pu1RUo1SnizdibvT_WbtA,new-hope-minnesota
https://www.ubereats.com/minneapolis/food-delivery/mcdonalds-broadway-%26-dupont/EnvPm7xNTvOzRlPlDJIDRA,new-hope-minnesota
https://www.ubereats.com/minneapolis/food-delivery/leeann-chin-101-89th-ave-ne/ooJdXP0IRt2palgzzL2MOA,new-hope-minnesota
