url,city
https://www.ubereats.com/cleveland/food-delivery/five-guys-oh-1460-3273-steelyard-dr/URM3Ubw7SHO4r_LEZkvXOw,newburgh-heights-ohio
https://www.ubereats.com/cleveland/food-delivery/freddies/kDBpXrLsQyOTQzDAQBYrQg,newburgh-heights-ohio
https://www.ubereats.com/cleveland/food-delivery/lotus-thai-house/DLC8iW9SQ1uHDE75Ch1WXQ,newburgh-heights-ohio
https://www.ubereats.com/cleveland/food-delivery/harry-buffalo-cleveland/0AqmMV8mRCqqCbcdQsvPtQ,newburgh-heights-ohio
https://www.ubereats.com/cleveland/food-delivery/bar-louie-lyndhurst/xnEGGEUXRLergKPcu3mVxA,newburgh-heights-ohio
https://www.ubereats.com/cleveland/food-delivery/jersey-mikes-subs-parma-7468-broadview-road/xCPn8rPNSayPTlX8kq-dCQ,newburgh-heights-ohio
https://www.ubereats.com/cleveland/food-delivery/rich-caribbean-cuisine/YDMFUDqGSxeM2sJaj0H6Bg,newburgh-heights-ohio
https://www.ubereats.com/cleveland/food-delivery/famous-gyro-george-parma/DYGGzbPsTXyhmh2ci9Kc7w,newburgh-heights-ohio
https://www.ubereats.com/cleveland/food-delivery/soul-taste/ecZmjGJoTraj75BUmycIPA,newburgh-heights-ohio
https://www.ubereats.com/cleveland/food-delivery/souper-market-carnegie-main/l92mWcj3SQG4rBwhIBkDSg,newburgh-heights-ohio
https://www.ubereats.com/cleveland/food-delivery/farkas-pastry-shop/ezxR3KjaQw-MkSvbiZaDHA,newburgh-heights-ohio
https://www.ubereats.com/cleveland/food-delivery/cleats-club-seat-grille/d20Tc6udQkWbnsGlrQEjnQ,newburgh-heights-ohio
https://www.ubereats.com/cleveland/food-delivery/captiv8/6s1ypKWnQX6BO-IGTgbFVQ,newburgh-heights-ohio
https://www.ubereats.com/cleveland/food-delivery/tabletop-board-game-cafe/VfPiIobnRmOLeBD73o3awg,newburgh-heights-ohio
https://www.ubereats.com/cleveland/food-delivery/boaz-fresh-lebanese/k6jI59zTQsK91UYZlvYM3g,newburgh-heights-ohio
https://www.ubereats.com/cleveland/food-delivery/the-cleveland-bagel-co-carnegie-ave/UKTNO_YPTpiYj-pm-ePYrQ,newburgh-heights-ohio
https://www.ubereats.com/cleveland/food-delivery/camino-taco-%26-tequila-bar/gZSJSwEmQz2KFD3e_tCpRw,newburgh-heights-ohio
https://www.ubereats.com/cleveland/food-delivery/four-js-carryout/_Bdedn2FT0aEJQNfVMQR4g,newburgh-heights-ohio
https://www.ubereats.com/cleveland/food-delivery/b-%26-js-corned-beef-shoppe-%26-deli/D8HAMfD6SKatg66d1NHHpg,newburgh-heights-ohio
https://www.ubereats.com/cleveland/food-delivery/rallys-4154-lee-road/vB6CoJVXRRShLTfdKO4pmw,newburgh-heights-ohio
https://www.ubereats.com/cleveland/food-delivery/starbucks-independence-oh/w0aHUGl3T--MFLPeg0hMRw,newburgh-heights-ohio
https://www.ubereats.com/cleveland/food-delivery/big-bites/Ei6MwafiQ4yq3uQjyvc_OQ,newburgh-heights-ohio
https://www.ubereats.com/cleveland/food-delivery/pizza-express-cleveland/QgE8ewtORZyWcw73dLcqYg,newburgh-heights-ohio
https://www.ubereats.com/cleveland/food-delivery/blu-the-restaurant/pzaSVo6iR7ON9cGUYJWNQA,newburgh-heights-ohio
https://www.ubereats.com/cleveland/food-delivery/happys-pizza-4908-turney-rd/3-gsTRYDSUSyJjyupqXwPg,newburgh-heights-ohio
https://www.ubereats.com/cleveland/food-delivery/copper-moon-espresso-bar/xOo1xt5jRZ6dxHBCKggtGA,newburgh-heights-ohio
https://www.ubereats.com/cleveland/food-delivery/mr-hero-broadview-%26-civic/2nrppkshQQ6Eiym0SPeOGA,newburgh-heights-ohio
https://www.ubereats.com/cleveland/food-delivery/balance-pan-asian-grille/7K9jynXGSaONe5Rt_IQuVg,newburgh-heights-ohio
https://www.ubereats.com/cleveland/food-delivery/little-garden/_dZfyOgBQryjVeKA1AVIcA,newburgh-heights-ohio
https://www.ubereats.com/cleveland/food-delivery/z-surf-and-turf/b9AArdMGSei7ucoq2lYCBQ,newburgh-heights-ohio
https://www.ubereats.com/cleveland/food-delivery/rallys-14110-kinsman-avenue/khqAOgR1TqeNhNjFn0_o6g,newburgh-heights-ohio
https://www.ubereats.com/cleveland/food-delivery/ohio-city-nutrition/CR0O_NFZQfeLghkLrQOlGA,newburgh-heights-ohio
https://www.ubereats.com/cleveland/food-delivery/potbelly-sandwich-shop-6th-and-euclid-%7C-277/1z9oWLSqRKGl9vloJhp-4w,newburgh-heights-ohio
https://www.ubereats.com/cleveland/food-delivery/leaf/dfgjf873SfK6XHxGt53X1g,newburgh-heights-ohio
https://www.ubereats.com/cleveland/food-delivery/caribbean-vybz-bar-%26-grille/cMRVj2OzQuyv8V7gTBtP6A,newburgh-heights-ohio
https://www.ubereats.com/cleveland/food-delivery/6flavors-indian-cuisine/pJcTK5MsQQuTWwTJCwcaxw,newburgh-heights-ohio
https://www.ubereats.com/cleveland/food-delivery/embassy-restaurant-and-lounge/Jttuzyp5RvewvN3yBC9HuA,newburgh-heights-ohio
https://www.ubereats.com/cleveland/food-delivery/great-taste-chinese-restaurant/cA5Zog6KRua_tLeMz74ptw,newburgh-heights-ohio
https://www.ubereats.com/cleveland/food-delivery/applebees-3401-steelyard-drive-%2376017/DDSduSnLRxeGKw_9gZ5KTw,newburgh-heights-ohio
https://www.ubereats.com/cleveland/food-delivery/old-carolina-barbecue-company-rocky-river/a81WDDO_RYGGO5XCdjPWvw,newburgh-heights-ohio
https://www.ubereats.com/cleveland/food-delivery/szechuan-cafe/RQPApTn-TaaO9hH7PGlhpA,newburgh-heights-ohio
https://www.ubereats.com/cleveland/food-delivery/dagu-rice-noodle/0AP1Ip9tTjiskhmzqd4MoA,newburgh-heights-ohio
https://www.ubereats.com/cleveland/food-delivery/dennys-6100-rockside-rd/-wKGbWdtSHi7DoxmiLyWkA,newburgh-heights-ohio
https://www.ubereats.com/cleveland/food-delivery/souper-market/mk3bvz6fS1KBMdktwq5NLA,newburgh-heights-ohio
https://www.ubereats.com/cleveland/food-delivery/wendys-5815-st-clair-ave/EsReLSkcS2qsS1zRMKmN6Q,newburgh-heights-ohio
https://www.ubereats.com/cleveland/food-delivery/black-box-fix-2/2-Efq646RKagv-WGb-pmEQ,newburgh-heights-ohio
https://www.ubereats.com/cleveland/food-delivery/buffalo-wild-wings-12459-cedar-rd/WBiRQIMISfyJizD6SEWWkQ,newburgh-heights-ohio
https://www.ubereats.com/cleveland/food-delivery/jordans-eatery/l4NcNzBUSMGfX_TKwmkNdA,newburgh-heights-ohio
https://www.ubereats.com/cleveland/food-delivery/green-rooster-farms/WuRzD9XtTBCRaL-rGF11lw,newburgh-heights-ohio
https://www.ubereats.com/cleveland/food-delivery/pulp-juice-and-smoothie-bar-clifton-blvd/6mvPOUnaQu-WvMXdHEqswA,newburgh-heights-ohio
https://www.ubereats.com/cleveland/food-delivery/the-crispy-chick/CxiDwaKHTZKcf2qH2eYEUQ,newburgh-heights-ohio
https://www.ubereats.com/cleveland/food-delivery/denisons-deli-%26-grill/jnL1y4S9QCaTL1OKjPStLA,newburgh-heights-ohio
https://www.ubereats.com/cleveland/food-delivery/gypsy-beans/lksbBBBjRwmonTCOGrfX8w,newburgh-heights-ohio
https://www.ubereats.com/cleveland/food-delivery/erie-island-coffee-at-the-edge/h3tKkvWuR7qTPscPwQK_jQ,newburgh-heights-ohio
https://www.ubereats.com/cleveland/food-delivery/ds-its-a-wrap-restaurant/wRQ_Ie-MTceJzWZONHe-vQ,newburgh-heights-ohio
https://www.ubereats.com/cleveland/food-delivery/subway-17203-broadway-ave/gjNBByw6Sv2g39cyDUxhDA,newburgh-heights-ohio
https://www.ubereats.com/cleveland/food-delivery/el-sabor-de-ponce/9YhN0arSQA2lFj42VxUt-A,newburgh-heights-ohio
https://www.ubereats.com/cleveland/food-delivery/dunkin-2080-snow-rd/NAO_r8piR56G2AVU8RgAQA,newburgh-heights-ohio
https://www.ubereats.com/cleveland/food-delivery/oven-fresh-55th-st/__NDx8DdQ9yPm48lo2ztag,newburgh-heights-ohio
https://www.ubereats.com/cleveland/food-delivery/mcdonalds-clark-%26-32nd-st/u454uqwdSdWZJ-W0Q7BGgA,newburgh-heights-ohio
https://www.ubereats.com/cleveland/food-delivery/mcdonalds-st-clair-%26-105th-st/etnr4VlPSMqQG3-Oc8wHhQ,newburgh-heights-ohio
https://www.ubereats.com/cleveland/food-delivery/edwins-butcher-shop/_3PDHU1OQvuwhkGL5gXaEg,newburgh-heights-ohio
https://www.ubereats.com/cleveland/food-delivery/golden-dragon-restaurant-woks-%26-roll/oQv3osWHQMOpkPS-dgBGWw,newburgh-heights-ohio
https://www.ubereats.com/cleveland/food-delivery/district/ITX2074ySRul7Fyfi6YYSw,newburgh-heights-ohio
https://www.ubereats.com/cleveland/food-delivery/fresh-cuts-deli/Q-9Nu1VpTZOUxym6rREGnw,newburgh-heights-ohio
https://www.ubereats.com/cleveland/food-delivery/mels-cafe/cAKZVyNrTrOqBc-RzmuIAQ,newburgh-heights-ohio
https://www.ubereats.com/cleveland/food-delivery/starbucks-127-public-square/sxdePGUoThSh1UCQItkAcQ,newburgh-heights-ohio
https://www.ubereats.com/cleveland/food-delivery/byte-cafe/KiED8a8KQaekU5sqE6bozA,newburgh-heights-ohio
https://www.ubereats.com/cleveland/food-delivery/rock-creek-kitchen-%26-bar/RvqePQ8FSEqeVjpnunVj8Q,newburgh-heights-ohio
https://www.ubereats.com/cleveland/food-delivery/jaipur-junction/337PGG1YQ9mgLa6Gx1Gi7A,newburgh-heights-ohio
https://www.ubereats.com/cleveland/food-delivery/starbucks-parma-seven-hills/-5UO1fcjSAmOTAIHmfY9Ag,newburgh-heights-ohio
https://www.ubereats.com/cleveland/food-delivery/mcdonalds-ridge-%26-ira/VjU15qGySGKfAld5W9gR9Q,newburgh-heights-ohio
https://www.ubereats.com/cleveland/food-delivery/the-beanster/vG-Y6WT0Q-W-q2yVWLQbow,newburgh-heights-ohio
https://www.ubereats.com/cleveland/food-delivery/the-ice-cream-shop/SGmYCqknR0ehL2xD-KspIg,newburgh-heights-ohio
https://www.ubereats.com/cleveland/food-delivery/golden-corral-8696-brookpark-rd/J3euXrELTgi6SSuI-4QlDQ,newburgh-heights-ohio
https://www.ubereats.com/cleveland/food-delivery/onikitchen/2mqhQvueTPWwe3OIDBTCZg,newburgh-heights-ohio
https://www.ubereats.com/cleveland/food-delivery/town-hall/9SG_hvd1R8yyDpR1wM0A-g,newburgh-heights-ohio
https://www.ubereats.com/cleveland/food-delivery/red-robin-217-6750-rockside-rd/_wKItEYRQDq_WbVb3C4uvw,newburgh-heights-ohio
https://www.ubereats.com/cleveland/food-delivery/royal-subs/L6__ohLCRLmVLT71HiJWDg,newburgh-heights-ohio
https://www.ubereats.com/cleveland/food-delivery/sonic-1842-snow-rd/NItT9XVxRRWe0RVhTlJtrw,newburgh-heights-ohio
https://www.ubereats.com/cleveland/food-delivery/yours-truly-restaurant-rockside/BPlJnZsrTbyR2dxlhRvsqQ,newburgh-heights-ohio
https://www.ubereats.com/cleveland/food-delivery/subway-7525-granger-rd/IYMyHZGSRGOsQdqOyB7KTQ,newburgh-heights-ohio
https://www.ubereats.com/cleveland/food-delivery/mr-hero-dennison-ave/KITDMXaoTYCOdqWkcar6lA,newburgh-heights-ohio
https://www.ubereats.com/cleveland/food-delivery/brooklyn-soulfood-%26-more/PbKC5UYHQ8qCVMrf5cysTg,newburgh-heights-ohio
https://www.ubereats.com/cleveland/food-delivery/rascal-house-pizza-university-circle/PdiaPWE9Q5WfKAcdoCwf1w,newburgh-heights-ohio
https://www.ubereats.com/cleveland/food-delivery/the-root-cafe/b2-cODnuQaChlVI1KaouiA,newburgh-heights-ohio
https://www.ubereats.com/cleveland/food-delivery/taco-bell-7424-brookpark-rd/rYPLU78kTZuZXB_WZgdM4w,newburgh-heights-ohio
https://www.ubereats.com/cleveland/food-delivery/luchitas-mexican/zwSol9RySJyfjAmqEE18_Q,newburgh-heights-ohio
https://www.ubereats.com/cleveland/food-delivery/bennys-sports-bar/4GnjytWPTyOxkVzkn5cQxg,newburgh-heights-ohio
https://www.ubereats.com/cleveland/food-delivery/cle-wing-co-parma/THxT193bTaK1m80BtrOVVw,newburgh-heights-ohio
https://www.ubereats.com/cleveland/food-delivery/subway-4910-harvard-ave/GxSqDWXLSimnSaDL5QQ_mQ,newburgh-heights-ohio
https://www.ubereats.com/cleveland/food-delivery/zaytoon-lebanese-kitchen/D92h1ABPQtSk5lZGiTdbfg,newburgh-heights-ohio
https://www.ubereats.com/cleveland/food-delivery/tomo-hibachi-%26-sushi/GMELfT3ESemWj6-I3VsU-g,newburgh-heights-ohio
https://www.ubereats.com/cleveland/food-delivery/mega-convenient-food-mart/KApFvYwNTlC8zZ4NUE8i6Q,newburgh-heights-ohio
https://www.ubereats.com/cleveland/food-delivery/little-caesars-3228-clark-ave/y1WHBdlxQX6lRBEosaUF7w,newburgh-heights-ohio
https://www.ubereats.com/cleveland/food-delivery/pin-pin-kitchen-5/zpXhM9q4TDq_4jaE1U54lA,newburgh-heights-ohio
https://www.ubereats.com/cleveland/food-delivery/memphis-hot-wings/AC-BxsciRNWg5m05ZfhPvQ,newburgh-heights-ohio
https://www.ubereats.com/cleveland/food-delivery/hookah-palace/mdtMsC-ASW2-7EqWJIm5Mw,newburgh-heights-ohio
https://www.ubereats.com/cleveland/food-delivery/elements-bistro/rxAucImyQs2zrwPXNJko5g,newburgh-heights-ohio
https://www.ubereats.com/cleveland/food-delivery/mcdonalds-euclid-%26-83rd-st/eVtBS4_nQN2pGzHVIi9Vhg,newburgh-heights-ohio
https://www.ubereats.com/cleveland/food-delivery/hola-tacos/kyCXEg4hT5WqMvc9RoILlQ,newburgh-heights-ohio
https://www.ubereats.com/cleveland/food-delivery/rallys-3502-clark-ave/grYCJMVNQK6azKckxh7QHg,newburgh-heights-ohio
https://www.ubereats.com/cleveland/food-delivery/taco-bell-4110-lee-road/xR_2mCNXQcCr10s_K1_RfA,newburgh-heights-ohio
https://www.ubereats.com/cleveland/food-delivery/chipotle-mexican-grill-10325-cascade-xing/Ddoh-FhIQ9KUoBdzB5OKmQ,newburgh-heights-ohio
https://www.ubereats.com/cleveland/food-delivery/chipotle-mexican-grill-1042-w-pleasant-valley-rd/AV4TDcq8TrO0rh3tndA6CQ,newburgh-heights-ohio
https://www.ubereats.com/cleveland/food-delivery/otani-japanese-restaurant/gDENbH6QRFCBsh_8KwBlHA,newburgh-heights-ohio
https://www.ubereats.com/cleveland/food-delivery/thick-chick/TfFsepb1TxycZr6D-fW6_g,newburgh-heights-ohio
https://www.ubereats.com/cleveland/food-delivery/qs-cafe/6OK6wR1PRDG77pyN98jX1w,newburgh-heights-ohio
https://www.ubereats.com/cleveland/food-delivery/murray-hill-market/5LCQ8XZcSuKjgDzhkfoRdw,newburgh-heights-ohio
https://www.ubereats.com/cleveland/food-delivery/dunkin-4959-richmond-rd/vZzsnUf8Q4KtDwHaNXTGxQ,newburgh-heights-ohio
https://www.ubereats.com/cleveland/food-delivery/subway-6220-memphis-ave/JaFjXSVqSoSBuFsi0zmwfA,newburgh-heights-ohio
https://www.ubereats.com/cleveland/food-delivery/tremont-scoops/b0ni0WXTQYGFQGt7NqwS-w,newburgh-heights-ohio
https://www.ubereats.com/cleveland/food-delivery/catering-affordable/tu4Z5M0HRSiZJcJm879p3Q,newburgh-heights-ohio
https://www.ubereats.com/cleveland/food-delivery/ihop-steelyard/H6m0H3F4TbSn8pEa5f52nA,newburgh-heights-ohio
https://www.ubereats.com/cleveland/food-delivery/the-cleveland-bagel-company/pt60Gf1OQ76Q8mvoTl2y4A,newburgh-heights-ohio
https://www.ubereats.com/cleveland/food-delivery/sweet!-the-cupcakery/2S078gNrSoCS936-QBr6Yw,newburgh-heights-ohio
https://www.ubereats.com/cleveland/food-delivery/bibibop-asian-grill-11431-euclid-ave/-KEQKEBYSuGDXY1u9j32Bw,newburgh-heights-ohio
https://www.ubereats.com/cleveland/food-delivery/buffalo-wild-wings-724-prospect-ave-e/74d4RmXdTJunwSR0aPL56g,newburgh-heights-ohio
https://www.ubereats.com/cleveland/food-delivery/hi-and-dry/ZQ9xQV8cQx-pRww8VdYfOw,newburgh-heights-ohio
https://www.ubereats.com/cleveland/food-delivery/the-ice-cream-shop/jpR5vibjTtyNsyqwKIGsiA,newburgh-heights-ohio
https://www.ubereats.com/cleveland/food-delivery/omar-grill/GahBxdWARGiR0lP9t744zA,newburgh-heights-ohio
https://www.ubereats.com/cleveland/food-delivery/subway-5401-st-clair-ave/Q0rg-Ae3TgavRLhwpxRFzw,newburgh-heights-ohio
https://www.ubereats.com/cleveland/food-delivery/popeyes-4645-northfield-road/2_yhV1uoSWCdmjXFbc1YfQ,newburgh-heights-ohio
https://www.ubereats.com/cleveland/food-delivery/phuel-cafe/MKFbesxjTbil7pEqiK07iA,newburgh-heights-ohio
https://www.ubereats.com/cleveland/food-delivery/house-of-blues-cleveland/3cSxlLXUTjq7HriWtir4KA,newburgh-heights-ohio
https://www.ubereats.com/cleveland/food-delivery/bigmouth-donut-company/34fom0xOTEWG2IQBEOl3Bg,newburgh-heights-ohio
https://www.ubereats.com/cleveland/food-delivery/ohio-city-pizzeria/A9seXl5LSxqf2HZuUNSCSw,newburgh-heights-ohio
https://www.ubereats.com/cleveland/food-delivery/teriyaki-express-superior/ACl4BwnyR6unpVj-j22aRQ,newburgh-heights-ohio
https://www.ubereats.com/cleveland/food-delivery/panda-wok-asian-cuisine-and-sushi/uxUXlE0GQKGsihQcMBfWmg,newburgh-heights-ohio
https://www.ubereats.com/cleveland/food-delivery/angies-soul-cafe/8-BimcNbQj2uiWOiuE6nXw,newburgh-heights-ohio
https://www.ubereats.com/cleveland/food-delivery/just-wing-it/GkgBS-ZgSp2v33F8T084Dg,newburgh-heights-ohio
https://www.ubereats.com/cleveland/food-delivery/tabletop-board-game-cafe/TJ4MH7ECQeeXn8lLG82cmQ,newburgh-heights-ohio
https://www.ubereats.com/cleveland/food-delivery/paradise/HEpv4Z3OSNWF8YGzZvJUzA,newburgh-heights-ohio
https://www.ubereats.com/cleveland/food-delivery/the-pearl-asian-kitchen/XoxCZkHjT-OXexVAJejwfg,newburgh-heights-ohio
https://www.ubereats.com/cleveland/food-delivery/mcdonalds-day-%26-ridge/xbLRACb9TPiWfzdR97MBBg,newburgh-heights-ohio
https://www.ubereats.com/cleveland/food-delivery/almadina-imports/dhP1mFnbRBGmB4qspYI6wQ,newburgh-heights-ohio
https://www.ubereats.com/cleveland/food-delivery/hanini-sub/g3xeP-b8TnqnG-hxJr-Dqw,newburgh-heights-ohio
https://www.ubereats.com/cleveland/food-delivery/pit-stop-grill-%26-subs/ctfib7O8R2KQQKiDz2iAkg,newburgh-heights-ohio
https://www.ubereats.com/cleveland/food-delivery/subway-13113-shaker-blvd/lvlkz6G0TmKyFKdwWMnrGg,newburgh-heights-ohio
https://www.ubereats.com/cleveland/food-delivery/jewellz-fine-dining/lDQDZSV_TnmM3Ggt9owXzQ,newburgh-heights-ohio
https://www.ubereats.com/cleveland/food-delivery/master-pizza-parma/gVC5szh5TaeWYZKpda2Nkw,newburgh-heights-ohio
https://www.ubereats.com/cleveland/food-delivery/j-pistone-market-%26-gathering-place/U-3tthqfTZqLurpL5XYLDg,newburgh-heights-ohio
https://www.ubereats.com/cleveland/food-delivery/rapid-stop-kitchen/mWZVpW_nSNSeiu2vuNYHzQ,newburgh-heights-ohio
https://www.ubereats.com/cleveland/food-delivery/kfc-taco-bell-6030-enterprise-drive/qIaNtPPoQ5KBqtmu95pXBA,newburgh-heights-ohio
https://www.ubereats.com/cleveland/food-delivery/pats-wing-queens/4hYbtQ6XRhu-rkXCPf7S0Q,newburgh-heights-ohio
https://www.ubereats.com/cleveland/food-delivery/taco-bell-200-euclid-avenue/YXUGqtEVRB-qGAn279ZMzg,newburgh-heights-ohio
https://www.ubereats.com/cleveland/food-delivery/taco-bell-5840-memphis-avenue/bgNtvtRGQ_aDzlXDyGJ8hQ,newburgh-heights-ohio
https://www.ubereats.com/cleveland/food-delivery/fleet-deli-%26-grill/TAvE_-AfRiu-hSI9WSm3Ng,newburgh-heights-ohio
https://www.ubereats.com/cleveland/food-delivery/raw-trainer/rJ8h7Q6wTiKiXSYOWv5ZLQ,newburgh-heights-ohio
https://www.ubereats.com/cleveland/food-delivery/five-guys-oh-1813-8249-w-ridgewood-dr/tzof3cnISr6IT62wOMR_iA,newburgh-heights-ohio
https://www.ubereats.com/cleveland/food-delivery/mr-hero-buckeye-road/HWQzWH7XSEe_7X3XJF1iZA,newburgh-heights-ohio
https://www.ubereats.com/cleveland/food-delivery/taco-bell-1075-west-pleasant-valley-rd/W4iZMWYPRO2ANhPYXrBiKg,newburgh-heights-ohio
https://www.ubereats.com/cleveland/food-delivery/georgios-oven-fresh-pizza-pearl-road/f61VcB4NScGkTLmhdBM_oA,newburgh-heights-ohio
https://www.ubereats.com/cleveland/food-delivery/mahalls-20-lanes/B-o5Z09QS2yd8j3343fEZA,newburgh-heights-ohio
https://www.ubereats.com/cleveland/food-delivery/cafe-bon-appetit-euclid-%26-18th-st/5nZ9OAH4TUaz-vqAUhI7fw,newburgh-heights-ohio
https://www.ubereats.com/cleveland/food-delivery/dreamz-cafe/2PqFJuWZQDS_Ex1YfAhByQ,newburgh-heights-ohio
https://www.ubereats.com/cleveland/food-delivery/mr-hero-brookpark-rd/D07rDrlGSkqvnmZ8Hr1Qlg,newburgh-heights-ohio
https://www.ubereats.com/cleveland/food-delivery/e71st-donuts/Jx4s60OwRIC1Xxu-AP-M6w,newburgh-heights-ohio
https://www.ubereats.com/cleveland/food-delivery/qs-kitchen/kho5k5SGSm2PnImhHLwQ0A,newburgh-heights-ohio
https://www.ubereats.com/cleveland/food-delivery/muncheez/xiCdoanDRyCx1zNkky-JGA,newburgh-heights-ohio
https://www.ubereats.com/cleveland/food-delivery/papa-johns-5358-turney-rd/JOv4gSLBStq1QCnNsOclZA,newburgh-heights-ohio
https://www.ubereats.com/cleveland/food-delivery/liquid-fresh-planet-clifton-rd/-ovg672LT8uHcbw3PysM1w,newburgh-heights-ohio
https://www.ubereats.com/cleveland/food-delivery/otani-noodle/cGGPZOEnSfm-kIUVdR7Jjw,newburgh-heights-ohio
https://www.ubereats.com/cleveland/food-delivery/lake-house-restaurant/EwxFTAKbS76neMrf38qakQ,newburgh-heights-ohio
https://www.ubereats.com/cleveland/food-delivery/hanini-sub/-o2K_3rpQ5qS8v5q8yDRYQ,newburgh-heights-ohio
https://www.ubereats.com/cleveland/food-delivery/shake-shack-601-euclid-ave/TfloxRHfSwC36vr-OY9nDA,newburgh-heights-ohio
https://www.ubereats.com/cleveland/food-delivery/tropical-smoothie-cafe-11322-euclid-avenue/PERwL8eJR_CmP_5aRf1zgw,newburgh-heights-ohio
https://www.ubereats.com/cleveland/food-delivery/rebol/BGbIhcLSQTSwnPzeIeuwNA,newburgh-heights-ohio
https://www.ubereats.com/cleveland/food-delivery/ihop-brookpark/xKF7ZmB9TGSwvTb9-Mphfw,newburgh-heights-ohio
https://www.ubereats.com/cleveland/food-delivery/taco-bell-10800-lorain-ave/Il74isTwTKiBnx9R2JnFqQ,newburgh-heights-ohio
https://www.ubereats.com/cleveland/food-delivery/happys-pizza-3849-w-25th-st/JbUKEWtoQLurSxbPLD4OXQ,newburgh-heights-ohio
https://www.ubereats.com/cleveland/food-delivery/j-and-j-czuchraj-meats/o8-5eGfWQBWKe1YNr1EsMw,newburgh-heights-ohio
https://www.ubereats.com/cleveland/food-delivery/ohio-city-bbq/LkaK0hEcQluun106uYVH8Q,newburgh-heights-ohio
https://www.ubereats.com/cleveland/food-delivery/popeyes-6140-broadway-ave/y9n-X8IMR2eIuT46YzIQbg,newburgh-heights-ohio
https://www.ubereats.com/cleveland/food-delivery/himalayan-restaurant/MVWrZfpUT_2VcQe9gFjzew,newburgh-heights-ohio
https://www.ubereats.com/cleveland/food-delivery/sesame-%26-soy/y_f1u9YGTPeesZA9PMIC_A,newburgh-heights-ohio
https://www.ubereats.com/cleveland/food-delivery/ohio-city-burrito-w-25th/Qnm-xn41SzSUZSj0gN2eVA,newburgh-heights-ohio
https://www.ubereats.com/cleveland/food-delivery/papa-johns-4221-fulton-rd/BM_tl41_R--8kw7Fgce2yw,newburgh-heights-ohio
https://www.ubereats.com/cleveland/food-delivery/mr-hero-garfield-heights/trTLixTRTAmCyWYNfw2PSw,newburgh-heights-ohio
https://www.ubereats.com/cleveland/food-delivery/the-carter-pub-%26-grill/odYZVy-lRPu2Xy-Wh-pPng,newburgh-heights-ohio
https://www.ubereats.com/cleveland/food-delivery/miega-korean-barbeque/hryG0Lm-TCuKvGMIBVeEow,newburgh-heights-ohio
https://www.ubereats.com/cleveland/food-delivery/southern-cafe/GN_FLh1fTn-rzQyH1K9bgg,newburgh-heights-ohio
https://www.ubereats.com/cleveland/food-delivery/boney-fingers-bbq/GGsco6agR8Kw0P9nU-zwSg,newburgh-heights-ohio
https://www.ubereats.com/cleveland/food-delivery/burger-king-1795-snow-road/kxrmo0NqT5O1Mb79x2xzjw,newburgh-heights-ohio
https://www.ubereats.com/cleveland/food-delivery/take-5-rhythm-and-jazz/yKItHQ3ARDSnuS2yS802Pw,newburgh-heights-ohio
https://www.ubereats.com/cleveland/food-delivery/barroco-madison-%26-dowd/2F54dFICRj6_knkxguqWXQ,newburgh-heights-ohio
https://www.ubereats.com/cleveland/food-delivery/dairy-queen-treat-16803-detroit-rd/DVJryDW3RmyxZaRBbtCqRg,newburgh-heights-ohio
https://www.ubereats.com/cleveland/food-delivery/harvard-wine-%26-grill/5HFmnWsPRsuA9igUGtW53A,newburgh-heights-ohio
https://www.ubereats.com/cleveland/food-delivery/adm/PmA5qPaWScqdSokqCGpstg,newburgh-heights-ohio
https://www.ubereats.com/cleveland/food-delivery/sparks-cafe-%26-grill/k-SKGL6mRmSqOpzIs9RSpw,newburgh-heights-ohio
https://www.ubereats.com/cleveland/food-delivery/the-rib-cage-smokehouse/g_iE3x_QT2aeAQF7vJoTXw,newburgh-heights-ohio
https://www.ubereats.com/cleveland/food-delivery/sky-mediterranean-lounge-%26-cuisine/WnKMA7RYTwO79rCyDfkD0g,newburgh-heights-ohio
https://www.ubereats.com/cleveland/food-delivery/taste/CSC0z2ifR7ePcDKxpuf3bQ,newburgh-heights-ohio
https://www.ubereats.com/cleveland/food-delivery/mcdonalds-106th-st-%26-lorain/FZU1xvMHSKCD6TZ0CILuHg,newburgh-heights-ohio
https://www.ubereats.com/cleveland/food-delivery/3-aprons-bakery-%26-cafe/K8uNB_eWTZGZ2fbSUAMQ6g,newburgh-heights-ohio
https://www.ubereats.com/cleveland/food-delivery/starbucks-garfield-heights/nBa44qLGRdmiH6C-bEi8dg,newburgh-heights-ohio
https://www.ubereats.com/cleveland/food-delivery/mr-hero-valley-view/OkcrMxlWSAKYQbsa2EHENQ,newburgh-heights-ohio
https://www.ubereats.com/cleveland/food-delivery/popeyes-7020-carnegie-ave/ptG8HLsTTSWsKM_uUcyTQw,newburgh-heights-ohio
https://www.ubereats.com/cleveland/food-delivery/chopsticks-express/nnYIMvUITZKlVTjQaakGsg,newburgh-heights-ohio
https://www.ubereats.com/cleveland/food-delivery/clean-eating/uvxe6uJzQRaVyfGiXtfNfQ,newburgh-heights-ohio
https://www.ubereats.com/cleveland/food-delivery/fahrenheit/RSqy0_AYQaSnEgk68XdRpw,newburgh-heights-ohio
https://www.ubereats.com/cleveland/food-delivery/black-box-fix/m8kwDTCxSfCgcriwIFOwOw,newburgh-heights-ohio
https://www.ubereats.com/cleveland/food-delivery/urban-kitchen/c37pmfMISzeveon9YWg_9A,newburgh-heights-ohio
https://www.ubereats.com/cleveland/food-delivery/panda-express-3244-steelyard-drive/kON3Gn1TQganiE0-owGV8g,newburgh-heights-ohio
https://www.ubereats.com/cleveland/food-delivery/starbucks-brooklyn-oh/32K2IW_KT0GggGaen1Wktg,newburgh-heights-ohio
https://www.ubereats.com/cleveland/food-delivery/the-crown-cafe/_q5vSZFBQlK3eWiwIVLYHQ,newburgh-heights-ohio
https://www.ubereats.com/cleveland/food-delivery/burger-king-6610-broadway/m-d_03BVSiuciePo2fCRyw,newburgh-heights-ohio
https://www.ubereats.com/cleveland/food-delivery/subway-5224-broadview-rd/nU2IdahfSsOkDcoNIy8rjA,newburgh-heights-ohio
https://www.ubereats.com/cleveland/food-delivery/big-boy-7800-granger-rd/A2rU1PNHT_6n6rPYhM7nuw,newburgh-heights-ohio
https://www.ubereats.com/cleveland/food-delivery/romeos-pizza-kamms-corners/-CYFdj72Q7Gv7eToae1o8A,newburgh-heights-ohio
https://www.ubereats.com/cleveland/food-delivery/annie-b-and-earls-place/ZVjJmHQcS-mS7lId5iiS2g,newburgh-heights-ohio
https://www.ubereats.com/cleveland/food-delivery/bombay-chaat/7vOwr7THRye4DWYztYH0oQ,newburgh-heights-ohio
https://www.ubereats.com/cleveland/food-delivery/saffron-patch/nhCKp3h7R4KL0kFqe0h_Ew,newburgh-heights-ohio
https://www.ubereats.com/cleveland/food-delivery/the-foundry-concert-club/wny2x3aNSz2NAwg6tquHWg,newburgh-heights-ohio
https://www.ubereats.com/cleveland/food-delivery/simply-greek/d5Jt2AvcT5qaqCJZwpUf2g,newburgh-heights-ohio
https://www.ubereats.com/cleveland/food-delivery/dons-lighthouse-grille/BH666CgATtan2w4nm3po5g,newburgh-heights-ohio
https://www.ubereats.com/cleveland/food-delivery/pacific-grill/sNBlXGIuSO-5CcyoFeNOnA,newburgh-heights-ohio
https://www.ubereats.com/cleveland/food-delivery/burger-king-1800-brookpark-road/b7v7R664QeS6pLjs_xUKCQ,newburgh-heights-ohio
https://www.ubereats.com/cleveland/food-delivery/burger-king-7903-granger-road/pYheyGIDQN2h8mKv4ImqMA,newburgh-heights-ohio
https://www.ubereats.com/cleveland/food-delivery/trumans-216/OKNQDrw5RZi0gwxHSa4v9Q,newburgh-heights-ohio
https://www.ubereats.com/cleveland/food-delivery/starbucks-west-sixth-street/yqy-_5HSQn2dQ_K29mzAmA,newburgh-heights-ohio
https://www.ubereats.com/cleveland/food-delivery/daves-cosmic-subs-cleveland-heights/JmZFE-WqS3qY2vYi2sLlDg,newburgh-heights-ohio
https://www.ubereats.com/cleveland/food-delivery/harvard-express/1cb94WkUTI2yAeGVMwt6-Q,newburgh-heights-ohio
https://www.ubereats.com/cleveland/food-delivery/shooters-on-the-water/GoDEtqyBT7-djiJE9Ds6oA,newburgh-heights-ohio
https://www.ubereats.com/cleveland/food-delivery/brooklyn-bbq/VYUBp_9WTxSJncX2EsHPGQ,newburgh-heights-ohio
https://www.ubereats.com/cleveland/food-delivery/angelas-family-restaurant/pOzfcK6iTcOfB4yKtCz1dA,newburgh-heights-ohio
https://www.ubereats.com/cleveland/food-delivery/pura-cepa/Chi5OYbKQoiNtQH-ccjxYw,newburgh-heights-ohio
https://www.ubereats.com/cleveland/food-delivery/kfc-14901-snow-road/Yrr69fhjScq5r_gCRvGZ7A,newburgh-heights-ohio
https://www.ubereats.com/cleveland/food-delivery/charleys-philly-steaks-230-w-huron/boq-cJ1yRP2whUnzL6hkiA,newburgh-heights-ohio
https://www.ubereats.com/cleveland/food-delivery/moes-tavern/D5U5D7EtQ-2Yvbw3z5uDzw,newburgh-heights-ohio
https://www.ubereats.com/cleveland/food-delivery/bloom-artisan-bakery/acWJ_SM4SuyPzvKXVBCoKw,newburgh-heights-ohio
https://www.ubereats.com/cleveland/food-delivery/pizza-216/v3Y2QpzISR6YHTVyqnLScw,newburgh-heights-ohio
https://www.ubereats.com/cleveland/food-delivery/angelos-nido-italia/kNA1UmTsTuiO0qoygDOwVg,newburgh-heights-ohio
https://www.ubereats.com/cleveland/food-delivery/ajs-krispy-krunch-chicken/7DGd5A56SRu9U_3Wq1FraA,newburgh-heights-ohio
https://www.ubereats.com/cleveland/food-delivery/mcdonalds-broadway-%26-ackley/dTq4NF8YS8yLqqkohQOMrQ,newburgh-heights-ohio
https://www.ubereats.com/cleveland/food-delivery/mcdonalds-brookpark-%26-tiedeman/_rv4evzvTD2Fh-o8dCHlbA,newburgh-heights-ohio
https://www.ubereats.com/cleveland/food-delivery/medos-sub-city/l529daK_RNCvOVnmWEH2HA,newburgh-heights-ohio
https://www.ubereats.com/cleveland/food-delivery/pedros-pedros-mexican-grill/DuAh9JQpRUCxJE2DDRSu5w,newburgh-heights-ohio
https://www.ubereats.com/cleveland/food-delivery/medusa-restaurant-%26-lounge-st-clair-ave-ne/s017SI1JSDWwEfHCfRft2w,newburgh-heights-ohio
https://www.ubereats.com/cleveland/food-delivery/slices-fabulous-cakes/9IL7j70LS1S1k_4VMvZcHg,newburgh-heights-ohio
https://www.ubereats.com/cleveland/food-delivery/the-rib-cage-smokehouse-bar-%26-grill-ohio-city/16sj1rxqT163Pns7gpkpcA,newburgh-heights-ohio
https://www.ubereats.com/cleveland/food-delivery/dunkin-5126-turney-rd/ZX7IK5KJTaOfURqd26hvDw,newburgh-heights-ohio
https://www.ubereats.com/cleveland/food-delivery/annapurna-indian-vegetarian-food/5kUtDtnUQHmWMSu-rNPDvA,newburgh-heights-ohio
https://www.ubereats.com/cleveland/food-delivery/le-petit-triangle-cafe/JqJtMjPwTnecuEzOzj53Cg,newburgh-heights-ohio
https://www.ubereats.com/cleveland/food-delivery/honeybaked-ham-5685-brookpark-rd/E_zdHWpZQga1xL6dfvdn5Q,newburgh-heights-ohio
https://www.ubereats.com/cleveland/food-delivery/zoup!-6901-rockside-road/W-8qciGNSl2Vuih2Eg76Hg,newburgh-heights-ohio
https://www.ubereats.com/cleveland/food-delivery/nujoy/AKacqxv_S0GQbouSNP4Mnw,newburgh-heights-ohio
https://www.ubereats.com/cleveland/food-delivery/mcdonalds-buckeye-%26-115th-st/Rgv6Sy38T6Chnm4QMiHwLQ,newburgh-heights-ohio
https://www.ubereats.com/cleveland/food-delivery/subway-10334-st-clair-ave/MhX-FjRYR3-WX4M34C6bJg,newburgh-heights-ohio
https://www.ubereats.com/cleveland/food-delivery/mcdonalds-turney-%26-elmwood/RAbb5wStRAGuO0EvE_m4Ng,newburgh-heights-ohio
https://www.ubereats.com/cleveland/food-delivery/auntie-annes-230-huron-road-nw/Cdt7RSPjTPOrUTwDVa_w1g,newburgh-heights-ohio
https://www.ubereats.com/cleveland/food-delivery/moms-deli-%26-grille/dEZUddlxSim8jY9xFQJ96Q,newburgh-heights-ohio
https://www.ubereats.com/cleveland/food-delivery/captains-grill/K9BJUOZeT_C7AMNN6gtRHg,newburgh-heights-ohio
https://www.ubereats.com/cleveland/food-delivery/kfc-22855-emery-road/nQIZsbjuQ1i5kcv1GdkUrw,newburgh-heights-ohio
https://www.ubereats.com/cleveland/food-delivery/pulp-juice-and-smoothie-bar/mWwHV6ybTXy-KV2PKvn-NQ,newburgh-heights-ohio
https://www.ubereats.com/cleveland/food-delivery/ocho-rios-true-island-cuisine/TzEKUQkGQMWhA2VscU0stg,newburgh-heights-ohio
https://www.ubereats.com/cleveland/food-delivery/mcdonalds-denison-%26-pearl/R7k392_TTZWtwTeXZF0QFA,newburgh-heights-ohio
https://www.ubereats.com/cleveland/food-delivery/the-south-side/18fhPmxqRmC9Qx3VZ6asRw,newburgh-heights-ohio
https://www.ubereats.com/cleveland/food-delivery/euro-wafel/6f3J5xqcQB6-kNpklkr2RA,newburgh-heights-ohio
https://www.ubereats.com/cleveland/food-delivery/lago-east-bank/6VM6uY0mRTe74cDVP1h6nA,newburgh-heights-ohio
https://www.ubereats.com/cleveland/food-delivery/assads-mediterranean-cuisine/2J3w89xuRdSXao8I9yvAjw,newburgh-heights-ohio
https://www.ubereats.com/cleveland/food-delivery/rotasu-hibachi-carry-out-broadway-ave/I_CPmnBmTRackywtkp8NsA,newburgh-heights-ohio
https://www.ubereats.com/cleveland/food-delivery/pho-lees/pMdgZwuOTi6cb9hUNFMQvg,newburgh-heights-ohio
https://www.ubereats.com/cleveland/food-delivery/steak-n-shake-3294-steelyard-drive/RNlRvaj8Qc-To_F00srhBg,newburgh-heights-ohio
https://www.ubereats.com/cleveland/food-delivery/biryani-house-indian-restaurant/5prux9OsQ5imAT_UIvx2hg,newburgh-heights-ohio
https://www.ubereats.com/cleveland/food-delivery/johnnys-bar/zQcTFiSdTWiMZ78Ku_tGQQ,newburgh-heights-ohio
https://www.ubereats.com/cleveland/food-delivery/papa-johns-pizza-6058-broadview-rd/cSjJTHwlQ666UonP3JB1Xg,newburgh-heights-ohio
https://www.ubereats.com/cleveland/food-delivery/lorain-food-mart/lEFbpSUXRSSJWU70jpsnWQ,newburgh-heights-ohio
https://www.ubereats.com/cleveland/food-delivery/sauce-the-city-cleveland/zGOOq8DYTV6rCkpu9km6iQ,newburgh-heights-ohio
https://www.ubereats.com/cleveland/food-delivery/burntwood-tavern-lyndhurst/P7CHGDkpS8CdJxJDErJ45w,newburgh-heights-ohio
https://www.ubereats.com/cleveland/food-delivery/the-oasis-pub-and-grill/QE-zmuxeRbqpJZHrZx034w,newburgh-heights-ohio
https://www.ubereats.com/cleveland/food-delivery/big-mammas-burritos/zgy6cWZuQsiip5yLj3CDcQ,newburgh-heights-ohio
https://www.ubereats.com/cleveland/food-delivery/chapati-indian-grill-chester/2zHlmiokSkqwcVeECUZ_yw,newburgh-heights-ohio
https://www.ubereats.com/cleveland/food-delivery/steak-n-shake-6880-ridge-road/tBAwRUsXTYmCyKMKxAhdKw,newburgh-heights-ohio
https://www.ubereats.com/cleveland/food-delivery/subway-4984-turney-rd/WAhOJHOfRZK1ap5bYnzPQw,newburgh-heights-ohio
https://www.ubereats.com/cleveland/food-delivery/vienna-market-deli/MwPOCjgSTJOIKi-Gy6NxgQ,newburgh-heights-ohio
https://www.ubereats.com/cleveland/food-delivery/subway-3400-steelyard-dr/UPNezrQGRTqQqk_93XImfA,newburgh-heights-ohio
https://www.ubereats.com/cleveland/food-delivery/pats-wing-queens/Skn45iPkRkij7tOx9ATXDQ,newburgh-heights-ohio
https://www.ubereats.com/cleveland/food-delivery/hecks-cafe-ohio-city/7GMh16IwSnqPCtWl0TPVAg,newburgh-heights-ohio
https://www.ubereats.com/cleveland/food-delivery/the-ivy/Qf2e_wQ1SliszlJzo-phUg,newburgh-heights-ohio
https://www.ubereats.com/cleveland/food-delivery/oven-fresh-79th-st/P4ZMB1AlQReHGXgjjImIow,newburgh-heights-ohio
https://www.ubereats.com/cleveland/food-delivery/papa-johns-3034-w-25th-st/rhVL7TmLRG6zEFTRPoFvvQ,newburgh-heights-ohio
https://www.ubereats.com/cleveland/food-delivery/natures-oasis/KwOhahTGTdelk2ARigkgRg,newburgh-heights-ohio
https://www.ubereats.com/cleveland/food-delivery/dinerbar-on-clifton/ameiq2-FRKS3INwGrJI7HA,newburgh-heights-ohio
https://www.ubereats.com/cleveland/food-delivery/outback-steakhouse-6100-rockside-place/l9mNFptaRkaJR69wkX99Nw,newburgh-heights-ohio
https://www.ubereats.com/cleveland/food-delivery/subway-3494-west-25th-ave/86H3VjngQfuhNYEEsLjM7w,newburgh-heights-ohio
https://www.ubereats.com/cleveland/food-delivery/karls-inn-of-the-barristers/iCd5D5kNT2ShZnG_xC3lsQ,newburgh-heights-ohio
https://www.ubereats.com/cleveland/food-delivery/lakewood-burgers-%26-chicken/_xMrCh6tR6mQXbleTovMAA,newburgh-heights-ohio
https://www.ubereats.com/cleveland/food-delivery/burger-king-4869-turney-road/SmK4hYR2QOyWg9Ld-khoxg,newburgh-heights-ohio
https://www.ubereats.com/cleveland/food-delivery/luna-bakery-cafe/AzXJcq9pTTewcVztq4bmwA,newburgh-heights-ohio
https://www.ubereats.com/cleveland/food-delivery/kennys-tavern/TuRKuea4StykQUaLcmOJhQ,newburgh-heights-ohio
https://www.ubereats.com/cleveland/food-delivery/theresas-bakery/qPnqmdvOS5albOZiBOWNhg,newburgh-heights-ohio
https://www.ubereats.com/cleveland/food-delivery/popeyes-2903-clark-ave/xSKRovSOSA2xQmUr-pgKcA,newburgh-heights-ohio
https://www.ubereats.com/cleveland/food-delivery/melt-bar-%26-grilled-independence/jSDq4dloTM68LTYHJz3Xzg,newburgh-heights-ohio
https://www.ubereats.com/cleveland/food-delivery/la-plaza-supermarket/TWcRt_25S3GEU3APVb6AYA,newburgh-heights-ohio
https://www.ubereats.com/cleveland/food-delivery/cafe-tandoor/TfB6HaPmQvKIea3pumcIcQ,newburgh-heights-ohio
https://www.ubereats.com/cleveland/food-delivery/taco-bell-5780-broadview-rd/RTf3CH6wSkyG9z6Q-MenYg,newburgh-heights-ohio
https://www.ubereats.com/cleveland/food-delivery/primoz-pizza/8fojBrEmR42NF5AkrQFAtQ,newburgh-heights-ohio
https://www.ubereats.com/cleveland/food-delivery/rallys-2585-e-55th-street/4KZL4QnCQlGdcx18Ma7Qwg,newburgh-heights-ohio
https://www.ubereats.com/cleveland/food-delivery/taza-a-lebanese-grill-downtown/CTxnvxF3RqiezCqPA_nQjw,newburgh-heights-ohio
https://www.ubereats.com/cleveland/food-delivery/mr-hero-brooklyn/BSVHPU-0St678A_ccT2KhQ,newburgh-heights-ohio
https://www.ubereats.com/cleveland/food-delivery/galluccis/GezpMf2gTciuKeAhebHy3Q,newburgh-heights-ohio
https://www.ubereats.com/cleveland/food-delivery/szecchuan-cafe/RC3irsIdR_Cd8F85Uf1FHg,newburgh-heights-ohio
https://www.ubereats.com/cleveland/food-delivery/sweet-moses/cxtt5STJQn-p816GyfnSaw,newburgh-heights-ohio
https://www.ubereats.com/cleveland/food-delivery/shooters-on-the-water/4MmQuQeORBm1S8SC5bE2zA,newburgh-heights-ohio
https://www.ubereats.com/cleveland/food-delivery/gyro-guys/DKZxUve9QmaurWhpCtcutg,newburgh-heights-ohio
https://www.ubereats.com/cleveland/food-delivery/rallys-3040-carnegie-ave/l8v3xh7PTbWZ4DeD27VaWw,newburgh-heights-ohio
https://www.ubereats.com/cleveland/food-delivery/taco-bell-3314-steelyard-drive/jVtLY5RHT4a9f0JNYubnFQ,newburgh-heights-ohio
https://www.ubereats.com/cleveland/food-delivery/best-steak-and-gyros/Sde3f4WNQvSm7zy9UbwwlQ,newburgh-heights-ohio
https://www.ubereats.com/cleveland/food-delivery/subway-1628-w-117th-st/cny_2FXKSsWYTHkkVUC6DQ,newburgh-heights-ohio
https://www.ubereats.com/cleveland/food-delivery/mcdonalds-snow-%26-park/O4yAbQnPQY2gRQQAC1Ubuw,newburgh-heights-ohio
https://www.ubereats.com/cleveland/food-delivery/chipotle-mexican-grill-4015-richmond-rd/HbAbV1q8QyqR8NtC64B2mw,newburgh-heights-ohio
https://www.ubereats.com/cleveland/food-delivery/duck-donuts-200-park-ave-suite-140/Ui9X2brVSVC-vFJEecVA2w,newburgh-heights-ohio
https://www.ubereats.com/cleveland/food-delivery/madison-take-out/SmDByXKuSymLvRkBUc_ZCA,newburgh-heights-ohio
https://www.ubereats.com/cleveland/food-delivery/fuji-grill-buffet/cOS_1c4_TV6oxGUM-WwL4A,newburgh-heights-ohio
https://www.ubereats.com/cleveland/food-delivery/east-end-restaurant/ULp0klH6SEydCz1F-7UkNQ,newburgh-heights-ohio
https://www.ubereats.com/cleveland/food-delivery/mcdonalds-pearl-%26-luelda/IY6qWyknQYiFxfiC2LcK0A,newburgh-heights-ohio
https://www.ubereats.com/cleveland/food-delivery/burgerim-11419-euclid-ave/W82W7MOcSIWkshToU-lbxw,newburgh-heights-ohio
https://www.ubereats.com/cleveland/food-delivery/china-dragon/EL_EieT8S5eJ7S7MpxHaVw,newburgh-heights-ohio
https://www.ubereats.com/cleveland/food-delivery/mulberrys-pizza/noCfUWf8QheRibGerL6Yqw,newburgh-heights-ohio
https://www.ubereats.com/cleveland/food-delivery/dj-salad/iuEkHdNGT5KtKFzr9qPBsw,newburgh-heights-ohio
https://www.ubereats.com/cleveland/food-delivery/ohio-city-subs/Urr1dKoBTaGFwHP0TK5gBQ,newburgh-heights-ohio
https://www.ubereats.com/cleveland/food-delivery/papa-johns-6701-royalton-road/vLqeYwUfR0CGHZ4cFwvoqQ,newburgh-heights-ohio
https://www.ubereats.com/cleveland/food-delivery/stellas-restaurant/2AZDXqPZSaWvs2txoSY2CQ,newburgh-heights-ohio
https://www.ubereats.com/cleveland/food-delivery/subway-6494-brecksville-rd/t4eQP9H-QFqIf6Bg2WMbNg,newburgh-heights-ohio
https://www.ubereats.com/cleveland/food-delivery/chipotle-mexican-grill-9761-vista-way/YHtyJFjxTcaQ7_wLSyQ8og,newburgh-heights-ohio
https://www.ubereats.com/cleveland/food-delivery/victory-alley/M3KHb3rTSd6yuC2Iz_pyGg,newburgh-heights-ohio
https://www.ubereats.com/cleveland/food-delivery/zanzibar-prospect-ave/JNnGh3UxTC2ClD1DZ3mtTQ,newburgh-heights-ohio
https://www.ubereats.com/cleveland/food-delivery/ohio-kabob-grill/z978QtcKSAm_b7lD0YbBUw,newburgh-heights-ohio
https://www.ubereats.com/cleveland/food-delivery/smash-deli/JN0zVz7vQPyrAm8GbBGU-g,newburgh-heights-ohio
https://www.ubereats.com/cleveland/food-delivery/la-breakfast-club/D71mmIf-RuOctYMrb0RMTw,newburgh-heights-ohio
https://www.ubereats.com/cleveland/food-delivery/kfc-4001-mayfield/ALAcFLwtT--qTTr9e42iOQ,newburgh-heights-ohio
https://www.ubereats.com/cleveland/food-delivery/ohio-city-burrito-downtown/P6X0VzgvS_mC1LNNHmYEgQ,newburgh-heights-ohio
https://www.ubereats.com/cleveland/food-delivery/red-walter-bar-b-q/HMX-OPJzQiGqyWgn99QGSA,newburgh-heights-ohio
https://www.ubereats.com/cleveland/food-delivery/rallys-6201-brookpark-road/OhBzt07dR_amwjy-DVfWbw,newburgh-heights-ohio
https://www.ubereats.com/cleveland/food-delivery/the-big-egg/I7gXu_H1RNiQVQv3DpiVSA,newburgh-heights-ohio
https://www.ubereats.com/cleveland/food-delivery/jordans-family-restaurant/q0DwidBgTVG3TcbGiCe5PA,newburgh-heights-ohio
https://www.ubereats.com/cleveland/food-delivery/sam-sylk-chicken-and-fish-shaker-heights-2/F0dDsHEKRyWxd8v1j9zQHA,newburgh-heights-ohio
https://www.ubereats.com/cleveland/food-delivery/rolls-delight/yDq6nz-jQfWFIFRWeWLUQA,newburgh-heights-ohio
https://www.ubereats.com/cleveland/food-delivery/starbucks-11302-euclid-avenue/4reFe6IOS42Vl6YOtI-QfA,newburgh-heights-ohio
https://www.ubereats.com/cleveland/food-delivery/the-pizza-bagel-lady/BJsANm0_Tr69SIExMB9M-w,newburgh-heights-ohio
https://www.ubereats.com/cleveland/food-delivery/greedys/RKMMgVAXTM6lrFGl3kxyQQ,newburgh-heights-ohio
https://www.ubereats.com/cleveland/food-delivery/kifayas-kitchen/nGKD-WXXRMmpKfz4tbVlyQ,newburgh-heights-ohio
https://www.ubereats.com/cleveland/food-delivery/ipoke-cleveland/sNZiLd-_T1SIDxxDXkueSQ,newburgh-heights-ohio
https://www.ubereats.com/cleveland/food-delivery/kernels-by-chrissie/30Hm0CygSoill8fIFpQy4A,newburgh-heights-ohio
https://www.ubereats.com/cleveland/food-delivery/teriyaki-express-denison-ave-cleveland-oh/TPlyzedNR4WdiEjJWexVAg,newburgh-heights-ohio
https://www.ubereats.com/cleveland/food-delivery/mcdonalds-kinsman-%26-91st-st/g71wwq9qTLKDUdXltBmN0w,newburgh-heights-ohio
https://www.ubereats.com/cleveland/food-delivery/teriyaki-express-warrensville-center/gjLVaiS0SRyuqlxAgF4CNA,newburgh-heights-ohio
https://www.ubereats.com/cleveland/food-delivery/best-thing-smokin-bbq/jzFOXxCyRC2T4o5la8kOMA,newburgh-heights-ohio
https://www.ubereats.com/cleveland/food-delivery/burgers-2-beer/aTxTfi7XQbyO8-Ls7iW1mA,newburgh-heights-ohio
https://www.ubereats.com/cleveland/food-delivery/literary-tavern/HqqwxAKXSnKEkGWjiIjXow,newburgh-heights-ohio
https://www.ubereats.com/cleveland/food-delivery/taco-bell-4660-northfield-rd/Y1G2_bd2RJKzKIwisLvFTA,newburgh-heights-ohio
https://www.ubereats.com/cleveland/food-delivery/mallorca/DE9a8qtTRzqCHzZYglJ-5Q,newburgh-heights-ohio
https://www.ubereats.com/cleveland/food-delivery/the-corner-alley/kzIUkex5R4qQWBU5H02Gyw,newburgh-heights-ohio
https://www.ubereats.com/cleveland/food-delivery/dairy-queen-treat-5501-memphis-ave/sfzVuCuNSU6zylp70rZmww,newburgh-heights-ohio
https://www.ubereats.com/cleveland/food-delivery/red-lobster-7607-day-drive/Xc8-0XtcT8uNAfRA3jtEgQ,newburgh-heights-ohio
https://www.ubereats.com/cleveland/food-delivery/panda-express-6895-ridge-road/xbLu_rC1SkGgweTj-DNCCg,newburgh-heights-ohio
https://www.ubereats.com/cleveland/food-delivery/guthries-chicken-fingers/Gp5S-NBITBGyL5fG4O6mDA,newburgh-heights-ohio
https://www.ubereats.com/cleveland/food-delivery/wonton-gourmet-%26-bbq/Hq-iUmpuTZqhe1rL_5OFrg,newburgh-heights-ohio
https://www.ubereats.com/cleveland/food-delivery/angies-soul-cafe-emery-rd/UuqHGf6-TuadiGZjnzADNw,newburgh-heights-ohio
https://www.ubereats.com/cleveland/food-delivery/texas-de-brazil-woodmere/SSsviRT-SAeoJ01hmPnNOg,newburgh-heights-ohio
https://www.ubereats.com/cleveland/food-delivery/davis-bakery-and-delicatessen/fde-QkayRQSH0kEal1kxAw,newburgh-heights-ohio
https://www.ubereats.com/cleveland/food-delivery/helio-terra-vegan/MS9lTNA4TUuhHroZoX31sg,newburgh-heights-ohio
https://www.ubereats.com/cleveland/food-delivery/tasty-gyro/zzwKbtVKR1a8tCrhMvq8JA,newburgh-heights-ohio
https://www.ubereats.com/cleveland/food-delivery/hooley-house-sports-pub-%26-grille/7WX1uYobRlaJrgQB0OkzUA,newburgh-heights-ohio
https://www.ubereats.com/cleveland/food-delivery/mcdonalds-rockside-%26-turney/twQDFKBnR_aCU_IvPzOtRw,newburgh-heights-ohio
https://www.ubereats.com/cleveland/food-delivery/thai-gourmet/pEz3CdQyQoKasfHdDM9-ag,newburgh-heights-ohio
https://www.ubereats.com/cleveland/food-delivery/cleveland-vegan/mh5YdTeJTNe2sbhBRVuhKw,newburgh-heights-ohio
https://www.ubereats.com/cleveland/food-delivery/china-house/AMuLKdPpQWiYUWYeUI4IvQ,newburgh-heights-ohio
https://www.ubereats.com/cleveland/food-delivery/sainatos-restaurant/lg0_dDvFTwKEZoRGdojMhA,newburgh-heights-ohio
https://www.ubereats.com/cleveland/food-delivery/starbucks-cedar-road-cleveland-heights/wDsGhoMdTXKCb_pyJvOWOA,newburgh-heights-ohio
https://www.ubereats.com/cleveland/food-delivery/crust/iNmZBUzsSP22IoKQEkkqfw,newburgh-heights-ohio
https://www.ubereats.com/cleveland/food-delivery/toasty-subs/1Fm1syy1T4iM9S_s8z_-1w,newburgh-heights-ohio
https://www.ubereats.com/cleveland/food-delivery/primoz-pizza/pMTVIzRbTy2p0kfaR8uYzg,newburgh-heights-ohio
https://www.ubereats.com/cleveland/food-delivery/corbos-pasta-and-pizza-house/YiTuhTCCQtmXKR9UpXVtoA,newburgh-heights-ohio
https://www.ubereats.com/cleveland/food-delivery/chipotle-mexican-grill-16729-lorain-ave/iMjS6ikVSG6OFWe-jkctCQ,newburgh-heights-ohio
https://www.ubereats.com/cleveland/food-delivery/geppettos-pizza-%26-ribs/pkKzc4reRWKJU5QrO6gQLA,newburgh-heights-ohio
https://www.ubereats.com/cleveland/food-delivery/rallys-11607-buckeye-rd/W151sENtQ2esFoVxcZ96Xw,newburgh-heights-ohio
https://www.ubereats.com/cleveland/food-delivery/graeters-ice-cream-pinecrest/DlDEFfDoTeiUsPdR6DYeLg,newburgh-heights-ohio
https://www.ubereats.com/cleveland/food-delivery/yemen-gate-restaurant/NzG5XbO0QIiyTBtDL0NWiw,newburgh-heights-ohio
https://www.ubereats.com/cleveland/food-delivery/rallys-6430-broadway-ave/zRyCdAKWTqCnbCIFYjM8zg,newburgh-heights-ohio
https://www.ubereats.com/cleveland/food-delivery/nicks-diner/8FPaFDYaTRGDENWW0BsI_Q,newburgh-heights-ohio
https://www.ubereats.com/cleveland/food-delivery/burger-king-11790-madison-avenue/tddCF_xCQk6mmxZQleVzpQ,newburgh-heights-ohio
https://www.ubereats.com/cleveland/food-delivery/christophers-pub/KVgG7VvdThybdwUijyzKFQ,newburgh-heights-ohio
https://www.ubereats.com/cleveland/food-delivery/quisqueya-latin-cuisine/CBNIlPsUT42uRhGmKQajIg,newburgh-heights-ohio
https://www.ubereats.com/cleveland/food-delivery/dinas-pizza-%26-pub/SMZYFp-3QCaS_frYpxBenA,newburgh-heights-ohio
https://www.ubereats.com/cleveland/food-delivery/skeets-bar-%26-grill/-0rapt2DQcCZC11_N7hC3w,newburgh-heights-ohio
https://www.ubereats.com/cleveland/food-delivery/sichuan-hot-pot-%E4%B9%9D%E5%AF%A8%E6%BA%9D%E7%81%AB%E9%94%85%E5%B7%9D%E8%8F%9C/Hj8GMUjiR82fdJruSMHj1w,newburgh-heights-ohio
https://www.ubereats.com/cleveland/food-delivery/mcdonalds-puritas-%26-143rd-st/oZih4rBFQDeZbPbVbJtGyQ,newburgh-heights-ohio
https://www.ubereats.com/cleveland/food-delivery/dunkin-8000-carnegie-ave/CeRuOjgSTLuFxZ8OIVI1PA,newburgh-heights-ohio
https://www.ubereats.com/cleveland/food-delivery/yours-truly-restaurant-beachwood/K47k1DpURGSEXPeB6M8poQ,newburgh-heights-ohio
https://www.ubereats.com/cleveland/food-delivery/potbelly-sandwich-shop-independence-%7C-299/OnyWLKVDQASyfdiCAbGtmA,newburgh-heights-ohio
https://www.ubereats.com/cleveland/food-delivery/siam-cafe/o-1zsVHNSTKr687tVEwwJg,newburgh-heights-ohio
https://www.ubereats.com/cleveland/food-delivery/indian-flame/7mACF9VITPGJl1srErx6dw,newburgh-heights-ohio
https://www.ubereats.com/cleveland/food-delivery/mr-hero-6210-broadway-ave/CJJoThxhSJCuvgDJhN9ZVQ,newburgh-heights-ohio
https://www.ubereats.com/cleveland/food-delivery/burger-king-8515-euclid-avenue/F3jQ_tdOScSpz6k8Zcs9iA,newburgh-heights-ohio
https://www.ubereats.com/cleveland/food-delivery/taco-tontos/kDBPjebwSO2xKchqwleHBA,newburgh-heights-ohio
https://www.ubereats.com/cleveland/food-delivery/flyingfig-market-at-the-fig/jDxxhPHeTT2kgB_tBN8bFA,newburgh-heights-ohio
https://www.ubereats.com/cleveland/food-delivery/burger-king-3299-steelyard/8OIPZTsiTQ2rztBXYqW9xw,newburgh-heights-ohio
https://www.ubereats.com/cleveland/food-delivery/artefino-cafe-%26-art-gallery/c7uEIlFrQbKF7RrrktVuPA,newburgh-heights-ohio
https://www.ubereats.com/cleveland/food-delivery/taco-bell-3776-w-150th-street/GkRvsiu_QjquDGadQrSSQg,newburgh-heights-ohio
https://www.ubereats.com/cleveland/food-delivery/smooth-rider-smoothies/UQcW95CpRcqadnG51SWxvg,newburgh-heights-ohio
https://www.ubereats.com/cleveland/food-delivery/mcdonalds-detroit-%26-74th-st/_aD-X-E6Rw6b5iDGMCdSgw,newburgh-heights-ohio
https://www.ubereats.com/cleveland/food-delivery/damascus-gate/-I0SkxpbTxKbMD0OX7-kEg,newburgh-heights-ohio
https://www.ubereats.com/cleveland/food-delivery/yum-yums-of-cleveland/AXAWP29PRBylfo8wdDsR7g,newburgh-heights-ohio
https://www.ubereats.com/cleveland/food-delivery/sonic-5836-mayfield-road/TTjUG9PtQUGM009MlJ67Lg,newburgh-heights-ohio
https://www.ubereats.com/cleveland/food-delivery/porcellis-italian-bistro/F1wisKVyRBaFOFoYISYSFQ,newburgh-heights-ohio
https://www.ubereats.com/cleveland/food-delivery/krispy-kreme-pearl-rd-%26-smith-rd/WHshI9QHRcWsLKuU1nQZVA,newburgh-heights-ohio
https://www.ubereats.com/cleveland/food-delivery/chipotle-mexican-grill-11638-clifton-blvd/mkiu0D4LTTOK5qs2XSGOfQ,newburgh-heights-ohio
https://www.ubereats.com/cleveland/food-delivery/the-kitchen/UNYQch7URgmudZJBDqXkuA,newburgh-heights-ohio
https://www.ubereats.com/cleveland/food-delivery/wendys-6899-rockside-road/32VSrUaJQia1JaCc8pedKA,newburgh-heights-ohio
https://www.ubereats.com/cleveland/food-delivery/shelias-bar-%26-grille/FUYBq1xAQa-ReJB53If2Ow,newburgh-heights-ohio
https://www.ubereats.com/cleveland/food-delivery/phat-boyz-bbq/AoBQ_xloRE-bdi6jYc1D_A,newburgh-heights-ohio
https://www.ubereats.com/cleveland/food-delivery/the-madison-grille/XScmj67VR-W4Bul6dXpG4w,newburgh-heights-ohio
https://www.ubereats.com/cleveland/food-delivery/pf-changs-26001-chagrin-blvd/sT2p1SBiS3WCQpYXll3b4w,newburgh-heights-ohio
https://www.ubereats.com/cleveland/food-delivery/bob-evans-28-5980-rockside-road/Mq55J4hgSO20e0frzlFtaw,newburgh-heights-ohio
https://www.ubereats.com/cleveland/food-delivery/zoup!-richmond-road/v8NqSjGFQdKjlm5G-SSF7A,newburgh-heights-ohio
https://www.ubereats.com/cleveland/food-delivery/margaritaville-cleveland/v5HrrY2aToqY_VjxvioJUw,newburgh-heights-ohio
https://www.ubereats.com/cleveland/food-delivery/hunan-one/3_2rjKtZTAuDMRzvdgFhiQ,newburgh-heights-ohio
https://www.ubereats.com/cleveland/food-delivery/quaker-steak-%26-lube-5935-canal-road/CPAOCGPETy2Z7O98poxCNg,newburgh-heights-ohio
https://www.ubereats.com/cleveland/food-delivery/on-the-rise-artisan-bread-%26-pastries/31heu6PASza6nbNtAH5eDA,newburgh-heights-ohio
https://www.ubereats.com/cleveland/food-delivery/lonnies-boy/dEFi75cESjSGGpV0odB-yA,newburgh-heights-ohio
https://www.ubereats.com/cleveland/food-delivery/go-nuts-donuts/zMNpBU3-QQu3PVq1DVg4Og,newburgh-heights-ohio
https://www.ubereats.com/cleveland/food-delivery/mcdonalds-117th-st-%26-detroit/SR8YL6TiTzigCxruKNd42g,newburgh-heights-ohio
https://www.ubereats.com/cleveland/food-delivery/mcdonalds-memphis-%26-56th-st/-_PylaCiRYSgtF-t7dTr3w,newburgh-heights-ohio
https://www.ubereats.com/cleveland/food-delivery/pastrynow-limited/lKWfD4mzReS-KulqkicR4g,newburgh-heights-ohio
https://www.ubereats.com/cleveland/food-delivery/mcdonalds-55th-st-%26-superior/JsH9x4aZQsSeVXEhl0xhXA,newburgh-heights-ohio
https://www.ubereats.com/cleveland/food-delivery/anna-in-the-raw/Ioot8f5dRuuBHnL9gGOVmQ,newburgh-heights-ohio
https://www.ubereats.com/cleveland/food-delivery/hashtag-soul-food/IEt54fOFRtm7nmse33XN9Q,newburgh-heights-ohio
https://www.ubereats.com/cleveland/food-delivery/a-cookie-and-a-cupcake/QTDJqQPmRzOJPPNyd8P6hw,newburgh-heights-ohio
https://www.ubereats.com/cleveland/food-delivery/hansa-brewery/fb_rZTLkTaKx2ZFDMqehUQ,newburgh-heights-ohio
https://www.ubereats.com/cleveland/food-delivery/chipotle-mexican-grill-224-euclid-ave/isXTe43LTTS7kd4UMgFpRw,newburgh-heights-ohio
https://www.ubereats.com/cleveland/food-delivery/taco-bell-6447-north-royalton-rd/xg2H9q_5T7eUMlZePKM0ug,newburgh-heights-ohio
https://www.ubereats.com/cleveland/food-delivery/menchies-frozen-yogurt-4748-ridge-rd/6jFfMgVxSLmbzfcsdb9TiA,newburgh-heights-ohio
https://www.ubereats.com/cleveland/food-delivery/voodoo-tuna/tXKe66q5RsCUUMWw3FdxtQ,newburgh-heights-ohio
https://www.ubereats.com/cleveland/food-delivery/happys-pizza/3ITiKeFkSQmDNEaGXKCMTA,newburgh-heights-ohio
https://www.ubereats.com/cleveland/food-delivery/rallys-1481-west-117th-street/mkqBJBBxRkOZpCT65ZjDjg,newburgh-heights-ohio
https://www.ubereats.com/cleveland/food-delivery/taco-bell-1531-w-117th-street/AE2tW3zwQGmDub4AaDKgbg,newburgh-heights-ohio
https://www.ubereats.com/cleveland/food-delivery/arbys-1441-snow-rd/1T5Khy7XThSynAU0AklzuQ,newburgh-heights-ohio
https://www.ubereats.com/cleveland/food-delivery/pacific-east-japanese-restaurant/I4Ca0-35QtG29329pJkraQ,newburgh-heights-ohio
https://www.ubereats.com/cleveland/food-delivery/boston-market-1350-w-pleasant-valley-rd/LnlGVmT0Rx2XVHJESiBtvg,newburgh-heights-ohio
https://www.ubereats.com/cleveland/food-delivery/the-ice-cream-shop/jdkJ3F_sQYCQbuNvCigfWQ,newburgh-heights-ohio
https://www.ubereats.com/cleveland/food-delivery/a-taste-of-tashia/q0huVe3TRcyyqzbOE9boLQ,newburgh-heights-ohio
https://www.ubereats.com/cleveland/food-delivery/zocalo-tequileria/eotPipCMQBmx4MAS7BiBKA,newburgh-heights-ohio
https://www.ubereats.com/cleveland/food-delivery/chipotle-mexican-grill-6901-rockside-rd-ste-13/brUQ8BjzQhmqCBQq9g99ig,newburgh-heights-ohio
https://www.ubereats.com/cleveland/food-delivery/outback-steakhouse-6950-ridge-road/tPw-ghJYQD--ebK8FBZjmA,newburgh-heights-ohio
https://www.ubereats.com/cleveland/food-delivery/mr-hero-st-clair-%26-77th-st/iXV2dUuSSEq8P1_lvnn4xw,newburgh-heights-ohio
https://www.ubereats.com/cleveland/food-delivery/fresh-and-meaty-burgers/JWGHND2QSFShHkB2oxs9FQ,newburgh-heights-ohio
https://www.ubereats.com/cleveland/food-delivery/fresh-catch-seafood-express/sRh5dLS4RUOPxtSuYRkgWg,newburgh-heights-ohio
https://www.ubereats.com/cleveland/food-delivery/mcdonalds-lee-%26-judson/YXqbLxbtSxGENNsvbP9mHQ,newburgh-heights-ohio
https://www.ubereats.com/cleveland/food-delivery/seballos-pastries/rXPDEsc5SQS96ETuI6ImZA,newburgh-heights-ohio
https://www.ubereats.com/cleveland/food-delivery/buffalo-wild-wings-26200-harvard-rd/NJsvFt4nRNGm6nsIgX6kzw,newburgh-heights-ohio
https://www.ubereats.com/cleveland/food-delivery/boaz-cafe/Dn0ehkBaR6SGyu3HRtkteA,newburgh-heights-ohio
https://www.ubereats.com/cleveland/food-delivery/corner-11-bowl-%26-wrap/eAYkhF7wTF-0SBHp3Y1XBw,newburgh-heights-ohio
https://www.ubereats.com/cleveland/food-delivery/dickeys-barbeque-7769-day-drive/rOBLVgfkSd2Qx1_S579DLg,newburgh-heights-ohio
https://www.ubereats.com/cleveland/food-delivery/beyond-juicery-and-eatery-cleveland/bgjsw0XyR5-4Dkc7GcFl_Q,newburgh-heights-ohio
https://www.ubereats.com/cleveland/food-delivery/kfc-5380-pearl-road/NhDu-sHMSsePAIhn8ZYGQw,newburgh-heights-ohio
https://www.ubereats.com/cleveland/food-delivery/krispy-krunchy-chicken-1712-e-55th-st/OjI_HX0tQoiOUFGLUTQmIQ,newburgh-heights-ohio
https://www.ubereats.com/cleveland/food-delivery/bonkers-cafe/FAfW0UPuT4-XZO9Ka4o3Aw,newburgh-heights-ohio
https://www.ubereats.com/cleveland/food-delivery/the-bean-shop-inc/jyqPu_lFS9yydNRpZ93LXQ,newburgh-heights-ohio
https://www.ubereats.com/cleveland/food-delivery/broadway-pizza/PqfMUb3MQPa8RenL81fwWw,newburgh-heights-ohio
https://www.ubereats.com/cleveland/food-delivery/luckys-cafe/k4Pt61iRQoGHwiT4uR-hnQ,newburgh-heights-ohio
https://www.ubereats.com/cleveland/food-delivery/potbelly-sandwich-shop-uptown-%7C-327/YppVsip-Q0yMU26dJ6ph2Q,newburgh-heights-ohio
https://www.ubereats.com/cleveland/food-delivery/kumo-japanese-seafood-buffet/RfCtM7nRSA6HRY9BXi14pA,newburgh-heights-ohio
https://www.ubereats.com/cleveland/food-delivery/papa-johns-pizza-5707-mayfield-rd/pXn7vH5pQDa8PSKEvy8kxg,newburgh-heights-ohio
https://www.ubereats.com/cleveland/food-delivery/teresas-pizza2165-s-taylor-rd/HETPRKKrQmibEg6FQvrOxQ,newburgh-heights-ohio
https://www.ubereats.com/cleveland/food-delivery/wendys-5251-turney-road/v9mHg7XBQlqPjZtoF8pPNg,newburgh-heights-ohio
https://www.ubereats.com/cleveland/food-delivery/cracker-barrel-old-country-store-5100-tiedeman-rd/QvPZwZqJS928MsXPwQ9msA,newburgh-heights-ohio
https://www.ubereats.com/cleveland/food-delivery/cilantro-taqueria/jruxBLw2RMCUhI5TsJyEig,newburgh-heights-ohio
https://www.ubereats.com/cleveland/food-delivery/la-morenita-restaurant/kB8_MIlbTRKrqVBjFDIrCg,newburgh-heights-ohio
https://www.ubereats.com/cleveland/food-delivery/senorita-bonitas-mexican-grill-%26-cantina/1ZlrUHd9SyGbbe3DUyo4pA,newburgh-heights-ohio
https://www.ubereats.com/cleveland/food-delivery/bds-mongolian-grill-coventry-%26-euclid-heights/szf9aNNjR5ScoxGauQfSKQ,newburgh-heights-ohio
https://www.ubereats.com/cleveland/food-delivery/szechuan-gourmet/KEId9ff9QbajzS7o1-arOA,newburgh-heights-ohio
https://www.ubereats.com/cleveland/food-delivery/chipotle-mexican-grill-3471-steelyard-dr/Nf5PHltKRI2t33Ct5C0acg,newburgh-heights-ohio
https://www.ubereats.com/cleveland/food-delivery/nighttown/DoygMSwxR-OEvkOvkU1Atw,newburgh-heights-ohio
https://www.ubereats.com/cleveland/food-delivery/rascal-house-pizza-downtown/CINtNmcnSceGVOiT6mQXNw,newburgh-heights-ohio
https://www.ubereats.com/cleveland/food-delivery/cleveland-chop/qmKBGK1STgaVngGwcEAB5w,newburgh-heights-ohio
https://www.ubereats.com/cleveland/food-delivery/forage-public-house/LvPXeD40Qcem808cS3Tdiw,newburgh-heights-ohio
https://www.ubereats.com/cleveland/food-delivery/terrapin-coffee-%26-donuts/TR0OZ7EETJCRWg2MiWiqnA,newburgh-heights-ohio
https://www.ubereats.com/cleveland/food-delivery/krispy-krunchy-chicken/scLDYPHRR4iRyMLgibp3Jw,newburgh-heights-ohio
https://www.ubereats.com/cleveland/food-delivery/boston-market-16773-chagrin-blvd/5NpgOsVzTESBs8eL8o9hlA,newburgh-heights-ohio
https://www.ubereats.com/cleveland/food-delivery/the-proper-pig-smokehouse/rLXg7c0WQ-OFdG_BYD1Gyw,newburgh-heights-ohio
https://www.ubereats.com/cleveland/food-delivery/bonchon-chicken-7581-broadview-rd/X2X5rIKqRpq6zdGcW0xsHQ,newburgh-heights-ohio
https://www.ubereats.com/cleveland/food-delivery/two-bucks-parma/TaD5zR_fQt6eZeCMeadLeg,newburgh-heights-ohio
https://www.ubereats.com/cleveland/food-delivery/michaels-diner/KmCa3JbqSXOjYmx2HyZFGQ,newburgh-heights-ohio
https://www.ubereats.com/cleveland/food-delivery/mcgs-pub-%26-grub/vyv58S-GSzyANwFsKga6mQ,newburgh-heights-ohio
https://www.ubereats.com/cleveland/food-delivery/el-cibaocle/RdcsIOSOR4eOyt5zTEvnEg,newburgh-heights-ohio
https://www.ubereats.com/cleveland/food-delivery/kintaro-sushi-%26-hot-pot-brooklyn/pZBFVlXrTvCXlO5M8nG26g,newburgh-heights-ohio
https://www.ubereats.com/cleveland/food-delivery/cilantro-taqueria/uT2lr9aATdafcgK41UWZHw,newburgh-heights-ohio
https://www.ubereats.com/cleveland/food-delivery/laras-cakes/jM7igJWeQBOB35okMAQeIw,newburgh-heights-ohio
https://www.ubereats.com/cleveland/food-delivery/proof-bbq/txjPyT-MQ5aowmUMsXcXIw,newburgh-heights-ohio
https://www.ubereats.com/cleveland/food-delivery/souper-market/g1EoxIGzQb-qcIRnU_8rdw,newburgh-heights-ohio
https://www.ubereats.com/cleveland/food-delivery/sunoco-harvard-daily/WA0BynvbTEqS_YDx0BAp7Q,newburgh-heights-ohio
https://www.ubereats.com/cleveland/food-delivery/acme-cheesesteak-company/FRTkDCiZQvKIql-W3U0evA,newburgh-heights-ohio
https://www.ubereats.com/cleveland/food-delivery/starbucks-clifton-boulevard/-9GArYX-Rz6FK8zVaMZuiQ,newburgh-heights-ohio
https://www.ubereats.com/cleveland/food-delivery/deceivin-vegan/eeZ7KGCuQhyJA6nAuX7NwA,newburgh-heights-ohio
https://www.ubereats.com/cleveland/food-delivery/wild-eagle-saloon/Xs7hN0rdRWSjjD6jWijwEg,newburgh-heights-ohio
https://www.ubereats.com/cleveland/food-delivery/ginko/zP26WGiKRFebYE2U0rfOJw,newburgh-heights-ohio
https://www.ubereats.com/cleveland/food-delivery/georgios-oven-fresh-pizza/vWHO04XER1OkruZ8f6cqfg,newburgh-heights-ohio
https://www.ubereats.com/cleveland/food-delivery/nuevo-modern-mexican-%26-tequila-bar/_6HJMJ0STxC_9hGvKUEgMA,newburgh-heights-ohio
https://www.ubereats.com/cleveland/food-delivery/kan-zaman/OYhcffRJQvev5RZ5iZPIIQ,newburgh-heights-ohio
https://www.ubereats.com/cleveland/food-delivery/triple-ls-restaurant-and-catering/KBcK4kAQT6i84XPMu6TRxw,newburgh-heights-ohio
https://www.ubereats.com/cleveland/food-delivery/rascal-house-pizza-university-circle/1Fopfw1URwmxiY5Ooz0CSQ,newburgh-heights-ohio
https://www.ubereats.com/cleveland/food-delivery/qdoba-mexican-eats-university-circle/MY4afmrtTzu6yih0clVmxw,newburgh-heights-ohio
https://www.ubereats.com/cleveland/food-delivery/rubins-restaurant-%26-deli/9JYy-G_ITZeFjZXliJw7DQ,newburgh-heights-ohio
https://www.ubereats.com/cleveland/food-delivery/paladar-latin-kitchen-%26-rum-bar/JrIEehGXSkiUeyzIM1z5xg,newburgh-heights-ohio
https://www.ubereats.com/cleveland/food-delivery/salsarito/SbmoUQLMTSaoZU6zwxJNEg,newburgh-heights-ohio
https://www.ubereats.com/cleveland/food-delivery/starbucks-parma-ridge-road/u95RAxX-TJy-zPemkION-Q,newburgh-heights-ohio
https://www.ubereats.com/cleveland/food-delivery/cafe-premier/wIMKDF1PSSyXzVC6ZQZR_A,newburgh-heights-ohio
https://www.ubereats.com/cleveland/food-delivery/hatfields-goode-grub-express/w51R8iOdQpqI7GjjoQomhA,newburgh-heights-ohio
https://www.ubereats.com/cleveland/food-delivery/carrabbas-5030-tiedeman-road/Z-Wf9LK5TOCsKb5ICC2u2A,newburgh-heights-ohio
https://www.ubereats.com/cleveland/food-delivery/sunshine-cafe/Zb6GVBA8SryXjm8j43nsyQ,newburgh-heights-ohio
https://www.ubereats.com/cleveland/food-delivery/tandul-indian-restaurant/1cZ4tggRS7aewAuNdlRisA,newburgh-heights-ohio
https://www.ubereats.com/cleveland/food-delivery/shake-shack-311-park-avenue/W5K_d6XES56WrNksLe72Pw,newburgh-heights-ohio
https://www.ubereats.com/cleveland/food-delivery/mr-hero-taylor-rd/ekS406RtR8WeyXhMvnby9A,newburgh-heights-ohio
https://www.ubereats.com/cleveland/food-delivery/the-grocery-ohc/8IB9xyC7Q7GN7LIWPr-zhA,newburgh-heights-ohio
https://www.ubereats.com/cleveland/food-delivery/kfc-5516-warrensville-center-road/k9QVNtEHSK6n1nQSarijMA,newburgh-heights-ohio
https://www.ubereats.com/cleveland/food-delivery/phat-philly-cheesesteaks/xxEUzf9aRay8fFB2RBc-Rw,newburgh-heights-ohio
https://www.ubereats.com/cleveland/food-delivery/off-the-grill-%26-seafood/qUxzurGSSqKNWIBJfRKqBA,newburgh-heights-ohio
https://www.ubereats.com/cleveland/food-delivery/starbucks-lakewood-detroit-ave/jFuA_jy1QlSiv9zEqy_0tA,newburgh-heights-ohio
https://www.ubereats.com/cleveland/food-delivery/winking-lizard-tavern-gateway/amAuerTwSQWMcV5PdS2FKg,newburgh-heights-ohio
https://www.ubereats.com/cleveland/food-delivery/teriyaki-express-clark-ave-cleveland-oh/5w2x7LeYTfqLHno-2kLjNQ,newburgh-heights-ohio
https://www.ubereats.com/cleveland/food-delivery/chipotle-mexican-grill-28077-chagrin-blvd/Zc9KLrqpRd23AFslgKoeFA,newburgh-heights-ohio
https://www.ubereats.com/cleveland/food-delivery/taco-bell-13660-euclid-avenue/9giSgaCPQ--JG-FBJok2dw,newburgh-heights-ohio
https://www.ubereats.com/cleveland/food-delivery/bulldog-ice-cream/tNWigtyvTbqXByst8SmkKA,newburgh-heights-ohio
https://www.ubereats.com/cleveland/food-delivery/cassa-kitchen-%26-catering/yw0YcBuvRomBD_Vyb_x_TA,newburgh-heights-ohio
https://www.ubereats.com/cleveland/food-delivery/convenient-food-mart/QJ05PHG2RMipZaiUgPbBSA,newburgh-heights-ohio
https://www.ubereats.com/cleveland/food-delivery/jersey-mikes-subs-28450-chagrin-blvd/q7RUv1_KScKc9VFZO2QF6Q,newburgh-heights-ohio
https://www.ubereats.com/cleveland/food-delivery/barley-house/hU2yV1L4SgmbrjLuxURlPw,newburgh-heights-ohio
https://www.ubereats.com/cleveland/food-delivery/sarita/duJa16iATgqzk4nQrSKwyQ,newburgh-heights-ohio
https://www.ubereats.com/cleveland/food-delivery/killer-wings/zcdxaoppR66UGZiW7W2-7g,newburgh-heights-ohio
https://www.ubereats.com/cleveland/food-delivery/munch-a-simple-kitchen/IsmwakcnQL25YaI92x3LSg,newburgh-heights-ohio
https://www.ubereats.com/cleveland/food-delivery/forest-city-shuffleboard/ZEzaWOrvSZWtCeY8QFWdww,newburgh-heights-ohio
https://www.ubereats.com/cleveland/food-delivery/local-west/YTmzyvAMSbm2uTndOWRhcg,newburgh-heights-ohio
https://www.ubereats.com/cleveland/food-delivery/inchins-bamboo-garden-cleveland/hRNeXQLeQ6ulsrW-ooEh4Q,newburgh-heights-ohio
https://www.ubereats.com/cleveland/food-delivery/greek-village-grille/X0wf9oRoQdm0wq_8-a_dEg,newburgh-heights-ohio
https://www.ubereats.com/cleveland/food-delivery/tonys-family-restaurant/hT4ZILkISLyjWm_ySdbdGg,newburgh-heights-ohio
https://www.ubereats.com/cleveland/food-delivery/angelos-amazing-chicken/Q-GeASRZTeGyFanuhtQa_w,newburgh-heights-ohio
https://www.ubereats.com/cleveland/food-delivery/taco-bell-5185-turney-rd/xLOBCXPaQ2mzh45PcaREXw,newburgh-heights-ohio
https://www.ubereats.com/cleveland/food-delivery/citizen-pie-25th-st/BcspxP4jSkOFG3SgRN_Vuw,newburgh-heights-ohio
https://www.ubereats.com/cleveland/food-delivery/hanini-sub/rLkXm_RESFqC-Do1GmCRqQ,newburgh-heights-ohio
https://www.ubereats.com/cleveland/food-delivery/stancatos-italian-restaurant/l2K1oYJ1TeWEor3aSt7fRA,newburgh-heights-ohio
https://www.ubereats.com/cleveland/food-delivery/sweet-allure/F9IzO6m0ReOXqi3gS_wCsA,newburgh-heights-ohio
https://www.ubereats.com/cleveland/food-delivery/the-oak-barrel/fOgucMSWRoSO-mw9hTpOBg,newburgh-heights-ohio
https://www.ubereats.com/cleveland/food-delivery/mr-hero-55th-st/qOw_NpbhSI6bR8Idp9NR8g,newburgh-heights-ohio
https://www.ubereats.com/cleveland/food-delivery/tgi-fridays-1412-brooklyn-oh/UJwMHMGaQZizkNmmazKwxg,newburgh-heights-ohio
https://www.ubereats.com/cleveland/food-delivery/ella-maes-soulfood/K4oLsP7ISVWEu7sfmb0dcg,newburgh-heights-ohio
https://www.ubereats.com/cleveland/food-delivery/cravings-cafe/Y5od7lQVR8ajawV407p7MQ,newburgh-heights-ohio
https://www.ubereats.com/cleveland/food-delivery/demetrios-family-restaurant/Q6Do7JdIQiWTJ6jcHAZWgw,newburgh-heights-ohio
https://www.ubereats.com/cleveland/food-delivery/macaron-paris-cafe/s2BROMVpQEG-Ot4nLkhA8A,newburgh-heights-ohio
https://www.ubereats.com/cleveland/food-delivery/corleones-ristorante-%26-bar/94ysWUdwQL6IB1QcJGxqzA,newburgh-heights-ohio
https://www.ubereats.com/cleveland/food-delivery/omar-grill/iNPYzRcgTN-DXfDLmhs6kA,newburgh-heights-ohio
https://www.ubereats.com/cleveland/food-delivery/mashiso-asian-grille/mHnRwpqLStm2GUPzPBMeYg,newburgh-heights-ohio
https://www.ubereats.com/cleveland/food-delivery/cle-burger-co-parma/pGlrsg3QQ-OA3cHRhRBzIw,newburgh-heights-ohio
https://www.ubereats.com/cleveland/food-delivery/happys-pizza-4908-a-turney-rd/s0PIuH7uRhONnteuO2dc8Q,newburgh-heights-ohio
https://www.ubereats.com/cleveland/food-delivery/arabian-village/lPMhEu8TTDy3SqcwVmMoqA,newburgh-heights-ohio
https://www.ubereats.com/cleveland/food-delivery/speedys-grub-shack-northfield/cvcZBjeuTfqtUhwH7baYbA,newburgh-heights-ohio
https://www.ubereats.com/cleveland/food-delivery/hanini-subs/rJ4BTNgLQPGkurviCLpDKQ,newburgh-heights-ohio
https://www.ubereats.com/cleveland/food-delivery/family-chicken/_kSbwVGIQfKzldlOSjT8Wg,newburgh-heights-ohio
https://www.ubereats.com/cleveland/food-delivery/taco-bell-7475-day-dr/Gq-zHP95QXqcoZ0vNXQAbA,newburgh-heights-ohio
https://www.ubereats.com/cleveland/food-delivery/burger-king-7500-detroit-road/jD2Ggrl8T-mESxFgOqv3pA,newburgh-heights-ohio
https://www.ubereats.com/cleveland/food-delivery/little-caesars-16882-harvard-ave/fsFscPYZT_yH1f0X_bxEWA,newburgh-heights-ohio
https://www.ubereats.com/cleveland/food-delivery/hanabi-sushi-cleveland-oh/NbBVoIKvTNaj8jCGifLuEg,newburgh-heights-ohio
https://www.ubereats.com/cleveland/food-delivery/annie-ps/0u1Rk8rHRE659OJiSa48Gg,newburgh-heights-ohio
https://www.ubereats.com/cleveland/food-delivery/papa-johns-16981-chagrin-blvd/UM_sX3ToQX6cmUw9xMIHvQ,newburgh-heights-ohio
https://www.ubereats.com/cleveland/food-delivery/indian-delight/aGBu0ZP0R0eXCltIB04X5Q,newburgh-heights-ohio
https://www.ubereats.com/cleveland/food-delivery/burger-king-2828-carnegie-avenue/ARTlCEocSlaXDYGXSrpqOg,newburgh-heights-ohio
https://www.ubereats.com/cleveland/food-delivery/charley-biggs-chicken-cleveland/w-DYVP0iT1uX_IXLrkpklg,newburgh-heights-ohio
https://www.ubereats.com/cleveland/food-delivery/sun-sun-restaurant/r-SXqblhT0qjlM2v1LdElA,newburgh-heights-ohio
https://www.ubereats.com/cleveland/food-delivery/sicileys-pizza/Lr8F_7-BSICqfYkc30oZyQ,newburgh-heights-ohio
https://www.ubereats.com/cleveland/food-delivery/juice-up-cold-press/cz3pgpVLRwWtgY58mcCsgg,newburgh-heights-ohio
https://www.ubereats.com/cleveland/food-delivery/dairy-queen-treat-3538-w-105th/H_xXCGLiTbSZHVrSMD_0eQ,newburgh-heights-ohio
https://www.ubereats.com/cleveland/food-delivery/popeyes-14747-lorain-ave/QrAT4dnkT7esmG9Kai4gmw,newburgh-heights-ohio
https://www.ubereats.com/cleveland/food-delivery/the-fairmount/5pOAxsI_Q9ig_IKl-KF8XA,newburgh-heights-ohio
https://www.ubereats.com/cleveland/food-delivery/tartine-bistro/YA6KpkvJTGKrkw2wcBzLNw,newburgh-heights-ohio
https://www.ubereats.com/cleveland/food-delivery/turn-bar-%2B-kitchen/A1Eph3ZaQ_GNLpd0lX71KQ,newburgh-heights-ohio
https://www.ubereats.com/cleveland/food-delivery/si-senor-mexican-restaurant/ZI_FsBDQSwmUQAec9svONA,newburgh-heights-ohio
https://www.ubereats.com/cleveland/food-delivery/kcc-carryout-ribs-%26-more/JlbtehAbQ_2tdtNbDsGGcA,newburgh-heights-ohio
https://www.ubereats.com/cleveland/food-delivery/the-original-pancake-house-28700-chagrin-blvd/-soWtPn1RYmnRai6I-L1hA,newburgh-heights-ohio
https://www.ubereats.com/cleveland/food-delivery/southern-cafe-east/P1o4noUrR5ug-vpSggD5nQ,newburgh-heights-ohio
https://www.ubereats.com/cleveland/food-delivery/off-the-hook-plates/2s1B8lrPQ7eoXsFvGfgJug,newburgh-heights-ohio
https://www.ubereats.com/cleveland/food-delivery/georgios-oven-fresh-pizza-maple-heights/aOXSfI60TaaGoNtCJSHrAg,newburgh-heights-ohio
https://www.ubereats.com/cleveland/food-delivery/famous-gyro-george-maple-heights/ARakZm8AQROkT1zXsfAvyg,newburgh-heights-ohio
https://www.ubereats.com/cleveland/food-delivery/qdoba-mexican-eats-shaker-plaza/H3KSrYLyRjG-i5ZiJ6uhyg,newburgh-heights-ohio
https://www.ubereats.com/cleveland/food-delivery/east-china/nWOFuJYSSzKi0d36hw3gNg,newburgh-heights-ohio
https://www.ubereats.com/cleveland/food-delivery/sittoos-pita-%26-salads-parma/fDRDgFZNTpC70R-FtvZgww,newburgh-heights-ohio
https://www.ubereats.com/cleveland/food-delivery/tres-potrillos/OdHkCflUSfaqUyn4D_fNpA,newburgh-heights-ohio
https://www.ubereats.com/cleveland/food-delivery/speedys-grub-shack-lakewood/GR8DexhtTpyhvragYDKqMQ,newburgh-heights-ohio
https://www.ubereats.com/cleveland/food-delivery/applebees-4191-rockside-rd-%2397063/DGA7SXN-TamWnjXj37TkCw,newburgh-heights-ohio
https://www.ubereats.com/cleveland/food-delivery/exclusive-deli/qTxZEgQvRKii8JXsvulgIQ,newburgh-heights-ohio
https://www.ubereats.com/cleveland/food-delivery/blue-habanero/CF0MwyzSSxqS5fsK7uLVuA,newburgh-heights-ohio
https://www.ubereats.com/cleveland/food-delivery/captiv8/uT4eav6RRMK3MH4cn6eOkQ,newburgh-heights-ohio
https://www.ubereats.com/cleveland/food-delivery/el-torito/oupcmiSwRxKMq6sY_QsuQA,newburgh-heights-ohio
https://www.ubereats.com/cleveland/food-delivery/unbar-cafe/wY-lFAnwRpKRS0F6bBSICg,newburgh-heights-ohio
https://www.ubereats.com/cleveland/food-delivery/mortons-the-steakhouse-1600-w-second-st/aPJBIUoRSAq5BpW898xi4Q,newburgh-heights-ohio
https://www.ubereats.com/cleveland/food-delivery/sammys-of-parma/hE4VWG42S9Ox1TdTPqWnYA,newburgh-heights-ohio
https://www.ubereats.com/cleveland/food-delivery/mcdonalds-brecksville-%26-rockside/n7Cq6PecSyaDn3YpcVRJfw,newburgh-heights-ohio
https://www.ubereats.com/cleveland/food-delivery/mr-hero/h12jyEZaRnCEwMk4QtyVng,newburgh-heights-ohio
https://www.ubereats.com/cleveland/food-delivery/hanini-subs/NWXrj41YTbqZOOU1aWR5Eg,newburgh-heights-ohio
https://www.ubereats.com/cleveland/food-delivery/mcdonalds-broadway-%26-libby/QteiIMU3TLyFxSjCmiSDjQ,newburgh-heights-ohio
https://www.ubereats.com/cleveland/food-delivery/bomba-tacos/E1C8_aTQRM-L4DftSu-d1g,newburgh-heights-ohio
https://www.ubereats.com/cleveland/food-delivery/kfc-5525-royalton-road/hnnPehSoRzK8zpNdS2iT2w,newburgh-heights-ohio
https://www.ubereats.com/cleveland/food-delivery/31707-urban-street-food/aaMEP64lQ8mEB4cMB05EzQ,newburgh-heights-ohio
https://www.ubereats.com/cleveland/food-delivery/chocolate-bar-cleveland/hoI-D9nrQIatYHSQtWa4sg,newburgh-heights-ohio
https://www.ubereats.com/cleveland/food-delivery/romeos-pizza-brook-park/dORZcHdjQ0CkCewOdSsJVA,newburgh-heights-ohio
https://www.ubereats.com/cleveland/food-delivery/dunkin-4740-ridge-rd/kCHsHIHXTfW5l3erh9eFBQ,newburgh-heights-ohio
https://www.ubereats.com/cleveland/food-delivery/udipi-dosa-corner/gvL_OI4uRJWFeovOqCDWXA,newburgh-heights-ohio
https://www.ubereats.com/cleveland/food-delivery/ts-place/Mi7nuA54Qh2r5Gh-RHix8w,newburgh-heights-ohio
https://www.ubereats.com/cleveland/food-delivery/nates-deli-%26-restaurant/yd1OYKZGRrqwcGe_2MWg-w,newburgh-heights-ohio
https://www.ubereats.com/cleveland/food-delivery/hecks-express/AQHSdV4SRBC_4BvW6FjXlg,newburgh-heights-ohio
https://www.ubereats.com/cleveland/food-delivery/zanzibar-soul-fusion/YpF6DhTyRXyq6D75UWIqzA,newburgh-heights-ohio
https://www.ubereats.com/cleveland/food-delivery/aura-bistro/WHLb8xWmTg6jR8JeonD0cw,newburgh-heights-ohio
https://www.ubereats.com/cleveland/food-delivery/otani-noodle-downtown/bSmyKWZPRKmx1y9An6powA,newburgh-heights-ohio
https://www.ubereats.com/cleveland/food-delivery/cleveland-mofongo-latin-grill/78o5jZJYTwuJl6ZJ1LdR8g,newburgh-heights-ohio
https://www.ubereats.com/cleveland/food-delivery/campbells-sweet-factory-ohio-city/WtE5_X-UQFa8YKVjI0_G_Q,newburgh-heights-ohio
https://www.ubereats.com/cleveland/food-delivery/wendys-2937-lorain-rd/bpSKAuhlQwKPacB-0gLP4w,newburgh-heights-ohio
https://www.ubereats.com/cleveland/food-delivery/mcdonalds-warrensville-%26-bushnell/TjzouEH3T_aenMnz4v71dA,newburgh-heights-ohio
https://www.ubereats.com/cleveland/food-delivery/aladdins-baking-company/hC1utd7dQY6-sjoErSWPWQ,newburgh-heights-ohio
https://www.ubereats.com/cleveland/food-delivery/sittoos-pita-%26-salads-playhouse-square/UMWYaZZpSlKlMupK5UAAvQ,newburgh-heights-ohio
https://www.ubereats.com/cleveland/food-delivery/the-break-room-cafe/LA30Oz9zSBOsBS_ID4cjvw,newburgh-heights-ohio
https://www.ubereats.com/cleveland/food-delivery/la-casa-tequila/h0uW9V-KRmeCGuuh1bYalQ,newburgh-heights-ohio
https://www.ubereats.com/cleveland/food-delivery/fowl-play-downtown/XTkwLtA4TT2c1P3_cUIJLA,newburgh-heights-ohio
https://www.ubereats.com/cleveland/food-delivery/famous-gyro-george-lee-road/5oC-SgykQQiTTOL1Z__p-g,newburgh-heights-ohio
https://www.ubereats.com/cleveland/food-delivery/wendys-5740-broadview/DOg6_9X6RIamUM1_t8Tp_A,newburgh-heights-ohio
https://www.ubereats.com/cleveland/food-delivery/tavern-of-independence/epVywpbkR-apRVLeJutHvw,newburgh-heights-ohio
https://www.ubereats.com/cleveland/food-delivery/happys-pizza-detroit-ave/IrTF2r4ESf2bxWTamMzOgA,newburgh-heights-ohio
https://www.ubereats.com/cleveland/food-delivery/subway-2144-broadview-rd/TvWgTS1ZTk6ywfppqDRS0g,newburgh-heights-ohio
https://www.ubereats.com/cleveland/food-delivery/the-clevelander-sports-bar-%26-grill/8GkOJ7aeQZW1fNLLk_HC9w,newburgh-heights-ohio
https://www.ubereats.com/cleveland/food-delivery/tropical-flame/Cfy9KR9XRz6jnDsxWP7mzw,newburgh-heights-ohio
https://www.ubereats.com/cleveland/food-delivery/sam-sylk-chicken-and-fish-shaker-heights/Y61EJR2oSzyplRxif734IA,newburgh-heights-ohio
https://www.ubereats.com/cleveland/food-delivery/the-sweet-fix-bakery/VwpK0a66SYGt617VB00SdA,newburgh-heights-ohio
https://www.ubereats.com/cleveland/food-delivery/hibachi-steakhouse-rockside-rd/ZUqS1VUKRcW25KIeZzSryA,newburgh-heights-ohio
https://www.ubereats.com/cleveland/food-delivery/chipotle-mexican-grill-7683-w-ridgewood-dr/ERtWVXZiTpmTh7fXw-GdyA,newburgh-heights-ohio
https://www.ubereats.com/cleveland/food-delivery/whitmores-bar-b-q20209-harvard-ave/XXWxdydEQq-uGCQ2EiHqAw,newburgh-heights-ohio
https://www.ubereats.com/cleveland/food-delivery/mr-hero-130th-st/j5L3fhULTLag44utczG8bw,newburgh-heights-ohio
https://www.ubereats.com/cleveland/food-delivery/dimitris/KYsKjsg1QDmcxPyxUK7VQA,newburgh-heights-ohio
https://www.ubereats.com/cleveland/food-delivery/taino-flavor-restaurant/SVCtCZGbScKMy7eBfmZ5kA,newburgh-heights-ohio
https://www.ubereats.com/cleveland/food-delivery/mcdonalds-pleasant-valley-%26-broadview/9OaahS2uS5CFHwB5wFeqtA,newburgh-heights-ohio
https://www.ubereats.com/cleveland/food-delivery/fanucces-pizzeria-and-pasta-house/gLhgi5DLQkCkNZt6K5NIQw,newburgh-heights-ohio
https://www.ubereats.com/cleveland/food-delivery/tapatias-taqueria/ER1ewdhWSGypALWg052hMw,newburgh-heights-ohio
https://www.ubereats.com/cleveland/food-delivery/kfc-2930-carnegie-avenue/5tXwHutqQSajJcCPQZ9M_w,newburgh-heights-ohio
https://www.ubereats.com/cleveland/food-delivery/shoga-%7C-japanese-teriyaki-express/pBYQPL6XTQ2tEjkDals_CA,newburgh-heights-ohio
https://www.ubereats.com/cleveland/food-delivery/ty-fun-thai-bistro/w5HMIeOkR22MoZ9JS9x2ug,newburgh-heights-ohio
https://www.ubereats.com/cleveland/food-delivery/kfc-1560-west-117th-street/9UCJVJSvRsuH_vdurpkfaw,newburgh-heights-ohio
https://www.ubereats.com/cleveland/food-delivery/yours-truly-restaurant-playhouse-square/iAFEOJPZRAm1MQMvLvXxzg,newburgh-heights-ohio
https://www.ubereats.com/cleveland/food-delivery/boston-market-4742-ridge-road/oYbNQWVNQAuBzuuktdLfKQ,newburgh-heights-ohio
https://www.ubereats.com/cleveland/food-delivery/chipotle-mexican-grill-11452-euclid-ave/20j7xfB7Qbu2ua6RU6o0fA,newburgh-heights-ohio
https://www.ubereats.com/cleveland/food-delivery/the-boiler-65/V2wiwGI8SaGoVbUHC-jtJQ,newburgh-heights-ohio
https://www.ubereats.com/cleveland/food-delivery/mister-bs-pub-and-eatery/SBrpmXyHRdy4GrWS8cAEpg,newburgh-heights-ohio
https://www.ubereats.com/cleveland/food-delivery/holiday-grill-and-catering/mYvoWc6iRyCtuJ_MuyMzOA,newburgh-heights-ohio
https://www.ubereats.com/cleveland/food-delivery/hong-kong-kitchen/BO7AY8OMQpmHDLB-LZMVSg,newburgh-heights-ohio
https://www.ubereats.com/cleveland/food-delivery/pulp-juice-and-smoothie-bar-rockside-rd/-lTn5B8CRHWypm6Bl6V5vA,newburgh-heights-ohio
https://www.ubereats.com/cleveland/food-delivery/ninja-city/fTqxgjKMRkK7LJKrcxjM2A,newburgh-heights-ohio
https://www.ubereats.com/cleveland/food-delivery/ajs-krispy-krunch-chicken/wsZSs8V1T02UEW8PeBqdRA,newburgh-heights-ohio
https://www.ubereats.com/cleveland/food-delivery/sushi-86/GKumPL5qSQmayLDamU2mhg,newburgh-heights-ohio
https://www.ubereats.com/cleveland/food-delivery/starbucks-hanna-building/jAT1KaPnSR2NyoJxPwK-Yg,newburgh-heights-ohio
https://www.ubereats.com/cleveland/food-delivery/kfc-3036-clark-avenue/xlTrbzi5TzWEC9tQJMNhYg,newburgh-heights-ohio
https://www.ubereats.com/cleveland/food-delivery/b-%26-m-barbeque/JP3WyG6SRu-GIENLRDPKGQ,newburgh-heights-ohio
https://www.ubereats.com/cleveland/food-delivery/juice-garden/YgdeYKn5T32rYSUUIX_2fQ,newburgh-heights-ohio
https://www.ubereats.com/cleveland/food-delivery/saucy-brew-works/8zt7iPHSTVC1WAjx79LKAA,newburgh-heights-ohio
https://www.ubereats.com/cleveland/food-delivery/the-ice-cream-shop/XXdXWlNJS8iWIhETI7cJaA,newburgh-heights-ohio
https://www.ubereats.com/cleveland/food-delivery/burger-king-4123-pearl-road/ksdpVIefRLqXuTDNwxrBCg,newburgh-heights-ohio
https://www.ubereats.com/cleveland/food-delivery/mr-hero-memphis-ave/mhgqqyiIT_iw9ANaIS8r-A,newburgh-heights-ohio
https://www.ubereats.com/cleveland/food-delivery/dante/ywxyLVeARKipgVRayPSFvw,newburgh-heights-ohio
https://www.ubereats.com/cleveland/food-delivery/benihana-chargin-%26-green/Ij1iu9WtQ5alWU4SJT7Ajg,newburgh-heights-ohio
https://www.ubereats.com/cleveland/food-delivery/lees-seafood-boil-cleveland/kjCb8OpCQYakVphihgfj8w,newburgh-heights-ohio
https://www.ubereats.com/cleveland/food-delivery/the-sauce-boiling-seafood-express/1VWxlgbRTf2h9wdb0_PXow,newburgh-heights-ohio
https://www.ubereats.com/cleveland/food-delivery/senor-tequila-mexican-grill-%26-cantina/Q-Q1oClqQDC5Iw2cQp5ujw,newburgh-heights-ohio
https://www.ubereats.com/cleveland/food-delivery/big-egg-family-restaurant/SoRV8LcVQmaz_6H-JRAObw,newburgh-heights-ohio
https://www.ubereats.com/cleveland/food-delivery/angies-pizza/982u7gufS6eljL_gNm-W2g,newburgh-heights-ohio
https://www.ubereats.com/cleveland/food-delivery/qdoba-broadview-rd/jlDqriHTTVm1g1aj2Z7tTQ,newburgh-heights-ohio
