url,city
https://www.ubereats.com/connecticut/food-delivery/china-chef/uZH8tI58SwKNNc11FHqMZQ,newington-connecticut
https://www.ubereats.com/connecticut/food-delivery/steamed/-SSpcZ_cTKGptIwk9hUogA,newington-connecticut
https://www.ubereats.com/connecticut/food-delivery/vivo-seasonal-trattoria/bVz3yxSsQ_muGkGyr2LzZw,newington-connecticut
https://www.ubereats.com/connecticut/food-delivery/pho-ever/eCz08aNlRc-1FeoNRFyZNw,newington-connecticut
https://www.ubereats.com/connecticut/food-delivery/arugula/gBeCfTiRTCmPEiGe2CUtWg,newington-connecticut
https://www.ubereats.com/connecticut/food-delivery/xian-noodle-factory-west-hartford/P1P6fgDqR_iXOUglD1cOXA,newington-connecticut
https://www.ubereats.com/connecticut/food-delivery/almadina-restaurant/YyrIyJ4TSXazyEzMRP-COA,newington-connecticut
https://www.ubereats.com/connecticut/food-delivery/ruths-chris-steakhouse-2513-berlin-turnpike/Nnbfb5-iQi6E8PeoE2G0Mg,newington-connecticut
https://www.ubereats.com/connecticut/food-delivery/kfc-412-west-main-street/a6HyqKLkSp2oDRhlTpnd5w,newington-connecticut
https://www.ubereats.com/connecticut/food-delivery/kennedy-fried-chicken/DROy9XQ3Q9O_8VwAh-4C6g,newington-connecticut
https://www.ubereats.com/connecticut/food-delivery/imperial-buffet/A9y6wmpySdmL95VnIPTMLw,newington-connecticut
https://www.ubereats.com/connecticut/food-delivery/tabaq-masala-restaurant/0Z2fXQraRgyTmJhHST3L4A,newington-connecticut
https://www.ubereats.com/connecticut/food-delivery/joeys-pizza-pie/6uWKLn2TQ1WRxtF7PFTtYw,newington-connecticut
https://www.ubereats.com/connecticut/food-delivery/royal-fusion/YmqwHezJQkyZy4EQGd7AiA,newington-connecticut
https://www.ubereats.com/connecticut/food-delivery/robertos-restaurant/qjFjfMNWRx65DYDD5NPfEw,newington-connecticut
https://www.ubereats.com/connecticut/food-delivery/ginza-japanese-cuisine/puipciBcSfOf6MsrMNDHpA,newington-connecticut
https://www.ubereats.com/connecticut/food-delivery/teds-restaurant/6MWttkZ7Q_KJktFMkqgyfg,newington-connecticut
https://www.ubereats.com/connecticut/food-delivery/dairy-queen-treat-684-hartford-rd/MyZVKMeKTNGaBJC8KvKu9Q,newington-connecticut
https://www.ubereats.com/connecticut/food-delivery/the-rockin-chicken/k7t2nkT0T_W8i1mzwZ_Gdw,newington-connecticut
https://www.ubereats.com/connecticut/food-delivery/capital-ice-cream-hartford/WmXDsE0MSVGanTvxJVkfnA,newington-connecticut
https://www.ubereats.com/connecticut/food-delivery/grange-fresh/8-711lcdRbiCYvmv7fpqdg,newington-connecticut
https://www.ubereats.com/connecticut/food-delivery/steves-place/qVSOUVsARpiaiOPGkmDgrQ,newington-connecticut
https://www.ubereats.com/connecticut/food-delivery/turnpike-pizzeria/Xd4HeyiRQ66XpLGBuX7NYg,newington-connecticut
https://www.ubereats.com/connecticut/food-delivery/ranch-house/GCz66bD-TUK4uvaco18Ctw,newington-connecticut
https://www.ubereats.com/connecticut/food-delivery/pauls-ranch-house-and-pizza/cr6r__nqSBevYRZ4-A8iLg,newington-connecticut
https://www.ubereats.com/connecticut/food-delivery/the-flying-monkey-grill-%26-bar/08-Da2HZSTekh5E4KjVjtA,newington-connecticut
https://www.ubereats.com/connecticut/food-delivery/roadrunner-express-grill-and-deli/v3lM6USDQpOoZWrDx6A9-w,newington-connecticut
https://www.ubereats.com/connecticut/food-delivery/oc-kitchen-bar/6iQIsq9YSeilm0koRpLrRA,newington-connecticut
https://www.ubereats.com/connecticut/food-delivery/que-whiskey-kitchen/5cPA5ebOQgKSLRODGOGm5Q,newington-connecticut
https://www.ubereats.com/connecticut/food-delivery/pick%26mix-glastonbury/LAmC0mvVS321Mho5wJTvag,newington-connecticut
https://www.ubereats.com/connecticut/food-delivery/dillys-cafe/ujbSKF9hR4qJIGQxBcW50A,newington-connecticut
https://www.ubereats.com/connecticut/food-delivery/hartford-baking-co/5A_cFK69QiiWDwataIT4jA,newington-connecticut
https://www.ubereats.com/connecticut/food-delivery/kob-jai-thai/LVSSPCyNTP-wpg6Ikmt50Q,newington-connecticut
https://www.ubereats.com/connecticut/food-delivery/moes-southwest-grill-722-n-main-street/weaKey-oQP2bWyJ9faPteg,newington-connecticut
https://www.ubereats.com/connecticut/food-delivery/arbys-3206-berlin-turnpike/Ta9XtSCUSBmrfPiltFKIsg,newington-connecticut
https://www.ubereats.com/connecticut/food-delivery/starbucks-newington-berlin-tpke/3-FQFN4BRaaM_2wCOjpKTQ,newington-connecticut
https://www.ubereats.com/connecticut/food-delivery/crab-shack-king-a-touch-of-soul/G0NoVeAnTxuNZSVOCMTOUA,newington-connecticut
https://www.ubereats.com/connecticut/food-delivery/ticos-place/kIo46Dv1R3uEvDm4oDK9Nw,newington-connecticut
https://www.ubereats.com/connecticut/food-delivery/chuck-e-cheese-3075-berlin-turnpike/tUpBLP2RR5aJ2iLCszwPTQ,newington-connecticut
https://www.ubereats.com/connecticut/food-delivery/burger-king-2500-berlin-turnpike/7rt-mr-zShqHZ5OOsMBxtw,newington-connecticut
https://www.ubereats.com/connecticut/food-delivery/kencarlous-jamaican-restaurant/wskr6MdiT62hkbu6UcH6Bg,newington-connecticut
https://www.ubereats.com/connecticut/food-delivery/taco-bell-709-queen-st/oHeWnsK8QeG21bBA4RL4gw,newington-connecticut
https://www.ubereats.com/connecticut/food-delivery/chosen-1-seafood/S-KCa3KlT4uUMRSDmQyfkQ,newington-connecticut
https://www.ubereats.com/connecticut/food-delivery/kingstons-jamaican-restaurant/C-1MKlyERS6PBEUa79-n1w,newington-connecticut
https://www.ubereats.com/connecticut/food-delivery/republic-at-the-linden/xhq3V_DoQN-vbXl1C1r25A,newington-connecticut
https://www.ubereats.com/connecticut/food-delivery/koma/cPXLEcu8RROr1ElaOV0_LQ,newington-connecticut
https://www.ubereats.com/connecticut/food-delivery/j-gilberts-185-glastonbury-blvd/vsqj15nHTSywxzIPfnMlrA,newington-connecticut
https://www.ubereats.com/connecticut/food-delivery/gingerroot-restaurant/64Fj29BCRL6gNjblJQQHaQ,newington-connecticut
https://www.ubereats.com/connecticut/food-delivery/syps-grille/dm9u7SfoS8mRx89AA7TDHA,newington-connecticut
https://www.ubereats.com/connecticut/food-delivery/liquid-nirvana-glastonbury/U6pkmlL7S7CT8TGITXmUXw,newington-connecticut
https://www.ubereats.com/connecticut/food-delivery/nta-pizza-and-grocery/HtwaNPZ1T2CzJShhJLyMTQ,newington-connecticut
https://www.ubereats.com/connecticut/food-delivery/chips-family-restaurant-wethersfield/W6ypb5-sS_G9IRBDj_yL8w,newington-connecticut
https://www.ubereats.com/connecticut/food-delivery/zaytoons-bistro/WtXNpQyMRKGIdIGgTLbrdw,newington-connecticut
https://www.ubereats.com/connecticut/food-delivery/romanos-pizza-grill-italian-restaurant/A33smusoQpGIIO4wozGhoA,newington-connecticut
https://www.ubereats.com/connecticut/food-delivery/vitos-pizzaria-%26-restaurant/TPsj8MM4T1y61iie5-_Zwg,newington-connecticut
https://www.ubereats.com/connecticut/food-delivery/buffalo-wild-wings-112-buckland-st/NT5rBGFsSnO6Mhg4Tf8BQw,newington-connecticut
https://www.ubereats.com/connecticut/food-delivery/friendlys-230-new-britain-ave/WO1xTXLNRaCNEeLN-fPj8A,newington-connecticut
https://www.ubereats.com/connecticut/food-delivery/soulbaila/7whbiBHoQG-GYPfYAmg7jQ,newington-connecticut
https://www.ubereats.com/connecticut/food-delivery/gyro-king-%26-fried-chicken/5Ze8z5xbQWO3XWLKYnBMag,newington-connecticut
https://www.ubereats.com/connecticut/food-delivery/subway-63-east-cedar-st/dxnnewtXQe-8Hdt8nFgT6g,newington-connecticut
https://www.ubereats.com/connecticut/food-delivery/capitol-lunch/bbL8TSO4QNSA3nKjAB7wZQ,newington-connecticut
https://www.ubereats.com/connecticut/food-delivery/elmers-place/fU_MQzMmRUeleE0r0Iq0PA,newington-connecticut
https://www.ubereats.com/connecticut/food-delivery/bears-smokehouse-express-south-windsor/ru2n4GxiSV2Svx7atxyLeQ,newington-connecticut
https://www.ubereats.com/connecticut/food-delivery/piolin2-restaurant/WwXnpgXySCqebMFQFZP8zw,newington-connecticut
https://www.ubereats.com/connecticut/food-delivery/wingstop-550-farmington-ave/vo42L5zmQXueBVnsKvyfFQ,newington-connecticut
https://www.ubereats.com/connecticut/food-delivery/the-simple-greek-glastonbury/jnB_-qB7S4qpbcPXJ0iwfw,newington-connecticut
https://www.ubereats.com/connecticut/food-delivery/dunns-river-jamaican-restaurant/uxbCzLrKRiW3U7erzYazfA,newington-connecticut
https://www.ubereats.com/connecticut/food-delivery/el-tepeyac-mexican-restaurant/9zSWNwnmR5mgxQdZ18oPwg,newington-connecticut
https://www.ubereats.com/connecticut/food-delivery/mcdonalds-w-hartfrd-albany/vpMHyf_KSZSNSLtrYpl0UQ,newington-connecticut
https://www.ubereats.com/connecticut/food-delivery/the-ice-cream-shop/u4mqo3FKRU2ruy7KlPG7ww,newington-connecticut
https://www.ubereats.com/connecticut/food-delivery/broasterant/NRaimN_fQr60gtRT3jeSvA,newington-connecticut
https://www.ubereats.com/connecticut/food-delivery/wings-over-bristol/aK3ivKlbTPih2fKHdLGaJQ,newington-connecticut
https://www.ubereats.com/connecticut/food-delivery/namaste-india/an5soiZ6SgiYpZW4YKpuBw,newington-connecticut
https://www.ubereats.com/connecticut/food-delivery/menchies-frozen-yogurt-2997-berlin-turnpike/UBz03sxXSRmaxEBSizVXkw,newington-connecticut
https://www.ubereats.com/connecticut/food-delivery/starbucks-glastonbury-hebron-avenue/uKNrba3AQAS62lZTj3bbBQ,newington-connecticut
https://www.ubereats.com/connecticut/food-delivery/bills-farmington-ave-pizza/MHg_fkPtRN-5OILTi-WQ-Q,newington-connecticut
https://www.ubereats.com/connecticut/food-delivery/freshii-hartford/nXg-5T1tQw-6G5Ja46Ki4w,newington-connecticut
https://www.ubereats.com/connecticut/food-delivery/oakwood-cafe/mAjUkJm4SEykS_JBi0ZDaw,newington-connecticut
https://www.ubereats.com/connecticut/food-delivery/hooters-wethersfield/GMzH7gdjSfeESYXeASj2iA,newington-connecticut
https://www.ubereats.com/connecticut/food-delivery/starbucks-wethersfield-route-99/a3CWwWdWQf6TYN9TDDg4ig,newington-connecticut
https://www.ubereats.com/connecticut/food-delivery/restaurant-bricco/ViZCXYKPRxOBD4cOBSRFRw,newington-connecticut
https://www.ubereats.com/connecticut/food-delivery/burger-king-186-prospect-avenue/oIN9_0wUSJuNU0RvmAO6zQ,newington-connecticut
https://www.ubereats.com/connecticut/food-delivery/blue-elephant-trail/p7Ngi_0zT4GpXnvu5KjDBg,newington-connecticut
https://www.ubereats.com/connecticut/food-delivery/starbucks-lasalle/b56M08B7RBemlfZKQRUBrg,newington-connecticut
https://www.ubereats.com/connecticut/food-delivery/outback-steakhouse-817-queen-street/EJxm273SR-qK-VeNcrCsjg,newington-connecticut
https://www.ubereats.com/connecticut/food-delivery/new-hunan/mSEH5yZtQoGZNea2ibGfDQ,newington-connecticut
https://www.ubereats.com/connecticut/food-delivery/popeyes-louisiana-kitchen-flatbush-ave/4T7fvYGLTaiceASLkHMQAQ,newington-connecticut
https://www.ubereats.com/connecticut/food-delivery/wayback-burger-123-farmington-ave-unit-p3/OIJJZCt0Q8SeCidq69YFAQ,newington-connecticut
https://www.ubereats.com/connecticut/food-delivery/boston-market-417-cottage-grove-rd/XpQ3FmPNSP6Zbb-zwL_P5g,newington-connecticut
https://www.ubereats.com/connecticut/food-delivery/deli-road/_W5Tci5ESGu91dUjVPLscA,newington-connecticut
https://www.ubereats.com/connecticut/food-delivery/poke-city/IdFpNcyhQSyZ1dm2nFEbRw,newington-connecticut
https://www.ubereats.com/connecticut/food-delivery/pokemoto-west-hartford-ct/45_DultbQ7i0NXt8YTRptA,newington-connecticut
https://www.ubereats.com/connecticut/food-delivery/five-guys-ct-0647-1442-pleasant-valley-rd/KHNiaMfGSZ-N2XuOoGh24g,newington-connecticut
https://www.ubereats.com/connecticut/food-delivery/bears-smokehouse-hartford/Gi8qKdM4Rr6IGrQ5aNA3xQ,newington-connecticut
https://www.ubereats.com/connecticut/food-delivery/town-line-diner/ql9VxwhXR6aOOiHchxrP-Q,newington-connecticut
https://www.ubereats.com/connecticut/food-delivery/taco-bell-485-flatbush-ave/JmbAx2OfQrCht5o-YhjEmQ,newington-connecticut
https://www.ubereats.com/connecticut/food-delivery/1000-degrees-neapolitan-pizza-glastonbury/3BSx6KftRPSZ2Xf9gw78Lg,newington-connecticut
https://www.ubereats.com/connecticut/food-delivery/fung-chinese-restaurant/uSJzCzliQFWUN0PirqUDAA,newington-connecticut
https://www.ubereats.com/connecticut/food-delivery/plaza-azteca-newington/F5JOjxWZTVuhJ5eWJM_VBQ,newington-connecticut
https://www.ubereats.com/connecticut/food-delivery/roti-boti-restaurant/iALciAaUR4O03oRSWR5Syw,newington-connecticut
https://www.ubereats.com/connecticut/food-delivery/milkcraft/S7kmCiupTb-UiCMrBQxrfw,newington-connecticut
https://www.ubereats.com/connecticut/food-delivery/new-china-house/XNse5CvXTiWv-s0QvSInKQ,newington-connecticut
https://www.ubereats.com/connecticut/food-delivery/starbucks-corbins-corner/qpfjzNfWSdKsEwmQ0PJT8A,newington-connecticut
https://www.ubereats.com/connecticut/food-delivery/pick-and-mix-avon/MPmSm7XrSxSTBYd-uLgcUg,newington-connecticut
https://www.ubereats.com/connecticut/food-delivery/naatiya-indian-restaurant/sAr5kqaITOef4IFvzdFtgw,newington-connecticut
https://www.ubereats.com/connecticut/food-delivery/tasty-bites/8YLvk22KRJuE_KT8GnnxpQ,newington-connecticut
https://www.ubereats.com/connecticut/food-delivery/burger-king-610-hartford-road/ymU_XcONTg-JRVChaJTabQ,newington-connecticut
https://www.ubereats.com/connecticut/food-delivery/pasquallys-pizza-%26-wings-3075-berlin-turnpike/oNo9sg4CS5Gt7uQNCVVNdQ,newington-connecticut
https://www.ubereats.com/connecticut/food-delivery/vivaldis-pizza-avon/340F-kwyRP6UJ30jPzbfcw,newington-connecticut
https://www.ubereats.com/connecticut/food-delivery/casa-mia-at-the-hawthorne/LIqEP-IARdK9e7DbjDvjXQ,newington-connecticut
https://www.ubereats.com/connecticut/food-delivery/brizo/gUlwJxVwR0O4zzuyokWgDg,newington-connecticut
https://www.ubereats.com/connecticut/food-delivery/taco-bell-19-shunpike-road/x3NYdc8aS9GbnYpI6z08CQ,newington-connecticut
https://www.ubereats.com/connecticut/food-delivery/republic-restaurant/KaSDJqxyQ62hw8_VCcqZrA,newington-connecticut
https://www.ubereats.com/connecticut/food-delivery/abc-pizza-house/xLnSh_15Tp6mLRvXa8VdEQ,newington-connecticut
https://www.ubereats.com/connecticut/food-delivery/mecha-noodle-bar-west-hartford-llc/EY98Y6mRSLOQIUCl5NAghg,newington-connecticut
https://www.ubereats.com/connecticut/food-delivery/empire-pizza-house/HN08TYfHQqKPzNvuQEJ-IQ,newington-connecticut
https://www.ubereats.com/connecticut/food-delivery/lo-sano-restaurant-%26-bar-hartford/Fc5vYzCtSLuj83SpS4nM_Q,newington-connecticut
https://www.ubereats.com/connecticut/food-delivery/noodles-%26-company-queen-st-%26-aircraft-rd/AxrgE2RjTv-hxV8FjVezpg,newington-connecticut
https://www.ubereats.com/connecticut/food-delivery/grab-%22n-goes/PuFLg5SDQsquVWc5CCe7Ag,newington-connecticut
https://www.ubereats.com/connecticut/food-delivery/tavern-on-3/yp9A7-87SESr3RIHyrteLg,newington-connecticut
https://www.ubereats.com/connecticut/food-delivery/five-guys-ct-0212-278-scott-swamp-rd/RlzRNoOvRtiZjAtIbxNQIw,newington-connecticut
https://www.ubereats.com/connecticut/food-delivery/taste-of-india/epLDThyORQOr2b_zv8lACg,newington-connecticut
https://www.ubereats.com/connecticut/food-delivery/bricco-trattoria/SiY2syIkQt2mHYPeutupQw,newington-connecticut
https://www.ubereats.com/connecticut/food-delivery/jumbo-buffet/Yza_JSnSTNWFZw9wt2Sc9Q,newington-connecticut
https://www.ubereats.com/connecticut/food-delivery/new-china-house/QtUkvJaQSNuNups1CLMrng,newington-connecticut
https://www.ubereats.com/connecticut/food-delivery/new-view-garden/dzhv2sXpRGy-kkgBza7ahw,newington-connecticut
https://www.ubereats.com/connecticut/food-delivery/nardellis-grinder-shopmiddletown/d1jQ04ziT1OdGEkHX3YejQ,newington-connecticut
https://www.ubereats.com/connecticut/food-delivery/sbarro-185-west-farms-mall/YXJntxEcTMyLqyNuRrqUyg,newington-connecticut
https://www.ubereats.com/connecticut/food-delivery/aladdin-halal/ePFcPQiBTd2yqV8xuOm8kg,newington-connecticut
https://www.ubereats.com/connecticut/food-delivery/dunkin-741-w-main-st/m_JQeRZHRHSALz3mN4YCRg,newington-connecticut
https://www.ubereats.com/connecticut/food-delivery/larosa-marketplace/yFK_ZN1FTjaPtXWlI7oGbg,newington-connecticut
https://www.ubereats.com/connecticut/food-delivery/cosi-185-asylum-street-%23102/tksVlFMiSKipNj0HVt1QJw,newington-connecticut
https://www.ubereats.com/connecticut/food-delivery/dunkin-416-silas-dean-hwy/EcizO2JpQji_KZJK910gjA,newington-connecticut
https://www.ubereats.com/connecticut/food-delivery/guntur-mirchi/XtBkA-m8TDGTCjbBeu9k5w,newington-connecticut
https://www.ubereats.com/connecticut/food-delivery/wings%26pies-pizzeria/WAcBC4GbRZWTyQAHXgxQxA,newington-connecticut
https://www.ubereats.com/connecticut/food-delivery/red-lobster-1324-silas-deane-highway/XoXZPzm3RzibTrmqVpZyXg,newington-connecticut
https://www.ubereats.com/connecticut/food-delivery/kfc-779-albany-avenue/Zd3gJ-g1TMypJUysccdUDg,newington-connecticut
https://www.ubereats.com/connecticut/food-delivery/family-traditions-afe/1Mf_zI72TruVTm0tkyFZwQ,newington-connecticut
https://www.ubereats.com/connecticut/food-delivery/blue-ginger-vegan-thai/iL1Fx_dVTT2dlFw8NbI2xg,newington-connecticut
https://www.ubereats.com/connecticut/food-delivery/zohara-mediterranean-kitchen/zGmoKGt2SUGkUqSnK7mclA,newington-connecticut
https://www.ubereats.com/connecticut/food-delivery/playa-bowls-west-hartford/Ax12sPDAQC2pretwL3ucag,newington-connecticut
https://www.ubereats.com/connecticut/food-delivery/wayback-burgers-346-cromwell-ave/spxmZ0kZTUqv6VGBtXa2kg,newington-connecticut
https://www.ubereats.com/connecticut/food-delivery/wendys-306-prospect-ave/93ARDaoBRficywd2eFVjKg,newington-connecticut
https://www.ubereats.com/connecticut/food-delivery/lemon-mint-bites-%26-salad-bar-new-britain/IlacUcunSNS49ADn-qy3lQ,newington-connecticut
https://www.ubereats.com/connecticut/food-delivery/ihop-885-queen-street/dUzxDGGuRoC66pIZVJbK3A,newington-connecticut
https://www.ubereats.com/connecticut/food-delivery/yummyyummy-chinese-restaurant/uUyL5VYHRgGKg2Nas3GzlA,newington-connecticut
https://www.ubereats.com/connecticut/food-delivery/dennys-539-flatbh-ave/ZgfUdDvWSWi9o7YSdjSC0g,newington-connecticut
https://www.ubereats.com/connecticut/food-delivery/kfc-382-south-main-street/zPuWnDPgSuW5edp8UQOocQ,newington-connecticut
https://www.ubereats.com/connecticut/food-delivery/oc-2-go/r7j0pFqwRHO_l-n_3fXOBw,newington-connecticut
https://www.ubereats.com/connecticut/food-delivery/dragon-garden/lKI2ebIFQKK-3BulQRtUjw,newington-connecticut
https://www.ubereats.com/connecticut/food-delivery/taco-bell-167-new-britain-avenue/HnKALi5sQS-jahlv6WOkiA,newington-connecticut
https://www.ubereats.com/connecticut/food-delivery/caribbean-flavaz/VFmeh7hTTmK2yLm7h-tYmw,newington-connecticut
https://www.ubereats.com/connecticut/food-delivery/belvedere-cafe-and-restaurant/Wh473CXLQsCKpLMdt4C9pg,newington-connecticut
https://www.ubereats.com/connecticut/food-delivery/rush-bowls/nyPUeRERTgO0moDccT5IZQ,newington-connecticut
https://www.ubereats.com/connecticut/food-delivery/chipotle-mexican-grill-1084-silas-deane-hwy/8rLaSz0MSga_IXtgwwr46Q,newington-connecticut
https://www.ubereats.com/connecticut/food-delivery/chick-fil-a-3240-berlin-tpke/SH9ztXotRSe-cGEcTqo6vA,newington-connecticut
https://www.ubereats.com/connecticut/food-delivery/tisumi-japanese-restaurant/An-sq6CbQB-DAg5ysimfCw,newington-connecticut
https://www.ubereats.com/connecticut/food-delivery/more-than-just-lobster/SCmGdQuYT-yiUgGTYgG-Vg,newington-connecticut
https://www.ubereats.com/connecticut/food-delivery/hooties-burger-bar-wethersfield/ECX9-MEDQW2RQMihP5dloQ,newington-connecticut
https://www.ubereats.com/connecticut/food-delivery/blue-plate-kitchen/99E2mHGoR7iEoe5NE_w0ew,newington-connecticut
https://www.ubereats.com/connecticut/food-delivery/subway-75-west-main-st/LstsEWusTEGm-UDQ0BG1sw,newington-connecticut
https://www.ubereats.com/connecticut/food-delivery/mexigo/cfS2azqtRkGR0boTk-Hlnw,newington-connecticut
https://www.ubereats.com/connecticut/food-delivery/stellas-%26-mazies/XLdCNrlcRveEwsgEOvvXlg,newington-connecticut
https://www.ubereats.com/connecticut/food-delivery/mcdonalds-new-britain-main/44kmIiJoRGWhup_YUlP0IA,newington-connecticut
https://www.ubereats.com/connecticut/food-delivery/kent-pizza/dXdcvVeUSFC11_Lj9B68_A,newington-connecticut
https://www.ubereats.com/connecticut/food-delivery/la-casita-del-sabor-ii/AUkjYftVSiGTlDgXY5opPg,newington-connecticut
https://www.ubereats.com/connecticut/food-delivery/mykonos-mediterranean-restaurant/tS_4vuvwSuOLX7V9HlFL_w,newington-connecticut
https://www.ubereats.com/connecticut/food-delivery/pf-changs-322-w-farms-mall-space-f226/HAIAN4FOR12_jB58hwW1sA,newington-connecticut
https://www.ubereats.com/connecticut/food-delivery/elizabeths-bar-and-resturant/El9i7bv9QIOM6cpHvSiY-A,newington-connecticut
https://www.ubereats.com/connecticut/food-delivery/dhaba-wala-indian-kitchen/JsBR_YBxRDSiBVT95mQS8Q,newington-connecticut
https://www.ubereats.com/connecticut/food-delivery/pizza-master/JAzPwECpTnqnjKwCYeUQMA,newington-connecticut
https://www.ubereats.com/connecticut/food-delivery/papa-johns-1180-broad-st/uAyMox4DSb2jHc6cdd6OZw,newington-connecticut
https://www.ubereats.com/connecticut/food-delivery/empire-pizza/xaxFxgyoS4C-Zyi2I3ehZw,newington-connecticut
https://www.ubereats.com/connecticut/food-delivery/the-elbow-room/otY0lERjQ46OjZXX6w8ZCw,newington-connecticut
https://www.ubereats.com/connecticut/food-delivery/mcdonalds-cromwell-ii/NPimlsl4SBe1SF00aHYQGw,newington-connecticut
https://www.ubereats.com/connecticut/food-delivery/ocho-cafe-hartford/xS8-UUpfSTmH4XDDkmjgLA,newington-connecticut
https://www.ubereats.com/connecticut/food-delivery/toasted/Sq3urTT8SYqhOuaEliAn6A,newington-connecticut
https://www.ubereats.com/connecticut/food-delivery/sams-gyro/b6z6MYlVSw-KC-IzCz63GQ,newington-connecticut
https://www.ubereats.com/connecticut/food-delivery/wayback-burgers-893-east-main-street/tDIHjhkPRwOBG2kFEX0j6g,newington-connecticut
https://www.ubereats.com/connecticut/food-delivery/chipotle-mexican-grill-3575-berlin-tpke-unit-b/JRSPhNeUQteejOi5F7ekZg,newington-connecticut
https://www.ubereats.com/connecticut/food-delivery/island-fish-head-jamaican-restaurant/Hi7GYof2To-otCaqh60L6Q,newington-connecticut
https://www.ubereats.com/connecticut/food-delivery/artisan-restaurant-west-hartford/E4V0yLjfSH69XUEogVgezQ,newington-connecticut
https://www.ubereats.com/connecticut/food-delivery/the-boss-grill/MFnupoVkQR-cNwgASTg8Bw,newington-connecticut
https://www.ubereats.com/connecticut/food-delivery/pita-souvlaki/pxd8DWOeR4-kfMXGu5Ff_A,newington-connecticut
https://www.ubereats.com/connecticut/food-delivery/casona-restaurant-bar-%26-lounge/ABGh0bh_Rr6e8FWNPxMbfg,newington-connecticut
https://www.ubereats.com/connecticut/food-delivery/starbucks-town-center-west/UYbCMWUcQq-zlh0hhdEH-g,newington-connecticut
https://www.ubereats.com/connecticut/food-delivery/fornarellis-ristorante/GvcWM7xVTluRfYVG8Eudfg,newington-connecticut
https://www.ubereats.com/connecticut/food-delivery/vivaldis-pizza-newington/OXCgUHVOSaqp5vDRFsmkrg,newington-connecticut
https://www.ubereats.com/connecticut/food-delivery/best-pizza/r9GrJdNlR6qPkKHsWRv9LQ,newington-connecticut
https://www.ubereats.com/connecticut/food-delivery/hartford-baking-co/HINFtWfSRXGOof7dzdFl-A,newington-connecticut
https://www.ubereats.com/connecticut/food-delivery/sisson-pizza/mFJB70b4R7y62OCnk_-_3g,newington-connecticut
https://www.ubereats.com/connecticut/food-delivery/kfc-866-queen-street/apdNa2vZQkWFQE5U3elw9g,newington-connecticut
https://www.ubereats.com/connecticut/food-delivery/brazil-grill-pizza-churrascaria/6qHD2dHbSKu_0PTRfZr9hw,newington-connecticut
https://www.ubereats.com/connecticut/food-delivery/panera-3120-berlin-turnpike/HJ9O3OgUQsenivlL1jFsvw,newington-connecticut
https://www.ubereats.com/connecticut/food-delivery/the-place-2-be/SPfhapnbTU-9LYTyOoyd4g,newington-connecticut
https://www.ubereats.com/connecticut/food-delivery/mcdonalds-mrt-luth-kng-dr/4CjQLyMARcuWaUiSlTpudg,newington-connecticut
https://www.ubereats.com/connecticut/food-delivery/giulias-pizza-restaurant/5WARgvtgSt-ooIUrdAGGSA,newington-connecticut
https://www.ubereats.com/connecticut/food-delivery/vero-pizza/kpIyfCDXRo-sDZrk4DYsCw,newington-connecticut
https://www.ubereats.com/connecticut/food-delivery/five-guys-ct-1035-560-washington-st/kXwsp8JfSo2xXqf7DtCKIg,newington-connecticut
https://www.ubereats.com/connecticut/food-delivery/averys-beverages/PtOkYoJUQNSy2TqF3VIbgA,newington-connecticut
https://www.ubereats.com/connecticut/food-delivery/winding-brook-cafe/CRa1H_59QxqUnW6E6qVqSg,newington-connecticut
https://www.ubereats.com/connecticut/food-delivery/empire-pizza/m-L_VKOkRWyltWLyVmLD6A,newington-connecticut
https://www.ubereats.com/connecticut/food-delivery/paradise-pizza/ZLukDYHfQhi5zQ2RzSpVlA,newington-connecticut
https://www.ubereats.com/connecticut/food-delivery/fit-%26-trim-nutrition/jwfbfm2xQ6uUKmqL8rMYFQ,newington-connecticut
https://www.ubereats.com/connecticut/food-delivery/new-world-chinese-restaurant/OOh4Vo46TUyAuu_laKfm8w,newington-connecticut
https://www.ubereats.com/connecticut/food-delivery/mcdonalds-hartford-washngt/BfYyeHWmSkuLGe3pnv5iMw,newington-connecticut
https://www.ubereats.com/connecticut/food-delivery/coji-kitchen/2hHGdvrWRlaIxuXBoYnNDw,newington-connecticut
https://www.ubereats.com/connecticut/food-delivery/la-fonda-restaurante-%26-bar/5Cc56j0ETJWIGrXaUb_bSA,newington-connecticut
https://www.ubereats.com/connecticut/food-delivery/starbucks-farmington-route-4/vGdimkMdRzmDewbOmDxGQw,newington-connecticut
https://www.ubereats.com/connecticut/food-delivery/dangelo-grilled-sandwiches-34-shunpike-rd-rt-3/_7y9YX32Q3qRjyPHtP5ekA,newington-connecticut
https://www.ubereats.com/connecticut/food-delivery/fire-n-spice-restaurant-and-bakery-capitol-ave/0ixdyrqKRliL6KioNT97QQ,newington-connecticut
https://www.ubereats.com/connecticut/food-delivery/great-star-chinese-restaurant/1eaOK0CGQ7qJdDt94F6yqg,newington-connecticut
https://www.ubereats.com/connecticut/food-delivery/juneli-india-kitchen/RBMsxf10QbWLK8y7av8oug,newington-connecticut
https://www.ubereats.com/connecticut/food-delivery/bertuccis-newington/JOXB0MuoR0GJlmeayBrzwg,newington-connecticut
https://www.ubereats.com/connecticut/food-delivery/checkers-pizza/DlyuzrznSNi-YG9AxHGeaQ,newington-connecticut
https://www.ubereats.com/connecticut/food-delivery/ben-%26-jerrys-west-hartford/-DZBediTTKuFeEkICoRvDA,newington-connecticut
https://www.ubereats.com/connecticut/food-delivery/noodles-%26-company-glastonbury-41-hebron-ave/LKTizhiCTViD3cAsBTh4Og,newington-connecticut
https://www.ubereats.com/connecticut/food-delivery/world-of-beer-73-isham-rd/CXTelVcISGiAlWH3A2Rq2w,newington-connecticut
https://www.ubereats.com/connecticut/food-delivery/the-simple-greek-west-hartford/uL7VkWgBTGabF7-w4gKOEg,newington-connecticut
https://www.ubereats.com/connecticut/food-delivery/utsav-indian-cuisine-wethersfield/DmPOsXmFRm-zvOHU38_q4A,newington-connecticut
https://www.ubereats.com/connecticut/food-delivery/subway-348-colt-hwy/JkmEgrT9RfmSHhafxHZVCw,newington-connecticut
https://www.ubereats.com/connecticut/food-delivery/tokyo-sushi/uEB9zXovQ9erVzdWvvgJ8w,newington-connecticut
https://www.ubereats.com/connecticut/food-delivery/dunkin-152-main-st/0MRRwnUvTtmU0-lmd7Wbnw,newington-connecticut
https://www.ubereats.com/connecticut/food-delivery/kfc-470-farmington-avenue/x4xcfGKaSXCuXAUC3cmGMQ,newington-connecticut
https://www.ubereats.com/connecticut/food-delivery/dangelo-grilled-sandwiches-1345-silas-deane-hwy-rt-99/ttrU6Le8RYyVo4Lym2vZKw,newington-connecticut
https://www.ubereats.com/connecticut/food-delivery/the-market-restaurant/H93uEUHBS6yuTuOISlLewA,newington-connecticut
https://www.ubereats.com/connecticut/food-delivery/wings-over-newington/BJMDL43hTqq4wLbmTYqO2g,newington-connecticut
https://www.ubereats.com/connecticut/food-delivery/casa-mia-on-the-green/Robqr5_gQl2FjxBrqr0D9A,newington-connecticut
https://www.ubereats.com/connecticut/food-delivery/max-pizza-ii/JaG51lOGQwmyedX4UnmQrQ,newington-connecticut
https://www.ubereats.com/connecticut/food-delivery/king-pizza/-4eNLxEEREy38HHCdFMb2Q,newington-connecticut
https://www.ubereats.com/connecticut/food-delivery/brooklyn-deli-and-market/bgbFl3vERJ2MThDHiFM_aA,newington-connecticut
https://www.ubereats.com/connecticut/food-delivery/lemon-mint-bites-%26-salad-bar/pBABHpcRQCiqvew_vF2HPg,newington-connecticut
https://www.ubereats.com/connecticut/food-delivery/mcdonalds-rocky-hill-deane/L0ma_nc0TgaQ0GwquoIU2Q,newington-connecticut
https://www.ubereats.com/connecticut/food-delivery/dunkin-767-cromwell-ave/izdLisNKTMqFfBEgr6jL7g,newington-connecticut
https://www.ubereats.com/connecticut/food-delivery/honey-baked-ham-2657-berlin-turnpike/uDES83VBQceWHndSZxv1Tw,newington-connecticut
https://www.ubereats.com/connecticut/food-delivery/taco-bell-760-e-main-st/J1QdfDJ8Rha714WlnWPE4A,newington-connecticut
https://www.ubereats.com/connecticut/food-delivery/hot-basil-thai-cafe/2cxgiUdrSHG5GK6qpWBfKA,newington-connecticut
https://www.ubereats.com/connecticut/food-delivery/maruichi-japanese-food/KAcD5_zSTAuB1a9VANMlKQ,newington-connecticut
https://www.ubereats.com/connecticut/food-delivery/subway-395-main-st/Q-hoAPAdRhufR6f_t0egng,newington-connecticut
https://www.ubereats.com/connecticut/food-delivery/nardellis-grinder-shop-east-hartford/CGybUFA-QVKbi-DeNDlSew,newington-connecticut
https://www.ubereats.com/connecticut/food-delivery/subway-1395-east-st/6h7Y8LzdT-yrtkPKZEk4-w,newington-connecticut
https://www.ubereats.com/connecticut/food-delivery/subway-1224-farmington-ave/pZMq_z-xS8yjA6AeufO9Lw,newington-connecticut
https://www.ubereats.com/connecticut/food-delivery/siam-glastonbury/56LtC_KyQ767SNyIdto5Pw,newington-connecticut
https://www.ubereats.com/connecticut/food-delivery/chosen-1-cajun-seafood/Ika2m9zvQoO_NiFg2Z4WEg,newington-connecticut
https://www.ubereats.com/connecticut/food-delivery/wild-orchid/c0nM0wd8Q1KPm8z5gx8w-g,newington-connecticut
https://www.ubereats.com/connecticut/food-delivery/margaritas-mexican-restaurant-east-hartford/t6X4wyjNT9u_DOSTNHIwTg,newington-connecticut
https://www.ubereats.com/connecticut/food-delivery/cinnabon-1500-new-britain-avenue/fJSNo82WQW-hlW8cg6BM0Q,newington-connecticut
https://www.ubereats.com/connecticut/food-delivery/flemings-prime-steakhouse-%26-wine-bar-west-hartford/CeCz3HdwQAWKhPMAdPRZsg,newington-connecticut
https://www.ubereats.com/connecticut/food-delivery/the-elephant-trail/jicsjnbbR6iP_MoH4CUIjw,newington-connecticut
https://www.ubereats.com/connecticut/food-delivery/dennys-1298-silas-deane-hwy/uCB4j8OKT7OIepOxmfKoIQ,newington-connecticut
https://www.ubereats.com/connecticut/food-delivery/the-seafood-truck/hLyJtBAlQ_iCI0S-grP3Xw,newington-connecticut
https://www.ubereats.com/connecticut/food-delivery/mooyah-burgers-24-fenn-rd/ZGeEirGCR1mMQZoeQfPUsw,newington-connecticut
https://www.ubereats.com/connecticut/food-delivery/boston-market-1240-farmington-ave/p6cO2iGBQMOJV2CGXh50rg,newington-connecticut
https://www.ubereats.com/connecticut/food-delivery/sakura-garden-glastonbury/LArHNPxdQauA5nvsLSe4OA,newington-connecticut
https://www.ubereats.com/connecticut/food-delivery/mamas-authentic-spanish-food/SuBZTQWgTzeRGi574FE2pQ,newington-connecticut
https://www.ubereats.com/connecticut/food-delivery/crepes-boulevard/BtnZxzJTQ3u4m4mggDgLFA,newington-connecticut
https://www.ubereats.com/connecticut/food-delivery/the-greenway-market/KPvH9IjlQSKhie7D9c3VoA,newington-connecticut
https://www.ubereats.com/connecticut/food-delivery/dunkin-397-cromwell-ave/A5lx4OAhRQSwGUQYiOrxhQ,newington-connecticut
https://www.ubereats.com/connecticut/food-delivery/wendys-303-main-st/XfDaRFIBSY2kLtCW6ZJMuQ,newington-connecticut
https://www.ubereats.com/connecticut/food-delivery/krispy-krunchy-chicken-687-arch-st/JMZdo6LGTFOmm4gt2ijYLA,newington-connecticut
https://www.ubereats.com/connecticut/food-delivery/subway-770-silas-deane-hwy/BE-H6ON1SUOSrtHCrN31QQ,newington-connecticut
https://www.ubereats.com/connecticut/food-delivery/wendys-90-airport-rd/fjZkNtNdRFmStBTXPoSClA,newington-connecticut
https://www.ubereats.com/connecticut/food-delivery/claudias-grinder-shop/5TKKVyyWREOP8OHDgCa4lQ,newington-connecticut
https://www.ubereats.com/connecticut/food-delivery/sliders-grill-berlin/kwBFNJOOReqz6LFt9jIJ7g,newington-connecticut
https://www.ubereats.com/connecticut/food-delivery/south-whitney-pizza/AfSXeO65SmqDCahruDl7IQ,newington-connecticut
https://www.ubereats.com/connecticut/food-delivery/starbucks-fenn-road-plaza/M29FnFp0QcKUiHDmbgGLwg,newington-connecticut
https://www.ubereats.com/connecticut/food-delivery/nardellis-grinder-shopmeridien/NPDVff2MSwaY9Hg6P9azcA,newington-connecticut
https://www.ubereats.com/connecticut/food-delivery/royal-pizza-house/X6WjSrhHQYendw6CMd53Dw,newington-connecticut
https://www.ubereats.com/connecticut/food-delivery/roosters-chicken-wethersfield-ct/tkvAUFt6RFeRzSFDZFtPxQ,newington-connecticut
https://www.ubereats.com/connecticut/food-delivery/dennys-621-queen-st/HSAgR7UWT4m9hVU6ObYTEA,newington-connecticut
https://www.ubereats.com/connecticut/food-delivery/pizza-works/_JdMl06pQFmJmK1UVnUxbw,newington-connecticut
https://www.ubereats.com/connecticut/food-delivery/kfc-31-town-line-road/2t1l4z8jQGS0ipOFmqa3zQ,newington-connecticut
https://www.ubereats.com/connecticut/food-delivery/chef-j-r-me/TB-znjARSR-SkCqdYi0DRg,newington-connecticut
https://www.ubereats.com/connecticut/food-delivery/goldbergs-bagel-cafe-new-britain-ave/1EV-Ky89Tr2ixojdpog6Kg,newington-connecticut
https://www.ubereats.com/connecticut/food-delivery/krauszers/CIyY-EkjTqKsPZLWVHnCoA,newington-connecticut
https://www.ubereats.com/connecticut/food-delivery/san-gennaro/xI-LynYdRbODcJnbRPO6ww,newington-connecticut
https://www.ubereats.com/connecticut/food-delivery/taco-bell-5-westfarms-mall/KpqVcYZPRNSXGHh2-hPObg,newington-connecticut
https://www.ubereats.com/connecticut/food-delivery/tgi-fridays-692-newington-ct/mEoWEGfmTdK5hTC5svTM6g,newington-connecticut
https://www.ubereats.com/connecticut/food-delivery/napoli-salads/Gk6nUslER_mJtP85lOHIuw,newington-connecticut
https://www.ubereats.com/connecticut/food-delivery/taco-bell-1-main-st/F_ezhgvsTI2HrL3UIX_Hmw,newington-connecticut
https://www.ubereats.com/connecticut/food-delivery/boston-market-2495-berlin-tpke/Qi4Lbx5CSCCHWI92KiBg9A,newington-connecticut
https://www.ubereats.com/connecticut/food-delivery/the-kitchen-eatery-and-lounge/7wiaew0gRpWifNPk0XLzdA,newington-connecticut
https://www.ubereats.com/connecticut/food-delivery/carvel-2864-a-main-street/QMRa8OQkR9SIzSH6QkwILw,newington-connecticut
https://www.ubereats.com/connecticut/food-delivery/mcdonalds-hartford-prospct/M9IH2ssYS4CU6Wijm7_7ew,newington-connecticut
https://www.ubereats.com/connecticut/food-delivery/la-casita-del-sabor/KOEoe843Skm7Umn_HYtOog,newington-connecticut
https://www.ubereats.com/connecticut/food-delivery/kettle-bagels/H6av5AzXTIC834gWxjG8EA,newington-connecticut
https://www.ubereats.com/connecticut/food-delivery/corner-grinder-shop/TlxM1kPXSS2NmBLsBQbhSg,newington-connecticut
https://www.ubereats.com/connecticut/food-delivery/dough-life/EpHuIK0DS6e8cpLtcvVrbQ,newington-connecticut
https://www.ubereats.com/connecticut/food-delivery/roma-pizza-and-restaurant/ieKYtzSyRtmCvi1hlgF_zQ,newington-connecticut
https://www.ubereats.com/connecticut/food-delivery/mercado-foods/0-KghvTQSWqIY77As26IuQ,newington-connecticut
https://www.ubereats.com/connecticut/food-delivery/pizza-pal/ZuMs1M4uSwqefmw0HWcxhw,newington-connecticut
https://www.ubereats.com/connecticut/food-delivery/the-ice-cream-shop/RD9v-yoCRHWreTfrro-kUQ,newington-connecticut
https://www.ubereats.com/connecticut/food-delivery/dunkin-1949-silas-deane-highway/b0OanySfTp67i-EI3TUwPw,newington-connecticut
https://www.ubereats.com/connecticut/food-delivery/bhog-indian-cuisine-rocky-hill/FdeC5eYPRGqK823Z7ctUHg,newington-connecticut
https://www.ubereats.com/connecticut/food-delivery/max-burger/yXhuij7ETP-nDj2FAM8I3A,newington-connecticut
https://www.ubereats.com/connecticut/food-delivery/kaliubon-ramen/3NfiW3JnSNGnPQ2zaWs0GQ,newington-connecticut
https://www.ubereats.com/connecticut/food-delivery/el-pollo-guapo-wethersfield/dNau4zDwRgOldZoXNN18pQ,newington-connecticut
https://www.ubereats.com/connecticut/food-delivery/el-pollo-guapo-hartford/QYVZ0AKKSXCKkWo5xWOjug,newington-connecticut
https://www.ubereats.com/connecticut/food-delivery/sweet-basil/0wrSstdGRcq1oPmhmh9d3Q,newington-connecticut
https://www.ubereats.com/connecticut/food-delivery/mizzu-asian-bistro/JyFfZAyXQw6PgZUbfZU8xQ,newington-connecticut
https://www.ubereats.com/connecticut/food-delivery/50-west/UtP70OMrTCqaHGjjn9Te8A,newington-connecticut
https://www.ubereats.com/connecticut/food-delivery/nardellis-grinder-shoppe-farmington/CsgXZRt0RhK3KrV7XkI9kA,newington-connecticut
https://www.ubereats.com/connecticut/food-delivery/starbucks-city-place-asylum-street/8sJJX0Y8RtiGHqHtg_cOlA,newington-connecticut
https://www.ubereats.com/connecticut/food-delivery/mitchells-coffee-house/o8-RPQEgTsiW33AYVj7B9g,newington-connecticut
https://www.ubereats.com/connecticut/food-delivery/mcdonalds-nw-britain-hrtfd/YqRNloHYRrSvPevgihQhXg,newington-connecticut
https://www.ubereats.com/connecticut/food-delivery/pokeworks-west-hartford/G0I4_Zx1RUmGgbAPCo8HGw,newington-connecticut
https://www.ubereats.com/connecticut/food-delivery/village-pizza-halal-restaurant/c-Ath6guTieiBbQdxVhtdQ,newington-connecticut
https://www.ubereats.com/connecticut/food-delivery/el-pollo-guapo-glastonbury/jqI-426SQ2mIa9OseiPi4A,newington-connecticut
https://www.ubereats.com/connecticut/food-delivery/pizza-pesto/gSbjnGSERA-YQFlbXXLTxw,newington-connecticut
https://www.ubereats.com/connecticut/food-delivery/spoonshoppe-brooke-deli/8GltcSomSki35wKC63BznA,newington-connecticut
https://www.ubereats.com/connecticut/food-delivery/ny-chicken-%26-grill/tIN2xJrtTcGlrKbU4D-_rg,newington-connecticut
https://www.ubereats.com/connecticut/food-delivery/hfc-chicken-and-pizza/WRqulNyiR0SwsPKAB8OTtg,newington-connecticut
https://www.ubereats.com/connecticut/food-delivery/peppercorns-grill/i4RpeKK9TnaOG6rKlT5g6g,newington-connecticut
https://www.ubereats.com/connecticut/food-delivery/subway-1537-stanley-st/--kfxXakQpiS_UsfwVLniA,newington-connecticut
https://www.ubereats.com/connecticut/food-delivery/benjies-jamaican/bvtFZS_ETnWXJ6wiU-6V4g,newington-connecticut
https://www.ubereats.com/connecticut/food-delivery/himalaya-restaurant/RcHlpomoRNKyXnhenIkfPg,newington-connecticut
https://www.ubereats.com/connecticut/food-delivery/kfc-722-e-main-st/qeHkUx46SVeMqyU59Jb93w,newington-connecticut
https://www.ubereats.com/connecticut/food-delivery/krispy-krunchy-chicken-605-albany-ave/3ks_ivOnQDiGeEN9mGqvog,newington-connecticut
https://www.ubereats.com/connecticut/food-delivery/kizls/ZJ1P1MhDR9ujS_m5fzgqoA,newington-connecticut
https://www.ubereats.com/connecticut/food-delivery/sweet-chilli/w67LvYvVRmSRGnGu35W6tA,newington-connecticut
https://www.ubereats.com/connecticut/food-delivery/michel-angelos-pizzeria/u6USH9dpSvaDAdhuSLPddQ,newington-connecticut
https://www.ubereats.com/connecticut/food-delivery/chipotle-mexican-grill-808-washington-st/m-SwVQfVQRO6ZFrHOK3MAg,newington-connecticut
https://www.ubereats.com/connecticut/food-delivery/luen-hop-chinese-take-out/gHnDd5X1S1ye8sp9GSwXog,newington-connecticut
https://www.ubereats.com/connecticut/food-delivery/city-pizza/f1In6IC0QASOnzlcGMitVQ,newington-connecticut
https://www.ubereats.com/connecticut/food-delivery/pachanga-empanadas-argentinas/rT12YETrSvKinrgvPOQrIg,newington-connecticut
https://www.ubereats.com/connecticut/food-delivery/naija-restaurant/wo1-bFjQRjacxj04drX_cA,newington-connecticut
https://www.ubereats.com/connecticut/food-delivery/buffalo-wild-wings-1267-silas-deane-highway/1OV8SYl-RCig3HWUVdo-TQ,newington-connecticut
https://www.ubereats.com/connecticut/food-delivery/pitta-gourmet/w6rTqFtqT-mfzQhC8nKsdw,newington-connecticut
https://www.ubereats.com/connecticut/food-delivery/taqueria-la-grande/3tJ0mpNjRXuDFQSHu0ry6Q,newington-connecticut
https://www.ubereats.com/connecticut/food-delivery/red-robin-176-1509-new-britain-ave/I8kwM7lIS4qNEaCrJBxNAg,newington-connecticut
https://www.ubereats.com/connecticut/food-delivery/jamaican-kitchen/EisYNE3DRoGpQZZhnXY_aA,newington-connecticut
https://www.ubereats.com/connecticut/food-delivery/harvest-bakery/T9-dznSWS3ipo6gONSLM3A,newington-connecticut
https://www.ubereats.com/connecticut/food-delivery/subway-260-newington-ave/q3hBm2snQzuiE-IzGDaGeQ,newington-connecticut
https://www.ubereats.com/connecticut/food-delivery/dunkin-1-kirby-rd/Skdb09k4TZiG1zTocoNN2w,newington-connecticut
https://www.ubereats.com/connecticut/food-delivery/krispy-krunchy-chicken-867-wethersfield-ave/7zaIVvMDS1af_QVXEcvMiA,newington-connecticut
https://www.ubereats.com/connecticut/food-delivery/wings-over-west-hartford/L9JvHiTMS36Z5xBGNW_UgA,newington-connecticut
https://www.ubereats.com/connecticut/food-delivery/dunkin-225-silas-deane-hwy/jg2ShnG5QCWDDOS0rtElpg,newington-connecticut
https://www.ubereats.com/connecticut/food-delivery/taco-bell-20-e-main-st/rWNIKyYZQsykaVZd-BJLfg,newington-connecticut
https://www.ubereats.com/connecticut/food-delivery/burger-king-ct-6807/LWgn_2UlSKO4YpbDdCvwLA,newington-connecticut
https://www.ubereats.com/connecticut/food-delivery/terreno-at-the-goodwin-hotel/4mH-Oo6GTMehterATKw3HQ,newington-connecticut
https://www.ubereats.com/connecticut/food-delivery/wendys-171-new-britain-avenue/Aspckt0IRyGJw9ThmQ5Mrg,newington-connecticut
https://www.ubereats.com/connecticut/food-delivery/taco-bell-1250-farmington-ave/SFMG7eg9SXyEwl2Y2mOqng,newington-connecticut
https://www.ubereats.com/connecticut/food-delivery/sonic-90-buckland-street/myFuCMDpQlCzIHoeoqkLiw,newington-connecticut
https://www.ubereats.com/connecticut/food-delivery/savoy-pizzeria-%26-craft-bar/_JT1PvQZTb6pHVxPQt-4DQ,newington-connecticut
https://www.ubereats.com/connecticut/food-delivery/vivaldis-pizza-southington/7S1FlkHNTn-o9o62Mz8ngw,newington-connecticut
https://www.ubereats.com/connecticut/food-delivery/mcdonalds-newington-berlin/DOY4XdfLSuqhZ1-XKply9Q,newington-connecticut
https://www.ubereats.com/connecticut/food-delivery/ruby-tuesday-50-shunpike-road/fjipytWWTymCz_FVrsbAgg,newington-connecticut
https://www.ubereats.com/connecticut/food-delivery/uncle-willies-bbq-893-east-main-street/75w_n05_RtSm_z42U63F4w,newington-connecticut
https://www.ubereats.com/connecticut/food-delivery/familys-bakery-%26-restaurant/ISu2wIBVTZmNhr6WZD28ZA,newington-connecticut
https://www.ubereats.com/connecticut/food-delivery/jackies-gourmet-restaurant/Efw6SLH5T8aA5RnICYN5cw,newington-connecticut
https://www.ubereats.com/connecticut/food-delivery/chipotle-mexican-grill-1457-new-britain-ave/jjvu8BqDRgqfnG6dIdH5BQ,newington-connecticut
https://www.ubereats.com/connecticut/food-delivery/burger-king-70-airport-road/21BF082dS92JU1kuHDbaGQ,newington-connecticut
https://www.ubereats.com/connecticut/food-delivery/dunkin-450-s-main-st/SfhiugcvQuy9Yfdt75b_Xw,newington-connecticut
https://www.ubereats.com/connecticut/food-delivery/burger-%26-wing-time/29OQkNYsT7OUKFZnymFiFQ,newington-connecticut
https://www.ubereats.com/connecticut/food-delivery/dunkin-265-washington-st/TuERluaGSsW3_1T6KWu4ww,newington-connecticut
https://www.ubereats.com/connecticut/food-delivery/taste-of-soul/CTSVXxAbSKGbGj-33m9plQ,newington-connecticut
https://www.ubereats.com/connecticut/food-delivery/cheeks-chicken-manchester/UyhnwWsVTgOSTOlCaMuCfQ,newington-connecticut
https://www.ubereats.com/connecticut/food-delivery/juiced-up-juice-bar/MKVPvvAjSXeqHEFonig4aw,newington-connecticut
https://www.ubereats.com/connecticut/food-delivery/burger-king-872-silas-deane-highway/RoVsqrcOSdy5jzisdAMXnQ,newington-connecticut
https://www.ubereats.com/connecticut/food-delivery/subway-450-new-park-ave/8xf-GWzUQSyrT7pkp8fiSw,newington-connecticut
https://www.ubereats.com/connecticut/food-delivery/spice-venue/UrB6UyNcQh6gVgUd2dvahw,newington-connecticut
https://www.ubereats.com/connecticut/food-delivery/el-cafetal-restaurant/CZ3Nuh8ARHexyZEmtbUbYA,newington-connecticut
https://www.ubereats.com/connecticut/food-delivery/donut-crazy-west-hartford/509u5cTlQzyWHSzT7xxR9g,newington-connecticut
https://www.ubereats.com/connecticut/food-delivery/moes-southwest-grill-3145-berlin-turnpike/uFQBwKXjTxaYwYKLIoRVqA,newington-connecticut
https://www.ubereats.com/connecticut/food-delivery/pizza-corner/1vDVD3MzR1Ch6M2XxNn7Vg,newington-connecticut
https://www.ubereats.com/connecticut/food-delivery/procaccinis-italian-family-restaurant/M-rfyt1sTq-RiGBxPQsbxQ,newington-connecticut
https://www.ubereats.com/connecticut/food-delivery/peoples-choice-pizza/slNH-AoXQr684erPYYK1Fw,newington-connecticut
https://www.ubereats.com/connecticut/food-delivery/l-%26-v-s-main-groceries/qbad9jnXQDWdzuQibTmgdg,newington-connecticut
https://www.ubereats.com/connecticut/food-delivery/chipotle-mexican-grill-140-glastonbury-blvd-ste-4/3-plBM3yShGMQv5sIgBECA,newington-connecticut
https://www.ubereats.com/connecticut/food-delivery/ny-chicken/3x6m9JQoRjKYgsKVBc_1zA,newington-connecticut
https://www.ubereats.com/connecticut/food-delivery/arch-2/_sGtVMAhQaaQSoMg9Qd6bQ,newington-connecticut
https://www.ubereats.com/connecticut/food-delivery/mexipho/2MtnFaRpQrit_l75Iog1OQ,newington-connecticut
https://www.ubereats.com/connecticut/food-delivery/california-pizza-kitchen-3-westfarms-mall-space-%23e-125/EbTL8UP1T2aBHzZwOai_Bg,newington-connecticut
https://www.ubereats.com/connecticut/food-delivery/pizzapie-wood-fire-pizza/q49mcuwSTymM7nhxfkZNmw,newington-connecticut
https://www.ubereats.com/connecticut/food-delivery/thai-avenue/aEpTd7NgSnKH80Z5JfRgSA,newington-connecticut
https://www.ubereats.com/connecticut/food-delivery/mcdonalds-hartford-albany/4mpeFcmoRuKotfpcAhaVUg,newington-connecticut
https://www.ubereats.com/connecticut/food-delivery/five-guys-ct-0595-316-north-main-st/o2Tzxxz1SNypPw3BbGTMwQ,newington-connecticut
https://www.ubereats.com/connecticut/food-delivery/central-blue-moon/Zdq6fG1wSGOljS07SDjxqQ,newington-connecticut
https://www.ubereats.com/connecticut/food-delivery/wendys-209-west-street/sH8N8POPQwGP8X7KiRH62g,newington-connecticut
https://www.ubereats.com/connecticut/food-delivery/mofongo/zU2UTxK_QLm-sC_ZO4oZSg,newington-connecticut
https://www.ubereats.com/connecticut/food-delivery/big-cheese-pizza/rTVRqyIESLOYWNAFvfcwlg,newington-connecticut
https://www.ubereats.com/connecticut/food-delivery/new-china/3FlvoIu8Q72Mh8CTMoRaGw,newington-connecticut
https://www.ubereats.com/connecticut/food-delivery/priya-indian-cuisine/hpIqJJY1Q1qb03-LIXrAew,newington-connecticut
https://www.ubereats.com/connecticut/food-delivery/kbarr/sCoM6EVyRNS9Z9pOioYlhQ,newington-connecticut
https://www.ubereats.com/connecticut/food-delivery/modern-pastry-shop/ITYTuS_rRv-TzQIeCvVaQQ,newington-connecticut
https://www.ubereats.com/connecticut/food-delivery/el-nuevo-sarape-restaurant/sspTAPNYT_2eQUpS4mKf8Q,newington-connecticut
https://www.ubereats.com/connecticut/food-delivery/jersey-mikes-2941-main-st/7cSvoVb4SKWJ7ENo3RnqrA,newington-connecticut
https://www.ubereats.com/connecticut/food-delivery/new-britain-house-of-pizza/VQiiaHjaQeuyeVhUfFgqmA,newington-connecticut
https://www.ubereats.com/connecticut/food-delivery/the-ice-cream-shop/SjOiqLBlRvqL_Zivi0JusA,newington-connecticut
https://www.ubereats.com/connecticut/food-delivery/kfc-300-burnside-avenue/xLkCSe6HQ0aUcTA0mz95Ew,newington-connecticut
https://www.ubereats.com/connecticut/food-delivery/wood-n-tap-rocky-hill/CPERjeaCTkWMZj091mJxeA,newington-connecticut
https://www.ubereats.com/connecticut/food-delivery/antojitos-colombianos/rR-MG6SsT5elQhwkoVYIsQ,newington-connecticut
https://www.ubereats.com/connecticut/food-delivery/taco-bell-851-washington-st/3bW3ibQMTria7PEIu9ZPrg,newington-connecticut
https://www.ubereats.com/connecticut/food-delivery/ninja-japan/xgN_Rh9jS6S1Lc3HbpTJUA,newington-connecticut
https://www.ubereats.com/connecticut/food-delivery/pho-135/prY6NC8dSsGCoEf4IvkPAw,newington-connecticut
https://www.ubereats.com/connecticut/food-delivery/shish-kebab-house-of-afghanistan/WhvSmutLRwKd8uvfWRSxUw,newington-connecticut
https://www.ubereats.com/connecticut/food-delivery/mcladdens-west-hartford/AWK5rxt0SK-TSzHzPSaE1g,newington-connecticut
https://www.ubereats.com/connecticut/food-delivery/friendlys-3420-berlin-turnpike/WnQTeZK5Tjyyjn9T9buC-w,newington-connecticut
https://www.ubereats.com/connecticut/food-delivery/donde-julio-restaurant-hartford/vdgDlYkNQWeQSWrJ4_e7Og,newington-connecticut
https://www.ubereats.com/connecticut/food-delivery/nardellis-grinder-shoppecromwell/gZq8LtEoTRKQPv-Qrc5sHQ,newington-connecticut
https://www.ubereats.com/connecticut/food-delivery/huarique-restaurant-bar/AceDa8E8Ro-r7pjo4biemw,newington-connecticut
https://www.ubereats.com/connecticut/food-delivery/luna-pizza/Zaf0M9FISTC7R45HDG9_LQ,newington-connecticut
https://www.ubereats.com/connecticut/food-delivery/cromwell-diner/2g67XaxeRUuJWciPG-ZbAg,newington-connecticut
https://www.ubereats.com/connecticut/food-delivery/pizza-works/LOdefpXKSS6V5zQLetpdwg,newington-connecticut
https://www.ubereats.com/connecticut/food-delivery/dunkin-24-shunpike-rd/ATQRJsOXSpSjHH9GNgOClg,newington-connecticut
https://www.ubereats.com/connecticut/food-delivery/ihop-339-cottage-grove-rd/IjBQlyRVS9SEa-ZxC_T3wA,newington-connecticut
https://www.ubereats.com/connecticut/food-delivery/wing-squad-glastonbury/uhs27t6aQ7G-OQT54qFwZA,newington-connecticut
https://www.ubereats.com/connecticut/food-delivery/subway-3164-berlin-turnpike/g8PrA2UORO64rBgoaGVQ7g,newington-connecticut
https://www.ubereats.com/connecticut/food-delivery/mcdonalds-hartford-brainard/Zp5gntK-SziPgjkbzd4I0Q,newington-connecticut
https://www.ubereats.com/connecticut/food-delivery/ichiban-express-and-poke-bowl/gKkLoHBPRpupd9LQtG_ijg,newington-connecticut
https://www.ubereats.com/connecticut/food-delivery/wing-squad-newington/XREZJBpKRk2QPEOfWcZyqA,newington-connecticut
https://www.ubereats.com/connecticut/food-delivery/wing-it-on!-new-britain/PwWQHabXRxK4RPf_hwL32w,newington-connecticut
https://www.ubereats.com/connecticut/food-delivery/husky-pizza/OE2x3KlRS4m5CdQX8L3m5A,newington-connecticut
https://www.ubereats.com/connecticut/food-delivery/noodles-%26-company-n-main-st-%26-albany-ave/A6fOCsi3SWyQ5Z88CXLmYA,newington-connecticut
https://www.ubereats.com/connecticut/food-delivery/kfc-930-new-britain-avenue/Ce-1abknQPauJNBbr27xxQ,newington-connecticut
https://www.ubereats.com/connecticut/food-delivery/matty-ds-restaurant-and-bar/Hf1aojk1SPGsCG2b2CzcIg,newington-connecticut
https://www.ubereats.com/connecticut/food-delivery/trattoria-toscana/tugxjuxkS4Sy0BOfvoaeXg,newington-connecticut
https://www.ubereats.com/connecticut/food-delivery/bgood-glastonbury/S2TMq1WET6Gd1y2QHWf7OQ,newington-connecticut
https://www.ubereats.com/connecticut/food-delivery/ben-%26-jerrys-glastonbury/TXkS5EgPQ4iHG4FkikiDqA,newington-connecticut
https://www.ubereats.com/connecticut/food-delivery/trumbull-kitchen/2M4ILqadSjyy4CzmP-LKBg,newington-connecticut
https://www.ubereats.com/connecticut/food-delivery/c-town-supermarkets-new-britain/yL-fW35TQ92PH-tLPkc-tQ,newington-connecticut
https://www.ubereats.com/connecticut/food-delivery/polish-national-home-of-hartford/H3p_M8kKTj6_plXZHjVLgw,newington-connecticut
https://www.ubereats.com/connecticut/food-delivery/kfc-32-shunpike-road/cWR-mVxnR2qMzbjBKm5pDw,newington-connecticut
https://www.ubereats.com/connecticut/food-delivery/el-tepeyac-mexican-restaurant/4uG69I44S12yOWbgxDZtyg,newington-connecticut
https://www.ubereats.com/connecticut/food-delivery/wendys-2384-berlin-tnpk/yAFDrTjVR-iQaCvtvf-hWQ,newington-connecticut
https://www.ubereats.com/connecticut/food-delivery/subway-589-hartford-rd/kBgipAx5T5CcxdPalNd_NQ,newington-connecticut
https://www.ubereats.com/connecticut/food-delivery/boston-market-45-farmington-ave/Qacyttx_Q2mlzSIx8QLo1g,newington-connecticut
https://www.ubereats.com/connecticut/food-delivery/cora-cora-restaurant/Vrv_k_LySrK--_XgdY-ksQ,newington-connecticut
https://www.ubereats.com/connecticut/food-delivery/wei-mei-chinese-restaurant/9YLAjLZNQHq-0Yypsg9ofw,newington-connecticut
https://www.ubereats.com/connecticut/food-delivery/on-the-border-rocky-hill/fZIA5QXzQbGLkXWFpgmJAw,newington-connecticut
https://www.ubereats.com/connecticut/food-delivery/taco-bell-18-wilbur-cross-hwy/t5970YY8SIeLax6k91p7GQ,newington-connecticut
https://www.ubereats.com/connecticut/food-delivery/subway-471-farmington-ave/Od45uzzrTem_a9O4ahJkwA,newington-connecticut
https://www.ubereats.com/connecticut/food-delivery/metro-center-cafe/u2VgR6NQSciGxswCeKMUzg,newington-connecticut
https://www.ubereats.com/connecticut/food-delivery/nummy/JN8QVK3eTIK_N1t0D2Veyw,newington-connecticut
https://www.ubereats.com/connecticut/food-delivery/jersey-mikes-subs-576-farmington-ave/avrTffpIQFaRZv4igF9SKw,newington-connecticut
https://www.ubereats.com/connecticut/food-delivery/hfc/AEBQVMaBQ6Gcv7UT-pj8Rg,newington-connecticut
https://www.ubereats.com/connecticut/food-delivery/harvest-country-store/bVFsKToRRGO03C9xgZTAlQ,newington-connecticut
https://www.ubereats.com/connecticut/food-delivery/the-green-teahouse/sKC60e1TQHyFeMJNgHP3mA,newington-connecticut
https://www.ubereats.com/connecticut/food-delivery/east-river-cafe/NhqR22PJSG2N2lDkPMyKJg,newington-connecticut
https://www.ubereats.com/connecticut/food-delivery/texas-de-brazil-hartford/sjR7iO8eR0Odj1cVPgzngw,newington-connecticut
https://www.ubereats.com/connecticut/food-delivery/the-blind-pig/E6rTCWENTZSslIzYrnxLKg,newington-connecticut
https://www.ubereats.com/connecticut/food-delivery/carsons-kitchen-llc/sgGN6bMGS0imCOIHjDwMvw,newington-connecticut
https://www.ubereats.com/connecticut/food-delivery/tandoor-indian-cuisine/-fU1-kr-SmS98FS1POTkRw,newington-connecticut
https://www.ubereats.com/connecticut/food-delivery/subway-860-maple-ave/E7D9RlegQp65nra5fM3wCw,newington-connecticut
https://www.ubereats.com/connecticut/food-delivery/kfc-501-farmington-avenue/EtypvkNHSw-gLy6okQop3Q,newington-connecticut
https://www.ubereats.com/connecticut/food-delivery/peru-rico/cu-JhMbVQm6n-Eu39-xwxg,newington-connecticut
https://www.ubereats.com/connecticut/food-delivery/wood-n-tap-farmington/ZjjNUkqUQy628T67Iyen7w,newington-connecticut
https://www.ubereats.com/connecticut/food-delivery/friendlys-48-berlin-rd/ilWR3KhFRb-pYO1WYNXvWg,newington-connecticut
https://www.ubereats.com/connecticut/food-delivery/subway-3119-berlin-turnpike/PRkeXDY9Q8uYX2EgKOpl8g,newington-connecticut
https://www.ubereats.com/connecticut/food-delivery/between-rounds-19-john-fitch-blvd/NYpd2L9NRwG0J-BCbVxzyg,newington-connecticut
https://www.ubereats.com/connecticut/food-delivery/kiwi-spoon-frozen-yogurt-rocky-hill/ih3MHtsBQ7y78kHxXtrXWA,newington-connecticut
https://www.ubereats.com/connecticut/food-delivery/popeyes-louisiana-kitchen-w-main-st/5_C0Mot8TSiujiZYO4psjg,newington-connecticut
https://www.ubereats.com/connecticut/food-delivery/sunberrys-cafe-and-catering/n5ktp2cmQCqdtL9kHGyoNA,newington-connecticut
https://www.ubereats.com/connecticut/food-delivery/krispy-krunchy-chicken-168-farmington-ave/G8mCbpC0Tiy_jUlv2uWNVQ,newington-connecticut
https://www.ubereats.com/connecticut/food-delivery/effies-place-restaurant/2RmYEY8BTU-_k96vTTLXGQ,newington-connecticut
https://www.ubereats.com/connecticut/food-delivery/dunkin-2234-silas-deane-hwy/Ac5J7CeIShSppS59vgJgFA,newington-connecticut
https://www.ubereats.com/connecticut/food-delivery/parrilla-y-sabores/xFQJB788Qmq17IA-k2bbkA,newington-connecticut
https://www.ubereats.com/connecticut/food-delivery/dreas-kitchen/_bYvontJQri8CBlZ5PCEDA,newington-connecticut
https://www.ubereats.com/connecticut/food-delivery/perfect-poundcakes/xQtKYsWIRQmMN2Y1cSOmIA,newington-connecticut
https://www.ubereats.com/connecticut/food-delivery/casa-mia-on-the-hill/jv6InhdwR22A-TQL92RAAQ,newington-connecticut
https://www.ubereats.com/connecticut/food-delivery/triple-a-diner/TwdD-iDtQJaqpU4fSXFb_Q,newington-connecticut
https://www.ubereats.com/connecticut/food-delivery/dunkin-1030-silas-deane-hwy/rt-N6Mj5T7q04R4T98o4Hw,newington-connecticut
https://www.ubereats.com/connecticut/food-delivery/wendys-1360-silas-deane-highway/CpzSJxijRcG9J6Su7y87fw,newington-connecticut
https://www.ubereats.com/connecticut/food-delivery/sliders-grill-plainville/3HOAKlDpTrq4lyZ0TiXBxA,newington-connecticut
https://www.ubereats.com/connecticut/food-delivery/the-ice-cream-shop/9onUKOrSRH-mg2068rx8wA,newington-connecticut
https://www.ubereats.com/connecticut/food-delivery/prince-house/gIFxkRILRfK3SXkIHHMcyw,newington-connecticut
https://www.ubereats.com/connecticut/food-delivery/new-china-garden-poke/KmmbSvIKQg2avRJ19c9ReA,newington-connecticut
https://www.ubereats.com/connecticut/food-delivery/the-bar/XlExe-BeSt21aT-nP6hSzw,newington-connecticut
https://www.ubereats.com/connecticut/food-delivery/taste-of-jamaica/7snO9QNcRoO1R7uBwQ29RQ,newington-connecticut
https://www.ubereats.com/connecticut/food-delivery/ichiro-hibachi-and-sushi/z4T3JdHzTB2yRpVLlTG9nQ,newington-connecticut
https://www.ubereats.com/connecticut/food-delivery/ihop-berlin-turnpike/dn35iMSnQhy2mrKqHgkhrA,newington-connecticut
https://www.ubereats.com/connecticut/food-delivery/outback-steakhouse-3210-berlin-turnpike/4rkvrmHzSw2BVVTtouJeOQ,newington-connecticut
https://www.ubereats.com/connecticut/food-delivery/kfc-1000-blue-hills-avenue/_yXO6_74Q8qx3R_hAruINQ,newington-connecticut
https://www.ubereats.com/connecticut/food-delivery/chipotle-mexican-grill-966-farmington-ave/5HeyWVxsRECVMFPkkv0c7A,newington-connecticut
https://www.ubereats.com/connecticut/food-delivery/chefs-dog-house/nETdpKGxSiuYA5MyzKbXeA,newington-connecticut
https://www.ubereats.com/connecticut/food-delivery/yoyo-ice-cream/PodZcItSRl6-D5sMTMYliQ,newington-connecticut
https://www.ubereats.com/connecticut/food-delivery/starbucks-hartford-hospital/GcVcPwiwTjGQxtQKbCe2bg,newington-connecticut
https://www.ubereats.com/connecticut/food-delivery/new-britain-diner/zpxHZXyAQeS4BNML7A8peQ,newington-connecticut
https://www.ubereats.com/connecticut/food-delivery/la-boca/VEmv0dLFQSuGm9deSUmqEA,newington-connecticut
https://www.ubereats.com/connecticut/food-delivery/wood-n-tap-newington/CmxaqoPuSv2OGjWn7LY4YQ,newington-connecticut
https://www.ubereats.com/connecticut/food-delivery/bonchon-chicken-1491-new-britain-ave/GNPORduRSM2W31d0Rks62g,newington-connecticut
https://www.ubereats.com/connecticut/food-delivery/hot-heaven-pizzeria/et2fSe5kTXabNrQYDG-D6A,newington-connecticut
https://www.ubereats.com/connecticut/food-delivery/bertuccis-glastonbury/_BPEaFfUShWrJb7qif9ahw,newington-connecticut
https://www.ubereats.com/connecticut/food-delivery/mi-sabor-restaurant/G1-FZk1rQq-aYtW2wdNMZg,newington-connecticut
https://www.ubereats.com/connecticut/food-delivery/nicks-pizza/pDtWw7dGRwqjwEz0nGNW7g,newington-connecticut
https://www.ubereats.com/connecticut/food-delivery/mcdonalds-hartford-flatbush-ave/G_cR7PV2SuW4fPlGX6XDqQ,newington-connecticut
https://www.ubereats.com/connecticut/food-delivery/buffalo-wild-wings-774-queen-st/B0NKXInuSXScYPANc4pFnw,newington-connecticut
https://www.ubereats.com/connecticut/food-delivery/roma-sports-bar-%26-grill/cGCTjTCPR0-8jTqS-s3irQ,newington-connecticut
https://www.ubereats.com/connecticut/food-delivery/shake-shack-1445-new-britain-avenue/Pfi3CPVnS5aDSlOCwgIGDw,newington-connecticut
https://www.ubereats.com/connecticut/food-delivery/krispy-krunchy-chicken-978-broad-street/AJZ52-FvS5qsTcLsYpu5iw,newington-connecticut
https://www.ubereats.com/connecticut/food-delivery/taco-bell-1524-pleasant-valley-rd/DS5CEdYPQP26b34xRZKoIg,newington-connecticut
https://www.ubereats.com/connecticut/food-delivery/chengs-kitchen/Kka2Zj3rS6eDZ-3bqo_KGQ,newington-connecticut
https://www.ubereats.com/connecticut/food-delivery/mcdonalds-berlin-n-britain/dNhCmXwFRWuAAQn8-hA7YQ,newington-connecticut
https://www.ubereats.com/connecticut/food-delivery/green-tea-chinese-restaurant/hW_ToyH9QWq60D4kKs2u_w,newington-connecticut
https://www.ubereats.com/connecticut/food-delivery/tasty-bites/FkaWWU0EQsGU4dM19B07uQ,newington-connecticut
https://www.ubereats.com/connecticut/food-delivery/js-crabshack/Rd8oNSkJRf6n4U8LYkpP3Q,newington-connecticut
https://www.ubereats.com/connecticut/food-delivery/agave-grill/rQfy3P_tQNKDkjcupcX9RA,newington-connecticut
https://www.ubereats.com/connecticut/food-delivery/anthonys-jamaican-restaurant/hHKR76bzR16VVpbOuQpEJQ,newington-connecticut
