url,city
https://www.ubereats.com/chicago/food-delivery/the-desi-accent/IesRk1K4SW6cculNYzA7HQ,addison-illinois
https://www.ubereats.com/chicago/food-delivery/potbelly-sandwich-shop-glen-ellyn-dt-%7C-167/Zpr9MlcMQy664nIqh6K6tA,addison-illinois
https://www.ubereats.com/chicago/food-delivery/nanas/01-cYpkdQdiCeBhh9qdaBQ,addison-illinois
https://www.ubereats.com/chicago/food-delivery/brick-house-1461-butterfield-rd/KF4Imx0HTAC5z-VXgjoa9Q,addison-illinois
https://www.ubereats.com/chicago/food-delivery/yorkys/qjwLuWwoSKS_JUveaphyrg,addison-illinois
https://www.ubereats.com/chicago/food-delivery/chuck-e-cheese-200-w-roosevelt/cbMIQuqcTaepSPxCT2B9rg,addison-illinois
https://www.ubereats.com/chicago/food-delivery/al-and-andys/3BYmbhAqRPqkskyjjyMi9g,addison-illinois
https://www.ubereats.com/chicago/food-delivery/charles-fast-food-%234/PL7QxUeDTG6pwOu_ra7UnA,addison-illinois
https://www.ubereats.com/chicago/food-delivery/outback-steakhouse-2970-finley-rd/ijpy4y9GReq9R7jIJFHU5g,addison-illinois
https://www.ubereats.com/chicago/food-delivery/royal-hummus-and-falafel/nkdZ031NTNi4aPz4xL2QYA,addison-illinois
https://www.ubereats.com/chicago/food-delivery/chicks-n-salsa/DUSuaWwaSlitgeP5AGz-mw,addison-illinois
https://www.ubereats.com/chicago/food-delivery/subway-550-il-route-83/RDPG8NszRH2UPoSZ8nyNqg,addison-illinois
https://www.ubereats.com/chicago/food-delivery/taco-bell-270-e-army-trail-rd/4BOPQS17RKOi5WuRUKwlFA,addison-illinois
https://www.ubereats.com/chicago/food-delivery/little-caesars/HSSbmiGbQle4g12glvUkxg,addison-illinois
https://www.ubereats.com/chicago/food-delivery/taco-bell-322-w-irving-park-rd/aw046HvTTwqY2zNCtfLKYg,addison-illinois
https://www.ubereats.com/chicago/food-delivery/starbucks-irving-park-%26-walnut/nzPFZPOLRHWpCVBvaXSbAA,addison-illinois
https://www.ubereats.com/chicago/food-delivery/brewpoint-coffee-founders-cafe/i2ctMMrJSzGFnWot1ITf_A,addison-illinois
https://www.ubereats.com/chicago/food-delivery/papa-johns-pizza-bloomingdale/cAzfkEFoTRamEptEbdoulA,addison-illinois
https://www.ubereats.com/chicago/food-delivery/sankalp-indian-restaurant/LZOnxKI3TxCgqihC3Qfc2w,addison-illinois
https://www.ubereats.com/chicago/food-delivery/gails-carriage-inn/LWYy05BQRkO66QvNwo92Vg,addison-illinois
https://www.ubereats.com/chicago/food-delivery/popeyes-691-w-lake-street/Aok3KVQ5S9Wab5khSep9uw,addison-illinois
https://www.ubereats.com/chicago/food-delivery/burger-king-10170-west-grand-avenue/QwRx6HpuTvuaTrSbgQ0QzQ,addison-illinois
https://www.ubereats.com/chicago/food-delivery/jersey-mikes-subs-elmhurst-297-n-york-rd/vONR0iZTR6SfTlPqmdBX4Q,addison-illinois
https://www.ubereats.com/chicago/food-delivery/sakura-sushi/JSYqiAKTSl6mvsckIHfIzg,addison-illinois
https://www.ubereats.com/chicago/food-delivery/sebastians-ale-%26-whiskey-house-lombard/Ai9vhK_0SuW1RF6tYHUMPw,addison-illinois
https://www.ubereats.com/chicago/food-delivery/dunkin-1090-roosevelt-rd/Ya1PCCJSTFqCqmA8tm9N-Q,addison-illinois
https://www.ubereats.com/chicago/food-delivery/pza-lombard/kib2Gn5LRkKl4z_wD4kLig,addison-illinois
https://www.ubereats.com/chicago/food-delivery/paps-ultimate-bar-and-grill/Dh5RiTE0QUSG3TE0SNySyw,addison-illinois
https://www.ubereats.com/chicago/food-delivery/taco-bell-74-stratford-dr/yRf8oqAnQxi03iOzbmInlA,addison-illinois
https://www.ubereats.com/chicago/food-delivery/el-gauchito-grill/yMQskUlESIy68LC6gfw58g,addison-illinois
https://www.ubereats.com/chicago/food-delivery/coachs-corner/_aagdz2KSBCazuzgdjN0jw,addison-illinois
https://www.ubereats.com/chicago/food-delivery/jamesons-charhouse-bloomingdale/r561eodlTw6tOYd0xCMYUQ,addison-illinois
https://www.ubereats.com/chicago/food-delivery/chipotle-mexican-grill-1556-butterfield-rd-ste-a/-JFjkroZReWScmEWNY_NSA,addison-illinois
https://www.ubereats.com/chicago/food-delivery/las-asadas-des-plaines/F9rzqSqmSsSKJNVCkvFQJw,addison-illinois
https://www.ubereats.com/chicago/food-delivery/granite-city-food-%26-brewery-schaumburg/DuGH1jYxQFOBDpoU4CdF_A,addison-illinois
https://www.ubereats.com/chicago/food-delivery/cold-stone-creamery-rosemont/yM1xmlI2TJmVmQiqS8pTyw,addison-illinois
https://www.ubereats.com/chicago/food-delivery/dunkin-411-e-north-ave/oGWtpyE4RhWwCptvyFk_mA,addison-illinois
https://www.ubereats.com/chicago/food-delivery/cochiaros-pizza-northlake/XKsmMMgFSZSTMzRwxoGzBg,addison-illinois
https://www.ubereats.com/chicago/food-delivery/slice-factory-melrose-park/AfH3Rpz1RGWg5_LRBD4ZcQ,addison-illinois
https://www.ubereats.com/chicago/food-delivery/red-lobster-3001-finley-road/UAaFRnwET62O8Ugk-EiN5w,addison-illinois
https://www.ubereats.com/chicago/food-delivery/pf-changs-2361-fountain-square-dr/TDptF9MWRdeCA7XfhqDfEg,addison-illinois
https://www.ubereats.com/chicago/food-delivery/buenos-dias-burritos/oMAxzm6JQaOv-o6LbuCLmQ,addison-illinois
https://www.ubereats.com/chicago/food-delivery/portillos-hot-dogs-170-north-ave/mwl_KFWYTbmnAFryVLerYw,addison-illinois
https://www.ubereats.com/chicago/food-delivery/burrito-parrilla-mexicana-glendale-heights/fmpZ58pVTZ26QYGzYYkquw,addison-illinois
https://www.ubereats.com/chicago/food-delivery/brooks-kitchen-%26-tap/Oor5mGwbQX-1214eO6Rsvw,addison-illinois
https://www.ubereats.com/chicago/food-delivery/sweet-desserts/MunpykDlR72joXFoV1KKVQ,addison-illinois
https://www.ubereats.com/chicago/food-delivery/naked-burger/Xrq9kqYgSYukj8tbLzy2Uw,addison-illinois
https://www.ubereats.com/chicago/food-delivery/steak-n-shake-675-meacham-rd/CQnXeG_zRZ-L_rgRAjFEEA,addison-illinois
https://www.ubereats.com/chicago/food-delivery/pyramid-pizzeria-%26-sports-bar-addison/bblsGIM4QzSFQv-XN8bXUg,addison-illinois
https://www.ubereats.com/chicago/food-delivery/mantra/kp58V8qMREepgYxRcjw9TA,addison-illinois
https://www.ubereats.com/chicago/food-delivery/7401-bonefish-grill-180-s-roselle-rd/TIImIlzlS2KAKcI5itjODw,addison-illinois
https://www.ubereats.com/chicago/food-delivery/manhattan-club/QcpYoKecQGmJr1utzGQGFg,addison-illinois
https://www.ubereats.com/chicago/food-delivery/nandos-peri-peri-523-oakbrook-center/CL1_9NfwQyuZhtZdhyIk2Q,addison-illinois
https://www.ubereats.com/chicago/food-delivery/villaggio-ristorante/Qf4oOgLoRPCLDXK9OV03rg,addison-illinois
https://www.ubereats.com/chicago/food-delivery/benihana-1200-e-higgins-road/Bcl6SQ-iTa25-2w9JeTtiA,addison-illinois
https://www.ubereats.com/chicago/food-delivery/q-bar-glendale-heights/fyVrVjlGQ3e7G263c9gXNg,addison-illinois
https://www.ubereats.com/chicago/food-delivery/county-donuts/edFg6CrXRluQ3qhicNzfhA,addison-illinois
https://www.ubereats.com/chicago/food-delivery/mcdonalds-irving-park-%26-maple/FjWe_AFmTn2ZG9XD10yWqw,addison-illinois
https://www.ubereats.com/chicago/food-delivery/godavari/zNvKrguxTyWFZPEHv0xjNg,addison-illinois
https://www.ubereats.com/chicago/food-delivery/popeyes-mannheim-%26-armitage/hzGdSBi9Tv-ShEzjIKQHrA,addison-illinois
https://www.ubereats.com/chicago/food-delivery/frankys-red-hots/z7_htmK7Q72pL8Vj4W9ZjQ,addison-illinois
https://www.ubereats.com/chicago/food-delivery/moonsun-sushi/SidiNE2qQ4ax5sGW-wkRiQ,addison-illinois
https://www.ubereats.com/chicago/food-delivery/toasty-cheese-mobile-eatery/dpXvBo7eT0GkGqUZ5dr4tg,addison-illinois
https://www.ubereats.com/chicago/food-delivery/courageous-bakery-and-cafe-108/s5QbJwRiRXWeZsKt3M_Wpw,addison-illinois
https://www.ubereats.com/chicago/food-delivery/which-wich-superior-sandwiches-gary-%26-schick/v3iDyXWgQQOVff_o338Wrw,addison-illinois
https://www.ubereats.com/chicago/food-delivery/dunkleys-tavern/ChSSSRCCR2aB7ZWHqW8xuw,addison-illinois
https://www.ubereats.com/chicago/food-delivery/chipotle-mexican-grill-298-w-north-ave-unit-1/6YIOk6tlTtGOLu-4m-_zlg,addison-illinois
https://www.ubereats.com/chicago/food-delivery/blissful-nachos/F_BHCcH6SUuKvDyUOsLFyw,addison-illinois
https://www.ubereats.com/chicago/food-delivery/cafe-23/JNZG5LXMQemrLSg3Oihc0g,addison-illinois
https://www.ubereats.com/chicago/food-delivery/francescas-amici/gXE_LL_pTCuaWRJksyCHJw,addison-illinois
https://www.ubereats.com/chicago/food-delivery/taco-burrito-king-des-plaines/PdUy1MAORaajTWxbhvzFzw,addison-illinois
https://www.ubereats.com/chicago/food-delivery/white-castle-2110-army-trail-rd/9n8uAUuBR6OoW7uDaKucfw,addison-illinois
https://www.ubereats.com/chicago/food-delivery/marias-mexican-bar-%26-grill/dHul896LSA-VjTtPQxplFA,addison-illinois
https://www.ubereats.com/chicago/food-delivery/portillos-hot-dogs-100-w-lake-st/_j7LzM_HQZqOVu0dAYzZ-A,addison-illinois
https://www.ubereats.com/chicago/food-delivery/wow-bao-1900-e-higgins/MhoNwMbuS3u0Qr9NWNnyvA,addison-illinois
https://www.ubereats.com/chicago/food-delivery/good-tequilas-mexican-grill-elk-grove/rn1YjUzpTI6i4OXNxlZH1A,addison-illinois
https://www.ubereats.com/chicago/food-delivery/papa-rays-pizza-%26-wings-carol-stream/YWDdcy7LS5aqZ8e_sNZ7Pw,addison-illinois
https://www.ubereats.com/chicago/food-delivery/chipotle-mexican-grill-601-n-martingale-rd-ste-330/a9Sc5J3bS4awhH_20FGlBA,addison-illinois
https://www.ubereats.com/chicago/food-delivery/dennys-2447-mannheim-rd/8J4SWdVgRX6k-VJWeuBcaA,addison-illinois
https://www.ubereats.com/chicago/food-delivery/big-bowl-schaumburg/P3a6vcq3QK-tmjAKNEnA2Q,addison-illinois
https://www.ubereats.com/chicago/food-delivery/ice-cream-shop-by-slice-factory/YLSeTOU3RtSRVX-nyBnZRQ,addison-illinois
https://www.ubereats.com/chicago/food-delivery/el-chilito-bravo/yCTK-a5hSL2NfPLuHUXaGw,addison-illinois
https://www.ubereats.com/chicago/food-delivery/de-campana-restaurant/WCyuyplhTwuSaDYc8CzIxQ,addison-illinois
https://www.ubereats.com/chicago/food-delivery/udupi-palace-restaurant/qC8M_b-NTv-2LlTmvSdKPw,addison-illinois
https://www.ubereats.com/chicago/food-delivery/uncle-bills-diner/xGpqC4jhQuOZE_XR5NOYiw,addison-illinois
https://www.ubereats.com/chicago/food-delivery/jersey-mikes-subs-roosevelt-%26-summit/32MGtpSRQuC4bdM-DfLmyw,addison-illinois
https://www.ubereats.com/chicago/food-delivery/wendys-424-s-schmale-rd/ojbB1U7vR86MnivLqge-KA,addison-illinois
https://www.ubereats.com/chicago/food-delivery/china-bowl/BUqzeY8wSY-H-0a6z69_VA,addison-illinois
https://www.ubereats.com/chicago/food-delivery/the-dog-on-mannheim/CWcoXjHiS4ab_z7Q0takgQ,addison-illinois
https://www.ubereats.com/chicago/food-delivery/sarpinos-pizzeria-322-w-army-trail-rd/ynjzoHEwQrOGf4Fu-B5D0w,addison-illinois
https://www.ubereats.com/chicago/food-delivery/qp-greek-food-with-a-kick/5RWEWSeYRL69GA22A9vfxQ,addison-illinois
https://www.ubereats.com/chicago/food-delivery/california-pizza-kitchen-551-oakbrook-center/pBTR76ksS_GkLJuimGtfAg,addison-illinois
https://www.ubereats.com/chicago/food-delivery/cafe-zupas-1422-e-golf-rd/aop9arHvRFSeE4XMemi5Kg,addison-illinois
https://www.ubereats.com/chicago/food-delivery/subway-76-w-biesterfield-rd/2QhLchXbSmeZFFPv-YjOog,addison-illinois
https://www.ubereats.com/chicago/food-delivery/portillos-hot-dogs-635-1-2-north-ave/F8hF9hTlS8WP7oXFhrFoYw,addison-illinois
https://www.ubereats.com/chicago/food-delivery/auntie-annes-118-stratford-square/mzHH0DooTiGhcNQOiEDshg,addison-illinois
https://www.ubereats.com/chicago/food-delivery/taqueria-el-camino/0-rFFreZT2it1WU2WdcZvw,addison-illinois
https://www.ubereats.com/chicago/food-delivery/protein-bar-and-kitchen-meacham-%26-woodfield/13NDMskVQXabRYpXbLBffw,addison-illinois
https://www.ubereats.com/chicago/food-delivery/fox-%26-hound-1416-n-roselle-rd/x2v0034ST-Cx4Z-6p2a33A,addison-illinois
https://www.ubereats.com/chicago/food-delivery/rosatis-pizza-877-e-geneva-rd/cWDiClXHR8yM9yMOURo8EQ,addison-illinois
https://www.ubereats.com/chicago/food-delivery/papa-saverios-pizzeria-county-farm-%26-north/SdLlkBlnT4mOYoOYlTWvFQ,addison-illinois
https://www.ubereats.com/chicago/food-delivery/noodles-%26-company-1327-golf-rd/QO14UKkGTUS9oX56FS5Ykw,addison-illinois
https://www.ubereats.com/chicago/food-delivery/which-wich-2995-mannheim-rd/VjxyQW8ETGahsxd_TNgJWA,addison-illinois
https://www.ubereats.com/chicago/food-delivery/jersey-mikes-subs-glen-ellyn-711-e-roosevelt-road/82Zhe7qvSdagDn0utkHfgA,addison-illinois
https://www.ubereats.com/chicago/food-delivery/flappys-pancake-house/ZgFBQV4wQo6nd5yqh9sw8A,addison-illinois
https://www.ubereats.com/chicago/food-delivery/boston-market-1000-s-elmhurst/fXbcUiVcRLS3zMXhc2BRCQ,addison-illinois
https://www.ubereats.com/chicago/food-delivery/japan-77-steak-house/kDBZODm9QG-npxBpRkmANQ,addison-illinois
https://www.ubereats.com/chicago/food-delivery/wendys-206-w-north-ave/tyeA-vyiTOmlI9WlcRSprA,addison-illinois
https://www.ubereats.com/chicago/food-delivery/subway-1047-s-york-rd-ste-j/1jTlty_HQiO-oAu3QJzXkA,addison-illinois
https://www.ubereats.com/chicago/food-delivery/taco-tuesday/Rq06CJntRReKBFIDwP8vOA,addison-illinois
https://www.ubereats.com/chicago/food-delivery/kinfork-bbq-%26-tap/dyBDwIsgQwufjPQbPAvYEg,addison-illinois
https://www.ubereats.com/chicago/food-delivery/dairy-queen-treat-261-e-irving-park-rd/RXTVM85GTxu3GHK6zDufBQ,addison-illinois
https://www.ubereats.com/chicago/food-delivery/sweetberry-bowls-elmhurst/-FSoDSbtQfaNacqDWISu0g,addison-illinois
https://www.ubereats.com/chicago/food-delivery/jj-bistro/M5iLU-N9RTuj03xl7bQEAA,addison-illinois
https://www.ubereats.com/chicago/food-delivery/mcdonalds-irving-park-%26-wesley/HyaZ8fI_SvORkPhbajYgrQ,addison-illinois
https://www.ubereats.com/chicago/food-delivery/woodgrain-neapolitan-pizzeria-glen-ellyn/RmqX98GwSNO670NyAeO1Hw,addison-illinois
https://www.ubereats.com/chicago/food-delivery/white-castle-306-w-north-ave/AGi3RUDPT2eIRlDS1fiS8w,addison-illinois
https://www.ubereats.com/chicago/food-delivery/taco-real/ViwFW2--RdiZ9G5U2Tkrhw,addison-illinois
https://www.ubereats.com/chicago/food-delivery/arbys-340-n-york-rd/qFzGX8vjTkqECE9S29EjCA,addison-illinois
https://www.ubereats.com/chicago/food-delivery/lollipop-chicken-wings/XdMYZXSqTOGNRxRwMEkPKA,addison-illinois
https://www.ubereats.com/chicago/food-delivery/bulldog-ale-house-villa-park/wq9KKIaJRmCCD2gyX_VfFw,addison-illinois
https://www.ubereats.com/chicago/food-delivery/mamas-mabuhay-restaurant/dCS45H1aSjODC8asHFrbdg,addison-illinois
https://www.ubereats.com/chicago/food-delivery/butterfields-oakbrook-terrace/pK_n1amMTVKJekdDmed3pg,addison-illinois
https://www.ubereats.com/chicago/food-delivery/oak-mill-bakerydes-plaines/SqhDPP23Qn-RqNs1mFSljw,addison-illinois
https://www.ubereats.com/chicago/food-delivery/briki-cafe/68vzcHjFQtCmX6jj0kXB1w,addison-illinois
https://www.ubereats.com/chicago/food-delivery/billy-bricks-wood-fired-pizza-yorktown-center/GYk1y4sQRIS4u4k_FwXgpA,addison-illinois
https://www.ubereats.com/chicago/food-delivery/weber-grill-restaurant-schaumburg/J1a3SyXDTBGGDj9NuSjmyQ,addison-illinois
https://www.ubereats.com/chicago/food-delivery/delish-cakes/hxxafFphTw-ptvr42vfG0w,addison-illinois
https://www.ubereats.com/chicago/food-delivery/chipotle-mexican-grill-139-n-york-st/0O_1TJc1SlOu_VZj-SV5dA,addison-illinois
https://www.ubereats.com/chicago/food-delivery/j-beez-mediterranean-%26-grill-restaurant/NCXlNtEnTYab9yc28E6Yww,addison-illinois
https://www.ubereats.com/chicago/food-delivery/mangia-napoli/V1Zxg5LmSC6fBHw72MPsGg,addison-illinois
https://www.ubereats.com/chicago/food-delivery/dunkin-17521-roosevelt-rd/I8v0AykgTYW72oHcig7beA,addison-illinois
https://www.ubereats.com/chicago/food-delivery/scrumptious-by-hira/4oLvCSElStW6lvS9KAjXsQ,addison-illinois
https://www.ubereats.com/chicago/food-delivery/shoeless-joes-ale-house-%26-grille-addison/3wiWsFddQAyRqCSWyc2NUQ,addison-illinois
https://www.ubereats.com/chicago/food-delivery/the-port-of-peri-peri-shaumburg/8_JesFeQQfGlHNA0VIpG6A,addison-illinois
https://www.ubereats.com/chicago/food-delivery/fitzs-bulldog/_HoNm30NQZ-BB6t7WrhISA,addison-illinois
https://www.ubereats.com/chicago/food-delivery/fratos-culinary-kitchen/Nsoklk8XS7S4lvsmiBQWag,addison-illinois
https://www.ubereats.com/chicago/food-delivery/sgd-dubu-oakbrook-terrace/wFRFvxqkSdis-l2bSNkQHA,addison-illinois
https://www.ubereats.com/chicago/food-delivery/dunkin-50-biesterfield-rd/sIAk6XBEQMq7Ca1MzyEEOA,addison-illinois
https://www.ubereats.com/chicago/food-delivery/wendys-1171-north-rohlwing-road/o0Iw4lNMQEODsOWrWNGHHw,addison-illinois
https://www.ubereats.com/chicago/food-delivery/panda-express-county-rd-11-%26-wall/tldMWWamQG6ErfznSEBAfw,addison-illinois
https://www.ubereats.com/chicago/food-delivery/grandos/vY1uBbKoSXCy1JKXIomrdg,addison-illinois
https://www.ubereats.com/chicago/food-delivery/dairy-queen-treat-709-w-lake-st/5hAO5K-hSOuYHRappZEvAw,addison-illinois
https://www.ubereats.com/chicago/food-delivery/gabutto-burger/nJgLSWtpR2GQwJGbIluE6Q,addison-illinois
https://www.ubereats.com/chicago/food-delivery/papa-johns-pizza-melrose-park/BwCx4culRPqox8l_jqQDdw,addison-illinois
https://www.ubereats.com/chicago/food-delivery/mcdonalds-army-trail-%26-george-bell/0C8syJB5SSaunkWi0xP-fw,addison-illinois
https://www.ubereats.com/chicago/food-delivery/starbucks-army-trail-%26-gary/jq-pd4ZAR66RQ1aRvUVURw,addison-illinois
https://www.ubereats.com/chicago/food-delivery/subway-158-a-e-lake-st/ubKlGHbUTYK6odeyNvHXHA,addison-illinois
https://www.ubereats.com/chicago/food-delivery/mandarin-bistro/81hhFX0xSLWXPkhdTZ3elQ,addison-illinois
https://www.ubereats.com/chicago/food-delivery/bollywood-spices/H8TC7ekzRcCbQSRirHXJ7w,addison-illinois
https://www.ubereats.com/chicago/food-delivery/starbucks-north-%26-grace/dxEpY7FOQAGYTee19Jrs4Q,addison-illinois
https://www.ubereats.com/chicago/food-delivery/popeyes-844-e-roosevelt-rd/rvbCMmGPRcWhITpeShwg2Q,addison-illinois
https://www.ubereats.com/chicago/food-delivery/jersey-mikes-subs-army-trail-%26-knollwood/P_C6zcM8T_i_4FX1ffFQ8g,addison-illinois
https://www.ubereats.com/chicago/food-delivery/subway-1209-n-gary-ave/SqBZHFZmQDitXGitgxBXYw,addison-illinois
https://www.ubereats.com/chicago/food-delivery/casa-margarita-downers-grove/2NKwK1NJREChDBPK46DnKg,addison-illinois
https://www.ubereats.com/chicago/food-delivery/chipotle-mexican-grill-15-e-golf-rd/fcCfvHQ9QSa3Nhza1WtrvQ,addison-illinois
https://www.ubereats.com/chicago/food-delivery/pita-pita-mediterranean-grill-lombard/UO7jLyN2TfS4HoHOMcP8IA,addison-illinois
https://www.ubereats.com/chicago/food-delivery/dunkin-142-s-gary-ave-ste-109-near-marianos/jl_kB89kTveI1uQQklBCgg,addison-illinois
https://www.ubereats.com/chicago/food-delivery/opolska/UFuKwHJ6TtWufUf94uvGvA,addison-illinois
https://www.ubereats.com/chicago/food-delivery/taco-bell-1140-s-york-rd/cfg30J9ARlGCDlwIBUsblA,addison-illinois
https://www.ubereats.com/chicago/food-delivery/red-lobster-800-e-golf-road/JqIm7ZhlTEqWukEJt2ZfLw,addison-illinois
https://www.ubereats.com/chicago/food-delivery/sbarro-g-123-woodfield-mall/-w_V9-TMQkutnLVqvTURsQ,addison-illinois
https://www.ubereats.com/chicago/food-delivery/dunkin-106-e-north-ave/B4ppTVcoQvaatE5oRqyTMg,addison-illinois
https://www.ubereats.com/chicago/food-delivery/mcdonalds-north-%26-bloomingdale/yQNlUWygSkySehFxWVCn6Q,addison-illinois
https://www.ubereats.com/chicago/food-delivery/banda-nawaz/hXux2eYtQUq1pzivaE1ZzQ,addison-illinois
https://www.ubereats.com/chicago/food-delivery/rosatis-pizza-elk-grove/piU6Mp8VQNK7o7dPds2wwQ,addison-illinois
https://www.ubereats.com/chicago/food-delivery/panda-express-203-yorktown/k2Y-mqyIT9eslfZHpemYUg,addison-illinois
https://www.ubereats.com/chicago/food-delivery/subway-1050-n-rohlwing-rd/ShvRVFb1TfSHwJYkEPZ6Xg,addison-illinois
https://www.ubereats.com/chicago/food-delivery/wing-zone-bensenville/JN_r_VtYSv63ZwnHpaSDMg,addison-illinois
https://www.ubereats.com/chicago/food-delivery/shaahi-biryani/CMne3eiPRmSQkN6vBzyfVQ,addison-illinois
https://www.ubereats.com/chicago/food-delivery/four-seasons-steak-%26grill/R951BCO0TvyQlLM3WBe87A,addison-illinois
https://www.ubereats.com/chicago/food-delivery/wildfire-schaumburg/7-YSLPc6TlCqxCErw50F8Q,addison-illinois
https://www.ubereats.com/chicago/food-delivery/char-kabobs/T5cpBX_FQZuaPsSGXO_3QQ,addison-illinois
https://www.ubereats.com/chicago/food-delivery/fire-pita-mediterranean-grill/fqS5D2W8S_OUPyDCZx5kPw,addison-illinois
https://www.ubereats.com/chicago/food-delivery/naxos-greek-restaurant/bAv3d0x9St-vyshbyLjzFw,addison-illinois
https://www.ubereats.com/chicago/food-delivery/avenue-bg/2DcwcryrTrmvzbdnB4_z1w,addison-illinois
https://www.ubereats.com/chicago/food-delivery/starbucks-roselle-%26-main/PrpLuCWSRcewkWM3ZVOugw,addison-illinois
https://www.ubereats.com/chicago/food-delivery/dunkin-200-e-lake-st/k6YR_V4pQhekSBZPPXyeKA,addison-illinois
https://www.ubereats.com/chicago/food-delivery/chipotle-mexican-grill-396-w-army-trail-rd/IdsgSwUkSs65OARw81_tJg,addison-illinois
https://www.ubereats.com/chicago/food-delivery/cofelos-corner/4adbfPKrRmWOPSmQZsx02A,addison-illinois
https://www.ubereats.com/chicago/food-delivery/burger-king-630-meacham-road/KLT4UeVWS1W550BKxjx9aQ,addison-illinois
https://www.ubereats.com/chicago/food-delivery/los-buenos-diaz-mexican-grill/Y8yz3ujIT4SZb12Xjdoffw,addison-illinois
https://www.ubereats.com/chicago/food-delivery/the-burger-train/h2i_-bVRRMG10aa7Rtu_yw,addison-illinois
https://www.ubereats.com/chicago/food-delivery/rasoi-restaurant/UZdNirUrTZOb_RH-BakfOA,addison-illinois
https://www.ubereats.com/chicago/food-delivery/bacci-pizzeria-schiller-park/oewV_ah3R42fIkxNiqz--A,addison-illinois
https://www.ubereats.com/chicago/food-delivery/bulldog-ale-house-roselle/Ms5a-pxxSk6gWNGglSe8rg,addison-illinois
https://www.ubereats.com/chicago/food-delivery/mortons-the-steakhouse-9525-w-bryn-mawr-ave/g2msQtUeTP6rQvvuvo4RCA,addison-illinois
https://www.ubereats.com/chicago/food-delivery/taco-bell-951-s-roselle-rd/3SA2bgTGS4e_CN6m4VhoMQ,addison-illinois
https://www.ubereats.com/chicago/food-delivery/great-times-bar-%26-grill/2_FHhV4DToCk9CG3SSaRgQ,addison-illinois
https://www.ubereats.com/chicago/food-delivery/tony-spavones/2JDwctCTQH6OrJIqZ_s1fw,addison-illinois
https://www.ubereats.com/chicago/food-delivery/sakura-sushi-schaumburg/PU6sujzeRQmffkHH1RhZkA,addison-illinois
https://www.ubereats.com/chicago/food-delivery/lino-%26-lucias-italian-kitchen-bensenville/7e-ETyKtQu-DotG9YzE-6w,addison-illinois
https://www.ubereats.com/chicago/food-delivery/mcdonalds-butterfield-%26-york/ao9c96NNTd6L48bv1IWLhQ,addison-illinois
https://www.ubereats.com/chicago/food-delivery/brothers-mexican-grill-4824-butterfield-rd/pL7fIH9KSxGzF01fo7tUEQ,addison-illinois
https://www.ubereats.com/chicago/food-delivery/hyderabad-house-biryani-place-schaumburg/MdKHvEJkQiSrXA_131fWlg,addison-illinois
https://www.ubereats.com/chicago/food-delivery/big-boss-pizza/rjNEn2CCTaaQQ1AUOUO4xg,addison-illinois
https://www.ubereats.com/chicago/food-delivery/subway-314-w-army-trail-rd/YzFaISobTcGO-dYRqTrRxA,addison-illinois
https://www.ubereats.com/chicago/food-delivery/chipotle-mexican-grill-170-e-lake-st/Gl87zF90QYC2PxjqOIk99Q,addison-illinois
https://www.ubereats.com/chicago/food-delivery/potbelly-sandwich-shop-northlake-%7C-146/wzg7qtg1SPGg8QejOn3oug,addison-illinois
https://www.ubereats.com/chicago/food-delivery/portillos-hot-dogs-1500-butterfield-rd/MR-_rmoqT_ud7vA6yisOog,addison-illinois
https://www.ubereats.com/chicago/food-delivery/starbucks-army-trail-%26-bloomingdale/6uUN7OQaRFu6rrcWdXsFrQ,addison-illinois
https://www.ubereats.com/chicago/food-delivery/kabab-point/4e8CH31sSvGdbtV3eOBZZQ,addison-illinois
https://www.ubereats.com/chicago/food-delivery/zazas/47-v5gu2S1uP3BSsCgDkYQ,addison-illinois
https://www.ubereats.com/chicago/food-delivery/cool-mirchi/UJnfjsPJR5ixm4sLZVcnkw,addison-illinois
https://www.ubereats.com/chicago/food-delivery/chipotle-mexican-grill-353-s-il-route-83/JXt1ABmiRhaTySzHlvqz1A,addison-illinois
https://www.ubereats.com/chicago/food-delivery/red-arrow-smoked-meats/fd3udMK1ROWK5YK--mpx1w,addison-illinois
https://www.ubereats.com/chicago/food-delivery/suns-kitchen-%E7%AB%AF%E9%99%BD/_lA-76RSQvWpjyvHnAP16g,addison-illinois
https://www.ubereats.com/chicago/food-delivery/mac-daddys-highland/FEp3MK0_QRipGXK98kQ06w,addison-illinois
https://www.ubereats.com/chicago/food-delivery/rosatis-pizza-elmhurst/v9vr7oT3TxWOkVm2fpnuFA,addison-illinois
https://www.ubereats.com/chicago/food-delivery/rios-addison/qnsZljrkQhiyeJdFrb2W7w,addison-illinois
https://www.ubereats.com/chicago/food-delivery/biryani-pointe/0Rrn7fW3Q2-frt-WkQaumg,addison-illinois
https://www.ubereats.com/chicago/food-delivery/buona-rosemont/XhJcIAScTbW8W3X_IKTrjg,addison-illinois
https://www.ubereats.com/chicago/food-delivery/green-street-grille/WWI5KQWATU6lKgFaUCoM_Q,addison-illinois
https://www.ubereats.com/chicago/food-delivery/sarpinos-pizzeria-623-w-north-ave/0JVxriGSTaGT4ZZrPnhwbw,addison-illinois
https://www.ubereats.com/chicago/food-delivery/panda-express-busse-%26-landmeier/zXGqUnDLR6CmKbtYRiXZOQ,addison-illinois
https://www.ubereats.com/chicago/food-delivery/popeyes-511-west-irving-park/ZDodoagiSviyGndclWpn0w,addison-illinois
https://www.ubereats.com/chicago/food-delivery/ching-huas-chinese-restaurant-and-sports-bar/7gcLbfKwRGGgDQh7GdBzbg,addison-illinois
https://www.ubereats.com/chicago/food-delivery/pizza-hub-inc/UJYMOZL6RRSQionTWHc2YQ,addison-illinois
https://www.ubereats.com/chicago/food-delivery/sonic-drive-in-roosevelt-%26-ardmore/gjleEWQkRkuOSDK0O_BsiA,addison-illinois
https://www.ubereats.com/chicago/food-delivery/ellyns-tap-and-grill/QXJZo7kWQfy83nNkRObtHw,addison-illinois
https://www.ubereats.com/chicago/food-delivery/papa-johns-hoffman-estates/129Yc3JKRyuzr4u-ZErGbw,addison-illinois
https://www.ubereats.com/chicago/food-delivery/taco-bell-945-elmhurst-rd/c8Gf-XT0Qk-KwvYGNUBOaA,addison-illinois
https://www.ubereats.com/chicago/food-delivery/outback-steakhouse-166-south-gary-avenue/W6BvG5bkQpOyXc0ZuqFFuQ,addison-illinois
https://www.ubereats.com/chicago/food-delivery/annas-cafe-%26-grill/lsswwXtDTVa9d4x1x8W8Kg,addison-illinois
https://www.ubereats.com/chicago/food-delivery/maoz-falafel-%26-grill/YqRq3vxeQhCXizc-c_6KSg,addison-illinois
https://www.ubereats.com/chicago/food-delivery/mcdonalds-st-charles-%26-villa/GMvCkzRJTNO8elYSiLs61w,addison-illinois
https://www.ubereats.com/chicago/food-delivery/fox-%26-turtle/HTcRf0RCQV6bPTKAfQSDMA,addison-illinois
https://www.ubereats.com/chicago/food-delivery/the-clubhouse-oak-brook/iniAqgjiTGWOKxKm9N_sEQ,addison-illinois
https://www.ubereats.com/chicago/food-delivery/el-burrito-mexicano-real-ii/_f0BLaGHSOaIC2tzpWhoig,addison-illinois
https://www.ubereats.com/chicago/food-delivery/kitakata-ramen-bannai/kCAuie4GTK6ZzZebhAVnQw,addison-illinois
https://www.ubereats.com/chicago/food-delivery/american-tap/gVpUsrJARFKC7_Vpktm0MQ,addison-illinois
https://www.ubereats.com/chicago/food-delivery/mr-submarine/eWPW3IGjTHWqRTwlx31vgw,addison-illinois
https://www.ubereats.com/chicago/food-delivery/fresh-international-market-food-court/P9fulCB9QkC-A2nw3bVgFg,addison-illinois
https://www.ubereats.com/chicago/food-delivery/hooters-north-%26-25th-ave/2WrnJA4ARWmDzzVS8OSSGw,addison-illinois
https://www.ubereats.com/chicago/food-delivery/brewpoint-coffee-workshop-%26-roastery/lNiWJYFMShOZ7QU-9DZALw,addison-illinois
https://www.ubereats.com/chicago/food-delivery/dunkin-2130-bloomingdale-rd/ZFwy517VRteOT54sLfY5Zw,addison-illinois
https://www.ubereats.com/chicago/food-delivery/rack-house/m81SFVtFSoW3RtVl9Vmsjw,addison-illinois
https://www.ubereats.com/chicago/food-delivery/korner-house-bar-%26-grill/pJKVrUJhQOeoAh6T_59Ptg,addison-illinois
https://www.ubereats.com/chicago/food-delivery/egg-jam-highland-ave/Srko6eGKRVW_CZJbpUJCvQ,addison-illinois
https://www.ubereats.com/chicago/food-delivery/taquerias-atotonilco-stone-park/FghQqP1FTs-Luwyfc0oEVQ,addison-illinois
https://www.ubereats.com/chicago/food-delivery/taco-bell-601-meacham-rd/yHh_nTmVRhOl7l2t-OEdcw,addison-illinois
https://www.ubereats.com/chicago/food-delivery/chipotle-mexican-grill-1078-n-rohlwing-rd/ai2ypDaHRt6lU8atxp0_Qg,addison-illinois
https://www.ubereats.com/chicago/food-delivery/millies-pancake-shoppe/IXYO24u0So-2-nftOdTg6Q,addison-illinois
https://www.ubereats.com/chicago/food-delivery/burger-king-1012-north-rohlwing-road/zjFmA6prSfqc9QpCrDD7xw,addison-illinois
https://www.ubereats.com/chicago/food-delivery/altavillas/ZKICojP_RRq7aVnP45DQsA,addison-illinois
https://www.ubereats.com/chicago/food-delivery/kolachi-tandoori-grill/4SnxLJzkTvi9XKl5OvLbhg,addison-illinois
https://www.ubereats.com/chicago/food-delivery/los-burritos-tapatios-glen-ellyn/rGIHtZ1NS1WNsEUiiBOxYQ,addison-illinois
https://www.ubereats.com/chicago/food-delivery/dunkin-651-roosevelt-rd/yi5BKwdWQrK79fE962fiSA,addison-illinois
https://www.ubereats.com/chicago/food-delivery/wing-society/JH4xfMtZSQeaSh5xXmDM4A,addison-illinois
https://www.ubereats.com/chicago/food-delivery/subway-159-e-north-ave/aJrvU7xGRxSHnEsMQxCJuA,addison-illinois
https://www.ubereats.com/chicago/food-delivery/inchins-bamboo-garden-chicago/_MC_FjHPQ7yx-OnqTauIjA,addison-illinois
https://www.ubereats.com/chicago/food-delivery/los-burritos-tapatios-lombard/JYwESSv0Sy6YVxA8wVY4tQ,addison-illinois
https://www.ubereats.com/chicago/food-delivery/mcdonalds-irving-park-%26-prospect/vdTrW2ddQPWsa4E0gdunNw,addison-illinois
https://www.ubereats.com/chicago/food-delivery/qdoba-main-%26-geneva/0LlepTPJSROcinc160UAxQ,addison-illinois
https://www.ubereats.com/chicago/food-delivery/red-robin-224-120-j-woodfield-mall/4110vPePS6uj1vzBA7zPsA,addison-illinois
https://www.ubereats.com/chicago/food-delivery/groundlevel-105/M-IuOsd7QbOG8b5Tnb9-YA,addison-illinois
https://www.ubereats.com/chicago/food-delivery/kizuna-sushi-bistro/mDzkKkgfR323PClFNUUCtg,addison-illinois
https://www.ubereats.com/chicago/food-delivery/yadis-grill/d994paqYR12ra8OeFHMSEw,addison-illinois
https://www.ubereats.com/chicago/food-delivery/dinos-cafe/P99imHmaSSeSi4QpkHSzeQ,addison-illinois
https://www.ubereats.com/chicago/food-delivery/oaked-highland-ave/kmxEWk7XSTifTU8_-OdPCA,addison-illinois
https://www.ubereats.com/chicago/food-delivery/cafe-zupas-148-s-gary-ave/C3w29biOT0-NsZQANL5l_Q,addison-illinois
https://www.ubereats.com/chicago/food-delivery/mcdonalds-york-%26-diversey/IAAbEbYMSMiWbj6bBPdpDA,addison-illinois
https://www.ubereats.com/chicago/food-delivery/burger-king-111-w-irving-park-rd/1wF3gdZzSPScWIQDhBRZDg,addison-illinois
https://www.ubereats.com/chicago/food-delivery/portillos-hot-dogs-235-north-ave/LfL03HHfSN6xD22F3DO6jg,addison-illinois
https://www.ubereats.com/chicago/food-delivery/food-street-restaurant/kxAN_GrESSGjrb2hki9XPw,addison-illinois
https://www.ubereats.com/chicago/food-delivery/juice-%26-berry/Kj34kzuZRve2XeFZo_KvmA,addison-illinois
https://www.ubereats.com/chicago/food-delivery/bayleaf-by-saffron/ts8M8UibShyBDsF-QnoDBQ,addison-illinois
https://www.ubereats.com/chicago/food-delivery/urban-counter-wheaton/egswpWkhTiWD_MCfSc0dpA,addison-illinois
https://www.ubereats.com/chicago/food-delivery/taco-patio-hanover-park/bC6TTGmVRE2VnBeOe5hxyA,addison-illinois
https://www.ubereats.com/chicago/food-delivery/stacys-place/Ce2WXymITZGwNmGA0BwfeA,addison-illinois
https://www.ubereats.com/chicago/food-delivery/arbys-441-e-geneva-rd/EoPQUVNkQgiPQ2Mdx39hkA,addison-illinois
https://www.ubereats.com/chicago/food-delivery/rosatis-pizza-739-n-mill-rd/bXi6dUB2RROuji75IMm9BQ,addison-illinois
https://www.ubereats.com/chicago/food-delivery/blueberry-hill-breakfast-cafe-oak-brook/vZgWOmnKQs6hgLw7gwWLZw,addison-illinois
https://www.ubereats.com/chicago/food-delivery/potbelly-sandwich-shop-bloomingdale-%7C-75/hGwH0nQIRYWT8TeqM-Ln_g,addison-illinois
https://www.ubereats.com/chicago/food-delivery/los-burritos-mexicanos-%231/ClzpkDX4QEabuLbdrUd4fA,addison-illinois
https://www.ubereats.com/chicago/food-delivery/hooters-perimeter-%26-west/j5nnJk82RkyKUxORnBsIdA,addison-illinois
https://www.ubereats.com/chicago/food-delivery/mcdonalds-mannheim-%26-grand/NOOBmPBiRgiQNQzr4cfvQA,addison-illinois
https://www.ubereats.com/chicago/food-delivery/corkys-catering/SvUgw3BUR4maCztMqeQtzg,addison-illinois
https://www.ubereats.com/chicago/food-delivery/nathans-noodle-and-rice/WYbq5M0qT2Sa3s08A0YprA,addison-illinois
https://www.ubereats.com/chicago/food-delivery/papa-johns-pizza-wheaton/mEOnPq1MQWmsXBe8B-tkYg,addison-illinois
https://www.ubereats.com/chicago/food-delivery/so-cheesy/udXRrJUURhaVlXRQt5rnig,addison-illinois
https://www.ubereats.com/chicago/food-delivery/rosatis-pizza-des-plaines/9-jrSRxAS_iZhEqVWqRm5g,addison-illinois
https://www.ubereats.com/chicago/food-delivery/cousins-pizza-pub/XBBnDVP8SA6lnps4MTG7fQ,addison-illinois
https://www.ubereats.com/chicago/food-delivery/neat-kitchen-%2B-bar/69k4VkGuRnSS8cHwATO3yg,addison-illinois
https://www.ubereats.com/chicago/food-delivery/billy-bricks-wood-fired-pizza-wheaton/Tnt8SMrWQHiOQxiCVqH5eQ,addison-illinois
https://www.ubereats.com/chicago/food-delivery/el-famous-burrito-lombard/8nV9-LeaRBK4vJKhe8fRzw,addison-illinois
https://www.ubereats.com/chicago/food-delivery/halal-kitchen/Sk9wd9KNReSDah8ubYYNsg,addison-illinois
https://www.ubereats.com/chicago/food-delivery/bnk-thai-%26-sushi/zJoH-ms8QgilepeIqK6PxQ,addison-illinois
https://www.ubereats.com/chicago/food-delivery/tgi-fridays-2671-bloomingdale-il/cV58BzXPQZa_VNrVSFPAJA,addison-illinois
https://www.ubereats.com/chicago/food-delivery/browns-chicken-carol-stream/Jo6eAdZKQ0CQdwKh--Mamw,addison-illinois
https://www.ubereats.com/chicago/food-delivery/chouns-restaurant/bZ6nLWf0QQ--N6k8FjIiIg,addison-illinois
https://www.ubereats.com/chicago/food-delivery/middleterranean/1LXwpCECTMij_0mt4GOT0A,addison-illinois
https://www.ubereats.com/chicago/food-delivery/old-town-pour-house-oak-brook/BGZTNaroQwukePwE0w3iCw,addison-illinois
https://www.ubereats.com/chicago/food-delivery/sweet-baby-rays/HOCUkI_GQR6HvKVwLcLTBw,addison-illinois
https://www.ubereats.com/chicago/food-delivery/fresh-start-cafe/npFoDnFXR7K28aR1yGmIsw,addison-illinois
https://www.ubereats.com/chicago/food-delivery/benjyehuda-meacham-rd/zvOmlrp8TSO8WD6LX4pmMA,addison-illinois
https://www.ubereats.com/chicago/food-delivery/starbucks-mannheim-rd-%26-grand-ave/V_DJRXLyTGGspLWp1UvXVQ,addison-illinois
https://www.ubereats.com/chicago/food-delivery/buffalo-wild-wings-944-elk-grove-town-ctr/Viqra_QATbizYrIIH2I64w,addison-illinois
https://www.ubereats.com/chicago/food-delivery/labriola-cafe-oak-brook/TRdussV4RK6FPPZMwfRxrA,addison-illinois
https://www.ubereats.com/chicago/food-delivery/jersey-mikes-subs-biesterfield-%26-arlington-heights/uLpExKIbT0eDh-rL72XBww,addison-illinois
https://www.ubereats.com/chicago/food-delivery/chasers-sports-bar-and-grill-schiller-park/r1skte4MSdulSkq1_chjgw,addison-illinois
https://www.ubereats.com/chicago/food-delivery/burger-king-1015-south-roselle-road/bHtS4WU5Rcudt1l_afJwUw,addison-illinois
https://www.ubereats.com/chicago/food-delivery/captain-bs-shrimp-house/Y50N77o2RuKGTUtVTqHG3Q,addison-illinois
https://www.ubereats.com/chicago/food-delivery/johnnys-burgers-bowls-%26-bbq-carol-stream/wzfiif8DRxyU4YGwgHw9Pw,addison-illinois
https://www.ubereats.com/chicago/food-delivery/langostinos-nayarit/UjTcCrgrSVa_fbqdpDxoRw,addison-illinois
https://www.ubereats.com/chicago/food-delivery/la-michoacana-premium/hEvzc4_ESn-gHlgZCCzkUg,addison-illinois
https://www.ubereats.com/chicago/food-delivery/okapi-bistro/Du6UoNnqQLChr0VWgVh_qA,addison-illinois
https://www.ubereats.com/chicago/food-delivery/los-sombreros-taqueria/VhrolDbXTb2npCR-QgYa8A,addison-illinois
https://www.ubereats.com/chicago/food-delivery/casinos-pizza/nGOrLxY8QuC1oambdYWqKQ,addison-illinois
https://www.ubereats.com/chicago/food-delivery/wildfire-oak-brook/EArDI_IATQ-ejvek4jpUiQ,addison-illinois
https://www.ubereats.com/chicago/food-delivery/crazy-crab/zAwMBoB0QA-wTeICbBAmig,addison-illinois
https://www.ubereats.com/chicago/food-delivery/shake-shack-1950-spring-road/gJioG4DPSnaFIyQOuayU7A,addison-illinois
https://www.ubereats.com/chicago/food-delivery/burger-king-309-w-irving-park-rd/v752PGVCQWag6-R02SppMw,addison-illinois
https://www.ubereats.com/chicago/food-delivery/danbys-station-cafe/E_hA_j3NQRePWWmWKrVwhQ,addison-illinois
https://www.ubereats.com/chicago/food-delivery/fannie-may-elmhurst/9iMTy4m8QVuxJF9ty5X5vA,addison-illinois
https://www.ubereats.com/chicago/food-delivery/mcdonalds-north-%26-rohlwing/AYcCKST5Roede935nlYDXA,addison-illinois
https://www.ubereats.com/chicago/food-delivery/ellys-elk-grove/RFQ84rPgQ-e9eBPvhhqfTA,addison-illinois
https://www.ubereats.com/chicago/food-delivery/bacci-pizza-bensenville/AgVGjjRlRbKvBFe3jJjd8w,addison-illinois
https://www.ubereats.com/chicago/food-delivery/buona-glen-ellyn/od8okmqMR8CIC5lx9uQZnw,addison-illinois
https://www.ubereats.com/chicago/food-delivery/dunkin-516-w-irving-park-rd/YemrNypZQRe6fQ-NxLPeNg,addison-illinois
https://www.ubereats.com/chicago/food-delivery/panda-express-roosevelt-%26-fairfield/IiLxNXpmRq6WwHfGo4JRHQ,addison-illinois
https://www.ubereats.com/chicago/food-delivery/el-mero-mero/IPkyCob8R1e0uo1dvQrNMg,addison-illinois
https://www.ubereats.com/chicago/food-delivery/fitzs-spare-keys/z_p09n2-RCa6hqW9W1x7rA,addison-illinois
https://www.ubereats.com/chicago/food-delivery/subway-197-army-trail-rd/ISGTtUEqS5anOvFEP8f-yw,addison-illinois
https://www.ubereats.com/chicago/food-delivery/panda-express-128-west-north-ave/8U0mEP0fT0qySu7PKCMSig,addison-illinois
https://www.ubereats.com/chicago/food-delivery/gloria-jeans-coffees/3A9-xk1ST0qUm12NFcfzOw,addison-illinois
https://www.ubereats.com/chicago/food-delivery/stans-donuts-%26-coffee-woodfield-mall/HEGOLQKPRlmgn5FNGE7k9w,addison-illinois
https://www.ubereats.com/chicago/food-delivery/dairy-queen-treat-224-e-irving-park-rd/d_PkTJGNS-Wi6ZeVGneC8g,addison-illinois
https://www.ubereats.com/chicago/food-delivery/dunkin-2750-w-touhy-ave/HGdCd_c6SwmHWm-hfsPCtw,addison-illinois
https://www.ubereats.com/chicago/food-delivery/buffalo-wild-wings-149-n-york-st/uq3veR1ETv-z8QsgXNaQCg,addison-illinois
https://www.ubereats.com/chicago/food-delivery/billy-bricks-wood-fired-pizza-lombard/mdMvjaLmQJ-DTeyeW0lMrA,addison-illinois
https://www.ubereats.com/chicago/food-delivery/fuddruckers-schaumburg/v4Z_jrZsQDWNHf9Ic93jEA,addison-illinois
https://www.ubereats.com/chicago/food-delivery/bowl-o-biryani/onP86-wYRNOuAwTf4txSTA,addison-illinois
https://www.ubereats.com/chicago/food-delivery/dunkin-222-w-army-trail-rd/xyR5GgcPTEqOVyHwmPSOMw,addison-illinois
https://www.ubereats.com/chicago/food-delivery/jamba-juice-17w426-22nd-street/3GclvrhpTM2FdBcUbWcEiA,addison-illinois
https://www.ubereats.com/chicago/food-delivery/mcdonalds-north-%26-wolf/ukL1ofE3TzClao91K-F-jQ,addison-illinois
https://www.ubereats.com/chicago/food-delivery/pizza-bunny/5AJ7Pmb-RrKwgyBpttWaWw,addison-illinois
https://www.ubereats.com/chicago/food-delivery/tatas-pierogi/mMMAU3HlR7OLOYMaimwRDQ,addison-illinois
https://www.ubereats.com/chicago/food-delivery/currito-york-%26-north/WiqwCftrS3qbt1pmF0sAtg,addison-illinois
https://www.ubereats.com/chicago/food-delivery/mcdonalds-lake-%26-bloomingdale/rHQMzmpZTA2FQUy_K3ZPlA,addison-illinois
https://www.ubereats.com/chicago/food-delivery/8000-miles-main-st/gJvKY0gDQE2p3w3u9uanyw,addison-illinois
https://www.ubereats.com/chicago/food-delivery/subway-183-s-il-route-83/RRjVMv1uTLmdoGxfrFnlag,addison-illinois
https://www.ubereats.com/chicago/food-delivery/stans-donuts-%26-coffee-oakbrook-terrace/175n6xccTIOvK41VguFNaA,addison-illinois
https://www.ubereats.com/chicago/food-delivery/warrens-ale-house/iwKkC6FWRyacBvUNKJoEbQ,addison-illinois
https://www.ubereats.com/chicago/food-delivery/sweet-baby-rays-barbecue-wood-dale/3Tz6Kv1wTJaml4bu3jSJeQ,addison-illinois
https://www.ubereats.com/chicago/food-delivery/kfc-1470-s-elmhurst-rd/PSOc6MulROebbTdHqOIIbA,addison-illinois
https://www.ubereats.com/chicago/food-delivery/famous-daves-1631-west-lake-street/jABl9Hz9TRGKIzDlyRGw4w,addison-illinois
https://www.ubereats.com/chicago/food-delivery/hannas-bistro-cafe/uwi_zHEYSLizOaW6TjmVxA,addison-illinois
https://www.ubereats.com/chicago/food-delivery/freshii-203-yorktown-shopping-center/_c5vnGJvR1SHfUCqMA680g,addison-illinois
https://www.ubereats.com/chicago/food-delivery/burger-king-545-west-north-avenue/9thNiJwqRH6D8FoZu4pqAw,addison-illinois
https://www.ubereats.com/chicago/food-delivery/mr-burrito-%231/0jFeTbxmTIiou3QlmmrvWA,addison-illinois
https://www.ubereats.com/chicago/food-delivery/fellini-restaurant-and-pizzeria/mFkUvp_rQ9C-V4O8awiH6A,addison-illinois
https://www.ubereats.com/chicago/food-delivery/sabor-de-mi-tierra-mexican-grill/n2It6aA5TUqBOJX6TXwP9A,addison-illinois
https://www.ubereats.com/chicago/food-delivery/the-great-indian-cafe/ty5mkVCfTcarn6gxtDPvFg,addison-illinois
https://www.ubereats.com/chicago/food-delivery/jersey-mikes-subs-higgins-%26-meacham/k6-wD59eRqeYS_dWrgh-ag,addison-illinois
https://www.ubereats.com/chicago/food-delivery/dunkin-donuts-addison/Yf-yX7ZhTtOpV-zBEc6jcQ,addison-illinois
https://www.ubereats.com/chicago/food-delivery/jimmys-street-tacos/T7Ez8MLNR6yDEVU5ibxjNQ,addison-illinois
https://www.ubereats.com/chicago/food-delivery/kama-bistro/z4d-sN_6SiepFvpCGA2lhw,addison-illinois
https://www.ubereats.com/chicago/food-delivery/portillos-hot-dogs-1500-busse-road/P6T8ymF3TtqcXqDQY3lMew,addison-illinois
https://www.ubereats.com/chicago/food-delivery/shake-shack-1765-e-golf-road/9s4ISWRfSOeSkuvFGoR7Fw,addison-illinois
https://www.ubereats.com/chicago/food-delivery/sushi-house-westmont/vhT-NgazSPO8D-XlC8v0Eg,addison-illinois
https://www.ubereats.com/chicago/food-delivery/vinis-pizza-and-catering/7_duNwjNTfO2diWoL3ufdg,addison-illinois
https://www.ubereats.com/chicago/food-delivery/mama-maria-pizza-%26-more-schaumburg/-edFX44ZSNegkeVUhnbvNQ,addison-illinois
https://www.ubereats.com/chicago/food-delivery/tacos-el-tio-%233/c38Sa4aCSe6mV2HWuk9-pg,addison-illinois
https://www.ubereats.com/chicago/food-delivery/sarpinos-pizzeria-922-roosevelt-rd/W74llbs0Sgm31ljKbr8uUw,addison-illinois
https://www.ubereats.com/chicago/food-delivery/pf-changs-5-woodfield-mall-space-d313/xmLrKg3zRhymw5r88Pt7zA,addison-illinois
https://www.ubereats.com/chicago/food-delivery/stans-donuts-oak-brook/MjmNXbzDS02XDaTKLcpd5A,addison-illinois
https://www.ubereats.com/chicago/food-delivery/muggs-n-manor/V1pZRJBRR6GBlOZ7jQf3tA,addison-illinois
https://www.ubereats.com/chicago/food-delivery/north-side-sports-bar/EmJRvhrnQ6-Sz9vOwZjr2g,addison-illinois
https://www.ubereats.com/chicago/food-delivery/taqueria-mexico-%232/DMfcyJLXQuScr77Bvt33-g,addison-illinois
https://www.ubereats.com/chicago/food-delivery/dunkin-22w251-north-ave/Hbwosp6xTxWYotU3WkUpfw,addison-illinois
https://www.ubereats.com/chicago/food-delivery/sals-pizza-pub/d52iUBBuSpOmJVn5bKFeHA,addison-illinois
https://www.ubereats.com/chicago/food-delivery/halal-express-cuisine/KhaG6fv5RsS9kKc-O3t56w,addison-illinois
https://www.ubereats.com/chicago/food-delivery/burger-king-620-west-north-avenue/8UKOZQo-TfajDxwMXcPaog,addison-illinois
https://www.ubereats.com/chicago/food-delivery/tea-ninja%3A-rosemont/yyv7BKbnQCCqcm3AcnTAiQ,addison-illinois
https://www.ubereats.com/chicago/food-delivery/mcdonalds-lake-%26-arlington/h6qqP90ASoKUSupKI2tF5A,addison-illinois
https://www.ubereats.com/chicago/food-delivery/taqueria-san-miguel/KC6KnW-5SqO155_ZfsJSvg,addison-illinois
https://www.ubereats.com/chicago/food-delivery/brunch-cafe-roselle/7f-2HfB-R2STUYq3BCzF_g,addison-illinois
https://www.ubereats.com/chicago/food-delivery/burger-king-199-e-north-ave/pUAQIpweQHm67Yz0dyuhTA,addison-illinois
https://www.ubereats.com/chicago/food-delivery/halsted-street-deli-on-s-meyers-rd/pnpPb6NXR4eSPOfApU6tpg,addison-illinois
https://www.ubereats.com/chicago/food-delivery/gaylord-india-restaurant-schaumburg/-_Ssu7UZS7euDQMc1aWr9w,addison-illinois
https://www.ubereats.com/chicago/food-delivery/red-lobster-391-west-army-trail-road/JOcIgktsQbCZ1RAxbPt7sw,addison-illinois
https://www.ubereats.com/chicago/food-delivery/mannys-ale-house/v1MbrDjbRn6WyOuUsv53ug,addison-illinois
https://www.ubereats.com/chicago/food-delivery/sweetland-bakery/JXOX-WY1R7ChXWE56LN8Sg,addison-illinois
https://www.ubereats.com/chicago/food-delivery/lili-sushi/bu-jhQKlS7CgzLbU_cdOMQ,addison-illinois
https://www.ubereats.com/chicago/food-delivery/yus-mandarin-schaumburg/Rbmh1kH2RrC1tQRAAc9mGw,addison-illinois
https://www.ubereats.com/chicago/food-delivery/starbucks-22nd-%26-tower/cB73AKpYR8SAi_rJ61aEMg,addison-illinois
https://www.ubereats.com/chicago/food-delivery/chicken-crossing/aeM3TmvtQw2c9hXNUkH6cw,addison-illinois
https://www.ubereats.com/chicago/food-delivery/paradise-biryani-pointe/jWNvj3NHSpWdUUGZIjwd2Q,addison-illinois
https://www.ubereats.com/chicago/food-delivery/ok-burrito/o6Uq3HRDSGaM7YSmbpTBhA,addison-illinois
https://www.ubereats.com/chicago/food-delivery/red-apple-pancake-house-schmale-rd/1DkpQG6GQBmgbQ2sGr6juw,addison-illinois
https://www.ubereats.com/chicago/food-delivery/lao-sze-chuan-restaurant-downers-grove/-QAszjVaTo62s4dTvawpZw,addison-illinois
https://www.ubereats.com/chicago/food-delivery/burgerim/XxnzFkeBTzyyxT1i2FSOGQ,addison-illinois
https://www.ubereats.com/chicago/food-delivery/strats/B8HQ0FvYTfSOldYWxeGe4w,addison-illinois
https://www.ubereats.com/chicago/food-delivery/burrito-parrilla-mexicana-carol-stream/j-tCPAwUQHizIwEB48YjFQ,addison-illinois
https://www.ubereats.com/chicago/food-delivery/subway-17w627-roosevelt-rd/gHaxosrAT0-YahKz1NqrFg,addison-illinois
https://www.ubereats.com/chicago/food-delivery/subway-1125-nerge-rd/xGLAOm_uSqiht4uwLHsYgw,addison-illinois
https://www.ubereats.com/chicago/food-delivery/shahi-nihari-%26-chopsticks/iylEmCfHSvaE2tZqgJ1kvQ,addison-illinois
https://www.ubereats.com/chicago/food-delivery/faizaans-tasty-burgers/nMsRwAqsRaOxNqCFTXBMEw,addison-illinois
https://www.ubereats.com/chicago/food-delivery/buona-glendale-heights/RZ7T_dEXTs62MNsTFWNjEg,addison-illinois
https://www.ubereats.com/chicago/food-delivery/buona-lombard/-ZLrD2o8TSOvMDSQyl1d8Q,addison-illinois
https://www.ubereats.com/chicago/food-delivery/giannis-ristorante-%26-pizzeria/NAETT-TATzaQIjc1Q_fL4Q,addison-illinois
https://www.ubereats.com/chicago/food-delivery/super-taco-express/j_X6CACnTIiIva5XNjduhw,addison-illinois
https://www.ubereats.com/chicago/food-delivery/ra-sushi-schaumburg/GyfNZD-SRpGkHLwI9I8RUw,addison-illinois
https://www.ubereats.com/chicago/food-delivery/amigas-restaurant/UnLUzkdyQLOVVq7B9rg4og,addison-illinois
https://www.ubereats.com/chicago/food-delivery/the-hen-house-of-wheaton/IJliFIRuQVOm_qk9QJKeMQ,addison-illinois
https://www.ubereats.com/chicago/food-delivery/india-house-express/JruFRuisQ7GW7_dn2Wi_5Q,addison-illinois
https://www.ubereats.com/chicago/food-delivery/flat-top-grill-lombard/GedKlrcNSPmYjWnyuuqnKA,addison-illinois
https://www.ubereats.com/chicago/food-delivery/falak-restaurant-and-banquets/MqgEKNvvRiGJlEXNnjkohw,addison-illinois
https://www.ubereats.com/chicago/food-delivery/dunkin-4121-n-mannheim-rd/xScmT9PwQny19_HjpQZkkw,addison-illinois
https://www.ubereats.com/chicago/food-delivery/mon-ami-gabi-oak-brook-center/VQHij92TRhmRv4BsxdTcSg,addison-illinois
https://www.ubereats.com/chicago/food-delivery/taco-bell-125-w-roosevelt-rd/pRs07qGgTcalgLlkN-eLfg,addison-illinois
https://www.ubereats.com/chicago/food-delivery/kebab-house/oMs8pW4ATqilaLXXmq44jQ,addison-illinois
https://www.ubereats.com/chicago/food-delivery/davids-burrito-express/dOJemqcoQX2hNq9MLh8EcQ,addison-illinois
https://www.ubereats.com/chicago/food-delivery/dunkin-936-n-york-rd/QGP7N2y_RGqz9tEOVrSOYA,addison-illinois
https://www.ubereats.com/chicago/food-delivery/auntie-vees/KAAsegi9Qq-cX5csseqYgA,addison-illinois
https://www.ubereats.com/chicago/food-delivery/auntie-annes-403-oakbrook-center/Njzmz8jwRCWnhIbEOOR1fw,addison-illinois
https://www.ubereats.com/chicago/food-delivery/dairy-queen-treat-850-n-main-st/S1SuCnsjQl6tk68gQUKY-A,addison-illinois
https://www.ubereats.com/chicago/food-delivery/stray-hen-cafe/Hwzz1upbSy68ecDAWVSbAA,addison-illinois
https://www.ubereats.com/chicago/food-delivery/dairy-queen-treat-148-s-bloomingdale-rd/I9guvuFaTvuYKSkPMxXHIQ,addison-illinois
https://www.ubereats.com/chicago/food-delivery/sozai-banzai/8IQKnssnTnyBHSsGoCnFXA,addison-illinois
https://www.ubereats.com/chicago/food-delivery/lake-street-pub/fnc_lKe6Tze2cdNokGK6xQ,addison-illinois
https://www.ubereats.com/chicago/food-delivery/crazy-crab-roselle/eY6T7BoUTDOgJUVQv1MO6g,addison-illinois
https://www.ubereats.com/chicago/food-delivery/mcdonalds-irving-park-%26-mason/Fck7EWrCRxWkAmEZTk9eYw,addison-illinois
https://www.ubereats.com/chicago/food-delivery/la-barra-oak-brook/FAbLeJORTcytl8OwZ_C_VQ,addison-illinois
https://www.ubereats.com/chicago/food-delivery/dunkin-1-w-st-charles-rd/18kjK877TduZU_uU68vUPQ,addison-illinois
https://www.ubereats.com/chicago/food-delivery/chipotle-mexican-grill-2103-clearwater-dr/RT1o67j5Sc6puZjTf7dmgA,addison-illinois
https://www.ubereats.com/chicago/food-delivery/yue-sun/dlaxBhLjQ1-AGjwAUP6A5A,addison-illinois
https://www.ubereats.com/chicago/food-delivery/subway-1009-e-roosevelt-rd/4c60D_IDRcCs3VnTauvbtA,addison-illinois
https://www.ubereats.com/chicago/food-delivery/squabs-gyros/cmyKczNwSbiaUppSWHjR_g,addison-illinois
https://www.ubereats.com/chicago/food-delivery/fannie-may-meacham/ycJFXbNrQCWC5YHEE6SyMg,addison-illinois
https://www.ubereats.com/chicago/food-delivery/culichi-town/mCo77j4NSZW0-oupFVXvcg,addison-illinois
https://www.ubereats.com/chicago/food-delivery/subway-1033-west-north-ave/ra9-51OrSJ6aGZqwRDA9Hg,addison-illinois
https://www.ubereats.com/chicago/food-delivery/steak-burrito/bi2ekMlkS-ORNknxOAR6xA,addison-illinois
https://www.ubereats.com/chicago/food-delivery/rookies-all-american-pub-%26-grill-roselle/HtN7oqOaR7OsUgnl6bYdlA,addison-illinois
https://www.ubereats.com/chicago/food-delivery/roka-akor-oak-brook/Y89cfuDCSbyGAk1RK-gLhQ,addison-illinois
https://www.ubereats.com/chicago/food-delivery/pizza-hub/ZrLG4b2fStmj98acUJskbQ,addison-illinois
https://www.ubereats.com/chicago/food-delivery/pj-fresh-1050-busse-highway/Kznr5WqvTNSHkJIfZY3FZg,addison-illinois
https://www.ubereats.com/chicago/food-delivery/johnnies-grill/E6T1x59DRzay70ycnZK3Qw,addison-illinois
https://www.ubereats.com/chicago/food-delivery/pasquallys-pizza-%26-wings-200-w-roosevelt/G6a3oiQNTju4TSQh11Nm9A,addison-illinois
https://www.ubereats.com/chicago/food-delivery/mcdonalds-roosevelt-%26-stewart/sgzhJeCNR5-tcAo3mILuyQ,addison-illinois
https://www.ubereats.com/chicago/food-delivery/kfc-schaumburg/LCGnCmqmS7-92pRNo_WQVw,addison-illinois
https://www.ubereats.com/chicago/food-delivery/between-the-buns-downers-grove/V3L3pg4ZQL-zQRKHjQ-N-Q,addison-illinois
https://www.ubereats.com/chicago/food-delivery/simply-thai-bistro/Z5aN_krUR7Csy6WH-EJLcw,addison-illinois
https://www.ubereats.com/chicago/food-delivery/bacci-pizzeria-elmhurst/0YVamu_dTomRsqij9e2IxA,addison-illinois
https://www.ubereats.com/chicago/food-delivery/mcalisters-deli-army-trail-%26-gary/2NsNhMSRRVaifzHIU4ShMw,addison-illinois
https://www.ubereats.com/chicago/food-delivery/mcdonalds-biesterfield-%26-arlington-heights/79L0vu-AShONrHa41L945A,addison-illinois
https://www.ubereats.com/chicago/food-delivery/kfc-872-north-york-road/5-9PeO5vR1CLE6muwd8BSA,addison-illinois
https://www.ubereats.com/chicago/food-delivery/zio-tonys-pizza/SHCDZTjNRAeBB4x1Ux15ZQ,addison-illinois
https://www.ubereats.com/chicago/food-delivery/burger-king-2121-bloomingdale-road/HyUlTT0ATT-S614bB1yX1Q,addison-illinois
https://www.ubereats.com/chicago/food-delivery/tommys-red-hots/Ees2zIZNSPqMUXx6lFUGjA,addison-illinois
https://www.ubereats.com/chicago/food-delivery/sonic-drive-in-grand-%26-mannheim/6dVDYN5RSeCLoWo-G8-8tg,addison-illinois
https://www.ubereats.com/chicago/food-delivery/china-wok/lkGD7JCESB66nymb1vElug,addison-illinois
https://www.ubereats.com/chicago/food-delivery/asian-tokyo/ShysQomKSIaiX23o-HBtvQ,addison-illinois
https://www.ubereats.com/chicago/food-delivery/wendys-1-south-576-midwest-road/MsCPEvSSQLCWU5e1dNSDkg,addison-illinois
https://www.ubereats.com/chicago/food-delivery/portillos-hot-dogs-134-e-lake-st/Nz39W-FASIyqQnpE-enU1Q,addison-illinois
https://www.ubereats.com/chicago/food-delivery/punkys-pub/LoVWVzltT0eAs4-Wre4vBA,addison-illinois
https://www.ubereats.com/chicago/food-delivery/mcdonalds-busse-%26-foster/SibGMLR2TRif5xlSkjFF1w,addison-illinois
https://www.ubereats.com/chicago/food-delivery/subway-274-w-fullerton-ave/3qtMzb_WQzCguStGp6VCUw,addison-illinois
https://www.ubereats.com/chicago/food-delivery/rockys-gyros/L01vc3w7SHakwnoO0a12DA,addison-illinois
https://www.ubereats.com/chicago/food-delivery/teriyaki-madness-795-e-butterfield-rd-lombard/Y87f9IPwT4aAdorTzW1wVw,addison-illinois
https://www.ubereats.com/chicago/food-delivery/wendys-900-busse-rd/L2xJF7JzTjmGDOu3qwGOrQ,addison-illinois
https://www.ubereats.com/chicago/food-delivery/ali-baba-kabab/Hqc8T6yrSnaD19hBVj3EJQ,addison-illinois
https://www.ubereats.com/chicago/food-delivery/apizzaco-highland-ave/iSgrmay5SIGUdMUakXe0_A,addison-illinois
https://www.ubereats.com/chicago/food-delivery/between-the-buns-oakbrook-terrace/WGBztpyzREGBym1qMje0Aw,addison-illinois
https://www.ubereats.com/chicago/food-delivery/kfc-taco-bell-370-roosevelt-road/YSpbtRIET2imrIuq8sCn9g,addison-illinois
https://www.ubereats.com/chicago/food-delivery/sportys-chicken-%26-beef/WBgIj0MlT_qo6-ozcc6pfw,addison-illinois
https://www.ubereats.com/chicago/food-delivery/johnnys-burgers-bowls-%26-bbq-elk-grove/w8EdaMPmSA-WHLsvZsLlYw,addison-illinois
https://www.ubereats.com/chicago/food-delivery/sunmist/QVbivkOTSVa4FnY5Ks36Sw,addison-illinois
https://www.ubereats.com/chicago/food-delivery/smoothie-king-glendale-heights/ttqK2QntRKuU5D7rCALJVg,addison-illinois
https://www.ubereats.com/chicago/food-delivery/honey-jam-cafe-downers-grove/hyUAKwqTR_i01zXKDDGT9w,addison-illinois
https://www.ubereats.com/chicago/food-delivery/la-michoacana-tres-hermanos/vwqFKWzQSTyO9JRYdGiR5A,addison-illinois
https://www.ubereats.com/chicago/food-delivery/southtown-hotdogs/jpob2uI2Rume5CFZwV1iFw,addison-illinois
https://www.ubereats.com/chicago/food-delivery/subway-404-w-roosevelt-rd/dt6A-n8KRa-uRCISOXvpJA,addison-illinois
https://www.ubereats.com/chicago/food-delivery/jamesons-charhouse-mt-prospect/wYfDFN9pSHqp0hIiMEssOg,addison-illinois
https://www.ubereats.com/chicago/food-delivery/desi-grill-and-pizza/QE_TF7_MQxu2XphAJ2sBCQ,addison-illinois
https://www.ubereats.com/chicago/food-delivery/taqueria-mexico-2000-iii/XBzA5bN_QdWmAEKbeh8Rrw,addison-illinois
https://www.ubereats.com/chicago/food-delivery/pizzeria-antica/O9CfoYjrR--AKYK5LltHVw,addison-illinois
https://www.ubereats.com/chicago/food-delivery/taco-bell-555-w-lake-st/OH-QiGnFReCoZNALCDw1rQ,addison-illinois
https://www.ubereats.com/chicago/food-delivery/mcdonalds-north-%26-westwood/E5YbURpkTBqzutHCduDa3A,addison-illinois
https://www.ubereats.com/chicago/food-delivery/burger-king-440-west-lake-street/Un5A_V2oRyitez10OnvR9w,addison-illinois
https://www.ubereats.com/chicago/food-delivery/two-chefs-restaurant-%26-catering/YaUglUT2QVqgsAGCiOyzyA,addison-illinois
https://www.ubereats.com/chicago/food-delivery/gordillas-addison/USxuD_0AQWiixl3Z60Ukcg,addison-illinois
https://www.ubereats.com/chicago/food-delivery/dunkin-2033-n-mannheim-rd-melrose-crsg/TgH3bU0ITq-nus-mtJ6k9A,addison-illinois
https://www.ubereats.com/chicago/food-delivery/mcdonalds-yorktown-center-%26-highland/h7LZGAMtS8Ox6eQf2Upmzw,addison-illinois
https://www.ubereats.com/chicago/food-delivery/cinnabon-d203-woodfield-mall/cRFHDRHwQkGWNOnLPyoyWA,addison-illinois
https://www.ubereats.com/chicago/food-delivery/kfc-bloomingdale/nki7qTqLSHi0PPbxFU1MHw,addison-illinois
https://www.ubereats.com/chicago/food-delivery/dunkin-700-e-higgins-rd/4KlF8KO3TBmmfawXF5JdYQ,addison-illinois
https://www.ubereats.com/chicago/food-delivery/kitakata-ramen-ban-nai-hoffman-estates/05-c8TiiTte7wypxggrq8A,addison-illinois
https://www.ubereats.com/chicago/food-delivery/honest-grilled-wings/xsTTIjEgRLCNbwsUg-g9hQ,addison-illinois
https://www.ubereats.com/chicago/food-delivery/alejandras-mexican-cuisine/WL1d0iPtQraJIHlcrcpRmA,addison-illinois
https://www.ubereats.com/chicago/food-delivery/ds-treats/Y4NDLlH4SGyGYfRXhCRmbA,addison-illinois
https://www.ubereats.com/chicago/food-delivery/juicy-o-pancake-house-downers-grove/R-imWBd3TiSHtLrYDAJRIQ,addison-illinois
https://www.ubereats.com/chicago/food-delivery/skinnysweet-frozen-yogurt/ndbio-wIR528mk3v4GDs8Q,addison-illinois
https://www.ubereats.com/chicago/food-delivery/mr-broast-roosevelt-%26-school/qUSuzE6IQgyJvqKaqpqFhg,addison-illinois
https://www.ubereats.com/chicago/food-delivery/dunkin-298-w-north-ave-ste-8/uxc_RLblSMaKVZgZ8-yjbg,addison-illinois
https://www.ubereats.com/chicago/food-delivery/crazy-dillas/idmBWihkSXGd3KmGC4tP5g,addison-illinois
https://www.ubereats.com/chicago/food-delivery/idof-i-dream-of-falafel-oakbrook/8N3_YdA2TVa4wFFy__U8gw,addison-illinois
https://www.ubereats.com/chicago/food-delivery/amadas-cafe/Z-rNLPdMTxqSQ1dbRR_EqQ,addison-illinois
https://www.ubereats.com/chicago/food-delivery/dunkin-33-e-lake-st/JHAd5xdyRxix2iXx0AhIVA,addison-illinois
https://www.ubereats.com/chicago/food-delivery/tokio-pub/2xhlFI_jSuKQYV7H_C3I_Q,addison-illinois
https://www.ubereats.com/chicago/food-delivery/starbucks-york-%26-industrial/PD1RF9SyTjC0y-_u5-w2ew,addison-illinois
https://www.ubereats.com/chicago/food-delivery/penang-malaysian-cuisine/JY9AQdTzSSislH1zkQbquA,addison-illinois
https://www.ubereats.com/chicago/food-delivery/v-thai/WmGAWZuHSSOKfm4bgeUQig,addison-illinois
https://www.ubereats.com/chicago/food-delivery/brazil-express-grill/t3cmogLPR2iPjN5ZmVe3Uw,addison-illinois
https://www.ubereats.com/chicago/food-delivery/el-tesoro/ByN8lU9AT7yE4HZiF6WAFA,addison-illinois
https://www.ubereats.com/chicago/food-delivery/la-catrina/NXy0KBC1TsiR91QTROYZ5A,addison-illinois
https://www.ubereats.com/chicago/food-delivery/kabab-guys/1jK7drAhQWG5wj4ViIj6Xg,addison-illinois
https://www.ubereats.com/chicago/food-delivery/bulldog-ale-house-rolling-meadows/VhXsDey6RJG_pvu1kgSy4Q,addison-illinois
https://www.ubereats.com/chicago/food-delivery/rameys-bar-and-grill/_HUjMDVQQ4a1i9bqeDxnvw,addison-illinois
https://www.ubereats.com/chicago/food-delivery/mod-pizza-bloomingdale-court/SIeNYNQBT_yyM4Ov_bSwhw,addison-illinois
https://www.ubereats.com/chicago/food-delivery/mcdonalds-stratford-%26-entrance-drive-5/ilyPhI1HSXeg8Cxhs9ax7Q,addison-illinois
https://www.ubereats.com/chicago/food-delivery/gloria-jeans/rZgqiwagR9mtef7t5YlAxA,addison-illinois
https://www.ubereats.com/chicago/food-delivery/dunkin-85-yorktown-shopping-center/btA1cbCDSm6b1OOKbcxMng,addison-illinois
https://www.ubereats.com/chicago/food-delivery/taco-bell-2721-rose-street/hk-f1fgWQniUrPAXWPN2GA,addison-illinois
https://www.ubereats.com/chicago/food-delivery/doctor-dogs/xFLvawSBReqw4e-Z-uo3eA,addison-illinois
https://www.ubereats.com/chicago/food-delivery/potbelly-sandwich-shop-elmhurst-%7C-263/8czAnkrsS7iG8NUdHptQ3w,addison-illinois
https://www.ubereats.com/chicago/food-delivery/chipotle-mexican-grill-2926-mannheim-rd/hYaAO5caSB-m1vJ9IHX8Mw,addison-illinois
https://www.ubereats.com/chicago/food-delivery/jins-china/r6D214fgRRuj9J_wx0CLYw,addison-illinois
https://www.ubereats.com/chicago/food-delivery/outback-steakhouse-8101-west-higgins-road/yxL_c4xyTU6k8Jk17xnj7w,addison-illinois
https://www.ubereats.com/chicago/food-delivery/bombay-chopsticks/gxDWX-3bT9ivOI2nHfEMig,addison-illinois
https://www.ubereats.com/chicago/food-delivery/buffalo-wild-wings-140-s-gary-ave/fDwoMXvPS8qkloo2gHXqkQ,addison-illinois
https://www.ubereats.com/chicago/food-delivery/fitfresh-cafe-and-juice-bar/YpdtPywxSqiP0n7mlkzghA,addison-illinois
https://www.ubereats.com/chicago/food-delivery/shaws-crab-house-schaumburg/FdNe_AwhQsOW5u_j4TttJA,addison-illinois
https://www.ubereats.com/chicago/food-delivery/kfc-carol-stream/cAjCna03SbalScwBYxFnvA,addison-illinois
https://www.ubereats.com/chicago/food-delivery/mcdonalds-lake-%26-mill/Nlc9YBfLT7--9kdHjQKfgQ,addison-illinois
https://www.ubereats.com/chicago/food-delivery/starbucks-main-%26-crescent/VW98n6eBSRCTk2LiDllm2g,addison-illinois
https://www.ubereats.com/chicago/food-delivery/beerhead-bar-and-eatery-schaumburg/jXXf8iiBTQ-xkzZIqg357A,addison-illinois
https://www.ubereats.com/chicago/food-delivery/noodles-%26-company-342-yorktown-shopping-center/AA_y_miUSFmAQGUYnO-H_Q,addison-illinois
https://www.ubereats.com/chicago/food-delivery/scudieros-italian-bakery-%26-deli/AvTsYbBhQpqZ7i0iEsDTPg,addison-illinois
https://www.ubereats.com/chicago/food-delivery/little-greek-schaumburg/KB7UqYteRKuQlB__SGBbOg,addison-illinois
https://www.ubereats.com/chicago/food-delivery/mcdonalds-roosevelt-%26-main/wE7PeS6GSPGApQCJEqLmeQ,addison-illinois
https://www.ubereats.com/chicago/food-delivery/halsted-street-deli-on-martingale/SIgWCs52SLCrG8_Ph8P4fw,addison-illinois
https://www.ubereats.com/chicago/food-delivery/los-arcos-restaurant/lRmTUMfyTUGVtOaU6v6g2Q,addison-illinois
https://www.ubereats.com/chicago/food-delivery/sushi-ukai-glen-ellyn/Z-NfdXS4R8O_hlrg-NVz1w,addison-illinois
https://www.ubereats.com/chicago/food-delivery/chic-chef/TlaQxeP_TK6QGd3RvjBbjQ,addison-illinois
https://www.ubereats.com/chicago/food-delivery/panera-1600-west-lake-street-suite-101/LQhP6W-iTe61hSC_FF5B0g,addison-illinois
https://www.ubereats.com/chicago/food-delivery/bonchon-chicken-1408-e-golf-rd/-fEJWEOOQ2-33JLr7rd3Rw,addison-illinois
https://www.ubereats.com/chicago/food-delivery/benihana-747-e-butterfield-road/1k-eTCC0TSC6Q8rgrbZq1Q,addison-illinois
https://www.ubereats.com/chicago/food-delivery/fahrenheit-786/XOSMuUp5TzyNAyKbzz3XbA,addison-illinois
https://www.ubereats.com/chicago/food-delivery/potbelly-sandwich-shop-lombard-%7C-33/9MwkQbjLT2SKrw5Bd5IPPw,addison-illinois
https://www.ubereats.com/chicago/food-delivery/mcdonalds-947-meacham-road/3OIutqrBQlSJLFFE9fO26g,addison-illinois
https://www.ubereats.com/chicago/food-delivery/capri-of-downers-grove/XVCsZSVZSkmAoS19VXowkg,addison-illinois
https://www.ubereats.com/chicago/food-delivery/millers-ale-house-lombard/2iW3qUJYTm65g8Fxjgxo_g,addison-illinois
https://www.ubereats.com/chicago/food-delivery/francescos-bros-pizzeria/1ml48yHoRk-5BjQZIf6Uig,addison-illinois
https://www.ubereats.com/chicago/food-delivery/good-tequilas-mexican-grill-glendale-heights/4RzGgLtcSyK6-hJlie4xiA,addison-illinois
https://www.ubereats.com/chicago/food-delivery/burger-king-590-roosevelt-road/UMOnhSvHRduN5oXW9giRwQ,addison-illinois
https://www.ubereats.com/chicago/food-delivery/starbucks-north-%26-schmale/ski0aloxQq-BUudjgEScOQ,addison-illinois
https://www.ubereats.com/chicago/food-delivery/burger-king-1021-east-st-charles-road/WEtuP9i2ThW7wqPOKzGaaA,addison-illinois
https://www.ubereats.com/chicago/food-delivery/carols-garden-restaurant/_oOh94DPRH-fST30ererOw,addison-illinois
https://www.ubereats.com/chicago/food-delivery/dunkin-1004-w-irving-park-rd/l-jRfAtCQxSDXVEiVrQKsw,addison-illinois
https://www.ubereats.com/chicago/food-delivery/akwa-fusion-cuisine/YAj-amn_Stqx1gGlP_gZJg,addison-illinois
https://www.ubereats.com/chicago/food-delivery/steak-n-shake-275-e-army-trail/ozxj9ed0T_yI7jdfwxynxA,addison-illinois
https://www.ubereats.com/chicago/food-delivery/mcdonalds-roselle-%26-weathersfield/gP6aZ03sTjiPfYUQrW_CBQ,addison-illinois
https://www.ubereats.com/chicago/food-delivery/cold-stone-creamery-122-stratford-square-mall/rE3MsC9hQUayDspdBFJCVw,addison-illinois
https://www.ubereats.com/chicago/food-delivery/dennys-17-w-660-22nd-st/SX_3AFZgTvSSdcjGeQNvvA,addison-illinois
https://www.ubereats.com/chicago/food-delivery/ice-cream-on-wheels-stone-park/JmZ3aF_bRyKqoEvRoO7G_Q,addison-illinois
https://www.ubereats.com/chicago/food-delivery/sushi-time/va-EBFAnQCC3a0We0FIfgg,addison-illinois
https://www.ubereats.com/chicago/food-delivery/vanilla-sugar-bakery/PaVDyEO-TmOw43OzPjr2kw,addison-illinois
https://www.ubereats.com/chicago/food-delivery/wendys-2723-north-manheim-road/QzGvtkP1TS6ohv1d2RWpnw,addison-illinois
https://www.ubereats.com/chicago/food-delivery/mcdonalds-mannheim-%26-higgins/6ejdcgIVQouNW-SSZtRI3A,addison-illinois
https://www.ubereats.com/chicago/food-delivery/tiffanys-restaurant-%26-cafe/9Nf9ncgiQDScjbAEGm8-ug,addison-illinois
https://www.ubereats.com/chicago/food-delivery/jenis-splendid-ice-cream-oakbrook-center/GGHFnJOiQCeGrip6s6xbEQ,addison-illinois
https://www.ubereats.com/chicago/food-delivery/sushi-house-downers-grove/C3iF91X_S6uhbWIj_jxlMw,addison-illinois
https://www.ubereats.com/chicago/food-delivery/starbucks-biesterfield-%26-wellington/q57qK7NKS2GdPtavdl-RWA,addison-illinois
https://www.ubereats.com/chicago/food-delivery/mazmez/Iitj21GTRvycKCaT7bW2Ew,addison-illinois
https://www.ubereats.com/chicago/food-delivery/dunkin-10131-w-grand-ave/YKmOM2mHRvSmOHwJeqNOEg,addison-illinois
https://www.ubereats.com/chicago/food-delivery/wendys-305-roosevelt-road/MSF8KRSxSN-5tfgN8S9TZQ,addison-illinois
https://www.ubereats.com/chicago/food-delivery/sneakers-sports-bar-and-grill/F6CiiMnqR3qRZ7TcLs_8tA,addison-illinois
https://www.ubereats.com/chicago/food-delivery/brew-lounge/46EMx6erR2Grp2jVF30r_Q,addison-illinois
https://www.ubereats.com/chicago/food-delivery/bbq-hut/L2pYCoEdT_aBWfoAwueaIg,addison-illinois
https://www.ubereats.com/chicago/food-delivery/123-peri-peri-thai-restaurant/Q2PcwLbjT_2FdmRoiqqlzA,addison-illinois
https://www.ubereats.com/chicago/food-delivery/buona-itasca/si2wG7IZQB6wobTQ_M4zzQ,addison-illinois
https://www.ubereats.com/chicago/food-delivery/protein-bar-%26-kitchen-york-%26-22nd-st/Zg68NwEqRGelfKiIYzYh_w,addison-illinois
https://www.ubereats.com/chicago/food-delivery/subway-572-e-devon-ave/DpVBhIAzQEuNpK5PgTLF7Q,addison-illinois
https://www.ubereats.com/chicago/food-delivery/bibibop-asian-grill-1022-n-meacham-road/klNTz0lYTCaIyb9gdNDHRg,addison-illinois
https://www.ubereats.com/chicago/food-delivery/flavor-frenzy/TRME8IsUTiiN39F843ZTLA,addison-illinois
https://www.ubereats.com/chicago/food-delivery/calzones-highland-ave/hYDpaEnQS1KzwLI-4kq96g,addison-illinois
https://www.ubereats.com/chicago/food-delivery/bulldog-ale-house-carol-stream/HGLoACAkSfiLQ5smVx78JA,addison-illinois
https://www.ubereats.com/chicago/food-delivery/ihop-1671-w-lake-st/k9eOFB3iSNuquf-UIvtZGw,addison-illinois
https://www.ubereats.com/chicago/food-delivery/domo-77-glendale-heights/6VGE1wWmSbWaKX8FbTq5ug,addison-illinois
https://www.ubereats.com/chicago/food-delivery/honey-baked-ham-bloomingdale/a3eJPeiVTJ-ZUL8993NNYw,addison-illinois
https://www.ubereats.com/chicago/food-delivery/beerhead-bar-%26-eatery-york-%26-1st/yj2rIFCqSWWurD12n0-pTg,addison-illinois
https://www.ubereats.com/chicago/food-delivery/mr-wonton/8CSMwR1wT_KVQEST43FiSg,addison-illinois
https://www.ubereats.com/chicago/food-delivery/kfc-lombard/JZEwvbBZSiuKaLAjo8OJNg,addison-illinois
https://www.ubereats.com/chicago/food-delivery/mariscos-el-amigo-3/dr7YrqgLRTGX2X8pMKYTwQ,addison-illinois
https://www.ubereats.com/chicago/food-delivery/the-happy-tapper/hIV8yIkLQMmhhU1UYTf_2w,addison-illinois
https://www.ubereats.com/chicago/food-delivery/alfies-inn/32loHaXWSE2y4bY1rxq12g,addison-illinois
https://www.ubereats.com/chicago/food-delivery/panchos-taqueria-and-catering/Xkj1bu5DQ4m6LCw4vipZVg,addison-illinois
https://www.ubereats.com/chicago/food-delivery/victorias-mexican-cocina/1OmYVeQ7RTG4fa3axKR4xQ,addison-illinois
https://www.ubereats.com/chicago/food-delivery/tgi-fridays-2677-schaumburg-il/0odO_MwyRn2qu-Z1lLCKFg,addison-illinois
https://www.ubereats.com/chicago/food-delivery/teddys-diner/mvwifitMT_OVS0AYg7h79g,addison-illinois
https://www.ubereats.com/chicago/food-delivery/taqueria-los-comales-roosevelt-%26-westmore-meyers/yVagsUvASyaAt0MLBsQ7dQ,addison-illinois
https://www.ubereats.com/chicago/food-delivery/the-rose-garden-cafe/_Ox8zTC3SIKDni15mfGevw,addison-illinois
https://www.ubereats.com/chicago/food-delivery/crazy-pour-sports-bar/PdhuEpzdQ2-Q-VFXCsKV2A,addison-illinois
https://www.ubereats.com/chicago/food-delivery/subway-1001-n-wood-dale-rd/5sCSjYQ5THetx-9SfJ_bzQ,addison-illinois
https://www.ubereats.com/chicago/food-delivery/touch-of-spice-authentic-indian-restaurant/IxgF-_u9TamwQR_rOf0drQ,addison-illinois
https://www.ubereats.com/chicago/food-delivery/blue-line-bar-%26-grill/fNiU6Xg9R6WAy8YK8C6FWQ,addison-illinois
https://www.ubereats.com/chicago/food-delivery/made-in-italy-trattoria-476-forest-ave/Yg11hwlHR5eKPkjB_JJPfQ,addison-illinois
https://www.ubereats.com/chicago/food-delivery/subway-1209-w-irving-park-rd/ZehuKoc5Sn2lIhblI9NJQA,addison-illinois
https://www.ubereats.com/chicago/food-delivery/taco-bell-1400-busse-rd/3kkowaaDSl2B0T2QaTCNcA,addison-illinois
https://www.ubereats.com/chicago/food-delivery/fitzs-pub/-4F1ymhOQhCGL_pEHC_0OA,addison-illinois
https://www.ubereats.com/chicago/food-delivery/wendys-525-e-north-avenue/fXDRZxmCRh6Ad8XaYXkKyA,addison-illinois
https://www.ubereats.com/chicago/food-delivery/popeyes-army-trail-%26-gary/h9NUa3CJTMin0i0PaZtc0Q,addison-illinois
https://www.ubereats.com/chicago/food-delivery/starbucks-york-%26-2nd/G9tQ6slRSvWqq56c6Wy52Q,addison-illinois
https://www.ubereats.com/chicago/food-delivery/fulla-bologna/vUj2biABSsOvLahptLZ7Qg,addison-illinois
https://www.ubereats.com/chicago/food-delivery/pita-pita-mediterranean-grill-1219-golf-rd/g6qowHJpSIStAaaT00aWlw,addison-illinois
https://www.ubereats.com/chicago/food-delivery/lawrences-fish-%26-shrimp-lombard/e9NG0u4iTx6q9OysZah1JA,addison-illinois
https://www.ubereats.com/chicago/food-delivery/shawarma-express/ugMgQq8VTr6nLQImkk4EiA,addison-illinois
https://www.ubereats.com/chicago/food-delivery/playas-bar-and-grill/8YQfJbdDQqy1IPzUqjz7yw,addison-illinois
https://www.ubereats.com/chicago/food-delivery/rosatis-pizza-bloomingdale/bTk3TYq6QaSNmf2acNctkQ,addison-illinois
https://www.ubereats.com/chicago/food-delivery/subway-1034-s-york-rd/J7YzwsU_TpeF0OYExpjSiw,addison-illinois
https://www.ubereats.com/chicago/food-delivery/subway-450-w-lake-st/mq3MegWAQYOF1ARnHektWg,addison-illinois
https://www.ubereats.com/chicago/food-delivery/subway-1023-s-roselle-rd/vEzxdd7BQPKm0EBNNjvq2A,addison-illinois
https://www.ubereats.com/chicago/food-delivery/mr-mesquite/H6ehiw2FRy2oGP1MARJRCw,addison-illinois
https://www.ubereats.com/chicago/food-delivery/dunkin-donuts-rt-83/ecNY-V8MS9yYXAS_z7ujKw,addison-illinois
https://www.ubereats.com/chicago/food-delivery/starbucks-lake-%26-fairfield/TPH-xnYwSO-djPkFmGefkg,addison-illinois
https://www.ubereats.com/chicago/food-delivery/el-tio-loco-restaurant-and-cantina-northlake/_D_8nAmXT12ncguoL5OQhQ,addison-illinois
https://www.ubereats.com/chicago/food-delivery/taco-maya-bloomingdale/STIGbGOmQdukaO95_PmTjA,addison-illinois
https://www.ubereats.com/chicago/food-delivery/dunkin-1160-s-main-st/z4nHPZ8MQya63MtbjZ6vqQ,addison-illinois
https://www.ubereats.com/chicago/food-delivery/mina-restaurant/G9Xwbh0aSrWvEhIt482G6g,addison-illinois
https://www.ubereats.com/chicago/food-delivery/fannie-may-glen-ellyn/AiyZCTg4RTGQDoQ9ron2_g,addison-illinois
https://www.ubereats.com/chicago/food-delivery/jerusalem-cafe-lombard/WKs6NpiSSzyAHSUfbDwKMg,addison-illinois
https://www.ubereats.com/chicago/food-delivery/taco-bell-145-north-avenue/geOTEhdKQ0ihqc824o5cbQ,addison-illinois
https://www.ubereats.com/chicago/food-delivery/el-famous-burrito-glendale-heights/qTsVJjQvTAmAAjZEbATBxA,addison-illinois
https://www.ubereats.com/chicago/food-delivery/bawarchi-biryanis/UrLBs5_bQuCzEHyq5W5DLw,addison-illinois
https://www.ubereats.com/chicago/food-delivery/brauerhouse/m2oyhUb4TsCesuW2e2RZfQ,addison-illinois
https://www.ubereats.com/chicago/food-delivery/cheesy-delicious/rFgOn234T5uJmimDoZDo3g,addison-illinois
https://www.ubereats.com/chicago/food-delivery/weber-grill-restaurant-lombard/5wAyp2tPRIu3XS6Rnnr8yw,addison-illinois
https://www.ubereats.com/chicago/food-delivery/qdoba-schaumburg-%26-barrington/-7d1Lu2cSa6SYLaEPjH_YQ,addison-illinois
https://www.ubereats.com/chicago/food-delivery/senor-jalapeno/VGou0MdzRO2v2dyGqgQxqg,addison-illinois
https://www.ubereats.com/chicago/food-delivery/sabroso-burrito/aHOlVushQry_gWdg-Frz8g,addison-illinois
https://www.ubereats.com/chicago/food-delivery/balkan-bakery-and-cafe/h58Rhz9zTASV83Rxg2iQIQ,addison-illinois
https://www.ubereats.com/chicago/food-delivery/elmhurst-family-restaurant/21ZbTXY7QImCB4fuo5trbQ,addison-illinois
https://www.ubereats.com/chicago/food-delivery/tacos-y-cemitas-poblana/T7k-ws0OSXCgdsDkGo6sAA,addison-illinois
https://www.ubereats.com/chicago/food-delivery/draft-picks/LBSorGFXSJOa3Aq3ZdzJrQ,addison-illinois
https://www.ubereats.com/chicago/food-delivery/smallcakes-of-elmhurst/qL5KWu1uSHGGOmhakOeV9g,addison-illinois
https://www.ubereats.com/chicago/food-delivery/krispy-kreme-devon-%26-michael/aacxRG_HRYGVeGTzBFFkSg,addison-illinois
https://www.ubereats.com/chicago/food-delivery/el-famous-burrito-elmhurst/x_wtfBwvT32v6I4L7N3Acw,addison-illinois
https://www.ubereats.com/chicago/food-delivery/starbucks-lake-%26-rohlwing/fYsGP-MtT4WfGNsM2z94eA,addison-illinois
https://www.ubereats.com/chicago/food-delivery/noodles-pho-u-lombard/vHVo7wYgQJeHQFw3omvUKg,addison-illinois
https://www.ubereats.com/chicago/food-delivery/la-campana/XfqFSJ4JRa6RngybLRl_zg,addison-illinois
https://www.ubereats.com/chicago/food-delivery/buffalo-wild-wings-207-e-roosevelt-rd/bJvEaz3rQwSXKcD0Zaxl1g,addison-illinois
https://www.ubereats.com/chicago/food-delivery/starbucks-geneva-%26-main/BEem0ZzvSBCIuV_KJVHJTA,addison-illinois
https://www.ubereats.com/chicago/food-delivery/buca-di-beppo-lombard/JYSHzVFQTSq6i-I6jngTow,addison-illinois
https://www.ubereats.com/chicago/food-delivery/browns-chicken-elk-grove-village/a5uAawmGSwOH0voY56RhRw,addison-illinois
https://www.ubereats.com/chicago/food-delivery/saffron-restaurant/3KNmCTw2RQOmz6W7LLrogw,addison-illinois
https://www.ubereats.com/chicago/food-delivery/dunkin-1-e-saint-charles-rd/5oJUih9tTmuPU5A7Qor7iA,addison-illinois
https://www.ubereats.com/chicago/food-delivery/nay-restaurant/c_tH8H8_Rf-BkB9CWIW-FA,addison-illinois
https://www.ubereats.com/chicago/food-delivery/seafood-junction-hillside/XucFruSEQD61he8pnbOolw,addison-illinois
https://www.ubereats.com/chicago/food-delivery/italian-express-restaurant-glendale-heights/5acensZgS9WcIGCfjpC4DA,addison-illinois
https://www.ubereats.com/chicago/food-delivery/quick-fire-cafe/5lsjW1wkR-6T0oDqsnSWMQ,addison-illinois
https://www.ubereats.com/chicago/food-delivery/wendys-956-n-york-road/tKnq1xg5Q7mxNmk4EspR3g,addison-illinois
https://www.ubereats.com/chicago/food-delivery/portillos-hot-dogs-155-s-route-83/naY4uTIAQBymk-7uybKuVQ,addison-illinois
https://www.ubereats.com/chicago/food-delivery/altiro-latin-fusion-wheaton/HGfi5KDkRBiLbZc6DqpwbA,addison-illinois
https://www.ubereats.com/chicago/food-delivery/outback-steakhouse-216-east-golf-road/N2V7Wpl0SsGSgNnx720RqQ,addison-illinois
https://www.ubereats.com/chicago/food-delivery/magarottos/CvEW3YglSKC7HixHwhSjWw,addison-illinois
https://www.ubereats.com/chicago/food-delivery/foodhaul-carol-stream/ovQTJxI_RlO9M5BLGt8WYg,addison-illinois
https://www.ubereats.com/chicago/food-delivery/grilled-cheesin/zARAjV5UQQWy4gSti2EU4w,addison-illinois
https://www.ubereats.com/chicago/food-delivery/dunkin-530-crescent-blvd/UoU3OnjHSK-TN4kKPQ1PaQ,addison-illinois
https://www.ubereats.com/chicago/food-delivery/potbelly-sandwich-shop-schaumburg-dt-%7C-314/tYZDETGoTmmjnzgyBRyIRg,addison-illinois
https://www.ubereats.com/chicago/food-delivery/panda-express-1070-n-rohlwing-rd/8JbHOUezQNqXVUPCotOSfA,addison-illinois
https://www.ubereats.com/chicago/food-delivery/noodles-%26-company-706-roosevelt-rd/Hd87-2t9Q6qiISYojfxYGw,addison-illinois
https://www.ubereats.com/chicago/food-delivery/mcdonalds-higgins-%26-oakton/X3mvpPkPT3atWcRfbjtUAg,addison-illinois
https://www.ubereats.com/chicago/food-delivery/poke-bros-oakbrook-terrace/M31T1yrWRtaTI-Xri7qE1g,addison-illinois
https://www.ubereats.com/chicago/food-delivery/wendys-467-georgetown-square/2lBRMTqJQPKTZRnZzuLPaw,addison-illinois
https://www.ubereats.com/chicago/food-delivery/christys-restaurant/WQAOW4Z9R2OVjrsN6eC6cg,addison-illinois
https://www.ubereats.com/chicago/food-delivery/gary-burritos/VgcXSFqvT2S6askOxbELrQ,addison-illinois
https://www.ubereats.com/chicago/food-delivery/salt-and-pepper-cajun-kitchen/UTI-h4m0RUaDousraZecYg,addison-illinois
https://www.ubereats.com/chicago/food-delivery/thai-kitchen/HBO7JLiuRGmcEJa2rr4dMA,addison-illinois
https://www.ubereats.com/chicago/food-delivery/skippys-gyros-oak-brook/OmShFz9LSga2purV0BKkfg,addison-illinois
https://www.ubereats.com/chicago/food-delivery/mcdonalds-st-charles-%26-ashbel/HIELI4C0SBqC249twzC-_g,addison-illinois
https://www.ubereats.com/chicago/food-delivery/taqueria-los-juanes/A0j85LxqT2KzGdSom7A4Xw,addison-illinois
https://www.ubereats.com/chicago/food-delivery/maccs-cafe/U9bq1zzqTBCVoO-v07z-jA,addison-illinois
https://www.ubereats.com/chicago/food-delivery/starbucks-north-%26-route-83/FKmbziokSY28pCb8NkQuow,addison-illinois
https://www.ubereats.com/chicago/food-delivery/potbelly-sandwich-shop-elk-grove-village-dt-%7C-600/FSEjHz3vRYOtpkqTBhLJBQ,addison-illinois
https://www.ubereats.com/chicago/food-delivery/great-steak-126-stratford-square/C4lDi5xARyWpWQVVrYkeGQ,addison-illinois
https://www.ubereats.com/chicago/food-delivery/burgerim/UObsgz04SSm8KZRTbJRqGA,addison-illinois
https://www.ubereats.com/chicago/food-delivery/subway-2101-w-army-trail-rd/zmdETvwSSA2C-SwDW5Ay-A,addison-illinois
https://www.ubereats.com/chicago/food-delivery/dunkin-148-w-north-ave/USvEZKkPRZK57fSJcLP0Qw,addison-illinois
https://www.ubereats.com/chicago/food-delivery/dunkin-317-s-schmale-rd/YNd4W2_0SI61s0W-qTuyqg,addison-illinois
https://www.ubereats.com/chicago/food-delivery/hooters-downers-grove-%26-butterfield/zMy8wxVrSMu4HFAZpGSsbw,addison-illinois
https://www.ubereats.com/chicago/food-delivery/uncle-julios-lombard/g_ZR2k_URiOGAN4CQmwrHQ,addison-illinois
https://www.ubereats.com/chicago/food-delivery/five-guys-il-0524-383-west-army-trail-rd/7nGeKOrDTKm9FnVxMHwZqQ,addison-illinois
https://www.ubereats.com/chicago/food-delivery/maharaja-indian-cuisine/OSPzQIX9QSmgBmcJBYEzkw,addison-illinois
https://www.ubereats.com/chicago/food-delivery/taco-bell-51-w-north-avenue/YGKEpkUiTq6unsQskf6fkA,addison-illinois
https://www.ubereats.com/chicago/food-delivery/dunkin-893-e-schaumburg-rd/-ybBGQrrTi-in6ZG605G9A,addison-illinois
https://www.ubereats.com/chicago/food-delivery/antonio-ristorante/LcKAxRUfQ26bqbgAf2Tvyw,addison-illinois
https://www.ubereats.com/chicago/food-delivery/pozoleria-amiguitas/CBvw1wRaQFy8g3jh2hMUSQ,addison-illinois
https://www.ubereats.com/chicago/food-delivery/capital-greens-highland-ave/_QxJVfKaTF2FjY59cGJPDg,addison-illinois
https://www.ubereats.com/chicago/food-delivery/route-45-grill-%26-pizza/BtbI6tcRTliYYHlAsC5H6g,addison-illinois
https://www.ubereats.com/chicago/food-delivery/petey-pasta-highland-ave/zvSOxLelRLSIbFdO50SKhA,addison-illinois
https://www.ubereats.com/chicago/food-delivery/azteca-mexican-grill/9owS9g66RGe7DBGMnz2-Fw,addison-illinois
https://www.ubereats.com/chicago/food-delivery/texas-de-brazil-schaumburg/PLUZBPBwR1OKYettop5_Fw,addison-illinois
https://www.ubereats.com/chicago/food-delivery/chipotle-mexican-grill-910-elk-grove-town-ctr/H_K623jjQnq3cye-7rCfCw,addison-illinois
https://www.ubereats.com/chicago/food-delivery/burrito-parilla-mexicana-lombard/8jp3dZvqQp2RdBBm8LvjlQ,addison-illinois
https://www.ubereats.com/chicago/food-delivery/kens/pEeYm_YQSAadAIaODiStQg,addison-illinois
https://www.ubereats.com/chicago/food-delivery/cedar-grill/5joC8iroTEqXY1j0WrF_4Q,addison-illinois
https://www.ubereats.com/chicago/food-delivery/taqueria-azteca/GXH-uRXzQMasML8B7RebXg,addison-illinois
https://www.ubereats.com/chicago/food-delivery/shree-indian-restaurant-westmont/-ksJRGsfQb6WU4VfG4XtYA,addison-illinois
https://www.ubereats.com/chicago/food-delivery/golden-corral-154-s-gary-ave/0oTjSJn3R0qREroaaS6vYA,addison-illinois
https://www.ubereats.com/chicago/food-delivery/uncle-petes-pizzeria/XaZrZaaXQfylA4q5sD-H5A,addison-illinois
https://www.ubereats.com/chicago/food-delivery/twin-peaks-restaurant-17w744-22nd-st/XT_jp8V6QkWuNwxKAfJj6g,addison-illinois
https://www.ubereats.com/chicago/food-delivery/plaka-greek-taverna/OUE_ksfDQWmcLjMq29CO4g,addison-illinois
https://www.ubereats.com/chicago/food-delivery/ariston-restaurant/eny2yF-uTpCKKmJBVNVP6A,addison-illinois
https://www.ubereats.com/chicago/food-delivery/taqueria-mi-tierra/UpLvaf-eQ_aTSQO-gMx3QQ,addison-illinois
https://www.ubereats.com/chicago/food-delivery/phat-phat/UOwArqwKThyCnm5eTWm6qA,addison-illinois
https://www.ubereats.com/chicago/food-delivery/bar-louie-plaza-%26-golf/YO0JkyboTcuDWByHCBtAgg,addison-illinois
https://www.ubereats.com/chicago/food-delivery/en-fuego-mexican-grille/MwBtuevkQZq8B0K3TQkacQ,addison-illinois
https://www.ubereats.com/chicago/food-delivery/adelles-kitchen-%26-bar/DKZMrw9DQmyRssPhHVQihg,addison-illinois
https://www.ubereats.com/chicago/food-delivery/dennys-363-s-schmale-road/79j6qXtyTveiSq1CojC10A,addison-illinois
https://www.ubereats.com/chicago/food-delivery/the-southern-cafe-roselle/7l6PJRfETTqpfJZKoTpJhg,addison-illinois
https://www.ubereats.com/chicago/food-delivery/dunkin-247-e-irving-park-rd/qPowtV8FSlucWbYyopRudw,addison-illinois
https://www.ubereats.com/chicago/food-delivery/subway-7-w-irving-park-rd/fA8e1owiQHqF3XZRpKq9Mg,addison-illinois
https://www.ubereats.com/chicago/food-delivery/harlo-grill/tHH9_solTaC4D2NKAQd3OA,addison-illinois
https://www.ubereats.com/chicago/food-delivery/dunkin-donuts-meacham-rd/Zb8PQTbyS7mKmWk6Aki4vA,addison-illinois
https://www.ubereats.com/chicago/food-delivery/guac-n-tacos-north-ave/wzuRD2jKRpO0Qyi1MHqiZg,addison-illinois
https://www.ubereats.com/chicago/food-delivery/potbelly-sandwich-shop-519-oakbrook-center/G47sIWRvTPG2BeHoAzz7Mw,addison-illinois
https://www.ubereats.com/chicago/food-delivery/rosatis-pizza-carol-stream-hiawatha/pEqHoW1JRUOH-YHgbse55A,addison-illinois
https://www.ubereats.com/chicago/food-delivery/macianos-pizza-%26-pastaria-winfield/CbvUYxctSb6-boPtA3vq6A,addison-illinois
https://www.ubereats.com/chicago/food-delivery/jets-pizza-arlington-heights/70Vrr_NHRE20IvJ0qWACqg,addison-illinois
https://www.ubereats.com/chicago/food-delivery/kona-grill-oak-brook/MJYX9AY6SkGgRha8JHX8hA,addison-illinois
https://www.ubereats.com/chicago/food-delivery/wok-n-fire-wheaton/5BMBDafySTiy-4mqBmjEuQ,addison-illinois
https://www.ubereats.com/chicago/food-delivery/colombians-taste/Vxp-8CXET76kBM1VwlPgnA,addison-illinois
https://www.ubereats.com/chicago/food-delivery/starbucks-butterfield-%26-finley/aITvNFG7QQeLtwDwLIJd2g,addison-illinois
https://www.ubereats.com/chicago/food-delivery/napoli-per-tutti/lFlvKoPWRii8Ir8HJ_UVVA,addison-illinois
https://www.ubereats.com/chicago/food-delivery/gloria-jeans-coffees/vncLxulkSmaFccj0Dfvtvg,addison-illinois
https://www.ubereats.com/chicago/food-delivery/the-port-of-peri-peri-villa-park/6m6tAxofRSWFrxMkkKhPAA,addison-illinois
https://www.ubereats.com/chicago/food-delivery/eagle-restaurant/Qm_kZeqtTRCfDmm6KHHeWQ,addison-illinois
https://www.ubereats.com/chicago/food-delivery/subway-113-schiller-st/CK4pZ1TKRV6OybkezzcXvg,addison-illinois
https://www.ubereats.com/chicago/food-delivery/beijing-bros/w1BlRqrsT2KhcA7PHk33JA,addison-illinois
https://www.ubereats.com/chicago/food-delivery/sammys-mexican-grill-and-bar-roselle/6uhwaen-Q_erGEJJjKN9wA,addison-illinois
https://www.ubereats.com/chicago/food-delivery/starbucks-busse-rd-%26-greenleaf/OjiQn37mThad5B-b0zmhdA,addison-illinois
https://www.ubereats.com/chicago/food-delivery/subway-2211-gary-ave/gGfeAqRmT_-NgHhec4tkvQ,addison-illinois
https://www.ubereats.com/chicago/food-delivery/fry-the-coop-elmhurst/2AkSPkA3Q_mPP0eilpYy9Q,addison-illinois
https://www.ubereats.com/chicago/food-delivery/la-michoacana-premium/bpkVXVt1QgeUrVYeDp_qbA,addison-illinois
https://www.ubereats.com/chicago/food-delivery/dunkin-donuts-oak-brook/z24RXuPYSE6Ns-TeCVw2sw,addison-illinois
https://www.ubereats.com/chicago/food-delivery/dairy-queen-treat-841-e-roosevelt-rd/bArWbmwpQ0Wju9y143Mw2Q,addison-illinois
https://www.ubereats.com/chicago/food-delivery/charkies/ELxr30eGTFy3xlRsF5Pmig,addison-illinois
https://www.ubereats.com/chicago/food-delivery/marios-deli-ii/-OSHbu1zQ-yytmBn2PF8xQ,addison-illinois
https://www.ubereats.com/chicago/food-delivery/seven-luck-chinese-restaurant/lvdTnlSmSBiwaOQLH7677w,addison-illinois
https://www.ubereats.com/chicago/food-delivery/bumper-2-burger-ordermark/jA_CzpPDQLOUbnK-Kf1-Tg,addison-illinois
https://www.ubereats.com/chicago/food-delivery/kanya/q0ZwlPpITRGXrKEWe6EMDw,addison-illinois
https://www.ubereats.com/chicago/food-delivery/dunkin-1101-03-nerge-rd/RVxKe6C3RNuX0_qmhuJuyA,addison-illinois
https://www.ubereats.com/chicago/food-delivery/mai-thai-cafe/mx7OQVXuR1iDZ9zq5ahYwA,addison-illinois
https://www.ubereats.com/chicago/food-delivery/quality-deli/KklYG1pEQA-Dp23-zhMy5w,addison-illinois
https://www.ubereats.com/chicago/food-delivery/nu-crepes/LAkBDlaUSlyvPBrewGr2DA,addison-illinois
https://www.ubereats.com/chicago/food-delivery/601-bar-%26-grill/WjnTRQtCTuSv0nhjEIxTFg,addison-illinois
https://www.ubereats.com/chicago/food-delivery/tenderlicious/MnX6IsseSPmb4v5xsks0pQ,addison-illinois
https://www.ubereats.com/chicago/food-delivery/blackwood-bbq/Aog3qDDHTeevIRFriZRbzQ,addison-illinois
https://www.ubereats.com/chicago/food-delivery/starbucks-roosevelt-%26-summit/vQck3ZmKTtWZQxZ513M_xA,addison-illinois
