url,city
https://www.ubereats.com/akron/food-delivery/bistro-on-main/oG-H4TKwSOmZNtir1WJRdQ,akron
https://www.ubereats.com/akron/food-delivery/little-city-grill/0iBtTT89QU6pzlAc-zGtfg,akron
https://www.ubereats.com/akron/food-delivery/applebees-3528-hudson-dr-%2399019/91Xa7LgFTvy5YtmeYP9UaQ,akron
https://www.ubereats.com/akron/food-delivery/king-crab/Ii0JdmbmSAuiBUgNQhACig,akron
https://www.ubereats.com/akron/food-delivery/air-dock-bar-and-grill/mN5pzkghReSGlFyGY811tw,akron
https://www.ubereats.com/akron/food-delivery/bobs-hamburg/FtNeRPfXQV6SKDQF-0309w,akron
https://www.ubereats.com/akron/food-delivery/anns-place-diner/wsuTbvChQuKL8CPlZqkCPw,akron
https://www.ubereats.com/akron/food-delivery/burger-king-1390-vernon-odom-blvd/8v23NpenQjW90iAzomWa1Q,akron
https://www.ubereats.com/akron/food-delivery/subway-1607-s-hawkins-ave/nIlqg-uLQguE0jvGfAyJzQ,akron
https://www.ubereats.com/akron/food-delivery/aaa-china-star/zILvPjkFRZaVg4a4xP4Q7A,akron
https://www.ubereats.com/akron/food-delivery/los-girasoles-mexican-stow/9miAVLpIRAOtj0uMkuL13g,akron
https://www.ubereats.com/akron/food-delivery/molly-browns-country-cafe/PgOqHzJdS9y7_0wn15SeNw,akron
https://www.ubereats.com/akron/food-delivery/panda-express-2855-state-road/AeapR04cRZ2-TWrdBUsdPA,akron
https://www.ubereats.com/akron/food-delivery/rallys-471-e-waterloo/G7ytJG4PQ8C9CLusvXQtRw,akron
https://www.ubereats.com/akron/food-delivery/flemings-prime-steakhouse-%26-wine-bar-akron/5Cev0KDVSTu-9YNUQa9OYA,akron
https://www.ubereats.com/akron/food-delivery/reginas-pizza/ItpwFSDrS0uIgZst1K4FRA,akron
https://www.ubereats.com/akron/food-delivery/popeyes-1200-s-arlington-st/I09k73H1R6KJUXG2ud2ZNA,akron
https://www.ubereats.com/akron/food-delivery/burger-king-174-e-tallmadge-ave/M7WjAAy0Q0yWI2a-4B79sA,akron
https://www.ubereats.com/akron/food-delivery/chipotle-mexican-grill-446-e-robinson-ave-suite-a/K3iOARi5RCSHfbQPfX6pOQ,akron
https://www.ubereats.com/akron/food-delivery/paninis-bar-and-grill/5VtI5Gk6QYS5XJRM36_MMQ,akron
https://www.ubereats.com/akron/food-delivery/roll-on-in-sushi-burritos-%26-bowls-cuyahoga-falls/gkNbQLVmQYaXkoQIXui_QQ,akron
https://www.ubereats.com/akron/food-delivery/bob-evans-348-2449-gilchrist-road/hIcnTdyNQPOZq_Q0PbYDFg,akron
https://www.ubereats.com/akron/food-delivery/athenas/n8rOedsNTXCOW7pfJ9XEBQ,akron
https://www.ubereats.com/akron/food-delivery/arbys-2073-e-market-st/GN5PzRkDSliyfICoWEY9kQ,akron
https://www.ubereats.com/akron/food-delivery/subway-2383-s-main-st/Tlkkg6xLThWO8Qzz96vYig,akron
https://www.ubereats.com/akron/food-delivery/big-papis/8vHscKiNRM2urA3RQyXyDQ,akron
https://www.ubereats.com/akron/food-delivery/red-lobster-1090-graham-road/-1AQpnFuTcuzRZStkqCAMg,akron
https://www.ubereats.com/akron/food-delivery/kasai-japanese-restaurant/K-yXxDYYTcGM7iYBYsYQOg,akron
https://www.ubereats.com/akron/food-delivery/burger-king-610-south-avenue/LvyFIN5VQdyRT9aOdu5CvQ,akron
https://www.ubereats.com/akron/food-delivery/bob-evans-70-855-arlington-ridge-e/PSHZbmNGRemVQS4-VU9CzQ,akron
https://www.ubereats.com/akron/food-delivery/borders-gyro-and-bbq/02eYAmlYSPyMvv7S7uIooA,akron
https://www.ubereats.com/akron/food-delivery/romeos-pizza-fair-lawn/tKJHiUuMRT28w2dqyCJKaw,akron
https://www.ubereats.com/akron/food-delivery/brubakers-pub/ZSuan5AITZCOnkmsuBdsjQ,akron
https://www.ubereats.com/akron/food-delivery/mcdonalds-25-east-thornton-street/w3BgoB7NR3-ooacwm4pgpA,akron
https://www.ubereats.com/akron/food-delivery/burger-king-2691-state-road/johGsGEVTha-roAMyMp0pg,akron
https://www.ubereats.com/akron/food-delivery/hibachi-xpress-brown-%26-corice/ehqe3QPQRqavp_prvmERLw,akron
https://www.ubereats.com/akron/food-delivery/burger-king-290-howe-avenue/hO5Ws_cJRca5LI9AkgEWiQ,akron
https://www.ubereats.com/akron/food-delivery/jillys-music-room/MRXpBuiYQwO1dSMQ1Wf87Q,akron
https://www.ubereats.com/akron/food-delivery/little-caesars-pizza-copley-rd/Pp88pX4ISGeMALA8oM81gA,akron
https://www.ubereats.com/akron/food-delivery/ocharleys-cuyahoga-falls/i-nCm6WDTdK5STySJcx_ZA,akron
https://www.ubereats.com/akron/food-delivery/chipotle-mexican-grill-1289-george-washington-blvd/wB7pN377RayuSUIN7J9zPA,akron
https://www.ubereats.com/akron/food-delivery/applebees-2897-s-arlington-road-%2395099/KjOEEE67TpqktOfJJU1NkQ,akron
https://www.ubereats.com/akron/food-delivery/dechecos-pizzeria/0zaH5O7US2mwh50jO2NLhg,akron
https://www.ubereats.com/akron/food-delivery/taco-bell-4152-kent-rd/JVXn0gz1QL-R7zrCmdM66Q,akron
https://www.ubereats.com/akron/food-delivery/hibachi-xpress-highland-square/zhocQ4ilREaMhNfhBhQHdA,akron
https://www.ubereats.com/akron/food-delivery/krispy-kreme-maple-%26-westwood/6tjlvmdVQuyWmwrTpmM-YQ,akron
https://www.ubereats.com/akron/food-delivery/papa-gyros-massillon-%26-burgess/BKImg-XnTES7OhFIdc6hBQ,akron
https://www.ubereats.com/akron/food-delivery/starbucks-west-market-street/rdkKIH3uTb6EoO4Eg03VTA,akron
https://www.ubereats.com/akron/food-delivery/emidio-%26-sons-akron/04sfP8LER0aB5WcU8F3PEg,akron
https://www.ubereats.com/akron/food-delivery/hibachi-xpress-s-main-st/hLd0vVJwRLCcxbu9L2ZnGA,akron
https://www.ubereats.com/akron/food-delivery/applebees-220-tallmadge-road-%2375028/VmJUlT7oSqqp4T1l_AojGw,akron
https://www.ubereats.com/akron/food-delivery/mr-hero-market-%26-balch/OVplpN-FTam4T23TXDRJwg,akron
https://www.ubereats.com/akron/food-delivery/mcdonalds-waterloo-%26-arlington/5e1P34_2TeSwGY3sFZIIZw,akron
https://www.ubereats.com/akron/food-delivery/pandoras-cupcakes-tallmadge/jhC4rGI2SySKkq82b5Ju3A,akron
https://www.ubereats.com/akron/food-delivery/burger-king-671-east-market-street/7pqoNRdlRN2rix4wbfkvUQ,akron
https://www.ubereats.com/akron/food-delivery/metropolis-popcorn/FIMeMv6uSmuwKQ4Im3OFcA,akron
https://www.ubereats.com/akron/food-delivery/arbys-1540-norton-rd/2IEK4BKqRaKez70fuVf2-Q,akron
https://www.ubereats.com/akron/food-delivery/mcdonalds-exchange-%26-hawkins/r_v-pBpOSxWr9kssf5nriw,akron
https://www.ubereats.com/akron/food-delivery/outback-steakhouse-725-howe-avenue/0CqIXky3RU6-8fN3EzJ8mQ,akron
https://www.ubereats.com/akron/food-delivery/marcos-pizza-9-n-hawkins/NWl2P57QQc2CQgGhx-OIag,akron
https://www.ubereats.com/akron/food-delivery/the-mockingbird-bakery/rPe1wxkSTzOqtxaYd8iFCA,akron
https://www.ubereats.com/akron/food-delivery/latino-bar-%26-grill/L1bo0xOXT9ylnaEKX0Mvwg,akron
https://www.ubereats.com/akron/food-delivery/chipotle-mexican-grill-371-howe-ave/XxiAydsITIuBuojokPIIPA,akron
https://www.ubereats.com/akron/food-delivery/wally-waffle/Pt5LsFmvTAmD68dIlzs1_A,akron
https://www.ubereats.com/akron/food-delivery/el-papas-mexican-bistro/julYt9EwQt2DgfFDsgePeA,akron
https://www.ubereats.com/akron/food-delivery/la-fresa-ice-cream-mexican-restaurant/h08N65oZTzONuJy3VE-aMQ,akron
https://www.ubereats.com/akron/food-delivery/mcdonalds-state-%26-sakett/ZpljbHzVTgi7Ui0JDvxtyw,akron
https://www.ubereats.com/akron/food-delivery/lemongrass-grill-thai-restaurant-and-bar/tVhISy-qTbq3WqTOCCjx5Q,akron
https://www.ubereats.com/akron/food-delivery/the-basement-cuyahoga-falls/8UON2_7eTD2rCncifH498Q,akron
https://www.ubereats.com/akron/food-delivery/express-chicken-and-deli/GIN6zDZSR7-Go9BvTHtnWg,akron
https://www.ubereats.com/akron/food-delivery/mcdonalds-3273-manchester-road/74w8CdBeTO-HuV2IDtL4Ag,akron
https://www.ubereats.com/akron/food-delivery/subway-1596-west-market-st/Phak6iF-RPiVO_sE8Qtosg,akron
https://www.ubereats.com/akron/food-delivery/essential-dipped-delights/pgQ9znoJSRytsXgxp-7cMQ,akron
https://www.ubereats.com/akron/food-delivery/menches-brothers-restaurant/AZm7jQBfScOsjQ74JK_5Yw,akron
https://www.ubereats.com/akron/food-delivery/ihop-arlington-%26-killian/SmCZBNHZTPmqVLGbuUJZrg,akron
https://www.ubereats.com/akron/food-delivery/donatos-pizza-3890-medina-rd/bf-geeicS5KRcmGsvV4fCw,akron
https://www.ubereats.com/akron/food-delivery/da-guild-pizza/40Idt_ztRze3LzErbdlz7g,akron
https://www.ubereats.com/akron/food-delivery/guys-pizza-co-bailey-%26-northmoreland/WyGWeoRXQSGSWOWcm9RI8A,akron
https://www.ubereats.com/akron/food-delivery/papa-johns-1630-state-road/4Jm7e6xdSFmwlt7wEgRs_A,akron
https://www.ubereats.com/akron/food-delivery/jets-pizza-cuyahoga-falls/2FwQrFcMToqf23BVt30OvA,akron
https://www.ubereats.com/akron/food-delivery/brubakers-pub/qjTocVsnT8uosUBAqudkvA,akron
https://www.ubereats.com/akron/food-delivery/aladdins-eatery/v8_VJOK7RMmF3y1oaqtzGA,akron
https://www.ubereats.com/akron/food-delivery/taco-bell-3333-manchester-road-%2322/UxlG4v7wTkqxK7kfWqAj7A,akron
https://www.ubereats.com/akron/food-delivery/rallys-254-wooster-road-north/N1LMjtiNS42m5FANs_BSrw,akron
https://www.ubereats.com/akron/food-delivery/macaroni-grill-montrose-springside-%26-medina/YI_BwdODS829q3JLu11BRQ,akron
https://www.ubereats.com/akron/food-delivery/panda/i8wpq5cDTt2o6WJxAx0Bjw,akron
https://www.ubereats.com/akron/food-delivery/italian-garden/BTknJFkFSJur_LUdNA4C9A,akron
https://www.ubereats.com/akron/food-delivery/red-lobster-3901-medina-road/YhHkVn02QdKY5xIdWUj8TQ,akron
https://www.ubereats.com/akron/food-delivery/papa-gyros-hawkins/9iAK8uTNSo6rYooH2hX_WA,akron
https://www.ubereats.com/akron/food-delivery/popeyes-620-n-howard-st/vYo7LHqkRdWRYLtmu86-_g,akron
https://www.ubereats.com/akron/food-delivery/johnny-js-pub-%26-grille-manchester-%26-robinson/8MAOC1usShCOcKAo6zyESg,akron
https://www.ubereats.com/akron/food-delivery/hardees-1395-s-arlington-rd/4uQJUxGSStylGauk69upsA,akron
https://www.ubereats.com/akron/food-delivery/applebees-508-howe-avenue-%2387096/gPBWIBbdRmKfib13opE0Rg,akron
https://www.ubereats.com/akron/food-delivery/hibachi-xpress-tallmadge-%26-brownstone/VqZ0MuHsQ2qtEsJ9utftfQ,akron
https://www.ubereats.com/akron/food-delivery/nomz/LVIlQuzHRvGB_XBC1kD_GQ,akron
https://www.ubereats.com/akron/food-delivery/mcdonalds-500-w-tuscarawas-ave/Cvm-PAN-SwS2ZNBeVFwhow,akron
https://www.ubereats.com/akron/food-delivery/farmer-boy-restaurant/bAORbQChTzCmPiFhU8DNgw,akron
https://www.ubereats.com/akron/food-delivery/twisted-tomato-pizzeria/EUnaWg9eSpKXXkPzFfbi1A,akron
https://www.ubereats.com/akron/food-delivery/edgars-restaurant/Ok9xcNRjQLu2aIsvq33Bgg,akron
https://www.ubereats.com/akron/food-delivery/wendys-3178-greenwich-rd/dHs5BPcoS7GUwX4T2IW7FQ,akron
https://www.ubereats.com/akron/food-delivery/taco-bell-993-graham-rd/IsTtnfjnRLCrcBFeG8PyBw,akron
https://www.ubereats.com/akron/food-delivery/chipotle-mexican-grill-1840-franks-pkwy/2fU9c5DNR6WLdOXoF5wR1g,akron
https://www.ubereats.com/akron/food-delivery/krispy-krunchy-chicken-554-w-thornton-st/4YT0TFxWRYyk4x5SgEGTrA,akron
https://www.ubereats.com/akron/food-delivery/taco-bell-2618-state-rd/gw47-4NkSC-NTZxlp0ZbOw,akron
https://www.ubereats.com/akron/food-delivery/mcdonalds-vernon-odom-%26-i-77/CjtlfhjUTwmRrXZ8vth2Ow,akron
https://www.ubereats.com/akron/food-delivery/bjs-restaurant-%26-brewhouse-3265-west-market-st-suite-85/mTPaBrcQTVeCNtRL5aA2tg,akron
https://www.ubereats.com/akron/food-delivery/emidio-%26-sons-cuyahoga-falls/iE-CxcM6TIm2pxIOhwd8qg,akron
https://www.ubereats.com/akron/food-delivery/old-carolina-barbecue/97m6YlJ5R4C0_C7BenAf_w,akron
https://www.ubereats.com/akron/food-delivery/la-mexicana-cantina-and-grill/VZ7Ja4LhRJCW3PkfZI8pxg,akron
https://www.ubereats.com/akron/food-delivery/mcdonalds-copley-%26-i-77/o81sw7m_S4aDRWjexqls4A,akron
https://www.ubereats.com/akron/food-delivery/ruggys-pizza/tYkEiytyTMGGHMbZWdVRDw,akron
https://www.ubereats.com/akron/food-delivery/charleys-philly-steaks-2000-brittain-rd-space-%23604/_TWjpAeiTRSXagKv2m0nzQ,akron
https://www.ubereats.com/akron/food-delivery/subway-348-s-main-st/9BqaejcYQN2gQp_9HKgtyw,akron
https://www.ubereats.com/akron/food-delivery/chipotle-mexican-grill-790-arlington-rdg-unit-209/_38bNNTKQN-AU9IrqHBkSg,akron
https://www.ubereats.com/akron/food-delivery/subway-904-tallmadge-ave/e9P4MODlRS-qBtAAfR5fQw,akron
https://www.ubereats.com/akron/food-delivery/chipotle-mexican-grill-3890-medina-rd-ste-a/D5QJ1KjvTMOxrnkMqvVSxA,akron
https://www.ubereats.com/akron/food-delivery/wendys-2060-mogadore-road/nET43IiFQ0OtPuIstu_KfA,akron
https://www.ubereats.com/akron/food-delivery/titos-mexican-grill/FH516R76ScO1pSQ-LoLl5g,akron
https://www.ubereats.com/akron/food-delivery/arbys-165-tallmadge-rd/R2ueQehXRjaexL_OIMrL5Q,akron
https://www.ubereats.com/akron/food-delivery/burntwood-tavern-fairlawn/o3UnQMWrRgSIax4z3twK_g,akron
https://www.ubereats.com/akron/food-delivery/papa-johns-439-e-main-st/m8LooozhSnGVKHdKDGzmyA,akron
https://www.ubereats.com/akron/food-delivery/auntie-annes-3265-w-market-street-space-ki14/PJrm1hWgTd6fm_3l46kI1A,akron
https://www.ubereats.com/akron/food-delivery/tim-hortons-1289-george-washington-blvd/80rRdzp6Q4mLNI4xDxnfEQ,akron
https://www.ubereats.com/akron/food-delivery/jersey-mikes-subs-3027-graham-road/2OfvVnffQCyWdU2wLgka1w,akron
https://www.ubereats.com/akron/food-delivery/taco-bell-360-howe-ave/pcqRpfMVRZW_eU6LA1e4Tg,akron
https://www.ubereats.com/akron/food-delivery/outback-steakhouse-110-montrose-west-avenue/jNKOpPXTSay-ine2QwHWEw,akron
https://www.ubereats.com/akron/food-delivery/hooley-house-sports-pub-%26-grille/2HcvQzLJRZ-WGcj0fqZvfg,akron
https://www.ubereats.com/akron/food-delivery/rallys-711-east-market/olyPGcD6RnOTFOOfLC3Ldg,akron
https://www.ubereats.com/akron/food-delivery/thanos-family-restaurant/5g6K54GwQFSklFzl53lGrQ,akron
https://www.ubereats.com/akron/food-delivery/five-guys-oh-1928/fDRnERfiQ46gL01yhtAsVA,akron
https://www.ubereats.com/akron/food-delivery/louies-bar-%26-grille/LvByEq5fSiuUkGq9euSZtg,akron
https://www.ubereats.com/akron/food-delivery/boston-market-3750-w-market-st/owXz4di2QkaP2iLRushrxA,akron
https://www.ubereats.com/akron/food-delivery/chipotle-mexican-grill-4338-kent-rd-unit-400/0vUkQb87Tw-an7MWMKbTtg,akron
https://www.ubereats.com/akron/food-delivery/churchs-chicken-1391-wooster-avenue/OUXU_q-USmG-WFLrGp5Bqg,akron
https://www.ubereats.com/akron/food-delivery/%23woodys-bar/ca7LATZ7REiZjJ8H6SgmIQ,akron
https://www.ubereats.com/akron/food-delivery/3-guys-pizza-pies/QJrSHMWbShKd14NGTn_vfg,akron
https://www.ubereats.com/akron/food-delivery/the-basement-sports-bar-%26-grill/e0wvjZR9RIyqUqkAhUpAMg,akron
https://www.ubereats.com/akron/food-delivery/first-watch-fairlawn/tyCqVbrUSzW0s4dey1R7iQ,akron
https://www.ubereats.com/akron/food-delivery/daves-cosmic-subs-fairlawn/blhxYgj4QQiggKAxC2r0uw,akron
https://www.ubereats.com/akron/food-delivery/funnel-cake-factory-and-wing-house/B8OvamGVSWy40WjpG7uhkQ,akron
https://www.ubereats.com/akron/food-delivery/the-main-squeeze/i7rn-kQSTTKJ_Io_Uqw64w,akron
https://www.ubereats.com/akron/food-delivery/taco-bell-805-e-main-street/7G4GOKUJRqqTJcQUCdNSwg,akron
https://www.ubereats.com/akron/food-delivery/tgi-fridays-1411-akron-green-oh/RlTYaclfQum0SCjBFpKrtQ,akron
https://www.ubereats.com/akron/food-delivery/stray-dog-city-tavern/s3lZr_qTTuij20f0Sf9sYg,akron
https://www.ubereats.com/akron/food-delivery/honeybaked-ham-3867-medina-rd-suite-c/Tt1YyJn5R_e8rta8CeYG-g,akron
https://www.ubereats.com/akron/food-delivery/skyway-greenville/T84rSS1FTqSAsR-upW3-dQ,akron
https://www.ubereats.com/akron/food-delivery/nikos-sandwich-board/hV-bKHiuSpeY7C6MmY265Q,akron
https://www.ubereats.com/akron/food-delivery/dairy-queen-grill-%26-chill-715-portage-tr/KPTpEMN4QDul9OIs9a-2Wg,akron
https://www.ubereats.com/akron/food-delivery/subway-10-n-main-st/GSst7g4ATeeAlU3UAZtnTA,akron
https://www.ubereats.com/akron/food-delivery/mr-hero-barberton/b6eOAALqTSOvbITeQ4En3w,akron
https://www.ubereats.com/akron/food-delivery/smoothie-king/6xGeO40aR56gX7Uk3gvJdA,akron
https://www.ubereats.com/akron/food-delivery/hibachi-xpress-market-%26-revere/Co29Fa5mTkWoaTDowAdnYg,akron
https://www.ubereats.com/akron/food-delivery/mr-hero-1343-s-water-st/xYBWH0Q_Qii0V72n_Ur_sQ,akron
https://www.ubereats.com/akron/food-delivery/fuji-hotpot-%26-sushi/8g3BPKSwR3Cg19HX__YhKg,akron
https://www.ubereats.com/akron/food-delivery/bangkok-thai-restaurant/ve9KWaaTTNyd73khtqcxfA,akron
https://www.ubereats.com/akron/food-delivery/stray-dog-cafe/cB6FShlrQ8qSs9g3I-JYLw,akron
https://www.ubereats.com/akron/food-delivery/eddys-deli-%26-restaurant/7JsXyknZQf-lQTLLKRd2WA,akron
https://www.ubereats.com/akron/food-delivery/little-caesars-pizza-east-ave/kwymGxe6RtKWohmjwEnqIw,akron
https://www.ubereats.com/akron/food-delivery/papa-johns-340-east-waterloo-road/0b6CZPqvRYWfTXj91_SAAQ,akron
https://www.ubereats.com/akron/food-delivery/mrchengs-asian-bistro/p9EiGtLERZOR6YN_6_8AZw,akron
https://www.ubereats.com/akron/food-delivery/winks-family-restaurant/V8teP0YYRWKGHOvn9p_0_Q,akron
https://www.ubereats.com/akron/food-delivery/judds-barbeque/I99YF6CZTPmOdqFz6BSJdQ,akron
https://www.ubereats.com/akron/food-delivery/downtownonbrown/vlVwrtxoSAOhxe3j2nlgxA,akron
https://www.ubereats.com/akron/food-delivery/plx-deli/0Xj5raIdTbOvZvOgnA0ISA,akron
https://www.ubereats.com/akron/food-delivery/arbys-2685-state-rd/QD-_r-wGQRizFW9lW4nK3g,akron
https://www.ubereats.com/akron/food-delivery/essential-dipped-delights/JkaHFIopTAqA7YfZ12MhHg,akron
https://www.ubereats.com/akron/food-delivery/papa-johns-922-wooster-road-north/sUJnrPzKS4aq6vk9QzG0BQ,akron
https://www.ubereats.com/akron/food-delivery/arbys-292-e-exchange-street/qhTHtPSxTJas7ZvJw3U2-A,akron
https://www.ubereats.com/akron/food-delivery/burgerfi-cuyahoga-falls/T_bMwNHNQ0SAii6YzJKKxw,akron
https://www.ubereats.com/akron/food-delivery/taco-bell-tallmadge-road-%26-cascades-boulevard/bi73KQEyRCypEazZ0-Hwlg,akron
https://www.ubereats.com/akron/food-delivery/tom-%2B-chee-massillon-%26-graybill/tqqzl5ivQ4i2e6GfmrjxDQ,akron
https://www.ubereats.com/akron/food-delivery/westside-coney-island/q2v8iurnR2CubEYG8tq21g,akron
https://www.ubereats.com/akron/food-delivery/saffron-patch-akron/P2A1XjCjQqmWOpv8leeFwg,akron
https://www.ubereats.com/akron/food-delivery/wings-18/OAiuAyHASK2nRCIdeL0hgw,akron
https://www.ubereats.com/akron/food-delivery/mcdonalds-howe-%26-home/0tdpFAyoS1SZrbK7XZO_wA,akron
https://www.ubereats.com/akron/food-delivery/papa-johns-2845-e-waterloo-rd/wSe7ZmfFRvqEnkpvXKfVWg,akron
https://www.ubereats.com/akron/food-delivery/the-square-scullery/IEbNbn8uR2yHu7TkiQKXXA,akron
https://www.ubereats.com/akron/food-delivery/basment-bar-%26-grill/BYI8Z2QdTFmZ-T49fZ4YMA,akron
https://www.ubereats.com/akron/food-delivery/taco-bell-1293-canton-rd/SvuL4Q5nS9yilp9cOrWJcQ,akron
https://www.ubereats.com/akron/food-delivery/arbys-3193-greenwich-rd/ZAccOsx6SbaR0Bdty-vOAA,akron
https://www.ubereats.com/akron/food-delivery/garretts-mill-diner/XOe7N7KERFWMUCHqPC76dQ,akron
https://www.ubereats.com/akron/food-delivery/mcdonalds-tallmadge-%26-brittain/ZSgXTm5BTmiJTezMSN6dpw,akron
https://www.ubereats.com/akron/food-delivery/taco-bell-2419-romig-road/eJundHNaSyGa-aMLgcnbVw,akron
https://www.ubereats.com/akron/food-delivery/little-caesars-5th-st/OTkfbFUXQty8iFVrGIUBTw,akron
https://www.ubereats.com/akron/food-delivery/singh-biryani/N4_ctLtVTfi6jllRq0G-2A,akron
https://www.ubereats.com/akron/food-delivery/bob-evans-39-4076-medina-road/uMQpwlflQcSbmwrPPuWeUQ,akron
https://www.ubereats.com/akron/food-delivery/charleys-philly-steaks-3265-w-market-st%23578/pgD0vJ03Quubsexxh9FfnA,akron
https://www.ubereats.com/akron/food-delivery/leonardos-pizza/sTuI8dTOQuW0RzFcDaTy0g,akron
https://www.ubereats.com/akron/food-delivery/wendys-623-e-market-street/RKqlY4SDRKeMfffNQO9Q3w,akron
https://www.ubereats.com/akron/food-delivery/mcdonalds-exchange-%26-sherman/pcbRN1GNSz2lliL8alJXOg,akron
https://www.ubereats.com/akron/food-delivery/subway-35-erie-rd/a07EY3I_SVu3rcsTD7A-sg,akron
https://www.ubereats.com/akron/food-delivery/rallys-1345-vernon-odom-blvd/uIfsuMCYR7Cvezj5pJ1WKQ,akron
https://www.ubereats.com/akron/food-delivery/kfc-2840-e-waterloo-road/rb4k61OZSKWELrd4CBN94Q,akron
https://www.ubereats.com/akron/food-delivery/boston-market-699-howe-avenue/qN-Hw60zT6eJl3dhE5AGpA,akron
https://www.ubereats.com/akron/food-delivery/dennys-home-%26-success/RSYLK7VWRhK6Rz6UcT9HFw,akron
https://www.ubereats.com/akron/food-delivery/honeybaked-ham-2000-brittain-rd-ste-217/a7yMHDZjRdmS6bHm-Gh8ig,akron
https://www.ubereats.com/akron/food-delivery/smack-yo-mamma-wings-%26-things/yPlSOmz5RrGaf8jsydeWYg,akron
https://www.ubereats.com/akron/food-delivery/subway-3333-manchester-rd/8ad7baeQQKewmcrBX8tq5w,akron
https://www.ubereats.com/akron/food-delivery/taco-bell-1940-w-market-st/MhaoGFjqRR2NpU_OTqT0Jw,akron
https://www.ubereats.com/akron/food-delivery/chipotle-mexican-grill-429-e-main-st/pltxIe3HRrK9Vin-0Xg6QQ,akron
https://www.ubereats.com/akron/food-delivery/mcdonalds-1050-graham-rd/0VJpsIgTR5OaEYW9Nwwibg,akron
https://www.ubereats.com/akron/food-delivery/tres-potrillos-akron/NaTDVC3QSHiQPVrexXI0Pg,akron
https://www.ubereats.com/akron/food-delivery/firehouse-subs-3023-west-market-st/JNUXfhbEQ-OsoerQPVos0A,akron
https://www.ubereats.com/akron/food-delivery/china-dragon/uduLTD8ATb-31wAD8UimSg,akron
https://www.ubereats.com/akron/food-delivery/hibachi-xpress-triplett/9IWEsF9_Sm6kuDnPiNX23A,akron
https://www.ubereats.com/akron/food-delivery/the-spaghetti-warehouse-akron/DoekJYlfRLC75s5kPk-vow,akron
https://www.ubereats.com/akron/food-delivery/dairy-queen-grill-%26-chill-4050-cascades-blvd/kbKPGY8vS_e1fiU7MnXUJw,akron
https://www.ubereats.com/akron/food-delivery/peace-love-and-little-donuts/gV3f3XZqRZKX9piGk1khrg,akron
https://www.ubereats.com/akron/food-delivery/pulp-juice-and-smoothie-bar-market/CcG6zYOFToWSiXdM1XA3xg,akron
https://www.ubereats.com/akron/food-delivery/wendys-126-flight-memorial-drive/ltxyFdVoQOKZ14nLTMiKFA,akron
https://www.ubereats.com/akron/food-delivery/jasmine-home-cooking/F8p-WsE8SwGJkiC7vHPzzg,akron
https://www.ubereats.com/akron/food-delivery/taco-bell-62-tallmadge-circle/PkOYZ8wyTGWBwDn-TJCZ2Q,akron
https://www.ubereats.com/akron/food-delivery/subway-2068-e-market-st/Xs8Ro1XmRb-MbevI9v8r4A,akron
https://www.ubereats.com/akron/food-delivery/daves-dinners-express/gzcgVauTSc-ElgqRuERDQA,akron
https://www.ubereats.com/akron/food-delivery/subway-436-e-waterloo-rd/HD3JoFcVRQ27nBy8vZyipA,akron
https://www.ubereats.com/akron/food-delivery/uncle-titos-mexican-grill/xdCU9MoySoyrrg9hg1fDJA,akron
https://www.ubereats.com/akron/food-delivery/taco-bell-414-e-exchange-st/2Vif7NlZRBGbRtRclB4oCQ,akron
https://www.ubereats.com/akron/food-delivery/brick-house-tavern-%2B-tap-581-howe-avenue/4ll39qo_TkiQ7E5XW0o4WA,akron
https://www.ubereats.com/akron/food-delivery/bomba-tacos-%26-rum/cyu5HEaPQmGvU0Hg2v8wxg,akron
https://www.ubereats.com/akron/food-delivery/mcdonalds-market-%26-i-76/pdPcHxjfTLOEn9Ft29oC0A,akron
https://www.ubereats.com/akron/food-delivery/old-carolina-barbecue-company-akron/Y1sDoGnURviQbQuqNQuPPw,akron
https://www.ubereats.com/akron/food-delivery/subway-764-carroll-st/Q1Kg0bLgSvm03UiedUl6oQ,akron
https://www.ubereats.com/akron/food-delivery/mcdonalds-market-%26-valley/6r3Z-zXpQSWBpObBC0W8Cg,akron
https://www.ubereats.com/akron/food-delivery/starbucks-fairlawn-medina-rd/bHyZH0E6TY-0fAL9Jx4ZJw,akron
https://www.ubereats.com/akron/food-delivery/dennys-arlington-%26-killian/RBpjVviiQ46iYf4hKhRlhg,akron
https://www.ubereats.com/akron/food-delivery/five-guys-oh-0355-3863-medina-rd/hgzH8YFMQ-CgagzhtGbtbg,akron
https://www.ubereats.com/akron/food-delivery/skyway/WQ7LIVKFTketabKl7WkJHw,akron
https://www.ubereats.com/akron/food-delivery/mcdonalds-1230-canton-rd/xleRhQT3SrWkO9NPsoxoRw,akron
https://www.ubereats.com/akron/food-delivery/subway-1033-kenmore-blvd/FvQIHh_9T2qetusT1vj0fg,akron
https://www.ubereats.com/akron/food-delivery/subway-3520-hudson-dr/6eq6oeFAQQCuTMsPJJa_wA,akron
https://www.ubereats.com/akron/food-delivery/taco-bell-716-e-market-st/gAlHnZ-ITUGFkOmBKeNksg,akron
https://www.ubereats.com/akron/food-delivery/jersey-mikes-subs-3469-hudson-drive/sxZe3wuqSO6imw_3CEXx1g,akron
https://www.ubereats.com/akron/food-delivery/burger-king-3196-manchester-road/UCtnoKhCRlCGPdsmBhXAgA,akron
https://www.ubereats.com/akron/food-delivery/nikos-sandwich-board/KN3T4DfXSyGRullBeMK-Vw,akron
https://www.ubereats.com/akron/food-delivery/georgios-oven-fresh-pizza-co/CivBwyy-Ss2KtjHZOc7wJA,akron
https://www.ubereats.com/akron/food-delivery/hochee-sushi-burrito-%26-hibachi/JuFFiUoHTpiQqgkLskK-1g,akron
https://www.ubereats.com/akron/food-delivery/dagneses-trattoria-and-cafe/E44KBzeNSX61vbHKbhJHyA,akron
https://www.ubereats.com/akron/food-delivery/smash-time-food-truck/okLZe0gpRTWEXKFUHgRibw,akron
https://www.ubereats.com/akron/food-delivery/tamr-mediterranean-grille/JuzqQcyNRHSvMbiRkXLtBQ,akron
https://www.ubereats.com/akron/food-delivery/wendys-3193-manchester-road/2UxgQToASD6cm4MOc38g8g,akron
https://www.ubereats.com/akron/food-delivery/dairy-queen-grill-%26-chill-3645-fishcreek-rd/bBeAWGuuQyq03Hfv2WEJyQ,akron
https://www.ubereats.com/akron/food-delivery/chipotle-mexican-grill-2042-portage-trl/fcV1S71PS_SQ19DUd7-IkQ,akron
https://www.ubereats.com/akron/food-delivery/arbys-1636-w-market-st/qDuvFbd-S8KyZtwnZ3K0dw,akron
https://www.ubereats.com/akron/food-delivery/danny-boys/KZPLgqaXQAypbGSNyQtvqQ,akron
https://www.ubereats.com/akron/food-delivery/wally-waffle-845-west-market-street/W4PHyVkFRBW7_pAY1BrCuQ,akron
https://www.ubereats.com/akron/food-delivery/chipotle-mexican-grill-272-e-exchange-st/9KYfIpzdT0Wp7IIT3D8M-w,akron
https://www.ubereats.com/akron/food-delivery/stownut-donut-and-diner/OOFaIzFXT7u_125etBXF3g,akron
https://www.ubereats.com/akron/food-delivery/hot-head-burritos-massillon-rd/nhTV2xNjR_m-4y6Q5v1JCg,akron
https://www.ubereats.com/akron/food-delivery/taco-bell-3847-w-market-st/828Tdta3TJi6D0RlflXs9w,akron
https://www.ubereats.com/akron/food-delivery/cold-stone-creamery-3900-medina-rd/YWNxM5D0RlKfmSUk1l_PLg,akron
https://www.ubereats.com/akron/food-delivery/chipotle-mexican-grill-4050-cascades-blvd-ste-f/lPgeJ3DvQwiK_0EBcn2LBg,akron
https://www.ubereats.com/akron/food-delivery/farmer-boy/umKIK2KGTTuvmtNqKBmGWQ,akron
https://www.ubereats.com/akron/food-delivery/cracker-barrel-old-country-store-76-rothrock-loop/irCl4xc9Q9aWhDIo7h3kQA,akron
https://www.ubereats.com/akron/food-delivery/melt-bar-%26-grilled-medina-%26-cleveland-massillon/ovpwmX12RV-SPHMyeS0ZLw,akron
https://www.ubereats.com/akron/food-delivery/barley-house/-agPVGn4QHGD68X-cdkFwA,akron
https://www.ubereats.com/akron/food-delivery/talamos-pizza/q4Uw8zq6SKWcUK162EZ20Q,akron
https://www.ubereats.com/akron/food-delivery/sbarro-3265-w-market-street-sp%23-178/BBzhbcwwTLmaeJxMvrJslQ,akron
https://www.ubereats.com/akron/food-delivery/ohio-brewing-company/IpalnqPSQeul5grKKyTTAg,akron
https://www.ubereats.com/akron/food-delivery/euro-gyro/A_YfJVabTaqsxcKdhxl-yg,akron
https://www.ubereats.com/akron/food-delivery/steak-n-shake-1684-home-avenue/HNUpI3JYT6mHWE9AMv9yQw,akron
https://www.ubereats.com/akron/food-delivery/five-guys-oh-1116-753-howe-ave/cTUgKNCuT56dzmZQDlfr9w,akron
https://www.ubereats.com/akron/food-delivery/jjs-norton-cafe/CoaaU8A6R3KGJgYMzPSOBg,akron
https://www.ubereats.com/akron/food-delivery/liquid-fresh-planet-tallmadge/SV-a4evzTnmhOjA7Sq3LVA,akron
https://www.ubereats.com/akron/food-delivery/louisiana-famous-fried-chicken-e-waterloo-rd-oh/AyVrxHEmS6WZlgTMLG8Oqg,akron
https://www.ubereats.com/akron/food-delivery/pinkys-pizza/MFFDfh9US7qS-zB6tKp2Qw,akron
https://www.ubereats.com/akron/food-delivery/beef-o-bradys-3975-cascades-blvd/0mDQpqM0SLCb7NBS57AUeg,akron
https://www.ubereats.com/akron/food-delivery/mr-gs-pizzeria-and-wings/q7n8B8YqS8ehqrpftEghgA,akron
https://www.ubereats.com/akron/food-delivery/applebees-4296-kent-road-%2392017/_ZFXai3AQs60PdXnr7Ts8Q,akron
https://www.ubereats.com/akron/food-delivery/arbys-1000-e-waterloo-rd/Nru6n6V8SGOALDGFuFvzsg,akron
https://www.ubereats.com/akron/food-delivery/diamond-deli/A9Bwd4sfTgWIL_w6PwR2NQ,akron
https://www.ubereats.com/akron/food-delivery/wendys-1521-s-arlington-st/poXDcDGsRhi9ApCSnRb5dg,akron
https://www.ubereats.com/akron/food-delivery/papa-johns-13038-cleveland-avenue-nw/H0vPCIF1QISE4Vq067IyaA,akron
https://www.ubereats.com/akron/food-delivery/applebees-3938-medina-rd-%2392056/LSdsraFVRnKfLb9I7VdeAA,akron
https://www.ubereats.com/akron/food-delivery/taco-bell-1467-s-arlington-rd/dAlI5WtyR9e4A7596zUSjw,akron
https://www.ubereats.com/akron/food-delivery/arbys-1145-main-st/r2d02P7fRdWGNeetDL-NWw,akron
https://www.ubereats.com/akron/food-delivery/wasabi-express/B0CNjpaMQkiQDw2kS_pvqg,akron
https://www.ubereats.com/akron/food-delivery/pf-changs-3265-west-market-st-suite-100a/_-ywMNCGTayuQbCYkyLkcg,akron
https://www.ubereats.com/akron/food-delivery/thai-pattaya-restaurant/IgDUYmEJTtWRpJi_-nM0Yg,akron
https://www.ubereats.com/akron/food-delivery/chuck-e-cheese-2779-market-st/OWVHAg3vQPKCjkNRUu1hEw,akron
https://www.ubereats.com/akron/food-delivery/first-watch-portage-crossing/E37YamVYRriCBwQCsCS9cA,akron
https://www.ubereats.com/akron/food-delivery/green-diamond-grille-and-pub/iIiUxsqrR1y1SGZtzt1pVw,akron
https://www.ubereats.com/akron/food-delivery/wendys-3239-s-arlington-road/Lo2CYmWpRdywn34PzYFnxQ,akron
https://www.ubereats.com/akron/food-delivery/subway-1939-state-rd/BnNKJVLZTOG3LWQQChHFjA,akron
https://www.ubereats.com/akron/food-delivery/leos-italian-social/qL1MFdxmT9eO5BLslvc9tg,akron
https://www.ubereats.com/akron/food-delivery/crimson-cup-coffee-%26-tea/9qPVHmwBRRaQ9mDfI0dzjQ,akron
https://www.ubereats.com/akron/food-delivery/platinum-dragon/CnP1GwCKS2GHsRrJr_STvQ,akron
https://www.ubereats.com/akron/food-delivery/stir-fry-88/No8ZxIrzRw6r_44yHCKE-A,akron
https://www.ubereats.com/akron/food-delivery/tiffanys-bakery/0an5wiOASneK81vqPONmQQ,akron
https://www.ubereats.com/akron/food-delivery/tim-hortons-637-canton-rd/hI66Le1OT3q-daruAkJ41A,akron
https://www.ubereats.com/akron/food-delivery/molly-browns-llc/qSHs-ThWSfKUU7ByAxsMhA,akron
https://www.ubereats.com/akron/food-delivery/taco-viva/qz_UYfmwTUCtMM5PX1V6qw,akron
https://www.ubereats.com/akron/food-delivery/mcdonalds-market-%26-adams/y4mNKw4BRTuCPUbAbYOPxw,akron
https://www.ubereats.com/akron/food-delivery/arbys-30-east-ave/S2LrrLtXTPCoNFm9R1-D9w,akron
https://www.ubereats.com/akron/food-delivery/the-original-steaks-%26-hoagies/eygk1shGSjm3rjQBUKEXZQ,akron
https://www.ubereats.com/akron/food-delivery/greatgarden/pXTYnRHNT6SuaAWGPOQ4lw,akron
https://www.ubereats.com/akron/food-delivery/papa-johns-3732-darrow-road/wUyJZF0pQEaXUwmCwsUAcg,akron
https://www.ubereats.com/akron/food-delivery/pandoras-cupcakes-akron/LqIgbUEuRVezEmogYVsj2Q,akron
https://www.ubereats.com/akron/food-delivery/dairy-queen-grill-%26-chill-65-montrose-west-ave/MI9yaTi7Ra6sH0D4NNH9ag,akron
https://www.ubereats.com/akron/food-delivery/mcdonalds-merriman-%26-portage/UZmf0IEuShOis-0Ln8lq-A,akron
https://www.ubereats.com/akron/food-delivery/taco-bell-3217-s-arlington-rd/1AnrfoQWTCCMUOinV78l7Q,akron
https://www.ubereats.com/akron/food-delivery/taco-bell-212-wooster-rd/aZ-1WDKVRFS923OEQo99jA,akron
https://www.ubereats.com/akron/food-delivery/starbucks-portage-trail/wdNREnreS-mLQhuOkY_FOg,akron
https://www.ubereats.com/akron/food-delivery/bob-evans-68-175-howe-avenue/Hbz14LdQQb2jeIDjVlG2nw,akron
https://www.ubereats.com/akron/food-delivery/red-fox-sports-pub-%26-grille/XXX9wlQjT3uqnlKoOZ4ZWw,akron
https://www.ubereats.com/akron/food-delivery/enticing-cakes/bZVSHzG0Q92nVLac__kPYg,akron
https://www.ubereats.com/akron/food-delivery/las-penas-mexican-grill-2/YdWVGupOTZyQKxkPV8d0vQ,akron
https://www.ubereats.com/akron/food-delivery/dante-boccuzzi-akron/hwr58wQLQzW6rB6A89UOyQ,akron
https://www.ubereats.com/akron/food-delivery/tropical-smoothie-cafe-2012-portage-trail/e6QnhcN_R7m0areC36Oq4Q,akron
https://www.ubereats.com/akron/food-delivery/the-rail-akron/HTf2FBqIRMugvyjwIWZibA,akron
https://www.ubereats.com/akron/food-delivery/burntwood-tavern-cuyahoga-falls/PSapwQX1RxeowOo00RQssg,akron
https://www.ubereats.com/akron/food-delivery/burger-king-1175-south-arlington-street/kqeB3MSiRXeGd-BuMuifnA,akron
https://www.ubereats.com/akron/food-delivery/wendys-1266-canton-rd/W6BPN1xITK2MIEJzfoag5w,akron
https://www.ubereats.com/akron/food-delivery/tgi-fridays-1133-stow-oh/8piMy3iRTniFL1PFseAk9g,akron
https://www.ubereats.com/akron/food-delivery/chipotle-mexican-grill-825-w-market-st/iT_qbiyfQ8uAL434AboLsA,akron
https://www.ubereats.com/akron/food-delivery/johnny-js-pub-%26-grille-waterloo-%26-canton/5zpriP8oTa6vkXMC80k2yQ,akron
https://www.ubereats.com/akron/food-delivery/johnny-js-pub-%26-grille-weathervane-%26-merriman/KOeuQ57cQ6C4qjYiPUf-Wg,akron
https://www.ubereats.com/akron/food-delivery/papa-johns-1885-west-market-street/lhHL80EtTg2r0rUQQeHeBA,akron
https://www.ubereats.com/akron/food-delivery/papa-johns-701-e-market-st/qmtyh9BcSi-OU9TW5t0tbg,akron
https://www.ubereats.com/akron/food-delivery/steak-n-shake-4000-medina-road/e-6eZ0dqQr6MhehjagZwBw,akron
https://www.ubereats.com/akron/food-delivery/pasquallys-pizza-%26-wings-2779-market-street/YVvQiURcRYiKHMpp-e-sUQ,akron
https://www.ubereats.com/akron/food-delivery/pizza-bella-llc/P--2Dhs5RzKQEVkMs9HD6Q,akron
https://www.ubereats.com/akron/food-delivery/wendys-460-howe-avenue/SPtKzYvDQtGH2H42bYfcGw,akron
https://www.ubereats.com/akron/food-delivery/starbucks-akron-south-arlington-rd/stYerO_eS8y-1Yn8273tnQ,akron
https://www.ubereats.com/akron/food-delivery/sides-to-go-bbq!-cuyahoga-falls/wWZAgFFNRZiLh6jtu-1ABQ,akron
https://www.ubereats.com/akron/food-delivery/compass-coffee/bjHOMajWToWbwotO2tTMaA,akron
https://www.ubereats.com/akron/food-delivery/bob-evans-421-3489-hudson-drive/L7K2US0LRhijfAfleuNYqQ,akron
https://www.ubereats.com/akron/food-delivery/69-taps/R7pE_M7xTN2M3a4PSoAyfw,akron
https://www.ubereats.com/akron/food-delivery/arbys-972-graham-rd/h227SmtHSmetBmby-fEkPw,akron
https://www.ubereats.com/akron/food-delivery/a-walk-in-the-park-cafe/s4sYttIOTz6QuKbmoFmM_g,akron
https://www.ubereats.com/akron/food-delivery/mature-lounge-%26-eatery/4_YFhacESnynkW75mA_3TA,akron
https://www.ubereats.com/akron/food-delivery/golden-place/cGKix5jcS_CyV5K_fgN_HA,akron
