url,city
https://www.ubereats.com/san-francisco/food-delivery/coco-cafe/Fc70zGCvT6Stki5acmyTaA,alameda-california
https://www.ubereats.com/san-francisco/food-delivery/savemore-market-deli/shUdovsVT1O9iRWny6qz1A,alameda-california
https://www.ubereats.com/san-francisco/food-delivery/la-penca-azul-taco-bar/IdqkfhLHSS2J6bHlRAPrhQ,alameda-california
https://www.ubereats.com/san-francisco/food-delivery/grand-bakery/H4HYqhMGQfyLK_chaR-hlA,alameda-california
https://www.ubereats.com/san-francisco/food-delivery/black-bear-diner-5750-christie-avenue/rD7jjXzETHSns-s5ZhSrog,alameda-california
https://www.ubereats.com/san-francisco/food-delivery/orchid-pavillion-cafe/uolO8EW8T9KvjXUvIn8jkg,alameda-california
https://www.ubereats.com/san-francisco/food-delivery/barneys-gourmet-hamburgers-oakland/jpeUqFPVRgux5TF1UQ2aMg,alameda-california
https://www.ubereats.com/san-francisco/food-delivery/taco-bell-630-hegenberger-rd/vGRMtZ2wRRmUI1ShwN84ag,alameda-california
https://www.ubereats.com/san-francisco/food-delivery/dominic-cafe/LTjGKB8-TMejrXQlK4KxHw,alameda-california
https://www.ubereats.com/san-francisco/food-delivery/pattys-%26-buns-burgers/o_o8MsJtT9e3t6VoeRxHNg,alameda-california
https://www.ubereats.com/san-francisco/food-delivery/jacks-cheese-steaks/u1MkCJg7TfyGawjZMYiOWg,alameda-california
https://www.ubereats.com/san-francisco/food-delivery/slice-oak/64oJovlVQ8ypwBeolly8hQ,alameda-california
https://www.ubereats.com/san-francisco/food-delivery/daol-tofu/IsrDEXKhQlu52xuL79BN9g,alameda-california
https://www.ubereats.com/san-francisco/food-delivery/subway-5858-horton-st/N2kS7sF-SveRmsjkrhCHmg,alameda-california
https://www.ubereats.com/san-francisco/food-delivery/cool!naria/huKT0zX2Tma36DyWKyBKmg,alameda-california
https://www.ubereats.com/san-francisco/food-delivery/jack-in-the-box-4425-telegraph-ave/0AFkTgs0TouL2zo1bxSY1Q,alameda-california
https://www.ubereats.com/san-francisco/food-delivery/papa-johns-pizza-san-leandro/SwE5xNF4TsGWftPbAWqKJw,alameda-california
https://www.ubereats.com/san-francisco/food-delivery/blind-tiger/Tv4c1byuRR2DjhxNZscZ9Q,alameda-california
https://www.ubereats.com/san-francisco/food-delivery/peony-seafood-restaurant/QEOk7p7BSverc0eLEzY47Q,alameda-california
https://www.ubereats.com/san-francisco/food-delivery/rendez-vous-cafe-bistro/oWVqwKn7TPyJSPiSs3_diQ,alameda-california
https://www.ubereats.com/san-francisco/food-delivery/mellana-cafe/qKHYBasWRmyLXHM0PUCmDw,alameda-california
https://www.ubereats.com/san-francisco/food-delivery/ikaros-greek-restaurant/ZJ4HKiyWTAGK6cs9iJzSNQ,alameda-california
https://www.ubereats.com/san-francisco/food-delivery/eden-silk-road-oakland/D0wHEyjpSMm6e4Hq7ckdKA,alameda-california
https://www.ubereats.com/san-francisco/food-delivery/spices-3/ux00hpl2S7ydWLV04ErW6A,alameda-california
https://www.ubereats.com/san-francisco/food-delivery/ikes-love-and-sandwiches-rockridge/Dz5_WQXARnuj_JMDM7NGVA,alameda-california
https://www.ubereats.com/san-francisco/food-delivery/panda-express-1151-40th-st/5y0qZDF-S8WXCs1a5Yn5Bg,alameda-california
https://www.ubereats.com/san-francisco/food-delivery/barcote-ethiopian-restaurant/ur7diPGjQAalG0E1pGY7Zw,alameda-california
https://www.ubereats.com/san-francisco/food-delivery/nikkos-diner/Fdn5BLYQS32FClG0DITPdg,alameda-california
https://www.ubereats.com/san-francisco/food-delivery/sliver-pizzeria-oakland/HLzX0wPbQgSgwMzYYYU6tw,alameda-california
https://www.ubereats.com/san-francisco/food-delivery/oasis-kitchen-oakland/enbHyzEuTQGHPMXndqmSUw,alameda-california
https://www.ubereats.com/san-francisco/food-delivery/taco-bell-3535-35th-avenue/J8yXXj1BQUaoPe_czUUktA,alameda-california
https://www.ubereats.com/san-francisco/food-delivery/bhugays-sushi-to-go/1Y5ycLyFSDa9fueZXc560w,alameda-california
https://www.ubereats.com/san-francisco/food-delivery/jack-in-the-box-1826-webster-st/vgxC3MxPQNycxDtqhQx5qA,alameda-california
https://www.ubereats.com/san-francisco/food-delivery/the-star-on-grand/uSaF3fVcTWiyFststO72yw,alameda-california
https://www.ubereats.com/san-francisco/food-delivery/falafel-boy/KiZtk-k-Toug7iHzzYScbA,alameda-california
https://www.ubereats.com/san-francisco/food-delivery/m-%26-s-kitchen/7cIf1m1wQzGUDoxumiJPmg,alameda-california
https://www.ubereats.com/san-francisco/food-delivery/starbucks-estuary-cove-oakland/GS7iWHZQQxaAalZRNA1DcQ,alameda-california
https://www.ubereats.com/san-francisco/food-delivery/the-ice-cream-shop/NmJ8TaMjToaMEuH9eljI_g,alameda-california
https://www.ubereats.com/san-francisco/food-delivery/salad-bar-none/bo77cukOSoSuW8q1ZOuB3g,alameda-california
https://www.ubereats.com/san-francisco/food-delivery/emil-villas-hickory-pit-san-leandro/cEMbywGLRMKWEvkRh2aTRQ,alameda-california
https://www.ubereats.com/san-francisco/food-delivery/gio-gelati/gKSvDl_6TluPUDjBqpg6OA,alameda-california
https://www.ubereats.com/san-francisco/food-delivery/taco-coma/bOobCUt1T36ZBZbdWj0TFQ,alameda-california
https://www.ubereats.com/san-francisco/food-delivery/the-ice-cream-shop/AiFaqrg9THeOYee6s22ebQ,alameda-california
https://www.ubereats.com/san-francisco/food-delivery/sichuan-style-restaurant/u-Cb3e5xSH24URcKRh2zMw,alameda-california
https://www.ubereats.com/san-francisco/food-delivery/the-ice-cream-shop/Uk4QOngZQkKKMdPPITerUw,alameda-california
https://www.ubereats.com/san-francisco/food-delivery/criollos-mexican-and-mediterranean-cuisine/mipzcFvcR52Y1WJe96Dl-A,alameda-california
https://www.ubereats.com/san-francisco/food-delivery/dogtown-sausage/fSzp-w0vT8On0kuvHuNcAg,alameda-california
https://www.ubereats.com/san-francisco/food-delivery/panera-1525-40th-street/DEJvGxcwScyFei1grrkpdg,alameda-california
https://www.ubereats.com/san-francisco/food-delivery/the-ice-cream-shop/NEAwZIzOSAihNE9sB4HrCA,alameda-california
https://www.ubereats.com/san-francisco/food-delivery/eat%40thai/2uf7P1mJTT67MNvuSh8Biw,alameda-california
https://www.ubereats.com/san-francisco/food-delivery/lake-chalet/sywBFpzyQ16x0j0SNnksFQ,alameda-california
https://www.ubereats.com/san-francisco/food-delivery/uptown-cafe-%26-crepes/lc_i3zmUSbyxthKDO27M-g,alameda-california
https://www.ubereats.com/san-francisco/food-delivery/chipotle-mexican-grill-8460-edgewater-dr-ste-c/LSHjdMB5SbG1d4dfqQWI8A,alameda-california
https://www.ubereats.com/san-francisco/food-delivery/orchids-thai/YlgGP8pVTreLO2LgGq01Ww,alameda-california
https://www.ubereats.com/san-francisco/food-delivery/saeeds-market-%26-deli/qqu9V0iLT22GI1rhMvl-9g,alameda-california
https://www.ubereats.com/san-francisco/food-delivery/the-grilled-cheez-guy/Up2ml5qtSgCTMKwzCSl_7Q,alameda-california
https://www.ubereats.com/san-francisco/food-delivery/louisiana-famous-fried-chicken-oakland/DxGmvKCORgmwwHqibYvMwA,alameda-california
https://www.ubereats.com/san-francisco/food-delivery/yo-sushi/EEldEzg5SZma7Qgc-kmkjA,alameda-california
https://www.ubereats.com/san-francisco/food-delivery/jack-in-the-box-2424-international-blvd/FlybPWjbT62sPtFMLAJwEA,alameda-california
https://www.ubereats.com/san-francisco/food-delivery/district-oakland/uRHVazc5TxasGTXocU3P8Q,alameda-california
https://www.ubereats.com/san-francisco/food-delivery/natures-hotline-soulfood-cafe/fI3ypA_5QD2gfaKrljG5hA,alameda-california
https://www.ubereats.com/san-francisco/food-delivery/east-ocean-seafood-restaurant/xsAVhH3WQPeh3Rtz9319Vw,alameda-california
https://www.ubereats.com/san-francisco/food-delivery/yammys-cafe/_vRc7knOTXi18yElnWMbCQ,alameda-california
https://www.ubereats.com/san-francisco/food-delivery/cheese-steak-shop/qY1ugpFnQ1azDEm3dZtYCg,alameda-california
https://www.ubereats.com/san-francisco/food-delivery/twin-beaks/3jXtFu7nT_aR6rTtTFHphQ,alameda-california
https://www.ubereats.com/san-francisco/food-delivery/daimo-chinese-restaurant/fAzfiy1CQRmifZ8ldEJcqg,alameda-california
https://www.ubereats.com/san-francisco/food-delivery/happy-slice-pizza-oakland/AuembOf9RdOQnCKpepcrqg,alameda-california
https://www.ubereats.com/san-francisco/food-delivery/philz-coffee-1313-9th-st-suite-110/WnZjjflOTJGp9Y2U_UxtyQ,alameda-california
https://www.ubereats.com/san-francisco/food-delivery/china-pack-kitchen/wruxepAISj-yYetw9NMu0g,alameda-california
https://www.ubereats.com/san-francisco/food-delivery/flavors-of-india-berkeley/ZFLuOrTUSg-fKlGStjI65Q,alameda-california
https://www.ubereats.com/san-francisco/food-delivery/burger-king-4200-east-14th-street/VVewXlRQS4eM3IBrEp3syw,alameda-california
https://www.ubereats.com/san-francisco/food-delivery/le-pho-vietnamese-restaurant/HY1QaoZxSSKduWGpnJRh3g,alameda-california
https://www.ubereats.com/san-francisco/food-delivery/world-champion-smokehouse/3pdTnupiTECYqgmJxgNZ0A,alameda-california
https://www.ubereats.com/san-francisco/food-delivery/seison/j638-zT4RBOzFJ7x34JvvQ,alameda-california
https://www.ubereats.com/san-francisco/food-delivery/state-side-cafe/m0wvi-dMQYGKHbpikEoQog,alameda-california
https://www.ubereats.com/san-francisco/food-delivery/cafe-lakeview/rqvidgD8SwGZ9UHe0zRAFg,alameda-california
https://www.ubereats.com/san-francisco/food-delivery/teazzert/4yzDGJnoRuKHGKdEdWorvg,alameda-california
https://www.ubereats.com/san-francisco/food-delivery/mrfivepercentmore/i5liwJYjT_6_7QhIyGMKMw,alameda-california
https://www.ubereats.com/san-francisco/food-delivery/mehak-indian-cuisine/lblHxLTPQQWQbZxsgXo5OQ,alameda-california
https://www.ubereats.com/san-francisco/food-delivery/famous-daves-2690-5th-st/RJfN1KcYS9K9eZENPIeeMQ,alameda-california
https://www.ubereats.com/san-francisco/food-delivery/house-of-curries-college/Hyr5DND8TcuUrjddFxLgJQ,alameda-california
https://www.ubereats.com/san-francisco/food-delivery/baby-cafe/pJvNlyIgSTK0PUkt2bj9zw,alameda-california
https://www.ubereats.com/san-francisco/food-delivery/razans-organic-kitchen/ojqCEhYaRqqlN0DEk6BDoA,alameda-california
https://www.ubereats.com/san-francisco/food-delivery/patatas/NZLDUKJgS1akmGKv7wyOwg,alameda-california
https://www.ubereats.com/san-francisco/food-delivery/krispy-krunchy-chicken-6606-telegraph-ave/p8XslvjHTVeE2V0QCDA1QQ,alameda-california
https://www.ubereats.com/san-francisco/food-delivery/great-wall-chinese-restaurant/VRT3otJqQyO5GnEHorgJUw,alameda-california
https://www.ubereats.com/san-francisco/food-delivery/nama-japanese-cuisine/fucDaakkRWyiriCV5CmsEg,alameda-california
https://www.ubereats.com/san-francisco/food-delivery/portal-oakland/rg9-WvfsRjmJY878ZE5Z5w,alameda-california
https://www.ubereats.com/san-francisco/food-delivery/extreme-pizza-alameda/93DxJVOHRBG_Q-abaK2mWA,alameda-california
https://www.ubereats.com/san-francisco/food-delivery/gogi-time/59tHc775S0iPARWjmG3yQQ,alameda-california
https://www.ubereats.com/san-francisco/food-delivery/trap-kitchen-oakland/yrzrJ4SASzy5c_d6VDzPHw,alameda-california
https://www.ubereats.com/san-francisco/food-delivery/naan-n-curry-oakland/nXNvmF8nQgmmTbixLVfI4A,alameda-california
https://www.ubereats.com/san-francisco/food-delivery/island-taqueria/TCxXKUfVRKKQtPgQVEkNew,alameda-california
https://www.ubereats.com/san-francisco/food-delivery/nells-house/YjrZy5PARP-fkOHLhZZ-kg,alameda-california
https://www.ubereats.com/san-francisco/food-delivery/nations-giant-hamburgers-san-leandro/FH308_5vQwyUJ4pmaKP5jA,alameda-california
https://www.ubereats.com/san-francisco/food-delivery/holy-hummus/_KNKFMaHQCeV0BOpVMU97A,alameda-california
https://www.ubereats.com/san-francisco/food-delivery/taco-bell-3839-emery-street-%23700/Z1OFMDGqRTC3pZSY-pBe9Q,alameda-california
https://www.ubereats.com/san-francisco/food-delivery/cream-5th-st/1KPeK6U7TwarYWZF-iynIQ,alameda-california
https://www.ubereats.com/san-francisco/food-delivery/masabaga/4yRHri5_SLK_B71uSJVyZg,alameda-california
https://www.ubereats.com/san-francisco/food-delivery/burger-king-1541-east-12th-street/D_JCN2JgS2q0xt5QZtwMiQ,alameda-california
https://www.ubereats.com/san-francisco/food-delivery/a%26w-7272-international-boulevard/mL_rifqbTna-cKov7vWmRA,alameda-california
https://www.ubereats.com/san-francisco/food-delivery/blue-bottle-coffee-2001-franklin-street/zPvrIM6-TnOpD1eVjH2Q9A,alameda-california
https://www.ubereats.com/san-francisco/food-delivery/teaway-tuttimelon/giPF9XdSQ0OqOIPYoGLVAA,alameda-california
https://www.ubereats.com/san-francisco/food-delivery/the-fat-fish/20hK6WAVSJKZviCU8uV6wQ,alameda-california
https://www.ubereats.com/san-francisco/food-delivery/nations-giant-hamburgers-alameda/vgIlODi3QaeUy-uEjXKrzw,alameda-california
https://www.ubereats.com/san-francisco/food-delivery/el-huarache-azteca/BKq20o3xQm-7xP9RdB22EQ,alameda-california
https://www.ubereats.com/san-francisco/food-delivery/the-ice-cream-shop/uUYGmdFxQHqbZBJjxsRWng,alameda-california
https://www.ubereats.com/san-francisco/food-delivery/cera-una-volta/T8n5RVrVQDKrpBdVx3Ffgg,alameda-california
https://www.ubereats.com/san-francisco/food-delivery/cafe-umami-uptown/Qtjo-I15SQWojogfngqSCQ,alameda-california
https://www.ubereats.com/san-francisco/food-delivery/biryani-kabab-oakland/0-C1-pIRSBSlL7p0DlDmqw,alameda-california
https://www.ubereats.com/san-francisco/food-delivery/bluefin-sushi-thai/xMm-AUQwQWGJH_09635C2Q,alameda-california
https://www.ubereats.com/san-francisco/food-delivery/montses-cafe/xOLo-5A7RyeUDp6meLFXtg,alameda-california
https://www.ubereats.com/san-francisco/food-delivery/best-coast-burritos-emeryville-ca/fHINarYaQ62tzY_h9yxm4g,alameda-california
https://www.ubereats.com/san-francisco/food-delivery/cornology-usa/5Z2sN2F8R1aiGkNGA_eS6g,alameda-california
https://www.ubereats.com/san-francisco/food-delivery/pizza-nation-inc/4cm5fncjSjCvk5yycKh_Vg,alameda-california
https://www.ubereats.com/san-francisco/food-delivery/fusion-kitchen/aVX-HqgERDG-KR2CTTc_bQ,alameda-california
https://www.ubereats.com/san-francisco/food-delivery/bamboo-india-oakland/IYD7nWHES_KLY2jqcIK1HQ,alameda-california
https://www.ubereats.com/san-francisco/food-delivery/juicy-cuties-boba/mQddwXoUTuqTvrwBLyoq6g,alameda-california
https://www.ubereats.com/san-francisco/food-delivery/giin-thai-canteen/BoxKrh1vQa67AaPX4BXmlA,alameda-california
https://www.ubereats.com/san-francisco/food-delivery/naughty-chile-taqueria/tnOlWAnxQKePxh58D1lYVA,alameda-california
https://www.ubereats.com/san-francisco/food-delivery/crepevine-rockridge/sAQj47EfSbKZK-teSiJe4w,alameda-california
https://www.ubereats.com/san-francisco/food-delivery/milky-way-coffee/J1lvyMYRSyuQpP6WSwd_mg,alameda-california
https://www.ubereats.com/san-francisco/food-delivery/ck-restaurant/WRzboWVCQKCsi8bjUWK6nQ,alameda-california
https://www.ubereats.com/san-francisco/food-delivery/starbucks-emeryville/G3YjXZPsRiqvxQr_hePM4w,alameda-california
https://www.ubereats.com/san-francisco/food-delivery/brazil-cafe-berkeley-llc/69p5qY30R3q1RWhIow0rgA,alameda-california
https://www.ubereats.com/san-francisco/food-delivery/kfc-2424-encinal-avenue/C8IaiibcStqJWZVSfs-Lpg,alameda-california
https://www.ubereats.com/san-francisco/food-delivery/why-cook/4-Xb1f9qTMiM78rM1uea0g,alameda-california
https://www.ubereats.com/san-francisco/food-delivery/lemat-ethiopian-restaurant-and-cafe/N10fDmX8S0uTMT1fPUz3Gw,alameda-california
https://www.ubereats.com/san-francisco/food-delivery/popeyes-1200-clay-st/sOiizhCnRXuNgW2Mhs2atw,alameda-california
https://www.ubereats.com/san-francisco/food-delivery/starbucks-2nd-%26-broadway/RNqhuErmQTey9ZWDWtIxfA,alameda-california
https://www.ubereats.com/san-francisco/food-delivery/baby-cafe-oakland/byMBo4TyRSqxoR8qK-k95w,alameda-california
https://www.ubereats.com/san-francisco/food-delivery/house-of-curries-albany/GMj_jX4nSYKj9ns0mT9ySQ,alameda-california
https://www.ubereats.com/san-francisco/food-delivery/purple-pepper-pizza/PIBihp8RTxWakcGQWMwovg,alameda-california
https://www.ubereats.com/san-francisco/food-delivery/kfc-9825-east-14th-street/mqxmLcyLQr-MSdEqUZw_Bg,alameda-california
https://www.ubereats.com/san-francisco/food-delivery/obelisco-restaurant/bo-Hl98rRgiAmOo0qQ47Fg,alameda-california
https://www.ubereats.com/san-francisco/food-delivery/taco-bell-6900-bancroft-ave/xjiRBQ_dSsq0ZJMJzZCf8g,alameda-california
https://www.ubereats.com/san-francisco/food-delivery/moussaka-mediterranean-kitchen/XWg4rafISkakQZB7zqFohw,alameda-california
https://www.ubereats.com/san-francisco/food-delivery/cookiebar-creamery-oakland/NyQqzoeyQSiDgXvd3cNItA,alameda-california
https://www.ubereats.com/san-francisco/food-delivery/mcdonalds-jackson-st/mqXdYXpERpG2iQVIdgBnEQ,alameda-california
https://www.ubereats.com/san-francisco/food-delivery/oasis-food-market/oMhM_aXUSreUO0j88Z1tpw,alameda-california
https://www.ubereats.com/san-francisco/food-delivery/starbucks-san-pablo-ave-%26-monroe/q_kXg1QLQc-oSdV18vgGCg,alameda-california
https://www.ubereats.com/san-francisco/food-delivery/the-gastropig/ht8gJPC8QN2tQD_TyJVVuA,alameda-california
https://www.ubereats.com/san-francisco/food-delivery/teni-east-kitchen/oGRCPjTXTGOFkjHe4qs6gw,alameda-california
https://www.ubereats.com/san-francisco/food-delivery/five-guys-ca-1624-2254-south-shore-center/yphT_sXIRu2K1KlARkI-uw,alameda-california
https://www.ubereats.com/san-francisco/food-delivery/chesters-fried-chicken-oakland/saGjW-iPRXmXfP22x4vdMA,alameda-california
https://www.ubereats.com/san-francisco/food-delivery/paradise-park-cafe/JhXWnZART820QBPjCb64Wg,alameda-california
https://www.ubereats.com/san-francisco/food-delivery/mountain-mikes-pizza-4870-telegraph-ave/iSsrtDM9QkitjkyNNSUtkg,alameda-california
https://www.ubereats.com/san-francisco/food-delivery/la-salsa-san-leandro/_WKUlXWYTwWBrcbo3xNcdg,alameda-california
https://www.ubereats.com/san-francisco/food-delivery/grandeur-oakland/P-N54VXERzmIMc8Yig2ecw,alameda-california
https://www.ubereats.com/san-francisco/food-delivery/ole-ole-burrito-express-telegraph/4yTqDycARKO-8TUXdg8b2w,alameda-california
https://www.ubereats.com/san-francisco/food-delivery/sumiko-cafe/HCH5P1rqTAOyzYHvDlb0AQ,alameda-california
https://www.ubereats.com/san-francisco/food-delivery/bay-fung-tong-tea-house-restaurant-%E9%81%BF%E9%A2%A8%E5%A1%98/pozVdludQSWW9CI2Lzliug,alameda-california
https://www.ubereats.com/san-francisco/food-delivery/carls-jr-10770-macarthur-blvd/eQawnAFKT4-p-NeDnEhUrQ,alameda-california
https://www.ubereats.com/san-francisco/food-delivery/tambo/7ZDoYH3yR3SIqEGlTP3A3A,alameda-california
https://www.ubereats.com/san-francisco/food-delivery/nations-giant-hamburgers-orinda/D9bkPmu7Q8257jRE71pzlA,alameda-california
https://www.ubereats.com/san-francisco/food-delivery/jims-burgers-%26-shakes/9LYouBRETMO8WSM6RJtkNg,alameda-california
https://www.ubereats.com/san-francisco/food-delivery/homegrown-oakland/anXz1apLRxq0OQRNVKamSw,alameda-california
https://www.ubereats.com/san-francisco/food-delivery/cholita-linda-telegraph-ave/zfw20ZGiQX2ScKLbqodf1A,alameda-california
https://www.ubereats.com/san-francisco/food-delivery/fry-me-a-river/zgQZ2Jf2RMSRZFrvtuwb8w,alameda-california
https://www.ubereats.com/san-francisco/food-delivery/shrimp-falafel-mix/_jTZbZLyQ0yzt0hLYw0Xsg,alameda-california
https://www.ubereats.com/san-francisco/food-delivery/a-town-pizza/poOv-NJfQgWb-jpwN-inWQ,alameda-california
https://www.ubereats.com/san-francisco/food-delivery/bay-fung-tong-seafood-house/tISrZj0ZSW-6iKeC58vhHg,alameda-california
https://www.ubereats.com/san-francisco/food-delivery/glaze-teriyaki-grill-berkeley/jTeSmCUUSn6amKhADu9jXA,alameda-california
https://www.ubereats.com/san-francisco/food-delivery/la-penca-azul-taco-truck/4CxhKIKnS5qvBZFCUFT0ww,alameda-california
https://www.ubereats.com/san-francisco/food-delivery/krispy-krunchy-chicken/08xoy_1wTA-QEI1qiVMEEQ,alameda-california
https://www.ubereats.com/san-francisco/food-delivery/filippos/HMS39zgNTc-waLbrrPTX6w,alameda-california
https://www.ubereats.com/san-francisco/food-delivery/rare-tea/dM_GtCGaRP-Jqaq3dFW-oQ,alameda-california
https://www.ubereats.com/san-francisco/food-delivery/thai-house-barn/F7Slg8sGR0GGty7FZ51YMg,alameda-california
https://www.ubereats.com/san-francisco/food-delivery/golden-peacock-restaurant/Y-XcOCBWQFO9eBNyev8Wjg,alameda-california
https://www.ubereats.com/san-francisco/food-delivery/burger-king-7200-bancroft-road/1lHnP6Q0RAKkimfcVVwoEw,alameda-california
https://www.ubereats.com/san-francisco/food-delivery/burger-king-5701-christie-avenue/ftELwc8hR0W8vNMWHK26qQ,alameda-california
https://www.ubereats.com/san-francisco/food-delivery/revival/8g9Rb67SRZGj2HCRIeKv8Q,alameda-california
https://www.ubereats.com/san-francisco/food-delivery/kfc-3400-foothill-boulevard/PXeThL_oStar8GbyXIctcg,alameda-california
https://www.ubereats.com/san-francisco/food-delivery/the-rare-barrel/fv1KGTUwQuGd8qzS2MDtuw,alameda-california
https://www.ubereats.com/san-francisco/food-delivery/cali-alley/TA5qFqimRpOnyye67oe9tA,alameda-california
https://www.ubereats.com/san-francisco/food-delivery/poke-star/9DUmvcjjTNKrEq-3PYoLXw,alameda-california
https://www.ubereats.com/san-francisco/food-delivery/sohos-new-york-pizza/zz9b_qs_QLmgU2-DLlQ4MQ,alameda-california
https://www.ubereats.com/san-francisco/food-delivery/alameda-bagels-and-donuts/yPkcrhR8SUOR4KbOhgh2eA,alameda-california
https://www.ubereats.com/san-francisco/food-delivery/oakland-street-food-co/jsJBOjWISFaencnZEoeHDg,alameda-california
https://www.ubereats.com/san-francisco/food-delivery/ohana-hawaiian-bbq/eiRSWf1dSYC29ItID-a-3g,alameda-california
https://www.ubereats.com/san-francisco/food-delivery/poke-zone/EIgQ2_SiRDiEMLC7TWzyUQ,alameda-california
https://www.ubereats.com/san-francisco/food-delivery/hong-kong-delights/CDPAYQVwSIauc-tf3RQICQ,alameda-california
https://www.ubereats.com/san-francisco/food-delivery/brooklyn-station/K42OMmRoSTeEhL2z4FHo3Q,alameda-california
https://www.ubereats.com/san-francisco/food-delivery/namaste-pizza-oakland/WpMeSyuHTd2NrkoKqix5IQ,alameda-california
https://www.ubereats.com/san-francisco/food-delivery/ks-coffee-house/aPJkxM4lRAOIf6ByrSpvPg,alameda-california
https://www.ubereats.com/san-francisco/food-delivery/oakland-cafe/QznskQ4oT8KT8ItkLVK2lw,alameda-california
https://www.ubereats.com/san-francisco/food-delivery/subway-2651-blanding-ave/frsYjJgYTtmWzKWOageITw,alameda-california
https://www.ubereats.com/san-francisco/food-delivery/la-raza-market-and-taqueria/EN4wB0G8SBOvtyEYmA-JIw,alameda-california
https://www.ubereats.com/san-francisco/food-delivery/panda-express-2630-fifth-street/FeWr-w2SQ5GVI3oQR4DeGQ,alameda-california
https://www.ubereats.com/san-francisco/food-delivery/ikes-love-%26-sandwiches-broadway/SbtyvjuvQkGyOP15NXcJkw,alameda-california
https://www.ubereats.com/san-francisco/food-delivery/bhan-mae-vane/ZGsVNt2iTXalNscbuMNG_w,alameda-california
https://www.ubereats.com/san-francisco/food-delivery/sushi-go-go-alameda/_oQ3-ZSJSRm1Hgq69LIBpw,alameda-california
https://www.ubereats.com/san-francisco/food-delivery/islice/KtX8Kc8TQCOrCQJk9JU2Rw,alameda-california
https://www.ubereats.com/san-francisco/food-delivery/el-torito-5-san-leandro-marina/3SWwAOFDQdqyr21v8Gjp1g,alameda-california
https://www.ubereats.com/san-francisco/food-delivery/razzos-pizza-and-salads-oakland/Atehb1T7QTqx6gzrti-0Tw,alameda-california
https://www.ubereats.com/san-francisco/food-delivery/nom-nom-banh-mi/nxpX5ulDSXSCUsibkvpe7w,alameda-california
https://www.ubereats.com/san-francisco/food-delivery/oori-rice-triangles-college-ave/OYTiAF9SSRq-fTHimkQ_kQ,alameda-california
https://www.ubereats.com/san-francisco/food-delivery/minnie-bells-soul-movement/zcxfjr-oTuCbxjD2H5WuXw,alameda-california
https://www.ubereats.com/san-francisco/food-delivery/3-seasons-thai-bistro/JwLXG6KlTdqqCDLIX9IX6w,alameda-california
https://www.ubereats.com/san-francisco/food-delivery/starbucks-park-%26-central-alameda/TZm0aAC2Rh206VRmdqvjKg,alameda-california
https://www.ubereats.com/san-francisco/food-delivery/lotus-house/3itYnlIRR8CxT915SYOYKw,alameda-california
https://www.ubereats.com/san-francisco/food-delivery/yimm/slEGXPlASNWcuebpO9AGsA,alameda-california
https://www.ubereats.com/san-francisco/food-delivery/the-ice-cream-shop/3VEOWFwWTRyJxlfIHDpN_Q,alameda-california
https://www.ubereats.com/san-francisco/food-delivery/sumo-japanese-restaurant/830khyn9Q7efpesY1G79uw,alameda-california
https://www.ubereats.com/san-francisco/food-delivery/starbucks-2059-mountain-blvd-oakland/E5CnMzxRQHi6vVX8a93HRg,alameda-california
https://www.ubereats.com/san-francisco/food-delivery/mcdonalds-12th-st/AWJfNhruSD24S-04z69TKA,alameda-california
https://www.ubereats.com/san-francisco/food-delivery/chile-jalapeno-taqueria/0NRq6TUTTxq0_EtsCf4QMA,alameda-california
https://www.ubereats.com/san-francisco/food-delivery/nobhill-hot-wok/UYvGC37FTuGcbfdfFrG0VQ,alameda-california
https://www.ubereats.com/san-francisco/food-delivery/fresh-and-best-cafe-2/SYrNr4HHRHyyC5B7m5B7jQ,alameda-california
https://www.ubereats.com/san-francisco/food-delivery/immortal-juice-co/TaGXfAeARlW7iBFOH0tFkw,alameda-california
https://www.ubereats.com/san-francisco/food-delivery/spin!-neapolitan-pizza/rGkX6fBaQxWKIFyI7KMw-Q,alameda-california
https://www.ubereats.com/san-francisco/food-delivery/uptown-krispy-chicken-%26-cheese-steak-sandwich/dbMmBsVjS-qfPi196kWCpw,alameda-california
https://www.ubereats.com/san-francisco/food-delivery/original-deep-dish-pizza-co/FJs7oUb_T6a-vn8WoHN21Q,alameda-california
https://www.ubereats.com/san-francisco/food-delivery/pastalicious/-2c0J6VdSK2K17DaCim-dg,alameda-california
https://www.ubereats.com/san-francisco/food-delivery/icey-cream/2MmjcmjLQeela1rTvZxpeg,alameda-california
https://www.ubereats.com/san-francisco/food-delivery/chef-aks-popup/KDG5j9uWSwivhqk1iC1yhg,alameda-california
https://www.ubereats.com/san-francisco/food-delivery/himalayan-curry-house/RQSz0b5HTEGJb_N7h7YBhw,alameda-california
https://www.ubereats.com/san-francisco/food-delivery/rolling-dunes/gsvZu63JRuyb30xtQfa4sQ,alameda-california
https://www.ubereats.com/san-francisco/food-delivery/thai-delight-cuisine/bKgH0xKTTLqDeoRQh5pV_g,alameda-california
https://www.ubereats.com/san-francisco/food-delivery/cauliflower-%26-pizza/YNluYzXSQlSXtCH-mjuBUQ,alameda-california
https://www.ubereats.com/san-francisco/food-delivery/tomate-cafe/OlLdKtfxS1emYGZdtlgf6Q,alameda-california
https://www.ubereats.com/san-francisco/food-delivery/aguachiles-el-tamarindo/etqdPslSTRmHFvb4QsLU4g,alameda-california
https://www.ubereats.com/san-francisco/food-delivery/mcdonalds-shoreline-rd/fxn_-YYkSVaF83JUGRgLsg,alameda-california
https://www.ubereats.com/san-francisco/food-delivery/carls-jr-green-burrito-871-marina-village-pkwy/Pbqt1Ac0RI6yQd0k8z2KDA,alameda-california
https://www.ubereats.com/san-francisco/food-delivery/burma-superstar-oakland/xeA1AUSIQw-uxabQGWDlvg,alameda-california
https://www.ubereats.com/san-francisco/food-delivery/mountain-mikes-pizza/LWJC4tQTSXaRSghlItwxeg,alameda-california
https://www.ubereats.com/san-francisco/food-delivery/egg-the-f*-out/Hd6oIhdXS-iRPBPWe5H89Q,alameda-california
https://www.ubereats.com/san-francisco/food-delivery/moes-pizza/-uhLsRpoRX64nGQ5A_V3iA,alameda-california
https://www.ubereats.com/san-francisco/food-delivery/plant-nation-oakland/_UCmFN9ETAqn38tXeGG7PQ,alameda-california
https://www.ubereats.com/san-francisco/food-delivery/subway-4300-macarthur-blvd/jF2IdtsYS9Gxf333w18jeQ,alameda-california
https://www.ubereats.com/san-francisco/food-delivery/burger-king-4424-broadway/kp8WQrf_QeyaMvuvRBeNPg,alameda-california
https://www.ubereats.com/san-francisco/food-delivery/southside-station/QWmsWbBNQ9qYeGzntp8_-A,alameda-california
https://www.ubereats.com/san-francisco/food-delivery/hive-the-place-to-bee/zL0MRfXBTmyNbw-rRAzukA,alameda-california
https://www.ubereats.com/san-francisco/food-delivery/excuse-my-french-toast/3AG2JLJiR6S38TWNSihLXw,alameda-california
https://www.ubereats.com/san-francisco/food-delivery/jamba-juice-2306-south-shore-center/qSnVvB_2R1WbScFldIIFrA,alameda-california
https://www.ubereats.com/san-francisco/food-delivery/mint-leaf-vietnamese-restaurant-2865-seventh-street/14Q1X-__TM-2v6BHrieWRw,alameda-california
https://www.ubereats.com/san-francisco/food-delivery/kfc-950-market-street/pTbYPjHLQaaQ5Qav39P4xg,alameda-california
https://www.ubereats.com/san-francisco/food-delivery/los-compadres-taqueria/vHbDMaA0QLe2TXA9Uj0z9A,alameda-california
https://www.ubereats.com/san-francisco/food-delivery/straw-hat-pizza-alameda/joWuoov9RN2nU5nfkrUMZw,alameda-california
https://www.ubereats.com/san-francisco/food-delivery/red-boy-pizza-oakland/pIKvvLxSSQ6cesKsQvAnjA,alameda-california
https://www.ubereats.com/san-francisco/food-delivery/the-fusion-factory/dhLgjiJPRNuvZF1XO8xuHQ,alameda-california
https://www.ubereats.com/san-francisco/food-delivery/phosho-dough/o1D2n0-ESY-az6mSyCiHdg,alameda-california
https://www.ubereats.com/san-francisco/food-delivery/jupiter-juice/8epVjUYNRK-755fV0IRBCA,alameda-california
https://www.ubereats.com/san-francisco/food-delivery/the-fat-lady/bvxuNaMeTlyoB8t7G0twBg,alameda-california
https://www.ubereats.com/san-francisco/food-delivery/koja-kitchen-alameda/DFIg0SlFSmuUudKh4euhJA,alameda-california
https://www.ubereats.com/san-francisco/food-delivery/pizzaoki-oakland/aVlrpv5CTiyidvhAXKoeaw,alameda-california
https://www.ubereats.com/san-francisco/food-delivery/baiano-pizzeria-berkeley/er4URj75TDyQOF8XArDI-g,alameda-california
https://www.ubereats.com/san-francisco/food-delivery/bobby-gs-pizzeria/qPp8gQqMRgir6Dcvs2u3Pw,alameda-california
https://www.ubereats.com/san-francisco/food-delivery/honolulu-bbq/BqhwSR24SFCpOqBvzfscRg,alameda-california
https://www.ubereats.com/san-francisco/food-delivery/la-vals-pizza-albany/wb7pa0AiTViogc4ejAVxkQ,alameda-california
https://www.ubereats.com/san-francisco/food-delivery/pizza-amigos/ir9k01i0QXKorPp0zhXxSw,alameda-california
https://www.ubereats.com/san-francisco/food-delivery/royaltea-usa/9zoySZGbSEaBeYF1UT3T2w,alameda-california
https://www.ubereats.com/san-francisco/food-delivery/anthonys-cookies-berkley/etg1WtPeSkancrTH0ANxGg,alameda-california
https://www.ubereats.com/san-francisco/food-delivery/mcdonalds-central-ave/KAEJvQ1UQF6V5Wupy1BSmA,alameda-california
https://www.ubereats.com/san-francisco/food-delivery/the-damel/R8mI40mYQwO-zjjuAj2Low,alameda-california
https://www.ubereats.com/san-francisco/food-delivery/quick-bite/Jsm39d1sTL289iOoxZA0-w,alameda-california
https://www.ubereats.com/san-francisco/food-delivery/gabriellas-new-york-city-pizza-oakland/BWZNKz19SpiVW-D5o0DrCA,alameda-california
https://www.ubereats.com/san-francisco/food-delivery/cholita-linda-alameda/a1tVE_vrTW6qvjb3Y_nCQQ,alameda-california
https://www.ubereats.com/san-francisco/food-delivery/in-the-wood/WVt0SVA4T0CLiWP7-wdfAw,alameda-california
https://www.ubereats.com/san-francisco/food-delivery/starbucks-hegenberger-%26-i-880-oakland/Rm8wuN3dRW2avczF-VOJgQ,alameda-california
https://www.ubereats.com/san-francisco/food-delivery/lilly-thai-kitchen/Bb5BAeBNTaqXB5NJX4whiw,alameda-california
https://www.ubereats.com/san-francisco/food-delivery/nations-giant-hamburgers-berkeley/4FLnu0tcTF-u_Pc0ud9qtA,alameda-california
https://www.ubereats.com/san-francisco/food-delivery/homeroom-to-go/32drpQtyRNeTXI0jm6wP0A,alameda-california
https://www.ubereats.com/san-francisco/food-delivery/golden-tea-shop/obdCBRFMQ-Of_WJ4h1xgkg,alameda-california
https://www.ubereats.com/san-francisco/food-delivery/miyozen/5iQieYfGQsKViKZqBquZ1Q,alameda-california
https://www.ubereats.com/san-francisco/food-delivery/subway-6341-shattuck-ave/JMZ_j9U-QhqdAsz49PsiiA,alameda-california
https://www.ubereats.com/san-francisco/food-delivery/the-italian-homemade-company-berkeley/gyYpWxeiSuGugUR3SAj_tg,alameda-california
https://www.ubereats.com/san-francisco/food-delivery/panda-express-5108-broadwaysuite-k108/uSgxxZWKSzqGVCwpWtE1uw,alameda-california
https://www.ubereats.com/san-francisco/food-delivery/antojeria-mexicana-el-chilar/UgLRMfD6SIuZKQhNYAQWAA,alameda-california
https://www.ubereats.com/san-francisco/food-delivery/humphry-slocombe-ice-cream-berkeley/SWGxo7jMSdyav3Nk9Rj6Hw,alameda-california
https://www.ubereats.com/san-francisco/food-delivery/ajanta-restaurant/QZTtHy57TpGzS6mA7AbeYA,alameda-california
https://www.ubereats.com/san-francisco/food-delivery/papa-murphys-1929-broadway/jNmXYl6BQxa13CRezgI0nw,alameda-california
https://www.ubereats.com/san-francisco/food-delivery/kingkong-bbq-restaurant/S4vG1O9JR5q8tm4chMbXsg,alameda-california
https://www.ubereats.com/san-francisco/food-delivery/thick-n-tasty-pizza/srxd0a8dTDiYzPwvxF9AIQ,alameda-california
https://www.ubereats.com/san-francisco/food-delivery/chipotle-mexican-grill-2610-5th-st-ste-a/LsP3IvJNTwiOfyfPq2QYSA,alameda-california
https://www.ubereats.com/san-francisco/food-delivery/delegates/nxVMxGNgRZuL0Tx6obUIQw,alameda-california
https://www.ubereats.com/san-francisco/food-delivery/mi-familia/dEYEh3oMSuqg7lN8e5-c3g,alameda-california
https://www.ubereats.com/san-francisco/food-delivery/fountain-cafe/ei4aV2jRQpmGM0RiUP8xUA,alameda-california
https://www.ubereats.com/san-francisco/food-delivery/mod-pizza-alameda-south-shore/l5a8hufEQDGnT39ciT3apQ,alameda-california
https://www.ubereats.com/san-francisco/food-delivery/miss-ollies/gWwGXPUmTimkDu7H-PKCiA,alameda-california
https://www.ubereats.com/san-francisco/food-delivery/neecha-thai/TBGbjWCKSw-kdVgOkn2BpA,alameda-california
https://www.ubereats.com/san-francisco/food-delivery/uncle-willies-bbq-%26-fish/bO56fDz3SzWqBYw_TWo7QA,alameda-california
https://www.ubereats.com/san-francisco/food-delivery/7-stars-donut/lp2jtDMATOWLzyyKkMrq8w,alameda-california
https://www.ubereats.com/san-francisco/food-delivery/a-taste-of-denmark/st-NWfmkSwqCEoqg3dcX7g,alameda-california
https://www.ubereats.com/san-francisco/food-delivery/sabuy-sabuy2-thai-cuisine/LWT_O2hrRXGwxNoMCiAkBw,alameda-california
https://www.ubereats.com/san-francisco/food-delivery/los-cantaros-taqueria-emeryville-ca/lhzVwWt1TjeQwVOSLn7RKg,alameda-california
https://www.ubereats.com/san-francisco/food-delivery/new-lazeeza/3dqb-54-SpuPH8P-L4bEVw,alameda-california
https://www.ubereats.com/san-francisco/food-delivery/mixt-oakland/Ypwl-PSVSPmOa8FLP0L6Fw,alameda-california
https://www.ubereats.com/san-francisco/food-delivery/classic-guilin-rice-noodles-oakland/L6h7gP_XTi25Ikw3F4dpDA,alameda-california
https://www.ubereats.com/san-francisco/food-delivery/krispy-krunchy-chicken/huNLEYmGTce1_qu4U8Cb3g,alameda-california
https://www.ubereats.com/san-francisco/food-delivery/roadside-rotisserie/7vrZ0BxURtWmPSrw59dzBA,alameda-california
https://www.ubereats.com/san-francisco/food-delivery/honor-kitchen-%26-cocktails/uT13pknTQHuhwnsV4hI0CA,alameda-california
https://www.ubereats.com/san-francisco/food-delivery/best-coast-burritos-oakland-ca/Smsm7QL8TbSYkbOkq2W6rA,alameda-california
https://www.ubereats.com/san-francisco/food-delivery/fortune-cookie/eHk6_C9_ShCOZwKP6MAxlQ,alameda-california
https://www.ubereats.com/san-francisco/food-delivery/taco-bell-1900-webster/8PrYpSRISK2ypmfatHzOsA,alameda-california
https://www.ubereats.com/san-francisco/food-delivery/mi-zacatecas/N5Dwg0NOTs2HTih-neSR2A,alameda-california
https://www.ubereats.com/san-francisco/food-delivery/sushi-29/Ng2Pz752RuihacBpnztyNg,alameda-california
https://www.ubereats.com/san-francisco/food-delivery/taqueria-el-cruzero/8Gtl27H8RzSxsLTVHV89nA,alameda-california
https://www.ubereats.com/san-francisco/food-delivery/yang-chow-restaurant/qpzjU8z6Q1mJROC7n4rbtg,alameda-california
https://www.ubereats.com/san-francisco/food-delivery/subway-3301-e-12th-st/c9rn8Li7SQOEeOnmsqBngQ,alameda-california
https://www.ubereats.com/san-francisco/food-delivery/duende/E-NTln7zS1qqfy1v72MIhw,alameda-california
https://www.ubereats.com/san-francisco/food-delivery/sushinista/inqFY9EuQN2CtywAPYj4qw,alameda-california
https://www.ubereats.com/san-francisco/food-delivery/koja-kitchen-emeryville/j9Q-exO4SyWaTTJMFqL9EQ,alameda-california
https://www.ubereats.com/san-francisco/food-delivery/taiwan-bento-%26-bao/ROLAvZz4QkmOTHqYaD0JVA,alameda-california
https://www.ubereats.com/san-francisco/food-delivery/kfc-7272-east-14th-street/ft-r6xcnRQaRq5KYBWBViA,alameda-california
https://www.ubereats.com/san-francisco/food-delivery/pizza-city/GKcna20lRc6A3wnlw-gR7Q,alameda-california
https://www.ubereats.com/san-francisco/food-delivery/krispy-krunchy-chicken-%26-pizza/ETAmxXb1QT2-Z7M5s2_YxQ,alameda-california
https://www.ubereats.com/san-francisco/food-delivery/guss-world-famous-fried-chicken/n-p7BsHNSVeYU2MTxyWe0A,alameda-california
https://www.ubereats.com/san-francisco/food-delivery/starbucks-broadway-%26-30th/psN_z3X-SvabFtZRct7avQ,alameda-california
https://www.ubereats.com/san-francisco/food-delivery/rojbas-grill/FmLBebGASGemaBO5S_q4cA,alameda-california
https://www.ubereats.com/san-francisco/food-delivery/mien-tay-restaurant/Xj9hvSJ8S7C2_mh5UNgz9A,alameda-california
https://www.ubereats.com/san-francisco/food-delivery/ilava-hawaiian-barbecue/CLSz2R6cSquKNKZGwfY_6g,alameda-california
https://www.ubereats.com/san-francisco/food-delivery/wazwan-indian-cuisine/32FDFHSZSBy7qc6EMCo-DA,alameda-california
https://www.ubereats.com/san-francisco/food-delivery/starbucks-3347-lakeshore-avenue/Ls-yIiW9Q8qCMPqPMWcClw,alameda-california
https://www.ubereats.com/san-francisco/food-delivery/azit/4OpOk4ghT9O46JkrKPlT4g,alameda-california
https://www.ubereats.com/san-francisco/food-delivery/bluefin-asian-bistro/4idU5IO3RJaMOnpx5bejAw,alameda-california
https://www.ubereats.com/san-francisco/food-delivery/nikko-sushi/hBJ6A1XoTjC0yWqoqtXodA,alameda-california
https://www.ubereats.com/san-francisco/food-delivery/the-salad-bowl/NlphfDKhTsC8EKkPJKAXSw,alameda-california
https://www.ubereats.com/san-francisco/food-delivery/alice-bistro-alameda/xIvceA-5SSKZtIY_3suy4Q,alameda-california
https://www.ubereats.com/san-francisco/food-delivery/koryo-jajang/3Pl9oB7VT56vIDUgv0VPXQ,alameda-california
https://www.ubereats.com/san-francisco/food-delivery/oasis-kitchen/TUTMMZBOTcSD4M3BPbzCCw,alameda-california
https://www.ubereats.com/san-francisco/food-delivery/popeyes-3080-e-9th-st/5EXSpsUdRm2Iim-tOmu6AQ,alameda-california
https://www.ubereats.com/san-francisco/food-delivery/mr-pickles-sandwich-shop-el-cerrito/QOYitDwhRt2EFpSLXO6yDw,alameda-california
https://www.ubereats.com/san-francisco/food-delivery/scends-restaurant/B8QdGhkXTQqCdZwm80E_Uw,alameda-california
https://www.ubereats.com/san-francisco/food-delivery/zacharys-chicago-pizza-oakland/jH38XumgTaSUc_NcUqsc_w,alameda-california
https://www.ubereats.com/san-francisco/food-delivery/chipotle-mexican-grill-2314-s-shore-ctr/POymhbToSq24AdbxhUUPaQ,alameda-california
https://www.ubereats.com/san-francisco/food-delivery/philz-coffee-6310-college-ave/IAdZQevpTHKt2IoGZyO6Lw,alameda-california
https://www.ubereats.com/san-francisco/food-delivery/krispy-krunchy-chicken-2316-santa-clara-avenue/Rf8NkQ7HTzuJp_cRlMRpgw,alameda-california
https://www.ubereats.com/san-francisco/food-delivery/krispy-krunchy-chicken/hZJU20nkSoq-akuWz9AvEA,alameda-california
https://www.ubereats.com/san-francisco/food-delivery/burger-king-580-hegenberger-road/yB--kl2CRbuwAQ9KakD5DA,alameda-california
https://www.ubereats.com/san-francisco/food-delivery/keto-to-go-by-belcampo-oakland/p-n3djmkQt-8wbK_xbg0DA,alameda-california
https://www.ubereats.com/san-francisco/food-delivery/one-zo-oakland/cX3nSMimTFyqdUs6PFuL_g,alameda-california
https://www.ubereats.com/san-francisco/food-delivery/everest-kitchen/NIWGRlDaQH24bNmOgRzK3A,alameda-california
https://www.ubereats.com/san-francisco/food-delivery/miss-ollies-caribbean-restaurant/kdilaS_YQ5W1yj6mGsryLQ,alameda-california
https://www.ubereats.com/san-francisco/food-delivery/thai-corner-express/_-mbQOglRFyUXYYNupAUbw,alameda-california
https://www.ubereats.com/san-francisco/food-delivery/mint-leaf-vietnamese-restaurant-alameda/axtv2valTZW9aRjP6KVYmQ,alameda-california
https://www.ubereats.com/san-francisco/food-delivery/4505-burgers-%26-bbq-macarthur-blvd/Ddu068noR6qXduijG5igzQ,alameda-california
https://www.ubereats.com/san-francisco/food-delivery/starbucks-98th-%26-bigge/zdLCFu2xTZaBwEJN7nyIoA,alameda-california
https://www.ubereats.com/san-francisco/food-delivery/lynn-and-lus-escapade-cafe/pOC1xOTeQkSPY90xxk9dRw,alameda-california
https://www.ubereats.com/san-francisco/food-delivery/humphry-slocombe/UwzxY2lBRTSzwC_S0lJ7gw,alameda-california
https://www.ubereats.com/san-francisco/food-delivery/wachira-wines-alameda/Hpgn0P7DTnm7QTCazfzflg,alameda-california
https://www.ubereats.com/san-francisco/food-delivery/los-olivos-restaurant/ZGeinI8KQ-SnQC0-ma-vZw,alameda-california
https://www.ubereats.com/san-francisco/food-delivery/brazil-cafe/7PCx-b7oS_yjBJuJXxGUbQ,alameda-california
https://www.ubereats.com/san-francisco/food-delivery/five10-pizza/_Q4GGJMJRxeLVOak_mTaJw,alameda-california
https://www.ubereats.com/san-francisco/food-delivery/easy-sushi/k6kw2216RmKDGWK6V0jpgA,alameda-california
https://www.ubereats.com/san-francisco/food-delivery/fusionmediterranean/J_Owy05JTKyAJoLg6apbaw,alameda-california
https://www.ubereats.com/san-francisco/food-delivery/i-scream-donuts/veN3O7qURJ2Iy4MyzjejsA,alameda-california
https://www.ubereats.com/san-francisco/food-delivery/mountain-mikes-pizza-san-leandro-3-davis-st/2m8PV9gwTkeS2kN9PNFK9A,alameda-california
https://www.ubereats.com/san-francisco/food-delivery/shirasoni-japanese-restaurant-alameda/riMUPDLjThGKzBn9kTRCMw,alameda-california
https://www.ubereats.com/san-francisco/food-delivery/california-pizza-kitchen-5614-bay-st-suite-244/wE6SeQ5XQUOORsH3-q3bJw,alameda-california
https://www.ubereats.com/san-francisco/food-delivery/quinns-lighthouse/5YVbEeNIQreWse4C1oK11A,alameda-california
https://www.ubereats.com/san-francisco/food-delivery/the-well/LOtIrnBdQzutwv7mtIpE4Q,alameda-california
https://www.ubereats.com/san-francisco/food-delivery/ikes-love-and-sandwiches-emeryville/y2OEu0VDSaK6R2R4YKTyvQ,alameda-california
https://www.ubereats.com/san-francisco/food-delivery/turkish-kitchen/4Pi1kOQvTH6bGelpqO2_9w,alameda-california
https://www.ubereats.com/san-francisco/food-delivery/rnr-sushi-n-bowls/hqueelX4SpGtyBatsPsCNA,alameda-california
https://www.ubereats.com/san-francisco/food-delivery/the-posh-bagel-oakland/OjEIGUZ3SQS765ICMqxuKg,alameda-california
https://www.ubereats.com/san-francisco/food-delivery/qi-dumpling-lounge/gGcMJoOdRCSwYNKSZ2-k2w,alameda-california
https://www.ubereats.com/san-francisco/food-delivery/wonderphilly/kedwjsz_TrO0rBfK3cO5Dw,alameda-california
https://www.ubereats.com/san-francisco/food-delivery/the-ice-cream-shop/7drusbnDT4C6_IGX9VmZGw,alameda-california
https://www.ubereats.com/san-francisco/food-delivery/kamdesh-afghan-kabob-house/2d8xGF3ySHG3RAEIniFX2A,alameda-california
https://www.ubereats.com/san-francisco/food-delivery/the-veg-hub/M145wZ8JR6eiUMZXhFvJFQ,alameda-california
https://www.ubereats.com/san-francisco/food-delivery/dragon-village/NB_Q-1HXQVyuwuS2JKdErg,alameda-california
https://www.ubereats.com/san-francisco/food-delivery/why-cook-too/u7nWvksUTj6kinJqfvX1sw,alameda-california
https://www.ubereats.com/san-francisco/food-delivery/tuk-tuk-thai/AzxeZtG_S9CA8LpOTtfDuw,alameda-california
https://www.ubereats.com/san-francisco/food-delivery/aburaya/IRRvg68-SOSfp1V__u6pSA,alameda-california
https://www.ubereats.com/san-francisco/food-delivery/fortune-restaurant-fruitvale/CDklkEEHRJakCt1CtfbmJg,alameda-california
https://www.ubereats.com/san-francisco/food-delivery/sweet-bar-bakery/yYwsgp7NSK6kKQ0qMArXiw,alameda-california
https://www.ubereats.com/san-francisco/food-delivery/jong-ga-house/Y55ADXEURvCbJMjuYKRNKA,alameda-california
https://www.ubereats.com/san-francisco/food-delivery/hana-japan-steak-%26-seafood/XOJokdv3R9uNJCsEoqCxKA,alameda-california
https://www.ubereats.com/san-francisco/food-delivery/mcdonalds-800-market-st/1ywylJxPTQSj2fwz7T5LAw,alameda-california
https://www.ubereats.com/san-francisco/food-delivery/chai-thai-noodle/sWBCwLttSjK41D89beOrCA,alameda-california
https://www.ubereats.com/san-francisco/food-delivery/souley-vegan/S8HKUc4FRa6j1LmTBXh93w,alameda-california
https://www.ubereats.com/san-francisco/food-delivery/qs-halal-alameda/CkGZ-tb-T2uEHyYoaaVWbA,alameda-california
https://www.ubereats.com/san-francisco/food-delivery/marufuku-ramen/ejgEClSCR8i0-CE0g9t4dA,alameda-california
https://www.ubereats.com/san-francisco/food-delivery/belcampo-oakland/32TWQlhlRDe-LlY5IMd5zw,alameda-california
https://www.ubereats.com/san-francisco/food-delivery/china-star-express/_todrTS-R9qz7voPHVSvLw,alameda-california
https://www.ubereats.com/san-francisco/food-delivery/ultimate-grounds-et-al-coffee-%26-tea/ht3_U8AZSpq2GDoYILyVgw,alameda-california
https://www.ubereats.com/san-francisco/food-delivery/spices-noodle-house/TL9DgF3MTgucdvV4Onp55A,alameda-california
https://www.ubereats.com/san-francisco/food-delivery/hometown-donuts/KirTrWSRRT2qu0KL9TyfHw,alameda-california
https://www.ubereats.com/san-francisco/food-delivery/lotus-falafel-%26-shawerma/tmVhOlAlSym7y2YZDiS4EQ,alameda-california
https://www.ubereats.com/san-francisco/food-delivery/lois-%26-earls/ZYlUQKLiREGmGyy5O87QjQ,alameda-california
https://www.ubereats.com/san-francisco/food-delivery/subway-4415-foothill-blvd/CpSUahV3S9SD2vGBEmgy0A,alameda-california
https://www.ubereats.com/san-francisco/food-delivery/endless-summer-sweets/O8RGByXGS4OvRwcWwwpJhA,alameda-california
https://www.ubereats.com/san-francisco/food-delivery/asmara-restaurant-oakland/plX0njhUQTuRp3C9cuDy_w,alameda-california
https://www.ubereats.com/san-francisco/food-delivery/organic-greens-solano/LRITO9nKStiVDEtUboUCPA,alameda-california
https://www.ubereats.com/san-francisco/food-delivery/burma-superstar/aOhmvwXJTAuibctDKbuJ9w,alameda-california
https://www.ubereats.com/san-francisco/food-delivery/china-live-signatures-berkeley/zcNO5uqIQgO-TLUdXkVAgw,alameda-california
https://www.ubereats.com/san-francisco/food-delivery/paradita-eatery/Yl-Qmm-WT6iTu_b-b3LTvw,alameda-california
https://www.ubereats.com/san-francisco/food-delivery/subway-3999-san-pablo-ave/hNBJY6E0TSqhGUZ8S7kDnQ,alameda-california
https://www.ubereats.com/san-francisco/food-delivery/off-the-griddle/VKkuzKW0QxiJDDvz7RDOjw,alameda-california
https://www.ubereats.com/san-francisco/food-delivery/broadway-burrito/bF0NO4DOT-uIE_eFLz3guQ,alameda-california
https://www.ubereats.com/san-francisco/food-delivery/r-noodles/Ies8iUUPSJ2y7LSocQnvkg,alameda-california
https://www.ubereats.com/san-francisco/food-delivery/pizzaiolo/23edb3rzQa-bmArAvCS-Xw,alameda-california
https://www.ubereats.com/san-francisco/food-delivery/ohlala!-french-toast/JimMqbr6RMyOl6CSQd1KrA,alameda-california
https://www.ubereats.com/san-francisco/food-delivery/subway-2212-e-south-shore-center/IQ-mdk4nSpenvwrDgf3v0Q,alameda-california
https://www.ubereats.com/san-francisco/food-delivery/z-cafe-%26-bar/ytUW52eoRK-cuJxXmW8FfQ,alameda-california
https://www.ubereats.com/san-francisco/food-delivery/uncle-willies-wings-and-things-oakland/JSbbBuToS4K4KLZUQYhwjg,alameda-california
https://www.ubereats.com/san-francisco/food-delivery/the-coffee-mill-%26-bakery/dZbRexEVSXCCfCbM3B29hQ,alameda-california
https://www.ubereats.com/san-francisco/food-delivery/trattoria-la-siciliana/8ih_Pwo6QAuDHDwGu_ty9A,alameda-california
https://www.ubereats.com/san-francisco/food-delivery/subway-843-marina-village-parkway/TuHziGT7SuGdkyzZ84_hAA,alameda-california
https://www.ubereats.com/san-francisco/food-delivery/flipside-burgers/EQuPP3kxQRyotGZkBSIidg,alameda-california
https://www.ubereats.com/san-francisco/food-delivery/la-bonita-taqueria/SOCFdFlzRTqVMAnn2_hMmA,alameda-california
https://www.ubereats.com/san-francisco/food-delivery/kangnam/K3VliL1eSkWLo5mw8j7zug,alameda-california
https://www.ubereats.com/san-francisco/food-delivery/nations-giant-hamburgers-el-cerrito/BRfAcJJXRfyZoX_Y8HU0MQ,alameda-california
https://www.ubereats.com/san-francisco/food-delivery/miharu-ice-cream/bebB-F4WQaKd33BAicsFeA,alameda-california
https://www.ubereats.com/san-francisco/food-delivery/cream-berkeley/uVtgD4cRQhipNGUFSx52iQ,alameda-california
https://www.ubereats.com/san-francisco/food-delivery/cafe-jolies/pcGMmg4zQauHPZpajZ8fvw,alameda-california
https://www.ubereats.com/san-francisco/food-delivery/starbucks-christie-%26-shellmound-emeryville/7QDcD52gSWG6IOUtQb-d8Q,alameda-california
https://www.ubereats.com/san-francisco/food-delivery/the-saap-avenue/zUDUVDuWTaKrm6lmlQdikw,alameda-california
https://www.ubereats.com/san-francisco/food-delivery/shogun-japanese-sushi-%26-grill/YE2h_qK_R6GHF1t1VMZAvg,alameda-california
https://www.ubereats.com/san-francisco/food-delivery/raj-indian-cuisine/kgzVqjkrQX6IN6NRPUsS5g,alameda-california
https://www.ubereats.com/san-francisco/food-delivery/delhi-diner/c_LletboR1GcXq91MFKNYA,alameda-california
https://www.ubereats.com/san-francisco/food-delivery/mountain-mikes-pizza-10750-san-pablo-ave/s5FHDcLCRGic0RVvLWEq6Q,alameda-california
https://www.ubereats.com/san-francisco/food-delivery/biryani-tika-kabab/xuy2WvCaQ0ivJLxqwwB5Vg,alameda-california
https://www.ubereats.com/san-francisco/food-delivery/senor-sisig-oakland/NHI6kNATTcOC1ik0u7WX7g,alameda-california
https://www.ubereats.com/san-francisco/food-delivery/shanghai-cuisine/DdZBhWqkS46IioI8R4_5hg,alameda-california
https://www.ubereats.com/san-francisco/food-delivery/roti-%26-pizza/-iLZkxBUStW_Kwm4G1AhQA,alameda-california
https://www.ubereats.com/san-francisco/food-delivery/tgi-oni-sushi/WjpipxMuRP-PZ_9a3n4KBA,alameda-california
https://www.ubereats.com/san-francisco/food-delivery/mcdonalds-10235/NqEE_i6ATHWChtTVA2uQ5Q,alameda-california
https://www.ubereats.com/san-francisco/food-delivery/third-culture-bakery/nFsEe9HoRJCW26-I3J3-yw,alameda-california
https://www.ubereats.com/san-francisco/food-delivery/oakland-kosher-foods/NSJNI3sBSGGu8Kwvcgm1Zg,alameda-california
https://www.ubereats.com/san-francisco/food-delivery/wendys-189-98th-avenue/pJsKtSP1Trm8W9ealPYdZg,alameda-california
https://www.ubereats.com/san-francisco/food-delivery/pastinos-pasta-%26-pizza/PGJML2S_RguND2JWYnVN_w,alameda-california
https://www.ubereats.com/san-francisco/food-delivery/thai-table/xtqECmu0RVy2bhNem9Dh1g,alameda-california
https://www.ubereats.com/san-francisco/food-delivery/jamba-juice-2620-5th-streetsuite-c-1/2zBTYMnSR_qRGyisbTj8Eg,alameda-california
https://www.ubereats.com/san-francisco/food-delivery/subway-1700-webster-st/X0U4my45SFOc20S_Cf8m5w,alameda-california
https://www.ubereats.com/san-francisco/food-delivery/grocery-cafe/iJTDPWapSMGR-9HvzmM74Q,alameda-california
https://www.ubereats.com/san-francisco/food-delivery/pita-palace/CaQczQTRRh2nJQwGLiL_Vg,alameda-california
https://www.ubereats.com/san-francisco/food-delivery/dragon-rouge/6An9MWr5QA6v-LSnzSz5nQ,alameda-california
https://www.ubereats.com/san-francisco/food-delivery/skyline-pizza/0GuVRO0OTPi_rYatWS9EAA,alameda-california
https://www.ubereats.com/san-francisco/food-delivery/shake-shack-x-cream-co-meats/19aBf3nFQAmFX6R6zH3ElA,alameda-california
https://www.ubereats.com/san-francisco/food-delivery/mojoe-cafe-berkeley/CHSuitG_RN2ik13-7vvR7g,alameda-california
https://www.ubereats.com/san-francisco/food-delivery/guru-curry-house/MYU-FAU8QBaA6r-i2wD5ag,alameda-california
https://www.ubereats.com/san-francisco/food-delivery/the-star-on-park/z1AYVEjdS52LCD9K1FGbtg,alameda-california
https://www.ubereats.com/san-francisco/food-delivery/lama-beans-cafe/5MKcNTJUQLyRS5iRh6CeCw,alameda-california
https://www.ubereats.com/san-francisco/food-delivery/speisekammer/NI5EYog_SpeldQ0A1ioBlQ,alameda-california
https://www.ubereats.com/san-francisco/food-delivery/grammies-down-home-chicken-%26-seafood/JZDLRGr2SyS09ukUaTuUNQ,alameda-california
https://www.ubereats.com/san-francisco/food-delivery/shrimp-falafel-mix/UF8AZaWURbS5S19tbzR-Nw,alameda-california
https://www.ubereats.com/san-francisco/food-delivery/mcgees-alameda/uEGL9qE9S1OVxxXUt8I-eg,alameda-california
https://www.ubereats.com/san-francisco/food-delivery/montesacro-oakland/pR_bcstuRIixR93FT4mLNw,alameda-california
https://www.ubereats.com/san-francisco/food-delivery/1888-coffee-stations/eOfj5KOKRR2j_kJYGXVf6A,alameda-california
https://www.ubereats.com/san-francisco/food-delivery/panda-express-8333-oakport-street/GXgEpFYRTUeqY2QwvWf3Fw,alameda-california
https://www.ubereats.com/san-francisco/food-delivery/burma-bear/No8Ohl_pTsmQ3hWe2Nl47g,alameda-california
https://www.ubereats.com/san-francisco/food-delivery/la-vals-pizza/mF0kZE-LT3-QoCdOSG4kYg,alameda-california
https://www.ubereats.com/san-francisco/food-delivery/panama-bay-coffee-co/tdcrZHZVQ_KUQKIw_aNzsg,alameda-california
https://www.ubereats.com/san-francisco/food-delivery/sobo-ramen/pjWNGgqPQ7aEaM4JR9viXQ,alameda-california
https://www.ubereats.com/san-francisco/food-delivery/diamonds-sports-bar/XF0f5uJ6R2u4CVVdYCDJOQ,alameda-california
https://www.ubereats.com/san-francisco/food-delivery/gims-chinese-kitchen/F25dexErQKW512d_j_I1nw,alameda-california
https://www.ubereats.com/san-francisco/food-delivery/popeyes-7007-international-blvd/sZIUkGbxRS2aJYj-EK3uzA,alameda-california
https://www.ubereats.com/san-francisco/food-delivery/jims-on-the-course/1v_tcP0NSf69cPXsDJ_yXQ,alameda-california
https://www.ubereats.com/san-francisco/food-delivery/blue-bottle-coffee-2118-university-avenue/u2r_pghFTxaD-DhUufktoQ,alameda-california
https://www.ubereats.com/san-francisco/food-delivery/shooting-star-cafe/aP9BykDwRviPk6yt0efsYQ,alameda-california
https://www.ubereats.com/san-francisco/food-delivery/starbucks-broadway-%26-grand-oakland/Rje0p0U6RzS1xevt9NVyiQ,alameda-california
https://www.ubereats.com/san-francisco/food-delivery/hk-home-kitchen/vepMaf-UT_GvtYHmy08zEQ,alameda-california
https://www.ubereats.com/san-francisco/food-delivery/jack-in-the-box-1257-park-st/iLyajEjaRKqKzU-nWXsroA,alameda-california
https://www.ubereats.com/san-francisco/food-delivery/thank-u-mex/EjSTBVkaTdWMnznvGDClKg,alameda-california
https://www.ubereats.com/san-francisco/food-delivery/main-squeeze-oakland/C5MHKfjGTMyzc6irEgW0rg,alameda-california
https://www.ubereats.com/san-francisco/food-delivery/china-villa-restaurant/yjhq5v28QsWxuAONClj0PQ,alameda-california
https://www.ubereats.com/san-francisco/food-delivery/huangcheng-noodles/2Ka0_7q4Q6SHNQgo2FQFjA,alameda-california
https://www.ubereats.com/san-francisco/food-delivery/docs-refresher/_VQhKAxvTvm6EM68lVmrzg,alameda-california
https://www.ubereats.com/san-francisco/food-delivery/pasta-pelican/fTpD-EjGTbamma-poYpdyQ,alameda-california
https://www.ubereats.com/san-francisco/food-delivery/plearn-thai/MXd2dbc8TS-w8Af1ePoa_g,alameda-california
https://www.ubereats.com/san-francisco/food-delivery/dennys-1776-powell-street/mGFe2PG3TYSCvYw7OmYYow,alameda-california
https://www.ubereats.com/san-francisco/food-delivery/xyclo-restaurant/mg3EZySsSZ-h0wMi2uINNQ,alameda-california
https://www.ubereats.com/san-francisco/food-delivery/chipotle-mexican-grill-3271-lakeshore-ave/zIypd5XLSOq6pyOJFCLuSA,alameda-california
https://www.ubereats.com/san-francisco/food-delivery/sushi-go-go-oakland/UUwca2ZRQsqwZR1jSNpqqg,alameda-california
https://www.ubereats.com/san-francisco/food-delivery/lacajou-bakery/STuykOzhSWm1STpKRbClPQ,alameda-california
https://www.ubereats.com/san-francisco/food-delivery/papa-johns-pizza-oakland/eRgHv7dQR4u8430fimKVrw,alameda-california
https://www.ubereats.com/san-francisco/food-delivery/duenda/nuvpceHdRQ-3-gFt5tsQjQ,alameda-california
https://www.ubereats.com/san-francisco/food-delivery/dalicias-taqueria/oPVsX0wxTLSkT5DyxTXTUQ,alameda-california
https://www.ubereats.com/san-francisco/food-delivery/cafenated-coffee-co/2Ryv8q0FT1OU58u4dyS--A,alameda-california
https://www.ubereats.com/san-francisco/food-delivery/la-estrellita-cafe/pQBogMoAS9OQjWYnTY61Xw,alameda-california
https://www.ubereats.com/san-francisco/food-delivery/man-vs-fries-oakland/8FHii-K2QK6s1dtIAXvfEA,alameda-california
https://www.ubereats.com/san-francisco/food-delivery/petit-cafe/HsqlayinTQe-1bmgJX4DXg,alameda-california
https://www.ubereats.com/san-francisco/food-delivery/ny-deli/bPxRLsoyT_u-bL3q7kbR1Q,alameda-california
https://www.ubereats.com/san-francisco/food-delivery/ihop-1765/TrjiciuKQ8-clamaZUSSuQ,alameda-california
https://www.ubereats.com/san-francisco/food-delivery/krispy-krunchy-chicken-%40-johnathans-sandwich-house/xJIhOrF5SVi8KVURZ8Ln_g,alameda-california
https://www.ubereats.com/san-francisco/food-delivery/breads-of-india-inc/sSp8jmjkQyazjRcpUeyXtg,alameda-california
https://www.ubereats.com/san-francisco/food-delivery/slides-%2B-sides-eatery/mJn43NhKRlqz3vayAeobhw,alameda-california
https://www.ubereats.com/san-francisco/food-delivery/umami-burger-oakland/8Q7S_3zNQ9qvkCQarNo28g,alameda-california
https://www.ubereats.com/san-francisco/food-delivery/la-estrella-food-truck/1S1RJ9zXQC23uwBxwtXR3A,alameda-california
https://www.ubereats.com/san-francisco/food-delivery/top-up/j6MCrREjQpmsv6q9ly9r_g,alameda-california
https://www.ubereats.com/san-francisco/food-delivery/the-habit-burger-grill-2640-5th-st-suite-%2310/IjaQppaIT7WpkqA5eHt2_g,alameda-california
https://www.ubereats.com/san-francisco/food-delivery/ben-%26-jerrys-2130-center-street/eUaBW21gTKa53KTKUyBtiA,alameda-california
https://www.ubereats.com/san-francisco/food-delivery/cafe-dejena/pqHNFqIzSWSZq372Q0gluw,alameda-california
https://www.ubereats.com/san-francisco/food-delivery/uc-dessert/-Yew1g3zTt6qtwi3qrCKYQ,alameda-california
https://www.ubereats.com/san-francisco/food-delivery/new-york-pizza/Ofs28sQCR1OENvp7-CSbIw,alameda-california
https://www.ubereats.com/san-francisco/food-delivery/perch-coffee-house/StZrBKatRqyNKqDxncf-SQ,alameda-california
https://www.ubereats.com/san-francisco/food-delivery/yoshis-japanese-restaurant-inc/w_WWF5moROOki3m1rpp6HA,alameda-california
https://www.ubereats.com/san-francisco/food-delivery/ginza-japanese-restaurant/CypLHurKQbqN4jLaRv0dEQ,alameda-california
https://www.ubereats.com/san-francisco/food-delivery/top-up-exclusive/Z2_je8pTTrqnk9ITi7aroA,alameda-california
https://www.ubereats.com/san-francisco/food-delivery/doyle-street-cafe/Ynh6YY-KRNeRf8NDDGhNYw,alameda-california
https://www.ubereats.com/san-francisco/food-delivery/poke-salad/x9-7ECEVRuCrSL5oaACe7Q,alameda-california
https://www.ubereats.com/san-francisco/food-delivery/alice-street-bakery-cafe/Dyhq8ETTRFaBCeZRXzGZpw,alameda-california
https://www.ubereats.com/san-francisco/food-delivery/cana/Rw1C_OxKSLqe_8tpnGC0LA,alameda-california
https://www.ubereats.com/san-francisco/food-delivery/sweet-basil-thai-berkeley/tfyEx2reTfKHRo2YTMn0OQ,alameda-california
https://www.ubereats.com/san-francisco/food-delivery/chubby-pie-oakland/67I4ZNq4TMaWejMUTlNLOQ,alameda-california
https://www.ubereats.com/san-francisco/food-delivery/new-york-pizza-and-pasta-san-leandro/8wls2xz1RfSO8-Mh6qluoQ,alameda-california
https://www.ubereats.com/san-francisco/food-delivery/mcdonalds-telegraph-ave/nf_exyiKQEmtZ5X7RbsDOQ,alameda-california
https://www.ubereats.com/san-francisco/food-delivery/buttercup-oakland/4xL4BDVvSYmUXnfTnsdmTQ,alameda-california
https://www.ubereats.com/san-francisco/food-delivery/mcdonalds-hegenberger-rd/VK0fjpdeR5GjX6SZsqI7nA,alameda-california
https://www.ubereats.com/san-francisco/food-delivery/dennys-601-hegenberger/ihnDeTwuQMGHN44LvsvH9A,alameda-california
https://www.ubereats.com/san-francisco/food-delivery/the-ice-cream-shop/BwULroPrTAWOsR9fabo65g,alameda-california
https://www.ubereats.com/san-francisco/food-delivery/taco-bell-2255-telegraph-avenue/6jtOSFsFQx-TwP7MLmcCvA,alameda-california
https://www.ubereats.com/san-francisco/food-delivery/queens-cajun-seafood/-hojn7LKTiWWPEOs2_9sJw,alameda-california
https://www.ubereats.com/san-francisco/food-delivery/proposition-chicken-oakland/uaTkjdh5RB6vHY_b_juiCA,alameda-california
https://www.ubereats.com/san-francisco/food-delivery/binney-park/u_3l0NSNSCOG3NteavWFAg,alameda-california
https://www.ubereats.com/san-francisco/food-delivery/emils-burger-and-breakfast/wIIEDmucTP6Nk5n8hgXHDQ,alameda-california
https://www.ubereats.com/san-francisco/food-delivery/shewhat-cafe-%26-restaurant/xqe_fBT7TqKaIcxzNV3RHg,alameda-california
https://www.ubereats.com/san-francisco/food-delivery/tijuana-restaurant/m-hGlie4QxKN0cLedpOrgg,alameda-california
https://www.ubereats.com/san-francisco/food-delivery/the-ice-cream-shop/Ngev8J9gR1-xqWv2ajtZgA,alameda-california
https://www.ubereats.com/san-francisco/food-delivery/halalicious/EMT0yUiJQo6rJ2_iIyikdA,alameda-california
https://www.ubereats.com/san-francisco/food-delivery/sushi-valley-alameda/9Hsk7cm4TtabEYClV1urOw,alameda-california
https://www.ubereats.com/san-francisco/food-delivery/shades-of-sugar-bakeshop/ZdoTISR9R02AcSjz0hAq8Q,alameda-california
https://www.ubereats.com/san-francisco/food-delivery/red-pepper-pizza/1MM3Xo70R_6_pFt5qaPaMw,alameda-california
https://www.ubereats.com/san-francisco/food-delivery/nawah-market-%26-deli/wCH0i6qBShaTlztXhqyPaA,alameda-california
https://www.ubereats.com/san-francisco/food-delivery/u-dessert-story/soYpgThESIeaRSpgr7Lb6A,alameda-california
https://www.ubereats.com/san-francisco/food-delivery/fentons-creamery-%26-restaurant-piedmont/_zBdYK17ROGrv4z8leS6xw,alameda-california
https://www.ubereats.com/san-francisco/food-delivery/friend-fries/9VDi0fdLSPK7X9CSmfvyUA,alameda-california
https://www.ubereats.com/san-francisco/food-delivery/mashallah-halal-food-truck/yFBjNXXYQhGHnfkvW7VVVQ,alameda-california
https://www.ubereats.com/san-francisco/food-delivery/home-of-chicken-and-waffles/69N5WNgATQm0S2rWi8ugLQ,alameda-california
https://www.ubereats.com/san-francisco/food-delivery/project-juice-berkeley/i_nDkFeoQ0673Ut1YnvYHA,alameda-california
https://www.ubereats.com/san-francisco/food-delivery/the-horseshoe-lounge/HtK9spiDRdCHVxzWyYoisw,alameda-california
https://www.ubereats.com/san-francisco/food-delivery/causwells-berkeley/_VCJZ_tAQhiOZ9lIR7SEsw,alameda-california
https://www.ubereats.com/san-francisco/food-delivery/sunny-%26-fines-breakfast-burritos/LZhJqpuhRTWsesJ2od-gDw,alameda-california
https://www.ubereats.com/san-francisco/food-delivery/san-francisco-soup-company/-EiI-gOTRtOISu6U3JIgmg,alameda-california
https://www.ubereats.com/san-francisco/food-delivery/jasmine-blossom-thai-cuisine/m916NTcrRuObEcmnC1gLtA,alameda-california
https://www.ubereats.com/san-francisco/food-delivery/fusion-mediterranean/sx-9lEVFRpiLvgf0qdkAfw,alameda-california
https://www.ubereats.com/san-francisco/food-delivery/boston-market-3060-east-9th-street/cwWXMr2kQnWstt9fk9agVg,alameda-california
https://www.ubereats.com/san-francisco/food-delivery/hella-wings/kfWNsognRoy6aRB1nmvV2w,alameda-california
https://www.ubereats.com/san-francisco/food-delivery/namaskar-foods/n9tDhP29QG6b3BabuUQbHg,alameda-california
https://www.ubereats.com/san-francisco/food-delivery/475-cafe/aecX2LPmSmO4XpnP4gEF7Q,alameda-california
https://www.ubereats.com/san-francisco/food-delivery/cybelles-pizza-montclair/tVEL8FuMQl23fZWnLYWuIA,alameda-california
https://www.ubereats.com/san-francisco/food-delivery/sams-crispy-chicken-oakland/CCjeHRPlS6O0f5DKa2wkOQ,alameda-california
https://www.ubereats.com/san-francisco/food-delivery/cafe-romanat/3cdOCOHHSNatpMoK1hhDOw,alameda-california
https://www.ubereats.com/san-francisco/food-delivery/krispy-krunchy-chicken-richmond-3/DxgHEdK1T2WKQKVBZi2wzA,alameda-california
https://www.ubereats.com/san-francisco/food-delivery/papa-cho/4TbOn7SvSMCAsV1axXYm3Q,alameda-california
https://www.ubereats.com/san-francisco/food-delivery/momo-noodle/62qpao9HRDyHISi7G1sV9Q,alameda-california
https://www.ubereats.com/san-francisco/food-delivery/annapurna-restaurant-%26-bar/Dh09IMMJQE-AbEqZ6j9IRg,alameda-california
https://www.ubereats.com/san-francisco/food-delivery/ladle-%26-leaf/U648_up6TgaumdJzVovdVQ,alameda-california
https://www.ubereats.com/san-francisco/food-delivery/canasta/mpAxadYvQ5ef56KzoQQbeA,alameda-california
https://www.ubereats.com/san-francisco/food-delivery/d-monaghans-on-the-hill/DSG4Bv9ASZe3V1fVaEjS5w,alameda-california
https://www.ubereats.com/san-francisco/food-delivery/qs-halal-chicken/ovnZVat6TQSkEdVZWg2f3g,alameda-california
https://www.ubereats.com/san-francisco/food-delivery/almare-gelato-italiano/lBn4AIK7RLaju7zgg_BOkw,alameda-california
https://www.ubereats.com/san-francisco/food-delivery/the-pearl-house/HfsEFbDTStCTr-EmXf_wkw,alameda-california
https://www.ubereats.com/san-francisco/food-delivery/dosirak-shop/j436TtljT2Sq4Ip1DfmURQ,alameda-california
https://www.ubereats.com/san-francisco/food-delivery/enedina-taqueria/Y0M1yDWKSea7k37i_86BSQ,alameda-california
https://www.ubereats.com/san-francisco/food-delivery/yaya-poki/KNnDbtGGTTmBPr4a-CqShA,alameda-california
https://www.ubereats.com/san-francisco/food-delivery/cheese-steak-shop-oakland/TivnBed1QUG7IMh_VFI8QA,alameda-california
https://www.ubereats.com/san-francisco/food-delivery/creasian-taste-of-the-himalayas/ymHtZ2q3S2u2e61VsgE8eA,alameda-california
https://www.ubereats.com/san-francisco/food-delivery/hong-kong-city-restaurant/DWLDKmW_SAyfZqeTGPERvQ,alameda-california
https://www.ubereats.com/san-francisco/food-delivery/pintoh-thai-street-food/jx7RYQ-xSWuaJB2ZvRgvaA,alameda-california
https://www.ubereats.com/san-francisco/food-delivery/rockin-crawfish-oakland/sU_qQRWcTNS-oTsr7n0kfA,alameda-california
https://www.ubereats.com/san-francisco/food-delivery/subway-871c-island-dr/ntBQgSKQSGSWbvKe6gfV4g,alameda-california
https://www.ubereats.com/san-francisco/food-delivery/antigua-coffee-shop/vHUdvvYXQgWFaU5PEX07DQ,alameda-california
https://www.ubereats.com/san-francisco/food-delivery/chipotle-mexican-grill-3017-broadway/7ZpHjH29RF2tbBGz6-wfBA,alameda-california
https://www.ubereats.com/san-francisco/food-delivery/aria-super-market-and-bakery/DWeVw71bSYOG6fK1AKe70w,alameda-california
https://www.ubereats.com/san-francisco/food-delivery/pizza-my-heart-emeryville/Tcb3JYI9R8Og58cTrt34JA,alameda-california
https://www.ubereats.com/san-francisco/food-delivery/plant-kitchen-power-bowls-oakland/VTPQKEJgR-K326n9oGKZ-w,alameda-california
https://www.ubereats.com/san-francisco/food-delivery/yojimbo-sushi/eOSweJrUSM2EVCFCCe6JrA,alameda-california
https://www.ubereats.com/san-francisco/food-delivery/la-penca-azul-island-drive/rVGubhBHTRKNoGfxq1iIVQ,alameda-california
https://www.ubereats.com/san-francisco/food-delivery/quickly/eFMxMkY9S8SS6-NFDoD6Xw,alameda-california
https://www.ubereats.com/san-francisco/food-delivery/otaez-mexican-restaurant/F6R-uHhgTy2F8bf3BaNfuw,alameda-california
https://www.ubereats.com/san-francisco/food-delivery/la-note-restaurant/7NAKf1M7Ssm0pKfNWdHj4A,alameda-california
https://www.ubereats.com/san-francisco/food-delivery/mun-cheese-pizza-and-grill/c7UVcsxSTCyZgOjqmlFqew,alameda-california
https://www.ubereats.com/san-francisco/food-delivery/firehouse-subs-alameda/h5c8umDgT5SrdjpkNEuThQ,alameda-california
https://www.ubereats.com/san-francisco/food-delivery/jims-coffee-shop/TqQadSdqSuKVFnC5VO0U0g,alameda-california
https://www.ubereats.com/san-francisco/food-delivery/helping-foods/mGNvoBZyRpufR_I6nRKDbQ,alameda-california
https://www.ubereats.com/san-francisco/food-delivery/poki-lab/0kte8iPqSfS1s_DewgqLiw,alameda-california
https://www.ubereats.com/san-francisco/food-delivery/lorenzos-of-new-york-pizza-oakland/KSLWpvZYTja-e5LlOuzq4A,alameda-california
https://www.ubereats.com/san-francisco/food-delivery/los-moles/KQ5Qmi56TC-sfgSzrTdtpg,alameda-california
https://www.ubereats.com/san-francisco/food-delivery/enssaro/2wFo7bp_Q5uKswHeG9y6ng,alameda-california
https://www.ubereats.com/san-francisco/food-delivery/bay-fung-tong/KsXRtmT2TfCddNDLrTaT7A,alameda-california
https://www.ubereats.com/san-francisco/food-delivery/drakes-dealership/cJuhFz2RQtOr-quDcAN1Jg,alameda-california
https://www.ubereats.com/san-francisco/food-delivery/twins-halal-house-and-bakery/DKY3t_XUTSOnpDNy-DGv6g,alameda-california
https://www.ubereats.com/san-francisco/food-delivery/sakura-bistro-tapas-and-sake-bar/9XUivN6DT0K8avWeDoQK5Q,alameda-california
https://www.ubereats.com/san-francisco/food-delivery/quickly/fsaT60ryRyKd8huM0uMnuw,alameda-california
https://www.ubereats.com/san-francisco/food-delivery/taqueria-sinaloa/eSUa3z1ET8ug7-hPO8X-kQ,alameda-california
https://www.ubereats.com/san-francisco/food-delivery/applebees-2263-south-shore-center-%2377079/NkM-M-rESAqAGLYqv7k1bw,alameda-california
https://www.ubereats.com/san-francisco/food-delivery/jonathans-sandwich-house/k_akg8eYSyKWjePP3I4AQA,alameda-california
https://www.ubereats.com/san-francisco/food-delivery/jules-thin-crust/oC7xwAtmQP6nYR71HtPgxQ,alameda-california
https://www.ubereats.com/san-francisco/food-delivery/the-fruit-tree/kHvhwn0RScuyqXA5ctuaLQ,alameda-california
https://www.ubereats.com/san-francisco/food-delivery/pretty-lady/dAygdPUVRa6IsW6SciYedQ,alameda-california
https://www.ubereats.com/san-francisco/food-delivery/gregorys-gourmet-desserts/OtLNoyUsSyWi5XVZgokggQ,alameda-california
https://www.ubereats.com/san-francisco/food-delivery/a16-rockridge/VVYdJNtySMidS_RTOTocmg,alameda-california
https://www.ubereats.com/san-francisco/food-delivery/ying-kee/g4yMCR5nTYexFwUsldMn7Q,alameda-california
https://www.ubereats.com/san-francisco/food-delivery/subway-290-e-18th-st/TfpZnvf0QsK2VejVpyexcQ,alameda-california
https://www.ubereats.com/san-francisco/food-delivery/delegates/EDoKLVAURXG8zIQzlzj2QQ,alameda-california
https://www.ubereats.com/san-francisco/food-delivery/wendys-3111-e-14th-street/lGEuOXX6Qt2-E-R8MoGA_Q,alameda-california
https://www.ubereats.com/san-francisco/food-delivery/bamboo-asia/3zPtjlgZRcubtNzdLE1XUw,alameda-california
https://www.ubereats.com/san-francisco/food-delivery/hawking-bird/UthXEUsrRUa-mLbE8wnbLA,alameda-california
https://www.ubereats.com/san-francisco/food-delivery/delhi-diner-berkeley/bhntMbDYSJCaN2cGnmxxlQ,alameda-california
https://www.ubereats.com/san-francisco/food-delivery/horatios-60-monarch-bay-drive/gOWrgHErTgO5N237dT-YlQ,alameda-california
https://www.ubereats.com/san-francisco/food-delivery/himalayan-spice/N0btt1rSTUmjcPvlrdPK6Q,alameda-california
https://www.ubereats.com/san-francisco/food-delivery/boston-market-5132-broadway/iRFlSkEtTIKuEdhT2NEObA,alameda-california
https://www.ubereats.com/san-francisco/food-delivery/pizza-guys-oakland/Owz4mgJpTECEIwlRTOHNwQ,alameda-california
https://www.ubereats.com/san-francisco/food-delivery/cauliflower-pizza-kitchen/YOPB4GwIToCDtUl_CP2Qeg,alameda-california
https://www.ubereats.com/san-francisco/food-delivery/cool!naria/_HcgUMGuR0SPMue3t1T-Gw,alameda-california
https://www.ubereats.com/san-francisco/food-delivery/touch-of-soul/E1gREMImT3eMEuogrGqt-g,alameda-california
https://www.ubereats.com/san-francisco/food-delivery/el-agavero-restaurant/lexlylE6QHS7KCorKZ49rA,alameda-california
https://www.ubereats.com/san-francisco/food-delivery/west-end-crepe/d0Z05JxUQdGwrnUm2R9hNA,alameda-california
https://www.ubereats.com/san-francisco/food-delivery/city-center-pizzeria/HxEpIy-EQYqI7QgZ9TDi6w,alameda-california
https://www.ubereats.com/san-francisco/food-delivery/buiphong-bakery/6EYODZqLSk6p7Dfz5MVDmQ,alameda-california
https://www.ubereats.com/san-francisco/food-delivery/mei-mei-restaurant/osa3c7TcTRuOATgI-G6UWw,alameda-california
https://www.ubereats.com/san-francisco/food-delivery/big-brothers-chinese-restaurant/IUzu9cU4S7CJiPn4eKPqKg,alameda-california
https://www.ubereats.com/san-francisco/food-delivery/mamas-vietnamese-restaurant/mtfCYbTlRqOkVQ6OQzE-vA,alameda-california
https://www.ubereats.com/san-francisco/food-delivery/vulcan-thai-cafe/a1MvLeypRTer2bLpEs1fNw,alameda-california
https://www.ubereats.com/san-francisco/food-delivery/namaste-madras-indian-cuisine/IFI2yXVhQkqyKeOBnpR-Jg,alameda-california
https://www.ubereats.com/san-francisco/food-delivery/wendys-5211-broadway/16E14EGDQa-Xt1M_8ISttw,alameda-california
https://www.ubereats.com/san-francisco/food-delivery/between-the-bun/CqxW-LcqQhSyVIXiXKPOTA,alameda-california
https://www.ubereats.com/san-francisco/food-delivery/carls-jr-3770-telegraph-ave/65IF872dQS-UEJE7_tRsGA,alameda-california
https://www.ubereats.com/san-francisco/food-delivery/lolas-chicken-shack/kPb8KBWHT0SJ0_u8qVrxgg,alameda-california
https://www.ubereats.com/san-francisco/food-delivery/zing-cafe/ZCCIQoRERX6V-e9o_HQkwA,alameda-california
https://www.ubereats.com/san-francisco/food-delivery/neptunes-alameda/RgKAoBnLR-yARVfnwHxDRg,alameda-california
https://www.ubereats.com/san-francisco/food-delivery/himalayan-flavors-restaurant/uz-FI6kaT0egPsBF2oVCug,alameda-california
https://www.ubereats.com/san-francisco/food-delivery/krispy-krunchy-chicken/rOLUe-t1TQOTyYervT7SFw,alameda-california
https://www.ubereats.com/san-francisco/food-delivery/curry-up-now-oakland/vRVZnU7ORN6YXSTF_Nx8NQ,alameda-california
https://www.ubereats.com/san-francisco/food-delivery/galeto-brazilian-steakhouse/zTzGHDkkSkmgfRPJLvHzUw,alameda-california
https://www.ubereats.com/san-francisco/food-delivery/tacos-el-gordo-oakland/bmkAErTxS6eGN1fx49tTQQ,alameda-california
https://www.ubereats.com/san-francisco/food-delivery/fonzis-chicken-and-waffles/Yk4xjIP_S2uR0DHfPXQZVw,alameda-california
https://www.ubereats.com/san-francisco/food-delivery/monkey-thai/_GVpNOhfR5SQapVtVBH0qg,alameda-california
https://www.ubereats.com/san-francisco/food-delivery/the-ice-cream-shop/jSh9l6-iQUyhXSJ8kdzuMw,alameda-california
https://www.ubereats.com/san-francisco/food-delivery/sugarsweet-cookie-%2B-cake-studio/rsgSkeJwR8exe9eyD8AzHw,alameda-california
https://www.ubereats.com/san-francisco/food-delivery/organic-greens-oakland/5EiDoPFaRaqqHDKsa9guxQ,alameda-california
https://www.ubereats.com/san-francisco/food-delivery/smitten-ice-cream-rockridge/CU6q9wN0Qb2kX9Zkyuf_lg,alameda-california
https://www.ubereats.com/san-francisco/food-delivery/krispy-krunchy-chicken-9755-edes-ave/lper2zpmSKOlw9gCQ5XulQ,alameda-california
https://www.ubereats.com/san-francisco/food-delivery/easy-creole/UXTlpAG1QfuTvo_IwqIYlA,alameda-california
https://www.ubereats.com/san-francisco/food-delivery/vegan-mob/ilO2qPkbSPiS1sNV7Jxw_g,alameda-california
https://www.ubereats.com/san-francisco/food-delivery/yokee-milk-tea/-5cdyX3sTr28vl-aJfZGyA,alameda-california
https://www.ubereats.com/san-francisco/food-delivery/panama-bay-coffee-co/9dzk1cIkTGqnxElXnAgFww,alameda-california
https://www.ubereats.com/san-francisco/food-delivery/friend-fries/o0xSYpuPQaaO9NLtHU2hqw,alameda-california
https://www.ubereats.com/san-francisco/food-delivery/brooklyn-station-house/XeKeJCVRT1i6xlvuFWfKWw,alameda-california
https://www.ubereats.com/san-francisco/food-delivery/the-burrito-truck/ZJu303Y7SgqddjseKT1ddg,alameda-california
https://www.ubereats.com/san-francisco/food-delivery/koryo-sushi/fXhdb3e4SxevWOqUYsUwLg,alameda-california
https://www.ubereats.com/san-francisco/food-delivery/mariscos-estilo-sinaloa/yGDuMKESSqqEWtGW_Me14A,alameda-california
https://www.ubereats.com/san-francisco/food-delivery/monkey-thai-restaurant-and-bar/uSPGnSC9QomL4AjDXvLBxw,alameda-california
https://www.ubereats.com/san-francisco/food-delivery/east-bay-spice-co/EC00B4SOToG_55rOnaESTw,alameda-california
https://www.ubereats.com/san-francisco/food-delivery/otaez-mexican-restaurant/PdxiMtJqSjyyvk5u2C2uIQ,alameda-california
https://www.ubereats.com/san-francisco/food-delivery/kaze-ramen/f42rfWx6R5adRa7rc83D2Q,alameda-california
https://www.ubereats.com/san-francisco/food-delivery/maya-halal-taqueria/UTyt45GYRC6yPWLUhHQVRQ,alameda-california
https://www.ubereats.com/san-francisco/food-delivery/dream-fluff-donuts/3vCDzD2HRLCwwGBn3bK8Hw,alameda-california
https://www.ubereats.com/san-francisco/food-delivery/devaughns-cajun-kitchen/BbPbMDc1SJimIwePwmjiRg,alameda-california
https://www.ubereats.com/san-francisco/food-delivery/panda-express-500-12th-street-b132/kqJVpI4PSt-bRffYkmDRYQ,alameda-california
https://www.ubereats.com/san-francisco/food-delivery/happy-moose-juice/jpuai2CrRr-xS9gSKklSeg,alameda-california
https://www.ubereats.com/san-francisco/food-delivery/kfc-3734-macarthur-boulevard/hWjB9vi2RC-M4Bwa9mZOsQ,alameda-california
https://www.ubereats.com/san-francisco/food-delivery/the-halal-guys-2214-broadway/cmDGubBHTmW6TBJZXKPQrA,alameda-california
https://www.ubereats.com/san-francisco/food-delivery/project-burger/tGyBKigwRRGxsqjBnyIR0g,alameda-california
https://www.ubereats.com/san-francisco/food-delivery/krispy-rice-oakland/bBfIsKAkTPmg3Kp36YD3Ow,alameda-california
https://www.ubereats.com/san-francisco/food-delivery/graffiti-pizza/D7ksbsgIQSKrlcpRuVyz5g,alameda-california
https://www.ubereats.com/san-francisco/food-delivery/nothing-bundt-cakes/iq4tJCHeSyennjlM1uM4gw,alameda-california
https://www.ubereats.com/san-francisco/food-delivery/holy-land-restaurant/dfde2L_aRZ6cn8jKMk5UiA,alameda-california
https://www.ubereats.com/san-francisco/food-delivery/humphry-slocombe-oakland/4ZUKqcIUSZGJ9cQJ_sadcQ,alameda-california
https://www.ubereats.com/san-francisco/food-delivery/sumiko-cafe/gPSI4j3cTk-l5iRWwvg2EQ,alameda-california
https://www.ubereats.com/san-francisco/food-delivery/united-paleteria-y-neveria/iJ9huukLTxKkJR3CmiqeDw,alameda-california
https://www.ubereats.com/san-francisco/food-delivery/artichoke-basilles-pizza-oakland/ZOZsf1btTbe9xqWPr3CFeQ,alameda-california
https://www.ubereats.com/san-francisco/food-delivery/vietnam-grille/I2CtzQGLSfO3Zvz0Xe6UCA,alameda-california
https://www.ubereats.com/san-francisco/food-delivery/chevys-1890-powell-street/4bviE2V7STy560U3X9ltRg,alameda-california
https://www.ubereats.com/san-francisco/food-delivery/homeskillet-park-st/zw9KuiZ5RMSB1l7kE-8sbQ,alameda-california
https://www.ubereats.com/san-francisco/food-delivery/hashtag-poki/f8NGKQzeRhixZw325foNqw,alameda-california
https://www.ubereats.com/san-francisco/food-delivery/starbucks-fruitvale-%26-i-880/bOa3kvHFRra0A740iZa_BA,alameda-california
https://www.ubereats.com/san-francisco/food-delivery/sticky-rice-cafe/6bhWfR4ZTJeahMlfKEZTEA,alameda-california
https://www.ubereats.com/san-francisco/food-delivery/charlies-las-palmas/Ydv2hwhXSlSu7fuml7Z0FA,alameda-california
https://www.ubereats.com/san-francisco/food-delivery/beverly-hills-platters/QbXfMxsfQcO7LTR9m1ZLvA,alameda-california
https://www.ubereats.com/san-francisco/food-delivery/sideshow-kitchen/ATYWRlbuSfezw7SqBj1Mwg,alameda-california
https://www.ubereats.com/san-francisco/food-delivery/sabinos-coffee-shop/VgT8vSX6TKCtibHFLrtIIw,alameda-california
https://www.ubereats.com/san-francisco/food-delivery/subway-1211-embarcaderoste-b/LSlsxdgeQ3WR7KIUOTxJ4w,alameda-california
https://www.ubereats.com/san-francisco/food-delivery/ahmad-kahala/pdYjHb3hT2e0gwayMIxhdQ,alameda-california
https://www.ubereats.com/san-francisco/food-delivery/mountain-mikes-pizza-1448-high-st/3wS4XJeyRdOAcTMuYVCfTw,alameda-california
https://www.ubereats.com/san-francisco/food-delivery/poke-life/3fRz28PzQQmQDl__mUImtQ,alameda-california
https://www.ubereats.com/san-francisco/food-delivery/the-ice-cream-shop/ZE23M0xqTUOhmFPjivNKqw,alameda-california
https://www.ubereats.com/san-francisco/food-delivery/tastee-steam-kitchen/jx30cSiJRsmrDyOULo6BIg,alameda-california
https://www.ubereats.com/san-francisco/food-delivery/croqueta-burger/9HfRStN1Teih8ScKQS734Q,alameda-california
https://www.ubereats.com/san-francisco/food-delivery/dosa-by-dosa-emeryville/WXieoDUERmSQJ9FHIHU9Hg,alameda-california
https://www.ubereats.com/san-francisco/food-delivery/hongkong-kitchen/9onLyiMdT3yvjgg2QslUVg,alameda-california
https://www.ubereats.com/san-francisco/food-delivery/new-bamboo-kitchen/GWDIyu7FSvOk1D6WigMtRA,alameda-california
https://www.ubereats.com/san-francisco/food-delivery/vanessas-bistro/6sc2FsX6Q3-tsQxIS5sNsA,alameda-california
https://www.ubereats.com/san-francisco/food-delivery/subway-1407-park-st/kIyQix9TQ5Caycnidio-HA,alameda-california
https://www.ubereats.com/san-francisco/food-delivery/bangkok-garden/77AqXeMjT0Ctb0Atu6u2pw,alameda-california
https://www.ubereats.com/san-francisco/food-delivery/everett-%26-jones-bbq/nUT0tWRDScOmN3qXmhHamQ,alameda-california
https://www.ubereats.com/san-francisco/food-delivery/roam-artisan-burgers-uptown/QkmqPQ9BSiW6qETl2Mu3vA,alameda-california
https://www.ubereats.com/san-francisco/food-delivery/peters-kettle-corn/KZ6Mt-vqRZml57BnDfpmaw,alameda-california
https://www.ubereats.com/san-francisco/food-delivery/tie-food-%7C-quality-food-delivered/qjFifSwSTEuCxX806Kt05w,alameda-california
https://www.ubereats.com/san-francisco/food-delivery/aisle-5-oakland/X4y5o4v6S0mXcTW1yXf8jQ,alameda-california
https://www.ubereats.com/san-francisco/food-delivery/lenas-soul-food-cafe/F9h91_7uSE6opXspVcXCIw,alameda-california
https://www.ubereats.com/san-francisco/food-delivery/la-salsa-oakland/MQBiwa96Qj-5hn5F-rSyDg,alameda-california
https://www.ubereats.com/san-francisco/food-delivery/blackberry-bistro/mGoEGVuuR8SPX15eMv6VOg,alameda-california
https://www.ubereats.com/san-francisco/food-delivery/vons-chicken-alameda/PAECIhkHTje53E8w5_wQSg,alameda-california
https://www.ubereats.com/san-francisco/food-delivery/mountain-mikes-pizza-1610-san-pablo-ave/k0OFCZxfSSiMQ4sDqMhYwg,alameda-california
https://www.ubereats.com/san-francisco/food-delivery/molcajete-restaurant/LwFhTNMjRmmyVqPL3TCKQQ,alameda-california
https://www.ubereats.com/san-francisco/food-delivery/himalayan-cuisine/pakosprMQleWxbypWom5CA,alameda-california
https://www.ubereats.com/san-francisco/food-delivery/cafe-of-the-bay/b0MFIcNTSD6NV1wKXAeUEA,alameda-california
https://www.ubereats.com/san-francisco/food-delivery/mcdonalds-9725-14th-st/OH9qTHSGSISBImn_xYxcHw,alameda-california
https://www.ubereats.com/san-francisco/food-delivery/al-maida-hot-food/a7OPezGHT-CznNl-uvjePg,alameda-california
https://www.ubereats.com/san-francisco/food-delivery/the-station-berkeley/PIwXuGuiRmeWeGtE9cNayA,alameda-california
https://www.ubereats.com/san-francisco/food-delivery/sierra-deli/ptFM7tBgSqeh6DqtqjtTYA,alameda-california
https://www.ubereats.com/san-francisco/food-delivery/mcdonalds-6623-san-pablo-ave/MOLzwTElTXG6mS8-MZDhCA,alameda-california
https://www.ubereats.com/san-francisco/food-delivery/dona/OlwgCOOhTZGdNy2cP4pv1A,alameda-california
https://www.ubereats.com/san-francisco/food-delivery/starbucks-alameda-towne-center/wE5veMX-SyG_vXPcXxcGfA,alameda-california
https://www.ubereats.com/san-francisco/food-delivery/miss-saigon-oakland/bdQREgIFTLCcbtb571oW3Q,alameda-california
https://www.ubereats.com/san-francisco/food-delivery/ohgane-alameda/iBh0LfjOQ4GxSF6L7a-LkQ,alameda-california
https://www.ubereats.com/san-francisco/food-delivery/the-kon-tiki/X71gUrGzQ9CPapfK1cQmaQ,alameda-california
https://www.ubereats.com/san-francisco/food-delivery/pinches-tacos/SaX1OGBORBS2VWNbccVsdQ,alameda-california
https://www.ubereats.com/san-francisco/food-delivery/main-squeeze/lAe8SkTyRzKnwmH9NOgbZA,alameda-california
https://www.ubereats.com/san-francisco/food-delivery/yellowtail-japanese-bistro/fhtUyRIXRGapo0nfxAZxLQ,alameda-california
https://www.ubereats.com/san-francisco/food-delivery/la-perla-del-pacifico/_wzHzEfAQuyjdYETLzXdBg,alameda-california
https://www.ubereats.com/san-francisco/food-delivery/fromans-chicago-deep-dish-pizza/C80uR5T1RS6ENKS0ybZQwg,alameda-california
https://www.ubereats.com/san-francisco/food-delivery/subway-8450-c-edgewater-dr/VLX-hjATRiOKam0-4DV56w,alameda-california
https://www.ubereats.com/san-francisco/food-delivery/truffle-and-cheese/mS7BJVhpSHqXLpPkysCV2Q,alameda-california
https://www.ubereats.com/san-francisco/food-delivery/panera-2249-south-shore-center-dr/96neO6GrRxmtiszs_pzRNQ,alameda-california
https://www.ubereats.com/san-francisco/food-delivery/cauli-crust-pizza-co/mWcwTqZ8Qc-pnHumlQ7V2g,alameda-california
https://www.ubereats.com/san-francisco/food-delivery/mojoe-cafe-oakland/6118WOg7S2G7WhqCLZKQNw,alameda-california
https://www.ubereats.com/san-francisco/food-delivery/burger-king-2200-otis-drive/dgjyiKgDQ7u0msQkeFrw3Q,alameda-california
https://www.ubereats.com/san-francisco/food-delivery/soul-provisions/pl_0KDu-RsK8zvjm6I-0iA,alameda-california
https://www.ubereats.com/san-francisco/food-delivery/toomies-thai-by-mee-choke/_34UC6h_RTCnYsl5WkqdMA,alameda-california
https://www.ubereats.com/san-francisco/food-delivery/4-caminos-restaurant/nJaF-VqvTzSKDBLSnxLnXw,alameda-california
https://www.ubereats.com/san-francisco/food-delivery/gazzalis-food-court/lcI239A-Qbi6hQRZQzEWWg,alameda-california
https://www.ubereats.com/san-francisco/food-delivery/papa-johns-pizza-east-12th-street/-D5K2z2iTU27pFZ_VpkVPQ,alameda-california
https://www.ubereats.com/san-francisco/food-delivery/starbucks-webster-%26-atlantic-alameda/yE7Y3cpoRBmYlS1vzEoyjQ,alameda-california
https://www.ubereats.com/san-francisco/food-delivery/churchs-chicken-4155-telegraph-avenue/lENYUP7sSO2_SJ9tbhY0OA,alameda-california
https://www.ubereats.com/san-francisco/food-delivery/la-vals-pizza/RTMHzjm4QzaTaOqcVNY_tQ,alameda-california
https://www.ubereats.com/san-francisco/food-delivery/cassave-restaurant-and-taqueria/gC_mb9_QStOlXcIaCyQoUw,alameda-california
https://www.ubereats.com/san-francisco/food-delivery/rosamunde-sausage-grill-washington-st/5JkmMjHNTCOHnhynrc_53A,alameda-california
https://www.ubereats.com/san-francisco/food-delivery/full-house-cafe/ujL2SK6pS5a3-4Le_oE57A,alameda-california
https://www.ubereats.com/san-francisco/food-delivery/barneys-gourmet-hamburgers-piedmont/PVqDdPtaRmqEr10Hu6adUQ,alameda-california
https://www.ubereats.com/san-francisco/food-delivery/la-penca-azul-1440-park-st-alameda-california-94501/huQEXpCqQ1GF2fFKsoNoIQ,alameda-california
https://www.ubereats.com/san-francisco/food-delivery/mountain-mikes-pizza-714-central-ave/adyeK_C7SQa6hLKQ653Gwg,alameda-california
https://www.ubereats.com/san-francisco/food-delivery/telegraph/AoOjtsInTYGGeLsxuYcGtw,alameda-california
https://www.ubereats.com/san-francisco/food-delivery/clove-and-hoof/pBf1kfD3RYS7WMUvav2rAg,alameda-california
https://www.ubereats.com/san-francisco/food-delivery/pacific-lighthouse-restaurant/2B2c1pmlSIWjHQMNwInGlw,alameda-california
https://www.ubereats.com/san-francisco/food-delivery/agave-uptown/oq6RbJbFQ5OpyiVN7RhvmA,alameda-california
https://www.ubereats.com/san-francisco/food-delivery/aangan-indo-nepalese-cuisine/0xi36VDGSl-zo5VPVFY-7Q,alameda-california
https://www.ubereats.com/san-francisco/food-delivery/skates-seawall-100-seawall-drive/3sD1OOECRPWDkb0EW8Z7Lw,alameda-california
https://www.ubereats.com/san-francisco/food-delivery/nudoru/fz3tOxuDRLGvhQFGCsBw3Q,alameda-california
https://www.ubereats.com/san-francisco/food-delivery/a%2B-burger/a5tzjktlQquBjOwzP86nPQ,alameda-california
https://www.ubereats.com/san-francisco/food-delivery/the-cheese-steak-shop-alameda/HjOkkF5_RbeVfoRXtwslOg,alameda-california
https://www.ubereats.com/san-francisco/food-delivery/mistura-rotisserie/NzK587NqTEC2S9V9MK0xwQ,alameda-california
https://www.ubereats.com/san-francisco/food-delivery/red-boy-pizza/NsZCvUXpQuWPMvgMgQMMgg,alameda-california
https://www.ubereats.com/san-francisco/food-delivery/uncle-wong-chinese-restaurant/50wNd29YQC6HIaHHjdE2mg,alameda-california
https://www.ubereats.com/san-francisco/food-delivery/spice-i-am/YRoPFAOjSPWDC4Z5ePOG5g,alameda-california
https://www.ubereats.com/san-francisco/food-delivery/crogans/TR7gAqtSS7Kcta58Q2O03w,alameda-california
https://www.ubereats.com/san-francisco/food-delivery/mlk-cafe/elCN9mkrRCqDiVe8ATVpTA,alameda-california
https://www.ubereats.com/san-francisco/food-delivery/san-francisco-restaurant/b28sFW0ZRC26rn1me2TOHA,alameda-california
https://www.ubereats.com/san-francisco/food-delivery/la-mexican-burrita/OBauNxcjSnmzRaFx0Xb4kw,alameda-california
https://www.ubereats.com/san-francisco/food-delivery/the-station/UikFb6VuSpSoN06aExyYwA,alameda-california
https://www.ubereats.com/san-francisco/food-delivery/co-nam-oakland/ZG-4g87RRqeUnArlD1jSvQ,alameda-california
https://www.ubereats.com/san-francisco/food-delivery/bombzies-bbq/mNpkV3NxS-ayKIUAAFgRCQ,alameda-california
https://www.ubereats.com/san-francisco/food-delivery/los-cantaros-restaurant/LLvoRKEOQcmrNPUihZRChQ,alameda-california
https://www.ubereats.com/san-francisco/food-delivery/ez-taqueria/gxMtrJM7RiW7Ge3AoUa59A,alameda-california
https://www.ubereats.com/san-francisco/food-delivery/bualuang-thai-cuisine/K54fe40CTTe0l7BF8p2-CA,alameda-california
https://www.ubereats.com/san-francisco/food-delivery/salam-halal-market/C7upnn1tTGyJgmgzVJWSpA,alameda-california
https://www.ubereats.com/san-francisco/food-delivery/wezy/k36PkGsnSsK5lDgRHobshg,alameda-california
https://www.ubereats.com/san-francisco/food-delivery/subway-1300-clay-st-%23160/HtAQcnCmS7aaEhsym8_OtA,alameda-california
https://www.ubereats.com/san-francisco/food-delivery/dragon-rouge-bistro-alameda/oy6rj-I-R-2zdpKtQSDVvQ,alameda-california
https://www.ubereats.com/san-francisco/food-delivery/delicious-curry-house/cPYFC90lQ4-QHSFuIQoNbQ,alameda-california
https://www.ubereats.com/san-francisco/food-delivery/ole-ole-burrito-express-macarthur/B2d8LR3URa-qsH5vU49eqQ,alameda-california
https://www.ubereats.com/san-francisco/food-delivery/champa-garden/H8WzSJiXQJePyzv1RQQJaw,alameda-california
https://www.ubereats.com/san-francisco/food-delivery/mac-khai/o3iz0ir4Rc-cbXM7mbuaUw,alameda-california
https://www.ubereats.com/san-francisco/food-delivery/the-bureau-510/ThtjfQD5SE2D16JNYQuiIA,alameda-california
https://www.ubereats.com/san-francisco/food-delivery/blessed-garden/6gHapqyZSgGceMzYA8aisw,alameda-california
https://www.ubereats.com/san-francisco/food-delivery/basil-pizzeria/OuvmV955SKSEFZS8FeNmdw,alameda-california
https://www.ubereats.com/san-francisco/food-delivery/happy-burrito/rrpqaYJUTEGDOebit8V-2A,alameda-california
https://www.ubereats.com/san-francisco/food-delivery/el-caballo-wraps/nSqqUNk4QhqbZYE-NCLxLg,alameda-california
https://www.ubereats.com/san-francisco/food-delivery/dunkin-451-hegenberger-rd/8cY5TejhQXGqlkWOK54T8w,alameda-california
https://www.ubereats.com/san-francisco/food-delivery/the-everest-momo-oakland/BovnwfB2RTW7ZwjCb3Srgw,alameda-california
https://www.ubereats.com/san-francisco/food-delivery/lois-the-pie-queen/-AuSKJtLQs-xex2LehpAyA,alameda-california
https://www.ubereats.com/san-francisco/food-delivery/kitchen-story-oakland/pOgct-JySwSijHr8NPthow,alameda-california
https://www.ubereats.com/san-francisco/food-delivery/happy-burrito-%232/0r9qXrLaRKirPciReAg6lw,alameda-california
https://www.ubereats.com/san-francisco/food-delivery/los-cantaros-taqueria-san-leandro-ca/vk0KMjkRSiqxcOeEJabPpA,alameda-california
https://www.ubereats.com/san-francisco/food-delivery/happy-hour-pizza/7303Ei9NTbCndQ0T0IYgkA,alameda-california
https://www.ubereats.com/san-francisco/food-delivery/camburger/T46nqNF1RyKnr9Kikp5lKg,alameda-california
https://www.ubereats.com/san-francisco/food-delivery/habibis-kitchen/3iiIzu9USO-vHuqNP9jykQ,alameda-california
https://www.ubereats.com/san-francisco/food-delivery/celias-mexican-restaurant-berkeley/L4DXNIdJRy29pp9g60jUQA,alameda-california
https://www.ubereats.com/san-francisco/food-delivery/yuzu-ramen-%26-broffee/mSu6g_bwRL6f1rnbCRCw_w,alameda-california
https://www.ubereats.com/san-francisco/food-delivery/togos-1929-broadway-alameda-ca/fEvlrnNRQLCkYgBG95ToXQ,alameda-california
https://www.ubereats.com/san-francisco/food-delivery/lbs-barbaque/kuBIAXmbQfGFlQd44eWJmg,alameda-california
https://www.ubereats.com/san-francisco/food-delivery/hoza-pizzeria/Ii2v7WE6RB-cq8-v7WB5OA,alameda-california
https://www.ubereats.com/san-francisco/food-delivery/baguette/IrIF2qWjS9uXZWA4KbNU1g,alameda-california
https://www.ubereats.com/san-francisco/food-delivery/la-christas-cafe/ZHfhhQYPSQaD5IOfrVEGMQ,alameda-california
https://www.ubereats.com/san-francisco/food-delivery/baan-thai-restaurant/44NNHDR_Sii-u54joUuAvg,alameda-california
https://www.ubereats.com/san-francisco/food-delivery/brooklyns-finest-pizza/c7UNB8SIR3Oz_aL4FLvpag,alameda-california
https://www.ubereats.com/san-francisco/food-delivery/cafe-umami/DjB_MqLjT1uD6Ujz1IkNtA,alameda-california
https://www.ubereats.com/san-francisco/food-delivery/juans-place/P7ldpTloQrmx2hwdZzwucw,alameda-california
https://www.ubereats.com/san-francisco/food-delivery/organic-greens/YKMf-QEdRsW2cFsZSwridw,alameda-california
https://www.ubereats.com/san-francisco/food-delivery/royal-kitchen-indian-restaurant/6si7xDi9QYyBu4p0qmdj8w,alameda-california
https://www.ubereats.com/san-francisco/food-delivery/nations-giant-hamburgers-oakland/clvz3B86QsGxgv08p9nFTw,alameda-california
https://www.ubereats.com/san-francisco/food-delivery/mi-grullense-restaurant-%26-tequila-bar/XhWMjI1YR1SkLtQ3XjQOYw,alameda-california
https://www.ubereats.com/san-francisco/food-delivery/granny-pannies-pancakes/zwZ9xCFnRQaXAQAXdReIpw,alameda-california
https://www.ubereats.com/san-francisco/food-delivery/the-alley/coJ5AA6AQkeZdm286W6NeA,alameda-california
https://www.ubereats.com/san-francisco/food-delivery/salvage-hausu/wPZRDs42QZqE8fRxBKybtw,alameda-california
https://www.ubereats.com/san-francisco/food-delivery/sinatras-pizza/jGE_W4UeQGu4Sg82D0rv_A,alameda-california
https://www.ubereats.com/san-francisco/food-delivery/mountain-mikes-pizza-1830-webster-st/1Qd14fu6T3q0yqh8ep_CQA,alameda-california
https://www.ubereats.com/san-francisco/food-delivery/kfc-4501-san-pablo-avenue/vSP7SOufRWKW2QxKU1HahQ,alameda-california
https://www.ubereats.com/san-francisco/food-delivery/judys-burger/UFhRarGFTWWinWk8zQ16DA,alameda-california
https://www.ubereats.com/san-francisco/food-delivery/k-bop-oakland/eaFT_LQiRoOhyNvQCnt0cQ,alameda-california
https://www.ubereats.com/san-francisco/food-delivery/taqueria-el-grullo/Zhuph4zWRCaaSIAlHOoY9A,alameda-california
https://www.ubereats.com/san-francisco/food-delivery/kfc-taco-bell-6035-telegraph-road/YtiBXKLTTXG0SoU0WlRS5w,alameda-california
https://www.ubereats.com/san-francisco/food-delivery/subway-1000-jefferson/jrqs8Nr_RC6UPTUWAUTWrQ,alameda-california
https://www.ubereats.com/san-francisco/food-delivery/honey-baked-ham-oakland/18z_HNHLR9SfT3MDbQ4axQ,alameda-california
https://www.ubereats.com/san-francisco/food-delivery/mountain-mikes-pizza-2042-mountain-blvd/qgfsNG6uQ9aOZPvAevTn1Q,alameda-california
https://www.ubereats.com/san-francisco/food-delivery/vault-cafe-%26-restaurant/oiBmaAf_Ta6nmv1xt2X7OA,alameda-california
https://www.ubereats.com/san-francisco/food-delivery/amicis-east-coast-pizzeria-berkeley/oT1Hs-aASgK_QGz2TRaFSA,alameda-california
https://www.ubereats.com/san-francisco/food-delivery/himalayan-tandoori-%26-curry-house/J8wRqdnkTTWTT1LX2Ty5GQ,alameda-california
https://www.ubereats.com/san-francisco/food-delivery/starbucks-tilden-%26-blanding/VcF-NkXuSNydf7lNIj6seg,alameda-california
https://www.ubereats.com/san-francisco/food-delivery/allstar-fast-foods/6cGGHzSoSxOCyYoqsDZzGg,alameda-california
https://www.ubereats.com/san-francisco/food-delivery/sasa-kitchen/2A_xCeajRL-2-1tz2Bs2FA,alameda-california
https://www.ubereats.com/san-francisco/food-delivery/gong-cha-alameda/i4d3Y85cRSaAJrgLnipsRg,alameda-california
https://www.ubereats.com/san-francisco/food-delivery/nomad-cafe/w1K4fdjGQaW2yNl-Sa6qpw,alameda-california
https://www.ubereats.com/san-francisco/food-delivery/lane-e-kefa-coffee/QB7XxGPQR2u7XncA_9AxiQ,alameda-california
https://www.ubereats.com/san-francisco/food-delivery/farmhouse-kitchen-thai-cuisine-oakland/mYOyhe-8TCeCi-L-XmGPQA,alameda-california
https://www.ubereats.com/san-francisco/food-delivery/flaming-burger/YJ5aBAdeQY-XonSMnXEOZQ,alameda-california
https://www.ubereats.com/san-francisco/food-delivery/el-pollo-loco-2506-international-blvd3480/SSzqwZIIQV2ek9CopfbN6w,alameda-california
https://www.ubereats.com/san-francisco/food-delivery/maitland-market/Cwh2EtETQPu8G8gwTsMxAw,alameda-california
https://www.ubereats.com/san-francisco/food-delivery/kfc-2187-merced-street/rn41ctEAS8K0cekFu1p69A,alameda-california
https://www.ubereats.com/san-francisco/food-delivery/ob-town-chicken/eHdtOIynRASZ3BcaT5oTGA,alameda-california
