url,city
https://www.ubereats.com/orange-county/food-delivery/chipotle-mexican-grill-22379-el-toro-rd/-QyrYvvETMuXkKI5fVjgAA,aliso-viejo-california
https://www.ubereats.com/orange-county/food-delivery/carls-jr-20532-lake-forest-drive/qJ4E8EV2S3GQ9aJoqPkaKA,aliso-viejo-california
https://www.ubereats.com/orange-county/food-delivery/chipotle-mexican-grill-25523-marguerite-pkwy-ste-a/NDk31ndlQS23MqSP2v1exA,aliso-viejo-california
https://www.ubereats.com/orange-county/food-delivery/zeytoon-cafe/PUOdyiQ3S5OZriAfdAWD5w,aliso-viejo-california
https://www.ubereats.com/orange-county/food-delivery/luna-grill-dana-point/RaUQmeWmQFW0xFlJlMl3Bg,aliso-viejo-california
https://www.ubereats.com/orange-county/food-delivery/dunkin-25242-mcintyre-st/WUpQVDPgQyClLSSRYM-Srw,aliso-viejo-california
https://www.ubereats.com/orange-county/food-delivery/dunkin-donuts-23771-el-toro-rd/P5JKtRT7Sz2fa8SrbIwLzA,aliso-viejo-california
https://www.ubereats.com/orange-county/food-delivery/lucilles-smokehouse-bar-b-que-lake-forest/Oi9o9fgFRtawEYR-H8ycxg,aliso-viejo-california
https://www.ubereats.com/orange-county/food-delivery/slapfish-laguna-beach/LnmCK8ZtQKqchmIsj2PaGA,aliso-viejo-california
https://www.ubereats.com/orange-county/food-delivery/nalus-hawaiian-fish-grill-%26-tutus-kitchen-laguna-niguel/nbgbbbxAT4qf7-4Y9trBBA,aliso-viejo-california
https://www.ubereats.com/orange-county/food-delivery/tebo-pho-%26-tea/QWJxIbvrTy6gmrzpajaWjQ,aliso-viejo-california
https://www.ubereats.com/orange-county/food-delivery/golden-spoon-frozen-yogurt/ywaIB9x1T1eyySXJ1lPwBg,aliso-viejo-california
https://www.ubereats.com/orange-county/food-delivery/yogurtland-25381-alicia-pkwy/3rB-jPRbQrKTU3VikWSOSw,aliso-viejo-california
https://www.ubereats.com/orange-county/food-delivery/subway-23411-aliso-viejo-parkway/bITh41akTWSCAIt3Z8infA,aliso-viejo-california
https://www.ubereats.com/orange-county/food-delivery/chatime-mission-viejo/VDnuq6dbTtqzjuTAOhzAWw,aliso-viejo-california
https://www.ubereats.com/orange-county/food-delivery/the-pizza-press-irvine/3b-COpB8SaqPPP_OsTv_NA,aliso-viejo-california
https://www.ubereats.com/orange-county/food-delivery/stefanos/d1ovRCKsTEqhGQH84HJzOA,aliso-viejo-california
https://www.ubereats.com/orange-county/food-delivery/taco-bell-26521-aliso-creek-road/UdKvZ4mJSn6FDSqECBQTvg,aliso-viejo-california
https://www.ubereats.com/orange-county/food-delivery/starbucks-aliso-creek-%26-aliso-viejo-pkwy/ZUr0h0BaTqiMnPDZafGVTA,aliso-viejo-california
https://www.ubereats.com/orange-county/food-delivery/crystal-cove-shake-shack/_pyVHHNtQSW2kzUpOkvQzw,aliso-viejo-california
https://www.ubereats.com/orange-county/food-delivery/yoon-kee-chinese-kitchen/2MjhiOnxQPqnlcQfzu_MwA,aliso-viejo-california
https://www.ubereats.com/orange-county/food-delivery/the-habit-burger-grill-26921-aliso-creek-rd-%23a/6_s7TwItT5238RwqUPPZrg,aliso-viejo-california
https://www.ubereats.com/orange-county/food-delivery/fluffy-bear/5JTYL_EqRB6uoHAFtprJ2Q,aliso-viejo-california
https://www.ubereats.com/orange-county/food-delivery/blaze-pizza-555-the-shops-at-mission-viejo/Jh5hqiFZSR6GNCx1TNgcPA,aliso-viejo-california
https://www.ubereats.com/orange-county/food-delivery/chuck-e-cheese-26538-moulton-pkwy-st-h/Ddi1TFz9Re6hlwZfr4jTnA,aliso-viejo-california
https://www.ubereats.com/orange-county/food-delivery/taco-bell-23651-rockfield-blvd/vcmasJp9R3y5v3K6KO4BeQ,aliso-viejo-california
https://www.ubereats.com/orange-county/food-delivery/el-torito-34521-golden-lantern-street/e7fmhhocQLOl40W-KOFQgg,aliso-viejo-california
https://www.ubereats.com/orange-county/food-delivery/zinc-cafe-%26-market-laguna-beach/FSWnx36LRFevEjGXwFCydw,aliso-viejo-california
https://www.ubereats.com/orange-county/food-delivery/little-chopsticks/qe4PVLfATuesHM5CiI9Kig,aliso-viejo-california
https://www.ubereats.com/orange-county/food-delivery/dennys-26712-portola-parkway/zOFNNjCHTbiJcE8oq57w0Q,aliso-viejo-california
https://www.ubereats.com/orange-county/food-delivery/smashburger-1003-shops-at-mission-viejo/f_WM_1ABSDGreo1WEqVr_Q,aliso-viejo-california
https://www.ubereats.com/orange-county/food-delivery/o-fine-japanese-laguna/_V62Xu6gTOuK5IexlJe2GQ,aliso-viejo-california
https://www.ubereats.com/orange-county/food-delivery/delsushi/X6fpZ12-SB-7lYGHRpoEdQ,aliso-viejo-california
https://www.ubereats.com/orange-county/food-delivery/central-laguna-beach/sIWMRdfqRLKUMOXCLBiAZA,aliso-viejo-california
https://www.ubereats.com/orange-county/food-delivery/veggie-grill-laguna-niguel/aHqecZZlRaeDesYPyu5jDg,aliso-viejo-california
https://www.ubereats.com/orange-county/food-delivery/urban-plates-aliso-viejo/KSqCw0rWS2GQeP7QcZLOFw,aliso-viejo-california
https://www.ubereats.com/orange-county/food-delivery/dennys-34242-del-obispo/J3oP51RzSh2OtOKVPqsvrA,aliso-viejo-california
https://www.ubereats.com/orange-county/food-delivery/charleys-philly-steaks-mission-viejo-mall/Zrgqp0HJS9iRjQUwwxIo9w,aliso-viejo-california
https://www.ubereats.com/orange-county/food-delivery/tacos-%26-co-ladera-ranch/nMKDycLLSWquT4wOLC9fHA,aliso-viejo-california
https://www.ubereats.com/orange-county/food-delivery/sabatino/TLCFh218TsuZ2iV3v56ofA,aliso-viejo-california
https://www.ubereats.com/orange-county/food-delivery/world-class-pizza/y1gc2ZGiRjKXApVyPOapqw,aliso-viejo-california
https://www.ubereats.com/orange-county/food-delivery/grater-grilled-cheese-irvine/afBicXM8RPKsDHeRExrtow,aliso-viejo-california
https://www.ubereats.com/orange-county/food-delivery/hi-house/QGE_HLA0TgGcvC2MICgO5g,aliso-viejo-california
https://www.ubereats.com/orange-county/food-delivery/pizza-amore-cafe/WWOg_d-GTFa6M_97jIGeBw,aliso-viejo-california
https://www.ubereats.com/orange-county/food-delivery/bad-to-the-bone-bbq/fYR5jYLGTOyM0bgj39Q-HA,aliso-viejo-california
https://www.ubereats.com/orange-county/food-delivery/subway-31882-del-obispo-st/b704HiuATEeey8r9j5offQ,aliso-viejo-california
https://www.ubereats.com/orange-county/food-delivery/papa-johns-23582-moulton-pkwy-suite-106/aFhvW0J_TsWMaASVrzZQhw,aliso-viejo-california
https://www.ubereats.com/orange-county/food-delivery/claim-jumper-27845-santa-margarita-parkway/TFLikhuDQ1SvAhiwdjuKnw,aliso-viejo-california
https://www.ubereats.com/orange-county/food-delivery/crepe-de-paris-mission-viejo-mall/_upeaFmJRCCeOSL3KQicpA,aliso-viejo-california
https://www.ubereats.com/orange-county/food-delivery/taco-900/j6NJn3IiSa2TJAwt_IDqXw,aliso-viejo-california
https://www.ubereats.com/orange-county/food-delivery/jack-in-the-box-20101-lake-forest-drive/44WQwzM_R4uU16xr1BSKPw,aliso-viejo-california
https://www.ubereats.com/orange-county/food-delivery/the-bagel-shack-el-toro/QLk-8mfcQxWTovWTs4sHCg,aliso-viejo-california
https://www.ubereats.com/orange-county/food-delivery/which-wich-lake-forest/Qg2QMYjfRBmDHf_vzLDyAw,aliso-viejo-california
https://www.ubereats.com/orange-county/food-delivery/el-pollo-loco-5501-alton-pkwy3719/lZHkv6S0RICmxEeVKXfIOQ,aliso-viejo-california
https://www.ubereats.com/orange-county/food-delivery/the-habit-burger-grill-23632-el-toro-rd-%23a/NREBP7WuQzadHa-318mjeA,aliso-viejo-california
https://www.ubereats.com/orange-county/food-delivery/top-round-roast-beef-irvine/rnfxE-E6THalhDBim_nCRQ,aliso-viejo-california
https://www.ubereats.com/orange-county/food-delivery/javatinis-coffee/oRrku8EGTwCnUJy-QdDCkA,aliso-viejo-california
https://www.ubereats.com/orange-county/food-delivery/stacks-pancake-house-mission-viejo/u0GdRJbkTwOtsL1wSNKrhA,aliso-viejo-california
https://www.ubereats.com/orange-county/food-delivery/tenko-sushi-%26-teriyaki/LMZH6V3YQIiOTjra39JOMQ,aliso-viejo-california
https://www.ubereats.com/orange-county/food-delivery/cold-stone-creamery-627-spectrum-center-drive/cAxpy9QiRlqEalgUGg_j0Q,aliso-viejo-california
https://www.ubereats.com/orange-county/food-delivery/pick-up-stix-las-flores/xn7TMsi-Req6vaQ7om2RzA,aliso-viejo-california
https://www.ubereats.com/orange-county/food-delivery/del-friscos-grille-772-spectrum-center-drive/DHpVaCNbS5uEHLIlgwi6Vw,aliso-viejo-california
https://www.ubereats.com/orange-county/food-delivery/chipotle-mexican-grill-32391-golden-lantern-ste-a/prlWWdR2TCaEnbcjSF_RUQ,aliso-viejo-california
https://www.ubereats.com/orange-county/food-delivery/jons-fish-market/VqVd5h2pSzqcf8vuado-xQ,aliso-viejo-california
https://www.ubereats.com/orange-county/food-delivery/zpizza-25672-crown-valley-pkwy-ladera-ranch/0BkewTqOT4W6FaQF-wswBg,aliso-viejo-california
https://www.ubereats.com/orange-county/food-delivery/jersey-mikes-subs-28051-greenfield-drive/Zm2BegwGQPCb181WY1kHPA,aliso-viejo-california
https://www.ubereats.com/orange-county/food-delivery/le-peep-restaurant/Gb9lIE90R6uRb9of6tLIng,aliso-viejo-california
https://www.ubereats.com/orange-county/food-delivery/burgerim-26741-aliso-creek-dr/EiCeSYTBRv-10HQHh_AKAQ,aliso-viejo-california
https://www.ubereats.com/orange-county/food-delivery/starbucks-oso-%26-i-5/6r-n9kilRM2_911_6NIOLA,aliso-viejo-california
https://www.ubereats.com/orange-county/food-delivery/green-burrito-23002-lake-forest-dr/LrWsIKTmQzqc1g2i3yl9_w,aliso-viejo-california
https://www.ubereats.com/orange-county/food-delivery/hayashi-sushi-%26-teriyaki/A5aoyY_IQl60H5k2hFWfdg,aliso-viejo-california
https://www.ubereats.com/orange-county/food-delivery/yudas/Oult8IBgT_igtJEjbgsHOQ,aliso-viejo-california
https://www.ubereats.com/orange-county/food-delivery/yangs-braised-chicken-rice-lake-forest/ihOzy3GST4aBEPIrR8Zx_g,aliso-viejo-california
https://www.ubereats.com/orange-county/food-delivery/starbucks-golden-lantern-%26-camino-de-avi/PAjK7rITTyiXpmF7DtDyXg,aliso-viejo-california
https://www.ubereats.com/orange-county/food-delivery/bhan-baitong-thai-cuisine/TWsnfXXMRqaAT9uqZAP3wg,aliso-viejo-california
https://www.ubereats.com/orange-county/food-delivery/taco-bell-28532-oso-parkway/QRi39AAgSTqaMWP9GzL6Bg,aliso-viejo-california
https://www.ubereats.com/orange-county/food-delivery/tropical-smoothie-cafe-27412-antonio-parkwaysuite-r2/pjHte9M_StiJ0v03R51EYw,aliso-viejo-california
https://www.ubereats.com/orange-county/food-delivery/oggis-mission-viejo/G4_epkg1Tx6nqDO-6Kz7gA,aliso-viejo-california
https://www.ubereats.com/orange-county/food-delivery/another-kind-cafe/Jz6mq8B7RiCaqaU2Gs3cnA,aliso-viejo-california
https://www.ubereats.com/orange-county/food-delivery/chaupain-bakery/gHfx2Hz_QyWq-tuh6JRd2A,aliso-viejo-california
https://www.ubereats.com/orange-county/food-delivery/sushi-plantation/m-7bxW0hRVuPssytRgGI_g,aliso-viejo-california
https://www.ubereats.com/orange-county/food-delivery/starbucks-alicia-%26-pacific-park/KVxTu6iCSRquCoQTtG6_Bw,aliso-viejo-california
https://www.ubereats.com/orange-county/food-delivery/pengo-drink-station-lake-forest/VdE4f8jLQnWiK1QpP_wsiw,aliso-viejo-california
https://www.ubereats.com/orange-county/food-delivery/adonis-mediterranean-grill/oRGqXsViSb28SSYK6fwEcg,aliso-viejo-california
https://www.ubereats.com/orange-county/food-delivery/bambu-desserts-%26-drinks/GG3s0PV7RfKKeKAjBa1vAw,aliso-viejo-california
https://www.ubereats.com/orange-county/food-delivery/roccos-pizzeria/nF6sTI0nS1qWTejED_WYeQ,aliso-viejo-california
https://www.ubereats.com/orange-county/food-delivery/asada-tacos-and-beer/fmcrd-hZS8K2CqFmByX-7A,aliso-viejo-california
https://www.ubereats.com/orange-county/food-delivery/texas-pit-bbq/sTRa5j3RRXONb5sNOFUweg,aliso-viejo-california
https://www.ubereats.com/orange-county/food-delivery/fuji-grill-lake-forest/dCm3Sbq1Sd68ZIqw_VlTjA,aliso-viejo-california
https://www.ubereats.com/orange-county/food-delivery/yogurtland-73-spectrum-center-dr/_ejoqeJnTKeuBfWlOcxr3w,aliso-viejo-california
https://www.ubereats.com/orange-county/food-delivery/chipotle-mexican-grill-27750-crown-valley-pkwy/IUK8Vr1oTDuU_99e1yeFJw,aliso-viejo-california
https://www.ubereats.com/orange-county/food-delivery/old-camp-bar-and-grill/Awi6QxlsRZqEbhf0jkmVOg,aliso-viejo-california
https://www.ubereats.com/orange-county/food-delivery/zpizza-25522-marguerite-pkwy-mission-viejo/Xit1wpG0TROC1PEBxxVKHg,aliso-viejo-california
https://www.ubereats.com/orange-county/food-delivery/forte-mediterranean-bistro-ladera-ranch/I8CGZKozQwaK1yndFXbmLw,aliso-viejo-california
https://www.ubereats.com/orange-county/food-delivery/ronaldos-taco-shop/ZLz3eTfNQGi1tL3-_h48pA,aliso-viejo-california
https://www.ubereats.com/orange-county/food-delivery/l%26l-hawaiian-bbq-25800-jeronimo-rd/1kx6O9pwTumIWYhqv9xydA,aliso-viejo-california
https://www.ubereats.com/orange-county/food-delivery/avenue-bagel/v-xYPgT-QFqTL5Ter67lsA,aliso-viejo-california
https://www.ubereats.com/orange-county/food-delivery/renzos-taste-of-peru/6YmoZyEXSnKoBsa8rjsgVA,aliso-viejo-california
https://www.ubereats.com/orange-county/food-delivery/godavari/s829AVUbR1i0LSCSyPsD4Q,aliso-viejo-california
https://www.ubereats.com/orange-county/food-delivery/mod-pizza-lake-forest/KkAI1xLiQ-imjNhoQNGQKw,aliso-viejo-california
https://www.ubereats.com/orange-county/food-delivery/pick-up-stix-dana-point/iVpKJtYTSMiY98bRFey-vw,aliso-viejo-california
https://www.ubereats.com/orange-county/food-delivery/falasophy/YIwYz2ATSImLvSTuwv8_cA,aliso-viejo-california
https://www.ubereats.com/orange-county/food-delivery/jack-in-the-box-23562-moulton-parkway/JVNR3AkETIK7Iys1dpKuIQ,aliso-viejo-california
https://www.ubereats.com/orange-county/food-delivery/carls-jr-23002-lake-forest-dr/p-A9qkOwRAqTGnxaBI2yaw,aliso-viejo-california
https://www.ubereats.com/orange-county/food-delivery/donerg-lake-forest/tT6HdCbzSn2H2Pjh38iTvA,aliso-viejo-california
https://www.ubereats.com/orange-county/food-delivery/krispy-kreme-el-paseo-%26-cabot-rd/5AOmX6_qTHejS_7k7KaWHA,aliso-viejo-california
https://www.ubereats.com/orange-county/food-delivery/ricardos-place/klsLqS7ARhi8K7O7_DYcIA,aliso-viejo-california
https://www.ubereats.com/orange-county/food-delivery/la-cocina-de-ricardo-lake-forest/2ddstw1USKeZJxYQ86WNPw,aliso-viejo-california
https://www.ubereats.com/orange-county/food-delivery/northeast-sisters/nr8TSRcFTUubnsrsF8wb6g,aliso-viejo-california
https://www.ubereats.com/orange-county/food-delivery/east-coast-bagel-laguna/j3X4z5j_QbeKCVUtQU8QwQ,aliso-viejo-california
https://www.ubereats.com/orange-county/food-delivery/el-molino-de-oro-san-juan-capistrano/Ajn0KKryScex8mE8DbA2Rw,aliso-viejo-california
https://www.ubereats.com/orange-county/food-delivery/las-fajitas-mexican-grill/0iqkpFaQS1-mV1PFMRZ1Iw,aliso-viejo-california
https://www.ubereats.com/orange-county/food-delivery/7-star-cafe/T26TnD3zQ4mc8wfagebulw,aliso-viejo-california
https://www.ubereats.com/orange-county/food-delivery/bistro-provincia/zM-q0DNdTgi4wa2eKXz3jw,aliso-viejo-california
https://www.ubereats.com/orange-county/food-delivery/taqueria-de-anda-mission-viejo/NQYjX8DjQ3GWomZ6oV09Nw,aliso-viejo-california
https://www.ubereats.com/orange-county/food-delivery/taco-bell-26171-la-paz-rd/atWoqCbSTw2QzQnT2D6QhA,aliso-viejo-california
https://www.ubereats.com/orange-county/food-delivery/kfc-32032-camino-capistrano/STzCb-CQT3SGC25LZJoKyA,aliso-viejo-california
https://www.ubereats.com/orange-county/food-delivery/del-taco-25542-marguerite-pkwy/DbRTYRuGQMaTlInVdXDyjA,aliso-viejo-california
https://www.ubereats.com/orange-county/food-delivery/urban-seoul-20/OByuFPzQTvq4FQnWkaR9Og,aliso-viejo-california
https://www.ubereats.com/orange-county/food-delivery/elephant-cafe/LCSrB9fnRQONje14ni7qTA,aliso-viejo-california
https://www.ubereats.com/orange-county/food-delivery/banzai-bowls-laguna-beach/V0ePyJfURkGayCYW_f2etQ,aliso-viejo-california
https://www.ubereats.com/orange-county/food-delivery/luna-grill-lake-forest/NcCaijvaTja_QvLE8NuuuQ,aliso-viejo-california
https://www.ubereats.com/orange-county/food-delivery/pressed-juicery-irvine-spectrum-center/YaZv29gqRviNTTmv-3Oofg,aliso-viejo-california
https://www.ubereats.com/orange-county/food-delivery/ball-park-pizza-laguna-nigel/RRD_NVxBTMmK_fS92eXZEw,aliso-viejo-california
https://www.ubereats.com/orange-county/food-delivery/19-restaurant-%26-lounge/3AVXDvvsRf6AkdPKMFOiaw,aliso-viejo-california
https://www.ubereats.com/orange-county/food-delivery/rubios-27000-alicia-pkwy/7sGECpvMRr-3J0jmA5hxUQ,aliso-viejo-california
https://www.ubereats.com/orange-county/food-delivery/barbonzai/SdtAF-8uRQWp86JffUe6Eg,aliso-viejo-california
https://www.ubereats.com/orange-county/food-delivery/saylees/dZM7j8c9TtKbTshkUckB1w,aliso-viejo-california
https://www.ubereats.com/orange-county/food-delivery/jack-in-the-box-28651-marguerite-parkway/jDAKEtdzT0e59GjhdcERjA,aliso-viejo-california
https://www.ubereats.com/orange-county/food-delivery/ameci-pizza-%26-pasta-lake-forest/Iidb0F5aTYm2junZALQXAQ,aliso-viejo-california
https://www.ubereats.com/orange-county/food-delivery/del-taco-23781-el-toro-rd/lpAa1WBGQMKeL1JIg36URg,aliso-viejo-california
https://www.ubereats.com/orange-county/food-delivery/mr-pickles-sandwich-shop-lake-forest/Y-HlwjyGSHaXKlSf5cm6Kg,aliso-viejo-california
https://www.ubereats.com/orange-county/food-delivery/starbucks-irvine-center-drive-%26-sand-can/PEsT5zeyS3m8Z8Hrh6hCOQ,aliso-viejo-california
https://www.ubereats.com/orange-county/food-delivery/el-pollo-loco-23601-el-toro-rd3753/AOL3avQZQsSpdRUknMVfPA,aliso-viejo-california
https://www.ubereats.com/orange-county/food-delivery/el-pollo-loco-32535-golden-lantern3273/CULMCZkuQgO-Lj4fi5jt7g,aliso-viejo-california
https://www.ubereats.com/orange-county/food-delivery/the-seahorse-bar-at-pearl-street-general/li7HupypTT2cREONUUqUkw,aliso-viejo-california
https://www.ubereats.com/orange-county/food-delivery/papa-johns-15435-jeffrey-road-unit-114/N2ZaqDn1Sxqt1394Uy14kA,aliso-viejo-california
https://www.ubereats.com/orange-county/food-delivery/which-wich-aliso-viejo/fJf4YQl8QhSqzN1VyS5TsA,aliso-viejo-california
https://www.ubereats.com/orange-county/food-delivery/bowlology-laguna-niguel/TFisInAWQCK8Y4qwUHbHnQ,aliso-viejo-california
https://www.ubereats.com/orange-county/food-delivery/pick-up-stix-aliso-viejo/UEB78QPNRema4HxE7e1kUA,aliso-viejo-california
https://www.ubereats.com/orange-county/food-delivery/the-ice-cream-shop/X4myi9xcQRCwHedLv4Lp9w,aliso-viejo-california
https://www.ubereats.com/orange-county/food-delivery/lamppost-pizza/B3di6I9mTry-3NlCZTa-vA,aliso-viejo-california
https://www.ubereats.com/orange-county/food-delivery/left-coast-brewing-co-smokehouse-%26-distilleryirvine/ECg-y_cqT8uKbiah6tkhbA,aliso-viejo-california
https://www.ubereats.com/orange-county/food-delivery/royal-rasoi/kONLP6rGRludTbCLOAfKxA,aliso-viejo-california
https://www.ubereats.com/orange-county/food-delivery/dennys-23515-el-toro-rd/KAtu0L8-R6unH5ew_x8icg,aliso-viejo-california
https://www.ubereats.com/orange-county/food-delivery/del-taco-22349-el-toro-rd/GmVeasw6RGKgUSXSAgGTXg,aliso-viejo-california
https://www.ubereats.com/orange-county/food-delivery/rocky-mountain-chocolate-factory-617-spectrum-center-dr/eRPq8qFKRF6mY5KPcuq58w,aliso-viejo-california
https://www.ubereats.com/orange-county/food-delivery/inka-grill-lake-forest/8EHWP5WBQliDQiUlRiBfeA,aliso-viejo-california
https://www.ubereats.com/orange-county/food-delivery/jack-in-the-box-22661-lake-forest-dr/BtDCR0oUSUmX1HiavOJgzQ,aliso-viejo-california
https://www.ubereats.com/orange-county/food-delivery/urban-teriyaki-grill/8maQDCutQdqWXDSimif_Bg,aliso-viejo-california
https://www.ubereats.com/orange-county/food-delivery/harley-laguna-beach/u4NRk0eWQqK5Zn0SrJrc7g,aliso-viejo-california
https://www.ubereats.com/orange-county/food-delivery/panda-express-73-fortune-drive-%23103/2FFwzouKQda5iIOJRsTM0w,aliso-viejo-california
https://www.ubereats.com/orange-county/food-delivery/j-san-ramen/xst0TT7MT8KlGZE7FECvXQ,aliso-viejo-california
https://www.ubereats.com/orange-county/food-delivery/olivers-osteria/cx_Z3tKSTpSBGt5a0X_KnA,aliso-viejo-california
https://www.ubereats.com/orange-county/food-delivery/ihop-rockfield/6PKysUOjQcye0PilYSkFmg,aliso-viejo-california
https://www.ubereats.com/orange-county/food-delivery/jack-in-the-box-25800-jeronimo-rd-ste-500/Zo4d5VjFTfuMBLBF93Q5CA,aliso-viejo-california
https://www.ubereats.com/orange-county/food-delivery/bagel-me!-laguna-hills/7EWVZV-3QwyIqUDDH8XKEg,aliso-viejo-california
https://www.ubereats.com/orange-county/food-delivery/rising-sun-chinese-restaurant-foothill-ranch/iC3XasViR-uMBhrVg7K8Gg,aliso-viejo-california
https://www.ubereats.com/orange-county/food-delivery/jack-in-the-box-28592-oso-parkway/V_lXAlLzRCu1sKr8QW28pQ,aliso-viejo-california
https://www.ubereats.com/orange-county/food-delivery/dickeys-bbq-pit-27931-la-paz-rd/gqpXmrXnSS-AELd-QnFrEg,aliso-viejo-california
https://www.ubereats.com/orange-county/food-delivery/maki-yaki-japanese-restaurant/Z2bXRciuQTWMxA4hHwsuVA,aliso-viejo-california
https://www.ubereats.com/orange-county/food-delivery/buffalo-wild-wings-23600-rockfield-blvd/tiZrGr_YT5urujDCpGKlJg,aliso-viejo-california
https://www.ubereats.com/orange-county/food-delivery/starbucks-el-toro-rd-%26-calle-sonora/rIcBxBWERtWVt2uiAVEfnw,aliso-viejo-california
https://www.ubereats.com/orange-county/food-delivery/creamistry-26841-aliso-creek-rd/DF52qONNSvaSLwvr4Cf1QQ,aliso-viejo-california
https://www.ubereats.com/orange-county/food-delivery/dickeys-barbecue-pit-26761-portola-pkwy/tPGOqq4MRQmGDS85ASeSPQ,aliso-viejo-california
https://www.ubereats.com/orange-county/food-delivery/harmony-tea-bar/pjqYjDzBQrK98cqycQQ0aw,aliso-viejo-california
https://www.ubereats.com/orange-county/food-delivery/spikes-fish-house-laguna-niguel/xqqc0uxtRBGvJwtYD0rbhQ,aliso-viejo-california
https://www.ubereats.com/orange-county/food-delivery/mountain-mikes-pizza-22942-ridge-route-dr/hSnm1AZtQnmnRLAu1T9xMA,aliso-viejo-california
https://www.ubereats.com/orange-county/food-delivery/pengo-drink-station-laguna-hills/lyVytcBoRAmvWwpgtIuQPQ,aliso-viejo-california
https://www.ubereats.com/orange-county/food-delivery/yogis-grill/hxV_P8lcQhO_713PVAapIA,aliso-viejo-california
https://www.ubereats.com/orange-county/food-delivery/wendys-63-technology-drive/OMMf8b80RWaS9PaWWG4Yhw,aliso-viejo-california
https://www.ubereats.com/orange-county/food-delivery/ciao-pasta/AyyTiAZRR4e-8I_tIjhPfA,aliso-viejo-california
https://www.ubereats.com/orange-county/food-delivery/san-shi-go/Ft0uBT5mSke7POsMjoXXBg,aliso-viejo-california
https://www.ubereats.com/orange-county/food-delivery/el-pollo-loco-san-juan-capistrano/LubwkB59Spq1baYHx8cpIw,aliso-viejo-california
https://www.ubereats.com/orange-county/food-delivery/natraj-cuisine-of-india/cEIhUAKJT26pG6iwHy7XZg,aliso-viejo-california
https://www.ubereats.com/orange-county/food-delivery/california-pizza-kitchen-521-spectrum-center-drive/iQbkMJHVR9OA_Mkhee_gOQ,aliso-viejo-california
https://www.ubereats.com/orange-county/food-delivery/ihop-23810-aliso-creek-rd/eCFisvrYRMeokkvKU72WgA,aliso-viejo-california
https://www.ubereats.com/orange-county/food-delivery/pacific-hills-bistro-banquet-%26-catering/8cRGjzy5QoyEG1N3pOXpUQ,aliso-viejo-california
https://www.ubereats.com/orange-county/food-delivery/gogiya/t45aDEwJTeifaGYvIy1F5g,aliso-viejo-california
https://www.ubereats.com/orange-county/food-delivery/dennys-24445-alicia-parkway/7L7Q2CNVSDWZxN9YVdwKFA,aliso-viejo-california
https://www.ubereats.com/orange-county/food-delivery/farmer-boys-laguna-hills/XtuDpx4QQyaW9d5GeCnRzw,aliso-viejo-california
https://www.ubereats.com/orange-county/food-delivery/smashburger-26541-aliso-creek-rd/udj7QbsxTImmmWkq4EZk4Q,aliso-viejo-california
https://www.ubereats.com/orange-county/food-delivery/scotts-donuts/HzdpSfxaSnyFawJn7cGUEg,aliso-viejo-california
https://www.ubereats.com/orange-county/food-delivery/jersey-mikes-subs-641-camino-de-los-mares/QIfgQW7DTama9s7d5NJ3fQ,aliso-viejo-california
https://www.ubereats.com/orange-county/food-delivery/starbucks-la-paz-%26-cabot/EQhVzeP2Q6SyFV197NddNw,aliso-viejo-california
https://www.ubereats.com/orange-county/food-delivery/scarlet-kitchen-%26-lounge/ClBSaQ1-RTmLzXjM1xYVPw,aliso-viejo-california
https://www.ubereats.com/orange-county/food-delivery/harbor-deli-dana-point/i4DVI2YOSNO3lus-L9HNag,aliso-viejo-california
https://www.ubereats.com/orange-county/food-delivery/board-%26-brew-laguna-niguel-south/wQ3ikmFNQkOCDTcVIeWaRw,aliso-viejo-california
https://www.ubereats.com/orange-county/food-delivery/umami-burger/El1XT1-JSzOhgmhQS-sufA,aliso-viejo-california
https://www.ubereats.com/orange-county/food-delivery/olamendis-mexican-restaurant/FDaBI3kYRC6d9qM3X3hX1g,aliso-viejo-california
https://www.ubereats.com/orange-county/food-delivery/ggs-bistro/IfSztAfKQq6uh9FbkqzHEw,aliso-viejo-california
https://www.ubereats.com/orange-county/food-delivery/daphnes-california-greek-6711-quail-hill-pkwy/llMKWGrxQtuu1axHJFbvGg,aliso-viejo-california
https://www.ubereats.com/orange-county/food-delivery/la-michoacana-premier-lake-forest/SHsGKWqWQEWhekKezj5STQ,aliso-viejo-california
https://www.ubereats.com/orange-county/food-delivery/jersey-mikes-subs-24365-a-el-toro-road/8jRasYMSQXy8nhKXagXycw,aliso-viejo-california
https://www.ubereats.com/orange-county/food-delivery/tik-tok-pizza/MqNRat2KRwyB2jp2M6QDYw,aliso-viejo-california
https://www.ubereats.com/orange-county/food-delivery/noonerz/dnuLokKRS9WMeOhPeDPHEA,aliso-viejo-california
https://www.ubereats.com/orange-county/food-delivery/rasta-taco-laguna-beach/35xvrAzOQYK3PiwU_j1pbg,aliso-viejo-california
https://www.ubereats.com/orange-county/food-delivery/moes-deli/mYPi41bBSga6-ND1VCtI0A,aliso-viejo-california
https://www.ubereats.com/orange-county/food-delivery/jamba-juice-26781-portola-pkwy-%234b/onC3fZIxRKmPqIlybJwXfQ,aliso-viejo-california
https://www.ubereats.com/orange-county/food-delivery/north-shore-poke-co-mission-viejo/JpwD8TmyT6W0OZKVKX7T-g,aliso-viejo-california
https://www.ubereats.com/orange-county/food-delivery/java-bakery-cafe/XtzEmVvpSzSuJOBl2k0iHA,aliso-viejo-california
https://www.ubereats.com/orange-county/food-delivery/taco-bell-31771-del-obispo/GoQ525bGTj61z8vRYoJIZg,aliso-viejo-california
https://www.ubereats.com/orange-county/food-delivery/el-molino-de-oro-lake-forest/YmocERgERWCZTncSuABECQ,aliso-viejo-california
https://www.ubereats.com/orange-county/food-delivery/california-pizza-kitchen-25513-marguerite-pkwy/T-duml4ITquNUlDF2w4hYg,aliso-viejo-california
https://www.ubereats.com/orange-county/food-delivery/deemers-american-grill/Pmg3osy7SB-cKYPPT9NPOg,aliso-viejo-california
https://www.ubereats.com/orange-county/food-delivery/panda-express-lake-forest-23572-el-toro-road/yVOiGq-wTpOCQI0XdPVxDg,aliso-viejo-california
https://www.ubereats.com/orange-county/food-delivery/little-bean-coffee-%26-doughnuts/uHqw6kXpTACdqS4AVZUirw,aliso-viejo-california
https://www.ubereats.com/orange-county/food-delivery/the-kebab-shop-irvine/7YK9wsV8Ti6UQw0EZHUI0Q,aliso-viejo-california
https://www.ubereats.com/orange-county/food-delivery/olive-oil-mediterranean-grill-express/tfbMEqcVS2Sv_fxTkhodGQ,aliso-viejo-california
https://www.ubereats.com/orange-county/food-delivery/capital-dim-sum-seafood-bar-irvine-spectrum/jGx6CJBmTRCOyD96pUDdZQ,aliso-viejo-california
https://www.ubereats.com/orange-county/food-delivery/blkdot-coffee-spectrum-center-dr/KJ9TAXouTDCjR-lwtRi6EA,aliso-viejo-california
https://www.ubereats.com/orange-county/food-delivery/bjs-restaurant-%26-brewhouse-280-s-coast-highway/k25QCBjFS--QELZx5r8vHw,aliso-viejo-california
https://www.ubereats.com/orange-county/food-delivery/burnt-crumbs-irvine/geEtXgiRSLOnOilEhLpxEA,aliso-viejo-california
https://www.ubereats.com/orange-county/food-delivery/firehouse-subs-laguna-woods/F3CYw21fRUKzEpqAjq30VQ,aliso-viejo-california
https://www.ubereats.com/orange-county/food-delivery/starbucks-la-paz-%26-chrisanta/O1S0rM64RXeEES_ewtxlLg,aliso-viejo-california
https://www.ubereats.com/orange-county/food-delivery/luna-grill-aliso-viejo/Ff4ffDg4SVGFe3tEYoynIg,aliso-viejo-california
https://www.ubereats.com/orange-county/food-delivery/pho-hanoi/Zz6L9bCOTme4iTF5PdAuQw,aliso-viejo-california
https://www.ubereats.com/orange-county/food-delivery/brizios-pizza-lake-forest/fxJlWrlzTpmlOMcqoj5Aqg,aliso-viejo-california
https://www.ubereats.com/orange-county/food-delivery/jack-in-the-box-23812-el-toro-rd/vADhWA4rTzyQWhcVxQjK2w,aliso-viejo-california
https://www.ubereats.com/orange-county/food-delivery/del-taco-24465-alicia-parkway/foA4RtplSpaKCjUNp6DrmA,aliso-viejo-california
https://www.ubereats.com/orange-county/food-delivery/juice-joint-deli/PxQm6UniQNuD44DxKuLntw,aliso-viejo-california
https://www.ubereats.com/orange-county/food-delivery/the-pizza-store/CobcPMngTJKPE_j5yOZHJg,aliso-viejo-california
https://www.ubereats.com/orange-county/food-delivery/rose-cafe/ImIaC3P7SJuWolOLA0DB-w,aliso-viejo-california
https://www.ubereats.com/orange-county/food-delivery/el-conejito-mexican-restaurant/aWmikajnSzy8rTVK-PRhJw,aliso-viejo-california
https://www.ubereats.com/orange-county/food-delivery/taco-bell-34117-pacific-coast-hwy/iJiJOT1EQVutwJaqVM5fqw,aliso-viejo-california
https://www.ubereats.com/orange-county/food-delivery/waba-grill-23646-rockfield-blvd-lake-forest/Ol93fBA6Qjy7xJ1twKKxcQ,aliso-viejo-california
https://www.ubereats.com/orange-county/food-delivery/mangi-con-amore/5waSOgNjSMGOLe8rksJ1Dw,aliso-viejo-california
https://www.ubereats.com/orange-county/food-delivery/pressed-juicery-plaza-de-la-paz/AMCvcMUgRCOiiQRXhKRyhg,aliso-viejo-california
https://www.ubereats.com/orange-county/food-delivery/pita-pita-aliso-viejo/AzH7TOQfQ3mIblqJCK9UXA,aliso-viejo-california
https://www.ubereats.com/orange-county/food-delivery/pho-ba-co/krYcaGMDTguHxCvambIDeQ,aliso-viejo-california
https://www.ubereats.com/orange-county/food-delivery/heroes-%26-legends-bar-%26-grill/R_XJ3fHtRZSe9PtGAVTC_w,aliso-viejo-california
https://www.ubereats.com/orange-county/food-delivery/chipotle-mexican-grill-23645-el-toro-road/LuHybpwlQs6L9sTEVS_0MA,aliso-viejo-california
https://www.ubereats.com/orange-county/food-delivery/sushi-ramen-house/xF3WIRg9QqaE1FcEW9ZZZw,aliso-viejo-california
https://www.ubereats.com/orange-county/food-delivery/honey-baked-ham-lake-forest/56P06PRlSEOD5S74V-GQaw,aliso-viejo-california
https://www.ubereats.com/orange-county/food-delivery/panda-express-mission-viejo-27670b-santa-margarita-pkwy/ML4nz5mPSS2qlJzyIW5zag,aliso-viejo-california
https://www.ubereats.com/orange-county/food-delivery/jamba-juice-28241-crown-valley-pkwy/DlsT7rnCR3S7bUeSN70DGQ,aliso-viejo-california
https://www.ubereats.com/orange-county/food-delivery/kin-sushi/3GscRca_QdSWW2g0XlC5Fg,aliso-viejo-california
https://www.ubereats.com/orange-county/food-delivery/silverlake-ramen-irvine-spectrum/TTdD_x3RSZ6edrj3aT8D7g,aliso-viejo-california
https://www.ubereats.com/orange-county/food-delivery/mcdonalds-laguna-hills/vm2G-Z0eSyuG685fVTPqzA,aliso-viejo-california
https://www.ubereats.com/orange-county/food-delivery/good-choice-sushi-laguna-niguel/zq2Mmy-wQmay63OuCxRCJQ,aliso-viejo-california
https://www.ubereats.com/orange-county/food-delivery/olamendis-mission-viejo/IabT3vdtSiGEbEyhY4RqYg,aliso-viejo-california
https://www.ubereats.com/orange-county/food-delivery/pressed-juicery-crystal-cove/-1K_vI5xRlGDXEUIQE8b7A,aliso-viejo-california
https://www.ubereats.com/orange-county/food-delivery/woodfire-kabob-restaurant/fdBSfzt_RXCHqxqXbdfbNw,aliso-viejo-california
https://www.ubereats.com/orange-county/food-delivery/del-taco-59-technology-drive/SA_TpTxeQMajSLUsTw57AA,aliso-viejo-california
https://www.ubereats.com/orange-county/food-delivery/chronic-tacos-28241-crown-valley-pkwy-ste-c/wrf2_H3fSHKXssV5t2ceIg,aliso-viejo-california
https://www.ubereats.com/orange-county/food-delivery/kings-donuts/0Z3MBysGRqivO0u1mCcqpQ,aliso-viejo-california
https://www.ubereats.com/orange-county/food-delivery/nekter-juice-bar-32371-golden-lantern-ste-g/XybhUF3KRrOHIKgezCDjeA,aliso-viejo-california
https://www.ubereats.com/orange-county/food-delivery/yogurtland-27855-santa-margarita-pkwy/E9ree5bXRkqNQ2rYcPv2jA,aliso-viejo-california
https://www.ubereats.com/orange-county/food-delivery/taqueros-mexican-restaurant/kWl0TRXKQMmkTBS2VsooPw,aliso-viejo-california
https://www.ubereats.com/orange-county/food-delivery/subway-26741-aliso-creek-rd/Xcf8gPAYQRGtN9B7zxkHLg,aliso-viejo-california
https://www.ubereats.com/orange-county/food-delivery/plumeria-cafe/8yEsRJSxTgambLWIOnu-eA,aliso-viejo-california
https://www.ubereats.com/orange-county/food-delivery/ball-park-pizza-sjc/l1jJGqVmSUawnuAi9SlOzw,aliso-viejo-california
https://www.ubereats.com/orange-county/food-delivery/morenas-mexican-cuisine/6QCvpvD7TISC3Z1__H_-1Q,aliso-viejo-california
https://www.ubereats.com/orange-county/food-delivery/subway-27311-la-paz-rd-e/4gN6QZvDQq2m5YNXRqINeg,aliso-viejo-california
https://www.ubereats.com/orange-county/food-delivery/urth-caffe-laguna-beach/FSthGa25Tt-jIcNwbAzFoQ,aliso-viejo-california
https://www.ubereats.com/orange-county/food-delivery/hen-house-grill/n5BMPGd_TKWUTrEAoyCJnQ,aliso-viejo-california
https://www.ubereats.com/orange-county/food-delivery/belgium-waffle-haus/JgFYdU68Sj6e4vcBx2nuTQ,aliso-viejo-california
https://www.ubereats.com/orange-county/food-delivery/panini-kabob-grill-mission-viejo/0Nh5i0DvQBGvWOXyWBbNUw,aliso-viejo-california
https://www.ubereats.com/orange-county/food-delivery/fire-breather-bbq/JBjMIij2QkyLY3cEHRoEXg,aliso-viejo-california
https://www.ubereats.com/orange-county/food-delivery/the-melt-irvine/q8SOENyoQ5q7_aEuSqPrqg,aliso-viejo-california
https://www.ubereats.com/orange-county/food-delivery/pokenoya-irvine/1ynfXkECRzy6Sn8BEHwrGA,aliso-viejo-california
https://www.ubereats.com/orange-county/food-delivery/jamba-juice-23628-el-toro-rd/zO-nO4R0RO6Pof2RS4nRvA,aliso-viejo-california
https://www.ubereats.com/orange-county/food-delivery/biryani-pot-express/xorcie7MSkuLxdfGJGC9GA,aliso-viejo-california
https://www.ubereats.com/orange-county/food-delivery/jersey-mikes-subs-lake-forest-23572-el-toro-road/47_1EoVlSl-sJF0r0CIJHw,aliso-viejo-california
https://www.ubereats.com/orange-county/food-delivery/sizzler-23501-el-toro-rd/x7WYqMUSRAmwSP3SfR1rJg,aliso-viejo-california
https://www.ubereats.com/orange-county/food-delivery/pizza-bar-laguna-beach/rBqbn7H-ReO7uLPp44RXxQ,aliso-viejo-california
https://www.ubereats.com/orange-county/food-delivery/jack-in-the-box-1201-south-pacific-coast-hwy/G9hC4buUTuODhEl_KU4-3A,aliso-viejo-california
https://www.ubereats.com/orange-county/food-delivery/veggie-grill-irvine-spectrum-center/uqREYBHGQjaV_90F6F69yA,aliso-viejo-california
https://www.ubereats.com/orange-county/food-delivery/the-ice-cream-shop/xQ9kbWpiSeKaQrqHzfM3fQ,aliso-viejo-california
https://www.ubereats.com/orange-county/food-delivery/yangs-braised-chicken-rice-aliso-viejo/LMc9j9vWQamDInIfG5020Q,aliso-viejo-california
https://www.ubereats.com/orange-county/food-delivery/simply-the-cupcake-store/hXNMqc_ZSqSju2fR8hqFIQ,aliso-viejo-california
https://www.ubereats.com/orange-county/food-delivery/big-chopsticks-cooker-mission-viejo/xR40If32ROeLWCKfRqN8-w,aliso-viejo-california
https://www.ubereats.com/orange-county/food-delivery/tender-greens-4237-campus-dr-suite-b165/W-7_KY0wTxmNnYFN7O3HVg,aliso-viejo-california
https://www.ubereats.com/orange-county/food-delivery/the-flame-broiler-23411-aliso-viejo-parkway/2N_Z93DST3-ztmih59lP2Q,aliso-viejo-california
https://www.ubereats.com/orange-county/food-delivery/tacos-%26-co-mission-viejo/scJQshReRFmLcBf-wIEbuw,aliso-viejo-california
https://www.ubereats.com/orange-county/food-delivery/rodrigos-mexican-grill-laguna-hills/B90mfKtZRiyKij7tgO03dg,aliso-viejo-california
https://www.ubereats.com/orange-county/food-delivery/ding-tea-mission-viejo/VOuyp1ezRHKaQ17aRPkEJg,aliso-viejo-california
https://www.ubereats.com/orange-county/food-delivery/california-fish-grill-lake-forest/ZQjw_KSuSo23_sflrGucBQ,aliso-viejo-california
https://www.ubereats.com/orange-county/food-delivery/taco-bell-27770-santa-margarita-pkwy/fsKse_T5SdaEc_WpOsWFLA,aliso-viejo-california
https://www.ubereats.com/orange-county/food-delivery/del-taco-26951-aliso-creek-road/EMB6DLKAShOphfosZ2EDag,aliso-viejo-california
https://www.ubereats.com/orange-county/food-delivery/panda-express-aliso-viejo-26841-aliso-creek-dr/a3aQ7TtqRwe4H72Pn12kRg,aliso-viejo-california
https://www.ubereats.com/orange-county/food-delivery/jc-donuts/GPns5tdvTWSs_gKg0Nxt0A,aliso-viejo-california
https://www.ubereats.com/orange-county/food-delivery/chipotle-mexican-grill-731-spectrum-center-dr/ia9SmuiaSYClJ7DBlxlcAg,aliso-viejo-california
https://www.ubereats.com/orange-county/food-delivery/pf-changs-100-spectrum-center-dr/aNL25mBiTCa6CIc_hEyENw,aliso-viejo-california
https://www.ubereats.com/orange-county/food-delivery/mcdonalds-laguna-ngl-la-pa/3sPRJgBFS3ak2wr__PoBlw,aliso-viejo-california
https://www.ubereats.com/orange-county/food-delivery/taquiero-taco-patio/p0anxkPBSuC0a4Pn8G_MGw,aliso-viejo-california
https://www.ubereats.com/orange-county/food-delivery/the-flame-broiler/UZ6DCSA0SXmtcu8p6cz1uQ,aliso-viejo-california
https://www.ubereats.com/orange-county/food-delivery/wendys-28961-golden-lantern/jEqK3woSS1yl1BMU6e17lw,aliso-viejo-california
https://www.ubereats.com/orange-county/food-delivery/kpop-sushi/xxpGf0VSTJGGrSzF_-sTmA,aliso-viejo-california
https://www.ubereats.com/orange-county/food-delivery/pick-up-stix-lake-forest/e3u1anowRNW5AQcqZ3TSow,aliso-viejo-california
https://www.ubereats.com/orange-county/food-delivery/acai-republic-laguna-niguel/PTSxPG5ZRAGo6WPh8oy9-Q,aliso-viejo-california
https://www.ubereats.com/orange-county/food-delivery/popeyes-23426-los-alisos-blvd/-1chsoUuS_C2HQgBs9QU7g,aliso-viejo-california
https://www.ubereats.com/orange-county/food-delivery/the-flame-broiler-27020-alicia/Wh39-y_cQKCq9ai5VY_zLA,aliso-viejo-california
https://www.ubereats.com/orange-county/food-delivery/poki-cat-plaza-alicia/dEYwDB9DSTGlzf1LeaikRQ,aliso-viejo-california
https://www.ubereats.com/orange-county/food-delivery/taco-bell-26631-trabuco-road/22U8vciySZ-WdNGn8QBB7g,aliso-viejo-california
https://www.ubereats.com/orange-county/food-delivery/sundried-tomato-american-bistro-san-juan/aGIxpcIOQVaRg6MqTigWhA,aliso-viejo-california
https://www.ubereats.com/orange-county/food-delivery/urbane-cafe-aliso-viejo/9jbN78teTM6X46cFF6sTRw,aliso-viejo-california
https://www.ubereats.com/orange-county/food-delivery/chipotle-mexican-grill-27221-la-paz-rd-ste-h/DFdAN1sdSb2Ixe4Byu_qyA,aliso-viejo-california
https://www.ubereats.com/orange-county/food-delivery/starbucks-el-toro-%26-trabuco/4TRPivPcQLa-3is3mt5yDQ,aliso-viejo-california
https://www.ubereats.com/orange-county/food-delivery/villa-roma/qZw0cPxbQzWtoAq8SXjcIQ,aliso-viejo-california
https://www.ubereats.com/orange-county/food-delivery/el-pollo-loco-28261-crown-valley-pkwy3235/u4HD3wmnRCmaEiWle1G9TQ,aliso-viejo-california
https://www.ubereats.com/orange-county/food-delivery/riptide-rockin-sushi-%26-teppan-grills/HPvfuoS3QEaZz2OT0gmz7A,aliso-viejo-california
https://www.ubereats.com/orange-county/food-delivery/knolls-restaurant/qjdMRglNSXeD15SOJ4Yttw,aliso-viejo-california
https://www.ubereats.com/orange-county/food-delivery/vitality-bowls-4515-campus-dr/3O20k7aEQbeFOMODrlGuhQ,aliso-viejo-california
https://www.ubereats.com/orange-county/food-delivery/mastros-ocean-club-8112-east-coast-highway/DC38hHtOSfuv9SciH6tsVg,aliso-viejo-california
https://www.ubereats.com/orange-county/food-delivery/green-burrito-6324-irvine-blvd/wUGKKr2zQG2pdx01s5vDOQ,aliso-viejo-california
https://www.ubereats.com/orange-county/food-delivery/subway-25614-alicia-parkway/pUwvOJ-FRz-yOBIvlWRqJQ,aliso-viejo-california
https://www.ubereats.com/orange-county/food-delivery/fresh-brothers-laguna-niguel/5DxMe9q2SxmME-Y5Px7rSA,aliso-viejo-california
https://www.ubereats.com/orange-county/food-delivery/prime-shabu-and-ramen/uu1u9wt0TuC-JguroGTtRg,aliso-viejo-california
https://www.ubereats.com/orange-county/food-delivery/outback-steakhouse-25322-cabot-rd/zWShDzXLS1CIic_gqeMA8w,aliso-viejo-california
https://www.ubereats.com/orange-county/food-delivery/five-guys-ca-1287-32341-golden-lantern/RKpp-bM2T0eMm36eAwuW3A,aliso-viejo-california
https://www.ubereats.com/orange-county/food-delivery/tacos-%26-co/BDuxYsGdQKq3CfdyJXNWTQ,aliso-viejo-california
https://www.ubereats.com/orange-county/food-delivery/eat-thai-cuisine/NQjaYS5TRiihzuUwINQAHw,aliso-viejo-california
https://www.ubereats.com/orange-county/food-delivery/mustard-cafe-newport-coast/H1-he5e4SmyZRw6KIQLJGg,aliso-viejo-california
https://www.ubereats.com/orange-county/food-delivery/new-york-pizzeria-laguna-hills/F6wORj7eS1O4Ni8V-wfwXQ,aliso-viejo-california
https://www.ubereats.com/orange-county/food-delivery/baskin-robbins-26722-portola-parkway/2Afefi8zQyCfyvWcnmSs7Q,aliso-viejo-california
https://www.ubereats.com/orange-county/food-delivery/empanada-man-pizzeria/vzZJTs9WQR-bue2GHkMmHA,aliso-viejo-california
https://www.ubereats.com/orange-county/food-delivery/bay-poke-irvine/61c6bJfQTDCMMzRs-RVfdA,aliso-viejo-california
https://www.ubereats.com/orange-county/food-delivery/starbucks-golden-lantern-%26-marina-hills/puGxEINjT7SH0yyOQNDQIA,aliso-viejo-california
https://www.ubereats.com/orange-county/food-delivery/albertacos-mexican-food-mission-viejo/Oz2DgzIxRnCiBfzqwvT7IA,aliso-viejo-california
https://www.ubereats.com/orange-county/food-delivery/rubys-diner-irvine/NBxxb7C1QWKCZEGhFk2-LA,aliso-viejo-california
https://www.ubereats.com/orange-county/food-delivery/husky-boy-burgers-laguna-beach/kzu0EJJDSWimunerUUQWIg,aliso-viejo-california
https://www.ubereats.com/orange-county/food-delivery/india-grill/JlQQndTPRzG8qejd3luXCg,aliso-viejo-california
https://www.ubereats.com/orange-county/food-delivery/chipotle-mexican-grill-26661-aliso-creek-road/2id-1M47RWaA6rIDAKvEQg,aliso-viejo-california
https://www.ubereats.com/orange-county/food-delivery/burgerim-mission-viejo/uQZrOwoDTc6CRL8tHd13hw,aliso-viejo-california
https://www.ubereats.com/orange-county/food-delivery/mcdonalds-i-5-lake-forest/otK14RzTTA2nUhAy0mYq6g,aliso-viejo-california
https://www.ubereats.com/orange-county/food-delivery/bueno-bueno-verdugo/leJqT3I3Q06jRS_ceMtUCA,aliso-viejo-california
https://www.ubereats.com/orange-county/food-delivery/waba-grill-26771-portola-pkwy-lake-forest/JzbqxnutQ2OMBtMmfKC8EA,aliso-viejo-california
https://www.ubereats.com/orange-county/food-delivery/kfc-29840-santa-margarita/6xCxdUzpQniTfVzOIp4IPg,aliso-viejo-california
https://www.ubereats.com/orange-county/food-delivery/aroma-pizza/PzUeBfxcS8arnhoY4fJjYg,aliso-viejo-california
https://www.ubereats.com/orange-county/food-delivery/romans-mexican-restaurant-laguna-woods/YVbBtqAQR06Vecyr27GyXA,aliso-viejo-california
https://www.ubereats.com/orange-county/food-delivery/starbucks-alton-pkwy-%26-jeffrey-rd/N7fFKt76T1iq0Uhx8fea4Q,aliso-viejo-california
https://www.ubereats.com/orange-county/food-delivery/chick-fil-a-26861-aliso-creek-rd/ZfE8cA6dQVSvfryL4a8-4A,aliso-viejo-california
https://www.ubereats.com/orange-county/food-delivery/pizza-lounge-laguna-niguel/phRR0M5bQ2aJavpulKv7dw,aliso-viejo-california
https://www.ubereats.com/orange-county/food-delivery/palace-bakery/UYkASAf5SGm_xw_T6FXhpg,aliso-viejo-california
https://www.ubereats.com/orange-county/food-delivery/the-krave-kobe-burger-grill/rsSfncq0TcC2o2ZlMZw6BQ,aliso-viejo-california
https://www.ubereats.com/orange-county/food-delivery/skewers-fresh-mediterranean-grill/gcbcDDRBR_u6JXyWAZLBtg,aliso-viejo-california
https://www.ubereats.com/orange-county/food-delivery/xclusive-taqueria-moderna/oxIaBdHlRYGaEOZDlOEs4Q,aliso-viejo-california
https://www.ubereats.com/orange-county/food-delivery/the-flame-broiler-24451-alicia/gr0NmveqSUSkGIVORoSL8g,aliso-viejo-california
https://www.ubereats.com/orange-county/food-delivery/surfin-donuts/Fot4tVQmRJq5gueNut6btg,aliso-viejo-california
https://www.ubereats.com/orange-county/food-delivery/mas-house-laguna-hills/b33WYo6sROKUOLs9yGMm9g,aliso-viejo-california
https://www.ubereats.com/orange-county/food-delivery/olive-oil-mediterranean-grill/j6QRIr81TdSjFKIHvScBnw,aliso-viejo-california
https://www.ubereats.com/orange-county/food-delivery/jersey-mikes-subs-laguna-niguel-24006-aliso-creek-road/0n92q_NuStO7IQCC067CIg,aliso-viejo-california
https://www.ubereats.com/orange-county/food-delivery/tacos-ensenada/5cnky9rsRRqAk31uosJB1g,aliso-viejo-california
https://www.ubereats.com/orange-county/food-delivery/panda-express-ladera-ranch-27602-antionio-pkwy/m3Z2YEG_SCyzRJ_HRYrm_Q,aliso-viejo-california
https://www.ubereats.com/orange-county/food-delivery/pasquallys-pizza-%26-wings-26538-moulton-pkwy-st-h/0045wQ7UQO6CpbdnTUpYBw,aliso-viejo-california
https://www.ubereats.com/orange-county/food-delivery/surfin-souvlaki/HcMU7_odRkm8Xb3DD457NQ,aliso-viejo-california
https://www.ubereats.com/orange-county/food-delivery/five-guys-ca-1486-24391-alicia-pkwy/XhjZrmXKQTSZcX2-7HQ0aA,aliso-viejo-california
https://www.ubereats.com/orange-county/food-delivery/mothers-market-%26-kitchen-laguna-woods/tcasFDKdQU6hf06fGFQiog,aliso-viejo-california
https://www.ubereats.com/orange-county/food-delivery/pf-changs-800-shops-at-mission-viejo/W_uAQBOLTnmCLj69bvsXHA,aliso-viejo-california
https://www.ubereats.com/orange-county/food-delivery/the-broken-yolk-cafe-mission-viejo/yCzK844tSMavZJ_TlUb7ZQ,aliso-viejo-california
https://www.ubereats.com/orange-county/food-delivery/del-taco-22401-el-toro-rd/cLMXk2_WTS2iAJqm4LJO8w,aliso-viejo-california
https://www.ubereats.com/orange-county/food-delivery/el-pollo-loco-mission-viejo/WXHWzS2-R8ODzTvyUgDqYg,aliso-viejo-california
https://www.ubereats.com/orange-county/food-delivery/taco-bell-27371-la-paz-rd/8PnTzR8JSeSZLW293jPh7Q,aliso-viejo-california
https://www.ubereats.com/orange-county/food-delivery/mags-donuts-%26-bakery/vsLJJYNLSN6dx7-KIJO51g,aliso-viejo-california
https://www.ubereats.com/orange-county/food-delivery/avilas-el-ranchito-mexican-restaurant/Xg6_AU-cTZWmAPDnVeCTog,aliso-viejo-california
https://www.ubereats.com/orange-county/food-delivery/new-yorks-upper-crust-pizza-laguna-niguel/3eV4QuFoRju808fHaJR-ww,aliso-viejo-california
https://www.ubereats.com/orange-county/food-delivery/corner-bakery-cafe-27221-la-paz-rd/-AjawIQpSMe8yK78OdqjTw,aliso-viejo-california
https://www.ubereats.com/orange-county/food-delivery/dunkin-donuts-23981-alicia-pkwy/CVC-PWnZQkuefbsHSMjfvg,aliso-viejo-california
https://www.ubereats.com/orange-county/food-delivery/bella-roma-pasta-%26-pizza/RAyJz373TuKTwZaLgRmrkA,aliso-viejo-california
https://www.ubereats.com/orange-county/food-delivery/taco-bell-30022-crown-valley-pkwy/OFNoyq-VSxii6CG5_97ynw,aliso-viejo-california
https://www.ubereats.com/orange-county/food-delivery/project-juice-laguna-beach/fYp-b_9LT7WzhgWz2w7llQ,aliso-viejo-california
https://www.ubereats.com/orange-county/food-delivery/hakata-ikkousha-lake-forest/3ADYFtltSIu7-CAv9X2JjQ,aliso-viejo-california
https://www.ubereats.com/orange-county/food-delivery/chili-chutney-afghan-cuisine/PhHEHuP8Tjqae7V_FZZbgg,aliso-viejo-california
https://www.ubereats.com/orange-county/food-delivery/del-taco-26241-avery-pkwy/JecbaSfETaOLKhdZRn7frA,aliso-viejo-california
https://www.ubereats.com/orange-county/food-delivery/jack-in-the-box-25852-el-paseo/QjbIHtSpRdqbR19p9oY-hA,aliso-viejo-california
https://www.ubereats.com/orange-county/food-delivery/la-michoacana-premier-san-juan/qk7fMh-xSW-jixpj53lsJg,aliso-viejo-california
https://www.ubereats.com/orange-county/food-delivery/starbucks-alton-pkwy-%26-rancho-pkwy-south/sWrWOfRYRcaB6VZ8oLOoMw,aliso-viejo-california
https://www.ubereats.com/orange-county/food-delivery/fogo-de-chao-irvine/KK69UPrTRiydruUF-1yz7Q,aliso-viejo-california
https://www.ubereats.com/orange-county/food-delivery/the-original-pancake-house-26951-moulton-pkwy/VhwNlAu0SCa0dUZTDoJj9w,aliso-viejo-california
https://www.ubereats.com/orange-county/food-delivery/hendrix-restaurant/d5iSqPRAQdKvP8WhAOK5Nw,aliso-viejo-california
https://www.ubereats.com/orange-county/food-delivery/tan-cha-irvine/7h4JVbpoT4Sq_vrc_bOrMQ,aliso-viejo-california
https://www.ubereats.com/orange-county/food-delivery/lulus-cafe/6sggjxsoSBeBowEmcooNcQ,aliso-viejo-california
https://www.ubereats.com/orange-county/food-delivery/pita-pita-laguna-hills/Rkyb8-2MR4W3zbMMquAb4A,aliso-viejo-california
https://www.ubereats.com/orange-county/food-delivery/pho-tasia/7VZ5muY9T8CD2MqwTHAVTA,aliso-viejo-california
https://www.ubereats.com/orange-county/food-delivery/wendys-24761-alicia-pkwy/vMQR-5ipQJ-amNQCEJ6o9A,aliso-viejo-california
https://www.ubereats.com/orange-county/food-delivery/yasai-japanese-grill/zn2FY4yGRwmdLBJ-A60DPg,aliso-viejo-california
https://www.ubereats.com/orange-county/food-delivery/starbucks-antonio-%26-crown-valley/guog2QrZTsO7-dZvQ4GEOw,aliso-viejo-california
https://www.ubereats.com/orange-county/food-delivery/pania-pizzaria/cdZBaBkORVK62zObQijHJQ,aliso-viejo-california
https://www.ubereats.com/orange-county/food-delivery/el-progreso-mexican-restaurant/5VmPEfWXSMO-uR3UzyjQdg,aliso-viejo-california
https://www.ubereats.com/orange-county/food-delivery/the-empanada-maker/s4qyKZ2pTbm18F8kyHbbRQ,aliso-viejo-california
https://www.ubereats.com/orange-county/food-delivery/pacifico-fish-company/JdDRnRMwSg2k51YGf14oIQ,aliso-viejo-california
https://www.ubereats.com/orange-county/food-delivery/o-fine-japanese-cuisine-irvine/6Skz7uC9Q6SGSI-Dt8HtVw,aliso-viejo-california
https://www.ubereats.com/orange-county/food-delivery/tasty-bowl/2dxSV66OTd2MpRJr2zi0cA,aliso-viejo-california
https://www.ubereats.com/orange-county/food-delivery/manila-kusina-grill/uB3o3OUPQuitzOCMgv4yYw,aliso-viejo-california
https://www.ubereats.com/orange-county/food-delivery/dennys-14962-sand-canyon/HFChKeT4QiiEsBJ-nZ-qag,aliso-viejo-california
https://www.ubereats.com/orange-county/food-delivery/hacienda-la-joya/x-J0zfXGTXCB_24mWQXnaA,aliso-viejo-california
https://www.ubereats.com/orange-county/food-delivery/tlt-food-irvine-spectrum/a7z4QXh4RdeDo08C4-fdRQ,aliso-viejo-california
https://www.ubereats.com/orange-county/food-delivery/natrajs-tandoori-irvine-south/ZoU5FQZ6RjCpw501yhRb1g,aliso-viejo-california
https://www.ubereats.com/orange-county/food-delivery/pollys-pies-restaurant-%26-bakery-laguna-hills/OFNrK3l-Tq-2USjqwN7TxA,aliso-viejo-california
https://www.ubereats.com/orange-county/food-delivery/bricco-pizza-%26-wine-bar-moulton-pkwy/tb6oVTuvQIqqyA-LiJ_LAg,aliso-viejo-california
https://www.ubereats.com/orange-county/food-delivery/sonic-drive-in-jeronimo-rd/7lsfChRNTfCXBSdl7UZ34w,aliso-viejo-california
https://www.ubereats.com/orange-county/food-delivery/togos-25432-trabuco-rd-lake-forest-ca/et4c79ZYRb-4sAsnO6Ozuw,aliso-viejo-california
https://www.ubereats.com/orange-county/food-delivery/kfc-24541-trabuco-road/WC_7ysESSVG_SlkcOD6V0g,aliso-viejo-california
https://www.ubereats.com/orange-county/food-delivery/sheesh-lebanese-kitchen/kMI7QhRDTg2jxGbXmwIwrQ,aliso-viejo-california
https://www.ubereats.com/orange-county/food-delivery/mcdonalds-lake-forest-rockfield/byfiAe5hQPKJITw0MweClQ,aliso-viejo-california
https://www.ubereats.com/orange-county/food-delivery/starbucks-alicia-pkwy-%26-jeronimo/rruyJmg0StuYVl35D76hFw,aliso-viejo-california
https://www.ubereats.com/orange-county/food-delivery/thrive-juice-lab/G8Kq6RdCQ5--rZPRraUdhQ,aliso-viejo-california
https://www.ubereats.com/orange-county/food-delivery/slice-shabu-mission-viejo/oy3dYL7EShKVoSIw8oALTw,aliso-viejo-california
https://www.ubereats.com/orange-county/food-delivery/johnnys-real-new-york-pizza/rTVZz4OvRAO__iUKNAEEtA,aliso-viejo-california
https://www.ubereats.com/orange-county/food-delivery/tommy-pastrami-new-york-delicatessen-laguna-hills/9sDfbpNUS1uWoA5jbv0VtA,aliso-viejo-california
https://www.ubereats.com/orange-county/food-delivery/el-torito-24301-avenida-de-la-carlota/yfIdIsB8TsemBFlmuxXbDg,aliso-viejo-california
https://www.ubereats.com/orange-county/food-delivery/starbucks-los-olivos-market-place/FYfFWXYsRX2eEP33bKwHBQ,aliso-viejo-california
https://www.ubereats.com/orange-county/food-delivery/starbucks-greenfield-%26-crown-valley/Zmzi6H9tRwCY6CKMtTT0og,aliso-viejo-california
https://www.ubereats.com/orange-county/food-delivery/starbucks-oso-%26-antonio/9TIIHY8iSLGE3QD6-ureog,aliso-viejo-california
https://www.ubereats.com/orange-county/food-delivery/shish-taouk-restaurant/So7Blt6DQ2SHUGzB-9I3gw,aliso-viejo-california
https://www.ubereats.com/orange-county/food-delivery/bahar-restaurant/eelu0SktS76KiEmLVwiGeA,aliso-viejo-california
https://www.ubereats.com/orange-county/food-delivery/phans55-irvine-center/9o6cbihSRH2x04uWAgWVNA,aliso-viejo-california
https://www.ubereats.com/orange-county/food-delivery/new-york-deli-case/nxgEw-bLQJuY1rzn05vYDQ,aliso-viejo-california
https://www.ubereats.com/orange-county/food-delivery/del-taco-16211-lake-forest-dr/rfJSvgYHRpCMlB0dxQgpbg,aliso-viejo-california
https://www.ubereats.com/orange-county/food-delivery/curry-up-now-irvine/tK_D6LniSECqE6enxfDSWg,aliso-viejo-california
https://www.ubereats.com/orange-county/food-delivery/slice-of-the-pie-pizza/vCCGpuh7QG6BItvZltkLCw,aliso-viejo-california
https://www.ubereats.com/orange-county/food-delivery/little-france-bakery/-FPW6qPATLKDdQK3vkIqaA,aliso-viejo-california
https://www.ubereats.com/orange-county/food-delivery/komi-coffee/dovGySkAQFy15M-EK29-_g,aliso-viejo-california
https://www.ubereats.com/orange-county/food-delivery/starbucks-muirlands-%26-ridge-route/ulKhCgOBQO-ay_27-6VmPw,aliso-viejo-california
https://www.ubereats.com/orange-county/food-delivery/adya-irvine/x9Gksmu0T4mfArHIHUB62Q,aliso-viejo-california
https://www.ubereats.com/orange-county/food-delivery/green-burrito-26338-oso-pkwy/nQQN1mNiRma0legJGa9bww,aliso-viejo-california
https://www.ubereats.com/orange-county/food-delivery/fish-district-aliso-viejo/UHm9J36xQ9-NqgawQl3s4w,aliso-viejo-california
https://www.ubereats.com/orange-county/food-delivery/trattoria-contadina/bY1OQlo4QziyBWnz-Em4IA,aliso-viejo-california
https://www.ubereats.com/orange-county/food-delivery/pho-saigon-pearl-spectrum-center/cXNKTbHfSTOvsofbYKRtFw,aliso-viejo-california
https://www.ubereats.com/orange-county/food-delivery/sushi-wazen/ScW-0vQ4SW-5B3bOW-JKHA,aliso-viejo-california
https://www.ubereats.com/orange-county/food-delivery/thai-juan-on/cGELtYoTS_ux9lMibjIPAA,aliso-viejo-california
https://www.ubereats.com/orange-county/food-delivery/flemings-prime-steakhouse-%26-wine-bar-newport-beach/NpHjt-r-Stu30oJRSBDR0w,aliso-viejo-california
https://www.ubereats.com/orange-county/food-delivery/jersey-mikes-subs-mission-viejo-25280-c-marguerite-parkway/Ufi520F_REyiLXrS3mfu6g,aliso-viejo-california
https://www.ubereats.com/orange-county/food-delivery/teriyaki-madness-lake-forest-ca/v8cCCWspRdyGFb8Fm1RNvw,aliso-viejo-california
https://www.ubereats.com/orange-county/food-delivery/the-alley-irvine/3hAfgjaMTaeNB4Dqe5GGdg,aliso-viejo-california
https://www.ubereats.com/orange-county/food-delivery/which-wich-ladera-ranch/eDHMgvz7SQqU1sTCnWH1wQ,aliso-viejo-california
https://www.ubereats.com/orange-county/food-delivery/garden-grille/zfceeUs4SEGfwX_r0gdHPA,aliso-viejo-california
https://www.ubereats.com/orange-county/food-delivery/jack-in-the-box-6565-burt-road/y3NZtcAhQiyqOlvBFp5EJA,aliso-viejo-california
https://www.ubereats.com/orange-county/food-delivery/natraj-cuisine-of-india/I_9FfjbTS2elcZnZ59svdw,aliso-viejo-california
https://www.ubereats.com/orange-county/food-delivery/original-tommys-hamburgers-lake-forest/vsW6nJXTRsWgZXD0Wqsd0A,aliso-viejo-california
https://www.ubereats.com/orange-county/food-delivery/oke-poke-23646-rockfield-blvd/71Hsl5vBQwiTft7Wrn7HHQ,aliso-viejo-california
https://www.ubereats.com/orange-county/food-delivery/solo-ice-cream/lLlbbiC7RHyRW8beIOSeng,aliso-viejo-california
https://www.ubereats.com/orange-county/food-delivery/pikup-forx/VGm-qKxdRo2BHnaka0Rr1w,aliso-viejo-california
https://www.ubereats.com/orange-county/food-delivery/carls-jr-26338-oso-pkwy/9gunI4HqS0e4jGjht50Wmg,aliso-viejo-california
https://www.ubereats.com/orange-county/food-delivery/avilas-el-ranchito-mexican-restaurant-foothill-ranch/8noSqk0vRCqjJouVJbqUZw,aliso-viejo-california
https://www.ubereats.com/orange-county/food-delivery/the-ice-cream-shop/4r9FkV4ITtKXWijx8LDmYw,aliso-viejo-california
https://www.ubereats.com/orange-county/food-delivery/mint-restaurant/i_0cYa3aQgSXXtYGP9TpvQ,aliso-viejo-california
https://www.ubereats.com/orange-county/food-delivery/cava-27750-crown-valley-parkway/W2Vt5qnPSIylFAxVCu1Jug,aliso-viejo-california
https://www.ubereats.com/orange-county/food-delivery/el-pollo-loco-21212-bake-pkwy3490/bYfCfxV2TkSEc-Te6eARJw,aliso-viejo-california
https://www.ubereats.com/orange-county/food-delivery/starbucks-lake-forest-%26-dimension/ZwSUsBwvQn-l2SKUN0bPdg,aliso-viejo-california
https://www.ubereats.com/orange-county/food-delivery/togos-24751-alicia-pkwy-laguna-hills-ca/LwljM56IRyyJWO1nvpVstQ,aliso-viejo-california
https://www.ubereats.com/orange-county/food-delivery/dunkin-donuts-25242-mcintyre-st/385cVi_hQCe1gpfMXXaDRw,aliso-viejo-california
https://www.ubereats.com/orange-county/food-delivery/panda-express-laguna-niguel-32411-st-of-the-golden-lantern/UWMy08-lSjaQw0pPnetJEg,aliso-viejo-california
https://www.ubereats.com/orange-county/food-delivery/angelinas-pizzeria-napoletana/f0c5XdawSg-uS5st7R9PAg,aliso-viejo-california
https://www.ubereats.com/orange-county/food-delivery/boston-market-27100-alicia-parkway/4QlsTYm1TXOW3EIal7tEOA,aliso-viejo-california
https://www.ubereats.com/orange-county/food-delivery/euro-caffe-aliso-viejo/S6WVNdJnQ7uOy6dQAFHUiA,aliso-viejo-california
https://www.ubereats.com/orange-county/food-delivery/panda-express-27000-crown-valley-parkway/HjSwScUZQVCjSgSnGf3ejQ,aliso-viejo-california
https://www.ubereats.com/orange-county/food-delivery/scratch-bakery-cafe/un1ZO4TGRpS7MMVyiCwHlw,aliso-viejo-california
https://www.ubereats.com/orange-county/food-delivery/la-casita-olvera/RsxDPm_GS6mJemEWYL2QvQ,aliso-viejo-california
https://www.ubereats.com/orange-county/food-delivery/a-%26-j-restaurant/uTCGoMsFRwOcto4g03LQlA,aliso-viejo-california
https://www.ubereats.com/orange-county/food-delivery/chaupain-bakery/dha2qGmSRnaC58Im1KcZmg,aliso-viejo-california
https://www.ubereats.com/orange-county/food-delivery/the-pizza-press-rancho-santa-margarita/1x4Vj8SvT22YbzgVNdlTrg,aliso-viejo-california
https://www.ubereats.com/orange-county/food-delivery/the-habit-burger-grill-27748-crown-valley-parkway-ste-a/OSNaegMHSge7Jg6mIlmLyQ,aliso-viejo-california
https://www.ubereats.com/orange-county/food-delivery/burger-king-8695-irvine-center-drive/P4Oy021RSqawlM-5euujvg,aliso-viejo-california
https://www.ubereats.com/orange-county/food-delivery/burger-boss-mission-viejo/7D73IvsyRX6ReLF7S1GU4g,aliso-viejo-california
https://www.ubereats.com/orange-county/food-delivery/round-table-pizza-25290-marguerite-parkway/aZ3jeODfS46Q7FpNEPzSeQ,aliso-viejo-california
https://www.ubereats.com/orange-county/food-delivery/starbucks-lake-forest-%26-rockfield/feWQie6jRC-C0Rcqg0LldA,aliso-viejo-california
https://www.ubereats.com/orange-county/food-delivery/flame-broiler/C5ojhOAcQTuARu7y2Iu2yg,aliso-viejo-california
https://www.ubereats.com/orange-county/food-delivery/locca-churros-%2B-tea/HvDCNs4vTeekF1oAdsJGJw,aliso-viejo-california
https://www.ubereats.com/orange-county/food-delivery/the-buffalo-spot-irvine/okitOahoSmaP9pRoMJJszw,aliso-viejo-california
https://www.ubereats.com/orange-county/food-delivery/rubys-diner-laguna-hills/59DocJRfTnmCwlOjFiSa_w,aliso-viejo-california
https://www.ubereats.com/orange-county/food-delivery/shwack-beach-grill-dana-point/nAq7wRZnR5mnQwNblwr0Mw,aliso-viejo-california
https://www.ubereats.com/orange-county/food-delivery/pinos-cucina/4bFiSyUgQxa9Vs9cnG8yng,aliso-viejo-california
https://www.ubereats.com/orange-county/food-delivery/krave-kobe-burger/IyVzHpCWR9KEZjXQ31ZDHg,aliso-viejo-california
https://www.ubereats.com/orange-county/food-delivery/earth-bowl-superfoods/VBlFq9BLQuu66loiwE8zgA,aliso-viejo-california
https://www.ubereats.com/orange-county/food-delivery/high-park-taphouse/ISnfoWSuQWKg9e_t77-QFg,aliso-viejo-california
https://www.ubereats.com/orange-county/food-delivery/ritas-italian-ice-24845-del-prado-ave/BwifWr6KSqOd2mtWZBK8Aw,aliso-viejo-california
https://www.ubereats.com/orange-county/food-delivery/miyabi-shabu-and-grill/Eqmi91beRMG4J5homb3YyQ,aliso-viejo-california
https://www.ubereats.com/orange-county/food-delivery/burger-king-27470-alicia-pkwy/9MhPxzsAQv6DFfp41YWWEg,aliso-viejo-california
https://www.ubereats.com/orange-county/food-delivery/the-habit-burger-grill-32505-golden-lantern-st/6vEgZ4RRQ5iIiJoLtiJ4fA,aliso-viejo-california
https://www.ubereats.com/orange-county/food-delivery/the-ice-cream-shop/C329IgtXR1qZB9jOPSGkBg,aliso-viejo-california
https://www.ubereats.com/orange-county/food-delivery/paradis-ice-cream-pch-highway/v-plMTsHQbGINRgsmJD6zA,aliso-viejo-california
https://www.ubereats.com/orange-county/food-delivery/jamba-juice-32585-street-of-the-golden-lantern/W0hgHDxGTACr601PFYG2LQ,aliso-viejo-california
https://www.ubereats.com/orange-county/food-delivery/ameci-pizza-%26-pasta-irvine/22AxNSj6SAOKbdHcAW9G7A,aliso-viejo-california
https://www.ubereats.com/orange-county/food-delivery/rubys-diner-shops-at-mission-viejo/RMDZB_xSQj2fdFXX6uabyw,aliso-viejo-california
https://www.ubereats.com/orange-county/food-delivery/yeemy-yummy-bento-box-%26-rougamo/SwEE6g8CTt2EMf_F664ghA,aliso-viejo-california
https://www.ubereats.com/orange-county/food-delivery/daphnes-california-greek-lake-forest/fQcwFperQLS8Yp77e1jepQ,aliso-viejo-california
https://www.ubereats.com/orange-county/food-delivery/hai-master-kitchen/luaJ1zezRJaZuxPI2nrkKQ,aliso-viejo-california
https://www.ubereats.com/orange-county/food-delivery/tikka-curry-bowls/GBOe4f9JSUq27SFpgg8qeQ,aliso-viejo-california
https://www.ubereats.com/orange-county/food-delivery/mcdonalds-lake-forest/HpZqarScTx6QMk8Zbj9BmQ,aliso-viejo-california
https://www.ubereats.com/orange-county/food-delivery/zpizza-32371-street-of-the-golden-lantern-laguna-niguel/FNhB3f_KRD-_HCl1qDggHA,aliso-viejo-california
https://www.ubereats.com/orange-county/food-delivery/thai-fix/z1sT8nGXRGeSJKIkypy0EQ,aliso-viejo-california
https://www.ubereats.com/orange-county/food-delivery/saffron-%26-rose-persian-ice-cream-4523-campus-dr/nNH7Jpx5SrizimfutaGIfg,aliso-viejo-california
https://www.ubereats.com/orange-county/food-delivery/pizzeria-amore/xvoQujFMQFSgcFqWh_lw2A,aliso-viejo-california
https://www.ubereats.com/orange-county/food-delivery/sushi-%26-roll/Vjh0im5YRfiPwEQoEZH80w,aliso-viejo-california
https://www.ubereats.com/orange-county/food-delivery/board-%26-brew-laguna-niguel-north/l3CiRx6kS46DavwiMw6xjA,aliso-viejo-california
https://www.ubereats.com/orange-county/food-delivery/starfish-laguna-south-pacific-coast-highway/PoyWj0rTQ12-EC_Rnoo6nQ,aliso-viejo-california
https://www.ubereats.com/orange-county/food-delivery/menchies-frozen-yogurt-25280-marguerite-pkwy/PPzKhqpeSt6X1v0V6ZZT4Q,aliso-viejo-california
https://www.ubereats.com/orange-county/food-delivery/hatam-restaurant/MEry4GhhT4mR-PriXcNqGw,aliso-viejo-california
https://www.ubereats.com/orange-county/food-delivery/bjs-restaurant-%26-brewhouse-24032-el-toro-road/cJSOsqgUSu608tfhf2nvCw,aliso-viejo-california
https://www.ubereats.com/orange-county/food-delivery/inkas/c27eEeJjS1iZqIEvCDZbPg,aliso-viejo-california
https://www.ubereats.com/orange-county/food-delivery/fuddruckers-lake-forest/oueL883wSmaCfn9cEkmaRQ,aliso-viejo-california
https://www.ubereats.com/orange-county/food-delivery/pho-tung-%26-cafe/X6gFdbOSTkmoM2t-dofh-A,aliso-viejo-california
https://www.ubereats.com/orange-county/food-delivery/starbucks-la-paz-%26-pacific-park/My29APflT2iHq1Jh17UETg,aliso-viejo-california
https://www.ubereats.com/orange-county/food-delivery/titans-pho-asian-bistro/TrCdQzWQRTy6Xs-mIzpKwg,aliso-viejo-california
https://www.ubereats.com/orange-county/food-delivery/rubios-25482-marguerite-pkwy/aPdUbRroT9SfaOu5Gprwaw,aliso-viejo-california
https://www.ubereats.com/orange-county/food-delivery/big-fish-little-fish/qCVWULzgSfSsK8N-Fo-cUg,aliso-viejo-california
https://www.ubereats.com/orange-county/food-delivery/le-cafe-du-parc/Ji6sCYVxQxGKgb-5Z6OkzQ,aliso-viejo-california
https://www.ubereats.com/orange-county/food-delivery/burger-box/0e1ec6atQICnNZnXdghFCw,aliso-viejo-california
https://www.ubereats.com/orange-county/food-delivery/dunkin-donuts-635-camino-de-los-mares/Ej7tbBsGT7SzR_nYx3SnEw,aliso-viejo-california
https://www.ubereats.com/orange-county/food-delivery/papa-johns-29941-aventura-suite-a/v9hdE5eeQbWZHj7aJgUfJA,aliso-viejo-california
https://www.ubereats.com/orange-county/food-delivery/carls-jr-27092-la-paz-rd/afn5TUDvSFKdazSK-NkklQ,aliso-viejo-california
https://www.ubereats.com/orange-county/food-delivery/blk-dot-coffee-n-coast-hwy/u_WyT9AMQH2s7uB4SAvsxA,aliso-viejo-california
https://www.ubereats.com/orange-county/food-delivery/tutor-%26-spunkys-deli/wl8nhUU7Q46S4ckFVVrbiA,aliso-viejo-california
https://www.ubereats.com/orange-county/food-delivery/zpizza-30822-coast-hwy-laguna-beach/idY__OShQyWEuo6ZOclVtQ,aliso-viejo-california
https://www.ubereats.com/orange-county/food-delivery/kfc-30071-alicia-parkway/F5NI8QqkTxee_QGwSTKYkQ,aliso-viejo-california
https://www.ubereats.com/orange-county/food-delivery/poki-and-sushi/PLgzYMWgSjuYW7EOLBhIVg,aliso-viejo-california
https://www.ubereats.com/orange-county/food-delivery/raya/P42FIAHjRD6JUk2WwQghHg,aliso-viejo-california
https://www.ubereats.com/orange-county/food-delivery/indo-ranch/I4hlNXvoQoiu-6d-DJ1yFA,aliso-viejo-california
https://www.ubereats.com/orange-county/food-delivery/starbucks-el-toro-%26-paseo-de-valencia/ud-YB1y-Sl2MCgY_vxSV-w,aliso-viejo-california
https://www.ubereats.com/orange-county/food-delivery/wienerschnitzel-25202-cabot-rd/i_KQ4QuBT_OFIn1EI9OfPQ,aliso-viejo-california
https://www.ubereats.com/orange-county/food-delivery/the-flame-broiler/kkrvIq0NTTGyLP9XKZCrVQ,aliso-viejo-california
https://www.ubereats.com/orange-county/food-delivery/taqueria-de-anda-lake-forest/sfUzciDcRCOCUtZmvTd00g,aliso-viejo-california
https://www.ubereats.com/orange-county/food-delivery/meiji/Rh6jc6F2SoiBjvvFGT3tdw,aliso-viejo-california
https://www.ubereats.com/orange-county/food-delivery/papa-johns-22335-el-toro-rd/AE2WCT4gRqa8gPCI-D2UPQ,aliso-viejo-california
https://www.ubereats.com/orange-county/food-delivery/starbucks-alicia-pkwy-%26-paseo-de-valenci/zvSIEKR7S9ibhr56Eirv9w,aliso-viejo-california
https://www.ubereats.com/orange-county/food-delivery/cafe-au-lait/IChjsppITNyqhB5EO5I3Yg,aliso-viejo-california
https://www.ubereats.com/orange-county/food-delivery/southern-spice/wXZwjLQ-Qm-9X3Ejv1kfvw,aliso-viejo-california
https://www.ubereats.com/orange-county/food-delivery/el-toro-bravo-laguna-hills/QLTmbLX3Tqu3sUuGkvlFUQ,aliso-viejo-california
https://www.ubereats.com/orange-county/food-delivery/porkys-pizza/h--a7t5qR9Kp108TP0insA,aliso-viejo-california
https://www.ubereats.com/orange-county/food-delivery/starbucks-marguerite-%26-avery/8ZNmzgmXToyKJ-urqB6mLQ,aliso-viejo-california
https://www.ubereats.com/orange-county/food-delivery/menchies-frozen-yogurt-30211-golden-lantern-suite-a/MkIq1gsUSYGWpJqbCw0v7g,aliso-viejo-california
https://www.ubereats.com/orange-county/food-delivery/mod-pizza-nellie-gail/fCW2tkJzTf2vh0TSkDotJg,aliso-viejo-california
https://www.ubereats.com/orange-county/food-delivery/haagen-dazs-745-spectrum-center-drive/iH4zFkCBRiq0svaKbcHAHg,aliso-viejo-california
https://www.ubereats.com/orange-county/food-delivery/the-flame-broiler-22485-el-toro/-VwRpGdwSI2bgXphfUn__Q,aliso-viejo-california
https://www.ubereats.com/orange-county/food-delivery/bawarchi-biryanis/fxVXNdxnTomVQpvLl8jsXw,aliso-viejo-california
