url,city
https://www.ubereats.com/atlanta/food-delivery/chin-chin-alpharetta/HLGWYeTxRE6tMk_klEUGBA,alpharetta-georgia
https://www.ubereats.com/atlanta/food-delivery/shade-tree-kitchen-roswell/8qxY6dxvSyiPQtlrqYvbTw,alpharetta-georgia
https://www.ubereats.com/atlanta/food-delivery/taste-of-india/mBLS1jcNSAmJ8nB0rzX55w,alpharetta-georgia
https://www.ubereats.com/atlanta/food-delivery/ruths-chris-steak-house-alpharetta/1woxNVW2Rg-5jd7Qmnwb6g,alpharetta-georgia
https://www.ubereats.com/atlanta/food-delivery/bombay-flames/-HS5KJrZTrSgfuq957icdw,alpharetta-georgia
https://www.ubereats.com/atlanta/food-delivery/aku-sushi-ramen/N8kZmKDqRQ-nH8f3X8okiw,alpharetta-georgia
https://www.ubereats.com/atlanta/food-delivery/slopes-bbq-alpharetta/HHli63AhQNWkYfkdl_mRvA,alpharetta-georgia
https://www.ubereats.com/atlanta/food-delivery/tropical-smoothie-cafe-roswell-crossing/13f8fGkJS0CxDx2E-hDjxA,alpharetta-georgia
https://www.ubereats.com/atlanta/food-delivery/las-palmas-mexican-restaurant-cumming/Dp1vwLUVTlOc0OkyVWBouw,alpharetta-georgia
https://www.ubereats.com/atlanta/food-delivery/china-restaurant/VPrtOKuQTaynTHF80rg4Uw,alpharetta-georgia
https://www.ubereats.com/atlanta/food-delivery/tin-drum-asian-kitchen-johns-creek/olHNrZcgQQm2XD3P7Vznmw,alpharetta-georgia
https://www.ubereats.com/atlanta/food-delivery/zaxbys-state-bridge-rd/NE9OAjQxTxCqi3kk1me1XQ,alpharetta-georgia
https://www.ubereats.com/atlanta/food-delivery/cracker-barrel-old-country-store-675-buford-hwy/Xh6-mjsXRbyF2MBjwz_qGw,alpharetta-georgia
https://www.ubereats.com/atlanta/food-delivery/chippers-club/GAs4FApmSZWpEsEIXpXXnQ,alpharetta-georgia
https://www.ubereats.com/atlanta/food-delivery/subway-131-a-south-main-st/qHVDUDbTQXGSaS0fX1bpIA,alpharetta-georgia
https://www.ubereats.com/atlanta/food-delivery/haagen-dazs-1000-north-point-circle/3wDObcq5Qr2C6CzG2y1xLg,alpharetta-georgia
https://www.ubereats.com/atlanta/food-delivery/js-asian-cafe/n3QEDBZLThu5-8OlB9A4pg,alpharetta-georgia
https://www.ubereats.com/atlanta/food-delivery/2b-whole-gluten-free-european-bakery/R4UKbnXsSySYfTru6SDgcw,alpharetta-georgia
https://www.ubereats.com/atlanta/food-delivery/starbucks-haynes-bridge-village/92U0pMv1TKS597SyHtFxuQ,alpharetta-georgia
https://www.ubereats.com/atlanta/food-delivery/senor-patron-alpharetta/fEoVmscORBaekgHQQjnMrQ,alpharetta-georgia
https://www.ubereats.com/atlanta/food-delivery/willys-mexicana-grill-5304-windward-parkway/Pew-etpkTW2L_ydmfGBddw,alpharetta-georgia
https://www.ubereats.com/atlanta/food-delivery/krispy-kreme-alpharetta-hwy-%26-mansell-rd/d11S1VvkQnulz0udl08jpA,alpharetta-georgia
https://www.ubereats.com/atlanta/food-delivery/tea-station/8OlZvX9HQwSChkFzM_bbig,alpharetta-georgia
https://www.ubereats.com/atlanta/food-delivery/your-pie-pizza-johns-creek/gRy_aol2TxuExPzIzX9LaA,alpharetta-georgia
https://www.ubereats.com/atlanta/food-delivery/fry-me-2-the-moon-alpharetta/44cu6acZRpOplvQ-SmgU0g,alpharetta-georgia
https://www.ubereats.com/atlanta/food-delivery/hibachi-express-alpharetta/MO2rR4yCTTet_JMBI48HuQ,alpharetta-georgia
https://www.ubereats.com/atlanta/food-delivery/village-burger-johns-creek/QsfDnVBFRQGtH8sgdwu5iw,alpharetta-georgia
https://www.ubereats.com/atlanta/food-delivery/monkey-68-kitchen-and-bar/-TjpiLMOSGCcsk1rmia77Q,alpharetta-georgia
https://www.ubereats.com/atlanta/food-delivery/gyro-cafe/dyfH2uZSRf2otXKeoV_cdw,alpharetta-georgia
https://www.ubereats.com/atlanta/food-delivery/em-bop/plYARy_IQyyK3i7IOa6xCg,alpharetta-georgia
https://www.ubereats.com/atlanta/food-delivery/davincis-pizzeria/gCVTo9lrT2uJ14wOzsbdeg,alpharetta-georgia
https://www.ubereats.com/atlanta/food-delivery/dunkin-775-holcomb-bridge-rd/h6cYugXUSxa25tHEB4j_gw,alpharetta-georgia
https://www.ubereats.com/atlanta/food-delivery/masti-fun-indian-street-eats/OPesnBS4S1GRUWGWA_CkRQ,alpharetta-georgia
https://www.ubereats.com/atlanta/food-delivery/gus-dumplings-halcyon/67L4geDERwGymC0JyP9-Kg,alpharetta-georgia
https://www.ubereats.com/atlanta/food-delivery/7104-bonefish-grill-11705-c-jones-bridge-road/PdbnyY4US6e9CdugfYtk-Q,alpharetta-georgia
https://www.ubereats.com/atlanta/food-delivery/chicken-salad-chick-alpharetta/QdQ7OnVZTUqUTB1pX-5QdQ,alpharetta-georgia
https://www.ubereats.com/atlanta/food-delivery/yummy-top/v64xRGl8SMyJuaeitW0TaA,alpharetta-georgia
https://www.ubereats.com/atlanta/food-delivery/mr-taco-alpharetta/5feF2w7nTLeQhO9bZjCJdA,alpharetta-georgia
https://www.ubereats.com/atlanta/food-delivery/pepperonis-tavern/68LvpYBnTj2Kik80Bxp7iA,alpharetta-georgia
https://www.ubereats.com/atlanta/food-delivery/salata-6210-town-square-street/kHZklLw1Qv2eqOJ7EbZ9OQ,alpharetta-georgia
https://www.ubereats.com/atlanta/food-delivery/hooligans-alpharetta/h6wcxWmCQEiExgyYBLRnJw,alpharetta-georgia
https://www.ubereats.com/atlanta/food-delivery/zaxbys-7140-mcginnis-ferry-rd/99zmdplkSLahCNXfjM5OlQ,alpharetta-georgia
https://www.ubereats.com/atlanta/food-delivery/buffalo-wild-wings-10890-haynes-bridge-rd/Up3YcuWVS1WU_RqBOvpytw,alpharetta-georgia
https://www.ubereats.com/atlanta/food-delivery/the-fickle-pickle/sRz3AslYQAK-f2s-bHJSag,alpharetta-georgia
https://www.ubereats.com/atlanta/food-delivery/local-on-north-roswell/aS03XSJ1S5itXWz9swohZA,alpharetta-georgia
https://www.ubereats.com/atlanta/food-delivery/dunkin-1590-holcomb-bridge-rd-suite-100/puPKFflpS5ujGuH-ONvstg,alpharetta-georgia
https://www.ubereats.com/atlanta/food-delivery/firehouse-subs-cumming/ZW4jIkWYS3CqgBmffRfFrg,alpharetta-georgia
https://www.ubereats.com/atlanta/food-delivery/grecian-gyro-johns-creek/HNlpA34cSi69dnV2F4IrfQ,alpharetta-georgia
https://www.ubereats.com/atlanta/food-delivery/chick-fil-a-6085-n-point-pkwy/30FtVi5TSc2IHJivnUUgDA,alpharetta-georgia
https://www.ubereats.com/atlanta/food-delivery/zaxbys-107-claremore-dr-woodstock/o2tG3Ii4TgqVZQjq5FpOoQ,alpharetta-georgia
https://www.ubereats.com/atlanta/food-delivery/wild-wing-cafe-alpharetta/_UlRnEyNQpqp6zBTssJxQw,alpharetta-georgia
https://www.ubereats.com/atlanta/food-delivery/village-tavern-alpharetta/VI9fmMMJTYStZG7xuwN67Q,alpharetta-georgia
https://www.ubereats.com/atlanta/food-delivery/delightful-donuts/FgIjMXGZSku3Sr1gCwVAsQ,alpharetta-georgia
https://www.ubereats.com/atlanta/food-delivery/burger-king-11780-haynes-bridge-road/-4jMYbbERJOkNqL9sP34SA,alpharetta-georgia
https://www.ubereats.com/atlanta/food-delivery/another-broken-egg-cafe-alpharetta/J2f3qsqdSLS3K3-y3Vo1LQ,alpharetta-georgia
https://www.ubereats.com/atlanta/food-delivery/atlanta-bread-%26-bar/p_fjesS2Se6GbMfNWRiqgw,alpharetta-georgia
https://www.ubereats.com/atlanta/food-delivery/dunkin-6020-atlanta-hwy/groiDE4ARzuvsjXNifKtpw,alpharetta-georgia
https://www.ubereats.com/atlanta/food-delivery/dunkin-5470-bethelview-rd/oxWpJC5JQyumg3vZUeL6DA,alpharetta-georgia
https://www.ubereats.com/atlanta/food-delivery/the-original-pancake-house-5530-windward-pkwy-ste-120-bldg-a/pCqvtzh0QHSjIEe4AB3CqQ,alpharetta-georgia
https://www.ubereats.com/atlanta/food-delivery/lalitos-mexican-bar-%26-grill/lWb24vEwTtS0Gces10xuRA,alpharetta-georgia
https://www.ubereats.com/atlanta/food-delivery/suvidha-kitchen-alpharetta/1ALX_GS_Q7-lbdu1PxHVwQ,alpharetta-georgia
https://www.ubereats.com/atlanta/food-delivery/sunshine-two-chinese/cTehW0l4SSGNPUIAKYUE9g,alpharetta-georgia
https://www.ubereats.com/atlanta/food-delivery/subway-5160-mcginnis-ferry-rd/JzHmebusSPeliptvR5I0Zg,alpharetta-georgia
https://www.ubereats.com/atlanta/food-delivery/aladdins-mediterranean-grill-and-deli-sandy-springs/Q90iYg0ZTUi01_5kyaysCQ,alpharetta-georgia
https://www.ubereats.com/atlanta/food-delivery/ippolitos/R93wnV4IR4Ws8Sk2bK5HYg,alpharetta-georgia
https://www.ubereats.com/atlanta/food-delivery/arbys-8753-roswell-rd/E0E2DhmZTladx5ZuGnYQ8g,alpharetta-georgia
https://www.ubereats.com/atlanta/food-delivery/sushi-mio/VTMXMoE1S92rUN751RHz0A,alpharetta-georgia
https://www.ubereats.com/atlanta/food-delivery/dunkin-11706-alpharetta-hwy-suite-400/4FqgqgJRTCmJfkzMuWMEwQ,alpharetta-georgia
https://www.ubereats.com/atlanta/food-delivery/arbys-brookside-pkwy-%26-old-milton-pkwy/AUZu2aIaSiSI5cTcsuxECA,alpharetta-georgia
https://www.ubereats.com/atlanta/food-delivery/nilgiris-bakery-%26-cafe/oVJOOxlgQB-A8JQi1vV3rA,alpharetta-georgia
https://www.ubereats.com/atlanta/food-delivery/brusters-real-ice-cream-8420-holcomb-bridge-rd/2dgqJ1RlTBu7pIbAALO7vA,alpharetta-georgia
https://www.ubereats.com/atlanta/food-delivery/lavena-cafe/bXyNmGS4SBe1Ulcw-9D46Q,alpharetta-georgia
https://www.ubereats.com/atlanta/food-delivery/izumi-asian-bistro/ZOEZZikXRUS10963UcJugg,alpharetta-georgia
https://www.ubereats.com/atlanta/food-delivery/jersey-mikes-subs-12850-alpharetta-hwy/ERk6_b5nTRebHYhJyb61nw,alpharetta-georgia
https://www.ubereats.com/atlanta/food-delivery/moes-original-bar-b-que/80T7N7TpQEygN0-ewSZnmA,alpharetta-georgia
https://www.ubereats.com/atlanta/food-delivery/press-blend-squeeze-forum/sEKRfSStQECTW7cUdherUQ,alpharetta-georgia
https://www.ubereats.com/atlanta/food-delivery/smoothie-king-6124-hickory-flat-hwy/6zabVCEuQ2mAJrlxx_tUOQ,alpharetta-georgia
https://www.ubereats.com/atlanta/food-delivery/philly-connection-roswell/tyj9fMnVQaW8ep-HTg_NQw,alpharetta-georgia
https://www.ubereats.com/atlanta/food-delivery/arbys-403-tri-county-plaza/sMtSrVOySoKHKsNFNfvNRQ,alpharetta-georgia
https://www.ubereats.com/atlanta/food-delivery/jersey-mikes-subs-906-market-place-blvd-suite-103/cvrtxFiSRcWjhai2nMjeMQ,alpharetta-georgia
https://www.ubereats.com/atlanta/food-delivery/applebees-504-lakeland-plaza/f7FibSVPSYm9GObALU7ZTQ,alpharetta-georgia
https://www.ubereats.com/atlanta/food-delivery/salad-express-roswell/PHuiUIZISJ-Z3VUlst9AuA,alpharetta-georgia
https://www.ubereats.com/atlanta/food-delivery/arbys-3900-brookside-pkwy/HfLo1S1wTkOYF4-jD5CTqQ,alpharetta-georgia
https://www.ubereats.com/atlanta/food-delivery/tropical-smoothie-cafe-windward-promenade/GSItCZOoQ3WkJUUTiFf3LQ,alpharetta-georgia
https://www.ubereats.com/atlanta/food-delivery/big-pie-in-the-sky-roswell/05BhLCoVQL-cTHmy8-qvhg,alpharetta-georgia
https://www.ubereats.com/atlanta/food-delivery/salata-2560-old-milton-rd-110/oL2VJ4kxRY2zjmtklrnAyQ,alpharetta-georgia
https://www.ubereats.com/atlanta/food-delivery/ichiban-steak-%26-sushi-the-collection-at-forsyth/7d7Wgg5pQEyhEeQQl1aHnA,alpharetta-georgia
https://www.ubereats.com/atlanta/food-delivery/sarah-donuts/eLN82bVSSu6dRsLNXUogOw,alpharetta-georgia
https://www.ubereats.com/atlanta/food-delivery/first-watch-cumming/Vf10arWlRe-qErBD0hfJwQ,alpharetta-georgia
https://www.ubereats.com/atlanta/food-delivery/cafeteria-tia-roseta/aeRwP_KpTCiGCk6isEk6Bw,alpharetta-georgia
https://www.ubereats.com/atlanta/food-delivery/my-stir-fry/JnYMDOPXSbmfKU7cD_RLUQ,alpharetta-georgia
https://www.ubereats.com/atlanta/food-delivery/starbucks-bethany-%26-hwy-9/bcAFa_KXQHCWuvbGlsavOw,alpharetta-georgia
https://www.ubereats.com/atlanta/food-delivery/taco-mac-duluth/8ic4I-MBTKKi5-zyByMHqA,alpharetta-georgia
https://www.ubereats.com/atlanta/food-delivery/main-event-alpharetta/N2SNEXTnTcC1wLPkT-RDmA,alpharetta-georgia
https://www.ubereats.com/atlanta/food-delivery/benihana-2365-mansell-road/FvSMV-NoRtKchFVNbT0pnA,alpharetta-georgia
https://www.ubereats.com/atlanta/food-delivery/moes-southwest-grill-mansell/5rBB4sNBT125Djpm1ksksw,alpharetta-georgia
https://www.ubereats.com/atlanta/food-delivery/southern-baked-pie-company-alpharetta/_c-wxR7LSqOFJuidMx_QKA,alpharetta-georgia
https://www.ubereats.com/atlanta/food-delivery/captain-ds-705-holcomb-bridge-rd/JwpFT8SoRfSpXdGZSIMKXQ,alpharetta-georgia
https://www.ubereats.com/atlanta/food-delivery/hola!-taqueria-and-bar/7ea8aj8tTFaI9zdPVnqv8Q,alpharetta-georgia
https://www.ubereats.com/atlanta/food-delivery/north-river-tavern/kehPDDiNR0e9x7khSmjn6g,alpharetta-georgia
https://www.ubereats.com/atlanta/food-delivery/arbys-665-w-crossville-rd/-OwBgxzMRxWuN6_j6FEl-w,alpharetta-georgia
https://www.ubereats.com/atlanta/food-delivery/panda-cafe/ZShZZGGKRuO41o0V95lESQ,alpharetta-georgia
https://www.ubereats.com/atlanta/food-delivery/marcos-pizza-13800-ga-hwy-9n/ZIdge2P1Rza5W2TVtqSOYg,alpharetta-georgia
https://www.ubereats.com/atlanta/food-delivery/buffalos-cafe-991-peachtree-industrial-blvd/_op8O1-hQfWwevxlBsjvog,alpharetta-georgia
https://www.ubereats.com/atlanta/food-delivery/j-christophers-crabapple/IA7s-z5YRj6wbn_zqBMJ8w,alpharetta-georgia
https://www.ubereats.com/atlanta/food-delivery/ocharleys-920-buford-road/AMF19LLFRZyGNsIRAl9DEQ,alpharetta-georgia
https://www.ubereats.com/atlanta/food-delivery/rosamia-ristorante-italiano-alpharetta/PpBf5tLwRXWcgX7bZ6o-Hw,alpharetta-georgia
https://www.ubereats.com/atlanta/food-delivery/johnnys-new-york-style-pizza-7887a-roswell-road/l2_qhiYZRoSIiA9fYbb5kw,alpharetta-georgia
https://www.ubereats.com/atlanta/food-delivery/farmers-basket-alpharetta/KWpWcpH6Si2ImHqdZqfRDg,alpharetta-georgia
https://www.ubereats.com/atlanta/food-delivery/pza-alpharetta/EXMmxNQ8Q9e6PPK0aiP59w,alpharetta-georgia
https://www.ubereats.com/atlanta/food-delivery/moes-southwest-grill-alpharetta/jdps2vItTuKBuwR5yC7m3w,alpharetta-georgia
https://www.ubereats.com/atlanta/food-delivery/dee-thai/SpcThHDNQI-t6iud6RZkzA,alpharetta-georgia
https://www.ubereats.com/atlanta/food-delivery/cafe-landmark/6TF43WbUTjClgXvBot_akw,alpharetta-georgia
https://www.ubereats.com/atlanta/food-delivery/o4w-pizza/rwYAqpfuQDKFMCNHWI1Kfg,alpharetta-georgia
https://www.ubereats.com/atlanta/food-delivery/outback-steakhouse-655-crossville-road/ss8icXSTSym8TC3CD1PShg,alpharetta-georgia
https://www.ubereats.com/atlanta/food-delivery/dukes-bar-%26-grill/nAw3Tll_QwKPwsRcfVH97g,alpharetta-georgia
https://www.ubereats.com/atlanta/food-delivery/windward-tavern/BDoH-RYSQ4OIwnkTZ-B4wA,alpharetta-georgia
https://www.ubereats.com/atlanta/food-delivery/arbys-1505-mcfarland-parkway/FKhMp7zaQzqT3o-bDNWGcA,alpharetta-georgia
https://www.ubereats.com/atlanta/food-delivery/loyal-tavern/bDjRbslIR_aFWzTXNpSSAg,alpharetta-georgia
https://www.ubereats.com/atlanta/food-delivery/adobo-taqueria-%26-tequila-bar/KT3v1LgPTBqAdhOo18lBlg,alpharetta-georgia
https://www.ubereats.com/atlanta/food-delivery/sandy-springs-diner/zKydGm0NSxOFpw-6ANyhdA,alpharetta-georgia
https://www.ubereats.com/atlanta/food-delivery/moes-southwest-grill-alpharetta/1P7thuaxQC--RjmLVu7tbQ,alpharetta-georgia
https://www.ubereats.com/atlanta/food-delivery/baldinos-giant-jersey-subs/E7nOEVy-RvyQJ11Ric_eYA,alpharetta-georgia
https://www.ubereats.com/atlanta/food-delivery/flippin-pizza-specials/Ct87cDwZQEqzghYkx5ktig,alpharetta-georgia
https://www.ubereats.com/atlanta/food-delivery/mambos-cafe/eGrUq5PgQx2y-XpjOrXk_Q,alpharetta-georgia
https://www.ubereats.com/atlanta/food-delivery/pizza-hut-661-holcomb-bridge-rd/hSKOVfc1QNaQy4r2IvEGaw,alpharetta-georgia
https://www.ubereats.com/atlanta/food-delivery/enzo-hibachi-grill-%26-sushi-chattahoochee/_TYKnIeLS4mCqgwkIWYWMA,alpharetta-georgia
https://www.ubereats.com/atlanta/food-delivery/fuzzys-taco-shop/QMOztH9qTuu9jz4drYLaWw,alpharetta-georgia
https://www.ubereats.com/atlanta/food-delivery/sweet-kitchen/zQJDHULvTu2Q4GI18xajxA,alpharetta-georgia
https://www.ubereats.com/atlanta/food-delivery/chabathai/Y6yVc1VzQ6Gm7bdl0EnIpQ,alpharetta-georgia
https://www.ubereats.com/atlanta/food-delivery/popeyes-old-milton-pkwy/qDkPu2ogSYyn3Wz7fmjjGQ,alpharetta-georgia
https://www.ubereats.com/atlanta/food-delivery/galeto-alpharetta/-abBwVqxQIWMoiLE1yMiaA,alpharetta-georgia
https://www.ubereats.com/atlanta/food-delivery/pizza-hut-670-atlanta-rd/UD0Up9SORViN_HmxTHfu1w,alpharetta-georgia
https://www.ubereats.com/atlanta/food-delivery/jinya-ramen-bar-alpharetta/RL1a84KnQti6QmsmbAA1Ww,alpharetta-georgia
https://www.ubereats.com/atlanta/food-delivery/red-lobster-1050-holcomb-bridge-road/SySEmy3OT1GnZAA0GilzJg,alpharetta-georgia
https://www.ubereats.com/atlanta/food-delivery/the-diner-at-north-point/F_uh7pzfQWOowEElXfQvJQ,alpharetta-georgia
https://www.ubereats.com/atlanta/food-delivery/hardees-1500839/icFCkDgyRviU7wNALeq0RA,alpharetta-georgia
https://www.ubereats.com/atlanta/food-delivery/yummy-japanese-steakhouse/Vrib9B0IRM-6-PuwajgbhQ,alpharetta-georgia
https://www.ubereats.com/atlanta/food-delivery/ceviche-taqueria-%26-margarita-bar-roswell/BVWcXk-tQrSznjvf42MJYw,alpharetta-georgia
https://www.ubereats.com/atlanta/food-delivery/taco-bell-3579-peachtree-pkwy/XoSiMaQJQCqofkExcVA52w,alpharetta-georgia
https://www.ubereats.com/atlanta/food-delivery/farm-to-ladle-avalon/yHMcyYL_S4qp7PJih1tVyw,alpharetta-georgia
https://www.ubereats.com/atlanta/food-delivery/snowy-rolls-ice-cream/MyWuT6YFQUepQ0xwJHQoZA,alpharetta-georgia
https://www.ubereats.com/atlanta/food-delivery/yeero-village-roswell/JuMlx2hhSbqk8oSWMl5tbg,alpharetta-georgia
https://www.ubereats.com/atlanta/food-delivery/maki-sushi/wezgEqsETeGSkc6rMn0NFw,alpharetta-georgia
https://www.ubereats.com/atlanta/food-delivery/wheres-the-scoop-alpharetta/HAHjhT5jQ4SiqNlV-5HXpw,alpharetta-georgia
https://www.ubereats.com/atlanta/food-delivery/el-potrillo-alpharetta/UlQDqu66TZaqoc-Knsomdg,alpharetta-georgia
https://www.ubereats.com/atlanta/food-delivery/citizen-soul/kknqrrgcSlu-5ZV40mMjOA,alpharetta-georgia
https://www.ubereats.com/atlanta/food-delivery/wnb-factory-wings-%26-burger-sandy-springs/tTp8W9FjTI2cpTpacFso1A,alpharetta-georgia
https://www.ubereats.com/atlanta/food-delivery/poke-life/Z2TDhNxiSvOdGLYpkZtJmw,alpharetta-georgia
https://www.ubereats.com/atlanta/food-delivery/zaxbys-northpoint-pkwy/PYXl5xTDTWepo8wkqLIw8A,alpharetta-georgia
https://www.ubereats.com/atlanta/food-delivery/ethiopiques-cafe-and-restaurant/BXRFc47YS6GEfsPdxllnvA,alpharetta-georgia
https://www.ubereats.com/atlanta/food-delivery/steak-n-shake-2355-north-point-court/3DwkBrZeTJaA7klT2UpVpg,alpharetta-georgia
https://www.ubereats.com/atlanta/food-delivery/hibachi/8nF6NzC-TOCxYVGXT47mcw,alpharetta-georgia
https://www.ubereats.com/atlanta/food-delivery/brusters-3855-old-milton-parkway/wmqpCh9ATNW7S2Jkfrbnbg,alpharetta-georgia
https://www.ubereats.com/atlanta/food-delivery/vincenzas-pizzeria/gmQjetjQQaGakZBklwTn9Q,alpharetta-georgia
https://www.ubereats.com/atlanta/food-delivery/cafe-efendi/JFi1ikhuSgqthlz1CmLF7w,alpharetta-georgia
https://www.ubereats.com/atlanta/food-delivery/rosatis-pizza-415-peachtree-pkwy-%23200/QbuFAZ96ReWmMzQwl7-TPQ,alpharetta-georgia
https://www.ubereats.com/atlanta/food-delivery/pizza-hut-6415-highway-9-ste-c/YMzDUrznRKCIFMchb4Qujw,alpharetta-georgia
https://www.ubereats.com/atlanta/food-delivery/branchwater/yUbqsTdEQl6F7T-9S3W6Sg,alpharetta-georgia
https://www.ubereats.com/atlanta/food-delivery/el-habanero-norcross/yhVc5toTRdO4dSwNFDuwng,alpharetta-georgia
https://www.ubereats.com/atlanta/food-delivery/starbucks-crabapple-rd-%26-houze-rd/u0hwKyreSFuLNs3yVrypew,alpharetta-georgia
https://www.ubereats.com/atlanta/food-delivery/chad-thai/HqSfuCHdQgaWPukJQh-8JQ,alpharetta-georgia
https://www.ubereats.com/atlanta/food-delivery/the-burger-joint-woodstock/N0zEqlm-RjWJ4z8oWhBiAw,alpharetta-georgia
https://www.ubereats.com/atlanta/food-delivery/qpaso-latin-grub/tLndpCjIQTOMemggeQ7lNg,alpharetta-georgia
https://www.ubereats.com/atlanta/food-delivery/doubles-pizza/N2HoBVjVR9q6ezIaYg8fsQ,alpharetta-georgia
https://www.ubereats.com/atlanta/food-delivery/wendys-4307-state-bridge-road/fqCATLj9TcqevBAB-DnLEQ,alpharetta-georgia
https://www.ubereats.com/atlanta/food-delivery/kani-house-market-place-blvd/0Aqkdc30RQmpl_JD5eQNhQ,alpharetta-georgia
https://www.ubereats.com/atlanta/food-delivery/dreamland-bbq-roswell/XI7i9H52QxqTGzy3tg4NaA,alpharetta-georgia
https://www.ubereats.com/atlanta/food-delivery/huh-natural-%26-real-food/gRjDiTepQyqBArrtmx6KxQ,alpharetta-georgia
https://www.ubereats.com/atlanta/food-delivery/taco-bell-915-holcomb-brg-rd-ste-a/c5fk9aWqTkOLqIiotA_rig,alpharetta-georgia
https://www.ubereats.com/atlanta/food-delivery/wings-101/0VCR1uQ8SoS22-LMAJrRLQ,alpharetta-georgia
https://www.ubereats.com/atlanta/food-delivery/kakatiya-indian-kitchen/V-5niikuT_iPdt5guL_1dQ,alpharetta-georgia
https://www.ubereats.com/atlanta/food-delivery/anjappar-chettinad-restaurant/UPBA_zalTK2mLQ0tL8YdjA,alpharetta-georgia
https://www.ubereats.com/atlanta/food-delivery/three-dollar-cafe-jr/CzdhF-O4RHi2WzQrJNi65g,alpharetta-georgia
https://www.ubereats.com/atlanta/food-delivery/schlotzskys-deli-old-milton-parkway/_D_j02_1Rj-t5EoilJDrsw,alpharetta-georgia
https://www.ubereats.com/atlanta/food-delivery/taaj-kabob-%26-grill/8cUTn23BROCgnt9u8HRERg,alpharetta-georgia
https://www.ubereats.com/atlanta/food-delivery/pasquallys-pizza-%26-wings-925-north-point-drive/P6_d3leGTm2RB7O7LT-3Ug,alpharetta-georgia
https://www.ubereats.com/atlanta/food-delivery/bezoria-alpharetta/jzuxTQL7QR-0OpHtKFzo5A,alpharetta-georgia
https://www.ubereats.com/atlanta/food-delivery/pizza-hut-2300-holcomb-bridge-rd-suite-408/sR__hIEoTbiDjXWEafIiBQ,alpharetta-georgia
https://www.ubereats.com/atlanta/food-delivery/sankranti-restaurants/SgBARp7CSy-yrazxPuEleg,alpharetta-georgia
https://www.ubereats.com/atlanta/food-delivery/house-of-chen/GA_OuPmbRXKanbeqrTQaMQ,alpharetta-georgia
https://www.ubereats.com/atlanta/food-delivery/your-pie-pizza-roswell/vxPeCB85QvueSo4YwEqrjw,alpharetta-georgia
https://www.ubereats.com/atlanta/food-delivery/fagans-biscuit-barn-peachtree-pkwy/JzXS-riEQmq8w5Bbq86yNQ,alpharetta-georgia
https://www.ubereats.com/atlanta/food-delivery/j-christophers-windward/SXtF1HTwSHShVV8M3Xedrw,alpharetta-georgia
https://www.ubereats.com/atlanta/food-delivery/vitality-bowls-364-commerce-st/3WxLbgZiSOq8XFIONiaSMQ,alpharetta-georgia
https://www.ubereats.com/atlanta/food-delivery/gyro-now-by-gyro-gyro/A_gJpUTYRManFssd4PdgSQ,alpharetta-georgia
https://www.ubereats.com/atlanta/food-delivery/tijuana-joes-sandy-springs/zGl0Ed-QT4yVCClVbZEK_Q,alpharetta-georgia
https://www.ubereats.com/atlanta/food-delivery/babas-gyro-and-kabob/VTwga68zQMORMwiXSDp4fQ,alpharetta-georgia
https://www.ubereats.com/atlanta/food-delivery/osaka-steak-%26-sushi/c7UjmWvIRwKwBX6UxM3JlA,alpharetta-georgia
https://www.ubereats.com/atlanta/food-delivery/dairy-queen-grill-%26-chill-8420-vaughn-rd/_UvxwL7cTlS_ZHGC9MuTEQ,alpharetta-georgia
https://www.ubereats.com/atlanta/food-delivery/smoothie-king-3450-old-milton/FaR2_SJzRs2uxhaGhRFURQ,alpharetta-georgia
https://www.ubereats.com/atlanta/food-delivery/arbys-365-peachtree-pkwy/u0YweJKpQWSn2hLGKcTQAw,alpharetta-georgia
https://www.ubereats.com/atlanta/food-delivery/chopsticks-china-bistro-and-sushi-bar/Mq2OuBscRKKCd_4VWqyvKA,alpharetta-georgia
https://www.ubereats.com/atlanta/food-delivery/johnnys-new-york-style-pizza-550-w-crossville-rd/KZ6RjAVBQP-9XdO6-Gm6Lg,alpharetta-georgia
https://www.ubereats.com/atlanta/food-delivery/carlisles-pizza-tavern/9iyrV8VjQtGs8_-n1Zo_xQ,alpharetta-georgia
https://www.ubereats.com/atlanta/food-delivery/karachi-broast-%26-grill-roswell/mQenhrrZQjOahmLwqapRrg,alpharetta-georgia
https://www.ubereats.com/atlanta/food-delivery/knuckies-gourmet-hoagies/PxurGoKqQ1mvTmg-nZAe-A,alpharetta-georgia
https://www.ubereats.com/atlanta/food-delivery/wendys-3661-peachtree-pkwy/tvLcujcYRJehr6NJbXazVg,alpharetta-georgia
https://www.ubereats.com/atlanta/food-delivery/branch-and-barrel/9XOahj90RNSjUkasKGsH5w,alpharetta-georgia
https://www.ubereats.com/atlanta/food-delivery/sids-pizza-and-grill/_IJv-UpVRCiolED1LgsZbg,alpharetta-georgia
https://www.ubereats.com/atlanta/food-delivery/firehouse-subs-johns-creek/GIZ6cJ-UTcm49vX-HnC7wQ,alpharetta-georgia
https://www.ubereats.com/atlanta/food-delivery/the-donut-shack/iz2hOw6USJmtOL2EaLrHTw,alpharetta-georgia
https://www.ubereats.com/atlanta/food-delivery/wings-wieners-%26-more!!/tlZTUSHwSBuqr1F8ePr1og,alpharetta-georgia
https://www.ubereats.com/atlanta/food-delivery/zaxbys-3000-holcomb-woods/wkpUxVa9RtWBNooOnaysTg,alpharetta-georgia
https://www.ubereats.com/atlanta/food-delivery/bite-bistro-%26-bar/iy0mF5SbRvWFMW9SeDjf4Q,alpharetta-georgia
https://www.ubereats.com/atlanta/food-delivery/cafe-wing-max-duluth/bk-KNs1ESLOv0ZhdBx_5Yw,alpharetta-georgia
https://www.ubereats.com/atlanta/food-delivery/hong-kong-cafe/Kc7weNpAS7CzkxeQcT9D0g,alpharetta-georgia
https://www.ubereats.com/atlanta/food-delivery/vegetarian-india-chef/qGr-i-TzTAOEYtXgXw2odw,alpharetta-georgia
https://www.ubereats.com/atlanta/food-delivery/madras-chettinaad/iclWaI5_RomJKjfZyvlc6g,alpharetta-georgia
https://www.ubereats.com/atlanta/food-delivery/the-station-house-restaurant-atlanta-rd/I15GdRVlQVWtKsBYH_eNsQ,alpharetta-georgia
https://www.ubereats.com/atlanta/food-delivery/firehouse-subs-cumming-atlan/qahrW_XeRc-s9EPVqLaZoA,alpharetta-georgia
https://www.ubereats.com/atlanta/food-delivery/the-pearl-chinese-restaurant/NwBQqclJRSKJqGwaquGHNg,alpharetta-georgia
https://www.ubereats.com/atlanta/food-delivery/frontera-mex-mex-grill-johns-creek/Pj5MYudZTayvCYIb_UX77A,alpharetta-georgia
https://www.ubereats.com/atlanta/food-delivery/mayuri-indian-grill/JBxlCL2JSkqwRtLWsl6Jyw,alpharetta-georgia
https://www.ubereats.com/atlanta/food-delivery/panda-express-cumming-905-market-place-blvd/tEbIvW12QHaONWAudrkCLg,alpharetta-georgia
https://www.ubereats.com/atlanta/food-delivery/first-watch-alpharetta/VH9Hx10JRluLIbPQicmG2A,alpharetta-georgia
https://www.ubereats.com/atlanta/food-delivery/burger-king-890-north-main-street/gpC4q6tYQCWEsxe4q0zuug,alpharetta-georgia
https://www.ubereats.com/atlanta/food-delivery/jersey-mikes-dunwoody/X8V1C5-ES12knVeLM1-dCQ,alpharetta-georgia
https://www.ubereats.com/atlanta/food-delivery/hardees-1500792/BBaj3qCJRhKLjxSY6h359w,alpharetta-georgia
https://www.ubereats.com/atlanta/food-delivery/zaxbys-chicken-fingers/7mYnxGAjRlGQ9zqbYi1k8g,alpharetta-georgia
https://www.ubereats.com/atlanta/food-delivery/spiced-right-ribhouse-roswell/pxAAfzzbQqqBDXW3CjoRpg,alpharetta-georgia
https://www.ubereats.com/atlanta/food-delivery/clean-juice-2500-old-milton-parkway/gUUAoNfBS3ecxP5lIGA-pQ,alpharetta-georgia
https://www.ubereats.com/atlanta/food-delivery/houcks-grille/FTl_FOaJTkSBTac9npuZBQ,alpharetta-georgia
https://www.ubereats.com/atlanta/food-delivery/pita-mediterranean-street-food-johns-creek/2AywQ80FTjydIgF75kej0w,alpharetta-georgia
https://www.ubereats.com/atlanta/food-delivery/reveille-coffeehouse-cafe-haynes-bridge/D317uOK4SqGf-Qo98HG5mg,alpharetta-georgia
https://www.ubereats.com/atlanta/food-delivery/wings-%26-burger-haven-marietta/fs7sj97hSwGY0l60l0u5Tg,alpharetta-georgia
https://www.ubereats.com/atlanta/food-delivery/taco-fiesta/3dPH2ppQTeG6xIBD2qNYfQ,alpharetta-georgia
https://www.ubereats.com/atlanta/food-delivery/pampas-steakhouse/oM9RCz2xQ32Ph8aSmAl51g,alpharetta-georgia
https://www.ubereats.com/atlanta/food-delivery/jaz-chinese-cuisine-saint-claire-dr/1yDnIlphTiWYTcnkKS5y3Q,alpharetta-georgia
https://www.ubereats.com/atlanta/food-delivery/shanes-rib-shack-2864-e-cherokee-dr/K-iJj9kNTcyETgOo8Kkfbw,alpharetta-georgia
https://www.ubereats.com/atlanta/food-delivery/summits-wayside-tavern-525-lake-center-pkwy/LxfPS8IhSaecroKMMRsDhQ,alpharetta-georgia
https://www.ubereats.com/atlanta/food-delivery/goldbergs-deli-dunwoody/QxCmr9TPQRabp8FjaaPciQ,alpharetta-georgia
https://www.ubereats.com/atlanta/food-delivery/ume/2H-YgcklTZq_-UQhbKCFOA,alpharetta-georgia
https://www.ubereats.com/atlanta/food-delivery/menchies-frozen-yogurt-12850-ga-9/BLWlq0ViQ6WLc57esisVZA,alpharetta-georgia
https://www.ubereats.com/atlanta/food-delivery/spices-hut/fOKlQin8TfupO3aJfI1HzA,alpharetta-georgia
https://www.ubereats.com/atlanta/food-delivery/favors-and-flavors-cajun-twist-northfall-ln/nQOmeZzUTyaTntfjzAdIHQ,alpharetta-georgia
https://www.ubereats.com/atlanta/food-delivery/king-of-pops-avalon/2xAcVG2JSi-wTvcg9YXgIw,alpharetta-georgia
https://www.ubereats.com/atlanta/food-delivery/ramen-bar-by-hajime/IA5BlNPxTeWt6JiRiixYug,alpharetta-georgia
https://www.ubereats.com/atlanta/food-delivery/suburban-tap/59NMIjYBSRSevbrDeRRcsg,alpharetta-georgia
https://www.ubereats.com/atlanta/food-delivery/papa-johns-10995-c-state-bridge-road/D9j4hFMHTjSy1LwLSrYLzw,alpharetta-georgia
https://www.ubereats.com/atlanta/food-delivery/whole-bowl-bar/kWi2tavNToWRLgH0CvEhdw,alpharetta-georgia
https://www.ubereats.com/atlanta/food-delivery/china-taste-restaurant-%E4%B8%AD%E5%9C%8B%E5%91%B3%E9%A4%90%E5%BB%B3/SLWsCk0xRJa5GcjNyP7OKg,alpharetta-georgia
https://www.ubereats.com/atlanta/food-delivery/j-christophers-duluth/n4ugQ8PiRUuXOrgsPSIGJw,alpharetta-georgia
https://www.ubereats.com/atlanta/food-delivery/wendys-1520-mcfarland-road/xluGg_HQQ6exph3fR7hH8g,alpharetta-georgia
https://www.ubereats.com/atlanta/food-delivery/sweet-tuna-alpharetta/SEyrnR7ZT4ee19pOXhOtfw,alpharetta-georgia
https://www.ubereats.com/atlanta/food-delivery/moxie-burger-roswell/OERWTPaDRqusbh9tfqwDLg,alpharetta-georgia
https://www.ubereats.com/atlanta/food-delivery/from-the-earth-brewing-company/dBaKUjDcRa-XtB9MeTR0vQ,alpharetta-georgia
https://www.ubereats.com/atlanta/food-delivery/gyro-city-grill/gZ9EEQTJRN2K4qwdZhWS9w,alpharetta-georgia
https://www.ubereats.com/atlanta/food-delivery/great-harvest-bread-company/QSIkmpElRJamvSDhECl0KA,alpharetta-georgia
https://www.ubereats.com/atlanta/food-delivery/starbucks-peachtree-pkwy-%26-brookwood-rd/Azkq-lGpR32acvS31HBJ6g,alpharetta-georgia
https://www.ubereats.com/atlanta/food-delivery/firehouse-subs-old-alabama/Imh1KSZ9QquWT8xIvcGRmQ,alpharetta-georgia
https://www.ubereats.com/atlanta/food-delivery/marina-mexican-grill-la-hacienda/nvHtEAD1T0qcreAFDqcFiQ,alpharetta-georgia
https://www.ubereats.com/atlanta/food-delivery/china-garden/HdTlHUhbRhWZzHoMHUaILQ,alpharetta-georgia
https://www.ubereats.com/atlanta/food-delivery/ra-sushi-alpharetta/Pvb31c7zSG2P9JBW_1anhw,alpharetta-georgia
https://www.ubereats.com/atlanta/food-delivery/south-main-kitchen-alpharetta/Ka2iwN6NR5GbUzlZnBTKTQ,alpharetta-georgia
https://www.ubereats.com/atlanta/food-delivery/great-sichuan/jHjGmOlGTAKlehuR9ManOQ,alpharetta-georgia
https://www.ubereats.com/atlanta/food-delivery/paulo-junior/n0_B-vJ0T3qddDtMXHtx4w,alpharetta-georgia
https://www.ubereats.com/atlanta/food-delivery/crave-pie-studio/PAJKbTEiSSWmL-Sz2cQmIg,alpharetta-georgia
https://www.ubereats.com/atlanta/food-delivery/moes-southwest-grill-930-woodstock-road-ste-320/Mn2oIkLHQDmomhNlB_XDuQ,alpharetta-georgia
https://www.ubereats.com/atlanta/food-delivery/baitong-thai-restaurant/SoUXyHxxTrGnBGcZlrVcOA,alpharetta-georgia
https://www.ubereats.com/atlanta/food-delivery/italeats-roswell/iZMohfVuSnqOu2QMQ_5JZQ,alpharetta-georgia
https://www.ubereats.com/atlanta/food-delivery/kfc-695-atlanta-rd/MuUvwD9uSaqlpaA4QlU7Hg,alpharetta-georgia
https://www.ubereats.com/atlanta/food-delivery/sake-japanese-steakhouse-%26-sushi/tBp123aXTuu8hZm03fFF3g,alpharetta-georgia
https://www.ubereats.com/atlanta/food-delivery/lon-u-norcross/iSP8KVoSQO2aEBq4qIKklA,alpharetta-georgia
https://www.ubereats.com/atlanta/food-delivery/oshi-poke-bowl-%26-sushi/DEUqqiW9SFiHQSY34A7a1w,alpharetta-georgia
https://www.ubereats.com/atlanta/food-delivery/poke-bar-n-point/dMrooHk-QlKWnsapQwJ-rQ,alpharetta-georgia
https://www.ubereats.com/atlanta/food-delivery/la-casa-italian-grill-old-roswell-st/8EGbmHjNSBaaaCRaeSvEXA,alpharetta-georgia
https://www.ubereats.com/atlanta/food-delivery/happy-belly-kitchen/PLTmwd4QQeSc-aouA9eyeA,alpharetta-georgia
https://www.ubereats.com/atlanta/food-delivery/bawarchi-biryani/dqCrWLJ1TsWDpmWKM0x-oQ,alpharetta-georgia
https://www.ubereats.com/atlanta/food-delivery/xtremehopp/aqDoZaZnSvmbQpnJ_N_Uyg,alpharetta-georgia
https://www.ubereats.com/atlanta/food-delivery/american-deli-10479-alpharetta-st/mI2XeiraTp6ZFyissHdubA,alpharetta-georgia
https://www.ubereats.com/atlanta/food-delivery/coffee-nut-cafe/h2697qnjRYeicjfJT16Img,alpharetta-georgia
https://www.ubereats.com/atlanta/food-delivery/grace-1720/xNKx2QgsTYGXO_MxboWM3A,alpharetta-georgia
https://www.ubereats.com/atlanta/food-delivery/sir-winston-wine-loft-and-restaurant/P7MT_vrdT2y8QyhQpsqPzw,alpharetta-georgia
https://www.ubereats.com/atlanta/food-delivery/ari-korean-steakhouse/QvvKi91MSLaWCIQLznhxPg,alpharetta-georgia
https://www.ubereats.com/atlanta/food-delivery/jerusalem-chef-restaurant/XHhN4heeR2CaC0iqPOUglg,alpharetta-georgia
https://www.ubereats.com/atlanta/food-delivery/mamas-kitchen/uDPXfT3qSvq6kTcO2-U9kQ,alpharetta-georgia
https://www.ubereats.com/atlanta/food-delivery/ippolitos/glrk37y4Rju4fl9GrpxHdw,alpharetta-georgia
https://www.ubereats.com/atlanta/food-delivery/rising-roll-gourmet-cafe/ZIAj20cmSEO49VYD3bI1VA,alpharetta-georgia
https://www.ubereats.com/atlanta/food-delivery/ola-acai-johns-creek/eDfozHhnQ7CyLW8eoc6b_w,alpharetta-georgia
https://www.ubereats.com/atlanta/food-delivery/moes-southwest-grill-windward/LWAVxZO-Q5iI3euBhXPMag,alpharetta-georgia
https://www.ubereats.com/atlanta/food-delivery/uptown-cafe-alpharetta/h3hOmXxZQRqkHZwKVvOwyw,alpharetta-georgia
https://www.ubereats.com/atlanta/food-delivery/qdoba-mexican-grill-johns-creek/hsHumpaGS4CM5b8iFzrMpA,alpharetta-georgia
https://www.ubereats.com/atlanta/food-delivery/jerusalem-bakery-and-grill-alpharetta/CWaPKG1tSPSVb1nYCxzmpA,alpharetta-georgia
https://www.ubereats.com/atlanta/food-delivery/firebirds-wood-fired-grill-2665-old-milton-pkwy/92-X0NftRmq08JRWn1YqNw,alpharetta-georgia
https://www.ubereats.com/atlanta/food-delivery/dairy-queen-grill-%26-chill-211-s-main-st/TANfEjNcSWmTxqIY2ArZ7g,alpharetta-georgia
https://www.ubereats.com/atlanta/food-delivery/wendys-13794-highway-9/TgQx6nJ3Ts-CeYVgCWN1ZQ,alpharetta-georgia
https://www.ubereats.com/atlanta/food-delivery/sushi-maru/I2nXw_WTSuO59qupQvuncw,alpharetta-georgia
https://www.ubereats.com/atlanta/food-delivery/fresh-grill/iyt4Ja8FQHuMt_EXl0hTZg,alpharetta-georgia
https://www.ubereats.com/atlanta/food-delivery/honey-baked-ham-w-crossville/FSbMMYNYRvygI60VL92DLg,alpharetta-georgia
https://www.ubereats.com/atlanta/food-delivery/freshii-12460-crabapple-rd/Pt4O5kjlTnyk2On4xtPjxQ,alpharetta-georgia
https://www.ubereats.com/atlanta/food-delivery/the-velvet-note/_TylyTasQN6pLwyYZ3BUrQ,alpharetta-georgia
https://www.ubereats.com/atlanta/food-delivery/pita-mediterranean-street-food-halcyon-market-hall/vjYs9N8pQUWQXVJK14yt9w,alpharetta-georgia
https://www.ubereats.com/atlanta/food-delivery/firehouse-subs-woodstock-rd/dol05NJQQC6JuwWpuUd1Gw,alpharetta-georgia
https://www.ubereats.com/atlanta/food-delivery/subway-5779-state-bridge-rd/ykrm71BBRWaT2v-ynboyMg,alpharetta-georgia
https://www.ubereats.com/atlanta/food-delivery/chick-fil-a-2720-old-milton-pkwy/959vr8WORC6hJo0iN3bqkg,alpharetta-georgia
https://www.ubereats.com/atlanta/food-delivery/outback-steakhouse-1715-market-place-boulevard/kAf8414NSAic6VrVviDmYw,alpharetta-georgia
https://www.ubereats.com/atlanta/food-delivery/peace-love-and-pizza-woodstock-hwy/_lj-HqndR9iNWYMxgo7qqg,alpharetta-georgia
https://www.ubereats.com/atlanta/food-delivery/maple-street-biscuit-company-alpharetta/KdBPytfGT8KY-H7isxT1Nw,alpharetta-georgia
https://www.ubereats.com/atlanta/food-delivery/new-lucky-china/yfoKARSsRk2C7gJARBo-6A,alpharetta-georgia
https://www.ubereats.com/atlanta/food-delivery/oyama-sushi-hibachi-suwanee/n4DYKMrGTuuN5t7N2koRWA,alpharetta-georgia
https://www.ubereats.com/atlanta/food-delivery/jets-pizza-roswell/g_L6lyH8TNK4HJqoati0vw,alpharetta-georgia
https://www.ubereats.com/atlanta/food-delivery/firehouse-subs-milton/IVF61KHiTCig7wvBz4-weA,alpharetta-georgia
https://www.ubereats.com/atlanta/food-delivery/cafe-du-jour/0JO2_ubbQ4OmN1cGUwABtg,alpharetta-georgia
https://www.ubereats.com/atlanta/food-delivery/district-iii/vdEkwAVjSUGNRjf7qmfgnQ,alpharetta-georgia
https://www.ubereats.com/atlanta/food-delivery/hooters-holcomb-bridge-rd-%26-market-pl/cH3DOTgHQhuCteHoAj0EIA,alpharetta-georgia
https://www.ubereats.com/atlanta/food-delivery/american-pasta-factory/xZR33CsFRr-BkQBDVF0KpA,alpharetta-georgia
https://www.ubereats.com/atlanta/food-delivery/mcdonalds-alpharetta-ga-holcomb-bridge/ugSzJ9VwRN-s1iuIuGfOSw,alpharetta-georgia
https://www.ubereats.com/atlanta/food-delivery/mellow-mushroom-roswell/nA8LG3nUTUmV666Fpf1aMQ,alpharetta-georgia
https://www.ubereats.com/atlanta/food-delivery/flavor-rich-food-truck/0LdXELgmT3O7xnlH5tqLyQ,alpharetta-georgia
https://www.ubereats.com/atlanta/food-delivery/ihop-cumming/DAjGCQwETeG6qekjYbyEDg,alpharetta-georgia
https://www.ubereats.com/atlanta/food-delivery/tropical-smoothie-cafe-johns-creek-festival/nZ2t6AsBRxumcLasroMxUw,alpharetta-georgia
https://www.ubereats.com/atlanta/food-delivery/mcdonalds-dunwoody/7s5UVGSrQnyAC3LTXbgdzg,alpharetta-georgia
https://www.ubereats.com/atlanta/food-delivery/udipi-cafe-eclectic-indian-vegetarian/cXMmbpb2RMeuWF4DDKgCGQ,alpharetta-georgia
https://www.ubereats.com/atlanta/food-delivery/cheeseburger-bobbys-cumming/fRnDRY85Sqe5VOhtjowpKw,alpharetta-georgia
https://www.ubereats.com/atlanta/food-delivery/johnnys-new-york-style-pizza-1145-a-peachtree-ind/xHNnYmJ7TRSC00eH8qgs8g,alpharetta-georgia
https://www.ubereats.com/atlanta/food-delivery/amigos-kitchen/IjETa4lcQK-j-hKBH7VXmQ,alpharetta-georgia
https://www.ubereats.com/atlanta/food-delivery/poke-factory-%26-ramen-bar/UhJGzWBmREOAeeQJ2DxaEA,alpharetta-georgia
https://www.ubereats.com/atlanta/food-delivery/flippin-pizza-marietta-hwy/xpXRjylxSu6Bh_F7Scfnvg,alpharetta-georgia
https://www.ubereats.com/atlanta/food-delivery/taco-bell-10960-state-bridge-road/Gi_DZ8eWRliJNQtBcKokZQ,alpharetta-georgia
https://www.ubereats.com/atlanta/food-delivery/honey-baked-ham-n-point-pkwy/ic4nPKE1RSaEvnbl9tZ-7g,alpharetta-georgia
https://www.ubereats.com/atlanta/food-delivery/saigon-cafe-alpharetta/outCucADTHC2v8LH8dhF9Q,alpharetta-georgia
https://www.ubereats.com/atlanta/food-delivery/poke-burri-mini/prrRPRbMTsanyzG6Sjs-zg,alpharetta-georgia
https://www.ubereats.com/atlanta/food-delivery/krystal-1055-holcomb-bridge-rd/x-NgbvXnREqQpyLXtCwrxQ,alpharetta-georgia
https://www.ubereats.com/atlanta/food-delivery/luv-a-bowl-duluth/F2B7Ig5KRAutgV8g3d8pHA,alpharetta-georgia
https://www.ubereats.com/atlanta/food-delivery/monterrey-mexican-roswell/toOH74lkRzeuhUXItqa5Zw,alpharetta-georgia
https://www.ubereats.com/atlanta/food-delivery/dunkin-4009-holcomb-bridge-rd/nuZ-5ma7Rk-ItOZhfn92jw,alpharetta-georgia
https://www.ubereats.com/atlanta/food-delivery/panera-5304-windward-parkway/VdQEDISzRiyH1cWbYPEroQ,alpharetta-georgia
https://www.ubereats.com/atlanta/food-delivery/cake-world/RyD3xzipRGa5Xwv3m-Yy0Q,alpharetta-georgia
https://www.ubereats.com/atlanta/food-delivery/vitos-pizza-and-ristorante/V6DhPCAnRwmKEqfC8LLHbA,alpharetta-georgia
https://www.ubereats.com/atlanta/food-delivery/extreme-teriyaki-grill-express/lJCl9OEvQ22de3q9ntodzw,alpharetta-georgia
https://www.ubereats.com/atlanta/food-delivery/red-robin-548-370-peachtree-pkwy/zcvw2i2dRkefW4XR3mJtbg,alpharetta-georgia
https://www.ubereats.com/atlanta/food-delivery/papa-johns-1595-peachtree-parkway-suite-114/kGq3SR1cS_ejQlgTMA9RxQ,alpharetta-georgia
https://www.ubereats.com/atlanta/food-delivery/the-savory-gourmet/2kfZj6N0TfmwmqHAIwWuuw,alpharetta-georgia
https://www.ubereats.com/atlanta/food-delivery/hacienda-bar-%26-grill/CyaMX2WqQiiNDsqqD_S5bg,alpharetta-georgia
https://www.ubereats.com/atlanta/food-delivery/dunkin-4691-woodstock-rd/EjiVMAkQSPaCZ5N4Vz-LXg,alpharetta-georgia
https://www.ubereats.com/atlanta/food-delivery/lucky-star-cafe/TZBgfSBsQ924kXVsajqc9A,alpharetta-georgia
https://www.ubereats.com/atlanta/food-delivery/j-christophers-north-roswell/IyFgovdxSgWMDk_KCL7w_g,alpharetta-georgia
https://www.ubereats.com/atlanta/food-delivery/taco-bell-651-atlanta-rd/y0eVsfIMT32fiSl9D72azg,alpharetta-georgia
https://www.ubereats.com/atlanta/food-delivery/burger-five-10479-alpharetta-st/uPhofttDSru2AoDBldymfg,alpharetta-georgia
https://www.ubereats.com/atlanta/food-delivery/panda-express-alpharetta-5230-windward-parkway/R3pmqstFSTK6mNZnld6tVg,alpharetta-georgia
https://www.ubereats.com/atlanta/food-delivery/sri-krishna-vilas/tEmTX9tTSqm2feJRyDnKcQ,alpharetta-georgia
https://www.ubereats.com/atlanta/food-delivery/panda-express-duluth-2240-peachtree-industrial-blvd/X26XMDKYRiyiZB3m4laRaQ,alpharetta-georgia
https://www.ubereats.com/atlanta/food-delivery/sushi-house-alpharetta/LoH8bj_2QTmX8e1YJT8r_g,alpharetta-georgia
https://www.ubereats.com/atlanta/food-delivery/mcdonalds-alpharetta-ga-old-milton-%26-northpoint/yPyqdzulRnyz5LV0drcgOA,alpharetta-georgia
https://www.ubereats.com/atlanta/food-delivery/miltons-cuisine-%26-cocktails-mayfield-rd/ltJhjP7VQLCfC-Qk-s4eYw,alpharetta-georgia
https://www.ubereats.com/atlanta/food-delivery/chinese-dhaba-suwanee/k7zBkS59Qfa4QzvsCpc1jA,alpharetta-georgia
https://www.ubereats.com/atlanta/food-delivery/jenis-splendid-ice-creams-avalon/KsV3cQLgSB6plfDSO50ZmQ,alpharetta-georgia
https://www.ubereats.com/atlanta/food-delivery/wendys-1650-mansell-road/EGD_dRDETxmgmG5Rz9kZzw,alpharetta-georgia
https://www.ubereats.com/atlanta/food-delivery/happiness-chinese-and-thai/ixFChfsiQASxg5vyBdZOyw,alpharetta-georgia
https://www.ubereats.com/atlanta/food-delivery/vincenzas-pizzeria-alpharetta/rM0jTxwYQ4OL8nqp1NabbQ,alpharetta-georgia
https://www.ubereats.com/atlanta/food-delivery/community-cup/wEcvIv-VT5mBREVKK4rLew,alpharetta-georgia
https://www.ubereats.com/atlanta/food-delivery/outback-steakhouse-6400-north-pointe-kwy/KIVw-pOBSgCxVe_880Jjkg,alpharetta-georgia
https://www.ubereats.com/atlanta/food-delivery/indian-flavors/gPSGeMgWTJ-oTLgPv6jfpQ,alpharetta-georgia
https://www.ubereats.com/atlanta/food-delivery/dunkin-1610-oak-farm-dr/i3cfE4_LSBe4dYpqOlZoqQ,alpharetta-georgia
https://www.ubereats.com/atlanta/food-delivery/avocado-vegan-cafe-%26-juice-bar/WnzLQsO3RgGTVh6jak0gyw,alpharetta-georgia
https://www.ubereats.com/atlanta/food-delivery/4-season-wings/4UydlaEnSp6DFCSsrvRmiQ,alpharetta-georgia
https://www.ubereats.com/atlanta/food-delivery/coalition-food-and-beverage/pjDeDTxqR7mRuEgUXxdTEw,alpharetta-georgia
https://www.ubereats.com/atlanta/food-delivery/kona-grill-alpharetta/BifcYFnhS_GQyPBw3enJ6A,alpharetta-georgia
https://www.ubereats.com/atlanta/food-delivery/fridas-mexican-cuisine/H3QNnvfRQpWZxI99ZvwBTg,alpharetta-georgia
https://www.ubereats.com/atlanta/food-delivery/gordos-pizza/J81985QOTbqspRv9bs81_Q,alpharetta-georgia
https://www.ubereats.com/atlanta/food-delivery/wendys-4860-highway-9-n/Wne8OyaTT5CDGWmQj6yaPw,alpharetta-georgia
https://www.ubereats.com/atlanta/food-delivery/arbys-3595-peachtree-pkwy/T6ydZnPrTSq8qVHPanAgjg,alpharetta-georgia
https://www.ubereats.com/atlanta/food-delivery/sidelines-grille-woodstock/rPIPoggPS9q2BCI3VWykyg,alpharetta-georgia
https://www.ubereats.com/atlanta/food-delivery/aachis-indian-restaurant-and-bakery/XysZ8w-GTHu6RWxp4nYcDw,alpharetta-georgia
https://www.ubereats.com/atlanta/food-delivery/cocina-sofia/3IguW6pIRu2DVJuYFD_cxQ,alpharetta-georgia
https://www.ubereats.com/atlanta/food-delivery/moes-southwest-grill-cumming/6IZz26ISRWWEgKSTvqjN0w,alpharetta-georgia
https://www.ubereats.com/atlanta/food-delivery/wendys-1568-holcomb-bridge-rd/fjDEuCp8QTyQGjor7OmAPw,alpharetta-georgia
https://www.ubereats.com/atlanta/food-delivery/saigon-cafe-alpharetta/OeWhRF2eQfi6oIenKEAMzw,alpharetta-georgia
https://www.ubereats.com/atlanta/food-delivery/another-broken-egg-cafe-johns-creek/9ZuzE-W2QL2xiKGzdR5kPg,alpharetta-georgia
https://www.ubereats.com/atlanta/food-delivery/dasara-indian-restaurant/LjikCSWgQEO7jVCaFYDt4g,alpharetta-georgia
https://www.ubereats.com/atlanta/food-delivery/restaurant-holmes/I3lfUH5GRJqEQsLJ0Sysig,alpharetta-georgia
https://www.ubereats.com/atlanta/food-delivery/antico-pizza-napoletana-avalon/G5t7JcRJSd-3YJGfGQchdQ,alpharetta-georgia
https://www.ubereats.com/atlanta/food-delivery/gourmania/SafNPB1_Q6SC1blTocghqg,alpharetta-georgia
https://www.ubereats.com/atlanta/food-delivery/flying-biscuit-cafe-peachtree-corners/NiAM9MIgSZeJyHtWsbxD1A,alpharetta-georgia
https://www.ubereats.com/atlanta/food-delivery/moes-southwest-grill-old-milton-pkwy/hqYEzf0eSx2qQCXHQgt0qA,alpharetta-georgia
https://www.ubereats.com/atlanta/food-delivery/ardens-garden-woodstock/xtGIoqUkRMSKd76nMrX-eA,alpharetta-georgia
https://www.ubereats.com/atlanta/food-delivery/fuddruckers-alpharetta/ezd4saZFS-mWFZNt8kgvqg,alpharetta-georgia
https://www.ubereats.com/atlanta/food-delivery/tin-drum-asiacafe-forsyth/Dt1oyoDKTYm6QwgiyHkQ8w,alpharetta-georgia
https://www.ubereats.com/atlanta/food-delivery/dunkin-3630-old-milton-pkwy/vf4Y_eaeQqShSjB2gh151g,alpharetta-georgia
https://www.ubereats.com/atlanta/food-delivery/botiwalla-alpharetta/6K0Tc7UTTbyjPP70vHtApA,alpharetta-georgia
https://www.ubereats.com/atlanta/food-delivery/taco-bell-5945-bethelview-road/H16QAVfzTi2Ru0x5Yk4LSA,alpharetta-georgia
https://www.ubereats.com/atlanta/food-delivery/alessios-restaurant-%26-pizzeria-cumming/3inLZBbRT06-Wu41MjWA3g,alpharetta-georgia
https://www.ubereats.com/atlanta/food-delivery/pizza-hut-2300-holcomb-bridge-rd/ggZ1uZp1SwuNgfIMqDI5Yw,alpharetta-georgia
https://www.ubereats.com/atlanta/food-delivery/bambinellis-pizza-%26-pasta/8xNRSxEURfu_QwxK1AIDww,alpharetta-georgia
https://www.ubereats.com/atlanta/food-delivery/c-%26-s-seafood-%26-oyster-bar/LPB1VstPQl2KG-B1vesZPA,alpharetta-georgia
https://www.ubereats.com/atlanta/food-delivery/subway-3000-old-alabama-rd/R8PX8NLYSMqLswpGllEYYQ,alpharetta-georgia
https://www.ubereats.com/atlanta/food-delivery/sunshine-alchemy-food-truck/E44sjhK7SbCY9TzwLiJOTQ,alpharetta-georgia
https://www.ubereats.com/atlanta/food-delivery/carrabbas-420-peachtree-pkwy/akv3V6JWTVmphjCF_Bi0Ow,alpharetta-georgia
https://www.ubereats.com/atlanta/food-delivery/seven-sisters-kitchen/y3mSDzfISY6qzb5qDsB1TQ,alpharetta-georgia
https://www.ubereats.com/atlanta/food-delivery/zen-fuji/MGEHjkOGTkqjamC6ESjm2g,alpharetta-georgia
https://www.ubereats.com/atlanta/food-delivery/joes-to-goes/PpAhrY_NRJm62lL-uSDwYA,alpharetta-georgia
https://www.ubereats.com/atlanta/food-delivery/cheeky-taqueria-cumming/q-znUzvMQ9656KhMnePdRg,alpharetta-georgia
https://www.ubereats.com/atlanta/food-delivery/taste-of-india/J0Wts9dyTsa-np2K91LPNg,alpharetta-georgia
https://www.ubereats.com/atlanta/food-delivery/lennys-grill-%26-subs-1605-mansell-road/2FU9t3zcS3epGFskumNguw,alpharetta-georgia
https://www.ubereats.com/atlanta/food-delivery/sho-asian-cuisine/OVRrW2qKRb6DoAVL8jKG0g,alpharetta-georgia
https://www.ubereats.com/atlanta/food-delivery/sushi-osawa-norcross/IOf873TtTLqO1IJ8Asp0ag,alpharetta-georgia
https://www.ubereats.com/atlanta/food-delivery/johnnys-new-york-style-pizza-2115-market-pl-blvd/OCUMUwdOT4qLn9nK1TSXew,alpharetta-georgia
https://www.ubereats.com/atlanta/food-delivery/papa-johns-3000-old-alabama-road-suite-108-a/i1JM4VY4R5q_5XvOmgjB_w,alpharetta-georgia
https://www.ubereats.com/atlanta/food-delivery/hacienda-bar-%26-grill-cumming/Q9aYxBRfQVWQCQHH8jMBoA,alpharetta-georgia
https://www.ubereats.com/atlanta/food-delivery/taco-mac-cumming/_GhCiGQqRkGpXyGKHsHtHg,alpharetta-georgia
https://www.ubereats.com/atlanta/food-delivery/cancun-bar-%26-grill/-jXhG9mbRB2uN3lK-CK1xA,alpharetta-georgia
https://www.ubereats.com/atlanta/food-delivery/black-diamond-grill/df7FOa-3TQKIczwrWxf9SA,alpharetta-georgia
https://www.ubereats.com/atlanta/food-delivery/los-burritos-zarape/hXjTB-XhTjmZSVdrHyw6sw,alpharetta-georgia
https://www.ubereats.com/atlanta/food-delivery/abbys-mediterranean-grill/HxForLQ2SK-KxA4Fw1hCXA,alpharetta-georgia
https://www.ubereats.com/atlanta/food-delivery/sugo-restaurant/j441CTQsScW4ERjCe13k0g,alpharetta-georgia
https://www.ubereats.com/atlanta/food-delivery/taqueria-hot-wings-roswell/TYVmYyvVS7mvc8AQodNMnw,alpharetta-georgia
https://www.ubereats.com/atlanta/food-delivery/great-harvest-bread-co-johns-creek/vlbCLhgDT2ibUK4AVCCLuQ,alpharetta-georgia
https://www.ubereats.com/atlanta/food-delivery/brusters-real-ice-cream-6870-hickory-rd/m2NnEtZJTFGQYZU9wITrhw,alpharetta-georgia
https://www.ubereats.com/atlanta/food-delivery/the-southern-porch/B2IcugMbT02NE3lD87d4LA,alpharetta-georgia
https://www.ubereats.com/atlanta/food-delivery/pitaria/od8_F4nJRsO8ABZDnwYJyA,alpharetta-georgia
https://www.ubereats.com/atlanta/food-delivery/roux-on-canton/qm5vtOmGQBSTJhqKQaQ0Dw,alpharetta-georgia
https://www.ubereats.com/atlanta/food-delivery/ola-acai-atlanta/cuwZjSofSaGM0ZAQNUGJVg,alpharetta-georgia
https://www.ubereats.com/atlanta/food-delivery/five-guys-ga-0109-7300-north-point-pkwy/EWG4weFfRgKt1ErdQlq4Zg,alpharetta-georgia
https://www.ubereats.com/atlanta/food-delivery/subway-10900-medlock-bridge-rd/XQCc6yXPTqCgoUdY584tQw,alpharetta-georgia
https://www.ubereats.com/atlanta/food-delivery/subway-alpharetta-ga-9/AoGDTMLvRHWSkIY0NXxZUQ,alpharetta-georgia
https://www.ubereats.com/atlanta/food-delivery/poke-bar/tPbvi79USsqsTmIhvrBZ3w,alpharetta-georgia
https://www.ubereats.com/atlanta/food-delivery/mazzys-sports-bar-%26-grill-roswell/NbmCbxTwQlCIii3aZxay9A,alpharetta-georgia
https://www.ubereats.com/atlanta/food-delivery/ten-bistro/2wC-Yx6XQpm7XYULTQb9WA,alpharetta-georgia
https://www.ubereats.com/atlanta/food-delivery/taqueria-taquito-express-johns-creek/-LyPUMWXRVKyhAUMiRWklA,alpharetta-georgia
https://www.ubereats.com/atlanta/food-delivery/cafe-bahar/2B4KFt58Q_We2Isoem475w,alpharetta-georgia
https://www.ubereats.com/atlanta/food-delivery/traditions-indian-fusion-cuisine/A4yat7sCQl2lPW1WBS13gw,alpharetta-georgia
https://www.ubereats.com/atlanta/food-delivery/persis-biryani-indian-grill/wbv3NZbDTxKAUyMpGCLWSQ,alpharetta-georgia
https://www.ubereats.com/atlanta/food-delivery/godavari/fE3lZF95T4aVIZSdfQ43ng,alpharetta-georgia
https://www.ubereats.com/atlanta/food-delivery/taco-mac-crabapple/v3ncRjbuRtqrVBFW0L9Uyw,alpharetta-georgia
https://www.ubereats.com/atlanta/food-delivery/chick-fil-a-5180-windward-pkwy/OcYDgeZORuW1OOCemuqrrQ,alpharetta-georgia
https://www.ubereats.com/atlanta/food-delivery/kokee-tea/3wC9hv6aRluORvm7x81oaQ,alpharetta-georgia
https://www.ubereats.com/atlanta/food-delivery/mcdonalds-alpharetta-ga-mcginnis-ferry-rd/tpEz9nQtQQGp7ATzYTUUxQ,alpharetta-georgia
https://www.ubereats.com/atlanta/food-delivery/peace-love-and-pizza-crabapple-rd/HXPDU7IqQImdjAAWfzaFow,alpharetta-georgia
https://www.ubereats.com/atlanta/food-delivery/burger-king-2310-mansell-road/08UC5q-_SrqaaF6Fi2ZyTQ,alpharetta-georgia
https://www.ubereats.com/atlanta/food-delivery/flavor-juicery/WRK2J9IEQUubevo9sidjIA,alpharetta-georgia
https://www.ubereats.com/atlanta/food-delivery/la-teda-empanada/1qHCFiexS--xW-v_WpXJ-g,alpharetta-georgia
https://www.ubereats.com/atlanta/food-delivery/davincis-donuts/mjbwhcyHQCGnmWTZYACTFA,alpharetta-georgia
https://www.ubereats.com/atlanta/food-delivery/chronic-tacos-970-north-point-drive/pr9RZe1oTCedLRfwDvOEzw,alpharetta-georgia
https://www.ubereats.com/atlanta/food-delivery/koi-kaiten-sushi/rXnPoJTiQqG80THEa9V3hg,alpharetta-georgia
https://www.ubereats.com/atlanta/food-delivery/rusii-indian-cuisine/jZoXWfV-QYSLbmDRTV97sA,alpharetta-georgia
https://www.ubereats.com/atlanta/food-delivery/jalapeno-mexican-bar/24W_QxYbRqCIvfit0H1I1Q,alpharetta-georgia
https://www.ubereats.com/atlanta/food-delivery/duluth-diner/6Wjf8K85SP6itWWtwalWVA,alpharetta-georgia
https://www.ubereats.com/atlanta/food-delivery/zoes-kitchen-10920-haynes-bridge-road-suite-100/Wcn2GGbjRpOQ9-T5ZRvxyg,alpharetta-georgia
https://www.ubereats.com/atlanta/food-delivery/kfc-5150-windward-parkway/LdNuSw8ISYqtOtsbx_1mYQ,alpharetta-georgia
https://www.ubereats.com/atlanta/food-delivery/yans-cafe/PQ8VxYBKSZaBeKgeNcf5bQ,alpharetta-georgia
https://www.ubereats.com/atlanta/food-delivery/mazzys-sports-tavern/CnasElmqSYuGrDmFxa7_kQ,alpharetta-georgia
https://www.ubereats.com/atlanta/food-delivery/asian-fusion-cafe/NNwLpMBnTSekzFH1MrMpjA,alpharetta-georgia
https://www.ubereats.com/atlanta/food-delivery/zaxbys-3125-mathis-airport-pkwy/RAuD49d9SrS1m1sbXrmjVA,alpharetta-georgia
https://www.ubereats.com/atlanta/food-delivery/subway-12460-crabapple-rd/vL4v4u19TAyrfVvrg1csGA,alpharetta-georgia
https://www.ubereats.com/atlanta/food-delivery/el-porton-mexican-restaurant-alpharetta/zh9bcO9PQ0mDx2WU0zoFVg,alpharetta-georgia
https://www.ubereats.com/atlanta/food-delivery/fukulala/PYdVrFo7SB291ktFIgm1XA,alpharetta-georgia
https://www.ubereats.com/atlanta/food-delivery/subway-10800-alpharetta-hwy-ste-%23224/B1psXyfnTTufMUvw0Hlw1g,alpharetta-georgia
https://www.ubereats.com/atlanta/food-delivery/mr-taco-roswell/5fNSQDqnQ_WqFmTOnL8MHw,alpharetta-georgia
https://www.ubereats.com/atlanta/food-delivery/nancys-pizza-roswell/bfJ8x7QUQiyT-eotd5DQiQ,alpharetta-georgia
https://www.ubereats.com/atlanta/food-delivery/flippin-pizza-milton/5NnSip3-SnqTs3J9YM9zWw,alpharetta-georgia
https://www.ubereats.com/atlanta/food-delivery/la-parranda-taqueria-bar-and-grill/14n7Vl8CQtmOfZVKiU9NaQ,alpharetta-georgia
https://www.ubereats.com/atlanta/food-delivery/dunkin-521-peachtree-pkwy/yYUkbSQURTWfdjwdyVA2bw,alpharetta-georgia
https://www.ubereats.com/atlanta/food-delivery/burger-bar-795-holcomb-bridge-road/7HRSvmiOSxmEeQzUok9Liw,alpharetta-georgia
https://www.ubereats.com/atlanta/food-delivery/wing-squad-alpharetta/vxi_1VYJQKCkY_TC9g5nyg,alpharetta-georgia
https://www.ubereats.com/atlanta/food-delivery/epicures-of-asia/D6iWE0qaQxW5Y6mQNAWcTA,alpharetta-georgia
https://www.ubereats.com/atlanta/food-delivery/flatlands-bourbon-and-bayou-n-main-st/A7Jb7RiMRYiTGNDe61pojw,alpharetta-georgia
https://www.ubereats.com/atlanta/food-delivery/fat-crab-seafood-grill/EpmcFSWyTQClobjaLdDhGQ,alpharetta-georgia
https://www.ubereats.com/atlanta/food-delivery/alchemist-trading-co/J9F5zJG6Rt2jbAfh5GV_4w,alpharetta-georgia
https://www.ubereats.com/atlanta/food-delivery/express-burger-and-mediterranean-grill/Oj9iiKBsS520VKeRrIspDw,alpharetta-georgia
https://www.ubereats.com/atlanta/food-delivery/cicis-pizza-ronald-reagan-blvd/lPAZEXiiTkWaM85dWbMxjg,alpharetta-georgia
https://www.ubereats.com/atlanta/food-delivery/chin-chin-east-cobb/hrBu-p9fQMGb_Sh3-_9Z0w,alpharetta-georgia
https://www.ubereats.com/atlanta/food-delivery/spice-wing-sugar-hill/w4k2LdMfSqC4tz0zaODk9g,alpharetta-georgia
https://www.ubereats.com/atlanta/food-delivery/cheeky-taqueria-suwanee/PoHbpix-ReK9wbWf2HjSOw,alpharetta-georgia
https://www.ubereats.com/atlanta/food-delivery/pizza-hut-10945-state-bridge-rd-%23502/GzzIgjnnSWC_RgWTdrChzw,alpharetta-georgia
https://www.ubereats.com/atlanta/food-delivery/chipotle-mexican-grill-10800-alpharetta-hwy-ste-288/Tii1wAy7Tfq1wZoV6veu3Q,alpharetta-georgia
https://www.ubereats.com/atlanta/food-delivery/screamn-nuts/O_cHrBzMST2YVeeDvWEBtQ,alpharetta-georgia
https://www.ubereats.com/atlanta/food-delivery/subway-4934-atlanta-hwy/4R8xs7OZSz-p5DiU_DTZCw,alpharetta-georgia
https://www.ubereats.com/atlanta/food-delivery/kfc-676-holcomb-bridge-rd/TBnz-Os6SnGhVDVBEawaxw,alpharetta-georgia
https://www.ubereats.com/atlanta/food-delivery/the-nest-cafe-alpharetta/1UiuOfIMTEK9sn3MD20GXQ,alpharetta-georgia
https://www.ubereats.com/atlanta/food-delivery/chinese-fusion-suwanee/-MSouQ3YRXONHXE9jgLeiQ,alpharetta-georgia
https://www.ubereats.com/atlanta/food-delivery/olde-blind-dog-milton/cztwlbp1QfiSsFQ0fqLlPg,alpharetta-georgia
https://www.ubereats.com/atlanta/food-delivery/peace-love-and-pizza-old-milton-pkwy/8PMqLGTST_m6btxyinn90g,alpharetta-georgia
https://www.ubereats.com/atlanta/food-delivery/arepita-cafe-alpharetta/oYfDIq1ASZacBl9v39DnoA,alpharetta-georgia
https://www.ubereats.com/atlanta/food-delivery/brusters-icecream/h3k-ysBQTpuHmGj6-J53YQ,alpharetta-georgia
https://www.ubereats.com/atlanta/food-delivery/wildflour-cafe/5qp0a0qESkKXpUMh2A-V7g,alpharetta-georgia
https://www.ubereats.com/atlanta/food-delivery/spice-of-thai/axtbOjDgQ_yh7fzN_rzFvA,alpharetta-georgia
https://www.ubereats.com/atlanta/food-delivery/sushi-mania/zQmldTCSTeKlfp0cuXpZtA,alpharetta-georgia
https://www.ubereats.com/atlanta/food-delivery/abbotts-bar-%26-grill/JKXA9aFqRLCkEak5Qu3o4g,alpharetta-georgia
https://www.ubereats.com/atlanta/food-delivery/osteria-di-mare/O3rkENxDRX-WAGVxrkS62Q,alpharetta-georgia
https://www.ubereats.com/atlanta/food-delivery/la-cazuela-suwanee/GBPoE0hRQIeHFnQnT1qE9w,alpharetta-georgia
https://www.ubereats.com/atlanta/food-delivery/olive-garden-holcomb-bridge-rd-%26-warsaw-rd/BUwHUkpgSKOlMXToDw4BDA,alpharetta-georgia
https://www.ubereats.com/atlanta/food-delivery/your-pie-pizza-milton/3ucpZlCFRAiOxIEmFBV-vw,alpharetta-georgia
https://www.ubereats.com/atlanta/food-delivery/sushiming-japanese-kitchen-alpharetta/yB99x6WiQJmk2Mel8sqA2A,alpharetta-georgia
https://www.ubereats.com/atlanta/food-delivery/the-real-fix-pizzeria/-aRbJmU8R0W2EI4CPAUgtg,alpharetta-georgia
https://www.ubereats.com/atlanta/food-delivery/kilwins-alpharetta-halcyon/XU2RRwc1TIacI6Ja1OEdrg,alpharetta-georgia
https://www.ubereats.com/atlanta/food-delivery/zaxbys-woodstock-rd-roswell/YeixwGhHROeh_D6aKLrEWQ,alpharetta-georgia
https://www.ubereats.com/atlanta/food-delivery/lincontro-restaurant/J9m64yhpSyOrbIuj22kpoA,alpharetta-georgia
https://www.ubereats.com/atlanta/food-delivery/tropical-smoothie-cafe-cumming/B-7ipJylS1aRQCTZAXiSjg,alpharetta-georgia
https://www.ubereats.com/atlanta/food-delivery/goldbergs-deli-johnson-ferry-rd/f0Fo0vk-ROycuNoHjQaGxQ,alpharetta-georgia
https://www.ubereats.com/atlanta/food-delivery/maple-street-biscuit-company-parsons-alley/3owIzpoYRhuCIiNo2M1hNA,alpharetta-georgia
https://www.ubereats.com/atlanta/food-delivery/the-freakin-incan/7Mpd7AtqS9qD1ok0q6SQ2A,alpharetta-georgia
https://www.ubereats.com/atlanta/food-delivery/kale-me-crazy-alpharetta/tuP1Ws_tTLGpB6xJkyHDVw,alpharetta-georgia
https://www.ubereats.com/atlanta/food-delivery/hudson-grille-7955-north-point-pkwy/PdFYdMiUR4OPDXIrm4FDtw,alpharetta-georgia
https://www.ubereats.com/atlanta/food-delivery/3%3A8-juice-and-eatery/sL9-mdCYS5q8GNEB4V7WiQ,alpharetta-georgia
https://www.ubereats.com/atlanta/food-delivery/willys-mexicana-grill-660-west-crossville-road/89fWG-pJT2eUFksGugvCfQ,alpharetta-georgia
https://www.ubereats.com/atlanta/food-delivery/goldbergs-deli-avalon-blvd/GLbQplPNSGGJTizehwkQCQ,alpharetta-georgia
https://www.ubereats.com/atlanta/food-delivery/taco-mac-alpharetta/gq16rE_0QneaPA4-otZ0mg,alpharetta-georgia
https://www.ubereats.com/atlanta/food-delivery/papoulis-mediterranean-cafe-%26-market/LP_Wh11GSn2IhwDtaII1bQ,alpharetta-georgia
https://www.ubereats.com/atlanta/food-delivery/gyro-mediterranean-food/GAVjk4rqRJS4VH0XeHTjUw,alpharetta-georgia
https://www.ubereats.com/atlanta/food-delivery/jersey-mikes-roswell/8dR5ietiTjOImLR6Spw0TQ,alpharetta-georgia
https://www.ubereats.com/atlanta/food-delivery/aroma-indian-bistro/CxyOxNEYRf6RMaz_s7IebA,alpharetta-georgia
https://www.ubereats.com/atlanta/food-delivery/tokyoboat/JHUQyLacRuCq1NtGonCmJQ,alpharetta-georgia
https://www.ubereats.com/atlanta/food-delivery/spice-3%3A16/kSPS-3JzQAiBARJbma842g,alpharetta-georgia
https://www.ubereats.com/atlanta/food-delivery/taco-mac-east-roswell/5rjouswTQMGr1-_s7iTRMw,alpharetta-georgia
https://www.ubereats.com/atlanta/food-delivery/flavor-juicery/ANc7wYO3S7e0oen8OhRUmQ,alpharetta-georgia
https://www.ubereats.com/atlanta/food-delivery/wild-wing-cafe-cumming/k2uOvSQURSK3DefPN5Rucg,alpharetta-georgia
https://www.ubereats.com/atlanta/food-delivery/twisted-tokyo/NqDoRjiZRqCTdIHrJk2tqQ,alpharetta-georgia
https://www.ubereats.com/atlanta/food-delivery/chick-fil-a-4285-state-bridge-rd/fso1lgiHQZGIfxQadUqdXQ,alpharetta-georgia
https://www.ubereats.com/atlanta/food-delivery/taco-mac-johnscreek/NSt8TFKWR1KkucHHBT4rKA,alpharetta-georgia
https://www.ubereats.com/atlanta/food-delivery/the-derby-sports-bar-alpharetta/lR5-f4NiTgOeXa7EGxC5wA,alpharetta-georgia
https://www.ubereats.com/atlanta/food-delivery/which-wich-superior-sandwiches-5250-windward-pkwy/xPHyeygSRJaS79Tv5HCjMQ,alpharetta-georgia
https://www.ubereats.com/atlanta/food-delivery/volcano-asian-bistro/a26HVfJMTCmEX-irNwqEng,alpharetta-georgia
https://www.ubereats.com/atlanta/food-delivery/india-chef/dSQagRT3T9e2jZldkZLLqg,alpharetta-georgia
https://www.ubereats.com/atlanta/food-delivery/three-dollar-cafe-alpharetta/epyq5e9NTh-ggbfzLHP59Q,alpharetta-georgia
https://www.ubereats.com/atlanta/food-delivery/persian-kabob-land/YWxe22OiSAGVM5DNShM2IA,alpharetta-georgia
https://www.ubereats.com/atlanta/food-delivery/pearl-lian-oriental-restaurant-%26-bar-johns-creek/ghN08Ye6TPG9b7hUU-Djnw,alpharetta-georgia
https://www.ubereats.com/atlanta/food-delivery/another-broken-egg-cafe-roswell/moNVpGzfSMeyfZwQbtEDvQ,alpharetta-georgia
https://www.ubereats.com/atlanta/food-delivery/cicis-10516-alpharetta-hwy/uFq_ll4sSSO9XPVvlv22PQ,alpharetta-georgia
https://www.ubereats.com/atlanta/food-delivery/french-gourmet-bistro/KMMHVH5bRhG-dSDnjZa6fw,alpharetta-georgia
https://www.ubereats.com/atlanta/food-delivery/maji-tea-bar-%E5%8E%9F%E5%88%9B%E8%8C%B6%E9%9C%B8/5ys-527_TjurYl6lo49udA,alpharetta-georgia
https://www.ubereats.com/atlanta/food-delivery/mavericks-cantina-duluth/gOo1ubNpRS-bv3z7ySHKJg,alpharetta-georgia
https://www.ubereats.com/atlanta/food-delivery/arbys-5160-windward-pkwy/Ro5_qA0URnikCgR3CmKyLg,alpharetta-georgia
https://www.ubereats.com/atlanta/food-delivery/el-porton-mexican-restaurant-roswell/TrPk1m66TOmfadns9wMxjA,alpharetta-georgia
https://www.ubereats.com/atlanta/food-delivery/ipanema-brazilian-steakhouse/ZWD0eYgLQgSLgYcGZKj13Q,alpharetta-georgia
https://www.ubereats.com/atlanta/food-delivery/pub-ten/pe8m3qMGS2Kr8z70E6YFyA,alpharetta-georgia
https://www.ubereats.com/atlanta/food-delivery/twisted-taco-windward/hmySW8FtQ5CEmQwP1r1F_w,alpharetta-georgia
https://www.ubereats.com/atlanta/food-delivery/jersey-mikes-old-milton/PTqR6TuvTe2uW-JndaW0sg,alpharetta-georgia
https://www.ubereats.com/atlanta/food-delivery/tropical-smoothie-cafe-sandy-plains-centre/1T5VSRzvTdCa1C4L90RxxA,alpharetta-georgia
https://www.ubereats.com/atlanta/food-delivery/kilwins-alpharetta-city-center/OsBiREAzTKK_RMHlTNwmQA,alpharetta-georgia
https://www.ubereats.com/atlanta/food-delivery/steak-n-shake-2611-peachtree-parkway/LMl9FsZHSKy_VNbeoLwNNA,alpharetta-georgia
https://www.ubereats.com/atlanta/food-delivery/sara-donuts-duluth/yqGb3X41S-2FccqLLqavHg,alpharetta-georgia
https://www.ubereats.com/atlanta/food-delivery/menchies-frozen-yogurt-12030-etris-rd/Zdp4viRdSWyQoUtclAWz1w,alpharetta-georgia
https://www.ubereats.com/atlanta/food-delivery/juice-waze-cafe/gw_q1KsfTpmx6SROEvEkXA,alpharetta-georgia
https://www.ubereats.com/atlanta/food-delivery/cafe-istanbul-alpharetta/JJmi--TWSKuyn1KoLl1dwg,alpharetta-georgia
https://www.ubereats.com/atlanta/food-delivery/moctezuma/OeDQnvmyRjSKqMngbJi6VA,alpharetta-georgia
https://www.ubereats.com/atlanta/food-delivery/sushi-sumo-old-alabama-rd/O3EKR05eQUi3BoaTC_wGaw,alpharetta-georgia
https://www.ubereats.com/atlanta/food-delivery/ct-cantina/f1bxs7iBScmzEgLGSLeMpA,alpharetta-georgia
https://www.ubereats.com/atlanta/food-delivery/mumbai-indian-bistro/sg0nCwSPTqyZcczpByYw1w,alpharetta-georgia
https://www.ubereats.com/atlanta/food-delivery/mellow-mushroom-alpharetta-milton/IHmeqwJ2QxSxTqWrNz799w,alpharetta-georgia
https://www.ubereats.com/atlanta/food-delivery/el-rio-mexican-restaurant-atlanta-rd/F8BK1fdEQnKEgnigadnimg,alpharetta-georgia
https://www.ubereats.com/atlanta/food-delivery/zaxbys-hwy-9/FhXKWfT2RQ6uawLYrCZqAA,alpharetta-georgia
https://www.ubereats.com/atlanta/food-delivery/poke-bar-9700-medlock-bridge-rd-ste-136/zwWZ-X8VSGSvZsKcXLsn0g,alpharetta-georgia
https://www.ubereats.com/atlanta/food-delivery/burgerfi-alpharetta/NNbKmd3uQM2fVcKKjVeR6Q,alpharetta-georgia
https://www.ubereats.com/atlanta/food-delivery/zaxbys-520-sawnee-corners/rIgHdYx7RKCiPHOZG8_Vww,alpharetta-georgia
https://www.ubereats.com/atlanta/food-delivery/la-brasa-rustica/tSlAYhI2TTSQckSRJQvKxg,alpharetta-georgia
https://www.ubereats.com/atlanta/food-delivery/burger-21-johns-creek/zfaeszJrQPq7mDzZMDfaGA,alpharetta-georgia
https://www.ubereats.com/atlanta/food-delivery/hugos-oyster-bar/G83X_KY6Rwy91iPrqIuPng,alpharetta-georgia
https://www.ubereats.com/atlanta/food-delivery/burgerfi-peachtree-corners/ja3LgvLISBmsic5puY1Glg,alpharetta-georgia
https://www.ubereats.com/atlanta/food-delivery/planet-smoothie-5275-peachtree-pkwy-106/06Yk0FJTQs6vWkrIzfzzxQ,alpharetta-georgia
https://www.ubereats.com/atlanta/food-delivery/dickeys-bbq-pit-windward-pkwy-%26-windward-plaza/JM7RdmWUQQa6ENb9Wr8hoQ,alpharetta-georgia
https://www.ubereats.com/atlanta/food-delivery/ceviche-taqueria-%26-margarita-bar-alpharetta/KWYGJcS_SQOATBYxbsDNQA,alpharetta-georgia
https://www.ubereats.com/atlanta/food-delivery/taqueria-tsunami-roswell/HmSAgEy1RKWJaedmoSm6oA,alpharetta-georgia
https://www.ubereats.com/atlanta/food-delivery/panda-express-alpharetta-2622-holcomb-bridge-road/-cHoMmRYQr-gyiy_by3iEA,alpharetta-georgia
https://www.ubereats.com/atlanta/food-delivery/the-ice-cream-shop/lKf9Fm-VRgKAnLORshAtNQ,alpharetta-georgia
https://www.ubereats.com/atlanta/food-delivery/alessios-restaurant-%26-pizzeria-roswell/opRqQA0ERF6NtkY1dTv3Cw,alpharetta-georgia
https://www.ubereats.com/atlanta/food-delivery/7-tequilas-mexican-restaurant-post-rd/MJpFcJkrTUiNXFrzP_E-yw,alpharetta-georgia
https://www.ubereats.com/atlanta/food-delivery/corner-teriyaki/RpqIkmE6S3WqE2RcXdo0fg,alpharetta-georgia
https://www.ubereats.com/atlanta/food-delivery/pharaohs-palace/14KtCOpJRxGrY12hW44FZw,alpharetta-georgia
https://www.ubereats.com/atlanta/food-delivery/cafe-intermezzo-alpharetta/DtJNe2pIRHesDdDb_bDtBA,alpharetta-georgia
https://www.ubereats.com/atlanta/food-delivery/chennai-express-vegetarian/t1lw19F9S5iOyZ1zMXLUnQ,alpharetta-georgia
https://www.ubereats.com/atlanta/food-delivery/tin-drum-asian-kitchen-roswell/tpXZbpqoQruudoNEjDJq_g,alpharetta-georgia
https://www.ubereats.com/atlanta/food-delivery/clementines-cafe/bG-ZkDILRwWZ6PqDg8EL1Q,alpharetta-georgia
https://www.ubereats.com/atlanta/food-delivery/wings-plus-10479-alpharetta-st-suite-15/FanWLL3nTAq6cT38chXjuQ,alpharetta-georgia
https://www.ubereats.com/atlanta/food-delivery/kajun-seafood/dK741v90QS-Bs3JT54FJSw,alpharetta-georgia
https://www.ubereats.com/atlanta/food-delivery/taco-bell-106-s-main/ye6QhcUNQvuEDIXD2mnc7w,alpharetta-georgia
https://www.ubereats.com/atlanta/food-delivery/deccan-spice-indian-cuisine/3YXR9HteTuGaoUu7HDSW6A,alpharetta-georgia
https://www.ubereats.com/atlanta/food-delivery/hardees-1505887/-FovyntvRnODz6Ff1OHSNw,alpharetta-georgia
https://www.ubereats.com/atlanta/food-delivery/sidelines-grille-hickory-flat/gq0rTLNqSgir6YFPdGsfyA,alpharetta-georgia
https://www.ubereats.com/atlanta/food-delivery/windwardtavern/sLt_Tq9KSCiiRoQct-WdGA,alpharetta-georgia
https://www.ubereats.com/atlanta/food-delivery/rasa-sayang-market-blvd/GEWVIwmERS-h85Gy_xkEDA,alpharetta-georgia
https://www.ubereats.com/atlanta/food-delivery/poke-fresh-alpharetta/vXC_NcwCTEKRRcQvcf4xFA,alpharetta-georgia
https://www.ubereats.com/atlanta/food-delivery/zoes-kitchen-410-peachtree-pkwy-suite-260/Q6IiTS3DTcm4yCQuPdQMDA,alpharetta-georgia
https://www.ubereats.com/atlanta/food-delivery/todofritoatl/S3BZ2isORfOGDv49RDQosw,alpharetta-georgia
https://www.ubereats.com/atlanta/food-delivery/simons-chinese-cuisine/e9MHqfFlT_qHXvFQaeSiEw,alpharetta-georgia
https://www.ubereats.com/atlanta/food-delivery/taco-mac-windward/V0_D9MJXQUaBWjQ_CbDHFw,alpharetta-georgia
https://www.ubereats.com/atlanta/food-delivery/el-don-mexican-bar-and-grill-alpharetta/D_CwM6U1TRCNu6-X-Ff-7g,alpharetta-georgia
https://www.ubereats.com/atlanta/food-delivery/subway-1525-mcfarland-pkway/kPdlgn8qRFyuT0tD31PjNw,alpharetta-georgia
https://www.ubereats.com/atlanta/food-delivery/jekyll-brewing-city-center/yD4IEMjHRJy97F0oxrJV8A,alpharetta-georgia
https://www.ubereats.com/atlanta/food-delivery/asian-cafe-dunwoody/-WukoLBjQxKhCbdcUwcB8Q,alpharetta-georgia
https://www.ubereats.com/atlanta/food-delivery/vintage-pizzeria/kE6V1yoISLSpvPPRsbkA6Q,alpharetta-georgia
https://www.ubereats.com/atlanta/food-delivery/mcdonalds-alpharetta-ga-windward-pkwy-%26-hwy-9/bJRdwb0iQWKAzJ2gnAXIDg,alpharetta-georgia
https://www.ubereats.com/atlanta/food-delivery/chipotle-mexican-grill-10910-haynes-bridge-rd/_Z-b5TxDQRCxGmSrlwmZ8A,alpharetta-georgia
https://www.ubereats.com/atlanta/food-delivery/pita-mediterranean-street-food-alpharetta/0a1Pk9Q1TMiTGEHFGzAEgg,alpharetta-georgia
https://www.ubereats.com/atlanta/food-delivery/biryani/7sJChdQ1RhqWI1KxT1rLiw,alpharetta-georgia
https://www.ubereats.com/atlanta/food-delivery/mcalisters-deli-market-blvd-%26-old-alabama-rd/N76GIhaoQVW3TtjkKUVihw,alpharetta-georgia
https://www.ubereats.com/atlanta/food-delivery/firehouse-subs-alpharetta-hwy/ZNn62F5JRJKDOKZX6h3YBA,alpharetta-georgia
https://www.ubereats.com/atlanta/food-delivery/friends-cumming-grill/s6VRmIsgTR6bhYsrWUIjGw,alpharetta-georgia
https://www.ubereats.com/atlanta/food-delivery/romeos-new-york-pizza-johns-creek/NkPTSz7FQZWAdgzGWjTwaA,alpharetta-georgia
https://www.ubereats.com/atlanta/food-delivery/atlanta-bread-peachtree-corners/2dpJf08EQLmZRq8aRPE10w,alpharetta-georgia
https://www.ubereats.com/atlanta/food-delivery/hot-breads/R2xAf7kFS9u7_VjGeeGNTg,alpharetta-georgia
https://www.ubereats.com/atlanta/food-delivery/taquito-express-alpharetta/IWTGahdMTv60xfv7m3GzsA,alpharetta-georgia
https://www.ubereats.com/atlanta/food-delivery/subway-2202-north-point-circle/DFcFheMIS3C_1Jl8epALIw,alpharetta-georgia
https://www.ubereats.com/atlanta/food-delivery/enzo-sushi-suwanee/Dqwe-ejaQGSwdWskOgfFUQ,alpharetta-georgia
https://www.ubereats.com/atlanta/food-delivery/fresco-cantina-grille/Ky8xLczqQ2e9-RphQrbmPg,alpharetta-georgia
https://www.ubereats.com/atlanta/food-delivery/salsaritas-fresh-cantina/aQ9usYc4TJOPS3yWK8bX6Q,alpharetta-georgia
https://www.ubereats.com/atlanta/food-delivery/the-tavern-house/wTe_AHURQleETUkkBqd4Hw,alpharetta-georgia
https://www.ubereats.com/atlanta/food-delivery/dairy-queen-grill-%26-chill-5615-commerce-blvd/qIVJHBx-TL65-LmPgAEQiQ,alpharetta-georgia
https://www.ubereats.com/atlanta/food-delivery/grandmas-ny-pizza-cumming/zIxRfPz-SgOptmCL9BHM7Q,alpharetta-georgia
https://www.ubereats.com/atlanta/food-delivery/qdoba-mexican-grill-alpharetta/X2gWn8pKT9moGmUElHw-qA,alpharetta-georgia
https://www.ubereats.com/atlanta/food-delivery/captain-ds-597-atlanta-rd/kmZPij07RzOnfkdX1V8CJw,alpharetta-georgia
https://www.ubereats.com/atlanta/food-delivery/alpharetta-burger-joint/m4NWne3hTEuA6WiITKFCig,alpharetta-georgia
https://www.ubereats.com/atlanta/food-delivery/mouth-watering-fried-chicken-suwanee/IxQRVmwFRnKZozlv6-ay3A,alpharetta-georgia
https://www.ubereats.com/atlanta/food-delivery/tokyo-bay-japanese-restaurant/EcLK9OkIS_uN7N_By_6v5A,alpharetta-georgia
https://www.ubereats.com/atlanta/food-delivery/moes-southwest-grill-roswell/jU0qxM1iQC-0juuO5mjgyw,alpharetta-georgia
https://www.ubereats.com/atlanta/food-delivery/slopes-bbq-roswell/hE86LS6YQEqxmNonmi35lQ,alpharetta-georgia
https://www.ubereats.com/atlanta/food-delivery/krystal-560-atlanta-rd/AHH8bW5HRWmeUCD3QzTkHg,alpharetta-georgia
https://www.ubereats.com/atlanta/food-delivery/kumari-kitchen/iPZ-zu8ZQSqvHFJcPdIRDA,alpharetta-georgia
https://www.ubereats.com/atlanta/food-delivery/five-boroughs-pizza-tavern/ZEfDjT-ORZyuWOfXz3bReQ,alpharetta-georgia
https://www.ubereats.com/atlanta/food-delivery/manhattan-ny-deli-%26-bagels-alpharetta/h3hTE39bSeKp70jI8bI8-A,alpharetta-georgia
https://www.ubereats.com/atlanta/food-delivery/grouchys-parent-bruce-cohn-atlanta/P54LcggXR8OKcdSlGqdk9w,alpharetta-georgia
https://www.ubereats.com/atlanta/food-delivery/apple-spice-atlanta-north-metro/dxCrzBMOQCu3ryBINZTMCw,alpharetta-georgia
https://www.ubereats.com/atlanta/food-delivery/minnie-olivia-pizzeria/--Y3soe5Tx2NOBrg9iZjgA,alpharetta-georgia
https://www.ubereats.com/atlanta/food-delivery/jerusalem-bakery-%26-restaurant-roswell/MfxpsY6ISz-GWMWXVzeNsA,alpharetta-georgia
https://www.ubereats.com/atlanta/food-delivery/chad-thai/XuJ7FWPUT1uQqHr8EAun0w,alpharetta-georgia
https://www.ubereats.com/atlanta/food-delivery/five-guys-ga-0111-5230-windward-pkwy/OCAVBYboTmCwy0nVw_7VKg,alpharetta-georgia
https://www.ubereats.com/atlanta/food-delivery/starbucks-the-terrace-%40-windward/0jjyecVzQK-9uhk3pj4x0w,alpharetta-georgia
https://www.ubereats.com/atlanta/food-delivery/village-italian/QTtultyPSxi9kV54ERXW9w,alpharetta-georgia
https://www.ubereats.com/atlanta/food-delivery/panda-express-suwanee-3585-peachtree-parkway/H4TncQ5fSqGIFg7NyyCHLA,alpharetta-georgia
https://www.ubereats.com/atlanta/food-delivery/jays-mexican-grill-alpharetta/qtm9GnLrSNyFstUK-8Oaag,alpharetta-georgia
https://www.ubereats.com/atlanta/food-delivery/sweet-charlies-roswell/H7zL0IrERoWErxvYYzK3HQ,alpharetta-georgia
https://www.ubereats.com/atlanta/food-delivery/jamaican-deli/56jwE9X_TB-3tKSzc_R_og,alpharetta-georgia
https://www.ubereats.com/atlanta/food-delivery/kale-me-crazy-roswell/kg3FpVbHQLeG-yT8Ul4-cg,alpharetta-georgia
https://www.ubereats.com/atlanta/food-delivery/kobe-steaks-and-sushi-bar/epOehFPwT4q3WSZ0kou_Jw,alpharetta-georgia
https://www.ubereats.com/atlanta/food-delivery/zoes-kitchen-1105-woodstock-rd-ste-100/zPgEjDdMSFiK6nGltQDCYA,alpharetta-georgia
https://www.ubereats.com/atlanta/food-delivery/donut-haven/ghtAnKLCQBi46CgXYw1iaQ,alpharetta-georgia
https://www.ubereats.com/atlanta/food-delivery/millers-ale-house-alpharetta/s0NbKIDSQ5qdldF1zkbcMw,alpharetta-georgia
https://www.ubereats.com/atlanta/food-delivery/brusters-real-ice-cream-3000-old-alabama-rd/Vk3vdbUbQ12FmLzfRR1VjQ,alpharetta-georgia
https://www.ubereats.com/atlanta/food-delivery/tara-humata-mexican-grill-%26-tequila-bar-alpharetta/CGd79mYkShOqmr2iMTAT4g,alpharetta-georgia
https://www.ubereats.com/atlanta/food-delivery/the-flying-biscuit-cafe-roswell/FKyJzGQoTWy4d8x7SbmSBw,alpharetta-georgia
https://www.ubereats.com/atlanta/food-delivery/subway-1630-mansell-rd/gCU_rlCzS8GkeWdf2_spCw,alpharetta-georgia
https://www.ubereats.com/atlanta/food-delivery/arbys-10601-alpharetta-hwy/4rnDIT-HRO2EoQMacHDmNA,alpharetta-georgia
https://www.ubereats.com/atlanta/food-delivery/taco-bell-10850-haynes-bridge-road/Cx0UZTryQGqy9shx6sSCsw,alpharetta-georgia
https://www.ubereats.com/atlanta/food-delivery/pizza-gorilla/SboPpOCpSfu5Vws881g0Tg,alpharetta-georgia
https://www.ubereats.com/atlanta/food-delivery/charltons-grill-and-tap/yCOKKES3RKy0DmWST7nmrw,alpharetta-georgia
https://www.ubereats.com/atlanta/food-delivery/sip-n-chew-delightful-eat/EaeMvKNxT_GUV4nDjo1ejw,alpharetta-georgia
https://www.ubereats.com/atlanta/food-delivery/j-buffalo-wings/W3TxXQFkSd-G0-4X8Modtw,alpharetta-georgia
https://www.ubereats.com/atlanta/food-delivery/starbucks-old-milton-%26-amber-park/rbpVjqPCTHi6IB4CF-5poA,alpharetta-georgia
https://www.ubereats.com/atlanta/food-delivery/sushi-mania/AVOF-h_tQDOf9nKpLFPECg,alpharetta-georgia
https://www.ubereats.com/atlanta/food-delivery/inchins-bamboo-garden-alpharetta/5o3kkrbEQEWNNsx7Y80s7g,alpharetta-georgia
https://www.ubereats.com/atlanta/food-delivery/jo-jos-wings-and-grill/OhnsQWp6RPWXxO7b5wXxWw,alpharetta-georgia
https://www.ubereats.com/atlanta/food-delivery/buffalo-wild-wings-2375-mansell-rd/6unBLj6cQPCoUuoWc877jg,alpharetta-georgia
https://www.ubereats.com/atlanta/food-delivery/subway-3055-north-point-parkway/47xymnMfSo200Mct_ZcG4Q,alpharetta-georgia
https://www.ubereats.com/atlanta/food-delivery/chuck-e-cheese-925-north-point-drive/hLB6Mzb7SEmjZj03fSemng,alpharetta-georgia
https://www.ubereats.com/atlanta/food-delivery/burger-king-5025-abbotts-bridge-road/c0gmMpQrQvG66WXC8bheiQ,alpharetta-georgia
https://www.ubereats.com/atlanta/food-delivery/big-oak-tavern/gp2_qA3BShK1s4UL6tUrRQ,alpharetta-georgia
https://www.ubereats.com/atlanta/food-delivery/el-porton-mexican-restaurant-jones-bridge-rd/QLTkTLyUR3CsLRb2_c_S-Q,alpharetta-georgia
https://www.ubereats.com/atlanta/food-delivery/the-yellow-chilli-atlanta/Mm8r4IBJQnu8VC-aLPfQ8g,alpharetta-georgia
https://www.ubereats.com/atlanta/food-delivery/my-friends-place-mcfarland/HW7R9GACSTyS-bjSJkUv8Q,alpharetta-georgia
https://www.ubereats.com/atlanta/food-delivery/thai-squared-alpharetta/IwSwzDvhR4mQ9w6rW1TkLA,alpharetta-georgia
https://www.ubereats.com/atlanta/food-delivery/village-burger-cumming/AB8xoO7eTZioXWMqjvjQXw,alpharetta-georgia
https://www.ubereats.com/atlanta/food-delivery/beaumonde-cigar-bar/mbnuBNHnQmqPq0Z-PHKDHQ,alpharetta-georgia
https://www.ubereats.com/atlanta/food-delivery/piece-of-cake-alpharetta/rxIAUfyeQ4W9irGV-Kya4w,alpharetta-georgia
https://www.ubereats.com/atlanta/food-delivery/da-vincis-donuts-alpharetta/czEUzD4zQ4O2EFh3kt6NSg,alpharetta-georgia
https://www.ubereats.com/atlanta/food-delivery/zaxbys-6020-bethelview-rd-cumming-ga-30040/0qdJms9YQaeY4J7jWFSuqA,alpharetta-georgia
https://www.ubereats.com/atlanta/food-delivery/pizza-hut-241-s-main-st/8gTSG9fOSEWEP_G42Zz3LA,alpharetta-georgia
https://www.ubereats.com/atlanta/food-delivery/fresh-to-order-johns-creek/gZzfZhHtREmZPD3tqUG3Ew,alpharetta-georgia
https://www.ubereats.com/atlanta/food-delivery/kabob-ish-johns-creek/cPA-QZ63S96EP_HYenxvwg,alpharetta-georgia
https://www.ubereats.com/atlanta/food-delivery/flying-roll/CkPtvM_MS9e8IsQMF2sdYA,alpharetta-georgia
https://www.ubereats.com/atlanta/food-delivery/firehouse-subs-norcross/mb2-G3_lRu2ANHR5MFOC4A,alpharetta-georgia
https://www.ubereats.com/atlanta/food-delivery/tadka-indian-cuisine/4NJhuQvXQHSyTrpbNEM9rg,alpharetta-georgia
https://www.ubereats.com/atlanta/food-delivery/kbbq-on-fire/otjcifg3SqqDTRA6NHFonA,alpharetta-georgia
https://www.ubereats.com/atlanta/food-delivery/dunkin-11250-medlock-bridge-rd-ste-100/rMSd5S28S4aEaY7OEuXP_w,alpharetta-georgia
https://www.ubereats.com/atlanta/food-delivery/altobelis-italian-restaurant-%26-piano-bar-alpharetta/mFfT-TukSQeUoXLaDm3wCA,alpharetta-georgia
https://www.ubereats.com/atlanta/food-delivery/the-ice-cream-shop/IoCQ3-zRSOWAhGnjy3zDKg,alpharetta-georgia
https://www.ubereats.com/atlanta/food-delivery/papa-johns-5665-atlanta-hwy-suite-%23110/Kitkhx0LS1KaL3TdjdrPkw,alpharetta-georgia
https://www.ubereats.com/atlanta/food-delivery/cracker-barrel-old-country-store-5580-windward-pkwy/WhLW5wcaT9Gq1_p-VCb2lg,alpharetta-georgia
https://www.ubereats.com/atlanta/food-delivery/kobe-steaks-and-sushi-bar/8Rl8dp-ITpqZ2YU8Y1SajQ,alpharetta-georgia
https://www.ubereats.com/atlanta/food-delivery/california-pizza-kitchen-6301-north-point-pkwy/Vk0Qhj0sQUue8k37ochtaA,alpharetta-georgia
https://www.ubereats.com/atlanta/food-delivery/zaxbys-old-milton-pkwy/yHsOZ033SmyYqP-MKlwaWw,alpharetta-georgia
https://www.ubereats.com/atlanta/food-delivery/harue/vq7wy5QgTMmdTVMCob6X4Q,alpharetta-georgia
https://www.ubereats.com/atlanta/food-delivery/kani-house-duluth/xFs8jW7mT_G_M_99vp7T2w,alpharetta-georgia
https://www.ubereats.com/atlanta/food-delivery/barcelona-steak/c5GOIafWRXedB7xIW0l88Q,alpharetta-georgia
https://www.ubereats.com/atlanta/food-delivery/queen-churro-food-truck-1/qbSJ0Q9nQPywISiqtBxfiA,alpharetta-georgia
https://www.ubereats.com/atlanta/food-delivery/mezbaan-indo-pak-cuisine/qTd2eKBmR_-zzV0Uou5EPA,alpharetta-georgia
https://www.ubereats.com/atlanta/food-delivery/thai-thai-restaurant/v3czDc0wQ3S77yykXXZxbg,alpharetta-georgia
https://www.ubereats.com/atlanta/food-delivery/noca-eatery-%26-bar/7BpW7xIJT2WJgO3yHe02kw,alpharetta-georgia
https://www.ubereats.com/atlanta/food-delivery/rock-n-taco/SEFySA-RS4el56s9USKRKQ,alpharetta-georgia
https://www.ubereats.com/atlanta/food-delivery/starbucks-north-point-%26-haynes-bridge/XHY8YWJ6S0KLdoem4w1Nyg,alpharetta-georgia
https://www.ubereats.com/atlanta/food-delivery/windy-cafe-alpharetta/FpwceplmTAOxi_YQIUxJaA,alpharetta-georgia
https://www.ubereats.com/atlanta/food-delivery/ocean-%26-acre/VcOm3D_YS56ProB4KpiXhw,alpharetta-georgia
https://www.ubereats.com/atlanta/food-delivery/el-zarape-roswell/REcY3ocRQlCs_Kma9DfJmQ,alpharetta-georgia
https://www.ubereats.com/atlanta/food-delivery/casa-de-quesadilla/edL85NjNSYucB4xhL6hAKg,alpharetta-georgia
https://www.ubereats.com/atlanta/food-delivery/chicken-salad-chick-roswell/SDV2MaL9TUiU-xQMRFXkTA,alpharetta-georgia
https://www.ubereats.com/atlanta/food-delivery/five-guys-ga-0361-3105-peachtree-pkwy/FKpNk6cUR4--mRFfFe0c9g,alpharetta-georgia
https://www.ubereats.com/atlanta/food-delivery/little-lunch-market/jeexji9ZRi2zVxUsPiAVAA,alpharetta-georgia
https://www.ubereats.com/atlanta/food-delivery/twisted-taco-duluth/iRSiLKwkTvGC9MkQHWXllA,alpharetta-georgia
https://www.ubereats.com/atlanta/food-delivery/chipotle-mexican-grill-905-market-place-blvd-ste-c/2VlQauwaRuarKwzB7QRI4A,alpharetta-georgia
https://www.ubereats.com/atlanta/food-delivery/moes-southwest-grill-johns-creek/y1HF0RmnQs2KvWNo93KZ1w,alpharetta-georgia
https://www.ubereats.com/atlanta/food-delivery/antico-avalon/6f1HiskhRgKoLOJS3IQBOA,alpharetta-georgia
https://www.ubereats.com/atlanta/food-delivery/starbucks-roswell-marketplace/-A5o4woBTT6yjho8ybFQfQ,alpharetta-georgia
https://www.ubereats.com/atlanta/food-delivery/subway-13020-morris-rd/Askc19VwSsW74HpNPp5OaA,alpharetta-georgia
https://www.ubereats.com/atlanta/food-delivery/brooklyn-bagel-bakery-and-deli/5JBgObMURv-8amrTUTvKYA,alpharetta-georgia
https://www.ubereats.com/atlanta/food-delivery/the-crab-spot-johns-creek/xiR7rIOvS7eoR9_bRMfD0Q,alpharetta-georgia
https://www.ubereats.com/atlanta/food-delivery/alessios-restaurant-%26-pizzeria-johns-creek/JgOl5y4lS-uLC1Cvr8kkiw,alpharetta-georgia
https://www.ubereats.com/atlanta/food-delivery/daddy-obriens-irish-ice-cream-pub-and-restaurant/MppNek3ZTAOxpD2hTQhiIA,alpharetta-georgia
https://www.ubereats.com/atlanta/food-delivery/taste-of-london/tOiIC2lQQ0KQfx6C1dYIhg,alpharetta-georgia
https://www.ubereats.com/atlanta/food-delivery/dos-margaritas/TeSPpOblQ3mYrC2vFpqPSg,alpharetta-georgia
https://www.ubereats.com/atlanta/food-delivery/napoli-1-pizza/IvcgrPU4Qba8LwSNyhnj6Q,alpharetta-georgia
https://www.ubereats.com/atlanta/food-delivery/mcdonalds-roswell-ga-holcomb/dkP2OwPoTGG3rz3gA69K4Q,alpharetta-georgia
https://www.ubereats.com/atlanta/food-delivery/moctezuma-mexican-grill/URzBmRadTZOCfkRrqDRyRA,alpharetta-georgia
https://www.ubereats.com/atlanta/food-delivery/jersey-mikes-johns-creek/lkA1x6ZRTWGptEJM-30pvw,alpharetta-georgia
https://www.ubereats.com/atlanta/food-delivery/china-garden/buENASuuRaylt5qiqSfTzg,alpharetta-georgia
https://www.ubereats.com/atlanta/food-delivery/mamas-pizza-alpharetta/5smiNjnXR7u6UHRp0Ige4g,alpharetta-georgia
https://www.ubereats.com/atlanta/food-delivery/pf-changs-7925-n-point-pkwy/x8s4j943QrW1GaH55_BoeA,alpharetta-georgia
https://www.ubereats.com/atlanta/food-delivery/biryani-pot-duluth/WHfD75fXTGCE7CNidm0LEw,alpharetta-georgia
https://www.ubereats.com/atlanta/food-delivery/dos-margaritas-canton/XyniVHakQ468S0UYFDtiow,alpharetta-georgia
https://www.ubereats.com/atlanta/food-delivery/noosh-kitchen/UxZFsZSnTguz7KYpxJMq6A,alpharetta-georgia
https://www.ubereats.com/atlanta/food-delivery/sub-zero-ice-cream-%26-yogurt-11720-medlock-bridge-rd/TzwvnZYsQhmUW6K4kIJfJw,alpharetta-georgia
https://www.ubereats.com/atlanta/food-delivery/bawarchi-biryani-alpharetta/XUiD_qiGQmeGFY0C5vXLuQ,alpharetta-georgia
https://www.ubereats.com/atlanta/food-delivery/monkey-68-green-st/kbf24AmQSPq1JgvYUHjwpA,alpharetta-georgia
https://www.ubereats.com/atlanta/food-delivery/five-guys-ga-4023-1133-woodstock-rd/jobzvqcvRKWklBg-0HYFww,alpharetta-georgia
https://www.ubereats.com/atlanta/food-delivery/poke-burri/ob_om5PiTaOaqaQi_lL9Vg,alpharetta-georgia
https://www.ubereats.com/atlanta/food-delivery/pita-mediterranean-street-food-roswell/hrg7nt6kQKmxZne-896Phw,alpharetta-georgia
https://www.ubereats.com/atlanta/food-delivery/zaxbys-2880-e-cherokee-dr-canton-ga-30115/ZfZvnD5rRzyFkVJ2wi9Gsg,alpharetta-georgia
https://www.ubereats.com/atlanta/food-delivery/papa-johns-6115-hickory-flat-highway/-j8pAEztS1i91GOP2ON-iA,alpharetta-georgia
https://www.ubereats.com/atlanta/food-delivery/subway-old-militon/vjuTUcrMRq2zM3sjSfkIkg,alpharetta-georgia
