url,city
https://www.ubereats.com/new-jersey/food-delivery/veggie-%2B/aHxyeqxkQz2Gips3k3sVFQ,alpine-new-jersey
https://www.ubereats.com/new-jersey/food-delivery/lao-ma-spicy/0GGo6yWTSsWmAxHVa951SQ,alpine-new-jersey
https://www.ubereats.com/new-jersey/food-delivery/glaze-donuts/nFFtF26sS_WKHefScAbqoQ,alpine-new-jersey
https://www.ubereats.com/new-jersey/food-delivery/blimpie-dumont/ZS85dx7IQg2QMs2vB04xpA,alpine-new-jersey
https://www.ubereats.com/new-jersey/food-delivery/mcdonalds-englewood-palis/hHkO72QhRi-Uhh38QJ29dA,alpine-new-jersey
https://www.ubereats.com/new-jersey/food-delivery/sayola-restaurant/o4-LP37rRzK5Oo-W4stLdA,alpine-new-jersey
https://www.ubereats.com/new-jersey/food-delivery/taco-bell-415-south-washington-ave/gZwrQTfjSSq1ucRDPt4fcQ,alpine-new-jersey
https://www.ubereats.com/new-jersey/food-delivery/los-fuertes-de-loreto/3rxCuQ03RrCB19OZVzDkoQ,alpine-new-jersey
https://www.ubereats.com/new-jersey/food-delivery/fairmount-eats/z_X0IdESQWmmwmtI5lvQUQ,alpine-new-jersey
https://www.ubereats.com/new-jersey/food-delivery/jacks-lobster-shack%26oyster-bar/WFhBhgatRyuH0UKZmgck5Q,alpine-new-jersey
https://www.ubereats.com/new-jersey/food-delivery/red-white-and-pasta/SBqw05zgRkqsv8P2Ox76hg,alpine-new-jersey
https://www.ubereats.com/new-jersey/food-delivery/jersey-mikes-subs-254c-livingston-street/BAuMVunQTL-z0IqmtVgIlA,alpine-new-jersey
https://www.ubereats.com/new-jersey/food-delivery/moes-southwest-grill-271-273-e-livingston-street/c-YNJdMdSVmyRhkgkYp7Uw,alpine-new-jersey
https://www.ubereats.com/new-jersey/food-delivery/deli-xpress/NOPdiLQCRQSxhqbOxTTtcQ,alpine-new-jersey
https://www.ubereats.com/new-jersey/food-delivery/halal-grillo/9hl6Xb9SS_Wa8aHlVKB7JQ,alpine-new-jersey
https://www.ubereats.com/new-jersey/food-delivery/market-eatery-badaya/Ngt6mmt3SzWx4uQVFCCXCQ,alpine-new-jersey
https://www.ubereats.com/new-jersey/food-delivery/munchies-n-snacks-nyc/BHkogb-_SYyB8coyOW5lJA,alpine-new-jersey
https://www.ubereats.com/new-jersey/food-delivery/poke-central/9QoIG4m3Ssq1tOHNQ3SUqg,alpine-new-jersey
https://www.ubereats.com/new-jersey/food-delivery/burger-king-162-kinderkamack-road/EgikNQLOSWygzM5rhiT96g,alpine-new-jersey
https://www.ubereats.com/new-jersey/food-delivery/nazca-peruvian-restaurant-%26-bar/jRV7DqQUTLKL1UKJChuQFA,alpine-new-jersey
https://www.ubereats.com/new-jersey/food-delivery/taco185/1ZU4TlUhTkyy5CtyYEN_6w,alpine-new-jersey
https://www.ubereats.com/new-jersey/food-delivery/cafe-luna/n0AloRdbTdesLxU3cudsog,alpine-new-jersey
https://www.ubereats.com/new-jersey/food-delivery/gmk-cakes/ypydQazDQBu8E1FYdMsBWg,alpine-new-jersey
https://www.ubereats.com/new-jersey/food-delivery/broadway-pizzeria-ii/bva8yiqMRP-qEGGx7rQ5zw,alpine-new-jersey
https://www.ubereats.com/new-jersey/food-delivery/yalla-teaneck/XV36kuXBSgOGrC6O18Mg9g,alpine-new-jersey
https://www.ubereats.com/new-jersey/food-delivery/chapala-grill/S7KyxWfGRRu_UidO3ra_Jw,alpine-new-jersey
https://www.ubereats.com/new-jersey/food-delivery/elmers-country-store/RP3qrngkS-W6BiXq1--BWg,alpine-new-jersey
https://www.ubereats.com/new-jersey/food-delivery/dunkin-754-river-rd/BncFC9mTQ-2DIPsR0VFw7A,alpine-new-jersey
https://www.ubereats.com/new-jersey/food-delivery/tpr-pizzeria/cGetgNmCRRCiFY4mL3iTsg,alpine-new-jersey
https://www.ubereats.com/new-jersey/food-delivery/lolitas-mexican-cantina/X2Bl5S9CQ2eMoQGZJik4ww,alpine-new-jersey
https://www.ubereats.com/new-jersey/food-delivery/mikes-delicatessen/Uvf6SOSaTZiyPcgvkzT1DA,alpine-new-jersey
https://www.ubereats.com/new-jersey/food-delivery/kinyobi/bBV9JXmxRRKN4-YHx2Y2kg,alpine-new-jersey
https://www.ubereats.com/new-jersey/food-delivery/berrylicious-pizzalicious-kosher-brick-oven-pizza-and-frozen-yogurt/rdZqXwz0TwaueB5bSMAhlw,alpine-new-jersey
https://www.ubereats.com/new-jersey/food-delivery/blue-42/LKsAdhJvQyqqE4TaSRhTLA,alpine-new-jersey
https://www.ubereats.com/new-jersey/food-delivery/valley-diner/GOHm77luQCWpY4MJR_Cjdg,alpine-new-jersey
https://www.ubereats.com/new-jersey/food-delivery/just-platters/wBmHLbVNTuiLQ7rUBokUDA,alpine-new-jersey
https://www.ubereats.com/new-jersey/food-delivery/prestos-new-york-%231/I4oNF7Q6S5Oa8Un83xMt1g,alpine-new-jersey
https://www.ubereats.com/new-jersey/food-delivery/starbucks-emerson-kinderkamack/b-VAvOhiTPS4OzyxcrDioA,alpine-new-jersey
https://www.ubereats.com/new-jersey/food-delivery/katonah-pizza-%26-pasta/FTV7339KS-q4qTgPS-E3_w,alpine-new-jersey
https://www.ubereats.com/new-jersey/food-delivery/smashburger-390-hackensack-ave-space-169/mXi63XXuS5iaXvEvfjUs6A,alpine-new-jersey
https://www.ubereats.com/new-jersey/food-delivery/la-casa-del-buen-sabor/-Qb0Twj1RDKR4Y5Jxd99-Q,alpine-new-jersey
https://www.ubereats.com/new-jersey/food-delivery/empanada-mania/oHGs70DZSHKY4vZkveAvWw,alpine-new-jersey
https://www.ubereats.com/new-jersey/food-delivery/ronnies-hot-bagels/2ETMEvQjQQaYrpD7i7e0ww,alpine-new-jersey
https://www.ubereats.com/new-jersey/food-delivery/choripan-rodizio-parrillada-argentina/2ZP76z0QTxOd_g3F7Pw-OQ,alpine-new-jersey
https://www.ubereats.com/new-jersey/food-delivery/minit-mart-deli-%26-grill/DtHmcVVISpGPzJnQ43i34g,alpine-new-jersey
https://www.ubereats.com/new-jersey/food-delivery/borderline-bagels/74GLKXGfQ6O3gPe_3eVlAQ,alpine-new-jersey
https://www.ubereats.com/new-jersey/food-delivery/bonchon-chicken-450-hackensack-ave/c02Q9STfQt2_Ub1KbEhSoQ,alpine-new-jersey
https://www.ubereats.com/new-jersey/food-delivery/glaze-donuts/Hb1ykxODRyWhJLzOYnBCwg,alpine-new-jersey
https://www.ubereats.com/new-jersey/food-delivery/vegan-food-truck/khJjnJt6QVaTTN3lj8dk8w,alpine-new-jersey
https://www.ubereats.com/new-jersey/food-delivery/baci-gelato/r-ib4LmURhuE2RZpmS7znQ,alpine-new-jersey
https://www.ubereats.com/new-jersey/food-delivery/sushi-village/DE3Biv1-TGmZcvnB7UXVlA,alpine-new-jersey
https://www.ubereats.com/new-jersey/food-delivery/tri-valley-family-restaurant/od58fs1DRZeW30UrDAH1sg,alpine-new-jersey
https://www.ubereats.com/new-jersey/food-delivery/the-good-neighbor-juice-bar/t7ghqQ4HTXOzobT8xVGomA,alpine-new-jersey
https://www.ubereats.com/new-jersey/food-delivery/grand-%26-essex-market/_ygZecDKS6CetZdwluWNzw,alpine-new-jersey
https://www.ubereats.com/new-jersey/food-delivery/yasou-mykonos/YPBAfV87SZeGgUBLX1FlWQ,alpine-new-jersey
https://www.ubereats.com/new-jersey/food-delivery/tgi-fridays-625-hackensack-nj/Ti0Fm16QSkOzsG1tjcZI8w,alpine-new-jersey
https://www.ubereats.com/new-jersey/food-delivery/vitales-restaurant/3sm_VFy8SPCE40dT-A9IiA,alpine-new-jersey
https://www.ubereats.com/new-jersey/food-delivery/patisserie-florentine/SWmjOp23SMm4wwBiCXOUSA,alpine-new-jersey
https://www.ubereats.com/new-jersey/food-delivery/schnitzel-%2B/r2vsPi3fSWm0C3HBF9cfbg,alpine-new-jersey
https://www.ubereats.com/new-jersey/food-delivery/coffeecol-arepa-bar-%26-grill/dKYvraSTRu6BKMph--zcSg,alpine-new-jersey
https://www.ubereats.com/new-jersey/food-delivery/panchos-burritos-new-milford/nqYEd5mIT9qdrFqYLUm21A,alpine-new-jersey
https://www.ubereats.com/new-jersey/food-delivery/aumm-aumm-at-the-brownstone/rcuzkYEfSoeEyElEhSquQg,alpine-new-jersey
https://www.ubereats.com/new-jersey/food-delivery/baumgarts-cafe-englewood/Tpi6mTDzQUu3-f0rvcTM-g,alpine-new-jersey
https://www.ubereats.com/new-jersey/food-delivery/pho-binh-duong-iv/T7RMrBFbSMyw0tB6m-9OKg,alpine-new-jersey
https://www.ubereats.com/new-jersey/food-delivery/rock-n-roll-sushi-%26-noodle-bar/aS5UwEQUREKLazzUqyshjQ,alpine-new-jersey
https://www.ubereats.com/new-jersey/food-delivery/schnitzel-%2B-englewood/KAWYi2e0Qs-fswLcAI7uSg,alpine-new-jersey
https://www.ubereats.com/new-jersey/food-delivery/hummus-elite/4_zKsFDeSliYoH2KnwKpmg,alpine-new-jersey
https://www.ubereats.com/new-jersey/food-delivery/a-taste-of-greece/EjgCtKIxQROkZIvfRlnIjw,alpine-new-jersey
https://www.ubereats.com/new-jersey/food-delivery/farmhouse-cafe-and-eatery-cresskill/LY6zi_jwSk-n_thBS7PKcQ,alpine-new-jersey
https://www.ubereats.com/new-jersey/food-delivery/tommy-foxs-public-house/O_tl0zRDQt-u-zotMssjjA,alpine-new-jersey
https://www.ubereats.com/new-jersey/food-delivery/midland-deli-%26-grill/YHqOCEClQnSYuIYqjGItKA,alpine-new-jersey
https://www.ubereats.com/new-jersey/food-delivery/chipotle-mexican-grill-81-e-state-rt-4-ste-101/kEmyzAnbQXuDDHlsLfol3g,alpine-new-jersey
https://www.ubereats.com/new-jersey/food-delivery/chicken-todds/34t6kiVcTjSLB40mK3wRIg,alpine-new-jersey
https://www.ubereats.com/new-jersey/food-delivery/wendys-150-north-washington-ave/9ziMDlwISXKB55gvl7OD9Q,alpine-new-jersey
https://www.ubereats.com/new-jersey/food-delivery/pelicana-chicken-dumont/rQ9JNc0IQ5qsbiunA1dvTg,alpine-new-jersey
https://www.ubereats.com/new-jersey/food-delivery/sweet-berry-bowls-englewood/4JiJ-MzMQR6CBRN9pw6DOg,alpine-new-jersey
https://www.ubereats.com/new-jersey/food-delivery/cmc-deli/lyLw1egUSfKClVfc9EElVA,alpine-new-jersey
https://www.ubereats.com/new-jersey/food-delivery/pho-saigon-296-main-st/1Dywq74gRmuQJ1t96DBrWA,alpine-new-jersey
https://www.ubereats.com/new-jersey/food-delivery/blue-moon-mexican-cafe-englewood/p6EL9FfGSoKc3nqsYWIy0g,alpine-new-jersey
https://www.ubereats.com/new-jersey/food-delivery/gts-roti-shop/06bv8gJwQBe1tPX0rq8qCQ,alpine-new-jersey
https://www.ubereats.com/new-jersey/food-delivery/west-main-lunchenotte/xzq2UH1JScOy3dh1yKC93w,alpine-new-jersey
https://www.ubereats.com/new-jersey/food-delivery/ewha-won/hF0ZyzzcQiGDBeP7xXY6Mw,alpine-new-jersey
https://www.ubereats.com/new-jersey/food-delivery/sofia/w7UFPv_1R4aogBCvN6CPnw,alpine-new-jersey
https://www.ubereats.com/new-jersey/food-delivery/bagels-and-more/UE1HuYTiTOSPJVnIhLKQ0g,alpine-new-jersey
https://www.ubereats.com/new-jersey/food-delivery/dunkin-417-washington-ave/npL1GRCKRUWPhEsJR5x6Zg,alpine-new-jersey
https://www.ubereats.com/new-jersey/food-delivery/firehouse-subs-41-w-palisade-ave/rEERCXx1RAiCwnPTeu9MRQ,alpine-new-jersey
https://www.ubereats.com/new-jersey/food-delivery/chipotle-mexican-grill-83-vervalen-st/sSHxt3JQQzekMjimCMp8Gg,alpine-new-jersey
https://www.ubereats.com/new-jersey/food-delivery/kennedy-fried-chicken/qU5ntxjCSRCuunyNrLhZKQ,alpine-new-jersey
https://www.ubereats.com/new-jersey/food-delivery/dunkin-275-s-washington-ave/aShVcpflRlmQLW4a2iMNQQ,alpine-new-jersey
https://www.ubereats.com/new-jersey/food-delivery/dunkin-260-livingston-st/iCfDPIKMQky3WDbosE-Z_w,alpine-new-jersey
https://www.ubereats.com/new-jersey/food-delivery/bagel-for-life-%26-gourmet-deli/vWvt50nASdGm_45EbGbZxg,alpine-new-jersey
https://www.ubereats.com/new-jersey/food-delivery/linwood-pizza-fort-lee/NwW9saSSSrmJ1EQ62gDM0w,alpine-new-jersey
https://www.ubereats.com/new-jersey/food-delivery/tcby/YX_tCvK1QDeyC-AFuB1gsQ,alpine-new-jersey
https://www.ubereats.com/new-jersey/food-delivery/the-taco-shop/H8fwNqCnTbiFTe7xoTmI-Q,alpine-new-jersey
https://www.ubereats.com/new-jersey/food-delivery/taste-of-jamaica/qQIx5pTmSka2BTh0WCBObg,alpine-new-jersey
https://www.ubereats.com/new-jersey/food-delivery/red-lobster-211-route-17-s/2ZIcvAbATDGb3uRJE9k9LA,alpine-new-jersey
https://www.ubereats.com/new-jersey/food-delivery/dunkin-101-midland-ave/3i4OuPhyS7GNi6jziAILaA,alpine-new-jersey
https://www.ubereats.com/new-jersey/food-delivery/fuki-sushi/C9lcj0Y9RVe6AM-yggOZxQ,alpine-new-jersey
https://www.ubereats.com/new-jersey/food-delivery/mis-raices/P14W6_mSQGifGQsO10yE1w,alpine-new-jersey
https://www.ubereats.com/new-jersey/food-delivery/casual-habana-cafe-new-milford/ghHTVinpQpOYqmTrhTCvgg,alpine-new-jersey
https://www.ubereats.com/new-jersey/food-delivery/cold-stone-234-closter-dock-rd/WHBFtW_7Qxi927Srq09ong,alpine-new-jersey
https://www.ubereats.com/new-jersey/food-delivery/taco-bell-paramus-park/e5dhAwGXSbiEalbtuygkuw,alpine-new-jersey
https://www.ubereats.com/new-jersey/food-delivery/casa-della-pasta/KtlU5cNiQeGUu3BctetJJQ,alpine-new-jersey
https://www.ubereats.com/new-jersey/food-delivery/taqueria-los-gueros-englewood-nj/0pMO2dVuRpq8MOWJMF1Hmg,alpine-new-jersey
https://www.ubereats.com/new-jersey/food-delivery/bop-n-sushi/z24R9GlxQVCysqFqnq40hA,alpine-new-jersey
https://www.ubereats.com/new-jersey/food-delivery/ajae-budae-korean-restaurant/QvFkgS8LRduQ8cY2DzsM9g,alpine-new-jersey
https://www.ubereats.com/new-jersey/food-delivery/the-raw-squeeze/aaXoCb-3QxGpFMX06AZUWg,alpine-new-jersey
https://www.ubereats.com/new-jersey/food-delivery/starbucks-westwood-avenue/WJr1qbsCSdWU0pN34kne6Q,alpine-new-jersey
https://www.ubereats.com/new-jersey/food-delivery/brainfreeze-ice-cream/p0YQWemuRzmCwPE3-yc3hw,alpine-new-jersey
https://www.ubereats.com/new-jersey/food-delivery/wendys-296-east-route-4/ZsbMOcAcTFyu6R55akHTyQ,alpine-new-jersey
https://www.ubereats.com/new-jersey/food-delivery/sarku-japan/pEej4x6XSpacI6utVtoi1A,alpine-new-jersey
https://www.ubereats.com/new-jersey/food-delivery/great-wall-chinese-and-japanese-cuisine-grant-ave/6zCZyObWQW6T2CeQxO2Aww,alpine-new-jersey
https://www.ubereats.com/new-jersey/food-delivery/spring-tree-bagels/wZnq_Jf0Swet3HaaExS4nA,alpine-new-jersey
https://www.ubereats.com/new-jersey/food-delivery/paolos-gourmet/uFd9FxvuT5OoTouNia0YWw,alpine-new-jersey
https://www.ubereats.com/new-jersey/food-delivery/just-platters/hGOctzdYTkuH3ZIxZk8Y0g,alpine-new-jersey
https://www.ubereats.com/new-jersey/food-delivery/sarku-japan/g6wXGrWnS8ax4PMHb7fvEw,alpine-new-jersey
https://www.ubereats.com/new-jersey/food-delivery/the-ice-cream-shop/amKR9iefQbqfH6Gd5Dg9hA,alpine-new-jersey
https://www.ubereats.com/new-jersey/food-delivery/outback-steakhouse-194-north-route-17/6XBcT6_HSQ-34eTiDaa36w,alpine-new-jersey
https://www.ubereats.com/new-jersey/food-delivery/build-your-yogurt/QPFH_NoXRW6uDvSpVRGixQ,alpine-new-jersey
https://www.ubereats.com/new-jersey/food-delivery/port-of-call/lW-MUuZkSQ2P4KdZfx2UUQ,alpine-new-jersey
https://www.ubereats.com/new-jersey/food-delivery/cravings-tapas-bistro/a87JGyEgTmqRGn-GXXKq6g,alpine-new-jersey
https://www.ubereats.com/new-jersey/food-delivery/bgood-ridgewood/hUwTCNhmQGGgH-pbXINOUA,alpine-new-jersey
https://www.ubereats.com/new-jersey/food-delivery/burger-king-250-north-washington-avenue/HClEYA4hTi6H0di6vDC_ng,alpine-new-jersey
https://www.ubereats.com/new-jersey/food-delivery/brisas-englewood/xZb6To3BTty5GAFnrYx0vA,alpine-new-jersey
https://www.ubereats.com/new-jersey/food-delivery/chipotle-mexican-grill-450-hackensack-ave/cUPocu0uQe6KN6uwYzwJ-Q,alpine-new-jersey
https://www.ubereats.com/new-jersey/food-delivery/tavlin/O9TqqjI4TxCT3ufLsYT8Ow,alpine-new-jersey
https://www.ubereats.com/new-jersey/food-delivery/dunkin-132-hardenburgh-ave/Buga6o84SJytelHjsiecVA,alpine-new-jersey
https://www.ubereats.com/new-jersey/food-delivery/9154-bonefish-grill-601-from-road/66qoX6xyTlOdsb1fnqCCog,alpine-new-jersey
https://www.ubereats.com/new-jersey/food-delivery/dunkin-4399a-white-plains-rd/Drpr1iRBQ4mioz8NhZtv_w,alpine-new-jersey
https://www.ubereats.com/new-jersey/food-delivery/the-iron-horse/PEEyAQVTQQy8uoMUH3buXQ,alpine-new-jersey
https://www.ubereats.com/new-jersey/food-delivery/bareburger-455-chestnut-ridge-rd/BkPCYrRLTLakPOLyfRkCAg,alpine-new-jersey
https://www.ubereats.com/new-jersey/food-delivery/demarest-deli/vFJnkukCQ2y8WMX3Vgv8JQ,alpine-new-jersey
https://www.ubereats.com/new-jersey/food-delivery/parisi-deli-%26-liquors/33rQLcKGRqqqZqCksZBXLQ,alpine-new-jersey
https://www.ubereats.com/new-jersey/food-delivery/rosa-mexicano-riverside-square/k4LY4KzpQ8WCQutu1I24Bw,alpine-new-jersey
https://www.ubereats.com/new-jersey/food-delivery/241-cafe/1RQg5PjiSIqJRZWPkFcuwA,alpine-new-jersey
https://www.ubereats.com/new-jersey/food-delivery/mommas-kitchen/bbjvEJRGSSu-2GWs9XPsiw,alpine-new-jersey
https://www.ubereats.com/new-jersey/food-delivery/brownstone-pancake-factory/5IFSLNZeRSCge5ootH8BTg,alpine-new-jersey
https://www.ubereats.com/new-jersey/food-delivery/bella-napoli-pizzeria/0pAY7qh3SQCmnJVSEzZt-g,alpine-new-jersey
https://www.ubereats.com/new-jersey/food-delivery/coliseum-pizzeria/KqEQcMwCTrefTpHSGjYIdw,alpine-new-jersey
https://www.ubereats.com/new-jersey/food-delivery/dunkin-130-kinderkamack-rd/jiIAtIWtSCywgAILeYfYZg,alpine-new-jersey
https://www.ubereats.com/new-jersey/food-delivery/broadway-pizzeria-restaurant/MzE_Q_KrToaTJiQdSVDccQ,alpine-new-jersey
https://www.ubereats.com/new-jersey/food-delivery/simply-vietnamese/2l7HmoQNSfu1rFJbA8g-Jg,alpine-new-jersey
https://www.ubereats.com/new-jersey/food-delivery/madison-cafe-%26-grill/a3uA8gmPQASQT50oIz2v-Q,alpine-new-jersey
https://www.ubereats.com/new-jersey/food-delivery/cupcakes-by-carousel/KSIdUURQRoOREM0Uvx1IZg,alpine-new-jersey
https://www.ubereats.com/new-jersey/food-delivery/lefkes/mD-eoJ52Sgi9Pj26h1u6Sw,alpine-new-jersey
https://www.ubereats.com/new-jersey/food-delivery/tao-haus/PrvscUWqTTiwxLzT7BoBdw,alpine-new-jersey
https://www.ubereats.com/new-jersey/food-delivery/playa-bowls-99-westwood-ave/91lC8TjzSW2IUSey7HFLXw,alpine-new-jersey
https://www.ubereats.com/new-jersey/food-delivery/nirvana-indian-kitchen/MYIrl7BFSlGpD9TjsMFRnA,alpine-new-jersey
https://www.ubereats.com/new-jersey/food-delivery/samdan/20pQO1YMTX6FyYDyU-r5XA,alpine-new-jersey
https://www.ubereats.com/new-jersey/food-delivery/wok-18-chinese-kitchen/fRYQJulqRdG1Ba3ULPdsRA,alpine-new-jersey
https://www.ubereats.com/new-jersey/food-delivery/starbucks-englewood/pqjR9s9bRza4ZPO42JFGmw,alpine-new-jersey
https://www.ubereats.com/new-jersey/food-delivery/hunan-express/kwBOpxwZR2iw_MyRPTJa_A,alpine-new-jersey
https://www.ubereats.com/new-jersey/food-delivery/da-antonio/eX77YzyHRPybD4-RMjSACA,alpine-new-jersey
https://www.ubereats.com/new-jersey/food-delivery/kings-village-food-inside-99-ranch-market/r3VL8TXSTheTCLVi_6WWiQ,alpine-new-jersey
https://www.ubereats.com/new-jersey/food-delivery/cafe-metro/hFSHRbKVSXq-z_0F6r7lvQ,alpine-new-jersey
https://www.ubereats.com/new-jersey/food-delivery/chicken-delight/SGlyaCUrQ1yjzJkGj7opag,alpine-new-jersey
https://www.ubereats.com/new-jersey/food-delivery/sanzaris-new-bridge-inn/VqwYc-FkS9eGUG5E4vPFVg,alpine-new-jersey
https://www.ubereats.com/new-jersey/food-delivery/the-churros-factory/LISDNr5hQeSgRifdN9ELlg,alpine-new-jersey
https://www.ubereats.com/new-jersey/food-delivery/yuki-hana-japanese-restaurant/x2CIiK5ESrOXdYNLpU4-WA,alpine-new-jersey
https://www.ubereats.com/new-jersey/food-delivery/anntremet-cake/CAsdyG4_SLqVesSdNAsXaQ,alpine-new-jersey
https://www.ubereats.com/new-jersey/food-delivery/callahans/OXnUGKgPS9afIILZuNIJXg,alpine-new-jersey
https://www.ubereats.com/new-jersey/food-delivery/cafe-rx-piermont-rd/-UsbgBT5QeKsdFLjiJOV2Q,alpine-new-jersey
https://www.ubereats.com/new-jersey/food-delivery/pizzaiolo-by-brothers/CwRK28lJTCGElT5ez8rGRA,alpine-new-jersey
https://www.ubereats.com/new-jersey/food-delivery/burgerim-477-s-washington-ave/NuJVL9DoSseNhCUPP9LN2g,alpine-new-jersey
https://www.ubereats.com/new-jersey/food-delivery/little-chef/cN-oapkkSdSqJgQ7UxQtCw,alpine-new-jersey
https://www.ubereats.com/new-jersey/food-delivery/armandos-tuscan-grill-westwood-ave/B1su73svQWKS5iNH1XZGcA,alpine-new-jersey
https://www.ubereats.com/new-jersey/food-delivery/bagel-express/NXn2msbISpihF9o7F1Kq1A,alpine-new-jersey
https://www.ubereats.com/new-jersey/food-delivery/dunkin-520-livingston-ave/LG8fUaXMTcOmEaoqCYqfPg,alpine-new-jersey
https://www.ubereats.com/new-jersey/food-delivery/mr-cupcakes-700-paramus-park/tM6GOHTIS0Sl6W33_bul0A,alpine-new-jersey
https://www.ubereats.com/new-jersey/food-delivery/zendiggi-kebab-house/KhJkbcIzTOO63uxMFtCXrw,alpine-new-jersey
https://www.ubereats.com/new-jersey/food-delivery/muk-eun-ji/b1mJP-q4TjiAoXsuinUOUg,alpine-new-jersey
https://www.ubereats.com/new-jersey/food-delivery/mindys-munchies/i3f4tTJfSUGnJ30XpgIJQA,alpine-new-jersey
https://www.ubereats.com/new-jersey/food-delivery/taco-bell-27-s-kinderkamack-rd/fjRlney8Qrel7knZAgDrOw,alpine-new-jersey
https://www.ubereats.com/new-jersey/food-delivery/little-italy-%40-grand-and-essex-market/Wz7PcH3pTZ2OMVv-imgWLA,alpine-new-jersey
https://www.ubereats.com/new-jersey/food-delivery/myra/UK8RBa8NShSNlIMOz9hBlg,alpine-new-jersey
https://www.ubereats.com/new-jersey/food-delivery/spice-garden/SwHCwQyrQL6sWt90Tem0CA,alpine-new-jersey
https://www.ubereats.com/new-jersey/food-delivery/mocha-bar/1fkej51YRL-_CROXApRYtA,alpine-new-jersey
https://www.ubereats.com/new-jersey/food-delivery/the-green-spot-salad-bar/kiWtd2NjSmOuuVSCq4gEig,alpine-new-jersey
https://www.ubereats.com/new-jersey/food-delivery/js-bagels-%26-cafe/gSgd205FSUGb7y9p20QCbw,alpine-new-jersey
https://www.ubereats.com/new-jersey/food-delivery/dunkin-32-piermont-rd/A7LXyTnRRsKbQn8Yrv2qgw,alpine-new-jersey
https://www.ubereats.com/new-jersey/food-delivery/starbucks-northvale-nj/MsoQTVsSS7ClIgMpWGevNw,alpine-new-jersey
https://www.ubereats.com/new-jersey/food-delivery/i-fish/_Ip0GIjyQ6uswmNP-mYYLg,alpine-new-jersey
https://www.ubereats.com/new-jersey/food-delivery/popeyes-teaneck/XOJ5MigmQzSn0qGGGZiOYQ,alpine-new-jersey
https://www.ubereats.com/new-jersey/food-delivery/marinade/QclfPd9lTG-44-L1CAuFtg,alpine-new-jersey
https://www.ubereats.com/new-jersey/food-delivery/pintxo-y-tapas/KfExvVH3RjGAhVlMFvhvGg,alpine-new-jersey
https://www.ubereats.com/new-jersey/food-delivery/hoshitori/LXP2pqIoSNO6DthBb3Gm3w,alpine-new-jersey
https://www.ubereats.com/new-jersey/food-delivery/zula-mediterranean-eatery/OHFwtCnLQ3erCqXzI35tWw,alpine-new-jersey
https://www.ubereats.com/new-jersey/food-delivery/made-in-italy/DvzOZ3_-SXyLVnSpw5AXFQ,alpine-new-jersey
https://www.ubereats.com/new-jersey/food-delivery/don-chicken/PV9URw3tRyGjDBart3hv1w,alpine-new-jersey
https://www.ubereats.com/new-jersey/food-delivery/kumo-japanese-cuisine/kka55U8PRt2t15V1kovXKQ,alpine-new-jersey
https://www.ubereats.com/new-jersey/food-delivery/wingstop-415-s-washington-ave/ubjqkXUiTO-TqoxHWBqQeA,alpine-new-jersey
https://www.ubereats.com/new-jersey/food-delivery/nihon-kai-japanese-restaurant/aUjDxmOhTaCUhFr5lrSgVQ,alpine-new-jersey
https://www.ubereats.com/new-jersey/food-delivery/sep-sushi/d-yB0Cq1SsiDKlUiA6DSoQ,alpine-new-jersey
https://www.ubereats.com/new-jersey/food-delivery/sumo-tao-sushi/UgiTUxqnTRKxKX0aFPdkQg,alpine-new-jersey
https://www.ubereats.com/new-jersey/food-delivery/friendlys-441-hillsdale-ave/fekHDizwTQC4YqrMGUHSZQ,alpine-new-jersey
https://www.ubereats.com/new-jersey/food-delivery/firehouse-subs-hackensack/RGIzw6rhQo-mLDMzjzCB9Q,alpine-new-jersey
https://www.ubereats.com/new-jersey/food-delivery/poke-crew/hOXkd_9QRUWLALHwdXKcXw,alpine-new-jersey
https://www.ubereats.com/new-jersey/food-delivery/poke-zone/EVsaG6p1RhGrm8ADdPOBMg,alpine-new-jersey
https://www.ubereats.com/new-jersey/food-delivery/yasou-santorini/mWCAoY9tQm6bfVut8uZZCA,alpine-new-jersey
https://www.ubereats.com/new-jersey/food-delivery/the-kebabci-west/fWMe9Nn6TWakjzIEu7pQyw,alpine-new-jersey
https://www.ubereats.com/new-jersey/food-delivery/14-parish-caribbean-kitchen/REF_T3dBTbyEciliojJE_A,alpine-new-jersey
https://www.ubereats.com/new-jersey/food-delivery/carvel-240-south-summit-avenue/FXIEjLl4RgqOJvcDuoKa3g,alpine-new-jersey
https://www.ubereats.com/new-jersey/food-delivery/patrizias-of-woodlawn/hIq0d0GwQCKKXKLhd16-Rw,alpine-new-jersey
https://www.ubereats.com/new-jersey/food-delivery/tenafly-classic-diner/mfxCSfpTQG-g3oqbXzkUhQ,alpine-new-jersey
https://www.ubereats.com/new-jersey/food-delivery/cuban-eddies/3PW_1VmkQ-yxJ5apxpfY3g,alpine-new-jersey
https://www.ubereats.com/new-jersey/food-delivery/zen-kitchen/B7ib9QONTHOec2ArNXhotQ,alpine-new-jersey
https://www.ubereats.com/new-jersey/food-delivery/patrizias-old-tappan/KDxEJEDuS62nhdrSoRovSQ,alpine-new-jersey
https://www.ubereats.com/new-jersey/food-delivery/la-mezza-restaurant/YfiyTs8HThSDLpu5w3g1bw,alpine-new-jersey
https://www.ubereats.com/new-jersey/food-delivery/the-chicken-and-rib-crib/q0WPieJ8RLi4QkfI_zXs2Q,alpine-new-jersey
https://www.ubereats.com/new-jersey/food-delivery/francos-pizza/2WG3DxCpRw6Tyk0jDSDoVw,alpine-new-jersey
https://www.ubereats.com/new-jersey/food-delivery/espos-pizza/IunQgSyiRuKSAOcCpOWjEw,alpine-new-jersey
https://www.ubereats.com/new-jersey/food-delivery/chens-yummy-house/-smZd17XTw-2zMKN7NkVNA,alpine-new-jersey
https://www.ubereats.com/new-jersey/food-delivery/kyou-ramen/A458Abq5QjmPqdJYK8h8UA,alpine-new-jersey
https://www.ubereats.com/new-jersey/food-delivery/shake-shack-479-route-17-n/qpZnXxWCTAaorYaI3jzD0w,alpine-new-jersey
https://www.ubereats.com/new-jersey/food-delivery/istanblue-restaurant/nzgvT2SyRYuCZysXQRhhVg,alpine-new-jersey
https://www.ubereats.com/new-jersey/food-delivery/crave-home-kitchen/7Lw0oQw9Rxec0mPj-t7nDA,alpine-new-jersey
https://www.ubereats.com/new-jersey/food-delivery/ma-mi-eatery/yiYO1-6gR9amxwFpougR5Q,alpine-new-jersey
https://www.ubereats.com/new-jersey/food-delivery/goldbergs-original-bagels/BV_JWj3sTJm3uPxKyIypbA,alpine-new-jersey
https://www.ubereats.com/new-jersey/food-delivery/noches-de-colombia-main-st-hackensack-nj/D0ViZV4dQGGZthZGNrbtww,alpine-new-jersey
https://www.ubereats.com/new-jersey/food-delivery/mazaya-grillo/R_6LBU1JQC2wcu7mhbBPQw,alpine-new-jersey
https://www.ubereats.com/new-jersey/food-delivery/five-guys-nj-0173-450-hackensack-ave/GsgSJPgYTNyS-ugCeq_3NA,alpine-new-jersey
https://www.ubereats.com/new-jersey/food-delivery/georges-seafood/C3cvfCdsTfCRSWHPOUzi1w,alpine-new-jersey
https://www.ubereats.com/new-jersey/food-delivery/148-applebees-hackensack/D6xYFSqVTPeqz892OiafLw,alpine-new-jersey
https://www.ubereats.com/new-jersey/food-delivery/thai-shack/l2HZh8rxRsugifRgomz3Rg,alpine-new-jersey
https://www.ubereats.com/new-jersey/food-delivery/burger-king-174-homans-avenue/5QNUIuFvSryWOZ498txPOQ,alpine-new-jersey
https://www.ubereats.com/new-jersey/food-delivery/dunkin-4201-webster-ave/jrqKyB82REWKBs8GgfBCjg,alpine-new-jersey
https://www.ubereats.com/new-jersey/food-delivery/dosa-and-biryani-house/Wp0u3jyCRhO6G3YOzDg5EQ,alpine-new-jersey
https://www.ubereats.com/new-jersey/food-delivery/mezza-westwood/p1Z7_r0DT2ezmv4wmF1Tkw,alpine-new-jersey
https://www.ubereats.com/new-jersey/food-delivery/rockin-roots/BZGibeUwSiOWJC5aNujfxA,alpine-new-jersey
https://www.ubereats.com/new-jersey/food-delivery/stray-cat-brew/fntmJHCOSm-u5Q7a7tBaMw,alpine-new-jersey
https://www.ubereats.com/new-jersey/food-delivery/honeybee-donuts/TPqp1q9oQBe6VJaTyDqvxQ,alpine-new-jersey
https://www.ubereats.com/new-jersey/food-delivery/backstreet-cafe/jlfkWckzTgaJpZw5AK5vew,alpine-new-jersey
https://www.ubereats.com/new-jersey/food-delivery/dunkin-125-washington-ave/Q6mDVll_SwCn9gpRA-UE5g,alpine-new-jersey
https://www.ubereats.com/new-jersey/food-delivery/superjuice-nation/2PKI5nukTMKgZk2aAUm7_Q,alpine-new-jersey
https://www.ubereats.com/new-jersey/food-delivery/el-tango-argentina-grill/w0bqVSzcSnexJ5_N6_AuyQ,alpine-new-jersey
https://www.ubereats.com/new-jersey/food-delivery/northvale-classic-diner/jgkmCtX4R2akwzBHmNuznQ,alpine-new-jersey
https://www.ubereats.com/new-jersey/food-delivery/bread-boutique-%26-cafe/HfiFQ1ZaReGnizgZSsdomQ,alpine-new-jersey
https://www.ubereats.com/new-jersey/food-delivery/vish/5K-fgmoNSaSSuGeu9btrPg,alpine-new-jersey
https://www.ubereats.com/new-jersey/food-delivery/ammata-thai-kitchen/p2DVmCO4QU21mmBlYZwdMA,alpine-new-jersey
https://www.ubereats.com/new-jersey/food-delivery/taan-thai/2zExucwTSs27hfH9TPs5ZA,alpine-new-jersey
https://www.ubereats.com/new-jersey/food-delivery/matsuyama/IwV0_pyxTJWNWy0QBQWfOw,alpine-new-jersey
https://www.ubereats.com/new-jersey/food-delivery/cafe-angelique/03DX5sCmSfOFik5zhVNxdA,alpine-new-jersey
https://www.ubereats.com/new-jersey/food-delivery/carmine-and-rays-pizza/C63Hi7MfRYWY2CukHVCPJw,alpine-new-jersey
https://www.ubereats.com/new-jersey/food-delivery/robertas-and-deans-brooklyn-pizza-factory/gYoFz9dbR1OAUR_AEWIM8Q,alpine-new-jersey
https://www.ubereats.com/new-jersey/food-delivery/burger-king-684-river-road/SPCNK3mqTLOpL0EunXYKBQ,alpine-new-jersey
https://www.ubereats.com/new-jersey/food-delivery/wendys-411-hillsdale-ave/wFGLwERkQiCroxiiAWV05w,alpine-new-jersey
https://www.ubereats.com/new-jersey/food-delivery/white-plain-star-deli/5WBF407LSVmMVsJV5lCr6Q,alpine-new-jersey
https://www.ubereats.com/new-jersey/food-delivery/fresco-fusion/ZMsRKFeGTAyJpBX2DEbfFQ,alpine-new-jersey
https://www.ubereats.com/new-jersey/food-delivery/europe-cafe-and-grill/oxlhTBYfSIq9w43BB4WwYA,alpine-new-jersey
https://www.ubereats.com/new-jersey/food-delivery/dunkin-39-w-palisade-ave/sPM4k74ES_aejTxbO-jaTQ,alpine-new-jersey
https://www.ubereats.com/new-jersey/food-delivery/on-the-border-paramus/4fB9AsHjQ16h1MjuDuG8ZQ,alpine-new-jersey
https://www.ubereats.com/new-jersey/food-delivery/bbq-chicken-old-tappan-nj/jQNfb6moRHOZOuHpEHvhGQ,alpine-new-jersey
https://www.ubereats.com/new-jersey/food-delivery/curryspot-indian-restaurant/iLli2I0DT-uB5q88za0ASA,alpine-new-jersey
https://www.ubereats.com/new-jersey/food-delivery/burger-boss/eYG6lp2zTyuFrTRV-XxW7Q,alpine-new-jersey
https://www.ubereats.com/new-jersey/food-delivery/dunkin-70-route-4/K4dMyN1JQlGgrgC0ZbONHg,alpine-new-jersey
https://www.ubereats.com/new-jersey/food-delivery/poppys-bagels-pizza-and-tcby/ZCDvyoVpTQaaUha_PhAuew,alpine-new-jersey
https://www.ubereats.com/new-jersey/food-delivery/bonchon-chicken-17-central-ave/Ti0gcOUIR8-nQ5cSUfVFLg,alpine-new-jersey
https://www.ubereats.com/new-jersey/food-delivery/veggie-%2B-englewood/Vz6ie-DbTQWqLneChJ0VWA,alpine-new-jersey
https://www.ubereats.com/new-jersey/food-delivery/tea-garden-washington-ave/alfk5JHHSqGnIvqw5SrMhg,alpine-new-jersey
https://www.ubereats.com/new-jersey/food-delivery/sheng-garden-chinese-restaurant/CYT7G3JYT4u8xtUN5CRkig,alpine-new-jersey
https://www.ubereats.com/new-jersey/food-delivery/el-tango-argentina-englewood/IVgwqCBBTvq7WS9FSGXoFg,alpine-new-jersey
https://www.ubereats.com/new-jersey/food-delivery/water-bagel-%26-deli/qFx9KaIhSJim-c87G8fO-w,alpine-new-jersey
https://www.ubereats.com/new-jersey/food-delivery/red-bowl/wcVgmIEAS_SxPLibroas2g,alpine-new-jersey
https://www.ubereats.com/new-jersey/food-delivery/englewood-bagels-%26-cafe/vm1zZ52xT3yUBBSFQu4dSA,alpine-new-jersey
https://www.ubereats.com/new-jersey/food-delivery/golden-krust-teaneck-nj/0dAtvlc6SmKDSuMwPwrO0g,alpine-new-jersey
https://www.ubereats.com/new-jersey/food-delivery/chipotle-mexican-grill-10-nathaniel-pl/JdqgPVxtSVCDfPjH6UJegg,alpine-new-jersey
https://www.ubereats.com/new-jersey/food-delivery/stack-creamery/3qbMmP3TSxW2FP_WxfsWPA,alpine-new-jersey
https://www.ubereats.com/new-jersey/food-delivery/bergenfield-deli-and-grill/510ug1UDSKaikSx6xSykcw,alpine-new-jersey
https://www.ubereats.com/new-jersey/food-delivery/dunkin-258-livingston-ave/VDXb4dSPS3OrQRGA-m36TQ,alpine-new-jersey
https://www.ubereats.com/new-jersey/food-delivery/mr-wok-%26-sushi/7il9GBvjSYSjsEPQ4LH4vw,alpine-new-jersey
https://www.ubereats.com/new-jersey/food-delivery/jersey-mikes-subs-rochelle-park/i-_hF59HRnCa0clEn_Fu7w,alpine-new-jersey
https://www.ubereats.com/new-jersey/food-delivery/sunrise-bagel-cafe/-rMwk-O9QjiKE6en95zyLA,alpine-new-jersey
https://www.ubereats.com/new-jersey/food-delivery/adams-bagels-cafee-%26-deli/ZQZs9yYKRyONGt3R6W56dA,alpine-new-jersey
https://www.ubereats.com/new-jersey/food-delivery/madang/mDOa48EKRcmb0YVvuIBmcw,alpine-new-jersey
https://www.ubereats.com/new-jersey/food-delivery/market-eatery-ondubu/22jSf3eLR1G0Cn1zwwPcMg,alpine-new-jersey
https://www.ubereats.com/new-jersey/food-delivery/lulas-latin-cuisine/AGlDhn57RhCBhI7EUAfsgw,alpine-new-jersey
https://www.ubereats.com/new-jersey/food-delivery/don-chicken/BMDvm-VeRjGIvJ2GyDgoVw,alpine-new-jersey
https://www.ubereats.com/new-jersey/food-delivery/empire-szechuan-restaurant/Vv4Om4Y-TmCgZyDqt7hLXg,alpine-new-jersey
https://www.ubereats.com/new-jersey/food-delivery/hot-fish/idYZF_l-TQCH5azM7eXoGQ,alpine-new-jersey
https://www.ubereats.com/new-jersey/food-delivery/gateaux-bakery/j4MoZxKbSsaZPUIufVMKgw,alpine-new-jersey
https://www.ubereats.com/new-jersey/food-delivery/pronto-pizza/E-BBk533RcySI-R9riQZZA,alpine-new-jersey
https://www.ubereats.com/new-jersey/food-delivery/taco-bell-630-main-street/ZzO4kEKtQdu2izptIC1hAg,alpine-new-jersey
https://www.ubereats.com/new-jersey/food-delivery/daruma-japanese-restaurant/iGhD1gmZSDGS-PSLgba-aw,alpine-new-jersey
https://www.ubereats.com/new-jersey/food-delivery/burger-king-38-hackensack-avenue/DM1UFf7SQdy4dn2i7Auhcg,alpine-new-jersey
https://www.ubereats.com/new-jersey/food-delivery/zais-dessertery-inc/t6VSHINZQ1-ttdKEOKoX8w,alpine-new-jersey
https://www.ubereats.com/new-jersey/food-delivery/lets-meat-stekhouse/7iq8yQqpQa2hkwTetkJGug,alpine-new-jersey
https://www.ubereats.com/new-jersey/food-delivery/burger-boss/YRN8oUBZTty8uYG80ZQzsw,alpine-new-jersey
https://www.ubereats.com/new-jersey/food-delivery/foschinis-brick-oven-kitchen-dumont/7keOXrGUStC2ETtM1Kq6fg,alpine-new-jersey
https://www.ubereats.com/new-jersey/food-delivery/coach-house-diner-and-restaurant/8_VSB3s9R-WwVN1D_n2nwg,alpine-new-jersey
https://www.ubereats.com/new-jersey/food-delivery/toasty-gourmet-eatery-%26-cafe/Z5qQNJ07RNuNBthtOF-C3w,alpine-new-jersey
https://www.ubereats.com/new-jersey/food-delivery/cocohodo-closter/PJsu-e91RoWihoPZwbhiXw,alpine-new-jersey
https://www.ubereats.com/new-jersey/food-delivery/rose-restaurant/_BThb1JqQISMboGVAXVC7w,alpine-new-jersey
https://www.ubereats.com/new-jersey/food-delivery/starbucks-fort-lee-route-4-e/UyKLe2RPTnOD8XLRjpaMSg,alpine-new-jersey
https://www.ubereats.com/new-jersey/food-delivery/cresskill-hot-bagels/NQVSeSwWTxmpklpVIj2cvQ,alpine-new-jersey
https://www.ubereats.com/new-jersey/food-delivery/dunkin-278-closter-dock-rd/5GHFG93uSzaRlmi6PhXQxA,alpine-new-jersey
https://www.ubereats.com/new-jersey/food-delivery/ramen-azuma/eAm-H3LhQlm3YjtevMLVsQ,alpine-new-jersey
https://www.ubereats.com/new-jersey/food-delivery/celtic-kitchen/XMmTcR9nRv6Zz1v0gedFbQ,alpine-new-jersey
https://www.ubereats.com/new-jersey/food-delivery/chok-dee-thai-kitchen/IXQTyBkvT6KTD8dBi8le5g,alpine-new-jersey
https://www.ubereats.com/new-jersey/food-delivery/vish/OrKG9e3HQGyr_E8JTl46TA,alpine-new-jersey
https://www.ubereats.com/new-jersey/food-delivery/dunkin-636-westwood-ave/LNMps51rQsqwMs_F3eSa5Q,alpine-new-jersey
https://www.ubereats.com/new-jersey/food-delivery/150-applebees-paramus/QRuv9sN8Ty60m6qMT8Amxw,alpine-new-jersey
https://www.ubereats.com/new-jersey/food-delivery/eons-greek-food-for-life-montvale/uCApu5HbQzGARQuXJ-Pv9A,alpine-new-jersey
https://www.ubereats.com/new-jersey/food-delivery/greek-lunch-box/mflKVPlmS-CqeKUGWk39nw,alpine-new-jersey
https://www.ubereats.com/new-jersey/food-delivery/mcdonalds-326-s-washington-ave/dmCsu6LtTEeYN9-VHHHauQ,alpine-new-jersey
https://www.ubereats.com/new-jersey/food-delivery/vicolo-ristorante/lW5fs3ZqTwKB0t7QwA5VLg,alpine-new-jersey
https://www.ubereats.com/new-jersey/food-delivery/bareburger-129-vervalen-st/lH0_vPcnTQKbuaDy-JFdJA,alpine-new-jersey
https://www.ubereats.com/new-jersey/food-delivery/cuban-eddies/5AFco4gqQOi-uY5_b6TGWA,alpine-new-jersey
https://www.ubereats.com/new-jersey/food-delivery/el-carretero-de-bergenfield/4wJcMmFXTLC0H_lc6TNLOg,alpine-new-jersey
https://www.ubereats.com/new-jersey/food-delivery/the-greek-flame/Z4ymZNnETqOKFJ2kP7y5Og,alpine-new-jersey
https://www.ubereats.com/new-jersey/food-delivery/farmhouse-cafe-and-eatery-westwood/2HsrfxNgRViV58cZ5_zgjw,alpine-new-jersey
https://www.ubereats.com/new-jersey/food-delivery/noches-de-colombia-englewood-nj/NX7gGs0dRHmuRbgPilMwXA,alpine-new-jersey
https://www.ubereats.com/new-jersey/food-delivery/boom-boom-chicken-paramus/gkrWrhpsQBGFU_PsaXvuGw,alpine-new-jersey
https://www.ubereats.com/new-jersey/food-delivery/mini-mart/_e_DLrIISOi5Jps617JLsw,alpine-new-jersey
https://www.ubereats.com/new-jersey/food-delivery/bartolomeo-deli-and-pizza/mr6rULaSREmBOZLA7fGRIA,alpine-new-jersey
https://www.ubereats.com/new-jersey/food-delivery/simply-sushi-bergenfield/31hY4qx5QkaDfeVGlCOZUw,alpine-new-jersey
https://www.ubereats.com/new-jersey/food-delivery/pf-changs-390-hackensack-ave-suite-50/N2P5QPT-S_6EKw68lC0m_w,alpine-new-jersey
https://www.ubereats.com/new-jersey/food-delivery/millers-ale-house-paramus/hKj_X3bGScq7HmNXZFMqQw,alpine-new-jersey
https://www.ubereats.com/new-jersey/food-delivery/playa-bowls-englewood/teoRU7SUQZKbgpQ8PS6Xdw,alpine-new-jersey
https://www.ubereats.com/new-jersey/food-delivery/maggies-southern-kitchen/ARmi3sceSp-_QkRJBTCqvg,alpine-new-jersey
https://www.ubereats.com/new-jersey/food-delivery/tjs-southern-gourmet/XMJCnFM8TN-tc3CDQ9qExQ,alpine-new-jersey
https://www.ubereats.com/new-jersey/food-delivery/dunkin-1406-teaneck-rd/F1hNzVblRAGajbFEwc2ezw,alpine-new-jersey
https://www.ubereats.com/new-jersey/food-delivery/asian-american-food-mart/QM-JrFJgTS6Eg6HrYMLytA,alpine-new-jersey
https://www.ubereats.com/new-jersey/food-delivery/the-raw-squeeze/QVBKrzptQc-eJlywy8UHNA,alpine-new-jersey
https://www.ubereats.com/new-jersey/food-delivery/taste-of-spain/uqc4H8-wQr6uZuIh8qKIJw,alpine-new-jersey
https://www.ubereats.com/new-jersey/food-delivery/dunkin-441-old-hook-rd/Jgvp5fAeSv-UizXPYQCdfA,alpine-new-jersey
https://www.ubereats.com/new-jersey/food-delivery/crossroads-deli/y1VG0uAeQ6iwI8qnhSbjrw,alpine-new-jersey
https://www.ubereats.com/new-jersey/food-delivery/the-ridge-diner/HXFyNMIkQnCHYwbTysby-w,alpine-new-jersey
