url,city
https://www.ubereats.com/philadelphia/food-delivery/outback-steakhouse-322-ridge-pike/7fodyAvgTwe10-HUmUfEkA,ambler-pennsylvania
https://www.ubereats.com/philadelphia/food-delivery/vic-sushi-%26-thai-cuisine/l0n8ZfeNQL2EfLN8mFFdFQ,ambler-pennsylvania
https://www.ubereats.com/philadelphia/food-delivery/tommy-ds/PmBk8LThRTeaTcPg9hKxEQ,ambler-pennsylvania
https://www.ubereats.com/philadelphia/food-delivery/millers-ale-house-plymouth-meeting/vUHGTM0vQBa0D7xmRoBpEQ,ambler-pennsylvania
https://www.ubereats.com/philadelphia/food-delivery/starbucks-north-wales/Eikm0_EuRk27MV2CAZ447w,ambler-pennsylvania
https://www.ubereats.com/philadelphia/food-delivery/zoup!-eatery-970-dekalb-pike/mjISkfk6R9edoR54Wju_yA,ambler-pennsylvania
https://www.ubereats.com/philadelphia/food-delivery/thai-kuu/55wecmueRgaJhx__hZvpLA,ambler-pennsylvania
https://www.ubereats.com/philadelphia/food-delivery/gallo-tropical/KSLDaLhPQKOUWSkJrVQLRw,ambler-pennsylvania
https://www.ubereats.com/philadelphia/food-delivery/station-pizza-ll/NuPYbVFvSCuz7iLkZPti8A,ambler-pennsylvania
https://www.ubereats.com/philadelphia/food-delivery/starbucks-lansdale/LSt4_gdKTpOkNnj9ivLlEw,ambler-pennsylvania
https://www.ubereats.com/philadelphia/food-delivery/sonic-2405-easton-road/feWaXx51Qw-B6mavrS006w,ambler-pennsylvania
https://www.ubereats.com/philadelphia/food-delivery/ristorante-castello/S5XTRc7yTg-vtGaAC5yBpQ,ambler-pennsylvania
https://www.ubereats.com/philadelphia/food-delivery/starbucks-776-bethlehem-pike-montgomeryville/xPGzzv43RgK9VtmQBLLbcw,ambler-pennsylvania
https://www.ubereats.com/philadelphia/food-delivery/costa-deli/_339Y3qwQrGEp78KY6Mtaw,ambler-pennsylvania
https://www.ubereats.com/philadelphia/food-delivery/brick-house-tavern-%2B-tap-2402-easton-road/TOsDeLInRZ6uHAri3ENRuA,ambler-pennsylvania
https://www.ubereats.com/philadelphia/food-delivery/ristorante-imperatore/w39ZC2DGTMuq4_1dDwNUtA,ambler-pennsylvania
https://www.ubereats.com/philadelphia/food-delivery/south-sea-thai-kitchen/SjLvaKabS7u5oXimrDYt9w,ambler-pennsylvania
https://www.ubereats.com/philadelphia/food-delivery/chill-on-the-hilll/gb5Pc0QCS_Clwtc263IFug,ambler-pennsylvania
https://www.ubereats.com/philadelphia/food-delivery/lucky-7-fried-chicken/Q6kq7689TBe3W-BoqjRhBA,ambler-pennsylvania
https://www.ubereats.com/philadelphia/food-delivery/saladworks-wyncote/AwVcI-xRRHOQoTHTQVy_ZA,ambler-pennsylvania
https://www.ubereats.com/philadelphia/food-delivery/five-guys-pa-1216/R8lYlOL4Q-SuxL8_KIUpiA,ambler-pennsylvania
https://www.ubereats.com/philadelphia/food-delivery/lucky-star-asian-cuisine/K8nFtE4gSrmS2GE76MP-bQ,ambler-pennsylvania
https://www.ubereats.com/philadelphia/food-delivery/wendys-28-airport-sq/OBs9MUAuR8SOTBS-jswnxQ,ambler-pennsylvania
https://www.ubereats.com/philadelphia/food-delivery/cold-stone-3001-w-cheltenham-ave/R2ZWfU1sTESHD6_RGtahwQ,ambler-pennsylvania
https://www.ubereats.com/philadelphia/food-delivery/freddys-street-food/rlCEJckuTuqH4ocNFcnh7g,ambler-pennsylvania
https://www.ubereats.com/philadelphia/food-delivery/qdoba-mexican-eats-261-old-york-rd/c1BEw520TWKplnZ2Z8jc8A,ambler-pennsylvania
https://www.ubereats.com/philadelphia/food-delivery/kurinji-indian-cuisine/eyGJ2ILVTRehyi08hZPGqA,ambler-pennsylvania
https://www.ubereats.com/philadelphia/food-delivery/smokey-bandit-barbecue/fv8edljYS9KZQhVpDNpf5Q,ambler-pennsylvania
https://www.ubereats.com/philadelphia/food-delivery/mod-pizza-willow-grove/KHxIV_XlSs-4XOBzBnVZLA,ambler-pennsylvania
https://www.ubereats.com/philadelphia/food-delivery/red-lion-diner-%26-cafe-llc/M4hMDldsSM-NVFIcREytvw,ambler-pennsylvania
https://www.ubereats.com/philadelphia/food-delivery/applebees-2333-welsh-rd/RweLUzd6SCCBH1XXbHUzTg,ambler-pennsylvania
https://www.ubereats.com/philadelphia/food-delivery/ihop-150-easton-rd/4JIwy0PfTCSWxhXz_fKleA,ambler-pennsylvania
https://www.ubereats.com/philadelphia/food-delivery/sushi-x/yQjnGNvoRZ2ftArHUvgcUA,ambler-pennsylvania
https://www.ubereats.com/philadelphia/food-delivery/dunkin-1713-limekiln-pike/664dXKWvQ3SecJo2owJ9bg,ambler-pennsylvania
https://www.ubereats.com/philadelphia/food-delivery/dim-sum-factory/RcD-8TshRYqmfuwpg8p4KA,ambler-pennsylvania
https://www.ubereats.com/philadelphia/food-delivery/oki-sushi/vBF6veuQQbaZVCeNLTLeUA,ambler-pennsylvania
https://www.ubereats.com/philadelphia/food-delivery/ritas-of-limekiln-pike-3322-limekiln-pike/f7wXcrklT3Gvz49tDk9A_w,ambler-pennsylvania
https://www.ubereats.com/philadelphia/food-delivery/dunkin-1055-york-rd/8sboEEj4RF-1_42KUPX6Nw,ambler-pennsylvania
https://www.ubereats.com/philadelphia/food-delivery/qdoba-mexican-eats-100-welsh-rd/ijN1srTrSG2GTZM0NDCb6Q,ambler-pennsylvania
https://www.ubereats.com/philadelphia/food-delivery/starbucks-ridge-%26-butler/kdq50FCkQyO54oDDC-Nf8A,ambler-pennsylvania
https://www.ubereats.com/philadelphia/food-delivery/mooyah-burgers-990-dekalb-pike-520/wFBSYk-eSm-fM5Minzpz0g,ambler-pennsylvania
https://www.ubereats.com/philadelphia/food-delivery/wing-squad-plymouth-meeting/fKIN6pHLR3CERMErlDbi-Q,ambler-pennsylvania
https://www.ubereats.com/philadelphia/food-delivery/chicko-tako/8uew8KCiQXK1cdE0rj7qGg,ambler-pennsylvania
https://www.ubereats.com/philadelphia/food-delivery/west-avenue-grille-jenkintown-restaurant-%26-catering/5PJCDgP4T9OROd0LDXxoKw,ambler-pennsylvania
https://www.ubereats.com/philadelphia/food-delivery/primohoagies-210-pennbrook-parkway/4npo_wh7R6GX3imq4ttUCQ,ambler-pennsylvania
https://www.ubereats.com/philadelphia/food-delivery/wendys-415-easton-rd/LLrqbSiTTYSzv9pMAT9q3g,ambler-pennsylvania
https://www.ubereats.com/philadelphia/food-delivery/hanas-kitchen-%26-pizzeria/eaNO1v9nQKyEBaEumUUu9g,ambler-pennsylvania
https://www.ubereats.com/philadelphia/food-delivery/wendys-2815-dekalb-pike/-GDNR0kwTnO3z1ynKHNCdQ,ambler-pennsylvania
https://www.ubereats.com/philadelphia/food-delivery/the-sweet-taco-willow-grove/-3Hmbuu1TvW6wB-MGCcmyA,ambler-pennsylvania
https://www.ubereats.com/philadelphia/food-delivery/jersey-mikes-subs-960-dekalb-pike/X5wKWmb1RTmapzdHvP0szw,ambler-pennsylvania
https://www.ubereats.com/philadelphia/food-delivery/starbucks-warminster/07pkSIg2SiabxVB7tTeduQ,ambler-pennsylvania
https://www.ubereats.com/philadelphia/food-delivery/zoes-kitchen-151-york-road/kmO6K3fMQyWZGf6PEpQmVQ,ambler-pennsylvania
https://www.ubereats.com/philadelphia/food-delivery/friendlys-168-easton-rd/GyyhfoWcRpqPQrN3bZu2sA,ambler-pennsylvania
https://www.ubereats.com/philadelphia/food-delivery/stewarts-willow-grove/8sqDgDU8S3qbG7-tHibBPg,ambler-pennsylvania
https://www.ubereats.com/philadelphia/food-delivery/dunkin-1035-easton-rd/C2jH4b_nTAaWx5Gn8FQlaw,ambler-pennsylvania
https://www.ubereats.com/philadelphia/food-delivery/roberts-block/VKDZ4tweQAurbDt8kp8fGw,ambler-pennsylvania
https://www.ubereats.com/philadelphia/food-delivery/the-greene-turtle-north-wales/gyTDHyfpTGaU1FoPR_C0Gw,ambler-pennsylvania
https://www.ubereats.com/philadelphia/food-delivery/fountainside/T9MbHx3jT3auQPTCLB4OVQ,ambler-pennsylvania
https://www.ubereats.com/philadelphia/food-delivery/primohoagies-210-pennbrook-parkway/g-Znah3nR_S_u31cPBKYvw,ambler-pennsylvania
https://www.ubereats.com/philadelphia/food-delivery/poke-bros-warrington/kKzpuVmGQhu2RJKCm4N1TA,ambler-pennsylvania
https://www.ubereats.com/philadelphia/food-delivery/saladworks-314-horsham-road/mGwEdvhpTGCd4Nq417UJ2Q,ambler-pennsylvania
https://www.ubereats.com/philadelphia/food-delivery/mcdonalds-english-village/efElOBGGTKaPNQvHAlPJuA,ambler-pennsylvania
https://www.ubereats.com/philadelphia/food-delivery/el-poquito/sGrB4f4uRkmnet6rU7MyWw,ambler-pennsylvania
https://www.ubereats.com/philadelphia/food-delivery/perkins-restaurant-%26-bakery-warminster/2oY_DR_iTai-SPFcmv3amQ,ambler-pennsylvania
https://www.ubereats.com/philadelphia/food-delivery/taco-bell-430-york-rd/_mik6oYzToik9YXDmtRYxQ,ambler-pennsylvania
https://www.ubereats.com/philadelphia/food-delivery/mcdixons-burgers-shakes-%26-fries/WQeaePRMRXymuDr6bDhhcA,ambler-pennsylvania
https://www.ubereats.com/philadelphia/food-delivery/301-bonefish-grill-1015-easton-rd/Fbl-vaOuRkWPY4Pyv1TJXw,ambler-pennsylvania
https://www.ubereats.com/philadelphia/food-delivery/plaza-azteca-plymouth-meeting/E39TL513QC29B7h5_27G1A,ambler-pennsylvania
https://www.ubereats.com/philadelphia/food-delivery/red-pepper-chettinad-indian-cuisine/8yMO_LIaTHGivMTDd9Oy9Q,ambler-pennsylvania
https://www.ubereats.com/philadelphia/food-delivery/fuji-asian/abZHpa0KSL21HQ1pgGdlBg,ambler-pennsylvania
https://www.ubereats.com/philadelphia/food-delivery/joe-%26-tinas-pizzeria-iii/gwnxxRgjQsOyGXVqw_ziTA,ambler-pennsylvania
https://www.ubereats.com/philadelphia/food-delivery/benihana-500-w-germantown-pike/8YKiLj2sQ9yh7Ck5T0MN8g,ambler-pennsylvania
https://www.ubereats.com/philadelphia/food-delivery/burgerim-711-easton/nWZA5qQ0Q7691xqsm-kozg,ambler-pennsylvania
https://www.ubereats.com/philadelphia/food-delivery/station-wing-house/1XiwqYnLR8iGSdkuXBsGtQ,ambler-pennsylvania
https://www.ubereats.com/philadelphia/food-delivery/mcdonalds-dresher/wLA2WUJ5RE6CXoQaLJwPQA,ambler-pennsylvania
https://www.ubereats.com/philadelphia/food-delivery/panicos-neighborhood-grill/QWf-anDIT8-HzfwW-B_AHQ,ambler-pennsylvania
https://www.ubereats.com/philadelphia/food-delivery/smokey-bones-north-wales/oTRtp416TGawdZJIHDUK1Q,ambler-pennsylvania
https://www.ubereats.com/philadelphia/food-delivery/luhv-vegan-bistro/u7jw7j4kSS-W3rcTz-_Qpw,ambler-pennsylvania
https://www.ubereats.com/philadelphia/food-delivery/gaya-restaurant/rbREfeIjT5GYHcNPcw04MQ,ambler-pennsylvania
https://www.ubereats.com/philadelphia/food-delivery/lepore-ba-q/p4HaJz_iR3-jUOfoP8-fFA,ambler-pennsylvania
https://www.ubereats.com/philadelphia/food-delivery/mcdonalds-upper-gwynedd/E3pW8SIiQg2VGjBRmfuqsg,ambler-pennsylvania
https://www.ubereats.com/philadelphia/food-delivery/ruby-tuesday-2053-chemical-road/LUa75o59S0uYlb9HXPwG0A,ambler-pennsylvania
https://www.ubereats.com/philadelphia/food-delivery/dunkin-3608-welsh-rd/lnUB26QERa25BvaIYYKl5Q,ambler-pennsylvania
https://www.ubereats.com/philadelphia/food-delivery/buutchiis-grille-llc/NX-aB4KtS4mVIkjogTI0_w,ambler-pennsylvania
https://www.ubereats.com/philadelphia/food-delivery/from-the-boot-ambler/8sdJFHbjQ5SvXldh5BeyrA,ambler-pennsylvania
https://www.ubereats.com/philadelphia/food-delivery/izu-sushi/F5lPfVqeSP61bX6il4SuQg,ambler-pennsylvania
https://www.ubereats.com/philadelphia/food-delivery/mcdonalds-horsham-easton/-_OeDtrjRDOKyivPCnyQyQ,ambler-pennsylvania
https://www.ubereats.com/philadelphia/food-delivery/philly-pretzel-factory-abington/q50vJtk5SPa4yBHzTUTL_A,ambler-pennsylvania
https://www.ubereats.com/philadelphia/food-delivery/dunkin-1715-s-easton-rd/A2NLC3EfRTC9j9tVTEo7Dw,ambler-pennsylvania
https://www.ubereats.com/philadelphia/food-delivery/chipotle-mexican-grill-1513-main-st-bldg-500a/M8Ntzkl0QquYt5a32kQ1AA,ambler-pennsylvania
https://www.ubereats.com/philadelphia/food-delivery/el-rey-del-oro/E47DOpK8QDuouIK3cVAcJg,ambler-pennsylvania
https://www.ubereats.com/philadelphia/food-delivery/saladworks-warminster/HfeNSm-zQ22lcgSmguUwDw,ambler-pennsylvania
https://www.ubereats.com/philadelphia/food-delivery/dunkin-1250-easton-rd/SVQ5JeCNSjuPI7NOexdN8A,ambler-pennsylvania
https://www.ubereats.com/philadelphia/food-delivery/subway-1301-skippack-pike/uWOc4FiHQFyPQFxaxEYEwg,ambler-pennsylvania
https://www.ubereats.com/philadelphia/food-delivery/krispy-krunchy-chicken-927-stanbridge-street/ebld1gONTWW85ZXMx78gnA,ambler-pennsylvania
https://www.ubereats.com/philadelphia/food-delivery/one-love-jamaican-takeout/8mOcvXldRRyl_Q9DBNKy-A,ambler-pennsylvania
https://www.ubereats.com/philadelphia/food-delivery/warminster-west-diner-%26-restaurant/18r0Bh7zSc-K7am4gEf69w,ambler-pennsylvania
https://www.ubereats.com/philadelphia/food-delivery/jamba-juice-willow-grove/lY6ijJQ5S0OwfmNeHuWTfQ,ambler-pennsylvania
https://www.ubereats.com/philadelphia/food-delivery/auntie-annes-montgomery-mall-h6/jkGIoT8lQaCgL17TPCU7ag,ambler-pennsylvania
https://www.ubereats.com/philadelphia/food-delivery/ottos-brauhaus/qen-QdMQRWSXa5PGvvIw0Q,ambler-pennsylvania
https://www.ubereats.com/philadelphia/food-delivery/manhattan-bagel-hatboro/NRVTeaarTDix0p9BRa1NGA,ambler-pennsylvania
https://www.ubereats.com/philadelphia/food-delivery/firebirds-wood-fired-grill-1220-bethlehem-pike/ewt5vtziSFibdJiyNmc9EA,ambler-pennsylvania
https://www.ubereats.com/philadelphia/food-delivery/wawa-0156-106-bethlehem-pike-%26-penn-ave/EthxxAokSa-IOzkxAC-0og,ambler-pennsylvania
https://www.ubereats.com/philadelphia/food-delivery/biryani-bowl-lansdale/BdaGANL0RHmpbyG9mrFRFw,ambler-pennsylvania
https://www.ubereats.com/philadelphia/food-delivery/pudges/8fDgg1FjTgCWkabmVz-Cgw,ambler-pennsylvania
https://www.ubereats.com/philadelphia/food-delivery/oreland-pizza/gKL1wmVtRAmaxn1jodnWHA,ambler-pennsylvania
https://www.ubereats.com/philadelphia/food-delivery/menchies-frozen-yogurt-2953-swede-rd/hoj-ZkFxRuCytrZgEEmp8g,ambler-pennsylvania
https://www.ubereats.com/philadelphia/food-delivery/giuseppe-pizza-and-family-restaurant/Bxuoo-iPRXyx4SsQnm96Iw,ambler-pennsylvania
https://www.ubereats.com/philadelphia/food-delivery/papa-johns-york-rd/AJRgB76WToaH60ZI7vD7Xg,ambler-pennsylvania
https://www.ubereats.com/philadelphia/food-delivery/flip-city-shakes/CtlB9oxRR0O4-ePaaQVamw,ambler-pennsylvania
https://www.ubereats.com/philadelphia/food-delivery/costa-burger-bar/UZcx0LQ0QNyf9dBQYO-v6w,ambler-pennsylvania
https://www.ubereats.com/philadelphia/food-delivery/ritas-italian-ice/Axe3HGfrQy6xtlIKwcCZMg,ambler-pennsylvania
https://www.ubereats.com/philadelphia/food-delivery/kcs-alley/Cbp1rwmYSR6RAVBqL9ss8A,ambler-pennsylvania
https://www.ubereats.com/philadelphia/food-delivery/lennys-italian-deli/vEdgoxWkR8uC-SGtvwSj6g,ambler-pennsylvania
https://www.ubereats.com/philadelphia/food-delivery/la-corita-taco-shop/7eO4vQt5SH2N6vzJiPyjeQ,ambler-pennsylvania
https://www.ubereats.com/philadelphia/food-delivery/applebees-1281-knapp-road/w2LzmWFLRYWqwIaH2meVHQ,ambler-pennsylvania
https://www.ubereats.com/philadelphia/food-delivery/main-street-pizzeria-%26-grille-plymouth-meeting/QFXoCeSMSgmAoQ7kM8TKoA,ambler-pennsylvania
https://www.ubereats.com/philadelphia/food-delivery/chickies-%26-petes-warrington/1jbEoqrSRB6zG3pGBPyzYg,ambler-pennsylvania
https://www.ubereats.com/philadelphia/food-delivery/palermos-pizza/RV0rUW1jRJOsi0pihxumsA,ambler-pennsylvania
https://www.ubereats.com/philadelphia/food-delivery/kfc-32-airport-square/Uy5-r6EoSJqybsNrzucgWQ,ambler-pennsylvania
https://www.ubereats.com/philadelphia/food-delivery/tungs-gardens/vIzPNVw3SpmC-WSeXMMR_g,ambler-pennsylvania
https://www.ubereats.com/philadelphia/food-delivery/bamboo-restaurant/YPLPn7PWQDeGEALF5vQmQg,ambler-pennsylvania
https://www.ubereats.com/philadelphia/food-delivery/boston-market-1758-allentown-road/5-zXSRzZQY6rWrq4FnW6PQ,ambler-pennsylvania
https://www.ubereats.com/philadelphia/food-delivery/gran-rodeo-mexican-bar-%26-grill/bX5MEJ2dTJe5ypVA8QsY_g,ambler-pennsylvania
https://www.ubereats.com/philadelphia/food-delivery/ritas-italian-ice-29-31-easton-rd/2JY_yGYYQdOH530M0V03zA,ambler-pennsylvania
https://www.ubereats.com/philadelphia/food-delivery/dukes-bbq/84aGWncVSGCeBuMtEgvJjw,ambler-pennsylvania
https://www.ubereats.com/philadelphia/food-delivery/dunkin-108-w-ridge-pike/yRQkgYCaRsylkK3Q26WHSg,ambler-pennsylvania
https://www.ubereats.com/philadelphia/food-delivery/sum-pig/c7dmYB3IRUON76H2ntM0Rw,ambler-pennsylvania
https://www.ubereats.com/philadelphia/food-delivery/franconis-pizzeria-%26-ristorante/W2lfwMG-QBqAvBIarNk0EQ,ambler-pennsylvania
https://www.ubereats.com/philadelphia/food-delivery/halligans-pub/usu2B17HT8uVGsq-lsT13w,ambler-pennsylvania
https://www.ubereats.com/philadelphia/food-delivery/bethel-cafe/h6KpVFk5T4K4BwXnCnpueg,ambler-pennsylvania
https://www.ubereats.com/philadelphia/food-delivery/jersey-mikes-subs-horsham-rd-%26-norristown-rd/murYTp0oTTmVKhE2F7wnSQ,ambler-pennsylvania
https://www.ubereats.com/philadelphia/food-delivery/teng-da-asian-fusion/KycXdGETRBKlJP51-Mmw7A,ambler-pennsylvania
https://www.ubereats.com/philadelphia/food-delivery/zerogradi/zBjt19B-TTWkbyPW4eKGuw,ambler-pennsylvania
https://www.ubereats.com/philadelphia/food-delivery/dunkin-371-e-butler-ave/DriAM07mRBa9F14543W6Wg,ambler-pennsylvania
https://www.ubereats.com/philadelphia/food-delivery/elevation-burger-willow-grove/YCrE5hqLQVGjs2KyZH1S5A,ambler-pennsylvania
https://www.ubereats.com/philadelphia/food-delivery/the-ice-cream-shop/GDQJKZyNQdGPcGxiruLv4Q,ambler-pennsylvania
https://www.ubereats.com/philadelphia/food-delivery/playa-bowls-doylestown/e9YDnycDT3qubChNaCHY9Q,ambler-pennsylvania
https://www.ubereats.com/philadelphia/food-delivery/dunkin-1109-bethlehem-pike/kn9h8Q3qTi-MxCaQOqDuGw,ambler-pennsylvania
https://www.ubereats.com/philadelphia/food-delivery/vic-sushi-%26-thai-cuisine/ZdN3xrcuRqaDBTfoipzhNg,ambler-pennsylvania
https://www.ubereats.com/philadelphia/food-delivery/krispy-krunchy-chicken/TAVKDc4XT_C7ZEeVnvs2DQ,ambler-pennsylvania
https://www.ubereats.com/philadelphia/food-delivery/manhattan-bagel-5-e-butler-ave/y-_malKARYaPDybfmD2KYQ,ambler-pennsylvania
https://www.ubereats.com/philadelphia/food-delivery/mister-ricks/qzcbNcZiREW3tkSDhEtmUg,ambler-pennsylvania
https://www.ubereats.com/philadelphia/food-delivery/poke-snack-shack/fVoeMUp6TV-V8dnp8PDIOg,ambler-pennsylvania
https://www.ubereats.com/philadelphia/food-delivery/chipotle-mexican-grill-1673-limekiln-pike/LEBDp9VpSIKU3EY4Nbehzw,ambler-pennsylvania
https://www.ubereats.com/philadelphia/food-delivery/mcdonalds-east-norriton-i/-6lqOZEHTgeFfWchDma5Pg,ambler-pennsylvania
https://www.ubereats.com/philadelphia/food-delivery/ritas-of-lansdale/JYDfVzEsTDuFBlG1Q-ebLA,ambler-pennsylvania
https://www.ubereats.com/philadelphia/food-delivery/don-chile-mexican-restaurant/dVwpKsuKQKGcx7I3FPJIBg,ambler-pennsylvania
https://www.ubereats.com/philadelphia/food-delivery/krispy-krunchy-chicken-808-south-york-road/B7TLdQ2nQy-QOeDvHZCbYw,ambler-pennsylvania
https://www.ubereats.com/philadelphia/food-delivery/wawa-157-593-dekalb-pike/Bc7Kv9psS-uNImswtdO9Dg,ambler-pennsylvania
https://www.ubereats.com/philadelphia/food-delivery/harvest-seasonal-grill-%26-wine-bar-north-wales/nloa3Ul0SXC-1zRBpObs_A,ambler-pennsylvania
https://www.ubereats.com/philadelphia/food-delivery/cafe-cabana/TSXwaq5ZTF-1w4EZgOfypQ,ambler-pennsylvania
https://www.ubereats.com/philadelphia/food-delivery/dreams-ice-cream-at-glenside/YZwsm367TxqpcI9O_7cfkA,ambler-pennsylvania
https://www.ubereats.com/philadelphia/food-delivery/lady-ts-homestyle-southern-cuisine/qsO85o3gRCWKsOpMpGo8Vg,ambler-pennsylvania
https://www.ubereats.com/philadelphia/food-delivery/kfc-1865-easton-rd/XP-pI0CrSg-Y3ap6tXSsPA,ambler-pennsylvania
https://www.ubereats.com/philadelphia/food-delivery/ritas-of-ambler-100-e-butler-ave/GiCdCsnrQHCxYstIlkUaJQ,ambler-pennsylvania
https://www.ubereats.com/philadelphia/food-delivery/manhattan-bagel-north-wales/IlAxHuFqT2qowRka9Lf8FA,ambler-pennsylvania
https://www.ubereats.com/philadelphia/food-delivery/all-the-way-live/QBuapbjlRIKV1zOe8A5jXw,ambler-pennsylvania
https://www.ubereats.com/philadelphia/food-delivery/pizza-slob/_Iv90bpJS5qBNS2A2hZXkQ,ambler-pennsylvania
https://www.ubereats.com/philadelphia/food-delivery/krispy-krunchy-chicken-easton-road/-VW71Nt5QK28EesZ_EZzWw,ambler-pennsylvania
https://www.ubereats.com/philadelphia/food-delivery/starbucks-blue-bell/CqX_pErKSjWg3kQ9O1A1XQ,ambler-pennsylvania
https://www.ubereats.com/philadelphia/food-delivery/osaka-japanese-restaurant-lansdale/Pw-Wt6MNRvuRFtD7CYjRNg,ambler-pennsylvania
https://www.ubereats.com/philadelphia/food-delivery/turning-point-of-warrington/llGjNc5ERFi7sbaXqT6NlQ,ambler-pennsylvania
https://www.ubereats.com/philadelphia/food-delivery/saladworks-willow-grove/UmO3JvURQGi0OwI3RUJ-yw,ambler-pennsylvania
https://www.ubereats.com/philadelphia/food-delivery/yummy-house/gL0fg8_7TtyWTvDI6Vk1Hg,ambler-pennsylvania
https://www.ubereats.com/philadelphia/food-delivery/dim-sum-factory/CW2mdtRTQOaC3vFliIRHQg,ambler-pennsylvania
https://www.ubereats.com/philadelphia/food-delivery/pf-changs-721-easton-rd/F2qADMHmRxa5mM4wbBnPXg,ambler-pennsylvania
https://www.ubereats.com/philadelphia/food-delivery/turning-point-of-blue-bell/3CkoBAHcRaWevFW53S2epQ,ambler-pennsylvania
https://www.ubereats.com/philadelphia/food-delivery/manhattan-bagel-warrington/rpsEKQOPTRyNRoxjZEq9Gw,ambler-pennsylvania
https://www.ubereats.com/philadelphia/food-delivery/five-guys-pa-0243-864-west-street-rd/NRibMokwRbaZAvnwQmRJCQ,ambler-pennsylvania
https://www.ubereats.com/philadelphia/food-delivery/mod-pizza-warrington/h17_IiXAS96yp5CxQ8AzkA,ambler-pennsylvania
https://www.ubereats.com/philadelphia/food-delivery/primohoagies-345-main-street/w3mfJPWqR--EI_thzNteFw,ambler-pennsylvania
https://www.ubereats.com/philadelphia/food-delivery/moes-southwest-grill-648-easton-rd/HXsanlCpToC5R5mKjryuyA,ambler-pennsylvania
https://www.ubereats.com/philadelphia/food-delivery/barbacoa-de-guerrero-inc/1uk2YX2bQmaCIck09nOt3w,ambler-pennsylvania
https://www.ubereats.com/philadelphia/food-delivery/wing-spot/dljF6ceORyad0Gh3C1ONkw,ambler-pennsylvania
https://www.ubereats.com/philadelphia/food-delivery/wawa-8071-1300-e-ridge-pike/rhDk7iv8TjWrvz7u3QlHpw,ambler-pennsylvania
https://www.ubereats.com/philadelphia/food-delivery/taco-bell-1700-n-broad-st/6kt9oUhxQ7yJR2WYTVXmOw,ambler-pennsylvania
https://www.ubereats.com/philadelphia/food-delivery/nutz-about-popcorn/QtGwJAC-RkGbYjOYMPbKDA,ambler-pennsylvania
https://www.ubereats.com/philadelphia/food-delivery/arnolds-way/SKHOTtSdS4q3NjzHEEJ1Ng,ambler-pennsylvania
https://www.ubereats.com/philadelphia/food-delivery/the-ice-cream-shop/nOS9xjjvQAGHCcJtWDcU_A,ambler-pennsylvania
https://www.ubereats.com/philadelphia/food-delivery/churned-main-street-pizzeria-and-grille-plymouth-meeting/9aYA0YksS_C3ru2PynNdNA,ambler-pennsylvania
https://www.ubereats.com/philadelphia/food-delivery/saffron-indian-kitchen-ambler/w9DcU2DmR9aBDh2WNN7j9Q,ambler-pennsylvania
https://www.ubereats.com/philadelphia/food-delivery/el-cerrito-mexican-cuisine/oN1Ar8HJR3ypQMhb_MQBMA,ambler-pennsylvania
https://www.ubereats.com/philadelphia/food-delivery/costa-steaks/nrK1pymiS6KcR-1GVBpLUQ,ambler-pennsylvania
https://www.ubereats.com/philadelphia/food-delivery/mcdonalds-hatboro-old-yk/FGuPFIj8TT-fJpJthmoWnw,ambler-pennsylvania
https://www.ubereats.com/philadelphia/food-delivery/union-tacos-bethlehem-pike/RHwGmh5nTO2whpU0jZez6A,ambler-pennsylvania
https://www.ubereats.com/philadelphia/food-delivery/qdoba-200-w-ridge-pike/FwriiDOPTzWJOO2e-FNq-w,ambler-pennsylvania
https://www.ubereats.com/philadelphia/food-delivery/bbq-chicken-north-wales-pa/Z7OFHedfTOieA1qkJnhowg,ambler-pennsylvania
https://www.ubereats.com/philadelphia/food-delivery/dunkin-787-sumneytown-pk/5cjJVqBQQ9CABYwCdC1ZZA,ambler-pennsylvania
https://www.ubereats.com/philadelphia/food-delivery/carrabbas-2575-maryland-road/7gTahVdOTxmskc3kcod0XQ,ambler-pennsylvania
https://www.ubereats.com/philadelphia/food-delivery/masala-zone/QPirlIvRR5WdXHT9UZi5QA,ambler-pennsylvania
https://www.ubereats.com/philadelphia/food-delivery/stove-%26-tap/X_qqJrDTR5msPNdcRMjdpQ,ambler-pennsylvania
https://www.ubereats.com/philadelphia/food-delivery/iron-hill-brewery-%26-restaurant-north-wales/jdjg4rcdTNaTnB8HIkVbwA,ambler-pennsylvania
https://www.ubereats.com/philadelphia/food-delivery/michaels-family-restaurant/lbu_X7txSC2xG_ZazmtigQ,ambler-pennsylvania
https://www.ubereats.com/philadelphia/food-delivery/lees-hoagie-house/Uk9K-t_mQxixZf6FpU9Syw,ambler-pennsylvania
https://www.ubereats.com/philadelphia/food-delivery/ritas-of-elkins-park/4-27wSWvR3atTXXf1C-o7Q,ambler-pennsylvania
https://www.ubereats.com/philadelphia/food-delivery/dunkin-2618-easton-rd/u-5ZB3LuRBupOUZmHzpa1w,ambler-pennsylvania
https://www.ubereats.com/philadelphia/food-delivery/starbucks-e-norriton/xzZ9gHuMTMeU7JuChDGxTg,ambler-pennsylvania
https://www.ubereats.com/philadelphia/food-delivery/millers-ale-house-montgomeryville/OX15OAxQQWalPrLl429MoA,ambler-pennsylvania
https://www.ubereats.com/philadelphia/food-delivery/boston-market-1776-old-york-road/0whafL0hRwGH6o4TQTB1Gw,ambler-pennsylvania
https://www.ubereats.com/philadelphia/food-delivery/plaza-azteca-plymouth-rd/pNtB5037ThKpCJump6a5eQ,ambler-pennsylvania
https://www.ubereats.com/philadelphia/food-delivery/starbucks-dresher/ZXJnZpv7RnCZIN2xLrOXQA,ambler-pennsylvania
https://www.ubereats.com/philadelphia/food-delivery/amys-family-pizzeria/epz6uwXKSHiuQnodvFbXQA,ambler-pennsylvania
https://www.ubereats.com/philadelphia/food-delivery/saladworks-valley-square/zyprl7awSPuERa_5OK0R8w,ambler-pennsylvania
https://www.ubereats.com/philadelphia/food-delivery/knishes-%26-dishes/wwf-Kn8QTm-a0dYIqbwRaw,ambler-pennsylvania
https://www.ubereats.com/philadelphia/food-delivery/the-burger-experience-252-montgomery-mall/WZCy14O1RO-8ApKhCVyNjg,ambler-pennsylvania
https://www.ubereats.com/philadelphia/food-delivery/food-from-the-heart/djzIzzMZQbatu_ey7mfIgA,ambler-pennsylvania
https://www.ubereats.com/philadelphia/food-delivery/starbucks-270-easton-road-warrington/agId1ivPQ8Shv3fqBEBmTg,ambler-pennsylvania
https://www.ubereats.com/philadelphia/food-delivery/bella-roma-pizza/eMDKYTIpTgS1rxZESnMDEA,ambler-pennsylvania
https://www.ubereats.com/philadelphia/food-delivery/smokehouse-tavern/SSqMntyPQmq8aacH3gV6xw,ambler-pennsylvania
https://www.ubereats.com/philadelphia/food-delivery/corner-bakery-cafe-100-welsh-rd/XbFtpIakSx6gucYxJCHs9w,ambler-pennsylvania
https://www.ubereats.com/philadelphia/food-delivery/primohoagies-51-bethlehem-pike/HUWYt-MJSpG1ahbn_M_PHg,ambler-pennsylvania
https://www.ubereats.com/philadelphia/food-delivery/subway-willow-grove/fTlnEm3dRPKEKN3g3hS5Hg,ambler-pennsylvania
https://www.ubereats.com/philadelphia/food-delivery/quinoa-mexican-%26-peruvian-restaurant/2kQ5ucXTTk627V1Jm26iKA,ambler-pennsylvania
https://www.ubereats.com/philadelphia/food-delivery/saladworks-cafe-east-norriton/jsmbZS4OSiiusAfPcMtKuw,ambler-pennsylvania
https://www.ubereats.com/philadelphia/food-delivery/the-pizza-pasta-house-ii/1hNTVjjXTKmwgHjzpfGi5A,ambler-pennsylvania
https://www.ubereats.com/philadelphia/food-delivery/tj-smiths/lwbfX3q3SXmQSLFzeGf7cg,ambler-pennsylvania
https://www.ubereats.com/philadelphia/food-delivery/wendys-1710-limekiln-pike/SJg5fj6-QYG9OPHQAFbyxw,ambler-pennsylvania
https://www.ubereats.com/philadelphia/food-delivery/rice-and-curry/wG7xX15XT1-4nZ9337sglg,ambler-pennsylvania
https://www.ubereats.com/philadelphia/food-delivery/anas-corner-store/P1Rb8EGwS_if5L-EwbUhFQ,ambler-pennsylvania
https://www.ubereats.com/philadelphia/food-delivery/manhattan-bagel-willow-grove-200-york-rd/vvd4PV8aSFqzRzLtTLmXmg,ambler-pennsylvania
https://www.ubereats.com/philadelphia/food-delivery/cj-custom-american-grille/aohoMTwjTK64ZreKa-50eQ,ambler-pennsylvania
https://www.ubereats.com/philadelphia/food-delivery/dunkin-937-easton-rd/edDwKCu9SQm-z_jVVW55JA,ambler-pennsylvania
https://www.ubereats.com/philadelphia/food-delivery/dunkin-1857-n-broad-st/JYgiZvbaRWqx2l3YQZLC5Q,ambler-pennsylvania
https://www.ubereats.com/philadelphia/food-delivery/mm%26m-catering-express/DzJP2nkFQMqHouT7oIzTEQ,ambler-pennsylvania
https://www.ubereats.com/philadelphia/food-delivery/anthonys-coal-fired-pizza-blue-bell/6kdieCxfQder3HOtjWQwYw,ambler-pennsylvania
https://www.ubereats.com/philadelphia/food-delivery/indian-grill-bethlehem-pike/QPHdyMIIR4iSOMd187RwjA,ambler-pennsylvania
https://www.ubereats.com/philadelphia/food-delivery/the-captains-boil-2053-chemical-road/0-UWOdO2Qfqe9OsHN0ykgw,ambler-pennsylvania
https://www.ubereats.com/philadelphia/food-delivery/casa-villasenor/ukpbo9LgTACjLBzy1XPhmw,ambler-pennsylvania
https://www.ubereats.com/philadelphia/food-delivery/chipotle-mexican-grill-2618-w-moreland-rd/ywcW8PUcSEK7wJlKkdUDBw,ambler-pennsylvania
https://www.ubereats.com/philadelphia/food-delivery/mi-lah-vegetarian/j90MB5eLQ16H7ld4pT9y-w,ambler-pennsylvania
https://www.ubereats.com/philadelphia/food-delivery/arbys-16-e-germantown-pike/K4R21sw-TzO3ugtN8QpGVA,ambler-pennsylvania
https://www.ubereats.com/philadelphia/food-delivery/aji-sushi-take-out/C85D4ZeSReieIjjSKeDLTQ,ambler-pennsylvania
https://www.ubereats.com/philadelphia/food-delivery/millers-ale-house-willow-grove/KErX-VGgTUaUwzSpkyCUkw,ambler-pennsylvania
https://www.ubereats.com/philadelphia/food-delivery/mcdonalds-ridge-pike/nTm-VSqFQ_GWoph-zdfT0A,ambler-pennsylvania
https://www.ubereats.com/philadelphia/food-delivery/outback-steakhouse-610-old-york-road/afo0PHPqStybgteLv_nqPQ,ambler-pennsylvania
https://www.ubereats.com/philadelphia/food-delivery/sunny-asian-warminster/MtKLMOOITPSM81xEbCiQsQ,ambler-pennsylvania
https://www.ubereats.com/philadelphia/food-delivery/wingin-it-wings/9kvbgevKRw-FIAzsTym_1w,ambler-pennsylvania
https://www.ubereats.com/philadelphia/food-delivery/z-maries-vegetarian-grille/u_gb23zUT4CtarObWrcBcw,ambler-pennsylvania
https://www.ubereats.com/philadelphia/food-delivery/cj-custom-catering-and-cafe/kBddUKJuR5inRmZ8TqCknA,ambler-pennsylvania
https://www.ubereats.com/philadelphia/food-delivery/mirnas-cafe/kaoRp5qOSveL_cGRzfXWNg,ambler-pennsylvania
https://www.ubereats.com/philadelphia/food-delivery/primohoagies-106b-w-germantown-pike/riUByMwiQAmVsrSWi5dK5g,ambler-pennsylvania
https://www.ubereats.com/philadelphia/food-delivery/ben-%26-irvs-delicatessen/Oj1nR5KFQfKqBtbr9SAKZw,ambler-pennsylvania
https://www.ubereats.com/philadelphia/food-delivery/red-lobster-640-cowpath-road/3M1_sAxCQSKzfhPrqX-shg,ambler-pennsylvania
https://www.ubereats.com/philadelphia/food-delivery/kabuto-sushi-hibachi-%26-lounge/G3qWHhC-Rt61MeH6J_8ggw,ambler-pennsylvania
https://www.ubereats.com/philadelphia/food-delivery/chipotle-mexican-grill-30-airport-sq/EyGkStWfRJ25_pGT31uOCw,ambler-pennsylvania
https://www.ubereats.com/philadelphia/food-delivery/zara-halal-food/thkXWCY5TIuTOji7TjmZFw,ambler-pennsylvania
https://www.ubereats.com/philadelphia/food-delivery/panache-woodfire-grill-w-skippack-pike/fyPrPIEaRIKYfJt6ga6ASA,ambler-pennsylvania
https://www.ubereats.com/philadelphia/food-delivery/dunkin-191-e-butler-ave/VoV2JoirS8O8qVrhVEUFQQ,ambler-pennsylvania
https://www.ubereats.com/philadelphia/food-delivery/pats-select-pizza-%7C-grill-warrington/bOVOxFwrQJiKKQAmXYGl8Q,ambler-pennsylvania
https://www.ubereats.com/philadelphia/food-delivery/friendlys-150-w-germantown-pike/9ePHqdgBR4S2B-QMk1rzOw,ambler-pennsylvania
https://www.ubereats.com/philadelphia/food-delivery/pudges-blue-bell/uOYi57CbTsq0r8i-yLyJag,ambler-pennsylvania
https://www.ubereats.com/philadelphia/food-delivery/the-lucky-well/BcmMn0UqT3Sh-g4hh-j6dg,ambler-pennsylvania
https://www.ubereats.com/philadelphia/food-delivery/grove-stove/K-d3M9y_Sy61Tu3BIOOVLw,ambler-pennsylvania
https://www.ubereats.com/philadelphia/food-delivery/sals-pizza-of-warrington/Ie8UcMeURt2N7SFlsyScog,ambler-pennsylvania
https://www.ubereats.com/philadelphia/food-delivery/stewarts-all-american/7W_vVz0tR-qzACXiKBsdcg,ambler-pennsylvania
https://www.ubereats.com/philadelphia/food-delivery/red-robin-442-281-easton-road/tP_1qFSdRfWsKxC3qV-sGg,ambler-pennsylvania
https://www.ubereats.com/philadelphia/food-delivery/outback-steakhouse-2520-york-road/b7Mfejk4R3mx21okJISO6w,ambler-pennsylvania
https://www.ubereats.com/philadelphia/food-delivery/bertuccis-500-west-germantown-pike/_kRdafiFSqS_w-m1QosOzw,ambler-pennsylvania
https://www.ubereats.com/philadelphia/food-delivery/richmans-ice-cream-%26-burger-co-glenside/fIfC0YvMSSqEk5Uxo_ztmw,ambler-pennsylvania
https://www.ubereats.com/philadelphia/food-delivery/lai-lai-garden/-vRpwaCsRN-710_vw1SiJw,ambler-pennsylvania
https://www.ubereats.com/philadelphia/food-delivery/tonys-place-bar-%26-grille/9GeVnXAvRherjP4ZRiAysA,ambler-pennsylvania
https://www.ubereats.com/philadelphia/food-delivery/ritas-italian-ice/iThdVm_8QmOP6MJN9Gs5YQ,ambler-pennsylvania
https://www.ubereats.com/philadelphia/food-delivery/dunkin-881-w-butler-pike/7uXsOw3WQ_GUu6je4_q2OQ,ambler-pennsylvania
https://www.ubereats.com/philadelphia/food-delivery/primo-brick-oven-pizza/LVCWxizNSVO7IN9ZfQLhEw,ambler-pennsylvania
https://www.ubereats.com/philadelphia/food-delivery/ra-sushi-bar-500-west-germantown-pike/6e268oEoRuqniXRSRa2yLA,ambler-pennsylvania
https://www.ubereats.com/philadelphia/food-delivery/saladworks-8500-henry-avenue-store-%2329/LOP0WxawTWi0Yw6NL01LCA,ambler-pennsylvania
https://www.ubereats.com/philadelphia/food-delivery/california-pizza-kitchen-514-w-germantown-pike/T583JHv4QXq-BHlQSM_uDw,ambler-pennsylvania
https://www.ubereats.com/philadelphia/food-delivery/dunkin-1050-bethlehem-pike/fSNH2puDQKmfYvlKGN1OrQ,ambler-pennsylvania
https://www.ubereats.com/philadelphia/food-delivery/tgi-fridays-659-willow-grove-pa/wzFCt7YFQL6Nhnyce4yhsQ,ambler-pennsylvania
https://www.ubereats.com/philadelphia/food-delivery/izumi/QyQ9DO4UTsOAs95mb6si8w,ambler-pennsylvania
https://www.ubereats.com/philadelphia/food-delivery/palace-of-asia-pa/Uhlq9fxeQOmt1Pt9OwdDUQ,ambler-pennsylvania
https://www.ubereats.com/philadelphia/food-delivery/philly-pretzel-factory-glenside/NsF67kMFQEmyc5rCsJ5z0Q,ambler-pennsylvania
https://www.ubereats.com/philadelphia/food-delivery/zoes-kitchen-500-w-germantown-pike-%23520/JnzO9rtRSISP3YVPOhP_qw,ambler-pennsylvania
https://www.ubereats.com/philadelphia/food-delivery/308-bonefish-grill-27-airport-square/76ljJcjKTDCO6vPr001v1Q,ambler-pennsylvania
https://www.ubereats.com/philadelphia/food-delivery/starbucks-chestnut-hill/cE2UARVzQ5KJ85PJDaoBUw,ambler-pennsylvania
https://www.ubereats.com/philadelphia/food-delivery/hibachi-grill-and-buffet/FKsMnSavSiS1jibA4Q6-7A,ambler-pennsylvania
https://www.ubereats.com/philadelphia/food-delivery/outback-steakhouse-411-doylestown-road/BkDXIUuATe2QUfkQbFftqw,ambler-pennsylvania
https://www.ubereats.com/philadelphia/food-delivery/night-kitchen-bakery-and-cafe/agR9NqiVTBWc1ST-ZG_WzA,ambler-pennsylvania
https://www.ubereats.com/philadelphia/food-delivery/dunkin-1821-bethlehem-pike/BqaWmEOISqCIm2zJJG6bxA,ambler-pennsylvania
https://www.ubereats.com/philadelphia/food-delivery/bridgets-steakhouse/XY2-sOR3R8aNjYfNxkTH9g,ambler-pennsylvania
https://www.ubereats.com/philadelphia/food-delivery/alessios-seafood-grille/vcrO4D_OQ_afMVNAHLvZDQ,ambler-pennsylvania
https://www.ubereats.com/philadelphia/food-delivery/papa-johns-123-s-main-st/TV0qkrWmQkiuE2jCfMzksg,ambler-pennsylvania
https://www.ubereats.com/philadelphia/food-delivery/east-cuisine/b820L-CxTAaDCPKY2xX3TQ,ambler-pennsylvania
https://www.ubereats.com/philadelphia/food-delivery/taco-bell-931-n-wales-rd/SI3aSwNgSEOEWyjVMqE3jA,ambler-pennsylvania
https://www.ubereats.com/philadelphia/food-delivery/bullseye-burger-house/WUrfFVeHSueKQIUXAA85Sw,ambler-pennsylvania
https://www.ubereats.com/philadelphia/food-delivery/bonnet-lane/3Ve7qjwfT_Sh93XYzbBvJw,ambler-pennsylvania
https://www.ubereats.com/philadelphia/food-delivery/wendys-1013-ridge-pike/hR97s1JVR_qg5SKufQK8mw,ambler-pennsylvania
https://www.ubereats.com/philadelphia/food-delivery/ritas-of-chalfont/giJRT4W-RrqXNVe2h95riA,ambler-pennsylvania
https://www.ubereats.com/philadelphia/food-delivery/wayback-burgers-butler-ave/sSi59lElQuSoq9XMMbVTBw,ambler-pennsylvania
https://www.ubereats.com/philadelphia/food-delivery/cold-stone-4013-welsh-road/VrsxcxfAT12GBVtCpa4gyA,ambler-pennsylvania
https://www.ubereats.com/philadelphia/food-delivery/whitpain-tavern/Imy38k81RgKkuLoop0kxfw,ambler-pennsylvania
https://www.ubereats.com/philadelphia/food-delivery/crown-fried-chicken-chelten-ave/K4Wf3cThSrSI6ZY1mwnz3A,ambler-pennsylvania
https://www.ubereats.com/philadelphia/food-delivery/the-pizza-box/BHkWJ_7bS-mSwfH9GfUZDg,ambler-pennsylvania
https://www.ubereats.com/philadelphia/food-delivery/dunkin-810-welsh-rd/SBtMWpfQT6qjq9ZpRAKuJQ,ambler-pennsylvania
https://www.ubereats.com/philadelphia/food-delivery/mama-thai/mB386RwoRnmo_eHBL26ONg,ambler-pennsylvania
https://www.ubereats.com/philadelphia/food-delivery/saladworks-plymouth-square/i326cBeGTvGMeUbs-vvulQ,ambler-pennsylvania
https://www.ubereats.com/philadelphia/food-delivery/taco-bell-2722-de-kalb-pike/4tdQvygoRt2hLuTo2OJRTg,ambler-pennsylvania
https://www.ubereats.com/philadelphia/food-delivery/mcdonalds-flrtwn-flrtn-s-c/ybTw02S8TCyqtH4Ueaoy1Q,ambler-pennsylvania
https://www.ubereats.com/philadelphia/food-delivery/fingers-wings-%26-other-things/3EEqSmRoR-SxTBlQCRnX4w,ambler-pennsylvania
https://www.ubereats.com/philadelphia/food-delivery/manhattan-bagel-401-south-broad-street/7-3XIqXESUa-ZhuG-Ut4ng,ambler-pennsylvania
https://www.ubereats.com/philadelphia/food-delivery/michaels-italian-restaurant-%26-pizza/gxfGTmQLTGuVvb7xEDJTjg,ambler-pennsylvania
https://www.ubereats.com/philadelphia/food-delivery/sonic-2901-swede-rd/saYich_KSN2BQtusO2Ierw,ambler-pennsylvania
https://www.ubereats.com/philadelphia/food-delivery/kitchen-bar/cSUewXVIRGqYvdNExNvhNQ,ambler-pennsylvania
https://www.ubereats.com/philadelphia/food-delivery/pf-changs-510-germantown-pike/xVOEsbk9S4Cf6HiVrQGj4Q,ambler-pennsylvania
https://www.ubereats.com/philadelphia/food-delivery/sams-pizza-and-bistro/_zXd-6UlRlqmhu0deZ7Brg,ambler-pennsylvania
https://www.ubereats.com/philadelphia/food-delivery/bertuccis-860-bethlehem-pike/MwpQQuxfSfWbSyuDqY-JSw,ambler-pennsylvania
https://www.ubereats.com/philadelphia/food-delivery/chipotle-mexican-grill-950-dekalb-pike/krTg5NA4SHKDMacZdFuvsA,ambler-pennsylvania
https://www.ubereats.com/philadelphia/food-delivery/cracker-barrel-old-country-store-2095-gallagher-road/ZOSXNHNJQLGt-y4facW0ww,ambler-pennsylvania
https://www.ubereats.com/philadelphia/food-delivery/lees-hoagie-house/hB5u4VZ_QgOAVSe6x5gDNA,ambler-pennsylvania
https://www.ubereats.com/philadelphia/food-delivery/primohoagies-1650-limekiln-pike/bTLVohTOQkiK5HM-5igxrQ,ambler-pennsylvania
https://www.ubereats.com/philadelphia/food-delivery/applebees-1745-easton-road/4OGaD4EuQ8-YjnlT9MeT9g,ambler-pennsylvania
https://www.ubereats.com/philadelphia/food-delivery/dunkin-520-w-pennsylvania-ave/rEqsNMCvQTmP5JXvmhO-nA,ambler-pennsylvania
https://www.ubereats.com/philadelphia/food-delivery/boston-market-18-e-germantown-pk/S9KrlenbQm2TC8z6_pm-gg,ambler-pennsylvania
https://www.ubereats.com/philadelphia/food-delivery/chipotle-mexican-grill-1437-old-york-rd/wMoF5J6BRlmC_cVatZjO4A,ambler-pennsylvania
https://www.ubereats.com/philadelphia/food-delivery/kumo-asian-bistro-1460-bethlehem-pike/4-nDjwh_QXy2o_ZngIApDw,ambler-pennsylvania
https://www.ubereats.com/philadelphia/food-delivery/brunos/IXxfy8aURUG2X2tTmIkUOw,ambler-pennsylvania
https://www.ubereats.com/philadelphia/food-delivery/the-weldon-soda-fountain/ts7YMcoGRHu4koWMjP717g,ambler-pennsylvania
https://www.ubereats.com/philadelphia/food-delivery/buffalo-wild-wings-201-easton-rd-ste-118/do7W6UQwRNmBu0eNXGaOAA,ambler-pennsylvania
https://www.ubereats.com/philadelphia/food-delivery/pancheros-mexican-grill-1105-n-bethlehem-pike/XTJ_u42pQSCspdEnm_mTnA,ambler-pennsylvania
https://www.ubereats.com/philadelphia/food-delivery/applebees-2710-dekalb-pike/7kdWUcsiSY6oMfmW-IROBg,ambler-pennsylvania
https://www.ubereats.com/philadelphia/food-delivery/wendys-620-easton-road/H5QUYFWHQqCwqbCvCanClQ,ambler-pennsylvania
https://www.ubereats.com/philadelphia/food-delivery/wing-squad-montgomeryville/NoOPSNzxQzyOAWU8sVEEfw,ambler-pennsylvania
https://www.ubereats.com/philadelphia/food-delivery/the-persian-grille-hatboro/Y9A41pllTc6XS2_e5dAZvQ,ambler-pennsylvania
https://www.ubereats.com/philadelphia/food-delivery/bertuccis-huntingdon-valley/MWTeYsGrSVKEGx7GxAzCJQ,ambler-pennsylvania
https://www.ubereats.com/philadelphia/food-delivery/two-amigos-taqueria/9WetuxkqQtO4apTCWwjuHQ,ambler-pennsylvania
https://www.ubereats.com/philadelphia/food-delivery/ritas-italian-ice-1527-bethlehem-pike/TqU39PS4TcitTMLyXFJygQ,ambler-pennsylvania
https://www.ubereats.com/philadelphia/food-delivery/first-watch-abington/tMwBvhuvSX2V3PsEw6oC-g,ambler-pennsylvania
https://www.ubereats.com/philadelphia/food-delivery/turning-point-of-north-wales/UQW3LyJISviGz9t46lgdZg,ambler-pennsylvania
https://www.ubereats.com/philadelphia/food-delivery/ban-ban-asian-bistro/UT3d03oeRt2gFR9n_yQzEg,ambler-pennsylvania
https://www.ubereats.com/philadelphia/food-delivery/asian-cafe/iiAlY_NORNe_f2YDXloOhg,ambler-pennsylvania
https://www.ubereats.com/philadelphia/food-delivery/osaka-japanese-restaurant/ShVRONYkT9-Rc4WK2IsuUg,ambler-pennsylvania
https://www.ubereats.com/philadelphia/food-delivery/iron-hill-brewery-%26-restaurant-chestnut-hill/vYmb2NZGQPi3wYZRMqHFFg,ambler-pennsylvania
