url,city
https://www.ubereats.com/anchorage/food-delivery/pils-deli/o9cAUv0HQiaslfWWH94oCg,anchorage
https://www.ubereats.com/anchorage/food-delivery/l%26l-hawaiian-bbq-800-e-dimond-blvd-%233-011/dHTqzuM5RFyDABg4F0-9SA,anchorage
https://www.ubereats.com/anchorage/food-delivery/dami/eZ7Aru-zQ2qxrYdKkeocIQ,anchorage
https://www.ubereats.com/anchorage/food-delivery/wendys-4407-spenard-road/yfkULmAPSHa6_N6aEFXLVQ,anchorage
https://www.ubereats.com/anchorage/food-delivery/papa-murphys-2286-abbott-road/mAIkRTY1QtirSXpgFR-gaA,anchorage
https://www.ubereats.com/anchorage/food-delivery/smashburger-317-w-104th-ave/a864zFRUSqeLamo5AyNKjw,anchorage
https://www.ubereats.com/anchorage/food-delivery/wendys-11310-old-seward-hwy/o20mNVzATjusvUMf2NzUtw,anchorage
https://www.ubereats.com/anchorage/food-delivery/kfc-1751-abbot-road/e4-P5HcGT5aaxWyQT1LVRg,anchorage
https://www.ubereats.com/anchorage/food-delivery/subway-350-w-intl-airport-rd-ste-101/uDZpdsZrQ0ulz41ntlq0LQ,anchorage
https://www.ubereats.com/anchorage/food-delivery/alaska-house-of-coffee/B-ayPTZTT4y1Knr7TD2mWA,anchorage
https://www.ubereats.com/anchorage/food-delivery/taco-bell-2640-east-tudor-road/rRkoKcXdTnCqkcFL4sHe2w,anchorage
https://www.ubereats.com/anchorage/food-delivery/wendys-2323-fifth-ave/sw1p2jgUQvC9FTcQWZ1HsA,anchorage
https://www.ubereats.com/anchorage/food-delivery/wendys-e-3395-tudor-rd/HKydaIPuT0Kwe5kAq2SivQ,anchorage
https://www.ubereats.com/anchorage/food-delivery/roscoes-catfish-%26-bbq/v8dWbZbJSR-iL-7pZjRsow,anchorage
https://www.ubereats.com/anchorage/food-delivery/kindred-spirits-cafe-anchorage/RXV3NKAZSZariLszzOUgbQ,anchorage
https://www.ubereats.com/anchorage/food-delivery/kavas-fireweed/asGiZzewQBiEWUP7oPAHsQ,anchorage
https://www.ubereats.com/anchorage/food-delivery/wiki-wiki-onolicious/8cK8yVDSQoWOZBqBa88uVA,anchorage
https://www.ubereats.com/anchorage/food-delivery/midnight-sun-cakery/hl_w8xr6Tq2HttXDeeO8-w,anchorage
https://www.ubereats.com/anchorage/food-delivery/roll-in-ice-creamery-jewel-lake-rd/vWpYXxLRQzyJ1tMVgry4sg,anchorage
https://www.ubereats.com/anchorage/food-delivery/simon-and-seaforts%3A-saloon-%26-grill/wKbn-6c7Qd6k8UKTrZpcZA,anchorage
https://www.ubereats.com/anchorage/food-delivery/panchos-villa/588uuQkUT_2Q7XxnGe4VVg,anchorage
https://www.ubereats.com/anchorage/food-delivery/main-event-grill-76th-ave/HwBR_7hpTN6k5pVOSEr0-A,anchorage
https://www.ubereats.com/anchorage/food-delivery/the-white-spot/gFLllhqWRGyYjIcE__IT8A,anchorage
https://www.ubereats.com/anchorage/food-delivery/famous-wok-dimond-blvd/FQdGYdELRMWC4H_U7oTP4g,anchorage
https://www.ubereats.com/anchorage/food-delivery/chuck-e-cheeses-308-e-northern-lights-bl/9BWwdGkIQ6GLwMF7NedY7g,anchorage
https://www.ubereats.com/anchorage/food-delivery/hearth-artisan-pizza/GNe37cxlRtupVw5HjFLjRg,anchorage
https://www.ubereats.com/anchorage/food-delivery/yogurt-lounge/dP1vW6vnSQqEk4PalNge6A,anchorage
https://www.ubereats.com/anchorage/food-delivery/wendys-2927-seward-hwy/luF4cLENRzavZv_DcxNGPw,anchorage
https://www.ubereats.com/anchorage/food-delivery/waffles-and-whatnot-betsy/HalFDxW8RH2TwzrdPiMluA,anchorage
https://www.ubereats.com/anchorage/food-delivery/jeepney-by-adobo-grill/hykShh8qSO2ZO2j9k1WrNA,anchorage
https://www.ubereats.com/anchorage/food-delivery/taco-bell-1231-muldoon-road/5Lv-MV5RRz6k2xPgu8jWDA,anchorage
https://www.ubereats.com/anchorage/food-delivery/ihop-1106-north-muldoon-road-suite-155/yR37iTmKSySSXM-NAf9AYA,anchorage
https://www.ubereats.com/anchorage/food-delivery/taco-bell-9000-lake-otis-parkway-units-6-%26-7/JEmJOLLRRUi8ad6C4XYGzw,anchorage
https://www.ubereats.com/anchorage/food-delivery/the-little-miss-cafe/qgoM2t3oTxSv6i_xprCyig,anchorage
https://www.ubereats.com/anchorage/food-delivery/subway-751-e-loop-rd/lFT0ZWfjQIe5OsK_BjpYHg,anchorage
https://www.ubereats.com/anchorage/food-delivery/harleys-old-thyme-cafe/m5MX3MT1Sp2cBsnUVaz2Gw,anchorage
https://www.ubereats.com/anchorage/food-delivery/taco-bell-9001-jewel-lake-rd-ste-12/xYkWvSTkT6e0BzQWHhb_mA,anchorage
https://www.ubereats.com/anchorage/food-delivery/kavas-pancake-house/9gRPWprfSOOsp9WYlKeoCQ,anchorage
https://www.ubereats.com/anchorage/food-delivery/kfc-123-west-northern-lights-blvd/CHyk_vX7QvWt6DpfudvGPg,anchorage
https://www.ubereats.com/anchorage/food-delivery/taco-bell-939-west-northern-lights-blvd/05WL7R-hQauxDvv0yRFRwQ,anchorage
https://www.ubereats.com/anchorage/food-delivery/la-mex/UTDWu2MFRr6m4xWrABIFfw,anchorage
https://www.ubereats.com/anchorage/food-delivery/flight-deck-pizzeria/FGGYDQjTQ3Gm57hOFeID8w,anchorage
https://www.ubereats.com/anchorage/food-delivery/aurora-chocolate-dimond-blvd/KViSkB0zTzCT01X7tKemzg,anchorage
https://www.ubereats.com/anchorage/food-delivery/ihop-11100-old-seward-highway/52rS9iD2Tvmm6PS--2_8vg,anchorage
https://www.ubereats.com/anchorage/food-delivery/taco-bell-8825-old-seward-hwy/q4ovTLaxRUiNpSY0GHbW7g,anchorage
https://www.ubereats.com/anchorage/food-delivery/house-of-bread-anchorage/a3gH-ZrQQHOzRTsnMebsZg,anchorage
https://www.ubereats.com/anchorage/food-delivery/seoul-casa/sNexuGK-R-O0LIDYBWM1ow,anchorage
https://www.ubereats.com/anchorage/food-delivery/tatu-bbq-fireweed-ln/Un141IdRRvyZwyzuTOEw4A,anchorage
https://www.ubereats.com/anchorage/food-delivery/subway-2715-e-tudor-rd/dFbzRybnQ6uaBrLiFZChuQ,anchorage
https://www.ubereats.com/anchorage/food-delivery/taco-bell-27288-novi-rd-ste-a/XE-6r2wWQdCZvgDOiQBlfg,anchorage
https://www.ubereats.com/anchorage/food-delivery/dinos-donuts/ER7NOXqhRci_FuOeD9ipmQ,anchorage
https://www.ubereats.com/anchorage/food-delivery/ski-%26-benny-pizza/2e66aXxCTxKIhkwckO_igw,anchorage
https://www.ubereats.com/anchorage/food-delivery/ihop-501-e-tudor-rd/RnvlgXWfSV6CV2woWfKiFA,anchorage
https://www.ubereats.com/anchorage/food-delivery/applebees-4331-credit-union-dr/rCq9lNBnSdyNOA0S3VrDsQ,anchorage
https://www.ubereats.com/anchorage/food-delivery/outback-steakhouse-101-w-34th-ave/kuo0jgpkR6Souuvgy9KCRA,anchorage
https://www.ubereats.com/anchorage/food-delivery/subway-1307-w-northern-lights-blvd/MSsYV6usQQ-Wt_gCR47kZA,anchorage
https://www.ubereats.com/anchorage/food-delivery/dragon-seafood-restaurant-%26-grill/Qpg0DjWjSnqrlADt67a3AQ,anchorage
https://www.ubereats.com/anchorage/food-delivery/fat-ptarmigan/M2ZEsbe6SyygodZ31p7mtQ,anchorage
https://www.ubereats.com/anchorage/food-delivery/ak-alchemist/Uvs9X8ciRwmZBwdn9rhXVQ,anchorage
https://www.ubereats.com/anchorage/food-delivery/subway-3104-seward-hwy/TFeBdv1sRhasrEXWcntKqQ,anchorage
https://www.ubereats.com/anchorage/food-delivery/subway-701-northway-dr/5lWmVwp0TZ6fWwYhWsNGOw,anchorage
https://www.ubereats.com/anchorage/food-delivery/gelatte/BsDdl05_RQm59vhNK1_2MA,anchorage
https://www.ubereats.com/anchorage/food-delivery/kfc-3922-san-jeronimo-street/Ibyofq5DQV26l6MeacnzMA,anchorage
https://www.ubereats.com/anchorage/food-delivery/taco-bell-2351-e-5th-ave/ECvbJOhGS2671rWw8mCNtw,anchorage
https://www.ubereats.com/anchorage/food-delivery/subway-322-boniface-pkwy/dYtAsYrUSnKMtm4kuq72Dw,anchorage
https://www.ubereats.com/anchorage/food-delivery/famous-wok-5th-avenue/c1XzcSGuQm-mNZBUE_FiYA,anchorage
https://www.ubereats.com/anchorage/food-delivery/gumbo-house/hhLTucDtSf60YxiJHznvow,anchorage
https://www.ubereats.com/anchorage/food-delivery/china-town-restaurant/lHm1oQ67QBKgj80Vu8wQdQ,anchorage
https://www.ubereats.com/anchorage/food-delivery/kumagoro/nV2dSGuqT86e7mMC_BSlBw,anchorage
https://www.ubereats.com/anchorage/food-delivery/pasquallys-pizza-%26-wings-308-e-northern-lights-bl/qgqSllMmQBWRcFwZNvHHWQ,anchorage
