url,city
https://www.ubereats.com/chicago/food-delivery/dunkin-16145-w-highway-173/4eElOhLcRIyLSaKrqF7zhA,antioch-illinois
https://www.ubereats.com/chicago/food-delivery/panda-express-7105-grand-ave/oLruQPI-RS2as4Pr-ZAnYA,antioch-illinois
https://www.ubereats.com/chicago/food-delivery/pupusita-express/eD4Dhko4T7aqIdDQCjHtAA,antioch-illinois
https://www.ubereats.com/chicago/food-delivery/the-lodge-of-antioch-ltd/N9Fgkp44TbyNGowzPCcBcA,antioch-illinois
https://www.ubereats.com/chicago/food-delivery/china-chef/t5q_VB9iRt2H8ao3CcSlsg,antioch-illinois
https://www.ubereats.com/chicago/food-delivery/asian-harbor-antioch/ZP9tgPAKRDSgRr7mE_GJiQ,antioch-illinois
https://www.ubereats.com/chicago/food-delivery/dunkin-39090-n-us-highway-41-unit-c/lMquokpTTsCn7d4e7cEgeg,antioch-illinois
https://www.ubereats.com/chicago/food-delivery/la-cocina-mexican-restaurant-and-catering/Gku1EgU0SDK6T8Ekr7SY7w,antioch-illinois
https://www.ubereats.com/chicago/food-delivery/eggspress-cafe/p2YfJnrbRwKtHgg3Axql0Q,antioch-illinois
https://www.ubereats.com/chicago/food-delivery/kfc-325-w-il-route-173/mHq84HSNQfeHdr1UQ7NEIw,antioch-illinois
https://www.ubereats.com/chicago/food-delivery/la-michoacana-special/hT79fug8Qf6g3gf6DaKbkQ,antioch-illinois
https://www.ubereats.com/chicago/food-delivery/el-puerto-mexican-restaurant/2bMS25zzQEWz67-Jcc8enQ,antioch-illinois
https://www.ubereats.com/chicago/food-delivery/firenza-pizza-lindenhurst/exPGNEgGSIWP_97-hY0e4g,antioch-illinois
https://www.ubereats.com/chicago/food-delivery/ajua-mexican-restaurant/rFjjweJWRaCG-tQOFxp0xg,antioch-illinois
https://www.ubereats.com/chicago/food-delivery/arbys-776-e-rollins-rd/FMfEbBEkTf60Sh8aKRoPSA,antioch-illinois
https://www.ubereats.com/chicago/food-delivery/johnnys-chophouse/1P_iq3kmQDKS-4WxCrlZ4A,antioch-illinois
https://www.ubereats.com/chicago/food-delivery/grande-jakes-fresh-mexican-grill-lindenhurst/_O_VRLSDSXu8RTO4ehZAMQ,antioch-illinois
https://www.ubereats.com/chicago/food-delivery/royalthai/48vuGNxQSl-I_0ipunQkbA,antioch-illinois
https://www.ubereats.com/chicago/food-delivery/vickies-place/FhX_JrY5QlC58WOq21OqFg,antioch-illinois
https://www.ubereats.com/chicago/food-delivery/taqueria-los-comales-rollins-%26-woodridge/nKilhfkCRTyy5ksqhMBLUg,antioch-illinois
https://www.ubereats.com/chicago/food-delivery/rosatis-pizza-1140-main-st/rNZg04s3RTesbPWCngTFfQ,antioch-illinois
https://www.ubereats.com/chicago/food-delivery/lucky-penny-lindenhurst/xNreOTt2S4uBLf2Z4Lihdg,antioch-illinois
https://www.ubereats.com/chicago/food-delivery/emilys-pancake-house-lindenhurst/uRk9S5lMRKiZpCD97CYomQ,antioch-illinois
https://www.ubereats.com/chicago/food-delivery/dunkin-83-w-belvidere-rd/d4fmIEt4QQOJVqYcjod76Q,antioch-illinois
https://www.ubereats.com/chicago/food-delivery/dockers-north/VI-2KH8lQdqut4JeHeAaaQ,antioch-illinois
https://www.ubereats.com/chicago/food-delivery/burger-king-250-w-rollins-rd/7xajERXlS1OM7otkLnoCCw,antioch-illinois
https://www.ubereats.com/chicago/food-delivery/mod-pizza-gurnee/-0PBd5zYSo2TeMEITukNag,antioch-illinois
https://www.ubereats.com/chicago/food-delivery/mcalisters-6557-grand-ave/2r3TOkLtTdO5CTcOjMQUAA,antioch-illinois
https://www.ubereats.com/chicago/food-delivery/perricones-a-soup-%26-sandwich-joint/QoXkO5FWRouTCUlvZDIO2A,antioch-illinois
https://www.ubereats.com/chicago/food-delivery/cold-stone-creamery-7105-grand-ave/iKuT_VYrRbyPf6IyVzwEYw,antioch-illinois
https://www.ubereats.com/chicago/food-delivery/buffalo-wild-wings-500-e-rollins-rd/IJ5nCaU4ScOS05KSkmzAMQ,antioch-illinois
https://www.ubereats.com/chicago/food-delivery/jersey-mikes-subs-6310-grand-ave/fsRQpOVAR3iXLleJyd0jIQ,antioch-illinois
https://www.ubereats.com/chicago/food-delivery/dennys-grand-%26-hunt-club/rvTF1Yf_QvWvd2F8P8Lghg,antioch-illinois
https://www.ubereats.com/chicago/food-delivery/biryani-pointe/XwxWslfcTFeF9ScUjayVIw,antioch-illinois
https://www.ubereats.com/chicago/food-delivery/dunkin-2592-n-il-route-83-%232596/FYNRl-A6T3CVqHA_37o9aA,antioch-illinois
https://www.ubereats.com/chicago/food-delivery/jersey-mikes-536-e-rollins-rd/MErj4rbXTayT7X8YJOJlOg,antioch-illinois
https://www.ubereats.com/chicago/food-delivery/kfc-440-west-rollins-road/V3jYRHeDSBqLRzw1yXF-3w,antioch-illinois
https://www.ubereats.com/chicago/food-delivery/mcdonalds-grand-%26-milwaukee/srr2MZFFQImZjeQzQxLCyw,antioch-illinois
https://www.ubereats.com/chicago/food-delivery/burrito-express-fox-lake/-yPxDNkVT6OF0SxxCu6cpQ,antioch-illinois
https://www.ubereats.com/chicago/food-delivery/lucky-bernies-spring-grove/az_w2xJBR7umKeP7ZLBD8w,antioch-illinois
https://www.ubereats.com/chicago/food-delivery/taco-bell-2081-east-grand-avenue/EzJtiNtBRoaJnJWODdVVgQ,antioch-illinois
https://www.ubereats.com/chicago/food-delivery/papa-johns-1276-north-illinois-route-83/l4isnWuGS32Tf6PGSIU4Rw,antioch-illinois
https://www.ubereats.com/chicago/food-delivery/leos-chicago-grill-gurnee/a7XsNhQWQpeSK4qg3qT6Pg,antioch-illinois
https://www.ubereats.com/chicago/food-delivery/mr-gs/22_js8DkTdauOR4Uwx-xbg,antioch-illinois
https://www.ubereats.com/chicago/food-delivery/chipotle-mexican-grill-1936-il-route-83/sDZq-P-eQ1qIFSkrgochrg,antioch-illinois
https://www.ubereats.com/chicago/food-delivery/fratellos-hot-dogs/Mz4Sdc0kRu6hV41jtFnkdw,antioch-illinois
https://www.ubereats.com/chicago/food-delivery/diamond-deli-%26-wine/2dG0OT4KQueTRDDJfTktmg,antioch-illinois
https://www.ubereats.com/chicago/food-delivery/panda-express-rollins-%26-east-end/R6OwMLtNS7O1H2EEQTt3bA,antioch-illinois
https://www.ubereats.com/chicago/food-delivery/steak-n-shake-6070-gurnee-mills-circle-e/M-v62OARSMCVszcC30XDAg,antioch-illinois
https://www.ubereats.com/chicago/food-delivery/five-guys-il-0526-6310-grand-ave/b0Q0TrlxSYqZG6At1hzXGw,antioch-illinois
https://www.ubereats.com/chicago/food-delivery/popeyes-483-e-route-173/lxcD1jLZRC2bP4htZZ7lRA,antioch-illinois
https://www.ubereats.com/chicago/food-delivery/mcdonalds-1150-main-street/ZCRi1f_eQfWLL4Mxq5w14w,antioch-illinois
https://www.ubereats.com/chicago/food-delivery/la-michoacana-mexicana/HU6Oble1Rl6LoPJi7KufqQ,antioch-illinois
https://www.ubereats.com/chicago/food-delivery/looneys-pub/3QPdzenCQNa8yoxHAoiJIw,antioch-illinois
https://www.ubereats.com/chicago/food-delivery/taco-bell-54-s-us-highway-12/pbHTSWmaRCmR5P9Hegqw1w,antioch-illinois
https://www.ubereats.com/chicago/food-delivery/the-burger-pit/Vwvk8DVLQESgICs2WG6WRQ,antioch-illinois
https://www.ubereats.com/chicago/food-delivery/timothy-otooles-pub-lake-villa/H84PKdJQRE2iP96A6m3CHQ,antioch-illinois
https://www.ubereats.com/chicago/food-delivery/hello-folks/_l8gekmYSByqZ4Nzd-N__A,antioch-illinois
https://www.ubereats.com/chicago/food-delivery/dunkin-3200-w-sand-lake-rd/2vuZZNhpSLeYburpwcPKqw,antioch-illinois
https://www.ubereats.com/chicago/food-delivery/sarpinos-pizzeria-34484-us-45/skv2DhwaR9yv65yV_xW4aA,antioch-illinois
https://www.ubereats.com/chicago/food-delivery/bills-pizza-%26-pub-north/umOdiJsiT-q7yYXsBhruSQ,antioch-illinois
https://www.ubereats.com/chicago/food-delivery/stuckys-bar-and-grille/RjLOGVeHRUGRvamQyTApwA,antioch-illinois
https://www.ubereats.com/chicago/food-delivery/caribana/yNuV-KVqTLmm7K4qgORU_Q,antioch-illinois
https://www.ubereats.com/chicago/food-delivery/primo-italian-american-cuisine/ITkCRM4UR_6x_wTxk--7RA,antioch-illinois
https://www.ubereats.com/chicago/food-delivery/popeyes-rollins-%26-elm/lGyvh4ZwTIKGB0KxhdxQcA,antioch-illinois
https://www.ubereats.com/chicago/food-delivery/arbys-501-east-route-173/nwb21GpgQWyZaez0yuTkxA,antioch-illinois
https://www.ubereats.com/chicago/food-delivery/outback-steakhouse-6210-grand-ave/JCz_BdmdTpGm6q0nKmD3tw,antioch-illinois
https://www.ubereats.com/chicago/food-delivery/burger-king-338-w-il-route-173/CfYN5S5yTx2w4lPNfK1Yvg,antioch-illinois
https://www.ubereats.com/chicago/food-delivery/johnnys-cafe/6KEX3elfQbGsD4JTdqz9tA,antioch-illinois
https://www.ubereats.com/chicago/food-delivery/the-fogcutter/TWcmMNtsT_ioeBOotVI79Q,antioch-illinois
https://www.ubereats.com/chicago/food-delivery/taco-bell-6360-grand-ave/1qU_TthZRA6nwnfj31F38Q,antioch-illinois
https://www.ubereats.com/chicago/food-delivery/grayslake-italian-ovens/0NPk73-XTiK1vJyzg8UtpQ,antioch-illinois
https://www.ubereats.com/chicago/food-delivery/mcdonalds-rollins-%26-hainesville/PDujm1rQQCyo--XxL-_ALw,antioch-illinois
https://www.ubereats.com/chicago/food-delivery/dunkin-369-e-rollins-rd/mS2SsE47TmqGR6eq2fwhAQ,antioch-illinois
https://www.ubereats.com/chicago/food-delivery/charleys-philly-steaks-gurnee-mills-ii/DUVf_RwzSa2X3S6Lj9Xr7Q,antioch-illinois
https://www.ubereats.com/chicago/food-delivery/subway-928-e-rollins-rd/K7uhKA6eRuCh5eWeBy0PUw,antioch-illinois
https://www.ubereats.com/chicago/food-delivery/mcdonalds-grand-%26-sand-lake/fp6UFac9QkyfDzKFrYu9lg,antioch-illinois
https://www.ubereats.com/chicago/food-delivery/chicago-woodfire-pizza-co/UQo4rMpURHG6SAqL8KWaOA,antioch-illinois
https://www.ubereats.com/chicago/food-delivery/rosatis-pizza-gurnee/9HZyHdMqQYyD02-it2ejXA,antioch-illinois
https://www.ubereats.com/chicago/food-delivery/subway-1120-main-st/a1x7glFSRqKx3PZ-eRQKNQ,antioch-illinois
https://www.ubereats.com/chicago/food-delivery/tgi-fridays-2669-gurnee-il/8YSyG41iSz24zzdT_k8vBw,antioch-illinois
https://www.ubereats.com/chicago/food-delivery/subway-2680-n-il-route-83/37lOtvO2QdSaLldYQe7KLA,antioch-illinois
https://www.ubereats.com/chicago/food-delivery/the-latte-cafe-%26-bakery/AvY5ryENSfyzjqXFyDoeFQ,antioch-illinois
https://www.ubereats.com/chicago/food-delivery/jesse-oaks/8kbMxotdRvm0yCauBrc9dA,antioch-illinois
https://www.ubereats.com/chicago/food-delivery/red-lobster-6230-grand-ave/lEi_SZ20SbqVi415B5aL6w,antioch-illinois
https://www.ubereats.com/chicago/food-delivery/red-robin-518-6420-grand-ave/lrSGYDSYRqOArpvpF43Yyw,antioch-illinois
https://www.ubereats.com/chicago/food-delivery/taco-bell-322-w-state-route-173/m1qh179mR7Oby0DeSjOgjQ,antioch-illinois
https://www.ubereats.com/chicago/food-delivery/anastasias-restaurant-%26-lounge/OYChdesVRKC6cMp0G-jwEQ,antioch-illinois
https://www.ubereats.com/chicago/food-delivery/fams-on-the-chain/B4FgQHcjRBGqywk32VmORA,antioch-illinois
https://www.ubereats.com/chicago/food-delivery/dunkin-442-orchard-st/SApkOrf0QA60v2GHJvoxPg,antioch-illinois
https://www.ubereats.com/chicago/food-delivery/wendys-370-s-us-highway-45/CIthlp8sTXqrx1u0C8TMGA,antioch-illinois
https://www.ubereats.com/chicago/food-delivery/fatman-pizza-pub/vAkscULSTYiC8Yfbl8m9RA,antioch-illinois
https://www.ubereats.com/chicago/food-delivery/kristofs-grill/8Be5fLNjQJi8vYCIGJoHmQ,antioch-illinois
https://www.ubereats.com/chicago/food-delivery/arbys-1874-belvidere-rd/45TEk6XoTOiRPsxdLSKHAQ,antioch-illinois
https://www.ubereats.com/chicago/food-delivery/honey-baked-ham-co-%26-cafe-grand-ave/Xfx5B0r6TCWns9uv1A5dnw,antioch-illinois
https://www.ubereats.com/chicago/food-delivery/richards-chicken/FcH3oxmkR7uZhVgq2cBBlg,antioch-illinois
https://www.ubereats.com/chicago/food-delivery/potbelly-sandwich-shop-gurnee-west-%7C-99/Yh0du551RNCAWnbJrFHweA,antioch-illinois
https://www.ubereats.com/chicago/food-delivery/captain-porkys/RG1QRK6SSfy10OrAxB9TbA,antioch-illinois
https://www.ubereats.com/chicago/food-delivery/wendys-210-east-rollins-road/xgVKN8F8SVyG2xSdFTeQzA,antioch-illinois
https://www.ubereats.com/chicago/food-delivery/taco-bell-306-w-rollins-rd/T8rzkieFQ_Kzx5Zcn6q0ew,antioch-illinois
