url,city
https://www.ubereats.com/denver/food-delivery/in-the-zone-sports-bar-%26-grill/1bdLtuzcQBuOeworK324Vw,arvada-colorado
https://www.ubereats.com/denver/food-delivery/a%26w-10220-west-colfax-ave/AtBvlWXLQomR5EuEsvcoxA,arvada-colorado
https://www.ubereats.com/denver/food-delivery/burger-king-6801-west-120th-avenue/ChMqshhQSbCWHrDntgzQyg,arvada-colorado
https://www.ubereats.com/denver/food-delivery/taco-johns-5810-logan-street/Jh6T4DJHQfqZs2aHk8_ijg,arvada-colorado
https://www.ubereats.com/denver/food-delivery/postino-broadway/pm2-lLMDSGGUYe2uZba3QA,arvada-colorado
https://www.ubereats.com/denver/food-delivery/la-torteria/AAdHHBrTRSK7BW46NVzJkA,arvada-colorado
https://www.ubereats.com/denver/food-delivery/village-tavern-broomfield/bTs8gkKfQVGhN1pbmju-ng,arvada-colorado
https://www.ubereats.com/denver/food-delivery/dairy-queen-treat-721-w-84th-ave/enROvSUmTfuhEq3ZPnwo1w,arvada-colorado
https://www.ubereats.com/denver/food-delivery/tokyo-joes-8770-wadsworth-blvd-unit-a/d-dOilpAQTu-aO3471GpFg,arvada-colorado
https://www.ubereats.com/denver/food-delivery/great-scotts-eatery-denver/0MeGAEnaT0i4hUiVH5Rtyg,arvada-colorado
https://www.ubereats.com/denver/food-delivery/burger-king-3800-wadsworth-blvd/jTZeqkavSQazoKxhQSuh4Q,arvada-colorado
https://www.ubereats.com/denver/food-delivery/bodega-44-tacos-y-things/_HzsI185TOawfxtDQ_EVWw,arvada-colorado
https://www.ubereats.com/denver/food-delivery/tazza-di-caffe/7s4wnYc4TvaG6njYtQGn6A,arvada-colorado
https://www.ubereats.com/denver/food-delivery/great-harvest-bread-co-11068-w-jewell-ave/PSlpfJioQzGphVnCkuRFrg,arvada-colorado
https://www.ubereats.com/denver/food-delivery/mcdonalds-den-pencol/NmrXefMST8mchPZWh5H40A,arvada-colorado
https://www.ubereats.com/denver/food-delivery/la-fonda-mexican-restaurant-wheat-ridge/sca_xDHzTn2o5pIT7SeGHA,arvada-colorado
https://www.ubereats.com/denver/food-delivery/3-margaritas-westminster/3_piEpg_To2U7drSfX9k4A,arvada-colorado
https://www.ubereats.com/denver/food-delivery/taj-palace-food-truck/KCooUNfxQha_gQxFEx5k6A,arvada-colorado
https://www.ubereats.com/denver/food-delivery/qdoba-7611-w-colfax-ave/ziYSBRvVRTCvcRUelRGpIQ,arvada-colorado
https://www.ubereats.com/denver/food-delivery/cracovia/z6bzyFsyTFij5BHRZAy65g,arvada-colorado
https://www.ubereats.com/denver/food-delivery/1801-cafe/hv-hzdTASmujXgDZiBXwGg,arvada-colorado
https://www.ubereats.com/denver/food-delivery/taco-bell-8760-wadsworth-blvd/nnkzFC31ScKM9HiDokcBPg,arvada-colorado
https://www.ubereats.com/denver/food-delivery/best-philly-steak/Kmuh14KkQo-Swbf6p9UrIg,arvada-colorado
https://www.ubereats.com/denver/food-delivery/starbucks-64th-%26-ward/fZuNUjYWQ9i7qaXCV4NtKQ,arvada-colorado
https://www.ubereats.com/denver/food-delivery/massinos-pizzeria-arvada/nSWpH5AdQD-VlMAGgQZCqQ,arvada-colorado
https://www.ubereats.com/denver/food-delivery/mcdonalds-50th-%26-federal/BAlULnbQQZ-AWAW0RebOLw,arvada-colorado
https://www.ubereats.com/denver/food-delivery/mcdonalds-84th-and-huron/Bfi-t28VT9qaW4n9N1NEVw,arvada-colorado
https://www.ubereats.com/denver/food-delivery/buffalo-wild-wings-w-80th-ave/m0X8wp-YQ1eDWWTsaL0vfw,arvada-colorado
https://www.ubereats.com/denver/food-delivery/ra-sushi-broomfield/lK4tb-TMQ0GrU-1A6ebtjQ,arvada-colorado
https://www.ubereats.com/denver/food-delivery/outback-steakhouse-988-dillon-road/F95sxozjRPCUF1_PNGF2Kg,arvada-colorado
https://www.ubereats.com/denver/food-delivery/he-xing-garden/6s6pw-dgQSG4v52uo7By2A,arvada-colorado
https://www.ubereats.com/denver/food-delivery/cleopatra/1quCtAUdTVO4qocYTimXHA,arvada-colorado
https://www.ubereats.com/denver/food-delivery/taco-bell-1505-s-kipling-pkwy/_WZSDvb8TkydBVYFRQETCw,arvada-colorado
https://www.ubereats.com/denver/food-delivery/emilios-almost-famous/1dqiAIijQQW_dO8e-POO_g,arvada-colorado
https://www.ubereats.com/denver/food-delivery/burger-king-2601-sheridan-boulevard/zcMf5P0rRYu07ehTbmpMtw,arvada-colorado
https://www.ubereats.com/denver/food-delivery/subway-5076-w-92nd-ave/Buv-LXikTl2ZNgsO9T74pg,arvada-colorado
https://www.ubereats.com/denver/food-delivery/burger-king-7613-west-88th-avenue/HAUt99HFSAG19fgRdFz_QQ,arvada-colorado
https://www.ubereats.com/denver/food-delivery/growler-usa-sloans-lake/m4bA-fA1T8yWcnJQTj05rA,arvada-colorado
https://www.ubereats.com/denver/food-delivery/lakeside-pho/LP1dlaB-S6uITz6DFp8C4A,arvada-colorado
https://www.ubereats.com/denver/food-delivery/qdoba-mexican-grill-459-s-mccaslin-blvd-suite-1/ikD3qnOQQ8SR_g6KIogKjA,arvada-colorado
https://www.ubereats.com/denver/food-delivery/burger-king-1717-west-38th-avenue/-_ELWm8SR_WSKCQVOldNlA,arvada-colorado
https://www.ubereats.com/denver/food-delivery/los-arcos-express-lakewood/ZJ2T0v_3Tha-tuEM3Yjt-Q,arvada-colorado
https://www.ubereats.com/denver/food-delivery/lechugas-italian-restaurant-north-denver/VV38CCYrRn-4Y7TaMFON1w,arvada-colorado
https://www.ubereats.com/denver/food-delivery/chipotle-mexican-grill-7355-w-colfax-ave-unit-103/RRv6Q9qPQh-vFc31xvlEjQ,arvada-colorado
https://www.ubereats.com/denver/food-delivery/rush-bowls-broomfield/44sqzMT6QW-RAuqMnYLfpA,arvada-colorado
https://www.ubereats.com/denver/food-delivery/dairy-queen-treat-245-s-wadsworth-blvd/8tddTq1OS3OxsppjKj_wRQ,arvada-colorado
https://www.ubereats.com/denver/food-delivery/red-lobster-4455-wadsworth-blvd/CHCDsbSlQ7OaONMJHQHQ5g,arvada-colorado
https://www.ubereats.com/denver/food-delivery/subway-7312-federal-blvd/4k7Z2R2EQKelcPN2WRWJSQ,arvada-colorado
https://www.ubereats.com/denver/food-delivery/subway-1621-coalton-rd/A21ytep2S0e7bUaew0R8Wg,arvada-colorado
https://www.ubereats.com/denver/food-delivery/bubba-chinos-19-denver/Yv-mW5pSRWW-aeCFhn4-mA,arvada-colorado
https://www.ubereats.com/denver/food-delivery/papa-johns-5395-w-38th-ave/3qyNHyGDSUysSceKuvVXTA,arvada-colorado
https://www.ubereats.com/denver/food-delivery/panera-7739-wadsworth-boulevard/iDV67gOxStK9sHG3HohUfw,arvada-colorado
https://www.ubereats.com/denver/food-delivery/chipotle-mexican-grill-3484-w-32nd-ave/B7VUpTs1S3ikwajRjyrcFg,arvada-colorado
https://www.ubereats.com/denver/food-delivery/yogurt-brothers/4GIXE6XeRY2mfvKXhDN1LQ,arvada-colorado
https://www.ubereats.com/denver/food-delivery/himalayan-curry-house/qRJ7DPOGTpq-zuNCiM_kCQ,arvada-colorado
https://www.ubereats.com/denver/food-delivery/panda-express-8461-church-ranch-blvd/y06bjricTtGloqBgDYYEcA,arvada-colorado
https://www.ubereats.com/denver/food-delivery/panda-express-1509-wadsworth-blvd/TGeyqaCCRFi2qBIf7pFc6w,arvada-colorado
https://www.ubereats.com/denver/food-delivery/park-burger-highlands/1YLJYp1hTXyikGo6D6OFQA,arvada-colorado
https://www.ubereats.com/denver/food-delivery/papa-johns-1745-s-wadsworth-blvd/kE3YCWRQQYSa5aLCTHyH-g,arvada-colorado
https://www.ubereats.com/denver/food-delivery/little-india-restaurant-%26-bar-6th-ave/z5CoZEMfTlK2-V4BmEzUzg,arvada-colorado
https://www.ubereats.com/denver/food-delivery/benihana-broomfield/tPafCAyORv-qDhkjfhukWg,arvada-colorado
https://www.ubereats.com/denver/food-delivery/smashburger-220-union-blvd/4RG0TTg4ToOMYenW_6Vxug,arvada-colorado
https://www.ubereats.com/denver/food-delivery/jacksons-downtown-denver/gmQwYu55ScKLW50nCSFjwA,arvada-colorado
https://www.ubereats.com/denver/food-delivery/my-brothers-bar/488GBZkDSiqMDJeMoHMlAg,arvada-colorado
https://www.ubereats.com/denver/food-delivery/humboldt-kitchen-%2B-bar/ZQwxDGmeQESEmB4DhUyHTg,arvada-colorado
https://www.ubereats.com/denver/food-delivery/el-taco-veloz/RRTJxj2-SPykNHUteNkP_g,arvada-colorado
https://www.ubereats.com/denver/food-delivery/bonbons-cafe-%26-dessert-bar/-d8ltQzoS2OEqD276mB9Iw,arvada-colorado
https://www.ubereats.com/denver/food-delivery/qdoba-14575-west-64th-ave/EYI4g94BSoGgUJR8OoGNRQ,arvada-colorado
https://www.ubereats.com/denver/food-delivery/pizzeria-locale-highlands/fmiv7OpcRk6A3HqFZNeoIg,arvada-colorado
https://www.ubereats.com/denver/food-delivery/arbys-1972/T6T4U_V0Se-6rxp33T9Alg,arvada-colorado
https://www.ubereats.com/denver/food-delivery/smashburger-6415-w-104th-ste-100/OOLITU_4Sn-eYX__qSyVzA,arvada-colorado
https://www.ubereats.com/denver/food-delivery/bubba-chinos-mexican-grilled-burritos/c4y3YzGiSDO5NsulyM64Cw,arvada-colorado
https://www.ubereats.com/denver/food-delivery/taco-bell-4795-kipling-st/6rjmsd9-Tveq8mcyr-MxHg,arvada-colorado
https://www.ubereats.com/denver/food-delivery/sushi-uokura/wWPxDg_QQyy73hhPERgcfA,arvada-colorado
https://www.ubereats.com/denver/food-delivery/arbys-397/0nNBeSKnTEW5lz3Ot5i4WA,arvada-colorado
https://www.ubereats.com/denver/food-delivery/california-pizza-kitchen-1-west-flatiron-circle-%231120/k1-LFlCASou0rLSse1El-g,arvada-colorado
https://www.ubereats.com/denver/food-delivery/el-cazo-cocina-y-cantina/7xyjAUuCRbGaB7PCP0i9Vw,arvada-colorado
https://www.ubereats.com/denver/food-delivery/dessert-stand-%26-waffle-cakes/IiGKOu2KS026t4Ki_ZnV5g,arvada-colorado
https://www.ubereats.com/denver/food-delivery/motomaki-lakewood/Ult2uHkSRIitvVyJGjtzsw,arvada-colorado
https://www.ubereats.com/denver/food-delivery/papa-johns-2671-e-120th-ave/phY70Qu4QE6Afin-_q8nkA,arvada-colorado
https://www.ubereats.com/denver/food-delivery/pizzeria-forte-edgewater/GU7yyDefSt2ykJWiEJcgQA,arvada-colorado
https://www.ubereats.com/denver/food-delivery/charleys-philly-steaks-colorado-mills-mall/x37Upn-qRCaHZiBPaKDvxw,arvada-colorado
https://www.ubereats.com/denver/food-delivery/kickin-wings/lwjUefmNQqmbbsPXf34_ww,arvada-colorado
https://www.ubereats.com/denver/food-delivery/red-robin-490-14183-w-colfax/T3Eq2P-ETLeNi4ORtZysog,arvada-colorado
https://www.ubereats.com/denver/food-delivery/waikiki-poke/dSk41B1XSMeiebG-oycZHg,arvada-colorado
https://www.ubereats.com/denver/food-delivery/qdoba-mexican-eats-4000-n-colorado/RINzHbUwSrKWiaLQ252zqQ,arvada-colorado
https://www.ubereats.com/denver/food-delivery/papa-murphys-12650-west-64th-avenue-suite-d/xlpdFgIKTXy3j7OEXGHdRQ,arvada-colorado
https://www.ubereats.com/denver/food-delivery/smashburger-2690-w-104th-ave-ste-100/mAUbNqeiTxKnh9rHKWXcJg,arvada-colorado
https://www.ubereats.com/denver/food-delivery/parma-trattoria/PAMdaBClSWyI6qsUBXt73w,arvada-colorado
https://www.ubereats.com/denver/food-delivery/las-potrancas-mexican-restaurant/aCQeeuO5SIyhazdA6IIBEg,arvada-colorado
https://www.ubereats.com/denver/food-delivery/jordans-time-to-eat/rQcNB2mDRp2EdH_9tnpVHQ,arvada-colorado
https://www.ubereats.com/denver/food-delivery/chipotle-mexican-grill-3600-w-32nd-ave-ste-a/KQxegtE-RMi1BDjq_W146Q,arvada-colorado
https://www.ubereats.com/denver/food-delivery/chick-fil-a-5236-wadsworth-byp/6nDW8S7lTnqmxzkOXF_n8g,arvada-colorado
https://www.ubereats.com/denver/food-delivery/chipotle-mexican-grill-12550-w-64th-ave/hqxYkmHTS827kKaYUlzWaw,arvada-colorado
https://www.ubereats.com/denver/food-delivery/taco-bell-11701-w-colfax/Qz6XKPUUTMSiJQxCYn08jw,arvada-colorado
https://www.ubereats.com/denver/food-delivery/wendys-7397-federal-blvd/zaEpD4I5Sh29TzZ2Ed7-IA,arvada-colorado
https://www.ubereats.com/denver/food-delivery/arbys-6881/I7h31OQlTTeB5IM3hmBm7Q,arvada-colorado
https://www.ubereats.com/denver/food-delivery/el-amigo/NFKTdwJYRyGNdewia3xcCQ,arvada-colorado
https://www.ubereats.com/denver/food-delivery/lakewood-grill/gfmIynDeSKKjKZVu6N9fnQ,arvada-colorado
https://www.ubereats.com/denver/food-delivery/gordi-buena-mexican-restaurant/-XJC3zEXS-2k_ZZHEn1ePQ,arvada-colorado
https://www.ubereats.com/denver/food-delivery/tokyo-joes-145-union-blvd-%23102/YB7WsclJRomvsulXHZYLNg,arvada-colorado
https://www.ubereats.com/denver/food-delivery/brothers-bbq-n-washington-street/irT4wGL0RBaTGK-UBSKlKw,arvada-colorado
https://www.ubereats.com/denver/food-delivery/anthonys-pizza-%26-pasta-lakewood/RfmUoCiuTGS8LcA1ZVZnUA,arvada-colorado
https://www.ubereats.com/denver/food-delivery/mcdonalds-golden-youngfld/ssWbTguDRKqe4iwzRHFcBg,arvada-colorado
https://www.ubereats.com/denver/food-delivery/tlaquesalsa/laGrBxphSg2gMTDlL27ucg,arvada-colorado
https://www.ubereats.com/denver/food-delivery/the-garlic-knot-westminster/2T79uqw4SZqPhqgkifHokQ,arvada-colorado
https://www.ubereats.com/denver/food-delivery/chapala-mexican-restaurant/hv36kr13QBKG3Hv7va_0Mg,arvada-colorado
https://www.ubereats.com/denver/food-delivery/woodys-woodfired-pizza/FP7p-PPOQUqhoLkkV5nd3A,arvada-colorado
https://www.ubereats.com/denver/food-delivery/taco-bell-447-south-broadway/WtOv54g4QTSreDw3XrsIrQ,arvada-colorado
https://www.ubereats.com/denver/food-delivery/arbys-124/jmtTfUtlQsmztNTuC-Yfvg,arvada-colorado
https://www.ubereats.com/denver/food-delivery/el-jefe-tacos-%26-burritos/VLoR71wOQCqOvDvssrf-bw,arvada-colorado
https://www.ubereats.com/denver/food-delivery/a%26w-200-wadsworth-boulevard/qIo9uOf6SrWrJgTGM82WzQ,arvada-colorado
https://www.ubereats.com/denver/food-delivery/burger-king-4945-kipling-st/P4ZLUql-Tu2YSxHy9z2njg,arvada-colorado
https://www.ubereats.com/denver/food-delivery/heaven-dragon-chinese-restaurant/reMaAKE3Q32LmhKedkJXUw,arvada-colorado
https://www.ubereats.com/denver/food-delivery/the-old-spaghetti-factory-westminster/6FHCldXkSUyzlEd5j2WAvw,arvada-colorado
https://www.ubereats.com/denver/food-delivery/giuseppes-pizzeria-%26-deli/pETYgYwTRlKQrSw7ZoWxTQ,arvada-colorado
https://www.ubereats.com/denver/food-delivery/panda-express-14500-w-colfax-ave-fc-8/PmPt_6OyQDmt_ThKX8KB4Q,arvada-colorado
https://www.ubereats.com/denver/food-delivery/sidewok-cafe/odbfLrnrRKmDdaNngY9mWg,arvada-colorado
https://www.ubereats.com/denver/food-delivery/tin-star-smokehouse-golden/DdFqjhQ_Tmq4pIXoYyr_Ig,arvada-colorado
https://www.ubereats.com/denver/food-delivery/deleon-cafe/LeRGnUBTRSWPXaGJg0x6iA,arvada-colorado
https://www.ubereats.com/denver/food-delivery/menchies-frozen-yogurt-535-s-boulder-rd/Aci4rl05S7aSbMU5ngNzzQ,arvada-colorado
https://www.ubereats.com/denver/food-delivery/champa-st-burger-works/jo_mcSQnSnq0X5JCQP1-5Q,arvada-colorado
https://www.ubereats.com/denver/food-delivery/hunter-bay-coffee-roasters/hkBPudJ3RNS9cRsihv6U0A,arvada-colorado
https://www.ubereats.com/denver/food-delivery/shiso-sushi-%26-oyster-bar/B5IeInSpTsCPPeDNpHQbqw,arvada-colorado
https://www.ubereats.com/denver/food-delivery/churchs-chicken-4925-n-federal-blvd/2fwHo5PYR6mIbCOszzSydA,arvada-colorado
https://www.ubereats.com/denver/food-delivery/the-original-chubbys-mexican-food/WUEc0sBPQJWx2kJkUbXxsg,arvada-colorado
https://www.ubereats.com/denver/food-delivery/buffalo-wild-wings-10436-town-center-dr-ste-100/-nJqXRfyTBaw1T3s_N2_7A,arvada-colorado
https://www.ubereats.com/denver/food-delivery/antojitos-hondurenos-%232/4jA2jyXVRrC9uXek-1101Q,arvada-colorado
https://www.ubereats.com/denver/food-delivery/qdoba-mexican-grill-10431-town-center-dr-suite-600/Niq55gtmQu23JuCyl6ABLQ,arvada-colorado
https://www.ubereats.com/denver/food-delivery/chicken-rebel/BUHMNt6iTb-eAeRsXSdjYg,arvada-colorado
https://www.ubereats.com/denver/food-delivery/3-sons-italian-restaurant/IZAUWxcJRUyhk2DM39mPqg,arvada-colorado
https://www.ubereats.com/denver/food-delivery/anthonys-pizza-%26-pasta-arvada/L-nUmgwASDOStJYFJ-_7sw,arvada-colorado
https://www.ubereats.com/denver/food-delivery/menchies-frozen-yogurt-7450-w-52nd-ave/vf_mdQYcTbqaak9Tp3FV5g,arvada-colorado
https://www.ubereats.com/denver/food-delivery/burger-king-7255-north-pecos-street/lav_lOpGT2SIeMPNmWxFeg,arvada-colorado
https://www.ubereats.com/denver/food-delivery/wendys-14565-w-64th-ave/Pj9iT0agRNSZWib_Afm4IA,arvada-colorado
https://www.ubereats.com/denver/food-delivery/cold-stone-creamery-15400-w-64th-ave-bldg-e/Ks6bB1U9Sc2Ho8uZXVyPcA,arvada-colorado
https://www.ubereats.com/denver/food-delivery/mr-luckys-sandwiches-tejon/5XrFd0GaRL-Cf5ckVa2C8w,arvada-colorado
https://www.ubereats.com/denver/food-delivery/a%26w-all-american-food-1679-federal-blvd/YOZww7UwSU626tYJV8l5Ug,arvada-colorado
https://www.ubereats.com/denver/food-delivery/ny-pizza-pub/hskBE5YoRPCXN8z_kamz4g,arvada-colorado
https://www.ubereats.com/denver/food-delivery/wendys-4964-federal-blvd/cfLmxC4pQgqebDQD93al8w,arvada-colorado
https://www.ubereats.com/denver/food-delivery/jersey-mikes-subs-arvada-15530-w-64th-ave/TTne0UGiQZmlTtzBagsXBA,arvada-colorado
https://www.ubereats.com/denver/food-delivery/mcdonalds-federal-hghts-96/OYwd5cNDRk2ofdFjVG9xOA,arvada-colorado
https://www.ubereats.com/denver/food-delivery/subway-86th-washington/_x6OlzCSTnifIzdEDszd8w,arvada-colorado
https://www.ubereats.com/denver/food-delivery/tupelo-honey-denver/r49bPkd6ScWAm3a5IHr0Nw,arvada-colorado
https://www.ubereats.com/denver/food-delivery/lea-janes-hot-chicken/gPx03V2pRNevNv35VzbNWA,arvada-colorado
https://www.ubereats.com/denver/food-delivery/yak-%26-yeti-restaurant-%26-brewpub-westminster/4L8bNqgHT9mzjXAUlphW0w,arvada-colorado
https://www.ubereats.com/denver/food-delivery/lechugas-italian-restaurant/L_2q4GI3Rnqxkm3NA8D4tQ,arvada-colorado
https://www.ubereats.com/denver/food-delivery/double-ds-sourdough-pizzeria-%26-tap-house/lSxFTah4RS2tUXd6at1_Kw,arvada-colorado
https://www.ubereats.com/denver/food-delivery/wienerschnitzel-1495-holland-street/9nwEULQWTGupQEcC4kEYmw,arvada-colorado
https://www.ubereats.com/denver/food-delivery/las-potrancas/OnDbu91kQTuJGqUqZQBdUw,arvada-colorado
https://www.ubereats.com/denver/food-delivery/taco-bell-1911-sheridan-blvd/CE3bEycJScCQkKA8b0TtSQ,arvada-colorado
https://www.ubereats.com/denver/food-delivery/the-venue/wgmMzkhLRcm2sOXtpt_R5g,arvada-colorado
https://www.ubereats.com/denver/food-delivery/boston-market-9269-sheridan-blvd/Rxbh5_6jRf6P00miSwtghg,arvada-colorado
https://www.ubereats.com/denver/food-delivery/thai-diamond-cafe/f_wcM9cPRuW39wd8sa-6Jg,arvada-colorado
https://www.ubereats.com/denver/food-delivery/benny-blancos-slice-of-the-bronx-tejon/PkfsAhd2R1Gkkdn5ufC0Qw,arvada-colorado
https://www.ubereats.com/denver/food-delivery/denver-pizza-company-gofy/ijFosxZ1SUWZh4Fb2s9F4g,arvada-colorado
https://www.ubereats.com/denver/food-delivery/yak-and-yeti-restaurant-and-brewpub-arvada/sQR3ykleSsu82F6MZsjM8Q,arvada-colorado
https://www.ubereats.com/denver/food-delivery/bleu-sage-cafe/eizGBY-qT4q2JeSydbBMhA,arvada-colorado
https://www.ubereats.com/denver/food-delivery/dream-bubble-te/Dvz5rWcySJmsbKT5WjPU7A,arvada-colorado
https://www.ubereats.com/denver/food-delivery/taco-bell-60-w-flatiron-crossing-dr/J13apsLtRJu9MFpEsBNuRA,arvada-colorado
https://www.ubereats.com/denver/food-delivery/tony-ps-pizzeria-32nd-ave/KygWm8LPSLWRWpaN0uj3xw,arvada-colorado
https://www.ubereats.com/denver/food-delivery/casa-don-juan/AWsPNRccQrStu9tKHPrU7w,arvada-colorado
https://www.ubereats.com/denver/food-delivery/joes-crab-shack-8911-n-yates-street/kntQIUgPTw6ypWUr3bas6A,arvada-colorado
https://www.ubereats.com/denver/food-delivery/pho-15/o7XXPArgTn62fQ1i8pxcJA,arvada-colorado
https://www.ubereats.com/denver/food-delivery/mcdonalds-edgewater-17th/7d_0XttdQk23uu5fTY5rnA,arvada-colorado
https://www.ubereats.com/denver/food-delivery/flying-pig-burger-co/_6-M1azmQc25DbJkT0H_4Q,arvada-colorado
https://www.ubereats.com/denver/food-delivery/lamars-donuts-990-w-6th-ave/dB1GxKJlTaSVHeON2scoBw,arvada-colorado
https://www.ubereats.com/denver/food-delivery/dairy-queen-grill-%26-chill-11631-w-64th-ave/xShdcwBGQmevJhoOsfC6Mw,arvada-colorado
https://www.ubereats.com/denver/food-delivery/chipotle-mexican-grill-145-union-blvd-ste-103/rSu993W6Rr-i3vF3zPYarw,arvada-colorado
https://www.ubereats.com/denver/food-delivery/mcdonalds-88th-%26-sheridan/CYV7MgbmTeag0u_Vx3h9XA,arvada-colorado
https://www.ubereats.com/denver/food-delivery/yaye-organics/iQpMxzOzRuyHS2DCGsqt3A,arvada-colorado
https://www.ubereats.com/denver/food-delivery/qdoba-mexican-grill-635-b-flatiron-marketplace-dr/mIxBpkgJSmuzMyIIicTY5w,arvada-colorado
https://www.ubereats.com/denver/food-delivery/el-torito-taqueria-y-mas/sCD2KmSmQWOQzq6bvBZlaw,arvada-colorado
https://www.ubereats.com/denver/food-delivery/swankys-vittles-and-libations/GJZOF_7XQC-D8tKnPVb-Jg,arvada-colorado
https://www.ubereats.com/denver/food-delivery/cold-stone-creamery-7850-w-alameda-ave-unit-b/-POF_YQ-TbmxLnVmyTAAYw,arvada-colorado
https://www.ubereats.com/denver/food-delivery/taco-bell-350-south-federal-blvd/uD-s6Ee2QIiPTa2QaaSk4Q,arvada-colorado
https://www.ubereats.com/denver/food-delivery/newks-eatery-7450-w-52nd-ave/1EutOlH0R0ucmTfqxgkseg,arvada-colorado
https://www.ubereats.com/denver/food-delivery/qdoba-mexican-grill-4550-w-121st-ave-suite-c/ZZN71z-ISk6SgXsq99Qpjg,arvada-colorado
https://www.ubereats.com/denver/food-delivery/teriyaki-madness-3500-youngfield-street/wamHDV86SEal_v7mox1JCw,arvada-colorado
https://www.ubereats.com/denver/food-delivery/master-tea-120th-%26-main/IXTig5l4Sq6-L9cZV84Cgw,arvada-colorado
https://www.ubereats.com/denver/food-delivery/taco-river-westminster/entXlg0IQc2ihA6zzDsTkw,arvada-colorado
https://www.ubereats.com/denver/food-delivery/mcdonalds-golden-golden-av/yKYI15VVRdOPGNzvI9AU-w,arvada-colorado
https://www.ubereats.com/denver/food-delivery/applebees-5265-wadsworth-bypass-%2384056/1fdIRjXGSWq5uVXPRj-Uvg,arvada-colorado
https://www.ubereats.com/denver/food-delivery/wendys-5775-logan-st/q67rysmaS8W4KEbd3pV6bw,arvada-colorado
https://www.ubereats.com/denver/food-delivery/jose-osheas/U66QnNx9SuO6dCk2KkI_bw,arvada-colorado
https://www.ubereats.com/denver/food-delivery/omg-donuts/nSSJg9SmRMuIm73FjaQ2Iw,arvada-colorado
https://www.ubereats.com/denver/food-delivery/dairy-queen-treat-1010-s-union-blvd/pKTLZuUMSp25uG-lofAO7g,arvada-colorado
https://www.ubereats.com/denver/food-delivery/tuk-tuk-thai-westminster/YSOxmUenQeyrAf_YfBjRoA,arvada-colorado
https://www.ubereats.com/denver/food-delivery/rose-%26-thorn/cWlULOH7Tp2AkTDNPb1xSg,arvada-colorado
https://www.ubereats.com/denver/food-delivery/taco-bell-8401-washington-st/40kOvSQHSI6bqkKNaVYYqA,arvada-colorado
https://www.ubereats.com/denver/food-delivery/pizzeria-locale-broadway/nTwGI7BqTWSPcAQi1hq7Gw,arvada-colorado
https://www.ubereats.com/denver/food-delivery/rio-grande-mexican-restaurant-denver/5CZByIwsS1inmDrb795ARA,arvada-colorado
https://www.ubereats.com/denver/food-delivery/jamba-juice-westminister/6lUWDOAOTZCgyxQnpxRaAA,arvada-colorado
https://www.ubereats.com/denver/food-delivery/scoops-ice-cream/T-yfo31bQLGgmaxh3y8LXQ,arvada-colorado
https://www.ubereats.com/denver/food-delivery/tokyo-joes-9585-ralston-rd-ste-300/toKog653RomGcEPcADAZeA,arvada-colorado
https://www.ubereats.com/denver/food-delivery/mcdonalds-58th-washington/_cj6it3BRrisg3R3CkeWtQ,arvada-colorado
https://www.ubereats.com/denver/food-delivery/the-butchery-steaks-chops-%26-seafood/-Ep6OKtnT5iF2U3KgxVJcQ,arvada-colorado
https://www.ubereats.com/denver/food-delivery/tropical-smoothie-cafe-3753-wadsworth-blvd/x_G2LcvgQXamZiuVqePmew,arvada-colorado
https://www.ubereats.com/denver/food-delivery/mcdonalds-arvada-co-64th-%26-indiana/1P84n5sxTZu4sbvs0E-qAQ,arvada-colorado
https://www.ubereats.com/denver/food-delivery/bacon-social-house/VQjPBWaHTj2WnQKlHoByNg,arvada-colorado
https://www.ubereats.com/denver/food-delivery/gyu-kaku-japanese-bbq-denver/7ZMYXwgsSSqKUCGG5wm1Nw,arvada-colorado
https://www.ubereats.com/denver/food-delivery/sweet-cow-ice-cream-denver-highlands/8npl_cUGRcGL4arxnQ7QJw,arvada-colorado
https://www.ubereats.com/denver/food-delivery/firehouse-subs-64th-ave/SOgTrtyqRmqYv30H7L3-bA,arvada-colorado
https://www.ubereats.com/denver/food-delivery/sushi-star/MgZsWb0sRxO0rQ4y9IxRcw,arvada-colorado
https://www.ubereats.com/denver/food-delivery/jersey-mikes-subs-321-s-mccaslin-blvd-louisville/LFjzXQhzTyC0atdqG_hssA,arvada-colorado
https://www.ubereats.com/denver/food-delivery/wendys-14277-w-colfax-ave/tcGCQmFVR9OGwrpUv-lyrg,arvada-colorado
https://www.ubereats.com/denver/food-delivery/wild-corgi-pub/DyrikeOZR1-yZx5XUTsnJg,arvada-colorado
https://www.ubereats.com/denver/food-delivery/mcdonalds-den-julian/ezPbRpXbSa-Y6_t3J5QOhA,arvada-colorado
https://www.ubereats.com/denver/food-delivery/cafe-byblos-greek-%26-lebanese/1Dx4bjOYQKiiRDMlD3fLQQ,arvada-colorado
https://www.ubereats.com/denver/food-delivery/moxie-eatery/TXFfJ_ZeTPCj_aRoohWu5Q,arvada-colorado
https://www.ubereats.com/denver/food-delivery/smashburger-994-w-dillon-rd/m2mq17CwQCKKUO3U1bKMSA,arvada-colorado
https://www.ubereats.com/denver/food-delivery/ihop-3581/oN2nz4SPTMKN-5TJ0eaGEA,arvada-colorado
https://www.ubereats.com/denver/food-delivery/taco-bell-12480-west-64th-avenue/F_P9moIQSRiumDNwu1dFpw,arvada-colorado
https://www.ubereats.com/denver/food-delivery/choice-market-osage/sp2unMu3T3malOok_e11Yg,arvada-colorado
https://www.ubereats.com/denver/food-delivery/jersey-mikes-subs-westminster-10398-reed-street/n082i9KSS6GtfViqxJcV8g,arvada-colorado
https://www.ubereats.com/denver/food-delivery/burger-king-4875-north-federal-blvd/nPeEKTEzT5ykMLhZwXIyGQ,arvada-colorado
https://www.ubereats.com/denver/food-delivery/taqueria-la-esperanza/7wHa8Ye_R3aqGT0k7fW6Ng,arvada-colorado
https://www.ubereats.com/denver/food-delivery/five-guys-co-1931-3272-wadsworth-blvd/r0kj5vtKTzKflh_r25tKYw,arvada-colorado
https://www.ubereats.com/denver/food-delivery/churchs-chicken-3401-colorado-boulevard/90FY9EVrRTSHFru7VTXUbA,arvada-colorado
https://www.ubereats.com/denver/food-delivery/subway-84th-pecos/9kl3CXMOQradRxrbyTzabA,arvada-colorado
https://www.ubereats.com/denver/food-delivery/the-delectable-egg-court/GL6G4c90QWSQD3BsBLe0GA,arvada-colorado
https://www.ubereats.com/denver/food-delivery/old-west-pancake-house/lzPAu6t0SguZ5Cxl9PhFkA,arvada-colorado
https://www.ubereats.com/denver/food-delivery/6601-bonefish-grill-10438-towncenter-drive/_SNy6t6hT0-iQ6dEBPnoBA,arvada-colorado
https://www.ubereats.com/denver/food-delivery/mcdonalds-53rd-%26-wadsworth/YFGjT49BRi221oSPtIQBwQ,arvada-colorado
https://www.ubereats.com/denver/food-delivery/taco-bell-1220-e-1st-ave/KkxqjxcoSJC79CxE7OZJTQ,arvada-colorado
https://www.ubereats.com/denver/food-delivery/park-burger-arvada/vPB7iVnlQiWlY8H_whCj3Q,arvada-colorado
https://www.ubereats.com/denver/food-delivery/carrabbas-7401-w-92nd-ave-bldg-1/ji3Y0mPtTqa1AoBXzTHOZg,arvada-colorado
https://www.ubereats.com/denver/food-delivery/zgos-cafe/C1VhaA0NTDaAq-w469dyLA,arvada-colorado
https://www.ubereats.com/denver/food-delivery/bliss-frozen-yogurt/x-iz710jRiairxiNIzskYQ,arvada-colorado
https://www.ubereats.com/denver/food-delivery/aloy-modern-thai/wcv2pamsRCuFaMbo63uUUw,arvada-colorado
https://www.ubereats.com/denver/food-delivery/fontana-sushi-denver/JHsjVxyRSX-bCZ693nggag,arvada-colorado
https://www.ubereats.com/denver/food-delivery/cold-stone-creamery-14239-w-colfax-ave/EPvTy2lrR4uU40yMtKfFbg,arvada-colorado
https://www.ubereats.com/denver/food-delivery/twin-peaks-14035-w-colfax-dr/421EK5MmQcqJqKynoOMKlw,arvada-colorado
https://www.ubereats.com/denver/food-delivery/faifo-pho-%26-grill/McvDXjaMRoq-ryasBOcS3Q,arvada-colorado
https://www.ubereats.com/denver/food-delivery/buffalo-wild-wings-15570-w-64th-ave/Xjeim2gtSRa86ATYzEqruQ,arvada-colorado
https://www.ubereats.com/denver/food-delivery/tacos-jalisco-mexican-food/Pa5IL7RhRC2bykDGWLVkcw,arvada-colorado
https://www.ubereats.com/denver/food-delivery/subway-12304-w-64th-ave/eX2ZzC9jRT-8d-PfYB2H1A,arvada-colorado
https://www.ubereats.com/denver/food-delivery/golden-crust-pizza-%26-subs/fquNLiMnTZ6xp0WT6p248g,arvada-colorado
https://www.ubereats.com/denver/food-delivery/mac-%26-cheezary/oXUX2yFUQiGA07j4Wz4uSg,arvada-colorado
https://www.ubereats.com/denver/food-delivery/jack-in-the-box-6015-e-parkway-dr/MhlJABSCTQG2_5Jpne5S8g,arvada-colorado
https://www.ubereats.com/denver/food-delivery/sports-column/GUWIiHE4QZ2ZjGqm9o1_rQ,arvada-colorado
https://www.ubereats.com/denver/food-delivery/wendys-65-s-union-blvd/iRrF3NJRTE6gT43j6YtFaA,arvada-colorado
https://www.ubereats.com/denver/food-delivery/the-way-back/twPpOvURRNe9SKozPebRKg,arvada-colorado
https://www.ubereats.com/denver/food-delivery/pho-78-westminster/mr8f-4JCQziBYQeD5JAZTw,arvada-colorado
https://www.ubereats.com/denver/food-delivery/kfc-tb-9200-ralston-road/9wA4hC7HQs28kHUPzEuqTA,arvada-colorado
https://www.ubereats.com/denver/food-delivery/noodles-%26-company-8071-wadsworth-blvd-unit-1-c/u78w68uJT-iZ2IV0jItviA,arvada-colorado
https://www.ubereats.com/denver/food-delivery/namaste-india-restaurant-and-bar/qqKSW1RNTZKVgKXda9k0yg,arvada-colorado
https://www.ubereats.com/denver/food-delivery/kfc-9185-north-federal-boulevard/3TO7kSZHREm8srNTpeNO2g,arvada-colorado
https://www.ubereats.com/denver/food-delivery/garbanzo-mediterranean-grill-highlands/nKn88dCwQ3O6TNfvqlPXSg,arvada-colorado
https://www.ubereats.com/denver/food-delivery/the-taco-connection/0Qk8vzonSfqU3bp7yGllSg,arvada-colorado
https://www.ubereats.com/denver/food-delivery/the-garlic-knot-green-mountain/y5HpOkXjSCCBjv_pn0u3Hw,arvada-colorado
https://www.ubereats.com/denver/food-delivery/potbelly-sandwich-shop-union-%26-4th-%7C-354/OrnfOlrARtmoJeZbNp8-lw,arvada-colorado
https://www.ubereats.com/denver/food-delivery/blackjack-pizza-%26-salads-6465-w-colfax-ave/N1sQT10mROaSL8oiN9IfTg,arvada-colorado
https://www.ubereats.com/denver/food-delivery/noodles-%26-company-635a-flatiron-marketplace-dr/bNybuDkmSKWgbipNzfuLoA,arvada-colorado
https://www.ubereats.com/denver/food-delivery/subway-8050-kipling-st/hIzQEwsVRZyvQ91kAdSFiQ,arvada-colorado
https://www.ubereats.com/denver/food-delivery/noodles-%26-company-375-union-blvd/ZicnO4PLTHyNHpBp-Fbp4w,arvada-colorado
https://www.ubereats.com/denver/food-delivery/izzio-bakery/GDjv_HHTSISdY2VfGyXLeg,arvada-colorado
https://www.ubereats.com/denver/food-delivery/dairy-queen-grill-%26-chill-7580-w-64th-ave/ZFNlfI3tRLmrnX9CIZGtFg,arvada-colorado
https://www.ubereats.com/denver/food-delivery/jersey-mikes-subs-lakewood-1509-wadsworth-boulevard/x1cItZMGQOGqPH-XSng2Cw,arvada-colorado
https://www.ubereats.com/denver/food-delivery/deli-zone-depot-hill/wTM39-MCTtWPYQ3sXaHgEw,arvada-colorado
https://www.ubereats.com/denver/food-delivery/subway-7310-w-52nd-ave-%23c/CxecBiryTxyZmaWHf6d-yg,arvada-colorado
https://www.ubereats.com/denver/food-delivery/pecces-pizzeria/Fckd5qOhTESBc8EEfxgOiQ,arvada-colorado
https://www.ubereats.com/denver/food-delivery/blackjack-pizza-arvada/yBQy2EQ3SdygDdh2hlSK3A,arvada-colorado
https://www.ubereats.com/denver/food-delivery/el-jefe-tacos-%26-burritos-%232/aowW8qCWSwG4GChg-qVnAw,arvada-colorado
https://www.ubereats.com/denver/food-delivery/westrail-tap-%26-grill/uSHKQaKiQqmv-CsEPXNDaw,arvada-colorado
https://www.ubereats.com/denver/food-delivery/jack-in-the-box-9703-washington-st/uXx0SOTuT9y9zJ_vX635aw,arvada-colorado
https://www.ubereats.com/denver/food-delivery/jackie-chan-chinese-kitchen/7mnHRZxxRPiluTBTsc_U9Q,arvada-colorado
https://www.ubereats.com/denver/food-delivery/kokoro-arvada/kXEbwBb3RNaRhirkKWR5WA,arvada-colorado
https://www.ubereats.com/denver/food-delivery/outback-steakhouse-14295-west-colfax-avenue/TPEsjiuuQPGcvp3RxE24Ag,arvada-colorado
https://www.ubereats.com/denver/food-delivery/south-philly-cheese-steaks-arvada/y2Xp38dTTWq-ODf5XPZTrQ,arvada-colorado
https://www.ubereats.com/denver/food-delivery/papa-johns-12850-west-64th-avenue/o-Sf0plbR5qcq0JY-IlvxQ,arvada-colorado
https://www.ubereats.com/denver/food-delivery/burger-king-520-east-58th-avenue/r6vm-fnmR4SsW7yUkJpZTg,arvada-colorado
https://www.ubereats.com/denver/food-delivery/ali-baba-grill-highlands/vSzIg7emTfSy6jx68pIe3w,arvada-colorado
https://www.ubereats.com/denver/food-delivery/dennys-9930-w-49th-ave/R0dfIUc2SZyj172Y2jeTng,arvada-colorado
https://www.ubereats.com/denver/food-delivery/papa-johns-12792-alameda-parkway/OG_H5bfZRNmx102aJcWwEA,arvada-colorado
https://www.ubereats.com/denver/food-delivery/bawarchi-biryanis/ichtQmd3QAaa8vct5Ituhw,arvada-colorado
https://www.ubereats.com/denver/food-delivery/3-margaritas-wheat-ridge/cZ16FG4DQpC5pfXtcHsm7Q,arvada-colorado
https://www.ubereats.com/denver/food-delivery/mod-pizza-mccaslin-marketplace/vGwfnKeUTluHXSOcxenMvA,arvada-colorado
https://www.ubereats.com/denver/food-delivery/jasons-deli-lakewood/b9QmsDPURNqk1y11zO-lSQ,arvada-colorado
https://www.ubereats.com/denver/food-delivery/papa-johns-8025-sheridan-blvd/zYq1bt1JSIO4a1SlkdOgIQ,arvada-colorado
https://www.ubereats.com/denver/food-delivery/first-watch-arvada-marketplace/VIjYYuvJS9qoT-g4Ud7nCg,arvada-colorado
https://www.ubereats.com/denver/food-delivery/lilys-cocina-y-cantina/q1wVxrm5TE67QuoQiKuTtQ,arvada-colorado
https://www.ubereats.com/denver/food-delivery/mcdonalds-arvada-58th-ave/EPyoNPugTjyvftPtVf2Wtg,arvada-colorado
https://www.ubereats.com/denver/food-delivery/taco-bell-3050-youngfield-st/ihHw5JdOQ2yImK0f-ZUYpg,arvada-colorado
https://www.ubereats.com/denver/food-delivery/sonic-10051-wadsworth-parkway/7lEp_Bg-Q76j3IPEFdsjJg,arvada-colorado
https://www.ubereats.com/denver/food-delivery/wienerschnitzel-3030-west-72nd-avenue/zuUj2xjXRLGl3obRJPnEAA,arvada-colorado
https://www.ubereats.com/denver/food-delivery/pudge-brothers-pizza-arvada/iYsvcREDRBqdLB16d4CNBQ,arvada-colorado
https://www.ubereats.com/denver/food-delivery/applebees-9010-n-wadsworth-parkway-%2384041/k76b4ufKSCOMHFjrseG7eQ,arvada-colorado
https://www.ubereats.com/denver/food-delivery/potbelly-sandwich-shop-16th-and-chestnut-%7C-366/Ym-I3avrSI2ezebyhqCQ8w,arvada-colorado
https://www.ubereats.com/denver/food-delivery/mcdonalds-arvada-66th/q7wUMFlcS96OZN-kRC0aSg,arvada-colorado
https://www.ubereats.com/denver/food-delivery/arbys-266/zCIsdEiVTsikKO2sM4vu8g,arvada-colorado
https://www.ubereats.com/denver/food-delivery/firehouse-subs-lafayette/bE2iekJNQPCUyFfsZ1uwuQ,arvada-colorado
https://www.ubereats.com/denver/food-delivery/zona-cero-la-casa-del-rock/JH_hu07XRHyo_mv6AgDGUw,arvada-colorado
https://www.ubereats.com/denver/food-delivery/chipotle-mexican-grill-8797-wadsworth-blvd/SdZyYKvvQgKKkOsRrouuQA,arvada-colorado
https://www.ubereats.com/denver/food-delivery/taste-of-philly-lakewood/MIj10YQwSQeLZcIE0zCTGQ,arvada-colorado
https://www.ubereats.com/denver/food-delivery/kneaders-bakery-%26-cafe-arvada/QlOY7ChDSNa4uimbi7alAA,arvada-colorado
https://www.ubereats.com/denver/food-delivery/arbys-285/9WHJc_2URqS56dN0LkSYcg,arvada-colorado
https://www.ubereats.com/denver/food-delivery/the-doughnut-club-broomfield/lYAVsXWUTT25CeYJ9JNEKA,arvada-colorado
https://www.ubereats.com/denver/food-delivery/earnest-hall/kKBuB2AwTFKjq1BhWEkiiw,arvada-colorado
https://www.ubereats.com/denver/food-delivery/el-mirador-mexican-restaurant/v0ofT9GRTn6cAr5wuBuRCw,arvada-colorado
https://www.ubereats.com/denver/food-delivery/wendys-550-sheridan-blvd/kYD81HU1Ru2hr0Zd4_kiJQ,arvada-colorado
https://www.ubereats.com/denver/food-delivery/great-scotts-eatery-broomfield-co/BvDfKXC0Q3m3SA6P19dCtg,arvada-colorado
https://www.ubereats.com/denver/food-delivery/jersey-mikes-subs-westminster-7159-w-88th-ave/nchrrIokTg6DCXkSgkuBaQ,arvada-colorado
https://www.ubereats.com/denver/food-delivery/qdoba-mexican-grill-1005-w-120th-ave-suite-100/mGmV6Ki7TqWQuvSA0nuSuQ,arvada-colorado
https://www.ubereats.com/denver/food-delivery/yogurtland-550-grand-st/DEYIKAkZSV6kUWlgsmY_OQ,arvada-colorado
https://www.ubereats.com/denver/food-delivery/tamale-kitchen-north-glenn/3NFReoLVTwS3cV5KaSCqsA,arvada-colorado
https://www.ubereats.com/denver/food-delivery/brothers-bbq-broomfield/DO-6c4aJRVaZrP1fPSz2fw,arvada-colorado
https://www.ubereats.com/denver/food-delivery/chipotle-mexican-grill-10320-federal-blvd-unit-100/0JGNUtWEQ6mUzqvhXPVPcw,arvada-colorado
https://www.ubereats.com/denver/food-delivery/teriyaki-madness-union-station-1920-17th-st-suite-c/NTKG3zsbQiCRvTNCRzoROw,arvada-colorado
https://www.ubereats.com/denver/food-delivery/3-agaves-mexican-grill/C7pPKbwMSmurMYdmAJeN3g,arvada-colorado
https://www.ubereats.com/denver/food-delivery/blackjack-pizza-and-salads-8410-federal-blvd/RMnBMfEFQ7mKm-fRzLVi5A,arvada-colorado
https://www.ubereats.com/denver/food-delivery/saucys-southern-barbecue-%26-cuisine/SFOKF1wVTga-SbOJsJfPPA,arvada-colorado
https://www.ubereats.com/denver/food-delivery/subway-golden/HkUSEfbFT9-lmcWyaAm7NQ,arvada-colorado
https://www.ubereats.com/denver/food-delivery/heat-asian-bistro/4JQWhE1KRL6tL9MGCrDLSQ,arvada-colorado
https://www.ubereats.com/denver/food-delivery/wendys-3955-wadsworth-blvd/FDdDiuXqT5OSJ3Ha7CqxNw,arvada-colorado
https://www.ubereats.com/denver/food-delivery/clancys-irish-pub/ej54JIKqSTGLR4g8Xg0qlg,arvada-colorado
https://www.ubereats.com/denver/food-delivery/taco-bell-1775-e-colfax-ave/jRW9WBYYSY-H6YqRQ77RKg,arvada-colorado
https://www.ubereats.com/denver/food-delivery/arbys-293/HXCDSqY0SIOaOHrQ7xk1Dw,arvada-colorado
https://www.ubereats.com/denver/food-delivery/fazolis-5480-wadsworth-bypass/6yd96BHzQraT7Br5KDc0GA,arvada-colorado
https://www.ubereats.com/denver/food-delivery/stoneys-bar-%26-grill/H03sOGAIQNGZXyZlkY9BVA,arvada-colorado
https://www.ubereats.com/denver/food-delivery/arbys-8624/AbT-IR9cQA2FYUd1AFSMxA,arvada-colorado
https://www.ubereats.com/denver/food-delivery/qdoba-mexican-grill-9379-sheridan-blvd-suite-100/Y-3gRabCS4CxstKOoBr79w,arvada-colorado
https://www.ubereats.com/denver/food-delivery/sushi-sasa/t8rt-kFiSSmO8rasTYt2HQ,arvada-colorado
https://www.ubereats.com/denver/food-delivery/qdoba-5095-kipling-st/xGT8HCGCToqUvho04oqDiQ,arvada-colorado
https://www.ubereats.com/denver/food-delivery/taco-bell-2975-w-51st-ave/JD8yXb3sQVuU-tuEjyr-Aw,arvada-colorado
https://www.ubereats.com/denver/food-delivery/ians-pizza/4x-qebE8SRGSyhhFGM0ZKQ,arvada-colorado
https://www.ubereats.com/denver/food-delivery/jersey-mikes-subs-5095-kipling-st-suite-110/Va8mrIApSfSFwfnbsyCu0w,arvada-colorado
https://www.ubereats.com/denver/food-delivery/colorado-plus-49-cidery-%26-pub/xBpvM-mxS9Oy6_Y1UqDQGQ,arvada-colorado
https://www.ubereats.com/denver/food-delivery/lunch-box-munchies/qzfek5TeQwmEhQZwJNnGzw,arvada-colorado
https://www.ubereats.com/denver/food-delivery/taco-bell-17764-s-golden-rd/73qZjvoqTuCm69cMCiG8MQ,arvada-colorado
https://www.ubereats.com/denver/food-delivery/pza-broomfield/QwR7yb6GT7uWm93Kqz6RYg,arvada-colorado
https://www.ubereats.com/denver/food-delivery/jersey-mikes-subs-180-south-union-blvd/juFaSPQnQruhsCV-2vzjqA,arvada-colorado
https://www.ubereats.com/denver/food-delivery/tokyo-joes-one-west-flatiron-crossing-drive-suite-2156/Z4S7MxW0QSiRGgI67skc8Q,arvada-colorado
https://www.ubereats.com/denver/food-delivery/pho-78-westminster/p9wav_hxQlmESNgvUKXiug,arvada-colorado
https://www.ubereats.com/denver/food-delivery/firehouse-subs-superior-plaza/p278mh82QVaKuli8ZUEaJQ,arvada-colorado
https://www.ubereats.com/denver/food-delivery/massinos-pizzeria/aAC9E4wuQ_uPGSry5JPB8A,arvada-colorado
https://www.ubereats.com/denver/food-delivery/6606-bonefish-grill-14770-w-colfax/XrcwGkZ7TF24YHP-RmHfxw,arvada-colorado
https://www.ubereats.com/denver/food-delivery/vital-root/EHASZTbxTXeTy2OVdCwx6g,arvada-colorado
https://www.ubereats.com/denver/food-delivery/zaika-indian-cuisine/fXpBDh3UQdWwssIzEd24pg,arvada-colorado
https://www.ubereats.com/denver/food-delivery/chipotle-mexican-grill-355-s-wadsworth-blvd/YWaO90RUQAKQ-7ZowNd4sg,arvada-colorado
https://www.ubereats.com/denver/food-delivery/denver-west-deli-and-catering/oE8R66lsQz-EgpWxgnqzUw,arvada-colorado
https://www.ubereats.com/denver/food-delivery/winchells-donut-house-1301-s-broadway/wb1iyuCLTJuNRg8A5iBjMw,arvada-colorado
https://www.ubereats.com/denver/food-delivery/qdoba-8031-wadsworth-blvd/tnWvdFYDRBWnxVnhuvJv2g,arvada-colorado
https://www.ubereats.com/denver/food-delivery/early-bird-restaurant-westminster/ZvGZTEftRNWmZ--hddJBVg,arvada-colorado
https://www.ubereats.com/denver/food-delivery/renegade-burrito/40Nl2uKkSKGxREeafOexog,arvada-colorado
https://www.ubereats.com/denver/food-delivery/fat-shack-thornton/BDHyN6rDSN2LY_hrCO5J4Q,arvada-colorado
https://www.ubereats.com/denver/food-delivery/burger-king-12580-west-64th-avenue/ybL0NFDGSHy-CdHxv2UJvQ,arvada-colorado
https://www.ubereats.com/denver/food-delivery/modern-market-denver-west/UmV2eCpIRVud2aoFRYVG9g,arvada-colorado
https://www.ubereats.com/denver/food-delivery/mcdonalds-kipling-and-colfax-westland-relo/_PNj8gwpRfWX1b9AbNX7Dw,arvada-colorado
https://www.ubereats.com/denver/food-delivery/cold-stone-10443-town-center-drive/nsVNkm-OTHyTsdTRK9xvVQ,arvada-colorado
https://www.ubereats.com/denver/food-delivery/kfc-7785-wadsworth-blvd/FylSDzciTjif5B6W7FdEoQ,arvada-colorado
https://www.ubereats.com/denver/food-delivery/yummy-yummy-asian-bistro/TSzCprQuSkGpMABlL43t_Q,arvada-colorado
https://www.ubereats.com/denver/food-delivery/sonic-17191-s-golden-road/FcQItlB9SVy2pRzKjnnRQw,arvada-colorado
https://www.ubereats.com/denver/food-delivery/lil-nicks-pizza/T8HzBCRqQCKLCo17JD8_vQ,arvada-colorado
https://www.ubereats.com/denver/food-delivery/buca-di-beppo-broomfield/Yf55_yCRQNm1yQl6VUl0GQ,arvada-colorado
https://www.ubereats.com/denver/food-delivery/jasons-deli-broomfield/GYhiDwlnRTaD-TdNWFbnvQ,arvada-colorado
https://www.ubereats.com/denver/food-delivery/little-india-restaurant-and-bar-lakewood/s97MM0LZTY2qgDcqyHtqRw,arvada-colorado
https://www.ubereats.com/denver/food-delivery/mariscos-el-berrinches/BeNvXl9bTpCzfxm03BALJw,arvada-colorado
https://www.ubereats.com/denver/food-delivery/simms-steakhouse-lakewood-11911-west-6th-ave/Budpw4T0Roi9sidg_OIgxA,arvada-colorado
https://www.ubereats.com/denver/food-delivery/garbanzo-mediterranean-fresh-lakewood/TD16BcuBSuOQqnbCeABRqw,arvada-colorado
https://www.ubereats.com/denver/food-delivery/blackjack-pizza-6450-w-120th-ave/KDwWmzdZQnqNQwH59qaBXQ,arvada-colorado
https://www.ubereats.com/denver/food-delivery/wendys-14857-candelas-pkwy/3yVDRSE1R-WXiVQ-vk3OzA,arvada-colorado
https://www.ubereats.com/denver/food-delivery/sweetgreen-lodo/BXGeWvrRT-Gc3VJRvuNhSA,arvada-colorado
https://www.ubereats.com/denver/food-delivery/qdoba-mexican-grill-3804-e-120th-ave/yynqW-hsSD-Bi30PdhWlKg,arvada-colorado
https://www.ubereats.com/denver/food-delivery/gb-fish-%26-chips-edgewater/LiAGkRHfRKOkzKMrcsFjQA,arvada-colorado
https://www.ubereats.com/denver/food-delivery/mod-pizza-ralston-creek/f-lp6uSrRs2_qDTXRrgAfA,arvada-colorado
https://www.ubereats.com/denver/food-delivery/hot-pho/-hrTXdvtQi-BPVADT51CoA,arvada-colorado
https://www.ubereats.com/denver/food-delivery/chipotle-mexican-grill-815-thornton-pkwy/iW2ZtRq_S6C6ZTCjDoUmdQ,arvada-colorado
https://www.ubereats.com/denver/food-delivery/elevated-seltzer/qBE-0cpQQqSwrsJXM828Cw,arvada-colorado
https://www.ubereats.com/denver/food-delivery/menchies-frozen-yogurt-6415-w-104th-ave/IwyCxv-PRv6ylfRHJ-_oZg,arvada-colorado
https://www.ubereats.com/denver/food-delivery/tokyo-joes-14227-w-colfax-ave/Ps5YdIqwTM-lTLG3Nd_sHQ,arvada-colorado
https://www.ubereats.com/denver/food-delivery/rock-a-billies/Ze-Z47K2SUSs109du4482w,arvada-colorado
https://www.ubereats.com/denver/food-delivery/mcdonalds-broomfld-hwy-287/LIo9RB2eRnOP1Iq-befhww,arvada-colorado
https://www.ubereats.com/denver/food-delivery/subway-8025-sheridan-blvd/nQkIoHvsR9qwHyYpxfF1eg,arvada-colorado
https://www.ubereats.com/denver/food-delivery/red-robin-204-7460-w-52nd-ave/GCG61srERViHyQvxWoHKmQ,arvada-colorado
https://www.ubereats.com/denver/food-delivery/mcdonalds-den-w-colfax/_h7fkuaZQKiyZjfZdY8m2g,arvada-colorado
https://www.ubereats.com/denver/food-delivery/el-rancherito/sZYWh3vUT223-KTJWyPJdg,arvada-colorado
https://www.ubereats.com/denver/food-delivery/lamars-donuts-wadsworth/nqAeP58fSPKilbWovRThqA,arvada-colorado
https://www.ubereats.com/denver/food-delivery/star-sushi-restaurant/ldWr2eC3TVG1MRCsnkrUuw,arvada-colorado
https://www.ubereats.com/denver/food-delivery/starbucks-92nd-and-sheridan/k6n8kMhqS36tqWQwajKxTw,arvada-colorado
https://www.ubereats.com/denver/food-delivery/first-watch-ralston/49j0-ufQQ4KgSx8-_DIAag,arvada-colorado
https://www.ubereats.com/denver/food-delivery/taco-bell-6390-sheridan-blvd/0sLbDoG9TjKN14fn0TAU0A,arvada-colorado
https://www.ubereats.com/denver/food-delivery/homegrown-tap-%26-dough-olde-town-arvada/59UBvjRKTgeKB6e6jPpyQQ,arvada-colorado
https://www.ubereats.com/denver/food-delivery/five-guys-co-1932/xo_p-9bcQpiX6bcbMKWphQ,arvada-colorado
https://www.ubereats.com/denver/food-delivery/moosehill-cantina/9sYfPR1ER7O1TlZzdd27QQ,arvada-colorado
https://www.ubereats.com/denver/food-delivery/churchs-chicken-1445-s-federal-blvd/6y4ZSSw3TjeVsZSxgKbmEg,arvada-colorado
https://www.ubereats.com/denver/food-delivery/durbar-nepalese-and-indian-bistro/5HMY8uDSQqSgJSF76wzPng,arvada-colorado
https://www.ubereats.com/denver/food-delivery/yellowbelly-arvada/1cANmJJmTb60QWCCbT_zFQ,arvada-colorado
https://www.ubereats.com/denver/food-delivery/lacuna-juice-and-yoga/8oobJWOHRb6tn8lujY2OVg,arvada-colorado
https://www.ubereats.com/denver/food-delivery/lazo-empanadas-edgewater/SamtGpIBRpqOl8dZyTskvw,arvada-colorado
https://www.ubereats.com/denver/food-delivery/goombas-pizza-grinder/daicGDiLRoSrvqmHvHxhWw,arvada-colorado
https://www.ubereats.com/denver/food-delivery/buffalo-wild-wings-8350-w-80th-ave/LRwSTZpqRpWQKd8Gja2DfQ,arvada-colorado
https://www.ubereats.com/denver/food-delivery/subway-9987-wadsworth-parkway/w8oaHQtGRSGA0WNTuigxjg,arvada-colorado
https://www.ubereats.com/denver/food-delivery/tacos-el-divino/1AP6VfqQTSOisPKiM4uBlA,arvada-colorado
https://www.ubereats.com/denver/food-delivery/lunas-mexican-restaurant/v0XwdCFPRl6hshXSK_C0Jg,arvada-colorado
https://www.ubereats.com/denver/food-delivery/big-daddy-bagels-golden/4lvuIllgQPC13Z8_2rVK2Q,arvada-colorado
https://www.ubereats.com/denver/food-delivery/taco-bell-5325-west-80th-ave/Q6dz5rohQdqI7SJRxXpH_g,arvada-colorado
https://www.ubereats.com/denver/food-delivery/on-the-border-golden/6A8qBC4rRIy5KLKEILPX2A,arvada-colorado
https://www.ubereats.com/denver/food-delivery/winchels-donuts/7K_H3JvxR4aCmvCovQeXzQ,arvada-colorado
https://www.ubereats.com/denver/food-delivery/wendys-6290-n-sheridan-blvd/TOHOq7N5TeqIbwuOK--Lyg,arvada-colorado
https://www.ubereats.com/denver/food-delivery/smashburger-3356-youngfield-st/o1mXLnFaSjS1HGjeHMN1Ew,arvada-colorado
https://www.ubereats.com/denver/food-delivery/benders-bar-%26-grill/JoSCvlOFS_G8NT-Rns18AA,arvada-colorado
https://www.ubereats.com/denver/food-delivery/subway-104th-federal/HzvCviwITKm7D-99_7WAlg,arvada-colorado
https://www.ubereats.com/denver/food-delivery/burger-king-6435-west-colfax-avenue/0e8shS-wTQSo0fpPyeo7pw,arvada-colorado
https://www.ubereats.com/denver/food-delivery/panera-6408-yank-way/shA4h_9cR5aiB5xjBbaiqA,arvada-colorado
https://www.ubereats.com/denver/food-delivery/which-wich-superior-sandwiches-14255-w-colfax-ave/QbsdjMAVSluEmpOMI0kf3w,arvada-colorado
https://www.ubereats.com/denver/food-delivery/arbys-5926/dI2sLhJ0TU2leX_IikIYCQ,arvada-colorado
https://www.ubereats.com/denver/food-delivery/mizuumi-ramen-%26-sake/rr6fTq5WTUeoqggX2y_Iew,arvada-colorado
https://www.ubereats.com/denver/food-delivery/brothers-bbq-colfax/oipu9JQyTz2_CIvLqd4mKg,arvada-colorado
https://www.ubereats.com/denver/food-delivery/papa-murphys-7705-wadsworth-boulevard-suite-g/mnQWeeyOSc-j_nJD0Oio7g,arvada-colorado
https://www.ubereats.com/denver/food-delivery/wendys-9600-w-58th-ave/PTLse3y2TESZRvhJkgHG_w,arvada-colorado
https://www.ubereats.com/denver/food-delivery/noodles-%26-company-6408-yank-way-ste-a/CzBocsNhTkGtyoU7Mj7NTw,arvada-colorado
https://www.ubereats.com/denver/food-delivery/gs-tacos-lodo/auSRlW0fRdyfL2hl9GT5Wg,arvada-colorado
https://www.ubereats.com/denver/food-delivery/chick-fil-a-7809-wadsworth-blvd/3Sx8CP41RKCalMzeY93Zfg,arvada-colorado
https://www.ubereats.com/denver/food-delivery/five-guys-co-1763-570-zang-st/_XT5fkG5TVuGGGKjGfyw8A,arvada-colorado
https://www.ubereats.com/denver/food-delivery/the-garlic-knot-thornton/VhLubwhRSK28GuqnBbovdw,arvada-colorado
https://www.ubereats.com/denver/food-delivery/starbucks-50th-and-kipling-wheatridge-co/aO9EZVotSwCryINrxfk_4Q,arvada-colorado
https://www.ubereats.com/denver/food-delivery/mcdonalds-45th-%26-washington/Z4FRkt5aQESiqdGSkkjK4A,arvada-colorado
https://www.ubereats.com/denver/food-delivery/el-aguascalientes/sOHbEa7zTPq66Dc6j0nxmA,arvada-colorado
https://www.ubereats.com/denver/food-delivery/billys-inn/h2dCoCXmRiCSvrABAIUUcw,arvada-colorado
https://www.ubereats.com/denver/food-delivery/outback-steakhouse-9329-north-sheridan-boulevard/EzW8domyRYyj-eD__mvp4w,arvada-colorado
https://www.ubereats.com/denver/food-delivery/zona-cero-la-casa-del-rock-en-espanol/N2rsrqikSMGOi1kf9wW2yg,arvada-colorado
https://www.ubereats.com/denver/food-delivery/mcdonalds-westminster-100/m3O-utCSS6-HsWPQKeDSqg,arvada-colorado
https://www.ubereats.com/denver/food-delivery/cherry-bean-tejon-st/B2YFrqX5SdO_Dprh0_FWwA,arvada-colorado
https://www.ubereats.com/denver/food-delivery/donut-time/SEMjFaxeTByW39aszaXqsg,arvada-colorado
https://www.ubereats.com/denver/food-delivery/wendys-9209-sheridan-blvd/3yEnzOanSbKyTJWba0KpSg,arvada-colorado
https://www.ubereats.com/denver/food-delivery/huhot-mongolian-grill-7450-w-52nd-ave/ADTdzRkwR-2tSb0tTtgYGw,arvada-colorado
https://www.ubereats.com/denver/food-delivery/caribou-coffee-10611-westminster-blvd/qLc3nzh7RF-CYdwNk-ya-Q,arvada-colorado
https://www.ubereats.com/denver/food-delivery/churchs-chicken-8661-n-washington-street/EvLTZaHjQnyC1ojrawq_zA,arvada-colorado
https://www.ubereats.com/denver/food-delivery/soho-hibachi-express-inc/z73BVQeeSvGSfC_jCjlxdg,arvada-colorado
https://www.ubereats.com/denver/food-delivery/crown-of-restaurant/_BTUWgXaT4KDw_9qPxoViQ,arvada-colorado
https://www.ubereats.com/denver/food-delivery/milagro-burritos/on7PPmeLTiq2zmjU6_5XRw,arvada-colorado
https://www.ubereats.com/denver/food-delivery/subway-72nd-broadway/3HfKsTONTi-pqjM8GcwJDg,arvada-colorado
https://www.ubereats.com/denver/food-delivery/taco-star-thornton/pC2JIQJBSUiH4OWHZ_rB9g,arvada-colorado
https://www.ubereats.com/denver/food-delivery/panda-express-5145-kipling-st/oXOMX2IlTqKKlu8P2-fvmg,arvada-colorado
https://www.ubereats.com/denver/food-delivery/gelato-boy-16th-street-mall/AXqIjLnbRKu9AtrLursVpQ,arvada-colorado
https://www.ubereats.com/denver/food-delivery/taco-bell-5260-wadsworth-bypass/OgkggLoORuyGp-cdqfa1Nw,arvada-colorado
https://www.ubereats.com/denver/food-delivery/hacienda-colorado-westminster/e18s-D8ITfWGKZ34fMkqZw,arvada-colorado
https://www.ubereats.com/denver/food-delivery/sweetwater-station/vbFqOp8cTOa9TEpw8TWp0g,arvada-colorado
https://www.ubereats.com/denver/food-delivery/tap-%26-burger-sloans-lake/vg0-uESqTKWhSdYFaSn82g,arvada-colorado
https://www.ubereats.com/denver/food-delivery/blue-agave-grill/1HMUWXlpTNKt9NDHutmS_g,arvada-colorado
https://www.ubereats.com/denver/food-delivery/yogurtland-7947-wadsworth-blvd/b81tbU-XR5WltkjAuc-ysw,arvada-colorado
https://www.ubereats.com/denver/food-delivery/carls-jr-4211-e-104th-ave/NLgN9nSnTWKYcyHovJ0ClA,arvada-colorado
https://www.ubereats.com/denver/food-delivery/kfc-6400-west-120th-avenue/nbqqE1EET7GYEXt6wi-w8Q,arvada-colorado
https://www.ubereats.com/denver/food-delivery/zaika-indian-express/k_eamcgHQaKvVt6bhMRVvg,arvada-colorado
https://www.ubereats.com/denver/food-delivery/south-philly-cheese-steaks-golden/GQ2re3FDRKGHoX1CSwUWMQ,arvada-colorado
https://www.ubereats.com/denver/food-delivery/blackjack-pizza-westminster/T3joPM4qSE6yJ5MsDTNVkw,arvada-colorado
https://www.ubereats.com/denver/food-delivery/subway-6406-wadsworth-blvd/m73rnypFTAi-75GYXzsKwA,arvada-colorado
https://www.ubereats.com/denver/food-delivery/sonic-12820-w-alameda-pkwy/m3enbWUPS7amzgedDlq-Bg,arvada-colorado
https://www.ubereats.com/denver/food-delivery/the-shanty-supper-club/JwozGs7IQ6OwXPpxeKokMA,arvada-colorado
https://www.ubereats.com/denver/food-delivery/thai-house/jYSNLRbuQveJsFUHQ7ccxg,arvada-colorado
https://www.ubereats.com/denver/food-delivery/hickory-baked-ham-wheat-ridge/OnwWBvxWSgybftQVbzYzBQ,arvada-colorado
https://www.ubereats.com/denver/food-delivery/mcdonalds-alameda-%26-union-lakewood-co/MuNBjdhhTByVRZBphcwuZg,arvada-colorado
https://www.ubereats.com/denver/food-delivery/sugar-storm/LLnHiLYzSy6uI_tLunnpLQ,arvada-colorado
https://www.ubereats.com/denver/food-delivery/smashburger-7740-w-alameda-ave-ste-b/jB9Q8TG9Q8S0GsQx4WwZNw,arvada-colorado
https://www.ubereats.com/denver/food-delivery/bangkok-thai-food-1/Zt1l9RkjQG-HgesBdJWNTg,arvada-colorado
https://www.ubereats.com/denver/food-delivery/dunkin-7615-w-88th-ave/8j3O-MxkTF2IYOV-I38UaA,arvada-colorado
https://www.ubereats.com/denver/food-delivery/fat-shack-wheat-ridge/ZKOKqe-MSYycrbki11TRUg,arvada-colorado
https://www.ubereats.com/denver/food-delivery/mcdonalds-38th-%26-wadsworth/pHm44BygQZW26bpBDY6Sig,arvada-colorado
https://www.ubereats.com/denver/food-delivery/big-daddys-pizza-w-colfax-ave-denver-co/8wchMuomSvOSQz0kqQCA8A,arvada-colorado
https://www.ubereats.com/denver/food-delivery/twin-peaks-299-e-flatiron-crossing-dr/_D7vrR5aStWe9CnFOkfQbg,arvada-colorado
https://www.ubereats.com/denver/food-delivery/los-3-garcias-mexican-restaurant-arvada/k146MhsXQbaX_u4RmrQhsg,arvada-colorado
https://www.ubereats.com/denver/food-delivery/one-vietnamese-restaurant/zU6nx5HGTf69Wrm-DtyiCA,arvada-colorado
https://www.ubereats.com/denver/food-delivery/ruperts-at-the-edge/sCM6HbaJRpeM7PzRtIeCgQ,arvada-colorado
https://www.ubereats.com/denver/food-delivery/subway-10790-w-colfax-ave/wgGhW-hOTnufMBkdUon7mw,arvada-colorado
https://www.ubereats.com/denver/food-delivery/high-point-creamery/cgzUw_3ER32u8BePk5RiRg,arvada-colorado
https://www.ubereats.com/denver/food-delivery/chipotle-mexican-grill-7303-federal-blvd-unit-1/RTxNk0bqS0OMojDWKz9uyw,arvada-colorado
https://www.ubereats.com/denver/food-delivery/los-arcos-express-federal-heights/x5tK3TaISJ-_raBROSSr7A,arvada-colorado
https://www.ubereats.com/denver/food-delivery/ritual-social-house/fswtOyOnTgeAyZqW7tnwtQ,arvada-colorado
https://www.ubereats.com/denver/food-delivery/tropical-smoothie-cafe-5830-independence-street-suite-100/Mjn5sp9LQWy1Nwds7QPdfA,arvada-colorado
https://www.ubereats.com/denver/food-delivery/east-moon-asian-bistro-%26-sushi-westminister/DBnrPVU5ToiRnbBF4sPKSg,arvada-colorado
https://www.ubereats.com/denver/food-delivery/pie-hole/G0uvbcAYT-SrFWkHh98eSg,arvada-colorado
https://www.ubereats.com/denver/food-delivery/verde-louisville-640-main-st/Gt8SSLOSRmOrW_WyM02bIA,arvada-colorado
https://www.ubereats.com/denver/food-delivery/panda-express-2680-w-104th-ave/OX-nbXQwTEmQfYlw_TmNRw,arvada-colorado
https://www.ubereats.com/denver/food-delivery/chipotle-mexican-grill-14255-w-colfax-ave-ste-a/ayVfWBNLQyOgyt_tqjlTlg,arvada-colorado
https://www.ubereats.com/denver/food-delivery/chipotle-mexican-grill-5324-wadsworth-byp-unit-g/caX5yfqET-uTmT2JtcAmzg,arvada-colorado
https://www.ubereats.com/denver/food-delivery/saffron-grill/4NQNqjjbRWGRXGlFNqHA2A,arvada-colorado
https://www.ubereats.com/denver/food-delivery/arbys-6648/GdlbWPqqQ6WTT0gjmIRF0w,arvada-colorado
https://www.ubereats.com/denver/food-delivery/papa-johns-880-e-88th-ave/lMO4ZevIRKe4TEDvSaVUVQ,arvada-colorado
https://www.ubereats.com/denver/food-delivery/smoking-fins-grill-arvada/JzAEnZ0ASXGJ-WsF6Luo9g,arvada-colorado
https://www.ubereats.com/denver/food-delivery/burger-king-5255-west-80th-avenue/6CtesIfyT9q37GLcECM9wQ,arvada-colorado
https://www.ubereats.com/denver/food-delivery/subway-4990-kipling-st/BM_lztkeSPSSeSqPdAbGRQ,arvada-colorado
https://www.ubereats.com/denver/food-delivery/pho-fusion/ytQC2JV9RHK47WpU_AnSng,arvada-colorado
https://www.ubereats.com/denver/food-delivery/wing-squad-broomfield/F9rcdQ1zRniHMd3xO25h9Q,arvada-colorado
https://www.ubereats.com/denver/food-delivery/ihop-1830/E9OPjig3QJOmVIuJQ-4FBw,arvada-colorado
https://www.ubereats.com/denver/food-delivery/mcdonalds-74th-%26-federal/iSesgSwpQ2aqkf02dz29Ug,arvada-colorado
https://www.ubereats.com/denver/food-delivery/wendys-8405-w-colfax-ave/uZcdITHuRZ-jQ5UxAaOt0A,arvada-colorado
https://www.ubereats.com/denver/food-delivery/subway-8700-wadsworth-blvd/jH0SZSqARfyq79B8HmQFnA,arvada-colorado
https://www.ubereats.com/denver/food-delivery/pudge-brothers-pizza-12th-avenue/7fpx7uPLSvmW8G53QPJcCg,arvada-colorado
https://www.ubereats.com/denver/food-delivery/subway-58th-washington/YOnh1eBRRh-k52DFOmkVlw,arvada-colorado
https://www.ubereats.com/denver/food-delivery/old-chicago-18-8711-wadsworth-blvd/Qp93VWeNQQmuCyhGK0RX8A,arvada-colorado
https://www.ubereats.com/denver/food-delivery/mcdonalds-72nd-%26-sheridan/FhulcsjfR6qj51EmprCyPQ,arvada-colorado
https://www.ubereats.com/denver/food-delivery/gb-fish-%26-chips-arvada/fztpR3c0RZCv14QgqDMXzw,arvada-colorado
https://www.ubereats.com/denver/food-delivery/pizzeria-forte-applewood/aRlx04J4Q8akPa8A98Zvyg,arvada-colorado
https://www.ubereats.com/denver/food-delivery/panda-express-7165-sheridan-blvd/bnOys6c-SD615rl_zclklA,arvada-colorado
https://www.ubereats.com/denver/food-delivery/macaroni-grill-church-ranch/kJj6P9ZjQBW0aA8De4SzFQ,arvada-colorado
https://www.ubereats.com/denver/food-delivery/sonic-2400-e-coalton-rd/WFD7h47lTAaSuSm2o_Abvw,arvada-colorado
https://www.ubereats.com/denver/food-delivery/bravos-italian-restaurant/JDDKKvf3StuOkl22NB9vtA,arvada-colorado
https://www.ubereats.com/denver/food-delivery/qdoba-mexican-grill-10018-grant-st/oT9dXxYxTOOVqf5R0UAmIw,arvada-colorado
https://www.ubereats.com/denver/food-delivery/the-real-deal-smoothies-%26-latin-food/lYr_FwzfRYWM2BfqRwEjdQ,arvada-colorado
https://www.ubereats.com/denver/food-delivery/auntie-annes-14500-w-colfax-avenue-%23536/TdpAguORRWK66-1hdT846Q,arvada-colorado
https://www.ubereats.com/denver/food-delivery/yp-hello-asian-grill/xDbGM0YUTJCnWk3jbuxsVw,arvada-colorado
https://www.ubereats.com/denver/food-delivery/mile-high-pho/_KVpX1JjSxGrbHQRiS2DyQ,arvada-colorado
https://www.ubereats.com/denver/food-delivery/noodles-%26-company-3294-youngfield-st-unit-f/G41KqfSwR5GRZOdixaI6ow,arvada-colorado
https://www.ubereats.com/denver/food-delivery/tokyo-joes-3753-wadsworth-blvd-ste-113/aLpR-OUGTWy8zJMmO9Tt9Q,arvada-colorado
https://www.ubereats.com/denver/food-delivery/stk-denver/Ot3AGDW1RtOSV5-3h9REMQ,arvada-colorado
https://www.ubereats.com/denver/food-delivery/machi-ramen/SYQ9kxCtSAWBUN4fTfHI6Q,arvada-colorado
https://www.ubereats.com/denver/food-delivery/old-chicago-66-145-union-blvd/q1OB9b9qRCGekJFvuTmjBA,arvada-colorado
https://www.ubereats.com/denver/food-delivery/big-daddys-pizza-s-wadsworth-blvd-denver-co/o4EHw7S0TWiYH2_r4ELBKw,arvada-colorado
https://www.ubereats.com/denver/food-delivery/burger-king-301-west-84th-street/bCf5yJnOTGWxqH54q9a0-w,arvada-colorado
https://www.ubereats.com/denver/food-delivery/wendys-8750-wadsworth-blvd/Hf_pGjNSSDqBaHZ-P_bPWw,arvada-colorado
https://www.ubereats.com/denver/food-delivery/first-watch-broomfield/Qu2epVGISdO0nd5TFGUseA,arvada-colorado
https://www.ubereats.com/denver/food-delivery/cb-%26-potts-westminster/_hz53ZAITUqdhnWOtwZaDA,arvada-colorado
https://www.ubereats.com/denver/food-delivery/bar-louie-lakewood/az3wus3oSFKJ9hrpJ3IYrw,arvada-colorado
https://www.ubereats.com/denver/food-delivery/robertas-chocolates/S21AsgrQR8aRQZS5KYTM0w,arvada-colorado
https://www.ubereats.com/denver/food-delivery/cooks-fresh-market/V9X_z04yRIenvkJS38A0IA,arvada-colorado
https://www.ubereats.com/denver/food-delivery/papa-murphys-6350-sheridan-boulevard-unit-105a/Zqy2E5UPR9Om_k-F_pNifg,arvada-colorado
https://www.ubereats.com/denver/food-delivery/noodles-%26-company-534-w-south-boulder-rd-unit-a/ulng4lEASnC-Hz41NltPQQ,arvada-colorado
https://www.ubereats.com/denver/food-delivery/stoneys-uptown-joint/RlXKD2SbQBynU18lUzRWNQ,arvada-colorado
https://www.ubereats.com/denver/food-delivery/five-guys-co-1860-9585-ralston-rd/uIcPLu7OSvmY77X2wTKsDQ,arvada-colorado
https://www.ubereats.com/denver/food-delivery/five-guys-co-1588-14630-west-colfax-ave/ZeX8zyYDSiiEoAXMs73Ajw,arvada-colorado
https://www.ubereats.com/denver/food-delivery/arbys-379/AZaBjLlxRYKCgbXEYl66Fw,arvada-colorado
https://www.ubereats.com/denver/food-delivery/dennys-1605-nw-federal-blvd/eKHAVrS0TOSTrL4LWsOi9w,arvada-colorado
https://www.ubereats.com/denver/food-delivery/a%26w-7785-wadsworth-blvd/9hN9yhNPR2iOnWTpxKfR2g,arvada-colorado
https://www.ubereats.com/denver/food-delivery/the-gyros-king-edgewater/9CebebN2SNiSpOh5bnYsPQ,arvada-colorado
https://www.ubereats.com/denver/food-delivery/firehouse-subs-lakewood/QlbRaZwUQee-t9HpQts6jg,arvada-colorado
https://www.ubereats.com/denver/food-delivery/kale-me-crazy-denver/u8lGh7z-STSFpMYJjBD4eA,arvada-colorado
https://www.ubereats.com/denver/food-delivery/panda-express-301-center-drive/p79M1YvpTxaC4quWre2s4g,arvada-colorado
https://www.ubereats.com/denver/food-delivery/rusty-taco-7630-w-80th-ave/vhWzMATPTue0GTN8HWLt3Q,arvada-colorado
https://www.ubereats.com/denver/food-delivery/taco-bell-550-alter-street/v9qYBNaNTRyfjCKxXIE7lQ,arvada-colorado
https://www.ubereats.com/denver/food-delivery/sonic-drive-in-8711-washington-st/zmNYW9A9RwG9Srhi4WR86g,arvada-colorado
https://www.ubereats.com/denver/food-delivery/hooters-1111-w-120th-ave/lhaHNnmPTuWGpaapBCw4AQ,arvada-colorado
https://www.ubereats.com/denver/food-delivery/cinnabon-14500-w-colfax-ave/DKSvoFdtTSCZbcMeJyPzWA,arvada-colorado
https://www.ubereats.com/denver/food-delivery/qdoba-14231-w-colfax-ave/NfE4HkcLSjGsV6lTq7r_vg,arvada-colorado
https://www.ubereats.com/denver/food-delivery/the-pasty-republic/uZiWaYAARr-xam2UKN5Uig,arvada-colorado
https://www.ubereats.com/denver/food-delivery/mod-pizza-westminster-promenade/CrlMus8dSb2Z9hyrMKdCFg,arvada-colorado
https://www.ubereats.com/denver/food-delivery/cold-stone-5545-wadsworth-bypass/SNj5Rda8QRiqfUCjP10E6A,arvada-colorado
https://www.ubereats.com/denver/food-delivery/taco-bell-7221-pecos-st/PqwoypuxQxGXQP-ny9ohTw,arvada-colorado
https://www.ubereats.com/denver/food-delivery/bottoms-up-sports-tavern/RLt0tPi9QvOOvXojfw_XUw,arvada-colorado
https://www.ubereats.com/denver/food-delivery/navah-coffee/BS_9TLXiSIK7cm0APxLP2g,arvada-colorado
https://www.ubereats.com/denver/food-delivery/bjs-restaurant-%26-brewhouse-10446-town-center-drive/4jSVoJFZQZaCJPTMZw7eXw,arvada-colorado
https://www.ubereats.com/denver/food-delivery/dennys-3291-youngfield-service-road/DuuO7JPVSxGHVo7lmIX01Q,arvada-colorado
https://www.ubereats.com/denver/food-delivery/uncle-julios-hacienda-colorado-wheat-ridge/67AqTVtcTGK-JDPRFmCx4Q,arvada-colorado
https://www.ubereats.com/denver/food-delivery/carrabbas-14760-w-colfax-ave/hVui6Es4TPeaoQvbuJE1Lw,arvada-colorado
https://www.ubereats.com/denver/food-delivery/izu-sushi/pYz_v1xER7CYoBzJQrPazw,arvada-colorado
https://www.ubereats.com/denver/food-delivery/tamale-kitchen-westminster/wBzH50DrSICikteJMAVS7g,arvada-colorado
https://www.ubereats.com/denver/food-delivery/sonic-6375-sheridan-blvd/6pq9Z8fCT8q3kUFInmsk3Q,arvada-colorado
https://www.ubereats.com/denver/food-delivery/caribou-coffee-14630-w-colfax-avenue/4OzmOyCGSlifkldwT_vRmg,arvada-colorado
https://www.ubereats.com/denver/food-delivery/the-rock-wood-fired-pizza-belmar/_YzvdODfSzqKfU4x04CkTA,arvada-colorado
https://www.ubereats.com/denver/food-delivery/the-broken-cage/kFsvlZaxQvywlZJYKDCNzw,arvada-colorado
https://www.ubereats.com/denver/food-delivery/taco-bell-3833-w-38th-ave/tetGjKuiRfS8lOnGEA-p5A,arvada-colorado
https://www.ubereats.com/denver/food-delivery/applebees-10625-west-colfax-%2384048/pXJZKFlPSl-gpjeUmh7QUA,arvada-colorado
https://www.ubereats.com/denver/food-delivery/mt-fuji-japanese-sushi-%26-hibachi-restaurant-arvada/lE9HHS8YQUK7EbvwaO6SGQ,arvada-colorado
https://www.ubereats.com/denver/food-delivery/tuk-tuk-thai-lakewood/rNpemVJsTbuHcbWiNOnp2Q,arvada-colorado
https://www.ubereats.com/denver/food-delivery/saltgrass-8931-north-yates-street/Tjve5YA-QlST_O5JY99mbw,arvada-colorado
https://www.ubereats.com/denver/food-delivery/bada-bing-grill/WHzEKV8LQHiCzPSjLEF6ZA,arvada-colorado
https://www.ubereats.com/denver/food-delivery/illegal-burger-arvada/cOj0tnKdRUy4MLeL8hMjOg,arvada-colorado
https://www.ubereats.com/denver/food-delivery/popeyes-5045-kipling-street/iYmqUm8_RQ--A3pblAfQVg,arvada-colorado
https://www.ubereats.com/denver/food-delivery/meenas-restaraunt/tMxRHpjIQqSbUa38ztH0SA,arvada-colorado
https://www.ubereats.com/denver/food-delivery/pattaya-thai/pWDpmX20Rg-VMYUiDeulBw,arvada-colorado
https://www.ubereats.com/denver/food-delivery/kfc-taco-bell-13109-w-alameda-pkwy/QcOMlzHfTMW0Jc2uIJNRXw,arvada-colorado
https://www.ubereats.com/denver/food-delivery/cozy-cottage/LlocAkTlT0eXP7mnWNF1Dw,arvada-colorado
https://www.ubereats.com/denver/food-delivery/red-lobster-1350-west-104th-ave/HA6FXv6QQFiVn7DL2sXjFA,arvada-colorado
https://www.ubereats.com/denver/food-delivery/mcdonalds-80th-%26-wadsworth/smgZZlb7Sc27abt5IiXMdQ,arvada-colorado
https://www.ubereats.com/denver/food-delivery/dickeys-bbq-pit-321-s-mccaslin-blvd-unit-d/VT43InSAR4ayj-c7iiDcqw,arvada-colorado
https://www.ubereats.com/denver/food-delivery/sonic-3605-e-104th-avenue/r5zCa0ytTriv-5mLpD27qQ,arvada-colorado
https://www.ubereats.com/denver/food-delivery/popeyes-6450-sheridan-blvd/GPpZCJuXSD-agPnrxMeE7A,arvada-colorado
https://www.ubereats.com/denver/food-delivery/ihop-center/vvuMXZ_nRPWk3TlbBcWHtg,arvada-colorado
https://www.ubereats.com/denver/food-delivery/haagen-dazs-14500-west-colfax-avenue/CfTXlrTRS-aNODNiKaVl0Q,arvada-colorado
https://www.ubereats.com/denver/food-delivery/starbucks-coalton-%26-rock-creek-superior/ckmxMnZ2Rs6i_mfyM6rBgA,arvada-colorado
https://www.ubereats.com/denver/food-delivery/jack-in-the-box-7311-sheridan-blvd/QWvSudo4R-unWekkChxNNA,arvada-colorado
https://www.ubereats.com/denver/food-delivery/bjs-restaurant-%26-brewhouse-14245-west-colfax/GoM85axfQDmTO0JwjZaQTQ,arvada-colorado
https://www.ubereats.com/denver/food-delivery/big-sky-burger/kxv9Qc2nT4O8ksRMR06K4Q,arvada-colorado
https://www.ubereats.com/denver/food-delivery/noodles-%26-company-14025-w-colfax-dr/zFw77wcRSqCTSjUP3QObsA,arvada-colorado
https://www.ubereats.com/denver/food-delivery/arista-deli-%26-coffee/Q8k9JdWoRiOZXV9WMmM5FA,arvada-colorado
https://www.ubereats.com/denver/food-delivery/mcdonalds-alameda-%26-federal/-oPaU92DTRKxhGA5eE4twg,arvada-colorado
https://www.ubereats.com/denver/food-delivery/menya-noodle-bar/rQ0s4fk7TdaghltWRnm4eA,arvada-colorado
https://www.ubereats.com/denver/food-delivery/subway-15400-w-64th-ave/vmpxCxKyRfaAWMvH5rplQg,arvada-colorado
https://www.ubereats.com/denver/food-delivery/mad-greens-12th-st-%26-acoma/goHBJTYbQdubhj-nwuJ52A,arvada-colorado
https://www.ubereats.com/denver/food-delivery/starbucks-highway-93-%26-washington-golden/_v6gAFAsS7-mGr4zDnlJ7g,arvada-colorado
https://www.ubereats.com/denver/food-delivery/qdoba-12027-w-alameda-pkwy/jKCowuMoQJmlU41DWowo1w,arvada-colorado
https://www.ubereats.com/denver/food-delivery/dennys-7201-sheridan-boulevard/jmgHd8ulQLGrDBXG5QELjA,arvada-colorado
https://www.ubereats.com/denver/food-delivery/taco-bell-165-s-sheridan-blvd/lC9efUU1SIyGCLQ5oXK8IQ,arvada-colorado
https://www.ubereats.com/denver/food-delivery/mcdonalds-belmar/Hj2ctk1iSVWCqk38uXFy0g,arvada-colorado
https://www.ubereats.com/denver/food-delivery/a%26w-1679-federal-boulevard/TuPnY0k0QmOwDfKY5wctzg,arvada-colorado
https://www.ubereats.com/denver/food-delivery/boston-market-3820-n-wadsworth-blvd/DwGInmjsRwugn3BBH-q9Ag,arvada-colorado
https://www.ubereats.com/denver/food-delivery/subway-890-wadsworth-blvd/g2RhrKt4Sqqfc77iVS1qKg,arvada-colorado
https://www.ubereats.com/denver/food-delivery/walters303-pizzeria-%26-publik-house-uptown/9uu-yvouTny4VUbwbe_M-g,arvada-colorado
https://www.ubereats.com/denver/food-delivery/highland-tap-%26-burger/417IRhgqRZ2yg1qtsXdecw,arvada-colorado
https://www.ubereats.com/denver/food-delivery/a%26w-7140-pecos-street/G3UNY1fkRtmM0c1o3UyXDQ,arvada-colorado
https://www.ubereats.com/denver/food-delivery/starbucks-72nd-%26-sheridan-westminster/NLrSBHBrRvOpOrDSFSXVkg,arvada-colorado
https://www.ubereats.com/denver/food-delivery/big-daddys-pizza-wadsworth-blvd-lakewood-co/X8ZPJmyIS1uXkBS5T22CrA,arvada-colorado
https://www.ubereats.com/denver/food-delivery/pf-changs-1-w-flatiron-circle-unit-500-bldg-5/Oace5WZVT3-k5mBQHmMDFA,arvada-colorado
https://www.ubereats.com/denver/food-delivery/eat!-food-%26-drink/1sgkVwPJQnKX0WV3_9_YJQ,arvada-colorado
https://www.ubereats.com/denver/food-delivery/taco-star-northglenn/sAS5pWAMTHO6F3v1EHG1yA,arvada-colorado
https://www.ubereats.com/denver/food-delivery/colorado-plus-brewpub/PQ_tiBaHRNupwY6Syk_CLw,arvada-colorado
https://www.ubereats.com/denver/food-delivery/chipotle-mexican-grill-3294-youngfield-st-ste-a/HL3tC0tFTVSQsotMXNLXhA,arvada-colorado
https://www.ubereats.com/denver/food-delivery/mcdonalds-den-16th/hhvHtV0NQpOi7vA-Vq1s8g,arvada-colorado
https://www.ubereats.com/denver/food-delivery/1801-asian/NOjZEgdOShSmbL1Z2bUoZw,arvada-colorado
https://www.ubereats.com/denver/food-delivery/kfc-10220-west-colfax-ave/eSrOUUECSpyFg8vaKjkdSQ,arvada-colorado
https://www.ubereats.com/denver/food-delivery/viewhouse-ballpark/JxTytajSSFu4GKpEDzUAKw,arvada-colorado
https://www.ubereats.com/denver/food-delivery/sonic-2463-sheridan-blvd/-N2dEXsJSOO0MRQuFwR-kA,arvada-colorado
https://www.ubereats.com/denver/food-delivery/postino-lohi/5j_Cf82wSry-2MCOe_5GkQ,arvada-colorado
https://www.ubereats.com/denver/food-delivery/mcdonalds-8700-n-washington/JoQDZxsuTSuys3_uFDmd6w,arvada-colorado
https://www.ubereats.com/denver/food-delivery/jack-in-the-box-5165-kipling-st/1pSjNm0ATgmIP26TAlJZiA,arvada-colorado
https://www.ubereats.com/denver/food-delivery/ugly-dog-sports-cafe/gbRN5yPnSgWsJoENZQ5J0g,arvada-colorado
