url,city
https://www.ubereats.com/philadelphia/food-delivery/starbucks-providence-town-center/WIwTgNTYR02_nMf-3m1xPg,audubon-pennsylvania
https://www.ubereats.com/philadelphia/food-delivery/ginos-ristorante-%26-pizzeria/GC0Et3-1RnKhdKjglw3hVg,audubon-pennsylvania
https://www.ubereats.com/philadelphia/food-delivery/the-perky/lZzeIEafTAm7UrQt5sALVg,audubon-pennsylvania
https://www.ubereats.com/philadelphia/food-delivery/outback-steakhouse-322-ridge-pike/7fodyAvgTwe10-HUmUfEkA,audubon-pennsylvania
https://www.ubereats.com/philadelphia/food-delivery/the-great-american-pub/flXmRIauRxKI2bYUCYRIfA,audubon-pennsylvania
https://www.ubereats.com/philadelphia/food-delivery/wendys-1540-egypt-road/2dNByzuNRx-hMiSQwTbfFw,audubon-pennsylvania
https://www.ubereats.com/philadelphia/food-delivery/dunkin-218-nutt-rd/Ao-5gI0TTaSa71Ag18o8FA,audubon-pennsylvania
https://www.ubereats.com/philadelphia/food-delivery/khana-khajana-norristown/bJo9kb38T-W6jCyaJujVGA,audubon-pennsylvania
https://www.ubereats.com/philadelphia/food-delivery/wendys-201-second-ave/Mmt4cgCLS6uuj_mVHdZVrQ,audubon-pennsylvania
https://www.ubereats.com/philadelphia/food-delivery/nukkad-norristown/WOw0PwhGSu2bhWjH0tUQsw,audubon-pennsylvania
https://www.ubereats.com/philadelphia/food-delivery/house-of-biryanis-and-kebabs-malvern/BnfOjcRXRSeeXiq19e_j3g,audubon-pennsylvania
https://www.ubereats.com/philadelphia/food-delivery/infinitos-pizza/Fzb3O_muR8O9Gx6VN_A_lg,audubon-pennsylvania
https://www.ubereats.com/philadelphia/food-delivery/west-norriton-diner/eK-f2SUrQ3GK7tz8IiPNww,audubon-pennsylvania
https://www.ubereats.com/philadelphia/food-delivery/godavari-ruchulu/W-vHaqMuS76nCXPc7Yi9ZQ,audubon-pennsylvania
https://www.ubereats.com/philadelphia/food-delivery/ny-bagel-%26-sandwich-shop/KKujwXaESbuc2w9UxSicDA,audubon-pennsylvania
https://www.ubereats.com/philadelphia/food-delivery/qdoba-mexican-grill-717-s-trooper-rd/2HV2GJGURkOfKqwCvywxwg,audubon-pennsylvania
https://www.ubereats.com/philadelphia/food-delivery/vitality-bowls-230-village-dr/43w4MGQxQZWpS0JfHMkPlg,audubon-pennsylvania
https://www.ubereats.com/philadelphia/food-delivery/chick-fil-a-160-n-gulph-rd-ste-1017/Q-RXmBG4SPS5g4NSaHxPhA,audubon-pennsylvania
https://www.ubereats.com/philadelphia/food-delivery/biryani-city-norristown/AKJvKV4yS3iRQtqdfVl2yA,audubon-pennsylvania
https://www.ubereats.com/philadelphia/food-delivery/taste-of-india/Z2cRgKrKRgyz51ozGibvrQ,audubon-pennsylvania
https://www.ubereats.com/philadelphia/food-delivery/wayback-burgers-390-schuylkill-road/BVysgLnTSYyav84xi9B5Pg,audubon-pennsylvania
https://www.ubereats.com/philadelphia/food-delivery/gennaros-ii-chicago-style-pizza/LYJS7IQyRTK4YniwSa5D7A,audubon-pennsylvania
https://www.ubereats.com/philadelphia/food-delivery/bridgeport-pizza/3l8dVPY4RAGE85EetnxSyg,audubon-pennsylvania
https://www.ubereats.com/philadelphia/food-delivery/elevation-burger-collegeville/an8zmUyFR2qLLzVYea1bmg,audubon-pennsylvania
https://www.ubereats.com/philadelphia/food-delivery/iron-hill-brewery-%26-restaurant-phoenixville/Q3_ifpxFR4eyiAKLo2pAZA,audubon-pennsylvania
https://www.ubereats.com/philadelphia/food-delivery/bombay-dhabba/fGm4TsRmSTqy4uZvHUh80g,audubon-pennsylvania
https://www.ubereats.com/philadelphia/food-delivery/zoes-kitchen-161-market-st-ste-6/diH3XBtaQl6EJnBzdqx1dw,audubon-pennsylvania
https://www.ubereats.com/philadelphia/food-delivery/vecchia-pizzeria/yJZBGr4ERZqB0zo36pHvyA,audubon-pennsylvania
https://www.ubereats.com/philadelphia/food-delivery/taza-kabab-%26-curry/w8Yi9wcRR8Cxs7__hVkZAw,audubon-pennsylvania
https://www.ubereats.com/philadelphia/food-delivery/starbucks-audubon-square-trooper/LZ7onQnYQx2EC459oW8BVw,audubon-pennsylvania
https://www.ubereats.com/philadelphia/food-delivery/primohoagies-432-egypt-rd/5GMKqkLyQnCyDe3pBokdkQ,audubon-pennsylvania
https://www.ubereats.com/philadelphia/food-delivery/popeyes-w-main-st/an2_iTO9QVyqsJr0pMXgdw,audubon-pennsylvania
https://www.ubereats.com/philadelphia/food-delivery/saladworks-gateway/MiQ2v0MpSjq7UdZ-EYlQKA,audubon-pennsylvania
https://www.ubereats.com/philadelphia/food-delivery/ashleys-breakfast-sandwiches/t4Wkhl_lTo-STcGc2WyMxg,audubon-pennsylvania
https://www.ubereats.com/philadelphia/food-delivery/applebees-555-s-trooper-road/7PaYiTH0RzSOwr-Rca45XQ,audubon-pennsylvania
https://www.ubereats.com/philadelphia/food-delivery/zoes-kitchen-50-national-avenue-suite-r-8f/yrSu1QTmQ1KQsPWKXfsT3A,audubon-pennsylvania
https://www.ubereats.com/philadelphia/food-delivery/jersey-mikes-subs-960-dekalb-pike/X5wKWmb1RTmapzdHvP0szw,audubon-pennsylvania
https://www.ubereats.com/philadelphia/food-delivery/dunkin-2601-egypt-rd/O8RBuZqQQt6uVeqgMcU8Lg,audubon-pennsylvania
https://www.ubereats.com/philadelphia/food-delivery/bgood-king-of-prussia/8Khxg1GhS4qpkp7SJSeUfA,audubon-pennsylvania
https://www.ubereats.com/philadelphia/food-delivery/outback-steakhouse-22-anchor-parkway/SxEBAtgaQbqhBpWTfcpAyw,audubon-pennsylvania
https://www.ubereats.com/philadelphia/food-delivery/wuwu-japanese-and-chinese-cuisine/xfvxJrE3TbCY95Ur5C-01Q,audubon-pennsylvania
https://www.ubereats.com/philadelphia/food-delivery/tadka-flavors/FHNZ3XDSQV628PU_vDhwcw,audubon-pennsylvania
https://www.ubereats.com/philadelphia/food-delivery/palermos-pizza/q7sxmwaaRmu6l_CQ6GzeQg,audubon-pennsylvania
https://www.ubereats.com/philadelphia/food-delivery/kosmos/ZIhBP-2lSKuTN1ovZ-aYkA,audubon-pennsylvania
https://www.ubereats.com/philadelphia/food-delivery/honeygrow-100-main-street-suite-180/JrL7A2_gR5iwPebZ6Xk-hg,audubon-pennsylvania
https://www.ubereats.com/philadelphia/food-delivery/city-works-king-of-prussia/h649FvakQlucQO1uYHRR-Q,audubon-pennsylvania
https://www.ubereats.com/philadelphia/food-delivery/pf-changs-10-town-center-dr/zKpKhUphRKaPOfrfdMk55g,audubon-pennsylvania
https://www.ubereats.com/philadelphia/food-delivery/red-pepper-chettinad-indian-cuisine/8yMO_LIaTHGivMTDd9Oy9Q,audubon-pennsylvania
https://www.ubereats.com/philadelphia/food-delivery/bridgeport-wiches/XJTJCe8jT5ekk2v4cAXSGA,audubon-pennsylvania
https://www.ubereats.com/philadelphia/food-delivery/first-watch-wayne/oDs6jIadRjWJTZSkS4A_sg,audubon-pennsylvania
https://www.ubereats.com/philadelphia/food-delivery/the-bay-cafe/CC1QBncQSC6SyHsoxAazcA,audubon-pennsylvania
https://www.ubereats.com/philadelphia/food-delivery/delicias-colombianas-sami/yhQTAkWNRSWTGfKmaLyrDw,audubon-pennsylvania
https://www.ubereats.com/philadelphia/food-delivery/red-lobster-425-w-dekalb-pike/bVDUaDngRqaFfg-schO9JA,audubon-pennsylvania
https://www.ubereats.com/philadelphia/food-delivery/lumbrada-cocina-mexicana-wayne/wQKXC0UbRUScSEn7_t9mcQ,audubon-pennsylvania
https://www.ubereats.com/philadelphia/food-delivery/pantry-1/h-UPDp6NTZyXmB7C3ZnRLQ,audubon-pennsylvania
https://www.ubereats.com/philadelphia/food-delivery/dunkin-939-e-main-st/UdowKWJHQGOy0Gpv8VGE0w,audubon-pennsylvania
https://www.ubereats.com/philadelphia/food-delivery/starbucks-w-dekalb-pike-king-of-prussia/XrxSZCd6SSKXznGAF93n7w,audubon-pennsylvania
https://www.ubereats.com/philadelphia/food-delivery/dunkin-891-lancaster-ave/gOBUdfPUSN6VL-_gBzOA1A,audubon-pennsylvania
https://www.ubereats.com/philadelphia/food-delivery/fat-boy-deli/egpMlNxMRAeqK50L2mSSOA,audubon-pennsylvania
https://www.ubereats.com/philadelphia/food-delivery/dunkin-407-2nd-ave/4kMx-g7FQl6gQqgxIGdZ6Q,audubon-pennsylvania
https://www.ubereats.com/philadelphia/food-delivery/megumi/O1_H9xpFR8CDzi93eO1mpQ,audubon-pennsylvania
https://www.ubereats.com/philadelphia/food-delivery/dunkin-390-schuylkill-rd/n5ANVH_0QUa30qQhc4udBQ,audubon-pennsylvania
https://www.ubereats.com/philadelphia/food-delivery/shagun-fine-indian/9CSuvjluQKOpZWASMxEdiA,audubon-pennsylvania
https://www.ubereats.com/philadelphia/food-delivery/wawa-57-52-w-lancaster-ave/5YnKMOyQQQm3xXit7hdhRQ,audubon-pennsylvania
https://www.ubereats.com/philadelphia/food-delivery/primohoagies-362-west-lancaster-ave/QHmtAuUISGS2ws4d4oGp3A,audubon-pennsylvania
https://www.ubereats.com/philadelphia/food-delivery/poke-it-up/v55wXC-rQlq6HOapbkdazw,audubon-pennsylvania
https://www.ubereats.com/philadelphia/food-delivery/buena-vista-restaurant-wayne/iSZuBSfWSdy1r0wgO7hIbQ,audubon-pennsylvania
https://www.ubereats.com/philadelphia/food-delivery/margaritas-mexican-restaurant-collegeville/PcVmS0PoTbqhTQtD42IJOQ,audubon-pennsylvania
https://www.ubereats.com/philadelphia/food-delivery/cold-stone-160-n-gulph-rd-ste-2021/jeu-MU8-RcW6CI9YwP1_Pw,audubon-pennsylvania
https://www.ubereats.com/philadelphia/food-delivery/dunkin-1941-main-st/kWQRTVJjRcm25U6FnVKdlA,audubon-pennsylvania
https://www.ubereats.com/philadelphia/food-delivery/district-taco-king-of-prussia/DsFKFe4cR3i6kR7zdt0W-A,audubon-pennsylvania
https://www.ubereats.com/philadelphia/food-delivery/clean-juice-121-market-street/qPFIPcGxSPyt9-qLUPqUJw,audubon-pennsylvania
https://www.ubereats.com/philadelphia/food-delivery/krispy-krunchy-chicken-927-stanbridge-street/ebld1gONTWW85ZXMx78gnA,audubon-pennsylvania
https://www.ubereats.com/philadelphia/food-delivery/first-watch-audubon/L696p894SfO1UeDLzRKFVA,audubon-pennsylvania
https://www.ubereats.com/philadelphia/food-delivery/ashley-diner-cafe/QNI8Fh1WQt-txwoVUPlzAw,audubon-pennsylvania
https://www.ubereats.com/philadelphia/food-delivery/ashleys-burger-bar/pAA9xsgYT-eECJOaobKH4w,audubon-pennsylvania
https://www.ubereats.com/philadelphia/food-delivery/arusuvai-at-norristown/EyOQmxa2QJSzGDyNRmi5kg,audubon-pennsylvania
https://www.ubereats.com/philadelphia/food-delivery/one-love-jamaican-takeout/8mOcvXldRRyl_Q9DBNKy-A,audubon-pennsylvania
https://www.ubereats.com/philadelphia/food-delivery/dunkin-132-w-dekalb-pike/HDY-3mRNTLqr9e80We768Q,audubon-pennsylvania
https://www.ubereats.com/philadelphia/food-delivery/bua-loy-thai-laos-cuisine/Mxwu141aQi6BJ6oHKAlcqg,audubon-pennsylvania
https://www.ubereats.com/philadelphia/food-delivery/pholicious/qwY0PWACSfqfX6RWv71_JQ,audubon-pennsylvania
https://www.ubereats.com/philadelphia/food-delivery/pudges/8fDgg1FjTgCWkabmVz-Cgw,audubon-pennsylvania
https://www.ubereats.com/philadelphia/food-delivery/saffron-indian-kitchen-wayne/aI0R7EznSzqQxOOeYhm4HQ,audubon-pennsylvania
https://www.ubereats.com/philadelphia/food-delivery/three-brothers-grill/l-Mx0vHUQfq-H3p31R3DgA,audubon-pennsylvania
https://www.ubereats.com/philadelphia/food-delivery/menchies-frozen-yogurt-2953-swede-rd/hoj-ZkFxRuCytrZgEEmp8g,audubon-pennsylvania
https://www.ubereats.com/philadelphia/food-delivery/sushi-sushi/qeHExnM8RHOZEn_shwTnHQ,audubon-pennsylvania
https://www.ubereats.com/philadelphia/food-delivery/wawa-8019-1860-south-collegeville-rd/F0luQUbpRYOgUQ92xcU04Q,audubon-pennsylvania
https://www.ubereats.com/philadelphia/food-delivery/bonjung-japanese-restaurant/eYPDhOcPQeGE0Gvo7MmhWw,audubon-pennsylvania
https://www.ubereats.com/philadelphia/food-delivery/sly-fox-taphouse-malvern/GEGFFnFLRtOe7u3Jf_w1KA,audubon-pennsylvania
https://www.ubereats.com/philadelphia/food-delivery/neopolitan-breakfast-%26-brunch/RG3rNTlIQEqxgJU68ZPQGQ,audubon-pennsylvania
https://www.ubereats.com/philadelphia/food-delivery/delhi-woks/ZAXKD1sGSPWJML3epUw3Dw,audubon-pennsylvania
https://www.ubereats.com/philadelphia/food-delivery/palermos-pizza/RV0rUW1jRJOsi0pihxumsA,audubon-pennsylvania
https://www.ubereats.com/philadelphia/food-delivery/jersey-mikes-subs-phoenixville-1570-egypt-road/7m4NUM39S26HdueWXTEUQQ,audubon-pennsylvania
https://www.ubereats.com/philadelphia/food-delivery/30-main/KF182jVhQ7iBUDCR2wvSRg,audubon-pennsylvania
https://www.ubereats.com/philadelphia/food-delivery/bamboo-restaurant/YPLPn7PWQDeGEALF5vQmQg,audubon-pennsylvania
https://www.ubereats.com/philadelphia/food-delivery/wendys-180-west-swedesford-road/KWJ1MvAwQ1KpBttPB6dB-w,audubon-pennsylvania
https://www.ubereats.com/philadelphia/food-delivery/sweetberry-bowl-royersford/HxkmAjXjRNCP2iI1BeCHDQ,audubon-pennsylvania
https://www.ubereats.com/philadelphia/food-delivery/wendys-306-south-henderson-road/510t8F1xQi2jugwgULMYOA,audubon-pennsylvania
https://www.ubereats.com/philadelphia/food-delivery/neopolitan-delicatessen-%26-restaurant/UcjDkG2QT2C3cm61nJvTmw,audubon-pennsylvania
https://www.ubereats.com/philadelphia/food-delivery/dukes-bbq/84aGWncVSGCeBuMtEgvJjw,audubon-pennsylvania
https://www.ubereats.com/philadelphia/food-delivery/california-pizza-kitchen-470-mall-blvd/TdcdW-DtRwyg1plgqLdPRQ,audubon-pennsylvania
https://www.ubereats.com/philadelphia/food-delivery/qdoba-mexican-eats-500-broad-st/AZGnopgVQlKHItVDeZGPhg,audubon-pennsylvania
https://www.ubereats.com/philadelphia/food-delivery/boston-market-1758-allentown-road/5-zXSRzZQY6rWrq4FnW6PQ,audubon-pennsylvania
https://www.ubereats.com/philadelphia/food-delivery/oki-sushi/vBF6veuQQbaZVCeNLTLeUA,audubon-pennsylvania
https://www.ubereats.com/philadelphia/food-delivery/wawa-8003-705-south-trooper-road/vP_yrTOsRuK9nHWWO9792g,audubon-pennsylvania
https://www.ubereats.com/philadelphia/food-delivery/steel-city-coffeehouse/IMPulfuFQ1qkvJfMoZf5WQ,audubon-pennsylvania
https://www.ubereats.com/philadelphia/food-delivery/hooters-king-of-prussia/CIJxYwluSpeJpk24SMlqLQ,audubon-pennsylvania
https://www.ubereats.com/philadelphia/food-delivery/three-brothers-phoenixville/ELh5vfRsTKuBSuVL3B0tjQ,audubon-pennsylvania
https://www.ubereats.com/philadelphia/food-delivery/tropical-smoothie-cafe-paoli-shopping-center/QZDZZXesTCaMz4MWv2d0cw,audubon-pennsylvania
https://www.ubereats.com/philadelphia/food-delivery/hakata/rKaHmDJ3QESK9v_OdwqZYA,audubon-pennsylvania
https://www.ubereats.com/philadelphia/food-delivery/shake-shack-350-mall-blvd-covid-closure/90Wz9BCGQBqpeW2Tw13Quw,audubon-pennsylvania
https://www.ubereats.com/philadelphia/food-delivery/the-habit-burger-grill-120-village-drive-suite-100/6ujQCZK9SA2kJTlhi5NATQ,audubon-pennsylvania
https://www.ubereats.com/philadelphia/food-delivery/ritas-of-lansdale/JYDfVzEsTDuFBlG1Q-ebLA,audubon-pennsylvania
https://www.ubereats.com/philadelphia/food-delivery/cafe-cabana/TSXwaq5ZTF-1w4EZgOfypQ,audubon-pennsylvania
https://www.ubereats.com/philadelphia/food-delivery/primohoagies-320-n-lewis-rd/XYI2XUorQjiDDs4Psi3jtA,audubon-pennsylvania
https://www.ubereats.com/philadelphia/food-delivery/subway-160-n-gulph-rd/iyvIRrdBSwGb7K801CHrVQ,audubon-pennsylvania
https://www.ubereats.com/philadelphia/food-delivery/wawa-257-215-w-lancaster-ave/NlzJh0_sRIinXvmG2EldVw,audubon-pennsylvania
https://www.ubereats.com/philadelphia/food-delivery/hg-coal-fired-pizza/r4D1sqgaR9SFe1NGv3rxlA,audubon-pennsylvania
https://www.ubereats.com/philadelphia/food-delivery/sabor-centroamericano/NRwnYAXPSju8xOk1M8dr6Q,audubon-pennsylvania
https://www.ubereats.com/philadelphia/food-delivery/lady-ts-homestyle-southern-cuisine/qsO85o3gRCWKsOpMpGo8Vg,audubon-pennsylvania
https://www.ubereats.com/philadelphia/food-delivery/driftwood-bbq-%26-catering/8BBygfWvR7Gatfwy4MwVZQ,audubon-pennsylvania
https://www.ubereats.com/philadelphia/food-delivery/bacon-me-crazy/oQAT_zvyTWiYSf8meoR2Ng,audubon-pennsylvania
https://www.ubereats.com/philadelphia/food-delivery/playa-bowls-villanova/6bqKABOcQ1qiWFPBFKRPTw,audubon-pennsylvania
https://www.ubereats.com/philadelphia/food-delivery/tjs-restaurant-and-drinkery/zEV9ii2zT-CBYsnK0TX0Vw,audubon-pennsylvania
https://www.ubereats.com/philadelphia/food-delivery/subway-2-n-park-ave/u0TKatc6SamwPbmNAz2_hw,audubon-pennsylvania
https://www.ubereats.com/philadelphia/food-delivery/house-of-veggies/HJiy1UBBRI-hqv-xoA0KJw,audubon-pennsylvania
https://www.ubereats.com/philadelphia/food-delivery/red-robin-220-plaza-dr/THz_D4_ZSRKk0nHlNHFu5w,audubon-pennsylvania
https://www.ubereats.com/philadelphia/food-delivery/332-bonefish-grill-160-n-gulph-rd/w-ZcPds6RQOuKJBx16MkyQ,audubon-pennsylvania
https://www.ubereats.com/philadelphia/food-delivery/chipotle-mexican-grill-620-w-dekalb-pike/evpskM_yS3iHtefaS5mlog,audubon-pennsylvania
https://www.ubereats.com/philadelphia/food-delivery/aroma-mediterranean-cuisine/6pxMMCCfQf23jPZEB84y6g,audubon-pennsylvania
https://www.ubereats.com/philadelphia/food-delivery/outback-steakhouse-160-n-gulph-rd-suite-4220/E1RNJ9x5R02iXIjp8B0n6g,audubon-pennsylvania
https://www.ubereats.com/philadelphia/food-delivery/tungs-gardens/vIzPNVw3SpmC-WSeXMMR_g,audubon-pennsylvania
https://www.ubereats.com/philadelphia/food-delivery/mortons-the-steakhouse-640-west-dekalb-pike/sScJBKHFRrGFJ6mQiX0k1g,audubon-pennsylvania
https://www.ubereats.com/philadelphia/food-delivery/new-deshi-village-halal-restaurant/wfdI0hDLQB-uB2qhKXcdRA,audubon-pennsylvania
https://www.ubereats.com/philadelphia/food-delivery/sweetgreen-king-of-prussia/1-p4rm0MSVunfeSwWbIAMA,audubon-pennsylvania
https://www.ubereats.com/philadelphia/food-delivery/the-bop-shop/i12jwV6AQ1658vR9Z_e0Ew,audubon-pennsylvania
https://www.ubereats.com/philadelphia/food-delivery/arbys-2610-egypt-rd/HJxVTY9wTRa9PSlROfCGiQ,audubon-pennsylvania
https://www.ubereats.com/philadelphia/food-delivery/chadwicks-restaurant-and-bar/Oe91_Nz9TXWrG3ZLBb_VkA,audubon-pennsylvania
https://www.ubereats.com/philadelphia/food-delivery/kilwins-king-of-prussia/F3ajWZiBSM2EWt54kwegJw,audubon-pennsylvania
https://www.ubereats.com/philadelphia/food-delivery/primohoagies-345-main-street/w3mfJPWqR--EI_thzNteFw,audubon-pennsylvania
https://www.ubereats.com/philadelphia/food-delivery/primohoagies-314-s-henderson-rd/GZ9bJ2PuQYqU7zQqZFLvUg,audubon-pennsylvania
https://www.ubereats.com/philadelphia/food-delivery/wawa-8071-1300-e-ridge-pike/rhDk7iv8TjWrvz7u3QlHpw,audubon-pennsylvania
https://www.ubereats.com/philadelphia/food-delivery/barbacoa-de-guerrero-inc/1uk2YX2bQmaCIck09nOt3w,audubon-pennsylvania
https://www.ubereats.com/philadelphia/food-delivery/clean-juice-20-liberty-blvd/jy-59Ph5Tb2H3xcgIQ9ktA,audubon-pennsylvania
https://www.ubereats.com/philadelphia/food-delivery/dandan-wayne/wsyOBkuXRuiMQPesTcaK_A,audubon-pennsylvania
https://www.ubereats.com/philadelphia/food-delivery/bbq-chicken-north-wales-pa/Z7OFHedfTOieA1qkJnhowg,audubon-pennsylvania
https://www.ubereats.com/philadelphia/food-delivery/mcdonalds-phvile-nutt/0i8_tFYHS3agWtU7eOdUsg,audubon-pennsylvania
https://www.ubereats.com/philadelphia/food-delivery/primohoagies-11-paoli-plz/n1Xn-G5WTgaqWs-8ANlcKg,audubon-pennsylvania
https://www.ubereats.com/philadelphia/food-delivery/delish-soul-food-kitchen/5VHuzxTnTPayCqT1VCTVuQ,audubon-pennsylvania
https://www.ubereats.com/philadelphia/food-delivery/moes-southwest-grill-1570-egypt-rd/YX8KtgbcRi-89KPfIx0gwA,audubon-pennsylvania
https://www.ubereats.com/philadelphia/food-delivery/fox-%26-hound-160-n-gulph-road/XIOOw15jQuitF4PjyGrnjA,audubon-pennsylvania
https://www.ubereats.com/philadelphia/food-delivery/wayback-burgers-1810-e-ridge-pike/eWzHjj-PSBiH1YS-B5K-sg,audubon-pennsylvania
https://www.ubereats.com/philadelphia/food-delivery/city-restaurant/_G0sQftqQUOjHf7GaI5cww,audubon-pennsylvania
https://www.ubereats.com/philadelphia/food-delivery/starbucks-e-norriton/xzZ9gHuMTMeU7JuChDGxTg,audubon-pennsylvania
https://www.ubereats.com/philadelphia/food-delivery/flemings-prime-steakhouse-%26-wine-bar-radnor/N1u0wyVeRUOS_3d3msPUww,audubon-pennsylvania
https://www.ubereats.com/philadelphia/food-delivery/gunpowder-cafe/od7eXRtrR_-pJqiPoz90mQ,audubon-pennsylvania
https://www.ubereats.com/philadelphia/food-delivery/francos-pizza-family-restaurant/PJ37BriRQviye9gQ3C1Eqg,audubon-pennsylvania
https://www.ubereats.com/philadelphia/food-delivery/kfc-taco-bell-947-s-township-line-road/d9V_zMVdQ2GYyVRJ3thGPQ,audubon-pennsylvania
https://www.ubereats.com/philadelphia/food-delivery/bertuccis-wayne/T-H7QIa0TnmqPwTZD9T4Ww,audubon-pennsylvania
https://www.ubereats.com/philadelphia/food-delivery/five-guys-pa-0094/ojGU_tg-Sl2mDqeAIp_lqg,audubon-pennsylvania
https://www.ubereats.com/philadelphia/food-delivery/saladworks-cafe-east-norriton/jsmbZS4OSiiusAfPcMtKuw,audubon-pennsylvania
https://www.ubereats.com/philadelphia/food-delivery/california-tortilla-royersford/E9gAV3ebS_WBDAKnhvrbcg,audubon-pennsylvania
https://www.ubereats.com/philadelphia/food-delivery/bomba-taco-%2B-bar-malvern/3iEbH2PkSmWZI11ILLrJww,audubon-pennsylvania
https://www.ubereats.com/philadelphia/food-delivery/buffalo-wild-wings/3dUSqXhlTj-Kl-GF99s7Nw,audubon-pennsylvania
https://www.ubereats.com/philadelphia/food-delivery/anas-corner-store/P1Rb8EGwS_if5L-EwbUhFQ,audubon-pennsylvania
https://www.ubereats.com/philadelphia/food-delivery/shake-shack-160-n-gulph-road/Mq5dAriMRHGbCpzpTeLYrg,audubon-pennsylvania
https://www.ubereats.com/philadelphia/food-delivery/tiffin-indian-cuisine-king-of-prussia/zKxURrVDQ0q9efEfNqXPbQ,audubon-pennsylvania
https://www.ubereats.com/philadelphia/food-delivery/casa-villasenor/ukpbo9LgTACjLBzy1XPhmw,audubon-pennsylvania
https://www.ubereats.com/philadelphia/food-delivery/junior-mini-market/7U6wtZoKSoaB8iYnVGa_Qg,audubon-pennsylvania
https://www.ubereats.com/philadelphia/food-delivery/graces-cafe/XopfyJ3nRpKCoJH1L4VaWA,audubon-pennsylvania
https://www.ubereats.com/philadelphia/food-delivery/kiwi-yogurt-collegeville/nEkgs5gGRjSqLtGiDONPNA,audubon-pennsylvania
https://www.ubereats.com/philadelphia/food-delivery/wingin-it-wings/9kvbgevKRw-FIAzsTym_1w,audubon-pennsylvania
https://www.ubereats.com/philadelphia/food-delivery/nanos-fresh-food-llc-dba-nanos-fried-chicken/mEYarvp9SrGjB07r0rb5Yw,audubon-pennsylvania
https://www.ubereats.com/philadelphia/food-delivery/dunkin-3001-w-germantown-pike/wKN-4J6gRUSxgsQaypZGpQ,audubon-pennsylvania
https://www.ubereats.com/philadelphia/food-delivery/wawa-8024-120-schuylkill-road/8hdk-sK3Q1ug3iKoEl2Qxw,audubon-pennsylvania
https://www.ubereats.com/philadelphia/food-delivery/chipotle-mexican-grill-239-e-swedesford-rd/egIX_p3VTECe10_QpEtzRw,audubon-pennsylvania
https://www.ubereats.com/philadelphia/food-delivery/haagen-dazs-160-n-gulph-rd-store-%23y-6/Wj8YUF8YRXmOYNYzuvZLOA,audubon-pennsylvania
https://www.ubereats.com/philadelphia/food-delivery/primohoagies-106b-w-germantown-pike/riUByMwiQAmVsrSWi5dK5g,audubon-pennsylvania
https://www.ubereats.com/philadelphia/food-delivery/kabuto-sushi-hibachi-%26-lounge/G3qWHhC-Rt61MeH6J_8ggw,audubon-pennsylvania
https://www.ubereats.com/philadelphia/food-delivery/paladar-latin-kitchen-king-of-prussia/EcVFGWINR4mda1WwZqcieQ,audubon-pennsylvania
https://www.ubereats.com/philadelphia/food-delivery/fogo-de-chao-king-of-prussia/Fwcm9rFKS4qMQCkCaXkSfQ,audubon-pennsylvania
https://www.ubereats.com/philadelphia/food-delivery/zara-halal-food/thkXWCY5TIuTOji7TjmZFw,audubon-pennsylvania
https://www.ubereats.com/philadelphia/food-delivery/primohoagies-700-nutt-rd-ste-712/l0iluAYzQ0WOR9G9W7HECw,audubon-pennsylvania
https://www.ubereats.com/philadelphia/food-delivery/chickies-%26-petes-audubon/y_iKHgSmSUirVUxGj2_84w,audubon-pennsylvania
https://www.ubereats.com/philadelphia/food-delivery/applebees-70-buckwalter-road/4Vr1xgutQeO491VpKokVAg,audubon-pennsylvania
https://www.ubereats.com/philadelphia/food-delivery/starbucks-king-of-prussia-town-center/lQl36JqoQPKT_SSXHiZWiQ,audubon-pennsylvania
https://www.ubereats.com/philadelphia/food-delivery/black-lab-bistro/vVIalw88THamjQFy6xqwDQ,audubon-pennsylvania
https://www.ubereats.com/philadelphia/food-delivery/mcdonalds-audubon-pa/sA7Sq9-FSvWTsUboKGQ-jg,audubon-pennsylvania
https://www.ubereats.com/philadelphia/food-delivery/fitzwater-station/4vfwFUfoQXezwwt_I4A88A,audubon-pennsylvania
https://www.ubereats.com/philadelphia/food-delivery/friendlys-150-w-germantown-pike/9ePHqdgBR4S2B-QMk1rzOw,audubon-pennsylvania
https://www.ubereats.com/philadelphia/food-delivery/tropical-smoothie-cafe-oaks-shopping-center/cavAbvpyTOK0JVTQHquYAA,audubon-pennsylvania
https://www.ubereats.com/philadelphia/food-delivery/justins-carriage-house/Sje25G9TRKaHqDquqczfPQ,audubon-pennsylvania
https://www.ubereats.com/philadelphia/food-delivery/conshohocken-brewing-company-brewpub/EQdQlOTfQeaidAm4eGArBw,audubon-pennsylvania
https://www.ubereats.com/philadelphia/food-delivery/uno-pizzeria-oaks/QAFWlYHSQNyiaED2lUxErA,audubon-pennsylvania
https://www.ubereats.com/philadelphia/food-delivery/chinnar-indian-cuisine/FzcN7MhaQsaGupw4XFwivw,audubon-pennsylvania
https://www.ubereats.com/philadelphia/food-delivery/indian-hut-norristown/6SPsBqfhRyaEwp2EEcJXZQ,audubon-pennsylvania
https://www.ubereats.com/philadelphia/food-delivery/via-roma-italian-restaurant-and-sports-bar/0KpoKeHjR0SIhgPOU5g3Zg,audubon-pennsylvania
https://www.ubereats.com/philadelphia/food-delivery/papa-johns-e-dekalb-pike/XHCSOU8rRLW5ojvRshEyiw,audubon-pennsylvania
https://www.ubereats.com/philadelphia/food-delivery/euro-delights-llc/urRka-f3S6CrkEqJe6eS_A,audubon-pennsylvania
https://www.ubereats.com/philadelphia/food-delivery/chipotle-mexican-grill-50-national-ave-ste-1100/nstZye0cTiyE7267n1MlBA,audubon-pennsylvania
https://www.ubereats.com/philadelphia/food-delivery/mcdonalds-main-%26-markley/1O_2XtXhTZSJXxN14yfF7g,audubon-pennsylvania
https://www.ubereats.com/philadelphia/food-delivery/limerick-diner/oX8dDDTFRt278hhziueNIA,audubon-pennsylvania
https://www.ubereats.com/philadelphia/food-delivery/founding-farmers-king-of-prussia/UTlQnybTSbC59_BlT8-h2w,audubon-pennsylvania
https://www.ubereats.com/philadelphia/food-delivery/melis-corner-bakery/cMo3nImGQM-os5ZzhSmlKg,audubon-pennsylvania
https://www.ubereats.com/philadelphia/food-delivery/papa-johns-ridge-pike/oppH-lnuRtOSvdmc1NOZ5g,audubon-pennsylvania
https://www.ubereats.com/philadelphia/food-delivery/bob-evans-347-100-cresson-boulevard/w6eIdMdAT4e6ulIh_hIUQw,audubon-pennsylvania
https://www.ubereats.com/philadelphia/food-delivery/mod-pizza-gateway/2eOWqmpLQhGtX7MuNXL6mw,audubon-pennsylvania
https://www.ubereats.com/philadelphia/food-delivery/the-perky/ysdt7MF1QneFyHTxizeE6w,audubon-pennsylvania
https://www.ubereats.com/philadelphia/food-delivery/city-restaurant/9Zh7lDWZR0SnW6tJG9xQ9A,audubon-pennsylvania
https://www.ubereats.com/philadelphia/food-delivery/main-line-pizza/4u3ZRWlHQFK-JwQzP3wMLQ,audubon-pennsylvania
https://www.ubereats.com/philadelphia/food-delivery/chick-fil-a-680-s-trooper-rd/1MBgDovsSme-2Gec9jVflA,audubon-pennsylvania
https://www.ubereats.com/philadelphia/food-delivery/mizu-asian-bistro/lZknlzbJSrSUCWSIfmbtfA,audubon-pennsylvania
https://www.ubereats.com/philadelphia/food-delivery/ashleys-wing-house/wWI-igtcSdWEHdZ5iA8lbA,audubon-pennsylvania
https://www.ubereats.com/philadelphia/food-delivery/sonic-37-west-ridge-pike/wI9zj9z3SZqW-JfyeXw61w,audubon-pennsylvania
https://www.ubereats.com/philadelphia/food-delivery/firebirds-wood-fired-grill-51-town-center-dr/0PnJuEkZT_uuz9VPVAa6pA,audubon-pennsylvania
https://www.ubereats.com/philadelphia/food-delivery/rancho-dominican-restaurant-latin-food/CqrzjCzHT6KQKztE04sbyQ,audubon-pennsylvania
https://www.ubereats.com/philadelphia/food-delivery/champps-51-town-center-drive/ONOCLIAeSMGoWBO6HTmLFg,audubon-pennsylvania
https://www.ubereats.com/philadelphia/food-delivery/taco-bell-660-nutt-road/YvkCn8ynTVaJopZhgZVMBA,audubon-pennsylvania
https://www.ubereats.com/philadelphia/food-delivery/wendys-590-south-trooper-road/G4DHy6WZSbi5wKI9D2YOfw,audubon-pennsylvania
https://www.ubereats.com/philadelphia/food-delivery/whitpain-tavern/Imy38k81RgKkuLoop0kxfw,audubon-pennsylvania
https://www.ubereats.com/philadelphia/food-delivery/rasoi-vegetarian-norristown/aa21_ViUQfyMv_xY6NE1Rg,audubon-pennsylvania
https://www.ubereats.com/philadelphia/food-delivery/pure-fire-pizza/GYfDzM3_RqiQ8PQHR9r2lQ,audubon-pennsylvania
https://www.ubereats.com/philadelphia/food-delivery/california-tortilla-king-of-prussia/2xsyIZVlQg2jQhGDKTo6bA,audubon-pennsylvania
https://www.ubereats.com/philadelphia/food-delivery/five-guys-pa-0372-160-n-gulph-rd/Rx9maRTASbO8LL40MYxmDQ,audubon-pennsylvania
https://www.ubereats.com/philadelphia/food-delivery/popeyes-160-n-gulph-road/XZGTqLeSQ56Vvo-ZzP-fXw,audubon-pennsylvania
https://www.ubereats.com/philadelphia/food-delivery/jalsa-indian-cuisine/_Y0DstoDSDSH2uWFHOdEoQ,audubon-pennsylvania
https://www.ubereats.com/philadelphia/food-delivery/the-halal-guys-king-of-prussia/i3Lokh7VQTyR1Udzk_WDNA,audubon-pennsylvania
https://www.ubereats.com/philadelphia/food-delivery/wing-squad-wayne/roeJLY7OT_OKop3p7Tq7_w,audubon-pennsylvania
https://www.ubereats.com/philadelphia/food-delivery/taco-bell-2722-de-kalb-pike/4tdQvygoRt2hLuTo2OJRTg,audubon-pennsylvania
https://www.ubereats.com/philadelphia/food-delivery/dairy-queen-treat-valley-forge-shopping-center/8fXmgH-FTbyprA-TsaZcEA,audubon-pennsylvania
https://www.ubereats.com/philadelphia/food-delivery/zoup!-500-broad-street/kiQuhhSuSVWhmdjgvinvcw,audubon-pennsylvania
https://www.ubereats.com/philadelphia/food-delivery/california-tortilla-420-schuylkill-rd/PsLxAGglRgyJiIAukZbIfw,audubon-pennsylvania
https://www.ubereats.com/philadelphia/food-delivery/sonic-2901-swede-rd/saYich_KSN2BQtusO2Ierw,audubon-pennsylvania
https://www.ubereats.com/philadelphia/food-delivery/dunkin-2600-ridge-pike/jJk7MmzmTA-YP6hkpVIEog,audubon-pennsylvania
https://www.ubereats.com/philadelphia/food-delivery/chipotle-mexican-grill-160-n-gulph-rd-ste-1049/TrnmpMMERXKOHbGHqL_ptA,audubon-pennsylvania
https://www.ubereats.com/philadelphia/food-delivery/the-simple-greek-wayne-pa/i_vBlHtfSreA2U9FP9058g,audubon-pennsylvania
https://www.ubereats.com/philadelphia/food-delivery/arde-osteria/_JS6DoeGR1SCk8RoIi0Pfw,audubon-pennsylvania
https://www.ubereats.com/philadelphia/food-delivery/house-of-biryanis-%26-kebabs/FcHOXLmNRuCckiitybOMhw,audubon-pennsylvania
https://www.ubereats.com/philadelphia/food-delivery/taco-bell-1165-south-trooper-road/Q9bjwel2TAWbqvni6gitJg,audubon-pennsylvania
https://www.ubereats.com/philadelphia/food-delivery/house-of-india-pa/KE4cOp7CQEKoytBHuWhF7Q,audubon-pennsylvania
https://www.ubereats.com/philadelphia/food-delivery/boston-market-18-e-germantown-pk/S9KrlenbQm2TC8z6_pm-gg,audubon-pennsylvania
https://www.ubereats.com/philadelphia/food-delivery/sullivans-700-w-dekalb-pike/V99YFfERR7m5uG0VM58iGw,audubon-pennsylvania
https://www.ubereats.com/philadelphia/food-delivery/applebees-2710-dekalb-pike/7kdWUcsiSY6oMfmW-IROBg,audubon-pennsylvania
https://www.ubereats.com/philadelphia/food-delivery/tropical-smoothie-cafe-gateway-shopping-center/nxOZ-sOoSjiCW5A9OJ6DEg,audubon-pennsylvania
https://www.ubereats.com/philadelphia/food-delivery/two-amigos-taqueria/9WetuxkqQtO4apTCWwjuHQ,audubon-pennsylvania
https://www.ubereats.com/philadelphia/food-delivery/wingers/RmOERUAvTU6IGJnA_SSjqw,audubon-pennsylvania
https://www.ubereats.com/philadelphia/food-delivery/subway-650-s-trooper-rd/504QK-Y-SJy2T6WtG5dpOA,audubon-pennsylvania
https://www.ubereats.com/philadelphia/food-delivery/tonys-pizza-%26-catering/-TUujXcBQ6ik22KkFcfN7A,audubon-pennsylvania
https://www.ubereats.com/philadelphia/food-delivery/sals-pizza-box/RTRrOH9_Qia_0fN4agS7NA,audubon-pennsylvania
https://www.ubereats.com/philadelphia/food-delivery/panera-601-s-trooper-road/emKan89FRbOACnCH44H7Xg,audubon-pennsylvania
