url,city
https://www.ubereats.com/tricities-mi/food-delivery/applebees-3500-wilder-road/XRTd8dVhRwKmRz4tEIHbHw,bay-city-michigan
https://www.ubereats.com/tricities-mi/food-delivery/mcdonalds-2200-broadway/Opv9Q8eWRRaU5UdZnRhYYQ,bay-city-michigan
https://www.ubereats.com/tricities-mi/food-delivery/kfc-4585-bay-road/RUlSf7P7TE2zRwrmdgw--g,bay-city-michigan
https://www.ubereats.com/tricities-mi/food-delivery/tropical-smoothie-cafe-5815-bay-road-suite-700/U9E52zK5QISR0zW3gMjJAA,bay-city-michigan
https://www.ubereats.com/tricities-mi/food-delivery/taco-bell-1555-w-center-ave/3kSYkwd1S6O9BkVxTYqUTw,bay-city-michigan
https://www.ubereats.com/tricities-mi/food-delivery/arbys-905-n-euclid-ave/ZkB5XKQBSICbm68iOxlaow,bay-city-michigan
https://www.ubereats.com/tricities-mi/food-delivery/tgi-fridays-1301-saginaw-mi/4iF-8lwkQBi7mnRpUC7Gdw,bay-city-michigan
https://www.ubereats.com/tricities-mi/food-delivery/tim-hortons-3460-wilder-rd/KzKMT5KZSDanvrN4b5yA_g,bay-city-michigan
https://www.ubereats.com/tricities-mi/food-delivery/mcdonalds-314-washington-ave/-DZl6t_tS6aGugXQDu3ZGA,bay-city-michigan
https://www.ubereats.com/tricities-mi/food-delivery/cottage-inn-pizza-saginaw/kobOHIIJQCiUolAiItzsEQ,bay-city-michigan
https://www.ubereats.com/tricities-mi/food-delivery/subway-1006-lafayette-ave/FYkaDQBkTd-RQuPu3ahI_g,bay-city-michigan
https://www.ubereats.com/tricities-mi/food-delivery/rallys-102-s-madison/Yy7q0cxqSiu_blwZ-qS-lg,bay-city-michigan
https://www.ubereats.com/tricities-mi/food-delivery/charleys-philly-steaks-fashion-corners/o9X-kj09QKaXpU1AOg3ySw,bay-city-michigan
https://www.ubereats.com/tricities-mi/food-delivery/tropical-smoothie-cafe-4071-north-euclid/SZUll0c9T7CjhNqIMExHNQ,bay-city-michigan
https://www.ubereats.com/tricities-mi/food-delivery/wendys-821-north-euclid-ave/7fYoFsB0TOS6umpn27KB3A,bay-city-michigan
https://www.ubereats.com/tricities-mi/food-delivery/kfc-taco-bell-6362-3-mile-road/qL4LRgvCQKG3m1K2dyShsw,bay-city-michigan
https://www.ubereats.com/tricities-mi/food-delivery/panera-3983-wilder-rd/kWu4MJyyS8-v3ewqpFYzvQ,bay-city-michigan
https://www.ubereats.com/tricities-mi/food-delivery/red-lobster-4109-wilder-road/OSKPoo6mQd6jTLze0Q1T7g,bay-city-michigan
https://www.ubereats.com/tricities-mi/food-delivery/chuck-e-cheese-5105-bay-rd/FZ85Fb6FTyieaVJN8K7KJg,bay-city-michigan
https://www.ubereats.com/tricities-mi/food-delivery/hooters-saginaw/SgqMz846TK6OQ1Ai_gN-Yg,bay-city-michigan
https://www.ubereats.com/tricities-mi/food-delivery/panda-express-4107-wilder-road/clTtVMDHS8aNTXET053sCA,bay-city-michigan
https://www.ubereats.com/tricities-mi/food-delivery/bob-evans-322-4137-wilder-road/bc0_sNNxSMWkaW-SvXfa8A,bay-city-michigan
https://www.ubereats.com/tricities-mi/food-delivery/buffalo-wild-wings-4050-wilder-rd/LxYE3ENHSK6hVAIPKpZDBw,bay-city-michigan
https://www.ubereats.com/tricities-mi/food-delivery/rallys-3990-east-wilder-road/5ANOCjbWTruMWzrym6mkFg,bay-city-michigan
https://www.ubereats.com/tricities-mi/food-delivery/mcdonalds-510-north-tuscola-road/09tURL8RQaWVCKP35jNC0A,bay-city-michigan
https://www.ubereats.com/tricities-mi/food-delivery/outback-steakhouse-2468-tittabawassee-road/I10lxYiOS-e1uf84PQZFpw,bay-city-michigan
https://www.ubereats.com/tricities-mi/food-delivery/red-lobster-4141-bay-road/gI046tJoSLi7ZU97E8qp7w,bay-city-michigan
https://www.ubereats.com/tricities-mi/food-delivery/cracker-barrel-old-country-store-2854-e-wilder-rd/iTr0-fM2Tgq95i4e3Ld3xg,bay-city-michigan
https://www.ubereats.com/tricities-mi/food-delivery/hooties-burger-bar-5538-bay-road/8MhoXlqsTK-lEIgKRZcRHQ,bay-city-michigan
https://www.ubereats.com/tricities-mi/food-delivery/wendys-2640-center-ave/OXRVJ2pfReW821KMIq1H2Q,bay-city-michigan
https://www.ubereats.com/tricities-mi/food-delivery/taco-bell-260-washington-avenue/OSmGNc6zRBGX6u2db1Hr9Q,bay-city-michigan
https://www.ubereats.com/tricities-mi/food-delivery/subway-1512-w-center-rd/9nedkgsRROyXtNSA0tsP5g,bay-city-michigan
https://www.ubereats.com/tricities-mi/food-delivery/branns-steakhouse-%26-sports-grille/DjziVv8nSnKVNF0yfKa2yw,bay-city-michigan
https://www.ubereats.com/tricities-mi/food-delivery/arbys-4905-bay-rd/ERasccxeSg2aW1ham0DpGA,bay-city-michigan
https://www.ubereats.com/tricities-mi/food-delivery/bob-evans-175-2832-tittabawassee-road/3sL3-RvFQ0es0kK2kettoQ,bay-city-michigan
https://www.ubereats.com/tricities-mi/food-delivery/mcdonalds-3840-e-wilder-rd/hv-GdqH9Rmy37sCpm_iBqA,bay-city-michigan
https://www.ubereats.com/tricities-mi/food-delivery/kfc-2702-center-street/kDbnZM_HRw2Z165bwfWnog,bay-city-michigan
https://www.ubereats.com/tricities-mi/food-delivery/subway-904-n-euclid-ave/Q6Z0XNXNQ72LzGxqHwSf-w,bay-city-michigan
https://www.ubereats.com/tricities-mi/food-delivery/hooters-bay-city/gMraQLeyR9m2bXrdFla08A,bay-city-michigan
https://www.ubereats.com/tricities-mi/food-delivery/mcdonalds-918-n-euclid-ave/kDONTptXTw-RMjzEnjkJnQ,bay-city-michigan
https://www.ubereats.com/tricities-mi/food-delivery/kfc-908-north-euclid/UwGD81csTHOs_AOlnHbxyA,bay-city-michigan
https://www.ubereats.com/tricities-mi/food-delivery/ihop-2255-tittabawassee-road/oKPpNL-SQJqIFqM2hBC9NQ,bay-city-michigan
https://www.ubereats.com/tricities-mi/food-delivery/buffalo-wild-wings-2690-tittabawassee-rd/9BzdtcUESqiepHijDx2AxA,bay-city-michigan
https://www.ubereats.com/tricities-mi/food-delivery/taco-bell-1004-north-euclid-avenue/ARrvvdxyQP-dIbOsDGKPjQ,bay-city-michigan
https://www.ubereats.com/tricities-mi/food-delivery/tim-hortons-2906-center-ave/btAAmDriT_6DRNfbfFaA1A,bay-city-michigan
https://www.ubereats.com/tricities-mi/food-delivery/the-devout-sprout/n5gS66PcThaSAkV2UVMs9w,bay-city-michigan
https://www.ubereats.com/tricities-mi/food-delivery/ponderosa-2861-wilder-rd/HNjcwH4rR4qrfdgBYt7aSw,bay-city-michigan
https://www.ubereats.com/tricities-mi/food-delivery/burger-king-3910-east-wilder/Mmc28a9yQySD0DAMbl5hCg,bay-city-michigan
https://www.ubereats.com/tricities-mi/food-delivery/applebees-2260-tittabawassee-road/J9i4czL7Tk-fzO3z2o2SGg,bay-city-michigan
https://www.ubereats.com/tricities-mi/food-delivery/harveys-grill-and-bar/RiiLY4CgTryZ29kMp5L4iQ,bay-city-michigan
https://www.ubereats.com/tricities-mi/food-delivery/mcdonalds-901-s-euclid/MdfGDGqAS4CYFJbRVird_w,bay-city-michigan
https://www.ubereats.com/tricities-mi/food-delivery/taco-bell-2424-tittabawassee-rd/GA3-t0rYQjeGaUNUgjItww,bay-city-michigan
https://www.ubereats.com/tricities-mi/food-delivery/starbucks-bay-city/y1LQmn2AR_ecAUohJqWQug,bay-city-michigan
https://www.ubereats.com/tricities-mi/food-delivery/taco-bell-4111-e-wilder-road/g0aeUB6URV26FmCRIFzLQw,bay-city-michigan
https://www.ubereats.com/tricities-mi/food-delivery/bay-city-bills-bar-and-grill/Cl_eVwwvQPGQGs2Cah_obA,bay-city-michigan
