url,city
https://www.ubereats.com/cleveland/food-delivery/chipotle-mexican-grill-32223-lorain-rd/Xh4IQjdBT-2OW6WfGEJQ7w,berea-ohio
https://www.ubereats.com/cleveland/food-delivery/biryanihutexpress/mMT-ym8eSA2kYDQ2cKkeUA,berea-ohio
https://www.ubereats.com/cleveland/food-delivery/jennifers-restaurant/HWKFDSO_SxO86GOWzOxc5g,berea-ohio
https://www.ubereats.com/cleveland/food-delivery/b-%26-m-barbeque/JP3WyG6SRu-GIENLRDPKGQ,berea-ohio
https://www.ubereats.com/cleveland/food-delivery/ihop-brookpark/xKF7ZmB9TGSwvTb9-Mphfw,berea-ohio
https://www.ubereats.com/cleveland/food-delivery/mcdonalds-brookpark-%26-tiedeman/_rv4evzvTD2Fh-o8dCHlbA,berea-ohio
https://www.ubereats.com/cleveland/food-delivery/tartine-bistro/YA6KpkvJTGKrkw2wcBzLNw,berea-ohio
https://www.ubereats.com/cleveland/food-delivery/shinto-japanese-steakhouse-%26-sushi-bar/8NggoGrDSu2piNQkogJ_pw,berea-ohio
https://www.ubereats.com/cleveland/food-delivery/mr-hero-152-great-nothern/mUWTcJi_TCCv1VjsIwrQrg,berea-ohio
https://www.ubereats.com/cleveland/food-delivery/cafe-tandoor-detroit-ave/xfHvJLZcQsKxq4y6_yhCIw,berea-ohio
https://www.ubereats.com/cleveland/food-delivery/eastland-inn-restaurant/Gz9hpQdFS4CeWvL4GvqjDg,berea-ohio
https://www.ubereats.com/cleveland/food-delivery/taco-bell-17565-e-bagley-rd/OtIQD0H2RdSEcb2JtH1weQ,berea-ohio
https://www.ubereats.com/cleveland/food-delivery/rubins-restaurant-%26-deli/9JYy-G_ITZeFjZXliJw7DQ,berea-ohio
https://www.ubereats.com/cleveland/food-delivery/texas-de-brazil-westlake/d9YpaXAdRNSapS0Uez4JWw,berea-ohio
https://www.ubereats.com/cleveland/food-delivery/daves-cosmic-subs-berea/_jg-BbVeT-awkuXPTz5L3w,berea-ohio
https://www.ubereats.com/cleveland/food-delivery/chipotle-mexican-grill-3362-center-rd-ste-e20/FwgDiWHlRxOCn_IklnV_Iw,berea-ohio
https://www.ubereats.com/cleveland/food-delivery/arbys-26368-lorain-rd/vhqbxAXeTVm09joQNB8nYA,berea-ohio
https://www.ubereats.com/cleveland/food-delivery/mcdonalds-pearl-%26-kingsdale/PuFIX_5gTiaI9yHOSQiowg,berea-ohio
https://www.ubereats.com/cleveland/food-delivery/el-rodeo/issv1aAQRMyH-ZWTPTn9NA,berea-ohio
https://www.ubereats.com/cleveland/food-delivery/jaipur-junction/337PGG1YQ9mgLa6Gx1Gi7A,berea-ohio
https://www.ubereats.com/cleveland/food-delivery/starbucks-westgate-mall-route-113/JW36oGeETYqA7STv_t_yyg,berea-ohio
https://www.ubereats.com/cleveland/food-delivery/five-guys-oh-1574-17695-east-bagley-rd/a3kJOGhaSH6hRvfg9DtHZA,berea-ohio
https://www.ubereats.com/cleveland/food-delivery/mr-hero-130th-st/j5L3fhULTLag44utczG8bw,berea-ohio
https://www.ubereats.com/cleveland/food-delivery/romeos-pizza-berea/ixYOWNHDQIGxeYP9q2qx3g,berea-ohio
https://www.ubereats.com/cleveland/food-delivery/jojo-carlonis-italian-restaurant-%26-pizzeria/IEiX7D6GS-e8g5k9DcdrJQ,berea-ohio
https://www.ubereats.com/cleveland/food-delivery/burntwood-tavern-westlake/7RVujHyAQRu1fFq9C2FPqw,berea-ohio
https://www.ubereats.com/cleveland/food-delivery/famous-daves-26410-great-northern-shopping-center/b0rWwU1zTOuBV4J1jGXoZA,berea-ohio
https://www.ubereats.com/cleveland/food-delivery/popeyes-14747-lorain-ave/QrAT4dnkT7esmG9Kai4gmw,berea-ohio
https://www.ubereats.com/cleveland/food-delivery/pulp-juice-and-smoothie-bar/vnduG-_tR9KabWXs0x8cag,berea-ohio
https://www.ubereats.com/cleveland/food-delivery/panda-express-21085-center-ridge-road/3uv0KvsyTISyFwOps5C6xA,berea-ohio
https://www.ubereats.com/cleveland/food-delivery/kartels-restaurant-%26-party-center/nEE-tUnxRJizqGHnjh7XAQ,berea-ohio
https://www.ubereats.com/cleveland/food-delivery/jersey-mikes-subs-3362-center-rd/D1dAbdRZS1uN_3kaX1KOdQ,berea-ohio
https://www.ubereats.com/cleveland/food-delivery/red-lobster-25615-brookpark-rd/_l2HiJ3FQqKMv34l79J2kA,berea-ohio
https://www.ubereats.com/cleveland/food-delivery/mcdonalds-brook-snow-road/U0JPkpmxRaqWH7IoguZagQ,berea-ohio
https://www.ubereats.com/cleveland/food-delivery/mcdonalds-center-ridge-%26-river-oaks/2MDdu8SCR1e7M5FB4ma-Eg,berea-ohio
https://www.ubereats.com/cleveland/food-delivery/firehouse-subs-17250-royalton/ZeIvBnzvS36wHG-Ed6GxVA,berea-ohio
https://www.ubereats.com/cleveland/food-delivery/mister-bs-pub-and-eatery/SBrpmXyHRdy4GrWS8cAEpg,berea-ohio
https://www.ubereats.com/cleveland/food-delivery/mcdonalds-sprague-%26-york/4drOXlbiQ-marc1Afj7ESQ,berea-ohio
https://www.ubereats.com/cleveland/food-delivery/grindstone-tap-house/7QglkiYGRlKf89tWZApuWQ,berea-ohio
https://www.ubereats.com/cleveland/food-delivery/pjs-legendary-hot-chicken/tDRmKnDlTQuzsvCwQUQSIA,berea-ohio
https://www.ubereats.com/cleveland/food-delivery/cle-wing-co-parma/THxT193bTaK1m80BtrOVVw,berea-ohio
https://www.ubereats.com/cleveland/food-delivery/taco-bell-14701-snow-rd/7qt7jd-rTI2SQvOuiEonZw,berea-ohio
https://www.ubereats.com/cleveland/food-delivery/sips-n-such/qMPjmAkMSUiowij3OIqz0A,berea-ohio
https://www.ubereats.com/cleveland/food-delivery/dindigul-dosa-corner/1kB7kGwfQBSEe4iave33EA,berea-ohio
https://www.ubereats.com/cleveland/food-delivery/papa-johns-6701-royalton-road/vLqeYwUfR0CGHZ4cFwvoqQ,berea-ohio
https://www.ubereats.com/cleveland/food-delivery/houlihans-westlake/scZZ7B3wQpq0c8anOghtsg,berea-ohio
https://www.ubereats.com/cleveland/food-delivery/avon-brewing-company/VRaCUQu1TJub6E1-hEWm6g,berea-ohio
https://www.ubereats.com/cleveland/food-delivery/shawarma-king/yIp3xHHxQvCaOEHzQf-QYw,berea-ohio
https://www.ubereats.com/cleveland/food-delivery/cockys-bagels/oEGbxgOCQyOelGbSdfCaJg,berea-ohio
https://www.ubereats.com/cleveland/food-delivery/wendys-6530-pearl-road/RGCXtEqqQfaENI-1lYlQrQ,berea-ohio
https://www.ubereats.com/cleveland/food-delivery/wing-squad-westlake/XbLK1JtiTZ2pCbNMEbaOMg,berea-ohio
https://www.ubereats.com/cleveland/food-delivery/dolce-wraps-westgate-mall/lDI8laHuSpqK5nL3exlUFw,berea-ohio
https://www.ubereats.com/cleveland/food-delivery/harry-buffalo-parma-heights/gv9xhISmQUSpWlE6Dsjl1g,berea-ohio
https://www.ubereats.com/cleveland/food-delivery/kfc-27901-lorain-road/kFo6BHf6Q2iZdv-fN1QmxA,berea-ohio
https://www.ubereats.com/cleveland/food-delivery/moes-southwest-grill-olmsted/AYNs-h7lSxWlBI38n0JQQQ,berea-ohio
https://www.ubereats.com/cleveland/food-delivery/moes-southwest-grill-avon/hFGJZHQYRDiOnp_45Ki_jg,berea-ohio
https://www.ubereats.com/cleveland/food-delivery/pjs-legendary-hot-chicken/cEdmnQlLSCO0atjLVw4CtQ,berea-ohio
https://www.ubereats.com/cleveland/food-delivery/panera-203394/UQfyizyLQTGOQFg10gC3UQ,berea-ohio
https://www.ubereats.com/cleveland/food-delivery/sbarro-768-southpark-center-sp%23fc768/hW8UrY3SSQuk69WWErsPoA,berea-ohio
https://www.ubereats.com/cleveland/food-delivery/dindigul-tandoori-kitchen/pGOYFJXQS5yDmMK6mhfEJA,berea-ohio
https://www.ubereats.com/cleveland/food-delivery/arbys-15112-pearl-rd/xRVlSxoWTfOpxCo0gKD9OA,berea-ohio
https://www.ubereats.com/cleveland/food-delivery/cle-wings-co-n-olmsted/IN3rJGqfRTiYbH9O-fa4uw,berea-ohio
https://www.ubereats.com/cleveland/food-delivery/bibibop-asian-grill-15191-pearl-road/7AoBL1f4Q3KIJ9V9HOdL7Q,berea-ohio
https://www.ubereats.com/cleveland/food-delivery/wendys-14944-pearl-rd/5RlWp2A0QZGehdctDw1EuQ,berea-ohio
https://www.ubereats.com/cleveland/food-delivery/3-brothers-pizza/Y-O2GoCKS6uxY5A4PSelZg,berea-ohio
https://www.ubereats.com/cleveland/food-delivery/arbys-3521-center-rd/1x7VBLHbSGewGLS-ar_RRA,berea-ohio
https://www.ubereats.com/cleveland/food-delivery/mooyah-burgers-middleburg-heights/3dN_ueMkQGWPM0ZGQaoDjg,berea-ohio
https://www.ubereats.com/cleveland/food-delivery/olympia-sweet-treats-%26-grill/mNuQix8ATiGh1n-8S2DBlQ,berea-ohio
https://www.ubereats.com/cleveland/food-delivery/macaroni-grill-nolmsted/gzSTaUdNS8-h6Wa8tQe0CA,berea-ohio
https://www.ubereats.com/cleveland/food-delivery/papa-johns-114-front-st/saso31ycSTqtzWW0ewGsww,berea-ohio
https://www.ubereats.com/cleveland/food-delivery/mr-hero-strongsville/3s_FaxtHTxSqbUPyFVTcXQ,berea-ohio
https://www.ubereats.com/cleveland/food-delivery/honeybaked-ham-21943-center-ridge-rd/QcFhdrjIQmq6KV41FfyiQg,berea-ohio
https://www.ubereats.com/cleveland/food-delivery/bjs-restaurant-%26-brewhouse-25779-brookpark-road/dt-XtpY8REGWicHmHf34_A,berea-ohio
https://www.ubereats.com/cleveland/food-delivery/si-senor-mexican-restaurant/ZI_FsBDQSwmUQAec9svONA,berea-ohio
https://www.ubereats.com/cleveland/food-delivery/mr-hero-grand-st/SavncDCsS6Kjn-0pm17EuA,berea-ohio
https://www.ubereats.com/cleveland/food-delivery/barry-bagels-avon/WCEgG_xgSca3FvMzAb6N4g,berea-ohio
https://www.ubereats.com/cleveland/food-delivery/mashiso-asian-grille/IPJ9lQDxQd6dmoJHMMKvgw,berea-ohio
https://www.ubereats.com/cleveland/food-delivery/the-ice-cream-shop/Ax9BZkfVR62ocnPIxPfo6Q,berea-ohio
https://www.ubereats.com/cleveland/food-delivery/mr-hero-1737-pearl-rd/3GGO_tYhTiCvNYyZdu01eA,berea-ohio
https://www.ubereats.com/cleveland/food-delivery/kfc-12827-pearl-road/nCvuh_StQ4ut3YAXbohiuQ,berea-ohio
https://www.ubereats.com/cleveland/food-delivery/firehouse-subs-21860-center-ridge-rd/5cdHXKgZQAaZhcqKHRkETw,berea-ohio
https://www.ubereats.com/cleveland/food-delivery/wendys-26650-lorain-rd/8S4O2n86SKqg_fY03hjXMg,berea-ohio
https://www.ubereats.com/cleveland/food-delivery/bagleys-grill/x0vKQqWlQ6uXlp_aWJcDnQ,berea-ohio
https://www.ubereats.com/cleveland/food-delivery/chipotle-mexican-grill-10325-cascade-xing/Ddoh-FhIQ9KUoBdzB5OKmQ,berea-ohio
https://www.ubereats.com/cleveland/food-delivery/ohashi-sushi/fLR2dL1rSnSxACoqF7wJXA,berea-ohio
https://www.ubereats.com/cleveland/food-delivery/big-boy-12920-brookpark-rd/Dm3JEZWJTO6HnSLKaaXvNA,berea-ohio
https://www.ubereats.com/cleveland/food-delivery/rivals-sports-grille/y3fIux32QA6dVPVHrKKxjQ,berea-ohio
https://www.ubereats.com/cleveland/food-delivery/thai-elephant/hKCryAC8RIW0VW3xPb415g,berea-ohio
https://www.ubereats.com/cleveland/food-delivery/subway-7214-pearl-rd/YdJg9dCfT1Sz7EDwTIo__Q,berea-ohio
https://www.ubereats.com/cleveland/food-delivery/bob-evans-120-25853-lorain-road/5zM3EXSASbOWjLCrMDMlPA,berea-ohio
https://www.ubereats.com/cleveland/food-delivery/the-woods-restaurant-and-lounge/EINCZvqYQ-mh_pDiKutyFw,berea-ohio
https://www.ubereats.com/cleveland/food-delivery/chipotle-mexican-grill-500-southpark-ctr/_HYYXdjnSMaOBS7584vzFA,berea-ohio
https://www.ubereats.com/cleveland/food-delivery/la-casa-tequila/h0uW9V-KRmeCGuuh1bYalQ,berea-ohio
https://www.ubereats.com/cleveland/food-delivery/cleveland-vegan/mh5YdTeJTNe2sbhBRVuhKw,berea-ohio
https://www.ubereats.com/cleveland/food-delivery/dairy-queen-treat-21665-center-ridge-rd/XoB8ymC5RHCWopX1PEYsFQ,berea-ohio
https://www.ubereats.com/cleveland/food-delivery/mootown-vegan-creamery/9y5mVJopTFCeDdomVrsUTw,berea-ohio
https://www.ubereats.com/cleveland/food-delivery/kfc-5380-pearl-road/NhDu-sHMSsePAIhn8ZYGQw,berea-ohio
https://www.ubereats.com/cleveland/food-delivery/tavolo-72/s4v5UYfhTD6Fd_YH5xTCdw,berea-ohio
https://www.ubereats.com/cleveland/food-delivery/gourme-family-restaurant/vIzM8RIfQ7iZXcl4n7GRIw,berea-ohio
https://www.ubereats.com/cleveland/food-delivery/spring-garden-chinese-restaurant/fzM05WKTRueFbEASVrquFw,berea-ohio
https://www.ubereats.com/cleveland/food-delivery/taco-bell-21805-center-ridge-road/SBLPQTFFSIe5m-EzWAQGeA,berea-ohio
https://www.ubereats.com/cleveland/food-delivery/geppettos/72x0YEPSQBacxXof0Vtvhg,berea-ohio
https://www.ubereats.com/cleveland/food-delivery/berea-smokehouse-barbecue-and-grill/2TeTZ3BmRXmexHRTBaAH0w,berea-ohio
https://www.ubereats.com/cleveland/food-delivery/rock-creek-kitchen-%26-bar/RvqePQ8FSEqeVjpnunVj8Q,berea-ohio
https://www.ubereats.com/cleveland/food-delivery/arbys-7095-engle-rd/pR284JkESaeMBA9_dhcsWQ,berea-ohio
https://www.ubereats.com/cleveland/food-delivery/mcdonalds-day-%26-ridge/xbLRACb9TPiWfzdR97MBBg,berea-ohio
https://www.ubereats.com/cleveland/food-delivery/macaroni-grill-strongsville/_ysojkaSS6W0P_um33fTEQ,berea-ohio
https://www.ubereats.com/cleveland/food-delivery/the-ice-cream-shop/0cCEUh2qQB6gJn4D-z12fg,berea-ohio
https://www.ubereats.com/cleveland/food-delivery/al-pita-mediterranean-cuisine/tsAzG60LRJuCO_FE5wH_OA,berea-ohio
https://www.ubereats.com/cleveland/food-delivery/himalayan-restaurant/MVWrZfpUT_2VcQe9gFjzew,berea-ohio
https://www.ubereats.com/cleveland/food-delivery/harry-buffalo-north-olmsted/3N55ZLODQRmhCgi1RzfUkg,berea-ohio
https://www.ubereats.com/cleveland/food-delivery/kfc-5525-royalton-road/hnnPehSoRzK8zpNdS2iT2w,berea-ohio
https://www.ubereats.com/cleveland/food-delivery/dindigul-dhaba/WLjkcPpxSS6uuaDmJC_JLg,berea-ohio
https://www.ubereats.com/cleveland/food-delivery/cuisine-of-india/MQGMpjzLTvOngy33-bYD5A,berea-ohio
https://www.ubereats.com/cleveland/food-delivery/two-bucks-middleburg/G1ZHpxnzRFGSlOvpFEGZuA,berea-ohio
https://www.ubereats.com/cleveland/food-delivery/new-china-renaissance-%E6%B1%9F%E5%8D%97%E8%B6%99/nJmsr7wAQ9KBwonna8nuqw,berea-ohio
https://www.ubereats.com/cleveland/food-delivery/whip-restaurant-enterprise/g7RPGqJdRoKFephBT2HeQQ,berea-ohio
https://www.ubereats.com/cleveland/food-delivery/brown-derby/Hn7mgD-HR86UU285Mwt-ww,berea-ohio
https://www.ubereats.com/cleveland/food-delivery/fresh-healthy-cafe/yqmcppD6T7mKSdX9eW2zsw,berea-ohio
https://www.ubereats.com/cleveland/food-delivery/china-wok/2Q_2oFTISFumJNymLE04_g,berea-ohio
https://www.ubereats.com/cleveland/food-delivery/pita-pit-strongsville/pEXmF_gzQdGBYtKg3bXXfA,berea-ohio
https://www.ubereats.com/cleveland/food-delivery/aces-depot/hCz6TgIuQFewMHqkDpPQhg,berea-ohio
https://www.ubereats.com/cleveland/food-delivery/pza-westlake/1hzUBEClRaeua8tg3Z0mXg,berea-ohio
https://www.ubereats.com/cleveland/food-delivery/carrabbas-25054-sperry-drive/a-7om29RQs-udmgrll3Zow,berea-ohio
https://www.ubereats.com/cleveland/food-delivery/starbucks-middleburg-heights/hGckh4QiQQm5fnaqHsKkXQ,berea-ohio
https://www.ubereats.com/cleveland/food-delivery/hecks-cafe-avon/Ym7C6kimQaGHorOUyK348w,berea-ohio
https://www.ubereats.com/cleveland/food-delivery/taco-bell-3250-center-rd/x97UCrmaTuKqt2E8X5kYxA,berea-ohio
https://www.ubereats.com/cleveland/food-delivery/rallys-14911-snow-road/ps50m9R3TgeWpkgaEVBUrA,berea-ohio
https://www.ubereats.com/cleveland/food-delivery/farris-drive-thru/Fc7kEYr0TW2pJeBX0ON6TQ,berea-ohio
https://www.ubereats.com/cleveland/food-delivery/taco-bell-24247-lorain-rd/GXUtROJISEChfWkqM0iSkQ,berea-ohio
https://www.ubereats.com/cleveland/food-delivery/mr-hero-5875-smith-road/CRaYUvb2T7GcB5z-zJ_s7Q,berea-ohio
https://www.ubereats.com/cleveland/food-delivery/dennys-4331-w-150th-st/kmFAlhCxRmmU-akKJSOw8w,berea-ohio
https://www.ubereats.com/cleveland/food-delivery/common-grounds/GHMqC7sYQRSVXn55di5-Vg,berea-ohio
https://www.ubereats.com/cleveland/food-delivery/arabian-village/lPMhEu8TTDy3SqcwVmMoqA,berea-ohio
https://www.ubereats.com/cleveland/food-delivery/dunkin-17801-bagley-rd/fmyR_eHaTK6fTnlezSK65A,berea-ohio
https://www.ubereats.com/cleveland/food-delivery/taco-bell-6447-north-royalton-rd/xg2H9q_5T7eUMlZePKM0ug,berea-ohio
https://www.ubereats.com/cleveland/food-delivery/little-caesars-26832-lorain-rd/jiBdxofHQWuY9fbDN2hIJw,berea-ohio
https://www.ubereats.com/cleveland/food-delivery/taco-bell-7475-day-dr/Gq-zHP95QXqcoZ0vNXQAbA,berea-ohio
https://www.ubereats.com/cleveland/food-delivery/romeos-pizza-kamms-corners/-CYFdj72Q7Gv7eToae1o8A,berea-ohio
https://www.ubereats.com/cleveland/food-delivery/red-lantern-kitchen-%26-bar/GDEtKmxCTiOKwgs2nAB6rw,berea-ohio
https://www.ubereats.com/cleveland/food-delivery/burger-king-1321-west-bagley-road/bjvli1crScG26cABdIB2rQ,berea-ohio
https://www.ubereats.com/cleveland/food-delivery/rallys-3806-west-150th-street/zJkkOBExQcG168p3NfFepg,berea-ohio
https://www.ubereats.com/cleveland/food-delivery/famous-gyro-george-brunswick/NmWXVkMvRmeN4cKvj_24Aw,berea-ohio
https://www.ubereats.com/cleveland/food-delivery/bob-evans-27-17011-bagley-road/pUjRYeCIRWSMsk3AVea9cA,berea-ohio
https://www.ubereats.com/cleveland/food-delivery/papa-johns-16494-pearl-rd/JX7zDIxSSeG9EOrjgAl6HQ,berea-ohio
https://www.ubereats.com/cleveland/food-delivery/mcdonalds-pearl-%26-whitney/YywcAEkBQBOY8zpei-QFoQ,berea-ohio
https://www.ubereats.com/cleveland/food-delivery/sultan-food-and-deli/_BvN_8rjR_m-XH5Ox9jdVA,berea-ohio
https://www.ubereats.com/cleveland/food-delivery/bistro-on-130/4AgQweLYSNuIoJb1ZPNdFg,berea-ohio
https://www.ubereats.com/cleveland/food-delivery/ferris-steakhouse-%26-tavern/WQ115jyXQYi77Y37lboamg,berea-ohio
https://www.ubereats.com/cleveland/food-delivery/mr-hero-pearl-road/y7tLY7SWSeSfnk7Om9cThA,berea-ohio
https://www.ubereats.com/cleveland/food-delivery/suds-maguires-bar-%26-grill/bAZnTJWpSAOEebsFxMNNOg,berea-ohio
https://www.ubereats.com/cleveland/food-delivery/bomba-tacos-%26-rum/bWFPAlwPRNC2tDTlMcjhMg,berea-ohio
https://www.ubereats.com/cleveland/food-delivery/dairy-queen-grill-%26-chill-12980-w-sprague-rd/IO5W3D7wSlq0GSwBnH9Wvg,berea-ohio
https://www.ubereats.com/cleveland/food-delivery/steak-n-shake-6880-ridge-road/tBAwRUsXTYmCyKMKxAhdKw,berea-ohio
https://www.ubereats.com/cleveland/food-delivery/slim-and-chubbys/40sbOxyJRHyTIgTO3ujW0w,berea-ohio
https://www.ubereats.com/cleveland/food-delivery/the-brick-oven/KfmGqzSfQdCYb4Ri1yjVWQ,berea-ohio
https://www.ubereats.com/cleveland/food-delivery/charleys-philly-steaks-north-olmsted/kGSJ2Yc-RzCL8L5dyG9srQ,berea-ohio
https://www.ubereats.com/cleveland/food-delivery/brew-kettle-taproom/6vjpefD6RxaUQZU1rPOsyQ,berea-ohio
https://www.ubereats.com/cleveland/food-delivery/taco-bell-32350-lorain-road/BdOEEiHZRYCD5kCxxJ21iA,berea-ohio
https://www.ubereats.com/cleveland/food-delivery/the-ice-cream-shop/4wcPSKVQT52mwXm34HTFVw,berea-ohio
https://www.ubereats.com/cleveland/food-delivery/stancatos-italian-restaurant/l2K1oYJ1TeWEor3aSt7fRA,berea-ohio
https://www.ubereats.com/cleveland/food-delivery/bonchon-chicken-7581-broadview-rd/X2X5rIKqRpq6zdGcW0xsHQ,berea-ohio
https://www.ubereats.com/cleveland/food-delivery/mootown-creamery%3A-homemade-ice-cream/LcEpBeQYQWW_DPV_s05_vA,berea-ohio
https://www.ubereats.com/cleveland/food-delivery/panda-express-6895-ridge-road/xbLu_rC1SkGgweTj-DNCCg,berea-ohio
https://www.ubereats.com/cleveland/food-delivery/the-campus-grille-latin/ju_r12npSKqLhkI4drg-uQ,berea-ohio
https://www.ubereats.com/cleveland/food-delivery/mobil-cafe/g3EVdxzkT4KK_MBu-6Y-7Q,berea-ohio
https://www.ubereats.com/cleveland/food-delivery/five-guys-oh-1003-26037-lorain-rd/N97ooPL1SfCR8k7-GcnKQw,berea-ohio
https://www.ubereats.com/cleveland/food-delivery/taco-bell-6698-pearl-road/UPXDaBP5QsmrcMhp3dfQ4A,berea-ohio
https://www.ubereats.com/cleveland/food-delivery/buca-di-beppo-westlake-detroit-road/d7z4zXoFQN6Cc0znKmAdxg,berea-ohio
https://www.ubereats.com/cleveland/food-delivery/papa-johns-24753-lorain-rd/YAwSuExgRLO8kBObANXadg,berea-ohio
https://www.ubereats.com/cleveland/food-delivery/cracker-barrel-old-country-store-5100-tiedeman-rd/QvPZwZqJS928MsXPwQ9msA,berea-ohio
https://www.ubereats.com/cleveland/food-delivery/outback-steakhouse-6950-ridge-road/tPw-ghJYQD--ebK8FBZjmA,berea-ohio
https://www.ubereats.com/cleveland/food-delivery/pza-strongsville/on3YGlUSS8eX1mMvJEwacQ,berea-ohio
https://www.ubereats.com/cleveland/food-delivery/starbucks-cornerstone-plaza/sDeJNFvCQv2BnudO08rn6A,berea-ohio
https://www.ubereats.com/cleveland/food-delivery/ocharleys-strongsville/2J5VSnlNQt-590SjxhViug,berea-ohio
https://www.ubereats.com/cleveland/food-delivery/mcdonalds-bagley-%26-barrett/0rSLnpO2QnyS3zTiiWXrMg,berea-ohio
https://www.ubereats.com/cleveland/food-delivery/papa-johns-6649-pearl-rd/_l6E6p1ARdymusxjfgcevA,berea-ohio
https://www.ubereats.com/cleveland/food-delivery/auntie-annes-1000-chestnut-commons-drive/Ed3ANOm4ThSp8Y7Jm-6eyw,berea-ohio
https://www.ubereats.com/cleveland/food-delivery/primoz-pizza/pMTVIzRbTy2p0kfaR8uYzg,berea-ohio
https://www.ubereats.com/cleveland/food-delivery/thirst-and-ten-sports-grille/KHfzBOgyRlqR-tcKCY7lCg,berea-ohio
https://www.ubereats.com/cleveland/food-delivery/mcdonalds-bagley-%26-engle/rw4mt0HBS-Gvi9cX5duv9w,berea-ohio
https://www.ubereats.com/cleveland/food-delivery/auntie-annes-196-great-northern-mall/moFjH6tZTQ2UhDsA3vXEeg,berea-ohio
https://www.ubereats.com/cleveland/food-delivery/dons-pomeroy-house/fsnrQhYISmu7Gpb0notn1w,berea-ohio
https://www.ubereats.com/cleveland/food-delivery/arbys-14500-snow-rd/68WPMuGkRDiURUw-XMRXbA,berea-ohio
https://www.ubereats.com/cleveland/food-delivery/cle-wing-co-middleburg/O2uyafUjRCeS9RY8kO-p3w,berea-ohio
https://www.ubereats.com/cleveland/food-delivery/dairy-queen-grill-%26-chill-12152-pearl-rd/himQFMCBQUGnZKHFPykYqA,berea-ohio
https://www.ubereats.com/cleveland/food-delivery/mcdonalds-lorain-%26-dover-center/Z64HMHf_SR-oAGU1JC46CQ,berea-ohio
https://www.ubereats.com/cleveland/food-delivery/subway-7792-w-130th-st/CNqdXBe8Qtqp5w0bp76msA,berea-ohio
https://www.ubereats.com/cleveland/food-delivery/sammys-of-parma/hE4VWG42S9Ox1TdTPqWnYA,berea-ohio
https://www.ubereats.com/cleveland/food-delivery/annapurna-indian-vegetarian-food/5kUtDtnUQHmWMSu-rNPDvA,berea-ohio
https://www.ubereats.com/cleveland/food-delivery/the-proper-pig-smokehouse/rLXg7c0WQ-OFdG_BYD1Gyw,berea-ohio
https://www.ubereats.com/cleveland/food-delivery/subway-14364-pearl-rd/HQYvOUb5SHaRKIjLnhKvUQ,berea-ohio
https://www.ubereats.com/cleveland/food-delivery/krispy-kreme-pearl-rd-%26-smith-rd/WHshI9QHRcWsLKuU1nQZVA,berea-ohio
https://www.ubereats.com/cleveland/food-delivery/tgi-fridays-1412-brooklyn-oh/UJwMHMGaQZizkNmmazKwxg,berea-ohio
https://www.ubereats.com/cleveland/food-delivery/colossal/cIacjsdNQTmjzcoHQgCkrA,berea-ohio
https://www.ubereats.com/cleveland/food-delivery/revision-lounge/k0CuS_T6QHyiS3xB9QztTw,berea-ohio
https://www.ubereats.com/cleveland/food-delivery/moms-deli-%26-grille/dEZUddlxSim8jY9xFQJ96Q,berea-ohio
https://www.ubereats.com/cleveland/food-delivery/giovannis-pizza/7kc49iC9SSutuDj3UNyl6Q,berea-ohio
https://www.ubereats.com/cleveland/food-delivery/popeyes-26170-lorain-road/mW0bmUW1R1mGRIaN-GjBjA,berea-ohio
https://www.ubereats.com/cleveland/food-delivery/the-garden-family-restaurant/AJ0hkjPdSaahFzF44PoPyg,berea-ohio
https://www.ubereats.com/cleveland/food-delivery/mcdonalds-pearl-%26-bagley/jgD2n8QZQIm9GoBMvqKdJg,berea-ohio
https://www.ubereats.com/cleveland/food-delivery/subway-8585-pearl-rd/cb1xXDHRQie1CtxoqBKlog,berea-ohio
https://www.ubereats.com/cleveland/food-delivery/amici-restaurant-%26-bar/emXIMKL6Rb6-XlHI-ICogg,berea-ohio
https://www.ubereats.com/cleveland/food-delivery/the-original-pancake-house-3000-westgate/vVfngRWQSrm5iwcnSDO3QA,berea-ohio
https://www.ubereats.com/cleveland/food-delivery/my-pizzetta/kRCJMiixQ4uFtNKp8fJjMQ,berea-ohio
https://www.ubereats.com/cleveland/food-delivery/dragon/z1NWgaIWSlij87RbTvk0hQ,berea-ohio
https://www.ubereats.com/cleveland/food-delivery/carrabbas-5030-tiedeman-road/Z-Wf9LK5TOCsKb5ICC2u2A,berea-ohio
https://www.ubereats.com/cleveland/food-delivery/kosta-%26-vics-family-restaurant/hAI5uS5lRuGlZXbevoltIw,berea-ohio
https://www.ubereats.com/cleveland/food-delivery/deli-4-less-convenient/-yL9lGkrQlKi5g0Di-SVDw,berea-ohio
https://www.ubereats.com/cleveland/food-delivery/five-guys-oh-1813-8249-w-ridgewood-dr/tzof3cnISr6IT62wOMR_iA,berea-ohio
https://www.ubereats.com/cleveland/food-delivery/mcdonalds-14615-pearl-rd/Dj0fmv0PR8O_Ou0vcMkkTQ,berea-ohio
https://www.ubereats.com/cleveland/food-delivery/the-ice-cream-shop/i4Gg0Vb8SB-zKkYItRLUkA,berea-ohio
https://www.ubereats.com/cleveland/food-delivery/mcdonalds-lorain-%26-226th-st/GJY67GpDTSW2LKaq9WRNXw,berea-ohio
https://www.ubereats.com/cleveland/food-delivery/subway-821-north-rocky-river-dr/eRSyWtNiSeuFlJOwSZ4csA,berea-ohio
https://www.ubereats.com/cleveland/food-delivery/assads-mediterranean-cuisine/2J3w89xuRdSXao8I9yvAjw,berea-ohio
https://www.ubereats.com/cleveland/food-delivery/hooley-house-sports-pub-%26-grille/7WX1uYobRlaJrgQB0OkzUA,berea-ohio
https://www.ubereats.com/cleveland/food-delivery/matteos-casual-italian/LvwuD5_CQRm4CfUEBGUd4Q,berea-ohio
https://www.ubereats.com/cleveland/food-delivery/red-lobster-17227-southpark-center/nRFqmFbqRcqZAmqqQ8SAJA,berea-ohio
https://www.ubereats.com/cleveland/food-delivery/wendys-34323-center-ridge/z4BUIivQSf6A-VozlMBTVA,berea-ohio
https://www.ubereats.com/cleveland/food-delivery/subway-28661-lorain-rd/S7aAHiEsQnyWpKWxyrFF7w,berea-ohio
https://www.ubereats.com/cleveland/food-delivery/subway-6641-pearl-rd/S2hG5AEcS2-tQ-r0htP8gA,berea-ohio
https://www.ubereats.com/cleveland/food-delivery/cinnamon-club-indian-bistro-and-%26-bar/T0CvAjTlSV6xVElFxc3-xw,berea-ohio
https://www.ubereats.com/cleveland/food-delivery/burger-king-18000-bagley-road/gphao5VhQIC9w06judxX6A,berea-ohio
https://www.ubereats.com/cleveland/food-delivery/orange-cafe/ZZxrj7fFSta8yPrBe3wzsg,berea-ohio
https://www.ubereats.com/cleveland/food-delivery/biryani-house-indian-restaurant/5prux9OsQ5imAT_UIvx2hg,berea-ohio
https://www.ubereats.com/cleveland/food-delivery/sky-mediterranean-lounge-%26-cuisine/WnKMA7RYTwO79rCyDfkD0g,berea-ohio
https://www.ubereats.com/cleveland/food-delivery/sakura-sushi-house/So9U5dfiRyGpr-qIv9uimg,berea-ohio
https://www.ubereats.com/cleveland/food-delivery/johnny-js-pub-%26-grille/_XjxHFeXSMmmFTxkh2L7aQ,berea-ohio
https://www.ubereats.com/cleveland/food-delivery/fired-up-taco-truck/r3q9hWhMTBWJ_byBSzZdpQ,berea-ohio
https://www.ubereats.com/cleveland/food-delivery/brew-garden/Ljq9QuJgRHeHJwwMO9ssqA,berea-ohio
https://www.ubereats.com/cleveland/food-delivery/romeos-pizza-brook-park/dORZcHdjQ0CkCewOdSsJVA,berea-ohio
https://www.ubereats.com/cleveland/food-delivery/china-renaissance/2iIJ8LVkQ3Wtf5rPwA747A,berea-ohio
https://www.ubereats.com/cleveland/food-delivery/dairy-queen-grill-%26-chill-1418-pearl-rd/L8RpsiY6R4Wpo_KFwkNj4Q,berea-ohio
https://www.ubereats.com/cleveland/food-delivery/chipotle-mexican-grill-7683-w-ridgewood-dr/ERtWVXZiTpmTh7fXw-GdyA,berea-ohio
https://www.ubereats.com/cleveland/food-delivery/crown-of-india/-oWUdYbdQYGTOTc8JGfBBA,berea-ohio
https://www.ubereats.com/cleveland/food-delivery/greek-village-grille/X0wf9oRoQdm0wq_8-a_dEg,berea-ohio
https://www.ubereats.com/cleveland/food-delivery/jersey-mikes/go31AUH3RaO0YNEN6PgpPw,berea-ohio
https://www.ubereats.com/cleveland/food-delivery/outback-steakhouse-24900-sperry-drive/JDxYs9G8QiC2kOYa1a6TPQ,berea-ohio
https://www.ubereats.com/cleveland/food-delivery/the-berea-depot/TzpUB2KkSoqUDZOw7YKzSw,berea-ohio
https://www.ubereats.com/cleveland/food-delivery/chipotle-mexican-grill-21029-center-ridge-rd/_L3ZgcTbR0iV7n5WGn1dIg,berea-ohio
https://www.ubereats.com/cleveland/food-delivery/mr-hero-center-ridge-rd/qFpOUXtyRgCm1Hme_CPAQg,berea-ohio
https://www.ubereats.com/cleveland/food-delivery/the-local-bar/Rnw7D5LRQzy6FJxvidU_fg,berea-ohio
https://www.ubereats.com/cleveland/food-delivery/stella-mia-ristorante/18LIqTepRmiQZD1xcFn0Ag,berea-ohio
https://www.ubereats.com/cleveland/food-delivery/cle-burger-co-n-olmsted/MxRoMJnET9aKxdAeZqTTYQ,berea-ohio
https://www.ubereats.com/cleveland/food-delivery/kfc-25467-detroit-avenue/LR9wS7H0T8KY9p3wiBZhdA,berea-ohio
https://www.ubereats.com/cleveland/food-delivery/the-rail-strongsville/N7jTLYvjQyaxD_pWokFVPQ,berea-ohio
https://www.ubereats.com/cleveland/food-delivery/mrhero-%26-pearl-beverage-and-deli/ePgd92jQQe6u8DXVA5Ajdw,berea-ohio
https://www.ubereats.com/cleveland/food-delivery/applebees-6871-pearl-road-%2388011/pAxm2vQ9SxeuLceApufXAQ,berea-ohio
https://www.ubereats.com/cleveland/food-delivery/starbucks-dover-center-%26-lorain-rd/8ava4YSfQJmZXduJHOrdYg,berea-ohio
https://www.ubereats.com/cleveland/food-delivery/bob-evans-56-16500-snow-road/HjG64CneSnCo2wpA1uUQlA,berea-ohio
https://www.ubereats.com/cleveland/food-delivery/6flavors-indian-cuisine/pJcTK5MsQQuTWwTJCwcaxw,berea-ohio
https://www.ubereats.com/cleveland/food-delivery/chipotle-mexican-grill-17999-bagley-rd/fTNTteXYThqFCAPXsUxq_A,berea-ohio
https://www.ubereats.com/cleveland/food-delivery/old-carolina-barbecue-company-strongsville/5n3LotouQeCYknTTat2_Bg,berea-ohio
https://www.ubereats.com/cleveland/food-delivery/el-arepazo-y-pupuseria/2QZ21tcvSYKSuxgwQ8V5_w,berea-ohio
https://www.ubereats.com/cleveland/food-delivery/arbys-34011-center-ridge-rd/Kff_rp28TUKVYQpZ5kFa1w,berea-ohio
https://www.ubereats.com/cleveland/food-delivery/auntie-annes-9115-southpark-center/LOpeSIEkTGe-v7nh484Nzg,berea-ohio
https://www.ubereats.com/cleveland/food-delivery/gibbs-butcher-%26-brew/_4Aat136RXqANCJniYBUXw,berea-ohio
https://www.ubereats.com/cleveland/food-delivery/dickeys-barbeque-7769-day-drive/rOBLVgfkSd2Qx1_S579DLg,berea-ohio
https://www.ubereats.com/cleveland/food-delivery/go-buddah-meals/qigLCYP9R06OyOEuA8E_lg,berea-ohio
https://www.ubereats.com/cleveland/food-delivery/bakers-square-7011-west-130th-street/raoEgafGQM-G7tmRUFBlAw,berea-ohio
https://www.ubereats.com/cleveland/food-delivery/taco-bell-14529-pearl-rd/AC5ympVcQG6Jn7rJ8X039Q,berea-ohio
https://www.ubereats.com/cleveland/food-delivery/arbys-6677-pearl-rd/nq4BoCZJQOeWHtAw2xQItw,berea-ohio
https://www.ubereats.com/cleveland/food-delivery/zamzam-grill/FbfwP4w-T9CVQf9qB2rQLg,berea-ohio
https://www.ubereats.com/cleveland/food-delivery/snappys-chill-grill/F1s13Ut8SrurRPe7UU1Lag,berea-ohio
https://www.ubereats.com/cleveland/food-delivery/arbys-480-west-bagley-rd/hUqeqeoVQTucOXzyd5shRg,berea-ohio
https://www.ubereats.com/cleveland/food-delivery/inchins-bamboo-garden-north-olmsted/ED_iCSRaQ7OK7YuHdMz-DA,berea-ohio
https://www.ubereats.com/cleveland/food-delivery/sammis-deli-and-restaurant/Q8i6W42WQZazlPl7VOCBqQ,berea-ohio
https://www.ubereats.com/cleveland/food-delivery/dennys-25912-lorain-rd/nElnC4vqSCqq4vD4DgJbEw,berea-ohio
https://www.ubereats.com/cleveland/food-delivery/starbucks-parma-ridge-road/u95RAxX-TJy-zPemkION-Q,berea-ohio
https://www.ubereats.com/cleveland/food-delivery/cle-burger-co-middleburg/cnxtqq8DSzGW4BrbriGYMg,berea-ohio
https://www.ubereats.com/cleveland/food-delivery/burgerim-17100-royalton-road/nCpNdzmzRiGde9iff1QMCw,berea-ohio
https://www.ubereats.com/cleveland/food-delivery/hounds-hotdogs-%26-gyros/Td1lNK_uSjS9LJxDhtjPiw,berea-ohio
https://www.ubereats.com/cleveland/food-delivery/five-guys-oh-1817-15171-pearl-rd/QaUu0VqwQgidaBXO1gKY0g,berea-ohio
https://www.ubereats.com/cleveland/food-delivery/zoup!-18086-royalton-road/xFxdaQ6QTG-BnSh3FsLnBg,berea-ohio
https://www.ubereats.com/cleveland/food-delivery/holiday-grill-and-catering/mYvoWc6iRyCtuJ_MuyMzOA,berea-ohio
https://www.ubereats.com/cleveland/food-delivery/fired-up-taco-shop/XCcYCDvIRia5dXez1xTBAg,berea-ohio
https://www.ubereats.com/cleveland/food-delivery/hibachi-steakhouse-lorain-rd/UqGZTPKDSBWdyWAR1D0nfw,berea-ohio
https://www.ubereats.com/cleveland/food-delivery/chipotle-mexican-grill-16729-lorain-ave/iMjS6ikVSG6OFWe-jkctCQ,berea-ohio
https://www.ubereats.com/cleveland/food-delivery/burgerim-19815-center-ridge-road/qxT-W9fSQTO50HLWfGOY6g,berea-ohio
https://www.ubereats.com/cleveland/food-delivery/kfc-14901-snow-road/Yrr69fhjScq5r_gCRvGZ7A,berea-ohio
https://www.ubereats.com/cleveland/food-delivery/subway-4760-grayton-rd/baMGLaEFSpe8Y4ubWEtuCw,berea-ohio
https://www.ubereats.com/cleveland/food-delivery/subway-401-w-bagley-rd/BtbJD66ISTOuX0y_wTp3YQ,berea-ohio
https://www.ubereats.com/cleveland/food-delivery/romeos-pizza-strongsville/N1DCGpweTSCV5XvAKXDcKw,berea-ohio
https://www.ubereats.com/cleveland/food-delivery/cravings-cafe/Y5od7lQVR8ajawV407p7MQ,berea-ohio
https://www.ubereats.com/cleveland/food-delivery/burntwood-tavern-north-olmsted/rcQcqhAcQVW6XAb4KwwAjg,berea-ohio
https://www.ubereats.com/cleveland/food-delivery/brooklyn-bbq/VYUBp_9WTxSJncX2EsHPGQ,berea-ohio
https://www.ubereats.com/cleveland/food-delivery/zoup!-eatery-westwood-town-center/-tADSH83To69ebBuWbBblQ,berea-ohio
https://www.ubereats.com/cleveland/food-delivery/mr-hero-north-olmsted/sL7qtzk1SRKaJkNnCx4NeA,berea-ohio
https://www.ubereats.com/cleveland/food-delivery/bob-evans-16-13050-brookpark-road/sU_llvz1SImpbjmY46sYUg,berea-ohio
https://www.ubereats.com/cleveland/food-delivery/honeybaked-ham-14136-pearl-rd/-1scbjLoRlG71hXG3oQEnw,berea-ohio
https://www.ubereats.com/cleveland/food-delivery/burger-king-799-front-street/SUhTjeKEQCK1bnmj5pfVVA,berea-ohio
https://www.ubereats.com/cleveland/food-delivery/red-lobster-7607-day-drive/Xc8-0XtcT8uNAfRA3jtEgQ,berea-ohio
https://www.ubereats.com/cleveland/food-delivery/outback-steakhouse-17602-royalton-road/1gvC0XHSSNCBB_2azQLyJw,berea-ohio
https://www.ubereats.com/cleveland/food-delivery/vitality-bowls-19511-center-ridge-rd/hhpPz2iCTBKRToYjXhqoCA,berea-ohio
https://www.ubereats.com/cleveland/food-delivery/la-crepe-bakery-and-cafe/8XgE6ll-Qme1d_GBeuQuyw,berea-ohio
https://www.ubereats.com/cleveland/food-delivery/china-dragon/EL_EieT8S5eJ7S7MpxHaVw,berea-ohio
https://www.ubereats.com/cleveland/food-delivery/kfc-3280-center-road/DWgpjPnGQ0WK5JNfXeJJYQ,berea-ohio
https://www.ubereats.com/cleveland/food-delivery/wendys-15170-e-bagley/0TiEGIAgQ8iPi_wLBbgrhQ,berea-ohio
https://www.ubereats.com/cleveland/food-delivery/asia-garden/YkcxthFATRKp6zpwam956Q,berea-ohio
https://www.ubereats.com/cleveland/food-delivery/corleones-ristorante-%26-bar/94ysWUdwQL6IB1QcJGxqzA,berea-ohio
https://www.ubereats.com/cleveland/food-delivery/buca-di-beppo-strongsville-southpark-center/TAln30IkTjC_lugVheb_hA,berea-ohio
https://www.ubereats.com/cleveland/food-delivery/marcos-pizza-435-w-bagley-rd/hHWEz55vQZarsVsbusq_fA,berea-ohio
https://www.ubereats.com/cleveland/food-delivery/hibachi-steakhouse-rockside-rd/ZUqS1VUKRcW25KIeZzSryA,berea-ohio
https://www.ubereats.com/cleveland/food-delivery/frankies-italian-cuisine/GCxPzvwGTSWNFJxktiX6fQ,berea-ohio
https://www.ubereats.com/cleveland/food-delivery/damascus-gate/-I0SkxpbTxKbMD0OX7-kEg,berea-ohio
https://www.ubereats.com/cleveland/food-delivery/voodoo-tuna/tXKe66q5RsCUUMWw3FdxtQ,berea-ohio
https://www.ubereats.com/cleveland/food-delivery/georgios-pizza-north-olmsted/KngurzRAQ5qpZXtMJAElKg,berea-ohio
https://www.ubereats.com/cleveland/food-delivery/thai-spice/hqxdBw6vT2OOZQ_KaTF1MA,berea-ohio
https://www.ubereats.com/cleveland/food-delivery/giovannis-pizzeria/cjVA3oFrRmKLUTSqV3DshA,berea-ohio
https://www.ubereats.com/cleveland/food-delivery/wing-squad-strongsville/totrrPQUR-2ZDRFe6nq1eA,berea-ohio
https://www.ubereats.com/cleveland/food-delivery/red-robin-104-4949-great-northern-blvd/uQVeaO00SRyvd2otMNWtaw,berea-ohio
https://www.ubereats.com/cleveland/food-delivery/mr-hero-detroit-rd/Af2uUYspTMyywNz1cJIzMg,berea-ohio
https://www.ubereats.com/cleveland/food-delivery/little-caesars-3841-center-rd/tyjIkxznS32xuq0uBJoovw,berea-ohio
https://www.ubereats.com/cleveland/food-delivery/buffalo-wild-wings-8465-pearl-rd/c0Lr2Me5TEOd1QaHyCWYHA,berea-ohio
https://www.ubereats.com/cleveland/food-delivery/charley-biggs-kitchen/6Oc2q1FQQrK9j8Gk3351fw,berea-ohio
https://www.ubereats.com/cleveland/food-delivery/zoup!-engle-rd/_Dyf27F0RDq43J8why9i3w,berea-ohio
https://www.ubereats.com/cleveland/food-delivery/gunselmans-tavern/xJonfOzCQkq1uQfH8SJ1vg,berea-ohio
https://www.ubereats.com/cleveland/food-delivery/tgi-fridays-1547-strongsville-oh/q2H7otfhRwuNh3BHMW_-CQ,berea-ohio
https://www.ubereats.com/cleveland/food-delivery/west-park-station/G3PGJBWNTfetPtR_1l4v5A,berea-ohio
https://www.ubereats.com/cleveland/food-delivery/papa-johns-4260-center-road/jCzcibRITzOrwfdksi7IIQ,berea-ohio
https://www.ubereats.com/cleveland/food-delivery/razzles/R0z0fJsIRhangiNGTx1APQ,berea-ohio
https://www.ubereats.com/cleveland/food-delivery/gigis-cupcakes-20649-center-ridge-rd/V_XlcE9mSQaA4bjqb3YYvQ,berea-ohio
https://www.ubereats.com/cleveland/food-delivery/tommys-pizza-%26-chicken/PH0-ojaPRNCx-pDDCH8pOQ,berea-ohio
https://www.ubereats.com/cleveland/food-delivery/erie-island-coffee-company/7AQ3YppiTYmQbRgyZRDaPQ,berea-ohio
https://www.ubereats.com/cleveland/food-delivery/mcdonalds-puritas-%26-143rd-st/oZih4rBFQDeZbPbVbJtGyQ,berea-ohio
https://www.ubereats.com/cleveland/food-delivery/gourmet-guy-cafe/zIs1CUgxTE-oGh8nZ85uTw,berea-ohio
https://www.ubereats.com/cleveland/food-delivery/charleys-philly-steaks-1-southpark-center/RWsaVn1_Ty-H_wCgZOZPgA,berea-ohio
https://www.ubereats.com/cleveland/food-delivery/brew-garden/JqBecO3YSqSMlcL65sl4fA,berea-ohio
https://www.ubereats.com/cleveland/food-delivery/taco-bell-3776-w-150th-street/GkRvsiu_QjquDGadQrSSQg,berea-ohio
https://www.ubereats.com/cleveland/food-delivery/nile-seafood-market-and-restaurant/VD__pFkMR2i0Kc2abyWH3A,berea-ohio
https://www.ubereats.com/cleveland/food-delivery/chipotle-mexican-grill-26420-great-northern-shop-ctr/SsBa9NkVRtCGMZ4Bsi_B2w,berea-ohio
https://www.ubereats.com/cleveland/food-delivery/ieashas-cupcakes/f-Hifw0TT3e5ad164-cY4Q,berea-ohio
https://www.ubereats.com/cleveland/food-delivery/master-pizza-parma/gVC5szh5TaeWYZKpda2Nkw,berea-ohio
https://www.ubereats.com/cleveland/food-delivery/el-patron/qoKMFeXASBuAIKunaIjrdA,berea-ohio
https://www.ubereats.com/cleveland/food-delivery/china-house/O__EztJLTP-TdieCgqTOuA,berea-ohio
https://www.ubereats.com/cleveland/food-delivery/mr-hero-26918-cook-rd/CgwnEJz_R2y8qFLeSYQ1iQ,berea-ohio
https://www.ubereats.com/cleveland/food-delivery/two-bucks-avon/j9v3_YeSQluiYlhXtpIw6A,berea-ohio
https://www.ubereats.com/cleveland/food-delivery/firehouse-subs-shoppes-on-bagley/23CXgDyQRzKnQzn_y8cASA,berea-ohio
https://www.ubereats.com/cleveland/food-delivery/subway-24119-lorain-rd/92bSM5AeRpqTz2Ph6CbnIg,berea-ohio
https://www.ubereats.com/cleveland/food-delivery/gibbs-butcher-%26-brews/abAmZr4BSHqWlZ3gNCf94A,berea-ohio
https://www.ubereats.com/cleveland/food-delivery/sittoos-pita-%26-salads-parma/fDRDgFZNTpC70R-FtvZgww,berea-ohio
https://www.ubereats.com/cleveland/food-delivery/qdoba-broadview-rd/jlDqriHTTVm1g1aj2Z7tTQ,berea-ohio
https://www.ubereats.com/cleveland/food-delivery/mcalisters-deli-356-great-northern-mall/HHVJUr1bReyzPa1u1BCXHw,berea-ohio
https://www.ubereats.com/cleveland/food-delivery/subway-7062-columbia-rd/7Zu97gW5SxaxF5h6aAeeDw,berea-ohio
https://www.ubereats.com/cleveland/food-delivery/boston-market-26440-lorain-road/0h6HBwX9TlWSiQSJBmygsA,berea-ohio
https://www.ubereats.com/cleveland/food-delivery/christines-cuisine/kw92TTZcQfqI6DxlEjcdWw,berea-ohio
https://www.ubereats.com/cleveland/food-delivery/chopsticks-express/nnYIMvUITZKlVTjQaakGsg,berea-ohio
https://www.ubereats.com/cleveland/food-delivery/old-carolina-barbecue-company-rocky-river/a81WDDO_RYGGO5XCdjPWvw,berea-ohio
https://www.ubereats.com/cleveland/food-delivery/jordans-family-restaurant/q0DwidBgTVG3TcbGiCe5PA,berea-ohio
https://www.ubereats.com/cleveland/food-delivery/five-guys-oh-0291-3100-westgate/GXyXErpIRWKsKK9xCsi4lw,berea-ohio
https://www.ubereats.com/cleveland/food-delivery/mr-hero-middleburg-heights/g8jNvAf6QHaX25puJCuHjw,berea-ohio
https://www.ubereats.com/cleveland/food-delivery/two-bucks-n-olmsted/CRn5OKz_QqmcLGBeXagCBg,berea-ohio
https://www.ubereats.com/cleveland/food-delivery/boston-market-14375-pearl-road/vLVuVneCRe-GKs44vLApnA,berea-ohio
https://www.ubereats.com/cleveland/food-delivery/subway-6629-engle-rd/Uv1tBDuYSFygPcPprBgqLQ,berea-ohio
https://www.ubereats.com/cleveland/food-delivery/chipotle-mexican-grill-15029-pearl-rd/6CC0-RZGQvSXqtKjAxqOIg,berea-ohio
https://www.ubereats.com/cleveland/food-delivery/deli4less/KPbuGMWNREm7AkYz8YIEbw,berea-ohio
https://www.ubereats.com/cleveland/food-delivery/zupadi-indian-restaurant/LpyTj7wJTU2a-9InempUfg,berea-ohio
https://www.ubereats.com/cleveland/food-delivery/dairy-queen-grill-%26-chill-24579-lorain-rd/L78VI0pySDm46XOYydfVfA,berea-ohio
https://www.ubereats.com/cleveland/food-delivery/dunkin-26963-lorain-rd/kRqeURNZSLmdzYAoS09ThA,berea-ohio
https://www.ubereats.com/cleveland/food-delivery/udipi-dosa-corner/gvL_OI4uRJWFeovOqCDWXA,berea-ohio
https://www.ubereats.com/cleveland/food-delivery/mr-hero-rocky-river-dr/qFXNh7oBS7K86k0zP4OHRw,berea-ohio
