url,city
https://www.ubereats.com/connecticut/food-delivery/water-street-pub/OVS0wPZ-S6GnDyJdFPq6NQ,bethany-connecticut
https://www.ubereats.com/connecticut/food-delivery/friendlys-140-universal-dr-n/P2YIsK9cQ7aUb1xmePtvUA,bethany-connecticut
https://www.ubereats.com/connecticut/food-delivery/jesse-camilles-restaurant/5cauE06_Q7SOAe_8weYFRw,bethany-connecticut
https://www.ubereats.com/connecticut/food-delivery/uncle-jimmies/sViGlUuZSHmeEwTRAVzqyQ,bethany-connecticut
https://www.ubereats.com/connecticut/food-delivery/amore-apizza/wuaCNA91TRG7_2yM58j-5A,bethany-connecticut
https://www.ubereats.com/connecticut/food-delivery/cheeks-chicken-wallingford/s1MUbgk8SWmJ6sEd_34BVg,bethany-connecticut
https://www.ubereats.com/connecticut/food-delivery/living-right-health-bar/D1aPUFxtREeJXzBbG7v7Pw,bethany-connecticut
https://www.ubereats.com/connecticut/food-delivery/bomb-wings-%26-rice-bar/kFjj0u61Qd2E2BmzeOAF3Q,bethany-connecticut
https://www.ubereats.com/connecticut/food-delivery/the-clamdigger-waterbury/MJY7S1ITRxGTy1QbKNW1XA,bethany-connecticut
https://www.ubereats.com/connecticut/food-delivery/starbucks-hamden/AnXXQE1zSVackbmaUg0Amg,bethany-connecticut
https://www.ubereats.com/connecticut/food-delivery/muyuri-indian/CFA-TVObR32ChLiDYDnwBQ,bethany-connecticut
https://www.ubereats.com/connecticut/food-delivery/pig-rig-bbq/7ZyVQCI_RvuA2ckw2o5yEg,bethany-connecticut
https://www.ubereats.com/connecticut/food-delivery/number-one-chinese-restaurant/MtYZy_cqQ3qkVsE1boYaFQ,bethany-connecticut
https://www.ubereats.com/connecticut/food-delivery/krauszers/1unwnXV1SFeD5w3BxAba4Q,bethany-connecticut
https://www.ubereats.com/connecticut/food-delivery/jersey-mikes-subs-derby-50-pershing-dr/KCtiX6QpS8qq7qS21iCOYA,bethany-connecticut
https://www.ubereats.com/connecticut/food-delivery/taco-bell-973-wolcott-street/MnqrRG13SPGzQPRM62yLxw,bethany-connecticut
https://www.ubereats.com/connecticut/food-delivery/legacy-lounge/aV9r5TfiRU2B2PRd1eZQJg,bethany-connecticut
https://www.ubereats.com/connecticut/food-delivery/sun-rise-house/sp_pX_xiTLm3DC4cA4XZHQ,bethany-connecticut
https://www.ubereats.com/connecticut/food-delivery/sweet-bella-burgers/qqLzr6eAR3WNZ86jZj44pQ,bethany-connecticut
https://www.ubereats.com/connecticut/food-delivery/roodle-rice-%26-noodle-bar-s-broad-st/Q73PQ_ymT1KcQajeOjzNeA,bethany-connecticut
https://www.ubereats.com/connecticut/food-delivery/moes-southwest-grill-970-north-colony-rd/5AZM8HCoSDCoLtHNub8K3g,bethany-connecticut
https://www.ubereats.com/connecticut/food-delivery/momoko-fresh-cut-poke/Gotea2kmTzagVX_CnlJUGg,bethany-connecticut
https://www.ubereats.com/connecticut/food-delivery/tokyo-sushi-2/gHmvy1ZcT_6GFqltzmhTJQ,bethany-connecticut
https://www.ubereats.com/connecticut/food-delivery/sitting-duck-tavern-oxford/adkHQpIeT4quGXm5AAWFng,bethany-connecticut
https://www.ubereats.com/connecticut/food-delivery/casa-de-lopez-dominican-puerto-rican-restaurant/I5vPNbyFSe6jTA2mThtwvw,bethany-connecticut
https://www.ubereats.com/connecticut/food-delivery/wood-n-tap-hamden/087RdS7HRTK96cWUNRLowA,bethany-connecticut
https://www.ubereats.com/connecticut/food-delivery/nardellis-grinder-shoppeoxford/E-87F8fXRkmKSVHslrwPZw,bethany-connecticut
https://www.ubereats.com/connecticut/food-delivery/hing-wah-authentic-chinese-restaurant/P2NknzFmRQ6lH-VrWWR-Eg,bethany-connecticut
https://www.ubereats.com/connecticut/food-delivery/pie-guys/ayzjIEb4QiGlJky68ruC9A,bethany-connecticut
https://www.ubereats.com/connecticut/food-delivery/punjabi-kadhai/qg63m9m9QvSscfPBLwAMPQ,bethany-connecticut
https://www.ubereats.com/connecticut/food-delivery/trilogy-lounge/gJXEF3IbT1aO0O3KBIecYg,bethany-connecticut
https://www.ubereats.com/connecticut/food-delivery/fat-wedge-u/DdKdEiWpS0GY12-L2V6hcg,bethany-connecticut
https://www.ubereats.com/connecticut/food-delivery/moes-southwest-grill-derby/QnPC5ZpFRC2EczjNWeHVuQ,bethany-connecticut
https://www.ubereats.com/connecticut/food-delivery/ibiza-restaurant-hamden/EKcNr9DbQkyq22TztqvR3A,bethany-connecticut
https://www.ubereats.com/connecticut/food-delivery/taco-bell-276-chase-ave/zxkcxy-fTkGNK8trCLSLFw,bethany-connecticut
https://www.ubereats.com/connecticut/food-delivery/thaidish-%26-burger/_yjvnwR9RiWzhIh-xT8E5g,bethany-connecticut
https://www.ubereats.com/connecticut/food-delivery/city-pizza-and-espresso/qgO1tXHhQgaIK_KxPyvz5A,bethany-connecticut
https://www.ubereats.com/connecticut/food-delivery/vinnys-deli/LLnkDBBsQa--UHsop5BITA,bethany-connecticut
https://www.ubereats.com/connecticut/food-delivery/taco-town/kxoPlNx5RqOAA9_AbYjh9Q,bethany-connecticut
https://www.ubereats.com/connecticut/food-delivery/moes-southwest-grill-2100-dixwell-avenue/uUBNCGFgRUWsKAbd6lhFdg,bethany-connecticut
https://www.ubereats.com/connecticut/food-delivery/subway-350-west-main-st/8oVZMyzCTtK7zAa04eQtYg,bethany-connecticut
https://www.ubereats.com/connecticut/food-delivery/china-chef/TdZ09g-kRlO2wR925Hsnyw,bethany-connecticut
https://www.ubereats.com/connecticut/food-delivery/1-stop-wings-68-n-turnpike-rd/_nKNOFUzRIa1IBbio3Dzow,bethany-connecticut
https://www.ubereats.com/connecticut/food-delivery/taco-bell-130-amity-road/w3aFCU2vS5GX25ZLcTgLGA,bethany-connecticut
https://www.ubereats.com/connecticut/food-delivery/york-street-noodle-house/nRfk7KCQTMKpisrP6RrxLw,bethany-connecticut
https://www.ubereats.com/connecticut/food-delivery/nardellis-grinder-shoppe-waterbury-2/MZZy_1xESRiAsDbfqO8DdA,bethany-connecticut
https://www.ubereats.com/connecticut/food-delivery/ricky-ds-rib-shack/hZaxWOPPS8-T0yj5x03Fsg,bethany-connecticut
https://www.ubereats.com/connecticut/food-delivery/legend-pizza/6vFFX05pQHuJiPk_QLk82g,bethany-connecticut
https://www.ubereats.com/connecticut/food-delivery/olmo-restaurant/sIEx7qaKTCmlcV8axDI5Uw,bethany-connecticut
https://www.ubereats.com/connecticut/food-delivery/astudillo-s-place/XYmojxo5R6GmnvVPEfCrfA,bethany-connecticut
https://www.ubereats.com/connecticut/food-delivery/585-main-bar-%26-grill/_rPoZ7KlSOqE94Sor15JUg,bethany-connecticut
https://www.ubereats.com/connecticut/food-delivery/goldies-eatery/CPaVK23qTz2tLPNAHWsiTg,bethany-connecticut
https://www.ubereats.com/connecticut/food-delivery/sabor-latino-deli-ct/JIavlZaDSD2jTpbYOnnhFw,bethany-connecticut
https://www.ubereats.com/connecticut/food-delivery/breeze-latin-fusion-cuisine/r4hwIMxDTfC51Q1IebPNDA,bethany-connecticut
https://www.ubereats.com/connecticut/food-delivery/first-street-apizza/muwlikCPQ6ueaVOtIntcMg,bethany-connecticut
https://www.ubereats.com/connecticut/food-delivery/beacon-falls-pizza-palace/NWjMMxNrRvG0hK04Bz_I1g,bethany-connecticut
https://www.ubereats.com/connecticut/food-delivery/taste-of-asia/EPTZsXr2RzKcJ8AT3RCaGg,bethany-connecticut
https://www.ubereats.com/connecticut/food-delivery/moonrise-cafe/Lp3pu2tQSUeQYbqufzGpCQ,bethany-connecticut
https://www.ubereats.com/connecticut/food-delivery/wakelee-market/cnOSsSoYTkG3zMrs5dfWrw,bethany-connecticut
https://www.ubereats.com/connecticut/food-delivery/philly-grill/QR5odrr7Qw6ngYjUDuYQbQ,bethany-connecticut
https://www.ubereats.com/connecticut/food-delivery/dog-house-grill-and-ice-cream-parlor/QYQ0X1W4RQSuXCNSoI-eGw,bethany-connecticut
https://www.ubereats.com/connecticut/food-delivery/subway-72-bridge-st/I6JF5ceuSJSAswzYvNVl8A,bethany-connecticut
https://www.ubereats.com/connecticut/food-delivery/dunkin-33-new-haven-rd/Aer9xIUdRoyIEg1cPhVMMw,bethany-connecticut
https://www.ubereats.com/connecticut/food-delivery/wing-it-on-waterbury/nRknYgT8QlS6ZvarOr-s9w,bethany-connecticut
https://www.ubereats.com/connecticut/food-delivery/shahi-zaika/kx1WT-7BRZ66bxXMMQ7onQ,bethany-connecticut
https://www.ubereats.com/connecticut/food-delivery/ray-and-mikes-dairy-%26-deli/Mzs6HpcdQRulDUYrb2kaeg,bethany-connecticut
https://www.ubereats.com/connecticut/food-delivery/sweet-bella-home-cooking/VMMRepcjRvGTzmr1nsY31A,bethany-connecticut
https://www.ubereats.com/connecticut/food-delivery/subway-1183-new-haven-rd/wKEaOG_HS5qQkqIUDXPA_g,bethany-connecticut
https://www.ubereats.com/connecticut/food-delivery/dunkin-244-skiff-st/wKZXuWsJSqOhFnRLzEAz2A,bethany-connecticut
https://www.ubereats.com/connecticut/food-delivery/heavenly-donuts/LFJxrDbYREOCZz9wJSsjfA,bethany-connecticut
https://www.ubereats.com/connecticut/food-delivery/pancheros-mexican-grill-893-n-colony-rd/c52hlcyYQvW50m_fOcsgpw,bethany-connecticut
https://www.ubereats.com/connecticut/food-delivery/berties-west-indian-%26-american-restaurant/IzXDGr-OSf26iGPySC5PGg,bethany-connecticut
https://www.ubereats.com/connecticut/food-delivery/five-guys-ct-0694-300-oxford-rd/g-pRX869S-G_D6Y1jqMynA,bethany-connecticut
https://www.ubereats.com/connecticut/food-delivery/harolds-restaurant/zqyK3gbqS_2HBAt_4xjCDg,bethany-connecticut
https://www.ubereats.com/connecticut/food-delivery/bitas-sofrito/7lYpDfgUR3ez-mTfPahrbQ,bethany-connecticut
https://www.ubereats.com/connecticut/food-delivery/five-guys-ct-0274-75-amity-rd/7qSi30dIRaudk0ZY9W0TfA,bethany-connecticut
https://www.ubereats.com/connecticut/food-delivery/grimaldis-of-woodbridge/LyeJIL1PSE6WTCZhQFgYbg,bethany-connecticut
https://www.ubereats.com/connecticut/food-delivery/shelton-kitchen/qliF8zU4QhOxAlRC5RBjww,bethany-connecticut
https://www.ubereats.com/connecticut/food-delivery/subway-1315-dixwell-ave/TfZhRS0pSomzSGRTQw0Lrw,bethany-connecticut
https://www.ubereats.com/connecticut/food-delivery/daiko-japanese-restaurant-%26-jerry-sans-sushi-bar/tJqIViyeTbWonDtLAvfn0w,bethany-connecticut
https://www.ubereats.com/connecticut/food-delivery/arbys-789-wolcott-st/9Z0xsAh1TjmNAKmZes1Bhw,bethany-connecticut
https://www.ubereats.com/connecticut/food-delivery/king-chef-chinese/mYvAJnMEQz25Nvi7xz4cIQ,bethany-connecticut
https://www.ubereats.com/connecticut/food-delivery/zzaam/r7jRUS6QR0CCjy--zroY-Q,bethany-connecticut
https://www.ubereats.com/connecticut/food-delivery/ali-babas-fusion-new-haven/jU7h3DTtSce4HonBXwDgZA,bethany-connecticut
https://www.ubereats.com/connecticut/food-delivery/pokemoto-hamden/6q1ednyjTuyqdqu--K_J7w,bethany-connecticut
https://www.ubereats.com/connecticut/food-delivery/kfc-115-bridge-st/tF3dtibAQn2pEFPoF8uoUg,bethany-connecticut
https://www.ubereats.com/connecticut/food-delivery/three-bridges-coffeehouse/rofa3k2uSUOm8RwABh_vYw,bethany-connecticut
https://www.ubereats.com/connecticut/food-delivery/boiling-soho/ho8BxWLYQmWlUDUYagctsQ,bethany-connecticut
https://www.ubereats.com/connecticut/food-delivery/lenas-cafe-and-confections/sNDSMUjbTzqiZmwnsneq0g,bethany-connecticut
https://www.ubereats.com/connecticut/food-delivery/wing-madness-new-haven/-idTibxESdO9I7bf9y-grQ,bethany-connecticut
https://www.ubereats.com/connecticut/food-delivery/china-king/0-atUbfaT4WKDzal71D1eg,bethany-connecticut
https://www.ubereats.com/connecticut/food-delivery/new-york-pizza/CQp2mxi3RXCSaMU4bqKfOg,bethany-connecticut
https://www.ubereats.com/connecticut/food-delivery/crown-fried-chicken-derby/9Cob4hdjQHC7yzFoag9OHg,bethany-connecticut
https://www.ubereats.com/connecticut/food-delivery/chuck-wagon/a0IB9CUNRgu03QdLCLQDYg,bethany-connecticut
https://www.ubereats.com/connecticut/food-delivery/paolo-ristorante/pM3QFiojRsuIXyRTFt_qXw,bethany-connecticut
https://www.ubereats.com/connecticut/food-delivery/fresco-market/c2tivZzzTgi0YYkc6fwtQw,bethany-connecticut
https://www.ubereats.com/connecticut/food-delivery/wayback-burgers-hamden/e9RqW1PiSwaZSa-Ri3cHbg,bethany-connecticut
https://www.ubereats.com/connecticut/food-delivery/kfc-1499-dixwell-avenue/hMEaER5aQy-fTHwt-RvcPw,bethany-connecticut
https://www.ubereats.com/connecticut/food-delivery/the-art-of-yum/H5_PR41IRFiELyVE0wLO5A,bethany-connecticut
https://www.ubereats.com/connecticut/food-delivery/dpervs-top-bbq/EdCmV-1ARj-Z1sIysQX9UA,bethany-connecticut
https://www.ubereats.com/connecticut/food-delivery/shah-dil-deli/JmoCtb0RREWEE0Cy3ghIrg,bethany-connecticut
https://www.ubereats.com/connecticut/food-delivery/scarpellinos-restaurant/jkUXZr1KQn-bUrpFn9lQZQ,bethany-connecticut
https://www.ubereats.com/connecticut/food-delivery/donde-el-paisa-restaurant/3s_9dfyNR6i9Ws22BP2e1A,bethany-connecticut
https://www.ubereats.com/connecticut/food-delivery/dunkin-3300-whitney-ave/KclcEBv5SjeGG8LDVGKVVQ,bethany-connecticut
https://www.ubereats.com/connecticut/food-delivery/kellys-cone-connection/trqGcY1SSAS7KMVs5d0LXA,bethany-connecticut
https://www.ubereats.com/connecticut/food-delivery/freskos/LTgrM5pLSnq53hVN2GSvZg,bethany-connecticut
https://www.ubereats.com/connecticut/food-delivery/dads-restaurant/YgSQ0OcsTQWbAwg8k8HsZg,bethany-connecticut
https://www.ubereats.com/connecticut/food-delivery/dunkin-71-oxford-rd/5JErDuZAQLSY-wcwzKPxbw,bethany-connecticut
https://www.ubereats.com/connecticut/food-delivery/elis-brick-oven-pizza/IiagO1WlSTOLs2WhRLCAfw,bethany-connecticut
https://www.ubereats.com/connecticut/food-delivery/kfc-311-whalley-avenue/mg2KA3UkR7OEukkEnbn4hw,bethany-connecticut
https://www.ubereats.com/connecticut/food-delivery/san-marino-ristorante-italiano/xloT3hMzScmD1fakxD7f8w,bethany-connecticut
https://www.ubereats.com/connecticut/food-delivery/dunkin-1900-dixwell-ave/1e4SdqRZRgesDWWrbDLpvw,bethany-connecticut
https://www.ubereats.com/connecticut/food-delivery/taco-bell-932-n-colony-road/5GAmdnrLRDaOJs8akzqEIA,bethany-connecticut
https://www.ubereats.com/connecticut/food-delivery/haven-hot-chicken/PJDd8oBUR6qjn7juVTKHGA,bethany-connecticut
https://www.ubereats.com/connecticut/food-delivery/67-family-diner/YormrhJyTxC2jlN_3Le8RQ,bethany-connecticut
https://www.ubereats.com/connecticut/food-delivery/giovannis-pizzeria-%26-ristorante/cYk0zdanQIWCPS3pqF8NYQ,bethany-connecticut
https://www.ubereats.com/connecticut/food-delivery/balkana-european-market-%26-eatery/Du4xZSC9QpeygKFNjlxwBA,bethany-connecticut
https://www.ubereats.com/connecticut/food-delivery/the-hub-pizza-bar/I8yba4paQbCqtLYtsG2p3A,bethany-connecticut
https://www.ubereats.com/connecticut/food-delivery/nardellis-grinder-shop-naugatuck/casJ5cusRjurKJQs35O56g,bethany-connecticut
https://www.ubereats.com/connecticut/food-delivery/tacomida/Ewf9xTh0QcS9WVsgT-1sCA,bethany-connecticut
https://www.ubereats.com/connecticut/food-delivery/kfc-7-pershing-drive/XfxKRFxXQJK9qRamtV5-XA,bethany-connecticut
https://www.ubereats.com/connecticut/food-delivery/duchess-restaurant-ansonia/R7o3IOyRSm6opPjGofafAg,bethany-connecticut
https://www.ubereats.com/connecticut/food-delivery/andes-international-gourmet-deli/uIArCi5zSCeDk0svObPvIg,bethany-connecticut
https://www.ubereats.com/connecticut/food-delivery/bears-smokehouse-new-haven/PSgs16w1TQGtIuU75oF59A,bethany-connecticut
https://www.ubereats.com/connecticut/food-delivery/burger-king-2197-dixwell/uquAItP_RcSVoGoqNJjSsA,bethany-connecticut
https://www.ubereats.com/connecticut/food-delivery/2-pagoda-chinese-restaurant/mKiZakCsQ1mnjMNITrwCew,bethany-connecticut
https://www.ubereats.com/connecticut/food-delivery/bangkok-blvd/a1iqW0QlQOuG6_JjPTsc-A,bethany-connecticut
https://www.ubereats.com/connecticut/food-delivery/dunkin-136-washington-ave/yCLuNEXBSvO5vq5BOLyffA,bethany-connecticut
https://www.ubereats.com/connecticut/food-delivery/fresh-greens-%26-proteins/V1LUGHNcTUypWfAAkZN9yA,bethany-connecticut
https://www.ubereats.com/connecticut/food-delivery/ritas-italian-ice-900-straits-tpke/I3keZ18vSWu11TgMMneyvQ,bethany-connecticut
https://www.ubereats.com/connecticut/food-delivery/chase-ave-pizza-%26-catering/xluByqFHSCWW3cyRC6H38A,bethany-connecticut
https://www.ubereats.com/connecticut/food-delivery/pan-del-cielo-2/hI_Oa1IqQqO8uLUzVNPYpQ,bethany-connecticut
https://www.ubereats.com/connecticut/food-delivery/meal52/ptl0wEFSR5q4sJRxAqDfRQ,bethany-connecticut
https://www.ubereats.com/connecticut/food-delivery/burgers-%26-wings/FFQTXOMJTFaIU_cWKyFpUA,bethany-connecticut
https://www.ubereats.com/connecticut/food-delivery/noodle-house/7DTlB-bDQaGZzeAECL4EdA,bethany-connecticut
https://www.ubereats.com/connecticut/food-delivery/popeyes-derby/SFsN8pezSOuJHPcJgxc-Fw,bethany-connecticut
https://www.ubereats.com/connecticut/food-delivery/the-original-antonios/xVD8ISm1QKiZRGv_dre6dQ,bethany-connecticut
https://www.ubereats.com/connecticut/food-delivery/geronimo-southwest-grill-new-haven/NjHrOtTAQ06ICzZuexzdkg,bethany-connecticut
https://www.ubereats.com/connecticut/food-delivery/dunkin-530-washington-ave/0DYOOnllQZqUmMG_I01_kg,bethany-connecticut
https://www.ubereats.com/connecticut/food-delivery/cw-fitness/hs7wlrd0QCCDxwacxv6KGQ,bethany-connecticut
https://www.ubereats.com/connecticut/food-delivery/rawa/dGLw6KpdR5WWLVWRO4zfcw,bethany-connecticut
https://www.ubereats.com/connecticut/food-delivery/thai-dish-and-burger/UcRaYT2DQyOl2_PgVZo9sg,bethany-connecticut
https://www.ubereats.com/connecticut/food-delivery/barbarossa/cr4cKX5vS7W9MlXsIkwGGA,bethany-connecticut
https://www.ubereats.com/connecticut/food-delivery/kfc-451-foxon-boulevard/ki2hL2iTQbmf2gQVnDTa1w,bethany-connecticut
https://www.ubereats.com/connecticut/food-delivery/caffe-bravo/OgM4htRGRoarWiA2zHmtOg,bethany-connecticut
https://www.ubereats.com/connecticut/food-delivery/christys-irish-pub/Ad_f8YdtSn-AZIfKRHxbuQ,bethany-connecticut
https://www.ubereats.com/connecticut/food-delivery/gaetanos-tavern-on-main/48gKalCHQbixmRErZYlAPg,bethany-connecticut
https://www.ubereats.com/connecticut/food-delivery/main-port-fish-west-haven/po6fJibUTmG7XZOB3DGzrA,bethany-connecticut
https://www.ubereats.com/connecticut/food-delivery/the-greeks/UvIAq4y1RJKwOMx6-M8Uag,bethany-connecticut
https://www.ubereats.com/connecticut/food-delivery/bd-food-%26-deli/Cy-QPYwmTdeeGAMGnDMDIQ,bethany-connecticut
https://www.ubereats.com/connecticut/food-delivery/friendlys-130-rubber-ave/i6ngVc1gQuiAIIk1N9dXFw,bethany-connecticut
https://www.ubereats.com/connecticut/food-delivery/rosa-mina-ansonia/mnZRUXdySAWA3W4DOzbB3w,bethany-connecticut
https://www.ubereats.com/connecticut/food-delivery/nardellis-grinder-shoppe-n-colony/8U8s5NqpR--IVcrifpD7xw,bethany-connecticut
https://www.ubereats.com/connecticut/food-delivery/krispy-krunchy-chicken-531-north-main-st/yB3NOqccQcCUT4mCcoWgnA,bethany-connecticut
https://www.ubereats.com/connecticut/food-delivery/mcdonalds-850-s-main-st/zs4pD3zpTaWuXKN1IgvjAA,bethany-connecticut
https://www.ubereats.com/connecticut/food-delivery/frankies/H5U3x7ynSfShSuM-yao6Rw,bethany-connecticut
https://www.ubereats.com/connecticut/food-delivery/borus-bar-and-grill/trLMuYW9QB-r3I-oRGZp8Q,bethany-connecticut
https://www.ubereats.com/connecticut/food-delivery/copper-city-bar-%26-grill/wxNhw81aTGicrO5CzDB7Mw,bethany-connecticut
https://www.ubereats.com/connecticut/food-delivery/mcdonalds-571-new-haven-rd/Q9IkOJcKR8ekZvep1MgfCg,bethany-connecticut
https://www.ubereats.com/connecticut/food-delivery/wayback-burgers-54-pershing-drive/V9BzB6-1SPW3YYyDtyLUJA,bethany-connecticut
https://www.ubereats.com/connecticut/food-delivery/sprinkles-ice-cream-shoppe/GdXUN3BUR7S1wXHPvE5Jdw,bethany-connecticut
https://www.ubereats.com/connecticut/food-delivery/texiko-tequila-bar/d6ZyPYnFQZqI30V-zlLD_w,bethany-connecticut
https://www.ubereats.com/connecticut/food-delivery/michaelangelo-pizza-%26-subs-restaurant/7Wh4c7cDRWGjWfwRWbT2uA,bethany-connecticut
https://www.ubereats.com/connecticut/food-delivery/amici-tavern/T3gshXh2SrKVgzgApcWo9w,bethany-connecticut
https://www.ubereats.com/connecticut/food-delivery/paul-%26-eddys-pizza/mfrDSqhwToCEVLhujCjemg,bethany-connecticut
https://www.ubereats.com/connecticut/food-delivery/uncle-willies-smokehouse-bbq-seymour/PtzFkHIgTHGpA3mQ4vlCOQ,bethany-connecticut
https://www.ubereats.com/connecticut/food-delivery/cafe-ra/i8l88kcgQsaSId_9iGNqbg,bethany-connecticut
https://www.ubereats.com/connecticut/food-delivery/mad-mikes-cheesesteaks-%26-salads/Gdzy8J-3RQCRuJns_1pSPA,bethany-connecticut
https://www.ubereats.com/connecticut/food-delivery/sapori-ditalia/jfPkgtckQYWhehXtDTAH8w,bethany-connecticut
https://www.ubereats.com/connecticut/food-delivery/fratellis/ZDmHPgm1Q_-VSk_UckFNtw,bethany-connecticut
https://www.ubereats.com/connecticut/food-delivery/the-everyday-gourmet/1I18XHeUTiu4lOpjX3mz2A,bethany-connecticut
https://www.ubereats.com/connecticut/food-delivery/koi/7DCg_EoqQgGeQd7-wUxKjg,bethany-connecticut
https://www.ubereats.com/connecticut/food-delivery/avenue-bar-and-grill/i70NO8vTRd-gwdNjRksMbA,bethany-connecticut
https://www.ubereats.com/connecticut/food-delivery/hot-tamale-mexican-grill/z9pOdYnfQ1qOQXCzBMr9ow,bethany-connecticut
https://www.ubereats.com/connecticut/food-delivery/zaika-indian-cuisine/N2HvJU6nTHSPEjznxGtVHQ,bethany-connecticut
https://www.ubereats.com/connecticut/food-delivery/american-forged-pub/zw_HYljrRCaA6Z5wiGr9uQ,bethany-connecticut
https://www.ubereats.com/connecticut/food-delivery/new-havens-steamed/uj6DuImhSBqR0-Jhe2FBBg,bethany-connecticut
https://www.ubereats.com/connecticut/food-delivery/mcdonalds-seymour-bank-st/SlCaPm6fSwG9moARINgXpA,bethany-connecticut
https://www.ubereats.com/connecticut/food-delivery/roost/mGT5H95jR5OuJgU-8rMIeQ,bethany-connecticut
https://www.ubereats.com/connecticut/food-delivery/luigis-apizza/1gckmrvFQh-m8iurbSKDRA,bethany-connecticut
https://www.ubereats.com/connecticut/food-delivery/lake-zoar-drive-in/Rw8UhejfQ0WTEhtL98FdkA,bethany-connecticut
https://www.ubereats.com/connecticut/food-delivery/amity-brick-oven-pizza/Qf_kuhaBQra5BGIhVB68hg,bethany-connecticut
https://www.ubereats.com/connecticut/food-delivery/maples-family-restaurant/pPcK8-PnT8eJjjczs1LUqw,bethany-connecticut
https://www.ubereats.com/connecticut/food-delivery/main-garden-chinese-restaurant/PKaWOH_BTNGNbnu0BYN9hg,bethany-connecticut
https://www.ubereats.com/connecticut/food-delivery/liberty-pizza/u2vuiK52ROKHFEr8lRYKRw,bethany-connecticut
https://www.ubereats.com/connecticut/food-delivery/wood-n-tap-wallingford/dRbsKtl_RAa2B92BXFBLrQ,bethany-connecticut
https://www.ubereats.com/connecticut/food-delivery/hamden-town-house-restaurant/0_5ffAc9Qumb31gRgKZhHg,bethany-connecticut
https://www.ubereats.com/connecticut/food-delivery/lumi-bento/70LNqWvMTQWxPcVuZMA2aw,bethany-connecticut
https://www.ubereats.com/connecticut/food-delivery/athena-diner-ii/znDl4FeORdK9_Epbjge9bA,bethany-connecticut
https://www.ubereats.com/connecticut/food-delivery/grand-and-atwater-deli/7YZbyTAzQEiLNuX9_61ukg,bethany-connecticut
https://www.ubereats.com/connecticut/food-delivery/sliders-grill-wallingford/aRTBC8EIQKa-ohYjnoH_yA,bethany-connecticut
https://www.ubereats.com/connecticut/food-delivery/blessings-ii-go/O-E8CEDGRNyd_0dqQ8DuTA,bethany-connecticut
https://www.ubereats.com/connecticut/food-delivery/lumi-asian-fusion/A589BYDdQ4qH7MpXQnmdqA,bethany-connecticut
https://www.ubereats.com/connecticut/food-delivery/john-and-marias-pizzeria/KGe5YoMuSvOoc9gcSj7iXg,bethany-connecticut
https://www.ubereats.com/connecticut/food-delivery/kiwi-spoon-frozen-yogurt/YHDJV3N0TlGLZNoQhF2quQ,bethany-connecticut
https://www.ubereats.com/connecticut/food-delivery/baingan/aQh1fi-WRKexI90EXaKfvg,bethany-connecticut
https://www.ubereats.com/connecticut/food-delivery/china-house/ZRFyIG_JQrugOZ8NuP1BTQ,bethany-connecticut
https://www.ubereats.com/connecticut/food-delivery/westville-seafood/rb0Cnv7VR5e3PC409QVgdA,bethany-connecticut
https://www.ubereats.com/connecticut/food-delivery/codys-diner/KhDo2zq0Slq8VQQkJqD3yQ,bethany-connecticut
https://www.ubereats.com/connecticut/food-delivery/wayback-burger-1249-west-main-st/aZ40LvT7TfmCELcaoZWj3Q,bethany-connecticut
https://www.ubereats.com/connecticut/food-delivery/state-garden-chinese-2/vL0WMhi0TJ6z2E8lQrD8kA,bethany-connecticut
https://www.ubereats.com/connecticut/food-delivery/mcdonalds-hamden-dixwell/76cAEEpWRjKfCEt8CTEPqA,bethany-connecticut
https://www.ubereats.com/connecticut/food-delivery/dinos-seafood/QvLc5gRpQ4a1qf95kiM5aQ,bethany-connecticut
https://www.ubereats.com/connecticut/food-delivery/chifrijo/4yb64zDpRYCTXg8jjD1HIw,bethany-connecticut
https://www.ubereats.com/connecticut/food-delivery/brazzas-and-grill/pMk1YweERz2Vjfq6D4QKYw,bethany-connecticut
https://www.ubereats.com/connecticut/food-delivery/fulling-mills-deli/KssT5TcBSnylCW3pQmLzQQ,bethany-connecticut
https://www.ubereats.com/connecticut/food-delivery/best-video-coffee-bar/4H8lusUESCKOwINnUz-f3g,bethany-connecticut
https://www.ubereats.com/connecticut/food-delivery/jcs-sports-bar-%26-grill/y5o2WGjaQ1eIXc5fYcMJcQ,bethany-connecticut
https://www.ubereats.com/connecticut/food-delivery/taco-bell-205-division-street/n83eULQlQASUCOhx-xWJ7g,bethany-connecticut
https://www.ubereats.com/connecticut/food-delivery/star-pizza-%26-cudas-seafood-restaurant/540-ej73TwufKSR11_M4IA,bethany-connecticut
https://www.ubereats.com/connecticut/food-delivery/empanadas/MFNmyA0SQBm98jEhmFu0-A,bethany-connecticut
https://www.ubereats.com/connecticut/food-delivery/tatas-restaurant/sJ5mP2xuQ0eUSMTVB_ilYw,bethany-connecticut
https://www.ubereats.com/connecticut/food-delivery/nardellis-grinder-shoppe-waterbury-1/RLl1IDaURGOCX9t4c-TOhA,bethany-connecticut
https://www.ubereats.com/connecticut/food-delivery/dough-dough-bird/D--atX8gQL6HXVj9JO-PHA,bethany-connecticut
https://www.ubereats.com/connecticut/food-delivery/crabtown/DIFLHVUUQyCQLwdrdNqIAQ,bethany-connecticut
https://www.ubereats.com/connecticut/food-delivery/olives-and-oil-seymour/tJTTdh8oR0i3BBHqQmKHFg,bethany-connecticut
https://www.ubereats.com/connecticut/food-delivery/taco-bell-355-foxon-blvd/aJ7WOl58RMynUqWRwmsWIw,bethany-connecticut
https://www.ubereats.com/connecticut/food-delivery/ixtapa-grill-family-mexican-restaurant/tqpvx1GbRO6VsrbRy_tifw,bethany-connecticut
https://www.ubereats.com/connecticut/food-delivery/king-pizza-33-willow-st/ocE0_2E0THGH4Gd2A2UGyw,bethany-connecticut
https://www.ubereats.com/connecticut/food-delivery/rice-pot-thai-cuisine/ekUsek22QgCRhyeJSIO2Gg,bethany-connecticut
https://www.ubereats.com/connecticut/food-delivery/arbys-267-washington-ave/aMBLSXUjRLyyB7uRVNT-4Q,bethany-connecticut
https://www.ubereats.com/connecticut/food-delivery/la-borinquena-restaurant/oOBVXmfnQIO5VBQ7oZyLFw,bethany-connecticut
https://www.ubereats.com/connecticut/food-delivery/taco-bell-155-thomaston-avenue/XVecjBniTnGjd4qEExE5XA,bethany-connecticut
https://www.ubereats.com/connecticut/food-delivery/jerrys-market-and-deli/3p9pTT42RfaC7yVITndqAg,bethany-connecticut
https://www.ubereats.com/connecticut/food-delivery/mr-ds/B1iGGqO4Rc6_vUN4dFoP_w,bethany-connecticut
https://www.ubereats.com/connecticut/food-delivery/noochies-deli-and-cafe/YrW2PmVsTt20dD8lLbeTMw,bethany-connecticut
https://www.ubereats.com/connecticut/food-delivery/serafinos-ristorante/5iso1zShQDWIRRC88L62aQ,bethany-connecticut
https://www.ubereats.com/connecticut/food-delivery/sirinans-thai%26japanese-restaurant/64IOpAhARxqzgeXRoTZOlw,bethany-connecticut
https://www.ubereats.com/connecticut/food-delivery/chipotle-mexican-grill-2165-dixwell-ave-ste-2/oqv6xU2XS2GsOVfiOL8QUQ,bethany-connecticut
https://www.ubereats.com/connecticut/food-delivery/cuginos-pizzeria/6crh3jnaTm6iURdCQxxbfw,bethany-connecticut
https://www.ubereats.com/connecticut/food-delivery/cilantro-fresh-mexican-grill/Hbw2iDVKRsSy5YIlCcitag,bethany-connecticut
https://www.ubereats.com/connecticut/food-delivery/three-brothers-diner-hamden-ct/sW1XteNyTk-csbNlp7gDYA,bethany-connecticut
https://www.ubereats.com/connecticut/food-delivery/south-side-thai-restaurant/Ur4EqNd9RU6KQf4ugJu3Og,bethany-connecticut
https://www.ubereats.com/connecticut/food-delivery/deemansbar/O-WzNRZvR1qWebkHpA7xhg,bethany-connecticut
https://www.ubereats.com/connecticut/food-delivery/jasa-asian-cuisine/uBliIY23QjiDJ5o1nrXBbw,bethany-connecticut
https://www.ubereats.com/connecticut/food-delivery/verdi/22P6prxUTJ298_yWhJk_YA,bethany-connecticut
https://www.ubereats.com/connecticut/food-delivery/sonobana-japanese-restaurant/Zf0_9sljRcCnMvFkzsAEPA,bethany-connecticut
https://www.ubereats.com/connecticut/food-delivery/funju-noodle-bar/0vi4HEymRcSQRx2FNeIxCg,bethany-connecticut
https://www.ubereats.com/connecticut/food-delivery/buffalo-wild-wings-350-universal-dr-n/BY4lVgwWQlyHlkRhPoiIKA,bethany-connecticut
https://www.ubereats.com/connecticut/food-delivery/tgi-fridays-691-hamden-ct/L2lWmxt4TiqZAW4cb-COfA,bethany-connecticut
https://www.ubereats.com/connecticut/food-delivery/krauszers/Tz0V4IcSR06qRWUHdCbu6A,bethany-connecticut
https://www.ubereats.com/connecticut/food-delivery/capotortos-apizza-center/2UpvPnSUSsGbFo10LSILnQ,bethany-connecticut
https://www.ubereats.com/connecticut/food-delivery/1640-wine-bar-%26-kitchen/7r-4Q_sEQcmiMYv8ZMD3UA,bethany-connecticut
https://www.ubereats.com/connecticut/food-delivery/amity-diner/8aoW86LVS-KE71GaKQ31aw,bethany-connecticut
https://www.ubereats.com/connecticut/food-delivery/tgi-fridays-638-waterbury-ct/ivlL6mQyQS2ncKVeXpA9aA,bethany-connecticut
https://www.ubereats.com/connecticut/food-delivery/outback-steakhouse-345-washington-street-big-y-plaza/tBKJFEj2QG2A9rgMBX7iwQ,bethany-connecticut
https://www.ubereats.com/connecticut/food-delivery/hana-japanese-steakhouse/ynp5tuMxT7OZrTjbW06l3A,bethany-connecticut
https://www.ubereats.com/connecticut/food-delivery/brendas-kitchen-%26-deli/hZvhAJIpTg2tCPZWD1LzTw,bethany-connecticut
https://www.ubereats.com/connecticut/food-delivery/m%C2%B7a%C2%B7gs-pizza-bar-%26-grill/6HPXIz1ZRGCJSWRSWAgVMg,bethany-connecticut
https://www.ubereats.com/connecticut/food-delivery/acropolis-diner/6WUv-uKuRquydIsYkhoA8g,bethany-connecticut
https://www.ubereats.com/connecticut/food-delivery/starbucks-seymour-rt-67/zUBRlx8_Tfmw9FLo6I1jMQ,bethany-connecticut
https://www.ubereats.com/connecticut/food-delivery/twisted-vine-restaurant/-Mea3eYdStuemU3TWlin3g,bethany-connecticut
https://www.ubereats.com/connecticut/food-delivery/edgwood-pizza/m9O1nTfIQuC9xMdl5KJHpw,bethany-connecticut
https://www.ubereats.com/connecticut/food-delivery/claypot-chef/eAKeb3k8Soa5zd0DunmyHA,bethany-connecticut
https://www.ubereats.com/connecticut/food-delivery/subway-78-bank-st/RfAmD6srQpmAVMPn66bnmg,bethany-connecticut
https://www.ubereats.com/connecticut/food-delivery/grandpas-diner/ZpVRZWG3RVe61p4RqLnarA,bethany-connecticut
https://www.ubereats.com/connecticut/food-delivery/salad-shop/Kz3ySe73RCGSRxVRe3zvqA,bethany-connecticut
https://www.ubereats.com/connecticut/food-delivery/frankies-family-restaurant-waterbury/rN4vs8dgQcWNFf7GFzgZUw,bethany-connecticut
https://www.ubereats.com/connecticut/food-delivery/ricks-on-5/akZ1cGtuTr6gR-KM8mxUSQ,bethany-connecticut
https://www.ubereats.com/connecticut/food-delivery/west-rock-deli/VKlgpb2yRXSRbBoFqWfhvQ,bethany-connecticut
https://www.ubereats.com/connecticut/food-delivery/cafe-amici/ER4VgdlwQQ2fZVj1WfqdzQ,bethany-connecticut
https://www.ubereats.com/connecticut/food-delivery/singo-sushi-llc/38EOzSoMRIyYcKZtXzMkDw,bethany-connecticut
https://www.ubereats.com/connecticut/food-delivery/spuds-your-way-and-more/rHXTmGzeTj-cztjEA2JNRA,bethany-connecticut
https://www.ubereats.com/connecticut/food-delivery/red-lobster-320-universal-drive-north/EcIrD-pxSzSlaFlLK4aapQ,bethany-connecticut
https://www.ubereats.com/connecticut/food-delivery/thai-smile-restaurant/GoDp2ZNNRaG1ZpprNuG2IA,bethany-connecticut
https://www.ubereats.com/connecticut/food-delivery/palma-restaurant/DagizrO8SGW8fKcxSmm6uA,bethany-connecticut
https://www.ubereats.com/connecticut/food-delivery/pho-%26-spice/4i_Q2UkJQEmZdlcWtC1L8Q,bethany-connecticut
https://www.ubereats.com/connecticut/food-delivery/moon-rocks-gourmet-cookies/AI6DRDTeTZGkaAZOJUVQVw,bethany-connecticut
https://www.ubereats.com/connecticut/food-delivery/sushi-%26-wok/yXvWwyCFR3yBhJZJaUtUgA,bethany-connecticut
