url,city
https://www.ubereats.com/allentown/food-delivery/chocolate-works-lehigh-valley/UTgFa1wDTzS5BNngbU36Hg,bethlehem-pennsylvania
https://www.ubereats.com/allentown/food-delivery/roccos-pizza/J77h3-XyQ-eI4JC7otu8Qg,bethlehem-pennsylvania
https://www.ubereats.com/allentown/food-delivery/a-taste-of-soul/ndFg3xA3RGSvAj6yqeGXow,bethlehem-pennsylvania
https://www.ubereats.com/allentown/food-delivery/krispy-krunchy-chicken-%26-pjs-steaks-%26-subs/fautE_XATYyiMps9M8IuWQ,bethlehem-pennsylvania
https://www.ubereats.com/allentown/food-delivery/wendys-2190-stefko-boulevard/Y3mARnFbT4GayOn63ZBqKw,bethlehem-pennsylvania
https://www.ubereats.com/allentown/food-delivery/applebees-2109motel-drive/Yon2IwxKQHKHNPE68USgrw,bethlehem-pennsylvania
https://www.ubereats.com/allentown/food-delivery/birdshack-fried-chicken/JnNhcpFcTCOP1DPYUqXOKw,bethlehem-pennsylvania
https://www.ubereats.com/allentown/food-delivery/krispy-krunchy-chicken-154-w-st-joseph-st/0oWnee6uTs6zR2afxhm3Zg,bethlehem-pennsylvania
https://www.ubereats.com/allentown/food-delivery/chipotle-mexican-grill-1870-airport-rd/dMjqa3w6RHaR6eOJyCW8Pg,bethlehem-pennsylvania
https://www.ubereats.com/allentown/food-delivery/nonna-sulinas-sicilian-kitchen-%26-grill/jWBKrFN8TBKpj2AbGLMpfQ,bethlehem-pennsylvania
https://www.ubereats.com/allentown/food-delivery/applebees-3730-nazareth-pike/74wgPl1nTOyj_bpobxAMmQ,bethlehem-pennsylvania
https://www.ubereats.com/allentown/food-delivery/don-juan-mex-grill-bethlehem/5HdtzHLcQZu04YqdwMRTkA,bethlehem-pennsylvania
https://www.ubereats.com/allentown/food-delivery/buffalo-wild-wings-1225-grape-st/eusYZUgIQh-c0mJaE_4aGw,bethlehem-pennsylvania
https://www.ubereats.com/allentown/food-delivery/dunkin-1870-catasauqua-rd/Q7_t0bPfSditPCGchVJNGg,bethlehem-pennsylvania
https://www.ubereats.com/allentown/food-delivery/new-york-gyro-allentown/vwwwpLoATUyoEfufSVuyFA,bethlehem-pennsylvania
https://www.ubereats.com/allentown/food-delivery/coal-lounge-%26-grill/wIuEb9IKS6iy6RbO09dBCQ,bethlehem-pennsylvania
https://www.ubereats.com/allentown/food-delivery/copperhead-grille-route-378/-l2MGHsxTE2tVjY1FkvnBg,bethlehem-pennsylvania
https://www.ubereats.com/allentown/food-delivery/burger-king-2165-union-boulevard/0RFcChocRZCbY8PujA2mww,bethlehem-pennsylvania
https://www.ubereats.com/allentown/food-delivery/desi-dhaba/g3pebh1KSsS7joUZL5ZHFQ,bethlehem-pennsylvania
https://www.ubereats.com/allentown/food-delivery/heights-market/JeT5FaOySKiEoNP_NiJOzA,bethlehem-pennsylvania
https://www.ubereats.com/allentown/food-delivery/happy-sandwich/Gy2IVGTkQzmRDIxgqfE9Aw,bethlehem-pennsylvania
https://www.ubereats.com/allentown/food-delivery/sonic-1753-airport-road/LcZsyG6WQ9Kly5Hm5zeL_A,bethlehem-pennsylvania
https://www.ubereats.com/allentown/food-delivery/papa-johns-817-linden-street/pEN2kPR5QWKtQJSzlUDGow,bethlehem-pennsylvania
https://www.ubereats.com/allentown/food-delivery/wawa-8036-2525-easton-ave/6S2Iuxl0ScmJr5uSAoVhIA,bethlehem-pennsylvania
https://www.ubereats.com/allentown/food-delivery/jersey-mikes-subs-3770-dryland-way/leSUS2ALQSazB9M3C4Z5Tg,bethlehem-pennsylvania
https://www.ubereats.com/allentown/food-delivery/fiamma-italian-grill/KmcP5MHgQRGA9KbwWag_rg,bethlehem-pennsylvania
https://www.ubereats.com/allentown/food-delivery/saladworks-cedar-crest/laSac2ChSpCyzl1jCV0qCg,bethlehem-pennsylvania
https://www.ubereats.com/allentown/food-delivery/starbucks-airport-road/rx-ZcYNaR8qAuA-1mfP0wg,bethlehem-pennsylvania
https://www.ubereats.com/allentown/food-delivery/easy-weenies/nwNum6K5Sle8SyShgjXwPQ,bethlehem-pennsylvania
https://www.ubereats.com/allentown/food-delivery/ho-ho-wok-chinese-restaurant/LbTF6L8oR1K0cXIs9jKDRw,bethlehem-pennsylvania
https://www.ubereats.com/allentown/food-delivery/prime-steak-house/QkVUa5RLQtaKcvw0Mr4dwg,bethlehem-pennsylvania
https://www.ubereats.com/allentown/food-delivery/arbys-1535-lehigh-st/VlfiKaxoSr6J5mK2iB1E6Q,bethlehem-pennsylvania
https://www.ubereats.com/allentown/food-delivery/the-ice-cream-shop/jirXLplASA2vOqoM2e5FUg,bethlehem-pennsylvania
https://www.ubereats.com/allentown/food-delivery/subway-4753-freemansburg-ave-unit-e103/bvmFLIK9Q-qAmG7qqk3F_A,bethlehem-pennsylvania
https://www.ubereats.com/allentown/food-delivery/burgerim/GqbtfDkIRxOi8Xu2mLRgoA,bethlehem-pennsylvania
https://www.ubereats.com/allentown/food-delivery/pizza-bolis-1534-butler-st/KzIyXVwqT7CcrJG6IEI1NQ,bethlehem-pennsylvania
https://www.ubereats.com/allentown/food-delivery/nyc-village-pizza/bGS62pW3SXSBrSKfQrfLJw,bethlehem-pennsylvania
https://www.ubereats.com/allentown/food-delivery/wendys-1160-hellertown-road/y82XEf6KSq6SeB0BJL4DlA,bethlehem-pennsylvania
https://www.ubereats.com/allentown/food-delivery/wow-bakery-%26-lechonera/_gPrm9kxT36435EH2RJebg,bethlehem-pennsylvania
https://www.ubereats.com/allentown/food-delivery/queen-city-bbq/IrSfn1i9Q6KQA4VIGfcNjA,bethlehem-pennsylvania
https://www.ubereats.com/allentown/food-delivery/winstons-west-indian-and-american-restaurant/kt-elH4KRw6JAX451YnGmg,bethlehem-pennsylvania
https://www.ubereats.com/allentown/food-delivery/subway-755-hanover-ave/PSvn9eHjQ1ShDUV4fANrig,bethlehem-pennsylvania
https://www.ubereats.com/allentown/food-delivery/friendlys-3099-william-penn-highway/fYZKk3IKR_eTTe0P5HpraA,bethlehem-pennsylvania
https://www.ubereats.com/allentown/food-delivery/panera-3301-bath-pike/6clBWZW6TZO5fYrmYPoW-g,bethlehem-pennsylvania
https://www.ubereats.com/allentown/food-delivery/kids-castle-pizza/-R8j1G25TdOxgfTHqGkSkw,bethlehem-pennsylvania
https://www.ubereats.com/allentown/food-delivery/bagel-basket/RN0HqJN0Tz6GNaypPK4hkg,bethlehem-pennsylvania
https://www.ubereats.com/allentown/food-delivery/choco-b/kN1epI98S1unOsm1fVegig,bethlehem-pennsylvania
https://www.ubereats.com/allentown/food-delivery/subway-1208-s-4th-st/e80lrm-cTB6cbVu-8msq3g,bethlehem-pennsylvania
https://www.ubereats.com/allentown/food-delivery/the-vegan-butcher/kBw-Bm0JQuCZL1i52i8ocw,bethlehem-pennsylvania
https://www.ubereats.com/allentown/food-delivery/wao-burger/QPCyhOO6SPapJbLBcoPq6g,bethlehem-pennsylvania
https://www.ubereats.com/allentown/food-delivery/pza-714-grape-street/02T9c7AsTWeSjUVQ6b5OCQ,bethlehem-pennsylvania
https://www.ubereats.com/allentown/food-delivery/papa-johns-759-south-25th-street/JQI77HA2Qn26dQgWZMI_1w,bethlehem-pennsylvania
https://www.ubereats.com/allentown/food-delivery/rice-n-beans-express/bNuY_eX4Ty-lUbwhoiDtAg,bethlehem-pennsylvania
https://www.ubereats.com/allentown/food-delivery/playa-bowls-easton/M4e48EduTRuVKxpXsssFHQ,bethlehem-pennsylvania
https://www.ubereats.com/allentown/food-delivery/lucas-italian-bistro/A48xJYKkQ-W-SNLCGwrZWg,bethlehem-pennsylvania
https://www.ubereats.com/allentown/food-delivery/stoke-coal-fire-pizza/_956Da1lRVu1oo_-uKLlOQ,bethlehem-pennsylvania
https://www.ubereats.com/allentown/food-delivery/chuck-e-cheese-1000-lehigh-valley-mall/N7Cc-N44Swa0EXIRd9HYjw,bethlehem-pennsylvania
https://www.ubereats.com/allentown/food-delivery/the-steel-pub/P2x-x6LXSLaAxMsS8PENTQ,bethlehem-pennsylvania
https://www.ubereats.com/allentown/food-delivery/big-daddys-famous-cheesesteaks/KrjldUTESiKUt3ZhgA2JNw,bethlehem-pennsylvania
https://www.ubereats.com/allentown/food-delivery/steak-n-shake-4817-freemansburg-ave/CIo4Dyc0SgOjyaDw-Dr6VQ,bethlehem-pennsylvania
https://www.ubereats.com/allentown/food-delivery/dunkin-1928-hamilton-st/vZTY7IcSRpSPACiVwRnF8w,bethlehem-pennsylvania
https://www.ubereats.com/allentown/food-delivery/burger-king-3924-linden-street/RA6LeAzvQQSO2VyLR66nlw,bethlehem-pennsylvania
https://www.ubereats.com/allentown/food-delivery/red-robin-3716-easton-nazareth-hwy-northampton-crossings/JI3rSM8tQaSAf-R__mx2XA,bethlehem-pennsylvania
https://www.ubereats.com/allentown/food-delivery/almost-vegan-cafe-pescatarian-llc/F7ZP-1EKRje5VucY6opIdg,bethlehem-pennsylvania
https://www.ubereats.com/allentown/food-delivery/wing-squad-allentown-whitehall/JZViMaECQcGb5JSTFfOirQ,bethlehem-pennsylvania
https://www.ubereats.com/allentown/food-delivery/the-captains-boil-2102-emerick-blvd/i4BKpu5xRVG8P8dtrzABwQ,bethlehem-pennsylvania
https://www.ubereats.com/allentown/food-delivery/new-deli-corner/lvTfgOfpRzC4VxsjEvQmHQ,bethlehem-pennsylvania
https://www.ubereats.com/allentown/food-delivery/carlos-bakery-sands/kINFifr_S1ayK_YvikOgaQ,bethlehem-pennsylvania
https://www.ubereats.com/allentown/food-delivery/dunkin-1679-nor-bath-blvd/1fM_9Q64RMy3IQ8mnw-KTw,bethlehem-pennsylvania
https://www.ubereats.com/allentown/food-delivery/sibris-restaurant/aa3JIfPuSvGolc8P5707jQ,bethlehem-pennsylvania
https://www.ubereats.com/allentown/food-delivery/buca-di-beppo-whitehall-grape-street/KmgtL6-1TS2GxBIUtpBWmA,bethlehem-pennsylvania
https://www.ubereats.com/allentown/food-delivery/sotto-santi-restaurant/XM7YAD-TQcGWOGQTfwZIhg,bethlehem-pennsylvania
https://www.ubereats.com/allentown/food-delivery/chipotle-mexican-grill-837-lehigh-lifestyle-ctr/OyubmZriRdqko5UO4EvuPA,bethlehem-pennsylvania
https://www.ubereats.com/allentown/food-delivery/on-the-border-airport-rd/iBHRcxyQSAaym_4ygB7NjA,bethlehem-pennsylvania
https://www.ubereats.com/allentown/food-delivery/arbys-easton/QFnuPbSJQBCNK0jFzcvNcA,bethlehem-pennsylvania
https://www.ubereats.com/allentown/food-delivery/the-spot-delicatessen/TWQYpHeaQ-ePG55FHXmEew,bethlehem-pennsylvania
https://www.ubereats.com/allentown/food-delivery/wrapd-tight/acKBqO1rSiCSl_m3Gy-cBQ,bethlehem-pennsylvania
https://www.ubereats.com/allentown/food-delivery/wawa-8001-1584-8th-ave/zyavZmbaQoOwm5dyV2zO7g,bethlehem-pennsylvania
https://www.ubereats.com/allentown/food-delivery/saladworks-2419-macarthur-rd/1Wd406lVSDuCgSOmAVmiQw,bethlehem-pennsylvania
https://www.ubereats.com/allentown/food-delivery/wawa-120-2209-lehigh-st/mfcIKuhqQCW7ocRhfUOPuw,bethlehem-pennsylvania
https://www.ubereats.com/allentown/food-delivery/arbys-2445-butler-st/lqpfTnJuSI2GC1HTk363TA,bethlehem-pennsylvania
https://www.ubereats.com/allentown/food-delivery/menchies-frozen-yogurt-943-airport-center-dr/Z4Qgf9nWRCaT9bI3nkaG_g,bethlehem-pennsylvania
https://www.ubereats.com/allentown/food-delivery/millers-ale-house-allentown/EQP5UxjmRrGFbPyL0SHaiA,bethlehem-pennsylvania
https://www.ubereats.com/allentown/food-delivery/downtown-dawg/-SAeq6VBRgWXqnAOi7YyMw,bethlehem-pennsylvania
https://www.ubereats.com/allentown/food-delivery/chipotle-mexican-grill-4743-freemansburg-ave/Yfod6_I_R7WVvll4loV1tQ,bethlehem-pennsylvania
https://www.ubereats.com/allentown/food-delivery/feasta-italiana/IXlB-MYSRYybsrmxuwrZKA,bethlehem-pennsylvania
https://www.ubereats.com/allentown/food-delivery/sultana-lounge/PL25H0MZToi8SUFbSSUTog,bethlehem-pennsylvania
https://www.ubereats.com/allentown/food-delivery/starbucks-madison-farms/N9QX8p9jTMaXCYb2DIVR7g,bethlehem-pennsylvania
https://www.ubereats.com/allentown/food-delivery/adagio-bethlehem/0yVujur3Qwq9crpWHhlo1g,bethlehem-pennsylvania
https://www.ubereats.com/allentown/food-delivery/dunkin-2364-macarthur-rd/_GTaXwsiTA6R2_R2rG7TDQ,bethlehem-pennsylvania
https://www.ubereats.com/allentown/food-delivery/dwilliam-restaurant/aoDOMn8ZQdSDeOVPCPdq3Q,bethlehem-pennsylvania
https://www.ubereats.com/allentown/food-delivery/dunkin-1174-macarthur-rd/koH1S8GbTLWnDJp0g04sxg,bethlehem-pennsylvania
https://www.ubereats.com/allentown/food-delivery/mcdonalds-3925-nazareth-pike/BkLQaTV6RcGob45cCPkl-Q,bethlehem-pennsylvania
https://www.ubereats.com/allentown/food-delivery/perkins-3940-nazareth-pike/6xD_wE1jQ1K4lOO3dDeIYg,bethlehem-pennsylvania
https://www.ubereats.com/allentown/food-delivery/primohoagies-1403-n-cedar-crest-blvd/jR9ZQC5iR8SSM0YOFZglkw,bethlehem-pennsylvania
https://www.ubereats.com/allentown/food-delivery/latest-food-trends-restaurant/xW5t7wNyRuqjkKWChI_dGg,bethlehem-pennsylvania
https://www.ubereats.com/allentown/food-delivery/shinsen-%E6%96%B0%E9%B2%9C/O4j7nyBgQaGsMaArI0pRSA,bethlehem-pennsylvania
https://www.ubereats.com/allentown/food-delivery/hardball-cider-%26-scratch-kitchen/-HrYNzgXQN6Rx87YRhlvCQ,bethlehem-pennsylvania
https://www.ubereats.com/allentown/food-delivery/wawa-8032-631-south-25th-st/4ezqP0VoS1Gqre_PCYs4mQ,bethlehem-pennsylvania
https://www.ubereats.com/allentown/food-delivery/casa-di-franco-pizzeria/yZo9xSemQl-DryAix5co4Q,bethlehem-pennsylvania
https://www.ubereats.com/allentown/food-delivery/big-daddys-famous-cheesesteaks/W_ZaLjHuQcekuXS3ciMS3Q,bethlehem-pennsylvania
https://www.ubereats.com/allentown/food-delivery/five-guys-pa-0248-4025-tilghman-st/F2_uwEMJShKWEjlKcaxF7w,bethlehem-pennsylvania
https://www.ubereats.com/allentown/food-delivery/subway-8-w-broad-st/jzZkmE1rT_mkMa46pr1ktg,bethlehem-pennsylvania
https://www.ubereats.com/allentown/food-delivery/allentown-brew-works/0aZpgTjBSkuP4xDx1U0tbQ,bethlehem-pennsylvania
https://www.ubereats.com/allentown/food-delivery/la-kang-thai-french-cuisine/MAoihN2HRkm6yM0oROGohw,bethlehem-pennsylvania
https://www.ubereats.com/allentown/food-delivery/dunkin-2926-william-penn-hwy/-gVioIrESh-3ulJqH_M-vQ,bethlehem-pennsylvania
https://www.ubereats.com/allentown/food-delivery/the-bayou/s_674ouiSoKTU-FB9Smhig,bethlehem-pennsylvania
https://www.ubereats.com/allentown/food-delivery/supreme-1-fish%26-chicken/7SY8ATErSV2Bp2Cffa9fxw,bethlehem-pennsylvania
https://www.ubereats.com/allentown/food-delivery/general-zapata/Ux5tQX14Sfq6LwkW6YEVJg,bethlehem-pennsylvania
https://www.ubereats.com/allentown/food-delivery/las-delicias-colombian-bistro-since-2003/gb0c678qTXaQ62rMKwUPLA,bethlehem-pennsylvania
https://www.ubereats.com/allentown/food-delivery/nonna-sulinas-sicilian-kitchen/_Wx7cXjhSNeKZ4q5R-O3wg,bethlehem-pennsylvania
https://www.ubereats.com/allentown/food-delivery/burger-king-1600-macarthur-road/vFBIiO2ESHyuwZ5nkp4wdA,bethlehem-pennsylvania
https://www.ubereats.com/allentown/food-delivery/turismo-restaurant/FIYBV0_ATm2svecTuIk9IQ,bethlehem-pennsylvania
https://www.ubereats.com/allentown/food-delivery/bull-%26-bear/EqoJZhpmRDiu5cT7UwuGcg,bethlehem-pennsylvania
https://www.ubereats.com/allentown/food-delivery/apna-punjab/fbhEX1yITJmwFhN59sEiEQ,bethlehem-pennsylvania
https://www.ubereats.com/allentown/food-delivery/burger-king-3105-schoenersville-road/ygcfn47_Tu-DlhUowbx-mA,bethlehem-pennsylvania
https://www.ubereats.com/allentown/food-delivery/my-italian-heroes/XQVeNvUBQv2sKSfXpzgjfg,bethlehem-pennsylvania
https://www.ubereats.com/allentown/food-delivery/burger-king-300-south-25th-street/Q7Mq-C_7Q7uIQpADUlDf7A,bethlehem-pennsylvania
https://www.ubereats.com/allentown/food-delivery/mcdonalds-1321-union-blvd/sEbpfET3QU-vTiwvrv9psA,bethlehem-pennsylvania
https://www.ubereats.com/allentown/food-delivery/machs-gute-pub/aiUBEet_STOZ_68tENVxnw,bethlehem-pennsylvania
https://www.ubereats.com/allentown/food-delivery/moes-southwest-grill-4604-broadway-allentown/YvmbveMhSROvfv5cu6-XLA,bethlehem-pennsylvania
https://www.ubereats.com/allentown/food-delivery/black-%26-blue/qYMcOQetQEeMJnYmJzYtUg,bethlehem-pennsylvania
https://www.ubereats.com/allentown/food-delivery/clusters-handcrafted-popcorn/ibzY_d4bRQK929WeGmk4Cw,bethlehem-pennsylvania
https://www.ubereats.com/allentown/food-delivery/wendys-1980-s-4th-st/APpSxCFxT1KsZ308nnsknA,bethlehem-pennsylvania
https://www.ubereats.com/allentown/food-delivery/mar-y-tierra-restaurant/tDQ2UFR1R4SerMGB7DerQw,bethlehem-pennsylvania
https://www.ubereats.com/allentown/food-delivery/outback-steakhouse-3200-emrick-boulevard/qBQ6ikt0QVWKpai-28OvgA,bethlehem-pennsylvania
https://www.ubereats.com/allentown/food-delivery/subway-1-east-4th-st/ED0aTz4wRK2tUbcoYJQQ-w,bethlehem-pennsylvania
https://www.ubereats.com/allentown/food-delivery/manhattan-bagel-allentown/fuGhZwkKTn2LcvgEdoV1dg,bethlehem-pennsylvania
https://www.ubereats.com/allentown/food-delivery/our-spot/Y4-WjXznRsK_jbz2uzRLiA,bethlehem-pennsylvania
https://www.ubereats.com/allentown/food-delivery/casa-del-mofongo/1Q93CkiIQ1OqX7A98VwuXw,bethlehem-pennsylvania
https://www.ubereats.com/allentown/food-delivery/the-burger-wagon/RbLTDdEPR3GuK95s99gXIw,bethlehem-pennsylvania
https://www.ubereats.com/allentown/food-delivery/the-source-lounge-%26-grill/SX7eROvzSc-7PcFjnXVvoQ,bethlehem-pennsylvania
https://www.ubereats.com/allentown/food-delivery/my-italian-heros-pizzeria-and-restaurant/uzesz9DvSey1U6aG5Nzn3g,bethlehem-pennsylvania
https://www.ubereats.com/allentown/food-delivery/daisy-hill-market/mWJgtI2yTaSHEJQXHOePfQ,bethlehem-pennsylvania
https://www.ubereats.com/allentown/food-delivery/cumin-n-eat/fTAcpCZCQo2ksWuNsoswbg,bethlehem-pennsylvania
https://www.ubereats.com/allentown/food-delivery/good-times-pizzeria/8pwet650QZW937n-IuYRpQ,bethlehem-pennsylvania
https://www.ubereats.com/allentown/food-delivery/dennys-1871-catasauqua-road/HqegJydcTliStyTmuyg9MA,bethlehem-pennsylvania
https://www.ubereats.com/allentown/food-delivery/dunkin-112-north-6th-st/QpF0Zbj9RCC4eIHYibqtug,bethlehem-pennsylvania
https://www.ubereats.com/allentown/food-delivery/cuquita-restaurant/Yw0qrLRUSfyOWef5rjHPHw,bethlehem-pennsylvania
https://www.ubereats.com/allentown/food-delivery/primohoagies-2410-catasauqua-road/iSPZ6CNBSXG5pIr912N-KA,bethlehem-pennsylvania
https://www.ubereats.com/allentown/food-delivery/davids-italian-market/vg1lafTIQoWJWHy03tRT7A,bethlehem-pennsylvania
https://www.ubereats.com/allentown/food-delivery/dunkin-730-main-st/mMe0QOXoSTuK1yo_qqWOpA,bethlehem-pennsylvania
https://www.ubereats.com/allentown/food-delivery/moes-southwest-grill-3509-nazareth-road/_GBq8V-yTQu73NeKjrl0IA,bethlehem-pennsylvania
https://www.ubereats.com/allentown/food-delivery/mcdonalds-1432-s-4th-st/VANr--8lRJq30HEMjyad1g,bethlehem-pennsylvania
https://www.ubereats.com/allentown/food-delivery/dunkin-1300-northampton-st/fxqs8uqqTBGBEVAvtyyx4w,bethlehem-pennsylvania
https://www.ubereats.com/allentown/food-delivery/mod-pizza-madison-farms/Ch_4hQ5gTO-bNJ7-MVBOjg,bethlehem-pennsylvania
https://www.ubereats.com/allentown/food-delivery/perkins-3214-hamilton-blvd/ay8EVBbMQju2oRkdXEoIYQ,bethlehem-pennsylvania
https://www.ubereats.com/allentown/food-delivery/dunkin-215-w-hamilton-st/8ouFLe5PTvS-t4KoTliT9w,bethlehem-pennsylvania
https://www.ubereats.com/allentown/food-delivery/the-bethlehem-parlour/O3rzJZW6RVGP6B9ttjAj5Q,bethlehem-pennsylvania
https://www.ubereats.com/allentown/food-delivery/carrabbas-2471-park-ave/1uDRDW-ERVymR4WWIAjqyQ,bethlehem-pennsylvania
https://www.ubereats.com/allentown/food-delivery/mcdonalds-442-wyandotte-st/8LHkThrISAqnnPKa6woLwA,bethlehem-pennsylvania
https://www.ubereats.com/allentown/food-delivery/casa-del-mofongo/NdTvFp6NSkSbm3RWWMpsjA,bethlehem-pennsylvania
https://www.ubereats.com/allentown/food-delivery/new-york-gyro-bethlehem/THR_YNa9Qsafk1NIOsHqiA,bethlehem-pennsylvania
https://www.ubereats.com/allentown/food-delivery/friendlys-1836-catasauqua-road/hOKpz6EXQAqaG19_McYlnA,bethlehem-pennsylvania
https://www.ubereats.com/allentown/food-delivery/southside-313-bar-%26-grill/O1_WPf9VQ_-WrDki_bFFrg,bethlehem-pennsylvania
https://www.ubereats.com/allentown/food-delivery/falafel-shawarma-cafe/bZJ5FUixSwKoKqUXb72GzA,bethlehem-pennsylvania
https://www.ubereats.com/allentown/food-delivery/red-lobster-800-lehigh-valley-mall/74y7tgtDSwuFsftIrOvR6A,bethlehem-pennsylvania
https://www.ubereats.com/allentown/food-delivery/dunkin-3606-linden-st/RnE_otmtSompCmUSi4mhlw,bethlehem-pennsylvania
https://www.ubereats.com/allentown/food-delivery/el-tipico-allentown/ZapRarPESKOQwJEERSCIBA,bethlehem-pennsylvania
https://www.ubereats.com/allentown/food-delivery/billys-downtown-diner/-ZOplI_0Q6u1YY9Ce8S9Og,bethlehem-pennsylvania
https://www.ubereats.com/allentown/food-delivery/saladworks-3215-schoenersville-rd/b5CG5ZYrTLmk7QgK-LTAEw,bethlehem-pennsylvania
https://www.ubereats.com/allentown/food-delivery/dunkin-261-lloyd-st/PadWYG6NREeccypM9jECxw,bethlehem-pennsylvania
https://www.ubereats.com/allentown/food-delivery/little-caesars-1636-union-blvd/cOQhyGJwRyahe_GDprKX2A,bethlehem-pennsylvania
https://www.ubereats.com/allentown/food-delivery/campus-pizza/NLBHUKPGTdKdy6F7sd-2dg,bethlehem-pennsylvania
https://www.ubereats.com/allentown/food-delivery/five-guys-pa-1015-3770-dryland-way-easton/6hJIop2TRFeUdlIr1n0n3Q,bethlehem-pennsylvania
https://www.ubereats.com/allentown/food-delivery/bethlehem-brew-works/o3HuZsEKR6edjLxT754XAg,bethlehem-pennsylvania
https://www.ubereats.com/allentown/food-delivery/carrabbas-510-s-cedar-crest-blvd/nt-J_d0oQYSAjLLN86U8Jw,bethlehem-pennsylvania
https://www.ubereats.com/allentown/food-delivery/philly-pretzel-factory-allentown/kFeQnvqkQhuqgQY2dOo6eQ,bethlehem-pennsylvania
https://www.ubereats.com/allentown/food-delivery/perkins-205-w-third-street/v6pLbu73RISyp-BabGkCpQ,bethlehem-pennsylvania
https://www.ubereats.com/allentown/food-delivery/js-steak-and-subs-nazereth/37ONt1ZoRv-8ESy0jzP8Zg,bethlehem-pennsylvania
https://www.ubereats.com/allentown/food-delivery/sweetie-mamas/_uQBnSZGRVeDvLFeAbM4Pg,bethlehem-pennsylvania
https://www.ubereats.com/allentown/food-delivery/dunkin-3055-schoenersville-rd/OhvZamtbQemRCVQAqGvPIg,bethlehem-pennsylvania
https://www.ubereats.com/allentown/food-delivery/munchy-zone/uoVJmwdmQMucc3Q35c54MA,bethlehem-pennsylvania
https://www.ubereats.com/allentown/food-delivery/arbys-bethlehem/12eJyAMNQ-ekN6hFfusHFw,bethlehem-pennsylvania
https://www.ubereats.com/allentown/food-delivery/wendys-757-union-blvd/BK50f4IsS1WsS5LJ9Heyxg,bethlehem-pennsylvania
https://www.ubereats.com/allentown/food-delivery/copperhead-grille-airport-rd/HREtoquVQZKDNr9yEauWMg,bethlehem-pennsylvania
https://www.ubereats.com/allentown/food-delivery/wawa-0297-3300-schoenersville-road/0dwo094vSxmU8EekoRUFaw,bethlehem-pennsylvania
https://www.ubereats.com/allentown/food-delivery/tgi-fridays-581-allentown-pa/mgfDm7_1QhiMtQVwHal96w,bethlehem-pennsylvania
https://www.ubereats.com/allentown/food-delivery/shang-wei-szechuan/jutevCVYTZS7uoBQW9P1Wg,bethlehem-pennsylvania
https://www.ubereats.com/allentown/food-delivery/mayuri/HKHdUDvJQm2MrUHz3SE1qQ,bethlehem-pennsylvania
https://www.ubereats.com/allentown/food-delivery/ljs-midnight-munchies/IlYt1wOpRnKKlz31mBhDvQ,bethlehem-pennsylvania
https://www.ubereats.com/allentown/food-delivery/wawa-8037-741-e-broad-st/jAXsvr8MTsyRgclkq4Pd1A,bethlehem-pennsylvania
https://www.ubereats.com/allentown/food-delivery/subway-1525-a-easton-ave/xNi4LlAcRKe93TqXsoUVFQ,bethlehem-pennsylvania
https://www.ubereats.com/allentown/food-delivery/wendys-308-broadway-street/76KrXEI_QACiYWJVLhfhbA,bethlehem-pennsylvania
https://www.ubereats.com/allentown/food-delivery/mexico-lindo/DQQOCQptQgSuyS0g0BfI1g,bethlehem-pennsylvania
https://www.ubereats.com/allentown/food-delivery/dunkin-1910-stefko-blvd/DqTjpOk3TJue1abSOAzDKg,bethlehem-pennsylvania
https://www.ubereats.com/allentown/food-delivery/maza-middle-eastern-cuisine/Ued06H6PTsyMPFlUKmDulg,bethlehem-pennsylvania
https://www.ubereats.com/allentown/food-delivery/dunkin-1301-linden-st/licZEoXjRbmAwzFXR3_23g,bethlehem-pennsylvania
https://www.ubereats.com/allentown/food-delivery/js-steaks-and-subs-allentown/c5Las5dMSR2DQQNkh8G5zA,bethlehem-pennsylvania
https://www.ubereats.com/allentown/food-delivery/hi-pot/rNxzNEr1R_-CcyU2Kccnzw,bethlehem-pennsylvania
https://www.ubereats.com/allentown/food-delivery/koko-market-%26-deli/2624zVGWQEultnm9Xlx2TQ,bethlehem-pennsylvania
https://www.ubereats.com/allentown/food-delivery/no-1-chinese-restaurant-bethlehem/rTt5jBTvSYSb4uDmbKgwHw,bethlehem-pennsylvania
https://www.ubereats.com/allentown/food-delivery/starbucks-bethlehem/0u2rriI4QRiIISIQ9ttMxA,bethlehem-pennsylvania
https://www.ubereats.com/allentown/food-delivery/lok-yuan/rOfMp3daQ8mNMs5Cp2fGNw,bethlehem-pennsylvania
https://www.ubereats.com/allentown/food-delivery/true-blue-mediterranean-cafe/2T35G2ZhQKSn50TgKivE2Q,bethlehem-pennsylvania
https://www.ubereats.com/allentown/food-delivery/mcdonalds-2553-nazareth-rd/z35Lv1ZYRYqyzcBI2Txtrw,bethlehem-pennsylvania
https://www.ubereats.com/allentown/food-delivery/dunkin-3655-route-378/cD0dXdPFR_mP7KLsH7SEBA,bethlehem-pennsylvania
https://www.ubereats.com/allentown/food-delivery/nostos-greek-restaurant/h7HM2R8SRCSHwnxbIiQbIw,bethlehem-pennsylvania
https://www.ubereats.com/allentown/food-delivery/mcdonalds-1414-tilghman-st/ueWTThV0Q6WE_Rud2ZXDGg,bethlehem-pennsylvania
https://www.ubereats.com/allentown/food-delivery/my-italian-heros-pizzeria-and-restaurant/_7F9j4MSQM2H4Bxh3brChQ,bethlehem-pennsylvania
https://www.ubereats.com/allentown/food-delivery/chocolate-lab/XoZVlxz5Rpah2Ru-YAR9Qg,bethlehem-pennsylvania
https://www.ubereats.com/allentown/food-delivery/subway-2369-schoenersville-rd/RflnAG9-R1WfbLjO_QJ8CQ,bethlehem-pennsylvania
https://www.ubereats.com/allentown/food-delivery/bistro-cavallo/vXdLVjCvRpSmv6YjTNipvA,bethlehem-pennsylvania
https://www.ubereats.com/allentown/food-delivery/roasted/l-JCxfhQRd2deXq8e2qSAQ,bethlehem-pennsylvania
https://www.ubereats.com/allentown/food-delivery/king-kone/bFKg6rfpTb-525wGtynFWA,bethlehem-pennsylvania
https://www.ubereats.com/allentown/food-delivery/santoros-franks-and-chili/YmZ5PDSTSi6EDK3pgBgsBA,bethlehem-pennsylvania
https://www.ubereats.com/allentown/food-delivery/tgi-fridays-1091-bethlehem-pa/MUpdSk74S423xHF6Kkm6sQ,bethlehem-pennsylvania
https://www.ubereats.com/allentown/food-delivery/kabab-and-chutney/0__Mgd23T82amtPuvwKFRA,bethlehem-pennsylvania
https://www.ubereats.com/allentown/food-delivery/applebees-1510-n-cedar-crest-blvd/Cvjuxf_JRKuL_lpw_Sxg6g,bethlehem-pennsylvania
https://www.ubereats.com/allentown/food-delivery/js-steaks-%26-subs-bethlehem/brw6U8Y6SPGu_kofvLDhOg,bethlehem-pennsylvania
https://www.ubereats.com/allentown/food-delivery/casa-italia-restaurant/KG5Kd-KTSpyW0iCO1ywGgw,bethlehem-pennsylvania
https://www.ubereats.com/allentown/food-delivery/mcdonalds-2610-easton-ave/6B6mIv3bTEe3gVSRR1i7Sw,bethlehem-pennsylvania
https://www.ubereats.com/allentown/food-delivery/nawab-indian-restaurant-bethlehem/D9JIfiVbRieTm4oDHFDO0g,bethlehem-pennsylvania
https://www.ubereats.com/allentown/food-delivery/1001-thai/1pEgoN5jSpO4POF3SRkvfg,bethlehem-pennsylvania
https://www.ubereats.com/allentown/food-delivery/subway-1313-tilghman-st/BGNc6ZO1QmmHL1BXouaTjQ,bethlehem-pennsylvania
https://www.ubereats.com/allentown/food-delivery/cinnabon-182-lehigh-valley-mall/lCMu3MOCR9inxZKD_nB1nw,bethlehem-pennsylvania
https://www.ubereats.com/allentown/food-delivery/thai-halal-on-main/s87WxCw4RcO4MFSLmOKXxw,bethlehem-pennsylvania
https://www.ubereats.com/allentown/food-delivery/franks-pizza-%26-restaurant/O98eHJqdTm2yQ1RvFZy27Q,bethlehem-pennsylvania
https://www.ubereats.com/allentown/food-delivery/just-a-dream-frozen-yogurt/5OFCa5veSjmfAseIA59MIQ,bethlehem-pennsylvania
https://www.ubereats.com/allentown/food-delivery/brittany-natural-foods/QBxTqBC8R0-k0DEk390DIg,bethlehem-pennsylvania
https://www.ubereats.com/allentown/food-delivery/broad-street-pizzeria/aDS3NPTkSs-fhw5pmHYQlg,bethlehem-pennsylvania
https://www.ubereats.com/allentown/food-delivery/potts-doggie-shop/EJtTs-R7SHioXmy3Ck-Ltg,bethlehem-pennsylvania
https://www.ubereats.com/allentown/food-delivery/happy-garden-chinese-restaurant/JBk_OCT8TJajGRCorCk0XA,bethlehem-pennsylvania
https://www.ubereats.com/allentown/food-delivery/roccos-pizza/uKE_XFGYRym815P2tZrGzQ,bethlehem-pennsylvania
https://www.ubereats.com/allentown/food-delivery/penn-pizza/CE4LeuY0Rla-0IM5bSjmGg,bethlehem-pennsylvania
https://www.ubereats.com/allentown/food-delivery/five-guys-pa-0429-914-airport-center-rd/CWyI_oOeQVSdjJ_Fv6ZIUw,bethlehem-pennsylvania
https://www.ubereats.com/allentown/food-delivery/magias-friendly-italian/fnNQ732GQA66W2D5HrB-VA,bethlehem-pennsylvania
https://www.ubereats.com/allentown/food-delivery/frutta-bowls-7th-st/tUDmAZDgTIeYxXzr1RmCWA,bethlehem-pennsylvania
https://www.ubereats.com/allentown/food-delivery/broad-st-pizzeria/e-O39fsLSBSbfndkWZ4t-A,bethlehem-pennsylvania
https://www.ubereats.com/allentown/food-delivery/chhapan-bhog/PuqlArdzRPKd9Ji49NpcZQ,bethlehem-pennsylvania
https://www.ubereats.com/allentown/food-delivery/wow-que-rico-lechonera-restaurant/GWyVxth2RS-ZV1C5B16UrA,bethlehem-pennsylvania
https://www.ubereats.com/allentown/food-delivery/red-robin-2845-center-valley-pkwy-%23400/9zUGQhegSDagSq7g1r0amQ,bethlehem-pennsylvania
https://www.ubereats.com/allentown/food-delivery/red-robin-1875-airport-rd/vJIu_l9HRAqW-z0EFvsuMA,bethlehem-pennsylvania
https://www.ubereats.com/allentown/food-delivery/bar-louie-center-valley/P4TT1zWVRtCTIzhZgEMdNg,bethlehem-pennsylvania
https://www.ubereats.com/allentown/food-delivery/ruby-tuesday-2102-emerick-blvd/_3DOa8MzRo2ZaBiax3_UjA,bethlehem-pennsylvania
https://www.ubereats.com/allentown/food-delivery/boston-market-385-s-cedar-crest-blvd/fuwerngUQu23QrwIQBTp_g,bethlehem-pennsylvania
https://www.ubereats.com/allentown/food-delivery/primohoagies-2417-butler-street/fwcU0guBRx2ZIeD1qbhdgQ,bethlehem-pennsylvania
https://www.ubereats.com/allentown/food-delivery/don-juan-mex-grill-bethlehem/J8dSoYHPS7GNQg4xDVm99g,bethlehem-pennsylvania
https://www.ubereats.com/allentown/food-delivery/moes-southwest-grill-3211-schoenersville-road/B_YQ8RutTUuZeWgiOoxN2Q,bethlehem-pennsylvania
https://www.ubereats.com/allentown/food-delivery/the-burger-shack/6zgwXnfnT5KnsqlS-eVNsg,bethlehem-pennsylvania
https://www.ubereats.com/allentown/food-delivery/qdoba-mexican-grill-2691-macarthur-commons-rd/U3nlgtrSQzClq3lpVffEXw,bethlehem-pennsylvania
https://www.ubereats.com/allentown/food-delivery/sabz/0TS3jQDhSeKv1052SmWkVQ,bethlehem-pennsylvania
https://www.ubereats.com/allentown/food-delivery/manhattan-deli-%26-grill/FhYPN_TlSAmHzHwF0ct2wg,bethlehem-pennsylvania
https://www.ubereats.com/allentown/food-delivery/subway-1829-stefko-blvd/ZYArKVerQcuz7_mXw7zb-Q,bethlehem-pennsylvania
https://www.ubereats.com/allentown/food-delivery/wawa-8014-2985-macarthur-rd/EjI17tDoQc-ldOiMwwpdyA,bethlehem-pennsylvania
https://www.ubereats.com/allentown/food-delivery/biryani-city-allentown/LCixDYufQpe4kU9O1-T0qw,bethlehem-pennsylvania
https://www.ubereats.com/allentown/food-delivery/dunkin-4460-easton-ave/n6b1g5PYSYmUf_7FJAqHYQ,bethlehem-pennsylvania
https://www.ubereats.com/allentown/food-delivery/grand-china-buffet-%26-grill/X31-0ekzTM6fYBcdPopzkg,bethlehem-pennsylvania
https://www.ubereats.com/allentown/food-delivery/elenas-grill-and-pizza/lQ1vJ6SpQkmAfYU3MZGtog,bethlehem-pennsylvania
https://www.ubereats.com/allentown/food-delivery/dunkin-402-w-emaus-ave/RuYKBXcPSIWLQjBWnUPAmw,bethlehem-pennsylvania
https://www.ubereats.com/allentown/food-delivery/the-udder-bar/lt4MsCjuQtK__dfRfJTyLw,bethlehem-pennsylvania
https://www.ubereats.com/allentown/food-delivery/subway-1882-catasaqua-rd/ru__aHfnTMijBDvhEMiQnA,bethlehem-pennsylvania
https://www.ubereats.com/allentown/food-delivery/the-joint-77-w-broad-st/AGGH1PY4R_uCF_U2rEtgBg,bethlehem-pennsylvania
https://www.ubereats.com/allentown/food-delivery/valley-family-restaurant/Gf1nFb5TTfWY8fc2am53aA,bethlehem-pennsylvania
https://www.ubereats.com/allentown/food-delivery/orizaba/tUZIe5yBTGqwHHU6GCYPIQ,bethlehem-pennsylvania
https://www.ubereats.com/allentown/food-delivery/sarandonga-latin-bistro/TAf4gA1GTY-5ACzkQ8Ow4g,bethlehem-pennsylvania
https://www.ubereats.com/allentown/food-delivery/el-jefes-taqueria/RA7Nss_USyeQiQKBo_A_OA,bethlehem-pennsylvania
https://www.ubereats.com/allentown/food-delivery/golden-corral-900-lehigh-valley-mall-dr/n2HQNvfBRYOJDHR2FV01xg,bethlehem-pennsylvania
https://www.ubereats.com/allentown/food-delivery/lupita-house/_ELjACS9TXOg9_S-dEKssA,bethlehem-pennsylvania
https://www.ubereats.com/allentown/food-delivery/petes-hot-dog-shop/w5gtg8GaSo22sx954LzVXA,bethlehem-pennsylvania
https://www.ubereats.com/allentown/food-delivery/mod-pizza-airport-pointe/C-RPCYBbSJi096pCPqBmsQ,bethlehem-pennsylvania
https://www.ubereats.com/allentown/food-delivery/303-bonefish-grill-901-lehigh-lifestyle-center/vMKr6CDGQnqoYeLafYe_Ag,bethlehem-pennsylvania
https://www.ubereats.com/allentown/food-delivery/perkins-3400-lehigh-street/sn_6bGDRQJO3Ydx5eTRYgA,bethlehem-pennsylvania
https://www.ubereats.com/allentown/food-delivery/wayback-burger-4403-southmont-way/hcAVWlx2RiCiu4R_CkrbiA,bethlehem-pennsylvania
https://www.ubereats.com/allentown/food-delivery/little-caesars-2439-butler-street/Xklz6AFnQnCB2hXSTsCZdQ,bethlehem-pennsylvania
https://www.ubereats.com/allentown/food-delivery/taco-bell-2585-easton-avenue-rof%23024421/YsvSuOShQ4-DehIbjt9NxA,bethlehem-pennsylvania
https://www.ubereats.com/allentown/food-delivery/dunkin-1427-w-tilghman-st/hWm8RV_1RJGUAwunStSPyg,bethlehem-pennsylvania
https://www.ubereats.com/allentown/food-delivery/burger-king-2141-stefko-boulevard/YY6GL1ceQJeQRkLT-do2bA,bethlehem-pennsylvania
https://www.ubereats.com/allentown/food-delivery/arbys-1305-airport-rd/k-AbFPLdQE6ckCcsj73NqA,bethlehem-pennsylvania
https://www.ubereats.com/allentown/food-delivery/taco-bell-1102-1122-airport-rd/VB5DH4FMQma2WjkpC3mDEg,bethlehem-pennsylvania
https://www.ubereats.com/allentown/food-delivery/playa-bowls-bethlehem/XIdHpqAlTEKPCwqO5p176g,bethlehem-pennsylvania
https://www.ubereats.com/allentown/food-delivery/chipotle-mexican-grill-3114-w-tilghman-st/k7j7BDckQ9qJnneT1nI-Lw,bethlehem-pennsylvania
https://www.ubereats.com/allentown/food-delivery/franks-pizza/cdsdLMokQcy6LfkV3NJS8A,bethlehem-pennsylvania
https://www.ubereats.com/allentown/food-delivery/applebees-3702-easton-nazareth-hwy/sNoPoDwCSKOOtHb9JgQp3g,bethlehem-pennsylvania
https://www.ubereats.com/allentown/food-delivery/buffalo-wild-wings-3798-dryland-way/tEwvAsKRQXiPI4grAWNq5w,bethlehem-pennsylvania
https://www.ubereats.com/allentown/food-delivery/potts-doggie-shop-allentown/UXLnPA-qQE2e3ukJKQUDlw,bethlehem-pennsylvania
https://www.ubereats.com/allentown/food-delivery/dunkin-213-w-4th-st/NXltBENiSlmDq2Fx8L5kog,bethlehem-pennsylvania
https://www.ubereats.com/allentown/food-delivery/europa-bbq/T28KGfIeSV-jHIUOO5453A,bethlehem-pennsylvania
https://www.ubereats.com/allentown/food-delivery/wawa-299-911-941-union-blvd/q8Y4m8ODRoas7W1arbvw4w,bethlehem-pennsylvania
https://www.ubereats.com/allentown/food-delivery/wawa-87-1429-broadway/PiahwCWQRmyd50u9y8BG1A,bethlehem-pennsylvania
