url,city
https://www.ubereats.com/chicago/food-delivery/panda-express-schaumburg-%26-barrington/gFLfgJ11SJ6iJ9KY_u-Ryg,bloomingdale-illinois
https://www.ubereats.com/chicago/food-delivery/potbelly-sandwich-shop-glen-ellyn-dt-%7C-167/Zpr9MlcMQy664nIqh6K6tA,bloomingdale-illinois
https://www.ubereats.com/chicago/food-delivery/dennys-1086-lake-st/aVk7ZlHqQ8SrgH8QVpfe0g,bloomingdale-illinois
https://www.ubereats.com/chicago/food-delivery/charles-fast-food-%234/PL7QxUeDTG6pwOu_ra7UnA,bloomingdale-illinois
https://www.ubereats.com/chicago/food-delivery/taco-bell-275-w-golf-road/7wZYZysLT5OT22MNSD8XmA,bloomingdale-illinois
https://www.ubereats.com/chicago/food-delivery/silver-lake-restaurant-roselle/SbZjxdziT2mCIuY8BPAUYw,bloomingdale-illinois
https://www.ubereats.com/chicago/food-delivery/panda-express-golf-%26-roselle/6hycb7PkQ--8xFBOuj--hw,bloomingdale-illinois
https://www.ubereats.com/chicago/food-delivery/burger-king-340-s-neltnor-blvd/qghB0RAjQi--Bl6FEGUI8g,bloomingdale-illinois
https://www.ubereats.com/chicago/food-delivery/outback-steakhouse-2970-finley-rd/ijpy4y9GReq9R7jIJFHU5g,bloomingdale-illinois
https://www.ubereats.com/chicago/food-delivery/mcdonalds-higgins-%26-moon-lake/TjfYWvONRjyiFlsKarXLtA,bloomingdale-illinois
https://www.ubereats.com/chicago/food-delivery/royal-hummus-and-falafel/nkdZ031NTNi4aPz4xL2QYA,bloomingdale-illinois
https://www.ubereats.com/chicago/food-delivery/subway-1756-lake-st/H80N54I2Sn2FELijKBayXg,bloomingdale-illinois
https://www.ubereats.com/chicago/food-delivery/ali-baba-pizza-and-grill/qw8KNXBmRr2suR8fwIWYUA,bloomingdale-illinois
https://www.ubereats.com/chicago/food-delivery/chicks-n-salsa/DUSuaWwaSlitgeP5AGz-mw,bloomingdale-illinois
https://www.ubereats.com/chicago/food-delivery/papa-johns-schaumburg/NhfwEz2iSOO6JRAP7nUJ6w,bloomingdale-illinois
https://www.ubereats.com/chicago/food-delivery/oaked-italian-kitchen-front-st-vr/3fVXThuBRvOKDeRTqvfO2w,bloomingdale-illinois
https://www.ubereats.com/chicago/food-delivery/las-tias-restaurant/cS5FGBFTSSeAPNl8-ff9sw,bloomingdale-illinois
https://www.ubereats.com/chicago/food-delivery/taco-bell-270-e-army-trail-rd/4BOPQS17RKOi5WuRUKwlFA,bloomingdale-illinois
https://www.ubereats.com/chicago/food-delivery/taco-bell-322-w-irving-park-rd/aw046HvTTwqY2zNCtfLKYg,bloomingdale-illinois
https://www.ubereats.com/chicago/food-delivery/starbucks-irving-park-%26-walnut/nzPFZPOLRHWpCVBvaXSbAA,bloomingdale-illinois
https://www.ubereats.com/chicago/food-delivery/papa-johns-pizza-bloomingdale/cAzfkEFoTRamEptEbdoulA,bloomingdale-illinois
https://www.ubereats.com/chicago/food-delivery/sankalp-indian-restaurant/LZOnxKI3TxCgqihC3Qfc2w,bloomingdale-illinois
https://www.ubereats.com/chicago/food-delivery/popeyes-691-w-lake-street/Aok3KVQ5S9Wab5khSep9uw,bloomingdale-illinois
https://www.ubereats.com/chicago/food-delivery/dunkin-1090-roosevelt-rd/Ya1PCCJSTFqCqmA8tm9N-Q,bloomingdale-illinois
https://www.ubereats.com/chicago/food-delivery/buona-hoffman-estates/Rtk5JcCzTMeYhoVJIWqaLw,bloomingdale-illinois
https://www.ubereats.com/chicago/food-delivery/paps-ultimate-bar-and-grill/Dh5RiTE0QUSG3TE0SNySyw,bloomingdale-illinois
https://www.ubereats.com/chicago/food-delivery/taco-bell-74-stratford-dr/yRf8oqAnQxi03iOzbmInlA,bloomingdale-illinois
https://www.ubereats.com/chicago/food-delivery/el-gauchito-grill/yMQskUlESIy68LC6gfw58g,bloomingdale-illinois
https://www.ubereats.com/chicago/food-delivery/coachs-corner/_aagdz2KSBCazuzgdjN0jw,bloomingdale-illinois
https://www.ubereats.com/chicago/food-delivery/jamesons-charhouse-bloomingdale/r561eodlTw6tOYd0xCMYUQ,bloomingdale-illinois
https://www.ubereats.com/chicago/food-delivery/starbucks-north-%26-route-59/juzCyrF7Q4-hU6j6HXEU_Q,bloomingdale-illinois
https://www.ubereats.com/chicago/food-delivery/granite-city-food-%26-brewery-schaumburg/DuGH1jYxQFOBDpoU4CdF_A,bloomingdale-illinois
https://www.ubereats.com/chicago/food-delivery/finn-mccools-schaumburg/jCW8ukntSWakAKLWaUg_Mw,bloomingdale-illinois
https://www.ubereats.com/chicago/food-delivery/dunkin-411-e-north-ave/oGWtpyE4RhWwCptvyFk_mA,bloomingdale-illinois
https://www.ubereats.com/chicago/food-delivery/taqueria-los-2-brothers/mm9HRfhJQl6DJWLFDw01uw,bloomingdale-illinois
https://www.ubereats.com/chicago/food-delivery/red-lobster-3001-finley-road/UAaFRnwET62O8Ugk-EiN5w,bloomingdale-illinois
https://www.ubereats.com/chicago/food-delivery/buenos-dias-burritos/oMAxzm6JQaOv-o6LbuCLmQ,bloomingdale-illinois
https://www.ubereats.com/chicago/food-delivery/my-cocina-mexican-grill/QXHlA5eURra_CRpbfL4r6A,bloomingdale-illinois
https://www.ubereats.com/chicago/food-delivery/bellos-restaurant-of-bartlett/tDDPp__mRQqQsmG9-YLbEw,bloomingdale-illinois
https://www.ubereats.com/chicago/food-delivery/chandlers-chophouse-grille-%26-banquets/0GNqeMcgSIafIkxZUcSvZw,bloomingdale-illinois
https://www.ubereats.com/chicago/food-delivery/burrito-parrilla-mexicana-glendale-heights/fmpZ58pVTZ26QYGzYYkquw,bloomingdale-illinois
https://www.ubereats.com/chicago/food-delivery/tap-house-grill-hanover-park/mUTokAXYRtyVoQYzX3ZhlQ,bloomingdale-illinois
https://www.ubereats.com/chicago/food-delivery/arbys-1331-golf-rd/qD1yQhTmQXG_9-6JxTBGsA,bloomingdale-illinois
https://www.ubereats.com/chicago/food-delivery/steak-n-shake-675-meacham-rd/CQnXeG_zRZ-L_rgRAjFEEA,bloomingdale-illinois
https://www.ubereats.com/chicago/food-delivery/pyramid-pizzeria-%26-sports-bar-addison/bblsGIM4QzSFQv-XN8bXUg,bloomingdale-illinois
https://www.ubereats.com/chicago/food-delivery/7401-bonefish-grill-180-s-roselle-rd/TIImIlzlS2KAKcI5itjODw,bloomingdale-illinois
https://www.ubereats.com/chicago/food-delivery/manhattan-club/QcpYoKecQGmJr1utzGQGFg,bloomingdale-illinois
https://www.ubereats.com/chicago/food-delivery/villaggio-ristorante/Qf4oOgLoRPCLDXK9OV03rg,bloomingdale-illinois
https://www.ubereats.com/chicago/food-delivery/benihana-1200-e-higgins-road/Bcl6SQ-iTa25-2w9JeTtiA,bloomingdale-illinois
https://www.ubereats.com/chicago/food-delivery/q-bar-glendale-heights/fyVrVjlGQ3e7G263c9gXNg,bloomingdale-illinois
https://www.ubereats.com/chicago/food-delivery/county-donuts/edFg6CrXRluQ3qhicNzfhA,bloomingdale-illinois
https://www.ubereats.com/chicago/food-delivery/mcdonalds-irving-park-%26-maple/FjWe_AFmTn2ZG9XD10yWqw,bloomingdale-illinois
https://www.ubereats.com/chicago/food-delivery/mcdonalds-schmale-%26-gundersen/P2q3p_-ITWCE55bEFhUhng,bloomingdale-illinois
https://www.ubereats.com/chicago/food-delivery/godavari/zNvKrguxTyWFZPEHv0xjNg,bloomingdale-illinois
https://www.ubereats.com/chicago/food-delivery/dunkin-656-s-sutton-rd-route-59/pEUXNYuZS7GBAOtXcFw2Ww,bloomingdale-illinois
https://www.ubereats.com/chicago/food-delivery/frankys-red-hots/z7_htmK7Q72pL8Vj4W9ZjQ,bloomingdale-illinois
https://www.ubereats.com/chicago/food-delivery/moonsun-sushi/SidiNE2qQ4ax5sGW-wkRiQ,bloomingdale-illinois
https://www.ubereats.com/chicago/food-delivery/starbucks-route-59-%26-irving-park/dRVq0OlPT6-3LbLASl-sRg,bloomingdale-illinois
https://www.ubereats.com/chicago/food-delivery/toasty-cheese-mobile-eatery/dpXvBo7eT0GkGqUZ5dr4tg,bloomingdale-illinois
https://www.ubereats.com/chicago/food-delivery/burger-king-840-w-army-trail-rd/yB-ZGzu0TX2MCr2qeueFvA,bloomingdale-illinois
https://www.ubereats.com/chicago/food-delivery/courageous-bakery-and-cafe-108/s5QbJwRiRXWeZsKt3M_Wpw,bloomingdale-illinois
https://www.ubereats.com/chicago/food-delivery/hong-kong-cafe/_R1Q1_FLTkKPUL7KbtWHLQ,bloomingdale-illinois
https://www.ubereats.com/chicago/food-delivery/which-wich-superior-sandwiches-gary-%26-schick/v3iDyXWgQQOVff_o338Wrw,bloomingdale-illinois
https://www.ubereats.com/chicago/food-delivery/dunkleys-tavern/ChSSSRCCR2aB7ZWHqW8xuw,bloomingdale-illinois
https://www.ubereats.com/chicago/food-delivery/chipotle-mexican-grill-298-w-north-ave-unit-1/6YIOk6tlTtGOLu-4m-_zlg,bloomingdale-illinois
https://www.ubereats.com/chicago/food-delivery/morettis-ristorante-%26-pizzeria-bartlett/frRVuYpVSduZk6vF23Sv5A,bloomingdale-illinois
https://www.ubereats.com/chicago/food-delivery/francescas-amici/gXE_LL_pTCuaWRJksyCHJw,bloomingdale-illinois
https://www.ubereats.com/chicago/food-delivery/white-castle-2110-army-trail-rd/9n8uAUuBR6OoW7uDaKucfw,bloomingdale-illinois
https://www.ubereats.com/chicago/food-delivery/marias-mexican-bar-%26-grill/dHul896LSA-VjTtPQxplFA,bloomingdale-illinois
https://www.ubereats.com/chicago/food-delivery/sushi-ai/ATNrVA2XQaCwGTpaU8ZlfQ,bloomingdale-illinois
https://www.ubereats.com/chicago/food-delivery/sonic-drive-in-stearns-%26-i-59/8c51omZTSxO3CYi5Ym-f1g,bloomingdale-illinois
https://www.ubereats.com/chicago/food-delivery/portillos-hot-dogs-100-w-lake-st/_j7LzM_HQZqOVu0dAYzZ-A,bloomingdale-illinois
https://www.ubereats.com/chicago/food-delivery/wow-bao-1900-e-higgins/MhoNwMbuS3u0Qr9NWNnyvA,bloomingdale-illinois
https://www.ubereats.com/chicago/food-delivery/good-tequilas-mexican-grill-elk-grove/rn1YjUzpTI6i4OXNxlZH1A,bloomingdale-illinois
https://www.ubereats.com/chicago/food-delivery/papa-rays-pizza-%26-wings-carol-stream/YWDdcy7LS5aqZ8e_sNZ7Pw,bloomingdale-illinois
https://www.ubereats.com/chicago/food-delivery/chipotle-mexican-grill-601-n-martingale-rd-ste-330/a9Sc5J3bS4awhH_20FGlBA,bloomingdale-illinois
https://www.ubereats.com/chicago/food-delivery/los-fernandez-restaurant/0mpuCOpdSNO7HvAppVoB8A,bloomingdale-illinois
https://www.ubereats.com/chicago/food-delivery/big-bowl-schaumburg/P3a6vcq3QK-tmjAKNEnA2Q,bloomingdale-illinois
https://www.ubereats.com/chicago/food-delivery/brousko/Ic6_eqYSQ1yX0ab7-iA7TA,bloomingdale-illinois
https://www.ubereats.com/chicago/food-delivery/honey-jam-cafe-arlington-heights/JPsFG5x5RaK91gqs315G3w,bloomingdale-illinois
https://www.ubereats.com/chicago/food-delivery/de-campana-restaurant/WCyuyplhTwuSaDYc8CzIxQ,bloomingdale-illinois
https://www.ubereats.com/chicago/food-delivery/udupi-palace-restaurant/qC8M_b-NTv-2LlTmvSdKPw,bloomingdale-illinois
https://www.ubereats.com/chicago/food-delivery/uncle-bills-diner/xGpqC4jhQuOZE_XR5NOYiw,bloomingdale-illinois
https://www.ubereats.com/chicago/food-delivery/chick-fil-a-354-w-army-trail-rd/Ap-lblPsRlyHQdWb8I7VZQ,bloomingdale-illinois
https://www.ubereats.com/chicago/food-delivery/wendys-424-s-schmale-rd/ojbB1U7vR86MnivLqge-KA,bloomingdale-illinois
https://www.ubereats.com/chicago/food-delivery/china-bowl/BUqzeY8wSY-H-0a6z69_VA,bloomingdale-illinois
https://www.ubereats.com/chicago/food-delivery/sarpinos-pizzeria-322-w-army-trail-rd/ynjzoHEwQrOGf4Fu-B5D0w,bloomingdale-illinois
https://www.ubereats.com/chicago/food-delivery/qp-greek-food-with-a-kick/5RWEWSeYRL69GA22A9vfxQ,bloomingdale-illinois
https://www.ubereats.com/chicago/food-delivery/cafe-zupas-1422-e-golf-rd/aop9arHvRFSeE4XMemi5Kg,bloomingdale-illinois
https://www.ubereats.com/chicago/food-delivery/starbucks-higgins-%26-meacham/S_U93AH6Q-yfHoasvo_Kag,bloomingdale-illinois
https://www.ubereats.com/chicago/food-delivery/dunkin-1440-n-meacham-rd/QGCXDfwGQVmXmvEirkjftw,bloomingdale-illinois
https://www.ubereats.com/chicago/food-delivery/chipotle-mexican-grill-3821-e-main-st/pIj8MY5_SwqVzh21STl0oQ,bloomingdale-illinois
https://www.ubereats.com/chicago/food-delivery/jersey-mikes-subs-hoffman-%26-sutton/Pioq5aqnRzC9u1K74pVyHA,bloomingdale-illinois
https://www.ubereats.com/chicago/food-delivery/portillos-hot-dogs-635-1-2-north-ave/F8hF9hTlS8WP7oXFhrFoYw,bloomingdale-illinois
https://www.ubereats.com/chicago/food-delivery/sir-nicks-pizza/9g3gmlb2T9-sW6UPNLEEkg,bloomingdale-illinois
https://www.ubereats.com/chicago/food-delivery/auntie-annes-118-stratford-square/mzHH0DooTiGhcNQOiEDshg,bloomingdale-illinois
https://www.ubereats.com/chicago/food-delivery/taqueria-el-camino/0-rFFreZT2it1WU2WdcZvw,bloomingdale-illinois
https://www.ubereats.com/chicago/food-delivery/protein-bar-and-kitchen-meacham-%26-woodfield/13NDMskVQXabRYpXbLBffw,bloomingdale-illinois
https://www.ubereats.com/chicago/food-delivery/fox-%26-hound-1416-n-roselle-rd/x2v0034ST-Cx4Z-6p2a33A,bloomingdale-illinois
https://www.ubereats.com/chicago/food-delivery/rosatis-pizza-877-e-geneva-rd/cWDiClXHR8yM9yMOURo8EQ,bloomingdale-illinois
https://www.ubereats.com/chicago/food-delivery/papa-saverios-pizzeria-county-farm-%26-north/SdLlkBlnT4mOYoOYlTWvFQ,bloomingdale-illinois
https://www.ubereats.com/chicago/food-delivery/flappys-pancake-house/ZgFBQV4wQo6nd5yqh9sw8A,bloomingdale-illinois
https://www.ubereats.com/chicago/food-delivery/boston-market-1000-s-elmhurst/fXbcUiVcRLS3zMXhc2BRCQ,bloomingdale-illinois
https://www.ubereats.com/chicago/food-delivery/subway-609-meacham-rd/T3-TXrWwTByetGm8-8lYlA,bloomingdale-illinois
https://www.ubereats.com/chicago/food-delivery/panera-370-420-west-army-trail-road/g-SRSkRdSX-BLjRah6ItDQ,bloomingdale-illinois
https://www.ubereats.com/chicago/food-delivery/japan-77-steak-house/kDBZODm9QG-npxBpRkmANQ,bloomingdale-illinois
https://www.ubereats.com/chicago/food-delivery/kinfork-bbq-%26-tap/dyBDwIsgQwufjPQbPAvYEg,bloomingdale-illinois
https://www.ubereats.com/chicago/food-delivery/wendys-206-w-north-ave/tyeA-vyiTOmlI9WlcRSprA,bloomingdale-illinois
https://www.ubereats.com/chicago/food-delivery/taco-tuesday/Rq06CJntRReKBFIDwP8vOA,bloomingdale-illinois
https://www.ubereats.com/chicago/food-delivery/jj-bistro/M5iLU-N9RTuj03xl7bQEAA,bloomingdale-illinois
https://www.ubereats.com/chicago/food-delivery/dairy-queen-treat-261-e-irving-park-rd/RXTVM85GTxu3GHK6zDufBQ,bloomingdale-illinois
https://www.ubereats.com/chicago/food-delivery/sweetberry-bowls-elmhurst/-FSoDSbtQfaNacqDWISu0g,bloomingdale-illinois
https://www.ubereats.com/chicago/food-delivery/woodgrain-neapolitan-pizzeria-glen-ellyn/RmqX98GwSNO670NyAeO1Hw,bloomingdale-illinois
https://www.ubereats.com/chicago/food-delivery/taco-real/ViwFW2--RdiZ9G5U2Tkrhw,bloomingdale-illinois
https://www.ubereats.com/chicago/food-delivery/portillos-hot-dogs-611-e-golf-rd/blanvbF6TAe4vHULyjSyUQ,bloomingdale-illinois
https://www.ubereats.com/chicago/food-delivery/kfc-1030-n-roselle-rd/z1IIw2j-QYuQmrr6N7tgcg,bloomingdale-illinois
https://www.ubereats.com/chicago/food-delivery/mamas-mabuhay-restaurant/dCS45H1aSjODC8asHFrbdg,bloomingdale-illinois
https://www.ubereats.com/chicago/food-delivery/briki-cafe/68vzcHjFQtCmX6jj0kXB1w,bloomingdale-illinois
https://www.ubereats.com/chicago/food-delivery/weber-grill-restaurant-schaumburg/J1a3SyXDTBGGDj9NuSjmyQ,bloomingdale-illinois
https://www.ubereats.com/chicago/food-delivery/global-brew-tap-house/Yg_lkF_zRf2gX-7Tj2RULQ,bloomingdale-illinois
https://www.ubereats.com/chicago/food-delivery/delish-cakes/hxxafFphTw-ptvr42vfG0w,bloomingdale-illinois
https://www.ubereats.com/chicago/food-delivery/j-beez-mediterranean-%26-grill-restaurant/NCXlNtEnTYab9yc28E6Yww,bloomingdale-illinois
https://www.ubereats.com/chicago/food-delivery/shoeless-joes-ale-house-%26-grille-addison/3wiWsFddQAyRqCSWyc2NUQ,bloomingdale-illinois
https://www.ubereats.com/chicago/food-delivery/the-port-of-peri-peri-shaumburg/8_JesFeQQfGlHNA0VIpG6A,bloomingdale-illinois
https://www.ubereats.com/chicago/food-delivery/fitzs-bulldog/_HoNm30NQZ-BB6t7WrhISA,bloomingdale-illinois
https://www.ubereats.com/chicago/food-delivery/fratos-culinary-kitchen/Nsoklk8XS7S4lvsmiBQWag,bloomingdale-illinois
https://www.ubereats.com/chicago/food-delivery/dunkin-50-biesterfield-rd/sIAk6XBEQMq7Ca1MzyEEOA,bloomingdale-illinois
https://www.ubereats.com/chicago/food-delivery/wendys-1171-north-rohlwing-road/o0Iw4lNMQEODsOWrWNGHHw,bloomingdale-illinois
https://www.ubereats.com/chicago/food-delivery/panda-express-county-rd-11-%26-wall/tldMWWamQG6ErfznSEBAfw,bloomingdale-illinois
https://www.ubereats.com/chicago/food-delivery/indian-express-cuisine/dMQIQ6vQRFapfAu9w_DN3A,bloomingdale-illinois
https://www.ubereats.com/chicago/food-delivery/grandos/vY1uBbKoSXCy1JKXIomrdg,bloomingdale-illinois
https://www.ubereats.com/chicago/food-delivery/dairy-queen-treat-709-w-lake-st/5hAO5K-hSOuYHRappZEvAw,bloomingdale-illinois
https://www.ubereats.com/chicago/food-delivery/gabutto-burger/nJgLSWtpR2GQwJGbIluE6Q,bloomingdale-illinois
https://www.ubereats.com/chicago/food-delivery/mcdonalds-army-trail-%26-george-bell/0C8syJB5SSaunkWi0xP-fw,bloomingdale-illinois
https://www.ubereats.com/chicago/food-delivery/starbucks-army-trail-%26-gary/jq-pd4ZAR66RQ1aRvUVURw,bloomingdale-illinois
https://www.ubereats.com/chicago/food-delivery/subway-158-a-e-lake-st/ubKlGHbUTYK6odeyNvHXHA,bloomingdale-illinois
https://www.ubereats.com/chicago/food-delivery/mandarin-bistro/81hhFX0xSLWXPkhdTZ3elQ,bloomingdale-illinois
https://www.ubereats.com/chicago/food-delivery/starbucks-north-%26-grace/dxEpY7FOQAGYTee19Jrs4Q,bloomingdale-illinois
https://www.ubereats.com/chicago/food-delivery/olde-salem-cafe/oJyaYPy_RhmVsZ2DdGJH3A,bloomingdale-illinois
https://www.ubereats.com/chicago/food-delivery/chipotle-mexican-grill-15-e-golf-rd/fcCfvHQ9QSa3Nhza1WtrvQ,bloomingdale-illinois
https://www.ubereats.com/chicago/food-delivery/jersey-mikes-subs-army-trail-%26-knollwood/P_C6zcM8T_i_4FX1ffFQ8g,bloomingdale-illinois
https://www.ubereats.com/chicago/food-delivery/subway-1209-n-gary-ave/SqBZHFZmQDitXGitgxBXYw,bloomingdale-illinois
https://www.ubereats.com/chicago/food-delivery/brandys-gyros-schaumburg/JNUJryl3STeRcoMqidBHJA,bloomingdale-illinois
https://www.ubereats.com/chicago/food-delivery/pita-pita-mediterranean-grill-lombard/UO7jLyN2TfS4HoHOMcP8IA,bloomingdale-illinois
https://www.ubereats.com/chicago/food-delivery/dunkin-142-s-gary-ave-ste-109-near-marianos/jl_kB89kTveI1uQQklBCgg,bloomingdale-illinois
https://www.ubereats.com/chicago/food-delivery/opolska/UFuKwHJ6TtWufUf94uvGvA,bloomingdale-illinois
https://www.ubereats.com/chicago/food-delivery/taco-bell-1140-s-york-rd/cfg30J9ARlGCDlwIBUsblA,bloomingdale-illinois
https://www.ubereats.com/chicago/food-delivery/burrito-grill/oooRjyf0TzSK_YYhsETXXA,bloomingdale-illinois
https://www.ubereats.com/chicago/food-delivery/taco-bell-7660-barrington-road/VJgv_QC8Q2SvoBy9aD-QFA,bloomingdale-illinois
https://www.ubereats.com/chicago/food-delivery/red-lobster-800-e-golf-road/JqIm7ZhlTEqWukEJt2ZfLw,bloomingdale-illinois
https://www.ubereats.com/chicago/food-delivery/beef-villa-south-elgin/A02c9LgxTTmDmk7nI59uIg,bloomingdale-illinois
https://www.ubereats.com/chicago/food-delivery/sbarro-g-123-woodfield-mall/-w_V9-TMQkutnLVqvTURsQ,bloomingdale-illinois
https://www.ubereats.com/chicago/food-delivery/dunkin-106-e-north-ave/B4ppTVcoQvaatE5oRqyTMg,bloomingdale-illinois
https://www.ubereats.com/chicago/food-delivery/mcdonalds-north-%26-bloomingdale/yQNlUWygSkySehFxWVCn6Q,bloomingdale-illinois
https://www.ubereats.com/chicago/food-delivery/la-taqueria-el-rincon-de-mexico/QyhpdOo_THGtOHlroJegYw,bloomingdale-illinois
https://www.ubereats.com/chicago/food-delivery/picante-mexican-bar-%26-grill/qBv0K00WS5CmBKY0XofRwQ,bloomingdale-illinois
https://www.ubereats.com/chicago/food-delivery/rosatis-pizza-elk-grove/piU6Mp8VQNK7o7dPds2wwQ,bloomingdale-illinois
https://www.ubereats.com/chicago/food-delivery/subway-1050-n-rohlwing-rd/ShvRVFb1TfSHwJYkEPZ6Xg,bloomingdale-illinois
https://www.ubereats.com/chicago/food-delivery/shaahi-biryani/CMne3eiPRmSQkN6vBzyfVQ,bloomingdale-illinois
https://www.ubereats.com/chicago/food-delivery/four-seasons-steak-%26grill/R951BCO0TvyQlLM3WBe87A,bloomingdale-illinois
https://www.ubereats.com/chicago/food-delivery/char-kabobs/T5cpBX_FQZuaPsSGXO_3QQ,bloomingdale-illinois
https://www.ubereats.com/chicago/food-delivery/wildfire-schaumburg/7-YSLPc6TlCqxCErw50F8Q,bloomingdale-illinois
https://www.ubereats.com/chicago/food-delivery/pasta-mia/IZwdy_wASQiICQC2a2ROZQ,bloomingdale-illinois
https://www.ubereats.com/chicago/food-delivery/fire-pita-mediterranean-grill/fqS5D2W8S_OUPyDCZx5kPw,bloomingdale-illinois
https://www.ubereats.com/chicago/food-delivery/noodles-%26-company-3871-e-main-st-unit-3871/MWj5D0KDSk-IijJ3DeRAag,bloomingdale-illinois
https://www.ubereats.com/chicago/food-delivery/naxos-greek-restaurant/bAv3d0x9St-vyshbyLjzFw,bloomingdale-illinois
https://www.ubereats.com/chicago/food-delivery/avenue-bg/2DcwcryrTrmvzbdnB4_z1w,bloomingdale-illinois
https://www.ubereats.com/chicago/food-delivery/starbucks-roselle-%26-main/PrpLuCWSRcewkWM3ZVOugw,bloomingdale-illinois
https://www.ubereats.com/chicago/food-delivery/dunkin-200-e-lake-st/k6YR_V4pQhekSBZPPXyeKA,bloomingdale-illinois
https://www.ubereats.com/chicago/food-delivery/chipotle-mexican-grill-396-w-army-trail-rd/IdsgSwUkSs65OARw81_tJg,bloomingdale-illinois
https://www.ubereats.com/chicago/food-delivery/cofelos-corner/4adbfPKrRmWOPSmQZsx02A,bloomingdale-illinois
https://www.ubereats.com/chicago/food-delivery/apizzaco-front-st/SAsglU7wRaqeT897NWU07Q,bloomingdale-illinois
https://www.ubereats.com/chicago/food-delivery/burger-king-630-meacham-road/KLT4UeVWS1W550BKxjx9aQ,bloomingdale-illinois
https://www.ubereats.com/chicago/food-delivery/dunkin-1550-lake-st/Y205V23SR4CSsk_bgwpFfQ,bloomingdale-illinois
https://www.ubereats.com/chicago/food-delivery/los-buenos-diaz-mexican-grill/Y8yz3ujIT4SZb12Xjdoffw,bloomingdale-illinois
https://www.ubereats.com/chicago/food-delivery/bulldog-ale-house-roselle/Ms5a-pxxSk6gWNGglSe8rg,bloomingdale-illinois
https://www.ubereats.com/chicago/food-delivery/taco-bell-951-s-roselle-rd/3SA2bgTGS4e_CN6m4VhoMQ,bloomingdale-illinois
https://www.ubereats.com/chicago/food-delivery/tony-spavones/2JDwctCTQH6OrJIqZ_s1fw,bloomingdale-illinois
https://www.ubereats.com/chicago/food-delivery/sakura-sushi-schaumburg/PU6sujzeRQmffkHH1RhZkA,bloomingdale-illinois
https://www.ubereats.com/chicago/food-delivery/wendys-29-w-golf-rd/Cc8-oxoeQWW0i4qCRT9ycg,bloomingdale-illinois
https://www.ubereats.com/chicago/food-delivery/hyderabad-house-biryani-place-schaumburg/MdKHvEJkQiSrXA_131fWlg,bloomingdale-illinois
https://www.ubereats.com/chicago/food-delivery/big-boss-pizza/rjNEn2CCTaaQQ1AUOUO4xg,bloomingdale-illinois
https://www.ubereats.com/chicago/food-delivery/subway-314-w-army-trail-rd/YzFaISobTcGO-dYRqTrRxA,bloomingdale-illinois
https://www.ubereats.com/chicago/food-delivery/chipotle-mexican-grill-170-e-lake-st/Gl87zF90QYC2PxjqOIk99Q,bloomingdale-illinois
https://www.ubereats.com/chicago/food-delivery/starbucks-army-trail-%26-bloomingdale/6uUN7OQaRFu6rrcWdXsFrQ,bloomingdale-illinois
https://www.ubereats.com/chicago/food-delivery/kabab-point/4e8CH31sSvGdbtV3eOBZZQ,bloomingdale-illinois
https://www.ubereats.com/chicago/food-delivery/cool-mirchi/UJnfjsPJR5ixm4sLZVcnkw,bloomingdale-illinois
https://www.ubereats.com/chicago/food-delivery/suns-kitchen-%E7%AB%AF%E9%99%BD/_lA-76RSQvWpjyvHnAP16g,bloomingdale-illinois
https://www.ubereats.com/chicago/food-delivery/rosatis-pizza-elmhurst/v9vr7oT3TxWOkVm2fpnuFA,bloomingdale-illinois
https://www.ubereats.com/chicago/food-delivery/rios-addison/qnsZljrkQhiyeJdFrb2W7w,bloomingdale-illinois
https://www.ubereats.com/chicago/food-delivery/green-street-grille/WWI5KQWATU6lKgFaUCoM_Q,bloomingdale-illinois
https://www.ubereats.com/chicago/food-delivery/sarpinos-pizzeria-623-w-north-ave/0JVxriGSTaGT4ZZrPnhwbw,bloomingdale-illinois
https://www.ubereats.com/chicago/food-delivery/popeyes-511-west-irving-park/ZDodoagiSviyGndclWpn0w,bloomingdale-illinois
https://www.ubereats.com/chicago/food-delivery/ellyns-tap-and-grill/QXJZo7kWQfy83nNkRObtHw,bloomingdale-illinois
https://www.ubereats.com/chicago/food-delivery/papa-johns-hoffman-estates/129Yc3JKRyuzr4u-ZErGbw,bloomingdale-illinois
https://www.ubereats.com/chicago/food-delivery/white-castle-110-w-north-ave/1oC6dUkcRzWEbYI69WbTkA,bloomingdale-illinois
https://www.ubereats.com/chicago/food-delivery/outback-steakhouse-166-south-gary-avenue/W6BvG5bkQpOyXc0ZuqFFuQ,bloomingdale-illinois
https://www.ubereats.com/chicago/food-delivery/maoz-falafel-%26-grill/YqRq3vxeQhCXizc-c_6KSg,bloomingdale-illinois
https://www.ubereats.com/chicago/food-delivery/mcdonalds-st-charles-%26-villa/GMvCkzRJTNO8elYSiLs61w,bloomingdale-illinois
https://www.ubereats.com/chicago/food-delivery/fox-%26-turtle/HTcRf0RCQV6bPTKAfQSDMA,bloomingdale-illinois
https://www.ubereats.com/chicago/food-delivery/il-sogno/Q9fKFyE2Qqu_9BoNluMq7w,bloomingdale-illinois
https://www.ubereats.com/chicago/food-delivery/tokyo-steak-house-ii/XHm76eVwQY2TNT5pLwI9hw,bloomingdale-illinois
https://www.ubereats.com/chicago/food-delivery/five-guys-il-0510-1424-n-meacham/emds24UTRBCSPpw7fp3jAQ,bloomingdale-illinois
https://www.ubereats.com/chicago/food-delivery/kitakata-ramen-bannai/kCAuie4GTK6ZzZebhAVnQw,bloomingdale-illinois
https://www.ubereats.com/chicago/food-delivery/pops-pizza-%26-sports-bar/oRNPGvniRL6TNHIf4UB57w,bloomingdale-illinois
https://www.ubereats.com/chicago/food-delivery/american-tap/gVpUsrJARFKC7_Vpktm0MQ,bloomingdale-illinois
https://www.ubereats.com/chicago/food-delivery/fresh-international-market-food-court/P9fulCB9QkC-A2nw3bVgFg,bloomingdale-illinois
https://www.ubereats.com/chicago/food-delivery/dunkin-2130-bloomingdale-rd/ZFwy517VRteOT54sLfY5Zw,bloomingdale-illinois
https://www.ubereats.com/chicago/food-delivery/rack-house/m81SFVtFSoW3RtVl9Vmsjw,bloomingdale-illinois
https://www.ubereats.com/chicago/food-delivery/taco-bell-601-meacham-rd/yHh_nTmVRhOl7l2t-OEdcw,bloomingdale-illinois
https://www.ubereats.com/chicago/food-delivery/chipotle-mexican-grill-1078-n-rohlwing-rd/ai2ypDaHRt6lU8atxp0_Qg,bloomingdale-illinois
https://www.ubereats.com/chicago/food-delivery/dogfather-hot-dogs/K_871q0HSi-be5Qj9h3gjg,bloomingdale-illinois
https://www.ubereats.com/chicago/food-delivery/millies-pancake-shoppe/IXYO24u0So-2-nftOdTg6Q,bloomingdale-illinois
https://www.ubereats.com/chicago/food-delivery/burger-king-1012-north-rohlwing-road/zjFmA6prSfqc9QpCrDD7xw,bloomingdale-illinois
https://www.ubereats.com/chicago/food-delivery/kolachi-tandoori-grill/4SnxLJzkTvi9XKl5OvLbhg,bloomingdale-illinois
https://www.ubereats.com/chicago/food-delivery/los-burritos-tapatios-glen-ellyn/rGIHtZ1NS1WNsEUiiBOxYQ,bloomingdale-illinois
https://www.ubereats.com/chicago/food-delivery/mcdonalds-irving-park-%26-bartlett/0Pa3x5SRQnWSIp-k4q_ihw,bloomingdale-illinois
https://www.ubereats.com/chicago/food-delivery/starbucks-stearns-%26-route-59/_uZXKRl0Rf2vgytZORcq8A,bloomingdale-illinois
https://www.ubereats.com/chicago/food-delivery/subway-159-e-north-ave/aJrvU7xGRxSHnEsMQxCJuA,bloomingdale-illinois
https://www.ubereats.com/chicago/food-delivery/dunkin-880-w-army-trail-rd/pHTYai-qQomqO7IUAzM6Ug,bloomingdale-illinois
https://www.ubereats.com/chicago/food-delivery/inchins-bamboo-garden-chicago/_MC_FjHPQ7yx-OnqTauIjA,bloomingdale-illinois
https://www.ubereats.com/chicago/food-delivery/mcdonalds-irving-park-%26-prospect/vdTrW2ddQPWsa4E0gdunNw,bloomingdale-illinois
https://www.ubereats.com/chicago/food-delivery/qdoba-main-%26-geneva/0LlepTPJSROcinc160UAxQ,bloomingdale-illinois
https://www.ubereats.com/chicago/food-delivery/red-robin-224-120-j-woodfield-mall/4110vPePS6uj1vzBA7zPsA,bloomingdale-illinois
https://www.ubereats.com/chicago/food-delivery/groundlevel-105/M-IuOsd7QbOG8b5Tnb9-YA,bloomingdale-illinois
https://www.ubereats.com/chicago/food-delivery/kizuna-sushi-bistro/mDzkKkgfR323PClFNUUCtg,bloomingdale-illinois
https://www.ubereats.com/chicago/food-delivery/sonic-drive-in-barrington-%26-bourbon/2GxSCTt9ShKCmJBEHvCUJw,bloomingdale-illinois
https://www.ubereats.com/chicago/food-delivery/dinos-cafe/P99imHmaSSeSi4QpkHSzeQ,bloomingdale-illinois
https://www.ubereats.com/chicago/food-delivery/poke-bros-st-charles/2RWM-Y_NR--ozvYL39VKmg,bloomingdale-illinois
https://www.ubereats.com/chicago/food-delivery/cafe-zupas-148-s-gary-ave/C3w29biOT0-NsZQANL5l_Q,bloomingdale-illinois
https://www.ubereats.com/chicago/food-delivery/mcdonalds-york-%26-diversey/IAAbEbYMSMiWbj6bBPdpDA,bloomingdale-illinois
https://www.ubereats.com/chicago/food-delivery/taqueria-los-comales-neltnor-%26-main/jOzPj8XbQZeEAAFmM0b4-A,bloomingdale-illinois
https://www.ubereats.com/chicago/food-delivery/portillos-hot-dogs-235-north-ave/LfL03HHfSN6xD22F3DO6jg,bloomingdale-illinois
https://www.ubereats.com/chicago/food-delivery/gus-diner/YU7tJnzvQA63HIeeqRo16g,bloomingdale-illinois
https://www.ubereats.com/chicago/food-delivery/juice-%26-berry/Kj34kzuZRve2XeFZo_KvmA,bloomingdale-illinois
https://www.ubereats.com/chicago/food-delivery/bayleaf-by-saffron/ts8M8UibShyBDsF-QnoDBQ,bloomingdale-illinois
https://www.ubereats.com/chicago/food-delivery/kfc-taco-bell-335-neltnor-blvd/fV_vp1u9SCWC8pyzusI6xw,bloomingdale-illinois
https://www.ubereats.com/chicago/food-delivery/urban-counter-wheaton/egswpWkhTiWD_MCfSc0dpA,bloomingdale-illinois
https://www.ubereats.com/chicago/food-delivery/taco-patio-hanover-park/bC6TTGmVRE2VnBeOe5hxyA,bloomingdale-illinois
https://www.ubereats.com/chicago/food-delivery/arbys-441-e-geneva-rd/EoPQUVNkQgiPQ2Mdx39hkA,bloomingdale-illinois
https://www.ubereats.com/chicago/food-delivery/rosatis-pizza-739-n-mill-rd/bXi6dUB2RROuji75IMm9BQ,bloomingdale-illinois
https://www.ubereats.com/chicago/food-delivery/potbelly-sandwich-shop-bloomingdale-%7C-75/hGwH0nQIRYWT8TeqM-Ln_g,bloomingdale-illinois
https://www.ubereats.com/chicago/food-delivery/los-burritos-mexicanos-%231/ClzpkDX4QEabuLbdrUd4fA,bloomingdale-illinois
https://www.ubereats.com/chicago/food-delivery/hooters-perimeter-%26-west/j5nnJk82RkyKUxORnBsIdA,bloomingdale-illinois
https://www.ubereats.com/chicago/food-delivery/corkys-catering/SvUgw3BUR4maCztMqeQtzg,bloomingdale-illinois
https://www.ubereats.com/chicago/food-delivery/nathans-noodle-and-rice/WYbq5M0qT2Sa3s08A0YprA,bloomingdale-illinois
https://www.ubereats.com/chicago/food-delivery/papa-johns-pizza-wheaton/mEOnPq1MQWmsXBe8B-tkYg,bloomingdale-illinois
https://www.ubereats.com/chicago/food-delivery/hakka-wok/IWYl1I5DQ4-tEDw-Ma7ipw,bloomingdale-illinois
https://www.ubereats.com/chicago/food-delivery/cousins-pizza-pub/XBBnDVP8SA6lnps4MTG7fQ,bloomingdale-illinois
https://www.ubereats.com/chicago/food-delivery/jamba-juice-601-n-martingale-rd-ste-%23310/TTgefK5fQMeRdct0nlciwg,bloomingdale-illinois
https://www.ubereats.com/chicago/food-delivery/billy-bricks-wood-fired-pizza-wheaton/Tnt8SMrWQHiOQxiCVqH5eQ,bloomingdale-illinois
https://www.ubereats.com/chicago/food-delivery/halal-kitchen/Sk9wd9KNReSDah8ubYYNsg,bloomingdale-illinois
https://www.ubereats.com/chicago/food-delivery/cafe-on-the-park/bcDhRlHNTtiy0WOxHJA6Hw,bloomingdale-illinois
https://www.ubereats.com/chicago/food-delivery/village-tavern-%26-grill/QyHes93cQlyFiTu7KQlIFQ,bloomingdale-illinois
https://www.ubereats.com/chicago/food-delivery/tgi-fridays-2671-bloomingdale-il/cV58BzXPQZa_VNrVSFPAJA,bloomingdale-illinois
https://www.ubereats.com/chicago/food-delivery/browns-chicken-carol-stream/Jo6eAdZKQ0CQdwKh--Mamw,bloomingdale-illinois
https://www.ubereats.com/chicago/food-delivery/chouns-restaurant/bZ6nLWf0QQ--N6k8FjIiIg,bloomingdale-illinois
https://www.ubereats.com/chicago/food-delivery/middleterranean/1LXwpCECTMij_0mt4GOT0A,bloomingdale-illinois
https://www.ubereats.com/chicago/food-delivery/chipotle-mexican-grill-2119-w-roosevelt-rd/0DmIfQ9gQt2yWr_FvqCZmQ,bloomingdale-illinois
https://www.ubereats.com/chicago/food-delivery/benjyehuda-meacham-rd/zvOmlrp8TSO8WD6LX4pmMA,bloomingdale-illinois
https://www.ubereats.com/chicago/food-delivery/dulce-vida-juice-bar/tNxntjWRQrC4CkXT7nvJiw,bloomingdale-illinois
https://www.ubereats.com/chicago/food-delivery/buffalo-wild-wings-944-elk-grove-town-ctr/Viqra_QATbizYrIIH2I64w,bloomingdale-illinois
https://www.ubereats.com/chicago/food-delivery/jersey-mikes-subs-biesterfield-%26-arlington-heights/uLpExKIbT0eDh-rL72XBww,bloomingdale-illinois
https://www.ubereats.com/chicago/food-delivery/burger-king-1015-south-roselle-road/bHtS4WU5Rcudt1l_afJwUw,bloomingdale-illinois
https://www.ubereats.com/chicago/food-delivery/johnnys-burgers-bowls-%26-bbq-carol-stream/wzfiif8DRxyU4YGwgHw9Pw,bloomingdale-illinois
https://www.ubereats.com/chicago/food-delivery/chuck-e-cheese-990-s-barrington/zQ4dq7fNQUaHoFkF6ZbUWQ,bloomingdale-illinois
https://www.ubereats.com/chicago/food-delivery/langostinos-nayarit/UjTcCrgrSVa_fbqdpDxoRw,bloomingdale-illinois
https://www.ubereats.com/chicago/food-delivery/on-the-border-st-charles/zSlFfu3-TbKvotisgUdE4w,bloomingdale-illinois
https://www.ubereats.com/chicago/food-delivery/mapleberry-pancake-house/UPHysVWJTfqIyYEZSR_zDQ,bloomingdale-illinois
https://www.ubereats.com/chicago/food-delivery/mcdonalds-algonquin-%26-new-wilke/FMYtB-kZTESL423c0wlGng,bloomingdale-illinois
https://www.ubereats.com/chicago/food-delivery/la-michoacana-premium/hEvzc4_ESn-gHlgZCCzkUg,bloomingdale-illinois
https://www.ubereats.com/chicago/food-delivery/chicago-loop-sports-bar-%26-grill/p4zviC2MQ96Tz4IUlYRI4Q,bloomingdale-illinois
https://www.ubereats.com/chicago/food-delivery/okapi-bistro/Du6UoNnqQLChr0VWgVh_qA,bloomingdale-illinois
https://www.ubereats.com/chicago/food-delivery/casinos-pizza/nGOrLxY8QuC1oambdYWqKQ,bloomingdale-illinois
https://www.ubereats.com/chicago/food-delivery/daves-burritos/EcPfIirVS-GnldEUBZNn7A,bloomingdale-illinois
https://www.ubereats.com/chicago/food-delivery/crazy-crab/zAwMBoB0QA-wTeICbBAmig,bloomingdale-illinois
https://www.ubereats.com/chicago/food-delivery/danbys-station-cafe/E_hA_j3NQRePWWmWKrVwhQ,bloomingdale-illinois
https://www.ubereats.com/chicago/food-delivery/sampurnas-indian-flavor/5CnohXeORdy-4t4u1maFSA,bloomingdale-illinois
https://www.ubereats.com/chicago/food-delivery/starbucks-golf-%26-higgins/4g12UhP8RyeOEO6OFCgC_g,bloomingdale-illinois
https://www.ubereats.com/chicago/food-delivery/qdoba-golf-%26-meacham/i5Ub7PVfSFWebdg6zD4zXA,bloomingdale-illinois
https://www.ubereats.com/chicago/food-delivery/jaded-thai/w2IOrghbRPmMpBZ2jst_qQ,bloomingdale-illinois
https://www.ubereats.com/chicago/food-delivery/ellys-elk-grove/RFQ84rPgQ-e9eBPvhhqfTA,bloomingdale-illinois
https://www.ubereats.com/chicago/food-delivery/buona-glen-ellyn/od8okmqMR8CIC5lx9uQZnw,bloomingdale-illinois
https://www.ubereats.com/chicago/food-delivery/ambrosia/7IwY3BagQgGtZmdgYvLIXg,bloomingdale-illinois
https://www.ubereats.com/chicago/food-delivery/la-taqueria-el-rincon-mexicano/mGINM875SnGWgEW3uEAorg,bloomingdale-illinois
https://www.ubereats.com/chicago/food-delivery/el-mero-mero/IPkyCob8R1e0uo1dvQrNMg,bloomingdale-illinois
https://www.ubereats.com/chicago/food-delivery/subway-197-army-trail-rd/ISGTtUEqS5anOvFEP8f-yw,bloomingdale-illinois
https://www.ubereats.com/chicago/food-delivery/gloria-jeans-coffees/3A9-xk1ST0qUm12NFcfzOw,bloomingdale-illinois
https://www.ubereats.com/chicago/food-delivery/stans-donuts-%26-coffee-woodfield-mall/HEGOLQKPRlmgn5FNGE7k9w,bloomingdale-illinois
https://www.ubereats.com/chicago/food-delivery/country-style-donuts/dFQKUu1JSyG2-EO2yT8rtA,bloomingdale-illinois
https://www.ubereats.com/chicago/food-delivery/falafel-now/P_sQk55pT4ayoCzU7v1ytw,bloomingdale-illinois
https://www.ubereats.com/chicago/food-delivery/dairy-queen-treat-224-e-irving-park-rd/d_PkTJGNS-Wi6ZeVGneC8g,bloomingdale-illinois
https://www.ubereats.com/chicago/food-delivery/dennys-4690-hoffman-blvd/sUZP3YzTRBqwVu_edscjvg,bloomingdale-illinois
https://www.ubereats.com/chicago/food-delivery/artistic-cuisine/28zILxVkTAyhXzrhClqQaw,bloomingdale-illinois
https://www.ubereats.com/chicago/food-delivery/billy-bricks-wood-fired-pizza-lombard/mdMvjaLmQJ-DTeyeW0lMrA,bloomingdale-illinois
https://www.ubereats.com/chicago/food-delivery/subway-824-w-golf-rd/9RkcN0wLRXOBejwnJZMgAw,bloomingdale-illinois
https://www.ubereats.com/chicago/food-delivery/fuddruckers-schaumburg/v4Z_jrZsQDWNHf9Ic93jEA,bloomingdale-illinois
https://www.ubereats.com/chicago/food-delivery/dunkin-222-w-army-trail-rd/xyR5GgcPTEqOVyHwmPSOMw,bloomingdale-illinois
https://www.ubereats.com/chicago/food-delivery/pizza-bunny/5AJ7Pmb-RrKwgyBpttWaWw,bloomingdale-illinois
https://www.ubereats.com/chicago/food-delivery/tatas-pierogi/mMMAU3HlR7OLOYMaimwRDQ,bloomingdale-illinois
https://www.ubereats.com/chicago/food-delivery/mcdonalds-lake-%26-bloomingdale/rHQMzmpZTA2FQUy_K3ZPlA,bloomingdale-illinois
https://www.ubereats.com/chicago/food-delivery/8000-miles-main-st/gJvKY0gDQE2p3w3u9uanyw,bloomingdale-illinois
https://www.ubereats.com/chicago/food-delivery/dennys-1175-north-roselle-rd/9DYt3DAHQvOCL-kJKQ1PnA,bloomingdale-illinois
https://www.ubereats.com/chicago/food-delivery/wendys-1065-lake-street/8kq4F88FQF2GvDyqngbqjw,bloomingdale-illinois
https://www.ubereats.com/chicago/food-delivery/schmaltz-delicatessen/4S6FeZULQBC0iSdPBxa1EQ,bloomingdale-illinois
https://www.ubereats.com/chicago/food-delivery/warrens-ale-house/iwKkC6FWRyacBvUNKJoEbQ,bloomingdale-illinois
https://www.ubereats.com/chicago/food-delivery/sweet-baby-rays-barbecue-wood-dale/3Tz6Kv1wTJaml4bu3jSJeQ,bloomingdale-illinois
https://www.ubereats.com/chicago/food-delivery/famous-daves-1631-west-lake-street/jABl9Hz9TRGKIzDlyRGw4w,bloomingdale-illinois
https://www.ubereats.com/chicago/food-delivery/hannas-bistro-cafe/uwi_zHEYSLizOaW6TjmVxA,bloomingdale-illinois
https://www.ubereats.com/chicago/food-delivery/mcdonalds-golf-%26-barrington/PYv3pK75QOKle6jflTVbag,bloomingdale-illinois
https://www.ubereats.com/chicago/food-delivery/chipotle-mexican-grill-2558-w-schaumburg-rd/v6BHHXxrRQ6Ft4EDnIc-kA,bloomingdale-illinois
https://www.ubereats.com/chicago/food-delivery/jojos-family-diner/FH4jZEskTZGAcfmwuskwaA,bloomingdale-illinois
https://www.ubereats.com/chicago/food-delivery/jakes-pizza/8HHbR7KBRYSUeMlQJGC0Ow,bloomingdale-illinois
https://www.ubereats.com/chicago/food-delivery/mr-burrito-%231/0jFeTbxmTIiou3QlmmrvWA,bloomingdale-illinois
https://www.ubereats.com/chicago/food-delivery/mariscos-el-amigo-seafood-restaurant/nphQY6BWQeGxoq8CwmNHEg,bloomingdale-illinois
https://www.ubereats.com/chicago/food-delivery/the-great-indian-cafe/ty5mkVCfTcarn6gxtDPvFg,bloomingdale-illinois
https://www.ubereats.com/chicago/food-delivery/jersey-mikes-subs-higgins-%26-meacham/k6-wD59eRqeYS_dWrgh-ag,bloomingdale-illinois
https://www.ubereats.com/chicago/food-delivery/dunkin-donuts-addison/Yf-yX7ZhTtOpV-zBEc6jcQ,bloomingdale-illinois
https://www.ubereats.com/chicago/food-delivery/subway-235-irving-park-rd/FE3VQfLcTwiwKwvvfEfuEA,bloomingdale-illinois
https://www.ubereats.com/chicago/food-delivery/burger-baron/5MqlUXmtQOqwmU4un-MmNQ,bloomingdale-illinois
https://www.ubereats.com/chicago/food-delivery/portillos-hot-dogs-1500-busse-road/P6T8ymF3TtqcXqDQY3lMew,bloomingdale-illinois
https://www.ubereats.com/chicago/food-delivery/la-poblanita/WYwPuW68RX2a0h8PIo4sYg,bloomingdale-illinois
https://www.ubereats.com/chicago/food-delivery/shake-shack-1765-e-golf-road/9s4ISWRfSOeSkuvFGoR7Fw,bloomingdale-illinois
https://www.ubereats.com/chicago/food-delivery/vinis-pizza-and-catering/7_duNwjNTfO2diWoL3ufdg,bloomingdale-illinois
https://www.ubereats.com/chicago/food-delivery/mama-maria-pizza-%26-more-schaumburg/-edFX44ZSNegkeVUhnbvNQ,bloomingdale-illinois
https://www.ubereats.com/chicago/food-delivery/tacos-el-tio-%233/c38Sa4aCSe6mV2HWuk9-pg,bloomingdale-illinois
https://www.ubereats.com/chicago/food-delivery/sarpinos-pizzeria-922-roosevelt-rd/W74llbs0Sgm31ljKbr8uUw,bloomingdale-illinois
https://www.ubereats.com/chicago/food-delivery/pf-changs-5-woodfield-mall-space-d313/xmLrKg3zRhymw5r88Pt7zA,bloomingdale-illinois
https://www.ubereats.com/chicago/food-delivery/muggs-n-manor/V1pZRJBRR6GBlOZ7jQf3tA,bloomingdale-illinois
https://www.ubereats.com/chicago/food-delivery/north-side-sports-bar/EmJRvhrnQ6-Sz9vOwZjr2g,bloomingdale-illinois
https://www.ubereats.com/chicago/food-delivery/dunkin-22w251-north-ave/Hbwosp6xTxWYotU3WkUpfw,bloomingdale-illinois
https://www.ubereats.com/chicago/food-delivery/americas-bar-%26-grill/3CZ8vkboSuqcqIQBYkflxQ,bloomingdale-illinois
https://www.ubereats.com/chicago/food-delivery/mcdonalds-lake-%26-arlington/h6qqP90ASoKUSupKI2tF5A,bloomingdale-illinois
https://www.ubereats.com/chicago/food-delivery/taqueria-san-miguel/KC6KnW-5SqO155_ZfsJSvg,bloomingdale-illinois
https://www.ubereats.com/chicago/food-delivery/starbucks-main-%26-front/WRrqnZ0CR3q50fxSZSCu6g,bloomingdale-illinois
https://www.ubereats.com/chicago/food-delivery/brunch-cafe-roselle/7f-2HfB-R2STUYq3BCzF_g,bloomingdale-illinois
https://www.ubereats.com/chicago/food-delivery/burger-king-199-e-north-ave/pUAQIpweQHm67Yz0dyuhTA,bloomingdale-illinois
https://www.ubereats.com/chicago/food-delivery/gaylord-india-restaurant-schaumburg/-_Ssu7UZS7euDQMc1aWr9w,bloomingdale-illinois
https://www.ubereats.com/chicago/food-delivery/red-lobster-391-west-army-trail-road/JOcIgktsQbCZ1RAxbPt7sw,bloomingdale-illinois
https://www.ubereats.com/chicago/food-delivery/sweetland-bakery/JXOX-WY1R7ChXWE56LN8Sg,bloomingdale-illinois
https://www.ubereats.com/chicago/food-delivery/beef-shack-roselle-%26-higgins/UFi5bIPjSPqzlLSh5QeZvQ,bloomingdale-illinois
https://www.ubereats.com/chicago/food-delivery/lili-sushi/bu-jhQKlS7CgzLbU_cdOMQ,bloomingdale-illinois
https://www.ubereats.com/chicago/food-delivery/yus-mandarin-schaumburg/Rbmh1kH2RrC1tQRAAc9mGw,bloomingdale-illinois
https://www.ubereats.com/chicago/food-delivery/subway-142-s-gary-ave/5ZELf3lbTVWbx2yMzSz-ug,bloomingdale-illinois
https://www.ubereats.com/chicago/food-delivery/dunkin-26w220-geneva-rd/dbjEZIHKRLiAwEvxNIHWhQ,bloomingdale-illinois
https://www.ubereats.com/chicago/food-delivery/five-guys-il-0558-1323-golf-rd/1s07eHC2R86biKbG2NgdGA,bloomingdale-illinois
https://www.ubereats.com/chicago/food-delivery/apple-villa-pancake-house-barrington-%26-mundhank/WHOO9CPCSVu0ZVXdcrGPxw,bloomingdale-illinois
https://www.ubereats.com/chicago/food-delivery/boston-market-24-w-golf-road/rmQe7k4sT-uF-vgObRODjA,bloomingdale-illinois
https://www.ubereats.com/chicago/food-delivery/paradise-biryani-pointe/jWNvj3NHSpWdUUGZIjwd2Q,bloomingdale-illinois
https://www.ubereats.com/chicago/food-delivery/ok-burrito/o6Uq3HRDSGaM7YSmbpTBhA,bloomingdale-illinois
https://www.ubereats.com/chicago/food-delivery/dunkin-751-s-route-%2359/DmV-CGECQuCjxpRX3csLUg,bloomingdale-illinois
https://www.ubereats.com/chicago/food-delivery/red-apple-pancake-house-schmale-rd/1DkpQG6GQBmgbQ2sGr6juw,bloomingdale-illinois
https://www.ubereats.com/chicago/food-delivery/california-pizza-kitchen-1550-e-golf-road/QSt0MnwtRYaZtif-Z4-90A,bloomingdale-illinois
https://www.ubereats.com/chicago/food-delivery/burrito-parrilla-mexicana-carol-stream/j-tCPAwUQHizIwEB48YjFQ,bloomingdale-illinois
https://www.ubereats.com/chicago/food-delivery/subway-1125-nerge-rd/xGLAOm_uSqiht4uwLHsYgw,bloomingdale-illinois
https://www.ubereats.com/chicago/food-delivery/faizaans-tasty-burgers/nMsRwAqsRaOxNqCFTXBMEw,bloomingdale-illinois
https://www.ubereats.com/chicago/food-delivery/buona-glendale-heights/RZ7T_dEXTs62MNsTFWNjEg,bloomingdale-illinois
https://www.ubereats.com/chicago/food-delivery/buona-lombard/-ZLrD2o8TSOvMDSQyl1d8Q,bloomingdale-illinois
https://www.ubereats.com/chicago/food-delivery/schaumburg-indian-grill/lO9Xy2LPQIqvw-ZXE_ly1A,bloomingdale-illinois
https://www.ubereats.com/chicago/food-delivery/mcdonalds-barrington-%26-bristol/ofSeuD6dR6utx8i0dwJ-Ug,bloomingdale-illinois
https://www.ubereats.com/chicago/food-delivery/ra-sushi-schaumburg/GyfNZD-SRpGkHLwI9I8RUw,bloomingdale-illinois
https://www.ubereats.com/chicago/food-delivery/super-china-buffet/nMlLg5O_Tz2LEUai6OS-Bw,bloomingdale-illinois
https://www.ubereats.com/chicago/food-delivery/amigas-restaurant/UnLUzkdyQLOVVq7B9rg4og,bloomingdale-illinois
https://www.ubereats.com/chicago/food-delivery/the-hen-house-of-wheaton/IJliFIRuQVOm_qk9QJKeMQ,bloomingdale-illinois
https://www.ubereats.com/chicago/food-delivery/india-house-express/JruFRuisQ7GW7_dn2Wi_5Q,bloomingdale-illinois
https://www.ubereats.com/chicago/food-delivery/gracianos-market/Hu5sGix9SFaLqbrzfg36HA,bloomingdale-illinois
https://www.ubereats.com/chicago/food-delivery/burrito-parrilla-mexicana-west-chicago/q_jEdS19Tma0mD9py2dhjA,bloomingdale-illinois
https://www.ubereats.com/chicago/food-delivery/falak-restaurant-and-banquets/MqgEKNvvRiGJlEXNnjkohw,bloomingdale-illinois
https://www.ubereats.com/chicago/food-delivery/mon-ami-gabi-oak-brook-center/VQHij92TRhmRv4BsxdTcSg,bloomingdale-illinois
https://www.ubereats.com/chicago/food-delivery/subway-122-bartlett-plaza/hqzbkozBSUyv5nH6zUWsUQ,bloomingdale-illinois
https://www.ubereats.com/chicago/food-delivery/taco-bell-125-w-roosevelt-rd/pRs07qGgTcalgLlkN-eLfg,bloomingdale-illinois
https://www.ubereats.com/chicago/food-delivery/kebab-house/oMs8pW4ATqilaLXXmq44jQ,bloomingdale-illinois
https://www.ubereats.com/chicago/food-delivery/starbucks-brandy-%26-barrington/Ip1kmoioSNqLOwfS2HJnOg,bloomingdale-illinois
https://www.ubereats.com/chicago/food-delivery/davids-burrito-express/dOJemqcoQX2hNq9MLh8EcQ,bloomingdale-illinois
https://www.ubereats.com/chicago/food-delivery/cicis-pizza-buffet-irving-park-%26-park/VUrVon2bT_y923T67UzmEA,bloomingdale-illinois
https://www.ubereats.com/chicago/food-delivery/auntie-vees/KAAsegi9Qq-cX5csseqYgA,bloomingdale-illinois
https://www.ubereats.com/chicago/food-delivery/panda-express-3-woodfield-mall/VkjKmFmxTHOMFfkASyAfCA,bloomingdale-illinois
https://www.ubereats.com/chicago/food-delivery/dairy-queen-treat-850-n-main-st/S1SuCnsjQl6tk68gQUKY-A,bloomingdale-illinois
https://www.ubereats.com/chicago/food-delivery/dairy-queen-treat-148-s-bloomingdale-rd/I9guvuFaTvuYKSkPMxXHIQ,bloomingdale-illinois
https://www.ubereats.com/chicago/food-delivery/hummingbird-restaurant/N5OnKJk7TQWRK7OPQUsGng,bloomingdale-illinois
https://www.ubereats.com/chicago/food-delivery/lake-street-pub/fnc_lKe6Tze2cdNokGK6xQ,bloomingdale-illinois
https://www.ubereats.com/chicago/food-delivery/crazy-crab-roselle/eY6T7BoUTDOgJUVQv1MO6g,bloomingdale-illinois
https://www.ubereats.com/chicago/food-delivery/dunkin-1-w-st-charles-rd/18kjK877TduZU_uU68vUPQ,bloomingdale-illinois
https://www.ubereats.com/chicago/food-delivery/fannie-may-meacham/ycJFXbNrQCWC5YHEE6SyMg,bloomingdale-illinois
https://www.ubereats.com/chicago/food-delivery/papa-saverios-pizzeria/LSzkxVSRTdu5JEIXd-6lNQ,bloomingdale-illinois
https://www.ubereats.com/chicago/food-delivery/subway-1033-west-north-ave/ra9-51OrSJ6aGZqwRDA9Hg,bloomingdale-illinois
https://www.ubereats.com/chicago/food-delivery/via-arenella/OTppPUCcR0m5Bp_0aw5RQA,bloomingdale-illinois
https://www.ubereats.com/chicago/food-delivery/steak-burrito/bi2ekMlkS-ORNknxOAR6xA,bloomingdale-illinois
https://www.ubereats.com/chicago/food-delivery/rookies-all-american-pub-%26-grill-roselle/HtN7oqOaR7OsUgnl6bYdlA,bloomingdale-illinois
https://www.ubereats.com/chicago/food-delivery/dunkin-2263-w-schaumburg-rd/718Tr4SUTQyM4Pj8VeRfyA,bloomingdale-illinois
https://www.ubereats.com/chicago/food-delivery/chicago-pizza-and-pasta/5-JmbK58SDigj1W0BUjFYw,bloomingdale-illinois
https://www.ubereats.com/chicago/food-delivery/el-patron-taqueria-and-grill/aQ3nM5p_QGSb_-2ifkbEtA,bloomingdale-illinois
https://www.ubereats.com/chicago/food-delivery/maxfields-pancake-house/x_kvbZAVSAGFuO72NH_WbA,bloomingdale-illinois
https://www.ubereats.com/chicago/food-delivery/pj-fresh-1050-busse-highway/Kznr5WqvTNSHkJIfZY3FZg,bloomingdale-illinois
https://www.ubereats.com/chicago/food-delivery/kfc-schaumburg/LCGnCmqmS7-92pRNo_WQVw,bloomingdale-illinois
https://www.ubereats.com/chicago/food-delivery/simply-thai-bistro/Z5aN_krUR7Csy6WH-EJLcw,bloomingdale-illinois
https://www.ubereats.com/chicago/food-delivery/mcalisters-deli-army-trail-%26-gary/2NsNhMSRRVaifzHIU4ShMw,bloomingdale-illinois
https://www.ubereats.com/chicago/food-delivery/mcdonalds-biesterfield-%26-arlington-heights/79L0vu-AShONrHa41L945A,bloomingdale-illinois
https://www.ubereats.com/chicago/food-delivery/cantarittos-taqueria-%26-bar/PqwPVSoATrya-lwLwr00Ow,bloomingdale-illinois
https://www.ubereats.com/chicago/food-delivery/browns-chicken-hoffman-estates/vVSL-_FhS9KMdRPd9RjdWw,bloomingdale-illinois
https://www.ubereats.com/chicago/food-delivery/pita-pita-mediterranean-grill-higgins/eee7O1SkTNCueDnmn6tjfQ,bloomingdale-illinois
https://www.ubereats.com/chicago/food-delivery/zio-tonys-pizza/SHCDZTjNRAeBB4x1Ux15ZQ,bloomingdale-illinois
https://www.ubereats.com/chicago/food-delivery/burger-king-2121-bloomingdale-road/HyUlTT0ATT-S614bB1yX1Q,bloomingdale-illinois
https://www.ubereats.com/chicago/food-delivery/tommys-red-hots/Ees2zIZNSPqMUXx6lFUGjA,bloomingdale-illinois
https://www.ubereats.com/chicago/food-delivery/thai-town/EiwQb1t1TB2MCrG0aXEmRg,bloomingdale-illinois
https://www.ubereats.com/chicago/food-delivery/china-wok/lkGD7JCESB66nymb1vElug,bloomingdale-illinois
https://www.ubereats.com/chicago/food-delivery/asian-tokyo/ShysQomKSIaiX23o-HBtvQ,bloomingdale-illinois
https://www.ubereats.com/chicago/food-delivery/portillos-hot-dogs-134-e-lake-st/Nz39W-FASIyqQnpE-enU1Q,bloomingdale-illinois
https://www.ubereats.com/chicago/food-delivery/mumbai-cafe/C_8NC40yRj--jKVKatuhNQ,bloomingdale-illinois
https://www.ubereats.com/chicago/food-delivery/punkys-pub/LoVWVzltT0eAs4-Wre4vBA,bloomingdale-illinois
https://www.ubereats.com/chicago/food-delivery/mcdonalds-busse-%26-foster/SibGMLR2TRif5xlSkjFF1w,bloomingdale-illinois
https://www.ubereats.com/chicago/food-delivery/subway-274-w-fullerton-ave/3qtMzb_WQzCguStGp6VCUw,bloomingdale-illinois
https://www.ubereats.com/chicago/food-delivery/stadium-sports-club-%26-pizza/Gl2VTqK3Q06jinNRq3Kpww,bloomingdale-illinois
https://www.ubereats.com/chicago/food-delivery/ali-baba-kabab/Hqc8T6yrSnaD19hBVj3EJQ,bloomingdale-illinois
https://www.ubereats.com/chicago/food-delivery/kfc-taco-bell-370-roosevelt-road/YSpbtRIET2imrIuq8sCn9g,bloomingdale-illinois
https://www.ubereats.com/chicago/food-delivery/sportys-chicken-%26-beef/WBgIj0MlT_qo6-ozcc6pfw,bloomingdale-illinois
https://www.ubereats.com/chicago/food-delivery/sunmist/QVbivkOTSVa4FnY5Ks36Sw,bloomingdale-illinois
https://www.ubereats.com/chicago/food-delivery/subway-812-w-army-trail-rd/S4yf3w6bRK-3fvENvddNsA,bloomingdale-illinois
https://www.ubereats.com/chicago/food-delivery/smoothie-king-glendale-heights/ttqK2QntRKuU5D7rCALJVg,bloomingdale-illinois
https://www.ubereats.com/chicago/food-delivery/jersey-mikes-subs-2115-w-roosevelt-rd/iS5JUNSDSyeptnv1qcjtlw,bloomingdale-illinois
https://www.ubereats.com/chicago/food-delivery/jamesons-charhouse-mt-prospect/wYfDFN9pSHqp0hIiMEssOg,bloomingdale-illinois
https://www.ubereats.com/chicago/food-delivery/unimart-hoffman-estates/ax7uqrx7RlWJXjn9Mx_vIw,bloomingdale-illinois
https://www.ubereats.com/chicago/food-delivery/pizzeria-antica/O9CfoYjrR--AKYK5LltHVw,bloomingdale-illinois
https://www.ubereats.com/chicago/food-delivery/taco-bell-555-w-lake-st/OH-QiGnFReCoZNALCDw1rQ,bloomingdale-illinois
https://www.ubereats.com/chicago/food-delivery/mcdonalds-north-%26-westwood/E5YbURpkTBqzutHCduDa3A,bloomingdale-illinois
https://www.ubereats.com/chicago/food-delivery/burger-king-440-west-lake-street/Un5A_V2oRyitez10OnvR9w,bloomingdale-illinois
https://www.ubereats.com/chicago/food-delivery/gordillas-addison/USxuD_0AQWiixl3Z60Ukcg,bloomingdale-illinois
https://www.ubereats.com/chicago/food-delivery/pita-and-kabobz/NWFl2psRTVuXWSugTmUi6A,bloomingdale-illinois
https://www.ubereats.com/chicago/food-delivery/kfc-bloomingdale/nki7qTqLSHi0PPbxFU1MHw,bloomingdale-illinois
https://www.ubereats.com/chicago/food-delivery/cinnabon-d203-woodfield-mall/cRFHDRHwQkGWNOnLPyoyWA,bloomingdale-illinois
https://www.ubereats.com/chicago/food-delivery/dunkin-700-e-higgins-rd/4KlF8KO3TBmmfawXF5JdYQ,bloomingdale-illinois
https://www.ubereats.com/chicago/food-delivery/kitakata-ramen-ban-nai-hoffman-estates/05-c8TiiTte7wypxggrq8A,bloomingdale-illinois
https://www.ubereats.com/chicago/food-delivery/honest-grilled-wings/xsTTIjEgRLCNbwsUg-g9hQ,bloomingdale-illinois
https://www.ubereats.com/chicago/food-delivery/ds-treats/Y4NDLlH4SGyGYfRXhCRmbA,bloomingdale-illinois
https://www.ubereats.com/chicago/food-delivery/dunkin-1165-n-barrington-rd/mBcSdI4-Tcebqd-F8qb1uQ,bloomingdale-illinois
https://www.ubereats.com/chicago/food-delivery/mr-broast-roosevelt-%26-school/qUSuzE6IQgyJvqKaqpqFhg,bloomingdale-illinois
https://www.ubereats.com/chicago/food-delivery/brandys-gyros-irving-park-%26-east/yXuyGoA1RDCCju8nshO8aA,bloomingdale-illinois
https://www.ubereats.com/chicago/food-delivery/amadas-cafe/Z-rNLPdMTxqSQ1dbRR_EqQ,bloomingdale-illinois
https://www.ubereats.com/chicago/food-delivery/annas-red-apple-rolling-meadows/Wuw8P8otSkGFcPGI2nB3_Q,bloomingdale-illinois
https://www.ubereats.com/chicago/food-delivery/starbucks-army-trail-%26-route-59/-XY_SyCKTDeuU7OI6PPZjA,bloomingdale-illinois
https://www.ubereats.com/chicago/food-delivery/dairy-queen-treat-27w223-geneva-rd/qUW6Y8D6RPO4KrHfPdo_uA,bloomingdale-illinois
https://www.ubereats.com/chicago/food-delivery/dunkin-33-e-lake-st/JHAd5xdyRxix2iXx0AhIVA,bloomingdale-illinois
https://www.ubereats.com/chicago/food-delivery/tokio-pub/2xhlFI_jSuKQYV7H_C3I_Q,bloomingdale-illinois
https://www.ubereats.com/chicago/food-delivery/starbucks-york-%26-industrial/PD1RF9SyTjC0y-_u5-w2ew,bloomingdale-illinois
https://www.ubereats.com/chicago/food-delivery/penang-malaysian-cuisine/JY9AQdTzSSislH1zkQbquA,bloomingdale-illinois
https://www.ubereats.com/chicago/food-delivery/v-thai/WmGAWZuHSSOKfm4bgeUQig,bloomingdale-illinois
https://www.ubereats.com/chicago/food-delivery/brazil-express-grill/t3cmogLPR2iPjN5ZmVe3Uw,bloomingdale-illinois
https://www.ubereats.com/chicago/food-delivery/el-tesoro/ByN8lU9AT7yE4HZiF6WAFA,bloomingdale-illinois
https://www.ubereats.com/chicago/food-delivery/bulldog-ale-house-rolling-meadows/VhXsDey6RJG_pvu1kgSy4Q,bloomingdale-illinois
https://www.ubereats.com/chicago/food-delivery/mcdonalds-schaumburg-%26-barrington/npH_24N3QQGEsFzkTr_L4A,bloomingdale-illinois
https://www.ubereats.com/chicago/food-delivery/bar-down-sports-grill/-dc6hlpXSF20AJsEevNaww,bloomingdale-illinois
https://www.ubereats.com/chicago/food-delivery/jersey-mikes-subs-schaumburg-%26-barrington/EGHzo_3fRjO6EuxTlN4Y5Q,bloomingdale-illinois
https://www.ubereats.com/chicago/food-delivery/portillos-hot-dogs-1900-golf-rd/0DXh_QkERr-me1zxpKgY8g,bloomingdale-illinois
https://www.ubereats.com/chicago/food-delivery/mod-pizza-bloomingdale-court/SIeNYNQBT_yyM4Ov_bSwhw,bloomingdale-illinois
https://www.ubereats.com/chicago/food-delivery/mcdonalds-stratford-%26-entrance-drive-5/ilyPhI1HSXeg8Cxhs9ax7Q,bloomingdale-illinois
https://www.ubereats.com/chicago/food-delivery/fiesta-del-mar/zqqiUepXRZOdjwAWuPqruQ,bloomingdale-illinois
https://www.ubereats.com/chicago/food-delivery/doctor-dogs/xFLvawSBReqw4e-Z-uo3eA,bloomingdale-illinois
https://www.ubereats.com/chicago/food-delivery/jins-china/r6D214fgRRuj9J_wx0CLYw,bloomingdale-illinois
https://www.ubereats.com/chicago/food-delivery/roti-modern-mediterranean-892-n-meacham-rd/zAFfKQWFT-qQFYIwrlT3ug,bloomingdale-illinois
https://www.ubereats.com/chicago/food-delivery/bombay-chopsticks/gxDWX-3bT9ivOI2nHfEMig,bloomingdale-illinois
https://www.ubereats.com/chicago/food-delivery/buffalo-wild-wings-140-s-gary-ave/fDwoMXvPS8qkloo2gHXqkQ,bloomingdale-illinois
https://www.ubereats.com/chicago/food-delivery/fitfresh-cafe-and-juice-bar/YpdtPywxSqiP0n7mlkzghA,bloomingdale-illinois
https://www.ubereats.com/chicago/food-delivery/shaws-crab-house-schaumburg/FdNe_AwhQsOW5u_j4TttJA,bloomingdale-illinois
https://www.ubereats.com/chicago/food-delivery/kfc-carol-stream/cAjCna03SbalScwBYxFnvA,bloomingdale-illinois
https://www.ubereats.com/chicago/food-delivery/mcdonalds-lake-%26-mill/Nlc9YBfLT7--9kdHjQKfgQ,bloomingdale-illinois
https://www.ubereats.com/chicago/food-delivery/dunkin-477-west-golf-rd/uaaFtLCRRLykXRF5kYz36A,bloomingdale-illinois
https://www.ubereats.com/chicago/food-delivery/beerhead-bar-and-eatery-schaumburg/jXXf8iiBTQ-xkzZIqg357A,bloomingdale-illinois
https://www.ubereats.com/chicago/food-delivery/starbucks-main-%26-crescent/VW98n6eBSRCTk2LiDllm2g,bloomingdale-illinois
https://www.ubereats.com/chicago/food-delivery/rookies-all-american-pub-%26-grill-hoffman-estates/qEkuX4PPTuCQJPhgAtBDqA,bloomingdale-illinois
https://www.ubereats.com/chicago/food-delivery/little-greek-schaumburg/KB7UqYteRKuQlB__SGBbOg,bloomingdale-illinois
https://www.ubereats.com/chicago/food-delivery/mcdonalds-roosevelt-%26-main/wE7PeS6GSPGApQCJEqLmeQ,bloomingdale-illinois
https://www.ubereats.com/chicago/food-delivery/halsted-street-deli-on-martingale/SIgWCs52SLCrG8_Ph8P4fw,bloomingdale-illinois
https://www.ubereats.com/chicago/food-delivery/sushi-ukai-glen-ellyn/Z-NfdXS4R8O_hlrg-NVz1w,bloomingdale-illinois
https://www.ubereats.com/chicago/food-delivery/chic-chef/TlaQxeP_TK6QGd3RvjBbjQ,bloomingdale-illinois
https://www.ubereats.com/chicago/food-delivery/bonchon-chicken-1408-e-golf-rd/-fEJWEOOQ2-33JLr7rd3Rw,bloomingdale-illinois
https://www.ubereats.com/chicago/food-delivery/fahrenheit-786/XOSMuUp5TzyNAyKbzz3XbA,bloomingdale-illinois
https://www.ubereats.com/chicago/food-delivery/kfc-streamwood/QZivcf4NRQ6C2ixR_2P4ug,bloomingdale-illinois
https://www.ubereats.com/chicago/food-delivery/mcdonalds-947-meacham-road/3OIutqrBQlSJLFFE9fO26g,bloomingdale-illinois
https://www.ubereats.com/chicago/food-delivery/honest/iyTObWd_S2KveU-8bKYpaA,bloomingdale-illinois
https://www.ubereats.com/chicago/food-delivery/petey-pasta-vr-front-st/L7hjbYmQQIiJ2pzePJxL1Q,bloomingdale-illinois
https://www.ubereats.com/chicago/food-delivery/el-coco-loco-mexican-grill-ordermark/7ZG0tBJVRzygzdi7xPz9EQ,bloomingdale-illinois
https://www.ubereats.com/chicago/food-delivery/addantes-gourmet-italian/7ghnDAfrS2iouP6vYlI8cQ,bloomingdale-illinois
https://www.ubereats.com/chicago/food-delivery/francescos-bros-pizzeria/1ml48yHoRk-5BjQZIf6Uig,bloomingdale-illinois
https://www.ubereats.com/chicago/food-delivery/good-tequilas-mexican-grill-glendale-heights/4RzGgLtcSyK6-hJlie4xiA,bloomingdale-illinois
https://www.ubereats.com/chicago/food-delivery/starbucks-north-%26-schmale/ski0aloxQq-BUudjgEScOQ,bloomingdale-illinois
https://www.ubereats.com/chicago/food-delivery/burger-king-1021-east-st-charles-road/WEtuP9i2ThW7wqPOKzGaaA,bloomingdale-illinois
https://www.ubereats.com/chicago/food-delivery/nanis-pizza-and-pasta/w20sDSZCQaSFZfXcnq-OEg,bloomingdale-illinois
https://www.ubereats.com/chicago/food-delivery/carols-garden-restaurant/_oOh94DPRH-fST30ererOw,bloomingdale-illinois
https://www.ubereats.com/chicago/food-delivery/dunkin-225-e-lake-st/Lnt5FCMXQ1ezD7YLwPW5bQ,bloomingdale-illinois
https://www.ubereats.com/chicago/food-delivery/mcdonalds-roselle-%26-golf/e5WWHTsYTOGrtz1ykvm7mQ,bloomingdale-illinois
https://www.ubereats.com/chicago/food-delivery/dunkin-1004-w-irving-park-rd/l-jRfAtCQxSDXVEiVrQKsw,bloomingdale-illinois
https://www.ubereats.com/chicago/food-delivery/akwa-fusion-cuisine/YAj-amn_Stqx1gGlP_gZJg,bloomingdale-illinois
https://www.ubereats.com/chicago/food-delivery/steak-n-shake-275-e-army-trail/ozxj9ed0T_yI7jdfwxynxA,bloomingdale-illinois
https://www.ubereats.com/chicago/food-delivery/mcdonalds-roselle-%26-weathersfield/gP6aZ03sTjiPfYUQrW_CBQ,bloomingdale-illinois
https://www.ubereats.com/chicago/food-delivery/los-girasoles-restaurant/W18T1IaTTZu7sXnSkj2Xrg,bloomingdale-illinois
https://www.ubereats.com/chicago/food-delivery/cold-stone-creamery-122-stratford-square-mall/rE3MsC9hQUayDspdBFJCVw,bloomingdale-illinois
https://www.ubereats.com/chicago/food-delivery/sushi-time/va-EBFAnQCC3a0We0FIfgg,bloomingdale-illinois
https://www.ubereats.com/chicago/food-delivery/vanilla-sugar-bakery/PaVDyEO-TmOw43OzPjr2kw,bloomingdale-illinois
https://www.ubereats.com/chicago/food-delivery/rosatis-pizza-kirk-rd/Xs35SvbYQlunlVt1IPynqg,bloomingdale-illinois
https://www.ubereats.com/chicago/food-delivery/starbucks-biesterfield-%26-wellington/q57qK7NKS2GdPtavdl-RWA,bloomingdale-illinois
https://www.ubereats.com/chicago/food-delivery/mazmez/Iitj21GTRvycKCaT7bW2Ew,bloomingdale-illinois
https://www.ubereats.com/chicago/food-delivery/the-bunker-bar-%26-grill/8ko39sxkS7a4g11OKQ3nmA,bloomingdale-illinois
https://www.ubereats.com/chicago/food-delivery/noodles-%26-company-2610-w-schaumburg-rd/e9Txxh5jTC2lPWI3Dyk2mQ,bloomingdale-illinois
https://www.ubereats.com/chicago/food-delivery/bbq-hut/L2pYCoEdT_aBWfoAwueaIg,bloomingdale-illinois
https://www.ubereats.com/chicago/food-delivery/123-peri-peri-thai-restaurant/Q2PcwLbjT_2FdmRoiqqlzA,bloomingdale-illinois
https://www.ubereats.com/chicago/food-delivery/buona-itasca/si2wG7IZQB6wobTQ_M4zzQ,bloomingdale-illinois
https://www.ubereats.com/chicago/food-delivery/pasta-mia/yaKrQYXxSxqz1sAzkq08FA,bloomingdale-illinois
https://www.ubereats.com/chicago/food-delivery/popeyes-1380-irving-park-rd/HAQtD2iAQae9dYUKSktkwg,bloomingdale-illinois
https://www.ubereats.com/chicago/food-delivery/subway-572-e-devon-ave/DpVBhIAzQEuNpK5PgTLF7Q,bloomingdale-illinois
https://www.ubereats.com/chicago/food-delivery/bibibop-asian-grill-1022-n-meacham-road/klNTz0lYTCaIyb9gdNDHRg,bloomingdale-illinois
https://www.ubereats.com/chicago/food-delivery/falafil-hut/16tR-geuT4270sEubZntIw,bloomingdale-illinois
https://www.ubereats.com/chicago/food-delivery/flavor-frenzy/TRME8IsUTiiN39F843ZTLA,bloomingdale-illinois
https://www.ubereats.com/chicago/food-delivery/bulldog-ale-house-carol-stream/HGLoACAkSfiLQ5smVx78JA,bloomingdale-illinois
https://www.ubereats.com/chicago/food-delivery/ihop-1671-w-lake-st/k9eOFB3iSNuquf-UIvtZGw,bloomingdale-illinois
https://www.ubereats.com/chicago/food-delivery/domo-77-glendale-heights/6VGE1wWmSbWaKX8FbTq5ug,bloomingdale-illinois
https://www.ubereats.com/chicago/food-delivery/honey-baked-ham-bloomingdale/a3eJPeiVTJ-ZUL8993NNYw,bloomingdale-illinois
https://www.ubereats.com/chicago/food-delivery/el-taurino-mexican-grill/KwfKXCb_Ryy57U45ODPwnw,bloomingdale-illinois
https://www.ubereats.com/chicago/food-delivery/jersey-mikes-subs-108-e-golf-rd/8hSEErfvSDO8Pr5l082O5g,bloomingdale-illinois
https://www.ubereats.com/chicago/food-delivery/new-york-famous-pizza-%26-fresh-falafel-grill/Hg4X2vz4Sz6zMSMpCvHdmw,bloomingdale-illinois
https://www.ubereats.com/chicago/food-delivery/dunkin-1921-w-algonquin-rd/iBMwVGBQTgekKWqcz_a5sQ,bloomingdale-illinois
https://www.ubereats.com/chicago/food-delivery/north-of-the-border-mexican-restaurant/BygB6AcyRdqbuTaK4yHvOw,bloomingdale-illinois
https://www.ubereats.com/chicago/food-delivery/wok-n-fire-south-barrington/r4IBV9hpQga8EI3vTfJtnA,bloomingdale-illinois
https://www.ubereats.com/chicago/food-delivery/alfies-inn/32loHaXWSE2y4bY1rxq12g,bloomingdale-illinois
https://www.ubereats.com/chicago/food-delivery/bien-chido-mexicana-grill-schaumburg/ptzAzY-ET0uJeiz2rFPksQ,bloomingdale-illinois
https://www.ubereats.com/chicago/food-delivery/panchos-taqueria-and-catering/Xkj1bu5DQ4m6LCw4vipZVg,bloomingdale-illinois
https://www.ubereats.com/chicago/food-delivery/tgi-fridays-2677-schaumburg-il/0odO_MwyRn2qu-Z1lLCKFg,bloomingdale-illinois
https://www.ubereats.com/chicago/food-delivery/noodles-%26-company-398-w-army-trail-rd/rbEiQQMqTYGCc2l5G5K2Ww,bloomingdale-illinois
https://www.ubereats.com/chicago/food-delivery/chipotle-mexican-grill-4600-hoffman-blvd/1aE7NqF_TI67nj-jxpPeAA,bloomingdale-illinois
https://www.ubereats.com/chicago/food-delivery/golden-brunch/_M83ZhGRRFKYz8b7Sfo10Q,bloomingdale-illinois
https://www.ubereats.com/chicago/food-delivery/teddys-diner/mvwifitMT_OVS0AYg7h79g,bloomingdale-illinois
https://www.ubereats.com/chicago/food-delivery/the-rose-garden-cafe/_Ox8zTC3SIKDni15mfGevw,bloomingdale-illinois
https://www.ubereats.com/chicago/food-delivery/crazy-pour-sports-bar/PdhuEpzdQ2-Q-VFXCsKV2A,bloomingdale-illinois
https://www.ubereats.com/chicago/food-delivery/subway-1001-n-wood-dale-rd/5sCSjYQ5THetx-9SfJ_bzQ,bloomingdale-illinois
https://www.ubereats.com/chicago/food-delivery/touch-of-spice-authentic-indian-restaurant/IxgF-_u9TamwQR_rOf0drQ,bloomingdale-illinois
https://www.ubereats.com/chicago/food-delivery/blue-line-bar-%26-grill/fNiU6Xg9R6WAy8YK8C6FWQ,bloomingdale-illinois
https://www.ubereats.com/chicago/food-delivery/dunkin-5590-county-farm-rd/ghq6gkkCSkOMSMzoPeMvJg,bloomingdale-illinois
https://www.ubereats.com/chicago/food-delivery/subway-1209-w-irving-park-rd/ZehuKoc5Sn2lIhblI9NJQA,bloomingdale-illinois
https://www.ubereats.com/chicago/food-delivery/taco-bell-1400-busse-rd/3kkowaaDSl2B0T2QaTCNcA,bloomingdale-illinois
https://www.ubereats.com/chicago/food-delivery/kfc-taco-bell-960-s-state-route-59/kol2A50GRuuGpZb2IuOArw,bloomingdale-illinois
https://www.ubereats.com/chicago/food-delivery/wendys-525-e-north-avenue/fXDRZxmCRh6Ad8XaYXkKyA,bloomingdale-illinois
https://www.ubereats.com/chicago/food-delivery/popeyes-army-trail-%26-gary/h9NUa3CJTMin0i0PaZtc0Q,bloomingdale-illinois
https://www.ubereats.com/chicago/food-delivery/subway-5590-county-farm-rd/2Iz62xlrSzO3PMCgwRh3xw,bloomingdale-illinois
https://www.ubereats.com/chicago/food-delivery/fulla-bologna/vUj2biABSsOvLahptLZ7Qg,bloomingdale-illinois
https://www.ubereats.com/chicago/food-delivery/mod-pizza-schaumburg/HvTy6YaDTNm5dRNjAYIaeg,bloomingdale-illinois
https://www.ubereats.com/chicago/food-delivery/starbucks-irving-park-%26-wise/PwyFOUA-RB6Cp_YsZPO9SQ,bloomingdale-illinois
https://www.ubereats.com/chicago/food-delivery/pita-pita-mediterranean-grill-1219-golf-rd/g6qowHJpSIStAaaT00aWlw,bloomingdale-illinois
https://www.ubereats.com/chicago/food-delivery/shawarma-express/ugMgQq8VTr6nLQImkk4EiA,bloomingdale-illinois
https://www.ubereats.com/chicago/food-delivery/playas-bar-and-grill/8YQfJbdDQqy1IPzUqjz7yw,bloomingdale-illinois
https://www.ubereats.com/chicago/food-delivery/rosatis-pizza-bloomingdale/bTk3TYq6QaSNmf2acNctkQ,bloomingdale-illinois
https://www.ubereats.com/chicago/food-delivery/tonys-steamers/Rv1zZpwcQMO5m04FF8e7bw,bloomingdale-illinois
https://www.ubereats.com/chicago/food-delivery/steak-n-shake-320-w-north-ave/7EDXvhFoR8GxVlgiomeSog,bloomingdale-illinois
https://www.ubereats.com/chicago/food-delivery/subway-450-w-lake-st/mq3MegWAQYOF1ARnHektWg,bloomingdale-illinois
https://www.ubereats.com/chicago/food-delivery/subway-1023-s-roselle-rd/vEzxdd7BQPKm0EBNNjvq2A,bloomingdale-illinois
https://www.ubereats.com/chicago/food-delivery/dunkin-donuts-rt-83/ecNY-V8MS9yYXAS_z7ujKw,bloomingdale-illinois
https://www.ubereats.com/chicago/food-delivery/starbucks-lake-%26-fairfield/TPH-xnYwSO-djPkFmGefkg,bloomingdale-illinois
https://www.ubereats.com/chicago/food-delivery/uncle-julios-schaumburg/H3RNbVAqRlWRf--mbf5LKA,bloomingdale-illinois
https://www.ubereats.com/chicago/food-delivery/mr-mesquite/H6ehiw2FRy2oGP1MARJRCw,bloomingdale-illinois
https://www.ubereats.com/chicago/food-delivery/which-wich-schaumburg/4tFU1exNSXuJxoLEOWFqrg,bloomingdale-illinois
https://www.ubereats.com/chicago/food-delivery/taco-maya-bloomingdale/STIGbGOmQdukaO95_PmTjA,bloomingdale-illinois
https://www.ubereats.com/chicago/food-delivery/fannie-may-glen-ellyn/AiyZCTg4RTGQDoQ9ron2_g,bloomingdale-illinois
https://www.ubereats.com/chicago/food-delivery/starbucks-meacham-%26-american/uoY-3CXESSy7bFHxPKQp5w,bloomingdale-illinois
https://www.ubereats.com/chicago/food-delivery/chicago-hot-breads-hoffman-estates/DITJCZU_SbSbH6C9mO64qA,bloomingdale-illinois
https://www.ubereats.com/chicago/food-delivery/bellas/LNa_Arm6RLi2GL1BZXCzYg,bloomingdale-illinois
https://www.ubereats.com/chicago/food-delivery/pilot-petes-restaurant-%26-bar/TFqiI031QG-JLQJGwolMGA,bloomingdale-illinois
https://www.ubereats.com/chicago/food-delivery/taco-bell-145-north-avenue/geOTEhdKQ0ihqc824o5cbQ,bloomingdale-illinois
https://www.ubereats.com/chicago/food-delivery/el-famous-burrito-glendale-heights/qTsVJjQvTAmAAjZEbATBxA,bloomingdale-illinois
https://www.ubereats.com/chicago/food-delivery/bawarchi-biryanis/UrLBs5_bQuCzEHyq5W5DLw,bloomingdale-illinois
https://www.ubereats.com/chicago/food-delivery/brauerhouse/m2oyhUb4TsCesuW2e2RZfQ,bloomingdale-illinois
https://www.ubereats.com/chicago/food-delivery/india-foodie/x4FlxU0kT9i311bTQnMBfg,bloomingdale-illinois
https://www.ubereats.com/chicago/food-delivery/cheesy-delicious/rFgOn234T5uJmimDoZDo3g,bloomingdale-illinois
https://www.ubereats.com/chicago/food-delivery/eggholic/AmpmBXobSgSPVz_lZurDsg,bloomingdale-illinois
https://www.ubereats.com/chicago/food-delivery/cairo-ale-house-2011-franciscan-way/m72e0R2HTs-xNEMueB2jgA,bloomingdale-illinois
https://www.ubereats.com/chicago/food-delivery/portillos-hot-dogs-950-s-barrington-rd/V0Vi6DF-QgiOdO6n5O9LzQ,bloomingdale-illinois
https://www.ubereats.com/chicago/food-delivery/mcdonalds-roosevelt-%26-county-farm/irybAdOTQEmakqbkcC2fMA,bloomingdale-illinois
https://www.ubereats.com/chicago/food-delivery/qdoba-schaumburg-%26-barrington/-7d1Lu2cSa6SYLaEPjH_YQ,bloomingdale-illinois
https://www.ubereats.com/chicago/food-delivery/cinnaholic-schaumburg/Lfq0BVGFRzaB1pA2ASWC_g,bloomingdale-illinois
https://www.ubereats.com/chicago/food-delivery/senor-jalapeno/VGou0MdzRO2v2dyGqgQxqg,bloomingdale-illinois
https://www.ubereats.com/chicago/food-delivery/sabroso-burrito/aHOlVushQry_gWdg-Frz8g,bloomingdale-illinois
https://www.ubereats.com/chicago/food-delivery/balkan-bakery-and-cafe/h58Rhz9zTASV83Rxg2iQIQ,bloomingdale-illinois
https://www.ubereats.com/chicago/food-delivery/tacos-y-cemitas-poblana/T7k-ws0OSXCgdsDkGo6sAA,bloomingdale-illinois
https://www.ubereats.com/chicago/food-delivery/smallcakes-of-elmhurst/qL5KWu1uSHGGOmhakOeV9g,bloomingdale-illinois
https://www.ubereats.com/chicago/food-delivery/krispy-kreme-devon-%26-michael/aacxRG_HRYGVeGTzBFFkSg,bloomingdale-illinois
https://www.ubereats.com/chicago/food-delivery/starbucks-lake-%26-rohlwing/fYsGP-MtT4WfGNsM2z94eA,bloomingdale-illinois
https://www.ubereats.com/chicago/food-delivery/los-fernandez-taqueria/uOT332fwQw67dUBoX-3TAA,bloomingdale-illinois
https://www.ubereats.com/chicago/food-delivery/noodles-pho-u-lombard/vHVo7wYgQJeHQFw3omvUKg,bloomingdale-illinois
https://www.ubereats.com/chicago/food-delivery/la-campana/XfqFSJ4JRa6RngybLRl_zg,bloomingdale-illinois
https://www.ubereats.com/chicago/food-delivery/starbucks-geneva-%26-main/BEem0ZzvSBCIuV_KJVHJTA,bloomingdale-illinois
https://www.ubereats.com/chicago/food-delivery/the-ice-cream-shop/Oy2Ve6iTRdeYnlSUOrkZvQ,bloomingdale-illinois
https://www.ubereats.com/chicago/food-delivery/browns-chicken-elk-grove-village/a5uAawmGSwOH0voY56RhRw,bloomingdale-illinois
https://www.ubereats.com/chicago/food-delivery/saffron-restaurant/3KNmCTw2RQOmz6W7LLrogw,bloomingdale-illinois
https://www.ubereats.com/chicago/food-delivery/dunkin-1-e-saint-charles-rd/5oJUih9tTmuPU5A7Qor7iA,bloomingdale-illinois
https://www.ubereats.com/chicago/food-delivery/nay-restaurant/c_tH8H8_Rf-BkB9CWIW-FA,bloomingdale-illinois
https://www.ubereats.com/chicago/food-delivery/italian-express-restaurant-glendale-heights/5acensZgS9WcIGCfjpC4DA,bloomingdale-illinois
https://www.ubereats.com/chicago/food-delivery/quick-fire-cafe/5lsjW1wkR-6T0oDqsnSWMQ,bloomingdale-illinois
https://www.ubereats.com/chicago/food-delivery/portillos-hot-dogs-155-s-route-83/naY4uTIAQBymk-7uybKuVQ,bloomingdale-illinois
https://www.ubereats.com/chicago/food-delivery/altiro-latin-fusion-wheaton/HGfi5KDkRBiLbZc6DqpwbA,bloomingdale-illinois
https://www.ubereats.com/chicago/food-delivery/outback-steakhouse-216-east-golf-road/N2V7Wpl0SsGSgNnx720RqQ,bloomingdale-illinois
https://www.ubereats.com/chicago/food-delivery/magarottos/CvEW3YglSKC7HixHwhSjWw,bloomingdale-illinois
https://www.ubereats.com/chicago/food-delivery/foodhaul-carol-stream/ovQTJxI_RlO9M5BLGt8WYg,bloomingdale-illinois
https://www.ubereats.com/chicago/food-delivery/panda-express-1070-n-rohlwing-rd/8JbHOUezQNqXVUPCotOSfA,bloomingdale-illinois
https://www.ubereats.com/chicago/food-delivery/dunkin-530-crescent-blvd/UoU3OnjHSK-TN4kKPQ1PaQ,bloomingdale-illinois
https://www.ubereats.com/chicago/food-delivery/potbelly-sandwich-shop-schaumburg-dt-%7C-314/tYZDETGoTmmjnzgyBRyIRg,bloomingdale-illinois
https://www.ubereats.com/chicago/food-delivery/bistro-dragon/L81FBhgqRuGGUNdzOMLhhw,bloomingdale-illinois
https://www.ubereats.com/chicago/food-delivery/noodles-%26-company-706-roosevelt-rd/Hd87-2t9Q6qiISYojfxYGw,bloomingdale-illinois
https://www.ubereats.com/chicago/food-delivery/mcdonalds-higgins-%26-oakton/X3mvpPkPT3atWcRfbjtUAg,bloomingdale-illinois
https://www.ubereats.com/chicago/food-delivery/wendys-467-georgetown-square/2lBRMTqJQPKTZRnZzuLPaw,bloomingdale-illinois
https://www.ubereats.com/chicago/food-delivery/christys-restaurant/WQAOW4Z9R2OVjrsN6eC6cg,bloomingdale-illinois
https://www.ubereats.com/chicago/food-delivery/taj-mahal-indian-restaurant-carol-stream/Z6pbuXXaTBy-1Qpq9P8k7w,bloomingdale-illinois
https://www.ubereats.com/chicago/food-delivery/gary-burritos/VgcXSFqvT2S6askOxbELrQ,bloomingdale-illinois
https://www.ubereats.com/chicago/food-delivery/salt-and-pepper-cajun-kitchen/UTI-h4m0RUaDousraZecYg,bloomingdale-illinois
https://www.ubereats.com/chicago/food-delivery/thai-kitchen/HBO7JLiuRGmcEJa2rr4dMA,bloomingdale-illinois
https://www.ubereats.com/chicago/food-delivery/mcdonalds-north-%26-neltor/vCMj-S1ARBCPuFoi-mLrEw,bloomingdale-illinois
https://www.ubereats.com/chicago/food-delivery/jorges-paleteria/p4cWoZ4WSO6swB4qSjJVxQ,bloomingdale-illinois
https://www.ubereats.com/chicago/food-delivery/taqueria-los-juanes/A0j85LxqT2KzGdSom7A4Xw,bloomingdale-illinois
https://www.ubereats.com/chicago/food-delivery/maccs-cafe/U9bq1zzqTBCVoO-v07z-jA,bloomingdale-illinois
https://www.ubereats.com/chicago/food-delivery/potbelly-sandwich-shop-elk-grove-village-dt-%7C-600/FSEjHz3vRYOtpkqTBhLJBQ,bloomingdale-illinois
https://www.ubereats.com/chicago/food-delivery/great-steak-126-stratford-square/C4lDi5xARyWpWQVVrYkeGQ,bloomingdale-illinois
https://www.ubereats.com/chicago/food-delivery/el-coco-loco/GuWPI_EiRgmKAweBpkpIBQ,bloomingdale-illinois
https://www.ubereats.com/chicago/food-delivery/taqueria-maya/ULYYRr4cTrKq4Ybg4CRRXQ,bloomingdale-illinois
https://www.ubereats.com/chicago/food-delivery/burgerim/UObsgz04SSm8KZRTbJRqGA,bloomingdale-illinois
https://www.ubereats.com/chicago/food-delivery/subway-2101-w-army-trail-rd/zmdETvwSSA2C-SwDW5Ay-A,bloomingdale-illinois
https://www.ubereats.com/chicago/food-delivery/fannie-may-carol-stream/-v-745Z4Q8evtnXUx8Q7Uw,bloomingdale-illinois
https://www.ubereats.com/chicago/food-delivery/dunkin-317-s-schmale-rd/YNd4W2_0SI61s0W-qTuyqg,bloomingdale-illinois
https://www.ubereats.com/chicago/food-delivery/egg-basket-pancake-house/p_xetV-jSzKrWPNspWdYAg,bloomingdale-illinois
https://www.ubereats.com/chicago/food-delivery/hooters-downers-grove-%26-butterfield/zMy8wxVrSMu4HFAZpGSsbw,bloomingdale-illinois
https://www.ubereats.com/chicago/food-delivery/savoury-restaurant-%26-pancake-cafe/6ISrBJArRUac6g9MU9JJ3g,bloomingdale-illinois
https://www.ubereats.com/chicago/food-delivery/five-guys-il-0524-383-west-army-trail-rd/7nGeKOrDTKm9FnVxMHwZqQ,bloomingdale-illinois
https://www.ubereats.com/chicago/food-delivery/dunkin-893-e-schaumburg-rd/-ybBGQrrTi-in6ZG605G9A,bloomingdale-illinois
https://www.ubereats.com/chicago/food-delivery/antonio-ristorante/LcKAxRUfQ26bqbgAf2Tvyw,bloomingdale-illinois
https://www.ubereats.com/chicago/food-delivery/priya-indian-restaurant-schaumburg/cHapfE0-Sc2HMv6tH9wm-Q,bloomingdale-illinois
https://www.ubereats.com/chicago/food-delivery/pozoleria-amiguitas/CBvw1wRaQFy8g3jh2hMUSQ,bloomingdale-illinois
https://www.ubereats.com/chicago/food-delivery/rosatis-sports-pub-barrington-rd/H0JXtFF-QUyBbJ5Swre7rA,bloomingdale-illinois
https://www.ubereats.com/chicago/food-delivery/texas-de-brazil-schaumburg/PLUZBPBwR1OKYettop5_Fw,bloomingdale-illinois
https://www.ubereats.com/chicago/food-delivery/hollywood-taste/xjjUY7cNQrK7TahDIO-VqA,bloomingdale-illinois
https://www.ubereats.com/chicago/food-delivery/chipotle-mexican-grill-910-elk-grove-town-ctr/H_K623jjQnq3cye-7rCfCw,bloomingdale-illinois
https://www.ubereats.com/chicago/food-delivery/taco-bell-1890-army-trail-rd/I7sxSCdRQsmLmaFCyCmrLg,bloomingdale-illinois
https://www.ubereats.com/chicago/food-delivery/taqueria-azteca/GXH-uRXzQMasML8B7RebXg,bloomingdale-illinois
https://www.ubereats.com/chicago/food-delivery/beef-shack-bartlett/ErjzLXRmQQ2-w9S6fs_XyQ,bloomingdale-illinois
https://www.ubereats.com/chicago/food-delivery/golden-corral-154-s-gary-ave/0oTjSJn3R0qREroaaS6vYA,bloomingdale-illinois
https://www.ubereats.com/chicago/food-delivery/uncle-petes-pizzeria/XaZrZaaXQfylA4q5sD-H5A,bloomingdale-illinois
https://www.ubereats.com/chicago/food-delivery/plaka-greek-taverna/OUE_ksfDQWmcLjMq29CO4g,bloomingdale-illinois
https://www.ubereats.com/chicago/food-delivery/starbucks-lake-%26-barrington/giFvhBYkTWGkW4AA35xwKA,bloomingdale-illinois
https://www.ubereats.com/chicago/food-delivery/savory-salads-arlington-heights/7zcZQGbKQ-C_PLbAgZWFFg,bloomingdale-illinois
https://www.ubereats.com/chicago/food-delivery/phat-phat/UOwArqwKThyCnm5eTWm6qA,bloomingdale-illinois
https://www.ubereats.com/chicago/food-delivery/bar-louie-plaza-%26-golf/YO0JkyboTcuDWByHCBtAgg,bloomingdale-illinois
https://www.ubereats.com/chicago/food-delivery/adelles-kitchen-%26-bar/DKZMrw9DQmyRssPhHVQihg,bloomingdale-illinois
https://www.ubereats.com/chicago/food-delivery/dennys-363-s-schmale-road/79j6qXtyTveiSq1CojC10A,bloomingdale-illinois
https://www.ubereats.com/chicago/food-delivery/tasty-nihari/CkUjqAsxRDOobaJkLT4HlQ,bloomingdale-illinois
https://www.ubereats.com/chicago/food-delivery/taco-bell-665-s-sutton-rd/AFqGlgGJRXOAD4ZpDuGySg,bloomingdale-illinois
https://www.ubereats.com/chicago/food-delivery/calzones-highland-ave/f5nL9n77TBKmlIC7Ag1Ysg,bloomingdale-illinois
https://www.ubereats.com/chicago/food-delivery/the-southern-cafe-roselle/7l6PJRfETTqpfJZKoTpJhg,bloomingdale-illinois
https://www.ubereats.com/chicago/food-delivery/dunkin-247-e-irving-park-rd/qPowtV8FSlucWbYyopRudw,bloomingdale-illinois
https://www.ubereats.com/chicago/food-delivery/los-burritos-tapatios-streamwood/97F15zZIR1Kne2gKhK-8Zg,bloomingdale-illinois
https://www.ubereats.com/chicago/food-delivery/mcdonalds-county-farm-%26-west-army-trail/XY75X0TKSXuNV_HpqTs8AA,bloomingdale-illinois
https://www.ubereats.com/chicago/food-delivery/jersey-mikes-subs-st-charles-2540-east-main-st/qo5zprvNTkunl1j69iO4Rw,bloomingdale-illinois
https://www.ubereats.com/chicago/food-delivery/pita-house-restaurant-west-higgins/PZPDvXiLRt66qsbQq5TDMw,bloomingdale-illinois
https://www.ubereats.com/chicago/food-delivery/dunkin-donuts-meacham-rd/Zb8PQTbyS7mKmWk6Aki4vA,bloomingdale-illinois
https://www.ubereats.com/chicago/food-delivery/rosatis-pizza-carol-stream-hiawatha/pEqHoW1JRUOH-YHgbse55A,bloomingdale-illinois
https://www.ubereats.com/chicago/food-delivery/kona-grill-oak-brook/MJYX9AY6SkGgRha8JHX8hA,bloomingdale-illinois
https://www.ubereats.com/chicago/food-delivery/macianos-pizza-%26-pastaria-winfield/CbvUYxctSb6-boPtA3vq6A,bloomingdale-illinois
https://www.ubereats.com/chicago/food-delivery/pizzeria-di-maria/PnZjvQkeSR2HlKWkgGaEOg,bloomingdale-illinois
https://www.ubereats.com/chicago/food-delivery/jersey-mikes-subs-bartlett-959-illinois-route-59/qB5GtUuzStGw-OO1IAnO3g,bloomingdale-illinois
https://www.ubereats.com/chicago/food-delivery/so-gong-dong-tofu-%26-bbq-schaumburg/gDSq7_-cR2qSmHe4uvd4ww,bloomingdale-illinois
https://www.ubereats.com/chicago/food-delivery/colombians-taste/Vxp-8CXET76kBM1VwlPgnA,bloomingdale-illinois
https://www.ubereats.com/chicago/food-delivery/wok-n-fire-wheaton/5BMBDafySTiy-4mqBmjEuQ,bloomingdale-illinois
https://www.ubereats.com/chicago/food-delivery/jets-pizza-arlington-heights/70Vrr_NHRE20IvJ0qWACqg,bloomingdale-illinois
https://www.ubereats.com/chicago/food-delivery/scoobys-red-hots/dDSL2oSoQJm9Yzxz6txaCg,bloomingdale-illinois
https://www.ubereats.com/chicago/food-delivery/napoli-per-tutti/lFlvKoPWRii8Ir8HJ_UVVA,bloomingdale-illinois
https://www.ubereats.com/chicago/food-delivery/sammys-mexican-grill-and-bar-roselle/6uhwaen-Q_erGEJJjKN9wA,bloomingdale-illinois
https://www.ubereats.com/chicago/food-delivery/starbucks-busse-rd-%26-greenleaf/OjiQn37mThad5B-b0zmhdA,bloomingdale-illinois
https://www.ubereats.com/chicago/food-delivery/millers-ale-house-schaumburg/nmGHLMvSTnuGv6q5HV5pSg,bloomingdale-illinois
https://www.ubereats.com/chicago/food-delivery/subway-2211-gary-ave/gGfeAqRmT_-NgHhec4tkvQ,bloomingdale-illinois
https://www.ubereats.com/chicago/food-delivery/pasquallys-pizza-%26-wings-990-s-barrington/TOrk2Zi5SRO9aU6UCcS2Nw,bloomingdale-illinois
https://www.ubereats.com/chicago/food-delivery/fry-the-coop-elmhurst/2AkSPkA3Q_mPP0eilpYy9Q,bloomingdale-illinois
https://www.ubereats.com/chicago/food-delivery/thai-siri/akx7ie-bSPux1baYdB7pDg,bloomingdale-illinois
https://www.ubereats.com/chicago/food-delivery/urban-counter-palatine/VUrQmD2ERcWRI4CmCyNWqA,bloomingdale-illinois
https://www.ubereats.com/chicago/food-delivery/charkies/ELxr30eGTFy3xlRsF5Pmig,bloomingdale-illinois
https://www.ubereats.com/chicago/food-delivery/seven-luck-chinese-restaurant/lvdTnlSmSBiwaOQLH7677w,bloomingdale-illinois
https://www.ubereats.com/chicago/food-delivery/wendys-150-south-gary-ave/XSyGGojXRZS4edf7zt_vCQ,bloomingdale-illinois
https://www.ubereats.com/chicago/food-delivery/dunkin-1101-03-nerge-rd/RVxKe6C3RNuX0_qmhuJuyA,bloomingdale-illinois
https://www.ubereats.com/chicago/food-delivery/mai-thai-cafe/mx7OQVXuR1iDZ9zq5ahYwA,bloomingdale-illinois
https://www.ubereats.com/chicago/food-delivery/quality-deli/KklYG1pEQA-Dp23-zhMy5w,bloomingdale-illinois
https://www.ubereats.com/chicago/food-delivery/601-bar-%26-grill/WjnTRQtCTuSv0nhjEIxTFg,bloomingdale-illinois
https://www.ubereats.com/chicago/food-delivery/tenderlicious/MnX6IsseSPmb4v5xsks0pQ,bloomingdale-illinois
https://www.ubereats.com/chicago/food-delivery/blackwood-bbq/Aog3qDDHTeevIRFriZRbzQ,bloomingdale-illinois
