url,city
https://www.ubereats.com/nyc-suburbs/food-delivery/hero-haven-and-more/7IbHOSMyTmSg7DvQZytbrA,blue-point-new-york
https://www.ubereats.com/nyc-suburbs/food-delivery/dunkin-628-horseblock-rd/ZhDvuwJYQQSl9omRqbQdmg,blue-point-new-york
https://www.ubereats.com/nyc-suburbs/food-delivery/berry-good-yogurt-cafe-patchogue/fZyUEYX7QKix5EjcRpgQ6Q,blue-point-new-york
https://www.ubereats.com/nyc-suburbs/food-delivery/furcis-brick-oven-pizzeria-%26-trattoria/4DKEXODnSJe6YC0ZFfxLRg,blue-point-new-york
https://www.ubereats.com/nyc-suburbs/food-delivery/boxcar-burgers/LN7_SgpfQb-bkpIrTECkKA,blue-point-new-york
https://www.ubereats.com/nyc-suburbs/food-delivery/island-lake-diner/S18VA0gpTGSxLr6qVlasNg,blue-point-new-york
https://www.ubereats.com/nyc-suburbs/food-delivery/kira-sushi/-RTG2TcDR4-fPJOlT208WA,blue-point-new-york
https://www.ubereats.com/nyc-suburbs/food-delivery/la-fonda-latino-grill/RUiX6dQzQ06-Nq4SdeJ4sA,blue-point-new-york
https://www.ubereats.com/nyc-suburbs/food-delivery/slices-and-ices/xvxrybHURoGwYKBQRAVqtw,blue-point-new-york
https://www.ubereats.com/nyc-suburbs/food-delivery/sophias-restaurant/a29wQMNZTqq-3LfUJUtRQQ,blue-point-new-york
https://www.ubereats.com/nyc-suburbs/food-delivery/starbucks-bohemia/N9-VJ3AgT5WpTSFojxRuEg,blue-point-new-york
https://www.ubereats.com/nyc-suburbs/food-delivery/carman-street-deli/Au5MvHdMS3qo2n3uZOZ_-Q,blue-point-new-york
https://www.ubereats.com/nyc-suburbs/food-delivery/wendys-460-sunrise-highway/sjewrLbUSZ-mAjsfQSf3PA,blue-point-new-york
https://www.ubereats.com/nyc-suburbs/food-delivery/familia-bakery/3KCZnf9eRn6KdRdee2V7uQ,blue-point-new-york
https://www.ubereats.com/nyc-suburbs/food-delivery/paulys-pizza-%26-pasta/bbwoPTY4QIC3iQww2jl5Bg,blue-point-new-york
https://www.ubereats.com/nyc-suburbs/food-delivery/joes-pizza-%26-pasta/Ps-O9aAxRq2tAOV-K5nO_g,blue-point-new-york
https://www.ubereats.com/nyc-suburbs/food-delivery/5-brothers-fried-chicken-and-waffles/MeB_EU_7SHavqYaomhyVRA,blue-point-new-york
https://www.ubereats.com/nyc-suburbs/food-delivery/ruby-tuesday-700-patchogue-yaphank-road/hukYPzudTRKw5qMQ7E-cDw,blue-point-new-york
https://www.ubereats.com/nyc-suburbs/food-delivery/carvel-400a-horseblock-road/OuDMjuiCSsG0uRE6IsRYCw,blue-point-new-york
https://www.ubereats.com/nyc-suburbs/food-delivery/on-the-border-holtsville/PXVepW9JSNO90fQQIwyRYg,blue-point-new-york
https://www.ubereats.com/nyc-suburbs/food-delivery/village-bistro/c-SclDHqQ9ubcxYoGs27XA,blue-point-new-york
https://www.ubereats.com/nyc-suburbs/food-delivery/popeis-coram/6xfTeOjJRZ-12wzHzmcIzw,blue-point-new-york
https://www.ubereats.com/nyc-suburbs/food-delivery/firehouse-bagels/aVUdvGgsRXekP350IqbuyQ,blue-point-new-york
https://www.ubereats.com/nyc-suburbs/food-delivery/kabul-halal-grill/blDjZTK7QkmgPBcLJblSIQ,blue-point-new-york
https://www.ubereats.com/nyc-suburbs/food-delivery/my-hero/du1_OLz-S0GyXYyKTa7QtA,blue-point-new-york
https://www.ubereats.com/nyc-suburbs/food-delivery/sophias-pizza-cafe/82D41Z06QtWN83GqIGgfXw,blue-point-new-york
https://www.ubereats.com/nyc-suburbs/food-delivery/crispys-*/B7U_gw4cTiKiJB-yy1qH8g,blue-point-new-york
https://www.ubereats.com/nyc-suburbs/food-delivery/mediterranean-kitchen-mastic/dYJAuV_eS9uw1s4DXi5vsA,blue-point-new-york
https://www.ubereats.com/nyc-suburbs/food-delivery/the-cuban-patchogue/hQnPzBMDQQyhRn8-SpJAWw,blue-point-new-york
https://www.ubereats.com/nyc-suburbs/food-delivery/the-captains-boil-700-patchogue-yaphank-road/S1-VHF4GSwGnGVN17VS5MQ,blue-point-new-york
https://www.ubereats.com/nyc-suburbs/food-delivery/starbucks-bayport/sh_xsd45TUuGQ2KLeK_oJQ,blue-point-new-york
https://www.ubereats.com/nyc-suburbs/food-delivery/dunkin-500-medford-ave/2GsmfBuRT92Espuxlv3UVA,blue-point-new-york
https://www.ubereats.com/nyc-suburbs/food-delivery/i-heart-mac-and-cheese-patchogue/k3mLnjFsTSq7iQ79hpLuNA,blue-point-new-york
https://www.ubereats.com/nyc-suburbs/food-delivery/kfc-533-medford-ave/EaAh6aoUQ0KWdDy5nwYgbw,blue-point-new-york
https://www.ubereats.com/nyc-suburbs/food-delivery/sobol-patchogue/9wwEY0e_SDKBsaWBv91TRg,blue-point-new-york
https://www.ubereats.com/nyc-suburbs/food-delivery/coram-diner/JCJpkzIkT9O13EnOTaZynQ,blue-point-new-york
https://www.ubereats.com/nyc-suburbs/food-delivery/sapore-fino/Z4hse3tPRomLmYtIalFe_A,blue-point-new-york
https://www.ubereats.com/nyc-suburbs/food-delivery/roast-coffee-%26-tea-trading-company/_uxgdKbmR668zg4bOU1hdQ,blue-point-new-york
https://www.ubereats.com/nyc-suburbs/food-delivery/munchies-to-your-door/-v9f-LRjSSuiMO5M6CmE0w,blue-point-new-york
https://www.ubereats.com/nyc-suburbs/food-delivery/yogomania/0z_EbXrsSAmlXHLL_yLTKw,blue-point-new-york
https://www.ubereats.com/nyc-suburbs/food-delivery/hometown-bake-shop-patchogue/3P39GKc2R66Tf_VsrYcl7g,blue-point-new-york
https://www.ubereats.com/nyc-suburbs/food-delivery/mcdonalds-4498-sunrise-hwy/kuraF94_SZanUfi5eSonmw,blue-point-new-york
https://www.ubereats.com/nyc-suburbs/food-delivery/curry-home/WMGJNvtVQzq77aplCjP0HA,blue-point-new-york
https://www.ubereats.com/nyc-suburbs/food-delivery/rudis/zeNudfWQRD6jSCnzdL-U8g,blue-point-new-york
https://www.ubereats.com/nyc-suburbs/food-delivery/lucky-spice-grill/iEnuwY0zTZaMR3TcEPIpcQ,blue-point-new-york
https://www.ubereats.com/nyc-suburbs/food-delivery/greek-islands-restaurant/PowzYBWpSX-z4YlyhbaJtg,blue-point-new-york
https://www.ubereats.com/nyc-suburbs/food-delivery/wendys-1820-rt-112/mxLpdurMQrq9-YuXaju2Rg,blue-point-new-york
https://www.ubereats.com/nyc-suburbs/food-delivery/bagel-express-sayville/c_pjhxEbSBSs7yJFglIhZw,blue-point-new-york
https://www.ubereats.com/nyc-suburbs/food-delivery/new-yee-wo-kitchen/-uclSl5QTvKDgzLHUqW6Wg,blue-point-new-york
https://www.ubereats.com/nyc-suburbs/food-delivery/taco-bell-174-medford-avenue/FKb7JniOQX2rTiNv1E7HWA,blue-point-new-york
https://www.ubereats.com/nyc-suburbs/food-delivery/sobol-ronkonkoma/G2s3y20WRHOT9aJv9RnsfQ,blue-point-new-york
https://www.ubereats.com/nyc-suburbs/food-delivery/chicos-deli/IunNEbSzQKaKdQscGC5Qqw,blue-point-new-york
https://www.ubereats.com/nyc-suburbs/food-delivery/avo-taco/T1Sn8b3kQNyh5W8zw1jpSQ,blue-point-new-york
https://www.ubereats.com/nyc-suburbs/food-delivery/texas-taco/uPEjxE1hRvCeBVwbdXEorw,blue-point-new-york
https://www.ubereats.com/nyc-suburbs/food-delivery/h2o-seafood-%26-sushi-east-islip/K9aRdNmKSZa_R5KCcJZB9Q,blue-point-new-york
https://www.ubereats.com/nyc-suburbs/food-delivery/bagels-your-way-medford/n6N52GjkSju_Egt5tPNm8A,blue-point-new-york
https://www.ubereats.com/nyc-suburbs/food-delivery/burger-king-2250-north-ocean-avenue/krHjRfDARoS1Y1ZzYfF_mA,blue-point-new-york
https://www.ubereats.com/nyc-suburbs/food-delivery/burrito-palace-and-grill-ronkonkoma/nyrgktB4QYu1iB0xdRimng,blue-point-new-york
https://www.ubereats.com/nyc-suburbs/food-delivery/harbor-q-smokehouse-lake-ronkonkoma-do-not-enable-food-safety/b2K0RtoNRTujSuY4av9PuQ,blue-point-new-york
https://www.ubereats.com/nyc-suburbs/food-delivery/wing-shun-kitchen-%E6%B0%B8%E8%83%9C/uJqbWmiUS_OUuZEW-AewjQ,blue-point-new-york
https://www.ubereats.com/nyc-suburbs/food-delivery/friendlys-553-hawkins-ave/8fZeBFNmQj-Ed2gun15RRg,blue-point-new-york
https://www.ubereats.com/nyc-suburbs/food-delivery/holbrook-market-place-and-delicatessen/dagG8CvRQSKGIKyCfhofSA,blue-point-new-york
https://www.ubereats.com/nyc-suburbs/food-delivery/dunkin-1243-montauk-hwy/p9KB6uOiQ0-ih5yJ9IPz1g,blue-point-new-york
https://www.ubereats.com/nyc-suburbs/food-delivery/taco-bell-360-portion-road/i5oYps2TR2KocAvXa0hIOA,blue-point-new-york
https://www.ubereats.com/nyc-suburbs/food-delivery/crazy-crepe-cafe-lake-ronkonkoma/V34VFH0HTWasu_FvQdFT4A,blue-point-new-york
https://www.ubereats.com/nyc-suburbs/food-delivery/carvel-215-east-main-street/JhWp7yVGRYma-uBX8O8orA,blue-point-new-york
https://www.ubereats.com/nyc-suburbs/food-delivery/oriental-sushi/tqWIJLCaRMytWrGAPaW2kw,blue-point-new-york
https://www.ubereats.com/nyc-suburbs/food-delivery/lulus-lobster/Za_C_lKGR22094BsWGm2Jg,blue-point-new-york
https://www.ubereats.com/nyc-suburbs/food-delivery/jiangs-asian-fusion/LePuhnwBSVmVZsfqFmjT2A,blue-point-new-york
https://www.ubereats.com/nyc-suburbs/food-delivery/206-applebees-farmingville/F3vmjvF0Rl6MHYfJs4OiwQ,blue-point-new-york
https://www.ubereats.com/nyc-suburbs/food-delivery/seaqua-deli-and-caterers-of-patchogue/_TFmioymSiWJm6WjJCZVdA,blue-point-new-york
https://www.ubereats.com/nyc-suburbs/food-delivery/dunkin-300-e-main-st/Hdt2sJIRQmq2Zd7ZpneP5Q,blue-point-new-york
https://www.ubereats.com/nyc-suburbs/food-delivery/tropical-smoothie-cafe-patchogue-mall/BkJdI9fCT56VsickQjoKMw,blue-point-new-york
https://www.ubereats.com/nyc-suburbs/food-delivery/anthonys-coal-fired-pizza-bohemia/F16stqf_TyeRaynXQtH27Q,blue-point-new-york
https://www.ubereats.com/nyc-suburbs/food-delivery/metropolis-diner/Ww81MA18T1GsU5AjhJaF7g,blue-point-new-york
https://www.ubereats.com/nyc-suburbs/food-delivery/hamza-halal-food/xPvNhTDRQY2FYnVZiVYavQ,blue-point-new-york
https://www.ubereats.com/nyc-suburbs/food-delivery/del-fuego-patchogue/02Q7TXqrQj6nt8POWoxKuQ,blue-point-new-york
https://www.ubereats.com/nyc-suburbs/food-delivery/subway-755-montauk-hwy/8GERRvLMROe9BGKWpykBqQ,blue-point-new-york
https://www.ubereats.com/nyc-suburbs/food-delivery/taco-el-primo/6kbUyz7KT26OWPWSeb0WVg,blue-point-new-york
https://www.ubereats.com/nyc-suburbs/food-delivery/waffle-shack/Yq107f8FS8mHxjY-LzQNSg,blue-point-new-york
https://www.ubereats.com/nyc-suburbs/food-delivery/dunkin-90-railroad-ave/nDvECC_lQ7Wcw8okTjmQYw,blue-point-new-york
https://www.ubereats.com/nyc-suburbs/food-delivery/dunkin-33-montauk-hwy/r7Ci--wcS56_wW3a-ihzrQ,blue-point-new-york
https://www.ubereats.com/nyc-suburbs/food-delivery/b-%26-b-bagels/Lq4qSUgtTpekDEAJR1lRyw,blue-point-new-york
https://www.ubereats.com/nyc-suburbs/food-delivery/pepes-royal-pizzeria/3vhvV_QURpa7742NWi_ZhQ,blue-point-new-york
https://www.ubereats.com/nyc-suburbs/food-delivery/nonnas-pizzeria/qdP6CyJ3TNyOezS9xdomiA,blue-point-new-york
https://www.ubereats.com/nyc-suburbs/food-delivery/arthur-treachers-fish-and-chips-pudgies-famous-chicken/5A4luXk_RG-tQfSEkF1OEw,blue-point-new-york
https://www.ubereats.com/nyc-suburbs/food-delivery/burger-king-5141-sunrise-highway/Xll9pFqxSlGNlyNNIRBOFw,blue-point-new-york
https://www.ubereats.com/nyc-suburbs/food-delivery/virgola-oyster-%26-wine-bar/6aISYfLMQb2cbbFryqTaXg,blue-point-new-york
https://www.ubereats.com/nyc-suburbs/food-delivery/sammy-a-vegan-boy/0XOxNiVhSqC-dKXbOPIBQQ,blue-point-new-york
https://www.ubereats.com/nyc-suburbs/food-delivery/burger-king-500-waverly-ave/K5CZQXY5TMSs8OctwZluOQ,blue-point-new-york
https://www.ubereats.com/nyc-suburbs/food-delivery/karvers-grille/PoeAb-odT_aCQ0SnIWmrUw,blue-point-new-york
https://www.ubereats.com/nyc-suburbs/food-delivery/chuck-e-cheese-121-sunrise-hwy/mmRfZCCWSq6aTrmDhd9VMg,blue-point-new-york
https://www.ubereats.com/nyc-suburbs/food-delivery/jersey-mikes-280a-middle-country-rd/khjMI_WGRaqSW_JIP5mKQg,blue-point-new-york
https://www.ubereats.com/nyc-suburbs/food-delivery/the-wing-experience-5012-express-drive-south/bNaABnWJRi-BSCTKwq1h2w,blue-point-new-york
https://www.ubereats.com/nyc-suburbs/food-delivery/phayathai/fOe5ktpgTfGvROySa2yoRg,blue-point-new-york
https://www.ubereats.com/nyc-suburbs/food-delivery/lake-village-market/P0dKVLLERA-obcjagMykng,blue-point-new-york
https://www.ubereats.com/nyc-suburbs/food-delivery/taco-bell-551-william-floyd-parkway/psiMpNAeSVGiVmkGIov5SQ,blue-point-new-york
https://www.ubereats.com/nyc-suburbs/food-delivery/tofu-spring/4WDc3ETGSCCYq89mvyUCFA,blue-point-new-york
https://www.ubereats.com/nyc-suburbs/food-delivery/prestano-bakery/vUNSJMdeR3izGmqG0cZkvQ,blue-point-new-york
https://www.ubereats.com/nyc-suburbs/food-delivery/super-deli/4GRoSge0Tx62yYzkDjCmiQ,blue-point-new-york
https://www.ubereats.com/nyc-suburbs/food-delivery/friendly-bagel-cafe/iNUHqVHJROWLadQi3GCT_w,blue-point-new-york
https://www.ubereats.com/nyc-suburbs/food-delivery/mcdonalds-174-portion-rd/zbOgiLfzQHqo7Hd1pZ9SnQ,blue-point-new-york
https://www.ubereats.com/nyc-suburbs/food-delivery/istanbul-cafe/QF_qmub7SWmUHNROCirVMA,blue-point-new-york
https://www.ubereats.com/nyc-suburbs/food-delivery/pita-house/K5gEf6PESyqMbWWxyI6ccQ,blue-point-new-york
https://www.ubereats.com/nyc-suburbs/food-delivery/mcdonalds-1710-route-112/rTBPcaf_Q8Ok1Kf6Pu1vNg,blue-point-new-york
https://www.ubereats.com/nyc-suburbs/food-delivery/dunkin-4541-sunrise-hwy/f44moh_OR4aLyLMZ9ZbRnA,blue-point-new-york
https://www.ubereats.com/nyc-suburbs/food-delivery/la-supreme-pizza-oakdale/-Yylg5DZQkCDwPKbiAKXPQ,blue-point-new-york
https://www.ubereats.com/nyc-suburbs/food-delivery/mcdonalds-3850-veterans-memorial-hwy/do_BO3EyReWGRgne1KpkQg,blue-point-new-york
https://www.ubereats.com/nyc-suburbs/food-delivery/the-cull-house-restaurant/INfU-MEMSLexbfD68H13kw,blue-point-new-york
https://www.ubereats.com/nyc-suburbs/food-delivery/crazy-bowls-acai-bowls-%26-more/_VtnYQXURFW16ell3bY6Dw,blue-point-new-york
https://www.ubereats.com/nyc-suburbs/food-delivery/sals-deli-and-g/0ysxABvZT2SLPyuY0-URNw,blue-point-new-york
https://www.ubereats.com/nyc-suburbs/food-delivery/thee-spot-pizza-%26-grill/z9J67QDYSb2uEWQwRCy9iw,blue-point-new-york
https://www.ubereats.com/nyc-suburbs/food-delivery/cajun-claws/-DxMt2hHRkyuSsJ-6lNBBQ,blue-point-new-york
https://www.ubereats.com/nyc-suburbs/food-delivery/dunkin-286-express-drive-south/DMEXg2NGQt2FBTgnH4KouQ,blue-point-new-york
https://www.ubereats.com/nyc-suburbs/food-delivery/jackees-jamaican-cafe/JH5b70RQR6CIkuFMABaukw,blue-point-new-york
https://www.ubereats.com/nyc-suburbs/food-delivery/checkers-258-portion-rd/A80LQ9RgRbGqbLQJ8kIiqQ,blue-point-new-york
https://www.ubereats.com/nyc-suburbs/food-delivery/subway-402-medford-ave/0q_kNj-HQ_yPmLqa9vFDrQ,blue-point-new-york
https://www.ubereats.com/nyc-suburbs/food-delivery/bagel-patch/FdJUYWOkQPOtxdZrPu2qag,blue-point-new-york
https://www.ubereats.com/nyc-suburbs/food-delivery/better-burger/5WX5XfRbSpqEOK2NExvHuQ,blue-point-new-york
https://www.ubereats.com/nyc-suburbs/food-delivery/salsa-salsa/-ritO6FRTzGlJVrC81Wy4w,blue-point-new-york
https://www.ubereats.com/nyc-suburbs/food-delivery/friendlys-700-80-rte-101/4IlxFoAlTbefzgCTQLVfZA,blue-point-new-york
https://www.ubereats.com/nyc-suburbs/food-delivery/carvel-480-patchogue-holbrook-rd/Sv8EtDnOTAq7JmXqs74Ctw,blue-point-new-york
https://www.ubereats.com/nyc-suburbs/food-delivery/dunkin-1105-horseblock-rd/hDj4JMNrQ_SThzVMHGD4fQ,blue-point-new-york
https://www.ubereats.com/nyc-suburbs/food-delivery/brendels-of-ny-bagels-and-eatery/k3iNLzYFRgWTcFgYniFLbQ,blue-point-new-york
https://www.ubereats.com/nyc-suburbs/food-delivery/dunkin-369-e-main-st/SOqiMlwGRuK6SGIkpYOCog,blue-point-new-york
https://www.ubereats.com/nyc-suburbs/food-delivery/tofu-chinese-%26-japanese-restaurant/EmfTpv6lT8OfbrmWG0nAxA,blue-point-new-york
https://www.ubereats.com/nyc-suburbs/food-delivery/that-meetball-place-patchogue/s-UikbXUTsuE31KtmiY5SA,blue-point-new-york
https://www.ubereats.com/nyc-suburbs/food-delivery/eatcetera-deli-cafe/YVfZzROUR9elO4DEV5XkVQ,blue-point-new-york
https://www.ubereats.com/nyc-suburbs/food-delivery/chipotle-mexican-grill-367-n-service-rd/CILDQq56SdevvuBH9s_OVw,blue-point-new-york
https://www.ubereats.com/nyc-suburbs/food-delivery/moes-499-56-sunrise-highway/HxZm8UtzRVuYQhJZO7JBGw,blue-point-new-york
https://www.ubereats.com/nyc-suburbs/food-delivery/papa-johns-pizza-%233095/fdjPRY1CQMuZB4KE6ppUDw,blue-point-new-york
https://www.ubereats.com/nyc-suburbs/food-delivery/crazy-crepe-cafe/QAv5T03tRZS_X8fChqAjfg,blue-point-new-york
https://www.ubereats.com/nyc-suburbs/food-delivery/vegan-seeds-of-india/TjLH5_OYRG66FHRppe01PQ,blue-point-new-york
https://www.ubereats.com/nyc-suburbs/food-delivery/bagel-hero/qiNHS5olSFCeAz9MlvHQ0w,blue-point-new-york
https://www.ubereats.com/nyc-suburbs/food-delivery/chipotle-mexican-grill-601-portion-road/aEOIe8mfTl2joK7ivQCa6Q,blue-point-new-york
https://www.ubereats.com/nyc-suburbs/food-delivery/bagels-and-brunch-deli/Cflt3BGoSu698dgtG78rGw,blue-point-new-york
https://www.ubereats.com/nyc-suburbs/food-delivery/route-27-pizza/vuh2LWleTmKcM9CQZtF3-w,blue-point-new-york
https://www.ubereats.com/nyc-suburbs/food-delivery/curry-kebob-house/IyX2NjtMTWq8W2Bpk9rV2w,blue-point-new-york
https://www.ubereats.com/nyc-suburbs/food-delivery/tgi-fridays-326-farmingville-ny/xpIm9cqeQD6TVg-Qa2aeUw,blue-point-new-york
https://www.ubereats.com/nyc-suburbs/food-delivery/rhum/H1Q7TCh-TQCwk54GMnnwcA,blue-point-new-york
https://www.ubereats.com/nyc-suburbs/food-delivery/meltology-grilled-cheese/57Gp9rwuQ2q8tf-GTnermQ,blue-point-new-york
https://www.ubereats.com/nyc-suburbs/food-delivery/primo-pizza/dcR0-QGyTH6y2IVOvdyUYQ,blue-point-new-york
https://www.ubereats.com/nyc-suburbs/food-delivery/farmingville-liquor-%26-wine/YWO1rMtrQdetyq2_zwWStA,blue-point-new-york
https://www.ubereats.com/nyc-suburbs/food-delivery/216-applebees-shirley-855-montauk-highway-bldg-a/wrhQuvctTsiyVjs2vYzzEA,blue-point-new-york
https://www.ubereats.com/nyc-suburbs/food-delivery/holbrook-diner/7hvVmKc4QhuobMi_fhhJhw,blue-point-new-york
https://www.ubereats.com/nyc-suburbs/food-delivery/burger-king-246-medford-ave/wqiWtSYMThSRlbRQAMRFdg,blue-point-new-york
https://www.ubereats.com/nyc-suburbs/food-delivery/the-sayville-sandwich/luNBLmSiRwSi8xyKX0jFXw,blue-point-new-york
https://www.ubereats.com/nyc-suburbs/food-delivery/the-hero-joint/3D-Ai0s_R5a3RveAZRNOAQ,blue-point-new-york
https://www.ubereats.com/nyc-suburbs/food-delivery/the-tap-room-patchogue/Xfo1rE41RrO-H5U6mGswfw,blue-point-new-york
https://www.ubereats.com/nyc-suburbs/food-delivery/215-applebees-patchogue/OCTxJXUxQbyKwDeqBlntiQ,blue-point-new-york
https://www.ubereats.com/nyc-suburbs/food-delivery/big-italy-pizzeria/aOuF4lifQSSZJe_RWsD96Q,blue-point-new-york
https://www.ubereats.com/nyc-suburbs/food-delivery/popeyes-patchogue/S1c2qYnPSBeiVIJm5Yu-iw,blue-point-new-york
https://www.ubereats.com/nyc-suburbs/food-delivery/william-floyd-diner/ZfnHVBVvTVWhW4ZVw5Cyfg,blue-point-new-york
https://www.ubereats.com/nyc-suburbs/food-delivery/sweet-frog-sayville/S92IOsMvScSBlvUeK88MOQ,blue-point-new-york
https://www.ubereats.com/nyc-suburbs/food-delivery/la-famosa-pizzeria/M1GWdpeVQx2TH2PtPjEpVA,blue-point-new-york
https://www.ubereats.com/nyc-suburbs/food-delivery/subway-186-main-st/NB8oybDaT32qDiybuEjFxA,blue-point-new-york
https://www.ubereats.com/nyc-suburbs/food-delivery/shanghai-chinese-restaurant/qZcWJ-HwToOk9rjwG4iOUw,blue-point-new-york
https://www.ubereats.com/nyc-suburbs/food-delivery/mcdonalds-769-montauk-hwy/eReJa1xGT3q5kPVChr4XpA,blue-point-new-york
https://www.ubereats.com/nyc-suburbs/food-delivery/yan-china-garden/CEaugM8dSdqmxvoFWmV7qQ,blue-point-new-york
https://www.ubereats.com/nyc-suburbs/food-delivery/virgola-oysters-%26-italian-wine-bar/_ruVPJoCSDCWg_WntLH0Nw,blue-point-new-york
https://www.ubereats.com/nyc-suburbs/food-delivery/local-burger-co-patchogue/HPvCj0LaR12nmX012BgKng,blue-point-new-york
https://www.ubereats.com/nyc-suburbs/food-delivery/dunkin-1573-lakeland-ave/C9lb-eXJQsu-fHCCfpOkjw,blue-point-new-york
https://www.ubereats.com/nyc-suburbs/food-delivery/quickstop-deli/7NLiCneDSAyMlu5mJjo-qA,blue-point-new-york
https://www.ubereats.com/nyc-suburbs/food-delivery/kevs-deli/Uwu7gbkiTWeLMNCkbZJyTA,blue-point-new-york
https://www.ubereats.com/nyc-suburbs/food-delivery/georges-luncheonette-patchogue/8zo7x8cjQ0yO9HuebiSODQ,blue-point-new-york
https://www.ubereats.com/nyc-suburbs/food-delivery/dunkin-1100-waverly-ave/hHBTaNS6TgGuZt0i0yM3Bw,blue-point-new-york
https://www.ubereats.com/nyc-suburbs/food-delivery/mcdonalds-499-85-sunrise-hwy/CVPbDvT3ShOpaxrd56zqoA,blue-point-new-york
https://www.ubereats.com/nyc-suburbs/food-delivery/aegean-cafe/0pp-_sEPTZi9sJ1p0uPsbQ,blue-point-new-york
https://www.ubereats.com/nyc-suburbs/food-delivery/new-fook-fung-chinese-food/ultyQ4HmTwa9Ec8KZzNNuA,blue-point-new-york
https://www.ubereats.com/nyc-suburbs/food-delivery/hot-bagels-plus/2mfqxDKeQTCnESjRV_QiJQ,blue-point-new-york
https://www.ubereats.com/nyc-suburbs/food-delivery/best-express-halal-food/XImf_gczTlirK5H9e7olpw,blue-point-new-york
https://www.ubereats.com/nyc-suburbs/food-delivery/aunt-mias-pizzeria-w-1st-st/rPI4aG9aSASoXATIX7EmIg,blue-point-new-york
https://www.ubereats.com/nyc-suburbs/food-delivery/south-shore-dive/DNuDUzFTTNGz_WeQhDWXZg,blue-point-new-york
https://www.ubereats.com/nyc-suburbs/food-delivery/jersey-mikes-subs-869-montauk-hwy/BnbOQ2vwSc-Tbt7df4farw,blue-point-new-york
https://www.ubereats.com/nyc-suburbs/food-delivery/202-applebees-bohemia/XdK8ua0YQUC4I-Hvo9U1ow,blue-point-new-york
https://www.ubereats.com/nyc-suburbs/food-delivery/la-tavola-trattoria/rb8jY__JQGaN9G9eBvtU_Q,blue-point-new-york
https://www.ubereats.com/nyc-suburbs/food-delivery/mastic-deli-%26-market/FAa3JxGXR0SFYKlwcS3IHA,blue-point-new-york
https://www.ubereats.com/nyc-suburbs/food-delivery/lotus-dynasty/ViIJiBD3Tl2EVgP_v2-BPg,blue-point-new-york
https://www.ubereats.com/nyc-suburbs/food-delivery/medford-pastaria/zi8aUGOtT2Sz3-sEGrLq8A,blue-point-new-york
https://www.ubereats.com/nyc-suburbs/food-delivery/viva-la-vida/eccBU2asQbO5BKJx93WBcg,blue-point-new-york
https://www.ubereats.com/nyc-suburbs/food-delivery/pizza-stop/T_Nstrj2RQef9FZ0sIG9aA,blue-point-new-york
https://www.ubereats.com/nyc-suburbs/food-delivery/ai-food-inc/IAEJSjIYQuSn1SI0KY6GRg,blue-point-new-york
https://www.ubereats.com/nyc-suburbs/food-delivery/iseda-happy-wok/o3OinNS1SPm0nKfRrEPCgw,blue-point-new-york
https://www.ubereats.com/nyc-suburbs/food-delivery/gerardos-pizza-%26-pasta/wqHQpTHeQ5mdz-bvdUoTuw,blue-point-new-york
https://www.ubereats.com/nyc-suburbs/food-delivery/aunt-mias-pizzeria/jQ8I93CiSiGASCluJNxbiQ,blue-point-new-york
https://www.ubereats.com/nyc-suburbs/food-delivery/sobol-sayville/MrnJpjErQuOqNA2a5TTd9w,blue-point-new-york
https://www.ubereats.com/nyc-suburbs/food-delivery/dunkin-165-main-st/MMwlz3HgT_CghUzumc8gGg,blue-point-new-york
https://www.ubereats.com/nyc-suburbs/food-delivery/bobbique/tRERuQDERq6PjiBHEwldCg,blue-point-new-york
https://www.ubereats.com/nyc-suburbs/food-delivery/hummus-fits-c-o-hummus-mediterranean/klOwhMyASMWF7fn65yvzjQ,blue-point-new-york
https://www.ubereats.com/nyc-suburbs/food-delivery/subway-3460-veterans-memorial-hwy/B9YUNh49RZ20E67spdoolg,blue-point-new-york
https://www.ubereats.com/nyc-suburbs/food-delivery/dunkin-305-waverly-ave/bzismKc6RauD6elHWAeRxg,blue-point-new-york
https://www.ubereats.com/nyc-suburbs/food-delivery/bella-bambinas-pizzeria-restaurant/Dndrrn90SyS6MkvniFkNYA,blue-point-new-york
https://www.ubereats.com/nyc-suburbs/food-delivery/starbucks-sayville/hK5DZfb6Tc2rg4PQ6guh-w,blue-point-new-york
https://www.ubereats.com/nyc-suburbs/food-delivery/jj-dynasty/DD6fAbBxQPqbY6HVNL0PnA,blue-point-new-york
https://www.ubereats.com/nyc-suburbs/food-delivery/red-lobster-5010-expressway-drive-south/a2PVLb3xRS-t3FIO7VSwYg,blue-point-new-york
https://www.ubereats.com/nyc-suburbs/food-delivery/pasquallys-pizza-%26-wings-121-sunrise-hwy/3vFnnPUTRSqQ6Ky3qhyw-w,blue-point-new-york
https://www.ubereats.com/nyc-suburbs/food-delivery/carrolls-kitchen/zhM9yxJsSqCo8RHvescLFg,blue-point-new-york
https://www.ubereats.com/nyc-suburbs/food-delivery/crystal-garden/VbYITsUKRl6entA49WaUVg,blue-point-new-york
https://www.ubereats.com/nyc-suburbs/food-delivery/mamma-lombardis/ukIMlrCATtaRQuU67AP9nA,blue-point-new-york
https://www.ubereats.com/nyc-suburbs/food-delivery/checkers-272-e-main-st/QRDTBJUtSFKYv0u9J3PEAw,blue-point-new-york
https://www.ubereats.com/nyc-suburbs/food-delivery/smokey-bones-ronkonkoma/T6Khoxd7RtyB7sTCNXYlkw,blue-point-new-york
https://www.ubereats.com/nyc-suburbs/food-delivery/the-oar-steak-%26-seafood-grill/c9q_SaATRs-QOWecyhtAcQ,blue-point-new-york
https://www.ubereats.com/nyc-suburbs/food-delivery/dunkin-3197-horseblock-road/R_xH_9klQzaA1gEk12vZVg,blue-point-new-york
https://www.ubereats.com/nyc-suburbs/food-delivery/pizza-network/LCzEVK2ESp-TuDX4wb5-Qg,blue-point-new-york
https://www.ubereats.com/nyc-suburbs/food-delivery/jackson-hall-american-bar-%26-grille/iuMLYDxKRU6T0SS3gsPwBA,blue-point-new-york
https://www.ubereats.com/nyc-suburbs/food-delivery/ralphs-italian-ices-sayville/QK2Ly-zVRr26064FvlSPNg,blue-point-new-york
https://www.ubereats.com/nyc-suburbs/food-delivery/dunkin-24-28-lowell-ave/E4FPr7qdTSu0uuZdYpNtAA,blue-point-new-york
https://www.ubereats.com/nyc-suburbs/food-delivery/wendys-175-morris-avenue/kktlNsfgQZ-wVaJtVLTf_Q,blue-point-new-york
https://www.ubereats.com/nyc-suburbs/food-delivery/the-vegan-hub/ABx_9JFaQNaoYtdDRLZGog,blue-point-new-york
https://www.ubereats.com/nyc-suburbs/food-delivery/dunkin-411-furrows-rd/k5_lvWFrRNWBqAlnhm6URA,blue-point-new-york
https://www.ubereats.com/nyc-suburbs/food-delivery/panera-367-sunrise-hwy/0cLjjoNwSq6LLwwBOsoEWg,blue-point-new-york
https://www.ubereats.com/nyc-suburbs/food-delivery/chipotle-mexican-grill-5181-sunrise-hwy/0L05SbZ2T6mg185CuFHlOA,blue-point-new-york
https://www.ubereats.com/nyc-suburbs/food-delivery/sayville-pizza/Y8TBJmGCRY-ORlGxffG_RQ,blue-point-new-york
https://www.ubereats.com/nyc-suburbs/food-delivery/caribeno-holbrook/1ot-gJt9R46iw55pP5yptg,blue-point-new-york
https://www.ubereats.com/nyc-suburbs/food-delivery/best-meal-chinese-food/zBqS0kNgQ0OMe6LiGK8D6A,blue-point-new-york
https://www.ubereats.com/nyc-suburbs/food-delivery/205-applebees-east-islip/QUYTEUpJTKKNyZQAYGMCZQ,blue-point-new-york
https://www.ubereats.com/nyc-suburbs/food-delivery/24-7-convenience-store/dqu-mUt2TOeHHCCc3PBUGg,blue-point-new-york
https://www.ubereats.com/nyc-suburbs/food-delivery/burgerology-patchogue/hSzBt2b1TrO0yvyC7grJiQ,blue-point-new-york
https://www.ubereats.com/nyc-suburbs/food-delivery/hometown-cafe/O_tCadDfR7CX_uBw1g5QHQ,blue-point-new-york
https://www.ubereats.com/nyc-suburbs/food-delivery/main-st-diner/Bl4lm5-aQNefKEtwjvTHfg,blue-point-new-york
https://www.ubereats.com/nyc-suburbs/food-delivery/the-pepperoni-grill-pizzeria-%26-restaurant/VJn-U0xnSp6M00V_9PdRNA,blue-point-new-york
https://www.ubereats.com/nyc-suburbs/food-delivery/momos-union-ave/uOUgGN4WTiqtGWDzTUYpXg,blue-point-new-york
https://www.ubereats.com/nyc-suburbs/food-delivery/la-mias-pizzeria/0CI5HsPEQumllwO2dM21-w,blue-point-new-york
https://www.ubereats.com/nyc-suburbs/food-delivery/james-joyce/2rwgMon6SsGx9Iph47mWzw,blue-point-new-york
https://www.ubereats.com/nyc-suburbs/food-delivery/harbor-wings-lake-ronkonkoma/8YJ2eVkcRXipnTrFWzUfEA,blue-point-new-york
https://www.ubereats.com/nyc-suburbs/food-delivery/4-u-convenience-deli/sDblTRd2ScenoBEqVyeBaQ,blue-point-new-york
https://www.ubereats.com/nyc-suburbs/food-delivery/beijing-kitchen/MEeuX-OxQ16Q8yVaqAmRKQ,blue-point-new-york
https://www.ubereats.com/nyc-suburbs/food-delivery/subway-416-west-sunrise-hwy/PwH7pNoSSqGETQwPBxjqTQ,blue-point-new-york
https://www.ubereats.com/nyc-suburbs/food-delivery/blds-restaurant/FxpoTzFhSJKI7s3qudU4tg,blue-point-new-york
https://www.ubereats.com/nyc-suburbs/food-delivery/pollo-sabroson/PclkXsbxT0e0T2aSlp2zfQ,blue-point-new-york
https://www.ubereats.com/nyc-suburbs/food-delivery/mizu-ken-sushi/Of2kSDnyRC6H3xjCm2B_ow,blue-point-new-york
https://www.ubereats.com/nyc-suburbs/food-delivery/yogo-mania-holbrook/YuNBjLt7RZ6YSqfJl8fVmg,blue-point-new-york
https://www.ubereats.com/nyc-suburbs/food-delivery/subway-400f-horseblock-rd/6IEOnEKVRyCee4hxnjNHag,blue-point-new-york
https://www.ubereats.com/nyc-suburbs/food-delivery/freezology/_jgCVM6EQZ2uLgQj8yeiSg,blue-point-new-york
https://www.ubereats.com/nyc-suburbs/food-delivery/koi-sushi-asian-cuisine/C0YFSMcrS4CT_NzMS1NOtQ,blue-point-new-york
https://www.ubereats.com/nyc-suburbs/food-delivery/mademoiselle-patisserie/7wFEiEdaR32iqkCTLogHeg,blue-point-new-york
https://www.ubereats.com/nyc-suburbs/food-delivery/carvel-ice-cream-25-n-main-st/JD1uf1AoSjCtXuKrssjqZg,blue-point-new-york
https://www.ubereats.com/nyc-suburbs/food-delivery/blue-point-diner/E8ELpjAGSDmo7N3h102X1Q,blue-point-new-york
https://www.ubereats.com/nyc-suburbs/food-delivery/momos-too-sports-bar-%26-grill/gUQm1xrdRJeESLBNqIwYHg,blue-point-new-york
https://www.ubereats.com/nyc-suburbs/food-delivery/rb-los-amigos-restaurante-inc/0Pboo-ArRuuP5GDMcCNXBA,blue-point-new-york
https://www.ubereats.com/nyc-suburbs/food-delivery/medford-village-market/lW20WfsuRaqnkxZOqj_5Og,blue-point-new-york
https://www.ubereats.com/nyc-suburbs/food-delivery/go-greek/2A346OXiSY6a6GeMezcEvQ,blue-point-new-york
https://www.ubereats.com/nyc-suburbs/food-delivery/carvel-776-montauk-highway/VGEvYbsKS0-DzIl3Ypt9vg,blue-point-new-york
https://www.ubereats.com/nyc-suburbs/food-delivery/nazs-halal-food-456-william-floyd-parkway/lgs3_O9AS7qMGp0a6DglMA,blue-point-new-york
https://www.ubereats.com/nyc-suburbs/food-delivery/carolina-kitchen/jNl6vP-GTu63d8i6ibRzhA,blue-point-new-york
https://www.ubereats.com/nyc-suburbs/food-delivery/the-bayside-clam-bar-and-grill/iCYNWqo2Qf2EqQx40CO5Vg,blue-point-new-york
https://www.ubereats.com/nyc-suburbs/food-delivery/pizza-corner-medford/aivWHotxQ4ik3mysuut6CA,blue-point-new-york
https://www.ubereats.com/nyc-suburbs/food-delivery/papa-johns-pizza-411-furrows-rd-ste-1/OkFq4S5pRgeya9AtrFArlQ,blue-point-new-york
https://www.ubereats.com/nyc-suburbs/food-delivery/dairy-queen-grill-%26-chill-2846-rt-112/0IJWSvWJSLqPB_j_TmaWqw,blue-point-new-york
https://www.ubereats.com/nyc-suburbs/food-delivery/dublin-deck/gYiR9hLQQ-usOxElCvFZNw,blue-point-new-york
https://www.ubereats.com/nyc-suburbs/food-delivery/royal-pizza/7YJQI1taTB2MDYv7Wi423w,blue-point-new-york
https://www.ubereats.com/nyc-suburbs/food-delivery/wayback-burger-490-mastic-rd/NGvI9fI6TfOs1qLHXMGCBw,blue-point-new-york
https://www.ubereats.com/nyc-suburbs/food-delivery/wendys-106-portion-road/GOm0CDUDSOiheU1swgADJg,blue-point-new-york
https://www.ubereats.com/nyc-suburbs/food-delivery/wendys-885-montauk-highway/XYKk9g0GRo2-iQJmEn1Ddw,blue-point-new-york
https://www.ubereats.com/nyc-suburbs/food-delivery/mama-bellas-pizzeria-%26-restaurant-route-112/vNjwtOkBQ5uRLXm9yRA6wg,blue-point-new-york
https://www.ubereats.com/nyc-suburbs/food-delivery/friendlys-210-montauk-hwy/aezHhIoFTOWU-Xl104HWeg,blue-point-new-york
https://www.ubereats.com/nyc-suburbs/food-delivery/taco-bell-2425-n-ocean-ave/-d-fbS5iTqODS-cp6RzMiQ,blue-point-new-york
https://www.ubereats.com/nyc-suburbs/food-delivery/hummus/vgmtqeDNQl62nmzTZaeZlQ,blue-point-new-york
https://www.ubereats.com/nyc-suburbs/food-delivery/hamza-%26-madina-halal-food-ronkonkoma/L0e5dMkdQvmjjI3mPu3bZg,blue-point-new-york
https://www.ubereats.com/nyc-suburbs/food-delivery/ihop-339-portion-rd/uCzJCmJGQouNQfG1zW6ydQ,blue-point-new-york
https://www.ubereats.com/nyc-suburbs/food-delivery/outback-steakhouse-325-main-street/j_6tQ_LzQIa55mj67zef_A,blue-point-new-york
https://www.ubereats.com/nyc-suburbs/food-delivery/burger-king-32-montauk-highway/b34nZ-_IQAOMfpJAvYPS3Q,blue-point-new-york
